station_id,timestamp_utc,seconds_from_origin,height_m
32401,2015-08-17T23:00:00+00:00,-2591672,4830.007
32401,2015-08-17T23:15:00+00:00,-2590772,4830.042
32401,2015-08-17T23:30:00+00:00,-2589872,4830.083
32401,2015-08-17T23:45:00+00:00,-2588972,4830.122
32401,2015-08-18T00:00:00+00:00,-2588072,4830.168
32401,2015-08-18T00:15:00+00:00,-2587172,4830.213
32401,2015-08-18T00:30:00+00:00,-2586272,4830.262
32401,2015-08-18T00:45:00+00:00,-2585372,4830.303
32401,2015-08-18T01:00:00+00:00,-2584472,4830.350
32401,2015-08-18T01:15:00+00:00,-2583572,4830.392
32401,2015-08-18T01:30:00+00:00,-2582672,4830.432
32401,2015-08-18T01:45:00+00:00,-2581772,4830.464
32401,2015-08-18T02:00:00+00:00,-2580872,4830.498
32401,2015-08-18T02:15:00+00:00,-2579972,4830.523
32401,2015-08-18T02:30:00+00:00,-2579072,4830.548
32401,2015-08-18T02:45:00+00:00,-2578172,4830.566
32401,2015-08-18T03:00:00+00:00,-2577272,4830.576
32401,2015-08-18T03:15:00+00:00,-2576372,4830.578
32401,2015-08-18T03:30:00+00:00,-2575472,4830.580
32401,2015-08-18T03:45:00+00:00,-2574572,4830.573
32401,2015-08-18T04:00:00+00:00,-2573672,4830.563
32401,2015-08-18T04:15:00+00:00,-2572772,4830.547
32401,2015-08-18T04:30:00+00:00,-2571872,4830.525
32401,2015-08-18T04:45:00+00:00,-2570972,4830.499
32401,2015-08-18T05:00:00+00:00,-2570072,4830.470
32401,2015-08-18T05:15:00+00:00,-2569172,4830.437
32401,2015-08-18T05:30:00+00:00,-2568272,4830.400
32401,2015-08-18T05:45:00+00:00,-2567372,4830.360
32401,2015-08-18T06:00:00+00:00,-2566472,4830.317
32401,2015-08-18T06:15:00+00:00,-2565572,4830.276
32401,2015-08-18T06:30:00+00:00,-2564672,4830.237
32401,2015-08-18T06:45:00+00:00,-2563772,4830.198
32401,2015-08-18T07:00:00+00:00,-2562872,4830.161
32401,2015-08-18T07:15:00+00:00,-2561972,4830.127
32401,2015-08-18T07:30:00+00:00,-2561072,4830.097
32401,2015-08-18T07:45:00+00:00,-2560172,4830.067
32401,2015-08-18T08:00:00+00:00,-2559272,4830.043
32401,2015-08-18T08:15:00+00:00,-2558372,4830.027
32401,2015-08-18T08:30:00+00:00,-2557472,4830.014
32401,2015-08-18T08:45:00+00:00,-2556572,4830.004
32401,2015-08-18T09:00:00+00:00,-2555672,4830.002
32401,2015-08-18T09:15:00+00:00,-2554772,4830.004
32401,2015-08-18T09:30:00+00:00,-2553872,4830.013
32401,2015-08-18T09:45:00+00:00,-2552972,4830.028
32401,2015-08-18T10:00:00+00:00,-2552072,4830.046
32401,2015-08-18T10:15:00+00:00,-2551172,4830.067
32401,2015-08-18T10:30:00+00:00,-2550272,4830.091
32401,2015-08-18T10:45:00+00:00,-2549372,4830.125
32401,2015-08-18T11:00:00+00:00,-2548472,4830.162
32401,2015-08-18T11:15:00+00:00,-2547572,4830.202
32401,2015-08-18T11:30:00+00:00,-2546672,4830.243
32401,2015-08-18T11:45:00+00:00,-2545772,4830.283
32401,2015-08-18T12:00:00+00:00,-2544872,4830.328
32401,2015-08-18T12:15:00+00:00,-2543972,4830.374
32401,2015-08-18T12:30:00+00:00,-2543072,4830.420
32401,2015-08-18T12:45:00+00:00,-2542172,4830.464
32401,2015-08-18T13:00:00+00:00,-2541272,4830.505
32401,2015-08-18T13:15:00+00:00,-2540372,4830.549
32401,2015-08-18T13:30:00+00:00,-2539472,4830.586
32401,2015-08-18T13:45:00+00:00,-2538572,4830.624
32401,2015-08-18T14:00:00+00:00,-2537672,4830.655
32401,2015-08-18T14:15:00+00:00,-2536772,4830.681
32401,2015-08-18T14:30:00+00:00,-2535872,4830.702
32401,2015-08-18T14:45:00+00:00,-2534972,4830.717
32401,2015-08-18T15:00:00+00:00,-2534072,4830.726
32401,2015-08-18T15:15:00+00:00,-2533172,4830.730
32401,2015-08-18T15:30:00+00:00,-2532272,4830.726
32401,2015-08-18T15:45:00+00:00,-2531372,4830.719
32401,2015-08-18T16:00:00+00:00,-2530472,4830.706
32401,2015-08-18T16:15:00+00:00,-2529572,4830.686
32401,2015-08-18T16:30:00+00:00,-2528672,4830.662
32401,2015-08-18T16:45:00+00:00,-2527772,4830.632
32401,2015-08-18T17:00:00+00:00,-2526872,4830.600
32401,2015-08-18T17:15:00+00:00,-2525972,4830.565
32401,2015-08-18T17:30:00+00:00,-2525072,4830.523
32401,2015-08-18T17:45:00+00:00,-2524172,4830.478
32401,2015-08-18T18:00:00+00:00,-2523272,4830.434
32401,2015-08-18T18:15:00+00:00,-2522372,4830.390
32401,2015-08-18T18:30:00+00:00,-2521472,4830.343
32401,2015-08-18T18:45:00+00:00,-2520572,4830.292
32401,2015-08-18T19:00:00+00:00,-2519672,4830.241
32401,2015-08-18T19:15:00+00:00,-2518772,4830.194
32401,2015-08-18T19:30:00+00:00,-2517872,4830.150
32401,2015-08-18T19:45:00+00:00,-2516972,4830.107
32401,2015-08-18T20:00:00+00:00,-2516072,4830.067
32401,2015-08-18T20:15:00+00:00,-2515172,4830.032
32401,2015-08-18T20:30:00+00:00,-2514272,4830.001
32401,2015-08-18T20:45:00+00:00,-2513372,4829.977
32401,2015-08-18T21:00:00+00:00,-2512472,4829.959
32401,2015-08-18T21:15:00+00:00,-2511572,4829.941
32401,2015-08-18T21:30:00+00:00,-2510672,4829.928
32401,2015-08-18T21:45:00+00:00,-2509772,4829.926
32401,2015-08-18T22:00:00+00:00,-2508872,4829.928
32401,2015-08-18T22:15:00+00:00,-2507972,4829.930
32401,2015-08-18T22:30:00+00:00,-2507072,4829.935
32401,2015-08-18T22:45:00+00:00,-2506172,4829.949
32401,2015-08-18T23:00:00+00:00,-2505272,4829.967
32401,2015-08-18T23:15:00+00:00,-2504372,4829.991
32401,2015-08-18T23:30:00+00:00,-2503472,4830.017
32401,2015-08-18T23:45:00+00:00,-2502572,4830.049
32401,2015-08-19T00:00:00+00:00,-2501672,4830.081
32401,2015-08-19T00:15:00+00:00,-2500772,4830.120
32401,2015-08-19T00:30:00+00:00,-2499872,4830.157
32401,2015-08-19T00:45:00+00:00,-2498972,4830.199
32401,2015-08-19T01:00:00+00:00,-2498072,4830.242
32401,2015-08-19T01:15:00+00:00,-2497172,4830.283
32401,2015-08-19T01:30:00+00:00,-2496272,4830.321
32401,2015-08-19T01:45:00+00:00,-2495372,4830.360
32401,2015-08-19T02:00:00+00:00,-2494472,4830.397
32401,2015-08-19T02:15:00+00:00,-2493572,4830.432
32401,2015-08-19T02:30:00+00:00,-2492672,4830.462
32401,2015-08-19T02:45:00+00:00,-2491772,4830.491
32401,2015-08-19T03:00:00+00:00,-2490872,4830.515
32401,2015-08-19T03:15:00+00:00,-2489972,4830.530
32401,2015-08-19T03:30:00+00:00,-2489072,4830.542
32401,2015-08-19T03:45:00+00:00,-2488172,4830.549
32401,2015-08-19T04:00:00+00:00,-2487272,4830.548
32401,2015-08-19T04:15:00+00:00,-2486372,4830.544
32401,2015-08-19T04:30:00+00:00,-2485472,4830.537
32401,2015-08-19T04:45:00+00:00,-2484572,4830.520
32401,2015-08-19T05:00:00+00:00,-2483672,4830.504
32401,2015-08-19T05:15:00+00:00,-2482772,4830.481
32401,2015-08-19T05:30:00+00:00,-2481872,4830.454
32401,2015-08-19T05:45:00+00:00,-2480972,4830.422
32401,2015-08-19T06:00:00+00:00,-2480072,4830.389
32401,2015-08-19T06:15:00+00:00,-2479172,4830.355
32401,2015-08-19T06:30:00+00:00,-2478272,4830.323
32401,2015-08-19T06:45:00+00:00,-2477372,4830.287
32401,2015-08-19T07:00:00+00:00,-2476472,4830.249
32401,2015-08-19T07:15:00+00:00,-2475572,4830.210
32401,2015-08-19T07:30:00+00:00,-2474672,4830.182
32401,2015-08-19T07:45:00+00:00,-2473772,4830.151
32401,2015-08-19T08:00:00+00:00,-2472872,4830.121
32401,2015-08-19T08:15:00+00:00,-2471972,4830.096
32401,2015-08-19T08:30:00+00:00,-2471072,4830.068
32401,2015-08-19T08:45:00+00:00,-2470172,4830.054
32401,2015-08-19T09:00:00+00:00,-2469272,4830.041
32401,2015-08-19T09:15:00+00:00,-2468372,4830.028
32401,2015-08-19T09:30:00+00:00,-2467472,4830.023
32401,2015-08-19T09:45:00+00:00,-2466572,4830.023
32401,2015-08-19T10:00:00+00:00,-2465672,4830.029
32401,2015-08-19T10:15:00+00:00,-2464772,4830.036
32401,2015-08-19T10:30:00+00:00,-2463872,4830.050
32401,2015-08-19T10:45:00+00:00,-2462972,4830.069
32401,2015-08-19T11:00:00+00:00,-2462072,4830.087
32401,2015-08-19T11:15:00+00:00,-2461172,4830.111
32401,2015-08-19T11:30:00+00:00,-2460272,4830.142
32401,2015-08-19T11:45:00+00:00,-2459372,4830.173
32401,2015-08-19T12:00:00+00:00,-2458472,4830.207
32401,2015-08-19T12:15:00+00:00,-2457572,4830.248
32401,2015-08-19T12:30:00+00:00,-2456672,4830.290
32401,2015-08-19T12:45:00+00:00,-2455772,4830.328
32401,2015-08-19T13:00:00+00:00,-2454872,4830.367
32401,2015-08-19T13:15:00+00:00,-2453972,4830.404
32401,2015-08-19T13:30:00+00:00,-2453072,4830.437
32401,2015-08-19T13:45:00+00:00,-2452172,4830.473
32401,2015-08-19T14:00:00+00:00,-2451272,4830.504
32401,2015-08-19T14:15:00+00:00,-2450372,4830.534
32401,2015-08-19T14:30:00+00:00,-2449472,4830.557
32401,2015-08-19T14:45:00+00:00,-2448572,4830.584
32401,2015-08-19T15:00:00+00:00,-2447672,4830.600
32401,2015-08-19T15:15:00+00:00,-2446772,4830.613
32401,2015-08-19T15:30:00+00:00,-2445872,4830.620
32401,2015-08-19T15:45:00+00:00,-2444972,4830.625
32401,2015-08-19T16:00:00+00:00,-2444072,4830.625
32401,2015-08-19T16:15:00+00:00,-2443172,4830.619
32401,2015-08-19T16:30:00+00:00,-2442272,4830.606
32401,2015-08-19T16:45:00+00:00,-2441372,4830.587
32401,2015-08-19T17:00:00+00:00,-2440472,4830.570
32401,2015-08-19T17:15:00+00:00,-2439572,4830.540
32401,2015-08-19T17:30:00+00:00,-2438672,4830.515
32401,2015-08-19T17:45:00+00:00,-2437772,4830.484
32401,2015-08-19T18:00:00+00:00,-2436872,4830.452
32401,2015-08-19T18:15:00+00:00,-2435972,4830.416
32401,2015-08-19T18:30:00+00:00,-2435072,4830.378
32401,2015-08-19T18:45:00+00:00,-2434172,4830.339
32401,2015-08-19T19:00:00+00:00,-2433272,4830.296
32401,2015-08-19T19:15:00+00:00,-2432372,4830.257
32401,2015-08-19T19:30:00+00:00,-2431472,4830.214
32401,2015-08-19T19:45:00+00:00,-2430572,4830.171
32401,2015-08-19T20:00:00+00:00,-2429672,4830.138
32401,2015-08-19T20:15:00+00:00,-2428772,4830.104
32401,2015-08-19T20:30:00+00:00,-2427872,4830.069
32401,2015-08-19T20:45:00+00:00,-2426972,4830.040
32401,2015-08-19T21:00:00+00:00,-2426072,4830.019
32401,2015-08-19T21:15:00+00:00,-2425172,4829.994
32401,2015-08-19T21:30:00+00:00,-2424272,4829.977
32401,2015-08-19T21:45:00+00:00,-2423372,4829.963
32401,2015-08-19T22:00:00+00:00,-2422472,4829.953
32401,2015-08-19T22:15:00+00:00,-2421572,4829.950
32401,2015-08-19T22:30:00+00:00,-2420672,4829.950
32401,2015-08-19T22:45:00+00:00,-2419772,4829.952
32401,2015-08-19T23:00:00+00:00,-2418872,4829.964
32401,2015-08-19T23:15:00+00:00,-2417972,4829.976
32401,2015-08-19T23:30:00+00:00,-2417072,4829.996
32401,2015-08-19T23:45:00+00:00,-2416172,4830.015
32401,2015-08-20T00:00:00+00:00,-2415272,4830.044
32401,2015-08-20T00:15:00+00:00,-2414372,4830.073
32401,2015-08-20T00:30:00+00:00,-2413472,4830.107
32401,2015-08-20T00:45:00+00:00,-2412572,4830.139
32401,2015-08-20T01:00:00+00:00,-2411672,4830.178
32401,2015-08-20T01:15:00+00:00,-2410772,4830.218
32401,2015-08-20T01:30:00+00:00,-2409872,4830.255
32401,2015-08-20T01:45:00+00:00,-2408972,4830.295
32401,2015-08-20T02:00:00+00:00,-2408072,4830.333
32401,2015-08-20T02:15:00+00:00,-2407172,4830.371
32401,2015-08-20T02:30:00+00:00,-2406272,4830.403
32401,2015-08-20T02:45:00+00:00,-2405372,4830.436
32401,2015-08-20T03:00:00+00:00,-2404472,4830.460
32401,2015-08-20T03:15:00+00:00,-2403572,4830.490
32401,2015-08-20T03:30:00+00:00,-2402672,4830.514
32401,2015-08-20T03:45:00+00:00,-2401772,4830.526
32401,2015-08-20T04:00:00+00:00,-2400872,4830.538
32401,2015-08-20T04:15:00+00:00,-2399972,4830.545
32401,2015-08-20T04:30:00+00:00,-2399072,4830.550
32401,2015-08-20T04:45:00+00:00,-2398172,4830.550
32401,2015-08-20T05:00:00+00:00,-2397272,4830.544
32401,2015-08-20T05:15:00+00:00,-2396372,4830.535
32401,2015-08-20T05:30:00+00:00,-2395472,4830.523
32401,2015-08-20T05:45:00+00:00,-2394572,4830.504
32401,2015-08-20T06:00:00+00:00,-2393672,4830.485
32401,2015-08-20T06:15:00+00:00,-2392772,4830.460
32401,2015-08-20T06:30:00+00:00,-2391872,4830.434
32401,2015-08-20T06:45:00+00:00,-2390972,4830.404
32401,2015-08-20T07:00:00+00:00,-2390072,4830.375
32401,2015-08-20T07:15:00+00:00,-2389172,4830.343
32401,2015-08-20T07:30:00+00:00,-2388272,4830.310
32401,2015-08-20T07:45:00+00:00,-2387372,4830.281
32401,2015-08-20T08:00:00+00:00,-2386472,4830.247
32401,2015-08-20T08:15:00+00:00,-2385572,4830.219
32401,2015-08-20T08:30:00+00:00,-2384672,4830.191
32401,2015-08-20T08:45:00+00:00,-2383772,4830.162
32401,2015-08-20T09:00:00+00:00,-2382872,4830.142
32401,2015-08-20T09:15:00+00:00,-2381972,4830.125
32401,2015-08-20T09:30:00+00:00,-2381072,4830.111
32401,2015-08-20T09:45:00+00:00,-2380172,4830.104
32401,2015-08-20T10:00:00+00:00,-2379272,4830.099
32401,2015-08-20T10:15:00+00:00,-2378372,4830.097
32401,2015-08-20T10:30:00+00:00,-2377472,4830.101
32401,2015-08-20T10:45:00+00:00,-2376572,4830.106
32401,2015-08-20T11:00:00+00:00,-2375672,4830.116
32401,2015-08-20T11:15:00+00:00,-2374772,4830.128
32401,2015-08-20T11:30:00+00:00,-2373872,4830.141
32401,2015-08-20T11:45:00+00:00,-2372972,4830.162
32401,2015-08-20T12:00:00+00:00,-2372072,4830.182
32401,2015-08-20T12:15:00+00:00,-2371172,4830.208
32401,2015-08-20T12:30:00+00:00,-2370272,4830.240
32401,2015-08-20T12:45:00+00:00,-2369372,4830.269
32401,2015-08-20T13:00:00+00:00,-2368472,4830.300
32401,2015-08-20T13:15:00+00:00,-2367572,4830.331
32401,2015-08-20T13:30:00+00:00,-2366672,4830.361
32401,2015-08-20T13:45:00+00:00,-2365772,4830.394
32401,2015-08-20T14:00:00+00:00,-2364872,4830.422
32401,2015-08-20T14:15:00+00:00,-2363972,4830.451
32401,2015-08-20T14:30:00+00:00,-2363072,4830.478
32401,2015-08-20T14:45:00+00:00,-2362172,4830.500
32401,2015-08-20T15:00:00+00:00,-2361272,4830.521
32401,2015-08-20T15:15:00+00:00,-2360372,4830.538
32401,2015-08-20T15:30:00+00:00,-2359472,4830.548
32401,2015-08-20T15:45:00+00:00,-2358572,4830.558
32401,2015-08-20T16:00:00+00:00,-2357672,4830.563
32401,2015-08-20T16:15:00+00:00,-2356772,4830.566
32401,2015-08-20T16:30:00+00:00,-2355872,4830.563
32401,2015-08-20T16:45:00+00:00,-2354972,4830.554
32401,2015-08-20T17:00:00+00:00,-2354072,4830.542
32401,2015-08-20T17:15:00+00:00,-2353172,4830.526
32401,2015-08-20T17:30:00+00:00,-2352272,4830.506
32401,2015-08-20T17:45:00+00:00,-2351372,4830.483
32401,2015-08-20T18:00:00+00:00,-2350472,4830.461
32401,2015-08-20T18:15:00+00:00,-2349572,4830.435
32401,2015-08-20T18:30:00+00:00,-2348672,4830.408
32401,2015-08-20T18:45:00+00:00,-2347772,4830.380
32401,2015-08-20T19:00:00+00:00,-2346872,4830.346
32401,2015-08-20T19:15:00+00:00,-2345972,4830.310
32401,2015-08-20T19:30:00+00:00,-2345072,4830.272
32401,2015-08-20T19:45:00+00:00,-2344172,4830.236
32401,2015-08-20T20:00:00+00:00,-2343272,4830.201
32401,2015-08-20T20:15:00+00:00,-2342372,4830.164
32401,2015-08-20T20:30:00+00:00,-2341472,4830.136
32401,2015-08-20T20:45:00+00:00,-2340572,4830.104
32401,2015-08-20T21:00:00+00:00,-2339672,4830.075
32401,2015-08-20T21:15:00+00:00,-2338772,4830.055
32401,2015-08-20T21:30:00+00:00,-2337872,4830.029
32401,2015-08-20T21:45:00+00:00,-2336972,4830.013
32401,2015-08-20T22:00:00+00:00,-2336072,4829.999
32401,2015-08-20T22:15:00+00:00,-2335172,4829.989
32401,2015-08-20T22:30:00+00:00,-2334272,4829.979
32401,2015-08-20T22:45:00+00:00,-2333372,4829.977
32401,2015-08-20T23:00:00+00:00,-2332472,4829.978
32401,2015-08-20T23:15:00+00:00,-2331572,4829.985
32401,2015-08-20T23:30:00+00:00,-2330672,4829.991
32401,2015-08-20T23:45:00+00:00,-2329772,4830.004
32401,2015-08-21T00:00:00+00:00,-2328872,4830.019
32401,2015-08-21T00:15:00+00:00,-2327972,4830.041
32401,2015-08-21T00:30:00+00:00,-2327072,4830.063
32401,2015-08-21T00:45:00+00:00,-2326172,4830.089
32401,2015-08-21T01:00:00+00:00,-2325272,4830.120
32401,2015-08-21T01:15:00+00:00,-2324372,4830.152
32401,2015-08-21T01:30:00+00:00,-2323472,4830.187
32401,2015-08-21T01:45:00+00:00,-2322572,4830.220
32401,2015-08-21T02:00:00+00:00,-2321672,4830.256
32401,2015-08-21T02:15:00+00:00,-2320772,4830.290
32401,2015-08-21T02:30:00+00:00,-2319872,4830.329
32401,2015-08-21T02:45:00+00:00,-2318972,4830.363
32401,2015-08-21T03:00:00+00:00,-2318072,4830.397
32401,2015-08-21T03:15:00+00:00,-2317172,4830.428
32401,2015-08-21T03:30:00+00:00,-2316272,4830.456
32401,2015-08-21T03:45:00+00:00,-2315372,4830.481
32401,2015-08-21T04:00:00+00:00,-2314472,4830.502
32401,2015-08-21T04:15:00+00:00,-2313572,4830.520
32401,2015-08-21T04:30:00+00:00,-2312672,4830.535
32401,2015-08-21T04:45:00+00:00,-2311772,4830.547
32401,2015-08-21T05:00:00+00:00,-2310872,4830.551
32401,2015-08-21T05:15:00+00:00,-2309972,4830.554
32401,2015-08-21T05:30:00+00:00,-2309072,4830.552
32401,2015-08-21T05:45:00+00:00,-2308172,4830.546
32401,2015-08-21T06:00:00+00:00,-2307272,4830.536
32401,2015-08-21T11:15:00+00:00,-2288372,4830.143
32401,2015-08-21T11:30:00+00:00,-2287472,4830.145
32401,2015-08-21T11:45:00+00:00,-2286572,4830.153
32401,2015-08-21T12:00:00+00:00,-2285672,4830.162
32401,2015-08-21T14:15:00+00:00,-2277572,4830.352
32401,2015-08-21T14:30:00+00:00,-2276672,4830.374
32401,2015-08-21T14:45:00+00:00,-2275772,4830.396
32401,2015-08-21T15:00:00+00:00,-2274872,4830.413
32401,2015-08-21T15:15:00+00:00,-2273972,4830.433
32401,2015-08-21T15:30:00+00:00,-2273072,4830.445
32401,2015-08-21T15:45:00+00:00,-2272172,4830.458
32401,2015-08-21T16:00:00+00:00,-2271272,4830.472
32401,2015-08-21T16:15:00+00:00,-2270372,4830.478
32401,2015-08-21T16:30:00+00:00,-2269472,4830.481
32401,2015-08-21T16:45:00+00:00,-2268572,4830.485
32401,2015-08-21T17:00:00+00:00,-2267672,4830.485
32401,2015-08-21T17:15:00+00:00,-2266772,4830.482
32401,2015-08-21T17:30:00+00:00,-2265872,4830.475
32401,2015-08-21T17:45:00+00:00,-2264972,4830.463
32401,2015-08-21T18:00:00+00:00,-2264072,4830.449
32401,2015-08-21T18:15:00+00:00,-2263172,4830.432
32401,2015-08-21T18:30:00+00:00,-2262272,4830.413
32401,2015-08-21T18:45:00+00:00,-2261372,4830.391
32401,2015-08-21T19:00:00+00:00,-2260472,4830.368
32401,2015-08-21T19:15:00+00:00,-2259572,4830.345
32401,2015-08-21T19:30:00+00:00,-2258672,4830.318
32401,2015-08-21T19:45:00+00:00,-2257772,4830.291
32401,2015-08-21T20:00:00+00:00,-2256872,4830.264
32401,2015-08-21T20:15:00+00:00,-2255972,4830.236
32401,2015-08-21T20:30:00+00:00,-2255072,4830.208
32401,2015-08-21T20:45:00+00:00,-2254172,4830.180
32401,2015-08-21T21:00:00+00:00,-2253272,4830.153
32401,2015-08-21T21:15:00+00:00,-2252372,4830.129
32401,2015-08-21T21:30:00+00:00,-2251472,4830.108
32401,2015-08-21T21:45:00+00:00,-2250572,4830.085
32401,2015-08-21T22:00:00+00:00,-2249672,4830.065
32401,2015-08-21T22:15:00+00:00,-2248772,4830.050
32401,2015-08-21T22:30:00+00:00,-2247872,4830.037
32401,2015-08-21T22:45:00+00:00,-2246972,4830.027
32401,2015-08-21T23:00:00+00:00,-2246072,4830.018
32401,2015-08-21T23:15:00+00:00,-2245172,4830.015
32401,2015-08-21T23:30:00+00:00,-2244272,4830.016
32401,2015-08-21T23:45:00+00:00,-2243372,4830.022
32401,2015-08-22T00:00:00+00:00,-2242472,4830.029
32401,2015-08-22T00:15:00+00:00,-2241572,4830.038
32401,2015-08-22T00:30:00+00:00,-2240672,4830.050
32401,2015-08-22T00:45:00+00:00,-2239772,4830.069
32401,2015-08-22T01:00:00+00:00,-2238872,4830.089
32401,2015-08-22T01:15:00+00:00,-2237972,4830.112
32401,2015-08-22T01:30:00+00:00,-2237072,4830.136
32401,2015-08-22T01:45:00+00:00,-2236172,4830.162
32401,2015-08-22T02:00:00+00:00,-2235272,4830.191
32401,2015-08-22T02:15:00+00:00,-2234372,4830.220
32401,2015-08-22T02:30:00+00:00,-2233472,4830.246
32401,2015-08-22T02:45:00+00:00,-2232572,4830.279
32401,2015-08-22T03:00:00+00:00,-2231672,4830.308
32401,2015-08-22T03:15:00+00:00,-2230772,4830.340
32401,2015-08-22T03:30:00+00:00,-2229872,4830.372
32401,2015-08-22T03:45:00+00:00,-2228972,4830.399
32401,2015-08-22T04:00:00+00:00,-2228072,4830.430
32401,2015-08-22T04:15:00+00:00,-2227172,4830.457
32401,2015-08-22T04:30:00+00:00,-2226272,4830.480
32401,2015-08-22T04:45:00+00:00,-2225372,4830.502
32401,2015-08-22T05:00:00+00:00,-2224472,4830.520
32401,2015-08-22T05:15:00+00:00,-2223572,4830.534
32401,2015-08-22T05:30:00+00:00,-2222672,4830.543
32401,2015-08-22T05:45:00+00:00,-2221772,4830.551
32401,2015-08-22T06:00:00+00:00,-2220872,4830.553
32401,2015-08-22T06:15:00+00:00,-2219972,4830.552
32401,2015-08-22T06:30:00+00:00,-2219072,4830.545
32401,2015-08-22T06:45:00+00:00,-2218172,4830.538
32401,2015-08-22T07:00:00+00:00,-2217272,4830.526
32401,2015-08-22T07:15:00+00:00,-2216372,4830.515
32401,2015-08-22T07:30:00+00:00,-2215472,4830.500
32401,2015-08-22T07:45:00+00:00,-2214572,4830.481
32401,2015-08-22T08:00:00+00:00,-2213672,4830.461
32401,2015-08-22T08:15:00+00:00,-2212772,4830.439
32401,2015-08-22T08:30:00+00:00,-2211872,4830.421
32401,2015-08-22T08:45:00+00:00,-2210972,4830.401
32401,2015-08-22T09:00:00+00:00,-2210072,4830.377
32401,2015-08-22T09:15:00+00:00,-2209172,4830.355
32401,2015-08-22T09:30:00+00:00,-2208272,4830.334
32401,2015-08-22T09:45:00+00:00,-2207372,4830.313
32401,2015-08-22T10:00:00+00:00,-2206472,4830.291
32401,2015-08-22T10:15:00+00:00,-2205572,4830.273
32401,2015-08-22T10:30:00+00:00,-2204672,4830.256
32401,2015-08-22T10:45:00+00:00,-2203772,4830.241
32401,2015-08-22T11:00:00+00:00,-2202872,4830.228
32401,2015-08-22T11:15:00+00:00,-2201972,4830.218
32401,2015-08-22T11:30:00+00:00,-2201072,4830.212
32401,2015-08-22T11:45:00+00:00,-2200172,4830.207
32401,2015-08-22T12:00:00+00:00,-2199272,4830.205
32401,2015-08-22T12:15:00+00:00,-2198372,4830.205
32401,2015-08-22T12:30:00+00:00,-2197472,4830.209
32401,2015-08-22T12:45:00+00:00,-2196572,4830.213
32401,2015-08-22T13:00:00+00:00,-2195672,4830.218
32401,2015-08-22T13:15:00+00:00,-2194772,4830.227
32401,2015-08-22T13:30:00+00:00,-2193872,4830.234
32401,2015-08-22T13:45:00+00:00,-2192972,4830.246
32401,2015-08-22T14:00:00+00:00,-2192072,4830.262
32401,2015-08-22T14:15:00+00:00,-2191172,4830.274
32401,2015-08-22T14:30:00+00:00,-2190272,4830.292
32401,2015-08-22T14:45:00+00:00,-2189372,4830.306
32401,2015-08-22T15:00:00+00:00,-2188472,4830.322
32401,2015-08-22T15:15:00+00:00,-2187572,4830.339
32401,2015-08-22T15:30:00+00:00,-2186672,4830.354
32401,2015-08-22T15:45:00+00:00,-2185772,4830.369
32401,2015-08-22T16:00:00+00:00,-2184872,4830.378
32401,2015-08-22T16:15:00+00:00,-2183972,4830.388
32401,2015-08-22T16:30:00+00:00,-2183072,4830.400
32401,2015-08-22T16:45:00+00:00,-2182172,4830.404
32401,2015-08-22T17:00:00+00:00,-2181272,4830.407
32401,2015-08-22T17:15:00+00:00,-2180372,4830.410
32401,2015-08-22T17:30:00+00:00,-2179472,4830.412
32401,2015-08-22T17:45:00+00:00,-2178572,4830.409
32401,2015-08-22T18:00:00+00:00,-2177672,4830.407
32401,2015-08-22T18:15:00+00:00,-2176772,4830.399
32401,2015-08-22T18:30:00+00:00,-2175872,4830.391
32401,2015-08-22T18:45:00+00:00,-2174972,4830.381
32401,2015-08-22T19:00:00+00:00,-2174072,4830.366
32401,2015-08-22T19:15:00+00:00,-2173172,4830.351
32401,2015-08-22T19:30:00+00:00,-2172272,4830.335
32401,2015-08-22T19:45:00+00:00,-2171372,4830.315
32401,2015-08-22T20:00:00+00:00,-2170472,4830.298
32401,2015-08-22T20:15:00+00:00,-2169572,4830.277
32401,2015-08-22T20:30:00+00:00,-2168672,4830.257
32401,2015-08-22T20:45:00+00:00,-2167772,4830.235
32401,2015-08-22T21:00:00+00:00,-2166872,4830.213
32401,2015-08-22T21:15:00+00:00,-2165972,4830.191
32401,2015-08-22T21:30:00+00:00,-2165072,4830.169
32401,2015-08-22T21:45:00+00:00,-2164172,4830.147
32401,2015-08-22T22:00:00+00:00,-2163272,4830.129
32401,2015-08-22T22:15:00+00:00,-2162372,4830.106
32401,2015-08-22T22:30:00+00:00,-2161472,4830.091
32401,2015-08-22T22:45:00+00:00,-2160572,4830.078
32401,2015-08-22T23:00:00+00:00,-2159672,4830.066
32401,2015-08-22T23:15:00+00:00,-2158772,4830.057
32401,2015-08-22T23:30:00+00:00,-2157872,4830.053
32401,2015-08-22T23:45:00+00:00,-2156972,4830.051
32401,2015-08-23T00:00:00+00:00,-2156072,4830.048
32401,2015-08-23T00:15:00+00:00,-2155172,4830.045
32401,2015-08-23T00:30:00+00:00,-2154272,4830.047
32401,2015-08-23T00:45:00+00:00,-2153372,4830.054
32401,2015-08-23T01:00:00+00:00,-2152472,4830.062
32401,2015-08-23T01:15:00+00:00,-2151572,4830.072
32401,2015-08-23T01:30:00+00:00,-2150672,4830.084
32401,2015-08-23T01:45:00+00:00,-2149772,4830.103
32401,2015-08-23T02:00:00+00:00,-2148872,4830.121
32401,2015-08-23T02:15:00+00:00,-2147972,4830.140
32401,2015-08-23T02:30:00+00:00,-2147072,4830.164
32401,2015-08-23T02:45:00+00:00,-2146172,4830.189
32401,2015-08-23T03:00:00+00:00,-2145272,4830.215
32401,2015-08-23T03:15:00+00:00,-2144372,4830.243
32401,2015-08-23T03:30:00+00:00,-2143472,4830.273
32401,2015-08-23T03:45:00+00:00,-2142572,4830.303
32401,2015-08-23T04:00:00+00:00,-2141672,4830.333
32401,2015-08-23T04:15:00+00:00,-2140772,4830.363
32401,2015-08-23T04:30:00+00:00,-2139872,4830.389
32401,2015-08-23T04:45:00+00:00,-2138972,4830.416
32401,2015-08-23T05:00:00+00:00,-2138072,4830.439
32401,2015-08-23T05:15:00+00:00,-2137172,4830.461
32401,2015-08-23T05:30:00+00:00,-2136272,4830.481
32401,2015-08-23T05:45:00+00:00,-2135372,4830.496
32401,2015-08-23T06:00:00+00:00,-2134472,4830.512
32401,2015-08-23T06:15:00+00:00,-2133572,4830.524
32401,2015-08-23T06:30:00+00:00,-2132672,4830.532
32401,2015-08-23T06:45:00+00:00,-2131772,4830.540
32401,2015-08-23T07:00:00+00:00,-2130872,4830.543
32401,2015-08-23T07:15:00+00:00,-2129972,4830.545
32401,2015-08-23T07:30:00+00:00,-2129072,4830.545
32401,2015-08-23T07:45:00+00:00,-2128172,4830.541
32401,2015-08-23T08:00:00+00:00,-2127272,4830.531
32401,2015-08-23T08:15:00+00:00,-2126372,4830.519
32401,2015-08-23T08:30:00+00:00,-2125472,4830.508
32401,2015-08-23T08:45:00+00:00,-2124572,4830.493
32401,2015-08-23T09:00:00+00:00,-2123672,4830.472
32401,2015-08-23T09:15:00+00:00,-2122772,4830.451
32401,2015-08-23T09:30:00+00:00,-2121872,4830.431
32401,2015-08-23T09:45:00+00:00,-2120972,4830.411
32401,2015-08-23T10:00:00+00:00,-2120072,4830.387
32401,2015-08-23T10:15:00+00:00,-2119172,4830.368
32401,2015-08-23T10:30:00+00:00,-2118272,4830.348
32401,2015-08-23T10:45:00+00:00,-2117372,4830.329
32401,2015-08-23T11:00:00+00:00,-2116472,4830.312
32401,2015-08-23T11:15:00+00:00,-2115572,4830.295
32401,2015-08-23T11:30:00+00:00,-2114672,4830.278
32401,2015-08-23T11:45:00+00:00,-2113772,4830.263
32401,2015-08-23T12:00:00+00:00,-2112872,4830.249
32401,2015-08-23T12:15:00+00:00,-2111972,4830.236
32401,2015-08-23T12:30:00+00:00,-2111072,4830.227
32401,2015-08-23T12:45:00+00:00,-2110172,4830.218
32401,2015-08-23T13:00:00+00:00,-2109272,4830.211
32401,2015-08-23T13:15:00+00:00,-2108372,4830.207
32401,2015-08-23T13:30:00+00:00,-2107472,4830.204
32401,2015-08-23T13:45:00+00:00,-2106572,4830.202
32401,2015-08-23T14:00:00+00:00,-2105672,4830.205
32401,2015-08-23T14:15:00+00:00,-2104772,4830.210
32401,2015-08-23T14:30:00+00:00,-2103872,4830.214
32401,2015-08-23T14:45:00+00:00,-2102972,4830.222
32401,2015-08-23T15:00:00+00:00,-2102072,4830.233
32401,2015-08-23T15:15:00+00:00,-2101172,4830.241
32401,2015-08-23T15:30:00+00:00,-2100272,4830.249
32401,2015-08-23T15:45:00+00:00,-2099372,4830.257
32401,2015-08-23T16:00:00+00:00,-2098472,4830.267
32401,2015-08-23T16:15:00+00:00,-2097572,4830.276
32401,2015-08-23T16:30:00+00:00,-2096672,4830.286
32401,2015-08-23T16:45:00+00:00,-2095772,4830.297
32401,2015-08-23T17:00:00+00:00,-2094872,4830.303
32401,2015-08-23T17:15:00+00:00,-2093972,4830.313
32401,2015-08-23T17:30:00+00:00,-2093072,4830.319
32401,2015-08-23T17:45:00+00:00,-2092172,4830.327
32401,2015-08-23T18:00:00+00:00,-2091272,4830.332
32401,2015-08-23T18:15:00+00:00,-2090372,4830.338
32401,2015-08-23T18:30:00+00:00,-2089472,4830.338
32401,2015-08-23T18:45:00+00:00,-2088572,4830.339
32401,2015-08-23T19:00:00+00:00,-2087672,4830.339
32401,2015-08-23T19:15:00+00:00,-2086772,4830.334
32401,2015-08-23T19:30:00+00:00,-2085872,4830.329
32401,2015-08-23T19:45:00+00:00,-2084972,4830.323
32401,2015-08-23T20:00:00+00:00,-2084072,4830.314
32401,2015-08-23T20:15:00+00:00,-2083172,4830.307
32401,2015-08-23T20:30:00+00:00,-2082272,4830.295
32401,2015-08-23T20:45:00+00:00,-2081372,4830.284
32401,2015-08-23T21:00:00+00:00,-2080472,4830.271
32401,2015-08-23T21:15:00+00:00,-2079572,4830.255
32401,2015-08-23T21:30:00+00:00,-2078672,4830.240
32401,2015-08-23T21:45:00+00:00,-2077772,4830.224
32401,2015-08-23T22:00:00+00:00,-2076872,4830.209
32401,2015-08-23T22:15:00+00:00,-2075972,4830.191
32401,2015-08-23T22:30:00+00:00,-2075072,4830.176
32401,2015-08-23T22:45:00+00:00,-2074172,4830.159
32401,2015-08-23T23:00:00+00:00,-2073272,4830.146
32401,2015-08-23T23:15:00+00:00,-2072372,4830.130
32401,2015-08-23T23:30:00+00:00,-2071472,4830.119
32401,2015-08-23T23:45:00+00:00,-2070572,4830.106
32401,2015-08-24T00:00:00+00:00,-2069672,4830.097
32401,2015-08-24T00:15:00+00:00,-2068772,4830.089
32401,2015-08-24T00:30:00+00:00,-2067872,4830.081
32401,2015-08-24T00:45:00+00:00,-2066972,4830.076
32401,2015-08-24T01:00:00+00:00,-2066072,4830.072
32401,2015-08-24T01:15:00+00:00,-2065172,4830.073
32401,2015-08-24T01:30:00+00:00,-2064272,4830.077
32401,2015-08-24T01:45:00+00:00,-2063372,4830.079
32401,2015-08-24T02:00:00+00:00,-2062472,4830.087
32401,2015-08-24T02:15:00+00:00,-2061572,4830.097
32401,2015-08-24T02:30:00+00:00,-2060672,4830.111
32401,2015-08-24T02:45:00+00:00,-2059772,4830.128
32401,2015-08-24T03:00:00+00:00,-2058872,4830.144
32401,2015-08-24T03:15:00+00:00,-2057972,4830.163
32401,2015-08-24T03:30:00+00:00,-2057072,4830.186
32401,2015-08-24T03:45:00+00:00,-2056172,4830.210
32401,2015-08-24T04:00:00+00:00,-2055272,4830.232
32401,2015-08-24T04:15:00+00:00,-2054372,4830.256
32401,2015-08-24T04:30:00+00:00,-2053472,4830.284
32401,2015-08-24T04:45:00+00:00,-2052572,4830.313
32401,2015-08-24T05:00:00+00:00,-2051672,4830.340
32401,2015-08-24T05:15:00+00:00,-2050772,4830.369
32401,2015-08-24T05:30:00+00:00,-2049872,4830.400
32401,2015-08-24T05:45:00+00:00,-2048972,4830.423
32401,2015-08-24T06:00:00+00:00,-2048072,4830.450
32401,2015-08-24T06:15:00+00:00,-2047172,4830.475
32401,2015-08-24T06:30:00+00:00,-2046272,4830.499
32401,2015-08-24T06:45:00+00:00,-2045372,4830.520
32401,2015-08-24T07:00:00+00:00,-2044472,4830.539
32401,2015-08-24T07:15:00+00:00,-2043572,4830.555
32401,2015-08-24T07:30:00+00:00,-2042672,4830.567
32401,2015-08-24T07:45:00+00:00,-2041772,4830.576
32401,2015-08-24T08:00:00+00:00,-2040872,4830.581
32401,2015-08-24T08:15:00+00:00,-2039972,4830.586
32401,2015-08-24T08:30:00+00:00,-2039072,4830.584
32401,2015-08-24T08:45:00+00:00,-2038172,4830.583
32401,2015-08-24T09:00:00+00:00,-2037272,4830.576
32401,2015-08-24T09:15:00+00:00,-2036372,4830.567
32401,2015-08-24T09:30:00+00:00,-2035472,4830.555
32401,2015-08-24T09:45:00+00:00,-2034572,4830.539
32401,2015-08-24T10:00:00+00:00,-2033672,4830.525
32401,2015-08-24T10:15:00+00:00,-2032772,4830.506
32401,2015-08-24T10:30:00+00:00,-2031872,4830.482
32401,2015-08-24T10:45:00+00:00,-2030972,4830.464
32401,2015-08-24T11:00:00+00:00,-2030072,4830.443
32401,2015-08-24T11:15:00+00:00,-2029172,4830.419
32401,2015-08-24T11:30:00+00:00,-2028272,4830.397
32401,2015-08-24T11:45:00+00:00,-2027372,4830.373
32401,2015-08-24T12:00:00+00:00,-2026472,4830.349
32401,2015-08-24T12:15:00+00:00,-2025572,4830.327
32401,2015-08-24T12:30:00+00:00,-2024672,4830.305
32401,2015-08-24T12:45:00+00:00,-2023772,4830.282
32401,2015-08-24T13:00:00+00:00,-2022872,4830.261
32401,2015-08-24T13:15:00+00:00,-2021972,4830.243
32401,2015-08-24T13:30:00+00:00,-2021072,4830.224
32401,2015-08-24T13:45:00+00:00,-2020172,4830.205
32401,2015-08-24T14:00:00+00:00,-2019272,4830.191
32401,2015-08-24T14:15:00+00:00,-2018372,4830.180
32401,2015-08-24T14:30:00+00:00,-2017472,4830.171
32401,2015-08-24T14:45:00+00:00,-2016572,4830.166
32401,2015-08-24T15:00:00+00:00,-2015672,4830.161
32401,2015-08-24T15:15:00+00:00,-2014772,4830.159
32401,2015-08-24T15:30:00+00:00,-2013872,4830.159
32401,2015-08-24T15:45:00+00:00,-2012972,4830.161
32401,2015-08-24T16:00:00+00:00,-2012072,4830.161
32401,2015-08-24T16:15:00+00:00,-2011172,4830.169
32401,2015-08-24T16:30:00+00:00,-2010272,4830.178
32401,2015-08-24T16:45:00+00:00,-2009372,4830.186
32401,2015-08-24T17:00:00+00:00,-2008472,4830.195
32401,2015-08-24T17:15:00+00:00,-2007572,4830.209
32401,2015-08-24T17:30:00+00:00,-2006672,4830.220
32401,2015-08-24T17:45:00+00:00,-2005772,4830.230
32401,2015-08-24T18:00:00+00:00,-2004872,4830.240
32401,2015-08-24T18:15:00+00:00,-2003972,4830.249
32401,2015-08-24T18:30:00+00:00,-2003072,4830.259
32401,2015-08-24T18:45:00+00:00,-2002172,4830.265
32401,2015-08-24T19:00:00+00:00,-2001272,4830.272
32401,2015-08-24T19:15:00+00:00,-2000372,4830.277
32401,2015-08-24T19:30:00+00:00,-1999472,4830.283
32401,2015-08-24T19:45:00+00:00,-1998572,4830.286
32401,2015-08-24T20:00:00+00:00,-1997672,4830.289
32401,2015-08-24T20:15:00+00:00,-1996772,4830.291
32401,2015-08-24T20:30:00+00:00,-1995872,4830.291
32401,2015-08-24T20:45:00+00:00,-1994972,4830.292
32401,2015-08-24T21:00:00+00:00,-1994072,4830.290
32401,2015-08-24T21:15:00+00:00,-1993172,4830.286
32401,2015-08-24T21:30:00+00:00,-1992272,4830.278
32401,2015-08-24T21:45:00+00:00,-1991372,4830.269
32401,2015-08-24T22:00:00+00:00,-1990472,4830.257
32401,2015-08-24T22:15:00+00:00,-1989572,4830.244
32401,2015-08-24T22:30:00+00:00,-1988672,4830.228
32401,2015-08-24T22:45:00+00:00,-1987772,4830.216
32401,2015-08-24T23:00:00+00:00,-1986872,4830.201
32401,2015-08-24T23:15:00+00:00,-1985972,4830.186
32401,2015-08-24T23:30:00+00:00,-1985072,4830.168
32401,2015-08-24T23:45:00+00:00,-1984172,4830.151
32401,2015-08-25T00:00:00+00:00,-1983272,4830.136
32401,2015-08-25T00:15:00+00:00,-1982372,4830.123
32401,2015-08-25T00:30:00+00:00,-1981472,4830.108
32401,2015-08-25T00:45:00+00:00,-1980572,4830.096
32401,2015-08-25T01:00:00+00:00,-1979672,4830.085
32401,2015-08-25T01:15:00+00:00,-1978772,4830.079
32401,2015-08-25T01:30:00+00:00,-1977872,4830.073
32401,2015-08-25T01:45:00+00:00,-1976972,4830.070
32401,2015-08-25T02:00:00+00:00,-1976072,4830.067
32401,2015-08-25T02:15:00+00:00,-1975172,4830.066
32401,2015-08-25T02:30:00+00:00,-1974272,4830.068
32401,2015-08-25T02:45:00+00:00,-1973372,4830.072
32401,2015-08-25T03:00:00+00:00,-1972472,4830.080
32401,2015-08-25T03:15:00+00:00,-1971572,4830.090
32401,2015-08-25T03:30:00+00:00,-1970672,4830.099
32401,2015-08-25T03:45:00+00:00,-1969772,4830.113
32401,2015-08-25T04:00:00+00:00,-1968872,4830.133
32401,2015-08-25T04:15:00+00:00,-1967972,4830.153
32401,2015-08-25T04:30:00+00:00,-1967072,4830.173
32401,2015-08-25T04:45:00+00:00,-1966172,4830.197
32401,2015-08-25T05:00:00+00:00,-1965272,4830.224
32401,2015-08-25T05:15:00+00:00,-1964372,4830.255
32401,2015-08-25T05:30:00+00:00,-1963472,4830.287
32401,2015-08-25T05:45:00+00:00,-1962572,4830.317
32401,2015-08-25T06:00:00+00:00,-1961672,4830.349
32401,2015-08-25T06:15:00+00:00,-1960772,4830.381
32401,2015-08-25T06:30:00+00:00,-1959872,4830.413
32401,2015-08-25T06:45:00+00:00,-1958972,4830.444
32401,2015-08-25T07:00:00+00:00,-1958072,4830.472
32401,2015-08-25T07:15:00+00:00,-1957172,4830.503
32401,2015-08-25T07:30:00+00:00,-1956272,4830.527
32401,2015-08-25T07:45:00+00:00,-1955372,4830.549
32401,2015-08-25T08:00:00+00:00,-1954472,4830.572
32401,2015-08-25T08:15:00+00:00,-1953572,4830.593
32401,2015-08-25T08:30:00+00:00,-1952672,4830.606
32401,2015-08-25T08:45:00+00:00,-1951772,4830.615
32401,2015-08-25T09:00:00+00:00,-1950872,4830.624
32401,2015-08-25T09:15:00+00:00,-1949972,4830.632
32401,2015-08-25T09:30:00+00:00,-1949072,4830.635
32401,2015-08-25T09:45:00+00:00,-1948172,4830.630
32401,2015-08-25T10:00:00+00:00,-1947272,4830.627
32401,2015-08-25T10:15:00+00:00,-1946372,4830.618
32401,2015-08-25T10:30:00+00:00,-1945472,4830.606
32401,2015-08-25T10:45:00+00:00,-1944572,4830.586
32401,2015-08-25T11:00:00+00:00,-1943672,4830.566
32401,2015-08-25T11:15:00+00:00,-1942772,4830.546
32401,2015-08-25T11:30:00+00:00,-1941872,4830.522
32401,2015-08-25T11:45:00+00:00,-1940972,4830.494
32401,2015-08-25T12:00:00+00:00,-1940072,4830.462
32401,2015-08-25T12:15:00+00:00,-1939172,4830.434
32401,2015-08-25T12:30:00+00:00,-1938272,4830.401
32401,2015-08-25T12:45:00+00:00,-1937372,4830.365
32401,2015-08-25T13:00:00+00:00,-1936472,4830.333
32401,2015-08-25T13:15:00+00:00,-1935572,4830.302
32401,2015-08-25T13:30:00+00:00,-1934672,4830.272
32401,2015-08-25T13:45:00+00:00,-1933772,4830.247
32401,2015-08-25T14:00:00+00:00,-1932872,4830.222
32401,2015-08-25T14:15:00+00:00,-1931972,4830.195
32401,2015-08-25T14:30:00+00:00,-1931072,4830.174
32401,2015-08-25T14:45:00+00:00,-1930172,4830.155
32401,2015-08-25T15:00:00+00:00,-1929272,4830.138
32401,2015-08-25T15:15:00+00:00,-1928372,4830.123
32401,2015-08-25T15:30:00+00:00,-1927472,4830.113
32401,2015-08-25T15:45:00+00:00,-1926572,4830.102
32401,2015-08-25T16:00:00+00:00,-1925672,4830.097
32401,2015-08-25T16:15:00+00:00,-1924772,4830.095
32401,2015-08-25T16:30:00+00:00,-1923872,4830.092
32401,2015-08-25T16:45:00+00:00,-1922972,4830.095
32401,2015-08-25T17:00:00+00:00,-1922072,4830.100
32401,2015-08-25T17:15:00+00:00,-1921172,4830.110
32401,2015-08-25T17:30:00+00:00,-1920272,4830.122
32401,2015-08-25T17:45:00+00:00,-1919372,4830.133
32401,2015-08-25T18:00:00+00:00,-1918472,4830.146
32401,2015-08-25T18:15:00+00:00,-1917572,4830.161
32401,2015-08-25T18:30:00+00:00,-1916672,4830.181
32401,2015-08-25T18:45:00+00:00,-1915772,4830.200
32401,2015-08-25T19:00:00+00:00,-1914872,4830.214
32401,2015-08-25T19:15:00+00:00,-1913972,4830.231
32401,2015-08-25T19:30:00+00:00,-1913072,4830.245
32401,2015-08-25T19:45:00+00:00,-1912172,4830.262
32401,2015-08-25T20:00:00+00:00,-1911272,4830.274
32401,2015-08-25T20:15:00+00:00,-1910372,4830.282
32401,2015-08-25T20:30:00+00:00,-1909472,4830.293
32401,2015-08-25T20:45:00+00:00,-1908572,4830.303
32401,2015-08-25T21:00:00+00:00,-1907672,4830.310
32401,2015-08-25T21:15:00+00:00,-1906772,4830.313
32401,2015-08-25T21:30:00+00:00,-1905872,4830.318
32401,2015-08-25T21:45:00+00:00,-1904972,4830.320
32401,2015-08-25T22:00:00+00:00,-1904072,4830.316
32401,2015-08-25T22:15:00+00:00,-1903172,4830.312
32401,2015-08-25T22:30:00+00:00,-1902272,4830.306
32401,2015-08-25T22:45:00+00:00,-1901372,4830.296
32401,2015-08-25T23:00:00+00:00,-1900472,4830.284
32401,2015-08-25T23:15:00+00:00,-1899572,4830.274
32401,2015-08-25T23:30:00+00:00,-1898672,4830.259
32401,2015-08-25T23:45:00+00:00,-1897772,4830.242
32401,2015-08-26T00:00:00+00:00,-1896872,4830.222
32401,2015-08-26T00:15:00+00:00,-1895972,4830.205
32401,2015-08-26T00:30:00+00:00,-1895072,4830.185
32401,2015-08-26T00:45:00+00:00,-1894172,4830.164
32401,2015-08-26T01:00:00+00:00,-1893272,4830.145
32401,2015-08-26T01:15:00+00:00,-1892372,4830.127
32401,2015-08-26T01:30:00+00:00,-1891472,4830.108
32401,2015-08-26T01:45:00+00:00,-1890572,4830.090
32401,2015-08-26T02:00:00+00:00,-1889672,4830.073
32401,2015-08-26T02:15:00+00:00,-1888772,4830.057
32401,2015-08-26T02:30:00+00:00,-1887872,4830.047
32401,2015-08-26T02:45:00+00:00,-1886972,4830.040
32401,2015-08-26T03:00:00+00:00,-1886072,4830.036
32401,2015-08-26T03:15:00+00:00,-1885172,4830.038
32401,2015-08-26T03:30:00+00:00,-1884272,4830.035
32401,2015-08-26T03:45:00+00:00,-1883372,4830.039
32401,2015-08-26T04:00:00+00:00,-1882472,4830.047
32401,2015-08-26T04:15:00+00:00,-1881572,4830.060
32401,2015-08-26T04:30:00+00:00,-1880672,4830.075
32401,2015-08-26T04:45:00+00:00,-1879772,4830.094
32401,2015-08-26T05:00:00+00:00,-1878872,4830.117
32401,2015-08-26T05:15:00+00:00,-1877972,4830.141
32401,2015-08-26T05:30:00+00:00,-1877072,4830.170
32401,2015-08-26T05:45:00+00:00,-1876172,4830.202
32401,2015-08-26T06:00:00+00:00,-1875272,4830.238
32401,2015-08-26T06:15:00+00:00,-1874372,4830.273
32401,2015-08-26T06:30:00+00:00,-1873472,4830.311
32401,2015-08-26T06:45:00+00:00,-1872572,4830.348
32401,2015-08-26T07:00:00+00:00,-1871672,4830.388
32401,2015-08-26T07:15:00+00:00,-1870772,4830.430
32401,2015-08-26T07:30:00+00:00,-1869872,4830.466
32401,2015-08-26T07:45:00+00:00,-1868972,4830.506
32401,2015-08-26T08:00:00+00:00,-1868072,4830.539
32401,2015-08-26T08:15:00+00:00,-1867172,4830.572
32401,2015-08-26T08:30:00+00:00,-1866272,4830.606
32401,2015-08-26T08:45:00+00:00,-1865372,4830.632
32401,2015-08-26T09:00:00+00:00,-1864472,4830.659
32401,2015-08-26T09:15:00+00:00,-1863572,4830.681
32401,2015-08-26T09:30:00+00:00,-1862672,4830.697
32401,2015-08-26T09:45:00+00:00,-1861772,4830.713
32401,2015-08-26T10:00:00+00:00,-1860872,4830.722
32401,2015-08-26T10:15:00+00:00,-1859972,4830.726
32401,2015-08-26T10:30:00+00:00,-1859072,4830.727
32401,2015-08-26T10:45:00+00:00,-1858172,4830.721
32401,2015-08-26T11:00:00+00:00,-1857272,4830.711
32401,2015-08-26T11:15:00+00:00,-1856372,4830.696
32401,2015-08-26T11:30:00+00:00,-1855472,4830.671
32401,2015-08-26T11:45:00+00:00,-1854572,4830.647
32401,2015-08-26T12:00:00+00:00,-1853672,4830.619
32401,2015-08-26T12:15:00+00:00,-1852772,4830.585
32401,2015-08-26T12:30:00+00:00,-1851872,4830.554
32401,2015-08-26T12:45:00+00:00,-1850972,4830.516
32401,2015-08-26T13:00:00+00:00,-1850072,4830.477
32401,2015-08-26T13:15:00+00:00,-1849172,4830.437
32401,2015-08-26T13:30:00+00:00,-1848272,4830.396
32401,2015-08-26T13:45:00+00:00,-1847372,4830.359
32401,2015-08-26T14:00:00+00:00,-1846472,4830.319
32401,2015-08-26T14:15:00+00:00,-1845572,4830.279
32401,2015-08-26T14:30:00+00:00,-1844672,4830.245
32401,2015-08-26T14:45:00+00:00,-1843772,4830.210
32401,2015-08-26T15:00:00+00:00,-1842872,4830.176
32401,2015-08-26T15:15:00+00:00,-1841972,4830.145
32401,2015-08-26T15:30:00+00:00,-1841072,4830.119
32401,2015-08-26T15:45:00+00:00,-1840172,4830.096
32401,2015-08-26T16:00:00+00:00,-1839272,4830.076
32401,2015-08-26T16:15:00+00:00,-1838372,4830.060
32401,2015-08-26T16:30:00+00:00,-1837472,4830.048
32401,2015-08-26T16:45:00+00:00,-1836572,4830.039
32401,2015-08-26T17:00:00+00:00,-1835672,4830.037
32401,2015-08-26T17:15:00+00:00,-1834772,4830.040
32401,2015-08-26T17:30:00+00:00,-1833872,4830.043
32401,2015-08-26T17:45:00+00:00,-1832972,4830.049
32401,2015-08-26T18:00:00+00:00,-1832072,4830.062
32401,2015-08-26T18:15:00+00:00,-1831172,4830.076
32401,2015-08-26T18:30:00+00:00,-1830272,4830.092
32401,2015-08-26T18:45:00+00:00,-1829372,4830.112
32401,2015-08-26T19:00:00+00:00,-1828472,4830.135
32401,2015-08-26T19:15:00+00:00,-1827572,4830.158
32401,2015-08-26T19:30:00+00:00,-1826672,4830.183
32401,2015-08-26T19:45:00+00:00,-1825772,4830.207
32401,2015-08-26T20:00:00+00:00,-1824872,4830.229
32401,2015-08-26T20:15:00+00:00,-1823972,4830.252
32401,2015-08-26T20:30:00+00:00,-1823072,4830.277
32401,2015-08-26T20:45:00+00:00,-1822172,4830.296
32401,2015-08-26T21:00:00+00:00,-1821272,4830.314
32401,2015-08-26T21:15:00+00:00,-1820372,4830.333
32401,2015-08-26T21:30:00+00:00,-1819472,4830.345
32401,2015-08-26T21:45:00+00:00,-1818572,4830.356
32401,2015-08-26T22:00:00+00:00,-1817672,4830.364
32401,2015-08-26T22:15:00+00:00,-1816772,4830.371
32401,2015-08-26T22:30:00+00:00,-1815872,4830.373
32401,2015-08-26T22:45:00+00:00,-1814972,4830.375
32401,2015-08-26T23:00:00+00:00,-1814072,4830.370
32401,2015-08-26T23:15:00+00:00,-1813172,4830.365
32401,2015-08-26T23:30:00+00:00,-1812272,4830.356
32401,2015-08-26T23:45:00+00:00,-1811372,4830.343
32401,2015-08-27T00:00:00+00:00,-1810472,4830.326
32401,2015-08-27T00:15:00+00:00,-1809572,4830.305
32401,2015-08-27T00:30:00+00:00,-1808672,4830.282
32401,2015-08-27T00:45:00+00:00,-1807772,4830.262
32401,2015-08-27T01:00:00+00:00,-1806872,4830.234
32401,2015-08-27T01:15:00+00:00,-1805972,4830.208
32401,2015-08-27T01:30:00+00:00,-1805072,4830.183
32401,2015-08-27T01:45:00+00:00,-1804172,4830.160
32401,2015-08-27T02:00:00+00:00,-1803272,4830.135
32401,2015-08-27T02:15:00+00:00,-1802372,4830.108
32401,2015-08-27T02:30:00+00:00,-1801472,4830.085
32401,2015-08-27T02:45:00+00:00,-1800572,4830.062
32401,2015-08-27T03:00:00+00:00,-1799672,4830.041
32401,2015-08-27T03:15:00+00:00,-1798772,4830.023
32401,2015-08-27T03:30:00+00:00,-1797872,4830.007
32401,2015-08-27T03:45:00+00:00,-1796972,4829.996
32401,2015-08-27T04:00:00+00:00,-1796072,4829.988
32401,2015-08-27T04:15:00+00:00,-1795172,4829.984
32401,2015-08-27T04:30:00+00:00,-1794272,4829.982
32401,2015-08-27T04:45:00+00:00,-1793372,4829.990
32401,2015-08-27T05:00:00+00:00,-1792472,4829.998
32401,2015-08-27T05:15:00+00:00,-1791572,4830.011
32401,2015-08-27T05:30:00+00:00,-1790672,4830.027
32401,2015-08-27T05:45:00+00:00,-1789772,4830.050
32401,2015-08-27T06:00:00+00:00,-1788872,4830.079
32401,2015-08-27T06:15:00+00:00,-1787972,4830.111
32401,2015-08-27T06:30:00+00:00,-1787072,4830.145
32401,2015-08-27T06:45:00+00:00,-1786172,4830.185
32401,2015-08-27T07:00:00+00:00,-1785272,4830.228
32401,2015-08-27T07:15:00+00:00,-1784372,4830.273
32401,2015-08-27T07:30:00+00:00,-1783472,4830.321
32401,2015-08-27T07:45:00+00:00,-1782572,4830.371
32401,2015-08-27T08:00:00+00:00,-1781672,4830.419
32401,2015-08-27T08:15:00+00:00,-1780772,4830.467
32401,2015-08-27T08:30:00+00:00,-1779872,4830.513
32401,2015-08-27T08:45:00+00:00,-1778972,4830.557
32401,2015-08-27T09:00:00+00:00,-1778072,4830.601
32401,2015-08-27T09:15:00+00:00,-1777172,4830.638
32401,2015-08-27T09:30:00+00:00,-1776272,4830.673
32401,2015-08-27T09:45:00+00:00,-1775372,4830.706
32401,2015-08-27T10:00:00+00:00,-1774472,4830.735
32401,2015-08-27T10:15:00+00:00,-1773572,4830.761
32401,2015-08-27T10:30:00+00:00,-1772672,4830.777
32401,2015-08-27T10:45:00+00:00,-1771772,4830.790
32401,2015-08-27T11:00:00+00:00,-1770872,4830.797
32401,2015-08-27T11:15:00+00:00,-1769972,4830.794
32401,2015-08-27T11:30:00+00:00,-1769072,4830.788
32401,2015-08-27T11:45:00+00:00,-1768172,4830.778
32401,2015-08-27T12:00:00+00:00,-1767272,4830.758
32401,2015-08-27T12:15:00+00:00,-1766372,4830.735
32401,2015-08-27T12:30:00+00:00,-1765472,4830.706
32401,2015-08-27T12:45:00+00:00,-1764572,4830.669
32401,2015-08-27T13:00:00+00:00,-1763672,4830.632
32401,2015-08-27T13:15:00+00:00,-1762772,4830.591
32401,2015-08-27T13:30:00+00:00,-1761872,4830.542
32401,2015-08-27T13:45:00+00:00,-1760972,4830.492
32401,2015-08-27T14:00:00+00:00,-1760072,4830.444
32401,2015-08-27T14:15:00+00:00,-1759172,4830.398
32401,2015-08-27T14:30:00+00:00,-1758272,4830.345
32401,2015-08-27T14:45:00+00:00,-1757372,4830.293
32401,2015-08-27T15:00:00+00:00,-1756472,4830.244
32401,2015-08-27T15:15:00+00:00,-1755572,4830.201
32401,2015-08-27T15:30:00+00:00,-1754672,4830.156
32401,2015-08-27T15:45:00+00:00,-1753772,4830.115
32401,2015-08-27T16:00:00+00:00,-1752872,4830.079
32401,2015-08-27T16:15:00+00:00,-1751972,4830.045
32401,2015-08-27T16:30:00+00:00,-1751072,4830.022
32401,2015-08-27T16:45:00+00:00,-1750172,4829.997
32401,2015-08-27T17:00:00+00:00,-1749272,4829.977
32401,2015-08-27T17:15:00+00:00,-1748372,4829.965
32401,2015-08-27T17:30:00+00:00,-1747472,4829.954
32401,2015-08-27T17:45:00+00:00,-1746572,4829.956
32401,2015-08-27T18:00:00+00:00,-1745672,4829.956
32401,2015-08-27T18:15:00+00:00,-1744772,4829.964
32401,2015-08-27T18:30:00+00:00,-1743872,4829.976
32401,2015-08-27T18:45:00+00:00,-1742972,4829.997
32401,2015-08-27T19:00:00+00:00,-1742072,4830.016
32401,2015-08-27T19:15:00+00:00,-1741172,4830.044
32401,2015-08-27T19:30:00+00:00,-1740272,4830.069
32401,2015-08-27T19:45:00+00:00,-1739372,4830.100
32401,2015-08-27T20:00:00+00:00,-1738472,4830.129
32401,2015-08-27T20:15:00+00:00,-1737572,4830.163
32401,2015-08-27T20:30:00+00:00,-1736672,4830.200
32401,2015-08-27T20:45:00+00:00,-1735772,4830.231
32401,2015-08-27T21:00:00+00:00,-1734872,4830.266
32401,2015-08-27T21:15:00+00:00,-1733972,4830.296
32401,2015-08-27T21:30:00+00:00,-1733072,4830.325
32401,2015-08-27T21:45:00+00:00,-1732172,4830.350
32401,2015-08-27T22:00:00+00:00,-1731272,4830.375
32401,2015-08-27T22:15:00+00:00,-1730372,4830.395
32401,2015-08-27T22:30:00+00:00,-1729472,4830.416
32401,2015-08-27T22:45:00+00:00,-1728572,4830.432
32401,2015-08-27T23:00:00+00:00,-1727672,4830.438
32401,2015-08-27T23:15:00+00:00,-1726772,4830.444
32401,2015-08-27T23:30:00+00:00,-1725872,4830.445
32401,2015-08-27T23:45:00+00:00,-1724972,4830.443
32401,2015-08-28T00:00:00+00:00,-1724072,4830.433
32401,2015-08-28T00:15:00+00:00,-1723172,4830.420
32401,2015-08-28T00:30:00+00:00,-1722272,4830.405
32401,2015-08-28T00:45:00+00:00,-1721372,4830.387
32401,2015-08-28T01:00:00+00:00,-1720472,4830.361
32401,2015-08-28T01:15:00+00:00,-1719572,4830.333
32401,2015-08-28T01:30:00+00:00,-1718672,4830.305
32401,2015-08-28T01:45:00+00:00,-1717772,4830.273
32401,2015-08-28T02:00:00+00:00,-1716872,4830.239
32401,2015-08-28T02:15:00+00:00,-1715972,4830.203
32401,2015-08-28T02:30:00+00:00,-1715072,4830.169
32401,2015-08-28T02:45:00+00:00,-1714172,4830.138
32401,2015-08-28T03:00:00+00:00,-1713272,4830.105
32401,2015-08-28T03:15:00+00:00,-1712372,4830.076
32401,2015-08-28T03:30:00+00:00,-1711472,4830.046
32401,2015-08-28T03:45:00+00:00,-1710572,4830.017
32401,2015-08-28T04:00:00+00:00,-1709672,4829.990
32401,2015-08-28T04:15:00+00:00,-1708772,4829.971
32401,2015-08-28T04:30:00+00:00,-1707872,4829.953
32401,2015-08-28T04:45:00+00:00,-1706972,4829.939
32401,2015-08-28T05:00:00+00:00,-1706072,4829.935
32401,2015-08-28T05:15:00+00:00,-1705172,4829.933
32401,2015-08-28T05:30:00+00:00,-1704272,4829.935
32401,2015-08-28T05:45:00+00:00,-1703372,4829.946
32401,2015-08-28T06:00:00+00:00,-1702472,4829.965
32401,2015-08-28T06:15:00+00:00,-1701572,4829.984
32401,2015-08-28T06:30:00+00:00,-1700672,4830.013
32401,2015-08-28T06:45:00+00:00,-1699772,4830.039
32401,2015-08-28T07:00:00+00:00,-1698872,4830.077
32401,2015-08-28T07:15:00+00:00,-1697972,4830.120
32401,2015-08-28T07:30:00+00:00,-1697072,4830.161
32401,2015-08-28T07:45:00+00:00,-1696172,4830.203
32401,2015-08-28T08:00:00+00:00,-1695272,4830.258
32401,2015-08-28T08:15:00+00:00,-1694372,4830.311
32401,2015-08-28T08:30:00+00:00,-1693472,4830.365
32401,2015-08-28T08:45:00+00:00,-1692572,4830.426
32401,2015-08-28T09:00:00+00:00,-1691672,4830.482
32401,2015-08-28T09:15:00+00:00,-1690772,4830.539
32401,2015-08-28T09:30:00+00:00,-1689872,4830.596
32401,2015-08-28T09:45:00+00:00,-1688972,4830.648
32401,2015-08-28T10:00:00+00:00,-1688072,4830.695
32401,2015-08-28T10:15:00+00:00,-1687172,4830.739
32401,2015-08-28T10:30:00+00:00,-1686272,4830.776
32401,2015-08-28T10:45:00+00:00,-1685372,4830.811
32401,2015-08-28T11:00:00+00:00,-1684472,4830.836
32401,2015-08-28T11:15:00+00:00,-1683572,4830.855
32401,2015-08-28T11:30:00+00:00,-1682672,4830.871
32401,2015-08-28T11:45:00+00:00,-1681772,4830.876
32401,2015-08-28T12:00:00+00:00,-1680872,4830.877
32401,2015-08-28T12:15:00+00:00,-1679972,4830.869
32401,2015-08-28T12:30:00+00:00,-1679072,4830.854
32401,2015-08-28T12:45:00+00:00,-1678172,4830.833
32401,2015-08-28T13:00:00+00:00,-1677272,4830.800
32401,2015-08-28T13:15:00+00:00,-1676372,4830.769
32401,2015-08-28T13:30:00+00:00,-1675472,4830.730
32401,2015-08-28T13:45:00+00:00,-1674572,4830.682
32401,2015-08-28T14:00:00+00:00,-1673672,4830.632
32401,2015-08-28T14:15:00+00:00,-1672772,4830.576
32401,2015-08-28T14:30:00+00:00,-1671872,4830.518
32401,2015-08-28T14:45:00+00:00,-1670972,4830.464
32401,2015-08-28T15:00:00+00:00,-1670072,4830.402
32401,2015-08-28T15:15:00+00:00,-1669172,4830.342
32401,2015-08-28T15:30:00+00:00,-1668272,4830.279
32401,2015-08-28T15:45:00+00:00,-1667372,4830.221
32401,2015-08-28T16:00:00+00:00,-1666472,4830.167
32401,2015-08-28T16:15:00+00:00,-1665572,4830.110
32401,2015-08-28T16:30:00+00:00,-1664672,4830.058
32401,2015-08-28T16:45:00+00:00,-1663772,4830.015
32401,2015-08-28T17:00:00+00:00,-1662872,4829.977
32401,2015-08-28T17:15:00+00:00,-1661972,4829.945
32401,2015-08-28T17:30:00+00:00,-1661072,4829.914
32401,2015-08-28T17:45:00+00:00,-1660172,4829.896
32401,2015-08-28T18:00:00+00:00,-1659272,4829.883
32401,2015-08-28T18:15:00+00:00,-1658372,4829.871
32401,2015-08-28T18:30:00+00:00,-1657472,4829.868
32401,2015-08-28T18:45:00+00:00,-1656572,4829.872
32401,2015-08-28T19:00:00+00:00,-1655672,4829.886
32401,2015-08-28T19:15:00+00:00,-1654772,4829.902
32401,2015-08-28T19:30:00+00:00,-1653872,4829.927
32401,2015-08-28T19:45:00+00:00,-1652972,4829.952
32401,2015-08-28T20:00:00+00:00,-1652072,4829.985
32401,2015-08-28T20:15:00+00:00,-1651172,4830.021
32401,2015-08-28T20:30:00+00:00,-1650272,4830.061
32401,2015-08-28T20:45:00+00:00,-1649372,4830.103
32401,2015-08-28T21:00:00+00:00,-1648472,4830.145
32401,2015-08-28T21:15:00+00:00,-1647572,4830.190
32401,2015-08-28T21:30:00+00:00,-1646672,4830.233
32401,2015-08-28T21:45:00+00:00,-1645772,4830.277
32401,2015-08-28T22:00:00+00:00,-1644872,4830.318
32401,2015-08-28T22:15:00+00:00,-1643972,4830.354
32401,2015-08-28T22:30:00+00:00,-1643072,4830.390
32401,2015-08-28T22:45:00+00:00,-1642172,4830.424
32401,2015-08-28T23:00:00+00:00,-1641272,4830.448
32401,2015-08-28T23:15:00+00:00,-1640372,4830.470
32401,2015-08-28T23:30:00+00:00,-1639472,4830.486
32401,2015-08-28T23:45:00+00:00,-1638572,4830.497
32401,2015-08-29T00:00:00+00:00,-1637672,4830.506
32401,2015-08-29T00:15:00+00:00,-1636772,4830.507
32401,2015-08-29T00:30:00+00:00,-1635872,4830.504
32401,2015-08-29T00:45:00+00:00,-1634972,4830.498
32401,2015-08-29T01:00:00+00:00,-1634072,4830.484
32401,2015-08-29T01:15:00+00:00,-1633172,4830.465
32401,2015-08-29T01:30:00+00:00,-1632272,4830.438
32401,2015-08-29T01:45:00+00:00,-1631372,4830.408
32401,2015-08-29T02:00:00+00:00,-1630472,4830.376
32401,2015-08-29T02:15:00+00:00,-1629572,4830.341
32401,2015-08-29T02:30:00+00:00,-1628672,4830.301
32401,2015-08-29T02:45:00+00:00,-1627772,4830.260
32401,2015-08-29T03:00:00+00:00,-1626872,4830.220
32401,2015-08-29T03:15:00+00:00,-1625972,4830.176
32401,2015-08-29T03:30:00+00:00,-1625072,4830.132
32401,2015-08-29T03:45:00+00:00,-1624172,4830.090
32401,2015-08-29T04:00:00+00:00,-1623272,4830.048
32401,2015-08-29T04:15:00+00:00,-1622372,4830.013
32401,2015-08-29T04:30:00+00:00,-1621472,4829.974
32401,2015-08-29T04:45:00+00:00,-1620572,4829.946
32401,2015-08-29T05:00:00+00:00,-1619672,4829.918
32401,2015-08-29T05:15:00+00:00,-1618772,4829.899
32401,2015-08-29T05:30:00+00:00,-1617872,4829.884
32401,2015-08-29T05:45:00+00:00,-1616972,4829.874
32401,2015-08-29T06:00:00+00:00,-1616072,4829.871
32401,2015-08-29T06:15:00+00:00,-1615172,4829.874
32401,2015-08-29T06:30:00+00:00,-1614272,4829.883
32401,2015-08-29T06:45:00+00:00,-1613372,4829.898
32401,2015-08-29T07:00:00+00:00,-1612472,4829.919
32401,2015-08-29T07:15:00+00:00,-1611572,4829.945
32401,2015-08-29T07:30:00+00:00,-1610672,4829.981
32401,2015-08-29T07:45:00+00:00,-1609772,4830.021
32401,2015-08-29T08:00:00+00:00,-1608872,4830.067
32401,2015-08-29T08:15:00+00:00,-1607972,4830.120
32401,2015-08-29T08:30:00+00:00,-1607072,4830.179
32401,2015-08-29T08:45:00+00:00,-1606172,4830.239
32401,2015-08-29T09:00:00+00:00,-1605272,4830.301
32401,2015-08-29T09:15:00+00:00,-1604372,4830.368
32401,2015-08-29T09:30:00+00:00,-1603472,4830.433
32401,2015-08-29T09:45:00+00:00,-1602572,4830.497
32401,2015-08-29T10:00:00+00:00,-1601672,4830.558
32401,2015-08-29T10:15:00+00:00,-1600772,4830.621
32401,2015-08-29T10:30:00+00:00,-1599872,4830.677
32401,2015-08-29T10:45:00+00:00,-1598972,4830.730
32401,2015-08-29T11:00:00+00:00,-1598072,4830.778
32401,2015-08-29T11:15:00+00:00,-1597172,4830.820
32401,2015-08-29T11:30:00+00:00,-1596272,4830.858
32401,2015-08-29T11:45:00+00:00,-1595372,4830.887
32401,2015-08-29T12:00:00+00:00,-1594472,4830.908
32401,2015-08-29T12:15:00+00:00,-1593572,4830.921
32401,2015-08-29T12:30:00+00:00,-1592672,4830.927
32401,2015-08-29T12:45:00+00:00,-1591772,4830.926
32401,2015-08-29T13:00:00+00:00,-1590872,4830.916
32401,2015-08-29T13:15:00+00:00,-1589972,4830.899
32401,2015-08-29T13:30:00+00:00,-1589072,4830.873
32401,2015-08-29T13:45:00+00:00,-1588172,4830.840
32401,2015-08-29T14:00:00+00:00,-1587272,4830.801
32401,2015-08-29T14:15:00+00:00,-1586372,4830.751
32401,2015-08-29T14:30:00+00:00,-1585472,4830.697
32401,2015-08-29T14:45:00+00:00,-1584572,4830.637
32401,2015-08-29T15:00:00+00:00,-1583672,4830.575
32401,2015-08-29T15:15:00+00:00,-1582772,4830.508
32401,2015-08-29T15:30:00+00:00,-1581872,4830.439
32401,2015-08-29T15:45:00+00:00,-1580972,4830.371
32401,2015-08-29T16:00:00+00:00,-1580072,4830.302
32401,2015-08-29T16:15:00+00:00,-1579172,4830.234
32401,2015-08-29T16:30:00+00:00,-1578272,4830.170
32401,2015-08-29T16:45:00+00:00,-1577372,4830.104
32401,2015-08-29T17:00:00+00:00,-1576472,4830.047
32401,2015-08-29T17:15:00+00:00,-1575572,4829.992
32401,2015-08-29T17:30:00+00:00,-1574672,4829.944
32401,2015-08-29T17:45:00+00:00,-1573772,4829.904
32401,2015-08-29T18:00:00+00:00,-1572872,4829.871
32401,2015-08-29T18:15:00+00:00,-1571972,4829.843
32401,2015-08-29T18:30:00+00:00,-1571072,4829.820
32401,2015-08-29T18:45:00+00:00,-1570172,4829.806
32401,2015-08-29T19:00:00+00:00,-1569272,4829.800
32401,2015-08-29T19:15:00+00:00,-1568372,4829.802
32401,2015-08-29T19:30:00+00:00,-1567472,4829.809
32401,2015-08-29T19:45:00+00:00,-1566572,4829.825
32401,2015-08-29T20:00:00+00:00,-1565672,4829.848
32401,2015-08-29T20:15:00+00:00,-1564772,4829.877
32401,2015-08-29T20:30:00+00:00,-1563872,4829.911
32401,2015-08-29T20:45:00+00:00,-1562972,4829.954
32401,2015-08-29T21:00:00+00:00,-1562072,4830.000
32401,2015-08-29T21:15:00+00:00,-1561172,4830.048
32401,2015-08-29T21:30:00+00:00,-1560272,4830.099
32401,2015-08-29T21:45:00+00:00,-1559372,4830.153
32401,2015-08-29T22:00:00+00:00,-1558472,4830.204
32401,2015-08-29T22:15:00+00:00,-1557572,4830.256
32401,2015-08-29T22:30:00+00:00,-1556672,4830.305
32401,2015-08-29T22:45:00+00:00,-1555772,4830.355
32401,2015-08-29T23:00:00+00:00,-1554872,4830.399
32401,2015-08-29T23:15:00+00:00,-1553972,4830.441
32401,2015-08-29T23:30:00+00:00,-1553072,4830.475
32401,2015-08-29T23:45:00+00:00,-1552172,4830.507
32401,2015-08-30T00:00:00+00:00,-1551272,4830.535
32401,2015-08-30T00:15:00+00:00,-1550372,4830.554
32401,2015-08-30T00:30:00+00:00,-1549472,4830.568
32401,2015-08-30T00:45:00+00:00,-1548572,4830.574
32401,2015-08-30T01:00:00+00:00,-1547672,4830.573
32401,2015-08-30T01:15:00+00:00,-1546772,4830.567
32401,2015-08-30T01:30:00+00:00,-1545872,4830.552
32401,2015-08-30T01:45:00+00:00,-1544972,4830.534
32401,2015-08-30T02:00:00+00:00,-1544072,4830.508
32401,2015-08-30T02:15:00+00:00,-1543172,4830.479
32401,2015-08-30T02:30:00+00:00,-1542272,4830.443
32401,2015-08-30T02:45:00+00:00,-1541372,4830.403
32401,2015-08-30T03:00:00+00:00,-1540472,4830.361
32401,2015-08-30T03:15:00+00:00,-1539572,4830.312
32401,2015-08-30T03:30:00+00:00,-1538672,4830.263
32401,2015-08-30T03:45:00+00:00,-1537772,4830.212
32401,2015-08-30T04:00:00+00:00,-1536872,4830.159
32401,2015-08-30T04:15:00+00:00,-1535972,4830.108
32401,2015-08-30T04:30:00+00:00,-1535072,4830.057
32401,2015-08-30T04:45:00+00:00,-1534172,4830.010
32401,2015-08-30T05:00:00+00:00,-1533272,4829.966
32401,2015-08-30T05:15:00+00:00,-1532372,4829.925
32401,2015-08-30T05:30:00+00:00,-1531472,4829.888
32401,2015-08-30T05:45:00+00:00,-1530572,4829.856
32401,2015-08-30T06:00:00+00:00,-1529672,4829.831
32401,2015-08-30T06:15:00+00:00,-1528772,4829.812
32401,2015-08-30T06:30:00+00:00,-1527872,4829.799
32401,2015-08-30T06:45:00+00:00,-1526972,4829.791
32401,2015-08-30T07:00:00+00:00,-1526072,4829.794
32401,2015-08-30T07:15:00+00:00,-1525172,4829.803
32401,2015-08-30T07:30:00+00:00,-1524272,4829.819
32401,2015-08-30T07:45:00+00:00,-1523372,4829.841
32401,2015-08-30T08:00:00+00:00,-1522472,4829.872
32401,2015-08-30T08:15:00+00:00,-1521572,4829.911
32401,2015-08-30T08:30:00+00:00,-1520672,4829.952
32401,2015-08-30T08:45:00+00:00,-1519772,4830.008
32401,2015-08-30T09:00:00+00:00,-1518872,4830.064
32401,2015-08-30T09:15:00+00:00,-1517972,4830.127
32401,2015-08-30T09:30:00+00:00,-1517072,4830.191
32401,2015-08-30T09:45:00+00:00,-1516172,4830.259
32401,2015-08-30T10:00:00+00:00,-1515272,4830.326
32401,2015-08-30T10:15:00+00:00,-1514372,4830.396
32401,2015-08-30T10:30:00+00:00,-1513472,4830.470
32401,2015-08-30T10:45:00+00:00,-1512572,4830.538
32401,2015-08-30T11:00:00+00:00,-1511672,4830.605
32401,2015-08-30T11:15:00+00:00,-1510772,4830.668
32401,2015-08-30T11:30:00+00:00,-1509872,4830.727
32401,2015-08-30T11:45:00+00:00,-1508972,4830.782
32401,2015-08-30T12:00:00+00:00,-1508072,4830.825
32401,2015-08-30T12:15:00+00:00,-1507172,4830.865
32401,2015-08-30T12:30:00+00:00,-1506272,4830.897
32401,2015-08-30T12:45:00+00:00,-1505372,4830.919
32401,2015-08-30T13:00:00+00:00,-1504472,4830.936
32401,2015-08-30T13:15:00+00:00,-1503572,4830.940
32401,2015-08-30T13:30:00+00:00,-1502672,4830.936
32401,2015-08-30T13:45:00+00:00,-1501772,4830.926
32401,2015-08-30T14:00:00+00:00,-1500872,4830.903
32401,2015-08-30T14:15:00+00:00,-1499972,4830.874
32401,2015-08-30T14:30:00+00:00,-1499072,4830.840
32401,2015-08-30T14:45:00+00:00,-1498172,4830.797
32401,2015-08-30T15:00:00+00:00,-1497272,4830.743
32401,2015-08-30T15:15:00+00:00,-1496372,4830.683
32401,2015-08-30T15:30:00+00:00,-1495472,4830.623
32401,2015-08-30T15:45:00+00:00,-1494572,4830.553
32401,2015-08-30T16:00:00+00:00,-1493672,4830.483
32401,2015-08-30T16:15:00+00:00,-1492772,4830.409
32401,2015-08-30T16:30:00+00:00,-1491872,4830.336
32401,2015-08-30T16:45:00+00:00,-1490972,4830.262
32401,2015-08-30T17:00:00+00:00,-1490072,4830.191
32401,2015-08-30T17:15:00+00:00,-1489172,4830.119
32401,2015-08-30T17:30:00+00:00,-1488272,4830.056
32401,2015-08-30T17:45:00+00:00,-1487372,4829.994
32401,2015-08-30T18:00:00+00:00,-1486472,4829.937
32401,2015-08-30T18:15:00+00:00,-1485572,4829.888
32401,2015-08-30T18:30:00+00:00,-1484672,4829.844
32401,2015-08-30T18:45:00+00:00,-1483772,4829.812
32401,2015-08-30T19:00:00+00:00,-1482872,4829.783
32401,2015-08-30T19:15:00+00:00,-1481972,4829.765
32401,2015-08-30T19:30:00+00:00,-1481072,4829.757
32401,2015-08-30T19:45:00+00:00,-1480172,4829.755
32401,2015-08-30T20:00:00+00:00,-1479272,4829.763
32401,2015-08-30T20:15:00+00:00,-1478372,4829.775
32401,2015-08-30T20:30:00+00:00,-1477472,4829.797
32401,2015-08-30T20:45:00+00:00,-1476572,4829.824
32401,2015-08-30T21:00:00+00:00,-1475672,4829.860
32401,2015-08-30T21:15:00+00:00,-1474772,4829.902
32401,2015-08-30T21:30:00+00:00,-1473872,4829.947
32401,2015-08-30T21:45:00+00:00,-1472972,4829.999
32401,2015-08-30T22:00:00+00:00,-1472072,4830.054
32401,2015-08-30T22:15:00+00:00,-1471172,4830.111
32401,2015-08-30T22:30:00+00:00,-1470272,4830.167
32401,2015-08-30T22:45:00+00:00,-1469372,4830.226
32401,2015-08-30T23:00:00+00:00,-1468472,4830.287
32401,2015-08-30T23:15:00+00:00,-1467572,4830.344
32401,2015-08-30T23:30:00+00:00,-1466672,4830.398
32401,2015-08-30T23:45:00+00:00,-1465772,4830.449
32401,2015-08-31T00:00:00+00:00,-1464872,4830.498
32401,2015-08-31T00:15:00+00:00,-1463972,4830.543
32401,2015-08-31T00:30:00+00:00,-1463072,4830.579
32401,2015-08-31T00:45:00+00:00,-1462172,4830.608
32401,2015-08-31T01:00:00+00:00,-1461272,4830.634
32401,2015-08-31T01:15:00+00:00,-1460372,4830.649
32401,2015-08-31T01:30:00+00:00,-1459472,4830.658
32401,2015-08-31T01:45:00+00:00,-1458572,4830.659
32401,2015-08-31T02:00:00+00:00,-1457672,4830.655
32401,2015-08-31T02:15:00+00:00,-1456772,4830.640
32401,2015-08-31T02:30:00+00:00,-1455872,4830.619
32401,2015-08-31T02:45:00+00:00,-1454972,4830.588
32401,2015-08-31T03:00:00+00:00,-1454072,4830.552
32401,2015-08-31T03:15:00+00:00,-1453172,4830.511
32401,2015-08-31T03:30:00+00:00,-1452272,4830.467
32401,2015-08-31T03:45:00+00:00,-1451372,4830.415
32401,2015-08-31T04:00:00+00:00,-1450472,4830.365
32401,2015-08-31T04:15:00+00:00,-1449572,4830.311
32401,2015-08-31T04:30:00+00:00,-1448672,4830.258
32401,2015-08-31T04:45:00+00:00,-1447772,4830.199
32401,2015-08-31T05:00:00+00:00,-1446872,4830.145
32401,2015-08-31T05:15:00+00:00,-1445972,4830.092
32401,2015-08-31T05:30:00+00:00,-1445072,4830.044
32401,2015-08-31T05:45:00+00:00,-1444172,4829.991
32401,2015-08-31T06:00:00+00:00,-1443272,4829.946
32401,2015-08-31T06:15:00+00:00,-1442372,4829.906
32401,2015-08-31T06:30:00+00:00,-1441472,4829.867
32401,2015-08-31T06:45:00+00:00,-1440572,4829.835
32401,2015-08-31T07:00:00+00:00,-1439672,4829.810
32401,2015-08-31T07:15:00+00:00,-1438772,4829.795
32401,2015-08-31T07:30:00+00:00,-1437872,4829.782
32401,2015-08-31T07:45:00+00:00,-1436972,4829.780
32401,2015-08-31T08:00:00+00:00,-1436072,4829.787
32401,2015-08-31T08:15:00+00:00,-1435172,4829.803
32401,2015-08-31T08:30:00+00:00,-1434272,4829.827
32401,2015-08-31T08:45:00+00:00,-1433372,4829.857
32401,2015-08-31T09:00:00+00:00,-1432472,4829.895
32401,2015-08-31T09:15:00+00:00,-1431572,4829.940
32401,2015-08-31T09:30:00+00:00,-1430672,4829.994
32401,2015-08-31T09:45:00+00:00,-1429772,4830.051
32401,2015-08-31T10:00:00+00:00,-1428872,4830.114
32401,2015-08-31T10:15:00+00:00,-1427972,4830.178
32401,2015-08-31T10:30:00+00:00,-1427072,4830.248
32401,2015-08-31T10:45:00+00:00,-1426172,4830.317
32401,2015-08-31T11:00:00+00:00,-1425272,4830.390
32401,2015-08-31T11:15:00+00:00,-1424372,4830.457
32401,2015-08-31T11:30:00+00:00,-1423472,4830.529
32401,2015-08-31T11:45:00+00:00,-1422572,4830.596
32401,2015-08-31T12:00:00+00:00,-1421672,4830.662
32401,2015-08-31T12:15:00+00:00,-1420772,4830.719
32401,2015-08-31T12:30:00+00:00,-1419872,4830.777
32401,2015-08-31T12:45:00+00:00,-1418972,4830.823
32401,2015-08-31T13:00:00+00:00,-1418072,4830.863
32401,2015-08-31T13:15:00+00:00,-1417172,4830.893
32401,2015-08-31T13:30:00+00:00,-1416272,4830.916
32401,2015-08-31T13:45:00+00:00,-1415372,4830.935
32401,2015-08-31T14:00:00+00:00,-1414472,4830.942
32401,2015-08-31T14:15:00+00:00,-1413572,4830.939
32401,2015-08-31T14:30:00+00:00,-1412672,4830.928
32401,2015-08-31T14:45:00+00:00,-1411772,4830.908
32401,2015-08-31T15:00:00+00:00,-1410872,4830.875
32401,2015-08-31T15:15:00+00:00,-1409972,4830.840
32401,2015-08-31T15:30:00+00:00,-1409072,4830.795
32401,2015-08-31T15:45:00+00:00,-1408172,4830.743
32401,2015-08-31T16:00:00+00:00,-1407272,4830.684
32401,2015-08-31T16:15:00+00:00,-1406372,4830.618
32401,2015-08-31T16:30:00+00:00,-1405472,4830.550
32401,2015-08-31T16:45:00+00:00,-1404572,4830.477
32401,2015-08-31T17:00:00+00:00,-1403672,4830.402
32401,2015-08-31T17:15:00+00:00,-1402772,4830.324
32401,2015-08-31T17:30:00+00:00,-1401872,4830.249
32401,2015-08-31T17:45:00+00:00,-1400972,4830.173
32401,2015-08-31T18:00:00+00:00,-1400072,4830.101
32401,2015-08-31T18:15:00+00:00,-1399172,4830.032
32401,2015-08-31T18:30:00+00:00,-1398272,4829.969
32401,2015-08-31T18:45:00+00:00,-1397372,4829.913
32401,2015-08-31T19:00:00+00:00,-1396472,4829.860
32401,2015-08-31T19:15:00+00:00,-1395572,4829.817
32401,2015-08-31T19:30:00+00:00,-1394672,4829.785
32401,2015-08-31T19:45:00+00:00,-1393772,4829.759
32401,2015-08-31T20:00:00+00:00,-1392872,4829.743
32401,2015-08-31T20:15:00+00:00,-1391972,4829.734
32401,2015-08-31T20:30:00+00:00,-1391072,4829.735
32401,2015-08-31T20:45:00+00:00,-1390172,4829.743
32401,2015-08-31T21:00:00+00:00,-1389272,4829.759
32401,2015-08-31T21:15:00+00:00,-1388372,4829.782
32401,2015-08-31T21:30:00+00:00,-1387472,4829.814
32401,2015-08-31T21:45:00+00:00,-1386572,4829.852
32401,2015-08-31T22:00:00+00:00,-1385672,4829.899
32401,2015-08-31T22:15:00+00:00,-1384772,4829.947
32401,2015-08-31T22:30:00+00:00,-1383872,4830.003
32401,2015-08-31T22:45:00+00:00,-1382972,4830.064
32401,2015-08-31T23:00:00+00:00,-1382072,4830.129
32401,2015-08-31T23:15:00+00:00,-1381172,4830.189
32401,2015-08-31T23:30:00+00:00,-1380272,4830.254
32401,2015-08-31T23:45:00+00:00,-1379372,4830.320
32401,2015-09-01T00:00:00+00:00,-1378472,4830.377
32401,2015-09-01T00:15:00+00:00,-1377572,4830.441
32401,2015-09-01T00:30:00+00:00,-1376672,4830.496
32401,2015-09-01T00:45:00+00:00,-1375772,4830.548
32401,2015-09-01T01:00:00+00:00,-1374872,4830.593
32401,2015-09-01T01:15:00+00:00,-1373972,4830.634
32401,2015-09-01T01:30:00+00:00,-1373072,4830.671
32401,2015-09-01T01:45:00+00:00,-1372172,4830.697
32401,2015-09-01T02:00:00+00:00,-1371272,4830.714
32401,2015-09-01T02:15:00+00:00,-1370372,4830.725
32401,2015-09-01T02:30:00+00:00,-1369472,4830.727
32401,2015-09-01T02:45:00+00:00,-1368572,4830.720
32401,2015-09-01T03:00:00+00:00,-1367672,4830.705
32401,2015-09-01T03:15:00+00:00,-1366772,4830.684
32401,2015-09-01T03:30:00+00:00,-1365872,4830.655
32401,2015-09-01T03:45:00+00:00,-1364972,4830.625
32401,2015-09-01T04:00:00+00:00,-1364072,4830.582
32401,2015-09-01T04:15:00+00:00,-1363172,4830.542
32401,2015-09-01T04:30:00+00:00,-1362272,4830.492
32401,2015-09-01T04:45:00+00:00,-1361372,4830.441
32401,2015-09-01T05:00:00+00:00,-1360472,4830.384
32401,2015-09-01T05:15:00+00:00,-1359572,4830.325
32401,2015-09-01T05:30:00+00:00,-1358672,4830.267
32401,2015-09-01T05:45:00+00:00,-1357772,4830.202
32401,2015-09-01T06:00:00+00:00,-1356872,4830.144
32401,2015-09-01T06:15:00+00:00,-1355972,4830.086
32401,2015-09-01T06:30:00+00:00,-1355072,4830.029
32401,2015-09-01T06:45:00+00:00,-1354172,4829.982
32401,2015-09-01T07:00:00+00:00,-1353272,4829.936
32401,2015-09-01T07:15:00+00:00,-1352372,4829.899
32401,2015-09-01T07:30:00+00:00,-1351472,4829.865
32401,2015-09-01T07:45:00+00:00,-1350572,4829.838
32401,2015-09-01T08:00:00+00:00,-1349672,4829.819
32401,2015-09-01T08:15:00+00:00,-1348772,4829.805
32401,2015-09-01T08:30:00+00:00,-1347872,4829.798
32401,2015-09-01T08:45:00+00:00,-1346972,4829.798
32401,2015-09-01T09:00:00+00:00,-1346072,4829.807
32401,2015-09-01T09:15:00+00:00,-1345172,4829.826
32401,2015-09-01T09:30:00+00:00,-1344272,4829.849
32401,2015-09-01T09:45:00+00:00,-1343372,4829.882
32401,2015-09-01T10:00:00+00:00,-1342472,4829.923
32401,2015-09-01T10:15:00+00:00,-1341572,4829.972
32401,2015-09-01T10:30:00+00:00,-1340672,4830.024
32401,2015-09-01T10:45:00+00:00,-1339772,4830.084
32401,2015-09-01T11:00:00+00:00,-1338872,4830.150
32401,2015-09-01T11:15:00+00:00,-1337972,4830.217
32401,2015-09-01T11:30:00+00:00,-1337072,4830.281
32401,2015-09-01T11:45:00+00:00,-1336172,4830.351
32401,2015-09-01T12:00:00+00:00,-1335272,4830.420
32401,2015-09-01T12:15:00+00:00,-1334372,4830.488
32401,2015-09-01T12:30:00+00:00,-1333472,4830.550
32401,2015-09-01T12:45:00+00:00,-1332572,4830.609
32401,2015-09-01T13:00:00+00:00,-1331672,4830.668
32401,2015-09-01T13:15:00+00:00,-1330772,4830.716
32401,2015-09-01T13:30:00+00:00,-1329872,4830.762
32401,2015-09-01T13:45:00+00:00,-1328972,4830.799
32401,2015-09-01T14:00:00+00:00,-1328072,4830.833
32401,2015-09-01T14:15:00+00:00,-1327172,4830.859
32401,2015-09-01T14:30:00+00:00,-1326272,4830.876
32401,2015-09-01T14:45:00+00:00,-1325372,4830.883
32401,2015-09-01T15:00:00+00:00,-1324472,4830.881
32401,2015-09-01T15:15:00+00:00,-1323572,4830.873
32401,2015-09-01T15:30:00+00:00,-1322672,4830.854
32401,2015-09-01T15:45:00+00:00,-1321772,4830.823
32401,2015-09-01T16:00:00+00:00,-1320872,4830.790
32401,2015-09-01T16:15:00+00:00,-1319972,4830.745
32401,2015-09-01T16:30:00+00:00,-1319072,4830.691
32401,2015-09-01T16:45:00+00:00,-1318172,4830.632
32401,2015-09-01T17:00:00+00:00,-1317272,4830.568
32401,2015-09-01T17:15:00+00:00,-1316372,4830.500
32401,2015-09-01T17:30:00+00:00,-1315472,4830.431
32401,2015-09-01T17:45:00+00:00,-1314572,4830.357
32401,2015-09-01T18:00:00+00:00,-1313672,4830.284
32401,2015-09-01T18:15:00+00:00,-1312772,4830.213
32401,2015-09-01T18:30:00+00:00,-1311872,4830.141
32401,2015-09-01T18:45:00+00:00,-1310972,4830.073
32401,2015-09-01T19:00:00+00:00,-1310072,4830.010
32401,2015-09-01T19:15:00+00:00,-1309172,4829.951
32401,2015-09-01T19:30:00+00:00,-1308272,4829.901
32401,2015-09-01T19:45:00+00:00,-1307372,4829.854
32401,2015-09-01T20:00:00+00:00,-1306472,4829.814
32401,2015-09-01T20:15:00+00:00,-1305572,4829.783
32401,2015-09-01T20:30:00+00:00,-1304672,4829.758
32401,2015-09-01T20:45:00+00:00,-1303772,4829.741
32401,2015-09-01T21:00:00+00:00,-1302872,4829.731
32401,2015-09-01T21:15:00+00:00,-1301972,4829.726
32401,2015-09-01T21:30:00+00:00,-1301072,4829.736
32401,2015-09-01T21:45:00+00:00,-1300172,4829.751
32401,2015-09-01T22:00:00+00:00,-1299272,4829.774
32401,2015-09-01T22:15:00+00:00,-1298372,4829.806
32401,2015-09-01T22:30:00+00:00,-1297472,4829.845
32401,2015-09-01T22:45:00+00:00,-1296572,4829.891
32401,2015-09-01T23:00:00+00:00,-1295672,4829.945
32401,2015-09-01T23:15:00+00:00,-1294772,4830.006
32401,2015-09-01T23:30:00+00:00,-1293872,4830.070
32401,2015-09-01T23:45:00+00:00,-1292972,4830.135
32401,2015-09-02T00:00:00+00:00,-1292072,4830.200
32401,2015-09-02T00:15:00+00:00,-1291172,4830.271
32401,2015-09-02T00:30:00+00:00,-1290272,4830.336
32401,2015-09-02T00:45:00+00:00,-1289372,4830.401
32401,2015-09-02T01:00:00+00:00,-1288472,4830.463
32401,2015-09-02T01:15:00+00:00,-1287572,4830.516
32401,2015-09-02T01:30:00+00:00,-1286672,4830.570
32401,2015-09-02T01:45:00+00:00,-1285772,4830.618
32401,2015-09-02T02:00:00+00:00,-1284872,4830.660
32401,2015-09-02T02:15:00+00:00,-1283972,4830.692
32401,2015-09-02T02:30:00+00:00,-1283072,4830.721
32401,2015-09-02T02:45:00+00:00,-1282172,4830.739
32401,2015-09-02T03:00:00+00:00,-1281272,4830.753
32401,2015-09-02T03:15:00+00:00,-1280372,4830.754
32401,2015-09-02T03:30:00+00:00,-1279472,4830.748
32401,2015-09-02T03:45:00+00:00,-1278572,4830.738
32401,2015-09-02T04:00:00+00:00,-1277672,4830.719
32401,2015-09-02T04:15:00+00:00,-1276772,4830.692
32401,2015-09-02T04:30:00+00:00,-1275872,4830.662
32401,2015-09-02T04:45:00+00:00,-1274972,4830.625
32401,2015-09-02T05:00:00+00:00,-1274072,4830.586
32401,2015-09-02T05:15:00+00:00,-1273172,4830.538
32401,2015-09-02T05:30:00+00:00,-1272272,4830.489
32401,2015-09-02T05:45:00+00:00,-1271372,4830.435
32401,2015-09-02T06:00:00+00:00,-1270472,4830.382
32401,2015-09-02T06:15:00+00:00,-1269572,4830.323
32401,2015-09-02T06:30:00+00:00,-1268672,4830.267
32401,2015-09-02T06:45:00+00:00,-1267772,4830.209
32401,2015-09-02T07:00:00+00:00,-1266872,4830.153
32401,2015-09-02T07:15:00+00:00,-1265972,4830.103
32401,2015-09-02T07:30:00+00:00,-1265072,4830.051
32401,2015-09-02T07:45:00+00:00,-1264172,4830.003
32401,2015-09-02T08:00:00+00:00,-1263272,4829.961
32401,2015-09-02T08:15:00+00:00,-1262372,4829.925
32401,2015-09-02T08:30:00+00:00,-1261472,4829.894
32401,2015-09-02T08:45:00+00:00,-1260572,4829.870
32401,2015-09-02T09:00:00+00:00,-1259672,4829.854
32401,2015-09-02T09:15:00+00:00,-1258772,4829.845
32401,2015-09-02T09:30:00+00:00,-1257872,4829.844
32401,2015-09-02T09:45:00+00:00,-1256972,4829.846
32401,2015-09-02T10:00:00+00:00,-1256072,4829.860
32401,2015-09-02T10:15:00+00:00,-1255172,4829.881
32401,2015-09-02T10:30:00+00:00,-1254272,4829.904
32401,2015-09-02T10:45:00+00:00,-1253372,4829.938
32401,2015-09-02T11:00:00+00:00,-1252472,4829.979
32401,2015-09-02T11:15:00+00:00,-1251572,4830.023
32401,2015-09-02T11:30:00+00:00,-1250672,4830.070
32401,2015-09-02T11:45:00+00:00,-1249772,4830.122
32401,2015-09-02T12:00:00+00:00,-1248872,4830.178
32401,2015-09-02T12:15:00+00:00,-1247972,4830.238
32401,2015-09-02T12:30:00+00:00,-1247072,4830.294
32401,2015-09-02T12:45:00+00:00,-1246172,4830.357
32401,2015-09-02T13:00:00+00:00,-1245272,4830.419
32401,2015-09-02T13:15:00+00:00,-1244372,4830.478
32401,2015-09-02T13:30:00+00:00,-1243472,4830.533
32401,2015-09-02T13:45:00+00:00,-1242572,4830.589
32401,2015-09-02T14:00:00+00:00,-1241672,4830.637
32401,2015-09-02T14:15:00+00:00,-1240772,4830.679
32401,2015-09-02T14:30:00+00:00,-1239872,4830.716
32401,2015-09-02T14:45:00+00:00,-1238972,4830.744
32401,2015-09-02T15:00:00+00:00,-1238072,4830.765
32401,2015-09-02T15:15:00+00:00,-1237172,4830.778
32401,2015-09-02T15:30:00+00:00,-1236272,4830.780
32401,2015-09-02T15:45:00+00:00,-1235372,4830.783
32401,2015-09-02T16:00:00+00:00,-1234472,4830.774
32401,2015-09-02T16:15:00+00:00,-1233572,4830.757
32401,2015-09-02T16:30:00+00:00,-1232672,4830.732
32401,2015-09-02T16:45:00+00:00,-1231772,4830.700
32401,2015-09-02T17:00:00+00:00,-1230872,4830.664
32401,2015-09-02T17:15:00+00:00,-1229972,4830.620
32401,2015-09-02T17:30:00+00:00,-1229072,4830.571
32401,2015-09-02T17:45:00+00:00,-1228172,4830.517
32401,2015-09-02T18:00:00+00:00,-1227272,4830.457
32401,2015-09-02T18:15:00+00:00,-1226372,4830.395
32401,2015-09-02T18:30:00+00:00,-1225472,4830.329
32401,2015-09-02T18:45:00+00:00,-1224572,4830.261
32401,2015-09-02T19:00:00+00:00,-1223672,4830.195
32401,2015-09-02T19:15:00+00:00,-1222772,4830.130
32401,2015-09-02T19:30:00+00:00,-1221872,4830.066
32401,2015-09-02T19:45:00+00:00,-1220972,4830.010
32401,2015-09-02T20:00:00+00:00,-1220072,4829.952
32401,2015-09-02T20:15:00+00:00,-1219172,4829.905
32401,2015-09-02T20:30:00+00:00,-1218272,4829.861
32401,2015-09-02T20:45:00+00:00,-1217372,4829.823
32401,2015-09-02T21:00:00+00:00,-1216472,4829.795
32401,2015-09-02T21:15:00+00:00,-1215572,4829.770
32401,2015-09-02T21:30:00+00:00,-1214672,4829.755
32401,2015-09-02T21:45:00+00:00,-1213772,4829.749
32401,2015-09-02T22:00:00+00:00,-1212872,4829.746
32401,2015-09-02T22:15:00+00:00,-1211972,4829.753
32401,2015-09-02T22:30:00+00:00,-1211072,4829.769
32401,2015-09-02T22:45:00+00:00,-1210172,4829.791
32401,2015-09-02T23:00:00+00:00,-1209272,4829.820
32401,2015-09-02T23:15:00+00:00,-1208372,4829.858
32401,2015-09-02T23:30:00+00:00,-1207472,4829.902
32401,2015-09-02T23:45:00+00:00,-1206572,4829.950
32401,2015-09-03T00:00:00+00:00,-1205672,4830.006
32401,2015-09-03T00:15:00+00:00,-1204772,4830.067
32401,2015-09-03T00:30:00+00:00,-1203872,4830.125
32401,2015-09-03T00:45:00+00:00,-1202972,4830.188
32401,2015-09-03T01:00:00+00:00,-1202072,4830.252
32401,2015-09-03T01:15:00+00:00,-1201172,4830.314
32401,2015-09-03T01:30:00+00:00,-1200272,4830.376
32401,2015-09-03T01:45:00+00:00,-1199372,4830.436
32401,2015-09-03T02:00:00+00:00,-1198472,4830.492
32401,2015-09-03T02:15:00+00:00,-1197572,4830.545
32401,2015-09-03T02:30:00+00:00,-1196672,4830.595
32401,2015-09-03T02:45:00+00:00,-1195772,4830.634
32401,2015-09-03T03:00:00+00:00,-1194872,4830.670
32401,2015-09-03T03:15:00+00:00,-1193972,4830.700
32401,2015-09-03T03:30:00+00:00,-1193072,4830.722
32401,2015-09-03T03:45:00+00:00,-1192172,4830.739
32401,2015-09-03T04:00:00+00:00,-1191272,4830.749
32401,2015-09-03T04:15:00+00:00,-1190372,4830.753
32401,2015-09-03T04:30:00+00:00,-1189472,4830.744
32401,2015-09-03T04:45:00+00:00,-1188572,4830.731
32401,2015-09-03T05:00:00+00:00,-1187672,4830.714
32401,2015-09-03T05:15:00+00:00,-1186772,4830.686
32401,2015-09-03T05:30:00+00:00,-1185872,4830.655
32401,2015-09-03T05:45:00+00:00,-1184972,4830.618
32401,2015-09-03T06:00:00+00:00,-1184072,4830.574
32401,2015-09-03T06:15:00+00:00,-1183172,4830.533
32401,2015-09-03T06:30:00+00:00,-1182272,4830.484
32401,2015-09-03T06:45:00+00:00,-1181372,4830.430
32401,2015-09-03T07:00:00+00:00,-1180472,4830.377
32401,2015-09-03T07:15:00+00:00,-1179572,4830.326
32401,2015-09-03T07:30:00+00:00,-1178672,4830.270
32401,2015-09-03T07:45:00+00:00,-1177772,4830.219
32401,2015-09-03T08:00:00+00:00,-1176872,4830.168
32401,2015-09-03T08:15:00+00:00,-1175972,4830.121
32401,2015-09-03T08:30:00+00:00,-1175072,4830.075
32401,2015-09-03T08:45:00+00:00,-1174172,4830.035
32401,2015-09-03T09:00:00+00:00,-1173272,4829.999
32401,2015-09-03T09:15:00+00:00,-1172372,4829.967
32401,2015-09-03T09:30:00+00:00,-1171472,4829.941
32401,2015-09-03T09:45:00+00:00,-1170572,4829.917
32401,2015-09-03T10:00:00+00:00,-1169672,4829.902
32401,2015-09-03T10:15:00+00:00,-1168772,4829.894
32401,2015-09-03T10:30:00+00:00,-1167872,4829.892
32401,2015-09-03T10:45:00+00:00,-1166972,4829.897
32401,2015-09-03T11:00:00+00:00,-1166072,4829.908
32401,2015-09-03T11:15:00+00:00,-1165172,4829.922
32401,2015-09-03T11:30:00+00:00,-1164272,4829.946
32401,2015-09-03T11:45:00+00:00,-1163372,4829.975
32401,2015-09-03T12:00:00+00:00,-1162472,4830.005
32401,2015-09-03T12:15:00+00:00,-1161572,4830.045
32401,2015-09-03T12:30:00+00:00,-1160672,4830.087
32401,2015-09-03T12:45:00+00:00,-1159772,4830.131
32401,2015-09-03T13:00:00+00:00,-1158872,4830.184
32401,2015-09-03T13:15:00+00:00,-1157972,4830.233
32401,2015-09-03T13:30:00+00:00,-1157072,4830.283
32401,2015-09-03T13:45:00+00:00,-1156172,4830.336
32401,2015-09-03T14:00:00+00:00,-1155272,4830.386
32401,2015-09-03T14:15:00+00:00,-1154372,4830.436
32401,2015-09-03T14:30:00+00:00,-1153472,4830.479
32401,2015-09-03T14:45:00+00:00,-1152572,4830.521
32401,2015-09-03T15:00:00+00:00,-1151672,4830.561
32401,2015-09-03T15:15:00+00:00,-1150772,4830.594
32401,2015-09-03T15:30:00+00:00,-1149872,4830.619
32401,2015-09-03T15:45:00+00:00,-1148972,4830.641
32401,2015-09-03T16:00:00+00:00,-1148072,4830.659
32401,2015-09-03T16:15:00+00:00,-1147172,4830.670
32401,2015-09-03T16:30:00+00:00,-1146272,4830.667
32401,2015-09-03T16:45:00+00:00,-1145372,4830.665
32401,2015-09-03T17:00:00+00:00,-1144472,4830.652
32401,2015-09-03T17:15:00+00:00,-1143572,4830.636
32401,2015-09-03T17:30:00+00:00,-1142672,4830.614
32401,2015-09-03T17:45:00+00:00,-1141772,4830.583
32401,2015-09-03T18:00:00+00:00,-1140872,4830.549
32401,2015-09-03T18:15:00+00:00,-1139972,4830.509
32401,2015-09-03T18:30:00+00:00,-1139072,4830.465
32401,2015-09-03T18:45:00+00:00,-1138172,4830.416
32401,2015-09-03T19:00:00+00:00,-1137272,4830.362
32401,2015-09-03T19:15:00+00:00,-1136372,4830.308
32401,2015-09-03T19:30:00+00:00,-1135472,4830.249
32401,2015-09-03T19:45:00+00:00,-1134572,4830.194
32401,2015-09-03T20:00:00+00:00,-1133672,4830.138
32401,2015-09-03T20:15:00+00:00,-1132772,4830.086
32401,2015-09-03T20:30:00+00:00,-1131872,4830.032
32401,2015-09-03T20:45:00+00:00,-1130972,4829.986
32401,2015-09-03T21:00:00+00:00,-1130072,4829.945
32401,2015-09-03T21:15:00+00:00,-1129172,4829.908
32401,2015-09-03T21:30:00+00:00,-1128272,4829.874
32401,2015-09-03T21:45:00+00:00,-1127372,4829.849
32401,2015-09-03T22:00:00+00:00,-1126472,4829.829
32401,2015-09-03T22:15:00+00:00,-1125572,4829.818
32401,2015-09-03T22:30:00+00:00,-1124672,4829.811
32401,2015-09-03T22:45:00+00:00,-1123772,4829.809
32401,2015-09-03T23:00:00+00:00,-1122872,4829.815
32401,2015-09-03T23:15:00+00:00,-1121972,4829.828
32401,2015-09-03T23:30:00+00:00,-1121072,4829.847
32401,2015-09-03T23:45:00+00:00,-1120172,4829.876
32401,2015-09-04T00:00:00+00:00,-1119272,4829.906
32401,2015-09-04T00:15:00+00:00,-1118372,4829.944
32401,2015-09-04T00:30:00+00:00,-1117472,4829.985
32401,2015-09-04T00:45:00+00:00,-1116572,4830.030
32401,2015-09-04T01:00:00+00:00,-1115672,4830.083
32401,2015-09-04T01:15:00+00:00,-1114772,4830.139
32401,2015-09-04T01:30:00+00:00,-1113872,4830.196
32401,2015-09-04T01:45:00+00:00,-1112972,4830.252
32401,2015-09-04T02:00:00+00:00,-1112072,4830.313
32401,2015-09-04T02:15:00+00:00,-1111172,4830.366
32401,2015-09-04T02:30:00+00:00,-1110272,4830.426
32401,2015-09-04T02:45:00+00:00,-1109372,4830.478
32401,2015-09-04T03:00:00+00:00,-1108472,4830.527
32401,2015-09-04T03:15:00+00:00,-1107572,4830.575
32401,2015-09-04T03:30:00+00:00,-1106672,4830.618
32401,2015-09-04T03:45:00+00:00,-1105772,4830.655
32401,2015-09-04T04:00:00+00:00,-1104872,4830.684
32401,2015-09-04T04:15:00+00:00,-1103972,4830.711
32401,2015-09-04T04:30:00+00:00,-1103072,4830.729
32401,2015-09-04T04:45:00+00:00,-1102172,4830.738
32401,2015-09-04T05:00:00+00:00,-1101272,4830.746
32401,2015-09-04T05:15:00+00:00,-1100372,4830.746
32401,2015-09-04T05:30:00+00:00,-1099472,4830.741
32401,2015-09-04T05:45:00+00:00,-1098572,4830.724
32401,2015-09-04T06:00:00+00:00,-1097672,4830.706
32401,2015-09-04T06:15:00+00:00,-1096772,4830.684
32401,2015-09-04T06:30:00+00:00,-1095872,4830.658
32401,2015-09-04T06:45:00+00:00,-1094972,4830.624
32401,2015-09-04T07:00:00+00:00,-1094072,4830.582
32401,2015-09-04T07:15:00+00:00,-1093172,4830.546
32401,2015-09-04T07:30:00+00:00,-1092272,4830.501
32401,2015-09-04T07:45:00+00:00,-1091372,4830.457
32401,2015-09-04T08:00:00+00:00,-1090472,4830.414
32401,2015-09-04T08:15:00+00:00,-1089572,4830.369
32401,2015-09-04T08:30:00+00:00,-1088672,4830.319
32401,2015-09-04T08:45:00+00:00,-1087772,4830.278
32401,2015-09-04T09:00:00+00:00,-1086872,4830.233
32401,2015-09-04T09:15:00+00:00,-1085972,4830.189
32401,2015-09-04T09:30:00+00:00,-1085072,4830.152
32401,2015-09-04T09:45:00+00:00,-1084172,4830.117
32401,2015-09-04T10:00:00+00:00,-1083272,4830.084
32401,2015-09-04T10:15:00+00:00,-1082372,4830.054
32401,2015-09-04T10:30:00+00:00,-1081472,4830.030
32401,2015-09-04T10:45:00+00:00,-1080572,4830.009
32401,2015-09-04T11:00:00+00:00,-1079672,4829.992
32401,2015-09-04T11:15:00+00:00,-1078772,4829.984
32401,2015-09-04T11:30:00+00:00,-1077872,4829.972
32401,2015-09-04T11:45:00+00:00,-1076972,4829.973
32401,2015-09-04T12:00:00+00:00,-1076072,4829.980
32401,2015-09-04T12:15:00+00:00,-1075172,4829.985
32401,2015-09-04T12:30:00+00:00,-1074272,4830.000
32401,2015-09-04T12:45:00+00:00,-1073372,4830.021
32401,2015-09-04T13:00:00+00:00,-1072472,4830.041
32401,2015-09-04T13:15:00+00:00,-1071572,4830.071
32401,2015-09-04T13:30:00+00:00,-1070672,4830.102
32401,2015-09-04T13:45:00+00:00,-1069772,4830.139
32401,2015-09-04T14:00:00+00:00,-1068872,4830.177
32401,2015-09-04T14:15:00+00:00,-1067972,4830.213
32401,2015-09-04T14:30:00+00:00,-1067072,4830.253
32401,2015-09-04T14:45:00+00:00,-1066172,4830.296
32401,2015-09-04T15:00:00+00:00,-1065272,4830.335
32401,2015-09-04T15:15:00+00:00,-1064372,4830.370
32401,2015-09-04T15:30:00+00:00,-1063472,4830.403
32401,2015-09-04T15:45:00+00:00,-1062572,4830.436
32401,2015-09-04T16:00:00+00:00,-1061672,4830.465
32401,2015-09-04T16:15:00+00:00,-1060772,4830.488
32401,2015-09-04T16:30:00+00:00,-1059872,4830.509
32401,2015-09-04T16:45:00+00:00,-1058972,4830.524
32401,2015-09-04T17:00:00+00:00,-1058072,4830.537
32401,2015-09-04T17:15:00+00:00,-1057172,4830.543
32401,2015-09-04T17:30:00+00:00,-1056272,4830.543
32401,2015-09-04T17:45:00+00:00,-1055372,4830.541
32401,2015-09-04T18:00:00+00:00,-1054472,4830.532
32401,2015-09-04T18:15:00+00:00,-1053572,4830.517
32401,2015-09-04T18:30:00+00:00,-1052672,4830.499
32401,2015-09-04T18:45:00+00:00,-1051772,4830.476
32401,2015-09-04T19:00:00+00:00,-1050872,4830.445
32401,2015-09-04T19:15:00+00:00,-1049972,4830.413
32401,2015-09-04T19:30:00+00:00,-1049072,4830.375
32401,2015-09-04T19:45:00+00:00,-1048172,4830.334
32401,2015-09-04T20:00:00+00:00,-1047272,4830.292
32401,2015-09-04T20:15:00+00:00,-1046372,4830.251
32401,2015-09-04T20:30:00+00:00,-1045472,4830.209
32401,2015-09-04T20:45:00+00:00,-1044572,4830.163
32401,2015-09-04T21:00:00+00:00,-1043672,4830.122
32401,2015-09-04T21:15:00+00:00,-1042772,4830.077
32401,2015-09-04T21:30:00+00:00,-1041872,4830.038
32401,2015-09-04T21:45:00+00:00,-1040972,4830.003
32401,2015-09-04T22:00:00+00:00,-1040072,4829.971
32401,2015-09-04T22:15:00+00:00,-1039172,4829.944
32401,2015-09-04T22:30:00+00:00,-1038272,4829.921
32401,2015-09-04T22:45:00+00:00,-1037372,4829.902
32401,2015-09-04T23:00:00+00:00,-1036472,4829.887
32401,2015-09-04T23:15:00+00:00,-1035572,4829.881
32401,2015-09-04T23:30:00+00:00,-1034672,4829.879
32401,2015-09-04T23:45:00+00:00,-1033772,4829.880
32401,2015-09-05T00:00:00+00:00,-1032872,4829.891
32401,2015-09-05T00:15:00+00:00,-1031972,4829.904
32401,2015-09-05T00:30:00+00:00,-1031072,4829.922
32401,2015-09-05T00:45:00+00:00,-1030172,4829.944
32401,2015-09-05T01:00:00+00:00,-1029272,4829.973
32401,2015-09-05T01:15:00+00:00,-1028372,4830.007
32401,2015-09-05T01:30:00+00:00,-1027472,4830.046
32401,2015-09-05T01:45:00+00:00,-1026572,4830.089
32401,2015-09-05T02:00:00+00:00,-1025672,4830.137
32401,2015-09-05T02:15:00+00:00,-1024772,4830.186
32401,2015-09-05T02:30:00+00:00,-1023872,4830.234
32401,2015-09-05T02:45:00+00:00,-1022972,4830.280
32401,2015-09-05T03:00:00+00:00,-1022072,4830.333
32401,2015-09-05T03:15:00+00:00,-1021172,4830.380
32401,2015-09-05T03:30:00+00:00,-1020272,4830.429
32401,2015-09-05T03:45:00+00:00,-1019372,4830.475
32401,2015-09-05T04:00:00+00:00,-1018472,4830.519
32401,2015-09-05T04:15:00+00:00,-1017572,4830.557
32401,2015-09-05T04:30:00+00:00,-1016672,4830.593
32401,2015-09-05T04:45:00+00:00,-1015772,4830.624
32401,2015-09-05T05:00:00+00:00,-1014872,4830.650
32401,2015-09-05T05:15:00+00:00,-1013972,4830.672
32401,2015-09-05T05:30:00+00:00,-1013072,4830.686
32401,2015-09-05T05:45:00+00:00,-1012172,4830.699
32401,2015-09-05T06:00:00+00:00,-1011272,4830.705
32401,2015-09-05T06:15:00+00:00,-1010372,4830.705
32401,2015-09-05T06:30:00+00:00,-1009472,4830.704
32401,2015-09-05T06:45:00+00:00,-1008572,4830.693
32401,2015-09-05T07:00:00+00:00,-1007672,4830.677
32401,2015-09-05T07:15:00+00:00,-1006772,4830.666
32401,2015-09-05T07:30:00+00:00,-1005872,4830.639
32401,2015-09-05T07:45:00+00:00,-1004972,4830.609
32401,2015-09-05T08:00:00+00:00,-1004072,4830.582
32401,2015-09-05T08:15:00+00:00,-1003172,4830.546
32401,2015-09-05T08:30:00+00:00,-1002272,4830.511
32401,2015-09-05T08:45:00+00:00,-1001372,4830.471
32401,2015-09-05T09:00:00+00:00,-1000472,4830.434
32401,2015-09-05T09:15:00+00:00,-999572,4830.389
32401,2015-09-05T09:30:00+00:00,-998672,4830.352
32401,2015-09-05T09:45:00+00:00,-997772,4830.317
32401,2015-09-05T10:00:00+00:00,-996872,4830.273
32401,2015-09-05T10:15:00+00:00,-995972,4830.239
32401,2015-09-05T10:30:00+00:00,-995072,4830.203
32401,2015-09-05T10:45:00+00:00,-994172,4830.172
32401,2015-09-05T11:00:00+00:00,-993272,4830.142
32401,2015-09-05T11:15:00+00:00,-992372,4830.110
32401,2015-09-05T11:30:00+00:00,-991472,4830.087
32401,2015-09-05T11:45:00+00:00,-990572,4830.067
32401,2015-09-05T12:00:00+00:00,-989672,4830.047
32401,2015-09-05T12:15:00+00:00,-988772,4830.031
32401,2015-09-05T12:30:00+00:00,-987872,4830.020
32401,2015-09-05T12:45:00+00:00,-986972,4830.014
32401,2015-09-05T13:00:00+00:00,-986072,4830.013
32401,2015-09-05T13:15:00+00:00,-985172,4830.018
32401,2015-09-05T13:30:00+00:00,-984272,4830.026
32401,2015-09-05T13:45:00+00:00,-983372,4830.038
32401,2015-09-05T14:00:00+00:00,-982472,4830.054
32401,2015-09-05T14:15:00+00:00,-981572,4830.073
32401,2015-09-05T14:30:00+00:00,-980672,4830.092
32401,2015-09-05T14:45:00+00:00,-979772,4830.116
32401,2015-09-05T15:00:00+00:00,-978872,4830.141
32401,2015-09-05T15:15:00+00:00,-977972,4830.169
32401,2015-09-05T15:30:00+00:00,-977072,4830.199
32401,2015-09-05T15:45:00+00:00,-976172,4830.227
32401,2015-09-05T16:00:00+00:00,-975272,4830.256
32401,2015-09-05T16:15:00+00:00,-974372,4830.288
32401,2015-09-05T16:30:00+00:00,-973472,4830.315
32401,2015-09-05T16:45:00+00:00,-972572,4830.339
32401,2015-09-05T17:00:00+00:00,-971672,4830.362
32401,2015-09-05T17:15:00+00:00,-970772,4830.385
32401,2015-09-05T17:30:00+00:00,-969872,4830.400
32401,2015-09-05T17:45:00+00:00,-968972,4830.411
32401,2015-09-05T18:00:00+00:00,-968072,4830.421
32401,2015-09-05T18:15:00+00:00,-967172,4830.426
32401,2015-09-05T18:30:00+00:00,-966272,4830.425
32401,2015-09-05T18:45:00+00:00,-965372,4830.425
32401,2015-09-05T19:00:00+00:00,-964472,4830.419
32401,2015-09-05T19:15:00+00:00,-963572,4830.412
32401,2015-09-05T19:30:00+00:00,-962672,4830.400
32401,2015-09-05T19:45:00+00:00,-961772,4830.379
32401,2015-09-05T20:00:00+00:00,-960872,4830.356
32401,2015-09-05T20:15:00+00:00,-959972,4830.339
32401,2015-09-05T20:30:00+00:00,-959072,4830.309
32401,2015-09-05T20:45:00+00:00,-958172,4830.283
32401,2015-09-05T21:00:00+00:00,-957272,4830.253
32401,2015-09-05T21:15:00+00:00,-956372,4830.220
32401,2015-09-05T21:30:00+00:00,-955472,4830.188
32401,2015-09-05T21:45:00+00:00,-954572,4830.158
32401,2015-09-05T22:00:00+00:00,-953672,4830.126
32401,2015-09-05T22:15:00+00:00,-952772,4830.094
32401,2015-09-05T22:30:00+00:00,-951872,4830.065
32401,2015-09-05T22:45:00+00:00,-950972,4830.038
32401,2015-09-05T23:00:00+00:00,-950072,4830.011
32401,2015-09-05T23:15:00+00:00,-949172,4829.989
32401,2015-09-05T23:30:00+00:00,-948272,4829.970
32401,2015-09-05T23:45:00+00:00,-947372,4829.956
32401,2015-09-06T00:00:00+00:00,-946472,4829.944
32401,2015-09-06T00:15:00+00:00,-945572,4829.942
32401,2015-09-06T00:30:00+00:00,-944672,4829.936
32401,2015-09-06T00:45:00+00:00,-943772,4829.941
32401,2015-09-06T01:00:00+00:00,-942872,4829.947
32401,2015-09-06T01:15:00+00:00,-941972,4829.955
32401,2015-09-06T01:30:00+00:00,-941072,4829.974
32401,2015-09-06T01:45:00+00:00,-940172,4829.995
32401,2015-09-06T02:00:00+00:00,-939272,4830.020
32401,2015-09-06T02:15:00+00:00,-938372,4830.046
32401,2015-09-06T02:30:00+00:00,-937472,4830.078
32401,2015-09-06T02:45:00+00:00,-936572,4830.113
32401,2015-09-06T03:00:00+00:00,-935672,4830.155
32401,2015-09-06T03:15:00+00:00,-934772,4830.198
32401,2015-09-06T03:30:00+00:00,-933872,4830.239
32401,2015-09-06T03:45:00+00:00,-932972,4830.287
32401,2015-09-06T04:00:00+00:00,-932072,4830.334
32401,2015-09-06T04:15:00+00:00,-931172,4830.375
32401,2015-09-06T04:30:00+00:00,-930272,4830.419
32401,2015-09-06T04:45:00+00:00,-929372,4830.462
32401,2015-09-06T05:00:00+00:00,-928472,4830.497
32401,2015-09-06T05:15:00+00:00,-927572,4830.532
32401,2015-09-06T05:30:00+00:00,-926672,4830.564
32401,2015-09-06T05:45:00+00:00,-925772,4830.592
32401,2015-09-06T06:00:00+00:00,-924872,4830.619
32401,2015-09-06T06:15:00+00:00,-923972,4830.641
32401,2015-09-06T06:30:00+00:00,-923072,4830.656
32401,2015-09-06T06:45:00+00:00,-922172,4830.669
32401,2015-09-06T07:00:00+00:00,-921272,4830.682
32401,2015-09-06T07:15:00+00:00,-920372,4830.686
32401,2015-09-06T07:30:00+00:00,-919472,4830.688
32401,2015-09-06T07:45:00+00:00,-918572,4830.685
32401,2015-09-06T08:00:00+00:00,-917672,4830.678
32401,2015-09-06T08:15:00+00:00,-916772,4830.667
32401,2015-09-06T08:30:00+00:00,-915872,4830.652
32401,2015-09-06T08:45:00+00:00,-914972,4830.629
32401,2015-09-06T09:00:00+00:00,-914072,4830.605
32401,2015-09-06T09:15:00+00:00,-913172,4830.576
32401,2015-09-06T09:30:00+00:00,-912272,4830.549
32401,2015-09-06T09:45:00+00:00,-911372,4830.517
32401,2015-09-06T10:00:00+00:00,-910472,4830.486
32401,2015-09-06T10:15:00+00:00,-909572,4830.450
32401,2015-09-06T10:30:00+00:00,-908672,4830.417
32401,2015-09-06T10:45:00+00:00,-907772,4830.378
32401,2015-09-06T11:00:00+00:00,-906872,4830.342
32401,2015-09-06T11:15:00+00:00,-905972,4830.307
32401,2015-09-06T11:30:00+00:00,-905072,4830.268
32401,2015-09-06T11:45:00+00:00,-904172,4830.239
32401,2015-09-06T12:00:00+00:00,-903272,4830.205
32401,2015-09-06T12:15:00+00:00,-902372,4830.174
32401,2015-09-06T12:30:00+00:00,-901472,4830.144
32401,2015-09-06T12:45:00+00:00,-900572,4830.119
32401,2015-09-06T13:00:00+00:00,-899672,4830.097
32401,2015-09-06T13:15:00+00:00,-898772,4830.072
32401,2015-09-06T13:30:00+00:00,-897872,4830.057
32401,2015-09-06T13:45:00+00:00,-896972,4830.046
32401,2015-09-06T14:00:00+00:00,-896072,4830.036
32401,2015-09-06T14:15:00+00:00,-895172,4830.030
32401,2015-09-06T14:30:00+00:00,-894272,4830.031
32401,2015-09-06T14:45:00+00:00,-893372,4830.034
32401,2015-09-06T15:00:00+00:00,-892472,4830.040
32401,2015-09-06T15:15:00+00:00,-891572,4830.050
32401,2015-09-06T15:30:00+00:00,-890672,4830.065
32401,2015-09-06T15:45:00+00:00,-889772,4830.082
32401,2015-09-06T16:00:00+00:00,-888872,4830.100
32401,2015-09-06T16:15:00+00:00,-887972,4830.121
32401,2015-09-06T16:30:00+00:00,-887072,4830.141
32401,2015-09-06T16:45:00+00:00,-886172,4830.165
32401,2015-09-06T17:00:00+00:00,-885272,4830.187
32401,2015-09-06T17:15:00+00:00,-884372,4830.216
32401,2015-09-06T17:30:00+00:00,-883472,4830.237
32401,2015-09-06T17:45:00+00:00,-882572,4830.260
32401,2015-09-06T18:00:00+00:00,-881672,4830.278
32401,2015-09-06T18:15:00+00:00,-880772,4830.300
32401,2015-09-06T18:30:00+00:00,-879872,4830.317
32401,2015-09-06T18:45:00+00:00,-878972,4830.333
32401,2015-09-06T19:00:00+00:00,-878072,4830.347
32401,2015-09-06T19:15:00+00:00,-877172,4830.358
32401,2015-09-06T19:30:00+00:00,-876272,4830.365
32401,2015-09-06T19:45:00+00:00,-875372,4830.373
32401,2015-09-06T20:00:00+00:00,-874472,4830.372
32401,2015-09-06T20:15:00+00:00,-873572,4830.371
32401,2015-09-06T20:30:00+00:00,-872672,4830.367
32401,2015-09-06T20:45:00+00:00,-871772,4830.356
32401,2015-09-06T21:00:00+00:00,-870872,4830.345
32401,2015-09-06T21:15:00+00:00,-869972,4830.333
32401,2015-09-06T21:30:00+00:00,-869072,4830.311
32401,2015-09-06T21:45:00+00:00,-868172,4830.289
32401,2015-09-06T22:00:00+00:00,-867272,4830.268
32401,2015-09-06T22:15:00+00:00,-866372,4830.244
32401,2015-09-06T22:30:00+00:00,-865472,4830.218
32401,2015-09-06T22:45:00+00:00,-864572,4830.190
32401,2015-09-06T23:00:00+00:00,-863672,4830.165
32401,2015-09-06T23:15:00+00:00,-862772,4830.137
32401,2015-09-06T23:30:00+00:00,-861872,4830.114
32401,2015-09-06T23:45:00+00:00,-860972,4830.088
32401,2015-09-07T00:00:00+00:00,-860072,4830.065
32401,2015-09-07T00:15:00+00:00,-859172,4830.050
32401,2015-09-07T00:30:00+00:00,-858272,4830.031
32401,2015-09-07T00:45:00+00:00,-857372,4830.017
32401,2015-09-07T01:00:00+00:00,-856472,4830.004
32401,2015-09-07T01:15:00+00:00,-855572,4829.998
32401,2015-09-07T01:30:00+00:00,-854672,4829.995
32401,2015-09-07T01:45:00+00:00,-853772,4829.995
32401,2015-09-07T02:00:00+00:00,-852872,4829.999
32401,2015-09-07T02:15:00+00:00,-851972,4830.006
32401,2015-09-07T02:30:00+00:00,-851072,4830.018
32401,2015-09-07T02:45:00+00:00,-850172,4830.032
32401,2015-09-07T03:00:00+00:00,-849272,4830.053
32401,2015-09-07T03:15:00+00:00,-848372,4830.075
32401,2015-09-07T03:30:00+00:00,-847472,4830.102
32401,2015-09-07T03:45:00+00:00,-846572,4830.132
32401,2015-09-07T04:00:00+00:00,-845672,4830.160
32401,2015-09-07T04:15:00+00:00,-844772,4830.198
32401,2015-09-07T04:30:00+00:00,-843872,4830.233
32401,2015-09-07T04:45:00+00:00,-842972,4830.270
32401,2015-09-07T05:00:00+00:00,-842072,4830.311
32401,2015-09-07T05:15:00+00:00,-841172,4830.348
32401,2015-09-07T05:30:00+00:00,-840272,4830.386
32401,2015-09-07T05:45:00+00:00,-839372,4830.423
32401,2015-09-07T06:00:00+00:00,-838472,4830.462
32401,2015-09-07T06:15:00+00:00,-837572,4830.494
32401,2015-09-07T06:30:00+00:00,-836672,4830.529
32401,2015-09-07T06:45:00+00:00,-835772,4830.560
32401,2015-09-07T07:00:00+00:00,-834872,4830.589
32401,2015-09-07T07:15:00+00:00,-833972,4830.614
32401,2015-09-07T07:30:00+00:00,-833072,4830.634
32401,2015-09-07T07:45:00+00:00,-832172,4830.651
32401,2015-09-07T08:00:00+00:00,-831272,4830.666
32401,2015-09-07T08:15:00+00:00,-830372,4830.679
32401,2015-09-07T08:30:00+00:00,-829472,4830.683
32401,2015-09-07T08:45:00+00:00,-828572,4830.686
32401,2015-09-07T09:00:00+00:00,-827672,4830.683
32401,2015-09-07T09:15:00+00:00,-826772,4830.674
32401,2015-09-07T09:30:00+00:00,-825872,4830.663
32401,2015-09-07T09:45:00+00:00,-824972,4830.645
32401,2015-09-07T10:00:00+00:00,-824072,4830.627
32401,2015-09-07T10:15:00+00:00,-823172,4830.606
32401,2015-09-07T10:30:00+00:00,-822272,4830.579
32401,2015-09-07T10:45:00+00:00,-821372,4830.550
32401,2015-09-07T11:00:00+00:00,-820472,4830.521
32401,2015-09-07T11:15:00+00:00,-819572,4830.488
32401,2015-09-07T11:30:00+00:00,-818672,4830.453
32401,2015-09-07T11:45:00+00:00,-817772,4830.417
32401,2015-09-07T12:00:00+00:00,-816872,4830.379
32401,2015-09-07T12:15:00+00:00,-815972,4830.342
32401,2015-09-07T12:30:00+00:00,-815072,4830.304
32401,2015-09-07T12:45:00+00:00,-814172,4830.269
32401,2015-09-07T13:00:00+00:00,-813272,4830.235
32401,2015-09-07T13:15:00+00:00,-812372,4830.204
32401,2015-09-07T13:30:00+00:00,-811472,4830.169
32401,2015-09-07T13:45:00+00:00,-810572,4830.143
32401,2015-09-07T14:00:00+00:00,-809672,4830.116
32401,2015-09-07T14:15:00+00:00,-808772,4830.091
32401,2015-09-07T14:30:00+00:00,-807872,4830.064
32401,2015-09-07T14:45:00+00:00,-806972,4830.050
32401,2015-09-07T15:00:00+00:00,-806072,4830.035
32401,2015-09-07T15:15:00+00:00,-805172,4830.025
32401,2015-09-07T15:30:00+00:00,-804272,4830.016
32401,2015-09-07T15:45:00+00:00,-803372,4830.013
32401,2015-09-07T16:00:00+00:00,-802472,4830.017
32401,2015-09-07T16:15:00+00:00,-801572,4830.020
32401,2015-09-07T16:30:00+00:00,-800672,4830.028
32401,2015-09-07T16:45:00+00:00,-799772,4830.037
32401,2015-09-07T17:00:00+00:00,-798872,4830.054
32401,2015-09-07T17:15:00+00:00,-797972,4830.072
32401,2015-09-07T17:30:00+00:00,-797072,4830.094
32401,2015-09-07T17:45:00+00:00,-796172,4830.118
32401,2015-09-07T18:00:00+00:00,-795272,4830.145
32401,2015-09-07T18:15:00+00:00,-794372,4830.170
32401,2015-09-07T18:30:00+00:00,-793472,4830.196
32401,2015-09-07T18:45:00+00:00,-792572,4830.225
32401,2015-09-07T19:00:00+00:00,-791672,4830.251
32401,2015-09-07T19:15:00+00:00,-790772,4830.276
32401,2015-09-07T19:30:00+00:00,-789872,4830.300
32401,2015-09-07T19:45:00+00:00,-788972,4830.317
32401,2015-09-07T20:00:00+00:00,-788072,4830.333
32401,2015-09-07T20:15:00+00:00,-787172,4830.347
32401,2015-09-07T20:30:00+00:00,-786272,4830.360
32401,2015-09-07T20:45:00+00:00,-785372,4830.367
32401,2015-09-07T21:00:00+00:00,-784472,4830.373
32401,2015-09-07T21:15:00+00:00,-783572,4830.376
32401,2015-09-07T21:30:00+00:00,-782672,4830.376
32401,2015-09-07T21:45:00+00:00,-781772,4830.370
32401,2015-09-07T22:00:00+00:00,-780872,4830.365
32401,2015-09-07T22:15:00+00:00,-779972,4830.352
32401,2015-09-07T22:30:00+00:00,-779072,4830.334
32401,2015-09-07T22:45:00+00:00,-778172,4830.314
32401,2015-09-07T23:00:00+00:00,-777272,4830.296
32401,2015-09-07T23:15:00+00:00,-776372,4830.273
32401,2015-09-07T23:30:00+00:00,-775472,4830.246
32401,2015-09-07T23:45:00+00:00,-774572,4830.223
32401,2015-09-08T00:00:00+00:00,-773672,4830.199
32401,2015-09-08T00:15:00+00:00,-772772,4830.172
32401,2015-09-08T00:30:00+00:00,-771872,4830.147
32401,2015-09-08T00:45:00+00:00,-770972,4830.122
32401,2015-09-08T01:00:00+00:00,-770072,4830.102
32401,2015-09-08T01:15:00+00:00,-769172,4830.082
32401,2015-09-08T01:30:00+00:00,-768272,4830.060
32401,2015-09-08T01:45:00+00:00,-767372,4830.046
32401,2015-09-08T02:00:00+00:00,-766472,4830.031
32401,2015-09-08T02:15:00+00:00,-765572,4830.018
32401,2015-09-08T02:30:00+00:00,-764672,4830.014
32401,2015-09-08T02:45:00+00:00,-763772,4830.008
32401,2015-09-08T03:00:00+00:00,-762872,4830.007
32401,2015-09-08T03:15:00+00:00,-761972,4830.012
32401,2015-09-08T03:30:00+00:00,-761072,4830.018
32401,2015-09-08T03:45:00+00:00,-760172,4830.030
32401,2015-09-08T04:00:00+00:00,-759272,4830.044
32401,2015-09-08T04:15:00+00:00,-758372,4830.063
32401,2015-09-08T04:30:00+00:00,-757472,4830.086
32401,2015-09-08T04:45:00+00:00,-756572,4830.110
32401,2015-09-08T05:00:00+00:00,-755672,4830.141
32401,2015-09-08T05:15:00+00:00,-754772,4830.175
32401,2015-09-08T05:30:00+00:00,-753872,4830.209
32401,2015-09-08T05:45:00+00:00,-752972,4830.249
32401,2015-09-08T06:00:00+00:00,-752072,4830.287
32401,2015-09-08T06:15:00+00:00,-751172,4830.328
32401,2015-09-08T06:30:00+00:00,-750272,4830.369
32401,2015-09-08T06:45:00+00:00,-749372,4830.410
32401,2015-09-08T07:00:00+00:00,-748472,4830.449
32401,2015-09-08T07:15:00+00:00,-747572,4830.489
32401,2015-09-08T07:30:00+00:00,-746672,4830.524
32401,2015-09-08T07:45:00+00:00,-745772,4830.559
32401,2015-09-08T08:00:00+00:00,-744872,4830.590
32401,2015-09-08T08:15:00+00:00,-743972,4830.618
32401,2015-09-08T08:30:00+00:00,-743072,4830.641
32401,2015-09-08T08:45:00+00:00,-742172,4830.662
32401,2015-09-08T09:00:00+00:00,-741272,4830.682
32401,2015-09-08T09:15:00+00:00,-740372,4830.696
32401,2015-09-08T09:30:00+00:00,-739472,4830.704
32401,2015-09-08T09:45:00+00:00,-738572,4830.710
32401,2015-09-08T10:00:00+00:00,-737672,4830.709
32401,2015-09-08T10:15:00+00:00,-736772,4830.703
32401,2015-09-08T10:30:00+00:00,-735872,4830.694
32401,2015-09-08T10:45:00+00:00,-734972,4830.683
32401,2015-09-08T11:00:00+00:00,-734072,4830.663
32401,2015-09-08T11:15:00+00:00,-733172,4830.640
32401,2015-09-08T11:30:00+00:00,-732272,4830.613
32401,2015-09-08T11:45:00+00:00,-731372,4830.580
32401,2015-09-08T12:00:00+00:00,-730472,4830.545
32401,2015-09-08T12:15:00+00:00,-729572,4830.509
32401,2015-09-08T12:30:00+00:00,-728672,4830.470
32401,2015-09-08T12:45:00+00:00,-727772,4830.427
32401,2015-09-08T13:00:00+00:00,-726872,4830.385
32401,2015-09-08T13:15:00+00:00,-725972,4830.343
32401,2015-09-08T13:30:00+00:00,-725072,4830.299
32401,2015-09-08T13:45:00+00:00,-724172,4830.257
32401,2015-09-08T14:00:00+00:00,-723272,4830.217
32401,2015-09-08T14:15:00+00:00,-722372,4830.182
32401,2015-09-08T14:30:00+00:00,-721472,4830.146
32401,2015-09-08T14:45:00+00:00,-720572,4830.112
32401,2015-09-08T15:00:00+00:00,-719672,4830.081
32401,2015-09-08T15:15:00+00:00,-718772,4830.054
32401,2015-09-08T15:30:00+00:00,-717872,4830.028
32401,2015-09-08T15:45:00+00:00,-716972,4830.009
32401,2015-09-08T16:00:00+00:00,-716072,4829.991
32401,2015-09-08T16:15:00+00:00,-715172,4829.977
32401,2015-09-08T16:30:00+00:00,-714272,4829.966
32401,2015-09-08T16:45:00+00:00,-713372,4829.964
32401,2015-09-08T17:00:00+00:00,-712472,4829.966
32401,2015-09-08T17:15:00+00:00,-711572,4829.973
32401,2015-09-08T17:30:00+00:00,-710672,4829.985
32401,2015-09-08T17:45:00+00:00,-709772,4829.997
32401,2015-09-08T18:00:00+00:00,-708872,4830.017
32401,2015-09-08T18:15:00+00:00,-707972,4830.042
32401,2015-09-08T18:30:00+00:00,-707072,4830.066
32401,2015-09-08T18:45:00+00:00,-706172,4830.094
32401,2015-09-08T19:00:00+00:00,-705272,4830.120
32401,2015-09-08T19:15:00+00:00,-704372,4830.152
32401,2015-09-08T19:30:00+00:00,-703472,4830.184
32401,2015-09-08T19:45:00+00:00,-702572,4830.213
32401,2015-09-08T20:00:00+00:00,-701672,4830.243
32401,2015-09-08T20:15:00+00:00,-700772,4830.275
32401,2015-09-08T20:30:00+00:00,-699872,4830.302
32401,2015-09-08T20:45:00+00:00,-698972,4830.326
32401,2015-09-08T21:00:00+00:00,-698072,4830.351
32401,2015-09-08T21:15:00+00:00,-697172,4830.375
32401,2015-09-08T21:30:00+00:00,-696272,4830.391
32401,2015-09-08T21:45:00+00:00,-695372,4830.407
32401,2015-09-08T22:00:00+00:00,-694472,4830.413
32401,2015-09-08T22:15:00+00:00,-693572,4830.420
32401,2015-09-08T22:30:00+00:00,-692672,4830.418
32401,2015-09-08T22:45:00+00:00,-691772,4830.414
32401,2015-09-08T23:00:00+00:00,-690872,4830.408
32401,2015-09-08T23:15:00+00:00,-689972,4830.396
32401,2015-09-08T23:30:00+00:00,-689072,4830.380
32401,2015-09-08T23:45:00+00:00,-688172,4830.363
32401,2015-09-09T00:00:00+00:00,-687272,4830.339
32401,2015-09-09T00:15:00+00:00,-686372,4830.315
32401,2015-09-09T00:30:00+00:00,-685472,4830.286
32401,2015-09-09T00:45:00+00:00,-684572,4830.258
32401,2015-09-09T01:00:00+00:00,-683672,4830.227
32401,2015-09-09T01:15:00+00:00,-682772,4830.199
32401,2015-09-09T01:30:00+00:00,-681872,4830.170
32401,2015-09-09T01:45:00+00:00,-680972,4830.142
32401,2015-09-09T02:00:00+00:00,-680072,4830.117
32401,2015-09-09T02:15:00+00:00,-679172,4830.092
32401,2015-09-09T02:30:00+00:00,-678272,4830.070
32401,2015-09-09T02:45:00+00:00,-677372,4830.050
32401,2015-09-09T03:00:00+00:00,-676472,4830.034
32401,2015-09-09T03:15:00+00:00,-675572,4830.020
32401,2015-09-09T03:30:00+00:00,-674672,4830.012
32401,2015-09-09T03:45:00+00:00,-673772,4830.007
32401,2015-09-09T04:00:00+00:00,-672872,4830.007
32401,2015-09-09T04:15:00+00:00,-671972,4830.012
32401,2015-09-09T04:30:00+00:00,-671072,4830.018
32401,2015-09-09T04:45:00+00:00,-670172,4830.034
32401,2015-09-09T05:00:00+00:00,-669272,4830.050
32401,2015-09-09T05:15:00+00:00,-668372,4830.069
32401,2015-09-09T05:30:00+00:00,-667472,4830.094
32401,2015-09-09T05:45:00+00:00,-666572,4830.121
32401,2015-09-09T06:00:00+00:00,-665672,4830.150
32401,2015-09-09T06:15:00+00:00,-664772,4830.184
32401,2015-09-09T06:30:00+00:00,-663872,4830.220
32401,2015-09-09T06:45:00+00:00,-662972,4830.259
32401,2015-09-09T07:00:00+00:00,-662072,4830.301
32401,2015-09-09T07:15:00+00:00,-661172,4830.346
32401,2015-09-09T07:30:00+00:00,-660272,4830.388
32401,2015-09-09T07:45:00+00:00,-659372,4830.435
32401,2015-09-09T08:00:00+00:00,-658472,4830.477
32401,2015-09-09T08:15:00+00:00,-657572,4830.515
32401,2015-09-09T08:30:00+00:00,-656672,4830.555
32401,2015-09-09T08:45:00+00:00,-655772,4830.590
32401,2015-09-09T09:00:00+00:00,-654872,4830.623
32401,2015-09-09T09:15:00+00:00,-653972,4830.653
32401,2015-09-09T09:30:00+00:00,-653072,4830.684
32401,2015-09-09T09:45:00+00:00,-652172,4830.708
32401,2015-09-09T10:00:00+00:00,-651272,4830.725
32401,2015-09-09T10:15:00+00:00,-650372,4830.740
32401,2015-09-09T10:30:00+00:00,-649472,4830.748
32401,2015-09-09T10:45:00+00:00,-648572,4830.753
32401,2015-09-09T11:00:00+00:00,-647672,4830.751
32401,2015-09-09T11:15:00+00:00,-646772,4830.742
32401,2015-09-09T11:30:00+00:00,-645872,4830.731
32401,2015-09-09T11:45:00+00:00,-644972,4830.711
32401,2015-09-09T12:00:00+00:00,-644072,4830.689
32401,2015-09-09T12:15:00+00:00,-643172,4830.660
32401,2015-09-09T12:30:00+00:00,-642272,4830.625
32401,2015-09-09T12:45:00+00:00,-641372,4830.589
32401,2015-09-09T13:00:00+00:00,-640472,4830.546
32401,2015-09-09T13:15:00+00:00,-639572,4830.503
32401,2015-09-09T13:30:00+00:00,-638672,4830.457
32401,2015-09-09T13:45:00+00:00,-637772,4830.410
32401,2015-09-09T14:00:00+00:00,-636872,4830.358
32401,2015-09-09T14:15:00+00:00,-635972,4830.314
32401,2015-09-09T14:30:00+00:00,-635072,4830.269
32401,2015-09-09T14:45:00+00:00,-634172,4830.222
32401,2015-09-09T15:00:00+00:00,-633272,4830.175
32401,2015-09-09T15:15:00+00:00,-632372,4830.135
32401,2015-09-09T15:30:00+00:00,-631472,4830.094
32401,2015-09-09T15:45:00+00:00,-630572,4830.059
32401,2015-09-09T16:00:00+00:00,-629672,4830.026
32401,2015-09-09T16:15:00+00:00,-628772,4829.997
32401,2015-09-09T16:30:00+00:00,-627872,4829.970
32401,2015-09-09T16:45:00+00:00,-626972,4829.950
32401,2015-09-09T17:00:00+00:00,-626072,4829.938
32401,2015-09-09T17:15:00+00:00,-625172,4829.932
32401,2015-09-09T17:30:00+00:00,-624272,4829.928
32401,2015-09-09T17:45:00+00:00,-623372,4829.931
32401,2015-09-09T18:00:00+00:00,-622472,4829.940
32401,2015-09-09T18:15:00+00:00,-621572,4829.952
32401,2015-09-09T18:30:00+00:00,-620672,4829.970
32401,2015-09-09T18:45:00+00:00,-619772,4829.994
32401,2015-09-09T19:00:00+00:00,-618872,4830.019
32401,2015-09-09T19:15:00+00:00,-617972,4830.049
32401,2015-09-09T19:30:00+00:00,-617072,4830.083
32401,2015-09-09T19:45:00+00:00,-616172,4830.116
32401,2015-09-09T20:00:00+00:00,-615272,4830.153
32401,2015-09-09T20:15:00+00:00,-614372,4830.186
32401,2015-09-09T20:30:00+00:00,-613472,4830.221
32401,2015-09-09T20:45:00+00:00,-612572,4830.260
32401,2015-09-09T21:00:00+00:00,-611672,4830.295
32401,2015-09-09T21:15:00+00:00,-610772,4830.326
32401,2015-09-09T21:30:00+00:00,-609872,4830.359
32401,2015-09-09T21:45:00+00:00,-608972,4830.387
32401,2015-09-09T22:00:00+00:00,-608072,4830.410
32401,2015-09-09T22:15:00+00:00,-607172,4830.431
32401,2015-09-09T22:30:00+00:00,-606272,4830.446
32401,2015-09-09T22:45:00+00:00,-605372,4830.459
32401,2015-09-09T23:00:00+00:00,-604472,4830.463
32401,2015-09-09T23:15:00+00:00,-603572,4830.466
32401,2015-09-09T23:30:00+00:00,-602672,4830.464
32401,2015-09-09T23:45:00+00:00,-601772,4830.457
32401,2015-09-10T00:00:00+00:00,-600872,4830.442
32401,2015-09-10T00:15:00+00:00,-599972,4830.424
32401,2015-09-10T00:30:00+00:00,-599072,4830.401
32401,2015-09-10T00:45:00+00:00,-598172,4830.377
32401,2015-09-10T01:00:00+00:00,-597272,4830.348
32401,2015-09-10T01:15:00+00:00,-596372,4830.318
32401,2015-09-10T01:30:00+00:00,-595472,4830.285
32401,2015-09-10T01:45:00+00:00,-594572,4830.250
32401,2015-09-10T02:00:00+00:00,-593672,4830.217
32401,2015-09-10T02:15:00+00:00,-592772,4830.183
32401,2015-09-10T02:30:00+00:00,-591872,4830.147
32401,2015-09-10T02:45:00+00:00,-590972,4830.113
32401,2015-09-10T03:00:00+00:00,-590072,4830.084
32401,2015-09-10T03:15:00+00:00,-589172,4830.056
32401,2015-09-10T03:30:00+00:00,-588272,4830.031
32401,2015-09-10T03:45:00+00:00,-587372,4830.008
32401,2015-09-10T04:00:00+00:00,-586472,4829.991
32401,2015-09-10T04:15:00+00:00,-585572,4829.979
32401,2015-09-10T04:30:00+00:00,-584672,4829.969
32401,2015-09-10T04:45:00+00:00,-583772,4829.964
32401,2015-09-10T05:00:00+00:00,-582872,4829.965
32401,2015-09-10T05:15:00+00:00,-581972,4829.971
32401,2015-09-10T05:30:00+00:00,-581072,4829.980
32401,2015-09-10T05:45:00+00:00,-580172,4829.995
32401,2015-09-10T06:00:00+00:00,-579272,4830.015
32401,2015-09-10T06:15:00+00:00,-578372,4830.042
32401,2015-09-10T06:30:00+00:00,-577472,4830.071
32401,2015-09-10T06:45:00+00:00,-576572,4830.103
32401,2015-09-10T07:00:00+00:00,-575672,4830.143
32401,2015-09-10T07:15:00+00:00,-574772,4830.182
32401,2015-09-10T07:30:00+00:00,-573872,4830.227
32401,2015-09-10T07:45:00+00:00,-572972,4830.272
32401,2015-09-10T08:00:00+00:00,-572072,4830.316
32401,2015-09-10T08:15:00+00:00,-571172,4830.365
32401,2015-09-10T08:30:00+00:00,-570272,4830.412
32401,2015-09-10T08:45:00+00:00,-569372,4830.459
32401,2015-09-10T09:00:00+00:00,-568472,4830.505
32401,2015-09-10T09:15:00+00:00,-567572,4830.551
32401,2015-09-10T09:30:00+00:00,-566672,4830.591
32401,2015-09-10T09:45:00+00:00,-565772,4830.628
32401,2015-09-10T10:00:00+00:00,-564872,4830.661
32401,2015-09-10T10:15:00+00:00,-563972,4830.692
32401,2015-09-10T10:30:00+00:00,-563072,4830.716
32401,2015-09-10T10:45:00+00:00,-562172,4830.736
32401,2015-09-10T11:00:00+00:00,-561272,4830.752
32401,2015-09-10T11:15:00+00:00,-560372,4830.762
32401,2015-09-10T11:30:00+00:00,-559472,4830.766
32401,2015-09-10T11:45:00+00:00,-558572,4830.762
32401,2015-09-10T12:00:00+00:00,-557672,4830.753
32401,2015-09-10T12:15:00+00:00,-556772,4830.740
32401,2015-09-10T12:30:00+00:00,-555872,4830.718
32401,2015-09-10T12:45:00+00:00,-554972,4830.692
32401,2015-09-10T13:00:00+00:00,-554072,4830.660
32401,2015-09-10T13:15:00+00:00,-553172,4830.627
32401,2015-09-10T13:30:00+00:00,-552272,4830.584
32401,2015-09-10T13:45:00+00:00,-551372,4830.541
32401,2015-09-10T14:00:00+00:00,-550472,4830.494
32401,2015-09-10T14:15:00+00:00,-549572,4830.445
32401,2015-09-10T14:30:00+00:00,-548672,4830.393
32401,2015-09-10T14:45:00+00:00,-547772,4830.341
32401,2015-09-10T15:00:00+00:00,-546872,4830.287
32401,2015-09-10T15:15:00+00:00,-545972,4830.231
32401,2015-09-10T15:30:00+00:00,-545072,4830.179
32401,2015-09-10T15:45:00+00:00,-544172,4830.131
32401,2015-09-10T16:00:00+00:00,-543272,4830.082
32401,2015-09-10T16:15:00+00:00,-542372,4830.037
32401,2015-09-10T16:30:00+00:00,-541472,4829.996
32401,2015-09-10T16:45:00+00:00,-540572,4829.964
32401,2015-09-10T17:00:00+00:00,-539672,4829.935
32401,2015-09-10T17:15:00+00:00,-538772,4829.910
32401,2015-09-10T17:30:00+00:00,-537872,4829.895
32401,2015-09-10T17:45:00+00:00,-536972,4829.887
32401,2015-09-10T18:00:00+00:00,-536072,4829.878
32401,2015-09-10T18:15:00+00:00,-535172,4829.879
32401,2015-09-10T18:30:00+00:00,-534272,4829.883
32401,2015-09-10T18:45:00+00:00,-533372,4829.897
32401,2015-09-10T19:00:00+00:00,-532472,4829.912
32401,2015-09-10T19:15:00+00:00,-531572,4829.935
32401,2015-09-10T19:30:00+00:00,-530672,4829.957
32401,2015-09-10T19:45:00+00:00,-529772,4829.990
32401,2015-09-10T20:00:00+00:00,-528872,4830.025
32401,2015-09-10T20:15:00+00:00,-527972,4830.063
32401,2015-09-10T20:30:00+00:00,-527072,4830.103
32401,2015-09-10T20:45:00+00:00,-526172,4830.142
32401,2015-09-10T21:00:00+00:00,-525272,4830.188
32401,2015-09-10T21:15:00+00:00,-524372,4830.230
32401,2015-09-10T21:30:00+00:00,-523472,4830.276
32401,2015-09-10T21:45:00+00:00,-522572,4830.316
32401,2015-09-10T22:00:00+00:00,-521672,4830.356
32401,2015-09-10T22:15:00+00:00,-520772,4830.392
32401,2015-09-10T22:30:00+00:00,-519872,4830.424
32401,2015-09-10T22:45:00+00:00,-518972,4830.451
32401,2015-09-10T23:00:00+00:00,-518072,4830.473
32401,2015-09-10T23:15:00+00:00,-517172,4830.489
32401,2015-09-10T23:30:00+00:00,-516272,4830.504
32401,2015-09-10T23:45:00+00:00,-515372,4830.513
32401,2015-09-11T00:00:00+00:00,-514472,4830.513
32401,2015-09-11T00:15:00+00:00,-513572,4830.514
32401,2015-09-11T00:30:00+00:00,-512672,4830.505
32401,2015-09-11T00:45:00+00:00,-511772,4830.490
32401,2015-09-11T01:00:00+00:00,-510872,4830.469
32401,2015-09-11T01:15:00+00:00,-509972,4830.446
32401,2015-09-11T01:30:00+00:00,-509072,4830.417
32401,2015-09-11T01:45:00+00:00,-508172,4830.383
32401,2015-09-11T02:00:00+00:00,-507272,4830.346
32401,2015-09-11T02:15:00+00:00,-506372,4830.307
32401,2015-09-11T02:30:00+00:00,-505472,4830.268
32401,2015-09-11T02:45:00+00:00,-504572,4830.228
32401,2015-09-11T03:00:00+00:00,-503672,4830.190
32401,2015-09-11T03:15:00+00:00,-502772,4830.146
32401,2015-09-11T03:30:00+00:00,-501872,4830.111
32401,2015-09-11T03:45:00+00:00,-500972,4830.075
32401,2015-09-11T04:00:00+00:00,-500072,4830.040
32401,2015-09-11T04:15:00+00:00,-499172,4830.014
32401,2015-09-11T04:30:00+00:00,-498272,4829.983
32401,2015-09-11T04:45:00+00:00,-497372,4829.962
32401,2015-09-11T05:00:00+00:00,-496472,4829.945
32401,2015-09-11T05:15:00+00:00,-495572,4829.935
32401,2015-09-11T05:30:00+00:00,-494672,4829.926
32401,2015-09-11T05:45:00+00:00,-493772,4829.925
32401,2015-09-11T06:00:00+00:00,-492872,4829.929
32401,2015-09-11T06:15:00+00:00,-491972,4829.941
32401,2015-09-11T06:30:00+00:00,-491072,4829.957
32401,2015-09-11T06:45:00+00:00,-490172,4829.981
32401,2015-09-11T07:00:00+00:00,-489272,4830.007
32401,2015-09-11T07:15:00+00:00,-488372,4830.038
32401,2015-09-11T07:30:00+00:00,-487472,4830.077
32401,2015-09-11T07:45:00+00:00,-486572,4830.115
32401,2015-09-11T08:00:00+00:00,-485672,4830.162
32401,2015-09-11T08:15:00+00:00,-484772,4830.211
32401,2015-09-11T08:30:00+00:00,-483872,4830.259
32401,2015-09-11T08:45:00+00:00,-482972,4830.309
32401,2015-09-11T09:00:00+00:00,-482072,4830.363
32401,2015-09-11T09:15:00+00:00,-481172,4830.416
32401,2015-09-11T09:30:00+00:00,-480272,4830.467
32401,2015-09-11T09:45:00+00:00,-479372,4830.517
32401,2015-09-11T10:00:00+00:00,-478472,4830.565
32401,2015-09-11T10:15:00+00:00,-477572,4830.609
32401,2015-09-11T10:30:00+00:00,-476672,4830.652
32401,2015-09-11T10:45:00+00:00,-475772,4830.692
32401,2015-09-11T11:00:00+00:00,-474872,4830.723
32401,2015-09-11T11:15:00+00:00,-473972,4830.748
32401,2015-09-11T11:30:00+00:00,-473072,4830.772
32401,2015-09-11T11:45:00+00:00,-472172,4830.782
32401,2015-09-11T12:00:00+00:00,-471272,4830.792
32401,2015-09-11T12:15:00+00:00,-470372,4830.791
32401,2015-09-11T12:30:00+00:00,-469472,4830.781
32401,2015-09-11T12:45:00+00:00,-468572,4830.771
32401,2015-09-11T13:00:00+00:00,-467672,4830.753
32401,2015-09-11T13:15:00+00:00,-466772,4830.727
32401,2015-09-11T13:30:00+00:00,-465872,4830.698
32401,2015-09-11T13:45:00+00:00,-464972,4830.663
32401,2015-09-11T14:00:00+00:00,-464072,4830.622
32401,2015-09-11T14:15:00+00:00,-463172,4830.579
32401,2015-09-11T14:30:00+00:00,-462272,4830.532
32401,2015-09-11T14:45:00+00:00,-461372,4830.480
32401,2015-09-11T15:00:00+00:00,-460472,4830.426
32401,2015-09-11T15:15:00+00:00,-459572,4830.373
32401,2015-09-11T15:30:00+00:00,-458672,4830.317
32401,2015-09-11T15:45:00+00:00,-457772,4830.260
32401,2015-09-11T16:00:00+00:00,-456872,4830.207
32401,2015-09-11T16:15:00+00:00,-455972,4830.155
32401,2015-09-11T16:30:00+00:00,-455072,4830.104
32401,2015-09-11T16:45:00+00:00,-454172,4830.059
32401,2015-09-11T17:00:00+00:00,-453272,4830.015
32401,2015-09-11T17:15:00+00:00,-452372,4829.979
32401,2015-09-11T17:30:00+00:00,-451472,4829.944
32401,2015-09-11T17:45:00+00:00,-450572,4829.916
32401,2015-09-11T18:00:00+00:00,-449672,4829.897
32401,2015-09-11T18:15:00+00:00,-448772,4829.884
32401,2015-09-11T18:30:00+00:00,-447872,4829.878
32401,2015-09-11T18:45:00+00:00,-446972,4829.876
32401,2015-09-11T19:00:00+00:00,-446072,4829.881
32401,2015-09-11T19:15:00+00:00,-445172,4829.892
32401,2015-09-11T19:30:00+00:00,-444272,4829.911
32401,2015-09-11T19:45:00+00:00,-443372,4829.931
32401,2015-09-11T20:00:00+00:00,-442472,4829.962
32401,2015-09-11T20:15:00+00:00,-441572,4829.991
32401,2015-09-11T20:30:00+00:00,-440672,4830.030
32401,2015-09-11T20:45:00+00:00,-439772,4830.071
32401,2015-09-11T21:00:00+00:00,-438872,4830.114
32401,2015-09-11T21:15:00+00:00,-437972,4830.156
32401,2015-09-11T21:30:00+00:00,-437072,4830.202
32401,2015-09-11T21:45:00+00:00,-436172,4830.249
32401,2015-09-11T22:00:00+00:00,-435272,4830.298
32401,2015-09-11T22:15:00+00:00,-434372,4830.342
32401,2015-09-11T22:30:00+00:00,-433472,4830.386
32401,2015-09-11T22:45:00+00:00,-432572,4830.423
32401,2015-09-11T23:00:00+00:00,-431672,4830.460
32401,2015-09-11T23:15:00+00:00,-430772,4830.495
32401,2015-09-11T23:30:00+00:00,-429872,4830.521
32401,2015-09-11T23:45:00+00:00,-428972,4830.547
32401,2015-09-12T00:00:00+00:00,-428072,4830.565
32401,2015-09-12T00:15:00+00:00,-427172,4830.578
32401,2015-09-12T00:30:00+00:00,-426272,4830.587
32401,2015-09-12T00:45:00+00:00,-425372,4830.586
32401,2015-09-12T01:00:00+00:00,-424472,4830.578
32401,2015-09-12T01:15:00+00:00,-423572,4830.565
32401,2015-09-12T01:30:00+00:00,-422672,4830.545
32401,2015-09-12T01:45:00+00:00,-421772,4830.519
32401,2015-09-12T02:00:00+00:00,-420872,4830.489
32401,2015-09-12T02:15:00+00:00,-419972,4830.452
32401,2015-09-12T02:30:00+00:00,-419072,4830.414
32401,2015-09-12T02:45:00+00:00,-418172,4830.370
32401,2015-09-12T03:00:00+00:00,-417272,4830.327
32401,2015-09-12T03:15:00+00:00,-416372,4830.283
32401,2015-09-12T03:30:00+00:00,-415472,4830.237
32401,2015-09-12T03:45:00+00:00,-414572,4830.194
32401,2015-09-12T04:00:00+00:00,-413672,4830.149
32401,2015-09-12T04:15:00+00:00,-412772,4830.108
32401,2015-09-12T04:30:00+00:00,-411872,4830.068
32401,2015-09-12T04:45:00+00:00,-410972,4830.031
32401,2015-09-12T05:00:00+00:00,-410072,4829.995
32401,2015-09-12T05:15:00+00:00,-409172,4829.963
32401,2015-09-12T05:30:00+00:00,-408272,4829.944
32401,2015-09-12T05:45:00+00:00,-407372,4829.927
32401,2015-09-12T06:00:00+00:00,-406472,4829.918
32401,2015-09-12T06:15:00+00:00,-405572,4829.914
32401,2015-09-12T06:30:00+00:00,-404672,4829.917
32401,2015-09-12T06:45:00+00:00,-403772,4829.926
32401,2015-09-12T07:00:00+00:00,-402872,4829.942
32401,2015-09-12T07:15:00+00:00,-401972,4829.964
32401,2015-09-12T07:30:00+00:00,-401072,4829.992
32401,2015-09-12T07:45:00+00:00,-400172,4830.023
32401,2015-09-12T08:00:00+00:00,-399272,4830.059
32401,2015-09-12T08:15:00+00:00,-398372,4830.100
32401,2015-09-12T08:30:00+00:00,-397472,4830.143
32401,2015-09-12T08:45:00+00:00,-396572,4830.191
32401,2015-09-12T09:00:00+00:00,-395672,4830.244
32401,2015-09-12T09:15:00+00:00,-394772,4830.294
32401,2015-09-12T09:30:00+00:00,-393872,4830.349
32401,2015-09-12T09:45:00+00:00,-392972,4830.402
32401,2015-09-12T10:00:00+00:00,-392072,4830.455
32401,2015-09-12T10:15:00+00:00,-391172,4830.508
32401,2015-09-12T10:30:00+00:00,-390272,4830.555
32401,2015-09-12T10:45:00+00:00,-389372,4830.604
32401,2015-09-12T11:00:00+00:00,-388472,4830.650
32401,2015-09-12T11:15:00+00:00,-387572,4830.688
32401,2015-09-12T11:30:00+00:00,-386672,4830.718
32401,2015-09-12T11:45:00+00:00,-385772,4830.748
32401,2015-09-12T12:00:00+00:00,-384872,4830.770
32401,2015-09-12T12:15:00+00:00,-383972,4830.787
32401,2015-09-12T12:30:00+00:00,-383072,4830.794
32401,2015-09-12T12:45:00+00:00,-382172,4830.800
32401,2015-09-12T13:00:00+00:00,-381272,4830.800
32401,2015-09-12T13:15:00+00:00,-380372,4830.793
32401,2015-09-12T13:30:00+00:00,-379472,4830.779
32401,2015-09-12T13:45:00+00:00,-378572,4830.756
32401,2015-09-12T14:00:00+00:00,-377672,4830.728
32401,2015-09-12T14:15:00+00:00,-376772,4830.694
32401,2015-09-12T14:30:00+00:00,-375872,4830.657
32401,2015-09-12T14:45:00+00:00,-374972,4830.613
32401,2015-09-12T15:00:00+00:00,-374072,4830.563
32401,2015-09-12T15:15:00+00:00,-373172,4830.512
32401,2015-09-12T15:30:00+00:00,-372272,4830.453
32401,2015-09-12T15:45:00+00:00,-371372,4830.395
32401,2015-09-12T16:00:00+00:00,-370472,4830.340
32401,2015-09-12T16:15:00+00:00,-369572,4830.285
32401,2015-09-12T16:30:00+00:00,-368672,4830.227
32401,2015-09-12T16:45:00+00:00,-367772,4830.173
32401,2015-09-12T17:00:00+00:00,-366872,4830.122
32401,2015-09-12T17:15:00+00:00,-365972,4830.075
32401,2015-09-12T17:30:00+00:00,-365072,4830.033
32401,2015-09-12T17:45:00+00:00,-364172,4829.990
32401,2015-09-12T18:00:00+00:00,-363272,4829.956
32401,2015-09-12T18:15:00+00:00,-362372,4829.929
32401,2015-09-12T18:30:00+00:00,-361472,4829.905
32401,2015-09-12T18:45:00+00:00,-360572,4829.889
32401,2015-09-12T19:00:00+00:00,-359672,4829.880
32401,2015-09-12T19:15:00+00:00,-358772,4829.877
32401,2015-09-12T19:30:00+00:00,-357872,4829.878
32401,2015-09-12T19:45:00+00:00,-356972,4829.888
32401,2015-09-12T20:00:00+00:00,-356072,4829.906
32401,2015-09-12T20:15:00+00:00,-355172,4829.928
32401,2015-09-12T20:30:00+00:00,-354272,4829.954
32401,2015-09-12T20:45:00+00:00,-353372,4829.986
32401,2015-09-12T21:00:00+00:00,-352472,4830.026
32401,2015-09-12T21:15:00+00:00,-351572,4830.067
32401,2015-09-12T21:30:00+00:00,-350672,4830.111
32401,2015-09-12T21:45:00+00:00,-349772,4830.159
32401,2015-09-12T22:00:00+00:00,-348872,4830.210
32401,2015-09-12T22:15:00+00:00,-347972,4830.260
32401,2015-09-12T22:30:00+00:00,-347072,4830.308
32401,2015-09-12T22:45:00+00:00,-346172,4830.354
32401,2015-09-12T23:00:00+00:00,-345272,4830.399
32401,2015-09-12T23:15:00+00:00,-344372,4830.442
32401,2015-09-12T23:30:00+00:00,-343472,4830.482
32401,2015-09-12T23:45:00+00:00,-342572,4830.518
32401,2015-09-13T00:00:00+00:00,-341672,4830.549
32401,2015-09-13T00:15:00+00:00,-340772,4830.574
32401,2015-09-13T00:30:00+00:00,-339872,4830.592
32401,2015-09-13T00:45:00+00:00,-338972,4830.607
32401,2015-09-13T01:00:00+00:00,-338072,4830.613
32401,2015-09-13T01:15:00+00:00,-337172,4830.612
32401,2015-09-13T01:30:00+00:00,-336272,4830.606
32401,2015-09-13T01:45:00+00:00,-335372,4830.596
32401,2015-09-13T02:00:00+00:00,-334472,4830.575
32401,2015-09-13T02:15:00+00:00,-333572,4830.552
32401,2015-09-13T02:30:00+00:00,-332672,4830.525
32401,2015-09-13T02:45:00+00:00,-331772,4830.493
32401,2015-09-13T03:00:00+00:00,-330872,4830.453
32401,2015-09-13T03:15:00+00:00,-329972,4830.411
32401,2015-09-13T03:30:00+00:00,-329072,4830.369
32401,2015-09-13T03:45:00+00:00,-328172,4830.322
32401,2015-09-13T04:00:00+00:00,-327272,4830.275
32401,2015-09-13T04:15:00+00:00,-326372,4830.226
32401,2015-09-13T04:30:00+00:00,-325472,4830.181
32401,2015-09-13T04:45:00+00:00,-324572,4830.136
32401,2015-09-13T05:00:00+00:00,-323672,4830.094
32401,2015-09-13T05:15:00+00:00,-322772,4830.054
32401,2015-09-13T05:30:00+00:00,-321872,4830.021
32401,2015-09-13T05:45:00+00:00,-320972,4829.985
32401,2015-09-13T06:00:00+00:00,-320072,4829.960
32401,2015-09-13T06:15:00+00:00,-319172,4829.941
32401,2015-09-13T06:30:00+00:00,-318272,4829.926
32401,2015-09-13T06:45:00+00:00,-317372,4829.917
32401,2015-09-13T07:00:00+00:00,-316472,4829.911
32401,2015-09-13T07:15:00+00:00,-315572,4829.916
32401,2015-09-13T07:30:00+00:00,-314672,4829.928
32401,2015-09-13T07:45:00+00:00,-313772,4829.943
32401,2015-09-13T08:00:00+00:00,-312872,4829.964
32401,2015-09-13T08:15:00+00:00,-311972,4829.991
32401,2015-09-13T08:30:00+00:00,-311072,4830.027
32401,2015-09-13T08:45:00+00:00,-310172,4830.068
32401,2015-09-13T09:00:00+00:00,-309272,4830.112
32401,2015-09-13T09:15:00+00:00,-308372,4830.158
32401,2015-09-13T09:30:00+00:00,-307472,4830.210
32401,2015-09-13T09:45:00+00:00,-306572,4830.263
32401,2015-09-13T10:00:00+00:00,-305672,4830.319
32401,2015-09-13T10:15:00+00:00,-304772,4830.373
32401,2015-09-13T10:30:00+00:00,-303872,4830.427
32401,2015-09-13T10:45:00+00:00,-302972,4830.485
32401,2015-09-13T11:00:00+00:00,-302072,4830.536
32401,2015-09-13T11:15:00+00:00,-301172,4830.587
32401,2015-09-13T11:30:00+00:00,-300272,4830.632
32401,2015-09-13T11:45:00+00:00,-299372,4830.672
32401,2015-09-13T12:00:00+00:00,-298472,4830.708
32401,2015-09-13T12:15:00+00:00,-297572,4830.738
32401,2015-09-13T12:30:00+00:00,-296672,4830.760
32401,2015-09-13T12:45:00+00:00,-295772,4830.776
32401,2015-09-13T13:00:00+00:00,-294872,4830.789
32401,2015-09-13T13:15:00+00:00,-293972,4830.792
32401,2015-09-13T13:30:00+00:00,-293072,4830.792
32401,2015-09-13T13:45:00+00:00,-292172,4830.783
32401,2015-09-13T14:00:00+00:00,-291272,4830.767
32401,2015-09-13T14:15:00+00:00,-290372,4830.745
32401,2015-09-13T14:30:00+00:00,-289472,4830.719
32401,2015-09-13T14:45:00+00:00,-288572,4830.684
32401,2015-09-13T15:00:00+00:00,-287672,4830.645
32401,2015-09-13T15:15:00+00:00,-286772,4830.599
32401,2015-09-13T15:30:00+00:00,-285872,4830.552
32401,2015-09-13T15:45:00+00:00,-284972,4830.500
32401,2015-09-13T16:00:00+00:00,-284072,4830.443
32401,2015-09-13T16:15:00+00:00,-283172,4830.390
32401,2015-09-13T16:30:00+00:00,-282272,4830.334
32401,2015-09-13T16:45:00+00:00,-281372,4830.276
32401,2015-09-13T17:00:00+00:00,-280472,4830.220
32401,2015-09-13T17:15:00+00:00,-279572,4830.167
32401,2015-09-13T17:30:00+00:00,-278672,4830.117
32401,2015-09-13T17:45:00+00:00,-277772,4830.067
32401,2015-09-13T18:00:00+00:00,-276872,4830.021
32401,2015-09-13T18:15:00+00:00,-275972,4829.981
32401,2015-09-13T18:30:00+00:00,-275072,4829.947
32401,2015-09-13T18:45:00+00:00,-274172,4829.919
32401,2015-09-13T19:00:00+00:00,-273272,4829.894
32401,2015-09-13T19:15:00+00:00,-272372,4829.876
32401,2015-09-13T19:30:00+00:00,-271472,4829.868
32401,2015-09-13T19:45:00+00:00,-270572,4829.865
32401,2015-09-13T20:00:00+00:00,-269672,4829.868
32401,2015-09-13T20:15:00+00:00,-268772,4829.878
32401,2015-09-13T20:30:00+00:00,-267872,4829.897
32401,2015-09-13T20:45:00+00:00,-266972,4829.921
32401,2015-09-13T21:00:00+00:00,-266072,4829.948
32401,2015-09-13T21:15:00+00:00,-265172,4829.985
32401,2015-09-13T21:30:00+00:00,-264272,4830.024
32401,2015-09-13T21:45:00+00:00,-263372,4830.065
32401,2015-09-13T22:00:00+00:00,-262472,4830.111
32401,2015-09-13T22:15:00+00:00,-261572,4830.159
32401,2015-09-13T22:30:00+00:00,-260672,4830.207
32401,2015-09-13T22:45:00+00:00,-259772,4830.257
32401,2015-09-13T23:00:00+00:00,-258872,4830.306
32401,2015-09-13T23:15:00+00:00,-257972,4830.355
32401,2015-09-13T23:30:00+00:00,-257072,4830.404
32401,2015-09-13T23:45:00+00:00,-256172,4830.446
32401,2015-09-14T00:00:00+00:00,-255272,4830.492
32401,2015-09-14T00:15:00+00:00,-254372,4830.528
32401,2015-09-14T00:30:00+00:00,-253472,4830.562
32401,2015-09-14T00:45:00+00:00,-252572,4830.589
32401,2015-09-14T01:00:00+00:00,-251672,4830.609
32401,2015-09-14T01:15:00+00:00,-250772,4830.625
32401,2015-09-14T01:30:00+00:00,-249872,4830.635
32401,2015-09-14T01:45:00+00:00,-248972,4830.636
32401,2015-09-14T02:00:00+00:00,-248072,4830.631
32401,2015-09-14T02:15:00+00:00,-247172,4830.619
32401,2015-09-14T02:30:00+00:00,-246272,4830.600
32401,2015-09-14T02:45:00+00:00,-245372,4830.580
32401,2015-09-14T03:00:00+00:00,-244472,4830.547
32401,2015-09-14T03:15:00+00:00,-243572,4830.513
32401,2015-09-14T03:30:00+00:00,-242672,4830.472
32401,2015-09-14T03:45:00+00:00,-241772,4830.431
32401,2015-09-14T04:00:00+00:00,-240872,4830.389
32401,2015-09-14T04:15:00+00:00,-239972,4830.341
32401,2015-09-14T04:30:00+00:00,-239072,4830.292
32401,2015-09-14T04:45:00+00:00,-238172,4830.244
32401,2015-09-14T05:00:00+00:00,-237272,4830.193
32401,2015-09-14T05:15:00+00:00,-236372,4830.147
32401,2015-09-14T05:30:00+00:00,-235472,4830.100
32401,2015-09-14T05:45:00+00:00,-234572,4830.058
32401,2015-09-14T06:00:00+00:00,-233672,4830.021
32401,2015-09-14T06:15:00+00:00,-232772,4829.987
32401,2015-09-14T06:30:00+00:00,-231872,4829.955
32401,2015-09-14T06:45:00+00:00,-230972,4829.934
32401,2015-09-14T07:00:00+00:00,-230072,4829.914
32401,2015-09-14T07:15:00+00:00,-229172,4829.904
32401,2015-09-14T07:30:00+00:00,-228272,4829.898
32401,2015-09-14T07:45:00+00:00,-227372,4829.900
32401,2015-09-14T08:00:00+00:00,-226472,4829.911
32401,2015-09-14T08:15:00+00:00,-225572,4829.925
32401,2015-09-14T08:30:00+00:00,-224672,4829.948
32401,2015-09-14T08:45:00+00:00,-223772,4829.974
32401,2015-09-14T09:00:00+00:00,-222872,4830.005
32401,2015-09-14T09:15:00+00:00,-221972,4830.044
32401,2015-09-14T09:30:00+00:00,-221072,4830.086
32401,2015-09-14T09:45:00+00:00,-220172,4830.133
32401,2015-09-14T10:00:00+00:00,-219272,4830.179
32401,2015-09-14T10:15:00+00:00,-218372,4830.232
32401,2015-09-14T10:30:00+00:00,-217472,4830.284
32401,2015-09-14T10:45:00+00:00,-216572,4830.336
32401,2015-09-14T11:00:00+00:00,-215672,4830.389
32401,2015-09-14T11:15:00+00:00,-214772,4830.441
32401,2015-09-14T11:30:00+00:00,-213872,4830.489
32401,2015-09-14T11:45:00+00:00,-212972,4830.537
32401,2015-09-14T12:00:00+00:00,-212072,4830.581
32401,2015-09-14T12:15:00+00:00,-211172,4830.619
32401,2015-09-14T12:30:00+00:00,-210272,4830.655
32401,2015-09-14T12:45:00+00:00,-209372,4830.684
32401,2015-09-14T13:00:00+00:00,-208472,4830.708
32401,2015-09-14T13:15:00+00:00,-207572,4830.728
32401,2015-09-14T13:30:00+00:00,-206672,4830.742
32401,2015-09-14T13:45:00+00:00,-205772,4830.746
32401,2015-09-14T14:00:00+00:00,-204872,4830.744
32401,2015-09-14T14:15:00+00:00,-203972,4830.737
32401,2015-09-14T14:30:00+00:00,-203072,4830.725
32401,2015-09-14T14:45:00+00:00,-202172,4830.703
32401,2015-09-14T15:00:00+00:00,-201272,4830.674
32401,2015-09-14T15:15:00+00:00,-200372,4830.640
32401,2015-09-14T15:30:00+00:00,-199472,4830.602
32401,2015-09-14T15:45:00+00:00,-198572,4830.560
32401,2015-09-14T16:00:00+00:00,-197672,4830.514
32401,2015-09-14T16:15:00+00:00,-196772,4830.461
32401,2015-09-14T16:30:00+00:00,-195872,4830.411
32401,2015-09-14T16:45:00+00:00,-194972,4830.358
32401,2015-09-14T17:00:00+00:00,-194072,4830.305
32401,2015-09-14T17:15:00+00:00,-193172,4830.249
32401,2015-09-14T17:30:00+00:00,-192272,4830.198
32401,2015-09-14T17:45:00+00:00,-191372,4830.147
32401,2015-09-14T18:00:00+00:00,-190472,4830.102
32401,2015-09-14T18:15:00+00:00,-189572,4830.057
32401,2015-09-14T18:30:00+00:00,-188672,4830.016
32401,2015-09-14T18:45:00+00:00,-187772,4829.979
32401,2015-09-14T19:00:00+00:00,-186872,4829.948
32401,2015-09-14T19:15:00+00:00,-185972,4829.922
32401,2015-09-14T19:30:00+00:00,-185072,4829.905
32401,2015-09-14T19:45:00+00:00,-184172,4829.891
32401,2015-09-14T20:00:00+00:00,-183272,4829.885
32401,2015-09-14T20:15:00+00:00,-182372,4829.887
32401,2015-09-14T20:30:00+00:00,-181472,4829.892
32401,2015-09-14T20:45:00+00:00,-180572,4829.906
32401,2015-09-14T21:00:00+00:00,-179672,4829.922
32401,2015-09-14T21:15:00+00:00,-178772,4829.948
32401,2015-09-14T21:30:00+00:00,-177872,4829.979
32401,2015-09-14T21:45:00+00:00,-176972,4830.010
32401,2015-09-14T22:00:00+00:00,-176072,4830.045
32401,2015-09-14T22:15:00+00:00,-175172,4830.086
32401,2015-09-14T22:30:00+00:00,-174272,4830.133
32401,2015-09-14T22:45:00+00:00,-173372,4830.180
32401,2015-09-14T23:00:00+00:00,-172472,4830.231
32401,2015-09-14T23:15:00+00:00,-171572,4830.280
32401,2015-09-14T23:30:00+00:00,-170672,4830.330
32401,2015-09-14T23:45:00+00:00,-169772,4830.381
32401,2015-09-15T00:00:00+00:00,-168872,4830.429
32401,2015-09-15T00:15:00+00:00,-167972,4830.473
32401,2015-09-15T00:30:00+00:00,-167072,4830.511
32401,2015-09-15T00:45:00+00:00,-166172,4830.546
32401,2015-09-15T01:00:00+00:00,-165272,4830.580
32401,2015-09-15T01:15:00+00:00,-164372,4830.607
32401,2015-09-15T01:30:00+00:00,-163472,4830.626
32401,2015-09-15T01:45:00+00:00,-162572,4830.639
32401,2015-09-15T02:00:00+00:00,-161672,4830.648
32401,2015-09-15T02:15:00+00:00,-160772,4830.649
32401,2015-09-15T02:30:00+00:00,-159872,4830.645
32401,2015-09-15T02:45:00+00:00,-158972,4830.632
32401,2015-09-15T03:00:00+00:00,-158072,4830.618
32401,2015-09-15T03:15:00+00:00,-157172,4830.596
32401,2015-09-15T03:30:00+00:00,-156272,4830.570
32401,2015-09-15T03:45:00+00:00,-155372,4830.536
32401,2015-09-15T04:00:00+00:00,-154472,4830.498
32401,2015-09-15T04:15:00+00:00,-153572,4830.457
32401,2015-09-15T04:30:00+00:00,-152672,4830.416
32401,2015-09-15T04:45:00+00:00,-151772,4830.368
32401,2015-09-15T05:00:00+00:00,-150872,4830.320
32401,2015-09-15T05:15:00+00:00,-149972,4830.268
32401,2015-09-15T05:30:00+00:00,-149072,4830.221
32401,2015-09-15T05:45:00+00:00,-148172,4830.173
32401,2015-09-15T06:00:00+00:00,-147272,4830.125
32401,2015-09-15T06:15:00+00:00,-146372,4830.086
32401,2015-09-15T06:30:00+00:00,-145472,4830.048
32401,2015-09-15T06:45:00+00:00,-144572,4830.015
32401,2015-09-15T07:00:00+00:00,-143672,4829.987
32401,2015-09-15T07:15:00+00:00,-142772,4829.962
32401,2015-09-15T07:30:00+00:00,-141872,4829.943
32401,2015-09-15T07:45:00+00:00,-140972,4829.930
32401,2015-09-15T08:00:00+00:00,-140072,4829.924
32401,2015-09-15T08:15:00+00:00,-139172,4829.920
32401,2015-09-15T08:30:00+00:00,-138272,4829.924
32401,2015-09-15T08:45:00+00:00,-137372,4829.937
32401,2015-09-15T09:00:00+00:00,-136472,4829.956
32401,2015-09-15T09:15:00+00:00,-135572,4829.975
32401,2015-09-15T09:30:00+00:00,-134672,4830.005
32401,2015-09-15T09:45:00+00:00,-133772,4830.038
32401,2015-09-15T10:00:00+00:00,-132872,4830.074
32401,2015-09-15T10:15:00+00:00,-131972,4830.116
32401,2015-09-15T10:30:00+00:00,-131072,4830.159
32401,2015-09-15T10:45:00+00:00,-130172,4830.205
32401,2015-09-15T11:00:00+00:00,-129272,4830.254
32401,2015-09-15T11:15:00+00:00,-128372,4830.303
32401,2015-09-15T11:30:00+00:00,-127472,4830.354
32401,2015-09-15T11:45:00+00:00,-126572,4830.400
32401,2015-09-15T12:00:00+00:00,-125672,4830.449
32401,2015-09-15T12:15:00+00:00,-124772,4830.495
32401,2015-09-15T12:30:00+00:00,-123872,4830.536
32401,2015-09-15T12:45:00+00:00,-122972,4830.573
32401,2015-09-15T13:00:00+00:00,-122072,4830.606
32401,2015-09-15T13:15:00+00:00,-121172,4830.635
32401,2015-09-15T13:30:00+00:00,-120272,4830.659
32401,2015-09-15T13:45:00+00:00,-119372,4830.673
32401,2015-09-15T14:00:00+00:00,-118472,4830.682
32401,2015-09-15T14:15:00+00:00,-117572,4830.688
32401,2015-09-15T14:30:00+00:00,-116672,4830.685
32401,2015-09-15T14:45:00+00:00,-115772,4830.674
32401,2015-09-15T15:00:00+00:00,-114872,4830.660
32401,2015-09-15T15:15:00+00:00,-113972,4830.641
32401,2015-09-15T15:30:00+00:00,-113072,4830.616
32401,2015-09-15T15:45:00+00:00,-112172,4830.583
32401,2015-09-15T16:00:00+00:00,-111272,4830.549
32401,2015-09-15T16:15:00+00:00,-110372,4830.510
32401,2015-09-15T16:30:00+00:00,-109472,4830.466
32401,2015-09-15T16:45:00+00:00,-108572,4830.423
32401,2015-09-15T17:00:00+00:00,-107672,4830.376
32401,2015-09-15T17:15:00+00:00,-106772,4830.328
32401,2015-09-15T17:30:00+00:00,-105872,4830.280
32401,2015-09-15T17:45:00+00:00,-104972,4830.232
32401,2015-09-15T18:00:00+00:00,-104072,4830.181
32401,2015-09-15T18:15:00+00:00,-103172,4830.136
32401,2015-09-15T18:30:00+00:00,-102272,4830.091
32401,2015-09-15T18:45:00+00:00,-101372,4830.047
32401,2015-09-15T19:00:00+00:00,-100472,4830.013
32401,2015-09-15T19:15:00+00:00,-99572,4829.974
32401,2015-09-15T19:30:00+00:00,-98672,4829.947
32401,2015-09-15T19:45:00+00:00,-97772,4829.921
32401,2015-09-15T20:00:00+00:00,-96872,4829.904
32401,2015-09-15T20:15:00+00:00,-95972,4829.894
32401,2015-09-15T20:30:00+00:00,-95072,4829.891
32401,2015-09-15T20:45:00+00:00,-94172,4829.892
32401,2015-09-15T21:00:00+00:00,-93272,4829.897
32401,2015-09-15T21:15:00+00:00,-92372,4829.909
32401,2015-09-15T21:30:00+00:00,-91472,4829.930
32401,2015-09-15T21:45:00+00:00,-90572,4829.954
32401,2015-09-15T22:00:00+00:00,-89672,4829.978
32401,2015-09-15T22:15:00+00:00,-88772,4830.013
32401,2015-09-15T22:30:00+00:00,-87872,4830.050
32401,2015-09-15T22:45:00+00:00,-86972,4830.092
32401,2015-09-15T23:00:00+00:00,-86072,4830.132
32401,2015-09-15T23:15:00+00:00,-85172,4830.179
32401,2015-09-15T23:30:00+00:00,-84272,4830.230
32401,2015-09-15T23:45:00+00:00,-83372,4830.277
32401,2015-09-16T00:00:00+00:00,-82472,4830.324
32401,2015-09-16T00:15:00+00:00,-81572,4830.370
32401,2015-09-16T00:30:00+00:00,-80672,4830.417
32401,2015-09-16T00:45:00+00:00,-79772,4830.461
32401,2015-09-16T01:00:00+00:00,-78872,4830.499
32401,2015-09-16T01:15:00+00:00,-77972,4830.536
32401,2015-09-16T01:30:00+00:00,-77072,4830.569
32401,2015-09-16T01:45:00+00:00,-76172,4830.597
32401,2015-09-16T02:00:00+00:00,-75272,4830.614
32401,2015-09-16T02:15:00+00:00,-74372,4830.628
32401,2015-09-16T02:30:00+00:00,-73472,4830.639
32401,2015-09-16T02:45:00+00:00,-72572,4830.642
32401,2015-09-16T03:00:00+00:00,-71672,4830.635
32401,2015-09-16T03:15:00+00:00,-70772,4830.626
32401,2015-09-16T03:30:00+00:00,-69872,4830.610
32401,2015-09-16T03:45:00+00:00,-68972,4830.590
32401,2015-09-16T04:00:00+00:00,-68072,4830.563
32401,2015-09-16T04:15:00+00:00,-67172,4830.530
32401,2015-09-16T04:30:00+00:00,-66272,4830.495
32401,2015-09-16T04:45:00+00:00,-65372,4830.457
32401,2015-09-16T05:00:00+00:00,-64472,4830.415
32401,2015-09-16T05:15:00+00:00,-63572,4830.372
32401,2015-09-16T05:30:00+00:00,-62672,4830.325
32401,2015-09-16T05:45:00+00:00,-61772,4830.279
32401,2015-09-16T06:00:00+00:00,-60872,4830.233
32401,2015-09-16T06:15:00+00:00,-59972,4830.188
32401,2015-09-16T06:30:00+00:00,-59072,4830.145
32401,2015-09-16T06:45:00+00:00,-58172,4830.104
32401,2015-09-16T07:00:00+00:00,-57272,4830.070
32401,2015-09-16T07:15:00+00:00,-56372,4830.036
32401,2015-09-16T07:30:00+00:00,-55472,4830.009
32401,2015-09-16T07:45:00+00:00,-54572,4829.985
32401,2015-09-16T08:00:00+00:00,-53672,4829.966
32401,2015-09-16T08:15:00+00:00,-52772,4829.954
32401,2015-09-16T08:30:00+00:00,-51872,4829.942
32401,2015-09-16T08:45:00+00:00,-50972,4829.938
32401,2015-09-16T09:00:00+00:00,-50072,4829.943
32401,2015-09-16T09:15:00+00:00,-49172,4829.952
32401,2015-09-16T09:30:00+00:00,-48272,4829.964
32401,2015-09-16T09:45:00+00:00,-47372,4829.985
32401,2015-09-16T10:00:00+00:00,-46472,4830.011
32401,2015-09-16T10:15:00+00:00,-45572,4830.043
32401,2015-09-16T10:30:00+00:00,-44672,4830.078
32401,2015-09-16T10:45:00+00:00,-43772,4830.118
32401,2015-09-16T11:00:00+00:00,-42872,4830.160
32401,2015-09-16T11:15:00+00:00,-41972,4830.201
32401,2015-09-16T11:30:00+00:00,-41072,4830.246
32401,2015-09-16T11:45:00+00:00,-40172,4830.289
32401,2015-09-16T12:00:00+00:00,-39272,4830.333
32401,2015-09-16T12:15:00+00:00,-38372,4830.374
32401,2015-09-16T12:30:00+00:00,-37472,4830.415
32401,2015-09-16T12:45:00+00:00,-36572,4830.452
32401,2015-09-16T13:00:00+00:00,-35672,4830.489
32401,2015-09-16T13:15:00+00:00,-34772,4830.523
32401,2015-09-16T13:30:00+00:00,-33872,4830.554
32401,2015-09-16T13:45:00+00:00,-32972,4830.580
32401,2015-09-16T14:00:00+00:00,-32072,4830.599
32401,2015-09-16T14:15:00+00:00,-31172,4830.616
32401,2015-09-16T14:30:00+00:00,-30272,4830.627
32401,2015-09-16T14:45:00+00:00,-29372,4830.628
32401,2015-09-16T15:00:00+00:00,-28472,4830.628
32401,2015-09-16T15:15:00+00:00,-27572,4830.617
32401,2015-09-16T15:30:00+00:00,-26672,4830.601
32401,2015-09-16T15:45:00+00:00,-25772,4830.581
32401,2015-09-16T16:00:00+00:00,-24872,4830.557
32401,2015-09-16T16:15:00+00:00,-23972,4830.530
32401,2015-09-16T16:30:00+00:00,-23072,4830.496
32401,2015-09-16T16:45:00+00:00,-22172,4830.460
32401,2015-09-16T17:00:00+00:00,-21272,4830.422
32401,2015-09-16T17:15:00+00:00,-20372,4830.380
32401,2015-09-16T17:30:00+00:00,-19472,4830.338
32401,2015-09-16T17:45:00+00:00,-18572,4830.294
32401,2015-09-16T18:00:00+00:00,-17672,4830.247
32401,2015-09-16T18:15:00+00:00,-16772,4830.203
32401,2015-09-16T18:30:00+00:00,-15872,4830.160
32401,2015-09-16T18:45:00+00:00,-14972,4830.120
32401,2015-09-16T19:00:00+00:00,-14072,4830.081
32401,2015-09-16T19:15:00+00:00,-13172,4830.042
32401,2015-09-16T19:30:00+00:00,-12272,4830.007
32401,2015-09-16T19:45:00+00:00,-11372,4829.980
32401,2015-09-16T20:00:00+00:00,-10472,4829.954
32401,2015-09-16T20:15:00+00:00,-9572,4829.935
32401,2015-09-16T20:30:00+00:00,-8672,4829.919
32401,2015-09-16T20:45:00+00:00,-7772,4829.913
32401,2015-09-16T21:00:00+00:00,-6872,4829.911
32401,2015-09-16T21:15:00+00:00,-5972,4829.914
32401,2015-09-16T21:30:00+00:00,-5072,4829.924
32401,2015-09-16T21:45:00+00:00,-4172,4829.936
