station_id,timestamp_utc,seconds_from_origin,height_m
46403,2015-08-17T23:00:00+00:00,-2591672,4508.251
46403,2015-08-17T23:15:00+00:00,-2590772,4508.317
46403,2015-08-17T23:30:00+00:00,-2589872,4508.374
46403,2015-08-17T23:45:00+00:00,-2588972,4508.416
46403,2015-08-18T00:00:00+00:00,-2588072,4508.448
46403,2015-08-18T00:15:00+00:00,-2587172,4508.470
46403,2015-08-18T00:30:00+00:00,-2586272,4508.480
46403,2015-08-18T00:45:00+00:00,-2585372,4508.477
46403,2015-08-18T01:00:00+00:00,-2584472,4508.461
46403,2015-08-18T01:15:00+00:00,-2583572,4508.431
46403,2015-08-18T01:30:00+00:00,-2582672,4508.388
46403,2015-08-18T01:45:00+00:00,-2581772,4508.343
46403,2015-08-18T02:00:00+00:00,-2580872,4508.284
46403,2015-08-18T02:15:00+00:00,-2579972,4508.221
46403,2015-08-18T02:30:00+00:00,-2579072,4508.151
46403,2015-08-18T02:45:00+00:00,-2578172,4508.072
46403,2015-08-18T03:00:00+00:00,-2577272,4507.991
46403,2015-08-18T03:15:00+00:00,-2576372,4507.908
46403,2015-08-18T03:30:00+00:00,-2575472,4507.820
46403,2015-08-18T03:45:00+00:00,-2574572,4507.737
46403,2015-08-18T04:00:00+00:00,-2573672,4507.649
46403,2015-08-18T04:15:00+00:00,-2572772,4507.569
46403,2015-08-18T04:30:00+00:00,-2571872,4507.491
46403,2015-08-18T04:45:00+00:00,-2570972,4507.425
46403,2015-08-18T05:00:00+00:00,-2570072,4507.362
46403,2015-08-18T05:15:00+00:00,-2569172,4507.308
46403,2015-08-18T05:30:00+00:00,-2568272,4507.264
46403,2015-08-18T05:45:00+00:00,-2567372,4507.231
46403,2015-08-18T06:00:00+00:00,-2566472,4507.208
46403,2015-08-18T06:15:00+00:00,-2565572,4507.193
46403,2015-08-18T06:30:00+00:00,-2564672,4507.190
46403,2015-08-18T06:45:00+00:00,-2563772,4507.196
46403,2015-08-18T07:00:00+00:00,-2562872,4507.212
46403,2015-08-18T07:15:00+00:00,-2561972,4507.242
46403,2015-08-18T07:30:00+00:00,-2561072,4507.281
46403,2015-08-18T07:45:00+00:00,-2560172,4507.329
46403,2015-08-18T08:00:00+00:00,-2559272,4507.386
46403,2015-08-18T08:15:00+00:00,-2558372,4507.451
46403,2015-08-18T08:30:00+00:00,-2557472,4507.523
46403,2015-08-18T08:45:00+00:00,-2556572,4507.600
46403,2015-08-18T09:00:00+00:00,-2555672,4507.679
46403,2015-08-18T09:15:00+00:00,-2554772,4507.765
46403,2015-08-18T09:30:00+00:00,-2553872,4507.845
46403,2015-08-18T09:45:00+00:00,-2552972,4507.929
46403,2015-08-18T10:00:00+00:00,-2552072,4508.011
46403,2015-08-18T10:15:00+00:00,-2551172,4508.089
46403,2015-08-18T10:30:00+00:00,-2550272,4508.163
46403,2015-08-18T10:45:00+00:00,-2549372,4508.226
46403,2015-08-18T11:00:00+00:00,-2548472,4508.283
46403,2015-08-18T11:15:00+00:00,-2547572,4508.334
46403,2015-08-18T11:30:00+00:00,-2546672,4508.372
46403,2015-08-18T11:45:00+00:00,-2545772,4508.405
46403,2015-08-18T12:00:00+00:00,-2544872,4508.426
46403,2015-08-18T12:15:00+00:00,-2543972,4508.437
46403,2015-08-18T12:30:00+00:00,-2543072,4508.437
46403,2015-08-18T12:45:00+00:00,-2542172,4508.426
46403,2015-08-18T13:00:00+00:00,-2541272,4508.402
46403,2015-08-18T13:15:00+00:00,-2540372,4508.366
46403,2015-08-18T13:30:00+00:00,-2539472,4508.321
46403,2015-08-18T13:45:00+00:00,-2538572,4508.267
46403,2015-08-18T14:00:00+00:00,-2537672,4508.202
46403,2015-08-18T14:15:00+00:00,-2536772,4508.131
46403,2015-08-18T14:30:00+00:00,-2535872,4508.050
46403,2015-08-18T14:45:00+00:00,-2534972,4507.962
46403,2015-08-18T15:00:00+00:00,-2534072,4507.870
46403,2015-08-18T15:15:00+00:00,-2533172,4507.779
46403,2015-08-18T15:30:00+00:00,-2532272,4507.684
46403,2015-08-18T15:45:00+00:00,-2531372,4507.592
46403,2015-08-18T16:00:00+00:00,-2530472,4507.500
46403,2015-08-18T16:15:00+00:00,-2529572,4507.414
46403,2015-08-18T16:30:00+00:00,-2528672,4507.328
46403,2015-08-18T16:45:00+00:00,-2527772,4507.250
46403,2015-08-18T17:00:00+00:00,-2526872,4507.181
46403,2015-08-18T17:15:00+00:00,-2525972,4507.114
46403,2015-08-18T17:30:00+00:00,-2525072,4507.060
46403,2015-08-18T17:45:00+00:00,-2524172,4507.010
46403,2015-08-18T18:00:00+00:00,-2523272,4506.975
46403,2015-08-18T18:15:00+00:00,-2522372,4506.951
46403,2015-08-18T18:30:00+00:00,-2521472,4506.940
46403,2015-08-18T18:45:00+00:00,-2520572,4506.941
46403,2015-08-18T19:00:00+00:00,-2519672,4506.953
46403,2015-08-18T19:15:00+00:00,-2518772,4506.981
46403,2015-08-18T19:30:00+00:00,-2517872,4507.016
46403,2015-08-18T19:45:00+00:00,-2516972,4507.064
46403,2015-08-18T20:00:00+00:00,-2516072,4507.121
46403,2015-08-18T20:15:00+00:00,-2515172,4507.186
46403,2015-08-18T20:30:00+00:00,-2514272,4507.256
46403,2015-08-18T20:45:00+00:00,-2513372,4507.340
46403,2015-08-18T21:00:00+00:00,-2512472,4507.424
46403,2015-08-18T21:15:00+00:00,-2511572,4507.518
46403,2015-08-18T21:30:00+00:00,-2510672,4507.610
46403,2015-08-18T21:45:00+00:00,-2509772,4507.706
46403,2015-08-18T22:00:00+00:00,-2508872,4507.802
46403,2015-08-18T22:15:00+00:00,-2507972,4507.898
46403,2015-08-18T22:30:00+00:00,-2507072,4507.988
46403,2015-08-18T22:45:00+00:00,-2506172,4508.075
46403,2015-08-18T23:00:00+00:00,-2505272,4508.158
46403,2015-08-18T23:15:00+00:00,-2504372,4508.231
46403,2015-08-18T23:30:00+00:00,-2503472,4508.296
46403,2015-08-18T23:45:00+00:00,-2502572,4508.354
46403,2015-08-19T00:00:00+00:00,-2501672,4508.403
46403,2015-08-19T00:15:00+00:00,-2500772,4508.441
46403,2015-08-19T00:30:00+00:00,-2499872,4508.469
46403,2015-08-19T00:45:00+00:00,-2498972,4508.484
46403,2015-08-19T01:00:00+00:00,-2498072,4508.486
46403,2015-08-19T01:15:00+00:00,-2497172,4508.478
46403,2015-08-19T01:30:00+00:00,-2496272,4508.462
46403,2015-08-19T01:45:00+00:00,-2495372,4508.436
46403,2015-08-19T02:00:00+00:00,-2494472,4508.397
46403,2015-08-19T02:15:00+00:00,-2493572,4508.350
46403,2015-08-19T02:30:00+00:00,-2492672,4508.293
46403,2015-08-19T02:45:00+00:00,-2491772,4508.225
46403,2015-08-19T03:00:00+00:00,-2490872,4508.155
46403,2015-08-19T03:15:00+00:00,-2489972,4508.077
46403,2015-08-19T03:30:00+00:00,-2489072,4507.995
46403,2015-08-19T03:45:00+00:00,-2488172,4507.913
46403,2015-08-19T04:00:00+00:00,-2487272,4507.825
46403,2015-08-19T04:15:00+00:00,-2486372,4507.739
46403,2015-08-19T04:30:00+00:00,-2485472,4507.659
46403,2015-08-19T04:45:00+00:00,-2484572,4507.581
46403,2015-08-19T05:00:00+00:00,-2483672,4507.509
46403,2015-08-19T05:15:00+00:00,-2482772,4507.439
46403,2015-08-19T05:30:00+00:00,-2481872,4507.373
46403,2015-08-19T05:45:00+00:00,-2480972,4507.318
46403,2015-08-19T06:00:00+00:00,-2480072,4507.268
46403,2015-08-19T06:15:00+00:00,-2479172,4507.230
46403,2015-08-19T06:30:00+00:00,-2478272,4507.201
46403,2015-08-19T06:45:00+00:00,-2477372,4507.181
46403,2015-08-19T07:00:00+00:00,-2476472,4507.170
46403,2015-08-19T07:15:00+00:00,-2475572,4507.171
46403,2015-08-19T07:30:00+00:00,-2474672,4507.182
46403,2015-08-19T07:45:00+00:00,-2473772,4507.206
46403,2015-08-19T08:00:00+00:00,-2472872,4507.235
46403,2015-08-19T08:15:00+00:00,-2471972,4507.275
46403,2015-08-19T08:30:00+00:00,-2471072,4507.324
46403,2015-08-19T08:45:00+00:00,-2470172,4507.380
46403,2015-08-19T09:00:00+00:00,-2469272,4507.443
46403,2015-08-19T09:15:00+00:00,-2468372,4507.510
46403,2015-08-19T09:30:00+00:00,-2467472,4507.581
46403,2015-08-19T09:45:00+00:00,-2466572,4507.657
46403,2015-08-19T10:00:00+00:00,-2465672,4507.730
46403,2015-08-19T10:15:00+00:00,-2464772,4507.805
46403,2015-08-19T10:30:00+00:00,-2463872,4507.878
46403,2015-08-19T10:45:00+00:00,-2462972,4507.949
46403,2015-08-19T11:00:00+00:00,-2462072,4508.017
46403,2015-08-19T11:15:00+00:00,-2461172,4508.077
46403,2015-08-19T11:30:00+00:00,-2460272,4508.133
46403,2015-08-19T11:45:00+00:00,-2459372,4508.184
46403,2015-08-19T12:00:00+00:00,-2458472,4508.227
46403,2015-08-19T12:15:00+00:00,-2457572,4508.263
46403,2015-08-19T12:30:00+00:00,-2456672,4508.287
46403,2015-08-19T12:45:00+00:00,-2455772,4508.301
46403,2015-08-19T13:00:00+00:00,-2454872,4508.305
46403,2015-08-19T13:15:00+00:00,-2453972,4508.301
46403,2015-08-19T13:30:00+00:00,-2453072,4508.283
46403,2015-08-19T13:45:00+00:00,-2452172,4508.260
46403,2015-08-19T14:00:00+00:00,-2451272,4508.226
46403,2015-08-19T14:15:00+00:00,-2450372,4508.180
46403,2015-08-19T14:30:00+00:00,-2449472,4508.127
46403,2015-08-19T14:45:00+00:00,-2448572,4508.065
46403,2015-08-19T15:00:00+00:00,-2447672,4507.994
46403,2015-08-19T15:15:00+00:00,-2446772,4507.920
46403,2015-08-19T15:30:00+00:00,-2445872,4507.843
46403,2015-08-19T15:45:00+00:00,-2444972,4507.766
46403,2015-08-19T16:00:00+00:00,-2444072,4507.689
46403,2015-08-19T16:15:00+00:00,-2443172,4507.609
46403,2015-08-19T16:30:00+00:00,-2442272,4507.533
46403,2015-08-19T16:45:00+00:00,-2441372,4507.456
46403,2015-08-19T17:00:00+00:00,-2440472,4507.384
46403,2015-08-19T17:15:00+00:00,-2439572,4507.316
46403,2015-08-19T17:30:00+00:00,-2438672,4507.258
46403,2015-08-19T17:45:00+00:00,-2437772,4507.202
46403,2015-08-19T18:00:00+00:00,-2436872,4507.155
46403,2015-08-19T18:15:00+00:00,-2435972,4507.119
46403,2015-08-19T18:30:00+00:00,-2435072,4507.092
46403,2015-08-19T18:45:00+00:00,-2434172,4507.072
46403,2015-08-19T19:00:00+00:00,-2433272,4507.065
46403,2015-08-19T19:15:00+00:00,-2432372,4507.069
46403,2015-08-19T19:30:00+00:00,-2431472,4507.081
46403,2015-08-19T19:45:00+00:00,-2430572,4507.105
46403,2015-08-19T20:00:00+00:00,-2429672,4507.139
46403,2015-08-19T20:15:00+00:00,-2428772,4507.181
46403,2015-08-19T20:30:00+00:00,-2427872,4507.234
46403,2015-08-19T20:45:00+00:00,-2426972,4507.293
46403,2015-08-19T21:00:00+00:00,-2426072,4507.360
46403,2015-08-19T21:15:00+00:00,-2425172,4507.433
46403,2015-08-19T21:30:00+00:00,-2424272,4507.513
46403,2015-08-19T21:45:00+00:00,-2423372,4507.595
46403,2015-08-19T22:00:00+00:00,-2422472,4507.682
46403,2015-08-19T22:15:00+00:00,-2421572,4507.769
46403,2015-08-19T22:30:00+00:00,-2420672,4507.853
46403,2015-08-19T22:45:00+00:00,-2419772,4507.936
46403,2015-08-19T23:00:00+00:00,-2418872,4508.017
46403,2015-08-19T23:15:00+00:00,-2417972,4508.096
46403,2015-08-19T23:30:00+00:00,-2417072,4508.168
46403,2015-08-19T23:45:00+00:00,-2416172,4508.236
46403,2015-08-20T00:00:00+00:00,-2415272,4508.299
46403,2015-08-20T00:15:00+00:00,-2414372,4508.350
46403,2015-08-20T00:30:00+00:00,-2413472,4508.394
46403,2015-08-20T00:45:00+00:00,-2412572,4508.425
46403,2015-08-20T01:00:00+00:00,-2411672,4508.451
46403,2015-08-20T01:15:00+00:00,-2410772,4508.468
46403,2015-08-20T01:30:00+00:00,-2409872,4508.472
46403,2015-08-20T01:45:00+00:00,-2408972,4508.467
46403,2015-08-20T02:00:00+00:00,-2408072,4508.447
46403,2015-08-20T02:15:00+00:00,-2407172,4508.420
46403,2015-08-20T02:30:00+00:00,-2406272,4508.382
46403,2015-08-20T02:45:00+00:00,-2405372,4508.334
46403,2015-08-20T03:00:00+00:00,-2404472,4508.280
46403,2015-08-20T03:15:00+00:00,-2403572,4508.220
46403,2015-08-20T03:30:00+00:00,-2402672,4508.152
46403,2015-08-20T03:45:00+00:00,-2401772,4508.079
46403,2015-08-20T04:00:00+00:00,-2400872,4508.002
46403,2015-08-20T04:15:00+00:00,-2399972,4507.919
46403,2015-08-20T04:30:00+00:00,-2399072,4507.839
46403,2015-08-20T04:45:00+00:00,-2398172,4507.755
46403,2015-08-20T05:00:00+00:00,-2397272,4507.676
46403,2015-08-20T05:15:00+00:00,-2396372,4507.598
46403,2015-08-20T05:30:00+00:00,-2395472,4507.525
46403,2015-08-20T05:45:00+00:00,-2394572,4507.455
46403,2015-08-20T06:00:00+00:00,-2393672,4507.391
46403,2015-08-20T06:15:00+00:00,-2392772,4507.334
46403,2015-08-20T06:30:00+00:00,-2391872,4507.282
46403,2015-08-20T06:45:00+00:00,-2390972,4507.242
46403,2015-08-20T07:00:00+00:00,-2390072,4507.208
46403,2015-08-20T07:15:00+00:00,-2389172,4507.184
46403,2015-08-20T07:30:00+00:00,-2388272,4507.170
46403,2015-08-20T07:45:00+00:00,-2387372,4507.162
46403,2015-08-20T08:00:00+00:00,-2386472,4507.162
46403,2015-08-20T08:15:00+00:00,-2385572,4507.173
46403,2015-08-20T08:30:00+00:00,-2384672,4507.192
46403,2015-08-20T08:45:00+00:00,-2383772,4507.223
46403,2015-08-20T09:00:00+00:00,-2382872,4507.261
46403,2015-08-20T09:15:00+00:00,-2381972,4507.305
46403,2015-08-20T09:30:00+00:00,-2381072,4507.352
46403,2015-08-20T09:45:00+00:00,-2380172,4507.407
46403,2015-08-20T10:00:00+00:00,-2379272,4507.464
46403,2015-08-20T10:15:00+00:00,-2378372,4507.527
46403,2015-08-20T10:30:00+00:00,-2377472,4507.590
46403,2015-08-20T10:45:00+00:00,-2376572,4507.655
46403,2015-08-20T11:00:00+00:00,-2375672,4507.717
46403,2015-08-20T11:15:00+00:00,-2374772,4507.781
46403,2015-08-20T11:30:00+00:00,-2373872,4507.840
46403,2015-08-20T11:45:00+00:00,-2372972,4507.898
46403,2015-08-20T12:00:00+00:00,-2372072,4507.950
46403,2015-08-20T12:15:00+00:00,-2371172,4507.999
46403,2015-08-20T12:30:00+00:00,-2370272,4508.042
46403,2015-08-20T12:45:00+00:00,-2369372,4508.078
46403,2015-08-20T13:00:00+00:00,-2368472,4508.107
46403,2015-08-20T13:15:00+00:00,-2367572,4508.127
46403,2015-08-20T13:30:00+00:00,-2366672,4508.136
46403,2015-08-20T13:45:00+00:00,-2365772,4508.139
46403,2015-08-20T14:00:00+00:00,-2364872,4508.132
46403,2015-08-20T14:15:00+00:00,-2363972,4508.119
46403,2015-08-20T14:30:00+00:00,-2363072,4508.096
46403,2015-08-20T14:45:00+00:00,-2362172,4508.063
46403,2015-08-20T15:00:00+00:00,-2361272,4508.024
46403,2015-08-20T15:15:00+00:00,-2360372,4507.979
46403,2015-08-20T15:30:00+00:00,-2359472,4507.930
46403,2015-08-20T15:45:00+00:00,-2358572,4507.873
46403,2015-08-20T16:00:00+00:00,-2357672,4507.816
46403,2015-08-20T16:15:00+00:00,-2356772,4507.753
46403,2015-08-20T16:30:00+00:00,-2355872,4507.692
46403,2015-08-20T16:45:00+00:00,-2354972,4507.629
46403,2015-08-20T17:00:00+00:00,-2354072,4507.566
46403,2015-08-20T17:15:00+00:00,-2353172,4507.506
46403,2015-08-20T17:30:00+00:00,-2352272,4507.446
46403,2015-08-20T17:45:00+00:00,-2351372,4507.390
46403,2015-08-20T18:00:00+00:00,-2350472,4507.340
46403,2015-08-20T18:15:00+00:00,-2349572,4507.299
46403,2015-08-20T18:30:00+00:00,-2348672,4507.262
46403,2015-08-20T18:45:00+00:00,-2347772,4507.233
46403,2015-08-20T19:00:00+00:00,-2346872,4507.214
46403,2015-08-20T19:15:00+00:00,-2345972,4507.201
46403,2015-08-20T19:30:00+00:00,-2345072,4507.196
46403,2015-08-20T19:45:00+00:00,-2344172,4507.201
46403,2015-08-20T20:00:00+00:00,-2343272,4507.216
46403,2015-08-20T20:15:00+00:00,-2342372,4507.240
46403,2015-08-20T20:30:00+00:00,-2341472,4507.267
46403,2015-08-20T20:45:00+00:00,-2340572,4507.305
46403,2015-08-20T21:00:00+00:00,-2339672,4507.349
46403,2015-08-20T21:15:00+00:00,-2338772,4507.401
46403,2015-08-20T21:30:00+00:00,-2337872,4507.459
46403,2015-08-20T21:45:00+00:00,-2336972,4507.520
46403,2015-08-20T22:00:00+00:00,-2336072,4507.590
46403,2015-08-20T22:15:00+00:00,-2335172,4507.661
46403,2015-08-20T22:30:00+00:00,-2334272,4507.735
46403,2015-08-20T22:45:00+00:00,-2333372,4507.813
46403,2015-08-20T23:00:00+00:00,-2332472,4507.888
46403,2015-08-20T23:15:00+00:00,-2331572,4507.961
46403,2015-08-20T23:30:00+00:00,-2330672,4508.033
46403,2015-08-20T23:45:00+00:00,-2329772,4508.105
46403,2015-08-21T00:00:00+00:00,-2328872,4508.169
46403,2015-08-21T00:15:00+00:00,-2327972,4508.231
46403,2015-08-21T00:30:00+00:00,-2327072,4508.282
46403,2015-08-21T00:45:00+00:00,-2326172,4508.330
46403,2015-08-21T01:00:00+00:00,-2325272,4508.372
46403,2015-08-21T01:15:00+00:00,-2324372,4508.405
46403,2015-08-21T01:30:00+00:00,-2323472,4508.427
46403,2015-08-21T01:45:00+00:00,-2322572,4508.442
46403,2015-08-21T02:00:00+00:00,-2321672,4508.448
46403,2015-08-21T02:15:00+00:00,-2320772,4508.442
46403,2015-08-21T02:30:00+00:00,-2319872,4508.427
46403,2015-08-21T02:45:00+00:00,-2318972,4508.407
46403,2015-08-21T03:00:00+00:00,-2318072,4508.376
46403,2015-08-21T03:15:00+00:00,-2317172,4508.341
46403,2015-08-21T03:30:00+00:00,-2316272,4508.295
46403,2015-08-21T03:45:00+00:00,-2315372,4508.244
46403,2015-08-21T04:00:00+00:00,-2314472,4508.181
46403,2015-08-21T04:15:00+00:00,-2313572,4508.115
46403,2015-08-21T04:30:00+00:00,-2312672,4508.045
46403,2015-08-21T04:45:00+00:00,-2311772,4507.971
46403,2015-08-21T05:00:00+00:00,-2310872,4507.895
46403,2015-08-21T05:15:00+00:00,-2309972,4507.817
46403,2015-08-21T05:30:00+00:00,-2309072,4507.739
46403,2015-08-21T05:45:00+00:00,-2308172,4507.665
46403,2015-08-21T06:00:00+00:00,-2307272,4507.593
46403,2015-08-21T06:15:00+00:00,-2306372,4507.524
46403,2015-08-21T06:30:00+00:00,-2305472,4507.459
46403,2015-08-21T06:45:00+00:00,-2304572,4507.398
46403,2015-08-21T07:00:00+00:00,-2303672,4507.342
46403,2015-08-21T07:15:00+00:00,-2302772,4507.295
46403,2015-08-21T07:30:00+00:00,-2301872,4507.253
46403,2015-08-21T07:45:00+00:00,-2300972,4507.219
46403,2015-08-21T08:00:00+00:00,-2300072,4507.195
46403,2015-08-21T08:15:00+00:00,-2299172,4507.177
46403,2015-08-21T08:30:00+00:00,-2298272,4507.169
46403,2015-08-21T08:45:00+00:00,-2297372,4507.169
46403,2015-08-21T09:00:00+00:00,-2296472,4507.173
46403,2015-08-21T09:15:00+00:00,-2295572,4507.189
46403,2015-08-21T09:30:00+00:00,-2294672,4507.210
46403,2015-08-21T09:45:00+00:00,-2293772,4507.239
46403,2015-08-21T10:00:00+00:00,-2292872,4507.274
46403,2015-08-21T10:15:00+00:00,-2291972,4507.314
46403,2015-08-21T10:30:00+00:00,-2291072,4507.358
46403,2015-08-21T10:45:00+00:00,-2290172,4507.407
46403,2015-08-21T11:00:00+00:00,-2289272,4507.460
46403,2015-08-21T11:15:00+00:00,-2288372,4507.512
46403,2015-08-21T11:30:00+00:00,-2287472,4507.566
46403,2015-08-21T11:45:00+00:00,-2286572,4507.623
46403,2015-08-21T12:00:00+00:00,-2285672,4507.674
46403,2015-08-21T12:15:00+00:00,-2284772,4507.727
46403,2015-08-21T12:30:00+00:00,-2283872,4507.775
46403,2015-08-21T12:45:00+00:00,-2282972,4507.821
46403,2015-08-21T13:00:00+00:00,-2282072,4507.864
46403,2015-08-21T13:15:00+00:00,-2281172,4507.902
46403,2015-08-21T13:30:00+00:00,-2280272,4507.932
46403,2015-08-21T13:45:00+00:00,-2279372,4507.958
46403,2015-08-21T14:00:00+00:00,-2278472,4507.975
46403,2015-08-21T14:15:00+00:00,-2277572,4507.986
46403,2015-08-21T14:30:00+00:00,-2276672,4507.993
46403,2015-08-21T14:45:00+00:00,-2275772,4507.991
46403,2015-08-21T15:00:00+00:00,-2274872,4507.981
46403,2015-08-21T15:15:00+00:00,-2273972,4507.967
46403,2015-08-21T15:30:00+00:00,-2273072,4507.947
46403,2015-08-21T15:45:00+00:00,-2272172,4507.921
46403,2015-08-21T16:00:00+00:00,-2271272,4507.890
46403,2015-08-21T16:15:00+00:00,-2270372,4507.857
46403,2015-08-21T16:30:00+00:00,-2269472,4507.817
46403,2015-08-21T16:45:00+00:00,-2268572,4507.778
46403,2015-08-21T17:00:00+00:00,-2267672,4507.730
46403,2015-08-21T17:15:00+00:00,-2266772,4507.681
46403,2015-08-21T17:30:00+00:00,-2265872,4507.636
46403,2015-08-21T17:45:00+00:00,-2264972,4507.589
46403,2015-08-21T18:00:00+00:00,-2264072,4507.543
46403,2015-08-21T18:15:00+00:00,-2263172,4507.501
46403,2015-08-21T18:30:00+00:00,-2262272,4507.463
46403,2015-08-21T18:45:00+00:00,-2261372,4507.430
46403,2015-08-21T19:00:00+00:00,-2260472,4507.404
46403,2015-08-21T19:15:00+00:00,-2259572,4507.380
46403,2015-08-21T19:30:00+00:00,-2258672,4507.363
46403,2015-08-21T19:45:00+00:00,-2257772,4507.352
46403,2015-08-21T20:00:00+00:00,-2256872,4507.348
46403,2015-08-21T20:15:00+00:00,-2255972,4507.351
46403,2015-08-21T20:30:00+00:00,-2255072,4507.364
46403,2015-08-21T20:45:00+00:00,-2254172,4507.380
46403,2015-08-21T21:00:00+00:00,-2253272,4507.402
46403,2015-08-21T21:15:00+00:00,-2252372,4507.429
46403,2015-08-21T21:30:00+00:00,-2251472,4507.464
46403,2015-08-21T21:45:00+00:00,-2250572,4507.506
46403,2015-08-21T22:00:00+00:00,-2249672,4507.554
46403,2015-08-21T22:15:00+00:00,-2248772,4507.607
46403,2015-08-21T22:30:00+00:00,-2247872,4507.665
46403,2015-08-21T22:45:00+00:00,-2246972,4507.726
46403,2015-08-21T23:00:00+00:00,-2246072,4507.789
46403,2015-08-21T23:15:00+00:00,-2245172,4507.852
46403,2015-08-21T23:30:00+00:00,-2244272,4507.917
46403,2015-08-21T23:45:00+00:00,-2243372,4507.983
46403,2015-08-22T00:00:00+00:00,-2242472,4508.045
46403,2015-08-22T00:15:00+00:00,-2241572,4508.106
46403,2015-08-22T00:30:00+00:00,-2240672,4508.165
46403,2015-08-22T00:45:00+00:00,-2239772,4508.216
46403,2015-08-22T01:00:00+00:00,-2238872,4508.267
46403,2015-08-22T01:15:00+00:00,-2237972,4508.313
46403,2015-08-22T01:30:00+00:00,-2237072,4508.352
46403,2015-08-22T01:45:00+00:00,-2236172,4508.383
46403,2015-08-22T02:00:00+00:00,-2235272,4508.409
46403,2015-08-22T02:15:00+00:00,-2234372,4508.427
46403,2015-08-22T02:30:00+00:00,-2233472,4508.436
46403,2015-08-22T02:45:00+00:00,-2232572,4508.436
46403,2015-08-22T03:00:00+00:00,-2231672,4508.431
46403,2015-08-22T03:15:00+00:00,-2230772,4508.415
46403,2015-08-22T03:30:00+00:00,-2229872,4508.391
46403,2015-08-22T03:45:00+00:00,-2228972,4508.359
46403,2015-08-22T04:00:00+00:00,-2228072,4508.321
46403,2015-08-22T04:15:00+00:00,-2227172,4508.275
46403,2015-08-22T04:30:00+00:00,-2226272,4508.225
46403,2015-08-22T04:45:00+00:00,-2225372,4508.167
46403,2015-08-22T05:00:00+00:00,-2224472,4508.104
46403,2015-08-22T05:15:00+00:00,-2223572,4508.039
46403,2015-08-22T05:30:00+00:00,-2222672,4507.971
46403,2015-08-22T05:45:00+00:00,-2221772,4507.902
46403,2015-08-22T06:00:00+00:00,-2220872,4507.833
46403,2015-08-22T06:15:00+00:00,-2219972,4507.762
46403,2015-08-22T06:30:00+00:00,-2219072,4507.692
46403,2015-08-22T06:45:00+00:00,-2218172,4507.623
46403,2015-08-22T07:00:00+00:00,-2217272,4507.555
46403,2015-08-22T07:15:00+00:00,-2216372,4507.492
46403,2015-08-22T07:30:00+00:00,-2215472,4507.433
46403,2015-08-22T07:45:00+00:00,-2214572,4507.378
46403,2015-08-22T08:00:00+00:00,-2213672,4507.330
46403,2015-08-22T08:15:00+00:00,-2212772,4507.288
46403,2015-08-22T08:30:00+00:00,-2211872,4507.254
46403,2015-08-22T08:45:00+00:00,-2210972,4507.221
46403,2015-08-22T09:00:00+00:00,-2210072,4507.197
46403,2015-08-22T09:15:00+00:00,-2209172,4507.179
46403,2015-08-22T09:30:00+00:00,-2208272,4507.170
46403,2015-08-22T09:45:00+00:00,-2207372,4507.166
46403,2015-08-22T10:00:00+00:00,-2206472,4507.172
46403,2015-08-22T10:15:00+00:00,-2205572,4507.183
46403,2015-08-22T10:30:00+00:00,-2204672,4507.199
46403,2015-08-22T10:45:00+00:00,-2203772,4507.217
46403,2015-08-22T11:00:00+00:00,-2202872,4507.244
46403,2015-08-22T11:15:00+00:00,-2201972,4507.278
46403,2015-08-22T11:30:00+00:00,-2201072,4507.318
46403,2015-08-22T11:45:00+00:00,-2200172,4507.360
46403,2015-08-22T12:00:00+00:00,-2199272,4507.404
46403,2015-08-22T12:15:00+00:00,-2198372,4507.451
46403,2015-08-22T12:30:00+00:00,-2197472,4507.497
46403,2015-08-22T12:45:00+00:00,-2196572,4507.545
46403,2015-08-22T13:00:00+00:00,-2195672,4507.592
46403,2015-08-22T13:15:00+00:00,-2194772,4507.636
46403,2015-08-22T13:30:00+00:00,-2193872,4507.679
46403,2015-08-22T13:45:00+00:00,-2192972,4507.719
46403,2015-08-22T14:00:00+00:00,-2192072,4507.755
46403,2015-08-22T14:15:00+00:00,-2191172,4507.791
46403,2015-08-22T14:30:00+00:00,-2190272,4507.822
46403,2015-08-22T14:45:00+00:00,-2189372,4507.848
46403,2015-08-22T15:00:00+00:00,-2188472,4507.869
46403,2015-08-22T15:15:00+00:00,-2187572,4507.883
46403,2015-08-22T15:30:00+00:00,-2186672,4507.892
46403,2015-08-22T15:45:00+00:00,-2185772,4507.893
46403,2015-08-22T16:00:00+00:00,-2184872,4507.892
46403,2015-08-22T16:15:00+00:00,-2183972,4507.885
46403,2015-08-22T16:30:00+00:00,-2183072,4507.875
46403,2015-08-22T16:45:00+00:00,-2182172,4507.859
46403,2015-08-22T17:00:00+00:00,-2181272,4507.839
46403,2015-08-22T17:15:00+00:00,-2180372,4507.814
46403,2015-08-22T17:30:00+00:00,-2179472,4507.784
46403,2015-08-22T17:45:00+00:00,-2178572,4507.756
46403,2015-08-22T18:00:00+00:00,-2177672,4507.728
46403,2015-08-22T18:15:00+00:00,-2176772,4507.698
46403,2015-08-22T18:30:00+00:00,-2175872,4507.668
46403,2015-08-22T18:45:00+00:00,-2174972,4507.640
46403,2015-08-22T19:00:00+00:00,-2174072,4507.613
46403,2015-08-22T19:15:00+00:00,-2173172,4507.587
46403,2015-08-22T19:30:00+00:00,-2172272,4507.568
46403,2015-08-22T19:45:00+00:00,-2171372,4507.547
46403,2015-08-22T20:00:00+00:00,-2170472,4507.530
46403,2015-08-22T20:15:00+00:00,-2169572,4507.519
46403,2015-08-22T20:30:00+00:00,-2168672,4507.510
46403,2015-08-22T20:45:00+00:00,-2167772,4507.508
46403,2015-08-22T21:00:00+00:00,-2166872,4507.510
46403,2015-08-22T21:15:00+00:00,-2165972,4507.518
46403,2015-08-22T21:30:00+00:00,-2165072,4507.532
46403,2015-08-22T21:45:00+00:00,-2164172,4507.551
46403,2015-08-22T22:00:00+00:00,-2163272,4507.578
46403,2015-08-22T22:15:00+00:00,-2162372,4507.607
46403,2015-08-22T22:30:00+00:00,-2161472,4507.641
46403,2015-08-22T22:45:00+00:00,-2160572,4507.680
46403,2015-08-22T23:00:00+00:00,-2159672,4507.724
46403,2015-08-22T23:15:00+00:00,-2158772,4507.769
46403,2015-08-22T23:30:00+00:00,-2157872,4507.816
46403,2015-08-22T23:45:00+00:00,-2156972,4507.868
46403,2015-08-23T00:00:00+00:00,-2156072,4507.920
46403,2015-08-23T00:15:00+00:00,-2155172,4507.975
46403,2015-08-23T00:30:00+00:00,-2154272,4508.029
46403,2015-08-23T00:45:00+00:00,-2153372,4508.080
46403,2015-08-23T01:00:00+00:00,-2152472,4508.131
46403,2015-08-23T01:15:00+00:00,-2151572,4508.182
46403,2015-08-23T01:30:00+00:00,-2150672,4508.230
46403,2015-08-23T01:45:00+00:00,-2149772,4508.274
46403,2015-08-23T02:00:00+00:00,-2148872,4508.318
46403,2015-08-23T02:15:00+00:00,-2147972,4508.357
46403,2015-08-23T02:30:00+00:00,-2147072,4508.387
46403,2015-08-23T02:45:00+00:00,-2146172,4508.411
46403,2015-08-23T03:00:00+00:00,-2145272,4508.426
46403,2015-08-23T03:15:00+00:00,-2144372,4508.439
46403,2015-08-23T03:30:00+00:00,-2143472,4508.441
46403,2015-08-23T03:45:00+00:00,-2142572,4508.435
46403,2015-08-23T04:00:00+00:00,-2141672,4508.423
46403,2015-08-23T04:15:00+00:00,-2140772,4508.403
46403,2015-08-23T04:30:00+00:00,-2139872,4508.376
46403,2015-08-23T04:45:00+00:00,-2138972,4508.344
46403,2015-08-23T05:00:00+00:00,-2138072,4508.307
46403,2015-08-23T05:15:00+00:00,-2137172,4508.263
46403,2015-08-23T05:30:00+00:00,-2136272,4508.213
46403,2015-08-23T05:45:00+00:00,-2135372,4508.158
46403,2015-08-23T06:00:00+00:00,-2134472,4508.101
46403,2015-08-23T06:15:00+00:00,-2133572,4508.037
46403,2015-08-23T06:30:00+00:00,-2132672,4507.970
46403,2015-08-23T06:45:00+00:00,-2131772,4507.901
46403,2015-08-23T07:00:00+00:00,-2130872,4507.831
46403,2015-08-23T07:15:00+00:00,-2129972,4507.763
46403,2015-08-23T07:30:00+00:00,-2129072,4507.694
46403,2015-08-23T07:45:00+00:00,-2128172,4507.627
46403,2015-08-23T08:00:00+00:00,-2127272,4507.560
46403,2015-08-23T08:15:00+00:00,-2126372,4507.500
46403,2015-08-23T08:30:00+00:00,-2125472,4507.439
46403,2015-08-23T08:45:00+00:00,-2124572,4507.383
46403,2015-08-23T09:00:00+00:00,-2123672,4507.329
46403,2015-08-23T09:15:00+00:00,-2122772,4507.281
46403,2015-08-23T09:30:00+00:00,-2121872,4507.240
46403,2015-08-23T09:45:00+00:00,-2120972,4507.204
46403,2015-08-23T10:00:00+00:00,-2120072,4507.175
46403,2015-08-23T10:15:00+00:00,-2119172,4507.154
46403,2015-08-23T10:30:00+00:00,-2118272,4507.141
46403,2015-08-23T10:45:00+00:00,-2117372,4507.131
46403,2015-08-23T11:00:00+00:00,-2116472,4507.130
46403,2015-08-23T11:15:00+00:00,-2115572,4507.135
46403,2015-08-23T11:30:00+00:00,-2114672,4507.145
46403,2015-08-23T11:45:00+00:00,-2113772,4507.159
46403,2015-08-23T12:00:00+00:00,-2112872,4507.180
46403,2015-08-23T12:15:00+00:00,-2111972,4507.206
46403,2015-08-23T12:30:00+00:00,-2111072,4507.239
46403,2015-08-23T12:45:00+00:00,-2110172,4507.274
46403,2015-08-23T13:00:00+00:00,-2109272,4507.315
46403,2015-08-23T13:15:00+00:00,-2108372,4507.355
46403,2015-08-23T13:30:00+00:00,-2107472,4507.398
46403,2015-08-23T13:45:00+00:00,-2106572,4507.442
46403,2015-08-23T14:00:00+00:00,-2105672,4507.487
46403,2015-08-23T14:15:00+00:00,-2104772,4507.533
46403,2015-08-23T14:30:00+00:00,-2103872,4507.578
46403,2015-08-23T14:45:00+00:00,-2102972,4507.621
46403,2015-08-23T15:00:00+00:00,-2102072,4507.662
46403,2015-08-23T15:15:00+00:00,-2101172,4507.699
46403,2015-08-23T15:30:00+00:00,-2100272,4507.733
46403,2015-08-23T15:45:00+00:00,-2099372,4507.762
46403,2015-08-23T16:00:00+00:00,-2098472,4507.791
46403,2015-08-23T16:15:00+00:00,-2097572,4507.815
46403,2015-08-23T16:30:00+00:00,-2096672,4507.833
46403,2015-08-23T16:45:00+00:00,-2095772,4507.849
46403,2015-08-23T17:00:00+00:00,-2094872,4507.861
46403,2015-08-23T17:15:00+00:00,-2093972,4507.863
46403,2015-08-23T17:30:00+00:00,-2093072,4507.867
46403,2015-08-23T17:45:00+00:00,-2092172,4507.861
46403,2015-08-23T18:00:00+00:00,-2091272,4507.856
46403,2015-08-23T18:15:00+00:00,-2090372,4507.842
46403,2015-08-23T18:30:00+00:00,-2089472,4507.827
46403,2015-08-23T18:45:00+00:00,-2088572,4507.813
46403,2015-08-23T19:00:00+00:00,-2087672,4507.795
46403,2015-08-23T19:15:00+00:00,-2086772,4507.775
46403,2015-08-23T19:30:00+00:00,-2085872,4507.757
46403,2015-08-23T19:45:00+00:00,-2084972,4507.740
46403,2015-08-23T20:00:00+00:00,-2084072,4507.721
46403,2015-08-23T20:15:00+00:00,-2083172,4507.701
46403,2015-08-23T20:30:00+00:00,-2082272,4507.685
46403,2015-08-23T20:45:00+00:00,-2081372,4507.668
46403,2015-08-23T21:00:00+00:00,-2080472,4507.655
46403,2015-08-23T21:15:00+00:00,-2079572,4507.648
46403,2015-08-23T21:30:00+00:00,-2078672,4507.640
46403,2015-08-23T21:45:00+00:00,-2077772,4507.639
46403,2015-08-23T22:00:00+00:00,-2076872,4507.639
46403,2015-08-23T22:15:00+00:00,-2075972,4507.645
46403,2015-08-23T22:30:00+00:00,-2075072,4507.657
46403,2015-08-23T22:45:00+00:00,-2074172,4507.672
46403,2015-08-23T23:00:00+00:00,-2073272,4507.691
46403,2015-08-23T23:15:00+00:00,-2072372,4507.719
46403,2015-08-23T23:30:00+00:00,-2071472,4507.746
46403,2015-08-23T23:45:00+00:00,-2070572,4507.778
46403,2015-08-24T00:00:00+00:00,-2069672,4507.815
46403,2015-08-24T00:15:00+00:00,-2068772,4507.857
46403,2015-08-24T00:30:00+00:00,-2067872,4507.894
46403,2015-08-24T00:45:00+00:00,-2066972,4507.938
46403,2015-08-24T01:00:00+00:00,-2066072,4507.981
46403,2015-08-24T01:15:00+00:00,-2065172,4508.028
46403,2015-08-24T01:30:00+00:00,-2064272,4508.073
46403,2015-08-24T01:45:00+00:00,-2063372,4508.122
46403,2015-08-24T02:00:00+00:00,-2062472,4508.169
46403,2015-08-24T02:15:00+00:00,-2061572,4508.215
46403,2015-08-24T02:30:00+00:00,-2060672,4508.259
46403,2015-08-24T02:45:00+00:00,-2059772,4508.298
46403,2015-08-24T03:00:00+00:00,-2058872,4508.335
46403,2015-08-24T03:15:00+00:00,-2057972,4508.368
46403,2015-08-24T03:30:00+00:00,-2057072,4508.398
46403,2015-08-24T03:45:00+00:00,-2056172,4508.419
46403,2015-08-24T04:00:00+00:00,-2055272,4508.440
46403,2015-08-24T04:15:00+00:00,-2054372,4508.450
46403,2015-08-24T04:30:00+00:00,-2053472,4508.456
46403,2015-08-24T04:45:00+00:00,-2052572,4508.451
46403,2015-08-24T05:00:00+00:00,-2051672,4508.439
46403,2015-08-24T05:15:00+00:00,-2050772,4508.423
46403,2015-08-24T05:30:00+00:00,-2049872,4508.398
46403,2015-08-24T05:45:00+00:00,-2048972,4508.366
46403,2015-08-24T06:00:00+00:00,-2048072,4508.329
46403,2015-08-24T06:15:00+00:00,-2047172,4508.288
46403,2015-08-24T06:30:00+00:00,-2046272,4508.240
46403,2015-08-24T06:45:00+00:00,-2045372,4508.182
46403,2015-08-24T07:00:00+00:00,-2044472,4508.124
46403,2015-08-24T07:15:00+00:00,-2043572,4508.060
46403,2015-08-24T07:30:00+00:00,-2042672,4507.992
46403,2015-08-24T07:45:00+00:00,-2041772,4507.921
46403,2015-08-24T08:00:00+00:00,-2040872,4507.849
46403,2015-08-24T08:15:00+00:00,-2039972,4507.778
46403,2015-08-24T08:30:00+00:00,-2039072,4507.704
46403,2015-08-24T08:45:00+00:00,-2038172,4507.632
46403,2015-08-24T09:00:00+00:00,-2037272,4507.559
46403,2015-08-24T09:15:00+00:00,-2036372,4507.487
46403,2015-08-24T09:30:00+00:00,-2035472,4507.421
46403,2015-08-24T09:45:00+00:00,-2034572,4507.354
46403,2015-08-24T10:00:00+00:00,-2033672,4507.294
46403,2015-08-24T10:15:00+00:00,-2032772,4507.241
46403,2015-08-24T10:30:00+00:00,-2031872,4507.189
46403,2015-08-24T10:45:00+00:00,-2030972,4507.146
46403,2015-08-24T11:00:00+00:00,-2030072,4507.108
46403,2015-08-24T11:15:00+00:00,-2029172,4507.081
46403,2015-08-24T11:30:00+00:00,-2028272,4507.057
46403,2015-08-24T11:45:00+00:00,-2027372,4507.040
46403,2015-08-24T12:00:00+00:00,-2026472,4507.030
46403,2015-08-24T12:15:00+00:00,-2025572,4507.029
46403,2015-08-24T12:30:00+00:00,-2024672,4507.035
46403,2015-08-24T12:45:00+00:00,-2023772,4507.045
46403,2015-08-24T13:00:00+00:00,-2022872,4507.064
46403,2015-08-24T13:15:00+00:00,-2021972,4507.089
46403,2015-08-24T13:30:00+00:00,-2021072,4507.121
46403,2015-08-24T13:45:00+00:00,-2020172,4507.152
46403,2015-08-24T14:00:00+00:00,-2019272,4507.193
46403,2015-08-24T14:15:00+00:00,-2018372,4507.236
46403,2015-08-24T14:30:00+00:00,-2017472,4507.281
46403,2015-08-24T14:45:00+00:00,-2016572,4507.332
46403,2015-08-24T15:00:00+00:00,-2015672,4507.383
46403,2015-08-24T15:15:00+00:00,-2014772,4507.437
46403,2015-08-24T15:30:00+00:00,-2013872,4507.491
46403,2015-08-24T15:45:00+00:00,-2012972,4507.545
46403,2015-08-24T16:00:00+00:00,-2012072,4507.596
46403,2015-08-24T16:15:00+00:00,-2011172,4507.646
46403,2015-08-24T16:30:00+00:00,-2010272,4507.693
46403,2015-08-24T16:45:00+00:00,-2009372,4507.734
46403,2015-08-24T17:00:00+00:00,-2008472,4507.775
46403,2015-08-24T17:15:00+00:00,-2007572,4507.809
46403,2015-08-24T17:30:00+00:00,-2006672,4507.839
46403,2015-08-24T17:45:00+00:00,-2005772,4507.864
46403,2015-08-24T18:00:00+00:00,-2004872,4507.887
46403,2015-08-24T18:15:00+00:00,-2003972,4507.904
46403,2015-08-24T18:30:00+00:00,-2003072,4507.917
46403,2015-08-24T18:45:00+00:00,-2002172,4507.923
46403,2015-08-24T19:00:00+00:00,-2001272,4507.924
46403,2015-08-24T19:15:00+00:00,-2000372,4507.924
46403,2015-08-24T19:30:00+00:00,-1999472,4507.919
46403,2015-08-24T19:45:00+00:00,-1998572,4507.912
46403,2015-08-24T20:00:00+00:00,-1997672,4507.899
46403,2015-08-24T20:15:00+00:00,-1996772,4507.885
46403,2015-08-24T20:30:00+00:00,-1995872,4507.872
46403,2015-08-24T20:45:00+00:00,-1994972,4507.854
46403,2015-08-24T21:00:00+00:00,-1994072,4507.834
46403,2015-08-24T21:15:00+00:00,-1993172,4507.814
46403,2015-08-24T21:30:00+00:00,-1992272,4507.795
46403,2015-08-24T21:45:00+00:00,-1991372,4507.777
46403,2015-08-24T22:00:00+00:00,-1990472,4507.759
46403,2015-08-24T22:15:00+00:00,-1989572,4507.745
46403,2015-08-24T22:30:00+00:00,-1988672,4507.731
46403,2015-08-24T22:45:00+00:00,-1987772,4507.725
46403,2015-08-24T23:00:00+00:00,-1986872,4507.718
46403,2015-08-24T23:15:00+00:00,-1985972,4507.716
46403,2015-08-24T23:30:00+00:00,-1985072,4507.718
46403,2015-08-24T23:45:00+00:00,-1984172,4507.726
46403,2015-08-25T00:00:00+00:00,-1983272,4507.736
46403,2015-08-25T00:15:00+00:00,-1982372,4507.753
46403,2015-08-25T00:30:00+00:00,-1981472,4507.776
46403,2015-08-25T00:45:00+00:00,-1980572,4507.801
46403,2015-08-25T01:00:00+00:00,-1979672,4507.829
46403,2015-08-25T01:15:00+00:00,-1978772,4507.864
46403,2015-08-25T01:30:00+00:00,-1977872,4507.898
46403,2015-08-25T01:45:00+00:00,-1976972,4507.939
46403,2015-08-25T02:00:00+00:00,-1976072,4507.983
46403,2015-08-25T02:15:00+00:00,-1975172,4508.026
46403,2015-08-25T02:30:00+00:00,-1974272,4508.076
46403,2015-08-25T02:45:00+00:00,-1973372,4508.125
46403,2015-08-25T03:00:00+00:00,-1972472,4508.173
46403,2015-08-25T03:15:00+00:00,-1971572,4508.224
46403,2015-08-25T03:30:00+00:00,-1970672,4508.271
46403,2015-08-25T03:45:00+00:00,-1969772,4508.315
46403,2015-08-25T04:00:00+00:00,-1968872,4508.357
46403,2015-08-25T04:15:00+00:00,-1967972,4508.393
46403,2015-08-25T04:30:00+00:00,-1967072,4508.424
46403,2015-08-25T04:45:00+00:00,-1966172,4508.450
46403,2015-08-25T05:00:00+00:00,-1965272,4508.470
46403,2015-08-25T05:15:00+00:00,-1964372,4508.485
46403,2015-08-25T05:30:00+00:00,-1963472,4508.493
46403,2015-08-25T05:45:00+00:00,-1962572,4508.495
46403,2015-08-25T06:00:00+00:00,-1961672,4508.489
46403,2015-08-25T06:15:00+00:00,-1960772,4508.477
46403,2015-08-25T06:30:00+00:00,-1959872,4508.457
46403,2015-08-25T06:45:00+00:00,-1958972,4508.425
46403,2015-08-25T07:00:00+00:00,-1958072,4508.388
46403,2015-08-25T07:15:00+00:00,-1957172,4508.342
46403,2015-08-25T07:30:00+00:00,-1956272,4508.292
46403,2015-08-25T07:45:00+00:00,-1955372,4508.232
46403,2015-08-25T08:00:00+00:00,-1954472,4508.169
46403,2015-08-25T08:15:00+00:00,-1953572,4508.099
46403,2015-08-25T08:30:00+00:00,-1952672,4508.024
46403,2015-08-25T08:45:00+00:00,-1951772,4507.943
46403,2015-08-25T09:00:00+00:00,-1950872,4507.859
46403,2015-08-25T09:15:00+00:00,-1949972,4507.775
46403,2015-08-25T09:30:00+00:00,-1949072,4507.690
46403,2015-08-25T09:45:00+00:00,-1948172,4507.603
46403,2015-08-25T10:00:00+00:00,-1947272,4507.518
46403,2015-08-25T10:15:00+00:00,-1946372,4507.433
46403,2015-08-25T10:30:00+00:00,-1945472,4507.351
46403,2015-08-25T10:45:00+00:00,-1944572,4507.273
46403,2015-08-25T11:00:00+00:00,-1943672,4507.198
46403,2015-08-25T11:15:00+00:00,-1942772,4507.129
46403,2015-08-25T11:30:00+00:00,-1941872,4507.067
46403,2015-08-25T11:45:00+00:00,-1940972,4507.010
46403,2015-08-25T12:00:00+00:00,-1940072,4506.962
46403,2015-08-25T12:15:00+00:00,-1939172,4506.921
46403,2015-08-25T12:30:00+00:00,-1938272,4506.891
46403,2015-08-25T12:45:00+00:00,-1937372,4506.870
46403,2015-08-25T13:00:00+00:00,-1936472,4506.857
46403,2015-08-25T13:15:00+00:00,-1935572,4506.851
46403,2015-08-25T13:30:00+00:00,-1934672,4506.855
46403,2015-08-25T13:45:00+00:00,-1933772,4506.869
46403,2015-08-25T14:00:00+00:00,-1932872,4506.893
46403,2015-08-25T14:15:00+00:00,-1931972,4506.922
46403,2015-08-25T14:30:00+00:00,-1931072,4506.961
46403,2015-08-25T14:45:00+00:00,-1930172,4507.004
46403,2015-08-25T15:00:00+00:00,-1929272,4507.056
46403,2015-08-25T15:15:00+00:00,-1928372,4507.113
46403,2015-08-25T15:30:00+00:00,-1927472,4507.173
46403,2015-08-25T15:45:00+00:00,-1926572,4507.237
46403,2015-08-25T16:00:00+00:00,-1925672,4507.304
46403,2015-08-25T16:15:00+00:00,-1924772,4507.374
46403,2015-08-25T16:30:00+00:00,-1923872,4507.444
46403,2015-08-25T16:45:00+00:00,-1922972,4507.513
46403,2015-08-25T17:00:00+00:00,-1922072,4507.580
46403,2015-08-25T17:15:00+00:00,-1921172,4507.645
46403,2015-08-25T17:30:00+00:00,-1920272,4507.707
46403,2015-08-25T17:45:00+00:00,-1919372,4507.767
46403,2015-08-25T18:00:00+00:00,-1918472,4507.822
46403,2015-08-25T18:15:00+00:00,-1917572,4507.874
46403,2015-08-25T18:30:00+00:00,-1916672,4507.917
46403,2015-08-25T18:45:00+00:00,-1915772,4507.957
46403,2015-08-25T19:00:00+00:00,-1914872,4507.985
46403,2015-08-25T19:15:00+00:00,-1913972,4508.010
46403,2015-08-25T19:30:00+00:00,-1913072,4508.026
46403,2015-08-25T19:45:00+00:00,-1912172,4508.037
46403,2015-08-25T20:00:00+00:00,-1911272,4508.043
46403,2015-08-25T20:15:00+00:00,-1910372,4508.043
46403,2015-08-25T20:30:00+00:00,-1909472,4508.035
46403,2015-08-25T20:45:00+00:00,-1908572,4508.025
46403,2015-08-25T21:00:00+00:00,-1907672,4508.009
46403,2015-08-25T21:15:00+00:00,-1906772,4507.989
46403,2015-08-25T21:30:00+00:00,-1905872,4507.964
46403,2015-08-25T21:45:00+00:00,-1904972,4507.938
46403,2015-08-25T22:00:00+00:00,-1904072,4507.908
46403,2015-08-25T22:15:00+00:00,-1903172,4507.875
46403,2015-08-25T22:30:00+00:00,-1902272,4507.845
46403,2015-08-25T22:45:00+00:00,-1901372,4507.812
46403,2015-08-25T23:00:00+00:00,-1900472,4507.782
46403,2015-08-25T23:15:00+00:00,-1899572,4507.755
46403,2015-08-25T23:30:00+00:00,-1898672,4507.730
46403,2015-08-25T23:45:00+00:00,-1897772,4507.710
46403,2015-08-26T00:00:00+00:00,-1896872,4507.695
46403,2015-08-26T00:15:00+00:00,-1895972,4507.684
46403,2015-08-26T00:30:00+00:00,-1895072,4507.677
46403,2015-08-26T00:45:00+00:00,-1894172,4507.678
46403,2015-08-26T01:00:00+00:00,-1893272,4507.679
46403,2015-08-26T01:15:00+00:00,-1892372,4507.690
46403,2015-08-26T01:30:00+00:00,-1891472,4507.709
46403,2015-08-26T01:45:00+00:00,-1890572,4507.734
46403,2015-08-26T02:00:00+00:00,-1889672,4507.763
46403,2015-08-26T02:15:00+00:00,-1888772,4507.798
46403,2015-08-26T02:30:00+00:00,-1887872,4507.837
46403,2015-08-26T02:45:00+00:00,-1886972,4507.883
46403,2015-08-26T03:00:00+00:00,-1886072,4507.933
46403,2015-08-26T03:15:00+00:00,-1885172,4507.984
46403,2015-08-26T03:30:00+00:00,-1884272,4508.045
46403,2015-08-26T03:45:00+00:00,-1883372,4508.104
46403,2015-08-26T04:00:00+00:00,-1882472,4508.164
46403,2015-08-26T04:15:00+00:00,-1881572,4508.226
46403,2015-08-26T04:30:00+00:00,-1880672,4508.283
46403,2015-08-26T04:45:00+00:00,-1879772,4508.339
46403,2015-08-26T05:00:00+00:00,-1878872,4508.391
46403,2015-08-26T05:15:00+00:00,-1877972,4508.440
46403,2015-08-26T05:30:00+00:00,-1877072,4508.484
46403,2015-08-26T05:45:00+00:00,-1876172,4508.520
46403,2015-08-26T06:00:00+00:00,-1875272,4508.553
46403,2015-08-26T06:15:00+00:00,-1874372,4508.576
46403,2015-08-26T06:30:00+00:00,-1873472,4508.592
46403,2015-08-26T06:45:00+00:00,-1872572,4508.599
46403,2015-08-26T07:00:00+00:00,-1871672,4508.596
46403,2015-08-26T07:15:00+00:00,-1870772,4508.582
46403,2015-08-26T07:30:00+00:00,-1869872,4508.560
46403,2015-08-26T07:45:00+00:00,-1868972,4508.526
46403,2015-08-26T08:00:00+00:00,-1868072,4508.486
46403,2015-08-26T08:15:00+00:00,-1867172,4508.437
46403,2015-08-26T08:30:00+00:00,-1866272,4508.379
46403,2015-08-26T08:45:00+00:00,-1865372,4508.310
46403,2015-08-26T09:00:00+00:00,-1864472,4508.232
46403,2015-08-26T09:15:00+00:00,-1863572,4508.150
46403,2015-08-26T09:30:00+00:00,-1862672,4508.062
46403,2015-08-26T09:45:00+00:00,-1861772,4507.969
46403,2015-08-26T10:00:00+00:00,-1860872,4507.869
46403,2015-08-26T10:15:00+00:00,-1859972,4507.768
46403,2015-08-26T10:30:00+00:00,-1859072,4507.665
46403,2015-08-26T10:45:00+00:00,-1858172,4507.561
46403,2015-08-26T11:00:00+00:00,-1857272,4507.457
46403,2015-08-26T11:15:00+00:00,-1856372,4507.354
46403,2015-08-26T11:30:00+00:00,-1855472,4507.256
46403,2015-08-26T11:45:00+00:00,-1854572,4507.164
46403,2015-08-26T12:00:00+00:00,-1853672,4507.077
46403,2015-08-26T12:15:00+00:00,-1852772,4506.995
46403,2015-08-26T12:30:00+00:00,-1851872,4506.926
46403,2015-08-26T12:45:00+00:00,-1850972,4506.860
46403,2015-08-26T13:00:00+00:00,-1850072,4506.810
46403,2015-08-26T13:15:00+00:00,-1849172,4506.765
46403,2015-08-26T13:30:00+00:00,-1848272,4506.731
46403,2015-08-26T13:45:00+00:00,-1847372,4506.706
46403,2015-08-26T14:00:00+00:00,-1846472,4506.696
46403,2015-08-26T14:15:00+00:00,-1845572,4506.697
46403,2015-08-26T14:30:00+00:00,-1844672,4506.707
46403,2015-08-26T14:45:00+00:00,-1843772,4506.728
46403,2015-08-26T15:00:00+00:00,-1842872,4506.759
46403,2015-08-26T15:15:00+00:00,-1841972,4506.805
46403,2015-08-26T15:30:00+00:00,-1841072,4506.855
46403,2015-08-26T15:45:00+00:00,-1840172,4506.918
46403,2015-08-26T16:00:00+00:00,-1839272,4506.986
46403,2015-08-26T16:15:00+00:00,-1838372,4507.061
46403,2015-08-26T16:30:00+00:00,-1837472,4507.141
46403,2015-08-26T16:45:00+00:00,-1836572,4507.226
46403,2015-08-26T17:00:00+00:00,-1835672,4507.316
46403,2015-08-26T17:15:00+00:00,-1834772,4507.402
46403,2015-08-26T17:30:00+00:00,-1833872,4507.488
46403,2015-08-26T17:45:00+00:00,-1832972,4507.576
46403,2015-08-26T18:00:00+00:00,-1832072,4507.658
46403,2015-08-26T18:15:00+00:00,-1831172,4507.738
46403,2015-08-26T18:30:00+00:00,-1830272,4507.816
46403,2015-08-26T18:45:00+00:00,-1829372,4507.888
46403,2015-08-26T19:00:00+00:00,-1828472,4507.954
46403,2015-08-26T19:15:00+00:00,-1827572,4508.011
46403,2015-08-26T19:30:00+00:00,-1826672,4508.064
46403,2015-08-26T19:45:00+00:00,-1825772,4508.110
46403,2015-08-26T20:00:00+00:00,-1824872,4508.142
46403,2015-08-26T20:15:00+00:00,-1823972,4508.170
46403,2015-08-26T20:30:00+00:00,-1823072,4508.187
46403,2015-08-26T20:45:00+00:00,-1822172,4508.196
46403,2015-08-26T21:00:00+00:00,-1821272,4508.195
46403,2015-08-26T21:15:00+00:00,-1820372,4508.184
46403,2015-08-26T21:30:00+00:00,-1819472,4508.166
46403,2015-08-26T21:45:00+00:00,-1818572,4508.140
46403,2015-08-26T22:00:00+00:00,-1817672,4508.107
46403,2015-08-26T22:15:00+00:00,-1816772,4508.069
46403,2015-08-26T22:30:00+00:00,-1815872,4508.028
46403,2015-08-26T22:45:00+00:00,-1814972,4507.983
46403,2015-08-26T23:00:00+00:00,-1814072,4507.935
46403,2015-08-26T23:15:00+00:00,-1813172,4507.887
46403,2015-08-26T23:30:00+00:00,-1812272,4507.839
46403,2015-08-26T23:45:00+00:00,-1811372,4507.793
46403,2015-08-27T00:00:00+00:00,-1810472,4507.747
46403,2015-08-27T00:15:00+00:00,-1809572,4507.705
46403,2015-08-27T00:30:00+00:00,-1808672,4507.668
46403,2015-08-27T00:45:00+00:00,-1807772,4507.636
46403,2015-08-27T01:00:00+00:00,-1806872,4507.610
46403,2015-08-27T01:15:00+00:00,-1805972,4507.590
46403,2015-08-27T01:30:00+00:00,-1805072,4507.579
46403,2015-08-27T01:45:00+00:00,-1804172,4507.571
46403,2015-08-27T02:00:00+00:00,-1803272,4507.574
46403,2015-08-27T02:15:00+00:00,-1802372,4507.582
46403,2015-08-27T02:30:00+00:00,-1801472,4507.601
46403,2015-08-27T02:45:00+00:00,-1800572,4507.630
46403,2015-08-27T03:00:00+00:00,-1799672,4507.665
46403,2015-08-27T03:15:00+00:00,-1798772,4507.710
46403,2015-08-27T03:30:00+00:00,-1797872,4507.759
46403,2015-08-27T03:45:00+00:00,-1796972,4507.817
46403,2015-08-27T04:00:00+00:00,-1796072,4507.881
46403,2015-08-27T04:15:00+00:00,-1795172,4507.946
46403,2015-08-27T04:30:00+00:00,-1794272,4508.017
46403,2015-08-27T04:45:00+00:00,-1793372,4508.089
46403,2015-08-27T05:00:00+00:00,-1792472,4508.163
46403,2015-08-27T05:15:00+00:00,-1791572,4508.236
46403,2015-08-27T05:30:00+00:00,-1790672,4508.311
46403,2015-08-27T05:45:00+00:00,-1789772,4508.381
46403,2015-08-27T06:00:00+00:00,-1788872,4508.447
46403,2015-08-27T06:15:00+00:00,-1787972,4508.508
46403,2015-08-27T06:30:00+00:00,-1787072,4508.560
46403,2015-08-27T06:45:00+00:00,-1786172,4508.608
46403,2015-08-27T07:00:00+00:00,-1785272,4508.646
46403,2015-08-27T07:15:00+00:00,-1784372,4508.674
46403,2015-08-27T07:30:00+00:00,-1783472,4508.694
46403,2015-08-27T07:45:00+00:00,-1782572,4508.699
46403,2015-08-27T08:00:00+00:00,-1781672,4508.695
46403,2015-08-27T08:15:00+00:00,-1780772,4508.679
46403,2015-08-27T08:30:00+00:00,-1779872,4508.651
46403,2015-08-27T08:45:00+00:00,-1778972,4508.610
46403,2015-08-27T09:00:00+00:00,-1778072,4508.561
46403,2015-08-27T09:15:00+00:00,-1777172,4508.497
46403,2015-08-27T09:30:00+00:00,-1776272,4508.425
46403,2015-08-27T09:45:00+00:00,-1775372,4508.340
46403,2015-08-27T10:00:00+00:00,-1774472,4508.245
46403,2015-08-27T10:15:00+00:00,-1773572,4508.146
46403,2015-08-27T10:30:00+00:00,-1772672,4508.036
46403,2015-08-27T10:45:00+00:00,-1771772,4507.921
46403,2015-08-27T11:00:00+00:00,-1770872,4507.802
46403,2015-08-27T11:15:00+00:00,-1769972,4507.678
46403,2015-08-27T11:30:00+00:00,-1769072,4507.558
46403,2015-08-27T11:45:00+00:00,-1768172,4507.436
46403,2015-08-27T12:00:00+00:00,-1767272,4507.315
46403,2015-08-27T12:15:00+00:00,-1766372,4507.200
46403,2015-08-27T12:30:00+00:00,-1765472,4507.092
46403,2015-08-27T12:45:00+00:00,-1764572,4506.988
46403,2015-08-27T13:00:00+00:00,-1763672,4506.895
46403,2015-08-27T13:15:00+00:00,-1762772,4506.808
46403,2015-08-27T13:30:00+00:00,-1761872,4506.730
46403,2015-08-27T13:45:00+00:00,-1760972,4506.665
46403,2015-08-27T14:00:00+00:00,-1760072,4506.609
46403,2015-08-27T14:15:00+00:00,-1759172,4506.566
46403,2015-08-27T14:30:00+00:00,-1758272,4506.536
46403,2015-08-27T14:45:00+00:00,-1757372,4506.518
46403,2015-08-27T15:00:00+00:00,-1756472,4506.515
46403,2015-08-27T15:15:00+00:00,-1755572,4506.529
46403,2015-08-27T15:30:00+00:00,-1754672,4506.556
46403,2015-08-27T15:45:00+00:00,-1753772,4506.597
46403,2015-08-27T16:00:00+00:00,-1752872,4506.650
46403,2015-08-27T16:15:00+00:00,-1751972,4506.714
46403,2015-08-27T16:30:00+00:00,-1751072,4506.790
46403,2015-08-27T16:45:00+00:00,-1750172,4506.872
46403,2015-08-27T17:00:00+00:00,-1749272,4506.965
46403,2015-08-27T17:15:00+00:00,-1748372,4507.061
46403,2015-08-27T17:30:00+00:00,-1747472,4507.164
46403,2015-08-27T17:45:00+00:00,-1746572,4507.271
46403,2015-08-27T18:00:00+00:00,-1745672,4507.375
46403,2015-08-27T18:15:00+00:00,-1744772,4507.482
46403,2015-08-27T18:30:00+00:00,-1743872,4507.588
46403,2015-08-27T18:45:00+00:00,-1742972,4507.690
46403,2015-08-27T19:00:00+00:00,-1742072,4507.790
46403,2015-08-27T19:15:00+00:00,-1741172,4507.884
46403,2015-08-27T19:30:00+00:00,-1740272,4507.971
46403,2015-08-27T19:45:00+00:00,-1739372,4508.051
46403,2015-08-27T20:00:00+00:00,-1738472,4508.124
46403,2015-08-27T20:15:00+00:00,-1737572,4508.183
46403,2015-08-27T20:30:00+00:00,-1736672,4508.233
46403,2015-08-27T20:45:00+00:00,-1735772,4508.271
46403,2015-08-27T21:00:00+00:00,-1734872,4508.294
46403,2015-08-27T21:15:00+00:00,-1733972,4508.310
46403,2015-08-27T21:30:00+00:00,-1733072,4508.315
46403,2015-08-27T21:45:00+00:00,-1732172,4508.307
46403,2015-08-27T22:00:00+00:00,-1731272,4508.288
46403,2015-08-27T22:15:00+00:00,-1730372,4508.260
46403,2015-08-27T22:30:00+00:00,-1729472,4508.220
46403,2015-08-27T22:45:00+00:00,-1728572,4508.171
46403,2015-08-27T23:00:00+00:00,-1727672,4508.117
46403,2015-08-27T23:15:00+00:00,-1726772,4508.059
46403,2015-08-27T23:30:00+00:00,-1725872,4507.998
46403,2015-08-27T23:45:00+00:00,-1724972,4507.930
46403,2015-08-28T00:00:00+00:00,-1724072,4507.864
46403,2015-08-28T00:15:00+00:00,-1723172,4507.797
46403,2015-08-28T00:30:00+00:00,-1722272,4507.729
46403,2015-08-28T00:45:00+00:00,-1721372,4507.665
46403,2015-08-28T01:00:00+00:00,-1720472,4507.601
46403,2015-08-28T01:15:00+00:00,-1719572,4507.546
46403,2015-08-28T01:30:00+00:00,-1718672,4507.496
46403,2015-08-28T01:45:00+00:00,-1717772,4507.455
46403,2015-08-28T02:00:00+00:00,-1716872,4507.423
46403,2015-08-28T02:15:00+00:00,-1715972,4507.400
46403,2015-08-28T02:30:00+00:00,-1715072,4507.386
46403,2015-08-28T02:45:00+00:00,-1714172,4507.381
46403,2015-08-28T03:00:00+00:00,-1713272,4507.386
46403,2015-08-28T03:15:00+00:00,-1712372,4507.406
46403,2015-08-28T03:30:00+00:00,-1711472,4507.431
46403,2015-08-28T03:45:00+00:00,-1710572,4507.472
46403,2015-08-28T04:00:00+00:00,-1709672,4507.520
46403,2015-08-28T04:15:00+00:00,-1708772,4507.579
46403,2015-08-28T04:30:00+00:00,-1707872,4507.647
46403,2015-08-28T04:45:00+00:00,-1706972,4507.722
46403,2015-08-28T05:00:00+00:00,-1706072,4507.799
46403,2015-08-28T05:15:00+00:00,-1705172,4507.885
46403,2015-08-28T05:30:00+00:00,-1704272,4507.974
46403,2015-08-28T05:45:00+00:00,-1703372,4508.068
46403,2015-08-28T06:00:00+00:00,-1702472,4508.163
46403,2015-08-28T06:15:00+00:00,-1701572,4508.257
46403,2015-08-28T06:30:00+00:00,-1700672,4508.345
46403,2015-08-28T06:45:00+00:00,-1699772,4508.429
46403,2015-08-28T07:00:00+00:00,-1698872,4508.507
46403,2015-08-28T07:15:00+00:00,-1697972,4508.577
46403,2015-08-28T07:30:00+00:00,-1697072,4508.640
46403,2015-08-28T07:45:00+00:00,-1696172,4508.696
46403,2015-08-28T08:00:00+00:00,-1695272,4508.738
46403,2015-08-28T08:15:00+00:00,-1694372,4508.766
46403,2015-08-28T08:30:00+00:00,-1693472,4508.780
46403,2015-08-28T08:45:00+00:00,-1692572,4508.781
46403,2015-08-28T09:00:00+00:00,-1691672,4508.772
46403,2015-08-28T09:15:00+00:00,-1690772,4508.749
46403,2015-08-28T09:30:00+00:00,-1689872,4508.709
46403,2015-08-28T09:45:00+00:00,-1688972,4508.656
46403,2015-08-28T10:00:00+00:00,-1688072,4508.590
46403,2015-08-28T10:15:00+00:00,-1687172,4508.511
46403,2015-08-28T10:30:00+00:00,-1686272,4508.420
46403,2015-08-28T10:45:00+00:00,-1685372,4508.315
46403,2015-08-28T11:00:00+00:00,-1684472,4508.201
46403,2015-08-28T11:15:00+00:00,-1683572,4508.081
46403,2015-08-28T11:30:00+00:00,-1682672,4507.951
46403,2015-08-28T11:45:00+00:00,-1681772,4507.820
46403,2015-08-28T12:00:00+00:00,-1680872,4507.682
46403,2015-08-28T12:15:00+00:00,-1679972,4507.546
46403,2015-08-28T12:30:00+00:00,-1679072,4507.407
46403,2015-08-28T12:45:00+00:00,-1678172,4507.274
46403,2015-08-28T13:00:00+00:00,-1677272,4507.142
46403,2015-08-28T13:15:00+00:00,-1676372,4507.019
46403,2015-08-28T13:30:00+00:00,-1675472,4506.901
46403,2015-08-28T13:45:00+00:00,-1674572,4506.792
46403,2015-08-28T14:00:00+00:00,-1673672,4506.693
46403,2015-08-28T14:15:00+00:00,-1672772,4506.605
46403,2015-08-28T14:30:00+00:00,-1671872,4506.530
46403,2015-08-28T14:45:00+00:00,-1670972,4506.470
46403,2015-08-28T15:00:00+00:00,-1670072,4506.427
46403,2015-08-28T15:15:00+00:00,-1669172,4506.396
46403,2015-08-28T15:30:00+00:00,-1668272,4506.381
46403,2015-08-28T15:45:00+00:00,-1667372,4506.382
46403,2015-08-28T16:00:00+00:00,-1666472,4506.399
46403,2015-08-28T16:15:00+00:00,-1665572,4506.430
46403,2015-08-28T16:30:00+00:00,-1664672,4506.479
46403,2015-08-28T16:45:00+00:00,-1663772,4506.542
46403,2015-08-28T17:00:00+00:00,-1662872,4506.618
46403,2015-08-28T17:15:00+00:00,-1661972,4506.706
46403,2015-08-28T17:30:00+00:00,-1661072,4506.804
46403,2015-08-28T17:45:00+00:00,-1660172,4506.910
46403,2015-08-28T18:00:00+00:00,-1659272,4507.024
46403,2015-08-28T18:15:00+00:00,-1658372,4507.143
46403,2015-08-28T18:30:00+00:00,-1657472,4507.263
46403,2015-08-28T18:45:00+00:00,-1656572,4507.390
46403,2015-08-28T19:00:00+00:00,-1655672,4507.512
46403,2015-08-28T19:15:00+00:00,-1654772,4507.636
46403,2015-08-28T19:30:00+00:00,-1653872,4507.754
46403,2015-08-28T19:45:00+00:00,-1652972,4507.864
46403,2015-08-28T20:00:00+00:00,-1652072,4507.972
46403,2015-08-28T20:15:00+00:00,-1651172,4508.068
46403,2015-08-28T20:30:00+00:00,-1650272,4508.157
46403,2015-08-28T20:45:00+00:00,-1649372,4508.235
46403,2015-08-28T21:00:00+00:00,-1648472,4508.299
46403,2015-08-28T21:15:00+00:00,-1647572,4508.346
46403,2015-08-28T21:30:00+00:00,-1646672,4508.383
46403,2015-08-28T21:45:00+00:00,-1645772,4508.409
46403,2015-08-28T22:00:00+00:00,-1644872,4508.416
46403,2015-08-28T22:15:00+00:00,-1643972,4508.414
46403,2015-08-28T22:30:00+00:00,-1643072,4508.396
46403,2015-08-28T22:45:00+00:00,-1642172,4508.366
46403,2015-08-28T23:00:00+00:00,-1641272,4508.322
46403,2015-08-28T23:15:00+00:00,-1640372,4508.269
46403,2015-08-28T23:30:00+00:00,-1639472,4508.205
46403,2015-08-28T23:45:00+00:00,-1638572,4508.135
46403,2015-08-29T00:00:00+00:00,-1637672,4508.055
46403,2015-08-29T00:15:00+00:00,-1636772,4507.976
46403,2015-08-29T00:30:00+00:00,-1635872,4507.891
46403,2015-08-29T00:45:00+00:00,-1634972,4507.807
46403,2015-08-29T01:00:00+00:00,-1634072,4507.718
46403,2015-08-29T01:15:00+00:00,-1633172,4507.629
46403,2015-08-29T01:30:00+00:00,-1632272,4507.546
46403,2015-08-29T01:45:00+00:00,-1631372,4507.466
46403,2015-08-29T02:00:00+00:00,-1630472,4507.392
46403,2015-08-29T02:15:00+00:00,-1629572,4507.325
46403,2015-08-29T02:30:00+00:00,-1628672,4507.273
46403,2015-08-29T02:45:00+00:00,-1627772,4507.227
46403,2015-08-29T03:00:00+00:00,-1626872,4507.196
46403,2015-08-29T03:15:00+00:00,-1625972,4507.172
46403,2015-08-29T03:30:00+00:00,-1625072,4507.164
46403,2015-08-29T03:45:00+00:00,-1624172,4507.167
46403,2015-08-29T04:00:00+00:00,-1623272,4507.184
46403,2015-08-29T04:15:00+00:00,-1622372,4507.215
46403,2015-08-29T04:30:00+00:00,-1621472,4507.256
46403,2015-08-29T04:45:00+00:00,-1620572,4507.313
46403,2015-08-29T05:00:00+00:00,-1619672,4507.379
46403,2015-08-29T05:15:00+00:00,-1618772,4507.459
46403,2015-08-29T05:30:00+00:00,-1617872,4507.544
46403,2015-08-29T05:45:00+00:00,-1616972,4507.640
46403,2015-08-29T06:00:00+00:00,-1616072,4507.743
46403,2015-08-29T06:15:00+00:00,-1615172,4507.846
46403,2015-08-29T06:30:00+00:00,-1614272,4507.953
46403,2015-08-29T06:45:00+00:00,-1613372,4508.062
46403,2015-08-29T07:00:00+00:00,-1612472,4508.170
46403,2015-08-29T07:15:00+00:00,-1611572,4508.276
46403,2015-08-29T07:30:00+00:00,-1610672,4508.376
46403,2015-08-29T07:45:00+00:00,-1609772,4508.474
46403,2015-08-29T08:00:00+00:00,-1608872,4508.564
46403,2015-08-29T08:15:00+00:00,-1607972,4508.640
46403,2015-08-29T08:30:00+00:00,-1607072,4508.706
46403,2015-08-29T08:45:00+00:00,-1606172,4508.762
46403,2015-08-29T09:00:00+00:00,-1605272,4508.802
46403,2015-08-29T09:15:00+00:00,-1604372,4508.830
46403,2015-08-29T09:30:00+00:00,-1603472,4508.841
46403,2015-08-29T09:45:00+00:00,-1602572,4508.837
46403,2015-08-29T10:00:00+00:00,-1601672,4508.815
46403,2015-08-29T10:15:00+00:00,-1600772,4508.776
46403,2015-08-29T10:30:00+00:00,-1599872,4508.719
46403,2015-08-29T10:45:00+00:00,-1598972,4508.649
46403,2015-08-29T11:00:00+00:00,-1598072,4508.564
46403,2015-08-29T11:15:00+00:00,-1597172,4508.468
46403,2015-08-29T11:30:00+00:00,-1596272,4508.358
46403,2015-08-29T11:45:00+00:00,-1595372,4508.242
46403,2015-08-29T12:00:00+00:00,-1594472,4508.112
46403,2015-08-29T12:15:00+00:00,-1593572,4507.978
46403,2015-08-29T12:30:00+00:00,-1592672,4507.834
46403,2015-08-29T12:45:00+00:00,-1591772,4507.688
46403,2015-08-29T13:00:00+00:00,-1590872,4507.539
46403,2015-08-29T13:15:00+00:00,-1589972,4507.391
46403,2015-08-29T13:30:00+00:00,-1589072,4507.245
46403,2015-08-29T13:45:00+00:00,-1588172,4507.104
46403,2015-08-29T14:00:00+00:00,-1587272,4506.974
46403,2015-08-29T14:15:00+00:00,-1586372,4506.846
46403,2015-08-29T14:30:00+00:00,-1585472,4506.735
46403,2015-08-29T14:45:00+00:00,-1584572,4506.628
46403,2015-08-29T15:00:00+00:00,-1583672,4506.539
46403,2015-08-29T15:15:00+00:00,-1582772,4506.462
46403,2015-08-29T15:30:00+00:00,-1581872,4506.403
46403,2015-08-29T15:45:00+00:00,-1580972,4506.355
46403,2015-08-29T16:00:00+00:00,-1580072,4506.331
46403,2015-08-29T16:15:00+00:00,-1579172,4506.322
46403,2015-08-29T16:30:00+00:00,-1578272,4506.332
46403,2015-08-29T16:45:00+00:00,-1577372,4506.360
46403,2015-08-29T17:00:00+00:00,-1576472,4506.404
46403,2015-08-29T17:15:00+00:00,-1575572,4506.463
46403,2015-08-29T17:30:00+00:00,-1574672,4506.536
46403,2015-08-29T17:45:00+00:00,-1573772,4506.623
46403,2015-08-29T18:00:00+00:00,-1572872,4506.722
46403,2015-08-29T18:15:00+00:00,-1571972,4506.833
46403,2015-08-29T18:30:00+00:00,-1571072,4506.953
46403,2015-08-29T18:45:00+00:00,-1570172,4507.080
46403,2015-08-29T19:00:00+00:00,-1569272,4507.214
46403,2015-08-29T19:15:00+00:00,-1568372,4507.351
46403,2015-08-29T19:30:00+00:00,-1567472,4507.490
46403,2015-08-29T19:45:00+00:00,-1566572,4507.626
46403,2015-08-29T20:00:00+00:00,-1565672,4507.760
46403,2015-08-29T20:15:00+00:00,-1564772,4507.886
46403,2015-08-29T20:30:00+00:00,-1563872,4508.008
46403,2015-08-29T20:45:00+00:00,-1562972,4508.121
46403,2015-08-29T21:00:00+00:00,-1562072,4508.225
46403,2015-08-29T21:15:00+00:00,-1561172,4508.318
46403,2015-08-29T21:30:00+00:00,-1560272,4508.393
46403,2015-08-29T21:45:00+00:00,-1559372,4508.456
46403,2015-08-29T22:00:00+00:00,-1558472,4508.502
46403,2015-08-29T22:15:00+00:00,-1557572,4508.536
46403,2015-08-29T22:30:00+00:00,-1556672,4508.552
46403,2015-08-29T22:45:00+00:00,-1555772,4508.555
46403,2015-08-29T23:00:00+00:00,-1554872,4508.539
46403,2015-08-29T23:15:00+00:00,-1553972,4508.511
46403,2015-08-29T23:30:00+00:00,-1553072,4508.469
46403,2015-08-29T23:45:00+00:00,-1552172,4508.410
46403,2015-08-30T00:00:00+00:00,-1551272,4508.339
46403,2015-08-30T00:15:00+00:00,-1550372,4508.256
46403,2015-08-30T00:30:00+00:00,-1549472,4508.169
46403,2015-08-30T00:45:00+00:00,-1548572,4508.069
46403,2015-08-30T01:00:00+00:00,-1547672,4507.961
46403,2015-08-30T01:15:00+00:00,-1546772,4507.854
46403,2015-08-30T01:30:00+00:00,-1545872,4507.746
46403,2015-08-30T01:45:00+00:00,-1544972,4507.639
46403,2015-08-30T02:00:00+00:00,-1544072,4507.532
46403,2015-08-30T02:15:00+00:00,-1543172,4507.433
46403,2015-08-30T02:30:00+00:00,-1542272,4507.334
46403,2015-08-30T02:45:00+00:00,-1541372,4507.247
46403,2015-08-30T03:00:00+00:00,-1540472,4507.166
46403,2015-08-30T03:15:00+00:00,-1539572,4507.096
46403,2015-08-30T03:30:00+00:00,-1538672,4507.041
46403,2015-08-30T03:45:00+00:00,-1537772,4506.995
46403,2015-08-30T04:00:00+00:00,-1536872,4506.969
46403,2015-08-30T04:15:00+00:00,-1535972,4506.953
46403,2015-08-30T04:30:00+00:00,-1535072,4506.953
46403,2015-08-30T04:45:00+00:00,-1534172,4506.966
46403,2015-08-30T05:00:00+00:00,-1533272,4506.998
46403,2015-08-30T05:15:00+00:00,-1532372,4507.040
46403,2015-08-30T05:30:00+00:00,-1531472,4507.102
46403,2015-08-30T05:45:00+00:00,-1530572,4507.175
46403,2015-08-30T06:00:00+00:00,-1529672,4507.262
46403,2015-08-30T06:15:00+00:00,-1528772,4507.355
46403,2015-08-30T06:30:00+00:00,-1527872,4507.460
46403,2015-08-30T06:45:00+00:00,-1526972,4507.570
46403,2015-08-30T07:00:00+00:00,-1526072,4507.687
46403,2015-08-30T07:15:00+00:00,-1525172,4507.810
46403,2015-08-30T07:30:00+00:00,-1524272,4507.933
46403,2015-08-30T07:45:00+00:00,-1523372,4508.054
46403,2015-08-30T08:00:00+00:00,-1522472,4508.173
46403,2015-08-30T08:15:00+00:00,-1521572,4508.288
46403,2015-08-30T08:30:00+00:00,-1520672,4508.395
46403,2015-08-30T08:45:00+00:00,-1519772,4508.494
46403,2015-08-30T09:00:00+00:00,-1518872,4508.583
46403,2015-08-30T09:15:00+00:00,-1517972,4508.660
46403,2015-08-30T09:30:00+00:00,-1517072,4508.726
46403,2015-08-30T09:45:00+00:00,-1516172,4508.776
46403,2015-08-30T10:00:00+00:00,-1515272,4508.810
46403,2015-08-30T10:15:00+00:00,-1514372,4508.828
46403,2015-08-30T10:30:00+00:00,-1513472,4508.825
46403,2015-08-30T10:45:00+00:00,-1512572,4508.810
46403,2015-08-30T11:00:00+00:00,-1511672,4508.776
46403,2015-08-30T11:15:00+00:00,-1510772,4508.730
46403,2015-08-30T11:30:00+00:00,-1509872,4508.664
46403,2015-08-30T11:45:00+00:00,-1508972,4508.584
46403,2015-08-30T12:00:00+00:00,-1508072,4508.486
46403,2015-08-30T12:15:00+00:00,-1507172,4508.377
46403,2015-08-30T12:30:00+00:00,-1506272,4508.257
46403,2015-08-30T12:45:00+00:00,-1505372,4508.128
46403,2015-08-30T13:00:00+00:00,-1504472,4507.990
46403,2015-08-30T13:15:00+00:00,-1503572,4507.847
46403,2015-08-30T13:30:00+00:00,-1502672,4507.698
46403,2015-08-30T13:45:00+00:00,-1501772,4507.549
46403,2015-08-30T14:00:00+00:00,-1500872,4507.397
46403,2015-08-30T14:15:00+00:00,-1499972,4507.250
46403,2015-08-30T14:30:00+00:00,-1499072,4507.109
46403,2015-08-30T14:45:00+00:00,-1498172,4506.973
46403,2015-08-30T15:00:00+00:00,-1497272,4506.846
46403,2015-08-30T15:15:00+00:00,-1496372,4506.730
46403,2015-08-30T15:30:00+00:00,-1495472,4506.628
46403,2015-08-30T15:45:00+00:00,-1494572,4506.540
46403,2015-08-30T16:00:00+00:00,-1493672,4506.467
46403,2015-08-30T16:15:00+00:00,-1492772,4506.411
46403,2015-08-30T16:30:00+00:00,-1491872,4506.371
46403,2015-08-30T16:45:00+00:00,-1490972,4506.348
46403,2015-08-30T17:00:00+00:00,-1490072,4506.344
46403,2015-08-30T17:15:00+00:00,-1489172,4506.359
46403,2015-08-30T17:30:00+00:00,-1488272,4506.393
46403,2015-08-30T17:45:00+00:00,-1487372,4506.442
46403,2015-08-30T18:00:00+00:00,-1486472,4506.510
46403,2015-08-30T18:15:00+00:00,-1485572,4506.592
46403,2015-08-30T18:30:00+00:00,-1484672,4506.689
46403,2015-08-30T18:45:00+00:00,-1483772,4506.799
46403,2015-08-30T19:00:00+00:00,-1482872,4506.918
46403,2015-08-30T19:15:00+00:00,-1481972,4507.047
46403,2015-08-30T19:30:00+00:00,-1481072,4507.188
46403,2015-08-30T19:45:00+00:00,-1480172,4507.328
46403,2015-08-30T20:00:00+00:00,-1479272,4507.475
46403,2015-08-30T20:15:00+00:00,-1478372,4507.618
46403,2015-08-30T20:30:00+00:00,-1477472,4507.761
46403,2015-08-30T20:45:00+00:00,-1476572,4507.900
46403,2015-08-30T21:00:00+00:00,-1475672,4508.033
46403,2015-08-30T21:15:00+00:00,-1474772,4508.158
46403,2015-08-30T21:30:00+00:00,-1473872,4508.272
46403,2015-08-30T21:45:00+00:00,-1472972,4508.370
46403,2015-08-30T22:00:00+00:00,-1472072,4508.458
46403,2015-08-30T22:15:00+00:00,-1471172,4508.532
46403,2015-08-30T22:30:00+00:00,-1470272,4508.592
46403,2015-08-30T22:45:00+00:00,-1469372,4508.633
46403,2015-08-30T23:00:00+00:00,-1468472,4508.659
46403,2015-08-30T23:15:00+00:00,-1467572,4508.667
46403,2015-08-30T23:30:00+00:00,-1466672,4508.658
46403,2015-08-30T23:45:00+00:00,-1465772,4508.633
46403,2015-08-31T00:00:00+00:00,-1464872,4508.591
46403,2015-08-31T00:15:00+00:00,-1463972,4508.533
46403,2015-08-31T00:30:00+00:00,-1463072,4508.463
46403,2015-08-31T00:45:00+00:00,-1462172,4508.381
46403,2015-08-31T01:00:00+00:00,-1461272,4508.288
46403,2015-08-31T01:15:00+00:00,-1460372,4508.183
46403,2015-08-31T01:30:00+00:00,-1459472,4508.067
46403,2015-08-31T01:45:00+00:00,-1458572,4507.948
46403,2015-08-31T02:00:00+00:00,-1457672,4507.826
46403,2015-08-31T02:15:00+00:00,-1456772,4507.703
46403,2015-08-31T02:30:00+00:00,-1455872,4507.578
46403,2015-08-31T02:45:00+00:00,-1454972,4507.457
46403,2015-08-31T03:00:00+00:00,-1454072,4507.341
46403,2015-08-31T03:15:00+00:00,-1453172,4507.234
46403,2015-08-31T03:30:00+00:00,-1452272,4507.133
46403,2015-08-31T03:45:00+00:00,-1451372,4507.043
46403,2015-08-31T04:00:00+00:00,-1450472,4506.965
46403,2015-08-31T04:15:00+00:00,-1449572,4506.898
46403,2015-08-31T04:30:00+00:00,-1448672,4506.846
46403,2015-08-31T04:45:00+00:00,-1447772,4506.808
46403,2015-08-31T05:00:00+00:00,-1446872,4506.786
46403,2015-08-31T05:15:00+00:00,-1445972,4506.781
46403,2015-08-31T05:30:00+00:00,-1445072,4506.795
46403,2015-08-31T05:45:00+00:00,-1444172,4506.824
46403,2015-08-31T06:00:00+00:00,-1443272,4506.871
46403,2015-08-31T06:15:00+00:00,-1442372,4506.931
46403,2015-08-31T06:30:00+00:00,-1441472,4507.005
46403,2015-08-31T06:45:00+00:00,-1440572,4507.092
46403,2015-08-31T07:00:00+00:00,-1439672,4507.190
46403,2015-08-31T07:15:00+00:00,-1438772,4507.299
46403,2015-08-31T07:30:00+00:00,-1437872,4507.412
46403,2015-08-31T07:45:00+00:00,-1436972,4507.534
46403,2015-08-31T08:00:00+00:00,-1436072,4507.660
46403,2015-08-31T08:15:00+00:00,-1435172,4507.788
46403,2015-08-31T08:30:00+00:00,-1434272,4507.913
46403,2015-08-31T08:45:00+00:00,-1433372,4508.040
46403,2015-08-31T09:00:00+00:00,-1432472,4508.160
46403,2015-08-31T09:15:00+00:00,-1431572,4508.274
46403,2015-08-31T09:30:00+00:00,-1430672,4508.382
46403,2015-08-31T09:45:00+00:00,-1429772,4508.477
46403,2015-08-31T10:00:00+00:00,-1428872,4508.561
46403,2015-08-31T10:15:00+00:00,-1427972,4508.631
46403,2015-08-31T10:30:00+00:00,-1427072,4508.686
46403,2015-08-31T10:45:00+00:00,-1426172,4508.728
46403,2015-08-31T11:00:00+00:00,-1425272,4508.754
46403,2015-08-31T11:15:00+00:00,-1424372,4508.761
46403,2015-08-31T11:30:00+00:00,-1423472,4508.754
46403,2015-08-31T11:45:00+00:00,-1422572,4508.726
46403,2015-08-31T12:00:00+00:00,-1421672,4508.682
46403,2015-08-31T12:15:00+00:00,-1420772,4508.623
46403,2015-08-31T12:30:00+00:00,-1419872,4508.547
46403,2015-08-31T12:45:00+00:00,-1418972,4508.457
46403,2015-08-31T13:00:00+00:00,-1418072,4508.355
46403,2015-08-31T13:15:00+00:00,-1417172,4508.242
46403,2015-08-31T13:30:00+00:00,-1416272,4508.116
46403,2015-08-31T13:45:00+00:00,-1415372,4507.984
46403,2015-08-31T14:00:00+00:00,-1414472,4507.845
46403,2015-08-31T14:15:00+00:00,-1413572,4507.706
46403,2015-08-31T14:30:00+00:00,-1412672,4507.561
46403,2015-08-31T14:45:00+00:00,-1411772,4507.422
46403,2015-08-31T15:00:00+00:00,-1410872,4507.282
46403,2015-08-31T15:15:00+00:00,-1409972,4507.150
46403,2015-08-31T15:30:00+00:00,-1409072,4507.024
46403,2015-08-31T15:45:00+00:00,-1408172,4506.907
46403,2015-08-31T16:00:00+00:00,-1407272,4506.797
46403,2015-08-31T16:15:00+00:00,-1406372,4506.704
46403,2015-08-31T16:30:00+00:00,-1405472,4506.623
46403,2015-08-31T16:45:00+00:00,-1404572,4506.559
46403,2015-08-31T17:00:00+00:00,-1403672,4506.509
46403,2015-08-31T17:15:00+00:00,-1402772,4506.479
46403,2015-08-31T17:30:00+00:00,-1401872,4506.463
46403,2015-08-31T17:45:00+00:00,-1400972,4506.469
46403,2015-08-31T18:00:00+00:00,-1400072,4506.490
46403,2015-08-31T18:15:00+00:00,-1399172,4506.531
46403,2015-08-31T18:30:00+00:00,-1398272,4506.590
46403,2015-08-31T18:45:00+00:00,-1397372,4506.663
46403,2015-08-31T19:00:00+00:00,-1396472,4506.752
46403,2015-08-31T19:15:00+00:00,-1395572,4506.853
46403,2015-08-31T19:30:00+00:00,-1394672,4506.969
46403,2015-08-31T19:45:00+00:00,-1393772,4507.090
46403,2015-08-31T20:00:00+00:00,-1392872,4507.224
46403,2015-08-31T20:15:00+00:00,-1391972,4507.362
46403,2015-08-31T20:30:00+00:00,-1391072,4507.505
46403,2015-08-31T20:45:00+00:00,-1390172,4507.649
46403,2015-08-31T21:00:00+00:00,-1389272,4507.792
46403,2015-08-31T21:15:00+00:00,-1388372,4507.934
46403,2015-08-31T21:30:00+00:00,-1387472,4508.069
46403,2015-08-31T21:45:00+00:00,-1386572,4508.194
46403,2015-08-31T22:00:00+00:00,-1385672,4508.313
46403,2015-08-31T22:15:00+00:00,-1384772,4508.421
46403,2015-08-31T22:30:00+00:00,-1383872,4508.515
46403,2015-08-31T22:45:00+00:00,-1382972,4508.598
46403,2015-08-31T23:00:00+00:00,-1382072,4508.666
46403,2015-08-31T23:15:00+00:00,-1381172,4508.719
46403,2015-08-31T23:30:00+00:00,-1380272,4508.754
46403,2015-08-31T23:45:00+00:00,-1379372,4508.773
46403,2015-09-01T00:00:00+00:00,-1378472,4508.774
46403,2015-09-01T00:15:00+00:00,-1377572,4508.757
46403,2015-09-01T00:30:00+00:00,-1376672,4508.725
46403,2015-09-01T00:45:00+00:00,-1375772,4508.675
46403,2015-09-01T01:00:00+00:00,-1374872,4508.610
46403,2015-09-01T01:15:00+00:00,-1373972,4508.530
46403,2015-09-01T01:30:00+00:00,-1373072,4508.433
46403,2015-09-01T01:45:00+00:00,-1372172,4508.327
46403,2015-09-01T02:00:00+00:00,-1371272,4508.210
46403,2015-09-01T02:15:00+00:00,-1370372,4508.087
46403,2015-09-01T02:30:00+00:00,-1369472,4507.960
46403,2015-09-01T02:45:00+00:00,-1368572,4507.828
46403,2015-09-01T03:00:00+00:00,-1367672,4507.694
46403,2015-09-01T03:15:00+00:00,-1366772,4507.562
46403,2015-09-01T03:30:00+00:00,-1365872,4507.436
46403,2015-09-01T03:45:00+00:00,-1364972,4507.313
46403,2015-09-01T04:00:00+00:00,-1364072,4507.194
46403,2015-09-01T04:15:00+00:00,-1363172,4507.086
46403,2015-09-01T04:30:00+00:00,-1362272,4506.989
46403,2015-09-01T04:45:00+00:00,-1361372,4506.903
46403,2015-09-01T05:00:00+00:00,-1360472,4506.830
46403,2015-09-01T05:15:00+00:00,-1359572,4506.775
46403,2015-09-01T05:30:00+00:00,-1358672,4506.731
46403,2015-09-01T05:45:00+00:00,-1357772,4506.704
46403,2015-09-01T06:00:00+00:00,-1356872,4506.693
46403,2015-09-01T06:15:00+00:00,-1355972,4506.702
46403,2015-09-01T06:30:00+00:00,-1355072,4506.726
46403,2015-09-01T06:45:00+00:00,-1354172,4506.766
46403,2015-09-01T07:00:00+00:00,-1353272,4506.820
46403,2015-09-01T07:15:00+00:00,-1352372,4506.890
46403,2015-09-01T07:30:00+00:00,-1351472,4506.972
46403,2015-09-01T07:45:00+00:00,-1350572,4507.067
46403,2015-09-01T08:00:00+00:00,-1349672,4507.169
46403,2015-09-01T08:15:00+00:00,-1348772,4507.280
46403,2015-09-01T08:30:00+00:00,-1347872,4507.399
46403,2015-09-01T08:45:00+00:00,-1346972,4507.523
46403,2015-09-01T09:00:00+00:00,-1346072,4507.649
46403,2015-09-01T09:15:00+00:00,-1345172,4507.774
46403,2015-09-01T09:30:00+00:00,-1344272,4507.897
46403,2015-09-01T09:45:00+00:00,-1343372,4508.017
46403,2015-09-01T10:00:00+00:00,-1342472,4508.130
46403,2015-09-01T10:15:00+00:00,-1341572,4508.235
46403,2015-09-01T10:30:00+00:00,-1340672,4508.333
46403,2015-09-01T10:45:00+00:00,-1339772,4508.418
46403,2015-09-01T11:00:00+00:00,-1338872,4508.490
46403,2015-09-01T11:15:00+00:00,-1337972,4508.550
46403,2015-09-01T11:30:00+00:00,-1337072,4508.596
46403,2015-09-01T11:45:00+00:00,-1336172,4508.624
46403,2015-09-01T12:00:00+00:00,-1335272,4508.637
46403,2015-09-01T12:15:00+00:00,-1334372,4508.635
46403,2015-09-01T12:30:00+00:00,-1333472,4508.618
46403,2015-09-01T12:45:00+00:00,-1332572,4508.585
46403,2015-09-01T13:00:00+00:00,-1331672,4508.537
46403,2015-09-01T13:15:00+00:00,-1330772,4508.472
46403,2015-09-01T13:30:00+00:00,-1329872,4508.392
46403,2015-09-01T13:45:00+00:00,-1328972,4508.300
46403,2015-09-01T14:00:00+00:00,-1328072,4508.199
46403,2015-09-01T14:15:00+00:00,-1327172,4508.089
46403,2015-09-01T14:30:00+00:00,-1326272,4507.969
46403,2015-09-01T14:45:00+00:00,-1325372,4507.848
46403,2015-09-01T15:00:00+00:00,-1324472,4507.721
46403,2015-09-01T15:15:00+00:00,-1323572,4507.593
46403,2015-09-01T15:30:00+00:00,-1322672,4507.464
46403,2015-09-01T15:45:00+00:00,-1321772,4507.341
46403,2015-09-01T16:00:00+00:00,-1320872,4507.222
46403,2015-09-01T16:15:00+00:00,-1319972,4507.107
46403,2015-09-01T16:30:00+00:00,-1319072,4507.002
46403,2015-09-01T16:45:00+00:00,-1318172,4506.908
46403,2015-09-01T17:00:00+00:00,-1317272,4506.826
46403,2015-09-01T17:15:00+00:00,-1316372,4506.758
46403,2015-09-01T17:30:00+00:00,-1315472,4506.702
46403,2015-09-01T17:45:00+00:00,-1314572,4506.664
46403,2015-09-01T18:00:00+00:00,-1313672,4506.640
46403,2015-09-01T18:15:00+00:00,-1312772,4506.633
46403,2015-09-01T18:30:00+00:00,-1311872,4506.641
46403,2015-09-01T18:45:00+00:00,-1310972,4506.666
46403,2015-09-01T19:00:00+00:00,-1310072,4506.709
46403,2015-09-01T19:15:00+00:00,-1309172,4506.770
46403,2015-09-01T19:30:00+00:00,-1308272,4506.846
46403,2015-09-01T19:45:00+00:00,-1307372,4506.933
46403,2015-09-01T20:00:00+00:00,-1306472,4507.037
46403,2015-09-01T20:15:00+00:00,-1305572,4507.149
46403,2015-09-01T20:30:00+00:00,-1304672,4507.268
46403,2015-09-01T20:45:00+00:00,-1303772,4507.393
46403,2015-09-01T21:00:00+00:00,-1302872,4507.524
46403,2015-09-01T21:15:00+00:00,-1301972,4507.658
46403,2015-09-01T21:30:00+00:00,-1301072,4507.791
46403,2015-09-01T21:45:00+00:00,-1300172,4507.926
46403,2015-09-01T22:00:00+00:00,-1299272,4508.057
46403,2015-09-01T22:15:00+00:00,-1298372,4508.183
46403,2015-09-01T22:30:00+00:00,-1297472,4508.302
46403,2015-09-01T22:45:00+00:00,-1296572,4508.415
46403,2015-09-01T23:00:00+00:00,-1295672,4508.513
46403,2015-09-01T23:15:00+00:00,-1294772,4508.601
46403,2015-09-01T23:30:00+00:00,-1293872,4508.673
46403,2015-09-01T23:45:00+00:00,-1292972,4508.732
46403,2015-09-02T00:00:00+00:00,-1292072,4508.778
46403,2015-09-02T00:15:00+00:00,-1291172,4508.806
46403,2015-09-02T00:30:00+00:00,-1290272,4508.815
46403,2015-09-02T00:45:00+00:00,-1289372,4508.810
46403,2015-09-02T01:00:00+00:00,-1288472,4508.785
46403,2015-09-02T01:15:00+00:00,-1287572,4508.748
46403,2015-09-02T01:30:00+00:00,-1286672,4508.691
46403,2015-09-02T01:45:00+00:00,-1285772,4508.622
46403,2015-09-02T02:00:00+00:00,-1284872,4508.539
46403,2015-09-02T02:15:00+00:00,-1283972,4508.443
46403,2015-09-02T02:30:00+00:00,-1283072,4508.335
46403,2015-09-02T02:45:00+00:00,-1282172,4508.219
46403,2015-09-02T03:00:00+00:00,-1281272,4508.093
46403,2015-09-02T03:15:00+00:00,-1280372,4507.966
46403,2015-09-02T03:30:00+00:00,-1279472,4507.837
46403,2015-09-02T03:45:00+00:00,-1278572,4507.706
46403,2015-09-02T04:00:00+00:00,-1277672,4507.574
46403,2015-09-02T04:15:00+00:00,-1276772,4507.447
46403,2015-09-02T04:30:00+00:00,-1275872,4507.323
46403,2015-09-02T04:45:00+00:00,-1274972,4507.204
46403,2015-09-02T05:00:00+00:00,-1274072,4507.094
46403,2015-09-02T05:15:00+00:00,-1273172,4506.997
46403,2015-09-02T05:30:00+00:00,-1272272,4506.906
46403,2015-09-02T05:45:00+00:00,-1271372,4506.830
46403,2015-09-02T06:00:00+00:00,-1270472,4506.769
46403,2015-09-02T06:15:00+00:00,-1269572,4506.724
46403,2015-09-02T06:30:00+00:00,-1268672,4506.695
46403,2015-09-02T06:45:00+00:00,-1267772,4506.680
46403,2015-09-02T07:00:00+00:00,-1266872,4506.681
46403,2015-09-02T07:15:00+00:00,-1265972,4506.700
46403,2015-09-02T07:30:00+00:00,-1265072,4506.731
46403,2015-09-02T07:45:00+00:00,-1264172,4506.774
46403,2015-09-02T08:00:00+00:00,-1263272,4506.833
46403,2015-09-02T08:15:00+00:00,-1262372,4506.907
46403,2015-09-02T08:30:00+00:00,-1261472,4506.990
46403,2015-09-02T08:45:00+00:00,-1260572,4507.082
46403,2015-09-02T09:00:00+00:00,-1259672,4507.187
46403,2015-09-02T09:15:00+00:00,-1258772,4507.293
46403,2015-09-02T09:30:00+00:00,-1257872,4507.404
46403,2015-09-02T09:45:00+00:00,-1256972,4507.521
46403,2015-09-02T10:00:00+00:00,-1256072,4507.639
46403,2015-09-02T10:15:00+00:00,-1255172,4507.754
46403,2015-09-02T10:30:00+00:00,-1254272,4507.866
46403,2015-09-02T10:45:00+00:00,-1253372,4507.972
46403,2015-09-02T11:00:00+00:00,-1252472,4508.072
46403,2015-09-02T11:15:00+00:00,-1251572,4508.163
46403,2015-09-02T11:30:00+00:00,-1250672,4508.243
46403,2015-09-02T11:45:00+00:00,-1249772,4508.315
46403,2015-09-02T12:00:00+00:00,-1248872,4508.375
46403,2015-09-02T12:15:00+00:00,-1247972,4508.424
46403,2015-09-02T12:30:00+00:00,-1247072,4508.460
46403,2015-09-02T12:45:00+00:00,-1246172,4508.482
46403,2015-09-02T13:00:00+00:00,-1245272,4508.488
46403,2015-09-02T13:15:00+00:00,-1244372,4508.478
46403,2015-09-02T13:30:00+00:00,-1243472,4508.457
46403,2015-09-02T13:45:00+00:00,-1242572,4508.421
46403,2015-09-02T14:00:00+00:00,-1241672,4508.370
46403,2015-09-02T14:15:00+00:00,-1240772,4508.307
46403,2015-09-02T14:30:00+00:00,-1239872,4508.233
46403,2015-09-02T14:45:00+00:00,-1238972,4508.149
46403,2015-09-02T15:00:00+00:00,-1238072,4508.058
46403,2015-09-02T15:15:00+00:00,-1237172,4507.960
46403,2015-09-02T15:30:00+00:00,-1236272,4507.860
46403,2015-09-02T15:45:00+00:00,-1235372,4507.753
46403,2015-09-02T16:00:00+00:00,-1234472,4507.646
46403,2015-09-02T16:15:00+00:00,-1233572,4507.541
46403,2015-09-02T16:30:00+00:00,-1232672,4507.438
46403,2015-09-02T16:45:00+00:00,-1231772,4507.339
46403,2015-09-02T17:00:00+00:00,-1230872,4507.245
46403,2015-09-02T17:15:00+00:00,-1229972,4507.158
46403,2015-09-02T17:30:00+00:00,-1229072,4507.082
46403,2015-09-02T17:45:00+00:00,-1228172,4507.013
46403,2015-09-02T18:00:00+00:00,-1227272,4506.955
46403,2015-09-02T18:15:00+00:00,-1226372,4506.909
46403,2015-09-02T18:30:00+00:00,-1225472,4506.880
46403,2015-09-02T18:45:00+00:00,-1224572,4506.863
46403,2015-09-02T19:00:00+00:00,-1223672,4506.861
46403,2015-09-02T19:15:00+00:00,-1222772,4506.873
46403,2015-09-02T19:30:00+00:00,-1221872,4506.903
46403,2015-09-02T19:45:00+00:00,-1220972,4506.945
46403,2015-09-02T20:00:00+00:00,-1220072,4507.001
46403,2015-09-02T20:15:00+00:00,-1219172,4507.070
46403,2015-09-02T20:30:00+00:00,-1218272,4507.154
46403,2015-09-02T20:45:00+00:00,-1217372,4507.246
46403,2015-09-02T21:00:00+00:00,-1216472,4507.348
46403,2015-09-02T21:15:00+00:00,-1215572,4507.456
46403,2015-09-02T21:30:00+00:00,-1214672,4507.567
46403,2015-09-02T21:45:00+00:00,-1213772,4507.686
46403,2015-09-02T22:00:00+00:00,-1212872,4507.806
46403,2015-09-02T22:15:00+00:00,-1211972,4507.927
46403,2015-09-02T22:30:00+00:00,-1211072,4508.047
46403,2015-09-02T22:45:00+00:00,-1210172,4508.163
46403,2015-09-02T23:00:00+00:00,-1209272,4508.276
46403,2015-09-02T23:15:00+00:00,-1208372,4508.383
46403,2015-09-02T23:30:00+00:00,-1207472,4508.479
46403,2015-09-02T23:45:00+00:00,-1206572,4508.565
46403,2015-09-03T00:00:00+00:00,-1205672,4508.642
46403,2015-09-03T00:15:00+00:00,-1204772,4508.705
46403,2015-09-03T00:30:00+00:00,-1203872,4508.754
46403,2015-09-03T00:45:00+00:00,-1202972,4508.789
46403,2015-09-03T01:00:00+00:00,-1202072,4508.810
46403,2015-09-03T01:15:00+00:00,-1201172,4508.811
46403,2015-09-03T01:30:00+00:00,-1200272,4508.801
46403,2015-09-03T01:45:00+00:00,-1199372,4508.773
46403,2015-09-03T02:00:00+00:00,-1198472,4508.735
46403,2015-09-03T02:15:00+00:00,-1197572,4508.681
46403,2015-09-03T02:30:00+00:00,-1196672,4508.613
46403,2015-09-03T02:45:00+00:00,-1195772,4508.533
46403,2015-09-03T03:00:00+00:00,-1194872,4508.442
46403,2015-09-03T03:15:00+00:00,-1193972,4508.339
46403,2015-09-03T03:30:00+00:00,-1193072,4508.229
46403,2015-09-03T03:45:00+00:00,-1192172,4508.113
46403,2015-09-03T04:00:00+00:00,-1191272,4507.994
46403,2015-09-03T04:15:00+00:00,-1190372,4507.871
46403,2015-09-03T04:30:00+00:00,-1189472,4507.745
46403,2015-09-03T04:45:00+00:00,-1188572,4507.617
46403,2015-09-03T05:00:00+00:00,-1187672,4507.494
46403,2015-09-03T05:15:00+00:00,-1186772,4507.375
46403,2015-09-03T05:30:00+00:00,-1185872,4507.262
46403,2015-09-03T05:45:00+00:00,-1184972,4507.156
46403,2015-09-03T06:00:00+00:00,-1184072,4507.056
46403,2015-09-03T06:15:00+00:00,-1183172,4506.967
46403,2015-09-03T06:30:00+00:00,-1182272,4506.891
46403,2015-09-03T06:45:00+00:00,-1181372,4506.828
46403,2015-09-03T07:00:00+00:00,-1180472,4506.778
46403,2015-09-03T07:15:00+00:00,-1179572,4506.740
46403,2015-09-03T07:30:00+00:00,-1178672,4506.717
46403,2015-09-03T07:45:00+00:00,-1177772,4506.707
46403,2015-09-03T08:00:00+00:00,-1176872,4506.710
46403,2015-09-03T08:15:00+00:00,-1175972,4506.724
46403,2015-09-03T08:30:00+00:00,-1175072,4506.753
46403,2015-09-03T08:45:00+00:00,-1174172,4506.799
46403,2015-09-03T09:00:00+00:00,-1173272,4506.856
46403,2015-09-03T09:15:00+00:00,-1172372,4506.923
46403,2015-09-03T09:30:00+00:00,-1171472,4507.001
46403,2015-09-03T09:45:00+00:00,-1170572,4507.083
46403,2015-09-03T10:00:00+00:00,-1169672,4507.175
46403,2015-09-03T10:15:00+00:00,-1168772,4507.274
46403,2015-09-03T10:30:00+00:00,-1167872,4507.371
46403,2015-09-03T10:45:00+00:00,-1166972,4507.470
46403,2015-09-03T11:00:00+00:00,-1166072,4507.571
46403,2015-09-03T11:15:00+00:00,-1165172,4507.668
46403,2015-09-03T11:30:00+00:00,-1164272,4507.768
46403,2015-09-03T11:45:00+00:00,-1163372,4507.857
46403,2015-09-03T12:00:00+00:00,-1162472,4507.944
46403,2015-09-03T12:15:00+00:00,-1161572,4508.024
46403,2015-09-03T12:30:00+00:00,-1160672,4508.093
46403,2015-09-03T12:45:00+00:00,-1159772,4508.152
46403,2015-09-03T13:00:00+00:00,-1158872,4508.203
46403,2015-09-03T13:15:00+00:00,-1157972,4508.240
46403,2015-09-03T13:30:00+00:00,-1157072,4508.266
46403,2015-09-03T13:45:00+00:00,-1156172,4508.283
46403,2015-09-03T14:00:00+00:00,-1155272,4508.286
46403,2015-09-03T14:15:00+00:00,-1154372,4508.274
46403,2015-09-03T14:30:00+00:00,-1153472,4508.255
46403,2015-09-03T14:45:00+00:00,-1152572,4508.222
46403,2015-09-03T15:00:00+00:00,-1151672,4508.180
46403,2015-09-03T15:15:00+00:00,-1150772,4508.127
46403,2015-09-03T15:30:00+00:00,-1149872,4508.067
46403,2015-09-03T15:45:00+00:00,-1148972,4508.001
46403,2015-09-03T16:00:00+00:00,-1148072,4507.932
46403,2015-09-03T16:15:00+00:00,-1147172,4507.858
46403,2015-09-03T16:30:00+00:00,-1146272,4507.778
46403,2015-09-03T16:45:00+00:00,-1145372,4507.699
46403,2015-09-03T17:00:00+00:00,-1144472,4507.618
46403,2015-09-03T17:15:00+00:00,-1143572,4507.539
46403,2015-09-03T17:30:00+00:00,-1142672,4507.464
46403,2015-09-03T17:45:00+00:00,-1141772,4507.390
46403,2015-09-03T18:00:00+00:00,-1140872,4507.323
46403,2015-09-03T18:15:00+00:00,-1139972,4507.264
46403,2015-09-03T18:30:00+00:00,-1139072,4507.211
46403,2015-09-03T18:45:00+00:00,-1138172,4507.167
46403,2015-09-03T19:00:00+00:00,-1137272,4507.135
46403,2015-09-03T19:15:00+00:00,-1136372,4507.112
46403,2015-09-03T19:30:00+00:00,-1135472,4507.099
46403,2015-09-03T19:45:00+00:00,-1134572,4507.103
46403,2015-09-03T20:00:00+00:00,-1133672,4507.115
46403,2015-09-03T20:15:00+00:00,-1132772,4507.140
46403,2015-09-03T20:30:00+00:00,-1131872,4507.174
46403,2015-09-03T20:45:00+00:00,-1130972,4507.224
46403,2015-09-03T21:00:00+00:00,-1130072,4507.282
46403,2015-09-03T21:15:00+00:00,-1129172,4507.349
46403,2015-09-03T21:30:00+00:00,-1128272,4507.424
46403,2015-09-03T21:45:00+00:00,-1127372,4507.507
46403,2015-09-03T22:00:00+00:00,-1126472,4507.596
46403,2015-09-03T22:15:00+00:00,-1125572,4507.691
46403,2015-09-03T22:30:00+00:00,-1124672,4507.791
46403,2015-09-03T22:45:00+00:00,-1123772,4507.892
46403,2015-09-03T23:00:00+00:00,-1122872,4507.993
46403,2015-09-03T23:15:00+00:00,-1121972,4508.092
46403,2015-09-03T23:30:00+00:00,-1121072,4508.191
46403,2015-09-03T23:45:00+00:00,-1120172,4508.286
46403,2015-09-04T00:00:00+00:00,-1119272,4508.376
46403,2015-09-04T00:15:00+00:00,-1118372,4508.458
46403,2015-09-04T00:30:00+00:00,-1117472,4508.529
46403,2015-09-04T00:45:00+00:00,-1116572,4508.589
46403,2015-09-04T01:00:00+00:00,-1115672,4508.641
46403,2015-09-04T01:15:00+00:00,-1114772,4508.683
46403,2015-09-04T01:30:00+00:00,-1113872,4508.711
46403,2015-09-04T01:45:00+00:00,-1112972,4508.727
46403,2015-09-04T02:00:00+00:00,-1112072,4508.730
46403,2015-09-04T02:15:00+00:00,-1111172,4508.721
46403,2015-09-04T02:30:00+00:00,-1110272,4508.695
46403,2015-09-04T02:45:00+00:00,-1109372,4508.660
46403,2015-09-04T03:00:00+00:00,-1108472,4508.612
46403,2015-09-04T03:15:00+00:00,-1107572,4508.552
46403,2015-09-04T03:30:00+00:00,-1106672,4508.481
46403,2015-09-04T03:45:00+00:00,-1105772,4508.400
46403,2015-09-04T04:00:00+00:00,-1104872,4508.309
46403,2015-09-04T04:15:00+00:00,-1103972,4508.211
46403,2015-09-04T04:30:00+00:00,-1103072,4508.108
46403,2015-09-04T04:45:00+00:00,-1102172,4507.997
46403,2015-09-04T05:00:00+00:00,-1101272,4507.885
46403,2015-09-04T05:15:00+00:00,-1100372,4507.771
46403,2015-09-04T05:30:00+00:00,-1099472,4507.662
46403,2015-09-04T05:45:00+00:00,-1098572,4507.552
46403,2015-09-04T06:00:00+00:00,-1097672,4507.447
46403,2015-09-04T06:15:00+00:00,-1096772,4507.345
46403,2015-09-04T06:30:00+00:00,-1095872,4507.247
46403,2015-09-04T06:45:00+00:00,-1094972,4507.154
46403,2015-09-04T07:00:00+00:00,-1094072,4507.069
46403,2015-09-04T07:15:00+00:00,-1093172,4506.991
46403,2015-09-04T07:30:00+00:00,-1092272,4506.925
46403,2015-09-04T07:45:00+00:00,-1091372,4506.871
46403,2015-09-04T08:00:00+00:00,-1090472,4506.827
46403,2015-09-04T08:15:00+00:00,-1089572,4506.796
46403,2015-09-04T08:30:00+00:00,-1088672,4506.779
46403,2015-09-04T08:45:00+00:00,-1087772,4506.770
46403,2015-09-04T09:00:00+00:00,-1086872,4506.773
46403,2015-09-04T09:15:00+00:00,-1085972,4506.788
46403,2015-09-04T09:30:00+00:00,-1085072,4506.816
46403,2015-09-04T09:45:00+00:00,-1084172,4506.850
46403,2015-09-04T10:00:00+00:00,-1083272,4506.898
46403,2015-09-04T10:15:00+00:00,-1082372,4506.952
46403,2015-09-04T10:30:00+00:00,-1081472,4507.014
46403,2015-09-04T10:45:00+00:00,-1080572,4507.084
46403,2015-09-04T11:00:00+00:00,-1079672,4507.158
46403,2015-09-04T11:15:00+00:00,-1078772,4507.235
46403,2015-09-04T11:30:00+00:00,-1077872,4507.316
46403,2015-09-04T11:45:00+00:00,-1076972,4507.398
46403,2015-09-04T12:00:00+00:00,-1076072,4507.482
46403,2015-09-04T12:15:00+00:00,-1075172,4507.565
46403,2015-09-04T12:30:00+00:00,-1074272,4507.646
46403,2015-09-04T12:45:00+00:00,-1073372,4507.723
46403,2015-09-04T13:00:00+00:00,-1072472,4507.799
46403,2015-09-04T13:15:00+00:00,-1071572,4507.865
46403,2015-09-04T13:30:00+00:00,-1070672,4507.924
46403,2015-09-04T13:45:00+00:00,-1069772,4507.978
46403,2015-09-04T14:00:00+00:00,-1068872,4508.018
46403,2015-09-04T14:15:00+00:00,-1067972,4508.049
46403,2015-09-04T14:30:00+00:00,-1067072,4508.073
46403,2015-09-04T14:45:00+00:00,-1066172,4508.088
46403,2015-09-04T15:00:00+00:00,-1065272,4508.093
46403,2015-09-04T15:15:00+00:00,-1064372,4508.089
46403,2015-09-04T15:30:00+00:00,-1063472,4508.078
46403,2015-09-04T15:45:00+00:00,-1062572,4508.057
46403,2015-09-04T16:00:00+00:00,-1061672,4508.029
46403,2015-09-04T16:15:00+00:00,-1060772,4507.996
46403,2015-09-04T16:30:00+00:00,-1059872,4507.956
46403,2015-09-04T16:45:00+00:00,-1058972,4507.910
46403,2015-09-04T17:00:00+00:00,-1058072,4507.861
46403,2015-09-04T17:15:00+00:00,-1057172,4507.810
46403,2015-09-04T17:30:00+00:00,-1056272,4507.756
46403,2015-09-04T17:45:00+00:00,-1055372,4507.698
46403,2015-09-04T18:00:00+00:00,-1054472,4507.642
46403,2015-09-04T18:15:00+00:00,-1053572,4507.586
46403,2015-09-04T18:30:00+00:00,-1052672,4507.534
46403,2015-09-04T18:45:00+00:00,-1051772,4507.485
46403,2015-09-04T19:00:00+00:00,-1050872,4507.440
46403,2015-09-04T19:15:00+00:00,-1049972,4507.401
46403,2015-09-04T19:30:00+00:00,-1049072,4507.369
46403,2015-09-04T19:45:00+00:00,-1048172,4507.346
46403,2015-09-04T20:00:00+00:00,-1047272,4507.327
46403,2015-09-04T20:15:00+00:00,-1046372,4507.320
46403,2015-09-04T20:30:00+00:00,-1045472,4507.321
46403,2015-09-04T20:45:00+00:00,-1044572,4507.329
46403,2015-09-04T21:00:00+00:00,-1043672,4507.345
46403,2015-09-04T21:15:00+00:00,-1042772,4507.371
46403,2015-09-04T21:30:00+00:00,-1041872,4507.406
46403,2015-09-04T21:45:00+00:00,-1040972,4507.447
46403,2015-09-04T22:00:00+00:00,-1040072,4507.494
46403,2015-09-04T22:15:00+00:00,-1039172,4507.553
46403,2015-09-04T22:30:00+00:00,-1038272,4507.620
46403,2015-09-04T22:45:00+00:00,-1037372,4507.692
46403,2015-09-04T23:00:00+00:00,-1036472,4507.764
46403,2015-09-04T23:15:00+00:00,-1035572,4507.846
46403,2015-09-04T23:30:00+00:00,-1034672,4507.922
46403,2015-09-04T23:45:00+00:00,-1033772,4508.004
46403,2015-09-05T00:00:00+00:00,-1032872,4508.083
46403,2015-09-05T00:15:00+00:00,-1031972,4508.162
46403,2015-09-05T00:30:00+00:00,-1031072,4508.238
46403,2015-09-05T00:45:00+00:00,-1030172,4508.309
46403,2015-09-05T01:00:00+00:00,-1029272,4508.374
46403,2015-09-05T01:15:00+00:00,-1028372,4508.438
46403,2015-09-05T01:30:00+00:00,-1027472,4508.490
46403,2015-09-05T01:45:00+00:00,-1026572,4508.534
46403,2015-09-05T02:00:00+00:00,-1025672,4508.571
46403,2015-09-05T02:15:00+00:00,-1024772,4508.598
46403,2015-09-05T02:30:00+00:00,-1023872,4508.613
46403,2015-09-05T02:45:00+00:00,-1022972,4508.617
46403,2015-09-05T03:00:00+00:00,-1022072,4508.614
46403,2015-09-05T03:15:00+00:00,-1021172,4508.601
46403,2015-09-05T03:30:00+00:00,-1020272,4508.576
46403,2015-09-05T03:45:00+00:00,-1019372,4508.539
46403,2015-09-05T04:00:00+00:00,-1018472,4508.489
46403,2015-09-05T04:15:00+00:00,-1017572,4508.435
46403,2015-09-05T04:30:00+00:00,-1016672,4508.369
46403,2015-09-05T04:45:00+00:00,-1015772,4508.297
46403,2015-09-05T05:00:00+00:00,-1014872,4508.217
46403,2015-09-05T05:15:00+00:00,-1013972,4508.134
46403,2015-09-05T05:30:00+00:00,-1013072,4508.045
46403,2015-09-05T05:45:00+00:00,-1012172,4507.953
46403,2015-09-05T06:00:00+00:00,-1011272,4507.858
46403,2015-09-05T06:15:00+00:00,-1010372,4507.760
46403,2015-09-05T06:30:00+00:00,-1009472,4507.663
46403,2015-09-05T06:45:00+00:00,-1008572,4507.565
46403,2015-09-05T07:00:00+00:00,-1007672,4507.469
46403,2015-09-05T07:15:00+00:00,-1006772,4507.377
46403,2015-09-05T07:30:00+00:00,-1005872,4507.291
46403,2015-09-05T07:45:00+00:00,-1004972,4507.208
46403,2015-09-05T08:00:00+00:00,-1004072,4507.134
46403,2015-09-05T08:15:00+00:00,-1003172,4507.069
46403,2015-09-05T08:30:00+00:00,-1002272,4507.009
46403,2015-09-05T08:45:00+00:00,-1001372,4506.959
46403,2015-09-05T09:00:00+00:00,-1000472,4506.919
46403,2015-09-05T09:15:00+00:00,-999572,4506.888
46403,2015-09-05T09:30:00+00:00,-998672,4506.865
46403,2015-09-05T09:45:00+00:00,-997772,4506.854
46403,2015-09-05T10:00:00+00:00,-996872,4506.852
46403,2015-09-05T10:15:00+00:00,-995972,4506.858
46403,2015-09-05T10:30:00+00:00,-995072,4506.873
46403,2015-09-05T10:45:00+00:00,-994172,4506.898
46403,2015-09-05T11:00:00+00:00,-993272,4506.933
46403,2015-09-05T11:15:00+00:00,-992372,4506.972
46403,2015-09-05T11:30:00+00:00,-991472,4507.019
46403,2015-09-05T11:45:00+00:00,-990572,4507.073
46403,2015-09-05T12:00:00+00:00,-989672,4507.132
46403,2015-09-05T12:15:00+00:00,-988772,4507.194
46403,2015-09-05T12:30:00+00:00,-987872,4507.261
46403,2015-09-05T12:45:00+00:00,-986972,4507.331
46403,2015-09-05T13:00:00+00:00,-986072,4507.402
46403,2015-09-05T13:15:00+00:00,-985172,4507.474
46403,2015-09-05T13:30:00+00:00,-984272,4507.543
46403,2015-09-05T13:45:00+00:00,-983372,4507.607
46403,2015-09-05T14:00:00+00:00,-982472,4507.669
46403,2015-09-05T14:15:00+00:00,-981572,4507.728
46403,2015-09-05T14:30:00+00:00,-980672,4507.782
46403,2015-09-05T14:45:00+00:00,-979772,4507.830
46403,2015-09-05T15:00:00+00:00,-978872,4507.874
46403,2015-09-05T15:15:00+00:00,-977972,4507.913
46403,2015-09-05T15:30:00+00:00,-977072,4507.942
46403,2015-09-05T15:45:00+00:00,-976172,4507.964
46403,2015-09-05T16:00:00+00:00,-975272,4507.978
46403,2015-09-05T16:15:00+00:00,-974372,4507.987
46403,2015-09-05T16:30:00+00:00,-973472,4507.989
46403,2015-09-05T16:45:00+00:00,-972572,4507.984
46403,2015-09-05T17:00:00+00:00,-971672,4507.974
46403,2015-09-05T17:15:00+00:00,-970772,4507.959
46403,2015-09-05T17:30:00+00:00,-969872,4507.939
46403,2015-09-05T17:45:00+00:00,-968972,4507.915
46403,2015-09-05T18:00:00+00:00,-968072,4507.886
46403,2015-09-05T18:15:00+00:00,-967172,4507.852
46403,2015-09-05T18:30:00+00:00,-966272,4507.817
46403,2015-09-05T18:45:00+00:00,-965372,4507.782
46403,2015-09-05T19:00:00+00:00,-964472,4507.744
46403,2015-09-05T19:15:00+00:00,-963572,4507.709
46403,2015-09-05T19:30:00+00:00,-962672,4507.677
46403,2015-09-05T19:45:00+00:00,-961772,4507.646
46403,2015-09-05T20:00:00+00:00,-960872,4507.618
46403,2015-09-05T20:15:00+00:00,-959972,4507.592
46403,2015-09-05T20:30:00+00:00,-959072,4507.568
46403,2015-09-05T20:45:00+00:00,-958172,4507.549
46403,2015-09-05T21:00:00+00:00,-957272,4507.537
46403,2015-09-05T21:15:00+00:00,-956372,4507.530
46403,2015-09-05T21:30:00+00:00,-955472,4507.526
46403,2015-09-05T21:45:00+00:00,-954572,4507.530
46403,2015-09-05T22:00:00+00:00,-953672,4507.539
46403,2015-09-05T22:15:00+00:00,-952772,4507.559
46403,2015-09-05T22:30:00+00:00,-951872,4507.585
46403,2015-09-05T22:45:00+00:00,-950972,4507.614
46403,2015-09-05T23:00:00+00:00,-950072,4507.651
46403,2015-09-05T23:15:00+00:00,-949172,4507.695
46403,2015-09-05T23:30:00+00:00,-948272,4507.744
46403,2015-09-05T23:45:00+00:00,-947372,4507.797
46403,2015-09-06T00:00:00+00:00,-946472,4507.855
46403,2015-09-06T00:15:00+00:00,-945572,4507.912
46403,2015-09-06T00:30:00+00:00,-944672,4507.974
46403,2015-09-06T00:45:00+00:00,-943772,4508.032
46403,2015-09-06T01:00:00+00:00,-942872,4508.092
46403,2015-09-06T01:15:00+00:00,-941972,4508.152
46403,2015-09-06T01:30:00+00:00,-941072,4508.209
46403,2015-09-06T01:45:00+00:00,-940172,4508.264
46403,2015-09-06T02:00:00+00:00,-939272,4508.314
46403,2015-09-06T02:15:00+00:00,-938372,4508.362
46403,2015-09-06T02:30:00+00:00,-937472,4508.405
46403,2015-09-06T02:45:00+00:00,-936572,4508.439
46403,2015-09-06T03:00:00+00:00,-935672,4508.470
46403,2015-09-06T03:15:00+00:00,-934772,4508.492
46403,2015-09-06T03:30:00+00:00,-933872,4508.506
46403,2015-09-06T03:45:00+00:00,-932972,4508.513
46403,2015-09-06T04:00:00+00:00,-932072,4508.511
46403,2015-09-06T04:15:00+00:00,-931172,4508.496
46403,2015-09-06T04:30:00+00:00,-930272,4508.472
46403,2015-09-06T04:45:00+00:00,-929372,4508.442
46403,2015-09-06T05:00:00+00:00,-928472,4508.402
46403,2015-09-06T05:15:00+00:00,-927572,4508.354
46403,2015-09-06T05:30:00+00:00,-926672,4508.302
46403,2015-09-06T05:45:00+00:00,-925772,4508.241
46403,2015-09-06T06:00:00+00:00,-924872,4508.177
46403,2015-09-06T06:15:00+00:00,-923972,4508.107
46403,2015-09-06T06:30:00+00:00,-923072,4508.029
46403,2015-09-06T06:45:00+00:00,-922172,4507.950
46403,2015-09-06T07:00:00+00:00,-921272,4507.868
46403,2015-09-06T07:15:00+00:00,-920372,4507.783
46403,2015-09-06T07:30:00+00:00,-919472,4507.699
46403,2015-09-06T07:45:00+00:00,-918572,4507.612
46403,2015-09-06T08:00:00+00:00,-917672,4507.526
46403,2015-09-06T08:15:00+00:00,-916772,4507.443
46403,2015-09-06T08:30:00+00:00,-915872,4507.362
46403,2015-09-06T08:45:00+00:00,-914972,4507.286
46403,2015-09-06T09:00:00+00:00,-914072,4507.216
46403,2015-09-06T09:15:00+00:00,-913172,4507.149
46403,2015-09-06T09:30:00+00:00,-912272,4507.089
46403,2015-09-06T09:45:00+00:00,-911372,4507.035
46403,2015-09-06T10:00:00+00:00,-910472,4506.988
46403,2015-09-06T10:15:00+00:00,-909572,4506.948
46403,2015-09-06T10:30:00+00:00,-908672,4506.917
46403,2015-09-06T10:45:00+00:00,-907772,4506.894
46403,2015-09-06T11:00:00+00:00,-906872,4506.880
46403,2015-09-06T11:15:00+00:00,-905972,4506.871
46403,2015-09-06T11:30:00+00:00,-905072,4506.874
46403,2015-09-06T11:45:00+00:00,-904172,4506.886
46403,2015-09-06T12:00:00+00:00,-903272,4506.907
46403,2015-09-06T12:15:00+00:00,-902372,4506.934
46403,2015-09-06T12:30:00+00:00,-901472,4506.968
46403,2015-09-06T12:45:00+00:00,-900572,4507.008
46403,2015-09-06T13:00:00+00:00,-899672,4507.055
46403,2015-09-06T13:15:00+00:00,-898772,4507.110
46403,2015-09-06T13:30:00+00:00,-897872,4507.165
46403,2015-09-06T13:45:00+00:00,-896972,4507.228
46403,2015-09-06T14:00:00+00:00,-896072,4507.289
46403,2015-09-06T14:15:00+00:00,-895172,4507.352
46403,2015-09-06T14:30:00+00:00,-894272,4507.417
46403,2015-09-06T14:45:00+00:00,-893372,4507.479
46403,2015-09-06T15:00:00+00:00,-892472,4507.542
46403,2015-09-06T15:15:00+00:00,-891572,4507.600
46403,2015-09-06T15:30:00+00:00,-890672,4507.655
46403,2015-09-06T15:45:00+00:00,-889772,4507.707
46403,2015-09-06T16:00:00+00:00,-888872,4507.756
46403,2015-09-06T16:15:00+00:00,-887972,4507.804
46403,2015-09-06T16:30:00+00:00,-887072,4507.844
46403,2015-09-06T16:45:00+00:00,-886172,4507.880
46403,2015-09-06T17:00:00+00:00,-885272,4507.909
46403,2015-09-06T17:15:00+00:00,-884372,4507.930
46403,2015-09-06T17:30:00+00:00,-883472,4507.950
46403,2015-09-06T17:45:00+00:00,-882572,4507.961
46403,2015-09-06T18:00:00+00:00,-881672,4507.968
46403,2015-09-06T18:15:00+00:00,-880772,4507.970
46403,2015-09-06T18:30:00+00:00,-879872,4507.967
46403,2015-09-06T18:45:00+00:00,-878972,4507.958
46403,2015-09-06T19:00:00+00:00,-878072,4507.944
46403,2015-09-06T19:15:00+00:00,-877172,4507.928
46403,2015-09-06T19:30:00+00:00,-876272,4507.908
46403,2015-09-06T19:45:00+00:00,-875372,4507.885
46403,2015-09-06T20:00:00+00:00,-874472,4507.862
46403,2015-09-06T20:15:00+00:00,-873572,4507.834
46403,2015-09-06T20:30:00+00:00,-872672,4507.809
46403,2015-09-06T20:45:00+00:00,-871772,4507.784
46403,2015-09-06T21:00:00+00:00,-870872,4507.761
46403,2015-09-06T21:15:00+00:00,-869972,4507.737
46403,2015-09-06T21:30:00+00:00,-869072,4507.714
46403,2015-09-06T21:45:00+00:00,-868172,4507.694
46403,2015-09-06T22:00:00+00:00,-867272,4507.676
46403,2015-09-06T22:15:00+00:00,-866372,4507.663
46403,2015-09-06T22:30:00+00:00,-865472,4507.655
46403,2015-09-06T22:45:00+00:00,-864572,4507.647
46403,2015-09-06T23:00:00+00:00,-863672,4507.648
46403,2015-09-06T23:15:00+00:00,-862772,4507.657
46403,2015-09-06T23:30:00+00:00,-861872,4507.673
46403,2015-09-06T23:45:00+00:00,-860972,4507.692
46403,2015-09-07T00:00:00+00:00,-860072,4507.717
46403,2015-09-07T00:15:00+00:00,-859172,4507.747
46403,2015-09-07T00:30:00+00:00,-858272,4507.779
46403,2015-09-07T00:45:00+00:00,-857372,4507.815
46403,2015-09-07T01:00:00+00:00,-856472,4507.854
46403,2015-09-07T01:15:00+00:00,-855572,4507.897
46403,2015-09-07T01:30:00+00:00,-854672,4507.942
46403,2015-09-07T01:45:00+00:00,-853772,4507.988
46403,2015-09-07T02:00:00+00:00,-852872,4508.036
46403,2015-09-07T02:15:00+00:00,-851972,4508.090
46403,2015-09-07T02:30:00+00:00,-851072,4508.143
46403,2015-09-07T02:45:00+00:00,-850172,4508.195
46403,2015-09-07T03:00:00+00:00,-849272,4508.243
46403,2015-09-07T03:15:00+00:00,-848372,4508.287
46403,2015-09-07T03:30:00+00:00,-847472,4508.329
46403,2015-09-07T03:45:00+00:00,-846572,4508.363
46403,2015-09-07T04:00:00+00:00,-845672,4508.393
46403,2015-09-07T04:15:00+00:00,-844772,4508.417
46403,2015-09-07T04:30:00+00:00,-843872,4508.437
46403,2015-09-07T04:45:00+00:00,-842972,4508.444
46403,2015-09-07T05:00:00+00:00,-842072,4508.448
46403,2015-09-07T05:15:00+00:00,-841172,4508.443
46403,2015-09-07T05:30:00+00:00,-840272,4508.431
46403,2015-09-07T05:45:00+00:00,-839372,4508.413
46403,2015-09-07T06:00:00+00:00,-838472,4508.387
46403,2015-09-07T06:15:00+00:00,-837572,4508.357
46403,2015-09-07T06:30:00+00:00,-836672,4508.315
46403,2015-09-07T06:45:00+00:00,-835772,4508.267
46403,2015-09-07T07:00:00+00:00,-834872,4508.213
46403,2015-09-07T07:15:00+00:00,-833972,4508.153
46403,2015-09-07T07:30:00+00:00,-833072,4508.087
46403,2015-09-07T07:45:00+00:00,-832172,4508.016
46403,2015-09-07T08:00:00+00:00,-831272,4507.942
46403,2015-09-07T08:15:00+00:00,-830372,4507.865
46403,2015-09-07T08:30:00+00:00,-829472,4507.780
46403,2015-09-07T08:45:00+00:00,-828572,4507.696
46403,2015-09-07T09:00:00+00:00,-827672,4507.611
46403,2015-09-07T09:15:00+00:00,-826772,4507.528
46403,2015-09-07T09:30:00+00:00,-825872,4507.447
46403,2015-09-07T09:45:00+00:00,-824972,4507.369
46403,2015-09-07T10:00:00+00:00,-824072,4507.294
46403,2015-09-07T10:15:00+00:00,-823172,4507.224
46403,2015-09-07T10:30:00+00:00,-822272,4507.159
46403,2015-09-07T10:45:00+00:00,-821372,4507.099
46403,2015-09-07T11:00:00+00:00,-820472,4507.044
46403,2015-09-07T11:15:00+00:00,-819572,4506.998
46403,2015-09-07T11:30:00+00:00,-818672,4506.956
46403,2015-09-07T11:45:00+00:00,-817772,4506.924
46403,2015-09-07T12:00:00+00:00,-816872,4506.899
46403,2015-09-07T12:15:00+00:00,-815972,4506.883
46403,2015-09-07T12:30:00+00:00,-815072,4506.877
46403,2015-09-07T12:45:00+00:00,-814172,4506.878
46403,2015-09-07T13:00:00+00:00,-813272,4506.889
46403,2015-09-07T13:15:00+00:00,-812372,4506.907
46403,2015-09-07T13:30:00+00:00,-811472,4506.932
46403,2015-09-07T13:45:00+00:00,-810572,4506.967
46403,2015-09-07T14:00:00+00:00,-809672,4507.008
46403,2015-09-07T14:15:00+00:00,-808772,4507.054
46403,2015-09-07T14:30:00+00:00,-807872,4507.107
46403,2015-09-07T14:45:00+00:00,-806972,4507.161
46403,2015-09-07T15:00:00+00:00,-806072,4507.223
46403,2015-09-07T15:15:00+00:00,-805172,4507.285
46403,2015-09-07T15:30:00+00:00,-804272,4507.353
46403,2015-09-07T15:45:00+00:00,-803372,4507.421
46403,2015-09-07T16:00:00+00:00,-802472,4507.488
46403,2015-09-07T16:15:00+00:00,-801572,4507.556
46403,2015-09-07T16:30:00+00:00,-800672,4507.623
46403,2015-09-07T16:45:00+00:00,-799772,4507.688
46403,2015-09-07T17:00:00+00:00,-798872,4507.745
46403,2015-09-07T17:15:00+00:00,-797972,4507.802
46403,2015-09-07T17:30:00+00:00,-797072,4507.854
46403,2015-09-07T17:45:00+00:00,-796172,4507.898
46403,2015-09-07T18:00:00+00:00,-795272,4507.938
46403,2015-09-07T18:15:00+00:00,-794372,4507.972
46403,2015-09-07T18:30:00+00:00,-793472,4508.001
46403,2015-09-07T18:45:00+00:00,-792572,4508.023
46403,2015-09-07T19:00:00+00:00,-791672,4508.046
46403,2015-09-07T19:15:00+00:00,-790772,4508.058
46403,2015-09-07T19:30:00+00:00,-789872,4508.062
46403,2015-09-07T19:45:00+00:00,-788972,4508.059
46403,2015-09-07T20:00:00+00:00,-788072,4508.049
46403,2015-09-07T20:15:00+00:00,-787172,4508.036
46403,2015-09-07T20:30:00+00:00,-786272,4508.018
46403,2015-09-07T20:45:00+00:00,-785372,4507.994
46403,2015-09-07T21:00:00+00:00,-784472,4507.970
46403,2015-09-07T21:15:00+00:00,-783572,4507.941
46403,2015-09-07T21:30:00+00:00,-782672,4507.912
46403,2015-09-07T21:45:00+00:00,-781772,4507.880
46403,2015-09-07T22:00:00+00:00,-780872,4507.850
46403,2015-09-07T22:15:00+00:00,-779972,4507.816
46403,2015-09-07T22:30:00+00:00,-779072,4507.784
46403,2015-09-07T22:45:00+00:00,-778172,4507.752
46403,2015-09-07T23:00:00+00:00,-777272,4507.726
46403,2015-09-07T23:15:00+00:00,-776372,4507.703
46403,2015-09-07T23:30:00+00:00,-775472,4507.685
46403,2015-09-07T23:45:00+00:00,-774572,4507.669
46403,2015-09-08T00:00:00+00:00,-773672,4507.659
46403,2015-09-08T00:15:00+00:00,-772772,4507.654
46403,2015-09-08T00:30:00+00:00,-771872,4507.653
46403,2015-09-08T00:45:00+00:00,-770972,4507.660
46403,2015-09-08T01:00:00+00:00,-770072,4507.672
46403,2015-09-08T01:15:00+00:00,-769172,4507.689
46403,2015-09-08T01:30:00+00:00,-768272,4507.712
46403,2015-09-08T01:45:00+00:00,-767372,4507.740
46403,2015-09-08T02:00:00+00:00,-766472,4507.772
46403,2015-09-08T02:15:00+00:00,-765572,4507.810
46403,2015-09-08T02:30:00+00:00,-764672,4507.851
46403,2015-09-08T02:45:00+00:00,-763772,4507.897
46403,2015-09-08T03:00:00+00:00,-762872,4507.945
46403,2015-09-08T03:15:00+00:00,-761972,4507.995
46403,2015-09-08T03:30:00+00:00,-761072,4508.047
46403,2015-09-08T03:45:00+00:00,-760172,4508.097
46403,2015-09-08T04:00:00+00:00,-759272,4508.151
46403,2015-09-08T04:15:00+00:00,-758372,4508.202
46403,2015-09-08T04:30:00+00:00,-757472,4508.251
46403,2015-09-08T04:45:00+00:00,-756572,4508.291
46403,2015-09-08T05:00:00+00:00,-755672,4508.328
46403,2015-09-08T05:15:00+00:00,-754772,4508.364
46403,2015-09-08T05:30:00+00:00,-753872,4508.391
46403,2015-09-08T05:45:00+00:00,-752972,4508.412
46403,2015-09-08T06:00:00+00:00,-752072,4508.425
46403,2015-09-08T06:15:00+00:00,-751172,4508.431
46403,2015-09-08T06:30:00+00:00,-750272,4508.430
46403,2015-09-08T06:45:00+00:00,-749372,4508.422
46403,2015-09-08T07:00:00+00:00,-748472,4508.404
46403,2015-09-08T07:15:00+00:00,-747572,4508.379
46403,2015-09-08T07:30:00+00:00,-746672,4508.346
46403,2015-09-08T07:45:00+00:00,-745772,4508.305
46403,2015-09-08T08:00:00+00:00,-744872,4508.254
46403,2015-09-08T08:15:00+00:00,-743972,4508.195
46403,2015-09-08T08:30:00+00:00,-743072,4508.132
46403,2015-09-08T08:45:00+00:00,-742172,4508.058
46403,2015-09-08T09:00:00+00:00,-741272,4507.984
46403,2015-09-08T09:15:00+00:00,-740372,4507.901
46403,2015-09-08T09:30:00+00:00,-739472,4507.819
46403,2015-09-08T09:45:00+00:00,-738572,4507.732
46403,2015-09-08T10:00:00+00:00,-737672,4507.644
46403,2015-09-08T10:15:00+00:00,-736772,4507.558
46403,2015-09-08T10:30:00+00:00,-735872,4507.469
46403,2015-09-08T10:45:00+00:00,-734972,4507.384
46403,2015-09-08T11:00:00+00:00,-734072,4507.302
46403,2015-09-08T11:15:00+00:00,-733172,4507.225
46403,2015-09-08T11:30:00+00:00,-732272,4507.148
46403,2015-09-08T11:45:00+00:00,-731372,4507.079
46403,2015-09-08T12:00:00+00:00,-730472,4507.013
46403,2015-09-08T12:15:00+00:00,-729572,4506.960
46403,2015-09-08T12:30:00+00:00,-728672,4506.914
46403,2015-09-08T12:45:00+00:00,-727772,4506.875
46403,2015-09-08T13:00:00+00:00,-726872,4506.849
46403,2015-09-08T13:15:00+00:00,-725972,4506.829
46403,2015-09-08T13:30:00+00:00,-725072,4506.819
46403,2015-09-08T13:45:00+00:00,-724172,4506.819
46403,2015-09-08T14:00:00+00:00,-723272,4506.828
46403,2015-09-08T14:15:00+00:00,-722372,4506.848
46403,2015-09-08T14:30:00+00:00,-721472,4506.873
46403,2015-09-08T14:45:00+00:00,-720572,4506.909
46403,2015-09-08T15:00:00+00:00,-719672,4506.951
46403,2015-09-08T15:15:00+00:00,-718772,4506.999
46403,2015-09-08T15:30:00+00:00,-717872,4507.058
46403,2015-09-08T15:45:00+00:00,-716972,4507.122
46403,2015-09-08T16:00:00+00:00,-716072,4507.191
46403,2015-09-08T16:15:00+00:00,-715172,4507.265
46403,2015-09-08T16:30:00+00:00,-714272,4507.338
46403,2015-09-08T16:45:00+00:00,-713372,4507.415
46403,2015-09-08T17:00:00+00:00,-712472,4507.491
46403,2015-09-08T17:15:00+00:00,-711572,4507.569
46403,2015-09-08T17:30:00+00:00,-710672,4507.645
46403,2015-09-08T17:45:00+00:00,-709772,4507.718
46403,2015-09-08T18:00:00+00:00,-708872,4507.786
46403,2015-09-08T18:15:00+00:00,-707972,4507.849
46403,2015-09-08T18:30:00+00:00,-707072,4507.906
46403,2015-09-08T18:45:00+00:00,-706172,4507.961
46403,2015-09-08T19:00:00+00:00,-705272,4508.010
46403,2015-09-08T19:15:00+00:00,-704372,4508.050
46403,2015-09-08T19:30:00+00:00,-703472,4508.083
46403,2015-09-08T19:45:00+00:00,-702572,4508.110
46403,2015-09-08T20:00:00+00:00,-701672,4508.130
46403,2015-09-08T20:15:00+00:00,-700772,4508.138
46403,2015-09-08T20:30:00+00:00,-699872,4508.140
46403,2015-09-08T20:45:00+00:00,-698972,4508.134
46403,2015-09-08T21:00:00+00:00,-698072,4508.121
46403,2015-09-08T21:15:00+00:00,-697172,4508.102
46403,2015-09-08T21:30:00+00:00,-696272,4508.075
46403,2015-09-08T21:45:00+00:00,-695372,4508.046
46403,2015-09-08T22:00:00+00:00,-694472,4508.009
46403,2015-09-08T22:15:00+00:00,-693572,4507.967
46403,2015-09-08T22:30:00+00:00,-692672,4507.924
46403,2015-09-08T22:45:00+00:00,-691772,4507.879
46403,2015-09-08T23:00:00+00:00,-690872,4507.837
46403,2015-09-08T23:15:00+00:00,-689972,4507.792
46403,2015-09-08T23:30:00+00:00,-689072,4507.749
46403,2015-09-08T23:45:00+00:00,-688172,4507.711
46403,2015-09-09T00:00:00+00:00,-687272,4507.671
46403,2015-09-09T00:15:00+00:00,-686372,4507.634
46403,2015-09-09T00:30:00+00:00,-685472,4507.607
46403,2015-09-09T00:45:00+00:00,-684572,4507.581
46403,2015-09-09T01:00:00+00:00,-683672,4507.564
46403,2015-09-09T01:15:00+00:00,-682772,4507.553
46403,2015-09-09T01:30:00+00:00,-681872,4507.545
46403,2015-09-09T01:45:00+00:00,-680972,4507.549
46403,2015-09-09T02:00:00+00:00,-680072,4507.557
46403,2015-09-09T02:15:00+00:00,-679172,4507.573
46403,2015-09-09T02:30:00+00:00,-678272,4507.598
46403,2015-09-09T02:45:00+00:00,-677372,4507.629
46403,2015-09-09T03:00:00+00:00,-676472,4507.666
46403,2015-09-09T03:15:00+00:00,-675572,4507.709
46403,2015-09-09T03:30:00+00:00,-674672,4507.757
46403,2015-09-09T03:45:00+00:00,-673772,4507.809
46403,2015-09-09T04:00:00+00:00,-672872,4507.865
46403,2015-09-09T04:15:00+00:00,-671972,4507.923
46403,2015-09-09T04:30:00+00:00,-671072,4507.983
46403,2015-09-09T04:45:00+00:00,-670172,4508.044
46403,2015-09-09T05:00:00+00:00,-669272,4508.105
46403,2015-09-09T05:15:00+00:00,-668372,4508.163
46403,2015-09-09T05:30:00+00:00,-667472,4508.219
46403,2015-09-09T05:45:00+00:00,-666572,4508.269
46403,2015-09-09T06:00:00+00:00,-665672,4508.318
46403,2015-09-09T06:15:00+00:00,-664772,4508.359
46403,2015-09-09T06:30:00+00:00,-663872,4508.394
46403,2015-09-09T06:45:00+00:00,-662972,4508.422
46403,2015-09-09T07:00:00+00:00,-662072,4508.444
46403,2015-09-09T07:15:00+00:00,-661172,4508.456
46403,2015-09-09T07:30:00+00:00,-660272,4508.461
46403,2015-09-09T07:45:00+00:00,-659372,4508.456
46403,2015-09-09T08:00:00+00:00,-658472,4508.440
46403,2015-09-09T08:15:00+00:00,-657572,4508.417
46403,2015-09-09T08:30:00+00:00,-656672,4508.381
46403,2015-09-09T08:45:00+00:00,-655772,4508.334
46403,2015-09-09T09:00:00+00:00,-654872,4508.280
46403,2015-09-09T09:15:00+00:00,-653972,4508.218
46403,2015-09-09T09:30:00+00:00,-653072,4508.150
46403,2015-09-09T09:45:00+00:00,-652172,4508.072
46403,2015-09-09T10:00:00+00:00,-651272,4507.990
46403,2015-09-09T10:15:00+00:00,-650372,4507.899
46403,2015-09-09T10:30:00+00:00,-649472,4507.807
46403,2015-09-09T10:45:00+00:00,-648572,4507.713
46403,2015-09-09T11:00:00+00:00,-647672,4507.614
46403,2015-09-09T11:15:00+00:00,-646772,4507.515
46403,2015-09-09T11:30:00+00:00,-645872,4507.419
46403,2015-09-09T11:45:00+00:00,-644972,4507.323
46403,2015-09-09T12:00:00+00:00,-644072,4507.233
46403,2015-09-09T12:15:00+00:00,-643172,4507.150
46403,2015-09-09T12:30:00+00:00,-642272,4507.069
46403,2015-09-09T12:45:00+00:00,-641372,4506.997
46403,2015-09-09T13:00:00+00:00,-640472,4506.932
46403,2015-09-09T13:15:00+00:00,-639572,4506.875
46403,2015-09-09T13:30:00+00:00,-638672,4506.831
46403,2015-09-09T13:45:00+00:00,-637772,4506.793
46403,2015-09-09T14:00:00+00:00,-636872,4506.770
46403,2015-09-09T14:15:00+00:00,-635972,4506.758
46403,2015-09-09T14:30:00+00:00,-635072,4506.752
46403,2015-09-09T14:45:00+00:00,-634172,4506.756
46403,2015-09-09T15:00:00+00:00,-633272,4506.772
46403,2015-09-09T15:15:00+00:00,-632372,4506.800
46403,2015-09-09T15:30:00+00:00,-631472,4506.838
46403,2015-09-09T15:45:00+00:00,-630572,4506.885
46403,2015-09-09T16:00:00+00:00,-629672,4506.943
46403,2015-09-09T16:15:00+00:00,-628772,4507.006
46403,2015-09-09T16:30:00+00:00,-627872,4507.075
46403,2015-09-09T16:45:00+00:00,-626972,4507.155
46403,2015-09-09T17:00:00+00:00,-626072,4507.236
46403,2015-09-09T17:15:00+00:00,-625172,4507.323
46403,2015-09-09T17:30:00+00:00,-624272,4507.409
46403,2015-09-09T17:45:00+00:00,-623372,4507.497
46403,2015-09-09T18:00:00+00:00,-622472,4507.584
46403,2015-09-09T18:15:00+00:00,-621572,4507.669
46403,2015-09-09T18:30:00+00:00,-620672,4507.753
46403,2015-09-09T18:45:00+00:00,-619772,4507.834
46403,2015-09-09T19:00:00+00:00,-618872,4507.908
46403,2015-09-09T19:15:00+00:00,-617972,4507.977
46403,2015-09-09T19:30:00+00:00,-617072,4508.037
46403,2015-09-09T19:45:00+00:00,-616172,4508.090
46403,2015-09-09T20:00:00+00:00,-615272,4508.137
46403,2015-09-09T20:15:00+00:00,-614372,4508.173
46403,2015-09-09T20:30:00+00:00,-613472,4508.201
46403,2015-09-09T20:45:00+00:00,-612572,4508.219
46403,2015-09-09T21:00:00+00:00,-611672,4508.229
46403,2015-09-09T21:15:00+00:00,-610772,4508.226
46403,2015-09-09T21:30:00+00:00,-609872,4508.217
46403,2015-09-09T21:45:00+00:00,-608972,4508.198
46403,2015-09-09T22:00:00+00:00,-608072,4508.170
46403,2015-09-10T01:15:00+00:00,-596372,4507.513
46403,2015-09-10T01:30:00+00:00,-595472,4507.476
46403,2015-09-10T01:45:00+00:00,-594572,4507.448
46403,2015-09-10T02:00:00+00:00,-593672,4507.426
46403,2015-09-10T02:15:00+00:00,-592772,4507.417
46403,2015-09-10T02:30:00+00:00,-591872,4507.413
46403,2015-09-10T02:45:00+00:00,-590972,4507.419
46403,2015-09-10T03:00:00+00:00,-590072,4507.435
46403,2015-09-10T03:15:00+00:00,-589172,4507.458
46403,2015-09-10T03:30:00+00:00,-588272,4507.493
46403,2015-09-10T03:45:00+00:00,-587372,4507.533
46403,2015-09-10T04:00:00+00:00,-586472,4507.582
46403,2015-09-10T04:15:00+00:00,-585572,4507.634
46403,2015-09-10T04:30:00+00:00,-584672,4507.695
46403,2015-09-10T04:45:00+00:00,-583772,4507.756
46403,2015-09-10T05:00:00+00:00,-582872,4507.826
46403,2015-09-10T05:15:00+00:00,-581972,4507.896
46403,2015-09-10T05:30:00+00:00,-581072,4507.970
46403,2015-09-10T05:45:00+00:00,-580172,4508.042
46403,2015-09-10T06:00:00+00:00,-579272,4508.113
46403,2015-09-10T06:15:00+00:00,-578372,4508.182
46403,2015-09-10T06:30:00+00:00,-577472,4508.245
46403,2015-09-10T06:45:00+00:00,-576572,4508.304
46403,2015-09-10T07:00:00+00:00,-575672,4508.359
46403,2015-09-10T07:15:00+00:00,-574772,4508.406
46403,2015-09-10T07:30:00+00:00,-573872,4508.444
46403,2015-09-10T07:45:00+00:00,-572972,4508.474
46403,2015-09-10T08:00:00+00:00,-572072,4508.497
46403,2015-09-10T08:15:00+00:00,-571172,4508.506
46403,2015-09-10T08:30:00+00:00,-570272,4508.509
46403,2015-09-10T08:45:00+00:00,-569372,4508.498
46403,2015-09-10T09:00:00+00:00,-568472,4508.474
46403,2015-09-10T09:15:00+00:00,-567572,4508.442
46403,2015-09-10T09:30:00+00:00,-566672,4508.396
46403,2015-09-10T09:45:00+00:00,-565772,4508.342
46403,2015-09-10T10:00:00+00:00,-564872,4508.276
46403,2015-09-10T10:15:00+00:00,-563972,4508.204
46403,2015-09-10T10:30:00+00:00,-563072,4508.122
46403,2015-09-10T10:45:00+00:00,-562172,4508.033
46403,2015-09-10T11:00:00+00:00,-561272,4507.939
46403,2015-09-10T11:15:00+00:00,-560372,4507.838
46403,2015-09-10T11:30:00+00:00,-559472,4507.737
46403,2015-09-10T11:45:00+00:00,-558572,4507.631
46403,2015-09-10T12:00:00+00:00,-557672,4507.529
46403,2015-09-10T12:15:00+00:00,-556772,4507.423
46403,2015-09-10T12:30:00+00:00,-555872,4507.323
46403,2015-09-10T12:45:00+00:00,-554972,4507.227
46403,2015-09-10T13:00:00+00:00,-554072,4507.135
46403,2015-09-10T13:15:00+00:00,-553172,4507.051
46403,2015-09-10T13:30:00+00:00,-552272,4506.974
46403,2015-09-10T13:45:00+00:00,-551372,4506.906
46403,2015-09-10T14:00:00+00:00,-550472,4506.852
46403,2015-09-10T14:15:00+00:00,-549572,4506.802
46403,2015-09-10T14:30:00+00:00,-548672,4506.767
46403,2015-09-10T14:45:00+00:00,-547772,4506.742
46403,2015-09-10T15:00:00+00:00,-546872,4506.728
46403,2015-09-10T15:15:00+00:00,-545972,4506.726
46403,2015-09-10T15:30:00+00:00,-545072,4506.736
46403,2015-09-10T15:45:00+00:00,-544172,4506.756
46403,2015-09-10T16:00:00+00:00,-543272,4506.792
46403,2015-09-10T16:15:00+00:00,-542372,4506.838
46403,2015-09-10T16:30:00+00:00,-541472,4506.890
46403,2015-09-10T16:45:00+00:00,-540572,4506.956
46403,2015-09-10T17:00:00+00:00,-539672,4507.033
46403,2015-09-10T17:15:00+00:00,-538772,4507.114
46403,2015-09-10T17:30:00+00:00,-537872,4507.199
46403,2015-09-10T17:45:00+00:00,-536972,4507.289
46403,2015-09-10T18:00:00+00:00,-536072,4507.381
46403,2015-09-10T18:15:00+00:00,-535172,4507.474
46403,2015-09-10T18:30:00+00:00,-534272,4507.570
46403,2015-09-10T18:45:00+00:00,-533372,4507.663
46403,2015-09-10T19:00:00+00:00,-532472,4507.755
46403,2015-09-10T19:15:00+00:00,-531572,4507.845
46403,2015-09-10T19:30:00+00:00,-530672,4507.931
46403,2015-09-10T19:45:00+00:00,-529772,4508.010
46403,2015-09-10T20:00:00+00:00,-528872,4508.084
46403,2015-09-10T20:15:00+00:00,-527972,4508.144
46403,2015-09-10T20:30:00+00:00,-527072,4508.199
46403,2015-09-10T20:45:00+00:00,-526172,4508.242
46403,2015-09-10T21:00:00+00:00,-525272,4508.273
46403,2015-09-10T21:15:00+00:00,-524372,4508.294
46403,2015-09-10T21:30:00+00:00,-523472,4508.306
46403,2015-09-10T21:45:00+00:00,-522572,4508.305
46403,2015-09-10T22:00:00+00:00,-521672,4508.294
46403,2015-09-10T22:15:00+00:00,-520772,4508.272
46403,2015-09-10T22:30:00+00:00,-519872,4508.243
46403,2015-09-10T22:45:00+00:00,-518972,4508.206
46403,2015-09-10T23:00:00+00:00,-518072,4508.157
46403,2015-09-10T23:15:00+00:00,-517172,4508.102
46403,2015-09-10T23:30:00+00:00,-516272,4508.043
46403,2015-09-10T23:45:00+00:00,-515372,4507.982
46403,2015-09-11T00:00:00+00:00,-514472,4507.914
46403,2015-09-11T00:15:00+00:00,-513572,4507.842
46403,2015-09-11T00:30:00+00:00,-512672,4507.771
46403,2015-09-11T00:45:00+00:00,-511772,4507.699
46403,2015-09-11T01:00:00+00:00,-510872,4507.631
46403,2015-09-11T01:15:00+00:00,-509972,4507.565
46403,2015-09-11T01:30:00+00:00,-509072,4507.506
46403,2015-09-11T01:45:00+00:00,-508172,4507.451
46403,2015-09-11T02:00:00+00:00,-507272,4507.402
46403,2015-09-11T02:15:00+00:00,-506372,4507.361
46403,2015-09-11T02:30:00+00:00,-505472,4507.331
46403,2015-09-11T02:45:00+00:00,-504572,4507.311
46403,2015-09-11T03:00:00+00:00,-503672,4507.300
46403,2015-09-11T03:15:00+00:00,-502772,4507.299
46403,2015-09-11T03:30:00+00:00,-501872,4507.308
46403,2015-09-11T03:45:00+00:00,-500972,4507.328
46403,2015-09-11T04:00:00+00:00,-500072,4507.358
46403,2015-09-11T04:15:00+00:00,-499172,4507.392
46403,2015-09-11T04:30:00+00:00,-498272,4507.439
46403,2015-09-11T04:45:00+00:00,-497372,4507.493
46403,2015-09-11T05:00:00+00:00,-496472,4507.553
46403,2015-09-11T05:15:00+00:00,-495572,4507.620
46403,2015-09-11T05:30:00+00:00,-494672,4507.695
46403,2015-09-11T05:45:00+00:00,-493772,4507.774
46403,2015-09-11T06:00:00+00:00,-492872,4507.853
46403,2015-09-11T06:15:00+00:00,-491972,4507.936
46403,2015-09-11T06:30:00+00:00,-491072,4508.018
46403,2015-09-11T06:45:00+00:00,-490172,4508.101
46403,2015-09-11T07:00:00+00:00,-489272,4508.179
46403,2015-09-11T07:15:00+00:00,-488372,4508.252
46403,2015-09-11T07:30:00+00:00,-487472,4508.323
46403,2015-09-11T07:45:00+00:00,-486572,4508.383
46403,2015-09-11T08:00:00+00:00,-485672,4508.433
46403,2015-09-11T08:15:00+00:00,-484772,4508.477
46403,2015-09-11T08:30:00+00:00,-483872,4508.505
46403,2015-09-11T08:45:00+00:00,-482972,4508.527
46403,2015-09-11T09:00:00+00:00,-482072,4508.539
46403,2015-09-11T09:15:00+00:00,-481172,4508.538
46403,2015-09-11T09:30:00+00:00,-480272,4508.524
46403,2015-09-11T09:45:00+00:00,-479372,4508.500
46403,2015-09-11T10:00:00+00:00,-478472,4508.462
46403,2015-09-11T10:15:00+00:00,-477572,4508.414
46403,2015-09-11T10:30:00+00:00,-476672,4508.356
46403,2015-09-11T10:45:00+00:00,-475772,4508.287
46403,2015-09-11T11:00:00+00:00,-474872,4508.206
46403,2015-09-11T11:15:00+00:00,-473972,4508.118
46403,2015-09-11T11:30:00+00:00,-473072,4508.020
46403,2015-09-11T11:45:00+00:00,-472172,4507.920
46403,2015-09-11T12:00:00+00:00,-471272,4507.815
46403,2015-09-11T12:15:00+00:00,-470372,4507.707
46403,2015-09-11T12:30:00+00:00,-469472,4507.598
46403,2015-09-11T12:45:00+00:00,-468572,4507.491
46403,2015-09-11T13:00:00+00:00,-467672,4507.383
46403,2015-09-11T13:15:00+00:00,-466772,4507.282
46403,2015-09-11T13:30:00+00:00,-465872,4507.184
46403,2015-09-11T13:45:00+00:00,-464972,4507.091
46403,2015-09-11T14:00:00+00:00,-464072,4507.008
46403,2015-09-11T14:15:00+00:00,-463172,4506.933
46403,2015-09-11T14:30:00+00:00,-462272,4506.866
46403,2015-09-11T14:45:00+00:00,-461372,4506.811
46403,2015-09-11T15:00:00+00:00,-460472,4506.771
46403,2015-09-11T15:15:00+00:00,-459572,4506.738
46403,2015-09-11T15:30:00+00:00,-458672,4506.722
46403,2015-09-11T15:45:00+00:00,-457772,4506.715
46403,2015-09-11T16:00:00+00:00,-456872,4506.727
46403,2015-09-11T16:15:00+00:00,-455972,4506.748
46403,2015-09-11T16:30:00+00:00,-455072,4506.781
46403,2015-09-11T16:45:00+00:00,-454172,4506.828
46403,2015-09-11T17:00:00+00:00,-453272,4506.885
46403,2015-09-11T17:15:00+00:00,-452372,4506.952
46403,2015-09-11T17:30:00+00:00,-451472,4507.024
46403,2015-09-11T17:45:00+00:00,-450572,4507.110
46403,2015-09-11T18:00:00+00:00,-449672,4507.198
46403,2015-09-11T18:15:00+00:00,-448772,4507.290
46403,2015-09-11T18:30:00+00:00,-447872,4507.389
46403,2015-09-11T18:45:00+00:00,-446972,4507.491
46403,2015-09-11T19:00:00+00:00,-446072,4507.594
46403,2015-09-11T19:15:00+00:00,-445172,4507.696
46403,2015-09-11T19:30:00+00:00,-444272,4507.796
46403,2015-09-11T19:45:00+00:00,-443372,4507.891
46403,2015-09-11T20:00:00+00:00,-442472,4507.982
46403,2015-09-11T20:15:00+00:00,-441572,4508.066
46403,2015-09-11T20:30:00+00:00,-440672,4508.142
46403,2015-09-11T20:45:00+00:00,-439772,4508.211
46403,2015-09-11T21:00:00+00:00,-438872,4508.268
46403,2015-09-11T21:15:00+00:00,-437972,4508.313
46403,2015-09-11T21:30:00+00:00,-437072,4508.345
46403,2015-09-11T21:45:00+00:00,-436172,4508.367
46403,2015-09-11T22:00:00+00:00,-435272,4508.376
46403,2015-09-11T22:15:00+00:00,-434372,4508.374
46403,2015-09-11T22:30:00+00:00,-433472,4508.361
46403,2015-09-11T22:45:00+00:00,-432572,4508.336
46403,2015-09-11T23:00:00+00:00,-431672,4508.300
46403,2015-09-11T23:15:00+00:00,-430772,4508.257
46403,2015-09-11T23:30:00+00:00,-429872,4508.201
46403,2015-09-11T23:45:00+00:00,-428972,4508.141
46403,2015-09-12T00:00:00+00:00,-428072,4508.070
46403,2015-09-12T00:15:00+00:00,-427172,4507.996
46403,2015-09-12T00:30:00+00:00,-426272,4507.918
46403,2015-09-12T00:45:00+00:00,-425372,4507.835
46403,2015-09-12T01:00:00+00:00,-424472,4507.752
46403,2015-09-12T01:15:00+00:00,-423572,4507.670
46403,2015-09-12T01:30:00+00:00,-422672,4507.589
46403,2015-09-12T01:45:00+00:00,-421772,4507.513
46403,2015-09-12T02:00:00+00:00,-420872,4507.443
46403,2015-09-12T02:15:00+00:00,-419972,4507.380
46403,2015-09-12T02:30:00+00:00,-419072,4507.323
46403,2015-09-12T02:45:00+00:00,-418172,4507.277
46403,2015-09-12T03:00:00+00:00,-417272,4507.238
46403,2015-09-12T03:15:00+00:00,-416372,4507.210
46403,2015-09-12T03:30:00+00:00,-415472,4507.191
46403,2015-09-12T03:45:00+00:00,-414572,4507.184
46403,2015-09-12T04:00:00+00:00,-413672,4507.186
46403,2015-09-12T04:15:00+00:00,-412772,4507.202
46403,2015-09-12T04:30:00+00:00,-411872,4507.229
46403,2015-09-12T04:45:00+00:00,-410972,4507.265
46403,2015-09-12T05:00:00+00:00,-410072,4507.311
46403,2015-09-12T05:15:00+00:00,-409172,4507.371
46403,2015-09-12T05:30:00+00:00,-408272,4507.437
46403,2015-09-12T05:45:00+00:00,-407372,4507.510
46403,2015-09-12T06:00:00+00:00,-406472,4507.590
46403,2015-09-12T06:15:00+00:00,-405572,4507.676
46403,2015-09-12T06:30:00+00:00,-404672,4507.764
46403,2015-09-12T06:45:00+00:00,-403772,4507.853
46403,2015-09-12T07:00:00+00:00,-402872,4507.942
46403,2015-09-12T07:15:00+00:00,-401972,4508.031
46403,2015-09-12T07:30:00+00:00,-401072,4508.120
46403,2015-09-12T07:45:00+00:00,-400172,4508.203
46403,2015-09-12T08:00:00+00:00,-399272,4508.281
46403,2015-09-12T08:15:00+00:00,-398372,4508.353
46403,2015-09-12T08:30:00+00:00,-397472,4508.415
46403,2015-09-12T08:45:00+00:00,-396572,4508.467
46403,2015-09-12T09:00:00+00:00,-395672,4508.509
46403,2015-09-12T09:15:00+00:00,-394772,4508.540
46403,2015-09-12T09:30:00+00:00,-393872,4508.561
46403,2015-09-12T09:45:00+00:00,-392972,4508.565
46403,2015-09-12T10:00:00+00:00,-392072,4508.562
46403,2015-09-12T10:15:00+00:00,-391172,4508.546
46403,2015-09-12T10:30:00+00:00,-390272,4508.515
46403,2015-09-12T10:45:00+00:00,-389372,4508.472
46403,2015-09-12T11:00:00+00:00,-388472,4508.415
46403,2015-09-12T11:15:00+00:00,-387572,4508.346
46403,2015-09-12T11:30:00+00:00,-386672,4508.270
46403,2015-09-12T11:45:00+00:00,-385772,4508.184
46403,2015-09-12T12:00:00+00:00,-384872,4508.090
46403,2015-09-12T12:15:00+00:00,-383972,4507.990
46403,2015-09-12T12:30:00+00:00,-383072,4507.886
46403,2015-09-12T12:45:00+00:00,-382172,4507.779
46403,2015-09-12T13:00:00+00:00,-381272,4507.669
46403,2015-09-12T13:15:00+00:00,-380372,4507.561
46403,2015-09-12T13:30:00+00:00,-379472,4507.453
46403,2015-09-12T13:45:00+00:00,-378572,4507.348
46403,2015-09-12T14:00:00+00:00,-377672,4507.247
46403,2015-09-12T14:15:00+00:00,-376772,4507.154
46403,2015-09-12T14:30:00+00:00,-375872,4507.068
46403,2015-09-12T14:45:00+00:00,-374972,4506.989
46403,2015-09-12T15:00:00+00:00,-374072,4506.922
46403,2015-09-12T15:15:00+00:00,-373172,4506.863
46403,2015-09-12T15:30:00+00:00,-372272,4506.817
46403,2015-09-12T15:45:00+00:00,-371372,4506.783
46403,2015-09-12T16:00:00+00:00,-370472,4506.763
46403,2015-09-12T16:15:00+00:00,-369572,4506.759
46403,2015-09-12T16:30:00+00:00,-368672,4506.767
46403,2015-09-12T16:45:00+00:00,-367772,4506.787
46403,2015-09-12T17:00:00+00:00,-366872,4506.823
46403,2015-09-12T20:15:00+00:00,-355172,4507.966
46403,2015-09-12T20:30:00+00:00,-354272,4508.058
46403,2015-09-12T20:45:00+00:00,-353372,4508.141
46403,2015-09-12T21:00:00+00:00,-352472,4508.217
46403,2015-09-12T21:15:00+00:00,-351572,4508.286
46403,2015-09-12T21:30:00+00:00,-350672,4508.342
46403,2015-09-12T21:45:00+00:00,-349772,4508.386
46403,2015-09-12T22:00:00+00:00,-348872,4508.419
46403,2015-09-12T22:15:00+00:00,-347972,4508.438
46403,2015-09-12T22:30:00+00:00,-347072,4508.445
46403,2015-09-12T22:45:00+00:00,-346172,4508.438
46403,2015-09-12T23:00:00+00:00,-345272,4508.421
46403,2015-09-12T23:15:00+00:00,-344372,4508.390
46403,2015-09-12T23:30:00+00:00,-343472,4508.347
46403,2015-09-12T23:45:00+00:00,-342572,4508.293
46403,2015-09-13T00:00:00+00:00,-341672,4508.231
46403,2015-09-13T00:15:00+00:00,-340772,4508.161
46403,2015-09-13T00:30:00+00:00,-339872,4508.082
46403,2015-09-13T00:45:00+00:00,-338972,4507.999
46403,2015-09-13T01:00:00+00:00,-338072,4507.914
46403,2015-09-13T01:15:00+00:00,-337172,4507.823
46403,2015-09-13T01:30:00+00:00,-336272,4507.734
46403,2015-09-13T01:45:00+00:00,-335372,4507.646
46403,2015-09-13T02:00:00+00:00,-334472,4507.559
46403,2015-09-13T02:15:00+00:00,-333572,4507.476
46403,2015-09-13T02:30:00+00:00,-332672,4507.396
46403,2015-09-13T02:45:00+00:00,-331772,4507.325
46403,2015-09-13T03:00:00+00:00,-330872,4507.259
46403,2015-09-13T03:15:00+00:00,-329972,4507.206
46403,2015-09-13T03:30:00+00:00,-329072,4507.160
46403,2015-09-13T03:45:00+00:00,-328172,4507.126
46403,2015-09-13T04:00:00+00:00,-327272,4507.103
46403,2015-09-13T04:15:00+00:00,-326372,4507.093
46403,2015-09-13T04:30:00+00:00,-325472,4507.095
46403,2015-09-13T04:45:00+00:00,-324572,4507.108
46403,2015-09-13T05:00:00+00:00,-323672,4507.134
46403,2015-09-13T05:15:00+00:00,-322772,4507.171
46403,2015-09-13T05:30:00+00:00,-321872,4507.218
46403,2015-09-13T05:45:00+00:00,-320972,4507.275
46403,2015-09-13T06:00:00+00:00,-320072,4507.343
46403,2015-09-13T06:15:00+00:00,-319172,4507.419
46403,2015-09-13T06:30:00+00:00,-318272,4507.502
46403,2015-09-13T06:45:00+00:00,-317372,4507.589
46403,2015-09-13T07:00:00+00:00,-316472,4507.682
46403,2015-09-13T07:15:00+00:00,-315572,4507.774
46403,2015-09-13T07:30:00+00:00,-314672,4507.874
46403,2015-09-13T07:45:00+00:00,-313772,4507.971
46403,2015-09-13T08:00:00+00:00,-312872,4508.064
46403,2015-09-13T08:15:00+00:00,-311972,4508.154
46403,2015-09-13T08:30:00+00:00,-311072,4508.236
46403,2015-09-13T08:45:00+00:00,-310172,4508.313
46403,2015-09-13T09:00:00+00:00,-309272,4508.379
46403,2015-09-13T09:15:00+00:00,-308372,4508.438
46403,2015-09-13T09:30:00+00:00,-307472,4508.486
46403,2015-09-13T09:45:00+00:00,-306572,4508.526
46403,2015-09-13T10:00:00+00:00,-305672,4508.551
46403,2015-09-13T10:15:00+00:00,-304772,4508.564
46403,2015-09-13T10:30:00+00:00,-303872,4508.563
46403,2015-09-13T10:45:00+00:00,-302972,4508.549
46403,2015-09-13T11:00:00+00:00,-302072,4508.521
46403,2015-09-13T11:15:00+00:00,-301172,4508.482
46403,2015-09-13T11:30:00+00:00,-300272,4508.430
46403,2015-09-13T11:45:00+00:00,-299372,4508.367
46403,2015-09-13T12:00:00+00:00,-298472,4508.294
46403,2015-09-13T12:15:00+00:00,-297572,4508.213
46403,2015-09-13T12:30:00+00:00,-296672,4508.125
46403,2015-09-13T12:45:00+00:00,-295772,4508.029
46403,2015-09-13T13:00:00+00:00,-294872,4507.927
46403,2015-09-13T13:15:00+00:00,-293972,4507.821
46403,2015-09-13T13:30:00+00:00,-293072,4507.713
46403,2015-09-13T13:45:00+00:00,-292172,4507.606
46403,2015-09-13T14:00:00+00:00,-291272,4507.499
46403,2015-09-13T14:15:00+00:00,-290372,4507.393
46403,2015-09-13T14:30:00+00:00,-289472,4507.293
46403,2015-09-13T14:45:00+00:00,-288572,4507.199
46403,2015-09-13T15:00:00+00:00,-287672,4507.111
46403,2015-09-13T15:15:00+00:00,-286772,4507.033
46403,2015-09-13T15:30:00+00:00,-285872,4506.968
46403,2015-09-13T15:45:00+00:00,-284972,4506.912
46403,2015-09-13T16:00:00+00:00,-284072,4506.868
46403,2015-09-13T16:15:00+00:00,-283172,4506.839
46403,2015-09-13T16:30:00+00:00,-282272,4506.823
46403,2015-09-13T16:45:00+00:00,-281372,4506.823
46403,2015-09-13T17:00:00+00:00,-280472,4506.833
46403,2015-09-13T17:15:00+00:00,-279572,4506.856
46403,2015-09-13T17:30:00+00:00,-278672,4506.887
46403,2015-09-13T17:45:00+00:00,-277772,4506.934
46403,2015-09-13T18:00:00+00:00,-276872,4506.991
46403,2015-09-13T18:15:00+00:00,-275972,4507.061
46403,2015-09-13T18:30:00+00:00,-275072,4507.139
46403,2015-09-13T18:45:00+00:00,-274172,4507.226
46403,2015-09-13T19:00:00+00:00,-273272,4507.319
46403,2015-09-13T19:15:00+00:00,-272372,4507.421
46403,2015-09-13T19:30:00+00:00,-271472,4507.524
46403,2015-09-13T19:45:00+00:00,-270572,4507.632
46403,2015-09-13T20:00:00+00:00,-269672,4507.739
46403,2015-09-13T20:15:00+00:00,-268772,4507.846
46403,2015-09-13T20:30:00+00:00,-267872,4507.948
46403,2015-09-13T20:45:00+00:00,-266972,4508.045
46403,2015-09-13T21:00:00+00:00,-266072,4508.137
46403,2015-09-13T21:15:00+00:00,-265172,4508.219
46403,2015-09-13T21:30:00+00:00,-264272,4508.294
46403,2015-09-13T21:45:00+00:00,-263372,4508.354
46403,2015-09-13T22:00:00+00:00,-262472,4508.406
46403,2015-09-13T22:15:00+00:00,-261572,4508.448
46403,2015-09-13T22:30:00+00:00,-260672,4508.479
46403,2015-09-13T22:45:00+00:00,-259772,4508.494
46403,2015-09-13T23:00:00+00:00,-258872,4508.498
46403,2015-09-13T23:15:00+00:00,-257972,4508.487
46403,2015-09-13T23:30:00+00:00,-257072,4508.461
46403,2015-09-13T23:45:00+00:00,-256172,4508.425
46403,2015-09-14T00:00:00+00:00,-255272,4508.381
46403,2015-09-14T00:15:00+00:00,-254372,4508.326
46403,2015-09-14T00:30:00+00:00,-253472,4508.257
46403,2015-09-14T00:45:00+00:00,-252572,4508.181
46403,2015-09-14T01:00:00+00:00,-251672,4508.095
46403,2015-09-14T01:15:00+00:00,-250772,4508.004
46403,2015-09-14T01:30:00+00:00,-249872,4507.908
46403,2015-09-14T01:45:00+00:00,-248972,4507.810
46403,2015-09-14T02:00:00+00:00,-248072,4507.711
46403,2015-09-14T02:15:00+00:00,-247172,4507.615
46403,2015-09-14T02:30:00+00:00,-246272,4507.520
46403,2015-09-14T02:45:00+00:00,-245372,4507.431
46403,2015-09-14T03:00:00+00:00,-244472,4507.347
46403,2015-09-14T03:15:00+00:00,-243572,4507.272
46403,2015-09-14T03:30:00+00:00,-242672,4507.201
46403,2015-09-14T03:45:00+00:00,-241772,4507.141
46403,2015-09-14T04:00:00+00:00,-240872,4507.093
46403,2015-09-14T04:15:00+00:00,-239972,4507.053
46403,2015-09-14T04:30:00+00:00,-239072,4507.025
46403,2015-09-14T04:45:00+00:00,-238172,4507.010
46403,2015-09-14T05:00:00+00:00,-237272,4507.006
46403,2015-09-14T05:15:00+00:00,-236372,4507.020
46403,2015-09-14T05:30:00+00:00,-235472,4507.042
46403,2015-09-14T05:45:00+00:00,-234572,4507.080
46403,2015-09-14T06:00:00+00:00,-233672,4507.124
46403,2015-09-14T06:15:00+00:00,-232772,4507.179
46403,2015-09-14T06:30:00+00:00,-231872,4507.247
46403,2015-09-14T06:45:00+00:00,-230972,4507.322
46403,2015-09-14T07:00:00+00:00,-230072,4507.406
46403,2015-09-14T07:15:00+00:00,-229172,4507.494
46403,2015-09-14T07:30:00+00:00,-228272,4507.585
46403,2015-09-14T07:45:00+00:00,-227372,4507.683
46403,2015-09-14T08:00:00+00:00,-226472,4507.783
46403,2015-09-14T08:15:00+00:00,-225572,4507.881
46403,2015-09-14T08:30:00+00:00,-224672,4507.976
46403,2015-09-14T08:45:00+00:00,-223772,4508.070
46403,2015-09-14T09:00:00+00:00,-222872,4508.159
46403,2015-09-14T09:15:00+00:00,-221972,4508.241
46403,2015-09-14T09:30:00+00:00,-221072,4508.314
46403,2015-09-14T09:45:00+00:00,-220172,4508.381
46403,2015-09-14T10:00:00+00:00,-219272,4508.432
46403,2015-09-14T10:15:00+00:00,-218372,4508.472
46403,2015-09-14T10:30:00+00:00,-217472,4508.503
46403,2015-09-14T10:45:00+00:00,-216572,4508.520
46403,2015-09-14T11:00:00+00:00,-215672,4508.521
46403,2015-09-14T11:15:00+00:00,-214772,4508.513
46403,2015-09-14T11:30:00+00:00,-213872,4508.489
46403,2015-09-14T11:45:00+00:00,-212972,4508.453
46403,2015-09-14T12:00:00+00:00,-212072,4508.405
46403,2015-09-14T12:15:00+00:00,-211172,4508.344
46403,2015-09-14T12:30:00+00:00,-210272,4508.274
46403,2015-09-14T12:45:00+00:00,-209372,4508.198
46403,2015-09-14T13:00:00+00:00,-208472,4508.111
46403,2015-09-14T13:15:00+00:00,-207572,4508.021
46403,2015-09-14T13:30:00+00:00,-206672,4507.921
46403,2015-09-14T13:45:00+00:00,-205772,4507.818
46403,2015-09-14T14:00:00+00:00,-204872,4507.717
46403,2015-09-14T14:15:00+00:00,-203972,4507.612
46403,2015-09-14T14:30:00+00:00,-203072,4507.509
46403,2015-09-14T14:45:00+00:00,-202172,4507.410
46403,2015-09-14T15:00:00+00:00,-201272,4507.317
46403,2015-09-14T15:15:00+00:00,-200372,4507.226
46403,2015-09-14T15:30:00+00:00,-199472,4507.145
46403,2015-09-14T15:45:00+00:00,-198572,4507.074
46403,2015-09-14T16:00:00+00:00,-197672,4507.014
46403,2015-09-14T16:15:00+00:00,-196772,4506.964
46403,2015-09-14T16:30:00+00:00,-195872,4506.929
46403,2015-09-14T16:45:00+00:00,-194972,4506.902
46403,2015-09-14T17:00:00+00:00,-194072,4506.889
46403,2015-09-14T17:15:00+00:00,-193172,4506.891
46403,2015-09-14T17:30:00+00:00,-192272,4506.900
46403,2015-09-14T17:45:00+00:00,-191372,4506.928
46403,2015-09-14T18:00:00+00:00,-190472,4506.964
46403,2015-09-14T18:15:00+00:00,-189572,4507.014
46403,2015-09-14T18:30:00+00:00,-188672,4507.073
46403,2015-09-14T18:45:00+00:00,-187772,4507.143
46403,2015-09-14T19:00:00+00:00,-186872,4507.222
46403,2015-09-14T19:15:00+00:00,-185972,4507.310
46403,2015-09-14T19:30:00+00:00,-185072,4507.404
46403,2015-09-14T19:45:00+00:00,-184172,4507.505
46403,2015-09-14T20:00:00+00:00,-183272,4507.609
46403,2015-09-14T20:15:00+00:00,-182372,4507.716
46403,2015-09-14T20:30:00+00:00,-181472,4507.820
46403,2015-09-14T20:45:00+00:00,-180572,4507.922
46403,2015-09-14T21:00:00+00:00,-179672,4508.022
46403,2015-09-14T21:15:00+00:00,-178772,4508.117
46403,2015-09-14T21:30:00+00:00,-177872,4508.205
46403,2015-09-14T21:45:00+00:00,-176972,4508.280
46403,2015-09-14T22:00:00+00:00,-176072,4508.351
46403,2015-09-14T22:15:00+00:00,-175172,4508.409
46403,2015-09-14T22:30:00+00:00,-174272,4508.460
46403,2015-09-14T22:45:00+00:00,-173372,4508.493
46403,2015-09-14T23:00:00+00:00,-172472,4508.517
46403,2015-09-14T23:15:00+00:00,-171572,4508.528
46403,2015-09-14T23:30:00+00:00,-170672,4508.526
46403,2015-09-14T23:45:00+00:00,-169772,4508.511
46403,2015-09-15T00:00:00+00:00,-168872,4508.482
46403,2015-09-15T00:15:00+00:00,-167972,4508.439
46403,2015-09-15T00:30:00+00:00,-167072,4508.387
46403,2015-09-15T00:45:00+00:00,-166172,4508.323
46403,2015-09-15T01:00:00+00:00,-165272,4508.250
46403,2015-09-15T01:15:00+00:00,-164372,4508.169
46403,2015-09-15T01:30:00+00:00,-163472,4508.082
46403,2015-09-15T01:45:00+00:00,-162572,4507.986
46403,2015-09-15T02:00:00+00:00,-161672,4507.887
46403,2015-09-15T02:15:00+00:00,-160772,4507.786
46403,2015-09-15T02:30:00+00:00,-159872,4507.686
46403,2015-09-15T02:45:00+00:00,-158972,4507.587
46403,2015-09-15T03:00:00+00:00,-158072,4507.490
46403,2015-09-15T03:15:00+00:00,-157172,4507.398
46403,2015-09-15T03:30:00+00:00,-156272,4507.310
46403,2015-09-15T03:45:00+00:00,-155372,4507.230
46403,2015-09-15T04:00:00+00:00,-154472,4507.155
46403,2015-09-15T04:15:00+00:00,-153572,4507.095
46403,2015-09-15T04:30:00+00:00,-152672,4507.038
46403,2015-09-15T04:45:00+00:00,-151772,4506.995
46403,2015-09-15T05:00:00+00:00,-150872,4506.967
46403,2015-09-15T05:15:00+00:00,-149972,4506.948
46403,2015-09-15T05:30:00+00:00,-149072,4506.944
46403,2015-09-15T05:45:00+00:00,-148172,4506.952
46403,2015-09-15T06:00:00+00:00,-147272,4506.973
46403,2015-09-15T06:15:00+00:00,-146372,4507.006
46403,2015-09-15T06:30:00+00:00,-145472,4507.051
46403,2015-09-15T06:45:00+00:00,-144572,4507.106
46403,2015-09-15T07:00:00+00:00,-143672,4507.172
46403,2015-09-15T07:15:00+00:00,-142772,4507.245
46403,2015-09-15T07:30:00+00:00,-141872,4507.326
46403,2015-09-15T07:45:00+00:00,-140972,4507.414
46403,2015-09-15T08:00:00+00:00,-140072,4507.507
46403,2015-09-15T08:15:00+00:00,-139172,4507.603
46403,2015-09-15T08:30:00+00:00,-138272,4507.702
46403,2015-09-15T08:45:00+00:00,-137372,4507.800
46403,2015-09-15T09:00:00+00:00,-136472,4507.898
46403,2015-09-15T09:15:00+00:00,-135572,4507.990
46403,2015-09-15T09:30:00+00:00,-134672,4508.078
46403,2015-09-15T09:45:00+00:00,-133772,4508.158
46403,2015-09-15T10:00:00+00:00,-132872,4508.234
46403,2015-09-15T10:15:00+00:00,-131972,4508.300
46403,2015-09-15T10:30:00+00:00,-131072,4508.356
46403,2015-09-15T10:45:00+00:00,-130172,4508.400
46403,2015-09-15T11:00:00+00:00,-129272,4508.430
46403,2015-09-15T11:15:00+00:00,-128372,4508.450
46403,2015-09-15T11:30:00+00:00,-127472,4508.455
46403,2015-09-15T11:45:00+00:00,-126572,4508.449
46403,2015-09-15T12:00:00+00:00,-125672,4508.429
46403,2015-09-15T12:15:00+00:00,-124772,4508.400
46403,2015-09-15T12:30:00+00:00,-123872,4508.358
46403,2015-09-15T12:45:00+00:00,-122972,4508.306
46403,2015-09-15T13:00:00+00:00,-122072,4508.245
46403,2015-09-15T13:15:00+00:00,-121172,4508.175
46403,2015-09-15T13:30:00+00:00,-120272,4508.099
46403,2015-09-15T13:45:00+00:00,-119372,4508.014
46403,2015-09-15T14:00:00+00:00,-118472,4507.923
46403,2015-09-15T14:15:00+00:00,-117572,4507.827
46403,2015-09-15T14:30:00+00:00,-116672,4507.729
46403,2015-09-15T14:45:00+00:00,-115772,4507.633
46403,2015-09-15T15:00:00+00:00,-114872,4507.535
46403,2015-09-15T15:15:00+00:00,-113972,4507.446
46403,2015-09-15T15:30:00+00:00,-113072,4507.357
46403,2015-09-15T15:45:00+00:00,-112172,4507.276
46403,2015-09-15T16:00:00+00:00,-111272,4507.202
46403,2015-09-15T16:15:00+00:00,-110372,4507.136
46403,2015-09-15T16:30:00+00:00,-109472,4507.081
46403,2015-09-15T16:45:00+00:00,-108572,4507.038
46403,2015-09-15T17:00:00+00:00,-107672,4507.004
46403,2015-09-15T17:15:00+00:00,-106772,4506.982
46403,2015-09-15T17:30:00+00:00,-105872,4506.973
46403,2015-09-15T17:45:00+00:00,-104972,4506.977
46403,2015-09-15T18:00:00+00:00,-104072,4506.991
46403,2015-09-15T18:15:00+00:00,-103172,4507.018
46403,2015-09-15T18:30:00+00:00,-102272,4507.058
46403,2015-09-15T18:45:00+00:00,-101372,4507.110
46403,2015-09-15T19:00:00+00:00,-100472,4507.171
46403,2015-09-15T19:15:00+00:00,-99572,4507.244
46403,2015-09-15T19:30:00+00:00,-98672,4507.325
46403,2015-09-15T19:45:00+00:00,-97772,4507.410
46403,2015-09-15T20:00:00+00:00,-96872,4507.500
46403,2015-09-15T20:15:00+00:00,-95972,4507.597
46403,2015-09-15T20:30:00+00:00,-95072,4507.693
46403,2015-09-15T20:45:00+00:00,-94172,4507.796
46403,2015-09-15T21:00:00+00:00,-93272,4507.895
46403,2015-09-15T21:15:00+00:00,-92372,4507.992
46403,2015-09-15T21:30:00+00:00,-91472,4508.087
46403,2015-09-15T21:45:00+00:00,-90572,4508.175
46403,2015-09-15T22:00:00+00:00,-89672,4508.255
46403,2015-09-15T22:15:00+00:00,-88772,4508.331
46403,2015-09-15T22:30:00+00:00,-87872,4508.396
46403,2015-09-15T22:45:00+00:00,-86972,4508.448
46403,2015-09-15T23:00:00+00:00,-86072,4508.491
46403,2015-09-15T23:15:00+00:00,-85172,4508.520
46403,2015-09-15T23:30:00+00:00,-84272,4508.538
46403,2015-09-15T23:45:00+00:00,-83372,4508.543
46403,2015-09-16T00:00:00+00:00,-82472,4508.533
46403,2015-09-16T00:15:00+00:00,-81572,4508.512
46403,2015-09-16T00:30:00+00:00,-80672,4508.478
46403,2015-09-16T00:45:00+00:00,-79772,4508.433
46403,2015-09-16T01:00:00+00:00,-78872,4508.377
46403,2015-09-16T01:15:00+00:00,-77972,4508.310
46403,2015-09-16T01:30:00+00:00,-77072,4508.229
46403,2015-09-16T01:45:00+00:00,-76172,4508.144
46403,2015-09-16T02:00:00+00:00,-75272,4508.052
46403,2015-09-16T02:15:00+00:00,-74372,4507.953
46403,2015-09-16T02:30:00+00:00,-73472,4507.851
46403,2015-09-16T02:45:00+00:00,-72572,4507.748
46403,2015-09-16T03:00:00+00:00,-71672,4507.645
46403,2015-09-16T03:15:00+00:00,-70772,4507.542
46403,2015-09-16T03:30:00+00:00,-69872,4507.442
46403,2015-09-16T03:45:00+00:00,-68972,4507.348
46403,2015-09-16T04:00:00+00:00,-68072,4507.260
46403,2015-09-16T04:15:00+00:00,-67172,4507.179
46403,2015-09-16T04:30:00+00:00,-66272,4507.106
46403,2015-09-16T04:45:00+00:00,-65372,4507.038
46403,2015-09-16T05:00:00+00:00,-64472,4506.983
46403,2015-09-16T05:15:00+00:00,-63572,4506.939
46403,2015-09-16T05:30:00+00:00,-62672,4506.904
46403,2015-09-16T05:45:00+00:00,-61772,4506.884
46403,2015-09-16T06:00:00+00:00,-60872,4506.878
46403,2015-09-16T06:15:00+00:00,-59972,4506.882
46403,2015-09-16T06:30:00+00:00,-59072,4506.900
46403,2015-09-16T06:45:00+00:00,-58172,4506.931
46403,2015-09-16T07:00:00+00:00,-57272,4506.969
46403,2015-09-16T07:15:00+00:00,-56372,4507.021
46403,2015-09-16T07:30:00+00:00,-55472,4507.083
46403,2015-09-16T07:45:00+00:00,-54572,4507.151
46403,2015-09-16T08:00:00+00:00,-53672,4507.231
46403,2015-09-16T08:15:00+00:00,-52772,4507.316
46403,2015-09-16T08:30:00+00:00,-51872,4507.407
46403,2015-09-16T08:45:00+00:00,-50972,4507.503
46403,2015-09-16T09:00:00+00:00,-50072,4507.599
46403,2015-09-16T09:15:00+00:00,-49172,4507.695
46403,2015-09-16T09:30:00+00:00,-48272,4507.791
46403,2015-09-16T09:45:00+00:00,-47372,4507.881
46403,2015-09-16T10:00:00+00:00,-46472,4507.968
46403,2015-09-16T10:15:00+00:00,-45572,4508.048
46403,2015-09-16T10:30:00+00:00,-44672,4508.120
46403,2015-09-16T10:45:00+00:00,-43772,4508.185
46403,2015-09-16T11:00:00+00:00,-42872,4508.241
46403,2015-09-16T11:15:00+00:00,-41972,4508.282
46403,2015-09-16T11:30:00+00:00,-41072,4508.317
46403,2015-09-16T11:45:00+00:00,-40172,4508.339
46403,2015-09-16T12:00:00+00:00,-39272,4508.348
46403,2015-09-16T12:15:00+00:00,-38372,4508.349
46403,2015-09-16T12:30:00+00:00,-37472,4508.335
46403,2015-09-16T12:45:00+00:00,-36572,4508.312
46403,2015-09-16T13:00:00+00:00,-35672,4508.276
46403,2015-09-16T13:15:00+00:00,-34772,4508.231
46403,2015-09-16T13:30:00+00:00,-33872,4508.176
46403,2015-09-16T13:45:00+00:00,-32972,4508.113
46403,2015-09-16T14:00:00+00:00,-32072,4508.043
46403,2015-09-16T14:15:00+00:00,-31172,4507.966
46403,2015-09-16T14:30:00+00:00,-30272,4507.884
46403,2015-09-16T14:45:00+00:00,-29372,4507.802
46403,2015-09-16T15:00:00+00:00,-28472,4507.716
46403,2015-09-16T15:15:00+00:00,-27572,4507.632
46403,2015-09-16T15:30:00+00:00,-26672,4507.546
46403,2015-09-16T15:45:00+00:00,-25772,4507.466
46403,2015-09-16T16:00:00+00:00,-24872,4507.390
46403,2015-09-16T16:15:00+00:00,-23972,4507.323
46403,2015-09-16T16:30:00+00:00,-23072,4507.259
46403,2015-09-16T16:45:00+00:00,-22172,4507.204
46403,2015-09-16T17:00:00+00:00,-21272,4507.159
46403,2015-09-16T17:15:00+00:00,-20372,4507.121
46403,2015-09-16T17:30:00+00:00,-19472,4507.093
46403,2015-09-16T17:45:00+00:00,-18572,4507.075
46403,2015-09-16T18:00:00+00:00,-17672,4507.067
46403,2015-09-16T18:15:00+00:00,-16772,4507.070
46403,2015-09-16T18:30:00+00:00,-15872,4507.087
46403,2015-09-16T18:45:00+00:00,-14972,4507.114
46403,2015-09-16T19:00:00+00:00,-14072,4507.155
46403,2015-09-16T19:15:00+00:00,-13172,4507.205
46403,2015-09-16T19:30:00+00:00,-12272,4507.266
46403,2015-09-16T19:45:00+00:00,-11372,4507.334
46403,2015-09-16T20:00:00+00:00,-10472,4507.412
46403,2015-09-16T20:15:00+00:00,-9572,4507.493
46403,2015-09-16T20:30:00+00:00,-8672,4507.582
46403,2015-09-16T20:45:00+00:00,-7772,4507.673
46403,2015-09-16T21:00:00+00:00,-6872,4507.762
46403,2015-09-16T21:15:00+00:00,-5972,4507.856
46403,2015-09-16T21:30:00+00:00,-5072,4507.950
46403,2015-09-16T21:45:00+00:00,-4172,4508.041
