station_id,timestamp_utc,seconds_from_origin,height_m
46411,2015-08-17T23:00:00+00:00,-2591672,4286.682
46411,2015-08-17T23:15:00+00:00,-2590772,4286.631
46411,2015-08-17T23:30:00+00:00,-2589872,4286.578
46411,2015-08-17T23:45:00+00:00,-2588972,4286.518
46411,2015-08-18T00:00:00+00:00,-2588072,4286.456
46411,2015-08-18T00:15:00+00:00,-2587172,4286.391
46411,2015-08-18T00:30:00+00:00,-2586272,4286.323
46411,2015-08-18T00:45:00+00:00,-2585372,4286.258
46411,2015-08-18T01:00:00+00:00,-2584472,4286.198
46411,2015-08-18T02:15:00+00:00,-2579972,4285.963
46411,2015-08-18T02:30:00+00:00,-2579072,4285.933
46411,2015-08-18T02:45:00+00:00,-2578172,4285.910
46411,2015-08-18T03:00:00+00:00,-2577272,4285.895
46411,2015-08-18T03:15:00+00:00,-2576372,4285.889
46411,2015-08-18T03:30:00+00:00,-2575472,4285.890
46411,2015-08-18T03:45:00+00:00,-2574572,4285.901
46411,2015-08-18T04:00:00+00:00,-2573672,4285.918
46411,2015-08-18T04:15:00+00:00,-2572772,4285.944
46411,2015-08-18T04:30:00+00:00,-2571872,4285.978
46411,2015-08-18T04:45:00+00:00,-2570972,4286.017
46411,2015-08-18T05:00:00+00:00,-2570072,4286.064
46411,2015-08-18T05:15:00+00:00,-2569172,4286.117
46411,2015-08-18T05:30:00+00:00,-2568272,4286.171
46411,2015-08-18T05:45:00+00:00,-2567372,4286.228
46411,2015-08-18T06:00:00+00:00,-2566472,4286.288
46411,2015-08-18T06:15:00+00:00,-2565572,4286.347
46411,2015-08-18T06:30:00+00:00,-2564672,4286.408
46411,2015-08-18T06:45:00+00:00,-2563772,4286.467
46411,2015-08-18T07:00:00+00:00,-2562872,4286.522
46411,2015-08-18T07:15:00+00:00,-2561972,4286.573
46411,2015-08-18T07:30:00+00:00,-2561072,4286.623
46411,2015-08-18T07:45:00+00:00,-2560172,4286.666
46411,2015-08-18T08:00:00+00:00,-2559272,4286.705
46411,2015-08-18T08:15:00+00:00,-2558372,4286.734
46411,2015-08-18T08:30:00+00:00,-2557472,4286.759
46411,2015-08-18T08:45:00+00:00,-2556572,4286.776
46411,2015-08-18T09:00:00+00:00,-2555672,4286.785
46411,2015-08-18T09:15:00+00:00,-2554772,4286.790
46411,2015-08-18T09:30:00+00:00,-2553872,4286.782
46411,2015-08-18T09:45:00+00:00,-2552972,4286.769
46411,2015-08-18T10:00:00+00:00,-2552072,4286.744
46411,2015-08-18T11:15:00+00:00,-2547572,4286.520
46411,2015-08-18T11:30:00+00:00,-2546672,4286.458
46411,2015-08-18T11:45:00+00:00,-2545772,4286.393
46411,2015-08-18T12:00:00+00:00,-2544872,4286.323
46411,2015-08-18T12:15:00+00:00,-2543972,4286.251
46411,2015-08-18T12:30:00+00:00,-2543072,4286.177
46411,2015-08-18T12:45:00+00:00,-2542172,4286.107
46411,2015-08-18T13:00:00+00:00,-2541272,4286.036
46411,2015-08-18T13:15:00+00:00,-2540372,4285.970
46411,2015-08-18T13:30:00+00:00,-2539472,4285.906
46411,2015-08-18T13:45:00+00:00,-2538572,4285.844
46411,2015-08-18T14:00:00+00:00,-2537672,4285.790
46411,2015-08-18T14:15:00+00:00,-2536772,4285.743
46411,2015-08-18T14:30:00+00:00,-2535872,4285.702
46411,2015-08-18T14:45:00+00:00,-2534972,4285.669
46411,2015-08-18T15:00:00+00:00,-2534072,4285.645
46411,2015-08-18T15:15:00+00:00,-2533172,4285.632
46411,2015-08-18T15:30:00+00:00,-2532272,4285.626
46411,2015-08-18T15:45:00+00:00,-2531372,4285.630
46411,2015-08-18T16:00:00+00:00,-2530472,4285.642
46411,2015-08-18T16:15:00+00:00,-2529572,4285.664
46411,2015-08-18T16:30:00+00:00,-2528672,4285.694
46411,2015-08-18T16:45:00+00:00,-2527772,4285.738
46411,2015-08-18T17:00:00+00:00,-2526872,4285.784
46411,2015-08-18T17:15:00+00:00,-2525972,4285.837
46411,2015-08-18T17:30:00+00:00,-2525072,4285.898
46411,2015-08-18T17:45:00+00:00,-2524172,4285.963
46411,2015-08-18T18:00:00+00:00,-2523272,4286.032
46411,2015-08-18T18:15:00+00:00,-2522372,4286.104
46411,2015-08-18T18:30:00+00:00,-2521472,4286.177
46411,2015-08-18T18:45:00+00:00,-2520572,4286.251
46411,2015-08-18T19:00:00+00:00,-2519672,4286.324
46411,2015-08-18T19:15:00+00:00,-2518772,4286.398
46411,2015-08-18T19:30:00+00:00,-2517872,4286.471
46411,2015-08-18T19:45:00+00:00,-2516972,4286.539
46411,2015-08-18T20:00:00+00:00,-2516072,4286.602
46411,2015-08-18T20:15:00+00:00,-2515172,4286.657
46411,2015-08-18T20:30:00+00:00,-2514272,4286.708
46411,2015-08-18T20:45:00+00:00,-2513372,4286.752
46411,2015-08-18T21:00:00+00:00,-2512472,4286.790
46411,2015-08-18T21:15:00+00:00,-2511572,4286.817
46411,2015-08-18T21:30:00+00:00,-2510672,4286.837
46411,2015-08-18T21:45:00+00:00,-2509772,4286.846
46411,2015-08-18T22:00:00+00:00,-2508872,4286.846
46411,2015-08-18T22:15:00+00:00,-2507972,4286.837
46411,2015-08-18T22:30:00+00:00,-2507072,4286.819
46411,2015-08-18T22:45:00+00:00,-2506172,4286.796
46411,2015-08-18T23:00:00+00:00,-2505272,4286.764
46411,2015-08-19T00:15:00+00:00,-2500772,4286.524
46411,2015-08-19T00:30:00+00:00,-2499872,4286.463
46411,2015-08-19T00:45:00+00:00,-2498972,4286.398
46411,2015-08-19T01:00:00+00:00,-2498072,4286.336
46411,2015-08-19T01:15:00+00:00,-2497172,4286.271
46411,2015-08-19T01:30:00+00:00,-2496272,4286.205
46411,2015-08-19T01:45:00+00:00,-2495372,4286.144
46411,2015-08-19T02:00:00+00:00,-2494472,4286.090
46411,2015-08-19T02:15:00+00:00,-2493572,4286.036
46411,2015-08-19T02:30:00+00:00,-2492672,4285.987
46411,2015-08-19T02:45:00+00:00,-2491772,4285.945
46411,2015-08-19T03:00:00+00:00,-2490872,4285.909
46411,2015-08-19T03:15:00+00:00,-2489972,4285.881
46411,2015-08-19T03:30:00+00:00,-2489072,4285.860
46411,2015-08-19T03:45:00+00:00,-2488172,4285.846
46411,2015-08-19T04:00:00+00:00,-2487272,4285.841
46411,2015-08-19T04:15:00+00:00,-2486372,4285.842
46411,2015-08-19T04:30:00+00:00,-2485472,4285.848
46411,2015-08-19T04:45:00+00:00,-2484572,4285.865
46411,2015-08-19T05:00:00+00:00,-2483672,4285.889
46411,2015-08-19T05:15:00+00:00,-2482772,4285.921
46411,2015-08-19T05:30:00+00:00,-2481872,4285.961
46411,2015-08-19T05:45:00+00:00,-2480972,4286.003
46411,2015-08-19T06:00:00+00:00,-2480072,4286.049
46411,2015-08-19T06:15:00+00:00,-2479172,4286.100
46411,2015-08-19T06:30:00+00:00,-2478272,4286.153
46411,2015-08-19T06:45:00+00:00,-2477372,4286.210
46411,2015-08-19T07:00:00+00:00,-2476472,4286.266
46411,2015-08-19T07:15:00+00:00,-2475572,4286.323
46411,2015-08-19T07:30:00+00:00,-2474672,4286.379
46411,2015-08-19T07:45:00+00:00,-2473772,4286.429
46411,2015-08-19T08:00:00+00:00,-2472872,4286.476
46411,2015-08-19T08:15:00+00:00,-2471972,4286.521
46411,2015-08-19T08:30:00+00:00,-2471072,4286.563
46411,2015-08-19T08:45:00+00:00,-2470172,4286.597
46411,2015-08-19T09:00:00+00:00,-2469272,4286.625
46411,2015-08-19T09:15:00+00:00,-2468372,4286.649
46411,2015-08-19T09:30:00+00:00,-2467472,4286.662
46411,2015-08-19T09:45:00+00:00,-2466572,4286.672
46411,2015-08-19T10:00:00+00:00,-2465672,4286.672
46411,2015-08-19T10:15:00+00:00,-2464772,4286.665
46411,2015-08-19T10:30:00+00:00,-2463872,4286.648
46411,2015-08-19T10:45:00+00:00,-2462972,4286.627
46411,2015-08-19T11:00:00+00:00,-2462072,4286.599
46411,2015-08-19T11:15:00+00:00,-2461172,4286.562
46411,2015-08-19T11:30:00+00:00,-2460272,4286.522
46411,2015-08-19T11:45:00+00:00,-2459372,4286.475
46411,2015-08-19T12:00:00+00:00,-2458472,4286.425
46411,2015-08-19T12:15:00+00:00,-2457572,4286.370
46411,2015-08-19T12:30:00+00:00,-2456672,4286.315
46411,2015-08-19T12:45:00+00:00,-2455772,4286.250
46411,2015-08-19T13:00:00+00:00,-2454872,4286.188
46411,2015-08-19T13:15:00+00:00,-2453972,4286.127
46411,2015-08-19T13:30:00+00:00,-2453072,4286.066
46411,2015-08-19T13:45:00+00:00,-2452172,4286.011
46411,2015-08-19T14:00:00+00:00,-2451272,4285.955
46411,2015-08-19T14:15:00+00:00,-2450372,4285.904
46411,2015-08-19T14:30:00+00:00,-2449472,4285.859
46411,2015-08-19T14:45:00+00:00,-2448572,4285.817
46411,2015-08-19T15:00:00+00:00,-2447672,4285.782
46411,2015-08-19T15:15:00+00:00,-2446772,4285.754
46411,2015-08-19T15:30:00+00:00,-2445872,4285.734
46411,2015-08-19T15:45:00+00:00,-2444972,4285.719
46411,2015-08-19T16:00:00+00:00,-2444072,4285.716
46411,2015-08-19T16:15:00+00:00,-2443172,4285.720
46411,2015-08-19T16:30:00+00:00,-2442272,4285.733
46411,2015-08-19T16:45:00+00:00,-2441372,4285.752
46411,2015-08-19T17:00:00+00:00,-2440472,4285.777
46411,2015-08-19T17:15:00+00:00,-2439572,4285.812
46411,2015-08-19T17:30:00+00:00,-2438672,4285.852
46411,2015-08-19T17:45:00+00:00,-2437772,4285.899
46411,2015-08-19T18:00:00+00:00,-2436872,4285.952
46411,2015-08-19T18:15:00+00:00,-2435972,4286.014
46411,2015-08-19T18:30:00+00:00,-2435072,4286.074
46411,2015-08-19T18:45:00+00:00,-2434172,4286.138
46411,2015-08-19T19:00:00+00:00,-2433272,4286.208
46411,2015-08-19T19:15:00+00:00,-2432372,4286.277
46411,2015-08-19T19:30:00+00:00,-2431472,4286.346
46411,2015-08-19T19:45:00+00:00,-2430572,4286.414
46411,2015-08-19T20:00:00+00:00,-2429672,4286.481
46411,2015-08-19T20:15:00+00:00,-2428772,4286.544
46411,2015-08-19T20:30:00+00:00,-2427872,4286.604
46411,2015-08-19T20:45:00+00:00,-2426972,4286.657
46411,2015-08-19T21:00:00+00:00,-2426072,4286.704
46411,2015-08-19T21:15:00+00:00,-2425172,4286.745
46411,2015-08-19T21:30:00+00:00,-2424272,4286.782
46411,2015-08-19T21:45:00+00:00,-2423372,4286.808
46411,2015-08-19T22:00:00+00:00,-2422472,4286.829
46411,2015-08-19T22:15:00+00:00,-2421572,4286.839
46411,2015-08-19T22:30:00+00:00,-2420672,4286.841
46411,2015-08-19T22:45:00+00:00,-2419772,4286.831
46411,2015-08-19T23:00:00+00:00,-2418872,4286.817
46411,2015-08-19T23:15:00+00:00,-2417972,4286.796
46411,2015-08-19T23:30:00+00:00,-2417072,4286.767
46411,2015-08-19T23:45:00+00:00,-2416172,4286.732
46411,2015-08-20T00:00:00+00:00,-2415272,4286.689
46411,2015-08-20T00:15:00+00:00,-2414372,4286.645
46411,2015-08-20T00:30:00+00:00,-2413472,4286.593
46411,2015-08-20T00:45:00+00:00,-2412572,4286.535
46411,2015-08-20T01:00:00+00:00,-2411672,4286.473
46411,2015-08-20T01:15:00+00:00,-2410772,4286.411
46411,2015-08-20T01:30:00+00:00,-2409872,4286.348
46411,2015-08-20T01:45:00+00:00,-2408972,4286.287
46411,2015-08-20T02:00:00+00:00,-2408072,4286.222
46411,2015-08-20T02:15:00+00:00,-2407172,4286.159
46411,2015-08-20T02:30:00+00:00,-2406272,4286.101
46411,2015-08-20T02:45:00+00:00,-2405372,4286.045
46411,2015-08-20T03:00:00+00:00,-2404472,4285.992
46411,2015-08-20T03:15:00+00:00,-2403572,4285.946
46411,2015-08-20T03:30:00+00:00,-2402672,4285.907
46411,2015-08-20T03:45:00+00:00,-2401772,4285.872
46411,2015-08-20T04:00:00+00:00,-2400872,4285.846
46411,2015-08-20T04:15:00+00:00,-2399972,4285.830
46411,2015-08-20T04:30:00+00:00,-2399072,4285.816
46411,2015-08-20T04:45:00+00:00,-2398172,4285.808
46411,2015-08-20T05:00:00+00:00,-2397272,4285.808
46411,2015-08-20T05:15:00+00:00,-2396372,4285.815
46411,2015-08-20T05:30:00+00:00,-2395472,4285.826
46411,2015-08-20T05:45:00+00:00,-2394572,4285.846
46411,2015-08-20T06:00:00+00:00,-2393672,4285.872
46411,2015-08-20T06:15:00+00:00,-2392772,4285.903
46411,2015-08-20T06:30:00+00:00,-2391872,4285.940
46411,2015-08-20T06:45:00+00:00,-2390972,4285.980
46411,2015-08-20T07:00:00+00:00,-2390072,4286.025
46411,2015-08-20T07:15:00+00:00,-2389172,4286.074
46411,2015-08-20T07:30:00+00:00,-2388272,4286.123
46411,2015-08-20T07:45:00+00:00,-2387372,4286.173
46411,2015-08-20T08:00:00+00:00,-2386472,4286.221
46411,2015-08-20T08:15:00+00:00,-2385572,4286.268
46411,2015-08-20T08:30:00+00:00,-2384672,4286.315
46411,2015-08-20T08:45:00+00:00,-2383772,4286.360
46411,2015-08-20T09:00:00+00:00,-2382872,4286.401
46411,2015-08-20T09:15:00+00:00,-2381972,4286.439
46411,2015-08-20T09:30:00+00:00,-2381072,4286.474
46411,2015-08-20T09:45:00+00:00,-2380172,4286.501
46411,2015-08-20T10:00:00+00:00,-2379272,4286.523
46411,2015-08-20T10:15:00+00:00,-2378372,4286.541
46411,2015-08-20T10:30:00+00:00,-2377472,4286.549
46411,2015-08-20T10:45:00+00:00,-2376572,4286.552
46411,2015-08-20T11:00:00+00:00,-2375672,4286.547
46411,2015-08-20T11:15:00+00:00,-2374772,4286.537
46411,2015-08-20T11:30:00+00:00,-2373872,4286.521
46411,2015-08-20T11:45:00+00:00,-2372972,4286.498
46411,2015-08-20T12:00:00+00:00,-2372072,4286.468
46411,2015-08-20T12:15:00+00:00,-2371172,4286.432
46411,2015-08-20T12:30:00+00:00,-2370272,4286.393
46411,2015-08-20T12:45:00+00:00,-2369372,4286.350
46411,2015-08-20T13:00:00+00:00,-2368472,4286.305
46411,2015-08-20T13:15:00+00:00,-2367572,4286.257
46411,2015-08-20T13:30:00+00:00,-2366672,4286.209
46411,2015-08-20T13:45:00+00:00,-2365772,4286.162
46411,2015-08-20T14:00:00+00:00,-2364872,4286.116
46411,2015-08-20T14:15:00+00:00,-2363972,4286.072
46411,2015-08-20T14:30:00+00:00,-2363072,4286.030
46411,2015-08-20T14:45:00+00:00,-2362172,4285.987
46411,2015-08-20T15:00:00+00:00,-2361272,4285.946
46411,2015-08-20T15:15:00+00:00,-2360372,4285.913
46411,2015-08-20T15:30:00+00:00,-2359472,4285.882
46411,2015-08-20T15:45:00+00:00,-2358572,4285.857
46411,2015-08-20T16:00:00+00:00,-2357672,4285.838
46411,2015-08-20T16:15:00+00:00,-2356772,4285.827
46411,2015-08-20T16:30:00+00:00,-2355872,4285.823
46411,2015-08-20T16:45:00+00:00,-2354972,4285.823
46411,2015-08-20T17:00:00+00:00,-2354072,4285.830
46411,2015-08-20T17:15:00+00:00,-2353172,4285.847
46411,2015-08-20T17:30:00+00:00,-2352272,4285.870
46411,2015-08-20T17:45:00+00:00,-2351372,4285.899
46411,2015-08-20T18:00:00+00:00,-2350472,4285.936
46411,2015-08-20T18:15:00+00:00,-2349572,4285.977
46411,2015-08-20T18:30:00+00:00,-2348672,4286.026
46411,2015-08-20T18:45:00+00:00,-2347772,4286.077
46411,2015-08-20T19:00:00+00:00,-2346872,4286.128
46411,2015-08-20T19:15:00+00:00,-2345972,4286.199
46411,2015-08-20T19:30:00+00:00,-2345072,4286.256
46411,2015-08-20T19:45:00+00:00,-2344172,4286.318
46411,2015-08-20T20:00:00+00:00,-2343272,4286.380
46411,2015-08-20T20:15:00+00:00,-2342372,4286.444
46411,2015-08-20T20:30:00+00:00,-2341472,4286.506
46411,2015-08-20T20:45:00+00:00,-2340572,4286.566
46411,2015-08-20T21:00:00+00:00,-2339672,4286.620
46411,2015-08-20T21:15:00+00:00,-2338772,4286.668
46411,2015-08-20T21:30:00+00:00,-2337872,4286.715
46411,2015-08-20T21:45:00+00:00,-2336972,4286.753
46411,2015-08-20T22:00:00+00:00,-2336072,4286.787
46411,2015-08-20T22:15:00+00:00,-2335172,4286.814
46411,2015-08-20T22:30:00+00:00,-2334272,4286.832
46411,2015-08-20T22:45:00+00:00,-2333372,4286.845
46411,2015-08-20T23:00:00+00:00,-2332472,4286.852
46411,2015-08-20T23:15:00+00:00,-2331572,4286.852
46411,2015-08-20T23:30:00+00:00,-2330672,4286.845
46411,2015-08-20T23:45:00+00:00,-2329772,4286.831
46411,2015-08-21T00:00:00+00:00,-2328872,4286.808
46411,2015-08-21T00:15:00+00:00,-2327972,4286.779
46411,2015-08-21T00:30:00+00:00,-2327072,4286.744
46411,2015-08-21T00:45:00+00:00,-2326172,4286.700
46411,2015-08-21T01:00:00+00:00,-2325272,4286.647
46411,2015-08-21T01:15:00+00:00,-2324372,4286.593
46411,2015-08-21T01:30:00+00:00,-2323472,4286.534
46411,2015-08-21T01:45:00+00:00,-2322572,4286.472
46411,2015-08-21T02:00:00+00:00,-2321672,4286.413
46411,2015-08-21T02:15:00+00:00,-2320772,4286.350
46411,2015-08-21T02:30:00+00:00,-2319872,4286.289
46411,2015-08-21T02:45:00+00:00,-2318972,4286.228
46411,2015-08-21T03:00:00+00:00,-2318072,4286.165
46411,2015-08-21T03:15:00+00:00,-2317172,4286.107
46411,2015-08-21T03:30:00+00:00,-2316272,4286.052
46411,2015-08-21T03:45:00+00:00,-2315372,4286.001
46411,2015-08-21T04:00:00+00:00,-2314472,4285.958
46411,2015-08-21T04:15:00+00:00,-2313572,4285.919
46411,2015-08-21T04:30:00+00:00,-2312672,4285.883
46411,2015-08-21T04:45:00+00:00,-2311772,4285.852
46411,2015-08-21T05:00:00+00:00,-2310872,4285.827
46411,2015-08-21T05:15:00+00:00,-2309972,4285.807
46411,2015-08-21T05:30:00+00:00,-2309072,4285.794
46411,2015-08-21T05:45:00+00:00,-2308172,4285.791
46411,2015-08-21T06:00:00+00:00,-2307272,4285.793
46411,2015-08-21T06:15:00+00:00,-2306372,4285.803
46411,2015-08-21T06:30:00+00:00,-2305472,4285.819
46411,2015-08-21T06:45:00+00:00,-2304572,4285.842
46411,2015-08-21T07:00:00+00:00,-2303672,4285.866
46411,2015-08-21T07:15:00+00:00,-2302772,4285.899
46411,2015-08-21T07:30:00+00:00,-2301872,4285.933
46411,2015-08-21T07:45:00+00:00,-2300972,4285.971
46411,2015-08-21T08:00:00+00:00,-2300072,4286.012
46411,2015-08-21T08:15:00+00:00,-2299172,4286.056
46411,2015-08-21T08:30:00+00:00,-2298272,4286.100
46411,2015-08-21T08:45:00+00:00,-2297372,4286.145
46411,2015-08-21T09:00:00+00:00,-2296472,4286.190
46411,2015-08-21T09:15:00+00:00,-2295572,4286.235
46411,2015-08-21T09:30:00+00:00,-2294672,4286.275
46411,2015-08-21T09:45:00+00:00,-2293772,4286.316
46411,2015-08-21T10:00:00+00:00,-2292872,4286.352
46411,2015-08-21T10:15:00+00:00,-2291972,4286.386
46411,2015-08-21T10:30:00+00:00,-2291072,4286.414
46411,2015-08-21T10:45:00+00:00,-2290172,4286.439
46411,2015-08-21T11:00:00+00:00,-2289272,4286.459
46411,2015-08-21T11:15:00+00:00,-2288372,4286.470
46411,2015-08-21T11:30:00+00:00,-2287472,4286.477
46411,2015-08-21T11:45:00+00:00,-2286572,4286.475
46411,2015-08-21T12:00:00+00:00,-2285672,4286.468
46411,2015-08-21T12:15:00+00:00,-2284772,4286.459
46411,2015-08-21T12:30:00+00:00,-2283872,4286.446
46411,2015-08-21T12:45:00+00:00,-2282972,4286.425
46411,2015-08-21T13:00:00+00:00,-2282072,4286.402
46411,2015-08-21T13:15:00+00:00,-2281172,4286.375
46411,2015-08-21T13:30:00+00:00,-2280272,4286.346
46411,2015-08-21T13:45:00+00:00,-2279372,4286.314
46411,2015-08-21T14:00:00+00:00,-2278472,4286.279
46411,2015-08-21T14:15:00+00:00,-2277572,4286.244
46411,2015-08-21T14:30:00+00:00,-2276672,4286.207
46411,2015-08-21T14:45:00+00:00,-2275772,4286.168
46411,2015-08-21T15:00:00+00:00,-2274872,4286.135
46411,2015-08-21T15:15:00+00:00,-2273972,4286.100
46411,2015-08-21T15:30:00+00:00,-2273072,4286.067
46411,2015-08-21T15:45:00+00:00,-2272172,4286.039
46411,2015-08-21T16:00:00+00:00,-2271272,4286.015
46411,2015-08-21T17:15:00+00:00,-2266772,4285.958
46411,2015-08-21T17:30:00+00:00,-2265872,4285.964
46411,2015-08-21T17:45:00+00:00,-2264972,4285.973
46411,2015-08-21T18:00:00+00:00,-2264072,4285.989
46411,2015-08-21T18:15:00+00:00,-2263172,4286.012
46411,2015-08-21T18:30:00+00:00,-2262272,4286.039
46411,2015-08-21T18:45:00+00:00,-2261372,4286.071
46411,2015-08-21T19:00:00+00:00,-2260472,4286.111
46411,2015-08-21T19:15:00+00:00,-2259572,4286.153
46411,2015-08-21T19:30:00+00:00,-2258672,4286.200
46411,2015-08-21T19:45:00+00:00,-2257772,4286.251
46411,2015-08-21T20:00:00+00:00,-2256872,4286.304
46411,2015-08-21T20:15:00+00:00,-2255972,4286.358
46411,2015-08-21T20:30:00+00:00,-2255072,4286.415
46411,2015-08-21T20:45:00+00:00,-2254172,4286.471
46411,2015-08-21T21:00:00+00:00,-2253272,4286.522
46411,2015-08-21T21:15:00+00:00,-2252372,4286.574
46411,2015-08-21T21:30:00+00:00,-2251472,4286.622
46411,2015-08-21T21:45:00+00:00,-2250572,4286.667
46411,2015-08-21T22:00:00+00:00,-2249672,4286.711
46411,2015-08-21T22:15:00+00:00,-2248772,4286.752
46411,2015-08-21T22:30:00+00:00,-2247872,4286.789
46411,2015-08-21T22:45:00+00:00,-2246972,4286.818
46411,2015-08-21T23:00:00+00:00,-2246072,4286.844
46411,2015-08-21T23:15:00+00:00,-2245172,4286.862
46411,2015-08-21T23:30:00+00:00,-2244272,4286.875
46411,2015-08-21T23:45:00+00:00,-2243372,4286.877
46411,2015-08-22T00:00:00+00:00,-2242472,4286.875
46411,2015-08-22T00:15:00+00:00,-2241572,4286.864
46411,2015-08-22T00:30:00+00:00,-2240672,4286.847
46411,2015-08-22T00:45:00+00:00,-2239772,4286.822
46411,2015-08-22T01:00:00+00:00,-2238872,4286.788
46411,2015-08-22T01:15:00+00:00,-2237972,4286.753
46411,2015-08-22T01:30:00+00:00,-2237072,4286.706
46411,2015-08-22T01:45:00+00:00,-2236172,4286.657
46411,2015-08-22T02:00:00+00:00,-2235272,4286.605
46411,2015-08-22T02:15:00+00:00,-2234372,4286.547
46411,2015-08-22T02:30:00+00:00,-2233472,4286.491
46411,2015-08-22T02:45:00+00:00,-2232572,4286.430
46411,2015-08-22T03:00:00+00:00,-2231672,4286.371
46411,2015-08-22T03:15:00+00:00,-2230772,4286.308
46411,2015-08-22T03:30:00+00:00,-2229872,4286.244
46411,2015-08-22T03:45:00+00:00,-2228972,4286.184
46411,2015-08-22T04:00:00+00:00,-2228072,4286.127
46411,2015-08-22T04:15:00+00:00,-2227172,4286.070
46411,2015-08-22T04:30:00+00:00,-2226272,4286.016
46411,2015-08-22T04:45:00+00:00,-2225372,4285.964
46411,2015-08-22T05:00:00+00:00,-2224472,4285.916
46411,2015-08-22T05:15:00+00:00,-2223572,4285.874
46411,2015-08-22T05:30:00+00:00,-2222672,4285.839
46411,2015-08-22T05:45:00+00:00,-2221772,4285.809
46411,2015-08-22T06:00:00+00:00,-2220872,4285.784
46411,2015-08-22T06:15:00+00:00,-2219972,4285.767
46411,2015-08-22T06:30:00+00:00,-2219072,4285.754
46411,2015-08-22T06:45:00+00:00,-2218172,4285.752
46411,2015-08-22T07:00:00+00:00,-2217272,4285.755
46411,2015-08-22T07:15:00+00:00,-2216372,4285.762
46411,2015-08-22T07:30:00+00:00,-2215472,4285.775
46411,2015-08-22T07:45:00+00:00,-2214572,4285.796
46411,2015-08-22T08:00:00+00:00,-2213672,4285.819
46411,2015-08-22T08:15:00+00:00,-2212772,4285.849
46411,2015-08-22T08:30:00+00:00,-2211872,4285.883
46411,2015-08-22T08:45:00+00:00,-2210972,4285.918
46411,2015-08-22T09:00:00+00:00,-2210072,4285.960
46411,2015-08-22T09:15:00+00:00,-2209172,4285.998
46411,2015-08-22T09:30:00+00:00,-2208272,4286.043
46411,2015-08-22T09:45:00+00:00,-2207372,4286.086
46411,2015-08-22T10:00:00+00:00,-2206472,4286.131
46411,2015-08-22T10:15:00+00:00,-2205572,4286.173
46411,2015-08-22T10:30:00+00:00,-2204672,4286.215
46411,2015-08-22T10:45:00+00:00,-2203772,4286.254
46411,2015-08-22T11:00:00+00:00,-2202872,4286.289
46411,2015-08-22T11:15:00+00:00,-2201972,4286.321
46411,2015-08-22T11:30:00+00:00,-2201072,4286.349
46411,2015-08-22T11:45:00+00:00,-2200172,4286.373
46411,2015-08-22T12:00:00+00:00,-2199272,4286.392
46411,2015-08-22T12:15:00+00:00,-2198372,4286.407
46411,2015-08-22T12:30:00+00:00,-2197472,4286.417
46411,2015-08-22T12:45:00+00:00,-2196572,4286.421
46411,2015-08-22T13:00:00+00:00,-2195672,4286.425
46411,2015-08-22T13:15:00+00:00,-2194772,4286.420
46411,2015-08-22T13:30:00+00:00,-2193872,4286.413
46411,2015-08-22T13:45:00+00:00,-2192972,4286.401
46411,2015-08-22T14:00:00+00:00,-2192072,4286.382
46411,2015-08-22T14:15:00+00:00,-2191172,4286.365
46411,2015-08-22T14:30:00+00:00,-2190272,4286.343
46411,2015-08-22T14:45:00+00:00,-2189372,4286.317
46411,2015-08-22T15:00:00+00:00,-2188472,4286.290
46411,2015-08-22T15:15:00+00:00,-2187572,4286.264
46411,2015-08-22T15:30:00+00:00,-2186672,4286.237
46411,2015-08-22T15:45:00+00:00,-2185772,4286.209
46411,2015-08-22T16:00:00+00:00,-2184872,4286.183
46411,2015-08-22T16:15:00+00:00,-2183972,4286.162
46411,2015-08-22T16:30:00+00:00,-2183072,4286.139
46411,2015-08-22T16:45:00+00:00,-2182172,4286.120
46411,2015-08-22T17:00:00+00:00,-2181272,4286.105
46411,2015-08-22T17:15:00+00:00,-2180372,4286.091
46411,2015-08-22T17:30:00+00:00,-2179472,4286.082
46411,2015-08-22T17:45:00+00:00,-2178572,4286.075
46411,2015-08-22T18:00:00+00:00,-2177672,4286.071
46411,2015-08-22T18:15:00+00:00,-2176772,4286.074
46411,2015-08-22T18:30:00+00:00,-2175872,4286.081
46411,2015-08-22T18:45:00+00:00,-2174972,4286.093
46411,2015-08-22T19:00:00+00:00,-2174072,4286.113
46411,2015-08-22T19:15:00+00:00,-2173172,4286.137
46411,2015-08-22T19:30:00+00:00,-2172272,4286.164
46411,2015-08-22T19:45:00+00:00,-2171372,4286.196
46411,2015-08-22T20:00:00+00:00,-2170472,4286.234
46411,2015-08-22T20:15:00+00:00,-2169572,4286.272
46411,2015-08-22T20:30:00+00:00,-2168672,4286.315
46411,2015-08-22T20:45:00+00:00,-2167772,4286.361
46411,2015-08-22T21:00:00+00:00,-2166872,4286.406
46411,2015-08-22T21:15:00+00:00,-2165972,4286.453
46411,2015-08-22T21:30:00+00:00,-2165072,4286.504
46411,2015-08-22T21:45:00+00:00,-2164172,4286.555
46411,2015-08-22T22:00:00+00:00,-2163272,4286.607
46411,2015-08-22T22:15:00+00:00,-2162372,4286.654
46411,2015-08-22T22:30:00+00:00,-2161472,4286.699
46411,2015-08-22T22:45:00+00:00,-2160572,4286.739
46411,2015-08-22T23:00:00+00:00,-2159672,4286.776
46411,2015-08-22T23:15:00+00:00,-2158772,4286.811
46411,2015-08-22T23:30:00+00:00,-2157872,4286.838
46411,2015-08-22T23:45:00+00:00,-2156972,4286.862
46411,2015-08-23T00:00:00+00:00,-2156072,4286.878
46411,2015-08-23T00:15:00+00:00,-2155172,4286.885
46411,2015-08-23T00:30:00+00:00,-2154272,4286.891
46411,2015-08-23T00:45:00+00:00,-2153372,4286.887
46411,2015-08-23T01:00:00+00:00,-2152472,4286.880
46411,2015-08-23T01:15:00+00:00,-2151572,4286.865
46411,2015-08-23T01:30:00+00:00,-2150672,4286.841
46411,2015-08-23T01:45:00+00:00,-2149772,4286.814
46411,2015-08-23T02:00:00+00:00,-2148872,4286.779
46411,2015-08-23T02:15:00+00:00,-2147972,4286.737
46411,2015-08-23T02:30:00+00:00,-2147072,4286.690
46411,2015-08-23T02:45:00+00:00,-2146172,4286.637
46411,2015-08-23T03:00:00+00:00,-2145272,4286.583
46411,2015-08-23T03:15:00+00:00,-2144372,4286.525
46411,2015-08-23T03:30:00+00:00,-2143472,4286.463
46411,2015-08-23T03:45:00+00:00,-2142572,4286.398
46411,2015-08-23T04:00:00+00:00,-2141672,4286.336
46411,2015-08-23T04:15:00+00:00,-2140772,4286.272
46411,2015-08-23T04:30:00+00:00,-2139872,4286.209
46411,2015-08-23T04:45:00+00:00,-2138972,4286.146
46411,2015-08-23T05:00:00+00:00,-2138072,4286.085
46411,2015-08-23T05:15:00+00:00,-2137172,4286.024
46411,2015-08-23T05:30:00+00:00,-2136272,4285.964
46411,2015-08-23T05:45:00+00:00,-2135372,4285.909
46411,2015-08-23T06:00:00+00:00,-2134472,4285.858
46411,2015-08-23T06:15:00+00:00,-2133572,4285.819
46411,2015-08-23T06:30:00+00:00,-2132672,4285.778
46411,2015-08-23T06:45:00+00:00,-2131772,4285.745
46411,2015-08-23T07:00:00+00:00,-2130872,4285.720
46411,2015-08-23T07:15:00+00:00,-2129972,4285.698
46411,2015-08-23T07:30:00+00:00,-2129072,4285.684
46411,2015-08-23T07:45:00+00:00,-2128172,4285.677
46411,2015-08-23T08:00:00+00:00,-2127272,4285.675
46411,2015-08-23T08:15:00+00:00,-2126372,4285.678
46411,2015-08-23T08:30:00+00:00,-2125472,4285.687
46411,2015-08-23T08:45:00+00:00,-2124572,4285.706
46411,2015-08-23T09:00:00+00:00,-2123672,4285.732
46411,2015-08-23T09:15:00+00:00,-2122772,4285.764
46411,2015-08-23T09:30:00+00:00,-2121872,4285.799
46411,2015-08-23T09:45:00+00:00,-2120972,4285.840
46411,2015-08-23T10:00:00+00:00,-2120072,4285.880
46411,2015-08-23T10:15:00+00:00,-2119172,4285.922
46411,2015-08-23T10:30:00+00:00,-2118272,4285.968
46411,2015-08-23T10:45:00+00:00,-2117372,4286.010
46411,2015-08-23T11:00:00+00:00,-2116472,4286.056
46411,2015-08-23T11:15:00+00:00,-2115572,4286.100
46411,2015-08-23T11:30:00+00:00,-2114672,4286.145
46411,2015-08-23T11:45:00+00:00,-2113772,4286.184
46411,2015-08-23T12:00:00+00:00,-2112872,4286.225
46411,2015-08-23T12:15:00+00:00,-2111972,4286.261
46411,2015-08-23T12:30:00+00:00,-2111072,4286.297
46411,2015-08-23T12:45:00+00:00,-2110172,4286.328
46411,2015-08-23T13:00:00+00:00,-2109272,4286.355
46411,2015-08-23T13:15:00+00:00,-2108372,4286.374
46411,2015-08-23T13:30:00+00:00,-2107472,4286.394
46411,2015-08-23T13:45:00+00:00,-2106572,4286.405
46411,2015-08-23T14:00:00+00:00,-2105672,4286.413
46411,2015-08-23T14:15:00+00:00,-2104772,4286.415
46411,2015-08-23T14:30:00+00:00,-2103872,4286.413
46411,2015-08-23T14:45:00+00:00,-2102972,4286.407
46411,2015-08-23T15:00:00+00:00,-2102072,4286.399
46411,2015-08-23T15:15:00+00:00,-2101172,4286.383
46411,2015-08-23T15:30:00+00:00,-2100272,4286.367
46411,2015-08-23T15:45:00+00:00,-2099372,4286.349
46411,2015-08-23T16:00:00+00:00,-2098472,4286.328
46411,2015-08-23T16:15:00+00:00,-2097572,4286.305
46411,2015-08-23T16:30:00+00:00,-2096672,4286.286
46411,2015-08-23T16:45:00+00:00,-2095772,4286.264
46411,2015-08-23T17:00:00+00:00,-2094872,4286.241
46411,2015-08-23T17:15:00+00:00,-2093972,4286.219
46411,2015-08-23T17:30:00+00:00,-2093072,4286.198
46411,2015-08-23T17:45:00+00:00,-2092172,4286.180
46411,2015-08-23T18:00:00+00:00,-2091272,4286.165
46411,2015-08-23T18:15:00+00:00,-2090372,4286.154
46411,2015-08-23T18:30:00+00:00,-2089472,4286.144
46411,2015-08-23T18:45:00+00:00,-2088572,4286.140
46411,2015-08-23T19:00:00+00:00,-2087672,4286.139
46411,2015-08-23T19:15:00+00:00,-2086772,4286.140
46411,2015-08-23T19:30:00+00:00,-2085872,4286.147
46411,2015-08-23T19:45:00+00:00,-2084972,4286.158
46411,2015-08-23T20:00:00+00:00,-2084072,4286.175
46411,2015-08-23T20:15:00+00:00,-2083172,4286.199
46411,2015-08-23T20:30:00+00:00,-2082272,4286.227
46411,2015-08-23T20:45:00+00:00,-2081372,4286.260
46411,2015-08-23T21:00:00+00:00,-2080472,4286.298
46411,2015-08-23T21:15:00+00:00,-2079572,4286.337
46411,2015-08-23T21:30:00+00:00,-2078672,4286.381
46411,2015-08-23T21:45:00+00:00,-2077772,4286.426
46411,2015-08-23T22:00:00+00:00,-2076872,4286.471
46411,2015-08-23T22:15:00+00:00,-2075972,4286.516
46411,2015-08-23T22:30:00+00:00,-2075072,4286.563
46411,2015-08-23T22:45:00+00:00,-2074172,4286.611
46411,2015-08-23T23:00:00+00:00,-2073272,4286.657
46411,2015-08-23T23:15:00+00:00,-2072372,4286.701
46411,2015-08-23T23:30:00+00:00,-2071472,4286.742
46411,2015-08-23T23:45:00+00:00,-2070572,4286.781
46411,2015-08-24T00:00:00+00:00,-2069672,4286.816
46411,2015-08-24T00:15:00+00:00,-2068772,4286.849
46411,2015-08-24T00:30:00+00:00,-2067872,4286.874
46411,2015-08-24T00:45:00+00:00,-2066972,4286.896
46411,2015-08-24T01:00:00+00:00,-2066072,4286.911
46411,2015-08-24T01:15:00+00:00,-2065172,4286.917
46411,2015-08-24T01:30:00+00:00,-2064272,4286.919
46411,2015-08-24T01:45:00+00:00,-2063372,4286.915
46411,2015-08-24T02:00:00+00:00,-2062472,4286.901
46411,2015-08-24T02:15:00+00:00,-2061572,4286.880
46411,2015-08-24T02:30:00+00:00,-2060672,4286.857
46411,2015-08-24T02:45:00+00:00,-2059772,4286.826
46411,2015-08-24T03:00:00+00:00,-2058872,4286.786
46411,2015-08-24T03:15:00+00:00,-2057972,4286.742
46411,2015-08-24T03:30:00+00:00,-2057072,4286.692
46411,2015-08-24T03:45:00+00:00,-2056172,4286.637
46411,2015-08-24T04:00:00+00:00,-2055272,4286.577
46411,2015-08-24T04:15:00+00:00,-2054372,4286.512
46411,2015-08-24T04:30:00+00:00,-2053472,4286.446
46411,2015-08-24T04:45:00+00:00,-2052572,4286.377
46411,2015-08-24T05:00:00+00:00,-2051672,4286.304
46411,2015-08-24T05:15:00+00:00,-2050772,4286.233
46411,2015-08-24T05:30:00+00:00,-2049872,4286.161
46411,2015-08-24T05:45:00+00:00,-2048972,4286.091
46411,2015-08-24T06:00:00+00:00,-2048072,4286.023
46411,2015-08-24T06:15:00+00:00,-2047172,4285.957
46411,2015-08-24T06:30:00+00:00,-2046272,4285.892
46411,2015-08-24T06:45:00+00:00,-2045372,4285.832
46411,2015-08-24T07:00:00+00:00,-2044472,4285.779
46411,2015-08-24T07:15:00+00:00,-2043572,4285.730
46411,2015-08-24T07:30:00+00:00,-2042672,4285.685
46411,2015-08-24T07:45:00+00:00,-2041772,4285.648
46411,2015-08-24T08:00:00+00:00,-2040872,4285.617
46411,2015-08-24T08:15:00+00:00,-2039972,4285.592
46411,2015-08-24T08:30:00+00:00,-2039072,4285.576
46411,2015-08-24T08:45:00+00:00,-2038172,4285.571
46411,2015-08-24T09:00:00+00:00,-2037272,4285.571
46411,2015-08-24T09:15:00+00:00,-2036372,4285.577
46411,2015-08-24T09:30:00+00:00,-2035472,4285.591
46411,2015-08-24T09:45:00+00:00,-2034572,4285.614
46411,2015-08-24T10:00:00+00:00,-2033672,4285.643
46411,2015-08-24T10:15:00+00:00,-2032772,4285.674
46411,2015-08-24T10:30:00+00:00,-2031872,4285.712
46411,2015-08-24T10:45:00+00:00,-2030972,4285.754
46411,2015-08-24T11:00:00+00:00,-2030072,4285.799
46411,2015-08-24T11:15:00+00:00,-2029172,4285.844
46411,2015-08-24T11:30:00+00:00,-2028272,4285.896
46411,2015-08-24T11:45:00+00:00,-2027372,4285.945
46411,2015-08-24T12:00:00+00:00,-2026472,4285.996
46411,2015-08-24T12:15:00+00:00,-2025572,4286.046
46411,2015-08-24T12:30:00+00:00,-2024672,4286.096
46411,2015-08-24T12:45:00+00:00,-2023772,4286.147
46411,2015-08-24T13:00:00+00:00,-2022872,4286.195
46411,2015-08-24T13:15:00+00:00,-2021972,4286.238
46411,2015-08-24T13:30:00+00:00,-2021072,4286.280
46411,2015-08-24T13:45:00+00:00,-2020172,4286.320
46411,2015-08-24T14:00:00+00:00,-2019272,4286.356
46411,2015-08-24T14:15:00+00:00,-2018372,4286.387
46411,2015-08-24T14:30:00+00:00,-2017472,4286.408
46411,2015-08-24T14:45:00+00:00,-2016572,4286.429
46411,2015-08-24T15:00:00+00:00,-2015672,4286.441
46411,2015-08-24T15:15:00+00:00,-2014772,4286.448
46411,2015-08-24T15:30:00+00:00,-2013872,4286.455
46411,2015-08-24T15:45:00+00:00,-2012972,4286.453
46411,2015-08-24T16:00:00+00:00,-2012072,4286.449
46411,2015-08-24T16:15:00+00:00,-2011172,4286.437
46411,2015-08-24T16:30:00+00:00,-2010272,4286.424
46411,2015-08-24T16:45:00+00:00,-2009372,4286.408
46411,2015-08-24T17:00:00+00:00,-2008472,4286.388
46411,2015-08-24T17:15:00+00:00,-2007572,4286.367
46411,2015-08-24T17:30:00+00:00,-2006672,4286.345
46411,2015-08-24T17:45:00+00:00,-2005772,4286.324
46411,2015-08-24T18:00:00+00:00,-2004872,4286.303
46411,2015-08-24T18:15:00+00:00,-2003972,4286.278
46411,2015-08-24T18:30:00+00:00,-2003072,4286.257
46411,2015-08-24T18:45:00+00:00,-2002172,4286.233
46411,2015-08-24T19:00:00+00:00,-2001272,4286.214
46411,2015-08-24T19:15:00+00:00,-2000372,4286.200
46411,2015-08-24T19:30:00+00:00,-1999472,4286.186
46411,2015-08-24T19:45:00+00:00,-1998572,4286.179
46411,2015-08-24T20:00:00+00:00,-1997672,4286.178
46411,2015-08-24T20:15:00+00:00,-1996772,4286.183
46411,2015-08-24T20:30:00+00:00,-1995872,4286.189
46411,2015-08-24T20:45:00+00:00,-1994972,4286.199
46411,2015-08-24T21:00:00+00:00,-1994072,4286.217
46411,2015-08-24T21:15:00+00:00,-1993172,4286.237
46411,2015-08-24T21:30:00+00:00,-1992272,4286.262
46411,2015-08-24T21:45:00+00:00,-1991372,4286.294
46411,2015-08-24T22:00:00+00:00,-1990472,4286.328
46411,2015-08-24T22:15:00+00:00,-1989572,4286.366
46411,2015-08-24T22:30:00+00:00,-1988672,4286.408
46411,2015-08-24T22:45:00+00:00,-1987772,4286.455
46411,2015-08-24T23:00:00+00:00,-1986872,4286.503
46411,2015-08-24T23:15:00+00:00,-1985972,4286.553
46411,2015-08-24T23:30:00+00:00,-1985072,4286.601
46411,2015-08-24T23:45:00+00:00,-1984172,4286.652
46411,2015-08-25T00:00:00+00:00,-1983272,4286.701
46411,2015-08-25T00:15:00+00:00,-1982372,4286.746
46411,2015-08-25T00:30:00+00:00,-1981472,4286.790
46411,2015-08-25T00:45:00+00:00,-1980572,4286.833
46411,2015-08-25T01:00:00+00:00,-1979672,4286.868
46411,2015-08-25T01:15:00+00:00,-1978772,4286.896
46411,2015-08-25T01:30:00+00:00,-1977872,4286.921
46411,2015-08-25T01:45:00+00:00,-1976972,4286.942
46411,2015-08-25T02:00:00+00:00,-1976072,4286.957
46411,2015-08-25T02:15:00+00:00,-1975172,4286.963
46411,2015-08-25T02:30:00+00:00,-1974272,4286.967
46411,2015-08-25T02:45:00+00:00,-1973372,4286.963
46411,2015-08-25T03:00:00+00:00,-1972472,4286.950
46411,2015-08-25T03:15:00+00:00,-1971572,4286.929
46411,2015-08-25T03:30:00+00:00,-1970672,4286.899
46411,2015-08-25T03:45:00+00:00,-1969772,4286.859
46411,2015-08-25T04:00:00+00:00,-1968872,4286.813
46411,2015-08-25T04:15:00+00:00,-1967972,4286.760
46411,2015-08-25T04:30:00+00:00,-1967072,4286.700
46411,2015-08-25T04:45:00+00:00,-1966172,4286.633
46411,2015-08-25T05:00:00+00:00,-1965272,4286.566
46411,2015-08-25T05:15:00+00:00,-1964372,4286.493
46411,2015-08-25T05:30:00+00:00,-1963472,4286.416
46411,2015-08-25T05:45:00+00:00,-1962572,4286.336
46411,2015-08-25T06:00:00+00:00,-1961672,4286.255
46411,2015-08-25T06:15:00+00:00,-1960772,4286.171
46411,2015-08-25T06:30:00+00:00,-1959872,4286.090
46411,2015-08-25T06:45:00+00:00,-1958972,4286.011
46411,2015-08-25T07:00:00+00:00,-1958072,4285.933
46411,2015-08-25T07:15:00+00:00,-1957172,4285.858
46411,2015-08-25T07:30:00+00:00,-1956272,4285.784
46411,2015-08-25T07:45:00+00:00,-1955372,4285.718
46411,2015-08-25T08:00:00+00:00,-1954472,4285.654
46411,2015-08-25T08:15:00+00:00,-1953572,4285.596
46411,2015-08-25T08:30:00+00:00,-1952672,4285.550
46411,2015-08-25T08:45:00+00:00,-1951772,4285.513
46411,2015-08-25T09:00:00+00:00,-1950872,4285.482
46411,2015-08-25T09:15:00+00:00,-1949972,4285.460
46411,2015-08-25T09:30:00+00:00,-1949072,4285.448
46411,2015-08-25T09:45:00+00:00,-1948172,4285.444
46411,2015-08-25T10:00:00+00:00,-1947272,4285.447
46411,2015-08-25T10:15:00+00:00,-1946372,4285.461
46411,2015-08-25T10:30:00+00:00,-1945472,4285.483
46411,2015-08-25T10:45:00+00:00,-1944572,4285.510
46411,2015-08-25T11:00:00+00:00,-1943672,4285.543
46411,2015-08-25T11:15:00+00:00,-1942772,4285.581
46411,2015-08-25T11:30:00+00:00,-1941872,4285.627
46411,2015-08-25T11:45:00+00:00,-1940972,4285.674
46411,2015-08-25T12:00:00+00:00,-1940072,4285.728
46411,2015-08-25T12:15:00+00:00,-1939172,4285.783
46411,2015-08-25T12:30:00+00:00,-1938272,4285.842
46411,2015-08-25T12:45:00+00:00,-1937372,4285.905
46411,2015-08-25T13:00:00+00:00,-1936472,4285.966
46411,2015-08-25T13:15:00+00:00,-1935572,4286.030
46411,2015-08-25T13:30:00+00:00,-1934672,4286.095
46411,2015-08-25T13:45:00+00:00,-1933772,4286.155
46411,2015-08-25T14:00:00+00:00,-1932872,4286.215
46411,2015-08-25T14:15:00+00:00,-1931972,4286.272
46411,2015-08-25T14:30:00+00:00,-1931072,4286.322
46411,2015-08-25T14:45:00+00:00,-1930172,4286.368
46411,2015-08-25T15:00:00+00:00,-1929272,4286.405
46411,2015-08-25T15:15:00+00:00,-1928372,4286.443
46411,2015-08-25T15:30:00+00:00,-1927472,4286.470
46411,2015-08-25T15:45:00+00:00,-1926572,4286.491
46411,2015-08-25T16:00:00+00:00,-1925672,4286.510
46411,2015-08-25T16:15:00+00:00,-1924772,4286.518
46411,2015-08-25T16:30:00+00:00,-1923872,4286.525
46411,2015-08-25T16:45:00+00:00,-1922972,4286.523
46411,2015-08-25T17:00:00+00:00,-1922072,4286.519
46411,2015-08-25T17:15:00+00:00,-1921172,4286.505
46411,2015-08-25T17:30:00+00:00,-1920272,4286.488
46411,2015-08-25T17:45:00+00:00,-1919372,4286.468
46411,2015-08-25T18:00:00+00:00,-1918472,4286.443
46411,2015-08-25T18:15:00+00:00,-1917572,4286.419
46411,2015-08-25T18:30:00+00:00,-1916672,4286.390
46411,2015-08-25T18:45:00+00:00,-1915772,4286.362
46411,2015-08-25T19:00:00+00:00,-1914872,4286.334
46411,2015-08-25T19:15:00+00:00,-1913972,4286.304
46411,2015-08-25T19:30:00+00:00,-1913072,4286.276
46411,2015-08-25T19:45:00+00:00,-1912172,4286.251
46411,2015-08-25T20:00:00+00:00,-1911272,4286.226
46411,2015-08-25T20:15:00+00:00,-1910372,4286.206
46411,2015-08-25T20:30:00+00:00,-1909472,4286.190
46411,2015-08-25T20:45:00+00:00,-1908572,4286.178
46411,2015-08-25T21:00:00+00:00,-1907672,4286.173
46411,2015-08-25T21:15:00+00:00,-1906772,4286.171
46411,2015-08-25T21:30:00+00:00,-1905872,4286.192
46411,2015-08-25T21:45:00+00:00,-1904972,4286.203
46411,2015-08-25T22:00:00+00:00,-1904072,4286.220
46411,2015-08-25T22:15:00+00:00,-1903172,4286.242
46411,2015-08-25T22:30:00+00:00,-1902272,4286.270
46411,2015-08-25T22:45:00+00:00,-1901372,4286.306
46411,2015-08-25T23:00:00+00:00,-1900472,4286.343
46411,2015-08-25T23:15:00+00:00,-1899572,4286.388
46411,2015-08-25T23:30:00+00:00,-1898672,4286.436
46411,2015-08-25T23:45:00+00:00,-1897772,4286.486
46411,2015-08-26T00:00:00+00:00,-1896872,4286.539
46411,2015-08-26T00:15:00+00:00,-1895972,4286.595
46411,2015-08-26T00:30:00+00:00,-1895072,4286.649
46411,2015-08-26T00:45:00+00:00,-1894172,4286.704
46411,2015-08-26T01:00:00+00:00,-1893272,4286.757
46411,2015-08-26T01:15:00+00:00,-1892372,4286.813
46411,2015-08-26T01:30:00+00:00,-1891472,4286.863
46411,2015-08-26T01:45:00+00:00,-1890572,4286.907
46411,2015-08-26T02:00:00+00:00,-1889672,4286.948
46411,2015-08-26T02:15:00+00:00,-1888772,4286.985
46411,2015-08-26T02:30:00+00:00,-1887872,4287.014
46411,2015-08-26T02:45:00+00:00,-1886972,4287.037
46411,2015-08-26T03:00:00+00:00,-1886072,4287.049
46411,2015-08-26T03:15:00+00:00,-1885172,4287.057
46411,2015-08-26T03:30:00+00:00,-1884272,4287.058
46411,2015-08-26T03:45:00+00:00,-1883372,4287.046
46411,2015-08-26T04:00:00+00:00,-1882472,4287.028
46411,2015-08-26T04:15:00+00:00,-1881572,4287.002
46411,2015-08-26T04:30:00+00:00,-1880672,4286.965
46411,2015-08-26T04:45:00+00:00,-1879772,4286.919
46411,2015-08-26T05:00:00+00:00,-1878872,4286.866
46411,2015-08-26T05:15:00+00:00,-1877972,4286.806
46411,2015-08-26T05:30:00+00:00,-1877072,4286.738
46411,2015-08-26T05:45:00+00:00,-1876172,4286.664
46411,2015-08-26T06:00:00+00:00,-1875272,4286.585
46411,2015-08-26T06:15:00+00:00,-1874372,4286.503
46411,2015-08-26T06:30:00+00:00,-1873472,4286.415
46411,2015-08-26T06:45:00+00:00,-1872572,4286.326
46411,2015-08-26T07:00:00+00:00,-1871672,4286.234
46411,2015-08-26T07:15:00+00:00,-1870772,4286.141
46411,2015-08-26T07:30:00+00:00,-1869872,4286.051
46411,2015-08-26T07:45:00+00:00,-1868972,4285.960
46411,2015-08-26T08:00:00+00:00,-1868072,4285.872
46411,2015-08-26T08:15:00+00:00,-1867172,4285.788
46411,2015-08-26T08:30:00+00:00,-1866272,4285.710
46411,2015-08-26T08:45:00+00:00,-1865372,4285.640
46411,2015-08-26T09:00:00+00:00,-1864472,4285.574
46411,2015-08-26T09:15:00+00:00,-1863572,4285.519
46411,2015-08-26T09:30:00+00:00,-1862672,4285.470
46411,2015-08-26T09:45:00+00:00,-1861772,4285.430
46411,2015-08-26T10:00:00+00:00,-1860872,4285.401
46411,2015-08-26T10:15:00+00:00,-1859972,4285.383
46411,2015-08-26T10:30:00+00:00,-1859072,4285.374
46411,2015-08-26T10:45:00+00:00,-1858172,4285.373
46411,2015-08-26T11:00:00+00:00,-1857272,4285.382
46411,2015-08-26T11:15:00+00:00,-1856372,4285.398
46411,2015-08-26T11:30:00+00:00,-1855472,4285.425
46411,2015-08-26T11:45:00+00:00,-1854572,4285.461
46411,2015-08-26T12:00:00+00:00,-1853672,4285.503
46411,2015-08-26T12:15:00+00:00,-1852772,4285.554
46411,2015-08-26T12:30:00+00:00,-1851872,4285.610
46411,2015-08-26T12:45:00+00:00,-1850972,4285.671
46411,2015-08-26T13:00:00+00:00,-1850072,4285.739
46411,2015-08-26T13:15:00+00:00,-1849172,4285.809
46411,2015-08-26T13:30:00+00:00,-1848272,4285.884
46411,2015-08-26T13:45:00+00:00,-1847372,4285.959
46411,2015-08-26T14:00:00+00:00,-1846472,4286.034
46411,2015-08-26T14:15:00+00:00,-1845572,4286.106
46411,2015-08-26T14:30:00+00:00,-1844672,4286.179
46411,2015-08-26T14:45:00+00:00,-1843772,4286.249
46411,2015-08-26T15:00:00+00:00,-1842872,4286.315
46411,2015-08-26T15:15:00+00:00,-1841972,4286.374
46411,2015-08-26T15:30:00+00:00,-1841072,4286.430
46411,2015-08-26T15:45:00+00:00,-1840172,4286.481
46411,2015-08-26T16:00:00+00:00,-1839272,4286.523
46411,2015-08-26T16:15:00+00:00,-1838372,4286.560
46411,2015-08-26T16:30:00+00:00,-1837472,4286.591
46411,2015-08-26T16:45:00+00:00,-1836572,4286.612
46411,2015-08-26T17:00:00+00:00,-1835672,4286.628
46411,2015-08-26T17:15:00+00:00,-1834772,4286.634
46411,2015-08-26T17:30:00+00:00,-1833872,4286.636
46411,2015-08-26T17:45:00+00:00,-1832972,4286.628
46411,2015-08-26T18:00:00+00:00,-1832072,4286.615
46411,2015-08-26T18:15:00+00:00,-1831172,4286.595
46411,2015-08-26T18:30:00+00:00,-1830272,4286.569
46411,2015-08-26T18:45:00+00:00,-1829372,4286.539
46411,2015-08-26T19:00:00+00:00,-1828472,4286.507
46411,2015-08-26T19:15:00+00:00,-1827572,4286.472
46411,2015-08-26T19:30:00+00:00,-1826672,4286.436
46411,2015-08-26T19:45:00+00:00,-1825772,4286.400
46411,2015-08-26T20:00:00+00:00,-1824872,4286.362
46411,2015-08-26T20:15:00+00:00,-1823972,4286.324
46411,2015-08-26T20:30:00+00:00,-1823072,4286.288
46411,2015-08-26T20:45:00+00:00,-1822172,4286.252
46411,2015-08-26T21:00:00+00:00,-1821272,4286.221
46411,2015-08-26T21:15:00+00:00,-1820372,4286.195
46411,2015-08-26T21:30:00+00:00,-1819472,4286.173
46411,2015-08-26T21:45:00+00:00,-1818572,4286.156
46411,2015-08-26T22:00:00+00:00,-1817672,4286.147
46411,2015-08-26T22:15:00+00:00,-1816772,4286.143
46411,2015-08-26T22:30:00+00:00,-1815872,4286.148
46411,2015-08-26T22:45:00+00:00,-1814972,4286.157
46411,2015-08-26T23:00:00+00:00,-1814072,4286.177
46411,2015-08-26T23:15:00+00:00,-1813172,4286.203
46411,2015-08-26T23:30:00+00:00,-1812272,4286.233
46411,2015-08-26T23:45:00+00:00,-1811372,4286.273
46411,2015-08-27T00:00:00+00:00,-1810472,4286.319
46411,2015-08-27T00:15:00+00:00,-1809572,4286.368
46411,2015-08-27T00:30:00+00:00,-1808672,4286.424
46411,2015-08-27T00:45:00+00:00,-1807772,4286.481
46411,2015-08-27T01:00:00+00:00,-1806872,4286.541
46411,2015-08-27T01:15:00+00:00,-1805972,4286.604
46411,2015-08-27T01:30:00+00:00,-1805072,4286.668
46411,2015-08-27T01:45:00+00:00,-1804172,4286.731
46411,2015-08-27T02:00:00+00:00,-1803272,4286.793
46411,2015-08-27T02:15:00+00:00,-1802372,4286.854
46411,2015-08-27T02:30:00+00:00,-1801472,4286.910
46411,2015-08-27T02:45:00+00:00,-1800572,4286.963
46411,2015-08-27T03:00:00+00:00,-1799672,4287.011
46411,2015-08-27T03:15:00+00:00,-1798772,4287.050
46411,2015-08-27T03:30:00+00:00,-1797872,4287.081
46411,2015-08-27T03:45:00+00:00,-1796972,4287.106
46411,2015-08-27T04:00:00+00:00,-1796072,4287.119
46411,2015-08-27T04:15:00+00:00,-1795172,4287.127
46411,2015-08-27T04:30:00+00:00,-1794272,4287.120
46411,2015-08-27T04:45:00+00:00,-1793372,4287.106
46411,2015-08-27T05:00:00+00:00,-1792472,4287.082
46411,2015-08-27T05:15:00+00:00,-1791572,4287.048
46411,2015-08-27T05:30:00+00:00,-1790672,4287.000
46411,2015-08-27T05:45:00+00:00,-1789772,4286.947
46411,2015-08-27T06:00:00+00:00,-1788872,4286.884
46411,2015-08-27T06:15:00+00:00,-1787972,4286.812
46411,2015-08-27T06:30:00+00:00,-1787072,4286.731
46411,2015-08-27T06:45:00+00:00,-1786172,4286.646
46411,2015-08-27T07:00:00+00:00,-1785272,4286.552
46411,2015-08-27T07:15:00+00:00,-1784372,4286.454
46411,2015-08-27T07:30:00+00:00,-1783472,4286.353
46411,2015-08-27T07:45:00+00:00,-1782572,4286.249
46411,2015-08-27T08:00:00+00:00,-1781672,4286.145
46411,2015-08-27T08:15:00+00:00,-1780772,4286.041
46411,2015-08-27T08:30:00+00:00,-1779872,4285.938
46411,2015-08-27T08:45:00+00:00,-1778972,4285.841
46411,2015-08-27T09:00:00+00:00,-1778072,4285.747
46411,2015-08-27T09:15:00+00:00,-1777172,4285.657
46411,2015-08-27T09:30:00+00:00,-1776272,4285.575
46411,2015-08-27T09:45:00+00:00,-1775372,4285.502
46411,2015-08-27T10:00:00+00:00,-1774472,4285.439
46411,2015-08-27T10:15:00+00:00,-1773572,4285.381
46411,2015-08-27T10:30:00+00:00,-1772672,4285.334
46411,2015-08-27T10:45:00+00:00,-1771772,4285.299
46411,2015-08-27T11:00:00+00:00,-1770872,4285.271
46411,2015-08-27T11:15:00+00:00,-1769972,4285.257
46411,2015-08-27T11:30:00+00:00,-1769072,4285.255
46411,2015-08-27T11:45:00+00:00,-1768172,4285.264
46411,2015-08-27T12:00:00+00:00,-1767272,4285.282
46411,2015-08-27T12:15:00+00:00,-1766372,4285.312
46411,2015-08-27T12:30:00+00:00,-1765472,4285.354
46411,2015-08-27T12:45:00+00:00,-1764572,4285.404
46411,2015-08-27T13:00:00+00:00,-1763672,4285.464
46411,2015-08-27T13:15:00+00:00,-1762772,4285.531
46411,2015-08-27T13:30:00+00:00,-1761872,4285.605
46411,2015-08-27T13:45:00+00:00,-1760972,4285.685
46411,2015-08-27T14:00:00+00:00,-1760072,4285.769
46411,2015-08-27T14:15:00+00:00,-1759172,4285.857
46411,2015-08-27T14:30:00+00:00,-1758272,4285.942
46411,2015-08-27T14:45:00+00:00,-1757372,4286.027
46411,2015-08-27T15:00:00+00:00,-1756472,4286.111
46411,2015-08-27T15:15:00+00:00,-1755572,4286.195
46411,2015-08-27T15:30:00+00:00,-1754672,4286.277
46411,2015-08-27T15:45:00+00:00,-1753772,4286.353
46411,2015-08-27T16:00:00+00:00,-1752872,4286.423
46411,2015-08-27T16:15:00+00:00,-1751972,4286.489
46411,2015-08-27T16:30:00+00:00,-1751072,4286.545
46411,2015-08-27T16:45:00+00:00,-1750172,4286.597
46411,2015-08-27T17:00:00+00:00,-1749272,4286.639
46411,2015-08-27T17:15:00+00:00,-1748372,4286.672
46411,2015-08-27T17:30:00+00:00,-1747472,4286.698
46411,2015-08-27T17:45:00+00:00,-1746572,4286.713
46411,2015-08-27T18:00:00+00:00,-1745672,4286.721
46411,2015-08-27T18:15:00+00:00,-1744772,4286.718
46411,2015-08-27T18:30:00+00:00,-1743872,4286.704
46411,2015-08-27T18:45:00+00:00,-1742972,4286.680
46411,2015-08-27T19:00:00+00:00,-1742072,4286.656
46411,2015-08-27T19:15:00+00:00,-1741172,4286.623
46411,2015-08-27T19:30:00+00:00,-1740272,4286.585
46411,2015-08-27T19:45:00+00:00,-1739372,4286.544
46411,2015-08-27T20:00:00+00:00,-1738472,4286.498
46411,2015-08-27T20:15:00+00:00,-1737572,4286.450
46411,2015-08-27T20:30:00+00:00,-1736672,4286.402
46411,2015-08-27T20:45:00+00:00,-1735772,4286.350
46411,2015-08-27T21:00:00+00:00,-1734872,4286.297
46411,2015-08-27T21:15:00+00:00,-1733972,4286.247
46411,2015-08-27T21:30:00+00:00,-1733072,4286.198
46411,2015-08-27T21:45:00+00:00,-1732172,4286.154
46411,2015-08-27T22:00:00+00:00,-1731272,4286.117
46411,2015-08-27T22:15:00+00:00,-1730372,4286.084
46411,2015-08-27T22:30:00+00:00,-1729472,4286.063
46411,2015-08-27T22:45:00+00:00,-1728572,4286.048
46411,2015-08-27T23:00:00+00:00,-1727672,4286.040
46411,2015-08-27T23:15:00+00:00,-1726772,4286.038
46411,2015-08-27T23:30:00+00:00,-1725872,4286.046
46411,2015-08-27T23:45:00+00:00,-1724972,4286.063
46411,2015-08-28T00:00:00+00:00,-1724072,4286.086
46411,2015-08-28T00:15:00+00:00,-1723172,4286.118
46411,2015-08-28T00:30:00+00:00,-1722272,4286.159
46411,2015-08-28T00:45:00+00:00,-1721372,4286.207
46411,2015-08-28T01:00:00+00:00,-1720472,4286.264
46411,2015-08-28T01:15:00+00:00,-1719572,4286.324
46411,2015-08-28T01:30:00+00:00,-1718672,4286.390
46411,2015-08-28T01:45:00+00:00,-1717772,4286.460
46411,2015-08-28T02:00:00+00:00,-1716872,4286.532
46411,2015-08-28T02:15:00+00:00,-1715972,4286.607
46411,2015-08-28T02:30:00+00:00,-1715072,4286.682
46411,2015-08-28T02:45:00+00:00,-1714172,4286.758
46411,2015-08-28T03:00:00+00:00,-1713272,4286.830
46411,2015-08-28T03:15:00+00:00,-1712372,4286.900
46411,2015-08-28T03:30:00+00:00,-1711472,4286.964
46411,2015-08-28T03:45:00+00:00,-1710572,4287.025
46411,2015-08-28T04:00:00+00:00,-1709672,4287.078
46411,2015-08-28T04:15:00+00:00,-1708772,4287.119
46411,2015-08-28T04:30:00+00:00,-1707872,4287.149
46411,2015-08-28T04:45:00+00:00,-1706972,4287.170
46411,2015-08-28T05:00:00+00:00,-1706072,4287.181
46411,2015-08-28T05:15:00+00:00,-1705172,4287.181
46411,2015-08-28T05:30:00+00:00,-1704272,4287.173
46411,2015-08-28T05:45:00+00:00,-1703372,4287.151
46411,2015-08-28T06:00:00+00:00,-1702472,4287.117
46411,2015-08-28T06:15:00+00:00,-1701572,4287.071
46411,2015-08-28T06:30:00+00:00,-1700672,4287.016
46411,2015-08-28T06:45:00+00:00,-1699772,4286.949
46411,2015-08-28T07:00:00+00:00,-1698872,4286.871
46411,2015-08-28T07:15:00+00:00,-1697972,4286.785
46411,2015-08-28T07:30:00+00:00,-1697072,4286.690
46411,2015-08-28T07:45:00+00:00,-1696172,4286.590
46411,2015-08-28T08:00:00+00:00,-1695272,4286.487
46411,2015-08-28T08:15:00+00:00,-1694372,4286.377
46411,2015-08-28T08:30:00+00:00,-1693472,4286.265
46411,2015-08-28T08:45:00+00:00,-1692572,4286.152
46411,2015-08-28T09:00:00+00:00,-1691672,4286.039
46411,2015-08-28T09:15:00+00:00,-1690772,4285.926
46411,2015-08-28T09:30:00+00:00,-1689872,4285.822
46411,2015-08-28T09:45:00+00:00,-1688972,4285.719
46411,2015-08-28T10:00:00+00:00,-1688072,4285.621
46411,2015-08-28T10:15:00+00:00,-1687172,4285.530
46411,2015-08-28T10:30:00+00:00,-1686272,4285.449
46411,2015-08-28T10:45:00+00:00,-1685372,4285.373
46411,2015-08-28T11:00:00+00:00,-1684472,4285.310
46411,2015-08-28T11:15:00+00:00,-1683572,4285.257
46411,2015-08-28T11:30:00+00:00,-1682672,4285.215
46411,2015-08-28T11:45:00+00:00,-1681772,4285.188
46411,2015-08-28T12:00:00+00:00,-1680872,4285.174
46411,2015-08-28T12:15:00+00:00,-1679972,4285.171
46411,2015-08-28T12:30:00+00:00,-1679072,4285.182
46411,2015-08-28T12:45:00+00:00,-1678172,4285.204
46411,2015-08-28T13:00:00+00:00,-1677272,4285.240
46411,2015-08-28T13:15:00+00:00,-1676372,4285.288
46411,2015-08-28T13:30:00+00:00,-1675472,4285.348
46411,2015-08-28T13:45:00+00:00,-1674572,4285.417
46411,2015-08-28T14:00:00+00:00,-1673672,4285.492
46411,2015-08-28T14:15:00+00:00,-1672772,4285.574
46411,2015-08-28T14:30:00+00:00,-1671872,4285.664
46411,2015-08-28T14:45:00+00:00,-1670972,4285.756
46411,2015-08-28T15:00:00+00:00,-1670072,4285.854
46411,2015-08-28T15:15:00+00:00,-1669172,4285.951
46411,2015-08-28T15:30:00+00:00,-1668272,4286.048
46411,2015-08-28T15:45:00+00:00,-1667372,4286.146
46411,2015-08-28T16:00:00+00:00,-1666472,4286.239
46411,2015-08-28T16:15:00+00:00,-1665572,4286.329
46411,2015-08-28T16:30:00+00:00,-1664672,4286.412
46411,2015-08-28T16:45:00+00:00,-1663772,4286.492
46411,2015-08-28T17:00:00+00:00,-1662872,4286.563
46411,2015-08-28T17:15:00+00:00,-1661972,4286.626
46411,2015-08-28T17:30:00+00:00,-1661072,4286.676
46411,2015-08-28T17:45:00+00:00,-1660172,4286.723
46411,2015-08-28T18:00:00+00:00,-1659272,4286.755
46411,2015-08-28T18:15:00+00:00,-1658372,4286.780
46411,2015-08-28T18:30:00+00:00,-1657472,4286.794
46411,2015-08-28T18:45:00+00:00,-1656572,4286.797
46411,2015-08-28T19:00:00+00:00,-1655672,4286.786
46411,2015-08-28T19:15:00+00:00,-1654772,4286.770
46411,2015-08-28T19:30:00+00:00,-1653872,4286.745
46411,2015-08-28T19:45:00+00:00,-1652972,4286.710
46411,2015-08-28T20:00:00+00:00,-1652072,4286.665
46411,2015-08-28T20:15:00+00:00,-1651172,4286.617
46411,2015-08-28T20:30:00+00:00,-1650272,4286.563
46411,2015-08-28T20:45:00+00:00,-1649372,4286.504
46411,2015-08-28T21:00:00+00:00,-1648472,4286.442
46411,2015-08-28T21:15:00+00:00,-1647572,4286.375
46411,2015-08-28T21:30:00+00:00,-1646672,4286.309
46411,2015-08-28T21:45:00+00:00,-1645772,4286.243
46411,2015-08-28T22:00:00+00:00,-1644872,4286.178
46411,2015-08-28T22:15:00+00:00,-1643972,4286.120
46411,2015-08-28T22:30:00+00:00,-1643072,4286.065
46411,2015-08-28T22:45:00+00:00,-1642172,4286.017
46411,2015-08-28T23:00:00+00:00,-1641272,4285.974
46411,2015-08-28T23:15:00+00:00,-1640372,4285.943
46411,2015-08-28T23:30:00+00:00,-1639472,4285.920
46411,2015-08-28T23:45:00+00:00,-1638572,4285.904
46411,2015-08-29T00:00:00+00:00,-1637672,4285.898
46411,2015-08-29T00:15:00+00:00,-1636772,4285.906
46411,2015-08-29T00:30:00+00:00,-1635872,4285.920
46411,2015-08-29T00:45:00+00:00,-1634972,4285.946
46411,2015-08-29T01:00:00+00:00,-1634072,4285.978
46411,2015-08-29T01:15:00+00:00,-1633172,4286.021
46411,2015-08-29T01:30:00+00:00,-1632272,4286.070
46411,2015-08-29T01:45:00+00:00,-1631372,4286.128
46411,2015-08-29T02:00:00+00:00,-1630472,4286.197
46411,2015-08-29T02:15:00+00:00,-1629572,4286.270
46411,2015-08-29T02:30:00+00:00,-1628672,4286.350
46411,2015-08-29T02:45:00+00:00,-1627772,4286.433
46411,2015-08-29T03:00:00+00:00,-1626872,4286.520
46411,2015-08-29T03:15:00+00:00,-1625972,4286.606
46411,2015-08-29T03:30:00+00:00,-1625072,4286.695
46411,2015-08-29T03:45:00+00:00,-1624172,4286.779
46411,2015-08-29T04:00:00+00:00,-1623272,4286.859
46411,2015-08-29T04:15:00+00:00,-1622372,4286.932
46411,2015-08-29T04:30:00+00:00,-1621472,4287.005
46411,2015-08-29T04:45:00+00:00,-1620572,4287.062
46411,2015-08-29T05:00:00+00:00,-1619672,4287.115
46411,2015-08-29T05:15:00+00:00,-1618772,4287.155
46411,2015-08-29T05:30:00+00:00,-1617872,4287.184
46411,2015-08-29T05:45:00+00:00,-1616972,4287.203
46411,2015-08-29T06:00:00+00:00,-1616072,4287.206
46411,2015-08-29T06:15:00+00:00,-1615172,4287.201
46411,2015-08-29T06:30:00+00:00,-1614272,4287.181
46411,2015-08-29T06:45:00+00:00,-1613372,4287.152
46411,2015-08-29T07:00:00+00:00,-1612472,4287.109
46411,2015-08-29T07:15:00+00:00,-1611572,4287.053
46411,2015-08-29T07:30:00+00:00,-1610672,4286.986
46411,2015-08-29T07:45:00+00:00,-1609772,4286.913
46411,2015-08-29T08:00:00+00:00,-1608872,4286.825
46411,2015-08-29T08:15:00+00:00,-1607972,4286.729
46411,2015-08-29T08:30:00+00:00,-1607072,4286.628
46411,2015-08-29T08:45:00+00:00,-1606172,4286.519
46411,2015-08-29T09:00:00+00:00,-1605272,4286.404
46411,2015-08-29T09:15:00+00:00,-1604372,4286.283
46411,2015-08-29T09:30:00+00:00,-1603472,4286.165
46411,2015-08-29T09:45:00+00:00,-1602572,4286.050
46411,2015-08-29T10:00:00+00:00,-1601672,4285.934
46411,2015-08-29T10:15:00+00:00,-1600772,4285.822
46411,2015-08-29T10:30:00+00:00,-1599872,4285.714
46411,2015-08-29T10:45:00+00:00,-1598972,4285.612
46411,2015-08-29T11:00:00+00:00,-1598072,4285.516
46411,2015-08-29T11:15:00+00:00,-1597172,4285.433
46411,2015-08-29T11:30:00+00:00,-1596272,4285.357
46411,2015-08-29T11:45:00+00:00,-1595372,4285.291
46411,2015-08-29T12:00:00+00:00,-1594472,4285.243
46411,2015-08-29T12:15:00+00:00,-1593572,4285.200
46411,2015-08-29T12:30:00+00:00,-1592672,4285.174
46411,2015-08-29T12:45:00+00:00,-1591772,4285.165
46411,2015-08-29T13:00:00+00:00,-1590872,4285.166
46411,2015-08-29T13:15:00+00:00,-1589972,4285.177
46411,2015-08-29T13:30:00+00:00,-1589072,4285.202
46411,2015-08-29T13:45:00+00:00,-1588172,4285.244
46411,2015-08-29T14:00:00+00:00,-1587272,4285.298
46411,2015-08-29T14:15:00+00:00,-1586372,4285.362
46411,2015-08-29T14:30:00+00:00,-1585472,4285.439
46411,2015-08-29T14:45:00+00:00,-1584572,4285.523
46411,2015-08-29T15:00:00+00:00,-1583672,4285.618
46411,2015-08-29T15:15:00+00:00,-1582772,4285.716
46411,2015-08-29T15:30:00+00:00,-1581872,4285.818
46411,2015-08-29T15:45:00+00:00,-1580972,4285.923
46411,2015-08-29T16:00:00+00:00,-1580072,4286.028
46411,2015-08-29T16:15:00+00:00,-1579172,4286.130
46411,2015-08-29T16:30:00+00:00,-1578272,4286.232
46411,2015-08-29T16:45:00+00:00,-1577372,4286.333
46411,2015-08-29T17:00:00+00:00,-1576472,4286.426
46411,2015-08-29T17:15:00+00:00,-1575572,4286.519
46411,2015-08-29T17:30:00+00:00,-1574672,4286.600
46411,2015-08-29T17:45:00+00:00,-1573772,4286.676
46411,2015-08-29T18:00:00+00:00,-1572872,4286.741
46411,2015-08-29T18:15:00+00:00,-1571972,4286.794
46411,2015-08-29T18:30:00+00:00,-1571072,4286.839
46411,2015-08-29T18:45:00+00:00,-1570172,4286.872
46411,2015-08-29T19:00:00+00:00,-1569272,4286.892
46411,2015-08-29T19:15:00+00:00,-1568372,4286.901
46411,2015-08-29T19:30:00+00:00,-1567472,4286.898
46411,2015-08-29T19:45:00+00:00,-1566572,4286.881
46411,2015-08-29T20:00:00+00:00,-1565672,4286.855
46411,2015-08-29T20:15:00+00:00,-1564772,4286.817
46411,2015-08-29T20:30:00+00:00,-1563872,4286.767
46411,2015-08-29T20:45:00+00:00,-1562972,4286.710
46411,2015-08-29T21:00:00+00:00,-1562072,4286.647
46411,2015-08-29T21:15:00+00:00,-1561172,4286.579
46411,2015-08-29T21:30:00+00:00,-1560272,4286.506
46411,2015-08-29T21:45:00+00:00,-1559372,4286.430
46411,2015-08-29T22:00:00+00:00,-1558472,4286.351
46411,2015-08-29T22:15:00+00:00,-1557572,4286.269
46411,2015-08-29T22:30:00+00:00,-1556672,4286.192
46411,2015-08-29T22:45:00+00:00,-1555772,4286.116
46411,2015-08-29T23:00:00+00:00,-1554872,4286.044
46411,2015-08-29T23:15:00+00:00,-1553972,4285.977
46411,2015-08-29T23:30:00+00:00,-1553072,4285.914
46411,2015-08-29T23:45:00+00:00,-1552172,4285.863
46411,2015-08-30T00:00:00+00:00,-1551272,4285.820
46411,2015-08-30T00:15:00+00:00,-1550372,4285.786
46411,2015-08-30T00:30:00+00:00,-1549472,4285.762
46411,2015-08-30T00:45:00+00:00,-1548572,4285.746
46411,2015-08-30T01:00:00+00:00,-1547672,4285.746
46411,2015-08-30T01:15:00+00:00,-1546772,4285.753
46411,2015-08-30T01:30:00+00:00,-1545872,4285.773
46411,2015-08-30T01:45:00+00:00,-1544972,4285.804
46411,2015-08-30T02:00:00+00:00,-1544072,4285.845
46411,2015-08-30T02:15:00+00:00,-1543172,4285.901
46411,2015-08-30T02:30:00+00:00,-1542272,4285.964
46411,2015-08-30T02:45:00+00:00,-1541372,4286.038
46411,2015-08-30T03:00:00+00:00,-1540472,4286.118
46411,2015-08-30T03:15:00+00:00,-1539572,4286.204
46411,2015-08-30T03:30:00+00:00,-1538672,4286.296
46411,2015-08-30T03:45:00+00:00,-1537772,4286.387
46411,2015-08-30T04:00:00+00:00,-1536872,4286.480
46411,2015-08-30T04:15:00+00:00,-1535972,4286.574
46411,2015-08-30T04:30:00+00:00,-1535072,4286.663
46411,2015-08-30T04:45:00+00:00,-1534172,4286.750
46411,2015-08-30T05:00:00+00:00,-1533272,4286.834
46411,2015-08-30T05:15:00+00:00,-1532372,4286.908
46411,2015-08-30T05:30:00+00:00,-1531472,4286.974
46411,2015-08-30T05:45:00+00:00,-1530572,4287.035
46411,2015-08-30T06:00:00+00:00,-1529672,4287.085
46411,2015-08-30T06:15:00+00:00,-1528772,4287.126
46411,2015-08-30T06:30:00+00:00,-1527872,4287.155
46411,2015-08-30T06:45:00+00:00,-1526972,4287.169
46411,2015-08-30T07:00:00+00:00,-1526072,4287.171
46411,2015-08-30T07:15:00+00:00,-1525172,4287.162
46411,2015-08-30T07:30:00+00:00,-1524272,4287.138
46411,2015-08-30T07:45:00+00:00,-1523372,4287.100
46411,2015-08-30T08:00:00+00:00,-1522472,4287.050
46411,2015-08-30T08:15:00+00:00,-1521572,4286.988
46411,2015-08-30T08:30:00+00:00,-1520672,4286.914
46411,2015-08-30T08:45:00+00:00,-1519772,4286.833
46411,2015-08-30T09:00:00+00:00,-1518872,4286.742
46411,2015-08-30T09:15:00+00:00,-1517972,4286.643
46411,2015-08-30T09:30:00+00:00,-1517072,4286.537
46411,2015-08-30T09:45:00+00:00,-1516172,4286.423
46411,2015-08-30T10:00:00+00:00,-1515272,4286.310
46411,2015-08-30T10:15:00+00:00,-1514372,4286.190
46411,2015-08-30T10:30:00+00:00,-1513472,4286.074
46411,2015-08-30T10:45:00+00:00,-1512572,4285.957
46411,2015-08-30T11:00:00+00:00,-1511672,4285.842
46411,2015-08-30T11:15:00+00:00,-1510772,4285.733
46411,2015-08-30T11:30:00+00:00,-1509872,4285.627
46411,2015-08-30T11:45:00+00:00,-1508972,4285.531
46411,2015-08-30T12:00:00+00:00,-1508072,4285.440
46411,2015-08-30T12:15:00+00:00,-1507172,4285.364
46411,2015-08-30T12:30:00+00:00,-1506272,4285.300
46411,2015-08-30T12:45:00+00:00,-1505372,4285.247
46411,2015-08-30T13:00:00+00:00,-1504472,4285.212
46411,2015-08-30T13:15:00+00:00,-1503572,4285.189
46411,2015-08-30T13:30:00+00:00,-1502672,4285.180
46411,2015-08-30T13:45:00+00:00,-1501772,4285.187
46411,2015-08-30T14:00:00+00:00,-1500872,4285.205
46411,2015-08-30T14:15:00+00:00,-1499972,4285.238
46411,2015-08-30T14:30:00+00:00,-1499072,4285.282
46411,2015-08-30T14:45:00+00:00,-1498172,4285.342
46411,2015-08-30T15:00:00+00:00,-1497272,4285.410
46411,2015-08-30T15:15:00+00:00,-1496372,4285.490
46411,2015-08-30T15:30:00+00:00,-1495472,4285.581
46411,2015-08-30T15:45:00+00:00,-1494572,4285.683
46411,2015-08-30T16:00:00+00:00,-1493672,4285.787
46411,2015-08-30T16:15:00+00:00,-1492772,4285.896
46411,2015-08-30T16:30:00+00:00,-1491872,4286.008
46411,2015-08-30T16:45:00+00:00,-1490972,4286.118
46411,2015-08-30T17:00:00+00:00,-1490072,4286.230
46411,2015-08-30T17:15:00+00:00,-1489172,4286.340
46411,2015-08-30T17:30:00+00:00,-1488272,4286.445
46411,2015-08-30T17:45:00+00:00,-1487372,4286.543
46411,2015-08-30T18:00:00+00:00,-1486472,4286.635
46411,2015-08-30T18:15:00+00:00,-1485572,4286.718
46411,2015-08-30T18:30:00+00:00,-1484672,4286.789
46411,2015-08-30T18:45:00+00:00,-1483772,4286.854
46411,2015-08-30T19:00:00+00:00,-1482872,4286.904
46411,2015-08-30T19:15:00+00:00,-1481972,4286.939
46411,2015-08-30T19:30:00+00:00,-1481072,4286.967
46411,2015-08-30T19:45:00+00:00,-1480172,4286.983
46411,2015-08-30T20:00:00+00:00,-1479272,4286.988
46411,2015-08-30T20:15:00+00:00,-1478372,4286.979
46411,2015-08-30T20:30:00+00:00,-1477472,4286.958
46411,2015-08-30T20:45:00+00:00,-1476572,4286.924
46411,2015-08-30T21:00:00+00:00,-1475672,4286.876
46411,2015-08-30T21:15:00+00:00,-1474772,4286.820
46411,2015-08-30T21:30:00+00:00,-1473872,4286.756
46411,2015-08-30T21:45:00+00:00,-1472972,4286.679
46411,2015-08-30T22:00:00+00:00,-1472072,4286.602
46411,2015-08-30T22:15:00+00:00,-1471172,4286.516
46411,2015-08-30T22:30:00+00:00,-1470272,4286.431
46411,2015-08-30T22:45:00+00:00,-1469372,4286.340
46411,2015-08-30T23:00:00+00:00,-1468472,4286.249
46411,2015-08-30T23:15:00+00:00,-1467572,4286.162
46411,2015-08-30T23:30:00+00:00,-1466672,4286.075
46411,2015-08-30T23:45:00+00:00,-1465772,4285.990
46411,2015-08-31T00:00:00+00:00,-1464872,4285.911
46411,2015-08-31T00:15:00+00:00,-1463972,4285.839
46411,2015-08-31T00:30:00+00:00,-1463072,4285.774
46411,2015-08-31T00:45:00+00:00,-1462172,4285.723
46411,2015-08-31T01:00:00+00:00,-1461272,4285.679
46411,2015-08-31T01:15:00+00:00,-1460372,4285.644
46411,2015-08-31T01:30:00+00:00,-1459472,4285.617
46411,2015-08-31T01:45:00+00:00,-1458572,4285.610
46411,2015-08-31T02:00:00+00:00,-1457672,4285.612
46411,2015-08-31T02:15:00+00:00,-1456772,4285.627
46411,2015-08-31T02:30:00+00:00,-1455872,4285.654
46411,2015-08-31T02:45:00+00:00,-1454972,4285.692
46411,2015-08-31T03:00:00+00:00,-1454072,4285.742
46411,2015-08-31T03:15:00+00:00,-1453172,4285.803
46411,2015-08-31T03:30:00+00:00,-1452272,4285.876
46411,2015-08-31T03:45:00+00:00,-1451372,4285.956
46411,2015-08-31T04:00:00+00:00,-1450472,4286.044
46411,2015-08-31T04:15:00+00:00,-1449572,4286.137
46411,2015-08-31T04:30:00+00:00,-1448672,4286.229
46411,2015-08-31T04:45:00+00:00,-1447772,4286.327
46411,2015-08-31T05:00:00+00:00,-1446872,4286.422
46411,2015-08-31T05:15:00+00:00,-1445972,4286.516
46411,2015-08-31T05:30:00+00:00,-1445072,4286.608
46411,2015-08-31T05:45:00+00:00,-1444172,4286.697
46411,2015-08-31T06:00:00+00:00,-1443272,4286.778
46411,2015-08-31T06:15:00+00:00,-1442372,4286.851
46411,2015-08-31T06:30:00+00:00,-1441472,4286.918
46411,2015-08-31T06:45:00+00:00,-1440572,4286.976
46411,2015-08-31T07:00:00+00:00,-1439672,4287.024
46411,2015-08-31T07:15:00+00:00,-1438772,4287.064
46411,2015-08-31T07:30:00+00:00,-1437872,4287.089
46411,2015-08-31T07:45:00+00:00,-1436972,4287.100
46411,2015-08-31T08:00:00+00:00,-1436072,4287.096
46411,2015-08-31T08:15:00+00:00,-1435172,4287.076
46411,2015-08-31T08:30:00+00:00,-1434272,4287.049
46411,2015-08-31T08:45:00+00:00,-1433372,4287.008
46411,2015-08-31T09:00:00+00:00,-1432472,4286.953
46411,2015-08-31T09:15:00+00:00,-1431572,4286.891
46411,2015-08-31T09:30:00+00:00,-1430672,4286.816
46411,2015-08-31T09:45:00+00:00,-1429772,4286.730
46411,2015-08-31T10:00:00+00:00,-1428872,4286.638
46411,2015-08-31T10:15:00+00:00,-1427972,4286.540
46411,2015-08-31T10:30:00+00:00,-1427072,4286.436
46411,2015-08-31T10:45:00+00:00,-1426172,4286.328
46411,2015-08-31T11:00:00+00:00,-1425272,4286.218
46411,2015-08-31T11:15:00+00:00,-1424372,4286.106
46411,2015-08-31T11:30:00+00:00,-1423472,4285.993
46411,2015-08-31T11:45:00+00:00,-1422572,4285.883
46411,2015-08-31T12:00:00+00:00,-1421672,4285.778
46411,2015-08-31T12:15:00+00:00,-1420772,4285.683
46411,2015-08-31T12:30:00+00:00,-1419872,4285.593
46411,2015-08-31T12:45:00+00:00,-1418972,4285.514
46411,2015-08-31T13:00:00+00:00,-1418072,4285.443
46411,2015-08-31T13:15:00+00:00,-1417172,4285.382
46411,2015-08-31T13:30:00+00:00,-1416272,4285.336
46411,2015-08-31T13:45:00+00:00,-1415372,4285.302
46411,2015-08-31T14:00:00+00:00,-1414472,4285.283
46411,2015-08-31T14:15:00+00:00,-1413572,4285.277
46411,2015-08-31T14:30:00+00:00,-1412672,4285.284
46411,2015-08-31T14:45:00+00:00,-1411772,4285.308
46411,2015-08-31T15:00:00+00:00,-1410872,4285.343
46411,2015-08-31T15:15:00+00:00,-1409972,4285.394
46411,2015-08-31T15:30:00+00:00,-1409072,4285.458
46411,2015-08-31T15:45:00+00:00,-1408172,4285.526
46411,2015-08-31T16:00:00+00:00,-1407272,4285.610
46411,2015-08-31T16:15:00+00:00,-1406372,4285.704
46411,2015-08-31T16:30:00+00:00,-1405472,4285.803
46411,2015-08-31T16:45:00+00:00,-1404572,4285.907
46411,2015-08-31T17:00:00+00:00,-1403672,4286.020
46411,2015-08-31T17:15:00+00:00,-1402772,4286.132
46411,2015-08-31T17:30:00+00:00,-1401872,4286.243
46411,2015-08-31T17:45:00+00:00,-1400972,4286.352
46411,2015-08-31T18:00:00+00:00,-1400072,4286.460
46411,2015-08-31T18:15:00+00:00,-1399172,4286.563
46411,2015-08-31T18:30:00+00:00,-1398272,4286.662
46411,2015-08-31T18:45:00+00:00,-1397372,4286.750
46411,2015-08-31T19:00:00+00:00,-1396472,4286.834
46411,2015-08-31T19:15:00+00:00,-1395572,4286.907
46411,2015-08-31T19:30:00+00:00,-1394672,4286.968
46411,2015-08-31T19:45:00+00:00,-1393772,4287.020
46411,2015-08-31T20:00:00+00:00,-1392872,4287.055
46411,2015-08-31T20:15:00+00:00,-1391972,4287.081
46411,2015-08-31T20:30:00+00:00,-1391072,4287.091
46411,2015-08-31T20:45:00+00:00,-1390172,4287.089
46411,2015-08-31T21:00:00+00:00,-1389272,4287.075
46411,2015-08-31T21:15:00+00:00,-1388372,4287.049
46411,2015-08-31T21:30:00+00:00,-1387472,4287.009
46411,2015-08-31T21:45:00+00:00,-1386572,4286.955
46411,2015-08-31T22:00:00+00:00,-1385672,4286.893
46411,2015-08-31T22:15:00+00:00,-1384772,4286.817
46411,2015-08-31T22:30:00+00:00,-1383872,4286.736
46411,2015-08-31T22:45:00+00:00,-1382972,4286.651
46411,2015-08-31T23:00:00+00:00,-1382072,4286.557
46411,2015-08-31T23:15:00+00:00,-1381172,4286.457
46411,2015-08-31T23:30:00+00:00,-1380272,4286.356
46411,2015-08-31T23:45:00+00:00,-1379372,4286.260
46411,2015-09-01T00:00:00+00:00,-1378472,4286.159
46411,2015-09-01T00:15:00+00:00,-1377572,4286.061
46411,2015-09-01T00:30:00+00:00,-1376672,4285.968
46411,2015-09-01T00:45:00+00:00,-1375772,4285.881
46411,2015-09-01T01:00:00+00:00,-1374872,4285.797
46411,2015-09-01T01:15:00+00:00,-1373972,4285.724
46411,2015-09-01T01:30:00+00:00,-1373072,4285.659
46411,2015-09-01T01:45:00+00:00,-1372172,4285.605
46411,2015-09-01T02:00:00+00:00,-1371272,4285.564
46411,2015-09-01T02:15:00+00:00,-1370372,4285.532
46411,2015-09-01T02:30:00+00:00,-1369472,4285.517
46411,2015-09-01T02:45:00+00:00,-1368572,4285.515
46411,2015-09-01T03:00:00+00:00,-1367672,4285.524
46411,2015-09-01T03:15:00+00:00,-1366772,4285.544
46411,2015-09-01T03:30:00+00:00,-1365872,4285.578
46411,2015-09-01T03:45:00+00:00,-1364972,4285.624
46411,2015-09-01T04:00:00+00:00,-1364072,4285.681
46411,2015-09-01T04:15:00+00:00,-1363172,4285.749
46411,2015-09-01T04:30:00+00:00,-1362272,4285.826
46411,2015-09-01T04:45:00+00:00,-1361372,4285.907
46411,2015-09-01T05:00:00+00:00,-1360472,4285.994
46411,2015-09-01T05:15:00+00:00,-1359572,4286.083
46411,2015-09-01T05:30:00+00:00,-1358672,4286.175
46411,2015-09-01T05:45:00+00:00,-1357772,4286.270
46411,2015-09-01T06:00:00+00:00,-1356872,4286.361
46411,2015-09-01T06:15:00+00:00,-1355972,4286.456
46411,2015-09-01T06:30:00+00:00,-1355072,4286.546
46411,2015-09-01T06:45:00+00:00,-1354172,4286.646
46411,2015-09-01T07:00:00+00:00,-1353272,4286.723
46411,2015-09-01T07:15:00+00:00,-1352372,4286.794
46411,2015-09-01T07:30:00+00:00,-1351472,4286.854
46411,2015-09-01T07:45:00+00:00,-1350572,4286.908
46411,2015-09-01T08:00:00+00:00,-1349672,4286.950
46411,2015-09-01T08:15:00+00:00,-1348772,4286.982
46411,2015-09-01T08:30:00+00:00,-1347872,4287.002
46411,2015-09-01T08:45:00+00:00,-1346972,4287.009
46411,2015-09-01T09:00:00+00:00,-1346072,4287.000
46411,2015-09-01T09:15:00+00:00,-1345172,4286.983
46411,2015-09-01T09:30:00+00:00,-1344272,4286.952
46411,2015-09-01T09:45:00+00:00,-1343372,4286.909
46411,2015-09-01T10:00:00+00:00,-1342472,4286.858
46411,2015-09-01T10:15:00+00:00,-1341572,4286.798
46411,2015-09-01T10:30:00+00:00,-1340672,4286.726
46411,2015-09-01T10:45:00+00:00,-1339772,4286.647
46411,2015-09-01T11:00:00+00:00,-1338872,4286.560
46411,2015-09-01T11:15:00+00:00,-1337972,4286.470
46411,2015-09-01T11:30:00+00:00,-1337072,4286.373
46411,2015-09-01T11:45:00+00:00,-1336172,4286.273
46411,2015-09-01T12:00:00+00:00,-1335272,4286.168
46411,2015-09-01T12:15:00+00:00,-1334372,4286.068
46411,2015-09-01T12:30:00+00:00,-1333472,4285.968
46411,2015-09-01T12:45:00+00:00,-1332572,4285.874
46411,2015-09-01T13:00:00+00:00,-1331672,4285.786
46411,2015-09-01T13:15:00+00:00,-1330772,4285.704
46411,2015-09-01T13:30:00+00:00,-1329872,4285.627
46411,2015-09-01T13:45:00+00:00,-1328972,4285.563
46411,2015-09-01T14:00:00+00:00,-1328072,4285.512
46411,2015-09-01T14:15:00+00:00,-1327172,4285.469
46411,2015-09-01T14:30:00+00:00,-1326272,4285.439
46411,2015-09-01T14:45:00+00:00,-1325372,4285.423
46411,2015-09-01T15:00:00+00:00,-1324472,4285.419
46411,2015-09-01T15:15:00+00:00,-1323572,4285.429
46411,2015-09-01T15:30:00+00:00,-1322672,4285.452
46411,2015-09-01T15:45:00+00:00,-1321772,4285.488
46411,2015-09-01T16:00:00+00:00,-1320872,4285.535
46411,2015-09-01T16:15:00+00:00,-1319972,4285.596
46411,2015-09-01T16:30:00+00:00,-1319072,4285.665
46411,2015-09-01T16:45:00+00:00,-1318172,4285.749
46411,2015-09-01T17:00:00+00:00,-1317272,4285.840
46411,2015-09-01T17:15:00+00:00,-1316372,4285.934
46411,2015-09-01T17:30:00+00:00,-1315472,4286.036
46411,2015-09-01T17:45:00+00:00,-1314572,4286.140
46411,2015-09-01T18:00:00+00:00,-1313672,4286.246
46411,2015-09-01T18:15:00+00:00,-1312772,4286.350
46411,2015-09-01T18:30:00+00:00,-1311872,4286.455
46411,2015-09-01T18:45:00+00:00,-1310972,4286.559
46411,2015-09-01T19:00:00+00:00,-1310072,4286.661
46411,2015-09-01T19:15:00+00:00,-1309172,4286.752
46411,2015-09-01T19:30:00+00:00,-1308272,4286.839
46411,2015-09-01T19:45:00+00:00,-1307372,4286.917
46411,2015-09-01T20:00:00+00:00,-1306472,4286.988
46411,2015-09-01T20:15:00+00:00,-1305572,4287.046
46411,2015-09-01T20:30:00+00:00,-1304672,4287.091
46411,2015-09-01T20:45:00+00:00,-1303772,4287.122
46411,2015-09-01T21:00:00+00:00,-1302872,4287.141
46411,2015-09-01T21:15:00+00:00,-1301972,4287.148
46411,2015-09-01T21:30:00+00:00,-1301072,4287.142
46411,2015-09-01T21:45:00+00:00,-1300172,4287.126
46411,2015-09-01T22:00:00+00:00,-1299272,4287.096
46411,2015-09-01T22:15:00+00:00,-1298372,4287.053
46411,2015-09-01T22:30:00+00:00,-1297472,4286.996
46411,2015-09-01T22:45:00+00:00,-1296572,4286.929
46411,2015-09-01T23:00:00+00:00,-1295672,4286.857
46411,2015-09-01T23:15:00+00:00,-1294772,4286.776
46411,2015-09-01T23:30:00+00:00,-1293872,4286.689
46411,2015-09-01T23:45:00+00:00,-1292972,4286.596
46411,2015-09-02T00:00:00+00:00,-1292072,4286.500
46411,2015-09-02T00:15:00+00:00,-1291172,4286.398
46411,2015-09-02T00:30:00+00:00,-1290272,4286.295
46411,2015-09-02T00:45:00+00:00,-1289372,4286.190
46411,2015-09-02T01:00:00+00:00,-1288472,4286.090
46411,2015-09-02T01:15:00+00:00,-1287572,4285.989
46411,2015-09-02T01:30:00+00:00,-1286672,4285.896
46411,2015-09-02T01:45:00+00:00,-1285772,4285.812
46411,2015-09-02T02:00:00+00:00,-1284872,4285.733
46411,2015-09-02T02:15:00+00:00,-1283972,4285.663
46411,2015-09-02T02:30:00+00:00,-1283072,4285.607
46411,2015-09-02T02:45:00+00:00,-1282172,4285.560
46411,2015-09-02T03:00:00+00:00,-1281272,4285.525
46411,2015-09-02T03:15:00+00:00,-1280372,4285.499
46411,2015-09-02T03:30:00+00:00,-1279472,4285.485
46411,2015-09-02T03:45:00+00:00,-1278572,4285.484
46411,2015-09-02T04:00:00+00:00,-1277672,4285.495
46411,2015-09-02T04:15:00+00:00,-1276772,4285.518
46411,2015-09-02T04:30:00+00:00,-1275872,4285.550
46411,2015-09-02T04:45:00+00:00,-1274972,4285.596
46411,2015-09-02T05:00:00+00:00,-1274072,4285.653
46411,2015-09-02T05:15:00+00:00,-1273172,4285.717
46411,2015-09-02T05:30:00+00:00,-1272272,4285.787
46411,2015-09-02T05:45:00+00:00,-1271372,4285.863
46411,2015-09-02T06:00:00+00:00,-1270472,4285.945
46411,2015-09-02T06:15:00+00:00,-1269572,4286.032
46411,2015-09-02T06:30:00+00:00,-1268672,4286.120
46411,2015-09-02T06:45:00+00:00,-1267772,4286.209
46411,2015-09-02T07:00:00+00:00,-1266872,4286.299
46411,2015-09-02T07:15:00+00:00,-1265972,4286.383
46411,2015-09-02T07:30:00+00:00,-1265072,4286.465
46411,2015-09-02T07:45:00+00:00,-1264172,4286.545
46411,2015-09-02T08:00:00+00:00,-1263272,4286.618
46411,2015-09-02T08:15:00+00:00,-1262372,4286.684
46411,2015-09-02T08:30:00+00:00,-1261472,4286.742
46411,2015-09-02T08:45:00+00:00,-1260572,4286.790
46411,2015-09-02T09:00:00+00:00,-1259672,4286.830
46411,2015-09-02T09:15:00+00:00,-1258772,4286.859
46411,2015-09-02T09:30:00+00:00,-1257872,4286.874
46411,2015-09-02T09:45:00+00:00,-1256972,4286.879
46411,2015-09-02T10:00:00+00:00,-1256072,4286.873
46411,2015-09-02T10:15:00+00:00,-1255172,4286.859
46411,2015-09-02T10:30:00+00:00,-1254272,4286.832
46411,2015-09-02T10:45:00+00:00,-1253372,4286.797
46411,2015-09-02T11:00:00+00:00,-1252472,4286.748
46411,2015-09-02T11:15:00+00:00,-1251572,4286.689
46411,2015-09-02T11:30:00+00:00,-1250672,4286.624
46411,2015-09-02T11:45:00+00:00,-1249772,4286.554
46411,2015-09-02T12:00:00+00:00,-1248872,4286.475
46411,2015-09-02T12:15:00+00:00,-1247972,4286.396
46411,2015-09-02T12:30:00+00:00,-1247072,4286.311
46411,2015-09-02T12:45:00+00:00,-1246172,4286.223
46411,2015-09-02T13:00:00+00:00,-1245272,4286.140
46411,2015-09-02T13:15:00+00:00,-1244372,4286.058
46411,2015-09-02T13:30:00+00:00,-1243472,4285.975
46411,2015-09-02T13:45:00+00:00,-1242572,4285.896
46411,2015-09-02T14:00:00+00:00,-1241672,4285.829
46411,2015-09-02T14:15:00+00:00,-1240772,4285.765
46411,2015-09-02T14:30:00+00:00,-1239872,4285.710
46411,2015-09-02T14:45:00+00:00,-1238972,4285.664
46411,2015-09-02T15:00:00+00:00,-1238072,4285.627
46411,2015-09-02T15:15:00+00:00,-1237172,4285.600
46411,2015-09-02T15:30:00+00:00,-1236272,4285.586
46411,2015-09-02T15:45:00+00:00,-1235372,4285.583
46411,2015-09-02T16:00:00+00:00,-1234472,4285.590
46411,2015-09-02T16:15:00+00:00,-1233572,4285.612
46411,2015-09-02T16:30:00+00:00,-1232672,4285.644
46411,2015-09-02T16:45:00+00:00,-1231772,4285.691
46411,2015-09-02T17:00:00+00:00,-1230872,4285.748
46411,2015-09-02T17:15:00+00:00,-1229972,4285.815
46411,2015-09-02T17:30:00+00:00,-1229072,4285.891
46411,2015-09-02T17:45:00+00:00,-1228172,4285.973
46411,2015-09-02T18:00:00+00:00,-1227272,4286.060
46411,2015-09-02T18:15:00+00:00,-1226372,4286.153
46411,2015-09-02T18:30:00+00:00,-1225472,4286.246
46411,2015-09-02T18:45:00+00:00,-1224572,4286.339
46411,2015-09-02T19:00:00+00:00,-1223672,4286.433
46411,2015-09-02T19:15:00+00:00,-1222772,4286.529
46411,2015-09-02T19:30:00+00:00,-1221872,4286.623
46411,2015-09-02T19:45:00+00:00,-1220972,4286.712
46411,2015-09-02T20:00:00+00:00,-1220072,4286.801
46411,2015-09-02T20:15:00+00:00,-1219172,4286.882
46411,2015-09-02T20:30:00+00:00,-1218272,4286.957
46411,2015-09-02T20:45:00+00:00,-1217372,4287.019
46411,2015-09-02T21:00:00+00:00,-1216472,4287.073
46411,2015-09-02T21:15:00+00:00,-1215572,4287.113
46411,2015-09-02T21:30:00+00:00,-1214672,4287.142
46411,2015-09-02T21:45:00+00:00,-1213772,4287.159
46411,2015-09-02T22:00:00+00:00,-1212872,4287.165
46411,2015-09-02T22:15:00+00:00,-1211972,4287.156
46411,2015-09-02T22:30:00+00:00,-1211072,4287.139
46411,2015-09-02T22:45:00+00:00,-1210172,4287.109
46411,2015-09-02T23:00:00+00:00,-1209272,4287.071
46411,2015-09-02T23:15:00+00:00,-1208372,4287.016
46411,2015-09-02T23:30:00+00:00,-1207472,4286.955
46411,2015-09-02T23:45:00+00:00,-1206572,4286.885
46411,2015-09-03T00:00:00+00:00,-1205672,4286.805
46411,2015-09-03T00:15:00+00:00,-1204772,4286.721
46411,2015-09-03T00:30:00+00:00,-1203872,4286.632
46411,2015-09-03T00:45:00+00:00,-1202972,4286.536
46411,2015-09-03T01:00:00+00:00,-1202072,4286.432
46411,2015-09-03T01:15:00+00:00,-1201172,4286.330
46411,2015-09-03T01:30:00+00:00,-1200272,4286.223
46411,2015-09-03T01:45:00+00:00,-1199372,4286.119
46411,2015-09-03T02:00:00+00:00,-1198472,4286.021
46411,2015-09-03T02:15:00+00:00,-1197572,4285.924
46411,2015-09-03T02:30:00+00:00,-1196672,4285.835
46411,2015-09-03T02:45:00+00:00,-1195772,4285.753
46411,2015-09-03T03:00:00+00:00,-1194872,4285.677
46411,2015-09-03T03:15:00+00:00,-1193972,4285.609
46411,2015-09-03T03:30:00+00:00,-1193072,4285.553
46411,2015-09-03T03:45:00+00:00,-1192172,4285.509
46411,2015-09-03T04:00:00+00:00,-1191272,4285.473
46411,2015-09-03T04:15:00+00:00,-1190372,4285.450
46411,2015-09-03T04:30:00+00:00,-1189472,4285.438
46411,2015-09-03T04:45:00+00:00,-1188572,4285.437
46411,2015-09-03T05:00:00+00:00,-1187672,4285.449
46411,2015-09-03T05:15:00+00:00,-1186772,4285.470
46411,2015-09-03T05:30:00+00:00,-1185872,4285.499
46411,2015-09-03T05:45:00+00:00,-1184972,4285.541
46411,2015-09-03T06:00:00+00:00,-1184072,4285.591
46411,2015-09-03T06:15:00+00:00,-1183172,4285.648
46411,2015-09-03T06:30:00+00:00,-1182272,4285.713
46411,2015-09-03T06:45:00+00:00,-1181372,4285.783
46411,2015-09-03T07:00:00+00:00,-1180472,4285.861
46411,2015-09-03T07:15:00+00:00,-1179572,4285.937
46411,2015-09-03T07:30:00+00:00,-1178672,4286.016
46411,2015-09-03T07:45:00+00:00,-1177772,4286.098
46411,2015-09-03T08:00:00+00:00,-1176872,4286.180
46411,2015-09-03T08:15:00+00:00,-1175972,4286.260
46411,2015-09-03T08:30:00+00:00,-1175072,4286.335
46411,2015-09-03T08:45:00+00:00,-1174172,4286.407
46411,2015-09-03T09:00:00+00:00,-1173272,4286.475
46411,2015-09-03T09:15:00+00:00,-1172372,4286.534
46411,2015-09-03T09:30:00+00:00,-1171472,4286.591
46411,2015-09-03T09:45:00+00:00,-1170572,4286.638
46411,2015-09-03T10:00:00+00:00,-1169672,4286.675
46411,2015-09-03T10:15:00+00:00,-1168772,4286.702
46411,2015-09-03T10:30:00+00:00,-1167872,4286.723
46411,2015-09-03T10:45:00+00:00,-1166972,4286.728
46411,2015-09-03T11:00:00+00:00,-1166072,4286.730
46411,2015-09-03T11:15:00+00:00,-1165172,4286.720
46411,2015-09-03T11:30:00+00:00,-1164272,4286.698
46411,2015-09-03T11:45:00+00:00,-1163372,4286.666
46411,2015-09-03T12:00:00+00:00,-1162472,4286.626
46411,2015-09-03T12:15:00+00:00,-1161572,4286.580
46411,2015-09-03T12:30:00+00:00,-1160672,4286.524
46411,2015-09-03T12:45:00+00:00,-1159772,4286.467
46411,2015-09-03T13:00:00+00:00,-1158872,4286.405
46411,2015-09-03T13:15:00+00:00,-1157972,4286.343
46411,2015-09-03T13:30:00+00:00,-1157072,4286.279
46411,2015-09-03T13:45:00+00:00,-1156172,4286.213
46411,2015-09-03T14:00:00+00:00,-1155272,4286.146
46411,2015-09-03T14:15:00+00:00,-1154372,4286.081
46411,2015-09-03T14:30:00+00:00,-1153472,4286.017
46411,2015-09-03T14:45:00+00:00,-1152572,4285.956
46411,2015-09-03T15:00:00+00:00,-1151672,4285.904
46411,2015-09-03T15:15:00+00:00,-1150772,4285.856
46411,2015-09-03T15:30:00+00:00,-1149872,4285.817
46411,2015-09-03T15:45:00+00:00,-1148972,4285.785
46411,2015-09-03T16:00:00+00:00,-1148072,4285.762
46411,2015-09-03T16:15:00+00:00,-1147172,4285.748
46411,2015-09-03T16:30:00+00:00,-1146272,4285.746
46411,2015-09-03T16:45:00+00:00,-1145372,4285.752
46411,2015-09-03T17:00:00+00:00,-1144472,4285.767
46411,2015-09-03T17:15:00+00:00,-1143572,4285.795
46411,2015-09-03T17:30:00+00:00,-1142672,4285.831
46411,2015-09-03T17:45:00+00:00,-1141772,4285.879
46411,2015-09-03T18:00:00+00:00,-1140872,4285.932
46411,2015-09-03T18:15:00+00:00,-1139972,4285.996
46411,2015-09-03T18:30:00+00:00,-1139072,4286.066
46411,2015-09-03T18:45:00+00:00,-1138172,4286.143
46411,2015-09-03T19:00:00+00:00,-1137272,4286.219
46411,2015-09-03T19:15:00+00:00,-1136372,4286.300
46411,2015-09-03T19:30:00+00:00,-1135472,4286.385
46411,2015-09-03T19:45:00+00:00,-1134572,4286.469
46411,2015-09-03T20:00:00+00:00,-1133672,4286.554
46411,2015-09-03T20:15:00+00:00,-1132772,4286.638
46411,2015-09-03T20:30:00+00:00,-1131872,4286.719
46411,2015-09-03T20:45:00+00:00,-1130972,4286.795
46411,2015-09-03T21:00:00+00:00,-1130072,4286.864
46411,2015-09-03T21:15:00+00:00,-1129172,4286.926
46411,2015-09-03T21:30:00+00:00,-1128272,4286.984
46411,2015-09-03T21:45:00+00:00,-1127372,4287.032
46411,2015-09-03T22:00:00+00:00,-1126472,4287.069
46411,2015-09-03T22:15:00+00:00,-1125572,4287.100
46411,2015-09-03T22:30:00+00:00,-1124672,4287.119
46411,2015-09-03T22:45:00+00:00,-1123772,4287.126
46411,2015-09-03T23:00:00+00:00,-1122872,4287.124
46411,2015-09-03T23:15:00+00:00,-1121972,4287.109
46411,2015-09-03T23:30:00+00:00,-1121072,4287.083
46411,2015-09-03T23:45:00+00:00,-1120172,4287.048
46411,2015-09-04T00:00:00+00:00,-1119272,4287.000
46411,2015-09-04T00:15:00+00:00,-1118372,4286.944
46411,2015-09-04T00:30:00+00:00,-1117472,4286.882
46411,2015-09-04T00:45:00+00:00,-1116572,4286.811
46411,2015-09-04T01:00:00+00:00,-1115672,4286.733
46411,2015-09-04T01:15:00+00:00,-1114772,4286.645
46411,2015-09-04T01:30:00+00:00,-1113872,4286.555
46411,2015-09-04T01:45:00+00:00,-1112972,4286.461
46411,2015-09-04T02:00:00+00:00,-1112072,4286.364
46411,2015-09-04T02:15:00+00:00,-1111172,4286.264
46411,2015-09-04T02:30:00+00:00,-1110272,4286.167
46411,2015-09-04T02:45:00+00:00,-1109372,4286.071
46411,2015-09-04T03:00:00+00:00,-1108472,4285.979
46411,2015-09-04T03:15:00+00:00,-1107572,4285.891
46411,2015-09-04T03:30:00+00:00,-1106672,4285.809
46411,2015-09-04T03:45:00+00:00,-1105772,4285.733
46411,2015-09-04T04:00:00+00:00,-1104872,4285.661
46411,2015-09-04T04:15:00+00:00,-1103972,4285.596
46411,2015-09-04T04:30:00+00:00,-1103072,4285.542
46411,2015-09-04T04:45:00+00:00,-1102172,4285.497
46411,2015-09-04T05:00:00+00:00,-1101272,4285.461
46411,2015-09-04T05:15:00+00:00,-1100372,4285.437
46411,2015-09-04T05:30:00+00:00,-1099472,4285.425
46411,2015-09-04T05:45:00+00:00,-1098572,4285.423
46411,2015-09-04T06:00:00+00:00,-1097672,4285.428
46411,2015-09-04T06:15:00+00:00,-1096772,4285.444
46411,2015-09-04T06:30:00+00:00,-1095872,4285.473
46411,2015-09-04T06:45:00+00:00,-1094972,4285.510
46411,2015-09-04T07:00:00+00:00,-1094072,4285.554
46411,2015-09-04T07:15:00+00:00,-1093172,4285.606
46411,2015-09-04T07:30:00+00:00,-1092272,4285.664
46411,2015-09-04T07:45:00+00:00,-1091372,4285.726
46411,2015-09-04T08:00:00+00:00,-1090472,4285.795
46411,2015-09-04T08:15:00+00:00,-1089572,4285.866
46411,2015-09-04T08:30:00+00:00,-1088672,4285.939
46411,2015-09-04T08:45:00+00:00,-1087772,4286.011
46411,2015-09-04T09:00:00+00:00,-1086872,4286.084
46411,2015-09-04T09:15:00+00:00,-1085972,4286.154
46411,2015-09-04T09:30:00+00:00,-1085072,4286.222
46411,2015-09-04T09:45:00+00:00,-1084172,4286.289
46411,2015-09-04T10:00:00+00:00,-1083272,4286.354
46411,2015-09-04T10:15:00+00:00,-1082372,4286.410
46411,2015-09-04T10:30:00+00:00,-1081472,4286.461
46411,2015-09-04T10:45:00+00:00,-1080572,4286.506
46411,2015-09-04T11:00:00+00:00,-1079672,4286.543
46411,2015-09-04T11:15:00+00:00,-1078772,4286.569
46411,2015-09-04T11:30:00+00:00,-1077872,4286.590
46411,2015-09-04T11:45:00+00:00,-1076972,4286.605
46411,2015-09-04T12:00:00+00:00,-1076072,4286.610
46411,2015-09-04T12:15:00+00:00,-1075172,4286.606
46411,2015-09-04T12:30:00+00:00,-1074272,4286.599
46411,2015-09-04T12:45:00+00:00,-1073372,4286.582
46411,2015-09-04T13:00:00+00:00,-1072472,4286.555
46411,2015-09-04T13:15:00+00:00,-1071572,4286.524
46411,2015-09-04T13:30:00+00:00,-1070672,4286.488
46411,2015-09-04T13:45:00+00:00,-1069772,4286.444
46411,2015-09-04T14:00:00+00:00,-1068872,4286.398
46411,2015-09-04T14:15:00+00:00,-1067972,4286.347
46411,2015-09-04T14:30:00+00:00,-1067072,4286.295
46411,2015-09-04T14:45:00+00:00,-1066172,4286.242
46411,2015-09-04T15:00:00+00:00,-1065272,4286.193
46411,2015-09-04T15:15:00+00:00,-1064372,4286.142
46411,2015-09-04T15:30:00+00:00,-1063472,4286.095
46411,2015-09-04T15:45:00+00:00,-1062572,4286.051
46411,2015-09-04T16:00:00+00:00,-1061672,4286.009
46411,2015-09-04T16:15:00+00:00,-1060772,4285.975
46411,2015-09-04T16:30:00+00:00,-1059872,4285.947
46411,2015-09-04T16:45:00+00:00,-1058972,4285.925
46411,2015-09-04T17:00:00+00:00,-1058072,4285.912
46411,2015-09-04T17:15:00+00:00,-1057172,4285.903
46411,2015-09-04T17:30:00+00:00,-1056272,4285.903
46411,2015-09-04T17:45:00+00:00,-1055372,4285.914
46411,2015-09-04T18:00:00+00:00,-1054472,4285.933
46411,2015-09-04T18:15:00+00:00,-1053572,4285.959
46411,2015-09-04T18:30:00+00:00,-1052672,4285.991
46411,2015-09-04T18:45:00+00:00,-1051772,4286.032
46411,2015-09-04T19:00:00+00:00,-1050872,4286.079
46411,2015-09-04T19:15:00+00:00,-1049972,4286.133
46411,2015-09-04T19:30:00+00:00,-1049072,4286.194
46411,2015-09-04T19:45:00+00:00,-1048172,4286.256
46411,2015-09-04T20:00:00+00:00,-1047272,4286.323
46411,2015-09-04T20:15:00+00:00,-1046372,4286.391
46411,2015-09-04T20:30:00+00:00,-1045472,4286.463
46411,2015-09-04T20:45:00+00:00,-1044572,4286.534
46411,2015-09-04T21:00:00+00:00,-1043672,4286.607
46411,2015-09-04T21:15:00+00:00,-1042772,4286.677
46411,2015-09-04T21:30:00+00:00,-1041872,4286.745
46411,2015-09-04T21:45:00+00:00,-1040972,4286.809
46411,2015-09-04T22:00:00+00:00,-1040072,4286.868
46411,2015-09-04T22:15:00+00:00,-1039172,4286.920
46411,2015-09-04T22:30:00+00:00,-1038272,4286.966
46411,2015-09-04T22:45:00+00:00,-1037372,4287.005
46411,2015-09-04T23:00:00+00:00,-1036472,4287.039
46411,2015-09-04T23:15:00+00:00,-1035572,4287.060
46411,2015-09-04T23:30:00+00:00,-1034672,4287.071
46411,2015-09-04T23:45:00+00:00,-1033772,4287.074
46411,2015-09-05T00:00:00+00:00,-1032872,4287.068
46411,2015-09-05T00:15:00+00:00,-1031972,4287.050
46411,2015-09-05T00:30:00+00:00,-1031072,4287.025
46411,2015-09-05T00:45:00+00:00,-1030172,4286.985
46411,2015-09-05T01:00:00+00:00,-1029272,4286.938
46411,2015-09-05T01:15:00+00:00,-1028372,4286.884
46411,2015-09-05T01:30:00+00:00,-1027472,4286.822
46411,2015-09-05T01:45:00+00:00,-1026572,4286.753
46411,2015-09-05T02:00:00+00:00,-1025672,4286.679
46411,2015-09-05T02:15:00+00:00,-1024772,4286.600
46411,2015-09-05T02:30:00+00:00,-1023872,4286.515
46411,2015-09-05T02:45:00+00:00,-1022972,4286.428
46411,2015-09-05T03:00:00+00:00,-1022072,4286.339
46411,2015-09-05T03:15:00+00:00,-1021172,4286.248
46411,2015-09-05T03:30:00+00:00,-1020272,4286.158
46411,2015-09-05T03:45:00+00:00,-1019372,4286.068
46411,2015-09-05T04:00:00+00:00,-1018472,4285.984
46411,2015-09-05T04:15:00+00:00,-1017572,4285.900
46411,2015-09-05T04:30:00+00:00,-1016672,4285.821
46411,2015-09-05T04:45:00+00:00,-1015772,4285.747
46411,2015-09-05T05:00:00+00:00,-1014872,4285.679
46411,2015-09-05T05:15:00+00:00,-1013972,4285.618
46411,2015-09-05T05:30:00+00:00,-1013072,4285.566
46411,2015-09-05T05:45:00+00:00,-1012172,4285.519
46411,2015-09-05T06:00:00+00:00,-1011272,4285.482
46411,2015-09-05T06:15:00+00:00,-1010372,4285.458
46411,2015-09-05T06:30:00+00:00,-1009472,4285.441
46411,2015-09-05T06:45:00+00:00,-1008572,4285.431
46411,2015-09-05T07:00:00+00:00,-1007672,4285.435
46411,2015-09-05T07:15:00+00:00,-1006772,4285.444
46411,2015-09-05T07:30:00+00:00,-1005872,4285.463
46411,2015-09-05T07:45:00+00:00,-1004972,4285.493
46411,2015-09-05T08:00:00+00:00,-1004072,4285.530
46411,2015-09-05T08:15:00+00:00,-1003172,4285.574
46411,2015-09-05T08:30:00+00:00,-1002272,4285.624
46411,2015-09-05T08:45:00+00:00,-1001372,4285.680
46411,2015-09-05T09:00:00+00:00,-1000472,4285.740
46411,2015-09-05T09:15:00+00:00,-999572,4285.804
46411,2015-09-05T09:30:00+00:00,-998672,4285.869
46411,2015-09-05T09:45:00+00:00,-997772,4285.935
46411,2015-09-05T10:00:00+00:00,-996872,4286.004
46411,2015-09-05T10:15:00+00:00,-995972,4286.071
46411,2015-09-05T10:30:00+00:00,-995072,4286.139
46411,2015-09-05T10:45:00+00:00,-994172,4286.203
46411,2015-09-05T11:00:00+00:00,-993272,4286.265
46411,2015-09-05T11:15:00+00:00,-992372,4286.320
46411,2015-09-05T11:30:00+00:00,-991472,4286.375
46411,2015-09-05T11:45:00+00:00,-990572,4286.422
46411,2015-09-05T12:00:00+00:00,-989672,4286.465
46411,2015-09-05T12:15:00+00:00,-988772,4286.501
46411,2015-09-05T12:30:00+00:00,-987872,4286.530
46411,2015-09-05T12:45:00+00:00,-986972,4286.550
46411,2015-09-05T13:00:00+00:00,-986072,4286.561
46411,2015-09-05T13:15:00+00:00,-985172,4286.567
46411,2015-09-05T13:30:00+00:00,-984272,4286.566
46411,2015-09-05T13:45:00+00:00,-983372,4286.560
46411,2015-09-05T14:00:00+00:00,-982472,4286.544
46411,2015-09-05T14:15:00+00:00,-981572,4286.522
46411,2015-09-05T14:30:00+00:00,-980672,4286.494
46411,2015-09-05T14:45:00+00:00,-979772,4286.466
46411,2015-09-05T15:00:00+00:00,-978872,4286.431
46411,2015-09-05T15:15:00+00:00,-977972,4286.395
46411,2015-09-05T15:30:00+00:00,-977072,4286.358
46411,2015-09-05T15:45:00+00:00,-976172,4286.320
46411,2015-09-05T16:00:00+00:00,-975272,4286.278
46411,2015-09-05T16:15:00+00:00,-974372,4286.240
46411,2015-09-05T16:30:00+00:00,-973472,4286.205
46411,2015-09-05T16:45:00+00:00,-972572,4286.169
46411,2015-09-05T17:00:00+00:00,-971672,4286.137
46411,2015-09-05T17:15:00+00:00,-970772,4286.109
46411,2015-09-05T17:30:00+00:00,-969872,4286.080
46411,2015-09-05T17:45:00+00:00,-968972,4286.059
46411,2015-09-05T18:00:00+00:00,-968072,4286.043
46411,2015-09-05T18:15:00+00:00,-967172,4286.035
46411,2015-09-05T18:30:00+00:00,-966272,4286.030
46411,2015-09-05T18:45:00+00:00,-965372,4286.034
46411,2015-09-05T19:00:00+00:00,-964472,4286.046
46411,2015-09-05T19:15:00+00:00,-963572,4286.062
46411,2015-09-05T19:30:00+00:00,-962672,4286.090
46411,2015-09-05T19:45:00+00:00,-961772,4286.122
46411,2015-09-05T20:00:00+00:00,-960872,4286.163
46411,2015-09-05T20:15:00+00:00,-959972,4286.208
46411,2015-09-05T20:30:00+00:00,-959072,4286.261
46411,2015-09-05T20:45:00+00:00,-958172,4286.315
46411,2015-09-05T21:00:00+00:00,-957272,4286.372
46411,2015-09-05T21:15:00+00:00,-956372,4286.430
46411,2015-09-05T21:30:00+00:00,-955472,4286.489
46411,2015-09-05T21:45:00+00:00,-954572,4286.552
46411,2015-09-05T22:00:00+00:00,-953672,4286.612
46411,2015-09-05T22:15:00+00:00,-952772,4286.674
46411,2015-09-05T22:30:00+00:00,-951872,4286.730
46411,2015-09-05T22:45:00+00:00,-950972,4286.781
46411,2015-09-05T23:00:00+00:00,-950072,4286.831
46411,2015-09-05T23:15:00+00:00,-949172,4286.877
46411,2015-09-05T23:30:00+00:00,-948272,4286.918
46411,2015-09-05T23:45:00+00:00,-947372,4286.952
46411,2015-09-06T00:00:00+00:00,-946472,4286.983
46411,2015-09-06T00:15:00+00:00,-945572,4287.001
46411,2015-09-06T00:30:00+00:00,-944672,4287.013
46411,2015-09-06T00:45:00+00:00,-943772,4287.015
46411,2015-09-06T01:00:00+00:00,-942872,4287.008
46411,2015-09-06T01:15:00+00:00,-941972,4286.988
46411,2015-09-06T01:30:00+00:00,-941072,4286.962
46411,2015-09-06T01:45:00+00:00,-940172,4286.931
46411,2015-09-06T02:00:00+00:00,-939272,4286.889
46411,2015-09-06T02:15:00+00:00,-938372,4286.841
46411,2015-09-06T02:30:00+00:00,-937472,4286.785
46411,2015-09-06T02:45:00+00:00,-936572,4286.723
46411,2015-09-06T03:00:00+00:00,-935672,4286.656
46411,2015-09-06T03:15:00+00:00,-934772,4286.586
46411,2015-09-06T03:30:00+00:00,-933872,4286.509
46411,2015-09-06T03:45:00+00:00,-932972,4286.426
46411,2015-09-06T04:00:00+00:00,-932072,4286.343
46411,2015-09-06T04:15:00+00:00,-931172,4286.257
46411,2015-09-06T04:30:00+00:00,-930272,4286.175
46411,2015-09-06T04:45:00+00:00,-929372,4286.089
46411,2015-09-06T05:00:00+00:00,-928472,4286.005
46411,2015-09-06T05:15:00+00:00,-927572,4285.919
46411,2015-09-06T05:30:00+00:00,-926672,4285.840
46411,2015-09-06T05:45:00+00:00,-925772,4285.763
46411,2015-09-06T06:00:00+00:00,-924872,4285.694
46411,2015-09-06T06:15:00+00:00,-923972,4285.629
46411,2015-09-06T06:30:00+00:00,-923072,4285.571
46411,2015-09-06T06:45:00+00:00,-922172,4285.523
46411,2015-09-06T07:00:00+00:00,-921272,4285.484
46411,2015-09-06T07:15:00+00:00,-920372,4285.454
46411,2015-09-06T07:30:00+00:00,-919472,4285.434
46411,2015-09-06T07:45:00+00:00,-918572,4285.422
46411,2015-09-06T08:00:00+00:00,-917672,4285.416
46411,2015-09-06T08:15:00+00:00,-916772,4285.420
46411,2015-09-06T08:30:00+00:00,-915872,4285.432
46411,2015-09-06T08:45:00+00:00,-914972,4285.453
46411,2015-09-06T09:00:00+00:00,-914072,4285.483
46411,2015-09-06T09:15:00+00:00,-913172,4285.519
46411,2015-09-06T09:30:00+00:00,-912272,4285.565
46411,2015-09-06T09:45:00+00:00,-911372,4285.617
46411,2015-09-06T10:00:00+00:00,-910472,4285.669
46411,2015-09-06T10:15:00+00:00,-909572,4285.728
46411,2015-09-06T10:30:00+00:00,-908672,4285.792
46411,2015-09-06T10:45:00+00:00,-907772,4285.859
46411,2015-09-06T11:00:00+00:00,-906872,4285.925
46411,2015-09-06T11:15:00+00:00,-905972,4285.993
46411,2015-09-06T11:30:00+00:00,-905072,4286.058
46411,2015-09-06T11:45:00+00:00,-904172,4286.122
46411,2015-09-06T12:00:00+00:00,-903272,4286.184
46411,2015-09-06T12:15:00+00:00,-902372,4286.246
46411,2015-09-06T12:30:00+00:00,-901472,4286.305
46411,2015-09-06T12:45:00+00:00,-900572,4286.357
46411,2015-09-06T13:00:00+00:00,-899672,4286.402
46411,2015-09-06T13:15:00+00:00,-898772,4286.445
46411,2015-09-06T13:30:00+00:00,-897872,4286.481
46411,2015-09-06T13:45:00+00:00,-896972,4286.511
46411,2015-09-06T14:00:00+00:00,-896072,4286.531
46411,2015-09-06T14:15:00+00:00,-895172,4286.548
46411,2015-09-06T14:30:00+00:00,-894272,4286.555
46411,2015-09-06T14:45:00+00:00,-893372,4286.557
46411,2015-09-06T15:00:00+00:00,-892472,4286.550
46411,2015-09-06T15:15:00+00:00,-891572,4286.542
46411,2015-09-06T15:30:00+00:00,-890672,4286.526
46411,2015-09-06T15:45:00+00:00,-889772,4286.506
46411,2015-09-06T16:00:00+00:00,-888872,4286.481
46411,2015-09-06T16:15:00+00:00,-887972,4286.455
46411,2015-09-06T16:30:00+00:00,-887072,4286.424
46411,2015-09-06T16:45:00+00:00,-886172,4286.392
46411,2015-09-06T17:00:00+00:00,-885272,4286.361
46411,2015-09-06T17:15:00+00:00,-884372,4286.327
46411,2015-09-06T17:30:00+00:00,-883472,4286.293
46411,2015-09-06T17:45:00+00:00,-882572,4286.259
46411,2015-09-06T18:00:00+00:00,-881672,4286.226
46411,2015-09-06T18:15:00+00:00,-880772,4286.195
46411,2015-09-06T18:30:00+00:00,-879872,4286.167
46411,2015-09-06T18:45:00+00:00,-878972,4286.145
46411,2015-09-06T19:00:00+00:00,-878072,4286.125
46411,2015-09-06T19:15:00+00:00,-877172,4286.115
46411,2015-09-06T19:30:00+00:00,-876272,4286.108
46411,2015-09-06T19:45:00+00:00,-875372,4286.110
46411,2015-09-06T20:00:00+00:00,-874472,4286.116
46411,2015-09-06T20:15:00+00:00,-873572,4286.131
46411,2015-09-06T20:30:00+00:00,-872672,4286.151
46411,2015-09-06T20:45:00+00:00,-871772,4286.177
46411,2015-09-06T21:00:00+00:00,-870872,4286.208
46411,2015-09-06T21:15:00+00:00,-869972,4286.245
46411,2015-09-06T21:30:00+00:00,-869072,4286.284
46411,2015-09-06T21:45:00+00:00,-868172,4286.331
46411,2015-09-06T22:00:00+00:00,-867272,4286.380
46411,2015-09-06T22:15:00+00:00,-866372,4286.428
46411,2015-09-06T22:30:00+00:00,-865472,4286.483
46411,2015-09-06T22:45:00+00:00,-864572,4286.536
46411,2015-09-06T23:00:00+00:00,-863672,4286.593
46411,2015-09-06T23:15:00+00:00,-862772,4286.647
46411,2015-09-06T23:30:00+00:00,-861872,4286.701
46411,2015-09-06T23:45:00+00:00,-860972,4286.752
46411,2015-09-07T00:00:00+00:00,-860072,4286.801
46411,2015-09-07T00:15:00+00:00,-859172,4286.844
46411,2015-09-07T00:30:00+00:00,-858272,4286.884
46411,2015-09-07T00:45:00+00:00,-857372,4286.916
46411,2015-09-07T01:00:00+00:00,-856472,4286.945
46411,2015-09-07T01:15:00+00:00,-855572,4286.962
46411,2015-09-07T01:30:00+00:00,-854672,4286.972
46411,2015-09-07T01:45:00+00:00,-853772,4286.977
46411,2015-09-07T02:00:00+00:00,-852872,4286.974
46411,2015-09-07T02:15:00+00:00,-851972,4286.962
46411,2015-09-07T02:30:00+00:00,-851072,4286.943
46411,2015-09-07T02:45:00+00:00,-850172,4286.918
46411,2015-09-07T03:00:00+00:00,-849272,4286.879
46411,2015-09-07T03:15:00+00:00,-848372,4286.839
46411,2015-09-07T03:30:00+00:00,-847472,4286.792
46411,2015-09-07T03:45:00+00:00,-846572,4286.736
46411,2015-09-07T04:00:00+00:00,-845672,4286.676
46411,2015-09-07T04:15:00+00:00,-844772,4286.608
46411,2015-09-07T04:30:00+00:00,-843872,4286.537
46411,2015-09-07T04:45:00+00:00,-842972,4286.460
46411,2015-09-07T05:00:00+00:00,-842072,4286.376
46411,2015-09-07T05:15:00+00:00,-841172,4286.294
46411,2015-09-07T05:30:00+00:00,-840272,4286.207
46411,2015-09-07T05:45:00+00:00,-839372,4286.121
46411,2015-09-07T06:00:00+00:00,-838472,4286.039
46411,2015-09-07T06:15:00+00:00,-837572,4285.954
46411,2015-09-07T06:30:00+00:00,-836672,4285.875
46411,2015-09-07T06:45:00+00:00,-835772,4285.800
46411,2015-09-07T07:00:00+00:00,-834872,4285.731
46411,2015-09-07T07:15:00+00:00,-833972,4285.664
46411,2015-09-07T07:30:00+00:00,-833072,4285.604
46411,2015-09-07T07:45:00+00:00,-832172,4285.552
46411,2015-09-07T08:00:00+00:00,-831272,4285.502
46411,2015-09-07T08:15:00+00:00,-830372,4285.468
46411,2015-09-07T08:30:00+00:00,-829472,4285.441
46411,2015-09-07T08:45:00+00:00,-828572,4285.427
46411,2015-09-07T09:00:00+00:00,-827672,4285.416
46411,2015-09-07T09:15:00+00:00,-826772,4285.418
46411,2015-09-07T09:30:00+00:00,-825872,4285.431
46411,2015-09-07T09:45:00+00:00,-824972,4285.453
46411,2015-09-07T10:00:00+00:00,-824072,4285.480
46411,2015-09-07T10:15:00+00:00,-823172,4285.511
46411,2015-09-07T10:30:00+00:00,-822272,4285.553
46411,2015-09-07T10:45:00+00:00,-821372,4285.596
46411,2015-09-07T11:00:00+00:00,-820472,4285.649
46411,2015-09-07T12:15:00+00:00,-815972,4285.972
46411,2015-09-07T12:30:00+00:00,-815072,4286.040
46411,2015-09-07T12:45:00+00:00,-814172,4286.106
46411,2015-09-07T13:00:00+00:00,-813272,4286.174
46411,2015-09-07T13:15:00+00:00,-812372,4286.237
46411,2015-09-07T13:30:00+00:00,-811472,4286.298
46411,2015-09-07T13:45:00+00:00,-810572,4286.358
46411,2015-09-07T14:00:00+00:00,-809672,4286.410
46411,2015-09-07T14:15:00+00:00,-808772,4286.458
46411,2015-09-07T14:30:00+00:00,-807872,4286.500
46411,2015-09-07T14:45:00+00:00,-806972,4286.532
46411,2015-09-07T15:00:00+00:00,-806072,4286.561
46411,2015-09-07T15:15:00+00:00,-805172,4286.584
46411,2015-09-07T15:30:00+00:00,-804272,4286.598
46411,2015-09-07T15:45:00+00:00,-803372,4286.601
46411,2015-09-07T16:00:00+00:00,-802472,4286.601
46411,2015-09-07T16:15:00+00:00,-801572,4286.596
46411,2015-09-07T16:30:00+00:00,-800672,4286.586
46411,2015-09-07T16:45:00+00:00,-799772,4286.568
46411,2015-09-07T17:00:00+00:00,-798872,4286.549
46411,2015-09-07T17:15:00+00:00,-797972,4286.520
46411,2015-09-07T17:30:00+00:00,-797072,4286.489
46411,2015-09-07T17:45:00+00:00,-796172,4286.457
46411,2015-09-07T18:00:00+00:00,-795272,4286.420
46411,2015-09-07T18:15:00+00:00,-794372,4286.385
46411,2015-09-07T18:30:00+00:00,-793472,4286.346
46411,2015-09-07T18:45:00+00:00,-792572,4286.308
46411,2015-09-07T19:00:00+00:00,-791672,4286.272
46411,2015-09-07T19:15:00+00:00,-790772,4286.238
46411,2015-09-07T19:30:00+00:00,-789872,4286.207
46411,2015-09-07T19:45:00+00:00,-788972,4286.180
46411,2015-09-07T20:00:00+00:00,-788072,4286.156
46411,2015-09-07T20:15:00+00:00,-787172,4286.137
46411,2015-09-07T20:30:00+00:00,-786272,4286.124
46411,2015-09-07T20:45:00+00:00,-785372,4286.116
46411,2015-09-07T21:00:00+00:00,-784472,4286.128
46411,2015-09-07T21:15:00+00:00,-783572,4286.133
46411,2015-09-07T21:30:00+00:00,-782672,4286.146
46411,2015-09-07T21:45:00+00:00,-781772,4286.169
46411,2015-09-07T22:00:00+00:00,-780872,4286.195
46411,2015-09-07T22:15:00+00:00,-779972,4286.224
46411,2015-09-07T22:30:00+00:00,-779072,4286.262
46411,2015-09-07T22:45:00+00:00,-778172,4286.305
46411,2015-09-07T23:00:00+00:00,-777272,4286.348
46411,2015-09-07T23:15:00+00:00,-776372,4286.399
46411,2015-09-07T23:30:00+00:00,-775472,4286.453
46411,2015-09-07T23:45:00+00:00,-774572,4286.506
46411,2015-09-08T00:00:00+00:00,-773672,4286.561
46411,2015-09-08T00:15:00+00:00,-772772,4286.615
46411,2015-09-08T00:30:00+00:00,-771872,4286.668
46411,2015-09-08T00:45:00+00:00,-770972,4286.718
46411,2015-09-08T01:00:00+00:00,-770072,4286.765
46411,2015-09-08T01:15:00+00:00,-769172,4286.813
46411,2015-09-08T01:30:00+00:00,-768272,4286.853
46411,2015-09-08T01:45:00+00:00,-767372,4286.891
46411,2015-09-08T02:00:00+00:00,-766472,4286.922
46411,2015-09-08T02:15:00+00:00,-765572,4286.946
46411,2015-09-08T02:30:00+00:00,-764672,4286.962
46411,2015-09-08T02:45:00+00:00,-763772,4286.971
46411,2015-09-08T03:00:00+00:00,-762872,4286.972
46411,2015-09-08T03:15:00+00:00,-761972,4286.966
46411,2015-09-08T03:30:00+00:00,-761072,4286.948
46411,2015-09-08T03:45:00+00:00,-760172,4286.922
46411,2015-09-08T04:00:00+00:00,-759272,4286.891
46411,2015-09-08T04:15:00+00:00,-758372,4286.848
46411,2015-09-08T04:30:00+00:00,-757472,4286.801
46411,2015-09-08T04:45:00+00:00,-756572,4286.743
46411,2015-09-08T05:00:00+00:00,-755672,4286.679
46411,2015-09-08T05:15:00+00:00,-754772,4286.611
46411,2015-09-08T05:30:00+00:00,-753872,4286.539
46411,2015-09-08T05:45:00+00:00,-752972,4286.464
46411,2015-09-08T06:00:00+00:00,-752072,4286.383
46411,2015-09-08T06:15:00+00:00,-751172,4286.299
46411,2015-09-08T06:30:00+00:00,-750272,4286.213
46411,2015-09-08T06:45:00+00:00,-749372,4286.127
46411,2015-09-08T07:00:00+00:00,-748472,4286.037
46411,2015-09-08T07:15:00+00:00,-747572,4285.953
46411,2015-09-08T07:30:00+00:00,-746672,4285.871
46411,2015-09-08T07:45:00+00:00,-745772,4285.791
46411,2015-09-08T08:00:00+00:00,-744872,4285.717
46411,2015-09-08T09:15:00+00:00,-740372,4285.459
46411,2015-09-08T09:30:00+00:00,-739472,4285.431
46411,2015-09-08T09:45:00+00:00,-738572,4285.417
46411,2015-09-08T10:00:00+00:00,-737672,4285.408
46411,2015-09-08T10:15:00+00:00,-736772,4285.408
46411,2015-09-08T10:30:00+00:00,-735872,4285.418
46411,2015-09-08T10:45:00+00:00,-734972,4285.436
46411,2015-09-08T11:00:00+00:00,-734072,4285.465
46411,2015-09-08T11:15:00+00:00,-733172,4285.500
46411,2015-09-08T11:30:00+00:00,-732272,4285.542
46411,2015-09-08T11:45:00+00:00,-731372,4285.591
46411,2015-09-08T12:00:00+00:00,-730472,4285.647
46411,2015-09-08T12:15:00+00:00,-729572,4285.709
46411,2015-09-08T12:30:00+00:00,-728672,4285.775
46411,2015-09-08T12:45:00+00:00,-727772,4285.845
46411,2015-09-08T13:00:00+00:00,-726872,4285.918
46411,2015-09-08T13:15:00+00:00,-725972,4285.990
46411,2015-09-08T13:30:00+00:00,-725072,4286.060
46411,2015-09-08T13:45:00+00:00,-724172,4286.136
46411,2015-09-08T14:00:00+00:00,-723272,4286.208
46411,2015-09-08T14:15:00+00:00,-722372,4286.274
46411,2015-09-08T14:30:00+00:00,-721472,4286.340
46411,2015-09-08T14:45:00+00:00,-720572,4286.400
46411,2015-09-08T15:00:00+00:00,-719672,4286.456
46411,2015-09-08T15:15:00+00:00,-718772,4286.503
46411,2015-09-08T15:30:00+00:00,-717872,4286.545
46411,2015-09-08T15:45:00+00:00,-716972,4286.578
46411,2015-09-08T16:00:00+00:00,-716072,4286.606
46411,2015-09-08T16:15:00+00:00,-715172,4286.626
46411,2015-09-08T16:30:00+00:00,-714272,4286.638
46411,2015-09-08T16:45:00+00:00,-713372,4286.645
46411,2015-09-08T17:00:00+00:00,-712472,4286.643
46411,2015-09-08T17:15:00+00:00,-711572,4286.636
46411,2015-09-08T17:30:00+00:00,-710672,4286.619
46411,2015-09-08T17:45:00+00:00,-709772,4286.596
46411,2015-09-08T18:00:00+00:00,-708872,4286.570
46411,2015-09-08T18:15:00+00:00,-707972,4286.537
46411,2015-09-08T18:30:00+00:00,-707072,4286.499
46411,2015-09-08T18:45:00+00:00,-706172,4286.461
46411,2015-09-08T19:00:00+00:00,-705272,4286.420
46411,2015-09-08T19:15:00+00:00,-704372,4286.379
46411,2015-09-08T19:30:00+00:00,-703472,4286.337
46411,2015-09-08T19:45:00+00:00,-702572,4286.294
46411,2015-09-08T20:00:00+00:00,-701672,4286.248
46411,2015-09-08T20:15:00+00:00,-700772,4286.209
46411,2015-09-08T20:30:00+00:00,-699872,4286.172
46411,2015-09-08T20:45:00+00:00,-698972,4286.142
46411,2015-09-08T21:00:00+00:00,-698072,4286.116
46411,2015-09-08T21:15:00+00:00,-697172,4286.092
46411,2015-09-08T21:30:00+00:00,-696272,4286.075
46411,2015-09-08T21:45:00+00:00,-695372,4286.067
46411,2015-09-08T22:00:00+00:00,-694472,4286.065
46411,2015-09-08T22:15:00+00:00,-693572,4286.071
46411,2015-09-08T22:30:00+00:00,-692672,4286.083
46411,2015-09-08T22:45:00+00:00,-691772,4286.103
46411,2015-09-08T23:00:00+00:00,-690872,4286.129
46411,2015-09-08T23:15:00+00:00,-689972,4286.162
46411,2015-09-08T23:30:00+00:00,-689072,4286.199
46411,2015-09-08T23:45:00+00:00,-688172,4286.244
46411,2015-09-09T00:00:00+00:00,-687272,4286.291
46411,2015-09-09T00:15:00+00:00,-686372,4286.341
46411,2015-09-09T00:30:00+00:00,-685472,4286.394
46411,2015-09-09T00:45:00+00:00,-684572,4286.453
46411,2015-09-09T01:00:00+00:00,-683672,4286.509
46411,2015-09-09T01:15:00+00:00,-682772,4286.567
46411,2015-09-09T01:30:00+00:00,-681872,4286.624
46411,2015-09-09T01:45:00+00:00,-680972,4286.678
46411,2015-09-09T02:00:00+00:00,-680072,4286.733
46411,2015-09-09T02:15:00+00:00,-679172,4286.781
46411,2015-09-09T02:30:00+00:00,-678272,4286.827
46411,2015-09-09T02:45:00+00:00,-677372,4286.868
46411,2015-09-09T03:00:00+00:00,-676472,4286.902
46411,2015-09-09T05:15:00+00:00,-668372,4286.826
46411,2015-09-09T05:30:00+00:00,-667472,4286.775
46411,2015-09-09T05:45:00+00:00,-666572,4286.717
46411,2015-09-09T06:00:00+00:00,-665672,4286.652
46411,2015-09-09T06:15:00+00:00,-664772,4286.584
46411,2015-09-09T06:30:00+00:00,-663872,4286.508
46411,2015-09-09T06:45:00+00:00,-662972,4286.429
46411,2015-09-09T07:00:00+00:00,-662072,4286.347
46411,2015-09-09T07:15:00+00:00,-661172,4286.261
46411,2015-09-09T07:30:00+00:00,-660272,4286.172
46411,2015-09-09T07:45:00+00:00,-659372,4286.080
46411,2015-09-09T08:00:00+00:00,-658472,4285.991
46411,2015-09-09T08:15:00+00:00,-657572,4285.905
46411,2015-09-09T08:30:00+00:00,-656672,4285.824
46411,2015-09-09T08:45:00+00:00,-655772,4285.746
46411,2015-09-09T09:00:00+00:00,-654872,4285.671
46411,2015-09-09T09:15:00+00:00,-653972,4285.605
46411,2015-09-09T09:30:00+00:00,-653072,4285.544
46411,2015-09-09T09:45:00+00:00,-652172,4285.494
46411,2015-09-09T10:00:00+00:00,-651272,4285.454
46411,2015-09-09T10:15:00+00:00,-650372,4285.420
46411,2015-09-09T10:30:00+00:00,-649472,4285.401
46411,2015-09-09T10:45:00+00:00,-648572,4285.388
46411,2015-09-09T11:00:00+00:00,-647672,4285.385
46411,2015-09-09T11:15:00+00:00,-646772,4285.393
46411,2015-09-09T11:30:00+00:00,-645872,4285.410
46411,2015-09-09T11:45:00+00:00,-644972,4285.433
46411,2015-09-09T12:00:00+00:00,-644072,4285.469
46411,2015-09-09T12:15:00+00:00,-643172,4285.511
46411,2015-09-09T12:30:00+00:00,-642272,4285.560
46411,2015-09-09T12:45:00+00:00,-641372,4285.619
46411,2015-09-09T13:00:00+00:00,-640472,4285.682
46411,2015-09-09T13:15:00+00:00,-639572,4285.750
46411,2015-09-09T13:30:00+00:00,-638672,4285.825
46411,2015-09-09T13:45:00+00:00,-637772,4285.900
46411,2015-09-09T14:00:00+00:00,-636872,4285.973
46411,2015-09-09T14:15:00+00:00,-635972,4286.053
46411,2015-09-09T14:30:00+00:00,-635072,4286.130
46411,2015-09-09T14:45:00+00:00,-634172,4286.207
46411,2015-09-09T15:00:00+00:00,-633272,4286.277
46411,2015-09-09T15:15:00+00:00,-632372,4286.347
46411,2015-09-09T15:30:00+00:00,-631472,4286.411
46411,2015-09-09T15:45:00+00:00,-630572,4286.471
46411,2015-09-09T16:00:00+00:00,-629672,4286.527
46411,2015-09-09T16:15:00+00:00,-628772,4286.572
46411,2015-09-09T16:30:00+00:00,-627872,4286.611
46411,2015-09-09T16:45:00+00:00,-626972,4286.641
46411,2015-09-09T17:00:00+00:00,-626072,4286.667
46411,2015-09-09T17:15:00+00:00,-625172,4286.684
46411,2015-09-09T17:30:00+00:00,-624272,4286.691
46411,2015-09-09T17:45:00+00:00,-623372,4286.691
46411,2015-09-09T18:00:00+00:00,-622472,4286.681
46411,2015-09-09T18:15:00+00:00,-621572,4286.664
46411,2015-09-09T18:30:00+00:00,-620672,4286.638
46411,2015-09-09T18:45:00+00:00,-619772,4286.607
46411,2015-09-09T19:00:00+00:00,-618872,4286.570
46411,2015-09-09T19:15:00+00:00,-617972,4286.528
46411,2015-09-09T19:30:00+00:00,-617072,4286.483
46411,2015-09-09T19:45:00+00:00,-616172,4286.435
46411,2015-09-09T20:00:00+00:00,-615272,4286.386
46411,2015-09-09T20:15:00+00:00,-614372,4286.336
46411,2015-09-09T20:30:00+00:00,-613472,4286.288
46411,2015-09-09T20:45:00+00:00,-612572,4286.240
46411,2015-09-09T21:00:00+00:00,-611672,4286.195
46411,2015-09-09T21:15:00+00:00,-610772,4286.151
46411,2015-09-09T21:30:00+00:00,-609872,4286.111
46411,2015-09-09T21:45:00+00:00,-608972,4286.074
46411,2015-09-09T22:00:00+00:00,-608072,4286.047
46411,2015-09-09T22:15:00+00:00,-607172,4286.023
46411,2015-09-09T22:30:00+00:00,-606272,4286.010
46411,2015-09-09T22:45:00+00:00,-605372,4286.001
46411,2015-09-09T23:00:00+00:00,-604472,4285.999
46411,2015-09-10T00:15:00+00:00,-599972,4286.119
46411,2015-09-10T00:30:00+00:00,-599072,4286.160
46411,2015-09-10T00:45:00+00:00,-598172,4286.208
46411,2015-09-10T01:00:00+00:00,-597272,4286.261
46411,2015-09-10T01:15:00+00:00,-596372,4286.316
46411,2015-09-10T01:30:00+00:00,-595472,4286.373
46411,2015-09-10T01:45:00+00:00,-594572,4286.435
46411,2015-09-10T02:00:00+00:00,-593672,4286.496
46411,2015-09-10T02:15:00+00:00,-592772,4286.557
46411,2015-09-10T02:30:00+00:00,-591872,4286.620
46411,2015-09-10T02:45:00+00:00,-590972,4286.679
46411,2015-09-10T03:00:00+00:00,-590072,4286.737
46411,2015-09-10T03:15:00+00:00,-589172,4286.790
46411,2015-09-10T03:30:00+00:00,-588272,4286.834
46411,2015-09-10T03:45:00+00:00,-587372,4286.875
46411,2015-09-10T04:00:00+00:00,-586472,4286.908
46411,2015-09-10T04:15:00+00:00,-585572,4286.932
46411,2015-09-10T04:30:00+00:00,-584672,4286.947
46411,2015-09-10T04:45:00+00:00,-583772,4286.954
46411,2015-09-10T05:00:00+00:00,-582872,4286.950
46411,2015-09-10T05:15:00+00:00,-581972,4286.936
46411,2015-09-10T05:30:00+00:00,-581072,4286.913
46411,2015-09-10T05:45:00+00:00,-580172,4286.883
46411,2015-09-10T06:00:00+00:00,-579272,4286.847
46411,2015-09-10T06:15:00+00:00,-578372,4286.799
46411,2015-09-10T06:30:00+00:00,-577472,4286.743
46411,2015-09-10T06:45:00+00:00,-576572,4286.677
46411,2015-09-10T07:00:00+00:00,-575672,4286.607
46411,2015-09-10T07:15:00+00:00,-574772,4286.530
46411,2015-09-10T07:30:00+00:00,-573872,4286.446
46411,2015-09-10T07:45:00+00:00,-572972,4286.360
46411,2015-09-10T08:00:00+00:00,-572072,4286.271
46411,2015-09-10T08:15:00+00:00,-571172,4286.180
46411,2015-09-10T08:30:00+00:00,-570272,4286.094
46411,2015-09-10T08:45:00+00:00,-569372,4286.007
46411,2015-09-10T09:00:00+00:00,-568472,4285.920
46411,2015-09-10T09:15:00+00:00,-567572,4285.838
46411,2015-09-10T09:30:00+00:00,-566672,4285.760
46411,2015-09-10T09:45:00+00:00,-565772,4285.688
46411,2015-09-10T10:00:00+00:00,-564872,4285.620
46411,2015-09-10T10:15:00+00:00,-563972,4285.561
46411,2015-09-10T10:30:00+00:00,-563072,4285.508
46411,2015-09-10T10:45:00+00:00,-562172,4285.468
46411,2015-09-10T11:00:00+00:00,-561272,4285.436
46411,2015-09-10T11:15:00+00:00,-560372,4285.412
46411,2015-09-10T11:30:00+00:00,-559472,4285.397
46411,2015-09-10T11:45:00+00:00,-558572,4285.394
46411,2015-09-10T12:00:00+00:00,-557672,4285.402
46411,2015-09-10T12:15:00+00:00,-556772,4285.420
46411,2015-09-10T12:30:00+00:00,-555872,4285.447
46411,2015-09-10T12:45:00+00:00,-554972,4285.484
46411,2015-09-10T13:00:00+00:00,-554072,4285.527
46411,2015-09-10T13:15:00+00:00,-553172,4285.584
46411,2015-09-10T13:30:00+00:00,-552272,4285.642
46411,2015-09-10T13:45:00+00:00,-551372,4285.709
46411,2015-09-10T14:00:00+00:00,-550472,4285.780
46411,2015-09-10T14:15:00+00:00,-549572,4285.854
46411,2015-09-10T14:30:00+00:00,-548672,4285.932
46411,2015-09-10T14:45:00+00:00,-547772,4286.010
46411,2015-09-10T15:00:00+00:00,-546872,4286.094
46411,2015-09-10T15:15:00+00:00,-545972,4286.172
46411,2015-09-10T15:30:00+00:00,-545072,4286.250
46411,2015-09-10T15:45:00+00:00,-544172,4286.324
46411,2015-09-10T16:00:00+00:00,-543272,4286.396
46411,2015-09-10T16:15:00+00:00,-542372,4286.463
46411,2015-09-10T16:30:00+00:00,-541472,4286.524
46411,2015-09-10T16:45:00+00:00,-540572,4286.580
46411,2015-09-10T17:00:00+00:00,-539672,4286.626
46411,2015-09-10T17:15:00+00:00,-538772,4286.664
46411,2015-09-10T17:30:00+00:00,-537872,4286.694
46411,2015-09-10T17:45:00+00:00,-536972,4286.716
46411,2015-09-10T18:00:00+00:00,-536072,4286.728
46411,2015-09-10T18:15:00+00:00,-535172,4286.734
46411,2015-09-10T18:30:00+00:00,-534272,4286.728
46411,2015-09-10T18:45:00+00:00,-533372,4286.715
46411,2015-09-10T19:00:00+00:00,-532472,4286.692
46411,2015-09-10T19:15:00+00:00,-531572,4286.660
46411,2015-09-10T19:30:00+00:00,-530672,4286.626
46411,2015-09-10T19:45:00+00:00,-529772,4286.583
46411,2015-09-10T20:00:00+00:00,-528872,4286.535
46411,2015-09-10T20:15:00+00:00,-527972,4286.482
46411,2015-09-10T20:30:00+00:00,-527072,4286.426
46411,2015-09-10T20:45:00+00:00,-526172,4286.370
46411,2015-09-10T21:00:00+00:00,-525272,4286.313
46411,2015-09-10T21:15:00+00:00,-524372,4286.260
46411,2015-09-10T21:30:00+00:00,-523472,4286.204
46411,2015-09-10T21:45:00+00:00,-522572,4286.153
46411,2015-09-10T22:00:00+00:00,-521672,4286.103
46411,2015-09-10T22:15:00+00:00,-520772,4286.058
46411,2015-09-10T22:30:00+00:00,-519872,4286.020
46411,2015-09-10T22:45:00+00:00,-518972,4285.986
46411,2015-09-10T23:00:00+00:00,-518072,4285.961
46411,2015-09-10T23:15:00+00:00,-517172,4285.943
46411,2015-09-10T23:30:00+00:00,-516272,4285.934
46411,2015-09-10T23:45:00+00:00,-515372,4285.934
46411,2015-09-11T00:00:00+00:00,-514472,4285.942
46411,2015-09-11T00:15:00+00:00,-513572,4285.960
46411,2015-09-11T00:30:00+00:00,-512672,4285.982
46411,2015-09-11T00:45:00+00:00,-511772,4286.012
46411,2015-09-11T01:00:00+00:00,-510872,4286.047
46411,2015-09-11T01:15:00+00:00,-509972,4286.091
46411,2015-09-11T01:30:00+00:00,-509072,4286.142
46411,2015-09-11T01:45:00+00:00,-508172,4286.196
46411,2015-09-11T02:00:00+00:00,-507272,4286.253
46411,2015-09-11T02:15:00+00:00,-506372,4286.317
46411,2015-09-11T02:30:00+00:00,-505472,4286.381
46411,2015-09-11T02:45:00+00:00,-504572,4286.447
46411,2015-09-11T03:00:00+00:00,-503672,4286.515
46411,2015-09-11T03:15:00+00:00,-502772,4286.582
46411,2015-09-11T03:30:00+00:00,-501872,4286.644
46411,2015-09-11T03:45:00+00:00,-500972,4286.705
46411,2015-09-11T04:00:00+00:00,-500072,4286.758
46411,2015-09-11T04:15:00+00:00,-499172,4286.807
46411,2015-09-11T04:30:00+00:00,-498272,4286.850
46411,2015-09-11T04:45:00+00:00,-497372,4286.883
46411,2015-09-11T05:00:00+00:00,-496472,4286.911
46411,2015-09-11T05:15:00+00:00,-495572,4286.930
46411,2015-09-11T05:30:00+00:00,-494672,4286.938
46411,2015-09-11T05:45:00+00:00,-493772,4286.935
46411,2015-09-11T06:00:00+00:00,-492872,4286.923
46411,2015-09-11T06:15:00+00:00,-491972,4286.901
46411,2015-09-11T06:30:00+00:00,-491072,4286.873
46411,2015-09-11T06:45:00+00:00,-490172,4286.833
46411,2015-09-11T07:00:00+00:00,-489272,4286.783
46411,2015-09-11T07:15:00+00:00,-488372,4286.727
46411,2015-09-11T07:30:00+00:00,-487472,4286.661
46411,2015-09-11T07:45:00+00:00,-486572,4286.590
46411,2015-09-11T08:00:00+00:00,-485672,4286.513
46411,2015-09-11T09:15:00+00:00,-481172,4286.081
46411,2015-09-11T09:30:00+00:00,-480272,4285.994
46411,2015-09-11T09:45:00+00:00,-479372,4285.908
46411,2015-09-11T10:00:00+00:00,-478472,4285.827
46411,2015-09-11T10:15:00+00:00,-477572,4285.752
46411,2015-09-11T10:30:00+00:00,-476672,4285.683
46411,2015-09-11T10:45:00+00:00,-475772,4285.617
46411,2015-09-11T11:00:00+00:00,-474872,4285.559
46411,2015-09-11T11:15:00+00:00,-473972,4285.511
46411,2015-09-11T11:30:00+00:00,-473072,4285.471
46411,2015-09-11T11:45:00+00:00,-472172,4285.439
46411,2015-09-11T12:00:00+00:00,-471272,4285.419
46411,2015-09-11T12:15:00+00:00,-470372,4285.410
46411,2015-09-11T12:30:00+00:00,-469472,4285.411
46411,2015-09-11T12:45:00+00:00,-468572,4285.424
46411,2015-09-11T13:00:00+00:00,-467672,4285.446
46411,2015-09-11T13:15:00+00:00,-466772,4285.480
46411,2015-09-11T13:30:00+00:00,-465872,4285.524
46411,2015-09-11T13:45:00+00:00,-464972,4285.576
46411,2015-09-11T14:00:00+00:00,-464072,4285.636
46411,2015-09-11T14:15:00+00:00,-463172,4285.702
46411,2015-09-11T14:30:00+00:00,-462272,4285.773
46411,2015-09-11T14:45:00+00:00,-461372,4285.847
46411,2015-09-11T15:00:00+00:00,-460472,4285.929
46411,2015-09-11T15:15:00+00:00,-459572,4286.010
46411,2015-09-11T15:30:00+00:00,-458672,4286.092
46411,2015-09-11T15:45:00+00:00,-457772,4286.174
46411,2015-09-11T16:00:00+00:00,-456872,4286.255
46411,2015-09-11T16:15:00+00:00,-455972,4286.335
46411,2015-09-11T16:30:00+00:00,-455072,4286.408
46411,2015-09-11T16:45:00+00:00,-454172,4286.480
46411,2015-09-11T17:00:00+00:00,-453272,4286.544
46411,2015-09-11T17:15:00+00:00,-452372,4286.601
46411,2015-09-11T17:30:00+00:00,-451472,4286.652
46411,2015-09-11T17:45:00+00:00,-450572,4286.694
46411,2015-09-11T18:00:00+00:00,-449672,4286.726
46411,2015-09-11T18:15:00+00:00,-448772,4286.747
46411,2015-09-11T18:30:00+00:00,-447872,4286.760
46411,2015-09-11T18:45:00+00:00,-446972,4286.763
46411,2015-09-11T19:00:00+00:00,-446072,4286.756
46411,2015-09-11T19:15:00+00:00,-445172,4286.743
46411,2015-09-11T19:30:00+00:00,-444272,4286.721
46411,2015-09-11T19:45:00+00:00,-443372,4286.688
46411,2015-09-11T20:00:00+00:00,-442472,4286.653
46411,2015-09-11T20:15:00+00:00,-441572,4286.609
46411,2015-09-11T20:30:00+00:00,-440672,4286.557
46411,2015-09-11T20:45:00+00:00,-439772,4286.501
46411,2015-09-11T21:00:00+00:00,-438872,4286.441
46411,2015-09-11T21:15:00+00:00,-437972,4286.380
46411,2015-09-11T21:30:00+00:00,-437072,4286.316
46411,2015-09-11T21:45:00+00:00,-436172,4286.253
46411,2015-09-11T22:00:00+00:00,-435272,4286.192
46411,2015-09-11T22:15:00+00:00,-434372,4286.131
46411,2015-09-11T22:30:00+00:00,-433472,4286.076
46411,2015-09-11T22:45:00+00:00,-432572,4286.024
46411,2015-09-11T23:00:00+00:00,-431672,4285.976
46411,2015-09-11T23:15:00+00:00,-430772,4285.939
46411,2015-09-11T23:30:00+00:00,-429872,4285.905
46411,2015-09-11T23:45:00+00:00,-428972,4285.881
46411,2015-09-12T00:00:00+00:00,-428072,4285.866
46411,2015-09-12T00:15:00+00:00,-427172,4285.860
46411,2015-09-12T00:30:00+00:00,-426272,4285.861
46411,2015-09-12T00:45:00+00:00,-425372,4285.870
46411,2015-09-12T01:00:00+00:00,-424472,4285.887
46411,2015-09-12T01:15:00+00:00,-423572,4285.915
46411,2015-09-12T01:30:00+00:00,-422672,4285.946
46411,2015-09-12T01:45:00+00:00,-421772,4285.986
46411,2015-09-12T02:00:00+00:00,-420872,4286.035
46411,2015-09-12T02:15:00+00:00,-419972,4286.090
46411,2015-09-12T02:30:00+00:00,-419072,4286.151
46411,2015-09-12T02:45:00+00:00,-418172,4286.216
46411,2015-09-12T03:00:00+00:00,-417272,4286.287
46411,2015-09-12T03:15:00+00:00,-416372,4286.355
46411,2015-09-12T03:30:00+00:00,-415472,4286.427
46411,2015-09-12T03:45:00+00:00,-414572,4286.497
46411,2015-09-12T04:00:00+00:00,-413672,4286.566
46411,2015-09-12T04:15:00+00:00,-412772,4286.634
46411,2015-09-12T04:30:00+00:00,-411872,4286.696
46411,2015-09-12T04:45:00+00:00,-410972,4286.753
46411,2015-09-12T05:00:00+00:00,-410072,4286.804
46411,2015-09-12T05:15:00+00:00,-409172,4286.845
46411,2015-09-12T05:30:00+00:00,-408272,4286.881
46411,2015-09-12T05:45:00+00:00,-407372,4286.910
46411,2015-09-12T06:00:00+00:00,-406472,4286.928
46411,2015-09-12T06:15:00+00:00,-405572,4286.937
46411,2015-09-12T06:30:00+00:00,-404672,4286.933
46411,2015-09-12T06:45:00+00:00,-403772,4286.921
46411,2015-09-12T07:00:00+00:00,-402872,4286.898
46411,2015-09-12T07:15:00+00:00,-401972,4286.867
46411,2015-09-12T07:30:00+00:00,-401072,4286.828
46411,2015-09-12T07:45:00+00:00,-400172,4286.779
46411,2015-09-12T08:00:00+00:00,-399272,4286.719
46411,2015-09-12T08:15:00+00:00,-398372,4286.652
46411,2015-09-12T08:30:00+00:00,-397472,4286.581
46411,2015-09-12T08:45:00+00:00,-396572,4286.504
46411,2015-09-12T09:00:00+00:00,-395672,4286.421
46411,2015-09-12T09:15:00+00:00,-394772,4286.337
46411,2015-09-12T09:30:00+00:00,-393872,4286.251
46411,2015-09-12T09:45:00+00:00,-392972,4286.163
46411,2015-09-12T10:00:00+00:00,-392072,4286.075
46411,2015-09-12T10:15:00+00:00,-391172,4285.989
46411,2015-09-12T10:30:00+00:00,-390272,4285.906
46411,2015-09-12T10:45:00+00:00,-389372,4285.828
46411,2015-09-12T11:00:00+00:00,-388472,4285.755
46411,2015-09-12T11:15:00+00:00,-387572,4285.685
46411,2015-09-12T11:30:00+00:00,-386672,4285.626
46411,2015-09-12T11:45:00+00:00,-385772,4285.573
46411,2015-09-12T12:00:00+00:00,-384872,4285.532
46411,2015-09-12T12:15:00+00:00,-383972,4285.500
46411,2015-09-12T12:30:00+00:00,-383072,4285.476
46411,2015-09-12T12:45:00+00:00,-382172,4285.467
46411,2015-09-12T13:00:00+00:00,-381272,4285.467
46411,2015-09-12T13:15:00+00:00,-380372,4285.480
46411,2015-09-12T13:30:00+00:00,-379472,4285.503
46411,2015-09-12T13:45:00+00:00,-378572,4285.531
46411,2015-09-12T14:00:00+00:00,-377672,4285.573
46411,2015-09-12T14:15:00+00:00,-376772,4285.621
46411,2015-09-12T14:30:00+00:00,-375872,4285.678
46411,2015-09-12T14:45:00+00:00,-374972,4285.741
46411,2015-09-12T15:00:00+00:00,-374072,4285.811
46411,2015-09-12T15:15:00+00:00,-373172,4285.888
46411,2015-09-12T15:30:00+00:00,-372272,4285.967
46411,2015-09-12T15:45:00+00:00,-371372,4286.051
46411,2015-09-12T16:00:00+00:00,-370472,4286.135
46411,2015-09-12T16:15:00+00:00,-369572,4286.219
46411,2015-09-12T16:30:00+00:00,-368672,4286.299
46411,2015-09-12T16:45:00+00:00,-367772,4286.379
46411,2015-09-12T17:00:00+00:00,-366872,4286.454
46411,2015-09-12T17:15:00+00:00,-365972,4286.523
46411,2015-09-12T17:30:00+00:00,-365072,4286.587
46411,2015-09-12T17:45:00+00:00,-364172,4286.644
46411,2015-09-12T18:00:00+00:00,-363272,4286.695
46411,2015-09-12T18:15:00+00:00,-362372,4286.735
46411,2015-09-12T18:30:00+00:00,-361472,4286.766
46411,2015-09-12T18:45:00+00:00,-360572,4286.790
46411,2015-09-12T19:00:00+00:00,-359672,4286.799
46411,2015-09-12T19:15:00+00:00,-358772,4286.799
46411,2015-09-12T19:30:00+00:00,-357872,4286.793
46411,2015-09-12T19:45:00+00:00,-356972,4286.773
46411,2015-09-12T20:00:00+00:00,-356072,4286.747
46411,2015-09-12T20:15:00+00:00,-355172,4286.713
46411,2015-09-12T20:30:00+00:00,-354272,4286.673
46411,2015-09-12T20:45:00+00:00,-353372,4286.625
46411,2015-09-12T21:00:00+00:00,-352472,4286.573
46411,2015-09-12T21:15:00+00:00,-351572,4286.515
46411,2015-09-12T21:30:00+00:00,-350672,4286.451
46411,2015-09-12T21:45:00+00:00,-349772,4286.386
46411,2015-09-12T22:00:00+00:00,-348872,4286.319
46411,2015-09-12T22:15:00+00:00,-347972,4286.249
46411,2015-09-12T22:30:00+00:00,-347072,4286.183
46411,2015-09-12T22:45:00+00:00,-346172,4286.119
46411,2015-09-12T23:00:00+00:00,-345272,4286.058
46411,2015-09-12T23:15:00+00:00,-344372,4286.004
46411,2015-09-12T23:30:00+00:00,-343472,4285.954
46411,2015-09-12T23:45:00+00:00,-342572,4285.911
46411,2015-09-13T00:00:00+00:00,-341672,4285.872
46411,2015-09-13T00:15:00+00:00,-340772,4285.844
46411,2015-09-13T00:30:00+00:00,-339872,4285.821
46411,2015-09-13T00:45:00+00:00,-338972,4285.806
46411,2015-09-13T01:00:00+00:00,-338072,4285.799
46411,2015-09-13T01:15:00+00:00,-337172,4285.801
46411,2015-09-13T01:30:00+00:00,-336272,4285.813
46411,2015-09-13T01:45:00+00:00,-335372,4285.835
46411,2015-09-13T02:00:00+00:00,-334472,4285.869
46411,2015-09-13T02:15:00+00:00,-333572,4285.908
46411,2015-09-13T02:30:00+00:00,-332672,4285.955
46411,2015-09-13T02:45:00+00:00,-331772,4286.007
46411,2015-09-13T03:00:00+00:00,-330872,4286.066
46411,2015-09-13T03:15:00+00:00,-329972,4286.131
46411,2015-09-13T03:30:00+00:00,-329072,4286.201
46411,2015-09-13T03:45:00+00:00,-328172,4286.273
46411,2015-09-13T04:00:00+00:00,-327272,4286.345
46411,2015-09-13T04:15:00+00:00,-326372,4286.418
46411,2015-09-13T04:30:00+00:00,-325472,4286.490
46411,2015-09-13T04:45:00+00:00,-324572,4286.560
46411,2015-09-13T05:00:00+00:00,-323672,4286.624
46411,2015-09-13T05:15:00+00:00,-322772,4286.683
46411,2015-09-13T05:30:00+00:00,-321872,4286.737
46411,2015-09-13T05:45:00+00:00,-320972,4286.788
46411,2015-09-13T06:00:00+00:00,-320072,4286.848
46411,2015-09-13T07:15:00+00:00,-315572,4286.925
46411,2015-09-13T07:30:00+00:00,-314672,4286.910
46411,2015-09-13T07:45:00+00:00,-313772,4286.883
46411,2015-09-13T08:00:00+00:00,-312872,4286.848
46411,2015-09-13T10:15:00+00:00,-304772,4286.226
46411,2015-09-13T10:30:00+00:00,-303872,4286.142
46411,2015-09-13T10:45:00+00:00,-302972,4286.060
46411,2015-09-13T11:00:00+00:00,-302072,4285.980
46411,2015-09-13T11:15:00+00:00,-301172,4285.902
46411,2015-09-13T11:30:00+00:00,-300272,4285.827
46411,2015-09-13T11:45:00+00:00,-299372,4285.763
46411,2015-09-13T12:00:00+00:00,-298472,4285.704
46411,2015-09-13T12:15:00+00:00,-297572,4285.653
46411,2015-09-13T12:30:00+00:00,-296672,4285.609
46411,2015-09-13T12:45:00+00:00,-295772,4285.576
46411,2015-09-13T13:00:00+00:00,-294872,4285.552
46411,2015-09-13T13:15:00+00:00,-293972,4285.540
46411,2015-09-13T13:30:00+00:00,-293072,4285.539
46411,2015-09-13T13:45:00+00:00,-292172,4285.549
46411,2015-09-13T14:00:00+00:00,-291272,4285.566
46411,2015-09-13T14:15:00+00:00,-290372,4285.593
46411,2015-09-13T14:30:00+00:00,-289472,4285.631
46411,2015-09-13T14:45:00+00:00,-288572,4285.682
46411,2015-09-13T15:00:00+00:00,-287672,4285.737
46411,2015-09-13T16:15:00+00:00,-283172,4286.108
46411,2015-09-13T16:30:00+00:00,-282272,4286.190
46411,2015-09-13T16:45:00+00:00,-281372,4286.273
46411,2015-09-13T17:00:00+00:00,-280472,4286.356
46411,2015-09-13T17:15:00+00:00,-279572,4286.433
46411,2015-09-13T17:30:00+00:00,-278672,4286.510
46411,2015-09-13T17:45:00+00:00,-277772,4286.580
46411,2015-09-13T18:00:00+00:00,-276872,4286.643
46411,2015-09-13T18:15:00+00:00,-275972,4286.700
46411,2015-09-13T18:30:00+00:00,-275072,4286.748
46411,2015-09-13T18:45:00+00:00,-274172,4286.785
46411,2015-09-13T19:00:00+00:00,-273272,4286.816
46411,2015-09-13T19:15:00+00:00,-272372,4286.839
46411,2015-09-13T19:30:00+00:00,-271472,4286.850
46411,2015-09-13T19:45:00+00:00,-270572,4286.853
46411,2015-09-13T20:00:00+00:00,-269672,4286.844
46411,2015-09-13T21:15:00+00:00,-265172,4286.667
46411,2015-09-13T21:30:00+00:00,-264272,4286.610
46411,2015-09-13T21:45:00+00:00,-263372,4286.544
46411,2015-09-13T22:00:00+00:00,-262472,4286.478
46411,2015-09-13T22:15:00+00:00,-261572,4286.406
46411,2015-09-13T22:30:00+00:00,-260672,4286.334
46411,2015-09-13T22:45:00+00:00,-259772,4286.261
46411,2015-09-13T23:00:00+00:00,-258872,4286.189
46411,2015-09-13T23:15:00+00:00,-257972,4286.117
46411,2015-09-13T23:30:00+00:00,-257072,4286.050
46411,2015-09-13T23:45:00+00:00,-256172,4285.990
46411,2015-09-14T00:00:00+00:00,-255272,4285.931
46411,2015-09-14T00:15:00+00:00,-254372,4285.879
46411,2015-09-14T00:30:00+00:00,-253472,4285.831
46411,2015-09-14T00:45:00+00:00,-252572,4285.795
46411,2015-09-14T01:00:00+00:00,-251672,4285.766
46411,2015-09-14T01:15:00+00:00,-250772,4285.745
46411,2015-09-14T01:30:00+00:00,-249872,4285.740
46411,2015-09-14T01:45:00+00:00,-248972,4285.740
46411,2015-09-14T02:00:00+00:00,-248072,4285.750
46411,2015-09-14T02:15:00+00:00,-247172,4285.764
46411,2015-09-14T02:30:00+00:00,-246272,4285.791
46411,2015-09-14T02:45:00+00:00,-245372,4285.827
46411,2015-09-14T03:00:00+00:00,-244472,4285.870
46411,2015-09-14T03:15:00+00:00,-243572,4285.923
46411,2015-09-14T03:30:00+00:00,-242672,4285.982
46411,2015-09-14T03:45:00+00:00,-241772,4286.046
46411,2015-09-14T04:00:00+00:00,-240872,4286.114
46411,2015-09-14T04:15:00+00:00,-239972,4286.182
46411,2015-09-14T04:30:00+00:00,-239072,4286.255
46411,2015-09-14T04:45:00+00:00,-238172,4286.328
46411,2015-09-14T05:00:00+00:00,-237272,4286.399
46411,2015-09-14T05:15:00+00:00,-236372,4286.469
46411,2015-09-14T05:30:00+00:00,-235472,4286.538
46411,2015-09-14T05:45:00+00:00,-234572,4286.603
46411,2015-09-14T06:00:00+00:00,-233672,4286.664
46411,2015-09-14T06:15:00+00:00,-232772,4286.718
46411,2015-09-14T06:30:00+00:00,-231872,4286.765
46411,2015-09-14T06:45:00+00:00,-230972,4286.806
46411,2015-09-14T07:00:00+00:00,-230072,4286.832
46411,2015-09-14T07:15:00+00:00,-229172,4286.851
46411,2015-09-14T07:30:00+00:00,-228272,4286.864
46411,2015-09-14T07:45:00+00:00,-227372,4286.863
46411,2015-09-14T08:00:00+00:00,-226472,4286.852
46411,2015-09-14T08:15:00+00:00,-225572,4286.833
46411,2015-09-14T08:30:00+00:00,-224672,4286.804
46411,2015-09-14T08:45:00+00:00,-223772,4286.767
46411,2015-09-14T09:00:00+00:00,-222872,4286.721
46411,2015-09-14T09:15:00+00:00,-221972,4286.668
46411,2015-09-14T09:30:00+00:00,-221072,4286.605
46411,2015-09-14T09:45:00+00:00,-220172,4286.539
46411,2015-09-14T10:00:00+00:00,-219272,4286.468
46411,2015-09-14T11:15:00+00:00,-214772,4286.084
46411,2015-09-14T11:30:00+00:00,-213872,4286.008
46411,2015-09-14T11:45:00+00:00,-212972,4285.936
46411,2015-09-14T12:00:00+00:00,-212072,4285.866
46411,2015-09-14T12:15:00+00:00,-211172,4285.802
46411,2015-09-14T12:30:00+00:00,-210272,4285.746
46411,2015-09-14T12:45:00+00:00,-209372,4285.700
46411,2015-09-14T13:00:00+00:00,-208472,4285.663
46411,2015-09-14T14:15:00+00:00,-203972,4285.610
46411,2015-09-14T14:30:00+00:00,-203072,4285.629
46411,2015-09-14T14:45:00+00:00,-202172,4285.658
46411,2015-09-14T15:00:00+00:00,-201272,4285.693
46411,2015-09-14T15:15:00+00:00,-200372,4285.741
46411,2015-09-14T15:30:00+00:00,-199472,4285.794
46411,2015-09-14T15:45:00+00:00,-198572,4285.856
46411,2015-09-14T16:00:00+00:00,-197672,4285.924
46411,2015-09-14T16:15:00+00:00,-196772,4285.994
46411,2015-09-14T16:30:00+00:00,-195872,4286.071
46411,2015-09-14T16:45:00+00:00,-194972,4286.150
46411,2015-09-14T17:00:00+00:00,-194072,4286.231
46411,2015-09-14T17:15:00+00:00,-193172,4286.309
46411,2015-09-14T17:30:00+00:00,-192272,4286.385
46411,2015-09-14T17:45:00+00:00,-191372,4286.465
46411,2015-09-14T18:00:00+00:00,-190472,4286.538
46411,2015-09-14T18:15:00+00:00,-189572,4286.603
46411,2015-09-14T18:30:00+00:00,-188672,4286.665
46411,2015-09-14T18:45:00+00:00,-187772,4286.722
46411,2015-09-14T19:00:00+00:00,-186872,4286.766
46411,2015-09-14T19:15:00+00:00,-185972,4286.806
46411,2015-09-14T19:30:00+00:00,-185072,4286.836
46411,2015-09-14T19:45:00+00:00,-184172,4286.860
46411,2015-09-14T20:00:00+00:00,-183272,4286.871
46411,2015-09-14T20:15:00+00:00,-182372,4286.870
46411,2015-09-14T20:30:00+00:00,-181472,4286.860
46411,2015-09-14T20:45:00+00:00,-180572,4286.840
46411,2015-09-14T21:00:00+00:00,-179672,4286.811
46411,2015-09-14T21:15:00+00:00,-178772,4286.771
46411,2015-09-14T21:30:00+00:00,-177872,4286.725
46411,2015-09-14T21:45:00+00:00,-176972,4286.670
46411,2015-09-14T22:00:00+00:00,-176072,4286.610
46411,2015-09-14T22:15:00+00:00,-175172,4286.544
46411,2015-09-14T22:30:00+00:00,-174272,4286.471
46411,2015-09-14T22:45:00+00:00,-173372,4286.395
46411,2015-09-14T23:00:00+00:00,-172472,4286.320
46411,2015-09-14T23:15:00+00:00,-171572,4286.247
46411,2015-09-14T23:30:00+00:00,-170672,4286.170
46411,2015-09-14T23:45:00+00:00,-169772,4286.098
46411,2015-09-15T00:00:00+00:00,-168872,4286.029
46411,2015-09-15T00:15:00+00:00,-167972,4285.964
46411,2015-09-15T00:30:00+00:00,-167072,4285.902
46411,2015-09-15T00:45:00+00:00,-166172,4285.846
46411,2015-09-15T01:00:00+00:00,-165272,4285.795
46411,2015-09-15T01:15:00+00:00,-164372,4285.754
46411,2015-09-15T01:30:00+00:00,-163472,4285.718
46411,2015-09-15T01:45:00+00:00,-162572,4285.692
46411,2015-09-15T02:00:00+00:00,-161672,4285.678
46411,2015-09-15T02:15:00+00:00,-160772,4285.672
46411,2015-09-15T02:30:00+00:00,-159872,4285.677
46411,2015-09-15T02:45:00+00:00,-158972,4285.692
46411,2015-09-15T03:00:00+00:00,-158072,4285.716
46411,2015-09-15T03:15:00+00:00,-157172,4285.748
46411,2015-09-15T03:30:00+00:00,-156272,4285.788
46411,2015-09-15T03:45:00+00:00,-155372,4285.838
46411,2015-09-15T04:00:00+00:00,-154472,4285.894
46411,2015-09-15T04:15:00+00:00,-153572,4285.951
46411,2015-09-15T04:30:00+00:00,-152672,4286.018
46411,2015-09-15T04:45:00+00:00,-151772,4286.087
46411,2015-09-15T05:00:00+00:00,-150872,4286.158
46411,2015-09-15T05:15:00+00:00,-149972,4286.230
46411,2015-09-15T05:30:00+00:00,-149072,4286.302
46411,2015-09-15T05:45:00+00:00,-148172,4286.372
46411,2015-09-15T06:00:00+00:00,-147272,4286.442
46411,2015-09-15T06:15:00+00:00,-146372,4286.509
46411,2015-09-15T06:30:00+00:00,-145472,4286.571
46411,2015-09-15T06:45:00+00:00,-144572,4286.626
46411,2015-09-15T07:00:00+00:00,-143672,4286.672
46411,2015-09-15T07:15:00+00:00,-142772,4286.712
46411,2015-09-15T07:30:00+00:00,-141872,4286.746
46411,2015-09-15T07:45:00+00:00,-140972,4286.769
46411,2015-09-15T08:00:00+00:00,-140072,4286.784
46411,2015-09-15T08:15:00+00:00,-139172,4286.791
46411,2015-09-15T08:30:00+00:00,-138272,4286.788
46411,2015-09-15T08:45:00+00:00,-137372,4286.775
46411,2015-09-15T09:00:00+00:00,-136472,4286.757
46411,2015-09-15T09:15:00+00:00,-135572,4286.729
46411,2015-09-15T09:30:00+00:00,-134672,4286.695
46411,2015-09-15T09:45:00+00:00,-133772,4286.648
46411,2015-09-15T10:00:00+00:00,-132872,4286.593
46411,2015-09-15T10:15:00+00:00,-131972,4286.536
46411,2015-09-15T10:30:00+00:00,-131072,4286.471
46411,2015-09-15T10:45:00+00:00,-130172,4286.401
46411,2015-09-15T11:00:00+00:00,-129272,4286.331
46411,2015-09-15T11:15:00+00:00,-128372,4286.259
46411,2015-09-15T11:30:00+00:00,-127472,4286.186
46411,2015-09-15T11:45:00+00:00,-126572,4286.118
46411,2015-09-15T12:00:00+00:00,-125672,4286.050
46411,2015-09-15T12:15:00+00:00,-124772,4285.986
46411,2015-09-15T12:30:00+00:00,-123872,4285.922
46411,2015-09-15T12:45:00+00:00,-122972,4285.867
46411,2015-09-15T13:00:00+00:00,-122072,4285.816
46411,2015-09-15T13:15:00+00:00,-121172,4285.773
46411,2015-09-15T13:30:00+00:00,-120272,4285.738
46411,2015-09-15T13:45:00+00:00,-119372,4285.710
46411,2015-09-15T14:00:00+00:00,-118472,4285.691
46411,2015-09-15T14:15:00+00:00,-117572,4285.680
46411,2015-09-15T14:30:00+00:00,-116672,4285.680
46411,2015-09-15T14:45:00+00:00,-115772,4285.690
46411,2015-09-15T15:00:00+00:00,-114872,4285.710
46411,2015-09-15T15:15:00+00:00,-113972,4285.735
46411,2015-09-15T15:30:00+00:00,-113072,4285.771
46411,2015-09-15T15:45:00+00:00,-112172,4285.814
46411,2015-09-15T16:00:00+00:00,-111272,4285.864
46411,2015-09-15T16:15:00+00:00,-110372,4285.921
46411,2015-09-15T16:30:00+00:00,-109472,4285.986
46411,2015-09-15T16:45:00+00:00,-108572,4286.054
46411,2015-09-15T17:00:00+00:00,-107672,4286.127
46411,2015-09-15T17:15:00+00:00,-106772,4286.205
46411,2015-09-15T17:30:00+00:00,-105872,4286.279
46411,2015-09-15T17:45:00+00:00,-104972,4286.357
46411,2015-09-15T18:00:00+00:00,-104072,4286.431
46411,2015-09-15T18:15:00+00:00,-103172,4286.505
46411,2015-09-15T18:30:00+00:00,-102272,4286.569
46411,2015-09-15T18:45:00+00:00,-101372,4286.629
46411,2015-09-15T19:00:00+00:00,-100472,4286.691
46411,2015-09-15T19:15:00+00:00,-99572,4286.742
46411,2015-09-15T19:30:00+00:00,-98672,4286.785
46411,2015-09-15T19:45:00+00:00,-97772,4286.823
46411,2015-09-15T20:00:00+00:00,-96872,4286.851
46411,2015-09-15T20:15:00+00:00,-95972,4286.867
46411,2015-09-15T20:30:00+00:00,-95072,4286.874
46411,2015-09-15T20:45:00+00:00,-94172,4286.873
46411,2015-09-15T21:00:00+00:00,-93272,4286.862
46411,2015-09-15T21:15:00+00:00,-92372,4286.839
46411,2015-09-15T21:30:00+00:00,-91472,4286.805
46411,2015-09-15T21:45:00+00:00,-90572,4286.766
46411,2015-09-15T22:00:00+00:00,-89672,4286.718
46411,2015-09-15T22:15:00+00:00,-88772,4286.661
46411,2015-09-15T22:30:00+00:00,-87872,4286.598
46411,2015-09-15T22:45:00+00:00,-86972,4286.532
46411,2015-09-15T23:00:00+00:00,-86072,4286.461
46411,2015-09-15T23:15:00+00:00,-85172,4286.386
46411,2015-09-15T23:30:00+00:00,-84272,4286.310
46411,2015-09-15T23:45:00+00:00,-83372,4286.231
46411,2015-09-16T00:00:00+00:00,-82472,4286.153
46411,2015-09-16T00:15:00+00:00,-81572,4286.079
46411,2015-09-16T00:30:00+00:00,-80672,4286.006
46411,2015-09-16T00:45:00+00:00,-79772,4285.937
46411,2015-09-16T01:00:00+00:00,-78872,4285.873
46411,2015-09-16T01:15:00+00:00,-77972,4285.811
46411,2015-09-16T01:30:00+00:00,-77072,4285.758
46411,2015-09-16T01:45:00+00:00,-76172,4285.713
46411,2015-09-16T02:00:00+00:00,-75272,4285.677
46411,2015-09-16T02:15:00+00:00,-74372,4285.649
46411,2015-09-16T02:30:00+00:00,-73472,4285.630
46411,2015-09-16T02:45:00+00:00,-72572,4285.622
46411,2015-09-16T03:00:00+00:00,-71672,4285.624
46411,2015-09-16T03:15:00+00:00,-70772,4285.636
46411,2015-09-16T03:30:00+00:00,-69872,4285.658
46411,2015-09-16T03:45:00+00:00,-68972,4285.687
46411,2015-09-16T04:00:00+00:00,-68072,4285.725
46411,2015-09-16T04:15:00+00:00,-67172,4285.768
46411,2015-09-16T04:30:00+00:00,-66272,4285.819
46411,2015-09-16T04:45:00+00:00,-65372,4285.872
46411,2015-09-16T05:00:00+00:00,-64472,4285.931
46411,2015-09-16T05:15:00+00:00,-63572,4285.995
46411,2015-09-16T05:30:00+00:00,-62672,4286.059
46411,2015-09-16T05:45:00+00:00,-61772,4286.125
46411,2015-09-16T06:00:00+00:00,-60872,4286.192
46411,2015-09-16T06:15:00+00:00,-59972,4286.259
46411,2015-09-16T06:30:00+00:00,-59072,4286.326
46411,2015-09-16T06:45:00+00:00,-58172,4286.393
46411,2015-09-16T07:00:00+00:00,-57272,4286.455
46411,2015-09-16T07:15:00+00:00,-56372,4286.511
46411,2015-09-16T07:30:00+00:00,-55472,4286.562
46411,2015-09-16T07:45:00+00:00,-54572,4286.607
46411,2015-09-16T08:00:00+00:00,-53672,4286.644
46411,2015-09-16T08:15:00+00:00,-52772,4286.670
46411,2015-09-16T08:30:00+00:00,-51872,4286.690
46411,2015-09-16T08:45:00+00:00,-50972,4286.702
46411,2015-09-16T09:00:00+00:00,-50072,4286.707
46411,2015-09-16T09:15:00+00:00,-49172,4286.702
46411,2015-09-16T09:30:00+00:00,-48272,4286.691
46411,2015-09-16T09:45:00+00:00,-47372,4286.670
46411,2015-09-16T10:00:00+00:00,-46472,4286.641
46411,2015-09-16T10:15:00+00:00,-45572,4286.605
46411,2015-09-16T10:30:00+00:00,-44672,4286.565
46411,2015-09-16T10:45:00+00:00,-43772,4286.516
46411,2015-09-16T11:00:00+00:00,-42872,4286.464
46411,2015-09-16T11:15:00+00:00,-41972,4286.407
46411,2015-09-16T11:30:00+00:00,-41072,4286.345
46411,2015-09-16T11:45:00+00:00,-40172,4286.284
46411,2015-09-16T12:00:00+00:00,-39272,4286.221
46411,2015-09-16T12:15:00+00:00,-38372,4286.155
46411,2015-09-16T12:30:00+00:00,-37472,4286.094
46411,2015-09-16T12:45:00+00:00,-36572,4286.038
46411,2015-09-16T13:00:00+00:00,-35672,4285.983
46411,2015-09-16T13:15:00+00:00,-34772,4285.936
46411,2015-09-16T13:30:00+00:00,-33872,4285.891
46411,2015-09-16T13:45:00+00:00,-32972,4285.854
46411,2015-09-16T14:00:00+00:00,-32072,4285.823
46411,2015-09-16T14:15:00+00:00,-31172,4285.797
46411,2015-09-16T14:30:00+00:00,-30272,4285.781
46411,2015-09-16T14:45:00+00:00,-29372,4285.772
46411,2015-09-16T15:00:00+00:00,-28472,4285.769
46411,2015-09-16T15:15:00+00:00,-27572,4285.776
46411,2015-09-16T15:30:00+00:00,-26672,4285.792
46411,2015-09-16T15:45:00+00:00,-25772,4285.818
46411,2015-09-16T16:00:00+00:00,-24872,4285.852
46411,2015-09-16T16:15:00+00:00,-23972,4285.894
46411,2015-09-16T16:30:00+00:00,-23072,4285.943
46411,2015-09-16T16:45:00+00:00,-22172,4285.997
46411,2015-09-16T17:00:00+00:00,-21272,4286.060
46411,2015-09-16T17:15:00+00:00,-20372,4286.128
46411,2015-09-16T17:30:00+00:00,-19472,4286.198
46411,2015-09-16T17:45:00+00:00,-18572,4286.268
46411,2015-09-16T18:00:00+00:00,-17672,4286.342
46411,2015-09-16T18:15:00+00:00,-16772,4286.414
46411,2015-09-16T18:30:00+00:00,-15872,4286.486
46411,2015-09-16T18:45:00+00:00,-14972,4286.552
46411,2015-09-16T19:00:00+00:00,-14072,4286.617
46411,2015-09-16T19:15:00+00:00,-13172,4286.675
46411,2015-09-16T19:30:00+00:00,-12272,4286.729
46411,2015-09-16T19:45:00+00:00,-11372,4286.773
46411,2015-09-16T20:00:00+00:00,-10472,4286.811
46411,2015-09-16T20:15:00+00:00,-9572,4286.844
46411,2015-09-16T20:30:00+00:00,-8672,4286.866
46411,2015-09-16T20:45:00+00:00,-7772,4286.879
46411,2015-09-16T21:00:00+00:00,-6872,4286.884
46411,2015-09-16T21:15:00+00:00,-5972,4286.881
46411,2015-09-16T21:30:00+00:00,-5072,4286.865
46411,2015-09-16T21:45:00+00:00,-4172,4286.842
