station_id,timestamp_utc,seconds_from_origin,height_m
51426,2015-08-17T23:00:00+00:00,-2591672,5570.905
51426,2015-08-17T23:15:00+00:00,-2590772,5570.858
51426,2015-08-17T23:30:00+00:00,-2589872,5570.809
51426,2015-08-17T23:45:00+00:00,-2588972,5570.757
51426,2015-08-18T00:00:00+00:00,-2588072,5570.707
51426,2015-08-18T00:15:00+00:00,-2587172,5570.655
51426,2015-08-18T00:30:00+00:00,-2586272,5570.602
51426,2015-08-18T00:45:00+00:00,-2585372,5570.549
51426,2015-08-18T01:00:00+00:00,-2584472,5570.497
51426,2015-08-18T01:15:00+00:00,-2583572,5570.448
51426,2015-08-18T01:30:00+00:00,-2582672,5570.402
51426,2015-08-18T01:45:00+00:00,-2581772,5570.362
51426,2015-08-18T02:00:00+00:00,-2580872,5570.325
51426,2015-08-18T02:15:00+00:00,-2579972,5570.294
51426,2015-08-18T02:30:00+00:00,-2579072,5570.266
51426,2015-08-18T02:45:00+00:00,-2578172,5570.243
51426,2015-08-18T03:00:00+00:00,-2577272,5570.229
51426,2015-08-18T03:15:00+00:00,-2576372,5570.217
51426,2015-08-18T03:30:00+00:00,-2575472,5570.215
51426,2015-08-18T03:45:00+00:00,-2574572,5570.223
51426,2015-08-18T04:00:00+00:00,-2573672,5570.233
51426,2015-08-18T04:15:00+00:00,-2572772,5570.254
51426,2015-08-18T04:30:00+00:00,-2571872,5570.279
51426,2015-08-18T04:45:00+00:00,-2570972,5570.315
51426,2015-08-18T05:00:00+00:00,-2570072,5570.351
51426,2015-08-18T05:15:00+00:00,-2569172,5570.390
51426,2015-08-18T05:30:00+00:00,-2568272,5570.435
51426,2015-08-18T05:45:00+00:00,-2567372,5570.484
51426,2015-08-18T06:00:00+00:00,-2566472,5570.530
51426,2015-08-18T06:15:00+00:00,-2565572,5570.585
51426,2015-08-18T06:30:00+00:00,-2564672,5570.640
51426,2015-08-18T06:45:00+00:00,-2563772,5570.692
51426,2015-08-18T07:00:00+00:00,-2562872,5570.742
51426,2015-08-18T07:15:00+00:00,-2561972,5570.789
51426,2015-08-18T07:30:00+00:00,-2561072,5570.836
51426,2015-08-18T07:45:00+00:00,-2560172,5570.880
51426,2015-08-18T08:00:00+00:00,-2559272,5570.921
51426,2015-08-18T08:15:00+00:00,-2558372,5570.958
51426,2015-08-18T08:30:00+00:00,-2557472,5570.987
51426,2015-08-18T08:45:00+00:00,-2556572,5571.010
51426,2015-08-18T09:00:00+00:00,-2555672,5571.028
51426,2015-08-18T09:15:00+00:00,-2554772,5571.040
51426,2015-08-18T09:30:00+00:00,-2553872,5571.044
51426,2015-08-18T09:45:00+00:00,-2552972,5571.043
51426,2015-08-18T10:00:00+00:00,-2552072,5571.033
51426,2015-08-18T10:15:00+00:00,-2551172,5571.018
51426,2015-08-18T10:30:00+00:00,-2550272,5570.998
51426,2015-08-18T10:45:00+00:00,-2549372,5570.973
51426,2015-08-18T11:00:00+00:00,-2548472,5570.940
51426,2015-08-18T11:15:00+00:00,-2547572,5570.905
51426,2015-08-18T11:30:00+00:00,-2546672,5570.865
51426,2015-08-18T11:45:00+00:00,-2545772,5570.820
51426,2015-08-18T12:00:00+00:00,-2544872,5570.774
51426,2015-08-18T12:15:00+00:00,-2543972,5570.730
51426,2015-08-18T12:30:00+00:00,-2543072,5570.679
51426,2015-08-18T12:45:00+00:00,-2542172,5570.628
51426,2015-08-18T13:00:00+00:00,-2541272,5570.578
51426,2015-08-18T13:15:00+00:00,-2540372,5570.529
51426,2015-08-18T13:30:00+00:00,-2539472,5570.480
51426,2015-08-18T13:45:00+00:00,-2538572,5570.435
51426,2015-08-18T14:00:00+00:00,-2537672,5570.391
51426,2015-08-18T14:15:00+00:00,-2536772,5570.356
51426,2015-08-18T14:30:00+00:00,-2535872,5570.322
51426,2015-08-18T14:45:00+00:00,-2534972,5570.294
51426,2015-08-18T15:00:00+00:00,-2534072,5570.268
51426,2015-08-18T15:15:00+00:00,-2533172,5570.248
51426,2015-08-18T15:30:00+00:00,-2532272,5570.235
51426,2015-08-18T15:45:00+00:00,-2531372,5570.227
51426,2015-08-18T16:00:00+00:00,-2530472,5570.230
51426,2015-08-18T16:15:00+00:00,-2529572,5570.239
51426,2015-08-18T16:30:00+00:00,-2528672,5570.256
51426,2015-08-18T16:45:00+00:00,-2527772,5570.278
51426,2015-08-18T17:00:00+00:00,-2526872,5570.306
51426,2015-08-18T17:15:00+00:00,-2525972,5570.339
51426,2015-08-18T17:30:00+00:00,-2525072,5570.377
51426,2015-08-18T17:45:00+00:00,-2524172,5570.419
51426,2015-08-18T18:00:00+00:00,-2523272,5570.463
51426,2015-08-18T18:15:00+00:00,-2522372,5570.512
51426,2015-08-18T18:30:00+00:00,-2521472,5570.563
51426,2015-08-18T18:45:00+00:00,-2520572,5570.614
51426,2015-08-18T19:00:00+00:00,-2519672,5570.664
51426,2015-08-18T19:15:00+00:00,-2518772,5570.716
51426,2015-08-18T19:30:00+00:00,-2517872,5570.762
51426,2015-08-18T19:45:00+00:00,-2516972,5570.810
51426,2015-08-18T20:00:00+00:00,-2516072,5570.854
51426,2015-08-18T20:15:00+00:00,-2515172,5570.894
51426,2015-08-18T20:30:00+00:00,-2514272,5570.930
51426,2015-08-18T20:45:00+00:00,-2513372,5570.964
51426,2015-08-18T21:00:00+00:00,-2512472,5570.987
51426,2015-08-18T21:15:00+00:00,-2511572,5571.008
51426,2015-08-18T21:30:00+00:00,-2510672,5571.019
51426,2015-08-18T21:45:00+00:00,-2509772,5571.024
51426,2015-08-18T22:00:00+00:00,-2508872,5571.021
51426,2015-08-18T22:15:00+00:00,-2507972,5571.013
51426,2015-08-18T22:30:00+00:00,-2507072,5571.000
51426,2015-08-18T22:45:00+00:00,-2506172,5570.981
51426,2015-08-18T23:00:00+00:00,-2505272,5570.953
51426,2015-08-18T23:15:00+00:00,-2504372,5570.917
51426,2015-08-18T23:30:00+00:00,-2503472,5570.877
51426,2015-08-18T23:45:00+00:00,-2502572,5570.835
51426,2015-08-19T00:00:00+00:00,-2501672,5570.795
51426,2015-08-19T00:15:00+00:00,-2500772,5570.746
51426,2015-08-19T00:30:00+00:00,-2499872,5570.698
51426,2015-08-19T00:45:00+00:00,-2498972,5570.644
51426,2015-08-19T01:00:00+00:00,-2498072,5570.595
51426,2015-08-19T01:15:00+00:00,-2497172,5570.542
51426,2015-08-19T01:30:00+00:00,-2496272,5570.494
51426,2015-08-19T01:45:00+00:00,-2495372,5570.446
51426,2015-08-19T02:00:00+00:00,-2494472,5570.401
51426,2015-08-19T02:15:00+00:00,-2493572,5570.359
51426,2015-08-19T02:30:00+00:00,-2492672,5570.317
51426,2015-08-19T02:45:00+00:00,-2491772,5570.283
51426,2015-08-19T03:00:00+00:00,-2490872,5570.255
51426,2015-08-19T03:15:00+00:00,-2489972,5570.230
51426,2015-08-19T03:30:00+00:00,-2489072,5570.218
51426,2015-08-19T03:45:00+00:00,-2488172,5570.207
51426,2015-08-19T04:00:00+00:00,-2487272,5570.207
51426,2015-08-19T04:15:00+00:00,-2486372,5570.210
51426,2015-08-19T04:30:00+00:00,-2485472,5570.219
51426,2015-08-19T04:45:00+00:00,-2484572,5570.233
51426,2015-08-19T05:00:00+00:00,-2483672,5570.257
51426,2015-08-19T05:15:00+00:00,-2482772,5570.286
51426,2015-08-19T05:30:00+00:00,-2481872,5570.322
51426,2015-08-19T05:45:00+00:00,-2480972,5570.357
51426,2015-08-19T06:00:00+00:00,-2480072,5570.401
51426,2015-08-19T06:15:00+00:00,-2479172,5570.448
51426,2015-08-19T06:30:00+00:00,-2478272,5570.499
51426,2015-08-19T06:45:00+00:00,-2477372,5570.546
51426,2015-08-19T07:00:00+00:00,-2476472,5570.594
51426,2015-08-19T07:15:00+00:00,-2475572,5570.646
51426,2015-08-19T07:30:00+00:00,-2474672,5570.696
51426,2015-08-19T07:45:00+00:00,-2473772,5570.746
51426,2015-08-19T08:00:00+00:00,-2472872,5570.792
51426,2015-08-19T08:15:00+00:00,-2471972,5570.837
51426,2015-08-19T08:30:00+00:00,-2471072,5570.878
51426,2015-08-19T08:45:00+00:00,-2470172,5570.915
51426,2015-08-19T09:00:00+00:00,-2469272,5570.947
51426,2015-08-19T09:15:00+00:00,-2468372,5570.971
51426,2015-08-19T09:30:00+00:00,-2467472,5570.991
51426,2015-08-19T09:45:00+00:00,-2466572,5571.003
51426,2015-08-19T10:00:00+00:00,-2465672,5571.009
51426,2015-08-19T10:15:00+00:00,-2464772,5571.012
51426,2015-08-19T10:30:00+00:00,-2463872,5571.004
51426,2015-08-19T10:45:00+00:00,-2462972,5570.992
51426,2015-08-19T11:00:00+00:00,-2462072,5570.979
51426,2015-08-19T11:15:00+00:00,-2461172,5570.958
51426,2015-08-19T11:30:00+00:00,-2460272,5570.930
51426,2015-08-19T11:45:00+00:00,-2459372,5570.898
51426,2015-08-19T12:00:00+00:00,-2458472,5570.860
51426,2015-08-19T12:15:00+00:00,-2457572,5570.819
51426,2015-08-19T12:30:00+00:00,-2456672,5570.771
51426,2015-08-19T12:45:00+00:00,-2455772,5570.725
51426,2015-08-19T13:00:00+00:00,-2454872,5570.677
51426,2015-08-19T13:15:00+00:00,-2453972,5570.627
51426,2015-08-19T13:30:00+00:00,-2453072,5570.575
51426,2015-08-19T13:45:00+00:00,-2452172,5570.529
51426,2015-08-19T14:00:00+00:00,-2451272,5570.477
51426,2015-08-19T14:15:00+00:00,-2450372,5570.434
51426,2015-08-19T14:30:00+00:00,-2449472,5570.390
51426,2015-08-19T14:45:00+00:00,-2448572,5570.350
51426,2015-08-19T15:00:00+00:00,-2447672,5570.312
51426,2015-08-19T15:15:00+00:00,-2446772,5570.282
51426,2015-08-19T15:30:00+00:00,-2445872,5570.259
51426,2015-08-19T15:45:00+00:00,-2444972,5570.240
51426,2015-08-19T16:00:00+00:00,-2444072,5570.228
51426,2015-08-19T16:15:00+00:00,-2443172,5570.222
51426,2015-08-19T16:30:00+00:00,-2442272,5570.219
51426,2015-08-19T16:45:00+00:00,-2441372,5570.228
51426,2015-08-19T17:00:00+00:00,-2440472,5570.240
51426,2015-08-19T17:15:00+00:00,-2439572,5570.258
51426,2015-08-19T17:30:00+00:00,-2438672,5570.280
51426,2015-08-19T17:45:00+00:00,-2437772,5570.312
51426,2015-08-19T18:00:00+00:00,-2436872,5570.342
51426,2015-08-19T18:15:00+00:00,-2435972,5570.381
51426,2015-08-19T18:30:00+00:00,-2435072,5570.423
51426,2015-08-19T18:45:00+00:00,-2434172,5570.467
51426,2015-08-19T19:00:00+00:00,-2433272,5570.514
51426,2015-08-19T19:15:00+00:00,-2432372,5570.562
51426,2015-08-19T19:30:00+00:00,-2431472,5570.611
51426,2015-08-19T19:45:00+00:00,-2430572,5570.660
51426,2015-08-19T20:00:00+00:00,-2429672,5570.709
51426,2015-08-19T20:15:00+00:00,-2428772,5570.757
51426,2015-08-19T20:30:00+00:00,-2427872,5570.804
51426,2015-08-19T20:45:00+00:00,-2426972,5570.845
51426,2015-08-19T21:00:00+00:00,-2426072,5570.880
51426,2015-08-19T21:15:00+00:00,-2425172,5570.913
51426,2015-08-19T21:30:00+00:00,-2424272,5570.941
51426,2015-08-19T21:45:00+00:00,-2423372,5570.962
51426,2015-08-19T22:00:00+00:00,-2422472,5570.973
51426,2015-08-19T22:15:00+00:00,-2421572,5570.982
51426,2015-08-19T22:30:00+00:00,-2420672,5570.983
51426,2015-08-19T22:45:00+00:00,-2419772,5570.978
51426,2015-08-19T23:00:00+00:00,-2418872,5570.966
51426,2015-08-19T23:15:00+00:00,-2417972,5570.950
51426,2015-08-19T23:30:00+00:00,-2417072,5570.926
51426,2015-08-19T23:45:00+00:00,-2416172,5570.897
51426,2015-08-20T00:00:00+00:00,-2415272,5570.867
51426,2015-08-20T00:15:00+00:00,-2414372,5570.826
51426,2015-08-20T00:30:00+00:00,-2413472,5570.784
51426,2015-08-20T00:45:00+00:00,-2412572,5570.740
51426,2015-08-20T01:00:00+00:00,-2411672,5570.693
51426,2015-08-20T01:15:00+00:00,-2410772,5570.647
51426,2015-08-20T01:30:00+00:00,-2409872,5570.598
51426,2015-08-20T01:45:00+00:00,-2408972,5570.543
51426,2015-08-20T02:00:00+00:00,-2408072,5570.497
51426,2015-08-20T02:15:00+00:00,-2407172,5570.448
51426,2015-08-20T02:30:00+00:00,-2406272,5570.402
51426,2015-08-20T02:45:00+00:00,-2405372,5570.361
51426,2015-08-20T03:00:00+00:00,-2404472,5570.325
51426,2015-08-20T03:15:00+00:00,-2403572,5570.293
51426,2015-08-20T03:30:00+00:00,-2402672,5570.266
51426,2015-08-20T03:45:00+00:00,-2401772,5570.244
51426,2015-08-20T04:00:00+00:00,-2400872,5570.226
51426,2015-08-20T04:15:00+00:00,-2399972,5570.215
51426,2015-08-20T04:30:00+00:00,-2399072,5570.208
51426,2015-08-20T04:45:00+00:00,-2398172,5570.208
51426,2015-08-20T05:00:00+00:00,-2397272,5570.215
51426,2015-08-20T05:15:00+00:00,-2396372,5570.226
51426,2015-08-20T05:30:00+00:00,-2395472,5570.245
51426,2015-08-20T05:45:00+00:00,-2394572,5570.271
51426,2015-08-20T06:00:00+00:00,-2393672,5570.299
51426,2015-08-20T06:15:00+00:00,-2392772,5570.336
51426,2015-08-20T06:30:00+00:00,-2391872,5570.376
51426,2015-08-20T06:45:00+00:00,-2390972,5570.417
51426,2015-08-20T07:00:00+00:00,-2390072,5570.460
51426,2015-08-20T07:15:00+00:00,-2389172,5570.509
51426,2015-08-20T07:30:00+00:00,-2388272,5570.559
51426,2015-08-20T07:45:00+00:00,-2387372,5570.611
51426,2015-08-20T08:00:00+00:00,-2386472,5570.662
51426,2015-08-20T08:15:00+00:00,-2385572,5570.711
51426,2015-08-20T08:30:00+00:00,-2384672,5570.759
51426,2015-08-20T08:45:00+00:00,-2383772,5570.800
51426,2015-08-20T09:00:00+00:00,-2382872,5570.840
51426,2015-08-20T09:15:00+00:00,-2381972,5570.879
51426,2015-08-20T09:30:00+00:00,-2381072,5570.914
51426,2015-08-20T09:45:00+00:00,-2380172,5570.938
51426,2015-08-20T10:00:00+00:00,-2379272,5570.957
51426,2015-08-20T10:15:00+00:00,-2378372,5570.974
51426,2015-08-20T10:30:00+00:00,-2377472,5570.987
51426,2015-08-20T10:45:00+00:00,-2376572,5570.993
51426,2015-08-20T11:00:00+00:00,-2375672,5570.992
51426,2015-08-20T11:15:00+00:00,-2374772,5570.985
51426,2015-08-20T11:30:00+00:00,-2373872,5570.971
51426,2015-08-20T11:45:00+00:00,-2372972,5570.953
51426,2015-08-20T12:00:00+00:00,-2372072,5570.924
51426,2015-08-20T12:15:00+00:00,-2371172,5570.895
51426,2015-08-20T12:30:00+00:00,-2370272,5570.861
51426,2015-08-20T12:45:00+00:00,-2369372,5570.827
51426,2015-08-20T13:00:00+00:00,-2368472,5570.785
51426,2015-08-20T13:15:00+00:00,-2367572,5570.739
51426,2015-08-20T13:30:00+00:00,-2366672,5570.693
51426,2015-08-20T13:45:00+00:00,-2365772,5570.645
51426,2015-08-20T14:00:00+00:00,-2364872,5570.598
51426,2015-08-20T14:15:00+00:00,-2363972,5570.551
51426,2015-08-20T14:30:00+00:00,-2363072,5570.502
51426,2015-08-20T14:45:00+00:00,-2362172,5570.456
51426,2015-08-20T15:00:00+00:00,-2361272,5570.412
51426,2015-08-20T15:15:00+00:00,-2360372,5570.373
51426,2015-08-20T15:30:00+00:00,-2359472,5570.337
51426,2015-08-20T15:45:00+00:00,-2358572,5570.306
51426,2015-08-20T16:00:00+00:00,-2357672,5570.276
51426,2015-08-20T16:15:00+00:00,-2356772,5570.253
51426,2015-08-20T16:30:00+00:00,-2355872,5570.240
51426,2015-08-20T16:45:00+00:00,-2354972,5570.231
51426,2015-08-20T17:00:00+00:00,-2354072,5570.227
51426,2015-08-20T17:15:00+00:00,-2353172,5570.229
51426,2015-08-20T17:30:00+00:00,-2352272,5570.238
51426,2015-08-20T17:45:00+00:00,-2351372,5570.255
51426,2015-08-20T18:00:00+00:00,-2350472,5570.275
51426,2015-08-20T18:15:00+00:00,-2349572,5570.301
51426,2015-08-20T18:30:00+00:00,-2348672,5570.332
51426,2015-08-20T18:45:00+00:00,-2347772,5570.364
51426,2015-08-20T19:00:00+00:00,-2346872,5570.401
51426,2015-08-20T19:15:00+00:00,-2345972,5570.444
51426,2015-08-20T19:30:00+00:00,-2345072,5570.485
51426,2015-08-20T19:45:00+00:00,-2344172,5570.530
51426,2015-08-20T20:00:00+00:00,-2343272,5570.579
51426,2015-08-20T20:15:00+00:00,-2342372,5570.624
51426,2015-08-20T20:30:00+00:00,-2341472,5570.672
51426,2015-08-20T20:45:00+00:00,-2340572,5570.718
51426,2015-08-20T21:00:00+00:00,-2339672,5570.760
51426,2015-08-20T21:15:00+00:00,-2338772,5570.800
51426,2015-08-20T21:30:00+00:00,-2337872,5570.840
51426,2015-08-20T21:45:00+00:00,-2336972,5570.870
51426,2015-08-20T22:00:00+00:00,-2336072,5570.899
51426,2015-08-20T22:15:00+00:00,-2335172,5570.922
51426,2015-08-20T22:30:00+00:00,-2334272,5570.935
51426,2015-08-20T22:45:00+00:00,-2333372,5570.945
51426,2015-08-20T23:00:00+00:00,-2332472,5570.951
51426,2015-08-20T23:15:00+00:00,-2331572,5570.952
51426,2015-08-20T23:30:00+00:00,-2330672,5570.947
51426,2015-08-20T23:45:00+00:00,-2329772,5570.936
51426,2015-08-21T00:00:00+00:00,-2328872,5570.917
51426,2015-08-21T00:15:00+00:00,-2327972,5570.894
51426,2015-08-21T00:30:00+00:00,-2327072,5570.866
51426,2015-08-21T00:45:00+00:00,-2326172,5570.834
51426,2015-08-21T01:00:00+00:00,-2325272,5570.799
51426,2015-08-21T01:15:00+00:00,-2324372,5570.757
51426,2015-08-21T01:30:00+00:00,-2323472,5570.716
51426,2015-08-21T01:45:00+00:00,-2322572,5570.673
51426,2015-08-21T02:00:00+00:00,-2321672,5570.625
51426,2015-08-21T02:15:00+00:00,-2320772,5570.580
51426,2015-08-21T02:30:00+00:00,-2319872,5570.536
51426,2015-08-21T02:45:00+00:00,-2318972,5570.495
51426,2015-08-21T03:00:00+00:00,-2318072,5570.452
51426,2015-08-21T03:15:00+00:00,-2317172,5570.410
51426,2015-08-21T03:30:00+00:00,-2316272,5570.374
51426,2015-08-21T03:45:00+00:00,-2315372,5570.342
51426,2015-08-21T04:00:00+00:00,-2314472,5570.313
51426,2015-08-21T04:15:00+00:00,-2313572,5570.285
51426,2015-08-21T04:30:00+00:00,-2312672,5570.262
51426,2015-08-21T04:45:00+00:00,-2311772,5570.249
51426,2015-08-21T05:00:00+00:00,-2310872,5570.236
51426,2015-08-21T05:15:00+00:00,-2309972,5570.235
51426,2015-08-21T05:30:00+00:00,-2309072,5570.237
51426,2015-08-21T05:45:00+00:00,-2308172,5570.245
51426,2015-08-21T06:00:00+00:00,-2307272,5570.262
51426,2015-08-21T06:15:00+00:00,-2306372,5570.282
51426,2015-08-21T06:30:00+00:00,-2305472,5570.309
51426,2015-08-21T06:45:00+00:00,-2304572,5570.339
51426,2015-08-21T07:00:00+00:00,-2303672,5570.377
51426,2015-08-21T07:15:00+00:00,-2302772,5570.415
51426,2015-08-21T07:30:00+00:00,-2301872,5570.459
51426,2015-08-21T07:45:00+00:00,-2300972,5570.503
51426,2015-08-21T08:00:00+00:00,-2300072,5570.547
51426,2015-08-21T08:15:00+00:00,-2299172,5570.592
51426,2015-08-21T08:30:00+00:00,-2298272,5570.640
51426,2015-08-21T08:45:00+00:00,-2297372,5570.689
51426,2015-08-21T09:00:00+00:00,-2296472,5570.735
51426,2015-08-21T09:15:00+00:00,-2295572,5570.783
51426,2015-08-21T09:30:00+00:00,-2294672,5570.826
51426,2015-08-21T09:45:00+00:00,-2293772,5570.862
51426,2015-08-21T10:00:00+00:00,-2292872,5570.898
51426,2015-08-21T10:15:00+00:00,-2291972,5570.929
51426,2015-08-21T10:30:00+00:00,-2291072,5570.953
51426,2015-08-21T10:45:00+00:00,-2290172,5570.972
51426,2015-08-21T11:00:00+00:00,-2289272,5570.987
51426,2015-08-21T11:15:00+00:00,-2288372,5570.998
51426,2015-08-21T11:30:00+00:00,-2287472,5570.998
51426,2015-08-21T11:45:00+00:00,-2286572,5570.993
51426,2015-08-21T12:00:00+00:00,-2285672,5570.982
51426,2015-08-21T12:15:00+00:00,-2284772,5570.967
51426,2015-08-21T12:30:00+00:00,-2283872,5570.947
51426,2015-08-21T12:45:00+00:00,-2282972,5570.920
51426,2015-08-21T13:00:00+00:00,-2282072,5570.887
51426,2015-08-21T13:15:00+00:00,-2281172,5570.848
51426,2015-08-21T13:30:00+00:00,-2280272,5570.809
51426,2015-08-21T13:45:00+00:00,-2279372,5570.767
51426,2015-08-21T14:00:00+00:00,-2278472,5570.723
51426,2015-08-21T14:15:00+00:00,-2277572,5570.678
51426,2015-08-21T14:30:00+00:00,-2276672,5570.631
51426,2015-08-21T14:45:00+00:00,-2275772,5570.584
51426,2015-08-21T15:00:00+00:00,-2274872,5570.536
51426,2015-08-21T15:15:00+00:00,-2273972,5570.491
51426,2015-08-21T15:30:00+00:00,-2273072,5570.448
51426,2015-08-21T15:45:00+00:00,-2272172,5570.408
51426,2015-08-21T16:00:00+00:00,-2271272,5570.371
51426,2015-08-21T16:15:00+00:00,-2270372,5570.339
51426,2015-08-21T16:30:00+00:00,-2269472,5570.310
51426,2015-08-21T16:45:00+00:00,-2268572,5570.288
51426,2015-08-21T17:00:00+00:00,-2267672,5570.271
51426,2015-08-21T17:15:00+00:00,-2266772,5570.255
51426,2015-08-21T17:30:00+00:00,-2265872,5570.252
51426,2015-08-21T17:45:00+00:00,-2264972,5570.248
51426,2015-08-21T18:00:00+00:00,-2264072,5570.254
51426,2015-08-21T18:15:00+00:00,-2263172,5570.263
51426,2015-08-21T18:30:00+00:00,-2262272,5570.279
51426,2015-08-21T18:45:00+00:00,-2261372,5570.300
51426,2015-08-21T19:00:00+00:00,-2260472,5570.325
51426,2015-08-21T19:15:00+00:00,-2259572,5570.353
51426,2015-08-21T19:30:00+00:00,-2258672,5570.388
51426,2015-08-21T19:45:00+00:00,-2257772,5570.419
51426,2015-08-21T20:00:00+00:00,-2256872,5570.458
51426,2015-08-21T20:15:00+00:00,-2255972,5570.502
51426,2015-08-21T20:30:00+00:00,-2255072,5570.546
51426,2015-08-21T20:45:00+00:00,-2254172,5570.589
51426,2015-08-21T21:00:00+00:00,-2253272,5570.633
51426,2015-08-21T21:15:00+00:00,-2252372,5570.679
51426,2015-08-21T21:30:00+00:00,-2251472,5570.719
51426,2015-08-21T21:45:00+00:00,-2250572,5570.758
51426,2015-08-21T22:00:00+00:00,-2249672,5570.796
51426,2015-08-21T22:15:00+00:00,-2248772,5570.830
51426,2015-08-21T22:30:00+00:00,-2247872,5570.861
51426,2015-08-21T22:45:00+00:00,-2246972,5570.883
51426,2015-08-21T23:00:00+00:00,-2246072,5570.905
51426,2015-08-21T23:15:00+00:00,-2245172,5570.921
51426,2015-08-21T23:30:00+00:00,-2244272,5570.928
51426,2015-08-21T23:45:00+00:00,-2243372,5570.933
51426,2015-08-22T00:00:00+00:00,-2242472,5570.932
51426,2015-08-22T00:15:00+00:00,-2241572,5570.926
51426,2015-08-22T00:30:00+00:00,-2240672,5570.913
51426,2015-08-22T00:45:00+00:00,-2239772,5570.896
51426,2015-08-22T01:00:00+00:00,-2238872,5570.874
51426,2015-08-22T01:15:00+00:00,-2237972,5570.846
51426,2015-08-22T01:30:00+00:00,-2237072,5570.815
51426,2015-08-22T01:45:00+00:00,-2236172,5570.784
51426,2015-08-22T02:00:00+00:00,-2235272,5570.748
51426,2015-08-22T02:15:00+00:00,-2234372,5570.710
51426,2015-08-22T02:30:00+00:00,-2233472,5570.668
51426,2015-08-22T02:45:00+00:00,-2232572,5570.627
51426,2015-08-22T03:00:00+00:00,-2231672,5570.582
51426,2015-08-22T03:15:00+00:00,-2230772,5570.537
51426,2015-08-22T03:30:00+00:00,-2229872,5570.496
51426,2015-08-22T03:45:00+00:00,-2228972,5570.455
51426,2015-08-22T04:00:00+00:00,-2228072,5570.416
51426,2015-08-22T04:15:00+00:00,-2227172,5570.381
51426,2015-08-22T04:30:00+00:00,-2226272,5570.349
51426,2015-08-22T04:45:00+00:00,-2225372,5570.319
51426,2015-08-22T05:00:00+00:00,-2224472,5570.297
51426,2015-08-22T05:15:00+00:00,-2223572,5570.280
51426,2015-08-22T05:30:00+00:00,-2222672,5570.269
51426,2015-08-22T05:45:00+00:00,-2221772,5570.263
51426,2015-08-22T06:00:00+00:00,-2220872,5570.262
51426,2015-08-22T06:15:00+00:00,-2219972,5570.267
51426,2015-08-22T06:30:00+00:00,-2219072,5570.280
51426,2015-08-22T06:45:00+00:00,-2218172,5570.297
51426,2015-08-22T07:00:00+00:00,-2217272,5570.320
51426,2015-08-22T07:15:00+00:00,-2216372,5570.343
51426,2015-08-22T07:30:00+00:00,-2215472,5570.376
51426,2015-08-22T07:45:00+00:00,-2214572,5570.410
51426,2015-08-22T08:00:00+00:00,-2213672,5570.448
51426,2015-08-22T08:15:00+00:00,-2212772,5570.485
51426,2015-08-22T08:30:00+00:00,-2211872,5570.532
51426,2015-08-22T08:45:00+00:00,-2210972,5570.575
51426,2015-08-22T09:00:00+00:00,-2210072,5570.620
51426,2015-08-22T09:15:00+00:00,-2209172,5570.670
51426,2015-08-22T09:30:00+00:00,-2208272,5570.715
51426,2015-08-22T09:45:00+00:00,-2207372,5570.758
51426,2015-08-22T10:00:00+00:00,-2206472,5570.802
51426,2015-08-22T10:15:00+00:00,-2205572,5570.842
51426,2015-08-22T10:30:00+00:00,-2204672,5570.875
51426,2015-08-22T10:45:00+00:00,-2203772,5570.908
51426,2015-08-22T11:00:00+00:00,-2202872,5570.935
51426,2015-08-22T11:15:00+00:00,-2201972,5570.959
51426,2015-08-22T11:30:00+00:00,-2201072,5570.975
51426,2015-08-22T11:45:00+00:00,-2200172,5570.984
51426,2015-08-22T12:00:00+00:00,-2199272,5570.987
51426,2015-08-22T12:15:00+00:00,-2198372,5570.987
51426,2015-08-22T12:30:00+00:00,-2197472,5570.983
51426,2015-08-22T12:45:00+00:00,-2196572,5570.970
51426,2015-08-22T13:00:00+00:00,-2195672,5570.954
51426,2015-08-22T13:15:00+00:00,-2194772,5570.930
51426,2015-08-22T13:30:00+00:00,-2193872,5570.902
51426,2015-08-22T13:45:00+00:00,-2192972,5570.871
51426,2015-08-22T14:00:00+00:00,-2192072,5570.835
51426,2015-08-22T14:15:00+00:00,-2191172,5570.797
51426,2015-08-22T14:30:00+00:00,-2190272,5570.757
51426,2015-08-22T14:45:00+00:00,-2189372,5570.712
51426,2015-08-22T15:00:00+00:00,-2188472,5570.666
51426,2015-08-22T15:15:00+00:00,-2187572,5570.620
51426,2015-08-22T15:30:00+00:00,-2186672,5570.575
51426,2015-08-22T15:45:00+00:00,-2185772,5570.533
51426,2015-08-22T16:00:00+00:00,-2184872,5570.491
51426,2015-08-22T16:15:00+00:00,-2183972,5570.452
51426,2015-08-22T16:30:00+00:00,-2183072,5570.413
51426,2015-08-22T16:45:00+00:00,-2182172,5570.381
51426,2015-08-22T17:00:00+00:00,-2181272,5570.353
51426,2015-08-22T17:15:00+00:00,-2180372,5570.328
51426,2015-08-22T17:30:00+00:00,-2179472,5570.305
51426,2015-08-22T17:45:00+00:00,-2178572,5570.287
51426,2015-08-22T18:00:00+00:00,-2177672,5570.274
51426,2015-08-22T18:15:00+00:00,-2176772,5570.267
51426,2015-08-22T18:30:00+00:00,-2175872,5570.267
51426,2015-08-22T18:45:00+00:00,-2174972,5570.272
51426,2015-08-22T19:00:00+00:00,-2174072,5570.280
51426,2015-08-22T19:15:00+00:00,-2173172,5570.293
51426,2015-08-22T19:30:00+00:00,-2172272,5570.314
51426,2015-08-22T19:45:00+00:00,-2171372,5570.337
51426,2015-08-22T20:00:00+00:00,-2170472,5570.364
51426,2015-08-22T20:15:00+00:00,-2169572,5570.396
51426,2015-08-22T20:30:00+00:00,-2168672,5570.429
51426,2015-08-22T20:45:00+00:00,-2167772,5570.467
51426,2015-08-22T21:00:00+00:00,-2166872,5570.509
51426,2015-08-22T21:15:00+00:00,-2165972,5570.552
51426,2015-08-22T21:30:00+00:00,-2165072,5570.592
51426,2015-08-22T21:45:00+00:00,-2164172,5570.632
51426,2015-08-22T22:00:00+00:00,-2163272,5570.670
51426,2015-08-22T22:15:00+00:00,-2162372,5570.710
51426,2015-08-22T22:30:00+00:00,-2161472,5570.748
51426,2015-08-22T22:45:00+00:00,-2160572,5570.780
51426,2015-08-22T23:00:00+00:00,-2159672,5570.814
51426,2015-08-22T23:15:00+00:00,-2158772,5570.840
51426,2015-08-22T23:30:00+00:00,-2157872,5570.864
51426,2015-08-22T23:45:00+00:00,-2156972,5570.883
51426,2015-08-23T00:00:00+00:00,-2156072,5570.896
51426,2015-08-23T00:15:00+00:00,-2155172,5570.908
51426,2015-08-23T00:30:00+00:00,-2154272,5570.911
51426,2015-08-23T00:45:00+00:00,-2153372,5570.909
51426,2015-08-23T01:00:00+00:00,-2152472,5570.903
51426,2015-08-23T01:15:00+00:00,-2151572,5570.894
51426,2015-08-23T01:30:00+00:00,-2150672,5570.876
51426,2015-08-23T01:45:00+00:00,-2149772,5570.857
51426,2015-08-23T02:00:00+00:00,-2148872,5570.831
51426,2015-08-23T02:15:00+00:00,-2147972,5570.802
51426,2015-08-23T02:30:00+00:00,-2147072,5570.770
51426,2015-08-23T02:45:00+00:00,-2146172,5570.735
51426,2015-08-23T03:00:00+00:00,-2145272,5570.697
51426,2015-08-23T03:15:00+00:00,-2144372,5570.655
51426,2015-08-23T03:30:00+00:00,-2143472,5570.611
51426,2015-08-23T03:45:00+00:00,-2142572,5570.569
51426,2015-08-23T04:00:00+00:00,-2141672,5570.527
51426,2015-08-23T04:15:00+00:00,-2140772,5570.491
51426,2015-08-23T04:30:00+00:00,-2139872,5570.453
51426,2015-08-23T04:45:00+00:00,-2138972,5570.416
51426,2015-08-23T05:00:00+00:00,-2138072,5570.384
51426,2015-08-23T05:15:00+00:00,-2137172,5570.353
51426,2015-08-23T05:30:00+00:00,-2136272,5570.332
51426,2015-08-23T05:45:00+00:00,-2135372,5570.312
51426,2015-08-23T06:00:00+00:00,-2134472,5570.300
51426,2015-08-23T06:15:00+00:00,-2133572,5570.288
51426,2015-08-23T06:30:00+00:00,-2132672,5570.285
51426,2015-08-23T06:45:00+00:00,-2131772,5570.285
51426,2015-08-23T07:00:00+00:00,-2130872,5570.293
51426,2015-08-23T07:15:00+00:00,-2129972,5570.302
51426,2015-08-23T07:30:00+00:00,-2129072,5570.319
51426,2015-08-23T07:45:00+00:00,-2128172,5570.343
51426,2015-08-23T08:00:00+00:00,-2127272,5570.371
51426,2015-08-23T08:15:00+00:00,-2126372,5570.402
51426,2015-08-23T08:30:00+00:00,-2125472,5570.435
51426,2015-08-23T08:45:00+00:00,-2124572,5570.470
51426,2015-08-23T09:00:00+00:00,-2123672,5570.511
51426,2015-08-23T09:15:00+00:00,-2122772,5570.552
51426,2015-08-23T09:30:00+00:00,-2121872,5570.596
51426,2015-08-23T09:45:00+00:00,-2120972,5570.641
51426,2015-08-23T10:00:00+00:00,-2120072,5570.687
51426,2015-08-23T10:15:00+00:00,-2119172,5570.731
51426,2015-08-23T10:30:00+00:00,-2118272,5570.774
51426,2015-08-23T10:45:00+00:00,-2117372,5570.813
51426,2015-08-23T11:00:00+00:00,-2116472,5570.849
51426,2015-08-23T11:15:00+00:00,-2115572,5570.883
51426,2015-08-23T11:30:00+00:00,-2114672,5570.913
51426,2015-08-23T11:45:00+00:00,-2113772,5570.940
51426,2015-08-23T12:00:00+00:00,-2112872,5570.961
51426,2015-08-23T12:15:00+00:00,-2111972,5570.973
51426,2015-08-23T12:30:00+00:00,-2111072,5570.982
51426,2015-08-23T12:45:00+00:00,-2110172,5570.989
51426,2015-08-23T13:00:00+00:00,-2109272,5570.987
51426,2015-08-23T13:15:00+00:00,-2108372,5570.982
51426,2015-08-23T13:30:00+00:00,-2107472,5570.969
51426,2015-08-23T13:45:00+00:00,-2106572,5570.950
51426,2015-08-23T14:00:00+00:00,-2105672,5570.926
51426,2015-08-23T14:15:00+00:00,-2104772,5570.898
51426,2015-08-23T14:30:00+00:00,-2103872,5570.868
51426,2015-08-23T14:45:00+00:00,-2102972,5570.834
51426,2015-08-23T15:00:00+00:00,-2102072,5570.795
51426,2015-08-23T15:15:00+00:00,-2101172,5570.755
51426,2015-08-23T15:30:00+00:00,-2100272,5570.714
51426,2015-08-23T15:45:00+00:00,-2099372,5570.671
51426,2015-08-23T16:00:00+00:00,-2098472,5570.628
51426,2015-08-23T16:15:00+00:00,-2097572,5570.586
51426,2015-08-23T16:30:00+00:00,-2096672,5570.543
51426,2015-08-23T16:45:00+00:00,-2095772,5570.501
51426,2015-08-23T17:00:00+00:00,-2094872,5570.464
51426,2015-08-23T17:15:00+00:00,-2093972,5570.426
51426,2015-08-23T17:30:00+00:00,-2093072,5570.393
51426,2015-08-23T17:45:00+00:00,-2092172,5570.364
51426,2015-08-23T18:00:00+00:00,-2091272,5570.337
51426,2015-08-23T18:15:00+00:00,-2090372,5570.314
51426,2015-08-23T18:30:00+00:00,-2089472,5570.299
51426,2015-08-23T18:45:00+00:00,-2088572,5570.285
51426,2015-08-23T19:00:00+00:00,-2087672,5570.277
51426,2015-08-23T19:15:00+00:00,-2086772,5570.276
51426,2015-08-23T19:30:00+00:00,-2085872,5570.279
51426,2015-08-23T19:45:00+00:00,-2084972,5570.285
51426,2015-08-23T20:00:00+00:00,-2084072,5570.296
51426,2015-08-23T20:15:00+00:00,-2083172,5570.315
51426,2015-08-23T20:30:00+00:00,-2082272,5570.336
51426,2015-08-23T20:45:00+00:00,-2081372,5570.363
51426,2015-08-23T21:00:00+00:00,-2080472,5570.393
51426,2015-08-23T21:15:00+00:00,-2079572,5570.426
51426,2015-08-23T21:30:00+00:00,-2078672,5570.461
51426,2015-08-23T21:45:00+00:00,-2077772,5570.499
51426,2015-08-23T22:00:00+00:00,-2076872,5570.540
51426,2015-08-23T22:15:00+00:00,-2075972,5570.578
51426,2015-08-23T22:30:00+00:00,-2075072,5570.615
51426,2015-08-23T22:45:00+00:00,-2074172,5570.652
51426,2015-08-23T23:00:00+00:00,-2073272,5570.689
51426,2015-08-23T23:15:00+00:00,-2072372,5570.722
51426,2015-08-23T23:30:00+00:00,-2071472,5570.757
51426,2015-08-23T23:45:00+00:00,-2070572,5570.790
51426,2015-08-24T00:00:00+00:00,-2069672,5570.820
51426,2015-08-24T00:15:00+00:00,-2068772,5570.845
51426,2015-08-24T00:30:00+00:00,-2067872,5570.866
51426,2015-08-24T00:45:00+00:00,-2066972,5570.884
51426,2015-08-24T01:00:00+00:00,-2066072,5570.893
51426,2015-08-24T01:15:00+00:00,-2065172,5570.899
51426,2015-08-24T01:30:00+00:00,-2064272,5570.900
51426,2015-08-24T01:45:00+00:00,-2063372,5570.897
51426,2015-08-24T02:00:00+00:00,-2062472,5570.886
51426,2015-08-24T02:15:00+00:00,-2061572,5570.873
51426,2015-08-24T02:30:00+00:00,-2060672,5570.854
51426,2015-08-24T02:45:00+00:00,-2059772,5570.833
51426,2015-08-24T03:00:00+00:00,-2058872,5570.806
51426,2015-08-24T03:15:00+00:00,-2057972,5570.776
51426,2015-08-24T03:30:00+00:00,-2057072,5570.741
51426,2015-08-24T03:45:00+00:00,-2056172,5570.706
51426,2015-08-24T04:00:00+00:00,-2055272,5570.667
51426,2015-08-24T04:15:00+00:00,-2054372,5570.629
51426,2015-08-24T04:30:00+00:00,-2053472,5570.591
51426,2015-08-24T04:45:00+00:00,-2052572,5570.552
51426,2015-08-24T05:00:00+00:00,-2051672,5570.511
51426,2015-08-24T05:15:00+00:00,-2050772,5570.475
51426,2015-08-24T05:30:00+00:00,-2049872,5570.442
51426,2015-08-24T05:45:00+00:00,-2048972,5570.408
51426,2015-08-24T06:00:00+00:00,-2048072,5570.385
51426,2015-08-24T06:15:00+00:00,-2047172,5570.361
51426,2015-08-24T06:30:00+00:00,-2046272,5570.342
51426,2015-08-24T06:45:00+00:00,-2045372,5570.325
51426,2015-08-24T07:00:00+00:00,-2044472,5570.316
51426,2015-08-24T07:15:00+00:00,-2043572,5570.310
51426,2015-08-24T07:30:00+00:00,-2042672,5570.311
51426,2015-08-24T07:45:00+00:00,-2041772,5570.315
51426,2015-08-24T08:00:00+00:00,-2040872,5570.326
51426,2015-08-24T08:15:00+00:00,-2039972,5570.340
51426,2015-08-24T08:30:00+00:00,-2039072,5570.360
51426,2015-08-24T08:45:00+00:00,-2038172,5570.384
51426,2015-08-24T09:00:00+00:00,-2037272,5570.410
51426,2015-08-24T09:15:00+00:00,-2036372,5570.443
51426,2015-08-24T09:30:00+00:00,-2035472,5570.479
51426,2015-08-24T09:45:00+00:00,-2034572,5570.518
51426,2015-08-24T10:00:00+00:00,-2033672,5570.558
51426,2015-08-24T10:15:00+00:00,-2032772,5570.600
51426,2015-08-24T10:30:00+00:00,-2031872,5570.646
51426,2015-08-24T10:45:00+00:00,-2030972,5570.690
51426,2015-08-24T11:00:00+00:00,-2030072,5570.732
51426,2015-08-24T11:15:00+00:00,-2029172,5570.774
51426,2015-08-24T11:30:00+00:00,-2028272,5570.811
51426,2015-08-24T11:45:00+00:00,-2027372,5570.850
51426,2015-08-24T12:00:00+00:00,-2026472,5570.883
51426,2015-08-24T12:15:00+00:00,-2025572,5570.914
51426,2015-08-24T12:30:00+00:00,-2024672,5570.939
51426,2015-08-24T12:45:00+00:00,-2023772,5570.959
51426,2015-08-24T13:00:00+00:00,-2022872,5570.974
51426,2015-08-24T13:15:00+00:00,-2021972,5570.985
51426,2015-08-24T13:30:00+00:00,-2021072,5570.991
51426,2015-08-24T13:45:00+00:00,-2020172,5570.989
51426,2015-08-24T14:00:00+00:00,-2019272,5570.981
51426,2015-08-24T14:15:00+00:00,-2018372,5570.968
51426,2015-08-24T14:30:00+00:00,-2017472,5570.951
51426,2015-08-24T14:45:00+00:00,-2016572,5570.931
51426,2015-08-24T15:00:00+00:00,-2015672,5570.903
51426,2015-08-24T15:15:00+00:00,-2014772,5570.872
51426,2015-08-24T15:30:00+00:00,-2013872,5570.840
51426,2015-08-24T15:45:00+00:00,-2012972,5570.805
51426,2015-08-24T16:00:00+00:00,-2012072,5570.770
51426,2015-08-24T16:15:00+00:00,-2011172,5570.733
51426,2015-08-24T16:30:00+00:00,-2010272,5570.691
51426,2015-08-24T16:45:00+00:00,-2009372,5570.648
51426,2015-08-24T17:00:00+00:00,-2008472,5570.606
51426,2015-08-24T17:15:00+00:00,-2007572,5570.560
51426,2015-08-24T17:30:00+00:00,-2006672,5570.521
51426,2015-08-24T17:45:00+00:00,-2005772,5570.485
51426,2015-08-24T18:00:00+00:00,-2004872,5570.447
51426,2015-08-24T18:15:00+00:00,-2003972,5570.414
51426,2015-08-24T18:30:00+00:00,-2003072,5570.383
51426,2015-08-24T18:45:00+00:00,-2002172,5570.356
51426,2015-08-24T19:00:00+00:00,-2001272,5570.333
51426,2015-08-24T19:15:00+00:00,-2000372,5570.317
51426,2015-08-24T19:30:00+00:00,-1999472,5570.300
51426,2015-08-24T19:45:00+00:00,-1998572,5570.291
51426,2015-08-24T20:00:00+00:00,-1997672,5570.287
51426,2015-08-24T20:15:00+00:00,-1996772,5570.290
51426,2015-08-24T20:30:00+00:00,-1995872,5570.292
51426,2015-08-24T20:45:00+00:00,-1994972,5570.298
51426,2015-08-24T21:00:00+00:00,-1994072,5570.311
51426,2015-08-24T21:15:00+00:00,-1993172,5570.330
51426,2015-08-24T21:30:00+00:00,-1992272,5570.353
51426,2015-08-24T21:45:00+00:00,-1991372,5570.380
51426,2015-08-24T22:00:00+00:00,-1990472,5570.409
51426,2015-08-24T22:15:00+00:00,-1989572,5570.441
51426,2015-08-24T22:30:00+00:00,-1988672,5570.474
51426,2015-08-24T22:45:00+00:00,-1987772,5570.509
51426,2015-08-24T23:00:00+00:00,-1986872,5570.547
51426,2015-08-24T23:15:00+00:00,-1985972,5570.586
51426,2015-08-24T23:30:00+00:00,-1985072,5570.624
51426,2015-08-24T23:45:00+00:00,-1984172,5570.664
51426,2015-08-25T00:00:00+00:00,-1983272,5570.704
51426,2015-08-25T00:15:00+00:00,-1982372,5570.738
51426,2015-08-25T00:30:00+00:00,-1981472,5570.770
51426,2015-08-25T00:45:00+00:00,-1980572,5570.800
51426,2015-08-25T01:00:00+00:00,-1979672,5570.826
51426,2015-08-25T01:15:00+00:00,-1978772,5570.850
51426,2015-08-25T01:30:00+00:00,-1977872,5570.867
51426,2015-08-25T01:45:00+00:00,-1976972,5570.881
51426,2015-08-25T02:00:00+00:00,-1976072,5570.888
51426,2015-08-25T02:15:00+00:00,-1975172,5570.892
51426,2015-08-25T02:30:00+00:00,-1974272,5570.891
51426,2015-08-25T02:45:00+00:00,-1973372,5570.885
51426,2015-08-25T03:00:00+00:00,-1972472,5570.871
51426,2015-08-25T03:15:00+00:00,-1971572,5570.854
51426,2015-08-25T03:30:00+00:00,-1970672,5570.834
51426,2015-08-25T03:45:00+00:00,-1969772,5570.809
51426,2015-08-25T04:00:00+00:00,-1968872,5570.783
51426,2015-08-25T04:15:00+00:00,-1967972,5570.752
51426,2015-08-25T04:30:00+00:00,-1967072,5570.720
51426,2015-08-25T04:45:00+00:00,-1966172,5570.686
51426,2015-08-25T05:00:00+00:00,-1965272,5570.649
51426,2015-08-25T05:15:00+00:00,-1964372,5570.614
51426,2015-08-25T05:30:00+00:00,-1963472,5570.577
51426,2015-08-25T05:45:00+00:00,-1962572,5570.539
51426,2015-08-25T06:00:00+00:00,-1961672,5570.506
51426,2015-08-25T06:15:00+00:00,-1960772,5570.474
51426,2015-08-25T06:30:00+00:00,-1959872,5570.442
51426,2015-08-25T06:45:00+00:00,-1958972,5570.411
51426,2015-08-25T07:00:00+00:00,-1958072,5570.386
51426,2015-08-25T07:15:00+00:00,-1957172,5570.362
51426,2015-08-25T07:30:00+00:00,-1956272,5570.346
51426,2015-08-25T07:45:00+00:00,-1955372,5570.333
51426,2015-08-25T08:00:00+00:00,-1954472,5570.323
51426,2015-08-25T08:15:00+00:00,-1953572,5570.321
51426,2015-08-25T08:30:00+00:00,-1952672,5570.321
51426,2015-08-25T08:45:00+00:00,-1951772,5570.328
51426,2015-08-25T09:00:00+00:00,-1950872,5570.339
51426,2015-08-25T09:15:00+00:00,-1949972,5570.356
51426,2015-08-25T09:30:00+00:00,-1949072,5570.380
51426,2015-08-25T09:45:00+00:00,-1948172,5570.408
51426,2015-08-25T10:00:00+00:00,-1947272,5570.438
51426,2015-08-25T10:15:00+00:00,-1946372,5570.471
51426,2015-08-25T10:30:00+00:00,-1945472,5570.507
51426,2015-08-25T10:45:00+00:00,-1944572,5570.547
51426,2015-08-25T11:00:00+00:00,-1943672,5570.590
51426,2015-08-25T11:15:00+00:00,-1942772,5570.632
51426,2015-08-25T11:30:00+00:00,-1941872,5570.673
51426,2015-08-25T11:45:00+00:00,-1940972,5570.718
51426,2015-08-25T12:00:00+00:00,-1940072,5570.758
51426,2015-08-25T12:15:00+00:00,-1939172,5570.799
51426,2015-08-25T12:30:00+00:00,-1938272,5570.838
51426,2015-08-25T12:45:00+00:00,-1937372,5570.874
51426,2015-08-25T13:00:00+00:00,-1936472,5570.905
51426,2015-08-25T13:15:00+00:00,-1935572,5570.933
51426,2015-08-25T13:30:00+00:00,-1934672,5570.954
51426,2015-08-25T13:45:00+00:00,-1933772,5570.971
51426,2015-08-25T14:00:00+00:00,-1932872,5570.985
51426,2015-08-25T14:15:00+00:00,-1931972,5570.990
51426,2015-08-25T14:30:00+00:00,-1931072,5570.993
51426,2015-08-25T14:45:00+00:00,-1930172,5570.988
51426,2015-08-25T15:00:00+00:00,-1929272,5570.981
51426,2015-08-25T15:15:00+00:00,-1928372,5570.969
51426,2015-08-25T15:30:00+00:00,-1927472,5570.950
51426,2015-08-25T15:45:00+00:00,-1926572,5570.927
51426,2015-08-25T16:00:00+00:00,-1925672,5570.901
51426,2015-08-25T16:15:00+00:00,-1924772,5570.873
51426,2015-08-25T16:30:00+00:00,-1923872,5570.839
51426,2015-08-25T16:45:00+00:00,-1922972,5570.804
51426,2015-08-25T17:00:00+00:00,-1922072,5570.769
51426,2015-08-25T17:15:00+00:00,-1921172,5570.728
51426,2015-08-25T17:30:00+00:00,-1920272,5570.686
51426,2015-08-25T17:45:00+00:00,-1919372,5570.640
51426,2015-08-25T18:00:00+00:00,-1918472,5570.596
51426,2015-08-25T18:15:00+00:00,-1917572,5570.555
51426,2015-08-25T18:30:00+00:00,-1916672,5570.514
51426,2015-08-25T18:45:00+00:00,-1915772,5570.478
51426,2015-08-25T19:00:00+00:00,-1914872,5570.442
51426,2015-08-25T19:15:00+00:00,-1913972,5570.408
51426,2015-08-25T19:30:00+00:00,-1913072,5570.377
51426,2015-08-25T19:45:00+00:00,-1912172,5570.348
51426,2015-08-25T20:00:00+00:00,-1911272,5570.327
51426,2015-08-25T20:15:00+00:00,-1910372,5570.307
51426,2015-08-25T20:30:00+00:00,-1909472,5570.294
51426,2015-08-25T20:45:00+00:00,-1908572,5570.283
51426,2015-08-25T21:00:00+00:00,-1907672,5570.279
51426,2015-08-25T21:15:00+00:00,-1906772,5570.280
51426,2015-08-25T21:30:00+00:00,-1905872,5570.287
51426,2015-08-25T21:45:00+00:00,-1904972,5570.296
51426,2015-08-25T22:00:00+00:00,-1904072,5570.311
51426,2015-08-25T22:15:00+00:00,-1903172,5570.331
51426,2015-08-25T22:30:00+00:00,-1902272,5570.353
51426,2015-08-25T22:45:00+00:00,-1901372,5570.379
51426,2015-08-25T23:00:00+00:00,-1900472,5570.410
51426,2015-08-25T23:15:00+00:00,-1899572,5570.445
51426,2015-08-25T23:30:00+00:00,-1898672,5570.483
51426,2015-08-25T23:45:00+00:00,-1897772,5570.522
51426,2015-08-26T00:00:00+00:00,-1896872,5570.560
51426,2015-08-26T00:15:00+00:00,-1895972,5570.600
51426,2015-08-26T00:30:00+00:00,-1895072,5570.639
51426,2015-08-26T00:45:00+00:00,-1894172,5570.680
51426,2015-08-26T01:00:00+00:00,-1893272,5570.717
51426,2015-08-26T01:15:00+00:00,-1892372,5570.754
51426,2015-08-26T01:30:00+00:00,-1891472,5570.789
51426,2015-08-26T01:45:00+00:00,-1890572,5570.819
51426,2015-08-26T02:00:00+00:00,-1889672,5570.843
51426,2015-08-26T02:15:00+00:00,-1888772,5570.868
51426,2015-08-26T02:30:00+00:00,-1887872,5570.885
51426,2015-08-26T02:45:00+00:00,-1886972,5570.899
51426,2015-08-26T03:00:00+00:00,-1886072,5570.908
51426,2015-08-26T03:15:00+00:00,-1885172,5570.914
51426,2015-08-26T03:30:00+00:00,-1884272,5570.910
51426,2015-08-26T03:45:00+00:00,-1883372,5570.905
51426,2015-08-26T04:00:00+00:00,-1882472,5570.890
51426,2015-08-26T04:15:00+00:00,-1881572,5570.873
51426,2015-08-26T04:30:00+00:00,-1880672,5570.853
51426,2015-08-26T04:45:00+00:00,-1879772,5570.827
51426,2015-08-26T05:00:00+00:00,-1878872,5570.798
51426,2015-08-26T05:15:00+00:00,-1877972,5570.766
51426,2015-08-26T05:30:00+00:00,-1877072,5570.731
51426,2015-08-26T05:45:00+00:00,-1876172,5570.693
51426,2015-08-26T06:00:00+00:00,-1875272,5570.654
51426,2015-08-26T06:15:00+00:00,-1874372,5570.615
51426,2015-08-26T06:30:00+00:00,-1873472,5570.577
51426,2015-08-26T06:45:00+00:00,-1872572,5570.538
51426,2015-08-26T07:00:00+00:00,-1871672,5570.501
51426,2015-08-26T07:15:00+00:00,-1870772,5570.466
51426,2015-08-26T07:30:00+00:00,-1869872,5570.433
51426,2015-08-26T07:45:00+00:00,-1868972,5570.404
51426,2015-08-26T08:00:00+00:00,-1868072,5570.376
51426,2015-08-26T08:15:00+00:00,-1867172,5570.354
51426,2015-08-26T08:30:00+00:00,-1866272,5570.338
51426,2015-08-26T08:45:00+00:00,-1865372,5570.327
51426,2015-08-26T09:00:00+00:00,-1864472,5570.317
51426,2015-08-26T09:15:00+00:00,-1863572,5570.313
51426,2015-08-26T09:30:00+00:00,-1862672,5570.313
51426,2015-08-26T09:45:00+00:00,-1861772,5570.318
51426,2015-08-26T10:00:00+00:00,-1860872,5570.332
51426,2015-08-26T10:15:00+00:00,-1859972,5570.352
51426,2015-08-26T10:30:00+00:00,-1859072,5570.377
51426,2015-08-26T10:45:00+00:00,-1858172,5570.406
51426,2015-08-26T11:00:00+00:00,-1857272,5570.438
51426,2015-08-26T11:15:00+00:00,-1856372,5570.473
51426,2015-08-26T11:30:00+00:00,-1855472,5570.511
51426,2015-08-26T11:45:00+00:00,-1854572,5570.555
51426,2015-08-26T12:00:00+00:00,-1853672,5570.597
51426,2015-08-26T12:15:00+00:00,-1852772,5570.643
51426,2015-08-26T12:30:00+00:00,-1851872,5570.688
51426,2015-08-26T12:45:00+00:00,-1850972,5570.731
51426,2015-08-26T13:00:00+00:00,-1850072,5570.773
51426,2015-08-26T13:15:00+00:00,-1849172,5570.811
51426,2015-08-26T13:30:00+00:00,-1848272,5570.851
51426,2015-08-26T13:45:00+00:00,-1847372,5570.888
51426,2015-08-26T14:00:00+00:00,-1846472,5570.918
51426,2015-08-26T14:15:00+00:00,-1845572,5570.946
51426,2015-08-26T14:30:00+00:00,-1844672,5570.966
51426,2015-08-26T14:45:00+00:00,-1843772,5570.986
51426,2015-08-26T15:00:00+00:00,-1842872,5571.002
51426,2015-08-26T15:15:00+00:00,-1841972,5571.010
51426,2015-08-26T15:30:00+00:00,-1841072,5571.010
51426,2015-08-26T15:45:00+00:00,-1840172,5571.006
51426,2015-08-26T16:00:00+00:00,-1839272,5570.998
51426,2015-08-26T16:15:00+00:00,-1838372,5570.983
51426,2015-08-26T16:30:00+00:00,-1837472,5570.965
51426,2015-08-26T16:45:00+00:00,-1836572,5570.941
51426,2015-08-26T17:00:00+00:00,-1835672,5570.914
51426,2015-08-26T17:15:00+00:00,-1834772,5570.883
51426,2015-08-26T17:30:00+00:00,-1833872,5570.847
51426,2015-08-26T17:45:00+00:00,-1832972,5570.809
51426,2015-08-26T18:00:00+00:00,-1832072,5570.768
51426,2015-08-26T18:15:00+00:00,-1831172,5570.727
51426,2015-08-26T18:30:00+00:00,-1830272,5570.681
51426,2015-08-26T18:45:00+00:00,-1829372,5570.634
51426,2015-08-26T19:00:00+00:00,-1828472,5570.587
51426,2015-08-26T19:15:00+00:00,-1827572,5570.541
51426,2015-08-26T19:30:00+00:00,-1826672,5570.497
51426,2015-08-26T19:45:00+00:00,-1825772,5570.455
51426,2015-08-26T20:00:00+00:00,-1824872,5570.412
51426,2015-08-26T20:15:00+00:00,-1823972,5570.376
51426,2015-08-26T20:30:00+00:00,-1823072,5570.341
51426,2015-08-26T20:45:00+00:00,-1822172,5570.313
51426,2015-08-26T21:00:00+00:00,-1821272,5570.288
51426,2015-08-26T21:15:00+00:00,-1820372,5570.268
51426,2015-08-26T21:30:00+00:00,-1819472,5570.251
51426,2015-08-26T21:45:00+00:00,-1818572,5570.241
51426,2015-08-26T22:00:00+00:00,-1817672,5570.237
51426,2015-08-26T22:15:00+00:00,-1816772,5570.235
51426,2015-08-26T22:30:00+00:00,-1815872,5570.240
51426,2015-08-26T22:45:00+00:00,-1814972,5570.251
51426,2015-08-26T23:00:00+00:00,-1814072,5570.268
51426,2015-08-26T23:15:00+00:00,-1813172,5570.289
51426,2015-08-26T23:30:00+00:00,-1812272,5570.318
51426,2015-08-26T23:45:00+00:00,-1811372,5570.349
51426,2015-08-27T00:00:00+00:00,-1810472,5570.382
51426,2015-08-27T00:15:00+00:00,-1809572,5570.419
51426,2015-08-27T00:30:00+00:00,-1808672,5570.458
51426,2015-08-27T00:45:00+00:00,-1807772,5570.498
51426,2015-08-27T01:00:00+00:00,-1806872,5570.544
51426,2015-08-27T01:15:00+00:00,-1805972,5570.586
51426,2015-08-27T01:30:00+00:00,-1805072,5570.634
51426,2015-08-27T01:45:00+00:00,-1804172,5570.679
51426,2015-08-27T02:00:00+00:00,-1803272,5570.719
51426,2015-08-27T02:15:00+00:00,-1802372,5570.760
51426,2015-08-27T02:30:00+00:00,-1801472,5570.798
51426,2015-08-27T02:45:00+00:00,-1800572,5570.832
51426,2015-08-27T03:00:00+00:00,-1799672,5570.863
51426,2015-08-27T03:15:00+00:00,-1798772,5570.886
51426,2015-08-27T03:30:00+00:00,-1797872,5570.905
51426,2015-08-27T03:45:00+00:00,-1796972,5570.921
51426,2015-08-27T04:00:00+00:00,-1796072,5570.929
51426,2015-08-27T04:15:00+00:00,-1795172,5570.935
51426,2015-08-27T04:30:00+00:00,-1794272,5570.934
51426,2015-08-27T04:45:00+00:00,-1793372,5570.924
51426,2015-08-27T05:00:00+00:00,-1792472,5570.912
51426,2015-08-27T05:15:00+00:00,-1791572,5570.892
51426,2015-08-27T05:30:00+00:00,-1790672,5570.869
51426,2015-08-27T05:45:00+00:00,-1789772,5570.843
51426,2015-08-27T06:00:00+00:00,-1788872,5570.812
51426,2015-08-27T06:15:00+00:00,-1787972,5570.775
51426,2015-08-27T06:30:00+00:00,-1787072,5570.737
51426,2015-08-27T06:45:00+00:00,-1786172,5570.697
51426,2015-08-27T07:00:00+00:00,-1785272,5570.657
51426,2015-08-27T07:15:00+00:00,-1784372,5570.613
51426,2015-08-27T07:30:00+00:00,-1783472,5570.570
51426,2015-08-27T07:45:00+00:00,-1782572,5570.527
51426,2015-08-27T08:00:00+00:00,-1781672,5570.484
51426,2015-08-27T08:15:00+00:00,-1780772,5570.444
51426,2015-08-27T08:30:00+00:00,-1779872,5570.406
51426,2015-08-27T08:45:00+00:00,-1778972,5570.374
51426,2015-08-27T09:00:00+00:00,-1778072,5570.344
51426,2015-08-27T09:15:00+00:00,-1777172,5570.318
51426,2015-08-27T09:30:00+00:00,-1776272,5570.297
51426,2015-08-27T09:45:00+00:00,-1775372,5570.283
51426,2015-08-27T10:00:00+00:00,-1774472,5570.273
51426,2015-08-27T10:15:00+00:00,-1773572,5570.270
51426,2015-08-27T10:30:00+00:00,-1772672,5570.276
51426,2015-08-27T10:45:00+00:00,-1771772,5570.286
51426,2015-08-27T11:00:00+00:00,-1770872,5570.302
51426,2015-08-27T11:15:00+00:00,-1769972,5570.323
51426,2015-08-27T11:30:00+00:00,-1769072,5570.347
51426,2015-08-27T11:45:00+00:00,-1768172,5570.375
51426,2015-08-27T12:00:00+00:00,-1767272,5570.410
51426,2015-08-27T12:15:00+00:00,-1766372,5570.447
51426,2015-08-27T12:30:00+00:00,-1765472,5570.492
51426,2015-08-27T12:45:00+00:00,-1764572,5570.535
51426,2015-08-27T13:00:00+00:00,-1763672,5570.582
51426,2015-08-27T13:15:00+00:00,-1762772,5570.629
51426,2015-08-27T13:30:00+00:00,-1761872,5570.680
51426,2015-08-27T13:45:00+00:00,-1760972,5570.726
51426,2015-08-27T14:00:00+00:00,-1760072,5570.773
51426,2015-08-27T14:15:00+00:00,-1759172,5570.821
51426,2015-08-27T14:30:00+00:00,-1758272,5570.863
51426,2015-08-27T14:45:00+00:00,-1757372,5570.905
51426,2015-08-27T15:00:00+00:00,-1756472,5570.941
51426,2015-08-27T15:15:00+00:00,-1755572,5570.972
51426,2015-08-27T15:30:00+00:00,-1754672,5571.000
51426,2015-08-27T15:45:00+00:00,-1753772,5571.024
51426,2015-08-27T16:00:00+00:00,-1752872,5571.038
51426,2015-08-27T16:15:00+00:00,-1751972,5571.047
51426,2015-08-27T16:30:00+00:00,-1751072,5571.052
51426,2015-08-27T16:45:00+00:00,-1750172,5571.049
51426,2015-08-27T17:00:00+00:00,-1749272,5571.038
51426,2015-08-27T17:15:00+00:00,-1748372,5571.026
51426,2015-08-27T17:30:00+00:00,-1747472,5571.003
51426,2015-08-27T17:45:00+00:00,-1746572,5570.975
51426,2015-08-27T18:00:00+00:00,-1745672,5570.945
51426,2015-08-27T18:15:00+00:00,-1744772,5570.910
51426,2015-08-27T18:30:00+00:00,-1743872,5570.871
51426,2015-08-27T18:45:00+00:00,-1742972,5570.828
51426,2015-08-27T19:00:00+00:00,-1742072,5570.781
51426,2015-08-27T19:15:00+00:00,-1741172,5570.726
51426,2015-08-27T19:30:00+00:00,-1740272,5570.678
51426,2015-08-27T19:45:00+00:00,-1739372,5570.624
51426,2015-08-27T20:00:00+00:00,-1738472,5570.573
51426,2015-08-27T20:15:00+00:00,-1737572,5570.521
51426,2015-08-27T20:30:00+00:00,-1736672,5570.472
51426,2015-08-27T20:45:00+00:00,-1735772,5570.423
51426,2015-08-27T21:00:00+00:00,-1734872,5570.376
51426,2015-08-27T21:15:00+00:00,-1733972,5570.336
51426,2015-08-27T21:30:00+00:00,-1733072,5570.299
51426,2015-08-27T21:45:00+00:00,-1732172,5570.265
51426,2015-08-27T22:00:00+00:00,-1731272,5570.233
51426,2015-08-27T22:15:00+00:00,-1730372,5570.209
51426,2015-08-27T22:30:00+00:00,-1729472,5570.194
51426,2015-08-27T22:45:00+00:00,-1728572,5570.181
51426,2015-08-27T23:00:00+00:00,-1727672,5570.179
51426,2015-08-27T23:15:00+00:00,-1726772,5570.178
51426,2015-08-27T23:30:00+00:00,-1725872,5570.190
51426,2015-08-27T23:45:00+00:00,-1724972,5570.206
51426,2015-08-28T00:00:00+00:00,-1724072,5570.226
51426,2015-08-28T00:15:00+00:00,-1723172,5570.250
51426,2015-08-28T00:30:00+00:00,-1722272,5570.280
51426,2015-08-28T00:45:00+00:00,-1721372,5570.314
51426,2015-08-28T01:00:00+00:00,-1720472,5570.356
51426,2015-08-28T01:15:00+00:00,-1719572,5570.398
51426,2015-08-28T01:30:00+00:00,-1718672,5570.448
51426,2015-08-28T01:45:00+00:00,-1717772,5570.493
51426,2015-08-28T02:00:00+00:00,-1716872,5570.543
51426,2015-08-28T02:15:00+00:00,-1715972,5570.597
51426,2015-08-28T02:30:00+00:00,-1715072,5570.649
51426,2015-08-28T02:45:00+00:00,-1714172,5570.698
51426,2015-08-28T03:00:00+00:00,-1713272,5570.744
51426,2015-08-28T03:15:00+00:00,-1712372,5570.791
51426,2015-08-28T03:30:00+00:00,-1711472,5570.833
51426,2015-08-28T03:45:00+00:00,-1710572,5570.870
51426,2015-08-28T04:00:00+00:00,-1709672,5570.903
51426,2015-08-28T04:15:00+00:00,-1708772,5570.934
51426,2015-08-28T04:30:00+00:00,-1707872,5570.959
51426,2015-08-28T04:45:00+00:00,-1706972,5570.973
51426,2015-08-28T05:00:00+00:00,-1706072,5570.985
51426,2015-08-28T05:15:00+00:00,-1705172,5570.988
51426,2015-08-28T05:30:00+00:00,-1704272,5570.983
51426,2015-08-28T05:45:00+00:00,-1703372,5570.975
51426,2015-08-28T06:00:00+00:00,-1702472,5570.956
51426,2015-08-28T06:15:00+00:00,-1701572,5570.935
51426,2015-08-28T06:30:00+00:00,-1700672,5570.909
51426,2015-08-28T06:45:00+00:00,-1699772,5570.877
51426,2015-08-28T07:00:00+00:00,-1698872,5570.841
51426,2015-08-28T07:15:00+00:00,-1697972,5570.799
51426,2015-08-28T07:30:00+00:00,-1697072,5570.754
51426,2015-08-28T07:45:00+00:00,-1696172,5570.708
51426,2015-08-28T08:00:00+00:00,-1695272,5570.656
51426,2015-08-28T08:15:00+00:00,-1694372,5570.606
51426,2015-08-28T08:30:00+00:00,-1693472,5570.553
51426,2015-08-28T08:45:00+00:00,-1692572,5570.502
51426,2015-08-28T09:00:00+00:00,-1691672,5570.452
51426,2015-08-28T09:15:00+00:00,-1690772,5570.405
51426,2015-08-28T09:30:00+00:00,-1689872,5570.360
51426,2015-08-28T09:45:00+00:00,-1688972,5570.321
51426,2015-08-28T10:00:00+00:00,-1688072,5570.289
51426,2015-08-28T10:15:00+00:00,-1687172,5570.260
51426,2015-08-28T10:30:00+00:00,-1686272,5570.236
51426,2015-08-28T10:45:00+00:00,-1685372,5570.222
51426,2015-08-28T11:00:00+00:00,-1684472,5570.212
51426,2015-08-28T11:15:00+00:00,-1683572,5570.207
51426,2015-08-28T11:30:00+00:00,-1682672,5570.210
51426,2015-08-28T11:45:00+00:00,-1681772,5570.221
51426,2015-08-28T12:00:00+00:00,-1680872,5570.233
51426,2015-08-28T12:15:00+00:00,-1679972,5570.255
51426,2015-08-28T12:30:00+00:00,-1679072,5570.283
51426,2015-08-28T12:45:00+00:00,-1678172,5570.315
51426,2015-08-28T13:00:00+00:00,-1677272,5570.356
51426,2015-08-28T13:15:00+00:00,-1676372,5570.402
51426,2015-08-28T13:30:00+00:00,-1675472,5570.449
51426,2015-08-28T13:45:00+00:00,-1674572,5570.495
51426,2015-08-28T14:00:00+00:00,-1673672,5570.553
51426,2015-08-28T14:15:00+00:00,-1672772,5570.606
51426,2015-08-28T14:30:00+00:00,-1671872,5570.662
51426,2015-08-28T14:45:00+00:00,-1670972,5570.716
51426,2015-08-28T15:00:00+00:00,-1670072,5570.771
51426,2015-08-28T15:15:00+00:00,-1669172,5570.822
51426,2015-08-28T15:30:00+00:00,-1668272,5570.875
51426,2015-08-28T15:45:00+00:00,-1667372,5570.921
51426,2015-08-28T16:00:00+00:00,-1666472,5570.962
51426,2015-08-28T16:15:00+00:00,-1665572,5570.998
51426,2015-08-28T16:30:00+00:00,-1664672,5571.030
51426,2015-08-28T16:45:00+00:00,-1663772,5571.059
51426,2015-08-28T17:00:00+00:00,-1662872,5571.074
51426,2015-08-28T17:15:00+00:00,-1661972,5571.087
51426,2015-08-28T17:30:00+00:00,-1661072,5571.094
51426,2015-08-28T17:45:00+00:00,-1660172,5571.090
51426,2015-08-28T18:00:00+00:00,-1659272,5571.080
51426,2015-08-28T18:15:00+00:00,-1658372,5571.065
51426,2015-08-28T18:30:00+00:00,-1657472,5571.042
51426,2015-08-28T18:45:00+00:00,-1656572,5571.012
51426,2015-08-28T19:00:00+00:00,-1655672,5570.976
51426,2015-08-28T19:15:00+00:00,-1654772,5570.935
51426,2015-08-28T19:30:00+00:00,-1653872,5570.889
51426,2015-08-28T19:45:00+00:00,-1652972,5570.838
51426,2015-08-28T20:00:00+00:00,-1652072,5570.780
51426,2015-08-28T20:15:00+00:00,-1651172,5570.720
51426,2015-08-28T20:30:00+00:00,-1650272,5570.663
51426,2015-08-28T20:45:00+00:00,-1649372,5570.602
51426,2015-08-28T21:00:00+00:00,-1648472,5570.542
51426,2015-08-28T21:15:00+00:00,-1647572,5570.485
51426,2015-08-28T21:30:00+00:00,-1646672,5570.428
51426,2015-08-28T21:45:00+00:00,-1645772,5570.372
51426,2015-08-28T22:00:00+00:00,-1644872,5570.320
51426,2015-08-28T22:15:00+00:00,-1643972,5570.273
51426,2015-08-28T22:30:00+00:00,-1643072,5570.233
51426,2015-08-28T22:45:00+00:00,-1642172,5570.196
51426,2015-08-28T23:00:00+00:00,-1641272,5570.166
51426,2015-08-28T23:15:00+00:00,-1640372,5570.144
51426,2015-08-28T23:30:00+00:00,-1639472,5570.126
51426,2015-08-28T23:45:00+00:00,-1638572,5570.117
51426,2015-08-29T00:00:00+00:00,-1637672,5570.114
51426,2015-08-29T00:15:00+00:00,-1636772,5570.118
51426,2015-08-29T00:30:00+00:00,-1635872,5570.129
51426,2015-08-29T00:45:00+00:00,-1634972,5570.148
51426,2015-08-29T01:00:00+00:00,-1634072,5570.172
51426,2015-08-29T01:15:00+00:00,-1633172,5570.203
51426,2015-08-29T01:30:00+00:00,-1632272,5570.241
51426,2015-08-29T01:45:00+00:00,-1631372,5570.284
51426,2015-08-29T02:00:00+00:00,-1630472,5570.333
51426,2015-08-29T02:15:00+00:00,-1629572,5570.384
51426,2015-08-29T02:30:00+00:00,-1628672,5570.439
51426,2015-08-29T02:45:00+00:00,-1627772,5570.494
51426,2015-08-29T03:00:00+00:00,-1626872,5570.555
51426,2015-08-29T03:15:00+00:00,-1625972,5570.616
51426,2015-08-29T03:30:00+00:00,-1625072,5570.673
51426,2015-08-29T03:45:00+00:00,-1624172,5570.731
51426,2015-08-29T04:00:00+00:00,-1623272,5570.787
51426,2015-08-29T04:15:00+00:00,-1622372,5570.839
51426,2015-08-29T04:30:00+00:00,-1621472,5570.886
51426,2015-08-29T04:45:00+00:00,-1620572,5570.931
51426,2015-08-29T05:00:00+00:00,-1619672,5570.967
51426,2015-08-29T05:15:00+00:00,-1618772,5571.002
51426,2015-08-29T05:30:00+00:00,-1617872,5571.024
51426,2015-08-29T05:45:00+00:00,-1616972,5571.038
51426,2015-08-29T06:00:00+00:00,-1616072,5571.048
51426,2015-08-29T06:15:00+00:00,-1615172,5571.049
51426,2015-08-29T06:30:00+00:00,-1614272,5571.043
51426,2015-08-29T06:45:00+00:00,-1613372,5571.029
51426,2015-08-29T07:00:00+00:00,-1612472,5571.007
51426,2015-08-29T07:15:00+00:00,-1611572,5570.978
51426,2015-08-29T07:30:00+00:00,-1610672,5570.944
51426,2015-08-29T07:45:00+00:00,-1609772,5570.902
51426,2015-08-29T08:00:00+00:00,-1608872,5570.856
51426,2015-08-29T08:15:00+00:00,-1607972,5570.806
51426,2015-08-29T08:30:00+00:00,-1607072,5570.750
51426,2015-08-29T08:45:00+00:00,-1606172,5570.693
51426,2015-08-29T09:00:00+00:00,-1605272,5570.635
51426,2015-08-29T09:15:00+00:00,-1604372,5570.576
51426,2015-08-29T09:30:00+00:00,-1603472,5570.519
51426,2015-08-29T09:45:00+00:00,-1602572,5570.461
51426,2015-08-29T10:00:00+00:00,-1601672,5570.403
51426,2015-08-29T10:15:00+00:00,-1600772,5570.352
51426,2015-08-29T10:30:00+00:00,-1599872,5570.301
51426,2015-08-29T10:45:00+00:00,-1598972,5570.260
51426,2015-08-29T11:00:00+00:00,-1598072,5570.222
51426,2015-08-29T11:15:00+00:00,-1597172,5570.188
51426,2015-08-29T11:30:00+00:00,-1596272,5570.161
51426,2015-08-29T11:45:00+00:00,-1595372,5570.141
51426,2015-08-29T12:00:00+00:00,-1594472,5570.130
51426,2015-08-29T12:15:00+00:00,-1593572,5570.127
51426,2015-08-29T12:30:00+00:00,-1592672,5570.128
51426,2015-08-29T12:45:00+00:00,-1591772,5570.137
51426,2015-08-29T13:00:00+00:00,-1590872,5570.155
51426,2015-08-29T13:15:00+00:00,-1589972,5570.180
51426,2015-08-29T13:30:00+00:00,-1589072,5570.210
51426,2015-08-29T13:45:00+00:00,-1588172,5570.253
51426,2015-08-29T14:00:00+00:00,-1587272,5570.297
51426,2015-08-29T14:15:00+00:00,-1586372,5570.344
51426,2015-08-29T14:30:00+00:00,-1585472,5570.402
51426,2015-08-29T14:45:00+00:00,-1584572,5570.459
51426,2015-08-29T15:00:00+00:00,-1583672,5570.522
51426,2015-08-29T15:15:00+00:00,-1582772,5570.584
51426,2015-08-29T15:30:00+00:00,-1581872,5570.649
51426,2015-08-29T15:45:00+00:00,-1580972,5570.713
51426,2015-08-29T16:00:00+00:00,-1580072,5570.774
51426,2015-08-29T16:15:00+00:00,-1579172,5570.837
51426,2015-08-29T16:30:00+00:00,-1578272,5570.893
51426,2015-08-29T16:45:00+00:00,-1577372,5570.947
51426,2015-08-29T17:00:00+00:00,-1576472,5570.997
51426,2015-08-29T17:15:00+00:00,-1575572,5571.039
51426,2015-08-29T17:30:00+00:00,-1574672,5571.073
51426,2015-08-29T17:45:00+00:00,-1573772,5571.099
51426,2015-08-29T18:00:00+00:00,-1572872,5571.119
51426,2015-08-29T18:15:00+00:00,-1571972,5571.129
51426,2015-08-29T18:30:00+00:00,-1571072,5571.132
51426,2015-08-29T18:45:00+00:00,-1570172,5571.126
51426,2015-08-29T19:00:00+00:00,-1569272,5571.114
51426,2015-08-29T19:15:00+00:00,-1568372,5571.095
51426,2015-08-29T19:30:00+00:00,-1567472,5571.063
51426,2015-08-29T19:45:00+00:00,-1566572,5571.030
51426,2015-08-29T20:00:00+00:00,-1565672,5570.987
51426,2015-08-29T20:15:00+00:00,-1564772,5570.939
51426,2015-08-29T20:30:00+00:00,-1563872,5570.885
51426,2015-08-29T20:45:00+00:00,-1562972,5570.828
51426,2015-08-29T21:00:00+00:00,-1562072,5570.765
51426,2015-08-29T21:15:00+00:00,-1561172,5570.698
51426,2015-08-29T21:30:00+00:00,-1560272,5570.633
51426,2015-08-29T21:45:00+00:00,-1559372,5570.566
51426,2015-08-29T22:00:00+00:00,-1558472,5570.501
51426,2015-08-29T22:15:00+00:00,-1557572,5570.432
51426,2015-08-29T22:30:00+00:00,-1556672,5570.371
51426,2015-08-29T22:45:00+00:00,-1555772,5570.313
51426,2015-08-29T23:00:00+00:00,-1554872,5570.256
51426,2015-08-29T23:15:00+00:00,-1553972,5570.204
51426,2015-08-29T23:30:00+00:00,-1553072,5570.161
51426,2015-08-29T23:45:00+00:00,-1552172,5570.124
51426,2015-08-30T00:00:00+00:00,-1551272,5570.095
51426,2015-08-30T00:15:00+00:00,-1550372,5570.072
51426,2015-08-30T00:30:00+00:00,-1549472,5570.060
51426,2015-08-30T00:45:00+00:00,-1548572,5570.054
51426,2015-08-30T01:00:00+00:00,-1547672,5570.055
51426,2015-08-30T01:15:00+00:00,-1546772,5570.061
51426,2015-08-30T01:30:00+00:00,-1545872,5570.077
51426,2015-08-30T01:45:00+00:00,-1544972,5570.100
51426,2015-08-30T02:00:00+00:00,-1544072,5570.134
51426,2015-08-30T02:15:00+00:00,-1543172,5570.171
51426,2015-08-30T02:30:00+00:00,-1542272,5570.217
51426,2015-08-30T02:45:00+00:00,-1541372,5570.269
51426,2015-08-30T03:00:00+00:00,-1540472,5570.327
51426,2015-08-30T03:15:00+00:00,-1539572,5570.387
51426,2015-08-30T03:30:00+00:00,-1538672,5570.452
51426,2015-08-30T03:45:00+00:00,-1537772,5570.520
51426,2015-08-30T04:00:00+00:00,-1536872,5570.590
51426,2015-08-30T04:15:00+00:00,-1535972,5570.658
51426,2015-08-30T04:30:00+00:00,-1535072,5570.726
51426,2015-08-30T04:45:00+00:00,-1534172,5570.792
51426,2015-08-30T05:00:00+00:00,-1533272,5570.853
51426,2015-08-30T05:15:00+00:00,-1532372,5570.913
51426,2015-08-30T05:30:00+00:00,-1531472,5570.965
51426,2015-08-30T05:45:00+00:00,-1530572,5571.010
51426,2015-08-30T06:00:00+00:00,-1529672,5571.051
51426,2015-08-30T06:15:00+00:00,-1528772,5571.079
51426,2015-08-30T06:30:00+00:00,-1527872,5571.103
51426,2015-08-30T06:45:00+00:00,-1526972,5571.117
51426,2015-08-30T07:00:00+00:00,-1526072,5571.123
51426,2015-08-30T07:15:00+00:00,-1525172,5571.121
51426,2015-08-30T07:30:00+00:00,-1524272,5571.113
51426,2015-08-30T07:45:00+00:00,-1523372,5571.092
51426,2015-08-30T08:00:00+00:00,-1522472,5571.066
51426,2015-08-30T08:15:00+00:00,-1521572,5571.031
51426,2015-08-30T08:30:00+00:00,-1520672,5570.987
51426,2015-08-30T08:45:00+00:00,-1519772,5570.938
51426,2015-08-30T09:00:00+00:00,-1518872,5570.884
51426,2015-08-30T09:15:00+00:00,-1517972,5570.825
51426,2015-08-30T09:30:00+00:00,-1517072,5570.760
51426,2015-08-30T09:45:00+00:00,-1516172,5570.694
51426,2015-08-30T10:00:00+00:00,-1515272,5570.625
51426,2015-08-30T10:15:00+00:00,-1514372,5570.555
51426,2015-08-30T10:30:00+00:00,-1513472,5570.491
51426,2015-08-30T10:45:00+00:00,-1512572,5570.428
51426,2015-08-30T11:00:00+00:00,-1511672,5570.366
51426,2015-08-30T11:15:00+00:00,-1510772,5570.305
51426,2015-08-30T11:30:00+00:00,-1509872,5570.253
51426,2015-08-30T11:45:00+00:00,-1508972,5570.204
51426,2015-08-30T12:00:00+00:00,-1508072,5570.160
51426,2015-08-30T12:15:00+00:00,-1507172,5570.121
51426,2015-08-30T12:30:00+00:00,-1506272,5570.092
51426,2015-08-30T12:45:00+00:00,-1505372,5570.073
51426,2015-08-30T13:00:00+00:00,-1504472,5570.060
51426,2015-08-30T13:15:00+00:00,-1503572,5570.057
51426,2015-08-30T13:30:00+00:00,-1502672,5570.060
51426,2015-08-30T13:45:00+00:00,-1501772,5570.069
51426,2015-08-30T14:00:00+00:00,-1500872,5570.091
51426,2015-08-30T14:15:00+00:00,-1499972,5570.120
51426,2015-08-30T14:30:00+00:00,-1499072,5570.159
51426,2015-08-30T14:45:00+00:00,-1498172,5570.204
51426,2015-08-30T15:00:00+00:00,-1497272,5570.254
51426,2015-08-30T15:15:00+00:00,-1496372,5570.311
51426,2015-08-30T15:30:00+00:00,-1495472,5570.373
51426,2015-08-30T15:45:00+00:00,-1494572,5570.440
51426,2015-08-30T16:00:00+00:00,-1493672,5570.508
51426,2015-08-30T16:15:00+00:00,-1492772,5570.581
51426,2015-08-30T16:30:00+00:00,-1491872,5570.655
51426,2015-08-30T16:45:00+00:00,-1490972,5570.727
51426,2015-08-30T17:00:00+00:00,-1490072,5570.799
51426,2015-08-30T17:15:00+00:00,-1489172,5570.865
51426,2015-08-30T17:30:00+00:00,-1488272,5570.930
51426,2015-08-30T17:45:00+00:00,-1487372,5570.990
51426,2015-08-30T18:00:00+00:00,-1486472,5571.041
51426,2015-08-30T18:15:00+00:00,-1485572,5571.085
51426,2015-08-30T18:30:00+00:00,-1484672,5571.123
51426,2015-08-30T18:45:00+00:00,-1483772,5571.150
51426,2015-08-30T19:00:00+00:00,-1482872,5571.173
51426,2015-08-30T19:15:00+00:00,-1481972,5571.181
51426,2015-08-30T19:30:00+00:00,-1481072,5571.184
51426,2015-08-30T19:45:00+00:00,-1480172,5571.176
51426,2015-08-30T20:00:00+00:00,-1479272,5571.158
51426,2015-08-30T20:15:00+00:00,-1478372,5571.128
51426,2015-08-30T20:30:00+00:00,-1477472,5571.093
51426,2015-08-30T20:45:00+00:00,-1476572,5571.050
51426,2015-08-30T21:00:00+00:00,-1475672,5571.000
51426,2015-08-30T21:15:00+00:00,-1474772,5570.941
51426,2015-08-30T21:30:00+00:00,-1473872,5570.879
51426,2015-08-30T21:45:00+00:00,-1472972,5570.813
51426,2015-08-30T22:00:00+00:00,-1472072,5570.743
51426,2015-08-30T22:15:00+00:00,-1471172,5570.674
51426,2015-08-30T22:30:00+00:00,-1470272,5570.602
51426,2015-08-30T22:45:00+00:00,-1469372,5570.528
51426,2015-08-30T23:00:00+00:00,-1468472,5570.458
51426,2015-08-30T23:15:00+00:00,-1467572,5570.386
51426,2015-08-30T23:30:00+00:00,-1466672,5570.318
51426,2015-08-30T23:45:00+00:00,-1465772,5570.257
51426,2015-08-31T00:00:00+00:00,-1464872,5570.202
51426,2015-08-31T00:15:00+00:00,-1463972,5570.149
51426,2015-08-31T00:30:00+00:00,-1463072,5570.107
51426,2015-08-31T00:45:00+00:00,-1462172,5570.069
51426,2015-08-31T01:00:00+00:00,-1461272,5570.041
51426,2015-08-31T01:15:00+00:00,-1460372,5570.021
51426,2015-08-31T01:30:00+00:00,-1459472,5570.007
51426,2015-08-31T01:45:00+00:00,-1458572,5570.000
51426,2015-08-31T02:00:00+00:00,-1457672,5570.008
51426,2015-08-31T02:15:00+00:00,-1456772,5570.021
51426,2015-08-31T02:30:00+00:00,-1455872,5570.043
51426,2015-08-31T02:45:00+00:00,-1454972,5570.074
51426,2015-08-31T03:00:00+00:00,-1454072,5570.112
51426,2015-08-31T03:15:00+00:00,-1453172,5570.159
51426,2015-08-31T03:30:00+00:00,-1452272,5570.213
51426,2015-08-31T03:45:00+00:00,-1451372,5570.271
51426,2015-08-31T04:00:00+00:00,-1450472,5570.337
51426,2015-08-31T04:15:00+00:00,-1449572,5570.406
51426,2015-08-31T04:30:00+00:00,-1448672,5570.477
51426,2015-08-31T04:45:00+00:00,-1447772,5570.548
51426,2015-08-31T05:00:00+00:00,-1446872,5570.625
51426,2015-08-31T05:15:00+00:00,-1445972,5570.699
51426,2015-08-31T05:30:00+00:00,-1445072,5570.768
51426,2015-08-31T05:45:00+00:00,-1444172,5570.838
51426,2015-08-31T06:00:00+00:00,-1443272,5570.903
51426,2015-08-31T06:15:00+00:00,-1442372,5570.966
51426,2015-08-31T06:30:00+00:00,-1441472,5571.019
51426,2015-08-31T06:45:00+00:00,-1440572,5571.067
51426,2015-08-31T07:00:00+00:00,-1439672,5571.110
51426,2015-08-31T07:15:00+00:00,-1438772,5571.141
51426,2015-08-31T07:30:00+00:00,-1437872,5571.165
51426,2015-08-31T07:45:00+00:00,-1436972,5571.178
51426,2015-08-31T08:00:00+00:00,-1436072,5571.178
51426,2015-08-31T08:15:00+00:00,-1435172,5571.172
51426,2015-08-31T08:30:00+00:00,-1434272,5571.157
51426,2015-08-31T08:45:00+00:00,-1433372,5571.132
51426,2015-08-31T09:00:00+00:00,-1432472,5571.097
51426,2015-08-31T09:15:00+00:00,-1431572,5571.056
51426,2015-08-31T09:30:00+00:00,-1430672,5571.006
51426,2015-08-31T09:45:00+00:00,-1429772,5570.953
51426,2015-08-31T10:00:00+00:00,-1428872,5570.891
51426,2015-08-31T10:15:00+00:00,-1427972,5570.822
51426,2015-08-31T10:30:00+00:00,-1427072,5570.756
51426,2015-08-31T10:45:00+00:00,-1426172,5570.688
51426,2015-08-31T11:00:00+00:00,-1425272,5570.615
51426,2015-08-31T11:15:00+00:00,-1424372,5570.541
51426,2015-08-31T11:30:00+00:00,-1423472,5570.467
51426,2015-08-31T11:45:00+00:00,-1422572,5570.398
51426,2015-08-31T12:00:00+00:00,-1421672,5570.328
51426,2015-08-31T12:15:00+00:00,-1420772,5570.265
51426,2015-08-31T12:30:00+00:00,-1419872,5570.206
51426,2015-08-31T12:45:00+00:00,-1418972,5570.153
51426,2015-08-31T13:00:00+00:00,-1418072,5570.107
51426,2015-08-31T13:15:00+00:00,-1417172,5570.067
51426,2015-08-31T13:30:00+00:00,-1416272,5570.038
51426,2015-08-31T13:45:00+00:00,-1415372,5570.020
51426,2015-08-31T14:00:00+00:00,-1414472,5570.009
51426,2015-08-31T14:15:00+00:00,-1413572,5570.005
51426,2015-08-31T14:30:00+00:00,-1412672,5570.013
51426,2015-08-31T14:45:00+00:00,-1411772,5570.031
51426,2015-08-31T15:00:00+00:00,-1410872,5570.057
51426,2015-08-31T15:15:00+00:00,-1409972,5570.093
51426,2015-08-31T15:30:00+00:00,-1409072,5570.133
51426,2015-08-31T15:45:00+00:00,-1408172,5570.187
51426,2015-08-31T16:00:00+00:00,-1407272,5570.246
51426,2015-08-31T16:15:00+00:00,-1406372,5570.311
51426,2015-08-31T16:30:00+00:00,-1405472,5570.381
51426,2015-08-31T16:45:00+00:00,-1404572,5570.453
51426,2015-08-31T17:00:00+00:00,-1403672,5570.528
51426,2015-08-31T17:15:00+00:00,-1402772,5570.605
51426,2015-08-31T17:30:00+00:00,-1401872,5570.684
51426,2015-08-31T17:45:00+00:00,-1400972,5570.760
51426,2015-08-31T18:00:00+00:00,-1400072,5570.833
51426,2015-08-31T18:15:00+00:00,-1399172,5570.903
51426,2015-08-31T18:30:00+00:00,-1398272,5570.969
51426,2015-08-31T18:45:00+00:00,-1397372,5571.025
51426,2015-08-31T19:00:00+00:00,-1396472,5571.076
51426,2015-08-31T19:15:00+00:00,-1395572,5571.121
51426,2015-08-31T19:30:00+00:00,-1394672,5571.156
51426,2015-08-31T19:45:00+00:00,-1393772,5571.182
51426,2015-08-31T20:00:00+00:00,-1392872,5571.200
51426,2015-08-31T20:15:00+00:00,-1391972,5571.206
51426,2015-08-31T20:30:00+00:00,-1391072,5571.202
51426,2015-08-31T20:45:00+00:00,-1390172,5571.190
51426,2015-08-31T21:00:00+00:00,-1389272,5571.169
51426,2015-08-31T21:15:00+00:00,-1388372,5571.135
51426,2015-08-31T21:30:00+00:00,-1387472,5571.094
51426,2015-08-31T21:45:00+00:00,-1386572,5571.043
51426,2015-08-31T22:00:00+00:00,-1385672,5570.989
51426,2015-08-31T22:15:00+00:00,-1384772,5570.927
51426,2015-08-31T22:30:00+00:00,-1383872,5570.861
51426,2015-08-31T22:45:00+00:00,-1382972,5570.790
51426,2015-08-31T23:00:00+00:00,-1382072,5570.714
51426,2015-08-31T23:15:00+00:00,-1381172,5570.638
51426,2015-08-31T23:30:00+00:00,-1380272,5570.566
51426,2015-08-31T23:45:00+00:00,-1379372,5570.494
51426,2015-09-01T00:00:00+00:00,-1378472,5570.419
51426,2015-09-01T00:15:00+00:00,-1377572,5570.349
51426,2015-09-01T00:30:00+00:00,-1376672,5570.283
51426,2015-09-01T00:45:00+00:00,-1375772,5570.221
51426,2015-09-01T01:00:00+00:00,-1374872,5570.165
51426,2015-09-01T01:15:00+00:00,-1373972,5570.116
51426,2015-09-01T01:30:00+00:00,-1373072,5570.069
51426,2015-09-01T01:45:00+00:00,-1372172,5570.035
51426,2015-09-01T02:00:00+00:00,-1371272,5570.010
51426,2015-09-01T02:15:00+00:00,-1370372,5569.991
51426,2015-09-01T02:30:00+00:00,-1369472,5569.980
51426,2015-09-01T02:45:00+00:00,-1368572,5569.982
51426,2015-09-01T03:00:00+00:00,-1367672,5569.994
51426,2015-09-01T03:15:00+00:00,-1366772,5570.013
51426,2015-09-01T03:30:00+00:00,-1365872,5570.042
51426,2015-09-01T03:45:00+00:00,-1364972,5570.076
51426,2015-09-01T04:00:00+00:00,-1364072,5570.123
51426,2015-09-01T04:15:00+00:00,-1363172,5570.179
51426,2015-09-01T04:30:00+00:00,-1362272,5570.238
51426,2015-09-01T04:45:00+00:00,-1361372,5570.300
51426,2015-09-01T05:00:00+00:00,-1360472,5570.368
51426,2015-09-01T05:15:00+00:00,-1359572,5570.442
51426,2015-09-01T05:30:00+00:00,-1358672,5570.517
51426,2015-09-01T05:45:00+00:00,-1357772,5570.597
51426,2015-09-01T06:00:00+00:00,-1356872,5570.674
51426,2015-09-01T06:15:00+00:00,-1355972,5570.753
51426,2015-09-01T06:30:00+00:00,-1355072,5570.828
51426,2015-09-01T06:45:00+00:00,-1354172,5570.900
51426,2015-09-01T07:00:00+00:00,-1353272,5570.972
51426,2015-09-01T07:15:00+00:00,-1352372,5571.030
51426,2015-09-01T07:30:00+00:00,-1351472,5571.082
51426,2015-09-01T07:45:00+00:00,-1350572,5571.130
51426,2015-09-01T08:00:00+00:00,-1349672,5571.167
51426,2015-09-01T08:15:00+00:00,-1348772,5571.191
51426,2015-09-01T08:30:00+00:00,-1347872,5571.208
51426,2015-09-01T08:45:00+00:00,-1346972,5571.215
51426,2015-09-01T09:00:00+00:00,-1346072,5571.211
51426,2015-09-01T09:15:00+00:00,-1345172,5571.200
51426,2015-09-01T09:30:00+00:00,-1344272,5571.181
51426,2015-09-01T09:45:00+00:00,-1343372,5571.152
51426,2015-09-01T10:00:00+00:00,-1342472,5571.112
51426,2015-09-01T10:15:00+00:00,-1341572,5571.066
51426,2015-09-01T10:30:00+00:00,-1340672,5571.011
51426,2015-09-01T10:45:00+00:00,-1339772,5570.952
51426,2015-09-01T11:00:00+00:00,-1338872,5570.886
51426,2015-09-01T11:15:00+00:00,-1337972,5570.816
51426,2015-09-01T11:30:00+00:00,-1337072,5570.740
51426,2015-09-01T11:45:00+00:00,-1336172,5570.664
51426,2015-09-01T12:00:00+00:00,-1335272,5570.586
51426,2015-09-01T12:15:00+00:00,-1334372,5570.509
51426,2015-09-01T12:30:00+00:00,-1333472,5570.433
51426,2015-09-01T12:45:00+00:00,-1332572,5570.358
51426,2015-09-01T13:00:00+00:00,-1331672,5570.289
51426,2015-09-01T13:15:00+00:00,-1330772,5570.223
51426,2015-09-01T13:30:00+00:00,-1329872,5570.163
51426,2015-09-01T13:45:00+00:00,-1328972,5570.108
51426,2015-09-01T14:00:00+00:00,-1328072,5570.057
51426,2015-09-01T14:15:00+00:00,-1327172,5570.022
51426,2015-09-01T14:30:00+00:00,-1326272,5569.996
51426,2015-09-01T14:45:00+00:00,-1325372,5569.978
51426,2015-09-01T15:00:00+00:00,-1324472,5569.968
51426,2015-09-01T15:15:00+00:00,-1323572,5569.970
51426,2015-09-01T15:30:00+00:00,-1322672,5569.982
51426,2015-09-01T15:45:00+00:00,-1321772,5570.007
51426,2015-09-01T16:00:00+00:00,-1320872,5570.037
51426,2015-09-01T16:15:00+00:00,-1319972,5570.073
51426,2015-09-01T16:30:00+00:00,-1319072,5570.124
51426,2015-09-01T16:45:00+00:00,-1318172,5570.179
51426,2015-09-01T17:00:00+00:00,-1317272,5570.242
51426,2015-09-01T17:15:00+00:00,-1316372,5570.309
51426,2015-09-01T17:30:00+00:00,-1315472,5570.384
51426,2015-09-01T17:45:00+00:00,-1314572,5570.461
51426,2015-09-01T18:00:00+00:00,-1313672,5570.538
51426,2015-09-01T18:15:00+00:00,-1312772,5570.622
51426,2015-09-01T18:30:00+00:00,-1311872,5570.699
51426,2015-09-01T18:45:00+00:00,-1310972,5570.780
51426,2015-09-01T19:00:00+00:00,-1310072,5570.855
51426,2015-09-01T19:15:00+00:00,-1309172,5570.923
51426,2015-09-01T19:30:00+00:00,-1308272,5570.990
51426,2015-09-01T19:45:00+00:00,-1307372,5571.046
51426,2015-09-01T20:00:00+00:00,-1306472,5571.094
51426,2015-09-01T20:15:00+00:00,-1305572,5571.138
51426,2015-09-01T20:30:00+00:00,-1304672,5571.171
51426,2015-09-01T20:45:00+00:00,-1303772,5571.193
51426,2015-09-01T21:00:00+00:00,-1302872,5571.207
51426,2015-09-01T21:15:00+00:00,-1301972,5571.207
51426,2015-09-01T21:30:00+00:00,-1301072,5571.203
51426,2015-09-01T21:45:00+00:00,-1300172,5571.187
51426,2015-09-01T22:00:00+00:00,-1299272,5571.159
51426,2015-09-01T22:15:00+00:00,-1298372,5571.122
51426,2015-09-01T22:30:00+00:00,-1297472,5571.074
51426,2015-09-01T22:45:00+00:00,-1296572,5571.022
51426,2015-09-01T23:00:00+00:00,-1295672,5570.965
51426,2015-09-01T23:15:00+00:00,-1294772,5570.901
51426,2015-09-01T23:30:00+00:00,-1293872,5570.834
51426,2015-09-01T23:45:00+00:00,-1292972,5570.763
51426,2015-09-02T00:00:00+00:00,-1292072,5570.692
51426,2015-09-02T00:15:00+00:00,-1291172,5570.616
51426,2015-09-02T00:30:00+00:00,-1290272,5570.540
51426,2015-09-02T00:45:00+00:00,-1289372,5570.464
51426,2015-09-02T01:00:00+00:00,-1288472,5570.393
51426,2015-09-02T01:15:00+00:00,-1287572,5570.324
51426,2015-09-02T01:30:00+00:00,-1286672,5570.259
51426,2015-09-02T01:45:00+00:00,-1285772,5570.196
51426,2015-09-02T02:00:00+00:00,-1284872,5570.141
51426,2015-09-02T02:15:00+00:00,-1283972,5570.093
51426,2015-09-02T02:30:00+00:00,-1283072,5570.054
51426,2015-09-02T02:45:00+00:00,-1282172,5570.022
51426,2015-09-02T03:00:00+00:00,-1281272,5570.002
51426,2015-09-02T03:15:00+00:00,-1280372,5569.988
51426,2015-09-02T03:30:00+00:00,-1279472,5569.985
51426,2015-09-02T03:45:00+00:00,-1278572,5569.991
51426,2015-09-02T04:00:00+00:00,-1277672,5570.008
51426,2015-09-02T04:15:00+00:00,-1276772,5570.031
51426,2015-09-02T04:30:00+00:00,-1275872,5570.067
51426,2015-09-02T04:45:00+00:00,-1274972,5570.110
51426,2015-09-02T05:00:00+00:00,-1274072,5570.159
51426,2015-09-02T05:15:00+00:00,-1273172,5570.218
51426,2015-09-02T05:30:00+00:00,-1272272,5570.280
51426,2015-09-02T05:45:00+00:00,-1271372,5570.348
51426,2015-09-02T06:00:00+00:00,-1270472,5570.420
51426,2015-09-02T06:15:00+00:00,-1269572,5570.495
51426,2015-09-02T06:30:00+00:00,-1268672,5570.574
51426,2015-09-02T06:45:00+00:00,-1267772,5570.652
51426,2015-09-02T07:00:00+00:00,-1266872,5570.730
51426,2015-09-02T07:15:00+00:00,-1265972,5570.810
51426,2015-09-02T07:30:00+00:00,-1265072,5570.881
51426,2015-09-02T07:45:00+00:00,-1264172,5570.950
51426,2015-09-02T08:00:00+00:00,-1263272,5571.015
51426,2015-09-02T08:15:00+00:00,-1262372,5571.073
51426,2015-09-02T08:30:00+00:00,-1261472,5571.122
51426,2015-09-02T08:45:00+00:00,-1260572,5571.161
51426,2015-09-02T09:00:00+00:00,-1259672,5571.194
51426,2015-09-02T09:15:00+00:00,-1258772,5571.215
51426,2015-09-02T09:30:00+00:00,-1257872,5571.230
51426,2015-09-02T09:45:00+00:00,-1256972,5571.233
51426,2015-09-02T10:00:00+00:00,-1256072,5571.226
51426,2015-09-02T10:15:00+00:00,-1255172,5571.210
51426,2015-09-02T10:30:00+00:00,-1254272,5571.185
51426,2015-09-02T10:45:00+00:00,-1253372,5571.153
51426,2015-09-02T11:00:00+00:00,-1252472,5571.110
51426,2015-09-02T11:15:00+00:00,-1251572,5571.059
51426,2015-09-02T11:30:00+00:00,-1250672,5570.999
51426,2015-09-02T11:45:00+00:00,-1249772,5570.935
51426,2015-09-02T12:00:00+00:00,-1248872,5570.865
51426,2015-09-02T12:15:00+00:00,-1247972,5570.790
51426,2015-09-02T12:30:00+00:00,-1247072,5570.712
51426,2015-09-02T12:45:00+00:00,-1246172,5570.634
51426,2015-09-02T13:00:00+00:00,-1245272,5570.553
51426,2015-09-02T13:15:00+00:00,-1244372,5570.476
51426,2015-09-02T13:30:00+00:00,-1243472,5570.397
51426,2015-09-02T13:45:00+00:00,-1242572,5570.324
51426,2015-09-02T14:00:00+00:00,-1241672,5570.254
51426,2015-09-02T14:15:00+00:00,-1240772,5570.190
51426,2015-09-02T14:30:00+00:00,-1239872,5570.131
51426,2015-09-02T14:45:00+00:00,-1238972,5570.081
51426,2015-09-02T15:00:00+00:00,-1238072,5570.040
51426,2015-09-02T15:15:00+00:00,-1237172,5570.005
51426,2015-09-02T15:30:00+00:00,-1236272,5569.981
51426,2015-09-02T15:45:00+00:00,-1235372,5569.966
51426,2015-09-02T16:00:00+00:00,-1234472,5569.963
51426,2015-09-02T16:15:00+00:00,-1233572,5569.970
51426,2015-09-02T16:30:00+00:00,-1232672,5569.984
51426,2015-09-02T16:45:00+00:00,-1231772,5570.010
51426,2015-09-02T17:00:00+00:00,-1230872,5570.046
51426,2015-09-02T17:15:00+00:00,-1229972,5570.088
51426,2015-09-02T17:30:00+00:00,-1229072,5570.143
51426,2015-09-02T17:45:00+00:00,-1228172,5570.203
51426,2015-09-02T18:00:00+00:00,-1227272,5570.267
51426,2015-09-02T18:15:00+00:00,-1226372,5570.338
51426,2015-09-02T18:30:00+00:00,-1225472,5570.413
51426,2015-09-02T18:45:00+00:00,-1224572,5570.488
51426,2015-09-02T19:00:00+00:00,-1223672,5570.568
51426,2015-09-02T19:15:00+00:00,-1222772,5570.645
51426,2015-09-02T19:30:00+00:00,-1221872,5570.718
51426,2015-09-02T19:45:00+00:00,-1220972,5570.794
51426,2015-09-02T20:00:00+00:00,-1220072,5570.867
51426,2015-09-02T20:15:00+00:00,-1219172,5570.934
51426,2015-09-02T20:30:00+00:00,-1218272,5570.995
51426,2015-09-02T20:45:00+00:00,-1217372,5571.048
51426,2015-09-02T21:00:00+00:00,-1216472,5571.091
51426,2015-09-02T21:15:00+00:00,-1215572,5571.128
51426,2015-09-02T21:30:00+00:00,-1214672,5571.152
51426,2015-09-02T21:45:00+00:00,-1213772,5571.172
51426,2015-09-02T22:00:00+00:00,-1212872,5571.178
51426,2015-09-02T22:15:00+00:00,-1211972,5571.175
51426,2015-09-02T22:30:00+00:00,-1211072,5571.162
51426,2015-09-02T22:45:00+00:00,-1210172,5571.138
51426,2015-09-02T23:00:00+00:00,-1209272,5571.107
51426,2015-09-02T23:15:00+00:00,-1208372,5571.068
51426,2015-09-02T23:30:00+00:00,-1207472,5571.023
51426,2015-09-02T23:45:00+00:00,-1206572,5570.971
51426,2015-09-03T00:00:00+00:00,-1205672,5570.915
51426,2015-09-03T00:15:00+00:00,-1204772,5570.854
51426,2015-09-03T00:30:00+00:00,-1203872,5570.787
51426,2015-09-03T00:45:00+00:00,-1202972,5570.717
51426,2015-09-03T01:00:00+00:00,-1202072,5570.647
51426,2015-09-03T01:15:00+00:00,-1201172,5570.572
51426,2015-09-03T01:30:00+00:00,-1200272,5570.502
51426,2015-09-03T01:45:00+00:00,-1199372,5570.427
51426,2015-09-03T02:00:00+00:00,-1198472,5570.357
51426,2015-09-03T02:15:00+00:00,-1197572,5570.293
51426,2015-09-03T02:30:00+00:00,-1196672,5570.233
51426,2015-09-03T02:45:00+00:00,-1195772,5570.179
51426,2015-09-03T03:00:00+00:00,-1194872,5570.134
51426,2015-09-03T03:15:00+00:00,-1193972,5570.094
51426,2015-09-03T03:30:00+00:00,-1193072,5570.058
51426,2015-09-03T03:45:00+00:00,-1192172,5570.033
51426,2015-09-03T04:00:00+00:00,-1191272,5570.015
51426,2015-09-03T04:15:00+00:00,-1190372,5570.011
51426,2015-09-03T04:30:00+00:00,-1189472,5570.014
51426,2015-09-03T04:45:00+00:00,-1188572,5570.026
51426,2015-09-03T05:00:00+00:00,-1187672,5570.045
51426,2015-09-03T05:15:00+00:00,-1186772,5570.069
51426,2015-09-03T05:30:00+00:00,-1185872,5570.106
51426,2015-09-03T05:45:00+00:00,-1184972,5570.146
51426,2015-09-03T06:00:00+00:00,-1184072,5570.199
51426,2015-09-03T06:15:00+00:00,-1183172,5570.260
51426,2015-09-03T06:30:00+00:00,-1182272,5570.323
51426,2015-09-03T06:45:00+00:00,-1181372,5570.393
51426,2015-09-03T07:00:00+00:00,-1180472,5570.469
51426,2015-09-03T07:15:00+00:00,-1179572,5570.545
51426,2015-09-03T07:30:00+00:00,-1178672,5570.620
51426,2015-09-03T07:45:00+00:00,-1177772,5570.698
51426,2015-09-03T08:00:00+00:00,-1176872,5570.774
51426,2015-09-03T08:15:00+00:00,-1175972,5570.846
51426,2015-09-03T08:30:00+00:00,-1175072,5570.916
51426,2015-09-03T08:45:00+00:00,-1174172,5570.979
51426,2015-09-03T09:00:00+00:00,-1173272,5571.034
51426,2015-09-03T09:15:00+00:00,-1172372,5571.082
51426,2015-09-03T09:30:00+00:00,-1171472,5571.129
51426,2015-09-03T09:45:00+00:00,-1170572,5571.164
51426,2015-09-03T10:00:00+00:00,-1169672,5571.192
51426,2015-09-03T10:15:00+00:00,-1168772,5571.209
51426,2015-09-03T10:30:00+00:00,-1167872,5571.219
51426,2015-09-03T10:45:00+00:00,-1166972,5571.217
51426,2015-09-03T11:00:00+00:00,-1166072,5571.207
51426,2015-09-03T11:15:00+00:00,-1165172,5571.187
51426,2015-09-03T11:30:00+00:00,-1164272,5571.157
51426,2015-09-03T11:45:00+00:00,-1163372,5571.120
51426,2015-09-03T12:00:00+00:00,-1162472,5571.074
51426,2015-09-03T12:15:00+00:00,-1161572,5571.017
51426,2015-09-03T12:30:00+00:00,-1160672,5570.957
51426,2015-09-03T12:45:00+00:00,-1159772,5570.892
51426,2015-09-03T13:00:00+00:00,-1158872,5570.823
51426,2015-09-03T13:15:00+00:00,-1157972,5570.749
51426,2015-09-03T13:30:00+00:00,-1157072,5570.670
51426,2015-09-03T13:45:00+00:00,-1156172,5570.592
51426,2015-09-03T14:00:00+00:00,-1155272,5570.515
51426,2015-09-03T14:15:00+00:00,-1154372,5570.438
51426,2015-09-03T14:30:00+00:00,-1153472,5570.364
51426,2015-09-03T14:45:00+00:00,-1152572,5570.292
51426,2015-09-03T15:00:00+00:00,-1151672,5570.229
51426,2015-09-03T15:15:00+00:00,-1150772,5570.168
51426,2015-09-03T15:30:00+00:00,-1149872,5570.113
51426,2015-09-03T15:45:00+00:00,-1148972,5570.071
51426,2015-09-03T16:00:00+00:00,-1148072,5570.035
51426,2015-09-03T16:15:00+00:00,-1147172,5570.009
51426,2015-09-03T16:30:00+00:00,-1146272,5569.988
51426,2015-09-03T16:45:00+00:00,-1145372,5569.977
51426,2015-09-03T17:00:00+00:00,-1144472,5569.980
51426,2015-09-03T17:15:00+00:00,-1143572,5569.991
51426,2015-09-03T17:30:00+00:00,-1142672,5570.014
51426,2015-09-03T17:45:00+00:00,-1141772,5570.041
51426,2015-09-03T18:00:00+00:00,-1140872,5570.076
51426,2015-09-03T18:15:00+00:00,-1139972,5570.121
51426,2015-09-03T18:30:00+00:00,-1139072,5570.173
51426,2015-09-03T18:45:00+00:00,-1138172,5570.231
51426,2015-09-03T19:00:00+00:00,-1137272,5570.295
51426,2015-09-03T19:15:00+00:00,-1136372,5570.362
51426,2015-09-03T19:30:00+00:00,-1135472,5570.433
51426,2015-09-03T19:45:00+00:00,-1134572,5570.503
51426,2015-09-03T20:00:00+00:00,-1133672,5570.578
51426,2015-09-03T20:15:00+00:00,-1132772,5570.651
51426,2015-09-03T20:30:00+00:00,-1131872,5570.724
51426,2015-09-03T20:45:00+00:00,-1130972,5570.795
51426,2015-09-03T21:00:00+00:00,-1130072,5570.859
51426,2015-09-03T21:15:00+00:00,-1129172,5570.917
51426,2015-09-03T21:30:00+00:00,-1128272,5570.971
51426,2015-09-03T21:45:00+00:00,-1127372,5571.018
51426,2015-09-03T22:00:00+00:00,-1126472,5571.053
51426,2015-09-03T22:15:00+00:00,-1125572,5571.083
51426,2015-09-03T22:30:00+00:00,-1124672,5571.105
51426,2015-09-03T22:45:00+00:00,-1123772,5571.118
51426,2015-09-03T23:00:00+00:00,-1122872,5571.123
51426,2015-09-03T23:15:00+00:00,-1121972,5571.117
51426,2015-09-03T23:30:00+00:00,-1121072,5571.103
51426,2015-09-03T23:45:00+00:00,-1120172,5571.076
51426,2015-09-04T00:00:00+00:00,-1119272,5571.046
51426,2015-09-04T00:15:00+00:00,-1118372,5571.011
51426,2015-09-04T00:30:00+00:00,-1117472,5570.968
51426,2015-09-04T00:45:00+00:00,-1116572,5570.917
51426,2015-09-04T01:00:00+00:00,-1115672,5570.860
51426,2015-09-04T01:15:00+00:00,-1114772,5570.799
51426,2015-09-04T01:30:00+00:00,-1113872,5570.735
51426,2015-09-04T01:45:00+00:00,-1112972,5570.671
51426,2015-09-04T02:00:00+00:00,-1112072,5570.602
51426,2015-09-04T02:15:00+00:00,-1111172,5570.534
51426,2015-09-04T02:30:00+00:00,-1110272,5570.468
51426,2015-09-04T02:45:00+00:00,-1109372,5570.402
51426,2015-09-04T03:00:00+00:00,-1108472,5570.338
51426,2015-09-04T03:15:00+00:00,-1107572,5570.281
51426,2015-09-04T03:30:00+00:00,-1106672,5570.228
51426,2015-09-04T03:45:00+00:00,-1105772,5570.182
51426,2015-09-04T04:00:00+00:00,-1104872,5570.138
51426,2015-09-04T04:15:00+00:00,-1103972,5570.101
51426,2015-09-04T04:30:00+00:00,-1103072,5570.076
51426,2015-09-04T04:45:00+00:00,-1102172,5570.058
51426,2015-09-04T05:00:00+00:00,-1101272,5570.041
51426,2015-09-04T05:15:00+00:00,-1100372,5570.038
51426,2015-09-04T05:30:00+00:00,-1099472,5570.045
51426,2015-09-04T05:45:00+00:00,-1098572,5570.057
51426,2015-09-04T06:00:00+00:00,-1097672,5570.082
51426,2015-09-04T06:15:00+00:00,-1096772,5570.113
51426,2015-09-04T06:30:00+00:00,-1095872,5570.151
51426,2015-09-04T06:45:00+00:00,-1094972,5570.197
51426,2015-09-04T07:00:00+00:00,-1094072,5570.247
51426,2015-09-04T07:15:00+00:00,-1093172,5570.304
51426,2015-09-04T07:30:00+00:00,-1092272,5570.365
51426,2015-09-04T07:45:00+00:00,-1091372,5570.430
51426,2015-09-04T08:00:00+00:00,-1090472,5570.496
51426,2015-09-04T08:15:00+00:00,-1089572,5570.567
51426,2015-09-04T08:30:00+00:00,-1088672,5570.639
51426,2015-09-04T08:45:00+00:00,-1087772,5570.707
51426,2015-09-04T09:00:00+00:00,-1086872,5570.774
51426,2015-09-04T09:15:00+00:00,-1085972,5570.837
51426,2015-09-04T09:30:00+00:00,-1085072,5570.900
51426,2015-09-04T09:45:00+00:00,-1084172,5570.955
51426,2015-09-04T10:00:00+00:00,-1083272,5571.008
51426,2015-09-04T10:15:00+00:00,-1082372,5571.052
51426,2015-09-04T10:30:00+00:00,-1081472,5571.092
51426,2015-09-04T10:45:00+00:00,-1080572,5571.120
51426,2015-09-04T11:00:00+00:00,-1079672,5571.143
51426,2015-09-04T11:15:00+00:00,-1078772,5571.155
51426,2015-09-04T11:30:00+00:00,-1077872,5571.157
51426,2015-09-04T11:45:00+00:00,-1076972,5571.151
51426,2015-09-04T12:00:00+00:00,-1076072,5571.135
51426,2015-09-04T12:15:00+00:00,-1075172,5571.111
51426,2015-09-04T12:30:00+00:00,-1074272,5571.079
51426,2015-09-04T12:45:00+00:00,-1073372,5571.040
51426,2015-09-04T13:00:00+00:00,-1072472,5570.993
51426,2015-09-04T13:15:00+00:00,-1071572,5570.941
51426,2015-09-04T13:30:00+00:00,-1070672,5570.881
51426,2015-09-04T13:45:00+00:00,-1069772,5570.818
51426,2015-09-04T14:00:00+00:00,-1068872,5570.751
51426,2015-09-04T14:15:00+00:00,-1067972,5570.678
51426,2015-09-04T14:30:00+00:00,-1067072,5570.608
51426,2015-09-04T14:45:00+00:00,-1066172,5570.534
51426,2015-09-04T15:00:00+00:00,-1065272,5570.463
51426,2015-09-04T15:15:00+00:00,-1064372,5570.395
51426,2015-09-04T15:30:00+00:00,-1063472,5570.326
51426,2015-09-04T15:45:00+00:00,-1062572,5570.265
51426,2015-09-04T16:00:00+00:00,-1061672,5570.208
51426,2015-09-04T16:15:00+00:00,-1060772,5570.158
51426,2015-09-04T16:30:00+00:00,-1059872,5570.115
51426,2015-09-04T16:45:00+00:00,-1058972,5570.078
51426,2015-09-04T17:00:00+00:00,-1058072,5570.049
51426,2015-09-04T17:15:00+00:00,-1057172,5570.031
51426,2015-09-04T17:30:00+00:00,-1056272,5570.018
51426,2015-09-04T17:45:00+00:00,-1055372,5570.013
51426,2015-09-04T18:00:00+00:00,-1054472,5570.018
51426,2015-09-04T18:15:00+00:00,-1053572,5570.029
51426,2015-09-04T18:30:00+00:00,-1052672,5570.050
51426,2015-09-04T18:45:00+00:00,-1051772,5570.078
51426,2015-09-04T19:00:00+00:00,-1050872,5570.109
51426,2015-09-04T19:15:00+00:00,-1049972,5570.151
51426,2015-09-04T19:30:00+00:00,-1049072,5570.199
51426,2015-09-04T19:45:00+00:00,-1048172,5570.253
51426,2015-09-04T20:00:00+00:00,-1047272,5570.312
51426,2015-09-04T20:15:00+00:00,-1046372,5570.375
51426,2015-09-04T20:30:00+00:00,-1045472,5570.443
51426,2015-09-04T20:45:00+00:00,-1044572,5570.510
51426,2015-09-04T21:00:00+00:00,-1043672,5570.578
51426,2015-09-04T21:15:00+00:00,-1042772,5570.647
51426,2015-09-04T21:30:00+00:00,-1041872,5570.710
51426,2015-09-04T21:45:00+00:00,-1040972,5570.775
51426,2015-09-04T22:00:00+00:00,-1040072,5570.833
51426,2015-09-04T22:15:00+00:00,-1039172,5570.883
51426,2015-09-04T22:30:00+00:00,-1038272,5570.928
51426,2015-09-04T22:45:00+00:00,-1037372,5570.965
51426,2015-09-04T23:00:00+00:00,-1036472,5570.998
51426,2015-09-04T23:15:00+00:00,-1035572,5571.020
51426,2015-09-04T23:30:00+00:00,-1034672,5571.040
51426,2015-09-04T23:45:00+00:00,-1033772,5571.049
51426,2015-09-05T00:00:00+00:00,-1032872,5571.052
51426,2015-09-05T00:15:00+00:00,-1031972,5571.043
51426,2015-09-05T00:30:00+00:00,-1031072,5571.029
51426,2015-09-05T00:45:00+00:00,-1030172,5571.006
51426,2015-09-05T01:00:00+00:00,-1029272,5570.976
51426,2015-09-05T01:15:00+00:00,-1028372,5570.937
51426,2015-09-05T01:30:00+00:00,-1027472,5570.894
51426,2015-09-05T01:45:00+00:00,-1026572,5570.846
51426,2015-09-05T02:00:00+00:00,-1025672,5570.794
51426,2015-09-05T02:15:00+00:00,-1024772,5570.736
51426,2015-09-05T02:30:00+00:00,-1023872,5570.682
51426,2015-09-05T02:45:00+00:00,-1022972,5570.622
51426,2015-09-05T03:00:00+00:00,-1022072,5570.563
51426,2015-09-05T03:15:00+00:00,-1021172,5570.503
51426,2015-09-05T03:30:00+00:00,-1020272,5570.444
51426,2015-09-05T03:45:00+00:00,-1019372,5570.386
51426,2015-09-05T04:00:00+00:00,-1018472,5570.333
51426,2015-09-05T04:15:00+00:00,-1017572,5570.283
51426,2015-09-05T04:30:00+00:00,-1016672,5570.236
51426,2015-09-05T04:45:00+00:00,-1015772,5570.194
51426,2015-09-05T05:00:00+00:00,-1014872,5570.159
51426,2015-09-05T05:15:00+00:00,-1013972,5570.132
51426,2015-09-05T05:30:00+00:00,-1013072,5570.112
51426,2015-09-05T05:45:00+00:00,-1012172,5570.097
51426,2015-09-05T06:00:00+00:00,-1011272,5570.090
51426,2015-09-05T06:15:00+00:00,-1010372,5570.092
51426,2015-09-05T06:30:00+00:00,-1009472,5570.099
51426,2015-09-05T06:45:00+00:00,-1008572,5570.117
51426,2015-09-05T07:00:00+00:00,-1007672,5570.140
51426,2015-09-05T07:15:00+00:00,-1006772,5570.169
51426,2015-09-05T07:30:00+00:00,-1005872,5570.209
51426,2015-09-05T07:45:00+00:00,-1004972,5570.248
51426,2015-09-05T08:00:00+00:00,-1004072,5570.296
51426,2015-09-05T08:15:00+00:00,-1003172,5570.351
51426,2015-09-05T08:30:00+00:00,-1002272,5570.409
51426,2015-09-05T08:45:00+00:00,-1001372,5570.467
51426,2015-09-05T09:00:00+00:00,-1000472,5570.528
51426,2015-09-05T09:15:00+00:00,-999572,5570.592
51426,2015-09-05T09:30:00+00:00,-998672,5570.656
51426,2015-09-05T09:45:00+00:00,-997772,5570.719
51426,2015-09-05T10:00:00+00:00,-996872,5570.782
51426,2015-09-05T10:15:00+00:00,-995972,5570.843
51426,2015-09-05T10:30:00+00:00,-995072,5570.897
51426,2015-09-05T10:45:00+00:00,-994172,5570.947
51426,2015-09-05T11:00:00+00:00,-993272,5570.994
51426,2015-09-05T11:15:00+00:00,-992372,5571.030
51426,2015-09-05T11:30:00+00:00,-991472,5571.060
51426,2015-09-05T11:45:00+00:00,-990572,5571.083
51426,2015-09-05T12:00:00+00:00,-989672,5571.098
51426,2015-09-05T12:15:00+00:00,-988772,5571.104
51426,2015-09-05T12:30:00+00:00,-987872,5571.105
51426,2015-09-05T12:45:00+00:00,-986972,5571.095
51426,2015-09-05T13:00:00+00:00,-986072,5571.078
51426,2015-09-05T13:15:00+00:00,-985172,5571.049
51426,2015-09-05T13:30:00+00:00,-984272,5571.019
51426,2015-09-05T13:45:00+00:00,-983372,5570.984
51426,2015-09-05T14:00:00+00:00,-982472,5570.939
51426,2015-09-05T14:15:00+00:00,-981572,5570.885
51426,2015-09-05T14:30:00+00:00,-980672,5570.831
51426,2015-09-05T14:45:00+00:00,-979772,5570.771
51426,2015-09-05T15:00:00+00:00,-978872,5570.708
51426,2015-09-05T15:15:00+00:00,-977972,5570.644
51426,2015-09-05T15:30:00+00:00,-977072,5570.580
51426,2015-09-05T15:45:00+00:00,-976172,5570.514
51426,2015-09-05T16:00:00+00:00,-975272,5570.449
51426,2015-09-05T16:15:00+00:00,-974372,5570.387
51426,2015-09-05T16:30:00+00:00,-973472,5570.329
51426,2015-09-05T16:45:00+00:00,-972572,5570.276
51426,2015-09-05T17:00:00+00:00,-971672,5570.227
51426,2015-09-05T17:15:00+00:00,-970772,5570.183
51426,2015-09-05T17:30:00+00:00,-969872,5570.147
51426,2015-09-05T17:45:00+00:00,-968972,5570.118
51426,2015-09-05T18:00:00+00:00,-968072,5570.094
51426,2015-09-05T18:15:00+00:00,-967172,5570.077
51426,2015-09-05T18:30:00+00:00,-966272,5570.067
51426,2015-09-05T18:45:00+00:00,-965372,5570.065
51426,2015-09-05T19:00:00+00:00,-964472,5570.068
51426,2015-09-05T19:15:00+00:00,-963572,5570.081
51426,2015-09-05T19:30:00+00:00,-962672,5570.100
51426,2015-09-05T19:45:00+00:00,-961772,5570.124
51426,2015-09-05T20:00:00+00:00,-960872,5570.155
51426,2015-09-05T20:15:00+00:00,-959972,5570.194
51426,2015-09-05T20:30:00+00:00,-959072,5570.241
51426,2015-09-05T20:45:00+00:00,-958172,5570.286
51426,2015-09-05T21:00:00+00:00,-957272,5570.342
51426,2015-09-05T21:15:00+00:00,-956372,5570.396
51426,2015-09-05T21:30:00+00:00,-955472,5570.455
51426,2015-09-05T21:45:00+00:00,-954572,5570.513
51426,2015-09-05T22:00:00+00:00,-953672,5570.575
51426,2015-09-05T22:15:00+00:00,-952772,5570.632
51426,2015-09-05T22:30:00+00:00,-951872,5570.687
51426,2015-09-05T22:45:00+00:00,-950972,5570.739
51426,2015-09-05T23:00:00+00:00,-950072,5570.789
51426,2015-09-05T23:15:00+00:00,-949172,5570.833
51426,2015-09-05T23:30:00+00:00,-948272,5570.871
51426,2015-09-05T23:45:00+00:00,-947372,5570.908
51426,2015-09-06T00:00:00+00:00,-946472,5570.934
51426,2015-09-06T00:15:00+00:00,-945572,5570.954
51426,2015-09-06T00:30:00+00:00,-944672,5570.969
51426,2015-09-06T00:45:00+00:00,-943772,5570.980
51426,2015-09-06T01:00:00+00:00,-942872,5570.980
51426,2015-09-06T01:15:00+00:00,-941972,5570.973
51426,2015-09-06T01:30:00+00:00,-941072,5570.960
51426,2015-09-06T01:45:00+00:00,-940172,5570.939
51426,2015-09-06T02:00:00+00:00,-939272,5570.912
51426,2015-09-06T02:15:00+00:00,-938372,5570.876
51426,2015-09-06T02:30:00+00:00,-937472,5570.838
51426,2015-09-06T02:45:00+00:00,-936572,5570.795
51426,2015-09-06T03:00:00+00:00,-935672,5570.749
51426,2015-09-06T03:15:00+00:00,-934772,5570.699
51426,2015-09-06T03:30:00+00:00,-933872,5570.647
51426,2015-09-06T03:45:00+00:00,-932972,5570.596
51426,2015-09-06T04:00:00+00:00,-932072,5570.545
51426,2015-09-06T04:15:00+00:00,-931172,5570.492
51426,2015-09-06T04:30:00+00:00,-930272,5570.439
51426,2015-09-06T04:45:00+00:00,-929372,5570.391
51426,2015-09-06T05:00:00+00:00,-928472,5570.344
51426,2015-09-06T05:15:00+00:00,-927572,5570.301
51426,2015-09-06T05:30:00+00:00,-926672,5570.264
51426,2015-09-06T05:45:00+00:00,-925772,5570.229
51426,2015-09-06T06:00:00+00:00,-924872,5570.201
51426,2015-09-06T06:15:00+00:00,-923972,5570.177
51426,2015-09-06T06:30:00+00:00,-923072,5570.162
51426,2015-09-06T06:45:00+00:00,-922172,5570.153
51426,2015-09-06T07:00:00+00:00,-921272,5570.149
51426,2015-09-06T07:15:00+00:00,-920372,5570.154
51426,2015-09-06T07:30:00+00:00,-919472,5570.166
51426,2015-09-06T07:45:00+00:00,-918572,5570.182
51426,2015-09-06T08:00:00+00:00,-917672,5570.207
51426,2015-09-06T08:15:00+00:00,-916772,5570.233
51426,2015-09-06T08:30:00+00:00,-915872,5570.265
51426,2015-09-06T08:45:00+00:00,-914972,5570.305
51426,2015-09-06T09:00:00+00:00,-914072,5570.346
51426,2015-09-06T09:15:00+00:00,-913172,5570.392
51426,2015-09-06T09:30:00+00:00,-912272,5570.442
51426,2015-09-06T09:45:00+00:00,-911372,5570.497
51426,2015-09-06T10:00:00+00:00,-910472,5570.553
51426,2015-09-06T10:15:00+00:00,-909572,5570.608
51426,2015-09-06T10:30:00+00:00,-908672,5570.663
51426,2015-09-06T10:45:00+00:00,-907772,5570.721
51426,2015-09-06T11:00:00+00:00,-906872,5570.776
51426,2015-09-06T11:15:00+00:00,-905972,5570.826
51426,2015-09-06T11:30:00+00:00,-905072,5570.874
51426,2015-09-06T11:45:00+00:00,-904172,5570.916
51426,2015-09-06T12:00:00+00:00,-903272,5570.954
51426,2015-09-06T12:15:00+00:00,-902372,5570.984
51426,2015-09-06T12:30:00+00:00,-901472,5571.010
51426,2015-09-06T12:45:00+00:00,-900572,5571.029
51426,2015-09-06T13:00:00+00:00,-899672,5571.042
51426,2015-09-06T13:15:00+00:00,-898772,5571.045
51426,2015-09-06T13:30:00+00:00,-897872,5571.045
51426,2015-09-06T13:45:00+00:00,-896972,5571.033
51426,2015-09-06T14:00:00+00:00,-896072,5571.013
51426,2015-09-06T14:15:00+00:00,-895172,5570.988
51426,2015-09-06T14:30:00+00:00,-894272,5570.958
51426,2015-09-06T14:45:00+00:00,-893372,5570.921
51426,2015-09-06T15:00:00+00:00,-892472,5570.879
51426,2015-09-06T15:15:00+00:00,-891572,5570.836
51426,2015-09-06T15:30:00+00:00,-890672,5570.789
51426,2015-09-06T15:45:00+00:00,-889772,5570.735
51426,2015-09-06T16:00:00+00:00,-888872,5570.679
51426,2015-09-06T16:15:00+00:00,-887972,5570.626
51426,2015-09-06T16:30:00+00:00,-887072,5570.567
51426,2015-09-06T16:45:00+00:00,-886172,5570.512
51426,2015-09-06T17:00:00+00:00,-885272,5570.460
51426,2015-09-06T17:15:00+00:00,-884372,5570.407
51426,2015-09-06T17:30:00+00:00,-883472,5570.355
51426,2015-09-06T17:45:00+00:00,-882572,5570.308
51426,2015-09-06T18:00:00+00:00,-881672,5570.269
51426,2015-09-06T18:15:00+00:00,-880772,5570.230
51426,2015-09-06T18:30:00+00:00,-879872,5570.195
51426,2015-09-06T18:45:00+00:00,-878972,5570.166
51426,2015-09-06T19:00:00+00:00,-878072,5570.146
51426,2015-09-06T19:15:00+00:00,-877172,5570.128
51426,2015-09-06T19:30:00+00:00,-876272,5570.117
51426,2015-09-06T19:45:00+00:00,-875372,5570.116
51426,2015-09-06T20:00:00+00:00,-874472,5570.121
51426,2015-09-06T20:15:00+00:00,-873572,5570.133
51426,2015-09-06T20:30:00+00:00,-872672,5570.157
51426,2015-09-06T20:45:00+00:00,-871772,5570.179
51426,2015-09-06T21:00:00+00:00,-870872,5570.208
51426,2015-09-06T21:15:00+00:00,-869972,5570.243
51426,2015-09-06T21:30:00+00:00,-869072,5570.282
51426,2015-09-06T21:45:00+00:00,-868172,5570.324
51426,2015-09-06T22:00:00+00:00,-867272,5570.374
51426,2015-09-06T22:15:00+00:00,-866372,5570.422
51426,2015-09-06T22:30:00+00:00,-865472,5570.473
51426,2015-09-06T22:45:00+00:00,-864572,5570.525
51426,2015-09-06T23:00:00+00:00,-863672,5570.576
51426,2015-09-06T23:15:00+00:00,-862772,5570.628
51426,2015-09-06T23:30:00+00:00,-861872,5570.677
51426,2015-09-06T23:45:00+00:00,-860972,5570.725
51426,2015-09-07T00:00:00+00:00,-860072,5570.770
51426,2015-09-07T00:15:00+00:00,-859172,5570.813
51426,2015-09-07T00:30:00+00:00,-858272,5570.846
51426,2015-09-07T00:45:00+00:00,-857372,5570.876
51426,2015-09-07T01:00:00+00:00,-856472,5570.899
51426,2015-09-07T01:15:00+00:00,-855572,5570.912
51426,2015-09-07T01:30:00+00:00,-854672,5570.924
51426,2015-09-07T01:45:00+00:00,-853772,5570.929
51426,2015-09-07T02:00:00+00:00,-852872,5570.932
51426,2015-09-07T02:15:00+00:00,-851972,5570.924
51426,2015-09-07T02:30:00+00:00,-851072,5570.908
51426,2015-09-07T02:45:00+00:00,-850172,5570.888
51426,2015-09-07T03:00:00+00:00,-849272,5570.862
51426,2015-09-07T03:15:00+00:00,-848372,5570.837
51426,2015-09-07T03:30:00+00:00,-847472,5570.802
51426,2015-09-07T03:45:00+00:00,-846572,5570.763
51426,2015-09-07T04:00:00+00:00,-845672,5570.722
51426,2015-09-07T04:15:00+00:00,-844772,5570.678
51426,2015-09-07T04:30:00+00:00,-843872,5570.632
51426,2015-09-07T04:45:00+00:00,-842972,5570.586
51426,2015-09-07T05:00:00+00:00,-842072,5570.541
51426,2015-09-07T05:15:00+00:00,-841172,5570.495
51426,2015-09-07T05:30:00+00:00,-840272,5570.451
51426,2015-09-07T05:45:00+00:00,-839372,5570.408
51426,2015-09-07T06:00:00+00:00,-838472,5570.367
51426,2015-09-07T06:15:00+00:00,-837572,5570.331
51426,2015-09-07T06:30:00+00:00,-836672,5570.294
51426,2015-09-07T06:45:00+00:00,-835772,5570.265
51426,2015-09-07T07:00:00+00:00,-834872,5570.245
51426,2015-09-07T07:15:00+00:00,-833972,5570.225
51426,2015-09-07T07:30:00+00:00,-833072,5570.211
51426,2015-09-07T07:45:00+00:00,-832172,5570.207
51426,2015-09-07T08:00:00+00:00,-831272,5570.202
51426,2015-09-07T08:15:00+00:00,-830372,5570.204
51426,2015-09-07T08:30:00+00:00,-829472,5570.209
51426,2015-09-07T08:45:00+00:00,-828572,5570.227
51426,2015-09-07T09:00:00+00:00,-827672,5570.249
51426,2015-09-07T09:15:00+00:00,-826772,5570.274
51426,2015-09-07T09:30:00+00:00,-825872,5570.309
51426,2015-09-07T09:45:00+00:00,-824972,5570.337
51426,2015-09-07T10:00:00+00:00,-824072,5570.380
51426,2015-09-07T10:15:00+00:00,-823172,5570.426
51426,2015-09-07T10:30:00+00:00,-822272,5570.478
51426,2015-09-07T10:45:00+00:00,-821372,5570.524
51426,2015-09-07T11:00:00+00:00,-820472,5570.573
51426,2015-09-07T11:15:00+00:00,-819572,5570.623
51426,2015-09-07T11:30:00+00:00,-818672,5570.674
51426,2015-09-07T11:45:00+00:00,-817772,5570.723
51426,2015-09-07T12:00:00+00:00,-816872,5570.769
51426,2015-09-07T12:15:00+00:00,-815972,5570.810
51426,2015-09-07T12:30:00+00:00,-815072,5570.853
51426,2015-09-07T12:45:00+00:00,-814172,5570.890
51426,2015-09-07T13:00:00+00:00,-813272,5570.923
51426,2015-09-07T13:15:00+00:00,-812372,5570.949
51426,2015-09-07T13:30:00+00:00,-811472,5570.972
51426,2015-09-07T13:45:00+00:00,-810572,5570.989
51426,2015-09-07T14:00:00+00:00,-809672,5570.996
51426,2015-09-07T14:15:00+00:00,-808772,5570.997
51426,2015-09-07T14:30:00+00:00,-807872,5570.992
51426,2015-09-07T14:45:00+00:00,-806972,5570.988
51426,2015-09-07T15:00:00+00:00,-806072,5570.967
51426,2015-09-07T15:15:00+00:00,-805172,5570.945
51426,2015-09-07T15:30:00+00:00,-804272,5570.916
51426,2015-09-07T15:45:00+00:00,-803372,5570.884
51426,2015-09-07T16:00:00+00:00,-802472,5570.849
51426,2015-09-07T16:15:00+00:00,-801572,5570.808
51426,2015-09-07T16:30:00+00:00,-800672,5570.768
51426,2015-09-07T16:45:00+00:00,-799772,5570.721
51426,2015-09-07T17:00:00+00:00,-798872,5570.671
51426,2015-09-07T17:15:00+00:00,-797972,5570.623
51426,2015-09-07T17:30:00+00:00,-797072,5570.577
51426,2015-09-07T17:45:00+00:00,-796172,5570.527
51426,2015-09-07T18:00:00+00:00,-795272,5570.475
51426,2015-09-07T18:15:00+00:00,-794372,5570.426
51426,2015-09-07T18:30:00+00:00,-793472,5570.377
51426,2015-09-07T18:45:00+00:00,-792572,5570.336
51426,2015-09-07T19:00:00+00:00,-791672,5570.297
51426,2015-09-07T19:15:00+00:00,-790772,5570.262
51426,2015-09-07T19:30:00+00:00,-789872,5570.230
51426,2015-09-07T19:45:00+00:00,-788972,5570.206
51426,2015-09-07T20:00:00+00:00,-788072,5570.184
51426,2015-09-07T20:15:00+00:00,-787172,5570.169
51426,2015-09-07T20:30:00+00:00,-786272,5570.165
51426,2015-09-07T20:45:00+00:00,-785372,5570.165
51426,2015-09-07T21:00:00+00:00,-784472,5570.170
51426,2015-09-07T21:15:00+00:00,-783572,5570.180
51426,2015-09-07T21:30:00+00:00,-782672,5570.200
51426,2015-09-07T21:45:00+00:00,-781772,5570.219
51426,2015-09-07T22:00:00+00:00,-780872,5570.248
51426,2015-09-07T22:15:00+00:00,-779972,5570.278
51426,2015-09-07T22:30:00+00:00,-779072,5570.313
51426,2015-09-07T22:45:00+00:00,-778172,5570.352
51426,2015-09-07T23:00:00+00:00,-777272,5570.393
51426,2015-09-07T23:15:00+00:00,-776372,5570.438
51426,2015-09-07T23:30:00+00:00,-775472,5570.488
51426,2015-09-07T23:45:00+00:00,-774572,5570.536
51426,2015-09-08T00:00:00+00:00,-773672,5570.581
51426,2015-09-08T00:15:00+00:00,-772772,5570.628
51426,2015-09-08T00:30:00+00:00,-771872,5570.676
51426,2015-09-08T00:45:00+00:00,-770972,5570.720
51426,2015-09-08T01:00:00+00:00,-770072,5570.757
51426,2015-09-08T01:15:00+00:00,-769172,5570.795
51426,2015-09-08T01:30:00+00:00,-768272,5570.828
51426,2015-09-08T01:45:00+00:00,-767372,5570.854
51426,2015-09-08T02:00:00+00:00,-766472,5570.876
51426,2015-09-08T02:15:00+00:00,-765572,5570.890
51426,2015-09-08T02:30:00+00:00,-764672,5570.898
51426,2015-09-08T02:45:00+00:00,-763772,5570.904
51426,2015-09-08T03:00:00+00:00,-762872,5570.902
51426,2015-09-08T03:15:00+00:00,-761972,5570.897
51426,2015-09-08T03:30:00+00:00,-761072,5570.883
51426,2015-09-08T03:45:00+00:00,-760172,5570.867
51426,2015-09-08T04:00:00+00:00,-759272,5570.845
51426,2015-09-08T04:15:00+00:00,-758372,5570.815
51426,2015-09-08T04:30:00+00:00,-757472,5570.785
51426,2015-09-08T04:45:00+00:00,-756572,5570.753
51426,2015-09-08T05:00:00+00:00,-755672,5570.717
51426,2015-09-08T05:15:00+00:00,-754772,5570.675
51426,2015-09-08T05:30:00+00:00,-753872,5570.635
51426,2015-09-08T05:45:00+00:00,-752972,5570.595
51426,2015-09-08T06:00:00+00:00,-752072,5570.552
51426,2015-09-08T06:15:00+00:00,-751172,5570.509
51426,2015-09-08T06:30:00+00:00,-750272,5570.472
51426,2015-09-08T06:45:00+00:00,-749372,5570.434
51426,2015-09-08T07:00:00+00:00,-748472,5570.401
51426,2015-09-08T07:15:00+00:00,-747572,5570.365
51426,2015-09-08T07:30:00+00:00,-746672,5570.335
51426,2015-09-08T07:45:00+00:00,-745772,5570.309
51426,2015-09-08T08:00:00+00:00,-744872,5570.285
51426,2015-09-08T08:15:00+00:00,-743972,5570.268
51426,2015-09-08T08:30:00+00:00,-743072,5570.256
51426,2015-09-08T08:45:00+00:00,-742172,5570.249
51426,2015-09-08T09:00:00+00:00,-741272,5570.244
51426,2015-09-08T09:15:00+00:00,-740372,5570.247
51426,2015-09-08T09:30:00+00:00,-739472,5570.256
51426,2015-09-08T09:45:00+00:00,-738572,5570.269
51426,2015-09-08T10:00:00+00:00,-737672,5570.288
51426,2015-09-08T10:15:00+00:00,-736772,5570.312
51426,2015-09-08T10:30:00+00:00,-735872,5570.335
51426,2015-09-08T10:45:00+00:00,-734972,5570.366
51426,2015-09-08T11:00:00+00:00,-734072,5570.402
51426,2015-09-08T11:15:00+00:00,-733172,5570.441
51426,2015-09-08T11:30:00+00:00,-732272,5570.484
51426,2015-09-08T11:45:00+00:00,-731372,5570.525
51426,2015-09-08T12:00:00+00:00,-730472,5570.568
51426,2015-09-08T12:15:00+00:00,-729572,5570.614
51426,2015-09-08T12:30:00+00:00,-728672,5570.661
51426,2015-09-08T12:45:00+00:00,-727772,5570.703
51426,2015-09-08T13:00:00+00:00,-726872,5570.744
51426,2015-09-08T13:15:00+00:00,-725972,5570.785
51426,2015-09-08T13:30:00+00:00,-725072,5570.826
51426,2015-09-08T13:45:00+00:00,-724172,5570.865
51426,2015-09-08T14:00:00+00:00,-723272,5570.893
51426,2015-09-08T14:15:00+00:00,-722372,5570.917
51426,2015-09-08T14:30:00+00:00,-721472,5570.937
51426,2015-09-08T14:45:00+00:00,-720572,5570.950
51426,2015-09-08T15:00:00+00:00,-719672,5570.959
51426,2015-09-08T15:15:00+00:00,-718772,5570.963
51426,2015-09-08T15:30:00+00:00,-717872,5570.959
51426,2015-09-08T15:45:00+00:00,-716972,5570.949
51426,2015-09-08T16:00:00+00:00,-716072,5570.933
51426,2015-09-08T16:15:00+00:00,-715172,5570.916
51426,2015-09-08T16:30:00+00:00,-714272,5570.893
51426,2015-09-08T16:45:00+00:00,-713372,5570.864
51426,2015-09-08T17:00:00+00:00,-712472,5570.834
51426,2015-09-08T17:15:00+00:00,-711572,5570.794
51426,2015-09-08T17:30:00+00:00,-710672,5570.752
51426,2015-09-08T17:45:00+00:00,-709772,5570.713
51426,2015-09-08T18:00:00+00:00,-708872,5570.666
51426,2015-09-08T18:15:00+00:00,-707972,5570.620
51426,2015-09-08T18:30:00+00:00,-707072,5570.571
51426,2015-09-08T18:45:00+00:00,-706172,5570.522
51426,2015-09-08T19:00:00+00:00,-705272,5570.473
51426,2015-09-08T19:15:00+00:00,-704372,5570.429
51426,2015-09-08T19:30:00+00:00,-703472,5570.385
51426,2015-09-08T19:45:00+00:00,-702572,5570.348
51426,2015-09-08T20:00:00+00:00,-701672,5570.310
51426,2015-09-08T20:15:00+00:00,-700772,5570.279
51426,2015-09-08T20:30:00+00:00,-699872,5570.252
51426,2015-09-08T20:45:00+00:00,-698972,5570.230
51426,2015-09-08T21:00:00+00:00,-698072,5570.211
51426,2015-09-08T21:15:00+00:00,-697172,5570.203
51426,2015-09-08T21:30:00+00:00,-696272,5570.194
51426,2015-09-08T21:45:00+00:00,-695372,5570.193
51426,2015-09-08T22:00:00+00:00,-694472,5570.197
51426,2015-09-08T22:15:00+00:00,-693572,5570.207
51426,2015-09-08T22:30:00+00:00,-692672,5570.219
51426,2015-09-08T22:45:00+00:00,-691772,5570.241
51426,2015-09-08T23:00:00+00:00,-690872,5570.265
51426,2015-09-08T23:15:00+00:00,-689972,5570.293
51426,2015-09-08T23:30:00+00:00,-689072,5570.326
51426,2015-09-08T23:45:00+00:00,-688172,5570.360
51426,2015-09-09T00:00:00+00:00,-687272,5570.399
51426,2015-09-09T00:15:00+00:00,-686372,5570.444
51426,2015-09-09T00:30:00+00:00,-685472,5570.485
51426,2015-09-09T00:45:00+00:00,-684572,5570.530
51426,2015-09-09T01:00:00+00:00,-683672,5570.575
51426,2015-09-09T01:15:00+00:00,-682772,5570.614
51426,2015-09-09T01:30:00+00:00,-681872,5570.656
51426,2015-09-09T01:45:00+00:00,-680972,5570.694
51426,2015-09-09T02:00:00+00:00,-680072,5570.732
51426,2015-09-09T02:15:00+00:00,-679172,5570.764
51426,2015-09-09T02:30:00+00:00,-678272,5570.794
51426,2015-09-09T02:45:00+00:00,-677372,5570.821
51426,2015-09-09T03:00:00+00:00,-676472,5570.841
51426,2015-09-09T03:15:00+00:00,-675572,5570.857
51426,2015-09-09T03:30:00+00:00,-674672,5570.865
51426,2015-09-09T03:45:00+00:00,-673772,5570.870
51426,2015-09-09T04:00:00+00:00,-672872,5570.871
51426,2015-09-09T04:15:00+00:00,-671972,5570.865
51426,2015-09-09T04:30:00+00:00,-671072,5570.855
51426,2015-09-09T04:45:00+00:00,-670172,5570.840
51426,2015-09-09T05:00:00+00:00,-669272,5570.821
51426,2015-09-09T05:15:00+00:00,-668372,5570.796
51426,2015-09-09T05:30:00+00:00,-667472,5570.767
51426,2015-09-09T05:45:00+00:00,-666572,5570.738
51426,2015-09-09T06:00:00+00:00,-665672,5570.703
51426,2015-09-09T06:15:00+00:00,-664772,5570.669
51426,2015-09-09T06:30:00+00:00,-663872,5570.630
51426,2015-09-09T06:45:00+00:00,-662972,5570.592
51426,2015-09-09T07:00:00+00:00,-662072,5570.553
51426,2015-09-09T07:15:00+00:00,-661172,5570.513
51426,2015-09-09T07:30:00+00:00,-660272,5570.475
51426,2015-09-09T07:45:00+00:00,-659372,5570.439
51426,2015-09-09T08:00:00+00:00,-658472,5570.405
51426,2015-09-09T08:15:00+00:00,-657572,5570.372
51426,2015-09-09T08:30:00+00:00,-656672,5570.341
51426,2015-09-09T08:45:00+00:00,-655772,5570.315
51426,2015-09-09T09:00:00+00:00,-654872,5570.292
51426,2015-09-09T09:15:00+00:00,-653972,5570.272
51426,2015-09-09T09:30:00+00:00,-653072,5570.262
51426,2015-09-09T09:45:00+00:00,-652172,5570.255
51426,2015-09-09T10:00:00+00:00,-651272,5570.252
51426,2015-09-09T10:15:00+00:00,-650372,5570.255
51426,2015-09-09T10:30:00+00:00,-649472,5570.263
51426,2015-09-09T10:45:00+00:00,-648572,5570.276
51426,2015-09-09T11:00:00+00:00,-647672,5570.297
51426,2015-09-09T11:15:00+00:00,-646772,5570.318
51426,2015-09-09T11:30:00+00:00,-645872,5570.344
51426,2015-09-09T11:45:00+00:00,-644972,5570.371
51426,2015-09-09T12:00:00+00:00,-644072,5570.406
51426,2015-09-09T12:15:00+00:00,-643172,5570.441
51426,2015-09-09T12:30:00+00:00,-642272,5570.480
51426,2015-09-09T12:45:00+00:00,-641372,5570.522
51426,2015-09-09T13:00:00+00:00,-640472,5570.566
51426,2015-09-09T13:15:00+00:00,-639572,5570.608
51426,2015-09-09T13:30:00+00:00,-638672,5570.651
51426,2015-09-09T13:45:00+00:00,-637772,5570.693
51426,2015-09-09T14:00:00+00:00,-636872,5570.734
51426,2015-09-09T14:15:00+00:00,-635972,5570.770
51426,2015-09-09T14:30:00+00:00,-635072,5570.803
51426,2015-09-09T14:45:00+00:00,-634172,5570.834
51426,2015-09-09T15:00:00+00:00,-633272,5570.861
51426,2015-09-09T15:15:00+00:00,-632372,5570.886
51426,2015-09-09T15:30:00+00:00,-631472,5570.906
51426,2015-09-09T15:45:00+00:00,-630572,5570.924
51426,2015-09-09T16:00:00+00:00,-629672,5570.933
51426,2015-09-09T16:15:00+00:00,-628772,5570.935
51426,2015-09-09T16:30:00+00:00,-627872,5570.934
51426,2015-09-09T16:45:00+00:00,-626972,5570.927
51426,2015-09-09T17:00:00+00:00,-626072,5570.914
51426,2015-09-09T17:15:00+00:00,-625172,5570.896
51426,2015-09-09T17:30:00+00:00,-624272,5570.874
51426,2015-09-09T17:45:00+00:00,-623372,5570.845
51426,2015-09-09T18:00:00+00:00,-622472,5570.815
51426,2015-09-09T18:15:00+00:00,-621572,5570.776
51426,2015-09-09T18:30:00+00:00,-620672,5570.737
51426,2015-09-09T18:45:00+00:00,-619772,5570.694
51426,2015-09-09T19:00:00+00:00,-618872,5570.646
51426,2015-09-09T19:15:00+00:00,-617972,5570.598
51426,2015-09-09T19:30:00+00:00,-617072,5570.552
51426,2015-09-09T19:45:00+00:00,-616172,5570.504
51426,2015-09-09T20:00:00+00:00,-615272,5570.459
51426,2015-09-09T20:15:00+00:00,-614372,5570.415
51426,2015-09-09T20:30:00+00:00,-613472,5570.371
51426,2015-09-09T20:45:00+00:00,-612572,5570.335
51426,2015-09-09T21:00:00+00:00,-611672,5570.299
51426,2015-09-09T21:15:00+00:00,-610772,5570.269
51426,2015-09-09T21:30:00+00:00,-609872,5570.246
51426,2015-09-09T21:45:00+00:00,-608972,5570.223
51426,2015-09-09T22:00:00+00:00,-608072,5570.205
51426,2015-09-09T22:15:00+00:00,-607172,5570.195
51426,2015-09-09T22:30:00+00:00,-606272,5570.189
51426,2015-09-09T22:45:00+00:00,-605372,5570.187
51426,2015-09-09T23:00:00+00:00,-604472,5570.194
51426,2015-09-09T23:15:00+00:00,-603572,5570.203
51426,2015-09-09T23:30:00+00:00,-602672,5570.218
51426,2015-09-09T23:45:00+00:00,-601772,5570.241
51426,2015-09-10T00:00:00+00:00,-600872,5570.268
51426,2015-09-10T00:15:00+00:00,-599972,5570.295
51426,2015-09-10T00:30:00+00:00,-599072,5570.331
51426,2015-09-10T00:45:00+00:00,-598172,5570.365
51426,2015-09-10T01:00:00+00:00,-597272,5570.402
51426,2015-09-10T01:15:00+00:00,-596372,5570.441
51426,2015-09-10T01:30:00+00:00,-595472,5570.484
51426,2015-09-10T01:45:00+00:00,-594572,5570.528
51426,2015-09-10T02:00:00+00:00,-593672,5570.571
51426,2015-09-10T02:15:00+00:00,-592772,5570.616
51426,2015-09-10T02:30:00+00:00,-591872,5570.658
51426,2015-09-10T02:45:00+00:00,-590972,5570.700
51426,2015-09-10T03:00:00+00:00,-590072,5570.738
51426,2015-09-10T03:15:00+00:00,-589172,5570.771
51426,2015-09-10T03:30:00+00:00,-588272,5570.802
51426,2015-09-10T03:45:00+00:00,-587372,5570.823
51426,2015-09-10T04:00:00+00:00,-586472,5570.844
51426,2015-09-10T04:15:00+00:00,-585572,5570.858
51426,2015-09-10T04:30:00+00:00,-584672,5570.867
51426,2015-09-10T04:45:00+00:00,-583772,5570.873
51426,2015-09-10T05:00:00+00:00,-582872,5570.873
51426,2015-09-10T05:15:00+00:00,-581972,5570.866
51426,2015-09-10T05:30:00+00:00,-581072,5570.855
51426,2015-09-10T05:45:00+00:00,-580172,5570.838
51426,2015-09-10T06:00:00+00:00,-579272,5570.815
51426,2015-09-10T06:15:00+00:00,-578372,5570.793
51426,2015-09-10T06:30:00+00:00,-577472,5570.763
51426,2015-09-10T06:45:00+00:00,-576572,5570.733
51426,2015-09-10T07:00:00+00:00,-575672,5570.696
51426,2015-09-10T07:15:00+00:00,-574772,5570.662
51426,2015-09-10T07:30:00+00:00,-573872,5570.623
51426,2015-09-10T07:45:00+00:00,-572972,5570.585
51426,2015-09-10T08:00:00+00:00,-572072,5570.543
51426,2015-09-10T08:15:00+00:00,-571172,5570.504
51426,2015-09-10T08:30:00+00:00,-570272,5570.464
51426,2015-09-10T08:45:00+00:00,-569372,5570.427
51426,2015-09-10T09:00:00+00:00,-568472,5570.392
51426,2015-09-10T09:15:00+00:00,-567572,5570.356
51426,2015-09-10T09:30:00+00:00,-566672,5570.327
51426,2015-09-10T09:45:00+00:00,-565772,5570.301
51426,2015-09-10T10:00:00+00:00,-564872,5570.278
51426,2015-09-10T10:15:00+00:00,-563972,5570.262
51426,2015-09-10T10:30:00+00:00,-563072,5570.250
51426,2015-09-10T10:45:00+00:00,-562172,5570.244
51426,2015-09-10T11:00:00+00:00,-561272,5570.240
51426,2015-09-10T11:15:00+00:00,-560372,5570.244
51426,2015-09-10T11:30:00+00:00,-559472,5570.254
51426,2015-09-10T11:45:00+00:00,-558572,5570.269
51426,2015-09-10T12:00:00+00:00,-557672,5570.286
51426,2015-09-10T12:15:00+00:00,-556772,5570.309
51426,2015-09-10T12:30:00+00:00,-555872,5570.337
51426,2015-09-10T12:45:00+00:00,-554972,5570.367
51426,2015-09-10T13:00:00+00:00,-554072,5570.402
51426,2015-09-10T13:15:00+00:00,-553172,5570.441
51426,2015-09-10T13:30:00+00:00,-552272,5570.480
51426,2015-09-10T13:45:00+00:00,-551372,5570.522
51426,2015-09-10T14:00:00+00:00,-550472,5570.565
51426,2015-09-10T14:15:00+00:00,-549572,5570.608
51426,2015-09-10T14:30:00+00:00,-548672,5570.651
51426,2015-09-10T14:45:00+00:00,-547772,5570.692
51426,2015-09-10T15:00:00+00:00,-546872,5570.732
51426,2015-09-10T15:15:00+00:00,-545972,5570.770
51426,2015-09-10T15:30:00+00:00,-545072,5570.807
51426,2015-09-10T15:45:00+00:00,-544172,5570.839
51426,2015-09-10T16:00:00+00:00,-543272,5570.869
51426,2015-09-10T16:15:00+00:00,-542372,5570.892
51426,2015-09-10T16:30:00+00:00,-541472,5570.912
51426,2015-09-10T16:45:00+00:00,-540572,5570.924
51426,2015-09-10T17:00:00+00:00,-539672,5570.930
51426,2015-09-10T17:15:00+00:00,-538772,5570.935
51426,2015-09-10T17:30:00+00:00,-537872,5570.932
51426,2015-09-10T17:45:00+00:00,-536972,5570.923
51426,2015-09-10T18:00:00+00:00,-536072,5570.908
51426,2015-09-10T18:15:00+00:00,-535172,5570.884
51426,2015-09-10T18:30:00+00:00,-534272,5570.862
51426,2015-09-10T18:45:00+00:00,-533372,5570.830
51426,2015-09-10T19:00:00+00:00,-532472,5570.796
51426,2015-09-10T19:15:00+00:00,-531572,5570.758
51426,2015-09-10T19:30:00+00:00,-530672,5570.713
51426,2015-09-10T19:45:00+00:00,-529772,5570.669
51426,2015-09-10T20:00:00+00:00,-528872,5570.624
51426,2015-09-10T20:15:00+00:00,-527972,5570.579
51426,2015-09-10T20:30:00+00:00,-527072,5570.530
51426,2015-09-10T20:45:00+00:00,-526172,5570.485
51426,2015-09-10T21:00:00+00:00,-525272,5570.439
51426,2015-09-10T21:15:00+00:00,-524372,5570.395
51426,2015-09-10T21:30:00+00:00,-523472,5570.355
51426,2015-09-10T21:45:00+00:00,-522572,5570.314
51426,2015-09-10T22:00:00+00:00,-521672,5570.282
51426,2015-09-10T22:15:00+00:00,-520772,5570.255
51426,2015-09-10T22:30:00+00:00,-519872,5570.227
51426,2015-09-10T22:45:00+00:00,-518972,5570.204
51426,2015-09-10T23:00:00+00:00,-518072,5570.191
51426,2015-09-10T23:15:00+00:00,-517172,5570.181
51426,2015-09-10T23:30:00+00:00,-516272,5570.179
51426,2015-09-10T23:45:00+00:00,-515372,5570.179
51426,2015-09-11T00:00:00+00:00,-514472,5570.191
51426,2015-09-11T00:15:00+00:00,-513572,5570.203
51426,2015-09-11T00:30:00+00:00,-512672,5570.222
51426,2015-09-11T00:45:00+00:00,-511772,5570.249
51426,2015-09-11T01:00:00+00:00,-510872,5570.276
51426,2015-09-11T01:15:00+00:00,-509972,5570.309
51426,2015-09-11T01:30:00+00:00,-509072,5570.341
51426,2015-09-11T01:45:00+00:00,-508172,5570.382
51426,2015-09-11T02:00:00+00:00,-507272,5570.426
51426,2015-09-11T02:15:00+00:00,-506372,5570.468
51426,2015-09-11T02:30:00+00:00,-505472,5570.511
51426,2015-09-11T02:45:00+00:00,-504572,5570.555
51426,2015-09-11T03:00:00+00:00,-503672,5570.600
51426,2015-09-11T03:15:00+00:00,-502772,5570.642
51426,2015-09-11T03:30:00+00:00,-501872,5570.682
51426,2015-09-11T03:45:00+00:00,-500972,5570.724
51426,2015-09-11T04:00:00+00:00,-500072,5570.757
51426,2015-09-11T04:15:00+00:00,-499172,5570.789
51426,2015-09-11T04:30:00+00:00,-498272,5570.817
51426,2015-09-11T04:45:00+00:00,-497372,5570.842
51426,2015-09-11T05:00:00+00:00,-496472,5570.863
51426,2015-09-11T05:15:00+00:00,-495572,5570.876
51426,2015-09-11T05:30:00+00:00,-494672,5570.883
51426,2015-09-11T05:45:00+00:00,-493772,5570.885
51426,2015-09-11T06:00:00+00:00,-492872,5570.883
51426,2015-09-11T06:15:00+00:00,-491972,5570.873
51426,2015-09-11T06:30:00+00:00,-491072,5570.859
51426,2015-09-11T06:45:00+00:00,-490172,5570.842
51426,2015-09-11T07:00:00+00:00,-489272,5570.817
51426,2015-09-11T07:15:00+00:00,-488372,5570.793
51426,2015-09-11T07:30:00+00:00,-487472,5570.760
51426,2015-09-11T07:45:00+00:00,-486572,5570.725
51426,2015-09-11T08:00:00+00:00,-485672,5570.684
51426,2015-09-11T08:15:00+00:00,-484772,5570.645
51426,2015-09-11T08:30:00+00:00,-483872,5570.604
51426,2015-09-11T08:45:00+00:00,-482972,5570.562
51426,2015-09-11T09:00:00+00:00,-482072,5570.518
51426,2015-09-11T09:15:00+00:00,-481172,5570.475
51426,2015-09-11T09:30:00+00:00,-480272,5570.439
51426,2015-09-11T09:45:00+00:00,-479372,5570.401
51426,2015-09-11T10:00:00+00:00,-478472,5570.367
51426,2015-09-11T10:15:00+00:00,-477572,5570.335
51426,2015-09-11T10:30:00+00:00,-476672,5570.306
51426,2015-09-11T10:45:00+00:00,-475772,5570.281
51426,2015-09-11T11:00:00+00:00,-474872,5570.265
51426,2015-09-11T11:15:00+00:00,-473972,5570.252
51426,2015-09-11T11:30:00+00:00,-473072,5570.241
51426,2015-09-11T11:45:00+00:00,-472172,5570.235
51426,2015-09-11T12:00:00+00:00,-471272,5570.236
51426,2015-09-11T12:15:00+00:00,-470372,5570.241
51426,2015-09-11T12:30:00+00:00,-469472,5570.252
51426,2015-09-11T12:45:00+00:00,-468572,5570.267
51426,2015-09-11T13:00:00+00:00,-467672,5570.286
51426,2015-09-11T13:15:00+00:00,-466772,5570.312
51426,2015-09-11T13:30:00+00:00,-465872,5570.343
51426,2015-09-11T13:45:00+00:00,-464972,5570.374
51426,2015-09-11T14:00:00+00:00,-464072,5570.411
51426,2015-09-11T14:15:00+00:00,-463172,5570.447
51426,2015-09-11T14:30:00+00:00,-462272,5570.489
51426,2015-09-11T14:45:00+00:00,-461372,5570.533
51426,2015-09-11T15:00:00+00:00,-460472,5570.575
51426,2015-09-11T15:15:00+00:00,-459572,5570.620
51426,2015-09-11T15:30:00+00:00,-458672,5570.664
51426,2015-09-11T15:45:00+00:00,-457772,5570.710
51426,2015-09-11T16:00:00+00:00,-456872,5570.755
51426,2015-09-11T16:15:00+00:00,-455972,5570.794
51426,2015-09-11T16:30:00+00:00,-455072,5570.830
51426,2015-09-11T16:45:00+00:00,-454172,5570.863
51426,2015-09-11T17:00:00+00:00,-453272,5570.890
51426,2015-09-11T17:15:00+00:00,-452372,5570.909
51426,2015-09-11T17:30:00+00:00,-451472,5570.929
51426,2015-09-11T17:45:00+00:00,-450572,5570.942
51426,2015-09-11T18:00:00+00:00,-449672,5570.945
51426,2015-09-11T18:15:00+00:00,-448772,5570.943
51426,2015-09-11T18:30:00+00:00,-447872,5570.938
51426,2015-09-11T18:45:00+00:00,-446972,5570.924
51426,2015-09-11T19:00:00+00:00,-446072,5570.906
51426,2015-09-11T19:15:00+00:00,-445172,5570.883
51426,2015-09-11T19:30:00+00:00,-444272,5570.855
51426,2015-09-11T19:45:00+00:00,-443372,5570.822
51426,2015-09-11T20:00:00+00:00,-442472,5570.784
51426,2015-09-11T20:15:00+00:00,-441572,5570.742
51426,2015-09-11T20:30:00+00:00,-440672,5570.699
51426,2015-09-11T20:45:00+00:00,-439772,5570.652
51426,2015-09-11T21:00:00+00:00,-438872,5570.606
51426,2015-09-11T21:15:00+00:00,-437972,5570.558
51426,2015-09-11T21:30:00+00:00,-437072,5570.510
51426,2015-09-11T21:45:00+00:00,-436172,5570.461
51426,2015-09-11T22:00:00+00:00,-435272,5570.416
51426,2015-09-11T22:15:00+00:00,-434372,5570.374
51426,2015-09-11T22:30:00+00:00,-433472,5570.333
51426,2015-09-11T22:45:00+00:00,-432572,5570.296
51426,2015-09-11T23:00:00+00:00,-431672,5570.260
51426,2015-09-11T23:15:00+00:00,-430772,5570.236
51426,2015-09-11T23:30:00+00:00,-429872,5570.214
51426,2015-09-11T23:45:00+00:00,-428972,5570.196
51426,2015-09-12T00:00:00+00:00,-428072,5570.185
51426,2015-09-12T00:15:00+00:00,-427172,5570.182
51426,2015-09-12T00:30:00+00:00,-426272,5570.185
51426,2015-09-12T00:45:00+00:00,-425372,5570.191
51426,2015-09-12T01:00:00+00:00,-424472,5570.203
51426,2015-09-12T01:15:00+00:00,-423572,5570.219
51426,2015-09-12T01:30:00+00:00,-422672,5570.242
51426,2015-09-12T01:45:00+00:00,-421772,5570.269
51426,2015-09-12T02:00:00+00:00,-420872,5570.301
51426,2015-09-12T02:15:00+00:00,-419972,5570.341
51426,2015-09-12T02:30:00+00:00,-419072,5570.379
51426,2015-09-12T02:45:00+00:00,-418172,5570.422
51426,2015-09-12T03:00:00+00:00,-417272,5570.467
51426,2015-09-12T03:15:00+00:00,-416372,5570.514
51426,2015-09-12T03:30:00+00:00,-415472,5570.563
51426,2015-09-12T03:45:00+00:00,-414572,5570.612
51426,2015-09-12T04:00:00+00:00,-413672,5570.657
51426,2015-09-12T04:15:00+00:00,-412772,5570.700
51426,2015-09-12T04:30:00+00:00,-411872,5570.741
51426,2015-09-12T04:45:00+00:00,-410972,5570.780
51426,2015-09-12T05:00:00+00:00,-410072,5570.811
51426,2015-09-12T05:15:00+00:00,-409172,5570.842
51426,2015-09-12T05:30:00+00:00,-408272,5570.865
51426,2015-09-12T05:45:00+00:00,-407372,5570.882
51426,2015-09-12T06:00:00+00:00,-406472,5570.899
51426,2015-09-12T06:15:00+00:00,-405572,5570.908
51426,2015-09-12T06:30:00+00:00,-404672,5570.910
51426,2015-09-12T06:45:00+00:00,-403772,5570.909
51426,2015-09-12T07:00:00+00:00,-402872,5570.900
51426,2015-09-12T07:15:00+00:00,-401972,5570.887
51426,2015-09-12T07:30:00+00:00,-401072,5570.869
51426,2015-09-12T07:45:00+00:00,-400172,5570.844
51426,2015-09-12T08:00:00+00:00,-399272,5570.812
51426,2015-09-12T08:15:00+00:00,-398372,5570.779
51426,2015-09-12T08:30:00+00:00,-397472,5570.739
51426,2015-09-12T08:45:00+00:00,-396572,5570.701
51426,2015-09-12T09:00:00+00:00,-395672,5570.661
51426,2015-09-12T09:15:00+00:00,-394772,5570.616
51426,2015-09-12T09:30:00+00:00,-393872,5570.569
51426,2015-09-12T09:45:00+00:00,-392972,5570.523
51426,2015-09-12T10:00:00+00:00,-392072,5570.479
51426,2015-09-12T10:15:00+00:00,-391172,5570.436
51426,2015-09-12T10:30:00+00:00,-390272,5570.396
51426,2015-09-12T10:45:00+00:00,-389372,5570.356
51426,2015-09-12T11:00:00+00:00,-388472,5570.323
51426,2015-09-12T11:15:00+00:00,-387572,5570.295
51426,2015-09-12T11:30:00+00:00,-386672,5570.267
51426,2015-09-12T11:45:00+00:00,-385772,5570.245
51426,2015-09-12T12:00:00+00:00,-384872,5570.227
51426,2015-09-12T12:15:00+00:00,-383972,5570.213
51426,2015-09-12T12:30:00+00:00,-383072,5570.205
51426,2015-09-12T12:45:00+00:00,-382172,5570.204
51426,2015-09-12T13:00:00+00:00,-381272,5570.206
51426,2015-09-12T13:15:00+00:00,-380372,5570.216
51426,2015-09-12T13:30:00+00:00,-379472,5570.232
51426,2015-09-12T13:45:00+00:00,-378572,5570.248
51426,2015-09-12T14:00:00+00:00,-377672,5570.274
51426,2015-09-12T14:15:00+00:00,-376772,5570.305
51426,2015-09-12T14:30:00+00:00,-375872,5570.338
51426,2015-09-12T14:45:00+00:00,-374972,5570.375
51426,2015-09-12T15:00:00+00:00,-374072,5570.415
51426,2015-09-12T15:15:00+00:00,-373172,5570.463
51426,2015-09-12T15:30:00+00:00,-372272,5570.512
51426,2015-09-12T15:45:00+00:00,-371372,5570.564
51426,2015-09-12T16:00:00+00:00,-370472,5570.611
51426,2015-09-12T16:15:00+00:00,-369572,5570.660
51426,2015-09-12T16:30:00+00:00,-368672,5570.705
51426,2015-09-12T16:45:00+00:00,-367772,5570.750
51426,2015-09-12T17:00:00+00:00,-366872,5570.790
51426,2015-09-12T17:15:00+00:00,-365972,5570.829
51426,2015-09-12T17:30:00+00:00,-365072,5570.863
51426,2015-09-12T17:45:00+00:00,-364172,5570.892
51426,2015-09-12T18:00:00+00:00,-363272,5570.914
51426,2015-09-12T18:15:00+00:00,-362372,5570.933
51426,2015-09-12T18:30:00+00:00,-361472,5570.949
51426,2015-09-12T18:45:00+00:00,-360572,5570.955
51426,2015-09-12T19:00:00+00:00,-359672,5570.953
51426,2015-09-12T19:15:00+00:00,-358772,5570.944
51426,2015-09-12T19:30:00+00:00,-357872,5570.934
51426,2015-09-12T19:45:00+00:00,-356972,5570.915
51426,2015-09-12T20:00:00+00:00,-356072,5570.891
51426,2015-09-12T20:15:00+00:00,-355172,5570.860
51426,2015-09-12T20:30:00+00:00,-354272,5570.824
51426,2015-09-12T20:45:00+00:00,-353372,5570.783
51426,2015-09-12T21:00:00+00:00,-352472,5570.740
51426,2015-09-12T21:15:00+00:00,-351572,5570.695
51426,2015-09-12T21:30:00+00:00,-350672,5570.648
51426,2015-09-12T21:45:00+00:00,-349772,5570.596
51426,2015-09-12T22:00:00+00:00,-348872,5570.544
51426,2015-09-12T22:15:00+00:00,-347972,5570.497
51426,2015-09-12T22:30:00+00:00,-347072,5570.446
51426,2015-09-12T22:45:00+00:00,-346172,5570.398
51426,2015-09-12T23:00:00+00:00,-345272,5570.355
51426,2015-09-12T23:15:00+00:00,-344372,5570.315
51426,2015-09-12T23:30:00+00:00,-343472,5570.274
51426,2015-09-12T23:45:00+00:00,-342572,5570.241
51426,2015-09-13T00:00:00+00:00,-341672,5570.212
51426,2015-09-13T00:15:00+00:00,-340772,5570.188
51426,2015-09-13T00:30:00+00:00,-339872,5570.171
51426,2015-09-13T00:45:00+00:00,-338972,5570.162
51426,2015-09-13T01:00:00+00:00,-338072,5570.153
51426,2015-09-13T01:15:00+00:00,-337172,5570.155
51426,2015-09-13T01:30:00+00:00,-336272,5570.161
51426,2015-09-13T01:45:00+00:00,-335372,5570.173
51426,2015-09-13T02:00:00+00:00,-334472,5570.192
51426,2015-09-13T02:15:00+00:00,-333572,5570.217
51426,2015-09-13T02:30:00+00:00,-332672,5570.248
51426,2015-09-13T02:45:00+00:00,-331772,5570.285
51426,2015-09-13T03:00:00+00:00,-330872,5570.325
51426,2015-09-13T03:15:00+00:00,-329972,5570.367
51426,2015-09-13T03:30:00+00:00,-329072,5570.413
51426,2015-09-13T03:45:00+00:00,-328172,5570.459
51426,2015-09-13T04:00:00+00:00,-327272,5570.512
51426,2015-09-13T04:15:00+00:00,-326372,5570.559
51426,2015-09-13T04:30:00+00:00,-325472,5570.608
51426,2015-09-13T04:45:00+00:00,-324572,5570.657
51426,2015-09-13T05:00:00+00:00,-323672,5570.703
51426,2015-09-13T05:15:00+00:00,-322772,5570.746
51426,2015-09-13T05:30:00+00:00,-321872,5570.784
51426,2015-09-13T05:45:00+00:00,-320972,5570.819
51426,2015-09-13T06:00:00+00:00,-320072,5570.849
51426,2015-09-13T06:15:00+00:00,-319172,5570.876
51426,2015-09-13T06:30:00+00:00,-318272,5570.896
51426,2015-09-13T06:45:00+00:00,-317372,5570.909
51426,2015-09-13T07:00:00+00:00,-316472,5570.917
51426,2015-09-13T07:15:00+00:00,-315572,5570.917
51426,2015-09-13T07:30:00+00:00,-314672,5570.913
51426,2015-09-13T07:45:00+00:00,-313772,5570.903
51426,2015-09-13T08:00:00+00:00,-312872,5570.891
51426,2015-09-13T08:15:00+00:00,-311972,5570.870
51426,2015-09-13T08:30:00+00:00,-311072,5570.842
51426,2015-09-13T08:45:00+00:00,-310172,5570.810
51426,2015-09-13T09:00:00+00:00,-309272,5570.773
51426,2015-09-13T09:15:00+00:00,-308372,5570.733
51426,2015-09-13T09:30:00+00:00,-307472,5570.691
51426,2015-09-13T09:45:00+00:00,-306572,5570.645
51426,2015-09-13T10:00:00+00:00,-305672,5570.598
51426,2015-09-13T10:15:00+00:00,-304772,5570.553
51426,2015-09-13T10:30:00+00:00,-303872,5570.508
51426,2015-09-13T10:45:00+00:00,-302972,5570.463
51426,2015-09-13T11:00:00+00:00,-302072,5570.420
51426,2015-09-13T11:15:00+00:00,-301172,5570.378
51426,2015-09-13T11:30:00+00:00,-300272,5570.337
51426,2015-09-13T11:45:00+00:00,-299372,5570.300
51426,2015-09-13T12:00:00+00:00,-298472,5570.265
51426,2015-09-13T12:15:00+00:00,-297572,5570.235
51426,2015-09-13T12:30:00+00:00,-296672,5570.215
51426,2015-09-13T12:45:00+00:00,-295772,5570.193
51426,2015-09-13T13:00:00+00:00,-294872,5570.180
51426,2015-09-13T13:15:00+00:00,-293972,5570.176
51426,2015-09-13T13:30:00+00:00,-293072,5570.172
51426,2015-09-13T13:45:00+00:00,-292172,5570.174
51426,2015-09-13T14:00:00+00:00,-291272,5570.186
51426,2015-09-13T14:15:00+00:00,-290372,5570.202
51426,2015-09-13T14:30:00+00:00,-289472,5570.225
51426,2015-09-13T14:45:00+00:00,-288572,5570.251
51426,2015-09-13T15:00:00+00:00,-287672,5570.281
51426,2015-09-13T15:15:00+00:00,-286772,5570.321
51426,2015-09-13T15:30:00+00:00,-285872,5570.363
51426,2015-09-13T15:45:00+00:00,-284972,5570.408
51426,2015-09-13T16:00:00+00:00,-284072,5570.458
51426,2015-09-13T16:15:00+00:00,-283172,5570.505
51426,2015-09-13T16:30:00+00:00,-282272,5570.556
51426,2015-09-13T16:45:00+00:00,-281372,5570.604
51426,2015-09-13T17:00:00+00:00,-280472,5570.652
51426,2015-09-13T17:15:00+00:00,-279572,5570.699
51426,2015-09-13T17:30:00+00:00,-278672,5570.743
51426,2015-09-13T17:45:00+00:00,-277772,5570.784
51426,2015-09-13T18:00:00+00:00,-276872,5570.823
51426,2015-09-13T18:15:00+00:00,-275972,5570.858
51426,2015-09-13T18:30:00+00:00,-275072,5570.885
51426,2015-09-13T18:45:00+00:00,-274172,5570.906
51426,2015-09-13T19:00:00+00:00,-273272,5570.922
51426,2015-09-13T19:15:00+00:00,-272372,5570.932
51426,2015-09-13T19:30:00+00:00,-271472,5570.934
51426,2015-09-13T19:45:00+00:00,-270572,5570.935
51426,2015-09-13T20:00:00+00:00,-269672,5570.925
51426,2015-09-13T20:15:00+00:00,-268772,5570.908
51426,2015-09-13T20:30:00+00:00,-267872,5570.885
51426,2015-09-13T20:45:00+00:00,-266972,5570.857
51426,2015-09-13T21:00:00+00:00,-266072,5570.822
51426,2015-09-13T21:15:00+00:00,-265172,5570.786
51426,2015-09-13T21:30:00+00:00,-264272,5570.745
51426,2015-09-13T21:45:00+00:00,-263372,5570.699
51426,2015-09-13T22:00:00+00:00,-262472,5570.653
51426,2015-09-13T22:15:00+00:00,-261572,5570.605
51426,2015-09-13T22:30:00+00:00,-260672,5570.552
51426,2015-09-13T22:45:00+00:00,-259772,5570.502
51426,2015-09-13T23:00:00+00:00,-258872,5570.454
51426,2015-09-13T23:15:00+00:00,-257972,5570.408
51426,2015-09-13T23:30:00+00:00,-257072,5570.360
51426,2015-09-13T23:45:00+00:00,-256172,5570.317
51426,2015-09-14T00:00:00+00:00,-255272,5570.277
51426,2015-09-14T00:15:00+00:00,-254372,5570.240
51426,2015-09-14T00:30:00+00:00,-253472,5570.207
51426,2015-09-14T00:45:00+00:00,-252572,5570.181
51426,2015-09-14T01:00:00+00:00,-251672,5570.159
51426,2015-09-14T01:15:00+00:00,-250772,5570.141
51426,2015-09-14T01:30:00+00:00,-249872,5570.131
51426,2015-09-14T01:45:00+00:00,-248972,5570.128
51426,2015-09-14T02:00:00+00:00,-248072,5570.133
51426,2015-09-14T02:15:00+00:00,-247172,5570.143
51426,2015-09-14T02:30:00+00:00,-246272,5570.163
51426,2015-09-14T02:45:00+00:00,-245372,5570.185
51426,2015-09-14T03:00:00+00:00,-244472,5570.212
51426,2015-09-14T03:15:00+00:00,-243572,5570.249
51426,2015-09-14T03:30:00+00:00,-242672,5570.286
51426,2015-09-14T03:45:00+00:00,-241772,5570.330
51426,2015-09-14T04:00:00+00:00,-240872,5570.374
51426,2015-09-14T04:15:00+00:00,-239972,5570.425
51426,2015-09-14T04:30:00+00:00,-239072,5570.473
51426,2015-09-14T04:45:00+00:00,-238172,5570.524
51426,2015-09-14T05:00:00+00:00,-237272,5570.575
51426,2015-09-14T05:15:00+00:00,-236372,5570.626
51426,2015-09-14T05:30:00+00:00,-235472,5570.678
51426,2015-09-14T05:45:00+00:00,-234572,5570.725
51426,2015-09-14T06:00:00+00:00,-233672,5570.768
51426,2015-09-14T06:15:00+00:00,-232772,5570.806
51426,2015-09-14T06:30:00+00:00,-231872,5570.840
51426,2015-09-14T06:45:00+00:00,-230972,5570.870
51426,2015-09-14T07:00:00+00:00,-230072,5570.891
51426,2015-09-14T07:15:00+00:00,-229172,5570.911
51426,2015-09-14T07:30:00+00:00,-228272,5570.926
51426,2015-09-14T07:45:00+00:00,-227372,5570.934
51426,2015-09-14T08:00:00+00:00,-226472,5570.932
51426,2015-09-14T08:15:00+00:00,-225572,5570.927
51426,2015-09-14T08:30:00+00:00,-224672,5570.915
51426,2015-09-14T08:45:00+00:00,-223772,5570.891
51426,2015-09-14T09:00:00+00:00,-222872,5570.865
51426,2015-09-14T09:15:00+00:00,-221972,5570.832
51426,2015-09-14T09:30:00+00:00,-221072,5570.797
51426,2015-09-14T09:45:00+00:00,-220172,5570.757
51426,2015-09-14T10:00:00+00:00,-219272,5570.711
51426,2015-09-14T10:15:00+00:00,-218372,5570.666
51426,2015-09-14T10:30:00+00:00,-217472,5570.622
51426,2015-09-14T10:45:00+00:00,-216572,5570.574
51426,2015-09-14T11:00:00+00:00,-215672,5570.529
51426,2015-09-14T11:15:00+00:00,-214772,5570.481
51426,2015-09-14T11:30:00+00:00,-213872,5570.433
51426,2015-09-14T11:45:00+00:00,-212972,5570.388
51426,2015-09-14T12:00:00+00:00,-212072,5570.342
51426,2015-09-14T12:15:00+00:00,-211172,5570.303
51426,2015-09-14T12:30:00+00:00,-210272,5570.265
51426,2015-09-14T12:45:00+00:00,-209372,5570.231
51426,2015-09-14T13:00:00+00:00,-208472,5570.202
51426,2015-09-14T13:15:00+00:00,-207572,5570.181
51426,2015-09-14T13:30:00+00:00,-206672,5570.162
51426,2015-09-14T13:45:00+00:00,-205772,5570.148
51426,2015-09-14T14:00:00+00:00,-204872,5570.141
51426,2015-09-14T14:15:00+00:00,-203972,5570.142
51426,2015-09-14T14:30:00+00:00,-203072,5570.148
51426,2015-09-14T14:45:00+00:00,-202172,5570.161
51426,2015-09-14T15:00:00+00:00,-201272,5570.180
51426,2015-09-14T15:15:00+00:00,-200372,5570.204
51426,2015-09-14T15:30:00+00:00,-199472,5570.237
51426,2015-09-14T15:45:00+00:00,-198572,5570.277
51426,2015-09-14T16:00:00+00:00,-197672,5570.321
51426,2015-09-14T16:15:00+00:00,-196772,5570.365
51426,2015-09-14T16:30:00+00:00,-195872,5570.412
51426,2015-09-14T16:45:00+00:00,-194972,5570.460
51426,2015-09-14T17:00:00+00:00,-194072,5570.511
51426,2015-09-14T17:15:00+00:00,-193172,5570.564
51426,2015-09-14T17:30:00+00:00,-192272,5570.617
51426,2015-09-14T17:45:00+00:00,-191372,5570.668
51426,2015-09-14T18:00:00+00:00,-190472,5570.719
51426,2015-09-14T18:15:00+00:00,-189572,5570.767
51426,2015-09-14T18:30:00+00:00,-188672,5570.807
51426,2015-09-14T18:45:00+00:00,-187772,5570.847
51426,2015-09-14T19:00:00+00:00,-186872,5570.875
51426,2015-09-14T19:15:00+00:00,-185972,5570.904
51426,2015-09-14T19:30:00+00:00,-185072,5570.923
51426,2015-09-14T19:45:00+00:00,-184172,5570.938
51426,2015-09-14T20:00:00+00:00,-183272,5570.946
51426,2015-09-14T20:15:00+00:00,-182372,5570.948
51426,2015-09-14T20:30:00+00:00,-181472,5570.939
51426,2015-09-14T20:45:00+00:00,-180572,5570.927
51426,2015-09-14T21:00:00+00:00,-179672,5570.906
51426,2015-09-14T21:15:00+00:00,-178772,5570.880
51426,2015-09-14T21:30:00+00:00,-177872,5570.850
51426,2015-09-14T21:45:00+00:00,-176972,5570.812
51426,2015-09-14T22:00:00+00:00,-176072,5570.772
51426,2015-09-14T22:15:00+00:00,-175172,5570.729
51426,2015-09-14T22:30:00+00:00,-174272,5570.680
51426,2015-09-14T22:45:00+00:00,-173372,5570.632
51426,2015-09-14T23:00:00+00:00,-172472,5570.579
51426,2015-09-14T23:15:00+00:00,-171572,5570.531
51426,2015-09-14T23:30:00+00:00,-170672,5570.480
51426,2015-09-14T23:45:00+00:00,-169772,5570.429
51426,2015-09-15T00:00:00+00:00,-168872,5570.382
51426,2015-09-15T00:15:00+00:00,-167972,5570.333
51426,2015-09-15T00:30:00+00:00,-167072,5570.291
51426,2015-09-15T00:45:00+00:00,-166172,5570.251
51426,2015-09-15T01:00:00+00:00,-165272,5570.217
51426,2015-09-15T01:15:00+00:00,-164372,5570.187
51426,2015-09-15T01:30:00+00:00,-163472,5570.163
51426,2015-09-15T01:45:00+00:00,-162572,5570.147
51426,2015-09-15T02:00:00+00:00,-161672,5570.137
51426,2015-09-15T02:15:00+00:00,-160772,5570.129
51426,2015-09-15T02:30:00+00:00,-159872,5570.135
51426,2015-09-15T02:45:00+00:00,-158972,5570.146
51426,2015-09-15T03:00:00+00:00,-158072,5570.158
51426,2015-09-15T03:15:00+00:00,-157172,5570.180
51426,2015-09-15T03:30:00+00:00,-156272,5570.213
51426,2015-09-15T03:45:00+00:00,-155372,5570.245
51426,2015-09-15T04:00:00+00:00,-154472,5570.284
51426,2015-09-15T04:15:00+00:00,-153572,5570.329
51426,2015-09-15T04:30:00+00:00,-152672,5570.373
51426,2015-09-15T04:45:00+00:00,-151772,5570.424
51426,2015-09-15T05:00:00+00:00,-150872,5570.474
51426,2015-09-15T05:15:00+00:00,-149972,5570.526
51426,2015-09-15T05:30:00+00:00,-149072,5570.579
51426,2015-09-15T05:45:00+00:00,-148172,5570.634
51426,2015-09-15T06:00:00+00:00,-147272,5570.685
51426,2015-09-15T06:15:00+00:00,-146372,5570.731
51426,2015-09-15T06:30:00+00:00,-145472,5570.777
51426,2015-09-15T06:45:00+00:00,-144572,5570.818
51426,2015-09-15T07:00:00+00:00,-143672,5570.855
51426,2015-09-15T07:15:00+00:00,-142772,5570.888
51426,2015-09-15T07:30:00+00:00,-141872,5570.917
51426,2015-09-15T07:45:00+00:00,-140972,5570.940
51426,2015-09-15T08:00:00+00:00,-140072,5570.953
51426,2015-09-15T08:15:00+00:00,-139172,5570.963
51426,2015-09-15T08:30:00+00:00,-138272,5570.965
51426,2015-09-15T08:45:00+00:00,-137372,5570.957
51426,2015-09-15T09:00:00+00:00,-136472,5570.944
51426,2015-09-15T09:15:00+00:00,-135572,5570.927
51426,2015-09-15T09:30:00+00:00,-134672,5570.901
51426,2015-09-15T09:45:00+00:00,-133772,5570.869
51426,2015-09-15T10:00:00+00:00,-132872,5570.838
51426,2015-09-15T10:15:00+00:00,-131972,5570.798
51426,2015-09-15T10:30:00+00:00,-131072,5570.756
51426,2015-09-15T10:45:00+00:00,-130172,5570.713
51426,2015-09-15T11:00:00+00:00,-129272,5570.662
51426,2015-09-15T11:15:00+00:00,-128372,5570.611
51426,2015-09-15T11:30:00+00:00,-127472,5570.562
51426,2015-09-15T11:45:00+00:00,-126572,5570.512
51426,2015-09-15T12:00:00+00:00,-125672,5570.462
51426,2015-09-15T12:15:00+00:00,-124772,5570.414
51426,2015-09-15T12:30:00+00:00,-123872,5570.366
51426,2015-09-15T12:45:00+00:00,-122972,5570.323
51426,2015-09-15T13:00:00+00:00,-122072,5570.283
51426,2015-09-15T13:15:00+00:00,-121172,5570.249
51426,2015-09-15T13:30:00+00:00,-120272,5570.217
51426,2015-09-15T13:45:00+00:00,-119372,5570.190
51426,2015-09-15T14:00:00+00:00,-118472,5570.168
51426,2015-09-15T14:15:00+00:00,-117572,5570.153
51426,2015-09-15T14:30:00+00:00,-116672,5570.144
51426,2015-09-15T14:45:00+00:00,-115772,5570.143
51426,2015-09-15T15:00:00+00:00,-114872,5570.149
51426,2015-09-15T15:15:00+00:00,-113972,5570.161
51426,2015-09-15T15:30:00+00:00,-113072,5570.180
51426,2015-09-15T15:45:00+00:00,-112172,5570.206
51426,2015-09-15T16:00:00+00:00,-111272,5570.237
51426,2015-09-15T16:15:00+00:00,-110372,5570.269
51426,2015-09-15T16:30:00+00:00,-109472,5570.308
51426,2015-09-15T16:45:00+00:00,-108572,5570.354
51426,2015-09-15T17:00:00+00:00,-107672,5570.403
51426,2015-09-15T17:15:00+00:00,-106772,5570.454
51426,2015-09-15T17:30:00+00:00,-105872,5570.506
51426,2015-09-15T17:45:00+00:00,-104972,5570.558
51426,2015-09-15T18:00:00+00:00,-104072,5570.610
51426,2015-09-15T18:15:00+00:00,-103172,5570.659
51426,2015-09-15T18:30:00+00:00,-102272,5570.707
51426,2015-09-15T18:45:00+00:00,-101372,5570.757
51426,2015-09-15T19:00:00+00:00,-100472,5570.800
51426,2015-09-15T19:15:00+00:00,-99572,5570.840
51426,2015-09-15T19:30:00+00:00,-98672,5570.875
51426,2015-09-15T19:45:00+00:00,-97772,5570.901
51426,2015-09-15T20:00:00+00:00,-96872,5570.926
51426,2015-09-15T20:15:00+00:00,-95972,5570.944
51426,2015-09-15T20:30:00+00:00,-95072,5570.956
51426,2015-09-15T20:45:00+00:00,-94172,5570.961
51426,2015-09-15T21:00:00+00:00,-93272,5570.957
51426,2015-09-15T21:15:00+00:00,-92372,5570.947
51426,2015-09-15T21:30:00+00:00,-91472,5570.929
51426,2015-09-15T21:45:00+00:00,-90572,5570.906
51426,2015-09-15T22:00:00+00:00,-89672,5570.878
51426,2015-09-15T22:15:00+00:00,-88772,5570.844
51426,2015-09-15T22:30:00+00:00,-87872,5570.808
51426,2015-09-15T22:45:00+00:00,-86972,5570.766
51426,2015-09-15T23:00:00+00:00,-86072,5570.721
51426,2015-09-15T23:15:00+00:00,-85172,5570.674
51426,2015-09-15T23:30:00+00:00,-84272,5570.624
51426,2015-09-15T23:45:00+00:00,-83372,5570.575
51426,2015-09-16T00:00:00+00:00,-82472,5570.529
51426,2015-09-16T00:15:00+00:00,-81572,5570.479
51426,2015-09-16T00:30:00+00:00,-80672,5570.431
51426,2015-09-16T00:45:00+00:00,-79772,5570.385
51426,2015-09-16T01:00:00+00:00,-78872,5570.341
51426,2015-09-16T01:15:00+00:00,-77972,5570.300
51426,2015-09-16T01:30:00+00:00,-77072,5570.264
51426,2015-09-16T01:45:00+00:00,-76172,5570.233
51426,2015-09-16T02:00:00+00:00,-75272,5570.207
51426,2015-09-16T02:15:00+00:00,-74372,5570.188
51426,2015-09-16T02:30:00+00:00,-73472,5570.176
51426,2015-09-16T02:45:00+00:00,-72572,5570.172
51426,2015-09-16T03:00:00+00:00,-71672,5570.169
51426,2015-09-16T03:15:00+00:00,-70772,5570.174
51426,2015-09-16T03:30:00+00:00,-69872,5570.185
51426,2015-09-16T03:45:00+00:00,-68972,5570.205
51426,2015-09-16T04:00:00+00:00,-68072,5570.231
51426,2015-09-16T04:15:00+00:00,-67172,5570.262
51426,2015-09-16T04:30:00+00:00,-66272,5570.301
51426,2015-09-16T04:45:00+00:00,-65372,5570.340
51426,2015-09-16T05:00:00+00:00,-64472,5570.387
51426,2015-09-16T05:15:00+00:00,-63572,5570.437
51426,2015-09-16T05:30:00+00:00,-62672,5570.493
51426,2015-09-16T05:45:00+00:00,-61772,5570.543
51426,2015-09-16T06:00:00+00:00,-60872,5570.594
51426,2015-09-16T06:15:00+00:00,-59972,5570.650
51426,2015-09-16T06:30:00+00:00,-59072,5570.700
51426,2015-09-16T06:45:00+00:00,-58172,5570.752
51426,2015-09-16T07:00:00+00:00,-57272,5570.797
51426,2015-09-16T07:15:00+00:00,-56372,5570.842
51426,2015-09-16T07:30:00+00:00,-55472,5570.883
51426,2015-09-16T07:45:00+00:00,-54572,5570.919
51426,2015-09-16T08:00:00+00:00,-53672,5570.949
51426,2015-09-16T08:15:00+00:00,-52772,5570.971
51426,2015-09-16T08:30:00+00:00,-51872,5570.989
51426,2015-09-16T08:45:00+00:00,-50972,5570.996
51426,2015-09-16T09:00:00+00:00,-50072,5570.999
51426,2015-09-16T09:15:00+00:00,-49172,5570.997
51426,2015-09-16T09:30:00+00:00,-48272,5570.988
51426,2015-09-16T09:45:00+00:00,-47372,5570.968
51426,2015-09-16T10:00:00+00:00,-46472,5570.947
51426,2015-09-16T10:15:00+00:00,-45572,5570.918
51426,2015-09-16T10:30:00+00:00,-44672,5570.883
51426,2015-09-16T10:45:00+00:00,-43772,5570.847
51426,2015-09-16T11:00:00+00:00,-42872,5570.803
51426,2015-09-16T11:15:00+00:00,-41972,5570.762
51426,2015-09-16T11:30:00+00:00,-41072,5570.713
51426,2015-09-16T11:45:00+00:00,-40172,5570.662
51426,2015-09-16T12:00:00+00:00,-39272,5570.611
51426,2015-09-16T12:15:00+00:00,-38372,5570.559
51426,2015-09-16T12:30:00+00:00,-37472,5570.510
51426,2015-09-16T12:45:00+00:00,-36572,5570.460
51426,2015-09-16T13:00:00+00:00,-35672,5570.411
51426,2015-09-16T13:15:00+00:00,-34772,5570.366
51426,2015-09-16T13:30:00+00:00,-33872,5570.325
51426,2015-09-16T13:45:00+00:00,-32972,5570.283
51426,2015-09-16T14:00:00+00:00,-32072,5570.253
51426,2015-09-16T14:15:00+00:00,-31172,5570.220
51426,2015-09-16T14:30:00+00:00,-30272,5570.200
51426,2015-09-16T14:45:00+00:00,-29372,5570.183
51426,2015-09-16T15:00:00+00:00,-28472,5570.170
51426,2015-09-16T15:15:00+00:00,-27572,5570.164
51426,2015-09-16T15:30:00+00:00,-26672,5570.170
51426,2015-09-16T15:45:00+00:00,-25772,5570.179
51426,2015-09-16T16:00:00+00:00,-24872,5570.195
51426,2015-09-16T16:15:00+00:00,-23972,5570.214
51426,2015-09-16T16:30:00+00:00,-23072,5570.244
51426,2015-09-16T16:45:00+00:00,-22172,5570.278
51426,2015-09-16T17:00:00+00:00,-21272,5570.318
51426,2015-09-16T17:15:00+00:00,-20372,5570.360
51426,2015-09-16T17:30:00+00:00,-19472,5570.405
51426,2015-09-16T17:45:00+00:00,-18572,5570.454
51426,2015-09-16T18:00:00+00:00,-17672,5570.505
51426,2015-09-16T18:15:00+00:00,-16772,5570.557
51426,2015-09-16T18:30:00+00:00,-15872,5570.608
51426,2015-09-16T18:45:00+00:00,-14972,5570.661
51426,2015-09-16T19:00:00+00:00,-14072,5570.713
51426,2015-09-16T19:15:00+00:00,-13172,5570.761
51426,2015-09-16T19:30:00+00:00,-12272,5570.807
51426,2015-09-16T19:45:00+00:00,-11372,5570.849
51426,2015-09-16T20:00:00+00:00,-10472,5570.886
51426,2015-09-16T20:15:00+00:00,-9572,5570.917
51426,2015-09-16T20:30:00+00:00,-8672,5570.943
51426,2015-09-16T20:45:00+00:00,-7772,5570.963
51426,2015-09-16T21:00:00+00:00,-6872,5570.978
51426,2015-09-16T21:15:00+00:00,-5972,5570.983
51426,2015-09-16T21:30:00+00:00,-5072,5570.982
51426,2015-09-16T21:45:00+00:00,-4172,5570.974
