station_id,timestamp_utc,seconds_from_origin,height_m
32402,2015-08-17T23:00:00+00:00,-2591672,4053.849
32402,2015-08-17T23:15:00+00:00,-2590772,4053.879
32402,2015-08-17T23:30:00+00:00,-2589872,4053.917
32402,2015-08-17T23:45:00+00:00,-2588972,4053.960
32402,2015-08-18T00:00:00+00:00,-2588072,4054.007
32402,2015-08-18T00:15:00+00:00,-2587172,4054.058
32402,2015-08-18T00:30:00+00:00,-2586272,4054.107
32402,2015-08-18T00:45:00+00:00,-2585372,4054.158
32402,2015-08-18T01:00:00+00:00,-2584472,4054.211
32402,2015-08-18T01:15:00+00:00,-2583572,4054.265
32402,2015-08-18T01:30:00+00:00,-2582672,4054.317
32402,2015-08-18T01:45:00+00:00,-2581772,4054.362
32402,2015-08-18T02:00:00+00:00,-2580872,4054.410
32402,2015-08-18T02:15:00+00:00,-2579972,4054.453
32402,2015-08-18T02:30:00+00:00,-2579072,4054.491
32402,2015-08-18T02:45:00+00:00,-2578172,4054.520
32402,2015-08-18T03:00:00+00:00,-2577272,4054.550
32402,2015-08-18T03:15:00+00:00,-2576372,4054.571
32402,2015-08-18T03:30:00+00:00,-2575472,4054.584
32402,2015-08-18T03:45:00+00:00,-2574572,4054.592
32402,2015-08-18T04:00:00+00:00,-2573672,4054.591
32402,2015-08-18T04:15:00+00:00,-2572772,4054.584
32402,2015-08-18T04:30:00+00:00,-2571872,4054.574
32402,2015-08-18T04:45:00+00:00,-2570972,4054.552
32402,2015-08-18T05:00:00+00:00,-2570072,4054.524
32402,2015-08-18T05:15:00+00:00,-2569172,4054.496
32402,2015-08-18T05:30:00+00:00,-2568272,4054.463
32402,2015-08-18T05:45:00+00:00,-2567372,4054.426
32402,2015-08-18T06:00:00+00:00,-2566472,4054.390
32402,2015-08-18T06:15:00+00:00,-2565572,4054.344
32402,2015-08-18T06:30:00+00:00,-2564672,4054.300
32402,2015-08-18T06:45:00+00:00,-2563772,4054.256
32402,2015-08-18T07:00:00+00:00,-2562872,4054.207
32402,2015-08-18T07:15:00+00:00,-2561972,4054.165
32402,2015-08-18T07:30:00+00:00,-2561072,4054.124
32402,2015-08-18T07:45:00+00:00,-2560172,4054.081
32402,2015-08-18T08:00:00+00:00,-2559272,4054.042
32402,2015-08-18T08:15:00+00:00,-2558372,4054.010
32402,2015-08-18T08:30:00+00:00,-2557472,4053.980
32402,2015-08-18T08:45:00+00:00,-2556572,4053.955
32402,2015-08-18T09:00:00+00:00,-2555672,4053.937
32402,2015-08-18T09:15:00+00:00,-2554772,4053.922
32402,2015-08-18T09:30:00+00:00,-2553872,4053.913
32402,2015-08-18T09:45:00+00:00,-2552972,4053.912
32402,2015-08-18T10:00:00+00:00,-2552072,4053.918
32402,2015-08-18T10:15:00+00:00,-2551172,4053.931
32402,2015-08-18T10:30:00+00:00,-2550272,4053.951
32402,2015-08-18T10:45:00+00:00,-2549372,4053.977
32402,2015-08-18T11:00:00+00:00,-2548472,4054.002
32402,2015-08-18T11:15:00+00:00,-2547572,4054.035
32402,2015-08-18T11:30:00+00:00,-2546672,4054.072
32402,2015-08-18T11:45:00+00:00,-2545772,4054.112
32402,2015-08-18T12:00:00+00:00,-2544872,4054.160
32402,2015-08-18T12:15:00+00:00,-2543972,4054.203
32402,2015-08-18T12:30:00+00:00,-2543072,4054.251
32402,2015-08-18T12:45:00+00:00,-2542172,4054.302
32402,2015-08-18T13:00:00+00:00,-2541272,4054.358
32402,2015-08-18T13:15:00+00:00,-2540372,4054.410
32402,2015-08-18T13:30:00+00:00,-2539472,4054.466
32402,2015-08-18T13:45:00+00:00,-2538572,4054.515
32402,2015-08-18T14:00:00+00:00,-2537672,4054.557
32402,2015-08-18T14:15:00+00:00,-2536772,4054.602
32402,2015-08-18T14:30:00+00:00,-2535872,4054.640
32402,2015-08-18T14:45:00+00:00,-2534972,4054.673
32402,2015-08-18T15:00:00+00:00,-2534072,4054.701
32402,2015-08-18T15:15:00+00:00,-2533172,4054.720
32402,2015-08-18T15:30:00+00:00,-2532272,4054.731
32402,2015-08-18T15:45:00+00:00,-2531372,4054.735
32402,2015-08-18T16:00:00+00:00,-2530472,4054.737
32402,2015-08-18T16:15:00+00:00,-2529572,4054.731
32402,2015-08-18T16:30:00+00:00,-2528672,4054.716
32402,2015-08-18T16:45:00+00:00,-2527772,4054.697
32402,2015-08-18T17:00:00+00:00,-2526872,4054.669
32402,2015-08-18T17:15:00+00:00,-2525972,4054.635
32402,2015-08-18T17:30:00+00:00,-2525072,4054.601
32402,2015-08-18T17:45:00+00:00,-2524172,4054.558
32402,2015-08-18T18:00:00+00:00,-2523272,4054.511
32402,2015-08-18T18:15:00+00:00,-2522372,4054.458
32402,2015-08-18T18:30:00+00:00,-2521472,4054.405
32402,2015-08-18T18:45:00+00:00,-2520572,4054.353
32402,2015-08-18T19:00:00+00:00,-2519672,4054.299
32402,2015-08-18T19:15:00+00:00,-2518772,4054.248
32402,2015-08-18T19:30:00+00:00,-2517872,4054.189
32402,2015-08-18T19:45:00+00:00,-2516972,4054.138
32402,2015-08-18T20:00:00+00:00,-2516072,4054.087
32402,2015-08-18T20:15:00+00:00,-2515172,4054.038
32402,2015-08-18T20:30:00+00:00,-2514272,4053.995
32402,2015-08-18T20:45:00+00:00,-2513372,4053.955
32402,2015-08-18T21:00:00+00:00,-2512472,4053.922
32402,2015-08-18T21:15:00+00:00,-2511572,4053.891
32402,2015-08-18T21:30:00+00:00,-2510672,4053.863
32402,2015-08-18T21:45:00+00:00,-2509772,4053.844
32402,2015-08-18T22:00:00+00:00,-2508872,4053.831
32402,2015-08-18T22:15:00+00:00,-2507972,4053.826
32402,2015-08-18T22:30:00+00:00,-2507072,4053.825
32402,2015-08-18T22:45:00+00:00,-2506172,4053.828
32402,2015-08-18T23:00:00+00:00,-2505272,4053.840
32402,2015-08-18T23:15:00+00:00,-2504372,4053.854
32402,2015-08-18T23:30:00+00:00,-2503472,4053.876
32402,2015-08-18T23:45:00+00:00,-2502572,4053.907
32402,2015-08-19T00:00:00+00:00,-2501672,4053.942
32402,2015-08-19T00:15:00+00:00,-2500772,4053.978
32402,2015-08-19T00:30:00+00:00,-2499872,4054.018
32402,2015-08-19T00:45:00+00:00,-2498972,4054.060
32402,2015-08-19T01:00:00+00:00,-2498072,4054.106
32402,2015-08-19T01:15:00+00:00,-2497172,4054.151
32402,2015-08-19T01:30:00+00:00,-2496272,4054.199
32402,2015-08-19T01:45:00+00:00,-2495372,4054.250
32402,2015-08-19T02:00:00+00:00,-2494472,4054.299
32402,2015-08-19T02:15:00+00:00,-2493572,4054.342
32402,2015-08-19T02:30:00+00:00,-2492672,4054.384
32402,2015-08-19T02:45:00+00:00,-2491772,4054.424
32402,2015-08-19T03:00:00+00:00,-2490872,4054.459
32402,2015-08-19T03:15:00+00:00,-2489972,4054.492
32402,2015-08-19T03:30:00+00:00,-2489072,4054.515
32402,2015-08-19T03:45:00+00:00,-2488172,4054.532
32402,2015-08-19T04:00:00+00:00,-2487272,4054.549
32402,2015-08-19T04:15:00+00:00,-2486372,4054.558
32402,2015-08-19T04:30:00+00:00,-2485472,4054.558
32402,2015-08-19T04:45:00+00:00,-2484572,4054.549
32402,2015-08-19T05:00:00+00:00,-2483672,4054.539
32402,2015-08-19T05:15:00+00:00,-2482772,4054.525
32402,2015-08-19T05:30:00+00:00,-2481872,4054.504
32402,2015-08-19T05:45:00+00:00,-2480972,4054.477
32402,2015-08-19T06:00:00+00:00,-2480072,4054.451
32402,2015-08-19T06:15:00+00:00,-2479172,4054.420
32402,2015-08-19T06:30:00+00:00,-2478272,4054.379
32402,2015-08-19T06:45:00+00:00,-2477372,4054.342
32402,2015-08-19T07:00:00+00:00,-2476472,4054.301
32402,2015-08-19T07:15:00+00:00,-2475572,4054.259
32402,2015-08-19T07:30:00+00:00,-2474672,4054.221
32402,2015-08-19T07:45:00+00:00,-2473772,4054.180
32402,2015-08-19T08:00:00+00:00,-2472872,4054.136
32402,2015-08-19T08:15:00+00:00,-2471972,4054.100
32402,2015-08-19T08:30:00+00:00,-2471072,4054.070
32402,2015-08-19T08:45:00+00:00,-2470172,4054.033
32402,2015-08-19T09:00:00+00:00,-2469272,4054.004
32402,2015-08-19T09:15:00+00:00,-2468372,4053.978
32402,2015-08-19T09:30:00+00:00,-2467472,4053.958
32402,2015-08-19T09:45:00+00:00,-2466572,4053.946
32402,2015-08-19T10:00:00+00:00,-2465672,4053.934
32402,2015-08-19T10:15:00+00:00,-2464772,4053.929
32402,2015-08-19T10:30:00+00:00,-2463872,4053.936
32402,2015-08-19T10:45:00+00:00,-2462972,4053.939
32402,2015-08-19T11:00:00+00:00,-2462072,4053.955
32402,2015-08-19T11:15:00+00:00,-2461172,4053.972
32402,2015-08-19T11:30:00+00:00,-2460272,4053.997
32402,2015-08-19T11:45:00+00:00,-2459372,4054.028
32402,2015-08-19T12:00:00+00:00,-2458472,4054.056
32402,2015-08-19T12:15:00+00:00,-2457572,4054.090
32402,2015-08-19T12:30:00+00:00,-2456672,4054.126
32402,2015-08-19T12:45:00+00:00,-2455772,4054.170
32402,2015-08-19T13:00:00+00:00,-2454872,4054.212
32402,2015-08-19T13:15:00+00:00,-2453972,4054.256
32402,2015-08-19T13:30:00+00:00,-2453072,4054.303
32402,2015-08-19T13:45:00+00:00,-2452172,4054.347
32402,2015-08-19T14:00:00+00:00,-2451272,4054.389
32402,2015-08-19T14:15:00+00:00,-2450372,4054.432
32402,2015-08-19T14:30:00+00:00,-2449472,4054.472
32402,2015-08-19T14:45:00+00:00,-2448572,4054.508
32402,2015-08-19T15:00:00+00:00,-2447672,4054.538
32402,2015-08-19T15:15:00+00:00,-2446772,4054.566
32402,2015-08-19T15:30:00+00:00,-2445872,4054.592
32402,2015-08-19T15:45:00+00:00,-2444972,4054.607
32402,2015-08-19T16:00:00+00:00,-2444072,4054.616
32402,2015-08-19T16:15:00+00:00,-2443172,4054.620
32402,2015-08-19T16:30:00+00:00,-2442272,4054.621
32402,2015-08-19T16:45:00+00:00,-2441372,4054.616
32402,2015-08-19T17:00:00+00:00,-2440472,4054.605
32402,2015-08-19T17:15:00+00:00,-2439572,4054.591
32402,2015-08-19T17:30:00+00:00,-2438672,4054.568
32402,2015-08-19T17:45:00+00:00,-2437772,4054.538
32402,2015-08-19T18:00:00+00:00,-2436872,4054.508
32402,2015-08-19T18:15:00+00:00,-2435972,4054.471
32402,2015-08-19T18:30:00+00:00,-2435072,4054.435
32402,2015-08-19T18:45:00+00:00,-2434172,4054.392
32402,2015-08-19T19:00:00+00:00,-2433272,4054.351
32402,2015-08-19T19:15:00+00:00,-2432372,4054.303
32402,2015-08-19T19:30:00+00:00,-2431472,4054.259
32402,2015-08-19T19:45:00+00:00,-2430572,4054.211
32402,2015-08-19T20:00:00+00:00,-2429672,4054.169
32402,2015-08-19T20:15:00+00:00,-2428772,4054.123
32402,2015-08-19T20:30:00+00:00,-2427872,4054.085
32402,2015-08-19T20:45:00+00:00,-2426972,4054.039
32402,2015-08-19T21:00:00+00:00,-2426072,4054.006
32402,2015-08-19T21:15:00+00:00,-2425172,4053.972
32402,2015-08-19T21:30:00+00:00,-2424272,4053.943
32402,2015-08-19T21:45:00+00:00,-2423372,4053.918
32402,2015-08-19T22:00:00+00:00,-2422472,4053.901
32402,2015-08-19T22:15:00+00:00,-2421572,4053.884
32402,2015-08-19T22:30:00+00:00,-2420672,4053.873
32402,2015-08-19T22:45:00+00:00,-2419772,4053.868
32402,2015-08-19T23:00:00+00:00,-2418872,4053.866
32402,2015-08-19T23:15:00+00:00,-2417972,4053.872
32402,2015-08-19T23:30:00+00:00,-2417072,4053.881
32402,2015-08-19T23:45:00+00:00,-2416172,4053.901
32402,2015-08-20T00:00:00+00:00,-2415272,4053.923
32402,2015-08-20T00:15:00+00:00,-2414372,4053.947
32402,2015-08-20T00:30:00+00:00,-2413472,4053.976
32402,2015-08-20T00:45:00+00:00,-2412572,4054.013
32402,2015-08-20T01:00:00+00:00,-2411672,4054.049
32402,2015-08-20T01:15:00+00:00,-2410772,4054.091
32402,2015-08-20T01:30:00+00:00,-2409872,4054.133
32402,2015-08-20T01:45:00+00:00,-2408972,4054.176
32402,2015-08-20T02:00:00+00:00,-2408072,4054.216
32402,2015-08-20T02:15:00+00:00,-2407172,4054.259
32402,2015-08-20T02:30:00+00:00,-2406272,4054.304
32402,2015-08-20T02:45:00+00:00,-2405372,4054.344
32402,2015-08-20T03:00:00+00:00,-2404472,4054.387
32402,2015-08-20T03:15:00+00:00,-2403572,4054.422
32402,2015-08-20T03:30:00+00:00,-2402672,4054.455
32402,2015-08-20T03:45:00+00:00,-2401772,4054.482
32402,2015-08-20T04:00:00+00:00,-2400872,4054.507
32402,2015-08-20T04:15:00+00:00,-2399972,4054.527
32402,2015-08-20T04:30:00+00:00,-2399072,4054.543
32402,2015-08-20T04:45:00+00:00,-2398172,4054.550
32402,2015-08-20T05:00:00+00:00,-2397272,4054.555
32402,2015-08-20T05:15:00+00:00,-2396372,4054.553
32402,2015-08-20T05:30:00+00:00,-2395472,4054.548
32402,2015-08-20T05:45:00+00:00,-2394572,4054.535
32402,2015-08-20T06:00:00+00:00,-2393672,4054.518
32402,2015-08-20T06:15:00+00:00,-2392772,4054.497
32402,2015-08-20T06:30:00+00:00,-2391872,4054.476
32402,2015-08-20T06:45:00+00:00,-2390972,4054.447
32402,2015-08-20T07:00:00+00:00,-2390072,4054.418
32402,2015-08-20T07:15:00+00:00,-2389172,4054.382
32402,2015-08-20T07:30:00+00:00,-2388272,4054.347
32402,2015-08-20T07:45:00+00:00,-2387372,4054.311
32402,2015-08-20T08:00:00+00:00,-2386472,4054.272
32402,2015-08-20T08:15:00+00:00,-2385572,4054.236
32402,2015-08-20T08:30:00+00:00,-2384672,4054.203
32402,2015-08-20T08:45:00+00:00,-2383772,4054.170
32402,2015-08-20T09:00:00+00:00,-2382872,4054.139
32402,2015-08-20T09:15:00+00:00,-2381972,4054.111
32402,2015-08-20T09:30:00+00:00,-2381072,4054.084
32402,2015-08-20T09:45:00+00:00,-2380172,4054.061
32402,2015-08-20T10:00:00+00:00,-2379272,4054.040
32402,2015-08-20T10:15:00+00:00,-2378372,4054.028
32402,2015-08-20T10:30:00+00:00,-2377472,4054.015
32402,2015-08-20T10:45:00+00:00,-2376572,4054.014
32402,2015-08-20T11:00:00+00:00,-2375672,4054.010
32402,2015-08-20T11:15:00+00:00,-2374772,4054.013
32402,2015-08-20T11:30:00+00:00,-2373872,4054.024
32402,2015-08-20T11:45:00+00:00,-2372972,4054.035
32402,2015-08-20T12:00:00+00:00,-2372072,4054.054
32402,2015-08-20T12:15:00+00:00,-2371172,4054.072
32402,2015-08-20T12:30:00+00:00,-2370272,4054.095
32402,2015-08-20T12:45:00+00:00,-2369372,4054.122
32402,2015-08-20T13:00:00+00:00,-2368472,4054.153
32402,2015-08-20T13:15:00+00:00,-2367572,4054.189
32402,2015-08-20T13:30:00+00:00,-2366672,4054.226
32402,2015-08-20T13:45:00+00:00,-2365772,4054.258
32402,2015-08-20T14:00:00+00:00,-2364872,4054.297
32402,2015-08-20T14:15:00+00:00,-2363972,4054.335
32402,2015-08-20T14:30:00+00:00,-2363072,4054.371
32402,2015-08-20T14:45:00+00:00,-2362172,4054.403
32402,2015-08-20T15:00:00+00:00,-2361272,4054.436
32402,2015-08-20T15:15:00+00:00,-2360372,4054.463
32402,2015-08-20T15:30:00+00:00,-2359472,4054.487
32402,2015-08-20T15:45:00+00:00,-2358572,4054.509
32402,2015-08-20T16:00:00+00:00,-2357672,4054.527
32402,2015-08-20T16:15:00+00:00,-2356772,4054.538
32402,2015-08-20T16:30:00+00:00,-2355872,4054.546
32402,2015-08-20T16:45:00+00:00,-2354972,4054.549
32402,2015-08-20T17:00:00+00:00,-2354072,4054.551
32402,2015-08-20T17:15:00+00:00,-2353172,4054.550
32402,2015-08-20T17:30:00+00:00,-2352272,4054.540
32402,2015-08-20T17:45:00+00:00,-2351372,4054.527
32402,2015-08-20T18:00:00+00:00,-2350472,4054.507
32402,2015-08-20T18:15:00+00:00,-2349572,4054.482
32402,2015-08-20T18:30:00+00:00,-2348672,4054.454
32402,2015-08-20T18:45:00+00:00,-2347772,4054.422
32402,2015-08-20T19:00:00+00:00,-2346872,4054.390
32402,2015-08-20T19:15:00+00:00,-2345972,4054.354
32402,2015-08-20T19:30:00+00:00,-2345072,4054.318
32402,2015-08-20T19:45:00+00:00,-2344172,4054.285
32402,2015-08-20T20:00:00+00:00,-2343272,4054.244
32402,2015-08-20T20:15:00+00:00,-2342372,4054.208
32402,2015-08-20T20:30:00+00:00,-2341472,4054.167
32402,2015-08-20T20:45:00+00:00,-2340572,4054.133
32402,2015-08-20T21:00:00+00:00,-2339672,4054.093
32402,2015-08-20T21:15:00+00:00,-2338772,4054.059
32402,2015-08-20T21:30:00+00:00,-2337872,4054.025
32402,2015-08-20T21:45:00+00:00,-2336972,4053.996
32402,2015-08-20T22:00:00+00:00,-2336072,4053.970
32402,2015-08-20T22:15:00+00:00,-2335172,4053.950
32402,2015-08-20T22:30:00+00:00,-2334272,4053.934
32402,2015-08-20T22:45:00+00:00,-2333372,4053.921
32402,2015-08-20T23:00:00+00:00,-2332472,4053.915
32402,2015-08-20T23:15:00+00:00,-2331572,4053.910
32402,2015-08-20T23:30:00+00:00,-2330672,4053.911
32402,2015-08-20T23:45:00+00:00,-2329772,4053.915
32402,2015-08-21T00:00:00+00:00,-2328872,4053.928
32402,2015-08-21T00:15:00+00:00,-2327972,4053.941
32402,2015-08-21T00:30:00+00:00,-2327072,4053.959
32402,2015-08-21T00:45:00+00:00,-2326172,4053.978
32402,2015-08-21T01:00:00+00:00,-2325272,4054.005
32402,2015-08-21T01:15:00+00:00,-2324372,4054.033
32402,2015-08-21T01:30:00+00:00,-2323472,4054.065
32402,2015-08-21T01:45:00+00:00,-2322572,4054.100
32402,2015-08-21T02:00:00+00:00,-2321672,4054.141
32402,2015-08-21T02:15:00+00:00,-2320772,4054.183
32402,2015-08-21T02:30:00+00:00,-2319872,4054.219
32402,2015-08-21T02:45:00+00:00,-2318972,4054.261
32402,2015-08-21T03:00:00+00:00,-2318072,4054.299
32402,2015-08-21T03:15:00+00:00,-2317172,4054.339
32402,2015-08-21T03:30:00+00:00,-2316272,4054.377
32402,2015-08-21T03:45:00+00:00,-2315372,4054.411
32402,2015-08-21T04:00:00+00:00,-2314472,4054.442
32402,2015-08-21T04:15:00+00:00,-2313572,4054.473
32402,2015-08-21T04:30:00+00:00,-2312672,4054.497
32402,2015-08-21T04:45:00+00:00,-2311772,4054.517
32402,2015-08-21T05:00:00+00:00,-2310872,4054.531
32402,2015-08-21T05:15:00+00:00,-2309972,4054.544
32402,2015-08-21T05:30:00+00:00,-2309072,4054.547
32402,2015-08-21T05:45:00+00:00,-2308172,4054.548
32402,2015-08-21T06:00:00+00:00,-2307272,4054.545
32402,2015-08-21T06:15:00+00:00,-2306372,4054.539
32402,2015-08-21T06:30:00+00:00,-2305472,4054.529
32402,2015-08-21T06:45:00+00:00,-2304572,4054.512
32402,2015-08-21T07:00:00+00:00,-2303672,4054.493
32402,2015-08-21T07:15:00+00:00,-2302772,4054.473
32402,2015-08-21T07:30:00+00:00,-2301872,4054.447
32402,2015-08-21T07:45:00+00:00,-2300972,4054.418
32402,2015-08-21T08:00:00+00:00,-2300072,4054.387
32402,2015-08-21T08:15:00+00:00,-2299172,4054.356
32402,2015-08-21T08:30:00+00:00,-2298272,4054.321
32402,2015-08-21T08:45:00+00:00,-2297372,4054.286
32402,2015-08-21T09:00:00+00:00,-2296472,4054.256
32402,2015-08-21T09:15:00+00:00,-2295572,4054.230
32402,2015-08-21T09:30:00+00:00,-2294672,4054.200
32402,2015-08-21T09:45:00+00:00,-2293772,4054.174
32402,2015-08-21T10:00:00+00:00,-2292872,4054.147
32402,2015-08-21T10:15:00+00:00,-2291972,4054.125
32402,2015-08-21T10:30:00+00:00,-2291072,4054.108
32402,2015-08-21T10:45:00+00:00,-2290172,4054.092
32402,2015-08-21T11:00:00+00:00,-2289272,4054.081
32402,2015-08-21T11:15:00+00:00,-2288372,4054.072
32402,2015-08-21T11:30:00+00:00,-2287472,4054.069
32402,2015-08-21T11:45:00+00:00,-2286572,4054.067
32402,2015-08-21T12:00:00+00:00,-2285672,4054.067
32402,2015-08-21T12:15:00+00:00,-2284772,4054.070
32402,2015-08-21T12:30:00+00:00,-2283872,4054.083
32402,2015-08-21T12:45:00+00:00,-2282972,4054.094
32402,2015-08-21T13:00:00+00:00,-2282072,4054.110
32402,2015-08-21T13:15:00+00:00,-2281172,4054.132
32402,2015-08-21T13:30:00+00:00,-2280272,4054.158
32402,2015-08-21T13:45:00+00:00,-2279372,4054.184
32402,2015-08-21T14:00:00+00:00,-2278472,4054.212
32402,2015-08-21T14:15:00+00:00,-2277572,4054.238
32402,2015-08-21T14:30:00+00:00,-2276672,4054.268
32402,2015-08-21T14:45:00+00:00,-2275772,4054.298
32402,2015-08-21T15:00:00+00:00,-2274872,4054.323
32402,2015-08-21T15:15:00+00:00,-2273972,4054.346
32402,2015-08-21T15:30:00+00:00,-2273072,4054.368
32402,2015-08-21T15:45:00+00:00,-2272172,4054.390
32402,2015-08-21T16:00:00+00:00,-2271272,4054.409
32402,2015-08-21T16:15:00+00:00,-2270372,4054.428
32402,2015-08-21T16:30:00+00:00,-2269472,4054.440
32402,2015-08-21T16:45:00+00:00,-2268572,4054.455
32402,2015-08-21T17:00:00+00:00,-2267672,4054.465
32402,2015-08-21T17:15:00+00:00,-2266772,4054.470
32402,2015-08-21T17:30:00+00:00,-2265872,4054.468
32402,2015-08-21T17:45:00+00:00,-2264972,4054.470
32402,2015-08-21T18:00:00+00:00,-2264072,4054.466
32402,2015-08-21T18:15:00+00:00,-2263172,4054.454
32402,2015-08-21T18:30:00+00:00,-2262272,4054.442
32402,2015-08-21T18:45:00+00:00,-2261372,4054.426
32402,2015-08-21T19:00:00+00:00,-2260472,4054.406
32402,2015-08-21T19:15:00+00:00,-2259572,4054.385
32402,2015-08-21T19:30:00+00:00,-2258672,4054.358
32402,2015-08-21T19:45:00+00:00,-2257772,4054.333
32402,2015-08-21T20:00:00+00:00,-2256872,4054.304
32402,2015-08-21T20:15:00+00:00,-2255972,4054.275
32402,2015-08-21T20:30:00+00:00,-2255072,4054.246
32402,2015-08-21T20:45:00+00:00,-2254172,4054.215
32402,2015-08-21T21:00:00+00:00,-2253272,4054.186
32402,2015-08-21T21:15:00+00:00,-2252372,4054.154
32402,2015-08-21T21:30:00+00:00,-2251472,4054.125
32402,2015-08-21T21:45:00+00:00,-2250572,4054.095
32402,2015-08-21T22:00:00+00:00,-2249672,4054.065
32402,2015-08-21T22:15:00+00:00,-2248772,4054.044
32402,2015-08-21T22:30:00+00:00,-2247872,4054.020
32402,2015-08-21T22:45:00+00:00,-2246972,4054.000
32402,2015-08-21T23:00:00+00:00,-2246072,4053.988
32402,2015-08-21T23:15:00+00:00,-2245172,4053.976
32402,2015-08-21T23:30:00+00:00,-2244272,4053.968
32402,2015-08-21T23:45:00+00:00,-2243372,4053.965
32402,2015-08-22T00:00:00+00:00,-2242472,4053.970
32402,2015-08-22T00:15:00+00:00,-2241572,4053.972
32402,2015-08-22T00:30:00+00:00,-2240672,4053.980
32402,2015-08-22T00:45:00+00:00,-2239772,4053.990
32402,2015-08-22T01:00:00+00:00,-2238872,4054.002
32402,2015-08-22T01:15:00+00:00,-2237972,4054.017
32402,2015-08-22T01:30:00+00:00,-2237072,4054.035
32402,2015-08-22T01:45:00+00:00,-2236172,4054.058
32402,2015-08-22T02:00:00+00:00,-2235272,4054.085
32402,2015-08-22T02:15:00+00:00,-2234372,4054.114
32402,2015-08-22T02:30:00+00:00,-2233472,4054.145
32402,2015-08-22T02:45:00+00:00,-2232572,4054.182
32402,2015-08-22T03:00:00+00:00,-2231672,4054.216
32402,2015-08-22T03:15:00+00:00,-2230772,4054.254
32402,2015-08-22T03:30:00+00:00,-2229872,4054.289
32402,2015-08-22T03:45:00+00:00,-2228972,4054.322
32402,2015-08-22T04:00:00+00:00,-2228072,4054.357
32402,2015-08-22T04:15:00+00:00,-2227172,4054.387
32402,2015-08-22T04:30:00+00:00,-2226272,4054.416
32402,2015-08-22T04:45:00+00:00,-2225372,4054.442
32402,2015-08-22T05:00:00+00:00,-2224472,4054.469
32402,2015-08-22T05:15:00+00:00,-2223572,4054.489
32402,2015-08-22T05:30:00+00:00,-2222672,4054.511
32402,2015-08-22T05:45:00+00:00,-2221772,4054.524
32402,2015-08-22T06:00:00+00:00,-2220872,4054.536
32402,2015-08-22T06:15:00+00:00,-2219972,4054.542
32402,2015-08-22T06:30:00+00:00,-2219072,4054.545
32402,2015-08-22T06:45:00+00:00,-2218172,4054.543
32402,2015-08-22T07:00:00+00:00,-2217272,4054.540
32402,2015-08-22T07:15:00+00:00,-2216372,4054.529
32402,2015-08-22T07:30:00+00:00,-2215472,4054.521
32402,2015-08-22T07:45:00+00:00,-2214572,4054.509
32402,2015-08-22T08:00:00+00:00,-2213672,4054.493
32402,2015-08-22T08:15:00+00:00,-2212772,4054.474
32402,2015-08-22T08:30:00+00:00,-2211872,4054.451
32402,2015-08-22T08:45:00+00:00,-2210972,4054.426
32402,2015-08-22T09:00:00+00:00,-2210072,4054.403
32402,2015-08-22T09:15:00+00:00,-2209172,4054.374
32402,2015-08-22T09:30:00+00:00,-2208272,4054.348
32402,2015-08-22T09:45:00+00:00,-2207372,4054.323
32402,2015-08-22T10:00:00+00:00,-2206472,4054.295
32402,2015-08-22T10:15:00+00:00,-2205572,4054.268
32402,2015-08-22T10:30:00+00:00,-2204672,4054.243
32402,2015-08-22T10:45:00+00:00,-2203772,4054.222
32402,2015-08-22T11:00:00+00:00,-2202872,4054.202
32402,2015-08-22T11:15:00+00:00,-2201972,4054.184
32402,2015-08-22T11:30:00+00:00,-2201072,4054.169
32402,2015-08-22T11:45:00+00:00,-2200172,4054.157
32402,2015-08-22T12:00:00+00:00,-2199272,4054.148
32402,2015-08-22T12:15:00+00:00,-2198372,4054.141
32402,2015-08-22T12:30:00+00:00,-2197472,4054.138
32402,2015-08-22T12:45:00+00:00,-2196572,4054.133
32402,2015-08-22T13:00:00+00:00,-2195672,4054.136
32402,2015-08-22T13:15:00+00:00,-2194772,4054.140
32402,2015-08-22T13:30:00+00:00,-2193872,4054.147
32402,2015-08-22T13:45:00+00:00,-2192972,4054.156
32402,2015-08-22T14:00:00+00:00,-2192072,4054.170
32402,2015-08-22T14:15:00+00:00,-2191172,4054.185
32402,2015-08-22T14:30:00+00:00,-2190272,4054.200
32402,2015-08-22T14:45:00+00:00,-2189372,4054.219
32402,2015-08-22T15:00:00+00:00,-2188472,4054.237
32402,2015-08-22T15:15:00+00:00,-2187572,4054.255
32402,2015-08-22T15:30:00+00:00,-2186672,4054.274
32402,2015-08-22T15:45:00+00:00,-2185772,4054.292
32402,2015-08-22T16:00:00+00:00,-2184872,4054.308
32402,2015-08-22T16:15:00+00:00,-2183972,4054.322
32402,2015-08-22T16:30:00+00:00,-2183072,4054.338
32402,2015-08-22T16:45:00+00:00,-2182172,4054.352
32402,2015-08-22T17:00:00+00:00,-2181272,4054.364
32402,2015-08-22T17:15:00+00:00,-2180372,4054.375
32402,2015-08-22T17:30:00+00:00,-2179472,4054.382
32402,2015-08-22T17:45:00+00:00,-2178572,4054.388
32402,2015-08-22T18:00:00+00:00,-2177672,4054.392
32402,2015-08-22T18:15:00+00:00,-2176772,4054.392
32402,2015-08-22T18:30:00+00:00,-2175872,4054.390
32402,2015-08-22T18:45:00+00:00,-2174972,4054.384
32402,2015-08-22T19:00:00+00:00,-2174072,4054.379
32402,2015-08-22T19:15:00+00:00,-2173172,4054.372
32402,2015-08-22T19:30:00+00:00,-2172272,4054.358
32402,2015-08-22T19:45:00+00:00,-2171372,4054.342
32402,2015-08-22T20:00:00+00:00,-2170472,4054.328
32402,2015-08-22T20:15:00+00:00,-2169572,4054.307
32402,2015-08-22T20:30:00+00:00,-2168672,4054.288
32402,2015-08-22T20:45:00+00:00,-2167772,4054.268
32402,2015-08-22T21:00:00+00:00,-2166872,4054.247
32402,2015-08-22T21:15:00+00:00,-2165972,4054.223
32402,2015-08-22T21:30:00+00:00,-2165072,4054.200
32402,2015-08-22T21:45:00+00:00,-2164172,4054.175
32402,2015-08-22T22:00:00+00:00,-2163272,4054.150
32402,2015-08-22T22:15:00+00:00,-2162372,4054.130
32402,2015-08-22T22:30:00+00:00,-2161472,4054.110
32402,2015-08-22T22:45:00+00:00,-2160572,4054.093
32402,2015-08-22T23:00:00+00:00,-2159672,4054.072
32402,2015-08-22T23:15:00+00:00,-2158772,4054.054
32402,2015-08-22T23:30:00+00:00,-2157872,4054.038
32402,2015-08-22T23:45:00+00:00,-2156972,4054.027
32402,2015-08-23T00:00:00+00:00,-2156072,4054.018
32402,2015-08-23T00:15:00+00:00,-2155172,4054.011
32402,2015-08-23T00:30:00+00:00,-2154272,4054.008
32402,2015-08-23T00:45:00+00:00,-2153372,4054.009
32402,2015-08-23T01:00:00+00:00,-2152472,4054.011
32402,2015-08-23T01:15:00+00:00,-2151572,4054.016
32402,2015-08-23T01:30:00+00:00,-2150672,4054.023
32402,2015-08-23T01:45:00+00:00,-2149772,4054.032
32402,2015-08-23T02:00:00+00:00,-2148872,4054.044
32402,2015-08-23T02:15:00+00:00,-2147972,4054.060
32402,2015-08-23T02:30:00+00:00,-2147072,4054.083
32402,2015-08-23T02:45:00+00:00,-2146172,4054.104
32402,2015-08-23T03:00:00+00:00,-2145272,4054.130
32402,2015-08-23T03:15:00+00:00,-2144372,4054.155
32402,2015-08-23T03:30:00+00:00,-2143472,4054.186
32402,2015-08-23T03:45:00+00:00,-2142572,4054.216
32402,2015-08-23T04:00:00+00:00,-2141672,4054.245
32402,2015-08-23T04:15:00+00:00,-2140772,4054.276
32402,2015-08-23T04:30:00+00:00,-2139872,4054.306
32402,2015-08-23T04:45:00+00:00,-2138972,4054.336
32402,2015-08-23T05:00:00+00:00,-2138072,4054.367
32402,2015-08-23T05:15:00+00:00,-2137172,4054.398
32402,2015-08-23T05:30:00+00:00,-2136272,4054.422
32402,2015-08-23T05:45:00+00:00,-2135372,4054.447
32402,2015-08-23T06:00:00+00:00,-2134472,4054.472
32402,2015-08-23T06:15:00+00:00,-2133572,4054.490
32402,2015-08-23T06:30:00+00:00,-2132672,4054.507
32402,2015-08-23T06:45:00+00:00,-2131772,4054.522
32402,2015-08-23T07:00:00+00:00,-2130872,4054.530
32402,2015-08-23T07:15:00+00:00,-2129972,4054.539
32402,2015-08-23T07:30:00+00:00,-2129072,4054.543
32402,2015-08-23T07:45:00+00:00,-2128172,4054.544
32402,2015-08-23T08:00:00+00:00,-2127272,4054.538
32402,2015-08-23T08:15:00+00:00,-2126372,4054.533
32402,2015-08-23T08:30:00+00:00,-2125472,4054.523
32402,2015-08-23T08:45:00+00:00,-2124572,4054.510
32402,2015-08-23T09:00:00+00:00,-2123672,4054.497
32402,2015-08-23T09:15:00+00:00,-2122772,4054.478
32402,2015-08-23T09:30:00+00:00,-2121872,4054.462
32402,2015-08-23T09:45:00+00:00,-2120972,4054.440
32402,2015-08-23T10:00:00+00:00,-2120072,4054.420
32402,2015-08-23T10:15:00+00:00,-2119172,4054.393
32402,2015-08-23T10:30:00+00:00,-2118272,4054.370
32402,2015-08-23T10:45:00+00:00,-2117372,4054.346
32402,2015-08-23T11:00:00+00:00,-2116472,4054.322
32402,2015-08-23T11:15:00+00:00,-2115572,4054.297
32402,2015-08-23T11:30:00+00:00,-2114672,4054.272
32402,2015-08-23T11:45:00+00:00,-2113772,4054.254
32402,2015-08-23T12:00:00+00:00,-2112872,4054.231
32402,2015-08-23T12:15:00+00:00,-2111972,4054.215
32402,2015-08-23T12:30:00+00:00,-2111072,4054.199
32402,2015-08-23T12:45:00+00:00,-2110172,4054.185
32402,2015-08-23T13:00:00+00:00,-2109272,4054.175
32402,2015-08-23T13:15:00+00:00,-2108372,4054.164
32402,2015-08-23T13:30:00+00:00,-2107472,4054.157
32402,2015-08-23T13:45:00+00:00,-2106572,4054.151
32402,2015-08-23T14:00:00+00:00,-2105672,4054.146
32402,2015-08-23T14:15:00+00:00,-2104772,4054.148
32402,2015-08-23T14:30:00+00:00,-2103872,4054.146
32402,2015-08-23T14:45:00+00:00,-2102972,4054.148
32402,2015-08-23T15:00:00+00:00,-2102072,4054.154
32402,2015-08-23T15:15:00+00:00,-2101172,4054.162
32402,2015-08-23T15:30:00+00:00,-2100272,4054.170
32402,2015-08-23T15:45:00+00:00,-2099372,4054.181
32402,2015-08-23T16:00:00+00:00,-2098472,4054.192
32402,2015-08-23T16:15:00+00:00,-2097572,4054.203
32402,2015-08-23T16:30:00+00:00,-2096672,4054.212
32402,2015-08-23T16:45:00+00:00,-2095772,4054.225
32402,2015-08-23T17:00:00+00:00,-2094872,4054.241
32402,2015-08-23T17:15:00+00:00,-2093972,4054.254
32402,2015-08-23T17:30:00+00:00,-2093072,4054.266
32402,2015-08-23T17:45:00+00:00,-2092172,4054.277
32402,2015-08-23T18:00:00+00:00,-2091272,4054.287
32402,2015-08-23T18:15:00+00:00,-2090372,4054.292
32402,2015-08-23T18:30:00+00:00,-2089472,4054.301
32402,2015-08-23T18:45:00+00:00,-2088572,4054.308
32402,2015-08-23T19:00:00+00:00,-2087672,4054.315
32402,2015-08-23T19:15:00+00:00,-2086772,4054.320
32402,2015-08-23T19:30:00+00:00,-2085872,4054.320
32402,2015-08-23T19:45:00+00:00,-2084972,4054.324
32402,2015-08-23T20:00:00+00:00,-2084072,4054.321
32402,2015-08-23T20:15:00+00:00,-2083172,4054.315
32402,2015-08-23T20:30:00+00:00,-2082272,4054.308
32402,2015-08-23T20:45:00+00:00,-2081372,4054.297
32402,2015-08-23T21:00:00+00:00,-2080472,4054.292
32402,2015-08-23T21:15:00+00:00,-2079572,4054.281
32402,2015-08-23T21:30:00+00:00,-2078672,4054.271
32402,2015-08-23T21:45:00+00:00,-2077772,4054.255
32402,2015-08-23T22:00:00+00:00,-2076872,4054.243
32402,2015-08-23T22:15:00+00:00,-2075972,4054.226
32402,2015-08-23T22:30:00+00:00,-2075072,4054.208
32402,2015-08-23T22:45:00+00:00,-2074172,4054.189
32402,2015-08-23T23:00:00+00:00,-2073272,4054.173
32402,2015-08-23T23:15:00+00:00,-2072372,4054.157
32402,2015-08-23T23:30:00+00:00,-2071472,4054.138
32402,2015-08-23T23:45:00+00:00,-2070572,4054.125
32402,2015-08-24T00:00:00+00:00,-2069672,4054.107
32402,2015-08-24T00:15:00+00:00,-2068772,4054.094
32402,2015-08-24T00:30:00+00:00,-2067872,4054.083
32402,2015-08-24T00:45:00+00:00,-2066972,4054.071
32402,2015-08-24T01:00:00+00:00,-2066072,4054.062
32402,2015-08-24T01:15:00+00:00,-2065172,4054.054
32402,2015-08-24T01:30:00+00:00,-2064272,4054.050
32402,2015-08-24T01:45:00+00:00,-2063372,4054.047
32402,2015-08-24T02:00:00+00:00,-2062472,4054.048
32402,2015-08-24T02:15:00+00:00,-2061572,4054.051
32402,2015-08-24T02:30:00+00:00,-2060672,4054.059
32402,2015-08-24T02:45:00+00:00,-2059772,4054.067
32402,2015-08-24T03:00:00+00:00,-2058872,4054.076
32402,2015-08-24T03:15:00+00:00,-2057972,4054.090
32402,2015-08-24T03:30:00+00:00,-2057072,4054.112
32402,2015-08-24T03:45:00+00:00,-2056172,4054.132
32402,2015-08-24T04:00:00+00:00,-2055272,4054.155
32402,2015-08-24T04:15:00+00:00,-2054372,4054.178
32402,2015-08-24T04:30:00+00:00,-2053472,4054.204
32402,2015-08-24T04:45:00+00:00,-2052572,4054.233
32402,2015-08-24T05:00:00+00:00,-2051672,4054.264
32402,2015-08-24T05:15:00+00:00,-2050772,4054.291
32402,2015-08-24T05:30:00+00:00,-2049872,4054.321
32402,2015-08-24T05:45:00+00:00,-2048972,4054.351
32402,2015-08-24T06:00:00+00:00,-2048072,4054.382
32402,2015-08-24T06:15:00+00:00,-2047172,4054.413
32402,2015-08-24T06:30:00+00:00,-2046272,4054.440
32402,2015-08-24T06:45:00+00:00,-2045372,4054.464
32402,2015-08-24T07:00:00+00:00,-2044472,4054.488
32402,2015-08-24T07:15:00+00:00,-2043572,4054.511
32402,2015-08-24T07:30:00+00:00,-2042672,4054.530
32402,2015-08-24T07:45:00+00:00,-2041772,4054.548
32402,2015-08-24T08:00:00+00:00,-2040872,4054.565
32402,2015-08-24T08:15:00+00:00,-2039972,4054.573
32402,2015-08-24T08:30:00+00:00,-2039072,4054.578
32402,2015-08-24T08:45:00+00:00,-2038172,4054.581
32402,2015-08-24T09:00:00+00:00,-2037272,4054.583
32402,2015-08-24T09:15:00+00:00,-2036372,4054.581
32402,2015-08-24T09:30:00+00:00,-2035472,4054.570
32402,2015-08-24T09:45:00+00:00,-2034572,4054.562
32402,2015-08-24T10:00:00+00:00,-2033672,4054.550
32402,2015-08-24T10:15:00+00:00,-2032772,4054.537
32402,2015-08-24T10:30:00+00:00,-2031872,4054.517
32402,2015-08-24T10:45:00+00:00,-2030972,4054.496
32402,2015-08-24T11:00:00+00:00,-2030072,4054.479
32402,2015-08-24T11:15:00+00:00,-2029172,4054.452
32402,2015-08-24T11:30:00+00:00,-2028272,4054.427
32402,2015-08-24T11:45:00+00:00,-2027372,4054.399
32402,2015-08-24T12:00:00+00:00,-2026472,4054.373
32402,2015-08-24T12:15:00+00:00,-2025572,4054.349
32402,2015-08-24T12:30:00+00:00,-2024672,4054.323
32402,2015-08-24T12:45:00+00:00,-2023772,4054.293
32402,2015-08-24T13:00:00+00:00,-2022872,4054.268
32402,2015-08-24T13:15:00+00:00,-2021972,4054.242
32402,2015-08-24T13:30:00+00:00,-2021072,4054.218
32402,2015-08-24T13:45:00+00:00,-2020172,4054.196
32402,2015-08-24T14:00:00+00:00,-2019272,4054.177
32402,2015-08-24T14:15:00+00:00,-2018372,4054.160
32402,2015-08-24T14:30:00+00:00,-2017472,4054.144
32402,2015-08-24T14:45:00+00:00,-2016572,4054.132
32402,2015-08-24T15:00:00+00:00,-2015672,4054.120
32402,2015-08-24T15:15:00+00:00,-2014772,4054.112
32402,2015-08-24T15:30:00+00:00,-2013872,4054.107
32402,2015-08-24T15:45:00+00:00,-2012972,4054.099
32402,2015-08-24T16:00:00+00:00,-2012072,4054.096
32402,2015-08-24T16:15:00+00:00,-2011172,4054.100
32402,2015-08-24T16:30:00+00:00,-2010272,4054.105
32402,2015-08-24T16:45:00+00:00,-2009372,4054.109
32402,2015-08-24T17:00:00+00:00,-2008472,4054.114
32402,2015-08-24T17:15:00+00:00,-2007572,4054.125
32402,2015-08-24T17:30:00+00:00,-2006672,4054.136
32402,2015-08-24T17:45:00+00:00,-2005772,4054.147
32402,2015-08-24T18:00:00+00:00,-2004872,4054.160
32402,2015-08-24T18:15:00+00:00,-2003972,4054.172
32402,2015-08-24T18:30:00+00:00,-2003072,4054.189
32402,2015-08-24T18:45:00+00:00,-2002172,4054.200
32402,2015-08-24T19:00:00+00:00,-2001272,4054.212
32402,2015-08-24T19:15:00+00:00,-2000372,4054.226
32402,2015-08-24T19:30:00+00:00,-1999472,4054.240
32402,2015-08-24T19:45:00+00:00,-1998572,4054.253
32402,2015-08-24T20:00:00+00:00,-1997672,4054.262
32402,2015-08-24T20:15:00+00:00,-1996772,4054.271
32402,2015-08-24T20:30:00+00:00,-1995872,4054.281
32402,2015-08-24T20:45:00+00:00,-1994972,4054.288
32402,2015-08-24T21:00:00+00:00,-1994072,4054.291
32402,2015-08-24T21:15:00+00:00,-1993172,4054.292
32402,2015-08-24T21:30:00+00:00,-1992272,4054.289
32402,2015-08-24T21:45:00+00:00,-1991372,4054.289
32402,2015-08-24T22:00:00+00:00,-1990472,4054.287
32402,2015-08-24T22:15:00+00:00,-1989572,4054.279
32402,2015-08-24T22:30:00+00:00,-1988672,4054.268
32402,2015-08-24T22:45:00+00:00,-1987772,4054.257
32402,2015-08-24T23:00:00+00:00,-1986872,4054.244
32402,2015-08-24T23:15:00+00:00,-1985972,4054.229
32402,2015-08-24T23:30:00+00:00,-1985072,4054.217
32402,2015-08-24T23:45:00+00:00,-1984172,4054.198
32402,2015-08-25T00:00:00+00:00,-1983272,4054.182
32402,2015-08-25T00:15:00+00:00,-1982372,4054.164
32402,2015-08-25T00:30:00+00:00,-1981472,4054.146
32402,2015-08-25T00:45:00+00:00,-1980572,4054.130
32402,2015-08-25T01:00:00+00:00,-1979672,4054.113
32402,2015-08-25T01:15:00+00:00,-1978772,4054.096
32402,2015-08-25T01:30:00+00:00,-1977872,4054.081
32402,2015-08-25T01:45:00+00:00,-1976972,4054.066
32402,2015-08-25T02:00:00+00:00,-1976072,4054.057
32402,2015-08-25T02:15:00+00:00,-1975172,4054.049
32402,2015-08-25T02:30:00+00:00,-1974272,4054.044
32402,2015-08-25T02:45:00+00:00,-1973372,4054.038
32402,2015-08-25T03:00:00+00:00,-1972472,4054.038
32402,2015-08-25T03:15:00+00:00,-1971572,4054.042
32402,2015-08-25T03:30:00+00:00,-1970672,4054.044
32402,2015-08-25T03:45:00+00:00,-1969772,4054.053
32402,2015-08-25T04:00:00+00:00,-1968872,4054.063
32402,2015-08-25T04:15:00+00:00,-1967972,4054.076
32402,2015-08-25T04:30:00+00:00,-1967072,4054.093
32402,2015-08-25T04:45:00+00:00,-1966172,4054.112
32402,2015-08-25T05:00:00+00:00,-1965272,4054.138
32402,2015-08-25T05:15:00+00:00,-1964372,4054.164
32402,2015-08-25T05:30:00+00:00,-1963472,4054.191
32402,2015-08-25T05:45:00+00:00,-1962572,4054.218
32402,2015-08-25T06:00:00+00:00,-1961672,4054.252
32402,2015-08-25T06:15:00+00:00,-1960772,4054.284
32402,2015-08-25T06:30:00+00:00,-1959872,4054.319
32402,2015-08-25T06:45:00+00:00,-1958972,4054.352
32402,2015-08-25T07:00:00+00:00,-1958072,4054.390
32402,2015-08-25T07:15:00+00:00,-1957172,4054.421
32402,2015-08-25T07:30:00+00:00,-1956272,4054.454
32402,2015-08-25T07:45:00+00:00,-1955372,4054.487
32402,2015-08-25T08:00:00+00:00,-1954472,4054.517
32402,2015-08-25T08:15:00+00:00,-1953572,4054.544
32402,2015-08-25T08:30:00+00:00,-1952672,4054.565
32402,2015-08-25T08:45:00+00:00,-1951772,4054.587
32402,2015-08-25T09:00:00+00:00,-1950872,4054.606
32402,2015-08-25T09:15:00+00:00,-1949972,4054.620
32402,2015-08-25T09:30:00+00:00,-1949072,4054.628
32402,2015-08-25T09:45:00+00:00,-1948172,4054.634
32402,2015-08-25T10:00:00+00:00,-1947272,4054.641
32402,2015-08-25T10:15:00+00:00,-1946372,4054.642
32402,2015-08-25T10:30:00+00:00,-1945472,4054.638
32402,2015-08-25T10:45:00+00:00,-1944572,4054.626
32402,2015-08-25T11:00:00+00:00,-1943672,4054.610
32402,2015-08-25T11:15:00+00:00,-1942772,4054.593
32402,2015-08-25T11:30:00+00:00,-1941872,4054.569
32402,2015-08-25T11:45:00+00:00,-1940972,4054.544
32402,2015-08-25T12:00:00+00:00,-1940072,4054.514
32402,2015-08-25T12:15:00+00:00,-1939172,4054.484
32402,2015-08-25T12:30:00+00:00,-1938272,4054.454
32402,2015-08-25T12:45:00+00:00,-1937372,4054.421
32402,2015-08-25T13:00:00+00:00,-1936472,4054.388
32402,2015-08-25T13:15:00+00:00,-1935572,4054.353
32402,2015-08-25T13:30:00+00:00,-1934672,4054.317
32402,2015-08-25T13:45:00+00:00,-1933772,4054.285
32402,2015-08-25T14:00:00+00:00,-1932872,4054.251
32402,2015-08-25T14:15:00+00:00,-1931972,4054.218
32402,2015-08-25T14:30:00+00:00,-1931072,4054.188
32402,2015-08-25T14:45:00+00:00,-1930172,4054.160
32402,2015-08-25T15:00:00+00:00,-1929272,4054.130
32402,2015-08-25T15:15:00+00:00,-1928372,4054.104
32402,2015-08-25T15:30:00+00:00,-1927472,4054.081
32402,2015-08-25T15:45:00+00:00,-1926572,4054.062
32402,2015-08-25T16:00:00+00:00,-1925672,4054.043
32402,2015-08-25T16:15:00+00:00,-1924772,4054.033
32402,2015-08-25T16:30:00+00:00,-1923872,4054.021
32402,2015-08-25T16:45:00+00:00,-1922972,4054.018
32402,2015-08-25T17:00:00+00:00,-1922072,4054.020
32402,2015-08-25T17:15:00+00:00,-1921172,4054.020
32402,2015-08-25T17:30:00+00:00,-1920272,4054.024
32402,2015-08-25T17:45:00+00:00,-1919372,4054.034
32402,2015-08-25T18:00:00+00:00,-1918472,4054.045
32402,2015-08-25T18:15:00+00:00,-1917572,4054.057
32402,2015-08-25T18:30:00+00:00,-1916672,4054.073
32402,2015-08-25T18:45:00+00:00,-1915772,4054.088
32402,2015-08-25T19:00:00+00:00,-1914872,4054.109
32402,2015-08-25T19:15:00+00:00,-1913972,4054.130
32402,2015-08-25T19:30:00+00:00,-1913072,4054.149
32402,2015-08-25T19:45:00+00:00,-1912172,4054.174
32402,2015-08-25T20:00:00+00:00,-1911272,4054.197
32402,2015-08-25T20:15:00+00:00,-1910372,4054.218
32402,2015-08-25T20:30:00+00:00,-1909472,4054.237
32402,2015-08-25T20:45:00+00:00,-1908572,4054.257
32402,2015-08-25T21:00:00+00:00,-1907672,4054.272
32402,2015-08-25T21:15:00+00:00,-1906772,4054.285
32402,2015-08-25T21:30:00+00:00,-1905872,4054.299
32402,2015-08-25T21:45:00+00:00,-1904972,4054.311
32402,2015-08-25T22:00:00+00:00,-1904072,4054.321
32402,2015-08-25T22:15:00+00:00,-1903172,4054.328
32402,2015-08-25T22:30:00+00:00,-1902272,4054.329
32402,2015-08-25T22:45:00+00:00,-1901372,4054.328
32402,2015-08-25T23:00:00+00:00,-1900472,4054.324
32402,2015-08-25T23:15:00+00:00,-1899572,4054.318
32402,2015-08-25T23:30:00+00:00,-1898672,4054.309
32402,2015-08-25T23:45:00+00:00,-1897772,4054.294
32402,2015-08-26T00:00:00+00:00,-1896872,4054.282
32402,2015-08-26T00:15:00+00:00,-1895972,4054.268
32402,2015-08-26T00:30:00+00:00,-1895072,4054.250
32402,2015-08-26T00:45:00+00:00,-1894172,4054.226
32402,2015-08-26T01:00:00+00:00,-1893272,4054.201
32402,2015-08-26T01:15:00+00:00,-1892372,4054.181
32402,2015-08-26T01:30:00+00:00,-1891472,4054.154
32402,2015-08-26T01:45:00+00:00,-1890572,4054.129
32402,2015-08-26T02:00:00+00:00,-1889672,4054.108
32402,2015-08-26T02:15:00+00:00,-1888772,4054.089
32402,2015-08-26T02:30:00+00:00,-1887872,4054.068
32402,2015-08-26T02:45:00+00:00,-1886972,4054.049
32402,2015-08-26T03:00:00+00:00,-1886072,4054.033
32402,2015-08-26T03:15:00+00:00,-1885172,4054.020
32402,2015-08-26T03:30:00+00:00,-1884272,4054.010
32402,2015-08-26T03:45:00+00:00,-1883372,4054.004
32402,2015-08-26T04:00:00+00:00,-1882472,4054.001
32402,2015-08-26T04:15:00+00:00,-1881572,4053.999
32402,2015-08-26T04:30:00+00:00,-1880672,4054.003
32402,2015-08-26T04:45:00+00:00,-1879772,4054.011
32402,2015-08-26T05:00:00+00:00,-1878872,4054.023
32402,2015-08-26T05:15:00+00:00,-1877972,4054.042
32402,2015-08-26T05:30:00+00:00,-1877072,4054.065
32402,2015-08-26T05:45:00+00:00,-1876172,4054.088
32402,2015-08-26T06:00:00+00:00,-1875272,4054.116
32402,2015-08-26T06:15:00+00:00,-1874372,4054.151
32402,2015-08-26T06:30:00+00:00,-1873472,4054.187
32402,2015-08-26T06:45:00+00:00,-1872572,4054.225
32402,2015-08-26T07:00:00+00:00,-1871672,4054.263
32402,2015-08-26T07:15:00+00:00,-1870772,4054.306
32402,2015-08-26T07:30:00+00:00,-1869872,4054.348
32402,2015-08-26T07:45:00+00:00,-1868972,4054.392
32402,2015-08-26T08:00:00+00:00,-1868072,4054.435
32402,2015-08-26T08:15:00+00:00,-1867172,4054.475
32402,2015-08-26T08:30:00+00:00,-1866272,4054.517
32402,2015-08-26T08:45:00+00:00,-1865372,4054.555
32402,2015-08-26T09:00:00+00:00,-1864472,4054.589
32402,2015-08-26T09:15:00+00:00,-1863572,4054.624
32402,2015-08-26T09:30:00+00:00,-1862672,4054.653
32402,2015-08-26T09:45:00+00:00,-1861772,4054.681
32402,2015-08-26T10:00:00+00:00,-1860872,4054.702
32402,2015-08-26T10:15:00+00:00,-1859972,4054.718
32402,2015-08-26T10:30:00+00:00,-1859072,4054.730
32402,2015-08-26T10:45:00+00:00,-1858172,4054.736
32402,2015-08-26T11:00:00+00:00,-1857272,4054.740
32402,2015-08-26T11:15:00+00:00,-1856372,4054.733
32402,2015-08-26T11:30:00+00:00,-1855472,4054.724
32402,2015-08-26T11:45:00+00:00,-1854572,4054.706
32402,2015-08-26T12:00:00+00:00,-1853672,4054.686
32402,2015-08-26T12:15:00+00:00,-1852772,4054.660
32402,2015-08-26T12:30:00+00:00,-1851872,4054.629
32402,2015-08-26T12:45:00+00:00,-1850972,4054.599
32402,2015-08-26T13:00:00+00:00,-1850072,4054.562
32402,2015-08-26T13:15:00+00:00,-1849172,4054.521
32402,2015-08-26T13:30:00+00:00,-1848272,4054.481
32402,2015-08-26T13:45:00+00:00,-1847372,4054.437
32402,2015-08-26T14:00:00+00:00,-1846472,4054.392
32402,2015-08-26T14:15:00+00:00,-1845572,4054.348
32402,2015-08-26T14:30:00+00:00,-1844672,4054.303
32402,2015-08-26T14:45:00+00:00,-1843772,4054.259
32402,2015-08-26T15:00:00+00:00,-1842872,4054.216
32402,2015-08-26T15:15:00+00:00,-1841972,4054.173
32402,2015-08-26T15:30:00+00:00,-1841072,4054.134
32402,2015-08-26T15:45:00+00:00,-1840172,4054.094
32402,2015-08-26T16:00:00+00:00,-1839272,4054.061
32402,2015-08-26T16:15:00+00:00,-1838372,4054.030
32402,2015-08-26T16:30:00+00:00,-1837472,4054.001
32402,2015-08-26T16:45:00+00:00,-1836572,4053.980
32402,2015-08-26T17:00:00+00:00,-1835672,4053.964
32402,2015-08-26T17:15:00+00:00,-1834772,4053.949
32402,2015-08-26T17:30:00+00:00,-1833872,4053.942
32402,2015-08-26T17:45:00+00:00,-1832972,4053.940
32402,2015-08-26T18:00:00+00:00,-1832072,4053.941
32402,2015-08-26T18:15:00+00:00,-1831172,4053.947
32402,2015-08-26T18:30:00+00:00,-1830272,4053.958
32402,2015-08-26T18:45:00+00:00,-1829372,4053.975
32402,2015-08-26T19:00:00+00:00,-1828472,4053.995
32402,2015-08-26T19:15:00+00:00,-1827572,4054.015
32402,2015-08-26T19:30:00+00:00,-1826672,4054.039
32402,2015-08-26T19:45:00+00:00,-1825772,4054.069
32402,2015-08-26T20:00:00+00:00,-1824872,4054.098
32402,2015-08-26T20:15:00+00:00,-1823972,4054.132
32402,2015-08-26T20:30:00+00:00,-1823072,4054.160
32402,2015-08-26T20:45:00+00:00,-1822172,4054.193
32402,2015-08-26T21:00:00+00:00,-1821272,4054.226
32402,2015-08-26T21:15:00+00:00,-1820372,4054.252
32402,2015-08-26T21:30:00+00:00,-1819472,4054.280
32402,2015-08-26T21:45:00+00:00,-1818572,4054.305
32402,2015-08-26T22:00:00+00:00,-1817672,4054.324
32402,2015-08-26T22:15:00+00:00,-1816772,4054.346
32402,2015-08-26T22:30:00+00:00,-1815872,4054.364
32402,2015-08-26T22:45:00+00:00,-1814972,4054.374
32402,2015-08-26T23:00:00+00:00,-1814072,4054.383
32402,2015-08-26T23:15:00+00:00,-1813172,4054.391
32402,2015-08-26T23:30:00+00:00,-1812272,4054.396
32402,2015-08-26T23:45:00+00:00,-1811372,4054.392
32402,2015-08-27T00:00:00+00:00,-1810472,4054.382
32402,2015-08-27T00:15:00+00:00,-1809572,4054.372
32402,2015-08-27T00:30:00+00:00,-1808672,4054.360
32402,2015-08-27T00:45:00+00:00,-1807772,4054.341
32402,2015-08-27T01:00:00+00:00,-1806872,4054.315
32402,2015-08-27T01:15:00+00:00,-1805972,4054.291
32402,2015-08-27T01:30:00+00:00,-1805072,4054.262
32402,2015-08-27T01:45:00+00:00,-1804172,4054.234
32402,2015-08-27T02:00:00+00:00,-1803272,4054.203
32402,2015-08-27T02:15:00+00:00,-1802372,4054.173
32402,2015-08-27T02:30:00+00:00,-1801472,4054.141
32402,2015-08-27T02:45:00+00:00,-1800572,4054.109
32402,2015-08-27T03:00:00+00:00,-1799672,4054.078
32402,2015-08-27T03:15:00+00:00,-1798772,4054.051
32402,2015-08-27T03:30:00+00:00,-1797872,4054.024
32402,2015-08-27T03:45:00+00:00,-1796972,4054.000
32402,2015-08-27T04:00:00+00:00,-1796072,4053.977
32402,2015-08-27T04:15:00+00:00,-1795172,4053.961
32402,2015-08-27T04:30:00+00:00,-1794272,4053.945
32402,2015-08-27T04:45:00+00:00,-1793372,4053.932
32402,2015-08-27T05:00:00+00:00,-1792472,4053.928
32402,2015-08-27T05:15:00+00:00,-1791572,4053.927
32402,2015-08-27T05:30:00+00:00,-1790672,4053.930
32402,2015-08-27T05:45:00+00:00,-1789772,4053.942
32402,2015-08-27T06:00:00+00:00,-1788872,4053.957
32402,2015-08-27T06:15:00+00:00,-1787972,4053.980
32402,2015-08-27T06:30:00+00:00,-1787072,4054.012
32402,2015-08-27T06:45:00+00:00,-1786172,4054.043
32402,2015-08-27T07:00:00+00:00,-1785272,4054.083
32402,2015-08-27T07:15:00+00:00,-1784372,4054.125
32402,2015-08-27T07:30:00+00:00,-1783472,4054.168
32402,2015-08-27T07:45:00+00:00,-1782572,4054.219
32402,2015-08-27T08:00:00+00:00,-1781672,4054.270
32402,2015-08-27T08:15:00+00:00,-1780772,4054.321
32402,2015-08-27T08:30:00+00:00,-1779872,4054.369
32402,2015-08-27T08:45:00+00:00,-1778972,4054.424
32402,2015-08-27T09:00:00+00:00,-1778072,4054.474
32402,2015-08-27T09:15:00+00:00,-1777172,4054.526
32402,2015-08-27T09:30:00+00:00,-1776272,4054.579
32402,2015-08-27T09:45:00+00:00,-1775372,4054.623
32402,2015-08-27T10:00:00+00:00,-1774472,4054.664
32402,2015-08-27T10:15:00+00:00,-1773572,4054.707
32402,2015-08-27T10:30:00+00:00,-1772672,4054.735
32402,2015-08-27T10:45:00+00:00,-1771772,4054.765
32402,2015-08-27T11:00:00+00:00,-1770872,4054.788
32402,2015-08-27T11:15:00+00:00,-1769972,4054.806
32402,2015-08-27T11:30:00+00:00,-1769072,4054.814
32402,2015-08-27T11:45:00+00:00,-1768172,4054.817
32402,2015-08-27T12:00:00+00:00,-1767272,4054.815
32402,2015-08-27T12:15:00+00:00,-1766372,4054.803
32402,2015-08-27T12:30:00+00:00,-1765472,4054.786
32402,2015-08-27T12:45:00+00:00,-1764572,4054.758
32402,2015-08-27T13:00:00+00:00,-1763672,4054.725
32402,2015-08-27T13:15:00+00:00,-1762772,4054.690
32402,2015-08-27T13:30:00+00:00,-1761872,4054.649
32402,2015-08-27T13:45:00+00:00,-1760972,4054.605
32402,2015-08-27T14:00:00+00:00,-1760072,4054.555
32402,2015-08-27T14:15:00+00:00,-1759172,4054.504
32402,2015-08-27T14:30:00+00:00,-1758272,4054.453
32402,2015-08-27T14:45:00+00:00,-1757372,4054.393
32402,2015-08-27T15:00:00+00:00,-1756472,4054.334
32402,2015-08-27T15:15:00+00:00,-1755572,4054.278
32402,2015-08-27T15:30:00+00:00,-1754672,4054.220
32402,2015-08-27T15:45:00+00:00,-1753772,4054.166
32402,2015-08-27T16:00:00+00:00,-1752872,4054.113
32402,2015-08-27T16:15:00+00:00,-1751972,4054.065
32402,2015-08-27T16:30:00+00:00,-1751072,4054.018
32402,2015-08-27T16:45:00+00:00,-1750172,4053.978
32402,2015-08-27T17:00:00+00:00,-1749272,4053.936
32402,2015-08-27T17:15:00+00:00,-1748372,4053.908
32402,2015-08-27T17:30:00+00:00,-1747472,4053.881
32402,2015-08-27T17:45:00+00:00,-1746572,4053.861
32402,2015-08-27T18:00:00+00:00,-1745672,4053.850
32402,2015-08-27T18:15:00+00:00,-1744772,4053.840
32402,2015-08-27T18:30:00+00:00,-1743872,4053.840
32402,2015-08-27T18:45:00+00:00,-1742972,4053.844
32402,2015-08-27T19:00:00+00:00,-1742072,4053.856
32402,2015-08-27T19:15:00+00:00,-1741172,4053.872
32402,2015-08-27T19:30:00+00:00,-1740272,4053.896
32402,2015-08-27T19:45:00+00:00,-1739372,4053.921
32402,2015-08-27T20:00:00+00:00,-1738472,4053.954
32402,2015-08-27T20:15:00+00:00,-1737572,4053.992
32402,2015-08-27T20:30:00+00:00,-1736672,4054.030
32402,2015-08-27T20:45:00+00:00,-1735772,4054.068
32402,2015-08-27T21:00:00+00:00,-1734872,4054.110
32402,2015-08-27T21:15:00+00:00,-1733972,4054.154
32402,2015-08-27T21:30:00+00:00,-1733072,4054.195
32402,2015-08-27T21:45:00+00:00,-1732172,4054.237
32402,2015-08-27T22:00:00+00:00,-1731272,4054.276
32402,2015-08-27T22:15:00+00:00,-1730372,4054.313
32402,2015-08-27T22:30:00+00:00,-1729472,4054.346
32402,2015-08-27T22:45:00+00:00,-1728572,4054.376
32402,2015-08-27T23:00:00+00:00,-1727672,4054.404
32402,2015-08-27T23:15:00+00:00,-1726772,4054.424
32402,2015-08-27T23:30:00+00:00,-1725872,4054.443
32402,2015-08-27T23:45:00+00:00,-1724972,4054.461
32402,2015-08-28T00:00:00+00:00,-1724072,4054.468
32402,2015-08-28T00:15:00+00:00,-1723172,4054.472
32402,2015-08-28T00:30:00+00:00,-1722272,4054.465
32402,2015-08-28T00:45:00+00:00,-1721372,4054.458
32402,2015-08-28T01:00:00+00:00,-1720472,4054.441
32402,2015-08-28T01:15:00+00:00,-1719572,4054.420
32402,2015-08-28T01:30:00+00:00,-1718672,4054.398
32402,2015-08-28T01:45:00+00:00,-1717772,4054.371
32402,2015-08-28T02:00:00+00:00,-1716872,4054.337
32402,2015-08-28T02:15:00+00:00,-1715972,4054.309
32402,2015-08-28T02:30:00+00:00,-1715072,4054.271
32402,2015-08-28T02:45:00+00:00,-1714172,4054.232
32402,2015-08-28T03:00:00+00:00,-1713272,4054.188
32402,2015-08-28T03:15:00+00:00,-1712372,4054.151
32402,2015-08-28T03:30:00+00:00,-1711472,4054.106
32402,2015-08-28T03:45:00+00:00,-1710572,4054.065
32402,2015-08-28T04:00:00+00:00,-1709672,4054.032
32402,2015-08-28T04:15:00+00:00,-1708772,4053.994
32402,2015-08-28T04:30:00+00:00,-1707872,4053.962
32402,2015-08-28T04:45:00+00:00,-1706972,4053.929
32402,2015-08-28T05:00:00+00:00,-1706072,4053.907
32402,2015-08-28T05:15:00+00:00,-1705172,4053.888
32402,2015-08-28T05:30:00+00:00,-1704272,4053.871
32402,2015-08-28T05:45:00+00:00,-1703372,4053.865
32402,2015-08-28T06:00:00+00:00,-1702472,4053.861
32402,2015-08-28T06:15:00+00:00,-1701572,4053.867
32402,2015-08-28T06:30:00+00:00,-1700672,4053.876
32402,2015-08-28T06:45:00+00:00,-1699772,4053.888
32402,2015-08-28T07:00:00+00:00,-1698872,4053.913
32402,2015-08-28T07:15:00+00:00,-1697972,4053.948
32402,2015-08-28T07:30:00+00:00,-1697072,4053.985
32402,2015-08-28T07:45:00+00:00,-1696172,4054.028
32402,2015-08-28T08:00:00+00:00,-1695272,4054.076
32402,2015-08-28T08:15:00+00:00,-1694372,4054.130
32402,2015-08-28T08:30:00+00:00,-1693472,4054.190
32402,2015-08-28T08:45:00+00:00,-1692572,4054.245
32402,2015-08-28T09:00:00+00:00,-1691672,4054.306
32402,2015-08-28T09:15:00+00:00,-1690772,4054.366
32402,2015-08-28T09:30:00+00:00,-1689872,4054.433
32402,2015-08-28T09:45:00+00:00,-1688972,4054.495
32402,2015-08-28T10:00:00+00:00,-1688072,4054.553
32402,2015-08-28T10:15:00+00:00,-1687172,4054.618
32402,2015-08-28T10:30:00+00:00,-1686272,4054.674
32402,2015-08-28T10:45:00+00:00,-1685372,4054.723
32402,2015-08-28T11:00:00+00:00,-1684472,4054.768
32402,2015-08-28T11:15:00+00:00,-1683572,4054.808
32402,2015-08-28T11:30:00+00:00,-1682672,4054.842
32402,2015-08-28T11:45:00+00:00,-1681772,4054.871
32402,2015-08-28T12:00:00+00:00,-1680872,4054.885
32402,2015-08-28T12:15:00+00:00,-1679972,4054.894
32402,2015-08-28T12:30:00+00:00,-1679072,4054.903
32402,2015-08-28T12:45:00+00:00,-1678172,4054.899
32402,2015-08-28T13:00:00+00:00,-1677272,4054.886
32402,2015-08-28T13:15:00+00:00,-1676372,4054.862
32402,2015-08-28T13:30:00+00:00,-1675472,4054.838
32402,2015-08-28T13:45:00+00:00,-1674572,4054.801
32402,2015-08-28T14:00:00+00:00,-1673672,4054.757
32402,2015-08-28T14:15:00+00:00,-1672772,4054.708
32402,2015-08-28T14:30:00+00:00,-1671872,4054.654
32402,2015-08-28T14:45:00+00:00,-1670972,4054.594
32402,2015-08-28T15:00:00+00:00,-1670072,4054.530
32402,2015-08-28T15:15:00+00:00,-1669172,4054.464
32402,2015-08-28T15:30:00+00:00,-1668272,4054.393
32402,2015-08-28T15:45:00+00:00,-1667372,4054.322
32402,2015-08-28T16:00:00+00:00,-1666472,4054.251
32402,2015-08-28T16:15:00+00:00,-1665572,4054.185
32402,2015-08-28T16:30:00+00:00,-1664672,4054.117
32402,2015-08-28T16:45:00+00:00,-1663772,4054.052
32402,2015-08-28T17:00:00+00:00,-1662872,4053.994
32402,2015-08-28T17:15:00+00:00,-1661972,4053.940
32402,2015-08-28T17:30:00+00:00,-1661072,4053.888
32402,2015-08-28T17:45:00+00:00,-1660172,4053.845
32402,2015-08-28T18:00:00+00:00,-1659272,4053.811
32402,2015-08-28T18:15:00+00:00,-1658372,4053.783
32402,2015-08-28T18:30:00+00:00,-1657472,4053.758
32402,2015-08-28T18:45:00+00:00,-1656572,4053.743
32402,2015-08-28T19:00:00+00:00,-1655672,4053.741
32402,2015-08-28T19:15:00+00:00,-1654772,4053.739
32402,2015-08-28T19:30:00+00:00,-1653872,4053.749
32402,2015-08-28T19:45:00+00:00,-1652972,4053.769
32402,2015-08-28T20:00:00+00:00,-1652072,4053.792
32402,2015-08-28T20:15:00+00:00,-1651172,4053.826
32402,2015-08-28T20:30:00+00:00,-1650272,4053.861
32402,2015-08-28T20:45:00+00:00,-1649372,4053.904
32402,2015-08-28T21:00:00+00:00,-1648472,4053.950
32402,2015-08-28T21:15:00+00:00,-1647572,4053.996
32402,2015-08-28T21:30:00+00:00,-1646672,4054.044
32402,2015-08-28T21:45:00+00:00,-1645772,4054.096
32402,2015-08-28T22:00:00+00:00,-1644872,4054.152
32402,2015-08-28T22:15:00+00:00,-1643972,4054.201
32402,2015-08-28T22:30:00+00:00,-1643072,4054.252
32402,2015-08-28T22:45:00+00:00,-1642172,4054.303
32402,2015-08-28T23:00:00+00:00,-1641272,4054.349
32402,2015-08-28T23:15:00+00:00,-1640372,4054.393
32402,2015-08-28T23:30:00+00:00,-1639472,4054.431
32402,2015-08-28T23:45:00+00:00,-1638572,4054.464
32402,2015-08-29T00:00:00+00:00,-1637672,4054.493
32402,2015-08-29T00:15:00+00:00,-1636772,4054.513
32402,2015-08-29T00:30:00+00:00,-1635872,4054.527
32402,2015-08-29T00:45:00+00:00,-1634972,4054.536
32402,2015-08-29T01:00:00+00:00,-1634072,4054.540
32402,2015-08-29T01:15:00+00:00,-1633172,4054.533
32402,2015-08-29T01:30:00+00:00,-1632272,4054.524
32402,2015-08-29T01:45:00+00:00,-1631372,4054.508
32402,2015-08-29T02:00:00+00:00,-1630472,4054.486
32402,2015-08-29T02:15:00+00:00,-1629572,4054.455
32402,2015-08-29T02:30:00+00:00,-1628672,4054.419
32402,2015-08-29T02:45:00+00:00,-1627772,4054.378
32402,2015-08-29T03:00:00+00:00,-1626872,4054.333
32402,2015-08-29T03:15:00+00:00,-1625972,4054.289
32402,2015-08-29T03:30:00+00:00,-1625072,4054.239
32402,2015-08-29T03:45:00+00:00,-1624172,4054.189
32402,2015-08-29T04:00:00+00:00,-1623272,4054.137
32402,2015-08-29T04:15:00+00:00,-1622372,4054.086
32402,2015-08-29T04:30:00+00:00,-1621472,4054.037
32402,2015-08-29T04:45:00+00:00,-1620572,4053.992
32402,2015-08-29T05:00:00+00:00,-1619672,4053.947
32402,2015-08-29T05:15:00+00:00,-1618772,4053.903
32402,2015-08-29T05:30:00+00:00,-1617872,4053.864
32402,2015-08-29T05:45:00+00:00,-1616972,4053.835
32402,2015-08-29T06:00:00+00:00,-1616072,4053.807
32402,2015-08-29T06:15:00+00:00,-1615172,4053.786
32402,2015-08-29T06:30:00+00:00,-1614272,4053.774
32402,2015-08-29T06:45:00+00:00,-1613372,4053.770
32402,2015-08-29T07:00:00+00:00,-1612472,4053.773
32402,2015-08-29T07:15:00+00:00,-1611572,4053.786
32402,2015-08-29T07:30:00+00:00,-1610672,4053.810
32402,2015-08-29T07:45:00+00:00,-1609772,4053.835
32402,2015-08-29T08:00:00+00:00,-1608872,4053.872
32402,2015-08-29T08:15:00+00:00,-1607972,4053.912
32402,2015-08-29T08:30:00+00:00,-1607072,4053.965
32402,2015-08-29T08:45:00+00:00,-1606172,4054.018
32402,2015-08-29T09:00:00+00:00,-1605272,4054.079
32402,2015-08-29T09:15:00+00:00,-1604372,4054.138
32402,2015-08-29T09:30:00+00:00,-1603472,4054.208
32402,2015-08-29T09:45:00+00:00,-1602572,4054.278
32402,2015-08-29T10:00:00+00:00,-1601672,4054.352
32402,2015-08-29T10:15:00+00:00,-1600772,4054.428
32402,2015-08-29T10:30:00+00:00,-1599872,4054.498
32402,2015-08-29T10:45:00+00:00,-1598972,4054.569
32402,2015-08-29T11:00:00+00:00,-1598072,4054.634
32402,2015-08-29T11:15:00+00:00,-1597172,4054.697
32402,2015-08-29T11:30:00+00:00,-1596272,4054.756
32402,2015-08-29T11:45:00+00:00,-1595372,4054.805
32402,2015-08-29T12:00:00+00:00,-1594472,4054.855
32402,2015-08-29T12:15:00+00:00,-1593572,4054.892
32402,2015-08-29T12:30:00+00:00,-1592672,4054.921
32402,2015-08-29T12:45:00+00:00,-1591772,4054.945
32402,2015-08-29T13:00:00+00:00,-1590872,4054.956
32402,2015-08-29T13:15:00+00:00,-1589972,4054.959
32402,2015-08-29T13:30:00+00:00,-1589072,4054.953
32402,2015-08-29T13:45:00+00:00,-1588172,4054.936
32402,2015-08-29T14:00:00+00:00,-1587272,4054.910
32402,2015-08-29T14:15:00+00:00,-1586372,4054.877
32402,2015-08-29T14:30:00+00:00,-1585472,4054.836
32402,2015-08-29T14:45:00+00:00,-1584572,4054.785
32402,2015-08-29T15:00:00+00:00,-1583672,4054.729
32402,2015-08-29T15:15:00+00:00,-1582772,4054.668
32402,2015-08-29T15:30:00+00:00,-1581872,4054.600
32402,2015-08-29T15:45:00+00:00,-1580972,4054.527
32402,2015-08-29T16:00:00+00:00,-1580072,4054.447
32402,2015-08-29T16:15:00+00:00,-1579172,4054.369
32402,2015-08-29T16:30:00+00:00,-1578272,4054.289
32402,2015-08-29T16:45:00+00:00,-1577372,4054.209
32402,2015-08-29T17:00:00+00:00,-1576472,4054.133
32402,2015-08-29T17:15:00+00:00,-1575572,4054.059
32402,2015-08-29T17:30:00+00:00,-1574672,4053.990
32402,2015-08-29T17:45:00+00:00,-1573772,4053.927
32402,2015-08-29T18:00:00+00:00,-1572872,4053.865
32402,2015-08-29T18:15:00+00:00,-1571972,4053.810
32402,2015-08-29T18:30:00+00:00,-1571072,4053.766
32402,2015-08-29T18:45:00+00:00,-1570172,4053.731
32402,2015-08-29T19:00:00+00:00,-1569272,4053.701
32402,2015-08-29T19:15:00+00:00,-1568372,4053.678
32402,2015-08-29T19:30:00+00:00,-1567472,4053.665
32402,2015-08-29T19:45:00+00:00,-1566572,4053.661
32402,2015-08-29T20:00:00+00:00,-1565672,4053.668
32402,2015-08-29T20:15:00+00:00,-1564772,4053.684
32402,2015-08-29T20:30:00+00:00,-1563872,4053.705
32402,2015-08-29T20:45:00+00:00,-1562972,4053.739
32402,2015-08-29T21:00:00+00:00,-1562072,4053.776
32402,2015-08-29T21:15:00+00:00,-1561172,4053.820
32402,2015-08-29T21:30:00+00:00,-1560272,4053.869
32402,2015-08-29T21:45:00+00:00,-1559372,4053.924
32402,2015-08-29T22:00:00+00:00,-1558472,4053.983
32402,2015-08-29T22:15:00+00:00,-1557572,4054.044
32402,2015-08-29T22:30:00+00:00,-1556672,4054.106
32402,2015-08-29T22:45:00+00:00,-1555772,4054.169
32402,2015-08-29T23:00:00+00:00,-1554872,4054.231
32402,2015-08-29T23:15:00+00:00,-1553972,4054.295
32402,2015-08-29T23:30:00+00:00,-1553072,4054.351
32402,2015-08-29T23:45:00+00:00,-1552172,4054.403
32402,2015-08-30T00:00:00+00:00,-1551272,4054.452
32402,2015-08-30T00:15:00+00:00,-1550372,4054.497
32402,2015-08-30T00:30:00+00:00,-1549472,4054.532
32402,2015-08-30T00:45:00+00:00,-1548572,4054.561
32402,2015-08-30T01:00:00+00:00,-1547672,4054.584
32402,2015-08-30T01:15:00+00:00,-1546772,4054.601
32402,2015-08-30T01:30:00+00:00,-1545872,4054.606
32402,2015-08-30T01:45:00+00:00,-1544972,4054.604
32402,2015-08-30T02:00:00+00:00,-1544072,4054.595
32402,2015-08-30T02:15:00+00:00,-1543172,4054.579
32402,2015-08-30T02:30:00+00:00,-1542272,4054.557
32402,2015-08-30T02:45:00+00:00,-1541372,4054.526
32402,2015-08-30T03:00:00+00:00,-1540472,4054.488
32402,2015-08-30T03:15:00+00:00,-1539572,4054.446
32402,2015-08-30T03:30:00+00:00,-1538672,4054.398
32402,2015-08-30T03:45:00+00:00,-1537772,4054.346
32402,2015-08-30T04:00:00+00:00,-1536872,4054.293
32402,2015-08-30T04:15:00+00:00,-1535972,4054.232
32402,2015-08-30T04:30:00+00:00,-1535072,4054.173
32402,2015-08-30T04:45:00+00:00,-1534172,4054.113
32402,2015-08-30T05:00:00+00:00,-1533272,4054.052
32402,2015-08-30T05:15:00+00:00,-1532372,4053.991
32402,2015-08-30T05:30:00+00:00,-1531472,4053.939
32402,2015-08-30T05:45:00+00:00,-1530572,4053.885
32402,2015-08-30T06:00:00+00:00,-1529672,4053.835
32402,2015-08-30T06:15:00+00:00,-1528772,4053.792
32402,2015-08-30T06:30:00+00:00,-1527872,4053.753
32402,2015-08-30T06:45:00+00:00,-1526972,4053.721
32402,2015-08-30T07:00:00+00:00,-1526072,4053.697
32402,2015-08-30T07:15:00+00:00,-1525172,4053.682
32402,2015-08-30T07:30:00+00:00,-1524272,4053.678
32402,2015-08-30T07:45:00+00:00,-1523372,4053.678
32402,2015-08-30T08:00:00+00:00,-1522472,4053.692
32402,2015-08-30T08:15:00+00:00,-1521572,4053.712
32402,2015-08-30T08:30:00+00:00,-1520672,4053.745
32402,2015-08-30T08:45:00+00:00,-1519772,4053.781
32402,2015-08-30T09:00:00+00:00,-1518872,4053.827
32402,2015-08-30T09:15:00+00:00,-1517972,4053.880
32402,2015-08-30T09:30:00+00:00,-1517072,4053.941
32402,2015-08-30T09:45:00+00:00,-1516172,4054.006
32402,2015-08-30T10:00:00+00:00,-1515272,4054.082
32402,2015-08-30T10:15:00+00:00,-1514372,4054.157
32402,2015-08-30T10:30:00+00:00,-1513472,4054.233
32402,2015-08-30T10:45:00+00:00,-1512572,4054.316
32402,2015-08-30T11:00:00+00:00,-1511672,4054.395
32402,2015-08-30T11:15:00+00:00,-1510772,4054.472
32402,2015-08-30T11:30:00+00:00,-1509872,4054.551
32402,2015-08-30T11:45:00+00:00,-1508972,4054.622
32402,2015-08-30T12:00:00+00:00,-1508072,4054.693
32402,2015-08-30T12:15:00+00:00,-1507172,4054.756
32402,2015-08-30T12:30:00+00:00,-1506272,4054.813
32402,2015-08-30T12:45:00+00:00,-1505372,4054.863
32402,2015-08-30T13:00:00+00:00,-1504472,4054.905
32402,2015-08-30T13:15:00+00:00,-1503572,4054.938
32402,2015-08-30T13:30:00+00:00,-1502672,4054.964
32402,2015-08-30T13:45:00+00:00,-1501772,4054.975
32402,2015-08-30T14:00:00+00:00,-1500872,4054.978
32402,2015-08-30T14:15:00+00:00,-1499972,4054.969
32402,2015-08-30T14:30:00+00:00,-1499072,4054.948
32402,2015-08-30T14:45:00+00:00,-1498172,4054.918
32402,2015-08-30T15:00:00+00:00,-1497272,4054.883
32402,2015-08-30T15:15:00+00:00,-1496372,4054.832
32402,2015-08-30T15:30:00+00:00,-1495472,4054.776
32402,2015-08-30T15:45:00+00:00,-1494572,4054.715
32402,2015-08-30T16:00:00+00:00,-1493672,4054.647
32402,2015-08-30T16:15:00+00:00,-1492772,4054.573
32402,2015-08-30T16:30:00+00:00,-1491872,4054.492
32402,2015-08-30T16:45:00+00:00,-1490972,4054.412
32402,2015-08-30T17:00:00+00:00,-1490072,4054.329
32402,2015-08-30T17:15:00+00:00,-1489172,4054.243
32402,2015-08-30T17:30:00+00:00,-1488272,4054.162
32402,2015-08-30T17:45:00+00:00,-1487372,4054.086
32402,2015-08-30T18:00:00+00:00,-1486472,4054.007
32402,2015-08-30T18:15:00+00:00,-1485572,4053.931
32402,2015-08-30T18:30:00+00:00,-1484672,4053.866
32402,2015-08-30T18:45:00+00:00,-1483772,4053.808
32402,2015-08-30T19:00:00+00:00,-1482872,4053.753
32402,2015-08-30T19:15:00+00:00,-1481972,4053.710
32402,2015-08-30T19:30:00+00:00,-1481072,4053.670
32402,2015-08-30T19:45:00+00:00,-1480172,4053.644
32402,2015-08-30T20:00:00+00:00,-1479272,4053.629
32402,2015-08-30T20:15:00+00:00,-1478372,4053.623
32402,2015-08-30T20:30:00+00:00,-1477472,4053.624
32402,2015-08-30T20:45:00+00:00,-1476572,4053.637
32402,2015-08-30T21:00:00+00:00,-1475672,4053.659
32402,2015-08-30T21:15:00+00:00,-1474772,4053.684
32402,2015-08-30T21:30:00+00:00,-1473872,4053.719
32402,2015-08-30T21:45:00+00:00,-1472972,4053.761
32402,2015-08-30T22:00:00+00:00,-1472072,4053.814
32402,2015-08-30T22:15:00+00:00,-1471172,4053.870
32402,2015-08-30T22:30:00+00:00,-1470272,4053.929
32402,2015-08-30T22:45:00+00:00,-1469372,4053.997
32402,2015-08-30T23:00:00+00:00,-1468472,4054.066
32402,2015-08-30T23:15:00+00:00,-1467572,4054.136
32402,2015-08-30T23:30:00+00:00,-1466672,4054.207
32402,2015-08-30T23:45:00+00:00,-1465772,4054.278
32402,2015-08-31T00:00:00+00:00,-1464872,4054.343
32402,2015-08-31T00:15:00+00:00,-1463972,4054.409
32402,2015-08-31T00:30:00+00:00,-1463072,4054.467
32402,2015-08-31T00:45:00+00:00,-1462172,4054.520
32402,2015-08-31T01:00:00+00:00,-1461272,4054.571
32402,2015-08-31T01:15:00+00:00,-1460372,4054.611
32402,2015-08-31T01:30:00+00:00,-1459472,4054.644
32402,2015-08-31T01:45:00+00:00,-1458572,4054.667
32402,2015-08-31T02:00:00+00:00,-1457672,4054.681
32402,2015-08-31T02:15:00+00:00,-1456772,4054.686
32402,2015-08-31T02:30:00+00:00,-1455872,4054.687
32402,2015-08-31T02:45:00+00:00,-1454972,4054.679
32402,2015-08-31T03:00:00+00:00,-1454072,4054.658
32402,2015-08-31T03:15:00+00:00,-1453172,4054.634
32402,2015-08-31T03:30:00+00:00,-1452272,4054.599
32402,2015-08-31T03:45:00+00:00,-1451372,4054.557
32402,2015-08-31T04:00:00+00:00,-1450472,4054.512
32402,2015-08-31T04:15:00+00:00,-1449572,4054.459
32402,2015-08-31T04:30:00+00:00,-1448672,4054.404
32402,2015-08-31T04:45:00+00:00,-1447772,4054.342
32402,2015-08-31T05:00:00+00:00,-1446872,4054.277
32402,2015-08-31T05:15:00+00:00,-1445972,4054.210
32402,2015-08-31T05:30:00+00:00,-1445072,4054.144
32402,2015-08-31T05:45:00+00:00,-1444172,4054.075
32402,2015-08-31T06:00:00+00:00,-1443272,4054.012
32402,2015-08-31T06:15:00+00:00,-1442372,4053.949
32402,2015-08-31T06:30:00+00:00,-1441472,4053.893
32402,2015-08-31T06:45:00+00:00,-1440572,4053.838
32402,2015-08-31T07:00:00+00:00,-1439672,4053.793
32402,2015-08-31T07:15:00+00:00,-1438772,4053.754
32402,2015-08-31T07:30:00+00:00,-1437872,4053.717
32402,2015-08-31T07:45:00+00:00,-1436972,4053.693
32402,2015-08-31T08:00:00+00:00,-1436072,4053.674
32402,2015-08-31T08:15:00+00:00,-1435172,4053.665
32402,2015-08-31T08:30:00+00:00,-1434272,4053.664
32402,2015-08-31T08:45:00+00:00,-1433372,4053.674
32402,2015-08-31T09:00:00+00:00,-1432472,4053.693
32402,2015-08-31T09:15:00+00:00,-1431572,4053.718
32402,2015-08-31T09:30:00+00:00,-1430672,4053.755
32402,2015-08-31T09:45:00+00:00,-1429772,4053.803
32402,2015-08-31T10:00:00+00:00,-1428872,4053.857
32402,2015-08-31T10:15:00+00:00,-1427972,4053.919
32402,2015-08-31T10:30:00+00:00,-1427072,4053.986
32402,2015-08-31T10:45:00+00:00,-1426172,4054.059
32402,2015-08-31T11:00:00+00:00,-1425272,4054.136
32402,2015-08-31T11:15:00+00:00,-1424372,4054.216
32402,2015-08-31T11:30:00+00:00,-1423472,4054.298
32402,2015-08-31T11:45:00+00:00,-1422572,4054.381
32402,2015-08-31T12:00:00+00:00,-1421672,4054.460
32402,2015-08-31T12:15:00+00:00,-1420772,4054.540
32402,2015-08-31T12:30:00+00:00,-1419872,4054.611
32402,2015-08-31T12:45:00+00:00,-1418972,4054.681
32402,2015-08-31T13:00:00+00:00,-1418072,4054.748
32402,2015-08-31T13:15:00+00:00,-1417172,4054.805
32402,2015-08-31T13:30:00+00:00,-1416272,4054.858
32402,2015-08-31T13:45:00+00:00,-1415372,4054.901
32402,2015-08-31T14:00:00+00:00,-1414472,4054.935
32402,2015-08-31T14:15:00+00:00,-1413572,4054.958
32402,2015-08-31T14:30:00+00:00,-1412672,4054.972
32402,2015-08-31T14:45:00+00:00,-1411772,4054.976
32402,2015-08-31T15:00:00+00:00,-1410872,4054.968
32402,2015-08-31T15:15:00+00:00,-1409972,4054.948
32402,2015-08-31T15:30:00+00:00,-1409072,4054.918
32402,2015-08-31T15:45:00+00:00,-1408172,4054.878
32402,2015-08-31T16:00:00+00:00,-1407272,4054.828
32402,2015-08-31T16:15:00+00:00,-1406372,4054.772
32402,2015-08-31T16:30:00+00:00,-1405472,4054.712
32402,2015-08-31T16:45:00+00:00,-1404572,4054.641
32402,2015-08-31T17:00:00+00:00,-1403672,4054.565
32402,2015-08-31T17:15:00+00:00,-1402772,4054.483
32402,2015-08-31T17:30:00+00:00,-1401872,4054.401
32402,2015-08-31T17:45:00+00:00,-1400972,4054.316
32402,2015-08-31T18:00:00+00:00,-1400072,4054.231
32402,2015-08-31T18:15:00+00:00,-1399172,4054.147
32402,2015-08-31T18:30:00+00:00,-1398272,4054.065
32402,2015-08-31T18:45:00+00:00,-1397372,4053.987
32402,2015-08-31T19:00:00+00:00,-1396472,4053.913
32402,2015-08-31T19:15:00+00:00,-1395572,4053.847
32402,2015-08-31T19:30:00+00:00,-1394672,4053.787
32402,2015-08-31T19:45:00+00:00,-1393772,4053.737
32402,2015-08-31T20:00:00+00:00,-1392872,4053.693
32402,2015-08-31T20:15:00+00:00,-1391972,4053.655
32402,2015-08-31T20:30:00+00:00,-1391072,4053.631
32402,2015-08-31T20:45:00+00:00,-1390172,4053.614
32402,2015-08-31T21:00:00+00:00,-1389272,4053.607
32402,2015-08-31T21:15:00+00:00,-1388372,4053.613
32402,2015-08-31T21:30:00+00:00,-1387472,4053.629
32402,2015-08-31T21:45:00+00:00,-1386572,4053.651
32402,2015-08-31T22:00:00+00:00,-1385672,4053.687
32402,2015-08-31T22:15:00+00:00,-1384772,4053.727
32402,2015-08-31T22:30:00+00:00,-1383872,4053.775
32402,2015-08-31T22:45:00+00:00,-1382972,4053.832
32402,2015-08-31T23:00:00+00:00,-1382072,4053.891
32402,2015-08-31T23:15:00+00:00,-1381172,4053.955
32402,2015-08-31T23:30:00+00:00,-1380272,4054.023
32402,2015-08-31T23:45:00+00:00,-1379372,4054.095
32402,2015-09-01T00:00:00+00:00,-1378472,4054.171
32402,2015-09-01T00:15:00+00:00,-1377572,4054.246
32402,2015-09-01T00:30:00+00:00,-1376672,4054.318
32402,2015-09-01T00:45:00+00:00,-1375772,4054.390
32402,2015-09-01T01:00:00+00:00,-1374872,4054.459
32402,2015-09-01T01:15:00+00:00,-1373972,4054.521
32402,2015-09-01T01:30:00+00:00,-1373072,4054.580
32402,2015-09-01T01:45:00+00:00,-1372172,4054.628
32402,2015-09-01T02:00:00+00:00,-1371272,4054.669
32402,2015-09-01T02:15:00+00:00,-1370372,4054.703
32402,2015-09-01T02:30:00+00:00,-1369472,4054.732
32402,2015-09-01T02:45:00+00:00,-1368572,4054.752
32402,2015-09-01T03:00:00+00:00,-1367672,4054.758
32402,2015-09-01T03:15:00+00:00,-1366772,4054.757
32402,2015-09-01T03:30:00+00:00,-1365872,4054.748
32402,2015-09-01T03:45:00+00:00,-1364972,4054.729
32402,2015-09-01T04:00:00+00:00,-1364072,4054.700
32402,2015-09-01T04:15:00+00:00,-1363172,4054.668
32402,2015-09-01T04:30:00+00:00,-1362272,4054.626
32402,2015-09-01T04:45:00+00:00,-1361372,4054.577
32402,2015-09-01T05:00:00+00:00,-1360472,4054.521
32402,2015-09-01T05:15:00+00:00,-1359572,4054.462
32402,2015-09-01T05:30:00+00:00,-1358672,4054.401
32402,2015-09-01T05:45:00+00:00,-1357772,4054.337
32402,2015-09-01T06:00:00+00:00,-1356872,4054.272
32402,2015-09-01T06:15:00+00:00,-1355972,4054.203
32402,2015-09-01T06:30:00+00:00,-1355072,4054.133
32402,2015-09-01T06:45:00+00:00,-1354172,4054.064
32402,2015-09-01T07:00:00+00:00,-1353272,4053.999
32402,2015-09-01T07:15:00+00:00,-1352372,4053.932
32402,2015-09-01T07:30:00+00:00,-1351472,4053.875
32402,2015-09-01T07:45:00+00:00,-1350572,4053.823
32402,2015-09-01T08:00:00+00:00,-1349672,4053.776
32402,2015-09-01T08:15:00+00:00,-1348772,4053.738
32402,2015-09-01T08:30:00+00:00,-1347872,4053.709
32402,2015-09-01T08:45:00+00:00,-1346972,4053.687
32402,2015-09-01T09:00:00+00:00,-1346072,4053.677
32402,2015-09-01T09:15:00+00:00,-1345172,4053.674
32402,2015-09-01T09:30:00+00:00,-1344272,4053.680
32402,2015-09-01T09:45:00+00:00,-1343372,4053.697
32402,2015-09-01T10:00:00+00:00,-1342472,4053.718
32402,2015-09-01T10:15:00+00:00,-1341572,4053.750
32402,2015-09-01T10:30:00+00:00,-1340672,4053.790
32402,2015-09-01T10:45:00+00:00,-1339772,4053.840
32402,2015-09-01T11:00:00+00:00,-1338872,4053.894
32402,2015-09-01T11:15:00+00:00,-1337972,4053.958
32402,2015-09-01T11:30:00+00:00,-1337072,4054.026
32402,2015-09-01T11:45:00+00:00,-1336172,4054.101
32402,2015-09-01T12:00:00+00:00,-1335272,4054.178
32402,2015-09-01T12:15:00+00:00,-1334372,4054.256
32402,2015-09-01T12:30:00+00:00,-1333472,4054.333
32402,2015-09-01T12:45:00+00:00,-1332572,4054.409
32402,2015-09-01T13:00:00+00:00,-1331672,4054.486
32402,2015-09-01T13:15:00+00:00,-1330772,4054.559
32402,2015-09-01T13:30:00+00:00,-1329872,4054.629
32402,2015-09-01T13:45:00+00:00,-1328972,4054.695
32402,2015-09-01T14:00:00+00:00,-1328072,4054.753
32402,2015-09-01T14:15:00+00:00,-1327172,4054.802
32402,2015-09-01T14:30:00+00:00,-1326272,4054.848
32402,2015-09-01T14:45:00+00:00,-1325372,4054.879
32402,2015-09-01T15:00:00+00:00,-1324472,4054.900
32402,2015-09-01T15:15:00+00:00,-1323572,4054.913
32402,2015-09-01T15:30:00+00:00,-1322672,4054.914
32402,2015-09-01T15:45:00+00:00,-1321772,4054.902
32402,2015-09-01T16:00:00+00:00,-1320872,4054.881
32402,2015-09-01T16:15:00+00:00,-1319972,4054.854
32402,2015-09-01T16:30:00+00:00,-1319072,4054.818
32402,2015-09-01T16:45:00+00:00,-1318172,4054.772
32402,2015-09-01T17:00:00+00:00,-1317272,4054.718
32402,2015-09-01T17:15:00+00:00,-1316372,4054.656
32402,2015-09-01T17:30:00+00:00,-1315472,4054.590
32402,2015-09-01T17:45:00+00:00,-1314572,4054.517
32402,2015-09-01T18:00:00+00:00,-1313672,4054.441
32402,2015-09-01T18:15:00+00:00,-1312772,4054.361
32402,2015-09-01T18:30:00+00:00,-1311872,4054.285
32402,2015-09-01T18:45:00+00:00,-1310972,4054.205
32402,2015-09-01T19:00:00+00:00,-1310072,4054.125
32402,2015-09-01T19:15:00+00:00,-1309172,4054.047
32402,2015-09-01T19:30:00+00:00,-1308272,4053.972
32402,2015-09-01T19:45:00+00:00,-1307372,4053.901
32402,2015-09-01T20:00:00+00:00,-1306472,4053.840
32402,2015-09-01T20:15:00+00:00,-1305572,4053.783
32402,2015-09-01T20:30:00+00:00,-1304672,4053.734
32402,2015-09-01T20:45:00+00:00,-1303772,4053.692
32402,2015-09-01T21:00:00+00:00,-1302872,4053.661
32402,2015-09-01T21:15:00+00:00,-1301972,4053.638
32402,2015-09-01T21:30:00+00:00,-1301072,4053.622
32402,2015-09-01T21:45:00+00:00,-1300172,4053.617
32402,2015-09-01T22:00:00+00:00,-1299272,4053.620
32402,2015-09-01T22:15:00+00:00,-1298372,4053.634
32402,2015-09-01T22:30:00+00:00,-1297472,4053.657
32402,2015-09-01T22:45:00+00:00,-1296572,4053.689
32402,2015-09-01T23:00:00+00:00,-1295672,4053.733
32402,2015-09-01T23:15:00+00:00,-1294772,4053.783
32402,2015-09-01T23:30:00+00:00,-1293872,4053.843
32402,2015-09-01T23:45:00+00:00,-1292972,4053.902
32402,2015-09-02T00:00:00+00:00,-1292072,4053.969
32402,2015-09-02T00:15:00+00:00,-1291172,4054.043
32402,2015-09-02T00:30:00+00:00,-1290272,4054.115
32402,2015-09-02T00:45:00+00:00,-1289372,4054.190
32402,2015-09-02T01:00:00+00:00,-1288472,4054.269
32402,2015-09-02T01:15:00+00:00,-1287572,4054.339
32402,2015-09-02T01:30:00+00:00,-1286672,4054.411
32402,2015-09-02T01:45:00+00:00,-1285772,4054.479
32402,2015-09-02T02:00:00+00:00,-1284872,4054.541
32402,2015-09-02T02:15:00+00:00,-1283972,4054.594
32402,2015-09-02T02:30:00+00:00,-1283072,4054.646
32402,2015-09-02T02:45:00+00:00,-1282172,4054.686
32402,2015-09-02T03:00:00+00:00,-1281272,4054.723
32402,2015-09-02T03:15:00+00:00,-1280372,4054.753
32402,2015-09-02T03:30:00+00:00,-1279472,4054.770
32402,2015-09-02T03:45:00+00:00,-1278572,4054.782
32402,2015-09-02T04:00:00+00:00,-1277672,4054.784
32402,2015-09-02T04:15:00+00:00,-1276772,4054.778
32402,2015-09-02T04:30:00+00:00,-1275872,4054.763
32402,2015-09-02T04:45:00+00:00,-1274972,4054.735
32402,2015-09-02T05:00:00+00:00,-1274072,4054.703
32402,2015-09-02T05:15:00+00:00,-1273172,4054.661
32402,2015-09-02T05:30:00+00:00,-1272272,4054.617
32402,2015-09-02T05:45:00+00:00,-1271372,4054.567
32402,2015-09-02T06:00:00+00:00,-1270472,4054.514
32402,2015-09-02T06:15:00+00:00,-1269572,4054.454
32402,2015-09-02T06:30:00+00:00,-1268672,4054.391
32402,2015-09-02T06:45:00+00:00,-1267772,4054.328
32402,2015-09-02T07:00:00+00:00,-1266872,4054.258
32402,2015-09-02T07:15:00+00:00,-1265972,4054.192
32402,2015-09-02T07:30:00+00:00,-1265072,4054.124
32402,2015-09-02T07:45:00+00:00,-1264172,4054.061
32402,2015-09-02T08:00:00+00:00,-1263272,4054.000
32402,2015-09-02T08:15:00+00:00,-1262372,4053.943
32402,2015-09-02T08:30:00+00:00,-1261472,4053.887
32402,2015-09-02T08:45:00+00:00,-1260572,4053.839
32402,2015-09-02T09:00:00+00:00,-1259672,4053.802
32402,2015-09-02T09:15:00+00:00,-1258772,4053.769
32402,2015-09-02T09:30:00+00:00,-1257872,4053.743
32402,2015-09-02T09:45:00+00:00,-1256972,4053.726
32402,2015-09-02T10:00:00+00:00,-1256072,4053.720
32402,2015-09-02T10:15:00+00:00,-1255172,4053.717
32402,2015-09-02T10:30:00+00:00,-1254272,4053.728
32402,2015-09-02T10:45:00+00:00,-1253372,4053.742
32402,2015-09-02T11:00:00+00:00,-1252472,4053.766
32402,2015-09-02T11:15:00+00:00,-1251572,4053.801
32402,2015-09-02T11:30:00+00:00,-1250672,4053.842
32402,2015-09-02T11:45:00+00:00,-1249772,4053.894
32402,2015-09-02T12:00:00+00:00,-1248872,4053.945
32402,2015-09-02T12:15:00+00:00,-1247972,4054.006
32402,2015-09-02T12:30:00+00:00,-1247072,4054.071
32402,2015-09-02T12:45:00+00:00,-1246172,4054.139
32402,2015-09-02T13:00:00+00:00,-1245272,4054.210
32402,2015-09-02T13:15:00+00:00,-1244372,4054.280
32402,2015-09-02T13:30:00+00:00,-1243472,4054.349
32402,2015-09-02T13:45:00+00:00,-1242572,4054.422
32402,2015-09-02T14:00:00+00:00,-1241672,4054.485
32402,2015-09-02T14:15:00+00:00,-1240772,4054.548
32402,2015-09-02T14:30:00+00:00,-1239872,4054.608
32402,2015-09-02T14:45:00+00:00,-1238972,4054.658
32402,2015-09-02T15:00:00+00:00,-1238072,4054.706
32402,2015-09-02T15:15:00+00:00,-1237172,4054.743
32402,2015-09-02T15:30:00+00:00,-1236272,4054.772
32402,2015-09-02T15:45:00+00:00,-1235372,4054.788
32402,2015-09-02T16:00:00+00:00,-1234472,4054.801
32402,2015-09-02T16:15:00+00:00,-1233572,4054.805
32402,2015-09-02T16:30:00+00:00,-1232672,4054.797
32402,2015-09-02T16:45:00+00:00,-1231772,4054.782
32402,2015-09-02T17:00:00+00:00,-1230872,4054.757
32402,2015-09-02T17:15:00+00:00,-1229972,4054.724
32402,2015-09-02T17:30:00+00:00,-1229072,4054.682
32402,2015-09-02T17:45:00+00:00,-1228172,4054.634
32402,2015-09-02T18:00:00+00:00,-1227272,4054.582
32402,2015-09-02T18:15:00+00:00,-1226372,4054.524
32402,2015-09-02T18:30:00+00:00,-1225472,4054.457
32402,2015-09-02T18:45:00+00:00,-1224572,4054.390
32402,2015-09-02T19:00:00+00:00,-1223672,4054.321
32402,2015-09-02T19:15:00+00:00,-1222772,4054.250
32402,2015-09-02T19:30:00+00:00,-1221872,4054.176
32402,2015-09-02T19:45:00+00:00,-1220972,4054.105
32402,2015-09-02T20:00:00+00:00,-1220072,4054.037
32402,2015-09-02T20:15:00+00:00,-1219172,4053.969
32402,2015-09-02T20:30:00+00:00,-1218272,4053.908
32402,2015-09-02T20:45:00+00:00,-1217372,4053.854
32402,2015-09-02T21:00:00+00:00,-1216472,4053.803
32402,2015-09-02T21:15:00+00:00,-1215572,4053.758
32402,2015-09-02T21:30:00+00:00,-1214672,4053.723
32402,2015-09-02T21:45:00+00:00,-1213772,4053.693
32402,2015-09-02T22:00:00+00:00,-1212872,4053.673
32402,2015-09-02T22:15:00+00:00,-1211972,4053.658
32402,2015-09-02T22:30:00+00:00,-1211072,4053.656
32402,2015-09-02T22:45:00+00:00,-1210172,4053.656
32402,2015-09-02T23:00:00+00:00,-1209272,4053.669
32402,2015-09-02T23:15:00+00:00,-1208372,4053.692
32402,2015-09-02T23:30:00+00:00,-1207472,4053.722
32402,2015-09-02T23:45:00+00:00,-1206572,4053.758
32402,2015-09-03T00:00:00+00:00,-1205672,4053.808
32402,2015-09-03T00:15:00+00:00,-1204772,4053.861
32402,2015-09-03T00:30:00+00:00,-1203872,4053.919
32402,2015-09-03T00:45:00+00:00,-1202972,4053.983
32402,2015-09-03T01:00:00+00:00,-1202072,4054.050
32402,2015-09-03T01:15:00+00:00,-1201172,4054.119
32402,2015-09-03T01:30:00+00:00,-1200272,4054.189
32402,2015-09-03T01:45:00+00:00,-1199372,4054.258
32402,2015-09-03T02:00:00+00:00,-1198472,4054.325
32402,2015-09-03T02:15:00+00:00,-1197572,4054.394
32402,2015-09-03T02:30:00+00:00,-1196672,4054.459
32402,2015-09-03T02:45:00+00:00,-1195772,4054.518
32402,2015-09-03T03:00:00+00:00,-1194872,4054.578
32402,2015-09-03T03:15:00+00:00,-1193972,4054.627
32402,2015-09-03T03:30:00+00:00,-1193072,4054.671
32402,2015-09-03T03:45:00+00:00,-1192172,4054.705
32402,2015-09-03T04:00:00+00:00,-1191272,4054.736
32402,2015-09-03T04:15:00+00:00,-1190372,4054.757
32402,2015-09-03T04:30:00+00:00,-1189472,4054.770
32402,2015-09-03T04:45:00+00:00,-1188572,4054.775
32402,2015-09-03T05:00:00+00:00,-1187672,4054.771
32402,2015-09-03T05:15:00+00:00,-1186772,4054.762
32402,2015-09-03T05:30:00+00:00,-1185872,4054.742
32402,2015-09-03T05:45:00+00:00,-1184972,4054.712
32402,2015-09-03T06:00:00+00:00,-1184072,4054.677
32402,2015-09-03T06:15:00+00:00,-1183172,4054.636
32402,2015-09-03T06:30:00+00:00,-1182272,4054.594
32402,2015-09-03T06:45:00+00:00,-1181372,4054.542
32402,2015-09-03T07:00:00+00:00,-1180472,4054.489
32402,2015-09-03T07:15:00+00:00,-1179572,4054.436
32402,2015-09-03T07:30:00+00:00,-1178672,4054.378
32402,2015-09-03T07:45:00+00:00,-1177772,4054.314
32402,2015-09-03T08:00:00+00:00,-1176872,4054.253
32402,2015-09-03T08:15:00+00:00,-1175972,4054.191
32402,2015-09-03T08:30:00+00:00,-1175072,4054.127
32402,2015-09-03T08:45:00+00:00,-1174172,4054.068
32402,2015-09-03T09:00:00+00:00,-1173272,4054.012
32402,2015-09-03T09:15:00+00:00,-1172372,4053.960
32402,2015-09-03T09:30:00+00:00,-1171472,4053.916
32402,2015-09-03T09:45:00+00:00,-1170572,4053.878
32402,2015-09-03T10:00:00+00:00,-1169672,4053.847
32402,2015-09-03T10:15:00+00:00,-1168772,4053.819
32402,2015-09-03T10:30:00+00:00,-1167872,4053.798
32402,2015-09-03T10:45:00+00:00,-1166972,4053.784
32402,2015-09-03T11:00:00+00:00,-1166072,4053.779
32402,2015-09-03T11:15:00+00:00,-1165172,4053.776
32402,2015-09-03T11:30:00+00:00,-1164272,4053.785
32402,2015-09-03T11:45:00+00:00,-1163372,4053.803
32402,2015-09-03T12:00:00+00:00,-1162472,4053.827
32402,2015-09-03T12:15:00+00:00,-1161572,4053.853
32402,2015-09-03T12:30:00+00:00,-1160672,4053.890
32402,2015-09-03T12:45:00+00:00,-1159772,4053.932
32402,2015-09-03T13:00:00+00:00,-1158872,4053.982
32402,2015-09-03T13:15:00+00:00,-1157972,4054.031
32402,2015-09-03T13:30:00+00:00,-1157072,4054.087
32402,2015-09-03T13:45:00+00:00,-1156172,4054.147
32402,2015-09-03T14:00:00+00:00,-1155272,4054.208
32402,2015-09-03T14:15:00+00:00,-1154372,4054.267
32402,2015-09-03T14:30:00+00:00,-1153472,4054.327
32402,2015-09-03T14:45:00+00:00,-1152572,4054.384
32402,2015-09-03T15:00:00+00:00,-1151672,4054.438
32402,2015-09-03T15:15:00+00:00,-1150772,4054.490
32402,2015-09-03T15:30:00+00:00,-1149872,4054.532
32402,2015-09-03T15:45:00+00:00,-1148972,4054.571
32402,2015-09-03T16:00:00+00:00,-1148072,4054.605
32402,2015-09-03T16:15:00+00:00,-1147172,4054.631
32402,2015-09-03T16:30:00+00:00,-1146272,4054.648
32402,2015-09-03T16:45:00+00:00,-1145372,4054.662
32402,2015-09-03T17:00:00+00:00,-1144472,4054.672
32402,2015-09-03T17:15:00+00:00,-1143572,4054.671
32402,2015-09-03T17:30:00+00:00,-1142672,4054.659
32402,2015-09-03T17:45:00+00:00,-1141772,4054.645
32402,2015-09-03T18:00:00+00:00,-1140872,4054.623
32402,2015-09-03T18:15:00+00:00,-1139972,4054.589
32402,2015-09-03T18:30:00+00:00,-1139072,4054.551
32402,2015-09-03T18:45:00+00:00,-1138172,4054.508
32402,2015-09-03T19:00:00+00:00,-1137272,4054.461
32402,2015-09-03T19:15:00+00:00,-1136372,4054.407
32402,2015-09-03T19:30:00+00:00,-1135472,4054.355
32402,2015-09-03T19:45:00+00:00,-1134572,4054.295
32402,2015-09-03T20:00:00+00:00,-1133672,4054.237
32402,2015-09-03T20:15:00+00:00,-1132772,4054.178
32402,2015-09-03T20:30:00+00:00,-1131872,4054.119
32402,2015-09-03T20:45:00+00:00,-1130972,4054.058
32402,2015-09-03T21:00:00+00:00,-1130072,4054.005
32402,2015-09-03T21:15:00+00:00,-1129172,4053.952
32402,2015-09-03T21:30:00+00:00,-1128272,4053.905
32402,2015-09-03T21:45:00+00:00,-1127372,4053.860
32402,2015-09-03T22:00:00+00:00,-1126472,4053.824
32402,2015-09-03T22:15:00+00:00,-1125572,4053.794
32402,2015-09-03T22:30:00+00:00,-1124672,4053.769
32402,2015-09-03T22:45:00+00:00,-1123772,4053.750
32402,2015-09-03T23:00:00+00:00,-1122872,4053.744
32402,2015-09-03T23:15:00+00:00,-1121972,4053.740
32402,2015-09-03T23:30:00+00:00,-1121072,4053.740
32402,2015-09-03T23:45:00+00:00,-1120172,4053.751
32402,2015-09-04T00:00:00+00:00,-1119272,4053.769
32402,2015-09-04T00:15:00+00:00,-1118372,4053.795
32402,2015-09-04T00:30:00+00:00,-1117472,4053.828
32402,2015-09-04T00:45:00+00:00,-1116572,4053.866
32402,2015-09-04T01:00:00+00:00,-1115672,4053.912
32402,2015-09-04T01:15:00+00:00,-1114772,4053.962
32402,2015-09-04T01:30:00+00:00,-1113872,4054.016
32402,2015-09-04T01:45:00+00:00,-1112972,4054.073
32402,2015-09-04T02:00:00+00:00,-1112072,4054.134
32402,2015-09-04T02:15:00+00:00,-1111172,4054.197
32402,2015-09-04T02:30:00+00:00,-1110272,4054.257
32402,2015-09-04T02:45:00+00:00,-1109372,4054.323
32402,2015-09-04T03:00:00+00:00,-1108472,4054.384
32402,2015-09-04T03:15:00+00:00,-1107572,4054.443
32402,2015-09-04T03:30:00+00:00,-1106672,4054.501
32402,2015-09-04T03:45:00+00:00,-1105772,4054.553
32402,2015-09-04T04:00:00+00:00,-1104872,4054.602
32402,2015-09-04T04:15:00+00:00,-1103972,4054.648
32402,2015-09-04T04:30:00+00:00,-1103072,4054.682
32402,2015-09-04T04:45:00+00:00,-1102172,4054.711
32402,2015-09-04T05:00:00+00:00,-1101272,4054.736
32402,2015-09-04T05:15:00+00:00,-1100372,4054.750
32402,2015-09-04T05:30:00+00:00,-1099472,4054.756
32402,2015-09-04T05:45:00+00:00,-1098572,4054.756
32402,2015-09-04T06:00:00+00:00,-1097672,4054.749
32402,2015-09-04T06:15:00+00:00,-1096772,4054.740
32402,2015-09-04T06:30:00+00:00,-1095872,4054.720
32402,2015-09-04T06:45:00+00:00,-1094972,4054.694
32402,2015-09-04T07:00:00+00:00,-1094072,4054.663
32402,2015-09-04T07:15:00+00:00,-1093172,4054.632
32402,2015-09-04T07:30:00+00:00,-1092272,4054.590
32402,2015-09-04T07:45:00+00:00,-1091372,4054.545
32402,2015-09-04T08:00:00+00:00,-1090472,4054.495
32402,2015-09-04T08:15:00+00:00,-1089572,4054.450
32402,2015-09-04T08:30:00+00:00,-1088672,4054.397
32402,2015-09-04T08:45:00+00:00,-1087772,4054.341
32402,2015-09-04T09:00:00+00:00,-1086872,4054.291
32402,2015-09-04T09:15:00+00:00,-1085972,4054.238
32402,2015-09-04T09:30:00+00:00,-1085072,4054.188
32402,2015-09-04T09:45:00+00:00,-1084172,4054.137
32402,2015-09-04T10:00:00+00:00,-1083272,4054.091
32402,2015-09-04T10:15:00+00:00,-1082372,4054.050
32402,2015-09-04T10:30:00+00:00,-1081472,4054.007
32402,2015-09-04T10:45:00+00:00,-1080572,4053.969
32402,2015-09-04T11:00:00+00:00,-1079672,4053.940
32402,2015-09-04T11:15:00+00:00,-1078772,4053.910
32402,2015-09-04T11:30:00+00:00,-1077872,4053.891
32402,2015-09-04T11:45:00+00:00,-1076972,4053.876
32402,2015-09-04T12:00:00+00:00,-1076072,4053.866
32402,2015-09-04T12:15:00+00:00,-1075172,4053.865
32402,2015-09-04T12:30:00+00:00,-1074272,4053.869
32402,2015-09-04T12:45:00+00:00,-1073372,4053.878
32402,2015-09-04T13:00:00+00:00,-1072472,4053.894
32402,2015-09-04T13:15:00+00:00,-1071572,4053.916
32402,2015-09-04T13:30:00+00:00,-1070672,4053.945
32402,2015-09-04T13:45:00+00:00,-1069772,4053.979
32402,2015-09-04T14:00:00+00:00,-1068872,4054.013
32402,2015-09-04T14:15:00+00:00,-1067972,4054.053
32402,2015-09-04T14:30:00+00:00,-1067072,4054.096
32402,2015-09-04T14:45:00+00:00,-1066172,4054.141
32402,2015-09-04T15:00:00+00:00,-1065272,4054.183
32402,2015-09-04T15:15:00+00:00,-1064372,4054.229
32402,2015-09-04T15:30:00+00:00,-1063472,4054.277
32402,2015-09-04T15:45:00+00:00,-1062572,4054.318
32402,2015-09-04T16:00:00+00:00,-1061672,4054.364
32402,2015-09-04T16:15:00+00:00,-1060772,4054.397
32402,2015-09-04T16:30:00+00:00,-1059872,4054.433
32402,2015-09-04T16:45:00+00:00,-1058972,4054.462
32402,2015-09-04T17:00:00+00:00,-1058072,4054.488
32402,2015-09-04T17:15:00+00:00,-1057172,4054.508
32402,2015-09-04T17:30:00+00:00,-1056272,4054.520
32402,2015-09-04T17:45:00+00:00,-1055372,4054.532
32402,2015-09-04T18:00:00+00:00,-1054472,4054.530
32402,2015-09-04T18:15:00+00:00,-1053572,4054.529
32402,2015-09-04T18:30:00+00:00,-1052672,4054.520
32402,2015-09-04T18:45:00+00:00,-1051772,4054.507
32402,2015-09-04T19:00:00+00:00,-1050872,4054.487
32402,2015-09-04T19:15:00+00:00,-1049972,4054.462
32402,2015-09-04T19:30:00+00:00,-1049072,4054.435
32402,2015-09-04T19:45:00+00:00,-1048172,4054.402
32402,2015-09-04T20:00:00+00:00,-1047272,4054.365
32402,2015-09-04T20:15:00+00:00,-1046372,4054.326
32402,2015-09-04T20:30:00+00:00,-1045472,4054.280
32402,2015-09-04T20:45:00+00:00,-1044572,4054.237
32402,2015-09-04T21:00:00+00:00,-1043672,4054.193
32402,2015-09-04T21:15:00+00:00,-1042772,4054.145
32402,2015-09-04T21:30:00+00:00,-1041872,4054.102
32402,2015-09-04T21:45:00+00:00,-1040972,4054.062
32402,2015-09-04T22:00:00+00:00,-1040072,4054.015
32402,2015-09-04T22:15:00+00:00,-1039172,4053.976
32402,2015-09-04T22:30:00+00:00,-1038272,4053.938
32402,2015-09-04T22:45:00+00:00,-1037372,4053.906
32402,2015-09-04T23:00:00+00:00,-1036472,4053.881
32402,2015-09-04T23:15:00+00:00,-1035572,4053.861
32402,2015-09-04T23:30:00+00:00,-1034672,4053.843
32402,2015-09-04T23:45:00+00:00,-1033772,4053.831
32402,2015-09-05T00:00:00+00:00,-1032872,4053.824
32402,2015-09-05T00:15:00+00:00,-1031972,4053.825
32402,2015-09-05T00:30:00+00:00,-1031072,4053.831
32402,2015-09-05T00:45:00+00:00,-1030172,4053.840
32402,2015-09-05T01:00:00+00:00,-1029272,4053.856
32402,2015-09-05T01:15:00+00:00,-1028372,4053.879
32402,2015-09-05T01:30:00+00:00,-1027472,4053.912
32402,2015-09-05T01:45:00+00:00,-1026572,4053.946
32402,2015-09-05T02:00:00+00:00,-1025672,4053.984
32402,2015-09-05T02:15:00+00:00,-1024772,4054.029
32402,2015-09-05T02:30:00+00:00,-1023872,4054.080
32402,2015-09-05T02:45:00+00:00,-1022972,4054.131
32402,2015-09-05T03:00:00+00:00,-1022072,4054.181
32402,2015-09-05T03:15:00+00:00,-1021172,4054.234
32402,2015-09-05T03:30:00+00:00,-1020272,4054.290
32402,2015-09-05T03:45:00+00:00,-1019372,4054.339
32402,2015-09-05T04:00:00+00:00,-1018472,4054.387
32402,2015-09-05T04:15:00+00:00,-1017572,4054.440
32402,2015-09-05T04:30:00+00:00,-1016672,4054.483
32402,2015-09-05T04:45:00+00:00,-1015772,4054.525
32402,2015-09-05T05:00:00+00:00,-1014872,4054.570
32402,2015-09-05T05:15:00+00:00,-1013972,4054.604
32402,2015-09-05T05:30:00+00:00,-1013072,4054.635
32402,2015-09-05T05:45:00+00:00,-1012172,4054.660
32402,2015-09-05T06:00:00+00:00,-1011272,4054.682
32402,2015-09-05T06:15:00+00:00,-1010372,4054.692
32402,2015-09-05T06:30:00+00:00,-1009472,4054.704
32402,2015-09-05T06:45:00+00:00,-1008572,4054.705
32402,2015-09-05T07:00:00+00:00,-1007672,4054.700
32402,2015-09-05T07:15:00+00:00,-1006772,4054.691
32402,2015-09-05T07:30:00+00:00,-1005872,4054.681
32402,2015-09-05T07:45:00+00:00,-1004972,4054.663
32402,2015-09-05T08:00:00+00:00,-1004072,4054.636
32402,2015-09-05T08:15:00+00:00,-1003172,4054.605
32402,2015-09-05T08:30:00+00:00,-1002272,4054.572
32402,2015-09-05T08:45:00+00:00,-1001372,4054.536
32402,2015-09-05T09:00:00+00:00,-1000472,4054.494
32402,2015-09-05T09:15:00+00:00,-999572,4054.456
32402,2015-09-05T09:30:00+00:00,-998672,4054.412
32402,2015-09-05T09:45:00+00:00,-997772,4054.369
32402,2015-09-05T10:00:00+00:00,-996872,4054.323
32402,2015-09-05T10:15:00+00:00,-995972,4054.282
32402,2015-09-05T10:30:00+00:00,-995072,4054.237
32402,2015-09-05T10:45:00+00:00,-994172,4054.192
32402,2015-09-05T11:00:00+00:00,-993272,4054.149
32402,2015-09-05T11:15:00+00:00,-992372,4054.112
32402,2015-09-05T11:30:00+00:00,-991472,4054.071
32402,2015-09-05T11:45:00+00:00,-990572,4054.037
32402,2015-09-05T12:00:00+00:00,-989672,4054.010
32402,2015-09-05T12:15:00+00:00,-988772,4053.978
32402,2015-09-05T12:30:00+00:00,-987872,4053.959
32402,2015-09-05T12:45:00+00:00,-986972,4053.942
32402,2015-09-05T13:00:00+00:00,-986072,4053.932
32402,2015-09-05T13:15:00+00:00,-985172,4053.924
32402,2015-09-05T13:30:00+00:00,-984272,4053.921
32402,2015-09-05T13:45:00+00:00,-983372,4053.926
32402,2015-09-05T14:00:00+00:00,-982472,4053.930
32402,2015-09-05T14:15:00+00:00,-981572,4053.946
32402,2015-09-05T14:30:00+00:00,-980672,4053.964
32402,2015-09-05T14:45:00+00:00,-979772,4053.986
32402,2015-09-05T15:00:00+00:00,-978872,4054.010
32402,2015-09-05T15:15:00+00:00,-977972,4054.038
32402,2015-09-05T15:30:00+00:00,-977072,4054.069
32402,2015-09-05T15:45:00+00:00,-976172,4054.101
32402,2015-09-05T16:00:00+00:00,-975272,4054.133
32402,2015-09-05T16:15:00+00:00,-974372,4054.161
32402,2015-09-05T16:30:00+00:00,-973472,4054.195
32402,2015-09-05T16:45:00+00:00,-972572,4054.231
32402,2015-09-05T17:00:00+00:00,-971672,4054.260
32402,2015-09-05T17:15:00+00:00,-970772,4054.285
32402,2015-09-05T17:30:00+00:00,-969872,4054.312
32402,2015-09-05T17:45:00+00:00,-968972,4054.334
32402,2015-09-05T18:00:00+00:00,-968072,4054.357
32402,2015-09-05T18:15:00+00:00,-967172,4054.378
32402,2015-09-05T18:30:00+00:00,-966272,4054.391
32402,2015-09-05T18:45:00+00:00,-965372,4054.401
32402,2015-09-05T19:00:00+00:00,-964472,4054.404
32402,2015-09-05T19:15:00+00:00,-963572,4054.401
32402,2015-09-05T19:30:00+00:00,-962672,4054.403
32402,2015-09-05T19:45:00+00:00,-961772,4054.393
32402,2015-09-05T20:00:00+00:00,-960872,4054.383
32402,2015-09-05T20:15:00+00:00,-959972,4054.366
32402,2015-09-05T20:30:00+00:00,-959072,4054.350
32402,2015-09-05T20:45:00+00:00,-958172,4054.326
32402,2015-09-05T21:00:00+00:00,-957272,4054.299
32402,2015-09-05T21:15:00+00:00,-956372,4054.273
32402,2015-09-05T21:30:00+00:00,-955472,4054.241
32402,2015-09-05T21:45:00+00:00,-954572,4054.211
32402,2015-09-05T22:00:00+00:00,-953672,4054.174
32402,2015-09-05T22:15:00+00:00,-952772,4054.141
32402,2015-09-05T22:30:00+00:00,-951872,4054.109
32402,2015-09-05T22:45:00+00:00,-950972,4054.077
32402,2015-09-05T23:00:00+00:00,-950072,4054.047
32402,2015-09-05T23:15:00+00:00,-949172,4054.015
32402,2015-09-05T23:30:00+00:00,-948272,4053.988
32402,2015-09-05T23:45:00+00:00,-947372,4053.962
32402,2015-09-06T00:00:00+00:00,-946472,4053.945
32402,2015-09-06T00:15:00+00:00,-945572,4053.922
32402,2015-09-06T00:30:00+00:00,-944672,4053.906
32402,2015-09-06T00:45:00+00:00,-943772,4053.899
32402,2015-09-06T01:00:00+00:00,-942872,4053.896
32402,2015-09-06T01:15:00+00:00,-941972,4053.895
32402,2015-09-06T01:30:00+00:00,-941072,4053.897
32402,2015-09-06T01:45:00+00:00,-940172,4053.908
32402,2015-09-06T02:00:00+00:00,-939272,4053.924
32402,2015-09-06T02:15:00+00:00,-938372,4053.942
32402,2015-09-06T02:30:00+00:00,-937472,4053.970
32402,2015-09-06T02:45:00+00:00,-936572,4053.998
32402,2015-09-06T03:00:00+00:00,-935672,4054.031
32402,2015-09-06T03:15:00+00:00,-934772,4054.070
32402,2015-09-06T03:30:00+00:00,-933872,4054.108
32402,2015-09-06T03:45:00+00:00,-932972,4054.153
32402,2015-09-06T04:00:00+00:00,-932072,4054.193
32402,2015-09-06T04:15:00+00:00,-931172,4054.237
32402,2015-09-06T04:30:00+00:00,-930272,4054.284
32402,2015-09-06T04:45:00+00:00,-929372,4054.327
32402,2015-09-06T05:00:00+00:00,-928472,4054.374
32402,2015-09-06T05:15:00+00:00,-927572,4054.418
32402,2015-09-06T05:30:00+00:00,-926672,4054.459
32402,2015-09-06T05:45:00+00:00,-925772,4054.497
32402,2015-09-06T06:00:00+00:00,-924872,4054.532
32402,2015-09-06T06:15:00+00:00,-923972,4054.564
32402,2015-09-06T06:30:00+00:00,-923072,4054.595
32402,2015-09-06T06:45:00+00:00,-922172,4054.618
32402,2015-09-06T07:00:00+00:00,-921272,4054.639
32402,2015-09-06T07:15:00+00:00,-920372,4054.656
32402,2015-09-06T07:30:00+00:00,-919472,4054.667
32402,2015-09-06T07:45:00+00:00,-918572,4054.675
32402,2015-09-06T08:00:00+00:00,-917672,4054.678
32402,2015-09-06T08:15:00+00:00,-916772,4054.676
32402,2015-09-06T08:30:00+00:00,-915872,4054.666
32402,2015-09-06T08:45:00+00:00,-914972,4054.653
32402,2015-09-06T09:00:00+00:00,-914072,4054.640
32402,2015-09-06T09:15:00+00:00,-913172,4054.618
32402,2015-09-06T09:30:00+00:00,-912272,4054.592
32402,2015-09-06T09:45:00+00:00,-911372,4054.567
32402,2015-09-06T10:00:00+00:00,-910472,4054.534
32402,2015-09-06T10:15:00+00:00,-909572,4054.502
32402,2015-09-06T10:30:00+00:00,-908672,4054.463
32402,2015-09-06T10:45:00+00:00,-907772,4054.426
32402,2015-09-06T11:00:00+00:00,-906872,4054.386
32402,2015-09-06T11:15:00+00:00,-905972,4054.347
32402,2015-09-06T11:30:00+00:00,-905072,4054.305
32402,2015-09-06T11:45:00+00:00,-904172,4054.262
32402,2015-09-06T12:00:00+00:00,-903272,4054.223
32402,2015-09-06T12:15:00+00:00,-902372,4054.184
32402,2015-09-06T12:30:00+00:00,-901472,4054.150
32402,2015-09-06T12:45:00+00:00,-900572,4054.113
32402,2015-09-06T13:00:00+00:00,-899672,4054.079
32402,2015-09-06T13:15:00+00:00,-898772,4054.049
32402,2015-09-06T13:30:00+00:00,-897872,4054.024
32402,2015-09-06T13:45:00+00:00,-896972,4053.999
32402,2015-09-06T14:00:00+00:00,-896072,4053.983
32402,2015-09-06T14:15:00+00:00,-895172,4053.968
32402,2015-09-06T14:30:00+00:00,-894272,4053.959
32402,2015-09-06T14:45:00+00:00,-893372,4053.955
32402,2015-09-06T15:00:00+00:00,-892472,4053.951
32402,2015-09-06T15:15:00+00:00,-891572,4053.953
32402,2015-09-06T15:30:00+00:00,-890672,4053.959
32402,2015-09-06T15:45:00+00:00,-889772,4053.969
32402,2015-09-06T16:00:00+00:00,-888872,4053.983
32402,2015-09-06T16:15:00+00:00,-887972,4053.999
32402,2015-09-06T16:30:00+00:00,-887072,4054.019
32402,2015-09-06T16:45:00+00:00,-886172,4054.042
32402,2015-09-06T17:00:00+00:00,-885272,4054.065
32402,2015-09-06T17:15:00+00:00,-884372,4054.089
32402,2015-09-06T17:30:00+00:00,-883472,4054.115
32402,2015-09-06T17:45:00+00:00,-882572,4054.143
32402,2015-09-06T18:00:00+00:00,-881672,4054.170
32402,2015-09-06T18:15:00+00:00,-880772,4054.198
32402,2015-09-06T18:30:00+00:00,-879872,4054.225
32402,2015-09-06T18:45:00+00:00,-878972,4054.246
32402,2015-09-06T19:00:00+00:00,-878072,4054.270
32402,2015-09-06T19:15:00+00:00,-877172,4054.292
32402,2015-09-06T19:30:00+00:00,-876272,4054.307
32402,2015-09-06T19:45:00+00:00,-875372,4054.326
32402,2015-09-06T20:00:00+00:00,-874472,4054.338
32402,2015-09-06T20:15:00+00:00,-873572,4054.346
32402,2015-09-06T20:30:00+00:00,-872672,4054.351
32402,2015-09-06T20:45:00+00:00,-871772,4054.349
32402,2015-09-06T21:00:00+00:00,-870872,4054.348
32402,2015-09-06T21:15:00+00:00,-869972,4054.342
32402,2015-09-06T21:30:00+00:00,-869072,4054.331
32402,2015-09-06T21:45:00+00:00,-868172,4054.319
32402,2015-09-06T22:00:00+00:00,-867272,4054.305
32402,2015-09-06T22:15:00+00:00,-866372,4054.285
32402,2015-09-06T22:30:00+00:00,-865472,4054.264
32402,2015-09-06T22:45:00+00:00,-864572,4054.239
32402,2015-09-06T23:00:00+00:00,-863672,4054.214
32402,2015-09-06T23:15:00+00:00,-862772,4054.188
32402,2015-09-06T23:30:00+00:00,-861872,4054.156
32402,2015-09-06T23:45:00+00:00,-860972,4054.134
32402,2015-09-07T00:00:00+00:00,-860072,4054.105
32402,2015-09-07T00:15:00+00:00,-859172,4054.075
32402,2015-09-07T00:30:00+00:00,-858272,4054.053
32402,2015-09-07T00:45:00+00:00,-857372,4054.030
32402,2015-09-07T01:00:00+00:00,-856472,4054.009
32402,2015-09-07T01:15:00+00:00,-855572,4053.993
32402,2015-09-07T01:30:00+00:00,-854672,4053.975
32402,2015-09-07T01:45:00+00:00,-853772,4053.965
32402,2015-09-07T02:00:00+00:00,-852872,4053.956
32402,2015-09-07T02:15:00+00:00,-851972,4053.955
32402,2015-09-07T02:30:00+00:00,-851072,4053.957
32402,2015-09-07T02:45:00+00:00,-850172,4053.962
32402,2015-09-07T03:00:00+00:00,-849272,4053.971
32402,2015-09-07T03:15:00+00:00,-848372,4053.984
32402,2015-09-07T03:30:00+00:00,-847472,4054.003
32402,2015-09-07T03:45:00+00:00,-846572,4054.024
32402,2015-09-07T04:00:00+00:00,-845672,4054.048
32402,2015-09-07T04:15:00+00:00,-844772,4054.075
32402,2015-09-07T04:30:00+00:00,-843872,4054.108
32402,2015-09-07T04:45:00+00:00,-842972,4054.142
32402,2015-09-07T05:00:00+00:00,-842072,4054.178
32402,2015-09-07T05:15:00+00:00,-841172,4054.217
32402,2015-09-07T05:30:00+00:00,-840272,4054.257
32402,2015-09-07T05:45:00+00:00,-839372,4054.299
32402,2015-09-07T06:00:00+00:00,-838472,4054.340
32402,2015-09-07T06:15:00+00:00,-837572,4054.378
32402,2015-09-07T06:30:00+00:00,-836672,4054.416
32402,2015-09-07T06:45:00+00:00,-835772,4054.453
32402,2015-09-07T07:00:00+00:00,-834872,4054.489
32402,2015-09-07T07:15:00+00:00,-833972,4054.524
32402,2015-09-07T07:30:00+00:00,-833072,4054.556
32402,2015-09-07T07:45:00+00:00,-832172,4054.583
32402,2015-09-07T08:00:00+00:00,-831272,4054.610
32402,2015-09-07T08:15:00+00:00,-830372,4054.631
32402,2015-09-07T08:30:00+00:00,-829472,4054.644
32402,2015-09-07T08:45:00+00:00,-828572,4054.657
32402,2015-09-07T09:00:00+00:00,-827672,4054.669
32402,2015-09-07T09:15:00+00:00,-826772,4054.674
32402,2015-09-07T09:30:00+00:00,-825872,4054.675
32402,2015-09-07T09:45:00+00:00,-824972,4054.666
32402,2015-09-07T10:00:00+00:00,-824072,4054.657
32402,2015-09-07T10:15:00+00:00,-823172,4054.639
32402,2015-09-07T10:30:00+00:00,-822272,4054.618
32402,2015-09-07T10:45:00+00:00,-821372,4054.593
32402,2015-09-07T11:00:00+00:00,-820472,4054.566
32402,2015-09-07T11:15:00+00:00,-819572,4054.535
32402,2015-09-07T11:30:00+00:00,-818672,4054.504
32402,2015-09-07T11:45:00+00:00,-817772,4054.469
32402,2015-09-07T12:00:00+00:00,-816872,4054.434
32402,2015-09-07T12:15:00+00:00,-815972,4054.393
32402,2015-09-07T12:30:00+00:00,-815072,4054.352
32402,2015-09-07T12:45:00+00:00,-814172,4054.314
32402,2015-09-07T13:00:00+00:00,-813272,4054.275
32402,2015-09-07T13:15:00+00:00,-812372,4054.234
32402,2015-09-07T13:30:00+00:00,-811472,4054.192
32402,2015-09-07T13:45:00+00:00,-810572,4054.151
32402,2015-09-07T14:00:00+00:00,-809672,4054.115
32402,2015-09-07T14:15:00+00:00,-808772,4054.083
32402,2015-09-07T14:30:00+00:00,-807872,4054.050
32402,2015-09-07T14:45:00+00:00,-806972,4054.020
32402,2015-09-07T15:00:00+00:00,-806072,4053.994
32402,2015-09-07T15:15:00+00:00,-805172,4053.975
32402,2015-09-07T15:30:00+00:00,-804272,4053.954
32402,2015-09-07T15:45:00+00:00,-803372,4053.942
32402,2015-09-07T16:00:00+00:00,-802472,4053.931
32402,2015-09-07T16:15:00+00:00,-801572,4053.930
32402,2015-09-07T16:30:00+00:00,-800672,4053.927
32402,2015-09-07T16:45:00+00:00,-799772,4053.932
32402,2015-09-07T17:00:00+00:00,-798872,4053.944
32402,2015-09-07T17:15:00+00:00,-797972,4053.958
32402,2015-09-07T17:30:00+00:00,-797072,4053.975
32402,2015-09-07T17:45:00+00:00,-796172,4053.994
32402,2015-09-07T18:00:00+00:00,-795272,4054.017
32402,2015-09-07T18:15:00+00:00,-794372,4054.041
32402,2015-09-07T18:30:00+00:00,-793472,4054.070
32402,2015-09-07T18:45:00+00:00,-792572,4054.098
32402,2015-09-07T19:00:00+00:00,-791672,4054.129
32402,2015-09-07T19:15:00+00:00,-790772,4054.159
32402,2015-09-07T19:30:00+00:00,-789872,4054.186
32402,2015-09-07T19:45:00+00:00,-788972,4054.216
32402,2015-09-07T20:00:00+00:00,-788072,4054.241
32402,2015-09-07T20:15:00+00:00,-787172,4054.267
32402,2015-09-07T20:30:00+00:00,-786272,4054.290
32402,2015-09-07T20:45:00+00:00,-785372,4054.313
32402,2015-09-07T21:00:00+00:00,-784472,4054.330
32402,2015-09-07T21:15:00+00:00,-783572,4054.340
32402,2015-09-07T21:30:00+00:00,-782672,4054.349
32402,2015-09-07T21:45:00+00:00,-781772,4054.353
32402,2015-09-07T22:00:00+00:00,-780872,4054.352
32402,2015-09-07T22:15:00+00:00,-779972,4054.350
32402,2015-09-07T22:30:00+00:00,-779072,4054.346
32402,2015-09-07T22:45:00+00:00,-778172,4054.337
32402,2015-09-07T23:00:00+00:00,-777272,4054.326
32402,2015-09-07T23:15:00+00:00,-776372,4054.314
32402,2015-09-07T23:30:00+00:00,-775472,4054.295
32402,2015-09-07T23:45:00+00:00,-774572,4054.277
32402,2015-09-08T00:00:00+00:00,-773672,4054.250
32402,2015-09-08T00:15:00+00:00,-772772,4054.227
32402,2015-09-08T00:30:00+00:00,-771872,4054.199
32402,2015-09-08T00:45:00+00:00,-770972,4054.173
32402,2015-09-08T01:00:00+00:00,-770072,4054.146
32402,2015-09-08T01:15:00+00:00,-769172,4054.118
32402,2015-09-08T01:30:00+00:00,-768272,4054.093
32402,2015-09-08T01:45:00+00:00,-767372,4054.070
32402,2015-09-08T02:00:00+00:00,-766472,4054.045
32402,2015-09-08T02:15:00+00:00,-765572,4054.025
32402,2015-09-08T02:30:00+00:00,-764672,4054.008
32402,2015-09-08T02:45:00+00:00,-763772,4053.990
32402,2015-09-08T03:00:00+00:00,-762872,4053.978
32402,2015-09-08T03:15:00+00:00,-761972,4053.970
32402,2015-09-08T03:30:00+00:00,-761072,4053.965
32402,2015-09-08T03:45:00+00:00,-760172,4053.963
32402,2015-09-08T04:00:00+00:00,-759272,4053.969
32402,2015-09-08T04:15:00+00:00,-758372,4053.976
32402,2015-09-08T04:30:00+00:00,-757472,4053.988
32402,2015-09-08T04:45:00+00:00,-756572,4054.003
32402,2015-09-08T05:00:00+00:00,-755672,4054.029
32402,2015-09-08T05:15:00+00:00,-754772,4054.053
32402,2015-09-08T05:30:00+00:00,-753872,4054.081
32402,2015-09-08T05:45:00+00:00,-752972,4054.113
32402,2015-09-08T06:00:00+00:00,-752072,4054.148
32402,2015-09-08T06:15:00+00:00,-751172,4054.184
32402,2015-09-08T06:30:00+00:00,-750272,4054.223
32402,2015-09-08T06:45:00+00:00,-749372,4054.269
32402,2015-09-08T07:00:00+00:00,-748472,4054.309
32402,2015-09-08T07:15:00+00:00,-747572,4054.354
32402,2015-09-08T07:30:00+00:00,-746672,4054.393
32402,2015-09-08T07:45:00+00:00,-745772,4054.437
32402,2015-09-08T08:00:00+00:00,-744872,4054.476
32402,2015-09-08T08:15:00+00:00,-743972,4054.515
32402,2015-09-08T08:30:00+00:00,-743072,4054.554
32402,2015-09-08T08:45:00+00:00,-742172,4054.587
32402,2015-09-08T09:00:00+00:00,-741272,4054.614
32402,2015-09-08T09:15:00+00:00,-740372,4054.638
32402,2015-09-08T09:30:00+00:00,-739472,4054.660
32402,2015-09-08T09:45:00+00:00,-738572,4054.679
32402,2015-09-08T10:00:00+00:00,-737672,4054.693
32402,2015-09-08T10:15:00+00:00,-736772,4054.699
32402,2015-09-08T10:30:00+00:00,-735872,4054.701
32402,2015-09-08T10:45:00+00:00,-734972,4054.696
32402,2015-09-08T11:00:00+00:00,-734072,4054.687
32402,2015-09-08T11:15:00+00:00,-733172,4054.672
32402,2015-09-08T11:30:00+00:00,-732272,4054.656
32402,2015-09-08T11:45:00+00:00,-731372,4054.630
32402,2015-09-08T12:00:00+00:00,-730472,4054.599
32402,2015-09-08T12:15:00+00:00,-729572,4054.568
32402,2015-09-08T12:30:00+00:00,-728672,4054.532
32402,2015-09-08T12:45:00+00:00,-727772,4054.496
32402,2015-09-08T13:00:00+00:00,-726872,4054.452
32402,2015-09-08T13:15:00+00:00,-725972,4054.414
32402,2015-09-08T13:30:00+00:00,-725072,4054.368
32402,2015-09-08T13:45:00+00:00,-724172,4054.322
32402,2015-09-08T14:00:00+00:00,-723272,4054.276
32402,2015-09-08T14:15:00+00:00,-722372,4054.229
32402,2015-09-08T14:30:00+00:00,-721472,4054.181
32402,2015-09-08T14:45:00+00:00,-720572,4054.137
32402,2015-09-08T15:00:00+00:00,-719672,4054.094
32402,2015-09-08T15:15:00+00:00,-718772,4054.052
32402,2015-09-08T15:30:00+00:00,-717872,4054.011
32402,2015-09-08T15:45:00+00:00,-716972,4053.979
32402,2015-09-08T16:00:00+00:00,-716072,4053.951
32402,2015-09-08T16:15:00+00:00,-715172,4053.924
32402,2015-09-08T16:30:00+00:00,-714272,4053.904
32402,2015-09-08T16:45:00+00:00,-713372,4053.888
32402,2015-09-08T17:00:00+00:00,-712472,4053.875
32402,2015-09-08T17:15:00+00:00,-711572,4053.872
32402,2015-09-08T17:30:00+00:00,-710672,4053.870
32402,2015-09-08T17:45:00+00:00,-709772,4053.876
32402,2015-09-08T18:00:00+00:00,-708872,4053.888
32402,2015-09-08T18:15:00+00:00,-707972,4053.901
32402,2015-09-08T18:30:00+00:00,-707072,4053.925
32402,2015-09-08T18:45:00+00:00,-706172,4053.950
32402,2015-09-08T19:00:00+00:00,-705272,4053.979
32402,2015-09-08T19:15:00+00:00,-704372,4054.009
32402,2015-09-08T19:30:00+00:00,-703472,4054.040
32402,2015-09-08T19:45:00+00:00,-702572,4054.072
32402,2015-09-08T20:00:00+00:00,-701672,4054.108
32402,2015-09-08T20:15:00+00:00,-700772,4054.143
32402,2015-09-08T20:30:00+00:00,-699872,4054.182
32402,2015-09-08T20:45:00+00:00,-698972,4054.219
32402,2015-09-08T21:00:00+00:00,-698072,4054.253
32402,2015-09-08T21:15:00+00:00,-697172,4054.285
32402,2015-09-08T21:30:00+00:00,-696272,4054.312
32402,2015-09-08T21:45:00+00:00,-695372,4054.338
32402,2015-09-08T22:00:00+00:00,-694472,4054.360
32402,2015-09-08T22:15:00+00:00,-693572,4054.381
32402,2015-09-08T22:30:00+00:00,-692672,4054.398
32402,2015-09-08T22:45:00+00:00,-691772,4054.408
32402,2015-09-08T23:00:00+00:00,-690872,4054.410
32402,2015-09-08T23:15:00+00:00,-689972,4054.411
32402,2015-09-08T23:30:00+00:00,-689072,4054.404
32402,2015-09-08T23:45:00+00:00,-688172,4054.397
32402,2015-09-09T00:00:00+00:00,-687272,4054.382
32402,2015-09-09T00:15:00+00:00,-686372,4054.368
32402,2015-09-09T00:30:00+00:00,-685472,4054.346
32402,2015-09-09T00:45:00+00:00,-684572,4054.321
32402,2015-09-09T01:00:00+00:00,-683672,4054.295
32402,2015-09-09T01:15:00+00:00,-682772,4054.265
32402,2015-09-09T01:30:00+00:00,-681872,4054.236
32402,2015-09-09T01:45:00+00:00,-680972,4054.206
32402,2015-09-09T02:00:00+00:00,-680072,4054.171
32402,2015-09-09T02:15:00+00:00,-679172,4054.139
32402,2015-09-09T02:30:00+00:00,-678272,4054.107
32402,2015-09-09T02:45:00+00:00,-677372,4054.081
32402,2015-09-09T03:00:00+00:00,-676472,4054.053
32402,2015-09-09T03:15:00+00:00,-675572,4054.030
32402,2015-09-09T03:30:00+00:00,-674672,4054.008
32402,2015-09-09T03:45:00+00:00,-673772,4053.993
32402,2015-09-09T04:00:00+00:00,-672872,4053.979
32402,2015-09-09T04:15:00+00:00,-671972,4053.968
32402,2015-09-09T04:30:00+00:00,-671072,4053.959
32402,2015-09-09T04:45:00+00:00,-670172,4053.959
32402,2015-09-09T05:00:00+00:00,-669272,4053.961
32402,2015-09-09T05:15:00+00:00,-668372,4053.965
32402,2015-09-09T05:30:00+00:00,-667472,4053.979
32402,2015-09-09T05:45:00+00:00,-666572,4053.995
32402,2015-09-09T06:00:00+00:00,-665672,4054.015
32402,2015-09-09T06:15:00+00:00,-664772,4054.045
32402,2015-09-09T06:30:00+00:00,-663872,4054.076
32402,2015-09-09T06:45:00+00:00,-662972,4054.110
32402,2015-09-09T07:00:00+00:00,-662072,4054.147
32402,2015-09-09T07:15:00+00:00,-661172,4054.190
32402,2015-09-09T07:30:00+00:00,-660272,4054.227
32402,2015-09-09T07:45:00+00:00,-659372,4054.271
32402,2015-09-09T08:00:00+00:00,-658472,4054.317
32402,2015-09-09T08:15:00+00:00,-657572,4054.365
32402,2015-09-09T08:30:00+00:00,-656672,4054.416
32402,2015-09-09T08:45:00+00:00,-655772,4054.462
32402,2015-09-09T09:00:00+00:00,-654872,4054.506
32402,2015-09-09T09:15:00+00:00,-653972,4054.550
32402,2015-09-09T09:30:00+00:00,-653072,4054.592
32402,2015-09-09T09:45:00+00:00,-652172,4054.624
32402,2015-09-09T10:00:00+00:00,-651272,4054.661
32402,2015-09-09T10:15:00+00:00,-650372,4054.689
32402,2015-09-09T10:30:00+00:00,-649472,4054.712
32402,2015-09-09T10:45:00+00:00,-648572,4054.729
32402,2015-09-09T11:00:00+00:00,-647672,4054.741
32402,2015-09-09T11:15:00+00:00,-646772,4054.747
32402,2015-09-09T11:30:00+00:00,-645872,4054.749
32402,2015-09-09T11:45:00+00:00,-644972,4054.743
32402,2015-09-09T12:00:00+00:00,-644072,4054.728
32402,2015-09-09T12:15:00+00:00,-643172,4054.710
32402,2015-09-09T12:30:00+00:00,-642272,4054.686
32402,2015-09-09T12:45:00+00:00,-641372,4054.655
32402,2015-09-09T13:00:00+00:00,-640472,4054.623
32402,2015-09-09T13:15:00+00:00,-639572,4054.588
32402,2015-09-09T13:30:00+00:00,-638672,4054.546
32402,2015-09-09T13:45:00+00:00,-637772,4054.499
32402,2015-09-09T14:00:00+00:00,-636872,4054.448
32402,2015-09-09T14:15:00+00:00,-635972,4054.395
32402,2015-09-09T14:30:00+00:00,-635072,4054.345
32402,2015-09-09T14:45:00+00:00,-634172,4054.290
32402,2015-09-09T15:00:00+00:00,-633272,4054.240
32402,2015-09-09T15:15:00+00:00,-632372,4054.190
32402,2015-09-09T15:30:00+00:00,-631472,4054.138
32402,2015-09-09T15:45:00+00:00,-630572,4054.091
32402,2015-09-09T16:00:00+00:00,-629672,4054.041
32402,2015-09-09T16:15:00+00:00,-628772,4053.999
32402,2015-09-09T16:30:00+00:00,-627872,4053.959
32402,2015-09-09T16:45:00+00:00,-626972,4053.924
32402,2015-09-09T17:00:00+00:00,-626072,4053.896
32402,2015-09-09T17:15:00+00:00,-625172,4053.871
32402,2015-09-09T17:30:00+00:00,-624272,4053.851
32402,2015-09-09T17:45:00+00:00,-623372,4053.839
32402,2015-09-09T18:00:00+00:00,-622472,4053.835
32402,2015-09-09T18:15:00+00:00,-621572,4053.834
32402,2015-09-09T18:30:00+00:00,-620672,4053.841
32402,2015-09-09T18:45:00+00:00,-619772,4053.854
32402,2015-09-09T19:00:00+00:00,-618872,4053.871
32402,2015-09-09T19:15:00+00:00,-617972,4053.896
32402,2015-09-09T19:30:00+00:00,-617072,4053.923
32402,2015-09-09T19:45:00+00:00,-616172,4053.958
32402,2015-09-09T20:00:00+00:00,-615272,4053.995
32402,2015-09-09T20:15:00+00:00,-614372,4054.033
32402,2015-09-09T20:30:00+00:00,-613472,4054.075
32402,2015-09-09T20:45:00+00:00,-612572,4054.116
32402,2015-09-09T21:00:00+00:00,-611672,4054.157
32402,2015-09-09T21:15:00+00:00,-610772,4054.196
32402,2015-09-09T21:30:00+00:00,-609872,4054.235
32402,2015-09-09T21:45:00+00:00,-608972,4054.278
32402,2015-09-09T22:00:00+00:00,-608072,4054.318
32402,2015-09-09T22:15:00+00:00,-607172,4054.352
32402,2015-09-09T22:30:00+00:00,-606272,4054.381
32402,2015-09-09T22:45:00+00:00,-605372,4054.409
32402,2015-09-09T23:00:00+00:00,-604472,4054.431
32402,2015-09-09T23:15:00+00:00,-603572,4054.448
32402,2015-09-09T23:30:00+00:00,-602672,4054.458
32402,2015-09-09T23:45:00+00:00,-601772,4054.461
32402,2015-09-10T00:00:00+00:00,-600872,4054.459
32402,2015-09-10T00:15:00+00:00,-599972,4054.452
32402,2015-09-10T00:30:00+00:00,-599072,4054.442
32402,2015-09-10T00:45:00+00:00,-598172,4054.427
32402,2015-09-10T01:00:00+00:00,-597272,4054.408
32402,2015-09-10T01:15:00+00:00,-596372,4054.382
32402,2015-09-10T01:30:00+00:00,-595472,4054.356
32402,2015-09-10T01:45:00+00:00,-594572,4054.324
32402,2015-09-10T02:00:00+00:00,-593672,4054.291
32402,2015-09-10T02:15:00+00:00,-592772,4054.254
32402,2015-09-10T02:30:00+00:00,-591872,4054.217
32402,2015-09-10T02:45:00+00:00,-590972,4054.181
32402,2015-09-10T03:00:00+00:00,-590072,4054.144
32402,2015-09-10T03:15:00+00:00,-589172,4054.106
32402,2015-09-10T03:30:00+00:00,-588272,4054.073
32402,2015-09-10T03:45:00+00:00,-587372,4054.037
32402,2015-09-10T04:00:00+00:00,-586472,4054.007
32402,2015-09-10T04:15:00+00:00,-585572,4053.978
32402,2015-09-10T04:30:00+00:00,-584672,4053.954
32402,2015-09-10T04:45:00+00:00,-583772,4053.932
32402,2015-09-10T05:00:00+00:00,-582872,4053.915
32402,2015-09-10T05:15:00+00:00,-581972,4053.907
32402,2015-09-10T05:30:00+00:00,-581072,4053.902
32402,2015-09-10T05:45:00+00:00,-580172,4053.902
32402,2015-09-10T06:00:00+00:00,-579272,4053.907
32402,2015-09-10T06:15:00+00:00,-578372,4053.919
32402,2015-09-10T06:30:00+00:00,-577472,4053.937
32402,2015-09-10T06:45:00+00:00,-576572,4053.959
32402,2015-09-10T07:00:00+00:00,-575672,4053.987
32402,2015-09-10T07:15:00+00:00,-574772,4054.022
32402,2015-09-10T07:30:00+00:00,-573872,4054.061
32402,2015-09-10T07:45:00+00:00,-572972,4054.104
32402,2015-09-10T08:00:00+00:00,-572072,4054.150
32402,2015-09-10T08:15:00+00:00,-571172,4054.197
32402,2015-09-10T08:30:00+00:00,-570272,4054.248
32402,2015-09-10T08:45:00+00:00,-569372,4054.300
32402,2015-09-10T09:00:00+00:00,-568472,4054.351
32402,2015-09-10T09:15:00+00:00,-567572,4054.404
32402,2015-09-10T09:30:00+00:00,-566672,4054.454
32402,2015-09-10T09:45:00+00:00,-565772,4054.506
32402,2015-09-10T10:00:00+00:00,-564872,4054.553
32402,2015-09-10T10:15:00+00:00,-563972,4054.595
32402,2015-09-10T10:30:00+00:00,-563072,4054.637
32402,2015-09-10T10:45:00+00:00,-562172,4054.672
32402,2015-09-10T11:00:00+00:00,-561272,4054.704
32402,2015-09-10T11:15:00+00:00,-560372,4054.727
32402,2015-09-10T11:30:00+00:00,-559472,4054.748
32402,2015-09-10T11:45:00+00:00,-558572,4054.764
32402,2015-09-10T12:00:00+00:00,-557672,4054.769
32402,2015-09-10T12:15:00+00:00,-556772,4054.771
32402,2015-09-10T12:30:00+00:00,-555872,4054.764
32402,2015-09-10T12:45:00+00:00,-554972,4054.752
32402,2015-09-10T13:00:00+00:00,-554072,4054.732
32402,2015-09-10T13:15:00+00:00,-553172,4054.707
32402,2015-09-10T13:30:00+00:00,-552272,4054.675
32402,2015-09-10T13:45:00+00:00,-551372,4054.633
32402,2015-09-10T14:00:00+00:00,-550472,4054.587
32402,2015-09-10T14:15:00+00:00,-549572,4054.538
32402,2015-09-10T14:30:00+00:00,-548672,4054.488
32402,2015-09-10T14:45:00+00:00,-547772,4054.435
32402,2015-09-10T15:00:00+00:00,-546872,4054.377
32402,2015-09-10T15:15:00+00:00,-545972,4054.319
32402,2015-09-10T15:30:00+00:00,-545072,4054.259
32402,2015-09-10T15:45:00+00:00,-544172,4054.198
32402,2015-09-10T16:00:00+00:00,-543272,4054.139
32402,2015-09-10T16:15:00+00:00,-542372,4054.083
32402,2015-09-10T16:30:00+00:00,-541472,4054.028
32402,2015-09-10T16:45:00+00:00,-540572,4053.975
32402,2015-09-10T17:00:00+00:00,-539672,4053.932
32402,2015-09-10T17:15:00+00:00,-538772,4053.889
32402,2015-09-10T17:30:00+00:00,-537872,4053.856
32402,2015-09-10T17:45:00+00:00,-536972,4053.823
32402,2015-09-10T18:00:00+00:00,-536072,4053.803
32402,2015-09-10T18:15:00+00:00,-535172,4053.785
32402,2015-09-10T18:30:00+00:00,-534272,4053.772
32402,2015-09-10T18:45:00+00:00,-533372,4053.772
32402,2015-09-10T19:00:00+00:00,-532472,4053.779
32402,2015-09-10T19:15:00+00:00,-531572,4053.789
32402,2015-09-10T19:30:00+00:00,-530672,4053.806
32402,2015-09-10T19:45:00+00:00,-529772,4053.832
32402,2015-09-10T20:00:00+00:00,-528872,4053.861
32402,2015-09-10T20:15:00+00:00,-527972,4053.897
32402,2015-09-10T20:30:00+00:00,-527072,4053.938
32402,2015-09-10T20:45:00+00:00,-526172,4053.982
32402,2015-09-10T21:00:00+00:00,-525272,4054.028
32402,2015-09-10T21:15:00+00:00,-524372,4054.073
32402,2015-09-10T21:30:00+00:00,-523472,4054.120
32402,2015-09-10T21:45:00+00:00,-522572,4054.170
32402,2015-09-10T22:00:00+00:00,-521672,4054.218
32402,2015-09-10T22:15:00+00:00,-520772,4054.263
32402,2015-09-10T22:30:00+00:00,-519872,4054.312
32402,2015-09-10T22:45:00+00:00,-518972,4054.353
32402,2015-09-10T23:00:00+00:00,-518072,4054.390
32402,2015-09-10T23:15:00+00:00,-517172,4054.427
32402,2015-09-10T23:30:00+00:00,-516272,4054.462
32402,2015-09-10T23:45:00+00:00,-515372,4054.484
32402,2015-09-11T00:00:00+00:00,-514472,4054.503
32402,2015-09-11T00:15:00+00:00,-513572,4054.514
32402,2015-09-11T00:30:00+00:00,-512672,4054.518
32402,2015-09-11T00:45:00+00:00,-511772,4054.520
32402,2015-09-11T01:00:00+00:00,-510872,4054.512
32402,2015-09-11T01:15:00+00:00,-509972,4054.497
32402,2015-09-11T01:30:00+00:00,-509072,4054.479
32402,2015-09-11T01:45:00+00:00,-508172,4054.456
32402,2015-09-11T02:00:00+00:00,-507272,4054.428
32402,2015-09-11T02:15:00+00:00,-506372,4054.396
32402,2015-09-11T02:30:00+00:00,-505472,4054.357
32402,2015-09-11T02:45:00+00:00,-504572,4054.313
32402,2015-09-11T03:00:00+00:00,-503672,4054.274
32402,2015-09-11T03:15:00+00:00,-502772,4054.230
32402,2015-09-11T03:30:00+00:00,-501872,4054.182
32402,2015-09-11T03:45:00+00:00,-500972,4054.137
32402,2015-09-11T04:00:00+00:00,-500072,4054.097
32402,2015-09-11T04:15:00+00:00,-499172,4054.057
32402,2015-09-11T04:30:00+00:00,-498272,4054.016
32402,2015-09-11T04:45:00+00:00,-497372,4053.977
32402,2015-09-11T05:00:00+00:00,-496472,4053.944
32402,2015-09-11T05:15:00+00:00,-495572,4053.915
32402,2015-09-11T05:30:00+00:00,-494672,4053.894
32402,2015-09-11T05:45:00+00:00,-493772,4053.872
32402,2015-09-11T06:00:00+00:00,-492872,4053.857
32402,2015-09-11T06:15:00+00:00,-491972,4053.849
32402,2015-09-11T06:30:00+00:00,-491072,4053.851
32402,2015-09-11T06:45:00+00:00,-490172,4053.857
32402,2015-09-11T07:00:00+00:00,-489272,4053.871
32402,2015-09-11T07:15:00+00:00,-488372,4053.890
32402,2015-09-11T07:30:00+00:00,-487472,4053.919
32402,2015-09-11T07:45:00+00:00,-486572,4053.952
32402,2015-09-11T08:00:00+00:00,-485672,4053.989
32402,2015-09-11T08:15:00+00:00,-484772,4054.033
32402,2015-09-11T08:30:00+00:00,-483872,4054.078
32402,2015-09-11T08:45:00+00:00,-482972,4054.129
32402,2015-09-11T09:00:00+00:00,-482072,4054.185
32402,2015-09-11T09:15:00+00:00,-481172,4054.238
32402,2015-09-11T09:30:00+00:00,-480272,4054.296
32402,2015-09-11T09:45:00+00:00,-479372,4054.357
32402,2015-09-11T10:00:00+00:00,-478472,4054.416
32402,2015-09-11T10:15:00+00:00,-477572,4054.472
32402,2015-09-11T10:30:00+00:00,-476672,4054.527
32402,2015-09-11T10:45:00+00:00,-475772,4054.578
32402,2015-09-11T11:00:00+00:00,-474872,4054.624
32402,2015-09-11T11:15:00+00:00,-473972,4054.668
32402,2015-09-11T11:30:00+00:00,-473072,4054.706
32402,2015-09-11T11:45:00+00:00,-472172,4054.738
32402,2015-09-11T12:00:00+00:00,-471272,4054.764
32402,2015-09-11T12:15:00+00:00,-470372,4054.780
32402,2015-09-11T12:30:00+00:00,-469472,4054.791
32402,2015-09-11T12:45:00+00:00,-468572,4054.797
32402,2015-09-11T13:00:00+00:00,-467672,4054.794
32402,2015-09-11T13:15:00+00:00,-466772,4054.785
32402,2015-09-11T13:30:00+00:00,-465872,4054.769
32402,2015-09-11T13:45:00+00:00,-464972,4054.745
32402,2015-09-11T14:00:00+00:00,-464072,4054.715
32402,2015-09-11T14:15:00+00:00,-463172,4054.679
32402,2015-09-11T14:30:00+00:00,-462272,4054.635
32402,2015-09-11T14:45:00+00:00,-461372,4054.585
32402,2015-09-11T15:00:00+00:00,-460472,4054.534
32402,2015-09-11T15:15:00+00:00,-459572,4054.473
32402,2015-09-11T15:30:00+00:00,-458672,4054.413
32402,2015-09-11T15:45:00+00:00,-457772,4054.352
32402,2015-09-11T16:00:00+00:00,-456872,4054.289
32402,2015-09-11T16:15:00+00:00,-455972,4054.226
32402,2015-09-11T16:30:00+00:00,-455072,4054.163
32402,2015-09-11T16:45:00+00:00,-454172,4054.102
32402,2015-09-11T17:00:00+00:00,-453272,4054.048
32402,2015-09-11T17:15:00+00:00,-452372,4053.995
32402,2015-09-11T17:30:00+00:00,-451472,4053.947
32402,2015-09-11T17:45:00+00:00,-450572,4053.903
32402,2015-09-11T18:00:00+00:00,-449672,4053.866
32402,2015-09-11T18:15:00+00:00,-448772,4053.833
32402,2015-09-11T18:30:00+00:00,-447872,4053.807
32402,2015-09-11T18:45:00+00:00,-446972,4053.784
32402,2015-09-11T19:00:00+00:00,-446072,4053.775
32402,2015-09-11T19:15:00+00:00,-445172,4053.770
32402,2015-09-11T19:30:00+00:00,-444272,4053.772
32402,2015-09-11T19:45:00+00:00,-443372,4053.781
32402,2015-09-11T20:00:00+00:00,-442472,4053.799
32402,2015-09-11T20:15:00+00:00,-441572,4053.824
32402,2015-09-11T20:30:00+00:00,-440672,4053.852
32402,2015-09-11T20:45:00+00:00,-439772,4053.891
32402,2015-09-11T21:00:00+00:00,-438872,4053.933
32402,2015-09-11T21:15:00+00:00,-437972,4053.979
32402,2015-09-11T21:30:00+00:00,-437072,4054.028
32402,2015-09-11T21:45:00+00:00,-436172,4054.082
32402,2015-09-11T22:00:00+00:00,-435272,4054.136
32402,2015-09-11T22:15:00+00:00,-434372,4054.189
32402,2015-09-11T22:30:00+00:00,-433472,4054.243
32402,2015-09-11T22:45:00+00:00,-432572,4054.295
32402,2015-09-11T23:00:00+00:00,-431672,4054.346
32402,2015-09-11T23:15:00+00:00,-430772,4054.393
32402,2015-09-11T23:30:00+00:00,-429872,4054.439
32402,2015-09-11T23:45:00+00:00,-428972,4054.478
32402,2015-09-12T00:00:00+00:00,-428072,4054.512
32402,2015-09-12T00:15:00+00:00,-427172,4054.544
32402,2015-09-12T00:30:00+00:00,-426272,4054.566
32402,2015-09-12T00:45:00+00:00,-425372,4054.584
32402,2015-09-12T01:00:00+00:00,-424472,4054.594
32402,2015-09-12T01:15:00+00:00,-423572,4054.594
32402,2015-09-12T01:30:00+00:00,-422672,4054.590
32402,2015-09-12T01:45:00+00:00,-421772,4054.577
32402,2015-09-12T02:00:00+00:00,-420872,4054.558
32402,2015-09-12T02:15:00+00:00,-419972,4054.531
32402,2015-09-12T02:30:00+00:00,-419072,4054.499
32402,2015-09-12T02:45:00+00:00,-418172,4054.466
32402,2015-09-12T03:00:00+00:00,-417272,4054.426
32402,2015-09-12T03:15:00+00:00,-416372,4054.381
32402,2015-09-12T03:30:00+00:00,-415472,4054.334
32402,2015-09-12T03:45:00+00:00,-414572,4054.283
32402,2015-09-12T04:00:00+00:00,-413672,4054.234
32402,2015-09-12T04:15:00+00:00,-412772,4054.181
32402,2015-09-12T04:30:00+00:00,-411872,4054.132
32402,2015-09-12T04:45:00+00:00,-410972,4054.084
32402,2015-09-12T05:00:00+00:00,-410072,4054.036
32402,2015-09-12T05:15:00+00:00,-409172,4053.995
32402,2015-09-12T05:30:00+00:00,-408272,4053.954
32402,2015-09-12T05:45:00+00:00,-407372,4053.918
32402,2015-09-12T06:00:00+00:00,-406472,4053.888
32402,2015-09-12T06:15:00+00:00,-405572,4053.866
32402,2015-09-12T06:30:00+00:00,-404672,4053.851
32402,2015-09-12T06:45:00+00:00,-403772,4053.841
32402,2015-09-12T07:00:00+00:00,-402872,4053.838
32402,2015-09-12T07:15:00+00:00,-401972,4053.841
32402,2015-09-12T07:30:00+00:00,-401072,4053.853
32402,2015-09-12T07:45:00+00:00,-400172,4053.872
32402,2015-09-12T08:00:00+00:00,-399272,4053.895
32402,2015-09-12T08:15:00+00:00,-398372,4053.928
32402,2015-09-12T08:30:00+00:00,-397472,4053.963
32402,2015-09-12T08:45:00+00:00,-396572,4054.006
32402,2015-09-12T09:00:00+00:00,-395672,4054.056
32402,2015-09-12T09:15:00+00:00,-394772,4054.105
32402,2015-09-12T09:30:00+00:00,-393872,4054.162
32402,2015-09-12T09:45:00+00:00,-392972,4054.220
32402,2015-09-12T10:00:00+00:00,-392072,4054.277
32402,2015-09-12T10:15:00+00:00,-391172,4054.338
32402,2015-09-12T10:30:00+00:00,-390272,4054.399
32402,2015-09-12T10:45:00+00:00,-389372,4054.460
32402,2015-09-12T11:00:00+00:00,-388472,4054.515
32402,2015-09-12T11:15:00+00:00,-387572,4054.568
32402,2015-09-12T11:30:00+00:00,-386672,4054.616
32402,2015-09-12T11:45:00+00:00,-385772,4054.662
32402,2015-09-12T12:00:00+00:00,-384872,4054.703
32402,2015-09-12T12:15:00+00:00,-383972,4054.737
32402,2015-09-12T12:30:00+00:00,-383072,4054.767
32402,2015-09-12T12:45:00+00:00,-382172,4054.791
32402,2015-09-12T13:00:00+00:00,-381272,4054.806
32402,2015-09-12T13:15:00+00:00,-380372,4054.813
32402,2015-09-12T13:30:00+00:00,-379472,4054.816
32402,2015-09-12T13:45:00+00:00,-378572,4054.809
32402,2015-09-12T14:00:00+00:00,-377672,4054.797
32402,2015-09-12T14:15:00+00:00,-376772,4054.775
32402,2015-09-12T14:30:00+00:00,-375872,4054.745
32402,2015-09-12T14:45:00+00:00,-374972,4054.709
32402,2015-09-12T15:00:00+00:00,-374072,4054.662
32402,2015-09-12T15:15:00+00:00,-373172,4054.616
32402,2015-09-12T15:30:00+00:00,-372272,4054.563
32402,2015-09-12T15:45:00+00:00,-371372,4054.507
32402,2015-09-12T16:00:00+00:00,-370472,4054.442
32402,2015-09-12T16:15:00+00:00,-369572,4054.380
32402,2015-09-12T16:30:00+00:00,-368672,4054.319
32402,2015-09-12T16:45:00+00:00,-367772,4054.252
32402,2015-09-12T17:00:00+00:00,-366872,4054.191
32402,2015-09-12T17:15:00+00:00,-365972,4054.131
32402,2015-09-12T17:30:00+00:00,-365072,4054.070
32402,2015-09-12T17:45:00+00:00,-364172,4054.014
32402,2015-09-12T18:00:00+00:00,-363272,4053.961
32402,2015-09-12T18:15:00+00:00,-362372,4053.915
32402,2015-09-12T18:30:00+00:00,-361472,4053.871
32402,2015-09-12T18:45:00+00:00,-360572,4053.832
32402,2015-09-12T19:00:00+00:00,-359672,4053.804
32402,2015-09-12T19:15:00+00:00,-358772,4053.785
32402,2015-09-12T19:30:00+00:00,-357872,4053.773
32402,2015-09-12T19:45:00+00:00,-356972,4053.769
32402,2015-09-12T20:00:00+00:00,-356072,4053.773
32402,2015-09-12T20:15:00+00:00,-355172,4053.782
32402,2015-09-12T20:30:00+00:00,-354272,4053.802
32402,2015-09-12T20:45:00+00:00,-353372,4053.823
32402,2015-09-12T21:00:00+00:00,-352472,4053.854
32402,2015-09-12T21:15:00+00:00,-351572,4053.890
32402,2015-09-12T21:30:00+00:00,-350672,4053.933
32402,2015-09-12T21:45:00+00:00,-349772,4053.979
32402,2015-09-12T22:00:00+00:00,-348872,4054.032
32402,2015-09-12T22:15:00+00:00,-347972,4054.082
32402,2015-09-12T22:30:00+00:00,-347072,4054.139
32402,2015-09-12T22:45:00+00:00,-346172,4054.199
32402,2015-09-12T23:00:00+00:00,-345272,4054.254
32402,2015-09-12T23:15:00+00:00,-344372,4054.310
32402,2015-09-12T23:30:00+00:00,-343472,4054.361
32402,2015-09-12T23:45:00+00:00,-342572,4054.414
32402,2015-09-13T00:00:00+00:00,-341672,4054.460
32402,2015-09-13T00:15:00+00:00,-340772,4054.502
32402,2015-09-13T00:30:00+00:00,-339872,4054.540
32402,2015-09-13T00:45:00+00:00,-338972,4054.572
32402,2015-09-13T01:00:00+00:00,-338072,4054.597
32402,2015-09-13T01:15:00+00:00,-337172,4054.616
32402,2015-09-13T01:30:00+00:00,-336272,4054.623
32402,2015-09-13T01:45:00+00:00,-335372,4054.625
32402,2015-09-13T02:00:00+00:00,-334472,4054.621
32402,2015-09-13T02:15:00+00:00,-333572,4054.610
32402,2015-09-13T02:30:00+00:00,-332672,4054.592
32402,2015-09-13T02:45:00+00:00,-331772,4054.564
32402,2015-09-13T03:00:00+00:00,-330872,4054.535
32402,2015-09-13T03:15:00+00:00,-329972,4054.500
32402,2015-09-13T03:30:00+00:00,-329072,4054.459
32402,2015-09-13T03:45:00+00:00,-328172,4054.416
32402,2015-09-13T04:00:00+00:00,-327272,4054.369
32402,2015-09-13T04:15:00+00:00,-326372,4054.321
32402,2015-09-13T04:30:00+00:00,-325472,4054.270
32402,2015-09-13T04:45:00+00:00,-324572,4054.213
32402,2015-09-13T05:00:00+00:00,-323672,4054.160
32402,2015-09-13T05:15:00+00:00,-322772,4054.109
32402,2015-09-13T05:30:00+00:00,-321872,4054.058
32402,2015-09-13T05:45:00+00:00,-320972,4054.010
32402,2015-09-13T06:00:00+00:00,-320072,4053.967
32402,2015-09-13T06:15:00+00:00,-319172,4053.927
32402,2015-09-13T06:30:00+00:00,-318272,4053.892
32402,2015-09-13T06:45:00+00:00,-317372,4053.862
32402,2015-09-13T07:00:00+00:00,-316472,4053.842
32402,2015-09-13T07:15:00+00:00,-315572,4053.830
32402,2015-09-13T07:30:00+00:00,-314672,4053.821
32402,2015-09-13T07:45:00+00:00,-313772,4053.822
32402,2015-09-13T08:00:00+00:00,-312872,4053.830
32402,2015-09-13T08:15:00+00:00,-311972,4053.844
32402,2015-09-13T08:30:00+00:00,-311072,4053.867
32402,2015-09-13T08:45:00+00:00,-310172,4053.894
32402,2015-09-13T09:00:00+00:00,-309272,4053.929
32402,2015-09-13T09:15:00+00:00,-308372,4053.971
32402,2015-09-13T09:30:00+00:00,-307472,4054.017
32402,2015-09-13T09:45:00+00:00,-306572,4054.069
32402,2015-09-13T10:00:00+00:00,-305672,4054.127
32402,2015-09-13T10:15:00+00:00,-304772,4054.186
32402,2015-09-13T10:30:00+00:00,-303872,4054.247
32402,2015-09-13T10:45:00+00:00,-302972,4054.306
32402,2015-09-13T11:00:00+00:00,-302072,4054.369
32402,2015-09-13T11:15:00+00:00,-301172,4054.430
32402,2015-09-13T11:30:00+00:00,-300272,4054.486
32402,2015-09-13T11:45:00+00:00,-299372,4054.544
32402,2015-09-13T12:00:00+00:00,-298472,4054.595
32402,2015-09-13T12:15:00+00:00,-297572,4054.645
32402,2015-09-13T12:30:00+00:00,-296672,4054.690
32402,2015-09-13T12:45:00+00:00,-295772,4054.727
32402,2015-09-13T13:00:00+00:00,-294872,4054.758
32402,2015-09-13T13:15:00+00:00,-293972,4054.783
32402,2015-09-13T13:30:00+00:00,-293072,4054.799
32402,2015-09-13T13:45:00+00:00,-292172,4054.809
32402,2015-09-13T14:00:00+00:00,-291272,4054.807
32402,2015-09-13T14:15:00+00:00,-290372,4054.803
32402,2015-09-13T14:30:00+00:00,-289472,4054.788
32402,2015-09-13T14:45:00+00:00,-288572,4054.769
32402,2015-09-13T15:00:00+00:00,-287672,4054.739
32402,2015-09-13T15:15:00+00:00,-286772,4054.705
32402,2015-09-13T15:30:00+00:00,-285872,4054.661
32402,2015-09-13T15:45:00+00:00,-284972,4054.612
32402,2015-09-13T16:00:00+00:00,-284072,4054.559
32402,2015-09-13T16:15:00+00:00,-283172,4054.501
32402,2015-09-13T16:30:00+00:00,-282272,4054.440
32402,2015-09-13T16:45:00+00:00,-281372,4054.377
32402,2015-09-13T17:00:00+00:00,-280472,4054.312
32402,2015-09-13T17:15:00+00:00,-279572,4054.244
32402,2015-09-13T17:30:00+00:00,-278672,4054.181
32402,2015-09-13T17:45:00+00:00,-277772,4054.118
32402,2015-09-13T18:00:00+00:00,-276872,4054.059
32402,2015-09-13T18:15:00+00:00,-275972,4054.002
32402,2015-09-13T18:30:00+00:00,-275072,4053.946
32402,2015-09-13T18:45:00+00:00,-274172,4053.900
32402,2015-09-13T19:00:00+00:00,-273272,4053.856
32402,2015-09-13T19:15:00+00:00,-272372,4053.819
32402,2015-09-13T19:30:00+00:00,-271472,4053.791
32402,2015-09-13T19:45:00+00:00,-270572,4053.774
32402,2015-09-13T20:00:00+00:00,-269672,4053.760
32402,2015-09-13T20:15:00+00:00,-268772,4053.756
32402,2015-09-13T20:30:00+00:00,-267872,4053.761
32402,2015-09-13T20:45:00+00:00,-266972,4053.772
32402,2015-09-13T21:00:00+00:00,-266072,4053.791
32402,2015-09-13T21:15:00+00:00,-265172,4053.815
32402,2015-09-13T21:30:00+00:00,-264272,4053.846
32402,2015-09-13T21:45:00+00:00,-263372,4053.887
32402,2015-09-13T22:00:00+00:00,-262472,4053.929
32402,2015-09-13T22:15:00+00:00,-261572,4053.978
32402,2015-09-13T22:30:00+00:00,-260672,4054.033
32402,2015-09-13T22:45:00+00:00,-259772,4054.088
32402,2015-09-13T23:00:00+00:00,-258872,4054.146
32402,2015-09-13T23:15:00+00:00,-257972,4054.202
32402,2015-09-13T23:30:00+00:00,-257072,4054.261
32402,2015-09-13T23:45:00+00:00,-256172,4054.317
32402,2015-09-14T00:00:00+00:00,-255272,4054.371
32402,2015-09-14T00:15:00+00:00,-254372,4054.425
32402,2015-09-14T00:30:00+00:00,-253472,4054.475
32402,2015-09-14T00:45:00+00:00,-252572,4054.520
32402,2015-09-14T01:00:00+00:00,-251672,4054.558
32402,2015-09-14T01:15:00+00:00,-250772,4054.590
32402,2015-09-14T01:30:00+00:00,-249872,4054.614
32402,2015-09-14T01:45:00+00:00,-248972,4054.633
32402,2015-09-14T02:00:00+00:00,-248072,4054.647
32402,2015-09-14T02:15:00+00:00,-247172,4054.646
32402,2015-09-14T02:30:00+00:00,-246272,4054.641
32402,2015-09-14T02:45:00+00:00,-245372,4054.630
32402,2015-09-14T03:00:00+00:00,-244472,4054.612
32402,2015-09-14T03:15:00+00:00,-243572,4054.586
32402,2015-09-14T03:30:00+00:00,-242672,4054.555
32402,2015-09-14T03:45:00+00:00,-241772,4054.518
32402,2015-09-14T04:00:00+00:00,-240872,4054.476
32402,2015-09-14T04:15:00+00:00,-239972,4054.432
32402,2015-09-14T04:30:00+00:00,-239072,4054.382
32402,2015-09-14T04:45:00+00:00,-238172,4054.330
32402,2015-09-14T05:00:00+00:00,-237272,4054.278
32402,2015-09-14T05:15:00+00:00,-236372,4054.222
32402,2015-09-14T05:30:00+00:00,-235472,4054.166
32402,2015-09-14T05:45:00+00:00,-234572,4054.111
32402,2015-09-14T06:00:00+00:00,-233672,4054.060
32402,2015-09-14T06:15:00+00:00,-232772,4054.006
32402,2015-09-14T06:30:00+00:00,-231872,4053.963
32402,2015-09-14T06:45:00+00:00,-230972,4053.922
32402,2015-09-14T07:00:00+00:00,-230072,4053.890
32402,2015-09-14T07:15:00+00:00,-229172,4053.860
32402,2015-09-14T07:30:00+00:00,-228272,4053.835
32402,2015-09-14T07:45:00+00:00,-227372,4053.823
32402,2015-09-14T08:00:00+00:00,-226472,4053.812
32402,2015-09-14T08:15:00+00:00,-225572,4053.809
32402,2015-09-14T08:30:00+00:00,-224672,4053.816
32402,2015-09-14T08:45:00+00:00,-223772,4053.828
32402,2015-09-14T09:00:00+00:00,-222872,4053.847
32402,2015-09-14T09:15:00+00:00,-221972,4053.873
32402,2015-09-14T09:30:00+00:00,-221072,4053.905
32402,2015-09-14T09:45:00+00:00,-220172,4053.944
32402,2015-09-14T10:00:00+00:00,-219272,4053.991
32402,2015-09-14T10:15:00+00:00,-218372,4054.039
32402,2015-09-14T10:30:00+00:00,-217472,4054.095
32402,2015-09-14T10:45:00+00:00,-216572,4054.152
32402,2015-09-14T11:00:00+00:00,-215672,4054.208
32402,2015-09-14T11:15:00+00:00,-214772,4054.268
32402,2015-09-14T11:30:00+00:00,-213872,4054.327
32402,2015-09-14T11:45:00+00:00,-212972,4054.385
32402,2015-09-14T12:00:00+00:00,-212072,4054.442
32402,2015-09-14T12:15:00+00:00,-211172,4054.497
32402,2015-09-14T12:30:00+00:00,-210272,4054.550
32402,2015-09-14T12:45:00+00:00,-209372,4054.598
32402,2015-09-14T13:00:00+00:00,-208472,4054.639
32402,2015-09-14T13:15:00+00:00,-207572,4054.680
32402,2015-09-14T13:30:00+00:00,-206672,4054.714
32402,2015-09-14T13:45:00+00:00,-205772,4054.736
32402,2015-09-14T14:00:00+00:00,-204872,4054.753
32402,2015-09-14T14:15:00+00:00,-203972,4054.761
32402,2015-09-14T14:30:00+00:00,-203072,4054.765
32402,2015-09-14T14:45:00+00:00,-202172,4054.755
32402,2015-09-14T15:00:00+00:00,-201272,4054.740
32402,2015-09-14T15:15:00+00:00,-200372,4054.718
32402,2015-09-14T15:30:00+00:00,-199472,4054.692
32402,2015-09-14T15:45:00+00:00,-198572,4054.659
32402,2015-09-14T16:00:00+00:00,-197672,4054.616
32402,2015-09-14T16:15:00+00:00,-196772,4054.568
32402,2015-09-14T16:30:00+00:00,-195872,4054.517
32402,2015-09-14T16:45:00+00:00,-194972,4054.460
32402,2015-09-14T17:00:00+00:00,-194072,4054.399
32402,2015-09-14T17:15:00+00:00,-193172,4054.339
32402,2015-09-14T17:30:00+00:00,-192272,4054.275
32402,2015-09-14T17:45:00+00:00,-191372,4054.216
32402,2015-09-14T18:00:00+00:00,-190472,4054.154
32402,2015-09-14T18:15:00+00:00,-189572,4054.098
32402,2015-09-14T18:30:00+00:00,-188672,4054.040
32402,2015-09-14T18:45:00+00:00,-187772,4053.989
32402,2015-09-14T19:00:00+00:00,-186872,4053.939
32402,2015-09-14T19:15:00+00:00,-185972,4053.898
32402,2015-09-14T19:30:00+00:00,-185072,4053.862
32402,2015-09-14T19:45:00+00:00,-184172,4053.830
32402,2015-09-14T20:00:00+00:00,-183272,4053.808
32402,2015-09-14T20:15:00+00:00,-182372,4053.791
32402,2015-09-14T20:30:00+00:00,-181472,4053.785
32402,2015-09-14T20:45:00+00:00,-180572,4053.785
32402,2015-09-14T21:00:00+00:00,-179672,4053.786
32402,2015-09-14T21:15:00+00:00,-178772,4053.799
32402,2015-09-14T21:30:00+00:00,-177872,4053.818
32402,2015-09-14T21:45:00+00:00,-176972,4053.842
32402,2015-09-14T22:00:00+00:00,-176072,4053.877
32402,2015-09-14T22:15:00+00:00,-175172,4053.917
32402,2015-09-14T22:30:00+00:00,-174272,4053.960
32402,2015-09-14T22:45:00+00:00,-173372,4054.010
32402,2015-09-14T23:00:00+00:00,-172472,4054.063
32402,2015-09-14T23:15:00+00:00,-171572,4054.117
32402,2015-09-14T23:30:00+00:00,-170672,4054.173
32402,2015-09-14T23:45:00+00:00,-169772,4054.227
32402,2015-09-15T00:00:00+00:00,-168872,4054.286
32402,2015-09-15T00:15:00+00:00,-167972,4054.344
32402,2015-09-15T00:30:00+00:00,-167072,4054.400
32402,2015-09-15T00:45:00+00:00,-166172,4054.447
32402,2015-09-15T01:00:00+00:00,-165272,4054.498
32402,2015-09-15T01:15:00+00:00,-164372,4054.539
32402,2015-09-15T01:30:00+00:00,-163472,4054.576
32402,2015-09-15T01:45:00+00:00,-162572,4054.608
32402,2015-09-15T02:00:00+00:00,-161672,4054.635
32402,2015-09-15T02:15:00+00:00,-160772,4054.654
32402,2015-09-15T02:30:00+00:00,-159872,4054.665
32402,2015-09-15T02:45:00+00:00,-158972,4054.666
32402,2015-09-15T03:00:00+00:00,-158072,4054.661
32402,2015-09-15T03:15:00+00:00,-157172,4054.651
32402,2015-09-15T03:30:00+00:00,-156272,4054.637
32402,2015-09-15T03:45:00+00:00,-155372,4054.612
32402,2015-09-15T04:00:00+00:00,-154472,4054.582
32402,2015-09-15T04:15:00+00:00,-153572,4054.548
32402,2015-09-15T04:30:00+00:00,-152672,4054.506
32402,2015-09-15T04:45:00+00:00,-151772,4054.459
32402,2015-09-15T05:00:00+00:00,-150872,4054.409
32402,2015-09-15T05:15:00+00:00,-149972,4054.356
32402,2015-09-15T05:30:00+00:00,-149072,4054.303
32402,2015-09-15T05:45:00+00:00,-148172,4054.247
32402,2015-09-15T06:00:00+00:00,-147272,4054.192
32402,2015-09-15T06:15:00+00:00,-146372,4054.136
32402,2015-09-15T06:30:00+00:00,-145472,4054.083
32402,2015-09-15T06:45:00+00:00,-144572,4054.032
32402,2015-09-15T07:00:00+00:00,-143672,4053.987
32402,2015-09-15T07:15:00+00:00,-142772,4053.946
32402,2015-09-15T07:30:00+00:00,-141872,4053.907
32402,2015-09-15T07:45:00+00:00,-140972,4053.879
32402,2015-09-15T08:00:00+00:00,-140072,4053.854
32402,2015-09-15T08:15:00+00:00,-139172,4053.834
32402,2015-09-15T08:30:00+00:00,-138272,4053.822
32402,2015-09-15T08:45:00+00:00,-137372,4053.818
32402,2015-09-15T09:00:00+00:00,-136472,4053.820
32402,2015-09-15T09:15:00+00:00,-135572,4053.833
32402,2015-09-15T09:30:00+00:00,-134672,4053.848
32402,2015-09-15T09:45:00+00:00,-133772,4053.873
32402,2015-09-15T10:00:00+00:00,-132872,4053.902
32402,2015-09-15T10:15:00+00:00,-131972,4053.937
32402,2015-09-15T10:30:00+00:00,-131072,4053.979
32402,2015-09-15T10:45:00+00:00,-130172,4054.021
32402,2015-09-15T11:00:00+00:00,-129272,4054.071
32402,2015-09-15T11:15:00+00:00,-128372,4054.125
32402,2015-09-15T11:30:00+00:00,-127472,4054.177
32402,2015-09-15T11:45:00+00:00,-126572,4054.234
32402,2015-09-15T12:00:00+00:00,-125672,4054.291
32402,2015-09-15T12:15:00+00:00,-124772,4054.348
32402,2015-09-15T12:30:00+00:00,-123872,4054.403
32402,2015-09-15T12:45:00+00:00,-122972,4054.455
32402,2015-09-15T13:00:00+00:00,-122072,4054.509
32402,2015-09-15T13:15:00+00:00,-121172,4054.551
32402,2015-09-15T13:30:00+00:00,-120272,4054.597
32402,2015-09-15T13:45:00+00:00,-119372,4054.632
32402,2015-09-15T14:00:00+00:00,-118472,4054.662
32402,2015-09-15T14:15:00+00:00,-117572,4054.684
32402,2015-09-15T14:30:00+00:00,-116672,4054.699
32402,2015-09-15T14:45:00+00:00,-115772,4054.705
32402,2015-09-15T15:00:00+00:00,-114872,4054.704
32402,2015-09-15T15:15:00+00:00,-113972,4054.697
32402,2015-09-15T15:30:00+00:00,-113072,4054.680
32402,2015-09-15T15:45:00+00:00,-112172,4054.657
32402,2015-09-15T16:00:00+00:00,-111272,4054.633
32402,2015-09-15T16:15:00+00:00,-110372,4054.601
32402,2015-09-15T16:30:00+00:00,-109472,4054.565
32402,2015-09-15T16:45:00+00:00,-108572,4054.521
32402,2015-09-15T17:00:00+00:00,-107672,4054.477
32402,2015-09-15T17:15:00+00:00,-106772,4054.425
32402,2015-09-15T17:30:00+00:00,-105872,4054.372
32402,2015-09-15T17:45:00+00:00,-104972,4054.316
32402,2015-09-15T18:00:00+00:00,-104072,4054.258
32402,2015-09-15T18:15:00+00:00,-103172,4054.200
32402,2015-09-15T18:30:00+00:00,-102272,4054.139
32402,2015-09-15T18:45:00+00:00,-101372,4054.083
32402,2015-09-15T19:00:00+00:00,-100472,4054.029
32402,2015-09-15T19:15:00+00:00,-99572,4053.980
32402,2015-09-15T19:30:00+00:00,-98672,4053.934
32402,2015-09-15T19:45:00+00:00,-97772,4053.895
32402,2015-09-15T20:00:00+00:00,-96872,4053.860
32402,2015-09-15T20:15:00+00:00,-95972,4053.832
32402,2015-09-15T20:30:00+00:00,-95072,4053.812
32402,2015-09-15T20:45:00+00:00,-94172,4053.800
32402,2015-09-15T21:00:00+00:00,-93272,4053.795
32402,2015-09-15T21:15:00+00:00,-92372,4053.795
32402,2015-09-15T21:30:00+00:00,-91472,4053.800
32402,2015-09-15T21:45:00+00:00,-90572,4053.815
32402,2015-09-15T22:00:00+00:00,-89672,4053.835
32402,2015-09-15T22:15:00+00:00,-88772,4053.859
32402,2015-09-15T22:30:00+00:00,-87872,4053.892
32402,2015-09-15T22:45:00+00:00,-86972,4053.931
32402,2015-09-15T23:00:00+00:00,-86072,4053.972
32402,2015-09-15T23:15:00+00:00,-85172,4054.018
32402,2015-09-15T23:30:00+00:00,-84272,4054.067
32402,2015-09-15T23:45:00+00:00,-83372,4054.122
32402,2015-09-16T00:00:00+00:00,-82472,4054.179
32402,2015-09-16T00:15:00+00:00,-81572,4054.235
32402,2015-09-16T00:30:00+00:00,-80672,4054.294
32402,2015-09-16T00:45:00+00:00,-79772,4054.347
32402,2015-09-16T01:00:00+00:00,-78872,4054.399
32402,2015-09-16T01:15:00+00:00,-77972,4054.448
32402,2015-09-16T01:30:00+00:00,-77072,4054.492
32402,2015-09-16T01:45:00+00:00,-76172,4054.531
32402,2015-09-16T02:00:00+00:00,-75272,4054.569
32402,2015-09-16T02:15:00+00:00,-74372,4054.598
32402,2015-09-16T02:30:00+00:00,-73472,4054.624
32402,2015-09-16T02:45:00+00:00,-72572,4054.643
32402,2015-09-16T03:00:00+00:00,-71672,4054.653
32402,2015-09-16T03:15:00+00:00,-70772,4054.658
32402,2015-09-16T03:30:00+00:00,-69872,4054.657
32402,2015-09-16T03:45:00+00:00,-68972,4054.646
32402,2015-09-16T04:00:00+00:00,-68072,4054.628
32402,2015-09-16T04:15:00+00:00,-67172,4054.604
32402,2015-09-16T04:30:00+00:00,-66272,4054.572
32402,2015-09-16T04:45:00+00:00,-65372,4054.539
32402,2015-09-16T05:00:00+00:00,-64472,4054.499
32402,2015-09-16T05:15:00+00:00,-63572,4054.453
32402,2015-09-16T05:30:00+00:00,-62672,4054.403
32402,2015-09-16T05:45:00+00:00,-61772,4054.355
32402,2015-09-16T06:00:00+00:00,-60872,4054.304
32402,2015-09-16T06:15:00+00:00,-59972,4054.252
32402,2015-09-16T06:30:00+00:00,-59072,4054.200
32402,2015-09-16T06:45:00+00:00,-58172,4054.147
32402,2015-09-16T07:00:00+00:00,-57272,4054.098
32402,2015-09-16T07:15:00+00:00,-56372,4054.048
32402,2015-09-16T07:30:00+00:00,-55472,4054.002
32402,2015-09-16T07:45:00+00:00,-54572,4053.964
32402,2015-09-16T08:00:00+00:00,-53672,4053.929
32402,2015-09-16T08:15:00+00:00,-52772,4053.897
32402,2015-09-16T08:30:00+00:00,-51872,4053.875
32402,2015-09-16T08:45:00+00:00,-50972,4053.856
32402,2015-09-16T09:00:00+00:00,-50072,4053.844
32402,2015-09-16T09:15:00+00:00,-49172,4053.839
32402,2015-09-16T09:30:00+00:00,-48272,4053.840
32402,2015-09-16T09:45:00+00:00,-47372,4053.848
32402,2015-09-16T10:00:00+00:00,-46472,4053.865
32402,2015-09-16T10:15:00+00:00,-45572,4053.888
32402,2015-09-16T10:30:00+00:00,-44672,4053.915
32402,2015-09-16T10:45:00+00:00,-43772,4053.944
32402,2015-09-16T11:00:00+00:00,-42872,4053.982
32402,2015-09-16T11:15:00+00:00,-41972,4054.027
32402,2015-09-16T11:30:00+00:00,-41072,4054.070
32402,2015-09-16T11:45:00+00:00,-40172,4054.120
32402,2015-09-16T12:00:00+00:00,-39272,4054.172
32402,2015-09-16T12:15:00+00:00,-38372,4054.223
32402,2015-09-16T12:30:00+00:00,-37472,4054.272
32402,2015-09-16T12:45:00+00:00,-36572,4054.326
32402,2015-09-16T13:00:00+00:00,-35672,4054.376
32402,2015-09-16T13:15:00+00:00,-34772,4054.423
32402,2015-09-16T13:30:00+00:00,-33872,4054.466
32402,2015-09-16T13:45:00+00:00,-32972,4054.510
32402,2015-09-16T14:00:00+00:00,-32072,4054.547
32402,2015-09-16T14:15:00+00:00,-31172,4054.574
32402,2015-09-16T14:30:00+00:00,-30272,4054.600
32402,2015-09-16T14:45:00+00:00,-29372,4054.621
32402,2015-09-16T15:00:00+00:00,-28472,4054.635
32402,2015-09-16T15:15:00+00:00,-27572,4054.642
32402,2015-09-16T15:30:00+00:00,-26672,4054.643
32402,2015-09-16T15:45:00+00:00,-25772,4054.634
32402,2015-09-16T16:00:00+00:00,-24872,4054.620
32402,2015-09-16T16:15:00+00:00,-23972,4054.601
32402,2015-09-16T16:30:00+00:00,-23072,4054.575
32402,2015-09-16T16:45:00+00:00,-22172,4054.545
32402,2015-09-16T17:00:00+00:00,-21272,4054.507
32402,2015-09-16T17:15:00+00:00,-20372,4054.472
32402,2015-09-16T17:30:00+00:00,-19472,4054.427
32402,2015-09-16T17:45:00+00:00,-18572,4054.381
32402,2015-09-16T18:00:00+00:00,-17672,4054.333
32402,2015-09-16T18:15:00+00:00,-16772,4054.281
32402,2015-09-16T18:30:00+00:00,-15872,4054.230
32402,2015-09-16T18:45:00+00:00,-14972,4054.177
32402,2015-09-16T19:00:00+00:00,-14072,4054.127
32402,2015-09-16T19:15:00+00:00,-13172,4054.076
32402,2015-09-16T19:30:00+00:00,-12272,4054.031
32402,2015-09-16T19:45:00+00:00,-11372,4053.988
32402,2015-09-16T20:00:00+00:00,-10472,4053.949
32402,2015-09-16T20:15:00+00:00,-9572,4053.913
32402,2015-09-16T20:30:00+00:00,-8672,4053.884
32402,2015-09-16T20:45:00+00:00,-7772,4053.859
32402,2015-09-16T21:00:00+00:00,-6872,4053.839
32402,2015-09-16T21:15:00+00:00,-5972,4053.829
32402,2015-09-16T21:30:00+00:00,-5072,4053.821
32402,2015-09-16T21:45:00+00:00,-4172,4053.823
