station_id,timestamp_utc,seconds_from_origin,height_m
46407,2015-08-17T23:00:00+00:00,-2591672,3268.749
46407,2015-08-17T23:15:00+00:00,-2590772,3268.699
46407,2015-08-17T23:30:00+00:00,-2589872,3268.646
46407,2015-08-17T23:45:00+00:00,-2588972,3268.579
46407,2015-08-18T00:00:00+00:00,-2588072,3268.507
46407,2015-08-18T00:15:00+00:00,-2587172,3268.429
46407,2015-08-18T00:30:00+00:00,-2586272,3268.347
46407,2015-08-18T00:45:00+00:00,-2585372,3268.267
46407,2015-08-18T01:00:00+00:00,-2584472,3268.183
46407,2015-08-18T01:15:00+00:00,-2583572,3268.096
46407,2015-08-18T01:30:00+00:00,-2582672,3268.014
46407,2015-08-18T01:45:00+00:00,-2581772,3267.936
46407,2015-08-18T02:00:00+00:00,-2580872,3267.863
46407,2015-08-18T02:15:00+00:00,-2579972,3267.796
46407,2015-08-18T02:30:00+00:00,-2579072,3267.733
46407,2015-08-18T02:45:00+00:00,-2578172,3267.682
46407,2015-08-18T03:00:00+00:00,-2577272,3267.637
46407,2015-08-18T03:15:00+00:00,-2576372,3267.600
46407,2015-08-18T03:30:00+00:00,-2575472,3267.574
46407,2015-08-18T03:45:00+00:00,-2574572,3267.560
46407,2015-08-18T04:00:00+00:00,-2573672,3267.554
46407,2015-08-18T04:15:00+00:00,-2572772,3267.566
46407,2015-08-18T04:30:00+00:00,-2571872,3267.583
46407,2015-08-18T04:45:00+00:00,-2570972,3267.615
46407,2015-08-18T05:00:00+00:00,-2570072,3267.652
46407,2015-08-18T05:15:00+00:00,-2569172,3267.699
46407,2015-08-18T05:30:00+00:00,-2568272,3267.755
46407,2015-08-18T05:45:00+00:00,-2567372,3267.823
46407,2015-08-18T06:00:00+00:00,-2566472,3267.894
46407,2015-08-18T06:15:00+00:00,-2565572,3267.968
46407,2015-08-18T06:30:00+00:00,-2564672,3268.045
46407,2015-08-18T06:45:00+00:00,-2563772,3268.128
46407,2015-08-18T07:00:00+00:00,-2562872,3268.208
46407,2015-08-18T07:15:00+00:00,-2561972,3268.287
46407,2015-08-18T07:30:00+00:00,-2561072,3268.366
46407,2015-08-18T07:45:00+00:00,-2560172,3268.439
46407,2015-08-18T08:00:00+00:00,-2559272,3268.507
46407,2015-08-18T08:15:00+00:00,-2558372,3268.569
46407,2015-08-18T08:30:00+00:00,-2557472,3268.628
46407,2015-08-18T08:45:00+00:00,-2556572,3268.674
46407,2015-08-18T09:00:00+00:00,-2555672,3268.715
46407,2015-08-18T09:15:00+00:00,-2554772,3268.744
46407,2015-08-18T09:30:00+00:00,-2553872,3268.765
46407,2015-08-18T09:45:00+00:00,-2552972,3268.777
46407,2015-08-18T10:00:00+00:00,-2552072,3268.775
46407,2015-08-18T10:15:00+00:00,-2551172,3268.763
46407,2015-08-18T10:30:00+00:00,-2550272,3268.741
46407,2015-08-18T10:45:00+00:00,-2549372,3268.705
46407,2015-08-18T11:00:00+00:00,-2548472,3268.662
46407,2015-08-18T11:15:00+00:00,-2547572,3268.610
46407,2015-08-18T11:30:00+00:00,-2546672,3268.548
46407,2015-08-18T11:45:00+00:00,-2545772,3268.478
46407,2015-08-18T12:00:00+00:00,-2544872,3268.399
46407,2015-08-18T12:15:00+00:00,-2543972,3268.319
46407,2015-08-18T12:30:00+00:00,-2543072,3268.232
46407,2015-08-18T12:45:00+00:00,-2542172,3268.139
46407,2015-08-18T13:00:00+00:00,-2541272,3268.046
46407,2015-08-18T13:15:00+00:00,-2540372,3267.955
46407,2015-08-18T13:30:00+00:00,-2539472,3267.864
46407,2015-08-18T13:45:00+00:00,-2538572,3267.775
46407,2015-08-18T14:00:00+00:00,-2537672,3267.692
46407,2015-08-18T14:15:00+00:00,-2536772,3267.611
46407,2015-08-18T14:30:00+00:00,-2535872,3267.538
46407,2015-08-18T14:45:00+00:00,-2534972,3267.471
46407,2015-08-18T15:00:00+00:00,-2534072,3267.416
46407,2015-08-18T15:15:00+00:00,-2533172,3267.371
46407,2015-08-18T15:30:00+00:00,-2532272,3267.336
46407,2015-08-18T15:45:00+00:00,-2531372,3267.310
46407,2015-08-18T16:00:00+00:00,-2530472,3267.301
46407,2015-08-18T16:15:00+00:00,-2529572,3267.300
46407,2015-08-18T16:30:00+00:00,-2528672,3267.314
46407,2015-08-18T16:45:00+00:00,-2527772,3267.338
46407,2015-08-18T17:00:00+00:00,-2526872,3267.374
46407,2015-08-18T17:15:00+00:00,-2525972,3267.420
46407,2015-08-18T17:30:00+00:00,-2525072,3267.474
46407,2015-08-18T17:45:00+00:00,-2524172,3267.543
46407,2015-08-18T18:00:00+00:00,-2523272,3267.617
46407,2015-08-18T18:15:00+00:00,-2522372,3267.696
46407,2015-08-18T18:30:00+00:00,-2521472,3267.778
46407,2015-08-18T18:45:00+00:00,-2520572,3267.870
46407,2015-08-18T19:00:00+00:00,-2519672,3267.966
46407,2015-08-18T19:15:00+00:00,-2518772,3268.063
46407,2015-08-18T19:30:00+00:00,-2517872,3268.158
46407,2015-08-18T19:45:00+00:00,-2516972,3268.250
46407,2015-08-18T20:00:00+00:00,-2516072,3268.341
46407,2015-08-18T20:15:00+00:00,-2515172,3268.430
46407,2015-08-18T20:30:00+00:00,-2514272,3268.514
46407,2015-08-18T20:45:00+00:00,-2513372,3268.588
46407,2015-08-18T21:00:00+00:00,-2512472,3268.655
46407,2015-08-18T21:15:00+00:00,-2511572,3268.712
46407,2015-08-18T21:30:00+00:00,-2510672,3268.764
46407,2015-08-18T21:45:00+00:00,-2509772,3268.802
46407,2015-08-18T22:00:00+00:00,-2508872,3268.827
46407,2015-08-18T22:15:00+00:00,-2507972,3268.845
46407,2015-08-18T22:30:00+00:00,-2507072,3268.849
46407,2015-08-18T22:45:00+00:00,-2506172,3268.842
46407,2015-08-18T23:00:00+00:00,-2505272,3268.820
46407,2015-08-18T23:15:00+00:00,-2504372,3268.793
46407,2015-08-18T23:30:00+00:00,-2503472,3268.755
46407,2015-08-18T23:45:00+00:00,-2502572,3268.704
46407,2015-08-19T00:00:00+00:00,-2501672,3268.646
46407,2015-08-19T00:15:00+00:00,-2500772,3268.583
46407,2015-08-19T00:30:00+00:00,-2499872,3268.513
46407,2015-08-19T00:45:00+00:00,-2498972,3268.439
46407,2015-08-19T01:00:00+00:00,-2498072,3268.360
46407,2015-08-19T01:15:00+00:00,-2497172,3268.277
46407,2015-08-19T01:30:00+00:00,-2496272,3268.190
46407,2015-08-19T01:45:00+00:00,-2495372,3268.107
46407,2015-08-19T02:00:00+00:00,-2494472,3268.024
46407,2015-08-19T02:15:00+00:00,-2493572,3267.943
46407,2015-08-19T02:30:00+00:00,-2492672,3267.865
46407,2015-08-19T02:45:00+00:00,-2491772,3267.798
46407,2015-08-19T03:00:00+00:00,-2490872,3267.733
46407,2015-08-19T03:15:00+00:00,-2489972,3267.674
46407,2015-08-19T03:30:00+00:00,-2489072,3267.624
46407,2015-08-19T03:45:00+00:00,-2488172,3267.584
46407,2015-08-19T04:00:00+00:00,-2487272,3267.550
46407,2015-08-19T04:15:00+00:00,-2486372,3267.530
46407,2015-08-19T04:30:00+00:00,-2485472,3267.522
46407,2015-08-19T04:45:00+00:00,-2484572,3267.519
46407,2015-08-19T05:00:00+00:00,-2483672,3267.527
46407,2015-08-19T05:15:00+00:00,-2482772,3267.548
46407,2015-08-19T05:30:00+00:00,-2481872,3267.579
46407,2015-08-19T05:45:00+00:00,-2480972,3267.618
46407,2015-08-19T06:00:00+00:00,-2480072,3267.669
46407,2015-08-19T06:15:00+00:00,-2479172,3267.727
46407,2015-08-19T06:30:00+00:00,-2478272,3267.791
46407,2015-08-19T06:45:00+00:00,-2477372,3267.855
46407,2015-08-19T07:00:00+00:00,-2476472,3267.927
46407,2015-08-19T07:15:00+00:00,-2475572,3268.000
46407,2015-08-19T07:30:00+00:00,-2474672,3268.075
46407,2015-08-19T07:45:00+00:00,-2473772,3268.148
46407,2015-08-19T08:00:00+00:00,-2472872,3268.225
46407,2015-08-19T08:15:00+00:00,-2471972,3268.297
46407,2015-08-19T08:30:00+00:00,-2471072,3268.365
46407,2015-08-19T08:45:00+00:00,-2470172,3268.426
46407,2015-08-19T09:00:00+00:00,-2469272,3268.484
46407,2015-08-19T09:15:00+00:00,-2468372,3268.534
46407,2015-08-19T09:30:00+00:00,-2467472,3268.578
46407,2015-08-19T09:45:00+00:00,-2466572,3268.614
46407,2015-08-19T10:00:00+00:00,-2465672,3268.636
46407,2015-08-19T10:15:00+00:00,-2464772,3268.649
46407,2015-08-19T10:30:00+00:00,-2463872,3268.656
46407,2015-08-19T10:45:00+00:00,-2462972,3268.651
46407,2015-08-19T11:00:00+00:00,-2462072,3268.639
46407,2015-08-19T11:15:00+00:00,-2461172,3268.612
46407,2015-08-19T11:30:00+00:00,-2460272,3268.580
46407,2015-08-19T11:45:00+00:00,-2459372,3268.537
46407,2015-08-19T12:00:00+00:00,-2458472,3268.488
46407,2015-08-19T12:15:00+00:00,-2457572,3268.428
46407,2015-08-19T12:30:00+00:00,-2456672,3268.366
46407,2015-08-19T12:45:00+00:00,-2455772,3268.295
46407,2015-08-19T13:00:00+00:00,-2454872,3268.220
46407,2015-08-19T13:15:00+00:00,-2453972,3268.143
46407,2015-08-19T13:30:00+00:00,-2453072,3268.064
46407,2015-08-19T13:45:00+00:00,-2452172,3267.980
46407,2015-08-19T14:00:00+00:00,-2451272,3267.900
46407,2015-08-19T14:15:00+00:00,-2450372,3267.824
46407,2015-08-19T14:30:00+00:00,-2449472,3267.751
46407,2015-08-19T14:45:00+00:00,-2448572,3267.680
46407,2015-08-19T15:00:00+00:00,-2447672,3267.615
46407,2015-08-19T15:15:00+00:00,-2446772,3267.559
46407,2015-08-19T15:30:00+00:00,-2445872,3267.509
46407,2015-08-19T15:45:00+00:00,-2444972,3267.470
46407,2015-08-19T16:00:00+00:00,-2444072,3267.437
46407,2015-08-19T16:15:00+00:00,-2443172,3267.418
46407,2015-08-19T16:30:00+00:00,-2442272,3267.410
46407,2015-08-19T16:45:00+00:00,-2441372,3267.408
46407,2015-08-19T17:00:00+00:00,-2440472,3267.417
46407,2015-08-19T17:15:00+00:00,-2439572,3267.439
46407,2015-08-19T17:30:00+00:00,-2438672,3267.470
46407,2015-08-19T17:45:00+00:00,-2437772,3267.511
46407,2015-08-19T18:00:00+00:00,-2436872,3267.557
46407,2015-08-19T18:15:00+00:00,-2435972,3267.619
46407,2015-08-19T18:30:00+00:00,-2435072,3267.685
46407,2015-08-19T18:45:00+00:00,-2434172,3267.759
46407,2015-08-19T19:00:00+00:00,-2433272,3267.837
46407,2015-08-19T19:15:00+00:00,-2432372,3267.921
46407,2015-08-19T19:30:00+00:00,-2431472,3268.005
46407,2015-08-19T19:45:00+00:00,-2430572,3268.094
46407,2015-08-19T20:00:00+00:00,-2429672,3268.179
46407,2015-08-19T20:15:00+00:00,-2428772,3268.268
46407,2015-08-19T20:30:00+00:00,-2427872,3268.353
46407,2015-08-19T20:45:00+00:00,-2426972,3268.435
46407,2015-08-19T21:00:00+00:00,-2426072,3268.510
46407,2015-08-19T21:15:00+00:00,-2425172,3268.580
46407,2015-08-19T21:30:00+00:00,-2424272,3268.645
46407,2015-08-19T21:45:00+00:00,-2423372,3268.698
46407,2015-08-19T22:00:00+00:00,-2422472,3268.744
46407,2015-08-19T22:15:00+00:00,-2421572,3268.779
46407,2015-08-19T22:30:00+00:00,-2420672,3268.806
46407,2015-08-19T22:45:00+00:00,-2419772,3268.823
46407,2015-08-19T23:00:00+00:00,-2418872,3268.829
46407,2015-08-19T23:15:00+00:00,-2417972,3268.823
46407,2015-08-19T23:30:00+00:00,-2417072,3268.806
46407,2015-08-19T23:45:00+00:00,-2416172,3268.780
46407,2015-08-20T00:00:00+00:00,-2415272,3268.743
46407,2015-08-20T00:15:00+00:00,-2414372,3268.697
46407,2015-08-20T00:30:00+00:00,-2413472,3268.642
46407,2015-08-20T00:45:00+00:00,-2412572,3268.584
46407,2015-08-20T01:00:00+00:00,-2411672,3268.517
46407,2015-08-20T01:15:00+00:00,-2410772,3268.443
46407,2015-08-20T01:30:00+00:00,-2409872,3268.363
46407,2015-08-20T01:45:00+00:00,-2408972,3268.282
46407,2015-08-20T02:00:00+00:00,-2408072,3268.202
46407,2015-08-20T02:15:00+00:00,-2407172,3268.123
46407,2015-08-20T02:30:00+00:00,-2406272,3268.040
46407,2015-08-20T02:45:00+00:00,-2405372,3267.962
46407,2015-08-20T03:00:00+00:00,-2404472,3267.886
46407,2015-08-20T03:15:00+00:00,-2403572,3267.815
46407,2015-08-20T03:30:00+00:00,-2402672,3267.750
46407,2015-08-20T03:45:00+00:00,-2401772,3267.688
46407,2015-08-20T04:00:00+00:00,-2400872,3267.635
46407,2015-08-20T04:15:00+00:00,-2399972,3267.593
46407,2015-08-20T04:30:00+00:00,-2399072,3267.555
46407,2015-08-20T04:45:00+00:00,-2398172,3267.526
46407,2015-08-20T05:00:00+00:00,-2397272,3267.511
46407,2015-08-20T05:15:00+00:00,-2396372,3267.501
46407,2015-08-20T05:30:00+00:00,-2395472,3267.496
46407,2015-08-20T05:45:00+00:00,-2394572,3267.507
46407,2015-08-20T06:00:00+00:00,-2393672,3267.526
46407,2015-08-20T06:15:00+00:00,-2392772,3267.552
46407,2015-08-20T06:30:00+00:00,-2391872,3267.588
46407,2015-08-20T06:45:00+00:00,-2390972,3267.631
46407,2015-08-20T07:00:00+00:00,-2390072,3267.683
46407,2015-08-20T07:15:00+00:00,-2389172,3267.740
46407,2015-08-20T07:30:00+00:00,-2388272,3267.802
46407,2015-08-20T07:45:00+00:00,-2387372,3267.864
46407,2015-08-20T08:00:00+00:00,-2386472,3267.929
46407,2015-08-20T08:15:00+00:00,-2385572,3267.997
46407,2015-08-20T08:30:00+00:00,-2384672,3268.064
46407,2015-08-20T08:45:00+00:00,-2383772,3268.128
46407,2015-08-20T09:00:00+00:00,-2382872,3268.192
46407,2015-08-20T09:15:00+00:00,-2381972,3268.252
46407,2015-08-20T09:30:00+00:00,-2381072,3268.308
46407,2015-08-20T09:45:00+00:00,-2380172,3268.361
46407,2015-08-20T10:00:00+00:00,-2379272,3268.409
46407,2015-08-20T10:15:00+00:00,-2378372,3268.446
46407,2015-08-20T10:30:00+00:00,-2377472,3268.480
46407,2015-08-20T10:45:00+00:00,-2376572,3268.503
46407,2015-08-20T11:00:00+00:00,-2375672,3268.518
46407,2015-08-20T11:15:00+00:00,-2374772,3268.525
46407,2015-08-20T11:30:00+00:00,-2373872,3268.520
46407,2015-08-20T11:45:00+00:00,-2372972,3268.506
46407,2015-08-20T12:00:00+00:00,-2372072,3268.483
46407,2015-08-20T12:15:00+00:00,-2371172,3268.455
46407,2015-08-20T12:30:00+00:00,-2370272,3268.418
46407,2015-08-20T12:45:00+00:00,-2369372,3268.373
46407,2015-08-20T13:00:00+00:00,-2368472,3268.323
46407,2015-08-20T13:15:00+00:00,-2367572,3268.268
46407,2015-08-20T13:30:00+00:00,-2366672,3268.209
46407,2015-08-20T13:45:00+00:00,-2365772,3268.146
46407,2015-08-20T14:00:00+00:00,-2364872,3268.084
46407,2015-08-20T14:15:00+00:00,-2363972,3268.018
46407,2015-08-20T14:30:00+00:00,-2363072,3267.954
46407,2015-08-20T14:45:00+00:00,-2362172,3267.891
46407,2015-08-20T15:00:00+00:00,-2361272,3267.830
46407,2015-08-20T15:15:00+00:00,-2360372,3267.773
46407,2015-08-20T15:30:00+00:00,-2359472,3267.719
46407,2015-08-20T15:45:00+00:00,-2358572,3267.672
46407,2015-08-20T16:00:00+00:00,-2357672,3267.632
46407,2015-08-20T16:15:00+00:00,-2356772,3267.593
46407,2015-08-20T16:30:00+00:00,-2355872,3267.564
46407,2015-08-20T16:45:00+00:00,-2354972,3267.545
46407,2015-08-20T17:00:00+00:00,-2354072,3267.533
46407,2015-08-20T17:15:00+00:00,-2353172,3267.532
46407,2015-08-20T17:30:00+00:00,-2352272,3267.540
46407,2015-08-20T17:45:00+00:00,-2351372,3267.554
46407,2015-08-20T18:00:00+00:00,-2350472,3267.577
46407,2015-08-20T18:15:00+00:00,-2349572,3267.612
46407,2015-08-20T18:30:00+00:00,-2348672,3267.655
46407,2015-08-20T18:45:00+00:00,-2347772,3267.706
46407,2015-08-20T19:00:00+00:00,-2346872,3267.765
46407,2015-08-20T19:15:00+00:00,-2345972,3267.830
46407,2015-08-20T19:30:00+00:00,-2345072,3267.897
46407,2015-08-20T19:45:00+00:00,-2344172,3267.972
46407,2015-08-20T20:00:00+00:00,-2343272,3268.047
46407,2015-08-20T20:15:00+00:00,-2342372,3268.125
46407,2015-08-20T20:30:00+00:00,-2341472,3268.207
46407,2015-08-20T20:45:00+00:00,-2340572,3268.289
46407,2015-08-20T21:00:00+00:00,-2339672,3268.369
46407,2015-08-20T21:15:00+00:00,-2338772,3268.441
46407,2015-08-20T21:30:00+00:00,-2337872,3268.509
46407,2015-08-20T21:45:00+00:00,-2336972,3268.574
46407,2015-08-20T22:00:00+00:00,-2336072,3268.636
46407,2015-08-20T22:15:00+00:00,-2335172,3268.685
46407,2015-08-20T22:30:00+00:00,-2334272,3268.724
46407,2015-08-20T22:45:00+00:00,-2333372,3268.760
46407,2015-08-20T23:00:00+00:00,-2332472,3268.787
46407,2015-08-20T23:15:00+00:00,-2331572,3268.809
46407,2015-08-20T23:30:00+00:00,-2330672,3268.817
46407,2015-08-20T23:45:00+00:00,-2329772,3268.815
46407,2015-08-21T00:00:00+00:00,-2328872,3268.802
46407,2015-08-21T00:15:00+00:00,-2327972,3268.782
46407,2015-08-21T00:30:00+00:00,-2327072,3268.755
46407,2015-08-21T00:45:00+00:00,-2326172,3268.716
46407,2015-08-21T01:00:00+00:00,-2325272,3268.668
46407,2015-08-21T01:15:00+00:00,-2324372,3268.614
46407,2015-08-21T01:30:00+00:00,-2323472,3268.558
46407,2015-08-21T01:45:00+00:00,-2322572,3268.487
46407,2015-08-21T02:00:00+00:00,-2321672,3268.416
46407,2015-08-21T02:15:00+00:00,-2320772,3268.342
46407,2015-08-21T02:30:00+00:00,-2319872,3268.262
46407,2015-08-21T02:45:00+00:00,-2318972,3268.183
46407,2015-08-21T03:00:00+00:00,-2318072,3268.104
46407,2015-08-21T03:15:00+00:00,-2317172,3268.028
46407,2015-08-21T03:30:00+00:00,-2316272,3267.952
46407,2015-08-21T03:45:00+00:00,-2315372,3267.879
46407,2015-08-21T04:00:00+00:00,-2314472,3267.808
46407,2015-08-21T04:15:00+00:00,-2313572,3267.744
46407,2015-08-21T04:30:00+00:00,-2312672,3267.688
46407,2015-08-21T04:45:00+00:00,-2311772,3267.635
46407,2015-08-21T05:00:00+00:00,-2310872,3267.594
46407,2015-08-21T05:15:00+00:00,-2309972,3267.557
46407,2015-08-21T05:30:00+00:00,-2309072,3267.528
46407,2015-08-21T05:45:00+00:00,-2308172,3267.510
46407,2015-08-21T06:00:00+00:00,-2307272,3267.500
46407,2015-08-21T06:15:00+00:00,-2306372,3267.496
46407,2015-08-21T06:30:00+00:00,-2305472,3267.503
46407,2015-08-21T06:45:00+00:00,-2304572,3267.516
46407,2015-08-21T07:00:00+00:00,-2303672,3267.537
46407,2015-08-21T07:15:00+00:00,-2302772,3267.569
46407,2015-08-21T07:30:00+00:00,-2301872,3267.608
46407,2015-08-21T07:45:00+00:00,-2300972,3267.651
46407,2015-08-21T08:00:00+00:00,-2300072,3267.699
46407,2015-08-21T08:15:00+00:00,-2299172,3267.748
46407,2015-08-21T08:30:00+00:00,-2298272,3267.805
46407,2015-08-21T08:45:00+00:00,-2297372,3267.863
46407,2015-08-21T09:00:00+00:00,-2296472,3267.921
46407,2015-08-21T09:15:00+00:00,-2295572,3267.979
46407,2015-08-21T09:30:00+00:00,-2294672,3268.041
46407,2015-08-21T09:45:00+00:00,-2293772,3268.102
46407,2015-08-21T10:00:00+00:00,-2292872,3268.159
46407,2015-08-21T10:15:00+00:00,-2291972,3268.213
46407,2015-08-21T10:30:00+00:00,-2291072,3268.259
46407,2015-08-21T10:45:00+00:00,-2290172,3268.300
46407,2015-08-21T11:00:00+00:00,-2289272,3268.336
46407,2015-08-21T11:15:00+00:00,-2288372,3268.370
46407,2015-08-21T11:30:00+00:00,-2287472,3268.395
46407,2015-08-21T11:45:00+00:00,-2286572,3268.411
46407,2015-08-21T12:00:00+00:00,-2285672,3268.418
46407,2015-08-21T12:15:00+00:00,-2284772,3268.418
46407,2015-08-21T12:30:00+00:00,-2283872,3268.408
46407,2015-08-21T12:45:00+00:00,-2282972,3268.392
46407,2015-08-21T13:00:00+00:00,-2282072,3268.371
46407,2015-08-21T13:15:00+00:00,-2281172,3268.346
46407,2015-08-21T13:30:00+00:00,-2280272,3268.316
46407,2015-08-21T13:45:00+00:00,-2279372,3268.279
46407,2015-08-21T14:00:00+00:00,-2278472,3268.235
46407,2015-08-21T14:15:00+00:00,-2277572,3268.192
46407,2015-08-21T14:30:00+00:00,-2276672,3268.143
46407,2015-08-21T14:45:00+00:00,-2275772,3268.093
46407,2015-08-21T15:00:00+00:00,-2274872,3268.041
46407,2015-08-21T15:15:00+00:00,-2273972,3267.990
46407,2015-08-21T15:30:00+00:00,-2273072,3267.943
46407,2015-08-21T15:45:00+00:00,-2272172,3267.894
46407,2015-08-21T16:00:00+00:00,-2271272,3267.853
46407,2015-08-21T16:15:00+00:00,-2270372,3267.811
46407,2015-08-21T16:30:00+00:00,-2269472,3267.775
46407,2015-08-21T16:45:00+00:00,-2268572,3267.743
46407,2015-08-21T17:00:00+00:00,-2267672,3267.720
46407,2015-08-21T17:15:00+00:00,-2266772,3267.700
46407,2015-08-21T17:30:00+00:00,-2265872,3267.688
46407,2015-08-21T17:45:00+00:00,-2264972,3267.684
46407,2015-08-21T18:00:00+00:00,-2264072,3267.689
46407,2015-08-21T18:15:00+00:00,-2263172,3267.698
46407,2015-08-21T18:30:00+00:00,-2262272,3267.714
46407,2015-08-21T18:45:00+00:00,-2261372,3267.742
46407,2015-08-21T19:00:00+00:00,-2260472,3267.773
46407,2015-08-21T19:15:00+00:00,-2259572,3267.815
46407,2015-08-21T19:30:00+00:00,-2258672,3267.863
46407,2015-08-21T19:45:00+00:00,-2257772,3267.916
46407,2015-08-21T20:00:00+00:00,-2256872,3267.973
46407,2015-08-21T20:15:00+00:00,-2255972,3268.034
46407,2015-08-21T20:30:00+00:00,-2255072,3268.100
46407,2015-08-21T20:45:00+00:00,-2254172,3268.167
46407,2015-08-21T21:00:00+00:00,-2253272,3268.234
46407,2015-08-21T21:15:00+00:00,-2252372,3268.301
46407,2015-08-21T21:30:00+00:00,-2251472,3268.368
46407,2015-08-21T21:45:00+00:00,-2250572,3268.434
46407,2015-08-21T22:00:00+00:00,-2249672,3268.500
46407,2015-08-21T22:15:00+00:00,-2248772,3268.559
46407,2015-08-21T22:30:00+00:00,-2247872,3268.616
46407,2015-08-21T22:45:00+00:00,-2246972,3268.667
46407,2015-08-21T23:00:00+00:00,-2246072,3268.712
46407,2015-08-21T23:15:00+00:00,-2245172,3268.748
46407,2015-08-21T23:30:00+00:00,-2244272,3268.778
46407,2015-08-21T23:45:00+00:00,-2243372,3268.800
46407,2015-08-22T00:00:00+00:00,-2242472,3268.814
46407,2015-08-22T00:15:00+00:00,-2241572,3268.821
46407,2015-08-22T00:30:00+00:00,-2240672,3268.815
46407,2015-08-22T00:45:00+00:00,-2239772,3268.801
46407,2015-08-22T01:00:00+00:00,-2238872,3268.780
46407,2015-08-22T01:15:00+00:00,-2237972,3268.751
46407,2015-08-22T01:30:00+00:00,-2237072,3268.713
46407,2015-08-22T01:45:00+00:00,-2236172,3268.668
46407,2015-08-22T02:00:00+00:00,-2235272,3268.612
46407,2015-08-22T02:15:00+00:00,-2234372,3268.555
46407,2015-08-22T02:30:00+00:00,-2233472,3268.488
46407,2015-08-22T02:45:00+00:00,-2232572,3268.418
46407,2015-08-22T03:00:00+00:00,-2231672,3268.348
46407,2015-08-22T03:15:00+00:00,-2230772,3268.278
46407,2015-08-22T03:30:00+00:00,-2229872,3268.203
46407,2015-08-22T03:45:00+00:00,-2228972,3268.124
46407,2015-08-22T04:00:00+00:00,-2228072,3268.048
46407,2015-08-22T04:15:00+00:00,-2227172,3267.977
46407,2015-08-22T04:30:00+00:00,-2226272,3267.904
46407,2015-08-22T04:45:00+00:00,-2225372,3267.837
46407,2015-08-22T05:00:00+00:00,-2224472,3267.769
46407,2015-08-22T05:15:00+00:00,-2223572,3267.712
46407,2015-08-22T05:30:00+00:00,-2222672,3267.657
46407,2015-08-22T05:45:00+00:00,-2221772,3267.611
46407,2015-08-22T06:00:00+00:00,-2220872,3267.570
46407,2015-08-22T06:15:00+00:00,-2219972,3267.536
46407,2015-08-22T06:30:00+00:00,-2219072,3267.512
46407,2015-08-22T06:45:00+00:00,-2218172,3267.492
46407,2015-08-22T07:00:00+00:00,-2217272,3267.486
46407,2015-08-22T07:15:00+00:00,-2216372,3267.486
46407,2015-08-22T07:30:00+00:00,-2215472,3267.491
46407,2015-08-22T07:45:00+00:00,-2214572,3267.503
46407,2015-08-22T08:00:00+00:00,-2213672,3267.526
46407,2015-08-22T08:15:00+00:00,-2212772,3267.554
46407,2015-08-22T08:30:00+00:00,-2211872,3267.586
46407,2015-08-22T08:45:00+00:00,-2210972,3267.622
46407,2015-08-22T09:00:00+00:00,-2210072,3267.668
46407,2015-08-22T09:15:00+00:00,-2209172,3267.717
46407,2015-08-22T09:30:00+00:00,-2208272,3267.772
46407,2015-08-22T09:45:00+00:00,-2207372,3267.827
46407,2015-08-22T10:00:00+00:00,-2206472,3267.885
46407,2015-08-22T10:15:00+00:00,-2205572,3267.942
46407,2015-08-22T10:30:00+00:00,-2204672,3267.997
46407,2015-08-22T10:45:00+00:00,-2203772,3268.052
46407,2015-08-22T11:00:00+00:00,-2202872,3268.104
46407,2015-08-22T11:15:00+00:00,-2201972,3268.150
46407,2015-08-22T11:30:00+00:00,-2201072,3268.193
46407,2015-08-22T11:45:00+00:00,-2200172,3268.230
46407,2015-08-22T12:00:00+00:00,-2199272,3268.264
46407,2015-08-22T12:15:00+00:00,-2198372,3268.293
46407,2015-08-22T12:30:00+00:00,-2197472,3268.316
46407,2015-08-22T12:45:00+00:00,-2196572,3268.332
46407,2015-08-22T13:00:00+00:00,-2195672,3268.344
46407,2015-08-22T13:15:00+00:00,-2194772,3268.345
46407,2015-08-22T13:30:00+00:00,-2193872,3268.341
46407,2015-08-22T13:45:00+00:00,-2192972,3268.333
46407,2015-08-22T14:00:00+00:00,-2192072,3268.319
46407,2015-08-22T14:15:00+00:00,-2191172,3268.300
46407,2015-08-22T14:30:00+00:00,-2190272,3268.275
46407,2015-08-22T14:45:00+00:00,-2189372,3268.249
46407,2015-08-22T15:00:00+00:00,-2188472,3268.218
46407,2015-08-22T15:15:00+00:00,-2187572,3268.185
46407,2015-08-22T15:30:00+00:00,-2186672,3268.148
46407,2015-08-22T15:45:00+00:00,-2185772,3268.110
46407,2015-08-22T16:00:00+00:00,-2184872,3268.072
46407,2015-08-22T16:15:00+00:00,-2183972,3268.034
46407,2015-08-22T16:30:00+00:00,-2183072,3267.999
46407,2015-08-22T16:45:00+00:00,-2182172,3267.963
46407,2015-08-22T17:00:00+00:00,-2181272,3267.932
46407,2015-08-22T17:15:00+00:00,-2180372,3267.903
46407,2015-08-22T17:30:00+00:00,-2179472,3267.880
46407,2015-08-22T17:45:00+00:00,-2178572,3267.857
46407,2015-08-22T18:00:00+00:00,-2177672,3267.842
46407,2015-08-22T18:15:00+00:00,-2176772,3267.831
46407,2015-08-22T18:30:00+00:00,-2175872,3267.826
46407,2015-08-22T18:45:00+00:00,-2174972,3267.824
46407,2015-08-22T19:00:00+00:00,-2174072,3267.834
46407,2015-08-22T19:15:00+00:00,-2173172,3267.846
46407,2015-08-22T19:30:00+00:00,-2172272,3267.867
46407,2015-08-22T19:45:00+00:00,-2171372,3267.892
46407,2015-08-22T20:00:00+00:00,-2170472,3267.927
46407,2015-08-22T20:15:00+00:00,-2169572,3267.963
46407,2015-08-22T20:30:00+00:00,-2168672,3268.008
46407,2015-08-22T20:45:00+00:00,-2167772,3268.057
46407,2015-08-22T21:00:00+00:00,-2166872,3268.110
46407,2015-08-22T21:15:00+00:00,-2165972,3268.167
46407,2015-08-22T21:30:00+00:00,-2165072,3268.225
46407,2015-08-22T21:45:00+00:00,-2164172,3268.285
46407,2015-08-22T22:00:00+00:00,-2163272,3268.346
46407,2015-08-22T22:15:00+00:00,-2162372,3268.412
46407,2015-08-22T22:30:00+00:00,-2161472,3268.470
46407,2015-08-22T22:45:00+00:00,-2160572,3268.532
46407,2015-08-22T23:00:00+00:00,-2159672,3268.588
46407,2015-08-22T23:15:00+00:00,-2158772,3268.640
46407,2015-08-22T23:30:00+00:00,-2157872,3268.684
46407,2015-08-22T23:45:00+00:00,-2156972,3268.724
46407,2015-08-23T00:00:00+00:00,-2156072,3268.758
46407,2015-08-23T00:15:00+00:00,-2155172,3268.787
46407,2015-08-23T00:30:00+00:00,-2154272,3268.808
46407,2015-08-23T00:45:00+00:00,-2153372,3268.820
46407,2015-08-23T01:00:00+00:00,-2152472,3268.822
46407,2015-08-23T01:15:00+00:00,-2151572,3268.819
46407,2015-08-23T01:30:00+00:00,-2150672,3268.809
46407,2015-08-23T01:45:00+00:00,-2149772,3268.790
46407,2015-08-23T02:00:00+00:00,-2148872,3268.763
46407,2015-08-23T02:15:00+00:00,-2147972,3268.727
46407,2015-08-23T02:30:00+00:00,-2147072,3268.686
46407,2015-08-23T02:45:00+00:00,-2146172,3268.636
46407,2015-08-23T03:00:00+00:00,-2145272,3268.584
46407,2015-08-23T03:15:00+00:00,-2144372,3268.523
46407,2015-08-23T03:30:00+00:00,-2143472,3268.461
46407,2015-08-23T03:45:00+00:00,-2142572,3268.393
46407,2015-08-23T04:00:00+00:00,-2141672,3268.321
46407,2015-08-23T04:15:00+00:00,-2140772,3268.247
46407,2015-08-23T04:30:00+00:00,-2139872,3268.169
46407,2015-08-23T04:45:00+00:00,-2138972,3268.094
46407,2015-08-23T05:00:00+00:00,-2138072,3268.019
46407,2015-08-23T05:15:00+00:00,-2137172,3267.947
46407,2015-08-23T05:30:00+00:00,-2136272,3267.875
46407,2015-08-23T05:45:00+00:00,-2135372,3267.804
46407,2015-08-23T06:00:00+00:00,-2134472,3267.738
46407,2015-08-23T06:15:00+00:00,-2133572,3267.678
46407,2015-08-23T06:30:00+00:00,-2132672,3267.624
46407,2015-08-23T06:45:00+00:00,-2131772,3267.576
46407,2015-08-23T07:00:00+00:00,-2130872,3267.528
46407,2015-08-23T07:15:00+00:00,-2129972,3267.496
46407,2015-08-23T07:30:00+00:00,-2129072,3267.467
46407,2015-08-23T07:45:00+00:00,-2128172,3267.444
46407,2015-08-23T08:00:00+00:00,-2127272,3267.431
46407,2015-08-23T08:15:00+00:00,-2126372,3267.426
46407,2015-08-23T08:30:00+00:00,-2125472,3267.428
46407,2015-08-23T08:45:00+00:00,-2124572,3267.440
46407,2015-08-23T09:00:00+00:00,-2123672,3267.458
46407,2015-08-23T09:15:00+00:00,-2122772,3267.483
46407,2015-08-23T09:30:00+00:00,-2121872,3267.516
46407,2015-08-23T09:45:00+00:00,-2120972,3267.557
46407,2015-08-23T10:00:00+00:00,-2120072,3267.601
46407,2015-08-23T10:15:00+00:00,-2119172,3267.651
46407,2015-08-23T10:30:00+00:00,-2118272,3267.703
46407,2015-08-23T10:45:00+00:00,-2117372,3267.755
46407,2015-08-23T11:00:00+00:00,-2116472,3267.810
46407,2015-08-23T11:15:00+00:00,-2115572,3267.864
46407,2015-08-23T11:30:00+00:00,-2114672,3267.918
46407,2015-08-23T11:45:00+00:00,-2113772,3267.973
46407,2015-08-23T12:00:00+00:00,-2112872,3268.024
46407,2015-08-23T12:15:00+00:00,-2111972,3268.073
46407,2015-08-23T12:30:00+00:00,-2111072,3268.119
46407,2015-08-23T12:45:00+00:00,-2110172,3268.162
46407,2015-08-23T13:00:00+00:00,-2109272,3268.202
46407,2015-08-23T13:15:00+00:00,-2108372,3268.236
46407,2015-08-23T13:30:00+00:00,-2107472,3268.264
46407,2015-08-23T13:45:00+00:00,-2106572,3268.287
46407,2015-08-23T14:00:00+00:00,-2105672,3268.306
46407,2015-08-23T14:15:00+00:00,-2104772,3268.312
46407,2015-08-23T14:30:00+00:00,-2103872,3268.318
46407,2015-08-23T14:45:00+00:00,-2102972,3268.316
46407,2015-08-23T15:00:00+00:00,-2102072,3268.309
46407,2015-08-23T15:15:00+00:00,-2101172,3268.298
46407,2015-08-23T15:30:00+00:00,-2100272,3268.286
46407,2015-08-23T15:45:00+00:00,-2099372,3268.264
46407,2015-08-23T16:00:00+00:00,-2098472,3268.240
46407,2015-08-23T16:15:00+00:00,-2097572,3268.214
46407,2015-08-23T16:30:00+00:00,-2096672,3268.187
46407,2015-08-23T16:45:00+00:00,-2095772,3268.158
46407,2015-08-23T17:00:00+00:00,-2094872,3268.130
46407,2015-08-23T17:15:00+00:00,-2093972,3268.096
46407,2015-08-23T17:30:00+00:00,-2093072,3268.066
46407,2015-08-23T17:45:00+00:00,-2092172,3268.035
46407,2015-08-23T18:00:00+00:00,-2091272,3268.010
46407,2015-08-23T18:15:00+00:00,-2090372,3267.985
46407,2015-08-23T18:30:00+00:00,-2089472,3267.960
46407,2015-08-23T18:45:00+00:00,-2088572,3267.943
46407,2015-08-23T19:00:00+00:00,-2087672,3267.930
46407,2015-08-23T19:15:00+00:00,-2086772,3267.919
46407,2015-08-23T19:30:00+00:00,-2085872,3267.915
46407,2015-08-23T19:45:00+00:00,-2084972,3267.917
46407,2015-08-23T20:00:00+00:00,-2084072,3267.925
46407,2015-08-23T20:15:00+00:00,-2083172,3267.937
46407,2015-08-23T20:30:00+00:00,-2082272,3267.955
46407,2015-08-23T20:45:00+00:00,-2081372,3267.982
46407,2015-08-23T21:00:00+00:00,-2080472,3268.014
46407,2015-08-23T21:15:00+00:00,-2079572,3268.049
46407,2015-08-23T21:30:00+00:00,-2078672,3268.090
46407,2015-08-23T21:45:00+00:00,-2077772,3268.137
46407,2015-08-23T22:00:00+00:00,-2076872,3268.188
46407,2015-08-23T22:15:00+00:00,-2075972,3268.237
46407,2015-08-23T22:30:00+00:00,-2075072,3268.293
46407,2015-08-23T22:45:00+00:00,-2074172,3268.350
46407,2015-08-23T23:00:00+00:00,-2073272,3268.406
46407,2015-08-23T23:15:00+00:00,-2072372,3268.461
46407,2015-08-23T23:30:00+00:00,-2071472,3268.513
46407,2015-08-23T23:45:00+00:00,-2070572,3268.569
46407,2015-08-24T00:00:00+00:00,-2069672,3268.617
46407,2015-08-24T00:15:00+00:00,-2068772,3268.665
46407,2015-08-24T00:30:00+00:00,-2067872,3268.708
46407,2015-08-24T00:45:00+00:00,-2066972,3268.744
46407,2015-08-24T01:00:00+00:00,-2066072,3268.776
46407,2015-08-24T01:15:00+00:00,-2065172,3268.801
46407,2015-08-24T01:30:00+00:00,-2064272,3268.819
46407,2015-08-24T01:45:00+00:00,-2063372,3268.829
46407,2015-08-24T02:00:00+00:00,-2062472,3268.832
46407,2015-08-24T02:15:00+00:00,-2061572,3268.829
46407,2015-08-24T02:30:00+00:00,-2060672,3268.813
46407,2015-08-24T02:45:00+00:00,-2059772,3268.793
46407,2015-08-24T03:00:00+00:00,-2058872,3268.766
46407,2015-08-24T03:15:00+00:00,-2057972,3268.730
46407,2015-08-24T03:30:00+00:00,-2057072,3268.688
46407,2015-08-24T03:45:00+00:00,-2056172,3268.637
46407,2015-08-24T04:00:00+00:00,-2055272,3268.582
46407,2015-08-24T04:15:00+00:00,-2054372,3268.517
46407,2015-08-24T04:30:00+00:00,-2053472,3268.450
46407,2015-08-24T04:45:00+00:00,-2052572,3268.378
46407,2015-08-24T05:00:00+00:00,-2051672,3268.301
46407,2015-08-24T05:15:00+00:00,-2050772,3268.224
46407,2015-08-24T05:30:00+00:00,-2049872,3268.143
46407,2015-08-24T05:45:00+00:00,-2048972,3268.062
46407,2015-08-24T06:00:00+00:00,-2048072,3267.980
46407,2015-08-24T06:15:00+00:00,-2047172,3267.903
46407,2015-08-24T06:30:00+00:00,-2046272,3267.829
46407,2015-08-24T06:45:00+00:00,-2045372,3267.758
46407,2015-08-24T07:00:00+00:00,-2044472,3267.687
46407,2015-08-24T07:15:00+00:00,-2043572,3267.619
46407,2015-08-24T07:30:00+00:00,-2042672,3267.558
46407,2015-08-24T07:45:00+00:00,-2041772,3267.502
46407,2015-08-24T08:00:00+00:00,-2040872,3267.454
46407,2015-08-24T08:15:00+00:00,-2039972,3267.414
46407,2015-08-24T08:30:00+00:00,-2039072,3267.381
46407,2015-08-24T08:45:00+00:00,-2038172,3267.357
46407,2015-08-24T09:00:00+00:00,-2037272,3267.344
46407,2015-08-24T09:15:00+00:00,-2036372,3267.332
46407,2015-08-24T09:30:00+00:00,-2035472,3267.334
46407,2015-08-24T09:45:00+00:00,-2034572,3267.341
46407,2015-08-24T10:00:00+00:00,-2033672,3267.362
46407,2015-08-24T10:15:00+00:00,-2032772,3267.391
46407,2015-08-24T10:30:00+00:00,-2031872,3267.421
46407,2015-08-24T10:45:00+00:00,-2030972,3267.459
46407,2015-08-24T11:00:00+00:00,-2030072,3267.502
46407,2015-08-24T11:15:00+00:00,-2029172,3267.553
46407,2015-08-24T11:30:00+00:00,-2028272,3267.609
46407,2015-08-24T11:45:00+00:00,-2027372,3267.666
46407,2015-08-24T12:00:00+00:00,-2026472,3267.726
46407,2015-08-24T12:15:00+00:00,-2025572,3267.785
46407,2015-08-24T12:30:00+00:00,-2024672,3267.844
46407,2015-08-24T12:45:00+00:00,-2023772,3267.903
46407,2015-08-24T13:00:00+00:00,-2022872,3267.962
46407,2015-08-24T13:15:00+00:00,-2021972,3268.019
46407,2015-08-24T13:30:00+00:00,-2021072,3268.072
46407,2015-08-24T13:45:00+00:00,-2020172,3268.122
46407,2015-08-24T14:00:00+00:00,-2019272,3268.170
46407,2015-08-24T14:15:00+00:00,-2018372,3268.214
46407,2015-08-24T14:30:00+00:00,-2017472,3268.251
46407,2015-08-24T14:45:00+00:00,-2016572,3268.282
46407,2015-08-24T15:00:00+00:00,-2015672,3268.310
46407,2015-08-24T15:15:00+00:00,-2014772,3268.331
46407,2015-08-24T15:30:00+00:00,-2013872,3268.345
46407,2015-08-24T15:45:00+00:00,-2012972,3268.351
46407,2015-08-24T16:00:00+00:00,-2012072,3268.353
46407,2015-08-24T16:15:00+00:00,-2011172,3268.352
46407,2015-08-24T16:30:00+00:00,-2010272,3268.340
46407,2015-08-24T16:45:00+00:00,-2009372,3268.328
46407,2015-08-24T17:00:00+00:00,-2008472,3268.310
46407,2015-08-24T17:15:00+00:00,-2007572,3268.290
46407,2015-08-24T17:30:00+00:00,-2006672,3268.262
46407,2015-08-24T17:45:00+00:00,-2005772,3268.235
46407,2015-08-24T18:00:00+00:00,-2004872,3268.205
46407,2015-08-24T18:15:00+00:00,-2003972,3268.172
46407,2015-08-24T18:30:00+00:00,-2003072,3268.142
46407,2015-08-24T18:45:00+00:00,-2002172,3268.107
46407,2015-08-24T19:00:00+00:00,-2001272,3268.081
46407,2015-08-24T19:15:00+00:00,-2000372,3268.053
46407,2015-08-24T19:30:00+00:00,-1999472,3268.029
46407,2015-08-24T19:45:00+00:00,-1998572,3268.006
46407,2015-08-24T20:00:00+00:00,-1997672,3267.988
46407,2015-08-24T20:15:00+00:00,-1996772,3267.979
46407,2015-08-24T20:30:00+00:00,-1995872,3267.970
46407,2015-08-24T20:45:00+00:00,-1994972,3267.970
46407,2015-08-24T21:00:00+00:00,-1994072,3267.974
46407,2015-08-24T21:15:00+00:00,-1993172,3267.985
46407,2015-08-24T21:30:00+00:00,-1992272,3268.001
46407,2015-08-24T21:45:00+00:00,-1991372,3268.022
46407,2015-08-24T22:00:00+00:00,-1990472,3268.047
46407,2015-08-24T22:15:00+00:00,-1989572,3268.080
46407,2015-08-24T22:30:00+00:00,-1988672,3268.115
46407,2015-08-24T22:45:00+00:00,-1987772,3268.162
46407,2015-08-24T23:00:00+00:00,-1986872,3268.208
46407,2015-08-24T23:15:00+00:00,-1985972,3268.262
46407,2015-08-24T23:30:00+00:00,-1985072,3268.316
46407,2015-08-24T23:45:00+00:00,-1984172,3268.371
46407,2015-08-25T00:00:00+00:00,-1983272,3268.428
46407,2015-08-25T00:15:00+00:00,-1982372,3268.486
46407,2015-08-25T00:30:00+00:00,-1981472,3268.542
46407,2015-08-25T00:45:00+00:00,-1980572,3268.595
46407,2015-08-25T01:00:00+00:00,-1979672,3268.644
46407,2015-08-25T01:15:00+00:00,-1978772,3268.693
46407,2015-08-25T01:30:00+00:00,-1977872,3268.735
46407,2015-08-25T01:45:00+00:00,-1976972,3268.777
46407,2015-08-25T02:00:00+00:00,-1976072,3268.812
46407,2015-08-25T02:15:00+00:00,-1975172,3268.838
46407,2015-08-25T02:30:00+00:00,-1974272,3268.858
46407,2015-08-25T02:45:00+00:00,-1973372,3268.872
46407,2015-08-25T03:00:00+00:00,-1972472,3268.879
46407,2015-08-25T03:15:00+00:00,-1971572,3268.875
46407,2015-08-25T03:30:00+00:00,-1970672,3268.859
46407,2015-08-25T03:45:00+00:00,-1969772,3268.839
46407,2015-08-25T04:00:00+00:00,-1968872,3268.807
46407,2015-08-25T04:15:00+00:00,-1967972,3268.766
46407,2015-08-25T04:30:00+00:00,-1967072,3268.718
46407,2015-08-25T04:45:00+00:00,-1966172,3268.664
46407,2015-08-25T05:00:00+00:00,-1965272,3268.602
46407,2015-08-25T05:15:00+00:00,-1964372,3268.532
46407,2015-08-25T05:30:00+00:00,-1963472,3268.458
46407,2015-08-25T05:45:00+00:00,-1962572,3268.377
46407,2015-08-25T06:00:00+00:00,-1961672,3268.289
46407,2015-08-25T06:15:00+00:00,-1960772,3268.204
46407,2015-08-25T06:30:00+00:00,-1959872,3268.112
46407,2015-08-25T06:45:00+00:00,-1958972,3268.021
46407,2015-08-25T07:00:00+00:00,-1958072,3267.931
46407,2015-08-25T07:15:00+00:00,-1957172,3267.840
46407,2015-08-25T07:30:00+00:00,-1956272,3267.751
46407,2015-08-25T07:45:00+00:00,-1955372,3267.667
46407,2015-08-25T08:00:00+00:00,-1954472,3267.584
46407,2015-08-25T08:15:00+00:00,-1953572,3267.510
46407,2015-08-25T08:30:00+00:00,-1952672,3267.441
46407,2015-08-25T08:45:00+00:00,-1951772,3267.378
46407,2015-08-25T09:00:00+00:00,-1950872,3267.324
46407,2015-08-25T09:15:00+00:00,-1949972,3267.278
46407,2015-08-25T09:30:00+00:00,-1949072,3267.245
46407,2015-08-25T09:45:00+00:00,-1948172,3267.218
46407,2015-08-25T10:00:00+00:00,-1947272,3267.203
46407,2015-08-25T10:15:00+00:00,-1946372,3267.196
46407,2015-08-25T10:30:00+00:00,-1945472,3267.201
46407,2015-08-25T10:45:00+00:00,-1944572,3267.214
46407,2015-08-25T11:00:00+00:00,-1943672,3267.237
46407,2015-08-25T11:15:00+00:00,-1942772,3267.265
46407,2015-08-25T11:30:00+00:00,-1941872,3267.304
46407,2015-08-25T11:45:00+00:00,-1940972,3267.351
46407,2015-08-25T12:00:00+00:00,-1940072,3267.403
46407,2015-08-25T12:15:00+00:00,-1939172,3267.456
46407,2015-08-25T12:30:00+00:00,-1938272,3267.516
46407,2015-08-25T12:45:00+00:00,-1937372,3267.581
46407,2015-08-25T13:00:00+00:00,-1936472,3267.650
46407,2015-08-25T13:15:00+00:00,-1935572,3267.722
46407,2015-08-25T13:30:00+00:00,-1934672,3267.795
46407,2015-08-25T13:45:00+00:00,-1933772,3267.867
46407,2015-08-25T14:00:00+00:00,-1932872,3267.941
46407,2015-08-25T14:15:00+00:00,-1931972,3268.013
46407,2015-08-25T14:30:00+00:00,-1931072,3268.078
46407,2015-08-25T14:45:00+00:00,-1930172,3268.143
46407,2015-08-25T15:00:00+00:00,-1929272,3268.201
46407,2015-08-25T15:15:00+00:00,-1928372,3268.251
46407,2015-08-25T15:30:00+00:00,-1927472,3268.299
46407,2015-08-25T15:45:00+00:00,-1926572,3268.346
46407,2015-08-25T16:00:00+00:00,-1925672,3268.382
46407,2015-08-25T16:15:00+00:00,-1924772,3268.406
46407,2015-08-25T16:30:00+00:00,-1923872,3268.425
46407,2015-08-25T16:45:00+00:00,-1922972,3268.440
46407,2015-08-25T17:00:00+00:00,-1922072,3268.445
46407,2015-08-25T17:15:00+00:00,-1921172,3268.442
46407,2015-08-25T17:30:00+00:00,-1920272,3268.434
46407,2015-08-25T17:45:00+00:00,-1919372,3268.419
46407,2015-08-25T18:00:00+00:00,-1918472,3268.399
46407,2015-08-25T18:15:00+00:00,-1917572,3268.375
46407,2015-08-25T18:30:00+00:00,-1916672,3268.344
46407,2015-08-25T18:45:00+00:00,-1915772,3268.307
46407,2015-08-25T19:00:00+00:00,-1914872,3268.269
46407,2015-08-25T19:15:00+00:00,-1913972,3268.232
46407,2015-08-25T19:30:00+00:00,-1913072,3268.197
46407,2015-08-25T19:45:00+00:00,-1912172,3268.157
46407,2015-08-25T20:00:00+00:00,-1911272,3268.120
46407,2015-08-25T20:15:00+00:00,-1910372,3268.083
46407,2015-08-25T20:30:00+00:00,-1909472,3268.052
46407,2015-08-25T20:45:00+00:00,-1908572,3268.024
46407,2015-08-25T21:00:00+00:00,-1907672,3267.995
46407,2015-08-25T21:15:00+00:00,-1906772,3267.977
46407,2015-08-25T21:30:00+00:00,-1905872,3267.964
46407,2015-08-25T21:45:00+00:00,-1904972,3267.957
46407,2015-08-25T22:00:00+00:00,-1904072,3267.954
46407,2015-08-25T22:15:00+00:00,-1903172,3267.961
46407,2015-08-25T22:30:00+00:00,-1902272,3267.975
46407,2015-08-25T22:45:00+00:00,-1901372,3267.993
46407,2015-08-25T23:00:00+00:00,-1900472,3268.020
46407,2015-08-25T23:15:00+00:00,-1899572,3268.054
46407,2015-08-25T23:30:00+00:00,-1898672,3268.095
46407,2015-08-25T23:45:00+00:00,-1897772,3268.140
46407,2015-08-26T00:00:00+00:00,-1896872,3268.192
46407,2015-08-26T00:15:00+00:00,-1895972,3268.248
46407,2015-08-26T00:30:00+00:00,-1895072,3268.309
46407,2015-08-26T00:45:00+00:00,-1894172,3268.372
46407,2015-08-26T01:00:00+00:00,-1893272,3268.437
46407,2015-08-26T01:15:00+00:00,-1892372,3268.499
46407,2015-08-26T01:30:00+00:00,-1891472,3268.564
46407,2015-08-26T01:45:00+00:00,-1890572,3268.628
46407,2015-08-26T02:00:00+00:00,-1889672,3268.688
46407,2015-08-26T02:15:00+00:00,-1888772,3268.741
46407,2015-08-26T02:30:00+00:00,-1887872,3268.794
46407,2015-08-26T02:45:00+00:00,-1886972,3268.840
46407,2015-08-26T03:00:00+00:00,-1886072,3268.880
46407,2015-08-26T03:15:00+00:00,-1885172,3268.912
46407,2015-08-26T03:30:00+00:00,-1884272,3268.936
46407,2015-08-26T03:45:00+00:00,-1883372,3268.953
46407,2015-08-26T04:00:00+00:00,-1882472,3268.959
46407,2015-08-26T04:15:00+00:00,-1881572,3268.953
46407,2015-08-26T04:30:00+00:00,-1880672,3268.938
46407,2015-08-26T04:45:00+00:00,-1879772,3268.915
46407,2015-08-26T05:00:00+00:00,-1878872,3268.883
46407,2015-08-26T05:15:00+00:00,-1877972,3268.838
46407,2015-08-26T05:30:00+00:00,-1877072,3268.784
46407,2015-08-26T05:45:00+00:00,-1876172,3268.723
46407,2015-08-26T06:00:00+00:00,-1875272,3268.652
46407,2015-08-26T06:15:00+00:00,-1874372,3268.574
46407,2015-08-26T06:30:00+00:00,-1873472,3268.490
46407,2015-08-26T06:45:00+00:00,-1872572,3268.399
46407,2015-08-26T07:00:00+00:00,-1871672,3268.302
46407,2015-08-26T07:15:00+00:00,-1870772,3268.201
46407,2015-08-26T07:30:00+00:00,-1869872,3268.096
46407,2015-08-26T07:45:00+00:00,-1868972,3267.992
46407,2015-08-26T08:00:00+00:00,-1868072,3267.891
46407,2015-08-26T08:15:00+00:00,-1867172,3267.786
46407,2015-08-26T08:30:00+00:00,-1866272,3267.686
46407,2015-08-26T08:45:00+00:00,-1865372,3267.590
46407,2015-08-26T09:00:00+00:00,-1864472,3267.501
46407,2015-08-26T09:15:00+00:00,-1863572,3267.418
46407,2015-08-26T09:30:00+00:00,-1862672,3267.342
46407,2015-08-26T09:45:00+00:00,-1861772,3267.274
46407,2015-08-26T10:00:00+00:00,-1860872,3267.217
46407,2015-08-26T10:15:00+00:00,-1859972,3267.173
46407,2015-08-26T10:30:00+00:00,-1859072,3267.138
46407,2015-08-26T10:45:00+00:00,-1858172,3267.111
46407,2015-08-26T11:00:00+00:00,-1857272,3267.094
46407,2015-08-26T11:15:00+00:00,-1856372,3267.089
46407,2015-08-26T11:30:00+00:00,-1855472,3267.095
46407,2015-08-26T11:45:00+00:00,-1854572,3267.110
46407,2015-08-26T12:00:00+00:00,-1853672,3267.137
46407,2015-08-26T12:15:00+00:00,-1852772,3267.177
46407,2015-08-26T12:30:00+00:00,-1851872,3267.221
46407,2015-08-26T12:45:00+00:00,-1850972,3267.278
46407,2015-08-26T13:00:00+00:00,-1850072,3267.342
46407,2015-08-26T13:15:00+00:00,-1849172,3267.411
46407,2015-08-26T13:30:00+00:00,-1848272,3267.492
46407,2015-08-26T13:45:00+00:00,-1847372,3267.574
46407,2015-08-26T14:00:00+00:00,-1846472,3267.657
46407,2015-08-26T14:15:00+00:00,-1845572,3267.745
46407,2015-08-26T14:30:00+00:00,-1844672,3267.833
46407,2015-08-26T14:45:00+00:00,-1843772,3267.921
46407,2015-08-26T15:00:00+00:00,-1842872,3268.006
46407,2015-08-26T15:15:00+00:00,-1841972,3268.091
46407,2015-08-26T15:30:00+00:00,-1841072,3268.171
46407,2015-08-26T15:45:00+00:00,-1840172,3268.246
46407,2015-08-26T16:00:00+00:00,-1839272,3268.316
46407,2015-08-26T16:15:00+00:00,-1838372,3268.378
46407,2015-08-26T16:30:00+00:00,-1837472,3268.434
46407,2015-08-26T16:45:00+00:00,-1836572,3268.479
46407,2015-08-26T17:00:00+00:00,-1835672,3268.518
46407,2015-08-26T17:15:00+00:00,-1834772,3268.544
46407,2015-08-26T17:30:00+00:00,-1833872,3268.564
46407,2015-08-26T17:45:00+00:00,-1832972,3268.570
46407,2015-08-26T18:00:00+00:00,-1832072,3268.572
46407,2015-08-26T18:15:00+00:00,-1831172,3268.564
46407,2015-08-26T18:30:00+00:00,-1830272,3268.546
46407,2015-08-26T18:45:00+00:00,-1829372,3268.523
46407,2015-08-26T19:00:00+00:00,-1828472,3268.494
46407,2015-08-26T19:15:00+00:00,-1827572,3268.459
46407,2015-08-26T19:30:00+00:00,-1826672,3268.417
46407,2015-08-26T19:45:00+00:00,-1825772,3268.373
46407,2015-08-26T20:00:00+00:00,-1824872,3268.328
46407,2015-08-26T20:15:00+00:00,-1823972,3268.278
46407,2015-08-26T20:30:00+00:00,-1823072,3268.225
46407,2015-08-26T20:45:00+00:00,-1822172,3268.176
46407,2015-08-26T21:00:00+00:00,-1821272,3268.126
46407,2015-08-26T21:15:00+00:00,-1820372,3268.078
46407,2015-08-26T21:30:00+00:00,-1819472,3268.034
46407,2015-08-26T21:45:00+00:00,-1818572,3267.993
46407,2015-08-26T22:00:00+00:00,-1817672,3267.957
46407,2015-08-26T22:15:00+00:00,-1816772,3267.931
46407,2015-08-26T22:30:00+00:00,-1815872,3267.906
46407,2015-08-26T22:45:00+00:00,-1814972,3267.896
46407,2015-08-26T23:00:00+00:00,-1814072,3267.891
46407,2015-08-26T23:15:00+00:00,-1813172,3267.895
46407,2015-08-26T23:30:00+00:00,-1812272,3267.909
46407,2015-08-26T23:45:00+00:00,-1811372,3267.931
46407,2015-08-27T00:00:00+00:00,-1810472,3267.958
46407,2015-08-27T00:15:00+00:00,-1809572,3267.997
46407,2015-08-27T00:30:00+00:00,-1808672,3268.044
46407,2015-08-27T00:45:00+00:00,-1807772,3268.097
46407,2015-08-27T01:00:00+00:00,-1806872,3268.155
46407,2015-08-27T01:15:00+00:00,-1805972,3268.220
46407,2015-08-27T01:30:00+00:00,-1805072,3268.288
46407,2015-08-27T01:45:00+00:00,-1804172,3268.361
46407,2015-08-27T02:00:00+00:00,-1803272,3268.432
46407,2015-08-27T02:15:00+00:00,-1802372,3268.511
46407,2015-08-27T02:30:00+00:00,-1801472,3268.587
46407,2015-08-27T02:45:00+00:00,-1800572,3268.662
46407,2015-08-27T03:00:00+00:00,-1799672,3268.733
46407,2015-08-27T03:15:00+00:00,-1798772,3268.801
46407,2015-08-27T03:30:00+00:00,-1797872,3268.863
46407,2015-08-27T03:45:00+00:00,-1796972,3268.915
46407,2015-08-27T04:00:00+00:00,-1796072,3268.963
46407,2015-08-27T04:15:00+00:00,-1795172,3269.001
46407,2015-08-27T04:30:00+00:00,-1794272,3269.028
46407,2015-08-27T04:45:00+00:00,-1793372,3269.046
46407,2015-08-27T05:00:00+00:00,-1792472,3269.050
46407,2015-08-27T05:15:00+00:00,-1791572,3269.045
46407,2015-08-27T05:30:00+00:00,-1790672,3269.027
46407,2015-08-27T05:45:00+00:00,-1789772,3268.996
46407,2015-08-27T06:00:00+00:00,-1788872,3268.953
46407,2015-08-27T06:15:00+00:00,-1787972,3268.900
46407,2015-08-27T06:30:00+00:00,-1787072,3268.837
46407,2015-08-27T06:45:00+00:00,-1786172,3268.761
46407,2015-08-27T07:00:00+00:00,-1785272,3268.676
46407,2015-08-27T07:15:00+00:00,-1784372,3268.582
46407,2015-08-27T07:30:00+00:00,-1783472,3268.482
46407,2015-08-27T07:45:00+00:00,-1782572,3268.375
46407,2015-08-27T08:00:00+00:00,-1781672,3268.260
46407,2015-08-27T08:15:00+00:00,-1780772,3268.142
46407,2015-08-27T08:30:00+00:00,-1779872,3268.026
46407,2015-08-27T08:45:00+00:00,-1778972,3267.906
46407,2015-08-27T09:00:00+00:00,-1778072,3267.789
46407,2015-08-27T09:15:00+00:00,-1777172,3267.675
46407,2015-08-27T09:30:00+00:00,-1776272,3267.566
46407,2015-08-27T09:45:00+00:00,-1775372,3267.461
46407,2015-08-27T10:00:00+00:00,-1774472,3267.360
46407,2015-08-27T10:15:00+00:00,-1773572,3267.271
46407,2015-08-27T10:30:00+00:00,-1772672,3267.191
46407,2015-08-27T10:45:00+00:00,-1771772,3267.120
46407,2015-08-27T11:00:00+00:00,-1770872,3267.063
46407,2015-08-27T11:15:00+00:00,-1769972,3267.013
46407,2015-08-27T11:30:00+00:00,-1769072,3266.978
46407,2015-08-27T11:45:00+00:00,-1768172,3266.956
46407,2015-08-27T12:00:00+00:00,-1767272,3266.946
46407,2015-08-27T12:15:00+00:00,-1766372,3266.950
46407,2015-08-27T12:30:00+00:00,-1765472,3266.966
46407,2015-08-27T12:45:00+00:00,-1764572,3266.997
46407,2015-08-27T13:00:00+00:00,-1763672,3267.041
46407,2015-08-27T13:15:00+00:00,-1762772,3267.094
46407,2015-08-27T13:30:00+00:00,-1761872,3267.157
46407,2015-08-27T13:45:00+00:00,-1760972,3267.233
46407,2015-08-27T14:00:00+00:00,-1760072,3267.315
46407,2015-08-27T14:15:00+00:00,-1759172,3267.405
46407,2015-08-27T14:30:00+00:00,-1758272,3267.502
46407,2015-08-27T14:45:00+00:00,-1757372,3267.601
46407,2015-08-27T15:00:00+00:00,-1756472,3267.707
46407,2015-08-27T15:15:00+00:00,-1755572,3267.811
46407,2015-08-27T15:30:00+00:00,-1754672,3267.915
46407,2015-08-27T15:45:00+00:00,-1753772,3268.018
46407,2015-08-27T16:00:00+00:00,-1752872,3268.121
46407,2015-08-27T16:15:00+00:00,-1751972,3268.214
46407,2015-08-27T16:30:00+00:00,-1751072,3268.307
46407,2015-08-27T16:45:00+00:00,-1750172,3268.387
46407,2015-08-27T17:00:00+00:00,-1749272,3268.461
46407,2015-08-27T17:15:00+00:00,-1748372,3268.524
46407,2015-08-27T17:30:00+00:00,-1747472,3268.580
46407,2015-08-27T17:45:00+00:00,-1746572,3268.626
46407,2015-08-27T18:00:00+00:00,-1745672,3268.662
46407,2015-08-27T18:15:00+00:00,-1744772,3268.681
46407,2015-08-27T18:30:00+00:00,-1743872,3268.693
46407,2015-08-27T18:45:00+00:00,-1742972,3268.688
46407,2015-08-27T19:00:00+00:00,-1742072,3268.677
46407,2015-08-27T19:15:00+00:00,-1741172,3268.657
46407,2015-08-27T19:30:00+00:00,-1740272,3268.629
46407,2015-08-27T19:45:00+00:00,-1739372,3268.588
46407,2015-08-27T20:00:00+00:00,-1738472,3268.543
46407,2015-08-27T20:15:00+00:00,-1737572,3268.490
46407,2015-08-27T20:30:00+00:00,-1736672,3268.430
46407,2015-08-27T20:45:00+00:00,-1735772,3268.368
46407,2015-08-27T21:00:00+00:00,-1734872,3268.300
46407,2015-08-27T21:15:00+00:00,-1733972,3268.233
46407,2015-08-27T21:30:00+00:00,-1733072,3268.166
46407,2015-08-27T21:45:00+00:00,-1732172,3268.096
46407,2015-08-27T22:00:00+00:00,-1731272,3268.030
46407,2015-08-27T22:15:00+00:00,-1730372,3267.971
46407,2015-08-27T22:30:00+00:00,-1729472,3267.916
46407,2015-08-27T22:45:00+00:00,-1728572,3267.867
46407,2015-08-27T23:00:00+00:00,-1727672,3267.828
46407,2015-08-27T23:15:00+00:00,-1726772,3267.796
46407,2015-08-27T23:30:00+00:00,-1725872,3267.771
46407,2015-08-27T23:45:00+00:00,-1724972,3267.760
46407,2015-08-28T00:00:00+00:00,-1724072,3267.757
46407,2015-08-28T00:15:00+00:00,-1723172,3267.764
46407,2015-08-28T00:30:00+00:00,-1722272,3267.779
46407,2015-08-28T00:45:00+00:00,-1721372,3267.805
46407,2015-08-28T01:00:00+00:00,-1720472,3267.845
46407,2015-08-28T01:15:00+00:00,-1719572,3267.895
46407,2015-08-28T01:30:00+00:00,-1718672,3267.956
46407,2015-08-28T01:45:00+00:00,-1717772,3268.022
46407,2015-08-28T02:00:00+00:00,-1716872,3268.097
46407,2015-08-28T02:15:00+00:00,-1715972,3268.175
46407,2015-08-28T02:30:00+00:00,-1715072,3268.260
46407,2015-08-28T02:45:00+00:00,-1714172,3268.350
46407,2015-08-28T03:00:00+00:00,-1713272,3268.445
46407,2015-08-28T03:15:00+00:00,-1712372,3268.539
46407,2015-08-28T03:30:00+00:00,-1711472,3268.625
46407,2015-08-28T03:45:00+00:00,-1710572,3268.713
46407,2015-08-28T04:00:00+00:00,-1709672,3268.798
46407,2015-08-28T04:15:00+00:00,-1708772,3268.874
46407,2015-08-28T04:30:00+00:00,-1707872,3268.943
46407,2015-08-28T04:45:00+00:00,-1706972,3268.999
46407,2015-08-28T05:00:00+00:00,-1706072,3269.050
46407,2015-08-28T05:15:00+00:00,-1705172,3269.090
46407,2015-08-28T05:30:00+00:00,-1704272,3269.118
46407,2015-08-28T05:45:00+00:00,-1703372,3269.130
46407,2015-08-28T06:00:00+00:00,-1702472,3269.134
46407,2015-08-28T06:15:00+00:00,-1701572,3269.121
46407,2015-08-28T06:30:00+00:00,-1700672,3269.094
46407,2015-08-28T06:45:00+00:00,-1699772,3269.055
46407,2015-08-28T07:00:00+00:00,-1698872,3269.003
46407,2015-08-28T07:15:00+00:00,-1697972,3268.937
46407,2015-08-28T07:30:00+00:00,-1697072,3268.856
46407,2015-08-28T07:45:00+00:00,-1696172,3268.766
46407,2015-08-28T08:00:00+00:00,-1695272,3268.667
46407,2015-08-28T08:15:00+00:00,-1694372,3268.556
46407,2015-08-28T08:30:00+00:00,-1693472,3268.435
46407,2015-08-28T08:45:00+00:00,-1692572,3268.315
46407,2015-08-28T09:00:00+00:00,-1691672,3268.187
46407,2015-08-28T09:15:00+00:00,-1690772,3268.058
46407,2015-08-28T09:30:00+00:00,-1689872,3267.929
46407,2015-08-28T09:45:00+00:00,-1688972,3267.797
46407,2015-08-28T10:00:00+00:00,-1688072,3267.667
46407,2015-08-28T10:15:00+00:00,-1687172,3267.543
46407,2015-08-28T10:30:00+00:00,-1686272,3267.426
46407,2015-08-28T10:45:00+00:00,-1685372,3267.318
46407,2015-08-28T11:00:00+00:00,-1684472,3267.213
46407,2015-08-28T11:15:00+00:00,-1683572,3267.117
46407,2015-08-28T11:30:00+00:00,-1682672,3267.036
46407,2015-08-28T11:45:00+00:00,-1681772,3266.964
46407,2015-08-28T12:00:00+00:00,-1680872,3266.911
46407,2015-08-28T12:15:00+00:00,-1679972,3266.872
46407,2015-08-28T12:30:00+00:00,-1679072,3266.844
46407,2015-08-28T12:45:00+00:00,-1678172,3266.832
46407,2015-08-28T13:00:00+00:00,-1677272,3266.838
46407,2015-08-28T13:15:00+00:00,-1676372,3266.855
46407,2015-08-28T13:30:00+00:00,-1675472,3266.893
46407,2015-08-28T13:45:00+00:00,-1674572,3266.942
46407,2015-08-28T14:00:00+00:00,-1673672,3267.003
46407,2015-08-28T14:15:00+00:00,-1672772,3267.079
46407,2015-08-28T14:30:00+00:00,-1671872,3267.167
46407,2015-08-28T14:45:00+00:00,-1670972,3267.265
46407,2015-08-28T15:00:00+00:00,-1670072,3267.365
46407,2015-08-28T15:15:00+00:00,-1669172,3267.477
46407,2015-08-28T15:30:00+00:00,-1668272,3267.590
46407,2015-08-28T15:45:00+00:00,-1667372,3267.709
46407,2015-08-28T16:00:00+00:00,-1666472,3267.829
46407,2015-08-28T16:15:00+00:00,-1665572,3267.946
46407,2015-08-28T16:30:00+00:00,-1664672,3268.062
46407,2015-08-28T16:45:00+00:00,-1663772,3268.176
46407,2015-08-28T17:00:00+00:00,-1662872,3268.286
46407,2015-08-28T17:15:00+00:00,-1661972,3268.385
46407,2015-08-28T17:30:00+00:00,-1661072,3268.477
46407,2015-08-28T17:45:00+00:00,-1660172,3268.556
46407,2015-08-28T18:00:00+00:00,-1659272,3268.630
46407,2015-08-28T18:15:00+00:00,-1658372,3268.690
46407,2015-08-28T18:30:00+00:00,-1657472,3268.739
46407,2015-08-28T18:45:00+00:00,-1656572,3268.773
46407,2015-08-28T19:00:00+00:00,-1655672,3268.796
46407,2015-08-28T19:15:00+00:00,-1654772,3268.805
46407,2015-08-28T19:30:00+00:00,-1653872,3268.802
46407,2015-08-28T19:45:00+00:00,-1652972,3268.785
46407,2015-08-28T20:00:00+00:00,-1652072,3268.758
46407,2015-08-28T20:15:00+00:00,-1651172,3268.714
46407,2015-08-28T20:30:00+00:00,-1650272,3268.664
46407,2015-08-28T20:45:00+00:00,-1649372,3268.606
46407,2015-08-28T21:00:00+00:00,-1648472,3268.539
46407,2015-08-28T21:15:00+00:00,-1647572,3268.461
46407,2015-08-28T21:30:00+00:00,-1646672,3268.379
46407,2015-08-28T21:45:00+00:00,-1645772,3268.294
46407,2015-08-28T22:00:00+00:00,-1644872,3268.208
46407,2015-08-28T22:15:00+00:00,-1643972,3268.120
46407,2015-08-28T22:30:00+00:00,-1643072,3268.033
46407,2015-08-28T22:45:00+00:00,-1642172,3267.953
46407,2015-08-28T23:00:00+00:00,-1641272,3267.878
46407,2015-08-28T23:15:00+00:00,-1640372,3267.809
46407,2015-08-28T23:30:00+00:00,-1639472,3267.745
46407,2015-08-28T23:45:00+00:00,-1638572,3267.695
46407,2015-08-29T00:00:00+00:00,-1637672,3267.649
46407,2015-08-29T00:15:00+00:00,-1636772,3267.615
46407,2015-08-29T00:30:00+00:00,-1635872,3267.591
46407,2015-08-29T00:45:00+00:00,-1634972,3267.584
46407,2015-08-29T01:00:00+00:00,-1634072,3267.588
46407,2015-08-29T01:15:00+00:00,-1633172,3267.603
46407,2015-08-29T01:30:00+00:00,-1632272,3267.634
46407,2015-08-29T01:45:00+00:00,-1631372,3267.676
46407,2015-08-29T02:00:00+00:00,-1630472,3267.726
46407,2015-08-29T02:15:00+00:00,-1629572,3267.789
46407,2015-08-29T02:30:00+00:00,-1628672,3267.866
46407,2015-08-29T02:45:00+00:00,-1627772,3267.945
46407,2015-08-29T03:00:00+00:00,-1626872,3268.038
46407,2015-08-29T03:15:00+00:00,-1625972,3268.137
46407,2015-08-29T03:30:00+00:00,-1625072,3268.242
46407,2015-08-29T03:45:00+00:00,-1624172,3268.348
46407,2015-08-29T04:00:00+00:00,-1623272,3268.455
46407,2015-08-29T04:15:00+00:00,-1622372,3268.560
46407,2015-08-29T04:30:00+00:00,-1621472,3268.661
46407,2015-08-29T04:45:00+00:00,-1620572,3268.759
46407,2015-08-29T05:00:00+00:00,-1619672,3268.850
46407,2015-08-29T05:15:00+00:00,-1618772,3268.934
46407,2015-08-29T05:30:00+00:00,-1617872,3269.008
46407,2015-08-29T05:45:00+00:00,-1616972,3269.071
46407,2015-08-29T06:00:00+00:00,-1616072,3269.120
46407,2015-08-29T06:15:00+00:00,-1615172,3269.158
46407,2015-08-29T06:30:00+00:00,-1614272,3269.182
46407,2015-08-29T06:45:00+00:00,-1613372,3269.191
46407,2015-08-29T07:00:00+00:00,-1612472,3269.187
46407,2015-08-29T07:15:00+00:00,-1611572,3269.164
46407,2015-08-29T07:30:00+00:00,-1610672,3269.125
46407,2015-08-29T07:45:00+00:00,-1609772,3269.076
46407,2015-08-29T08:00:00+00:00,-1608872,3269.011
46407,2015-08-29T08:15:00+00:00,-1607972,3268.928
46407,2015-08-29T08:30:00+00:00,-1607072,3268.834
46407,2015-08-29T08:45:00+00:00,-1606172,3268.729
46407,2015-08-29T09:00:00+00:00,-1605272,3268.613
46407,2015-08-29T09:15:00+00:00,-1604372,3268.492
46407,2015-08-29T09:30:00+00:00,-1603472,3268.360
46407,2015-08-29T09:45:00+00:00,-1602572,3268.224
46407,2015-08-29T10:00:00+00:00,-1601672,3268.082
46407,2015-08-29T10:15:00+00:00,-1600772,3267.942
46407,2015-08-29T10:30:00+00:00,-1599872,3267.801
46407,2015-08-29T10:45:00+00:00,-1598972,3267.662
46407,2015-08-29T11:00:00+00:00,-1598072,3267.530
46407,2015-08-29T11:15:00+00:00,-1597172,3267.405
46407,2015-08-29T11:30:00+00:00,-1596272,3267.286
46407,2015-08-29T11:45:00+00:00,-1595372,3267.180
46407,2015-08-29T12:00:00+00:00,-1594472,3267.082
46407,2015-08-29T12:15:00+00:00,-1593572,3266.998
46407,2015-08-29T12:30:00+00:00,-1592672,3266.925
46407,2015-08-29T12:45:00+00:00,-1591772,3266.867
46407,2015-08-29T13:00:00+00:00,-1590872,3266.825
46407,2015-08-29T13:15:00+00:00,-1589972,3266.796
46407,2015-08-29T13:30:00+00:00,-1589072,3266.786
46407,2015-08-29T13:45:00+00:00,-1588172,3266.795
46407,2015-08-29T14:00:00+00:00,-1587272,3266.818
46407,2015-08-29T14:15:00+00:00,-1586372,3266.859
46407,2015-08-29T14:30:00+00:00,-1585472,3266.917
46407,2015-08-29T14:45:00+00:00,-1584572,3266.991
46407,2015-08-29T15:00:00+00:00,-1583672,3267.075
46407,2015-08-29T15:15:00+00:00,-1582772,3267.171
46407,2015-08-29T15:30:00+00:00,-1581872,3267.279
46407,2015-08-29T15:45:00+00:00,-1580972,3267.396
46407,2015-08-29T16:00:00+00:00,-1580072,3267.519
46407,2015-08-29T16:15:00+00:00,-1579172,3267.644
46407,2015-08-29T16:30:00+00:00,-1578272,3267.772
46407,2015-08-29T16:45:00+00:00,-1577372,3267.905
46407,2015-08-29T17:00:00+00:00,-1576472,3268.031
46407,2015-08-29T17:15:00+00:00,-1575572,3268.155
46407,2015-08-29T17:30:00+00:00,-1574672,3268.279
46407,2015-08-29T17:45:00+00:00,-1573772,3268.398
46407,2015-08-29T18:00:00+00:00,-1572872,3268.506
46407,2015-08-29T18:15:00+00:00,-1571972,3268.602
46407,2015-08-29T18:30:00+00:00,-1571072,3268.689
46407,2015-08-29T18:45:00+00:00,-1570172,3268.769
46407,2015-08-29T19:00:00+00:00,-1569272,3268.833
46407,2015-08-29T19:15:00+00:00,-1568372,3268.880
46407,2015-08-29T19:30:00+00:00,-1567472,3268.913
46407,2015-08-29T19:45:00+00:00,-1566572,3268.931
46407,2015-08-29T20:00:00+00:00,-1565672,3268.938
46407,2015-08-29T20:15:00+00:00,-1564772,3268.926
46407,2015-08-29T20:30:00+00:00,-1563872,3268.895
46407,2015-08-29T20:45:00+00:00,-1562972,3268.853
46407,2015-08-29T21:00:00+00:00,-1562072,3268.796
46407,2015-08-29T21:15:00+00:00,-1561172,3268.731
46407,2015-08-29T21:30:00+00:00,-1560272,3268.656
46407,2015-08-29T21:45:00+00:00,-1559372,3268.571
46407,2015-08-29T22:00:00+00:00,-1558472,3268.480
46407,2015-08-29T22:15:00+00:00,-1557572,3268.383
46407,2015-08-29T22:30:00+00:00,-1556672,3268.280
46407,2015-08-29T22:45:00+00:00,-1555772,3268.178
46407,2015-08-29T23:00:00+00:00,-1554872,3268.072
46407,2015-08-29T23:15:00+00:00,-1553972,3267.968
46407,2015-08-29T23:30:00+00:00,-1553072,3267.869
46407,2015-08-29T23:45:00+00:00,-1552172,3267.775
46407,2015-08-30T00:00:00+00:00,-1551272,3267.686
46407,2015-08-30T00:15:00+00:00,-1550372,3267.607
46407,2015-08-30T00:30:00+00:00,-1549472,3267.539
46407,2015-08-30T00:45:00+00:00,-1548572,3267.483
46407,2015-08-30T01:00:00+00:00,-1547672,3267.441
46407,2015-08-30T01:15:00+00:00,-1546772,3267.408
46407,2015-08-30T01:30:00+00:00,-1545872,3267.390
46407,2015-08-30T01:45:00+00:00,-1544972,3267.386
46407,2015-08-30T02:00:00+00:00,-1544072,3267.397
46407,2015-08-30T02:15:00+00:00,-1543172,3267.426
46407,2015-08-30T02:30:00+00:00,-1542272,3267.470
46407,2015-08-30T02:45:00+00:00,-1541372,3267.527
46407,2015-08-30T03:00:00+00:00,-1540472,3267.593
46407,2015-08-30T03:15:00+00:00,-1539572,3267.674
46407,2015-08-30T03:30:00+00:00,-1538672,3267.765
46407,2015-08-30T03:45:00+00:00,-1537772,3267.866
46407,2015-08-30T04:00:00+00:00,-1536872,3267.973
46407,2015-08-30T04:15:00+00:00,-1535972,3268.085
46407,2015-08-30T04:30:00+00:00,-1535072,3268.199
46407,2015-08-30T04:45:00+00:00,-1534172,3268.319
46407,2015-08-30T05:00:00+00:00,-1533272,3268.434
46407,2015-08-30T05:15:00+00:00,-1532372,3268.545
46407,2015-08-30T05:30:00+00:00,-1531472,3268.657
46407,2015-08-30T05:45:00+00:00,-1530572,3268.760
46407,2015-08-30T06:00:00+00:00,-1529672,3268.858
46407,2015-08-30T06:15:00+00:00,-1528772,3268.944
46407,2015-08-30T06:30:00+00:00,-1527872,3269.019
46407,2015-08-30T06:45:00+00:00,-1526972,3269.081
46407,2015-08-30T07:00:00+00:00,-1526072,3269.132
46407,2015-08-30T07:15:00+00:00,-1525172,3269.164
46407,2015-08-30T07:30:00+00:00,-1524272,3269.181
46407,2015-08-30T07:45:00+00:00,-1523372,3269.185
46407,2015-08-30T08:00:00+00:00,-1522472,3269.169
46407,2015-08-30T08:15:00+00:00,-1521572,3269.142
46407,2015-08-30T08:30:00+00:00,-1520672,3269.098
46407,2015-08-30T08:45:00+00:00,-1519772,3269.036
46407,2015-08-30T09:00:00+00:00,-1518872,3268.962
46407,2015-08-30T09:15:00+00:00,-1517972,3268.870
46407,2015-08-30T09:30:00+00:00,-1517072,3268.770
46407,2015-08-30T09:45:00+00:00,-1516172,3268.655
46407,2015-08-30T10:00:00+00:00,-1515272,3268.532
46407,2015-08-30T10:15:00+00:00,-1514372,3268.401
46407,2015-08-30T10:30:00+00:00,-1513472,3268.264
46407,2015-08-30T10:45:00+00:00,-1512572,3268.121
46407,2015-08-30T11:00:00+00:00,-1511672,3267.978
46407,2015-08-30T11:15:00+00:00,-1510772,3267.834
46407,2015-08-30T11:30:00+00:00,-1509872,3267.689
46407,2015-08-30T11:45:00+00:00,-1508972,3267.554
46407,2015-08-30T12:00:00+00:00,-1508072,3267.421
46407,2015-08-30T12:15:00+00:00,-1507172,3267.298
46407,2015-08-30T12:30:00+00:00,-1506272,3267.184
46407,2015-08-30T12:45:00+00:00,-1505372,3267.081
46407,2015-08-30T13:00:00+00:00,-1504472,3266.995
46407,2015-08-30T13:15:00+00:00,-1503572,3266.923
46407,2015-08-30T13:30:00+00:00,-1502672,3266.867
46407,2015-08-30T13:45:00+00:00,-1501772,3266.827
46407,2015-08-30T14:00:00+00:00,-1500872,3266.804
46407,2015-08-30T14:15:00+00:00,-1499972,3266.798
46407,2015-08-30T14:30:00+00:00,-1499072,3266.810
46407,2015-08-30T14:45:00+00:00,-1498172,3266.840
46407,2015-08-30T15:00:00+00:00,-1497272,3266.892
46407,2015-08-30T15:15:00+00:00,-1496372,3266.951
46407,2015-08-30T15:30:00+00:00,-1495472,3267.031
46407,2015-08-30T15:45:00+00:00,-1494572,3267.124
46407,2015-08-30T16:00:00+00:00,-1493672,3267.230
46407,2015-08-30T16:15:00+00:00,-1492772,3267.349
46407,2015-08-30T16:30:00+00:00,-1491872,3267.474
46407,2015-08-30T16:45:00+00:00,-1490972,3267.602
46407,2015-08-30T17:00:00+00:00,-1490072,3267.734
46407,2015-08-30T17:15:00+00:00,-1489172,3267.874
46407,2015-08-30T17:30:00+00:00,-1488272,3268.015
46407,2015-08-30T17:45:00+00:00,-1487372,3268.152
46407,2015-08-30T18:00:00+00:00,-1486472,3268.281
46407,2015-08-30T18:15:00+00:00,-1485572,3268.407
46407,2015-08-30T18:30:00+00:00,-1484672,3268.527
46407,2015-08-30T18:45:00+00:00,-1483772,3268.638
46407,2015-08-30T19:00:00+00:00,-1482872,3268.737
46407,2015-08-30T19:15:00+00:00,-1481972,3268.823
46407,2015-08-30T19:30:00+00:00,-1481072,3268.897
46407,2015-08-30T19:45:00+00:00,-1480172,3268.960
46407,2015-08-30T20:00:00+00:00,-1479272,3269.002
46407,2015-08-30T20:15:00+00:00,-1478372,3269.033
46407,2015-08-30T20:30:00+00:00,-1477472,3269.048
46407,2015-08-30T20:45:00+00:00,-1476572,3269.045
46407,2015-08-30T21:00:00+00:00,-1475672,3269.028
46407,2015-08-30T21:15:00+00:00,-1474772,3268.995
46407,2015-08-30T21:30:00+00:00,-1473872,3268.943
46407,2015-08-30T21:45:00+00:00,-1472972,3268.879
46407,2015-08-30T22:00:00+00:00,-1472072,3268.800
46407,2015-08-30T22:15:00+00:00,-1471172,3268.709
46407,2015-08-30T22:30:00+00:00,-1470272,3268.611
46407,2015-08-30T22:45:00+00:00,-1469372,3268.506
46407,2015-08-30T23:00:00+00:00,-1468472,3268.394
46407,2015-08-30T23:15:00+00:00,-1467572,3268.280
46407,2015-08-30T23:30:00+00:00,-1466672,3268.164
46407,2015-08-30T23:45:00+00:00,-1465772,3268.044
46407,2015-08-31T00:00:00+00:00,-1464872,3267.925
46407,2015-08-31T00:15:00+00:00,-1463972,3267.813
46407,2015-08-31T00:30:00+00:00,-1463072,3267.705
46407,2015-08-31T00:45:00+00:00,-1462172,3267.604
46407,2015-08-31T01:00:00+00:00,-1461272,3267.511
46407,2015-08-31T01:15:00+00:00,-1460372,3267.429
46407,2015-08-31T01:30:00+00:00,-1459472,3267.363
46407,2015-08-31T01:45:00+00:00,-1458572,3267.307
46407,2015-08-31T02:00:00+00:00,-1457672,3267.268
46407,2015-08-31T02:15:00+00:00,-1456772,3267.242
46407,2015-08-31T02:30:00+00:00,-1455872,3267.238
46407,2015-08-31T02:45:00+00:00,-1454972,3267.242
46407,2015-08-31T03:00:00+00:00,-1454072,3267.264
46407,2015-08-31T03:15:00+00:00,-1453172,3267.304
46407,2015-08-31T03:30:00+00:00,-1452272,3267.362
46407,2015-08-31T03:45:00+00:00,-1451372,3267.428
46407,2015-08-31T04:00:00+00:00,-1450472,3267.508
46407,2015-08-31T04:15:00+00:00,-1449572,3267.599
46407,2015-08-31T04:30:00+00:00,-1448672,3267.701
46407,2015-08-31T04:45:00+00:00,-1447772,3267.812
46407,2015-08-31T05:00:00+00:00,-1446872,3267.929
46407,2015-08-31T05:15:00+00:00,-1445972,3268.049
46407,2015-08-31T05:30:00+00:00,-1445072,3268.169
46407,2015-08-31T05:45:00+00:00,-1444172,3268.291
46407,2015-08-31T06:00:00+00:00,-1443272,3268.408
46407,2015-08-31T06:15:00+00:00,-1442372,3268.522
46407,2015-08-31T06:30:00+00:00,-1441472,3268.637
46407,2015-08-31T06:45:00+00:00,-1440572,3268.743
46407,2015-08-31T07:00:00+00:00,-1439672,3268.837
46407,2015-08-31T07:15:00+00:00,-1438772,3268.919
46407,2015-08-31T07:30:00+00:00,-1437872,3268.990
46407,2015-08-31T07:45:00+00:00,-1436972,3269.050
46407,2015-08-31T08:00:00+00:00,-1436072,3269.095
46407,2015-08-31T08:15:00+00:00,-1435172,3269.122
46407,2015-08-31T08:30:00+00:00,-1434272,3269.135
46407,2015-08-31T08:45:00+00:00,-1433372,3269.125
46407,2015-08-31T09:00:00+00:00,-1432472,3269.104
46407,2015-08-31T09:15:00+00:00,-1431572,3269.068
46407,2015-08-31T09:30:00+00:00,-1430672,3269.013
46407,2015-08-31T09:45:00+00:00,-1429772,3268.949
46407,2015-08-31T10:00:00+00:00,-1428872,3268.865
46407,2015-08-31T10:15:00+00:00,-1427972,3268.766
46407,2015-08-31T10:30:00+00:00,-1427072,3268.660
46407,2015-08-31T10:45:00+00:00,-1426172,3268.544
46407,2015-08-31T11:00:00+00:00,-1425272,3268.416
46407,2015-08-31T11:15:00+00:00,-1424372,3268.286
46407,2015-08-31T11:30:00+00:00,-1423472,3268.148
46407,2015-08-31T11:45:00+00:00,-1422572,3268.006
46407,2015-08-31T12:00:00+00:00,-1421672,3267.867
46407,2015-08-31T12:15:00+00:00,-1420772,3267.731
46407,2015-08-31T12:30:00+00:00,-1419872,3267.599
46407,2015-08-31T12:45:00+00:00,-1418972,3267.474
46407,2015-08-31T13:00:00+00:00,-1418072,3267.360
46407,2015-08-31T13:15:00+00:00,-1417172,3267.250
46407,2015-08-31T13:30:00+00:00,-1416272,3267.154
46407,2015-08-31T13:45:00+00:00,-1415372,3267.072
46407,2015-08-31T14:00:00+00:00,-1414472,3267.003
46407,2015-08-31T14:15:00+00:00,-1413572,3266.952
46407,2015-08-31T14:30:00+00:00,-1412672,3266.917
46407,2015-08-31T14:45:00+00:00,-1411772,3266.899
46407,2015-08-31T15:00:00+00:00,-1410872,3266.897
46407,2015-08-31T15:15:00+00:00,-1409972,3266.915
46407,2015-08-31T15:30:00+00:00,-1409072,3266.950
46407,2015-08-31T15:45:00+00:00,-1408172,3267.004
46407,2015-08-31T16:00:00+00:00,-1407272,3267.071
46407,2015-08-31T16:15:00+00:00,-1406372,3267.151
46407,2015-08-31T16:30:00+00:00,-1405472,3267.246
46407,2015-08-31T16:45:00+00:00,-1404572,3267.358
46407,2015-08-31T17:00:00+00:00,-1403672,3267.473
46407,2015-08-31T17:15:00+00:00,-1402772,3267.599
46407,2015-08-31T17:30:00+00:00,-1401872,3267.729
46407,2015-08-31T17:45:00+00:00,-1400972,3267.866
46407,2015-08-31T18:00:00+00:00,-1400072,3268.005
46407,2015-08-31T18:15:00+00:00,-1399172,3268.141
46407,2015-08-31T18:30:00+00:00,-1398272,3268.281
46407,2015-08-31T18:45:00+00:00,-1397372,3268.414
46407,2015-08-31T19:00:00+00:00,-1396472,3268.544
46407,2015-08-31T19:15:00+00:00,-1395572,3268.658
46407,2015-08-31T19:30:00+00:00,-1394672,3268.770
46407,2015-08-31T19:45:00+00:00,-1393772,3268.866
46407,2015-08-31T20:00:00+00:00,-1392872,3268.951
46407,2015-08-31T20:15:00+00:00,-1391972,3269.024
46407,2015-08-31T20:30:00+00:00,-1391072,3269.084
46407,2015-08-31T20:45:00+00:00,-1390172,3269.125
46407,2015-08-31T21:00:00+00:00,-1389272,3269.149
46407,2015-08-31T21:15:00+00:00,-1388372,3269.155
46407,2015-08-31T21:30:00+00:00,-1387472,3269.145
46407,2015-08-31T21:45:00+00:00,-1386572,3269.120
46407,2015-08-31T22:00:00+00:00,-1385672,3269.077
46407,2015-08-31T22:15:00+00:00,-1384772,3269.019
46407,2015-08-31T22:30:00+00:00,-1383872,3268.946
46407,2015-08-31T22:45:00+00:00,-1382972,3268.858
46407,2015-08-31T23:00:00+00:00,-1382072,3268.759
46407,2015-08-31T23:15:00+00:00,-1381172,3268.653
46407,2015-08-31T23:30:00+00:00,-1380272,3268.537
46407,2015-08-31T23:45:00+00:00,-1379372,3268.414
46407,2015-09-01T00:00:00+00:00,-1378472,3268.289
46407,2015-09-01T00:15:00+00:00,-1377572,3268.158
46407,2015-09-01T00:30:00+00:00,-1376672,3268.031
46407,2015-09-01T00:45:00+00:00,-1375772,3267.900
46407,2015-09-01T01:00:00+00:00,-1374872,3267.775
46407,2015-09-01T01:15:00+00:00,-1373972,3267.659
46407,2015-09-01T01:30:00+00:00,-1373072,3267.552
46407,2015-09-01T01:45:00+00:00,-1372172,3267.447
46407,2015-09-01T02:00:00+00:00,-1371272,3267.359
46407,2015-09-01T02:15:00+00:00,-1370372,3267.284
46407,2015-09-01T02:30:00+00:00,-1369472,3267.220
46407,2015-09-01T02:45:00+00:00,-1368572,3267.174
46407,2015-09-01T03:00:00+00:00,-1367672,3267.142
46407,2015-09-01T03:15:00+00:00,-1366772,3267.128
46407,2015-09-01T03:30:00+00:00,-1365872,3267.131
46407,2015-09-01T03:45:00+00:00,-1364972,3267.148
46407,2015-09-01T04:00:00+00:00,-1364072,3267.185
46407,2015-09-01T04:15:00+00:00,-1363172,3267.234
46407,2015-09-01T04:30:00+00:00,-1362272,3267.299
46407,2015-09-01T04:45:00+00:00,-1361372,3267.375
46407,2015-09-01T05:00:00+00:00,-1360472,3267.463
46407,2015-09-01T05:15:00+00:00,-1359572,3267.561
46407,2015-09-01T05:30:00+00:00,-1358672,3267.668
46407,2015-09-01T05:45:00+00:00,-1357772,3267.781
46407,2015-09-01T06:00:00+00:00,-1356872,3267.898
46407,2015-09-01T06:15:00+00:00,-1355972,3268.018
46407,2015-09-01T06:30:00+00:00,-1355072,3268.138
46407,2015-09-01T06:45:00+00:00,-1354172,3268.261
46407,2015-09-01T07:00:00+00:00,-1353272,3268.379
46407,2015-09-01T07:15:00+00:00,-1352372,3268.491
46407,2015-09-01T07:30:00+00:00,-1351472,3268.598
46407,2015-09-01T07:45:00+00:00,-1350572,3268.693
46407,2015-09-01T08:00:00+00:00,-1349672,3268.779
46407,2015-09-01T08:15:00+00:00,-1348772,3268.855
46407,2015-09-01T08:30:00+00:00,-1347872,3268.923
46407,2015-09-01T08:45:00+00:00,-1346972,3268.970
46407,2015-09-01T09:00:00+00:00,-1346072,3269.006
46407,2015-09-01T09:15:00+00:00,-1345172,3269.031
46407,2015-09-01T09:30:00+00:00,-1344272,3269.035
46407,2015-09-01T09:45:00+00:00,-1343372,3269.023
46407,2015-09-01T10:00:00+00:00,-1342472,3268.996
46407,2015-09-01T10:15:00+00:00,-1341572,3268.956
46407,2015-09-01T10:30:00+00:00,-1340672,3268.902
46407,2015-09-01T10:45:00+00:00,-1339772,3268.829
46407,2015-09-01T11:00:00+00:00,-1338872,3268.743
46407,2015-09-01T11:15:00+00:00,-1337972,3268.651
46407,2015-09-01T11:30:00+00:00,-1337072,3268.543
46407,2015-09-01T11:45:00+00:00,-1336172,3268.428
46407,2015-09-01T12:00:00+00:00,-1335272,3268.306
46407,2015-09-01T12:15:00+00:00,-1334372,3268.179
46407,2015-09-01T12:30:00+00:00,-1333472,3268.051
46407,2015-09-01T12:45:00+00:00,-1332572,3267.923
46407,2015-09-01T13:00:00+00:00,-1331672,3267.792
46407,2015-09-01T13:15:00+00:00,-1330772,3267.667
46407,2015-09-01T13:30:00+00:00,-1329872,3267.552
46407,2015-09-01T13:45:00+00:00,-1328972,3267.440
46407,2015-09-01T14:00:00+00:00,-1328072,3267.344
46407,2015-09-01T14:15:00+00:00,-1327172,3267.255
46407,2015-09-01T14:30:00+00:00,-1326272,3267.180
46407,2015-09-01T14:45:00+00:00,-1325372,3267.119
46407,2015-09-01T15:00:00+00:00,-1324472,3267.072
46407,2015-09-01T15:15:00+00:00,-1323572,3267.043
46407,2015-09-01T15:30:00+00:00,-1322672,3267.029
46407,2015-09-01T15:45:00+00:00,-1321772,3267.030
46407,2015-09-01T16:00:00+00:00,-1320872,3267.051
46407,2015-09-01T16:15:00+00:00,-1319972,3267.086
46407,2015-09-01T16:30:00+00:00,-1319072,3267.139
46407,2015-09-01T16:45:00+00:00,-1318172,3267.204
46407,2015-09-01T17:00:00+00:00,-1317272,3267.284
46407,2015-09-01T17:15:00+00:00,-1316372,3267.381
46407,2015-09-01T17:30:00+00:00,-1315472,3267.488
46407,2015-09-01T17:45:00+00:00,-1314572,3267.601
46407,2015-09-01T18:00:00+00:00,-1313672,3267.726
46407,2015-09-01T18:15:00+00:00,-1312772,3267.852
46407,2015-09-01T18:30:00+00:00,-1311872,3267.987
46407,2015-09-01T18:45:00+00:00,-1310972,3268.117
46407,2015-09-01T19:00:00+00:00,-1310072,3268.252
46407,2015-09-01T19:15:00+00:00,-1309172,3268.385
46407,2015-09-01T19:30:00+00:00,-1308272,3268.510
46407,2015-09-01T19:45:00+00:00,-1307372,3268.633
46407,2015-09-01T20:00:00+00:00,-1306472,3268.744
46407,2015-09-01T20:15:00+00:00,-1305572,3268.849
46407,2015-09-01T20:30:00+00:00,-1304672,3268.936
46407,2015-09-01T20:45:00+00:00,-1303772,3269.017
46407,2015-09-01T21:00:00+00:00,-1302872,3269.084
46407,2015-09-01T21:15:00+00:00,-1301972,3269.135
46407,2015-09-01T21:30:00+00:00,-1301072,3269.171
46407,2015-09-01T21:45:00+00:00,-1300172,3269.191
46407,2015-09-01T22:00:00+00:00,-1299272,3269.193
46407,2015-09-01T22:15:00+00:00,-1298372,3269.180
46407,2015-09-01T22:30:00+00:00,-1297472,3269.148
46407,2015-09-01T22:45:00+00:00,-1296572,3269.100
46407,2015-09-01T23:00:00+00:00,-1295672,3269.039
46407,2015-09-01T23:15:00+00:00,-1294772,3268.968
46407,2015-09-01T23:30:00+00:00,-1293872,3268.878
46407,2015-09-01T23:45:00+00:00,-1292972,3268.773
46407,2015-09-02T00:00:00+00:00,-1292072,3268.668
46407,2015-09-02T00:15:00+00:00,-1291172,3268.553
46407,2015-09-02T00:30:00+00:00,-1290272,3268.430
46407,2015-09-02T00:45:00+00:00,-1289372,3268.299
46407,2015-09-02T01:00:00+00:00,-1288472,3268.168
46407,2015-09-02T01:15:00+00:00,-1287572,3268.037
46407,2015-09-02T01:30:00+00:00,-1286672,3267.911
46407,2015-09-02T01:45:00+00:00,-1285772,3267.781
46407,2015-09-02T02:00:00+00:00,-1284872,3267.664
46407,2015-09-02T02:15:00+00:00,-1283972,3267.556
46407,2015-09-02T02:30:00+00:00,-1283072,3267.451
46407,2015-09-02T02:45:00+00:00,-1282172,3267.360
46407,2015-09-02T03:00:00+00:00,-1281272,3267.279
46407,2015-09-02T03:15:00+00:00,-1280372,3267.211
46407,2015-09-02T03:30:00+00:00,-1279472,3267.157
46407,2015-09-02T03:45:00+00:00,-1278572,3267.119
46407,2015-09-02T04:00:00+00:00,-1277672,3267.095
46407,2015-09-02T04:15:00+00:00,-1276772,3267.090
46407,2015-09-02T04:30:00+00:00,-1275872,3267.097
46407,2015-09-02T04:45:00+00:00,-1274972,3267.120
46407,2015-09-02T05:00:00+00:00,-1274072,3267.157
46407,2015-09-02T05:15:00+00:00,-1273172,3267.210
46407,2015-09-02T05:30:00+00:00,-1272272,3267.279
46407,2015-09-02T05:45:00+00:00,-1271372,3267.356
46407,2015-09-02T06:00:00+00:00,-1270472,3267.443
46407,2015-09-02T06:15:00+00:00,-1269572,3267.540
46407,2015-09-02T06:30:00+00:00,-1268672,3267.647
46407,2015-09-02T06:45:00+00:00,-1267772,3267.758
46407,2015-09-02T07:00:00+00:00,-1266872,3267.870
46407,2015-09-02T07:15:00+00:00,-1265972,3267.985
46407,2015-09-02T07:30:00+00:00,-1265072,3268.102
46407,2015-09-02T07:45:00+00:00,-1264172,3268.214
46407,2015-09-02T08:00:00+00:00,-1263272,3268.327
46407,2015-09-02T08:15:00+00:00,-1262372,3268.429
46407,2015-09-02T08:30:00+00:00,-1261472,3268.532
46407,2015-09-02T08:45:00+00:00,-1260572,3268.622
46407,2015-09-02T09:00:00+00:00,-1259672,3268.701
46407,2015-09-02T09:15:00+00:00,-1258772,3268.769
46407,2015-09-02T09:30:00+00:00,-1257872,3268.820
46407,2015-09-02T09:45:00+00:00,-1256972,3268.867
46407,2015-09-02T10:00:00+00:00,-1256072,3268.892
46407,2015-09-02T10:15:00+00:00,-1255172,3268.907
46407,2015-09-02T10:30:00+00:00,-1254272,3268.909
46407,2015-09-02T10:45:00+00:00,-1253372,3268.894
46407,2015-09-02T11:00:00+00:00,-1252472,3268.864
46407,2015-09-02T11:15:00+00:00,-1251572,3268.821
46407,2015-09-02T11:30:00+00:00,-1250672,3268.767
46407,2015-09-02T11:45:00+00:00,-1249772,3268.697
46407,2015-09-02T12:00:00+00:00,-1248872,3268.615
46407,2015-09-02T12:15:00+00:00,-1247972,3268.527
46407,2015-09-02T12:30:00+00:00,-1247072,3268.430
46407,2015-09-02T12:45:00+00:00,-1246172,3268.328
46407,2015-09-02T13:00:00+00:00,-1245272,3268.218
46407,2015-09-02T13:15:00+00:00,-1244372,3268.109
46407,2015-09-02T13:30:00+00:00,-1243472,3267.998
46407,2015-09-02T13:45:00+00:00,-1242572,3267.888
46407,2015-09-02T14:00:00+00:00,-1241672,3267.781
46407,2015-09-02T14:15:00+00:00,-1240772,3267.679
46407,2015-09-02T14:30:00+00:00,-1239872,3267.585
46407,2015-09-02T14:45:00+00:00,-1238972,3267.498
46407,2015-09-02T15:00:00+00:00,-1238072,3267.420
46407,2015-09-02T15:15:00+00:00,-1237172,3267.352
46407,2015-09-02T15:30:00+00:00,-1236272,3267.295
46407,2015-09-02T15:45:00+00:00,-1235372,3267.255
46407,2015-09-02T16:00:00+00:00,-1234472,3267.227
46407,2015-09-02T16:15:00+00:00,-1233572,3267.215
46407,2015-09-02T16:30:00+00:00,-1232672,3267.221
46407,2015-09-02T16:45:00+00:00,-1231772,3267.241
46407,2015-09-02T17:00:00+00:00,-1230872,3267.276
46407,2015-09-02T17:15:00+00:00,-1229972,3267.327
46407,2015-09-02T17:30:00+00:00,-1229072,3267.392
46407,2015-09-02T17:45:00+00:00,-1228172,3267.467
46407,2015-09-02T18:00:00+00:00,-1227272,3267.556
46407,2015-09-02T18:15:00+00:00,-1226372,3267.650
46407,2015-09-02T18:30:00+00:00,-1225472,3267.758
46407,2015-09-02T18:45:00+00:00,-1224572,3267.871
46407,2015-09-02T19:00:00+00:00,-1223672,3267.987
46407,2015-09-02T19:15:00+00:00,-1222772,3268.107
46407,2015-09-02T19:30:00+00:00,-1221872,3268.232
46407,2015-09-02T19:45:00+00:00,-1220972,3268.351
46407,2015-09-02T20:00:00+00:00,-1220072,3268.469
46407,2015-09-02T20:15:00+00:00,-1219172,3268.584
46407,2015-09-02T20:30:00+00:00,-1218272,3268.695
46407,2015-09-02T20:45:00+00:00,-1217372,3268.795
46407,2015-09-02T21:00:00+00:00,-1216472,3268.885
46407,2015-09-02T21:15:00+00:00,-1215572,3268.969
46407,2015-09-02T21:30:00+00:00,-1214672,3269.040
46407,2015-09-02T21:45:00+00:00,-1213772,3269.098
46407,2015-09-02T22:00:00+00:00,-1212872,3269.144
46407,2015-09-02T22:15:00+00:00,-1211972,3269.175
46407,2015-09-02T22:30:00+00:00,-1211072,3269.191
46407,2015-09-02T22:45:00+00:00,-1210172,3269.191
46407,2015-09-02T23:00:00+00:00,-1209272,3269.175
46407,2015-09-02T23:15:00+00:00,-1208372,3269.146
46407,2015-09-02T23:30:00+00:00,-1207472,3269.106
46407,2015-09-02T23:45:00+00:00,-1206572,3269.048
46407,2015-09-03T00:00:00+00:00,-1205672,3268.978
46407,2015-09-03T00:15:00+00:00,-1204772,3268.891
46407,2015-09-03T00:30:00+00:00,-1203872,3268.798
46407,2015-09-03T00:45:00+00:00,-1202972,3268.692
46407,2015-09-03T01:00:00+00:00,-1202072,3268.580
46407,2015-09-03T01:15:00+00:00,-1201172,3268.458
46407,2015-09-03T01:30:00+00:00,-1200272,3268.333
46407,2015-09-03T01:45:00+00:00,-1199372,3268.206
46407,2015-09-03T02:00:00+00:00,-1198472,3268.079
46407,2015-09-03T02:15:00+00:00,-1197572,3267.950
46407,2015-09-03T02:30:00+00:00,-1196672,3267.822
46407,2015-09-03T02:45:00+00:00,-1195772,3267.703
46407,2015-09-03T03:00:00+00:00,-1194872,3267.591
46407,2015-09-03T03:15:00+00:00,-1193972,3267.484
46407,2015-09-03T03:30:00+00:00,-1193072,3267.390
46407,2015-09-03T03:45:00+00:00,-1192172,3267.305
46407,2015-09-03T04:00:00+00:00,-1191272,3267.230
46407,2015-09-03T04:15:00+00:00,-1190372,3267.168
46407,2015-09-03T04:30:00+00:00,-1189472,3267.122
46407,2015-09-03T04:45:00+00:00,-1188572,3267.093
46407,2015-09-03T05:00:00+00:00,-1187672,3267.075
46407,2015-09-03T05:15:00+00:00,-1186772,3267.071
46407,2015-09-03T05:30:00+00:00,-1185872,3267.082
46407,2015-09-03T05:45:00+00:00,-1184972,3267.107
46407,2015-09-03T06:00:00+00:00,-1184072,3267.147
46407,2015-09-03T06:15:00+00:00,-1183172,3267.201
46407,2015-09-03T06:30:00+00:00,-1182272,3267.262
46407,2015-09-03T06:45:00+00:00,-1181372,3267.334
46407,2015-09-03T07:00:00+00:00,-1180472,3267.421
46407,2015-09-03T07:15:00+00:00,-1179572,3267.509
46407,2015-09-03T07:30:00+00:00,-1178672,3267.606
46407,2015-09-03T07:45:00+00:00,-1177772,3267.710
46407,2015-09-03T08:00:00+00:00,-1176872,3267.814
46407,2015-09-03T08:15:00+00:00,-1175972,3267.920
46407,2015-09-03T08:30:00+00:00,-1175072,3268.023
46407,2015-09-03T08:45:00+00:00,-1174172,3268.124
46407,2015-09-03T09:00:00+00:00,-1173272,3268.224
46407,2015-09-03T09:15:00+00:00,-1172372,3268.321
46407,2015-09-03T09:30:00+00:00,-1171472,3268.409
46407,2015-09-03T09:45:00+00:00,-1170572,3268.487
46407,2015-09-03T10:00:00+00:00,-1169672,3268.555
46407,2015-09-03T10:15:00+00:00,-1168772,3268.615
46407,2015-09-03T10:30:00+00:00,-1167872,3268.664
46407,2015-09-03T10:45:00+00:00,-1166972,3268.706
46407,2015-09-03T11:00:00+00:00,-1166072,3268.727
46407,2015-09-03T11:15:00+00:00,-1165172,3268.739
46407,2015-09-03T11:30:00+00:00,-1164272,3268.742
46407,2015-09-03T11:45:00+00:00,-1163372,3268.728
46407,2015-09-03T12:00:00+00:00,-1162472,3268.701
46407,2015-09-03T12:15:00+00:00,-1161572,3268.663
46407,2015-09-03T12:30:00+00:00,-1160672,3268.619
46407,2015-09-03T12:45:00+00:00,-1159772,3268.557
46407,2015-09-03T13:00:00+00:00,-1158872,3268.492
46407,2015-09-03T13:15:00+00:00,-1157972,3268.417
46407,2015-09-03T13:30:00+00:00,-1157072,3268.339
46407,2015-09-03T13:45:00+00:00,-1156172,3268.255
46407,2015-09-03T14:00:00+00:00,-1155272,3268.169
46407,2015-09-03T14:15:00+00:00,-1154372,3268.078
46407,2015-09-03T14:30:00+00:00,-1153472,3267.988
46407,2015-09-03T14:45:00+00:00,-1152572,3267.900
46407,2015-09-03T15:00:00+00:00,-1151672,3267.816
46407,2015-09-03T15:15:00+00:00,-1150772,3267.733
46407,2015-09-03T15:30:00+00:00,-1149872,3267.662
46407,2015-09-03T15:45:00+00:00,-1148972,3267.595
46407,2015-09-03T16:00:00+00:00,-1148072,3267.536
46407,2015-09-03T16:15:00+00:00,-1147172,3267.489
46407,2015-09-03T16:30:00+00:00,-1146272,3267.456
46407,2015-09-03T16:45:00+00:00,-1145372,3267.434
46407,2015-09-03T17:00:00+00:00,-1144472,3267.422
46407,2015-09-03T17:15:00+00:00,-1143572,3267.424
46407,2015-09-03T17:30:00+00:00,-1142672,3267.438
46407,2015-09-03T17:45:00+00:00,-1141772,3267.469
46407,2015-09-03T18:00:00+00:00,-1140872,3267.509
46407,2015-09-03T18:15:00+00:00,-1139972,3267.563
46407,2015-09-03T18:30:00+00:00,-1139072,3267.626
46407,2015-09-03T18:45:00+00:00,-1138172,3267.699
46407,2015-09-03T19:00:00+00:00,-1137272,3267.780
46407,2015-09-03T19:15:00+00:00,-1136372,3267.873
46407,2015-09-03T19:30:00+00:00,-1135472,3267.969
46407,2015-09-03T19:45:00+00:00,-1134572,3268.072
46407,2015-09-03T20:00:00+00:00,-1133672,3268.175
46407,2015-09-03T20:15:00+00:00,-1132772,3268.279
46407,2015-09-03T20:30:00+00:00,-1131872,3268.386
46407,2015-09-03T20:45:00+00:00,-1130972,3268.488
46407,2015-09-03T21:00:00+00:00,-1130072,3268.588
46407,2015-09-03T21:15:00+00:00,-1129172,3268.681
46407,2015-09-03T21:30:00+00:00,-1128272,3268.774
46407,2015-09-03T21:45:00+00:00,-1127372,3268.855
46407,2015-09-03T22:00:00+00:00,-1126472,3268.932
46407,2015-09-03T22:15:00+00:00,-1125572,3268.993
46407,2015-09-03T22:30:00+00:00,-1124672,3269.044
46407,2015-09-03T22:45:00+00:00,-1123772,3269.086
46407,2015-09-03T23:00:00+00:00,-1122872,3269.115
46407,2015-09-03T23:15:00+00:00,-1121972,3269.130
46407,2015-09-03T23:30:00+00:00,-1121072,3269.134
46407,2015-09-03T23:45:00+00:00,-1120172,3269.121
46407,2015-09-04T00:00:00+00:00,-1119272,3269.095
46407,2015-09-04T00:15:00+00:00,-1118372,3269.056
46407,2015-09-04T00:30:00+00:00,-1117472,3269.002
46407,2015-09-04T00:45:00+00:00,-1116572,3268.942
46407,2015-09-04T01:00:00+00:00,-1115672,3268.866
46407,2015-09-04T01:15:00+00:00,-1114772,3268.780
46407,2015-09-04T01:30:00+00:00,-1113872,3268.686
46407,2015-09-04T01:45:00+00:00,-1112972,3268.584
46407,2015-09-04T02:00:00+00:00,-1112072,3268.473
46407,2015-09-04T02:15:00+00:00,-1111172,3268.358
46407,2015-09-04T02:30:00+00:00,-1110272,3268.241
46407,2015-09-04T02:45:00+00:00,-1109372,3268.118
46407,2015-09-04T03:00:00+00:00,-1108472,3268.003
46407,2015-09-04T03:15:00+00:00,-1107572,3267.886
46407,2015-09-04T03:30:00+00:00,-1106672,3267.771
46407,2015-09-04T03:45:00+00:00,-1105772,3267.661
46407,2015-09-04T04:00:00+00:00,-1104872,3267.561
46407,2015-09-04T04:15:00+00:00,-1103972,3267.463
46407,2015-09-04T04:30:00+00:00,-1103072,3267.376
46407,2015-09-04T04:45:00+00:00,-1102172,3267.297
46407,2015-09-04T05:00:00+00:00,-1101272,3267.231
46407,2015-09-04T05:15:00+00:00,-1100372,3267.180
46407,2015-09-04T05:30:00+00:00,-1099472,3267.138
46407,2015-09-04T05:45:00+00:00,-1098572,3267.110
46407,2015-09-04T06:00:00+00:00,-1097672,3267.096
46407,2015-09-04T06:15:00+00:00,-1096772,3267.097
46407,2015-09-04T06:30:00+00:00,-1095872,3267.108
46407,2015-09-04T06:45:00+00:00,-1094972,3267.134
46407,2015-09-04T07:00:00+00:00,-1094072,3267.167
46407,2015-09-04T07:15:00+00:00,-1093172,3267.211
46407,2015-09-04T07:30:00+00:00,-1092272,3267.269
46407,2015-09-04T07:45:00+00:00,-1091372,3267.335
46407,2015-09-04T08:00:00+00:00,-1090472,3267.412
46407,2015-09-04T08:15:00+00:00,-1089572,3267.493
46407,2015-09-04T08:30:00+00:00,-1088672,3267.579
46407,2015-09-04T08:45:00+00:00,-1087772,3267.666
46407,2015-09-04T09:00:00+00:00,-1086872,3267.759
46407,2015-09-04T09:15:00+00:00,-1085972,3267.853
46407,2015-09-04T09:30:00+00:00,-1085072,3267.945
46407,2015-09-04T09:45:00+00:00,-1084172,3268.034
46407,2015-09-04T10:00:00+00:00,-1083272,3268.121
46407,2015-09-04T10:15:00+00:00,-1082372,3268.203
46407,2015-09-04T10:30:00+00:00,-1081472,3268.283
46407,2015-09-04T10:45:00+00:00,-1080572,3268.354
46407,2015-09-04T11:00:00+00:00,-1079672,3268.418
46407,2015-09-04T11:15:00+00:00,-1078772,3268.473
46407,2015-09-04T11:30:00+00:00,-1077872,3268.520
46407,2015-09-04T11:45:00+00:00,-1076972,3268.554
46407,2015-09-04T12:00:00+00:00,-1076072,3268.578
46407,2015-09-04T12:15:00+00:00,-1075172,3268.593
46407,2015-09-04T12:30:00+00:00,-1074272,3268.597
46407,2015-09-04T12:45:00+00:00,-1073372,3268.592
46407,2015-09-04T13:00:00+00:00,-1072472,3268.574
46407,2015-09-04T13:15:00+00:00,-1071572,3268.546
46407,2015-09-04T13:30:00+00:00,-1070672,3268.510
46407,2015-09-04T13:45:00+00:00,-1069772,3268.468
46407,2015-09-04T14:00:00+00:00,-1068872,3268.417
46407,2015-09-04T14:15:00+00:00,-1067972,3268.359
46407,2015-09-04T14:30:00+00:00,-1067072,3268.298
46407,2015-09-04T14:45:00+00:00,-1066172,3268.231
46407,2015-09-04T15:00:00+00:00,-1065272,3268.162
46407,2015-09-04T15:15:00+00:00,-1064372,3268.093
46407,2015-09-04T15:30:00+00:00,-1063472,3268.022
46407,2015-09-04T15:45:00+00:00,-1062572,3267.957
46407,2015-09-04T16:00:00+00:00,-1061672,3267.894
46407,2015-09-04T16:15:00+00:00,-1060772,3267.831
46407,2015-09-04T16:30:00+00:00,-1059872,3267.778
46407,2015-09-04T16:45:00+00:00,-1058972,3267.731
46407,2015-09-04T17:00:00+00:00,-1058072,3267.687
46407,2015-09-04T17:15:00+00:00,-1057172,3267.655
46407,2015-09-04T17:30:00+00:00,-1056272,3267.629
46407,2015-09-04T17:45:00+00:00,-1055372,3267.615
46407,2015-09-04T18:00:00+00:00,-1054472,3267.613
46407,2015-09-04T18:15:00+00:00,-1053572,3267.625
46407,2015-09-04T18:30:00+00:00,-1052672,3267.640
46407,2015-09-04T18:45:00+00:00,-1051772,3267.669
46407,2015-09-04T19:00:00+00:00,-1050872,3267.710
46407,2015-09-04T19:15:00+00:00,-1049972,3267.762
46407,2015-09-04T19:30:00+00:00,-1049072,3267.818
46407,2015-09-04T19:45:00+00:00,-1048172,3267.881
46407,2015-09-04T20:00:00+00:00,-1047272,3267.953
46407,2015-09-04T20:15:00+00:00,-1046372,3268.030
46407,2015-09-04T20:30:00+00:00,-1045472,3268.113
46407,2015-09-04T20:45:00+00:00,-1044572,3268.196
46407,2015-09-04T21:00:00+00:00,-1043672,3268.285
46407,2015-09-04T21:15:00+00:00,-1042772,3268.372
46407,2015-09-04T21:30:00+00:00,-1041872,3268.460
46407,2015-09-04T21:45:00+00:00,-1040972,3268.551
46407,2015-09-04T22:00:00+00:00,-1040072,3268.634
46407,2015-09-04T22:15:00+00:00,-1039172,3268.712
46407,2015-09-04T22:30:00+00:00,-1038272,3268.784
46407,2015-09-04T22:45:00+00:00,-1037372,3268.846
46407,2015-09-04T23:00:00+00:00,-1036472,3268.905
46407,2015-09-04T23:15:00+00:00,-1035572,3268.956
46407,2015-09-04T23:30:00+00:00,-1034672,3268.996
46407,2015-09-04T23:45:00+00:00,-1033772,3269.025
46407,2015-09-05T00:00:00+00:00,-1032872,3269.043
46407,2015-09-05T00:15:00+00:00,-1031972,3269.048
46407,2015-09-05T00:30:00+00:00,-1031072,3269.044
46407,2015-09-05T00:45:00+00:00,-1030172,3269.026
46407,2015-09-05T01:00:00+00:00,-1029272,3268.997
46407,2015-09-05T01:15:00+00:00,-1028372,3268.957
46407,2015-09-05T01:30:00+00:00,-1027472,3268.905
46407,2015-09-05T01:45:00+00:00,-1026572,3268.842
46407,2015-09-05T02:00:00+00:00,-1025672,3268.770
46407,2015-09-05T02:15:00+00:00,-1024772,3268.690
46407,2015-09-05T02:30:00+00:00,-1023872,3268.602
46407,2015-09-05T02:45:00+00:00,-1022972,3268.508
46407,2015-09-05T03:00:00+00:00,-1022072,3268.409
46407,2015-09-05T03:15:00+00:00,-1021172,3268.309
46407,2015-09-05T03:30:00+00:00,-1020272,3268.202
46407,2015-09-05T03:45:00+00:00,-1019372,3268.094
46407,2015-09-05T04:00:00+00:00,-1018472,3267.987
46407,2015-09-05T04:15:00+00:00,-1017572,3267.879
46407,2015-09-05T04:30:00+00:00,-1016672,3267.778
46407,2015-09-05T04:45:00+00:00,-1015772,3267.682
46407,2015-09-05T05:00:00+00:00,-1014872,3267.591
46407,2015-09-05T05:15:00+00:00,-1013972,3267.503
46407,2015-09-05T05:30:00+00:00,-1013072,3267.422
46407,2015-09-05T05:45:00+00:00,-1012172,3267.352
46407,2015-09-05T06:00:00+00:00,-1011272,3267.287
46407,2015-09-05T06:15:00+00:00,-1010372,3267.240
46407,2015-09-05T06:30:00+00:00,-1009472,3267.200
46407,2015-09-05T06:45:00+00:00,-1008572,3267.172
46407,2015-09-05T07:00:00+00:00,-1007672,3267.155
46407,2015-09-05T07:15:00+00:00,-1006772,3267.149
46407,2015-09-05T07:30:00+00:00,-1005872,3267.155
46407,2015-09-05T07:45:00+00:00,-1004972,3267.172
46407,2015-09-05T08:00:00+00:00,-1004072,3267.200
46407,2015-09-05T08:15:00+00:00,-1003172,3267.237
46407,2015-09-05T08:30:00+00:00,-1002272,3267.282
46407,2015-09-05T08:45:00+00:00,-1001372,3267.335
46407,2015-09-05T09:00:00+00:00,-1000472,3267.399
46407,2015-09-05T09:15:00+00:00,-999572,3267.471
46407,2015-09-05T09:30:00+00:00,-998672,3267.548
46407,2015-09-05T09:45:00+00:00,-997772,3267.628
46407,2015-09-05T10:00:00+00:00,-996872,3267.708
46407,2015-09-05T10:15:00+00:00,-995972,3267.791
46407,2015-09-05T10:30:00+00:00,-995072,3267.876
46407,2015-09-05T10:45:00+00:00,-994172,3267.959
46407,2015-09-05T11:00:00+00:00,-993272,3268.039
46407,2015-09-05T11:15:00+00:00,-992372,3268.115
46407,2015-09-05T11:30:00+00:00,-991472,3268.186
46407,2015-09-05T11:45:00+00:00,-990572,3268.252
46407,2015-09-05T12:00:00+00:00,-989672,3268.315
46407,2015-09-05T12:15:00+00:00,-988772,3268.367
46407,2015-09-05T12:30:00+00:00,-987872,3268.415
46407,2015-09-05T12:45:00+00:00,-986972,3268.455
46407,2015-09-05T13:00:00+00:00,-986072,3268.485
46407,2015-09-05T13:15:00+00:00,-985172,3268.503
46407,2015-09-05T13:30:00+00:00,-984272,3268.512
46407,2015-09-05T13:45:00+00:00,-983372,3268.514
46407,2015-09-05T14:00:00+00:00,-982472,3268.508
46407,2015-09-05T14:15:00+00:00,-981572,3268.492
46407,2015-09-05T14:30:00+00:00,-980672,3268.471
46407,2015-09-05T14:45:00+00:00,-979772,3268.446
46407,2015-09-05T15:00:00+00:00,-978872,3268.411
46407,2015-09-05T15:15:00+00:00,-977972,3268.367
46407,2015-09-05T15:30:00+00:00,-977072,3268.324
46407,2015-09-05T15:45:00+00:00,-976172,3268.277
46407,2015-09-05T16:00:00+00:00,-975272,3268.228
46407,2015-09-05T16:15:00+00:00,-974372,3268.178
46407,2015-09-05T16:30:00+00:00,-973472,3268.124
46407,2015-09-05T16:45:00+00:00,-972572,3268.071
46407,2015-09-05T17:00:00+00:00,-971672,3268.018
46407,2015-09-05T17:15:00+00:00,-970772,3267.971
46407,2015-09-05T17:30:00+00:00,-969872,3267.926
46407,2015-09-05T17:45:00+00:00,-968972,3267.887
46407,2015-09-05T18:00:00+00:00,-968072,3267.854
46407,2015-09-05T18:15:00+00:00,-967172,3267.827
46407,2015-09-05T18:30:00+00:00,-966272,3267.800
46407,2015-09-05T18:45:00+00:00,-965372,3267.789
46407,2015-09-05T19:00:00+00:00,-964472,3267.786
46407,2015-09-05T19:15:00+00:00,-963572,3267.792
46407,2015-09-05T19:30:00+00:00,-962672,3267.805
46407,2015-09-05T19:45:00+00:00,-961772,3267.828
46407,2015-09-05T20:00:00+00:00,-960872,3267.857
46407,2015-09-05T20:15:00+00:00,-959972,3267.896
46407,2015-09-05T20:30:00+00:00,-959072,3267.942
46407,2015-09-05T20:45:00+00:00,-958172,3267.992
46407,2015-09-05T21:00:00+00:00,-957272,3268.050
46407,2015-09-05T21:15:00+00:00,-956372,3268.115
46407,2015-09-05T21:30:00+00:00,-955472,3268.184
46407,2015-09-05T21:45:00+00:00,-954572,3268.256
46407,2015-09-05T22:00:00+00:00,-953672,3268.330
46407,2015-09-05T22:15:00+00:00,-952772,3268.401
46407,2015-09-05T22:30:00+00:00,-951872,3268.473
46407,2015-09-05T22:45:00+00:00,-950972,3268.545
46407,2015-09-05T23:00:00+00:00,-950072,3268.611
46407,2015-09-05T23:15:00+00:00,-949172,3268.676
46407,2015-09-05T23:30:00+00:00,-948272,3268.737
46407,2015-09-05T23:45:00+00:00,-947372,3268.792
46407,2015-09-06T00:00:00+00:00,-946472,3268.837
46407,2015-09-06T00:15:00+00:00,-945572,3268.878
46407,2015-09-06T00:30:00+00:00,-944672,3268.910
46407,2015-09-06T00:45:00+00:00,-943772,3268.935
46407,2015-09-06T01:00:00+00:00,-942872,3268.949
46407,2015-09-06T01:15:00+00:00,-941972,3268.952
46407,2015-09-06T01:30:00+00:00,-941072,3268.946
46407,2015-09-06T01:45:00+00:00,-940172,3268.931
46407,2015-09-06T02:00:00+00:00,-939272,3268.910
46407,2015-09-06T02:15:00+00:00,-938372,3268.876
46407,2015-09-06T02:30:00+00:00,-937472,3268.832
46407,2015-09-06T02:45:00+00:00,-936572,3268.778
46407,2015-09-06T03:00:00+00:00,-935672,3268.716
46407,2015-09-06T03:15:00+00:00,-934772,3268.647
46407,2015-09-06T03:30:00+00:00,-933872,3268.570
46407,2015-09-06T03:45:00+00:00,-932972,3268.487
46407,2015-09-06T04:00:00+00:00,-932072,3268.397
46407,2015-09-06T04:15:00+00:00,-931172,3268.301
46407,2015-09-06T04:30:00+00:00,-930272,3268.205
46407,2015-09-06T04:45:00+00:00,-929372,3268.107
46407,2015-09-06T05:00:00+00:00,-928472,3268.008
46407,2015-09-06T05:15:00+00:00,-927572,3267.907
46407,2015-09-06T05:30:00+00:00,-926672,3267.810
46407,2015-09-06T05:45:00+00:00,-925772,3267.716
46407,2015-09-06T06:00:00+00:00,-924872,3267.628
46407,2015-09-06T06:15:00+00:00,-923972,3267.542
46407,2015-09-06T06:30:00+00:00,-923072,3267.464
46407,2015-09-06T06:45:00+00:00,-922172,3267.394
46407,2015-09-06T07:00:00+00:00,-921272,3267.333
46407,2015-09-06T07:15:00+00:00,-920372,3267.278
46407,2015-09-06T07:30:00+00:00,-919472,3267.234
46407,2015-09-06T07:45:00+00:00,-918572,3267.204
46407,2015-09-06T08:00:00+00:00,-917672,3267.181
46407,2015-09-06T08:15:00+00:00,-916772,3267.170
46407,2015-09-06T08:30:00+00:00,-915872,3267.166
46407,2015-09-06T08:45:00+00:00,-914972,3267.174
46407,2015-09-06T09:00:00+00:00,-914072,3267.192
46407,2015-09-06T09:15:00+00:00,-913172,3267.221
46407,2015-09-06T09:30:00+00:00,-912272,3267.261
46407,2015-09-06T09:45:00+00:00,-911372,3267.302
46407,2015-09-06T10:00:00+00:00,-910472,3267.358
46407,2015-09-06T10:15:00+00:00,-909572,3267.418
46407,2015-09-06T10:30:00+00:00,-908672,3267.482
46407,2015-09-06T10:45:00+00:00,-907772,3267.554
46407,2015-09-06T11:00:00+00:00,-906872,3267.631
46407,2015-09-06T11:15:00+00:00,-905972,3267.707
46407,2015-09-06T11:30:00+00:00,-905072,3267.782
46407,2015-09-06T11:45:00+00:00,-904172,3267.859
46407,2015-09-06T12:00:00+00:00,-903272,3267.935
46407,2015-09-06T12:15:00+00:00,-902372,3268.011
46407,2015-09-06T12:30:00+00:00,-901472,3268.079
46407,2015-09-06T12:45:00+00:00,-900572,3268.145
46407,2015-09-06T13:00:00+00:00,-899672,3268.210
46407,2015-09-06T13:15:00+00:00,-898772,3268.268
46407,2015-09-06T13:30:00+00:00,-897872,3268.320
46407,2015-09-06T13:45:00+00:00,-896972,3268.368
46407,2015-09-06T14:00:00+00:00,-896072,3268.404
46407,2015-09-06T14:15:00+00:00,-895172,3268.434
46407,2015-09-06T14:30:00+00:00,-894272,3268.453
46407,2015-09-06T14:45:00+00:00,-893372,3268.468
46407,2015-09-06T15:00:00+00:00,-892472,3268.475
46407,2015-09-06T15:15:00+00:00,-891572,3268.476
46407,2015-09-06T15:30:00+00:00,-890672,3268.466
46407,2015-09-06T15:45:00+00:00,-889772,3268.450
46407,2015-09-06T16:00:00+00:00,-888872,3268.433
46407,2015-09-06T16:15:00+00:00,-887972,3268.408
46407,2015-09-06T16:30:00+00:00,-887072,3268.376
46407,2015-09-06T16:45:00+00:00,-886172,3268.343
46407,2015-09-06T17:00:00+00:00,-885272,3268.303
46407,2015-09-06T17:15:00+00:00,-884372,3268.261
46407,2015-09-06T17:30:00+00:00,-883472,3268.216
46407,2015-09-06T17:45:00+00:00,-882572,3268.171
46407,2015-09-06T18:00:00+00:00,-881672,3268.126
46407,2015-09-06T18:15:00+00:00,-880772,3268.080
46407,2015-09-06T18:30:00+00:00,-879872,3268.040
46407,2015-09-06T18:45:00+00:00,-878972,3268.003
46407,2015-09-06T19:00:00+00:00,-878072,3267.971
46407,2015-09-06T19:15:00+00:00,-877172,3267.943
46407,2015-09-06T19:30:00+00:00,-876272,3267.919
46407,2015-09-06T19:45:00+00:00,-875372,3267.907
46407,2015-09-06T20:00:00+00:00,-874472,3267.900
46407,2015-09-06T20:15:00+00:00,-873572,3267.899
46407,2015-09-06T20:30:00+00:00,-872672,3267.904
46407,2015-09-06T20:45:00+00:00,-871772,3267.916
46407,2015-09-06T21:00:00+00:00,-870872,3267.937
46407,2015-09-06T21:15:00+00:00,-869972,3267.963
46407,2015-09-06T21:30:00+00:00,-869072,3267.997
46407,2015-09-06T21:45:00+00:00,-868172,3268.038
46407,2015-09-06T22:00:00+00:00,-867272,3268.085
46407,2015-09-06T22:15:00+00:00,-866372,3268.136
46407,2015-09-06T22:30:00+00:00,-865472,3268.189
46407,2015-09-06T22:45:00+00:00,-864572,3268.246
46407,2015-09-06T23:00:00+00:00,-863672,3268.308
46407,2015-09-06T23:15:00+00:00,-862772,3268.374
46407,2015-09-06T23:30:00+00:00,-861872,3268.436
46407,2015-09-06T23:45:00+00:00,-860972,3268.500
46407,2015-09-07T00:00:00+00:00,-860072,3268.562
46407,2015-09-07T00:15:00+00:00,-859172,3268.623
46407,2015-09-07T00:30:00+00:00,-858272,3268.678
46407,2015-09-07T00:45:00+00:00,-857372,3268.726
46407,2015-09-07T01:00:00+00:00,-856472,3268.774
46407,2015-09-07T01:15:00+00:00,-855572,3268.814
46407,2015-09-07T01:30:00+00:00,-854672,3268.844
46407,2015-09-07T01:45:00+00:00,-853772,3268.869
46407,2015-09-07T02:00:00+00:00,-852872,3268.886
46407,2015-09-07T02:15:00+00:00,-851972,3268.896
46407,2015-09-07T02:30:00+00:00,-851072,3268.898
46407,2015-09-07T02:45:00+00:00,-850172,3268.885
46407,2015-09-07T03:00:00+00:00,-849272,3268.868
46407,2015-09-07T03:15:00+00:00,-848372,3268.841
46407,2015-09-07T03:30:00+00:00,-847472,3268.807
46407,2015-09-07T03:45:00+00:00,-846572,3268.762
46407,2015-09-07T04:00:00+00:00,-845672,3268.707
46407,2015-09-07T04:15:00+00:00,-844772,3268.643
46407,2015-09-07T04:30:00+00:00,-843872,3268.578
46407,2015-09-07T04:45:00+00:00,-842972,3268.504
46407,2015-09-07T05:00:00+00:00,-842072,3268.425
46407,2015-09-07T05:15:00+00:00,-841172,3268.337
46407,2015-09-07T05:30:00+00:00,-840272,3268.246
46407,2015-09-07T05:45:00+00:00,-839372,3268.155
46407,2015-09-07T06:00:00+00:00,-838472,3268.060
46407,2015-09-07T06:15:00+00:00,-837572,3267.967
46407,2015-09-07T06:30:00+00:00,-836672,3267.871
46407,2015-09-07T06:45:00+00:00,-835772,3267.778
46407,2015-09-07T07:00:00+00:00,-834872,3267.689
46407,2015-09-07T07:15:00+00:00,-833972,3267.607
46407,2015-09-07T07:30:00+00:00,-833072,3267.528
46407,2015-09-07T07:45:00+00:00,-832172,3267.453
46407,2015-09-07T08:00:00+00:00,-831272,3267.386
46407,2015-09-07T08:15:00+00:00,-830372,3267.328
46407,2015-09-07T08:30:00+00:00,-829472,3267.279
46407,2015-09-07T08:45:00+00:00,-828572,3267.241
46407,2015-09-07T09:00:00+00:00,-827672,3267.211
46407,2015-09-07T09:15:00+00:00,-826772,3267.196
46407,2015-09-07T09:30:00+00:00,-825872,3267.187
46407,2015-09-07T09:45:00+00:00,-824972,3267.190
46407,2015-09-07T10:00:00+00:00,-824072,3267.200
46407,2015-09-07T10:15:00+00:00,-823172,3267.224
46407,2015-09-07T10:30:00+00:00,-822272,3267.252
46407,2015-09-07T10:45:00+00:00,-821372,3267.293
46407,2015-09-07T11:00:00+00:00,-820472,3267.337
46407,2015-09-07T11:15:00+00:00,-819572,3267.388
46407,2015-09-07T11:30:00+00:00,-818672,3267.449
46407,2015-09-07T11:45:00+00:00,-817772,3267.513
46407,2015-09-07T12:00:00+00:00,-816872,3267.581
46407,2015-09-07T12:15:00+00:00,-815972,3267.657
46407,2015-09-07T12:30:00+00:00,-815072,3267.734
46407,2015-09-07T12:45:00+00:00,-814172,3267.815
46407,2015-09-07T13:00:00+00:00,-813272,3267.890
46407,2015-09-07T13:15:00+00:00,-812372,3267.969
46407,2015-09-07T13:30:00+00:00,-811472,3268.043
46407,2015-09-07T13:45:00+00:00,-810572,3268.117
46407,2015-09-07T14:00:00+00:00,-809672,3268.184
46407,2015-09-07T14:15:00+00:00,-808772,3268.249
46407,2015-09-07T14:30:00+00:00,-807872,3268.311
46407,2015-09-07T14:45:00+00:00,-806972,3268.366
46407,2015-09-07T15:00:00+00:00,-806072,3268.411
46407,2015-09-07T15:15:00+00:00,-805172,3268.450
46407,2015-09-07T15:30:00+00:00,-804272,3268.478
46407,2015-09-07T15:45:00+00:00,-803372,3268.503
46407,2015-09-07T16:00:00+00:00,-802472,3268.518
46407,2015-09-07T16:15:00+00:00,-801572,3268.524
46407,2015-09-07T16:30:00+00:00,-800672,3268.525
46407,2015-09-07T16:45:00+00:00,-799772,3268.518
46407,2015-09-07T17:00:00+00:00,-798872,3268.501
46407,2015-09-07T17:15:00+00:00,-797972,3268.476
46407,2015-09-07T17:30:00+00:00,-797072,3268.449
46407,2015-09-07T17:45:00+00:00,-796172,3268.417
46407,2015-09-07T18:00:00+00:00,-795272,3268.380
46407,2015-09-07T18:15:00+00:00,-794372,3268.339
46407,2015-09-07T18:30:00+00:00,-793472,3268.294
46407,2015-09-07T18:45:00+00:00,-792572,3268.247
46407,2015-09-07T19:00:00+00:00,-791672,3268.203
46407,2015-09-07T19:15:00+00:00,-790772,3268.158
46407,2015-09-07T19:30:00+00:00,-789872,3268.113
46407,2015-09-07T19:45:00+00:00,-788972,3268.073
46407,2015-09-07T20:00:00+00:00,-788072,3268.033
46407,2015-09-07T20:15:00+00:00,-787172,3267.999
46407,2015-09-07T20:30:00+00:00,-786272,3267.968
46407,2015-09-07T20:45:00+00:00,-785372,3267.945
46407,2015-09-07T21:00:00+00:00,-784472,3267.928
46407,2015-09-07T21:15:00+00:00,-783572,3267.917
46407,2015-09-07T21:30:00+00:00,-782672,3267.910
46407,2015-09-07T21:45:00+00:00,-781772,3267.914
46407,2015-09-07T22:00:00+00:00,-780872,3267.925
46407,2015-09-07T22:15:00+00:00,-779972,3267.947
46407,2015-09-07T22:30:00+00:00,-779072,3267.975
46407,2015-09-07T22:45:00+00:00,-778172,3268.004
46407,2015-09-07T23:00:00+00:00,-777272,3268.047
46407,2015-09-07T23:15:00+00:00,-776372,3268.088
46407,2015-09-07T23:30:00+00:00,-775472,3268.141
46407,2015-09-07T23:45:00+00:00,-774572,3268.194
46407,2015-09-08T00:00:00+00:00,-773672,3268.249
46407,2015-09-08T00:15:00+00:00,-772772,3268.310
46407,2015-09-08T00:30:00+00:00,-771872,3268.373
46407,2015-09-08T00:45:00+00:00,-770972,3268.435
46407,2015-09-08T01:00:00+00:00,-770072,3268.494
46407,2015-09-08T01:15:00+00:00,-769172,3268.551
46407,2015-09-08T01:30:00+00:00,-768272,3268.613
46407,2015-09-08T01:45:00+00:00,-767372,3268.668
46407,2015-09-08T02:00:00+00:00,-766472,3268.718
46407,2015-09-08T02:15:00+00:00,-765572,3268.760
46407,2015-09-08T02:30:00+00:00,-764672,3268.797
46407,2015-09-08T02:45:00+00:00,-763772,3268.829
46407,2015-09-08T03:00:00+00:00,-762872,3268.852
46407,2015-09-08T03:15:00+00:00,-761972,3268.870
46407,2015-09-08T03:30:00+00:00,-761072,3268.878
46407,2015-09-08T03:45:00+00:00,-760172,3268.875
46407,2015-09-08T04:00:00+00:00,-759272,3268.863
46407,2015-09-08T04:15:00+00:00,-758372,3268.842
46407,2015-09-08T04:30:00+00:00,-757472,3268.811
46407,2015-09-08T04:45:00+00:00,-756572,3268.771
46407,2015-09-08T05:00:00+00:00,-755672,3268.722
46407,2015-09-08T05:15:00+00:00,-754772,3268.665
46407,2015-09-08T05:30:00+00:00,-753872,3268.599
46407,2015-09-08T05:45:00+00:00,-752972,3268.525
46407,2015-09-08T06:00:00+00:00,-752072,3268.444
46407,2015-09-08T06:15:00+00:00,-751172,3268.362
46407,2015-09-08T06:30:00+00:00,-750272,3268.273
46407,2015-09-08T06:45:00+00:00,-749372,3268.179
46407,2015-09-08T07:00:00+00:00,-748472,3268.083
46407,2015-09-08T07:15:00+00:00,-747572,3267.988
46407,2015-09-08T07:30:00+00:00,-746672,3267.891
46407,2015-09-08T07:45:00+00:00,-745772,3267.796
46407,2015-09-08T08:00:00+00:00,-744872,3267.702
46407,2015-09-08T08:15:00+00:00,-743972,3267.615
46407,2015-09-08T08:30:00+00:00,-743072,3267.529
46407,2015-09-08T08:45:00+00:00,-742172,3267.455
46407,2015-09-08T09:00:00+00:00,-741272,3267.388
46407,2015-09-08T09:15:00+00:00,-740372,3267.328
46407,2015-09-08T09:30:00+00:00,-739472,3267.275
46407,2015-09-08T09:45:00+00:00,-738572,3267.234
46407,2015-09-08T10:00:00+00:00,-737672,3267.201
46407,2015-09-08T10:15:00+00:00,-736772,3267.177
46407,2015-09-08T10:30:00+00:00,-735872,3267.166
46407,2015-09-08T10:45:00+00:00,-734972,3267.164
46407,2015-09-08T11:00:00+00:00,-734072,3267.175
46407,2015-09-08T11:15:00+00:00,-733172,3267.194
46407,2015-09-08T11:30:00+00:00,-732272,3267.223
46407,2015-09-08T11:45:00+00:00,-731372,3267.260
46407,2015-09-08T12:00:00+00:00,-730472,3267.307
46407,2015-09-08T12:15:00+00:00,-729572,3267.363
46407,2015-09-08T12:30:00+00:00,-728672,3267.427
46407,2015-09-08T12:45:00+00:00,-727772,3267.494
46407,2015-09-08T13:00:00+00:00,-726872,3267.570
46407,2015-09-08T13:15:00+00:00,-725972,3267.649
46407,2015-09-08T13:30:00+00:00,-725072,3267.731
46407,2015-09-08T13:45:00+00:00,-724172,3267.813
46407,2015-09-08T14:00:00+00:00,-723272,3267.896
46407,2015-09-08T14:15:00+00:00,-722372,3267.981
46407,2015-09-08T14:30:00+00:00,-721472,3268.062
46407,2015-09-08T14:45:00+00:00,-720572,3268.142
46407,2015-09-08T15:00:00+00:00,-719672,3268.218
46407,2015-09-08T15:15:00+00:00,-718772,3268.289
46407,2015-09-08T15:30:00+00:00,-717872,3268.352
46407,2015-09-08T15:45:00+00:00,-716972,3268.405
46407,2015-09-08T16:00:00+00:00,-716072,3268.453
46407,2015-09-08T16:15:00+00:00,-715172,3268.493
46407,2015-09-08T16:30:00+00:00,-714272,3268.530
46407,2015-09-08T16:45:00+00:00,-713372,3268.557
46407,2015-09-08T17:00:00+00:00,-712472,3268.575
46407,2015-09-08T17:15:00+00:00,-711572,3268.584
46407,2015-09-08T17:30:00+00:00,-710672,3268.584
46407,2015-09-08T17:45:00+00:00,-709772,3268.573
46407,2015-09-08T18:00:00+00:00,-708872,3268.554
46407,2015-09-08T18:15:00+00:00,-707972,3268.530
46407,2015-09-08T18:30:00+00:00,-707072,3268.497
46407,2015-09-08T18:45:00+00:00,-706172,3268.457
46407,2015-09-08T19:00:00+00:00,-705272,3268.417
46407,2015-09-08T19:15:00+00:00,-704372,3268.372
46407,2015-09-08T19:30:00+00:00,-703472,3268.320
46407,2015-09-08T19:45:00+00:00,-702572,3268.265
46407,2015-09-08T20:00:00+00:00,-701672,3268.214
46407,2015-09-08T20:15:00+00:00,-700772,3268.159
46407,2015-09-08T20:30:00+00:00,-699872,3268.109
46407,2015-09-08T20:45:00+00:00,-698972,3268.059
46407,2015-09-08T21:00:00+00:00,-698072,3268.009
46407,2015-09-08T21:15:00+00:00,-697172,3267.969
46407,2015-09-08T21:30:00+00:00,-696272,3267.933
46407,2015-09-08T21:45:00+00:00,-695372,3267.902
46407,2015-09-08T22:00:00+00:00,-694472,3267.879
46407,2015-09-08T22:15:00+00:00,-693572,3267.863
46407,2015-09-08T22:30:00+00:00,-692672,3267.855
46407,2015-09-08T22:45:00+00:00,-691772,3267.854
46407,2015-09-08T23:00:00+00:00,-690872,3267.864
46407,2015-09-08T23:15:00+00:00,-689972,3267.879
46407,2015-09-08T23:30:00+00:00,-689072,3267.904
46407,2015-09-08T23:45:00+00:00,-688172,3267.936
46407,2015-09-09T00:00:00+00:00,-687272,3267.973
46407,2015-09-09T00:15:00+00:00,-686372,3268.015
46407,2015-09-09T00:30:00+00:00,-685472,3268.066
46407,2015-09-09T00:45:00+00:00,-684572,3268.122
46407,2015-09-09T01:00:00+00:00,-683672,3268.183
46407,2015-09-09T01:15:00+00:00,-682772,3268.247
46407,2015-09-09T01:30:00+00:00,-681872,3268.313
46407,2015-09-09T01:45:00+00:00,-680972,3268.380
46407,2015-09-09T02:00:00+00:00,-680072,3268.449
46407,2015-09-09T02:15:00+00:00,-679172,3268.516
46407,2015-09-09T02:30:00+00:00,-678272,3268.576
46407,2015-09-09T02:45:00+00:00,-677372,3268.641
46407,2015-09-09T03:00:00+00:00,-676472,3268.700
46407,2015-09-09T03:15:00+00:00,-675572,3268.755
46407,2015-09-09T03:30:00+00:00,-674672,3268.799
46407,2015-09-09T03:45:00+00:00,-673772,3268.834
46407,2015-09-09T04:00:00+00:00,-672872,3268.867
46407,2015-09-09T04:15:00+00:00,-671972,3268.886
46407,2015-09-09T04:30:00+00:00,-671072,3268.895
46407,2015-09-09T04:45:00+00:00,-670172,3268.895
46407,2015-09-09T05:00:00+00:00,-669272,3268.878
46407,2015-09-09T05:15:00+00:00,-668372,3268.857
46407,2015-09-09T05:30:00+00:00,-667472,3268.823
46407,2015-09-09T05:45:00+00:00,-666572,3268.780
46407,2015-09-09T06:00:00+00:00,-665672,3268.729
46407,2015-09-09T06:15:00+00:00,-664772,3268.669
46407,2015-09-09T06:30:00+00:00,-663872,3268.603
46407,2015-09-09T06:45:00+00:00,-662972,3268.530
46407,2015-09-09T07:00:00+00:00,-662072,3268.448
46407,2015-09-09T07:15:00+00:00,-661172,3268.359
46407,2015-09-09T07:30:00+00:00,-660272,3268.266
46407,2015-09-09T07:45:00+00:00,-659372,3268.169
46407,2015-09-09T08:00:00+00:00,-658472,3268.068
46407,2015-09-09T08:15:00+00:00,-657572,3267.967
46407,2015-09-09T08:30:00+00:00,-656672,3267.863
46407,2015-09-09T08:45:00+00:00,-655772,3267.764
46407,2015-09-09T09:00:00+00:00,-654872,3267.668
46407,2015-09-09T09:15:00+00:00,-653972,3267.577
46407,2015-09-09T09:30:00+00:00,-653072,3267.494
46407,2015-09-09T09:45:00+00:00,-652172,3267.417
46407,2015-09-09T10:00:00+00:00,-651272,3267.345
46407,2015-09-09T10:15:00+00:00,-650372,3267.286
46407,2015-09-09T10:30:00+00:00,-649472,3267.232
46407,2015-09-09T10:45:00+00:00,-648572,3267.192
46407,2015-09-09T11:00:00+00:00,-647672,3267.161
46407,2015-09-09T11:15:00+00:00,-646772,3267.144
46407,2015-09-09T11:30:00+00:00,-645872,3267.135
46407,2015-09-09T11:45:00+00:00,-644972,3267.138
46407,2015-09-09T12:00:00+00:00,-644072,3267.155
46407,2015-09-09T12:15:00+00:00,-643172,3267.183
46407,2015-09-09T12:30:00+00:00,-642272,3267.217
46407,2015-09-09T12:45:00+00:00,-641372,3267.259
46407,2015-09-09T13:00:00+00:00,-640472,3267.315
46407,2015-09-09T13:15:00+00:00,-639572,3267.379
46407,2015-09-09T13:30:00+00:00,-638672,3267.448
46407,2015-09-09T13:45:00+00:00,-637772,3267.527
46407,2015-09-09T14:00:00+00:00,-636872,3267.611
46407,2015-09-09T14:15:00+00:00,-635972,3267.697
46407,2015-09-09T14:30:00+00:00,-635072,3267.789
46407,2015-09-09T14:45:00+00:00,-634172,3267.882
46407,2015-09-09T15:00:00+00:00,-633272,3267.972
46407,2015-09-09T15:15:00+00:00,-632372,3268.059
46407,2015-09-09T15:30:00+00:00,-631472,3268.147
46407,2015-09-09T15:45:00+00:00,-630572,3268.230
46407,2015-09-09T16:00:00+00:00,-629672,3268.310
46407,2015-09-09T16:15:00+00:00,-628772,3268.383
46407,2015-09-09T16:30:00+00:00,-627872,3268.450
46407,2015-09-09T16:45:00+00:00,-626972,3268.508
46407,2015-09-09T17:00:00+00:00,-626072,3268.558
46407,2015-09-09T17:15:00+00:00,-625172,3268.594
46407,2015-09-09T17:30:00+00:00,-624272,3268.626
46407,2015-09-09T17:45:00+00:00,-623372,3268.648
46407,2015-09-09T18:00:00+00:00,-622472,3268.660
46407,2015-09-09T18:15:00+00:00,-621572,3268.661
46407,2015-09-09T18:30:00+00:00,-620672,3268.650
46407,2015-09-09T18:45:00+00:00,-619772,3268.631
46407,2015-09-09T19:00:00+00:00,-618872,3268.603
46407,2015-09-09T19:15:00+00:00,-617972,3268.569
46407,2015-09-09T19:30:00+00:00,-617072,3268.526
46407,2015-09-09T19:45:00+00:00,-616172,3268.478
46407,2015-09-09T20:00:00+00:00,-615272,3268.423
46407,2015-09-09T20:15:00+00:00,-614372,3268.366
46407,2015-09-09T20:30:00+00:00,-613472,3268.306
46407,2015-09-09T20:45:00+00:00,-612572,3268.243
46407,2015-09-09T21:00:00+00:00,-611672,3268.180
46407,2015-09-09T21:15:00+00:00,-610772,3268.121
46407,2015-09-09T21:30:00+00:00,-609872,3268.060
46407,2015-09-09T21:45:00+00:00,-608972,3268.001
46407,2015-09-09T22:00:00+00:00,-608072,3267.946
46407,2015-09-09T22:15:00+00:00,-607172,3267.896
46407,2015-09-09T22:30:00+00:00,-606272,3267.855
46407,2015-09-09T22:45:00+00:00,-605372,3267.822
46407,2015-09-09T23:00:00+00:00,-604472,3267.798
46407,2015-09-09T23:15:00+00:00,-603572,3267.779
46407,2015-09-09T23:30:00+00:00,-602672,3267.771
46407,2015-09-09T23:45:00+00:00,-601772,3267.775
46407,2015-09-10T00:00:00+00:00,-600872,3267.787
46407,2015-09-10T00:15:00+00:00,-599972,3267.807
46407,2015-09-10T00:30:00+00:00,-599072,3267.834
46407,2015-09-10T00:45:00+00:00,-598172,3267.869
46407,2015-09-10T01:00:00+00:00,-597272,3267.914
46407,2015-09-10T01:15:00+00:00,-596372,3267.963
46407,2015-09-10T01:30:00+00:00,-595472,3268.023
46407,2015-09-10T01:45:00+00:00,-594572,3268.086
46407,2015-09-10T02:00:00+00:00,-593672,3268.154
46407,2015-09-10T02:15:00+00:00,-592772,3268.227
46407,2015-09-10T02:30:00+00:00,-591872,3268.298
46407,2015-09-10T02:45:00+00:00,-590972,3268.373
46407,2015-09-10T03:00:00+00:00,-590072,3268.450
46407,2015-09-10T03:15:00+00:00,-589172,3268.521
46407,2015-09-10T03:30:00+00:00,-588272,3268.591
46407,2015-09-10T03:45:00+00:00,-587372,3268.658
46407,2015-09-10T04:00:00+00:00,-586472,3268.720
46407,2015-09-10T04:15:00+00:00,-585572,3268.773
46407,2015-09-10T04:30:00+00:00,-584672,3268.816
46407,2015-09-10T04:45:00+00:00,-583772,3268.853
46407,2015-09-10T05:00:00+00:00,-582872,3268.880
46407,2015-09-10T05:15:00+00:00,-581972,3268.898
46407,2015-09-10T05:30:00+00:00,-581072,3268.908
46407,2015-09-10T05:45:00+00:00,-580172,3268.903
46407,2015-09-10T06:00:00+00:00,-579272,3268.885
46407,2015-09-10T06:15:00+00:00,-578372,3268.860
46407,2015-09-10T06:30:00+00:00,-577472,3268.824
46407,2015-09-10T06:45:00+00:00,-576572,3268.780
46407,2015-09-10T07:00:00+00:00,-575672,3268.723
46407,2015-09-10T07:15:00+00:00,-574772,3268.655
46407,2015-09-10T07:30:00+00:00,-573872,3268.581
46407,2015-09-10T07:45:00+00:00,-572972,3268.496
46407,2015-09-10T08:00:00+00:00,-572072,3268.405
46407,2015-09-10T08:15:00+00:00,-571172,3268.304
46407,2015-09-10T08:30:00+00:00,-570272,3268.201
46407,2015-09-10T08:45:00+00:00,-569372,3268.100
46407,2015-09-10T09:00:00+00:00,-568472,3267.998
46407,2015-09-10T09:15:00+00:00,-567572,3267.895
46407,2015-09-10T09:30:00+00:00,-566672,3267.794
46407,2015-09-10T09:45:00+00:00,-565772,3267.695
46407,2015-09-10T10:00:00+00:00,-564872,3267.602
46407,2015-09-10T10:15:00+00:00,-563972,3267.516
46407,2015-09-10T10:30:00+00:00,-563072,3267.431
46407,2015-09-10T10:45:00+00:00,-562172,3267.358
46407,2015-09-10T11:00:00+00:00,-561272,3267.295
46407,2015-09-10T11:15:00+00:00,-560372,3267.241
46407,2015-09-10T11:30:00+00:00,-559472,3267.198
46407,2015-09-10T11:45:00+00:00,-558572,3267.165
46407,2015-09-10T12:00:00+00:00,-557672,3267.140
46407,2015-09-10T12:15:00+00:00,-556772,3267.129
46407,2015-09-10T12:30:00+00:00,-555872,3267.135
46407,2015-09-10T12:45:00+00:00,-554972,3267.149
46407,2015-09-10T13:00:00+00:00,-554072,3267.173
46407,2015-09-10T13:15:00+00:00,-553172,3267.212
46407,2015-09-10T13:30:00+00:00,-552272,3267.260
46407,2015-09-10T13:45:00+00:00,-551372,3267.320
46407,2015-09-10T14:00:00+00:00,-550472,3267.386
46407,2015-09-10T14:15:00+00:00,-549572,3267.463
46407,2015-09-10T14:30:00+00:00,-548672,3267.548
46407,2015-09-10T14:45:00+00:00,-547772,3267.632
46407,2015-09-10T15:00:00+00:00,-546872,3267.726
46407,2015-09-10T15:15:00+00:00,-545972,3267.821
46407,2015-09-10T15:30:00+00:00,-545072,3267.919
46407,2015-09-10T15:45:00+00:00,-544172,3268.017
46407,2015-09-10T16:00:00+00:00,-543272,3268.113
46407,2015-09-10T16:15:00+00:00,-542372,3268.203
46407,2015-09-10T16:30:00+00:00,-541472,3268.294
46407,2015-09-10T16:45:00+00:00,-540572,3268.375
46407,2015-09-10T17:00:00+00:00,-539672,3268.451
46407,2015-09-10T17:15:00+00:00,-538772,3268.516
46407,2015-09-10T17:30:00+00:00,-537872,3268.577
46407,2015-09-10T17:45:00+00:00,-536972,3268.628
46407,2015-09-10T18:00:00+00:00,-536072,3268.669
46407,2015-09-10T18:15:00+00:00,-535172,3268.697
46407,2015-09-10T18:30:00+00:00,-534272,3268.716
46407,2015-09-10T18:45:00+00:00,-533372,3268.722
46407,2015-09-10T19:00:00+00:00,-532472,3268.721
46407,2015-09-10T19:15:00+00:00,-531572,3268.705
46407,2015-09-10T19:30:00+00:00,-530672,3268.682
46407,2015-09-10T19:45:00+00:00,-529772,3268.647
46407,2015-09-10T20:00:00+00:00,-528872,3268.608
46407,2015-09-10T20:15:00+00:00,-527972,3268.557
46407,2015-09-10T20:30:00+00:00,-527072,3268.502
46407,2015-09-10T20:45:00+00:00,-526172,3268.438
46407,2015-09-10T21:00:00+00:00,-525272,3268.369
46407,2015-09-10T21:15:00+00:00,-524372,3268.301
46407,2015-09-10T21:30:00+00:00,-523472,3268.228
46407,2015-09-10T21:45:00+00:00,-522572,3268.154
46407,2015-09-10T22:00:00+00:00,-521672,3268.084
46407,2015-09-10T22:15:00+00:00,-520772,3268.013
46407,2015-09-10T22:30:00+00:00,-519872,3267.949
46407,2015-09-10T22:45:00+00:00,-518972,3267.888
46407,2015-09-10T23:00:00+00:00,-518072,3267.836
46407,2015-09-10T23:15:00+00:00,-517172,3267.787
46407,2015-09-10T23:30:00+00:00,-516272,3267.747
46407,2015-09-10T23:45:00+00:00,-515372,3267.717
46407,2015-09-11T00:00:00+00:00,-514472,3267.697
46407,2015-09-11T00:15:00+00:00,-513572,3267.686
46407,2015-09-11T00:30:00+00:00,-512672,3267.687
46407,2015-09-11T00:45:00+00:00,-511772,3267.695
46407,2015-09-11T01:00:00+00:00,-510872,3267.711
46407,2015-09-11T01:15:00+00:00,-509972,3267.738
46407,2015-09-11T01:30:00+00:00,-509072,3267.776
46407,2015-09-11T01:45:00+00:00,-508172,3267.824
46407,2015-09-11T02:00:00+00:00,-507272,3267.875
46407,2015-09-11T02:15:00+00:00,-506372,3267.940
46407,2015-09-11T02:30:00+00:00,-505472,3268.009
46407,2015-09-11T02:45:00+00:00,-504572,3268.085
46407,2015-09-11T03:00:00+00:00,-503672,3268.165
46407,2015-09-11T03:15:00+00:00,-502772,3268.244
46407,2015-09-11T03:30:00+00:00,-501872,3268.325
46407,2015-09-11T03:45:00+00:00,-500972,3268.406
46407,2015-09-11T04:00:00+00:00,-500072,3268.487
46407,2015-09-11T04:15:00+00:00,-499172,3268.561
46407,2015-09-11T04:30:00+00:00,-498272,3268.636
46407,2015-09-11T04:45:00+00:00,-497372,3268.699
46407,2015-09-11T05:00:00+00:00,-496472,3268.761
46407,2015-09-11T05:15:00+00:00,-495572,3268.810
46407,2015-09-11T05:30:00+00:00,-494672,3268.850
46407,2015-09-11T05:45:00+00:00,-493772,3268.883
46407,2015-09-11T06:00:00+00:00,-492872,3268.908
46407,2015-09-11T06:15:00+00:00,-491972,3268.916
46407,2015-09-11T06:30:00+00:00,-491072,3268.914
46407,2015-09-11T06:45:00+00:00,-490172,3268.903
46407,2015-09-11T07:00:00+00:00,-489272,3268.878
46407,2015-09-11T07:15:00+00:00,-488372,3268.839
46407,2015-09-11T07:30:00+00:00,-487472,3268.792
46407,2015-09-11T07:45:00+00:00,-486572,3268.733
46407,2015-09-11T08:00:00+00:00,-485672,3268.664
46407,2015-09-11T08:15:00+00:00,-484772,3268.583
46407,2015-09-11T08:30:00+00:00,-483872,3268.498
46407,2015-09-11T08:45:00+00:00,-482972,3268.405
46407,2015-09-11T09:00:00+00:00,-482072,3268.308
46407,2015-09-11T09:15:00+00:00,-481172,3268.201
46407,2015-09-11T09:30:00+00:00,-480272,3268.100
46407,2015-09-11T09:45:00+00:00,-479372,3267.990
46407,2015-09-11T10:00:00+00:00,-478472,3267.888
46407,2015-09-11T10:15:00+00:00,-477572,3267.783
46407,2015-09-11T10:30:00+00:00,-476672,3267.683
46407,2015-09-11T10:45:00+00:00,-475772,3267.585
46407,2015-09-11T11:00:00+00:00,-474872,3267.498
46407,2015-09-11T11:15:00+00:00,-473972,3267.413
46407,2015-09-11T11:30:00+00:00,-473072,3267.343
46407,2015-09-11T11:45:00+00:00,-472172,3267.279
46407,2015-09-11T12:00:00+00:00,-471272,3267.222
46407,2015-09-11T12:15:00+00:00,-470372,3267.180
46407,2015-09-11T12:30:00+00:00,-469472,3267.147
46407,2015-09-11T12:45:00+00:00,-468572,3267.131
46407,2015-09-11T13:00:00+00:00,-467672,3267.125
46407,2015-09-11T13:15:00+00:00,-466772,3267.132
46407,2015-09-11T13:30:00+00:00,-465872,3267.151
46407,2015-09-11T13:45:00+00:00,-464972,3267.187
46407,2015-09-11T14:00:00+00:00,-464072,3267.230
46407,2015-09-11T14:15:00+00:00,-463172,3267.287
46407,2015-09-11T14:30:00+00:00,-462272,3267.354
46407,2015-09-11T14:45:00+00:00,-461372,3267.427
46407,2015-09-11T15:00:00+00:00,-460472,3267.513
46407,2015-09-11T15:15:00+00:00,-459572,3267.604
46407,2015-09-11T15:30:00+00:00,-458672,3267.701
46407,2015-09-11T15:45:00+00:00,-457772,3267.801
46407,2015-09-11T16:00:00+00:00,-456872,3267.904
46407,2015-09-11T16:15:00+00:00,-455972,3268.007
46407,2015-09-11T16:30:00+00:00,-455072,3268.106
46407,2015-09-11T16:45:00+00:00,-454172,3268.209
46407,2015-09-11T17:00:00+00:00,-453272,3268.302
46407,2015-09-11T17:15:00+00:00,-452372,3268.391
46407,2015-09-11T17:30:00+00:00,-451472,3268.474
46407,2015-09-11T17:45:00+00:00,-450572,3268.548
46407,2015-09-11T18:00:00+00:00,-449672,3268.615
46407,2015-09-11T18:15:00+00:00,-448772,3268.668
46407,2015-09-11T18:30:00+00:00,-447872,3268.709
46407,2015-09-11T18:45:00+00:00,-446972,3268.741
46407,2015-09-11T19:00:00+00:00,-446072,3268.765
46407,2015-09-11T19:15:00+00:00,-445172,3268.772
46407,2015-09-11T19:30:00+00:00,-444272,3268.773
46407,2015-09-11T19:45:00+00:00,-443372,3268.760
46407,2015-09-11T20:00:00+00:00,-442472,3268.734
46407,2015-09-11T20:15:00+00:00,-441572,3268.700
46407,2015-09-11T20:30:00+00:00,-440672,3268.655
46407,2015-09-11T20:45:00+00:00,-439772,3268.603
46407,2015-09-11T21:00:00+00:00,-438872,3268.540
46407,2015-09-11T21:15:00+00:00,-437972,3268.470
46407,2015-09-11T21:30:00+00:00,-437072,3268.394
46407,2015-09-11T21:45:00+00:00,-436172,3268.319
46407,2015-09-11T22:00:00+00:00,-435272,3268.238
46407,2015-09-11T22:15:00+00:00,-434372,3268.157
46407,2015-09-11T22:30:00+00:00,-433472,3268.077
46407,2015-09-11T22:45:00+00:00,-432572,3267.997
46407,2015-09-11T23:00:00+00:00,-431672,3267.922
46407,2015-09-11T23:15:00+00:00,-430772,3267.853
46407,2015-09-11T23:30:00+00:00,-429872,3267.787
46407,2015-09-11T23:45:00+00:00,-428972,3267.734
46407,2015-09-12T00:00:00+00:00,-428072,3267.681
46407,2015-09-12T00:15:00+00:00,-427172,3267.641
46407,2015-09-12T00:30:00+00:00,-426272,3267.609
46407,2015-09-12T00:45:00+00:00,-425372,3267.589
46407,2015-09-12T01:00:00+00:00,-424472,3267.577
46407,2015-09-12T01:15:00+00:00,-423572,3267.581
46407,2015-09-12T01:30:00+00:00,-422672,3267.594
46407,2015-09-12T01:45:00+00:00,-421772,3267.621
46407,2015-09-12T02:00:00+00:00,-420872,3267.653
46407,2015-09-12T02:15:00+00:00,-419972,3267.699
46407,2015-09-12T02:30:00+00:00,-419072,3267.754
46407,2015-09-12T02:45:00+00:00,-418172,3267.813
46407,2015-09-12T03:00:00+00:00,-417272,3267.886
46407,2015-09-12T03:15:00+00:00,-416372,3267.961
46407,2015-09-12T03:30:00+00:00,-415472,3268.042
46407,2015-09-12T03:45:00+00:00,-414572,3268.132
46407,2015-09-12T04:00:00+00:00,-413672,3268.215
46407,2015-09-12T04:15:00+00:00,-412772,3268.302
46407,2015-09-12T04:30:00+00:00,-411872,3268.395
46407,2015-09-12T04:45:00+00:00,-410972,3268.477
46407,2015-09-12T05:00:00+00:00,-410072,3268.559
46407,2015-09-12T05:15:00+00:00,-409172,3268.637
46407,2015-09-12T05:30:00+00:00,-408272,3268.707
46407,2015-09-12T05:45:00+00:00,-407372,3268.771
46407,2015-09-12T06:00:00+00:00,-406472,3268.826
46407,2015-09-12T06:15:00+00:00,-405572,3268.869
46407,2015-09-12T06:30:00+00:00,-404672,3268.903
46407,2015-09-12T06:45:00+00:00,-403772,3268.925
46407,2015-09-12T07:00:00+00:00,-402872,3268.935
46407,2015-09-12T07:15:00+00:00,-401972,3268.931
46407,2015-09-12T07:30:00+00:00,-401072,3268.915
46407,2015-09-12T07:45:00+00:00,-400172,3268.885
46407,2015-09-12T08:00:00+00:00,-399272,3268.844
46407,2015-09-12T08:15:00+00:00,-398372,3268.792
46407,2015-09-12T08:30:00+00:00,-397472,3268.729
46407,2015-09-12T08:45:00+00:00,-396572,3268.658
46407,2015-09-12T09:00:00+00:00,-395672,3268.577
46407,2015-09-12T09:15:00+00:00,-394772,3268.486
46407,2015-09-12T09:30:00+00:00,-393872,3268.386
46407,2015-09-12T09:45:00+00:00,-392972,3268.286
46407,2015-09-12T10:00:00+00:00,-392072,3268.181
46407,2015-09-12T10:15:00+00:00,-391172,3268.076
46407,2015-09-12T10:30:00+00:00,-390272,3267.968
46407,2015-09-12T10:45:00+00:00,-389372,3267.861
46407,2015-09-12T11:00:00+00:00,-388472,3267.759
46407,2015-09-12T11:15:00+00:00,-387572,3267.657
46407,2015-09-12T11:30:00+00:00,-386672,3267.565
46407,2015-09-12T11:45:00+00:00,-385772,3267.478
46407,2015-09-12T12:00:00+00:00,-384872,3267.397
46407,2015-09-12T12:15:00+00:00,-383972,3267.329
46407,2015-09-12T12:30:00+00:00,-383072,3267.268
46407,2015-09-12T12:45:00+00:00,-382172,3267.224
46407,2015-09-12T13:00:00+00:00,-381272,3267.191
46407,2015-09-12T13:15:00+00:00,-380372,3267.170
46407,2015-09-12T13:30:00+00:00,-379472,3267.160
46407,2015-09-12T13:45:00+00:00,-378572,3267.167
46407,2015-09-12T14:00:00+00:00,-377672,3267.183
46407,2015-09-12T14:15:00+00:00,-376772,3267.214
46407,2015-09-12T14:30:00+00:00,-375872,3267.258
46407,2015-09-12T14:45:00+00:00,-374972,3267.312
46407,2015-09-12T15:00:00+00:00,-374072,3267.379
46407,2015-09-12T15:15:00+00:00,-373172,3267.455
46407,2015-09-12T15:30:00+00:00,-372272,3267.540
46407,2015-09-12T15:45:00+00:00,-371372,3267.631
46407,2015-09-12T16:00:00+00:00,-370472,3267.730
46407,2015-09-12T16:15:00+00:00,-369572,3267.832
46407,2015-09-12T16:30:00+00:00,-368672,3267.936
46407,2015-09-12T16:45:00+00:00,-367772,3268.042
46407,2015-09-12T17:00:00+00:00,-366872,3268.145
46407,2015-09-12T17:15:00+00:00,-365972,3268.247
46407,2015-09-12T17:30:00+00:00,-365072,3268.342
46407,2015-09-12T17:45:00+00:00,-364172,3268.431
46407,2015-09-12T18:00:00+00:00,-363272,3268.513
46407,2015-09-12T18:15:00+00:00,-362372,3268.589
46407,2015-09-12T18:30:00+00:00,-361472,3268.654
46407,2015-09-12T18:45:00+00:00,-360572,3268.711
46407,2015-09-12T19:00:00+00:00,-359672,3268.755
46407,2015-09-12T19:15:00+00:00,-358772,3268.789
46407,2015-09-12T19:30:00+00:00,-357872,3268.811
46407,2015-09-12T19:45:00+00:00,-356972,3268.818
46407,2015-09-12T20:00:00+00:00,-356072,3268.815
46407,2015-09-12T20:15:00+00:00,-355172,3268.800
46407,2015-09-12T20:30:00+00:00,-354272,3268.772
46407,2015-09-12T20:45:00+00:00,-353372,3268.737
46407,2015-09-12T21:00:00+00:00,-352472,3268.688
46407,2015-09-12T21:15:00+00:00,-351572,3268.627
46407,2015-09-12T21:30:00+00:00,-350672,3268.563
46407,2015-09-12T21:45:00+00:00,-349772,3268.488
46407,2015-09-12T22:00:00+00:00,-348872,3268.411
46407,2015-09-12T22:15:00+00:00,-347972,3268.329
46407,2015-09-12T22:30:00+00:00,-347072,3268.241
46407,2015-09-12T22:45:00+00:00,-346172,3268.154
46407,2015-09-12T23:00:00+00:00,-345272,3268.067
46407,2015-09-12T23:15:00+00:00,-344372,3267.980
46407,2015-09-12T23:30:00+00:00,-343472,3267.900
46407,2015-09-12T23:45:00+00:00,-342572,3267.823
46407,2015-09-13T00:00:00+00:00,-341672,3267.754
46407,2015-09-13T00:15:00+00:00,-340772,3267.690
46407,2015-09-13T00:30:00+00:00,-339872,3267.630
46407,2015-09-13T00:45:00+00:00,-338972,3267.583
46407,2015-09-13T01:00:00+00:00,-338072,3267.547
46407,2015-09-13T01:15:00+00:00,-337172,3267.520
46407,2015-09-13T01:30:00+00:00,-336272,3267.504
46407,2015-09-13T01:45:00+00:00,-335372,3267.500
46407,2015-09-13T02:00:00+00:00,-334472,3267.507
46407,2015-09-13T02:15:00+00:00,-333572,3267.527
46407,2015-09-13T02:30:00+00:00,-332672,3267.557
46407,2015-09-13T02:45:00+00:00,-331772,3267.597
46407,2015-09-13T03:00:00+00:00,-330872,3267.651
46407,2015-09-13T03:15:00+00:00,-329972,3267.713
46407,2015-09-13T03:30:00+00:00,-329072,3267.783
46407,2015-09-13T03:45:00+00:00,-328172,3267.861
46407,2015-09-13T04:00:00+00:00,-327272,3267.945
46407,2015-09-13T04:15:00+00:00,-326372,3268.032
46407,2015-09-13T04:30:00+00:00,-325472,3268.123
46407,2015-09-13T04:45:00+00:00,-324572,3268.216
46407,2015-09-13T05:00:00+00:00,-323672,3268.307
46407,2015-09-13T05:15:00+00:00,-322772,3268.398
46407,2015-09-13T05:30:00+00:00,-321872,3268.487
46407,2015-09-13T05:45:00+00:00,-320972,3268.569
46407,2015-09-13T06:00:00+00:00,-320072,3268.648
46407,2015-09-13T06:15:00+00:00,-319172,3268.715
46407,2015-09-13T06:30:00+00:00,-318272,3268.777
46407,2015-09-13T06:45:00+00:00,-317372,3268.829
46407,2015-09-13T07:00:00+00:00,-316472,3268.869
46407,2015-09-13T07:15:00+00:00,-315572,3268.897
46407,2015-09-13T07:30:00+00:00,-314672,3268.916
46407,2015-09-13T07:45:00+00:00,-313772,3268.922
46407,2015-09-13T08:00:00+00:00,-312872,3268.915
46407,2015-09-13T08:15:00+00:00,-311972,3268.894
46407,2015-09-13T08:30:00+00:00,-311072,3268.862
46407,2015-09-13T08:45:00+00:00,-310172,3268.818
46407,2015-09-13T09:00:00+00:00,-309272,3268.761
46407,2015-09-13T09:15:00+00:00,-308372,3268.695
46407,2015-09-13T09:30:00+00:00,-307472,3268.617
46407,2015-09-13T09:45:00+00:00,-306572,3268.531
46407,2015-09-13T10:00:00+00:00,-305672,3268.438
46407,2015-09-13T10:15:00+00:00,-304772,3268.340
46407,2015-09-13T10:30:00+00:00,-303872,3268.239
46407,2015-09-13T10:45:00+00:00,-302972,3268.133
46407,2015-09-13T11:00:00+00:00,-302072,3268.029
46407,2015-09-13T11:15:00+00:00,-301172,3267.923
46407,2015-09-13T11:30:00+00:00,-300272,3267.820
46407,2015-09-13T11:45:00+00:00,-299372,3267.718
46407,2015-09-13T12:00:00+00:00,-298472,3267.623
46407,2015-09-13T12:15:00+00:00,-297572,3267.538
46407,2015-09-13T12:30:00+00:00,-296672,3267.458
46407,2015-09-13T12:45:00+00:00,-295772,3267.389
46407,2015-09-13T13:00:00+00:00,-294872,3267.330
46407,2015-09-13T13:15:00+00:00,-293972,3267.281
46407,2015-09-13T13:30:00+00:00,-293072,3267.244
46407,2015-09-13T13:45:00+00:00,-292172,3267.221
46407,2015-09-13T14:00:00+00:00,-291272,3267.211
46407,2015-09-13T14:15:00+00:00,-290372,3267.217
46407,2015-09-13T14:30:00+00:00,-289472,3267.232
46407,2015-09-13T14:45:00+00:00,-288572,3267.259
46407,2015-09-13T15:00:00+00:00,-287672,3267.302
46407,2015-09-13T15:15:00+00:00,-286772,3267.361
46407,2015-09-13T15:30:00+00:00,-285872,3267.422
46407,2015-09-13T15:45:00+00:00,-284972,3267.499
46407,2015-09-13T16:00:00+00:00,-284072,3267.585
46407,2015-09-13T16:15:00+00:00,-283172,3267.674
46407,2015-09-13T16:30:00+00:00,-282272,3267.775
46407,2015-09-13T16:45:00+00:00,-281372,3267.873
46407,2015-09-13T17:00:00+00:00,-280472,3267.977
46407,2015-09-13T17:15:00+00:00,-279572,3268.077
46407,2015-09-13T17:30:00+00:00,-278672,3268.182
46407,2015-09-13T17:45:00+00:00,-277772,3268.284
46407,2015-09-13T18:00:00+00:00,-276872,3268.380
46407,2015-09-13T18:15:00+00:00,-275972,3268.472
46407,2015-09-13T18:30:00+00:00,-275072,3268.556
46407,2015-09-13T18:45:00+00:00,-274172,3268.635
46407,2015-09-13T19:00:00+00:00,-273272,3268.704
46407,2015-09-13T19:15:00+00:00,-272372,3268.760
46407,2015-09-13T19:30:00+00:00,-271472,3268.805
46407,2015-09-13T19:45:00+00:00,-270572,3268.839
46407,2015-09-13T20:00:00+00:00,-269672,3268.862
46407,2015-09-13T20:15:00+00:00,-268772,3268.872
46407,2015-09-13T20:30:00+00:00,-267872,3268.864
46407,2015-09-13T20:45:00+00:00,-266972,3268.848
46407,2015-09-13T21:00:00+00:00,-266072,3268.823
46407,2015-09-13T21:15:00+00:00,-265172,3268.780
46407,2015-09-13T21:30:00+00:00,-264272,3268.728
46407,2015-09-13T21:45:00+00:00,-263372,3268.666
46407,2015-09-13T22:00:00+00:00,-262472,3268.596
46407,2015-09-13T22:15:00+00:00,-261572,3268.517
46407,2015-09-13T22:30:00+00:00,-260672,3268.434
46407,2015-09-13T22:45:00+00:00,-259772,3268.347
46407,2015-09-13T23:00:00+00:00,-258872,3268.256
46407,2015-09-13T23:15:00+00:00,-257972,3268.160
46407,2015-09-13T23:30:00+00:00,-257072,3268.067
46407,2015-09-13T23:45:00+00:00,-256172,3267.974
46407,2015-09-14T00:00:00+00:00,-255272,3267.884
46407,2015-09-14T00:15:00+00:00,-254372,3267.800
46407,2015-09-14T00:30:00+00:00,-253472,3267.715
46407,2015-09-14T00:45:00+00:00,-252572,3267.643
46407,2015-09-14T01:00:00+00:00,-251672,3267.577
46407,2015-09-14T01:15:00+00:00,-250772,3267.521
46407,2015-09-14T01:30:00+00:00,-249872,3267.482
46407,2015-09-14T01:45:00+00:00,-248972,3267.446
46407,2015-09-14T02:00:00+00:00,-248072,3267.427
46407,2015-09-14T02:15:00+00:00,-247172,3267.417
46407,2015-09-14T02:30:00+00:00,-246272,3267.425
46407,2015-09-14T02:45:00+00:00,-245372,3267.438
46407,2015-09-14T03:00:00+00:00,-244472,3267.465
46407,2015-09-14T03:15:00+00:00,-243572,3267.504
46407,2015-09-14T03:30:00+00:00,-242672,3267.553
46407,2015-09-14T03:45:00+00:00,-241772,3267.612
46407,2015-09-14T04:00:00+00:00,-240872,3267.682
46407,2015-09-14T04:15:00+00:00,-239972,3267.758
46407,2015-09-14T04:30:00+00:00,-239072,3267.839
46407,2015-09-14T04:45:00+00:00,-238172,3267.928
46407,2015-09-14T05:00:00+00:00,-237272,3268.021
46407,2015-09-14T05:15:00+00:00,-236372,3268.113
46407,2015-09-14T05:30:00+00:00,-235472,3268.208
46407,2015-09-14T05:45:00+00:00,-234572,3268.303
46407,2015-09-14T06:00:00+00:00,-233672,3268.399
46407,2015-09-14T06:15:00+00:00,-232772,3268.487
46407,2015-09-14T06:30:00+00:00,-231872,3268.568
46407,2015-09-14T06:45:00+00:00,-230972,3268.642
46407,2015-09-14T07:00:00+00:00,-230072,3268.709
46407,2015-09-14T07:15:00+00:00,-229172,3268.765
46407,2015-09-14T07:30:00+00:00,-228272,3268.812
46407,2015-09-14T07:45:00+00:00,-227372,3268.844
46407,2015-09-14T08:00:00+00:00,-226472,3268.866
46407,2015-09-14T08:15:00+00:00,-225572,3268.877
46407,2015-09-14T08:30:00+00:00,-224672,3268.874
46407,2015-09-14T08:45:00+00:00,-223772,3268.857
46407,2015-09-14T09:00:00+00:00,-222872,3268.833
46407,2015-09-14T09:15:00+00:00,-221972,3268.795
46407,2015-09-14T09:30:00+00:00,-221072,3268.743
46407,2015-09-14T09:45:00+00:00,-220172,3268.681
46407,2015-09-14T10:00:00+00:00,-219272,3268.612
46407,2015-09-14T10:15:00+00:00,-218372,3268.531
46407,2015-09-14T10:30:00+00:00,-217472,3268.447
46407,2015-09-14T10:45:00+00:00,-216572,3268.357
46407,2015-09-14T11:00:00+00:00,-215672,3268.262
46407,2015-09-14T11:15:00+00:00,-214772,3268.163
46407,2015-09-14T11:30:00+00:00,-213872,3268.061
46407,2015-09-14T11:45:00+00:00,-212972,3267.962
46407,2015-09-14T12:00:00+00:00,-212072,3267.864
46407,2015-09-14T12:15:00+00:00,-211172,3267.767
46407,2015-09-14T12:30:00+00:00,-210272,3267.678
46407,2015-09-14T12:45:00+00:00,-209372,3267.593
46407,2015-09-14T13:00:00+00:00,-208472,3267.516
46407,2015-09-14T13:15:00+00:00,-207572,3267.449
46407,2015-09-14T13:30:00+00:00,-206672,3267.392
46407,2015-09-14T13:45:00+00:00,-205772,3267.343
46407,2015-09-14T14:00:00+00:00,-204872,3267.307
46407,2015-09-14T14:15:00+00:00,-203972,3267.287
46407,2015-09-14T14:30:00+00:00,-203072,3267.278
46407,2015-09-14T14:45:00+00:00,-202172,3267.279
46407,2015-09-14T15:00:00+00:00,-201272,3267.296
46407,2015-09-14T15:15:00+00:00,-200372,3267.329
46407,2015-09-14T15:30:00+00:00,-199472,3267.372
46407,2015-09-14T15:45:00+00:00,-198572,3267.423
46407,2015-09-14T16:00:00+00:00,-197672,3267.490
46407,2015-09-14T16:15:00+00:00,-196772,3267.563
46407,2015-09-14T16:30:00+00:00,-195872,3267.647
46407,2015-09-14T16:45:00+00:00,-194972,3267.736
46407,2015-09-14T17:00:00+00:00,-194072,3267.830
46407,2015-09-14T17:15:00+00:00,-193172,3267.931
46407,2015-09-14T17:30:00+00:00,-192272,3268.032
46407,2015-09-14T17:45:00+00:00,-191372,3268.132
46407,2015-09-14T18:00:00+00:00,-190472,3268.233
46407,2015-09-14T18:15:00+00:00,-189572,3268.332
46407,2015-09-14T18:30:00+00:00,-188672,3268.428
46407,2015-09-14T18:45:00+00:00,-187772,3268.515
46407,2015-09-14T19:00:00+00:00,-186872,3268.598
46407,2015-09-14T19:15:00+00:00,-185972,3268.675
46407,2015-09-14T19:30:00+00:00,-185072,3268.743
46407,2015-09-14T19:45:00+00:00,-184172,3268.795
46407,2015-09-14T20:00:00+00:00,-183272,3268.841
46407,2015-09-14T20:15:00+00:00,-182372,3268.872
46407,2015-09-14T20:30:00+00:00,-181472,3268.892
46407,2015-09-14T20:45:00+00:00,-180572,3268.898
46407,2015-09-14T21:00:00+00:00,-179672,3268.893
46407,2015-09-14T21:15:00+00:00,-178772,3268.872
46407,2015-09-14T21:30:00+00:00,-177872,3268.840
46407,2015-09-14T21:45:00+00:00,-176972,3268.797
46407,2015-09-14T22:00:00+00:00,-176072,3268.745
46407,2015-09-14T22:15:00+00:00,-175172,3268.683
46407,2015-09-14T22:30:00+00:00,-174272,3268.608
46407,2015-09-14T22:45:00+00:00,-173372,3268.526
46407,2015-09-14T23:00:00+00:00,-172472,3268.437
46407,2015-09-14T23:15:00+00:00,-171572,3268.344
46407,2015-09-14T23:30:00+00:00,-170672,3268.247
46407,2015-09-14T23:45:00+00:00,-169772,3268.149
46407,2015-09-15T00:00:00+00:00,-168872,3268.052
46407,2015-09-15T00:15:00+00:00,-167972,3267.958
46407,2015-09-15T00:30:00+00:00,-167072,3267.866
46407,2015-09-15T00:45:00+00:00,-166172,3267.775
46407,2015-09-15T01:00:00+00:00,-165272,3267.689
46407,2015-09-15T01:15:00+00:00,-164372,3267.609
46407,2015-09-15T01:30:00+00:00,-163472,3267.542
46407,2015-09-15T01:45:00+00:00,-162572,3267.481
46407,2015-09-15T02:00:00+00:00,-161672,3267.434
46407,2015-09-15T02:15:00+00:00,-160772,3267.398
46407,2015-09-15T02:30:00+00:00,-159872,3267.371
46407,2015-09-15T02:45:00+00:00,-158972,3267.357
46407,2015-09-15T03:00:00+00:00,-158072,3267.354
46407,2015-09-15T03:15:00+00:00,-157172,3267.368
46407,2015-09-15T03:30:00+00:00,-156272,3267.389
46407,2015-09-15T03:45:00+00:00,-155372,3267.426
46407,2015-09-15T04:00:00+00:00,-154472,3267.473
46407,2015-09-15T04:15:00+00:00,-153572,3267.529
46407,2015-09-15T04:30:00+00:00,-152672,3267.595
46407,2015-09-15T04:45:00+00:00,-151772,3267.670
46407,2015-09-15T05:00:00+00:00,-150872,3267.753
46407,2015-09-15T05:15:00+00:00,-149972,3267.842
46407,2015-09-15T05:30:00+00:00,-149072,3267.933
46407,2015-09-15T05:45:00+00:00,-148172,3268.026
46407,2015-09-15T06:00:00+00:00,-147272,3268.121
46407,2015-09-15T06:15:00+00:00,-146372,3268.217
46407,2015-09-15T06:30:00+00:00,-145472,3268.308
46407,2015-09-15T06:45:00+00:00,-144572,3268.397
46407,2015-09-15T07:00:00+00:00,-143672,3268.480
46407,2015-09-15T07:15:00+00:00,-142772,3268.556
46407,2015-09-15T07:30:00+00:00,-141872,3268.623
46407,2015-09-15T07:45:00+00:00,-140972,3268.682
46407,2015-09-15T08:00:00+00:00,-140072,3268.729
46407,2015-09-15T08:15:00+00:00,-139172,3268.766
46407,2015-09-15T08:30:00+00:00,-138272,3268.792
46407,2015-09-15T08:45:00+00:00,-137372,3268.809
46407,2015-09-15T09:00:00+00:00,-136472,3268.811
46407,2015-09-15T09:15:00+00:00,-135572,3268.805
46407,2015-09-15T09:30:00+00:00,-134672,3268.787
46407,2015-09-15T09:45:00+00:00,-133772,3268.754
46407,2015-09-15T10:00:00+00:00,-132872,3268.715
46407,2015-09-15T10:15:00+00:00,-131972,3268.661
46407,2015-09-15T10:30:00+00:00,-131072,3268.601
46407,2015-09-15T10:45:00+00:00,-130172,3268.529
46407,2015-09-15T11:00:00+00:00,-129272,3268.449
46407,2015-09-15T11:15:00+00:00,-128372,3268.364
46407,2015-09-15T11:30:00+00:00,-127472,3268.275
46407,2015-09-15T11:45:00+00:00,-126572,3268.184
46407,2015-09-15T12:00:00+00:00,-125672,3268.088
46407,2015-09-15T12:15:00+00:00,-124772,3267.996
46407,2015-09-15T12:30:00+00:00,-123872,3267.904
46407,2015-09-15T12:45:00+00:00,-122972,3267.815
46407,2015-09-15T13:00:00+00:00,-122072,3267.731
46407,2015-09-15T13:15:00+00:00,-121172,3267.654
46407,2015-09-15T13:30:00+00:00,-120272,3267.582
46407,2015-09-15T13:45:00+00:00,-119372,3267.522
46407,2015-09-15T14:00:00+00:00,-118472,3267.465
46407,2015-09-15T14:15:00+00:00,-117572,3267.422
46407,2015-09-15T14:30:00+00:00,-116672,3267.390
46407,2015-09-15T14:45:00+00:00,-115772,3267.371
46407,2015-09-15T15:00:00+00:00,-114872,3267.361
46407,2015-09-15T15:15:00+00:00,-113972,3267.364
46407,2015-09-15T15:30:00+00:00,-113072,3267.379
46407,2015-09-15T15:45:00+00:00,-112172,3267.408
46407,2015-09-15T16:00:00+00:00,-111272,3267.450
46407,2015-09-15T16:15:00+00:00,-110372,3267.501
46407,2015-09-15T16:30:00+00:00,-109472,3267.560
46407,2015-09-15T16:45:00+00:00,-108572,3267.632
46407,2015-09-15T17:00:00+00:00,-107672,3267.710
46407,2015-09-15T17:15:00+00:00,-106772,3267.797
46407,2015-09-15T17:30:00+00:00,-105872,3267.889
46407,2015-09-15T17:45:00+00:00,-104972,3267.984
46407,2015-09-15T18:00:00+00:00,-104072,3268.082
46407,2015-09-15T18:15:00+00:00,-103172,3268.179
46407,2015-09-15T18:30:00+00:00,-102272,3268.277
46407,2015-09-15T18:45:00+00:00,-101372,3268.371
46407,2015-09-15T19:00:00+00:00,-100472,3268.463
46407,2015-09-15T19:15:00+00:00,-99572,3268.547
46407,2015-09-15T19:30:00+00:00,-98672,3268.628
46407,2015-09-15T19:45:00+00:00,-97772,3268.698
46407,2015-09-15T20:00:00+00:00,-96872,3268.759
46407,2015-09-15T20:15:00+00:00,-95972,3268.813
46407,2015-09-15T20:30:00+00:00,-95072,3268.854
46407,2015-09-15T20:45:00+00:00,-94172,3268.883
46407,2015-09-15T21:00:00+00:00,-93272,3268.898
46407,2015-09-15T21:15:00+00:00,-92372,3268.901
46407,2015-09-15T21:30:00+00:00,-91472,3268.888
46407,2015-09-15T21:45:00+00:00,-90572,3268.869
46407,2015-09-15T22:00:00+00:00,-89672,3268.837
46407,2015-09-15T22:15:00+00:00,-88772,3268.793
46407,2015-09-15T22:30:00+00:00,-87872,3268.735
46407,2015-09-15T22:45:00+00:00,-86972,3268.667
46407,2015-09-15T23:00:00+00:00,-86072,3268.589
46407,2015-09-15T23:15:00+00:00,-85172,3268.508
46407,2015-09-15T23:30:00+00:00,-84272,3268.419
46407,2015-09-15T23:45:00+00:00,-83372,3268.321
46407,2015-09-16T00:00:00+00:00,-82472,3268.222
46407,2015-09-16T00:15:00+00:00,-81572,3268.127
46407,2015-09-16T00:30:00+00:00,-80672,3268.026
46407,2015-09-16T00:45:00+00:00,-79772,3267.925
46407,2015-09-16T01:00:00+00:00,-78872,3267.830
46407,2015-09-16T01:15:00+00:00,-77972,3267.734
46407,2015-09-16T01:30:00+00:00,-77072,3267.648
46407,2015-09-16T01:45:00+00:00,-76172,3267.568
46407,2015-09-16T02:00:00+00:00,-75272,3267.500
46407,2015-09-16T02:15:00+00:00,-74372,3267.437
46407,2015-09-16T02:30:00+00:00,-73472,3267.384
46407,2015-09-16T02:45:00+00:00,-72572,3267.345
46407,2015-09-16T03:00:00+00:00,-71672,3267.318
46407,2015-09-16T03:15:00+00:00,-70772,3267.302
46407,2015-09-16T03:30:00+00:00,-69872,3267.297
46407,2015-09-16T03:45:00+00:00,-68972,3267.304
46407,2015-09-16T04:00:00+00:00,-68072,3267.326
46407,2015-09-16T04:15:00+00:00,-67172,3267.360
46407,2015-09-16T04:30:00+00:00,-66272,3267.402
46407,2015-09-16T04:45:00+00:00,-65372,3267.454
46407,2015-09-16T05:00:00+00:00,-64472,3267.514
46407,2015-09-16T05:15:00+00:00,-63572,3267.582
46407,2015-09-16T05:30:00+00:00,-62672,3267.656
46407,2015-09-16T05:45:00+00:00,-61772,3267.738
46407,2015-09-16T06:00:00+00:00,-60872,3267.828
46407,2015-09-16T06:15:00+00:00,-59972,3267.918
46407,2015-09-16T06:30:00+00:00,-59072,3268.009
46407,2015-09-16T06:45:00+00:00,-58172,3268.099
46407,2015-09-16T07:00:00+00:00,-57272,3268.190
46407,2015-09-16T07:15:00+00:00,-56372,3268.278
46407,2015-09-16T07:30:00+00:00,-55472,3268.360
46407,2015-09-16T07:45:00+00:00,-54572,3268.437
46407,2015-09-16T08:00:00+00:00,-53672,3268.503
46407,2015-09-16T08:15:00+00:00,-52772,3268.564
46407,2015-09-16T08:30:00+00:00,-51872,3268.615
46407,2015-09-16T08:45:00+00:00,-50972,3268.656
46407,2015-09-16T09:00:00+00:00,-50072,3268.688
46407,2015-09-16T09:15:00+00:00,-49172,3268.708
46407,2015-09-16T09:30:00+00:00,-48272,3268.722
46407,2015-09-16T09:45:00+00:00,-47372,3268.718
46407,2015-09-16T10:00:00+00:00,-46472,3268.708
46407,2015-09-16T10:15:00+00:00,-45572,3268.684
46407,2015-09-16T10:30:00+00:00,-44672,3268.652
46407,2015-09-16T10:45:00+00:00,-43772,3268.610
46407,2015-09-16T11:00:00+00:00,-42872,3268.556
46407,2015-09-16T11:15:00+00:00,-41972,3268.497
46407,2015-09-16T11:30:00+00:00,-41072,3268.429
46407,2015-09-16T11:45:00+00:00,-40172,3268.353
46407,2015-09-16T12:00:00+00:00,-39272,3268.274
46407,2015-09-16T12:15:00+00:00,-38372,3268.193
46407,2015-09-16T12:30:00+00:00,-37472,3268.109
46407,2015-09-16T12:45:00+00:00,-36572,3268.025
46407,2015-09-16T13:00:00+00:00,-35672,3267.944
46407,2015-09-16T13:15:00+00:00,-34772,3267.865
46407,2015-09-16T13:30:00+00:00,-33872,3267.789
46407,2015-09-16T13:45:00+00:00,-32972,3267.717
46407,2015-09-16T14:00:00+00:00,-32072,3267.652
46407,2015-09-16T14:15:00+00:00,-31172,3267.593
46407,2015-09-16T14:30:00+00:00,-30272,3267.544
46407,2015-09-16T14:45:00+00:00,-29372,3267.503
46407,2015-09-16T15:00:00+00:00,-28472,3267.474
46407,2015-09-16T15:15:00+00:00,-27572,3267.456
46407,2015-09-16T15:30:00+00:00,-26672,3267.448
46407,2015-09-16T15:45:00+00:00,-25772,3267.453
46407,2015-09-16T16:00:00+00:00,-24872,3267.469
46407,2015-09-16T16:15:00+00:00,-23972,3267.496
46407,2015-09-16T16:30:00+00:00,-23072,3267.535
46407,2015-09-16T16:45:00+00:00,-22172,3267.585
46407,2015-09-16T17:00:00+00:00,-21272,3267.645
46407,2015-09-16T17:15:00+00:00,-20372,3267.715
46407,2015-09-16T17:30:00+00:00,-19472,3267.788
46407,2015-09-16T17:45:00+00:00,-18572,3267.870
46407,2015-09-16T18:00:00+00:00,-17672,3267.959
46407,2015-09-16T18:15:00+00:00,-16772,3268.049
46407,2015-09-16T18:30:00+00:00,-15872,3268.144
46407,2015-09-16T18:45:00+00:00,-14972,3268.237
46407,2015-09-16T19:00:00+00:00,-14072,3268.329
46407,2015-09-16T19:15:00+00:00,-13172,3268.417
46407,2015-09-16T19:30:00+00:00,-12272,3268.503
46407,2015-09-16T19:45:00+00:00,-11372,3268.584
46407,2015-09-16T20:00:00+00:00,-10472,3268.659
46407,2015-09-16T20:15:00+00:00,-9572,3268.725
46407,2015-09-16T20:30:00+00:00,-8672,3268.780
46407,2015-09-16T20:45:00+00:00,-7772,3268.824
46407,2015-09-16T21:00:00+00:00,-6872,3268.856
46407,2015-09-16T21:15:00+00:00,-5972,3268.879
46407,2015-09-16T21:30:00+00:00,-5072,3268.891
46407,2015-09-16T21:45:00+00:00,-4172,3268.890
