station_id,timestamp_utc,height_m
46411,2011-06-01T00:00:00+00:00,4256.008
46411,2011-06-01T00:15:00+00:00,4256.015
46411,2011-06-01T00:30:00+00:00,4256.025
46411,2011-06-01T00:45:00+00:00,4256.045
46411,2011-06-01T01:00:00+00:00,4256.067
46411,2011-06-01T01:15:00+00:00,4256.097
46411,2011-06-01T01:30:00+00:00,4256.135
46411,2011-06-01T01:45:00+00:00,4256.178
46411,2011-06-01T02:00:00+00:00,4256.227
46411,2011-06-01T02:15:00+00:00,4256.273
46411,2011-06-01T02:30:00+00:00,4256.334
46411,2011-06-01T02:45:00+00:00,4256.395
46411,2011-06-01T03:00:00+00:00,4256.454
46411,2011-06-01T03:15:00+00:00,4256.517
46411,2011-06-01T03:30:00+00:00,4256.579
46411,2011-06-01T03:45:00+00:00,4256.638
46411,2011-06-01T04:00:00+00:00,4256.691
46411,2011-06-01T04:15:00+00:00,4256.748
46411,2011-06-01T04:30:00+00:00,4256.795
46411,2011-06-01T04:45:00+00:00,4256.838
46411,2011-06-01T05:00:00+00:00,4256.873
46411,2011-06-01T05:15:00+00:00,4256.904
46411,2011-06-01T05:30:00+00:00,4256.920
46411,2011-06-01T05:45:00+00:00,4256.929
46411,2011-06-01T06:00:00+00:00,4256.929
46411,2011-06-01T06:15:00+00:00,4256.918
46411,2011-06-01T06:30:00+00:00,4256.898
46411,2011-06-01T06:45:00+00:00,4256.867
46411,2011-06-01T07:00:00+00:00,4256.827
46411,2011-06-01T07:15:00+00:00,4256.778
46411,2011-06-01T07:30:00+00:00,4256.718
46411,2011-06-01T07:45:00+00:00,4256.658
46411,2011-06-01T08:00:00+00:00,4256.583
46411,2011-06-01T08:15:00+00:00,4256.503
46411,2011-06-01T08:30:00+00:00,4256.416
46411,2011-06-01T08:45:00+00:00,4256.324
46411,2011-06-01T09:00:00+00:00,4256.227
46411,2011-06-01T09:15:00+00:00,4256.123
46411,2011-06-01T09:30:00+00:00,4256.020
46411,2011-06-01T09:45:00+00:00,4255.914
46411,2011-06-01T10:00:00+00:00,4255.808
46411,2011-06-01T10:15:00+00:00,4255.703
46411,2011-06-01T10:30:00+00:00,4255.600
46411,2011-06-01T10:45:00+00:00,4255.503
46411,2011-06-01T11:00:00+00:00,4255.408
46411,2011-06-01T11:15:00+00:00,4255.321
46411,2011-06-01T11:30:00+00:00,4255.239
46411,2011-06-01T11:45:00+00:00,4255.166
46411,2011-06-01T12:00:00+00:00,4255.100
46411,2011-06-01T12:15:00+00:00,4255.046
46411,2011-06-01T12:30:00+00:00,4255.001
46411,2011-06-01T12:45:00+00:00,4254.967
46411,2011-06-01T13:00:00+00:00,4254.945
46411,2011-06-01T13:15:00+00:00,4254.927
46411,2011-06-01T13:30:00+00:00,4254.925
46411,2011-06-01T13:45:00+00:00,4254.934
46411,2011-06-01T14:00:00+00:00,4254.958
46411,2011-06-01T14:15:00+00:00,4254.989
46411,2011-06-01T14:30:00+00:00,4255.031
46411,2011-06-01T14:45:00+00:00,4255.081
46411,2011-06-01T15:00:00+00:00,4255.139
46411,2011-06-01T15:15:00+00:00,4255.205
46411,2011-06-01T15:30:00+00:00,4255.276
46411,2011-06-01T15:45:00+00:00,4255.352
46411,2011-06-01T16:00:00+00:00,4255.431
46411,2011-06-01T16:15:00+00:00,4255.512
46411,2011-06-01T16:30:00+00:00,4255.598
46411,2011-06-01T16:45:00+00:00,4255.682
46411,2011-06-01T17:00:00+00:00,4255.764
46411,2011-06-01T17:15:00+00:00,4255.846
46411,2011-06-01T17:30:00+00:00,4255.926
46411,2011-06-01T17:45:00+00:00,4255.999
46411,2011-06-01T18:00:00+00:00,4256.075
46411,2011-06-01T18:15:00+00:00,4256.136
46411,2011-06-01T18:30:00+00:00,4256.195
46411,2011-06-01T18:45:00+00:00,4256.243
46411,2011-06-01T19:00:00+00:00,4256.286
46411,2011-06-01T19:15:00+00:00,4256.321
46411,2011-06-01T19:30:00+00:00,4256.345
46411,2011-06-01T19:45:00+00:00,4256.370
46411,2011-06-01T20:00:00+00:00,4256.383
46411,2011-06-01T20:15:00+00:00,4256.389
46411,2011-06-01T20:30:00+00:00,4256.390
46411,2011-06-01T20:45:00+00:00,4256.383
46411,2011-06-01T21:00:00+00:00,4256.368
46411,2011-06-01T21:15:00+00:00,4256.347
46411,2011-06-01T21:30:00+00:00,4256.326
46411,2011-06-01T21:45:00+00:00,4256.296
46411,2011-06-01T22:00:00+00:00,4256.266
46411,2011-06-01T22:15:00+00:00,4256.233
46411,2011-06-01T22:30:00+00:00,4256.200
46411,2011-06-01T22:45:00+00:00,4256.167
46411,2011-06-01T23:00:00+00:00,4256.138
46411,2011-06-01T23:15:00+00:00,4256.110
46411,2011-06-01T23:30:00+00:00,4256.084
46411,2011-06-01T23:45:00+00:00,4256.061
46411,2011-06-02T00:00:00+00:00,4256.040
46411,2011-06-02T00:15:00+00:00,4256.031
46411,2011-06-02T00:30:00+00:00,4256.024
46411,2011-06-02T00:45:00+00:00,4256.025
46411,2011-06-02T01:00:00+00:00,4256.032
46411,2011-06-02T01:15:00+00:00,4256.042
46411,2011-06-02T01:30:00+00:00,4256.062
46411,2011-06-02T01:45:00+00:00,4256.091
46411,2011-06-02T02:00:00+00:00,4256.126
46411,2011-06-02T02:15:00+00:00,4256.166
46411,2011-06-02T02:30:00+00:00,4256.212
46411,2011-06-02T02:45:00+00:00,4256.262
46411,2011-06-02T03:00:00+00:00,4256.317
46411,2011-06-02T03:15:00+00:00,4256.376
46411,2011-06-02T03:30:00+00:00,4256.438
46411,2011-06-02T03:45:00+00:00,4256.501
46411,2011-06-02T04:00:00+00:00,4256.565
46411,2011-06-02T04:15:00+00:00,4256.621
46411,2011-06-02T04:30:00+00:00,4256.679
46411,2011-06-02T04:45:00+00:00,4256.733
46411,2011-06-02T05:00:00+00:00,4256.783
46411,2011-06-02T05:15:00+00:00,4256.830
46411,2011-06-02T05:30:00+00:00,4256.870
46411,2011-06-02T05:45:00+00:00,4256.903
46411,2011-06-02T06:00:00+00:00,4256.924
46411,2011-06-02T06:15:00+00:00,4256.938
46411,2011-06-02T06:30:00+00:00,4256.942
46411,2011-06-02T06:45:00+00:00,4256.936
46411,2011-06-02T07:00:00+00:00,4256.919
46411,2011-06-02T07:15:00+00:00,4256.892
46411,2011-06-02T07:30:00+00:00,4256.856
46411,2011-06-02T07:45:00+00:00,4256.809
46411,2011-06-02T08:00:00+00:00,4256.754
46411,2011-06-02T08:15:00+00:00,4256.689
46411,2011-06-02T08:30:00+00:00,4256.617
46411,2011-06-02T08:45:00+00:00,4256.536
46411,2011-06-02T09:00:00+00:00,4256.447
46411,2011-06-02T09:15:00+00:00,4256.354
46411,2011-06-02T09:30:00+00:00,4256.252
46411,2011-06-02T09:45:00+00:00,4256.150
46411,2011-06-02T10:00:00+00:00,4256.043
46411,2011-06-02T10:15:00+00:00,4255.933
46411,2011-06-02T10:30:00+00:00,4255.822
46411,2011-06-02T10:45:00+00:00,4255.712
46411,2011-06-02T11:00:00+00:00,4255.606
46411,2011-06-02T11:15:00+00:00,4255.505
46411,2011-06-02T11:30:00+00:00,4255.405
46411,2011-06-02T11:45:00+00:00,4255.311
46411,2011-06-02T12:00:00+00:00,4255.222
46411,2011-06-02T12:15:00+00:00,4255.143
46411,2011-06-02T12:30:00+00:00,4255.071
46411,2011-06-02T12:45:00+00:00,4255.009
46411,2011-06-02T13:00:00+00:00,4254.953
46411,2011-06-02T13:15:00+00:00,4254.916
46411,2011-06-02T13:30:00+00:00,4254.886
46411,2011-06-02T13:45:00+00:00,4254.871
46411,2011-06-02T14:00:00+00:00,4254.867
46411,2011-06-02T14:15:00+00:00,4254.871
46411,2011-06-02T14:30:00+00:00,4254.890
46411,2011-06-02T14:45:00+00:00,4254.917
46411,2011-06-02T15:00:00+00:00,4254.954
46411,2011-06-02T15:15:00+00:00,4255.003
46411,2011-06-02T15:30:00+00:00,4255.060
46411,2011-06-02T15:45:00+00:00,4255.125
46411,2011-06-02T16:00:00+00:00,4255.200
46411,2011-06-02T16:15:00+00:00,4255.279
46411,2011-06-02T16:30:00+00:00,4255.362
46411,2011-06-02T16:45:00+00:00,4255.448
46411,2011-06-02T17:00:00+00:00,4255.535
46411,2011-06-02T17:15:00+00:00,4255.624
46411,2011-06-02T17:30:00+00:00,4255.710
46411,2011-06-02T17:45:00+00:00,4255.796
46411,2011-06-02T18:00:00+00:00,4255.883
46411,2011-06-02T18:15:00+00:00,4255.964
46411,2011-06-02T18:30:00+00:00,4256.040
46411,2011-06-02T18:45:00+00:00,4256.110
46411,2011-06-02T19:00:00+00:00,4256.176
46411,2011-06-02T19:15:00+00:00,4256.232
46411,2011-06-02T19:30:00+00:00,4256.279
46411,2011-06-02T19:45:00+00:00,4256.318
46411,2011-06-02T20:00:00+00:00,4256.351
46411,2011-06-02T20:15:00+00:00,4256.374
46411,2011-06-02T20:30:00+00:00,4256.392
46411,2011-06-02T20:45:00+00:00,4256.400
46411,2011-06-02T21:00:00+00:00,4256.400
46411,2011-06-02T21:15:00+00:00,4256.396
46411,2011-06-02T21:30:00+00:00,4256.383
46411,2011-06-02T21:45:00+00:00,4256.362
46411,2011-06-02T22:00:00+00:00,4256.337
46411,2011-06-02T22:15:00+00:00,4256.309
46411,2011-06-02T22:30:00+00:00,4256.279
46411,2011-06-02T22:45:00+00:00,4256.244
46411,2011-06-02T23:00:00+00:00,4256.210
46411,2011-06-02T23:15:00+00:00,4256.176
46411,2011-06-02T23:30:00+00:00,4256.142
46411,2011-06-02T23:45:00+00:00,4256.107
46411,2011-06-03T00:00:00+00:00,4256.077
46411,2011-06-03T00:15:00+00:00,4256.048
46411,2011-06-03T00:30:00+00:00,4256.027
46411,2011-06-03T00:45:00+00:00,4256.009
46411,2011-06-03T01:00:00+00:00,4255.998
46411,2011-06-03T01:15:00+00:00,4255.994
46411,2011-06-03T01:30:00+00:00,4255.998
46411,2011-06-03T01:45:00+00:00,4256.004
46411,2011-06-03T02:00:00+00:00,4256.023
46411,2011-06-03T02:15:00+00:00,4256.048
46411,2011-06-03T02:30:00+00:00,4256.079
46411,2011-06-03T02:45:00+00:00,4256.117
46411,2011-06-03T03:00:00+00:00,4256.160
46411,2011-06-03T03:15:00+00:00,4256.210
46411,2011-06-03T03:30:00+00:00,4256.263
46411,2011-06-03T03:45:00+00:00,4256.320
46411,2011-06-03T04:00:00+00:00,4256.379
46411,2011-06-03T04:15:00+00:00,4256.441
46411,2011-06-03T04:30:00+00:00,4256.504
46411,2011-06-03T04:45:00+00:00,4256.566
46411,2011-06-03T05:00:00+00:00,4256.625
46411,2011-06-03T05:15:00+00:00,4256.684
46411,2011-06-03T05:30:00+00:00,4256.735
46411,2011-06-03T05:45:00+00:00,4256.784
46411,2011-06-03T06:00:00+00:00,4256.820
46411,2011-06-03T06:15:00+00:00,4256.858
46411,2011-06-03T06:30:00+00:00,4256.884
46411,2011-06-03T06:45:00+00:00,4256.902
46411,2011-06-03T07:00:00+00:00,4256.910
46411,2011-06-03T07:15:00+00:00,4256.911
46411,2011-06-03T07:30:00+00:00,4256.904
46411,2011-06-03T07:45:00+00:00,4256.883
46411,2011-06-03T08:00:00+00:00,4256.855
46411,2011-06-03T08:15:00+00:00,4256.816
46411,2011-06-03T08:30:00+00:00,4256.766
46411,2011-06-03T08:45:00+00:00,4256.707
46411,2011-06-03T09:00:00+00:00,4256.638
46411,2011-06-03T09:15:00+00:00,4256.560
46411,2011-06-03T09:30:00+00:00,4256.474
46411,2011-06-03T09:45:00+00:00,4256.381
46411,2011-06-03T10:00:00+00:00,4256.282
46411,2011-06-03T10:15:00+00:00,4256.175
46411,2011-06-03T10:30:00+00:00,4256.068
46411,2011-06-03T10:45:00+00:00,4255.960
46411,2011-06-03T11:00:00+00:00,4255.847
46411,2011-06-03T11:15:00+00:00,4255.737
46411,2011-06-03T11:30:00+00:00,4255.628
46411,2011-06-03T11:45:00+00:00,4255.522
46411,2011-06-03T12:00:00+00:00,4255.420
46411,2011-06-03T12:15:00+00:00,4255.322
46411,2011-06-03T12:30:00+00:00,4255.231
46411,2011-06-03T12:45:00+00:00,4255.144
46411,2011-06-03T13:00:00+00:00,4255.067
46411,2011-06-03T13:15:00+00:00,4255.000
46411,2011-06-03T13:30:00+00:00,4254.940
46411,2011-06-03T13:45:00+00:00,4254.894
46411,2011-06-03T14:00:00+00:00,4254.859
46411,2011-06-03T14:15:00+00:00,4254.834
46411,2011-06-03T14:30:00+00:00,4254.824
46411,2011-06-03T14:45:00+00:00,4254.827
46411,2011-06-03T15:00:00+00:00,4254.839
46411,2011-06-03T15:15:00+00:00,4254.861
46411,2011-06-03T15:30:00+00:00,4254.892
46411,2011-06-03T15:45:00+00:00,4254.939
46411,2011-06-03T16:00:00+00:00,4254.990
46411,2011-06-03T16:15:00+00:00,4255.052
46411,2011-06-03T16:30:00+00:00,4255.121
46411,2011-06-03T16:45:00+00:00,4255.195
46411,2011-06-03T17:00:00+00:00,4255.276
46411,2011-06-03T17:15:00+00:00,4255.360
46411,2011-06-03T17:30:00+00:00,4255.450
46411,2011-06-03T17:45:00+00:00,4255.540
46411,2011-06-03T18:00:00+00:00,4255.629
46411,2011-06-03T18:15:00+00:00,4255.721
46411,2011-06-03T18:30:00+00:00,4255.808
46411,2011-06-03T18:45:00+00:00,4255.892
46411,2011-06-03T19:00:00+00:00,4255.971
46411,2011-06-03T19:15:00+00:00,4256.046
46411,2011-06-03T19:30:00+00:00,4256.117
46411,2011-06-03T19:45:00+00:00,4256.179
46411,2011-06-03T20:00:00+00:00,4256.233
46411,2011-06-03T20:15:00+00:00,4256.282
46411,2011-06-03T20:30:00+00:00,4256.321
46411,2011-06-03T20:45:00+00:00,4256.353
46411,2011-06-03T21:00:00+00:00,4256.376
46411,2011-06-03T21:15:00+00:00,4256.391
46411,2011-06-03T21:30:00+00:00,4256.394
46411,2011-06-03T21:45:00+00:00,4256.391
46411,2011-06-03T22:00:00+00:00,4256.380
46411,2011-06-03T22:15:00+00:00,4256.365
46411,2011-06-03T22:30:00+00:00,4256.346
46411,2011-06-03T22:45:00+00:00,4256.316
46411,2011-06-03T23:00:00+00:00,4256.286
46411,2011-06-03T23:15:00+00:00,4256.255
46411,2011-06-03T23:30:00+00:00,4256.216
46411,2011-06-03T23:45:00+00:00,4256.181
46411,2011-06-04T00:00:00+00:00,4256.145
46411,2011-06-04T00:15:00+00:00,4256.110
46411,2011-06-04T00:30:00+00:00,4256.080
46411,2011-06-04T00:45:00+00:00,4256.051
46411,2011-06-04T01:00:00+00:00,4256.025
46411,2011-06-04T01:15:00+00:00,4256.005
46411,2011-06-04T01:30:00+00:00,4255.986
46411,2011-06-04T01:45:00+00:00,4255.976
46411,2011-06-04T02:00:00+00:00,4255.968
46411,2011-06-04T02:15:00+00:00,4255.969
46411,2011-06-04T02:30:00+00:00,4255.979
46411,2011-06-04T02:45:00+00:00,4255.997
46411,2011-06-04T03:00:00+00:00,4256.020
46411,2011-06-04T03:15:00+00:00,4256.053
46411,2011-06-04T03:30:00+00:00,4256.092
46411,2011-06-04T03:45:00+00:00,4256.136
46411,2011-06-04T04:00:00+00:00,4256.186
46411,2011-06-04T04:15:00+00:00,4256.239
46411,2011-06-04T04:30:00+00:00,4256.294
46411,2011-06-04T04:45:00+00:00,4256.354
46411,2011-06-04T05:00:00+00:00,4256.416
46411,2011-06-04T05:15:00+00:00,4256.477
46411,2011-06-04T05:30:00+00:00,4256.536
46411,2011-06-04T05:45:00+00:00,4256.594
46411,2011-06-04T06:00:00+00:00,4256.649
46411,2011-06-04T06:15:00+00:00,4256.700
46411,2011-06-04T06:30:00+00:00,4256.747
46411,2011-06-04T06:45:00+00:00,4256.786
46411,2011-06-04T07:00:00+00:00,4256.819
46411,2011-06-04T07:15:00+00:00,4256.847
46411,2011-06-04T07:30:00+00:00,4256.864
46411,2011-06-04T07:45:00+00:00,4256.871
46411,2011-06-04T08:00:00+00:00,4256.871
46411,2011-06-04T08:15:00+00:00,4256.860
46411,2011-06-04T08:30:00+00:00,4256.839
46411,2011-06-04T08:45:00+00:00,4256.806
46411,2011-06-04T09:00:00+00:00,4256.764
46411,2011-06-04T09:15:00+00:00,4256.715
46411,2011-06-04T09:30:00+00:00,4256.654
46411,2011-06-04T09:45:00+00:00,4256.584
46411,2011-06-04T10:00:00+00:00,4256.504
46411,2011-06-04T10:15:00+00:00,4256.418
46411,2011-06-04T10:30:00+00:00,4256.327
46411,2011-06-04T10:45:00+00:00,4256.226
46411,2011-06-04T11:00:00+00:00,4256.123
46411,2011-06-04T11:15:00+00:00,4256.017
46411,2011-06-04T11:30:00+00:00,4255.909
46411,2011-06-04T11:45:00+00:00,4255.799
46411,2011-06-04T12:00:00+00:00,4255.691
46411,2011-06-04T12:15:00+00:00,4255.584
46411,2011-06-04T12:30:00+00:00,4255.478
46411,2011-06-04T12:45:00+00:00,4255.374
46411,2011-06-04T13:00:00+00:00,4255.278
46411,2011-06-04T13:15:00+00:00,4255.189
46411,2011-06-04T13:30:00+00:00,4255.107
46411,2011-06-04T13:45:00+00:00,4255.034
46411,2011-06-04T14:00:00+00:00,4254.972
46411,2011-06-04T14:15:00+00:00,4254.916
46411,2011-06-04T14:30:00+00:00,4254.875
46411,2011-06-04T14:45:00+00:00,4254.847
46411,2011-06-04T15:00:00+00:00,4254.828
46411,2011-06-04T15:15:00+00:00,4254.822
46411,2011-06-04T15:30:00+00:00,4254.828
46411,2011-06-04T15:45:00+00:00,4254.844
46411,2011-06-04T16:00:00+00:00,4254.872
46411,2011-06-04T16:15:00+00:00,4254.911
46411,2011-06-04T16:30:00+00:00,4254.957
46411,2011-06-04T16:45:00+00:00,4255.015
46411,2011-06-04T17:00:00+00:00,4255.079
46411,2011-06-04T17:15:00+00:00,4255.150
46411,2011-06-04T17:30:00+00:00,4255.227
46411,2011-06-04T17:45:00+00:00,4255.310
46411,2011-06-04T18:00:00+00:00,4255.396
46411,2011-06-04T18:15:00+00:00,4255.486
46411,2011-06-04T18:30:00+00:00,4255.581
46411,2011-06-04T18:45:00+00:00,4255.673
46411,2011-06-04T19:00:00+00:00,4255.762
46411,2011-06-04T19:15:00+00:00,4255.849
46411,2011-06-04T19:30:00+00:00,4255.933
46411,2011-06-04T19:45:00+00:00,4256.010
46411,2011-06-04T20:00:00+00:00,4256.086
46411,2011-06-04T20:15:00+00:00,4256.153
46411,2011-06-04T20:30:00+00:00,4256.212
46411,2011-06-04T20:45:00+00:00,4256.267
46411,2011-06-04T21:00:00+00:00,4256.315
46411,2011-06-04T21:15:00+00:00,4256.352
46411,2011-06-04T21:30:00+00:00,4256.380
46411,2011-06-04T21:45:00+00:00,4256.400
46411,2011-06-04T22:00:00+00:00,4256.413
46411,2011-06-04T22:15:00+00:00,4256.415
46411,2011-06-04T22:30:00+00:00,4256.411
46411,2011-06-04T22:45:00+00:00,4256.400
46411,2011-06-04T23:00:00+00:00,4256.381
46411,2011-06-04T23:15:00+00:00,4256.357
46411,2011-06-04T23:30:00+00:00,4256.328
46411,2011-06-04T23:45:00+00:00,4256.297
46411,2011-06-05T00:00:00+00:00,4256.264
46411,2011-06-05T00:15:00+00:00,4256.227
46411,2011-06-05T00:30:00+00:00,4256.188
46411,2011-06-05T00:45:00+00:00,4256.151
46411,2011-06-05T01:00:00+00:00,4256.116
46411,2011-06-05T01:15:00+00:00,4256.078
46411,2011-06-05T01:30:00+00:00,4256.048
46411,2011-06-05T01:45:00+00:00,4256.018
46411,2011-06-05T02:00:00+00:00,4255.995
46411,2011-06-05T02:15:00+00:00,4255.978
46411,2011-06-05T02:30:00+00:00,4255.964
46411,2011-06-05T02:45:00+00:00,4255.955
46411,2011-06-05T03:00:00+00:00,4255.957
46411,2011-06-05T03:15:00+00:00,4255.968
46411,2011-06-05T03:30:00+00:00,4255.982
46411,2011-06-05T03:45:00+00:00,4256.002
46411,2011-06-05T04:00:00+00:00,4256.032
46411,2011-06-05T04:15:00+00:00,4256.068
46411,2011-06-05T04:30:00+00:00,4256.112
46411,2011-06-05T04:45:00+00:00,4256.159
46411,2011-06-05T05:00:00+00:00,4256.212
46411,2011-06-05T05:15:00+00:00,4256.265
46411,2011-06-05T05:30:00+00:00,4256.320
46411,2011-06-05T05:45:00+00:00,4256.375
46411,2011-06-05T06:00:00+00:00,4256.433
46411,2011-06-05T06:15:00+00:00,4256.488
46411,2011-06-05T06:30:00+00:00,4256.542
46411,2011-06-05T06:45:00+00:00,4256.594
46411,2011-06-05T07:00:00+00:00,4256.644
46411,2011-06-05T07:15:00+00:00,4256.688
46411,2011-06-05T07:30:00+00:00,4256.726
46411,2011-06-05T07:45:00+00:00,4256.756
46411,2011-06-05T08:00:00+00:00,4256.778
46411,2011-06-05T08:15:00+00:00,4256.796
46411,2011-06-05T08:30:00+00:00,4256.803
46411,2011-06-05T08:45:00+00:00,4256.803
46411,2011-06-05T09:00:00+00:00,4256.794
46411,2011-06-05T09:15:00+00:00,4256.773
46411,2011-06-05T09:30:00+00:00,4256.745
46411,2011-06-05T09:45:00+00:00,4256.707
46411,2011-06-05T10:00:00+00:00,4256.658
46411,2011-06-05T10:15:00+00:00,4256.598
46411,2011-06-05T10:30:00+00:00,4256.531
46411,2011-06-05T10:45:00+00:00,4256.455
46411,2011-06-05T11:00:00+00:00,4256.371
46411,2011-06-05T11:15:00+00:00,4256.282
46411,2011-06-05T11:30:00+00:00,4256.186
46411,2011-06-05T11:45:00+00:00,4256.086
46411,2011-06-05T12:00:00+00:00,4255.984
46411,2011-06-05T12:15:00+00:00,4255.877
46411,2011-06-05T12:30:00+00:00,4255.770
46411,2011-06-05T12:45:00+00:00,4255.666
46411,2011-06-05T13:00:00+00:00,4255.560
46411,2011-06-05T13:15:00+00:00,4255.460
46411,2011-06-05T13:30:00+00:00,4255.365
46411,2011-06-05T13:45:00+00:00,4255.273
46411,2011-06-05T14:00:00+00:00,4255.188
46411,2011-06-05T14:15:00+00:00,4255.113
46411,2011-06-05T14:30:00+00:00,4255.044
46411,2011-06-05T14:45:00+00:00,4254.987
46411,2011-06-05T15:00:00+00:00,4254.936
46411,2011-06-05T15:15:00+00:00,4254.898
46411,2011-06-05T15:30:00+00:00,4254.870
46411,2011-06-05T15:45:00+00:00,4254.854
46411,2011-06-05T16:00:00+00:00,4254.852
46411,2011-06-05T16:15:00+00:00,4254.860
46411,2011-06-05T16:30:00+00:00,4254.880
46411,2011-06-05T16:45:00+00:00,4254.908
46411,2011-06-05T17:00:00+00:00,4254.948
46411,2011-06-05T17:15:00+00:00,4254.997
46411,2011-06-05T17:30:00+00:00,4255.054
46411,2011-06-05T17:45:00+00:00,4255.120
46411,2011-06-05T18:00:00+00:00,4255.193
46411,2011-06-05T18:15:00+00:00,4255.274
46411,2011-06-05T18:30:00+00:00,4255.359
46411,2011-06-05T18:45:00+00:00,4255.447
46411,2011-06-05T19:00:00+00:00,4255.537
46411,2011-06-05T19:15:00+00:00,4255.630
46411,2011-06-05T19:30:00+00:00,4255.721
46411,2011-06-05T19:45:00+00:00,4255.809
46411,2011-06-05T20:00:00+00:00,4255.897
46411,2011-06-05T20:15:00+00:00,4255.979
46411,2011-06-05T20:30:00+00:00,4256.056
46411,2011-06-05T20:45:00+00:00,4256.130
46411,2011-06-05T21:00:00+00:00,4256.196
46411,2011-06-05T21:15:00+00:00,4256.257
46411,2011-06-05T21:30:00+00:00,4256.311
46411,2011-06-05T21:45:00+00:00,4256.355
46411,2011-06-05T22:00:00+00:00,4256.390
46411,2011-06-05T22:15:00+00:00,4256.418
46411,2011-06-05T22:30:00+00:00,4256.437
46411,2011-06-05T22:45:00+00:00,4256.446
46411,2011-06-05T23:00:00+00:00,4256.449
46411,2011-06-05T23:15:00+00:00,4256.442
46411,2011-06-05T23:30:00+00:00,4256.427
46411,2011-06-05T23:45:00+00:00,4256.406
46411,2011-06-06T00:00:00+00:00,4256.379
46411,2011-06-06T00:15:00+00:00,4256.350
46411,2011-06-06T00:30:00+00:00,4256.315
46411,2011-06-06T00:45:00+00:00,4256.278
46411,2011-06-06T01:00:00+00:00,4256.238
46411,2011-06-06T01:15:00+00:00,4256.196
46411,2011-06-06T01:30:00+00:00,4256.156
46411,2011-06-06T01:45:00+00:00,4256.116
46411,2011-06-06T02:00:00+00:00,4256.077
46411,2011-06-06T02:15:00+00:00,4256.042
46411,2011-06-06T02:30:00+00:00,4256.011
46411,2011-06-06T02:45:00+00:00,4255.978
46411,2011-06-06T03:00:00+00:00,4255.956
46411,2011-06-06T03:15:00+00:00,4255.940
46411,2011-06-06T03:30:00+00:00,4255.929
46411,2011-06-06T03:45:00+00:00,4255.927
46411,2011-06-06T04:00:00+00:00,4255.931
46411,2011-06-06T04:15:00+00:00,4255.941
46411,2011-06-06T04:30:00+00:00,4255.958
46411,2011-06-06T04:45:00+00:00,4255.983
46411,2011-06-06T05:00:00+00:00,4256.013
46411,2011-06-06T05:15:00+00:00,4256.047
46411,2011-06-06T05:30:00+00:00,4256.088
46411,2011-06-06T05:45:00+00:00,4256.134
46411,2011-06-06T06:00:00+00:00,4256.180
46411,2011-06-06T06:15:00+00:00,4256.229
46411,2011-06-06T06:30:00+00:00,4256.280
46411,2011-06-06T06:45:00+00:00,4256.332
46411,2011-06-06T07:00:00+00:00,4256.383
46411,2011-06-06T07:15:00+00:00,4256.438
46411,2011-06-06T07:30:00+00:00,4256.488
46411,2011-06-06T07:45:00+00:00,4256.535
46411,2011-06-06T08:00:00+00:00,4256.577
46411,2011-06-06T08:15:00+00:00,4256.617
46411,2011-06-06T08:30:00+00:00,4256.650
46411,2011-06-06T08:45:00+00:00,4256.675
46411,2011-06-06T09:00:00+00:00,4256.698
46411,2011-06-06T09:15:00+00:00,4256.711
46411,2011-06-06T09:30:00+00:00,4256.714
46411,2011-06-06T09:45:00+00:00,4256.709
46411,2011-06-06T10:00:00+00:00,4256.693
46411,2011-06-06T10:15:00+00:00,4256.668
46411,2011-06-06T10:30:00+00:00,4256.632
46411,2011-06-06T10:45:00+00:00,4256.587
46411,2011-06-06T11:00:00+00:00,4256.537
46411,2011-06-06T11:15:00+00:00,4256.473
46411,2011-06-06T11:30:00+00:00,4256.405
46411,2011-06-06T11:45:00+00:00,4256.331
46411,2011-06-06T12:00:00+00:00,4256.248
46411,2011-06-06T12:15:00+00:00,4256.163
46411,2011-06-06T12:30:00+00:00,4256.070
46411,2011-06-06T12:45:00+00:00,4255.974
46411,2011-06-06T13:00:00+00:00,4255.877
46411,2011-06-06T13:15:00+00:00,4255.781
46411,2011-06-06T13:30:00+00:00,4255.683
46411,2011-06-06T13:45:00+00:00,4255.587
46411,2011-06-06T14:00:00+00:00,4255.496
46411,2011-06-06T14:15:00+00:00,4255.404
46411,2011-06-06T14:30:00+00:00,4255.320
46411,2011-06-06T14:45:00+00:00,4255.242
46411,2011-06-06T15:00:00+00:00,4255.172
46411,2011-06-06T15:15:00+00:00,4255.109
46411,2011-06-06T15:30:00+00:00,4255.055
46411,2011-06-06T15:45:00+00:00,4255.011
46411,2011-06-06T16:00:00+00:00,4254.976
46411,2011-06-06T16:15:00+00:00,4254.953
46411,2011-06-06T16:30:00+00:00,4254.939
46411,2011-06-06T16:45:00+00:00,4254.936
46411,2011-06-06T17:00:00+00:00,4254.945
46411,2011-06-06T17:15:00+00:00,4254.963
46411,2011-06-06T17:30:00+00:00,4254.992
46411,2011-06-06T17:45:00+00:00,4255.032
46411,2011-06-06T18:00:00+00:00,4255.081
46411,2011-06-06T18:15:00+00:00,4255.139
46411,2011-06-06T18:30:00+00:00,4255.206
46411,2011-06-06T18:45:00+00:00,4255.277
46411,2011-06-06T19:00:00+00:00,4255.357
46411,2011-06-06T19:15:00+00:00,4255.440
46411,2011-06-06T19:30:00+00:00,4255.526
46411,2011-06-06T19:45:00+00:00,4255.614
46411,2011-06-06T20:00:00+00:00,4255.701
46411,2011-06-06T20:15:00+00:00,4255.791
46411,2011-06-06T20:30:00+00:00,4255.877
46411,2011-06-06T20:45:00+00:00,4255.960
46411,2011-06-06T21:00:00+00:00,4256.039
46411,2011-06-06T21:15:00+00:00,4256.118
46411,2011-06-06T21:30:00+00:00,4256.190
46411,2011-06-06T21:45:00+00:00,4256.254
46411,2011-06-06T22:00:00+00:00,4256.312
46411,2011-06-06T22:15:00+00:00,4256.362
46411,2011-06-06T22:30:00+00:00,4256.405
46411,2011-06-06T22:45:00+00:00,4256.438
46411,2011-06-06T23:00:00+00:00,4256.464
46411,2011-06-06T23:15:00+00:00,4256.477
46411,2011-06-06T23:30:00+00:00,4256.484
46411,2011-06-06T23:45:00+00:00,4256.482
46411,2011-06-07T00:00:00+00:00,4256.473
46411,2011-06-07T00:15:00+00:00,4256.458
46411,2011-06-07T00:30:00+00:00,4256.437
46411,2011-06-07T00:45:00+00:00,4256.410
46411,2011-06-07T01:00:00+00:00,4256.377
46411,2011-06-07T01:15:00+00:00,4256.339
46411,2011-06-07T01:30:00+00:00,4256.298
46411,2011-06-07T01:45:00+00:00,4256.256
46411,2011-06-07T02:00:00+00:00,4256.211
46411,2011-06-07T02:15:00+00:00,4256.163
46411,2011-06-07T02:30:00+00:00,4256.116
46411,2011-06-07T02:45:00+00:00,4256.071
46411,2011-06-07T03:00:00+00:00,4256.030
46411,2011-06-07T03:15:00+00:00,4255.991
46411,2011-06-07T03:30:00+00:00,4255.957
46411,2011-06-07T03:45:00+00:00,4255.925
46411,2011-06-07T04:00:00+00:00,4255.899
46411,2011-06-07T04:15:00+00:00,4255.879
46411,2011-06-07T04:30:00+00:00,4255.868
46411,2011-06-07T04:45:00+00:00,4255.862
46411,2011-06-07T05:00:00+00:00,4255.864
46411,2011-06-07T05:15:00+00:00,4255.872
46411,2011-06-07T05:30:00+00:00,4255.887
46411,2011-06-07T05:45:00+00:00,4255.906
46411,2011-06-07T06:00:00+00:00,4255.931
46411,2011-06-07T06:15:00+00:00,4255.962
46411,2011-06-07T06:30:00+00:00,4255.996
46411,2011-06-07T06:45:00+00:00,4256.039
46411,2011-06-07T07:00:00+00:00,4256.083
46411,2011-06-07T07:15:00+00:00,4256.130
46411,2011-06-07T07:30:00+00:00,4256.178
46411,2011-06-07T07:45:00+00:00,4256.231
46411,2011-06-07T08:00:00+00:00,4256.282
46411,2011-06-07T08:15:00+00:00,4256.333
46411,2011-06-07T08:30:00+00:00,4256.380
46411,2011-06-07T08:45:00+00:00,4256.424
46411,2011-06-07T09:00:00+00:00,4256.466
46411,2011-06-07T09:15:00+00:00,4256.500
46411,2011-06-07T09:30:00+00:00,4256.532
46411,2011-06-07T09:45:00+00:00,4256.555
46411,2011-06-07T10:00:00+00:00,4256.568
46411,2011-06-07T10:15:00+00:00,4256.575
46411,2011-06-07T10:30:00+00:00,4256.573
46411,2011-06-07T10:45:00+00:00,4256.565
46411,2011-06-07T11:00:00+00:00,4256.548
46411,2011-06-07T11:15:00+00:00,4256.524
46411,2011-06-07T11:30:00+00:00,4256.491
46411,2011-06-07T11:45:00+00:00,4256.448
46411,2011-06-07T12:00:00+00:00,4256.400
46411,2011-06-07T12:15:00+00:00,4256.343
46411,2011-06-07T12:30:00+00:00,4256.279
46411,2011-06-07T12:45:00+00:00,4256.209
46411,2011-06-07T13:00:00+00:00,4256.132
46411,2011-06-07T13:15:00+00:00,4256.052
46411,2011-06-07T13:30:00+00:00,4255.967
46411,2011-06-07T13:45:00+00:00,4255.880
46411,2011-06-07T14:00:00+00:00,4255.793
46411,2011-06-07T14:15:00+00:00,4255.703
46411,2011-06-07T14:30:00+00:00,4255.619
46411,2011-06-07T14:45:00+00:00,4255.537
46411,2011-06-07T15:00:00+00:00,4255.453
46411,2011-06-07T15:15:00+00:00,4255.376
46411,2011-06-07T15:30:00+00:00,4255.306
46411,2011-06-07T15:45:00+00:00,4255.242
46411,2011-06-07T16:00:00+00:00,4255.182
46411,2011-06-07T16:15:00+00:00,4255.134
46411,2011-06-07T16:30:00+00:00,4255.092
46411,2011-06-07T16:45:00+00:00,4255.061
46411,2011-06-07T17:00:00+00:00,4255.039
46411,2011-06-07T17:15:00+00:00,4255.026
46411,2011-06-07T17:30:00+00:00,4255.022
46411,2011-06-07T17:45:00+00:00,4255.029
46411,2011-06-07T18:00:00+00:00,4255.047
46411,2011-06-07T18:15:00+00:00,4255.076
46411,2011-06-07T18:30:00+00:00,4255.112
46411,2011-06-07T18:45:00+00:00,4255.160
46411,2011-06-07T19:00:00+00:00,4255.215
46411,2011-06-07T19:15:00+00:00,4255.280
46411,2011-06-07T19:30:00+00:00,4255.350
46411,2011-06-07T19:45:00+00:00,4255.425
46411,2011-06-07T20:00:00+00:00,4255.506
46411,2011-06-07T20:15:00+00:00,4255.591
46411,2011-06-07T20:30:00+00:00,4255.677
46411,2011-06-07T20:45:00+00:00,4255.764
46411,2011-06-07T21:00:00+00:00,4255.854
46411,2011-06-07T21:15:00+00:00,4255.941
46411,2011-06-07T21:30:00+00:00,4256.026
46411,2011-06-07T21:45:00+00:00,4256.108
46411,2011-06-07T22:00:00+00:00,4256.183
46411,2011-06-07T22:15:00+00:00,4256.254
46411,2011-06-07T22:30:00+00:00,4256.319
46411,2011-06-07T22:45:00+00:00,4256.376
46411,2011-06-07T23:00:00+00:00,4256.425
46411,2011-06-07T23:15:00+00:00,4256.468
46411,2011-06-07T23:30:00+00:00,4256.502
46411,2011-06-07T23:45:00+00:00,4256.527
46411,2011-06-08T00:00:00+00:00,4256.544
46411,2011-06-08T00:15:00+00:00,4256.555
46411,2011-06-08T00:30:00+00:00,4256.555
46411,2011-06-08T00:45:00+00:00,4256.547
46411,2011-06-08T01:00:00+00:00,4256.531
46411,2011-06-08T01:15:00+00:00,4256.507
46411,2011-06-08T01:30:00+00:00,4256.475
46411,2011-06-08T01:45:00+00:00,4256.437
46411,2011-06-08T02:00:00+00:00,4256.393
46411,2011-06-08T02:15:00+00:00,4256.348
46411,2011-06-08T02:30:00+00:00,4256.299
46411,2011-06-08T02:45:00+00:00,4256.249
46411,2011-06-08T03:00:00+00:00,4256.196
46411,2011-06-08T03:15:00+00:00,4256.142
46411,2011-06-08T03:30:00+00:00,4256.091
46411,2011-06-08T03:45:00+00:00,4256.041
46411,2011-06-08T04:00:00+00:00,4255.992
46411,2011-06-08T04:15:00+00:00,4255.949
46411,2011-06-08T04:30:00+00:00,4255.906
46411,2011-06-08T04:45:00+00:00,4255.868
46411,2011-06-08T05:00:00+00:00,4255.837
46411,2011-06-08T05:15:00+00:00,4255.813
46411,2011-06-08T05:30:00+00:00,4255.794
46411,2011-06-08T05:45:00+00:00,4255.781
46411,2011-06-08T06:00:00+00:00,4255.773
46411,2011-06-08T06:15:00+00:00,4255.777
46411,2011-06-08T06:30:00+00:00,4255.781
46411,2011-06-08T06:45:00+00:00,4255.792
46411,2011-06-08T07:00:00+00:00,4255.813
46411,2011-06-08T07:15:00+00:00,4255.838
46411,2011-06-08T07:30:00+00:00,4255.867
46411,2011-06-08T07:45:00+00:00,4255.904
46411,2011-06-08T08:00:00+00:00,4255.947
46411,2011-06-08T08:15:00+00:00,4255.991
46411,2011-06-08T08:30:00+00:00,4256.037
46411,2011-06-08T08:45:00+00:00,4256.085
46411,2011-06-08T09:00:00+00:00,4256.133
46411,2011-06-08T09:15:00+00:00,4256.180
46411,2011-06-08T09:30:00+00:00,4256.225
46411,2011-06-08T09:45:00+00:00,4256.268
46411,2011-06-08T10:00:00+00:00,4256.309
46411,2011-06-08T10:15:00+00:00,4256.346
46411,2011-06-08T10:30:00+00:00,4256.377
46411,2011-06-08T10:45:00+00:00,4256.402
46411,2011-06-08T11:00:00+00:00,4256.415
46411,2011-06-08T11:15:00+00:00,4256.428
46411,2011-06-08T11:30:00+00:00,4256.431
46411,2011-06-08T11:45:00+00:00,4256.427
46411,2011-06-08T12:00:00+00:00,4256.416
46411,2011-06-08T12:15:00+00:00,4256.395
46411,2011-06-08T12:30:00+00:00,4256.368
46411,2011-06-08T12:45:00+00:00,4256.334
46411,2011-06-08T13:00:00+00:00,4256.292
46411,2011-06-08T13:15:00+00:00,4256.244
46411,2011-06-08T13:30:00+00:00,4256.190
46411,2011-06-08T13:45:00+00:00,4256.131
46411,2011-06-08T14:00:00+00:00,4256.065
46411,2011-06-08T14:15:00+00:00,4255.994
46411,2011-06-08T14:30:00+00:00,4255.925
46411,2011-06-08T14:45:00+00:00,4255.848
46411,2011-06-08T15:00:00+00:00,4255.773
46411,2011-06-08T15:15:00+00:00,4255.699
46411,2011-06-08T15:30:00+00:00,4255.625
46411,2011-06-08T15:45:00+00:00,4255.554
46411,2011-06-08T16:00:00+00:00,4255.486
46411,2011-06-08T16:15:00+00:00,4255.420
46411,2011-06-08T16:30:00+00:00,4255.363
46411,2011-06-08T16:45:00+00:00,4255.310
46411,2011-06-08T17:00:00+00:00,4255.264
46411,2011-06-08T17:15:00+00:00,4255.224
46411,2011-06-08T17:30:00+00:00,4255.195
46411,2011-06-08T17:45:00+00:00,4255.173
46411,2011-06-08T18:00:00+00:00,4255.164
46411,2011-06-08T18:15:00+00:00,4255.162
46411,2011-06-08T18:30:00+00:00,4255.168
46411,2011-06-08T18:45:00+00:00,4255.185
46411,2011-06-08T19:00:00+00:00,4255.210
46411,2011-06-08T19:15:00+00:00,4255.245
46411,2011-06-08T19:30:00+00:00,4255.288
46411,2011-06-08T19:45:00+00:00,4255.341
46411,2011-06-08T20:00:00+00:00,4255.401
46411,2011-06-08T20:15:00+00:00,4255.469
46411,2011-06-08T20:30:00+00:00,4255.541
46411,2011-06-08T20:45:00+00:00,4255.621
46411,2011-06-08T21:00:00+00:00,4255.701
46411,2011-06-08T21:15:00+00:00,4255.783
46411,2011-06-08T21:30:00+00:00,4255.871
46411,2011-06-08T21:45:00+00:00,4255.956
46411,2011-06-08T22:00:00+00:00,4256.040
46411,2011-06-08T22:15:00+00:00,4256.124
46411,2011-06-08T22:30:00+00:00,4256.203
46411,2011-06-08T22:45:00+00:00,4256.275
46411,2011-06-08T23:00:00+00:00,4256.344
46411,2011-06-08T23:15:00+00:00,4256.409
46411,2011-06-08T23:30:00+00:00,4256.466
46411,2011-06-08T23:45:00+00:00,4256.518
46411,2011-06-09T00:00:00+00:00,4256.562
46411,2011-06-09T00:15:00+00:00,4256.597
46411,2011-06-09T00:30:00+00:00,4256.620
46411,2011-06-09T00:45:00+00:00,4256.635
46411,2011-06-09T01:00:00+00:00,4256.642
46411,2011-06-09T01:15:00+00:00,4256.640
46411,2011-06-09T01:30:00+00:00,4256.630
46411,2011-06-09T01:45:00+00:00,4256.610
46411,2011-06-09T02:00:00+00:00,4256.585
46411,2011-06-09T02:15:00+00:00,4256.550
46411,2011-06-09T02:30:00+00:00,4256.510
46411,2011-06-09T02:45:00+00:00,4256.463
46411,2011-06-09T03:00:00+00:00,4256.411
46411,2011-06-09T03:15:00+00:00,4256.354
46411,2011-06-09T03:30:00+00:00,4256.292
46411,2011-06-09T03:45:00+00:00,4256.230
46411,2011-06-09T04:00:00+00:00,4256.162
46411,2011-06-09T04:15:00+00:00,4256.094
46411,2011-06-09T04:30:00+00:00,4256.028
46411,2011-06-09T04:45:00+00:00,4255.965
46411,2011-06-09T05:00:00+00:00,4255.905
46411,2011-06-09T05:15:00+00:00,4255.847
46411,2011-06-09T05:30:00+00:00,4255.797
46411,2011-06-09T05:45:00+00:00,4255.750
46411,2011-06-09T06:00:00+00:00,4255.708
46411,2011-06-09T06:15:00+00:00,4255.671
46411,2011-06-09T06:30:00+00:00,4255.642
46411,2011-06-09T06:45:00+00:00,4255.620
46411,2011-06-09T07:00:00+00:00,4255.601
46411,2011-06-09T07:15:00+00:00,4255.595
46411,2011-06-09T07:30:00+00:00,4255.596
46411,2011-06-09T07:45:00+00:00,4255.606
46411,2011-06-09T08:00:00+00:00,4255.621
46411,2011-06-09T08:15:00+00:00,4255.645
46411,2011-06-09T08:30:00+00:00,4255.675
46411,2011-06-09T08:45:00+00:00,4255.711
46411,2011-06-09T09:00:00+00:00,4255.752
46411,2011-06-09T09:15:00+00:00,4255.794
46411,2011-06-09T09:30:00+00:00,4255.842
46411,2011-06-09T09:45:00+00:00,4255.889
46411,2011-06-09T10:00:00+00:00,4255.937
46411,2011-06-09T10:15:00+00:00,4255.988
46411,2011-06-09T10:30:00+00:00,4256.035
46411,2011-06-09T10:45:00+00:00,4256.081
46411,2011-06-09T11:00:00+00:00,4256.127
46411,2011-06-09T11:15:00+00:00,4256.168
46411,2011-06-09T11:30:00+00:00,4256.203
46411,2011-06-09T11:45:00+00:00,4256.233
46411,2011-06-09T12:00:00+00:00,4256.256
46411,2011-06-09T12:15:00+00:00,4256.274
46411,2011-06-09T12:30:00+00:00,4256.287
46411,2011-06-09T12:45:00+00:00,4256.292
46411,2011-06-09T13:00:00+00:00,4256.288
46411,2011-06-09T13:15:00+00:00,4256.279
46411,2011-06-09T13:30:00+00:00,4256.264
46411,2011-06-09T13:45:00+00:00,4256.241
46411,2011-06-09T14:00:00+00:00,4256.211
46411,2011-06-09T14:15:00+00:00,4256.175
46411,2011-06-09T14:30:00+00:00,4256.132
46411,2011-06-09T14:45:00+00:00,4256.084
46411,2011-06-09T15:00:00+00:00,4256.032
46411,2011-06-09T15:15:00+00:00,4255.976
46411,2011-06-09T15:30:00+00:00,4255.919
46411,2011-06-09T15:45:00+00:00,4255.859
46411,2011-06-09T16:00:00+00:00,4255.798
46411,2011-06-09T16:15:00+00:00,4255.735
46411,2011-06-09T16:30:00+00:00,4255.675
46411,2011-06-09T16:45:00+00:00,4255.613
46411,2011-06-09T17:00:00+00:00,4255.557
46411,2011-06-09T17:15:00+00:00,4255.501
46411,2011-06-09T17:30:00+00:00,4255.453
46411,2011-06-09T17:45:00+00:00,4255.409
46411,2011-06-09T18:00:00+00:00,4255.373
46411,2011-06-09T18:15:00+00:00,4255.344
46411,2011-06-09T18:30:00+00:00,4255.325
46411,2011-06-09T18:45:00+00:00,4255.315
46411,2011-06-09T19:00:00+00:00,4255.311
46411,2011-06-09T19:15:00+00:00,4255.318
46411,2011-06-09T19:30:00+00:00,4255.331
46411,2011-06-09T19:45:00+00:00,4255.356
46411,2011-06-09T20:00:00+00:00,4255.386
46411,2011-06-09T20:15:00+00:00,4255.426
46411,2011-06-09T20:30:00+00:00,4255.474
46411,2011-06-09T20:45:00+00:00,4255.529
46411,2011-06-09T21:00:00+00:00,4255.590
46411,2011-06-09T21:15:00+00:00,4255.658
46411,2011-06-09T21:30:00+00:00,4255.731
46411,2011-06-09T21:45:00+00:00,4255.809
46411,2011-06-09T22:00:00+00:00,4255.888
46411,2011-06-09T22:15:00+00:00,4255.970
46411,2011-06-09T22:30:00+00:00,4256.053
46411,2011-06-09T22:45:00+00:00,4256.134
46411,2011-06-09T23:00:00+00:00,4256.212
46411,2011-06-09T23:15:00+00:00,4256.290
46411,2011-06-09T23:30:00+00:00,4256.364
46411,2011-06-09T23:45:00+00:00,4256.432
46411,2011-06-10T00:00:00+00:00,4256.490
46411,2011-06-10T00:15:00+00:00,4256.547
46411,2011-06-10T00:30:00+00:00,4256.594
46411,2011-06-10T00:45:00+00:00,4256.637
46411,2011-06-10T01:00:00+00:00,4256.671
46411,2011-06-10T01:15:00+00:00,4256.697
46411,2011-06-10T01:30:00+00:00,4256.713
46411,2011-06-10T01:45:00+00:00,4256.721
46411,2011-06-10T02:00:00+00:00,4256.719
46411,2011-06-10T02:15:00+00:00,4256.704
46411,2011-06-10T02:30:00+00:00,4256.686
46411,2011-06-10T02:45:00+00:00,4256.656
46411,2011-06-10T03:00:00+00:00,4256.615
46411,2011-06-10T03:15:00+00:00,4256.571
46411,2011-06-10T03:30:00+00:00,4256.517
46411,2011-06-10T03:45:00+00:00,4256.457
46411,2011-06-10T04:00:00+00:00,4256.389
46411,2011-06-10T04:15:00+00:00,4256.319
46411,2011-06-10T04:30:00+00:00,4256.247
46411,2011-06-10T04:45:00+00:00,4256.171
46411,2011-06-10T05:00:00+00:00,4256.098
46411,2011-06-10T05:15:00+00:00,4256.018
46411,2011-06-10T05:30:00+00:00,4255.942
46411,2011-06-10T05:45:00+00:00,4255.863
46411,2011-06-10T06:00:00+00:00,4255.787
46411,2011-06-10T06:15:00+00:00,4255.713
46411,2011-06-10T06:30:00+00:00,4255.646
46411,2011-06-10T06:45:00+00:00,4255.585
46411,2011-06-10T07:00:00+00:00,4255.531
46411,2011-06-10T07:15:00+00:00,4255.487
46411,2011-06-10T07:30:00+00:00,4255.446
46411,2011-06-10T07:45:00+00:00,4255.419
46411,2011-06-10T08:00:00+00:00,4255.398
46411,2011-06-10T08:15:00+00:00,4255.384
46411,2011-06-10T08:30:00+00:00,4255.380
46411,2011-06-10T08:45:00+00:00,4255.385
46411,2011-06-10T09:00:00+00:00,4255.398
46411,2011-06-10T09:15:00+00:00,4255.416
46411,2011-06-10T09:30:00+00:00,4255.443
46411,2011-06-10T09:45:00+00:00,4255.475
46411,2011-06-10T10:00:00+00:00,4255.517
46411,2011-06-10T10:15:00+00:00,4255.563
46411,2011-06-10T10:30:00+00:00,4255.611
46411,2011-06-10T10:45:00+00:00,4255.662
46411,2011-06-10T11:00:00+00:00,4255.716
46411,2011-06-10T11:15:00+00:00,4255.771
46411,2011-06-10T11:30:00+00:00,4255.825
46411,2011-06-10T11:45:00+00:00,4255.882
46411,2011-06-10T12:00:00+00:00,4255.935
46411,2011-06-10T12:15:00+00:00,4255.986
46411,2011-06-10T12:30:00+00:00,4256.029
46411,2011-06-10T12:45:00+00:00,4256.072
46411,2011-06-10T13:00:00+00:00,4256.111
46411,2011-06-10T13:15:00+00:00,4256.142
46411,2011-06-10T13:30:00+00:00,4256.167
46411,2011-06-10T13:45:00+00:00,4256.187
46411,2011-06-10T14:00:00+00:00,4256.197
46411,2011-06-10T14:15:00+00:00,4256.202
46411,2011-06-10T14:30:00+00:00,4256.201
46411,2011-06-10T14:45:00+00:00,4256.191
46411,2011-06-10T15:00:00+00:00,4256.176
46411,2011-06-10T15:15:00+00:00,4256.149
46411,2011-06-10T15:30:00+00:00,4256.119
46411,2011-06-10T15:45:00+00:00,4256.086
46411,2011-06-10T16:00:00+00:00,4256.046
46411,2011-06-10T16:15:00+00:00,4256.004
46411,2011-06-10T16:30:00+00:00,4255.958
46411,2011-06-10T16:45:00+00:00,4255.911
46411,2011-06-10T17:00:00+00:00,4255.857
46411,2011-06-10T17:15:00+00:00,4255.807
46411,2011-06-10T17:30:00+00:00,4255.753
46411,2011-06-10T17:45:00+00:00,4255.703
46411,2011-06-10T18:00:00+00:00,4255.655
46411,2011-06-10T18:15:00+00:00,4255.612
46411,2011-06-10T18:30:00+00:00,4255.571
46411,2011-06-10T18:45:00+00:00,4255.535
46411,2011-06-10T19:00:00+00:00,4255.505
46411,2011-06-10T19:15:00+00:00,4255.484
46411,2011-06-10T19:30:00+00:00,4255.468
46411,2011-06-10T19:45:00+00:00,4255.462
46411,2011-06-10T20:00:00+00:00,4255.462
46411,2011-06-10T20:15:00+00:00,4255.471
46411,2011-06-10T20:30:00+00:00,4255.490
46411,2011-06-10T20:45:00+00:00,4255.516
46411,2011-06-10T21:00:00+00:00,4255.549
46411,2011-06-10T21:15:00+00:00,4255.587
46411,2011-06-10T21:30:00+00:00,4255.634
46411,2011-06-10T21:45:00+00:00,4255.690
46411,2011-06-10T22:00:00+00:00,4255.753
46411,2011-06-10T22:15:00+00:00,4255.822
46411,2011-06-10T22:30:00+00:00,4255.897
46411,2011-06-10T22:45:00+00:00,4255.973
46411,2011-06-10T23:00:00+00:00,4256.051
46411,2011-06-10T23:15:00+00:00,4256.131
46411,2011-06-10T23:30:00+00:00,4256.212
46411,2011-06-10T23:45:00+00:00,4256.290
46411,2011-06-11T00:00:00+00:00,4256.368
46411,2011-06-11T00:15:00+00:00,4256.441
46411,2011-06-11T00:30:00+00:00,4256.512
46411,2011-06-11T00:45:00+00:00,4256.579
46411,2011-06-11T01:00:00+00:00,4256.638
46411,2011-06-11T01:15:00+00:00,4256.688
46411,2011-06-11T01:30:00+00:00,4256.733
46411,2011-06-11T01:45:00+00:00,4256.766
46411,2011-06-11T02:00:00+00:00,4256.794
46411,2011-06-11T02:15:00+00:00,4256.810
46411,2011-06-11T02:30:00+00:00,4256.817
46411,2011-06-11T02:45:00+00:00,4256.816
46411,2011-06-11T03:00:00+00:00,4256.806
46411,2011-06-11T03:15:00+00:00,4256.781
46411,2011-06-11T03:30:00+00:00,4256.747
46411,2011-06-11T03:45:00+00:00,4256.704
46411,2011-06-11T04:00:00+00:00,4256.654
46411,2011-06-11T04:15:00+00:00,4256.593
46411,2011-06-11T04:30:00+00:00,4256.528
46411,2011-06-11T04:45:00+00:00,4256.456
46411,2011-06-11T05:00:00+00:00,4256.376
46411,2011-06-11T05:15:00+00:00,4256.295
46411,2011-06-11T05:30:00+00:00,4256.207
46411,2011-06-11T05:45:00+00:00,4256.116
46411,2011-06-11T06:00:00+00:00,4256.023
46411,2011-06-11T06:15:00+00:00,4255.930
46411,2011-06-11T06:30:00+00:00,4255.833
46411,2011-06-11T06:45:00+00:00,4255.745
46411,2011-06-11T07:00:00+00:00,4255.659
46411,2011-06-11T07:15:00+00:00,4255.578
46411,2011-06-11T07:30:00+00:00,4255.500
46411,2011-06-11T07:45:00+00:00,4255.428
46411,2011-06-11T08:00:00+00:00,4255.365
46411,2011-06-11T08:15:00+00:00,4255.307
46411,2011-06-11T08:30:00+00:00,4255.260
46411,2011-06-11T08:45:00+00:00,4255.225
46411,2011-06-11T09:00:00+00:00,4255.198
46411,2011-06-11T09:15:00+00:00,4255.179
46411,2011-06-11T09:30:00+00:00,4255.173
46411,2011-06-11T09:45:00+00:00,4255.176
46411,2011-06-11T10:00:00+00:00,4255.187
46411,2011-06-11T10:15:00+00:00,4255.207
46411,2011-06-11T10:30:00+00:00,4255.234
46411,2011-06-11T10:45:00+00:00,4255.268
46411,2011-06-11T11:00:00+00:00,4255.312
46411,2011-06-11T11:15:00+00:00,4255.363
46411,2011-06-11T11:30:00+00:00,4255.420
46411,2011-06-11T11:45:00+00:00,4255.481
46411,2011-06-11T12:00:00+00:00,4255.542
46411,2011-06-11T12:15:00+00:00,4255.607
46411,2011-06-11T12:30:00+00:00,4255.671
46411,2011-06-11T12:45:00+00:00,4255.735
46411,2011-06-11T13:00:00+00:00,4255.799
46411,2011-06-11T13:15:00+00:00,4255.862
46411,2011-06-11T13:30:00+00:00,4255.921
46411,2011-06-11T13:45:00+00:00,4255.974
46411,2011-06-11T14:00:00+00:00,4256.023
46411,2011-06-11T14:15:00+00:00,4256.064
46411,2011-06-11T14:30:00+00:00,4256.102
46411,2011-06-11T14:45:00+00:00,4256.133
46411,2011-06-11T15:00:00+00:00,4256.160
46411,2011-06-11T15:15:00+00:00,4256.179
46411,2011-06-11T15:30:00+00:00,4256.190
46411,2011-06-11T15:45:00+00:00,4256.194
46411,2011-06-11T16:00:00+00:00,4256.194
46411,2011-06-11T16:15:00+00:00,4256.184
46411,2011-06-11T16:30:00+00:00,4256.167
46411,2011-06-11T16:45:00+00:00,4256.141
46411,2011-06-11T17:00:00+00:00,4256.112
46411,2011-06-11T17:15:00+00:00,4256.078
46411,2011-06-11T17:30:00+00:00,4256.038
46411,2011-06-11T17:45:00+00:00,4256.001
46411,2011-06-11T18:00:00+00:00,4255.957
46411,2011-06-11T18:15:00+00:00,4255.914
46411,2011-06-11T18:30:00+00:00,4255.872
46411,2011-06-11T18:45:00+00:00,4255.829
46411,2011-06-11T19:00:00+00:00,4255.788
46411,2011-06-11T19:15:00+00:00,4255.752
46411,2011-06-11T19:30:00+00:00,4255.717
46411,2011-06-11T19:45:00+00:00,4255.689
46411,2011-06-11T20:00:00+00:00,4255.665
46411,2011-06-11T20:15:00+00:00,4255.648
46411,2011-06-11T20:30:00+00:00,4255.634
46411,2011-06-11T20:45:00+00:00,4255.631
46411,2011-06-11T21:00:00+00:00,4255.634
46411,2011-06-11T21:15:00+00:00,4255.642
46411,2011-06-11T21:30:00+00:00,4255.662
46411,2011-06-11T21:45:00+00:00,4255.687
46411,2011-06-11T22:00:00+00:00,4255.721
46411,2011-06-11T22:15:00+00:00,4255.762
46411,2011-06-11T22:30:00+00:00,4255.814
46411,2011-06-11T22:45:00+00:00,4255.869
46411,2011-06-11T23:00:00+00:00,4255.934
46411,2011-06-11T23:15:00+00:00,4256.001
46411,2011-06-11T23:30:00+00:00,4256.073
46411,2011-06-11T23:45:00+00:00,4256.148
46411,2011-06-12T00:00:00+00:00,4256.224
46411,2011-06-12T00:15:00+00:00,4256.302
46411,2011-06-12T00:30:00+00:00,4256.384
46411,2011-06-12T00:45:00+00:00,4256.461
46411,2011-06-12T01:00:00+00:00,4256.536
46411,2011-06-12T01:15:00+00:00,4256.609
46411,2011-06-12T01:30:00+00:00,4256.675
46411,2011-06-12T01:45:00+00:00,4256.739
46411,2011-06-12T02:00:00+00:00,4256.793
46411,2011-06-12T02:15:00+00:00,4256.838
46411,2011-06-12T02:30:00+00:00,4256.878
46411,2011-06-12T02:45:00+00:00,4256.907
46411,2011-06-12T03:00:00+00:00,4256.927
46411,2011-06-12T03:15:00+00:00,4256.936
46411,2011-06-12T03:30:00+00:00,4256.935
46411,2011-06-12T03:45:00+00:00,4256.922
46411,2011-06-12T04:00:00+00:00,4256.898
46411,2011-06-12T04:15:00+00:00,4256.864
46411,2011-06-12T04:30:00+00:00,4256.819
46411,2011-06-12T04:45:00+00:00,4256.764
46411,2011-06-12T05:00:00+00:00,4256.699
46411,2011-06-12T05:15:00+00:00,4256.626
46411,2011-06-12T05:30:00+00:00,4256.545
46411,2011-06-12T05:45:00+00:00,4256.453
46411,2011-06-12T06:00:00+00:00,4256.354
46411,2011-06-12T06:15:00+00:00,4256.250
46411,2011-06-12T06:30:00+00:00,4256.145
46411,2011-06-12T06:45:00+00:00,4256.038
46411,2011-06-12T07:00:00+00:00,4255.931
46411,2011-06-12T07:15:00+00:00,4255.824
46411,2011-06-12T07:30:00+00:00,4255.720
46411,2011-06-12T07:45:00+00:00,4255.616
46411,2011-06-12T08:00:00+00:00,4255.519
46411,2011-06-12T08:15:00+00:00,4255.425
46411,2011-06-12T08:30:00+00:00,4255.335
46411,2011-06-12T08:45:00+00:00,4255.257
46411,2011-06-12T09:00:00+00:00,4255.187
46411,2011-06-12T09:15:00+00:00,4255.125
46411,2011-06-12T09:30:00+00:00,4255.075
46411,2011-06-12T09:45:00+00:00,4255.035
46411,2011-06-12T10:00:00+00:00,4255.006
46411,2011-06-12T10:15:00+00:00,4254.987
46411,2011-06-12T10:30:00+00:00,4254.978
46411,2011-06-12T10:45:00+00:00,4254.981
46411,2011-06-12T11:00:00+00:00,4254.991
46411,2011-06-12T11:15:00+00:00,4255.015
46411,2011-06-12T11:30:00+00:00,4255.049
46411,2011-06-12T11:45:00+00:00,4255.093
46411,2011-06-12T12:00:00+00:00,4255.147
46411,2011-06-12T12:15:00+00:00,4255.202
46411,2011-06-12T12:30:00+00:00,4255.267
46411,2011-06-12T12:45:00+00:00,4255.337
46411,2011-06-12T13:00:00+00:00,4255.406
46411,2011-06-12T13:15:00+00:00,4255.482
46411,2011-06-12T13:30:00+00:00,4255.557
46411,2011-06-12T13:45:00+00:00,4255.632
46411,2011-06-12T14:00:00+00:00,4255.706
46411,2011-06-12T14:15:00+00:00,4255.780
46411,2011-06-12T14:30:00+00:00,4255.848
46411,2011-06-12T14:45:00+00:00,4255.914
46411,2011-06-12T15:00:00+00:00,4255.976
46411,2011-06-12T15:15:00+00:00,4256.033
46411,2011-06-12T15:30:00+00:00,4256.085
46411,2011-06-12T15:45:00+00:00,4256.129
46411,2011-06-12T16:00:00+00:00,4256.164
46411,2011-06-12T16:15:00+00:00,4256.193
46411,2011-06-12T16:30:00+00:00,4256.214
46411,2011-06-12T16:45:00+00:00,4256.226
46411,2011-06-12T17:00:00+00:00,4256.231
46411,2011-06-12T17:15:00+00:00,4256.229
46411,2011-06-12T17:30:00+00:00,4256.220
46411,2011-06-12T17:45:00+00:00,4256.205
46411,2011-06-12T18:00:00+00:00,4256.182
46411,2011-06-12T18:15:00+00:00,4256.154
46411,2011-06-12T18:30:00+00:00,4256.126
46411,2011-06-12T18:45:00+00:00,4256.090
46411,2011-06-12T19:00:00+00:00,4256.053
46411,2011-06-12T19:15:00+00:00,4256.011
46411,2011-06-12T19:30:00+00:00,4255.972
46411,2011-06-12T19:45:00+00:00,4255.932
46411,2011-06-12T20:00:00+00:00,4255.895
46411,2011-06-12T20:15:00+00:00,4255.859
46411,2011-06-12T20:30:00+00:00,4255.828
46411,2011-06-12T20:45:00+00:00,4255.799
46411,2011-06-12T21:00:00+00:00,4255.777
46411,2011-06-12T21:15:00+00:00,4255.760
46411,2011-06-12T21:30:00+00:00,4255.749
46411,2011-06-12T21:45:00+00:00,4255.747
46411,2011-06-12T22:00:00+00:00,4255.752
46411,2011-06-12T22:15:00+00:00,4255.764
46411,2011-06-12T22:30:00+00:00,4255.783
46411,2011-06-12T22:45:00+00:00,4255.812
46411,2011-06-12T23:00:00+00:00,4255.847
46411,2011-06-12T23:15:00+00:00,4255.893
46411,2011-06-12T23:30:00+00:00,4255.943
46411,2011-06-12T23:45:00+00:00,4256.000
46411,2011-06-13T00:00:00+00:00,4256.063
46411,2011-06-13T00:15:00+00:00,4256.133
46411,2011-06-13T00:30:00+00:00,4256.206
46411,2011-06-13T00:45:00+00:00,4256.285
46411,2011-06-13T01:00:00+00:00,4256.361
46411,2011-06-13T01:15:00+00:00,4256.438
46411,2011-06-13T01:30:00+00:00,4256.514
46411,2011-06-13T01:45:00+00:00,4256.589
46411,2011-06-13T02:00:00+00:00,4256.662
46411,2011-06-13T02:15:00+00:00,4256.731
46411,2011-06-13T02:30:00+00:00,4256.794
46411,2011-06-13T02:45:00+00:00,4256.851
46411,2011-06-13T03:00:00+00:00,4256.898
46411,2011-06-13T03:15:00+00:00,4256.939
46411,2011-06-13T03:30:00+00:00,4256.971
46411,2011-06-13T03:45:00+00:00,4256.991
46411,2011-06-13T04:00:00+00:00,4256.999
46411,2011-06-13T04:15:00+00:00,4256.998
46411,2011-06-13T04:30:00+00:00,4256.983
46411,2011-06-13T04:45:00+00:00,4256.960
46411,2011-06-13T05:00:00+00:00,4256.925
46411,2011-06-13T05:15:00+00:00,4256.880
46411,2011-06-13T05:30:00+00:00,4256.822
46411,2011-06-13T05:45:00+00:00,4256.756
46411,2011-06-13T06:00:00+00:00,4256.679
46411,2011-06-13T06:15:00+00:00,4256.590
46411,2011-06-13T06:30:00+00:00,4256.491
46411,2011-06-13T06:45:00+00:00,4256.390
46411,2011-06-13T07:00:00+00:00,4256.279
46411,2011-06-13T07:15:00+00:00,4256.162
46411,2011-06-13T07:30:00+00:00,4256.041
46411,2011-06-13T07:45:00+00:00,4255.921
46411,2011-06-13T08:00:00+00:00,4255.800
46411,2011-06-13T08:15:00+00:00,4255.681
46411,2011-06-13T08:30:00+00:00,4255.564
46411,2011-06-13T08:45:00+00:00,4255.453
46411,2011-06-13T09:00:00+00:00,4255.343
46411,2011-06-13T09:15:00+00:00,4255.245
46411,2011-06-13T09:30:00+00:00,4255.150
46411,2011-06-13T09:45:00+00:00,4255.068
46411,2011-06-13T10:00:00+00:00,4254.993
46411,2011-06-13T10:15:00+00:00,4254.931
46411,2011-06-13T10:30:00+00:00,4254.877
46411,2011-06-13T10:45:00+00:00,4254.836
46411,2011-06-13T11:00:00+00:00,4254.807
46411,2011-06-13T11:15:00+00:00,4254.789
46411,2011-06-13T11:30:00+00:00,4254.785
46411,2011-06-13T11:45:00+00:00,4254.793
46411,2011-06-13T12:00:00+00:00,4254.816
46411,2011-06-13T12:15:00+00:00,4254.849
46411,2011-06-13T12:30:00+00:00,4254.892
46411,2011-06-13T12:45:00+00:00,4254.944
46411,2011-06-13T13:00:00+00:00,4255.005
46411,2011-06-13T13:15:00+00:00,4255.074
46411,2011-06-13T13:30:00+00:00,4255.149
46411,2011-06-13T13:45:00+00:00,4255.229
46411,2011-06-13T14:00:00+00:00,4255.312
46411,2011-06-13T14:15:00+00:00,4255.399
46411,2011-06-13T14:30:00+00:00,4255.486
46411,2011-06-13T14:45:00+00:00,4255.575
46411,2011-06-13T15:00:00+00:00,4255.664
46411,2011-06-13T15:15:00+00:00,4255.752
46411,2011-06-13T15:30:00+00:00,4255.834
46411,2011-06-13T15:45:00+00:00,4255.914
46411,2011-06-13T16:00:00+00:00,4255.989
46411,2011-06-13T16:15:00+00:00,4256.056
46411,2011-06-13T16:30:00+00:00,4256.114
46411,2011-06-13T16:45:00+00:00,4256.165
46411,2011-06-13T17:00:00+00:00,4256.207
46411,2011-06-13T17:15:00+00:00,4256.243
46411,2011-06-13T17:30:00+00:00,4256.270
46411,2011-06-13T17:45:00+00:00,4256.289
46411,2011-06-13T18:00:00+00:00,4256.299
46411,2011-06-13T18:15:00+00:00,4256.302
46411,2011-06-13T18:30:00+00:00,4256.297
46411,2011-06-13T18:45:00+00:00,4256.283
46411,2011-06-13T19:00:00+00:00,4256.262
46411,2011-06-13T19:15:00+00:00,4256.236
46411,2011-06-13T19:30:00+00:00,4256.203
46411,2011-06-13T19:45:00+00:00,4256.169
46411,2011-06-13T20:00:00+00:00,4256.129
46411,2011-06-13T20:15:00+00:00,4256.091
46411,2011-06-13T20:30:00+00:00,4256.049
46411,2011-06-13T20:45:00+00:00,4256.007
46411,2011-06-13T21:00:00+00:00,4255.969
46411,2011-06-13T21:15:00+00:00,4255.934
46411,2011-06-13T21:30:00+00:00,4255.900
46411,2011-06-13T21:45:00+00:00,4255.873
46411,2011-06-13T22:00:00+00:00,4255.850
46411,2011-06-13T22:15:00+00:00,4255.830
46411,2011-06-13T22:30:00+00:00,4255.822
46411,2011-06-13T22:45:00+00:00,4255.815
46411,2011-06-13T23:00:00+00:00,4255.821
46411,2011-06-13T23:15:00+00:00,4255.835
46411,2011-06-13T23:30:00+00:00,4255.859
46411,2011-06-13T23:45:00+00:00,4255.892
46411,2011-06-14T00:00:00+00:00,4255.931
46411,2011-06-14T00:15:00+00:00,4255.981
46411,2011-06-14T00:30:00+00:00,4256.033
46411,2011-06-14T00:45:00+00:00,4256.094
46411,2011-06-14T01:00:00+00:00,4256.160
46411,2011-06-14T01:15:00+00:00,4256.229
46411,2011-06-14T01:30:00+00:00,4256.304
46411,2011-06-14T01:45:00+00:00,4256.379
46411,2011-06-14T02:00:00+00:00,4256.455
46411,2011-06-14T02:15:00+00:00,4256.534
46411,2011-06-14T02:30:00+00:00,4256.613
46411,2011-06-14T02:45:00+00:00,4256.686
46411,2011-06-14T03:00:00+00:00,4256.757
46411,2011-06-14T03:15:00+00:00,4256.823
46411,2011-06-14T03:30:00+00:00,4256.881
46411,2011-06-14T03:45:00+00:00,4256.934
46411,2011-06-14T04:00:00+00:00,4256.977
46411,2011-06-14T04:15:00+00:00,4257.009
46411,2011-06-14T04:30:00+00:00,4257.033
46411,2011-06-14T04:45:00+00:00,4257.047
46411,2011-06-14T05:00:00+00:00,4257.048
46411,2011-06-14T05:15:00+00:00,4257.036
46411,2011-06-14T05:30:00+00:00,4257.012
46411,2011-06-14T05:45:00+00:00,4256.978
46411,2011-06-14T06:00:00+00:00,4256.930
46411,2011-06-14T06:15:00+00:00,4256.870
46411,2011-06-14T06:30:00+00:00,4256.802
46411,2011-06-14T06:45:00+00:00,4256.722
46411,2011-06-14T07:00:00+00:00,4256.630
46411,2011-06-14T07:15:00+00:00,4256.532
46411,2011-06-14T07:30:00+00:00,4256.424
46411,2011-06-14T07:45:00+00:00,4256.311
46411,2011-06-14T08:00:00+00:00,4256.191
46411,2011-06-14T08:15:00+00:00,4256.064
46411,2011-06-14T08:30:00+00:00,4255.935
46411,2011-06-14T08:45:00+00:00,4255.805
46411,2011-06-14T09:00:00+00:00,4255.679
46411,2011-06-14T09:15:00+00:00,4255.554
46411,2011-06-14T09:30:00+00:00,4255.432
46411,2011-06-14T09:45:00+00:00,4255.317
46411,2011-06-14T10:00:00+00:00,4255.208
46411,2011-06-14T10:15:00+00:00,4255.103
46411,2011-06-14T10:30:00+00:00,4255.008
46411,2011-06-14T10:45:00+00:00,4254.924
46411,2011-06-14T11:00:00+00:00,4254.851
46411,2011-06-14T11:15:00+00:00,4254.788
46411,2011-06-14T11:30:00+00:00,4254.740
46411,2011-06-14T11:45:00+00:00,4254.707
46411,2011-06-14T12:00:00+00:00,4254.684
46411,2011-06-14T12:15:00+00:00,4254.674
46411,2011-06-14T12:30:00+00:00,4254.678
46411,2011-06-14T12:45:00+00:00,4254.693
46411,2011-06-14T13:00:00+00:00,4254.720
46411,2011-06-14T13:15:00+00:00,4254.761
46411,2011-06-14T13:30:00+00:00,4254.811
46411,2011-06-14T13:45:00+00:00,4254.871
46411,2011-06-14T14:00:00+00:00,4254.941
46411,2011-06-14T14:15:00+00:00,4255.019
46411,2011-06-14T14:30:00+00:00,4255.104
46411,2011-06-14T14:45:00+00:00,4255.197
46411,2011-06-14T15:00:00+00:00,4255.292
46411,2011-06-14T15:15:00+00:00,4255.391
46411,2011-06-14T15:30:00+00:00,4255.493
46411,2011-06-14T15:45:00+00:00,4255.591
46411,2011-06-14T16:00:00+00:00,4255.687
46411,2011-06-14T16:15:00+00:00,4255.781
46411,2011-06-14T16:30:00+00:00,4255.869
46411,2011-06-14T16:45:00+00:00,4255.952
46411,2011-06-14T17:00:00+00:00,4256.026
46411,2011-06-14T17:15:00+00:00,4256.094
46411,2011-06-14T17:30:00+00:00,4256.156
46411,2011-06-14T17:45:00+00:00,4256.212
46411,2011-06-14T18:00:00+00:00,4256.259
46411,2011-06-14T18:15:00+00:00,4256.296
46411,2011-06-14T18:30:00+00:00,4256.325
46411,2011-06-14T18:45:00+00:00,4256.345
46411,2011-06-14T19:00:00+00:00,4256.352
46411,2011-06-14T19:15:00+00:00,4256.353
46411,2011-06-14T19:30:00+00:00,4256.346
46411,2011-06-14T19:45:00+00:00,4256.327
46411,2011-06-14T20:00:00+00:00,4256.303
46411,2011-06-14T20:15:00+00:00,4256.275
46411,2011-06-14T20:30:00+00:00,4256.239
46411,2011-06-14T20:45:00+00:00,4256.201
46411,2011-06-14T21:00:00+00:00,4256.164
46411,2011-06-14T21:15:00+00:00,4256.120
46411,2011-06-14T21:30:00+00:00,4256.077
46411,2011-06-14T21:45:00+00:00,4256.036
46411,2011-06-14T22:00:00+00:00,4255.997
46411,2011-06-14T22:15:00+00:00,4255.962
46411,2011-06-14T22:30:00+00:00,4255.930
46411,2011-06-14T22:45:00+00:00,4255.907
46411,2011-06-14T23:00:00+00:00,4255.888
46411,2011-06-14T23:15:00+00:00,4255.873
46411,2011-06-14T23:30:00+00:00,4255.866
46411,2011-06-14T23:45:00+00:00,4255.865
46411,2011-06-15T00:00:00+00:00,4255.873
46411,2011-06-15T00:15:00+00:00,4255.890
46411,2011-06-15T00:30:00+00:00,4255.914
46411,2011-06-15T00:45:00+00:00,4255.948
46411,2011-06-15T01:00:00+00:00,4255.989
46411,2011-06-15T01:15:00+00:00,4256.038
46411,2011-06-15T01:30:00+00:00,4256.093
46411,2011-06-15T01:45:00+00:00,4256.155
46411,2011-06-15T02:00:00+00:00,4256.224
46411,2011-06-15T02:15:00+00:00,4256.296
46411,2011-06-15T02:30:00+00:00,4256.372
46411,2011-06-15T02:45:00+00:00,4256.450
46411,2011-06-15T03:00:00+00:00,4256.531
46411,2011-06-15T03:15:00+00:00,4256.609
46411,2011-06-15T03:30:00+00:00,4256.684
46411,2011-06-15T03:45:00+00:00,4256.755
46411,2011-06-15T04:00:00+00:00,4256.822
46411,2011-06-15T04:15:00+00:00,4256.886
46411,2011-06-15T04:30:00+00:00,4256.941
46411,2011-06-15T04:45:00+00:00,4256.991
46411,2011-06-15T05:00:00+00:00,4257.028
46411,2011-06-15T05:15:00+00:00,4257.053
46411,2011-06-15T05:30:00+00:00,4257.068
46411,2011-06-15T05:45:00+00:00,4257.070
46411,2011-06-15T06:00:00+00:00,4257.059
46411,2011-06-15T06:15:00+00:00,4257.032
46411,2011-06-15T06:30:00+00:00,4256.995
46411,2011-06-15T06:45:00+00:00,4256.947
46411,2011-06-15T07:00:00+00:00,4256.887
46411,2011-06-15T07:15:00+00:00,4256.817
46411,2011-06-15T07:30:00+00:00,4256.736
46411,2011-06-15T07:45:00+00:00,4256.645
46411,2011-06-15T08:00:00+00:00,4256.543
46411,2011-06-15T08:15:00+00:00,4256.436
46411,2011-06-15T08:30:00+00:00,4256.318
46411,2011-06-15T08:45:00+00:00,4256.196
46411,2011-06-15T09:00:00+00:00,4256.069
46411,2011-06-15T09:15:00+00:00,4255.939
46411,2011-06-15T09:30:00+00:00,4255.808
46411,2011-06-15T09:45:00+00:00,4255.676
46411,2011-06-15T10:00:00+00:00,4255.545
46411,2011-06-15T10:15:00+00:00,4255.419
46411,2011-06-15T10:30:00+00:00,4255.295
46411,2011-06-15T10:45:00+00:00,4255.180
46411,2011-06-15T11:00:00+00:00,4255.073
46411,2011-06-15T11:15:00+00:00,4254.976
46411,2011-06-15T11:30:00+00:00,4254.887
46411,2011-06-15T11:45:00+00:00,4254.809
46411,2011-06-15T12:00:00+00:00,4254.741
46411,2011-06-15T12:15:00+00:00,4254.688
46411,2011-06-15T12:30:00+00:00,4254.648
46411,2011-06-15T12:45:00+00:00,4254.621
46411,2011-06-15T13:00:00+00:00,4254.607
46411,2011-06-15T13:15:00+00:00,4254.607
46411,2011-06-15T13:30:00+00:00,4254.624
46411,2011-06-15T13:45:00+00:00,4254.650
46411,2011-06-15T14:00:00+00:00,4254.690
46411,2011-06-15T14:15:00+00:00,4254.742
46411,2011-06-15T14:30:00+00:00,4254.803
46411,2011-06-15T14:45:00+00:00,4254.876
46411,2011-06-15T15:00:00+00:00,4254.958
46411,2011-06-15T15:15:00+00:00,4255.044
46411,2011-06-15T15:30:00+00:00,4255.139
46411,2011-06-15T15:45:00+00:00,4255.241
46411,2011-06-15T16:00:00+00:00,4255.343
46411,2011-06-15T16:15:00+00:00,4255.446
46411,2011-06-15T16:30:00+00:00,4255.549
46411,2011-06-15T16:45:00+00:00,4255.651
46411,2011-06-15T17:00:00+00:00,4255.751
46411,2011-06-15T17:15:00+00:00,4255.845
46411,2011-06-15T17:30:00+00:00,4255.937
46411,2011-06-15T17:45:00+00:00,4256.022
46411,2011-06-15T18:00:00+00:00,4256.100
46411,2011-06-15T18:15:00+00:00,4256.169
46411,2011-06-15T18:30:00+00:00,4256.232
46411,2011-06-15T18:45:00+00:00,4256.283
46411,2011-06-15T19:00:00+00:00,4256.323
46411,2011-06-15T19:15:00+00:00,4256.354
46411,2011-06-15T19:30:00+00:00,4256.375
46411,2011-06-15T19:45:00+00:00,4256.387
46411,2011-06-15T20:00:00+00:00,4256.393
46411,2011-06-15T20:15:00+00:00,4256.390
46411,2011-06-15T20:30:00+00:00,4256.375
46411,2011-06-15T20:45:00+00:00,4256.358
46411,2011-06-15T21:00:00+00:00,4256.330
46411,2011-06-15T21:15:00+00:00,4256.300
46411,2011-06-15T21:30:00+00:00,4256.262
46411,2011-06-15T21:45:00+00:00,4256.220
46411,2011-06-15T22:00:00+00:00,4256.179
46411,2011-06-15T22:15:00+00:00,4256.137
46411,2011-06-15T22:30:00+00:00,4256.092
46411,2011-06-15T22:45:00+00:00,4256.051
46411,2011-06-15T23:00:00+00:00,4256.012
46411,2011-06-15T23:15:00+00:00,4255.976
46411,2011-06-15T23:30:00+00:00,4255.944
46411,2011-06-15T23:45:00+00:00,4255.917
46411,2011-06-16T00:00:00+00:00,4255.897
46411,2011-06-16T00:15:00+00:00,4255.883
46411,2011-06-16T00:30:00+00:00,4255.878
46411,2011-06-16T00:45:00+00:00,4255.882
46411,2011-06-16T01:00:00+00:00,4255.892
46411,2011-06-16T01:15:00+00:00,4255.915
46411,2011-06-16T01:30:00+00:00,4255.946
46411,2011-06-16T01:45:00+00:00,4255.979
46411,2011-06-16T02:00:00+00:00,4256.020
46411,2011-06-16T02:15:00+00:00,4256.071
46411,2011-06-16T02:30:00+00:00,4256.127
46411,2011-06-16T02:45:00+00:00,4256.192
46411,2011-06-16T03:00:00+00:00,4256.262
46411,2011-06-16T03:15:00+00:00,4256.337
46411,2011-06-16T03:30:00+00:00,4256.413
46411,2011-06-16T03:45:00+00:00,4256.493
46411,2011-06-16T04:00:00+00:00,4256.571
46411,2011-06-16T04:15:00+00:00,4256.647
46411,2011-06-16T04:30:00+00:00,4256.719
46411,2011-06-16T04:45:00+00:00,4256.789
46411,2011-06-16T05:00:00+00:00,4256.853
46411,2011-06-16T05:15:00+00:00,4256.904
46411,2011-06-16T05:30:00+00:00,4256.951
46411,2011-06-16T05:45:00+00:00,4256.988
46411,2011-06-16T06:00:00+00:00,4257.013
46411,2011-06-16T06:15:00+00:00,4257.026
46411,2011-06-16T06:30:00+00:00,4257.029
46411,2011-06-16T06:45:00+00:00,4257.020
46411,2011-06-16T07:00:00+00:00,4256.998
46411,2011-06-16T07:15:00+00:00,4256.967
46411,2011-06-16T07:30:00+00:00,4256.921
46411,2011-06-16T07:45:00+00:00,4256.864
46411,2011-06-16T08:00:00+00:00,4256.801
46411,2011-06-16T08:15:00+00:00,4256.722
46411,2011-06-16T08:30:00+00:00,4256.631
46411,2011-06-16T08:45:00+00:00,4256.535
46411,2011-06-16T09:00:00+00:00,4256.431
46411,2011-06-16T09:15:00+00:00,4256.315
46411,2011-06-16T09:30:00+00:00,4256.194
46411,2011-06-16T09:45:00+00:00,4256.066
46411,2011-06-16T10:00:00+00:00,4255.935
46411,2011-06-16T10:15:00+00:00,4255.805
46411,2011-06-16T10:30:00+00:00,4255.675
46411,2011-06-16T10:45:00+00:00,4255.544
46411,2011-06-16T11:00:00+00:00,4255.416
46411,2011-06-16T11:15:00+00:00,4255.296
46411,2011-06-16T11:30:00+00:00,4255.179
46411,2011-06-16T11:45:00+00:00,4255.068
46411,2011-06-16T12:00:00+00:00,4254.968
46411,2011-06-16T12:15:00+00:00,4254.879
46411,2011-06-16T12:30:00+00:00,4254.798
46411,2011-06-16T12:45:00+00:00,4254.728
46411,2011-06-16T13:00:00+00:00,4254.672
46411,2011-06-16T13:15:00+00:00,4254.630
46411,2011-06-16T13:30:00+00:00,4254.601
46411,2011-06-16T13:45:00+00:00,4254.584
46411,2011-06-16T14:00:00+00:00,4254.585
46411,2011-06-16T14:15:00+00:00,4254.603
46411,2011-06-16T14:30:00+00:00,4254.629
46411,2011-06-16T14:45:00+00:00,4254.669
46411,2011-06-16T15:00:00+00:00,4254.725
46411,2011-06-16T15:15:00+00:00,4254.789
46411,2011-06-16T15:30:00+00:00,4254.865
46411,2011-06-16T15:45:00+00:00,4254.948
46411,2011-06-16T16:00:00+00:00,4255.041
46411,2011-06-16T16:15:00+00:00,4255.138
46411,2011-06-16T16:30:00+00:00,4255.242
46411,2011-06-16T16:45:00+00:00,4255.346
46411,2011-06-16T17:00:00+00:00,4255.452
46411,2011-06-16T17:15:00+00:00,4255.559
46411,2011-06-16T17:30:00+00:00,4255.662
46411,2011-06-16T17:45:00+00:00,4255.762
46411,2011-06-16T18:00:00+00:00,4255.859
46411,2011-06-16T18:15:00+00:00,4255.955
46411,2011-06-16T18:30:00+00:00,4256.041
46411,2011-06-16T18:45:00+00:00,4256.121
46411,2011-06-16T19:00:00+00:00,4256.194
46411,2011-06-16T19:15:00+00:00,4256.258
46411,2011-06-16T19:30:00+00:00,4256.309
46411,2011-06-16T19:45:00+00:00,4256.351
46411,2011-06-16T20:00:00+00:00,4256.386
46411,2011-06-16T20:15:00+00:00,4256.410
46411,2011-06-16T20:30:00+00:00,4256.425
46411,2011-06-16T20:45:00+00:00,4256.430
46411,2011-06-16T21:00:00+00:00,4256.424
46411,2011-06-16T21:15:00+00:00,4256.411
46411,2011-06-16T21:30:00+00:00,4256.391
46411,2011-06-16T21:45:00+00:00,4256.361
46411,2011-06-16T22:00:00+00:00,4256.326
46411,2011-06-16T22:15:00+00:00,4256.285
46411,2011-06-16T22:30:00+00:00,4256.244
46411,2011-06-16T22:45:00+00:00,4256.199
46411,2011-06-16T23:00:00+00:00,4256.154
46411,2011-06-16T23:15:00+00:00,4256.109
46411,2011-06-16T23:30:00+00:00,4256.063
46411,2011-06-16T23:45:00+00:00,4256.023
46411,2011-06-17T00:00:00+00:00,4255.980
46411,2011-06-17T00:15:00+00:00,4255.946
46411,2011-06-17T00:30:00+00:00,4255.919
46411,2011-06-17T00:45:00+00:00,4255.896
46411,2011-06-17T01:00:00+00:00,4255.877
46411,2011-06-17T01:15:00+00:00,4255.866
46411,2011-06-17T01:30:00+00:00,4255.867
46411,2011-06-17T01:45:00+00:00,4255.874
46411,2011-06-17T02:00:00+00:00,4255.890
46411,2011-06-17T02:15:00+00:00,4255.916
46411,2011-06-17T02:30:00+00:00,4255.949
46411,2011-06-17T02:45:00+00:00,4255.989
46411,2011-06-17T03:00:00+00:00,4256.037
46411,2011-06-17T03:15:00+00:00,4256.089
46411,2011-06-17T03:30:00+00:00,4256.154
46411,2011-06-17T03:45:00+00:00,4256.219
46411,2011-06-17T04:00:00+00:00,4256.291
46411,2011-06-17T04:15:00+00:00,4256.366
46411,2011-06-17T04:30:00+00:00,4256.442
46411,2011-06-17T04:45:00+00:00,4256.517
46411,2011-06-17T05:00:00+00:00,4256.590
46411,2011-06-17T05:15:00+00:00,4256.660
46411,2011-06-17T05:30:00+00:00,4256.728
46411,2011-06-17T05:45:00+00:00,4256.791
46411,2011-06-17T06:00:00+00:00,4256.843
46411,2011-06-17T06:15:00+00:00,4256.888
46411,2011-06-17T06:30:00+00:00,4256.923
46411,2011-06-17T06:45:00+00:00,4256.950
46411,2011-06-17T07:00:00+00:00,4256.966
46411,2011-06-17T07:15:00+00:00,4256.967
46411,2011-06-17T07:30:00+00:00,4256.963
46411,2011-06-17T07:45:00+00:00,4256.945
46411,2011-06-17T08:00:00+00:00,4256.913
46411,2011-06-17T08:15:00+00:00,4256.873
46411,2011-06-17T08:30:00+00:00,4256.820
46411,2011-06-17T08:45:00+00:00,4256.754
46411,2011-06-17T09:00:00+00:00,4256.678
46411,2011-06-17T09:15:00+00:00,4256.592
46411,2011-06-17T09:30:00+00:00,4256.498
46411,2011-06-17T09:45:00+00:00,4256.396
46411,2011-06-17T10:00:00+00:00,4256.284
46411,2011-06-17T10:15:00+00:00,4256.168
46411,2011-06-17T10:30:00+00:00,4256.048
46411,2011-06-17T10:45:00+00:00,4255.923
46411,2011-06-17T11:00:00+00:00,4255.799
46411,2011-06-17T11:15:00+00:00,4255.676
46411,2011-06-17T11:30:00+00:00,4255.550
46411,2011-06-17T11:45:00+00:00,4255.429
46411,2011-06-17T12:00:00+00:00,4255.310
46411,2011-06-17T12:15:00+00:00,4255.197
46411,2011-06-17T12:30:00+00:00,4255.089
46411,2011-06-17T12:45:00+00:00,4254.989
46411,2011-06-17T13:00:00+00:00,4254.899
46411,2011-06-17T13:15:00+00:00,4254.822
46411,2011-06-17T13:30:00+00:00,4254.757
46411,2011-06-17T13:45:00+00:00,4254.704
46411,2011-06-17T14:00:00+00:00,4254.663
46411,2011-06-17T14:15:00+00:00,4254.634
46411,2011-06-17T14:30:00+00:00,4254.623
46411,2011-06-17T14:45:00+00:00,4254.625
46411,2011-06-17T15:00:00+00:00,4254.639
46411,2011-06-17T15:15:00+00:00,4254.667
46411,2011-06-17T15:30:00+00:00,4254.708
46411,2011-06-17T15:45:00+00:00,4254.763
46411,2011-06-17T16:00:00+00:00,4254.828
46411,2011-06-17T16:15:00+00:00,4254.903
46411,2011-06-17T16:30:00+00:00,4254.987
46411,2011-06-17T16:45:00+00:00,4255.078
46411,2011-06-17T17:00:00+00:00,4255.175
46411,2011-06-17T17:15:00+00:00,4255.273
46411,2011-06-17T17:30:00+00:00,4255.378
46411,2011-06-17T17:45:00+00:00,4255.482
46411,2011-06-17T18:00:00+00:00,4255.586
46411,2011-06-17T18:15:00+00:00,4255.689
46411,2011-06-17T18:30:00+00:00,4255.789
46411,2011-06-17T18:45:00+00:00,4255.887
46411,2011-06-17T19:00:00+00:00,4255.978
46411,2011-06-17T19:15:00+00:00,4256.065
46411,2011-06-17T19:30:00+00:00,4256.142
46411,2011-06-17T19:45:00+00:00,4256.214
46411,2011-06-17T20:00:00+00:00,4256.274
46411,2011-06-17T20:15:00+00:00,4256.326
46411,2011-06-17T20:30:00+00:00,4256.368
46411,2011-06-17T20:45:00+00:00,4256.402
46411,2011-06-17T21:00:00+00:00,4256.424
46411,2011-06-17T21:15:00+00:00,4256.438
46411,2011-06-17T21:30:00+00:00,4256.437
46411,2011-06-17T21:45:00+00:00,4256.429
46411,2011-06-17T22:00:00+00:00,4256.410
46411,2011-06-17T22:15:00+00:00,4256.386
46411,2011-06-17T22:30:00+00:00,4256.356
46411,2011-06-17T22:45:00+00:00,4256.320
46411,2011-06-17T23:00:00+00:00,4256.281
46411,2011-06-17T23:15:00+00:00,4256.238
46411,2011-06-17T23:30:00+00:00,4256.192
46411,2011-06-17T23:45:00+00:00,4256.143
46411,2011-06-18T00:00:00+00:00,4256.095
46411,2011-06-18T00:15:00+00:00,4256.047
46411,2011-06-18T00:30:00+00:00,4256.003
46411,2011-06-18T00:45:00+00:00,4255.963
46411,2011-06-18T01:00:00+00:00,4255.923
46411,2011-06-18T01:15:00+00:00,4255.889
46411,2011-06-18T01:30:00+00:00,4255.863
46411,2011-06-18T01:45:00+00:00,4255.845
46411,2011-06-18T02:00:00+00:00,4255.831
46411,2011-06-18T02:15:00+00:00,4255.829
46411,2011-06-18T02:30:00+00:00,4255.833
46411,2011-06-18T02:45:00+00:00,4255.846
46411,2011-06-18T03:00:00+00:00,4255.868
46411,2011-06-18T03:15:00+00:00,4255.897
46411,2011-06-18T03:30:00+00:00,4255.934
46411,2011-06-18T03:45:00+00:00,4255.976
46411,2011-06-18T04:00:00+00:00,4256.026
46411,2011-06-18T04:15:00+00:00,4256.082
46411,2011-06-18T04:30:00+00:00,4256.149
46411,2011-06-18T04:45:00+00:00,4256.213
46411,2011-06-18T05:00:00+00:00,4256.283
46411,2011-06-18T05:15:00+00:00,4256.354
46411,2011-06-18T05:30:00+00:00,4256.424
46411,2011-06-18T05:45:00+00:00,4256.492
46411,2011-06-18T06:00:00+00:00,4256.552
46411,2011-06-18T06:15:00+00:00,4256.614
46411,2011-06-18T06:30:00+00:00,4256.668
46411,2011-06-18T06:45:00+00:00,4256.719
46411,2011-06-18T07:00:00+00:00,4256.763
46411,2011-06-18T07:15:00+00:00,4256.799
46411,2011-06-18T07:30:00+00:00,4256.825
46411,2011-06-18T07:45:00+00:00,4256.844
46411,2011-06-18T08:00:00+00:00,4256.854
46411,2011-06-18T08:15:00+00:00,4256.853
46411,2011-06-18T08:30:00+00:00,4256.838
46411,2011-06-18T08:45:00+00:00,4256.811
46411,2011-06-18T09:00:00+00:00,4256.776
46411,2011-06-18T09:15:00+00:00,4256.729
46411,2011-06-18T09:30:00+00:00,4256.670
46411,2011-06-18T09:45:00+00:00,4256.601
46411,2011-06-18T10:00:00+00:00,4256.525
46411,2011-06-18T10:15:00+00:00,4256.437
46411,2011-06-18T10:30:00+00:00,4256.341
46411,2011-06-18T10:45:00+00:00,4256.237
46411,2011-06-18T11:00:00+00:00,4256.128
46411,2011-06-18T11:15:00+00:00,4256.016
46411,2011-06-18T11:30:00+00:00,4255.899
46411,2011-06-18T11:45:00+00:00,4255.780
46411,2011-06-18T12:00:00+00:00,4255.661
46411,2011-06-18T12:15:00+00:00,4255.545
46411,2011-06-18T12:30:00+00:00,4255.429
46411,2011-06-18T12:45:00+00:00,4255.319
46411,2011-06-18T13:00:00+00:00,4255.215
46411,2011-06-18T13:15:00+00:00,4255.117
46411,2011-06-18T13:30:00+00:00,4255.025
46411,2011-06-18T13:45:00+00:00,4254.942
46411,2011-06-18T14:00:00+00:00,4254.872
46411,2011-06-18T14:15:00+00:00,4254.810
46411,2011-06-18T14:30:00+00:00,4254.761
46411,2011-06-18T14:45:00+00:00,4254.728
46411,2011-06-18T15:00:00+00:00,4254.707
46411,2011-06-18T15:15:00+00:00,4254.700
46411,2011-06-18T15:30:00+00:00,4254.704
46411,2011-06-18T15:45:00+00:00,4254.724
46411,2011-06-18T16:00:00+00:00,4254.755
46411,2011-06-18T16:15:00+00:00,4254.794
46411,2011-06-18T16:30:00+00:00,4254.849
46411,2011-06-18T16:45:00+00:00,4254.913
46411,2011-06-18T17:00:00+00:00,4254.985
46411,2011-06-18T17:15:00+00:00,4255.065
46411,2011-06-18T17:30:00+00:00,4255.155
46411,2011-06-18T17:45:00+00:00,4255.248
46411,2011-06-18T18:00:00+00:00,4255.347
46411,2011-06-18T18:15:00+00:00,4255.446
46411,2011-06-18T18:30:00+00:00,4255.548
46411,2011-06-18T18:45:00+00:00,4255.649
46411,2011-06-18T19:00:00+00:00,4255.745
46411,2011-06-18T19:15:00+00:00,4255.843
46411,2011-06-18T19:30:00+00:00,4255.934
46411,2011-06-18T19:45:00+00:00,4256.021
46411,2011-06-18T20:00:00+00:00,4256.101
46411,2011-06-18T20:15:00+00:00,4256.174
46411,2011-06-18T20:30:00+00:00,4256.241
46411,2011-06-18T20:45:00+00:00,4256.298
46411,2011-06-18T21:00:00+00:00,4256.349
46411,2011-06-18T21:15:00+00:00,4256.389
46411,2011-06-18T21:30:00+00:00,4256.421
46411,2011-06-18T21:45:00+00:00,4256.442
46411,2011-06-18T22:00:00+00:00,4256.451
46411,2011-06-18T22:15:00+00:00,4256.453
46411,2011-06-18T22:30:00+00:00,4256.445
46411,2011-06-18T22:45:00+00:00,4256.428
46411,2011-06-18T23:00:00+00:00,4256.406
46411,2011-06-18T23:15:00+00:00,4256.372
46411,2011-06-18T23:30:00+00:00,4256.334
46411,2011-06-18T23:45:00+00:00,4256.290
46411,2011-06-19T00:00:00+00:00,4256.247
46411,2011-06-19T00:15:00+00:00,4256.199
46411,2011-06-19T00:30:00+00:00,4256.151
46411,2011-06-19T00:45:00+00:00,4256.103
46411,2011-06-19T01:00:00+00:00,4256.055
46411,2011-06-19T01:15:00+00:00,4256.010
46411,2011-06-19T01:30:00+00:00,4255.964
46411,2011-06-19T01:45:00+00:00,4255.925
46411,2011-06-19T02:00:00+00:00,4255.890
46411,2011-06-19T02:15:00+00:00,4255.861
46411,2011-06-19T02:30:00+00:00,4255.839
46411,2011-06-19T02:45:00+00:00,4255.826
46411,2011-06-19T03:00:00+00:00,4255.818
46411,2011-06-19T03:15:00+00:00,4255.816
46411,2011-06-19T03:30:00+00:00,4255.827
46411,2011-06-19T03:45:00+00:00,4255.845
46411,2011-06-19T04:00:00+00:00,4255.870
46411,2011-06-19T04:15:00+00:00,4255.899
46411,2011-06-19T04:30:00+00:00,4255.936
46411,2011-06-19T04:45:00+00:00,4255.978
46411,2011-06-19T05:00:00+00:00,4256.027
46411,2011-06-19T05:15:00+00:00,4256.079
46411,2011-06-19T05:30:00+00:00,4256.137
46411,2011-06-19T05:45:00+00:00,4256.199
46411,2011-06-19T06:00:00+00:00,4256.259
46411,2011-06-19T06:15:00+00:00,4256.316
46411,2011-06-19T06:30:00+00:00,4256.377
46411,2011-06-19T06:45:00+00:00,4256.435
46411,2011-06-19T07:00:00+00:00,4256.490
46411,2011-06-19T07:15:00+00:00,4256.543
46411,2011-06-19T07:30:00+00:00,4256.589
46411,2011-06-19T07:45:00+00:00,4256.630
46411,2011-06-19T08:00:00+00:00,4256.662
46411,2011-06-19T08:15:00+00:00,4256.689
46411,2011-06-19T08:30:00+00:00,4256.705
46411,2011-06-19T08:45:00+00:00,4256.710
46411,2011-06-19T09:00:00+00:00,4256.706
46411,2011-06-19T09:15:00+00:00,4256.694
46411,2011-06-19T09:30:00+00:00,4256.672
46411,2011-06-19T09:45:00+00:00,4256.641
46411,2011-06-19T10:00:00+00:00,4256.601
46411,2011-06-19T10:15:00+00:00,4256.552
46411,2011-06-19T10:30:00+00:00,4256.492
46411,2011-06-19T10:45:00+00:00,4256.423
46411,2011-06-19T11:00:00+00:00,4256.346
46411,2011-06-19T11:15:00+00:00,4256.260
46411,2011-06-19T11:30:00+00:00,4256.168
46411,2011-06-19T11:45:00+00:00,4256.072
46411,2011-06-19T12:00:00+00:00,4255.973
46411,2011-06-19T12:15:00+00:00,4255.869
46411,2011-06-19T12:30:00+00:00,4255.764
46411,2011-06-19T12:45:00+00:00,4255.659
46411,2011-06-19T13:00:00+00:00,4255.554
46411,2011-06-19T13:15:00+00:00,4255.452
46411,2011-06-19T13:30:00+00:00,4255.356
46411,2011-06-19T13:45:00+00:00,4255.264
46411,2011-06-19T14:00:00+00:00,4255.179
46411,2011-06-19T14:15:00+00:00,4255.099
46411,2011-06-19T14:30:00+00:00,4255.028
46411,2011-06-19T14:45:00+00:00,4254.967
46411,2011-06-19T15:00:00+00:00,4254.918
46411,2011-06-19T15:15:00+00:00,4254.877
46411,2011-06-19T15:30:00+00:00,4254.850
46411,2011-06-19T15:45:00+00:00,4254.836
46411,2011-06-19T16:00:00+00:00,4254.832
46411,2011-06-19T16:15:00+00:00,4254.842
46411,2011-06-19T16:30:00+00:00,4254.862
46411,2011-06-19T16:45:00+00:00,4254.891
46411,2011-06-19T17:00:00+00:00,4254.936
46411,2011-06-19T17:15:00+00:00,4254.987
46411,2011-06-19T17:30:00+00:00,4255.049
46411,2011-06-19T17:45:00+00:00,4255.120
46411,2011-06-19T18:00:00+00:00,4255.197
46411,2011-06-19T18:15:00+00:00,4255.279
46411,2011-06-19T18:30:00+00:00,4255.364
46411,2011-06-19T18:45:00+00:00,4255.458
46411,2011-06-19T19:00:00+00:00,4255.549
46411,2011-06-19T19:15:00+00:00,4255.644
46411,2011-06-19T19:30:00+00:00,4255.738
46411,2011-06-19T19:45:00+00:00,4255.830
46411,2011-06-19T20:00:00+00:00,4255.921
46411,2011-06-19T20:15:00+00:00,4256.009
46411,2011-06-19T20:30:00+00:00,4256.086
46411,2011-06-19T20:45:00+00:00,4256.159
46411,2011-06-19T21:00:00+00:00,4256.228
46411,2011-06-19T21:15:00+00:00,4256.288
46411,2011-06-19T21:30:00+00:00,4256.339
46411,2011-06-19T21:45:00+00:00,4256.381
46411,2011-06-19T22:00:00+00:00,4256.418
46411,2011-06-19T22:15:00+00:00,4256.441
46411,2011-06-19T22:30:00+00:00,4256.460
46411,2011-06-19T22:45:00+00:00,4256.469
46411,2011-06-19T23:00:00+00:00,4256.466
46411,2011-06-19T23:15:00+00:00,4256.455
46411,2011-06-19T23:30:00+00:00,4256.438
46411,2011-06-19T23:45:00+00:00,4256.416
46411,2011-06-20T00:00:00+00:00,4256.385
46411,2011-06-20T00:15:00+00:00,4256.347
46411,2011-06-20T00:30:00+00:00,4256.304
46411,2011-06-20T00:45:00+00:00,4256.260
46411,2011-06-20T01:00:00+00:00,4256.214
46411,2011-06-20T01:15:00+00:00,4256.166
46411,2011-06-20T01:30:00+00:00,4256.118
46411,2011-06-20T01:45:00+00:00,4256.072
46411,2011-06-20T02:00:00+00:00,4256.026
46411,2011-06-20T02:15:00+00:00,4255.983
46411,2011-06-20T02:30:00+00:00,4255.945
46411,2011-06-20T02:45:00+00:00,4255.907
46411,2011-06-20T03:00:00+00:00,4255.876
46411,2011-06-20T03:15:00+00:00,4255.849
46411,2011-06-20T03:30:00+00:00,4255.830
46411,2011-06-20T03:45:00+00:00,4255.818
46411,2011-06-20T04:00:00+00:00,4255.814
46411,2011-06-20T04:15:00+00:00,4255.814
46411,2011-06-20T04:30:00+00:00,4255.823
46411,2011-06-20T04:45:00+00:00,4255.843
46411,2011-06-20T05:00:00+00:00,4255.865
46411,2011-06-20T05:15:00+00:00,4255.893
46411,2011-06-20T05:30:00+00:00,4255.926
46411,2011-06-20T05:45:00+00:00,4255.965
46411,2011-06-20T06:00:00+00:00,4256.006
46411,2011-06-20T06:15:00+00:00,4256.054
46411,2011-06-20T06:30:00+00:00,4256.102
46411,2011-06-20T06:45:00+00:00,4256.151
46411,2011-06-20T07:00:00+00:00,4256.203
46411,2011-06-20T07:15:00+00:00,4256.255
46411,2011-06-20T07:30:00+00:00,4256.304
46411,2011-06-20T07:45:00+00:00,4256.354
46411,2011-06-20T08:00:00+00:00,4256.400
46411,2011-06-20T08:15:00+00:00,4256.444
46411,2011-06-20T08:30:00+00:00,4256.482
46411,2011-06-20T08:45:00+00:00,4256.514
46411,2011-06-20T09:00:00+00:00,4256.541
46411,2011-06-20T09:15:00+00:00,4256.556
46411,2011-06-20T09:30:00+00:00,4256.565
46411,2011-06-20T09:45:00+00:00,4256.567
46411,2011-06-20T10:00:00+00:00,4256.560
46411,2011-06-20T10:15:00+00:00,4256.543
46411,2011-06-20T10:30:00+00:00,4256.519
46411,2011-06-20T10:45:00+00:00,4256.484
46411,2011-06-20T11:00:00+00:00,4256.441
46411,2011-06-20T11:15:00+00:00,4256.390
46411,2011-06-20T11:30:00+00:00,4256.332
46411,2011-06-20T11:45:00+00:00,4256.265
46411,2011-06-20T12:00:00+00:00,4256.194
46411,2011-06-20T12:15:00+00:00,4256.116
46411,2011-06-20T12:30:00+00:00,4256.032
46411,2011-06-20T12:45:00+00:00,4255.949
46411,2011-06-20T13:00:00+00:00,4255.858
46411,2011-06-20T13:15:00+00:00,4255.767
46411,2011-06-20T13:30:00+00:00,4255.679
46411,2011-06-20T13:45:00+00:00,4255.593
46411,2011-06-20T14:00:00+00:00,4255.504
46411,2011-06-20T14:15:00+00:00,4255.421
46411,2011-06-20T14:30:00+00:00,4255.344
46411,2011-06-20T14:45:00+00:00,4255.270
46411,2011-06-20T15:00:00+00:00,4255.206
46411,2011-06-20T15:15:00+00:00,4255.149
46411,2011-06-20T15:30:00+00:00,4255.098
46411,2011-06-20T15:45:00+00:00,4255.057
46411,2011-06-20T16:00:00+00:00,4255.028
46411,2011-06-20T16:15:00+00:00,4255.010
46411,2011-06-20T16:30:00+00:00,4255.002
46411,2011-06-20T16:45:00+00:00,4255.006
46411,2011-06-20T17:00:00+00:00,4255.016
46411,2011-06-20T17:15:00+00:00,4255.039
46411,2011-06-20T17:30:00+00:00,4255.074
46411,2011-06-20T17:45:00+00:00,4255.117
46411,2011-06-20T18:00:00+00:00,4255.165
46411,2011-06-20T18:15:00+00:00,4255.224
46411,2011-06-20T18:30:00+00:00,4255.290
46411,2011-06-20T18:45:00+00:00,4255.362
46411,2011-06-20T19:00:00+00:00,4255.440
46411,2011-06-20T19:15:00+00:00,4255.521
46411,2011-06-20T19:30:00+00:00,4255.607
46411,2011-06-20T19:45:00+00:00,4255.693
46411,2011-06-20T20:00:00+00:00,4255.780
46411,2011-06-20T20:15:00+00:00,4255.865
46411,2011-06-20T20:30:00+00:00,4255.947
46411,2011-06-20T20:45:00+00:00,4256.026
46411,2011-06-20T21:00:00+00:00,4256.102
46411,2011-06-20T21:15:00+00:00,4256.175
46411,2011-06-20T21:30:00+00:00,4256.239
46411,2011-06-20T21:45:00+00:00,4256.299
46411,2011-06-20T22:00:00+00:00,4256.351
46411,2011-06-20T22:15:00+00:00,4256.398
46411,2011-06-20T22:30:00+00:00,4256.435
46411,2011-06-20T22:45:00+00:00,4256.464
46411,2011-06-20T23:00:00+00:00,4256.486
46411,2011-06-20T23:15:00+00:00,4256.500
46411,2011-06-20T23:30:00+00:00,4256.504
46411,2011-06-20T23:45:00+00:00,4256.498
46411,2011-06-21T00:00:00+00:00,4256.487
46411,2011-06-21T00:15:00+00:00,4256.467
46411,2011-06-21T00:30:00+00:00,4256.440
46411,2011-06-21T00:45:00+00:00,4256.408
46411,2011-06-21T01:00:00+00:00,4256.370
46411,2011-06-21T01:15:00+00:00,4256.329
46411,2011-06-21T01:30:00+00:00,4256.285
46411,2011-06-21T01:45:00+00:00,4256.238
46411,2011-06-21T02:00:00+00:00,4256.187
46411,2011-06-21T02:15:00+00:00,4256.142
46411,2011-06-21T02:30:00+00:00,4256.092
46411,2011-06-21T02:45:00+00:00,4256.046
46411,2011-06-21T03:00:00+00:00,4256.001
46411,2011-06-21T03:15:00+00:00,4255.958
46411,2011-06-21T03:30:00+00:00,4255.918
46411,2011-06-21T03:45:00+00:00,4255.885
46411,2011-06-21T04:00:00+00:00,4255.854
46411,2011-06-21T04:15:00+00:00,4255.832
46411,2011-06-21T04:30:00+00:00,4255.813
46411,2011-06-21T04:45:00+00:00,4255.802
46411,2011-06-21T05:00:00+00:00,4255.797
46411,2011-06-21T05:15:00+00:00,4255.796
46411,2011-06-21T05:30:00+00:00,4255.804
46411,2011-06-21T05:45:00+00:00,4255.815
46411,2011-06-21T06:00:00+00:00,4255.831
46411,2011-06-21T06:15:00+00:00,4255.853
46411,2011-06-21T06:30:00+00:00,4255.882
46411,2011-06-21T06:45:00+00:00,4255.912
46411,2011-06-21T07:00:00+00:00,4255.948
46411,2011-06-21T07:15:00+00:00,4255.986
46411,2011-06-21T07:30:00+00:00,4256.028
46411,2011-06-21T07:45:00+00:00,4256.071
46411,2011-06-21T08:00:00+00:00,4256.115
46411,2011-06-21T08:15:00+00:00,4256.155
46411,2011-06-21T08:30:00+00:00,4256.196
46411,2011-06-21T08:45:00+00:00,4256.236
46411,2011-06-21T09:00:00+00:00,4256.271
46411,2011-06-21T09:15:00+00:00,4256.305
46411,2011-06-21T09:30:00+00:00,4256.334
46411,2011-06-21T09:45:00+00:00,4256.355
46411,2011-06-21T10:00:00+00:00,4256.370
46411,2011-06-21T10:15:00+00:00,4256.381
46411,2011-06-21T10:30:00+00:00,4256.384
46411,2011-06-21T10:45:00+00:00,4256.377
46411,2011-06-21T11:00:00+00:00,4256.368
46411,2011-06-21T11:15:00+00:00,4256.351
46411,2011-06-21T11:30:00+00:00,4256.323
46411,2011-06-21T11:45:00+00:00,4256.295
46411,2011-06-21T12:00:00+00:00,4256.254
46411,2011-06-21T12:15:00+00:00,4256.209
46411,2011-06-21T12:30:00+00:00,4256.154
46411,2011-06-21T12:45:00+00:00,4256.096
46411,2011-06-21T13:00:00+00:00,4256.033
46411,2011-06-21T13:15:00+00:00,4255.967
46411,2011-06-21T13:30:00+00:00,4255.899
46411,2011-06-21T13:45:00+00:00,4255.828
46411,2011-06-21T14:00:00+00:00,4255.756
46411,2011-06-21T14:15:00+00:00,4255.683
46411,2011-06-21T14:30:00+00:00,4255.610
46411,2011-06-21T14:45:00+00:00,4255.541
46411,2011-06-21T15:00:00+00:00,4255.476
46411,2011-06-21T15:15:00+00:00,4255.412
46411,2011-06-21T15:30:00+00:00,4255.358
46411,2011-06-21T15:45:00+00:00,4255.308
46411,2011-06-21T16:00:00+00:00,4255.263
46411,2011-06-21T16:15:00+00:00,4255.227
46411,2011-06-21T16:30:00+00:00,4255.195
46411,2011-06-21T16:45:00+00:00,4255.173
46411,2011-06-21T17:00:00+00:00,4255.160
46411,2011-06-21T17:15:00+00:00,4255.158
46411,2011-06-21T17:30:00+00:00,4255.160
46411,2011-06-21T17:45:00+00:00,4255.176
46411,2011-06-21T18:00:00+00:00,4255.197
46411,2011-06-21T18:15:00+00:00,4255.232
46411,2011-06-21T18:30:00+00:00,4255.271
46411,2011-06-21T18:45:00+00:00,4255.317
46411,2011-06-21T19:00:00+00:00,4255.374
46411,2011-06-21T19:15:00+00:00,4255.433
46411,2011-06-21T19:30:00+00:00,4255.499
46411,2011-06-21T19:45:00+00:00,4255.568
46411,2011-06-21T20:00:00+00:00,4255.644
46411,2011-06-21T20:15:00+00:00,4255.718
46411,2011-06-21T20:30:00+00:00,4255.795
46411,2011-06-21T20:45:00+00:00,4255.875
46411,2011-06-21T21:00:00+00:00,4255.952
46411,2011-06-21T21:15:00+00:00,4256.025
46411,2011-06-21T21:30:00+00:00,4256.101
46411,2011-06-21T21:45:00+00:00,4256.169
46411,2011-06-21T22:00:00+00:00,4256.235
46411,2011-06-21T22:15:00+00:00,4256.294
46411,2011-06-21T22:30:00+00:00,4256.345
46411,2011-06-21T22:45:00+00:00,4256.392
46411,2011-06-21T23:00:00+00:00,4256.430
46411,2011-06-21T23:15:00+00:00,4256.463
46411,2011-06-21T23:30:00+00:00,4256.489
46411,2011-06-21T23:45:00+00:00,4256.505
46411,2011-06-22T00:00:00+00:00,4256.515
46411,2011-06-22T00:15:00+00:00,4256.517
46411,2011-06-22T00:30:00+00:00,4256.512
46411,2011-06-22T00:45:00+00:00,4256.495
46411,2011-06-22T01:00:00+00:00,4256.474
46411,2011-06-22T01:15:00+00:00,4256.446
46411,2011-06-22T01:30:00+00:00,4256.413
46411,2011-06-22T01:45:00+00:00,4256.374
46411,2011-06-22T02:00:00+00:00,4256.330
46411,2011-06-22T02:15:00+00:00,4256.285
46411,2011-06-22T02:30:00+00:00,4256.237
46411,2011-06-22T02:45:00+00:00,4256.189
46411,2011-06-22T03:00:00+00:00,4256.138
46411,2011-06-22T03:15:00+00:00,4256.088
46411,2011-06-22T03:30:00+00:00,4256.040
46411,2011-06-22T03:45:00+00:00,4255.991
46411,2011-06-22T04:00:00+00:00,4255.948
46411,2011-06-22T04:15:00+00:00,4255.908
46411,2011-06-22T04:30:00+00:00,4255.868
46411,2011-06-22T04:45:00+00:00,4255.832
46411,2011-06-22T05:00:00+00:00,4255.801
46411,2011-06-22T05:15:00+00:00,4255.774
46411,2011-06-22T05:30:00+00:00,4255.753
46411,2011-06-22T05:45:00+00:00,4255.736
46411,2011-06-22T06:00:00+00:00,4255.727
46411,2011-06-22T06:15:00+00:00,4255.721
46411,2011-06-22T06:30:00+00:00,4255.726
46411,2011-06-22T06:45:00+00:00,4255.733
46411,2011-06-22T07:00:00+00:00,4255.746
46411,2011-06-22T07:15:00+00:00,4255.764
46411,2011-06-22T07:30:00+00:00,4255.787
46411,2011-06-22T07:45:00+00:00,4255.815
46411,2011-06-22T08:00:00+00:00,4255.846
46411,2011-06-22T08:15:00+00:00,4255.881
46411,2011-06-22T08:30:00+00:00,4255.916
46411,2011-06-22T08:45:00+00:00,4255.949
46411,2011-06-22T09:00:00+00:00,4255.987
46411,2011-06-22T09:15:00+00:00,4256.027
46411,2011-06-22T09:30:00+00:00,4256.063
46411,2011-06-22T09:45:00+00:00,4256.097
46411,2011-06-22T10:00:00+00:00,4256.126
46411,2011-06-22T10:15:00+00:00,4256.157
46411,2011-06-22T10:30:00+00:00,4256.182
46411,2011-06-22T10:45:00+00:00,4256.201
46411,2011-06-22T11:00:00+00:00,4256.213
46411,2011-06-22T11:15:00+00:00,4256.222
46411,2011-06-22T11:30:00+00:00,4256.227
46411,2011-06-22T11:45:00+00:00,4256.221
46411,2011-06-22T12:00:00+00:00,4256.212
46411,2011-06-22T12:15:00+00:00,4256.196
46411,2011-06-22T12:30:00+00:00,4256.175
46411,2011-06-22T12:45:00+00:00,4256.147
46411,2011-06-22T13:00:00+00:00,4256.116
46411,2011-06-22T13:15:00+00:00,4256.077
46411,2011-06-22T13:30:00+00:00,4256.034
46411,2011-06-22T13:45:00+00:00,4255.983
46411,2011-06-22T14:00:00+00:00,4255.935
46411,2011-06-22T14:15:00+00:00,4255.882
46411,2011-06-22T14:30:00+00:00,4255.829
46411,2011-06-22T14:45:00+00:00,4255.772
46411,2011-06-22T15:00:00+00:00,4255.717
46411,2011-06-22T15:15:00+00:00,4255.660
46411,2011-06-22T15:30:00+00:00,4255.606
46411,2011-06-22T15:45:00+00:00,4255.556
46411,2011-06-22T16:00:00+00:00,4255.509
46411,2011-06-22T16:15:00+00:00,4255.465
46411,2011-06-22T16:30:00+00:00,4255.427
46411,2011-06-22T16:45:00+00:00,4255.394
46411,2011-06-22T17:00:00+00:00,4255.366
46411,2011-06-22T17:15:00+00:00,4255.345
46411,2011-06-22T17:30:00+00:00,4255.327
46411,2011-06-22T17:45:00+00:00,4255.320
46411,2011-06-22T18:00:00+00:00,4255.321
46411,2011-06-22T18:15:00+00:00,4255.328
46411,2011-06-22T18:30:00+00:00,4255.343
46411,2011-06-22T18:45:00+00:00,4255.365
46411,2011-06-22T19:00:00+00:00,4255.394
46411,2011-06-22T19:15:00+00:00,4255.433
46411,2011-06-22T19:30:00+00:00,4255.477
46411,2011-06-22T19:45:00+00:00,4255.527
46411,2011-06-22T20:00:00+00:00,4255.585
46411,2011-06-22T20:15:00+00:00,4255.648
46411,2011-06-22T20:30:00+00:00,4255.714
46411,2011-06-22T20:45:00+00:00,4255.779
46411,2011-06-22T21:00:00+00:00,4255.849
46411,2011-06-22T21:15:00+00:00,4255.919
46411,2011-06-22T21:30:00+00:00,4255.987
46411,2011-06-22T21:45:00+00:00,4256.056
46411,2011-06-22T22:00:00+00:00,4256.122
46411,2011-06-22T22:15:00+00:00,4256.187
46411,2011-06-22T22:30:00+00:00,4256.244
46411,2011-06-22T22:45:00+00:00,4256.300
46411,2011-06-22T23:00:00+00:00,4256.352
46411,2011-06-22T23:15:00+00:00,4256.396
46411,2011-06-22T23:30:00+00:00,4256.440
46411,2011-06-22T23:45:00+00:00,4256.475
46411,2011-06-23T00:00:00+00:00,4256.503
46411,2011-06-23T00:15:00+00:00,4256.523
46411,2011-06-23T00:30:00+00:00,4256.538
46411,2011-06-23T00:45:00+00:00,4256.544
46411,2011-06-23T01:00:00+00:00,4256.542
46411,2011-06-23T01:15:00+00:00,4256.529
46411,2011-06-23T01:30:00+00:00,4256.515
46411,2011-06-23T01:45:00+00:00,4256.490
46411,2011-06-23T02:00:00+00:00,4256.459
46411,2011-06-23T02:15:00+00:00,4256.428
46411,2011-06-23T02:30:00+00:00,4256.389
46411,2011-06-23T02:45:00+00:00,4256.342
46411,2011-06-23T03:00:00+00:00,4256.296
46411,2011-06-23T03:15:00+00:00,4256.244
46411,2011-06-23T03:30:00+00:00,4256.193
46411,2011-06-23T03:45:00+00:00,4256.141
46411,2011-06-23T04:00:00+00:00,4256.083
46411,2011-06-23T04:15:00+00:00,4256.027
46411,2011-06-23T04:30:00+00:00,4255.975
46411,2011-06-23T04:45:00+00:00,4255.926
46411,2011-06-23T05:00:00+00:00,4255.877
46411,2011-06-23T05:15:00+00:00,4255.833
46411,2011-06-23T05:30:00+00:00,4255.791
46411,2011-06-23T05:45:00+00:00,4255.751
46411,2011-06-23T06:00:00+00:00,4255.717
46411,2011-06-23T06:15:00+00:00,4255.690
46411,2011-06-23T06:30:00+00:00,4255.665
46411,2011-06-23T06:45:00+00:00,4255.645
46411,2011-06-23T07:00:00+00:00,4255.632
46411,2011-06-23T07:15:00+00:00,4255.625
46411,2011-06-23T07:30:00+00:00,4255.626
46411,2011-06-23T07:45:00+00:00,4255.632
46411,2011-06-23T08:00:00+00:00,4255.644
46411,2011-06-23T08:15:00+00:00,4255.658
46411,2011-06-23T08:30:00+00:00,4255.681
46411,2011-06-23T08:45:00+00:00,4255.707
46411,2011-06-23T09:00:00+00:00,4255.732
46411,2011-06-23T09:15:00+00:00,4255.761
46411,2011-06-23T09:30:00+00:00,4255.794
46411,2011-06-23T09:45:00+00:00,4255.829
46411,2011-06-23T10:00:00+00:00,4255.860
46411,2011-06-23T10:15:00+00:00,4255.895
46411,2011-06-23T10:30:00+00:00,4255.928
46411,2011-06-23T10:45:00+00:00,4255.960
46411,2011-06-23T11:00:00+00:00,4255.989
46411,2011-06-23T11:15:00+00:00,4256.020
46411,2011-06-23T11:30:00+00:00,4256.044
46411,2011-06-23T11:45:00+00:00,4256.064
46411,2011-06-23T12:00:00+00:00,4256.080
46411,2011-06-23T12:15:00+00:00,4256.092
46411,2011-06-23T12:30:00+00:00,4256.099
46411,2011-06-23T12:45:00+00:00,4256.099
46411,2011-06-23T13:00:00+00:00,4256.096
46411,2011-06-23T13:15:00+00:00,4256.087
46411,2011-06-23T13:30:00+00:00,4256.071
46411,2011-06-23T13:45:00+00:00,4256.051
46411,2011-06-23T14:00:00+00:00,4256.023
46411,2011-06-23T14:15:00+00:00,4255.998
46411,2011-06-23T14:30:00+00:00,4255.965
46411,2011-06-23T14:45:00+00:00,4255.932
46411,2011-06-23T15:00:00+00:00,4255.897
46411,2011-06-23T15:15:00+00:00,4255.859
46411,2011-06-23T15:30:00+00:00,4255.820
46411,2011-06-23T15:45:00+00:00,4255.778
46411,2011-06-23T16:00:00+00:00,4255.740
46411,2011-06-23T16:15:00+00:00,4255.702
46411,2011-06-23T16:30:00+00:00,4255.666
46411,2011-06-23T16:45:00+00:00,4255.630
46411,2011-06-23T17:00:00+00:00,4255.594
46411,2011-06-23T17:15:00+00:00,4255.563
46411,2011-06-23T17:30:00+00:00,4255.537
46411,2011-06-23T17:45:00+00:00,4255.512
46411,2011-06-23T18:00:00+00:00,4255.497
46411,2011-06-23T18:15:00+00:00,4255.484
46411,2011-06-23T18:30:00+00:00,4255.479
46411,2011-06-23T18:45:00+00:00,4255.483
46411,2011-06-23T19:00:00+00:00,4255.492
46411,2011-06-23T19:15:00+00:00,4255.509
46411,2011-06-23T19:30:00+00:00,4255.525
46411,2011-06-23T19:45:00+00:00,4255.553
46411,2011-06-23T20:00:00+00:00,4255.589
46411,2011-06-23T20:15:00+00:00,4255.628
46411,2011-06-23T20:30:00+00:00,4255.674
46411,2011-06-23T20:45:00+00:00,4255.726
46411,2011-06-23T21:00:00+00:00,4255.780
46411,2011-06-23T21:15:00+00:00,4255.840
46411,2011-06-23T21:30:00+00:00,4255.899
46411,2011-06-23T21:45:00+00:00,4255.960
46411,2011-06-23T22:00:00+00:00,4256.021
46411,2011-06-23T22:15:00+00:00,4256.084
46411,2011-06-23T22:30:00+00:00,4256.145
46411,2011-06-23T22:45:00+00:00,4256.202
46411,2011-06-23T23:00:00+00:00,4256.259
46411,2011-06-23T23:15:00+00:00,4256.315
46411,2011-06-23T23:30:00+00:00,4256.366
46411,2011-06-23T23:45:00+00:00,4256.411
46411,2011-06-24T00:00:00+00:00,4256.453
46411,2011-06-24T00:15:00+00:00,4256.492
46411,2011-06-24T00:30:00+00:00,4256.519
46411,2011-06-24T00:45:00+00:00,4256.542
46411,2011-06-24T01:00:00+00:00,4256.556
46411,2011-06-24T01:15:00+00:00,4256.565
46411,2011-06-24T01:30:00+00:00,4256.569
46411,2011-06-24T01:45:00+00:00,4256.566
46411,2011-06-24T02:00:00+00:00,4256.558
46411,2011-06-24T02:15:00+00:00,4256.539
46411,2011-06-24T02:30:00+00:00,4256.515
46411,2011-06-24T02:45:00+00:00,4256.484
46411,2011-06-24T03:00:00+00:00,4256.447
46411,2011-06-24T03:15:00+00:00,4256.407
46411,2011-06-24T03:30:00+00:00,4256.363
46411,2011-06-24T03:45:00+00:00,4256.315
46411,2011-06-24T04:00:00+00:00,4256.257
46411,2011-06-24T04:15:00+00:00,4256.208
46411,2011-06-24T04:30:00+00:00,4256.147
46411,2011-06-24T04:45:00+00:00,4256.089
46411,2011-06-24T05:00:00+00:00,4256.029
46411,2011-06-24T05:15:00+00:00,4255.971
46411,2011-06-24T05:30:00+00:00,4255.909
46411,2011-06-24T05:45:00+00:00,4255.850
46411,2011-06-24T06:00:00+00:00,4255.795
46411,2011-06-24T06:15:00+00:00,4255.741
46411,2011-06-24T06:30:00+00:00,4255.694
46411,2011-06-24T06:45:00+00:00,4255.649
46411,2011-06-24T07:00:00+00:00,4255.609
46411,2011-06-24T07:15:00+00:00,4255.579
46411,2011-06-24T07:30:00+00:00,4255.549
46411,2011-06-24T07:45:00+00:00,4255.528
46411,2011-06-24T08:00:00+00:00,4255.511
46411,2011-06-24T08:15:00+00:00,4255.502
46411,2011-06-24T08:30:00+00:00,4255.496
46411,2011-06-24T08:45:00+00:00,4255.499
46411,2011-06-24T09:00:00+00:00,4255.507
46411,2011-06-24T09:15:00+00:00,4255.520
46411,2011-06-24T09:30:00+00:00,4255.537
46411,2011-06-24T09:45:00+00:00,4255.561
46411,2011-06-24T10:00:00+00:00,4255.587
46411,2011-06-24T10:15:00+00:00,4255.619
46411,2011-06-24T10:30:00+00:00,4255.654
46411,2011-06-24T10:45:00+00:00,4255.687
46411,2011-06-24T11:00:00+00:00,4255.719
46411,2011-06-24T11:15:00+00:00,4255.756
46411,2011-06-24T11:30:00+00:00,4255.787
46411,2011-06-24T11:45:00+00:00,4255.821
46411,2011-06-24T12:00:00+00:00,4255.851
46411,2011-06-24T12:15:00+00:00,4255.885
46411,2011-06-24T12:30:00+00:00,4255.915
46411,2011-06-24T12:45:00+00:00,4255.940
46411,2011-06-24T13:00:00+00:00,4255.962
46411,2011-06-24T13:15:00+00:00,4255.981
46411,2011-06-24T13:30:00+00:00,4255.996
46411,2011-06-24T13:45:00+00:00,4256.004
46411,2011-06-24T14:00:00+00:00,4256.006
46411,2011-06-24T14:15:00+00:00,4256.003
46411,2011-06-24T14:30:00+00:00,4255.997
46411,2011-06-24T14:45:00+00:00,4255.986
46411,2011-06-24T15:00:00+00:00,4255.972
46411,2011-06-24T15:15:00+00:00,4255.961
46411,2011-06-24T15:30:00+00:00,4255.941
46411,2011-06-24T15:45:00+00:00,4255.915
46411,2011-06-24T16:00:00+00:00,4255.891
46411,2011-06-24T16:15:00+00:00,4255.861
46411,2011-06-24T16:30:00+00:00,4255.834
46411,2011-06-24T16:45:00+00:00,4255.804
46411,2011-06-24T17:00:00+00:00,4255.773
46411,2011-06-24T17:15:00+00:00,4255.745
46411,2011-06-24T17:30:00+00:00,4255.717
46411,2011-06-24T17:45:00+00:00,4255.693
46411,2011-06-24T18:00:00+00:00,4255.669
46411,2011-06-24T18:15:00+00:00,4255.652
46411,2011-06-24T18:30:00+00:00,4255.636
46411,2011-06-24T18:45:00+00:00,4255.625
46411,2011-06-24T19:00:00+00:00,4255.618
46411,2011-06-24T19:15:00+00:00,4255.614
46411,2011-06-24T19:30:00+00:00,4255.613
46411,2011-06-24T19:45:00+00:00,4255.622
46411,2011-06-24T20:00:00+00:00,4255.634
46411,2011-06-24T20:15:00+00:00,4255.655
46411,2011-06-24T20:30:00+00:00,4255.681
46411,2011-06-24T20:45:00+00:00,4255.712
46411,2011-06-24T21:00:00+00:00,4255.747
46411,2011-06-24T21:15:00+00:00,4255.788
46411,2011-06-24T21:30:00+00:00,4255.832
46411,2011-06-24T21:45:00+00:00,4255.880
46411,2011-06-24T22:00:00+00:00,4255.930
46411,2011-06-24T22:15:00+00:00,4255.983
46411,2011-06-24T22:30:00+00:00,4256.036
46411,2011-06-24T22:45:00+00:00,4256.091
46411,2011-06-24T23:00:00+00:00,4256.150
46411,2011-06-24T23:15:00+00:00,4256.206
46411,2011-06-24T23:30:00+00:00,4256.260
46411,2011-06-24T23:45:00+00:00,4256.311
46411,2011-06-25T00:00:00+00:00,4256.363
46411,2011-06-25T00:15:00+00:00,4256.411
46411,2011-06-25T00:30:00+00:00,4256.454
46411,2011-06-25T00:45:00+00:00,4256.491
46411,2011-06-25T01:00:00+00:00,4256.525
46411,2011-06-25T01:15:00+00:00,4256.552
46411,2011-06-25T01:30:00+00:00,4256.570
46411,2011-06-25T01:45:00+00:00,4256.586
46411,2011-06-25T02:00:00+00:00,4256.595
46411,2011-06-25T02:15:00+00:00,4256.595
46411,2011-06-25T02:30:00+00:00,4256.588
46411,2011-06-25T02:45:00+00:00,4256.577
46411,2011-06-25T03:00:00+00:00,4256.557
46411,2011-06-25T03:15:00+00:00,4256.530
46411,2011-06-25T03:30:00+00:00,4256.496
46411,2011-06-25T03:45:00+00:00,4256.456
46411,2011-06-25T04:00:00+00:00,4256.410
46411,2011-06-25T04:15:00+00:00,4256.363
46411,2011-06-25T04:30:00+00:00,4256.308
46411,2011-06-25T04:45:00+00:00,4256.250
46411,2011-06-25T05:00:00+00:00,4256.189
46411,2011-06-25T05:15:00+00:00,4256.123
46411,2011-06-25T05:30:00+00:00,4256.058
46411,2011-06-25T05:45:00+00:00,4255.990
46411,2011-06-25T06:00:00+00:00,4255.921
46411,2011-06-25T06:15:00+00:00,4255.854
46411,2011-06-25T06:30:00+00:00,4255.791
46411,2011-06-25T06:45:00+00:00,4255.726
46411,2011-06-25T07:00:00+00:00,4255.667
46411,2011-06-25T07:15:00+00:00,4255.614
46411,2011-06-25T07:30:00+00:00,4255.561
46411,2011-06-25T07:45:00+00:00,4255.514
46411,2011-06-25T08:00:00+00:00,4255.475
46411,2011-06-25T08:15:00+00:00,4255.439
46411,2011-06-25T08:30:00+00:00,4255.408
46411,2011-06-25T08:45:00+00:00,4255.384
46411,2011-06-25T09:00:00+00:00,4255.368
46411,2011-06-25T09:15:00+00:00,4255.361
46411,2011-06-25T09:30:00+00:00,4255.357
46411,2011-06-25T09:45:00+00:00,4255.358
46411,2011-06-25T10:00:00+00:00,4255.368
46411,2011-06-25T10:15:00+00:00,4255.384
46411,2011-06-25T10:30:00+00:00,4255.404
46411,2011-06-25T10:45:00+00:00,4255.430
46411,2011-06-25T11:00:00+00:00,4255.462
46411,2011-06-25T11:15:00+00:00,4255.494
46411,2011-06-25T11:30:00+00:00,4255.529
46411,2011-06-25T11:45:00+00:00,4255.569
46411,2011-06-25T12:00:00+00:00,4255.607
46411,2011-06-25T12:15:00+00:00,4255.649
46411,2011-06-25T12:30:00+00:00,4255.690
46411,2011-06-25T12:45:00+00:00,4255.733
46411,2011-06-25T13:00:00+00:00,4255.771
46411,2011-06-25T13:15:00+00:00,4255.807
46411,2011-06-25T13:30:00+00:00,4255.843
46411,2011-06-25T13:45:00+00:00,4255.875
46411,2011-06-25T14:00:00+00:00,4255.907
46411,2011-06-25T14:15:00+00:00,4255.933
46411,2011-06-25T14:30:00+00:00,4255.955
46411,2011-06-25T14:45:00+00:00,4255.974
46411,2011-06-25T15:00:00+00:00,4255.988
46411,2011-06-25T15:15:00+00:00,4255.998
46411,2011-06-25T15:30:00+00:00,4256.004
46411,2011-06-25T15:45:00+00:00,4256.006
46411,2011-06-25T16:00:00+00:00,4256.003
46411,2011-06-25T16:15:00+00:00,4255.995
46411,2011-06-25T16:30:00+00:00,4255.986
46411,2011-06-25T16:45:00+00:00,4255.972
46411,2011-06-25T17:00:00+00:00,4255.953
46411,2011-06-25T17:15:00+00:00,4255.928
46411,2011-06-25T17:30:00+00:00,4255.909
46411,2011-06-25T17:45:00+00:00,4255.883
46411,2011-06-25T18:00:00+00:00,4255.859
46411,2011-06-25T18:15:00+00:00,4255.835
46411,2011-06-25T18:30:00+00:00,4255.814
46411,2011-06-25T18:45:00+00:00,4255.793
46411,2011-06-25T19:00:00+00:00,4255.773
46411,2011-06-25T19:15:00+00:00,4255.761
46411,2011-06-25T19:30:00+00:00,4255.751
46411,2011-06-25T19:45:00+00:00,4255.741
46411,2011-06-25T20:00:00+00:00,4255.742
46411,2011-06-25T20:15:00+00:00,4255.746
46411,2011-06-25T20:30:00+00:00,4255.752
46411,2011-06-25T20:45:00+00:00,4255.762
46411,2011-06-25T21:00:00+00:00,4255.779
46411,2011-06-25T21:15:00+00:00,4255.797
46411,2011-06-25T21:30:00+00:00,4255.824
46411,2011-06-25T21:45:00+00:00,4255.855
46411,2011-06-25T22:00:00+00:00,4255.886
46411,2011-06-25T22:15:00+00:00,4255.925
46411,2011-06-25T22:30:00+00:00,4255.967
46411,2011-06-25T22:45:00+00:00,4256.014
46411,2011-06-25T23:00:00+00:00,4256.061
46411,2011-06-25T23:15:00+00:00,4256.113
46411,2011-06-25T23:30:00+00:00,4256.165
46411,2011-06-25T23:45:00+00:00,4256.218
46411,2011-06-26T00:00:00+00:00,4256.271
46411,2011-06-26T00:15:00+00:00,4256.323
46411,2011-06-26T00:30:00+00:00,4256.374
46411,2011-06-26T00:45:00+00:00,4256.421
46411,2011-06-26T01:00:00+00:00,4256.464
46411,2011-06-26T01:15:00+00:00,4256.505
46411,2011-06-26T01:30:00+00:00,4256.540
46411,2011-06-26T01:45:00+00:00,4256.569
46411,2011-06-26T02:00:00+00:00,4256.594
46411,2011-06-26T02:15:00+00:00,4256.612
46411,2011-06-26T02:30:00+00:00,4256.626
46411,2011-06-26T02:45:00+00:00,4256.631
46411,2011-06-26T03:00:00+00:00,4256.632
46411,2011-06-26T03:15:00+00:00,4256.625
46411,2011-06-26T03:30:00+00:00,4256.609
46411,2011-06-26T03:45:00+00:00,4256.586
46411,2011-06-26T04:00:00+00:00,4256.558
46411,2011-06-26T04:15:00+00:00,4256.521
46411,2011-06-26T04:30:00+00:00,4256.477
46411,2011-06-26T04:45:00+00:00,4256.426
46411,2011-06-26T05:00:00+00:00,4256.370
46411,2011-06-26T05:15:00+00:00,4256.307
46411,2011-06-26T05:30:00+00:00,4256.240
46411,2011-06-26T05:45:00+00:00,4256.167
46411,2011-06-26T06:00:00+00:00,4256.095
46411,2011-06-26T06:15:00+00:00,4256.018
46411,2011-06-26T06:30:00+00:00,4255.942
46411,2011-06-26T06:45:00+00:00,4255.865
46411,2011-06-26T07:00:00+00:00,4255.788
46411,2011-06-26T07:15:00+00:00,4255.713
46411,2011-06-26T07:30:00+00:00,4255.644
46411,2011-06-26T07:45:00+00:00,4255.579
46411,2011-06-26T08:00:00+00:00,4255.514
46411,2011-06-26T08:15:00+00:00,4255.455
46411,2011-06-26T08:30:00+00:00,4255.400
46411,2011-06-26T08:45:00+00:00,4255.352
46411,2011-06-26T09:00:00+00:00,4255.311
46411,2011-06-26T09:15:00+00:00,4255.274
46411,2011-06-26T09:30:00+00:00,4255.248
46411,2011-06-26T09:45:00+00:00,4255.231
46411,2011-06-26T10:00:00+00:00,4255.214
46411,2011-06-26T10:15:00+00:00,4255.209
46411,2011-06-26T10:30:00+00:00,4255.213
46411,2011-06-26T10:45:00+00:00,4255.221
46411,2011-06-26T11:00:00+00:00,4255.237
46411,2011-06-26T11:15:00+00:00,4255.260
46411,2011-06-26T11:30:00+00:00,4255.290
46411,2011-06-26T11:45:00+00:00,4255.323
46411,2011-06-26T12:00:00+00:00,4255.360
46411,2011-06-26T12:15:00+00:00,4255.403
46411,2011-06-26T12:30:00+00:00,4255.449
46411,2011-06-26T12:45:00+00:00,4255.496
46411,2011-06-26T13:00:00+00:00,4255.543
46411,2011-06-26T13:15:00+00:00,4255.594
46411,2011-06-26T13:30:00+00:00,4255.644
46411,2011-06-26T13:45:00+00:00,4255.694
46411,2011-06-26T14:00:00+00:00,4255.743
46411,2011-06-26T14:15:00+00:00,4255.790
46411,2011-06-26T14:30:00+00:00,4255.832
46411,2011-06-26T14:45:00+00:00,4255.874
46411,2011-06-26T15:00:00+00:00,4255.911
46411,2011-06-26T15:15:00+00:00,4255.943
46411,2011-06-26T15:30:00+00:00,4255.973
46411,2011-06-26T15:45:00+00:00,4256.000
46411,2011-06-26T16:00:00+00:00,4256.023
46411,2011-06-26T16:15:00+00:00,4256.037
46411,2011-06-26T16:30:00+00:00,4256.050
46411,2011-06-26T16:45:00+00:00,4256.054
46411,2011-06-26T17:00:00+00:00,4256.052
46411,2011-06-26T17:15:00+00:00,4256.046
46411,2011-06-26T17:30:00+00:00,4256.036
46411,2011-06-26T17:45:00+00:00,4256.021
46411,2011-06-26T18:00:00+00:00,4256.003
46411,2011-06-26T18:15:00+00:00,4255.984
46411,2011-06-26T18:30:00+00:00,4255.965
46411,2011-06-26T18:45:00+00:00,4255.945
46411,2011-06-26T19:00:00+00:00,4255.926
46411,2011-06-26T19:15:00+00:00,4255.906
46411,2011-06-26T19:30:00+00:00,4255.889
46411,2011-06-26T19:45:00+00:00,4255.871
46411,2011-06-26T20:00:00+00:00,4255.856
46411,2011-06-26T20:15:00+00:00,4255.843
46411,2011-06-26T20:30:00+00:00,4255.832
46411,2011-06-26T20:45:00+00:00,4255.824
46411,2011-06-26T21:00:00+00:00,4255.823
46411,2011-06-26T21:15:00+00:00,4255.824
46411,2011-06-26T21:30:00+00:00,4255.829
46411,2011-06-26T21:45:00+00:00,4255.839
46411,2011-06-26T22:00:00+00:00,4255.855
46411,2011-06-26T22:15:00+00:00,4255.877
46411,2011-06-26T22:30:00+00:00,4255.904
46411,2011-06-26T22:45:00+00:00,4255.936
46411,2011-06-26T23:00:00+00:00,4255.973
46411,2011-06-26T23:15:00+00:00,4256.013
46411,2011-06-26T23:30:00+00:00,4256.059
46411,2011-06-26T23:45:00+00:00,4256.109
46411,2011-06-27T00:00:00+00:00,4256.161
46411,2011-06-27T00:15:00+00:00,4256.216
46411,2011-06-27T00:30:00+00:00,4256.270
46411,2011-06-27T00:45:00+00:00,4256.325
46411,2011-06-27T01:00:00+00:00,4256.375
46411,2011-06-27T01:15:00+00:00,4256.427
46411,2011-06-27T01:30:00+00:00,4256.473
46411,2011-06-27T01:45:00+00:00,4256.517
46411,2011-06-27T02:00:00+00:00,4256.559
46411,2011-06-27T02:15:00+00:00,4256.595
46411,2011-06-27T02:30:00+00:00,4256.624
46411,2011-06-27T02:45:00+00:00,4256.649
46411,2011-06-27T03:00:00+00:00,4256.665
46411,2011-06-27T03:15:00+00:00,4256.678
46411,2011-06-27T03:30:00+00:00,4256.680
46411,2011-06-27T03:45:00+00:00,4256.676
46411,2011-06-27T04:00:00+00:00,4256.665
46411,2011-06-27T04:15:00+00:00,4256.644
46411,2011-06-27T04:30:00+00:00,4256.616
46411,2011-06-27T04:45:00+00:00,4256.581
46411,2011-06-27T05:00:00+00:00,4256.537
46411,2011-06-27T05:15:00+00:00,4256.488
46411,2011-06-27T05:30:00+00:00,4256.429
46411,2011-06-27T05:45:00+00:00,4256.365
46411,2011-06-27T06:00:00+00:00,4256.294
46411,2011-06-27T06:15:00+00:00,4256.216
46411,2011-06-27T06:30:00+00:00,4256.135
46411,2011-06-27T06:45:00+00:00,4256.053
46411,2011-06-27T07:00:00+00:00,4255.965
46411,2011-06-27T07:15:00+00:00,4255.882
46411,2011-06-27T07:30:00+00:00,4255.798
46411,2011-06-27T07:45:00+00:00,4255.713
46411,2011-06-27T08:00:00+00:00,4255.632
46411,2011-06-27T08:15:00+00:00,4255.554
46411,2011-06-27T08:30:00+00:00,4255.475
46411,2011-06-27T08:45:00+00:00,4255.404
46411,2011-06-27T09:00:00+00:00,4255.336
46411,2011-06-27T09:15:00+00:00,4255.274
46411,2011-06-27T09:30:00+00:00,4255.222
46411,2011-06-27T09:45:00+00:00,4255.175
46411,2011-06-27T10:00:00+00:00,4255.141
46411,2011-06-27T10:15:00+00:00,4255.112
46411,2011-06-27T10:30:00+00:00,4255.091
46411,2011-06-27T10:45:00+00:00,4255.077
46411,2011-06-27T11:00:00+00:00,4255.071
46411,2011-06-27T11:15:00+00:00,4255.077
46411,2011-06-27T11:30:00+00:00,4255.086
46411,2011-06-27T11:45:00+00:00,4255.105
46411,2011-06-27T12:00:00+00:00,4255.130
46411,2011-06-27T12:15:00+00:00,4255.162
46411,2011-06-27T12:30:00+00:00,4255.202
46411,2011-06-27T12:45:00+00:00,4255.245
46411,2011-06-27T13:00:00+00:00,4255.294
46411,2011-06-27T13:15:00+00:00,4255.350
46411,2011-06-27T13:30:00+00:00,4255.405
46411,2011-06-27T13:45:00+00:00,4255.465
46411,2011-06-27T14:00:00+00:00,4255.525
46411,2011-06-27T14:15:00+00:00,4255.584
46411,2011-06-27T14:30:00+00:00,4255.645
46411,2011-06-27T14:45:00+00:00,4255.704
46411,2011-06-27T15:00:00+00:00,4255.758
46411,2011-06-27T15:15:00+00:00,4255.812
46411,2011-06-27T15:30:00+00:00,4255.864
46411,2011-06-27T15:45:00+00:00,4255.913
46411,2011-06-27T16:00:00+00:00,4255.958
46411,2011-06-27T16:15:00+00:00,4255.996
46411,2011-06-27T16:30:00+00:00,4256.032
46411,2011-06-27T16:45:00+00:00,4256.061
46411,2011-06-27T17:00:00+00:00,4256.080
46411,2011-06-27T17:15:00+00:00,4256.096
46411,2011-06-27T17:30:00+00:00,4256.107
46411,2011-06-27T17:45:00+00:00,4256.111
46411,2011-06-27T18:00:00+00:00,4256.112
46411,2011-06-27T18:15:00+00:00,4256.105
46411,2011-06-27T18:30:00+00:00,4256.094
46411,2011-06-27T18:45:00+00:00,4256.083
46411,2011-06-27T19:00:00+00:00,4256.067
46411,2011-06-27T19:15:00+00:00,4256.045
46411,2011-06-27T19:30:00+00:00,4256.027
46411,2011-06-27T19:45:00+00:00,4256.007
46411,2011-06-27T20:00:00+00:00,4255.988
46411,2011-06-27T20:15:00+00:00,4255.969
46411,2011-06-27T20:30:00+00:00,4255.951
46411,2011-06-27T20:45:00+00:00,4255.939
46411,2011-06-27T21:00:00+00:00,4255.924
46411,2011-06-27T21:15:00+00:00,4255.916
46411,2011-06-27T21:30:00+00:00,4255.910
46411,2011-06-27T21:45:00+00:00,4255.904
46411,2011-06-27T22:00:00+00:00,4255.903
46411,2011-06-27T22:15:00+00:00,4255.909
46411,2011-06-27T22:30:00+00:00,4255.920
46411,2011-06-27T22:45:00+00:00,4255.932
46411,2011-06-27T23:00:00+00:00,4255.955
46411,2011-06-27T23:15:00+00:00,4255.982
46411,2011-06-27T23:30:00+00:00,4256.013
46411,2011-06-27T23:45:00+00:00,4256.053
46411,2011-06-28T00:00:00+00:00,4256.098
46411,2011-06-28T00:15:00+00:00,4256.144
46411,2011-06-28T00:30:00+00:00,4256.195
46411,2011-06-28T00:45:00+00:00,4256.244
46411,2011-06-28T01:00:00+00:00,4256.294
46411,2011-06-28T01:15:00+00:00,4256.349
46411,2011-06-28T01:30:00+00:00,4256.402
46411,2011-06-28T01:45:00+00:00,4256.452
46411,2011-06-28T02:00:00+00:00,4256.500
46411,2011-06-28T02:15:00+00:00,4256.549
46411,2011-06-28T02:30:00+00:00,4256.595
46411,2011-06-28T02:45:00+00:00,4256.638
46411,2011-06-28T03:00:00+00:00,4256.674
46411,2011-06-28T03:15:00+00:00,4256.704
46411,2011-06-28T03:30:00+00:00,4256.725
46411,2011-06-28T03:45:00+00:00,4256.744
46411,2011-06-28T04:00:00+00:00,4256.753
46411,2011-06-28T04:15:00+00:00,4256.752
46411,2011-06-28T04:30:00+00:00,4256.745
46411,2011-06-28T04:45:00+00:00,4256.729
46411,2011-06-28T05:00:00+00:00,4256.702
46411,2011-06-28T05:15:00+00:00,4256.669
46411,2011-06-28T05:30:00+00:00,4256.627
46411,2011-06-28T05:45:00+00:00,4256.575
46411,2011-06-28T06:00:00+00:00,4256.514
46411,2011-06-28T06:15:00+00:00,4256.447
46411,2011-06-28T06:30:00+00:00,4256.373
46411,2011-06-28T06:45:00+00:00,4256.292
46411,2011-06-28T07:00:00+00:00,4256.211
46411,2011-06-28T07:15:00+00:00,4256.123
46411,2011-06-28T07:30:00+00:00,4256.030
46411,2011-06-28T07:45:00+00:00,4255.939
46411,2011-06-28T08:00:00+00:00,4255.847
46411,2011-06-28T08:15:00+00:00,4255.755
46411,2011-06-28T08:30:00+00:00,4255.662
46411,2011-06-28T08:45:00+00:00,4255.573
46411,2011-06-28T09:00:00+00:00,4255.487
46411,2011-06-28T09:15:00+00:00,4255.405
46411,2011-06-28T09:30:00+00:00,4255.325
46411,2011-06-28T09:45:00+00:00,4255.255
46411,2011-06-28T10:00:00+00:00,4255.190
46411,2011-06-28T10:15:00+00:00,4255.128
46411,2011-06-28T10:30:00+00:00,4255.077
46411,2011-06-28T10:45:00+00:00,4255.036
46411,2011-06-28T11:00:00+00:00,4255.004
46411,2011-06-28T11:15:00+00:00,4254.983
46411,2011-06-28T11:30:00+00:00,4254.968
46411,2011-06-28T11:45:00+00:00,4254.962
46411,2011-06-28T12:00:00+00:00,4254.970
46411,2011-06-28T12:15:00+00:00,4254.985
46411,2011-06-28T12:30:00+00:00,4255.009
46411,2011-06-28T12:45:00+00:00,4255.041
46411,2011-06-28T13:00:00+00:00,4255.083
46411,2011-06-28T13:15:00+00:00,4255.128
46411,2011-06-28T13:30:00+00:00,4255.183
46411,2011-06-28T13:45:00+00:00,4255.243
46411,2011-06-28T14:00:00+00:00,4255.305
46411,2011-06-28T14:15:00+00:00,4255.369
46411,2011-06-28T14:30:00+00:00,4255.435
46411,2011-06-28T14:45:00+00:00,4255.501
46411,2011-06-28T15:00:00+00:00,4255.574
46411,2011-06-28T15:15:00+00:00,4255.647
46411,2011-06-28T15:30:00+00:00,4255.716
46411,2011-06-28T15:45:00+00:00,4255.779
46411,2011-06-28T16:00:00+00:00,4255.844
46411,2011-06-28T16:15:00+00:00,4255.902
46411,2011-06-28T16:30:00+00:00,4255.955
46411,2011-06-28T16:45:00+00:00,4256.003
46411,2011-06-28T17:00:00+00:00,4256.050
46411,2011-06-28T17:15:00+00:00,4256.086
46411,2011-06-28T17:30:00+00:00,4256.118
46411,2011-06-28T17:45:00+00:00,4256.145
46411,2011-06-28T18:00:00+00:00,4256.166
46411,2011-06-28T18:15:00+00:00,4256.177
46411,2011-06-28T18:30:00+00:00,4256.184
46411,2011-06-28T18:45:00+00:00,4256.184
46411,2011-06-28T19:00:00+00:00,4256.179
46411,2011-06-28T19:15:00+00:00,4256.169
46411,2011-06-28T19:30:00+00:00,4256.157
46411,2011-06-28T19:45:00+00:00,4256.140
46411,2011-06-28T20:00:00+00:00,4256.120
46411,2011-06-28T20:15:00+00:00,4256.098
46411,2011-06-28T20:30:00+00:00,4256.076
46411,2011-06-28T20:45:00+00:00,4256.052
46411,2011-06-28T21:00:00+00:00,4256.030
46411,2011-06-28T21:15:00+00:00,4256.009
46411,2011-06-28T21:30:00+00:00,4255.990
46411,2011-06-28T21:45:00+00:00,4255.972
46411,2011-06-28T22:00:00+00:00,4255.957
46411,2011-06-28T22:15:00+00:00,4255.947
46411,2011-06-28T22:30:00+00:00,4255.941
46411,2011-06-28T22:45:00+00:00,4255.940
46411,2011-06-28T23:00:00+00:00,4255.948
46411,2011-06-28T23:15:00+00:00,4255.956
46411,2011-06-28T23:30:00+00:00,4255.973
46411,2011-06-28T23:45:00+00:00,4255.995
46411,2011-06-29T00:00:00+00:00,4256.026
46411,2011-06-29T00:15:00+00:00,4256.059
46411,2011-06-29T00:30:00+00:00,4256.098
46411,2011-06-29T00:45:00+00:00,4256.144
46411,2011-06-29T01:00:00+00:00,4256.193
46411,2011-06-29T01:15:00+00:00,4256.243
46411,2011-06-29T01:30:00+00:00,4256.296
46411,2011-06-29T01:45:00+00:00,4256.353
46411,2011-06-29T02:00:00+00:00,4256.411
46411,2011-06-29T02:15:00+00:00,4256.465
46411,2011-06-29T02:30:00+00:00,4256.521
46411,2011-06-29T02:45:00+00:00,4256.576
46411,2011-06-29T03:00:00+00:00,4256.627
46411,2011-06-29T03:15:00+00:00,4256.672
46411,2011-06-29T03:30:00+00:00,4256.714
46411,2011-06-29T03:45:00+00:00,4256.751
46411,2011-06-29T04:00:00+00:00,4256.777
46411,2011-06-29T04:15:00+00:00,4256.800
46411,2011-06-29T04:30:00+00:00,4256.816
46411,2011-06-29T04:45:00+00:00,4256.823
46411,2011-06-29T05:00:00+00:00,4256.820
46411,2011-06-29T05:15:00+00:00,4256.811
46411,2011-06-29T05:30:00+00:00,4256.788
46411,2011-06-29T05:45:00+00:00,4256.754
46411,2011-06-29T06:00:00+00:00,4256.713
46411,2011-06-29T06:15:00+00:00,4256.663
46411,2011-06-29T06:30:00+00:00,4256.605
46411,2011-06-29T06:45:00+00:00,4256.538
46411,2011-06-29T07:00:00+00:00,4256.461
46411,2011-06-29T07:15:00+00:00,4256.379
46411,2011-06-29T07:30:00+00:00,4256.293
46411,2011-06-29T07:45:00+00:00,4256.200
46411,2011-06-29T08:00:00+00:00,4256.104
46411,2011-06-29T08:15:00+00:00,4256.004
46411,2011-06-29T08:30:00+00:00,4255.902
46411,2011-06-29T08:45:00+00:00,4255.800
46411,2011-06-29T09:00:00+00:00,4255.700
46411,2011-06-29T09:15:00+00:00,4255.598
46411,2011-06-29T09:30:00+00:00,4255.499
46411,2011-06-29T09:45:00+00:00,4255.406
46411,2011-06-29T10:00:00+00:00,4255.316
46411,2011-06-29T10:15:00+00:00,4255.230
46411,2011-06-29T10:30:00+00:00,4255.152
46411,2011-06-29T10:45:00+00:00,4255.083
46411,2011-06-29T11:00:00+00:00,4255.020
46411,2011-06-29T11:15:00+00:00,4254.967
46411,2011-06-29T11:30:00+00:00,4254.926
46411,2011-06-29T11:45:00+00:00,4254.897
46411,2011-06-29T12:00:00+00:00,4254.877
46411,2011-06-29T12:15:00+00:00,4254.865
46411,2011-06-29T12:30:00+00:00,4254.864
46411,2011-06-29T12:45:00+00:00,4254.873
46411,2011-06-29T13:00:00+00:00,4254.895
46411,2011-06-29T13:15:00+00:00,4254.925
46411,2011-06-29T13:30:00+00:00,4254.964
46411,2011-06-29T13:45:00+00:00,4255.010
46411,2011-06-29T14:00:00+00:00,4255.064
46411,2011-06-29T14:15:00+00:00,4255.125
46411,2011-06-29T14:30:00+00:00,4255.192
46411,2011-06-29T14:45:00+00:00,4255.265
46411,2011-06-29T15:00:00+00:00,4255.343
46411,2011-06-29T15:15:00+00:00,4255.419
46411,2011-06-29T15:30:00+00:00,4255.498
46411,2011-06-29T15:45:00+00:00,4255.579
46411,2011-06-29T16:00:00+00:00,4255.657
46411,2011-06-29T16:15:00+00:00,4255.735
46411,2011-06-29T16:30:00+00:00,4255.805
46411,2011-06-29T16:45:00+00:00,4255.875
46411,2011-06-29T17:00:00+00:00,4255.940
46411,2011-06-29T17:15:00+00:00,4256.002
46411,2011-06-29T17:30:00+00:00,4256.055
46411,2011-06-29T17:45:00+00:00,4256.103
46411,2011-06-29T18:00:00+00:00,4256.144
46411,2011-06-29T18:15:00+00:00,4256.178
46411,2011-06-29T18:30:00+00:00,4256.207
46411,2011-06-29T18:45:00+00:00,4256.225
46411,2011-06-29T19:00:00+00:00,4256.237
46411,2011-06-29T19:15:00+00:00,4256.247
46411,2011-06-29T19:30:00+00:00,4256.244
46411,2011-06-29T19:45:00+00:00,4256.236
46411,2011-06-29T20:00:00+00:00,4256.224
46411,2011-06-29T20:15:00+00:00,4256.209
46411,2011-06-29T20:30:00+00:00,4256.187
46411,2011-06-29T20:45:00+00:00,4256.165
46411,2011-06-29T21:00:00+00:00,4256.140
46411,2011-06-29T21:15:00+00:00,4256.114
46411,2011-06-29T21:30:00+00:00,4256.087
46411,2011-06-29T21:45:00+00:00,4256.061
46411,2011-06-29T22:00:00+00:00,4256.035
46411,2011-06-29T22:15:00+00:00,4256.011
46411,2011-06-29T22:30:00+00:00,4255.992
46411,2011-06-29T22:45:00+00:00,4255.971
46411,2011-06-29T23:00:00+00:00,4255.958
46411,2011-06-29T23:15:00+00:00,4255.949
46411,2011-06-29T23:30:00+00:00,4255.948
46411,2011-06-29T23:45:00+00:00,4255.951
46411,2011-06-30T00:00:00+00:00,4255.960
46411,2011-06-30T00:15:00+00:00,4255.975
46411,2011-06-30T00:30:00+00:00,4255.998
46411,2011-06-30T00:45:00+00:00,4256.029
46411,2011-06-30T01:00:00+00:00,4256.062
46411,2011-06-30T01:15:00+00:00,4256.104
46411,2011-06-30T01:30:00+00:00,4256.151
46411,2011-06-30T01:45:00+00:00,4256.206
46411,2011-06-30T02:00:00+00:00,4256.263
46411,2011-06-30T02:15:00+00:00,4256.323
46411,2011-06-30T02:30:00+00:00,4256.383
46411,2011-06-30T02:45:00+00:00,4256.443
46411,2011-06-30T03:00:00+00:00,4256.504
46411,2011-06-30T03:15:00+00:00,4256.563
46411,2011-06-30T03:30:00+00:00,4256.622
46411,2011-06-30T03:45:00+00:00,4256.676
46411,2011-06-30T04:00:00+00:00,4256.727
46411,2011-06-30T04:15:00+00:00,4256.770
46411,2011-06-30T04:30:00+00:00,4256.810
46411,2011-06-30T04:45:00+00:00,4256.839
46411,2011-06-30T05:00:00+00:00,4256.862
46411,2011-06-30T05:15:00+00:00,4256.875
46411,2011-06-30T05:30:00+00:00,4256.876
46411,2011-06-30T05:45:00+00:00,4256.871
46411,2011-06-30T06:00:00+00:00,4256.849
46411,2011-06-30T06:15:00+00:00,4256.822
46411,2011-06-30T06:30:00+00:00,4256.786
46411,2011-06-30T06:45:00+00:00,4256.739
46411,2011-06-30T07:00:00+00:00,4256.681
46411,2011-06-30T07:15:00+00:00,4256.618
46411,2011-06-30T07:30:00+00:00,4256.546
46411,2011-06-30T07:45:00+00:00,4256.463
46411,2011-06-30T08:00:00+00:00,4256.374
46411,2011-06-30T08:15:00+00:00,4256.277
46411,2011-06-30T08:30:00+00:00,4256.176
46411,2011-06-30T08:45:00+00:00,4256.069
46411,2011-06-30T09:00:00+00:00,4255.961
46411,2011-06-30T09:15:00+00:00,4255.851
46411,2011-06-30T09:30:00+00:00,4255.742
46411,2011-06-30T09:45:00+00:00,4255.633
46411,2011-06-30T10:00:00+00:00,4255.525
46411,2011-06-30T10:15:00+00:00,4255.419
46411,2011-06-30T10:30:00+00:00,4255.316
46411,2011-06-30T10:45:00+00:00,4255.226
46411,2011-06-30T11:00:00+00:00,4255.135
46411,2011-06-30T11:15:00+00:00,4255.057
46411,2011-06-30T11:30:00+00:00,4254.987
46411,2011-06-30T11:45:00+00:00,4254.925
46411,2011-06-30T12:00:00+00:00,4254.875
46411,2011-06-30T12:15:00+00:00,4254.834
46411,2011-06-30T12:30:00+00:00,4254.804
46411,2011-06-30T12:45:00+00:00,4254.785
46411,2011-06-30T13:00:00+00:00,4254.779
46411,2011-06-30T13:15:00+00:00,4254.785
46411,2011-06-30T13:30:00+00:00,4254.801
46411,2011-06-30T13:45:00+00:00,4254.825
46411,2011-06-30T14:00:00+00:00,4254.860
46411,2011-06-30T14:15:00+00:00,4254.907
46411,2011-06-30T14:30:00+00:00,4254.962
46411,2011-06-30T14:45:00+00:00,4255.024
46411,2011-06-30T15:00:00+00:00,4255.095
46411,2011-06-30T15:15:00+00:00,4255.171
46411,2011-06-30T15:30:00+00:00,4255.250
46411,2011-06-30T15:45:00+00:00,4255.335
46411,2011-06-30T16:00:00+00:00,4255.421
46411,2011-06-30T16:15:00+00:00,4255.507
46411,2011-06-30T16:30:00+00:00,4255.589
46411,2011-06-30T16:45:00+00:00,4255.672
46411,2011-06-30T17:00:00+00:00,4255.752
46411,2011-06-30T17:15:00+00:00,4255.829
46411,2011-06-30T17:30:00+00:00,4255.905
46411,2011-06-30T17:45:00+00:00,4255.976
46411,2011-06-30T18:00:00+00:00,4256.038
46411,2011-06-30T18:15:00+00:00,4256.097
46411,2011-06-30T18:30:00+00:00,4256.145
46411,2011-06-30T18:45:00+00:00,4256.189
46411,2011-06-30T19:00:00+00:00,4256.223
46411,2011-06-30T19:15:00+00:00,4256.248
46411,2011-06-30T19:30:00+00:00,4256.264
46411,2011-06-30T19:45:00+00:00,4256.273
46411,2011-06-30T20:00:00+00:00,4256.275
46411,2011-06-30T20:15:00+00:00,4256.270
46411,2011-06-30T20:30:00+00:00,4256.259
46411,2011-06-30T20:45:00+00:00,4256.243
46411,2011-06-30T21:00:00+00:00,4256.220
46411,2011-06-30T21:15:00+00:00,4256.193
46411,2011-06-30T21:30:00+00:00,4256.161
46411,2011-06-30T21:45:00+00:00,4256.129
46411,2011-06-30T22:00:00+00:00,4256.097
46411,2011-06-30T22:15:00+00:00,4256.063
46411,2011-06-30T22:30:00+00:00,4256.029
46411,2011-06-30T22:45:00+00:00,4255.998
46411,2011-06-30T23:00:00+00:00,4255.968
46411,2011-06-30T23:15:00+00:00,4255.946
46411,2011-06-30T23:30:00+00:00,4255.926
46411,2011-06-30T23:45:00+00:00,4255.911
