station_id,timestamp_utc,height_m
46408,2011-06-01T00:00:00+00:00,5378.794
46408,2011-06-01T00:15:00+00:00,5378.808
46408,2011-06-01T00:30:00+00:00,5378.817
46408,2011-06-01T00:45:00+00:00,5378.825
46408,2011-06-01T01:00:00+00:00,5378.829
46408,2011-06-01T01:15:00+00:00,5378.830
46408,2011-06-01T01:30:00+00:00,5378.832
46408,2011-06-01T01:45:00+00:00,5378.829
46408,2011-06-01T02:00:00+00:00,5378.826
46408,2011-06-01T02:15:00+00:00,5378.823
46408,2011-06-01T02:30:00+00:00,5378.820
46408,2011-06-01T02:45:00+00:00,5378.818
46408,2011-06-01T03:00:00+00:00,5378.816
46408,2011-06-01T03:15:00+00:00,5378.817
46408,2011-06-01T03:30:00+00:00,5378.818
46408,2011-06-01T03:45:00+00:00,5378.824
46408,2011-06-01T04:00:00+00:00,5378.830
46408,2011-06-01T04:15:00+00:00,5378.843
46408,2011-06-01T04:30:00+00:00,5378.854
46408,2011-06-01T04:45:00+00:00,5378.872
46408,2011-06-01T05:00:00+00:00,5378.891
46408,2011-06-01T05:15:00+00:00,5378.914
46408,2011-06-01T05:30:00+00:00,5378.940
46408,2011-06-01T05:45:00+00:00,5378.968
46408,2011-06-01T06:00:00+00:00,5379.001
46408,2011-06-01T06:15:00+00:00,5379.036
46408,2011-06-01T06:30:00+00:00,5379.071
46408,2011-06-01T06:45:00+00:00,5379.109
46408,2011-06-01T07:00:00+00:00,5379.146
46408,2011-06-01T07:15:00+00:00,5379.180
46408,2011-06-01T07:30:00+00:00,5379.216
46408,2011-06-01T07:45:00+00:00,5379.254
46408,2011-06-01T08:00:00+00:00,5379.290
46408,2011-06-01T08:15:00+00:00,5379.321
46408,2011-06-01T08:30:00+00:00,5379.348
46408,2011-06-01T08:45:00+00:00,5379.371
46408,2011-06-01T09:00:00+00:00,5379.392
46408,2011-06-01T09:15:00+00:00,5379.405
46408,2011-06-01T09:30:00+00:00,5379.415
46408,2011-06-01T09:45:00+00:00,5379.416
46408,2011-06-01T10:00:00+00:00,5379.414
46408,2011-06-01T10:15:00+00:00,5379.408
46408,2011-06-01T10:30:00+00:00,5379.394
46408,2011-06-01T10:45:00+00:00,5379.369
46408,2011-06-01T11:00:00+00:00,5379.346
46408,2011-06-01T11:15:00+00:00,5379.312
46408,2011-06-01T11:30:00+00:00,5379.271
46408,2011-06-01T11:45:00+00:00,5379.225
46408,2011-06-01T12:00:00+00:00,5379.171
46408,2011-06-01T12:15:00+00:00,5379.116
46408,2011-06-01T12:30:00+00:00,5379.057
46408,2011-06-01T12:45:00+00:00,5378.992
46408,2011-06-01T13:00:00+00:00,5378.923
46408,2011-06-01T13:15:00+00:00,5378.850
46408,2011-06-01T13:30:00+00:00,5378.773
46408,2011-06-01T13:45:00+00:00,5378.695
46408,2011-06-01T14:00:00+00:00,5378.616
46408,2011-06-01T14:15:00+00:00,5378.537
46408,2011-06-01T14:30:00+00:00,5378.456
46408,2011-06-01T14:45:00+00:00,5378.382
46408,2011-06-01T15:00:00+00:00,5378.307
46408,2011-06-01T15:15:00+00:00,5378.236
46408,2011-06-01T15:30:00+00:00,5378.167
46408,2011-06-01T15:45:00+00:00,5378.102
46408,2011-06-01T16:00:00+00:00,5378.043
46408,2011-06-01T16:15:00+00:00,5377.993
46408,2011-06-01T16:30:00+00:00,5377.948
46408,2011-06-01T16:45:00+00:00,5377.906
46408,2011-06-01T17:00:00+00:00,5377.877
46408,2011-06-01T17:15:00+00:00,5377.853
46408,2011-06-01T17:30:00+00:00,5377.837
46408,2011-06-01T17:45:00+00:00,5377.826
46408,2011-06-01T18:00:00+00:00,5377.825
46408,2011-06-01T18:15:00+00:00,5377.830
46408,2011-06-01T18:30:00+00:00,5377.844
46408,2011-06-01T18:45:00+00:00,5377.861
46408,2011-06-01T19:00:00+00:00,5377.884
46408,2011-06-01T19:15:00+00:00,5377.914
46408,2011-06-01T19:30:00+00:00,5377.953
46408,2011-06-01T19:45:00+00:00,5377.994
46408,2011-06-01T20:00:00+00:00,5378.038
46408,2011-06-01T20:15:00+00:00,5378.084
46408,2011-06-01T20:30:00+00:00,5378.136
46408,2011-06-01T20:45:00+00:00,5378.188
46408,2011-06-01T21:00:00+00:00,5378.241
46408,2011-06-01T21:15:00+00:00,5378.294
46408,2011-06-01T21:30:00+00:00,5378.348
46408,2011-06-01T21:45:00+00:00,5378.401
46408,2011-06-01T22:00:00+00:00,5378.455
46408,2011-06-01T22:15:00+00:00,5378.507
46408,2011-06-01T22:30:00+00:00,5378.552
46408,2011-06-01T22:45:00+00:00,5378.596
46408,2011-06-01T23:00:00+00:00,5378.638
46408,2011-06-01T23:15:00+00:00,5378.672
46408,2011-06-01T23:30:00+00:00,5378.706
46408,2011-06-01T23:45:00+00:00,5378.738
46408,2011-06-02T00:00:00+00:00,5378.765
46408,2011-06-02T00:15:00+00:00,5378.793
46408,2011-06-02T00:30:00+00:00,5378.811
46408,2011-06-02T00:45:00+00:00,5378.829
46408,2011-06-02T01:00:00+00:00,5378.842
46408,2011-06-02T01:15:00+00:00,5378.846
46408,2011-06-02T01:30:00+00:00,5378.854
46408,2011-06-02T01:45:00+00:00,5378.859
46408,2011-06-02T02:00:00+00:00,5378.863
46408,2011-06-02T02:15:00+00:00,5378.864
46408,2011-06-02T02:30:00+00:00,5378.861
46408,2011-06-02T02:45:00+00:00,5378.857
46408,2011-06-02T03:00:00+00:00,5378.854
46408,2011-06-02T03:15:00+00:00,5378.852
46408,2011-06-02T03:30:00+00:00,5378.850
46408,2011-06-02T03:45:00+00:00,5378.851
46408,2011-06-02T04:00:00+00:00,5378.850
46408,2011-06-02T04:15:00+00:00,5378.854
46408,2011-06-02T04:30:00+00:00,5378.860
46408,2011-06-02T04:45:00+00:00,5378.871
46408,2011-06-02T05:00:00+00:00,5378.882
46408,2011-06-02T05:15:00+00:00,5378.896
46408,2011-06-02T05:30:00+00:00,5378.916
46408,2011-06-02T05:45:00+00:00,5378.938
46408,2011-06-02T06:00:00+00:00,5378.962
46408,2011-06-02T06:15:00+00:00,5378.990
46408,2011-06-02T06:30:00+00:00,5379.018
46408,2011-06-02T06:45:00+00:00,5379.052
46408,2011-06-02T07:00:00+00:00,5379.088
46408,2011-06-02T07:15:00+00:00,5379.124
46408,2011-06-02T07:30:00+00:00,5379.162
46408,2011-06-02T07:45:00+00:00,5379.201
46408,2011-06-02T08:00:00+00:00,5379.239
46408,2011-06-02T08:15:00+00:00,5379.275
46408,2011-06-02T08:30:00+00:00,5379.310
46408,2011-06-02T08:45:00+00:00,5379.341
46408,2011-06-02T09:00:00+00:00,5379.370
46408,2011-06-02T09:15:00+00:00,5379.395
46408,2011-06-02T09:30:00+00:00,5379.417
46408,2011-06-02T09:45:00+00:00,5379.431
46408,2011-06-02T10:00:00+00:00,5379.439
46408,2011-06-02T10:15:00+00:00,5379.444
46408,2011-06-02T10:30:00+00:00,5379.442
46408,2011-06-02T10:45:00+00:00,5379.435
46408,2011-06-02T11:00:00+00:00,5379.422
46408,2011-06-02T11:15:00+00:00,5379.404
46408,2011-06-02T11:30:00+00:00,5379.376
46408,2011-06-02T11:45:00+00:00,5379.344
46408,2011-06-02T12:00:00+00:00,5379.304
46408,2011-06-02T12:15:00+00:00,5379.259
46408,2011-06-02T12:30:00+00:00,5379.206
46408,2011-06-02T12:45:00+00:00,5379.150
46408,2011-06-02T13:00:00+00:00,5379.086
46408,2011-06-02T13:15:00+00:00,5379.019
46408,2011-06-02T13:30:00+00:00,5378.949
46408,2011-06-02T13:45:00+00:00,5378.875
46408,2011-06-02T14:00:00+00:00,5378.797
46408,2011-06-02T14:15:00+00:00,5378.717
46408,2011-06-02T14:30:00+00:00,5378.635
46408,2011-06-02T14:45:00+00:00,5378.550
46408,2011-06-02T15:00:00+00:00,5378.468
46408,2011-06-02T15:15:00+00:00,5378.387
46408,2011-06-02T15:30:00+00:00,5378.311
46408,2011-06-02T15:45:00+00:00,5378.233
46408,2011-06-02T16:00:00+00:00,5378.159
46408,2011-06-02T16:15:00+00:00,5378.094
46408,2011-06-02T16:30:00+00:00,5378.030
46408,2011-06-02T16:45:00+00:00,5377.976
46408,2011-06-02T17:00:00+00:00,5377.929
46408,2011-06-02T17:15:00+00:00,5377.883
46408,2011-06-02T17:30:00+00:00,5377.849
46408,2011-06-02T17:45:00+00:00,5377.821
46408,2011-06-02T18:00:00+00:00,5377.799
46408,2011-06-02T18:15:00+00:00,5377.786
46408,2011-06-02T18:30:00+00:00,5377.778
46408,2011-06-02T18:45:00+00:00,5377.781
46408,2011-06-02T19:00:00+00:00,5377.791
46408,2011-06-02T19:15:00+00:00,5377.806
46408,2011-06-02T19:30:00+00:00,5377.831
46408,2011-06-02T19:45:00+00:00,5377.861
46408,2011-06-02T20:00:00+00:00,5377.896
46408,2011-06-02T20:15:00+00:00,5377.936
46408,2011-06-02T20:30:00+00:00,5377.983
46408,2011-06-02T20:45:00+00:00,5378.031
46408,2011-06-02T21:00:00+00:00,5378.081
46408,2011-06-02T21:15:00+00:00,5378.134
46408,2011-06-02T21:30:00+00:00,5378.190
46408,2011-06-02T21:45:00+00:00,5378.247
46408,2011-06-02T22:00:00+00:00,5378.306
46408,2011-06-02T22:15:00+00:00,5378.361
46408,2011-06-02T22:30:00+00:00,5378.417
46408,2011-06-02T22:45:00+00:00,5378.468
46408,2011-06-02T23:00:00+00:00,5378.518
46408,2011-06-02T23:15:00+00:00,5378.565
46408,2011-06-02T23:30:00+00:00,5378.609
46408,2011-06-02T23:45:00+00:00,5378.648
46408,2011-06-03T00:00:00+00:00,5378.688
46408,2011-06-03T00:15:00+00:00,5378.725
46408,2011-06-03T00:30:00+00:00,5378.756
46408,2011-06-03T00:45:00+00:00,5378.781
46408,2011-06-03T01:00:00+00:00,5378.804
46408,2011-06-03T01:15:00+00:00,5378.823
46408,2011-06-03T01:30:00+00:00,5378.836
46408,2011-06-03T01:45:00+00:00,5378.850
46408,2011-06-03T02:00:00+00:00,5378.858
46408,2011-06-03T02:15:00+00:00,5378.863
46408,2011-06-03T02:30:00+00:00,5378.864
46408,2011-06-03T02:45:00+00:00,5378.865
46408,2011-06-03T03:00:00+00:00,5378.863
46408,2011-06-03T03:15:00+00:00,5378.863
46408,2011-06-03T03:30:00+00:00,5378.860
46408,2011-06-03T03:45:00+00:00,5378.858
46408,2011-06-03T04:00:00+00:00,5378.855
46408,2011-06-03T04:15:00+00:00,5378.850
46408,2011-06-03T04:30:00+00:00,5378.851
46408,2011-06-03T04:45:00+00:00,5378.853
46408,2011-06-03T05:00:00+00:00,5378.856
46408,2011-06-03T05:15:00+00:00,5378.865
46408,2011-06-03T05:30:00+00:00,5378.877
46408,2011-06-03T05:45:00+00:00,5378.888
46408,2011-06-03T06:00:00+00:00,5378.905
46408,2011-06-03T06:15:00+00:00,5378.928
46408,2011-06-03T06:30:00+00:00,5378.949
46408,2011-06-03T06:45:00+00:00,5378.974
46408,2011-06-03T07:00:00+00:00,5379.005
46408,2011-06-03T07:15:00+00:00,5379.039
46408,2011-06-03T07:30:00+00:00,5379.075
46408,2011-06-03T07:45:00+00:00,5379.113
46408,2011-06-03T08:00:00+00:00,5379.152
46408,2011-06-03T08:15:00+00:00,5379.189
46408,2011-06-03T08:30:00+00:00,5379.228
46408,2011-06-03T08:45:00+00:00,5379.265
46408,2011-06-03T09:00:00+00:00,5379.303
46408,2011-06-03T09:15:00+00:00,5379.337
46408,2011-06-03T09:30:00+00:00,5379.366
46408,2011-06-03T09:45:00+00:00,5379.394
46408,2011-06-03T10:00:00+00:00,5379.415
46408,2011-06-03T10:15:00+00:00,5379.432
46408,2011-06-03T10:30:00+00:00,5379.444
46408,2011-06-03T10:45:00+00:00,5379.449
46408,2011-06-03T11:00:00+00:00,5379.452
46408,2011-06-03T11:15:00+00:00,5379.446
46408,2011-06-03T11:30:00+00:00,5379.437
46408,2011-06-03T11:45:00+00:00,5379.418
46408,2011-06-03T12:00:00+00:00,5379.396
46408,2011-06-03T12:15:00+00:00,5379.366
46408,2011-06-03T12:30:00+00:00,5379.328
46408,2011-06-03T12:45:00+00:00,5379.285
46408,2011-06-03T13:00:00+00:00,5379.237
46408,2011-06-03T13:15:00+00:00,5379.182
46408,2011-06-03T13:30:00+00:00,5379.124
46408,2011-06-03T13:45:00+00:00,5379.059
46408,2011-06-03T14:00:00+00:00,5378.990
46408,2011-06-03T14:15:00+00:00,5378.918
46408,2011-06-03T14:30:00+00:00,5378.841
46408,2011-06-03T14:45:00+00:00,5378.761
46408,2011-06-03T15:00:00+00:00,5378.680
46408,2011-06-03T15:15:00+00:00,5378.599
46408,2011-06-03T15:30:00+00:00,5378.517
46408,2011-06-03T15:45:00+00:00,5378.436
46408,2011-06-03T16:00:00+00:00,5378.357
46408,2011-06-03T16:15:00+00:00,5378.282
46408,2011-06-03T16:30:00+00:00,5378.208
46408,2011-06-03T16:45:00+00:00,5378.138
46408,2011-06-03T17:00:00+00:00,5378.073
46408,2011-06-03T17:15:00+00:00,5378.013
46408,2011-06-03T17:30:00+00:00,5377.959
46408,2011-06-03T17:45:00+00:00,5377.911
46408,2011-06-03T18:00:00+00:00,5377.870
46408,2011-06-03T18:15:00+00:00,5377.839
46408,2011-06-03T18:30:00+00:00,5377.815
46408,2011-06-03T18:45:00+00:00,5377.797
46408,2011-06-03T19:00:00+00:00,5377.788
46408,2011-06-03T19:15:00+00:00,5377.789
46408,2011-06-03T19:30:00+00:00,5377.795
46408,2011-06-03T19:45:00+00:00,5377.810
46408,2011-06-03T20:00:00+00:00,5377.831
46408,2011-06-03T20:15:00+00:00,5377.861
46408,2011-06-03T20:30:00+00:00,5377.892
46408,2011-06-03T20:45:00+00:00,5377.931
46408,2011-06-03T21:00:00+00:00,5377.976
46408,2011-06-03T21:15:00+00:00,5378.022
46408,2011-06-03T21:30:00+00:00,5378.074
46408,2011-06-03T21:45:00+00:00,5378.129
46408,2011-06-03T22:00:00+00:00,5378.182
46408,2011-06-03T22:15:00+00:00,5378.239
46408,2011-06-03T22:30:00+00:00,5378.295
46408,2011-06-03T22:45:00+00:00,5378.349
46408,2011-06-03T23:00:00+00:00,5378.403
46408,2011-06-03T23:15:00+00:00,5378.456
46408,2011-06-03T23:30:00+00:00,5378.509
46408,2011-06-03T23:45:00+00:00,5378.558
46408,2011-06-04T00:00:00+00:00,5378.601
46408,2011-06-04T00:15:00+00:00,5378.643
46408,2011-06-04T00:30:00+00:00,5378.682
46408,2011-06-04T00:45:00+00:00,5378.718
46408,2011-06-04T01:00:00+00:00,5378.751
46408,2011-06-04T01:15:00+00:00,5378.780
46408,2011-06-04T01:30:00+00:00,5378.804
46408,2011-06-04T01:45:00+00:00,5378.822
46408,2011-06-04T02:00:00+00:00,5378.839
46408,2011-06-04T02:15:00+00:00,5378.850
46408,2011-06-04T02:30:00+00:00,5378.859
46408,2011-06-04T02:45:00+00:00,5378.865
46408,2011-06-04T03:00:00+00:00,5378.870
46408,2011-06-04T03:15:00+00:00,5378.872
46408,2011-06-04T03:30:00+00:00,5378.872
46408,2011-06-04T03:45:00+00:00,5378.871
46408,2011-06-04T04:00:00+00:00,5378.866
46408,2011-06-04T04:15:00+00:00,5378.859
46408,2011-06-04T04:30:00+00:00,5378.855
46408,2011-06-04T04:45:00+00:00,5378.851
46408,2011-06-04T05:00:00+00:00,5378.849
46408,2011-06-04T05:15:00+00:00,5378.846
46408,2011-06-04T05:30:00+00:00,5378.848
46408,2011-06-04T05:45:00+00:00,5378.855
46408,2011-06-04T06:00:00+00:00,5378.862
46408,2011-06-04T06:15:00+00:00,5378.875
46408,2011-06-04T06:30:00+00:00,5378.889
46408,2011-06-04T06:45:00+00:00,5378.908
46408,2011-06-04T07:00:00+00:00,5378.928
46408,2011-06-04T07:15:00+00:00,5378.950
46408,2011-06-04T07:30:00+00:00,5378.979
46408,2011-06-04T07:45:00+00:00,5379.009
46408,2011-06-04T08:00:00+00:00,5379.043
46408,2011-06-04T08:15:00+00:00,5379.074
46408,2011-06-04T08:30:00+00:00,5379.112
46408,2011-06-04T08:45:00+00:00,5379.148
46408,2011-06-04T09:00:00+00:00,5379.185
46408,2011-06-04T09:15:00+00:00,5379.218
46408,2011-06-04T09:30:00+00:00,5379.252
46408,2011-06-04T09:45:00+00:00,5379.284
46408,2011-06-04T10:00:00+00:00,5379.313
46408,2011-06-04T10:15:00+00:00,5379.342
46408,2011-06-04T10:30:00+00:00,5379.365
46408,2011-06-04T10:45:00+00:00,5379.385
46408,2011-06-04T11:00:00+00:00,5379.400
46408,2011-06-04T11:15:00+00:00,5379.411
46408,2011-06-04T11:30:00+00:00,5379.415
46408,2011-06-04T11:45:00+00:00,5379.413
46408,2011-06-04T12:00:00+00:00,5379.407
46408,2011-06-04T12:15:00+00:00,5379.395
46408,2011-06-04T12:30:00+00:00,5379.376
46408,2011-06-04T12:45:00+00:00,5379.354
46408,2011-06-04T13:00:00+00:00,5379.325
46408,2011-06-04T13:15:00+00:00,5379.289
46408,2011-06-04T13:30:00+00:00,5379.246
46408,2011-06-04T13:45:00+00:00,5379.196
46408,2011-06-04T14:00:00+00:00,5379.140
46408,2011-06-04T14:15:00+00:00,5379.082
46408,2011-06-04T14:30:00+00:00,5379.018
46408,2011-06-04T14:45:00+00:00,5378.948
46408,2011-06-04T15:00:00+00:00,5378.877
46408,2011-06-04T15:15:00+00:00,5378.802
46408,2011-06-04T15:30:00+00:00,5378.726
46408,2011-06-04T15:45:00+00:00,5378.647
46408,2011-06-04T16:00:00+00:00,5378.567
46408,2011-06-04T16:15:00+00:00,5378.488
46408,2011-06-04T16:30:00+00:00,5378.410
46408,2011-06-04T16:45:00+00:00,5378.334
46408,2011-06-04T17:00:00+00:00,5378.258
46408,2011-06-04T17:15:00+00:00,5378.188
46408,2011-06-04T17:30:00+00:00,5378.122
46408,2011-06-04T17:45:00+00:00,5378.061
46408,2011-06-04T18:00:00+00:00,5378.007
46408,2011-06-04T18:15:00+00:00,5377.957
46408,2011-06-04T18:30:00+00:00,5377.915
46408,2011-06-04T18:45:00+00:00,5377.882
46408,2011-06-04T19:00:00+00:00,5377.855
46408,2011-06-04T19:15:00+00:00,5377.834
46408,2011-06-04T19:30:00+00:00,5377.822
46408,2011-06-04T19:45:00+00:00,5377.816
46408,2011-06-04T20:00:00+00:00,5377.817
46408,2011-06-04T20:15:00+00:00,5377.825
46408,2011-06-04T20:30:00+00:00,5377.841
46408,2011-06-04T20:45:00+00:00,5377.862
46408,2011-06-04T21:00:00+00:00,5377.892
46408,2011-06-04T21:15:00+00:00,5377.926
46408,2011-06-04T21:30:00+00:00,5377.967
46408,2011-06-04T21:45:00+00:00,5378.015
46408,2011-06-04T22:00:00+00:00,5378.063
46408,2011-06-04T22:15:00+00:00,5378.116
46408,2011-06-04T22:30:00+00:00,5378.168
46408,2011-06-04T22:45:00+00:00,5378.224
46408,2011-06-04T23:00:00+00:00,5378.278
46408,2011-06-04T23:15:00+00:00,5378.331
46408,2011-06-04T23:30:00+00:00,5378.387
46408,2011-06-04T23:45:00+00:00,5378.441
46408,2011-06-05T00:00:00+00:00,5378.495
46408,2011-06-05T00:15:00+00:00,5378.546
46408,2011-06-05T00:30:00+00:00,5378.595
46408,2011-06-05T00:45:00+00:00,5378.639
46408,2011-06-05T01:00:00+00:00,5378.682
46408,2011-06-05T01:15:00+00:00,5378.720
46408,2011-06-05T01:30:00+00:00,5378.753
46408,2011-06-05T01:45:00+00:00,5378.783
46408,2011-06-05T02:00:00+00:00,5378.810
46408,2011-06-05T02:15:00+00:00,5378.834
46408,2011-06-05T02:30:00+00:00,5378.853
46408,2011-06-05T02:45:00+00:00,5378.869
46408,2011-06-05T03:00:00+00:00,5378.880
46408,2011-06-05T03:15:00+00:00,5378.889
46408,2011-06-05T03:30:00+00:00,5378.894
46408,2011-06-05T03:45:00+00:00,5378.896
46408,2011-06-05T04:00:00+00:00,5378.895
46408,2011-06-05T04:15:00+00:00,5378.890
46408,2011-06-05T04:30:00+00:00,5378.887
46408,2011-06-05T04:45:00+00:00,5378.880
46408,2011-06-05T05:00:00+00:00,5378.873
46408,2011-06-05T05:15:00+00:00,5378.868
46408,2011-06-05T05:30:00+00:00,5378.863
46408,2011-06-05T05:45:00+00:00,5378.861
46408,2011-06-05T06:00:00+00:00,5378.859
46408,2011-06-05T06:15:00+00:00,5378.861
46408,2011-06-05T06:30:00+00:00,5378.865
46408,2011-06-05T06:45:00+00:00,5378.870
46408,2011-06-05T07:00:00+00:00,5378.880
46408,2011-06-05T07:15:00+00:00,5378.892
46408,2011-06-05T07:30:00+00:00,5378.909
46408,2011-06-05T07:45:00+00:00,5378.929
46408,2011-06-05T08:00:00+00:00,5378.950
46408,2011-06-05T08:15:00+00:00,5378.974
46408,2011-06-05T08:30:00+00:00,5379.002
46408,2011-06-05T08:45:00+00:00,5379.029
46408,2011-06-05T09:00:00+00:00,5379.057
46408,2011-06-05T09:15:00+00:00,5379.087
46408,2011-06-05T09:30:00+00:00,5379.118
46408,2011-06-05T09:45:00+00:00,5379.151
46408,2011-06-05T10:00:00+00:00,5379.184
46408,2011-06-05T10:15:00+00:00,5379.216
46408,2011-06-05T10:30:00+00:00,5379.245
46408,2011-06-05T10:45:00+00:00,5379.271
46408,2011-06-05T11:00:00+00:00,5379.294
46408,2011-06-05T11:15:00+00:00,5379.315
46408,2011-06-05T11:30:00+00:00,5379.334
46408,2011-06-05T11:45:00+00:00,5379.348
46408,2011-06-05T12:00:00+00:00,5379.357
46408,2011-06-05T12:15:00+00:00,5379.362
46408,2011-06-05T12:30:00+00:00,5379.360
46408,2011-06-05T12:45:00+00:00,5379.354
46408,2011-06-05T13:00:00+00:00,5379.342
46408,2011-06-05T13:15:00+00:00,5379.326
46408,2011-06-05T13:30:00+00:00,5379.300
46408,2011-06-05T13:45:00+00:00,5379.268
46408,2011-06-05T14:00:00+00:00,5379.233
46408,2011-06-05T14:15:00+00:00,5379.190
46408,2011-06-05T14:30:00+00:00,5379.142
46408,2011-06-05T14:45:00+00:00,5379.092
46408,2011-06-05T15:00:00+00:00,5379.037
46408,2011-06-05T15:15:00+00:00,5378.974
46408,2011-06-05T15:30:00+00:00,5378.911
46408,2011-06-05T15:45:00+00:00,5378.844
46408,2011-06-05T16:00:00+00:00,5378.773
46408,2011-06-05T16:15:00+00:00,5378.701
46408,2011-06-05T16:30:00+00:00,5378.629
46408,2011-06-05T16:45:00+00:00,5378.556
46408,2011-06-05T17:00:00+00:00,5378.479
46408,2011-06-05T17:15:00+00:00,5378.404
46408,2011-06-05T17:30:00+00:00,5378.334
46408,2011-06-05T17:45:00+00:00,5378.263
46408,2011-06-05T18:00:00+00:00,5378.200
46408,2011-06-05T18:15:00+00:00,5378.138
46408,2011-06-05T18:30:00+00:00,5378.082
46408,2011-06-05T18:45:00+00:00,5378.030
46408,2011-06-05T19:00:00+00:00,5377.985
46408,2011-06-05T19:15:00+00:00,5377.948
46408,2011-06-05T19:30:00+00:00,5377.917
46408,2011-06-05T19:45:00+00:00,5377.894
46408,2011-06-05T20:00:00+00:00,5377.875
46408,2011-06-05T20:15:00+00:00,5377.864
46408,2011-06-05T20:30:00+00:00,5377.859
46408,2011-06-05T20:45:00+00:00,5377.860
46408,2011-06-05T21:00:00+00:00,5377.872
46408,2011-06-05T21:15:00+00:00,5377.890
46408,2011-06-05T21:30:00+00:00,5377.914
46408,2011-06-05T21:45:00+00:00,5377.943
46408,2011-06-05T22:00:00+00:00,5377.981
46408,2011-06-05T22:15:00+00:00,5378.019
46408,2011-06-05T22:30:00+00:00,5378.063
46408,2011-06-05T22:45:00+00:00,5378.111
46408,2011-06-05T23:00:00+00:00,5378.163
46408,2011-06-05T23:15:00+00:00,5378.216
46408,2011-06-05T23:30:00+00:00,5378.271
46408,2011-06-05T23:45:00+00:00,5378.324
46408,2011-06-06T00:00:00+00:00,5378.380
46408,2011-06-06T00:15:00+00:00,5378.435
46408,2011-06-06T00:30:00+00:00,5378.487
46408,2011-06-06T00:45:00+00:00,5378.536
46408,2011-06-06T01:00:00+00:00,5378.586
46408,2011-06-06T01:15:00+00:00,5378.631
46408,2011-06-06T01:30:00+00:00,5378.675
46408,2011-06-06T01:45:00+00:00,5378.714
46408,2011-06-06T02:00:00+00:00,5378.751
46408,2011-06-06T02:15:00+00:00,5378.784
46408,2011-06-06T02:30:00+00:00,5378.815
46408,2011-06-06T02:45:00+00:00,5378.841
46408,2011-06-06T03:00:00+00:00,5378.863
46408,2011-06-06T03:15:00+00:00,5378.880
46408,2011-06-06T03:30:00+00:00,5378.894
46408,2011-06-06T03:45:00+00:00,5378.904
46408,2011-06-06T04:00:00+00:00,5378.910
46408,2011-06-06T04:15:00+00:00,5378.912
46408,2011-06-06T04:30:00+00:00,5378.914
46408,2011-06-06T04:45:00+00:00,5378.912
46408,2011-06-06T05:00:00+00:00,5378.908
46408,2011-06-06T05:15:00+00:00,5378.902
46408,2011-06-06T05:30:00+00:00,5378.893
46408,2011-06-06T05:45:00+00:00,5378.884
46408,2011-06-06T06:00:00+00:00,5378.873
46408,2011-06-06T06:15:00+00:00,5378.865
46408,2011-06-06T06:30:00+00:00,5378.856
46408,2011-06-06T06:45:00+00:00,5378.850
46408,2011-06-06T07:00:00+00:00,5378.846
46408,2011-06-06T07:15:00+00:00,5378.845
46408,2011-06-06T07:30:00+00:00,5378.844
46408,2011-06-06T07:45:00+00:00,5378.848
46408,2011-06-06T08:00:00+00:00,5378.855
46408,2011-06-06T08:15:00+00:00,5378.863
46408,2011-06-06T08:30:00+00:00,5378.873
46408,2011-06-06T08:45:00+00:00,5378.889
46408,2011-06-06T09:00:00+00:00,5378.908
46408,2011-06-06T09:15:00+00:00,5378.926
46408,2011-06-06T09:30:00+00:00,5378.948
46408,2011-06-06T09:45:00+00:00,5378.971
46408,2011-06-06T10:00:00+00:00,5378.996
46408,2011-06-06T10:15:00+00:00,5379.022
46408,2011-06-06T10:30:00+00:00,5379.049
46408,2011-06-06T10:45:00+00:00,5379.075
46408,2011-06-06T11:00:00+00:00,5379.100
46408,2011-06-06T11:15:00+00:00,5379.125
46408,2011-06-06T11:30:00+00:00,5379.150
46408,2011-06-06T11:45:00+00:00,5379.173
46408,2011-06-06T12:00:00+00:00,5379.194
46408,2011-06-06T12:15:00+00:00,5379.208
46408,2011-06-06T12:30:00+00:00,5379.221
46408,2011-06-06T12:45:00+00:00,5379.231
46408,2011-06-06T13:00:00+00:00,5379.234
46408,2011-06-06T13:15:00+00:00,5379.233
46408,2011-06-06T13:30:00+00:00,5379.229
46408,2011-06-06T13:45:00+00:00,5379.220
46408,2011-06-06T14:00:00+00:00,5379.207
46408,2011-06-06T14:15:00+00:00,5379.187
46408,2011-06-06T14:30:00+00:00,5379.162
46408,2011-06-06T14:45:00+00:00,5379.132
46408,2011-06-06T15:00:00+00:00,5379.098
46408,2011-06-06T15:15:00+00:00,5379.058
46408,2011-06-06T15:30:00+00:00,5379.014
46408,2011-06-06T15:45:00+00:00,5378.968
46408,2011-06-06T16:00:00+00:00,5378.916
46408,2011-06-06T16:15:00+00:00,5378.861
46408,2011-06-06T16:30:00+00:00,5378.801
46408,2011-06-06T16:45:00+00:00,5378.741
46408,2011-06-06T17:00:00+00:00,5378.678
46408,2011-06-06T17:15:00+00:00,5378.614
46408,2011-06-06T17:30:00+00:00,5378.547
46408,2011-06-06T17:45:00+00:00,5378.483
46408,2011-06-06T18:00:00+00:00,5378.419
46408,2011-06-06T18:15:00+00:00,5378.352
46408,2011-06-06T18:30:00+00:00,5378.292
46408,2011-06-06T18:45:00+00:00,5378.235
46408,2011-06-06T19:00:00+00:00,5378.181
46408,2011-06-06T19:15:00+00:00,5378.131
46408,2011-06-06T19:30:00+00:00,5378.088
46408,2011-06-06T19:45:00+00:00,5378.048
46408,2011-06-06T20:00:00+00:00,5378.014
46408,2011-06-06T20:15:00+00:00,5377.984
46408,2011-06-06T20:30:00+00:00,5377.964
46408,2011-06-06T20:45:00+00:00,5377.949
46408,2011-06-06T21:00:00+00:00,5377.940
46408,2011-06-06T21:15:00+00:00,5377.939
46408,2011-06-06T21:30:00+00:00,5377.944
46408,2011-06-06T21:45:00+00:00,5377.955
46408,2011-06-06T22:00:00+00:00,5377.973
46408,2011-06-06T22:15:00+00:00,5377.997
46408,2011-06-06T22:30:00+00:00,5378.026
46408,2011-06-06T22:45:00+00:00,5378.059
46408,2011-06-06T23:00:00+00:00,5378.098
46408,2011-06-06T23:15:00+00:00,5378.142
46408,2011-06-06T23:30:00+00:00,5378.185
46408,2011-06-06T23:45:00+00:00,5378.235
46408,2011-06-07T00:00:00+00:00,5378.286
46408,2011-06-07T00:15:00+00:00,5378.338
46408,2011-06-07T00:30:00+00:00,5378.390
46408,2011-06-07T00:45:00+00:00,5378.444
46408,2011-06-07T01:00:00+00:00,5378.495
46408,2011-06-07T01:15:00+00:00,5378.545
46408,2011-06-07T01:30:00+00:00,5378.597
46408,2011-06-07T01:45:00+00:00,5378.646
46408,2011-06-07T02:00:00+00:00,5378.689
46408,2011-06-07T02:15:00+00:00,5378.734
46408,2011-06-07T02:30:00+00:00,5378.774
46408,2011-06-07T02:45:00+00:00,5378.808
46408,2011-06-07T03:00:00+00:00,5378.838
46408,2011-06-07T03:15:00+00:00,5378.865
46408,2011-06-07T03:30:00+00:00,5378.887
46408,2011-06-07T03:45:00+00:00,5378.906
46408,2011-06-07T04:00:00+00:00,5378.919
46408,2011-06-07T04:15:00+00:00,5378.933
46408,2011-06-07T04:30:00+00:00,5378.941
46408,2011-06-07T04:45:00+00:00,5378.945
46408,2011-06-07T05:00:00+00:00,5378.946
46408,2011-06-07T05:15:00+00:00,5378.940
46408,2011-06-07T05:30:00+00:00,5378.931
46408,2011-06-07T05:45:00+00:00,5378.922
46408,2011-06-07T06:00:00+00:00,5378.911
46408,2011-06-07T06:15:00+00:00,5378.897
46408,2011-06-07T06:30:00+00:00,5378.883
46408,2011-06-07T06:45:00+00:00,5378.868
46408,2011-06-07T07:00:00+00:00,5378.853
46408,2011-06-07T07:15:00+00:00,5378.840
46408,2011-06-07T07:30:00+00:00,5378.827
46408,2011-06-07T07:45:00+00:00,5378.815
46408,2011-06-07T08:00:00+00:00,5378.806
46408,2011-06-07T08:15:00+00:00,5378.799
46408,2011-06-07T08:30:00+00:00,5378.795
46408,2011-06-07T08:45:00+00:00,5378.792
46408,2011-06-07T09:00:00+00:00,5378.792
46408,2011-06-07T09:15:00+00:00,5378.796
46408,2011-06-07T09:30:00+00:00,5378.803
46408,2011-06-07T09:45:00+00:00,5378.813
46408,2011-06-07T10:00:00+00:00,5378.824
46408,2011-06-07T10:15:00+00:00,5378.837
46408,2011-06-07T10:30:00+00:00,5378.851
46408,2011-06-07T10:45:00+00:00,5378.869
46408,2011-06-07T11:00:00+00:00,5378.890
46408,2011-06-07T11:15:00+00:00,5378.909
46408,2011-06-07T11:30:00+00:00,5378.929
46408,2011-06-07T11:45:00+00:00,5378.950
46408,2011-06-07T12:00:00+00:00,5378.968
46408,2011-06-07T12:15:00+00:00,5378.988
46408,2011-06-07T12:30:00+00:00,5379.006
46408,2011-06-07T12:45:00+00:00,5379.023
46408,2011-06-07T13:00:00+00:00,5379.038
46408,2011-06-07T13:15:00+00:00,5379.052
46408,2011-06-07T13:30:00+00:00,5379.065
46408,2011-06-07T13:45:00+00:00,5379.072
46408,2011-06-07T14:00:00+00:00,5379.075
46408,2011-06-07T14:15:00+00:00,5379.076
46408,2011-06-07T14:30:00+00:00,5379.069
46408,2011-06-07T14:45:00+00:00,5379.063
46408,2011-06-07T15:00:00+00:00,5379.050
46408,2011-06-07T15:15:00+00:00,5379.030
46408,2011-06-07T15:30:00+00:00,5379.012
46408,2011-06-07T15:45:00+00:00,5378.987
46408,2011-06-07T16:00:00+00:00,5378.958
46408,2011-06-07T16:15:00+00:00,5378.926
46408,2011-06-07T16:30:00+00:00,5378.890
46408,2011-06-07T16:45:00+00:00,5378.852
46408,2011-06-07T17:00:00+00:00,5378.809
46408,2011-06-07T17:15:00+00:00,5378.763
46408,2011-06-07T17:30:00+00:00,5378.710
46408,2011-06-07T17:45:00+00:00,5378.657
46408,2011-06-07T18:00:00+00:00,5378.605
46408,2011-06-07T18:15:00+00:00,5378.548
46408,2011-06-07T18:30:00+00:00,5378.493
46408,2011-06-07T18:45:00+00:00,5378.440
46408,2011-06-07T19:00:00+00:00,5378.384
46408,2011-06-07T19:15:00+00:00,5378.333
46408,2011-06-07T19:30:00+00:00,5378.283
46408,2011-06-07T19:45:00+00:00,5378.239
46408,2011-06-07T20:00:00+00:00,5378.195
46408,2011-06-07T20:15:00+00:00,5378.157
46408,2011-06-07T20:30:00+00:00,5378.123
46408,2011-06-07T20:45:00+00:00,5378.091
46408,2011-06-07T21:00:00+00:00,5378.067
46408,2011-06-07T21:15:00+00:00,5378.050
46408,2011-06-07T21:30:00+00:00,5378.036
46408,2011-06-07T21:45:00+00:00,5378.031
46408,2011-06-07T22:00:00+00:00,5378.032
46408,2011-06-07T22:15:00+00:00,5378.038
46408,2011-06-07T22:30:00+00:00,5378.053
46408,2011-06-07T22:45:00+00:00,5378.069
46408,2011-06-07T23:00:00+00:00,5378.092
46408,2011-06-07T23:15:00+00:00,5378.121
46408,2011-06-07T23:30:00+00:00,5378.154
46408,2011-06-07T23:45:00+00:00,5378.190
46408,2011-06-08T00:00:00+00:00,5378.232
46408,2011-06-08T00:15:00+00:00,5378.275
46408,2011-06-08T00:30:00+00:00,5378.320
46408,2011-06-08T00:45:00+00:00,5378.370
46408,2011-06-08T01:00:00+00:00,5378.420
46408,2011-06-08T01:15:00+00:00,5378.470
46408,2011-06-08T01:30:00+00:00,5378.522
46408,2011-06-08T01:45:00+00:00,5378.573
46408,2011-06-08T02:00:00+00:00,5378.621
46408,2011-06-08T02:15:00+00:00,5378.670
46408,2011-06-08T02:30:00+00:00,5378.717
46408,2011-06-08T02:45:00+00:00,5378.759
46408,2011-06-08T03:00:00+00:00,5378.802
46408,2011-06-08T03:15:00+00:00,5378.839
46408,2011-06-08T03:30:00+00:00,5378.875
46408,2011-06-08T03:45:00+00:00,5378.909
46408,2011-06-08T04:00:00+00:00,5378.937
46408,2011-06-08T04:15:00+00:00,5378.961
46408,2011-06-08T04:30:00+00:00,5378.979
46408,2011-06-08T04:45:00+00:00,5378.995
46408,2011-06-08T05:00:00+00:00,5379.002
46408,2011-06-08T05:15:00+00:00,5379.008
46408,2011-06-08T05:30:00+00:00,5379.007
46408,2011-06-08T05:45:00+00:00,5379.004
46408,2011-06-08T06:00:00+00:00,5378.998
46408,2011-06-08T06:15:00+00:00,5378.989
46408,2011-06-08T06:30:00+00:00,5378.976
46408,2011-06-08T06:45:00+00:00,5378.959
46408,2011-06-08T07:00:00+00:00,5378.941
46408,2011-06-08T07:15:00+00:00,5378.919
46408,2011-06-08T07:30:00+00:00,5378.896
46408,2011-06-08T07:45:00+00:00,5378.873
46408,2011-06-08T08:00:00+00:00,5378.850
46408,2011-06-08T08:15:00+00:00,5378.828
46408,2011-06-08T08:30:00+00:00,5378.810
46408,2011-06-08T08:45:00+00:00,5378.789
46408,2011-06-08T09:00:00+00:00,5378.771
46408,2011-06-08T09:15:00+00:00,5378.754
46408,2011-06-08T09:30:00+00:00,5378.739
46408,2011-06-08T09:45:00+00:00,5378.726
46408,2011-06-08T10:00:00+00:00,5378.718
46408,2011-06-08T10:15:00+00:00,5378.711
46408,2011-06-08T10:30:00+00:00,5378.707
46408,2011-06-08T10:45:00+00:00,5378.707
46408,2011-06-08T11:00:00+00:00,5378.709
46408,2011-06-08T11:15:00+00:00,5378.714
46408,2011-06-08T11:30:00+00:00,5378.721
46408,2011-06-08T11:45:00+00:00,5378.730
46408,2011-06-08T12:00:00+00:00,5378.742
46408,2011-06-08T12:15:00+00:00,5378.755
46408,2011-06-08T12:30:00+00:00,5378.772
46408,2011-06-08T12:45:00+00:00,5378.790
46408,2011-06-08T13:00:00+00:00,5378.805
46408,2011-06-08T13:15:00+00:00,5378.821
46408,2011-06-08T13:30:00+00:00,5378.837
46408,2011-06-08T13:45:00+00:00,5378.854
46408,2011-06-08T14:00:00+00:00,5378.867
46408,2011-06-08T14:15:00+00:00,5378.878
46408,2011-06-08T14:30:00+00:00,5378.889
46408,2011-06-08T14:45:00+00:00,5378.899
46408,2011-06-08T15:00:00+00:00,5378.905
46408,2011-06-08T15:15:00+00:00,5378.911
46408,2011-06-08T15:30:00+00:00,5378.909
46408,2011-06-08T15:45:00+00:00,5378.909
46408,2011-06-08T16:00:00+00:00,5378.901
46408,2011-06-08T16:15:00+00:00,5378.895
46408,2011-06-08T16:30:00+00:00,5378.884
46408,2011-06-08T16:45:00+00:00,5378.865
46408,2011-06-08T17:00:00+00:00,5378.846
46408,2011-06-08T17:15:00+00:00,5378.824
46408,2011-06-08T17:30:00+00:00,5378.797
46408,2011-06-08T17:45:00+00:00,5378.768
46408,2011-06-08T18:00:00+00:00,5378.734
46408,2011-06-08T18:15:00+00:00,5378.696
46408,2011-06-08T18:30:00+00:00,5378.656
46408,2011-06-08T18:45:00+00:00,5378.618
46408,2011-06-08T19:00:00+00:00,5378.576
46408,2011-06-08T19:15:00+00:00,5378.533
46408,2011-06-08T19:30:00+00:00,5378.493
46408,2011-06-08T19:45:00+00:00,5378.450
46408,2011-06-08T20:00:00+00:00,5378.409
46408,2011-06-08T20:15:00+00:00,5378.370
46408,2011-06-08T20:30:00+00:00,5378.330
46408,2011-06-08T20:45:00+00:00,5378.299
46408,2011-06-08T21:00:00+00:00,5378.267
46408,2011-06-08T21:15:00+00:00,5378.240
46408,2011-06-08T21:30:00+00:00,5378.217
46408,2011-06-08T21:45:00+00:00,5378.200
46408,2011-06-08T22:00:00+00:00,5378.187
46408,2011-06-08T22:15:00+00:00,5378.178
46408,2011-06-08T22:30:00+00:00,5378.173
46408,2011-06-08T22:45:00+00:00,5378.176
46408,2011-06-08T23:00:00+00:00,5378.181
46408,2011-06-08T23:15:00+00:00,5378.193
46408,2011-06-08T23:30:00+00:00,5378.208
46408,2011-06-08T23:45:00+00:00,5378.227
46408,2011-06-09T00:00:00+00:00,5378.252
46408,2011-06-09T00:15:00+00:00,5378.283
46408,2011-06-09T00:30:00+00:00,5378.317
46408,2011-06-09T00:45:00+00:00,5378.356
46408,2011-06-09T01:00:00+00:00,5378.396
46408,2011-06-09T01:15:00+00:00,5378.442
46408,2011-06-09T01:30:00+00:00,5378.490
46408,2011-06-09T01:45:00+00:00,5378.538
46408,2011-06-09T02:00:00+00:00,5378.588
46408,2011-06-09T02:15:00+00:00,5378.638
46408,2011-06-09T02:30:00+00:00,5378.685
46408,2011-06-09T02:45:00+00:00,5378.732
46408,2011-06-09T03:00:00+00:00,5378.781
46408,2011-06-09T03:15:00+00:00,5378.828
46408,2011-06-09T03:30:00+00:00,5378.869
46408,2011-06-09T03:45:00+00:00,5378.909
46408,2011-06-09T04:00:00+00:00,5378.947
46408,2011-06-09T04:15:00+00:00,5378.980
46408,2011-06-09T04:30:00+00:00,5379.012
46408,2011-06-09T04:45:00+00:00,5379.035
46408,2011-06-09T05:00:00+00:00,5379.053
46408,2011-06-09T05:15:00+00:00,5379.070
46408,2011-06-09T05:30:00+00:00,5379.079
46408,2011-06-09T05:45:00+00:00,5379.087
46408,2011-06-09T06:00:00+00:00,5379.090
46408,2011-06-09T06:15:00+00:00,5379.087
46408,2011-06-09T06:30:00+00:00,5379.081
46408,2011-06-09T06:45:00+00:00,5379.066
46408,2011-06-09T07:00:00+00:00,5379.049
46408,2011-06-09T07:15:00+00:00,5379.027
46408,2011-06-09T07:30:00+00:00,5379.001
46408,2011-06-09T07:45:00+00:00,5378.973
46408,2011-06-09T08:00:00+00:00,5378.940
46408,2011-06-09T08:15:00+00:00,5378.911
46408,2011-06-09T08:30:00+00:00,5378.878
46408,2011-06-09T08:45:00+00:00,5378.842
46408,2011-06-09T09:00:00+00:00,5378.807
46408,2011-06-09T09:15:00+00:00,5378.770
46408,2011-06-09T09:30:00+00:00,5378.734
46408,2011-06-09T09:45:00+00:00,5378.700
46408,2011-06-09T10:00:00+00:00,5378.669
46408,2011-06-09T10:15:00+00:00,5378.639
46408,2011-06-09T10:30:00+00:00,5378.611
46408,2011-06-09T10:45:00+00:00,5378.590
46408,2011-06-09T11:00:00+00:00,5378.573
46408,2011-06-09T11:15:00+00:00,5378.555
46408,2011-06-09T11:30:00+00:00,5378.542
46408,2011-06-09T11:45:00+00:00,5378.533
46408,2011-06-09T12:00:00+00:00,5378.525
46408,2011-06-09T12:15:00+00:00,5378.519
46408,2011-06-09T12:30:00+00:00,5378.518
46408,2011-06-09T12:45:00+00:00,5378.523
46408,2011-06-09T13:00:00+00:00,5378.528
46408,2011-06-09T13:15:00+00:00,5378.537
46408,2011-06-09T13:30:00+00:00,5378.548
46408,2011-06-09T13:45:00+00:00,5378.560
46408,2011-06-09T14:00:00+00:00,5378.576
46408,2011-06-09T14:15:00+00:00,5378.592
46408,2011-06-09T14:30:00+00:00,5378.611
46408,2011-06-09T14:45:00+00:00,5378.630
46408,2011-06-09T15:00:00+00:00,5378.651
46408,2011-06-09T15:15:00+00:00,5378.669
46408,2011-06-09T15:30:00+00:00,5378.689
46408,2011-06-09T15:45:00+00:00,5378.704
46408,2011-06-09T16:00:00+00:00,5378.717
46408,2011-06-09T16:15:00+00:00,5378.728
46408,2011-06-09T16:30:00+00:00,5378.741
46408,2011-06-09T16:45:00+00:00,5378.750
46408,2011-06-09T17:00:00+00:00,5378.756
46408,2011-06-09T17:15:00+00:00,5378.759
46408,2011-06-09T17:30:00+00:00,5378.759
46408,2011-06-09T17:45:00+00:00,5378.755
46408,2011-06-09T18:00:00+00:00,5378.749
46408,2011-06-09T18:15:00+00:00,5378.739
46408,2011-06-09T18:30:00+00:00,5378.726
46408,2011-06-09T18:45:00+00:00,5378.710
46408,2011-06-09T19:00:00+00:00,5378.694
46408,2011-06-09T19:15:00+00:00,5378.676
46408,2011-06-09T19:30:00+00:00,5378.651
46408,2011-06-09T19:45:00+00:00,5378.625
46408,2011-06-09T20:00:00+00:00,5378.594
46408,2011-06-09T20:15:00+00:00,5378.565
46408,2011-06-09T20:30:00+00:00,5378.532
46408,2011-06-09T20:45:00+00:00,5378.499
46408,2011-06-09T21:00:00+00:00,5378.468
46408,2011-06-09T21:15:00+00:00,5378.439
46408,2011-06-09T21:30:00+00:00,5378.413
46408,2011-06-09T21:45:00+00:00,5378.389
46408,2011-06-09T22:00:00+00:00,5378.368
46408,2011-06-09T22:15:00+00:00,5378.349
46408,2011-06-09T22:30:00+00:00,5378.333
46408,2011-06-09T22:45:00+00:00,5378.323
46408,2011-06-09T23:00:00+00:00,5378.316
46408,2011-06-09T23:15:00+00:00,5378.313
46408,2011-06-09T23:30:00+00:00,5378.317
46408,2011-06-09T23:45:00+00:00,5378.325
46408,2011-06-10T00:00:00+00:00,5378.336
46408,2011-06-10T00:15:00+00:00,5378.353
46408,2011-06-10T00:30:00+00:00,5378.373
46408,2011-06-10T00:45:00+00:00,5378.396
46408,2011-06-10T01:00:00+00:00,5378.423
46408,2011-06-10T01:15:00+00:00,5378.453
46408,2011-06-10T01:30:00+00:00,5378.488
46408,2011-06-10T01:45:00+00:00,5378.525
46408,2011-06-10T02:00:00+00:00,5378.565
46408,2011-06-10T02:15:00+00:00,5378.609
46408,2011-06-10T02:30:00+00:00,5378.655
46408,2011-06-10T02:45:00+00:00,5378.701
46408,2011-06-10T03:00:00+00:00,5378.747
46408,2011-06-10T03:15:00+00:00,5378.799
46408,2011-06-10T03:30:00+00:00,5378.847
46408,2011-06-10T03:45:00+00:00,5378.895
46408,2011-06-10T04:00:00+00:00,5378.942
46408,2011-06-10T04:15:00+00:00,5378.980
46408,2011-06-10T04:30:00+00:00,5379.019
46408,2011-06-10T04:45:00+00:00,5379.053
46408,2011-06-10T05:00:00+00:00,5379.086
46408,2011-06-10T05:15:00+00:00,5379.114
46408,2011-06-10T05:30:00+00:00,5379.138
46408,2011-06-10T05:45:00+00:00,5379.155
46408,2011-06-10T06:00:00+00:00,5379.170
46408,2011-06-10T06:15:00+00:00,5379.180
46408,2011-06-10T06:30:00+00:00,5379.184
46408,2011-06-10T06:45:00+00:00,5379.182
46408,2011-06-10T07:00:00+00:00,5379.175
46408,2011-06-10T07:15:00+00:00,5379.159
46408,2011-06-10T07:30:00+00:00,5379.138
46408,2011-06-10T07:45:00+00:00,5379.113
46408,2011-06-10T08:00:00+00:00,5379.083
46408,2011-06-10T08:15:00+00:00,5379.052
46408,2011-06-10T08:30:00+00:00,5379.014
46408,2011-06-10T08:45:00+00:00,5378.973
46408,2011-06-10T09:00:00+00:00,5378.927
46408,2011-06-10T09:15:00+00:00,5378.881
46408,2011-06-10T09:30:00+00:00,5378.833
46408,2011-06-10T09:45:00+00:00,5378.782
46408,2011-06-10T10:00:00+00:00,5378.733
46408,2011-06-10T10:15:00+00:00,5378.683
46408,2011-06-10T10:30:00+00:00,5378.635
46408,2011-06-10T10:45:00+00:00,5378.588
46408,2011-06-10T11:00:00+00:00,5378.540
46408,2011-06-10T11:15:00+00:00,5378.497
46408,2011-06-10T11:30:00+00:00,5378.460
46408,2011-06-10T11:45:00+00:00,5378.426
46408,2011-06-10T12:00:00+00:00,5378.393
46408,2011-06-10T12:15:00+00:00,5378.365
46408,2011-06-10T12:30:00+00:00,5378.341
46408,2011-06-10T12:45:00+00:00,5378.322
46408,2011-06-10T13:00:00+00:00,5378.309
46408,2011-06-10T13:15:00+00:00,5378.299
46408,2011-06-10T13:30:00+00:00,5378.295
46408,2011-06-10T13:45:00+00:00,5378.293
46408,2011-06-10T14:00:00+00:00,5378.299
46408,2011-06-10T14:15:00+00:00,5378.308
46408,2011-06-10T14:30:00+00:00,5378.320
46408,2011-06-10T14:45:00+00:00,5378.336
46408,2011-06-10T15:00:00+00:00,5378.357
46408,2011-06-10T15:15:00+00:00,5378.378
46408,2011-06-10T15:30:00+00:00,5378.400
46408,2011-06-10T15:45:00+00:00,5378.424
46408,2011-06-10T16:00:00+00:00,5378.453
46408,2011-06-10T16:15:00+00:00,5378.479
46408,2011-06-10T16:30:00+00:00,5378.505
46408,2011-06-10T16:45:00+00:00,5378.533
46408,2011-06-10T17:00:00+00:00,5378.557
46408,2011-06-10T17:15:00+00:00,5378.582
46408,2011-06-10T17:30:00+00:00,5378.606
46408,2011-06-10T17:45:00+00:00,5378.625
46408,2011-06-10T18:00:00+00:00,5378.645
46408,2011-06-10T18:15:00+00:00,5378.659
46408,2011-06-10T18:30:00+00:00,5378.673
46408,2011-06-10T18:45:00+00:00,5378.685
46408,2011-06-10T19:00:00+00:00,5378.695
46408,2011-06-10T19:15:00+00:00,5378.700
46408,2011-06-10T19:30:00+00:00,5378.700
46408,2011-06-10T19:45:00+00:00,5378.701
46408,2011-06-10T20:00:00+00:00,5378.696
46408,2011-06-10T20:15:00+00:00,5378.689
46408,2011-06-10T20:30:00+00:00,5378.677
46408,2011-06-10T20:45:00+00:00,5378.659
46408,2011-06-10T21:00:00+00:00,5378.638
46408,2011-06-10T21:15:00+00:00,5378.621
46408,2011-06-10T21:30:00+00:00,5378.598
46408,2011-06-10T21:45:00+00:00,5378.577
46408,2011-06-10T22:00:00+00:00,5378.555
46408,2011-06-10T22:15:00+00:00,5378.536
46408,2011-06-10T22:30:00+00:00,5378.515
46408,2011-06-10T22:45:00+00:00,5378.499
46408,2011-06-10T23:00:00+00:00,5378.483
46408,2011-06-10T23:15:00+00:00,5378.470
46408,2011-06-10T23:30:00+00:00,5378.461
46408,2011-06-10T23:45:00+00:00,5378.455
46408,2011-06-11T00:00:00+00:00,5378.453
46408,2011-06-11T00:15:00+00:00,5378.453
46408,2011-06-11T00:30:00+00:00,5378.462
46408,2011-06-11T00:45:00+00:00,5378.471
46408,2011-06-11T01:00:00+00:00,5378.487
46408,2011-06-11T01:15:00+00:00,5378.506
46408,2011-06-11T01:30:00+00:00,5378.530
46408,2011-06-11T01:45:00+00:00,5378.555
46408,2011-06-11T02:00:00+00:00,5378.585
46408,2011-06-11T02:15:00+00:00,5378.617
46408,2011-06-11T02:30:00+00:00,5378.654
46408,2011-06-11T02:45:00+00:00,5378.691
46408,2011-06-11T03:00:00+00:00,5378.733
46408,2011-06-11T03:15:00+00:00,5378.776
46408,2011-06-11T03:30:00+00:00,5378.825
46408,2011-06-11T03:45:00+00:00,5378.870
46408,2011-06-11T04:00:00+00:00,5378.919
46408,2011-06-11T04:15:00+00:00,5378.966
46408,2011-06-11T04:30:00+00:00,5379.012
46408,2011-06-11T04:45:00+00:00,5379.054
46408,2011-06-11T05:00:00+00:00,5379.099
46408,2011-06-11T05:15:00+00:00,5379.137
46408,2011-06-11T05:30:00+00:00,5379.173
46408,2011-06-11T05:45:00+00:00,5379.203
46408,2011-06-11T06:00:00+00:00,5379.231
46408,2011-06-11T06:15:00+00:00,5379.255
46408,2011-06-11T06:30:00+00:00,5379.274
46408,2011-06-11T06:45:00+00:00,5379.287
46408,2011-06-11T07:00:00+00:00,5379.293
46408,2011-06-11T07:15:00+00:00,5379.291
46408,2011-06-11T07:30:00+00:00,5379.284
46408,2011-06-11T07:45:00+00:00,5379.272
46408,2011-06-11T08:00:00+00:00,5379.255
46408,2011-06-11T08:15:00+00:00,5379.230
46408,2011-06-11T08:30:00+00:00,5379.198
46408,2011-06-11T08:45:00+00:00,5379.160
46408,2011-06-11T09:00:00+00:00,5379.117
46408,2011-06-11T09:15:00+00:00,5379.067
46408,2011-06-11T09:30:00+00:00,5379.012
46408,2011-06-11T09:45:00+00:00,5378.953
46408,2011-06-11T10:00:00+00:00,5378.892
46408,2011-06-11T10:15:00+00:00,5378.830
46408,2011-06-11T10:30:00+00:00,5378.766
46408,2011-06-11T10:45:00+00:00,5378.701
46408,2011-06-11T11:00:00+00:00,5378.636
46408,2011-06-11T11:15:00+00:00,5378.576
46408,2011-06-11T11:30:00+00:00,5378.514
46408,2011-06-11T11:45:00+00:00,5378.453
46408,2011-06-11T12:00:00+00:00,5378.396
46408,2011-06-11T12:15:00+00:00,5378.342
46408,2011-06-11T12:30:00+00:00,5378.290
46408,2011-06-11T12:45:00+00:00,5378.244
46408,2011-06-11T13:00:00+00:00,5378.202
46408,2011-06-11T13:15:00+00:00,5378.166
46408,2011-06-11T13:30:00+00:00,5378.135
46408,2011-06-11T13:45:00+00:00,5378.111
46408,2011-06-11T14:00:00+00:00,5378.091
46408,2011-06-11T14:15:00+00:00,5378.080
46408,2011-06-11T14:30:00+00:00,5378.076
46408,2011-06-11T14:45:00+00:00,5378.074
46408,2011-06-11T15:00:00+00:00,5378.080
46408,2011-06-11T15:15:00+00:00,5378.090
46408,2011-06-11T15:30:00+00:00,5378.108
46408,2011-06-11T15:45:00+00:00,5378.129
46408,2011-06-11T16:00:00+00:00,5378.155
46408,2011-06-11T16:15:00+00:00,5378.187
46408,2011-06-11T16:30:00+00:00,5378.219
46408,2011-06-11T16:45:00+00:00,5378.255
46408,2011-06-11T17:00:00+00:00,5378.290
46408,2011-06-11T17:15:00+00:00,5378.328
46408,2011-06-11T17:30:00+00:00,5378.369
46408,2011-06-11T17:45:00+00:00,5378.410
46408,2011-06-11T18:00:00+00:00,5378.449
46408,2011-06-11T18:15:00+00:00,5378.487
46408,2011-06-11T18:30:00+00:00,5378.523
46408,2011-06-11T18:45:00+00:00,5378.558
46408,2011-06-11T19:00:00+00:00,5378.591
46408,2011-06-11T19:15:00+00:00,5378.623
46408,2011-06-11T19:30:00+00:00,5378.648
46408,2011-06-11T19:45:00+00:00,5378.671
46408,2011-06-11T20:00:00+00:00,5378.689
46408,2011-06-11T20:15:00+00:00,5378.706
46408,2011-06-11T20:30:00+00:00,5378.717
46408,2011-06-11T20:45:00+00:00,5378.724
46408,2011-06-11T21:00:00+00:00,5378.729
46408,2011-06-11T21:15:00+00:00,5378.729
46408,2011-06-11T21:30:00+00:00,5378.729
46408,2011-06-11T21:45:00+00:00,5378.724
46408,2011-06-11T22:00:00+00:00,5378.714
46408,2011-06-11T22:15:00+00:00,5378.702
46408,2011-06-11T22:30:00+00:00,5378.691
46408,2011-06-11T22:45:00+00:00,5378.678
46408,2011-06-11T23:00:00+00:00,5378.666
46408,2011-06-11T23:15:00+00:00,5378.657
46408,2011-06-11T23:30:00+00:00,5378.645
46408,2011-06-11T23:45:00+00:00,5378.633
46408,2011-06-12T00:00:00+00:00,5378.625
46408,2011-06-12T00:15:00+00:00,5378.617
46408,2011-06-12T00:30:00+00:00,5378.610
46408,2011-06-12T00:45:00+00:00,5378.611
46408,2011-06-12T01:00:00+00:00,5378.612
46408,2011-06-12T01:15:00+00:00,5378.615
46408,2011-06-12T01:30:00+00:00,5378.624
46408,2011-06-12T01:45:00+00:00,5378.635
46408,2011-06-12T02:00:00+00:00,5378.653
46408,2011-06-12T02:15:00+00:00,5378.672
46408,2011-06-12T02:30:00+00:00,5378.696
46408,2011-06-12T02:45:00+00:00,5378.724
46408,2011-06-12T03:00:00+00:00,5378.754
46408,2011-06-12T03:15:00+00:00,5378.792
46408,2011-06-12T03:30:00+00:00,5378.828
46408,2011-06-12T03:45:00+00:00,5378.869
46408,2011-06-12T04:00:00+00:00,5378.914
46408,2011-06-12T04:15:00+00:00,5378.961
46408,2011-06-12T04:30:00+00:00,5379.008
46408,2011-06-12T04:45:00+00:00,5379.054
46408,2011-06-12T05:00:00+00:00,5379.101
46408,2011-06-12T05:15:00+00:00,5379.145
46408,2011-06-12T05:30:00+00:00,5379.190
46408,2011-06-12T05:45:00+00:00,5379.231
46408,2011-06-12T06:00:00+00:00,5379.268
46408,2011-06-12T06:15:00+00:00,5379.304
46408,2011-06-12T06:30:00+00:00,5379.333
46408,2011-06-12T06:45:00+00:00,5379.359
46408,2011-06-12T07:00:00+00:00,5379.382
46408,2011-06-12T07:15:00+00:00,5379.398
46408,2011-06-12T07:30:00+00:00,5379.407
46408,2011-06-12T07:45:00+00:00,5379.413
46408,2011-06-12T08:00:00+00:00,5379.414
46408,2011-06-12T08:15:00+00:00,5379.402
46408,2011-06-12T08:30:00+00:00,5379.387
46408,2011-06-12T08:45:00+00:00,5379.366
46408,2011-06-12T09:00:00+00:00,5379.334
46408,2011-06-12T09:15:00+00:00,5379.295
46408,2011-06-12T09:30:00+00:00,5379.250
46408,2011-06-12T09:45:00+00:00,5379.196
46408,2011-06-12T10:00:00+00:00,5379.137
46408,2011-06-12T10:15:00+00:00,5379.074
46408,2011-06-12T10:30:00+00:00,5379.003
46408,2011-06-12T10:45:00+00:00,5378.931
46408,2011-06-12T11:00:00+00:00,5378.857
46408,2011-06-12T11:15:00+00:00,5378.780
46408,2011-06-12T11:30:00+00:00,5378.703
46408,2011-06-12T11:45:00+00:00,5378.624
46408,2011-06-12T12:00:00+00:00,5378.548
46408,2011-06-12T12:15:00+00:00,5378.470
46408,2011-06-12T12:30:00+00:00,5378.399
46408,2011-06-12T12:45:00+00:00,5378.327
46408,2011-06-12T13:00:00+00:00,5378.260
46408,2011-06-12T13:15:00+00:00,5378.195
46408,2011-06-12T13:30:00+00:00,5378.135
46408,2011-06-12T13:45:00+00:00,5378.084
46408,2011-06-12T14:00:00+00:00,5378.039
46408,2011-06-12T14:15:00+00:00,5377.999
46408,2011-06-12T14:30:00+00:00,5377.967
46408,2011-06-12T14:45:00+00:00,5377.940
46408,2011-06-12T15:00:00+00:00,5377.922
46408,2011-06-12T15:15:00+00:00,5377.912
46408,2011-06-12T15:30:00+00:00,5377.909
46408,2011-06-12T15:45:00+00:00,5377.911
46408,2011-06-12T16:00:00+00:00,5377.920
46408,2011-06-12T16:15:00+00:00,5377.937
46408,2011-06-12T16:30:00+00:00,5377.959
46408,2011-06-12T16:45:00+00:00,5377.987
46408,2011-06-12T17:00:00+00:00,5378.019
46408,2011-06-12T17:15:00+00:00,5378.057
46408,2011-06-12T17:30:00+00:00,5378.099
46408,2011-06-12T17:45:00+00:00,5378.145
46408,2011-06-12T18:00:00+00:00,5378.192
46408,2011-06-12T18:15:00+00:00,5378.242
46408,2011-06-12T18:30:00+00:00,5378.292
46408,2011-06-12T18:45:00+00:00,5378.347
46408,2011-06-12T19:00:00+00:00,5378.397
46408,2011-06-12T19:15:00+00:00,5378.448
46408,2011-06-12T19:30:00+00:00,5378.497
46408,2011-06-12T19:45:00+00:00,5378.544
46408,2011-06-12T20:00:00+00:00,5378.586
46408,2011-06-12T20:15:00+00:00,5378.623
46408,2011-06-12T20:30:00+00:00,5378.660
46408,2011-06-12T20:45:00+00:00,5378.692
46408,2011-06-12T21:00:00+00:00,5378.723
46408,2011-06-12T21:15:00+00:00,5378.747
46408,2011-06-12T21:30:00+00:00,5378.767
46408,2011-06-12T21:45:00+00:00,5378.783
46408,2011-06-12T22:00:00+00:00,5378.797
46408,2011-06-12T22:15:00+00:00,5378.804
46408,2011-06-12T22:30:00+00:00,5378.808
46408,2011-06-12T22:45:00+00:00,5378.811
46408,2011-06-12T23:00:00+00:00,5378.812
46408,2011-06-12T23:15:00+00:00,5378.803
46408,2011-06-12T23:30:00+00:00,5378.793
46408,2011-06-12T23:45:00+00:00,5378.785
46408,2011-06-13T00:00:00+00:00,5378.771
46408,2011-06-13T00:15:00+00:00,5378.760
46408,2011-06-13T00:30:00+00:00,5378.749
46408,2011-06-13T00:45:00+00:00,5378.740
46408,2011-06-13T01:00:00+00:00,5378.735
46408,2011-06-13T01:15:00+00:00,5378.729
46408,2011-06-13T01:30:00+00:00,5378.728
46408,2011-06-13T01:45:00+00:00,5378.730
46408,2011-06-13T02:00:00+00:00,5378.730
46408,2011-06-13T02:15:00+00:00,5378.737
46408,2011-06-13T02:30:00+00:00,5378.746
46408,2011-06-13T02:45:00+00:00,5378.762
46408,2011-06-13T03:00:00+00:00,5378.782
46408,2011-06-13T03:15:00+00:00,5378.804
46408,2011-06-13T03:30:00+00:00,5378.832
46408,2011-06-13T03:45:00+00:00,5378.861
46408,2011-06-13T04:00:00+00:00,5378.893
46408,2011-06-13T04:15:00+00:00,5378.932
46408,2011-06-13T04:30:00+00:00,5378.970
46408,2011-06-13T04:45:00+00:00,5379.012
46408,2011-06-13T05:00:00+00:00,5379.055
46408,2011-06-13T05:15:00+00:00,5379.098
46408,2011-06-13T05:30:00+00:00,5379.143
46408,2011-06-13T05:45:00+00:00,5379.191
46408,2011-06-13T06:00:00+00:00,5379.237
46408,2011-06-13T06:15:00+00:00,5379.281
46408,2011-06-13T06:30:00+00:00,5379.325
46408,2011-06-13T06:45:00+00:00,5379.364
46408,2011-06-13T07:00:00+00:00,5379.401
46408,2011-06-13T07:15:00+00:00,5379.431
46408,2011-06-13T07:30:00+00:00,5379.461
46408,2011-06-13T07:45:00+00:00,5379.483
46408,2011-06-13T08:00:00+00:00,5379.500
46408,2011-06-13T08:15:00+00:00,5379.511
46408,2011-06-13T08:30:00+00:00,5379.513
46408,2011-06-13T08:45:00+00:00,5379.509
46408,2011-06-13T09:00:00+00:00,5379.497
46408,2011-06-13T09:15:00+00:00,5379.478
46408,2011-06-13T09:30:00+00:00,5379.448
46408,2011-06-13T09:45:00+00:00,5379.410
46408,2011-06-13T10:00:00+00:00,5379.362
46408,2011-06-13T10:15:00+00:00,5379.310
46408,2011-06-13T10:30:00+00:00,5379.249
46408,2011-06-13T10:45:00+00:00,5379.184
46408,2011-06-13T11:00:00+00:00,5379.113
46408,2011-06-13T11:15:00+00:00,5379.036
46408,2011-06-13T11:30:00+00:00,5378.956
46408,2011-06-13T11:45:00+00:00,5378.869
46408,2011-06-13T12:00:00+00:00,5378.782
46408,2011-06-13T12:15:00+00:00,5378.692
46408,2011-06-13T12:30:00+00:00,5378.602
46408,2011-06-13T12:45:00+00:00,5378.516
46408,2011-06-13T13:00:00+00:00,5378.427
46408,2011-06-13T13:15:00+00:00,5378.342
46408,2011-06-13T13:30:00+00:00,5378.259
46408,2011-06-13T13:45:00+00:00,5378.180
46408,2011-06-13T14:00:00+00:00,5378.105
46408,2011-06-13T14:15:00+00:00,5378.037
46408,2011-06-13T14:30:00+00:00,5377.975
46408,2011-06-13T14:45:00+00:00,5377.919
46408,2011-06-13T15:00:00+00:00,5377.871
46408,2011-06-13T15:15:00+00:00,5377.833
46408,2011-06-13T15:30:00+00:00,5377.800
46408,2011-06-13T15:45:00+00:00,5377.777
46408,2011-06-13T16:00:00+00:00,5377.762
46408,2011-06-13T16:15:00+00:00,5377.755
46408,2011-06-13T16:30:00+00:00,5377.758
46408,2011-06-13T16:45:00+00:00,5377.769
46408,2011-06-13T17:00:00+00:00,5377.786
46408,2011-06-13T17:15:00+00:00,5377.812
46408,2011-06-13T17:30:00+00:00,5377.843
46408,2011-06-13T17:45:00+00:00,5377.881
46408,2011-06-13T18:00:00+00:00,5377.925
46408,2011-06-13T18:15:00+00:00,5377.976
46408,2011-06-13T18:30:00+00:00,5378.026
46408,2011-06-13T18:45:00+00:00,5378.081
46408,2011-06-13T19:00:00+00:00,5378.140
46408,2011-06-13T19:15:00+00:00,5378.203
46408,2011-06-13T19:30:00+00:00,5378.265
46408,2011-06-13T19:45:00+00:00,5378.328
46408,2011-06-13T20:00:00+00:00,5378.388
46408,2011-06-13T20:15:00+00:00,5378.445
46408,2011-06-13T20:30:00+00:00,5378.503
46408,2011-06-13T20:45:00+00:00,5378.557
46408,2011-06-13T21:00:00+00:00,5378.609
46408,2011-06-13T21:15:00+00:00,5378.657
46408,2011-06-13T21:30:00+00:00,5378.700
46408,2011-06-13T21:45:00+00:00,5378.744
46408,2011-06-13T22:00:00+00:00,5378.780
46408,2011-06-13T22:15:00+00:00,5378.811
46408,2011-06-13T22:30:00+00:00,5378.834
46408,2011-06-13T22:45:00+00:00,5378.854
46408,2011-06-13T23:00:00+00:00,5378.870
46408,2011-06-13T23:15:00+00:00,5378.880
46408,2011-06-13T23:30:00+00:00,5378.885
46408,2011-06-13T23:45:00+00:00,5378.886
46408,2011-06-14T00:00:00+00:00,5378.884
46408,2011-06-14T00:15:00+00:00,5378.878
46408,2011-06-14T00:30:00+00:00,5378.873
46408,2011-06-14T00:45:00+00:00,5378.865
46408,2011-06-14T01:00:00+00:00,5378.856
46408,2011-06-14T01:15:00+00:00,5378.847
46408,2011-06-14T01:30:00+00:00,5378.838
46408,2011-06-14T01:45:00+00:00,5378.830
46408,2011-06-14T02:00:00+00:00,5378.827
46408,2011-06-14T02:15:00+00:00,5378.822
46408,2011-06-14T02:30:00+00:00,5378.819
46408,2011-06-14T02:45:00+00:00,5378.823
46408,2011-06-14T03:00:00+00:00,5378.826
46408,2011-06-14T03:15:00+00:00,5378.838
46408,2011-06-14T03:30:00+00:00,5378.849
46408,2011-06-14T03:45:00+00:00,5378.867
46408,2011-06-14T04:00:00+00:00,5378.887
46408,2011-06-14T04:15:00+00:00,5378.909
46408,2011-06-14T04:30:00+00:00,5378.936
46408,2011-06-14T04:45:00+00:00,5378.967
46408,2011-06-14T05:00:00+00:00,5379.002
46408,2011-06-14T05:15:00+00:00,5379.037
46408,2011-06-14T05:30:00+00:00,5379.076
46408,2011-06-14T05:45:00+00:00,5379.120
46408,2011-06-14T06:00:00+00:00,5379.165
46408,2011-06-14T06:15:00+00:00,5379.212
46408,2011-06-14T06:30:00+00:00,5379.259
46408,2011-06-14T06:45:00+00:00,5379.305
46408,2011-06-14T07:00:00+00:00,5379.351
46408,2011-06-14T07:15:00+00:00,5379.393
46408,2011-06-14T07:30:00+00:00,5379.436
46408,2011-06-14T07:45:00+00:00,5379.475
46408,2011-06-14T08:00:00+00:00,5379.509
46408,2011-06-14T08:15:00+00:00,5379.536
46408,2011-06-14T08:30:00+00:00,5379.560
46408,2011-06-14T08:45:00+00:00,5379.573
46408,2011-06-14T09:00:00+00:00,5379.583
46408,2011-06-14T09:15:00+00:00,5379.582
46408,2011-06-14T09:30:00+00:00,5379.574
46408,2011-06-14T09:45:00+00:00,5379.561
46408,2011-06-14T10:00:00+00:00,5379.537
46408,2011-06-14T10:15:00+00:00,5379.504
46408,2011-06-14T10:30:00+00:00,5379.469
46408,2011-06-14T10:45:00+00:00,5379.420
46408,2011-06-14T11:00:00+00:00,5379.362
46408,2011-06-14T11:15:00+00:00,5379.302
46408,2011-06-14T11:30:00+00:00,5379.233
46408,2011-06-14T11:45:00+00:00,5379.156
46408,2011-06-14T12:00:00+00:00,5379.075
46408,2011-06-14T12:15:00+00:00,5378.989
46408,2011-06-14T12:30:00+00:00,5378.899
46408,2011-06-14T12:45:00+00:00,5378.804
46408,2011-06-14T13:00:00+00:00,5378.707
46408,2011-06-14T13:15:00+00:00,5378.610
46408,2011-06-14T13:30:00+00:00,5378.514
46408,2011-06-14T13:45:00+00:00,5378.418
46408,2011-06-14T14:00:00+00:00,5378.325
46408,2011-06-14T14:15:00+00:00,5378.238
46408,2011-06-14T14:30:00+00:00,5378.152
46408,2011-06-14T14:45:00+00:00,5378.072
46408,2011-06-14T15:00:00+00:00,5377.998
46408,2011-06-14T15:15:00+00:00,5377.929
46408,2011-06-14T15:30:00+00:00,5377.867
46408,2011-06-14T15:45:00+00:00,5377.811
46408,2011-06-14T16:00:00+00:00,5377.766
46408,2011-06-14T16:15:00+00:00,5377.730
46408,2011-06-14T16:30:00+00:00,5377.701
46408,2011-06-14T16:45:00+00:00,5377.684
46408,2011-06-14T17:00:00+00:00,5377.675
46408,2011-06-14T17:15:00+00:00,5377.676
46408,2011-06-14T17:30:00+00:00,5377.684
46408,2011-06-14T17:45:00+00:00,5377.702
46408,2011-06-14T18:00:00+00:00,5377.728
46408,2011-06-14T18:15:00+00:00,5377.762
46408,2011-06-14T18:30:00+00:00,5377.804
46408,2011-06-14T18:45:00+00:00,5377.850
46408,2011-06-14T19:00:00+00:00,5377.902
46408,2011-06-14T19:15:00+00:00,5377.959
46408,2011-06-14T19:30:00+00:00,5378.022
46408,2011-06-14T19:45:00+00:00,5378.088
46408,2011-06-14T20:00:00+00:00,5378.153
46408,2011-06-14T20:15:00+00:00,5378.222
46408,2011-06-14T20:30:00+00:00,5378.284
46408,2011-06-14T20:45:00+00:00,5378.352
46408,2011-06-14T21:00:00+00:00,5378.415
46408,2011-06-14T21:15:00+00:00,5378.479
46408,2011-06-14T21:30:00+00:00,5378.536
46408,2011-06-14T21:45:00+00:00,5378.591
46408,2011-06-14T22:00:00+00:00,5378.647
46408,2011-06-14T22:15:00+00:00,5378.698
46408,2011-06-14T22:30:00+00:00,5378.743
46408,2011-06-14T22:45:00+00:00,5378.783
46408,2011-06-14T23:00:00+00:00,5378.818
46408,2011-06-14T23:15:00+00:00,5378.848
46408,2011-06-14T23:30:00+00:00,5378.872
46408,2011-06-14T23:45:00+00:00,5378.892
46408,2011-06-15T00:00:00+00:00,5378.904
46408,2011-06-15T00:15:00+00:00,5378.913
46408,2011-06-15T00:30:00+00:00,5378.918
46408,2011-06-15T00:45:00+00:00,5378.919
46408,2011-06-15T01:00:00+00:00,5378.917
46408,2011-06-15T01:15:00+00:00,5378.912
46408,2011-06-15T01:30:00+00:00,5378.905
46408,2011-06-15T01:45:00+00:00,5378.896
46408,2011-06-15T02:00:00+00:00,5378.884
46408,2011-06-15T02:15:00+00:00,5378.875
46408,2011-06-15T02:30:00+00:00,5378.864
46408,2011-06-15T02:45:00+00:00,5378.859
46408,2011-06-15T03:00:00+00:00,5378.852
46408,2011-06-15T03:15:00+00:00,5378.850
46408,2011-06-15T03:30:00+00:00,5378.851
46408,2011-06-15T03:45:00+00:00,5378.856
46408,2011-06-15T04:00:00+00:00,5378.864
46408,2011-06-15T04:15:00+00:00,5378.875
46408,2011-06-15T04:30:00+00:00,5378.889
46408,2011-06-15T04:45:00+00:00,5378.906
46408,2011-06-15T05:00:00+00:00,5378.926
46408,2011-06-15T05:15:00+00:00,5378.951
46408,2011-06-15T05:30:00+00:00,5378.980
46408,2011-06-15T05:45:00+00:00,5379.015
46408,2011-06-15T06:00:00+00:00,5379.052
46408,2011-06-15T06:15:00+00:00,5379.090
46408,2011-06-15T06:30:00+00:00,5379.132
46408,2011-06-15T06:45:00+00:00,5379.174
46408,2011-06-15T07:00:00+00:00,5379.222
46408,2011-06-15T07:15:00+00:00,5379.269
46408,2011-06-15T07:30:00+00:00,5379.317
46408,2011-06-15T07:45:00+00:00,5379.361
46408,2011-06-15T08:00:00+00:00,5379.412
46408,2011-06-15T08:15:00+00:00,5379.451
46408,2011-06-15T08:30:00+00:00,5379.491
46408,2011-06-15T08:45:00+00:00,5379.525
46408,2011-06-15T09:00:00+00:00,5379.552
46408,2011-06-15T09:15:00+00:00,5379.573
46408,2011-06-15T09:30:00+00:00,5379.591
46408,2011-06-15T09:45:00+00:00,5379.598
46408,2011-06-15T10:00:00+00:00,5379.596
46408,2011-06-15T10:15:00+00:00,5379.587
46408,2011-06-15T10:30:00+00:00,5379.571
46408,2011-06-15T10:45:00+00:00,5379.548
46408,2011-06-15T11:00:00+00:00,5379.515
46408,2011-06-15T11:15:00+00:00,5379.474
46408,2011-06-15T11:30:00+00:00,5379.425
46408,2011-06-15T11:45:00+00:00,5379.365
46408,2011-06-15T12:00:00+00:00,5379.303
46408,2011-06-15T12:15:00+00:00,5379.231
46408,2011-06-15T12:30:00+00:00,5379.151
46408,2011-06-15T12:45:00+00:00,5379.066
46408,2011-06-15T13:00:00+00:00,5378.979
46408,2011-06-15T13:15:00+00:00,5378.884
46408,2011-06-15T13:30:00+00:00,5378.786
46408,2011-06-15T13:45:00+00:00,5378.688
46408,2011-06-15T14:00:00+00:00,5378.589
46408,2011-06-15T14:15:00+00:00,5378.486
46408,2011-06-15T14:30:00+00:00,5378.385
46408,2011-06-15T14:45:00+00:00,5378.290
46408,2011-06-15T15:00:00+00:00,5378.197
46408,2011-06-15T15:15:00+00:00,5378.112
46408,2011-06-15T15:30:00+00:00,5378.030
46408,2011-06-15T15:45:00+00:00,5377.955
46408,2011-06-15T16:00:00+00:00,5377.885
46408,2011-06-15T16:15:00+00:00,5377.822
46408,2011-06-15T16:30:00+00:00,5377.766
46408,2011-06-15T16:45:00+00:00,5377.721
46408,2011-06-15T17:00:00+00:00,5377.683
46408,2011-06-15T17:15:00+00:00,5377.652
46408,2011-06-15T17:30:00+00:00,5377.634
46408,2011-06-15T17:45:00+00:00,5377.625
46408,2011-06-15T18:00:00+00:00,5377.621
46408,2011-06-15T18:15:00+00:00,5377.632
46408,2011-06-15T18:30:00+00:00,5377.650
46408,2011-06-15T18:45:00+00:00,5377.675
46408,2011-06-15T19:00:00+00:00,5377.713
46408,2011-06-15T19:15:00+00:00,5377.758
46408,2011-06-15T19:30:00+00:00,5377.809
46408,2011-06-15T19:45:00+00:00,5377.864
46408,2011-06-15T20:00:00+00:00,5377.923
46408,2011-06-15T20:15:00+00:00,5377.986
46408,2011-06-15T20:30:00+00:00,5378.051
46408,2011-06-15T20:45:00+00:00,5378.118
46408,2011-06-15T21:00:00+00:00,5378.187
46408,2011-06-15T21:15:00+00:00,5378.258
46408,2011-06-15T21:30:00+00:00,5378.326
46408,2011-06-15T21:45:00+00:00,5378.392
46408,2011-06-15T22:00:00+00:00,5378.459
46408,2011-06-15T22:15:00+00:00,5378.521
46408,2011-06-15T22:30:00+00:00,5378.581
46408,2011-06-15T22:45:00+00:00,5378.637
46408,2011-06-15T23:00:00+00:00,5378.689
46408,2011-06-15T23:15:00+00:00,5378.737
46408,2011-06-15T23:30:00+00:00,5378.778
46408,2011-06-15T23:45:00+00:00,5378.815
46408,2011-06-16T00:00:00+00:00,5378.847
46408,2011-06-16T00:15:00+00:00,5378.874
46408,2011-06-16T00:30:00+00:00,5378.896
46408,2011-06-16T00:45:00+00:00,5378.912
46408,2011-06-16T01:00:00+00:00,5378.924
46408,2011-06-16T01:15:00+00:00,5378.931
46408,2011-06-16T01:30:00+00:00,5378.934
46408,2011-06-16T01:45:00+00:00,5378.933
46408,2011-06-16T02:00:00+00:00,5378.927
46408,2011-06-16T02:15:00+00:00,5378.919
46408,2011-06-16T02:30:00+00:00,5378.908
46408,2011-06-16T02:45:00+00:00,5378.896
46408,2011-06-16T03:00:00+00:00,5378.884
46408,2011-06-16T03:15:00+00:00,5378.877
46408,2011-06-16T03:30:00+00:00,5378.868
46408,2011-06-16T03:45:00+00:00,5378.863
46408,2011-06-16T04:00:00+00:00,5378.857
46408,2011-06-16T04:15:00+00:00,5378.855
46408,2011-06-16T04:30:00+00:00,5378.853
46408,2011-06-16T04:45:00+00:00,5378.860
46408,2011-06-16T05:00:00+00:00,5378.869
46408,2011-06-16T05:15:00+00:00,5378.880
46408,2011-06-16T05:30:00+00:00,5378.899
46408,2011-06-16T05:45:00+00:00,5378.919
46408,2011-06-16T06:00:00+00:00,5378.943
46408,2011-06-16T06:15:00+00:00,5378.971
46408,2011-06-16T06:30:00+00:00,5379.004
46408,2011-06-16T06:45:00+00:00,5379.036
46408,2011-06-16T07:00:00+00:00,5379.074
46408,2011-06-16T07:15:00+00:00,5379.115
46408,2011-06-16T07:30:00+00:00,5379.159
46408,2011-06-16T07:45:00+00:00,5379.204
46408,2011-06-16T08:00:00+00:00,5379.251
46408,2011-06-16T08:15:00+00:00,5379.297
46408,2011-06-16T08:30:00+00:00,5379.341
46408,2011-06-16T08:45:00+00:00,5379.381
46408,2011-06-16T09:00:00+00:00,5379.420
46408,2011-06-16T09:15:00+00:00,5379.455
46408,2011-06-16T09:30:00+00:00,5379.485
46408,2011-06-16T09:45:00+00:00,5379.512
46408,2011-06-16T10:00:00+00:00,5379.532
46408,2011-06-16T10:15:00+00:00,5379.545
46408,2011-06-16T10:30:00+00:00,5379.550
46408,2011-06-16T10:45:00+00:00,5379.549
46408,2011-06-16T11:00:00+00:00,5379.541
46408,2011-06-16T11:15:00+00:00,5379.523
46408,2011-06-16T11:30:00+00:00,5379.500
46408,2011-06-16T11:45:00+00:00,5379.465
46408,2011-06-16T12:00:00+00:00,5379.426
46408,2011-06-16T12:15:00+00:00,5379.377
46408,2011-06-16T12:30:00+00:00,5379.321
46408,2011-06-16T12:45:00+00:00,5379.258
46408,2011-06-16T13:00:00+00:00,5379.189
46408,2011-06-16T13:15:00+00:00,5379.112
46408,2011-06-16T13:30:00+00:00,5379.030
46408,2011-06-16T13:45:00+00:00,5378.943
46408,2011-06-16T14:00:00+00:00,5378.852
46408,2011-06-16T14:15:00+00:00,5378.758
46408,2011-06-16T14:30:00+00:00,5378.663
46408,2011-06-16T14:45:00+00:00,5378.565
46408,2011-06-16T15:00:00+00:00,5378.467
46408,2011-06-16T15:15:00+00:00,5378.371
46408,2011-06-16T15:30:00+00:00,5378.277
46408,2011-06-16T15:45:00+00:00,5378.186
46408,2011-06-16T16:00:00+00:00,5378.102
46408,2011-06-16T16:15:00+00:00,5378.021
46408,2011-06-16T16:30:00+00:00,5377.949
46408,2011-06-16T16:45:00+00:00,5377.880
46408,2011-06-16T17:00:00+00:00,5377.819
46408,2011-06-16T17:15:00+00:00,5377.765
46408,2011-06-16T17:30:00+00:00,5377.722
46408,2011-06-16T17:45:00+00:00,5377.685
46408,2011-06-16T18:00:00+00:00,5377.657
46408,2011-06-16T18:15:00+00:00,5377.636
46408,2011-06-16T18:30:00+00:00,5377.628
46408,2011-06-16T18:45:00+00:00,5377.629
46408,2011-06-16T19:00:00+00:00,5377.640
46408,2011-06-16T19:15:00+00:00,5377.661
46408,2011-06-16T19:30:00+00:00,5377.694
46408,2011-06-16T19:45:00+00:00,5377.731
46408,2011-06-16T20:00:00+00:00,5377.776
46408,2011-06-16T20:15:00+00:00,5377.826
46408,2011-06-16T20:30:00+00:00,5377.880
46408,2011-06-16T20:45:00+00:00,5377.940
46408,2011-06-16T21:00:00+00:00,5378.002
46408,2011-06-16T21:15:00+00:00,5378.069
46408,2011-06-16T21:30:00+00:00,5378.139
46408,2011-06-16T21:45:00+00:00,5378.209
46408,2011-06-16T22:00:00+00:00,5378.276
46408,2011-06-16T22:15:00+00:00,5378.344
46408,2011-06-16T22:30:00+00:00,5378.412
46408,2011-06-16T22:45:00+00:00,5378.477
46408,2011-06-16T23:00:00+00:00,5378.539
46408,2011-06-16T23:15:00+00:00,5378.596
46408,2011-06-16T23:30:00+00:00,5378.652
46408,2011-06-16T23:45:00+00:00,5378.704
46408,2011-06-17T00:00:00+00:00,5378.751
46408,2011-06-17T00:15:00+00:00,5378.795
46408,2011-06-17T00:30:00+00:00,5378.834
46408,2011-06-17T00:45:00+00:00,5378.870
46408,2011-06-17T01:00:00+00:00,5378.896
46408,2011-06-17T01:15:00+00:00,5378.918
46408,2011-06-17T01:30:00+00:00,5378.933
46408,2011-06-17T01:45:00+00:00,5378.943
46408,2011-06-17T02:00:00+00:00,5378.948
46408,2011-06-17T02:15:00+00:00,5378.949
46408,2011-06-17T02:30:00+00:00,5378.948
46408,2011-06-17T02:45:00+00:00,5378.942
46408,2011-06-17T03:00:00+00:00,5378.934
46408,2011-06-17T03:15:00+00:00,5378.923
46408,2011-06-17T03:30:00+00:00,5378.912
46408,2011-06-17T03:45:00+00:00,5378.902
46408,2011-06-17T04:00:00+00:00,5378.892
46408,2011-06-17T04:15:00+00:00,5378.881
46408,2011-06-17T04:30:00+00:00,5378.871
46408,2011-06-17T04:45:00+00:00,5378.864
46408,2011-06-17T05:00:00+00:00,5378.862
46408,2011-06-17T05:15:00+00:00,5378.861
46408,2011-06-17T05:30:00+00:00,5378.865
46408,2011-06-17T05:45:00+00:00,5378.872
46408,2011-06-17T06:00:00+00:00,5378.883
46408,2011-06-17T06:15:00+00:00,5378.897
46408,2011-06-17T06:30:00+00:00,5378.917
46408,2011-06-17T06:45:00+00:00,5378.936
46408,2011-06-17T07:00:00+00:00,5378.961
46408,2011-06-17T07:15:00+00:00,5378.991
46408,2011-06-17T07:30:00+00:00,5379.022
46408,2011-06-17T07:45:00+00:00,5379.060
46408,2011-06-17T08:00:00+00:00,5379.100
46408,2011-06-17T08:15:00+00:00,5379.143
46408,2011-06-17T08:30:00+00:00,5379.182
46408,2011-06-17T08:45:00+00:00,5379.225
46408,2011-06-17T09:00:00+00:00,5379.268
46408,2011-06-17T09:15:00+00:00,5379.307
46408,2011-06-17T09:30:00+00:00,5379.346
46408,2011-06-17T09:45:00+00:00,5379.380
46408,2011-06-17T10:00:00+00:00,5379.411
46408,2011-06-17T10:15:00+00:00,5379.439
46408,2011-06-17T10:30:00+00:00,5379.463
46408,2011-06-17T10:45:00+00:00,5379.482
46408,2011-06-17T11:00:00+00:00,5379.495
46408,2011-06-17T11:15:00+00:00,5379.499
46408,2011-06-17T11:30:00+00:00,5379.498
46408,2011-06-17T11:45:00+00:00,5379.490
46408,2011-06-17T12:00:00+00:00,5379.473
46408,2011-06-17T12:15:00+00:00,5379.449
46408,2011-06-17T12:30:00+00:00,5379.420
46408,2011-06-17T12:45:00+00:00,5379.381
46408,2011-06-17T13:00:00+00:00,5379.336
46408,2011-06-17T13:15:00+00:00,5379.283
46408,2011-06-17T13:30:00+00:00,5379.223
46408,2011-06-17T13:45:00+00:00,5379.156
46408,2011-06-17T14:00:00+00:00,5379.086
46408,2011-06-17T14:15:00+00:00,5379.010
46408,2011-06-17T14:30:00+00:00,5378.929
46408,2011-06-17T14:45:00+00:00,5378.842
46408,2011-06-17T15:00:00+00:00,5378.755
46408,2011-06-17T15:15:00+00:00,5378.666
46408,2011-06-17T15:30:00+00:00,5378.573
46408,2011-06-17T15:45:00+00:00,5378.479
46408,2011-06-17T16:00:00+00:00,5378.390
46408,2011-06-17T16:15:00+00:00,5378.302
46408,2011-06-17T16:30:00+00:00,5378.216
46408,2011-06-17T16:45:00+00:00,5378.135
46408,2011-06-17T17:00:00+00:00,5378.058
46408,2011-06-17T17:15:00+00:00,5377.990
46408,2011-06-17T17:30:00+00:00,5377.922
46408,2011-06-17T17:45:00+00:00,5377.864
46408,2011-06-17T18:00:00+00:00,5377.817
46408,2011-06-17T18:15:00+00:00,5377.776
46408,2011-06-17T18:30:00+00:00,5377.746
46408,2011-06-17T18:45:00+00:00,5377.724
46408,2011-06-17T19:00:00+00:00,5377.708
46408,2011-06-17T19:15:00+00:00,5377.707
46408,2011-06-17T19:30:00+00:00,5377.711
46408,2011-06-17T19:45:00+00:00,5377.725
46408,2011-06-17T20:00:00+00:00,5377.747
46408,2011-06-17T20:15:00+00:00,5377.776
46408,2011-06-17T20:30:00+00:00,5377.812
46408,2011-06-17T20:45:00+00:00,5377.851
46408,2011-06-17T21:00:00+00:00,5377.902
46408,2011-06-17T21:15:00+00:00,5377.955
46408,2011-06-17T21:30:00+00:00,5378.011
46408,2011-06-17T21:45:00+00:00,5378.075
46408,2011-06-17T22:00:00+00:00,5378.141
46408,2011-06-17T22:15:00+00:00,5378.210
46408,2011-06-17T22:30:00+00:00,5378.274
46408,2011-06-17T22:45:00+00:00,5378.342
46408,2011-06-17T23:00:00+00:00,5378.404
46408,2011-06-17T23:15:00+00:00,5378.467
46408,2011-06-17T23:30:00+00:00,5378.527
46408,2011-06-17T23:45:00+00:00,5378.586
46408,2011-06-18T00:00:00+00:00,5378.638
46408,2011-06-18T00:15:00+00:00,5378.691
46408,2011-06-18T00:30:00+00:00,5378.741
46408,2011-06-18T00:45:00+00:00,5378.786
46408,2011-06-18T01:00:00+00:00,5378.824
46408,2011-06-18T01:15:00+00:00,5378.859
46408,2011-06-18T01:30:00+00:00,5378.890
46408,2011-06-18T01:45:00+00:00,5378.915
46408,2011-06-18T02:00:00+00:00,5378.935
46408,2011-06-18T02:15:00+00:00,5378.949
46408,2011-06-18T02:30:00+00:00,5378.959
46408,2011-06-18T02:45:00+00:00,5378.963
46408,2011-06-18T03:00:00+00:00,5378.962
46408,2011-06-18T03:15:00+00:00,5378.960
46408,2011-06-18T03:30:00+00:00,5378.952
46408,2011-06-18T03:45:00+00:00,5378.942
46408,2011-06-18T04:00:00+00:00,5378.932
46408,2011-06-18T04:15:00+00:00,5378.916
46408,2011-06-18T04:30:00+00:00,5378.899
46408,2011-06-18T04:45:00+00:00,5378.885
46408,2011-06-18T05:00:00+00:00,5378.873
46408,2011-06-18T05:15:00+00:00,5378.861
46408,2011-06-18T05:30:00+00:00,5378.855
46408,2011-06-18T05:45:00+00:00,5378.850
46408,2011-06-18T06:00:00+00:00,5378.849
46408,2011-06-18T06:15:00+00:00,5378.852
46408,2011-06-18T06:30:00+00:00,5378.857
46408,2011-06-18T06:45:00+00:00,5378.866
46408,2011-06-18T07:00:00+00:00,5378.877
46408,2011-06-18T07:15:00+00:00,5378.894
46408,2011-06-18T07:30:00+00:00,5378.914
46408,2011-06-18T07:45:00+00:00,5378.936
46408,2011-06-18T08:00:00+00:00,5378.965
46408,2011-06-18T08:15:00+00:00,5378.995
46408,2011-06-18T08:30:00+00:00,5379.025
46408,2011-06-18T08:45:00+00:00,5379.062
46408,2011-06-18T09:00:00+00:00,5379.096
46408,2011-06-18T09:15:00+00:00,5379.130
46408,2011-06-18T09:30:00+00:00,5379.167
46408,2011-06-18T09:45:00+00:00,5379.202
46408,2011-06-18T10:00:00+00:00,5379.236
46408,2011-06-18T10:15:00+00:00,5379.267
46408,2011-06-18T10:30:00+00:00,5379.298
46408,2011-06-18T10:45:00+00:00,5379.327
46408,2011-06-18T11:00:00+00:00,5379.352
46408,2011-06-18T11:15:00+00:00,5379.371
46408,2011-06-18T11:30:00+00:00,5379.386
46408,2011-06-18T11:45:00+00:00,5379.395
46408,2011-06-18T12:00:00+00:00,5379.397
46408,2011-06-18T12:15:00+00:00,5379.394
46408,2011-06-18T12:30:00+00:00,5379.385
46408,2011-06-18T12:45:00+00:00,5379.370
46408,2011-06-18T13:00:00+00:00,5379.348
46408,2011-06-18T13:15:00+00:00,5379.316
46408,2011-06-18T13:30:00+00:00,5379.282
46408,2011-06-18T13:45:00+00:00,5379.243
46408,2011-06-18T14:00:00+00:00,5379.195
46408,2011-06-18T14:15:00+00:00,5379.145
46408,2011-06-18T14:30:00+00:00,5379.086
46408,2011-06-18T14:45:00+00:00,5379.021
46408,2011-06-18T15:00:00+00:00,5378.951
46408,2011-06-18T15:15:00+00:00,5378.877
46408,2011-06-18T15:30:00+00:00,5378.802
46408,2011-06-18T15:45:00+00:00,5378.721
46408,2011-06-18T16:00:00+00:00,5378.641
46408,2011-06-18T16:15:00+00:00,5378.558
46408,2011-06-18T16:30:00+00:00,5378.476
46408,2011-06-18T16:45:00+00:00,5378.396
46408,2011-06-18T17:00:00+00:00,5378.315
46408,2011-06-18T17:15:00+00:00,5378.238
46408,2011-06-18T17:30:00+00:00,5378.168
46408,2011-06-18T17:45:00+00:00,5378.101
46408,2011-06-18T18:00:00+00:00,5378.041
46408,2011-06-18T18:15:00+00:00,5377.984
46408,2011-06-18T18:30:00+00:00,5377.936
46408,2011-06-18T18:45:00+00:00,5377.896
46408,2011-06-18T19:00:00+00:00,5377.860
46408,2011-06-18T19:15:00+00:00,5377.834
46408,2011-06-18T19:30:00+00:00,5377.815
46408,2011-06-18T19:45:00+00:00,5377.806
46408,2011-06-18T20:00:00+00:00,5377.803
46408,2011-06-18T20:15:00+00:00,5377.811
46408,2011-06-18T20:30:00+00:00,5377.827
46408,2011-06-18T20:45:00+00:00,5377.849
46408,2011-06-18T21:00:00+00:00,5377.878
46408,2011-06-18T21:15:00+00:00,5377.917
46408,2011-06-18T21:30:00+00:00,5377.961
46408,2011-06-18T21:45:00+00:00,5378.009
46408,2011-06-18T22:00:00+00:00,5378.061
46408,2011-06-18T22:15:00+00:00,5378.116
46408,2011-06-18T22:30:00+00:00,5378.177
46408,2011-06-18T22:45:00+00:00,5378.236
46408,2011-06-18T23:00:00+00:00,5378.297
46408,2011-06-18T23:15:00+00:00,5378.362
46408,2011-06-18T23:30:00+00:00,5378.421
46408,2011-06-18T23:45:00+00:00,5378.481
46408,2011-06-19T00:00:00+00:00,5378.538
46408,2011-06-19T00:15:00+00:00,5378.593
46408,2011-06-19T00:30:00+00:00,5378.648
46408,2011-06-19T00:45:00+00:00,5378.697
46408,2011-06-19T01:00:00+00:00,5378.747
46408,2011-06-19T01:15:00+00:00,5378.790
46408,2011-06-19T01:30:00+00:00,5378.829
46408,2011-06-19T01:45:00+00:00,5378.865
46408,2011-06-19T02:00:00+00:00,5378.899
46408,2011-06-19T02:15:00+00:00,5378.923
46408,2011-06-19T02:30:00+00:00,5378.946
46408,2011-06-19T02:45:00+00:00,5378.962
46408,2011-06-19T03:00:00+00:00,5378.971
46408,2011-06-19T03:15:00+00:00,5378.974
46408,2011-06-19T03:30:00+00:00,5378.976
46408,2011-06-19T03:45:00+00:00,5378.974
46408,2011-06-19T04:00:00+00:00,5378.971
46408,2011-06-19T04:15:00+00:00,5378.964
46408,2011-06-19T04:30:00+00:00,5378.954
46408,2011-06-19T04:45:00+00:00,5378.940
46408,2011-06-19T05:00:00+00:00,5378.925
46408,2011-06-19T05:15:00+00:00,5378.911
46408,2011-06-19T05:30:00+00:00,5378.893
46408,2011-06-19T05:45:00+00:00,5378.878
46408,2011-06-19T06:00:00+00:00,5378.865
46408,2011-06-19T06:15:00+00:00,5378.855
46408,2011-06-19T06:30:00+00:00,5378.849
46408,2011-06-19T06:45:00+00:00,5378.848
46408,2011-06-19T07:00:00+00:00,5378.845
46408,2011-06-19T07:15:00+00:00,5378.847
46408,2011-06-19T07:30:00+00:00,5378.851
46408,2011-06-19T07:45:00+00:00,5378.862
46408,2011-06-19T08:00:00+00:00,5378.877
46408,2011-06-19T08:15:00+00:00,5378.895
46408,2011-06-19T08:30:00+00:00,5378.913
46408,2011-06-19T08:45:00+00:00,5378.931
46408,2011-06-19T09:00:00+00:00,5378.954
46408,2011-06-19T09:15:00+00:00,5378.977
46408,2011-06-19T09:30:00+00:00,5379.003
46408,2011-06-19T09:45:00+00:00,5379.030
46408,2011-06-19T10:00:00+00:00,5379.059
46408,2011-06-19T10:15:00+00:00,5379.087
46408,2011-06-19T10:30:00+00:00,5379.118
46408,2011-06-19T10:45:00+00:00,5379.146
46408,2011-06-19T11:00:00+00:00,5379.175
46408,2011-06-19T11:15:00+00:00,5379.199
46408,2011-06-19T11:30:00+00:00,5379.220
46408,2011-06-19T11:45:00+00:00,5379.239
46408,2011-06-19T12:00:00+00:00,5379.255
46408,2011-06-19T12:15:00+00:00,5379.262
46408,2011-06-19T12:30:00+00:00,5379.268
46408,2011-06-19T12:45:00+00:00,5379.270
46408,2011-06-19T13:00:00+00:00,5379.264
46408,2011-06-19T13:15:00+00:00,5379.256
46408,2011-06-19T13:30:00+00:00,5379.242
46408,2011-06-19T13:45:00+00:00,5379.221
46408,2011-06-19T14:00:00+00:00,5379.197
46408,2011-06-19T14:15:00+00:00,5379.166
46408,2011-06-19T14:30:00+00:00,5379.128
46408,2011-06-19T14:45:00+00:00,5379.086
46408,2011-06-19T15:00:00+00:00,5379.039
46408,2011-06-19T15:15:00+00:00,5378.988
46408,2011-06-19T15:30:00+00:00,5378.932
46408,2011-06-19T15:45:00+00:00,5378.873
46408,2011-06-19T16:00:00+00:00,5378.812
46408,2011-06-19T16:15:00+00:00,5378.744
46408,2011-06-19T16:30:00+00:00,5378.676
46408,2011-06-19T16:45:00+00:00,5378.607
46408,2011-06-19T17:00:00+00:00,5378.538
46408,2011-06-19T17:15:00+00:00,5378.469
46408,2011-06-19T17:30:00+00:00,5378.400
46408,2011-06-19T17:45:00+00:00,5378.334
46408,2011-06-19T18:00:00+00:00,5378.269
46408,2011-06-19T18:15:00+00:00,5378.207
46408,2011-06-19T18:30:00+00:00,5378.151
46408,2011-06-19T18:45:00+00:00,5378.099
46408,2011-06-19T19:00:00+00:00,5378.053
46408,2011-06-19T19:15:00+00:00,5378.016
46408,2011-06-19T19:30:00+00:00,5377.983
46408,2011-06-19T19:45:00+00:00,5377.957
46408,2011-06-19T20:00:00+00:00,5377.939
46408,2011-06-19T20:15:00+00:00,5377.926
46408,2011-06-19T20:30:00+00:00,5377.924
46408,2011-06-19T20:45:00+00:00,5377.928
46408,2011-06-19T21:00:00+00:00,5377.938
46408,2011-06-19T21:15:00+00:00,5377.956
46408,2011-06-19T21:30:00+00:00,5377.980
46408,2011-06-19T21:45:00+00:00,5378.013
46408,2011-06-19T22:00:00+00:00,5378.049
46408,2011-06-19T22:15:00+00:00,5378.090
46408,2011-06-19T22:30:00+00:00,5378.135
46408,2011-06-19T22:45:00+00:00,5378.184
46408,2011-06-19T23:00:00+00:00,5378.236
46408,2011-06-19T23:15:00+00:00,5378.287
46408,2011-06-19T23:30:00+00:00,5378.343
46408,2011-06-19T23:45:00+00:00,5378.399
46408,2011-06-20T00:00:00+00:00,5378.453
46408,2011-06-20T00:15:00+00:00,5378.511
46408,2011-06-20T00:30:00+00:00,5378.563
46408,2011-06-20T00:45:00+00:00,5378.614
46408,2011-06-20T01:00:00+00:00,5378.665
46408,2011-06-20T01:15:00+00:00,5378.711
46408,2011-06-20T01:30:00+00:00,5378.756
46408,2011-06-20T01:45:00+00:00,5378.799
46408,2011-06-20T02:00:00+00:00,5378.834
46408,2011-06-20T02:15:00+00:00,5378.867
46408,2011-06-20T02:30:00+00:00,5378.897
46408,2011-06-20T02:45:00+00:00,5378.922
46408,2011-06-20T03:00:00+00:00,5378.943
46408,2011-06-20T03:15:00+00:00,5378.957
46408,2011-06-20T03:30:00+00:00,5378.972
46408,2011-06-20T03:45:00+00:00,5378.978
46408,2011-06-20T04:00:00+00:00,5378.982
46408,2011-06-20T04:15:00+00:00,5378.984
46408,2011-06-20T04:30:00+00:00,5378.980
46408,2011-06-20T04:45:00+00:00,5378.975
46408,2011-06-20T05:00:00+00:00,5378.964
46408,2011-06-20T05:15:00+00:00,5378.952
46408,2011-06-20T05:30:00+00:00,5378.937
46408,2011-06-20T05:45:00+00:00,5378.922
46408,2011-06-20T06:00:00+00:00,5378.903
46408,2011-06-20T06:15:00+00:00,5378.885
46408,2011-06-20T06:30:00+00:00,5378.870
46408,2011-06-20T06:45:00+00:00,5378.855
46408,2011-06-20T07:00:00+00:00,5378.842
46408,2011-06-20T07:15:00+00:00,5378.831
46408,2011-06-20T07:30:00+00:00,5378.825
46408,2011-06-20T07:45:00+00:00,5378.823
46408,2011-06-20T08:00:00+00:00,5378.820
46408,2011-06-20T08:15:00+00:00,5378.823
46408,2011-06-20T08:30:00+00:00,5378.826
46408,2011-06-20T08:45:00+00:00,5378.829
46408,2011-06-20T09:00:00+00:00,5378.838
46408,2011-06-20T09:15:00+00:00,5378.848
46408,2011-06-20T09:30:00+00:00,5378.863
46408,2011-06-20T09:45:00+00:00,5378.879
46408,2011-06-20T10:00:00+00:00,5378.895
46408,2011-06-20T10:15:00+00:00,5378.913
46408,2011-06-20T10:30:00+00:00,5378.935
46408,2011-06-20T10:45:00+00:00,5378.953
46408,2011-06-20T11:00:00+00:00,5378.975
46408,2011-06-20T11:15:00+00:00,5378.998
46408,2011-06-20T11:30:00+00:00,5379.020
46408,2011-06-20T11:45:00+00:00,5379.039
46408,2011-06-20T12:00:00+00:00,5379.058
46408,2011-06-20T12:15:00+00:00,5379.072
46408,2011-06-20T12:30:00+00:00,5379.084
46408,2011-06-20T12:45:00+00:00,5379.097
46408,2011-06-20T13:00:00+00:00,5379.104
46408,2011-06-20T13:15:00+00:00,5379.109
46408,2011-06-20T13:30:00+00:00,5379.111
46408,2011-06-20T13:45:00+00:00,5379.107
46408,2011-06-20T14:00:00+00:00,5379.097
46408,2011-06-20T14:15:00+00:00,5379.085
46408,2011-06-20T14:30:00+00:00,5379.067
46408,2011-06-20T14:45:00+00:00,5379.047
46408,2011-06-20T15:00:00+00:00,5379.023
46408,2011-06-20T15:15:00+00:00,5378.993
46408,2011-06-20T15:30:00+00:00,5378.958
46408,2011-06-20T15:45:00+00:00,5378.921
46408,2011-06-20T16:00:00+00:00,5378.881
46408,2011-06-20T16:15:00+00:00,5378.836
46408,2011-06-20T16:30:00+00:00,5378.791
46408,2011-06-20T16:45:00+00:00,5378.742
46408,2011-06-20T17:00:00+00:00,5378.687
46408,2011-06-20T17:15:00+00:00,5378.636
46408,2011-06-20T17:30:00+00:00,5378.579
46408,2011-06-20T17:45:00+00:00,5378.522
46408,2011-06-20T18:00:00+00:00,5378.468
46408,2011-06-20T18:15:00+00:00,5378.413
46408,2011-06-20T18:30:00+00:00,5378.360
46408,2011-06-20T18:45:00+00:00,5378.311
46408,2011-06-20T19:00:00+00:00,5378.266
46408,2011-06-20T19:15:00+00:00,5378.221
46408,2011-06-20T19:30:00+00:00,5378.180
46408,2011-06-20T19:45:00+00:00,5378.148
46408,2011-06-20T20:00:00+00:00,5378.120
46408,2011-06-20T20:15:00+00:00,5378.096
46408,2011-06-20T20:30:00+00:00,5378.076
46408,2011-06-20T20:45:00+00:00,5378.069
46408,2011-06-20T21:00:00+00:00,5378.062
46408,2011-06-20T21:15:00+00:00,5378.068
46408,2011-06-20T21:30:00+00:00,5378.076
46408,2011-06-20T21:45:00+00:00,5378.091
46408,2011-06-20T22:00:00+00:00,5378.112
46408,2011-06-20T22:15:00+00:00,5378.136
46408,2011-06-20T22:30:00+00:00,5378.167
46408,2011-06-20T22:45:00+00:00,5378.200
46408,2011-06-20T23:00:00+00:00,5378.237
46408,2011-06-20T23:15:00+00:00,5378.278
46408,2011-06-20T23:30:00+00:00,5378.324
46408,2011-06-20T23:45:00+00:00,5378.372
46408,2011-06-21T00:00:00+00:00,5378.420
46408,2011-06-21T00:15:00+00:00,5378.472
46408,2011-06-21T00:30:00+00:00,5378.520
46408,2011-06-21T00:45:00+00:00,5378.572
46408,2011-06-21T01:00:00+00:00,5378.621
46408,2011-06-21T01:15:00+00:00,5378.667
46408,2011-06-21T01:30:00+00:00,5378.710
46408,2011-06-21T01:45:00+00:00,5378.753
46408,2011-06-21T02:00:00+00:00,5378.795
46408,2011-06-21T02:15:00+00:00,5378.829
46408,2011-06-21T02:30:00+00:00,5378.862
46408,2011-06-21T02:45:00+00:00,5378.892
46408,2011-06-21T03:00:00+00:00,5378.920
46408,2011-06-21T03:15:00+00:00,5378.946
46408,2011-06-21T03:30:00+00:00,5378.965
46408,2011-06-21T03:45:00+00:00,5378.983
46408,2011-06-21T04:00:00+00:00,5378.997
46408,2011-06-21T04:15:00+00:00,5379.004
46408,2011-06-21T04:30:00+00:00,5379.007
46408,2011-06-21T04:45:00+00:00,5379.008
46408,2011-06-21T05:00:00+00:00,5379.005
46408,2011-06-21T05:15:00+00:00,5378.999
46408,2011-06-21T05:30:00+00:00,5378.991
46408,2011-06-21T05:45:00+00:00,5378.977
46408,2011-06-21T06:00:00+00:00,5378.964
46408,2011-06-21T06:15:00+00:00,5378.942
46408,2011-06-21T06:30:00+00:00,5378.927
46408,2011-06-21T06:45:00+00:00,5378.908
46408,2011-06-21T07:00:00+00:00,5378.888
46408,2011-06-21T07:15:00+00:00,5378.868
46408,2011-06-21T07:30:00+00:00,5378.850
46408,2011-06-21T07:45:00+00:00,5378.835
46408,2011-06-21T08:00:00+00:00,5378.821
46408,2011-06-21T08:15:00+00:00,5378.810
46408,2011-06-21T08:30:00+00:00,5378.801
46408,2011-06-21T08:45:00+00:00,5378.792
46408,2011-06-21T09:00:00+00:00,5378.786
46408,2011-06-21T09:15:00+00:00,5378.779
46408,2011-06-21T09:30:00+00:00,5378.778
46408,2011-06-21T09:45:00+00:00,5378.779
46408,2011-06-21T10:00:00+00:00,5378.779
46408,2011-06-21T10:15:00+00:00,5378.784
46408,2011-06-21T10:30:00+00:00,5378.790
46408,2011-06-21T10:45:00+00:00,5378.800
46408,2011-06-21T11:00:00+00:00,5378.813
46408,2011-06-21T11:15:00+00:00,5378.825
46408,2011-06-21T11:30:00+00:00,5378.838
46408,2011-06-21T11:45:00+00:00,5378.852
46408,2011-06-21T12:00:00+00:00,5378.864
46408,2011-06-21T12:15:00+00:00,5378.878
46408,2011-06-21T12:30:00+00:00,5378.891
46408,2011-06-21T12:45:00+00:00,5378.903
46408,2011-06-21T13:00:00+00:00,5378.915
46408,2011-06-21T13:15:00+00:00,5378.923
46408,2011-06-21T13:30:00+00:00,5378.932
46408,2011-06-21T13:45:00+00:00,5378.939
46408,2011-06-21T14:00:00+00:00,5378.939
46408,2011-06-21T14:15:00+00:00,5378.938
46408,2011-06-21T14:30:00+00:00,5378.935
46408,2011-06-21T14:45:00+00:00,5378.929
46408,2011-06-21T15:00:00+00:00,5378.916
46408,2011-06-21T15:15:00+00:00,5378.905
46408,2011-06-21T15:30:00+00:00,5378.888
46408,2011-06-21T15:45:00+00:00,5378.869
46408,2011-06-21T16:00:00+00:00,5378.849
46408,2011-06-21T16:15:00+00:00,5378.826
46408,2011-06-21T16:30:00+00:00,5378.797
46408,2011-06-21T16:45:00+00:00,5378.769
46408,2011-06-21T17:00:00+00:00,5378.734
46408,2011-06-21T17:15:00+00:00,5378.701
46408,2011-06-21T17:30:00+00:00,5378.665
46408,2011-06-21T17:45:00+00:00,5378.625
46408,2011-06-21T18:00:00+00:00,5378.584
46408,2011-06-21T18:15:00+00:00,5378.542
46408,2011-06-21T18:30:00+00:00,5378.497
46408,2011-06-21T18:45:00+00:00,5378.456
46408,2011-06-21T19:00:00+00:00,5378.418
46408,2011-06-21T19:15:00+00:00,5378.380
46408,2011-06-21T19:30:00+00:00,5378.344
46408,2011-06-21T19:45:00+00:00,5378.313
46408,2011-06-21T20:00:00+00:00,5378.282
46408,2011-06-21T20:15:00+00:00,5378.259
46408,2011-06-21T20:30:00+00:00,5378.236
46408,2011-06-21T20:45:00+00:00,5378.217
46408,2011-06-21T21:00:00+00:00,5378.204
46408,2011-06-21T21:15:00+00:00,5378.198
46408,2011-06-21T21:30:00+00:00,5378.194
46408,2011-06-21T21:45:00+00:00,5378.195
46408,2011-06-21T22:00:00+00:00,5378.202
46408,2011-06-21T22:15:00+00:00,5378.214
46408,2011-06-21T22:30:00+00:00,5378.231
46408,2011-06-21T22:45:00+00:00,5378.249
46408,2011-06-21T23:00:00+00:00,5378.274
46408,2011-06-21T23:15:00+00:00,5378.302
46408,2011-06-21T23:30:00+00:00,5378.336
46408,2011-06-21T23:45:00+00:00,5378.373
46408,2011-06-22T00:00:00+00:00,5378.415
46408,2011-06-22T00:15:00+00:00,5378.456
46408,2011-06-22T00:30:00+00:00,5378.497
46408,2011-06-22T00:45:00+00:00,5378.539
46408,2011-06-22T01:00:00+00:00,5378.584
46408,2011-06-22T01:15:00+00:00,5378.627
46408,2011-06-22T01:30:00+00:00,5378.671
46408,2011-06-22T01:45:00+00:00,5378.712
46408,2011-06-22T02:00:00+00:00,5378.751
46408,2011-06-22T02:15:00+00:00,5378.790
46408,2011-06-22T02:30:00+00:00,5378.828
46408,2011-06-22T02:45:00+00:00,5378.862
46408,2011-06-22T03:00:00+00:00,5378.896
46408,2011-06-22T03:15:00+00:00,5378.924
46408,2011-06-22T03:30:00+00:00,5378.950
46408,2011-06-22T03:45:00+00:00,5378.972
46408,2011-06-22T04:00:00+00:00,5378.989
46408,2011-06-22T04:15:00+00:00,5379.005
46408,2011-06-22T04:30:00+00:00,5379.017
46408,2011-06-22T04:45:00+00:00,5379.026
46408,2011-06-22T05:00:00+00:00,5379.029
46408,2011-06-22T05:15:00+00:00,5379.031
46408,2011-06-22T05:30:00+00:00,5379.029
46408,2011-06-22T05:45:00+00:00,5379.023
46408,2011-06-22T06:00:00+00:00,5379.015
46408,2011-06-22T06:15:00+00:00,5379.004
46408,2011-06-22T06:30:00+00:00,5378.988
46408,2011-06-22T06:45:00+00:00,5378.969
46408,2011-06-22T07:00:00+00:00,5378.951
46408,2011-06-22T07:15:00+00:00,5378.928
46408,2011-06-22T07:30:00+00:00,5378.904
46408,2011-06-22T07:45:00+00:00,5378.882
46408,2011-06-22T08:00:00+00:00,5378.863
46408,2011-06-22T08:15:00+00:00,5378.842
46408,2011-06-22T08:30:00+00:00,5378.823
46408,2011-06-22T08:45:00+00:00,5378.805
46408,2011-06-22T09:00:00+00:00,5378.786
46408,2011-06-22T09:15:00+00:00,5378.766
46408,2011-06-22T09:30:00+00:00,5378.752
46408,2011-06-22T09:45:00+00:00,5378.737
46408,2011-06-22T10:00:00+00:00,5378.727
46408,2011-06-22T10:15:00+00:00,5378.716
46408,2011-06-22T10:30:00+00:00,5378.710
46408,2011-06-22T10:45:00+00:00,5378.701
46408,2011-06-22T11:00:00+00:00,5378.700
46408,2011-06-22T11:15:00+00:00,5378.699
46408,2011-06-22T11:30:00+00:00,5378.697
46408,2011-06-22T11:45:00+00:00,5378.701
46408,2011-06-22T12:00:00+00:00,5378.705
46408,2011-06-22T12:15:00+00:00,5378.710
46408,2011-06-22T12:30:00+00:00,5378.715
46408,2011-06-22T12:45:00+00:00,5378.724
46408,2011-06-22T13:00:00+00:00,5378.731
46408,2011-06-22T13:15:00+00:00,5378.742
46408,2011-06-22T13:30:00+00:00,5378.752
46408,2011-06-22T13:45:00+00:00,5378.760
46408,2011-06-22T14:00:00+00:00,5378.766
46408,2011-06-22T14:15:00+00:00,5378.769
46408,2011-06-22T14:30:00+00:00,5378.772
46408,2011-06-22T14:45:00+00:00,5378.774
46408,2011-06-22T15:00:00+00:00,5378.775
46408,2011-06-22T15:15:00+00:00,5378.776
46408,2011-06-22T15:30:00+00:00,5378.776
46408,2011-06-22T15:45:00+00:00,5378.774
46408,2011-06-22T16:00:00+00:00,5378.772
46408,2011-06-22T16:15:00+00:00,5378.764
46408,2011-06-22T16:30:00+00:00,5378.754
46408,2011-06-22T16:45:00+00:00,5378.742
46408,2011-06-22T17:00:00+00:00,5378.726
46408,2011-06-22T17:15:00+00:00,5378.709
46408,2011-06-22T17:30:00+00:00,5378.689
46408,2011-06-22T17:45:00+00:00,5378.668
46408,2011-06-22T18:00:00+00:00,5378.645
46408,2011-06-22T18:15:00+00:00,5378.624
46408,2011-06-22T18:30:00+00:00,5378.598
46408,2011-06-22T18:45:00+00:00,5378.573
46408,2011-06-22T19:00:00+00:00,5378.547
46408,2011-06-22T19:15:00+00:00,5378.522
46408,2011-06-22T19:30:00+00:00,5378.496
46408,2011-06-22T19:45:00+00:00,5378.469
46408,2011-06-22T20:00:00+00:00,5378.445
46408,2011-06-22T20:15:00+00:00,5378.419
46408,2011-06-22T20:30:00+00:00,5378.397
46408,2011-06-22T20:45:00+00:00,5378.379
46408,2011-06-22T21:00:00+00:00,5378.363
46408,2011-06-22T21:15:00+00:00,5378.353
46408,2011-06-22T21:30:00+00:00,5378.346
46408,2011-06-22T21:45:00+00:00,5378.342
46408,2011-06-22T22:00:00+00:00,5378.339
46408,2011-06-22T22:15:00+00:00,5378.342
46408,2011-06-22T22:30:00+00:00,5378.347
46408,2011-06-22T22:45:00+00:00,5378.357
46408,2011-06-22T23:00:00+00:00,5378.369
46408,2011-06-22T23:15:00+00:00,5378.385
46408,2011-06-22T23:30:00+00:00,5378.407
46408,2011-06-22T23:45:00+00:00,5378.431
46408,2011-06-23T00:00:00+00:00,5378.458
46408,2011-06-23T00:15:00+00:00,5378.487
46408,2011-06-23T00:30:00+00:00,5378.520
46408,2011-06-23T00:45:00+00:00,5378.559
46408,2011-06-23T01:00:00+00:00,5378.597
46408,2011-06-23T01:15:00+00:00,5378.636
46408,2011-06-23T01:30:00+00:00,5378.675
46408,2011-06-23T01:45:00+00:00,5378.712
46408,2011-06-23T02:00:00+00:00,5378.753
46408,2011-06-23T02:15:00+00:00,5378.790
46408,2011-06-23T02:30:00+00:00,5378.824
46408,2011-06-23T02:45:00+00:00,5378.859
46408,2011-06-23T03:00:00+00:00,5378.893
46408,2011-06-23T03:15:00+00:00,5378.922
46408,2011-06-23T03:30:00+00:00,5378.952
46408,2011-06-23T03:45:00+00:00,5378.981
46408,2011-06-23T04:00:00+00:00,5379.003
46408,2011-06-23T04:15:00+00:00,5379.022
46408,2011-06-23T04:30:00+00:00,5379.038
46408,2011-06-23T04:45:00+00:00,5379.052
46408,2011-06-23T05:00:00+00:00,5379.064
46408,2011-06-23T05:15:00+00:00,5379.069
46408,2011-06-23T05:30:00+00:00,5379.073
46408,2011-06-23T05:45:00+00:00,5379.071
46408,2011-06-23T06:00:00+00:00,5379.068
46408,2011-06-23T06:15:00+00:00,5379.060
46408,2011-06-23T06:30:00+00:00,5379.053
46408,2011-06-23T06:45:00+00:00,5379.039
46408,2011-06-23T07:00:00+00:00,5379.022
46408,2011-06-23T07:15:00+00:00,5379.005
46408,2011-06-23T07:30:00+00:00,5378.986
46408,2011-06-23T07:45:00+00:00,5378.961
46408,2011-06-23T08:00:00+00:00,5378.938
46408,2011-06-23T08:15:00+00:00,5378.912
46408,2011-06-23T08:30:00+00:00,5378.882
46408,2011-06-23T08:45:00+00:00,5378.852
46408,2011-06-23T09:00:00+00:00,5378.821
46408,2011-06-23T09:15:00+00:00,5378.793
46408,2011-06-23T09:30:00+00:00,5378.765
46408,2011-06-23T09:45:00+00:00,5378.740
46408,2011-06-23T10:00:00+00:00,5378.717
46408,2011-06-23T10:15:00+00:00,5378.694
46408,2011-06-23T10:30:00+00:00,5378.674
46408,2011-06-23T10:45:00+00:00,5378.656
46408,2011-06-23T11:00:00+00:00,5378.639
46408,2011-06-23T11:15:00+00:00,5378.626
46408,2011-06-23T11:30:00+00:00,5378.610
46408,2011-06-23T11:45:00+00:00,5378.597
46408,2011-06-23T12:00:00+00:00,5378.589
46408,2011-06-23T12:15:00+00:00,5378.582
46408,2011-06-23T12:30:00+00:00,5378.578
46408,2011-06-23T12:45:00+00:00,5378.576
46408,2011-06-23T13:00:00+00:00,5378.581
46408,2011-06-23T13:15:00+00:00,5378.583
46408,2011-06-23T13:30:00+00:00,5378.588
46408,2011-06-23T13:45:00+00:00,5378.591
46408,2011-06-23T14:00:00+00:00,5378.593
46408,2011-06-23T14:15:00+00:00,5378.598
46408,2011-06-23T14:30:00+00:00,5378.604
46408,2011-06-23T14:45:00+00:00,5378.610
46408,2011-06-23T15:00:00+00:00,5378.617
46408,2011-06-23T15:15:00+00:00,5378.625
46408,2011-06-23T15:30:00+00:00,5378.636
46408,2011-06-23T15:45:00+00:00,5378.643
46408,2011-06-23T16:00:00+00:00,5378.651
46408,2011-06-23T16:15:00+00:00,5378.653
46408,2011-06-23T16:30:00+00:00,5378.654
46408,2011-06-23T16:45:00+00:00,5378.656
46408,2011-06-23T17:00:00+00:00,5378.654
46408,2011-06-23T17:15:00+00:00,5378.653
46408,2011-06-23T17:30:00+00:00,5378.649
46408,2011-06-23T17:45:00+00:00,5378.644
46408,2011-06-23T18:00:00+00:00,5378.642
46408,2011-06-23T18:15:00+00:00,5378.636
46408,2011-06-23T18:30:00+00:00,5378.628
46408,2011-06-23T18:45:00+00:00,5378.622
46408,2011-06-23T19:00:00+00:00,5378.612
46408,2011-06-23T19:15:00+00:00,5378.605
46408,2011-06-23T19:30:00+00:00,5378.593
46408,2011-06-23T19:45:00+00:00,5378.579
46408,2011-06-23T20:00:00+00:00,5378.564
46408,2011-06-23T20:15:00+00:00,5378.546
46408,2011-06-23T20:30:00+00:00,5378.529
46408,2011-06-23T20:45:00+00:00,5378.515
46408,2011-06-23T21:00:00+00:00,5378.499
46408,2011-06-23T21:15:00+00:00,5378.489
46408,2011-06-23T21:30:00+00:00,5378.481
46408,2011-06-23T21:45:00+00:00,5378.471
46408,2011-06-23T22:00:00+00:00,5378.468
46408,2011-06-23T22:15:00+00:00,5378.466
46408,2011-06-23T22:30:00+00:00,5378.466
46408,2011-06-23T22:45:00+00:00,5378.471
46408,2011-06-23T23:00:00+00:00,5378.478
46408,2011-06-23T23:15:00+00:00,5378.488
46408,2011-06-23T23:30:00+00:00,5378.499
46408,2011-06-23T23:45:00+00:00,5378.516
46408,2011-06-24T00:00:00+00:00,5378.535
46408,2011-06-24T00:15:00+00:00,5378.558
46408,2011-06-24T00:30:00+00:00,5378.583
46408,2011-06-24T00:45:00+00:00,5378.607
46408,2011-06-24T01:00:00+00:00,5378.635
46408,2011-06-24T01:15:00+00:00,5378.663
46408,2011-06-24T01:30:00+00:00,5378.692
46408,2011-06-24T01:45:00+00:00,5378.725
46408,2011-06-24T02:00:00+00:00,5378.759
46408,2011-06-24T02:15:00+00:00,5378.792
46408,2011-06-24T02:30:00+00:00,5378.826
46408,2011-06-24T02:45:00+00:00,5378.861
46408,2011-06-24T03:00:00+00:00,5378.895
46408,2011-06-24T07:15:00+00:00,5379.078
46408,2011-06-24T07:30:00+00:00,5379.061
46408,2011-06-24T07:45:00+00:00,5379.044
46408,2011-06-24T08:00:00+00:00,5379.022
46408,2011-06-24T08:15:00+00:00,5378.996
46408,2011-06-24T08:30:00+00:00,5378.967
46408,2011-06-24T08:45:00+00:00,5378.936
46408,2011-06-24T09:00:00+00:00,5378.903
46408,2011-06-24T09:15:00+00:00,5378.866
46408,2011-06-24T09:30:00+00:00,5378.831
46408,2011-06-24T09:45:00+00:00,5378.793
46408,2011-06-24T10:00:00+00:00,5378.760
46408,2011-06-24T10:15:00+00:00,5378.723
46408,2011-06-24T10:30:00+00:00,5378.690
46408,2011-06-24T10:45:00+00:00,5378.656
46408,2011-06-24T11:00:00+00:00,5378.627
46408,2011-06-24T11:15:00+00:00,5378.597
46408,2011-06-24T11:30:00+00:00,5378.567
46408,2011-06-24T11:45:00+00:00,5378.540
46408,2011-06-24T12:00:00+00:00,5378.516
46408,2011-06-24T12:15:00+00:00,5378.492
46408,2011-06-24T12:30:00+00:00,5378.475
46408,2011-06-24T12:45:00+00:00,5378.456
46408,2011-06-24T13:00:00+00:00,5378.444
46408,2011-06-24T13:15:00+00:00,5378.435
46408,2011-06-24T13:30:00+00:00,5378.427
46408,2011-06-24T13:45:00+00:00,5378.424
46408,2011-06-24T14:00:00+00:00,5378.420
46408,2011-06-24T14:15:00+00:00,5378.422
46408,2011-06-24T14:30:00+00:00,5378.425
46408,2011-06-24T14:45:00+00:00,5378.428
46408,2011-06-24T15:00:00+00:00,5378.437
46408,2011-06-24T15:15:00+00:00,5378.441
46408,2011-06-24T15:30:00+00:00,5378.452
46408,2011-06-24T15:45:00+00:00,5378.463
46408,2011-06-24T16:00:00+00:00,5378.472
46408,2011-06-24T16:15:00+00:00,5378.485
46408,2011-06-24T16:30:00+00:00,5378.496
46408,2011-06-24T16:45:00+00:00,5378.508
46408,2011-06-24T17:00:00+00:00,5378.521
46408,2011-06-24T17:15:00+00:00,5378.532
46408,2011-06-24T17:30:00+00:00,5378.542
46408,2011-06-24T17:45:00+00:00,5378.551
46408,2011-06-24T18:00:00+00:00,5378.562
46408,2011-06-24T18:15:00+00:00,5378.570
46408,2011-06-24T18:30:00+00:00,5378.576
46408,2011-06-24T18:45:00+00:00,5378.585
46408,2011-06-24T19:00:00+00:00,5378.592
46408,2011-06-24T19:15:00+00:00,5378.593
46408,2011-06-24T19:30:00+00:00,5378.597
46408,2011-06-24T19:45:00+00:00,5378.600
46408,2011-06-24T20:00:00+00:00,5378.600
46408,2011-06-24T20:15:00+00:00,5378.597
46408,2011-06-24T20:30:00+00:00,5378.596
46408,2011-06-24T20:45:00+00:00,5378.591
46408,2011-06-24T21:00:00+00:00,5378.585
46408,2011-06-24T21:15:00+00:00,5378.578
46408,2011-06-24T21:30:00+00:00,5378.571
46408,2011-06-24T21:45:00+00:00,5378.566
46408,2011-06-24T22:00:00+00:00,5378.562
46408,2011-06-24T22:15:00+00:00,5378.560
46408,2011-06-24T22:30:00+00:00,5378.560
46408,2011-06-24T22:45:00+00:00,5378.561
46408,2011-06-24T23:00:00+00:00,5378.563
46408,2011-06-24T23:15:00+00:00,5378.568
46408,2011-06-24T23:30:00+00:00,5378.577
46408,2011-06-24T23:45:00+00:00,5378.586
46408,2011-06-25T00:00:00+00:00,5378.597
46408,2011-06-25T00:15:00+00:00,5378.612
46408,2011-06-25T00:30:00+00:00,5378.625
46408,2011-06-25T00:45:00+00:00,5378.640
46408,2011-06-25T01:00:00+00:00,5378.659
46408,2011-06-25T01:15:00+00:00,5378.680
46408,2011-06-25T01:30:00+00:00,5378.702
46408,2011-06-25T01:45:00+00:00,5378.728
46408,2011-06-25T02:00:00+00:00,5378.756
46408,2011-06-25T02:15:00+00:00,5378.787
46408,2011-06-25T02:30:00+00:00,5378.818
46408,2011-06-25T02:45:00+00:00,5378.847
46408,2011-06-25T03:00:00+00:00,5378.878
46408,2011-06-25T03:15:00+00:00,5378.909
46408,2011-06-25T03:30:00+00:00,5378.939
46408,2011-06-25T03:45:00+00:00,5378.965
46408,2011-06-25T04:00:00+00:00,5378.993
46408,2011-06-25T04:15:00+00:00,5379.021
46408,2011-06-25T04:30:00+00:00,5379.046
46408,2011-06-25T04:45:00+00:00,5379.069
46408,2011-06-25T05:00:00+00:00,5379.091
46408,2011-06-25T05:15:00+00:00,5379.108
46408,2011-06-25T05:30:00+00:00,5379.125
46408,2011-06-25T05:45:00+00:00,5379.136
46408,2011-06-25T06:00:00+00:00,5379.146
46408,2011-06-25T06:15:00+00:00,5379.149
46408,2011-06-25T06:30:00+00:00,5379.152
46408,2011-06-25T06:45:00+00:00,5379.150
46408,2011-06-25T07:00:00+00:00,5379.144
46408,2011-06-25T07:15:00+00:00,5379.136
46408,2011-06-25T07:30:00+00:00,5379.122
46408,2011-06-25T07:45:00+00:00,5379.110
46408,2011-06-25T08:00:00+00:00,5379.092
46408,2011-06-25T08:15:00+00:00,5379.072
46408,2011-06-25T08:30:00+00:00,5379.047
46408,2011-06-25T08:45:00+00:00,5379.019
46408,2011-06-25T09:00:00+00:00,5378.985
46408,2011-06-25T09:15:00+00:00,5378.946
46408,2011-06-25T09:30:00+00:00,5378.904
46408,2011-06-25T09:45:00+00:00,5378.862
46408,2011-06-25T10:00:00+00:00,5378.818
46408,2011-06-25T10:15:00+00:00,5378.775
46408,2011-06-25T10:30:00+00:00,5378.732
46408,2011-06-25T10:45:00+00:00,5378.688
46408,2011-06-25T11:00:00+00:00,5378.646
46408,2011-06-25T11:15:00+00:00,5378.602
46408,2011-06-25T11:30:00+00:00,5378.564
46408,2011-06-25T11:45:00+00:00,5378.527
46408,2011-06-25T12:00:00+00:00,5378.489
46408,2011-06-25T12:15:00+00:00,5378.455
46408,2011-06-25T12:30:00+00:00,5378.426
46408,2011-06-25T12:45:00+00:00,5378.393
46408,2011-06-25T13:00:00+00:00,5378.369
46408,2011-06-25T13:15:00+00:00,5378.346
46408,2011-06-25T13:30:00+00:00,5378.324
46408,2011-06-25T13:45:00+00:00,5378.308
46408,2011-06-25T14:00:00+00:00,5378.294
46408,2011-06-25T14:15:00+00:00,5378.281
46408,2011-06-25T14:30:00+00:00,5378.276
46408,2011-06-25T14:45:00+00:00,5378.273
46408,2011-06-25T15:00:00+00:00,5378.274
46408,2011-06-25T15:15:00+00:00,5378.278
46408,2011-06-25T15:30:00+00:00,5378.289
46408,2011-06-25T15:45:00+00:00,5378.298
46408,2011-06-25T16:00:00+00:00,5378.311
46408,2011-06-25T16:15:00+00:00,5378.325
46408,2011-06-25T16:30:00+00:00,5378.340
46408,2011-06-25T16:45:00+00:00,5378.357
46408,2011-06-25T17:00:00+00:00,5378.374
46408,2011-06-25T17:15:00+00:00,5378.397
46408,2011-06-25T17:30:00+00:00,5378.415
46408,2011-06-25T17:45:00+00:00,5378.434
46408,2011-06-25T18:00:00+00:00,5378.457
46408,2011-06-25T18:15:00+00:00,5378.478
46408,2011-06-25T18:30:00+00:00,5378.496
46408,2011-06-25T18:45:00+00:00,5378.516
46408,2011-06-25T19:00:00+00:00,5378.537
46408,2011-06-25T19:15:00+00:00,5378.555
46408,2011-06-25T19:30:00+00:00,5378.575
46408,2011-06-25T19:45:00+00:00,5378.592
46408,2011-06-25T20:00:00+00:00,5378.605
46408,2011-06-25T20:15:00+00:00,5378.617
46408,2011-06-25T20:30:00+00:00,5378.627
46408,2011-06-25T20:45:00+00:00,5378.636
46408,2011-06-25T21:00:00+00:00,5378.641
46408,2011-06-25T21:15:00+00:00,5378.648
46408,2011-06-25T21:30:00+00:00,5378.650
46408,2011-06-25T21:45:00+00:00,5378.653
46408,2011-06-25T22:00:00+00:00,5378.650
46408,2011-06-25T22:15:00+00:00,5378.648
46408,2011-06-25T22:30:00+00:00,5378.648
46408,2011-06-25T22:45:00+00:00,5378.649
46408,2011-06-25T23:00:00+00:00,5378.653
46408,2011-06-25T23:15:00+00:00,5378.658
46408,2011-06-25T23:30:00+00:00,5378.663
46408,2011-06-25T23:45:00+00:00,5378.670
46408,2011-06-26T00:00:00+00:00,5378.677
46408,2011-06-26T00:15:00+00:00,5378.685
46408,2011-06-26T00:30:00+00:00,5378.695
46408,2011-06-26T00:45:00+00:00,5378.707
46408,2011-06-26T01:00:00+00:00,5378.720
46408,2011-06-26T01:15:00+00:00,5378.736
46408,2011-06-26T01:30:00+00:00,5378.752
46408,2011-06-26T01:45:00+00:00,5378.773
46408,2011-06-26T02:00:00+00:00,5378.791
46408,2011-06-26T02:15:00+00:00,5378.812
46408,2011-06-26T02:30:00+00:00,5378.835
46408,2011-06-26T02:45:00+00:00,5378.862
46408,2011-06-26T03:00:00+00:00,5378.887
46408,2011-06-26T03:15:00+00:00,5378.913
46408,2011-06-26T03:30:00+00:00,5378.940
46408,2011-06-26T03:45:00+00:00,5378.970
46408,2011-06-26T04:00:00+00:00,5378.997
46408,2011-06-26T04:15:00+00:00,5379.026
46408,2011-06-26T04:30:00+00:00,5379.052
46408,2011-06-26T04:45:00+00:00,5379.079
46408,2011-06-26T05:00:00+00:00,5379.106
46408,2011-06-26T05:15:00+00:00,5379.131
46408,2011-06-26T05:30:00+00:00,5379.151
46408,2011-06-26T05:45:00+00:00,5379.169
46408,2011-06-26T06:00:00+00:00,5379.185
46408,2011-06-26T06:15:00+00:00,5379.195
46408,2011-06-26T06:30:00+00:00,5379.204
46408,2011-06-26T06:45:00+00:00,5379.211
46408,2011-06-26T07:00:00+00:00,5379.213
46408,2011-06-26T07:15:00+00:00,5379.212
46408,2011-06-26T07:30:00+00:00,5379.208
46408,2011-06-26T07:45:00+00:00,5379.201
46408,2011-06-26T08:00:00+00:00,5379.191
46408,2011-06-26T08:15:00+00:00,5379.176
46408,2011-06-26T08:30:00+00:00,5379.156
46408,2011-06-26T08:45:00+00:00,5379.130
46408,2011-06-26T09:00:00+00:00,5379.101
46408,2011-06-26T09:15:00+00:00,5379.068
46408,2011-06-26T09:30:00+00:00,5379.030
46408,2011-06-26T09:45:00+00:00,5378.986
46408,2011-06-26T10:00:00+00:00,5378.938
46408,2011-06-26T10:15:00+00:00,5378.890
46408,2011-06-26T10:30:00+00:00,5378.839
46408,2011-06-26T10:45:00+00:00,5378.788
46408,2011-06-26T11:00:00+00:00,5378.734
46408,2011-06-26T11:15:00+00:00,5378.683
46408,2011-06-26T11:30:00+00:00,5378.629
46408,2011-06-26T11:45:00+00:00,5378.578
46408,2011-06-26T12:00:00+00:00,5378.528
46408,2011-06-26T12:15:00+00:00,5378.480
46408,2011-06-26T12:30:00+00:00,5378.437
46408,2011-06-26T12:45:00+00:00,5378.394
46408,2011-06-26T13:00:00+00:00,5378.354
46408,2011-06-26T13:15:00+00:00,5378.316
46408,2011-06-26T13:30:00+00:00,5378.280
46408,2011-06-26T13:45:00+00:00,5378.249
46408,2011-06-26T14:00:00+00:00,5378.222
46408,2011-06-26T14:15:00+00:00,5378.198
46408,2011-06-26T14:30:00+00:00,5378.182
46408,2011-06-26T14:45:00+00:00,5378.170
46408,2011-06-26T15:00:00+00:00,5378.159
46408,2011-06-26T15:15:00+00:00,5378.153
46408,2011-06-26T15:30:00+00:00,5378.152
46408,2011-06-26T15:45:00+00:00,5378.156
46408,2011-06-26T16:00:00+00:00,5378.163
46408,2011-06-26T16:15:00+00:00,5378.172
46408,2011-06-26T16:30:00+00:00,5378.190
46408,2011-06-26T16:45:00+00:00,5378.205
46408,2011-06-26T17:00:00+00:00,5378.224
46408,2011-06-26T17:15:00+00:00,5378.247
46408,2011-06-26T17:30:00+00:00,5378.274
46408,2011-06-26T17:45:00+00:00,5378.302
46408,2011-06-26T18:00:00+00:00,5378.330
46408,2011-06-26T18:15:00+00:00,5378.362
46408,2011-06-26T18:30:00+00:00,5378.392
46408,2011-06-26T18:45:00+00:00,5378.423
46408,2011-06-26T19:00:00+00:00,5378.454
46408,2011-06-26T19:15:00+00:00,5378.484
46408,2011-06-26T19:30:00+00:00,5378.515
46408,2011-06-26T19:45:00+00:00,5378.543
46408,2011-06-26T20:00:00+00:00,5378.570
46408,2011-06-26T20:15:00+00:00,5378.594
46408,2011-06-26T20:30:00+00:00,5378.620
46408,2011-06-26T20:45:00+00:00,5378.641
46408,2011-06-26T21:00:00+00:00,5378.658
46408,2011-06-26T21:15:00+00:00,5378.677
46408,2011-06-26T21:30:00+00:00,5378.692
46408,2011-06-26T21:45:00+00:00,5378.703
46408,2011-06-26T22:00:00+00:00,5378.716
46408,2011-06-26T22:15:00+00:00,5378.724
46408,2011-06-26T22:30:00+00:00,5378.729
46408,2011-06-26T22:45:00+00:00,5378.730
46408,2011-06-26T23:00:00+00:00,5378.735
46408,2011-06-26T23:15:00+00:00,5378.738
46408,2011-06-26T23:30:00+00:00,5378.740
46408,2011-06-26T23:45:00+00:00,5378.747
46408,2011-06-27T00:00:00+00:00,5378.753
46408,2011-06-27T00:15:00+00:00,5378.760
46408,2011-06-27T00:30:00+00:00,5378.764
46408,2011-06-27T00:45:00+00:00,5378.771
46408,2011-06-27T01:00:00+00:00,5378.778
46408,2011-06-27T01:15:00+00:00,5378.789
46408,2011-06-27T01:30:00+00:00,5378.797
46408,2011-06-27T01:45:00+00:00,5378.812
46408,2011-06-27T02:00:00+00:00,5378.826
46408,2011-06-27T02:15:00+00:00,5378.841
46408,2011-06-27T02:30:00+00:00,5378.860
46408,2011-06-27T02:45:00+00:00,5378.879
46408,2011-06-27T03:00:00+00:00,5378.898
46408,2011-06-27T03:15:00+00:00,5378.921
46408,2011-06-27T03:30:00+00:00,5378.946
46408,2011-06-27T03:45:00+00:00,5378.970
46408,2011-06-27T04:00:00+00:00,5378.997
46408,2011-06-27T04:15:00+00:00,5379.024
46408,2011-06-27T04:30:00+00:00,5379.051
46408,2011-06-27T04:45:00+00:00,5379.077
46408,2011-06-27T05:00:00+00:00,5379.105
46408,2011-06-27T05:15:00+00:00,5379.133
46408,2011-06-27T05:30:00+00:00,5379.160
46408,2011-06-27T05:45:00+00:00,5379.187
46408,2011-06-27T06:00:00+00:00,5379.211
46408,2011-06-27T06:15:00+00:00,5379.233
46408,2011-06-27T06:30:00+00:00,5379.250
46408,2011-06-27T06:45:00+00:00,5379.266
46408,2011-06-27T07:00:00+00:00,5379.277
46408,2011-06-27T07:15:00+00:00,5379.286
46408,2011-06-27T07:30:00+00:00,5379.291
46408,2011-06-27T07:45:00+00:00,5379.293
46408,2011-06-27T08:00:00+00:00,5379.290
46408,2011-06-27T08:15:00+00:00,5379.282
46408,2011-06-27T08:30:00+00:00,5379.267
46408,2011-06-27T08:45:00+00:00,5379.250
46408,2011-06-27T09:00:00+00:00,5379.225
46408,2011-06-27T09:15:00+00:00,5379.193
46408,2011-06-27T09:30:00+00:00,5379.156
46408,2011-06-27T09:45:00+00:00,5379.117
46408,2011-06-27T10:00:00+00:00,5379.074
46408,2011-06-27T10:15:00+00:00,5379.027
46408,2011-06-27T10:30:00+00:00,5378.978
46408,2011-06-27T10:45:00+00:00,5378.926
46408,2011-06-27T11:00:00+00:00,5378.869
46408,2011-06-27T11:15:00+00:00,5378.812
46408,2011-06-27T11:30:00+00:00,5378.752
46408,2011-06-27T11:45:00+00:00,5378.692
46408,2011-06-27T12:00:00+00:00,5378.630
46408,2011-06-27T12:15:00+00:00,5378.568
46408,2011-06-27T12:30:00+00:00,5378.510
46408,2011-06-27T12:45:00+00:00,5378.454
46408,2011-06-27T13:00:00+00:00,5378.394
46408,2011-06-27T13:15:00+00:00,5378.344
46408,2011-06-27T13:30:00+00:00,5378.294
46408,2011-06-27T13:45:00+00:00,5378.247
46408,2011-06-27T14:00:00+00:00,5378.201
46408,2011-06-27T14:15:00+00:00,5378.160
46408,2011-06-27T14:30:00+00:00,5378.125
46408,2011-06-27T14:45:00+00:00,5378.096
46408,2011-06-27T15:00:00+00:00,5378.070
46408,2011-06-27T15:15:00+00:00,5378.051
46408,2011-06-27T15:30:00+00:00,5378.038
46408,2011-06-27T15:45:00+00:00,5378.034
46408,2011-06-27T16:00:00+00:00,5378.033
46408,2011-06-27T16:15:00+00:00,5378.037
46408,2011-06-27T16:30:00+00:00,5378.045
46408,2011-06-27T16:45:00+00:00,5378.057
46408,2011-06-27T17:00:00+00:00,5378.076
46408,2011-06-27T17:15:00+00:00,5378.098
46408,2011-06-27T17:30:00+00:00,5378.121
46408,2011-06-27T17:45:00+00:00,5378.149
46408,2011-06-27T18:00:00+00:00,5378.181
46408,2011-06-27T18:15:00+00:00,5378.216
46408,2011-06-27T18:30:00+00:00,5378.252
46408,2011-06-27T18:45:00+00:00,5378.288
46408,2011-06-27T19:00:00+00:00,5378.329
46408,2011-06-27T19:15:00+00:00,5378.371
46408,2011-06-27T19:30:00+00:00,5378.413
46408,2011-06-27T19:45:00+00:00,5378.455
46408,2011-06-27T20:00:00+00:00,5378.494
46408,2011-06-27T20:15:00+00:00,5378.530
46408,2011-06-27T20:30:00+00:00,5378.565
46408,2011-06-27T20:45:00+00:00,5378.596
46408,2011-06-27T21:00:00+00:00,5378.629
46408,2011-06-27T21:15:00+00:00,5378.657
46408,2011-06-27T21:30:00+00:00,5378.683
46408,2011-06-27T21:45:00+00:00,5378.710
46408,2011-06-27T22:00:00+00:00,5378.734
46408,2011-06-27T22:15:00+00:00,5378.753
46408,2011-06-27T22:30:00+00:00,5378.767
46408,2011-06-27T22:45:00+00:00,5378.779
46408,2011-06-27T23:00:00+00:00,5378.790
46408,2011-06-27T23:15:00+00:00,5378.799
46408,2011-06-27T23:30:00+00:00,5378.804
46408,2011-06-27T23:45:00+00:00,5378.810
46408,2011-06-28T00:00:00+00:00,5378.815
46408,2011-06-28T00:15:00+00:00,5378.821
46408,2011-06-28T00:30:00+00:00,5378.825
46408,2011-06-28T00:45:00+00:00,5378.827
46408,2011-06-28T01:00:00+00:00,5378.832
46408,2011-06-28T01:15:00+00:00,5378.838
46408,2011-06-28T01:30:00+00:00,5378.842
46408,2011-06-28T01:45:00+00:00,5378.853
46408,2011-06-28T02:00:00+00:00,5378.861
46408,2011-06-28T02:15:00+00:00,5378.871
46408,2011-06-28T02:30:00+00:00,5378.883
46408,2011-06-28T02:45:00+00:00,5378.898
46408,2011-06-28T03:00:00+00:00,5378.918
46408,2011-06-28T03:15:00+00:00,5378.935
46408,2011-06-28T03:30:00+00:00,5378.955
46408,2011-06-28T03:45:00+00:00,5378.975
46408,2011-06-28T04:00:00+00:00,5379.001
46408,2011-06-28T04:15:00+00:00,5379.028
46408,2011-06-28T04:30:00+00:00,5379.054
46408,2011-06-28T04:45:00+00:00,5379.084
46408,2011-06-28T05:00:00+00:00,5379.116
46408,2011-06-28T05:15:00+00:00,5379.145
46408,2011-06-28T05:30:00+00:00,5379.178
46408,2011-06-28T05:45:00+00:00,5379.206
46408,2011-06-28T06:00:00+00:00,5379.235
46408,2011-06-28T06:15:00+00:00,5379.262
46408,2011-06-28T06:30:00+00:00,5379.289
46408,2011-06-28T06:45:00+00:00,5379.312
46408,2011-06-28T07:00:00+00:00,5379.331
46408,2011-06-28T07:15:00+00:00,5379.348
46408,2011-06-28T07:30:00+00:00,5379.364
46408,2011-06-28T07:45:00+00:00,5379.374
46408,2011-06-28T08:00:00+00:00,5379.381
46408,2011-06-28T08:15:00+00:00,5379.384
46408,2011-06-28T08:30:00+00:00,5379.378
46408,2011-06-28T08:45:00+00:00,5379.370
46408,2011-06-28T09:00:00+00:00,5379.355
46408,2011-06-28T09:15:00+00:00,5379.333
46408,2011-06-28T09:30:00+00:00,5379.306
46408,2011-06-28T09:45:00+00:00,5379.276
46408,2011-06-28T10:00:00+00:00,5379.240
46408,2011-06-28T10:15:00+00:00,5379.197
46408,2011-06-28T10:30:00+00:00,5379.152
46408,2011-06-28T10:45:00+00:00,5379.103
46408,2011-06-28T11:00:00+00:00,5379.047
46408,2011-06-28T11:15:00+00:00,5378.988
46408,2011-06-28T11:30:00+00:00,5378.922
46408,2011-06-28T11:45:00+00:00,5378.856
46408,2011-06-28T12:00:00+00:00,5378.786
46408,2011-06-28T12:15:00+00:00,5378.716
46408,2011-06-28T12:30:00+00:00,5378.646
46408,2011-06-28T12:45:00+00:00,5378.574
46408,2011-06-28T13:00:00+00:00,5378.506
46408,2011-06-28T13:15:00+00:00,5378.439
46408,2011-06-28T13:30:00+00:00,5378.374
46408,2011-06-28T13:45:00+00:00,5378.314
46408,2011-06-28T14:00:00+00:00,5378.257
46408,2011-06-28T14:15:00+00:00,5378.201
46408,2011-06-28T14:30:00+00:00,5378.150
46408,2011-06-28T14:45:00+00:00,5378.103
46408,2011-06-28T15:00:00+00:00,5378.060
46408,2011-06-28T15:15:00+00:00,5378.025
46408,2011-06-28T15:30:00+00:00,5377.996
46408,2011-06-28T15:45:00+00:00,5377.974
46408,2011-06-28T16:00:00+00:00,5377.958
46408,2011-06-28T16:15:00+00:00,5377.947
46408,2011-06-28T16:30:00+00:00,5377.944
46408,2011-06-28T16:45:00+00:00,5377.947
46408,2011-06-28T17:00:00+00:00,5377.954
46408,2011-06-28T17:15:00+00:00,5377.968
46408,2011-06-28T17:30:00+00:00,5377.987
46408,2011-06-28T17:45:00+00:00,5378.011
46408,2011-06-28T18:00:00+00:00,5378.042
46408,2011-06-28T18:15:00+00:00,5378.076
46408,2011-06-28T18:30:00+00:00,5378.109
46408,2011-06-28T18:45:00+00:00,5378.153
46408,2011-06-28T19:00:00+00:00,5378.197
46408,2011-06-28T19:15:00+00:00,5378.245
46408,2011-06-28T19:30:00+00:00,5378.290
46408,2011-06-28T19:45:00+00:00,5378.337
46408,2011-06-28T20:00:00+00:00,5378.385
46408,2011-06-28T20:15:00+00:00,5378.432
46408,2011-06-28T20:30:00+00:00,5378.476
46408,2011-06-28T20:45:00+00:00,5378.520
46408,2011-06-28T21:00:00+00:00,5378.561
46408,2011-06-28T21:15:00+00:00,5378.601
46408,2011-06-28T21:30:00+00:00,5378.640
46408,2011-06-28T21:45:00+00:00,5378.673
46408,2011-06-28T22:00:00+00:00,5378.708
46408,2011-06-28T22:15:00+00:00,5378.735
46408,2011-06-28T22:30:00+00:00,5378.764
46408,2011-06-28T22:45:00+00:00,5378.786
46408,2011-06-28T23:00:00+00:00,5378.806
46408,2011-06-28T23:15:00+00:00,5378.820
46408,2011-06-28T23:30:00+00:00,5378.834
46408,2011-06-28T23:45:00+00:00,5378.847
46408,2011-06-29T00:00:00+00:00,5378.857
46408,2011-06-29T00:15:00+00:00,5378.863
46408,2011-06-29T00:30:00+00:00,5378.866
46408,2011-06-29T00:45:00+00:00,5378.868
46408,2011-06-29T01:00:00+00:00,5378.869
46408,2011-06-29T01:15:00+00:00,5378.871
46408,2011-06-29T01:30:00+00:00,5378.872
46408,2011-06-29T01:45:00+00:00,5378.875
46408,2011-06-29T02:00:00+00:00,5378.879
46408,2011-06-29T02:15:00+00:00,5378.883
46408,2011-06-29T02:30:00+00:00,5378.889
46408,2011-06-29T02:45:00+00:00,5378.899
46408,2011-06-29T03:00:00+00:00,5378.911
46408,2011-06-29T03:15:00+00:00,5378.926
46408,2011-06-29T03:30:00+00:00,5378.945
46408,2011-06-29T03:45:00+00:00,5378.961
46408,2011-06-29T04:00:00+00:00,5378.980
46408,2011-06-29T04:15:00+00:00,5379.002
46408,2011-06-29T04:30:00+00:00,5379.029
46408,2011-06-29T04:45:00+00:00,5379.054
46408,2011-06-29T05:00:00+00:00,5379.082
46408,2011-06-29T05:15:00+00:00,5379.114
46408,2011-06-29T05:30:00+00:00,5379.148
46408,2011-06-29T05:45:00+00:00,5379.179
46408,2011-06-29T06:00:00+00:00,5379.213
46408,2011-06-29T06:15:00+00:00,5379.246
46408,2011-06-29T06:30:00+00:00,5379.277
46408,2011-06-29T06:45:00+00:00,5379.306
46408,2011-06-29T07:00:00+00:00,5379.333
46408,2011-06-29T07:15:00+00:00,5379.360
46408,2011-06-29T07:30:00+00:00,5379.385
46408,2011-06-29T07:45:00+00:00,5379.408
46408,2011-06-29T08:00:00+00:00,5379.427
46408,2011-06-29T08:15:00+00:00,5379.441
46408,2011-06-29T08:30:00+00:00,5379.453
46408,2011-06-29T08:45:00+00:00,5379.458
46408,2011-06-29T09:00:00+00:00,5379.456
46408,2011-06-29T09:15:00+00:00,5379.447
46408,2011-06-29T09:30:00+00:00,5379.431
46408,2011-06-29T09:45:00+00:00,5379.409
46408,2011-06-29T10:00:00+00:00,5379.383
46408,2011-06-29T10:15:00+00:00,5379.351
46408,2011-06-29T10:30:00+00:00,5379.312
46408,2011-06-29T10:45:00+00:00,5379.268
46408,2011-06-29T11:00:00+00:00,5379.220
46408,2011-06-29T11:15:00+00:00,5379.166
46408,2011-06-29T11:30:00+00:00,5379.105
46408,2011-06-29T11:45:00+00:00,5379.041
46408,2011-06-29T12:00:00+00:00,5378.972
46408,2011-06-29T12:15:00+00:00,5378.899
46408,2011-06-29T12:30:00+00:00,5378.824
46408,2011-06-29T12:45:00+00:00,5378.750
46408,2011-06-29T13:00:00+00:00,5378.674
46408,2011-06-29T13:15:00+00:00,5378.599
46408,2011-06-29T13:30:00+00:00,5378.521
46408,2011-06-29T13:45:00+00:00,5378.446
46408,2011-06-29T14:00:00+00:00,5378.369
46408,2011-06-29T14:15:00+00:00,5378.297
46408,2011-06-29T14:30:00+00:00,5378.228
46408,2011-06-29T14:45:00+00:00,5378.163
46408,2011-06-29T15:00:00+00:00,5378.102
46408,2011-06-29T15:15:00+00:00,5378.049
46408,2011-06-29T15:30:00+00:00,5378.005
46408,2011-06-29T15:45:00+00:00,5377.965
46408,2011-06-29T16:00:00+00:00,5377.931
46408,2011-06-29T16:15:00+00:00,5377.905
46408,2011-06-29T16:30:00+00:00,5377.885
46408,2011-06-29T16:45:00+00:00,5377.871
46408,2011-06-29T17:00:00+00:00,5377.865
46408,2011-06-29T17:15:00+00:00,5377.865
46408,2011-06-29T17:30:00+00:00,5377.872
46408,2011-06-29T17:45:00+00:00,5377.887
46408,2011-06-29T18:00:00+00:00,5377.908
46408,2011-06-29T18:15:00+00:00,5377.933
46408,2011-06-29T18:30:00+00:00,5377.965
46408,2011-06-29T18:45:00+00:00,5378.001
46408,2011-06-29T19:00:00+00:00,5378.043
46408,2011-06-29T19:15:00+00:00,5378.087
46408,2011-06-29T19:30:00+00:00,5378.137
46408,2011-06-29T19:45:00+00:00,5378.187
46408,2011-06-29T20:00:00+00:00,5378.240
46408,2011-06-29T20:15:00+00:00,5378.294
46408,2011-06-29T20:30:00+00:00,5378.345
46408,2011-06-29T20:45:00+00:00,5378.395
46408,2011-06-29T21:00:00+00:00,5378.447
46408,2011-06-29T21:15:00+00:00,5378.495
46408,2011-06-29T21:30:00+00:00,5378.545
46408,2011-06-29T21:45:00+00:00,5378.591
46408,2011-06-29T22:00:00+00:00,5378.634
46408,2011-06-29T22:15:00+00:00,5378.674
46408,2011-06-29T22:30:00+00:00,5378.709
46408,2011-06-29T22:45:00+00:00,5378.742
46408,2011-06-29T23:00:00+00:00,5378.770
46408,2011-06-29T23:15:00+00:00,5378.797
46408,2011-06-29T23:30:00+00:00,5378.819
46408,2011-06-29T23:45:00+00:00,5378.840
46408,2011-06-30T00:00:00+00:00,5378.857
46408,2011-06-30T00:15:00+00:00,5378.865
46408,2011-06-30T00:30:00+00:00,5378.873
46408,2011-06-30T00:45:00+00:00,5378.880
46408,2011-06-30T01:00:00+00:00,5378.884
46408,2011-06-30T01:15:00+00:00,5378.889
46408,2011-06-30T01:30:00+00:00,5378.889
46408,2011-06-30T01:45:00+00:00,5378.892
46408,2011-06-30T02:00:00+00:00,5378.891
46408,2011-06-30T02:15:00+00:00,5378.894
46408,2011-06-30T02:30:00+00:00,5378.894
46408,2011-06-30T02:45:00+00:00,5378.897
46408,2011-06-30T03:00:00+00:00,5378.902
46408,2011-06-30T03:15:00+00:00,5378.909
46408,2011-06-30T03:30:00+00:00,5378.916
46408,2011-06-30T03:45:00+00:00,5378.925
46408,2011-06-30T04:00:00+00:00,5378.935
46408,2011-06-30T04:15:00+00:00,5378.952
46408,2011-06-30T04:30:00+00:00,5378.967
46408,2011-06-30T04:45:00+00:00,5378.989
46408,2011-06-30T05:00:00+00:00,5379.012
46408,2011-06-30T05:15:00+00:00,5379.037
46408,2011-06-30T05:30:00+00:00,5379.068
46408,2011-06-30T05:45:00+00:00,5379.098
46408,2011-06-30T06:00:00+00:00,5379.130
46408,2011-06-30T06:15:00+00:00,5379.165
46408,2011-06-30T06:30:00+00:00,5379.203
46408,2011-06-30T06:45:00+00:00,5379.240
46408,2011-06-30T07:00:00+00:00,5379.278
46408,2011-06-30T07:15:00+00:00,5379.313
46408,2011-06-30T07:30:00+00:00,5379.350
46408,2011-06-30T07:45:00+00:00,5379.384
46408,2011-06-30T08:00:00+00:00,5379.418
46408,2011-06-30T08:15:00+00:00,5379.444
46408,2011-06-30T08:30:00+00:00,5379.469
46408,2011-06-30T08:45:00+00:00,5379.488
46408,2011-06-30T09:00:00+00:00,5379.499
46408,2011-06-30T09:15:00+00:00,5379.503
46408,2011-06-30T09:30:00+00:00,5379.504
46408,2011-06-30T09:45:00+00:00,5379.498
46408,2011-06-30T10:00:00+00:00,5379.484
46408,2011-06-30T10:15:00+00:00,5379.466
46408,2011-06-30T10:30:00+00:00,5379.442
46408,2011-06-30T10:45:00+00:00,5379.412
46408,2011-06-30T11:00:00+00:00,5379.375
46408,2011-06-30T11:15:00+00:00,5379.330
46408,2011-06-30T11:30:00+00:00,5379.280
46408,2011-06-30T11:45:00+00:00,5379.222
46408,2011-06-30T12:00:00+00:00,5379.159
46408,2011-06-30T12:15:00+00:00,5379.094
46408,2011-06-30T12:30:00+00:00,5379.022
46408,2011-06-30T12:45:00+00:00,5378.948
46408,2011-06-30T13:00:00+00:00,5378.870
46408,2011-06-30T13:15:00+00:00,5378.789
46408,2011-06-30T13:30:00+00:00,5378.706
46408,2011-06-30T13:45:00+00:00,5378.622
46408,2011-06-30T14:00:00+00:00,5378.539
46408,2011-06-30T14:15:00+00:00,5378.457
46408,2011-06-30T14:30:00+00:00,5378.377
46408,2011-06-30T14:45:00+00:00,5378.299
46408,2011-06-30T15:00:00+00:00,5378.223
46408,2011-06-30T15:15:00+00:00,5378.152
46408,2011-06-30T15:30:00+00:00,5378.088
46408,2011-06-30T15:45:00+00:00,5378.029
46408,2011-06-30T16:00:00+00:00,5377.974
46408,2011-06-30T16:15:00+00:00,5377.926
46408,2011-06-30T16:30:00+00:00,5377.886
46408,2011-06-30T16:45:00+00:00,5377.854
46408,2011-06-30T17:00:00+00:00,5377.828
46408,2011-06-30T17:15:00+00:00,5377.811
46408,2011-06-30T17:30:00+00:00,5377.800
46408,2011-06-30T17:45:00+00:00,5377.799
46408,2011-06-30T18:00:00+00:00,5377.805
46408,2011-06-30T18:15:00+00:00,5377.818
46408,2011-06-30T18:30:00+00:00,5377.837
46408,2011-06-30T18:45:00+00:00,5377.867
46408,2011-06-30T19:00:00+00:00,5377.900
46408,2011-06-30T19:15:00+00:00,5377.939
46408,2011-06-30T19:30:00+00:00,5377.984
46408,2011-06-30T19:45:00+00:00,5378.033
46408,2011-06-30T20:00:00+00:00,5378.083
46408,2011-06-30T20:15:00+00:00,5378.138
46408,2011-06-30T20:30:00+00:00,5378.193
46408,2011-06-30T20:45:00+00:00,5378.248
46408,2011-06-30T21:00:00+00:00,5378.305
46408,2011-06-30T21:15:00+00:00,5378.361
46408,2011-06-30T21:30:00+00:00,5378.416
46408,2011-06-30T21:45:00+00:00,5378.468
46408,2011-06-30T22:00:00+00:00,5378.519
46408,2011-06-30T22:15:00+00:00,5378.567
46408,2011-06-30T22:30:00+00:00,5378.611
46408,2011-06-30T22:45:00+00:00,5378.657
46408,2011-06-30T23:00:00+00:00,5378.695
46408,2011-06-30T23:15:00+00:00,5378.731
46408,2011-06-30T23:30:00+00:00,5378.762
46408,2011-06-30T23:45:00+00:00,5378.789
