station_id,timestamp_utc,height_m
21413,2011-06-01T00:00:00+00:00,5824.503
21413,2011-06-01T00:15:00+00:00,5824.499
21413,2011-06-01T00:30:00+00:00,5824.500
21413,2011-06-01T00:45:00+00:00,5824.504
21413,2011-06-01T01:00:00+00:00,5824.512
21413,2011-06-01T01:15:00+00:00,5824.522
21413,2011-06-01T01:30:00+00:00,5824.538
21413,2011-06-01T01:45:00+00:00,5824.556
21413,2011-06-01T02:00:00+00:00,5824.574
21413,2011-06-01T02:15:00+00:00,5824.597
21413,2011-06-01T02:30:00+00:00,5824.621
21413,2011-06-01T02:45:00+00:00,5824.643
21413,2011-06-01T03:00:00+00:00,5824.672
21413,2011-06-01T03:15:00+00:00,5824.698
21413,2011-06-01T03:30:00+00:00,5824.726
21413,2011-06-01T03:45:00+00:00,5824.754
21413,2011-06-01T04:00:00+00:00,5824.784
21413,2011-06-01T04:15:00+00:00,5824.814
21413,2011-06-01T04:30:00+00:00,5824.842
21413,2011-06-01T04:45:00+00:00,5824.870
21413,2011-06-01T05:00:00+00:00,5824.895
21413,2011-06-01T05:15:00+00:00,5824.918
21413,2011-06-01T05:30:00+00:00,5824.939
21413,2011-06-01T05:45:00+00:00,5824.959
21413,2011-06-01T06:00:00+00:00,5824.978
21413,2011-06-01T06:15:00+00:00,5824.993
21413,2011-06-01T06:30:00+00:00,5825.006
21413,2011-06-01T06:45:00+00:00,5825.017
21413,2011-06-01T07:00:00+00:00,5825.027
21413,2011-06-01T07:15:00+00:00,5825.036
21413,2011-06-01T07:30:00+00:00,5825.040
21413,2011-06-01T07:45:00+00:00,5825.042
21413,2011-06-01T08:00:00+00:00,5825.044
21413,2011-06-01T08:15:00+00:00,5825.044
21413,2011-06-01T08:30:00+00:00,5825.045
21413,2011-06-01T08:45:00+00:00,5825.043
21413,2011-06-01T09:00:00+00:00,5825.039
21413,2011-06-01T09:15:00+00:00,5825.037
21413,2011-06-01T09:30:00+00:00,5825.032
21413,2011-06-01T09:45:00+00:00,5825.024
21413,2011-06-01T10:00:00+00:00,5825.021
21413,2011-06-01T10:15:00+00:00,5825.017
21413,2011-06-01T10:30:00+00:00,5825.014
21413,2011-06-01T10:45:00+00:00,5825.010
21413,2011-06-01T11:00:00+00:00,5825.008
21413,2011-06-01T11:15:00+00:00,5825.003
21413,2011-06-01T11:30:00+00:00,5825.004
21413,2011-06-01T11:45:00+00:00,5825.005
21413,2011-06-01T12:00:00+00:00,5825.007
21413,2011-06-01T12:15:00+00:00,5825.010
21413,2011-06-01T12:30:00+00:00,5825.014
21413,2011-06-01T12:45:00+00:00,5825.018
21413,2011-06-01T13:00:00+00:00,5825.024
21413,2011-06-01T13:15:00+00:00,5825.033
21413,2011-06-01T13:30:00+00:00,5825.044
21413,2011-06-01T13:45:00+00:00,5825.054
21413,2011-06-01T14:00:00+00:00,5825.065
21413,2011-06-01T14:15:00+00:00,5825.075
21413,2011-06-01T14:30:00+00:00,5825.087
21413,2011-06-01T14:45:00+00:00,5825.098
21413,2011-06-01T15:00:00+00:00,5825.107
21413,2011-06-01T15:15:00+00:00,5825.119
21413,2011-06-01T15:30:00+00:00,5825.130
21413,2011-06-01T15:45:00+00:00,5825.140
21413,2011-06-01T16:00:00+00:00,5825.149
21413,2011-06-01T16:15:00+00:00,5825.155
21413,2011-06-01T16:30:00+00:00,5825.160
21413,2011-06-01T16:45:00+00:00,5825.162
21413,2011-06-01T17:00:00+00:00,5825.167
21413,2011-06-01T17:15:00+00:00,5825.165
21413,2011-06-01T17:30:00+00:00,5825.163
21413,2011-06-01T17:45:00+00:00,5825.160
21413,2011-06-01T18:00:00+00:00,5825.151
21413,2011-06-01T18:15:00+00:00,5825.141
21413,2011-06-01T18:30:00+00:00,5825.128
21413,2011-06-01T18:45:00+00:00,5825.112
21413,2011-06-01T19:00:00+00:00,5825.092
21413,2011-06-01T19:15:00+00:00,5825.070
21413,2011-06-01T19:30:00+00:00,5825.045
21413,2011-06-01T19:45:00+00:00,5825.020
21413,2011-06-01T20:00:00+00:00,5824.994
21413,2011-06-01T20:15:00+00:00,5824.963
21413,2011-06-01T20:30:00+00:00,5824.933
21413,2011-06-01T20:45:00+00:00,5824.900
21413,2011-06-01T21:00:00+00:00,5824.866
21413,2011-06-01T21:15:00+00:00,5824.832
21413,2011-06-01T21:30:00+00:00,5824.796
21413,2011-06-01T21:45:00+00:00,5824.759
21413,2011-06-01T22:00:00+00:00,5824.724
21413,2011-06-01T22:15:00+00:00,5824.689
21413,2011-06-01T22:30:00+00:00,5824.656
21413,2011-06-01T22:45:00+00:00,5824.630
21413,2011-06-01T23:00:00+00:00,5824.599
21413,2011-06-01T23:15:00+00:00,5824.576
21413,2011-06-01T23:30:00+00:00,5824.554
21413,2011-06-01T23:45:00+00:00,5824.536
21413,2011-06-02T00:00:00+00:00,5824.523
21413,2011-06-02T00:15:00+00:00,5824.510
21413,2011-06-02T00:30:00+00:00,5824.503
21413,2011-06-02T00:45:00+00:00,5824.501
21413,2011-06-02T01:00:00+00:00,5824.501
21413,2011-06-02T01:15:00+00:00,5824.504
21413,2011-06-02T01:30:00+00:00,5824.510
21413,2011-06-02T01:45:00+00:00,5824.520
21413,2011-06-02T02:00:00+00:00,5824.533
21413,2011-06-02T02:15:00+00:00,5824.551
21413,2011-06-02T02:30:00+00:00,5824.573
21413,2011-06-02T02:45:00+00:00,5824.596
21413,2011-06-02T03:00:00+00:00,5824.620
21413,2011-06-02T03:15:00+00:00,5824.648
21413,2011-06-02T03:30:00+00:00,5824.677
21413,2011-06-02T03:45:00+00:00,5824.705
21413,2011-06-02T04:00:00+00:00,5824.733
21413,2011-06-02T04:15:00+00:00,5824.763
21413,2011-06-02T04:30:00+00:00,5824.794
21413,2011-06-02T04:45:00+00:00,5824.824
21413,2011-06-02T05:00:00+00:00,5824.853
21413,2011-06-02T05:15:00+00:00,5824.883
21413,2011-06-02T05:30:00+00:00,5824.910
21413,2011-06-02T05:45:00+00:00,5824.934
21413,2011-06-02T06:00:00+00:00,5824.960
21413,2011-06-02T06:15:00+00:00,5824.981
21413,2011-06-02T06:30:00+00:00,5825.000
21413,2011-06-02T06:45:00+00:00,5825.017
21413,2011-06-02T07:00:00+00:00,5825.033
21413,2011-06-02T07:15:00+00:00,5825.046
21413,2011-06-02T07:30:00+00:00,5825.058
21413,2011-06-02T07:45:00+00:00,5825.066
21413,2011-06-02T08:00:00+00:00,5825.072
21413,2011-06-02T08:15:00+00:00,5825.076
21413,2011-06-02T08:30:00+00:00,5825.077
21413,2011-06-02T08:45:00+00:00,5825.078
21413,2011-06-02T09:00:00+00:00,5825.078
21413,2011-06-02T09:15:00+00:00,5825.075
21413,2011-06-02T09:30:00+00:00,5825.072
21413,2011-06-02T09:45:00+00:00,5825.066
21413,2011-06-02T10:00:00+00:00,5825.062
21413,2011-06-02T10:15:00+00:00,5825.058
21413,2011-06-02T10:30:00+00:00,5825.055
21413,2011-06-02T10:45:00+00:00,5825.051
21413,2011-06-02T11:00:00+00:00,5825.045
21413,2011-06-02T11:15:00+00:00,5825.042
21413,2011-06-02T11:30:00+00:00,5825.037
21413,2011-06-02T11:45:00+00:00,5825.034
21413,2011-06-02T12:00:00+00:00,5825.034
21413,2011-06-02T12:15:00+00:00,5825.033
21413,2011-06-02T12:30:00+00:00,5825.032
21413,2011-06-02T12:45:00+00:00,5825.033
21413,2011-06-02T13:00:00+00:00,5825.035
21413,2011-06-02T13:15:00+00:00,5825.042
21413,2011-06-02T13:30:00+00:00,5825.046
21413,2011-06-02T13:45:00+00:00,5825.055
21413,2011-06-02T14:00:00+00:00,5825.064
21413,2011-06-02T14:15:00+00:00,5825.073
21413,2011-06-02T14:30:00+00:00,5825.085
21413,2011-06-02T14:45:00+00:00,5825.096
21413,2011-06-02T15:00:00+00:00,5825.107
21413,2011-06-02T15:15:00+00:00,5825.118
21413,2011-06-02T15:30:00+00:00,5825.130
21413,2011-06-02T15:45:00+00:00,5825.142
21413,2011-06-02T16:00:00+00:00,5825.154
21413,2011-06-02T16:15:00+00:00,5825.162
21413,2011-06-02T16:30:00+00:00,5825.172
21413,2011-06-02T16:45:00+00:00,5825.180
21413,2011-06-02T17:00:00+00:00,5825.188
21413,2011-06-02T17:15:00+00:00,5825.194
21413,2011-06-02T17:30:00+00:00,5825.194
21413,2011-06-02T17:45:00+00:00,5825.195
21413,2011-06-02T18:00:00+00:00,5825.193
21413,2011-06-02T18:15:00+00:00,5825.188
21413,2011-06-02T18:30:00+00:00,5825.182
21413,2011-06-02T18:45:00+00:00,5825.170
21413,2011-06-02T19:00:00+00:00,5825.155
21413,2011-06-02T19:15:00+00:00,5825.140
21413,2011-06-02T19:30:00+00:00,5825.119
21413,2011-06-02T19:45:00+00:00,5825.100
21413,2011-06-02T20:00:00+00:00,5825.075
21413,2011-06-02T20:15:00+00:00,5825.050
21413,2011-06-02T20:30:00+00:00,5825.022
21413,2011-06-02T20:45:00+00:00,5824.989
21413,2011-06-02T21:00:00+00:00,5824.956
21413,2011-06-02T21:15:00+00:00,5824.920
21413,2011-06-02T21:30:00+00:00,5824.884
21413,2011-06-02T21:45:00+00:00,5824.847
21413,2011-06-02T22:00:00+00:00,5824.812
21413,2011-06-02T22:15:00+00:00,5824.775
21413,2011-06-02T22:30:00+00:00,5824.736
21413,2011-06-02T22:45:00+00:00,5824.700
21413,2011-06-02T23:00:00+00:00,5824.667
21413,2011-06-02T23:15:00+00:00,5824.634
21413,2011-06-02T23:30:00+00:00,5824.604
21413,2011-06-02T23:45:00+00:00,5824.575
21413,2011-06-03T00:00:00+00:00,5824.551
21413,2011-06-03T00:15:00+00:00,5824.530
21413,2011-06-03T00:30:00+00:00,5824.508
21413,2011-06-03T00:45:00+00:00,5824.498
21413,2011-06-03T01:00:00+00:00,5824.488
21413,2011-06-03T01:15:00+00:00,5824.484
21413,2011-06-03T01:30:00+00:00,5824.484
21413,2011-06-03T01:45:00+00:00,5824.488
21413,2011-06-03T02:00:00+00:00,5824.496
21413,2011-06-03T02:15:00+00:00,5824.505
21413,2011-06-03T02:30:00+00:00,5824.519
21413,2011-06-03T02:45:00+00:00,5824.539
21413,2011-06-03T03:00:00+00:00,5824.559
21413,2011-06-03T03:15:00+00:00,5824.584
21413,2011-06-03T03:30:00+00:00,5824.609
21413,2011-06-03T03:45:00+00:00,5824.634
21413,2011-06-03T04:00:00+00:00,5824.660
21413,2011-06-03T04:15:00+00:00,5824.689
21413,2011-06-03T04:30:00+00:00,5824.721
21413,2011-06-03T04:45:00+00:00,5824.751
21413,2011-06-03T05:00:00+00:00,5824.782
21413,2011-06-03T05:15:00+00:00,5824.814
21413,2011-06-03T05:30:00+00:00,5824.843
21413,2011-06-03T05:45:00+00:00,5824.874
21413,2011-06-03T06:00:00+00:00,5824.904
21413,2011-06-03T06:15:00+00:00,5824.930
21413,2011-06-03T06:30:00+00:00,5824.952
21413,2011-06-03T06:45:00+00:00,5824.975
21413,2011-06-03T07:00:00+00:00,5824.997
21413,2011-06-03T07:15:00+00:00,5825.016
21413,2011-06-03T07:30:00+00:00,5825.032
21413,2011-06-03T07:45:00+00:00,5825.045
21413,2011-06-03T08:00:00+00:00,5825.058
21413,2011-06-03T08:15:00+00:00,5825.068
21413,2011-06-03T08:30:00+00:00,5825.077
21413,2011-06-03T08:45:00+00:00,5825.081
21413,2011-06-03T09:00:00+00:00,5825.083
21413,2011-06-03T09:15:00+00:00,5825.082
21413,2011-06-03T09:30:00+00:00,5825.082
21413,2011-06-03T09:45:00+00:00,5825.083
21413,2011-06-03T10:00:00+00:00,5825.080
21413,2011-06-03T10:15:00+00:00,5825.076
21413,2011-06-03T10:30:00+00:00,5825.074
21413,2011-06-03T10:45:00+00:00,5825.067
21413,2011-06-03T11:00:00+00:00,5825.064
21413,2011-06-03T11:15:00+00:00,5825.061
21413,2011-06-03T11:30:00+00:00,5825.055
21413,2011-06-03T11:45:00+00:00,5825.050
21413,2011-06-03T12:00:00+00:00,5825.046
21413,2011-06-03T12:15:00+00:00,5825.044
21413,2011-06-03T12:30:00+00:00,5825.041
21413,2011-06-03T12:45:00+00:00,5825.038
21413,2011-06-03T13:00:00+00:00,5825.038
21413,2011-06-03T13:15:00+00:00,5825.040
21413,2011-06-03T13:30:00+00:00,5825.044
21413,2011-06-03T13:45:00+00:00,5825.050
21413,2011-06-03T14:00:00+00:00,5825.055
21413,2011-06-03T14:15:00+00:00,5825.062
21413,2011-06-03T14:30:00+00:00,5825.069
21413,2011-06-03T14:45:00+00:00,5825.079
21413,2011-06-03T15:00:00+00:00,5825.088
21413,2011-06-03T15:15:00+00:00,5825.101
21413,2011-06-03T15:30:00+00:00,5825.114
21413,2011-06-03T15:45:00+00:00,5825.125
21413,2011-06-03T16:00:00+00:00,5825.138
21413,2011-06-03T16:15:00+00:00,5825.147
21413,2011-06-03T16:30:00+00:00,5825.160
21413,2011-06-03T16:45:00+00:00,5825.171
21413,2011-06-03T17:00:00+00:00,5825.183
21413,2011-06-03T17:15:00+00:00,5825.191
21413,2011-06-03T17:30:00+00:00,5825.199
21413,2011-06-03T17:45:00+00:00,5825.208
21413,2011-06-03T18:00:00+00:00,5825.211
21413,2011-06-03T18:15:00+00:00,5825.212
21413,2011-06-03T18:30:00+00:00,5825.211
21413,2011-06-03T18:45:00+00:00,5825.207
21413,2011-06-03T19:00:00+00:00,5825.200
21413,2011-06-03T19:15:00+00:00,5825.189
21413,2011-06-03T19:30:00+00:00,5825.175
21413,2011-06-03T19:45:00+00:00,5825.161
21413,2011-06-03T20:00:00+00:00,5825.141
21413,2011-06-03T20:15:00+00:00,5825.121
21413,2011-06-03T20:30:00+00:00,5825.099
21413,2011-06-03T20:45:00+00:00,5825.074
21413,2011-06-03T21:00:00+00:00,5825.044
21413,2011-06-03T21:15:00+00:00,5825.011
21413,2011-06-03T21:30:00+00:00,5824.978
21413,2011-06-03T21:45:00+00:00,5824.943
21413,2011-06-03T22:00:00+00:00,5824.906
21413,2011-06-03T22:15:00+00:00,5824.871
21413,2011-06-03T22:30:00+00:00,5824.830
21413,2011-06-03T22:45:00+00:00,5824.792
21413,2011-06-03T23:00:00+00:00,5824.756
21413,2011-06-03T23:15:00+00:00,5824.721
21413,2011-06-03T23:30:00+00:00,5824.687
21413,2011-06-03T23:45:00+00:00,5824.656
21413,2011-06-04T00:00:00+00:00,5824.625
21413,2011-06-04T00:15:00+00:00,5824.597
21413,2011-06-04T00:30:00+00:00,5824.572
21413,2011-06-04T00:45:00+00:00,5824.550
21413,2011-06-04T01:00:00+00:00,5824.532
21413,2011-06-04T01:15:00+00:00,5824.515
21413,2011-06-04T01:30:00+00:00,5824.502
21413,2011-06-04T01:45:00+00:00,5824.494
21413,2011-06-04T02:00:00+00:00,5824.491
21413,2011-06-04T02:15:00+00:00,5824.493
21413,2011-06-04T02:30:00+00:00,5824.499
21413,2011-06-04T02:45:00+00:00,5824.508
21413,2011-06-04T03:00:00+00:00,5824.519
21413,2011-06-04T03:15:00+00:00,5824.537
21413,2011-06-04T03:30:00+00:00,5824.555
21413,2011-06-04T03:45:00+00:00,5824.576
21413,2011-06-04T04:00:00+00:00,5824.600
21413,2011-06-04T04:15:00+00:00,5824.625
21413,2011-06-04T04:30:00+00:00,5824.652
21413,2011-06-04T04:45:00+00:00,5824.681
21413,2011-06-04T05:00:00+00:00,5824.710
21413,2011-06-04T05:15:00+00:00,5824.738
21413,2011-06-04T05:30:00+00:00,5824.769
21413,2011-06-04T05:45:00+00:00,5824.800
21413,2011-06-04T06:00:00+00:00,5824.829
21413,2011-06-04T06:15:00+00:00,5824.856
21413,2011-06-04T06:30:00+00:00,5824.884
21413,2011-06-04T06:45:00+00:00,5824.911
21413,2011-06-04T07:00:00+00:00,5824.936
21413,2011-06-04T07:15:00+00:00,5824.961
21413,2011-06-04T07:30:00+00:00,5824.980
21413,2011-06-04T07:45:00+00:00,5824.999
21413,2011-06-04T08:00:00+00:00,5825.016
21413,2011-06-04T08:15:00+00:00,5825.031
21413,2011-06-04T08:30:00+00:00,5825.045
21413,2011-06-04T08:45:00+00:00,5825.052
21413,2011-06-04T09:00:00+00:00,5825.057
21413,2011-06-04T09:15:00+00:00,5825.062
21413,2011-06-04T09:30:00+00:00,5825.070
21413,2011-06-04T09:45:00+00:00,5825.069
21413,2011-06-04T10:00:00+00:00,5825.070
21413,2011-06-04T10:15:00+00:00,5825.069
21413,2011-06-04T10:30:00+00:00,5825.067
21413,2011-06-04T10:45:00+00:00,5825.063
21413,2011-06-04T11:00:00+00:00,5825.058
21413,2011-06-04T11:15:00+00:00,5825.055
21413,2011-06-04T11:30:00+00:00,5825.049
21413,2011-06-04T11:45:00+00:00,5825.045
21413,2011-06-04T12:00:00+00:00,5825.040
21413,2011-06-04T12:15:00+00:00,5825.035
21413,2011-06-04T12:30:00+00:00,5825.031
21413,2011-06-04T12:45:00+00:00,5825.025
21413,2011-06-04T13:00:00+00:00,5825.020
21413,2011-06-04T13:15:00+00:00,5825.018
21413,2011-06-04T13:30:00+00:00,5825.016
21413,2011-06-04T13:45:00+00:00,5825.017
21413,2011-06-04T14:00:00+00:00,5825.020
21413,2011-06-04T14:15:00+00:00,5825.023
21413,2011-06-04T14:30:00+00:00,5825.025
21413,2011-06-04T14:45:00+00:00,5825.037
21413,2011-06-04T15:00:00+00:00,5825.049
21413,2011-06-04T15:15:00+00:00,5825.057
21413,2011-06-04T15:30:00+00:00,5825.069
21413,2011-06-04T15:45:00+00:00,5825.080
21413,2011-06-04T16:00:00+00:00,5825.092
21413,2011-06-04T16:15:00+00:00,5825.105
21413,2011-06-04T16:30:00+00:00,5825.119
21413,2011-06-04T16:45:00+00:00,5825.131
21413,2011-06-04T17:00:00+00:00,5825.144
21413,2011-06-04T17:15:00+00:00,5825.157
21413,2011-06-04T17:30:00+00:00,5825.168
21413,2011-06-04T17:45:00+00:00,5825.178
21413,2011-06-04T18:00:00+00:00,5825.186
21413,2011-06-04T18:15:00+00:00,5825.194
21413,2011-06-04T18:30:00+00:00,5825.197
21413,2011-06-04T18:45:00+00:00,5825.198
21413,2011-06-04T19:00:00+00:00,5825.197
21413,2011-06-04T19:15:00+00:00,5825.193
21413,2011-06-04T19:30:00+00:00,5825.189
21413,2011-06-04T19:45:00+00:00,5825.180
21413,2011-06-04T20:00:00+00:00,5825.170
21413,2011-06-04T20:15:00+00:00,5825.154
21413,2011-06-04T20:30:00+00:00,5825.138
21413,2011-06-04T20:45:00+00:00,5825.119
21413,2011-06-04T21:00:00+00:00,5825.094
21413,2011-06-04T21:15:00+00:00,5825.069
21413,2011-06-04T21:30:00+00:00,5825.040
21413,2011-06-04T21:45:00+00:00,5825.009
21413,2011-06-04T22:00:00+00:00,5824.975
21413,2011-06-04T22:15:00+00:00,5824.943
21413,2011-06-04T22:30:00+00:00,5824.909
21413,2011-06-04T22:45:00+00:00,5824.871
21413,2011-06-04T23:00:00+00:00,5824.837
21413,2011-06-04T23:15:00+00:00,5824.801
21413,2011-06-04T23:30:00+00:00,5824.765
21413,2011-06-04T23:45:00+00:00,5824.733
21413,2011-06-05T00:00:00+00:00,5824.698
21413,2011-06-05T00:15:00+00:00,5824.666
21413,2011-06-05T00:30:00+00:00,5824.639
21413,2011-06-05T00:45:00+00:00,5824.610
21413,2011-06-05T01:00:00+00:00,5824.585
21413,2011-06-05T01:15:00+00:00,5824.563
21413,2011-06-05T01:30:00+00:00,5824.542
21413,2011-06-05T01:45:00+00:00,5824.526
21413,2011-06-05T02:00:00+00:00,5824.512
21413,2011-06-05T02:15:00+00:00,5824.506
21413,2011-06-05T02:30:00+00:00,5824.501
21413,2011-06-05T02:45:00+00:00,5824.502
21413,2011-06-05T03:00:00+00:00,5824.503
21413,2011-06-05T03:15:00+00:00,5824.511
21413,2011-06-05T03:30:00+00:00,5824.523
21413,2011-06-05T03:45:00+00:00,5824.536
21413,2011-06-05T04:00:00+00:00,5824.553
21413,2011-06-05T04:15:00+00:00,5824.572
21413,2011-06-05T04:30:00+00:00,5824.594
21413,2011-06-05T04:45:00+00:00,5824.617
21413,2011-06-05T05:00:00+00:00,5824.642
21413,2011-06-05T05:15:00+00:00,5824.669
21413,2011-06-05T05:30:00+00:00,5824.695
21413,2011-06-05T05:45:00+00:00,5824.725
21413,2011-06-05T06:00:00+00:00,5824.753
21413,2011-06-05T06:15:00+00:00,5824.780
21413,2011-06-05T06:30:00+00:00,5824.807
21413,2011-06-05T06:45:00+00:00,5824.837
21413,2011-06-05T07:00:00+00:00,5824.865
21413,2011-06-05T07:15:00+00:00,5824.889
21413,2011-06-05T07:30:00+00:00,5824.914
21413,2011-06-05T07:45:00+00:00,5824.937
21413,2011-06-05T08:00:00+00:00,5824.958
21413,2011-06-05T08:15:00+00:00,5824.977
21413,2011-06-05T08:30:00+00:00,5824.993
21413,2011-06-05T08:45:00+00:00,5825.009
21413,2011-06-05T09:00:00+00:00,5825.023
21413,2011-06-05T09:15:00+00:00,5825.035
21413,2011-06-05T09:30:00+00:00,5825.043
21413,2011-06-05T09:45:00+00:00,5825.052
21413,2011-06-05T10:00:00+00:00,5825.056
21413,2011-06-05T10:15:00+00:00,5825.057
21413,2011-06-05T10:30:00+00:00,5825.056
21413,2011-06-05T10:45:00+00:00,5825.054
21413,2011-06-05T11:00:00+00:00,5825.054
21413,2011-06-05T11:15:00+00:00,5825.052
21413,2011-06-05T11:30:00+00:00,5825.050
21413,2011-06-05T11:45:00+00:00,5825.044
21413,2011-06-05T12:00:00+00:00,5825.041
21413,2011-06-05T12:15:00+00:00,5825.037
21413,2011-06-05T12:30:00+00:00,5825.030
21413,2011-06-05T12:45:00+00:00,5825.024
21413,2011-06-05T13:00:00+00:00,5825.018
21413,2011-06-05T13:15:00+00:00,5825.012
21413,2011-06-05T13:30:00+00:00,5825.007
21413,2011-06-05T13:45:00+00:00,5825.004
21413,2011-06-05T14:00:00+00:00,5825.001
21413,2011-06-05T14:15:00+00:00,5825.001
21413,2011-06-05T14:30:00+00:00,5825.003
21413,2011-06-05T14:45:00+00:00,5825.005
21413,2011-06-05T15:00:00+00:00,5825.011
21413,2011-06-05T15:15:00+00:00,5825.015
21413,2011-06-05T15:30:00+00:00,5825.023
21413,2011-06-05T15:45:00+00:00,5825.032
21413,2011-06-05T16:00:00+00:00,5825.041
21413,2011-06-05T16:15:00+00:00,5825.051
21413,2011-06-05T16:30:00+00:00,5825.062
21413,2011-06-05T16:45:00+00:00,5825.073
21413,2011-06-05T17:00:00+00:00,5825.095
21413,2011-06-05T17:15:00+00:00,5825.105
21413,2011-06-05T17:30:00+00:00,5825.117
21413,2011-06-05T17:45:00+00:00,5825.131
21413,2011-06-05T18:00:00+00:00,5825.141
21413,2011-06-05T18:15:00+00:00,5825.153
21413,2011-06-05T18:30:00+00:00,5825.163
21413,2011-06-05T18:45:00+00:00,5825.170
21413,2011-06-05T19:00:00+00:00,5825.177
21413,2011-06-05T19:15:00+00:00,5825.177
21413,2011-06-05T19:30:00+00:00,5825.177
21413,2011-06-05T19:45:00+00:00,5825.176
21413,2011-06-05T20:00:00+00:00,5825.172
21413,2011-06-05T20:15:00+00:00,5825.164
21413,2011-06-05T20:30:00+00:00,5825.156
21413,2011-06-05T20:45:00+00:00,5825.143
21413,2011-06-05T21:00:00+00:00,5825.127
21413,2011-06-05T21:15:00+00:00,5825.108
21413,2011-06-05T21:30:00+00:00,5825.089
21413,2011-06-05T21:45:00+00:00,5825.066
21413,2011-06-05T22:00:00+00:00,5825.042
21413,2011-06-05T22:15:00+00:00,5825.014
21413,2011-06-05T22:30:00+00:00,5824.984
21413,2011-06-05T22:45:00+00:00,5824.954
21413,2011-06-05T23:00:00+00:00,5824.923
21413,2011-06-05T23:15:00+00:00,5824.891
21413,2011-06-05T23:30:00+00:00,5824.859
21413,2011-06-05T23:45:00+00:00,5824.825
21413,2011-06-06T00:00:00+00:00,5824.794
21413,2011-06-06T00:15:00+00:00,5824.764
21413,2011-06-06T00:30:00+00:00,5824.734
21413,2011-06-06T00:45:00+00:00,5824.704
21413,2011-06-06T01:00:00+00:00,5824.673
21413,2011-06-06T01:15:00+00:00,5824.646
21413,2011-06-06T01:30:00+00:00,5824.621
21413,2011-06-06T01:45:00+00:00,5824.599
21413,2011-06-06T02:00:00+00:00,5824.582
21413,2011-06-06T02:15:00+00:00,5824.566
21413,2011-06-06T02:30:00+00:00,5824.553
21413,2011-06-06T02:45:00+00:00,5824.542
21413,2011-06-06T03:00:00+00:00,5824.538
21413,2011-06-06T03:15:00+00:00,5824.536
21413,2011-06-06T03:30:00+00:00,5824.535
21413,2011-06-06T03:45:00+00:00,5824.541
21413,2011-06-06T04:00:00+00:00,5824.548
21413,2011-06-06T04:15:00+00:00,5824.559
21413,2011-06-06T04:30:00+00:00,5824.573
21413,2011-06-06T04:45:00+00:00,5824.589
21413,2011-06-06T05:00:00+00:00,5824.607
21413,2011-06-06T05:15:00+00:00,5824.628
21413,2011-06-06T05:30:00+00:00,5824.646
21413,2011-06-06T05:45:00+00:00,5824.669
21413,2011-06-06T06:00:00+00:00,5824.693
21413,2011-06-06T06:15:00+00:00,5824.717
21413,2011-06-06T06:30:00+00:00,5824.743
21413,2011-06-06T06:45:00+00:00,5824.769
21413,2011-06-06T07:00:00+00:00,5824.798
21413,2011-06-06T07:15:00+00:00,5824.823
21413,2011-06-06T07:30:00+00:00,5824.850
21413,2011-06-06T07:45:00+00:00,5824.872
21413,2011-06-06T08:00:00+00:00,5824.892
21413,2011-06-06T08:15:00+00:00,5824.915
21413,2011-06-06T08:30:00+00:00,5824.934
21413,2011-06-06T08:45:00+00:00,5824.955
21413,2011-06-06T09:00:00+00:00,5824.973
21413,2011-06-06T09:15:00+00:00,5824.990
21413,2011-06-06T09:30:00+00:00,5825.006
21413,2011-06-06T09:45:00+00:00,5825.016
21413,2011-06-06T10:00:00+00:00,5825.025
21413,2011-06-06T10:15:00+00:00,5825.030
21413,2011-06-06T10:30:00+00:00,5825.034
21413,2011-06-06T10:45:00+00:00,5825.037
21413,2011-06-06T11:00:00+00:00,5825.037
21413,2011-06-06T11:15:00+00:00,5825.036
21413,2011-06-06T11:30:00+00:00,5825.035
21413,2011-06-06T11:45:00+00:00,5825.033
21413,2011-06-06T12:00:00+00:00,5825.028
21413,2011-06-06T12:15:00+00:00,5825.024
21413,2011-06-06T12:30:00+00:00,5825.017
21413,2011-06-06T12:45:00+00:00,5825.011
21413,2011-06-06T13:00:00+00:00,5825.007
21413,2011-06-06T13:15:00+00:00,5824.999
21413,2011-06-06T13:30:00+00:00,5824.994
21413,2011-06-06T13:45:00+00:00,5824.987
21413,2011-06-06T14:00:00+00:00,5824.983
21413,2011-06-06T14:15:00+00:00,5824.979
21413,2011-06-06T14:30:00+00:00,5824.978
21413,2011-06-06T14:45:00+00:00,5824.975
21413,2011-06-06T15:00:00+00:00,5824.974
21413,2011-06-06T15:15:00+00:00,5824.972
21413,2011-06-06T15:30:00+00:00,5824.975
21413,2011-06-06T15:45:00+00:00,5824.978
21413,2011-06-06T16:00:00+00:00,5824.983
21413,2011-06-06T16:15:00+00:00,5824.990
21413,2011-06-06T16:30:00+00:00,5824.997
21413,2011-06-06T16:45:00+00:00,5825.009
21413,2011-06-06T17:00:00+00:00,5825.021
21413,2011-06-06T17:15:00+00:00,5825.031
21413,2011-06-06T17:30:00+00:00,5825.044
21413,2011-06-06T17:45:00+00:00,5825.055
21413,2011-06-06T18:00:00+00:00,5825.067
21413,2011-06-06T18:15:00+00:00,5825.078
21413,2011-06-06T18:30:00+00:00,5825.088
21413,2011-06-06T18:45:00+00:00,5825.100
21413,2011-06-06T19:00:00+00:00,5825.108
21413,2011-06-06T19:15:00+00:00,5825.117
21413,2011-06-06T19:30:00+00:00,5825.123
21413,2011-06-06T19:45:00+00:00,5825.127
21413,2011-06-06T20:00:00+00:00,5825.131
21413,2011-06-06T20:15:00+00:00,5825.131
21413,2011-06-06T20:30:00+00:00,5825.130
21413,2011-06-06T20:45:00+00:00,5825.127
21413,2011-06-06T21:00:00+00:00,5825.120
21413,2011-06-06T21:15:00+00:00,5825.112
21413,2011-06-06T21:30:00+00:00,5825.102
21413,2011-06-06T21:45:00+00:00,5825.087
21413,2011-06-06T22:00:00+00:00,5825.070
21413,2011-06-06T22:15:00+00:00,5825.050
21413,2011-06-06T22:30:00+00:00,5825.029
21413,2011-06-06T22:45:00+00:00,5825.007
21413,2011-06-06T23:00:00+00:00,5824.984
21413,2011-06-06T23:15:00+00:00,5824.960
21413,2011-06-06T23:30:00+00:00,5824.932
21413,2011-06-06T23:45:00+00:00,5824.908
21413,2011-06-07T00:00:00+00:00,5824.881
21413,2011-06-07T00:15:00+00:00,5824.853
21413,2011-06-07T00:30:00+00:00,5824.826
21413,2011-06-07T00:45:00+00:00,5824.795
21413,2011-06-07T01:00:00+00:00,5824.768
21413,2011-06-07T01:15:00+00:00,5824.742
21413,2011-06-07T01:30:00+00:00,5824.715
21413,2011-06-07T01:45:00+00:00,5824.692
21413,2011-06-07T02:00:00+00:00,5824.671
21413,2011-06-07T02:15:00+00:00,5824.650
21413,2011-06-07T02:30:00+00:00,5824.632
21413,2011-06-07T02:45:00+00:00,5824.620
21413,2011-06-07T03:00:00+00:00,5824.608
21413,2011-06-07T03:15:00+00:00,5824.597
21413,2011-06-07T03:30:00+00:00,5824.589
21413,2011-06-07T03:45:00+00:00,5824.584
21413,2011-06-07T04:00:00+00:00,5824.583
21413,2011-06-07T04:15:00+00:00,5824.586
21413,2011-06-07T04:30:00+00:00,5824.589
21413,2011-06-07T04:45:00+00:00,5824.598
21413,2011-06-07T05:00:00+00:00,5824.608
21413,2011-06-07T05:15:00+00:00,5824.619
21413,2011-06-07T05:30:00+00:00,5824.635
21413,2011-06-07T05:45:00+00:00,5824.652
21413,2011-06-07T06:00:00+00:00,5824.669
21413,2011-06-07T06:15:00+00:00,5824.690
21413,2011-06-07T06:30:00+00:00,5824.711
21413,2011-06-07T06:45:00+00:00,5824.732
21413,2011-06-07T07:00:00+00:00,5824.756
21413,2011-06-07T07:15:00+00:00,5824.781
21413,2011-06-07T07:30:00+00:00,5824.803
21413,2011-06-07T07:45:00+00:00,5824.827
21413,2011-06-07T08:00:00+00:00,5824.849
21413,2011-06-07T08:15:00+00:00,5824.869
21413,2011-06-07T08:30:00+00:00,5824.891
21413,2011-06-07T08:45:00+00:00,5824.910
21413,2011-06-07T09:00:00+00:00,5824.932
21413,2011-06-07T09:15:00+00:00,5824.950
21413,2011-06-07T09:30:00+00:00,5824.968
21413,2011-06-07T09:45:00+00:00,5824.981
21413,2011-06-07T10:00:00+00:00,5824.993
21413,2011-06-07T10:15:00+00:00,5825.002
21413,2011-06-07T10:30:00+00:00,5825.010
21413,2011-06-07T10:45:00+00:00,5825.017
21413,2011-06-07T11:00:00+00:00,5825.019
21413,2011-06-07T11:15:00+00:00,5825.020
21413,2011-06-07T11:30:00+00:00,5825.021
21413,2011-06-07T11:45:00+00:00,5825.022
21413,2011-06-07T12:00:00+00:00,5825.019
21413,2011-06-07T12:15:00+00:00,5825.015
21413,2011-06-07T12:30:00+00:00,5825.009
21413,2011-06-07T12:45:00+00:00,5825.001
21413,2011-06-07T13:00:00+00:00,5824.994
21413,2011-06-07T13:15:00+00:00,5824.987
21413,2011-06-07T13:30:00+00:00,5824.981
21413,2011-06-07T13:45:00+00:00,5824.972
21413,2011-06-07T14:00:00+00:00,5824.966
21413,2011-06-07T14:15:00+00:00,5824.957
21413,2011-06-07T14:30:00+00:00,5824.951
21413,2011-06-07T14:45:00+00:00,5824.944
21413,2011-06-07T15:00:00+00:00,5824.939
21413,2011-06-07T15:15:00+00:00,5824.936
21413,2011-06-07T15:30:00+00:00,5824.934
21413,2011-06-07T15:45:00+00:00,5824.932
21413,2011-06-07T16:00:00+00:00,5824.933
21413,2011-06-07T16:15:00+00:00,5824.934
21413,2011-06-07T16:30:00+00:00,5824.939
21413,2011-06-07T16:45:00+00:00,5824.943
21413,2011-06-07T17:00:00+00:00,5824.948
21413,2011-06-07T17:15:00+00:00,5824.955
21413,2011-06-07T17:30:00+00:00,5824.960
21413,2011-06-07T17:45:00+00:00,5824.971
21413,2011-06-07T18:00:00+00:00,5824.980
21413,2011-06-07T18:15:00+00:00,5824.990
21413,2011-06-07T18:30:00+00:00,5824.997
21413,2011-06-07T18:45:00+00:00,5825.009
21413,2011-06-07T19:00:00+00:00,5825.019
21413,2011-06-07T19:15:00+00:00,5825.030
21413,2011-06-07T19:30:00+00:00,5825.039
21413,2011-06-07T19:45:00+00:00,5825.048
21413,2011-06-07T20:00:00+00:00,5825.054
21413,2011-06-07T20:15:00+00:00,5825.059
21413,2011-06-07T20:30:00+00:00,5825.060
21413,2011-06-07T20:45:00+00:00,5825.065
21413,2011-06-07T21:00:00+00:00,5825.064
21413,2011-06-07T21:15:00+00:00,5825.061
21413,2011-06-07T21:30:00+00:00,5825.058
21413,2011-06-07T21:45:00+00:00,5825.052
21413,2011-06-07T22:00:00+00:00,5825.043
21413,2011-06-07T22:15:00+00:00,5825.035
21413,2011-06-07T22:30:00+00:00,5825.024
21413,2011-06-07T22:45:00+00:00,5825.014
21413,2011-06-07T23:00:00+00:00,5824.998
21413,2011-06-07T23:15:00+00:00,5824.982
21413,2011-06-07T23:30:00+00:00,5824.963
21413,2011-06-07T23:45:00+00:00,5824.942
21413,2011-06-08T00:00:00+00:00,5824.921
21413,2011-06-08T00:15:00+00:00,5824.902
21413,2011-06-08T00:30:00+00:00,5824.876
21413,2011-06-08T00:45:00+00:00,5824.858
21413,2011-06-08T01:00:00+00:00,5824.836
21413,2011-06-08T01:15:00+00:00,5824.814
21413,2011-06-08T01:30:00+00:00,5824.791
21413,2011-06-08T01:45:00+00:00,5824.771
21413,2011-06-08T02:00:00+00:00,5824.751
21413,2011-06-08T02:15:00+00:00,5824.731
21413,2011-06-08T02:30:00+00:00,5824.712
21413,2011-06-08T02:45:00+00:00,5824.696
21413,2011-06-08T03:00:00+00:00,5824.680
21413,2011-06-08T03:15:00+00:00,5824.665
21413,2011-06-08T03:30:00+00:00,5824.655
21413,2011-06-08T03:45:00+00:00,5824.648
21413,2011-06-08T04:00:00+00:00,5824.641
21413,2011-06-08T04:15:00+00:00,5824.635
21413,2011-06-08T04:30:00+00:00,5824.633
21413,2011-06-08T04:45:00+00:00,5824.630
21413,2011-06-08T05:00:00+00:00,5824.633
21413,2011-06-08T05:15:00+00:00,5824.640
21413,2011-06-08T05:30:00+00:00,5824.645
21413,2011-06-08T05:45:00+00:00,5824.655
21413,2011-06-08T06:00:00+00:00,5824.668
21413,2011-06-08T06:15:00+00:00,5824.681
21413,2011-06-08T06:30:00+00:00,5824.695
21413,2011-06-08T06:45:00+00:00,5824.712
21413,2011-06-08T07:00:00+00:00,5824.732
21413,2011-06-08T07:15:00+00:00,5824.754
21413,2011-06-08T07:30:00+00:00,5824.773
21413,2011-06-08T07:45:00+00:00,5824.793
21413,2011-06-08T08:00:00+00:00,5824.815
21413,2011-06-08T08:15:00+00:00,5824.835
21413,2011-06-08T08:30:00+00:00,5824.856
21413,2011-06-08T08:45:00+00:00,5824.874
21413,2011-06-08T09:00:00+00:00,5824.893
21413,2011-06-08T09:15:00+00:00,5824.911
21413,2011-06-08T09:30:00+00:00,5824.932
21413,2011-06-08T09:45:00+00:00,5824.949
21413,2011-06-08T10:00:00+00:00,5824.963
21413,2011-06-08T10:15:00+00:00,5824.974
21413,2011-06-08T10:30:00+00:00,5824.984
21413,2011-06-08T10:45:00+00:00,5824.996
21413,2011-06-08T11:00:00+00:00,5825.005
21413,2011-06-08T11:15:00+00:00,5825.010
21413,2011-06-08T11:30:00+00:00,5825.013
21413,2011-06-08T11:45:00+00:00,5825.015
21413,2011-06-08T12:00:00+00:00,5825.016
21413,2011-06-08T12:15:00+00:00,5825.012
21413,2011-06-08T12:30:00+00:00,5825.009
21413,2011-06-08T12:45:00+00:00,5825.002
21413,2011-06-08T13:00:00+00:00,5824.996
21413,2011-06-08T13:15:00+00:00,5824.988
21413,2011-06-08T13:30:00+00:00,5824.979
21413,2011-06-08T13:45:00+00:00,5824.972
21413,2011-06-08T14:00:00+00:00,5824.965
21413,2011-06-08T14:15:00+00:00,5824.955
21413,2011-06-08T14:30:00+00:00,5824.946
21413,2011-06-08T14:45:00+00:00,5824.938
21413,2011-06-08T15:00:00+00:00,5824.927
21413,2011-06-08T15:15:00+00:00,5824.920
21413,2011-06-08T15:30:00+00:00,5824.908
21413,2011-06-08T15:45:00+00:00,5824.902
21413,2011-06-08T16:00:00+00:00,5824.896
21413,2011-06-08T16:15:00+00:00,5824.891
21413,2011-06-08T16:30:00+00:00,5824.888
21413,2011-06-08T16:45:00+00:00,5824.885
21413,2011-06-08T17:00:00+00:00,5824.887
21413,2011-06-08T17:15:00+00:00,5824.889
21413,2011-06-08T17:30:00+00:00,5824.890
21413,2011-06-08T17:45:00+00:00,5824.894
21413,2011-06-08T18:00:00+00:00,5824.900
21413,2011-06-08T18:15:00+00:00,5824.907
21413,2011-06-08T18:30:00+00:00,5824.915
21413,2011-06-08T18:45:00+00:00,5824.922
21413,2011-06-08T19:00:00+00:00,5824.928
21413,2011-06-08T19:15:00+00:00,5824.935
21413,2011-06-08T19:30:00+00:00,5824.943
21413,2011-06-08T19:45:00+00:00,5824.949
21413,2011-06-08T20:00:00+00:00,5824.957
21413,2011-06-08T20:15:00+00:00,5824.963
21413,2011-06-08T20:30:00+00:00,5824.969
21413,2011-06-08T20:45:00+00:00,5824.974
21413,2011-06-08T21:00:00+00:00,5824.978
21413,2011-06-08T21:15:00+00:00,5824.980
21413,2011-06-08T21:30:00+00:00,5824.982
21413,2011-06-08T21:45:00+00:00,5824.983
21413,2011-06-08T22:00:00+00:00,5824.983
21413,2011-06-08T22:15:00+00:00,5824.982
21413,2011-06-08T22:30:00+00:00,5824.978
21413,2011-06-08T22:45:00+00:00,5824.976
21413,2011-06-08T23:00:00+00:00,5824.971
21413,2011-06-08T23:15:00+00:00,5824.961
21413,2011-06-08T23:30:00+00:00,5824.953
21413,2011-06-08T23:45:00+00:00,5824.944
21413,2011-06-09T00:00:00+00:00,5824.934
21413,2011-06-09T00:15:00+00:00,5824.922
21413,2011-06-09T00:30:00+00:00,5824.911
21413,2011-06-09T00:45:00+00:00,5824.898
21413,2011-06-09T01:00:00+00:00,5824.884
21413,2011-06-09T01:15:00+00:00,5824.871
21413,2011-06-09T01:30:00+00:00,5824.858
21413,2011-06-09T01:45:00+00:00,5824.842
21413,2011-06-09T02:00:00+00:00,5824.827
21413,2011-06-09T02:15:00+00:00,5824.813
21413,2011-06-09T02:30:00+00:00,5824.799
21413,2011-06-09T02:45:00+00:00,5824.785
21413,2011-06-09T03:00:00+00:00,5824.770
21413,2011-06-09T03:15:00+00:00,5824.758
21413,2011-06-09T03:30:00+00:00,5824.745
21413,2011-06-09T03:45:00+00:00,5824.734
21413,2011-06-09T04:00:00+00:00,5824.724
21413,2011-06-09T04:15:00+00:00,5824.715
21413,2011-06-09T04:30:00+00:00,5824.710
21413,2011-06-09T04:45:00+00:00,5824.704
21413,2011-06-09T05:00:00+00:00,5824.701
21413,2011-06-09T05:15:00+00:00,5824.701
21413,2011-06-09T05:30:00+00:00,5824.704
21413,2011-06-09T05:45:00+00:00,5824.704
21413,2011-06-09T06:00:00+00:00,5824.707
21413,2011-06-09T06:15:00+00:00,5824.712
21413,2011-06-09T06:30:00+00:00,5824.720
21413,2011-06-09T06:45:00+00:00,5824.732
21413,2011-06-09T07:00:00+00:00,5824.744
21413,2011-06-09T07:15:00+00:00,5824.759
21413,2011-06-09T07:30:00+00:00,5824.773
21413,2011-06-09T07:45:00+00:00,5824.789
21413,2011-06-09T08:00:00+00:00,5824.803
21413,2011-06-09T08:15:00+00:00,5824.822
21413,2011-06-09T08:30:00+00:00,5824.840
21413,2011-06-09T08:45:00+00:00,5824.857
21413,2011-06-09T09:00:00+00:00,5824.876
21413,2011-06-09T09:15:00+00:00,5824.894
21413,2011-06-09T09:30:00+00:00,5824.910
21413,2011-06-09T09:45:00+00:00,5824.928
21413,2011-06-09T10:00:00+00:00,5824.944
21413,2011-06-09T10:15:00+00:00,5824.959
21413,2011-06-09T10:30:00+00:00,5824.972
21413,2011-06-09T10:45:00+00:00,5824.983
21413,2011-06-09T11:00:00+00:00,5824.994
21413,2011-06-09T11:15:00+00:00,5825.004
21413,2011-06-09T11:30:00+00:00,5825.010
21413,2011-06-09T11:45:00+00:00,5825.014
21413,2011-06-09T12:00:00+00:00,5825.016
21413,2011-06-09T12:15:00+00:00,5825.017
21413,2011-06-09T12:30:00+00:00,5825.015
21413,2011-06-09T12:45:00+00:00,5825.010
21413,2011-06-09T13:00:00+00:00,5825.005
21413,2011-06-09T13:15:00+00:00,5825.000
21413,2011-06-09T13:30:00+00:00,5824.995
21413,2011-06-09T13:45:00+00:00,5824.984
21413,2011-06-09T14:00:00+00:00,5824.976
21413,2011-06-09T14:15:00+00:00,5824.966
21413,2011-06-09T14:30:00+00:00,5824.954
21413,2011-06-09T14:45:00+00:00,5824.943
21413,2011-06-09T15:00:00+00:00,5824.933
21413,2011-06-09T15:15:00+00:00,5824.920
21413,2011-06-09T15:30:00+00:00,5824.909
21413,2011-06-09T15:45:00+00:00,5824.896
21413,2011-06-09T16:00:00+00:00,5824.885
21413,2011-06-09T16:15:00+00:00,5824.878
21413,2011-06-09T16:30:00+00:00,5824.869
21413,2011-06-09T16:45:00+00:00,5824.862
21413,2011-06-09T17:00:00+00:00,5824.851
21413,2011-06-09T17:15:00+00:00,5824.844
21413,2011-06-09T17:30:00+00:00,5824.840
21413,2011-06-09T17:45:00+00:00,5824.836
21413,2011-06-09T18:00:00+00:00,5824.833
21413,2011-06-09T18:15:00+00:00,5824.831
21413,2011-06-09T18:30:00+00:00,5824.831
21413,2011-06-09T18:45:00+00:00,5824.830
21413,2011-06-09T19:00:00+00:00,5824.836
21413,2011-06-09T19:15:00+00:00,5824.840
21413,2011-06-09T19:30:00+00:00,5824.844
21413,2011-06-09T19:45:00+00:00,5824.851
21413,2011-06-09T20:00:00+00:00,5824.854
21413,2011-06-09T20:15:00+00:00,5824.862
21413,2011-06-09T20:30:00+00:00,5824.867
21413,2011-06-09T20:45:00+00:00,5824.871
21413,2011-06-09T21:00:00+00:00,5824.876
21413,2011-06-09T21:15:00+00:00,5824.881
21413,2011-06-09T21:30:00+00:00,5824.884
21413,2011-06-09T21:45:00+00:00,5824.886
21413,2011-06-09T22:00:00+00:00,5824.889
21413,2011-06-09T22:15:00+00:00,5824.893
21413,2011-06-09T22:30:00+00:00,5824.897
21413,2011-06-09T22:45:00+00:00,5824.901
21413,2011-06-09T23:00:00+00:00,5824.902
21413,2011-06-09T23:15:00+00:00,5824.906
21413,2011-06-09T23:30:00+00:00,5824.907
21413,2011-06-09T23:45:00+00:00,5824.908
21413,2011-06-10T00:00:00+00:00,5824.912
21413,2011-06-10T00:15:00+00:00,5824.910
21413,2011-06-10T00:30:00+00:00,5824.908
21413,2011-06-10T00:45:00+00:00,5824.904
21413,2011-06-10T01:00:00+00:00,5824.899
21413,2011-06-10T01:15:00+00:00,5824.892
21413,2011-06-10T01:30:00+00:00,5824.884
21413,2011-06-10T01:45:00+00:00,5824.877
21413,2011-06-10T02:00:00+00:00,5824.872
21413,2011-06-10T02:15:00+00:00,5824.865
21413,2011-06-10T02:30:00+00:00,5824.858
21413,2011-06-10T02:45:00+00:00,5824.850
21413,2011-06-10T03:00:00+00:00,5824.846
21413,2011-06-10T03:15:00+00:00,5824.837
21413,2011-06-10T03:30:00+00:00,5824.831
21413,2011-06-10T03:45:00+00:00,5824.823
21413,2011-06-10T04:00:00+00:00,5824.817
21413,2011-06-10T04:15:00+00:00,5824.812
21413,2011-06-10T04:30:00+00:00,5824.804
21413,2011-06-10T04:45:00+00:00,5824.801
21413,2011-06-10T05:00:00+00:00,5824.796
21413,2011-06-10T05:15:00+00:00,5824.794
21413,2011-06-10T05:30:00+00:00,5824.790
21413,2011-06-10T05:45:00+00:00,5824.790
21413,2011-06-10T06:00:00+00:00,5824.789
21413,2011-06-10T06:15:00+00:00,5824.788
21413,2011-06-10T06:30:00+00:00,5824.791
21413,2011-06-10T06:45:00+00:00,5824.795
21413,2011-06-10T07:00:00+00:00,5824.802
21413,2011-06-10T07:15:00+00:00,5824.811
21413,2011-06-10T07:30:00+00:00,5824.821
21413,2011-06-10T07:45:00+00:00,5824.832
21413,2011-06-10T08:00:00+00:00,5824.846
21413,2011-06-10T08:15:00+00:00,5824.859
21413,2011-06-10T08:30:00+00:00,5824.872
21413,2011-06-10T08:45:00+00:00,5824.886
21413,2011-06-10T09:00:00+00:00,5824.903
21413,2011-06-10T09:15:00+00:00,5824.919
21413,2011-06-10T09:30:00+00:00,5824.935
21413,2011-06-10T09:45:00+00:00,5824.950
21413,2011-06-10T10:00:00+00:00,5824.965
21413,2011-06-10T10:15:00+00:00,5824.979
21413,2011-06-10T10:30:00+00:00,5824.994
21413,2011-06-10T10:45:00+00:00,5825.005
21413,2011-06-10T11:00:00+00:00,5825.016
21413,2011-06-10T11:15:00+00:00,5825.027
21413,2011-06-10T11:30:00+00:00,5825.038
21413,2011-06-10T11:45:00+00:00,5825.046
21413,2011-06-10T12:00:00+00:00,5825.051
21413,2011-06-10T12:15:00+00:00,5825.053
21413,2011-06-10T12:30:00+00:00,5825.052
21413,2011-06-10T12:45:00+00:00,5825.054
21413,2011-06-10T13:00:00+00:00,5825.054
21413,2011-06-10T13:15:00+00:00,5825.051
21413,2011-06-10T13:30:00+00:00,5825.048
21413,2011-06-10T13:45:00+00:00,5825.039
21413,2011-06-10T14:00:00+00:00,5825.030
21413,2011-06-10T14:15:00+00:00,5825.018
21413,2011-06-10T14:30:00+00:00,5825.007
21413,2011-06-10T14:45:00+00:00,5824.993
21413,2011-06-10T15:00:00+00:00,5824.981
21413,2011-06-10T15:15:00+00:00,5824.966
21413,2011-06-10T15:30:00+00:00,5824.951
21413,2011-06-10T15:45:00+00:00,5824.940
21413,2011-06-10T16:00:00+00:00,5824.924
21413,2011-06-10T16:15:00+00:00,5824.910
21413,2011-06-10T16:30:00+00:00,5824.896
21413,2011-06-10T16:45:00+00:00,5824.881
21413,2011-06-10T17:00:00+00:00,5824.867
21413,2011-06-10T17:15:00+00:00,5824.854
21413,2011-06-10T17:30:00+00:00,5824.841
21413,2011-06-10T17:45:00+00:00,5824.830
21413,2011-06-10T18:00:00+00:00,5824.819
21413,2011-06-10T18:15:00+00:00,5824.809
21413,2011-06-10T18:30:00+00:00,5824.799
21413,2011-06-10T18:45:00+00:00,5824.793
21413,2011-06-10T19:00:00+00:00,5824.787
21413,2011-06-10T19:15:00+00:00,5824.781
21413,2011-06-10T19:30:00+00:00,5824.778
21413,2011-06-10T19:45:00+00:00,5824.776
21413,2011-06-10T20:00:00+00:00,5824.775
21413,2011-06-10T20:15:00+00:00,5824.774
21413,2011-06-10T20:30:00+00:00,5824.777
21413,2011-06-10T20:45:00+00:00,5824.781
21413,2011-06-10T21:00:00+00:00,5824.783
21413,2011-06-10T21:15:00+00:00,5824.784
21413,2011-06-10T21:30:00+00:00,5824.785
21413,2011-06-10T21:45:00+00:00,5824.790
21413,2011-06-10T22:00:00+00:00,5824.794
21413,2011-06-10T22:15:00+00:00,5824.801
21413,2011-06-10T22:30:00+00:00,5824.804
21413,2011-06-10T22:45:00+00:00,5824.809
21413,2011-06-10T23:00:00+00:00,5824.817
21413,2011-06-10T23:15:00+00:00,5824.824
21413,2011-06-10T23:30:00+00:00,5824.832
21413,2011-06-10T23:45:00+00:00,5824.839
21413,2011-06-11T00:00:00+00:00,5824.845
21413,2011-06-11T00:15:00+00:00,5824.853
21413,2011-06-11T00:30:00+00:00,5824.861
21413,2011-06-11T00:45:00+00:00,5824.866
21413,2011-06-11T01:00:00+00:00,5824.874
21413,2011-06-11T01:15:00+00:00,5824.878
21413,2011-06-11T01:30:00+00:00,5824.882
21413,2011-06-11T01:45:00+00:00,5824.887
21413,2011-06-11T02:00:00+00:00,5824.892
21413,2011-06-11T02:15:00+00:00,5824.896
21413,2011-06-11T02:30:00+00:00,5824.899
21413,2011-06-11T02:45:00+00:00,5824.901
21413,2011-06-11T03:00:00+00:00,5824.905
21413,2011-06-11T03:15:00+00:00,5824.907
21413,2011-06-11T03:30:00+00:00,5824.904
21413,2011-06-11T03:45:00+00:00,5824.905
21413,2011-06-11T04:00:00+00:00,5824.904
21413,2011-06-11T04:15:00+00:00,5824.903
21413,2011-06-11T04:30:00+00:00,5824.904
21413,2011-06-11T04:45:00+00:00,5824.904
21413,2011-06-11T05:00:00+00:00,5824.902
21413,2011-06-11T05:15:00+00:00,5824.900
21413,2011-06-11T05:30:00+00:00,5824.899
21413,2011-06-11T05:45:00+00:00,5824.900
21413,2011-06-11T06:00:00+00:00,5824.897
21413,2011-06-11T06:15:00+00:00,5824.896
21413,2011-06-11T06:30:00+00:00,5824.897
21413,2011-06-11T06:45:00+00:00,5824.895
21413,2011-06-11T07:00:00+00:00,5824.896
21413,2011-06-11T07:15:00+00:00,5824.897
21413,2011-06-11T07:30:00+00:00,5824.900
21413,2011-06-11T07:45:00+00:00,5824.903
21413,2011-06-11T08:00:00+00:00,5824.911
21413,2011-06-11T08:15:00+00:00,5824.920
21413,2011-06-11T08:30:00+00:00,5824.929
21413,2011-06-11T08:45:00+00:00,5824.938
21413,2011-06-11T09:00:00+00:00,5824.950
21413,2011-06-11T09:15:00+00:00,5824.962
21413,2011-06-11T09:30:00+00:00,5824.976
21413,2011-06-11T09:45:00+00:00,5824.987
21413,2011-06-11T10:00:00+00:00,5825.000
21413,2011-06-11T10:15:00+00:00,5825.011
21413,2011-06-11T10:30:00+00:00,5825.024
21413,2011-06-11T10:45:00+00:00,5825.035
21413,2011-06-11T11:00:00+00:00,5825.047
21413,2011-06-11T11:15:00+00:00,5825.059
21413,2011-06-11T11:30:00+00:00,5825.069
21413,2011-06-11T11:45:00+00:00,5825.077
21413,2011-06-11T12:00:00+00:00,5825.084
21413,2011-06-11T12:15:00+00:00,5825.091
21413,2011-06-11T12:30:00+00:00,5825.096
21413,2011-06-11T12:45:00+00:00,5825.097
21413,2011-06-11T13:00:00+00:00,5825.100
21413,2011-06-11T13:15:00+00:00,5825.100
21413,2011-06-11T13:30:00+00:00,5825.099
21413,2011-06-11T13:45:00+00:00,5825.094
21413,2011-06-11T14:00:00+00:00,5825.090
21413,2011-06-11T14:15:00+00:00,5825.083
21413,2011-06-11T14:30:00+00:00,5825.074
21413,2011-06-11T14:45:00+00:00,5825.062
21413,2011-06-11T15:00:00+00:00,5825.052
21413,2011-06-11T15:15:00+00:00,5825.038
21413,2011-06-11T15:30:00+00:00,5825.023
21413,2011-06-11T15:45:00+00:00,5825.007
21413,2011-06-11T16:00:00+00:00,5824.991
21413,2011-06-11T16:15:00+00:00,5824.973
21413,2011-06-11T16:30:00+00:00,5824.953
21413,2011-06-11T16:45:00+00:00,5824.935
21413,2011-06-11T17:00:00+00:00,5824.913
21413,2011-06-11T17:15:00+00:00,5824.896
21413,2011-06-11T17:30:00+00:00,5824.880
21413,2011-06-11T17:45:00+00:00,5824.861
21413,2011-06-11T18:00:00+00:00,5824.844
21413,2011-06-11T18:15:00+00:00,5824.826
21413,2011-06-11T18:30:00+00:00,5824.810
21413,2011-06-11T18:45:00+00:00,5824.796
21413,2011-06-11T19:00:00+00:00,5824.781
21413,2011-06-11T19:15:00+00:00,5824.766
21413,2011-06-11T19:30:00+00:00,5824.753
21413,2011-06-11T19:45:00+00:00,5824.744
21413,2011-06-11T20:00:00+00:00,5824.733
21413,2011-06-11T20:15:00+00:00,5824.724
21413,2011-06-11T20:30:00+00:00,5824.716
21413,2011-06-11T20:45:00+00:00,5824.711
21413,2011-06-11T21:00:00+00:00,5824.707
21413,2011-06-11T21:15:00+00:00,5824.702
21413,2011-06-11T21:30:00+00:00,5824.701
21413,2011-06-11T21:45:00+00:00,5824.702
21413,2011-06-11T22:00:00+00:00,5824.704
21413,2011-06-11T22:15:00+00:00,5824.708
21413,2011-06-11T22:30:00+00:00,5824.712
21413,2011-06-11T22:45:00+00:00,5824.717
21413,2011-06-11T23:00:00+00:00,5824.723
21413,2011-06-11T23:15:00+00:00,5824.730
21413,2011-06-11T23:30:00+00:00,5824.739
21413,2011-06-11T23:45:00+00:00,5824.748
21413,2011-06-12T00:00:00+00:00,5824.762
21413,2011-06-12T00:15:00+00:00,5824.773
21413,2011-06-12T00:30:00+00:00,5824.785
21413,2011-06-12T00:45:00+00:00,5824.798
21413,2011-06-12T01:00:00+00:00,5824.810
21413,2011-06-12T01:15:00+00:00,5824.822
21413,2011-06-12T01:30:00+00:00,5824.833
21413,2011-06-12T01:45:00+00:00,5824.851
21413,2011-06-12T02:00:00+00:00,5824.862
21413,2011-06-12T02:15:00+00:00,5824.876
21413,2011-06-12T02:30:00+00:00,5824.891
21413,2011-06-12T02:45:00+00:00,5824.904
21413,2011-06-12T03:00:00+00:00,5824.916
21413,2011-06-12T03:15:00+00:00,5824.925
21413,2011-06-12T03:30:00+00:00,5824.932
21413,2011-06-12T03:45:00+00:00,5824.937
21413,2011-06-12T04:00:00+00:00,5824.946
21413,2011-06-12T04:15:00+00:00,5824.953
21413,2011-06-12T04:30:00+00:00,5824.962
21413,2011-06-12T04:45:00+00:00,5824.965
21413,2011-06-12T05:00:00+00:00,5824.971
21413,2011-06-12T05:15:00+00:00,5824.974
21413,2011-06-12T05:30:00+00:00,5824.977
21413,2011-06-12T05:45:00+00:00,5824.979
21413,2011-06-12T06:00:00+00:00,5824.977
21413,2011-06-12T06:15:00+00:00,5824.977
21413,2011-06-12T06:30:00+00:00,5824.979
21413,2011-06-12T06:45:00+00:00,5824.980
21413,2011-06-12T07:00:00+00:00,5824.979
21413,2011-06-12T07:15:00+00:00,5824.980
21413,2011-06-12T07:30:00+00:00,5824.981
21413,2011-06-12T07:45:00+00:00,5824.984
21413,2011-06-12T08:00:00+00:00,5824.983
21413,2011-06-12T08:15:00+00:00,5824.988
21413,2011-06-12T08:30:00+00:00,5824.992
21413,2011-06-12T08:45:00+00:00,5824.998
21413,2011-06-12T09:00:00+00:00,5825.004
21413,2011-06-12T09:15:00+00:00,5825.012
21413,2011-06-12T09:30:00+00:00,5825.020
21413,2011-06-12T09:45:00+00:00,5825.032
21413,2011-06-12T10:00:00+00:00,5825.043
21413,2011-06-12T10:15:00+00:00,5825.053
21413,2011-06-12T10:30:00+00:00,5825.063
21413,2011-06-12T10:45:00+00:00,5825.075
21413,2011-06-12T11:00:00+00:00,5825.085
21413,2011-06-12T11:15:00+00:00,5825.097
21413,2011-06-12T11:30:00+00:00,5825.109
21413,2011-06-12T11:45:00+00:00,5825.120
21413,2011-06-12T12:00:00+00:00,5825.126
21413,2011-06-12T12:15:00+00:00,5825.136
21413,2011-06-12T12:30:00+00:00,5825.143
21413,2011-06-12T12:45:00+00:00,5825.150
21413,2011-06-12T13:00:00+00:00,5825.156
21413,2011-06-12T13:15:00+00:00,5825.160
21413,2011-06-12T13:30:00+00:00,5825.162
21413,2011-06-12T13:45:00+00:00,5825.163
21413,2011-06-12T14:00:00+00:00,5825.161
21413,2011-06-12T14:15:00+00:00,5825.158
21413,2011-06-12T14:30:00+00:00,5825.151
21413,2011-06-12T14:45:00+00:00,5825.143
21413,2011-06-12T15:00:00+00:00,5825.134
21413,2011-06-12T15:15:00+00:00,5825.123
21413,2011-06-12T15:30:00+00:00,5825.109
21413,2011-06-12T15:45:00+00:00,5825.093
21413,2011-06-12T16:00:00+00:00,5825.077
21413,2011-06-12T16:15:00+00:00,5825.058
21413,2011-06-12T16:30:00+00:00,5825.039
21413,2011-06-12T16:45:00+00:00,5825.020
21413,2011-06-12T17:00:00+00:00,5824.999
21413,2011-06-12T17:15:00+00:00,5824.978
21413,2011-06-12T17:30:00+00:00,5824.959
21413,2011-06-12T17:45:00+00:00,5824.936
21413,2011-06-12T18:00:00+00:00,5824.914
21413,2011-06-12T18:15:00+00:00,5824.892
21413,2011-06-12T18:30:00+00:00,5824.869
21413,2011-06-12T18:45:00+00:00,5824.846
21413,2011-06-12T19:00:00+00:00,5824.821
21413,2011-06-12T19:15:00+00:00,5824.801
21413,2011-06-12T19:30:00+00:00,5824.780
21413,2011-06-12T19:45:00+00:00,5824.761
21413,2011-06-12T20:00:00+00:00,5824.741
21413,2011-06-12T20:15:00+00:00,5824.725
21413,2011-06-12T20:30:00+00:00,5824.706
21413,2011-06-12T20:45:00+00:00,5824.692
21413,2011-06-12T21:00:00+00:00,5824.677
21413,2011-06-12T21:15:00+00:00,5824.664
21413,2011-06-12T21:30:00+00:00,5824.653
21413,2011-06-12T21:45:00+00:00,5824.645
21413,2011-06-12T22:00:00+00:00,5824.640
21413,2011-06-12T22:15:00+00:00,5824.635
21413,2011-06-12T22:30:00+00:00,5824.637
21413,2011-06-12T22:45:00+00:00,5824.637
21413,2011-06-12T23:00:00+00:00,5824.639
21413,2011-06-12T23:15:00+00:00,5824.642
21413,2011-06-12T23:30:00+00:00,5824.650
21413,2011-06-12T23:45:00+00:00,5824.660
21413,2011-06-13T00:00:00+00:00,5824.668
21413,2011-06-13T00:15:00+00:00,5824.678
21413,2011-06-13T00:30:00+00:00,5824.690
21413,2011-06-13T00:45:00+00:00,5824.700
21413,2011-06-13T01:00:00+00:00,5824.717
21413,2011-06-13T01:15:00+00:00,5824.729
21413,2011-06-13T01:30:00+00:00,5824.744
21413,2011-06-13T01:45:00+00:00,5824.761
21413,2011-06-13T02:00:00+00:00,5824.783
21413,2011-06-13T02:15:00+00:00,5824.801
21413,2011-06-13T02:30:00+00:00,5824.821
21413,2011-06-13T02:45:00+00:00,5824.840
21413,2011-06-13T03:00:00+00:00,5824.860
21413,2011-06-13T03:15:00+00:00,5824.878
21413,2011-06-13T03:30:00+00:00,5824.897
21413,2011-06-13T03:45:00+00:00,5824.917
21413,2011-06-13T04:00:00+00:00,5824.934
21413,2011-06-13T04:15:00+00:00,5824.948
21413,2011-06-13T04:30:00+00:00,5824.964
21413,2011-06-13T04:45:00+00:00,5824.975
21413,2011-06-13T05:00:00+00:00,5824.988
21413,2011-06-13T05:15:00+00:00,5825.001
21413,2011-06-13T05:30:00+00:00,5825.007
21413,2011-06-13T05:45:00+00:00,5825.014
21413,2011-06-13T06:00:00+00:00,5825.021
21413,2011-06-13T06:15:00+00:00,5825.027
21413,2011-06-13T06:30:00+00:00,5825.031
21413,2011-06-13T06:45:00+00:00,5825.035
21413,2011-06-13T07:00:00+00:00,5825.038
21413,2011-06-13T07:15:00+00:00,5825.035
21413,2011-06-13T07:30:00+00:00,5825.035
21413,2011-06-13T07:45:00+00:00,5825.036
21413,2011-06-13T08:00:00+00:00,5825.039
21413,2011-06-13T08:15:00+00:00,5825.042
21413,2011-06-13T08:30:00+00:00,5825.043
21413,2011-06-13T08:45:00+00:00,5825.045
21413,2011-06-13T09:00:00+00:00,5825.047
21413,2011-06-13T09:15:00+00:00,5825.047
21413,2011-06-13T09:30:00+00:00,5825.050
21413,2011-06-13T09:45:00+00:00,5825.054
21413,2011-06-13T10:00:00+00:00,5825.058
21413,2011-06-13T10:15:00+00:00,5825.065
21413,2011-06-13T10:30:00+00:00,5825.073
21413,2011-06-13T10:45:00+00:00,5825.081
21413,2011-06-13T11:00:00+00:00,5825.090
21413,2011-06-13T11:15:00+00:00,5825.100
21413,2011-06-13T11:30:00+00:00,5825.109
21413,2011-06-13T11:45:00+00:00,5825.119
21413,2011-06-13T12:00:00+00:00,5825.129
21413,2011-06-13T12:15:00+00:00,5825.138
21413,2011-06-13T12:30:00+00:00,5825.148
21413,2011-06-13T12:45:00+00:00,5825.159
21413,2011-06-13T13:00:00+00:00,5825.164
21413,2011-06-13T13:15:00+00:00,5825.172
21413,2011-06-13T13:30:00+00:00,5825.178
21413,2011-06-13T13:45:00+00:00,5825.182
21413,2011-06-13T14:00:00+00:00,5825.186
21413,2011-06-13T14:15:00+00:00,5825.188
21413,2011-06-13T14:30:00+00:00,5825.189
21413,2011-06-13T14:45:00+00:00,5825.190
21413,2011-06-13T15:00:00+00:00,5825.188
21413,2011-06-13T15:15:00+00:00,5825.184
21413,2011-06-13T15:30:00+00:00,5825.178
21413,2011-06-13T15:45:00+00:00,5825.169
21413,2011-06-13T16:00:00+00:00,5825.157
21413,2011-06-13T16:15:00+00:00,5825.143
21413,2011-06-13T16:30:00+00:00,5825.124
21413,2011-06-13T16:45:00+00:00,5825.108
21413,2011-06-13T17:00:00+00:00,5825.090
21413,2011-06-13T17:15:00+00:00,5825.071
21413,2011-06-13T17:30:00+00:00,5825.049
21413,2011-06-13T17:45:00+00:00,5825.026
21413,2011-06-13T18:00:00+00:00,5825.000
21413,2011-06-13T18:15:00+00:00,5824.975
21413,2011-06-13T18:30:00+00:00,5824.948
21413,2011-06-13T18:45:00+00:00,5824.921
21413,2011-06-13T19:00:00+00:00,5824.891
21413,2011-06-13T19:15:00+00:00,5824.864
21413,2011-06-13T19:30:00+00:00,5824.836
21413,2011-06-13T19:45:00+00:00,5824.808
21413,2011-06-13T20:00:00+00:00,5824.780
21413,2011-06-13T20:15:00+00:00,5824.754
21413,2011-06-13T20:30:00+00:00,5824.728
21413,2011-06-13T20:45:00+00:00,5824.703
21413,2011-06-13T21:00:00+00:00,5824.680
21413,2011-06-13T21:15:00+00:00,5824.657
21413,2011-06-13T21:30:00+00:00,5824.638
21413,2011-06-13T21:45:00+00:00,5824.620
21413,2011-06-13T22:00:00+00:00,5824.604
21413,2011-06-13T22:15:00+00:00,5824.593
21413,2011-06-13T22:30:00+00:00,5824.582
21413,2011-06-13T22:45:00+00:00,5824.575
21413,2011-06-13T23:00:00+00:00,5824.569
21413,2011-06-13T23:15:00+00:00,5824.568
21413,2011-06-13T23:30:00+00:00,5824.568
21413,2011-06-13T23:45:00+00:00,5824.574
21413,2011-06-14T00:00:00+00:00,5824.580
21413,2011-06-14T00:15:00+00:00,5824.588
21413,2011-06-14T00:30:00+00:00,5824.599
21413,2011-06-14T00:45:00+00:00,5824.609
21413,2011-06-14T01:00:00+00:00,5824.621
21413,2011-06-14T01:15:00+00:00,5824.636
21413,2011-06-14T01:30:00+00:00,5824.651
21413,2011-06-14T01:45:00+00:00,5824.669
21413,2011-06-14T02:00:00+00:00,5824.690
21413,2011-06-14T02:15:00+00:00,5824.712
21413,2011-06-14T02:30:00+00:00,5824.736
21413,2011-06-14T02:45:00+00:00,5824.761
21413,2011-06-14T03:00:00+00:00,5824.783
21413,2011-06-14T03:15:00+00:00,5824.808
21413,2011-06-14T03:30:00+00:00,5824.835
21413,2011-06-14T03:45:00+00:00,5824.858
21413,2011-06-14T04:00:00+00:00,5824.883
21413,2011-06-14T04:15:00+00:00,5824.906
21413,2011-06-14T04:30:00+00:00,5824.929
21413,2011-06-14T04:45:00+00:00,5824.949
21413,2011-06-14T05:00:00+00:00,5824.968
21413,2011-06-14T05:15:00+00:00,5824.986
21413,2011-06-14T05:30:00+00:00,5825.002
21413,2011-06-14T05:45:00+00:00,5825.017
21413,2011-06-14T06:00:00+00:00,5825.028
21413,2011-06-14T06:15:00+00:00,5825.039
21413,2011-06-14T06:30:00+00:00,5825.051
21413,2011-06-14T06:45:00+00:00,5825.060
21413,2011-06-14T07:00:00+00:00,5825.066
21413,2011-06-14T07:15:00+00:00,5825.071
21413,2011-06-14T07:30:00+00:00,5825.074
21413,2011-06-14T07:45:00+00:00,5825.077
21413,2011-06-14T08:00:00+00:00,5825.077
21413,2011-06-14T08:15:00+00:00,5825.080
21413,2011-06-14T08:30:00+00:00,5825.081
21413,2011-06-14T08:45:00+00:00,5825.079
21413,2011-06-14T09:00:00+00:00,5825.079
21413,2011-06-14T09:15:00+00:00,5825.079
21413,2011-06-14T09:30:00+00:00,5825.079
21413,2011-06-14T09:45:00+00:00,5825.077
21413,2011-06-14T10:00:00+00:00,5825.077
21413,2011-06-14T10:15:00+00:00,5825.082
21413,2011-06-14T10:30:00+00:00,5825.082
21413,2011-06-14T10:45:00+00:00,5825.086
21413,2011-06-14T11:00:00+00:00,5825.092
21413,2011-06-14T11:15:00+00:00,5825.100
21413,2011-06-14T11:30:00+00:00,5825.108
21413,2011-06-14T11:45:00+00:00,5825.116
21413,2011-06-14T12:00:00+00:00,5825.125
21413,2011-06-14T12:15:00+00:00,5825.133
21413,2011-06-14T12:30:00+00:00,5825.142
21413,2011-06-14T12:45:00+00:00,5825.153
21413,2011-06-14T13:00:00+00:00,5825.163
21413,2011-06-14T13:15:00+00:00,5825.174
21413,2011-06-14T13:30:00+00:00,5825.180
21413,2011-06-14T13:45:00+00:00,5825.191
21413,2011-06-14T14:00:00+00:00,5825.199
21413,2011-06-14T14:15:00+00:00,5825.204
21413,2011-06-14T14:30:00+00:00,5825.212
21413,2011-06-14T14:45:00+00:00,5825.216
21413,2011-06-14T15:00:00+00:00,5825.219
21413,2011-06-14T15:15:00+00:00,5825.222
21413,2011-06-14T15:30:00+00:00,5825.224
21413,2011-06-14T15:45:00+00:00,5825.223
21413,2011-06-14T16:00:00+00:00,5825.218
21413,2011-06-14T16:15:00+00:00,5825.209
21413,2011-06-14T16:30:00+00:00,5825.202
21413,2011-06-14T16:45:00+00:00,5825.190
21413,2011-06-14T17:00:00+00:00,5825.178
21413,2011-06-14T17:15:00+00:00,5825.164
21413,2011-06-14T17:30:00+00:00,5825.147
21413,2011-06-14T17:45:00+00:00,5825.127
21413,2011-06-14T18:00:00+00:00,5825.106
21413,2011-06-14T18:15:00+00:00,5825.082
21413,2011-06-14T18:30:00+00:00,5825.055
21413,2011-06-14T18:45:00+00:00,5825.027
21413,2011-06-14T19:00:00+00:00,5824.995
21413,2011-06-14T19:15:00+00:00,5824.966
21413,2011-06-14T19:30:00+00:00,5824.935
21413,2011-06-14T19:45:00+00:00,5824.905
21413,2011-06-14T20:00:00+00:00,5824.873
21413,2011-06-14T20:15:00+00:00,5824.842
21413,2011-06-14T20:30:00+00:00,5824.810
21413,2011-06-14T20:45:00+00:00,5824.778
21413,2011-06-14T21:00:00+00:00,5824.747
21413,2011-06-14T21:15:00+00:00,5824.713
21413,2011-06-14T21:30:00+00:00,5824.682
21413,2011-06-14T21:45:00+00:00,5824.653
21413,2011-06-14T22:00:00+00:00,5824.630
21413,2011-06-14T22:15:00+00:00,5824.606
21413,2011-06-14T22:30:00+00:00,5824.585
21413,2011-06-14T22:45:00+00:00,5824.567
21413,2011-06-14T23:00:00+00:00,5824.551
21413,2011-06-14T23:15:00+00:00,5824.538
21413,2011-06-14T23:30:00+00:00,5824.529
21413,2011-06-14T23:45:00+00:00,5824.522
21413,2011-06-15T00:00:00+00:00,5824.518
21413,2011-06-15T00:15:00+00:00,5824.521
21413,2011-06-15T00:30:00+00:00,5824.522
21413,2011-06-15T00:45:00+00:00,5824.527
21413,2011-06-15T01:00:00+00:00,5824.535
21413,2011-06-15T01:15:00+00:00,5824.543
21413,2011-06-15T01:30:00+00:00,5824.558
21413,2011-06-15T01:45:00+00:00,5824.572
21413,2011-06-15T02:00:00+00:00,5824.589
21413,2011-06-15T02:15:00+00:00,5824.609
21413,2011-06-15T02:30:00+00:00,5824.629
21413,2011-06-15T02:45:00+00:00,5824.654
21413,2011-06-15T03:00:00+00:00,5824.679
21413,2011-06-15T03:15:00+00:00,5824.709
21413,2011-06-15T03:30:00+00:00,5824.734
21413,2011-06-15T03:45:00+00:00,5824.759
21413,2011-06-15T04:00:00+00:00,5824.787
21413,2011-06-15T04:15:00+00:00,5824.816
21413,2011-06-15T04:30:00+00:00,5824.846
21413,2011-06-15T04:45:00+00:00,5824.870
21413,2011-06-15T05:00:00+00:00,5824.896
21413,2011-06-15T05:15:00+00:00,5824.922
21413,2011-06-15T05:30:00+00:00,5824.943
21413,2011-06-15T05:45:00+00:00,5824.963
21413,2011-06-15T06:00:00+00:00,5824.982
21413,2011-06-15T06:15:00+00:00,5825.000
21413,2011-06-15T06:30:00+00:00,5825.018
21413,2011-06-15T06:45:00+00:00,5825.032
21413,2011-06-15T07:00:00+00:00,5825.043
21413,2011-06-15T07:15:00+00:00,5825.052
21413,2011-06-15T07:30:00+00:00,5825.057
21413,2011-06-15T07:45:00+00:00,5825.062
21413,2011-06-15T08:00:00+00:00,5825.065
21413,2011-06-15T08:15:00+00:00,5825.071
21413,2011-06-15T08:30:00+00:00,5825.073
21413,2011-06-15T08:45:00+00:00,5825.075
21413,2011-06-15T09:00:00+00:00,5825.075
21413,2011-06-15T09:15:00+00:00,5825.078
21413,2011-06-15T09:30:00+00:00,5825.076
21413,2011-06-15T09:45:00+00:00,5825.072
21413,2011-06-15T10:00:00+00:00,5825.071
21413,2011-06-15T10:15:00+00:00,5825.069
21413,2011-06-15T10:30:00+00:00,5825.067
21413,2011-06-15T10:45:00+00:00,5825.070
21413,2011-06-15T11:00:00+00:00,5825.071
21413,2011-06-15T11:15:00+00:00,5825.073
21413,2011-06-15T11:30:00+00:00,5825.075
21413,2011-06-15T11:45:00+00:00,5825.080
21413,2011-06-15T12:00:00+00:00,5825.087
21413,2011-06-15T12:15:00+00:00,5825.096
21413,2011-06-15T12:30:00+00:00,5825.104
21413,2011-06-15T12:45:00+00:00,5825.113
21413,2011-06-15T13:00:00+00:00,5825.122
21413,2011-06-15T13:15:00+00:00,5825.131
21413,2011-06-15T13:30:00+00:00,5825.142
21413,2011-06-15T13:45:00+00:00,5825.153
21413,2011-06-15T14:00:00+00:00,5825.164
21413,2011-06-15T14:15:00+00:00,5825.173
21413,2011-06-15T14:30:00+00:00,5825.182
21413,2011-06-15T14:45:00+00:00,5825.192
21413,2011-06-15T15:00:00+00:00,5825.202
21413,2011-06-15T15:15:00+00:00,5825.211
21413,2011-06-15T15:30:00+00:00,5825.215
21413,2011-06-15T15:45:00+00:00,5825.220
21413,2011-06-15T16:00:00+00:00,5825.224
21413,2011-06-15T16:15:00+00:00,5825.227
21413,2011-06-15T16:30:00+00:00,5825.227
21413,2011-06-15T16:45:00+00:00,5825.222
21413,2011-06-15T17:00:00+00:00,5825.216
21413,2011-06-15T17:15:00+00:00,5825.211
21413,2011-06-15T17:30:00+00:00,5825.199
21413,2011-06-15T17:45:00+00:00,5825.188
21413,2011-06-15T18:00:00+00:00,5825.171
21413,2011-06-15T18:15:00+00:00,5825.155
21413,2011-06-15T18:30:00+00:00,5825.135
21413,2011-06-15T18:45:00+00:00,5825.113
21413,2011-06-15T19:00:00+00:00,5825.089
21413,2011-06-15T19:15:00+00:00,5825.063
21413,2011-06-15T19:30:00+00:00,5825.033
21413,2011-06-15T19:45:00+00:00,5825.004
21413,2011-06-15T20:00:00+00:00,5824.973
21413,2011-06-15T20:15:00+00:00,5824.938
21413,2011-06-15T20:30:00+00:00,5824.904
21413,2011-06-15T20:45:00+00:00,5824.867
21413,2011-06-15T21:00:00+00:00,5824.832
21413,2011-06-15T21:15:00+00:00,5824.792
21413,2011-06-15T21:30:00+00:00,5824.758
21413,2011-06-15T21:45:00+00:00,5824.721
21413,2011-06-15T22:00:00+00:00,5824.686
21413,2011-06-15T22:15:00+00:00,5824.654
21413,2011-06-15T22:30:00+00:00,5824.624
21413,2011-06-15T22:45:00+00:00,5824.596
21413,2011-06-15T23:00:00+00:00,5824.570
21413,2011-06-15T23:15:00+00:00,5824.546
21413,2011-06-15T23:30:00+00:00,5824.529
21413,2011-06-15T23:45:00+00:00,5824.513
21413,2011-06-16T00:00:00+00:00,5824.499
21413,2011-06-16T00:15:00+00:00,5824.492
21413,2011-06-16T00:30:00+00:00,5824.486
21413,2011-06-16T00:45:00+00:00,5824.482
21413,2011-06-16T01:00:00+00:00,5824.482
21413,2011-06-16T01:15:00+00:00,5824.485
21413,2011-06-16T01:30:00+00:00,5824.492
21413,2011-06-16T01:45:00+00:00,5824.505
21413,2011-06-16T02:00:00+00:00,5824.517
21413,2011-06-16T02:15:00+00:00,5824.534
21413,2011-06-16T02:30:00+00:00,5824.552
21413,2011-06-16T02:45:00+00:00,5824.572
21413,2011-06-16T03:00:00+00:00,5824.594
21413,2011-06-16T03:15:00+00:00,5824.615
21413,2011-06-16T03:30:00+00:00,5824.639
21413,2011-06-16T03:45:00+00:00,5824.666
21413,2011-06-16T04:00:00+00:00,5824.697
21413,2011-06-16T04:15:00+00:00,5824.726
21413,2011-06-16T04:30:00+00:00,5824.755
21413,2011-06-16T04:45:00+00:00,5824.782
21413,2011-06-16T05:00:00+00:00,5824.811
21413,2011-06-16T05:15:00+00:00,5824.838
21413,2011-06-16T05:30:00+00:00,5824.866
21413,2011-06-16T05:45:00+00:00,5824.890
21413,2011-06-16T06:00:00+00:00,5824.918
21413,2011-06-16T06:15:00+00:00,5824.941
21413,2011-06-16T06:30:00+00:00,5824.963
21413,2011-06-16T06:45:00+00:00,5824.980
21413,2011-06-16T07:00:00+00:00,5824.996
21413,2011-06-16T07:15:00+00:00,5825.011
21413,2011-06-16T07:30:00+00:00,5825.022
21413,2011-06-16T07:45:00+00:00,5825.032
21413,2011-06-16T08:00:00+00:00,5825.043
21413,2011-06-16T08:15:00+00:00,5825.047
21413,2011-06-16T08:30:00+00:00,5825.054
21413,2011-06-16T08:45:00+00:00,5825.056
21413,2011-06-16T09:00:00+00:00,5825.058
21413,2011-06-16T09:15:00+00:00,5825.058
21413,2011-06-16T09:30:00+00:00,5825.055
21413,2011-06-16T09:45:00+00:00,5825.055
21413,2011-06-16T10:00:00+00:00,5825.056
21413,2011-06-16T10:15:00+00:00,5825.053
21413,2011-06-16T10:30:00+00:00,5825.053
21413,2011-06-16T10:45:00+00:00,5825.053
21413,2011-06-16T11:00:00+00:00,5825.049
21413,2011-06-16T11:15:00+00:00,5825.050
21413,2011-06-16T11:30:00+00:00,5825.050
21413,2011-06-16T11:45:00+00:00,5825.050
21413,2011-06-16T12:00:00+00:00,5825.052
21413,2011-06-16T12:15:00+00:00,5825.054
21413,2011-06-16T12:30:00+00:00,5825.057
21413,2011-06-16T12:45:00+00:00,5825.060
21413,2011-06-16T13:00:00+00:00,5825.067
21413,2011-06-16T13:15:00+00:00,5825.073
21413,2011-06-16T13:30:00+00:00,5825.082
21413,2011-06-16T13:45:00+00:00,5825.092
21413,2011-06-16T14:00:00+00:00,5825.102
21413,2011-06-16T14:15:00+00:00,5825.113
21413,2011-06-16T14:30:00+00:00,5825.127
21413,2011-06-16T14:45:00+00:00,5825.139
21413,2011-06-16T15:00:00+00:00,5825.152
21413,2011-06-16T15:15:00+00:00,5825.161
21413,2011-06-16T15:30:00+00:00,5825.172
21413,2011-06-16T15:45:00+00:00,5825.183
21413,2011-06-16T16:00:00+00:00,5825.192
21413,2011-06-16T16:15:00+00:00,5825.199
21413,2011-06-16T16:30:00+00:00,5825.207
21413,2011-06-16T16:45:00+00:00,5825.214
21413,2011-06-16T17:00:00+00:00,5825.220
21413,2011-06-16T17:15:00+00:00,5825.220
21413,2011-06-16T17:30:00+00:00,5825.218
21413,2011-06-16T17:45:00+00:00,5825.215
21413,2011-06-16T18:00:00+00:00,5825.206
21413,2011-06-16T18:15:00+00:00,5825.197
21413,2011-06-16T18:30:00+00:00,5825.185
21413,2011-06-16T18:45:00+00:00,5825.171
21413,2011-06-16T19:00:00+00:00,5825.152
21413,2011-06-16T19:15:00+00:00,5825.130
21413,2011-06-16T19:30:00+00:00,5825.107
21413,2011-06-16T19:45:00+00:00,5825.082
21413,2011-06-16T20:00:00+00:00,5825.051
21413,2011-06-16T20:15:00+00:00,5825.019
21413,2011-06-16T20:30:00+00:00,5824.985
21413,2011-06-16T20:45:00+00:00,5824.951
21413,2011-06-16T21:00:00+00:00,5824.915
21413,2011-06-16T21:15:00+00:00,5824.879
21413,2011-06-16T21:30:00+00:00,5824.842
21413,2011-06-16T21:45:00+00:00,5824.806
21413,2011-06-16T22:00:00+00:00,5824.772
21413,2011-06-16T22:15:00+00:00,5824.734
21413,2011-06-16T22:30:00+00:00,5824.698
21413,2011-06-16T22:45:00+00:00,5824.662
21413,2011-06-16T23:00:00+00:00,5824.628
21413,2011-06-16T23:15:00+00:00,5824.599
21413,2011-06-16T23:30:00+00:00,5824.571
21413,2011-06-16T23:45:00+00:00,5824.548
21413,2011-06-17T00:00:00+00:00,5824.526
21413,2011-06-17T00:15:00+00:00,5824.509
21413,2011-06-17T00:30:00+00:00,5824.493
21413,2011-06-17T00:45:00+00:00,5824.480
21413,2011-06-17T01:00:00+00:00,5824.471
21413,2011-06-17T01:15:00+00:00,5824.467
21413,2011-06-17T01:30:00+00:00,5824.467
21413,2011-06-17T01:45:00+00:00,5824.473
21413,2011-06-17T02:00:00+00:00,5824.478
21413,2011-06-17T02:15:00+00:00,5824.489
21413,2011-06-17T02:30:00+00:00,5824.501
21413,2011-06-17T02:45:00+00:00,5824.515
21413,2011-06-17T03:00:00+00:00,5824.533
21413,2011-06-17T03:15:00+00:00,5824.554
21413,2011-06-17T03:30:00+00:00,5824.575
21413,2011-06-17T03:45:00+00:00,5824.598
21413,2011-06-17T04:00:00+00:00,5824.623
21413,2011-06-17T04:15:00+00:00,5824.649
21413,2011-06-17T04:30:00+00:00,5824.678
21413,2011-06-17T04:45:00+00:00,5824.708
21413,2011-06-17T05:00:00+00:00,5824.737
21413,2011-06-17T05:15:00+00:00,5824.769
21413,2011-06-17T05:30:00+00:00,5824.798
21413,2011-06-17T05:45:00+00:00,5824.825
21413,2011-06-17T06:00:00+00:00,5824.851
21413,2011-06-17T06:15:00+00:00,5824.879
21413,2011-06-17T06:30:00+00:00,5824.907
21413,2011-06-17T06:45:00+00:00,5824.932
21413,2011-06-17T07:00:00+00:00,5824.951
21413,2011-06-17T07:15:00+00:00,5824.970
21413,2011-06-17T07:30:00+00:00,5824.987
21413,2011-06-17T07:45:00+00:00,5825.002
21413,2011-06-17T08:00:00+00:00,5825.015
21413,2011-06-17T08:15:00+00:00,5825.027
21413,2011-06-17T08:30:00+00:00,5825.036
21413,2011-06-17T08:45:00+00:00,5825.044
21413,2011-06-17T09:00:00+00:00,5825.051
21413,2011-06-17T09:15:00+00:00,5825.053
21413,2011-06-17T09:30:00+00:00,5825.054
21413,2011-06-17T09:45:00+00:00,5825.053
21413,2011-06-17T10:00:00+00:00,5825.052
21413,2011-06-17T10:15:00+00:00,5825.050
21413,2011-06-17T10:30:00+00:00,5825.049
21413,2011-06-17T10:45:00+00:00,5825.046
21413,2011-06-17T11:00:00+00:00,5825.042
21413,2011-06-17T11:15:00+00:00,5825.038
21413,2011-06-17T11:30:00+00:00,5825.035
21413,2011-06-17T11:45:00+00:00,5825.035
21413,2011-06-17T12:00:00+00:00,5825.033
21413,2011-06-17T12:15:00+00:00,5825.031
21413,2011-06-17T12:30:00+00:00,5825.030
21413,2011-06-17T12:45:00+00:00,5825.029
21413,2011-06-17T13:00:00+00:00,5825.032
21413,2011-06-17T13:15:00+00:00,5825.035
21413,2011-06-17T13:30:00+00:00,5825.038
21413,2011-06-17T13:45:00+00:00,5825.045
21413,2011-06-17T14:00:00+00:00,5825.052
21413,2011-06-17T14:15:00+00:00,5825.064
21413,2011-06-17T14:30:00+00:00,5825.074
21413,2011-06-17T14:45:00+00:00,5825.085
21413,2011-06-17T15:00:00+00:00,5825.099
21413,2011-06-17T15:15:00+00:00,5825.113
21413,2011-06-17T15:30:00+00:00,5825.127
21413,2011-06-17T15:45:00+00:00,5825.142
21413,2011-06-17T16:00:00+00:00,5825.154
21413,2011-06-17T16:15:00+00:00,5825.166
21413,2011-06-17T16:30:00+00:00,5825.175
21413,2011-06-17T16:45:00+00:00,5825.188
21413,2011-06-17T17:00:00+00:00,5825.199
21413,2011-06-17T17:15:00+00:00,5825.206
21413,2011-06-17T17:30:00+00:00,5825.213
21413,2011-06-17T17:45:00+00:00,5825.219
21413,2011-06-17T18:00:00+00:00,5825.221
21413,2011-06-17T18:15:00+00:00,5825.224
21413,2011-06-17T18:30:00+00:00,5825.222
21413,2011-06-17T18:45:00+00:00,5825.216
21413,2011-06-17T19:00:00+00:00,5825.207
21413,2011-06-17T19:15:00+00:00,5825.196
21413,2011-06-17T19:30:00+00:00,5825.182
21413,2011-06-17T19:45:00+00:00,5825.165
21413,2011-06-17T20:00:00+00:00,5825.142
21413,2011-06-17T20:15:00+00:00,5825.118
21413,2011-06-17T20:30:00+00:00,5825.087
21413,2011-06-17T20:45:00+00:00,5825.060
21413,2011-06-17T21:00:00+00:00,5825.027
21413,2011-06-17T21:15:00+00:00,5824.993
21413,2011-06-17T21:30:00+00:00,5824.958
21413,2011-06-17T21:45:00+00:00,5824.924
21413,2011-06-17T22:00:00+00:00,5824.887
21413,2011-06-17T22:15:00+00:00,5824.847
21413,2011-06-17T22:30:00+00:00,5824.811
21413,2011-06-17T22:45:00+00:00,5824.773
21413,2011-06-17T23:00:00+00:00,5824.737
21413,2011-06-17T23:15:00+00:00,5824.702
21413,2011-06-17T23:30:00+00:00,5824.670
21413,2011-06-17T23:45:00+00:00,5824.640
21413,2011-06-18T00:00:00+00:00,5824.612
21413,2011-06-18T00:15:00+00:00,5824.589
21413,2011-06-18T00:30:00+00:00,5824.569
21413,2011-06-18T00:45:00+00:00,5824.547
21413,2011-06-18T01:00:00+00:00,5824.529
21413,2011-06-18T01:15:00+00:00,5824.516
21413,2011-06-18T01:30:00+00:00,5824.506
21413,2011-06-18T01:45:00+00:00,5824.499
21413,2011-06-18T02:00:00+00:00,5824.498
21413,2011-06-18T02:15:00+00:00,5824.499
21413,2011-06-18T02:30:00+00:00,5824.505
21413,2011-06-18T02:45:00+00:00,5824.515
21413,2011-06-18T03:00:00+00:00,5824.526
21413,2011-06-18T03:15:00+00:00,5824.540
21413,2011-06-18T03:30:00+00:00,5824.558
21413,2011-06-18T03:45:00+00:00,5824.579
21413,2011-06-18T04:00:00+00:00,5824.602
21413,2011-06-18T04:15:00+00:00,5824.626
21413,2011-06-18T04:30:00+00:00,5824.652
21413,2011-06-18T04:45:00+00:00,5824.680
21413,2011-06-18T05:00:00+00:00,5824.707
21413,2011-06-18T05:15:00+00:00,5824.734
21413,2011-06-18T05:30:00+00:00,5824.761
21413,2011-06-18T05:45:00+00:00,5824.791
21413,2011-06-18T06:00:00+00:00,5824.818
21413,2011-06-18T06:15:00+00:00,5824.845
21413,2011-06-18T06:30:00+00:00,5824.871
21413,2011-06-18T06:45:00+00:00,5824.894
21413,2011-06-18T07:00:00+00:00,5824.919
21413,2011-06-18T07:15:00+00:00,5824.941
21413,2011-06-18T07:30:00+00:00,5824.963
21413,2011-06-18T07:45:00+00:00,5824.981
21413,2011-06-18T08:00:00+00:00,5824.998
21413,2011-06-18T08:15:00+00:00,5825.013
21413,2011-06-18T08:30:00+00:00,5825.025
21413,2011-06-18T08:45:00+00:00,5825.034
21413,2011-06-18T09:00:00+00:00,5825.040
21413,2011-06-18T09:15:00+00:00,5825.044
21413,2011-06-18T09:30:00+00:00,5825.047
21413,2011-06-18T09:45:00+00:00,5825.047
21413,2011-06-18T10:00:00+00:00,5825.047
21413,2011-06-18T10:15:00+00:00,5825.045
21413,2011-06-18T10:30:00+00:00,5825.041
21413,2011-06-18T10:45:00+00:00,5825.038
21413,2011-06-18T11:00:00+00:00,5825.034
21413,2011-06-18T11:15:00+00:00,5825.028
21413,2011-06-18T11:30:00+00:00,5825.023
21413,2011-06-18T11:45:00+00:00,5825.017
21413,2011-06-18T12:00:00+00:00,5825.014
21413,2011-06-18T12:15:00+00:00,5825.010
21413,2011-06-18T12:30:00+00:00,5825.003
21413,2011-06-18T12:45:00+00:00,5825.000
21413,2011-06-18T13:00:00+00:00,5824.996
21413,2011-06-18T13:15:00+00:00,5824.994
21413,2011-06-18T13:30:00+00:00,5824.993
21413,2011-06-18T13:45:00+00:00,5824.994
21413,2011-06-18T14:00:00+00:00,5824.997
21413,2011-06-18T14:15:00+00:00,5825.004
21413,2011-06-18T14:30:00+00:00,5825.010
21413,2011-06-18T14:45:00+00:00,5825.019
21413,2011-06-18T15:00:00+00:00,5825.028
21413,2011-06-18T15:15:00+00:00,5825.040
21413,2011-06-18T15:30:00+00:00,5825.054
21413,2011-06-18T15:45:00+00:00,5825.069
21413,2011-06-18T16:00:00+00:00,5825.083
21413,2011-06-18T16:15:00+00:00,5825.097
21413,2011-06-18T16:30:00+00:00,5825.111
21413,2011-06-18T16:45:00+00:00,5825.126
21413,2011-06-18T17:00:00+00:00,5825.140
21413,2011-06-18T17:15:00+00:00,5825.154
21413,2011-06-18T17:30:00+00:00,5825.167
21413,2011-06-18T17:45:00+00:00,5825.178
21413,2011-06-18T18:00:00+00:00,5825.189
21413,2011-06-18T18:15:00+00:00,5825.196
21413,2011-06-18T18:30:00+00:00,5825.204
21413,2011-06-18T18:45:00+00:00,5825.210
21413,2011-06-18T19:00:00+00:00,5825.210
21413,2011-06-18T19:15:00+00:00,5825.208
21413,2011-06-18T19:30:00+00:00,5825.204
21413,2011-06-18T19:45:00+00:00,5825.196
21413,2011-06-18T20:00:00+00:00,5825.183
21413,2011-06-18T20:15:00+00:00,5825.169
21413,2011-06-18T20:30:00+00:00,5825.152
21413,2011-06-18T20:45:00+00:00,5825.132
21413,2011-06-18T21:00:00+00:00,5825.107
21413,2011-06-18T21:15:00+00:00,5825.079
21413,2011-06-18T21:30:00+00:00,5825.053
21413,2011-06-18T21:45:00+00:00,5825.023
21413,2011-06-18T22:00:00+00:00,5824.992
21413,2011-06-18T22:15:00+00:00,5824.955
21413,2011-06-18T22:30:00+00:00,5824.920
21413,2011-06-18T22:45:00+00:00,5824.883
21413,2011-06-18T23:00:00+00:00,5824.844
21413,2011-06-18T23:15:00+00:00,5824.808
21413,2011-06-18T23:30:00+00:00,5824.775
21413,2011-06-18T23:45:00+00:00,5824.744
21413,2011-06-19T00:00:00+00:00,5824.713
21413,2011-06-19T00:15:00+00:00,5824.685
21413,2011-06-19T00:30:00+00:00,5824.656
21413,2011-06-19T00:45:00+00:00,5824.633
21413,2011-06-19T01:00:00+00:00,5824.610
21413,2011-06-19T01:15:00+00:00,5824.589
21413,2011-06-19T01:30:00+00:00,5824.570
21413,2011-06-19T01:45:00+00:00,5824.557
21413,2011-06-19T02:00:00+00:00,5824.548
21413,2011-06-19T02:15:00+00:00,5824.543
21413,2011-06-19T02:30:00+00:00,5824.541
21413,2011-06-19T02:45:00+00:00,5824.544
21413,2011-06-19T03:00:00+00:00,5824.547
21413,2011-06-19T03:15:00+00:00,5824.558
21413,2011-06-19T03:30:00+00:00,5824.572
21413,2011-06-19T03:45:00+00:00,5824.588
21413,2011-06-19T04:00:00+00:00,5824.605
21413,2011-06-19T04:15:00+00:00,5824.625
21413,2011-06-19T04:30:00+00:00,5824.646
21413,2011-06-19T04:45:00+00:00,5824.668
21413,2011-06-19T05:00:00+00:00,5824.694
21413,2011-06-19T05:15:00+00:00,5824.719
21413,2011-06-19T05:30:00+00:00,5824.744
21413,2011-06-19T05:45:00+00:00,5824.766
21413,2011-06-19T06:00:00+00:00,5824.792
21413,2011-06-19T06:15:00+00:00,5824.823
21413,2011-06-19T06:30:00+00:00,5824.850
21413,2011-06-19T06:45:00+00:00,5824.875
21413,2011-06-19T07:00:00+00:00,5824.900
21413,2011-06-19T07:15:00+00:00,5824.926
21413,2011-06-19T07:30:00+00:00,5824.949
21413,2011-06-19T07:45:00+00:00,5824.971
21413,2011-06-19T08:00:00+00:00,5824.990
21413,2011-06-19T08:15:00+00:00,5825.007
21413,2011-06-19T08:30:00+00:00,5825.021
21413,2011-06-19T08:45:00+00:00,5825.034
21413,2011-06-19T09:00:00+00:00,5825.045
21413,2011-06-19T09:15:00+00:00,5825.055
21413,2011-06-19T09:30:00+00:00,5825.063
21413,2011-06-19T09:45:00+00:00,5825.065
21413,2011-06-19T10:00:00+00:00,5825.068
21413,2011-06-19T10:15:00+00:00,5825.067
21413,2011-06-19T10:30:00+00:00,5825.065
21413,2011-06-19T10:45:00+00:00,5825.062
21413,2011-06-19T11:00:00+00:00,5825.057
21413,2011-06-19T11:15:00+00:00,5825.050
21413,2011-06-19T11:30:00+00:00,5825.045
21413,2011-06-19T11:45:00+00:00,5825.039
21413,2011-06-19T12:00:00+00:00,5825.031
21413,2011-06-19T12:15:00+00:00,5825.024
21413,2011-06-19T12:30:00+00:00,5825.014
21413,2011-06-19T12:45:00+00:00,5825.005
21413,2011-06-19T13:00:00+00:00,5825.001
21413,2011-06-19T13:15:00+00:00,5824.995
21413,2011-06-19T13:30:00+00:00,5824.988
21413,2011-06-19T13:45:00+00:00,5824.982
21413,2011-06-19T14:00:00+00:00,5824.981
21413,2011-06-19T14:15:00+00:00,5824.982
21413,2011-06-19T14:30:00+00:00,5824.982
21413,2011-06-19T14:45:00+00:00,5824.985
21413,2011-06-19T15:00:00+00:00,5824.989
21413,2011-06-19T15:15:00+00:00,5824.997
21413,2011-06-19T15:30:00+00:00,5825.006
21413,2011-06-19T15:45:00+00:00,5825.017
21413,2011-06-19T16:00:00+00:00,5825.029
21413,2011-06-19T16:15:00+00:00,5825.040
21413,2011-06-19T16:30:00+00:00,5825.054
21413,2011-06-19T16:45:00+00:00,5825.070
21413,2011-06-19T17:00:00+00:00,5825.085
21413,2011-06-19T17:15:00+00:00,5825.099
21413,2011-06-19T17:30:00+00:00,5825.115
21413,2011-06-19T17:45:00+00:00,5825.128
21413,2011-06-19T18:00:00+00:00,5825.142
21413,2011-06-19T18:15:00+00:00,5825.155
21413,2011-06-19T18:30:00+00:00,5825.169
21413,2011-06-19T18:45:00+00:00,5825.180
21413,2011-06-19T19:00:00+00:00,5825.186
21413,2011-06-19T19:15:00+00:00,5825.193
21413,2011-06-19T19:30:00+00:00,5825.197
21413,2011-06-19T19:45:00+00:00,5825.197
21413,2011-06-19T20:00:00+00:00,5825.193
21413,2011-06-19T20:15:00+00:00,5825.188
21413,2011-06-19T20:30:00+00:00,5825.180
21413,2011-06-19T20:45:00+00:00,5825.170
21413,2011-06-19T21:00:00+00:00,5825.155
21413,2011-06-19T21:15:00+00:00,5825.138
21413,2011-06-19T21:30:00+00:00,5825.117
21413,2011-06-19T21:45:00+00:00,5825.095
21413,2011-06-19T22:00:00+00:00,5825.074
21413,2011-06-19T22:15:00+00:00,5825.047
21413,2011-06-19T22:30:00+00:00,5825.015
21413,2011-06-19T22:45:00+00:00,5824.983
21413,2011-06-19T23:00:00+00:00,5824.952
21413,2011-06-19T23:15:00+00:00,5824.918
21413,2011-06-19T23:30:00+00:00,5824.886
21413,2011-06-19T23:45:00+00:00,5824.855
21413,2011-06-20T00:00:00+00:00,5824.826
21413,2011-06-20T00:15:00+00:00,5824.797
21413,2011-06-20T00:30:00+00:00,5824.767
21413,2011-06-20T00:45:00+00:00,5824.739
21413,2011-06-20T01:00:00+00:00,5824.712
21413,2011-06-20T01:15:00+00:00,5824.689
21413,2011-06-20T01:30:00+00:00,5824.670
21413,2011-06-20T01:45:00+00:00,5824.652
21413,2011-06-20T02:00:00+00:00,5824.636
21413,2011-06-20T02:15:00+00:00,5824.622
21413,2011-06-20T02:30:00+00:00,5824.617
21413,2011-06-20T02:45:00+00:00,5824.611
21413,2011-06-20T03:00:00+00:00,5824.610
21413,2011-06-20T03:15:00+00:00,5824.612
21413,2011-06-20T03:30:00+00:00,5824.616
21413,2011-06-20T03:45:00+00:00,5824.623
21413,2011-06-20T04:00:00+00:00,5824.631
21413,2011-06-20T04:15:00+00:00,5824.644
21413,2011-06-20T04:30:00+00:00,5824.660
21413,2011-06-20T04:45:00+00:00,5824.677
21413,2011-06-20T05:00:00+00:00,5824.699
21413,2011-06-20T05:15:00+00:00,5824.720
21413,2011-06-20T05:30:00+00:00,5824.743
21413,2011-06-20T05:45:00+00:00,5824.767
21413,2011-06-20T06:00:00+00:00,5824.790
21413,2011-06-20T06:15:00+00:00,5824.812
21413,2011-06-20T06:30:00+00:00,5824.834
21413,2011-06-20T06:45:00+00:00,5824.858
21413,2011-06-20T07:00:00+00:00,5824.882
21413,2011-06-20T07:15:00+00:00,5824.906
21413,2011-06-20T07:30:00+00:00,5824.928
21413,2011-06-20T07:45:00+00:00,5824.951
21413,2011-06-20T08:00:00+00:00,5824.971
21413,2011-06-20T08:15:00+00:00,5824.990
21413,2011-06-20T08:30:00+00:00,5825.007
21413,2011-06-20T08:45:00+00:00,5825.024
21413,2011-06-20T09:00:00+00:00,5825.034
21413,2011-06-20T09:15:00+00:00,5825.048
21413,2011-06-20T09:30:00+00:00,5825.055
21413,2011-06-20T09:45:00+00:00,5825.061
21413,2011-06-20T10:00:00+00:00,5825.068
21413,2011-06-20T10:15:00+00:00,5825.072
21413,2011-06-20T10:30:00+00:00,5825.074
21413,2011-06-20T10:45:00+00:00,5825.071
21413,2011-06-20T11:00:00+00:00,5825.067
21413,2011-06-20T11:15:00+00:00,5825.061
21413,2011-06-20T11:30:00+00:00,5825.055
21413,2011-06-20T11:45:00+00:00,5825.047
21413,2011-06-20T12:00:00+00:00,5825.038
21413,2011-06-20T12:15:00+00:00,5825.028
21413,2011-06-20T12:30:00+00:00,5825.019
21413,2011-06-20T12:45:00+00:00,5825.008
21413,2011-06-20T13:00:00+00:00,5825.001
21413,2011-06-20T13:15:00+00:00,5824.991
21413,2011-06-20T13:30:00+00:00,5824.982
21413,2011-06-20T13:45:00+00:00,5824.974
21413,2011-06-20T14:00:00+00:00,5824.967
21413,2011-06-20T14:15:00+00:00,5824.961
21413,2011-06-20T14:30:00+00:00,5824.956
21413,2011-06-20T14:45:00+00:00,5824.951
21413,2011-06-20T15:00:00+00:00,5824.949
21413,2011-06-20T15:15:00+00:00,5824.948
21413,2011-06-20T15:30:00+00:00,5824.951
21413,2011-06-20T15:45:00+00:00,5824.954
21413,2011-06-20T16:00:00+00:00,5824.961
21413,2011-06-20T16:15:00+00:00,5824.971
21413,2011-06-20T16:30:00+00:00,5824.982
21413,2011-06-20T16:45:00+00:00,5824.992
21413,2011-06-20T17:00:00+00:00,5825.004
21413,2011-06-20T17:15:00+00:00,5825.018
21413,2011-06-20T17:30:00+00:00,5825.032
21413,2011-06-20T17:45:00+00:00,5825.044
21413,2011-06-20T18:00:00+00:00,5825.061
21413,2011-06-20T18:15:00+00:00,5825.074
21413,2011-06-20T18:30:00+00:00,5825.090
21413,2011-06-20T18:45:00+00:00,5825.104
21413,2011-06-20T19:00:00+00:00,5825.115
21413,2011-06-20T19:15:00+00:00,5825.127
21413,2011-06-20T19:30:00+00:00,5825.134
21413,2011-06-20T19:45:00+00:00,5825.141
21413,2011-06-20T20:00:00+00:00,5825.145
21413,2011-06-20T20:15:00+00:00,5825.147
21413,2011-06-20T20:30:00+00:00,5825.148
21413,2011-06-20T20:45:00+00:00,5825.146
21413,2011-06-20T21:00:00+00:00,5825.141
21413,2011-06-20T21:15:00+00:00,5825.132
21413,2011-06-20T21:30:00+00:00,5825.122
21413,2011-06-20T21:45:00+00:00,5825.106
21413,2011-06-20T22:00:00+00:00,5825.088
21413,2011-06-20T22:15:00+00:00,5825.067
21413,2011-06-20T22:30:00+00:00,5825.045
21413,2011-06-20T22:45:00+00:00,5825.022
21413,2011-06-20T23:00:00+00:00,5824.998
21413,2011-06-20T23:15:00+00:00,5824.974
21413,2011-06-20T23:30:00+00:00,5824.949
21413,2011-06-20T23:45:00+00:00,5824.923
21413,2011-06-21T00:00:00+00:00,5824.895
21413,2011-06-21T00:15:00+00:00,5824.871
21413,2011-06-21T00:30:00+00:00,5824.846
21413,2011-06-21T00:45:00+00:00,5824.816
21413,2011-06-21T01:00:00+00:00,5824.791
21413,2011-06-21T01:15:00+00:00,5824.764
21413,2011-06-21T01:30:00+00:00,5824.745
21413,2011-06-21T01:45:00+00:00,5824.724
21413,2011-06-21T02:00:00+00:00,5824.706
21413,2011-06-21T02:15:00+00:00,5824.693
21413,2011-06-21T02:30:00+00:00,5824.679
21413,2011-06-21T02:45:00+00:00,5824.671
21413,2011-06-21T03:00:00+00:00,5824.661
21413,2011-06-21T03:15:00+00:00,5824.656
21413,2011-06-21T03:30:00+00:00,5824.656
21413,2011-06-21T03:45:00+00:00,5824.657
21413,2011-06-21T04:00:00+00:00,5824.661
21413,2011-06-21T04:15:00+00:00,5824.666
21413,2011-06-21T04:30:00+00:00,5824.676
21413,2011-06-21T04:45:00+00:00,5824.690
21413,2011-06-21T05:00:00+00:00,5824.702
21413,2011-06-21T05:15:00+00:00,5824.718
21413,2011-06-21T05:30:00+00:00,5824.735
21413,2011-06-21T05:45:00+00:00,5824.755
21413,2011-06-21T06:00:00+00:00,5824.775
21413,2011-06-21T06:15:00+00:00,5824.797
21413,2011-06-21T06:30:00+00:00,5824.817
21413,2011-06-21T06:45:00+00:00,5824.837
21413,2011-06-21T07:00:00+00:00,5824.858
21413,2011-06-21T07:15:00+00:00,5824.883
21413,2011-06-21T07:30:00+00:00,5824.905
21413,2011-06-21T07:45:00+00:00,5824.927
21413,2011-06-21T08:00:00+00:00,5824.945
21413,2011-06-21T08:15:00+00:00,5824.968
21413,2011-06-21T08:30:00+00:00,5824.983
21413,2011-06-21T08:45:00+00:00,5824.997
21413,2011-06-21T09:00:00+00:00,5825.013
21413,2011-06-21T09:15:00+00:00,5825.027
21413,2011-06-21T09:30:00+00:00,5825.041
21413,2011-06-21T09:45:00+00:00,5825.049
21413,2011-06-21T10:00:00+00:00,5825.058
21413,2011-06-21T10:15:00+00:00,5825.064
21413,2011-06-21T10:30:00+00:00,5825.069
21413,2011-06-21T10:45:00+00:00,5825.070
21413,2011-06-21T11:00:00+00:00,5825.070
21413,2011-06-21T11:15:00+00:00,5825.066
21413,2011-06-21T11:30:00+00:00,5825.062
21413,2011-06-21T11:45:00+00:00,5825.057
21413,2011-06-21T12:00:00+00:00,5825.046
21413,2011-06-21T12:15:00+00:00,5825.038
21413,2011-06-21T12:30:00+00:00,5825.029
21413,2011-06-21T12:45:00+00:00,5825.020
21413,2011-06-21T13:00:00+00:00,5825.010
21413,2011-06-21T13:15:00+00:00,5824.997
21413,2011-06-21T13:30:00+00:00,5824.986
21413,2011-06-21T13:45:00+00:00,5824.971
21413,2011-06-21T14:00:00+00:00,5824.961
21413,2011-06-21T14:15:00+00:00,5824.950
21413,2011-06-21T14:30:00+00:00,5824.941
21413,2011-06-21T14:45:00+00:00,5824.933
21413,2011-06-21T15:00:00+00:00,5824.923
21413,2011-06-21T15:15:00+00:00,5824.920
21413,2011-06-21T15:30:00+00:00,5824.914
21413,2011-06-21T15:45:00+00:00,5824.912
21413,2011-06-21T16:00:00+00:00,5824.911
21413,2011-06-21T16:15:00+00:00,5824.911
21413,2011-06-21T16:30:00+00:00,5824.915
21413,2011-06-21T16:45:00+00:00,5824.916
21413,2011-06-21T17:00:00+00:00,5824.921
21413,2011-06-21T17:15:00+00:00,5824.930
21413,2011-06-21T17:30:00+00:00,5824.938
21413,2011-06-21T17:45:00+00:00,5824.949
21413,2011-06-21T18:00:00+00:00,5824.961
21413,2011-06-21T18:15:00+00:00,5824.974
21413,2011-06-21T18:30:00+00:00,5824.987
21413,2011-06-21T18:45:00+00:00,5825.000
21413,2011-06-21T19:00:00+00:00,5825.012
21413,2011-06-21T19:15:00+00:00,5825.024
21413,2011-06-21T19:30:00+00:00,5825.036
21413,2011-06-21T19:45:00+00:00,5825.044
21413,2011-06-21T20:00:00+00:00,5825.054
21413,2011-06-21T20:15:00+00:00,5825.059
21413,2011-06-21T20:30:00+00:00,5825.064
21413,2011-06-21T20:45:00+00:00,5825.066
21413,2011-06-21T21:00:00+00:00,5825.065
21413,2011-06-21T21:15:00+00:00,5825.066
21413,2011-06-21T21:30:00+00:00,5825.062
21413,2011-06-21T21:45:00+00:00,5825.056
21413,2011-06-21T22:00:00+00:00,5825.048
21413,2011-06-21T22:15:00+00:00,5825.035
21413,2011-06-21T22:30:00+00:00,5825.026
21413,2011-06-21T22:45:00+00:00,5825.014
21413,2011-06-21T23:00:00+00:00,5824.997
21413,2011-06-21T23:15:00+00:00,5824.979
21413,2011-06-21T23:30:00+00:00,5824.963
21413,2011-06-21T23:45:00+00:00,5824.942
21413,2011-06-22T00:00:00+00:00,5824.920
21413,2011-06-22T00:15:00+00:00,5824.898
21413,2011-06-22T00:30:00+00:00,5824.877
21413,2011-06-22T00:45:00+00:00,5824.854
21413,2011-06-22T01:00:00+00:00,5824.832
21413,2011-06-22T01:15:00+00:00,5824.809
21413,2011-06-22T01:30:00+00:00,5824.789
21413,2011-06-22T01:45:00+00:00,5824.771
21413,2011-06-22T02:00:00+00:00,5824.758
21413,2011-06-22T02:15:00+00:00,5824.743
21413,2011-06-22T02:30:00+00:00,5824.726
21413,2011-06-22T02:45:00+00:00,5824.715
21413,2011-06-22T03:00:00+00:00,5824.705
21413,2011-06-22T03:15:00+00:00,5824.701
21413,2011-06-22T03:30:00+00:00,5824.698
21413,2011-06-22T03:45:00+00:00,5824.697
21413,2011-06-22T04:00:00+00:00,5824.696
21413,2011-06-22T04:15:00+00:00,5824.697
21413,2011-06-22T04:30:00+00:00,5824.700
21413,2011-06-22T04:45:00+00:00,5824.705
21413,2011-06-22T05:00:00+00:00,5824.712
21413,2011-06-22T05:15:00+00:00,5824.723
21413,2011-06-22T05:30:00+00:00,5824.736
21413,2011-06-22T05:45:00+00:00,5824.751
21413,2011-06-22T06:00:00+00:00,5824.766
21413,2011-06-22T06:15:00+00:00,5824.783
21413,2011-06-22T06:30:00+00:00,5824.802
21413,2011-06-22T06:45:00+00:00,5824.821
21413,2011-06-22T07:00:00+00:00,5824.842
21413,2011-06-22T07:15:00+00:00,5824.864
21413,2011-06-22T07:30:00+00:00,5824.882
21413,2011-06-22T07:45:00+00:00,5824.904
21413,2011-06-22T08:00:00+00:00,5824.923
21413,2011-06-22T08:15:00+00:00,5824.944
21413,2011-06-22T08:30:00+00:00,5824.964
21413,2011-06-22T08:45:00+00:00,5824.983
21413,2011-06-22T09:00:00+00:00,5824.997
21413,2011-06-22T09:15:00+00:00,5825.013
21413,2011-06-22T09:30:00+00:00,5825.026
21413,2011-06-22T09:45:00+00:00,5825.037
21413,2011-06-22T10:00:00+00:00,5825.049
21413,2011-06-22T10:15:00+00:00,5825.057
21413,2011-06-22T10:30:00+00:00,5825.061
21413,2011-06-22T10:45:00+00:00,5825.065
21413,2011-06-22T11:00:00+00:00,5825.068
21413,2011-06-22T11:15:00+00:00,5825.069
21413,2011-06-22T11:30:00+00:00,5825.068
21413,2011-06-22T11:45:00+00:00,5825.063
21413,2011-06-22T12:00:00+00:00,5825.057
21413,2011-06-22T12:15:00+00:00,5825.048
21413,2011-06-22T12:30:00+00:00,5825.043
21413,2011-06-22T12:45:00+00:00,5825.035
21413,2011-06-22T13:00:00+00:00,5825.025
21413,2011-06-22T13:15:00+00:00,5825.014
21413,2011-06-22T13:30:00+00:00,5825.002
21413,2011-06-22T13:45:00+00:00,5824.987
21413,2011-06-22T14:00:00+00:00,5824.972
21413,2011-06-22T14:15:00+00:00,5824.959
21413,2011-06-22T14:30:00+00:00,5824.945
21413,2011-06-22T14:45:00+00:00,5824.932
21413,2011-06-22T15:00:00+00:00,5824.922
21413,2011-06-22T15:15:00+00:00,5824.914
21413,2011-06-22T15:30:00+00:00,5824.902
21413,2011-06-22T15:45:00+00:00,5824.894
21413,2011-06-22T16:00:00+00:00,5824.884
21413,2011-06-22T16:15:00+00:00,5824.877
21413,2011-06-22T16:30:00+00:00,5824.874
21413,2011-06-22T16:45:00+00:00,5824.870
21413,2011-06-22T17:00:00+00:00,5824.870
21413,2011-06-22T17:15:00+00:00,5824.871
21413,2011-06-22T17:30:00+00:00,5824.876
21413,2011-06-22T17:45:00+00:00,5824.879
21413,2011-06-22T18:00:00+00:00,5824.887
21413,2011-06-22T18:15:00+00:00,5824.894
21413,2011-06-22T18:30:00+00:00,5824.901
21413,2011-06-22T18:45:00+00:00,5824.911
21413,2011-06-22T19:00:00+00:00,5824.924
21413,2011-06-22T19:15:00+00:00,5824.935
21413,2011-06-22T19:30:00+00:00,5824.947
21413,2011-06-22T19:45:00+00:00,5824.954
21413,2011-06-22T20:00:00+00:00,5824.964
21413,2011-06-22T20:15:00+00:00,5824.975
21413,2011-06-22T20:30:00+00:00,5824.982
21413,2011-06-22T20:45:00+00:00,5824.988
21413,2011-06-22T21:00:00+00:00,5824.992
21413,2011-06-22T21:15:00+00:00,5824.995
21413,2011-06-22T21:30:00+00:00,5824.998
21413,2011-06-22T21:45:00+00:00,5824.999
21413,2011-06-22T22:00:00+00:00,5824.997
21413,2011-06-22T22:15:00+00:00,5824.993
21413,2011-06-22T22:30:00+00:00,5824.988
21413,2011-06-22T22:45:00+00:00,5824.983
21413,2011-06-22T23:00:00+00:00,5824.975
21413,2011-06-22T23:15:00+00:00,5824.968
21413,2011-06-22T23:30:00+00:00,5824.959
21413,2011-06-22T23:45:00+00:00,5824.946
21413,2011-06-23T00:00:00+00:00,5824.935
21413,2011-06-23T00:15:00+00:00,5824.922
21413,2011-06-23T00:30:00+00:00,5824.910
21413,2011-06-23T00:45:00+00:00,5824.895
21413,2011-06-23T01:00:00+00:00,5824.879
21413,2011-06-23T01:15:00+00:00,5824.865
21413,2011-06-23T01:30:00+00:00,5824.850
21413,2011-06-23T01:45:00+00:00,5824.835
21413,2011-06-23T02:00:00+00:00,5824.825
21413,2011-06-23T02:15:00+00:00,5824.811
21413,2011-06-23T02:30:00+00:00,5824.800
21413,2011-06-23T02:45:00+00:00,5824.788
21413,2011-06-23T03:00:00+00:00,5824.776
21413,2011-06-23T03:15:00+00:00,5824.767
21413,2011-06-23T03:30:00+00:00,5824.761
21413,2011-06-23T03:45:00+00:00,5824.758
21413,2011-06-23T04:00:00+00:00,5824.756
21413,2011-06-23T04:15:00+00:00,5824.754
21413,2011-06-23T04:30:00+00:00,5824.754
21413,2011-06-23T04:45:00+00:00,5824.755
21413,2011-06-23T05:00:00+00:00,5824.759
21413,2011-06-23T05:15:00+00:00,5824.765
21413,2011-06-23T05:30:00+00:00,5824.773
21413,2011-06-23T05:45:00+00:00,5824.782
21413,2011-06-23T06:00:00+00:00,5824.793
21413,2011-06-23T06:15:00+00:00,5824.808
21413,2011-06-23T06:30:00+00:00,5824.821
21413,2011-06-23T06:45:00+00:00,5824.838
21413,2011-06-23T07:00:00+00:00,5824.856
21413,2011-06-23T07:15:00+00:00,5824.872
21413,2011-06-23T07:30:00+00:00,5824.890
21413,2011-06-23T07:45:00+00:00,5824.908
21413,2011-06-23T08:00:00+00:00,5824.926
21413,2011-06-23T08:15:00+00:00,5824.946
21413,2011-06-23T08:30:00+00:00,5824.962
21413,2011-06-23T08:45:00+00:00,5824.978
21413,2011-06-23T09:00:00+00:00,5824.996
21413,2011-06-23T09:15:00+00:00,5825.010
21413,2011-06-23T09:30:00+00:00,5825.026
21413,2011-06-23T09:45:00+00:00,5825.040
21413,2011-06-23T10:00:00+00:00,5825.049
21413,2011-06-23T10:15:00+00:00,5825.059
21413,2011-06-23T10:30:00+00:00,5825.066
21413,2011-06-23T10:45:00+00:00,5825.070
21413,2011-06-23T11:00:00+00:00,5825.075
21413,2011-06-23T11:15:00+00:00,5825.080
21413,2011-06-23T11:30:00+00:00,5825.082
21413,2011-06-23T11:45:00+00:00,5825.081
21413,2011-06-23T12:00:00+00:00,5825.079
21413,2011-06-23T12:15:00+00:00,5825.073
21413,2011-06-23T12:30:00+00:00,5825.068
21413,2011-06-23T12:45:00+00:00,5825.061
21413,2011-06-23T13:00:00+00:00,5825.051
21413,2011-06-23T13:15:00+00:00,5825.040
21413,2011-06-23T13:30:00+00:00,5825.027
21413,2011-06-23T13:45:00+00:00,5825.016
21413,2011-06-23T14:00:00+00:00,5825.001
21413,2011-06-23T14:15:00+00:00,5824.987
21413,2011-06-23T14:30:00+00:00,5824.971
21413,2011-06-23T14:45:00+00:00,5824.954
21413,2011-06-23T15:00:00+00:00,5824.941
21413,2011-06-23T15:15:00+00:00,5824.926
21413,2011-06-23T15:30:00+00:00,5824.910
21413,2011-06-23T15:45:00+00:00,5824.897
21413,2011-06-23T16:00:00+00:00,5824.883
21413,2011-06-23T16:15:00+00:00,5824.874
21413,2011-06-23T16:30:00+00:00,5824.865
21413,2011-06-23T16:45:00+00:00,5824.858
21413,2011-06-23T17:00:00+00:00,5824.853
21413,2011-06-23T17:15:00+00:00,5824.844
21413,2011-06-23T17:30:00+00:00,5824.840
21413,2011-06-23T17:45:00+00:00,5824.835
21413,2011-06-23T18:00:00+00:00,5824.835
21413,2011-06-23T18:15:00+00:00,5824.835
21413,2011-06-23T18:30:00+00:00,5824.838
21413,2011-06-23T18:45:00+00:00,5824.839
21413,2011-06-23T19:00:00+00:00,5824.846
21413,2011-06-23T19:15:00+00:00,5824.854
21413,2011-06-23T19:30:00+00:00,5824.860
21413,2011-06-23T19:45:00+00:00,5824.866
21413,2011-06-23T20:00:00+00:00,5824.876
21413,2011-06-23T20:15:00+00:00,5824.887
21413,2011-06-23T20:30:00+00:00,5824.894
21413,2011-06-23T20:45:00+00:00,5824.900
21413,2011-06-23T21:00:00+00:00,5824.908
21413,2011-06-23T21:15:00+00:00,5824.915
21413,2011-06-23T21:30:00+00:00,5824.920
21413,2011-06-23T21:45:00+00:00,5824.924
21413,2011-06-23T22:00:00+00:00,5824.927
21413,2011-06-23T22:15:00+00:00,5824.932
21413,2011-06-23T22:30:00+00:00,5824.936
21413,2011-06-23T22:45:00+00:00,5824.937
21413,2011-06-23T23:00:00+00:00,5824.937
21413,2011-06-23T23:15:00+00:00,5824.935
21413,2011-06-23T23:30:00+00:00,5824.935
21413,2011-06-23T23:45:00+00:00,5824.936
21413,2011-06-24T00:00:00+00:00,5824.930
21413,2011-06-24T00:15:00+00:00,5824.926
21413,2011-06-24T00:30:00+00:00,5824.918
21413,2011-06-24T00:45:00+00:00,5824.911
21413,2011-06-24T01:00:00+00:00,5824.902
21413,2011-06-24T01:15:00+00:00,5824.893
21413,2011-06-24T01:30:00+00:00,5824.886
21413,2011-06-24T01:45:00+00:00,5824.876
21413,2011-06-24T02:00:00+00:00,5824.868
21413,2011-06-24T02:15:00+00:00,5824.861
21413,2011-06-24T02:30:00+00:00,5824.851
21413,2011-06-24T02:45:00+00:00,5824.847
21413,2011-06-24T03:00:00+00:00,5824.839
21413,2011-06-24T03:15:00+00:00,5824.833
21413,2011-06-24T03:30:00+00:00,5824.831
21413,2011-06-24T03:45:00+00:00,5824.828
21413,2011-06-24T04:00:00+00:00,5824.827
21413,2011-06-24T04:15:00+00:00,5824.820
21413,2011-06-24T04:30:00+00:00,5824.822
21413,2011-06-24T04:45:00+00:00,5824.822
21413,2011-06-24T05:00:00+00:00,5824.823
21413,2011-06-24T05:15:00+00:00,5824.827
21413,2011-06-24T05:30:00+00:00,5824.833
21413,2011-06-24T05:45:00+00:00,5824.834
21413,2011-06-24T06:00:00+00:00,5824.840
21413,2011-06-24T06:15:00+00:00,5824.846
21413,2011-06-24T06:30:00+00:00,5824.853
21413,2011-06-24T06:45:00+00:00,5824.863
21413,2011-06-24T07:00:00+00:00,5824.876
21413,2011-06-24T07:15:00+00:00,5824.889
21413,2011-06-24T07:30:00+00:00,5824.902
21413,2011-06-24T07:45:00+00:00,5824.918
21413,2011-06-24T08:00:00+00:00,5824.932
21413,2011-06-24T08:15:00+00:00,5824.947
21413,2011-06-24T08:30:00+00:00,5824.962
21413,2011-06-24T08:45:00+00:00,5824.976
21413,2011-06-24T09:00:00+00:00,5824.990
21413,2011-06-24T09:15:00+00:00,5825.005
21413,2011-06-24T09:30:00+00:00,5825.017
21413,2011-06-24T09:45:00+00:00,5825.031
21413,2011-06-24T10:00:00+00:00,5825.045
21413,2011-06-24T10:15:00+00:00,5825.055
21413,2011-06-24T10:30:00+00:00,5825.067
21413,2011-06-24T10:45:00+00:00,5825.077
21413,2011-06-24T11:00:00+00:00,5825.083
21413,2011-06-24T11:15:00+00:00,5825.086
21413,2011-06-24T11:30:00+00:00,5825.089
21413,2011-06-24T11:45:00+00:00,5825.093
21413,2011-06-24T12:00:00+00:00,5825.092
21413,2011-06-24T12:15:00+00:00,5825.091
21413,2011-06-24T12:30:00+00:00,5825.090
21413,2011-06-24T12:45:00+00:00,5825.085
21413,2011-06-24T13:00:00+00:00,5825.076
21413,2011-06-24T13:15:00+00:00,5825.069
21413,2011-06-24T13:30:00+00:00,5825.059
21413,2011-06-24T13:45:00+00:00,5825.049
21413,2011-06-24T14:00:00+00:00,5825.038
21413,2011-06-24T14:15:00+00:00,5825.027
21413,2011-06-24T14:30:00+00:00,5825.014
21413,2011-06-24T14:45:00+00:00,5825.000
21413,2011-06-24T15:00:00+00:00,5824.987
21413,2011-06-24T15:15:00+00:00,5824.972
21413,2011-06-24T15:30:00+00:00,5824.955
21413,2011-06-24T15:45:00+00:00,5824.937
21413,2011-06-24T16:00:00+00:00,5824.923
21413,2011-06-24T16:15:00+00:00,5824.905
21413,2011-06-24T16:30:00+00:00,5824.889
21413,2011-06-24T16:45:00+00:00,5824.875
21413,2011-06-24T17:00:00+00:00,5824.862
21413,2011-06-24T17:15:00+00:00,5824.849
21413,2011-06-24T17:30:00+00:00,5824.838
21413,2011-06-24T17:45:00+00:00,5824.827
21413,2011-06-24T18:00:00+00:00,5824.817
21413,2011-06-24T18:15:00+00:00,5824.810
21413,2011-06-24T18:30:00+00:00,5824.805
21413,2011-06-24T18:45:00+00:00,5824.802
21413,2011-06-24T19:00:00+00:00,5824.802
21413,2011-06-24T19:15:00+00:00,5824.801
21413,2011-06-24T19:30:00+00:00,5824.800
21413,2011-06-24T19:45:00+00:00,5824.800
21413,2011-06-24T20:00:00+00:00,5824.801
21413,2011-06-24T20:15:00+00:00,5824.804
21413,2011-06-24T20:30:00+00:00,5824.807
21413,2011-06-24T20:45:00+00:00,5824.811
21413,2011-06-24T21:00:00+00:00,5824.817
21413,2011-06-24T21:15:00+00:00,5824.824
21413,2011-06-24T21:30:00+00:00,5824.829
21413,2011-06-24T21:45:00+00:00,5824.833
21413,2011-06-24T22:00:00+00:00,5824.837
21413,2011-06-24T22:15:00+00:00,5824.843
21413,2011-06-24T22:30:00+00:00,5824.847
21413,2011-06-24T22:45:00+00:00,5824.850
21413,2011-06-24T23:00:00+00:00,5824.859
21413,2011-06-24T23:15:00+00:00,5824.866
21413,2011-06-24T23:30:00+00:00,5824.871
21413,2011-06-24T23:45:00+00:00,5824.874
21413,2011-06-25T00:00:00+00:00,5824.876
21413,2011-06-25T00:15:00+00:00,5824.877
21413,2011-06-25T00:30:00+00:00,5824.879
21413,2011-06-25T00:45:00+00:00,5824.880
21413,2011-06-25T01:00:00+00:00,5824.879
21413,2011-06-25T01:15:00+00:00,5824.877
21413,2011-06-25T01:30:00+00:00,5824.878
21413,2011-06-25T01:45:00+00:00,5824.874
21413,2011-06-25T02:00:00+00:00,5824.871
21413,2011-06-25T02:15:00+00:00,5824.871
21413,2011-06-25T02:30:00+00:00,5824.869
21413,2011-06-25T02:45:00+00:00,5824.867
21413,2011-06-25T03:00:00+00:00,5824.864
21413,2011-06-25T03:15:00+00:00,5824.860
21413,2011-06-25T03:30:00+00:00,5824.859
21413,2011-06-25T03:45:00+00:00,5824.859
21413,2011-06-25T04:00:00+00:00,5824.858
21413,2011-06-25T04:15:00+00:00,5824.858
21413,2011-06-25T04:30:00+00:00,5824.857
21413,2011-06-25T04:45:00+00:00,5824.857
21413,2011-06-25T05:00:00+00:00,5824.857
21413,2011-06-25T05:15:00+00:00,5824.860
21413,2011-06-25T05:30:00+00:00,5824.862
21413,2011-06-25T05:45:00+00:00,5824.863
21413,2011-06-25T06:00:00+00:00,5824.870
21413,2011-06-25T06:15:00+00:00,5824.874
21413,2011-06-25T06:30:00+00:00,5824.880
21413,2011-06-25T06:45:00+00:00,5824.886
21413,2011-06-25T07:00:00+00:00,5824.895
21413,2011-06-25T07:15:00+00:00,5824.903
21413,2011-06-25T07:30:00+00:00,5824.911
21413,2011-06-25T07:45:00+00:00,5824.924
21413,2011-06-25T08:00:00+00:00,5824.932
21413,2011-06-25T08:15:00+00:00,5824.942
21413,2011-06-25T08:30:00+00:00,5824.954
21413,2011-06-25T08:45:00+00:00,5824.964
21413,2011-06-25T09:00:00+00:00,5824.976
21413,2011-06-25T09:15:00+00:00,5824.990
21413,2011-06-25T09:30:00+00:00,5825.002
21413,2011-06-25T09:45:00+00:00,5825.016
21413,2011-06-25T10:00:00+00:00,5825.027
21413,2011-06-25T10:15:00+00:00,5825.041
21413,2011-06-25T10:30:00+00:00,5825.051
21413,2011-06-25T10:45:00+00:00,5825.060
21413,2011-06-25T11:00:00+00:00,5825.071
21413,2011-06-25T11:15:00+00:00,5825.078
21413,2011-06-25T11:30:00+00:00,5825.084
21413,2011-06-25T11:45:00+00:00,5825.090
21413,2011-06-25T12:00:00+00:00,5825.094
21413,2011-06-25T12:15:00+00:00,5825.098
21413,2011-06-25T12:30:00+00:00,5825.098
21413,2011-06-25T12:45:00+00:00,5825.097
21413,2011-06-25T13:00:00+00:00,5825.096
21413,2011-06-25T13:15:00+00:00,5825.091
21413,2011-06-25T13:30:00+00:00,5825.086
21413,2011-06-25T13:45:00+00:00,5825.078
21413,2011-06-25T14:00:00+00:00,5825.069
21413,2011-06-25T14:15:00+00:00,5825.062
21413,2011-06-25T14:30:00+00:00,5825.053
21413,2011-06-25T14:45:00+00:00,5825.041
21413,2011-06-25T15:00:00+00:00,5825.026
21413,2011-06-25T15:15:00+00:00,5825.010
21413,2011-06-25T15:30:00+00:00,5824.997
21413,2011-06-25T15:45:00+00:00,5824.980
21413,2011-06-25T16:00:00+00:00,5824.962
21413,2011-06-25T16:15:00+00:00,5824.945
21413,2011-06-25T16:30:00+00:00,5824.926
21413,2011-06-25T16:45:00+00:00,5824.909
21413,2011-06-25T17:00:00+00:00,5824.890
21413,2011-06-25T17:15:00+00:00,5824.872
21413,2011-06-25T17:30:00+00:00,5824.855
21413,2011-06-25T17:45:00+00:00,5824.840
21413,2011-06-25T18:00:00+00:00,5824.827
21413,2011-06-25T18:15:00+00:00,5824.811
21413,2011-06-25T18:30:00+00:00,5824.800
21413,2011-06-25T18:45:00+00:00,5824.787
21413,2011-06-25T19:00:00+00:00,5824.779
21413,2011-06-25T19:15:00+00:00,5824.769
21413,2011-06-25T19:30:00+00:00,5824.759
21413,2011-06-25T19:45:00+00:00,5824.754
21413,2011-06-25T20:00:00+00:00,5824.751
21413,2011-06-25T20:15:00+00:00,5824.747
21413,2011-06-25T20:30:00+00:00,5824.742
21413,2011-06-25T20:45:00+00:00,5824.745
21413,2011-06-25T21:00:00+00:00,5824.745
21413,2011-06-25T21:15:00+00:00,5824.747
21413,2011-06-25T21:30:00+00:00,5824.748
21413,2011-06-25T21:45:00+00:00,5824.750
21413,2011-06-25T22:00:00+00:00,5824.756
21413,2011-06-25T22:15:00+00:00,5824.761
21413,2011-06-25T22:30:00+00:00,5824.764
21413,2011-06-25T22:45:00+00:00,5824.772
21413,2011-06-25T23:00:00+00:00,5824.779
21413,2011-06-25T23:15:00+00:00,5824.788
21413,2011-06-25T23:30:00+00:00,5824.796
21413,2011-06-25T23:45:00+00:00,5824.805
21413,2011-06-26T00:00:00+00:00,5824.812
21413,2011-06-26T00:15:00+00:00,5824.823
21413,2011-06-26T00:30:00+00:00,5824.831
21413,2011-06-26T00:45:00+00:00,5824.840
21413,2011-06-26T01:00:00+00:00,5824.848
21413,2011-06-26T01:15:00+00:00,5824.856
21413,2011-06-26T01:30:00+00:00,5824.863
21413,2011-06-26T01:45:00+00:00,5824.870
21413,2011-06-26T02:00:00+00:00,5824.874
21413,2011-06-26T02:15:00+00:00,5824.878
21413,2011-06-26T02:30:00+00:00,5824.884
21413,2011-06-26T02:45:00+00:00,5824.889
21413,2011-06-26T03:00:00+00:00,5824.894
21413,2011-06-26T03:15:00+00:00,5824.897
21413,2011-06-26T03:30:00+00:00,5824.901
21413,2011-06-26T03:45:00+00:00,5824.904
21413,2011-06-26T04:00:00+00:00,5824.907
21413,2011-06-26T04:15:00+00:00,5824.911
21413,2011-06-26T04:30:00+00:00,5824.916
21413,2011-06-26T04:45:00+00:00,5824.918
21413,2011-06-26T05:00:00+00:00,5824.922
21413,2011-06-26T05:15:00+00:00,5824.924
21413,2011-06-26T05:30:00+00:00,5824.929
21413,2011-06-26T05:45:00+00:00,5824.931
21413,2011-06-26T06:00:00+00:00,5824.930
21413,2011-06-26T06:15:00+00:00,5824.935
21413,2011-06-26T06:30:00+00:00,5824.939
21413,2011-06-26T06:45:00+00:00,5824.944
21413,2011-06-26T07:00:00+00:00,5824.949
21413,2011-06-26T07:15:00+00:00,5824.954
21413,2011-06-26T07:30:00+00:00,5824.961
21413,2011-06-26T07:45:00+00:00,5824.969
21413,2011-06-26T08:00:00+00:00,5824.974
21413,2011-06-26T08:15:00+00:00,5824.980
21413,2011-06-26T08:30:00+00:00,5824.990
21413,2011-06-26T08:45:00+00:00,5824.996
21413,2011-06-26T09:00:00+00:00,5825.005
21413,2011-06-26T09:15:00+00:00,5825.012
21413,2011-06-26T09:30:00+00:00,5825.022
21413,2011-06-26T09:45:00+00:00,5825.035
21413,2011-06-26T10:00:00+00:00,5825.045
21413,2011-06-26T10:15:00+00:00,5825.056
21413,2011-06-26T10:30:00+00:00,5825.066
21413,2011-06-26T10:45:00+00:00,5825.075
21413,2011-06-26T11:00:00+00:00,5825.085
21413,2011-06-26T11:15:00+00:00,5825.091
21413,2011-06-26T11:30:00+00:00,5825.098
21413,2011-06-26T11:45:00+00:00,5825.104
21413,2011-06-26T12:00:00+00:00,5825.112
21413,2011-06-26T12:15:00+00:00,5825.116
21413,2011-06-26T12:30:00+00:00,5825.124
21413,2011-06-26T12:45:00+00:00,5825.125
21413,2011-06-26T13:00:00+00:00,5825.129
21413,2011-06-26T13:15:00+00:00,5825.130
21413,2011-06-26T13:30:00+00:00,5825.128
21413,2011-06-26T13:45:00+00:00,5825.121
21413,2011-06-26T14:00:00+00:00,5825.116
21413,2011-06-26T14:15:00+00:00,5825.109
21413,2011-06-26T14:30:00+00:00,5825.103
21413,2011-06-26T14:45:00+00:00,5825.094
21413,2011-06-26T15:00:00+00:00,5825.083
21413,2011-06-26T15:15:00+00:00,5825.071
21413,2011-06-26T15:30:00+00:00,5825.059
21413,2011-06-26T15:45:00+00:00,5825.047
21413,2011-06-26T16:00:00+00:00,5825.029
21413,2011-06-26T16:15:00+00:00,5825.013
21413,2011-06-26T16:30:00+00:00,5824.996
21413,2011-06-26T16:45:00+00:00,5824.977
21413,2011-06-26T17:00:00+00:00,5824.957
21413,2011-06-26T17:15:00+00:00,5824.938
21413,2011-06-26T17:30:00+00:00,5824.921
21413,2011-06-26T17:45:00+00:00,5824.902
21413,2011-06-26T18:00:00+00:00,5824.885
21413,2011-06-26T18:15:00+00:00,5824.866
21413,2011-06-26T18:30:00+00:00,5824.847
21413,2011-06-26T18:45:00+00:00,5824.828
21413,2011-06-26T19:00:00+00:00,5824.811
21413,2011-06-26T19:15:00+00:00,5824.794
21413,2011-06-26T19:30:00+00:00,5824.779
21413,2011-06-26T19:45:00+00:00,5824.763
21413,2011-06-26T20:00:00+00:00,5824.749
21413,2011-06-26T20:15:00+00:00,5824.738
21413,2011-06-26T20:30:00+00:00,5824.729
21413,2011-06-26T20:45:00+00:00,5824.722
21413,2011-06-26T21:00:00+00:00,5824.715
21413,2011-06-26T21:15:00+00:00,5824.709
21413,2011-06-26T21:30:00+00:00,5824.707
21413,2011-06-26T21:45:00+00:00,5824.702
21413,2011-06-26T22:00:00+00:00,5824.700
21413,2011-06-26T22:15:00+00:00,5824.703
21413,2011-06-26T22:30:00+00:00,5824.708
21413,2011-06-26T22:45:00+00:00,5824.712
21413,2011-06-26T23:00:00+00:00,5824.719
21413,2011-06-26T23:15:00+00:00,5824.726
21413,2011-06-26T23:30:00+00:00,5824.737
21413,2011-06-26T23:45:00+00:00,5824.746
21413,2011-06-27T00:00:00+00:00,5824.754
21413,2011-06-27T00:15:00+00:00,5824.767
21413,2011-06-27T00:30:00+00:00,5824.778
21413,2011-06-27T00:45:00+00:00,5824.794
21413,2011-06-27T01:00:00+00:00,5824.807
21413,2011-06-27T01:15:00+00:00,5824.821
21413,2011-06-27T01:30:00+00:00,5824.836
21413,2011-06-27T01:45:00+00:00,5824.850
21413,2011-06-27T02:00:00+00:00,5824.865
21413,2011-06-27T02:15:00+00:00,5824.876
21413,2011-06-27T02:30:00+00:00,5824.889
21413,2011-06-27T02:45:00+00:00,5824.901
21413,2011-06-27T03:00:00+00:00,5824.911
21413,2011-06-27T03:15:00+00:00,5824.923
21413,2011-06-27T03:30:00+00:00,5824.934
21413,2011-06-27T03:45:00+00:00,5824.944
21413,2011-06-27T04:00:00+00:00,5824.954
21413,2011-06-27T04:15:00+00:00,5824.962
21413,2011-06-27T04:30:00+00:00,5824.971
21413,2011-06-27T04:45:00+00:00,5824.977
21413,2011-06-27T05:00:00+00:00,5824.984
21413,2011-06-27T05:15:00+00:00,5824.989
21413,2011-06-27T05:30:00+00:00,5824.993
21413,2011-06-27T05:45:00+00:00,5824.998
21413,2011-06-27T06:00:00+00:00,5825.005
21413,2011-06-27T06:15:00+00:00,5825.010
21413,2011-06-27T06:30:00+00:00,5825.012
21413,2011-06-27T06:45:00+00:00,5825.013
21413,2011-06-27T07:00:00+00:00,5825.016
21413,2011-06-27T07:15:00+00:00,5825.017
21413,2011-06-27T07:30:00+00:00,5825.020
21413,2011-06-27T07:45:00+00:00,5825.022
21413,2011-06-27T08:00:00+00:00,5825.024
21413,2011-06-27T08:15:00+00:00,5825.026
21413,2011-06-27T08:30:00+00:00,5825.032
21413,2011-06-27T08:45:00+00:00,5825.038
21413,2011-06-27T09:00:00+00:00,5825.046
21413,2011-06-27T09:15:00+00:00,5825.051
21413,2011-06-27T09:30:00+00:00,5825.057
21413,2011-06-27T09:45:00+00:00,5825.064
21413,2011-06-27T10:00:00+00:00,5825.072
21413,2011-06-27T10:15:00+00:00,5825.079
21413,2011-06-27T10:30:00+00:00,5825.089
21413,2011-06-27T10:45:00+00:00,5825.097
21413,2011-06-27T11:00:00+00:00,5825.103
21413,2011-06-27T11:15:00+00:00,5825.110
21413,2011-06-27T11:30:00+00:00,5825.117
21413,2011-06-27T11:45:00+00:00,5825.124
21413,2011-06-27T12:00:00+00:00,5825.132
21413,2011-06-27T12:15:00+00:00,5825.140
21413,2011-06-27T12:30:00+00:00,5825.144
21413,2011-06-27T12:45:00+00:00,5825.148
21413,2011-06-27T13:00:00+00:00,5825.152
21413,2011-06-27T13:15:00+00:00,5825.156
21413,2011-06-27T13:30:00+00:00,5825.159
21413,2011-06-27T13:45:00+00:00,5825.160
21413,2011-06-27T14:00:00+00:00,5825.160
21413,2011-06-27T14:15:00+00:00,5825.159
21413,2011-06-27T14:30:00+00:00,5825.154
21413,2011-06-27T14:45:00+00:00,5825.152
21413,2011-06-27T15:00:00+00:00,5825.145
21413,2011-06-27T15:15:00+00:00,5825.137
21413,2011-06-27T15:30:00+00:00,5825.128
21413,2011-06-27T15:45:00+00:00,5825.116
21413,2011-06-27T16:00:00+00:00,5825.102
21413,2011-06-27T16:15:00+00:00,5825.091
21413,2011-06-27T16:30:00+00:00,5825.075
21413,2011-06-27T16:45:00+00:00,5825.058
21413,2011-06-27T17:00:00+00:00,5825.040
21413,2011-06-27T17:15:00+00:00,5825.024
21413,2011-06-27T17:30:00+00:00,5825.002
21413,2011-06-27T17:45:00+00:00,5824.983
21413,2011-06-27T18:00:00+00:00,5824.962
21413,2011-06-27T18:15:00+00:00,5824.942
21413,2011-06-27T18:30:00+00:00,5824.918
21413,2011-06-27T18:45:00+00:00,5824.896
21413,2011-06-27T19:00:00+00:00,5824.874
21413,2011-06-27T19:15:00+00:00,5824.852
21413,2011-06-27T19:30:00+00:00,5824.828
21413,2011-06-27T19:45:00+00:00,5824.809
21413,2011-06-27T20:00:00+00:00,5824.788
21413,2011-06-27T20:15:00+00:00,5824.766
21413,2011-06-27T20:30:00+00:00,5824.748
21413,2011-06-27T20:45:00+00:00,5824.730
21413,2011-06-27T21:00:00+00:00,5824.713
21413,2011-06-27T21:15:00+00:00,5824.698
21413,2011-06-27T21:30:00+00:00,5824.684
21413,2011-06-27T21:45:00+00:00,5824.674
21413,2011-06-27T22:00:00+00:00,5824.664
21413,2011-06-27T22:15:00+00:00,5824.658
21413,2011-06-27T22:30:00+00:00,5824.655
21413,2011-06-27T22:45:00+00:00,5824.656
21413,2011-06-27T23:00:00+00:00,5824.660
21413,2011-06-27T23:15:00+00:00,5824.665
21413,2011-06-27T23:30:00+00:00,5824.670
21413,2011-06-27T23:45:00+00:00,5824.679
21413,2011-06-28T00:00:00+00:00,5824.687
21413,2011-06-28T00:15:00+00:00,5824.697
21413,2011-06-28T00:30:00+00:00,5824.709
21413,2011-06-28T00:45:00+00:00,5824.723
21413,2011-06-28T01:00:00+00:00,5824.740
21413,2011-06-28T01:15:00+00:00,5824.755
21413,2011-06-28T01:30:00+00:00,5824.777
21413,2011-06-28T01:45:00+00:00,5824.794
21413,2011-06-28T02:00:00+00:00,5824.812
21413,2011-06-28T02:15:00+00:00,5824.832
21413,2011-06-28T02:30:00+00:00,5824.854
21413,2011-06-28T02:45:00+00:00,5824.872
21413,2011-06-28T03:00:00+00:00,5824.890
21413,2011-06-28T03:15:00+00:00,5824.908
21413,2011-06-28T03:30:00+00:00,5824.928
21413,2011-06-28T03:45:00+00:00,5824.942
21413,2011-06-28T04:00:00+00:00,5824.960
21413,2011-06-28T04:15:00+00:00,5824.976
21413,2011-06-28T04:30:00+00:00,5824.992
21413,2011-06-28T04:45:00+00:00,5825.004
21413,2011-06-28T05:00:00+00:00,5825.013
21413,2011-06-28T05:15:00+00:00,5825.021
21413,2011-06-28T05:30:00+00:00,5825.028
21413,2011-06-28T05:45:00+00:00,5825.038
21413,2011-06-28T06:00:00+00:00,5825.044
21413,2011-06-28T06:15:00+00:00,5825.048
21413,2011-06-28T06:30:00+00:00,5825.053
21413,2011-06-28T06:45:00+00:00,5825.056
21413,2011-06-28T07:00:00+00:00,5825.063
21413,2011-06-28T07:15:00+00:00,5825.066
21413,2011-06-28T07:30:00+00:00,5825.069
21413,2011-06-28T07:45:00+00:00,5825.071
21413,2011-06-28T08:00:00+00:00,5825.072
21413,2011-06-28T08:15:00+00:00,5825.074
21413,2011-06-28T08:30:00+00:00,5825.073
21413,2011-06-28T08:45:00+00:00,5825.072
21413,2011-06-28T09:00:00+00:00,5825.072
21413,2011-06-28T09:15:00+00:00,5825.075
21413,2011-06-28T09:30:00+00:00,5825.078
21413,2011-06-28T09:45:00+00:00,5825.082
21413,2011-06-28T10:00:00+00:00,5825.087
21413,2011-06-28T10:15:00+00:00,5825.089
21413,2011-06-28T10:30:00+00:00,5825.094
21413,2011-06-28T10:45:00+00:00,5825.098
21413,2011-06-28T11:00:00+00:00,5825.104
21413,2011-06-28T11:15:00+00:00,5825.110
21413,2011-06-28T11:30:00+00:00,5825.116
21413,2011-06-28T11:45:00+00:00,5825.122
21413,2011-06-28T12:00:00+00:00,5825.131
21413,2011-06-28T12:15:00+00:00,5825.138
21413,2011-06-28T12:30:00+00:00,5825.144
21413,2011-06-28T12:45:00+00:00,5825.150
21413,2011-06-28T13:00:00+00:00,5825.156
21413,2011-06-28T13:15:00+00:00,5825.162
21413,2011-06-28T13:30:00+00:00,5825.166
21413,2011-06-28T13:45:00+00:00,5825.170
21413,2011-06-28T14:00:00+00:00,5825.174
21413,2011-06-28T14:15:00+00:00,5825.179
21413,2011-06-28T14:30:00+00:00,5825.182
21413,2011-06-28T14:45:00+00:00,5825.181
21413,2011-06-28T15:00:00+00:00,5825.184
21413,2011-06-28T15:15:00+00:00,5825.177
21413,2011-06-28T15:30:00+00:00,5825.176
21413,2011-06-28T15:45:00+00:00,5825.167
21413,2011-06-28T16:00:00+00:00,5825.159
21413,2011-06-28T16:15:00+00:00,5825.150
21413,2011-06-28T16:30:00+00:00,5825.138
21413,2011-06-28T16:45:00+00:00,5825.126
21413,2011-06-28T17:00:00+00:00,5825.112
21413,2011-06-28T17:15:00+00:00,5825.096
21413,2011-06-28T17:30:00+00:00,5825.077
21413,2011-06-28T17:45:00+00:00,5825.058
21413,2011-06-28T18:00:00+00:00,5825.040
21413,2011-06-28T18:15:00+00:00,5825.021
21413,2011-06-28T18:30:00+00:00,5824.998
21413,2011-06-28T18:45:00+00:00,5824.971
21413,2011-06-28T19:00:00+00:00,5824.945
21413,2011-06-28T19:15:00+00:00,5824.919
21413,2011-06-28T19:30:00+00:00,5824.891
21413,2011-06-28T19:45:00+00:00,5824.864
21413,2011-06-28T20:00:00+00:00,5824.838
21413,2011-06-28T20:15:00+00:00,5824.810
21413,2011-06-28T20:30:00+00:00,5824.783
21413,2011-06-28T20:45:00+00:00,5824.758
21413,2011-06-28T21:00:00+00:00,5824.731
21413,2011-06-28T21:15:00+00:00,5824.706
21413,2011-06-28T21:30:00+00:00,5824.684
21413,2011-06-28T21:45:00+00:00,5824.664
21413,2011-06-28T22:00:00+00:00,5824.647
21413,2011-06-28T22:15:00+00:00,5824.631
21413,2011-06-28T22:30:00+00:00,5824.621
21413,2011-06-28T22:45:00+00:00,5824.615
21413,2011-06-28T23:00:00+00:00,5824.610
21413,2011-06-28T23:15:00+00:00,5824.608
21413,2011-06-28T23:30:00+00:00,5824.608
21413,2011-06-28T23:45:00+00:00,5824.609
21413,2011-06-29T00:00:00+00:00,5824.616
21413,2011-06-29T00:15:00+00:00,5824.623
21413,2011-06-29T00:30:00+00:00,5824.631
21413,2011-06-29T00:45:00+00:00,5824.643
21413,2011-06-29T01:00:00+00:00,5824.658
21413,2011-06-29T01:15:00+00:00,5824.676
21413,2011-06-29T01:30:00+00:00,5824.693
21413,2011-06-29T01:45:00+00:00,5824.715
21413,2011-06-29T02:00:00+00:00,5824.735
21413,2011-06-29T02:15:00+00:00,5824.759
21413,2011-06-29T02:30:00+00:00,5824.784
21413,2011-06-29T02:45:00+00:00,5824.806
21413,2011-06-29T03:00:00+00:00,5824.830
21413,2011-06-29T03:15:00+00:00,5824.854
21413,2011-06-29T03:30:00+00:00,5824.876
21413,2011-06-29T03:45:00+00:00,5824.899
21413,2011-06-29T04:00:00+00:00,5824.920
21413,2011-06-29T04:15:00+00:00,5824.942
21413,2011-06-29T04:30:00+00:00,5824.965
21413,2011-06-29T04:45:00+00:00,5824.983
21413,2011-06-29T05:00:00+00:00,5824.997
21413,2011-06-29T05:15:00+00:00,5825.010
21413,2011-06-29T05:30:00+00:00,5825.025
21413,2011-06-29T05:45:00+00:00,5825.037
21413,2011-06-29T06:00:00+00:00,5825.049
21413,2011-06-29T06:15:00+00:00,5825.054
21413,2011-06-29T06:30:00+00:00,5825.063
21413,2011-06-29T06:45:00+00:00,5825.071
21413,2011-06-29T07:00:00+00:00,5825.078
21413,2011-06-29T07:15:00+00:00,5825.083
21413,2011-06-29T07:30:00+00:00,5825.083
21413,2011-06-29T07:45:00+00:00,5825.085
21413,2011-06-29T08:00:00+00:00,5825.086
21413,2011-06-29T08:15:00+00:00,5825.086
21413,2011-06-29T08:30:00+00:00,5825.085
21413,2011-06-29T08:45:00+00:00,5825.085
21413,2011-06-29T09:00:00+00:00,5825.084
21413,2011-06-29T09:15:00+00:00,5825.083
21413,2011-06-29T09:30:00+00:00,5825.080
21413,2011-06-29T09:45:00+00:00,5825.080
21413,2011-06-29T10:00:00+00:00,5825.081
21413,2011-06-29T10:15:00+00:00,5825.081
21413,2011-06-29T10:30:00+00:00,5825.080
21413,2011-06-29T10:45:00+00:00,5825.080
21413,2011-06-29T11:00:00+00:00,5825.080
21413,2011-06-29T11:15:00+00:00,5825.084
21413,2011-06-29T11:30:00+00:00,5825.088
21413,2011-06-29T11:45:00+00:00,5825.096
21413,2011-06-29T12:00:00+00:00,5825.101
21413,2011-06-29T12:15:00+00:00,5825.106
21413,2011-06-29T12:30:00+00:00,5825.115
21413,2011-06-29T12:45:00+00:00,5825.122
21413,2011-06-29T13:00:00+00:00,5825.128
21413,2011-06-29T13:15:00+00:00,5825.133
21413,2011-06-29T13:30:00+00:00,5825.141
21413,2011-06-29T13:45:00+00:00,5825.149
21413,2011-06-29T14:00:00+00:00,5825.155
21413,2011-06-29T14:15:00+00:00,5825.163
21413,2011-06-29T14:30:00+00:00,5825.169
21413,2011-06-29T14:45:00+00:00,5825.174
21413,2011-06-29T15:00:00+00:00,5825.178
21413,2011-06-29T15:15:00+00:00,5825.182
21413,2011-06-29T15:30:00+00:00,5825.184
21413,2011-06-29T15:45:00+00:00,5825.185
21413,2011-06-29T16:00:00+00:00,5825.184
21413,2011-06-29T16:15:00+00:00,5825.179
21413,2011-06-29T16:30:00+00:00,5825.171
21413,2011-06-29T16:45:00+00:00,5825.163
21413,2011-06-29T17:00:00+00:00,5825.153
21413,2011-06-29T17:15:00+00:00,5825.142
21413,2011-06-29T17:30:00+00:00,5825.128
21413,2011-06-29T17:45:00+00:00,5825.112
21413,2011-06-29T18:00:00+00:00,5825.092
21413,2011-06-29T18:15:00+00:00,5825.072
21413,2011-06-29T18:30:00+00:00,5825.051
21413,2011-06-29T18:45:00+00:00,5825.027
21413,2011-06-29T19:00:00+00:00,5825.002
21413,2011-06-29T19:15:00+00:00,5824.974
21413,2011-06-29T19:30:00+00:00,5824.946
21413,2011-06-29T19:45:00+00:00,5824.917
21413,2011-06-29T20:00:00+00:00,5824.885
21413,2011-06-29T20:15:00+00:00,5824.856
21413,2011-06-29T20:30:00+00:00,5824.823
21413,2011-06-29T20:45:00+00:00,5824.794
21413,2011-06-29T21:00:00+00:00,5824.762
21413,2011-06-29T21:15:00+00:00,5824.731
21413,2011-06-29T21:30:00+00:00,5824.701
21413,2011-06-29T21:45:00+00:00,5824.672
21413,2011-06-29T22:00:00+00:00,5824.646
21413,2011-06-29T22:15:00+00:00,5824.624
21413,2011-06-29T22:30:00+00:00,5824.601
21413,2011-06-29T22:45:00+00:00,5824.581
21413,2011-06-29T23:00:00+00:00,5824.566
21413,2011-06-29T23:15:00+00:00,5824.554
21413,2011-06-29T23:30:00+00:00,5824.545
21413,2011-06-29T23:45:00+00:00,5824.541
21413,2011-06-30T00:00:00+00:00,5824.539
21413,2011-06-30T00:15:00+00:00,5824.539
21413,2011-06-30T00:30:00+00:00,5824.543
21413,2011-06-30T00:45:00+00:00,5824.552
21413,2011-06-30T01:00:00+00:00,5824.563
21413,2011-06-30T01:15:00+00:00,5824.576
21413,2011-06-30T01:30:00+00:00,5824.590
21413,2011-06-30T01:45:00+00:00,5824.608
21413,2011-06-30T02:00:00+00:00,5824.627
21413,2011-06-30T02:15:00+00:00,5824.652
21413,2011-06-30T02:30:00+00:00,5824.676
21413,2011-06-30T02:45:00+00:00,5824.699
21413,2011-06-30T03:00:00+00:00,5824.725
21413,2011-06-30T03:15:00+00:00,5824.753
21413,2011-06-30T03:30:00+00:00,5824.782
21413,2011-06-30T03:45:00+00:00,5824.810
21413,2011-06-30T04:00:00+00:00,5824.837
21413,2011-06-30T04:15:00+00:00,5824.864
21413,2011-06-30T04:30:00+00:00,5824.890
21413,2011-06-30T04:45:00+00:00,5824.916
21413,2011-06-30T05:00:00+00:00,5824.936
21413,2011-06-30T05:15:00+00:00,5824.958
21413,2011-06-30T05:30:00+00:00,5824.978
21413,2011-06-30T05:45:00+00:00,5824.998
21413,2011-06-30T06:00:00+00:00,5825.015
21413,2011-06-30T06:15:00+00:00,5825.032
21413,2011-06-30T06:30:00+00:00,5825.045
21413,2011-06-30T06:45:00+00:00,5825.054
21413,2011-06-30T07:00:00+00:00,5825.063
21413,2011-06-30T07:15:00+00:00,5825.070
21413,2011-06-30T07:30:00+00:00,5825.077
21413,2011-06-30T07:45:00+00:00,5825.080
21413,2011-06-30T08:00:00+00:00,5825.082
21413,2011-06-30T08:15:00+00:00,5825.085
21413,2011-06-30T08:30:00+00:00,5825.085
21413,2011-06-30T08:45:00+00:00,5825.085
21413,2011-06-30T09:00:00+00:00,5825.082
21413,2011-06-30T09:15:00+00:00,5825.080
21413,2011-06-30T09:30:00+00:00,5825.078
21413,2011-06-30T09:45:00+00:00,5825.074
21413,2011-06-30T10:00:00+00:00,5825.073
21413,2011-06-30T10:15:00+00:00,5825.070
21413,2011-06-30T10:30:00+00:00,5825.067
21413,2011-06-30T10:45:00+00:00,5825.066
21413,2011-06-30T11:00:00+00:00,5825.065
21413,2011-06-30T11:15:00+00:00,5825.065
21413,2011-06-30T11:30:00+00:00,5825.067
21413,2011-06-30T11:45:00+00:00,5825.069
21413,2011-06-30T12:00:00+00:00,5825.071
21413,2011-06-30T12:15:00+00:00,5825.075
21413,2011-06-30T12:30:00+00:00,5825.081
21413,2011-06-30T12:45:00+00:00,5825.086
21413,2011-06-30T13:00:00+00:00,5825.092
21413,2011-06-30T13:15:00+00:00,5825.099
21413,2011-06-30T13:30:00+00:00,5825.107
21413,2011-06-30T13:45:00+00:00,5825.113
21413,2011-06-30T14:00:00+00:00,5825.122
21413,2011-06-30T14:15:00+00:00,5825.133
21413,2011-06-30T14:30:00+00:00,5825.142
21413,2011-06-30T14:45:00+00:00,5825.153
21413,2011-06-30T15:00:00+00:00,5825.160
21413,2011-06-30T15:15:00+00:00,5825.167
21413,2011-06-30T15:30:00+00:00,5825.174
21413,2011-06-30T15:45:00+00:00,5825.179
21413,2011-06-30T16:00:00+00:00,5825.184
21413,2011-06-30T16:15:00+00:00,5825.188
21413,2011-06-30T16:30:00+00:00,5825.188
21413,2011-06-30T16:45:00+00:00,5825.188
21413,2011-06-30T17:00:00+00:00,5825.184
21413,2011-06-30T17:15:00+00:00,5825.179
21413,2011-06-30T17:30:00+00:00,5825.171
21413,2011-06-30T17:45:00+00:00,5825.163
21413,2011-06-30T18:00:00+00:00,5825.152
21413,2011-06-30T18:15:00+00:00,5825.137
21413,2011-06-30T18:30:00+00:00,5825.121
21413,2011-06-30T18:45:00+00:00,5825.100
21413,2011-06-30T19:00:00+00:00,5825.076
21413,2011-06-30T19:15:00+00:00,5825.052
21413,2011-06-30T19:30:00+00:00,5825.026
21413,2011-06-30T19:45:00+00:00,5824.997
21413,2011-06-30T20:00:00+00:00,5824.967
21413,2011-06-30T20:15:00+00:00,5824.936
21413,2011-06-30T20:30:00+00:00,5824.905
21413,2011-06-30T20:45:00+00:00,5824.868
21413,2011-06-30T21:00:00+00:00,5824.834
21413,2011-06-30T21:15:00+00:00,5824.798
21413,2011-06-30T21:30:00+00:00,5824.761
21413,2011-06-30T21:45:00+00:00,5824.724
21413,2011-06-30T22:00:00+00:00,5824.692
21413,2011-06-30T22:15:00+00:00,5824.660
21413,2011-06-30T22:30:00+00:00,5824.628
21413,2011-06-30T22:45:00+00:00,5824.599
21413,2011-06-30T23:00:00+00:00,5824.575
21413,2011-06-30T23:15:00+00:00,5824.554
21413,2011-06-30T23:30:00+00:00,5824.534
21413,2011-06-30T23:45:00+00:00,5824.520
