station_id,timestamp_utc,height_m
21401,2011-06-01T00:00:00+00:00,5262.942
21401,2011-06-01T00:15:00+00:00,5262.953
21401,2011-06-01T00:30:00+00:00,5262.968
21401,2011-06-01T00:45:00+00:00,5262.989
21401,2011-06-01T01:00:00+00:00,5263.018
21401,2011-06-01T01:15:00+00:00,5263.052
21401,2011-06-01T01:30:00+00:00,5263.090
21401,2011-06-01T01:45:00+00:00,5263.129
21401,2011-06-01T02:00:00+00:00,5263.174
21401,2011-06-01T02:15:00+00:00,5263.220
21401,2011-06-01T02:30:00+00:00,5263.267
21401,2011-06-01T02:45:00+00:00,5263.319
21401,2011-06-01T03:00:00+00:00,5263.372
21401,2011-06-01T03:15:00+00:00,5263.424
21401,2011-06-01T03:30:00+00:00,5263.475
21401,2011-06-01T03:45:00+00:00,5263.523
21401,2011-06-01T04:00:00+00:00,5263.570
21401,2011-06-01T04:15:00+00:00,5263.614
21401,2011-06-01T04:30:00+00:00,5263.660
21401,2011-06-01T04:45:00+00:00,5263.701
21401,2011-06-01T05:00:00+00:00,5263.738
21401,2011-06-01T05:15:00+00:00,5263.772
21401,2011-06-01T05:30:00+00:00,5263.804
21401,2011-06-01T05:45:00+00:00,5263.829
21401,2011-06-01T06:00:00+00:00,5263.852
21401,2011-06-01T06:15:00+00:00,5263.870
21401,2011-06-01T06:30:00+00:00,5263.885
21401,2011-06-01T06:45:00+00:00,5263.888
21401,2011-06-01T07:00:00+00:00,5263.894
21401,2011-06-01T07:15:00+00:00,5263.897
21401,2011-06-01T07:30:00+00:00,5263.896
21401,2011-06-01T07:45:00+00:00,5263.894
21401,2011-06-01T08:00:00+00:00,5263.888
21401,2011-06-01T08:15:00+00:00,5263.882
21401,2011-06-01T08:30:00+00:00,5263.872
21401,2011-06-01T08:45:00+00:00,5263.863
21401,2011-06-01T09:00:00+00:00,5263.854
21401,2011-06-01T09:15:00+00:00,5263.840
21401,2011-06-01T09:30:00+00:00,5263.831
21401,2011-06-01T09:45:00+00:00,5263.820
21401,2011-06-01T10:00:00+00:00,5263.812
21401,2011-06-01T10:15:00+00:00,5263.807
21401,2011-06-01T10:30:00+00:00,5263.799
21401,2011-06-01T10:45:00+00:00,5263.796
21401,2011-06-01T11:00:00+00:00,5263.792
21401,2011-06-01T11:15:00+00:00,5263.790
21401,2011-06-01T11:30:00+00:00,5263.791
21401,2011-06-01T11:45:00+00:00,5263.795
21401,2011-06-01T12:00:00+00:00,5263.797
21401,2011-06-01T12:15:00+00:00,5263.801
21401,2011-06-01T12:30:00+00:00,5263.808
21401,2011-06-01T12:45:00+00:00,5263.821
21401,2011-06-01T13:00:00+00:00,5263.833
21401,2011-06-01T13:15:00+00:00,5263.845
21401,2011-06-01T13:30:00+00:00,5263.864
21401,2011-06-01T13:45:00+00:00,5263.881
21401,2011-06-01T14:00:00+00:00,5263.899
21401,2011-06-01T14:15:00+00:00,5263.915
21401,2011-06-01T14:30:00+00:00,5263.936
21401,2011-06-01T14:45:00+00:00,5263.951
21401,2011-06-01T15:00:00+00:00,5263.968
21401,2011-06-01T15:15:00+00:00,5263.982
21401,2011-06-01T15:30:00+00:00,5263.994
21401,2011-06-01T15:45:00+00:00,5264.003
21401,2011-06-01T16:00:00+00:00,5264.007
21401,2011-06-01T16:15:00+00:00,5264.010
21401,2011-06-01T16:30:00+00:00,5264.009
21401,2011-06-01T16:45:00+00:00,5264.003
21401,2011-06-01T17:00:00+00:00,5263.995
21401,2011-06-01T17:15:00+00:00,5263.981
21401,2011-06-01T17:30:00+00:00,5263.963
21401,2011-06-01T17:45:00+00:00,5263.941
21401,2011-06-01T18:00:00+00:00,5263.914
21401,2011-06-01T18:15:00+00:00,5263.883
21401,2011-06-01T18:30:00+00:00,5263.851
21401,2011-06-01T18:45:00+00:00,5263.812
21401,2011-06-01T19:00:00+00:00,5263.771
21401,2011-06-01T19:15:00+00:00,5263.727
21401,2011-06-01T19:30:00+00:00,5263.678
21401,2011-06-01T19:45:00+00:00,5263.630
21401,2011-06-01T20:00:00+00:00,5263.576
21401,2011-06-01T20:15:00+00:00,5263.519
21401,2011-06-01T20:30:00+00:00,5263.462
21401,2011-06-01T20:45:00+00:00,5263.406
21401,2011-06-01T21:00:00+00:00,5263.352
21401,2011-06-01T21:15:00+00:00,5263.296
21401,2011-06-01T21:30:00+00:00,5263.242
21401,2011-06-01T21:45:00+00:00,5263.188
21401,2011-06-01T22:00:00+00:00,5263.140
21401,2011-06-01T22:15:00+00:00,5263.096
21401,2011-06-01T22:30:00+00:00,5263.051
21401,2011-06-01T22:45:00+00:00,5263.014
21401,2011-06-01T23:00:00+00:00,5262.983
21401,2011-06-01T23:15:00+00:00,5262.954
21401,2011-06-01T23:30:00+00:00,5262.933
21401,2011-06-01T23:45:00+00:00,5262.916
21401,2011-06-02T00:00:00+00:00,5262.906
21401,2011-06-02T00:15:00+00:00,5262.904
21401,2011-06-02T00:30:00+00:00,5262.908
21401,2011-06-02T00:45:00+00:00,5262.918
21401,2011-06-02T01:00:00+00:00,5262.935
21401,2011-06-02T01:15:00+00:00,5262.958
21401,2011-06-02T01:30:00+00:00,5262.983
21401,2011-06-02T01:45:00+00:00,5263.016
21401,2011-06-02T02:00:00+00:00,5263.057
21401,2011-06-02T02:15:00+00:00,5263.102
21401,2011-06-02T02:30:00+00:00,5263.150
21401,2011-06-02T02:45:00+00:00,5263.201
21401,2011-06-02T03:00:00+00:00,5263.253
21401,2011-06-02T03:15:00+00:00,5263.307
21401,2011-06-02T03:30:00+00:00,5263.360
21401,2011-06-02T03:45:00+00:00,5263.412
21401,2011-06-02T04:00:00+00:00,5263.465
21401,2011-06-02T04:15:00+00:00,5263.520
21401,2011-06-02T04:30:00+00:00,5263.569
21401,2011-06-02T04:45:00+00:00,5263.620
21401,2011-06-02T05:00:00+00:00,5263.666
21401,2011-06-02T05:15:00+00:00,5263.712
21401,2011-06-02T05:30:00+00:00,5263.755
21401,2011-06-02T05:45:00+00:00,5263.791
21401,2011-06-02T06:00:00+00:00,5263.825
21401,2011-06-02T06:15:00+00:00,5263.856
21401,2011-06-02T06:30:00+00:00,5263.880
21401,2011-06-02T06:45:00+00:00,5263.900
21401,2011-06-02T07:00:00+00:00,5263.916
21401,2011-06-02T07:15:00+00:00,5263.927
21401,2011-06-02T07:30:00+00:00,5263.934
21401,2011-06-02T07:45:00+00:00,5263.937
21401,2011-06-02T08:00:00+00:00,5263.936
21401,2011-06-02T08:15:00+00:00,5263.934
21401,2011-06-02T08:30:00+00:00,5263.928
21401,2011-06-02T08:45:00+00:00,5263.920
21401,2011-06-02T09:00:00+00:00,5263.912
21401,2011-06-02T09:15:00+00:00,5263.899
21401,2011-06-02T09:30:00+00:00,5263.888
21401,2011-06-02T09:45:00+00:00,5263.878
21401,2011-06-02T10:00:00+00:00,5263.866
21401,2011-06-02T10:15:00+00:00,5263.856
21401,2011-06-02T10:30:00+00:00,5263.847
21401,2011-06-02T10:45:00+00:00,5263.840
21401,2011-06-02T11:00:00+00:00,5263.832
21401,2011-06-02T11:15:00+00:00,5263.824
21401,2011-06-02T11:30:00+00:00,5263.823
21401,2011-06-02T11:45:00+00:00,5263.821
21401,2011-06-02T12:00:00+00:00,5263.820
21401,2011-06-02T12:15:00+00:00,5263.824
21401,2011-06-02T12:30:00+00:00,5263.826
21401,2011-06-02T12:45:00+00:00,5263.832
21401,2011-06-02T13:00:00+00:00,5263.838
21401,2011-06-02T13:15:00+00:00,5263.848
21401,2011-06-02T13:30:00+00:00,5263.859
21401,2011-06-02T13:45:00+00:00,5263.873
21401,2011-06-02T14:00:00+00:00,5263.886
21401,2011-06-02T14:15:00+00:00,5263.903
21401,2011-06-02T14:30:00+00:00,5263.923
21401,2011-06-02T14:45:00+00:00,5263.942
21401,2011-06-02T15:00:00+00:00,5263.961
21401,2011-06-02T15:15:00+00:00,5263.980
21401,2011-06-02T15:30:00+00:00,5263.997
21401,2011-06-02T15:45:00+00:00,5264.012
21401,2011-06-02T16:00:00+00:00,5264.024
21401,2011-06-02T16:15:00+00:00,5264.034
21401,2011-06-02T16:30:00+00:00,5264.045
21401,2011-06-02T16:45:00+00:00,5264.049
21401,2011-06-02T17:00:00+00:00,5264.049
21401,2011-06-02T17:15:00+00:00,5264.046
21401,2011-06-02T17:30:00+00:00,5264.038
21401,2011-06-02T17:45:00+00:00,5264.025
21401,2011-06-02T18:00:00+00:00,5264.009
21401,2011-06-02T18:15:00+00:00,5263.987
21401,2011-06-02T18:30:00+00:00,5263.961
21401,2011-06-02T18:45:00+00:00,5263.931
21401,2011-06-02T19:00:00+00:00,5263.896
21401,2011-06-02T19:15:00+00:00,5263.857
21401,2011-06-02T19:30:00+00:00,5263.816
21401,2011-06-02T19:45:00+00:00,5263.767
21401,2011-06-02T20:00:00+00:00,5263.714
21401,2011-06-02T20:15:00+00:00,5263.659
21401,2011-06-02T20:30:00+00:00,5263.603
21401,2011-06-02T20:45:00+00:00,5263.547
21401,2011-06-02T21:00:00+00:00,5263.485
21401,2011-06-02T21:15:00+00:00,5263.428
21401,2011-06-02T21:30:00+00:00,5263.370
21401,2011-06-02T21:45:00+00:00,5263.313
21401,2011-06-02T22:00:00+00:00,5263.255
21401,2011-06-02T22:15:00+00:00,5263.198
21401,2011-06-02T22:30:00+00:00,5263.146
21401,2011-06-02T22:45:00+00:00,5263.096
21401,2011-06-02T23:00:00+00:00,5263.050
21401,2011-06-02T23:15:00+00:00,5263.006
21401,2011-06-02T23:30:00+00:00,5262.971
21401,2011-06-02T23:45:00+00:00,5262.941
21401,2011-06-03T00:00:00+00:00,5262.918
21401,2011-06-03T00:15:00+00:00,5262.898
21401,2011-06-03T00:30:00+00:00,5262.888
21401,2011-06-03T00:45:00+00:00,5262.885
21401,2011-06-03T01:00:00+00:00,5262.884
21401,2011-06-03T01:15:00+00:00,5262.890
21401,2011-06-03T01:30:00+00:00,5262.905
21401,2011-06-03T01:45:00+00:00,5262.926
21401,2011-06-03T02:00:00+00:00,5262.955
21401,2011-06-03T02:15:00+00:00,5262.987
21401,2011-06-03T02:30:00+00:00,5263.025
21401,2011-06-03T02:45:00+00:00,5263.070
21401,2011-06-03T03:00:00+00:00,5263.115
21401,2011-06-03T03:15:00+00:00,5263.167
21401,2011-06-03T03:30:00+00:00,5263.220
21401,2011-06-03T03:45:00+00:00,5263.274
21401,2011-06-03T04:00:00+00:00,5263.333
21401,2011-06-03T04:15:00+00:00,5263.388
21401,2011-06-03T04:30:00+00:00,5263.444
21401,2011-06-03T04:45:00+00:00,5263.500
21401,2011-06-03T05:00:00+00:00,5263.555
21401,2011-06-03T05:15:00+00:00,5263.606
21401,2011-06-03T05:30:00+00:00,5263.654
21401,2011-06-03T05:45:00+00:00,5263.700
21401,2011-06-03T06:00:00+00:00,5263.744
21401,2011-06-03T06:15:00+00:00,5263.782
21401,2011-06-03T06:30:00+00:00,5263.817
21401,2011-06-03T06:45:00+00:00,5263.847
21401,2011-06-03T07:00:00+00:00,5263.874
21401,2011-06-03T07:15:00+00:00,5263.899
21401,2011-06-03T07:30:00+00:00,5263.916
21401,2011-06-03T07:45:00+00:00,5263.930
21401,2011-06-03T08:00:00+00:00,5263.940
21401,2011-06-03T08:15:00+00:00,5263.946
21401,2011-06-03T08:30:00+00:00,5263.948
21401,2011-06-03T08:45:00+00:00,5263.946
21401,2011-06-03T09:00:00+00:00,5263.942
21401,2011-06-03T09:15:00+00:00,5263.934
21401,2011-06-03T09:30:00+00:00,5263.924
21401,2011-06-03T09:45:00+00:00,5263.915
21401,2011-06-03T10:00:00+00:00,5263.906
21401,2011-06-03T10:15:00+00:00,5263.894
21401,2011-06-03T10:30:00+00:00,5263.883
21401,2011-06-03T10:45:00+00:00,5263.874
21401,2011-06-03T11:00:00+00:00,5263.865
21401,2011-06-03T11:15:00+00:00,5263.855
21401,2011-06-03T11:30:00+00:00,5263.847
21401,2011-06-03T11:45:00+00:00,5263.838
21401,2011-06-03T12:00:00+00:00,5263.832
21401,2011-06-03T12:15:00+00:00,5263.828
21401,2011-06-03T12:30:00+00:00,5263.826
21401,2011-06-03T12:45:00+00:00,5263.827
21401,2011-06-03T13:00:00+00:00,5263.829
21401,2011-06-03T13:15:00+00:00,5263.834
21401,2011-06-03T13:30:00+00:00,5263.843
21401,2011-06-03T13:45:00+00:00,5263.854
21401,2011-06-03T14:00:00+00:00,5263.864
21401,2011-06-03T14:15:00+00:00,5263.878
21401,2011-06-03T14:30:00+00:00,5263.893
21401,2011-06-03T14:45:00+00:00,5263.910
21401,2011-06-03T15:00:00+00:00,5263.927
21401,2011-06-03T15:15:00+00:00,5263.945
21401,2011-06-03T15:30:00+00:00,5263.966
21401,2011-06-03T15:45:00+00:00,5263.984
21401,2011-06-03T16:00:00+00:00,5264.001
21401,2011-06-03T16:15:00+00:00,5264.015
21401,2011-06-03T16:30:00+00:00,5264.030
21401,2011-06-03T16:45:00+00:00,5264.044
21401,2011-06-03T17:00:00+00:00,5264.053
21401,2011-06-03T17:15:00+00:00,5264.058
21401,2011-06-03T17:30:00+00:00,5264.060
21401,2011-06-03T17:45:00+00:00,5264.059
21401,2011-06-03T18:00:00+00:00,5264.052
21401,2011-06-03T18:15:00+00:00,5264.043
21401,2011-06-03T18:30:00+00:00,5264.029
21401,2011-06-03T18:45:00+00:00,5264.012
21401,2011-06-03T19:00:00+00:00,5263.991
21401,2011-06-03T19:15:00+00:00,5263.965
21401,2011-06-03T19:30:00+00:00,5263.930
21401,2011-06-03T19:45:00+00:00,5263.892
21401,2011-06-03T20:00:00+00:00,5263.849
21401,2011-06-03T20:15:00+00:00,5263.801
21401,2011-06-03T20:30:00+00:00,5263.749
21401,2011-06-03T20:45:00+00:00,5263.695
21401,2011-06-03T21:00:00+00:00,5263.636
21401,2011-06-03T21:15:00+00:00,5263.578
21401,2011-06-03T21:30:00+00:00,5263.520
21401,2011-06-03T21:45:00+00:00,5263.459
21401,2011-06-03T22:00:00+00:00,5263.399
21401,2011-06-03T22:15:00+00:00,5263.341
21401,2011-06-03T22:30:00+00:00,5263.285
21401,2011-06-03T22:45:00+00:00,5263.226
21401,2011-06-03T23:00:00+00:00,5263.171
21401,2011-06-03T23:15:00+00:00,5263.121
21401,2011-06-03T23:30:00+00:00,5263.076
21401,2011-06-03T23:45:00+00:00,5263.033
21401,2011-06-04T00:00:00+00:00,5262.997
21401,2011-06-04T00:15:00+00:00,5262.966
21401,2011-06-04T00:30:00+00:00,5262.940
21401,2011-06-04T00:45:00+00:00,5262.919
21401,2011-06-04T01:00:00+00:00,5262.906
21401,2011-06-04T01:15:00+00:00,5262.900
21401,2011-06-04T01:30:00+00:00,5262.896
21401,2011-06-04T01:45:00+00:00,5262.901
21401,2011-06-04T02:00:00+00:00,5262.911
21401,2011-06-04T02:15:00+00:00,5262.928
21401,2011-06-04T02:30:00+00:00,5262.951
21401,2011-06-04T02:45:00+00:00,5262.980
21401,2011-06-04T03:00:00+00:00,5263.013
21401,2011-06-04T03:15:00+00:00,5263.051
21401,2011-06-04T03:30:00+00:00,5263.094
21401,2011-06-04T03:45:00+00:00,5263.144
21401,2011-06-04T04:00:00+00:00,5263.193
21401,2011-06-04T04:15:00+00:00,5263.245
21401,2011-06-04T04:30:00+00:00,5263.300
21401,2011-06-04T04:45:00+00:00,5263.360
21401,2011-06-04T05:00:00+00:00,5263.414
21401,2011-06-04T05:15:00+00:00,5263.470
21401,2011-06-04T05:30:00+00:00,5263.526
21401,2011-06-04T05:45:00+00:00,5263.576
21401,2011-06-04T06:00:00+00:00,5263.625
21401,2011-06-04T06:15:00+00:00,5263.672
21401,2011-06-04T06:30:00+00:00,5263.717
21401,2011-06-04T06:45:00+00:00,5263.758
21401,2011-06-04T07:00:00+00:00,5263.791
21401,2011-06-04T07:15:00+00:00,5263.823
21401,2011-06-04T07:30:00+00:00,5263.851
21401,2011-06-04T07:45:00+00:00,5263.872
21401,2011-06-04T08:00:00+00:00,5263.892
21401,2011-06-04T08:15:00+00:00,5263.907
21401,2011-06-04T08:30:00+00:00,5263.918
21401,2011-06-04T08:45:00+00:00,5263.924
21401,2011-06-04T09:00:00+00:00,5263.924
21401,2011-06-04T09:15:00+00:00,5263.924
21401,2011-06-04T09:30:00+00:00,5263.921
21401,2011-06-04T09:45:00+00:00,5263.914
21401,2011-06-04T10:00:00+00:00,5263.907
21401,2011-06-04T10:15:00+00:00,5263.900
21401,2011-06-04T10:30:00+00:00,5263.889
21401,2011-06-04T10:45:00+00:00,5263.877
21401,2011-06-04T11:00:00+00:00,5263.865
21401,2011-06-04T11:15:00+00:00,5263.852
21401,2011-06-04T11:30:00+00:00,5263.842
21401,2011-06-04T11:45:00+00:00,5263.831
21401,2011-06-04T12:00:00+00:00,5263.820
21401,2011-06-04T12:15:00+00:00,5263.811
21401,2011-06-04T12:30:00+00:00,5263.803
21401,2011-06-04T12:45:00+00:00,5263.799
21401,2011-06-04T13:00:00+00:00,5263.796
21401,2011-06-04T13:15:00+00:00,5263.798
21401,2011-06-04T13:30:00+00:00,5263.801
21401,2011-06-04T13:45:00+00:00,5263.806
21401,2011-06-04T14:00:00+00:00,5263.813
21401,2011-06-04T14:15:00+00:00,5263.822
21401,2011-06-04T14:30:00+00:00,5263.833
21401,2011-06-04T14:45:00+00:00,5263.846
21401,2011-06-04T15:00:00+00:00,5263.860
21401,2011-06-04T15:15:00+00:00,5263.877
21401,2011-06-04T15:30:00+00:00,5263.894
21401,2011-06-04T15:45:00+00:00,5263.914
21401,2011-06-04T16:00:00+00:00,5263.936
21401,2011-06-04T16:15:00+00:00,5263.957
21401,2011-06-04T16:30:00+00:00,5263.977
21401,2011-06-04T16:45:00+00:00,5263.996
21401,2011-06-04T17:00:00+00:00,5264.015
21401,2011-06-04T17:15:00+00:00,5264.029
21401,2011-06-04T17:30:00+00:00,5264.041
21401,2011-06-04T17:45:00+00:00,5264.046
21401,2011-06-04T18:00:00+00:00,5264.053
21401,2011-06-04T18:15:00+00:00,5264.053
21401,2011-06-04T18:30:00+00:00,5264.051
21401,2011-06-04T18:45:00+00:00,5264.043
21401,2011-06-04T19:00:00+00:00,5264.030
21401,2011-06-04T19:15:00+00:00,5264.015
21401,2011-06-04T19:30:00+00:00,5263.992
21401,2011-06-04T19:45:00+00:00,5263.966
21401,2011-06-04T20:00:00+00:00,5263.937
21401,2011-06-04T20:15:00+00:00,5263.903
21401,2011-06-04T20:30:00+00:00,5263.863
21401,2011-06-04T20:45:00+00:00,5263.820
21401,2011-06-04T21:00:00+00:00,5263.773
21401,2011-06-04T21:15:00+00:00,5263.722
21401,2011-06-04T21:30:00+00:00,5263.668
21401,2011-06-04T21:45:00+00:00,5263.612
21401,2011-06-04T22:00:00+00:00,5263.554
21401,2011-06-04T22:15:00+00:00,5263.495
21401,2011-06-04T22:30:00+00:00,5263.435
21401,2011-06-04T22:45:00+00:00,5263.374
21401,2011-06-04T23:00:00+00:00,5263.314
21401,2011-06-04T23:15:00+00:00,5263.260
21401,2011-06-04T23:30:00+00:00,5263.205
21401,2011-06-04T23:45:00+00:00,5263.157
21401,2011-06-05T00:00:00+00:00,5263.111
21401,2011-06-05T00:15:00+00:00,5263.069
21401,2011-06-05T00:30:00+00:00,5263.032
21401,2011-06-05T00:45:00+00:00,5262.997
21401,2011-06-05T01:00:00+00:00,5262.971
21401,2011-06-05T01:15:00+00:00,5262.948
21401,2011-06-05T01:30:00+00:00,5262.932
21401,2011-06-05T01:45:00+00:00,5262.922
21401,2011-06-05T02:00:00+00:00,5262.920
21401,2011-06-05T02:15:00+00:00,5262.920
21401,2011-06-05T02:30:00+00:00,5262.929
21401,2011-06-05T02:45:00+00:00,5262.943
21401,2011-06-05T03:00:00+00:00,5262.964
21401,2011-06-05T03:15:00+00:00,5262.989
21401,2011-06-05T03:30:00+00:00,5263.020
21401,2011-06-05T03:45:00+00:00,5263.057
21401,2011-06-05T04:00:00+00:00,5263.099
21401,2011-06-05T04:15:00+00:00,5263.142
21401,2011-06-05T04:30:00+00:00,5263.188
21401,2011-06-05T04:45:00+00:00,5263.237
21401,2011-06-05T05:00:00+00:00,5263.290
21401,2011-06-05T05:15:00+00:00,5263.345
21401,2011-06-05T05:30:00+00:00,5263.399
21401,2011-06-05T05:45:00+00:00,5263.452
21401,2011-06-05T06:00:00+00:00,5263.505
21401,2011-06-05T06:15:00+00:00,5263.555
21401,2011-06-05T06:30:00+00:00,5263.604
21401,2011-06-05T06:45:00+00:00,5263.651
21401,2011-06-05T07:00:00+00:00,5263.694
21401,2011-06-05T07:15:00+00:00,5263.733
21401,2011-06-05T07:30:00+00:00,5263.769
21401,2011-06-05T07:45:00+00:00,5263.801
21401,2011-06-05T08:00:00+00:00,5263.830
21401,2011-06-05T08:15:00+00:00,5263.856
21401,2011-06-05T08:30:00+00:00,5263.875
21401,2011-06-05T08:45:00+00:00,5263.893
21401,2011-06-05T09:00:00+00:00,5263.903
21401,2011-06-05T09:15:00+00:00,5263.910
21401,2011-06-05T09:30:00+00:00,5263.912
21401,2011-06-05T09:45:00+00:00,5263.912
21401,2011-06-05T10:00:00+00:00,5263.909
21401,2011-06-05T10:15:00+00:00,5263.904
21401,2011-06-05T10:30:00+00:00,5263.896
21401,2011-06-05T10:45:00+00:00,5263.888
21401,2011-06-05T11:00:00+00:00,5263.878
21401,2011-06-05T11:15:00+00:00,5263.867
21401,2011-06-05T11:30:00+00:00,5263.854
21401,2011-06-05T11:45:00+00:00,5263.844
21401,2011-06-05T12:00:00+00:00,5263.831
21401,2011-06-05T12:15:00+00:00,5263.817
21401,2011-06-05T12:30:00+00:00,5263.805
21401,2011-06-05T12:45:00+00:00,5263.797
21401,2011-06-05T13:00:00+00:00,5263.790
21401,2011-06-05T13:15:00+00:00,5263.782
21401,2011-06-05T13:30:00+00:00,5263.780
21401,2011-06-05T13:45:00+00:00,5263.779
21401,2011-06-05T14:00:00+00:00,5263.781
21401,2011-06-05T14:15:00+00:00,5263.782
21401,2011-06-05T14:30:00+00:00,5263.785
21401,2011-06-05T14:45:00+00:00,5263.794
21401,2011-06-05T15:00:00+00:00,5263.803
21401,2011-06-05T15:15:00+00:00,5263.813
21401,2011-06-05T15:30:00+00:00,5263.826
21401,2011-06-05T15:45:00+00:00,5263.843
21401,2011-06-05T16:00:00+00:00,5263.859
21401,2011-06-05T16:15:00+00:00,5263.876
21401,2011-06-05T16:30:00+00:00,5263.895
21401,2011-06-05T16:45:00+00:00,5263.916
21401,2011-06-05T17:00:00+00:00,5263.936
21401,2011-06-05T17:15:00+00:00,5263.956
21401,2011-06-05T17:30:00+00:00,5263.973
21401,2011-06-05T17:45:00+00:00,5263.985
21401,2011-06-05T18:00:00+00:00,5264.000
21401,2011-06-05T18:15:00+00:00,5264.009
21401,2011-06-05T18:30:00+00:00,5264.017
21401,2011-06-05T18:45:00+00:00,5264.022
21401,2011-06-05T19:00:00+00:00,5264.024
21401,2011-06-05T19:15:00+00:00,5264.024
21401,2011-06-05T19:30:00+00:00,5264.015
21401,2011-06-05T19:45:00+00:00,5264.002
21401,2011-06-05T20:00:00+00:00,5263.986
21401,2011-06-05T20:15:00+00:00,5263.962
21401,2011-06-05T20:30:00+00:00,5263.937
21401,2011-06-05T20:45:00+00:00,5263.907
21401,2011-06-05T21:00:00+00:00,5263.875
21401,2011-06-05T21:15:00+00:00,5263.836
21401,2011-06-05T21:30:00+00:00,5263.793
21401,2011-06-05T21:45:00+00:00,5263.746
21401,2011-06-05T22:00:00+00:00,5263.697
21401,2011-06-05T22:15:00+00:00,5263.643
21401,2011-06-05T22:30:00+00:00,5263.588
21401,2011-06-05T22:45:00+00:00,5263.530
21401,2011-06-05T23:00:00+00:00,5263.474
21401,2011-06-05T23:15:00+00:00,5263.417
21401,2011-06-05T23:30:00+00:00,5263.363
21401,2011-06-05T23:45:00+00:00,5263.307
21401,2011-06-06T00:00:00+00:00,5263.257
21401,2011-06-06T00:15:00+00:00,5263.212
21401,2011-06-06T00:30:00+00:00,5263.167
21401,2011-06-06T00:45:00+00:00,5263.127
21401,2011-06-06T01:00:00+00:00,5263.092
21401,2011-06-06T01:15:00+00:00,5263.059
21401,2011-06-06T01:30:00+00:00,5263.033
21401,2011-06-06T01:45:00+00:00,5263.011
21401,2011-06-06T02:00:00+00:00,5262.992
21401,2011-06-06T02:15:00+00:00,5262.980
21401,2011-06-06T02:30:00+00:00,5262.974
21401,2011-06-06T02:45:00+00:00,5262.971
21401,2011-06-06T03:00:00+00:00,5262.975
21401,2011-06-06T03:15:00+00:00,5262.985
21401,2011-06-06T03:30:00+00:00,5263.000
21401,2011-06-06T03:45:00+00:00,5263.019
21401,2011-06-06T04:00:00+00:00,5263.042
21401,2011-06-06T04:15:00+00:00,5263.072
21401,2011-06-06T04:30:00+00:00,5263.106
21401,2011-06-06T04:45:00+00:00,5263.145
21401,2011-06-06T05:00:00+00:00,5263.189
21401,2011-06-06T05:15:00+00:00,5263.233
21401,2011-06-06T05:30:00+00:00,5263.280
21401,2011-06-06T05:45:00+00:00,5263.331
21401,2011-06-06T06:00:00+00:00,5263.382
21401,2011-06-06T06:15:00+00:00,5263.435
21401,2011-06-06T06:30:00+00:00,5263.485
21401,2011-06-06T06:45:00+00:00,5263.531
21401,2011-06-06T07:00:00+00:00,5263.577
21401,2011-06-06T07:15:00+00:00,5263.619
21401,2011-06-06T07:30:00+00:00,5263.660
21401,2011-06-06T07:45:00+00:00,5263.698
21401,2011-06-06T08:00:00+00:00,5263.735
21401,2011-06-06T08:15:00+00:00,5263.769
21401,2011-06-06T08:30:00+00:00,5263.799
21401,2011-06-06T08:45:00+00:00,5263.822
21401,2011-06-06T09:00:00+00:00,5263.840
21401,2011-06-06T09:15:00+00:00,5263.858
21401,2011-06-06T09:30:00+00:00,5263.867
21401,2011-06-06T09:45:00+00:00,5263.874
21401,2011-06-06T10:00:00+00:00,5263.876
21401,2011-06-06T10:15:00+00:00,5263.879
21401,2011-06-06T10:30:00+00:00,5263.877
21401,2011-06-06T10:45:00+00:00,5263.874
21401,2011-06-06T11:00:00+00:00,5263.868
21401,2011-06-06T11:15:00+00:00,5263.858
21401,2011-06-06T11:30:00+00:00,5263.847
21401,2011-06-06T11:45:00+00:00,5263.832
21401,2011-06-06T12:00:00+00:00,5263.818
21401,2011-06-06T12:15:00+00:00,5263.802
21401,2011-06-06T12:30:00+00:00,5263.789
21401,2011-06-06T12:45:00+00:00,5263.775
21401,2011-06-06T13:00:00+00:00,5263.762
21401,2011-06-06T13:15:00+00:00,5263.751
21401,2011-06-06T13:30:00+00:00,5263.739
21401,2011-06-06T13:45:00+00:00,5263.729
21401,2011-06-06T14:00:00+00:00,5263.722
21401,2011-06-06T14:15:00+00:00,5263.718
21401,2011-06-06T14:30:00+00:00,5263.715
21401,2011-06-06T14:45:00+00:00,5263.715
21401,2011-06-06T15:00:00+00:00,5263.716
21401,2011-06-06T15:15:00+00:00,5263.720
21401,2011-06-06T15:30:00+00:00,5263.727
21401,2011-06-06T15:45:00+00:00,5263.737
21401,2011-06-06T16:00:00+00:00,5263.751
21401,2011-06-06T16:15:00+00:00,5263.762
21401,2011-06-06T16:30:00+00:00,5263.777
21401,2011-06-06T16:45:00+00:00,5263.792
21401,2011-06-06T17:00:00+00:00,5263.807
21401,2011-06-06T17:15:00+00:00,5263.827
21401,2011-06-06T17:30:00+00:00,5263.847
21401,2011-06-06T17:45:00+00:00,5263.866
21401,2011-06-06T18:00:00+00:00,5263.884
21401,2011-06-06T18:15:00+00:00,5263.902
21401,2011-06-06T18:30:00+00:00,5263.920
21401,2011-06-06T18:45:00+00:00,5263.932
21401,2011-06-06T19:00:00+00:00,5263.944
21401,2011-06-06T19:15:00+00:00,5263.952
21401,2011-06-06T19:30:00+00:00,5263.957
21401,2011-06-06T19:45:00+00:00,5263.958
21401,2011-06-06T20:00:00+00:00,5263.955
21401,2011-06-06T20:15:00+00:00,5263.952
21401,2011-06-06T20:30:00+00:00,5263.939
21401,2011-06-06T20:45:00+00:00,5263.923
21401,2011-06-06T21:00:00+00:00,5263.906
21401,2011-06-06T21:15:00+00:00,5263.882
21401,2011-06-06T21:30:00+00:00,5263.854
21401,2011-06-06T21:45:00+00:00,5263.823
21401,2011-06-06T22:00:00+00:00,5263.791
21401,2011-06-06T22:15:00+00:00,5263.752
21401,2011-06-06T22:30:00+00:00,5263.708
21401,2011-06-06T22:45:00+00:00,5263.664
21401,2011-06-06T23:00:00+00:00,5263.617
21401,2011-06-06T23:15:00+00:00,5263.567
21401,2011-06-06T23:30:00+00:00,5263.518
21401,2011-06-06T23:45:00+00:00,5263.468
21401,2011-06-07T00:00:00+00:00,5263.420
21401,2011-06-07T00:15:00+00:00,5263.372
21401,2011-06-07T00:30:00+00:00,5263.327
21401,2011-06-07T00:45:00+00:00,5263.284
21401,2011-06-07T01:00:00+00:00,5263.245
21401,2011-06-07T01:15:00+00:00,5263.208
21401,2011-06-07T01:30:00+00:00,5263.174
21401,2011-06-07T01:45:00+00:00,5263.143
21401,2011-06-07T02:00:00+00:00,5263.117
21401,2011-06-07T02:15:00+00:00,5263.093
21401,2011-06-07T02:30:00+00:00,5263.075
21401,2011-06-07T02:45:00+00:00,5263.061
21401,2011-06-07T03:00:00+00:00,5263.051
21401,2011-06-07T03:15:00+00:00,5263.050
21401,2011-06-07T03:30:00+00:00,5263.049
21401,2011-06-07T03:45:00+00:00,5263.055
21401,2011-06-07T04:00:00+00:00,5263.065
21401,2011-06-07T04:15:00+00:00,5263.081
21401,2011-06-07T04:30:00+00:00,5263.099
21401,2011-06-07T04:45:00+00:00,5263.123
21401,2011-06-07T05:00:00+00:00,5263.152
21401,2011-06-07T05:15:00+00:00,5263.185
21401,2011-06-07T05:30:00+00:00,5263.220
21401,2011-06-07T05:45:00+00:00,5263.259
21401,2011-06-07T06:00:00+00:00,5263.302
21401,2011-06-07T06:15:00+00:00,5263.345
21401,2011-06-07T06:30:00+00:00,5263.392
21401,2011-06-07T06:45:00+00:00,5263.433
21401,2011-06-07T07:00:00+00:00,5263.479
21401,2011-06-07T07:15:00+00:00,5263.523
21401,2011-06-07T07:30:00+00:00,5263.565
21401,2011-06-07T07:45:00+00:00,5263.607
21401,2011-06-07T08:00:00+00:00,5263.646
21401,2011-06-07T08:15:00+00:00,5263.683
21401,2011-06-07T08:30:00+00:00,5263.716
21401,2011-06-07T08:45:00+00:00,5263.746
21401,2011-06-07T09:00:00+00:00,5263.771
21401,2011-06-07T09:15:00+00:00,5263.794
21401,2011-06-07T09:30:00+00:00,5263.813
21401,2011-06-07T09:45:00+00:00,5263.827
21401,2011-06-07T10:00:00+00:00,5263.838
21401,2011-06-07T10:15:00+00:00,5263.848
21401,2011-06-07T10:30:00+00:00,5263.854
21401,2011-06-07T10:45:00+00:00,5263.854
21401,2011-06-07T11:00:00+00:00,5263.852
21401,2011-06-07T11:15:00+00:00,5263.844
21401,2011-06-07T11:30:00+00:00,5263.833
21401,2011-06-07T11:45:00+00:00,5263.821
21401,2011-06-07T12:00:00+00:00,5263.807
21401,2011-06-07T12:15:00+00:00,5263.791
21401,2011-06-07T12:30:00+00:00,5263.773
21401,2011-06-07T12:45:00+00:00,5263.756
21401,2011-06-07T13:00:00+00:00,5263.738
21401,2011-06-07T13:15:00+00:00,5263.722
21401,2011-06-07T13:30:00+00:00,5263.707
21401,2011-06-07T13:45:00+00:00,5263.693
21401,2011-06-07T14:00:00+00:00,5263.678
21401,2011-06-07T14:15:00+00:00,5263.667
21401,2011-06-07T14:30:00+00:00,5263.654
21401,2011-06-07T14:45:00+00:00,5263.646
21401,2011-06-07T15:00:00+00:00,5263.638
21401,2011-06-07T15:15:00+00:00,5263.633
21401,2011-06-07T15:30:00+00:00,5263.631
21401,2011-06-07T15:45:00+00:00,5263.631
21401,2011-06-07T16:00:00+00:00,5263.635
21401,2011-06-07T16:15:00+00:00,5263.641
21401,2011-06-07T16:30:00+00:00,5263.651
21401,2011-06-07T16:45:00+00:00,5263.659
21401,2011-06-07T17:00:00+00:00,5263.671
21401,2011-06-07T17:15:00+00:00,5263.685
21401,2011-06-07T17:30:00+00:00,5263.698
21401,2011-06-07T17:45:00+00:00,5263.713
21401,2011-06-07T18:00:00+00:00,5263.729
21401,2011-06-07T18:15:00+00:00,5263.744
21401,2011-06-07T18:30:00+00:00,5263.762
21401,2011-06-07T18:45:00+00:00,5263.781
21401,2011-06-07T19:00:00+00:00,5263.796
21401,2011-06-07T19:15:00+00:00,5263.815
21401,2011-06-07T19:30:00+00:00,5263.828
21401,2011-06-07T19:45:00+00:00,5263.839
21401,2011-06-07T20:00:00+00:00,5263.851
21401,2011-06-07T20:15:00+00:00,5263.857
21401,2011-06-07T20:30:00+00:00,5263.861
21401,2011-06-07T20:45:00+00:00,5263.863
21401,2011-06-07T21:00:00+00:00,5263.861
21401,2011-06-07T21:15:00+00:00,5263.852
21401,2011-06-07T21:30:00+00:00,5263.842
21401,2011-06-07T21:45:00+00:00,5263.828
21401,2011-06-07T22:00:00+00:00,5263.808
21401,2011-06-07T22:15:00+00:00,5263.784
21401,2011-06-07T22:30:00+00:00,5263.757
21401,2011-06-07T22:45:00+00:00,5263.726
21401,2011-06-07T23:00:00+00:00,5263.691
21401,2011-06-07T23:15:00+00:00,5263.657
21401,2011-06-07T23:30:00+00:00,5263.619
21401,2011-06-07T23:45:00+00:00,5263.580
21401,2011-06-08T00:00:00+00:00,5263.540
21401,2011-06-08T00:15:00+00:00,5263.501
21401,2011-06-08T00:30:00+00:00,5263.464
21401,2011-06-08T00:45:00+00:00,5263.426
21401,2011-06-08T01:00:00+00:00,5263.388
21401,2011-06-08T01:15:00+00:00,5263.353
21401,2011-06-08T01:30:00+00:00,5263.320
21401,2011-06-08T01:45:00+00:00,5263.287
21401,2011-06-08T02:00:00+00:00,5263.256
21401,2011-06-08T02:15:00+00:00,5263.230
21401,2011-06-08T02:30:00+00:00,5263.205
21401,2011-06-08T02:45:00+00:00,5263.183
21401,2011-06-08T03:00:00+00:00,5263.164
21401,2011-06-08T03:15:00+00:00,5263.151
21401,2011-06-08T03:30:00+00:00,5263.142
21401,2011-06-08T03:45:00+00:00,5263.136
21401,2011-06-08T04:00:00+00:00,5263.135
21401,2011-06-08T04:15:00+00:00,5263.135
21401,2011-06-08T04:30:00+00:00,5263.141
21401,2011-06-08T04:45:00+00:00,5263.150
21401,2011-06-08T05:00:00+00:00,5263.166
21401,2011-06-08T05:15:00+00:00,5263.186
21401,2011-06-08T05:30:00+00:00,5263.208
21401,2011-06-08T05:45:00+00:00,5263.237
21401,2011-06-08T06:00:00+00:00,5263.266
21401,2011-06-08T06:15:00+00:00,5263.300
21401,2011-06-08T06:30:00+00:00,5263.336
21401,2011-06-08T06:45:00+00:00,5263.371
21401,2011-06-08T07:00:00+00:00,5263.408
21401,2011-06-08T07:15:00+00:00,5263.449
21401,2011-06-08T07:30:00+00:00,5263.492
21401,2011-06-08T07:45:00+00:00,5263.531
21401,2011-06-08T08:00:00+00:00,5263.571
21401,2011-06-08T08:15:00+00:00,5263.608
21401,2011-06-08T08:30:00+00:00,5263.644
21401,2011-06-08T08:45:00+00:00,5263.680
21401,2011-06-08T09:00:00+00:00,5263.711
21401,2011-06-08T09:15:00+00:00,5263.740
21401,2011-06-08T09:30:00+00:00,5263.767
21401,2011-06-08T09:45:00+00:00,5263.789
21401,2011-06-08T10:00:00+00:00,5263.807
21401,2011-06-08T10:15:00+00:00,5263.823
21401,2011-06-08T10:30:00+00:00,5263.832
21401,2011-06-08T10:45:00+00:00,5263.840
21401,2011-06-08T11:00:00+00:00,5263.844
21401,2011-06-08T11:15:00+00:00,5263.844
21401,2011-06-08T11:30:00+00:00,5263.838
21401,2011-06-08T11:45:00+00:00,5263.831
21401,2011-06-08T12:00:00+00:00,5263.820
21401,2011-06-08T12:15:00+00:00,5263.808
21401,2011-06-08T12:30:00+00:00,5263.791
21401,2011-06-08T12:45:00+00:00,5263.773
21401,2011-06-08T13:00:00+00:00,5263.753
21401,2011-06-08T13:15:00+00:00,5263.734
21401,2011-06-08T13:30:00+00:00,5263.712
21401,2011-06-08T13:45:00+00:00,5263.691
21401,2011-06-08T14:00:00+00:00,5263.672
21401,2011-06-08T14:15:00+00:00,5263.651
21401,2011-06-08T14:30:00+00:00,5263.633
21401,2011-06-08T14:45:00+00:00,5263.616
21401,2011-06-08T15:00:00+00:00,5263.601
21401,2011-06-08T15:15:00+00:00,5263.585
21401,2011-06-08T15:30:00+00:00,5263.575
21401,2011-06-08T15:45:00+00:00,5263.566
21401,2011-06-08T16:00:00+00:00,5263.559
21401,2011-06-08T16:15:00+00:00,5263.552
21401,2011-06-08T16:30:00+00:00,5263.548
21401,2011-06-08T16:45:00+00:00,5263.549
21401,2011-06-08T17:00:00+00:00,5263.550
21401,2011-06-08T17:15:00+00:00,5263.551
21401,2011-06-08T17:30:00+00:00,5263.556
21401,2011-06-08T17:45:00+00:00,5263.562
21401,2011-06-08T18:00:00+00:00,5263.572
21401,2011-06-08T18:15:00+00:00,5263.583
21401,2011-06-08T18:30:00+00:00,5263.596
21401,2011-06-08T18:45:00+00:00,5263.612
21401,2011-06-08T19:00:00+00:00,5263.629
21401,2011-06-08T19:15:00+00:00,5263.646
21401,2011-06-08T19:30:00+00:00,5263.665
21401,2011-06-08T19:45:00+00:00,5263.682
21401,2011-06-08T20:00:00+00:00,5263.697
21401,2011-06-08T20:15:00+00:00,5263.711
21401,2011-06-08T20:30:00+00:00,5263.723
21401,2011-06-08T20:45:00+00:00,5263.733
21401,2011-06-08T21:00:00+00:00,5263.742
21401,2011-06-08T21:15:00+00:00,5263.751
21401,2011-06-08T21:30:00+00:00,5263.753
21401,2011-06-08T21:45:00+00:00,5263.756
21401,2011-06-08T22:00:00+00:00,5263.754
21401,2011-06-08T22:15:00+00:00,5263.748
21401,2011-06-08T22:30:00+00:00,5263.740
21401,2011-06-08T22:45:00+00:00,5263.726
21401,2011-06-08T23:00:00+00:00,5263.710
21401,2011-06-08T23:15:00+00:00,5263.692
21401,2011-06-08T23:30:00+00:00,5263.673
21401,2011-06-08T23:45:00+00:00,5263.653
21401,2011-06-09T00:00:00+00:00,5263.628
21401,2011-06-09T00:15:00+00:00,5263.604
21401,2011-06-09T00:30:00+00:00,5263.577
21401,2011-06-09T00:45:00+00:00,5263.551
21401,2011-06-09T01:00:00+00:00,5263.523
21401,2011-06-09T01:15:00+00:00,5263.495
21401,2011-06-09T01:30:00+00:00,5263.469
21401,2011-06-09T01:45:00+00:00,5263.441
21401,2011-06-09T02:00:00+00:00,5263.417
21401,2011-06-09T02:15:00+00:00,5263.389
21401,2011-06-09T02:30:00+00:00,5263.368
21401,2011-06-09T02:45:00+00:00,5263.343
21401,2011-06-09T03:00:00+00:00,5263.324
21401,2011-06-09T03:15:00+00:00,5263.305
21401,2011-06-09T03:30:00+00:00,5263.288
21401,2011-06-09T03:45:00+00:00,5263.276
21401,2011-06-09T04:00:00+00:00,5263.265
21401,2011-06-09T04:15:00+00:00,5263.256
21401,2011-06-09T04:30:00+00:00,5263.252
21401,2011-06-09T04:45:00+00:00,5263.250
21401,2011-06-09T05:00:00+00:00,5263.253
21401,2011-06-09T05:15:00+00:00,5263.261
21401,2011-06-09T05:30:00+00:00,5263.272
21401,2011-06-09T05:45:00+00:00,5263.288
21401,2011-06-09T06:00:00+00:00,5263.304
21401,2011-06-09T06:15:00+00:00,5263.325
21401,2011-06-09T06:30:00+00:00,5263.350
21401,2011-06-09T06:45:00+00:00,5263.375
21401,2011-06-09T07:00:00+00:00,5263.403
21401,2011-06-09T07:15:00+00:00,5263.433
21401,2011-06-09T07:30:00+00:00,5263.466
21401,2011-06-09T07:45:00+00:00,5263.500
21401,2011-06-09T08:00:00+00:00,5263.534
21401,2011-06-09T08:15:00+00:00,5263.568
21401,2011-06-09T08:30:00+00:00,5263.604
21401,2011-06-09T08:45:00+00:00,5263.638
21401,2011-06-09T09:00:00+00:00,5263.669
21401,2011-06-09T09:15:00+00:00,5263.699
21401,2011-06-09T09:30:00+00:00,5263.724
21401,2011-06-09T09:45:00+00:00,5263.750
21401,2011-06-09T10:00:00+00:00,5263.774
21401,2011-06-09T10:15:00+00:00,5263.794
21401,2011-06-09T10:30:00+00:00,5263.814
21401,2011-06-09T10:45:00+00:00,5263.830
21401,2011-06-09T11:00:00+00:00,5263.840
21401,2011-06-09T11:15:00+00:00,5263.844
21401,2011-06-09T11:30:00+00:00,5263.844
21401,2011-06-09T11:45:00+00:00,5263.843
21401,2011-06-09T12:00:00+00:00,5263.835
21401,2011-06-09T12:15:00+00:00,5263.824
21401,2011-06-09T12:30:00+00:00,5263.811
21401,2011-06-09T12:45:00+00:00,5263.796
21401,2011-06-09T13:00:00+00:00,5263.775
21401,2011-06-09T13:15:00+00:00,5263.757
21401,2011-06-09T13:30:00+00:00,5263.735
21401,2011-06-09T13:45:00+00:00,5263.711
21401,2011-06-09T14:00:00+00:00,5263.688
21401,2011-06-09T14:15:00+00:00,5263.664
21401,2011-06-09T14:30:00+00:00,5263.638
21401,2011-06-09T14:45:00+00:00,5263.613
21401,2011-06-09T15:00:00+00:00,5263.589
21401,2011-06-09T15:15:00+00:00,5263.566
21401,2011-06-09T15:30:00+00:00,5263.544
21401,2011-06-09T15:45:00+00:00,5263.522
21401,2011-06-09T16:00:00+00:00,5263.502
21401,2011-06-09T16:15:00+00:00,5263.485
21401,2011-06-09T16:30:00+00:00,5263.470
21401,2011-06-09T16:45:00+00:00,5263.455
21401,2011-06-09T17:00:00+00:00,5263.445
21401,2011-06-09T17:15:00+00:00,5263.434
21401,2011-06-09T17:30:00+00:00,5263.428
21401,2011-06-09T17:45:00+00:00,5263.425
21401,2011-06-09T18:00:00+00:00,5263.424
21401,2011-06-09T18:15:00+00:00,5263.426
21401,2011-06-09T18:30:00+00:00,5263.428
21401,2011-06-09T18:45:00+00:00,5263.436
21401,2011-06-09T19:00:00+00:00,5263.446
21401,2011-06-09T19:15:00+00:00,5263.458
21401,2011-06-09T19:30:00+00:00,5263.469
21401,2011-06-09T19:45:00+00:00,5263.483
21401,2011-06-09T20:00:00+00:00,5263.500
21401,2011-06-09T20:15:00+00:00,5263.515
21401,2011-06-09T20:30:00+00:00,5263.532
21401,2011-06-09T20:45:00+00:00,5263.550
21401,2011-06-09T21:00:00+00:00,5263.569
21401,2011-06-09T21:15:00+00:00,5263.585
21401,2011-06-09T21:30:00+00:00,5263.601
21401,2011-06-09T21:45:00+00:00,5263.614
21401,2011-06-09T22:00:00+00:00,5263.626
21401,2011-06-09T22:15:00+00:00,5263.634
21401,2011-06-09T22:30:00+00:00,5263.639
21401,2011-06-09T22:45:00+00:00,5263.642
21401,2011-06-09T23:00:00+00:00,5263.645
21401,2011-06-09T23:15:00+00:00,5263.645
21401,2011-06-09T23:30:00+00:00,5263.644
21401,2011-06-09T23:45:00+00:00,5263.639
21401,2011-06-10T00:00:00+00:00,5263.636
21401,2011-06-10T00:15:00+00:00,5263.628
21401,2011-06-10T00:30:00+00:00,5263.621
21401,2011-06-10T00:45:00+00:00,5263.612
21401,2011-06-10T01:00:00+00:00,5263.599
21401,2011-06-10T01:15:00+00:00,5263.591
21401,2011-06-10T01:30:00+00:00,5263.578
21401,2011-06-10T01:45:00+00:00,5263.561
21401,2011-06-10T02:00:00+00:00,5263.550
21401,2011-06-10T02:15:00+00:00,5263.531
21401,2011-06-10T02:30:00+00:00,5263.513
21401,2011-06-10T02:45:00+00:00,5263.494
21401,2011-06-10T03:00:00+00:00,5263.477
21401,2011-06-10T03:15:00+00:00,5263.461
21401,2011-06-10T03:30:00+00:00,5263.447
21401,2011-06-10T03:45:00+00:00,5263.435
21401,2011-06-10T04:00:00+00:00,5263.422
21401,2011-06-10T04:15:00+00:00,5263.413
21401,2011-06-10T04:30:00+00:00,5263.404
21401,2011-06-10T04:45:00+00:00,5263.400
21401,2011-06-10T05:00:00+00:00,5263.396
21401,2011-06-10T05:15:00+00:00,5263.393
21401,2011-06-10T05:30:00+00:00,5263.395
21401,2011-06-10T05:45:00+00:00,5263.403
21401,2011-06-10T06:00:00+00:00,5263.407
21401,2011-06-10T06:15:00+00:00,5263.417
21401,2011-06-10T06:30:00+00:00,5263.431
21401,2011-06-10T06:45:00+00:00,5263.445
21401,2011-06-10T07:00:00+00:00,5263.463
21401,2011-06-10T07:15:00+00:00,5263.481
21401,2011-06-10T07:30:00+00:00,5263.502
21401,2011-06-10T07:45:00+00:00,5263.524
21401,2011-06-10T08:00:00+00:00,5263.551
21401,2011-06-10T08:15:00+00:00,5263.578
21401,2011-06-10T08:30:00+00:00,5263.608
21401,2011-06-10T08:45:00+00:00,5263.636
21401,2011-06-10T09:00:00+00:00,5263.665
21401,2011-06-10T09:15:00+00:00,5263.693
21401,2011-06-10T09:30:00+00:00,5263.718
21401,2011-06-10T09:45:00+00:00,5263.746
21401,2011-06-10T10:00:00+00:00,5263.772
21401,2011-06-10T10:15:00+00:00,5263.799
21401,2011-06-10T10:30:00+00:00,5263.821
21401,2011-06-10T10:45:00+00:00,5263.840
21401,2011-06-10T11:00:00+00:00,5263.855
21401,2011-06-10T11:15:00+00:00,5263.867
21401,2011-06-10T11:30:00+00:00,5263.876
21401,2011-06-10T11:45:00+00:00,5263.882
21401,2011-06-10T12:00:00+00:00,5263.879
21401,2011-06-10T12:15:00+00:00,5263.874
21401,2011-06-10T12:30:00+00:00,5263.868
21401,2011-06-10T12:45:00+00:00,5263.857
21401,2011-06-10T13:00:00+00:00,5263.840
21401,2011-06-10T13:15:00+00:00,5263.822
21401,2011-06-10T13:30:00+00:00,5263.803
21401,2011-06-10T13:45:00+00:00,5263.781
21401,2011-06-10T14:00:00+00:00,5263.756
21401,2011-06-10T14:15:00+00:00,5263.733
21401,2011-06-10T14:30:00+00:00,5263.704
21401,2011-06-10T14:45:00+00:00,5263.677
21401,2011-06-10T15:00:00+00:00,5263.647
21401,2011-06-10T15:15:00+00:00,5263.617
21401,2011-06-10T15:30:00+00:00,5263.587
21401,2011-06-10T15:45:00+00:00,5263.554
21401,2011-06-10T16:00:00+00:00,5263.523
21401,2011-06-10T16:15:00+00:00,5263.494
21401,2011-06-10T16:30:00+00:00,5263.468
21401,2011-06-10T16:45:00+00:00,5263.437
21401,2011-06-10T17:00:00+00:00,5263.412
21401,2011-06-10T17:15:00+00:00,5263.388
21401,2011-06-10T17:30:00+00:00,5263.367
21401,2011-06-10T17:45:00+00:00,5263.349
21401,2011-06-10T18:00:00+00:00,5263.333
21401,2011-06-10T18:15:00+00:00,5263.320
21401,2011-06-10T18:30:00+00:00,5263.310
21401,2011-06-10T18:45:00+00:00,5263.304
21401,2011-06-10T19:00:00+00:00,5263.301
21401,2011-06-10T19:15:00+00:00,5263.300
21401,2011-06-10T19:30:00+00:00,5263.302
21401,2011-06-10T19:45:00+00:00,5263.309
21401,2011-06-10T20:00:00+00:00,5263.315
21401,2011-06-10T20:15:00+00:00,5263.323
21401,2011-06-10T20:30:00+00:00,5263.335
21401,2011-06-10T20:45:00+00:00,5263.347
21401,2011-06-10T21:00:00+00:00,5263.362
21401,2011-06-10T21:15:00+00:00,5263.378
21401,2011-06-10T21:30:00+00:00,5263.398
21401,2011-06-10T21:45:00+00:00,5263.418
21401,2011-06-10T22:00:00+00:00,5263.439
21401,2011-06-10T22:15:00+00:00,5263.460
21401,2011-06-10T22:30:00+00:00,5263.475
21401,2011-06-10T22:45:00+00:00,5263.492
21401,2011-06-10T23:00:00+00:00,5263.508
21401,2011-06-10T23:15:00+00:00,5263.522
21401,2011-06-10T23:30:00+00:00,5263.535
21401,2011-06-10T23:45:00+00:00,5263.550
21401,2011-06-11T00:00:00+00:00,5263.561
21401,2011-06-11T00:15:00+00:00,5263.573
21401,2011-06-11T00:30:00+00:00,5263.582
21401,2011-06-11T00:45:00+00:00,5263.590
21401,2011-06-11T01:00:00+00:00,5263.597
21401,2011-06-11T01:15:00+00:00,5263.607
21401,2011-06-11T01:30:00+00:00,5263.612
21401,2011-06-11T01:45:00+00:00,5263.616
21401,2011-06-11T02:00:00+00:00,5263.615
21401,2011-06-11T02:15:00+00:00,5263.614
21401,2011-06-11T02:30:00+00:00,5263.612
21401,2011-06-11T02:45:00+00:00,5263.609
21401,2011-06-11T03:00:00+00:00,5263.606
21401,2011-06-11T03:15:00+00:00,5263.601
21401,2011-06-11T03:30:00+00:00,5263.595
21401,2011-06-11T03:45:00+00:00,5263.591
21401,2011-06-11T04:00:00+00:00,5263.583
21401,2011-06-11T04:15:00+00:00,5263.579
21401,2011-06-11T04:30:00+00:00,5263.571
21401,2011-06-11T04:45:00+00:00,5263.564
21401,2011-06-11T05:00:00+00:00,5263.558
21401,2011-06-11T05:15:00+00:00,5263.552
21401,2011-06-11T05:30:00+00:00,5263.548
21401,2011-06-11T05:45:00+00:00,5263.546
21401,2011-06-11T06:00:00+00:00,5263.548
21401,2011-06-11T06:15:00+00:00,5263.548
21401,2011-06-11T06:30:00+00:00,5263.551
21401,2011-06-11T06:45:00+00:00,5263.555
21401,2011-06-11T07:00:00+00:00,5263.561
21401,2011-06-11T07:15:00+00:00,5263.570
21401,2011-06-11T07:30:00+00:00,5263.581
21401,2011-06-11T07:45:00+00:00,5263.596
21401,2011-06-11T08:00:00+00:00,5263.610
21401,2011-06-11T08:15:00+00:00,5263.627
21401,2011-06-11T08:30:00+00:00,5263.647
21401,2011-06-11T08:45:00+00:00,5263.666
21401,2011-06-11T09:00:00+00:00,5263.687
21401,2011-06-11T09:15:00+00:00,5263.709
21401,2011-06-11T09:30:00+00:00,5263.732
21401,2011-06-11T09:45:00+00:00,5263.755
21401,2011-06-11T10:00:00+00:00,5263.780
21401,2011-06-11T10:15:00+00:00,5263.803
21401,2011-06-11T10:30:00+00:00,5263.831
21401,2011-06-11T10:45:00+00:00,5263.853
21401,2011-06-11T11:00:00+00:00,5263.871
21401,2011-06-11T11:15:00+00:00,5263.888
21401,2011-06-11T11:30:00+00:00,5263.899
21401,2011-06-11T11:45:00+00:00,5263.909
21401,2011-06-11T12:00:00+00:00,5263.914
21401,2011-06-11T12:15:00+00:00,5263.919
21401,2011-06-11T12:30:00+00:00,5263.919
21401,2011-06-11T12:45:00+00:00,5263.915
21401,2011-06-11T13:00:00+00:00,5263.908
21401,2011-06-11T13:15:00+00:00,5263.896
21401,2011-06-11T13:30:00+00:00,5263.885
21401,2011-06-11T13:45:00+00:00,5263.868
21401,2011-06-11T14:00:00+00:00,5263.849
21401,2011-06-11T14:15:00+00:00,5263.827
21401,2011-06-11T14:30:00+00:00,5263.804
21401,2011-06-11T14:45:00+00:00,5263.777
21401,2011-06-11T15:00:00+00:00,5263.748
21401,2011-06-11T15:15:00+00:00,5263.716
21401,2011-06-11T15:30:00+00:00,5263.683
21401,2011-06-11T15:45:00+00:00,5263.647
21401,2011-06-11T16:00:00+00:00,5263.611
21401,2011-06-11T16:15:00+00:00,5263.573
21401,2011-06-11T16:30:00+00:00,5263.534
21401,2011-06-11T16:45:00+00:00,5263.496
21401,2011-06-11T17:00:00+00:00,5263.458
21401,2011-06-11T17:15:00+00:00,5263.424
21401,2011-06-11T17:30:00+00:00,5263.387
21401,2011-06-11T17:45:00+00:00,5263.352
21401,2011-06-11T18:00:00+00:00,5263.319
21401,2011-06-11T18:15:00+00:00,5263.288
21401,2011-06-11T18:30:00+00:00,5263.262
21401,2011-06-11T18:45:00+00:00,5263.237
21401,2011-06-11T19:00:00+00:00,5263.219
21401,2011-06-11T19:15:00+00:00,5263.204
21401,2011-06-11T19:30:00+00:00,5263.191
21401,2011-06-11T19:45:00+00:00,5263.182
21401,2011-06-11T20:00:00+00:00,5263.178
21401,2011-06-11T20:15:00+00:00,5263.174
21401,2011-06-11T20:30:00+00:00,5263.174
21401,2011-06-11T20:45:00+00:00,5263.175
21401,2011-06-11T21:00:00+00:00,5263.183
21401,2011-06-11T21:15:00+00:00,5263.194
21401,2011-06-11T21:30:00+00:00,5263.207
21401,2011-06-11T21:45:00+00:00,5263.222
21401,2011-06-11T22:00:00+00:00,5263.240
21401,2011-06-11T22:15:00+00:00,5263.258
21401,2011-06-11T22:30:00+00:00,5263.280
21401,2011-06-11T22:45:00+00:00,5263.299
21401,2011-06-11T23:00:00+00:00,5263.320
21401,2011-06-11T23:15:00+00:00,5263.343
21401,2011-06-11T23:30:00+00:00,5263.367
21401,2011-06-11T23:45:00+00:00,5263.394
21401,2011-06-12T00:00:00+00:00,5263.419
21401,2011-06-12T00:15:00+00:00,5263.445
21401,2011-06-12T00:30:00+00:00,5263.470
21401,2011-06-12T00:45:00+00:00,5263.498
21401,2011-06-12T01:00:00+00:00,5263.521
21401,2011-06-12T01:15:00+00:00,5263.544
21401,2011-06-12T01:30:00+00:00,5263.566
21401,2011-06-12T01:45:00+00:00,5263.586
21401,2011-06-12T02:00:00+00:00,5263.605
21401,2011-06-12T02:15:00+00:00,5263.619
21401,2011-06-12T02:30:00+00:00,5263.635
21401,2011-06-12T02:45:00+00:00,5263.647
21401,2011-06-12T03:00:00+00:00,5263.661
21401,2011-06-12T03:15:00+00:00,5263.670
21401,2011-06-12T03:30:00+00:00,5263.676
21401,2011-06-12T03:45:00+00:00,5263.681
21401,2011-06-12T04:00:00+00:00,5263.684
21401,2011-06-12T04:15:00+00:00,5263.685
21401,2011-06-12T04:30:00+00:00,5263.686
21401,2011-06-12T04:45:00+00:00,5263.685
21401,2011-06-12T05:00:00+00:00,5263.683
21401,2011-06-12T05:15:00+00:00,5263.681
21401,2011-06-12T05:30:00+00:00,5263.679
21401,2011-06-12T05:45:00+00:00,5263.678
21401,2011-06-12T06:00:00+00:00,5263.677
21401,2011-06-12T06:15:00+00:00,5263.677
21401,2011-06-12T06:30:00+00:00,5263.676
21401,2011-06-12T06:45:00+00:00,5263.677
21401,2011-06-12T07:00:00+00:00,5263.677
21401,2011-06-12T07:15:00+00:00,5263.681
21401,2011-06-12T07:30:00+00:00,5263.682
21401,2011-06-12T07:45:00+00:00,5263.689
21401,2011-06-12T08:00:00+00:00,5263.696
21401,2011-06-12T08:15:00+00:00,5263.701
21401,2011-06-12T08:30:00+00:00,5263.708
21401,2011-06-12T08:45:00+00:00,5263.719
21401,2011-06-12T09:00:00+00:00,5263.732
21401,2011-06-12T09:15:00+00:00,5263.745
21401,2011-06-12T09:30:00+00:00,5263.762
21401,2011-06-12T09:45:00+00:00,5263.780
21401,2011-06-12T10:00:00+00:00,5263.800
21401,2011-06-12T10:15:00+00:00,5263.822
21401,2011-06-12T10:30:00+00:00,5263.844
21401,2011-06-12T10:45:00+00:00,5263.866
21401,2011-06-12T11:00:00+00:00,5263.887
21401,2011-06-12T11:15:00+00:00,5263.907
21401,2011-06-12T11:30:00+00:00,5263.928
21401,2011-06-12T11:45:00+00:00,5263.944
21401,2011-06-12T12:00:00+00:00,5263.958
21401,2011-06-12T12:15:00+00:00,5263.970
21401,2011-06-12T12:30:00+00:00,5263.979
21401,2011-06-12T12:45:00+00:00,5263.982
21401,2011-06-12T13:00:00+00:00,5263.984
21401,2011-06-12T13:15:00+00:00,5263.980
21401,2011-06-12T13:30:00+00:00,5263.976
21401,2011-06-12T13:45:00+00:00,5263.968
21401,2011-06-12T14:00:00+00:00,5263.957
21401,2011-06-12T14:15:00+00:00,5263.940
21401,2011-06-12T14:30:00+00:00,5263.922
21401,2011-06-12T14:45:00+00:00,5263.898
21401,2011-06-12T15:00:00+00:00,5263.874
21401,2011-06-12T15:15:00+00:00,5263.844
21401,2011-06-12T15:30:00+00:00,5263.811
21401,2011-06-12T15:45:00+00:00,5263.774
21401,2011-06-12T16:00:00+00:00,5263.737
21401,2011-06-12T16:15:00+00:00,5263.698
21401,2011-06-12T16:30:00+00:00,5263.658
21401,2011-06-12T16:45:00+00:00,5263.615
21401,2011-06-12T17:00:00+00:00,5263.570
21401,2011-06-12T17:15:00+00:00,5263.525
21401,2011-06-12T17:30:00+00:00,5263.479
21401,2011-06-12T17:45:00+00:00,5263.434
21401,2011-06-12T18:00:00+00:00,5263.389
21401,2011-06-12T18:15:00+00:00,5263.348
21401,2011-06-12T18:30:00+00:00,5263.307
21401,2011-06-12T18:45:00+00:00,5263.267
21401,2011-06-12T19:00:00+00:00,5263.232
21401,2011-06-12T19:15:00+00:00,5263.198
21401,2011-06-12T19:30:00+00:00,5263.168
21401,2011-06-12T19:45:00+00:00,5263.138
21401,2011-06-12T20:00:00+00:00,5263.115
21401,2011-06-12T20:15:00+00:00,5263.097
21401,2011-06-12T20:30:00+00:00,5263.081
21401,2011-06-12T20:45:00+00:00,5263.066
21401,2011-06-12T21:00:00+00:00,5263.058
21401,2011-06-12T21:15:00+00:00,5263.054
21401,2011-06-12T21:30:00+00:00,5263.051
21401,2011-06-12T21:45:00+00:00,5263.056
21401,2011-06-12T22:00:00+00:00,5263.062
21401,2011-06-12T22:15:00+00:00,5263.070
21401,2011-06-12T22:30:00+00:00,5263.083
21401,2011-06-12T22:45:00+00:00,5263.098
21401,2011-06-12T23:00:00+00:00,5263.116
21401,2011-06-12T23:15:00+00:00,5263.138
21401,2011-06-12T23:30:00+00:00,5263.166
21401,2011-06-12T23:45:00+00:00,5263.196
21401,2011-06-13T00:00:00+00:00,5263.227
21401,2011-06-13T00:15:00+00:00,5263.263
21401,2011-06-13T00:30:00+00:00,5263.299
21401,2011-06-13T00:45:00+00:00,5263.333
21401,2011-06-13T01:00:00+00:00,5263.371
21401,2011-06-13T01:15:00+00:00,5263.407
21401,2011-06-13T01:30:00+00:00,5263.440
21401,2011-06-13T01:45:00+00:00,5263.472
21401,2011-06-13T02:00:00+00:00,5263.506
21401,2011-06-13T02:15:00+00:00,5263.540
21401,2011-06-13T02:30:00+00:00,5263.570
21401,2011-06-13T02:45:00+00:00,5263.598
21401,2011-06-13T03:00:00+00:00,5263.626
21401,2011-06-13T03:15:00+00:00,5263.650
21401,2011-06-13T03:30:00+00:00,5263.670
21401,2011-06-13T03:45:00+00:00,5263.690
21401,2011-06-13T04:00:00+00:00,5263.709
21401,2011-06-13T04:15:00+00:00,5263.725
21401,2011-06-13T04:30:00+00:00,5263.740
21401,2011-06-13T04:45:00+00:00,5263.749
21401,2011-06-13T05:00:00+00:00,5263.759
21401,2011-06-13T05:15:00+00:00,5263.768
21401,2011-06-13T05:30:00+00:00,5263.772
21401,2011-06-13T05:45:00+00:00,5263.775
21401,2011-06-13T06:00:00+00:00,5263.780
21401,2011-06-13T06:15:00+00:00,5263.783
21401,2011-06-13T06:30:00+00:00,5263.782
21401,2011-06-13T06:45:00+00:00,5263.782
21401,2011-06-13T07:00:00+00:00,5263.781
21401,2011-06-13T07:15:00+00:00,5263.779
21401,2011-06-13T07:30:00+00:00,5263.780
21401,2011-06-13T07:45:00+00:00,5263.782
21401,2011-06-13T08:00:00+00:00,5263.780
21401,2011-06-13T08:15:00+00:00,5263.781
21401,2011-06-13T08:30:00+00:00,5263.782
21401,2011-06-13T08:45:00+00:00,5263.785
21401,2011-06-13T09:00:00+00:00,5263.787
21401,2011-06-13T09:15:00+00:00,5263.793
21401,2011-06-13T09:30:00+00:00,5263.800
21401,2011-06-13T09:45:00+00:00,5263.811
21401,2011-06-13T10:00:00+00:00,5263.822
21401,2011-06-13T10:15:00+00:00,5263.835
21401,2011-06-13T10:30:00+00:00,5263.852
21401,2011-06-13T10:45:00+00:00,5263.869
21401,2011-06-13T11:00:00+00:00,5263.885
21401,2011-06-13T11:15:00+00:00,5263.899
21401,2011-06-13T11:30:00+00:00,5263.919
21401,2011-06-13T11:45:00+00:00,5263.933
21401,2011-06-13T12:00:00+00:00,5263.948
21401,2011-06-13T12:15:00+00:00,5263.965
21401,2011-06-13T12:30:00+00:00,5263.982
21401,2011-06-13T12:45:00+00:00,5263.999
21401,2011-06-13T13:00:00+00:00,5264.009
21401,2011-06-13T13:15:00+00:00,5264.021
21401,2011-06-13T13:30:00+00:00,5264.024
21401,2011-06-13T13:45:00+00:00,5264.030
21401,2011-06-13T14:00:00+00:00,5264.030
21401,2011-06-13T14:15:00+00:00,5264.027
21401,2011-06-13T14:30:00+00:00,5264.018
21401,2011-06-13T14:45:00+00:00,5264.008
21401,2011-06-13T15:00:00+00:00,5263.992
21401,2011-06-13T15:15:00+00:00,5263.973
21401,2011-06-13T15:30:00+00:00,5263.951
21401,2011-06-13T15:45:00+00:00,5263.924
21401,2011-06-13T16:00:00+00:00,5263.895
21401,2011-06-13T16:15:00+00:00,5263.862
21401,2011-06-13T16:30:00+00:00,5263.824
21401,2011-06-13T16:45:00+00:00,5263.783
21401,2011-06-13T17:00:00+00:00,5263.740
21401,2011-06-13T17:15:00+00:00,5263.691
21401,2011-06-13T17:30:00+00:00,5263.642
21401,2011-06-13T17:45:00+00:00,5263.589
21401,2011-06-13T18:00:00+00:00,5263.536
21401,2011-06-13T18:15:00+00:00,5263.484
21401,2011-06-13T18:30:00+00:00,5263.432
21401,2011-06-13T18:45:00+00:00,5263.379
21401,2011-06-13T19:00:00+00:00,5263.329
21401,2011-06-13T19:15:00+00:00,5263.282
21401,2011-06-13T19:30:00+00:00,5263.236
21401,2011-06-13T19:45:00+00:00,5263.192
21401,2011-06-13T20:00:00+00:00,5263.150
21401,2011-06-13T20:15:00+00:00,5263.112
21401,2011-06-13T20:30:00+00:00,5263.075
21401,2011-06-13T20:45:00+00:00,5263.043
21401,2011-06-13T21:00:00+00:00,5263.019
21401,2011-06-13T21:15:00+00:00,5262.996
21401,2011-06-13T21:30:00+00:00,5262.979
21401,2011-06-13T21:45:00+00:00,5262.965
21401,2011-06-13T22:00:00+00:00,5262.957
21401,2011-06-13T22:15:00+00:00,5262.951
21401,2011-06-13T22:30:00+00:00,5262.951
21401,2011-06-13T22:45:00+00:00,5262.952
21401,2011-06-13T23:00:00+00:00,5262.961
21401,2011-06-13T23:15:00+00:00,5262.973
21401,2011-06-13T23:30:00+00:00,5262.991
21401,2011-06-13T23:45:00+00:00,5263.014
21401,2011-06-14T00:00:00+00:00,5263.042
21401,2011-06-14T00:15:00+00:00,5263.076
21401,2011-06-14T00:30:00+00:00,5263.111
21401,2011-06-14T00:45:00+00:00,5263.149
21401,2011-06-14T01:00:00+00:00,5263.192
21401,2011-06-14T01:15:00+00:00,5263.234
21401,2011-06-14T01:30:00+00:00,5263.277
21401,2011-06-14T01:45:00+00:00,5263.322
21401,2011-06-14T02:00:00+00:00,5263.367
21401,2011-06-14T02:15:00+00:00,5263.411
21401,2011-06-14T02:30:00+00:00,5263.455
21401,2011-06-14T02:45:00+00:00,5263.499
21401,2011-06-14T03:00:00+00:00,5263.539
21401,2011-06-14T03:15:00+00:00,5263.577
21401,2011-06-14T03:30:00+00:00,5263.614
21401,2011-06-14T03:45:00+00:00,5263.648
21401,2011-06-14T04:00:00+00:00,5263.680
21401,2011-06-14T04:15:00+00:00,5263.709
21401,2011-06-14T04:30:00+00:00,5263.737
21401,2011-06-14T04:45:00+00:00,5263.761
21401,2011-06-14T05:00:00+00:00,5263.784
21401,2011-06-14T05:15:00+00:00,5263.805
21401,2011-06-14T05:30:00+00:00,5263.820
21401,2011-06-14T05:45:00+00:00,5263.835
21401,2011-06-14T06:00:00+00:00,5263.845
21401,2011-06-14T06:15:00+00:00,5263.854
21401,2011-06-14T06:30:00+00:00,5263.858
21401,2011-06-14T06:45:00+00:00,5263.863
21401,2011-06-14T07:00:00+00:00,5263.866
21401,2011-06-14T07:15:00+00:00,5263.863
21401,2011-06-14T07:30:00+00:00,5263.864
21401,2011-06-14T07:45:00+00:00,5263.860
21401,2011-06-14T08:00:00+00:00,5263.858
21401,2011-06-14T08:15:00+00:00,5263.855
21401,2011-06-14T08:30:00+00:00,5263.848
21401,2011-06-14T08:45:00+00:00,5263.844
21401,2011-06-14T09:00:00+00:00,5263.841
21401,2011-06-14T09:15:00+00:00,5263.840
21401,2011-06-14T09:30:00+00:00,5263.837
21401,2011-06-14T09:45:00+00:00,5263.845
21401,2011-06-14T10:00:00+00:00,5263.849
21401,2011-06-14T10:15:00+00:00,5263.857
21401,2011-06-14T10:30:00+00:00,5263.858
21401,2011-06-14T10:45:00+00:00,5263.869
21401,2011-06-14T11:00:00+00:00,5263.879
21401,2011-06-14T11:15:00+00:00,5263.892
21401,2011-06-14T11:30:00+00:00,5263.908
21401,2011-06-14T11:45:00+00:00,5263.917
21401,2011-06-14T12:00:00+00:00,5263.935
21401,2011-06-14T12:15:00+00:00,5263.952
21401,2011-06-14T12:30:00+00:00,5263.966
21401,2011-06-14T12:45:00+00:00,5263.980
21401,2011-06-14T13:00:00+00:00,5264.003
21401,2011-06-14T13:15:00+00:00,5264.020
21401,2011-06-14T13:30:00+00:00,5264.030
21401,2011-06-14T13:45:00+00:00,5264.041
21401,2011-06-14T14:00:00+00:00,5264.056
21401,2011-06-14T14:15:00+00:00,5264.066
21401,2011-06-14T14:30:00+00:00,5264.072
21401,2011-06-14T14:45:00+00:00,5264.070
21401,2011-06-14T15:00:00+00:00,5264.072
21401,2011-06-14T15:15:00+00:00,5264.068
21401,2011-06-14T15:30:00+00:00,5264.056
21401,2011-06-14T15:45:00+00:00,5264.043
21401,2011-06-14T16:00:00+00:00,5264.024
21401,2011-06-14T16:15:00+00:00,5263.999
21401,2011-06-14T16:30:00+00:00,5263.973
21401,2011-06-14T16:45:00+00:00,5263.948
21401,2011-06-14T17:00:00+00:00,5263.911
21401,2011-06-14T17:15:00+00:00,5263.869
21401,2011-06-14T17:30:00+00:00,5263.829
21401,2011-06-14T17:45:00+00:00,5263.784
21401,2011-06-14T18:00:00+00:00,5263.733
21401,2011-06-14T18:15:00+00:00,5263.681
21401,2011-06-14T18:30:00+00:00,5263.627
21401,2011-06-14T18:45:00+00:00,5263.572
21401,2011-06-14T19:00:00+00:00,5263.516
21401,2011-06-14T19:15:00+00:00,5263.454
21401,2011-06-14T19:30:00+00:00,5263.393
21401,2011-06-14T19:45:00+00:00,5263.339
21401,2011-06-14T20:00:00+00:00,5263.278
21401,2011-06-14T20:15:00+00:00,5263.226
21401,2011-06-14T20:30:00+00:00,5263.175
21401,2011-06-14T20:45:00+00:00,5263.123
21401,2011-06-14T21:00:00+00:00,5263.074
21401,2011-06-14T21:15:00+00:00,5263.035
21401,2011-06-14T21:30:00+00:00,5262.997
21401,2011-06-14T21:45:00+00:00,5262.962
21401,2011-06-14T22:00:00+00:00,5262.935
21401,2011-06-14T22:15:00+00:00,5262.911
21401,2011-06-14T22:30:00+00:00,5262.895
21401,2011-06-14T22:45:00+00:00,5262.880
21401,2011-06-14T23:00:00+00:00,5262.873
21401,2011-06-14T23:15:00+00:00,5262.868
21401,2011-06-14T23:30:00+00:00,5262.871
21401,2011-06-14T23:45:00+00:00,5262.878
21401,2011-06-15T00:00:00+00:00,5262.892
21401,2011-06-15T00:15:00+00:00,5262.912
21401,2011-06-15T00:30:00+00:00,5262.937
21401,2011-06-15T00:45:00+00:00,5262.968
21401,2011-06-15T01:00:00+00:00,5263.002
21401,2011-06-15T01:15:00+00:00,5263.040
21401,2011-06-15T01:30:00+00:00,5263.081
21401,2011-06-15T01:45:00+00:00,5263.127
21401,2011-06-15T02:00:00+00:00,5263.175
21401,2011-06-15T02:15:00+00:00,5263.222
21401,2011-06-15T02:30:00+00:00,5263.272
21401,2011-06-15T02:45:00+00:00,5263.322
21401,2011-06-15T03:00:00+00:00,5263.370
21401,2011-06-15T03:15:00+00:00,5263.416
21401,2011-06-15T03:30:00+00:00,5263.464
21401,2011-06-15T03:45:00+00:00,5263.515
21401,2011-06-15T04:00:00+00:00,5263.557
21401,2011-06-15T04:15:00+00:00,5263.598
21401,2011-06-15T04:30:00+00:00,5263.639
21401,2011-06-15T04:45:00+00:00,5263.677
21401,2011-06-15T05:00:00+00:00,5263.710
21401,2011-06-15T05:15:00+00:00,5263.742
21401,2011-06-15T05:30:00+00:00,5263.771
21401,2011-06-15T05:45:00+00:00,5263.798
21401,2011-06-15T06:00:00+00:00,5263.816
21401,2011-06-15T06:15:00+00:00,5263.836
21401,2011-06-15T06:30:00+00:00,5263.850
21401,2011-06-15T06:45:00+00:00,5263.869
21401,2011-06-15T07:00:00+00:00,5263.875
21401,2011-06-15T07:15:00+00:00,5263.881
21401,2011-06-15T07:30:00+00:00,5263.884
21401,2011-06-15T07:45:00+00:00,5263.888
21401,2011-06-15T08:00:00+00:00,5263.885
21401,2011-06-15T08:15:00+00:00,5263.884
21401,2011-06-15T08:30:00+00:00,5263.879
21401,2011-06-15T08:45:00+00:00,5263.870
21401,2011-06-15T09:00:00+00:00,5263.867
21401,2011-06-15T09:15:00+00:00,5263.857
21401,2011-06-15T09:30:00+00:00,5263.852
21401,2011-06-15T09:45:00+00:00,5263.846
21401,2011-06-15T10:00:00+00:00,5263.841
21401,2011-06-15T10:15:00+00:00,5263.840
21401,2011-06-15T10:30:00+00:00,5263.840
21401,2011-06-15T10:45:00+00:00,5263.844
21401,2011-06-15T11:00:00+00:00,5263.847
21401,2011-06-15T11:15:00+00:00,5263.853
21401,2011-06-15T11:30:00+00:00,5263.861
21401,2011-06-15T11:45:00+00:00,5263.867
21401,2011-06-15T12:00:00+00:00,5263.876
21401,2011-06-15T12:15:00+00:00,5263.887
21401,2011-06-15T12:30:00+00:00,5263.900
21401,2011-06-15T12:45:00+00:00,5263.916
21401,2011-06-15T13:00:00+00:00,5263.933
21401,2011-06-15T13:15:00+00:00,5263.952
21401,2011-06-15T13:30:00+00:00,5263.972
21401,2011-06-15T13:45:00+00:00,5263.991
21401,2011-06-15T14:00:00+00:00,5264.011
21401,2011-06-15T14:15:00+00:00,5264.029
21401,2011-06-15T14:30:00+00:00,5264.041
21401,2011-06-15T14:45:00+00:00,5264.053
21401,2011-06-15T15:00:00+00:00,5264.069
21401,2011-06-15T15:15:00+00:00,5264.074
21401,2011-06-15T15:30:00+00:00,5264.076
21401,2011-06-15T15:45:00+00:00,5264.078
21401,2011-06-15T16:00:00+00:00,5264.078
21401,2011-06-15T16:15:00+00:00,5264.071
21401,2011-06-15T16:30:00+00:00,5264.060
21401,2011-06-15T16:45:00+00:00,5264.043
21401,2011-06-15T17:00:00+00:00,5264.020
21401,2011-06-15T17:15:00+00:00,5263.992
21401,2011-06-15T17:30:00+00:00,5263.961
21401,2011-06-15T17:45:00+00:00,5263.926
21401,2011-06-15T18:00:00+00:00,5263.886
21401,2011-06-15T18:15:00+00:00,5263.847
21401,2011-06-15T18:30:00+00:00,5263.799
21401,2011-06-15T18:45:00+00:00,5263.745
21401,2011-06-15T19:00:00+00:00,5263.691
21401,2011-06-15T19:15:00+00:00,5263.634
21401,2011-06-15T19:30:00+00:00,5263.575
21401,2011-06-15T19:45:00+00:00,5263.514
21401,2011-06-15T20:00:00+00:00,5263.454
21401,2011-06-15T20:15:00+00:00,5263.396
21401,2011-06-15T20:30:00+00:00,5263.328
21401,2011-06-15T20:45:00+00:00,5263.267
21401,2011-06-15T21:00:00+00:00,5263.212
21401,2011-06-15T21:15:00+00:00,5263.153
21401,2011-06-15T21:30:00+00:00,5263.098
21401,2011-06-15T21:45:00+00:00,5263.052
21401,2011-06-15T22:00:00+00:00,5263.003
21401,2011-06-15T22:15:00+00:00,5262.961
21401,2011-06-15T22:30:00+00:00,5262.922
21401,2011-06-15T22:45:00+00:00,5262.886
21401,2011-06-15T23:00:00+00:00,5262.858
21401,2011-06-15T23:15:00+00:00,5262.836
21401,2011-06-15T23:30:00+00:00,5262.820
21401,2011-06-15T23:45:00+00:00,5262.811
21401,2011-06-16T00:00:00+00:00,5262.810
21401,2011-06-16T00:15:00+00:00,5262.814
21401,2011-06-16T00:30:00+00:00,5262.824
21401,2011-06-16T00:45:00+00:00,5262.836
21401,2011-06-16T01:00:00+00:00,5262.859
21401,2011-06-16T01:15:00+00:00,5262.887
21401,2011-06-16T01:30:00+00:00,5262.920
21401,2011-06-16T01:45:00+00:00,5262.959
21401,2011-06-16T02:00:00+00:00,5263.001
21401,2011-06-16T02:15:00+00:00,5263.048
21401,2011-06-16T02:30:00+00:00,5263.096
21401,2011-06-16T02:45:00+00:00,5263.147
21401,2011-06-16T03:00:00+00:00,5263.201
21401,2011-06-16T03:15:00+00:00,5263.251
21401,2011-06-16T03:30:00+00:00,5263.304
21401,2011-06-16T03:45:00+00:00,5263.357
21401,2011-06-16T04:00:00+00:00,5263.406
21401,2011-06-16T04:15:00+00:00,5263.457
21401,2011-06-16T04:30:00+00:00,5263.505
21401,2011-06-16T04:45:00+00:00,5263.553
21401,2011-06-16T05:00:00+00:00,5263.600
21401,2011-06-16T05:15:00+00:00,5263.642
21401,2011-06-16T05:30:00+00:00,5263.685
21401,2011-06-16T05:45:00+00:00,5263.722
21401,2011-06-16T06:00:00+00:00,5263.750
21401,2011-06-16T06:15:00+00:00,5263.782
21401,2011-06-16T06:30:00+00:00,5263.804
21401,2011-06-16T06:45:00+00:00,5263.825
21401,2011-06-16T07:00:00+00:00,5263.841
21401,2011-06-16T07:15:00+00:00,5263.856
21401,2011-06-16T07:30:00+00:00,5263.863
21401,2011-06-16T07:45:00+00:00,5263.872
21401,2011-06-16T08:00:00+00:00,5263.877
21401,2011-06-16T08:15:00+00:00,5263.878
21401,2011-06-16T08:30:00+00:00,5263.877
21401,2011-06-16T08:45:00+00:00,5263.871
21401,2011-06-16T09:00:00+00:00,5263.867
21401,2011-06-16T09:15:00+00:00,5263.859
21401,2011-06-16T09:30:00+00:00,5263.850
21401,2011-06-16T09:45:00+00:00,5263.841
21401,2011-06-16T10:00:00+00:00,5263.835
21401,2011-06-16T10:15:00+00:00,5263.830
21401,2011-06-16T10:30:00+00:00,5263.826
21401,2011-06-16T10:45:00+00:00,5263.821
21401,2011-06-16T11:00:00+00:00,5263.823
21401,2011-06-16T11:15:00+00:00,5263.828
21401,2011-06-16T11:30:00+00:00,5263.823
21401,2011-06-16T11:45:00+00:00,5263.823
21401,2011-06-16T12:00:00+00:00,5263.823
21401,2011-06-16T12:15:00+00:00,5263.827
21401,2011-06-16T12:30:00+00:00,5263.834
21401,2011-06-16T12:45:00+00:00,5263.844
21401,2011-06-16T13:00:00+00:00,5263.853
21401,2011-06-16T13:15:00+00:00,5263.867
21401,2011-06-16T13:30:00+00:00,5263.882
21401,2011-06-16T13:45:00+00:00,5263.897
21401,2011-06-16T14:00:00+00:00,5263.917
21401,2011-06-16T14:15:00+00:00,5263.936
21401,2011-06-16T14:30:00+00:00,5263.955
21401,2011-06-16T14:45:00+00:00,5263.975
21401,2011-06-16T15:00:00+00:00,5263.996
21401,2011-06-16T15:15:00+00:00,5264.013
21401,2011-06-16T15:30:00+00:00,5264.031
21401,2011-06-16T15:45:00+00:00,5264.045
21401,2011-06-16T16:00:00+00:00,5264.056
21401,2011-06-16T16:15:00+00:00,5264.066
21401,2011-06-16T16:30:00+00:00,5264.070
21401,2011-06-16T16:45:00+00:00,5264.070
21401,2011-06-16T17:00:00+00:00,5264.066
21401,2011-06-16T17:15:00+00:00,5264.055
21401,2011-06-16T17:30:00+00:00,5264.040
21401,2011-06-16T17:45:00+00:00,5264.019
21401,2011-06-16T18:00:00+00:00,5263.995
21401,2011-06-16T18:15:00+00:00,5263.966
21401,2011-06-16T18:30:00+00:00,5263.932
21401,2011-06-16T18:45:00+00:00,5263.892
21401,2011-06-16T19:00:00+00:00,5263.849
21401,2011-06-16T19:15:00+00:00,5263.802
21401,2011-06-16T19:30:00+00:00,5263.749
21401,2011-06-16T19:45:00+00:00,5263.695
21401,2011-06-16T20:00:00+00:00,5263.636
21401,2011-06-16T20:15:00+00:00,5263.575
21401,2011-06-16T20:30:00+00:00,5263.514
21401,2011-06-16T20:45:00+00:00,5263.452
21401,2011-06-16T21:00:00+00:00,5263.391
21401,2011-06-16T21:15:00+00:00,5263.327
21401,2011-06-16T21:30:00+00:00,5263.266
21401,2011-06-16T21:45:00+00:00,5263.204
21401,2011-06-16T22:00:00+00:00,5263.142
21401,2011-06-16T22:15:00+00:00,5263.086
21401,2011-06-16T22:30:00+00:00,5263.031
21401,2011-06-16T22:45:00+00:00,5262.981
21401,2011-06-16T23:00:00+00:00,5262.938
21401,2011-06-16T23:15:00+00:00,5262.901
21401,2011-06-16T23:30:00+00:00,5262.869
21401,2011-06-16T23:45:00+00:00,5262.842
21401,2011-06-17T00:00:00+00:00,5262.821
21401,2011-06-17T00:15:00+00:00,5262.808
21401,2011-06-17T00:30:00+00:00,5262.801
21401,2011-06-17T00:45:00+00:00,5262.801
21401,2011-06-17T01:00:00+00:00,5262.805
21401,2011-06-17T01:15:00+00:00,5262.817
21401,2011-06-17T01:30:00+00:00,5262.834
21401,2011-06-17T01:45:00+00:00,5262.857
21401,2011-06-17T02:00:00+00:00,5262.889
21401,2011-06-17T02:15:00+00:00,5262.927
21401,2011-06-17T02:30:00+00:00,5262.967
21401,2011-06-17T02:45:00+00:00,5263.011
21401,2011-06-17T03:00:00+00:00,5263.058
21401,2011-06-17T03:15:00+00:00,5263.110
21401,2011-06-17T03:30:00+00:00,5263.160
21401,2011-06-17T03:45:00+00:00,5263.217
21401,2011-06-17T04:00:00+00:00,5263.270
21401,2011-06-17T04:15:00+00:00,5263.325
21401,2011-06-17T04:30:00+00:00,5263.382
21401,2011-06-17T04:45:00+00:00,5263.436
21401,2011-06-17T05:00:00+00:00,5263.487
21401,2011-06-17T05:15:00+00:00,5263.538
21401,2011-06-17T05:30:00+00:00,5263.585
21401,2011-06-17T05:45:00+00:00,5263.629
21401,2011-06-17T06:00:00+00:00,5263.671
21401,2011-06-17T06:15:00+00:00,5263.709
21401,2011-06-17T06:30:00+00:00,5263.743
21401,2011-06-17T06:45:00+00:00,5263.777
21401,2011-06-17T07:00:00+00:00,5263.807
21401,2011-06-17T07:15:00+00:00,5263.827
21401,2011-06-17T07:30:00+00:00,5263.845
21401,2011-06-17T07:45:00+00:00,5263.860
21401,2011-06-17T08:00:00+00:00,5263.869
21401,2011-06-17T08:15:00+00:00,5263.875
21401,2011-06-17T08:30:00+00:00,5263.876
21401,2011-06-17T08:45:00+00:00,5263.878
21401,2011-06-17T09:00:00+00:00,5263.879
21401,2011-06-17T09:15:00+00:00,5263.875
21401,2011-06-17T09:30:00+00:00,5263.868
21401,2011-06-17T09:45:00+00:00,5263.860
21401,2011-06-17T10:00:00+00:00,5263.852
21401,2011-06-17T10:15:00+00:00,5263.840
21401,2011-06-17T10:30:00+00:00,5263.833
21401,2011-06-17T10:45:00+00:00,5263.825
21401,2011-06-17T11:00:00+00:00,5263.816
21401,2011-06-17T11:15:00+00:00,5263.807
21401,2011-06-17T11:30:00+00:00,5263.798
21401,2011-06-17T11:45:00+00:00,5263.793
21401,2011-06-17T12:00:00+00:00,5263.786
21401,2011-06-17T12:15:00+00:00,5263.785
21401,2011-06-17T12:30:00+00:00,5263.783
21401,2011-06-17T12:45:00+00:00,5263.787
21401,2011-06-17T13:00:00+00:00,5263.794
21401,2011-06-17T13:15:00+00:00,5263.801
21401,2011-06-17T13:30:00+00:00,5263.815
21401,2011-06-17T13:45:00+00:00,5263.825
21401,2011-06-17T14:00:00+00:00,5263.842
21401,2011-06-17T14:15:00+00:00,5263.858
21401,2011-06-17T14:30:00+00:00,5263.876
21401,2011-06-17T14:45:00+00:00,5263.896
21401,2011-06-17T15:00:00+00:00,5263.916
21401,2011-06-17T15:15:00+00:00,5263.938
21401,2011-06-17T15:30:00+00:00,5263.960
21401,2011-06-17T15:45:00+00:00,5263.984
21401,2011-06-17T16:00:00+00:00,5264.006
21401,2011-06-17T16:15:00+00:00,5264.023
21401,2011-06-17T16:30:00+00:00,5264.042
21401,2011-06-17T16:45:00+00:00,5264.057
21401,2011-06-17T17:00:00+00:00,5264.068
21401,2011-06-17T17:15:00+00:00,5264.076
21401,2011-06-17T17:30:00+00:00,5264.082
21401,2011-06-17T17:45:00+00:00,5264.067
21401,2011-06-17T18:00:00+00:00,5264.065
21401,2011-06-17T18:15:00+00:00,5264.053
21401,2011-06-17T18:30:00+00:00,5264.039
21401,2011-06-17T18:45:00+00:00,5264.020
21401,2011-06-17T19:00:00+00:00,5263.992
21401,2011-06-17T19:15:00+00:00,5263.958
21401,2011-06-17T19:30:00+00:00,5263.921
21401,2011-06-17T19:45:00+00:00,5263.878
21401,2011-06-17T20:00:00+00:00,5263.833
21401,2011-06-17T20:15:00+00:00,5263.783
21401,2011-06-17T20:30:00+00:00,5263.728
21401,2011-06-17T20:45:00+00:00,5263.670
21401,2011-06-17T21:00:00+00:00,5263.609
21401,2011-06-17T21:15:00+00:00,5263.548
21401,2011-06-17T21:30:00+00:00,5263.486
21401,2011-06-17T21:45:00+00:00,5263.420
21401,2011-06-17T22:00:00+00:00,5263.358
21401,2011-06-17T22:15:00+00:00,5263.292
21401,2011-06-17T22:30:00+00:00,5263.228
21401,2011-06-17T22:45:00+00:00,5263.167
21401,2011-06-17T23:00:00+00:00,5263.113
21401,2011-06-17T23:15:00+00:00,5263.063
21401,2011-06-17T23:30:00+00:00,5263.014
21401,2011-06-17T23:45:00+00:00,5262.973
21401,2011-06-18T00:00:00+00:00,5262.937
21401,2011-06-18T00:15:00+00:00,5262.907
21401,2011-06-18T00:30:00+00:00,5262.880
21401,2011-06-18T00:45:00+00:00,5262.866
21401,2011-06-18T01:00:00+00:00,5262.853
21401,2011-06-18T01:15:00+00:00,5262.855
21401,2011-06-18T01:30:00+00:00,5262.837
21401,2011-06-18T01:45:00+00:00,5262.857
21401,2011-06-18T02:00:00+00:00,5262.873
21401,2011-06-18T02:15:00+00:00,5262.890
21401,2011-06-18T02:30:00+00:00,5262.918
21401,2011-06-18T02:45:00+00:00,5262.949
21401,2011-06-18T03:00:00+00:00,5262.988
21401,2011-06-18T03:15:00+00:00,5263.030
21401,2011-06-18T03:30:00+00:00,5263.074
21401,2011-06-18T03:45:00+00:00,5263.122
21401,2011-06-18T04:00:00+00:00,5263.171
21401,2011-06-18T04:15:00+00:00,5263.225
21401,2011-06-18T04:30:00+00:00,5263.280
21401,2011-06-18T04:45:00+00:00,5263.335
21401,2011-06-18T05:00:00+00:00,5263.390
21401,2011-06-18T05:15:00+00:00,5263.445
21401,2011-06-18T05:30:00+00:00,5263.496
21401,2011-06-18T05:45:00+00:00,5263.551
21401,2011-06-18T06:00:00+00:00,5263.599
21401,2011-06-18T06:15:00+00:00,5263.645
21401,2011-06-18T06:30:00+00:00,5263.689
21401,2011-06-18T06:45:00+00:00,5263.725
21401,2011-06-18T07:00:00+00:00,5263.759
21401,2011-06-18T07:15:00+00:00,5263.788
21401,2011-06-18T07:30:00+00:00,5263.810
21401,2011-06-18T07:45:00+00:00,5263.830
21401,2011-06-18T08:00:00+00:00,5263.844
21401,2011-06-18T08:15:00+00:00,5263.855
21401,2011-06-18T08:30:00+00:00,5263.863
21401,2011-06-18T08:45:00+00:00,5263.870
21401,2011-06-18T09:00:00+00:00,5263.870
21401,2011-06-18T09:15:00+00:00,5263.871
21401,2011-06-18T09:30:00+00:00,5263.867
21401,2011-06-18T09:45:00+00:00,5263.862
21401,2011-06-18T10:00:00+00:00,5263.852
21401,2011-06-18T10:15:00+00:00,5263.840
21401,2011-06-18T10:30:00+00:00,5263.829
21401,2011-06-18T10:45:00+00:00,5263.814
21401,2011-06-18T11:00:00+00:00,5263.800
21401,2011-06-18T11:15:00+00:00,5263.787
21401,2011-06-18T11:30:00+00:00,5263.775
21401,2011-06-18T11:45:00+00:00,5263.761
21401,2011-06-18T12:00:00+00:00,5263.749
21401,2011-06-18T12:15:00+00:00,5263.742
21401,2011-06-18T12:30:00+00:00,5263.734
21401,2011-06-18T12:45:00+00:00,5263.726
21401,2011-06-18T13:00:00+00:00,5263.727
21401,2011-06-18T13:15:00+00:00,5263.726
21401,2011-06-18T13:30:00+00:00,5263.727
21401,2011-06-18T13:45:00+00:00,5263.734
21401,2011-06-18T14:00:00+00:00,5263.741
21401,2011-06-18T14:15:00+00:00,5263.750
21401,2011-06-18T14:30:00+00:00,5263.763
21401,2011-06-18T14:45:00+00:00,5263.778
21401,2011-06-18T15:00:00+00:00,5263.797
21401,2011-06-18T15:15:00+00:00,5263.816
21401,2011-06-18T15:30:00+00:00,5263.837
21401,2011-06-18T15:45:00+00:00,5263.861
21401,2011-06-18T16:00:00+00:00,5263.885
21401,2011-06-18T16:15:00+00:00,5263.911
21401,2011-06-18T16:30:00+00:00,5263.940
21401,2011-06-18T16:45:00+00:00,5263.958
21401,2011-06-18T17:00:00+00:00,5263.980
21401,2011-06-18T17:15:00+00:00,5263.999
21401,2011-06-18T17:30:00+00:00,5264.013
21401,2011-06-18T17:45:00+00:00,5264.026
21401,2011-06-18T18:00:00+00:00,5264.037
21401,2011-06-18T18:15:00+00:00,5264.043
21401,2011-06-18T18:30:00+00:00,5264.042
21401,2011-06-18T18:45:00+00:00,5264.038
21401,2011-06-18T19:00:00+00:00,5264.031
21401,2011-06-18T19:15:00+00:00,5264.015
21401,2011-06-18T19:30:00+00:00,5263.997
21401,2011-06-18T19:45:00+00:00,5263.971
21401,2011-06-18T20:00:00+00:00,5263.943
21401,2011-06-18T20:15:00+00:00,5263.905
21401,2011-06-18T20:30:00+00:00,5263.866
21401,2011-06-18T20:45:00+00:00,5263.818
21401,2011-06-18T21:00:00+00:00,5263.773
21401,2011-06-18T21:15:00+00:00,5263.721
21401,2011-06-18T21:30:00+00:00,5263.663
21401,2011-06-18T21:45:00+00:00,5263.604
21401,2011-06-18T22:00:00+00:00,5263.544
21401,2011-06-18T22:15:00+00:00,5263.485
21401,2011-06-18T22:30:00+00:00,5263.422
21401,2011-06-18T22:45:00+00:00,5263.361
21401,2011-06-18T23:00:00+00:00,5263.304
21401,2011-06-18T23:15:00+00:00,5263.245
21401,2011-06-18T23:30:00+00:00,5263.187
21401,2011-06-18T23:45:00+00:00,5263.137
21401,2011-06-19T00:00:00+00:00,5263.092
21401,2011-06-19T00:15:00+00:00,5263.048
21401,2011-06-19T00:30:00+00:00,5263.011
21401,2011-06-19T00:45:00+00:00,5262.982
21401,2011-06-19T01:00:00+00:00,5262.955
21401,2011-06-19T01:15:00+00:00,5262.936
21401,2011-06-19T01:30:00+00:00,5262.926
21401,2011-06-19T01:45:00+00:00,5262.922
21401,2011-06-19T02:00:00+00:00,5262.921
21401,2011-06-19T02:15:00+00:00,5262.926
21401,2011-06-19T02:30:00+00:00,5262.935
21401,2011-06-19T02:45:00+00:00,5262.951
21401,2011-06-19T03:00:00+00:00,5262.971
21401,2011-06-19T03:15:00+00:00,5262.998
21401,2011-06-19T03:30:00+00:00,5263.032
21401,2011-06-19T03:45:00+00:00,5263.068
21401,2011-06-19T04:00:00+00:00,5263.111
21401,2011-06-19T04:15:00+00:00,5263.153
21401,2011-06-19T04:30:00+00:00,5263.202
21401,2011-06-19T04:45:00+00:00,5263.253
21401,2011-06-19T05:00:00+00:00,5263.307
21401,2011-06-19T05:15:00+00:00,5263.361
21401,2011-06-19T05:30:00+00:00,5263.414
21401,2011-06-19T05:45:00+00:00,5263.468
21401,2011-06-19T06:00:00+00:00,5263.521
21401,2011-06-19T06:15:00+00:00,5263.569
21401,2011-06-19T06:30:00+00:00,5263.613
21401,2011-06-19T06:45:00+00:00,5263.656
21401,2011-06-19T07:00:00+00:00,5263.695
21401,2011-06-19T07:15:00+00:00,5263.730
21401,2011-06-19T07:30:00+00:00,5263.763
21401,2011-06-19T07:45:00+00:00,5263.793
21401,2011-06-19T08:00:00+00:00,5263.818
21401,2011-06-19T08:15:00+00:00,5263.838
21401,2011-06-19T08:30:00+00:00,5263.855
21401,2011-06-19T08:45:00+00:00,5263.866
21401,2011-06-19T09:00:00+00:00,5263.874
21401,2011-06-19T09:15:00+00:00,5263.877
21401,2011-06-19T09:30:00+00:00,5263.876
21401,2011-06-19T09:45:00+00:00,5263.871
21401,2011-06-19T10:00:00+00:00,5263.863
21401,2011-06-19T10:15:00+00:00,5263.855
21401,2011-06-19T10:30:00+00:00,5263.845
21401,2011-06-19T10:45:00+00:00,5263.831
21401,2011-06-19T11:00:00+00:00,5263.816
21401,2011-06-19T11:15:00+00:00,5263.800
21401,2011-06-19T11:30:00+00:00,5263.780
21401,2011-06-19T11:45:00+00:00,5263.765
21401,2011-06-19T12:00:00+00:00,5263.747
21401,2011-06-19T12:15:00+00:00,5263.731
21401,2011-06-19T12:30:00+00:00,5263.716
21401,2011-06-19T12:45:00+00:00,5263.703
21401,2011-06-19T13:00:00+00:00,5263.693
21401,2011-06-19T13:15:00+00:00,5263.683
21401,2011-06-19T13:30:00+00:00,5263.678
21401,2011-06-19T13:45:00+00:00,5263.674
21401,2011-06-19T14:00:00+00:00,5263.675
21401,2011-06-19T14:15:00+00:00,5263.678
21401,2011-06-19T14:30:00+00:00,5263.685
21401,2011-06-19T14:45:00+00:00,5263.692
21401,2011-06-19T15:00:00+00:00,5263.700
21401,2011-06-19T15:15:00+00:00,5263.712
21401,2011-06-19T15:30:00+00:00,5263.726
21401,2011-06-19T15:45:00+00:00,5263.743
21401,2011-06-19T16:00:00+00:00,5263.759
21401,2011-06-19T16:15:00+00:00,5263.782
21401,2011-06-19T16:30:00+00:00,5263.801
21401,2011-06-19T16:45:00+00:00,5263.824
21401,2011-06-19T17:00:00+00:00,5263.848
21401,2011-06-19T17:15:00+00:00,5263.873
21401,2011-06-19T17:30:00+00:00,5263.897
21401,2011-06-19T17:45:00+00:00,5263.916
21401,2011-06-19T18:00:00+00:00,5263.937
21401,2011-06-19T18:15:00+00:00,5263.952
21401,2011-06-19T18:30:00+00:00,5263.966
21401,2011-06-19T18:45:00+00:00,5263.978
21401,2011-06-19T19:00:00+00:00,5263.984
21401,2011-06-19T19:15:00+00:00,5263.986
21401,2011-06-19T19:30:00+00:00,5263.988
21401,2011-06-19T19:45:00+00:00,5263.980
21401,2011-06-19T20:00:00+00:00,5263.966
21401,2011-06-19T20:15:00+00:00,5263.950
21401,2011-06-19T20:30:00+00:00,5263.926
21401,2011-06-19T20:45:00+00:00,5263.900
21401,2011-06-19T21:00:00+00:00,5263.868
21401,2011-06-19T21:15:00+00:00,5263.830
21401,2011-06-19T21:30:00+00:00,5263.788
21401,2011-06-19T21:45:00+00:00,5263.743
21401,2011-06-19T22:00:00+00:00,5263.694
21401,2011-06-19T22:15:00+00:00,5263.641
21401,2011-06-19T22:30:00+00:00,5263.584
21401,2011-06-19T22:45:00+00:00,5263.529
21401,2011-06-19T23:00:00+00:00,5263.472
21401,2011-06-19T23:15:00+00:00,5263.417
21401,2011-06-19T23:30:00+00:00,5263.363
21401,2011-06-19T23:45:00+00:00,5263.308
21401,2011-06-20T00:00:00+00:00,5263.260
21401,2011-06-20T00:15:00+00:00,5263.213
21401,2011-06-20T00:30:00+00:00,5263.169
21401,2011-06-20T00:45:00+00:00,5263.132
21401,2011-06-20T01:00:00+00:00,5263.101
21401,2011-06-20T01:15:00+00:00,5263.070
21401,2011-06-20T01:30:00+00:00,5263.045
21401,2011-06-20T01:45:00+00:00,5263.028
21401,2011-06-20T02:00:00+00:00,5263.013
21401,2011-06-20T02:15:00+00:00,5263.006
21401,2011-06-20T02:30:00+00:00,5263.000
21401,2011-06-20T02:45:00+00:00,5263.004
21401,2011-06-20T03:00:00+00:00,5263.012
21401,2011-06-20T03:15:00+00:00,5263.027
21401,2011-06-20T03:30:00+00:00,5263.045
21401,2011-06-20T03:45:00+00:00,5263.068
21401,2011-06-20T04:00:00+00:00,5263.099
21401,2011-06-20T04:15:00+00:00,5263.130
21401,2011-06-20T04:30:00+00:00,5263.164
21401,2011-06-20T04:45:00+00:00,5263.208
21401,2011-06-20T05:00:00+00:00,5263.250
21401,2011-06-20T05:15:00+00:00,5263.293
21401,2011-06-20T05:30:00+00:00,5263.339
21401,2011-06-20T05:45:00+00:00,5263.391
21401,2011-06-20T06:00:00+00:00,5263.441
21401,2011-06-20T06:15:00+00:00,5263.492
21401,2011-06-20T06:30:00+00:00,5263.538
21401,2011-06-20T06:45:00+00:00,5263.584
21401,2011-06-20T07:00:00+00:00,5263.626
21401,2011-06-20T07:15:00+00:00,5263.666
21401,2011-06-20T07:30:00+00:00,5263.702
21401,2011-06-20T07:45:00+00:00,5263.734
21401,2011-06-20T08:00:00+00:00,5263.765
21401,2011-06-20T08:15:00+00:00,5263.793
21401,2011-06-20T08:30:00+00:00,5263.816
21401,2011-06-20T08:45:00+00:00,5263.836
21401,2011-06-20T09:00:00+00:00,5263.850
21401,2011-06-20T09:15:00+00:00,5263.858
21401,2011-06-20T09:30:00+00:00,5263.867
21401,2011-06-20T09:45:00+00:00,5263.868
21401,2011-06-20T10:00:00+00:00,5263.864
21401,2011-06-20T10:15:00+00:00,5263.861
21401,2011-06-20T10:30:00+00:00,5263.852
21401,2011-06-20T10:45:00+00:00,5263.843
21401,2011-06-20T11:00:00+00:00,5263.829
21401,2011-06-20T11:15:00+00:00,5263.814
21401,2011-06-20T11:30:00+00:00,5263.794
21401,2011-06-20T11:45:00+00:00,5263.776
21401,2011-06-20T12:00:00+00:00,5263.754
21401,2011-06-20T12:15:00+00:00,5263.735
21401,2011-06-20T12:30:00+00:00,5263.714
21401,2011-06-20T12:45:00+00:00,5263.693
21401,2011-06-20T13:00:00+00:00,5263.673
21401,2011-06-20T13:15:00+00:00,5263.656
21401,2011-06-20T13:30:00+00:00,5263.640
21401,2011-06-20T13:45:00+00:00,5263.625
21401,2011-06-20T14:00:00+00:00,5263.616
21401,2011-06-20T14:15:00+00:00,5263.611
21401,2011-06-20T14:30:00+00:00,5263.607
21401,2011-06-20T14:45:00+00:00,5263.605
21401,2011-06-20T15:00:00+00:00,5263.607
21401,2011-06-20T15:15:00+00:00,5263.612
21401,2011-06-20T15:30:00+00:00,5263.616
21401,2011-06-20T15:45:00+00:00,5263.624
21401,2011-06-20T16:00:00+00:00,5263.635
21401,2011-06-20T16:15:00+00:00,5263.649
21401,2011-06-20T16:30:00+00:00,5263.665
21401,2011-06-20T16:45:00+00:00,5263.682
21401,2011-06-20T17:00:00+00:00,5263.700
21401,2011-06-20T17:15:00+00:00,5263.723
21401,2011-06-20T17:30:00+00:00,5263.744
21401,2011-06-20T17:45:00+00:00,5263.769
21401,2011-06-20T18:00:00+00:00,5263.792
21401,2011-06-20T18:15:00+00:00,5263.812
21401,2011-06-20T18:30:00+00:00,5263.836
21401,2011-06-20T18:45:00+00:00,5263.856
21401,2011-06-20T19:00:00+00:00,5263.875
21401,2011-06-20T19:15:00+00:00,5263.890
21401,2011-06-20T19:30:00+00:00,5263.902
21401,2011-06-20T19:45:00+00:00,5263.909
21401,2011-06-20T20:00:00+00:00,5263.909
21401,2011-06-20T20:15:00+00:00,5263.909
21401,2011-06-20T20:30:00+00:00,5263.902
21401,2011-06-20T20:45:00+00:00,5263.893
21401,2011-06-20T21:00:00+00:00,5263.874
21401,2011-06-20T21:15:00+00:00,5263.858
21401,2011-06-20T21:30:00+00:00,5263.833
21401,2011-06-20T21:45:00+00:00,5263.805
21401,2011-06-20T22:00:00+00:00,5263.774
21401,2011-06-20T22:15:00+00:00,5263.738
21401,2011-06-20T22:30:00+00:00,5263.695
21401,2011-06-20T22:45:00+00:00,5263.652
21401,2011-06-20T23:00:00+00:00,5263.606
21401,2011-06-20T23:15:00+00:00,5263.560
21401,2011-06-20T23:30:00+00:00,5263.512
21401,2011-06-20T23:45:00+00:00,5263.466
21401,2011-06-21T00:00:00+00:00,5263.421
21401,2011-06-21T00:15:00+00:00,5263.376
21401,2011-06-21T00:30:00+00:00,5263.332
21401,2011-06-21T00:45:00+00:00,5263.293
21401,2011-06-21T01:00:00+00:00,5263.255
21401,2011-06-21T01:15:00+00:00,5263.217
21401,2011-06-21T01:30:00+00:00,5263.189
21401,2011-06-21T01:45:00+00:00,5263.165
21401,2011-06-21T02:00:00+00:00,5263.142
21401,2011-06-21T02:15:00+00:00,5263.124
21401,2011-06-21T02:30:00+00:00,5263.112
21401,2011-06-21T02:45:00+00:00,5263.104
21401,2011-06-21T03:00:00+00:00,5263.100
21401,2011-06-21T03:15:00+00:00,5263.102
21401,2011-06-21T03:30:00+00:00,5263.110
21401,2011-06-21T03:45:00+00:00,5263.120
21401,2011-06-21T04:00:00+00:00,5263.138
21401,2011-06-21T04:15:00+00:00,5263.159
21401,2011-06-21T04:30:00+00:00,5263.182
21401,2011-06-21T04:45:00+00:00,5263.212
21401,2011-06-21T05:00:00+00:00,5263.243
21401,2011-06-21T05:15:00+00:00,5263.279
21401,2011-06-21T05:30:00+00:00,5263.317
21401,2011-06-21T05:45:00+00:00,5263.361
21401,2011-06-21T06:00:00+00:00,5263.404
21401,2011-06-21T06:15:00+00:00,5263.449
21401,2011-06-21T06:30:00+00:00,5263.491
21401,2011-06-21T06:45:00+00:00,5263.535
21401,2011-06-21T07:00:00+00:00,5263.579
21401,2011-06-21T07:15:00+00:00,5263.620
21401,2011-06-21T07:30:00+00:00,5263.660
21401,2011-06-21T07:45:00+00:00,5263.696
21401,2011-06-21T08:00:00+00:00,5263.734
21401,2011-06-21T08:15:00+00:00,5263.766
21401,2011-06-21T08:30:00+00:00,5263.791
21401,2011-06-21T08:45:00+00:00,5263.817
21401,2011-06-21T09:00:00+00:00,5263.841
21401,2011-06-21T09:15:00+00:00,5263.860
21401,2011-06-21T09:30:00+00:00,5263.870
21401,2011-06-21T09:45:00+00:00,5263.875
21401,2011-06-21T10:00:00+00:00,5263.880
21401,2011-06-21T10:15:00+00:00,5263.882
21401,2011-06-21T10:30:00+00:00,5263.885
21401,2011-06-21T10:45:00+00:00,5263.878
21401,2011-06-21T11:00:00+00:00,5263.868
21401,2011-06-21T11:15:00+00:00,5263.857
21401,2011-06-21T11:30:00+00:00,5263.839
21401,2011-06-21T11:45:00+00:00,5263.818
21401,2011-06-21T12:00:00+00:00,5263.799
21401,2011-06-21T12:15:00+00:00,5263.780
21401,2011-06-21T12:30:00+00:00,5263.754
21401,2011-06-21T12:45:00+00:00,5263.732
21401,2011-06-21T13:00:00+00:00,5263.709
21401,2011-06-21T13:15:00+00:00,5263.688
21401,2011-06-21T13:30:00+00:00,5263.665
21401,2011-06-21T13:45:00+00:00,5263.649
21401,2011-06-21T14:00:00+00:00,5263.630
21401,2011-06-21T14:15:00+00:00,5263.614
21401,2011-06-21T14:30:00+00:00,5263.600
21401,2011-06-21T14:45:00+00:00,5263.585
21401,2011-06-21T15:00:00+00:00,5263.578
21401,2011-06-21T15:15:00+00:00,5263.569
21401,2011-06-21T15:30:00+00:00,5263.565
21401,2011-06-21T15:45:00+00:00,5263.562
21401,2011-06-21T16:00:00+00:00,5263.565
21401,2011-06-21T16:15:00+00:00,5263.568
21401,2011-06-21T16:30:00+00:00,5263.571
21401,2011-06-21T16:45:00+00:00,5263.579
21401,2011-06-21T17:00:00+00:00,5263.590
21401,2011-06-21T17:15:00+00:00,5263.601
21401,2011-06-21T17:30:00+00:00,5263.618
21401,2011-06-21T17:45:00+00:00,5263.635
21401,2011-06-21T18:00:00+00:00,5263.650
21401,2011-06-21T18:15:00+00:00,5263.673
21401,2011-06-21T18:30:00+00:00,5263.692
21401,2011-06-21T18:45:00+00:00,5263.715
21401,2011-06-21T19:00:00+00:00,5263.736
21401,2011-06-21T19:15:00+00:00,5263.757
21401,2011-06-21T19:30:00+00:00,5263.773
21401,2011-06-21T19:45:00+00:00,5263.790
21401,2011-06-21T20:00:00+00:00,5263.804
21401,2011-06-21T20:15:00+00:00,5263.818
21401,2011-06-21T20:30:00+00:00,5263.826
21401,2011-06-21T20:45:00+00:00,5263.829
21401,2011-06-21T21:00:00+00:00,5263.829
21401,2011-06-21T21:15:00+00:00,5263.826
21401,2011-06-21T21:30:00+00:00,5263.817
21401,2011-06-21T21:45:00+00:00,5263.805
21401,2011-06-21T22:00:00+00:00,5263.790
21401,2011-06-21T22:15:00+00:00,5263.768
21401,2011-06-21T22:30:00+00:00,5263.742
21401,2011-06-21T22:45:00+00:00,5263.716
21401,2011-06-21T23:00:00+00:00,5263.684
21401,2011-06-21T23:15:00+00:00,5263.653
21401,2011-06-21T23:30:00+00:00,5263.619
21401,2011-06-21T23:45:00+00:00,5263.582
21401,2011-06-22T00:00:00+00:00,5263.545
21401,2011-06-22T00:15:00+00:00,5263.509
21401,2011-06-22T00:30:00+00:00,5263.473
21401,2011-06-22T00:45:00+00:00,5263.439
21401,2011-06-22T01:00:00+00:00,5263.404
21401,2011-06-22T01:15:00+00:00,5263.370
21401,2011-06-22T01:30:00+00:00,5263.341
21401,2011-06-22T01:45:00+00:00,5263.314
21401,2011-06-22T02:00:00+00:00,5263.288
21401,2011-06-22T02:15:00+00:00,5263.264
21401,2011-06-22T02:30:00+00:00,5263.249
21401,2011-06-22T02:45:00+00:00,5263.236
21401,2011-06-22T03:00:00+00:00,5263.223
21401,2011-06-22T03:15:00+00:00,5263.217
21401,2011-06-22T03:30:00+00:00,5263.214
21401,2011-06-22T03:45:00+00:00,5263.217
21401,2011-06-22T04:00:00+00:00,5263.222
21401,2011-06-22T04:15:00+00:00,5263.230
21401,2011-06-22T04:30:00+00:00,5263.247
21401,2011-06-22T04:45:00+00:00,5263.265
21401,2011-06-22T05:00:00+00:00,5263.288
21401,2011-06-22T05:15:00+00:00,5263.313
21401,2011-06-22T05:30:00+00:00,5263.342
21401,2011-06-22T05:45:00+00:00,5263.375
21401,2011-06-22T06:00:00+00:00,5263.412
21401,2011-06-22T06:15:00+00:00,5263.445
21401,2011-06-22T06:30:00+00:00,5263.483
21401,2011-06-22T06:45:00+00:00,5263.521
21401,2011-06-22T07:00:00+00:00,5263.560
21401,2011-06-22T07:15:00+00:00,5263.595
21401,2011-06-22T07:30:00+00:00,5263.633
21401,2011-06-22T07:45:00+00:00,5263.672
21401,2011-06-22T08:00:00+00:00,5263.707
21401,2011-06-22T08:15:00+00:00,5263.739
21401,2011-06-22T08:30:00+00:00,5263.770
21401,2011-06-22T08:45:00+00:00,5263.798
21401,2011-06-22T09:00:00+00:00,5263.824
21401,2011-06-22T09:15:00+00:00,5263.843
21401,2011-06-22T09:30:00+00:00,5263.858
21401,2011-06-22T09:45:00+00:00,5263.872
21401,2011-06-22T10:00:00+00:00,5263.882
21401,2011-06-22T10:15:00+00:00,5263.889
21401,2011-06-22T10:30:00+00:00,5263.894
21401,2011-06-22T10:45:00+00:00,5263.894
21401,2011-06-22T11:00:00+00:00,5263.889
21401,2011-06-22T11:15:00+00:00,5263.884
21401,2011-06-22T11:30:00+00:00,5263.869
21401,2011-06-22T11:45:00+00:00,5263.854
21401,2011-06-22T12:00:00+00:00,5263.836
21401,2011-06-22T12:15:00+00:00,5263.814
21401,2011-06-22T12:30:00+00:00,5263.792
21401,2011-06-22T12:45:00+00:00,5263.772
21401,2011-06-22T13:00:00+00:00,5263.748
21401,2011-06-22T13:15:00+00:00,5263.723
21401,2011-06-22T13:30:00+00:00,5263.694
21401,2011-06-22T13:45:00+00:00,5263.672
21401,2011-06-22T14:00:00+00:00,5263.648
21401,2011-06-22T14:15:00+00:00,5263.626
21401,2011-06-22T14:30:00+00:00,5263.603
21401,2011-06-22T14:45:00+00:00,5263.584
21401,2011-06-22T15:00:00+00:00,5263.562
21401,2011-06-22T15:15:00+00:00,5263.546
21401,2011-06-22T15:30:00+00:00,5263.529
21401,2011-06-22T15:45:00+00:00,5263.521
21401,2011-06-22T16:00:00+00:00,5263.511
21401,2011-06-22T16:15:00+00:00,5263.505
21401,2011-06-22T16:30:00+00:00,5263.499
21401,2011-06-22T16:45:00+00:00,5263.495
21401,2011-06-22T17:00:00+00:00,5263.499
21401,2011-06-22T17:15:00+00:00,5263.500
21401,2011-06-22T17:30:00+00:00,5263.505
21401,2011-06-22T17:45:00+00:00,5263.513
21401,2011-06-22T18:00:00+00:00,5263.525
21401,2011-06-22T18:15:00+00:00,5263.538
21401,2011-06-22T18:30:00+00:00,5263.551
21401,2011-06-22T18:45:00+00:00,5263.568
21401,2011-06-22T19:00:00+00:00,5263.586
21401,2011-06-22T19:15:00+00:00,5263.606
21401,2011-06-22T19:30:00+00:00,5263.626
21401,2011-06-22T19:45:00+00:00,5263.646
21401,2011-06-22T20:00:00+00:00,5263.663
21401,2011-06-22T20:15:00+00:00,5263.681
21401,2011-06-22T20:30:00+00:00,5263.699
21401,2011-06-22T20:45:00+00:00,5263.710
21401,2011-06-22T21:00:00+00:00,5263.722
21401,2011-06-22T21:15:00+00:00,5263.730
21401,2011-06-22T21:30:00+00:00,5263.737
21401,2011-06-22T21:45:00+00:00,5263.742
21401,2011-06-22T22:00:00+00:00,5263.740
21401,2011-06-22T22:15:00+00:00,5263.729
21401,2011-06-22T22:30:00+00:00,5263.722
21401,2011-06-22T22:45:00+00:00,5263.708
21401,2011-06-22T23:00:00+00:00,5263.695
21401,2011-06-22T23:15:00+00:00,5263.677
21401,2011-06-22T23:30:00+00:00,5263.658
21401,2011-06-22T23:45:00+00:00,5263.637
21401,2011-06-23T00:00:00+00:00,5263.615
21401,2011-06-23T00:15:00+00:00,5263.591
21401,2011-06-23T00:30:00+00:00,5263.568
21401,2011-06-23T00:45:00+00:00,5263.546
21401,2011-06-23T01:00:00+00:00,5263.519
21401,2011-06-23T01:15:00+00:00,5263.494
21401,2011-06-23T01:30:00+00:00,5263.470
21401,2011-06-23T01:45:00+00:00,5263.444
21401,2011-06-23T02:00:00+00:00,5263.418
21401,2011-06-23T02:15:00+00:00,5263.401
21401,2011-06-23T02:30:00+00:00,5263.380
21401,2011-06-23T02:45:00+00:00,5263.366
21401,2011-06-23T03:00:00+00:00,5263.350
21401,2011-06-23T03:15:00+00:00,5263.343
21401,2011-06-23T03:30:00+00:00,5263.332
21401,2011-06-23T03:45:00+00:00,5263.327
21401,2011-06-23T04:00:00+00:00,5263.327
21401,2011-06-23T04:15:00+00:00,5263.329
21401,2011-06-23T04:30:00+00:00,5263.332
21401,2011-06-23T04:45:00+00:00,5263.339
21401,2011-06-23T05:00:00+00:00,5263.352
21401,2011-06-23T05:15:00+00:00,5263.367
21401,2011-06-23T05:30:00+00:00,5263.388
21401,2011-06-23T05:45:00+00:00,5263.411
21401,2011-06-23T06:00:00+00:00,5263.436
21401,2011-06-23T06:15:00+00:00,5263.464
21401,2011-06-23T06:30:00+00:00,5263.493
21401,2011-06-23T06:45:00+00:00,5263.522
21401,2011-06-23T07:00:00+00:00,5263.554
21401,2011-06-23T07:15:00+00:00,5263.587
21401,2011-06-23T07:30:00+00:00,5263.621
21401,2011-06-23T07:45:00+00:00,5263.657
21401,2011-06-23T08:00:00+00:00,5263.690
21401,2011-06-23T08:15:00+00:00,5263.719
21401,2011-06-23T08:30:00+00:00,5263.752
21401,2011-06-23T08:45:00+00:00,5263.777
21401,2011-06-23T09:00:00+00:00,5263.804
21401,2011-06-23T09:15:00+00:00,5263.829
21401,2011-06-23T09:30:00+00:00,5263.850
21401,2011-06-23T09:45:00+00:00,5263.864
21401,2011-06-23T10:00:00+00:00,5263.877
21401,2011-06-23T10:15:00+00:00,5263.888
21401,2011-06-23T10:30:00+00:00,5263.899
21401,2011-06-23T10:45:00+00:00,5263.904
21401,2011-06-23T11:00:00+00:00,5263.907
21401,2011-06-23T11:15:00+00:00,5263.901
21401,2011-06-23T11:30:00+00:00,5263.894
21401,2011-06-23T11:45:00+00:00,5263.885
21401,2011-06-23T12:00:00+00:00,5263.871
21401,2011-06-23T12:15:00+00:00,5263.856
21401,2011-06-23T12:30:00+00:00,5263.837
21401,2011-06-23T12:45:00+00:00,5263.817
21401,2011-06-23T13:00:00+00:00,5263.792
21401,2011-06-23T13:15:00+00:00,5263.766
21401,2011-06-23T13:30:00+00:00,5263.741
21401,2011-06-23T13:45:00+00:00,5263.715
21401,2011-06-23T14:00:00+00:00,5263.689
21401,2011-06-23T14:15:00+00:00,5263.665
21401,2011-06-23T14:30:00+00:00,5263.640
21401,2011-06-23T14:45:00+00:00,5263.611
21401,2011-06-23T15:00:00+00:00,5263.585
21401,2011-06-23T15:15:00+00:00,5263.557
21401,2011-06-23T15:30:00+00:00,5263.536
21401,2011-06-23T15:45:00+00:00,5263.512
21401,2011-06-23T16:00:00+00:00,5263.489
21401,2011-06-23T16:15:00+00:00,5263.474
21401,2011-06-23T16:30:00+00:00,5263.463
21401,2011-06-23T16:45:00+00:00,5263.449
21401,2011-06-23T17:00:00+00:00,5263.437
21401,2011-06-23T17:15:00+00:00,5263.430
21401,2011-06-23T17:30:00+00:00,5263.425
21401,2011-06-23T17:45:00+00:00,5263.422
21401,2011-06-23T18:00:00+00:00,5263.422
21401,2011-06-23T18:15:00+00:00,5263.425
21401,2011-06-23T18:30:00+00:00,5263.431
21401,2011-06-23T18:45:00+00:00,5263.440
21401,2011-06-23T19:00:00+00:00,5263.449
21401,2011-06-23T19:15:00+00:00,5263.460
21401,2011-06-23T19:30:00+00:00,5263.477
21401,2011-06-23T19:45:00+00:00,5263.492
21401,2011-06-23T20:00:00+00:00,5263.508
21401,2011-06-23T20:15:00+00:00,5263.526
21401,2011-06-23T20:30:00+00:00,5263.547
21401,2011-06-23T20:45:00+00:00,5263.563
21401,2011-06-23T21:00:00+00:00,5263.580
21401,2011-06-23T21:15:00+00:00,5263.597
21401,2011-06-23T21:30:00+00:00,5263.615
21401,2011-06-23T21:45:00+00:00,5263.630
21401,2011-06-23T22:00:00+00:00,5263.640
21401,2011-06-23T22:15:00+00:00,5263.648
21401,2011-06-23T22:30:00+00:00,5263.654
21401,2011-06-23T22:45:00+00:00,5263.653
21401,2011-06-23T23:00:00+00:00,5263.651
21401,2011-06-23T23:15:00+00:00,5263.648
21401,2011-06-23T23:30:00+00:00,5263.644
21401,2011-06-23T23:45:00+00:00,5263.637
21401,2011-06-24T00:00:00+00:00,5263.633
21401,2011-06-24T00:15:00+00:00,5263.622
21401,2011-06-24T00:30:00+00:00,5263.611
21401,2011-06-24T00:45:00+00:00,5263.596
21401,2011-06-24T01:00:00+00:00,5263.583
21401,2011-06-24T01:15:00+00:00,5263.569
21401,2011-06-24T01:30:00+00:00,5263.553
21401,2011-06-24T01:45:00+00:00,5263.538
21401,2011-06-24T02:00:00+00:00,5263.525
21401,2011-06-24T02:15:00+00:00,5263.513
21401,2011-06-24T02:30:00+00:00,5263.497
21401,2011-06-24T02:45:00+00:00,5263.482
21401,2011-06-24T03:00:00+00:00,5263.472
21401,2011-06-24T03:15:00+00:00,5263.460
21401,2011-06-24T03:30:00+00:00,5263.450
21401,2011-06-24T03:45:00+00:00,5263.440
21401,2011-06-24T04:00:00+00:00,5263.440
21401,2011-06-24T04:15:00+00:00,5263.439
21401,2011-06-24T04:30:00+00:00,5263.435
21401,2011-06-24T04:45:00+00:00,5263.435
21401,2011-06-24T05:00:00+00:00,5263.438
21401,2011-06-24T05:15:00+00:00,5263.447
21401,2011-06-24T05:30:00+00:00,5263.456
21401,2011-06-24T05:45:00+00:00,5263.468
21401,2011-06-24T06:00:00+00:00,5263.482
21401,2011-06-24T06:15:00+00:00,5263.501
21401,2011-06-24T06:30:00+00:00,5263.521
21401,2011-06-24T06:45:00+00:00,5263.540
21401,2011-06-24T07:00:00+00:00,5263.565
21401,2011-06-24T07:15:00+00:00,5263.589
21401,2011-06-24T07:30:00+00:00,5263.612
21401,2011-06-24T07:45:00+00:00,5263.638
21401,2011-06-24T08:00:00+00:00,5263.663
21401,2011-06-24T08:15:00+00:00,5263.691
21401,2011-06-24T08:30:00+00:00,5263.716
21401,2011-06-24T08:45:00+00:00,5263.745
21401,2011-06-24T09:00:00+00:00,5263.772
21401,2011-06-24T09:15:00+00:00,5263.793
21401,2011-06-24T09:30:00+00:00,5263.815
21401,2011-06-24T09:45:00+00:00,5263.835
21401,2011-06-24T10:00:00+00:00,5263.854
21401,2011-06-24T10:15:00+00:00,5263.869
21401,2011-06-24T10:30:00+00:00,5263.884
21401,2011-06-24T10:45:00+00:00,5263.893
21401,2011-06-24T11:00:00+00:00,5263.902
21401,2011-06-24T11:15:00+00:00,5263.903
21401,2011-06-24T11:30:00+00:00,5263.903
21401,2011-06-24T11:45:00+00:00,5263.898
21401,2011-06-24T12:00:00+00:00,5263.889
21401,2011-06-24T12:15:00+00:00,5263.878
21401,2011-06-24T12:30:00+00:00,5263.865
21401,2011-06-24T12:45:00+00:00,5263.846
21401,2011-06-24T13:00:00+00:00,5263.827
21401,2011-06-24T13:15:00+00:00,5263.804
21401,2011-06-24T13:30:00+00:00,5263.780
21401,2011-06-24T13:45:00+00:00,5263.755
21401,2011-06-24T14:00:00+00:00,5263.729
21401,2011-06-24T14:15:00+00:00,5263.702
21401,2011-06-24T14:30:00+00:00,5263.674
21401,2011-06-24T14:45:00+00:00,5263.645
21401,2011-06-24T15:00:00+00:00,5263.617
21401,2011-06-24T15:15:00+00:00,5263.588
21401,2011-06-24T15:30:00+00:00,5263.561
21401,2011-06-24T15:45:00+00:00,5263.531
21401,2011-06-24T16:00:00+00:00,5263.504
21401,2011-06-24T16:15:00+00:00,5263.480
21401,2011-06-24T16:30:00+00:00,5263.457
21401,2011-06-24T16:45:00+00:00,5263.432
21401,2011-06-24T17:00:00+00:00,5263.411
21401,2011-06-24T17:15:00+00:00,5263.390
21401,2011-06-24T17:30:00+00:00,5263.371
21401,2011-06-24T17:45:00+00:00,5263.356
21401,2011-06-24T18:00:00+00:00,5263.341
21401,2011-06-24T18:15:00+00:00,5263.330
21401,2011-06-24T18:30:00+00:00,5263.322
21401,2011-06-24T18:45:00+00:00,5263.319
21401,2011-06-24T19:00:00+00:00,5263.316
21401,2011-06-24T19:15:00+00:00,5263.318
21401,2011-06-24T19:30:00+00:00,5263.323
21401,2011-06-24T19:45:00+00:00,5263.333
21401,2011-06-24T20:00:00+00:00,5263.341
21401,2011-06-24T20:15:00+00:00,5263.353
21401,2011-06-24T20:30:00+00:00,5263.365
21401,2011-06-24T20:45:00+00:00,5263.380
21401,2011-06-24T21:00:00+00:00,5263.395
21401,2011-06-24T21:15:00+00:00,5263.413
21401,2011-06-24T21:30:00+00:00,5263.430
21401,2011-06-24T21:45:00+00:00,5263.448
21401,2011-06-24T22:00:00+00:00,5263.467
21401,2011-06-24T22:15:00+00:00,5263.482
21401,2011-06-24T22:30:00+00:00,5263.496
21401,2011-06-24T22:45:00+00:00,5263.509
21401,2011-06-24T23:00:00+00:00,5263.522
21401,2011-06-24T23:15:00+00:00,5263.532
21401,2011-06-24T23:30:00+00:00,5263.537
21401,2011-06-24T23:45:00+00:00,5263.546
21401,2011-06-25T00:00:00+00:00,5263.552
21401,2011-06-25T00:15:00+00:00,5263.557
21401,2011-06-25T00:30:00+00:00,5263.559
21401,2011-06-25T00:45:00+00:00,5263.564
21401,2011-06-25T01:00:00+00:00,5263.565
21401,2011-06-25T01:15:00+00:00,5263.563
21401,2011-06-25T01:30:00+00:00,5263.562
21401,2011-06-25T01:45:00+00:00,5263.558
21401,2011-06-25T02:00:00+00:00,5263.553
21401,2011-06-25T02:15:00+00:00,5263.547
21401,2011-06-25T02:30:00+00:00,5263.540
21401,2011-06-25T02:45:00+00:00,5263.532
21401,2011-06-25T03:00:00+00:00,5263.525
21401,2011-06-25T03:15:00+00:00,5263.518
21401,2011-06-25T03:30:00+00:00,5263.513
21401,2011-06-25T03:45:00+00:00,5263.508
21401,2011-06-25T04:00:00+00:00,5263.504
21401,2011-06-25T04:15:00+00:00,5263.500
21401,2011-06-25T04:30:00+00:00,5263.495
21401,2011-06-25T04:45:00+00:00,5263.495
21401,2011-06-25T05:00:00+00:00,5263.494
21401,2011-06-25T05:15:00+00:00,5263.498
21401,2011-06-25T05:30:00+00:00,5263.506
21401,2011-06-25T05:45:00+00:00,5263.508
21401,2011-06-25T06:00:00+00:00,5263.517
21401,2011-06-25T06:15:00+00:00,5263.527
21401,2011-06-25T06:30:00+00:00,5263.540
21401,2011-06-25T06:45:00+00:00,5263.554
21401,2011-06-25T07:00:00+00:00,5263.572
21401,2011-06-25T07:15:00+00:00,5263.588
21401,2011-06-25T07:30:00+00:00,5263.605
21401,2011-06-25T07:45:00+00:00,5263.622
21401,2011-06-25T08:00:00+00:00,5263.643
21401,2011-06-25T08:15:00+00:00,5263.664
21401,2011-06-25T08:30:00+00:00,5263.684
21401,2011-06-25T08:45:00+00:00,5263.706
21401,2011-06-25T09:00:00+00:00,5263.727
21401,2011-06-25T09:15:00+00:00,5263.745
21401,2011-06-25T09:30:00+00:00,5263.765
21401,2011-06-25T09:45:00+00:00,5263.787
21401,2011-06-25T10:00:00+00:00,5263.807
21401,2011-06-25T10:15:00+00:00,5263.826
21401,2011-06-25T10:30:00+00:00,5263.844
21401,2011-06-25T10:45:00+00:00,5263.858
21401,2011-06-25T11:00:00+00:00,5263.871
21401,2011-06-25T11:15:00+00:00,5263.877
21401,2011-06-25T11:30:00+00:00,5263.885
21401,2011-06-25T11:45:00+00:00,5263.890
21401,2011-06-25T12:00:00+00:00,5263.890
21401,2011-06-25T12:15:00+00:00,5263.883
21401,2011-06-25T12:30:00+00:00,5263.879
21401,2011-06-25T12:45:00+00:00,5263.870
21401,2011-06-25T13:00:00+00:00,5263.858
21401,2011-06-25T13:15:00+00:00,5263.843
21401,2011-06-25T13:30:00+00:00,5263.824
21401,2011-06-25T13:45:00+00:00,5263.804
21401,2011-06-25T14:00:00+00:00,5263.780
21401,2011-06-25T14:15:00+00:00,5263.756
21401,2011-06-25T14:30:00+00:00,5263.730
21401,2011-06-25T14:45:00+00:00,5263.705
21401,2011-06-25T15:00:00+00:00,5263.676
21401,2011-06-25T15:15:00+00:00,5263.649
21401,2011-06-25T15:30:00+00:00,5263.618
21401,2011-06-25T15:45:00+00:00,5263.589
21401,2011-06-25T16:00:00+00:00,5263.558
21401,2011-06-25T16:15:00+00:00,5263.528
21401,2011-06-25T16:30:00+00:00,5263.494
21401,2011-06-25T16:45:00+00:00,5263.461
21401,2011-06-25T17:00:00+00:00,5263.431
21401,2011-06-25T17:15:00+00:00,5263.402
21401,2011-06-25T17:30:00+00:00,5263.372
21401,2011-06-25T17:45:00+00:00,5263.347
21401,2011-06-25T18:00:00+00:00,5263.321
21401,2011-06-25T18:15:00+00:00,5263.301
21401,2011-06-25T18:30:00+00:00,5263.282
21401,2011-06-25T18:45:00+00:00,5263.265
21401,2011-06-25T19:00:00+00:00,5263.250
21401,2011-06-25T19:15:00+00:00,5263.237
21401,2011-06-25T19:30:00+00:00,5263.232
21401,2011-06-25T19:45:00+00:00,5263.230
21401,2011-06-25T20:00:00+00:00,5263.227
21401,2011-06-25T20:15:00+00:00,5263.232
21401,2011-06-25T20:30:00+00:00,5263.238
21401,2011-06-25T20:45:00+00:00,5263.245
21401,2011-06-25T21:00:00+00:00,5263.254
21401,2011-06-25T21:15:00+00:00,5263.268
21401,2011-06-25T21:30:00+00:00,5263.281
21401,2011-06-25T21:45:00+00:00,5263.297
21401,2011-06-25T22:00:00+00:00,5263.315
21401,2011-06-25T22:15:00+00:00,5263.334
21401,2011-06-25T22:30:00+00:00,5263.352
21401,2011-06-25T22:45:00+00:00,5263.372
21401,2011-06-25T23:00:00+00:00,5263.393
21401,2011-06-25T23:15:00+00:00,5263.411
21401,2011-06-25T23:30:00+00:00,5263.431
21401,2011-06-25T23:45:00+00:00,5263.450
21401,2011-06-26T00:00:00+00:00,5263.473
21401,2011-06-26T00:15:00+00:00,5263.493
21401,2011-06-26T00:30:00+00:00,5263.510
21401,2011-06-26T00:45:00+00:00,5263.524
21401,2011-06-26T01:00:00+00:00,5263.539
21401,2011-06-26T01:15:00+00:00,5263.553
21401,2011-06-26T01:30:00+00:00,5263.564
21401,2011-06-26T01:45:00+00:00,5263.575
21401,2011-06-26T02:00:00+00:00,5263.579
21401,2011-06-26T02:15:00+00:00,5263.587
21401,2011-06-26T02:30:00+00:00,5263.593
21401,2011-06-26T02:45:00+00:00,5263.596
21401,2011-06-26T03:00:00+00:00,5263.602
21401,2011-06-26T03:15:00+00:00,5263.605
21401,2011-06-26T03:30:00+00:00,5263.610
21401,2011-06-26T03:45:00+00:00,5263.613
21401,2011-06-26T04:00:00+00:00,5263.615
21401,2011-06-26T04:15:00+00:00,5263.613
21401,2011-06-26T04:30:00+00:00,5263.613
21401,2011-06-26T04:45:00+00:00,5263.612
21401,2011-06-26T05:00:00+00:00,5263.613
21401,2011-06-26T05:15:00+00:00,5263.615
21401,2011-06-26T05:30:00+00:00,5263.618
21401,2011-06-26T05:45:00+00:00,5263.624
21401,2011-06-26T06:00:00+00:00,5263.627
21401,2011-06-26T06:15:00+00:00,5263.631
21401,2011-06-26T06:30:00+00:00,5263.636
21401,2011-06-26T06:45:00+00:00,5263.644
21401,2011-06-26T07:00:00+00:00,5263.650
21401,2011-06-26T07:15:00+00:00,5263.656
21401,2011-06-26T07:30:00+00:00,5263.667
21401,2011-06-26T07:45:00+00:00,5263.678
21401,2011-06-26T08:00:00+00:00,5263.692
21401,2011-06-26T08:15:00+00:00,5263.703
21401,2011-06-26T08:30:00+00:00,5263.717
21401,2011-06-26T08:45:00+00:00,5263.733
21401,2011-06-26T09:00:00+00:00,5263.748
21401,2011-06-26T09:15:00+00:00,5263.762
21401,2011-06-26T09:30:00+00:00,5263.776
21401,2011-06-26T09:45:00+00:00,5263.795
21401,2011-06-26T10:00:00+00:00,5263.813
21401,2011-06-26T10:15:00+00:00,5263.830
21401,2011-06-26T10:30:00+00:00,5263.848
21401,2011-06-26T10:45:00+00:00,5263.867
21401,2011-06-26T11:00:00+00:00,5263.883
21401,2011-06-26T11:15:00+00:00,5263.897
21401,2011-06-26T11:30:00+00:00,5263.909
21401,2011-06-26T11:45:00+00:00,5263.920
21401,2011-06-26T12:00:00+00:00,5263.926
21401,2011-06-26T12:15:00+00:00,5263.928
21401,2011-06-26T12:30:00+00:00,5263.929
21401,2011-06-26T12:45:00+00:00,5263.925
21401,2011-06-26T13:00:00+00:00,5263.921
21401,2011-06-26T13:15:00+00:00,5263.910
21401,2011-06-26T13:30:00+00:00,5263.900
21401,2011-06-26T13:45:00+00:00,5263.885
21401,2011-06-26T14:00:00+00:00,5263.870
21401,2011-06-26T14:15:00+00:00,5263.851
21401,2011-06-26T14:30:00+00:00,5263.829
21401,2011-06-26T14:45:00+00:00,5263.805
21401,2011-06-26T15:00:00+00:00,5263.778
21401,2011-06-26T15:15:00+00:00,5263.752
21401,2011-06-26T15:30:00+00:00,5263.722
21401,2011-06-26T15:45:00+00:00,5263.691
21401,2011-06-26T16:00:00+00:00,5263.659
21401,2011-06-26T16:15:00+00:00,5263.627
21401,2011-06-26T16:30:00+00:00,5263.594
21401,2011-06-26T16:45:00+00:00,5263.559
21401,2011-06-26T17:00:00+00:00,5263.526
21401,2011-06-26T17:15:00+00:00,5263.490
21401,2011-06-26T17:30:00+00:00,5263.453
21401,2011-06-26T17:45:00+00:00,5263.418
21401,2011-06-26T18:00:00+00:00,5263.386
21401,2011-06-26T18:15:00+00:00,5263.352
21401,2011-06-26T18:30:00+00:00,5263.323
21401,2011-06-26T18:45:00+00:00,5263.294
21401,2011-06-26T19:00:00+00:00,5263.268
21401,2011-06-26T19:15:00+00:00,5263.246
21401,2011-06-26T19:30:00+00:00,5263.225
21401,2011-06-26T19:45:00+00:00,5263.208
21401,2011-06-26T20:00:00+00:00,5263.195
21401,2011-06-26T20:15:00+00:00,5263.181
21401,2011-06-26T20:30:00+00:00,5263.172
21401,2011-06-26T20:45:00+00:00,5263.168
21401,2011-06-26T21:00:00+00:00,5263.166
21401,2011-06-26T21:15:00+00:00,5263.169
21401,2011-06-26T21:30:00+00:00,5263.177
21401,2011-06-26T21:45:00+00:00,5263.183
21401,2011-06-26T22:00:00+00:00,5263.197
21401,2011-06-26T22:15:00+00:00,5263.210
21401,2011-06-26T22:30:00+00:00,5263.226
21401,2011-06-26T22:45:00+00:00,5263.241
21401,2011-06-26T23:00:00+00:00,5263.261
21401,2011-06-26T23:15:00+00:00,5263.283
21401,2011-06-26T23:30:00+00:00,5263.309
21401,2011-06-26T23:45:00+00:00,5263.340
21401,2011-06-27T00:00:00+00:00,5263.368
21401,2011-06-27T00:15:00+00:00,5263.400
21401,2011-06-27T00:30:00+00:00,5263.429
21401,2011-06-27T00:45:00+00:00,5263.455
21401,2011-06-27T01:00:00+00:00,5263.481
21401,2011-06-27T01:15:00+00:00,5263.507
21401,2011-06-27T01:30:00+00:00,5263.530
21401,2011-06-27T01:45:00+00:00,5263.554
21401,2011-06-27T02:00:00+00:00,5263.575
21401,2011-06-27T02:15:00+00:00,5263.597
21401,2011-06-27T02:30:00+00:00,5263.614
21401,2011-06-27T02:45:00+00:00,5263.634
21401,2011-06-27T03:00:00+00:00,5263.647
21401,2011-06-27T03:15:00+00:00,5263.664
21401,2011-06-27T03:30:00+00:00,5263.678
21401,2011-06-27T03:45:00+00:00,5263.689
21401,2011-06-27T04:00:00+00:00,5263.699
21401,2011-06-27T04:15:00+00:00,5263.707
21401,2011-06-27T04:30:00+00:00,5263.712
21401,2011-06-27T04:45:00+00:00,5263.717
21401,2011-06-27T05:00:00+00:00,5263.721
21401,2011-06-27T05:15:00+00:00,5263.724
21401,2011-06-27T05:30:00+00:00,5263.726
21401,2011-06-27T05:45:00+00:00,5263.730
21401,2011-06-27T06:00:00+00:00,5263.731
21401,2011-06-27T06:15:00+00:00,5263.733
21401,2011-06-27T06:30:00+00:00,5263.735
21401,2011-06-27T06:45:00+00:00,5263.738
21401,2011-06-27T07:00:00+00:00,5263.739
21401,2011-06-27T07:15:00+00:00,5263.740
21401,2011-06-27T07:30:00+00:00,5263.744
21401,2011-06-27T07:45:00+00:00,5263.748
21401,2011-06-27T08:00:00+00:00,5263.751
21401,2011-06-27T08:15:00+00:00,5263.757
21401,2011-06-27T08:30:00+00:00,5263.763
21401,2011-06-27T08:45:00+00:00,5263.771
21401,2011-06-27T09:00:00+00:00,5263.778
21401,2011-06-27T09:15:00+00:00,5263.788
21401,2011-06-27T09:30:00+00:00,5263.798
21401,2011-06-27T09:45:00+00:00,5263.811
21401,2011-06-27T10:00:00+00:00,5263.824
21401,2011-06-27T10:15:00+00:00,5263.837
21401,2011-06-27T10:30:00+00:00,5263.853
21401,2011-06-27T10:45:00+00:00,5263.870
21401,2011-06-27T11:00:00+00:00,5263.887
21401,2011-06-27T11:15:00+00:00,5263.899
21401,2011-06-27T11:30:00+00:00,5263.912
21401,2011-06-27T11:45:00+00:00,5263.923
21401,2011-06-27T12:00:00+00:00,5263.934
21401,2011-06-27T12:15:00+00:00,5263.941
21401,2011-06-27T12:30:00+00:00,5263.949
21401,2011-06-27T12:45:00+00:00,5263.953
21401,2011-06-27T13:00:00+00:00,5263.954
21401,2011-06-27T13:15:00+00:00,5263.956
21401,2011-06-27T13:30:00+00:00,5263.950
21401,2011-06-27T13:45:00+00:00,5263.946
21401,2011-06-27T14:00:00+00:00,5263.937
21401,2011-06-27T14:15:00+00:00,5263.926
21401,2011-06-27T14:30:00+00:00,5263.910
21401,2011-06-27T14:45:00+00:00,5263.892
21401,2011-06-27T15:00:00+00:00,5263.871
21401,2011-06-27T15:15:00+00:00,5263.850
21401,2011-06-27T15:30:00+00:00,5263.827
21401,2011-06-27T15:45:00+00:00,5263.802
21401,2011-06-27T16:00:00+00:00,5263.774
21401,2011-06-27T16:15:00+00:00,5263.745
21401,2011-06-27T16:30:00+00:00,5263.712
21401,2011-06-27T16:45:00+00:00,5263.673
21401,2011-06-27T17:00:00+00:00,5263.635
21401,2011-06-27T17:15:00+00:00,5263.596
21401,2011-06-27T17:30:00+00:00,5263.555
21401,2011-06-27T17:45:00+00:00,5263.515
21401,2011-06-27T18:00:00+00:00,5263.474
21401,2011-06-27T18:15:00+00:00,5263.435
21401,2011-06-27T18:30:00+00:00,5263.396
21401,2011-06-27T18:45:00+00:00,5263.357
21401,2011-06-27T19:00:00+00:00,5263.324
21401,2011-06-27T19:15:00+00:00,5263.289
21401,2011-06-27T19:30:00+00:00,5263.255
21401,2011-06-27T19:45:00+00:00,5263.222
21401,2011-06-27T20:00:00+00:00,5263.193
21401,2011-06-27T20:15:00+00:00,5263.167
21401,2011-06-27T20:30:00+00:00,5263.147
21401,2011-06-27T20:45:00+00:00,5263.128
21401,2011-06-27T21:00:00+00:00,5263.114
21401,2011-06-27T21:15:00+00:00,5263.103
21401,2011-06-27T21:30:00+00:00,5263.096
21401,2011-06-27T21:45:00+00:00,5263.093
21401,2011-06-27T22:00:00+00:00,5263.095
21401,2011-06-27T22:15:00+00:00,5263.100
21401,2011-06-27T22:30:00+00:00,5263.106
21401,2011-06-27T22:45:00+00:00,5263.115
21401,2011-06-27T23:00:00+00:00,5263.128
21401,2011-06-27T23:15:00+00:00,5263.148
21401,2011-06-27T23:30:00+00:00,5263.172
21401,2011-06-27T23:45:00+00:00,5263.200
21401,2011-06-28T00:00:00+00:00,5263.228
21401,2011-06-28T00:15:00+00:00,5263.260
21401,2011-06-28T00:30:00+00:00,5263.292
21401,2011-06-28T00:45:00+00:00,5263.327
21401,2011-06-28T01:00:00+00:00,5263.363
21401,2011-06-28T01:15:00+00:00,5263.400
21401,2011-06-28T01:30:00+00:00,5263.434
21401,2011-06-28T01:45:00+00:00,5263.470
21401,2011-06-28T02:00:00+00:00,5263.506
21401,2011-06-28T02:15:00+00:00,5263.540
21401,2011-06-28T02:30:00+00:00,5263.575
21401,2011-06-28T02:45:00+00:00,5263.603
21401,2011-06-28T03:00:00+00:00,5263.633
21401,2011-06-28T03:15:00+00:00,5263.661
21401,2011-06-28T03:30:00+00:00,5263.686
21401,2011-06-28T03:45:00+00:00,5263.709
21401,2011-06-28T04:00:00+00:00,5263.730
21401,2011-06-28T04:15:00+00:00,5263.745
21401,2011-06-28T04:30:00+00:00,5263.761
21401,2011-06-28T04:45:00+00:00,5263.776
21401,2011-06-28T05:00:00+00:00,5263.788
21401,2011-06-28T05:15:00+00:00,5263.799
21401,2011-06-28T05:30:00+00:00,5263.806
21401,2011-06-28T05:45:00+00:00,5263.812
21401,2011-06-28T06:00:00+00:00,5263.817
21401,2011-06-28T06:15:00+00:00,5263.819
21401,2011-06-28T06:30:00+00:00,5263.821
21401,2011-06-28T06:45:00+00:00,5263.821
21401,2011-06-28T07:00:00+00:00,5263.819
21401,2011-06-28T07:15:00+00:00,5263.820
21401,2011-06-28T07:30:00+00:00,5263.817
21401,2011-06-28T07:45:00+00:00,5263.820
21401,2011-06-28T08:00:00+00:00,5263.819
21401,2011-06-28T08:15:00+00:00,5263.820
21401,2011-06-28T08:30:00+00:00,5263.821
21401,2011-06-28T08:45:00+00:00,5263.825
21401,2011-06-28T09:00:00+00:00,5263.826
21401,2011-06-28T09:15:00+00:00,5263.827
21401,2011-06-28T09:30:00+00:00,5263.830
21401,2011-06-28T09:45:00+00:00,5263.833
21401,2011-06-28T10:00:00+00:00,5263.841
21401,2011-06-28T10:15:00+00:00,5263.848
21401,2011-06-28T10:30:00+00:00,5263.859
21401,2011-06-28T10:45:00+00:00,5263.869
21401,2011-06-28T11:00:00+00:00,5263.882
21401,2011-06-28T11:15:00+00:00,5263.891
21401,2011-06-28T11:30:00+00:00,5263.902
21401,2011-06-28T11:45:00+00:00,5263.914
21401,2011-06-28T12:00:00+00:00,5263.926
21401,2011-06-28T12:15:00+00:00,5263.938
21401,2011-06-28T12:30:00+00:00,5263.949
21401,2011-06-28T12:45:00+00:00,5263.962
21401,2011-06-28T13:00:00+00:00,5263.972
21401,2011-06-28T13:15:00+00:00,5263.981
21401,2011-06-28T13:30:00+00:00,5263.988
21401,2011-06-28T13:45:00+00:00,5263.989
21401,2011-06-28T14:00:00+00:00,5263.990
21401,2011-06-28T14:15:00+00:00,5263.987
21401,2011-06-28T14:30:00+00:00,5263.981
21401,2011-06-28T14:45:00+00:00,5263.974
21401,2011-06-28T15:00:00+00:00,5263.962
21401,2011-06-28T15:15:00+00:00,5263.946
21401,2011-06-28T15:30:00+00:00,5263.929
21401,2011-06-28T15:45:00+00:00,5263.908
21401,2011-06-28T16:00:00+00:00,5263.885
21401,2011-06-28T16:15:00+00:00,5263.859
21401,2011-06-28T16:30:00+00:00,5263.832
21401,2011-06-28T16:45:00+00:00,5263.798
21401,2011-06-28T17:00:00+00:00,5263.765
21401,2011-06-28T17:15:00+00:00,5263.730
21401,2011-06-28T17:30:00+00:00,5263.687
21401,2011-06-28T17:45:00+00:00,5263.648
21401,2011-06-28T18:00:00+00:00,5263.605
21401,2011-06-28T18:15:00+00:00,5263.563
21401,2011-06-28T18:30:00+00:00,5263.516
21401,2011-06-28T18:45:00+00:00,5263.471
21401,2011-06-28T19:00:00+00:00,5263.426
21401,2011-06-28T19:15:00+00:00,5263.383
21401,2011-06-28T19:30:00+00:00,5263.341
21401,2011-06-28T19:45:00+00:00,5263.298
21401,2011-06-28T20:00:00+00:00,5263.256
21401,2011-06-28T20:15:00+00:00,5263.217
21401,2011-06-28T20:30:00+00:00,5263.178
21401,2011-06-28T20:45:00+00:00,5263.144
21401,2011-06-28T21:00:00+00:00,5263.115
21401,2011-06-28T21:15:00+00:00,5263.090
21401,2011-06-28T21:30:00+00:00,5263.070
21401,2011-06-28T21:45:00+00:00,5263.051
21401,2011-06-28T22:00:00+00:00,5263.035
21401,2011-06-28T22:15:00+00:00,5263.026
21401,2011-06-28T22:30:00+00:00,5263.015
21401,2011-06-28T22:45:00+00:00,5263.014
21401,2011-06-28T23:00:00+00:00,5263.019
21401,2011-06-28T23:15:00+00:00,5263.027
21401,2011-06-28T23:30:00+00:00,5263.041
21401,2011-06-28T23:45:00+00:00,5263.063
21401,2011-06-29T00:00:00+00:00,5263.087
21401,2011-06-29T00:15:00+00:00,5263.116
21401,2011-06-29T00:30:00+00:00,5263.144
21401,2011-06-29T00:45:00+00:00,5263.182
21401,2011-06-29T01:00:00+00:00,5263.220
21401,2011-06-29T01:15:00+00:00,5263.261
21401,2011-06-29T01:30:00+00:00,5263.300
21401,2011-06-29T01:45:00+00:00,5263.345
21401,2011-06-29T02:00:00+00:00,5263.390
21401,2011-06-29T02:15:00+00:00,5263.434
21401,2011-06-29T02:30:00+00:00,5263.475
21401,2011-06-29T02:45:00+00:00,5263.518
21401,2011-06-29T03:00:00+00:00,5263.561
21401,2011-06-29T03:15:00+00:00,5263.600
21401,2011-06-29T03:30:00+00:00,5263.638
21401,2011-06-29T03:45:00+00:00,5263.670
21401,2011-06-29T04:00:00+00:00,5263.702
21401,2011-06-29T04:15:00+00:00,5263.732
21401,2011-06-29T04:30:00+00:00,5263.758
21401,2011-06-29T04:45:00+00:00,5263.784
21401,2011-06-29T05:00:00+00:00,5263.806
21401,2011-06-29T05:15:00+00:00,5263.827
21401,2011-06-29T05:30:00+00:00,5263.843
21401,2011-06-29T05:45:00+00:00,5263.855
21401,2011-06-29T06:00:00+00:00,5263.866
21401,2011-06-29T06:15:00+00:00,5263.872
21401,2011-06-29T06:30:00+00:00,5263.876
21401,2011-06-29T06:45:00+00:00,5263.877
21401,2011-06-29T07:00:00+00:00,5263.879
21401,2011-06-29T07:15:00+00:00,5263.878
21401,2011-06-29T07:30:00+00:00,5263.876
21401,2011-06-29T07:45:00+00:00,5263.872
21401,2011-06-29T08:00:00+00:00,5263.870
21401,2011-06-29T08:15:00+00:00,5263.869
21401,2011-06-29T08:30:00+00:00,5263.863
21401,2011-06-29T08:45:00+00:00,5263.861
21401,2011-06-29T09:00:00+00:00,5263.854
21401,2011-06-29T09:15:00+00:00,5263.853
21401,2011-06-29T09:30:00+00:00,5263.853
21401,2011-06-29T09:45:00+00:00,5263.847
21401,2011-06-29T10:00:00+00:00,5263.848
21401,2011-06-29T10:15:00+00:00,5263.851
21401,2011-06-29T10:30:00+00:00,5263.857
21401,2011-06-29T10:45:00+00:00,5263.862
21401,2011-06-29T11:00:00+00:00,5263.867
21401,2011-06-29T11:15:00+00:00,5263.876
21401,2011-06-29T11:30:00+00:00,5263.885
21401,2011-06-29T11:45:00+00:00,5263.894
21401,2011-06-29T12:00:00+00:00,5263.904
21401,2011-06-29T12:15:00+00:00,5263.913
21401,2011-06-29T12:30:00+00:00,5263.924
21401,2011-06-29T12:45:00+00:00,5263.935
21401,2011-06-29T13:00:00+00:00,5263.946
21401,2011-06-29T13:15:00+00:00,5263.960
21401,2011-06-29T13:30:00+00:00,5263.971
21401,2011-06-29T13:45:00+00:00,5263.983
21401,2011-06-29T14:00:00+00:00,5263.995
21401,2011-06-29T14:15:00+00:00,5264.001
21401,2011-06-29T14:30:00+00:00,5264.006
21401,2011-06-29T14:45:00+00:00,5264.011
21401,2011-06-29T15:00:00+00:00,5264.010
21401,2011-06-29T15:15:00+00:00,5264.010
21401,2011-06-29T15:30:00+00:00,5264.001
21401,2011-06-29T15:45:00+00:00,5263.989
21401,2011-06-29T16:00:00+00:00,5263.976
21401,2011-06-29T16:15:00+00:00,5263.959
21401,2011-06-29T16:30:00+00:00,5263.938
21401,2011-06-29T16:45:00+00:00,5263.909
21401,2011-06-29T17:00:00+00:00,5263.883
21401,2011-06-29T17:15:00+00:00,5263.850
21401,2011-06-29T17:30:00+00:00,5263.816
21401,2011-06-29T17:45:00+00:00,5263.778
21401,2011-06-29T18:00:00+00:00,5263.735
21401,2011-06-29T18:15:00+00:00,5263.691
21401,2011-06-29T18:30:00+00:00,5263.648
21401,2011-06-29T18:45:00+00:00,5263.601
21401,2011-06-29T19:00:00+00:00,5263.551
21401,2011-06-29T19:15:00+00:00,5263.500
21401,2011-06-29T19:30:00+00:00,5263.448
21401,2011-06-29T19:45:00+00:00,5263.397
21401,2011-06-29T20:00:00+00:00,5263.345
21401,2011-06-29T20:15:00+00:00,5263.295
21401,2011-06-29T20:30:00+00:00,5263.249
21401,2011-06-29T20:45:00+00:00,5263.200
21401,2011-06-29T21:00:00+00:00,5263.157
21401,2011-06-29T21:15:00+00:00,5263.115
21401,2011-06-29T21:30:00+00:00,5263.078
21401,2011-06-29T21:45:00+00:00,5263.044
21401,2011-06-29T22:00:00+00:00,5263.013
21401,2011-06-29T22:15:00+00:00,5262.987
21401,2011-06-29T22:30:00+00:00,5262.966
21401,2011-06-29T22:45:00+00:00,5262.951
21401,2011-06-29T23:00:00+00:00,5262.942
21401,2011-06-29T23:15:00+00:00,5262.937
21401,2011-06-29T23:30:00+00:00,5262.938
21401,2011-06-29T23:45:00+00:00,5262.947
21401,2011-06-30T00:00:00+00:00,5262.957
21401,2011-06-30T00:15:00+00:00,5262.976
21401,2011-06-30T00:30:00+00:00,5262.997
21401,2011-06-30T00:45:00+00:00,5263.025
21401,2011-06-30T01:00:00+00:00,5263.058
21401,2011-06-30T01:15:00+00:00,5263.095
21401,2011-06-30T01:30:00+00:00,5263.136
21401,2011-06-30T01:45:00+00:00,5263.181
21401,2011-06-30T02:00:00+00:00,5263.228
21401,2011-06-30T02:15:00+00:00,5263.274
21401,2011-06-30T02:30:00+00:00,5263.323
21401,2011-06-30T02:45:00+00:00,5263.373
21401,2011-06-30T03:00:00+00:00,5263.420
21401,2011-06-30T03:15:00+00:00,5263.470
21401,2011-06-30T03:30:00+00:00,5263.517
21401,2011-06-30T03:45:00+00:00,5263.564
21401,2011-06-30T04:00:00+00:00,5263.609
21401,2011-06-30T04:15:00+00:00,5263.650
21401,2011-06-30T04:30:00+00:00,5263.691
21401,2011-06-30T04:45:00+00:00,5263.730
21401,2011-06-30T05:00:00+00:00,5263.761
21401,2011-06-30T05:15:00+00:00,5263.792
21401,2011-06-30T05:30:00+00:00,5263.821
21401,2011-06-30T05:45:00+00:00,5263.845
21401,2011-06-30T06:00:00+00:00,5263.864
21401,2011-06-30T06:15:00+00:00,5263.882
21401,2011-06-30T06:30:00+00:00,5263.898
21401,2011-06-30T06:45:00+00:00,5263.904
21401,2011-06-30T07:00:00+00:00,5263.905
21401,2011-06-30T07:15:00+00:00,5263.909
21401,2011-06-30T07:30:00+00:00,5263.908
21401,2011-06-30T07:45:00+00:00,5263.906
21401,2011-06-30T08:00:00+00:00,5263.903
21401,2011-06-30T08:15:00+00:00,5263.898
21401,2011-06-30T08:30:00+00:00,5263.893
21401,2011-06-30T08:45:00+00:00,5263.886
21401,2011-06-30T09:00:00+00:00,5263.879
21401,2011-06-30T09:15:00+00:00,5263.872
21401,2011-06-30T09:30:00+00:00,5263.864
21401,2011-06-30T09:45:00+00:00,5263.859
21401,2011-06-30T10:00:00+00:00,5263.852
21401,2011-06-30T10:15:00+00:00,5263.850
21401,2011-06-30T10:30:00+00:00,5263.848
21401,2011-06-30T10:45:00+00:00,5263.846
21401,2011-06-30T11:00:00+00:00,5263.846
21401,2011-06-30T11:15:00+00:00,5263.847
21401,2011-06-30T11:30:00+00:00,5263.852
21401,2011-06-30T11:45:00+00:00,5263.858
21401,2011-06-30T12:00:00+00:00,5263.866
21401,2011-06-30T12:15:00+00:00,5263.873
21401,2011-06-30T12:30:00+00:00,5263.884
21401,2011-06-30T12:45:00+00:00,5263.897
21401,2011-06-30T13:00:00+00:00,5263.908
21401,2011-06-30T13:15:00+00:00,5263.922
21401,2011-06-30T13:30:00+00:00,5263.935
21401,2011-06-30T13:45:00+00:00,5263.949
21401,2011-06-30T14:00:00+00:00,5263.966
21401,2011-06-30T14:15:00+00:00,5263.980
21401,2011-06-30T14:30:00+00:00,5263.993
21401,2011-06-30T14:45:00+00:00,5264.006
21401,2011-06-30T15:00:00+00:00,5264.013
21401,2011-06-30T15:15:00+00:00,5264.021
21401,2011-06-30T15:30:00+00:00,5264.023
21401,2011-06-30T15:45:00+00:00,5264.023
21401,2011-06-30T16:00:00+00:00,5264.019
21401,2011-06-30T16:15:00+00:00,5264.014
21401,2011-06-30T16:30:00+00:00,5264.003
21401,2011-06-30T16:45:00+00:00,5263.990
21401,2011-06-30T17:00:00+00:00,5263.972
21401,2011-06-30T17:15:00+00:00,5263.950
21401,2011-06-30T17:30:00+00:00,5263.924
21401,2011-06-30T17:45:00+00:00,5263.897
21401,2011-06-30T18:00:00+00:00,5263.866
21401,2011-06-30T18:15:00+00:00,5263.829
21401,2011-06-30T18:30:00+00:00,5263.785
21401,2011-06-30T18:45:00+00:00,5263.741
21401,2011-06-30T19:00:00+00:00,5263.693
21401,2011-06-30T19:15:00+00:00,5263.644
21401,2011-06-30T19:30:00+00:00,5263.590
21401,2011-06-30T19:45:00+00:00,5263.537
21401,2011-06-30T20:00:00+00:00,5263.483
21401,2011-06-30T20:15:00+00:00,5263.429
21401,2011-06-30T20:30:00+00:00,5263.369
21401,2011-06-30T20:45:00+00:00,5263.314
21401,2011-06-30T21:00:00+00:00,5263.260
21401,2011-06-30T21:15:00+00:00,5263.207
21401,2011-06-30T21:30:00+00:00,5263.157
21401,2011-06-30T21:45:00+00:00,5263.108
21401,2011-06-30T22:00:00+00:00,5263.062
21401,2011-06-30T22:15:00+00:00,5263.020
21401,2011-06-30T22:30:00+00:00,5262.982
21401,2011-06-30T22:45:00+00:00,5262.947
21401,2011-06-30T23:00:00+00:00,5262.920
21401,2011-06-30T23:15:00+00:00,5262.899
21401,2011-06-30T23:30:00+00:00,5262.884
21401,2011-06-30T23:45:00+00:00,5262.876
