station_id,timestamp_utc,height_m
46403,2011-06-01T00:00:00+00:00,4514.816
46403,2011-06-01T00:15:00+00:00,4514.780
46403,2011-06-01T00:30:00+00:00,4514.736
46403,2011-06-01T00:45:00+00:00,4514.695
46403,2011-06-01T01:00:00+00:00,4514.652
46403,2011-06-01T01:15:00+00:00,4514.606
46403,2011-06-01T01:30:00+00:00,4514.563
46403,2011-06-01T01:45:00+00:00,4514.518
46403,2011-06-01T02:00:00+00:00,4514.478
46403,2011-06-01T02:15:00+00:00,4514.444
46403,2011-06-01T02:30:00+00:00,4514.417
46403,2011-06-01T02:45:00+00:00,4514.393
46403,2011-06-01T03:00:00+00:00,4514.379
46403,2011-06-01T03:15:00+00:00,4514.367
46403,2011-06-01T03:30:00+00:00,4514.365
46403,2011-06-01T03:45:00+00:00,4514.372
46403,2011-06-01T04:00:00+00:00,4514.387
46403,2011-06-01T04:15:00+00:00,4514.413
46403,2011-06-01T04:30:00+00:00,4514.446
46403,2011-06-01T04:45:00+00:00,4514.485
46403,2011-06-01T05:00:00+00:00,4514.537
46403,2011-06-01T05:15:00+00:00,4514.594
46403,2011-06-01T05:30:00+00:00,4514.657
46403,2011-06-01T05:45:00+00:00,4514.720
46403,2011-06-01T06:00:00+00:00,4514.791
46403,2011-06-01T06:15:00+00:00,4514.868
46403,2011-06-01T06:30:00+00:00,4514.944
46403,2011-06-01T06:45:00+00:00,4515.022
46403,2011-06-01T07:00:00+00:00,4515.099
46403,2011-06-01T07:15:00+00:00,4515.172
46403,2011-06-01T07:30:00+00:00,4515.246
46403,2011-06-01T07:45:00+00:00,4515.309
46403,2011-06-01T08:00:00+00:00,4515.368
46403,2011-06-01T08:15:00+00:00,4515.419
46403,2011-06-01T08:30:00+00:00,4515.461
46403,2011-06-01T08:45:00+00:00,4515.496
46403,2011-06-01T09:00:00+00:00,4515.519
46403,2011-06-01T09:15:00+00:00,4515.531
46403,2011-06-01T09:30:00+00:00,4515.527
46403,2011-06-01T09:45:00+00:00,4515.516
46403,2011-06-01T10:00:00+00:00,4515.488
46403,2011-06-01T10:15:00+00:00,4515.449
46403,2011-06-01T10:30:00+00:00,4515.398
46403,2011-06-01T10:45:00+00:00,4515.331
46403,2011-06-01T11:00:00+00:00,4515.255
46403,2011-06-01T11:15:00+00:00,4515.168
46403,2011-06-01T11:30:00+00:00,4515.071
46403,2011-06-01T11:45:00+00:00,4514.969
46403,2011-06-01T12:00:00+00:00,4514.856
46403,2011-06-01T12:15:00+00:00,4514.737
46403,2011-06-01T12:30:00+00:00,4514.614
46403,2011-06-01T12:45:00+00:00,4514.486
46403,2011-06-01T13:00:00+00:00,4514.355
46403,2011-06-01T13:15:00+00:00,4514.225
46403,2011-06-01T13:30:00+00:00,4514.097
46403,2011-06-01T13:45:00+00:00,4513.970
46403,2011-06-01T14:00:00+00:00,4513.850
46403,2011-06-01T14:15:00+00:00,4513.733
46403,2011-06-01T14:30:00+00:00,4513.624
46403,2011-06-01T14:45:00+00:00,4513.525
46403,2011-06-01T15:00:00+00:00,4513.436
46403,2011-06-01T15:15:00+00:00,4513.355
46403,2011-06-01T15:30:00+00:00,4513.289
46403,2011-06-01T15:45:00+00:00,4513.232
46403,2011-06-01T16:00:00+00:00,4513.190
46403,2011-06-01T16:15:00+00:00,4513.158
46403,2011-06-01T16:30:00+00:00,4513.144
46403,2011-06-01T16:45:00+00:00,4513.142
46403,2011-06-01T17:00:00+00:00,4513.152
46403,2011-06-01T17:15:00+00:00,4513.178
46403,2011-06-01T17:30:00+00:00,4513.216
46403,2011-06-01T17:45:00+00:00,4513.268
46403,2011-06-01T18:00:00+00:00,4513.332
46403,2011-06-01T18:15:00+00:00,4513.410
46403,2011-06-01T18:30:00+00:00,4513.491
46403,2011-06-01T18:45:00+00:00,4513.582
46403,2011-06-01T19:00:00+00:00,4513.678
46403,2011-06-01T19:15:00+00:00,4513.776
46403,2011-06-01T19:30:00+00:00,4513.879
46403,2011-06-01T19:45:00+00:00,4513.985
46403,2011-06-01T20:00:00+00:00,4514.089
46403,2011-06-01T20:15:00+00:00,4514.196
46403,2011-06-01T20:30:00+00:00,4514.299
46403,2011-06-01T20:45:00+00:00,4514.398
46403,2011-06-01T21:00:00+00:00,4514.491
46403,2011-06-01T21:15:00+00:00,4514.578
46403,2011-06-01T21:30:00+00:00,4514.658
46403,2011-06-01T21:45:00+00:00,4514.728
46403,2011-06-01T22:00:00+00:00,4514.788
46403,2011-06-01T22:15:00+00:00,4514.839
46403,2011-06-01T22:30:00+00:00,4514.882
46403,2011-06-01T22:45:00+00:00,4514.912
46403,2011-06-01T23:00:00+00:00,4514.933
46403,2011-06-01T23:15:00+00:00,4514.947
46403,2011-06-01T23:30:00+00:00,4514.949
46403,2011-06-01T23:45:00+00:00,4514.941
46403,2011-06-02T00:00:00+00:00,4514.927
46403,2011-06-02T00:15:00+00:00,4514.900
46403,2011-06-02T00:30:00+00:00,4514.868
46403,2011-06-02T00:45:00+00:00,4514.832
46403,2011-06-02T01:00:00+00:00,4514.795
46403,2011-06-02T01:15:00+00:00,4514.751
46403,2011-06-02T01:30:00+00:00,4514.707
46403,2011-06-02T01:45:00+00:00,4514.659
46403,2011-06-02T02:00:00+00:00,4514.611
46403,2011-06-02T02:15:00+00:00,4514.565
46403,2011-06-02T02:30:00+00:00,4514.521
46403,2011-06-02T02:45:00+00:00,4514.484
46403,2011-06-02T03:00:00+00:00,4514.453
46403,2011-06-02T03:15:00+00:00,4514.423
46403,2011-06-02T03:30:00+00:00,4514.400
46403,2011-06-02T03:45:00+00:00,4514.386
46403,2011-06-02T04:00:00+00:00,4514.381
46403,2011-06-02T04:15:00+00:00,4514.383
46403,2011-06-02T04:30:00+00:00,4514.396
46403,2011-06-02T04:45:00+00:00,4514.417
46403,2011-06-02T05:00:00+00:00,4514.448
46403,2011-06-02T05:15:00+00:00,4514.486
46403,2011-06-02T05:30:00+00:00,4514.531
46403,2011-06-02T05:45:00+00:00,4514.584
46403,2011-06-02T06:00:00+00:00,4514.647
46403,2011-06-02T06:15:00+00:00,4514.714
46403,2011-06-02T06:30:00+00:00,4514.787
46403,2011-06-02T06:45:00+00:00,4514.865
46403,2011-06-02T07:00:00+00:00,4514.941
46403,2011-06-02T07:15:00+00:00,4515.022
46403,2011-06-02T07:30:00+00:00,4515.103
46403,2011-06-02T07:45:00+00:00,4515.181
46403,2011-06-02T08:00:00+00:00,4515.258
46403,2011-06-02T08:15:00+00:00,4515.326
46403,2011-06-02T08:30:00+00:00,4515.387
46403,2011-06-02T08:45:00+00:00,4515.444
46403,2011-06-02T09:00:00+00:00,4515.492
46403,2011-06-02T09:15:00+00:00,4515.529
46403,2011-06-02T09:30:00+00:00,4515.556
46403,2011-06-02T09:45:00+00:00,4515.573
46403,2011-06-02T10:00:00+00:00,4515.576
46403,2011-06-02T10:15:00+00:00,4515.567
46403,2011-06-02T10:30:00+00:00,4515.544
46403,2011-06-02T10:45:00+00:00,4515.505
46403,2011-06-02T11:00:00+00:00,4515.455
46403,2011-06-02T11:15:00+00:00,4515.391
46403,2011-06-02T11:30:00+00:00,4515.318
46403,2011-06-02T11:45:00+00:00,4515.231
46403,2011-06-02T12:00:00+00:00,4515.136
46403,2011-06-02T12:15:00+00:00,4515.032
46403,2011-06-02T12:30:00+00:00,4514.918
46403,2011-06-02T12:45:00+00:00,4514.799
46403,2011-06-02T13:00:00+00:00,4514.672
46403,2011-06-02T13:15:00+00:00,4514.540
46403,2011-06-02T13:30:00+00:00,4514.406
46403,2011-06-02T13:45:00+00:00,4514.269
46403,2011-06-02T14:00:00+00:00,4514.131
46403,2011-06-02T14:15:00+00:00,4513.995
46403,2011-06-02T14:30:00+00:00,4513.868
46403,2011-06-02T14:45:00+00:00,4513.746
46403,2011-06-02T15:00:00+00:00,4513.627
46403,2011-06-02T15:15:00+00:00,4513.520
46403,2011-06-02T15:30:00+00:00,4513.420
46403,2011-06-02T15:45:00+00:00,4513.331
46403,2011-06-02T16:00:00+00:00,4513.255
46403,2011-06-02T16:15:00+00:00,4513.195
46403,2011-06-02T16:30:00+00:00,4513.148
46403,2011-06-02T16:45:00+00:00,4513.113
46403,2011-06-02T17:00:00+00:00,4513.094
46403,2011-06-02T17:15:00+00:00,4513.090
46403,2011-06-02T17:30:00+00:00,4513.099
46403,2011-06-02T17:45:00+00:00,4513.119
46403,2011-06-02T18:00:00+00:00,4513.157
46403,2011-06-02T18:15:00+00:00,4513.209
46403,2011-06-02T18:30:00+00:00,4513.271
46403,2011-06-02T18:45:00+00:00,4513.342
46403,2011-06-02T19:00:00+00:00,4513.422
46403,2011-06-02T19:15:00+00:00,4513.512
46403,2011-06-02T19:30:00+00:00,4513.609
46403,2011-06-02T19:45:00+00:00,4513.713
46403,2011-06-02T20:00:00+00:00,4513.820
46403,2011-06-02T20:15:00+00:00,4513.929
46403,2011-06-02T20:30:00+00:00,4514.041
46403,2011-06-02T20:45:00+00:00,4514.152
46403,2011-06-02T21:00:00+00:00,4514.261
46403,2011-06-02T21:15:00+00:00,4514.366
46403,2011-06-02T21:30:00+00:00,4514.466
46403,2011-06-02T21:45:00+00:00,4514.561
46403,2011-06-02T22:00:00+00:00,4514.644
46403,2011-06-02T22:15:00+00:00,4514.721
46403,2011-06-02T22:30:00+00:00,4514.788
46403,2011-06-02T22:45:00+00:00,4514.846
46403,2011-06-02T23:00:00+00:00,4514.893
46403,2011-06-02T23:15:00+00:00,4514.933
46403,2011-06-02T23:30:00+00:00,4514.959
46403,2011-06-02T23:45:00+00:00,4514.972
46403,2011-06-03T00:00:00+00:00,4514.977
46403,2011-06-03T00:15:00+00:00,4514.970
46403,2011-06-03T00:30:00+00:00,4514.955
46403,2011-06-03T00:45:00+00:00,4514.934
46403,2011-06-03T01:00:00+00:00,4514.906
46403,2011-06-03T01:15:00+00:00,4514.873
46403,2011-06-03T01:30:00+00:00,4514.833
46403,2011-06-03T01:45:00+00:00,4514.787
46403,2011-06-03T02:00:00+00:00,4514.738
46403,2011-06-03T02:15:00+00:00,4514.689
46403,2011-06-03T02:30:00+00:00,4514.637
46403,2011-06-03T02:45:00+00:00,4514.588
46403,2011-06-03T03:00:00+00:00,4514.539
46403,2011-06-03T03:15:00+00:00,4514.496
46403,2011-06-03T03:30:00+00:00,4514.456
46403,2011-06-03T03:45:00+00:00,4514.422
46403,2011-06-03T04:00:00+00:00,4514.396
46403,2011-06-03T04:15:00+00:00,4514.377
46403,2011-06-03T04:30:00+00:00,4514.365
46403,2011-06-03T04:45:00+00:00,4514.365
46403,2011-06-03T05:00:00+00:00,4514.373
46403,2011-06-03T05:15:00+00:00,4514.388
46403,2011-06-03T05:30:00+00:00,4514.413
46403,2011-06-03T05:45:00+00:00,4514.448
46403,2011-06-03T06:00:00+00:00,4514.490
46403,2011-06-03T06:15:00+00:00,4514.542
46403,2011-06-03T06:30:00+00:00,4514.601
46403,2011-06-03T06:45:00+00:00,4514.670
46403,2011-06-03T07:00:00+00:00,4514.744
46403,2011-06-03T07:15:00+00:00,4514.820
46403,2011-06-03T07:30:00+00:00,4514.900
46403,2011-06-03T07:45:00+00:00,4514.981
46403,2011-06-03T08:00:00+00:00,4515.064
46403,2011-06-03T08:15:00+00:00,4515.146
46403,2011-06-03T08:30:00+00:00,4515.223
46403,2011-06-03T08:45:00+00:00,4515.297
46403,2011-06-03T09:00:00+00:00,4515.366
46403,2011-06-03T09:15:00+00:00,4515.428
46403,2011-06-03T09:30:00+00:00,4515.482
46403,2011-06-03T09:45:00+00:00,4515.523
46403,2011-06-03T10:00:00+00:00,4515.556
46403,2011-06-03T10:15:00+00:00,4515.577
46403,2011-06-03T10:30:00+00:00,4515.582
46403,2011-06-03T10:45:00+00:00,4515.576
46403,2011-06-03T11:00:00+00:00,4515.558
46403,2011-06-03T11:15:00+00:00,4515.527
46403,2011-06-03T11:30:00+00:00,4515.484
46403,2011-06-03T11:45:00+00:00,4515.427
46403,2011-06-03T12:00:00+00:00,4515.358
46403,2011-06-03T12:15:00+00:00,4515.278
46403,2011-06-03T12:30:00+00:00,4515.186
46403,2011-06-03T12:45:00+00:00,4515.084
46403,2011-06-03T13:00:00+00:00,4514.971
46403,2011-06-03T13:15:00+00:00,4514.852
46403,2011-06-03T13:30:00+00:00,4514.722
46403,2011-06-03T13:45:00+00:00,4514.589
46403,2011-06-03T14:00:00+00:00,4514.452
46403,2011-06-03T14:15:00+00:00,4514.314
46403,2011-06-03T14:30:00+00:00,4514.177
46403,2011-06-03T14:45:00+00:00,4514.041
46403,2011-06-03T15:00:00+00:00,4513.910
46403,2011-06-03T15:15:00+00:00,4513.780
46403,2011-06-03T15:30:00+00:00,4513.660
46403,2011-06-03T15:45:00+00:00,4513.548
46403,2011-06-03T16:00:00+00:00,4513.445
46403,2011-06-03T16:15:00+00:00,4513.350
46403,2011-06-03T16:30:00+00:00,4513.268
46403,2011-06-03T16:45:00+00:00,4513.198
46403,2011-06-03T17:00:00+00:00,4513.141
46403,2011-06-03T17:15:00+00:00,4513.101
46403,2011-06-03T17:30:00+00:00,4513.075
46403,2011-06-03T17:45:00+00:00,4513.064
46403,2011-06-03T18:00:00+00:00,4513.068
46403,2011-06-03T18:15:00+00:00,4513.088
46403,2011-06-03T18:30:00+00:00,4513.118
46403,2011-06-03T18:45:00+00:00,4513.163
46403,2011-06-03T19:00:00+00:00,4513.221
46403,2011-06-03T19:15:00+00:00,4513.290
46403,2011-06-03T19:30:00+00:00,4513.367
46403,2011-06-03T19:45:00+00:00,4513.457
46403,2011-06-03T20:00:00+00:00,4513.551
46403,2011-06-03T20:15:00+00:00,4513.653
46403,2011-06-03T20:30:00+00:00,4513.762
46403,2011-06-03T20:45:00+00:00,4513.873
46403,2011-06-03T21:00:00+00:00,4513.986
46403,2011-06-03T21:15:00+00:00,4514.100
46403,2011-06-03T21:30:00+00:00,4514.211
46403,2011-06-03T21:45:00+00:00,4514.315
46403,2011-06-03T22:00:00+00:00,4514.422
46403,2011-06-03T22:15:00+00:00,4514.518
46403,2011-06-03T22:30:00+00:00,4514.606
46403,2011-06-03T22:45:00+00:00,4514.691
46403,2011-06-03T23:00:00+00:00,4514.763
46403,2011-06-03T23:15:00+00:00,4514.824
46403,2011-06-03T23:30:00+00:00,4514.874
46403,2011-06-03T23:45:00+00:00,4514.915
46403,2011-06-04T00:00:00+00:00,4514.947
46403,2011-06-04T00:15:00+00:00,4514.968
46403,2011-06-04T00:30:00+00:00,4514.977
46403,2011-06-04T00:45:00+00:00,4514.977
46403,2011-06-04T01:00:00+00:00,4514.967
46403,2011-06-04T01:15:00+00:00,4514.950
46403,2011-06-04T01:30:00+00:00,4514.924
46403,2011-06-04T01:45:00+00:00,4514.890
46403,2011-06-04T02:00:00+00:00,4514.850
46403,2011-06-04T02:15:00+00:00,4514.804
46403,2011-06-04T02:30:00+00:00,4514.758
46403,2011-06-04T02:45:00+00:00,4514.707
46403,2011-06-04T03:00:00+00:00,4514.652
46403,2011-06-04T03:15:00+00:00,4514.602
46403,2011-06-04T03:30:00+00:00,4514.552
46403,2011-06-04T03:45:00+00:00,4514.504
46403,2011-06-04T04:00:00+00:00,4514.462
46403,2011-06-04T04:15:00+00:00,4514.426
46403,2011-06-04T04:30:00+00:00,4514.394
46403,2011-06-04T04:45:00+00:00,4514.371
46403,2011-06-04T05:00:00+00:00,4514.353
46403,2011-06-04T05:15:00+00:00,4514.342
46403,2011-06-04T05:30:00+00:00,4514.344
46403,2011-06-04T05:45:00+00:00,4514.353
46403,2011-06-04T06:00:00+00:00,4514.370
46403,2011-06-04T06:15:00+00:00,4514.399
46403,2011-06-04T06:30:00+00:00,4514.436
46403,2011-06-04T06:45:00+00:00,4514.482
46403,2011-06-04T07:00:00+00:00,4514.539
46403,2011-06-04T07:15:00+00:00,4514.603
46403,2011-06-04T07:30:00+00:00,4514.671
46403,2011-06-04T07:45:00+00:00,4514.746
46403,2011-06-04T08:00:00+00:00,4514.824
46403,2011-06-04T08:15:00+00:00,4514.903
46403,2011-06-04T08:30:00+00:00,4514.984
46403,2011-06-04T08:45:00+00:00,4515.064
46403,2011-06-04T09:00:00+00:00,4515.143
46403,2011-06-04T09:15:00+00:00,4515.219
46403,2011-06-04T09:30:00+00:00,4515.290
46403,2011-06-04T09:45:00+00:00,4515.354
46403,2011-06-04T10:00:00+00:00,4515.411
46403,2011-06-04T10:15:00+00:00,4515.458
46403,2011-06-04T10:30:00+00:00,4515.496
46403,2011-06-04T10:45:00+00:00,4515.523
46403,2011-06-04T11:00:00+00:00,4515.540
46403,2011-06-04T11:15:00+00:00,4515.544
46403,2011-06-04T11:30:00+00:00,4515.536
46403,2011-06-04T11:45:00+00:00,4515.517
46403,2011-06-04T12:00:00+00:00,4515.482
46403,2011-06-04T12:15:00+00:00,4515.434
46403,2011-06-04T12:30:00+00:00,4515.373
46403,2011-06-04T12:45:00+00:00,4515.301
46403,2011-06-04T13:00:00+00:00,4515.216
46403,2011-06-04T13:15:00+00:00,4515.122
46403,2011-06-04T13:30:00+00:00,4515.016
46403,2011-06-04T13:45:00+00:00,4514.901
46403,2011-06-04T14:00:00+00:00,4514.781
46403,2011-06-04T14:15:00+00:00,4514.654
46403,2011-06-04T14:30:00+00:00,4514.524
46403,2011-06-04T14:45:00+00:00,4514.390
46403,2011-06-04T15:00:00+00:00,4514.257
46403,2011-06-04T15:15:00+00:00,4514.123
46403,2011-06-04T15:30:00+00:00,4513.992
46403,2011-06-04T15:45:00+00:00,4513.861
46403,2011-06-04T16:00:00+00:00,4513.738
46403,2011-06-04T16:15:00+00:00,4513.620
46403,2011-06-04T16:30:00+00:00,4513.512
46403,2011-06-04T16:45:00+00:00,4513.414
46403,2011-06-04T17:00:00+00:00,4513.326
46403,2011-06-04T17:15:00+00:00,4513.250
46403,2011-06-04T17:30:00+00:00,4513.187
46403,2011-06-04T17:45:00+00:00,4513.141
46403,2011-06-04T18:00:00+00:00,4513.109
46403,2011-06-04T18:15:00+00:00,4513.091
46403,2011-06-04T18:30:00+00:00,4513.091
46403,2011-06-04T18:45:00+00:00,4513.100
46403,2011-06-04T19:00:00+00:00,4513.124
46403,2011-06-04T19:15:00+00:00,4513.161
46403,2011-06-04T19:30:00+00:00,4513.210
46403,2011-06-04T19:45:00+00:00,4513.271
46403,2011-06-04T20:00:00+00:00,4513.344
46403,2011-06-04T20:15:00+00:00,4513.428
46403,2011-06-04T20:30:00+00:00,4513.517
46403,2011-06-04T20:45:00+00:00,4513.618
46403,2011-06-04T21:00:00+00:00,4513.722
46403,2011-06-04T21:15:00+00:00,4513.833
46403,2011-06-04T21:30:00+00:00,4513.945
46403,2011-06-04T21:45:00+00:00,4514.058
46403,2011-06-04T22:00:00+00:00,4514.168
46403,2011-06-04T22:15:00+00:00,4514.274
46403,2011-06-04T22:30:00+00:00,4514.380
46403,2011-06-04T22:45:00+00:00,4514.482
46403,2011-06-04T23:00:00+00:00,4514.575
46403,2011-06-04T23:15:00+00:00,4514.662
46403,2011-06-04T23:30:00+00:00,4514.741
46403,2011-06-04T23:45:00+00:00,4514.807
46403,2011-06-05T00:00:00+00:00,4514.865
46403,2011-06-05T00:15:00+00:00,4514.912
46403,2011-06-05T00:30:00+00:00,4514.950
46403,2011-06-05T00:45:00+00:00,4514.977
46403,2011-06-05T01:00:00+00:00,4514.994
46403,2011-06-05T01:15:00+00:00,4515.001
46403,2011-06-05T01:30:00+00:00,4514.997
46403,2011-06-05T01:45:00+00:00,4514.984
46403,2011-06-05T02:00:00+00:00,4514.963
46403,2011-06-05T02:15:00+00:00,4514.932
46403,2011-06-05T02:30:00+00:00,4514.897
46403,2011-06-05T02:45:00+00:00,4514.855
46403,2011-06-05T03:00:00+00:00,4514.805
46403,2011-06-05T03:15:00+00:00,4514.757
46403,2011-06-05T03:30:00+00:00,4514.704
46403,2011-06-05T03:45:00+00:00,4514.650
46403,2011-06-05T04:00:00+00:00,4514.597
46403,2011-06-05T04:15:00+00:00,4514.544
46403,2011-06-05T04:30:00+00:00,4514.498
46403,2011-06-05T04:45:00+00:00,4514.456
46403,2011-06-05T05:00:00+00:00,4514.418
46403,2011-06-05T05:15:00+00:00,4514.387
46403,2011-06-05T05:30:00+00:00,4514.364
46403,2011-06-05T05:45:00+00:00,4514.345
46403,2011-06-05T06:00:00+00:00,4514.336
46403,2011-06-05T06:15:00+00:00,4514.338
46403,2011-06-05T06:30:00+00:00,4514.350
46403,2011-06-05T06:45:00+00:00,4514.371
46403,2011-06-05T07:00:00+00:00,4514.401
46403,2011-06-05T07:15:00+00:00,4514.437
46403,2011-06-05T07:30:00+00:00,4514.483
46403,2011-06-05T07:45:00+00:00,4514.535
46403,2011-06-05T08:00:00+00:00,4514.594
46403,2011-06-05T08:15:00+00:00,4514.661
46403,2011-06-05T08:30:00+00:00,4514.731
46403,2011-06-05T08:45:00+00:00,4514.805
46403,2011-06-05T09:00:00+00:00,4514.882
46403,2011-06-05T09:15:00+00:00,4514.960
46403,2011-06-05T09:30:00+00:00,4515.037
46403,2011-06-05T09:45:00+00:00,4515.111
46403,2011-06-05T10:00:00+00:00,4515.181
46403,2011-06-05T10:15:00+00:00,4515.248
46403,2011-06-05T10:30:00+00:00,4515.308
46403,2011-06-05T10:45:00+00:00,4515.361
46403,2011-06-05T11:00:00+00:00,4515.406
46403,2011-06-05T11:15:00+00:00,4515.440
46403,2011-06-05T11:30:00+00:00,4515.466
46403,2011-06-05T11:45:00+00:00,4515.479
46403,2011-06-05T12:00:00+00:00,4515.481
46403,2011-06-05T12:15:00+00:00,4515.471
46403,2011-06-05T12:30:00+00:00,4515.448
46403,2011-06-05T12:45:00+00:00,4515.413
46403,2011-06-05T13:00:00+00:00,4515.364
46403,2011-06-05T13:15:00+00:00,4515.304
46403,2011-06-05T13:30:00+00:00,4515.231
46403,2011-06-05T13:45:00+00:00,4515.146
46403,2011-06-05T14:00:00+00:00,4515.055
46403,2011-06-05T14:15:00+00:00,4514.952
46403,2011-06-05T14:30:00+00:00,4514.843
46403,2011-06-05T14:45:00+00:00,4514.725
46403,2011-06-05T15:00:00+00:00,4514.603
46403,2011-06-05T15:15:00+00:00,4514.477
46403,2011-06-05T15:30:00+00:00,4514.348
46403,2011-06-05T15:45:00+00:00,4514.219
46403,2011-06-05T16:00:00+00:00,4514.094
46403,2011-06-05T16:15:00+00:00,4513.970
46403,2011-06-05T16:30:00+00:00,4513.847
46403,2011-06-05T16:45:00+00:00,4513.731
46403,2011-06-05T17:00:00+00:00,4513.624
46403,2011-06-05T17:15:00+00:00,4513.524
46403,2011-06-05T17:30:00+00:00,4513.434
46403,2011-06-05T17:45:00+00:00,4513.354
46403,2011-06-05T18:00:00+00:00,4513.289
46403,2011-06-05T18:15:00+00:00,4513.235
46403,2011-06-05T18:30:00+00:00,4513.194
46403,2011-06-05T18:45:00+00:00,4513.167
46403,2011-06-05T19:00:00+00:00,4513.151
46403,2011-06-05T19:15:00+00:00,4513.151
46403,2011-06-05T19:30:00+00:00,4513.163
46403,2011-06-05T19:45:00+00:00,4513.190
46403,2011-06-05T20:00:00+00:00,4513.231
46403,2011-06-05T20:15:00+00:00,4513.284
46403,2011-06-05T20:30:00+00:00,4513.349
46403,2011-06-05T20:45:00+00:00,4513.424
46403,2011-06-05T21:00:00+00:00,4513.508
46403,2011-06-05T21:15:00+00:00,4513.599
46403,2011-06-05T21:30:00+00:00,4513.698
46403,2011-06-05T21:45:00+00:00,4513.798
46403,2011-06-05T22:00:00+00:00,4513.904
46403,2011-06-05T22:15:00+00:00,4514.013
46403,2011-06-05T22:30:00+00:00,4514.122
46403,2011-06-05T22:45:00+00:00,4514.230
46403,2011-06-05T23:00:00+00:00,4514.335
46403,2011-06-05T23:15:00+00:00,4514.438
46403,2011-06-05T23:30:00+00:00,4514.533
46403,2011-06-05T23:45:00+00:00,4514.623
46403,2011-06-06T00:00:00+00:00,4514.703
46403,2011-06-06T00:15:00+00:00,4514.779
46403,2011-06-06T00:30:00+00:00,4514.842
46403,2011-06-06T00:45:00+00:00,4514.899
46403,2011-06-06T01:00:00+00:00,4514.947
46403,2011-06-06T01:15:00+00:00,4514.983
46403,2011-06-06T01:30:00+00:00,4515.007
46403,2011-06-06T01:45:00+00:00,4515.022
46403,2011-06-06T02:00:00+00:00,4515.025
46403,2011-06-06T02:15:00+00:00,4515.020
46403,2011-06-06T02:30:00+00:00,4515.006
46403,2011-06-06T02:45:00+00:00,4514.981
46403,2011-06-06T03:00:00+00:00,4514.947
46403,2011-06-06T03:15:00+00:00,4514.908
46403,2011-06-06T03:30:00+00:00,4514.864
46403,2011-06-06T03:45:00+00:00,4514.815
46403,2011-06-06T04:00:00+00:00,4514.764
46403,2011-06-06T04:15:00+00:00,4514.708
46403,2011-06-06T04:30:00+00:00,4514.652
46403,2011-06-06T04:45:00+00:00,4514.600
46403,2011-06-06T05:00:00+00:00,4514.548
46403,2011-06-06T05:15:00+00:00,4514.497
46403,2011-06-06T05:30:00+00:00,4514.453
46403,2011-06-06T05:45:00+00:00,4514.412
46403,2011-06-06T06:00:00+00:00,4514.378
46403,2011-06-06T06:15:00+00:00,4514.348
46403,2011-06-06T06:30:00+00:00,4514.328
46403,2011-06-06T06:45:00+00:00,4514.316
46403,2011-06-06T07:00:00+00:00,4514.313
46403,2011-06-06T07:15:00+00:00,4514.317
46403,2011-06-06T07:30:00+00:00,4514.332
46403,2011-06-06T07:45:00+00:00,4514.352
46403,2011-06-06T08:00:00+00:00,4514.384
46403,2011-06-06T08:15:00+00:00,4514.424
46403,2011-06-06T08:30:00+00:00,4514.468
46403,2011-06-06T08:45:00+00:00,4514.519
46403,2011-06-06T09:00:00+00:00,4514.576
46403,2011-06-06T09:15:00+00:00,4514.641
46403,2011-06-06T09:30:00+00:00,4514.709
46403,2011-06-06T09:45:00+00:00,4514.779
46403,2011-06-06T10:00:00+00:00,4514.852
46403,2011-06-06T10:15:00+00:00,4514.926
46403,2011-06-06T10:30:00+00:00,4514.993
46403,2011-06-06T10:45:00+00:00,4515.059
46403,2011-06-06T11:00:00+00:00,4515.119
46403,2011-06-06T11:15:00+00:00,4515.176
46403,2011-06-06T11:30:00+00:00,4515.226
46403,2011-06-06T11:45:00+00:00,4515.269
46403,2011-06-06T12:00:00+00:00,4515.302
46403,2011-06-06T12:15:00+00:00,4515.325
46403,2011-06-06T12:30:00+00:00,4515.341
46403,2011-06-06T12:45:00+00:00,4515.347
46403,2011-06-06T13:00:00+00:00,4515.340
46403,2011-06-06T13:15:00+00:00,4515.323
46403,2011-06-06T13:30:00+00:00,4515.292
46403,2011-06-06T13:45:00+00:00,4515.250
46403,2011-06-06T14:00:00+00:00,4515.195
46403,2011-06-06T14:15:00+00:00,4515.131
46403,2011-06-06T14:30:00+00:00,4515.056
46403,2011-06-06T14:45:00+00:00,4514.971
46403,2011-06-06T15:00:00+00:00,4514.880
46403,2011-06-06T15:15:00+00:00,4514.780
46403,2011-06-06T15:30:00+00:00,4514.676
46403,2011-06-06T15:45:00+00:00,4514.565
46403,2011-06-06T16:00:00+00:00,4514.453
46403,2011-06-06T16:15:00+00:00,4514.335
46403,2011-06-06T16:30:00+00:00,4514.218
46403,2011-06-06T16:45:00+00:00,4514.104
46403,2011-06-06T17:00:00+00:00,4513.992
46403,2011-06-06T17:15:00+00:00,4513.883
46403,2011-06-06T17:30:00+00:00,4513.779
46403,2011-06-06T17:45:00+00:00,4513.682
46403,2011-06-06T18:00:00+00:00,4513.594
46403,2011-06-06T18:15:00+00:00,4513.515
46403,2011-06-06T18:30:00+00:00,4513.443
46403,2011-06-06T18:45:00+00:00,4513.383
46403,2011-06-06T19:00:00+00:00,4513.332
46403,2011-06-06T19:15:00+00:00,4513.295
46403,2011-06-06T19:30:00+00:00,4513.269
46403,2011-06-06T19:45:00+00:00,4513.258
46403,2011-06-06T20:00:00+00:00,4513.261
46403,2011-06-06T20:15:00+00:00,4513.277
46403,2011-06-06T20:30:00+00:00,4513.304
46403,2011-06-06T20:45:00+00:00,4513.347
46403,2011-06-06T21:00:00+00:00,4513.397
46403,2011-06-06T21:15:00+00:00,4513.458
46403,2011-06-06T21:30:00+00:00,4513.528
46403,2011-06-06T21:45:00+00:00,4513.608
46403,2011-06-06T22:00:00+00:00,4513.696
46403,2011-06-06T22:15:00+00:00,4513.789
46403,2011-06-06T22:30:00+00:00,4513.887
46403,2011-06-06T22:45:00+00:00,4513.986
46403,2011-06-06T23:00:00+00:00,4514.088
46403,2011-06-06T23:15:00+00:00,4514.191
46403,2011-06-06T23:30:00+00:00,4514.294
46403,2011-06-06T23:45:00+00:00,4514.394
46403,2011-06-07T00:00:00+00:00,4514.490
46403,2011-06-07T00:15:00+00:00,4514.582
46403,2011-06-07T00:30:00+00:00,4514.668
46403,2011-06-07T00:45:00+00:00,4514.748
46403,2011-06-07T01:00:00+00:00,4514.821
46403,2011-06-07T01:15:00+00:00,4514.885
46403,2011-06-07T01:30:00+00:00,4514.936
46403,2011-06-07T01:45:00+00:00,4514.979
46403,2011-06-07T02:00:00+00:00,4515.010
46403,2011-06-07T02:15:00+00:00,4515.032
46403,2011-06-07T02:30:00+00:00,4515.043
46403,2011-06-07T02:45:00+00:00,4515.044
46403,2011-06-07T03:00:00+00:00,4515.037
46403,2011-06-07T03:15:00+00:00,4515.017
46403,2011-06-07T03:30:00+00:00,4514.992
46403,2011-06-07T03:45:00+00:00,4514.961
46403,2011-06-07T04:00:00+00:00,4514.921
46403,2011-06-07T04:15:00+00:00,4514.875
46403,2011-06-07T04:30:00+00:00,4514.823
46403,2011-06-07T04:45:00+00:00,4514.769
46403,2011-06-07T05:00:00+00:00,4514.714
46403,2011-06-07T05:15:00+00:00,4514.657
46403,2011-06-07T05:30:00+00:00,4514.602
46403,2011-06-07T05:45:00+00:00,4514.547
46403,2011-06-07T06:00:00+00:00,4514.492
46403,2011-06-07T06:15:00+00:00,4514.439
46403,2011-06-07T06:30:00+00:00,4514.392
46403,2011-06-07T06:45:00+00:00,4514.350
46403,2011-06-07T07:00:00+00:00,4514.314
46403,2011-06-07T07:15:00+00:00,4514.287
46403,2011-06-07T07:30:00+00:00,4514.264
46403,2011-06-07T07:45:00+00:00,4514.252
46403,2011-06-07T08:00:00+00:00,4514.248
46403,2011-06-07T08:15:00+00:00,4514.252
46403,2011-06-07T08:30:00+00:00,4514.264
46403,2011-06-07T08:45:00+00:00,4514.285
46403,2011-06-07T09:00:00+00:00,4514.312
46403,2011-06-07T09:15:00+00:00,4514.351
46403,2011-06-07T09:30:00+00:00,4514.392
46403,2011-06-07T09:45:00+00:00,4514.441
46403,2011-06-07T10:00:00+00:00,4514.496
46403,2011-06-07T10:15:00+00:00,4514.553
46403,2011-06-07T10:30:00+00:00,4514.614
46403,2011-06-07T10:45:00+00:00,4514.676
46403,2011-06-07T11:00:00+00:00,4514.739
46403,2011-06-07T11:15:00+00:00,4514.803
46403,2011-06-07T11:30:00+00:00,4514.861
46403,2011-06-07T11:45:00+00:00,4514.922
46403,2011-06-07T12:00:00+00:00,4514.975
46403,2011-06-07T12:15:00+00:00,4515.021
46403,2011-06-07T12:30:00+00:00,4515.064
46403,2011-06-07T12:45:00+00:00,4515.100
46403,2011-06-07T13:00:00+00:00,4515.128
46403,2011-06-07T13:15:00+00:00,4515.146
46403,2011-06-07T13:30:00+00:00,4515.155
46403,2011-06-07T13:45:00+00:00,4515.154
46403,2011-06-07T14:00:00+00:00,4515.143
46403,2011-06-07T14:15:00+00:00,4515.124
46403,2011-06-07T14:30:00+00:00,4515.092
46403,2011-06-07T14:45:00+00:00,4515.053
46403,2011-06-07T15:00:00+00:00,4515.001
46403,2011-06-07T15:15:00+00:00,4514.942
46403,2011-06-07T15:30:00+00:00,4514.875
46403,2011-06-07T15:45:00+00:00,4514.799
46403,2011-06-07T16:00:00+00:00,4514.715
46403,2011-06-07T16:15:00+00:00,4514.625
46403,2011-06-07T16:30:00+00:00,4514.531
46403,2011-06-07T16:45:00+00:00,4514.431
46403,2011-06-07T17:00:00+00:00,4514.330
46403,2011-06-07T17:15:00+00:00,4514.227
46403,2011-06-07T17:30:00+00:00,4514.127
46403,2011-06-07T17:45:00+00:00,4514.027
46403,2011-06-07T18:00:00+00:00,4513.934
46403,2011-06-07T18:15:00+00:00,4513.841
46403,2011-06-07T18:30:00+00:00,4513.757
46403,2011-06-07T18:45:00+00:00,4513.677
46403,2011-06-07T19:00:00+00:00,4513.606
46403,2011-06-07T19:15:00+00:00,4513.544
46403,2011-06-07T19:30:00+00:00,4513.488
46403,2011-06-07T19:45:00+00:00,4513.443
46403,2011-06-07T20:00:00+00:00,4513.411
46403,2011-06-07T20:15:00+00:00,4513.386
46403,2011-06-07T20:30:00+00:00,4513.379
46403,2011-06-07T20:45:00+00:00,4513.382
46403,2011-06-07T21:00:00+00:00,4513.396
46403,2011-06-07T21:15:00+00:00,4513.425
46403,2011-06-07T21:30:00+00:00,4513.461
46403,2011-06-07T21:45:00+00:00,4513.509
46403,2011-06-07T22:00:00+00:00,4513.566
46403,2011-06-07T22:15:00+00:00,4513.633
46403,2011-06-07T22:30:00+00:00,4513.708
46403,2011-06-07T22:45:00+00:00,4513.789
46403,2011-06-07T23:00:00+00:00,4513.875
46403,2011-06-07T23:15:00+00:00,4513.967
46403,2011-06-07T23:30:00+00:00,4514.063
46403,2011-06-07T23:45:00+00:00,4514.160
46403,2011-06-08T00:00:00+00:00,4514.260
46403,2011-06-08T00:15:00+00:00,4514.358
46403,2011-06-08T00:30:00+00:00,4514.454
46403,2011-06-08T00:45:00+00:00,4514.547
46403,2011-06-08T01:00:00+00:00,4514.635
46403,2011-06-08T01:15:00+00:00,4514.720
46403,2011-06-08T01:30:00+00:00,4514.798
46403,2011-06-08T01:45:00+00:00,4514.867
46403,2011-06-08T02:00:00+00:00,4514.929
46403,2011-06-08T02:15:00+00:00,4514.983
46403,2011-06-08T02:30:00+00:00,4515.027
46403,2011-06-08T02:45:00+00:00,4515.059
46403,2011-06-08T03:00:00+00:00,4515.082
46403,2011-06-08T03:15:00+00:00,4515.095
46403,2011-06-08T03:30:00+00:00,4515.097
46403,2011-06-08T03:45:00+00:00,4515.091
46403,2011-06-08T04:00:00+00:00,4515.077
46403,2011-06-08T04:15:00+00:00,4515.052
46403,2011-06-08T04:30:00+00:00,4515.019
46403,2011-06-08T04:45:00+00:00,4514.982
46403,2011-06-08T05:00:00+00:00,4514.935
46403,2011-06-08T05:15:00+00:00,4514.884
46403,2011-06-08T05:30:00+00:00,4514.829
46403,2011-06-08T05:45:00+00:00,4514.770
46403,2011-06-08T06:00:00+00:00,4514.707
46403,2011-06-08T06:15:00+00:00,4514.645
46403,2011-06-08T06:30:00+00:00,4514.584
46403,2011-06-08T06:45:00+00:00,4514.526
46403,2011-06-08T07:00:00+00:00,4514.469
46403,2011-06-08T07:15:00+00:00,4514.413
46403,2011-06-08T07:30:00+00:00,4514.361
46403,2011-06-08T07:45:00+00:00,4514.313
46403,2011-06-08T08:00:00+00:00,4514.272
46403,2011-06-08T08:15:00+00:00,4514.238
46403,2011-06-08T08:30:00+00:00,4514.211
46403,2011-06-08T08:45:00+00:00,4514.191
46403,2011-06-08T09:00:00+00:00,4514.181
46403,2011-06-08T09:15:00+00:00,4514.178
46403,2011-06-08T09:30:00+00:00,4514.182
46403,2011-06-08T09:45:00+00:00,4514.198
46403,2011-06-08T10:00:00+00:00,4514.217
46403,2011-06-08T10:15:00+00:00,4514.244
46403,2011-06-08T10:30:00+00:00,4514.279
46403,2011-06-08T10:45:00+00:00,4514.316
46403,2011-06-08T11:00:00+00:00,4514.359
46403,2011-06-08T11:15:00+00:00,4514.405
46403,2011-06-08T11:30:00+00:00,4514.458
46403,2011-06-08T11:45:00+00:00,4514.514
46403,2011-06-08T12:00:00+00:00,4514.572
46403,2011-06-08T12:15:00+00:00,4514.629
46403,2011-06-08T12:30:00+00:00,4514.685
46403,2011-06-08T12:45:00+00:00,4514.738
46403,2011-06-08T13:00:00+00:00,4514.786
46403,2011-06-08T13:15:00+00:00,4514.833
46403,2011-06-08T13:30:00+00:00,4514.872
46403,2011-06-08T13:45:00+00:00,4514.907
46403,2011-06-08T14:00:00+00:00,4514.935
46403,2011-06-08T14:15:00+00:00,4514.955
46403,2011-06-08T14:30:00+00:00,4514.966
46403,2011-06-08T14:45:00+00:00,4514.972
46403,2011-06-08T15:00:00+00:00,4514.967
46403,2011-06-08T15:15:00+00:00,4514.953
46403,2011-06-08T15:30:00+00:00,4514.929
46403,2011-06-08T15:45:00+00:00,4514.894
46403,2011-06-08T16:00:00+00:00,4514.852
46403,2011-06-08T16:15:00+00:00,4514.802
46403,2011-06-08T16:30:00+00:00,4514.745
46403,2011-06-08T16:45:00+00:00,4514.684
46403,2011-06-08T17:00:00+00:00,4514.614
46403,2011-06-08T17:15:00+00:00,4514.542
46403,2011-06-08T17:30:00+00:00,4514.463
46403,2011-06-08T17:45:00+00:00,4514.384
46403,2011-06-08T18:00:00+00:00,4514.302
46403,2011-06-08T18:15:00+00:00,4514.217
46403,2011-06-08T18:30:00+00:00,4514.133
46403,2011-06-08T18:45:00+00:00,4514.052
46403,2011-06-08T19:00:00+00:00,4513.973
46403,2011-06-08T19:15:00+00:00,4513.898
46403,2011-06-08T19:30:00+00:00,4513.827
46403,2011-06-08T19:45:00+00:00,4513.764
46403,2011-06-08T20:00:00+00:00,4513.708
46403,2011-06-08T20:15:00+00:00,4513.660
46403,2011-06-08T20:30:00+00:00,4513.622
46403,2011-06-08T20:45:00+00:00,4513.593
46403,2011-06-08T21:00:00+00:00,4513.572
46403,2011-06-08T21:15:00+00:00,4513.562
46403,2011-06-08T21:30:00+00:00,4513.564
46403,2011-06-08T21:45:00+00:00,4513.576
46403,2011-06-08T22:00:00+00:00,4513.599
46403,2011-06-08T22:15:00+00:00,4513.630
46403,2011-06-08T22:30:00+00:00,4513.671
46403,2011-06-08T22:45:00+00:00,4513.723
46403,2011-06-08T23:00:00+00:00,4513.784
46403,2011-06-08T23:15:00+00:00,4513.850
46403,2011-06-08T23:30:00+00:00,4513.925
46403,2011-06-08T23:45:00+00:00,4514.004
46403,2011-06-09T00:00:00+00:00,4514.092
46403,2011-06-09T00:15:00+00:00,4514.180
46403,2011-06-09T00:30:00+00:00,4514.272
46403,2011-06-09T00:45:00+00:00,4514.367
46403,2011-06-09T01:00:00+00:00,4514.460
46403,2011-06-09T01:15:00+00:00,4514.553
46403,2011-06-09T01:30:00+00:00,4514.644
46403,2011-06-09T01:45:00+00:00,4514.731
46403,2011-06-09T02:00:00+00:00,4514.812
46403,2011-06-09T02:15:00+00:00,4514.887
46403,2011-06-09T02:30:00+00:00,4514.954
46403,2011-06-09T02:45:00+00:00,4515.017
46403,2011-06-09T03:00:00+00:00,4515.069
46403,2011-06-09T03:15:00+00:00,4515.113
46403,2011-06-09T03:30:00+00:00,4515.147
46403,2011-06-09T03:45:00+00:00,4515.169
46403,2011-06-09T04:00:00+00:00,4515.185
46403,2011-06-09T04:15:00+00:00,4515.187
46403,2011-06-09T04:30:00+00:00,4515.181
46403,2011-06-09T04:45:00+00:00,4515.166
46403,2011-06-09T05:00:00+00:00,4515.141
46403,2011-06-09T05:15:00+00:00,4515.108
46403,2011-06-09T05:30:00+00:00,4515.066
46403,2011-06-09T05:45:00+00:00,4515.016
46403,2011-06-09T06:00:00+00:00,4514.962
46403,2011-06-09T06:15:00+00:00,4514.898
46403,2011-06-09T06:30:00+00:00,4514.833
46403,2011-06-09T06:45:00+00:00,4514.767
46403,2011-06-09T07:00:00+00:00,4514.697
46403,2011-06-09T07:15:00+00:00,4514.629
46403,2011-06-09T07:30:00+00:00,4514.558
46403,2011-06-09T07:45:00+00:00,4514.486
46403,2011-06-09T08:00:00+00:00,4514.416
46403,2011-06-09T08:15:00+00:00,4514.348
46403,2011-06-09T08:30:00+00:00,4514.285
46403,2011-06-09T08:45:00+00:00,4514.225
46403,2011-06-09T09:00:00+00:00,4514.174
46403,2011-06-09T09:15:00+00:00,4514.128
46403,2011-06-09T09:30:00+00:00,4514.092
46403,2011-06-09T09:45:00+00:00,4514.061
46403,2011-06-09T10:00:00+00:00,4514.038
46403,2011-06-09T10:15:00+00:00,4514.025
46403,2011-06-09T10:30:00+00:00,4514.016
46403,2011-06-09T10:45:00+00:00,4514.017
46403,2011-06-09T11:00:00+00:00,4514.027
46403,2011-06-09T11:15:00+00:00,4514.045
46403,2011-06-09T11:30:00+00:00,4514.071
46403,2011-06-09T11:45:00+00:00,4514.103
46403,2011-06-09T12:00:00+00:00,4514.144
46403,2011-06-09T12:15:00+00:00,4514.187
46403,2011-06-09T12:30:00+00:00,4514.235
46403,2011-06-09T12:45:00+00:00,4514.285
46403,2011-06-09T13:00:00+00:00,4514.338
46403,2011-06-09T13:15:00+00:00,4514.394
46403,2011-06-09T13:30:00+00:00,4514.447
46403,2011-06-09T13:45:00+00:00,4514.498
46403,2011-06-09T14:00:00+00:00,4514.550
46403,2011-06-09T14:15:00+00:00,4514.601
46403,2011-06-09T14:30:00+00:00,4514.645
46403,2011-06-09T14:45:00+00:00,4514.686
46403,2011-06-09T15:00:00+00:00,4514.723
46403,2011-06-09T15:15:00+00:00,4514.754
46403,2011-06-09T15:30:00+00:00,4514.776
46403,2011-06-09T15:45:00+00:00,4514.788
46403,2011-06-09T16:00:00+00:00,4514.795
46403,2011-06-09T16:15:00+00:00,4514.797
46403,2011-06-09T16:30:00+00:00,4514.790
46403,2011-06-09T16:45:00+00:00,4514.769
46403,2011-06-09T17:00:00+00:00,4514.746
46403,2011-06-09T17:15:00+00:00,4514.716
46403,2011-06-09T17:30:00+00:00,4514.678
46403,2011-06-09T17:45:00+00:00,4514.633
46403,2011-06-09T18:00:00+00:00,4514.585
46403,2011-06-09T18:15:00+00:00,4514.528
46403,2011-06-09T18:30:00+00:00,4514.470
46403,2011-06-09T18:45:00+00:00,4514.405
46403,2011-06-09T19:00:00+00:00,4514.343
46403,2011-06-09T19:15:00+00:00,4514.277
46403,2011-06-09T19:30:00+00:00,4514.209
46403,2011-06-09T19:45:00+00:00,4514.143
46403,2011-06-09T20:00:00+00:00,4514.079
46403,2011-06-09T20:15:00+00:00,4514.019
46403,2011-06-09T20:30:00+00:00,4513.964
46403,2011-06-09T20:45:00+00:00,4513.911
46403,2011-06-09T21:00:00+00:00,4513.866
46403,2011-06-09T21:15:00+00:00,4513.825
46403,2011-06-09T21:30:00+00:00,4513.794
46403,2011-06-09T21:45:00+00:00,4513.773
46403,2011-06-09T22:00:00+00:00,4513.759
46403,2011-06-09T22:15:00+00:00,4513.756
46403,2011-06-09T22:30:00+00:00,4513.762
46403,2011-06-09T22:45:00+00:00,4513.776
46403,2011-06-09T23:00:00+00:00,4513.800
46403,2011-06-09T23:15:00+00:00,4513.835
46403,2011-06-09T23:30:00+00:00,4513.880
46403,2011-06-09T23:45:00+00:00,4513.931
46403,2011-06-10T00:00:00+00:00,4513.989
46403,2011-06-10T00:15:00+00:00,4514.054
46403,2011-06-10T00:30:00+00:00,4514.127
46403,2011-06-10T00:45:00+00:00,4514.204
46403,2011-06-10T01:00:00+00:00,4514.289
46403,2011-06-10T01:15:00+00:00,4514.374
46403,2011-06-10T01:30:00+00:00,4514.461
46403,2011-06-10T01:45:00+00:00,4514.548
46403,2011-06-10T02:00:00+00:00,4514.636
46403,2011-06-10T02:15:00+00:00,4514.723
46403,2011-06-10T02:30:00+00:00,4514.807
46403,2011-06-10T02:45:00+00:00,4514.886
46403,2011-06-10T03:00:00+00:00,4514.962
46403,2011-06-10T03:15:00+00:00,4515.029
46403,2011-06-10T03:30:00+00:00,4515.091
46403,2011-06-10T03:45:00+00:00,4515.145
46403,2011-06-10T04:00:00+00:00,4515.190
46403,2011-06-10T04:15:00+00:00,4515.227
46403,2011-06-10T04:30:00+00:00,4515.254
46403,2011-06-10T04:45:00+00:00,4515.272
46403,2011-06-10T05:00:00+00:00,4515.279
46403,2011-06-10T05:15:00+00:00,4515.274
46403,2011-06-10T05:30:00+00:00,4515.261
46403,2011-06-10T05:45:00+00:00,4515.241
46403,2011-06-10T06:00:00+00:00,4515.209
46403,2011-06-10T06:15:00+00:00,4515.166
46403,2011-06-10T06:30:00+00:00,4515.116
46403,2011-06-10T06:45:00+00:00,4515.053
46403,2011-06-10T07:00:00+00:00,4514.988
46403,2011-06-10T07:15:00+00:00,4514.914
46403,2011-06-10T07:30:00+00:00,4514.836
46403,2011-06-10T07:45:00+00:00,4514.754
46403,2011-06-10T08:00:00+00:00,4514.670
46403,2011-06-10T08:15:00+00:00,4514.584
46403,2011-06-10T08:30:00+00:00,4514.498
46403,2011-06-10T08:45:00+00:00,4514.414
46403,2011-06-10T09:00:00+00:00,4514.330
46403,2011-06-10T09:15:00+00:00,4514.249
46403,2011-06-10T09:30:00+00:00,4514.171
46403,2011-06-10T09:45:00+00:00,4514.101
46403,2011-06-10T10:00:00+00:00,4514.031
46403,2011-06-10T10:15:00+00:00,4513.972
46403,2011-06-10T10:30:00+00:00,4513.919
46403,2011-06-10T10:45:00+00:00,4513.872
46403,2011-06-10T11:00:00+00:00,4513.838
46403,2011-06-10T11:15:00+00:00,4513.813
46403,2011-06-10T11:30:00+00:00,4513.795
46403,2011-06-10T11:45:00+00:00,4513.788
46403,2011-06-10T12:00:00+00:00,4513.789
46403,2011-06-10T12:15:00+00:00,4513.799
46403,2011-06-10T12:30:00+00:00,4513.817
46403,2011-06-10T12:45:00+00:00,4513.845
46403,2011-06-10T13:00:00+00:00,4513.878
46403,2011-06-10T13:15:00+00:00,4513.918
46403,2011-06-10T13:30:00+00:00,4513.966
46403,2011-06-10T13:45:00+00:00,4514.019
46403,2011-06-10T14:00:00+00:00,4514.074
46403,2011-06-10T14:15:00+00:00,4514.134
46403,2011-06-10T14:30:00+00:00,4514.193
46403,2011-06-10T14:45:00+00:00,4514.254
46403,2011-06-10T15:00:00+00:00,4514.314
46403,2011-06-10T15:15:00+00:00,4514.372
46403,2011-06-10T15:30:00+00:00,4514.428
46403,2011-06-10T15:45:00+00:00,4514.481
46403,2011-06-10T16:00:00+00:00,4514.530
46403,2011-06-10T16:15:00+00:00,4514.574
46403,2011-06-10T16:30:00+00:00,4514.615
46403,2011-06-10T16:45:00+00:00,4514.645
46403,2011-06-10T17:00:00+00:00,4514.670
46403,2011-06-10T17:15:00+00:00,4514.688
46403,2011-06-10T17:30:00+00:00,4514.698
46403,2011-06-10T17:45:00+00:00,4514.699
46403,2011-06-10T18:00:00+00:00,4514.693
46403,2011-06-10T18:15:00+00:00,4514.681
46403,2011-06-10T18:30:00+00:00,4514.660
46403,2011-06-10T18:45:00+00:00,4514.636
46403,2011-06-10T19:00:00+00:00,4514.606
46403,2011-06-10T19:15:00+00:00,4514.568
46403,2011-06-10T19:30:00+00:00,4514.524
46403,2011-06-10T19:45:00+00:00,4514.476
46403,2011-06-10T20:00:00+00:00,4514.426
46403,2011-06-10T20:15:00+00:00,4514.370
46403,2011-06-10T20:30:00+00:00,4514.319
46403,2011-06-10T20:45:00+00:00,4514.266
46403,2011-06-10T21:00:00+00:00,4514.212
46403,2011-06-10T21:15:00+00:00,4514.162
46403,2011-06-10T21:30:00+00:00,4514.111
46403,2011-06-10T21:45:00+00:00,4514.069
46403,2011-06-10T22:00:00+00:00,4514.029
46403,2011-06-10T22:15:00+00:00,4513.994
46403,2011-06-10T22:30:00+00:00,4513.969
46403,2011-06-10T22:45:00+00:00,4513.948
46403,2011-06-10T23:00:00+00:00,4513.934
46403,2011-06-10T23:15:00+00:00,4513.929
46403,2011-06-10T23:30:00+00:00,4513.934
46403,2011-06-10T23:45:00+00:00,4513.947
46403,2011-06-11T00:00:00+00:00,4513.971
46403,2011-06-11T00:15:00+00:00,4514.003
46403,2011-06-11T00:30:00+00:00,4514.045
46403,2011-06-11T00:45:00+00:00,4514.098
46403,2011-06-11T01:00:00+00:00,4514.156
46403,2011-06-11T01:15:00+00:00,4514.222
46403,2011-06-11T01:30:00+00:00,4514.295
46403,2011-06-11T01:45:00+00:00,4514.371
46403,2011-06-11T02:00:00+00:00,4514.453
46403,2011-06-11T02:15:00+00:00,4514.536
46403,2011-06-11T02:30:00+00:00,4514.621
46403,2011-06-11T02:45:00+00:00,4514.707
46403,2011-06-11T03:00:00+00:00,4514.793
46403,2011-06-11T03:15:00+00:00,4514.875
46403,2011-06-11T03:30:00+00:00,4514.956
46403,2011-06-11T03:45:00+00:00,4515.034
46403,2011-06-11T04:00:00+00:00,4515.106
46403,2011-06-11T04:15:00+00:00,4515.170
46403,2011-06-11T04:30:00+00:00,4515.228
46403,2011-06-11T04:45:00+00:00,4515.280
46403,2011-06-11T05:00:00+00:00,4515.325
46403,2011-06-11T05:15:00+00:00,4515.357
46403,2011-06-11T05:30:00+00:00,4515.380
46403,2011-06-11T05:45:00+00:00,4515.392
46403,2011-06-11T06:00:00+00:00,4515.392
46403,2011-06-11T06:15:00+00:00,4515.383
46403,2011-06-11T06:30:00+00:00,4515.360
46403,2011-06-11T06:45:00+00:00,4515.329
46403,2011-06-11T07:00:00+00:00,4515.287
46403,2011-06-11T07:15:00+00:00,4515.233
46403,2011-06-11T07:30:00+00:00,4515.170
46403,2011-06-11T07:45:00+00:00,4515.097
46403,2011-06-11T08:00:00+00:00,4515.017
46403,2011-06-11T08:15:00+00:00,4514.928
46403,2011-06-11T08:30:00+00:00,4514.837
46403,2011-06-11T08:45:00+00:00,4514.739
46403,2011-06-11T09:00:00+00:00,4514.638
46403,2011-06-11T09:15:00+00:00,4514.539
46403,2011-06-11T09:30:00+00:00,4514.434
46403,2011-06-11T09:45:00+00:00,4514.330
46403,2011-06-11T10:00:00+00:00,4514.229
46403,2011-06-11T10:15:00+00:00,4514.128
46403,2011-06-11T10:30:00+00:00,4514.036
46403,2011-06-11T10:45:00+00:00,4513.948
46403,2011-06-11T11:00:00+00:00,4513.864
46403,2011-06-11T11:15:00+00:00,4513.789
46403,2011-06-11T11:30:00+00:00,4513.724
46403,2011-06-11T11:45:00+00:00,4513.667
46403,2011-06-11T12:00:00+00:00,4513.621
46403,2011-06-11T12:15:00+00:00,4513.584
46403,2011-06-11T12:30:00+00:00,4513.556
46403,2011-06-11T12:45:00+00:00,4513.538
46403,2011-06-11T13:00:00+00:00,4513.530
46403,2011-06-11T13:15:00+00:00,4513.535
46403,2011-06-11T13:30:00+00:00,4513.551
46403,2011-06-11T13:45:00+00:00,4513.576
46403,2011-06-11T14:00:00+00:00,4513.610
46403,2011-06-11T14:15:00+00:00,4513.657
46403,2011-06-11T14:30:00+00:00,4513.711
46403,2011-06-11T14:45:00+00:00,4513.768
46403,2011-06-11T15:00:00+00:00,4513.833
46403,2011-06-11T15:15:00+00:00,4513.900
46403,2011-06-11T15:30:00+00:00,4513.973
46403,2011-06-11T15:45:00+00:00,4514.045
46403,2011-06-11T16:00:00+00:00,4514.120
46403,2011-06-11T16:15:00+00:00,4514.194
46403,2011-06-11T16:30:00+00:00,4514.267
46403,2011-06-11T16:45:00+00:00,4514.337
46403,2011-06-11T17:00:00+00:00,4514.404
46403,2011-06-11T17:15:00+00:00,4514.470
46403,2011-06-11T17:30:00+00:00,4514.528
46403,2011-06-11T17:45:00+00:00,4514.579
46403,2011-06-11T18:00:00+00:00,4514.623
46403,2011-06-11T18:15:00+00:00,4514.659
46403,2011-06-11T18:30:00+00:00,4514.688
46403,2011-06-11T18:45:00+00:00,4514.710
46403,2011-06-11T19:00:00+00:00,4514.723
46403,2011-06-11T19:15:00+00:00,4514.727
46403,2011-06-11T19:30:00+00:00,4514.721
46403,2011-06-11T19:45:00+00:00,4514.709
46403,2011-06-11T20:00:00+00:00,4514.689
46403,2011-06-11T20:15:00+00:00,4514.663
46403,2011-06-11T20:30:00+00:00,4514.631
46403,2011-06-11T20:45:00+00:00,4514.593
46403,2011-06-11T21:00:00+00:00,4514.551
46403,2011-06-11T21:15:00+00:00,4514.505
46403,2011-06-11T21:30:00+00:00,4514.458
46403,2011-06-11T21:45:00+00:00,4514.411
46403,2011-06-11T22:00:00+00:00,4514.365
46403,2011-06-11T22:15:00+00:00,4514.320
46403,2011-06-11T22:30:00+00:00,4514.274
46403,2011-06-11T22:45:00+00:00,4514.233
46403,2011-06-11T23:00:00+00:00,4514.194
46403,2011-06-11T23:15:00+00:00,4514.164
46403,2011-06-11T23:30:00+00:00,4514.138
46403,2011-06-11T23:45:00+00:00,4514.120
46403,2011-06-12T00:00:00+00:00,4514.107
46403,2011-06-12T00:15:00+00:00,4514.103
46403,2011-06-12T00:30:00+00:00,4514.111
46403,2011-06-12T00:45:00+00:00,4514.125
46403,2011-06-12T01:00:00+00:00,4514.150
46403,2011-06-12T01:15:00+00:00,4514.183
46403,2011-06-12T01:30:00+00:00,4514.224
46403,2011-06-12T01:45:00+00:00,4514.273
46403,2011-06-12T02:00:00+00:00,4514.328
46403,2011-06-12T02:15:00+00:00,4514.390
46403,2011-06-12T02:30:00+00:00,4514.460
46403,2011-06-12T02:45:00+00:00,4514.537
46403,2011-06-12T03:00:00+00:00,4514.617
46403,2011-06-12T03:15:00+00:00,4514.700
46403,2011-06-12T03:30:00+00:00,4514.785
46403,2011-06-12T03:45:00+00:00,4514.871
46403,2011-06-12T04:00:00+00:00,4514.956
46403,2011-06-12T04:15:00+00:00,4515.038
46403,2011-06-12T04:30:00+00:00,4515.119
46403,2011-06-12T04:45:00+00:00,4515.194
46403,2011-06-12T05:00:00+00:00,4515.267
46403,2011-06-12T05:15:00+00:00,4515.333
46403,2011-06-12T05:30:00+00:00,4515.389
46403,2011-06-12T05:45:00+00:00,4515.439
46403,2011-06-12T06:00:00+00:00,4515.477
46403,2011-06-12T06:15:00+00:00,4515.504
46403,2011-06-12T06:30:00+00:00,4515.522
46403,2011-06-12T06:45:00+00:00,4515.528
46403,2011-06-12T07:00:00+00:00,4515.521
46403,2011-06-12T07:15:00+00:00,4515.503
46403,2011-06-12T07:30:00+00:00,4515.472
46403,2011-06-12T07:45:00+00:00,4515.428
46403,2011-06-12T08:00:00+00:00,4515.371
46403,2011-06-12T08:15:00+00:00,4515.305
46403,2011-06-12T08:30:00+00:00,4515.226
46403,2011-06-12T08:45:00+00:00,4515.139
46403,2011-06-12T09:00:00+00:00,4515.044
46403,2011-06-12T09:15:00+00:00,4514.942
46403,2011-06-12T09:30:00+00:00,4514.832
46403,2011-06-12T09:45:00+00:00,4514.716
46403,2011-06-12T10:00:00+00:00,4514.596
46403,2011-06-12T10:15:00+00:00,4514.476
46403,2011-06-12T10:30:00+00:00,4514.355
46403,2011-06-12T10:45:00+00:00,4514.230
46403,2011-06-12T11:00:00+00:00,4514.110
46403,2011-06-12T11:15:00+00:00,4513.997
46403,2011-06-12T11:30:00+00:00,4513.886
46403,2011-06-12T11:45:00+00:00,4513.781
46403,2011-06-12T12:00:00+00:00,4513.686
46403,2011-06-12T12:15:00+00:00,4513.596
46403,2011-06-12T12:30:00+00:00,4513.520
46403,2011-06-12T12:45:00+00:00,4513.455
46403,2011-06-12T13:00:00+00:00,4513.397
46403,2011-06-12T13:15:00+00:00,4513.356
46403,2011-06-12T13:30:00+00:00,4513.327
46403,2011-06-12T13:45:00+00:00,4513.308
46403,2011-06-12T14:00:00+00:00,4513.304
46403,2011-06-12T14:15:00+00:00,4513.312
46403,2011-06-12T14:30:00+00:00,4513.330
46403,2011-06-12T14:45:00+00:00,4513.361
46403,2011-06-12T15:00:00+00:00,4513.405
46403,2011-06-12T15:15:00+00:00,4513.454
46403,2011-06-12T15:30:00+00:00,4513.515
46403,2011-06-12T15:45:00+00:00,4513.583
46403,2011-06-12T16:00:00+00:00,4513.656
46403,2011-06-12T16:15:00+00:00,4513.738
46403,2011-06-12T16:30:00+00:00,4513.823
46403,2011-06-12T16:45:00+00:00,4513.911
46403,2011-06-12T17:00:00+00:00,4513.999
46403,2011-06-12T17:15:00+00:00,4514.091
46403,2011-06-12T17:30:00+00:00,4514.181
46403,2011-06-12T17:45:00+00:00,4514.269
46403,2011-06-12T18:00:00+00:00,4514.356
46403,2011-06-12T18:15:00+00:00,4514.438
46403,2011-06-12T18:30:00+00:00,4514.515
46403,2011-06-12T18:45:00+00:00,4514.583
46403,2011-06-12T19:00:00+00:00,4514.642
46403,2011-06-12T19:15:00+00:00,4514.696
46403,2011-06-12T19:30:00+00:00,4514.740
46403,2011-06-12T19:45:00+00:00,4514.772
46403,2011-06-12T20:00:00+00:00,4514.798
46403,2011-06-12T20:15:00+00:00,4514.810
46403,2011-06-12T20:30:00+00:00,4514.815
46403,2011-06-12T20:45:00+00:00,4514.812
46403,2011-06-12T21:00:00+00:00,4514.802
46403,2011-06-12T21:15:00+00:00,4514.782
46403,2011-06-12T21:30:00+00:00,4514.754
46403,2011-06-12T21:45:00+00:00,4514.725
46403,2011-06-12T22:00:00+00:00,4514.686
46403,2011-06-12T22:15:00+00:00,4514.644
46403,2011-06-12T22:30:00+00:00,4514.597
46403,2011-06-12T22:45:00+00:00,4514.549
46403,2011-06-12T23:00:00+00:00,4514.501
46403,2011-06-12T23:15:00+00:00,4514.453
46403,2011-06-12T23:30:00+00:00,4514.404
46403,2011-06-12T23:45:00+00:00,4514.361
46403,2011-06-13T00:00:00+00:00,4514.324
46403,2011-06-13T00:15:00+00:00,4514.289
46403,2011-06-13T00:30:00+00:00,4514.261
46403,2011-06-13T00:45:00+00:00,4514.242
46403,2011-06-13T01:00:00+00:00,4514.229
46403,2011-06-13T01:15:00+00:00,4514.224
46403,2011-06-13T01:30:00+00:00,4514.228
46403,2011-06-13T01:45:00+00:00,4514.242
46403,2011-06-13T02:00:00+00:00,4514.268
46403,2011-06-13T02:15:00+00:00,4514.300
46403,2011-06-13T02:30:00+00:00,4514.341
46403,2011-06-13T02:45:00+00:00,4514.391
46403,2011-06-13T03:00:00+00:00,4514.450
46403,2011-06-13T03:15:00+00:00,4514.514
46403,2011-06-13T03:30:00+00:00,4514.589
46403,2011-06-13T03:45:00+00:00,4514.667
46403,2011-06-13T04:00:00+00:00,4514.748
46403,2011-06-13T04:15:00+00:00,4514.832
46403,2011-06-13T04:30:00+00:00,4514.921
46403,2011-06-13T04:45:00+00:00,4515.008
46403,2011-06-13T05:00:00+00:00,4515.095
46403,2011-06-13T05:15:00+00:00,4515.180
46403,2011-06-13T05:30:00+00:00,4515.259
46403,2011-06-13T05:45:00+00:00,4515.335
46403,2011-06-13T06:00:00+00:00,4515.404
46403,2011-06-13T06:15:00+00:00,4515.467
46403,2011-06-13T06:30:00+00:00,4515.520
46403,2011-06-13T06:45:00+00:00,4515.565
46403,2011-06-13T07:00:00+00:00,4515.597
46403,2011-06-13T07:15:00+00:00,4515.621
46403,2011-06-13T07:30:00+00:00,4515.631
46403,2011-06-13T07:45:00+00:00,4515.628
46403,2011-06-13T08:00:00+00:00,4515.612
46403,2011-06-13T08:15:00+00:00,4515.583
46403,2011-06-13T08:30:00+00:00,4515.542
46403,2011-06-13T08:45:00+00:00,4515.485
46403,2011-06-13T09:00:00+00:00,4515.418
46403,2011-06-13T09:15:00+00:00,4515.335
46403,2011-06-13T09:30:00+00:00,4515.244
46403,2011-06-13T09:45:00+00:00,4515.140
46403,2011-06-13T10:00:00+00:00,4515.026
46403,2011-06-13T10:15:00+00:00,4514.906
46403,2011-06-13T10:30:00+00:00,4514.780
46403,2011-06-13T10:45:00+00:00,4514.648
46403,2011-06-13T11:00:00+00:00,4514.514
46403,2011-06-13T11:15:00+00:00,4514.375
46403,2011-06-13T11:30:00+00:00,4514.235
46403,2011-06-13T11:45:00+00:00,4514.096
46403,2011-06-13T12:00:00+00:00,4513.964
46403,2011-06-13T12:15:00+00:00,4513.837
46403,2011-06-13T12:30:00+00:00,4513.714
46403,2011-06-13T12:45:00+00:00,4513.599
46403,2011-06-13T13:00:00+00:00,4513.491
46403,2011-06-13T13:15:00+00:00,4513.395
46403,2011-06-13T13:30:00+00:00,4513.312
46403,2011-06-13T13:45:00+00:00,4513.241
46403,2011-06-13T14:00:00+00:00,4513.184
46403,2011-06-13T14:15:00+00:00,4513.140
46403,2011-06-13T14:30:00+00:00,4513.113
46403,2011-06-13T14:45:00+00:00,4513.098
46403,2011-06-13T15:00:00+00:00,4513.098
46403,2011-06-13T15:15:00+00:00,4513.115
46403,2011-06-13T15:30:00+00:00,4513.141
46403,2011-06-13T15:45:00+00:00,4513.182
46403,2011-06-13T16:00:00+00:00,4513.234
46403,2011-06-13T16:15:00+00:00,4513.300
46403,2011-06-13T16:30:00+00:00,4513.377
46403,2011-06-13T16:45:00+00:00,4513.462
46403,2011-06-13T17:00:00+00:00,4513.552
46403,2011-06-13T17:15:00+00:00,4513.650
46403,2011-06-13T17:30:00+00:00,4513.755
46403,2011-06-13T17:45:00+00:00,4513.863
46403,2011-06-13T18:00:00+00:00,4513.974
46403,2011-06-13T18:15:00+00:00,4514.083
46403,2011-06-13T18:30:00+00:00,4514.189
46403,2011-06-13T18:45:00+00:00,4514.293
46403,2011-06-13T19:00:00+00:00,4514.391
46403,2011-06-13T19:15:00+00:00,4514.487
46403,2011-06-13T19:30:00+00:00,4514.576
46403,2011-06-13T19:45:00+00:00,4514.653
46403,2011-06-13T20:00:00+00:00,4514.724
46403,2011-06-13T20:15:00+00:00,4514.788
46403,2011-06-13T20:30:00+00:00,4514.841
46403,2011-06-13T20:45:00+00:00,4514.882
46403,2011-06-13T21:00:00+00:00,4514.915
46403,2011-06-13T21:15:00+00:00,4514.934
46403,2011-06-13T21:30:00+00:00,4514.945
46403,2011-06-13T21:45:00+00:00,4514.948
46403,2011-06-13T22:00:00+00:00,4514.938
46403,2011-06-13T22:15:00+00:00,4514.918
46403,2011-06-13T22:30:00+00:00,4514.890
46403,2011-06-13T22:45:00+00:00,4514.854
46403,2011-06-13T23:00:00+00:00,4514.814
46403,2011-06-13T23:15:00+00:00,4514.765
46403,2011-06-13T23:30:00+00:00,4514.715
46403,2011-06-13T23:45:00+00:00,4514.662
46403,2011-06-14T00:00:00+00:00,4514.607
46403,2011-06-14T00:15:00+00:00,4514.555
46403,2011-06-14T00:30:00+00:00,4514.506
46403,2011-06-14T00:45:00+00:00,4514.462
46403,2011-06-14T01:00:00+00:00,4514.419
46403,2011-06-14T01:15:00+00:00,4514.385
46403,2011-06-14T01:30:00+00:00,4514.355
46403,2011-06-14T01:45:00+00:00,4514.335
46403,2011-06-14T02:00:00+00:00,4514.321
46403,2011-06-14T02:15:00+00:00,4514.314
46403,2011-06-14T02:30:00+00:00,4514.318
46403,2011-06-14T02:45:00+00:00,4514.332
46403,2011-06-14T03:00:00+00:00,4514.356
46403,2011-06-14T03:15:00+00:00,4514.389
46403,2011-06-14T03:30:00+00:00,4514.433
46403,2011-06-14T03:45:00+00:00,4514.486
46403,2011-06-14T04:00:00+00:00,4514.548
46403,2011-06-14T04:15:00+00:00,4514.617
46403,2011-06-14T04:30:00+00:00,4514.692
46403,2011-06-14T04:45:00+00:00,4514.776
46403,2011-06-14T05:00:00+00:00,4514.860
46403,2011-06-14T05:15:00+00:00,4514.950
46403,2011-06-14T05:30:00+00:00,4515.039
46403,2011-06-14T05:45:00+00:00,4515.130
46403,2011-06-14T06:00:00+00:00,4515.217
46403,2011-06-14T06:15:00+00:00,4515.303
46403,2011-06-14T06:30:00+00:00,4515.385
46403,2011-06-14T06:45:00+00:00,4515.463
46403,2011-06-14T07:00:00+00:00,4515.532
46403,2011-06-14T07:15:00+00:00,4515.596
46403,2011-06-14T07:30:00+00:00,4515.648
46403,2011-06-14T07:45:00+00:00,4515.686
46403,2011-06-14T08:00:00+00:00,4515.715
46403,2011-06-14T08:15:00+00:00,4515.729
46403,2011-06-14T08:30:00+00:00,4515.731
46403,2011-06-14T08:45:00+00:00,4515.719
46403,2011-06-14T09:00:00+00:00,4515.693
46403,2011-06-14T09:15:00+00:00,4515.653
46403,2011-06-14T09:30:00+00:00,4515.597
46403,2011-06-14T09:45:00+00:00,4515.526
46403,2011-06-14T10:00:00+00:00,4515.441
46403,2011-06-14T10:15:00+00:00,4515.344
46403,2011-06-14T10:30:00+00:00,4515.235
46403,2011-06-14T10:45:00+00:00,4515.116
46403,2011-06-14T11:00:00+00:00,4514.988
46403,2011-06-14T11:15:00+00:00,4514.855
46403,2011-06-14T11:30:00+00:00,4514.713
46403,2011-06-14T11:45:00+00:00,4514.569
46403,2011-06-14T12:00:00+00:00,4514.420
46403,2011-06-14T12:15:00+00:00,4514.270
46403,2011-06-14T12:30:00+00:00,4514.119
46403,2011-06-14T12:45:00+00:00,4513.972
46403,2011-06-14T13:00:00+00:00,4513.831
46403,2011-06-14T13:15:00+00:00,4513.695
46403,2011-06-14T13:30:00+00:00,4513.570
46403,2011-06-14T13:45:00+00:00,4513.449
46403,2011-06-14T14:00:00+00:00,4513.342
46403,2011-06-14T14:15:00+00:00,4513.247
46403,2011-06-14T14:30:00+00:00,4513.165
46403,2011-06-14T14:45:00+00:00,4513.098
46403,2011-06-14T15:00:00+00:00,4513.046
46403,2011-06-14T15:15:00+00:00,4513.008
46403,2011-06-14T15:30:00+00:00,4512.987
46403,2011-06-14T15:45:00+00:00,4512.977
46403,2011-06-14T16:00:00+00:00,4512.986
46403,2011-06-14T16:15:00+00:00,4513.011
46403,2011-06-14T16:30:00+00:00,4513.051
46403,2011-06-14T16:45:00+00:00,4513.105
46403,2011-06-14T17:00:00+00:00,4513.172
46403,2011-06-14T17:15:00+00:00,4513.252
46403,2011-06-14T17:30:00+00:00,4513.344
46403,2011-06-14T17:45:00+00:00,4513.440
46403,2011-06-14T18:00:00+00:00,4513.550
46403,2011-06-14T18:15:00+00:00,4513.663
46403,2011-06-14T18:30:00+00:00,4513.782
46403,2011-06-14T18:45:00+00:00,4513.902
46403,2011-06-14T19:00:00+00:00,4514.023
46403,2011-06-14T19:15:00+00:00,4514.141
46403,2011-06-14T19:30:00+00:00,4514.257
46403,2011-06-14T19:45:00+00:00,4514.372
46403,2011-06-14T20:00:00+00:00,4514.477
46403,2011-06-14T20:15:00+00:00,4514.577
46403,2011-06-14T20:30:00+00:00,4514.673
46403,2011-06-14T20:45:00+00:00,4514.757
46403,2011-06-14T21:00:00+00:00,4514.835
46403,2011-06-14T21:15:00+00:00,4514.896
46403,2011-06-14T21:30:00+00:00,4514.950
46403,2011-06-14T21:45:00+00:00,4514.989
46403,2011-06-14T22:00:00+00:00,4515.015
46403,2011-06-14T22:15:00+00:00,4515.031
46403,2011-06-14T22:30:00+00:00,4515.039
46403,2011-06-14T22:45:00+00:00,4515.030
46403,2011-06-14T23:00:00+00:00,4515.013
46403,2011-06-14T23:15:00+00:00,4514.992
46403,2011-06-14T23:30:00+00:00,4514.954
46403,2011-06-14T23:45:00+00:00,4514.912
46403,2011-06-15T00:00:00+00:00,4514.864
46403,2011-06-15T00:15:00+00:00,4514.813
46403,2011-06-15T00:30:00+00:00,4514.758
46403,2011-06-15T00:45:00+00:00,4514.701
46403,2011-06-15T01:00:00+00:00,4514.644
46403,2011-06-15T01:15:00+00:00,4514.590
46403,2011-06-15T01:30:00+00:00,4514.542
46403,2011-06-15T01:45:00+00:00,4514.492
46403,2011-06-15T02:00:00+00:00,4514.449
46403,2011-06-15T02:15:00+00:00,4514.411
46403,2011-06-15T02:30:00+00:00,4514.379
46403,2011-06-15T02:45:00+00:00,4514.357
46403,2011-06-15T03:00:00+00:00,4514.345
46403,2011-06-15T03:15:00+00:00,4514.341
46403,2011-06-15T03:30:00+00:00,4514.348
46403,2011-06-15T03:45:00+00:00,4514.367
46403,2011-06-15T04:00:00+00:00,4514.397
46403,2011-06-15T04:15:00+00:00,4514.439
46403,2011-06-15T04:30:00+00:00,4514.488
46403,2011-06-15T04:45:00+00:00,4514.546
46403,2011-06-15T05:00:00+00:00,4514.613
46403,2011-06-15T05:15:00+00:00,4514.689
46403,2011-06-15T05:30:00+00:00,4514.766
46403,2011-06-15T05:45:00+00:00,4514.850
46403,2011-06-15T06:00:00+00:00,4514.938
46403,2011-06-15T06:15:00+00:00,4515.032
46403,2011-06-15T06:30:00+00:00,4515.126
46403,2011-06-15T06:45:00+00:00,4515.219
46403,2011-06-15T07:00:00+00:00,4515.313
46403,2011-06-15T07:15:00+00:00,4515.402
46403,2011-06-15T07:30:00+00:00,4515.486
46403,2011-06-15T07:45:00+00:00,4515.560
46403,2011-06-15T08:00:00+00:00,4515.625
46403,2011-06-15T08:15:00+00:00,4515.680
46403,2011-06-15T08:30:00+00:00,4515.724
46403,2011-06-15T08:45:00+00:00,4515.757
46403,2011-06-15T09:00:00+00:00,4515.776
46403,2011-06-15T09:15:00+00:00,4515.781
46403,2011-06-15T09:30:00+00:00,4515.772
46403,2011-06-15T09:45:00+00:00,4515.750
46403,2011-06-15T10:00:00+00:00,4515.709
46403,2011-06-15T10:15:00+00:00,4515.654
46403,2011-06-15T10:30:00+00:00,4515.585
46403,2011-06-15T10:45:00+00:00,4515.498
46403,2011-06-15T11:00:00+00:00,4515.400
46403,2011-06-15T11:15:00+00:00,4515.285
46403,2011-06-15T11:30:00+00:00,4515.160
46403,2011-06-15T11:45:00+00:00,4515.030
46403,2011-06-15T12:00:00+00:00,4514.887
46403,2011-06-15T12:15:00+00:00,4514.741
46403,2011-06-15T12:30:00+00:00,4514.587
46403,2011-06-15T12:45:00+00:00,4514.429
46403,2011-06-15T13:00:00+00:00,4514.270
46403,2011-06-15T13:15:00+00:00,4514.112
46403,2011-06-15T13:30:00+00:00,4513.958
46403,2011-06-15T13:45:00+00:00,4513.807
46403,2011-06-15T14:00:00+00:00,4513.665
46403,2011-06-15T14:15:00+00:00,4513.531
46403,2011-06-15T14:30:00+00:00,4513.407
46403,2011-06-15T14:45:00+00:00,4513.293
46403,2011-06-15T15:00:00+00:00,4513.195
46403,2011-06-15T15:15:00+00:00,4513.106
46403,2011-06-15T15:30:00+00:00,4513.033
46403,2011-06-15T15:45:00+00:00,4512.974
46403,2011-06-15T16:00:00+00:00,4512.931
46403,2011-06-15T16:15:00+00:00,4512.908
46403,2011-06-15T16:30:00+00:00,4512.900
46403,2011-06-15T16:45:00+00:00,4512.908
46403,2011-06-15T17:00:00+00:00,4512.936
46403,2011-06-15T17:15:00+00:00,4512.975
46403,2011-06-15T17:30:00+00:00,4513.032
46403,2011-06-15T17:45:00+00:00,4513.104
46403,2011-06-15T18:00:00+00:00,4513.189
46403,2011-06-15T18:15:00+00:00,4513.285
46403,2011-06-15T18:30:00+00:00,4513.390
46403,2011-06-15T18:45:00+00:00,4513.503
46403,2011-06-15T19:00:00+00:00,4513.620
46403,2011-06-15T19:15:00+00:00,4513.742
46403,2011-06-15T19:30:00+00:00,4513.869
46403,2011-06-15T19:45:00+00:00,4513.998
46403,2011-06-15T20:00:00+00:00,4514.126
46403,2011-06-15T20:15:00+00:00,4514.252
46403,2011-06-15T20:30:00+00:00,4514.374
46403,2011-06-15T20:45:00+00:00,4514.489
46403,2011-06-15T21:00:00+00:00,4514.598
46403,2011-06-15T21:15:00+00:00,4514.698
46403,2011-06-15T21:30:00+00:00,4514.790
46403,2011-06-15T21:45:00+00:00,4514.868
46403,2011-06-15T22:00:00+00:00,4514.939
46403,2011-06-15T22:15:00+00:00,4514.995
46403,2011-06-15T22:30:00+00:00,4515.037
46403,2011-06-15T22:45:00+00:00,4515.068
46403,2011-06-15T23:00:00+00:00,4515.086
46403,2011-06-15T23:15:00+00:00,4515.090
46403,2011-06-15T23:30:00+00:00,4515.085
46403,2011-06-15T23:45:00+00:00,4515.069
46403,2011-06-16T00:00:00+00:00,4515.044
46403,2011-06-16T00:15:00+00:00,4515.006
46403,2011-06-16T00:30:00+00:00,4514.967
46403,2011-06-16T00:45:00+00:00,4514.919
46403,2011-06-16T01:00:00+00:00,4514.867
46403,2011-06-16T01:15:00+00:00,4514.809
46403,2011-06-16T01:30:00+00:00,4514.748
46403,2011-06-16T01:45:00+00:00,4514.687
46403,2011-06-16T02:00:00+00:00,4514.629
46403,2011-06-16T02:15:00+00:00,4514.569
46403,2011-06-16T02:30:00+00:00,4514.513
46403,2011-06-16T02:45:00+00:00,4514.461
46403,2011-06-16T03:00:00+00:00,4514.416
46403,2011-06-16T03:15:00+00:00,4514.380
46403,2011-06-16T03:30:00+00:00,4514.352
46403,2011-06-16T03:45:00+00:00,4514.335
46403,2011-06-16T04:00:00+00:00,4514.328
46403,2011-06-16T04:15:00+00:00,4514.332
46403,2011-06-16T04:30:00+00:00,4514.348
46403,2011-06-16T04:45:00+00:00,4514.376
46403,2011-06-16T05:00:00+00:00,4514.413
46403,2011-06-16T05:15:00+00:00,4514.460
46403,2011-06-16T05:30:00+00:00,4514.515
46403,2011-06-16T05:45:00+00:00,4514.582
46403,2011-06-16T06:00:00+00:00,4514.653
46403,2011-06-16T06:15:00+00:00,4514.730
46403,2011-06-16T06:30:00+00:00,4514.815
46403,2011-06-16T06:45:00+00:00,4514.906
46403,2011-06-16T07:00:00+00:00,4515.001
46403,2011-06-16T07:15:00+00:00,4515.097
46403,2011-06-16T07:30:00+00:00,4515.191
46403,2011-06-16T07:45:00+00:00,4515.285
46403,2011-06-16T08:00:00+00:00,4515.372
46403,2011-06-16T08:15:00+00:00,4515.455
46403,2011-06-16T08:30:00+00:00,4515.531
46403,2011-06-16T08:45:00+00:00,4515.596
46403,2011-06-16T09:00:00+00:00,4515.654
46403,2011-06-16T09:15:00+00:00,4515.698
46403,2011-06-16T09:30:00+00:00,4515.730
46403,2011-06-16T09:45:00+00:00,4515.750
46403,2011-06-16T10:00:00+00:00,4515.754
46403,2011-06-16T10:15:00+00:00,4515.746
46403,2011-06-16T10:30:00+00:00,4515.721
46403,2011-06-16T10:45:00+00:00,4515.680
46403,2011-06-16T11:00:00+00:00,4515.626
46403,2011-06-16T11:15:00+00:00,4515.558
46403,2011-06-16T11:30:00+00:00,4515.473
46403,2011-06-16T11:45:00+00:00,4515.374
46403,2011-06-16T12:00:00+00:00,4515.262
46403,2011-06-16T12:15:00+00:00,4515.141
46403,2011-06-16T12:30:00+00:00,4515.009
46403,2011-06-16T12:45:00+00:00,4514.870
46403,2011-06-16T13:00:00+00:00,4514.721
46403,2011-06-16T13:15:00+00:00,4514.568
46403,2011-06-16T13:30:00+00:00,4514.410
46403,2011-06-16T13:45:00+00:00,4514.252
46403,2011-06-16T14:00:00+00:00,4514.096
46403,2011-06-16T14:15:00+00:00,4513.944
46403,2011-06-16T14:30:00+00:00,4513.795
46403,2011-06-16T14:45:00+00:00,4513.652
46403,2011-06-16T15:00:00+00:00,4513.520
46403,2011-06-16T15:15:00+00:00,4513.395
46403,2011-06-16T15:30:00+00:00,4513.283
46403,2011-06-16T15:45:00+00:00,4513.179
46403,2011-06-16T16:00:00+00:00,4513.096
46403,2011-06-16T16:15:00+00:00,4513.021
46403,2011-06-16T16:30:00+00:00,4512.964
46403,2011-06-16T16:45:00+00:00,4512.921
46403,2011-06-16T17:00:00+00:00,4512.897
46403,2011-06-16T17:15:00+00:00,4512.889
46403,2011-06-16T17:30:00+00:00,4512.901
46403,2011-06-16T17:45:00+00:00,4512.927
46403,2011-06-16T18:00:00+00:00,4512.972
46403,2011-06-16T18:15:00+00:00,4513.029
46403,2011-06-16T18:30:00+00:00,4513.103
46403,2011-06-16T18:45:00+00:00,4513.191
46403,2011-06-16T19:00:00+00:00,4513.288
46403,2011-06-16T19:15:00+00:00,4513.393
46403,2011-06-16T19:30:00+00:00,4513.505
46403,2011-06-16T19:45:00+00:00,4513.628
46403,2011-06-16T20:00:00+00:00,4513.755
46403,2011-06-16T20:15:00+00:00,4513.886
46403,2011-06-16T20:30:00+00:00,4514.019
46403,2011-06-16T20:45:00+00:00,4514.151
46403,2011-06-16T21:00:00+00:00,4514.283
46403,2011-06-16T21:15:00+00:00,4514.406
46403,2011-06-16T21:30:00+00:00,4514.524
46403,2011-06-16T21:45:00+00:00,4514.634
46403,2011-06-16T22:00:00+00:00,4514.732
46403,2011-06-16T22:15:00+00:00,4514.823
46403,2011-06-16T22:30:00+00:00,4514.903
46403,2011-06-16T22:45:00+00:00,4514.970
46403,2011-06-16T23:00:00+00:00,4515.025
46403,2011-06-16T23:15:00+00:00,4515.069
46403,2011-06-16T23:30:00+00:00,4515.098
46403,2011-06-16T23:45:00+00:00,4515.115
46403,2011-06-17T00:00:00+00:00,4515.120
46403,2011-06-17T00:15:00+00:00,4515.115
46403,2011-06-17T00:30:00+00:00,4515.098
46403,2011-06-17T00:45:00+00:00,4515.072
46403,2011-06-17T01:00:00+00:00,4515.035
46403,2011-06-17T01:15:00+00:00,4514.991
46403,2011-06-17T01:30:00+00:00,4514.938
46403,2011-06-17T01:45:00+00:00,4514.881
46403,2011-06-17T02:00:00+00:00,4514.821
46403,2011-06-17T02:15:00+00:00,4514.755
46403,2011-06-17T02:30:00+00:00,4514.691
46403,2011-06-17T02:45:00+00:00,4514.627
46403,2011-06-17T03:00:00+00:00,4514.566
46403,2011-06-17T03:15:00+00:00,4514.508
46403,2011-06-17T03:30:00+00:00,4514.454
46403,2011-06-17T03:45:00+00:00,4514.409
46403,2011-06-17T04:00:00+00:00,4514.370
46403,2011-06-17T04:15:00+00:00,4514.341
46403,2011-06-17T04:30:00+00:00,4514.323
46403,2011-06-17T04:45:00+00:00,4514.314
46403,2011-06-17T05:00:00+00:00,4514.316
46403,2011-06-17T05:15:00+00:00,4514.327
46403,2011-06-17T05:30:00+00:00,4514.350
46403,2011-06-17T05:45:00+00:00,4514.382
46403,2011-06-17T06:00:00+00:00,4514.425
46403,2011-06-17T06:15:00+00:00,4514.480
46403,2011-06-17T06:30:00+00:00,4514.541
46403,2011-06-17T06:45:00+00:00,4514.614
46403,2011-06-17T07:00:00+00:00,4514.693
46403,2011-06-17T07:15:00+00:00,4514.780
46403,2011-06-17T07:30:00+00:00,4514.867
46403,2011-06-17T07:45:00+00:00,4514.958
46403,2011-06-17T08:00:00+00:00,4515.050
46403,2011-06-17T08:15:00+00:00,4515.140
46403,2011-06-17T08:30:00+00:00,4515.231
46403,2011-06-17T08:45:00+00:00,4515.317
46403,2011-06-17T09:00:00+00:00,4515.396
46403,2011-06-17T09:15:00+00:00,4515.471
46403,2011-06-17T09:30:00+00:00,4515.538
46403,2011-06-17T09:45:00+00:00,4515.595
46403,2011-06-17T10:00:00+00:00,4515.640
46403,2011-06-17T10:15:00+00:00,4515.675
46403,2011-06-17T10:30:00+00:00,4515.694
46403,2011-06-17T10:45:00+00:00,4515.700
46403,2011-06-17T11:00:00+00:00,4515.692
46403,2011-06-17T11:15:00+00:00,4515.668
46403,2011-06-17T11:30:00+00:00,4515.632
46403,2011-06-17T11:45:00+00:00,4515.579
46403,2011-06-17T12:00:00+00:00,4515.511
46403,2011-06-17T12:15:00+00:00,4515.429
46403,2011-06-17T12:30:00+00:00,4515.332
46403,2011-06-17T12:45:00+00:00,4515.224
46403,2011-06-17T13:00:00+00:00,4515.104
46403,2011-06-17T13:15:00+00:00,4514.976
46403,2011-06-17T13:30:00+00:00,4514.836
46403,2011-06-17T13:45:00+00:00,4514.694
46403,2011-06-17T14:00:00+00:00,4514.546
46403,2011-06-17T14:15:00+00:00,4514.395
46403,2011-06-17T14:30:00+00:00,4514.243
46403,2011-06-17T14:45:00+00:00,4514.093
46403,2011-06-17T15:00:00+00:00,4513.944
46403,2011-06-17T15:15:00+00:00,4513.801
46403,2011-06-17T15:30:00+00:00,4513.663
46403,2011-06-17T15:45:00+00:00,4513.534
46403,2011-06-17T16:00:00+00:00,4513.414
46403,2011-06-17T16:15:00+00:00,4513.305
46403,2011-06-17T16:30:00+00:00,4513.208
46403,2011-06-17T16:45:00+00:00,4513.126
46403,2011-06-17T17:00:00+00:00,4513.058
46403,2011-06-17T17:15:00+00:00,4513.005
46403,2011-06-17T17:30:00+00:00,4512.973
46403,2011-06-17T17:45:00+00:00,4512.954
46403,2011-06-17T18:00:00+00:00,4512.950
46403,2011-06-17T18:15:00+00:00,4512.966
46403,2011-06-17T18:30:00+00:00,4512.998
46403,2011-06-17T18:45:00+00:00,4513.044
46403,2011-06-17T19:00:00+00:00,4513.107
46403,2011-06-17T19:15:00+00:00,4513.179
46403,2011-06-17T19:30:00+00:00,4513.265
46403,2011-06-17T19:45:00+00:00,4513.360
46403,2011-06-17T20:00:00+00:00,4513.468
46403,2011-06-17T20:15:00+00:00,4513.581
46403,2011-06-17T20:30:00+00:00,4513.702
46403,2011-06-17T20:45:00+00:00,4513.832
46403,2011-06-17T21:00:00+00:00,4513.962
46403,2011-06-17T21:15:00+00:00,4514.094
46403,2011-06-17T21:30:00+00:00,4514.222
46403,2011-06-17T21:45:00+00:00,4514.346
46403,2011-06-17T22:00:00+00:00,4514.464
46403,2011-06-17T22:15:00+00:00,4514.574
46403,2011-06-17T22:30:00+00:00,4514.678
46403,2011-06-17T22:45:00+00:00,4514.774
46403,2011-06-17T23:00:00+00:00,4514.861
46403,2011-06-17T23:15:00+00:00,4514.938
46403,2011-06-17T23:30:00+00:00,4515.002
46403,2011-06-17T23:45:00+00:00,4515.050
46403,2011-06-18T00:00:00+00:00,4515.088
46403,2011-06-18T00:15:00+00:00,4515.114
46403,2011-06-18T00:30:00+00:00,4515.128
46403,2011-06-18T00:45:00+00:00,4515.131
46403,2011-06-18T01:00:00+00:00,4515.123
46403,2011-06-18T01:15:00+00:00,4515.103
46403,2011-06-18T01:30:00+00:00,4515.075
46403,2011-06-18T01:45:00+00:00,4515.033
46403,2011-06-18T02:00:00+00:00,4514.987
46403,2011-06-18T02:15:00+00:00,4514.930
46403,2011-06-18T02:30:00+00:00,4514.872
46403,2011-06-18T02:45:00+00:00,4514.807
46403,2011-06-18T03:00:00+00:00,4514.742
46403,2011-06-18T03:15:00+00:00,4514.675
46403,2011-06-18T03:30:00+00:00,4514.609
46403,2011-06-18T03:45:00+00:00,4514.547
46403,2011-06-18T04:00:00+00:00,4514.486
46403,2011-06-18T04:15:00+00:00,4514.429
46403,2011-06-18T04:30:00+00:00,4514.384
46403,2011-06-18T04:45:00+00:00,4514.340
46403,2011-06-18T05:00:00+00:00,4514.312
46403,2011-06-18T05:15:00+00:00,4514.289
46403,2011-06-18T05:30:00+00:00,4514.277
46403,2011-06-18T05:45:00+00:00,4514.275
46403,2011-06-18T06:00:00+00:00,4514.284
46403,2011-06-18T06:15:00+00:00,4514.305
46403,2011-06-18T06:30:00+00:00,4514.334
46403,2011-06-18T06:45:00+00:00,4514.377
46403,2011-06-18T07:00:00+00:00,4514.432
46403,2011-06-18T07:15:00+00:00,4514.495
46403,2011-06-18T07:30:00+00:00,4514.562
46403,2011-06-18T07:45:00+00:00,4514.636
46403,2011-06-18T08:00:00+00:00,4514.717
46403,2011-06-18T08:15:00+00:00,4514.802
46403,2011-06-18T08:30:00+00:00,4514.889
46403,2011-06-18T08:45:00+00:00,4514.977
46403,2011-06-18T09:00:00+00:00,4515.063
46403,2011-06-18T09:15:00+00:00,4515.150
46403,2011-06-18T09:30:00+00:00,4515.231
46403,2011-06-18T09:45:00+00:00,4515.310
46403,2011-06-18T10:00:00+00:00,4515.380
46403,2011-06-18T10:15:00+00:00,4515.442
46403,2011-06-18T10:30:00+00:00,4515.494
46403,2011-06-18T10:45:00+00:00,4515.534
46403,2011-06-18T11:00:00+00:00,4515.564
46403,2011-06-18T11:15:00+00:00,4515.579
46403,2011-06-18T11:30:00+00:00,4515.583
46403,2011-06-18T11:45:00+00:00,4515.572
46403,2011-06-18T12:00:00+00:00,4515.550
46403,2011-06-18T12:15:00+00:00,4515.513
46403,2011-06-18T12:30:00+00:00,4515.462
46403,2011-06-18T12:45:00+00:00,4515.400
46403,2011-06-18T13:00:00+00:00,4515.322
46403,2011-06-18T13:15:00+00:00,4515.235
46403,2011-06-18T13:30:00+00:00,4515.134
46403,2011-06-18T13:45:00+00:00,4515.022
46403,2011-06-18T14:00:00+00:00,4514.900
46403,2011-06-18T14:15:00+00:00,4514.773
46403,2011-06-18T14:30:00+00:00,4514.638
46403,2011-06-18T14:45:00+00:00,4514.501
46403,2011-06-18T15:00:00+00:00,4514.359
46403,2011-06-18T15:15:00+00:00,4514.216
46403,2011-06-18T15:30:00+00:00,4514.076
46403,2011-06-18T15:45:00+00:00,4513.937
46403,2011-06-18T16:00:00+00:00,4513.804
46403,2011-06-18T16:15:00+00:00,4513.675
46403,2011-06-18T16:30:00+00:00,4513.556
46403,2011-06-18T16:45:00+00:00,4513.447
46403,2011-06-18T17:00:00+00:00,4513.348
46403,2011-06-18T17:15:00+00:00,4513.263
46403,2011-06-18T17:30:00+00:00,4513.191
46403,2011-06-18T17:45:00+00:00,4513.136
46403,2011-06-18T18:00:00+00:00,4513.097
46403,2011-06-18T18:15:00+00:00,4513.070
46403,2011-06-18T18:30:00+00:00,4513.061
46403,2011-06-18T18:45:00+00:00,4513.066
46403,2011-06-18T19:00:00+00:00,4513.086
46403,2011-06-18T19:15:00+00:00,4513.120
46403,2011-06-18T19:30:00+00:00,4513.169
46403,2011-06-18T19:45:00+00:00,4513.230
46403,2011-06-18T20:00:00+00:00,4513.307
46403,2011-06-18T20:15:00+00:00,4513.394
46403,2011-06-18T20:30:00+00:00,4513.491
46403,2011-06-18T20:45:00+00:00,4513.594
46403,2011-06-18T21:00:00+00:00,4513.708
46403,2011-06-18T21:15:00+00:00,4513.826
46403,2011-06-18T21:30:00+00:00,4513.946
46403,2011-06-18T21:45:00+00:00,4514.072
46403,2011-06-18T22:00:00+00:00,4514.192
46403,2011-06-18T22:15:00+00:00,4514.312
46403,2011-06-18T22:30:00+00:00,4514.428
46403,2011-06-18T22:45:00+00:00,4514.539
46403,2011-06-18T23:00:00+00:00,4514.643
46403,2011-06-18T23:15:00+00:00,4514.737
46403,2011-06-18T23:30:00+00:00,4514.825
46403,2011-06-18T23:45:00+00:00,4514.904
46403,2011-06-19T00:00:00+00:00,4514.973
46403,2011-06-19T00:15:00+00:00,4515.032
46403,2011-06-19T00:30:00+00:00,4515.076
46403,2011-06-19T00:45:00+00:00,4515.110
46403,2011-06-19T01:00:00+00:00,4515.132
46403,2011-06-19T01:15:00+00:00,4515.143
46403,2011-06-19T01:30:00+00:00,4515.139
46403,2011-06-19T01:45:00+00:00,4515.126
46403,2011-06-19T02:00:00+00:00,4515.102
46403,2011-06-19T02:15:00+00:00,4515.069
46403,2011-06-19T02:30:00+00:00,4515.026
46403,2011-06-19T02:45:00+00:00,4514.976
46403,2011-06-19T03:00:00+00:00,4514.919
46403,2011-06-19T03:15:00+00:00,4514.861
46403,2011-06-19T03:30:00+00:00,4514.796
46403,2011-06-19T03:45:00+00:00,4514.730
46403,2011-06-19T04:00:00+00:00,4514.662
46403,2011-06-19T04:15:00+00:00,4514.596
46403,2011-06-19T04:30:00+00:00,4514.534
46403,2011-06-19T04:45:00+00:00,4514.476
46403,2011-06-19T05:00:00+00:00,4514.424
46403,2011-06-19T05:15:00+00:00,4514.377
46403,2011-06-19T05:30:00+00:00,4514.340
46403,2011-06-19T05:45:00+00:00,4514.307
46403,2011-06-19T06:00:00+00:00,4514.282
46403,2011-06-19T06:15:00+00:00,4514.268
46403,2011-06-19T06:30:00+00:00,4514.264
46403,2011-06-19T06:45:00+00:00,4514.270
46403,2011-06-19T07:00:00+00:00,4514.286
46403,2011-06-19T07:15:00+00:00,4514.315
46403,2011-06-19T07:30:00+00:00,4514.355
46403,2011-06-19T07:45:00+00:00,4514.402
46403,2011-06-19T08:00:00+00:00,4514.457
46403,2011-06-19T08:15:00+00:00,4514.518
46403,2011-06-19T08:30:00+00:00,4514.585
46403,2011-06-19T08:45:00+00:00,4514.658
46403,2011-06-19T09:00:00+00:00,4514.735
46403,2011-06-19T09:15:00+00:00,4514.818
46403,2011-06-19T09:30:00+00:00,4514.897
46403,2011-06-19T09:45:00+00:00,4514.974
46403,2011-06-19T10:00:00+00:00,4515.050
46403,2011-06-19T10:15:00+00:00,4515.123
46403,2011-06-19T10:30:00+00:00,4515.189
46403,2011-06-19T10:45:00+00:00,4515.249
46403,2011-06-19T11:00:00+00:00,4515.304
46403,2011-06-19T11:15:00+00:00,4515.349
46403,2011-06-19T11:30:00+00:00,4515.382
46403,2011-06-19T11:45:00+00:00,4515.406
46403,2011-06-19T12:00:00+00:00,4515.418
46403,2011-06-19T12:15:00+00:00,4515.420
46403,2011-06-19T12:30:00+00:00,4515.410
46403,2011-06-19T12:45:00+00:00,4515.387
46403,2011-06-19T13:00:00+00:00,4515.353
46403,2011-06-19T13:15:00+00:00,4515.308
46403,2011-06-19T13:30:00+00:00,4515.250
46403,2011-06-19T13:45:00+00:00,4515.179
46403,2011-06-19T14:00:00+00:00,4515.099
46403,2011-06-19T14:15:00+00:00,4515.005
46403,2011-06-19T14:30:00+00:00,4514.902
46403,2011-06-19T14:45:00+00:00,4514.793
46403,2011-06-19T15:00:00+00:00,4514.677
46403,2011-06-19T15:15:00+00:00,4514.557
46403,2011-06-19T15:30:00+00:00,4514.434
46403,2011-06-19T15:45:00+00:00,4514.310
46403,2011-06-19T16:00:00+00:00,4514.184
46403,2011-06-19T16:15:00+00:00,4514.059
46403,2011-06-19T16:30:00+00:00,4513.936
46403,2011-06-19T16:45:00+00:00,4513.820
46403,2011-06-19T17:00:00+00:00,4513.711
46403,2011-06-19T17:15:00+00:00,4513.609
46403,2011-06-19T17:30:00+00:00,4513.514
46403,2011-06-19T17:45:00+00:00,4513.434
46403,2011-06-19T18:00:00+00:00,4513.365
46403,2011-06-19T18:15:00+00:00,4513.308
46403,2011-06-19T18:30:00+00:00,4513.266
46403,2011-06-19T18:45:00+00:00,4513.231
46403,2011-06-19T19:00:00+00:00,4513.213
46403,2011-06-19T19:15:00+00:00,4513.209
46403,2011-06-19T19:30:00+00:00,4513.217
46403,2011-06-19T19:45:00+00:00,4513.239
46403,2011-06-19T20:00:00+00:00,4513.277
46403,2011-06-19T20:15:00+00:00,4513.329
46403,2011-06-19T20:30:00+00:00,4513.394
46403,2011-06-19T20:45:00+00:00,4513.470
46403,2011-06-19T21:00:00+00:00,4513.556
46403,2011-06-19T21:15:00+00:00,4513.650
46403,2011-06-19T21:30:00+00:00,4513.751
46403,2011-06-19T21:45:00+00:00,4513.855
46403,2011-06-19T22:00:00+00:00,4513.964
46403,2011-06-19T22:15:00+00:00,4514.074
46403,2011-06-19T22:30:00+00:00,4514.188
46403,2011-06-19T22:45:00+00:00,4514.299
46403,2011-06-19T23:00:00+00:00,4514.408
46403,2011-06-19T23:15:00+00:00,4514.516
46403,2011-06-19T23:30:00+00:00,4514.614
46403,2011-06-19T23:45:00+00:00,4514.708
46403,2011-06-20T00:00:00+00:00,4514.795
46403,2011-06-20T00:15:00+00:00,4514.871
46403,2011-06-20T00:30:00+00:00,4514.940
46403,2011-06-20T00:45:00+00:00,4514.998
46403,2011-06-20T01:00:00+00:00,4515.048
46403,2011-06-20T01:15:00+00:00,4515.086
46403,2011-06-20T01:30:00+00:00,4515.112
46403,2011-06-20T01:45:00+00:00,4515.128
46403,2011-06-20T02:00:00+00:00,4515.130
46403,2011-06-20T02:15:00+00:00,4515.122
46403,2011-06-20T02:30:00+00:00,4515.106
46403,2011-06-20T02:45:00+00:00,4515.075
46403,2011-06-20T03:00:00+00:00,4515.037
46403,2011-06-20T03:15:00+00:00,4514.993
46403,2011-06-20T03:30:00+00:00,4514.941
46403,2011-06-20T03:45:00+00:00,4514.884
46403,2011-06-20T04:00:00+00:00,4514.826
46403,2011-06-20T04:15:00+00:00,4514.764
46403,2011-06-20T04:30:00+00:00,4514.701
46403,2011-06-20T04:45:00+00:00,4514.639
46403,2011-06-20T05:00:00+00:00,4514.575
46403,2011-06-20T05:15:00+00:00,4514.515
46403,2011-06-20T05:30:00+00:00,4514.458
46403,2011-06-20T05:45:00+00:00,4514.406
46403,2011-06-20T06:00:00+00:00,4514.358
46403,2011-06-20T06:15:00+00:00,4514.319
46403,2011-06-20T06:30:00+00:00,4514.285
46403,2011-06-20T06:45:00+00:00,4514.262
46403,2011-06-20T07:00:00+00:00,4514.250
46403,2011-06-20T07:15:00+00:00,4514.247
46403,2011-06-20T07:30:00+00:00,4514.251
46403,2011-06-20T07:45:00+00:00,4514.265
46403,2011-06-20T08:00:00+00:00,4514.286
46403,2011-06-20T08:15:00+00:00,4514.317
46403,2011-06-20T08:30:00+00:00,4514.354
46403,2011-06-20T08:45:00+00:00,4514.401
46403,2011-06-20T09:00:00+00:00,4514.452
46403,2011-06-20T09:15:00+00:00,4514.510
46403,2011-06-20T09:30:00+00:00,4514.569
46403,2011-06-20T09:45:00+00:00,4514.636
46403,2011-06-20T10:00:00+00:00,4514.704
46403,2011-06-20T10:15:00+00:00,4514.769
46403,2011-06-20T10:30:00+00:00,4514.837
46403,2011-06-20T10:45:00+00:00,4514.903
46403,2011-06-20T11:00:00+00:00,4514.966
46403,2011-06-20T11:15:00+00:00,4515.023
46403,2011-06-20T11:30:00+00:00,4515.074
46403,2011-06-20T11:45:00+00:00,4515.118
46403,2011-06-20T12:00:00+00:00,4515.157
46403,2011-06-20T12:15:00+00:00,4515.187
46403,2011-06-20T12:30:00+00:00,4515.212
46403,2011-06-20T12:45:00+00:00,4515.223
46403,2011-06-20T13:00:00+00:00,4515.223
46403,2011-06-20T13:15:00+00:00,4515.217
46403,2011-06-20T13:30:00+00:00,4515.196
46403,2011-06-20T13:45:00+00:00,4515.166
46403,2011-06-20T14:00:00+00:00,4515.125
46403,2011-06-20T14:15:00+00:00,4515.073
46403,2011-06-20T14:30:00+00:00,4515.011
46403,2011-06-20T14:45:00+00:00,4514.939
46403,2011-06-20T15:00:00+00:00,4514.860
46403,2011-06-20T15:15:00+00:00,4514.772
46403,2011-06-20T15:30:00+00:00,4514.679
46403,2011-06-20T15:45:00+00:00,4514.580
46403,2011-06-20T16:00:00+00:00,4514.480
46403,2011-06-20T16:15:00+00:00,4514.374
46403,2011-06-20T16:30:00+00:00,4514.267
46403,2011-06-20T16:45:00+00:00,4514.158
46403,2011-06-20T17:00:00+00:00,4514.056
46403,2011-06-20T17:15:00+00:00,4513.953
46403,2011-06-20T17:30:00+00:00,4513.859
46403,2011-06-20T17:45:00+00:00,4513.769
46403,2011-06-20T18:00:00+00:00,4513.690
46403,2011-06-20T18:15:00+00:00,4513.618
46403,2011-06-20T18:30:00+00:00,4513.555
46403,2011-06-20T18:45:00+00:00,4513.502
46403,2011-06-20T19:00:00+00:00,4513.457
46403,2011-06-20T19:15:00+00:00,4513.427
46403,2011-06-20T19:30:00+00:00,4513.405
46403,2011-06-20T19:45:00+00:00,4513.397
46403,2011-06-20T20:00:00+00:00,4513.402
46403,2011-06-20T20:15:00+00:00,4513.421
46403,2011-06-20T20:30:00+00:00,4513.452
46403,2011-06-20T20:45:00+00:00,4513.493
46403,2011-06-20T21:00:00+00:00,4513.545
46403,2011-06-20T21:15:00+00:00,4513.606
46403,2011-06-20T21:30:00+00:00,4513.676
46403,2011-06-20T21:45:00+00:00,4513.756
46403,2011-06-20T22:00:00+00:00,4513.842
46403,2011-06-20T22:15:00+00:00,4513.934
46403,2011-06-20T22:30:00+00:00,4514.030
46403,2011-06-20T22:45:00+00:00,4514.129
46403,2011-06-20T23:00:00+00:00,4514.228
46403,2011-06-20T23:15:00+00:00,4514.330
46403,2011-06-20T23:30:00+00:00,4514.430
46403,2011-06-20T23:45:00+00:00,4514.527
46403,2011-06-21T00:00:00+00:00,4514.623
46403,2011-06-21T00:15:00+00:00,4514.711
46403,2011-06-21T00:30:00+00:00,4514.792
46403,2011-06-21T00:45:00+00:00,4514.868
46403,2011-06-21T01:00:00+00:00,4514.936
46403,2011-06-21T01:15:00+00:00,4514.992
46403,2011-06-21T01:30:00+00:00,4515.040
46403,2011-06-21T01:45:00+00:00,4515.078
46403,2011-06-21T02:00:00+00:00,4515.107
46403,2011-06-21T02:15:00+00:00,4515.122
46403,2011-06-21T02:30:00+00:00,4515.130
46403,2011-06-21T02:45:00+00:00,4515.126
46403,2011-06-21T03:00:00+00:00,4515.116
46403,2011-06-21T03:15:00+00:00,4515.091
46403,2011-06-21T03:30:00+00:00,4515.060
46403,2011-06-21T03:45:00+00:00,4515.023
46403,2011-06-21T04:00:00+00:00,4514.979
46403,2011-06-21T04:15:00+00:00,4514.928
46403,2011-06-21T04:30:00+00:00,4514.874
46403,2011-06-21T04:45:00+00:00,4514.817
46403,2011-06-21T05:00:00+00:00,4514.757
46403,2011-06-21T05:15:00+00:00,4514.694
46403,2011-06-21T05:30:00+00:00,4514.633
46403,2011-06-21T05:45:00+00:00,4514.571
46403,2011-06-21T06:00:00+00:00,4514.512
46403,2011-06-21T06:15:00+00:00,4514.456
46403,2011-06-21T06:30:00+00:00,4514.405
46403,2011-06-21T06:45:00+00:00,4514.359
46403,2011-06-21T07:00:00+00:00,4514.322
46403,2011-06-21T07:15:00+00:00,4514.291
46403,2011-06-21T07:30:00+00:00,4514.267
46403,2011-06-21T07:45:00+00:00,4514.252
46403,2011-06-21T08:00:00+00:00,4514.240
46403,2011-06-21T08:15:00+00:00,4514.237
46403,2011-06-21T08:30:00+00:00,4514.243
46403,2011-06-21T08:45:00+00:00,4514.255
46403,2011-06-21T09:00:00+00:00,4514.277
46403,2011-06-21T09:15:00+00:00,4514.303
46403,2011-06-21T09:30:00+00:00,4514.339
46403,2011-06-21T09:45:00+00:00,4514.381
46403,2011-06-21T10:00:00+00:00,4514.424
46403,2011-06-21T10:15:00+00:00,4514.474
46403,2011-06-21T10:30:00+00:00,4514.524
46403,2011-06-21T10:45:00+00:00,4514.578
46403,2011-06-21T11:00:00+00:00,4514.632
46403,2011-06-21T11:15:00+00:00,4514.685
46403,2011-06-21T11:30:00+00:00,4514.736
46403,2011-06-21T11:45:00+00:00,4514.789
46403,2011-06-21T12:00:00+00:00,4514.839
46403,2011-06-22T12:15:00+00:00,4512.043
46403,2011-06-22T12:30:00+00:00,4512.087
46403,2011-06-22T12:45:00+00:00,4512.126
46403,2011-06-22T13:00:00+00:00,4512.163
46403,2011-06-22T13:15:00+00:00,4512.196
46403,2011-06-22T13:30:00+00:00,4512.224
46403,2011-06-22T13:45:00+00:00,4512.245
46403,2011-06-22T14:00:00+00:00,4512.263
46403,2011-06-22T14:15:00+00:00,4512.272
46403,2011-06-22T14:30:00+00:00,4512.279
46403,2011-06-22T14:45:00+00:00,4512.277
46403,2011-06-22T15:00:00+00:00,4512.267
46403,2011-06-22T15:15:00+00:00,4512.252
46403,2011-06-22T15:30:00+00:00,4512.226
46403,2011-06-22T15:45:00+00:00,4512.198
46403,2011-06-22T16:00:00+00:00,4512.161
46403,2011-06-22T16:15:00+00:00,4512.119
46403,2011-06-22T16:30:00+00:00,4512.070
46403,2011-06-22T16:45:00+00:00,4512.019
46403,2011-06-22T17:00:00+00:00,4511.966
46403,2011-06-22T17:15:00+00:00,4511.906
46403,2011-06-22T17:30:00+00:00,4511.844
46403,2011-06-22T17:45:00+00:00,4511.783
46403,2011-06-22T18:00:00+00:00,4511.717
46403,2011-06-22T18:15:00+00:00,4511.656
46403,2011-06-22T18:30:00+00:00,4511.593
46403,2011-06-22T18:45:00+00:00,4511.534
46403,2011-06-22T19:00:00+00:00,4511.478
46403,2011-06-22T19:15:00+00:00,4511.429
46403,2011-06-22T19:30:00+00:00,4511.384
46403,2011-06-22T19:45:00+00:00,4511.347
46403,2011-06-22T20:00:00+00:00,4511.317
46403,2011-06-22T20:15:00+00:00,4511.292
46403,2011-06-22T20:30:00+00:00,4511.275
46403,2011-06-22T20:45:00+00:00,4511.266
46403,2011-06-22T21:00:00+00:00,4511.261
46403,2011-06-22T21:15:00+00:00,4511.267
46403,2011-06-22T21:30:00+00:00,4511.282
46403,2011-06-22T21:45:00+00:00,4511.300
46403,2011-06-22T22:00:00+00:00,4511.332
46403,2011-06-22T22:15:00+00:00,4511.367
46403,2011-06-22T22:30:00+00:00,4511.410
46403,2011-06-22T22:45:00+00:00,4511.463
46403,2011-06-22T23:00:00+00:00,4511.520
46403,2011-06-22T23:15:00+00:00,4511.584
46403,2011-06-22T23:30:00+00:00,4511.652
46403,2011-06-22T23:45:00+00:00,4511.726
46403,2011-06-23T00:00:00+00:00,4511.798
46403,2011-06-23T00:15:00+00:00,4511.881
46403,2011-06-23T00:30:00+00:00,4511.960
46403,2011-06-23T00:45:00+00:00,4512.031
46403,2011-06-23T01:00:00+00:00,4512.111
46403,2011-06-23T01:15:00+00:00,4512.183
46403,2011-06-23T01:30:00+00:00,4512.255
46403,2011-06-23T01:45:00+00:00,4512.323
46403,2011-06-23T02:00:00+00:00,4512.381
46403,2011-06-23T02:15:00+00:00,4512.434
46403,2011-06-23T02:30:00+00:00,4512.482
46403,2011-06-23T02:45:00+00:00,4512.520
46403,2011-06-23T03:00:00+00:00,4512.551
46403,2011-06-23T03:15:00+00:00,4512.575
46403,2011-06-23T03:30:00+00:00,4512.588
46403,2011-06-23T03:45:00+00:00,4512.594
46403,2011-06-23T04:00:00+00:00,4512.593
46403,2011-06-23T04:15:00+00:00,4512.582
46403,2011-06-23T04:30:00+00:00,4512.564
46403,2011-06-23T04:45:00+00:00,4512.541
46403,2011-06-23T05:00:00+00:00,4512.510
46403,2011-06-23T05:15:00+00:00,4512.470
46403,2011-06-23T05:30:00+00:00,4512.425
46403,2011-06-23T05:45:00+00:00,4512.376
46403,2011-06-23T06:00:00+00:00,4512.323
46403,2011-06-23T06:15:00+00:00,4512.267
46403,2011-06-23T06:30:00+00:00,4512.209
46403,2011-06-23T06:45:00+00:00,4512.152
46403,2011-06-23T07:00:00+00:00,4512.093
46403,2011-06-23T07:15:00+00:00,4512.035
46403,2011-06-23T07:30:00+00:00,4511.978
46403,2011-06-23T07:45:00+00:00,4511.922
46403,2011-06-23T08:00:00+00:00,4511.866
46403,2011-06-23T08:15:00+00:00,4511.813
46403,2011-06-23T08:30:00+00:00,4511.766
46403,2011-06-23T08:45:00+00:00,4511.724
46403,2011-06-23T09:00:00+00:00,4511.686
46403,2011-06-23T09:15:00+00:00,4511.655
46403,2011-06-23T09:30:00+00:00,4511.628
46403,2011-06-23T09:45:00+00:00,4511.608
46403,2011-06-23T10:00:00+00:00,4511.596
46403,2011-06-23T10:15:00+00:00,4511.587
46403,2011-06-23T10:30:00+00:00,4511.587
46403,2011-06-23T10:45:00+00:00,4511.592
46403,2011-06-23T11:00:00+00:00,4511.600
46403,2011-06-23T11:15:00+00:00,4511.617
46403,2011-06-23T11:30:00+00:00,4511.637
46403,2011-06-23T11:45:00+00:00,4511.664
46403,2011-06-23T12:00:00+00:00,4511.695
46403,2011-06-23T12:15:00+00:00,4511.729
46403,2011-06-23T12:30:00+00:00,4511.763
46403,2011-06-23T12:45:00+00:00,4511.797
46403,2011-06-23T13:00:00+00:00,4511.833
46403,2011-06-23T13:15:00+00:00,4511.869
46403,2011-06-23T13:30:00+00:00,4511.905
46403,2011-06-23T13:45:00+00:00,4511.937
46403,2011-06-23T14:00:00+00:00,4511.971
46403,2011-06-23T14:15:00+00:00,4512.000
46403,2011-06-23T14:30:00+00:00,4512.026
46403,2011-06-23T14:45:00+00:00,4512.047
46403,2011-06-23T15:00:00+00:00,4512.067
46403,2011-06-23T15:15:00+00:00,4512.077
46403,2011-06-23T15:30:00+00:00,4512.086
46403,2011-06-23T15:45:00+00:00,4512.085
46403,2011-06-23T16:00:00+00:00,4512.081
46403,2011-06-23T16:15:00+00:00,4512.073
46403,2011-06-23T16:30:00+00:00,4512.055
46403,2011-06-23T16:45:00+00:00,4512.033
46403,2011-06-23T17:00:00+00:00,4512.007
46403,2011-06-23T17:15:00+00:00,4511.978
46403,2011-06-23T17:30:00+00:00,4511.946
46403,2011-06-23T17:45:00+00:00,4511.911
46403,2011-06-23T18:00:00+00:00,4511.873
46403,2011-06-23T18:15:00+00:00,4511.833
46403,2011-06-23T18:30:00+00:00,4511.792
46403,2011-06-23T18:45:00+00:00,4511.748
46403,2011-06-23T19:00:00+00:00,4511.707
46403,2011-06-23T19:15:00+00:00,4511.663
46403,2011-06-23T19:30:00+00:00,4511.620
46403,2011-06-23T19:45:00+00:00,4511.580
46403,2011-06-23T20:00:00+00:00,4511.545
46403,2011-06-23T20:15:00+00:00,4511.515
46403,2011-06-23T20:30:00+00:00,4511.489
46403,2011-06-23T20:45:00+00:00,4511.467
46403,2011-06-23T21:00:00+00:00,4511.451
46403,2011-06-23T21:15:00+00:00,4511.436
46403,2011-06-23T21:30:00+00:00,4511.432
46403,2011-06-23T21:45:00+00:00,4511.433
46403,2011-06-23T22:00:00+00:00,4511.438
46403,2011-06-23T22:15:00+00:00,4511.454
46403,2011-06-23T22:30:00+00:00,4511.475
46403,2011-06-23T22:45:00+00:00,4511.502
46403,2011-06-23T23:00:00+00:00,4511.535
46403,2011-06-23T23:15:00+00:00,4511.575
46403,2011-06-23T23:30:00+00:00,4511.623
46403,2011-06-23T23:45:00+00:00,4511.674
46403,2011-06-24T00:00:00+00:00,4511.730
46403,2011-06-24T00:15:00+00:00,4511.788
46403,2011-06-24T00:30:00+00:00,4511.852
46403,2011-06-24T00:45:00+00:00,4511.917
46403,2011-06-24T01:00:00+00:00,4511.984
46403,2011-06-24T01:15:00+00:00,4512.050
46403,2011-06-24T01:30:00+00:00,4512.117
46403,2011-06-24T01:45:00+00:00,4512.183
46403,2011-06-24T02:00:00+00:00,4512.245
46403,2011-06-24T02:15:00+00:00,4512.304
46403,2011-06-24T02:30:00+00:00,4512.360
46403,2011-06-24T02:45:00+00:00,4512.411
46403,2011-06-24T03:00:00+00:00,4512.457
46403,2011-06-24T07:15:00+00:00,4512.202
46403,2011-06-24T07:30:00+00:00,4512.141
46403,2011-06-24T07:45:00+00:00,4512.077
46403,2011-06-24T08:00:00+00:00,4512.013
46403,2011-06-24T08:15:00+00:00,4511.951
46403,2011-06-24T08:30:00+00:00,4511.888
46403,2011-06-24T08:45:00+00:00,4511.828
46403,2011-06-24T09:00:00+00:00,4511.772
46403,2011-06-24T09:15:00+00:00,4511.720
46403,2011-06-24T09:30:00+00:00,4511.668
46403,2011-06-24T09:45:00+00:00,4511.622
46403,2011-06-24T10:00:00+00:00,4511.580
46403,2011-06-24T10:15:00+00:00,4511.541
46403,2011-06-24T10:30:00+00:00,4511.510
46403,2011-06-24T10:45:00+00:00,4511.484
46403,2011-06-24T11:00:00+00:00,4511.463
46403,2011-06-24T11:15:00+00:00,4511.450
46403,2011-06-24T11:30:00+00:00,4511.443
46403,2011-06-24T11:45:00+00:00,4511.440
46403,2011-06-24T12:00:00+00:00,4511.447
46403,2011-06-24T12:15:00+00:00,4511.454
46403,2011-06-24T12:30:00+00:00,4511.470
46403,2011-06-24T12:45:00+00:00,4511.489
46403,2011-06-24T13:00:00+00:00,4511.511
46403,2011-06-24T13:15:00+00:00,4511.536
46403,2011-06-24T13:30:00+00:00,4511.565
46403,2011-06-24T13:45:00+00:00,4511.598
46403,2011-06-24T14:00:00+00:00,4511.631
46403,2011-06-24T14:15:00+00:00,4511.668
46403,2011-06-24T14:30:00+00:00,4511.701
46403,2011-06-24T14:45:00+00:00,4511.735
46403,2011-06-24T15:00:00+00:00,4511.767
46403,2011-06-24T15:15:00+00:00,4511.797
46403,2011-06-24T15:30:00+00:00,4511.826
46403,2011-06-24T15:45:00+00:00,4511.851
46403,2011-06-24T16:00:00+00:00,4511.875
46403,2011-06-24T16:15:00+00:00,4511.892
46403,2011-06-24T16:30:00+00:00,4511.904
46403,2011-06-24T16:45:00+00:00,4511.913
46403,2011-06-24T17:00:00+00:00,4511.918
46403,2011-06-24T17:15:00+00:00,4511.919
46403,2011-06-24T17:30:00+00:00,4511.918
46403,2011-06-24T17:45:00+00:00,4511.913
46403,2011-06-24T18:00:00+00:00,4511.904
46403,2011-06-24T18:15:00+00:00,4511.890
46403,2011-06-24T18:30:00+00:00,4511.874
46403,2011-06-24T18:45:00+00:00,4511.854
46403,2011-06-24T19:00:00+00:00,4511.831
46403,2011-06-24T19:15:00+00:00,4511.806
46403,2011-06-24T19:30:00+00:00,4511.779
46403,2011-06-24T19:45:00+00:00,4511.752
46403,2011-06-24T20:00:00+00:00,4511.724
46403,2011-06-24T20:15:00+00:00,4511.698
46403,2011-06-24T20:30:00+00:00,4511.669
46403,2011-06-24T20:45:00+00:00,4511.646
46403,2011-06-24T21:00:00+00:00,4511.622
46403,2011-06-24T21:15:00+00:00,4511.602
46403,2011-06-24T21:30:00+00:00,4511.588
46403,2011-06-24T21:45:00+00:00,4511.574
46403,2011-06-24T22:00:00+00:00,4511.567
46403,2011-06-24T22:15:00+00:00,4511.560
46403,2011-06-24T22:30:00+00:00,4511.562
46403,2011-06-24T22:45:00+00:00,4511.566
46403,2011-06-24T23:00:00+00:00,4511.578
46403,2011-06-24T23:15:00+00:00,4511.596
46403,2011-06-24T23:30:00+00:00,4511.619
46403,2011-06-24T23:45:00+00:00,4511.647
46403,2011-06-25T00:00:00+00:00,4511.681
46403,2011-06-25T00:15:00+00:00,4511.720
46403,2011-06-25T00:30:00+00:00,4511.762
46403,2011-06-25T00:45:00+00:00,4511.811
46403,2011-06-25T01:00:00+00:00,4511.864
46403,2011-06-25T01:15:00+00:00,4511.919
46403,2011-06-25T01:30:00+00:00,4511.974
46403,2011-06-25T01:45:00+00:00,4512.033
46403,2011-06-25T02:00:00+00:00,4512.092
46403,2011-06-25T02:15:00+00:00,4512.150
46403,2011-06-25T02:30:00+00:00,4512.206
46403,2011-06-25T02:45:00+00:00,4512.263
46403,2011-06-25T03:00:00+00:00,4512.317
46403,2011-06-25T03:15:00+00:00,4512.368
46403,2011-06-25T03:30:00+00:00,4512.415
46403,2011-06-25T03:45:00+00:00,4512.458
46403,2011-06-25T04:00:00+00:00,4512.493
46403,2011-06-25T04:15:00+00:00,4512.524
46403,2011-06-25T04:30:00+00:00,4512.547
46403,2011-06-25T04:45:00+00:00,4512.566
46403,2011-06-25T05:00:00+00:00,4512.576
46403,2011-06-25T05:15:00+00:00,4512.581
46403,2011-06-25T05:30:00+00:00,4512.575
46403,2011-06-25T05:45:00+00:00,4512.564
46403,2011-06-25T06:00:00+00:00,4512.543
46403,2011-06-25T06:15:00+00:00,4512.516
46403,2011-06-25T06:30:00+00:00,4512.487
46403,2011-06-25T06:45:00+00:00,4512.451
46403,2011-06-25T07:00:00+00:00,4512.410
46403,2011-06-25T07:15:00+00:00,4512.361
46403,2011-06-25T07:30:00+00:00,4512.307
46403,2011-06-25T07:45:00+00:00,4512.248
46403,2011-06-25T08:00:00+00:00,4512.185
46403,2011-06-25T08:15:00+00:00,4512.118
46403,2011-06-25T08:30:00+00:00,4512.050
46403,2011-06-25T08:45:00+00:00,4511.981
46403,2011-06-25T09:00:00+00:00,4511.908
46403,2011-06-25T09:15:00+00:00,4511.837
46403,2011-06-25T09:30:00+00:00,4511.768
46403,2011-06-25T09:45:00+00:00,4511.700
46403,2011-06-25T10:00:00+00:00,4511.636
46403,2011-06-25T10:15:00+00:00,4511.574
46403,2011-06-25T10:30:00+00:00,4511.520
46403,2011-06-25T10:45:00+00:00,4511.467
46403,2011-06-25T11:00:00+00:00,4511.420
46403,2011-06-25T11:15:00+00:00,4511.378
46403,2011-06-25T11:30:00+00:00,4511.341
46403,2011-06-25T11:45:00+00:00,4511.312
46403,2011-06-25T12:00:00+00:00,4511.289
46403,2011-06-25T12:15:00+00:00,4511.271
46403,2011-06-25T12:30:00+00:00,4511.262
46403,2011-06-25T12:45:00+00:00,4511.258
46403,2011-06-25T13:00:00+00:00,4511.261
46403,2011-06-25T13:15:00+00:00,4511.268
46403,2011-06-25T13:30:00+00:00,4511.283
46403,2011-06-25T13:45:00+00:00,4511.304
46403,2011-06-25T14:00:00+00:00,4511.326
46403,2011-06-25T14:15:00+00:00,4511.358
46403,2011-06-25T14:30:00+00:00,4511.392
46403,2011-06-25T14:45:00+00:00,4511.428
46403,2011-06-25T15:00:00+00:00,4511.466
46403,2011-06-25T15:15:00+00:00,4511.504
46403,2011-06-25T15:30:00+00:00,4511.545
46403,2011-06-25T15:45:00+00:00,4511.586
46403,2011-06-25T16:00:00+00:00,4511.627
46403,2011-06-25T16:15:00+00:00,4511.664
46403,2011-06-25T16:30:00+00:00,4511.703
46403,2011-06-25T16:45:00+00:00,4511.738
46403,2011-06-25T17:00:00+00:00,4511.771
46403,2011-06-25T17:15:00+00:00,4511.802
46403,2011-06-25T17:30:00+00:00,4511.829
46403,2011-06-25T17:45:00+00:00,4511.852
46403,2011-06-25T18:00:00+00:00,4511.872
46403,2011-06-25T18:15:00+00:00,4511.887
46403,2011-06-25T18:30:00+00:00,4511.898
46403,2011-06-25T18:45:00+00:00,4511.904
46403,2011-06-25T19:00:00+00:00,4511.907
46403,2011-06-25T19:15:00+00:00,4511.904
46403,2011-06-25T19:30:00+00:00,4511.901
46403,2011-06-25T19:45:00+00:00,4511.891
46403,2011-06-25T20:00:00+00:00,4511.883
46403,2011-06-25T20:15:00+00:00,4511.868
46403,2011-06-25T20:30:00+00:00,4511.854
46403,2011-06-25T20:45:00+00:00,4511.835
46403,2011-06-25T21:00:00+00:00,4511.816
46403,2011-06-25T21:15:00+00:00,4511.795
46403,2011-06-25T21:30:00+00:00,4511.773
46403,2011-06-25T21:45:00+00:00,4511.753
46403,2011-06-25T22:00:00+00:00,4511.734
46403,2011-06-25T22:15:00+00:00,4511.718
46403,2011-06-25T22:30:00+00:00,4511.705
46403,2011-06-25T22:45:00+00:00,4511.693
46403,2011-06-25T23:00:00+00:00,4511.688
46403,2011-06-25T23:15:00+00:00,4511.686
46403,2011-06-25T23:30:00+00:00,4511.687
46403,2011-06-25T23:45:00+00:00,4511.695
46403,2011-06-26T00:00:00+00:00,4511.712
46403,2011-06-26T00:15:00+00:00,4511.732
46403,2011-06-26T00:30:00+00:00,4511.755
46403,2011-06-26T00:45:00+00:00,4511.782
46403,2011-06-26T01:00:00+00:00,4511.816
46403,2011-06-26T01:15:00+00:00,4511.852
46403,2011-06-26T01:30:00+00:00,4511.892
46403,2011-06-26T01:45:00+00:00,4511.937
46403,2011-06-26T02:00:00+00:00,4511.983
46403,2011-06-26T02:15:00+00:00,4512.032
46403,2011-06-26T02:30:00+00:00,4512.086
46403,2011-06-26T02:45:00+00:00,4512.137
46403,2011-06-26T03:00:00+00:00,4512.192
46403,2011-06-26T03:15:00+00:00,4512.247
46403,2011-06-26T03:30:00+00:00,4512.297
46403,2011-06-26T03:45:00+00:00,4512.348
46403,2011-06-26T04:00:00+00:00,4512.398
46403,2011-06-26T04:15:00+00:00,4512.443
46403,2011-06-26T04:30:00+00:00,4512.483
46403,2011-06-26T04:45:00+00:00,4512.521
46403,2011-06-26T05:00:00+00:00,4512.551
46403,2011-06-26T05:15:00+00:00,4512.575
46403,2011-06-26T05:30:00+00:00,4512.592
46403,2011-06-26T05:45:00+00:00,4512.605
46403,2011-06-26T06:00:00+00:00,4512.608
46403,2011-06-26T06:15:00+00:00,4512.606
46403,2011-06-26T06:30:00+00:00,4512.597
46403,2011-06-26T06:45:00+00:00,4512.579
46403,2011-06-26T07:00:00+00:00,4512.554
46403,2011-06-26T07:15:00+00:00,4512.523
46403,2011-06-26T07:30:00+00:00,4512.484
46403,2011-06-26T07:45:00+00:00,4512.437
46403,2011-06-26T08:00:00+00:00,4512.385
46403,2011-06-26T08:15:00+00:00,4512.324
46403,2011-06-26T08:30:00+00:00,4512.259
46403,2011-06-26T08:45:00+00:00,4512.187
46403,2011-06-26T09:00:00+00:00,4512.115
46403,2011-06-26T09:15:00+00:00,4512.037
46403,2011-06-26T09:30:00+00:00,4511.958
46403,2011-06-26T09:45:00+00:00,4511.877
46403,2011-06-26T10:00:00+00:00,4511.795
46403,2011-06-26T10:15:00+00:00,4511.714
46403,2011-06-26T10:30:00+00:00,4511.636
46403,2011-06-26T10:45:00+00:00,4511.558
46403,2011-06-26T11:00:00+00:00,4511.481
46403,2011-06-26T11:15:00+00:00,4511.410
46403,2011-06-26T11:30:00+00:00,4511.346
46403,2011-06-26T11:45:00+00:00,4511.287
46403,2011-06-26T12:00:00+00:00,4511.233
46403,2011-06-26T12:15:00+00:00,4511.193
46403,2011-06-26T12:30:00+00:00,4511.153
46403,2011-06-26T12:45:00+00:00,4511.122
46403,2011-06-26T13:00:00+00:00,4511.097
46403,2011-06-26T13:15:00+00:00,4511.081
46403,2011-06-26T13:30:00+00:00,4511.071
46403,2011-06-26T13:45:00+00:00,4511.072
46403,2011-06-26T14:00:00+00:00,4511.078
46403,2011-06-26T14:15:00+00:00,4511.091
46403,2011-06-26T14:30:00+00:00,4511.112
46403,2011-06-26T14:45:00+00:00,4511.139
46403,2011-06-26T15:00:00+00:00,4511.175
46403,2011-06-26T15:15:00+00:00,4511.211
46403,2011-06-26T15:30:00+00:00,4511.255
46403,2011-06-26T15:45:00+00:00,4511.301
46403,2011-06-26T16:00:00+00:00,4511.353
46403,2011-06-26T16:15:00+00:00,4511.402
46403,2011-06-26T16:30:00+00:00,4511.453
46403,2011-06-26T16:45:00+00:00,4511.505
46403,2011-06-26T17:00:00+00:00,4511.560
46403,2011-06-26T17:15:00+00:00,4511.611
46403,2011-06-26T17:30:00+00:00,4511.663
46403,2011-06-26T17:45:00+00:00,4511.710
46403,2011-06-26T18:00:00+00:00,4511.757
46403,2011-06-26T18:15:00+00:00,4511.798
46403,2011-06-26T18:30:00+00:00,4511.836
46403,2011-06-26T18:45:00+00:00,4511.871
46403,2011-06-26T19:00:00+00:00,4511.902
46403,2011-06-26T19:15:00+00:00,4511.928
46403,2011-06-26T19:30:00+00:00,4511.948
46403,2011-06-26T19:45:00+00:00,4511.963
46403,2011-06-26T20:00:00+00:00,4511.974
46403,2011-06-26T20:15:00+00:00,4511.978
46403,2011-06-26T20:30:00+00:00,4511.978
46403,2011-06-26T20:45:00+00:00,4511.972
46403,2011-06-26T21:00:00+00:00,4511.962
46403,2011-06-26T21:15:00+00:00,4511.948
46403,2011-06-26T21:30:00+00:00,4511.933
46403,2011-06-26T21:45:00+00:00,4511.916
46403,2011-06-26T22:00:00+00:00,4511.897
46403,2011-06-26T22:15:00+00:00,4511.877
46403,2011-06-26T22:30:00+00:00,4511.857
46403,2011-06-26T22:45:00+00:00,4511.838
46403,2011-06-26T23:00:00+00:00,4511.822
46403,2011-06-26T23:15:00+00:00,4511.805
46403,2011-06-26T23:30:00+00:00,4511.791
46403,2011-06-26T23:45:00+00:00,4511.782
46403,2011-06-27T00:00:00+00:00,4511.773
46403,2011-06-27T00:15:00+00:00,4511.770
46403,2011-06-27T00:30:00+00:00,4511.774
46403,2011-06-27T00:45:00+00:00,4511.780
46403,2011-06-27T01:00:00+00:00,4511.791
46403,2011-06-27T01:15:00+00:00,4511.808
46403,2011-06-27T01:30:00+00:00,4511.830
46403,2011-06-27T01:45:00+00:00,4511.857
46403,2011-06-27T02:00:00+00:00,4511.890
46403,2011-06-27T02:15:00+00:00,4511.929
46403,2011-06-27T02:30:00+00:00,4511.969
46403,2011-06-27T02:45:00+00:00,4512.012
46403,2011-06-27T03:00:00+00:00,4512.062
46403,2011-06-27T03:15:00+00:00,4512.110
46403,2011-06-27T03:30:00+00:00,4512.164
46403,2011-06-27T03:45:00+00:00,4512.217
46403,2011-06-27T04:00:00+00:00,4512.271
46403,2011-06-27T04:15:00+00:00,4512.323
46403,2011-06-27T04:30:00+00:00,4512.378
46403,2011-06-27T04:45:00+00:00,4512.428
46403,2011-06-27T05:00:00+00:00,4512.476
46403,2011-06-27T05:15:00+00:00,4512.521
46403,2011-06-27T05:30:00+00:00,4512.562
46403,2011-06-27T05:45:00+00:00,4512.593
46403,2011-06-27T06:00:00+00:00,4512.620
46403,2011-06-27T06:15:00+00:00,4512.642
46403,2011-06-27T06:30:00+00:00,4512.656
46403,2011-06-27T06:45:00+00:00,4512.661
46403,2011-06-27T07:00:00+00:00,4512.662
46403,2011-06-27T07:15:00+00:00,4512.652
46403,2011-06-27T07:30:00+00:00,4512.635
46403,2011-06-27T07:45:00+00:00,4512.605
46403,2011-06-27T08:00:00+00:00,4512.568
46403,2011-06-27T08:15:00+00:00,4512.523
46403,2011-06-27T08:30:00+00:00,4512.469
46403,2011-06-27T08:45:00+00:00,4512.408
46403,2011-06-27T09:00:00+00:00,4512.340
46403,2011-06-27T09:15:00+00:00,4512.266
46403,2011-06-27T09:30:00+00:00,4512.188
46403,2011-06-27T09:45:00+00:00,4512.102
46403,2011-06-27T10:00:00+00:00,4512.015
46403,2011-06-27T10:15:00+00:00,4511.921
46403,2011-06-27T10:30:00+00:00,4511.827
46403,2011-06-27T10:45:00+00:00,4511.730
46403,2011-06-27T11:00:00+00:00,4511.637
46403,2011-06-27T11:15:00+00:00,4511.547
46403,2011-06-27T11:30:00+00:00,4511.461
46403,2011-06-27T11:45:00+00:00,4511.374
46403,2011-06-27T12:00:00+00:00,4511.295
46403,2011-06-27T12:15:00+00:00,4511.217
46403,2011-06-27T12:30:00+00:00,4511.146
46403,2011-06-27T12:45:00+00:00,4511.085
46403,2011-06-27T13:00:00+00:00,4511.027
46403,2011-06-27T13:15:00+00:00,4510.980
46403,2011-06-27T13:30:00+00:00,4510.940
46403,2011-06-27T13:45:00+00:00,4510.910
46403,2011-06-27T14:00:00+00:00,4510.890
46403,2011-06-27T14:15:00+00:00,4510.880
46403,2011-06-27T14:30:00+00:00,4510.881
46403,2011-06-27T14:45:00+00:00,4510.891
46403,2011-06-27T15:00:00+00:00,4510.906
46403,2011-06-27T15:15:00+00:00,4510.932
46403,2011-06-27T15:30:00+00:00,4510.963
46403,2011-06-27T15:45:00+00:00,4511.005
46403,2011-06-27T16:00:00+00:00,4511.052
46403,2011-06-27T16:15:00+00:00,4511.106
46403,2011-06-27T16:30:00+00:00,4511.161
46403,2011-06-27T16:45:00+00:00,4511.222
46403,2011-06-27T17:00:00+00:00,4511.288
46403,2011-06-27T17:15:00+00:00,4511.353
46403,2011-06-27T17:30:00+00:00,4511.422
46403,2011-06-27T17:45:00+00:00,4511.490
46403,2011-06-27T18:00:00+00:00,4511.556
46403,2011-06-27T18:15:00+00:00,4511.624
46403,2011-06-27T18:30:00+00:00,4511.687
46403,2011-06-27T18:45:00+00:00,4511.747
46403,2011-06-27T19:00:00+00:00,4511.802
46403,2011-06-27T19:15:00+00:00,4511.857
46403,2011-06-27T19:30:00+00:00,4511.907
46403,2011-06-27T19:45:00+00:00,4511.951
46403,2011-06-27T20:00:00+00:00,4511.985
46403,2011-06-27T20:15:00+00:00,4512.017
46403,2011-06-27T20:30:00+00:00,4512.044
46403,2011-06-27T20:45:00+00:00,4512.060
46403,2011-06-27T21:00:00+00:00,4512.068
46403,2011-06-27T21:15:00+00:00,4512.072
46403,2011-06-27T21:30:00+00:00,4512.070
46403,2011-06-27T21:45:00+00:00,4512.062
46403,2011-06-27T22:00:00+00:00,4512.055
46403,2011-06-27T22:15:00+00:00,4512.042
46403,2011-06-27T22:30:00+00:00,4512.024
46403,2011-06-27T22:45:00+00:00,4512.003
46403,2011-06-27T23:00:00+00:00,4511.982
46403,2011-06-27T23:15:00+00:00,4511.958
46403,2011-06-27T23:30:00+00:00,4511.935
46403,2011-06-27T23:45:00+00:00,4511.910
46403,2011-06-28T00:00:00+00:00,4511.887
46403,2011-06-28T00:15:00+00:00,4511.867
46403,2011-06-28T00:30:00+00:00,4511.849
46403,2011-06-28T00:45:00+00:00,4511.838
46403,2011-06-28T01:00:00+00:00,4511.831
46403,2011-06-28T01:15:00+00:00,4511.831
46403,2011-06-28T01:30:00+00:00,4511.834
46403,2011-06-28T01:45:00+00:00,4511.844
46403,2011-06-28T02:00:00+00:00,4511.859
46403,2011-06-28T02:15:00+00:00,4511.875
46403,2011-06-28T02:30:00+00:00,4511.900
46403,2011-06-28T02:45:00+00:00,4511.930
46403,2011-06-28T03:00:00+00:00,4511.968
46403,2011-06-28T03:15:00+00:00,4512.009
46403,2011-06-28T03:30:00+00:00,4512.053
46403,2011-06-28T03:45:00+00:00,4512.104
46403,2011-06-28T04:00:00+00:00,4512.158
46403,2011-06-28T04:15:00+00:00,4512.215
46403,2011-06-28T04:30:00+00:00,4512.274
46403,2011-06-28T04:45:00+00:00,4512.335
46403,2011-06-28T05:00:00+00:00,4512.390
46403,2011-06-28T05:15:00+00:00,4512.447
46403,2011-06-28T05:30:00+00:00,4512.502
46403,2011-06-28T05:45:00+00:00,4512.553
46403,2011-06-28T06:00:00+00:00,4512.602
46403,2011-06-28T06:15:00+00:00,4512.644
46403,2011-06-28T06:30:00+00:00,4512.684
46403,2011-06-28T06:45:00+00:00,4512.716
46403,2011-06-28T07:00:00+00:00,4512.743
46403,2011-06-28T07:15:00+00:00,4512.757
46403,2011-06-28T07:30:00+00:00,4512.761
46403,2011-06-28T07:45:00+00:00,4512.756
46403,2011-06-28T08:00:00+00:00,4512.740
46403,2011-06-28T08:15:00+00:00,4512.715
46403,2011-06-28T08:30:00+00:00,4512.682
46403,2011-06-28T08:45:00+00:00,4512.639
46403,2011-06-28T09:00:00+00:00,4512.589
46403,2011-06-28T09:15:00+00:00,4512.530
46403,2011-06-28T09:30:00+00:00,4512.461
46403,2011-06-28T09:45:00+00:00,4512.382
46403,2011-06-28T10:00:00+00:00,4512.298
46403,2011-06-28T10:15:00+00:00,4512.206
46403,2011-06-28T10:30:00+00:00,4512.110
46403,2011-06-28T10:45:00+00:00,4512.009
46403,2011-06-28T11:00:00+00:00,4511.904
46403,2011-06-28T11:15:00+00:00,4511.796
46403,2011-06-28T11:30:00+00:00,4511.687
46403,2011-06-28T11:45:00+00:00,4511.583
46403,2011-06-28T12:00:00+00:00,4511.476
46403,2011-06-28T12:15:00+00:00,4511.373
46403,2011-06-28T12:30:00+00:00,4511.275
46403,2011-06-28T12:45:00+00:00,4511.183
46403,2011-06-28T13:00:00+00:00,4511.095
46403,2011-06-28T13:15:00+00:00,4511.018
46403,2011-06-28T13:30:00+00:00,4510.948
46403,2011-06-28T13:45:00+00:00,4510.888
46403,2011-06-28T14:00:00+00:00,4510.834
46403,2011-06-28T14:15:00+00:00,4510.791
46403,2011-06-28T14:30:00+00:00,4510.760
46403,2011-06-28T14:45:00+00:00,4510.741
46403,2011-06-28T15:00:00+00:00,4510.731
46403,2011-06-28T15:15:00+00:00,4510.735
46403,2011-06-28T15:30:00+00:00,4510.746
46403,2011-06-28T15:45:00+00:00,4510.769
46403,2011-06-28T16:00:00+00:00,4510.800
46403,2011-06-28T16:15:00+00:00,4510.843
46403,2011-06-28T16:30:00+00:00,4510.895
46403,2011-06-28T16:45:00+00:00,4510.953
46403,2011-06-28T17:00:00+00:00,4511.017
46403,2011-06-28T17:15:00+00:00,4511.089
46403,2011-06-28T17:30:00+00:00,4511.164
46403,2011-06-28T17:45:00+00:00,4511.245
46403,2011-06-28T18:00:00+00:00,4511.326
46403,2011-06-28T18:15:00+00:00,4511.412
46403,2011-06-28T18:30:00+00:00,4511.495
46403,2011-06-28T18:45:00+00:00,4511.578
46403,2011-06-28T19:00:00+00:00,4511.657
46403,2011-06-28T19:15:00+00:00,4511.731
46403,2011-06-28T19:30:00+00:00,4511.804
46403,2011-06-28T19:45:00+00:00,4511.873
46403,2011-06-28T20:00:00+00:00,4511.934
46403,2011-06-28T20:15:00+00:00,4511.990
46403,2011-06-28T20:30:00+00:00,4512.038
46403,2011-06-28T20:45:00+00:00,4512.081
46403,2011-06-28T21:00:00+00:00,4512.117
46403,2011-06-28T21:15:00+00:00,4512.146
46403,2011-06-28T21:30:00+00:00,4512.166
46403,2011-06-28T21:45:00+00:00,4512.175
46403,2011-06-28T22:00:00+00:00,4512.177
46403,2011-06-28T22:15:00+00:00,4512.176
46403,2011-06-28T22:30:00+00:00,4512.167
46403,2011-06-28T22:45:00+00:00,4512.153
46403,2011-06-28T23:00:00+00:00,4512.134
46403,2011-06-28T23:15:00+00:00,4512.111
46403,2011-06-28T23:30:00+00:00,4512.081
46403,2011-06-28T23:45:00+00:00,4512.054
46403,2011-06-29T00:00:00+00:00,4512.025
46403,2011-06-29T00:15:00+00:00,4511.992
46403,2011-06-29T00:30:00+00:00,4511.964
46403,2011-06-29T00:45:00+00:00,4511.937
46403,2011-06-29T01:00:00+00:00,4511.912
46403,2011-06-29T01:15:00+00:00,4511.890
46403,2011-06-29T01:30:00+00:00,4511.872
46403,2011-06-29T01:45:00+00:00,4511.859
46403,2011-06-29T02:00:00+00:00,4511.851
46403,2011-06-29T02:15:00+00:00,4511.850
46403,2011-06-29T02:30:00+00:00,4511.855
46403,2011-06-29T02:45:00+00:00,4511.866
46403,2011-06-29T03:00:00+00:00,4511.885
46403,2011-06-29T03:15:00+00:00,4511.910
46403,2011-06-29T03:30:00+00:00,4511.942
46403,2011-06-29T03:45:00+00:00,4511.983
46403,2011-06-29T04:00:00+00:00,4512.030
46403,2011-06-29T04:15:00+00:00,4512.083
46403,2011-06-29T04:30:00+00:00,4512.139
46403,2011-06-29T04:45:00+00:00,4512.203
46403,2011-06-29T05:00:00+00:00,4512.265
46403,2011-06-29T05:15:00+00:00,4512.327
46403,2011-06-29T05:30:00+00:00,4512.392
46403,2011-06-29T05:45:00+00:00,4512.456
46403,2011-06-29T06:00:00+00:00,4512.522
46403,2011-06-29T06:15:00+00:00,4512.581
46403,2011-06-29T06:30:00+00:00,4512.637
46403,2011-06-29T06:45:00+00:00,4512.691
46403,2011-06-29T07:00:00+00:00,4512.741
46403,2011-06-29T07:15:00+00:00,4512.781
46403,2011-06-29T07:30:00+00:00,4512.816
46403,2011-06-29T07:45:00+00:00,4512.841
46403,2011-06-29T08:00:00+00:00,4512.854
46403,2011-06-29T08:15:00+00:00,4512.860
46403,2011-06-29T08:30:00+00:00,4512.853
46403,2011-06-29T08:45:00+00:00,4512.837
46403,2011-06-29T09:00:00+00:00,4512.809
46403,2011-06-29T09:15:00+00:00,4512.771
46403,2011-06-29T09:30:00+00:00,4512.720
46403,2011-06-29T09:45:00+00:00,4512.659
46403,2011-06-29T10:00:00+00:00,4512.590
46403,2011-06-29T10:15:00+00:00,4512.508
46403,2011-06-29T10:30:00+00:00,4512.418
46403,2011-06-29T10:45:00+00:00,4512.321
46403,2011-06-29T11:00:00+00:00,4512.213
46403,2011-06-29T11:15:00+00:00,4512.104
46403,2011-06-29T11:30:00+00:00,4511.988
46403,2011-06-29T11:45:00+00:00,4511.870
46403,2011-06-29T12:00:00+00:00,4511.751
46403,2011-06-29T12:15:00+00:00,4511.631
46403,2011-06-29T12:30:00+00:00,4511.511
46403,2011-06-29T12:45:00+00:00,4511.392
46403,2011-06-29T13:00:00+00:00,4511.280
46403,2011-06-29T13:15:00+00:00,4511.172
46403,2011-06-29T13:30:00+00:00,4511.068
46403,2011-06-29T13:45:00+00:00,4510.973
46403,2011-06-29T14:00:00+00:00,4510.887
46403,2011-06-29T14:15:00+00:00,4510.811
46403,2011-06-29T14:30:00+00:00,4510.747
46403,2011-06-29T14:45:00+00:00,4510.694
46403,2011-06-29T15:00:00+00:00,4510.652
46403,2011-06-29T15:15:00+00:00,4510.621
46403,2011-06-29T15:30:00+00:00,4510.603
46403,2011-06-29T15:45:00+00:00,4510.598
46403,2011-06-29T16:00:00+00:00,4510.606
46403,2011-06-29T16:15:00+00:00,4510.626
46403,2011-06-29T16:30:00+00:00,4510.662
46403,2011-06-29T16:45:00+00:00,4510.705
46403,2011-06-29T17:00:00+00:00,4510.760
46403,2011-06-29T17:15:00+00:00,4510.822
46403,2011-06-29T17:30:00+00:00,4510.891
46403,2011-06-29T17:45:00+00:00,4510.968
46403,2011-06-29T18:00:00+00:00,4511.054
46403,2011-06-29T18:15:00+00:00,4511.143
46403,2011-06-29T18:30:00+00:00,4511.236
46403,2011-06-29T18:45:00+00:00,4511.331
46403,2011-06-29T19:00:00+00:00,4511.428
46403,2011-06-29T19:15:00+00:00,4511.524
46403,2011-06-29T19:30:00+00:00,4511.618
46403,2011-06-29T19:45:00+00:00,4511.709
46403,2011-06-29T20:00:00+00:00,4511.798
46403,2011-06-29T20:15:00+00:00,4511.879
46403,2011-06-29T20:30:00+00:00,4511.956
46403,2011-06-29T20:45:00+00:00,4512.022
46403,2011-06-29T21:00:00+00:00,4512.085
46403,2011-06-29T21:15:00+00:00,4512.138
46403,2011-06-29T21:30:00+00:00,4512.181
46403,2011-06-29T21:45:00+00:00,4512.215
46403,2011-06-29T22:00:00+00:00,4512.239
46403,2011-06-29T22:15:00+00:00,4512.255
46403,2011-06-29T22:30:00+00:00,4512.263
46403,2011-06-29T22:45:00+00:00,4512.265
46403,2011-06-29T23:00:00+00:00,4512.259
46403,2011-06-29T23:15:00+00:00,4512.242
46403,2011-06-29T23:30:00+00:00,4512.221
46403,2011-06-29T23:45:00+00:00,4512.194
46403,2011-06-30T00:00:00+00:00,4512.161
46403,2011-06-30T00:15:00+00:00,4512.128
46403,2011-06-30T00:30:00+00:00,4512.088
46403,2011-06-30T00:45:00+00:00,4512.054
46403,2011-06-30T01:00:00+00:00,4512.017
46403,2011-06-30T01:15:00+00:00,4511.981
46403,2011-06-30T01:30:00+00:00,4511.948
46403,2011-06-30T01:45:00+00:00,4511.918
46403,2011-06-30T02:00:00+00:00,4511.891
46403,2011-06-30T02:15:00+00:00,4511.870
46403,2011-06-30T02:30:00+00:00,4511.855
46403,2011-06-30T02:45:00+00:00,4511.843
46403,2011-06-30T03:00:00+00:00,4511.838
46403,2011-06-30T03:15:00+00:00,4511.842
46403,2011-06-30T03:30:00+00:00,4511.852
46403,2011-06-30T03:45:00+00:00,4511.873
46403,2011-06-30T04:00:00+00:00,4511.901
46403,2011-06-30T04:15:00+00:00,4511.935
46403,2011-06-30T04:30:00+00:00,4511.976
46403,2011-06-30T04:45:00+00:00,4512.028
46403,2011-06-30T05:00:00+00:00,4512.085
46403,2011-06-30T05:15:00+00:00,4512.148
46403,2011-06-30T05:30:00+00:00,4512.215
46403,2011-06-30T05:45:00+00:00,4512.287
46403,2011-06-30T06:00:00+00:00,4512.359
46403,2011-06-30T06:15:00+00:00,4512.432
46403,2011-06-30T06:30:00+00:00,4512.502
46403,2011-06-30T06:45:00+00:00,4512.576
46403,2011-06-30T07:00:00+00:00,4512.644
46403,2011-06-30T07:15:00+00:00,4512.711
46403,2011-06-30T07:30:00+00:00,4512.769
46403,2011-06-30T07:45:00+00:00,4512.825
46403,2011-06-30T08:00:00+00:00,4512.871
46403,2011-06-30T08:15:00+00:00,4512.908
46403,2011-06-30T08:30:00+00:00,4512.932
46403,2011-06-30T08:45:00+00:00,4512.945
46403,2011-06-30T09:00:00+00:00,4512.947
46403,2011-06-30T09:15:00+00:00,4512.936
46403,2011-06-30T09:30:00+00:00,4512.915
46403,2011-06-30T09:45:00+00:00,4512.881
46403,2011-06-30T10:00:00+00:00,4512.836
46403,2011-06-30T10:15:00+00:00,4512.778
46403,2011-06-30T10:30:00+00:00,4512.708
46403,2011-06-30T10:45:00+00:00,4512.627
46403,2011-06-30T11:00:00+00:00,4512.535
46403,2011-06-30T11:15:00+00:00,4512.436
46403,2011-06-30T11:30:00+00:00,4512.326
46403,2011-06-30T11:45:00+00:00,4512.211
46403,2011-06-30T12:00:00+00:00,4512.089
46403,2011-06-30T12:15:00+00:00,4511.961
46403,2011-06-30T12:30:00+00:00,4511.829
46403,2011-06-30T12:45:00+00:00,4511.695
46403,2011-06-30T13:00:00+00:00,4511.563
46403,2011-06-30T13:15:00+00:00,4511.431
46403,2011-06-30T13:30:00+00:00,4511.303
46403,2011-06-30T13:45:00+00:00,4511.180
46403,2011-06-30T14:00:00+00:00,4511.062
46403,2011-06-30T14:15:00+00:00,4510.954
46403,2011-06-30T14:30:00+00:00,4510.852
46403,2011-06-30T14:45:00+00:00,4510.764
46403,2011-06-30T15:00:00+00:00,4510.684
46403,2011-06-30T15:15:00+00:00,4510.618
46403,2011-06-30T15:30:00+00:00,4510.565
46403,2011-06-30T15:45:00+00:00,4510.526
46403,2011-06-30T16:00:00+00:00,4510.501
46403,2011-06-30T16:15:00+00:00,4510.489
46403,2011-06-30T16:30:00+00:00,4510.490
46403,2011-06-30T16:45:00+00:00,4510.506
46403,2011-06-30T17:00:00+00:00,4510.535
46403,2011-06-30T17:15:00+00:00,4510.578
46403,2011-06-30T17:30:00+00:00,4510.629
46403,2011-06-30T17:45:00+00:00,4510.694
46403,2011-06-30T18:00:00+00:00,4510.770
46403,2011-06-30T18:15:00+00:00,4510.854
46403,2011-06-30T18:30:00+00:00,4510.946
46403,2011-06-30T18:45:00+00:00,4511.042
46403,2011-06-30T19:00:00+00:00,4511.142
46403,2011-06-30T19:15:00+00:00,4511.249
46403,2011-06-30T19:30:00+00:00,4511.359
46403,2011-06-30T19:45:00+00:00,4511.466
46403,2011-06-30T20:00:00+00:00,4511.571
46403,2011-06-30T20:15:00+00:00,4511.670
46403,2011-06-30T20:30:00+00:00,4511.769
46403,2011-06-30T20:45:00+00:00,4511.860
46403,2011-06-30T21:00:00+00:00,4511.946
46403,2011-06-30T21:15:00+00:00,4512.024
46403,2011-06-30T21:30:00+00:00,4512.097
46403,2011-06-30T21:45:00+00:00,4512.159
46403,2011-06-30T22:00:00+00:00,4512.212
46403,2011-06-30T22:15:00+00:00,4512.253
46403,2011-06-30T22:30:00+00:00,4512.282
46403,2011-06-30T22:45:00+00:00,4512.303
46403,2011-06-30T23:00:00+00:00,4512.314
46403,2011-06-30T23:15:00+00:00,4512.313
46403,2011-06-30T23:30:00+00:00,4512.305
46403,2011-06-30T23:45:00+00:00,4512.287
