station_id,timestamp_utc,height_m
21419,2011-06-01T00:00:00+00:00,5291.775
21419,2011-06-01T00:15:00+00:00,5291.793
21419,2011-06-01T00:30:00+00:00,5291.818
21419,2011-06-01T00:45:00+00:00,5291.848
21419,2011-06-01T01:00:00+00:00,5291.876
21419,2011-06-01T01:15:00+00:00,5291.911
21419,2011-06-01T01:30:00+00:00,5291.958
21419,2011-06-01T01:45:00+00:00,5292.000
21419,2011-06-01T02:00:00+00:00,5292.046
21419,2011-06-01T02:15:00+00:00,5292.098
21419,2011-06-01T02:30:00+00:00,5292.150
21419,2011-06-01T02:45:00+00:00,5292.204
21419,2011-06-01T03:00:00+00:00,5292.258
21419,2011-06-01T03:15:00+00:00,5292.310
21419,2011-06-01T03:30:00+00:00,5292.360
21419,2011-06-01T03:45:00+00:00,5292.412
21419,2011-06-01T04:00:00+00:00,5292.459
21419,2011-06-01T04:15:00+00:00,5292.502
21419,2011-06-01T04:30:00+00:00,5292.544
21419,2011-06-01T04:45:00+00:00,5292.582
21419,2011-06-01T05:00:00+00:00,5292.621
21419,2011-06-01T05:15:00+00:00,5292.651
21419,2011-06-01T05:30:00+00:00,5292.686
21419,2011-06-01T05:45:00+00:00,5292.714
21419,2011-06-01T06:00:00+00:00,5292.736
21419,2011-06-01T06:15:00+00:00,5292.752
21419,2011-06-01T06:30:00+00:00,5292.768
21419,2011-06-01T06:45:00+00:00,5292.775
21419,2011-06-01T07:00:00+00:00,5292.779
21419,2011-06-01T07:15:00+00:00,5292.783
21419,2011-06-01T07:30:00+00:00,5292.786
21419,2011-06-01T07:45:00+00:00,5292.786
21419,2011-06-01T08:00:00+00:00,5292.778
21419,2011-06-01T08:15:00+00:00,5292.776
21419,2011-06-01T08:30:00+00:00,5292.771
21419,2011-06-01T08:45:00+00:00,5292.765
21419,2011-06-01T09:00:00+00:00,5292.756
21419,2011-06-01T09:15:00+00:00,5292.746
21419,2011-06-01T09:30:00+00:00,5292.732
21419,2011-06-01T09:45:00+00:00,5292.730
21419,2011-06-01T10:00:00+00:00,5292.723
21419,2011-06-01T10:15:00+00:00,5292.718
21419,2011-06-01T10:30:00+00:00,5292.711
21419,2011-06-01T10:45:00+00:00,5292.702
21419,2011-06-01T11:00:00+00:00,5292.704
21419,2011-06-01T11:15:00+00:00,5292.705
21419,2011-06-01T11:30:00+00:00,5292.704
21419,2011-06-01T11:45:00+00:00,5292.707
21419,2011-06-01T12:00:00+00:00,5292.711
21419,2011-06-01T12:15:00+00:00,5292.717
21419,2011-06-01T12:30:00+00:00,5292.722
21419,2011-06-01T12:45:00+00:00,5292.734
21419,2011-06-01T13:00:00+00:00,5292.745
21419,2011-06-01T13:15:00+00:00,5292.757
21419,2011-06-01T13:30:00+00:00,5292.770
21419,2011-06-01T13:45:00+00:00,5292.785
21419,2011-06-01T14:00:00+00:00,5292.793
21419,2011-06-01T14:15:00+00:00,5292.806
21419,2011-06-01T14:30:00+00:00,5292.818
21419,2011-06-01T14:45:00+00:00,5292.827
21419,2011-06-01T15:00:00+00:00,5292.833
21419,2011-06-01T15:15:00+00:00,5292.838
21419,2011-06-01T15:30:00+00:00,5292.839
21419,2011-06-01T15:45:00+00:00,5292.839
21419,2011-06-01T16:00:00+00:00,5292.838
21419,2011-06-01T16:15:00+00:00,5292.827
21419,2011-06-01T16:30:00+00:00,5292.819
21419,2011-06-01T16:45:00+00:00,5292.806
21419,2011-06-01T17:00:00+00:00,5292.785
21419,2011-06-01T17:15:00+00:00,5292.764
21419,2011-06-01T17:30:00+00:00,5292.739
21419,2011-06-01T17:45:00+00:00,5292.708
21419,2011-06-01T18:00:00+00:00,5292.676
21419,2011-06-01T18:15:00+00:00,5292.638
21419,2011-06-01T18:30:00+00:00,5292.596
21419,2011-06-01T18:45:00+00:00,5292.552
21419,2011-06-01T19:00:00+00:00,5292.506
21419,2011-06-01T19:15:00+00:00,5292.455
21419,2011-06-01T19:30:00+00:00,5292.405
21419,2011-06-01T19:45:00+00:00,5292.354
21419,2011-06-01T20:00:00+00:00,5292.299
21419,2011-06-01T20:15:00+00:00,5292.241
21419,2011-06-01T20:30:00+00:00,5292.189
21419,2011-06-01T20:45:00+00:00,5292.133
21419,2011-06-01T21:00:00+00:00,5292.077
21419,2011-06-01T21:15:00+00:00,5292.026
21419,2011-06-01T21:30:00+00:00,5291.976
21419,2011-06-01T21:45:00+00:00,5291.929
21419,2011-06-01T22:00:00+00:00,5291.888
21419,2011-06-01T22:15:00+00:00,5291.850
21419,2011-06-01T22:30:00+00:00,5291.814
21419,2011-06-01T22:45:00+00:00,5291.785
21419,2011-06-01T23:00:00+00:00,5291.758
21419,2011-06-01T23:15:00+00:00,5291.740
21419,2011-06-01T23:30:00+00:00,5291.726
21419,2011-06-01T23:45:00+00:00,5291.718
21419,2011-06-02T00:00:00+00:00,5291.720
21419,2011-06-02T00:15:00+00:00,5291.724
21419,2011-06-02T00:30:00+00:00,5291.736
21419,2011-06-02T00:45:00+00:00,5291.754
21419,2011-06-02T01:00:00+00:00,5291.777
21419,2011-06-02T01:15:00+00:00,5291.802
21419,2011-06-02T01:30:00+00:00,5291.840
21419,2011-06-02T01:45:00+00:00,5291.880
21419,2011-06-02T02:00:00+00:00,5291.924
21419,2011-06-02T02:15:00+00:00,5291.973
21419,2011-06-02T02:30:00+00:00,5292.025
21419,2011-06-02T02:45:00+00:00,5292.076
21419,2011-06-02T03:00:00+00:00,5292.133
21419,2011-06-02T03:15:00+00:00,5292.190
21419,2011-06-02T03:30:00+00:00,5292.244
21419,2011-06-02T03:45:00+00:00,5292.300
21419,2011-06-02T04:00:00+00:00,5292.356
21419,2011-06-02T04:15:00+00:00,5292.409
21419,2011-06-02T04:30:00+00:00,5292.460
21419,2011-06-02T04:45:00+00:00,5292.507
21419,2011-06-02T05:00:00+00:00,5292.557
21419,2011-06-02T05:15:00+00:00,5292.601
21419,2011-06-02T05:30:00+00:00,5292.643
21419,2011-06-02T05:45:00+00:00,5292.682
21419,2011-06-02T06:00:00+00:00,5292.714
21419,2011-06-02T06:15:00+00:00,5292.741
21419,2011-06-02T06:30:00+00:00,5292.767
21419,2011-06-02T06:45:00+00:00,5292.788
21419,2011-06-02T07:00:00+00:00,5292.802
21419,2011-06-02T07:15:00+00:00,5292.815
21419,2011-06-02T07:30:00+00:00,5292.823
21419,2011-06-02T07:45:00+00:00,5292.828
21419,2011-06-02T08:00:00+00:00,5292.831
21419,2011-06-02T08:15:00+00:00,5292.829
21419,2011-06-02T08:30:00+00:00,5292.825
21419,2011-06-02T08:45:00+00:00,5292.818
21419,2011-06-02T09:00:00+00:00,5292.812
21419,2011-06-02T09:15:00+00:00,5292.803
21419,2011-06-02T09:30:00+00:00,5292.792
21419,2011-06-02T09:45:00+00:00,5292.787
21419,2011-06-02T10:00:00+00:00,5292.777
21419,2011-06-02T10:15:00+00:00,5292.771
21419,2011-06-02T10:30:00+00:00,5292.762
21419,2011-06-02T10:45:00+00:00,5292.755
21419,2011-06-02T11:00:00+00:00,5292.746
21419,2011-06-02T11:15:00+00:00,5292.740
21419,2011-06-02T11:30:00+00:00,5292.738
21419,2011-06-02T11:45:00+00:00,5292.739
21419,2011-06-02T12:00:00+00:00,5292.740
21419,2011-06-02T12:15:00+00:00,5292.743
21419,2011-06-02T12:30:00+00:00,5292.747
21419,2011-06-02T12:45:00+00:00,5292.751
21419,2011-06-02T13:00:00+00:00,5292.755
21419,2011-06-02T13:15:00+00:00,5292.760
21419,2011-06-02T13:30:00+00:00,5292.772
21419,2011-06-02T13:45:00+00:00,5292.784
21419,2011-06-02T14:00:00+00:00,5292.793
21419,2011-06-02T14:15:00+00:00,5292.805
21419,2011-06-02T14:30:00+00:00,5292.818
21419,2011-06-02T14:45:00+00:00,5292.829
21419,2011-06-02T15:00:00+00:00,5292.838
21419,2011-06-02T15:15:00+00:00,5292.850
21419,2011-06-02T15:30:00+00:00,5292.857
21419,2011-06-02T15:45:00+00:00,5292.864
21419,2011-06-02T16:00:00+00:00,5292.867
21419,2011-06-02T16:15:00+00:00,5292.867
21419,2011-06-02T16:30:00+00:00,5292.865
21419,2011-06-02T16:45:00+00:00,5292.861
21419,2011-06-02T17:00:00+00:00,5292.849
21419,2011-06-02T17:15:00+00:00,5292.836
21419,2011-06-02T17:30:00+00:00,5292.822
21419,2011-06-02T17:45:00+00:00,5292.800
21419,2011-06-02T18:00:00+00:00,5292.774
21419,2011-06-02T18:15:00+00:00,5292.742
21419,2011-06-02T18:30:00+00:00,5292.711
21419,2011-06-02T18:45:00+00:00,5292.673
21419,2011-06-02T19:00:00+00:00,5292.631
21419,2011-06-02T19:15:00+00:00,5292.586
21419,2011-06-02T19:30:00+00:00,5292.538
21419,2011-06-02T19:45:00+00:00,5292.484
21419,2011-06-02T20:00:00+00:00,5292.429
21419,2011-06-02T20:15:00+00:00,5292.370
21419,2011-06-02T20:30:00+00:00,5292.313
21419,2011-06-02T20:45:00+00:00,5292.253
21419,2011-06-02T21:00:00+00:00,5292.196
21419,2011-06-02T21:15:00+00:00,5292.137
21419,2011-06-02T21:30:00+00:00,5292.083
21419,2011-06-02T21:45:00+00:00,5292.028
21419,2011-06-02T22:00:00+00:00,5291.974
21419,2011-06-02T22:15:00+00:00,5291.926
21419,2011-06-02T22:30:00+00:00,5291.878
21419,2011-06-02T22:45:00+00:00,5291.834
21419,2011-06-02T23:00:00+00:00,5291.795
21419,2011-06-02T23:15:00+00:00,5291.759
21419,2011-06-02T23:30:00+00:00,5291.733
21419,2011-06-02T23:45:00+00:00,5291.712
21419,2011-06-03T00:00:00+00:00,5291.697
21419,2011-06-03T00:15:00+00:00,5291.691
21419,2011-06-03T00:30:00+00:00,5291.692
21419,2011-06-03T00:45:00+00:00,5291.694
21419,2011-06-03T01:00:00+00:00,5291.704
21419,2011-06-03T01:15:00+00:00,5291.718
21419,2011-06-03T01:30:00+00:00,5291.739
21419,2011-06-03T01:45:00+00:00,5291.766
21419,2011-06-03T02:00:00+00:00,5291.800
21419,2011-06-03T02:15:00+00:00,5291.839
21419,2011-06-03T02:30:00+00:00,5291.881
21419,2011-06-03T02:45:00+00:00,5291.929
21419,2011-06-03T03:00:00+00:00,5291.980
21419,2011-06-03T03:15:00+00:00,5292.034
21419,2011-06-03T03:30:00+00:00,5292.091
21419,2011-06-03T03:45:00+00:00,5292.150
21419,2011-06-03T04:00:00+00:00,5292.207
21419,2011-06-03T04:15:00+00:00,5292.267
21419,2011-06-03T04:30:00+00:00,5292.325
21419,2011-06-03T04:45:00+00:00,5292.384
21419,2011-06-03T05:00:00+00:00,5292.439
21419,2011-06-03T05:15:00+00:00,5292.494
21419,2011-06-03T05:30:00+00:00,5292.545
21419,2011-06-03T05:45:00+00:00,5292.591
21419,2011-06-03T06:00:00+00:00,5292.633
21419,2011-06-03T06:15:00+00:00,5292.670
21419,2011-06-03T06:30:00+00:00,5292.705
21419,2011-06-03T06:45:00+00:00,5292.734
21419,2011-06-03T07:00:00+00:00,5292.762
21419,2011-06-03T07:15:00+00:00,5292.784
21419,2011-06-03T07:30:00+00:00,5292.803
21419,2011-06-03T07:45:00+00:00,5292.819
21419,2011-06-03T08:00:00+00:00,5292.830
21419,2011-06-03T08:15:00+00:00,5292.836
21419,2011-06-03T08:30:00+00:00,5292.837
21419,2011-06-03T08:45:00+00:00,5292.838
21419,2011-06-03T09:00:00+00:00,5292.834
21419,2011-06-03T09:15:00+00:00,5292.828
21419,2011-06-03T09:30:00+00:00,5292.820
21419,2011-06-03T09:45:00+00:00,5292.812
21419,2011-06-03T10:00:00+00:00,5292.803
21419,2011-06-03T10:15:00+00:00,5292.797
21419,2011-06-03T10:30:00+00:00,5292.788
21419,2011-06-03T10:45:00+00:00,5292.779
21419,2011-06-03T11:00:00+00:00,5292.770
21419,2011-06-03T11:15:00+00:00,5292.763
21419,2011-06-03T11:30:00+00:00,5292.756
21419,2011-06-03T11:45:00+00:00,5292.750
21419,2011-06-03T12:00:00+00:00,5292.747
21419,2011-06-03T12:15:00+00:00,5292.743
21419,2011-06-03T12:30:00+00:00,5292.740
21419,2011-06-03T12:45:00+00:00,5292.741
21419,2011-06-03T13:00:00+00:00,5292.746
21419,2011-06-03T13:15:00+00:00,5292.752
21419,2011-06-03T13:30:00+00:00,5292.759
21419,2011-06-03T13:45:00+00:00,5292.768
21419,2011-06-03T14:00:00+00:00,5292.777
21419,2011-06-03T14:15:00+00:00,5292.789
21419,2011-06-03T14:30:00+00:00,5292.797
21419,2011-06-03T14:45:00+00:00,5292.809
21419,2011-06-03T15:00:00+00:00,5292.821
21419,2011-06-03T15:15:00+00:00,5292.834
21419,2011-06-03T15:30:00+00:00,5292.846
21419,2011-06-03T15:45:00+00:00,5292.857
21419,2011-06-03T16:00:00+00:00,5292.865
21419,2011-06-03T16:15:00+00:00,5292.872
21419,2011-06-03T16:30:00+00:00,5292.878
21419,2011-06-03T16:45:00+00:00,5292.881
21419,2011-06-03T17:00:00+00:00,5292.882
21419,2011-06-03T17:15:00+00:00,5292.878
21419,2011-06-03T17:30:00+00:00,5292.868
21419,2011-06-03T17:45:00+00:00,5292.857
21419,2011-06-03T18:00:00+00:00,5292.841
21419,2011-06-03T18:15:00+00:00,5292.823
21419,2011-06-03T18:30:00+00:00,5292.801
21419,2011-06-03T18:45:00+00:00,5292.775
21419,2011-06-03T19:00:00+00:00,5292.745
21419,2011-06-03T19:15:00+00:00,5292.710
21419,2011-06-03T19:30:00+00:00,5292.670
21419,2011-06-03T19:45:00+00:00,5292.624
21419,2011-06-03T20:00:00+00:00,5292.574
21419,2011-06-03T20:15:00+00:00,5292.522
21419,2011-06-03T20:30:00+00:00,5292.469
21419,2011-06-03T20:45:00+00:00,5292.410
21419,2011-06-03T21:00:00+00:00,5292.350
21419,2011-06-03T21:15:00+00:00,5292.290
21419,2011-06-03T21:30:00+00:00,5292.230
21419,2011-06-03T21:45:00+00:00,5292.171
21419,2011-06-03T22:00:00+00:00,5292.113
21419,2011-06-03T22:15:00+00:00,5292.056
21419,2011-06-03T22:30:00+00:00,5292.001
21419,2011-06-03T22:45:00+00:00,5291.949
21419,2011-06-03T23:00:00+00:00,5291.901
21419,2011-06-03T23:15:00+00:00,5291.855
21419,2011-06-03T23:30:00+00:00,5291.817
21419,2011-06-03T23:45:00+00:00,5291.780
21419,2011-06-04T00:00:00+00:00,5291.752
21419,2011-06-04T00:15:00+00:00,5291.729
21419,2011-06-04T00:30:00+00:00,5291.711
21419,2011-06-04T00:45:00+00:00,5291.701
21419,2011-06-04T01:00:00+00:00,5291.695
21419,2011-06-04T01:15:00+00:00,5291.697
21419,2011-06-04T01:30:00+00:00,5291.704
21419,2011-06-04T01:45:00+00:00,5291.716
21419,2011-06-04T02:00:00+00:00,5291.735
21419,2011-06-04T02:15:00+00:00,5291.758
21419,2011-06-04T02:30:00+00:00,5291.789
21419,2011-06-04T02:45:00+00:00,5291.823
21419,2011-06-04T03:00:00+00:00,5291.865
21419,2011-06-04T03:15:00+00:00,5291.909
21419,2011-06-04T03:30:00+00:00,5291.957
21419,2011-06-04T03:45:00+00:00,5292.010
21419,2011-06-04T04:00:00+00:00,5292.064
21419,2011-06-04T04:15:00+00:00,5292.120
21419,2011-06-04T04:30:00+00:00,5292.177
21419,2011-06-04T04:45:00+00:00,5292.237
21419,2011-06-04T05:00:00+00:00,5292.296
21419,2011-06-04T05:15:00+00:00,5292.354
21419,2011-06-04T05:30:00+00:00,5292.412
21419,2011-06-04T05:45:00+00:00,5292.465
21419,2011-06-04T06:00:00+00:00,5292.515
21419,2011-06-04T06:15:00+00:00,5292.563
21419,2011-06-04T06:30:00+00:00,5292.605
21419,2011-06-04T06:45:00+00:00,5292.646
21419,2011-06-04T07:00:00+00:00,5292.680
21419,2011-06-04T07:15:00+00:00,5292.710
21419,2011-06-04T07:30:00+00:00,5292.739
21419,2011-06-04T07:45:00+00:00,5292.761
21419,2011-06-04T08:00:00+00:00,5292.780
21419,2011-06-04T08:15:00+00:00,5292.794
21419,2011-06-04T08:30:00+00:00,5292.804
21419,2011-06-04T08:45:00+00:00,5292.811
21419,2011-06-04T09:00:00+00:00,5292.813
21419,2011-06-04T09:15:00+00:00,5292.812
21419,2011-06-04T09:30:00+00:00,5292.810
21419,2011-06-04T09:45:00+00:00,5292.806
21419,2011-06-04T10:00:00+00:00,5292.801
21419,2011-06-04T10:15:00+00:00,5292.795
21419,2011-06-04T10:30:00+00:00,5292.787
21419,2011-06-04T10:45:00+00:00,5292.776
21419,2011-06-04T11:00:00+00:00,5292.766
21419,2011-06-04T11:15:00+00:00,5292.756
21419,2011-06-04T11:30:00+00:00,5292.745
21419,2011-06-04T11:45:00+00:00,5292.738
21419,2011-06-04T12:00:00+00:00,5292.727
21419,2011-06-04T12:15:00+00:00,5292.719
21419,2011-06-04T12:30:00+00:00,5292.716
21419,2011-06-04T12:45:00+00:00,5292.713
21419,2011-06-04T13:00:00+00:00,5292.711
21419,2011-06-04T13:15:00+00:00,5292.714
21419,2011-06-04T13:30:00+00:00,5292.716
21419,2011-06-04T13:45:00+00:00,5292.722
21419,2011-06-04T14:00:00+00:00,5292.730
21419,2011-06-04T14:15:00+00:00,5292.737
21419,2011-06-04T14:30:00+00:00,5292.745
21419,2011-06-04T14:45:00+00:00,5292.756
21419,2011-06-04T15:00:00+00:00,5292.767
21419,2011-06-04T15:15:00+00:00,5292.779
21419,2011-06-04T15:30:00+00:00,5292.791
21419,2011-06-04T15:45:00+00:00,5292.804
21419,2011-06-04T16:00:00+00:00,5292.817
21419,2011-06-04T16:15:00+00:00,5292.833
21419,2011-06-04T16:30:00+00:00,5292.844
21419,2011-06-04T16:45:00+00:00,5292.857
21419,2011-06-04T17:00:00+00:00,5292.864
21419,2011-06-04T17:15:00+00:00,5292.872
21419,2011-06-04T17:30:00+00:00,5292.875
21419,2011-06-04T17:45:00+00:00,5292.872
21419,2011-06-04T18:00:00+00:00,5292.868
21419,2011-06-04T18:15:00+00:00,5292.861
21419,2011-06-04T18:30:00+00:00,5292.848
21419,2011-06-04T18:45:00+00:00,5292.831
21419,2011-06-04T19:00:00+00:00,5292.809
21419,2011-06-04T19:15:00+00:00,5292.783
21419,2011-06-04T19:30:00+00:00,5292.753
21419,2011-06-04T19:45:00+00:00,5292.721
21419,2011-06-04T20:00:00+00:00,5292.683
21419,2011-06-04T20:15:00+00:00,5292.643
21419,2011-06-04T20:30:00+00:00,5292.599
21419,2011-06-04T20:45:00+00:00,5292.548
21419,2011-06-04T21:00:00+00:00,5292.497
21419,2011-06-04T21:15:00+00:00,5292.441
21419,2011-06-04T21:30:00+00:00,5292.383
21419,2011-06-04T21:45:00+00:00,5292.323
21419,2011-06-04T22:00:00+00:00,5292.264
21419,2011-06-04T22:15:00+00:00,5292.207
21419,2011-06-04T22:30:00+00:00,5292.145
21419,2011-06-04T22:45:00+00:00,5292.087
21419,2011-06-04T23:00:00+00:00,5292.033
21419,2011-06-04T23:15:00+00:00,5291.980
21419,2011-06-04T23:30:00+00:00,5291.930
21419,2011-06-04T23:45:00+00:00,5291.887
21419,2011-06-05T00:00:00+00:00,5291.848
21419,2011-06-05T00:15:00+00:00,5291.809
21419,2011-06-05T00:30:00+00:00,5291.781
21419,2011-06-05T00:45:00+00:00,5291.755
21419,2011-06-05T01:00:00+00:00,5291.735
21419,2011-06-05T01:15:00+00:00,5291.722
21419,2011-06-05T01:30:00+00:00,5291.713
21419,2011-06-05T01:45:00+00:00,5291.714
21419,2011-06-05T02:00:00+00:00,5291.719
21419,2011-06-05T02:15:00+00:00,5291.731
21419,2011-06-05T02:30:00+00:00,5291.746
21419,2011-06-05T02:45:00+00:00,5291.769
21419,2011-06-05T03:00:00+00:00,5291.797
21419,2011-06-05T03:15:00+00:00,5291.830
21419,2011-06-05T03:30:00+00:00,5291.868
21419,2011-06-05T03:45:00+00:00,5291.908
21419,2011-06-05T04:00:00+00:00,5291.955
21419,2011-06-05T04:15:00+00:00,5292.005
21419,2011-06-05T04:30:00+00:00,5292.054
21419,2011-06-05T04:45:00+00:00,5292.108
21419,2011-06-05T05:00:00+00:00,5292.165
21419,2011-06-05T05:15:00+00:00,5292.221
21419,2011-06-05T05:30:00+00:00,5292.279
21419,2011-06-05T05:45:00+00:00,5292.335
21419,2011-06-05T06:00:00+00:00,5292.389
21419,2011-06-05T06:15:00+00:00,5292.441
21419,2011-06-05T06:30:00+00:00,5292.488
21419,2011-06-05T06:45:00+00:00,5292.536
21419,2011-06-05T07:00:00+00:00,5292.580
21419,2011-06-05T07:15:00+00:00,5292.619
21419,2011-06-05T07:30:00+00:00,5292.657
21419,2011-06-05T07:45:00+00:00,5292.687
21419,2011-06-05T08:00:00+00:00,5292.717
21419,2011-06-05T08:15:00+00:00,5292.741
21419,2011-06-05T08:30:00+00:00,5292.761
21419,2011-06-05T08:45:00+00:00,5292.777
21419,2011-06-05T09:00:00+00:00,5292.788
21419,2011-06-05T09:15:00+00:00,5292.796
21419,2011-06-05T09:30:00+00:00,5292.799
21419,2011-06-05T09:45:00+00:00,5292.800
21419,2011-06-05T10:00:00+00:00,5292.796
21419,2011-06-05T10:15:00+00:00,5292.792
21419,2011-06-05T10:30:00+00:00,5292.784
21419,2011-06-05T10:45:00+00:00,5292.777
21419,2011-06-05T11:00:00+00:00,5292.766
21419,2011-06-05T11:15:00+00:00,5292.755
21419,2011-06-05T11:30:00+00:00,5292.745
21419,2011-06-05T11:45:00+00:00,5292.736
21419,2011-06-05T12:00:00+00:00,5292.724
21419,2011-06-05T12:15:00+00:00,5292.712
21419,2011-06-05T12:30:00+00:00,5292.703
21419,2011-06-05T12:45:00+00:00,5292.694
21419,2011-06-05T13:00:00+00:00,5292.690
21419,2011-06-05T13:15:00+00:00,5292.685
21419,2011-06-05T13:30:00+00:00,5292.683
21419,2011-06-05T13:45:00+00:00,5292.685
21419,2011-06-05T14:00:00+00:00,5292.685
21419,2011-06-05T14:15:00+00:00,5292.690
21419,2011-06-05T14:30:00+00:00,5292.695
21419,2011-06-05T14:45:00+00:00,5292.702
21419,2011-06-05T15:00:00+00:00,5292.708
21419,2011-06-05T15:15:00+00:00,5292.718
21419,2011-06-05T15:30:00+00:00,5292.728
21419,2011-06-05T15:45:00+00:00,5292.743
21419,2011-06-05T16:00:00+00:00,5292.756
21419,2011-06-05T16:15:00+00:00,5292.765
21419,2011-06-05T16:30:00+00:00,5292.778
21419,2011-06-05T16:45:00+00:00,5292.792
21419,2011-06-05T17:00:00+00:00,5292.804
21419,2011-06-05T17:15:00+00:00,5292.815
21419,2011-06-05T17:30:00+00:00,5292.826
21419,2011-06-05T17:45:00+00:00,5292.835
21419,2011-06-05T18:00:00+00:00,5292.839
21419,2011-06-05T18:15:00+00:00,5292.842
21419,2011-06-05T18:30:00+00:00,5292.843
21419,2011-06-05T18:45:00+00:00,5292.839
21419,2011-06-05T19:00:00+00:00,5292.831
21419,2011-06-05T19:15:00+00:00,5292.818
21419,2011-06-05T19:30:00+00:00,5292.802
21419,2011-06-05T19:45:00+00:00,5292.779
21419,2011-06-05T20:00:00+00:00,5292.753
21419,2011-06-05T20:15:00+00:00,5292.725
21419,2011-06-05T20:30:00+00:00,5292.690
21419,2011-06-05T20:45:00+00:00,5292.654
21419,2011-06-05T21:00:00+00:00,5292.615
21419,2011-06-05T21:15:00+00:00,5292.572
21419,2011-06-05T21:30:00+00:00,5292.524
21419,2011-06-05T21:45:00+00:00,5292.472
21419,2011-06-05T22:00:00+00:00,5292.419
21419,2011-06-05T22:15:00+00:00,5292.362
21419,2011-06-05T22:30:00+00:00,5292.304
21419,2011-06-05T22:45:00+00:00,5292.246
21419,2011-06-05T23:00:00+00:00,5292.188
21419,2011-06-05T23:15:00+00:00,5292.133
21419,2011-06-05T23:30:00+00:00,5292.080
21419,2011-06-05T23:45:00+00:00,5292.030
21419,2011-06-06T00:00:00+00:00,5291.982
21419,2011-06-06T00:15:00+00:00,5291.940
21419,2011-06-06T00:30:00+00:00,5291.900
21419,2011-06-06T00:45:00+00:00,5291.865
21419,2011-06-06T01:00:00+00:00,5291.838
21419,2011-06-06T01:15:00+00:00,5291.813
21419,2011-06-06T01:30:00+00:00,5291.791
21419,2011-06-06T01:45:00+00:00,5291.776
21419,2011-06-06T02:00:00+00:00,5291.768
21419,2011-06-06T02:15:00+00:00,5291.764
21419,2011-06-06T02:30:00+00:00,5291.766
21419,2011-06-06T02:45:00+00:00,5291.773
21419,2011-06-06T03:00:00+00:00,5291.785
21419,2011-06-06T03:15:00+00:00,5291.803
21419,2011-06-06T03:30:00+00:00,5291.827
21419,2011-06-06T03:45:00+00:00,5291.855
21419,2011-06-06T04:00:00+00:00,5291.885
21419,2011-06-06T04:15:00+00:00,5291.922
21419,2011-06-06T04:30:00+00:00,5291.962
21419,2011-06-06T04:45:00+00:00,5292.004
21419,2011-06-06T05:00:00+00:00,5292.052
21419,2011-06-06T05:15:00+00:00,5292.102
21419,2011-06-06T05:30:00+00:00,5292.156
21419,2011-06-06T05:45:00+00:00,5292.209
21419,2011-06-06T06:00:00+00:00,5292.262
21419,2011-06-06T06:15:00+00:00,5292.315
21419,2011-06-06T06:30:00+00:00,5292.368
21419,2011-06-06T06:45:00+00:00,5292.416
21419,2011-06-06T07:00:00+00:00,5292.463
21419,2011-06-06T07:15:00+00:00,5292.505
21419,2011-06-06T07:30:00+00:00,5292.547
21419,2011-06-06T07:45:00+00:00,5292.585
21419,2011-06-06T08:00:00+00:00,5292.619
21419,2011-06-06T08:15:00+00:00,5292.652
21419,2011-06-06T08:30:00+00:00,5292.681
21419,2011-06-06T08:45:00+00:00,5292.704
21419,2011-06-06T09:00:00+00:00,5292.724
21419,2011-06-06T09:15:00+00:00,5292.739
21419,2011-06-06T09:30:00+00:00,5292.748
21419,2011-06-06T09:45:00+00:00,5292.753
21419,2011-06-06T10:00:00+00:00,5292.758
21419,2011-06-06T10:15:00+00:00,5292.760
21419,2011-06-06T10:30:00+00:00,5292.755
21419,2011-06-06T10:45:00+00:00,5292.751
21419,2011-06-06T11:00:00+00:00,5292.744
21419,2011-06-06T11:15:00+00:00,5292.735
21419,2011-06-06T11:30:00+00:00,5292.722
21419,2011-06-06T11:45:00+00:00,5292.710
21419,2011-06-06T12:00:00+00:00,5292.697
21419,2011-06-06T12:15:00+00:00,5292.684
21419,2011-06-06T12:30:00+00:00,5292.669
21419,2011-06-06T12:45:00+00:00,5292.658
21419,2011-06-06T13:00:00+00:00,5292.644
21419,2011-06-06T13:15:00+00:00,5292.633
21419,2011-06-06T13:30:00+00:00,5292.627
21419,2011-06-06T13:45:00+00:00,5292.619
21419,2011-06-06T14:00:00+00:00,5292.614
21419,2011-06-06T14:15:00+00:00,5292.610
21419,2011-06-06T14:30:00+00:00,5292.608
21419,2011-06-06T14:45:00+00:00,5292.609
21419,2011-06-06T15:00:00+00:00,5292.612
21419,2011-06-06T15:15:00+00:00,5292.616
21419,2011-06-06T15:30:00+00:00,5292.624
21419,2011-06-06T15:45:00+00:00,5292.631
21419,2011-06-06T16:00:00+00:00,5292.640
21419,2011-06-06T16:15:00+00:00,5292.652
21419,2011-06-06T16:30:00+00:00,5292.665
21419,2011-06-06T16:45:00+00:00,5292.677
21419,2011-06-06T17:00:00+00:00,5292.690
21419,2011-06-06T17:15:00+00:00,5292.703
21419,2011-06-06T17:30:00+00:00,5292.718
21419,2011-06-06T17:45:00+00:00,5292.734
21419,2011-06-06T18:00:00+00:00,5292.747
21419,2011-06-06T18:15:00+00:00,5292.761
21419,2011-06-06T18:30:00+00:00,5292.768
21419,2011-06-06T18:45:00+00:00,5292.775
21419,2011-06-06T19:00:00+00:00,5292.778
21419,2011-06-06T19:15:00+00:00,5292.776
21419,2011-06-06T19:30:00+00:00,5292.773
21419,2011-06-06T19:45:00+00:00,5292.765
21419,2011-06-06T20:00:00+00:00,5292.757
21419,2011-06-06T20:15:00+00:00,5292.743
21419,2011-06-06T20:30:00+00:00,5292.726
21419,2011-06-06T20:45:00+00:00,5292.702
21419,2011-06-06T21:00:00+00:00,5292.676
21419,2011-06-06T21:15:00+00:00,5292.644
21419,2011-06-06T21:30:00+00:00,5292.610
21419,2011-06-06T21:45:00+00:00,5292.573
21419,2011-06-06T22:00:00+00:00,5292.533
21419,2011-06-06T22:15:00+00:00,5292.491
21419,2011-06-06T22:30:00+00:00,5292.444
21419,2011-06-06T22:45:00+00:00,5292.396
21419,2011-06-06T23:00:00+00:00,5292.345
21419,2011-06-06T23:15:00+00:00,5292.295
21419,2011-06-06T23:30:00+00:00,5292.244
21419,2011-06-06T23:45:00+00:00,5292.196
21419,2011-06-07T00:00:00+00:00,5292.148
21419,2011-06-07T00:15:00+00:00,5292.102
21419,2011-06-07T00:30:00+00:00,5292.058
21419,2011-06-07T00:45:00+00:00,5292.020
21419,2011-06-07T01:00:00+00:00,5291.986
21419,2011-06-07T01:15:00+00:00,5291.951
21419,2011-06-07T01:30:00+00:00,5291.921
21419,2011-06-07T01:45:00+00:00,5291.897
21419,2011-06-07T02:00:00+00:00,5291.876
21419,2011-06-07T02:15:00+00:00,5291.860
21419,2011-06-07T02:30:00+00:00,5291.850
21419,2011-06-07T02:45:00+00:00,5291.843
21419,2011-06-07T03:00:00+00:00,5291.843
21419,2011-06-07T03:15:00+00:00,5291.846
21419,2011-06-07T03:30:00+00:00,5291.857
21419,2011-06-07T03:45:00+00:00,5291.869
21419,2011-06-07T04:00:00+00:00,5291.888
21419,2011-06-07T04:15:00+00:00,5291.912
21419,2011-06-07T04:30:00+00:00,5291.938
21419,2011-06-07T04:45:00+00:00,5291.968
21419,2011-06-07T05:00:00+00:00,5292.001
21419,2011-06-07T05:15:00+00:00,5292.040
21419,2011-06-07T05:30:00+00:00,5292.083
21419,2011-06-07T05:45:00+00:00,5292.128
21419,2011-06-07T06:00:00+00:00,5292.175
21419,2011-06-07T06:15:00+00:00,5292.221
21419,2011-06-07T06:30:00+00:00,5292.265
21419,2011-06-07T06:45:00+00:00,5292.314
21419,2011-06-07T07:00:00+00:00,5292.360
21419,2011-06-07T07:15:00+00:00,5292.407
21419,2011-06-07T07:30:00+00:00,5292.449
21419,2011-06-07T07:45:00+00:00,5292.491
21419,2011-06-07T08:00:00+00:00,5292.528
21419,2011-06-07T08:15:00+00:00,5292.564
21419,2011-06-07T08:30:00+00:00,5292.597
21419,2011-06-07T08:45:00+00:00,5292.626
21419,2011-06-07T09:00:00+00:00,5292.649
21419,2011-06-07T09:15:00+00:00,5292.670
21419,2011-06-07T09:30:00+00:00,5292.687
21419,2011-06-07T09:45:00+00:00,5292.701
21419,2011-06-07T10:00:00+00:00,5292.713
21419,2011-06-07T10:15:00+00:00,5292.718
21419,2011-06-07T10:30:00+00:00,5292.722
21419,2011-06-07T10:45:00+00:00,5292.722
21419,2011-06-07T11:00:00+00:00,5292.716
21419,2011-06-07T11:15:00+00:00,5292.706
21419,2011-06-07T11:30:00+00:00,5292.695
21419,2011-06-07T11:45:00+00:00,5292.680
21419,2011-06-07T12:00:00+00:00,5292.664
21419,2011-06-07T12:15:00+00:00,5292.648
21419,2011-06-07T12:30:00+00:00,5292.633
21419,2011-06-07T12:45:00+00:00,5292.618
21419,2011-06-07T13:00:00+00:00,5292.602
21419,2011-06-07T13:15:00+00:00,5292.585
21419,2011-06-07T13:30:00+00:00,5292.570
21419,2011-06-07T13:45:00+00:00,5292.558
21419,2011-06-07T14:00:00+00:00,5292.547
21419,2011-06-07T14:15:00+00:00,5292.536
21419,2011-06-07T14:30:00+00:00,5292.526
21419,2011-06-07T14:45:00+00:00,5292.518
21419,2011-06-07T15:00:00+00:00,5292.511
21419,2011-06-07T15:15:00+00:00,5292.506
21419,2011-06-07T15:30:00+00:00,5292.508
21419,2011-06-07T15:45:00+00:00,5292.508
21419,2011-06-07T16:00:00+00:00,5292.509
21419,2011-06-07T16:15:00+00:00,5292.517
21419,2011-06-07T16:30:00+00:00,5292.526
21419,2011-06-07T16:45:00+00:00,5292.535
21419,2011-06-07T17:00:00+00:00,5292.544
21419,2011-06-07T17:15:00+00:00,5292.556
21419,2011-06-07T17:30:00+00:00,5292.569
21419,2011-06-07T17:45:00+00:00,5292.583
21419,2011-06-07T18:00:00+00:00,5292.596
21419,2011-06-07T18:15:00+00:00,5292.609
21419,2011-06-07T18:30:00+00:00,5292.622
21419,2011-06-07T18:45:00+00:00,5292.634
21419,2011-06-07T19:00:00+00:00,5292.648
21419,2011-06-07T19:15:00+00:00,5292.659
21419,2011-06-07T19:30:00+00:00,5292.670
21419,2011-06-07T19:45:00+00:00,5292.676
21419,2011-06-07T20:00:00+00:00,5292.678
21419,2011-06-07T20:15:00+00:00,5292.679
21419,2011-06-07T20:30:00+00:00,5292.676
21419,2011-06-07T20:45:00+00:00,5292.669
21419,2011-06-07T21:00:00+00:00,5292.658
21419,2011-06-07T21:15:00+00:00,5292.646
21419,2011-06-07T21:30:00+00:00,5292.628
21419,2011-06-07T21:45:00+00:00,5292.608
21419,2011-06-07T22:00:00+00:00,5292.583
21419,2011-06-07T22:15:00+00:00,5292.553
21419,2011-06-07T22:30:00+00:00,5292.521
21419,2011-06-07T22:45:00+00:00,5292.486
21419,2011-06-07T23:00:00+00:00,5292.447
21419,2011-06-07T23:15:00+00:00,5292.406
21419,2011-06-07T23:30:00+00:00,5292.364
21419,2011-06-07T23:45:00+00:00,5292.323
21419,2011-06-08T00:00:00+00:00,5292.282
21419,2011-06-08T00:15:00+00:00,5292.243
21419,2011-06-08T00:30:00+00:00,5292.205
21419,2011-06-08T00:45:00+00:00,5292.165
21419,2011-06-08T01:00:00+00:00,5292.132
21419,2011-06-08T01:15:00+00:00,5292.097
21419,2011-06-08T01:30:00+00:00,5292.067
21419,2011-06-08T01:45:00+00:00,5292.039
21419,2011-06-08T02:00:00+00:00,5292.015
21419,2011-06-08T02:15:00+00:00,5291.990
21419,2011-06-08T02:30:00+00:00,5291.972
21419,2011-06-08T02:45:00+00:00,5291.957
21419,2011-06-08T03:00:00+00:00,5291.943
21419,2011-06-08T03:15:00+00:00,5291.936
21419,2011-06-08T03:30:00+00:00,5291.935
21419,2011-06-08T03:45:00+00:00,5291.936
21419,2011-06-08T04:00:00+00:00,5291.942
21419,2011-06-08T04:15:00+00:00,5291.952
21419,2011-06-08T04:30:00+00:00,5291.963
21419,2011-06-08T04:45:00+00:00,5291.981
21419,2011-06-08T05:00:00+00:00,5292.003
21419,2011-06-08T05:15:00+00:00,5292.032
21419,2011-06-08T05:30:00+00:00,5292.063
21419,2011-06-08T05:45:00+00:00,5292.096
21419,2011-06-08T06:00:00+00:00,5292.132
21419,2011-06-08T06:15:00+00:00,5292.169
21419,2011-06-08T06:30:00+00:00,5292.209
21419,2011-06-08T06:45:00+00:00,5292.249
21419,2011-06-08T07:00:00+00:00,5292.290
21419,2011-06-08T07:15:00+00:00,5292.332
21419,2011-06-08T07:30:00+00:00,5292.377
21419,2011-06-08T07:45:00+00:00,5292.418
21419,2011-06-08T08:00:00+00:00,5292.458
21419,2011-06-08T08:15:00+00:00,5292.496
21419,2011-06-08T08:30:00+00:00,5292.531
21419,2011-06-08T08:45:00+00:00,5292.567
21419,2011-06-08T09:00:00+00:00,5292.596
21419,2011-06-08T09:15:00+00:00,5292.626
21419,2011-06-08T09:30:00+00:00,5292.648
21419,2011-06-08T09:45:00+00:00,5292.669
21419,2011-06-08T10:00:00+00:00,5292.685
21419,2011-06-08T10:15:00+00:00,5292.698
21419,2011-06-08T10:30:00+00:00,5292.704
21419,2011-06-08T10:45:00+00:00,5292.706
21419,2011-06-08T11:00:00+00:00,5292.706
21419,2011-06-08T11:15:00+00:00,5292.703
21419,2011-06-08T11:30:00+00:00,5292.696
21419,2011-06-08T11:45:00+00:00,5292.684
21419,2011-06-08T12:00:00+00:00,5292.668
21419,2011-06-08T12:15:00+00:00,5292.652
21419,2011-06-08T12:30:00+00:00,5292.637
21419,2011-06-08T12:45:00+00:00,5292.617
21419,2011-06-08T13:00:00+00:00,5292.597
21419,2011-06-08T13:15:00+00:00,5292.577
21419,2011-06-08T13:30:00+00:00,5292.558
21419,2011-06-08T13:45:00+00:00,5292.537
21419,2011-06-08T14:00:00+00:00,5292.518
21419,2011-06-08T14:15:00+00:00,5292.498
21419,2011-06-08T14:30:00+00:00,5292.481
21419,2011-06-08T14:45:00+00:00,5292.466
21419,2011-06-08T15:00:00+00:00,5292.449
21419,2011-06-08T15:15:00+00:00,5292.435
21419,2011-06-08T15:30:00+00:00,5292.424
21419,2011-06-08T15:45:00+00:00,5292.418
21419,2011-06-08T16:00:00+00:00,5292.410
21419,2011-06-08T16:15:00+00:00,5292.409
21419,2011-06-08T16:30:00+00:00,5292.406
21419,2011-06-08T16:45:00+00:00,5292.407
21419,2011-06-08T17:00:00+00:00,5292.406
21419,2011-06-08T17:15:00+00:00,5292.409
21419,2011-06-08T17:30:00+00:00,5292.417
21419,2011-06-08T17:45:00+00:00,5292.422
21419,2011-06-08T18:00:00+00:00,5292.433
21419,2011-06-08T18:15:00+00:00,5292.444
21419,2011-06-08T18:30:00+00:00,5292.457
21419,2011-06-08T18:45:00+00:00,5292.472
21419,2011-06-08T19:00:00+00:00,5292.487
21419,2011-06-08T19:15:00+00:00,5292.506
21419,2011-06-08T19:30:00+00:00,5292.518
21419,2011-06-08T19:45:00+00:00,5292.531
21419,2011-06-08T20:00:00+00:00,5292.544
21419,2011-06-08T20:15:00+00:00,5292.555
21419,2011-06-08T20:30:00+00:00,5292.566
21419,2011-06-08T20:45:00+00:00,5292.572
21419,2011-06-08T21:00:00+00:00,5292.577
21419,2011-06-08T21:15:00+00:00,5292.578
21419,2011-06-08T21:30:00+00:00,5292.576
21419,2011-06-08T21:45:00+00:00,5292.573
21419,2011-06-08T22:00:00+00:00,5292.563
21419,2011-06-08T22:15:00+00:00,5292.554
21419,2011-06-08T22:30:00+00:00,5292.538
21419,2011-06-08T22:45:00+00:00,5292.521
21419,2011-06-08T23:00:00+00:00,5292.500
21419,2011-06-08T23:15:00+00:00,5292.477
21419,2011-06-08T23:30:00+00:00,5292.453
21419,2011-06-08T23:45:00+00:00,5292.427
21419,2011-06-09T00:00:00+00:00,5292.402
21419,2011-06-09T00:15:00+00:00,5292.373
21419,2011-06-09T00:30:00+00:00,5292.344
21419,2011-06-09T00:45:00+00:00,5292.315
21419,2011-06-09T01:00:00+00:00,5292.287
21419,2011-06-09T01:15:00+00:00,5292.257
21419,2011-06-09T01:30:00+00:00,5292.229
21419,2011-06-09T01:45:00+00:00,5292.203
21419,2011-06-09T02:00:00+00:00,5292.180
21419,2011-06-09T02:15:00+00:00,5292.155
21419,2011-06-09T02:30:00+00:00,5292.132
21419,2011-06-09T02:45:00+00:00,5292.115
21419,2011-06-09T03:00:00+00:00,5292.101
21419,2011-06-09T03:15:00+00:00,5292.090
21419,2011-06-09T03:30:00+00:00,5292.080
21419,2011-06-09T03:45:00+00:00,5292.071
21419,2011-06-09T04:00:00+00:00,5292.066
21419,2011-06-09T04:15:00+00:00,5292.067
21419,2011-06-09T04:30:00+00:00,5292.070
21419,2011-06-09T04:45:00+00:00,5292.074
21419,2011-06-09T05:00:00+00:00,5292.085
21419,2011-06-09T05:15:00+00:00,5292.101
21419,2011-06-09T05:30:00+00:00,5292.120
21419,2011-06-09T05:45:00+00:00,5292.139
21419,2011-06-09T06:00:00+00:00,5292.164
21419,2011-06-09T06:15:00+00:00,5292.190
21419,2011-06-09T06:30:00+00:00,5292.219
21419,2011-06-09T06:45:00+00:00,5292.253
21419,2011-06-09T07:00:00+00:00,5292.284
21419,2011-06-09T07:15:00+00:00,5292.319
21419,2011-06-09T07:30:00+00:00,5292.353
21419,2011-06-09T07:45:00+00:00,5292.390
21419,2011-06-09T08:00:00+00:00,5292.429
21419,2011-06-09T08:15:00+00:00,5292.463
21419,2011-06-09T08:30:00+00:00,5292.497
21419,2011-06-09T08:45:00+00:00,5292.530
21419,2011-06-09T09:00:00+00:00,5292.562
21419,2011-06-09T09:15:00+00:00,5292.590
21419,2011-06-09T09:30:00+00:00,5292.615
21419,2011-06-09T09:45:00+00:00,5292.639
21419,2011-06-09T10:00:00+00:00,5292.658
21419,2011-06-09T10:15:00+00:00,5292.677
21419,2011-06-09T10:30:00+00:00,5292.691
21419,2011-06-09T10:45:00+00:00,5292.701
21419,2011-06-09T11:00:00+00:00,5292.705
21419,2011-06-09T11:15:00+00:00,5292.705
21419,2011-06-09T11:30:00+00:00,5292.703
21419,2011-06-09T11:45:00+00:00,5292.696
21419,2011-06-09T12:00:00+00:00,5292.685
21419,2011-06-09T12:15:00+00:00,5292.669
21419,2011-06-09T12:30:00+00:00,5292.652
21419,2011-06-09T12:45:00+00:00,5292.634
21419,2011-06-09T13:00:00+00:00,5292.611
21419,2011-06-09T13:15:00+00:00,5292.588
21419,2011-06-09T13:30:00+00:00,5292.564
21419,2011-06-09T13:45:00+00:00,5292.541
21419,2011-06-09T14:00:00+00:00,5292.515
21419,2011-06-09T14:15:00+00:00,5292.490
21419,2011-06-09T14:30:00+00:00,5292.466
21419,2011-06-09T14:45:00+00:00,5292.438
21419,2011-06-09T15:00:00+00:00,5292.413
21419,2011-06-09T15:15:00+00:00,5292.390
21419,2011-06-09T15:30:00+00:00,5292.366
21419,2011-06-09T15:45:00+00:00,5292.346
21419,2011-06-09T16:00:00+00:00,5292.329
21419,2011-06-09T16:15:00+00:00,5292.313
21419,2011-06-09T16:30:00+00:00,5292.298
21419,2011-06-09T16:45:00+00:00,5292.288
21419,2011-06-09T17:00:00+00:00,5292.276
21419,2011-06-09T17:15:00+00:00,5292.271
21419,2011-06-09T17:30:00+00:00,5292.267
21419,2011-06-09T17:45:00+00:00,5292.268
21419,2011-06-09T18:00:00+00:00,5292.270
21419,2011-06-09T18:15:00+00:00,5292.276
21419,2011-06-09T18:30:00+00:00,5292.281
21419,2011-06-09T18:45:00+00:00,5292.290
21419,2011-06-09T19:00:00+00:00,5292.302
21419,2011-06-09T19:15:00+00:00,5292.311
21419,2011-06-09T19:30:00+00:00,5292.324
21419,2011-06-09T19:45:00+00:00,5292.341
21419,2011-06-09T20:00:00+00:00,5292.355
21419,2011-06-09T20:15:00+00:00,5292.373
21419,2011-06-09T20:30:00+00:00,5292.391
21419,2011-06-09T20:45:00+00:00,5292.407
21419,2011-06-09T21:00:00+00:00,5292.425
21419,2011-06-09T21:15:00+00:00,5292.439
21419,2011-06-09T21:30:00+00:00,5292.451
21419,2011-06-09T21:45:00+00:00,5292.461
21419,2011-06-09T22:00:00+00:00,5292.466
21419,2011-06-09T22:15:00+00:00,5292.471
21419,2011-06-09T22:30:00+00:00,5292.476
21419,2011-06-09T22:45:00+00:00,5292.476
21419,2011-06-09T23:00:00+00:00,5292.475
21419,2011-06-09T23:15:00+00:00,5292.468
21419,2011-06-09T23:30:00+00:00,5292.465
21419,2011-06-09T23:45:00+00:00,5292.456
21419,2011-06-10T00:00:00+00:00,5292.448
21419,2011-06-10T00:15:00+00:00,5292.438
21419,2011-06-10T00:30:00+00:00,5292.426
21419,2011-06-10T00:45:00+00:00,5292.413
21419,2011-06-10T01:00:00+00:00,5292.400
21419,2011-06-10T01:15:00+00:00,5292.386
21419,2011-06-10T01:30:00+00:00,5292.371
21419,2011-06-10T01:45:00+00:00,5292.356
21419,2011-06-10T02:00:00+00:00,5292.339
21419,2011-06-10T02:15:00+00:00,5292.322
21419,2011-06-10T02:30:00+00:00,5292.306
21419,2011-06-10T02:45:00+00:00,5292.289
21419,2011-06-10T03:00:00+00:00,5292.275
21419,2011-06-10T03:15:00+00:00,5292.262
21419,2011-06-10T03:30:00+00:00,5292.252
21419,2011-06-10T03:45:00+00:00,5292.244
21419,2011-06-10T04:00:00+00:00,5292.235
21419,2011-06-10T04:15:00+00:00,5292.231
21419,2011-06-10T04:30:00+00:00,5292.229
21419,2011-06-10T04:45:00+00:00,5292.225
21419,2011-06-10T05:00:00+00:00,5292.227
21419,2011-06-10T05:15:00+00:00,5292.235
21419,2011-06-10T05:30:00+00:00,5292.244
21419,2011-06-10T05:45:00+00:00,5292.256
21419,2011-06-10T06:00:00+00:00,5292.268
21419,2011-06-10T06:15:00+00:00,5292.284
21419,2011-06-10T06:30:00+00:00,5292.300
21419,2011-06-10T06:45:00+00:00,5292.321
21419,2011-06-10T07:00:00+00:00,5292.344
21419,2011-06-10T07:15:00+00:00,5292.367
21419,2011-06-10T07:30:00+00:00,5292.395
21419,2011-06-10T07:45:00+00:00,5292.420
21419,2011-06-10T08:00:00+00:00,5292.450
21419,2011-06-10T08:15:00+00:00,5292.481
21419,2011-06-10T08:30:00+00:00,5292.509
21419,2011-06-10T08:45:00+00:00,5292.539
21419,2011-06-10T09:00:00+00:00,5292.569
21419,2011-06-10T09:15:00+00:00,5292.595
21419,2011-06-10T09:30:00+00:00,5292.622
21419,2011-06-10T09:45:00+00:00,5292.646
21419,2011-06-10T10:00:00+00:00,5292.671
21419,2011-06-10T10:15:00+00:00,5292.693
21419,2011-06-10T10:30:00+00:00,5292.711
21419,2011-06-10T10:45:00+00:00,5292.725
21419,2011-06-10T11:00:00+00:00,5292.735
21419,2011-06-10T11:15:00+00:00,5292.741
21419,2011-06-10T11:30:00+00:00,5292.745
21419,2011-06-10T11:45:00+00:00,5292.743
21419,2011-06-10T12:00:00+00:00,5292.736
21419,2011-06-10T12:15:00+00:00,5292.724
21419,2011-06-10T12:30:00+00:00,5292.713
21419,2011-06-10T12:45:00+00:00,5292.696
21419,2011-06-10T13:00:00+00:00,5292.675
21419,2011-06-10T13:15:00+00:00,5292.652
21419,2011-06-10T13:30:00+00:00,5292.627
21419,2011-06-10T13:45:00+00:00,5292.601
21419,2011-06-10T14:00:00+00:00,5292.574
21419,2011-06-10T14:15:00+00:00,5292.543
21419,2011-06-10T14:30:00+00:00,5292.512
21419,2011-06-10T14:45:00+00:00,5292.481
21419,2011-06-10T15:00:00+00:00,5292.448
21419,2011-06-10T15:15:00+00:00,5292.418
21419,2011-06-10T15:30:00+00:00,5292.384
21419,2011-06-10T15:45:00+00:00,5292.351
21419,2011-06-10T16:00:00+00:00,5292.320
21419,2011-06-10T16:15:00+00:00,5292.291
21419,2011-06-10T16:30:00+00:00,5292.264
21419,2011-06-10T16:45:00+00:00,5292.238
21419,2011-06-10T17:00:00+00:00,5292.214
21419,2011-06-10T17:15:00+00:00,5292.194
21419,2011-06-10T17:30:00+00:00,5292.175
21419,2011-06-10T17:45:00+00:00,5292.159
21419,2011-06-10T18:00:00+00:00,5292.147
21419,2011-06-10T18:15:00+00:00,5292.138
21419,2011-06-10T18:30:00+00:00,5292.133
21419,2011-06-10T18:45:00+00:00,5292.130
21419,2011-06-10T19:00:00+00:00,5292.131
21419,2011-06-10T19:15:00+00:00,5292.134
21419,2011-06-10T19:30:00+00:00,5292.142
21419,2011-06-10T19:45:00+00:00,5292.149
21419,2011-06-10T20:00:00+00:00,5292.158
21419,2011-06-10T20:15:00+00:00,5292.172
21419,2011-06-10T20:30:00+00:00,5292.186
21419,2011-06-10T20:45:00+00:00,5292.203
21419,2011-06-10T21:00:00+00:00,5292.219
21419,2011-06-10T21:15:00+00:00,5292.237
21419,2011-06-10T21:30:00+00:00,5292.259
21419,2011-06-10T21:45:00+00:00,5292.280
21419,2011-06-10T22:00:00+00:00,5292.300
21419,2011-06-10T22:15:00+00:00,5292.320
21419,2011-06-10T22:30:00+00:00,5292.339
21419,2011-06-10T22:45:00+00:00,5292.354
21419,2011-06-10T23:00:00+00:00,5292.368
21419,2011-06-10T23:15:00+00:00,5292.382
21419,2011-06-10T23:30:00+00:00,5292.396
21419,2011-06-10T23:45:00+00:00,5292.405
21419,2011-06-11T00:00:00+00:00,5292.415
21419,2011-06-11T00:15:00+00:00,5292.422
21419,2011-06-11T00:30:00+00:00,5292.430
21419,2011-06-11T00:45:00+00:00,5292.435
21419,2011-06-11T01:00:00+00:00,5292.442
21419,2011-06-11T01:15:00+00:00,5292.441
21419,2011-06-11T01:30:00+00:00,5292.444
21419,2011-06-11T01:45:00+00:00,5292.445
21419,2011-06-11T02:00:00+00:00,5292.443
21419,2011-06-11T02:15:00+00:00,5292.438
21419,2011-06-11T02:30:00+00:00,5292.434
21419,2011-06-11T02:45:00+00:00,5292.433
21419,2011-06-11T03:00:00+00:00,5292.430
21419,2011-06-11T03:15:00+00:00,5292.424
21419,2011-06-11T03:30:00+00:00,5292.419
21419,2011-06-11T03:45:00+00:00,5292.416
21419,2011-06-11T04:00:00+00:00,5292.412
21419,2011-06-11T04:15:00+00:00,5292.409
21419,2011-06-11T04:30:00+00:00,5292.404
21419,2011-06-11T04:45:00+00:00,5292.401
21419,2011-06-11T05:00:00+00:00,5292.400
21419,2011-06-11T05:15:00+00:00,5292.401
21419,2011-06-11T05:30:00+00:00,5292.401
21419,2011-06-11T05:45:00+00:00,5292.405
21419,2011-06-11T06:00:00+00:00,5292.412
21419,2011-06-11T06:15:00+00:00,5292.419
21419,2011-06-11T06:30:00+00:00,5292.428
21419,2011-06-11T06:45:00+00:00,5292.439
21419,2011-06-11T07:00:00+00:00,5292.449
21419,2011-06-11T07:15:00+00:00,5292.462
21419,2011-06-11T07:30:00+00:00,5292.481
21419,2011-06-11T07:45:00+00:00,5292.497
21419,2011-06-11T08:00:00+00:00,5292.516
21419,2011-06-11T08:15:00+00:00,5292.535
21419,2011-06-11T08:30:00+00:00,5292.558
21419,2011-06-11T08:45:00+00:00,5292.581
21419,2011-06-11T09:00:00+00:00,5292.601
21419,2011-06-11T09:15:00+00:00,5292.623
21419,2011-06-11T09:30:00+00:00,5292.648
21419,2011-06-11T09:45:00+00:00,5292.673
21419,2011-06-11T10:00:00+00:00,5292.699
21419,2011-06-11T10:15:00+00:00,5292.719
21419,2011-06-11T10:30:00+00:00,5292.740
21419,2011-06-11T10:45:00+00:00,5292.759
21419,2011-06-11T11:00:00+00:00,5292.771
21419,2011-06-11T11:15:00+00:00,5292.781
21419,2011-06-11T11:30:00+00:00,5292.789
21419,2011-06-11T11:45:00+00:00,5292.793
21419,2011-06-11T12:00:00+00:00,5292.794
21419,2011-06-11T12:15:00+00:00,5292.789
21419,2011-06-11T12:30:00+00:00,5292.781
21419,2011-06-11T12:45:00+00:00,5292.769
21419,2011-06-11T13:00:00+00:00,5292.757
21419,2011-06-11T13:15:00+00:00,5292.740
21419,2011-06-11T13:30:00+00:00,5292.719
21419,2011-06-11T13:45:00+00:00,5292.694
21419,2011-06-11T14:00:00+00:00,5292.668
21419,2011-06-11T14:15:00+00:00,5292.642
21419,2011-06-11T14:30:00+00:00,5292.608
21419,2011-06-11T14:45:00+00:00,5292.577
21419,2011-06-11T15:00:00+00:00,5292.543
21419,2011-06-11T15:15:00+00:00,5292.506
21419,2011-06-11T15:30:00+00:00,5292.469
21419,2011-06-11T15:45:00+00:00,5292.431
21419,2011-06-11T16:00:00+00:00,5292.389
21419,2011-06-11T16:15:00+00:00,5292.350
21419,2011-06-11T16:30:00+00:00,5292.309
21419,2011-06-11T16:45:00+00:00,5292.270
21419,2011-06-11T17:00:00+00:00,5292.233
21419,2011-06-11T17:15:00+00:00,5292.200
21419,2011-06-11T17:30:00+00:00,5292.166
21419,2011-06-11T17:45:00+00:00,5292.136
21419,2011-06-11T18:00:00+00:00,5292.106
21419,2011-06-11T18:15:00+00:00,5292.080
21419,2011-06-11T18:30:00+00:00,5292.057
21419,2011-06-11T18:45:00+00:00,5292.037
21419,2011-06-11T19:00:00+00:00,5292.024
21419,2011-06-11T19:15:00+00:00,5292.014
21419,2011-06-11T19:30:00+00:00,5292.004
21419,2011-06-11T19:45:00+00:00,5291.999
21419,2011-06-11T20:00:00+00:00,5291.999
21419,2011-06-11T20:15:00+00:00,5292.004
21419,2011-06-11T20:30:00+00:00,5292.007
21419,2011-06-11T20:45:00+00:00,5292.016
21419,2011-06-11T21:00:00+00:00,5292.028
21419,2011-06-11T21:15:00+00:00,5292.045
21419,2011-06-11T21:30:00+00:00,5292.062
21419,2011-06-11T21:45:00+00:00,5292.083
21419,2011-06-11T22:00:00+00:00,5292.105
21419,2011-06-11T22:15:00+00:00,5292.127
21419,2011-06-11T22:30:00+00:00,5292.151
21419,2011-06-11T22:45:00+00:00,5292.173
21419,2011-06-11T23:00:00+00:00,5292.201
21419,2011-06-11T23:15:00+00:00,5292.224
21419,2011-06-11T23:30:00+00:00,5292.249
21419,2011-06-11T23:45:00+00:00,5292.277
21419,2011-06-12T00:00:00+00:00,5292.303
21419,2011-06-12T00:15:00+00:00,5292.328
21419,2011-06-12T00:30:00+00:00,5292.356
21419,2011-06-12T00:45:00+00:00,5292.380
21419,2011-06-12T01:00:00+00:00,5292.403
21419,2011-06-12T01:15:00+00:00,5292.426
21419,2011-06-12T01:30:00+00:00,5292.445
21419,2011-06-12T01:45:00+00:00,5292.462
21419,2011-06-12T02:00:00+00:00,5292.477
21419,2011-06-12T02:15:00+00:00,5292.490
21419,2011-06-12T02:30:00+00:00,5292.504
21419,2011-06-12T02:45:00+00:00,5292.516
21419,2011-06-12T03:00:00+00:00,5292.524
21419,2011-06-12T03:15:00+00:00,5292.532
21419,2011-06-12T03:30:00+00:00,5292.539
21419,2011-06-12T03:45:00+00:00,5292.545
21419,2011-06-12T04:00:00+00:00,5292.549
21419,2011-06-12T04:15:00+00:00,5292.551
21419,2011-06-12T04:30:00+00:00,5292.552
21419,2011-06-12T04:45:00+00:00,5292.554
21419,2011-06-12T05:00:00+00:00,5292.555
21419,2011-06-12T05:15:00+00:00,5292.556
21419,2011-06-12T05:30:00+00:00,5292.556
21419,2011-06-12T05:45:00+00:00,5292.559
21419,2011-06-12T06:00:00+00:00,5292.562
21419,2011-06-12T06:15:00+00:00,5292.563
21419,2011-06-12T06:30:00+00:00,5292.566
21419,2011-06-12T06:45:00+00:00,5292.572
21419,2011-06-12T07:00:00+00:00,5292.579
21419,2011-06-12T07:15:00+00:00,5292.585
21419,2011-06-12T07:30:00+00:00,5292.594
21419,2011-06-12T07:45:00+00:00,5292.604
21419,2011-06-12T08:00:00+00:00,5292.614
21419,2011-06-12T08:15:00+00:00,5292.625
21419,2011-06-12T08:30:00+00:00,5292.636
21419,2011-06-12T08:45:00+00:00,5292.649
21419,2011-06-12T09:00:00+00:00,5292.664
21419,2011-06-12T09:15:00+00:00,5292.681
21419,2011-06-12T09:30:00+00:00,5292.696
21419,2011-06-12T09:45:00+00:00,5292.716
21419,2011-06-12T10:00:00+00:00,5292.737
21419,2011-06-12T10:15:00+00:00,5292.756
21419,2011-06-12T10:30:00+00:00,5292.778
21419,2011-06-12T10:45:00+00:00,5292.797
21419,2011-06-12T11:00:00+00:00,5292.815
21419,2011-06-12T11:15:00+00:00,5292.830
21419,2011-06-12T11:30:00+00:00,5292.842
21419,2011-06-12T11:45:00+00:00,5292.854
21419,2011-06-12T12:00:00+00:00,5292.863
21419,2011-06-12T12:15:00+00:00,5292.868
21419,2011-06-12T12:30:00+00:00,5292.870
21419,2011-06-12T12:45:00+00:00,5292.866
21419,2011-06-12T13:00:00+00:00,5292.856
21419,2011-06-12T13:15:00+00:00,5292.846
21419,2011-06-12T13:30:00+00:00,5292.831
21419,2011-06-12T13:45:00+00:00,5292.813
21419,2011-06-12T14:00:00+00:00,5292.792
21419,2011-06-12T14:15:00+00:00,5292.770
21419,2011-06-12T14:30:00+00:00,5292.743
21419,2011-06-12T14:45:00+00:00,5292.713
21419,2011-06-12T15:00:00+00:00,5292.678
21419,2011-06-12T15:15:00+00:00,5292.642
21419,2011-06-12T15:30:00+00:00,5292.603
21419,2011-06-12T15:45:00+00:00,5292.560
21419,2011-06-12T16:00:00+00:00,5292.518
21419,2011-06-12T16:15:00+00:00,5292.471
21419,2011-06-12T16:30:00+00:00,5292.425
21419,2011-06-12T16:45:00+00:00,5292.377
21419,2011-06-12T17:00:00+00:00,5292.330
21419,2011-06-12T17:15:00+00:00,5292.281
21419,2011-06-12T17:30:00+00:00,5292.235
21419,2011-06-12T17:45:00+00:00,5292.189
21419,2011-06-12T18:00:00+00:00,5292.146
21419,2011-06-12T18:15:00+00:00,5292.105
21419,2011-06-12T18:30:00+00:00,5292.066
21419,2011-06-12T18:45:00+00:00,5292.030
21419,2011-06-12T19:00:00+00:00,5291.997
21419,2011-06-12T19:15:00+00:00,5291.969
21419,2011-06-12T19:30:00+00:00,5291.943
21419,2011-06-12T19:45:00+00:00,5291.920
21419,2011-06-12T20:00:00+00:00,5291.903
21419,2011-06-12T20:15:00+00:00,5291.889
21419,2011-06-12T20:30:00+00:00,5291.880
21419,2011-06-12T20:45:00+00:00,5291.876
21419,2011-06-12T21:00:00+00:00,5291.871
21419,2011-06-12T21:15:00+00:00,5291.875
21419,2011-06-12T21:30:00+00:00,5291.881
21419,2011-06-12T21:45:00+00:00,5291.892
21419,2011-06-12T22:00:00+00:00,5291.906
21419,2011-06-12T22:15:00+00:00,5291.922
21419,2011-06-12T22:30:00+00:00,5291.941
21419,2011-06-12T22:45:00+00:00,5291.964
21419,2011-06-12T23:00:00+00:00,5291.985
21419,2011-06-12T23:15:00+00:00,5292.012
21419,2011-06-12T23:30:00+00:00,5292.042
21419,2011-06-12T23:45:00+00:00,5292.075
21419,2011-06-13T00:00:00+00:00,5292.112
21419,2011-06-13T00:15:00+00:00,5292.150
21419,2011-06-13T00:30:00+00:00,5292.188
21419,2011-06-13T00:45:00+00:00,5292.224
21419,2011-06-13T01:00:00+00:00,5292.262
21419,2011-06-13T01:15:00+00:00,5292.298
21419,2011-06-13T01:30:00+00:00,5292.330
21419,2011-06-13T01:45:00+00:00,5292.363
21419,2011-06-13T02:00:00+00:00,5292.396
21419,2011-06-13T02:15:00+00:00,5292.429
21419,2011-06-13T02:30:00+00:00,5292.458
21419,2011-06-13T02:45:00+00:00,5292.485
21419,2011-06-13T03:00:00+00:00,5292.508
21419,2011-06-13T03:15:00+00:00,5292.532
21419,2011-06-13T03:30:00+00:00,5292.551
21419,2011-06-13T03:45:00+00:00,5292.571
21419,2011-06-13T04:00:00+00:00,5292.587
21419,2011-06-13T04:15:00+00:00,5292.602
21419,2011-06-13T04:30:00+00:00,5292.615
21419,2011-06-13T04:45:00+00:00,5292.626
21419,2011-06-13T05:00:00+00:00,5292.636
21419,2011-06-13T05:15:00+00:00,5292.645
21419,2011-06-13T05:30:00+00:00,5292.649
21419,2011-06-13T05:45:00+00:00,5292.655
21419,2011-06-13T06:00:00+00:00,5292.663
21419,2011-06-13T06:15:00+00:00,5292.668
21419,2011-06-13T06:30:00+00:00,5292.670
21419,2011-06-13T06:45:00+00:00,5292.672
21419,2011-06-13T07:00:00+00:00,5292.676
21419,2011-06-13T07:15:00+00:00,5292.678
21419,2011-06-13T07:30:00+00:00,5292.683
21419,2011-06-13T07:45:00+00:00,5292.686
21419,2011-06-13T08:00:00+00:00,5292.693
21419,2011-06-13T08:15:00+00:00,5292.697
21419,2011-06-13T08:30:00+00:00,5292.702
21419,2011-06-13T08:45:00+00:00,5292.707
21419,2011-06-13T09:00:00+00:00,5292.712
21419,2011-06-13T09:15:00+00:00,5292.722
21419,2011-06-13T09:30:00+00:00,5292.733
21419,2011-06-13T09:45:00+00:00,5292.745
21419,2011-06-13T10:00:00+00:00,5292.759
21419,2011-06-13T10:15:00+00:00,5292.774
21419,2011-06-13T10:30:00+00:00,5292.791
21419,2011-06-13T10:45:00+00:00,5292.806
21419,2011-06-13T11:00:00+00:00,5292.819
21419,2011-06-13T11:15:00+00:00,5292.835
21419,2011-06-13T11:30:00+00:00,5292.849
21419,2011-06-13T11:45:00+00:00,5292.861
21419,2011-06-13T12:00:00+00:00,5292.872
21419,2011-06-13T12:15:00+00:00,5292.881
21419,2011-06-13T12:30:00+00:00,5292.889
21419,2011-06-13T12:45:00+00:00,5292.895
21419,2011-06-13T13:00:00+00:00,5292.901
21419,2011-06-13T13:15:00+00:00,5292.901
21419,2011-06-13T13:30:00+00:00,5292.899
21419,2011-06-13T13:45:00+00:00,5292.894
21419,2011-06-13T14:00:00+00:00,5292.885
21419,2011-06-13T14:15:00+00:00,5292.872
21419,2011-06-13T14:30:00+00:00,5292.855
21419,2011-06-13T14:45:00+00:00,5292.831
21419,2011-06-13T15:00:00+00:00,5292.805
21419,2011-06-13T15:15:00+00:00,5292.776
21419,2011-06-13T15:30:00+00:00,5292.743
21419,2011-06-13T15:45:00+00:00,5292.707
21419,2011-06-13T16:00:00+00:00,5292.667
21419,2011-06-13T16:15:00+00:00,5292.626
21419,2011-06-13T16:30:00+00:00,5292.580
21419,2011-06-13T16:45:00+00:00,5292.532
21419,2011-06-13T17:00:00+00:00,5292.483
21419,2011-06-13T17:15:00+00:00,5292.429
21419,2011-06-13T17:30:00+00:00,5292.375
21419,2011-06-13T17:45:00+00:00,5292.323
21419,2011-06-13T18:00:00+00:00,5292.264
21419,2011-06-13T18:15:00+00:00,5292.212
21419,2011-06-13T18:30:00+00:00,5292.159
21419,2011-06-13T18:45:00+00:00,5292.109
21419,2011-06-13T19:00:00+00:00,5292.061
21419,2011-06-13T19:15:00+00:00,5292.016
21419,2011-06-13T19:30:00+00:00,5291.973
21419,2011-06-13T19:45:00+00:00,5291.933
21419,2011-06-13T20:00:00+00:00,5291.897
21419,2011-06-13T20:15:00+00:00,5291.863
21419,2011-06-13T20:30:00+00:00,5291.835
21419,2011-06-13T20:45:00+00:00,5291.808
21419,2011-06-13T21:00:00+00:00,5291.789
21419,2011-06-13T21:15:00+00:00,5291.774
21419,2011-06-13T21:30:00+00:00,5291.766
21419,2011-06-13T21:45:00+00:00,5291.760
21419,2011-06-13T22:00:00+00:00,5291.761
21419,2011-06-13T22:15:00+00:00,5291.765
21419,2011-06-13T22:30:00+00:00,5291.774
21419,2011-06-13T22:45:00+00:00,5291.786
21419,2011-06-13T23:00:00+00:00,5291.803
21419,2011-06-13T23:15:00+00:00,5291.823
21419,2011-06-13T23:30:00+00:00,5291.849
21419,2011-06-13T23:45:00+00:00,5291.879
21419,2011-06-14T00:00:00+00:00,5291.915
21419,2011-06-14T00:15:00+00:00,5291.953
21419,2011-06-14T00:30:00+00:00,5291.996
21419,2011-06-14T00:45:00+00:00,5292.038
21419,2011-06-14T01:00:00+00:00,5292.084
21419,2011-06-14T01:15:00+00:00,5292.131
21419,2011-06-14T01:30:00+00:00,5292.176
21419,2011-06-14T01:45:00+00:00,5292.224
21419,2011-06-14T02:00:00+00:00,5292.270
21419,2011-06-14T02:15:00+00:00,5292.312
21419,2011-06-14T02:30:00+00:00,5292.356
21419,2011-06-14T02:45:00+00:00,5292.401
21419,2011-06-14T03:00:00+00:00,5292.443
21419,2011-06-14T03:15:00+00:00,5292.478
21419,2011-06-14T03:30:00+00:00,5292.514
21419,2011-06-14T03:45:00+00:00,5292.548
21419,2011-06-14T04:00:00+00:00,5292.578
21419,2011-06-14T04:15:00+00:00,5292.605
21419,2011-06-14T04:30:00+00:00,5292.631
21419,2011-06-14T04:45:00+00:00,5292.656
21419,2011-06-14T05:00:00+00:00,5292.678
21419,2011-06-14T05:15:00+00:00,5292.696
21419,2011-06-14T05:30:00+00:00,5292.713
21419,2011-06-14T05:45:00+00:00,5292.727
21419,2011-06-14T06:00:00+00:00,5292.736
21419,2011-06-14T06:15:00+00:00,5292.747
21419,2011-06-14T06:30:00+00:00,5292.751
21419,2011-06-14T06:45:00+00:00,5292.755
21419,2011-06-14T07:00:00+00:00,5292.757
21419,2011-06-14T07:15:00+00:00,5292.759
21419,2011-06-14T07:30:00+00:00,5292.761
21419,2011-06-14T07:45:00+00:00,5292.763
21419,2011-06-14T08:00:00+00:00,5292.762
21419,2011-06-14T08:15:00+00:00,5292.762
21419,2011-06-14T08:30:00+00:00,5292.761
21419,2011-06-14T08:45:00+00:00,5292.762
21419,2011-06-14T09:00:00+00:00,5292.763
21419,2011-06-14T09:15:00+00:00,5292.765
21419,2011-06-14T09:30:00+00:00,5292.769
21419,2011-06-14T09:45:00+00:00,5292.774
21419,2011-06-14T10:00:00+00:00,5292.784
21419,2011-06-14T10:15:00+00:00,5292.790
21419,2011-06-14T10:30:00+00:00,5292.801
21419,2011-06-14T10:45:00+00:00,5292.809
21419,2011-06-14T11:00:00+00:00,5292.821
21419,2011-06-14T11:15:00+00:00,5292.834
21419,2011-06-14T11:30:00+00:00,5292.847
21419,2011-06-14T11:45:00+00:00,5292.859
21419,2011-06-14T12:00:00+00:00,5292.871
21419,2011-06-14T12:15:00+00:00,5292.883
21419,2011-06-14T12:30:00+00:00,5292.893
21419,2011-06-14T12:45:00+00:00,5292.905
21419,2011-06-14T13:00:00+00:00,5292.915
21419,2011-06-14T13:15:00+00:00,5292.923
21419,2011-06-14T13:30:00+00:00,5292.932
21419,2011-06-14T13:45:00+00:00,5292.940
21419,2011-06-14T14:00:00+00:00,5292.941
21419,2011-06-14T14:15:00+00:00,5292.941
21419,2011-06-14T14:30:00+00:00,5292.938
21419,2011-06-14T14:45:00+00:00,5292.928
21419,2011-06-14T15:00:00+00:00,5292.915
21419,2011-06-14T15:15:00+00:00,5292.898
21419,2011-06-14T15:30:00+00:00,5292.875
21419,2011-06-14T15:45:00+00:00,5292.850
21419,2011-06-14T16:00:00+00:00,5292.822
21419,2011-06-14T16:15:00+00:00,5292.787
21419,2011-06-14T16:30:00+00:00,5292.750
21419,2011-06-14T16:45:00+00:00,5292.710
21419,2011-06-14T17:00:00+00:00,5292.665
21419,2011-06-14T17:15:00+00:00,5292.618
21419,2011-06-14T17:30:00+00:00,5292.567
21419,2011-06-14T17:45:00+00:00,5292.511
21419,2011-06-14T18:00:00+00:00,5292.456
21419,2011-06-14T18:15:00+00:00,5292.399
21419,2011-06-14T18:30:00+00:00,5292.340
21419,2011-06-14T18:45:00+00:00,5292.280
21419,2011-06-14T19:00:00+00:00,5292.221
21419,2011-06-14T19:15:00+00:00,5292.162
21419,2011-06-14T19:30:00+00:00,5292.106
21419,2011-06-14T19:45:00+00:00,5292.048
21419,2011-06-14T20:00:00+00:00,5291.994
21419,2011-06-14T20:15:00+00:00,5291.944
21419,2011-06-14T20:30:00+00:00,5291.900
21419,2011-06-14T20:45:00+00:00,5291.854
21419,2011-06-14T21:00:00+00:00,5291.816
21419,2011-06-14T21:15:00+00:00,5291.782
21419,2011-06-14T21:30:00+00:00,5291.751
21419,2011-06-14T21:45:00+00:00,5291.725
21419,2011-06-14T22:00:00+00:00,5291.704
21419,2011-06-14T22:15:00+00:00,5291.692
21419,2011-06-14T22:30:00+00:00,5291.680
21419,2011-06-14T22:45:00+00:00,5291.675
21419,2011-06-14T23:00:00+00:00,5291.674
21419,2011-06-14T23:15:00+00:00,5291.682
21419,2011-06-14T23:30:00+00:00,5291.695
21419,2011-06-14T23:45:00+00:00,5291.713
21419,2011-06-15T00:00:00+00:00,5291.736
21419,2011-06-15T00:15:00+00:00,5291.764
21419,2011-06-15T00:30:00+00:00,5291.798
21419,2011-06-15T00:45:00+00:00,5291.835
21419,2011-06-15T01:00:00+00:00,5291.874
21419,2011-06-15T01:15:00+00:00,5291.918
21419,2011-06-15T01:30:00+00:00,5291.968
21419,2011-06-15T01:45:00+00:00,5292.018
21419,2011-06-15T02:00:00+00:00,5292.070
21419,2011-06-15T02:15:00+00:00,5292.124
21419,2011-06-15T02:30:00+00:00,5292.178
21419,2011-06-15T02:45:00+00:00,5292.230
21419,2011-06-15T03:00:00+00:00,5292.283
21419,2011-06-15T03:15:00+00:00,5292.333
21419,2011-06-15T03:30:00+00:00,5292.379
21419,2011-06-15T03:45:00+00:00,5292.427
21419,2011-06-15T04:00:00+00:00,5292.472
21419,2011-06-15T04:15:00+00:00,5292.514
21419,2011-06-15T04:30:00+00:00,5292.551
21419,2011-06-15T04:45:00+00:00,5292.588
21419,2011-06-15T05:00:00+00:00,5292.622
21419,2011-06-15T05:15:00+00:00,5292.652
21419,2011-06-15T05:30:00+00:00,5292.680
21419,2011-06-15T05:45:00+00:00,5292.704
21419,2011-06-15T06:00:00+00:00,5292.723
21419,2011-06-15T06:15:00+00:00,5292.741
21419,2011-06-15T06:30:00+00:00,5292.756
21419,2011-06-15T06:45:00+00:00,5292.764
21419,2011-06-15T07:00:00+00:00,5292.772
21419,2011-06-15T07:15:00+00:00,5292.780
21419,2011-06-15T07:30:00+00:00,5292.782
21419,2011-06-15T07:45:00+00:00,5292.784
21419,2011-06-15T08:00:00+00:00,5292.787
21419,2011-06-15T08:15:00+00:00,5292.786
21419,2011-06-15T08:30:00+00:00,5292.784
21419,2011-06-15T08:45:00+00:00,5292.781
21419,2011-06-15T09:00:00+00:00,5292.778
21419,2011-06-15T09:15:00+00:00,5292.776
21419,2011-06-15T09:30:00+00:00,5292.776
21419,2011-06-15T09:45:00+00:00,5292.775
21419,2011-06-15T10:00:00+00:00,5292.775
21419,2011-06-15T10:15:00+00:00,5292.779
21419,2011-06-15T10:30:00+00:00,5292.783
21419,2011-06-15T10:45:00+00:00,5292.789
21419,2011-06-15T11:00:00+00:00,5292.796
21419,2011-06-15T11:15:00+00:00,5292.801
21419,2011-06-15T11:30:00+00:00,5292.810
21419,2011-06-15T11:45:00+00:00,5292.818
21419,2011-06-15T12:00:00+00:00,5292.826
21419,2011-06-15T12:15:00+00:00,5292.838
21419,2011-06-15T12:30:00+00:00,5292.847
21419,2011-06-15T12:45:00+00:00,5292.859
21419,2011-06-15T13:00:00+00:00,5292.872
21419,2011-06-15T13:15:00+00:00,5292.887
21419,2011-06-15T13:30:00+00:00,5292.901
21419,2011-06-15T13:45:00+00:00,5292.916
21419,2011-06-15T14:00:00+00:00,5292.927
21419,2011-06-15T14:15:00+00:00,5292.933
21419,2011-06-15T14:30:00+00:00,5292.940
21419,2011-06-15T14:45:00+00:00,5292.941
21419,2011-06-15T15:00:00+00:00,5292.943
21419,2011-06-15T15:15:00+00:00,5292.940
21419,2011-06-15T15:30:00+00:00,5292.934
21419,2011-06-15T15:45:00+00:00,5292.924
21419,2011-06-15T16:00:00+00:00,5292.907
21419,2011-06-15T16:15:00+00:00,5292.888
21419,2011-06-15T16:30:00+00:00,5292.863
21419,2011-06-15T16:45:00+00:00,5292.836
21419,2011-06-15T17:00:00+00:00,5292.806
21419,2011-06-15T17:15:00+00:00,5292.766
21419,2011-06-15T17:30:00+00:00,5292.728
21419,2011-06-15T17:45:00+00:00,5292.685
21419,2011-06-15T18:00:00+00:00,5292.638
21419,2011-06-15T18:15:00+00:00,5292.584
21419,2011-06-15T18:30:00+00:00,5292.532
21419,2011-06-15T18:45:00+00:00,5292.474
21419,2011-06-15T19:00:00+00:00,5292.414
21419,2011-06-15T19:15:00+00:00,5292.351
21419,2011-06-15T19:30:00+00:00,5292.288
21419,2011-06-15T19:45:00+00:00,5292.226
21419,2011-06-15T20:00:00+00:00,5292.162
21419,2011-06-15T20:15:00+00:00,5292.102
21419,2011-06-15T20:30:00+00:00,5292.041
21419,2011-06-15T20:45:00+00:00,5291.981
21419,2011-06-15T21:00:00+00:00,5291.927
21419,2011-06-15T21:15:00+00:00,5291.875
21419,2011-06-15T21:30:00+00:00,5291.828
21419,2011-06-15T21:45:00+00:00,5291.784
21419,2011-06-15T22:00:00+00:00,5291.743
21419,2011-06-15T22:15:00+00:00,5291.707
21419,2011-06-15T22:30:00+00:00,5291.677
21419,2011-06-15T22:45:00+00:00,5291.652
21419,2011-06-15T23:00:00+00:00,5291.634
21419,2011-06-15T23:15:00+00:00,5291.623
21419,2011-06-15T23:30:00+00:00,5291.616
21419,2011-06-15T23:45:00+00:00,5291.619
21419,2011-06-16T00:00:00+00:00,5291.627
21419,2011-06-16T00:15:00+00:00,5291.641
21419,2011-06-16T00:30:00+00:00,5291.661
21419,2011-06-16T00:45:00+00:00,5291.686
21419,2011-06-16T01:00:00+00:00,5291.717
21419,2011-06-16T01:15:00+00:00,5291.752
21419,2011-06-16T01:30:00+00:00,5291.794
21419,2011-06-16T01:45:00+00:00,5291.838
21419,2011-06-16T02:00:00+00:00,5291.888
21419,2011-06-16T02:15:00+00:00,5291.939
21419,2011-06-16T02:30:00+00:00,5291.995
21419,2011-06-16T02:45:00+00:00,5292.052
21419,2011-06-16T03:00:00+00:00,5292.107
21419,2011-06-16T03:15:00+00:00,5292.163
21419,2011-06-16T03:30:00+00:00,5292.219
21419,2011-06-16T03:45:00+00:00,5292.275
21419,2011-06-16T04:00:00+00:00,5292.327
21419,2011-06-16T04:15:00+00:00,5292.378
21419,2011-06-16T04:30:00+00:00,5292.427
21419,2011-06-16T04:45:00+00:00,5292.474
21419,2011-06-16T05:00:00+00:00,5292.518
21419,2011-06-16T05:15:00+00:00,5292.562
21419,2011-06-16T05:30:00+00:00,5292.598
21419,2011-06-16T05:45:00+00:00,5292.632
21419,2011-06-16T06:00:00+00:00,5292.663
21419,2011-06-16T06:15:00+00:00,5292.689
21419,2011-06-16T06:30:00+00:00,5292.712
21419,2011-06-16T06:45:00+00:00,5292.732
21419,2011-06-16T07:00:00+00:00,5292.749
21419,2011-06-16T07:15:00+00:00,5292.763
21419,2011-06-16T07:30:00+00:00,5292.774
21419,2011-06-16T07:45:00+00:00,5292.781
21419,2011-06-16T08:00:00+00:00,5292.787
21419,2011-06-16T08:15:00+00:00,5292.789
21419,2011-06-16T08:30:00+00:00,5292.790
21419,2011-06-16T08:45:00+00:00,5292.786
21419,2011-06-16T09:00:00+00:00,5292.782
21419,2011-06-16T09:15:00+00:00,5292.777
21419,2011-06-16T09:30:00+00:00,5292.774
21419,2011-06-16T09:45:00+00:00,5292.768
21419,2011-06-16T10:00:00+00:00,5292.765
21419,2011-06-16T10:15:00+00:00,5292.763
21419,2011-06-16T10:30:00+00:00,5292.759
21419,2011-06-16T10:45:00+00:00,5292.758
21419,2011-06-16T11:00:00+00:00,5292.756
21419,2011-06-16T11:15:00+00:00,5292.756
21419,2011-06-16T11:30:00+00:00,5292.758
21419,2011-06-16T11:45:00+00:00,5292.761
21419,2011-06-16T12:00:00+00:00,5292.766
21419,2011-06-16T12:15:00+00:00,5292.770
21419,2011-06-16T12:30:00+00:00,5292.778
21419,2011-06-16T12:45:00+00:00,5292.787
21419,2011-06-16T13:00:00+00:00,5292.798
21419,2011-06-16T13:15:00+00:00,5292.813
21419,2011-06-16T13:30:00+00:00,5292.826
21419,2011-06-16T13:45:00+00:00,5292.837
21419,2011-06-16T14:00:00+00:00,5292.852
21419,2011-06-16T14:15:00+00:00,5292.868
21419,2011-06-16T14:30:00+00:00,5292.881
21419,2011-06-16T14:45:00+00:00,5292.893
21419,2011-06-16T15:00:00+00:00,5292.903
21419,2011-06-16T15:15:00+00:00,5292.911
21419,2011-06-16T15:30:00+00:00,5292.918
21419,2011-06-16T15:45:00+00:00,5292.922
21419,2011-06-16T16:00:00+00:00,5292.922
21419,2011-06-16T16:15:00+00:00,5292.921
21419,2011-06-16T16:30:00+00:00,5292.914
21419,2011-06-16T16:45:00+00:00,5292.901
21419,2011-06-16T17:00:00+00:00,5292.886
21419,2011-06-16T17:15:00+00:00,5292.866
21419,2011-06-16T17:30:00+00:00,5292.839
21419,2011-06-16T17:45:00+00:00,5292.808
21419,2011-06-16T18:00:00+00:00,5292.773
21419,2011-06-16T18:15:00+00:00,5292.732
21419,2011-06-16T18:30:00+00:00,5292.691
21419,2011-06-16T18:45:00+00:00,5292.641
21419,2011-06-16T19:00:00+00:00,5292.591
21419,2011-06-16T19:15:00+00:00,5292.536
21419,2011-06-16T19:30:00+00:00,5292.478
21419,2011-06-16T19:45:00+00:00,5292.418
21419,2011-06-16T20:00:00+00:00,5292.356
21419,2011-06-16T20:15:00+00:00,5292.293
21419,2011-06-16T20:30:00+00:00,5292.227
21419,2011-06-16T20:45:00+00:00,5292.164
21419,2011-06-16T21:00:00+00:00,5292.105
21419,2011-06-16T21:15:00+00:00,5292.040
21419,2011-06-16T21:30:00+00:00,5291.980
21419,2011-06-16T21:45:00+00:00,5291.922
21419,2011-06-16T22:00:00+00:00,5291.869
21419,2011-06-16T22:15:00+00:00,5291.817
21419,2011-06-16T22:30:00+00:00,5291.769
21419,2011-06-16T22:45:00+00:00,5291.729
21419,2011-06-16T23:00:00+00:00,5291.691
21419,2011-06-16T23:15:00+00:00,5291.660
21419,2011-06-16T23:30:00+00:00,5291.638
21419,2011-06-16T23:45:00+00:00,5291.621
21419,2011-06-17T00:00:00+00:00,5291.611
21419,2011-06-17T00:15:00+00:00,5291.606
21419,2011-06-17T00:30:00+00:00,5291.611
21419,2011-06-17T00:45:00+00:00,5291.619
21419,2011-06-17T01:00:00+00:00,5291.635
21419,2011-06-17T01:15:00+00:00,5291.655
21419,2011-06-17T01:30:00+00:00,5291.681
21419,2011-06-17T01:45:00+00:00,5291.714
21419,2011-06-17T02:00:00+00:00,5291.752
21419,2011-06-17T02:15:00+00:00,5291.794
21419,2011-06-17T02:30:00+00:00,5291.841
21419,2011-06-17T02:45:00+00:00,5291.892
21419,2011-06-17T03:00:00+00:00,5291.946
21419,2011-06-17T03:15:00+00:00,5292.004
21419,2011-06-17T03:30:00+00:00,5292.062
21419,2011-06-17T03:45:00+00:00,5292.120
21419,2011-06-17T04:00:00+00:00,5292.179
21419,2011-06-17T04:15:00+00:00,5292.240
21419,2011-06-17T04:30:00+00:00,5292.296
21419,2011-06-17T04:45:00+00:00,5292.354
21419,2011-06-17T05:00:00+00:00,5292.408
21419,2011-06-17T05:15:00+00:00,5292.456
21419,2011-06-17T05:30:00+00:00,5292.504
21419,2011-06-17T05:45:00+00:00,5292.548
21419,2011-06-17T06:00:00+00:00,5292.587
21419,2011-06-17T06:15:00+00:00,5292.627
21419,2011-06-17T06:30:00+00:00,5292.661
21419,2011-06-17T06:45:00+00:00,5292.692
21419,2011-06-17T07:00:00+00:00,5292.719
21419,2011-06-17T07:15:00+00:00,5292.738
21419,2011-06-17T07:30:00+00:00,5292.755
21419,2011-06-17T07:45:00+00:00,5292.766
21419,2011-06-17T08:00:00+00:00,5292.777
21419,2011-06-17T08:15:00+00:00,5292.786
21419,2011-06-17T08:30:00+00:00,5292.789
21419,2011-06-17T08:45:00+00:00,5292.789
21419,2011-06-17T09:00:00+00:00,5292.792
21419,2011-06-17T09:15:00+00:00,5292.787
21419,2011-06-17T09:30:00+00:00,5292.780
21419,2011-06-17T09:45:00+00:00,5292.774
21419,2011-06-17T10:00:00+00:00,5292.769
21419,2011-06-17T10:15:00+00:00,5292.762
21419,2011-06-17T10:30:00+00:00,5292.755
21419,2011-06-17T10:45:00+00:00,5292.749
21419,2011-06-17T11:00:00+00:00,5292.741
21419,2011-06-17T11:15:00+00:00,5292.734
21419,2011-06-17T11:30:00+00:00,5292.728
21419,2011-06-17T11:45:00+00:00,5292.726
21419,2011-06-17T12:00:00+00:00,5292.722
21419,2011-06-17T12:15:00+00:00,5292.720
21419,2011-06-17T12:30:00+00:00,5292.720
21419,2011-06-17T12:45:00+00:00,5292.725
21419,2011-06-17T13:00:00+00:00,5292.734
21419,2011-06-17T13:15:00+00:00,5292.745
21419,2011-06-17T13:30:00+00:00,5292.755
21419,2011-06-17T13:45:00+00:00,5292.767
21419,2011-06-17T14:00:00+00:00,5292.781
21419,2011-06-17T14:15:00+00:00,5292.795
21419,2011-06-17T14:30:00+00:00,5292.810
21419,2011-06-17T14:45:00+00:00,5292.824
21419,2011-06-17T15:00:00+00:00,5292.840
21419,2011-06-17T15:15:00+00:00,5292.855
21419,2011-06-17T15:30:00+00:00,5292.870
21419,2011-06-17T15:45:00+00:00,5292.883
21419,2011-06-17T16:00:00+00:00,5292.894
21419,2011-06-17T16:15:00+00:00,5292.905
21419,2011-06-17T16:30:00+00:00,5292.913
21419,2011-06-17T16:45:00+00:00,5292.920
21419,2011-06-17T17:00:00+00:00,5292.920
21419,2011-06-17T17:15:00+00:00,5292.916
21419,2011-06-17T17:30:00+00:00,5292.908
21419,2011-06-17T17:45:00+00:00,5292.895
21419,2011-06-17T18:00:00+00:00,5292.875
21419,2011-06-17T18:15:00+00:00,5292.852
21419,2011-06-17T18:30:00+00:00,5292.825
21419,2011-06-17T18:45:00+00:00,5292.792
21419,2011-06-17T19:00:00+00:00,5292.756
21419,2011-06-17T19:15:00+00:00,5292.716
21419,2011-06-17T19:30:00+00:00,5292.669
21419,2011-06-17T19:45:00+00:00,5292.620
21419,2011-06-17T20:00:00+00:00,5292.569
21419,2011-06-17T20:15:00+00:00,5292.512
21419,2011-06-17T20:30:00+00:00,5292.455
21419,2011-06-17T20:45:00+00:00,5292.393
21419,2011-06-17T21:00:00+00:00,5292.328
21419,2011-06-17T21:15:00+00:00,5292.265
21419,2011-06-17T21:30:00+00:00,5292.202
21419,2011-06-17T21:45:00+00:00,5292.139
21419,2011-06-17T22:00:00+00:00,5292.076
21419,2011-06-17T22:15:00+00:00,5292.015
21419,2011-06-17T22:30:00+00:00,5291.958
21419,2011-06-17T22:45:00+00:00,5291.914
21419,2011-06-17T23:00:00+00:00,5291.861
21419,2011-06-17T23:15:00+00:00,5291.816
21419,2011-06-17T23:30:00+00:00,5291.774
21419,2011-06-17T23:45:00+00:00,5291.739
21419,2011-06-18T00:00:00+00:00,5291.711
21419,2011-06-18T00:15:00+00:00,5291.691
21419,2011-06-18T00:30:00+00:00,5291.677
21419,2011-06-18T00:45:00+00:00,5291.670
21419,2011-06-18T01:00:00+00:00,5291.668
21419,2011-06-18T01:15:00+00:00,5291.673
21419,2011-06-18T01:30:00+00:00,5291.683
21419,2011-06-18T01:45:00+00:00,5291.700
21419,2011-06-18T02:00:00+00:00,5291.722
21419,2011-06-18T02:15:00+00:00,5291.748
21419,2011-06-18T02:30:00+00:00,5291.784
21419,2011-06-18T02:45:00+00:00,5291.823
21419,2011-06-18T03:00:00+00:00,5291.869
21419,2011-06-18T03:15:00+00:00,5291.915
21419,2011-06-18T03:30:00+00:00,5291.968
21419,2011-06-18T03:45:00+00:00,5292.021
21419,2011-06-18T04:00:00+00:00,5292.077
21419,2011-06-18T04:15:00+00:00,5292.137
21419,2011-06-18T04:30:00+00:00,5292.195
21419,2011-06-18T04:45:00+00:00,5292.253
21419,2011-06-18T05:00:00+00:00,5292.310
21419,2011-06-18T05:15:00+00:00,5292.366
21419,2011-06-18T05:30:00+00:00,5292.421
21419,2011-06-18T05:45:00+00:00,5292.471
21419,2011-06-18T06:00:00+00:00,5292.523
21419,2011-06-18T06:15:00+00:00,5292.568
21419,2011-06-18T06:30:00+00:00,5292.612
21419,2011-06-18T06:45:00+00:00,5292.648
21419,2011-06-18T07:00:00+00:00,5292.680
21419,2011-06-18T07:15:00+00:00,5292.709
21419,2011-06-18T07:30:00+00:00,5292.731
21419,2011-06-18T07:45:00+00:00,5292.749
21419,2011-06-18T08:00:00+00:00,5292.763
21419,2011-06-18T08:15:00+00:00,5292.775
21419,2011-06-18T08:30:00+00:00,5292.781
21419,2011-06-18T08:45:00+00:00,5292.785
21419,2011-06-18T09:00:00+00:00,5292.786
21419,2011-06-18T09:15:00+00:00,5292.786
21419,2011-06-18T09:30:00+00:00,5292.784
21419,2011-06-18T09:45:00+00:00,5292.778
21419,2011-06-18T10:00:00+00:00,5292.770
21419,2011-06-18T10:15:00+00:00,5292.762
21419,2011-06-18T10:30:00+00:00,5292.749
21419,2011-06-18T10:45:00+00:00,5292.738
21419,2011-06-18T11:00:00+00:00,5292.724
21419,2011-06-18T11:15:00+00:00,5292.713
21419,2011-06-18T11:30:00+00:00,5292.703
21419,2011-06-18T11:45:00+00:00,5292.690
21419,2011-06-18T12:00:00+00:00,5292.681
21419,2011-06-18T12:15:00+00:00,5292.672
21419,2011-06-18T12:30:00+00:00,5292.667
21419,2011-06-18T12:45:00+00:00,5292.664
21419,2011-06-18T13:00:00+00:00,5292.663
21419,2011-06-18T13:15:00+00:00,5292.665
21419,2011-06-18T13:30:00+00:00,5292.671
21419,2011-06-18T13:45:00+00:00,5292.675
21419,2011-06-18T14:00:00+00:00,5292.685
21419,2011-06-18T14:15:00+00:00,5292.694
21419,2011-06-18T14:30:00+00:00,5292.704
21419,2011-06-18T14:45:00+00:00,5292.718
21419,2011-06-18T15:00:00+00:00,5292.732
21419,2011-06-18T15:15:00+00:00,5292.750
21419,2011-06-18T15:30:00+00:00,5292.769
21419,2011-06-18T15:45:00+00:00,5292.787
21419,2011-06-18T16:00:00+00:00,5292.806
21419,2011-06-18T16:15:00+00:00,5292.823
21419,2011-06-18T16:30:00+00:00,5292.839
21419,2011-06-18T16:45:00+00:00,5292.853
21419,2011-06-18T17:00:00+00:00,5292.868
21419,2011-06-18T17:15:00+00:00,5292.880
21419,2011-06-18T17:30:00+00:00,5292.887
21419,2011-06-18T17:45:00+00:00,5292.890
21419,2011-06-18T18:00:00+00:00,5292.891
21419,2011-06-18T18:15:00+00:00,5292.886
21419,2011-06-18T18:30:00+00:00,5292.874
21419,2011-06-18T18:45:00+00:00,5292.859
21419,2011-06-18T19:00:00+00:00,5292.839
21419,2011-06-18T19:15:00+00:00,5292.816
21419,2011-06-18T19:30:00+00:00,5292.788
21419,2011-06-18T19:45:00+00:00,5292.756
21419,2011-06-18T20:00:00+00:00,5292.717
21419,2011-06-18T20:15:00+00:00,5292.674
21419,2011-06-18T20:30:00+00:00,5292.626
21419,2011-06-18T20:45:00+00:00,5292.575
21419,2011-06-18T21:00:00+00:00,5292.522
21419,2011-06-18T21:15:00+00:00,5292.465
21419,2011-06-18T21:30:00+00:00,5292.407
21419,2011-06-18T21:45:00+00:00,5292.347
21419,2011-06-18T22:00:00+00:00,5292.286
21419,2011-06-18T22:15:00+00:00,5292.224
21419,2011-06-18T22:30:00+00:00,5292.165
21419,2011-06-18T22:45:00+00:00,5292.108
21419,2011-06-18T23:00:00+00:00,5292.052
21419,2011-06-18T23:15:00+00:00,5291.996
21419,2011-06-18T23:30:00+00:00,5291.946
21419,2011-06-18T23:45:00+00:00,5291.900
21419,2011-06-19T00:00:00+00:00,5291.858
21419,2011-06-19T00:15:00+00:00,5291.822
21419,2011-06-19T00:30:00+00:00,5291.792
21419,2011-06-19T00:45:00+00:00,5291.768
21419,2011-06-19T01:00:00+00:00,5291.749
21419,2011-06-19T01:15:00+00:00,5291.740
21419,2011-06-19T01:30:00+00:00,5291.735
21419,2011-06-19T01:45:00+00:00,5291.737
21419,2011-06-19T02:00:00+00:00,5291.747
21419,2011-06-19T02:15:00+00:00,5291.759
21419,2011-06-19T02:30:00+00:00,5291.778
21419,2011-06-19T02:45:00+00:00,5291.803
21419,2011-06-19T03:00:00+00:00,5291.832
21419,2011-06-19T03:15:00+00:00,5291.865
21419,2011-06-19T03:30:00+00:00,5291.905
21419,2011-06-19T03:45:00+00:00,5291.949
21419,2011-06-19T04:00:00+00:00,5291.998
21419,2011-06-19T04:15:00+00:00,5292.048
21419,2011-06-19T04:30:00+00:00,5292.100
21419,2011-06-19T04:45:00+00:00,5292.157
21419,2011-06-19T05:00:00+00:00,5292.214
21419,2011-06-19T05:15:00+00:00,5292.273
21419,2011-06-19T05:30:00+00:00,5292.330
21419,2011-06-19T05:45:00+00:00,5292.385
21419,2011-06-19T06:00:00+00:00,5292.438
21419,2011-06-19T06:15:00+00:00,5292.489
21419,2011-06-19T06:30:00+00:00,5292.534
21419,2011-06-19T06:45:00+00:00,5292.579
21419,2011-06-19T07:00:00+00:00,5292.620
21419,2011-06-19T07:15:00+00:00,5292.653
21419,2011-06-19T07:30:00+00:00,5292.685
21419,2011-06-19T07:45:00+00:00,5292.714
21419,2011-06-19T08:00:00+00:00,5292.737
21419,2011-06-19T08:15:00+00:00,5292.754
21419,2011-06-19T08:30:00+00:00,5292.767
21419,2011-06-19T08:45:00+00:00,5292.777
21419,2011-06-19T09:00:00+00:00,5292.783
21419,2011-06-19T09:15:00+00:00,5292.786
21419,2011-06-19T09:30:00+00:00,5292.785
21419,2011-06-19T09:45:00+00:00,5292.779
21419,2011-06-19T10:00:00+00:00,5292.771
21419,2011-06-19T10:15:00+00:00,5292.764
21419,2011-06-19T10:30:00+00:00,5292.754
21419,2011-06-19T10:45:00+00:00,5292.740
21419,2011-06-19T11:00:00+00:00,5292.723
21419,2011-06-19T11:15:00+00:00,5292.709
21419,2011-06-19T11:30:00+00:00,5292.693
21419,2011-06-19T11:45:00+00:00,5292.677
21419,2011-06-19T12:00:00+00:00,5292.661
21419,2011-06-19T12:15:00+00:00,5292.648
21419,2011-06-19T12:30:00+00:00,5292.634
21419,2011-06-19T12:45:00+00:00,5292.623
21419,2011-06-19T13:00:00+00:00,5292.611
21419,2011-06-19T13:15:00+00:00,5292.606
21419,2011-06-19T13:30:00+00:00,5292.601
21419,2011-06-19T13:45:00+00:00,5292.600
21419,2011-06-19T14:00:00+00:00,5292.601
21419,2011-06-19T14:15:00+00:00,5292.603
21419,2011-06-19T14:30:00+00:00,5292.608
21419,2011-06-19T14:45:00+00:00,5292.616
21419,2011-06-19T15:00:00+00:00,5292.624
21419,2011-06-19T15:15:00+00:00,5292.636
21419,2011-06-19T15:30:00+00:00,5292.648
21419,2011-06-19T15:45:00+00:00,5292.663
21419,2011-06-19T16:00:00+00:00,5292.677
21419,2011-06-19T16:15:00+00:00,5292.692
21419,2011-06-19T16:30:00+00:00,5292.711
21419,2011-06-19T16:45:00+00:00,5292.728
21419,2011-06-19T17:00:00+00:00,5292.747
21419,2011-06-19T17:15:00+00:00,5292.764
21419,2011-06-19T17:30:00+00:00,5292.781
21419,2011-06-19T17:45:00+00:00,5292.795
21419,2011-06-19T18:00:00+00:00,5292.809
21419,2011-06-19T18:15:00+00:00,5292.818
21419,2011-06-19T18:30:00+00:00,5292.824
21419,2011-06-19T18:45:00+00:00,5292.822
21419,2011-06-19T19:00:00+00:00,5292.822
21419,2011-06-19T19:15:00+00:00,5292.816
21419,2011-06-19T19:30:00+00:00,5292.803
21419,2011-06-19T19:45:00+00:00,5292.787
21419,2011-06-19T20:00:00+00:00,5292.767
21419,2011-06-19T20:15:00+00:00,5292.740
21419,2011-06-19T20:30:00+00:00,5292.713
21419,2011-06-19T20:45:00+00:00,5292.679
21419,2011-06-19T21:00:00+00:00,5292.642
21419,2011-06-19T21:15:00+00:00,5292.599
21419,2011-06-19T21:30:00+00:00,5292.553
21419,2011-06-19T21:45:00+00:00,5292.503
21419,2011-06-19T22:00:00+00:00,5292.450
21419,2011-06-19T22:15:00+00:00,5292.396
21419,2011-06-19T22:30:00+00:00,5292.339
21419,2011-06-19T22:45:00+00:00,5292.282
21419,2011-06-19T23:00:00+00:00,5292.226
21419,2011-06-19T23:15:00+00:00,5292.173
21419,2011-06-19T23:30:00+00:00,5292.119
21419,2011-06-19T23:45:00+00:00,5292.068
21419,2011-06-20T00:00:00+00:00,5292.022
21419,2011-06-20T00:15:00+00:00,5291.978
21419,2011-06-20T00:30:00+00:00,5291.940
21419,2011-06-20T00:45:00+00:00,5291.906
21419,2011-06-20T01:00:00+00:00,5291.880
21419,2011-06-20T01:15:00+00:00,5291.856
21419,2011-06-20T01:30:00+00:00,5291.836
21419,2011-06-20T01:45:00+00:00,5291.822
21419,2011-06-20T02:00:00+00:00,5291.818
21419,2011-06-20T02:15:00+00:00,5291.819
21419,2011-06-20T02:30:00+00:00,5291.821
21419,2011-06-20T02:45:00+00:00,5291.833
21419,2011-06-20T03:00:00+00:00,5291.851
21419,2011-06-20T03:15:00+00:00,5291.871
21419,2011-06-20T03:30:00+00:00,5291.897
21419,2011-06-20T03:45:00+00:00,5291.929
21419,2011-06-20T04:00:00+00:00,5291.965
21419,2011-06-20T04:15:00+00:00,5292.004
21419,2011-06-20T04:30:00+00:00,5292.047
21419,2011-06-20T04:45:00+00:00,5292.091
21419,2011-06-20T05:00:00+00:00,5292.139
21419,2011-06-20T05:15:00+00:00,5292.190
21419,2011-06-20T05:30:00+00:00,5292.242
21419,2011-06-20T05:45:00+00:00,5292.294
21419,2011-06-20T06:00:00+00:00,5292.348
21419,2011-06-20T06:15:00+00:00,5292.398
21419,2011-06-20T06:30:00+00:00,5292.448
21419,2011-06-20T06:45:00+00:00,5292.495
21419,2011-06-20T07:00:00+00:00,5292.537
21419,2011-06-20T07:15:00+00:00,5292.576
21419,2011-06-20T07:30:00+00:00,5292.613
21419,2011-06-20T07:45:00+00:00,5292.645
21419,2011-06-20T08:00:00+00:00,5292.674
21419,2011-06-20T08:15:00+00:00,5292.700
21419,2011-06-20T08:30:00+00:00,5292.720
21419,2011-06-20T08:45:00+00:00,5292.736
21419,2011-06-20T09:00:00+00:00,5292.748
21419,2011-06-20T09:15:00+00:00,5292.758
21419,2011-06-20T09:30:00+00:00,5292.761
21419,2011-06-20T09:45:00+00:00,5292.762
21419,2011-06-20T10:00:00+00:00,5292.762
21419,2011-06-20T10:15:00+00:00,5292.756
21419,2011-06-20T10:30:00+00:00,5292.747
21419,2011-06-20T10:45:00+00:00,5292.735
21419,2011-06-20T11:00:00+00:00,5292.720
21419,2011-06-20T11:15:00+00:00,5292.702
21419,2011-06-20T11:30:00+00:00,5292.684
21419,2011-06-20T11:45:00+00:00,5292.666
21419,2011-06-20T12:00:00+00:00,5292.646
21419,2011-06-20T12:15:00+00:00,5292.626
21419,2011-06-20T12:30:00+00:00,5292.606
21419,2011-06-20T12:45:00+00:00,5292.586
21419,2011-06-20T13:00:00+00:00,5292.568
21419,2011-06-20T13:15:00+00:00,5292.551
21419,2011-06-20T13:30:00+00:00,5292.535
21419,2011-06-20T13:45:00+00:00,5292.522
21419,2011-06-20T14:00:00+00:00,5292.514
21419,2011-06-20T14:15:00+00:00,5292.510
21419,2011-06-20T14:30:00+00:00,5292.506
21419,2011-06-20T14:45:00+00:00,5292.507
21419,2011-06-20T15:00:00+00:00,5292.509
21419,2011-06-20T15:15:00+00:00,5292.513
21419,2011-06-20T15:30:00+00:00,5292.518
21419,2011-06-20T15:45:00+00:00,5292.527
21419,2011-06-20T16:00:00+00:00,5292.537
21419,2011-06-20T16:15:00+00:00,5292.549
21419,2011-06-20T16:30:00+00:00,5292.563
21419,2011-06-20T16:45:00+00:00,5292.579
21419,2011-06-20T17:00:00+00:00,5292.596
21419,2011-06-20T17:15:00+00:00,5292.612
21419,2011-06-20T17:30:00+00:00,5292.633
21419,2011-06-20T17:45:00+00:00,5292.651
21419,2011-06-20T18:00:00+00:00,5292.671
21419,2011-06-20T18:15:00+00:00,5292.689
21419,2011-06-20T18:30:00+00:00,5292.705
21419,2011-06-20T18:45:00+00:00,5292.718
21419,2011-06-20T19:00:00+00:00,5292.729
21419,2011-06-20T19:15:00+00:00,5292.735
21419,2011-06-20T19:30:00+00:00,5292.743
21419,2011-06-20T19:45:00+00:00,5292.744
21419,2011-06-20T20:00:00+00:00,5292.739
21419,2011-06-20T20:15:00+00:00,5292.728
21419,2011-06-20T20:30:00+00:00,5292.716
21419,2011-06-20T20:45:00+00:00,5292.700
21419,2011-06-20T21:00:00+00:00,5292.679
21419,2011-06-20T21:15:00+00:00,5292.652
21419,2011-06-20T21:30:00+00:00,5292.625
21419,2011-06-20T21:45:00+00:00,5292.592
21419,2011-06-20T22:00:00+00:00,5292.555
21419,2011-06-20T22:15:00+00:00,5292.516
21419,2011-06-20T22:30:00+00:00,5292.472
21419,2011-06-20T22:45:00+00:00,5292.427
21419,2011-06-20T23:00:00+00:00,5292.378
21419,2011-06-20T23:15:00+00:00,5292.331
21419,2011-06-20T23:30:00+00:00,5292.281
21419,2011-06-20T23:45:00+00:00,5292.236
21419,2011-06-21T00:00:00+00:00,5292.190
21419,2011-06-21T00:15:00+00:00,5292.146
21419,2011-06-21T00:30:00+00:00,5292.106
21419,2011-06-21T00:45:00+00:00,5292.069
21419,2011-06-21T01:00:00+00:00,5292.035
21419,2011-06-21T01:15:00+00:00,5292.003
21419,2011-06-21T01:30:00+00:00,5291.977
21419,2011-06-21T01:45:00+00:00,5291.957
21419,2011-06-21T02:00:00+00:00,5291.940
21419,2011-06-21T02:15:00+00:00,5291.930
21419,2011-06-21T02:30:00+00:00,5291.924
21419,2011-06-21T02:45:00+00:00,5291.924
21419,2011-06-21T03:00:00+00:00,5291.927
21419,2011-06-21T03:15:00+00:00,5291.939
21419,2011-06-21T03:30:00+00:00,5291.951
21419,2011-06-21T03:45:00+00:00,5291.968
21419,2011-06-21T04:00:00+00:00,5291.993
21419,2011-06-21T04:15:00+00:00,5292.019
21419,2011-06-21T04:30:00+00:00,5292.049
21419,2011-06-21T04:45:00+00:00,5292.085
21419,2011-06-21T05:00:00+00:00,5292.124
21419,2011-06-21T05:15:00+00:00,5292.162
21419,2011-06-21T05:30:00+00:00,5292.205
21419,2011-06-21T05:45:00+00:00,5292.251
21419,2011-06-21T06:00:00+00:00,5292.300
21419,2011-06-21T06:15:00+00:00,5292.346
21419,2011-06-21T06:30:00+00:00,5292.392
21419,2011-06-21T06:45:00+00:00,5292.441
21419,2011-06-21T07:00:00+00:00,5292.483
21419,2011-06-21T07:15:00+00:00,5292.525
21419,2011-06-21T07:30:00+00:00,5292.566
21419,2011-06-21T07:45:00+00:00,5292.603
21419,2011-06-21T08:00:00+00:00,5292.637
21419,2011-06-21T08:15:00+00:00,5292.669
21419,2011-06-21T08:30:00+00:00,5292.695
21419,2011-06-21T08:45:00+00:00,5292.712
21419,2011-06-21T09:00:00+00:00,5292.729
21419,2011-06-21T09:15:00+00:00,5292.744
21419,2011-06-21T09:30:00+00:00,5292.751
21419,2011-06-21T09:45:00+00:00,5292.759
21419,2011-06-21T10:00:00+00:00,5292.759
21419,2011-06-21T10:15:00+00:00,5292.759
21419,2011-06-21T10:30:00+00:00,5292.753
21419,2011-06-21T10:45:00+00:00,5292.747
21419,2011-06-21T11:00:00+00:00,5292.736
21419,2011-06-21T11:15:00+00:00,5292.721
21419,2011-06-21T11:30:00+00:00,5292.703
21419,2011-06-21T11:45:00+00:00,5292.680
21419,2011-06-21T12:00:00+00:00,5292.661
21419,2011-06-21T12:15:00+00:00,5292.636
21419,2011-06-21T12:30:00+00:00,5292.613
21419,2011-06-21T12:45:00+00:00,5292.589
21419,2011-06-21T13:00:00+00:00,5292.569
21419,2011-06-21T13:15:00+00:00,5292.546
21419,2011-06-21T13:30:00+00:00,5292.527
21419,2011-06-21T13:45:00+00:00,5292.506
21419,2011-06-21T14:00:00+00:00,5292.491
21419,2011-06-21T14:15:00+00:00,5292.475
21419,2011-06-21T14:30:00+00:00,5292.463
21419,2011-06-21T14:45:00+00:00,5292.451
21419,2011-06-21T15:00:00+00:00,5292.442
21419,2011-06-21T15:15:00+00:00,5292.435
21419,2011-06-21T15:30:00+00:00,5292.430
21419,2011-06-21T15:45:00+00:00,5292.428
21419,2011-06-21T16:00:00+00:00,5292.430
21419,2011-06-21T16:15:00+00:00,5292.433
21419,2011-06-21T16:30:00+00:00,5292.438
21419,2011-06-21T16:45:00+00:00,5292.444
21419,2011-06-21T17:00:00+00:00,5292.453
21419,2011-06-21T17:15:00+00:00,5292.466
21419,2011-06-21T17:30:00+00:00,5292.476
21419,2011-06-21T17:45:00+00:00,5292.492
21419,2011-06-21T18:00:00+00:00,5292.512
21419,2011-06-21T18:15:00+00:00,5292.528
21419,2011-06-21T18:30:00+00:00,5292.546
21419,2011-06-21T18:45:00+00:00,5292.563
21419,2011-06-21T19:00:00+00:00,5292.580
21419,2011-06-21T19:15:00+00:00,5292.599
21419,2011-06-21T19:30:00+00:00,5292.612
21419,2011-06-21T19:45:00+00:00,5292.623
21419,2011-06-21T20:00:00+00:00,5292.632
21419,2011-06-21T20:15:00+00:00,5292.639
21419,2011-06-21T20:30:00+00:00,5292.642
21419,2011-06-21T20:45:00+00:00,5292.643
21419,2011-06-21T21:00:00+00:00,5292.637
21419,2011-06-21T21:15:00+00:00,5292.625
21419,2011-06-21T21:30:00+00:00,5292.614
21419,2011-06-21T21:45:00+00:00,5292.596
21419,2011-06-21T22:00:00+00:00,5292.574
21419,2011-06-21T22:15:00+00:00,5292.551
21419,2011-06-21T22:30:00+00:00,5292.524
21419,2011-06-21T22:45:00+00:00,5292.493
21419,2011-06-21T23:00:00+00:00,5292.461
21419,2011-06-21T23:15:00+00:00,5292.425
21419,2011-06-21T23:30:00+00:00,5292.392
21419,2011-06-21T23:45:00+00:00,5292.355
21419,2011-06-22T00:00:00+00:00,5292.317
21419,2011-06-22T00:15:00+00:00,5292.281
21419,2011-06-22T00:30:00+00:00,5292.248
21419,2011-06-22T00:45:00+00:00,5292.213
21419,2011-06-22T01:00:00+00:00,5292.178
21419,2011-06-22T01:15:00+00:00,5292.146
21419,2011-06-22T01:30:00+00:00,5292.120
21419,2011-06-22T01:45:00+00:00,5292.094
21419,2011-06-22T02:00:00+00:00,5292.070
21419,2011-06-22T02:15:00+00:00,5292.053
21419,2011-06-22T02:30:00+00:00,5292.038
21419,2011-06-22T02:45:00+00:00,5292.031
21419,2011-06-22T03:00:00+00:00,5292.027
21419,2011-06-22T03:15:00+00:00,5292.025
21419,2011-06-22T03:30:00+00:00,5292.029
21419,2011-06-22T03:45:00+00:00,5292.037
21419,2011-06-22T04:00:00+00:00,5292.053
21419,2011-06-22T04:15:00+00:00,5292.069
21419,2011-06-22T04:30:00+00:00,5292.087
21419,2011-06-22T04:45:00+00:00,5292.112
21419,2011-06-22T05:00:00+00:00,5292.140
21419,2011-06-22T05:15:00+00:00,5292.174
21419,2011-06-22T05:30:00+00:00,5292.206
21419,2011-06-22T05:45:00+00:00,5292.243
21419,2011-06-22T06:00:00+00:00,5292.282
21419,2011-06-22T06:15:00+00:00,5292.322
21419,2011-06-22T06:30:00+00:00,5292.362
21419,2011-06-22T06:45:00+00:00,5292.403
21419,2011-06-22T07:00:00+00:00,5292.442
21419,2011-06-22T07:15:00+00:00,5292.479
21419,2011-06-22T07:30:00+00:00,5292.520
21419,2011-06-22T07:45:00+00:00,5292.559
21419,2011-06-22T08:00:00+00:00,5292.592
21419,2011-06-22T08:15:00+00:00,5292.624
21419,2011-06-22T08:30:00+00:00,5292.654
21419,2011-06-22T08:45:00+00:00,5292.680
21419,2011-06-22T09:00:00+00:00,5292.705
21419,2011-06-22T09:15:00+00:00,5292.722
21419,2011-06-22T09:30:00+00:00,5292.735
21419,2011-06-22T09:45:00+00:00,5292.747
21419,2011-06-22T10:00:00+00:00,5292.756
21419,2011-06-22T10:15:00+00:00,5292.760
21419,2011-06-22T10:30:00+00:00,5292.759
21419,2011-06-22T10:45:00+00:00,5292.756
21419,2011-06-22T11:00:00+00:00,5292.751
21419,2011-06-22T11:15:00+00:00,5292.738
21419,2011-06-22T11:30:00+00:00,5292.725
21419,2011-06-22T11:45:00+00:00,5292.706
21419,2011-06-22T12:00:00+00:00,5292.686
21419,2011-06-22T12:15:00+00:00,5292.662
21419,2011-06-22T12:30:00+00:00,5292.639
21419,2011-06-22T12:45:00+00:00,5292.612
21419,2011-06-22T13:00:00+00:00,5292.587
21419,2011-06-22T13:15:00+00:00,5292.561
21419,2011-06-22T13:30:00+00:00,5292.537
21419,2011-06-22T13:45:00+00:00,5292.509
21419,2011-06-22T14:00:00+00:00,5292.487
21419,2011-06-22T14:15:00+00:00,5292.465
21419,2011-06-22T14:30:00+00:00,5292.442
21419,2011-06-22T14:45:00+00:00,5292.421
21419,2011-06-22T15:00:00+00:00,5292.400
21419,2011-06-22T15:15:00+00:00,5292.381
21419,2011-06-22T15:30:00+00:00,5292.367
21419,2011-06-22T15:45:00+00:00,5292.358
21419,2011-06-22T16:00:00+00:00,5292.350
21419,2011-06-22T16:15:00+00:00,5292.344
21419,2011-06-22T16:30:00+00:00,5292.343
21419,2011-06-22T16:45:00+00:00,5292.340
21419,2011-06-22T17:00:00+00:00,5292.341
21419,2011-06-22T17:15:00+00:00,5292.347
21419,2011-06-22T17:30:00+00:00,5292.354
21419,2011-06-22T17:45:00+00:00,5292.361
21419,2011-06-22T18:00:00+00:00,5292.375
21419,2011-06-22T18:15:00+00:00,5292.385
21419,2011-06-22T18:30:00+00:00,5292.398
21419,2011-06-22T18:45:00+00:00,5292.413
21419,2011-06-22T19:00:00+00:00,5292.433
21419,2011-06-22T19:15:00+00:00,5292.449
21419,2011-06-22T19:30:00+00:00,5292.467
21419,2011-06-22T19:45:00+00:00,5292.484
21419,2011-06-22T20:00:00+00:00,5292.500
21419,2011-06-22T20:15:00+00:00,5292.514
21419,2011-06-22T20:30:00+00:00,5292.527
21419,2011-06-22T20:45:00+00:00,5292.538
21419,2011-06-22T21:00:00+00:00,5292.547
21419,2011-06-22T21:15:00+00:00,5292.553
21419,2011-06-22T21:30:00+00:00,5292.555
21419,2011-06-22T21:45:00+00:00,5292.557
21419,2011-06-22T22:00:00+00:00,5292.550
21419,2011-06-22T22:15:00+00:00,5292.546
21419,2011-06-22T22:30:00+00:00,5292.525
21419,2011-06-22T22:45:00+00:00,5292.513
21419,2011-06-22T23:00:00+00:00,5292.492
21419,2011-06-22T23:15:00+00:00,5292.474
21419,2011-06-22T23:30:00+00:00,5292.452
21419,2011-06-22T23:45:00+00:00,5292.433
21419,2011-06-23T00:00:00+00:00,5292.409
21419,2011-06-23T00:15:00+00:00,5292.385
21419,2011-06-23T00:30:00+00:00,5292.362
21419,2011-06-23T00:45:00+00:00,5292.337
21419,2011-06-23T01:00:00+00:00,5292.311
21419,2011-06-23T01:15:00+00:00,5292.286
21419,2011-06-23T01:30:00+00:00,5292.263
21419,2011-06-23T01:45:00+00:00,5292.239
21419,2011-06-23T02:00:00+00:00,5292.217
21419,2011-06-23T02:15:00+00:00,5292.198
21419,2011-06-23T02:30:00+00:00,5292.183
21419,2011-06-23T02:45:00+00:00,5292.169
21419,2011-06-23T03:00:00+00:00,5292.161
21419,2011-06-23T03:15:00+00:00,5292.154
21419,2011-06-23T03:30:00+00:00,5292.152
21419,2011-06-23T03:45:00+00:00,5292.154
21419,2011-06-23T04:00:00+00:00,5292.155
21419,2011-06-23T04:15:00+00:00,5292.163
21419,2011-06-23T04:30:00+00:00,5292.172
21419,2011-06-23T04:45:00+00:00,5292.186
21419,2011-06-23T05:00:00+00:00,5292.204
21419,2011-06-23T05:15:00+00:00,5292.225
21419,2011-06-23T05:30:00+00:00,5292.248
21419,2011-06-23T05:45:00+00:00,5292.275
21419,2011-06-23T06:00:00+00:00,5292.304
21419,2011-06-23T06:15:00+00:00,5292.336
21419,2011-06-23T06:30:00+00:00,5292.367
21419,2011-06-23T06:45:00+00:00,5292.399
21419,2011-06-23T07:00:00+00:00,5292.432
21419,2011-06-23T07:15:00+00:00,5292.468
21419,2011-06-23T07:30:00+00:00,5292.503
21419,2011-06-23T07:45:00+00:00,5292.540
21419,2011-06-23T08:00:00+00:00,5292.574
21419,2011-06-23T08:15:00+00:00,5292.606
21419,2011-06-23T08:30:00+00:00,5292.634
21419,2011-06-23T08:45:00+00:00,5292.662
21419,2011-06-23T09:00:00+00:00,5292.686
21419,2011-06-23T09:15:00+00:00,5292.706
21419,2011-06-23T09:30:00+00:00,5292.726
21419,2011-06-23T09:45:00+00:00,5292.741
21419,2011-06-23T10:00:00+00:00,5292.753
21419,2011-06-23T10:15:00+00:00,5292.763
21419,2011-06-23T10:30:00+00:00,5292.769
21419,2011-06-23T10:45:00+00:00,5292.770
21419,2011-06-23T11:00:00+00:00,5292.767
21419,2011-06-23T11:15:00+00:00,5292.761
21419,2011-06-23T11:30:00+00:00,5292.751
21419,2011-06-23T11:45:00+00:00,5292.735
21419,2011-06-23T12:00:00+00:00,5292.717
21419,2011-06-23T12:15:00+00:00,5292.698
21419,2011-06-23T12:30:00+00:00,5292.676
21419,2011-06-23T12:45:00+00:00,5292.652
21419,2011-06-23T13:00:00+00:00,5292.627
21419,2011-06-23T13:15:00+00:00,5292.598
21419,2011-06-23T13:30:00+00:00,5292.571
21419,2011-06-23T13:45:00+00:00,5292.543
21419,2011-06-23T14:00:00+00:00,5292.517
21419,2011-06-23T14:15:00+00:00,5292.488
21419,2011-06-23T14:30:00+00:00,5292.461
21419,2011-06-23T14:45:00+00:00,5292.435
21419,2011-06-23T15:00:00+00:00,5292.407
21419,2011-06-23T15:15:00+00:00,5292.381
21419,2011-06-23T15:30:00+00:00,5292.356
21419,2011-06-23T15:45:00+00:00,5292.332
21419,2011-06-23T16:00:00+00:00,5292.315
21419,2011-06-23T16:15:00+00:00,5292.299
21419,2011-06-23T16:30:00+00:00,5292.285
21419,2011-06-23T16:45:00+00:00,5292.276
21419,2011-06-23T17:00:00+00:00,5292.266
21419,2011-06-23T17:15:00+00:00,5292.258
21419,2011-06-23T17:30:00+00:00,5292.256
21419,2011-06-23T17:45:00+00:00,5292.254
21419,2011-06-23T18:00:00+00:00,5292.256
21419,2011-06-23T18:15:00+00:00,5292.258
21419,2011-06-23T18:30:00+00:00,5292.266
21419,2011-06-23T18:45:00+00:00,5292.276
21419,2011-06-23T19:00:00+00:00,5292.285
21419,2011-06-23T19:15:00+00:00,5292.300
21419,2011-06-23T19:30:00+00:00,5292.313
21419,2011-06-23T19:45:00+00:00,5292.331
21419,2011-06-23T20:00:00+00:00,5292.345
21419,2011-06-23T20:15:00+00:00,5292.362
21419,2011-06-23T20:30:00+00:00,5292.380
21419,2011-06-23T20:45:00+00:00,5292.396
21419,2011-06-23T21:00:00+00:00,5292.415
21419,2011-06-23T21:15:00+00:00,5292.431
21419,2011-06-23T21:30:00+00:00,5292.446
21419,2011-06-23T21:45:00+00:00,5292.460
21419,2011-06-23T22:00:00+00:00,5292.469
21419,2011-06-23T22:15:00+00:00,5292.473
21419,2011-06-23T22:30:00+00:00,5292.476
21419,2011-06-23T22:45:00+00:00,5292.478
21419,2011-06-23T23:00:00+00:00,5292.476
21419,2011-06-23T23:15:00+00:00,5292.471
21419,2011-06-23T23:30:00+00:00,5292.467
21419,2011-06-23T23:45:00+00:00,5292.459
21419,2011-06-24T00:00:00+00:00,5292.452
21419,2011-06-24T00:15:00+00:00,5292.442
21419,2011-06-24T00:30:00+00:00,5292.430
21419,2011-06-24T00:45:00+00:00,5292.417
21419,2011-06-24T01:00:00+00:00,5292.403
21419,2011-06-24T01:15:00+00:00,5292.387
21419,2011-06-24T01:30:00+00:00,5292.373
21419,2011-06-24T01:45:00+00:00,5292.359
21419,2011-06-24T02:00:00+00:00,5292.344
21419,2011-06-24T02:15:00+00:00,5292.330
21419,2011-06-24T02:30:00+00:00,5292.319
21419,2011-06-24T02:45:00+00:00,5292.306
21419,2011-06-24T03:00:00+00:00,5292.296
21419,2011-06-24T03:15:00+00:00,5292.286
21419,2011-06-24T03:30:00+00:00,5292.282
21419,2011-06-24T03:45:00+00:00,5292.279
21419,2011-06-24T04:00:00+00:00,5292.277
21419,2011-06-24T04:15:00+00:00,5292.275
21419,2011-06-24T04:30:00+00:00,5292.279
21419,2011-06-24T04:45:00+00:00,5292.282
21419,2011-06-24T05:00:00+00:00,5292.292
21419,2011-06-24T05:15:00+00:00,5292.305
21419,2011-06-24T05:30:00+00:00,5292.320
21419,2011-06-24T05:45:00+00:00,5292.337
21419,2011-06-24T06:00:00+00:00,5292.356
21419,2011-06-24T06:15:00+00:00,5292.380
21419,2011-06-24T06:30:00+00:00,5292.402
21419,2011-06-24T06:45:00+00:00,5292.427
21419,2011-06-24T07:00:00+00:00,5292.451
21419,2011-06-24T07:15:00+00:00,5292.480
21419,2011-06-24T07:30:00+00:00,5292.506
21419,2011-06-24T07:45:00+00:00,5292.531
21419,2011-06-24T08:00:00+00:00,5292.559
21419,2011-06-24T08:15:00+00:00,5292.584
21419,2011-06-24T08:30:00+00:00,5292.612
21419,2011-06-24T08:45:00+00:00,5292.638
21419,2011-06-24T09:00:00+00:00,5292.662
21419,2011-06-24T09:15:00+00:00,5292.685
21419,2011-06-24T09:30:00+00:00,5292.702
21419,2011-06-24T09:45:00+00:00,5292.722
21419,2011-06-24T10:00:00+00:00,5292.740
21419,2011-06-24T10:15:00+00:00,5292.754
21419,2011-06-24T10:30:00+00:00,5292.763
21419,2011-06-24T10:45:00+00:00,5292.770
21419,2011-06-24T11:00:00+00:00,5292.774
21419,2011-06-24T11:15:00+00:00,5292.772
21419,2011-06-24T11:30:00+00:00,5292.765
21419,2011-06-24T11:45:00+00:00,5292.758
21419,2011-06-24T12:00:00+00:00,5292.744
21419,2011-06-24T12:15:00+00:00,5292.729
21419,2011-06-24T12:30:00+00:00,5292.710
21419,2011-06-24T12:45:00+00:00,5292.689
21419,2011-06-24T13:00:00+00:00,5292.667
21419,2011-06-24T13:15:00+00:00,5292.642
21419,2011-06-24T13:30:00+00:00,5292.614
21419,2011-06-24T13:45:00+00:00,5292.588
21419,2011-06-24T14:00:00+00:00,5292.557
21419,2011-06-24T14:15:00+00:00,5292.528
21419,2011-06-24T14:30:00+00:00,5292.497
21419,2011-06-24T14:45:00+00:00,5292.464
21419,2011-06-24T15:00:00+00:00,5292.432
21419,2011-06-24T15:15:00+00:00,5292.399
21419,2011-06-24T15:30:00+00:00,5292.370
21419,2011-06-24T15:45:00+00:00,5292.341
21419,2011-06-24T16:00:00+00:00,5292.314
21419,2011-06-24T16:15:00+00:00,5292.287
21419,2011-06-24T16:30:00+00:00,5292.265
21419,2011-06-24T16:45:00+00:00,5292.241
21419,2011-06-24T17:00:00+00:00,5292.220
21419,2011-06-24T17:15:00+00:00,5292.201
21419,2011-06-24T17:30:00+00:00,5292.187
21419,2011-06-24T17:45:00+00:00,5292.170
21419,2011-06-24T18:00:00+00:00,5292.156
21419,2011-06-24T18:15:00+00:00,5292.149
21419,2011-06-24T18:30:00+00:00,5292.146
21419,2011-06-24T18:45:00+00:00,5292.145
21419,2011-06-24T19:00:00+00:00,5292.145
21419,2011-06-24T19:15:00+00:00,5292.149
21419,2011-06-24T19:30:00+00:00,5292.155
21419,2011-06-24T19:45:00+00:00,5292.163
21419,2011-06-24T20:00:00+00:00,5292.175
21419,2011-06-24T20:15:00+00:00,5292.187
21419,2011-06-24T20:30:00+00:00,5292.201
21419,2011-06-24T20:45:00+00:00,5292.218
21419,2011-06-24T21:00:00+00:00,5292.237
21419,2011-06-24T21:15:00+00:00,5292.254
21419,2011-06-24T21:30:00+00:00,5292.268
21419,2011-06-24T21:45:00+00:00,5292.287
21419,2011-06-24T22:00:00+00:00,5292.305
21419,2011-06-24T22:15:00+00:00,5292.323
21419,2011-06-24T22:30:00+00:00,5292.336
21419,2011-06-24T22:45:00+00:00,5292.350
21419,2011-06-24T23:00:00+00:00,5292.363
21419,2011-06-24T23:15:00+00:00,5292.375
21419,2011-06-24T23:30:00+00:00,5292.383
21419,2011-06-24T23:45:00+00:00,5292.390
21419,2011-06-25T00:00:00+00:00,5292.396
21419,2011-06-25T00:15:00+00:00,5292.400
21419,2011-06-25T00:30:00+00:00,5292.402
21419,2011-06-25T00:45:00+00:00,5292.404
21419,2011-06-25T01:00:00+00:00,5292.405
21419,2011-06-25T01:15:00+00:00,5292.404
21419,2011-06-25T01:30:00+00:00,5292.401
21419,2011-06-25T01:45:00+00:00,5292.396
21419,2011-06-25T02:00:00+00:00,5292.394
21419,2011-06-25T02:15:00+00:00,5292.389
21419,2011-06-25T02:30:00+00:00,5292.383
21419,2011-06-25T02:45:00+00:00,5292.376
21419,2011-06-25T03:00:00+00:00,5292.372
21419,2011-06-25T03:15:00+00:00,5292.369
21419,2011-06-25T03:30:00+00:00,5292.362
21419,2011-06-25T03:45:00+00:00,5292.358
21419,2011-06-25T04:00:00+00:00,5292.356
21419,2011-06-25T04:15:00+00:00,5292.353
21419,2011-06-25T04:30:00+00:00,5292.355
21419,2011-06-25T04:45:00+00:00,5292.357
21419,2011-06-25T05:00:00+00:00,5292.363
21419,2011-06-25T05:15:00+00:00,5292.366
21419,2011-06-25T05:30:00+00:00,5292.374
21419,2011-06-25T05:45:00+00:00,5292.384
21419,2011-06-25T06:00:00+00:00,5292.395
21419,2011-06-25T06:15:00+00:00,5292.409
21419,2011-06-25T06:30:00+00:00,5292.424
21419,2011-06-25T06:45:00+00:00,5292.441
21419,2011-06-25T07:00:00+00:00,5292.458
21419,2011-06-25T07:15:00+00:00,5292.477
21419,2011-06-25T07:30:00+00:00,5292.497
21419,2011-06-25T07:45:00+00:00,5292.518
21419,2011-06-25T08:00:00+00:00,5292.540
21419,2011-06-25T08:15:00+00:00,5292.562
21419,2011-06-25T08:30:00+00:00,5292.582
21419,2011-06-25T08:45:00+00:00,5292.603
21419,2011-06-25T09:00:00+00:00,5292.623
21419,2011-06-25T09:15:00+00:00,5292.643
21419,2011-06-25T09:30:00+00:00,5292.661
21419,2011-06-25T09:45:00+00:00,5292.680
21419,2011-06-25T10:00:00+00:00,5292.698
21419,2011-06-25T10:15:00+00:00,5292.716
21419,2011-06-25T10:30:00+00:00,5292.728
21419,2011-06-25T10:45:00+00:00,5292.739
21419,2011-06-25T11:00:00+00:00,5292.746
21419,2011-06-25T11:15:00+00:00,5292.751
21419,2011-06-25T11:30:00+00:00,5292.755
21419,2011-06-25T11:45:00+00:00,5292.754
21419,2011-06-25T12:00:00+00:00,5292.750
21419,2011-06-25T12:15:00+00:00,5292.741
21419,2011-06-25T12:30:00+00:00,5292.727
21419,2011-06-25T12:45:00+00:00,5292.716
21419,2011-06-25T13:00:00+00:00,5292.696
21419,2011-06-25T13:15:00+00:00,5292.675
21419,2011-06-25T13:30:00+00:00,5292.653
21419,2011-06-25T13:45:00+00:00,5292.628
21419,2011-06-25T14:00:00+00:00,5292.601
21419,2011-06-25T14:15:00+00:00,5292.574
21419,2011-06-25T14:30:00+00:00,5292.546
21419,2011-06-25T14:45:00+00:00,5292.514
21419,2011-06-25T15:00:00+00:00,5292.482
21419,2011-06-25T15:15:00+00:00,5292.448
21419,2011-06-25T15:30:00+00:00,5292.417
21419,2011-06-25T15:45:00+00:00,5292.383
21419,2011-06-25T16:00:00+00:00,5292.351
21419,2011-06-25T16:15:00+00:00,5292.317
21419,2011-06-25T16:30:00+00:00,5292.284
21419,2011-06-25T16:45:00+00:00,5292.252
21419,2011-06-25T17:00:00+00:00,5292.220
21419,2011-06-25T17:15:00+00:00,5292.192
21419,2011-06-25T17:30:00+00:00,5292.165
21419,2011-06-25T17:45:00+00:00,5292.141
21419,2011-06-25T18:00:00+00:00,5292.118
21419,2011-06-25T18:15:00+00:00,5292.099
21419,2011-06-25T18:30:00+00:00,5292.082
21419,2011-06-25T18:45:00+00:00,5292.068
21419,2011-06-25T19:00:00+00:00,5292.056
21419,2011-06-25T19:15:00+00:00,5292.050
21419,2011-06-25T19:30:00+00:00,5292.043
21419,2011-06-25T19:45:00+00:00,5292.042
21419,2011-06-25T20:00:00+00:00,5292.047
21419,2011-06-25T20:15:00+00:00,5292.052
21419,2011-06-25T20:30:00+00:00,5292.062
21419,2011-06-25T20:45:00+00:00,5292.073
21419,2011-06-25T21:00:00+00:00,5292.086
21419,2011-06-25T21:15:00+00:00,5292.101
21419,2011-06-25T21:30:00+00:00,5292.119
21419,2011-06-25T21:45:00+00:00,5292.135
21419,2011-06-25T22:00:00+00:00,5292.155
21419,2011-06-25T22:15:00+00:00,5292.177
21419,2011-06-25T22:30:00+00:00,5292.199
21419,2011-06-25T22:45:00+00:00,5292.219
21419,2011-06-25T23:00:00+00:00,5292.238
21419,2011-06-25T23:15:00+00:00,5292.262
21419,2011-06-25T23:30:00+00:00,5292.284
21419,2011-06-25T23:45:00+00:00,5292.304
21419,2011-06-26T00:00:00+00:00,5292.326
21419,2011-06-26T00:15:00+00:00,5292.345
21419,2011-06-26T00:30:00+00:00,5292.362
21419,2011-06-26T00:45:00+00:00,5292.381
21419,2011-06-26T01:00:00+00:00,5292.394
21419,2011-06-26T01:15:00+00:00,5292.407
21419,2011-06-26T01:30:00+00:00,5292.417
21419,2011-06-26T01:45:00+00:00,5292.423
21419,2011-06-26T02:00:00+00:00,5292.433
21419,2011-06-26T02:15:00+00:00,5292.442
21419,2011-06-26T02:30:00+00:00,5292.446
21419,2011-06-26T02:45:00+00:00,5292.452
21419,2011-06-26T03:00:00+00:00,5292.460
21419,2011-06-26T03:15:00+00:00,5292.465
21419,2011-06-26T03:30:00+00:00,5292.470
21419,2011-06-26T03:45:00+00:00,5292.473
21419,2011-06-26T04:00:00+00:00,5292.476
21419,2011-06-26T04:15:00+00:00,5292.476
21419,2011-06-26T04:30:00+00:00,5292.478
21419,2011-06-26T04:45:00+00:00,5292.482
21419,2011-06-26T05:00:00+00:00,5292.483
21419,2011-06-26T05:15:00+00:00,5292.486
21419,2011-06-26T05:30:00+00:00,5292.492
21419,2011-06-26T05:45:00+00:00,5292.499
21419,2011-06-26T06:00:00+00:00,5292.506
21419,2011-06-26T06:15:00+00:00,5292.512
21419,2011-06-26T06:30:00+00:00,5292.521
21419,2011-06-26T06:45:00+00:00,5292.529
21419,2011-06-26T07:00:00+00:00,5292.538
21419,2011-06-26T07:15:00+00:00,5292.548
21419,2011-06-26T07:30:00+00:00,5292.563
21419,2011-06-26T07:45:00+00:00,5292.577
21419,2011-06-26T08:00:00+00:00,5292.592
21419,2011-06-26T08:15:00+00:00,5292.607
21419,2011-06-26T08:30:00+00:00,5292.620
21419,2011-06-26T08:45:00+00:00,5292.637
21419,2011-06-26T09:00:00+00:00,5292.652
21419,2011-06-26T09:15:00+00:00,5292.668
21419,2011-06-26T09:30:00+00:00,5292.682
21419,2011-06-26T09:45:00+00:00,5292.699
21419,2011-06-26T10:00:00+00:00,5292.717
21419,2011-06-26T10:15:00+00:00,5292.733
21419,2011-06-26T10:30:00+00:00,5292.748
21419,2011-06-26T10:45:00+00:00,5292.762
21419,2011-06-26T11:00:00+00:00,5292.772
21419,2011-06-26T11:15:00+00:00,5292.781
21419,2011-06-26T11:30:00+00:00,5292.790
21419,2011-06-26T11:45:00+00:00,5292.794
21419,2011-06-26T12:00:00+00:00,5292.796
21419,2011-06-26T12:15:00+00:00,5292.794
21419,2011-06-26T12:30:00+00:00,5292.786
21419,2011-06-26T12:45:00+00:00,5292.776
21419,2011-06-26T13:00:00+00:00,5292.764
21419,2011-06-26T13:15:00+00:00,5292.750
21419,2011-06-26T13:30:00+00:00,5292.733
21419,2011-06-26T13:45:00+00:00,5292.716
21419,2011-06-26T14:00:00+00:00,5292.695
21419,2011-06-26T14:15:00+00:00,5292.671
21419,2011-06-26T14:30:00+00:00,5292.644
21419,2011-06-26T14:45:00+00:00,5292.613
21419,2011-06-26T15:00:00+00:00,5292.582
21419,2011-06-26T15:15:00+00:00,5292.548
21419,2011-06-26T15:30:00+00:00,5292.513
21419,2011-06-26T15:45:00+00:00,5292.478
21419,2011-06-26T16:00:00+00:00,5292.443
21419,2011-06-26T16:15:00+00:00,5292.407
21419,2011-06-26T16:30:00+00:00,5292.372
21419,2011-06-26T16:45:00+00:00,5292.337
21419,2011-06-26T17:00:00+00:00,5292.298
21419,2011-06-26T17:15:00+00:00,5292.262
21419,2011-06-26T17:30:00+00:00,5292.228
21419,2011-06-26T17:45:00+00:00,5292.195
21419,2011-06-26T18:00:00+00:00,5292.162
21419,2011-06-26T18:15:00+00:00,5292.131
21419,2011-06-26T18:30:00+00:00,5292.103
21419,2011-06-26T18:45:00+00:00,5292.078
21419,2011-06-26T19:00:00+00:00,5292.057
21419,2011-06-26T19:15:00+00:00,5292.035
21419,2011-06-26T19:30:00+00:00,5292.018
21419,2011-06-26T19:45:00+00:00,5292.006
21419,2011-06-26T20:00:00+00:00,5291.996
21419,2011-06-26T20:15:00+00:00,5291.988
21419,2011-06-26T20:30:00+00:00,5291.985
21419,2011-06-26T20:45:00+00:00,5291.986
21419,2011-06-26T21:00:00+00:00,5291.990
21419,2011-06-26T21:15:00+00:00,5291.999
21419,2011-06-26T21:30:00+00:00,5292.010
21419,2011-06-26T21:45:00+00:00,5292.023
21419,2011-06-26T22:00:00+00:00,5292.039
21419,2011-06-26T22:15:00+00:00,5292.056
21419,2011-06-26T22:30:00+00:00,5292.074
21419,2011-06-26T22:45:00+00:00,5292.097
21419,2011-06-26T23:00:00+00:00,5292.121
21419,2011-06-26T23:15:00+00:00,5292.147
21419,2011-06-26T23:30:00+00:00,5292.175
21419,2011-06-26T23:45:00+00:00,5292.203
21419,2011-06-27T00:00:00+00:00,5292.248
21419,2011-06-27T00:15:00+00:00,5292.278
21419,2011-06-27T00:30:00+00:00,5292.310
21419,2011-06-27T00:45:00+00:00,5292.338
21419,2011-06-27T01:00:00+00:00,5292.362
21419,2011-06-27T01:15:00+00:00,5292.387
21419,2011-06-27T01:30:00+00:00,5292.410
21419,2011-06-27T01:45:00+00:00,5292.432
21419,2011-06-27T02:00:00+00:00,5292.454
21419,2011-06-27T02:15:00+00:00,5292.478
21419,2011-06-27T02:30:00+00:00,5292.497
21419,2011-06-27T02:45:00+00:00,5292.516
21419,2011-06-27T03:00:00+00:00,5292.532
21419,2011-06-27T03:15:00+00:00,5292.549
21419,2011-06-27T03:30:00+00:00,5292.561
21419,2011-06-27T03:45:00+00:00,5292.573
21419,2011-06-27T04:00:00+00:00,5292.582
21419,2011-06-27T04:15:00+00:00,5292.591
21419,2011-06-27T04:30:00+00:00,5292.599
21419,2011-06-27T04:45:00+00:00,5292.603
21419,2011-06-27T05:00:00+00:00,5292.611
21419,2011-06-27T05:15:00+00:00,5292.614
21419,2011-06-27T05:30:00+00:00,5292.620
21419,2011-06-27T05:45:00+00:00,5292.626
21419,2011-06-27T06:00:00+00:00,5292.629
21419,2011-06-27T06:15:00+00:00,5292.632
21419,2011-06-27T06:30:00+00:00,5292.636
21419,2011-06-27T06:45:00+00:00,5292.641
21419,2011-06-27T07:00:00+00:00,5292.645
21419,2011-06-27T07:15:00+00:00,5292.651
21419,2011-06-27T07:30:00+00:00,5292.656
21419,2011-06-27T07:45:00+00:00,5292.660
21419,2011-06-27T08:00:00+00:00,5292.669
21419,2011-06-27T08:15:00+00:00,5292.676
21419,2011-06-27T08:30:00+00:00,5292.685
21419,2011-06-27T08:45:00+00:00,5292.694
21419,2011-06-27T09:00:00+00:00,5292.704
21419,2011-06-27T09:15:00+00:00,5292.714
21419,2011-06-27T09:30:00+00:00,5292.726
21419,2011-06-27T09:45:00+00:00,5292.737
21419,2011-06-27T10:00:00+00:00,5292.752
21419,2011-06-27T10:15:00+00:00,5292.766
21419,2011-06-27T10:30:00+00:00,5292.778
21419,2011-06-27T10:45:00+00:00,5292.791
21419,2011-06-27T11:00:00+00:00,5292.803
21419,2011-06-27T11:15:00+00:00,5292.811
21419,2011-06-27T11:30:00+00:00,5292.820
21419,2011-06-27T11:45:00+00:00,5292.826
21419,2011-06-27T12:00:00+00:00,5292.829
21419,2011-06-27T12:15:00+00:00,5292.835
21419,2011-06-27T12:30:00+00:00,5292.835
21419,2011-06-27T12:45:00+00:00,5292.834
21419,2011-06-27T13:00:00+00:00,5292.830
21419,2011-06-27T13:15:00+00:00,5292.821
21419,2011-06-27T13:30:00+00:00,5292.813
21419,2011-06-27T13:45:00+00:00,5292.800
21419,2011-06-27T14:00:00+00:00,5292.786
21419,2011-06-27T14:15:00+00:00,5292.765
21419,2011-06-27T14:30:00+00:00,5292.742
21419,2011-06-27T14:45:00+00:00,5292.717
21419,2011-06-27T15:00:00+00:00,5292.691
21419,2011-06-27T15:15:00+00:00,5292.663
21419,2011-06-27T15:30:00+00:00,5292.632
21419,2011-06-27T15:45:00+00:00,5292.600
21419,2011-06-27T16:00:00+00:00,5292.568
21419,2011-06-27T16:15:00+00:00,5292.531
21419,2011-06-27T16:30:00+00:00,5292.493
21419,2011-06-27T16:45:00+00:00,5292.453
21419,2011-06-27T17:00:00+00:00,5292.411
21419,2011-06-27T17:15:00+00:00,5292.370
21419,2011-06-27T17:30:00+00:00,5292.325
21419,2011-06-27T17:45:00+00:00,5292.283
21419,2011-06-27T18:00:00+00:00,5292.244
21419,2011-06-27T18:15:00+00:00,5292.204
21419,2011-06-27T18:30:00+00:00,5292.167
21419,2011-06-27T18:45:00+00:00,5292.135
21419,2011-06-27T19:00:00+00:00,5292.102
21419,2011-06-27T19:15:00+00:00,5292.072
21419,2011-06-27T19:30:00+00:00,5292.038
21419,2011-06-27T19:45:00+00:00,5292.013
21419,2011-06-27T20:00:00+00:00,5291.986
21419,2011-06-27T20:15:00+00:00,5291.965
21419,2011-06-27T20:30:00+00:00,5291.947
21419,2011-06-27T20:45:00+00:00,5291.934
21419,2011-06-27T21:00:00+00:00,5291.930
21419,2011-06-27T21:15:00+00:00,5291.927
21419,2011-06-27T21:30:00+00:00,5291.925
21419,2011-06-27T21:45:00+00:00,5291.930
21419,2011-06-27T22:00:00+00:00,5291.936
21419,2011-06-27T22:15:00+00:00,5291.946
21419,2011-06-27T22:30:00+00:00,5291.958
21419,2011-06-27T22:45:00+00:00,5291.975
21419,2011-06-27T23:00:00+00:00,5291.995
21419,2011-06-27T23:15:00+00:00,5292.019
21419,2011-06-27T23:30:00+00:00,5292.046
21419,2011-06-27T23:45:00+00:00,5292.077
21419,2011-06-28T00:00:00+00:00,5292.109
21419,2011-06-28T00:15:00+00:00,5292.143
21419,2011-06-28T00:30:00+00:00,5292.178
21419,2011-06-28T00:45:00+00:00,5292.217
21419,2011-06-28T01:00:00+00:00,5292.253
21419,2011-06-28T01:15:00+00:00,5292.290
21419,2011-06-28T01:30:00+00:00,5292.328
21419,2011-06-28T01:45:00+00:00,5292.366
21419,2011-06-28T02:00:00+00:00,5292.401
21419,2011-06-28T02:15:00+00:00,5292.437
21419,2011-06-28T02:30:00+00:00,5292.469
21419,2011-06-28T02:45:00+00:00,5292.501
21419,2011-06-28T03:00:00+00:00,5292.532
21419,2011-06-28T03:15:00+00:00,5292.562
21419,2011-06-28T03:30:00+00:00,5292.587
21419,2011-06-28T03:45:00+00:00,5292.608
21419,2011-06-28T04:00:00+00:00,5292.628
21419,2011-06-28T04:15:00+00:00,5292.647
21419,2011-06-28T04:30:00+00:00,5292.661
21419,2011-06-28T04:45:00+00:00,5292.676
21419,2011-06-28T05:00:00+00:00,5292.691
21419,2011-06-28T05:15:00+00:00,5292.703
21419,2011-06-28T05:30:00+00:00,5292.711
21419,2011-06-28T05:45:00+00:00,5292.720
21419,2011-06-28T06:00:00+00:00,5292.727
21419,2011-06-28T06:15:00+00:00,5292.731
21419,2011-06-28T06:30:00+00:00,5292.734
21419,2011-06-28T06:45:00+00:00,5292.736
21419,2011-06-28T07:00:00+00:00,5292.737
21419,2011-06-28T07:15:00+00:00,5292.738
21419,2011-06-28T07:30:00+00:00,5292.741
21419,2011-06-28T07:45:00+00:00,5292.746
21419,2011-06-28T08:00:00+00:00,5292.747
21419,2011-06-28T08:15:00+00:00,5292.750
21419,2011-06-28T08:30:00+00:00,5292.753
21419,2011-06-28T08:45:00+00:00,5292.758
21419,2011-06-28T09:00:00+00:00,5292.763
21419,2011-06-28T09:15:00+00:00,5292.764
21419,2011-06-28T09:30:00+00:00,5292.767
21419,2011-06-28T09:45:00+00:00,5292.776
21419,2011-06-28T10:00:00+00:00,5292.784
21419,2011-06-28T10:15:00+00:00,5292.792
21419,2011-06-28T10:30:00+00:00,5292.802
21419,2011-06-28T10:45:00+00:00,5292.812
21419,2011-06-28T11:00:00+00:00,5292.821
21419,2011-06-28T11:15:00+00:00,5292.831
21419,2011-06-28T11:30:00+00:00,5292.838
21419,2011-06-28T11:45:00+00:00,5292.843
21419,2011-06-28T12:00:00+00:00,5292.851
21419,2011-06-28T12:15:00+00:00,5292.855
21419,2011-06-28T12:30:00+00:00,5292.858
21419,2011-06-28T12:45:00+00:00,5292.865
21419,2011-06-28T13:00:00+00:00,5292.867
21419,2011-06-28T13:15:00+00:00,5292.868
21419,2011-06-28T13:30:00+00:00,5292.865
21419,2011-06-28T13:45:00+00:00,5292.864
21419,2011-06-28T14:00:00+00:00,5292.857
21419,2011-06-28T14:15:00+00:00,5292.846
21419,2011-06-28T14:30:00+00:00,5292.831
21419,2011-06-28T14:45:00+00:00,5292.814
21419,2011-06-28T15:00:00+00:00,5292.795
21419,2011-06-28T15:15:00+00:00,5292.774
21419,2011-06-28T15:30:00+00:00,5292.749
21419,2011-06-28T15:45:00+00:00,5292.722
21419,2011-06-28T16:00:00+00:00,5292.693
21419,2011-06-28T16:15:00+00:00,5292.661
21419,2011-06-28T16:30:00+00:00,5292.626
21419,2011-06-28T16:45:00+00:00,5292.586
21419,2011-06-28T17:00:00+00:00,5292.546
21419,2011-06-28T17:15:00+00:00,5292.506
21419,2011-06-28T17:30:00+00:00,5292.465
21419,2011-06-28T17:45:00+00:00,5292.417
21419,2011-06-28T18:00:00+00:00,5292.372
21419,2011-06-28T18:15:00+00:00,5292.326
21419,2011-06-28T18:30:00+00:00,5292.283
21419,2011-06-28T18:45:00+00:00,5292.238
21419,2011-06-28T19:00:00+00:00,5292.192
21419,2011-06-28T19:15:00+00:00,5292.150
21419,2011-06-28T19:30:00+00:00,5292.108
21419,2011-06-28T19:45:00+00:00,5292.072
21419,2011-06-28T20:00:00+00:00,5292.033
21419,2011-06-28T20:15:00+00:00,5291.999
21419,2011-06-28T20:30:00+00:00,5291.969
21419,2011-06-28T20:45:00+00:00,5291.942
21419,2011-06-28T21:00:00+00:00,5291.915
21419,2011-06-28T21:15:00+00:00,5291.898
21419,2011-06-28T21:30:00+00:00,5291.882
21419,2011-06-28T21:45:00+00:00,5291.873
21419,2011-06-28T22:00:00+00:00,5291.863
21419,2011-06-28T22:15:00+00:00,5291.861
21419,2011-06-28T22:30:00+00:00,5291.863
21419,2011-06-28T22:45:00+00:00,5291.868
21419,2011-06-28T23:00:00+00:00,5291.878
21419,2011-06-28T23:15:00+00:00,5291.895
21419,2011-06-28T23:30:00+00:00,5291.916
21419,2011-06-28T23:45:00+00:00,5291.941
21419,2011-06-29T00:00:00+00:00,5291.971
21419,2011-06-29T00:15:00+00:00,5292.006
21419,2011-06-29T00:30:00+00:00,5292.042
21419,2011-06-29T00:45:00+00:00,5292.081
21419,2011-06-29T01:00:00+00:00,5292.122
21419,2011-06-29T01:15:00+00:00,5292.165
21419,2011-06-29T01:30:00+00:00,5292.207
21419,2011-06-29T01:45:00+00:00,5292.255
21419,2011-06-29T02:00:00+00:00,5292.300
21419,2011-06-29T02:15:00+00:00,5292.344
21419,2011-06-29T02:30:00+00:00,5292.390
21419,2011-06-29T02:45:00+00:00,5292.432
21419,2011-06-29T03:00:00+00:00,5292.475
21419,2011-06-29T03:15:00+00:00,5292.518
21419,2011-06-29T03:30:00+00:00,5292.554
21419,2011-06-29T03:45:00+00:00,5292.587
21419,2011-06-29T04:00:00+00:00,5292.618
21419,2011-06-29T04:15:00+00:00,5292.647
21419,2011-06-29T04:30:00+00:00,5292.672
21419,2011-06-29T04:45:00+00:00,5292.699
21419,2011-06-29T05:00:00+00:00,5292.724
21419,2011-06-29T05:15:00+00:00,5292.745
21419,2011-06-29T05:30:00+00:00,5292.763
21419,2011-06-29T05:45:00+00:00,5292.778
21419,2011-06-29T06:00:00+00:00,5292.788
21419,2011-06-29T06:15:00+00:00,5292.795
21419,2011-06-29T06:30:00+00:00,5292.800
21419,2011-06-29T06:45:00+00:00,5292.804
21419,2011-06-29T07:00:00+00:00,5292.804
21419,2011-06-29T07:15:00+00:00,5292.807
21419,2011-06-29T07:30:00+00:00,5292.807
21419,2011-06-29T07:45:00+00:00,5292.809
21419,2011-06-29T08:00:00+00:00,5292.810
21419,2011-06-29T08:15:00+00:00,5292.810
21419,2011-06-29T08:30:00+00:00,5292.807
21419,2011-06-29T08:45:00+00:00,5292.806
21419,2011-06-29T09:00:00+00:00,5292.805
21419,2011-06-29T09:15:00+00:00,5292.802
21419,2011-06-29T09:30:00+00:00,5292.805
21419,2011-06-29T09:45:00+00:00,5292.805
21419,2011-06-29T10:00:00+00:00,5292.807
21419,2011-06-29T10:15:00+00:00,5292.812
21419,2011-06-29T10:30:00+00:00,5292.817
21419,2011-06-29T10:45:00+00:00,5292.822
21419,2011-06-29T11:00:00+00:00,5292.827
21419,2011-06-29T11:15:00+00:00,5292.833
21419,2011-06-29T11:30:00+00:00,5292.840
21419,2011-06-29T11:45:00+00:00,5292.847
21419,2011-06-29T12:00:00+00:00,5292.853
21419,2011-06-29T12:15:00+00:00,5292.859
21419,2011-06-29T12:30:00+00:00,5292.865
21419,2011-06-29T12:45:00+00:00,5292.869
21419,2011-06-29T13:00:00+00:00,5292.875
21419,2011-06-29T13:15:00+00:00,5292.881
21419,2011-06-29T13:30:00+00:00,5292.886
21419,2011-06-29T13:45:00+00:00,5292.891
21419,2011-06-29T14:00:00+00:00,5292.892
21419,2011-06-29T14:15:00+00:00,5292.892
21419,2011-06-29T14:30:00+00:00,5292.887
21419,2011-06-29T14:45:00+00:00,5292.881
21419,2011-06-29T15:00:00+00:00,5292.871
21419,2011-06-29T15:15:00+00:00,5292.860
21419,2011-06-29T15:30:00+00:00,5292.843
21419,2011-06-29T15:45:00+00:00,5292.824
21419,2011-06-29T16:00:00+00:00,5292.802
21419,2011-06-29T16:15:00+00:00,5292.775
21419,2011-06-29T16:30:00+00:00,5292.746
21419,2011-06-29T16:45:00+00:00,5292.714
21419,2011-06-29T17:00:00+00:00,5292.675
21419,2011-06-29T17:15:00+00:00,5292.638
21419,2011-06-29T17:30:00+00:00,5292.599
21419,2011-06-29T17:45:00+00:00,5292.553
21419,2011-06-29T18:00:00+00:00,5292.508
21419,2011-06-29T18:15:00+00:00,5292.459
21419,2011-06-29T18:30:00+00:00,5292.410
21419,2011-06-29T18:45:00+00:00,5292.361
21419,2011-06-29T19:00:00+00:00,5292.311
21419,2011-06-29T19:15:00+00:00,5292.259
21419,2011-06-29T19:30:00+00:00,5292.209
21419,2011-06-29T19:45:00+00:00,5292.159
21419,2011-06-29T20:00:00+00:00,5292.110
21419,2011-06-29T20:15:00+00:00,5292.064
21419,2011-06-29T20:30:00+00:00,5292.022
21419,2011-06-29T20:45:00+00:00,5291.981
21419,2011-06-29T21:00:00+00:00,5291.940
21419,2011-06-29T21:15:00+00:00,5291.905
21419,2011-06-29T21:30:00+00:00,5291.875
21419,2011-06-29T21:45:00+00:00,5291.849
21419,2011-06-29T22:00:00+00:00,5291.826
21419,2011-06-29T22:15:00+00:00,5291.809
21419,2011-06-29T22:30:00+00:00,5291.798
21419,2011-06-29T22:45:00+00:00,5291.788
21419,2011-06-29T23:00:00+00:00,5291.786
21419,2011-06-29T23:15:00+00:00,5291.791
21419,2011-06-29T23:30:00+00:00,5291.800
21419,2011-06-29T23:45:00+00:00,5291.814
21419,2011-06-30T00:00:00+00:00,5291.835
21419,2011-06-30T00:15:00+00:00,5291.859
21419,2011-06-30T00:30:00+00:00,5291.889
21419,2011-06-30T00:45:00+00:00,5291.924
21419,2011-06-30T01:00:00+00:00,5291.962
21419,2011-06-30T01:15:00+00:00,5292.003
21419,2011-06-30T01:30:00+00:00,5292.047
21419,2011-06-30T01:45:00+00:00,5292.095
21419,2011-06-30T02:00:00+00:00,5292.145
21419,2011-06-30T02:15:00+00:00,5292.197
21419,2011-06-30T02:30:00+00:00,5292.249
21419,2011-06-30T02:45:00+00:00,5292.301
21419,2011-06-30T03:00:00+00:00,5292.352
21419,2011-06-30T03:15:00+00:00,5292.401
21419,2011-06-30T03:30:00+00:00,5292.446
21419,2011-06-30T03:45:00+00:00,5292.494
21419,2011-06-30T04:00:00+00:00,5292.538
21419,2011-06-30T04:15:00+00:00,5292.580
21419,2011-06-30T04:30:00+00:00,5292.622
21419,2011-06-30T04:45:00+00:00,5292.659
21419,2011-06-30T05:00:00+00:00,5292.691
21419,2011-06-30T05:15:00+00:00,5292.721
21419,2011-06-30T05:30:00+00:00,5292.747
21419,2011-06-30T05:45:00+00:00,5292.771
21419,2011-06-30T06:00:00+00:00,5292.793
21419,2011-06-30T06:15:00+00:00,5292.811
21419,2011-06-30T06:30:00+00:00,5292.824
21419,2011-06-30T06:45:00+00:00,5292.834
21419,2011-06-30T07:00:00+00:00,5292.841
21419,2011-06-30T07:15:00+00:00,5292.845
21419,2011-06-30T07:30:00+00:00,5292.848
21419,2011-06-30T07:45:00+00:00,5292.848
21419,2011-06-30T08:00:00+00:00,5292.847
21419,2011-06-30T08:15:00+00:00,5292.846
21419,2011-06-30T08:30:00+00:00,5292.844
21419,2011-06-30T08:45:00+00:00,5292.840
21419,2011-06-30T09:00:00+00:00,5292.834
21419,2011-06-30T09:15:00+00:00,5292.829
21419,2011-06-30T09:30:00+00:00,5292.825
21419,2011-06-30T09:45:00+00:00,5292.822
21419,2011-06-30T10:00:00+00:00,5292.820
21419,2011-06-30T10:15:00+00:00,5292.816
21419,2011-06-30T10:30:00+00:00,5292.817
21419,2011-06-30T10:45:00+00:00,5292.819
21419,2011-06-30T11:00:00+00:00,5292.820
21419,2011-06-30T11:15:00+00:00,5292.824
21419,2011-06-30T11:30:00+00:00,5292.825
21419,2011-06-30T11:45:00+00:00,5292.831
21419,2011-06-30T12:00:00+00:00,5292.838
21419,2011-06-30T12:15:00+00:00,5292.842
21419,2011-06-30T12:30:00+00:00,5292.849
21419,2011-06-30T12:45:00+00:00,5292.858
21419,2011-06-30T13:00:00+00:00,5292.864
21419,2011-06-30T13:15:00+00:00,5292.872
21419,2011-06-30T13:30:00+00:00,5292.883
21419,2011-06-30T13:45:00+00:00,5292.890
21419,2011-06-30T14:00:00+00:00,5292.898
21419,2011-06-30T14:15:00+00:00,5292.904
21419,2011-06-30T14:30:00+00:00,5292.907
21419,2011-06-30T14:45:00+00:00,5292.910
21419,2011-06-30T15:00:00+00:00,5292.909
21419,2011-06-30T15:15:00+00:00,5292.905
21419,2011-06-30T15:30:00+00:00,5292.901
21419,2011-06-30T15:45:00+00:00,5292.891
21419,2011-06-30T16:00:00+00:00,5292.878
21419,2011-06-30T16:15:00+00:00,5292.862
21419,2011-06-30T16:30:00+00:00,5292.843
21419,2011-06-30T16:45:00+00:00,5292.819
21419,2011-06-30T17:00:00+00:00,5292.791
21419,2011-06-30T17:15:00+00:00,5292.760
21419,2011-06-30T17:30:00+00:00,5292.727
21419,2011-06-30T17:45:00+00:00,5292.692
21419,2011-06-30T18:00:00+00:00,5292.653
21419,2011-06-30T18:15:00+00:00,5292.608
21419,2011-06-30T18:30:00+00:00,5292.560
21419,2011-06-30T18:45:00+00:00,5292.512
21419,2011-06-30T19:00:00+00:00,5292.460
21419,2011-06-30T19:15:00+00:00,5292.408
21419,2011-06-30T19:30:00+00:00,5292.351
21419,2011-06-30T19:45:00+00:00,5292.296
21419,2011-06-30T20:00:00+00:00,5292.242
21419,2011-06-30T20:15:00+00:00,5292.188
21419,2011-06-30T20:30:00+00:00,5292.134
21419,2011-06-30T20:45:00+00:00,5292.082
21419,2011-06-30T21:00:00+00:00,5292.031
21419,2011-06-30T21:15:00+00:00,5291.983
21419,2011-06-30T21:30:00+00:00,5291.940
21419,2011-06-30T21:45:00+00:00,5291.895
21419,2011-06-30T22:00:00+00:00,5291.858
21419,2011-06-30T22:15:00+00:00,5291.823
21419,2011-06-30T22:30:00+00:00,5291.793
21419,2011-06-30T22:45:00+00:00,5291.768
21419,2011-06-30T23:00:00+00:00,5291.750
21419,2011-06-30T23:15:00+00:00,5291.739
21419,2011-06-30T23:30:00+00:00,5291.733
21419,2011-06-30T23:45:00+00:00,5291.732
