#YY  MM DD hh mm ss T   HEIGHT
#yr  mo dy hr mn  s -        m
2014 03 02 00 00 00 1 4510.328
2014 03 02 00 15 00 1 4510.229
2014 03 02 00 30 00 1 4510.112
2014 03 02 00 45 00 1 4509.991
2014 03 02 01 00 00 1 4509.853
2014 03 02 01 15 00 1 4509.713
2014 03 02 01 30 00 1 4509.568
2014 03 02 01 45 00 1 4509.420
2014 03 02 02 00 00 1 4509.270
2014 03 02 02 15 00 1 4509.124
2014 03 02 02 30 00 1 4508.980
2014 03 02 02 45 00 1 4508.839
2014 03 02 03 00 00 1 4508.713
2014 03 02 03 15 00 1 4508.594
2014 03 02 03 30 00 1 4508.483
2014 03 02 03 45 00 1 4508.389
2014 03 02 04 00 00 1 4508.308
2014 03 02 04 15 00 1 4508.245
2014 03 02 04 30 00 1 4508.201
2014 03 02 04 45 00 1 4508.176
2014 03 02 05 00 00 1 4508.170
2014 03 02 05 15 00 1 4508.181
2014 03 02 05 30 00 1 4508.211
2014 03 02 05 45 00 1 4508.258
2014 03 02 06 00 00 1 4508.322
2014 03 02 06 15 00 1 4508.407
2014 03 02 06 30 00 1 4508.497
2014 03 02 06 45 00 1 4508.606
2014 03 02 07 00 00 1 4508.723
2014 03 02 07 15 00 1 4508.851
2014 03 02 07 30 00 1 4508.989
2014 03 02 07 45 00 1 4509.130
2014 03 02 08 00 00 1 4509.278
2014 03 02 08 15 00 1 4509.424
2014 03 02 08 30 00 1 4509.574
2014 03 02 08 45 00 1 4509.717
2014 03 02 09 00 00 1 4509.855
2014 03 02 09 15 00 1 4509.988
2014 03 02 09 30 00 1 4510.108
2014 03 02 09 45 00 1 4510.216
2014 03 02 10 00 00 1 4510.310
2014 03 02 10 15 00 1 4510.390
2014 03 02 10 30 00 1 4510.451
2014 03 02 10 45 00 1 4510.500
2014 03 02 11 00 00 1 4510.530
2014 03 02 11 15 00 1 4510.543
2014 03 02 11 30 00 1 4510.534
2014 03 02 11 45 00 1 4510.512
2014 03 02 12 00 00 1 4510.475
2014 03 02 12 15 00 1 4510.421
2014 03 02 12 30 00 1 4510.347
2014 03 02 12 45 00 1 4510.260
2014 03 02 13 00 00 1 4510.164
2014 03 02 13 15 00 1 4510.052
2014 03 02 13 30 00 1 4509.932
2014 03 02 13 45 00 1 4509.810
2014 03 02 14 00 00 1 4509.679
2014 03 02 14 15 00 1 4509.548
2014 03 02 14 30 00 1 4509.414
2014 03 02 14 45 00 1 4509.285
2014 03 02 15 00 00 1 4509.160
2014 03 02 15 15 00 1 4509.041
2014 03 02 15 30 00 1 4508.931
2014 03 02 15 45 00 1 4508.831
2014 03 02 16 00 00 1 4508.741
2014 03 02 16 15 00 1 4508.664
2014 03 02 16 30 00 1 4508.597
2014 03 02 16 45 00 1 4508.548
2014 03 02 17 00 00 1 4508.513
2014 03 02 17 15 00 1 4508.496
2014 03 02 17 30 00 1 4508.494
2014 03 02 17 45 00 1 4508.512
2014 03 02 18 00 00 1 4508.551
2014 03 02 18 15 00 1 4508.602
2014 03 02 18 30 00 1 4508.667
2014 03 02 18 45 00 1 4508.748
2014 03 02 19 00 00 1 4508.841
2014 03 02 19 15 00 1 4508.948
2014 03 02 19 30 00 1 4509.063
2014 03 02 19 45 00 1 4509.184
2014 03 02 20 00 00 1 4509.306
2014 03 02 20 15 00 1 4509.437
2014 03 02 20 30 00 1 4509.565
2014 03 02 20 45 00 1 4509.691
2014 03 02 21 00 00 1 4509.817
2014 03 02 21 15 00 1 4509.939
2014 03 02 21 30 00 1 4510.053
2014 03 02 21 45 00 1 4510.159
2014 03 02 22 00 00 1 4510.250
2014 03 02 22 15 00 1 9999.000
2014 03 02 22 30 00 1 9999.000
2014 03 02 22 45 00 1 9999.000
2014 03 02 23 00 00 1 9999.000
2014 03 02 23 15 00 1 9999.000
2014 03 02 23 30 00 1 9999.000
2014 03 02 23 45 00 1 9999.000
2014 03 03 00 00 00 1 9999.000
2014 03 03 00 15 00 1 4510.415
2014 03 03 00 30 00 1 4510.349
2014 03 03 00 45 00 1 4510.272
2014 03 03 01 00 00 1 4510.180
2014 03 03 01 15 00 1 4510.073
2014 03 03 01 30 00 1 4509.960
2014 03 03 01 45 00 1 4509.837
2014 03 03 02 00 00 1 4509.710
2014 03 03 02 15 00 1 4509.572
2014 03 03 02 30 00 1 4509.435
2014 03 03 02 45 00 1 4509.296
2014 03 03 03 00 00 1 4509.160
2014 03 03 03 15 00 1 4509.027
2014 03 03 03 30 00 1 4508.902
2014 03 03 03 45 00 1 4508.784
2014 03 03 04 00 00 1 4508.675
2014 03 03 04 15 00 1 4508.581
2014 03 03 04 30 00 1 4508.498
2014 03 03 04 45 00 1 4508.435
2014 03 03 05 00 00 1 4508.385
2014 03 03 05 15 00 1 4508.351
2014 03 03 05 30 00 1 4508.335
2014 03 03 05 45 00 1 4508.336
2014 03 03 06 00 00 1 4508.354
2014 03 03 06 15 00 1 4508.391
2014 03 03 06 30 00 1 4508.445
2014 03 03 06 45 00 1 4508.514
2014 03 03 07 00 00 1 4508.598
2014 03 03 07 15 00 1 4508.697
2014 03 03 07 30 00 1 4508.804
2014 03 03 07 45 00 1 4508.925
2014 03 03 08 00 00 1 4509.055
2014 03 03 08 15 00 1 4509.191
2014 03 03 08 30 00 1 4509.330
2014 03 03 08 45 00 1 4509.474
2014 03 03 09 00 00 1 4509.619
2014 03 03 09 15 00 1 4509.757
2014 03 03 09 30 00 1 4509.891
2014 03 03 09 45 00 1 4510.019
2014 03 03 10 00 00 1 4510.139
2014 03 03 10 15 00 1 4510.247
2014 03 03 10 30 00 1 4510.343
2014 03 03 10 45 00 1 4510.429
2014 03 03 11 00 00 1 4510.497
2014 03 03 11 15 00 1 4510.547
2014 03 03 11 30 00 1 4510.582
2014 03 03 11 45 00 1 4510.601
2014 03 03 12 00 00 1 4510.602
2014 03 03 12 15 00 1 4510.584
2014 03 03 12 30 00 1 4510.550
2014 03 03 12 45 00 1 4510.502
2014 03 03 13 00 00 1 4510.434
2014 03 03 13 15 00 1 4510.351
2014 03 03 13 30 00 1 4510.257
2014 03 03 13 45 00 1 4510.150
2014 03 03 14 00 00 1 4510.033
2014 03 03 14 15 00 1 4509.911
2014 03 03 14 30 00 1 4509.781
2014 03 03 14 45 00 1 4509.645
2014 03 03 15 00 00 1 4509.508
2014 03 03 15 15 00 1 4509.371
2014 03 03 15 30 00 1 4509.238
2014 03 03 15 45 00 1 4509.109
2014 03 03 16 00 00 1 4508.989
2014 03 03 16 15 00 1 4508.873
2014 03 03 16 30 00 1 4508.768
2014 03 03 16 45 00 1 4508.674
2014 03 03 17 00 00 1 4508.591
2014 03 03 17 15 00 1 4508.525
2014 03 03 17 30 00 1 4508.477
2014 03 03 17 45 00 1 4508.443
2014 03 03 18 00 00 1 4508.431
2014 03 03 18 15 00 1 4508.433
2014 03 03 18 30 00 1 4508.450
2014 03 03 18 45 00 1 4508.487
2014 03 03 19 00 00 1 4508.537
2014 03 03 19 15 00 1 4508.604
2014 03 03 19 30 00 1 4508.679
2014 03 03 19 45 00 1 4508.769
2014 03 03 20 00 00 1 4508.869
2014 03 03 20 15 00 1 4508.978
2014 03 03 20 30 00 1 4509.092
2014 03 03 20 45 00 1 4509.210
2014 03 03 21 00 00 1 4509.333
2014 03 03 21 15 00 1 4509.457
2014 03 03 21 30 00 1 4509.581
2014 03 03 21 45 00 1 4509.705
2014 03 03 22 00 00 1 4509.824
2014 03 03 22 15 00 1 4509.935
2014 03 03 22 30 00 1 4510.037
2014 03 03 22 45 00 1 4510.127
2014 03 03 23 00 00 1 4510.205
2014 03 03 23 15 00 1 4510.267
2014 03 03 23 30 00 1 4510.319
2014 03 03 23 45 00 1 4510.353
2014 03 04 00 00 00 1 4510.374
2014 03 04 00 15 00 1 4510.377
2014 03 04 00 30 00 1 4510.365
2014 03 04 00 45 00 1 4510.339
2014 03 04 01 00 00 1 4510.300
2014 03 04 01 15 00 1 4510.243
2014 03 04 01 30 00 1 4510.178
2014 03 04 01 45 00 1 4510.098
2014 03 04 02 00 00 1 4510.008
2014 03 04 02 15 00 1 4509.907
2014 03 04 02 30 00 1 4509.799
2014 03 04 02 45 00 1 4509.685
2014 03 04 03 00 00 1 4509.568
2014 03 04 03 15 00 1 4509.447
2014 03 04 03 30 00 1 4509.326
2014 03 04 03 45 00 1 4509.209
2014 03 04 04 00 00 1 4509.097
2014 03 04 04 15 00 1 4508.990
2014 03 04 04 30 00 1 4508.895
2014 03 04 04 45 00 1 4508.807
2014 03 04 05 00 00 1 4508.733
2014 03 04 05 15 00 1 4508.667
2014 03 04 05 30 00 1 4508.616
2014 03 04 05 45 00 1 4508.580
2014 03 04 06 00 00 1 4508.558
2014 03 04 06 15 00 1 4508.553
2014 03 04 06 30 00 1 4508.563
2014 03 04 06 45 00 1 4508.588
2014 03 04 07 00 00 1 4508.630
2014 03 04 07 15 00 1 4508.687
2014 03 04 07 30 00 1 4508.758
2014 03 04 07 45 00 1 4508.840
2014 03 04 08 00 00 1 4508.939
2014 03 04 08 15 00 1 4509.046
2014 03 04 08 30 00 1 4509.160
2014 03 04 08 45 00 1 4509.284
2014 03 04 09 00 00 1 4509.411
2014 03 04 09 15 00 1 4509.540
2014 03 04 09 30 00 1 4509.671
2014 03 04 09 45 00 1 4509.802
2014 03 04 10 00 00 1 4509.928
2014 03 04 10 15 00 1 4510.047
2014 03 04 10 30 00 1 4510.160
2014 03 04 10 45 00 1 4510.266
2014 03 04 11 00 00 1 4510.359
2014 03 04 11 15 00 1 4510.441
2014 03 04 11 30 00 1 4510.509
2014 03 04 11 45 00 1 4510.564
2014 03 04 12 00 00 1 4510.602
2014 03 04 12 15 00 1 4510.626
2014 03 04 12 30 00 1 4510.631
2014 03 04 12 45 00 1 4510.621
2014 03 04 13 00 00 1 4510.596
2014 03 04 13 15 00 1 4510.556
2014 03 04 13 30 00 1 4510.497
2014 03 04 13 45 00 1 4510.425
2014 03 04 14 00 00 1 4510.340
2014 03 04 14 15 00 1 4510.243
2014 03 04 14 30 00 1 4510.135
2014 03 04 14 45 00 1 4510.020
2014 03 04 15 00 00 1 4509.896
2014 03 04 15 15 00 1 4509.769
2014 03 04 15 30 00 1 4509.637
2014 03 04 15 45 00 1 4509.504
2014 03 04 16 00 00 1 4509.370
2014 03 04 16 15 00 1 4509.242
2014 03 04 16 30 00 1 4509.115
2014 03 04 16 45 00 1 4508.999
2014 03 04 17 00 00 1 4508.893
2014 03 04 17 15 00 1 4508.794
2014 03 04 17 30 00 1 4508.708
2014 03 04 17 45 00 1 4508.634
2014 03 04 18 00 00 1 4508.574
2014 03 04 18 15 00 1 4508.528
2014 03 04 18 30 00 1 4508.496
2014 03 04 18 45 00 1 4508.481
2014 03 04 19 00 00 1 4508.479
2014 03 04 19 15 00 1 4508.494
2014 03 04 19 30 00 1 4508.522
2014 03 04 19 45 00 1 4508.566
2014 03 04 20 00 00 1 4508.621
2014 03 04 20 15 00 1 4508.690
2014 03 04 20 30 00 1 4508.769
2014 03 04 20 45 00 1 4508.858
2014 03 04 21 00 00 1 4508.956
2014 03 04 21 15 00 1 4509.061
2014 03 04 21 30 00 1 4509.170
2014 03 04 21 45 00 1 4509.282
2014 03 04 22 00 00 1 4509.393
2014 03 04 22 15 00 1 4509.504
2014 03 04 22 30 00 1 4509.611
2014 03 04 22 45 00 1 4509.717
2014 03 04 23 00 00 1 4509.814
2014 03 04 23 15 00 1 4509.904
2014 03 04 23 30 00 1 4509.987
2014 03 04 23 45 00 1 4510.056
2014 03 05 00 00 00 1 4510.115
2014 03 05 00 15 00 1 4510.161
2014 03 05 00 30 00 1 4510.197
2014 03 05 00 45 00 1 4510.220
2014 03 05 01 00 00 1 4510.225
2014 03 05 01 15 00 1 4510.217
2014 03 05 01 30 00 1 4510.201
2014 03 05 01 45 00 1 4510.165
2014 03 05 02 00 00 1 4510.120
2014 03 05 02 15 00 1 4510.066
2014 03 05 02 30 00 1 4510.000
2014 03 05 02 45 00 1 4509.925
2014 03 05 03 00 00 1 4509.840
2014 03 05 03 15 00 1 4509.752
2014 03 05 03 30 00 1 4509.658
2014 03 05 03 45 00 1 4509.558
2014 03 05 04 00 00 1 4509.461
2014 03 05 04 15 00 1 4509.361
2014 03 05 04 30 00 1 4509.267
2014 03 05 04 45 00 1 4509.181
2014 03 05 05 00 00 1 4509.096
2014 03 05 05 15 00 1 4509.022
2014 03 05 05 30 00 1 4508.956
2014 03 05 05 45 00 1 4508.898
2014 03 05 06 00 00 1 4508.851
2014 03 05 06 15 00 1 4508.815
2014 03 05 06 30 00 1 4508.794
2014 03 05 06 45 00 1 4508.783
2014 03 05 07 00 00 1 4508.785
2014 03 05 07 15 00 1 4508.802
2014 03 05 07 30 00 1 4508.833
2014 03 05 07 45 00 1 4508.876
2014 03 05 08 00 00 1 4508.936
2014 03 05 08 15 00 1 4509.005
2014 03 05 08 30 00 1 4509.084
2014 03 05 08 45 00 1 4509.175
2014 03 05 09 00 00 1 4509.270
2014 03 05 09 15 00 1 4509.375
2014 03 05 09 30 00 1 4509.481
2014 03 05 09 45 00 1 4509.595
2014 03 05 10 00 00 1 4509.709
2014 03 05 10 15 00 1 4509.818
2014 03 05 10 30 00 1 4509.930
2014 03 05 10 45 00 1 4510.040
2014 03 05 11 00 00 1 4510.141
2014 03 05 11 15 00 1 4510.235
2014 03 05 11 30 00 1 4510.319
2014 03 05 11 45 00 1 4510.395
2014 03 05 12 00 00 1 4510.461
2014 03 05 12 15 00 1 4510.511
2014 03 05 12 30 00 1 4510.549
2014 03 05 12 45 00 1 4510.573
2014 03 05 13 00 00 1 4510.585
2014 03 05 13 15 00 1 4510.581
2014 03 05 13 30 00 1 4510.562
2014 03 05 13 45 00 1 4510.530
2014 03 05 14 00 00 1 4510.482
2014 03 05 14 15 00 1 4510.423
2014 03 05 14 30 00 1 4510.352
2014 03 05 14 45 00 1 4510.268
2014 03 05 15 00 00 1 4510.177
2014 03 05 15 15 00 1 4510.075
2014 03 05 15 30 00 1 4509.965
2014 03 05 15 45 00 1 4509.850
2014 03 05 16 00 00 1 4509.736
2014 03 05 16 15 00 1 4509.615
2014 03 05 16 30 00 1 4509.490
2014 03 05 16 45 00 1 4509.370
2014 03 05 17 00 00 1 4509.252
2014 03 05 17 15 00 1 4509.139
2014 03 05 17 30 00 1 4509.034
2014 03 05 17 45 00 1 4508.934
2014 03 05 18 00 00 1 4508.846
2014 03 05 18 15 00 1 4508.767
2014 03 05 18 30 00 1 4508.701
2014 03 05 18 45 00 1 4508.645
2014 03 05 19 00 00 1 4508.601
2014 03 05 19 15 00 1 4508.571
2014 03 05 19 30 00 1 4508.553
2014 03 05 19 45 00 1 4508.550
2014 03 05 20 00 00 1 4508.560
2014 03 05 20 15 00 1 4508.582
2014 03 05 20 30 00 1 4508.617
2014 03 05 20 45 00 1 4508.665
2014 03 05 21 00 00 1 4508.721
2014 03 05 21 15 00 1 4508.787
2014 03 05 21 30 00 1 4508.862
2014 03 05 21 45 00 1 4508.945
2014 03 05 22 00 00 1 4509.034
2014 03 05 22 15 00 1 4509.125
2014 03 05 22 30 00 1 4509.220
2014 03 05 22 45 00 1 4509.313
2014 03 05 23 00 00 1 4509.407
2014 03 05 23 15 00 1 4509.498
2014 03 05 23 30 00 1 4509.583
2014 03 05 23 45 00 1 4509.665
2014 03 06 00 00 00 1 4509.743
2014 03 06 00 15 00 1 4509.812
2014 03 06 00 30 00 1 4509.872
2014 03 06 00 45 00 1 4509.926
2014 03 06 01 00 00 1 4509.969
2014 03 06 01 15 00 1 4510.003
2014 03 06 01 30 00 1 4510.025
2014 03 06 01 45 00 1 4510.036
2014 03 06 02 00 00 1 4510.034
2014 03 06 02 15 00 1 4510.022
2014 03 06 02 30 00 1 4510.000
2014 03 06 02 45 00 1 4509.969
2014 03 06 03 00 00 1 4509.927
2014 03 06 03 15 00 1 4509.877
2014 03 06 03 30 00 1 4509.820
2014 03 06 03 45 00 1 4509.757
2014 03 06 04 00 00 1 4509.689
2014 03 06 04 15 00 1 4509.621
2014 03 06 04 30 00 1 4509.549
2014 03 06 04 45 00 1 4509.476
2014 03 06 05 00 00 1 4509.405
2014 03 06 05 15 00 1 4509.337
2014 03 06 05 30 00 1 4509.276
2014 03 06 05 45 00 1 4509.215
2014 03 06 06 00 00 1 4509.161
2014 03 06 06 15 00 1 4509.113
2014 03 06 06 30 00 1 4509.073
2014 03 06 06 45 00 1 4509.041
2014 03 06 07 00 00 1 4509.019
2014 03 06 07 15 00 1 4509.006
2014 03 06 07 30 00 1 4509.005
2014 03 06 07 45 00 1 4509.016
2014 03 06 08 00 00 1 4509.036
2014 03 06 08 15 00 1 4509.067
2014 03 06 08 30 00 1 4509.112
2014 03 06 08 45 00 1 4509.165
2014 03 06 09 00 00 1 4509.225
2014 03 06 09 15 00 1 4509.296
2014 03 06 09 30 00 1 4509.375
2014 03 06 09 45 00 1 4509.457
2014 03 06 10 00 00 1 4509.545
2014 03 06 10 15 00 1 4509.634
2014 03 06 10 30 00 1 4509.729
2014 03 06 10 45 00 1 4509.820
2014 03 06 11 00 00 1 4509.911
2014 03 06 11 15 00 1 4510.001
2014 03 06 11 30 00 1 4510.088
2014 03 06 11 45 00 1 4510.168
2014 03 06 12 00 00 1 4510.244
2014 03 06 12 15 00 1 4510.313
2014 03 06 12 30 00 1 4510.371
2014 03 06 12 45 00 1 4510.420
2014 03 06 13 00 00 1 4510.458
2014 03 06 13 15 00 1 4510.482
2014 03 06 13 30 00 1 4510.499
2014 03 06 13 45 00 1 4510.502
2014 03 06 14 00 00 1 4510.492
2014 03 06 14 15 00 1 4510.473
2014 03 06 14 30 00 1 4510.440
2014 03 06 14 45 00 1 4510.396
2014 03 06 15 00 00 1 4510.340
2014 03 06 15 15 00 1 4510.274
2014 03 06 15 30 00 1 4510.198
2014 03 06 15 45 00 1 4510.116
2014 03 06 16 00 00 1 4510.026
2014 03 06 16 15 00 1 4509.929
2014 03 06 16 30 00 1 4509.827
2014 03 06 16 45 00 1 4509.723
2014 03 06 17 00 00 1 4509.618
2014 03 06 17 15 00 1 4509.514
2014 03 06 17 30 00 1 4509.411
2014 03 06 17 45 00 1 4509.310
2014 03 06 18 00 00 1 4509.213
2014 03 06 18 15 00 1 4509.120
2014 03 06 18 30 00 1 4509.033
2014 03 06 18 45 00 1 4508.954
2014 03 06 19 00 00 1 4508.883
2014 03 06 19 15 00 1 4508.822
2014 03 06 19 30 00 1 4508.769
2014 03 06 19 45 00 1 4508.725
2014 03 06 20 00 00 1 4508.695
2014 03 06 20 15 00 1 4508.674
2014 03 06 20 30 00 1 4508.665
2014 03 06 20 45 00 1 4508.667
2014 03 06 21 00 00 1 4508.681
2014 03 06 21 15 00 1 4508.702
2014 03 06 21 30 00 1 4508.736
2014 03 06 21 45 00 1 4508.777
2014 03 06 22 00 00 1 4508.827
2014 03 06 22 15 00 1 4508.885
2014 03 06 22 30 00 1 4508.947
2014 03 06 22 45 00 1 4509.018
2014 03 06 23 00 00 1 4509.091
2014 03 06 23 15 00 1 4509.164
2014 03 06 23 30 00 1 4509.238
2014 03 06 23 45 00 1 4509.310
2014 03 07 00 00 00 1 4509.384
2014 03 07 00 15 00 1 4509.456
2014 03 07 00 30 00 1 4509.523
2014 03 07 00 45 00 1 4509.586
2014 03 07 01 00 00 1 4509.647
2014 03 07 01 15 00 1 4509.700
2014 03 07 01 30 00 1 4509.745
2014 03 07 01 45 00 1 4509.782
2014 03 07 02 00 00 1 4509.809
2014 03 07 02 15 00 1 4509.833
2014 03 07 02 30 00 1 4509.849
2014 03 07 02 45 00 1 4509.858
2014 03 07 03 00 00 1 4509.855
2014 03 07 03 15 00 1 4509.845
2014 03 07 03 30 00 1 4509.828
2014 03 07 03 45 00 1 4509.805
2014 03 07 04 00 00 1 4509.773
2014 03 07 04 15 00 1 4509.738
2014 03 07 04 30 00 1 4509.696
2014 03 07 04 45 00 1 4509.654
2014 03 07 05 00 00 1 4509.611
2014 03 07 05 15 00 1 4509.563
2014 03 07 05 30 00 1 4509.515
2014 03 07 05 45 00 1 4509.465
2014 03 07 06 00 00 1 4509.420
2014 03 07 06 15 00 1 4509.376
2014 03 07 06 30 00 1 4509.337
2014 03 07 06 45 00 1 4509.300
2014 03 07 07 00 00 1 4509.272
2014 03 07 07 15 00 1 4509.246
2014 03 07 07 30 00 1 4509.223
2014 03 07 07 45 00 1 4509.209
2014 03 07 08 00 00 1 4509.206
2014 03 07 08 15 00 1 4509.207
2014 03 07 08 30 00 1 4509.219
2014 03 07 08 45 00 1 4509.235
2014 03 07 09 00 00 1 4509.265
2014 03 07 09 15 00 1 4509.298
2014 03 07 09 30 00 1 4509.345
2014 03 07 09 45 00 1 4509.392
2014 03 07 10 00 00 1 4509.447
2014 03 07 10 15 00 1 4509.505
2014 03 07 10 30 00 1 4509.572
2014 03 07 10 45 00 1 4509.641
2014 03 07 11 00 00 1 4509.713
2014 03 07 11 15 00 1 4509.786
2014 03 07 11 30 00 1 4509.858
2014 03 07 11 45 00 1 4509.930
2014 03 07 12 00 00 1 4510.001
2014 03 07 12 15 00 1 4510.066
2014 03 07 12 30 00 1 4510.126
2014 03 07 12 45 00 1 4510.179
2014 03 07 13 00 00 1 4510.228
2014 03 07 13 15 00 1 4510.271
2014 03 07 13 30 00 1 4510.303
2014 03 07 13 45 00 1 4510.331
2014 03 07 14 00 00 1 4510.349
2014 03 07 14 15 00 1 4510.358
2014 03 07 14 30 00 1 4510.357
2014 03 07 14 45 00 1 4510.348
2014 03 07 15 00 00 1 4510.329
2014 03 07 15 15 00 1 4510.303
2014 03 07 15 30 00 1 4510.267
2014 03 07 15 45 00 1 4510.220
2014 03 07 16 00 00 1 4510.163
2014 03 07 16 15 00 1 4510.100
2014 03 07 16 30 00 1 4510.032
2014 03 07 16 45 00 1 4509.956
2014 03 07 17 00 00 1 4509.874
2014 03 07 17 15 00 1 4509.787
2014 03 07 17 30 00 1 4509.703
2014 03 07 17 45 00 1 4509.616
2014 03 07 18 00 00 1 4509.530
2014 03 07 18 15 00 1 4509.444
2014 03 07 18 30 00 1 4509.355
2014 03 07 18 45 00 1 4509.274
2014 03 07 19 00 00 1 4509.194
2014 03 07 19 15 00 1 4509.115
2014 03 07 19 30 00 1 4509.046
2014 03 07 19 45 00 1 4508.980
2014 03 07 20 00 00 1 4508.924
2014 03 07 20 15 00 1 4508.876
2014 03 07 20 30 00 1 4508.835
2014 03 07 20 45 00 1 4508.803
2014 03 07 21 00 00 1 4508.780
2014 03 07 21 15 00 1 4508.766
2014 03 07 21 30 00 1 4508.759
2014 03 07 21 45 00 1 4508.762
2014 03 07 22 00 00 1 4508.771
2014 03 07 22 15 00 1 4508.788
2014 03 07 22 30 00 1 4508.818
2014 03 07 22 45 00 1 4508.847
2014 03 07 23 00 00 1 4508.884
2014 03 07 23 15 00 1 4508.928
2014 03 07 23 30 00 1 4508.975
2014 03 07 23 45 00 1 4509.025
2014 03 08 00 00 00 1 4509.076
2014 03 08 00 15 00 1 4509.135
2014 03 08 00 30 00 1 4509.192
2014 03 08 00 45 00 1 4509.254
2014 03 08 01 00 00 1 4509.310
2014 03 08 01 15 00 1 4509.370
2014 03 08 01 30 00 1 4509.422
2014 03 08 01 45 00 1 4509.474
2014 03 08 02 00 00 1 4509.522
2014 03 08 02 15 00 1 4509.563
2014 03 08 02 30 00 1 4509.599
2014 03 08 02 45 00 1 4509.631
2014 03 08 03 00 00 1 4509.659
2014 03 08 03 15 00 1 4509.679
2014 03 08 03 30 00 1 4509.696
2014 03 08 03 45 00 1 4509.708
2014 03 08 04 00 00 1 4509.711
2014 03 08 04 15 00 1 4509.710
2014 03 08 04 30 00 1 4509.702
2014 03 08 04 45 00 1 4509.691
2014 03 08 05 00 00 1 4509.673
2014 03 08 05 15 00 1 4509.653
2014 03 08 05 30 00 1 4509.631
2014 03 08 05 45 00 1 4509.606
2014 03 08 06 00 00 1 4509.582
2014 03 08 06 15 00 1 4509.556
2014 03 08 06 30 00 1 4509.527
2014 03 08 06 45 00 1 4509.500
2014 03 08 07 00 00 1 4509.471
2014 03 08 07 15 00 1 4509.448
2014 03 08 07 30 00 1 4509.426
2014 03 08 07 45 00 1 4509.404
2014 03 08 08 00 00 1 4509.391
2014 03 08 08 15 00 1 4509.379
2014 03 08 08 30 00 1 4509.371
2014 03 08 08 45 00 1 4509.369
2014 03 08 09 00 00 1 4509.372
2014 03 08 09 15 00 1 4509.380
2014 03 08 09 30 00 1 4509.389
2014 03 08 09 45 00 1 4509.411
2014 03 08 10 00 00 1 4509.436
2014 03 08 10 15 00 1 4509.466
2014 03 08 10 30 00 1 4509.500
2014 03 08 10 45 00 1 4509.539
2014 03 08 11 00 00 1 4509.583
2014 03 08 11 15 00 1 4509.629
2014 03 08 11 30 00 1 4509.678
2014 03 08 11 45 00 1 4509.730
2014 03 08 12 00 00 1 4509.781
2014 03 08 12 15 00 1 4509.833
2014 03 08 12 30 00 1 4509.884
2014 03 08 12 45 00 1 4509.936
2014 03 08 13 00 00 1 4509.988
2014 03 08 13 15 00 1 4510.036
2014 03 08 13 30 00 1 4510.081
2014 03 08 13 45 00 1 4510.121
2014 03 08 14 00 00 1 4510.158
2014 03 08 14 15 00 1 4510.187
2014 03 08 14 30 00 1 4510.209
2014 03 08 14 45 00 1 4510.226
2014 03 08 15 00 00 1 4510.234
2014 03 08 15 15 00 1 4510.239
2014 03 08 15 30 00 1 4510.232
2014 03 08 15 45 00 1 4510.220
2014 03 08 16 00 00 1 4510.200
2014 03 08 16 15 00 1 4510.173
2014 03 08 16 30 00 1 4510.142
2014 03 08 16 45 00 1 4510.099
2014 03 08 17 00 00 1 4510.050
2014 03 08 17 15 00 1 4509.995
2014 03 08 17 30 00 1 4509.939
2014 03 08 17 45 00 1 4509.876
2014 03 08 18 00 00 1 4509.811
2014 03 08 18 15 00 1 4509.745
2014 03 08 18 30 00 1 4509.674
2014 03 08 18 45 00 1 4509.603
2014 03 08 19 00 00 1 4509.530
2014 03 08 19 15 00 1 4509.455
2014 03 08 19 30 00 1 4509.383
2014 03 08 19 45 00 1 4509.312
2014 03 08 20 00 00 1 4509.244
2014 03 08 20 15 00 1 4509.179
2014 03 08 20 30 00 1 4509.117
2014 03 08 20 45 00 1 4509.064
2014 03 08 21 00 00 1 4509.012
2014 03 08 21 15 00 1 4508.966
2014 03 08 21 30 00 1 4508.928
2014 03 08 21 45 00 1 4508.896
2014 03 08 22 00 00 1 4508.868
2014 03 08 22 15 00 1 4508.849
2014 03 08 22 30 00 1 4508.839
2014 03 08 22 45 00 1 4508.831
2014 03 08 23 00 00 1 4508.831
2014 03 08 23 15 00 1 4508.838
2014 03 08 23 30 00 1 4508.853
2014 03 08 23 45 00 1 4508.875
2014 03 09 00 00 00 1 4508.900
2014 03 09 00 15 00 1 4508.930
2014 03 09 00 30 00 1 4508.966
2014 03 09 00 45 00 1 4509.006
2014 03 09 01 00 00 1 4509.049
2014 03 09 01 15 00 1 4509.096
2014 03 09 01 30 00 1 4509.141
2014 03 09 01 45 00 1 4509.187
2014 03 09 02 00 00 1 4509.236
2014 03 09 02 15 00 1 4509.281
2014 03 09 02 30 00 1 4509.328
2014 03 09 02 45 00 1 4509.375
2014 03 09 03 00 00 1 4509.416
2014 03 09 03 15 00 1 4509.458
2014 03 09 03 30 00 1 4509.500
2014 03 09 03 45 00 1 4509.533
2014 03 09 04 00 00 1 4509.566
2014 03 09 04 15 00 1 4509.594
2014 03 09 04 30 00 1 4509.619
2014 03 09 04 45 00 1 4509.641
2014 03 09 05 00 00 1 4509.655
2014 03 09 05 15 00 1 4509.666
2014 03 09 05 30 00 1 4509.672
2014 03 09 05 45 00 1 4509.678
2014 03 09 06 00 00 1 4509.676
2014 03 09 06 15 00 1 4509.668
2014 03 09 06 30 00 1 4509.661
2014 03 09 06 45 00 1 4509.655
2014 03 09 07 00 00 1 4509.642
2014 03 09 07 15 00 1 4509.629
2014 03 09 07 30 00 1 4509.616
2014 03 09 07 45 00 1 4509.603
2014 03 09 08 00 00 1 4509.591
2014 03 09 08 15 00 1 4509.576
2014 03 09 08 30 00 1 4509.565
2014 03 09 08 45 00 1 4509.554
2014 03 09 09 00 00 1 4509.543
2014 03 09 09 15 00 1 4509.534
2014 03 09 09 30 00 1 4509.529
2014 03 09 09 45 00 1 4509.524
2014 03 09 10 00 00 1 4509.527
2014 03 09 10 15 00 1 4509.528
2014 03 09 10 30 00 1 4509.536
2014 03 09 10 45 00 1 4509.545
2014 03 09 11 00 00 1 4509.560
2014 03 09 11 15 00 1 4509.579
2014 03 09 11 30 00 1 4509.602
2014 03 09 11 45 00 1 4509.629
2014 03 09 12 00 00 1 4509.656
2014 03 09 12 15 00 1 4509.687
2014 03 09 12 30 00 1 4509.723
2014 03 09 12 45 00 1 4509.759
2014 03 09 13 00 00 1 4509.799
2014 03 09 13 15 00 1 4509.837
2014 03 09 13 30 00 1 4509.877
2014 03 09 13 45 00 1 4509.914
2014 03 09 14 00 00 1 4509.952
2014 03 09 14 15 00 1 4509.986
2014 03 09 14 30 00 1 4510.021
2014 03 09 14 45 00 1 4510.050
2014 03 09 15 00 00 1 4510.076
2014 03 09 15 15 00 1 4510.100
2014 03 09 15 30 00 1 4510.121
2014 03 09 15 45 00 1 4510.136
2014 03 09 16 00 00 1 4510.145
2014 03 09 16 15 00 1 4510.150
2014 03 09 16 30 00 1 4510.149
2014 03 09 16 45 00 1 4510.140
2014 03 09 17 00 00 1 4510.127
2014 03 09 17 15 00 1 4510.107
2014 03 09 17 30 00 1 4510.083
2014 03 09 17 45 00 1 4510.053
2014 03 09 18 00 00 1 4510.017
2014 03 09 18 15 00 1 4509.976
2014 03 09 18 30 00 1 4509.933
2014 03 09 18 45 00 1 4509.882
2014 03 09 19 00 00 1 4509.828
2014 03 09 19 15 00 1 4509.772
2014 03 09 19 30 00 1 4509.709
2014 03 09 19 45 00 1 4509.649
2014 03 09 20 00 00 1 4509.582
2014 03 09 20 15 00 1 4509.520
2014 03 09 20 30 00 1 4509.451
2014 03 09 20 45 00 1 4509.386
2014 03 09 21 00 00 1 4509.323
2014 03 09 21 15 00 1 4509.258
2014 03 09 21 30 00 1 4509.200
2014 03 09 21 45 00 1 4509.141
2014 03 09 22 00 00 1 4509.090
2014 03 09 22 15 00 1 4509.039
2014 03 09 22 30 00 1 4508.998
2014 03 09 22 45 00 1 4508.956
2014 03 09 23 00 00 1 4508.924
2014 03 09 23 15 00 1 4508.897
2014 03 09 23 30 00 1 4508.877
2014 03 09 23 45 00 1 4508.861
2014 03 10 00 00 00 1 4508.853
2014 03 10 00 15 00 1 4508.854
2014 03 10 00 30 00 1 4508.860
2014 03 10 00 45 00 1 4508.870
2014 03 10 01 00 00 1 4508.890
2014 03 10 01 15 00 1 4508.913
2014 03 10 01 30 00 1 4508.942
2014 03 10 01 45 00 1 4508.975
2014 03 10 02 00 00 1 4509.012
2014 03 10 02 15 00 1 4509.050
2014 03 10 02 30 00 1 4509.093
2014 03 10 02 45 00 1 4509.138
2014 03 10 03 00 00 1 4509.184
2014 03 10 03 15 00 1 4509.232
2014 03 10 03 30 00 1 4509.282
2014 03 10 03 45 00 1 4509.330
2014 03 10 04 00 00 1 4509.377
2014 03 10 04 15 00 1 4509.425
2014 03 10 04 30 00 1 4509.470
2014 03 10 04 45 00 1 4509.514
2014 03 10 05 00 00 1 4509.553
2014 03 10 05 15 00 1 4509.591
2014 03 10 05 30 00 1 4509.626
2014 03 10 05 45 00 1 4509.656
2014 03 10 06 00 00 1 4509.677
2014 03 10 06 15 00 1 4509.707
2014 03 10 06 30 00 1 4509.709
2014 03 10 06 45 00 1 4509.727
2014 03 10 07 00 00 1 4509.735
2014 03 10 07 15 00 1 4509.740
2014 03 10 07 30 00 1 4509.745
2014 03 10 07 45 00 1 4509.742
2014 03 10 08 00 00 1 4509.738
2014 03 10 08 15 00 1 4509.730
2014 03 10 08 30 00 1 4509.720
2014 03 10 08 45 00 1 4509.709
2014 03 10 09 00 00 1 4509.695
2014 03 10 09 15 00 1 4509.680
2014 03 10 09 30 00 1 4509.664
2014 03 10 09 45 00 1 4509.650
2014 03 10 10 00 00 1 4509.633
2014 03 10 10 15 00 1 4509.616
2014 03 10 10 30 00 1 4509.600
2014 03 10 10 45 00 1 4509.588
2014 03 10 11 00 00 1 4509.579
2014 03 10 11 15 00 1 4509.573
2014 03 10 11 30 00 1 4509.569
2014 03 10 11 45 00 1 4509.570
2014 03 10 12 00 00 1 4509.575
2014 03 10 12 15 00 1 4509.581
2014 03 10 12 30 00 1 4509.591
2014 03 10 12 45 00 1 4509.606
2014 03 10 13 00 00 1 4509.625
2014 03 10 13 15 00 1 4509.648
2014 03 10 13 30 00 1 4509.674
2014 03 10 13 45 00 1 4509.704
2014 03 10 14 00 00 1 4509.733
2014 03 10 14 15 00 1 4509.765
2014 03 10 14 30 00 1 4509.796
2014 03 10 14 45 00 1 4509.830
2014 03 10 15 00 00 1 4509.865
2014 03 10 15 15 00 1 4509.897
2014 03 10 15 30 00 1 4509.930
2014 03 10 15 45 00 1 4509.961
2014 03 10 16 00 00 1 4509.992
2014 03 10 16 15 00 1 4510.018
2014 03 10 16 30 00 1 4510.043
2014 03 10 16 45 00 1 4510.063
2014 03 10 17 00 00 1 4510.079
2014 03 10 17 15 00 1 4510.087
2014 03 10 17 30 00 1 4510.095
2014 03 10 17 45 00 1 4510.095
2014 03 10 18 00 00 1 4510.094
2014 03 10 18 15 00 1 4510.085
2014 03 10 18 30 00 1 4510.068
2014 03 10 18 45 00 1 4510.045
2014 03 10 19 00 00 1 4510.019
2014 03 10 19 15 00 1 4509.987
2014 03 10 19 30 00 1 4509.946
2014 03 10 19 45 00 1 4509.901
2014 03 10 20 00 00 1 4509.850
2014 03 10 20 15 00 1 4509.795
2014 03 10 20 30 00 1 4509.739
2014 03 10 20 45 00 1 4509.675
2014 03 10 21 00 00 1 4509.612
2014 03 10 21 15 00 1 9999.000
2014 03 10 21 30 00 1 9999.000
2014 03 10 21 45 00 1 9999.000
2014 03 10 22 00 00 1 9999.000
2014 03 10 22 15 00 1 9999.000
2014 03 10 22 30 00 1 9999.000
2014 03 10 22 45 00 1 9999.000
2014 03 10 23 00 00 1 9999.000
2014 03 10 23 15 00 1 9999.000
2014 03 10 23 30 00 1 9999.000
2014 03 10 23 45 00 1 9999.000
2014 03 11 00 00 00 1 9999.000
2014 03 11 00 15 00 1 4508.859
2014 03 11 00 30 00 1 4508.835
2014 03 11 00 45 00 1 4508.814
2014 03 11 01 00 00 1 4508.802
2014 03 11 01 15 00 1 4508.794
2014 03 11 01 30 00 1 4508.795
2014 03 11 01 45 00 1 4508.806
2014 03 11 02 00 00 1 4508.821
2014 03 11 02 15 00 1 4508.845
2014 03 11 02 30 00 1 4508.873
2014 03 11 02 45 00 1 4508.910
2014 03 11 03 00 00 1 4508.950
2014 03 11 03 15 00 1 4508.992
2014 03 11 03 30 00 1 4509.044
2014 03 11 03 45 00 1 4509.098
2014 03 11 04 00 00 1 4509.156
2014 03 11 04 15 00 1 4509.215
2014 03 11 04 30 00 1 4509.273
2014 03 11 04 45 00 1 4509.334
2014 03 11 05 00 00 1 4509.392
2014 03 11 05 15 00 1 4509.450
2014 03 11 05 30 00 1 4509.510
2014 03 11 05 45 00 1 4509.562
2014 03 11 06 00 00 1 4509.613
2014 03 11 06 15 00 1 4509.658
2014 03 11 06 30 00 1 4509.699
2014 03 11 06 45 00 1 4509.737
2014 03 11 07 00 00 1 4509.768
2014 03 11 07 15 00 1 4509.793
2014 03 11 07 30 00 1 4509.810
2014 03 11 07 45 00 1 4509.828
2014 03 11 08 00 00 1 4509.841
2014 03 11 08 15 00 1 4509.844
2014 03 11 08 30 00 1 4509.841
2014 03 11 08 45 00 1 4509.836
2014 03 11 09 00 00 1 4509.824
2014 03 11 09 15 00 1 4509.810
2014 03 11 09 30 00 1 4509.790
2014 03 11 09 45 00 1 4509.770
2014 03 11 10 00 00 1 4509.746
2014 03 11 10 15 00 1 4509.721
2014 03 11 10 30 00 1 4509.692
2014 03 11 10 45 00 1 4509.665
2014 03 11 11 00 00 1 4509.639
2014 03 11 11 15 00 1 4509.613
2014 03 11 11 30 00 1 4509.587
2014 03 11 11 45 00 1 4509.565
2014 03 11 12 00 00 1 4509.543
2014 03 11 12 15 00 1 4509.526
2014 03 11 12 30 00 1 4509.514
2014 03 11 12 45 00 1 4509.505
2014 03 11 13 00 00 1 4509.500
2014 03 11 13 15 00 1 4509.501
2014 03 11 13 30 00 1 4509.505
2014 03 11 13 45 00 1 4509.515
2014 03 11 14 00 00 1 4509.529
2014 03 11 14 15 00 1 4509.547
2014 03 11 14 30 00 1 4509.573
2014 03 11 14 45 00 1 4509.599
2014 03 11 15 00 00 1 4509.631
2014 03 11 15 15 00 1 4509.666
2014 03 11 15 30 00 1 4509.705
2014 03 11 15 45 00 1 4509.745
2014 03 11 16 00 00 1 4509.788
2014 03 11 16 15 00 1 4509.830
2014 03 11 16 30 00 1 4509.871
2014 03 11 16 45 00 1 4509.913
2014 03 11 17 00 00 1 4509.954
2014 03 11 17 15 00 1 4509.991
2014 03 11 17 30 00 1 4510.023
2014 03 11 17 45 00 1 4510.054
2014 03 11 18 00 00 1 4510.081
2014 03 11 18 15 00 1 4510.103
2014 03 11 18 30 00 1 4510.118
2014 03 11 18 45 00 1 4510.129
2014 03 11 19 00 00 1 4510.128
2014 03 11 19 15 00 1 4510.122
2014 03 11 19 30 00 1 4510.111
2014 03 11 19 45 00 1 4510.092
2014 03 11 20 00 00 1 4510.064
2014 03 11 20 15 00 1 4510.031
2014 03 11 20 30 00 1 4509.989
2014 03 11 20 45 00 1 4509.941
2014 03 11 21 00 00 1 4509.886
2014 03 11 21 15 00 1 4509.824
2014 03 11 21 30 00 1 4509.761
2014 03 11 21 45 00 1 4509.692
2014 03 11 22 00 00 1 4509.622
2014 03 11 22 15 00 1 4509.549
2014 03 11 22 30 00 1 4509.471
2014 03 11 22 45 00 1 4509.395
2014 03 11 23 00 00 1 4509.319
2014 03 11 23 15 00 1 4509.239
2014 03 11 23 30 00 1 4509.167
2014 03 11 23 45 00 1 4509.096
2014 03 12 00 00 00 1 4509.030
2014 03 12 00 15 00 1 4508.968
2014 03 12 00 30 00 1 4508.910
2014 03 12 00 45 00 1 4508.862
2014 03 12 01 00 00 1 4508.821
2014 03 12 01 15 00 1 4508.785
2014 03 12 01 30 00 1 4508.761
2014 03 12 01 45 00 1 4508.740
2014 03 12 02 00 00 1 4508.732
2014 03 12 02 15 00 1 4508.732
2014 03 12 02 30 00 1 4508.741
2014 03 12 02 45 00 1 4508.757
2014 03 12 03 00 00 1 4508.782
2014 03 12 03 15 00 1 4508.815
2014 03 12 03 30 00 1 4508.851
2014 03 12 03 45 00 1 4508.897
2014 03 12 04 00 00 1 4508.953
2014 03 12 04 15 00 1 4509.011
2014 03 12 04 30 00 1 4509.073
2014 03 12 04 45 00 1 4509.141
2014 03 12 05 00 00 1 4509.208
2014 03 12 05 15 00 1 4509.281
2014 03 12 05 30 00 1 4509.356
2014 03 12 05 45 00 1 4509.427
2014 03 12 06 00 00 1 4509.502
2014 03 12 06 15 00 1 4509.566
2014 03 12 06 30 00 1 4509.629
2014 03 12 06 45 00 1 4509.692
2014 03 12 07 00 00 1 4509.745
2014 03 12 07 15 00 1 4509.798
2014 03 12 07 30 00 1 4509.841
2014 03 12 07 45 00 1 4509.879
2014 03 12 08 00 00 1 4509.907
2014 03 12 08 15 00 1 4509.933
2014 03 12 08 30 00 1 4509.950
2014 03 12 08 45 00 1 4509.960
2014 03 12 09 00 00 1 4509.960
2014 03 12 09 15 00 1 4509.956
2014 03 12 09 30 00 1 4509.945
2014 03 12 09 45 00 1 4509.930
2014 03 12 10 00 00 1 4509.906
2014 03 12 10 15 00 1 4509.876
2014 03 12 10 30 00 1 4509.844
2014 03 12 10 45 00 1 4509.808
2014 03 12 11 00 00 1 4509.767
2014 03 12 11 15 00 1 4509.725
2014 03 12 11 30 00 1 4509.682
2014 03 12 11 45 00 1 4509.643
2014 03 12 12 00 00 1 4509.598
2014 03 12 12 15 00 1 4509.564
2014 03 12 12 30 00 1 4509.523
2014 03 12 12 45 00 1 4509.489
2014 03 12 13 00 00 1 4509.460
2014 03 12 13 15 00 1 4509.435
2014 03 12 13 30 00 1 4509.415
2014 03 12 13 45 00 1 4509.402
2014 03 12 14 00 00 1 4509.396
2014 03 12 14 15 00 1 4509.397
2014 03 12 14 30 00 1 4509.405
2014 03 12 14 45 00 1 4509.416
2014 03 12 15 00 00 1 4509.436
2014 03 12 15 15 00 1 4509.461
2014 03 12 15 30 00 1 4509.492
2014 03 12 15 45 00 1 4509.531
2014 03 12 16 00 00 1 4509.573
2014 03 12 16 15 00 1 4509.616
2014 03 12 16 30 00 1 4509.667
2014 03 12 16 45 00 1 4509.721
2014 03 12 17 00 00 1 4509.776
2014 03 12 17 15 00 1 4509.829
2014 03 12 17 30 00 1 4509.884
2014 03 12 17 45 00 1 4509.938
2014 03 12 18 00 00 1 4509.986
2014 03 12 18 15 00 1 4510.035
2014 03 12 18 30 00 1 4510.077
2014 03 12 18 45 00 1 4510.116
2014 03 12 19 00 00 1 4510.146
2014 03 12 19 15 00 1 4510.170
2014 03 12 19 30 00 1 4510.186
2014 03 12 19 45 00 1 4510.199
2014 03 12 20 00 00 1 4510.202
2014 03 12 20 15 00 1 4510.193
2014 03 12 20 30 00 1 4510.176
2014 03 12 20 45 00 1 4510.151
2014 03 12 21 00 00 1 4510.113
2014 03 12 21 15 00 1 4510.069
2014 03 12 21 30 00 1 4510.020
2014 03 12 21 45 00 1 4509.963
2014 03 12 22 00 00 1 4509.898
2014 03 12 22 15 00 1 4509.830
2014 03 12 22 30 00 1 4509.752
2014 03 12 22 45 00 1 4509.669
2014 03 12 23 00 00 1 4509.586
2014 03 12 23 15 00 1 4509.498
2014 03 12 23 30 00 1 4509.408
2014 03 12 23 45 00 1 4509.320
2014 03 13 00 00 00 1 4509.231
2014 03 13 00 15 00 1 4509.148
2014 03 13 00 30 00 1 4509.068
2014 03 13 00 45 00 1 4508.992
2014 03 13 01 00 00 1 4508.925
2014 03 13 01 15 00 1 4508.861
2014 03 13 01 30 00 1 4508.804
2014 03 13 01 45 00 1 4508.759
2014 03 13 02 00 00 1 4508.720
2014 03 13 02 15 00 1 4508.691
2014 03 13 02 30 00 1 4508.670
2014 03 13 02 45 00 1 4508.663
2014 03 13 03 00 00 1 4508.666
2014 03 13 03 15 00 1 4508.677
2014 03 13 03 30 00 1 4508.699
2014 03 13 03 45 00 1 4508.732
2014 03 13 04 00 00 1 4508.777
2014 03 13 04 15 00 1 4508.829
2014 03 13 04 30 00 1 4508.886
2014 03 13 04 45 00 1 4508.952
2014 03 13 05 00 00 1 4509.025
2014 03 13 05 15 00 1 4509.102
2014 03 13 05 30 00 1 4509.183
2014 03 13 05 45 00 1 4509.264
2014 03 13 06 00 00 1 4509.348
2014 03 13 06 15 00 1 4509.431
2014 03 13 06 30 00 1 4509.513
2014 03 13 06 45 00 1 4509.594
2014 03 13 07 00 00 1 4509.673
2014 03 13 07 15 00 1 4509.747
2014 03 13 07 30 00 1 4509.811
2014 03 13 07 45 00 1 4509.872
2014 03 13 08 00 00 1 4509.929
2014 03 13 08 15 00 1 4509.971
2014 03 13 08 30 00 1 4510.011
2014 03 13 08 45 00 1 4510.035
2014 03 13 09 00 00 1 4510.055
2014 03 13 09 15 00 1 4510.065
2014 03 13 09 30 00 1 4510.065
2014 03 13 09 45 00 1 4510.057
2014 03 13 10 00 00 1 4510.039
2014 03 13 10 15 00 1 4510.013
2014 03 13 10 30 00 1 4509.975
2014 03 13 10 45 00 1 4509.936
2014 03 13 11 00 00 1 4509.891
2014 03 13 11 15 00 1 4509.841
2014 03 13 11 30 00 1 4509.787
2014 03 13 11 45 00 1 4509.729
2014 03 13 12 00 00 1 4509.672
2014 03 13 12 15 00 1 4509.612
2014 03 13 12 30 00 1 4509.552
2014 03 13 12 45 00 1 4509.496
2014 03 13 13 00 00 1 4509.442
2014 03 13 13 15 00 1 4509.391
2014 03 13 13 30 00 1 4509.345
2014 03 13 13 45 00 1 4509.307
2014 03 13 14 00 00 1 4509.271
2014 03 13 14 15 00 1 4509.250
2014 03 13 14 30 00 1 4509.233
2014 03 13 14 45 00 1 4509.227
2014 03 13 15 00 00 1 4509.226
2014 03 13 15 15 00 1 4509.238
2014 03 13 15 30 00 1 4509.255
2014 03 13 15 45 00 1 4509.282
2014 03 13 16 00 00 1 4509.318
2014 03 13 16 15 00 1 4509.357
2014 03 13 16 30 00 1 4509.407
2014 03 13 16 45 00 1 4509.460
2014 03 13 17 00 00 1 4509.523
2014 03 13 17 15 00 1 4509.583
2014 03 13 17 30 00 1 4509.649
2014 03 13 17 45 00 1 4509.714
2014 03 13 18 00 00 1 4509.784
2014 03 13 18 15 00 1 4509.851
2014 03 13 18 30 00 1 4509.917
2014 03 13 18 45 00 1 4509.984
2014 03 13 19 00 00 1 4510.043
2014 03 13 19 15 00 1 4510.096
2014 03 13 19 30 00 1 4510.142
2014 03 13 19 45 00 1 4510.181
2014 03 13 20 00 00 1 4510.214
2014 03 13 20 15 00 1 4510.237
2014 03 13 20 30 00 1 4510.253
2014 03 13 20 45 00 1 4510.256
2014 03 13 21 00 00 1 4510.252
2014 03 13 21 15 00 1 4510.234
2014 03 13 21 30 00 1 4510.202
2014 03 13 21 45 00 1 4510.167
2014 03 13 22 00 00 1 4510.119
2014 03 13 22 15 00 1 4510.064
2014 03 13 22 30 00 1 4509.999
2014 03 13 22 45 00 1 4509.927
2014 03 13 23 00 00 1 4509.845
2014 03 13 23 15 00 1 4509.757
2014 03 13 23 30 00 1 4509.666
2014 03 13 23 45 00 1 4509.572
2014 03 14 00 00 00 1 4509.476
2014 03 14 00 15 00 1 4509.379
2014 03 14 00 30 00 1 4509.279
2014 03 14 00 45 00 1 4509.183
2014 03 14 01 00 00 1 4509.091
2014 03 14 01 15 00 1 4509.008
2014 03 14 01 30 00 1 4508.928
2014 03 14 01 45 00 1 4508.858
2014 03 14 02 00 00 1 4508.793
2014 03 14 02 15 00 1 4508.737
2014 03 14 02 30 00 1 4508.691
2014 03 14 02 45 00 1 4508.658
2014 03 14 03 00 00 1 4508.635
2014 03 14 03 15 00 1 4508.626
2014 03 14 03 30 00 1 4508.625
2014 03 14 03 45 00 1 4508.638
2014 03 14 04 00 00 1 4508.662
2014 03 14 04 15 00 1 4508.699
2014 03 14 04 30 00 1 4508.748
2014 03 14 04 45 00 1 4508.800
2014 03 14 05 00 00 1 4508.865
2014 03 14 05 15 00 1 4508.937
2014 03 14 05 30 00 1 4509.016
2014 03 14 05 45 00 1 4509.103
2014 03 14 06 00 00 1 4509.193
2014 03 14 06 15 00 1 4509.282
2014 03 14 06 30 00 1 4509.377
2014 03 14 06 45 00 1 4509.468
2014 03 14 07 00 00 1 4509.560
2014 03 14 07 15 00 1 4509.650
2014 03 14 07 30 00 1 4509.738
2014 03 14 07 45 00 1 4509.819
2014 03 14 08 00 00 1 4509.892
2014 03 14 08 15 00 1 4509.958
2014 03 14 08 30 00 1 4510.016
2014 03 14 08 45 00 1 4510.067
2014 03 14 09 00 00 1 4510.110
2014 03 14 09 15 00 1 4510.139
2014 03 14 09 30 00 1 4510.159
2014 03 14 09 45 00 1 4510.163
2014 03 14 10 00 00 1 4510.164
2014 03 14 10 15 00 1 4510.154
2014 03 14 10 30 00 1 4510.129
2014 03 14 10 45 00 1 4510.099
2014 03 14 11 00 00 1 4510.054
2014 03 14 11 15 00 1 4510.008
2014 03 14 11 30 00 1 4509.954
2014 03 14 11 45 00 1 4509.890
2014 03 14 12 00 00 1 4509.821
2014 03 14 12 15 00 1 4509.749
2014 03 14 12 30 00 1 4509.677
2014 03 14 12 45 00 1 4509.601
2014 03 14 13 00 00 1 4509.530
2014 03 14 13 15 00 1 4509.460
2014 03 14 13 30 00 1 4509.394
2014 03 14 13 45 00 1 4509.332
2014 03 14 14 00 00 1 4509.276
2014 03 14 14 15 00 1 4509.225
2014 03 14 14 30 00 1 4509.184
2014 03 14 14 45 00 1 4509.152
2014 03 14 15 00 00 1 4509.128
2014 03 14 15 15 00 1 4509.114
2014 03 14 15 30 00 1 4509.110
2014 03 14 15 45 00 1 4509.113
2014 03 14 16 00 00 1 4509.132
2014 03 14 16 15 00 1 4509.155
2014 03 14 16 30 00 1 4509.193
2014 03 14 16 45 00 1 4509.240
2014 03 14 17 00 00 1 4509.292
2014 03 14 17 15 00 1 4509.354
2014 03 14 17 30 00 1 4509.424
2014 03 14 17 45 00 1 4509.498
2014 03 14 18 00 00 1 4509.576
2014 03 14 18 15 00 1 4509.657
2014 03 14 18 30 00 1 4509.739
2014 03 14 18 45 00 1 4509.822
2014 03 14 19 00 00 1 4509.906
2014 03 14 19 15 00 1 4509.983
2014 03 14 19 30 00 1 4510.055
2014 03 14 19 45 00 1 4510.120
2014 03 14 20 00 00 1 4510.181
2014 03 14 20 15 00 1 4510.235
2014 03 14 20 30 00 1 4510.280
2014 03 14 20 45 00 1 4510.313
2014 03 14 21 00 00 1 4510.335
2014 03 14 21 15 00 1 4510.348
2014 03 14 21 30 00 1 4510.347
2014 03 14 21 45 00 1 4510.335
2014 03 14 22 00 00 1 4510.312
2014 03 14 22 15 00 1 4510.281
2014 03 14 22 30 00 1 4510.235
2014 03 14 22 45 00 1 4510.177
2014 03 14 23 00 00 1 4510.114
2014 03 14 23 15 00 1 4510.038
2014 03 14 23 30 00 1 4509.955
2014 03 14 23 45 00 1 4509.864
2014 03 15 00 00 00 1 4509.769
2014 03 15 00 15 00 1 4509.667
2014 03 15 00 30 00 1 4509.565
2014 03 15 00 45 00 1 4509.458
2014 03 15 01 00 00 1 4509.355
2014 03 15 01 15 00 1 4509.252
2014 03 15 01 30 00 1 4509.152
2014 03 15 01 45 00 1 4509.060
2014 03 15 02 00 00 1 4508.973
2014 03 15 02 15 00 1 4508.893
2014 03 15 02 30 00 1 4508.824
2014 03 15 02 45 00 1 4508.764
2014 03 15 03 00 00 1 4508.712
2014 03 15 03 15 00 1 4508.677
2014 03 15 03 30 00 1 4508.654
2014 03 15 03 45 00 1 4508.639
2014 03 15 04 00 00 1 4508.641
2014 03 15 04 15 00 1 4508.657
2014 03 15 04 30 00 1 4508.682
2014 03 15 04 45 00 1 4508.719
2014 03 15 05 00 00 1 4508.767
2014 03 15 05 15 00 1 4508.829
2014 03 15 05 30 00 1 4508.898
2014 03 15 05 45 00 1 4508.977
2014 03 15 06 00 00 1 4509.062
2014 03 15 06 15 00 1 4509.156
2014 03 15 06 30 00 1 4509.249
2014 03 15 06 45 00 1 4509.346
2014 03 15 07 00 00 1 4509.448
2014 03 15 07 15 00 1 4509.549
2014 03 15 07 30 00 1 4509.647
2014 03 15 07 45 00 1 4509.742
2014 03 15 08 00 00 1 4509.832
2014 03 15 08 15 00 1 4509.920
2014 03 15 08 30 00 1 4509.995
2014 03 15 08 45 00 1 4510.067
2014 03 15 09 00 00 1 4510.124
2014 03 15 09 15 00 1 4510.177
2014 03 15 09 30 00 1 4510.217
2014 03 15 09 45 00 1 4510.243
2014 03 15 10 00 00 1 4510.259
2014 03 15 10 15 00 1 4510.261
2014 03 15 10 30 00 1 4510.251
2014 03 15 10 45 00 1 4510.228
2014 03 15 11 00 00 1 4510.196
2014 03 15 11 15 00 1 4510.156
2014 03 15 11 30 00 1 4510.104
2014 03 15 11 45 00 1 4510.043
2014 03 15 12 00 00 1 4509.974
2014 03 15 12 15 00 1 4509.902
2014 03 15 12 30 00 1 4509.816
2014 03 15 12 45 00 1 4509.733
2014 03 15 13 00 00 1 4509.645
2014 03 15 13 15 00 1 4509.555
2014 03 15 13 30 00 1 4509.466
2014 03 15 13 45 00 1 4509.382
2014 03 15 14 00 00 1 4509.298
2014 03 15 14 15 00 1 4509.224
2014 03 15 14 30 00 1 4509.155
2014 03 15 14 45 00 1 4509.094
2014 03 15 15 00 00 1 4509.043
2014 03 15 15 15 00 1 4509.002
2014 03 15 15 30 00 1 4508.969
2014 03 15 15 45 00 1 4508.949
2014 03 15 16 00 00 1 4508.938
2014 03 15 16 15 00 1 4508.942
2014 03 15 16 30 00 1 4508.964
2014 03 15 16 45 00 1 4508.993
2014 03 15 17 00 00 1 4509.033
2014 03 15 17 15 00 1 4509.083
2014 03 15 17 30 00 1 4509.140
2014 03 15 17 45 00 1 4509.210
2014 03 15 18 00 00 1 4509.287
2014 03 15 18 15 00 1 4509.367
2014 03 15 18 30 00 1 4509.455
2014 03 15 18 45 00 1 4509.547
2014 03 15 19 00 00 1 4509.642
2014 03 15 19 15 00 1 4509.737
2014 03 15 19 30 00 1 4509.830
2014 03 15 19 45 00 1 4509.921
2014 03 15 20 00 00 1 4510.007
2014 03 15 20 15 00 1 4510.088
2014 03 15 20 30 00 1 4510.158
2014 03 15 20 45 00 1 4510.221
2014 03 15 21 00 00 1 4510.274
2014 03 15 21 15 00 1 4510.318
2014 03 15 21 30 00 1 4510.350
2014 03 15 21 45 00 1 4510.369
2014 03 15 22 00 00 1 4510.373
2014 03 15 22 15 00 1 4510.369
2014 03 15 22 30 00 1 4510.350
2014 03 15 22 45 00 1 4510.321
2014 03 15 23 00 00 1 4510.281
2014 03 15 23 15 00 1 4510.226
2014 03 15 23 30 00 1 4510.160
2014 03 15 23 45 00 1 4510.083
2014 03 16 00 00 00 1 4510.001
2014 03 16 00 15 00 1 9999.000
2014 03 16 00 30 00 1 9999.000
2014 03 16 00 45 00 1 9999.000
2014 03 16 01 00 00 1 9999.000
2014 03 16 01 15 00 1 9999.000
2014 03 16 01 30 00 1 9999.000
2014 03 16 01 45 00 1 9999.000
2014 03 16 02 00 00 1 9999.000
2014 03 16 02 15 00 1 9999.000
2014 03 16 02 30 00 1 9999.000
2014 03 16 02 45 00 1 9999.000
2014 03 16 03 00 00 1 9999.000
2014 03 16 03 15 00 1 9999.000
2014 03 16 03 30 00 1 9999.000
2014 03 16 03 45 00 1 9999.000
2014 03 16 04 00 00 1 9999.000
2014 03 16 04 15 00 1 9999.000
2014 03 16 04 30 00 1 9999.000
2014 03 16 04 45 00 1 9999.000
2014 03 16 05 00 00 1 9999.000
2014 03 16 05 15 00 1 9999.000
2014 03 16 05 30 00 1 9999.000
2014 03 16 05 45 00 1 9999.000
2014 03 16 06 00 00 1 9999.000
2014 03 16 06 15 00 1 4509.024
2014 03 16 06 30 00 1 4509.117
2014 03 16 06 45 00 1 4509.214
2014 03 16 07 00 00 1 4509.318
2014 03 16 07 15 00 1 4509.424
2014 03 16 07 30 00 1 4509.531
2014 03 16 07 45 00 1 4509.636
2014 03 16 08 00 00 1 4509.742
2014 03 16 08 15 00 1 4509.842
2014 03 16 08 30 00 1 4509.940
2014 03 16 08 45 00 1 4510.028
2014 03 16 09 00 00 1 4510.111
2014 03 16 09 15 00 1 4510.184
2014 03 16 09 30 00 1 4510.245
2014 03 16 09 45 00 1 4510.295
2014 03 16 10 00 00 1 4510.328
2014 03 16 10 15 00 1 4510.356
2014 03 16 10 30 00 1 4510.359
2014 03 16 10 45 00 1 4510.356
2014 03 16 11 00 00 1 4510.337
2014 03 16 11 15 00 1 4510.311
2014 03 16 11 30 00 1 4510.269
2014 03 16 11 45 00 1 4510.216
2014 03 16 12 00 00 1 4510.156
2014 03 16 12 15 00 1 4510.083
2014 03 16 12 30 00 1 4509.999
2014 03 16 12 45 00 1 4509.913
2014 03 16 13 00 00 1 4509.818
2014 03 16 13 15 00 1 4509.718
2014 03 16 13 30 00 1 4509.615
2014 03 16 13 45 00 1 4509.515
2014 03 16 14 00 00 1 4509.412
2014 03 16 14 15 00 1 4509.318
2014 03 16 14 30 00 1 4509.222
2014 03 16 14 45 00 1 4509.138
2014 03 16 15 00 00 1 4509.061
2014 03 16 15 15 00 1 4508.990
2014 03 16 15 30 00 1 4508.933
2014 03 16 15 45 00 1 4508.882
2014 03 16 16 00 00 1 4508.845
2014 03 16 16 15 00 1 4508.818
2014 03 16 16 30 00 1 4508.808
2014 03 16 16 45 00 1 4508.809
2014 03 16 17 00 00 1 4508.822
2014 03 16 17 15 00 1 4508.849
2014 03 16 17 30 00 1 4508.891
2014 03 16 17 45 00 1 4508.942
2014 03 16 18 00 00 1 4509.004
2014 03 16 18 15 00 1 4509.077
2014 03 16 18 30 00 1 4509.161
2014 03 16 18 45 00 1 4509.250
2014 03 16 19 00 00 1 4509.347
2014 03 16 19 15 00 1 4509.446
2014 03 16 19 30 00 1 4509.545
2014 03 16 19 45 00 1 4509.651
2014 03 16 20 00 00 1 4509.749
2014 03 16 20 15 00 1 4509.849
2014 03 16 20 30 00 1 4509.941
2014 03 16 20 45 00 1 4510.032
2014 03 16 21 00 00 1 4510.111
2014 03 16 21 15 00 1 4510.186
2014 03 16 21 30 00 1 4510.249
2014 03 16 21 45 00 1 4510.298
2014 03 16 22 00 00 1 4510.345
2014 03 16 22 15 00 1 4510.371
2014 03 16 22 30 00 1 4510.388
2014 03 16 22 45 00 1 4510.384
2014 03 16 23 00 00 1 4510.373
2014 03 16 23 15 00 1 4510.342
2014 03 16 23 30 00 1 4510.308
2014 03 16 23 45 00 1 4510.255
2014 03 17 00 00 00 1 4510.188
2014 03 17 00 15 00 1 4510.109
2014 03 17 00 30 00 1 4510.033
2014 03 17 00 45 00 1 4509.939
2014 03 17 01 00 00 1 4509.846
2014 03 17 01 15 00 1 4509.742
2014 03 17 01 30 00 1 4509.632
2014 03 17 01 45 00 1 4509.526
2014 03 17 02 00 00 1 4509.415
2014 03 17 02 15 00 1 4509.309
2014 03 17 02 30 00 1 4509.207
2014 03 17 02 45 00 1 4509.110
2014 03 17 03 00 00 1 4509.024
2014 03 17 03 15 00 1 4508.944
2014 03 17 03 30 00 1 4508.870
2014 03 17 03 45 00 1 4508.812
2014 03 17 04 00 00 1 4508.762
2014 03 17 04 15 00 1 4508.725
2014 03 17 04 30 00 1 4508.705
2014 03 17 04 45 00 1 4508.695
2014 03 17 05 00 00 1 4508.700
2014 03 17 05 15 00 1 4508.716
2014 03 17 05 30 00 1 4508.750
2014 03 17 05 45 00 1 4508.794
2014 03 17 06 00 00 1 4508.852
2014 03 17 06 15 00 1 4508.919
2014 03 17 06 30 00 1 4508.999
2014 03 17 06 45 00 1 4509.088
2014 03 17 07 00 00 1 4509.183
2014 03 17 07 15 00 1 4509.285
2014 03 17 07 30 00 1 4509.396
2014 03 17 07 45 00 1 4509.502
2014 03 17 08 00 00 1 4509.615
2014 03 17 08 15 00 1 4509.723
2014 03 17 08 30 00 1 4509.833
2014 03 17 08 45 00 1 4509.935
2014 03 17 09 00 00 1 4510.035
2014 03 17 09 15 00 1 4510.125
2014 03 17 09 30 00 1 4510.207
2014 03 17 09 45 00 1 4510.275
2014 03 17 10 00 00 1 4510.332
2014 03 17 10 15 00 1 4510.378
2014 03 17 10 30 00 1 4510.414
2014 03 17 10 45 00 1 4510.435
2014 03 17 11 00 00 1 4510.438
2014 03 17 11 15 00 1 4510.430
2014 03 17 11 30 00 1 4510.407
2014 03 17 11 45 00 1 4510.370
2014 03 17 12 00 00 1 4510.323
2014 03 17 12 15 00 1 4510.258
2014 03 17 12 30 00 1 4510.188
2014 03 17 12 45 00 1 4510.105
2014 03 17 13 00 00 1 4510.009
2014 03 17 13 15 00 1 4509.911
2014 03 17 13 30 00 1 4509.808
2014 03 17 13 45 00 1 4509.695
2014 03 17 14 00 00 1 4509.583
2014 03 17 14 15 00 1 4509.471
2014 03 17 14 30 00 1 4509.362
2014 03 17 14 45 00 1 4509.255
2014 03 17 15 00 00 1 4509.155
2014 03 17 15 15 00 1 4509.057
2014 03 17 15 30 00 1 4508.969
2014 03 17 15 45 00 1 4508.889
2014 03 17 16 00 00 1 4508.822
2014 03 17 16 15 00 1 4508.764
2014 03 17 16 30 00 1 4508.718
2014 03 17 16 45 00 1 4508.685
2014 03 17 17 00 00 1 4508.668
2014 03 17 17 15 00 1 4508.666
2014 03 17 17 30 00 1 4508.676
2014 03 17 17 45 00 1 4508.703
2014 03 17 18 00 00 1 4508.745
2014 03 17 18 15 00 1 4508.797
2014 03 17 18 30 00 1 4508.864
2014 03 17 18 45 00 1 4508.941
2014 03 17 19 00 00 1 4509.025
2014 03 17 19 15 00 1 4509.118
2014 03 17 19 30 00 1 4509.216
2014 03 17 19 45 00 1 4509.321
2014 03 17 20 00 00 1 4509.424
2014 03 17 20 15 00 1 4509.535
2014 03 17 20 30 00 1 4509.641
2014 03 17 20 45 00 1 4509.747
2014 03 17 21 00 00 1 4509.850
2014 03 17 21 15 00 1 4509.946
2014 03 17 21 30 00 1 4510.036
2014 03 17 21 45 00 1 4510.121
2014 03 17 22 00 00 1 4510.193
2014 03 17 22 15 00 1 4510.250
2014 03 17 22 30 00 1 4510.299
2014 03 17 22 45 00 1 4510.334
2014 03 17 23 00 00 1 4510.356
2014 03 17 23 15 00 1 4510.364
2014 03 17 23 30 00 1 4510.356
2014 03 17 23 45 00 1 4510.335
2014 03 18 00 00 00 1 4510.298
2014 03 18 00 15 00 1 4510.252
2014 03 18 00 30 00 1 4510.195
2014 03 18 00 45 00 1 4510.126
2014 03 18 01 00 00 1 4510.048
2014 03 18 01 15 00 1 4509.959
2014 03 18 01 30 00 1 4509.869
2014 03 18 01 45 00 1 4509.770
2014 03 18 02 00 00 1 4509.668
2014 03 18 02 15 00 1 4509.564
2014 03 18 02 30 00 1 4509.458
2014 03 18 02 45 00 1 4509.354
2014 03 18 03 00 00 1 4509.256
2014 03 18 03 15 00 1 4509.163
2014 03 18 03 30 00 1 4509.077
2014 03 18 03 45 00 1 4508.997
2014 03 18 04 00 00 1 4508.928
2014 03 18 04 15 00 1 4508.869
2014 03 18 04 30 00 1 4508.825
2014 03 18 04 45 00 1 4508.791
2014 03 18 05 00 00 1 4508.772
2014 03 18 05 15 00 1 4508.763
2014 03 18 05 30 00 1 4508.772
2014 03 18 05 45 00 1 4508.793
2014 03 18 06 00 00 1 4508.828
2014 03 18 06 15 00 1 4508.877
2014 03 18 06 30 00 1 4508.935
2014 03 18 06 45 00 1 4509.005
2014 03 18 07 00 00 1 4509.087
2014 03 18 07 15 00 1 4509.175
2014 03 18 07 30 00 1 4509.273
2014 03 18 07 45 00 1 4509.377
2014 03 18 08 00 00 1 4509.485
2014 03 18 08 15 00 1 4509.596
2014 03 18 08 30 00 1 4509.709
2014 03 18 08 45 00 1 4509.817
2014 03 18 09 00 00 1 4509.924
2014 03 18 09 15 00 1 4510.028
2014 03 18 09 30 00 1 4510.125
2014 03 18 09 45 00 1 4510.211
2014 03 18 10 00 00 1 4510.290
2014 03 18 10 15 00 1 4510.358
2014 03 18 10 30 00 1 4510.414
2014 03 18 10 45 00 1 4510.459
2014 03 18 11 00 00 1 4510.490
2014 03 18 11 15 00 1 4510.507
2014 03 18 11 30 00 1 4510.510
2014 03 18 11 45 00 1 4510.493
2014 03 18 12 00 00 1 4510.466
2014 03 18 12 15 00 1 4510.424
2014 03 18 12 30 00 1 4510.368
2014 03 18 12 45 00 1 4510.301
2014 03 18 13 00 00 1 4510.221
2014 03 18 13 15 00 1 4510.133
2014 03 18 13 30 00 1 4510.033
2014 03 18 13 45 00 1 4509.926
2014 03 18 14 00 00 1 4509.813
2014 03 18 14 15 00 1 4509.698
2014 03 18 14 30 00 1 4509.578
2014 03 18 14 45 00 1 4509.460
2014 03 18 15 00 00 1 4509.341
2014 03 18 15 15 00 1 4509.228
2014 03 18 15 30 00 1 4509.119
2014 03 18 15 45 00 1 4509.018
2014 03 18 16 00 00 1 4508.923
2014 03 18 16 15 00 1 4508.840
2014 03 18 16 30 00 1 4508.766
2014 03 18 16 45 00 1 4508.704
2014 03 18 17 00 00 1 4508.653
2014 03 18 17 15 00 1 4508.616
2014 03 18 17 30 00 1 4508.596
2014 03 18 17 45 00 1 4508.587
2014 03 18 18 00 00 1 4508.595
2014 03 18 18 15 00 1 4508.618
2014 03 18 18 30 00 1 4508.658
2014 03 18 18 45 00 1 4508.707
2014 03 18 19 00 00 1 4508.767
2014 03 18 19 15 00 1 4508.841
2014 03 18 19 30 00 1 4508.923
2014 03 18 19 45 00 1 4509.016
2014 03 18 20 00 00 1 4509.113
2014 03 18 20 15 00 1 4509.215
2014 03 18 20 30 00 1 4509.323
2014 03 18 20 45 00 1 4509.434
2014 03 18 21 00 00 1 4509.547
2014 03 18 21 15 00 1 4509.658
2014 03 18 21 30 00 1 4509.763
2014 03 18 21 45 00 1 4509.864
2014 03 18 22 00 00 1 4509.958
2014 03 18 22 15 00 1 4510.044
2014 03 18 22 30 00 1 4510.118
2014 03 18 22 45 00 1 4510.184
2014 03 18 23 00 00 1 4510.233
2014 03 18 23 15 00 1 4510.271
2014 03 18 23 30 00 1 4510.297
2014 03 18 23 45 00 1 4510.313
2014 03 19 00 00 00 1 4510.315
2014 03 19 00 15 00 1 4510.301
2014 03 19 00 30 00 1 4510.277
2014 03 19 00 45 00 1 4510.237
2014 03 19 01 00 00 1 4510.187
2014 03 19 01 15 00 1 4510.128
2014 03 19 01 30 00 1 4510.058
2014 03 19 01 45 00 1 4509.981
2014 03 19 02 00 00 1 4509.892
2014 03 19 02 15 00 1 4509.800
2014 03 19 02 30 00 1 4509.705
2014 03 19 02 45 00 1 4509.605
2014 03 19 03 00 00 1 4509.506
2014 03 19 03 15 00 1 4509.411
2014 03 19 03 30 00 1 4509.320
2014 03 19 03 45 00 1 4509.233
2014 03 19 04 00 00 1 4509.149
2014 03 19 04 15 00 1 4509.077
2014 03 19 04 30 00 1 4509.014
2014 03 19 04 45 00 1 4508.958
2014 03 19 05 00 00 1 4508.913
2014 03 19 05 15 00 1 4508.881
2014 03 19 05 30 00 1 4508.864
2014 03 19 05 45 00 1 4508.858
2014 03 19 06 00 00 1 4508.867
2014 03 19 06 15 00 1 4508.889
2014 03 19 06 30 00 1 4508.926
2014 03 19 06 45 00 1 4508.974
2014 03 19 07 00 00 1 4509.035
2014 03 19 07 15 00 1 4509.105
2014 03 19 07 30 00 1 4509.188
2014 03 19 07 45 00 1 4509.277
2014 03 19 08 00 00 1 4509.373
2014 03 19 08 15 00 1 4509.478
2014 03 19 08 30 00 1 4509.584
2014 03 19 08 45 00 1 4509.693
2014 03 19 09 00 00 1 4509.805
2014 03 19 09 15 00 1 4509.913
2014 03 19 09 30 00 1 4510.016
2014 03 19 09 45 00 1 4510.116
2014 03 19 10 00 00 1 4510.209
2014 03 19 10 15 00 1 4510.298
2014 03 19 10 30 00 1 4510.376
2014 03 19 10 45 00 1 4510.443
2014 03 19 11 00 00 1 4510.500
2014 03 19 11 15 00 1 4510.541
2014 03 19 11 30 00 1 4510.571
2014 03 19 11 45 00 1 4510.588
2014 03 19 12 00 00 1 4510.589
2014 03 19 12 15 00 1 4510.576
2014 03 19 12 30 00 1 4510.545
2014 03 19 12 45 00 1 4510.499
2014 03 19 13 00 00 1 4510.444
2014 03 19 13 15 00 1 4510.373
2014 03 19 13 30 00 1 4510.294
2014 03 19 13 45 00 1 4510.201
2014 03 19 14 00 00 1 4510.101
2014 03 19 14 15 00 1 4509.992
2014 03 19 14 30 00 1 4509.880
2014 03 19 14 45 00 1 4509.761
2014 03 19 15 00 00 1 4509.638
2014 03 19 15 15 00 1 4509.513
2014 03 19 15 30 00 1 4509.391
2014 03 19 15 45 00 1 4509.271
2014 03 19 16 00 00 1 4509.156
2014 03 19 16 15 00 1 4509.049
2014 03 19 16 30 00 1 4508.948
2014 03 19 16 45 00 1 4508.856
2014 03 19 17 00 00 1 4508.776
2014 03 19 17 15 00 1 4508.706
2014 03 19 17 30 00 1 4508.649
2014 03 19 17 45 00 1 4508.606
2014 03 19 18 00 00 1 4508.575
2014 03 19 18 15 00 1 4508.561
2014 03 19 18 30 00 1 4508.561
2014 03 19 18 45 00 1 4508.575
2014 03 19 19 00 00 1 4508.603
2014 03 19 19 15 00 1 4508.647
2014 03 19 19 30 00 1 4508.702
2014 03 19 19 45 00 1 4508.769
2014 03 19 20 00 00 1 4508.844
2014 03 19 20 15 00 1 4508.931
2014 03 19 20 30 00 1 4509.024
2014 03 19 20 45 00 1 4509.124
2014 03 19 21 00 00 1 4509.228
2014 03 19 21 15 00 1 4509.336
2014 03 19 21 30 00 1 4509.443
2014 03 19 21 45 00 1 4509.552
2014 03 19 22 00 00 1 4509.657
2014 03 19 22 15 00 1 4509.756
2014 03 19 22 30 00 1 4509.848
2014 03 19 22 45 00 1 4509.936
2014 03 19 23 00 00 1 4510.014
2014 03 19 23 15 00 1 4510.083
2014 03 19 23 30 00 1 4510.142
2014 03 19 23 45 00 1 4510.187
2014 03 20 00 00 00 1 4510.223
2014 03 20 00 15 00 1 4510.245
2014 03 20 00 30 00 1 4510.256
2014 03 20 00 45 00 1 4510.251
2014 03 20 01 00 00 1 4510.238
2014 03 20 01 15 00 1 4510.212
2014 03 20 01 30 00 1 4510.171
2014 03 20 01 45 00 1 4510.123
2014 03 20 02 00 00 1 4510.063
2014 03 20 02 15 00 1 4509.996
2014 03 20 02 30 00 1 4509.921
2014 03 20 02 45 00 1 4509.838
2014 03 20 03 00 00 1 4509.757
2014 03 20 03 15 00 1 4509.669
2014 03 20 03 30 00 1 4509.582
2014 03 20 03 45 00 1 4509.499
2014 03 20 04 00 00 1 4509.417
2014 03 20 04 15 00 1 4509.337
2014 03 20 04 30 00 1 4509.265
2014 03 20 04 45 00 1 4509.197
2014 03 20 05 00 00 1 4509.140
2014 03 20 05 15 00 1 4509.092
2014 03 20 05 30 00 1 4509.052
2014 03 20 05 45 00 1 4509.023
2014 03 20 06 00 00 1 4509.005
2014 03 20 06 15 00 1 4508.997
2014 03 20 06 30 00 1 4509.008
2014 03 20 06 45 00 1 4509.025
2014 03 20 07 00 00 1 4509.060
2014 03 20 07 15 00 1 4509.103
2014 03 20 07 30 00 1 4509.161
2014 03 20 07 45 00 1 4509.224
2014 03 20 08 00 00 1 4509.300
2014 03 20 08 15 00 1 4509.384
2014 03 20 08 30 00 1 4509.475
2014 03 20 08 45 00 1 4509.573
2014 03 20 09 00 00 1 4509.674
2014 03 20 09 15 00 1 4509.776
2014 03 20 09 30 00 1 4509.880
2014 03 20 09 45 00 1 4509.980
2014 03 20 10 00 00 1 4510.079
2014 03 20 10 15 00 1 4510.175
2014 03 20 10 30 00 1 4510.261
2014 03 20 10 45 00 1 4510.343
2014 03 20 11 00 00 1 4510.418
2014 03 20 11 15 00 1 4510.482
2014 03 20 11 30 00 1 4510.537
2014 03 20 11 45 00 1 4510.577
2014 03 20 12 00 00 1 4510.603
2014 03 20 12 15 00 1 4510.615
2014 03 20 12 30 00 1 4510.613
2014 03 20 12 45 00 1 4510.600
2014 03 20 13 00 00 1 4510.573
2014 03 20 13 15 00 1 4510.531
2014 03 20 13 30 00 1 4510.476
2014 03 20 13 45 00 1 4510.410
2014 03 20 14 00 00 1 4510.334
2014 03 20 14 15 00 1 4510.246
2014 03 20 14 30 00 1 4510.149
2014 03 20 14 45 00 1 4510.041
2014 03 20 15 00 00 1 4509.930
2014 03 20 15 15 00 1 4509.810
2014 03 20 15 30 00 1 4509.688
2014 03 20 15 45 00 1 4509.564
2014 03 20 16 00 00 1 4509.441
2014 03 20 16 15 00 1 4509.321
2014 03 20 16 30 00 1 4509.204
2014 03 20 16 45 00 1 4509.095
2014 03 20 17 00 00 1 4508.991
2014 03 20 17 15 00 1 4508.894
2014 03 20 17 30 00 1 4508.807
2014 03 20 17 45 00 1 4508.729
2014 03 20 18 00 00 1 4508.668
2014 03 20 18 15 00 1 9999.000
2014 03 20 18 30 00 1 9999.000
2014 03 20 18 45 00 1 9999.000
2014 03 20 19 00 00 1 9999.000
2014 03 20 19 15 00 1 9999.000
2014 03 20 19 30 00 1 9999.000
2014 03 20 19 45 00 1 9999.000
2014 03 20 20 00 00 1 9999.000
2014 03 20 20 15 00 1 9999.000
2014 03 20 20 30 00 1 9999.000
2014 03 20 20 45 00 1 9999.000
2014 03 20 21 00 00 1 9999.000
2014 03 20 21 15 00 1 9999.000
2014 03 20 21 30 00 1 9999.000
2014 03 20 21 45 00 1 9999.000
2014 03 20 22 00 00 1 9999.000
2014 03 20 22 15 00 1 9999.000
2014 03 20 22 30 00 1 9999.000
2014 03 20 22 45 00 1 9999.000
2014 03 20 23 00 00 1 9999.000
2014 03 20 23 15 00 1 9999.000
2014 03 20 23 30 00 1 9999.000
2014 03 20 23 45 00 1 9999.000
2014 03 21 00 00 00 1 9999.000
2014 03 21 00 15 00 1 4510.012
2014 03 21 00 30 00 1 4510.055
2014 03 21 00 45 00 1 4510.087
2014 03 21 01 00 00 1 4510.108
2014 03 21 01 15 00 1 4510.117
2014 03 21 01 30 00 1 4510.117
2014 03 21 01 45 00 1 4510.105
2014 03 21 02 00 00 1 4510.079
2014 03 21 02 15 00 1 4510.046
2014 03 21 02 30 00 1 4510.004
2014 03 21 02 45 00 1 4509.953
2014 03 21 03 00 00 1 4509.898
2014 03 21 03 15 00 1 4509.834
2014 03 21 03 30 00 1 4509.767
2014 03 21 03 45 00 1 4509.698
2014 03 21 04 00 00 1 4509.626
2014 03 21 04 15 00 1 4509.554
2014 03 21 04 30 00 1 4509.484
2014 03 21 04 45 00 1 4509.416
2014 03 21 05 00 00 1 4509.353
2014 03 21 05 15 00 1 4509.295
2014 03 21 05 30 00 1 4509.244
2014 03 21 05 45 00 1 4509.199
2014 03 21 06 00 00 1 4509.164
2014 03 21 06 15 00 1 4509.138
2014 03 21 06 30 00 1 4509.121
2014 03 21 06 45 00 1 4509.116
2014 03 21 07 00 00 1 4509.121
2014 03 21 07 15 00 1 4509.138
2014 03 21 07 30 00 1 4509.165
2014 03 21 07 45 00 1 4509.204
2014 03 21 08 00 00 1 4509.252
2014 03 21 08 15 00 1 4509.309
2014 03 21 08 30 00 1 4509.372
2014 03 21 08 45 00 1 4509.445
2014 03 21 09 00 00 1 4509.527
2014 03 21 09 15 00 1 4509.612
2014 03 21 09 30 00 1 4509.700
2014 03 21 09 45 00 1 4509.792
2014 03 21 10 00 00 1 4509.883
2014 03 21 10 15 00 1 4509.973
2014 03 21 10 30 00 1 4510.062
2014 03 21 10 45 00 1 4510.150
2014 03 21 11 00 00 1 4510.233
2014 03 21 11 15 00 1 4510.310
2014 03 21 11 30 00 1 4510.378
2014 03 21 11 45 00 1 4510.441
2014 03 21 12 00 00 1 4510.487
2014 03 21 12 15 00 1 4510.526
2014 03 21 12 30 00 1 4510.553
2014 03 21 12 45 00 1 4510.571
2014 03 21 13 00 00 1 4510.575
2014 03 21 13 15 00 1 4510.567
2014 03 21 13 30 00 1 4510.549
2014 03 21 13 45 00 1 4510.515
2014 03 21 14 00 00 1 4510.468
2014 03 21 14 15 00 1 4510.413
2014 03 21 14 30 00 1 4510.347
2014 03 21 14 45 00 1 4510.267
2014 03 21 15 00 00 1 4510.179
2014 03 21 15 15 00 1 4510.081
2014 03 21 15 30 00 1 4509.976
2014 03 21 15 45 00 1 4509.867
2014 03 21 16 00 00 1 4509.754
2014 03 21 16 15 00 1 4509.638
2014 03 21 16 30 00 1 4509.523
2014 03 21 16 45 00 1 4509.409
2014 03 21 17 00 00 1 4509.297
2014 03 21 17 15 00 1 4509.188
2014 03 21 17 30 00 1 4509.085
2014 03 21 17 45 00 1 4508.987
2014 03 21 18 00 00 1 4508.896
2014 03 21 18 15 00 1 4508.815
2014 03 21 18 30 00 1 4508.741
2014 03 21 18 45 00 1 4508.684
2014 03 21 19 00 00 1 4508.635
2014 03 21 19 15 00 1 4508.596
2014 03 21 19 30 00 1 4508.572
2014 03 21 19 45 00 1 4508.560
2014 03 21 20 00 00 1 4508.559
2014 03 21 20 15 00 1 4508.571
2014 03 21 20 30 00 1 4508.596
2014 03 21 20 45 00 1 4508.630
2014 03 21 21 00 00 1 4508.674
2014 03 21 21 15 00 1 4508.732
2014 03 21 21 30 00 1 4508.794
2014 03 21 21 45 00 1 4508.866
2014 03 21 22 00 00 1 4508.942
2014 03 21 22 15 00 1 4509.023
2014 03 21 22 30 00 1 4509.111
2014 03 21 22 45 00 1 4509.198
2014 03 21 23 00 00 1 4509.288
2014 03 21 23 15 00 1 4509.376
2014 03 21 23 30 00 1 4509.464
2014 03 21 23 45 00 1 4509.547
2014 03 22 00 00 00 1 4509.627
2014 03 22 00 15 00 1 4509.703
2014 03 22 00 30 00 1 4509.766
2014 03 22 00 45 00 1 4509.826
2014 03 22 01 00 00 1 4509.878
2014 03 22 01 15 00 1 4509.918
2014 03 22 01 30 00 1 4509.949
2014 03 22 01 45 00 1 4509.970
2014 03 22 02 00 00 1 4509.978
2014 03 22 02 15 00 1 4509.982
2014 03 22 02 30 00 1 4509.975
2014 03 22 02 45 00 1 4509.959
2014 03 22 03 00 00 1 4509.934
2014 03 22 03 15 00 1 4509.904
2014 03 22 03 30 00 1 4509.867
2014 03 22 03 45 00 1 4509.824
2014 03 22 04 00 00 1 4509.777
2014 03 22 04 15 00 1 4509.727
2014 03 22 04 30 00 1 4509.671
2014 03 22 04 45 00 1 4509.616
2014 03 22 05 00 00 1 4509.562
2014 03 22 05 15 00 1 4509.509
2014 03 22 05 30 00 1 4509.456
2014 03 22 05 45 00 1 4509.406
2014 03 22 06 00 00 1 4509.362
2014 03 22 06 15 00 1 4509.325
2014 03 22 06 30 00 1 4509.292
2014 03 22 06 45 00 1 4509.267
2014 03 22 07 00 00 1 4509.249
2014 03 22 07 15 00 1 4509.240
2014 03 22 07 30 00 1 4509.239
2014 03 22 07 45 00 1 4509.248
2014 03 22 08 00 00 1 4509.265
2014 03 22 08 15 00 1 4509.293
2014 03 22 08 30 00 1 4509.329
2014 03 22 08 45 00 1 4509.371
2014 03 22 09 00 00 1 4509.423
2014 03 22 09 15 00 1 4509.480
2014 03 22 09 30 00 1 4509.544
2014 03 22 09 45 00 1 4509.615
2014 03 22 10 00 00 1 4509.687
2014 03 22 10 15 00 1 4509.766
2014 03 22 10 30 00 1 4509.846
2014 03 22 10 45 00 1 4509.928
2014 03 22 11 00 00 1 4510.007
2014 03 22 11 15 00 1 4510.085
2014 03 22 11 30 00 1 4510.159
2014 03 22 11 45 00 1 4510.232
2014 03 22 12 00 00 1 4510.294
2014 03 22 12 15 00 1 4510.350
2014 03 22 12 30 00 1 4510.399
2014 03 22 12 45 00 1 4510.437
2014 03 22 13 00 00 1 4510.470
2014 03 22 13 15 00 1 4510.492
2014 03 22 13 30 00 1 4510.506
2014 03 22 13 45 00 1 4510.508
2014 03 22 14 00 00 1 4510.498
2014 03 22 14 15 00 1 4510.477
2014 03 22 14 30 00 1 4510.443
2014 03 22 14 45 00 1 4510.400
2014 03 22 15 00 00 1 4510.346
2014 03 22 15 15 00 1 4510.282
2014 03 22 15 30 00 1 4510.208
2014 03 22 15 45 00 1 4510.124
2014 03 22 16 00 00 1 4510.039
2014 03 22 16 15 00 1 4509.943
2014 03 22 16 30 00 1 4509.844
2014 03 22 16 45 00 1 4509.743
2014 03 22 17 00 00 1 4509.638
2014 03 22 17 15 00 1 4509.532
2014 03 22 17 30 00 1 4509.427
2014 03 22 17 45 00 1 4509.325
2014 03 22 18 00 00 1 4509.228
2014 03 22 18 15 00 1 4509.133
2014 03 22 18 30 00 1 4509.043
2014 03 22 18 45 00 1 4508.959
2014 03 22 19 00 00 1 4508.881
2014 03 22 19 15 00 1 4508.810
2014 03 22 19 30 00 1 4508.750
2014 03 22 19 45 00 1 4508.701
2014 03 22 20 00 00 1 4508.661
2014 03 22 20 15 00 1 4508.628
2014 03 22 20 30 00 1 4508.610
2014 03 22 20 45 00 1 4508.603
2014 03 22 21 00 00 1 4508.606
2014 03 22 21 15 00 1 4508.620
2014 03 22 21 30 00 1 4508.643
2014 03 22 21 45 00 1 4508.677
2014 03 22 22 00 00 1 4508.717
2014 03 22 22 15 00 1 4508.766
2014 03 22 22 30 00 1 4508.823
2014 03 22 22 45 00 1 4508.883
2014 03 22 23 00 00 1 4508.950
2014 03 22 23 15 00 1 4509.023
2014 03 22 23 30 00 1 4509.099
2014 03 22 23 45 00 1 4509.174
2014 03 23 00 00 00 1 4509.250
2014 03 23 00 15 00 1 4509.326
2014 03 23 00 30 00 1 4509.402
2014 03 23 00 45 00 1 4509.474
2014 03 23 01 00 00 1 4509.541
2014 03 23 01 15 00 1 4509.603
2014 03 23 01 30 00 1 4509.660
2014 03 23 01 45 00 1 4509.712
2014 03 23 02 00 00 1 4509.751
2014 03 23 02 15 00 1 4509.786
2014 03 23 02 30 00 1 4509.815
2014 03 23 02 45 00 1 4509.835
2014 03 23 03 00 00 1 4509.849
2014 03 23 03 15 00 1 4509.858
2014 03 23 03 30 00 1 4509.857
2014 03 23 03 45 00 1 4509.849
2014 03 23 04 00 00 1 4509.834
2014 03 23 04 15 00 1 4509.812
2014 03 23 04 30 00 1 4509.785
2014 03 23 04 45 00 1 4509.756
2014 03 23 05 00 00 1 4509.721
2014 03 23 05 15 00 1 4509.686
2014 03 23 05 30 00 1 4509.647
2014 03 23 05 45 00 1 4509.608
2014 03 23 06 00 00 1 4509.568
2014 03 23 06 15 00 1 4509.532
2014 03 23 06 30 00 1 4509.495
2014 03 23 06 45 00 1 4509.464
2014 03 23 07 00 00 1 4509.434
2014 03 23 07 15 00 1 4509.410
2014 03 23 07 30 00 1 4509.393
2014 03 23 07 45 00 1 4509.379
2014 03 23 08 00 00 1 4509.372
2014 03 23 08 15 00 1 4509.374
2014 03 23 08 30 00 1 4509.377
2014 03 23 08 45 00 1 4509.390
2014 03 23 09 00 00 1 4509.414
2014 03 23 09 15 00 1 4509.437
2014 03 23 09 30 00 1 4509.473
2014 03 23 09 45 00 1 4509.510
2014 03 23 10 00 00 1 4509.557
2014 03 23 10 15 00 1 4509.610
2014 03 23 10 30 00 1 4509.664
2014 03 23 10 45 00 1 4509.722
2014 03 23 11 00 00 1 4509.785
2014 03 23 11 15 00 1 4509.847
2014 03 23 11 30 00 1 4509.914
2014 03 23 11 45 00 1 4509.978
2014 03 23 12 00 00 1 4510.043
2014 03 23 12 15 00 1 4510.106
2014 03 23 12 30 00 1 4510.164
2014 03 23 12 45 00 1 4510.219
2014 03 23 13 00 00 1 4510.268
2014 03 23 13 15 00 1 4510.312
2014 03 23 13 30 00 1 4510.350
2014 03 23 13 45 00 1 4510.380
2014 03 23 14 00 00 1 4510.401
2014 03 23 14 15 00 1 4510.414
2014 03 23 14 30 00 1 4510.418
2014 03 23 14 45 00 1 4510.414
2014 03 23 15 00 00 1 4510.400
2014 03 23 15 15 00 1 4510.374
2014 03 23 15 30 00 1 4510.342
2014 03 23 15 45 00 1 4510.298
2014 03 23 16 00 00 1 4510.250
2014 03 23 16 15 00 1 4510.193
2014 03 23 16 30 00 1 4510.126
2014 03 23 16 45 00 1 4510.056
2014 03 23 17 00 00 1 4509.975
2014 03 23 17 15 00 1 4509.893
2014 03 23 17 30 00 1 4509.802
2014 03 23 17 45 00 1 4509.711
2014 03 23 18 00 00 1 4509.618
2014 03 23 18 15 00 1 4509.525
2014 03 23 18 30 00 1 4509.429
2014 03 23 18 45 00 1 4509.336
2014 03 23 19 00 00 1 4509.243
2014 03 23 19 15 00 1 4509.153
2014 03 23 19 30 00 1 4509.071
2014 03 23 19 45 00 1 4508.991
2014 03 23 20 00 00 1 4508.921
2014 03 23 20 15 00 1 4508.854
2014 03 23 20 30 00 1 4508.796
2014 03 23 20 45 00 1 4508.747
2014 03 23 21 00 00 1 4508.707
2014 03 23 21 15 00 1 4508.674
2014 03 23 21 30 00 1 4508.651
2014 03 23 21 45 00 1 4508.640
2014 03 23 22 00 00 1 4508.637
2014 03 23 22 15 00 1 4508.641
2014 03 23 22 30 00 1 4508.654
2014 03 23 22 45 00 1 4508.678
2014 03 23 23 00 00 1 4508.709
2014 03 23 23 15 00 1 4508.749
2014 03 23 23 30 00 1 4508.793
2014 03 23 23 45 00 1 4508.847
2014 03 24 00 00 00 1 4508.905
2014 03 24 00 15 00 1 4508.966
2014 03 24 00 30 00 1 4509.031
2014 03 24 00 45 00 1 4509.097
2014 03 24 01 00 00 1 4509.163
2014 03 24 01 15 00 1 4509.229
2014 03 24 01 30 00 1 4509.297
2014 03 24 01 45 00 1 4509.362
2014 03 24 02 00 00 1 4509.426
2014 03 24 02 15 00 1 4509.487
2014 03 24 02 30 00 1 4509.544
2014 03 24 02 45 00 1 4509.594
2014 03 24 03 00 00 1 4509.643
2014 03 24 03 15 00 1 4509.685
2014 03 24 03 30 00 1 4509.719
2014 03 24 03 45 00 1 4509.750
2014 03 24 04 00 00 1 4509.773
2014 03 24 04 15 00 1 4509.789
2014 03 24 04 30 00 1 4509.797
2014 03 24 04 45 00 1 4509.803
2014 03 24 05 00 00 1 4509.801
2014 03 24 05 15 00 1 4509.791
2014 03 24 05 30 00 1 4509.777
2014 03 24 05 45 00 1 4509.759
2014 03 24 06 00 00 1 4509.740
2014 03 24 06 15 00 1 4509.717
2014 03 24 06 30 00 1 4509.693
2014 03 24 06 45 00 1 4509.667
2014 03 24 07 00 00 1 4509.640
2014 03 24 07 15 00 1 4509.613
2014 03 24 07 30 00 1 4509.586
2014 03 24 07 45 00 1 4509.562
2014 03 24 08 00 00 1 4509.536
2014 03 24 08 15 00 1 4509.513
2014 03 24 08 30 00 1 4509.498
2014 03 24 08 45 00 1 4509.482
2014 03 24 09 00 00 1 4509.470
2014 03 24 09 15 00 1 4509.463
2014 03 24 09 30 00 1 4509.463
2014 03 24 09 45 00 1 4509.466
2014 03 24 10 00 00 1 4509.477
2014 03 24 10 15 00 1 4509.494
2014 03 24 10 30 00 1 4509.516
2014 03 24 10 45 00 1 4509.545
2014 03 24 11 00 00 1 4509.575
2014 03 24 11 15 00 1 4509.614
2014 03 24 11 30 00 1 4509.657
2014 03 24 11 45 00 1 4509.702
2014 03 24 12 00 00 1 4509.752
2014 03 24 12 15 00 1 4509.801
2014 03 24 12 30 00 1 4509.851
2014 03 24 12 45 00 1 4509.904
2014 03 24 13 00 00 1 4509.957
2014 03 24 13 15 00 1 4510.011
2014 03 24 13 30 00 1 4510.061
2014 03 24 13 45 00 1 4510.106
2014 03 24 14 00 00 1 4510.148
2014 03 24 14 15 00 1 4510.186
2014 03 24 14 30 00 1 4510.221
2014 03 24 14 45 00 1 4510.249
2014 03 24 15 00 00 1 4510.270
2014 03 24 15 15 00 1 4510.284
2014 03 24 15 30 00 1 4510.291
2014 03 24 15 45 00 1 4510.290
2014 03 24 16 00 00 1 4510.284
2014 03 24 16 15 00 1 4510.271
2014 03 24 16 30 00 1 4510.246
2014 03 24 16 45 00 1 4510.214
2014 03 24 17 00 00 1 4510.174
2014 03 24 17 15 00 1 4510.127
2014 03 24 17 30 00 1 4510.071
2014 03 24 17 45 00 1 4510.008
2014 03 24 18 00 00 1 4509.942
2014 03 24 18 15 00 1 4509.869
2014 03 24 18 30 00 1 4509.791
2014 03 24 18 45 00 1 4509.709
2014 03 24 19 00 00 1 4509.627
2014 03 24 19 15 00 1 4509.542
2014 03 24 19 30 00 1 4509.454
2014 03 24 19 45 00 1 4509.366
2014 03 24 20 00 00 1 4509.280
2014 03 24 20 15 00 1 4509.195
2014 03 24 20 30 00 1 4509.114
2014 03 24 20 45 00 1 4509.033
2014 03 24 21 00 00 1 4508.957
2014 03 24 21 15 00 1 4508.889
2014 03 24 21 30 00 1 4508.825
2014 03 24 21 45 00 1 4508.767
2014 03 24 22 00 00 1 4508.719
2014 03 24 22 15 00 1 4508.679
2014 03 24 22 30 00 1 4508.645
2014 03 24 22 45 00 1 4508.618
2014 03 24 23 00 00 1 4508.603
2014 03 24 23 15 00 1 4508.597
2014 03 24 23 30 00 1 4508.601
2014 03 24 23 45 00 1 4508.613
2014 03 25 00 00 00 1 4508.636
2014 03 25 00 15 00 1 4508.664
2014 03 25 00 30 00 1 4508.702
2014 03 25 00 45 00 1 4508.746
2014 03 25 01 00 00 1 4508.796
2014 03 25 01 15 00 1 4508.850
2014 03 25 01 30 00 1 4508.909
2014 03 25 01 45 00 1 4508.973
2014 03 25 02 00 00 1 4509.039
2014 03 25 02 15 00 1 4509.105
2014 03 25 02 30 00 1 4509.174
2014 03 25 02 45 00 1 4509.245
2014 03 25 03 00 00 1 4509.313
2014 03 25 03 15 00 1 4509.379
2014 03 25 03 30 00 1 4509.445
2014 03 25 03 45 00 1 4509.507
2014 03 25 04 00 00 1 4509.564
2014 03 25 04 15 00 1 4509.618
2014 03 25 04 30 00 1 4509.664
2014 03 25 04 45 00 1 4509.705
2014 03 25 05 00 00 1 4509.739
2014 03 25 05 15 00 1 4509.767
2014 03 25 05 30 00 1 4509.793
2014 03 25 05 45 00 1 4509.808
2014 03 25 06 00 00 1 4509.821
2014 03 25 06 15 00 1 4509.825
2014 03 25 06 30 00 1 4509.822
2014 03 25 06 45 00 1 4509.816
2014 03 25 07 00 00 1 4509.804
2014 03 25 07 15 00 1 4509.788
2014 03 25 07 30 00 1 4509.767
2014 03 25 07 45 00 1 4509.746
2014 03 25 08 00 00 1 4509.722
2014 03 25 08 15 00 1 4509.693
2014 03 25 08 30 00 1 4509.665
2014 03 25 08 45 00 1 4509.635
2014 03 25 09 00 00 1 4509.604
2014 03 25 09 15 00 1 4509.575
2014 03 25 09 30 00 1 4509.544
2014 03 25 09 45 00 1 4509.518
2014 03 25 10 00 00 1 4509.493
2014 03 25 10 15 00 1 4509.476
2014 03 25 10 30 00 1 4509.461
2014 03 25 10 45 00 1 4509.452
2014 03 25 11 00 00 1 4509.444
2014 03 25 11 15 00 1 4509.446
2014 03 25 11 30 00 1 4509.449
2014 03 25 11 45 00 1 4509.463
2014 03 25 12 00 00 1 4509.480
2014 03 25 12 15 00 1 4509.504
2014 03 25 12 30 00 1 4509.532
2014 03 25 12 45 00 1 4509.564
2014 03 25 13 00 00 1 4509.601
2014 03 25 13 15 00 1 4509.644
2014 03 25 13 30 00 1 4509.689
2014 03 25 13 45 00 1 4509.737
2014 03 25 14 00 00 1 4509.784
2014 03 25 14 15 00 1 4509.834
2014 03 25 14 30 00 1 4509.885
2014 03 25 14 45 00 1 4509.932
2014 03 25 15 00 00 1 4509.978
2014 03 25 15 15 00 1 4510.022
2014 03 25 15 30 00 1 4510.062
2014 03 25 15 45 00 1 4510.101
2014 03 25 16 00 00 1 4510.133
2014 03 25 16 15 00 1 4510.162
2014 03 25 16 30 00 1 4510.183
2014 03 25 16 45 00 1 4510.197
2014 03 25 17 00 00 1 4510.204
2014 03 25 17 15 00 1 4510.205
2014 03 25 17 30 00 1 4510.197
2014 03 25 17 45 00 1 4510.183
2014 03 25 18 00 00 1 4510.158
2014 03 25 18 15 00 1 4510.125
2014 03 25 18 30 00 1 4510.085
2014 03 25 18 45 00 1 4510.034
2014 03 25 19 00 00 1 4509.979
2014 03 25 19 15 00 1 4509.919
2014 03 25 19 30 00 1 4509.851
2014 03 25 19 45 00 1 4509.775
2014 03 25 20 00 00 1 4509.695
2014 03 25 20 15 00 1 4509.611
2014 03 25 20 30 00 1 4509.524
2014 03 25 20 45 00 1 4509.432
2014 03 25 21 00 00 1 4509.340
2014 03 25 21 15 00 1 4509.250
2014 03 25 21 30 00 1 4509.160
2014 03 25 21 45 00 1 4509.071
2014 03 25 22 00 00 1 4508.986
2014 03 25 22 15 00 1 4508.906
2014 03 25 22 30 00 1 4508.830
2014 03 25 22 45 00 1 4508.760
2014 03 25 23 00 00 1 4508.699
2014 03 25 23 15 00 1 4508.645
2014 03 25 23 30 00 1 4508.600
2014 03 25 23 45 00 1 4508.565
2014 03 26 00 00 00 1 4508.536
2014 03 26 00 15 00 1 4508.519
2014 03 26 00 30 00 1 4508.514
2014 03 26 00 45 00 1 4508.517
2014 03 26 01 00 00 1 4508.531
2014 03 26 01 15 00 1 4508.556
2014 03 26 01 30 00 1 4508.588
2014 03 26 01 45 00 1 4508.628
2014 03 26 02 00 00 1 4508.678
2014 03 26 02 15 00 1 4508.734
2014 03 26 02 30 00 1 4508.797
2014 03 26 02 45 00 1 4508.866
2014 03 26 03 00 00 1 4508.940
2014 03 26 03 15 00 1 4509.018
2014 03 26 03 30 00 1 4509.098
2014 03 26 03 45 00 1 4509.176
2014 03 26 04 00 00 1 4509.258
2014 03 26 04 15 00 1 4509.339
2014 03 26 04 30 00 1 4509.417
2014 03 26 04 45 00 1 4509.490
2014 03 26 05 00 00 1 4509.562
2014 03 26 05 15 00 1 4509.630
2014 03 26 05 30 00 1 4509.691
2014 03 26 05 45 00 1 4509.745
2014 03 26 06 00 00 1 4509.795
2014 03 26 06 15 00 1 4509.838
2014 03 26 06 30 00 1 4509.872
2014 03 26 06 45 00 1 4509.898
2014 03 26 07 00 00 1 4509.913
2014 03 26 07 15 00 1 4509.924
2014 03 26 07 30 00 1 4509.925
2014 03 26 07 45 00 1 4509.921
2014 03 26 08 00 00 1 4509.908
2014 03 26 08 15 00 1 4509.891
2014 03 26 08 30 00 1 4509.865
2014 03 26 08 45 00 1 4509.834
2014 03 26 09 00 00 1 4509.796
2014 03 26 09 15 00 1 4509.756
2014 03 26 09 30 00 1 4509.712
2014 03 26 09 45 00 1 4509.664
2014 03 26 10 00 00 1 4509.617
2014 03 26 10 15 00 1 4509.571
2014 03 26 10 30 00 1 4509.527
2014 03 26 10 45 00 1 4509.482
2014 03 26 11 00 00 1 4509.442
2014 03 26 11 15 00 1 4509.402
2014 03 26 11 30 00 1 4509.366
2014 03 26 11 45 00 1 4509.337
2014 03 26 12 00 00 1 4509.315
2014 03 26 12 15 00 1 4509.300
2014 03 26 12 30 00 1 4509.287
2014 03 26 12 45 00 1 4509.289
2014 03 26 13 00 00 1 4509.293
2014 03 26 13 15 00 1 4509.308
2014 03 26 13 30 00 1 4509.328
2014 03 26 13 45 00 1 4509.356
2014 03 26 14 00 00 1 4509.390
2014 03 26 14 15 00 1 4509.431
2014 03 26 14 30 00 1 4509.477
2014 03 26 14 45 00 1 4509.528
2014 03 26 15 00 00 1 4509.582
2014 03 26 15 15 00 1 4509.638
2014 03 26 15 30 00 1 4509.697
2014 03 26 15 45 00 1 4509.757
2014 03 26 16 00 00 1 4509.820
2014 03 26 16 15 00 1 4509.880
2014 03 26 16 30 00 1 4509.940
2014 03 26 16 45 00 1 4509.999
2014 03 26 17 00 00 1 4510.048
2014 03 26 17 15 00 1 4510.095
2014 03 26 17 30 00 1 4510.136
2014 03 26 17 45 00 1 4510.170
2014 03 26 18 00 00 1 4510.194
2014 03 26 18 15 00 1 4510.212
2014 03 26 18 30 00 1 4510.219
2014 03 26 18 45 00 1 4510.220
2014 03 26 19 00 00 1 4510.209
2014 03 26 19 15 00 1 4510.191
2014 03 26 19 30 00 1 4510.158
2014 03 26 19 45 00 1 4510.118
2014 03 26 20 00 00 1 4510.068
2014 03 26 20 15 00 1 4510.009
2014 03 26 20 30 00 1 4509.942
2014 03 26 20 45 00 1 4509.869
2014 03 26 21 00 00 1 4509.786
2014 03 26 21 15 00 1 4509.697
2014 03 26 21 30 00 1 4509.604
2014 03 26 21 45 00 1 4509.506
2014 03 26 22 00 00 1 4509.406
2014 03 26 22 15 00 1 4509.304
2014 03 26 22 30 00 1 4509.206
2014 03 26 22 45 00 1 4509.106
2014 03 26 23 00 00 1 4509.010
2014 03 26 23 15 00 1 4508.919
2014 03 26 23 30 00 1 4508.831
2014 03 26 23 45 00 1 4508.751
2014 03 27 00 00 00 1 4508.679
2014 03 27 00 15 00 1 4508.615
2014 03 27 00 30 00 1 4508.561
2014 03 27 00 45 00 1 4508.519
2014 03 27 01 00 00 1 4508.487
2014 03 27 01 15 00 1 4508.463
2014 03 27 01 30 00 1 4508.452
2014 03 27 01 45 00 1 4508.452
2014 03 27 02 00 00 1 4508.467
2014 03 27 02 15 00 1 4508.494
2014 03 27 02 30 00 1 4508.532
2014 03 27 02 45 00 1 4508.578
2014 03 27 03 00 00 1 4508.637
2014 03 27 03 15 00 1 4508.704
2014 03 27 03 30 00 1 4508.778
2014 03 27 03 45 00 1 4508.860
2014 03 27 04 00 00 1 4508.947
2014 03 27 04 15 00 1 4509.038
2014 03 27 04 30 00 1 4509.133
2014 03 27 04 45 00 1 4509.227
2014 03 27 05 00 00 1 4509.323
2014 03 27 05 15 00 1 4509.418
2014 03 27 05 30 00 1 4509.514
2014 03 27 05 45 00 1 4509.603
2014 03 27 06 00 00 1 4509.689
2014 03 27 06 15 00 1 4509.770
2014 03 27 06 30 00 1 4509.844
2014 03 27 06 45 00 1 4509.907
2014 03 27 07 00 00 1 4509.962
2014 03 27 07 15 00 1 4510.011
2014 03 27 07 30 00 1 4510.047
2014 03 27 07 45 00 1 4510.075
2014 03 27 08 00 00 1 4510.092
2014 03 27 08 15 00 1 4510.096
2014 03 27 08 30 00 1 4510.091
2014 03 27 08 45 00 1 4510.076
2014 03 27 09 00 00 1 4510.051
2014 03 27 09 15 00 1 4510.017
2014 03 27 09 30 00 1 4509.971
2014 03 27 09 45 00 1 4509.919
2014 03 27 10 00 00 1 4509.863
2014 03 27 10 15 00 1 4509.800
2014 03 27 10 30 00 1 4509.731
2014 03 27 10 45 00 1 4509.662
2014 03 27 11 00 00 1 4509.592
2014 03 27 11 15 00 1 4509.518
2014 03 27 11 30 00 1 4509.448
2014 03 27 11 45 00 1 4509.380
2014 03 27 12 00 00 1 4509.316
2014 03 27 12 15 00 1 4509.257
2014 03 27 12 30 00 1 4509.204
2014 03 27 12 45 00 1 4509.158
2014 03 27 13 00 00 1 4509.118
2014 03 27 13 15 00 1 4509.089
2014 03 27 13 30 00 1 4509.071
2014 03 27 13 45 00 1 4509.063
2014 03 27 14 00 00 1 4509.062
2014 03 27 14 15 00 1 4509.070
2014 03 27 14 30 00 1 4509.089
2014 03 27 14 45 00 1 4509.118
2014 03 27 15 00 00 1 4509.155
2014 03 27 15 15 00 1 4509.201
2014 03 27 15 30 00 1 4509.256
2014 03 27 15 45 00 1 4509.319
2014 03 27 16 00 00 1 4509.386
2014 03 27 16 15 00 1 4509.461
2014 03 27 16 30 00 1 4509.539
2014 03 27 16 45 00 1 4509.619
2014 03 27 17 00 00 1 4509.700
2014 03 27 17 15 00 1 4509.784
2014 03 27 17 30 00 1 4509.863
2014 03 27 17 45 00 1 4509.940
2014 03 27 18 00 00 1 4510.010
2014 03 27 18 15 00 1 4510.075
2014 03 27 18 30 00 1 4510.133
2014 03 27 18 45 00 1 4510.183
2014 03 27 19 00 00 1 4510.222
2014 03 27 19 15 00 1 4510.254
2014 03 27 19 30 00 1 4510.276
2014 03 27 19 45 00 1 4510.288
2014 03 27 20 00 00 1 4510.286
2014 03 27 20 15 00 1 4510.272
2014 03 27 20 30 00 1 4510.246
2014 03 27 20 45 00 1 4510.209
2014 03 27 21 00 00 1 4510.161
2014 03 27 21 15 00 1 4510.099
2014 03 27 21 30 00 1 4510.028
2014 03 27 21 45 00 1 4509.948
2014 03 27 22 00 00 1 4509.860
2014 03 27 22 15 00 1 4509.762
2014 03 27 22 30 00 1 4509.660
2014 03 27 22 45 00 1 4509.551
2014 03 27 23 00 00 1 4509.436
2014 03 27 23 15 00 1 4509.323
2014 03 27 23 30 00 1 4509.210
2014 03 27 23 45 00 1 4509.101
2014 03 28 00 00 00 1 4508.993
2014 03 28 00 15 00 1 4508.891
2014 03 28 00 30 00 1 4508.797
2014 03 28 00 45 00 1 4508.708
2014 03 28 01 00 00 1 4508.630
2014 03 28 01 15 00 1 4508.561
2014 03 28 01 30 00 1 4508.504
2014 03 28 01 45 00 1 4508.458
2014 03 28 02 00 00 1 4508.425
2014 03 28 02 15 00 1 4508.410
2014 03 28 02 30 00 1 4508.408
2014 03 28 02 45 00 1 4508.420
2014 03 28 03 00 00 1 4508.442
2014 03 28 03 15 00 1 4508.481
2014 03 28 03 30 00 1 4508.532
2014 03 28 03 45 00 1 4508.597
2014 03 28 04 00 00 1 4508.672
2014 03 28 04 15 00 1 4508.756
2014 03 28 04 30 00 1 4508.848
2014 03 28 04 45 00 1 4508.946
2014 03 28 05 00 00 1 4509.050
2014 03 28 05 15 00 1 4509.161
2014 03 28 05 30 00 1 4509.274
2014 03 28 05 45 00 1 4509.389
2014 03 28 06 00 00 1 4509.501
2014 03 28 06 15 00 1 4509.609
2014 03 28 06 30 00 1 4509.715
2014 03 28 06 45 00 1 4509.818
2014 03 28 07 00 00 1 4509.910
2014 03 28 07 15 00 1 4509.995
2014 03 28 07 30 00 1 4510.069
2014 03 28 07 45 00 1 4510.136
2014 03 28 08 00 00 1 4510.190
2014 03 28 08 15 00 1 4510.232
2014 03 28 08 30 00 1 4510.259
2014 03 28 08 45 00 1 4510.274
2014 03 28 09 00 00 1 4510.276
2014 03 28 09 15 00 1 4510.264
2014 03 28 09 30 00 1 4510.240
2014 03 28 09 45 00 1 4510.203
2014 03 28 10 00 00 1 4510.156
2014 03 28 10 15 00 1 4510.098
2014 03 28 10 30 00 1 4510.027
2014 03 28 10 45 00 1 4509.951
2014 03 28 11 00 00 1 4509.867
2014 03 28 11 15 00 1 4509.777
2014 03 28 11 30 00 1 4509.683
2014 03 28 11 45 00 1 4509.587
2014 03 28 12 00 00 1 4509.489
2014 03 28 12 15 00 1 4509.392
2014 03 28 12 30 00 1 4509.297
2014 03 28 12 45 00 1 4509.209
2014 03 28 13 00 00 1 4509.127
2014 03 28 13 15 00 1 4509.052
2014 03 28 13 30 00 1 4508.986
2014 03 28 13 45 00 1 4508.929
2014 03 28 14 00 00 1 4508.880
2014 03 28 14 15 00 1 4508.844
2014 03 28 14 30 00 1 4508.818
2014 03 28 14 45 00 1 4508.805
2014 03 28 15 00 00 1 4508.807
2014 03 28 15 15 00 1 4508.821
2014 03 28 15 30 00 1 4508.848
2014 03 28 15 45 00 1 4508.887
2014 03 28 16 00 00 1 4508.938
2014 03 28 16 15 00 1 4509.002
2014 03 28 16 30 00 1 4509.075
2014 03 28 16 45 00 1 4509.156
2014 03 28 17 00 00 1 4509.246
2014 03 28 17 15 00 1 4509.342
2014 03 28 17 30 00 1 4509.442
2014 03 28 17 45 00 1 4509.543
2014 03 28 18 00 00 1 4509.645
2014 03 28 18 15 00 1 4509.746
2014 03 28 18 30 00 1 4509.845
2014 03 28 18 45 00 1 4509.937
2014 03 28 19 00 00 1 4510.024
2014 03 28 19 15 00 1 4510.104
2014 03 28 19 30 00 1 4510.175
2014 03 28 19 45 00 1 4510.237
2014 03 28 20 00 00 1 4510.290
2014 03 28 20 15 00 1 4510.331
2014 03 28 20 30 00 1 4510.358
2014 03 28 20 45 00 1 4510.373
2014 03 28 21 00 00 1 4510.372
2014 03 28 21 15 00 1 4510.358
2014 03 28 21 30 00 1 4510.330
2014 03 28 21 45 00 1 4510.286
2014 03 28 22 00 00 1 4510.229
2014 03 28 22 15 00 1 4510.159
2014 03 28 22 30 00 1 4510.076
2014 03 28 22 45 00 1 4509.984
2014 03 28 23 00 00 1 4509.883
2014 03 28 23 15 00 1 4509.775
2014 03 28 23 30 00 1 4509.664
2014 03 28 23 45 00 1 4509.546
2014 03 29 00 00 00 1 4509.425
2014 03 29 00 15 00 1 4509.305
2014 03 29 00 30 00 1 4509.186
2014 03 29 00 45 00 1 4509.072
2014 03 29 01 00 00 1 4508.962
2014 03 29 01 15 00 1 4508.855
2014 03 29 01 30 00 1 4508.760
2014 03 29 01 45 00 1 4508.672
2014 03 29 02 00 00 1 4508.596
2014 03 29 02 15 00 1 4508.534
2014 03 29 02 30 00 1 4508.486
2014 03 29 02 45 00 1 4508.453
2014 03 29 03 00 00 1 4508.433
2014 03 29 03 15 00 1 4508.429
2014 03 29 03 30 00 1 4508.441
2014 03 29 03 45 00 1 4508.471
2014 03 29 04 00 00 1 4508.513
2014 03 29 04 15 00 1 4508.570
2014 03 29 04 30 00 1 4508.639
2014 03 29 04 45 00 1 4508.722
2014 03 29 05 00 00 1 4508.815
2014 03 29 05 15 00 1 4508.919
2014 03 29 05 30 00 1 4509.031
2014 03 29 05 45 00 1 4509.149
2014 03 29 06 00 00 1 4509.271
2014 03 29 06 15 00 1 9999.000
2014 03 29 06 30 00 1 9999.000
2014 03 29 06 45 00 1 9999.000
2014 03 29 07 00 00 1 9999.000
2014 03 29 07 15 00 1 9999.000
2014 03 29 07 30 00 1 9999.000
2014 03 29 07 45 00 1 9999.000
2014 03 29 08 00 00 1 9999.000
2014 03 29 08 15 00 1 9999.000
2014 03 29 08 30 00 1 9999.000
2014 03 29 08 45 00 1 9999.000
2014 03 29 09 00 00 1 9999.000
2014 03 29 09 15 00 1 9999.000
2014 03 29 09 30 00 1 9999.000
2014 03 29 09 45 00 1 9999.000
2014 03 29 10 00 00 1 9999.000
2014 03 29 10 15 00 1 9999.000
2014 03 29 10 30 00 1 9999.000
2014 03 29 10 45 00 1 9999.000
2014 03 29 11 00 00 1 9999.000
2014 03 29 11 15 00 1 9999.000
2014 03 29 11 30 00 1 9999.000
2014 03 29 11 45 00 1 9999.000
2014 03 29 12 00 00 1 9999.000
2014 03 29 12 15 00 1 4509.680
2014 03 29 12 30 00 1 4509.560
2014 03 29 12 45 00 1 4509.440
2014 03 29 13 00 00 1 4509.323
2014 03 29 13 15 00 1 4509.208
2014 03 29 13 30 00 1 4509.100
2014 03 29 13 45 00 1 4508.999
2014 03 29 14 00 00 1 4508.907
2014 03 29 14 15 00 1 4508.821
2014 03 29 14 30 00 1 4508.749
2014 03 29 14 45 00 1 4508.689
2014 03 29 15 00 00 1 4508.641
2014 03 29 15 15 00 1 4508.608
2014 03 29 15 30 00 1 4508.590
2014 03 29 15 45 00 1 4508.589
2014 03 29 16 00 00 1 4508.603
2014 03 29 16 15 00 1 4508.631
2014 03 29 16 30 00 1 4508.674
2014 03 29 16 45 00 1 4508.731
2014 03 29 17 00 00 1 4508.801
2014 03 29 17 15 00 1 4508.882
2014 03 29 17 30 00 1 4508.974
2014 03 29 17 45 00 1 4509.076
2014 03 29 18 00 00 1 4509.183
2014 03 29 18 15 00 1 4509.297
2014 03 29 18 30 00 1 4509.414
2014 03 29 18 45 00 1 4509.531
2014 03 29 19 00 00 1 4509.648
2014 03 29 19 15 00 1 4509.761
2014 03 29 19 30 00 1 4509.872
2014 03 29 19 45 00 1 4509.977
2014 03 29 20 00 00 1 4510.074
2014 03 29 20 15 00 1 4510.162
2014 03 29 20 30 00 1 4510.240
2014 03 29 20 45 00 1 4510.305
2014 03 29 21 00 00 1 4510.356
2014 03 29 21 15 00 1 4510.392
2014 03 29 21 30 00 1 4510.416
2014 03 29 21 45 00 1 4510.422
2014 03 29 22 00 00 1 4510.414
2014 03 29 22 15 00 1 4510.389
2014 03 29 22 30 00 1 4510.350
2014 03 29 22 45 00 1 4510.295
2014 03 29 23 00 00 1 4510.230
2014 03 29 23 15 00 1 4510.153
2014 03 29 23 30 00 1 4510.063
2014 03 29 23 45 00 1 4509.963
2014 03 30 00 00 00 1 4509.852
2014 03 30 00 15 00 1 4509.737
2014 03 30 00 30 00 1 4509.618
2014 03 30 00 45 00 1 4509.494
2014 03 30 01 00 00 1 4509.369
2014 03 30 01 15 00 1 4509.247
2014 03 30 01 30 00 1 4509.127
2014 03 30 01 45 00 1 4509.011
2014 03 30 02 00 00 1 4508.905
2014 03 30 02 15 00 1 4508.809
2014 03 30 02 30 00 1 4508.721
2014 03 30 02 45 00 1 4508.647
2014 03 30 03 00 00 1 4508.583
2014 03 30 03 15 00 1 4508.537
2014 03 30 03 30 00 1 4508.505
2014 03 30 03 45 00 1 4508.491
2014 03 30 04 00 00 1 4508.492
2014 03 30 04 15 00 1 4508.508
2014 03 30 04 30 00 1 4508.543
2014 03 30 04 45 00 1 4508.589
2014 03 30 05 00 00 1 4508.654
2014 03 30 05 15 00 1 4508.731
2014 03 30 05 30 00 1 4508.823
2014 03 30 05 45 00 1 4508.926
2014 03 30 06 00 00 1 4509.040
2014 03 30 06 15 00 1 4509.160
2014 03 30 06 30 00 1 4509.286
2014 03 30 06 45 00 1 4509.413
2014 03 30 07 00 00 1 4509.545
2014 03 30 07 15 00 1 4509.675
2014 03 30 07 30 00 1 4509.804
2014 03 30 07 45 00 1 4509.930
2014 03 30 08 00 00 1 4510.050
2014 03 30 08 15 00 1 4510.161
2014 03 30 08 30 00 1 4510.262
2014 03 30 08 45 00 1 4510.352
2014 03 30 09 00 00 1 4510.430
2014 03 30 09 15 00 1 4510.495
2014 03 30 09 30 00 1 4510.544
2014 03 30 09 45 00 1 4510.576
2014 03 30 10 00 00 1 4510.591
2014 03 30 10 15 00 1 4510.590
2014 03 30 10 30 00 1 4510.573
2014 03 30 10 45 00 1 4510.538
2014 03 30 11 00 00 1 4510.486
2014 03 30 11 15 00 1 4510.421
2014 03 30 11 30 00 1 4510.341
2014 03 30 11 45 00 1 4510.248
2014 03 30 12 00 00 1 4510.139
2014 03 30 12 15 00 1 4510.023
2014 03 30 12 30 00 1 4509.899
2014 03 30 12 45 00 1 4509.765
2014 03 30 13 00 00 1 4509.630
2014 03 30 13 15 00 1 4509.493
2014 03 30 13 30 00 1 4509.360
2014 03 30 13 45 00 1 4509.227
2014 03 30 14 00 00 1 4509.100
2014 03 30 14 15 00 1 4508.981
2014 03 30 14 30 00 1 4508.867
2014 03 30 14 45 00 1 4508.760
2014 03 30 15 00 00 1 4508.666
2014 03 30 15 15 00 1 4508.585
2014 03 30 15 30 00 1 4508.520
2014 03 30 15 45 00 1 4508.470
2014 03 30 16 00 00 1 4508.435
2014 03 30 16 15 00 1 4508.417
2014 03 30 16 30 00 1 4508.415
2014 03 30 16 45 00 1 4508.430
2014 03 30 17 00 00 1 4508.461
2014 03 30 17 15 00 1 4508.508
2014 03 30 17 30 00 1 4508.571
2014 03 30 17 45 00 1 4508.644
2014 03 30 18 00 00 1 4508.733
2014 03 30 18 15 00 1 4508.834
2014 03 30 18 30 00 1 4508.943
2014 03 30 18 45 00 1 4509.060
2014 03 30 19 00 00 1 4509.184
2014 03 30 19 15 00 1 4509.309
2014 03 30 19 30 00 1 4509.437
2014 03 30 19 45 00 1 4509.564
2014 03 30 20 00 00 1 4509.690
2014 03 30 20 15 00 1 4509.810
2014 03 30 20 30 00 1 4509.924
2014 03 30 20 45 00 1 4510.029
2014 03 30 21 00 00 1 4510.125
2014 03 30 21 15 00 1 4510.212
2014 03 30 21 30 00 1 4510.285
2014 03 30 21 45 00 1 4510.345
2014 03 30 22 00 00 1 4510.390
2014 03 30 22 15 00 1 4510.417
2014 03 30 22 30 00 1 4510.430
2014 03 30 22 45 00 1 4510.425
2014 03 30 23 00 00 1 4510.405
2014 03 30 23 15 00 1 4510.373
2014 03 30 23 30 00 1 4510.325
2014 03 30 23 45 00 1 4510.262
2014 03 31 00 00 00 1 4510.189
2014 03 31 00 15 00 1 4510.101
2014 03 31 00 30 00 1 4510.004
2014 03 31 00 45 00 1 4509.900
2014 03 31 01 00 00 1 4509.785
2014 03 31 01 15 00 1 4509.667
2014 03 31 01 30 00 1 4509.547
2014 03 31 01 45 00 1 4509.424
2014 03 31 02 00 00 1 4509.305
2014 03 31 02 15 00 1 4509.189
2014 03 31 02 30 00 1 4509.079
2014 03 31 02 45 00 1 4508.977
2014 03 31 03 00 00 1 4508.887
2014 03 31 03 15 00 1 4508.808
2014 03 31 03 30 00 1 4508.742
2014 03 31 03 45 00 1 4508.685
2014 03 31 04 00 00 1 4508.646
2014 03 31 04 15 00 1 4508.620
2014 03 31 04 30 00 1 4508.612
2014 03 31 04 45 00 1 4508.618
2014 03 31 05 00 00 1 4508.641
2014 03 31 05 15 00 1 4508.682
2014 03 31 05 30 00 1 4508.737
2014 03 31 05 45 00 1 4508.808
2014 03 31 06 00 00 1 4508.891
2014 03 31 06 15 00 1 4508.990
2014 03 31 06 30 00 1 4509.096
2014 03 31 06 45 00 1 4509.211
2014 03 31 07 00 00 1 4509.332
2014 03 31 07 15 00 1 4509.462
2014 03 31 07 30 00 1 4509.592
2014 03 31 07 45 00 1 4509.724
2014 03 31 08 00 00 1 4509.853
2014 03 31 08 15 00 1 4509.981
2014 03 31 08 30 00 1 4510.106
2014 03 31 08 45 00 1 4510.222
2014 03 31 09 00 00 1 4510.324
2014 03 31 09 15 00 1 4510.418
2014 03 31 09 30 00 1 4510.499
2014 03 31 09 45 00 1 4510.565
2014 03 31 10 00 00 1 4510.618
2014 03 31 10 15 00 1 4510.655
2014 03 31 10 30 00 1 4510.675
2014 03 31 10 45 00 1 4510.678
2014 03 31 11 00 00 1 4510.664
2014 03 31 11 15 00 1 4510.632
2014 03 31 11 30 00 1 4510.582
2014 03 31 11 45 00 1 4510.516
2014 03 31 12 00 00 1 4510.436
2014 03 31 12 15 00 1 4510.339
2014 03 31 12 30 00 1 4510.232
2014 03 31 12 45 00 1 4510.113
2014 03 31 13 00 00 1 4509.985
2014 03 31 13 15 00 1 4509.853
2014 03 31 13 30 00 1 4509.712
2014 03 31 13 45 00 1 4509.569
2014 03 31 14 00 00 1 4509.427
2014 03 31 14 15 00 1 4509.283
2014 03 31 14 30 00 1 4509.144
2014 03 31 14 45 00 1 4509.007
2014 03 31 15 00 00 1 4508.876
2014 03 31 15 15 00 1 4508.755
2014 03 31 15 30 00 1 4508.646
2014 03 31 15 45 00 1 4508.551
2014 03 31 16 00 00 1 4508.467
2014 03 31 16 15 00 1 4508.399
2014 03 31 16 30 00 1 4508.346
2014 03 31 16 45 00 1 4508.312
2014 03 31 17 00 00 1 4508.295
2014 03 31 17 15 00 1 4508.296
2014 03 31 17 30 00 1 4508.313
2014 03 31 17 45 00 1 4508.351
2014 03 31 18 00 00 1 4508.399
2014 03 31 18 15 00 1 4508.463
2014 03 31 18 30 00 1 4508.543
2014 03 31 18 45 00 1 4508.635
2014 03 31 19 00 00 1 4508.737
2014 03 31 19 15 00 1 4508.849
2014 03 31 19 30 00 1 4508.969
2014 03 31 19 45 00 1 4509.094
2014 03 31 20 00 00 1 4509.223
2014 03 31 20 15 00 1 4509.351
2014 03 31 20 30 00 1 4509.481
2014 03 31 20 45 00 1 4509.611
2014 03 31 21 00 00 1 4509.735
2014 03 31 21 15 00 1 4509.851
2014 03 31 21 30 00 1 4509.961
2014 03 31 21 45 00 1 4510.059
2014 03 31 22 00 00 1 4510.145
2014 03 31 22 15 00 1 4510.219
2014 03 31 22 30 00 1 4510.278
2014 03 31 22 45 00 1 4510.325
2014 03 31 23 00 00 1 4510.356
2014 03 31 23 15 00 1 4510.370
2014 03 31 23 30 00 1 4510.372
2014 03 31 23 45 00 1 4510.356
2014 04 01 00 00 00 1 4510.325
2014 04 01 00 15 00 1 4510.280
2014 04 01 00 30 00 1 4510.221
2014 04 01 00 45 00 1 4510.152
2014 04 01 01 00 00 1 4510.069
2014 04 01 01 15 00 1 4509.978
2014 04 01 01 30 00 1 4509.879
2014 04 01 01 45 00 1 4509.775
2014 04 01 02 00 00 1 4509.668
2014 04 01 02 15 00 1 4509.557
2014 04 01 02 30 00 1 4509.446
2014 04 01 02 45 00 1 4509.337
2014 04 01 03 00 00 1 4509.233
2014 04 01 03 15 00 1 4509.138
2014 04 01 03 30 00 1 4509.049
2014 04 01 03 45 00 1 4508.968
2014 04 01 04 00 00 1 4508.899
2014 04 01 04 15 00 1 4508.839
2014 04 01 04 30 00 1 4508.795
2014 04 01 04 45 00 1 4508.763
2014 04 01 05 00 00 1 4508.749
2014 04 01 05 15 00 1 4508.748
2014 04 01 05 30 00 1 4508.764
2014 04 01 05 45 00 1 4508.799
2014 04 01 06 00 00 1 4508.844
2014 04 01 06 15 00 1 4508.907
2014 04 01 06 30 00 1 4508.983
2014 04 01 06 45 00 1 4509.071
2014 04 01 07 00 00 1 4509.170
2014 04 01 07 15 00 1 4509.277
2014 04 01 07 30 00 1 4509.391
2014 04 01 07 45 00 1 4509.512
2014 04 01 08 00 00 1 4509.637
2014 04 01 08 15 00 1 4509.764
2014 04 01 08 30 00 1 4509.889
2014 04 01 08 45 00 1 4510.012
2014 04 01 09 00 00 1 4510.129
2014 04 01 09 15 00 1 4510.241
2014 04 01 09 30 00 1 4510.342
2014 04 01 09 45 00 1 4510.435
2014 04 01 10 00 00 1 4510.519
2014 04 01 10 15 00 1 4510.588
2014 04 01 10 30 00 1 4510.645
2014 04 01 10 45 00 1 4510.686
2014 04 01 11 00 00 1 4510.711
2014 04 01 11 15 00 1 4510.719
2014 04 01 11 30 00 1 4510.709
2014 04 01 11 45 00 1 4510.682
2014 04 01 12 00 00 1 4510.636
2014 04 01 12 15 00 1 4510.574
2014 04 01 12 30 00 1 4510.497
2014 04 01 12 45 00 1 4510.404
2014 04 01 13 00 00 1 4510.303
2014 04 01 13 15 00 1 4510.188
2014 04 01 13 30 00 1 4510.065
2014 04 01 13 45 00 1 4509.931
2014 04 01 14 00 00 1 4509.794
2014 04 01 14 15 00 1 4509.649
2014 04 01 14 30 00 1 4509.503
2014 04 01 14 45 00 1 4509.356
2014 04 01 15 00 00 1 4509.209
2014 04 01 15 15 00 1 4509.069
2014 04 01 15 30 00 1 4508.933
2014 04 01 15 45 00 1 4508.809
2014 04 01 16 00 00 1 4508.689
2014 04 01 16 15 00 1 4508.583
2014 04 01 16 30 00 1 4508.492
2014 04 01 16 45 00 1 4508.412
2014 04 01 17 00 00 1 4508.350
2014 04 01 17 15 00 1 4508.304
2014 04 01 17 30 00 1 4508.275
2014 04 01 17 45 00 1 4508.259
2014 04 01 18 00 00 1 4508.263
2014 04 01 18 15 00 1 4508.283
2014 04 01 18 30 00 1 4508.318
2014 04 01 18 45 00 1 4508.371
2014 04 01 19 00 00 1 4508.438
2014 04 01 19 15 00 1 4508.519
2014 04 01 19 30 00 1 4508.612
2014 04 01 19 45 00 1 4508.716
2014 04 01 20 00 00 1 4508.825
2014 04 01 20 15 00 1 4508.942
2014 04 01 20 30 00 1 4509.065
2014 04 01 20 45 00 1 4509.189
2014 04 01 21 00 00 1 4509.317
2014 04 01 21 15 00 1 4509.442
2014 04 01 21 30 00 1 4509.567
2014 04 01 21 45 00 1 4509.685
2014 04 01 22 00 00 1 4509.797
2014 04 01 22 15 00 1 4509.900
2014 04 01 22 30 00 1 4509.994
2014 04 01 22 45 00 1 4510.077
2014 04 01 23 00 00 1 4510.149
2014 04 01 23 15 00 1 4510.208
2014 04 01 23 30 00 1 4510.250
2014 04 01 23 45 00 1 4510.279
2014 04 02 00 00 00 1 4510.294
2014 04 02 00 15 00 1 4510.296
2014 04 02 00 30 00 1 4510.278
2014 04 02 00 45 00 1 4510.252
2014 04 02 01 00 00 1 4510.210
2014 04 02 01 15 00 1 4510.154
2014 04 02 01 30 00 1 4510.090
2014 04 02 01 45 00 1 4510.017
2014 04 02 02 00 00 1 4509.933
2014 04 02 02 15 00 1 4509.847
2014 04 02 02 30 00 1 4509.754
2014 04 02 02 45 00 1 4509.657
2014 04 02 03 00 00 1 4509.562
2014 04 02 03 15 00 1 4509.464
2014 04 02 03 30 00 1 4509.371
2014 04 02 03 45 00 1 4509.281
2014 04 02 04 00 00 1 4509.199
2014 04 02 04 15 00 1 4509.124
2014 04 02 04 30 00 1 4509.059
2014 04 02 04 45 00 1 4509.001
2014 04 02 05 00 00 1 4508.957
2014 04 02 05 15 00 1 4508.926
2014 04 02 05 30 00 1 4508.905
2014 04 02 05 45 00 1 4508.901
2014 04 02 06 00 00 1 4508.908
2014 04 02 06 15 00 1 9999.000
2014 04 02 06 30 00 1 9999.000
2014 04 02 06 45 00 1 9999.000
2014 04 02 07 00 00 1 9999.000
2014 04 02 07 15 00 1 9999.000
2014 04 02 07 30 00 1 9999.000
2014 04 02 07 45 00 1 9999.000
2014 04 02 08 00 00 1 9999.000
2014 04 02 08 15 00 1 9999.000
2014 04 02 08 30 00 1 9999.000
2014 04 02 08 45 00 1 9999.000
2014 04 02 09 00 00 1 9999.000
2014 04 02 09 15 00 1 9999.000
2014 04 02 09 30 00 1 9999.000
2014 04 02 09 45 00 1 9999.000
2014 04 02 10 00 00 1 9999.000
2014 04 02 10 15 00 1 9999.000
2014 04 02 10 30 00 1 9999.000
2014 04 02 10 45 00 1 9999.000
2014 04 02 11 00 00 1 9999.000
2014 04 02 11 15 00 1 9999.000
2014 04 02 11 30 00 1 9999.000
2014 04 02 11 45 00 1 9999.000
2014 04 02 12 00 00 1 9999.000
2014 04 02 12 15 00 1 4510.657
2014 04 02 12 30 00 1 4510.621
2014 04 02 12 45 00 1 4510.569
2014 04 02 13 00 00 1 4510.502
2014 04 02 13 15 00 1 4510.422
2014 04 02 13 30 00 1 4510.330
2014 04 02 13 45 00 1 4510.225
2014 04 02 14 00 00 1 4510.111
2014 04 02 14 15 00 1 4509.987
2014 04 02 14 30 00 1 4509.857
2014 04 02 14 45 00 1 4509.723
2014 04 02 15 00 00 1 4509.582
2014 04 02 15 15 00 1 4509.441
2014 04 02 15 30 00 1 4509.302
2014 04 02 15 45 00 1 4509.167
2014 04 02 16 00 00 1 4509.036
2014 04 02 16 15 00 1 4508.910
2014 04 02 16 30 00 1 4508.793
2014 04 02 16 45 00 1 4508.684
2014 04 02 17 00 00 1 4508.589
2014 04 02 17 15 00 1 4508.503
2014 04 02 17 30 00 1 4508.431
2014 04 02 17 45 00 1 4508.381
2014 04 02 18 00 00 1 4508.338
2014 04 02 18 15 00 1 4508.313
2014 04 02 18 30 00 1 4508.302
2014 04 02 18 45 00 1 4508.313
2014 04 02 19 00 00 1 4508.333
2014 04 02 19 15 00 1 4508.370
2014 04 02 19 30 00 1 4508.424
2014 04 02 19 45 00 1 4508.492
2014 04 02 20 00 00 1 4508.569
2014 04 02 20 15 00 1 4508.651
2014 04 02 20 30 00 1 4508.751
2014 04 02 20 45 00 1 4508.854
2014 04 02 21 00 00 1 4508.969
2014 04 02 21 15 00 1 4509.081
2014 04 02 21 30 00 1 4509.196
2014 04 02 21 45 00 1 4509.315
2014 04 02 22 00 00 1 4509.428
2014 04 02 22 15 00 1 4509.542
2014 04 02 22 30 00 1 4509.648
2014 04 02 22 45 00 1 4509.750
2014 04 02 23 00 00 1 4509.846
2014 04 02 23 15 00 1 4509.928
2014 04 02 23 30 00 1 4510.005
2014 04 02 23 45 00 1 4510.069
2014 04 03 00 00 00 1 4510.120
2014 04 03 00 15 00 1 4510.160
2014 04 03 00 30 00 1 4510.190
2014 04 03 00 45 00 1 4510.198
2014 04 03 01 00 00 1 4510.201
2014 04 03 01 15 00 1 4510.183
2014 04 03 01 30 00 1 4510.160
2014 04 03 01 45 00 1 4510.129
2014 04 03 02 00 00 1 4510.080
2014 04 03 02 15 00 1 4510.027
2014 04 03 02 30 00 1 4509.966
2014 04 03 02 45 00 1 4509.895
2014 04 03 03 00 00 1 4509.816
2014 04 03 03 15 00 1 4509.742
2014 04 03 03 30 00 1 4509.662
2014 04 03 03 45 00 1 4509.581
2014 04 03 04 00 00 1 4509.507
2014 04 03 04 15 00 1 4509.429
2014 04 03 04 30 00 1 4509.359
2014 04 03 04 45 00 1 4509.286
2014 04 03 05 00 00 1 4509.227
2014 04 03 05 15 00 1 4509.166
2014 04 03 05 30 00 1 4509.127
2014 04 03 05 45 00 1 4509.091
2014 04 03 06 00 00 1 4509.072
2014 04 03 06 15 00 1 4509.062
2014 04 03 06 30 00 1 4509.065
2014 04 03 06 45 00 1 4509.078
2014 04 03 07 00 00 1 4509.106
2014 04 03 07 15 00 1 4509.150
2014 04 03 07 30 00 1 4509.197
2014 04 03 07 45 00 1 4509.256
2014 04 03 08 00 00 1 4509.330
2014 04 03 08 15 00 1 4509.406
2014 04 03 08 30 00 1 4509.495
2014 04 03 08 45 00 1 4509.590
2014 04 03 09 00 00 1 4509.681
2014 04 03 09 15 00 1 4509.785
2014 04 03 09 30 00 1 4509.881
2014 04 03 09 45 00 1 4509.979
2014 04 03 10 00 00 1 4510.078
2014 04 03 10 15 00 1 4510.171
2014 04 03 10 30 00 1 4510.257
2014 04 03 10 45 00 1 4510.341
2014 04 03 11 00 00 1 4510.410
2014 04 03 11 15 00 1 4510.474
2014 04 03 11 30 00 1 4510.525
2014 04 03 11 45 00 1 4510.562
2014 04 03 12 00 00 1 4510.590
2014 04 03 12 15 00 1 4510.604
2014 04 03 12 30 00 1 4510.601
2014 04 03 12 45 00 1 4510.585
2014 04 03 13 00 00 1 4510.556
2014 04 03 13 15 00 1 4510.514
2014 04 03 13 30 00 1 4510.459
2014 04 03 13 45 00 1 4510.389
2014 04 03 14 00 00 1 4510.311
2014 04 03 14 15 00 1 4510.222
2014 04 03 14 30 00 1 4510.123
2014 04 03 14 45 00 1 4510.012
2014 04 03 15 00 00 1 4509.900
2014 04 03 15 15 00 1 4509.778
2014 04 03 15 30 00 1 4509.655
2014 04 03 15 45 00 1 4509.524
2014 04 03 16 00 00 1 4509.399
2014 04 03 16 15 00 1 4509.271
2014 04 03 16 30 00 1 4509.152
2014 04 03 16 45 00 1 4509.030
2014 04 03 17 00 00 1 4508.919
2014 04 03 17 15 00 1 4508.817
2014 04 03 17 30 00 1 4508.722
2014 04 03 17 45 00 1 4508.639
2014 04 03 18 00 00 1 4508.570
2014 04 03 18 15 00 1 4508.507
2014 04 03 18 30 00 1 4508.459
2014 04 03 18 45 00 1 4508.428
2014 04 03 19 00 00 1 4508.406
2014 04 03 19 15 00 1 4508.400
2014 04 03 19 30 00 1 4508.410
2014 04 03 19 45 00 1 4508.429
2014 04 03 20 00 00 1 4508.462
2014 04 03 20 15 00 1 4508.508
2014 04 03 20 30 00 1 4508.568
2014 04 03 20 45 00 1 4508.636
2014 04 03 21 00 00 1 4508.714
2014 04 03 21 15 00 1 4508.799
2014 04 03 21 30 00 1 4508.893
2014 04 03 21 45 00 1 4508.991
2014 04 03 22 00 00 1 4509.092
2014 04 03 22 15 00 1 4509.194
2014 04 03 22 30 00 1 4509.295
2014 04 03 22 45 00 1 4509.395
2014 04 03 23 00 00 1 4509.491
2014 04 03 23 15 00 1 4509.586
2014 04 03 23 30 00 1 4509.679
2014 04 03 23 45 00 1 4509.758
2014 04 04 00 00 00 1 4509.833
2014 04 04 00 15 00 1 4509.899
2014 04 04 00 30 00 1 4509.952
2014 04 04 00 45 00 1 4509.995
2014 04 04 01 00 00 1 4510.033
2014 04 04 01 15 00 1 4510.055
2014 04 04 01 30 00 1 4510.068
2014 04 04 01 45 00 1 4510.065
2014 04 04 02 00 00 1 4510.058
2014 04 04 02 15 00 1 4510.039
2014 04 04 02 30 00 1 4510.011
2014 04 04 02 45 00 1 4509.975
2014 04 04 03 00 00 1 4509.932
2014 04 04 03 15 00 1 4509.882
2014 04 04 03 30 00 1 4509.825
2014 04 04 03 45 00 1 4509.768
2014 04 04 04 00 00 1 4509.709
2014 04 04 04 15 00 1 4509.646
2014 04 04 04 30 00 1 4509.584
2014 04 04 04 45 00 1 4509.524
2014 04 04 05 00 00 1 4509.464
2014 04 04 05 15 00 1 4509.406
2014 04 04 05 30 00 1 4509.356
2014 04 04 05 45 00 1 4509.311
2014 04 04 06 00 00 1 4509.276
2014 04 04 06 15 00 1 4509.247
2014 04 04 06 30 00 1 4509.225
2014 04 04 06 45 00 1 4509.213
2014 04 04 07 00 00 1 4509.211
2014 04 04 07 15 00 1 4509.217
2014 04 04 07 30 00 1 4509.237
2014 04 04 07 45 00 1 4509.266
2014 04 04 08 00 00 1 4509.304
2014 04 04 08 15 00 1 4509.350
2014 04 04 08 30 00 1 4509.407
2014 04 04 08 45 00 1 4509.467
2014 04 04 09 00 00 1 4509.535
2014 04 04 09 15 00 1 4509.610
2014 04 04 09 30 00 1 4509.687
2014 04 04 09 45 00 1 4509.770
2014 04 04 10 00 00 1 4509.847
2014 04 04 10 15 00 1 4509.930
2014 04 04 10 30 00 1 4510.009
2014 04 04 10 45 00 1 4510.086
2014 04 04 11 00 00 1 4510.160
2014 04 04 11 15 00 1 4510.229
2014 04 04 11 30 00 1 4510.293
2014 04 04 11 45 00 1 4510.347
2014 04 04 12 00 00 1 4510.394
2014 04 04 12 15 00 1 4510.433
2014 04 04 12 30 00 1 4510.459
2014 04 04 12 45 00 1 4510.472
2014 04 04 13 00 00 1 4510.478
2014 04 04 13 15 00 1 4510.470
2014 04 04 13 30 00 1 4510.451
2014 04 04 13 45 00 1 4510.420
2014 04 04 14 00 00 1 4510.377
2014 04 04 14 15 00 1 4510.323
2014 04 04 14 30 00 1 4510.261
2014 04 04 14 45 00 1 4510.187
2014 04 04 15 00 00 1 4510.107
2014 04 04 15 15 00 1 4510.013
2014 04 04 15 30 00 1 4509.910
2014 04 04 15 45 00 1 4509.810
2014 04 04 16 00 00 1 4509.703
2014 04 04 16 15 00 1 4509.592
2014 04 04 16 30 00 1 4509.486
2014 04 04 16 45 00 1 4509.371
2014 04 04 17 00 00 1 4509.265
2014 04 04 17 15 00 1 4509.159
2014 04 04 17 30 00 1 4509.060
2014 04 04 17 45 00 1 4508.964
2014 04 04 18 00 00 1 4508.875
2014 04 04 18 15 00 1 4508.793
2014 04 04 18 30 00 1 4508.724
2014 04 04 18 45 00 1 4508.663
2014 04 04 19 00 00 1 4508.613
2014 04 04 19 15 00 1 4508.571
2014 04 04 19 30 00 1 4508.548
2014 04 04 19 45 00 1 4508.528
2014 04 04 20 00 00 1 4508.523
2014 04 04 20 15 00 1 4508.529
2014 04 04 20 30 00 1 4508.548
2014 04 04 20 45 00 1 4508.577
2014 04 04 21 00 00 1 4508.612
2014 04 04 21 15 00 1 4508.661
2014 04 04 21 30 00 1 4508.719
2014 04 04 21 45 00 1 4508.784
2014 04 04 22 00 00 1 4508.855
2014 04 04 22 15 00 1 4508.932
2014 04 04 22 30 00 1 4509.012
2014 04 04 22 45 00 1 4509.095
2014 04 04 23 00 00 1 4509.183
2014 04 04 23 15 00 1 4509.265
2014 04 04 23 30 00 1 4509.352
2014 04 04 23 45 00 1 4509.436
2014 04 05 00 00 00 1 4509.516
2014 04 05 00 15 00 1 4509.590
2014 04 05 00 30 00 1 4509.658
2014 04 05 00 45 00 1 4509.723
2014 04 05 01 00 00 1 4509.782
2014 04 05 01 15 00 1 4509.831
2014 04 05 01 30 00 1 4509.870
2014 04 05 01 45 00 1 4509.900
2014 04 05 02 00 00 1 4509.926
2014 04 05 02 15 00 1 4509.935
2014 04 05 02 30 00 1 4509.940
2014 04 05 02 45 00 1 4509.938
2014 04 05 03 00 00 1 4509.927
2014 04 05 03 15 00 1 4509.910
2014 04 05 03 30 00 1 4509.886
2014 04 05 03 45 00 1 4509.858
2014 04 05 04 00 00 1 4509.824
2014 04 05 04 15 00 1 4509.788
2014 04 05 04 30 00 1 4509.747
2014 04 05 04 45 00 1 4509.701
2014 04 05 05 00 00 1 4509.652
2014 04 05 05 15 00 1 4509.608
2014 04 05 05 30 00 1 4509.563
2014 04 05 05 45 00 1 4509.522
2014 04 05 06 00 00 1 4509.483
2014 04 05 06 15 00 1 4509.449
2014 04 05 06 30 00 1 4509.420
2014 04 05 06 45 00 1 4509.396
2014 04 05 07 00 00 1 4509.377
2014 04 05 07 15 00 1 4509.367
2014 04 05 07 30 00 1 4509.359
2014 04 05 07 45 00 1 4509.360
2014 04 05 08 00 00 1 4509.372
2014 04 05 08 15 00 1 4509.386
2014 04 05 08 30 00 1 4509.409
2014 04 05 08 45 00 1 4509.438
2014 04 05 09 00 00 1 4509.476
2014 04 05 09 15 00 1 4509.521
2014 04 05 09 30 00 1 4509.569
2014 04 05 09 45 00 1 4509.620
2014 04 05 10 00 00 1 4509.680
2014 04 05 10 15 00 1 4509.738
2014 04 05 10 30 00 1 4509.802
2014 04 05 10 45 00 1 4509.871
2014 04 05 11 00 00 1 4509.935
2014 04 05 11 15 00 1 4509.998
2014 04 05 11 30 00 1 4510.058
2014 04 05 11 45 00 1 4510.114
2014 04 05 12 00 00 1 4510.163
2014 04 05 12 15 00 1 4510.210
2014 04 05 12 30 00 1 4510.249
2014 04 05 12 45 00 1 4510.285
2014 04 05 13 00 00 1 4510.309
2014 04 05 13 15 00 1 4510.326
2014 04 05 13 30 00 1 4510.336
2014 04 05 13 45 00 1 4510.337
2014 04 05 14 00 00 1 4510.327
2014 04 05 14 15 00 1 4510.306
2014 04 05 14 30 00 1 4510.275
2014 04 05 14 45 00 1 4510.237
2014 04 05 15 00 00 1 4510.185
2014 04 05 15 15 00 1 4510.129
2014 04 05 15 30 00 1 4510.065
2014 04 05 15 45 00 1 4509.995
2014 04 05 16 00 00 1 4509.916
2014 04 05 16 15 00 1 4509.834
2014 04 05 16 30 00 1 4509.744
2014 04 05 16 45 00 1 4509.656
2014 04 05 17 00 00 1 4509.567
2014 04 05 17 15 00 1 4509.476
2014 04 05 17 30 00 1 4509.388
2014 04 05 17 45 00 1 4509.299
2014 04 05 18 00 00 1 4509.213
2014 04 05 18 15 00 1 4509.130
2014 04 05 18 30 00 1 4509.051
2014 04 05 18 45 00 1 4508.977
2014 04 05 19 00 00 1 4508.909
2014 04 05 19 15 00 1 4508.847
2014 04 05 19 30 00 1 4508.797
2014 04 05 19 45 00 1 4508.753
2014 04 05 20 00 00 1 4508.717
2014 04 05 20 15 00 1 4508.691
2014 04 05 20 30 00 1 4508.674
2014 04 05 20 45 00 1 4508.665
2014 04 05 21 00 00 1 4508.665
2014 04 05 21 15 00 1 4508.673
2014 04 05 21 30 00 1 4508.690
2014 04 05 21 45 00 1 4508.719
2014 04 05 22 00 00 1 4508.753
2014 04 05 22 15 00 1 4508.794
2014 04 05 22 30 00 1 4508.845
2014 04 05 22 45 00 1 4508.901
2014 04 05 23 00 00 1 4508.962
2014 04 05 23 15 00 1 4509.025
2014 04 05 23 30 00 1 4509.094
2014 04 05 23 45 00 1 4509.163
2014 04 06 00 00 00 1 4509.232
2014 04 06 00 15 00 1 4509.301
2014 04 06 00 30 00 1 4509.364
2014 04 06 00 45 00 1 4509.431
2014 04 06 01 00 00 1 4509.494
2014 04 06 01 15 00 1 4509.551
2014 04 06 01 30 00 1 4509.606
2014 04 06 01 45 00 1 4509.658
2014 04 06 02 00 00 1 4509.701
2014 04 06 02 15 00 1 4509.740
2014 04 06 02 30 00 1 4509.773
2014 04 06 02 45 00 1 4509.798
2014 04 06 03 00 00 1 4509.815
2014 04 06 03 15 00 1 4509.828
2014 04 06 03 30 00 1 4509.834
2014 04 06 03 45 00 1 4509.834
2014 04 06 04 00 00 1 4509.827
2014 04 06 04 15 00 1 4509.817
2014 04 06 04 30 00 1 4509.799
2014 04 06 04 45 00 1 4509.779
2014 04 06 05 00 00 1 4509.757
2014 04 06 05 15 00 1 4509.729
2014 04 06 05 30 00 1 4509.703
2014 04 06 05 45 00 1 4509.677
2014 04 06 06 00 00 1 4509.651
2014 04 06 06 15 00 1 4509.623
2014 04 06 06 30 00 1 4509.598
2014 04 06 06 45 00 1 4509.572
2014 04 06 07 00 00 1 4509.549
2014 04 06 07 15 00 1 4509.528
2014 04 06 07 30 00 1 4509.510
2014 04 06 07 45 00 1 4509.496
2014 04 06 08 00 00 1 4509.486
2014 04 06 08 15 00 1 4509.482
2014 04 06 08 30 00 1 4509.484
2014 04 06 08 45 00 1 4509.490
2014 04 06 09 00 00 1 4509.502
2014 04 06 09 15 00 1 4509.519
2014 04 06 09 30 00 1 4509.539
2014 04 06 09 45 00 1 4509.567
2014 04 06 10 00 00 1 4509.595
2014 04 06 10 15 00 1 4509.630
2014 04 06 10 30 00 1 4509.667
2014 04 06 10 45 00 1 4509.710
2014 04 06 11 00 00 1 4509.755
2014 04 06 11 15 00 1 4509.802
2014 04 06 11 30 00 1 4509.850
2014 04 06 11 45 00 1 4509.898
2014 04 06 12 00 00 1 4509.943
2014 04 06 12 15 00 1 4509.986
2014 04 06 12 30 00 1 4510.027
2014 04 06 12 45 00 1 4510.066
2014 04 06 13 00 00 1 4510.099
2014 04 06 13 15 00 1 4510.128
2014 04 06 13 30 00 1 4510.154
2014 04 06 13 45 00 1 4510.174
2014 04 06 14 00 00 1 4510.187
2014 04 06 14 15 00 1 4510.193
2014 04 06 14 30 00 1 4510.190
2014 04 06 14 45 00 1 4510.180
2014 04 06 15 00 00 1 4510.163
2014 04 06 15 15 00 1 4510.140
2014 04 06 15 30 00 1 4510.109
2014 04 06 15 45 00 1 4510.072
2014 04 06 16 00 00 1 4510.028
2014 04 06 16 15 00 1 4509.977
2014 04 06 16 30 00 1 4509.924
2014 04 06 16 45 00 1 4509.863
2014 04 06 17 00 00 1 4509.800
2014 04 06 17 15 00 1 4509.731
2014 04 06 17 30 00 1 4509.661
2014 04 06 17 45 00 1 4509.586
2014 04 06 18 00 00 1 4509.513
2014 04 06 18 15 00 1 4509.437
2014 04 06 18 30 00 1 4509.361
2014 04 06 18 45 00 1 4509.288
2014 04 06 19 00 00 1 4509.217
2014 04 06 19 15 00 1 4509.149
2014 04 06 19 30 00 1 4509.086
2014 04 06 19 45 00 1 4509.028
2014 04 06 20 00 00 1 4508.973
2014 04 06 20 15 00 1 4508.926
2014 04 06 20 30 00 1 4508.879
2014 04 06 20 45 00 1 4508.843
2014 04 06 21 00 00 1 4508.817
2014 04 06 21 15 00 1 4508.793
2014 04 06 21 30 00 1 4508.779
2014 04 06 21 45 00 1 4508.772
2014 04 06 22 00 00 1 4508.770
2014 04 06 22 15 00 1 4508.778
2014 04 06 22 30 00 1 4508.791
2014 04 06 22 45 00 1 4508.813
2014 04 06 23 00 00 1 4508.844
2014 04 06 23 15 00 1 4508.879
2014 04 06 23 30 00 1 4508.922
2014 04 06 23 45 00 1 4508.964
2014 04 07 00 00 00 1 4509.013
2014 04 07 00 15 00 1 4509.065
2014 04 07 00 30 00 1 4509.119
2014 04 07 00 45 00 1 4509.175
2014 04 07 01 00 00 1 4509.233
2014 04 07 01 15 00 1 4509.290
2014 04 07 01 30 00 1 4509.347
2014 04 07 01 45 00 1 4509.399
2014 04 07 02 00 00 1 4509.452
2014 04 07 02 15 00 1 4509.502
2014 04 07 02 30 00 1 4509.550
2014 04 07 02 45 00 1 4509.593
2014 04 07 03 00 00 1 4509.633
2014 04 07 03 15 00 1 4509.669
2014 04 07 03 30 00 1 4509.698
2014 04 07 03 45 00 1 4509.725
2014 04 07 04 00 00 1 4509.746
2014 04 07 04 15 00 1 4509.763
2014 04 07 04 30 00 1 4509.777
2014 04 07 04 45 00 1 4509.783
2014 04 07 05 00 00 1 4509.786
2014 04 07 05 15 00 1 4509.787
2014 04 07 05 30 00 1 4509.784
2014 04 07 05 45 00 1 4509.774
2014 04 07 06 00 00 1 4509.763
2014 04 07 06 15 00 1 4509.747
2014 04 07 06 30 00 1 4509.731
2014 04 07 06 45 00 1 4509.712
2014 04 07 07 00 00 1 4509.693
2014 04 07 07 15 00 1 4509.675
2014 04 07 07 30 00 1 4509.655
2014 04 07 07 45 00 1 4509.634
2014 04 07 08 00 00 1 4509.617
2014 04 07 08 15 00 1 4509.599
2014 04 07 08 30 00 1 4509.586
2014 04 07 08 45 00 1 4509.574
2014 04 07 09 00 00 1 4509.564
2014 04 07 09 15 00 1 4509.559
2014 04 07 09 30 00 1 4509.556
2014 04 07 09 45 00 1 4509.558
2014 04 07 10 00 00 1 4509.562
2014 04 07 10 15 00 1 4509.568
2014 04 07 10 30 00 1 4509.581
2014 04 07 10 45 00 1 4509.597
2014 04 07 11 00 00 1 4509.618
2014 04 07 11 15 00 1 4509.639
2014 04 07 11 30 00 1 4509.667
2014 04 07 11 45 00 1 4509.695
2014 04 07 12 00 00 1 4509.725
2014 04 07 12 15 00 1 4509.758
2014 04 07 12 30 00 1 4509.792
2014 04 07 12 45 00 1 4509.826
2014 04 07 13 00 00 1 4509.860
2014 04 07 13 15 00 1 4509.891
2014 04 07 13 30 00 1 4509.921
2014 04 07 13 45 00 1 4509.948
2014 04 07 14 00 00 1 4509.974
2014 04 07 14 15 00 1 4509.996
2014 04 07 14 30 00 1 4510.014
2014 04 07 14 45 00 1 4510.030
2014 04 07 15 00 00 1 4510.040
2014 04 07 15 15 00 1 4510.045
2014 04 07 15 30 00 1 4510.044
2014 04 07 15 45 00 1 4510.039
2014 04 07 16 00 00 1 4510.028
2014 04 07 16 15 00 1 4510.013
2014 04 07 16 30 00 1 4509.989
2014 04 07 16 45 00 1 4509.961
2014 04 07 17 00 00 1 4509.928
2014 04 07 17 15 00 1 4509.892
2014 04 07 17 30 00 1 4509.846
2014 04 07 17 45 00 1 4509.801
2014 04 07 18 00 00 1 4509.747
2014 04 07 18 15 00 1 4509.692
2014 04 07 18 30 00 1 4509.634
2014 04 07 18 45 00 1 4509.574
2014 04 07 19 00 00 1 4509.513
2014 04 07 19 15 00 1 4509.452
2014 04 07 19 30 00 1 4509.390
2014 04 07 19 45 00 1 4509.329
2014 04 07 20 00 00 1 4509.269
2014 04 07 20 15 00 1 4509.213
2014 04 07 20 30 00 1 4509.160
2014 04 07 20 45 00 1 4509.109
2014 04 07 21 00 00 1 4509.061
2014 04 07 21 15 00 1 4509.017
2014 04 07 21 30 00 1 4508.977
2014 04 07 21 45 00 1 4508.940
2014 04 07 22 00 00 1 4508.910
2014 04 07 22 15 00 1 4508.886
2014 04 07 22 30 00 1 4508.870
2014 04 07 22 45 00 1 4508.858
2014 04 07 23 00 00 1 4508.854
2014 04 07 23 15 00 1 4508.858
2014 04 07 23 30 00 1 4508.869
2014 04 07 23 45 00 1 4508.886
2014 04 08 00 00 00 1 4508.908
2014 04 08 00 15 00 1 4508.935
2014 04 08 00 30 00 1 4508.967
2014 04 08 00 45 00 1 4509.004
2014 04 08 01 00 00 1 4509.046
2014 04 08 01 15 00 1 4509.088
2014 04 08 01 30 00 1 4509.133
2014 04 08 01 45 00 1 4509.180
2014 04 08 02 00 00 1 4509.228
2014 04 08 02 15 00 1 4509.279
2014 04 08 02 30 00 1 4509.329
2014 04 08 02 45 00 1 4509.380
2014 04 08 03 00 00 1 4509.431
2014 04 08 03 15 00 1 4509.483
2014 04 08 03 30 00 1 4509.532
2014 04 08 03 45 00 1 4509.580
2014 04 08 04 00 00 1 4509.623
2014 04 08 04 15 00 1 4509.662
2014 04 08 04 30 00 1 4509.696
2014 04 08 04 45 00 1 4509.726
2014 04 08 05 00 00 1 4509.753
2014 04 08 05 15 00 1 4509.774
2014 04 08 05 30 00 1 4509.794
2014 04 08 05 45 00 1 4509.806
2014 04 08 06 00 00 1 4509.814
2014 04 08 06 15 00 1 4509.820
2014 04 08 06 30 00 1 4509.823
2014 04 08 06 45 00 1 4509.822
2014 04 08 07 00 00 1 4509.816
2014 04 08 07 15 00 1 4509.807
2014 04 08 07 30 00 1 4509.794
2014 04 08 07 45 00 1 4509.777
2014 04 08 08 00 00 1 4509.761
2014 04 08 08 15 00 1 4509.740
2014 04 08 08 30 00 1 4509.720
2014 04 08 08 45 00 1 4509.700
2014 04 08 09 00 00 1 4509.681
2014 04 08 09 15 00 1 4509.659
2014 04 08 09 30 00 1 4509.639
2014 04 08 09 45 00 1 4509.620
2014 04 08 10 00 00 1 4509.601
2014 04 08 10 15 00 1 4509.591
2014 04 08 10 30 00 1 4509.579
2014 04 08 10 45 00 1 4509.570
2014 04 08 11 00 00 1 4509.566
2014 04 08 11 15 00 1 4509.562
2014 04 08 11 30 00 1 4509.563
2014 04 08 11 45 00 1 4509.568
2014 04 08 12 00 00 1 4509.576
2014 04 08 12 15 00 1 4509.588
2014 04 08 12 30 00 1 4509.603
2014 04 08 12 45 00 1 4509.622
2014 04 08 13 00 00 1 4509.643
2014 04 08 13 15 00 1 4509.665
2014 04 08 13 30 00 1 4509.691
2014 04 08 13 45 00 1 4509.719
2014 04 08 14 00 00 1 4509.748
2014 04 08 14 15 00 1 4509.777
2014 04 08 14 30 00 1 4509.803
2014 04 08 14 45 00 1 4509.827
2014 04 08 15 00 00 1 4509.854
2014 04 08 15 15 00 1 4509.872
2014 04 08 15 30 00 1 4509.894
2014 04 08 15 45 00 1 4509.912
2014 04 08 16 00 00 1 4509.929
2014 04 08 16 15 00 1 4509.941
2014 04 08 16 30 00 1 4509.948
2014 04 08 16 45 00 1 4509.952
2014 04 08 17 00 00 1 4509.952
2014 04 08 17 15 00 1 4509.945
2014 04 08 17 30 00 1 4509.931
2014 04 08 17 45 00 1 4509.911
2014 04 08 18 00 00 1 4509.889
2014 04 08 18 15 00 1 4509.860
2014 04 08 18 30 00 1 4509.830
2014 04 08 18 45 00 1 4509.794
2014 04 08 19 00 00 1 4509.754
2014 04 08 19 15 00 1 4509.709
2014 04 08 19 30 00 1 4509.659
2014 04 08 19 45 00 1 4509.608
2014 04 08 20 00 00 1 4509.555
2014 04 08 20 15 00 1 4509.499
2014 04 08 20 30 00 1 4509.443
2014 04 08 20 45 00 1 4509.386
2014 04 08 21 00 00 1 4509.330
2014 04 08 21 15 00 1 4509.275
2014 04 08 21 30 00 1 4509.218
2014 04 08 21 45 00 1 4509.167
2014 04 08 22 00 00 1 4509.117
2014 04 08 22 15 00 1 4509.071
2014 04 08 22 30 00 1 4509.028
2014 04 08 22 45 00 1 4508.991
2014 04 08 23 00 00 1 4508.958
2014 04 08 23 15 00 1 4508.931
2014 04 08 23 30 00 1 4508.910
2014 04 08 23 45 00 1 4508.895
