#YY  MM DD hh mm ss T   HEIGHT
#yr  mo dy hr mn  s -        m
2014 03 02 00 00 00 1 9999.000
2014 03 02 00 15 00 1 9999.000
2014 03 02 00 30 00 1 9999.000
2014 03 02 00 45 00 1 9999.000
2014 03 02 01 00 00 1 9999.000
2014 03 02 01 15 00 1 9999.000
2014 03 02 01 30 00 1 9999.000
2014 03 02 01 45 00 1 9999.000
2014 03 02 02 00 00 1 9999.000
2014 03 02 02 15 00 1 9999.000
2014 03 02 02 30 00 1 9999.000
2014 03 02 02 45 00 1 9999.000
2014 03 02 03 00 00 1 9999.000
2014 03 02 03 15 00 1 9999.000
2014 03 02 03 30 00 1 9999.000
2014 03 02 03 45 00 1 9999.000
2014 03 02 04 00 00 1 9999.000
2014 03 02 04 15 00 1 9999.000
2014 03 02 04 30 00 1 9999.000
2014 03 02 04 45 00 1 9999.000
2014 03 02 05 00 00 1 9999.000
2014 03 02 05 15 00 1 9999.000
2014 03 02 05 30 00 1 9999.000
2014 03 02 05 45 00 1 9999.000
2014 03 02 06 00 00 1 9999.000
2014 03 02 06 15 00 1 9999.000
2014 03 02 06 30 00 1 9999.000
2014 03 02 06 45 00 1 9999.000
2014 03 02 07 00 00 1 9999.000
2014 03 02 07 15 00 1 9999.000
2014 03 02 07 30 00 1 9999.000
2014 03 02 07 45 00 1 9999.000
2014 03 02 08 00 00 1 9999.000
2014 03 02 08 15 00 1 9999.000
2014 03 02 08 30 00 1 9999.000
2014 03 02 08 45 00 1 9999.000
2014 03 02 09 00 00 1 9999.000
2014 03 02 09 15 00 1 9999.000
2014 03 02 09 30 00 1 9999.000
2014 03 02 09 45 00 1 9999.000
2014 03 02 10 00 00 1 9999.000
2014 03 02 10 15 00 1 9999.000
2014 03 02 10 30 00 1 9999.000
2014 03 02 10 45 00 1 9999.000
2014 03 02 11 00 00 1 9999.000
2014 03 02 11 15 00 1 9999.000
2014 03 02 11 30 00 1 9999.000
2014 03 02 11 45 00 1 9999.000
2014 03 02 12 00 00 1 9999.000
2014 03 02 12 15 00 1 9999.000
2014 03 02 12 30 00 1 9999.000
2014 03 02 12 45 00 1 9999.000
2014 03 02 13 00 00 1 9999.000
2014 03 02 13 15 00 1 9999.000
2014 03 02 13 30 00 1 9999.000
2014 03 02 13 45 00 1 9999.000
2014 03 02 14 00 00 1 9999.000
2014 03 02 14 15 00 1 9999.000
2014 03 02 14 30 00 1 9999.000
2014 03 02 14 45 00 1 9999.000
2014 03 02 15 00 00 1 9999.000
2014 03 02 15 15 00 1 9999.000
2014 03 02 15 30 00 1 9999.000
2014 03 02 15 45 00 1 9999.000
2014 03 02 16 00 00 1 9999.000
2014 03 02 16 15 00 1 9999.000
2014 03 02 16 30 00 1 9999.000
2014 03 02 16 45 00 1 9999.000
2014 03 02 17 00 00 1 9999.000
2014 03 02 17 15 00 1 9999.000
2014 03 02 17 30 00 1 9999.000
2014 03 02 17 45 00 1 9999.000
2014 03 02 18 00 00 1 9999.000
2014 03 02 18 15 00 1 9999.000
2014 03 02 18 30 00 1 9999.000
2014 03 02 18 45 00 1 9999.000
2014 03 02 19 00 00 1 9999.000
2014 03 02 19 15 00 1 9999.000
2014 03 02 19 30 00 1 9999.000
2014 03 02 19 45 00 1 9999.000
2014 03 02 20 00 00 1 9999.000
2014 03 02 20 15 00 1 9999.000
2014 03 02 20 30 00 1 9999.000
2014 03 02 20 45 00 1 9999.000
2014 03 02 21 00 00 1 9999.000
2014 03 02 21 15 00 1 9999.000
2014 03 02 21 30 00 1 9999.000
2014 03 02 21 45 00 1 9999.000
2014 03 02 22 00 00 1 9999.000
2014 03 02 22 15 00 1 9999.000
2014 03 02 22 30 00 1 9999.000
2014 03 02 22 45 00 1 9999.000
2014 03 02 23 00 00 1 9999.000
2014 03 02 23 15 00 1 9999.000
2014 03 02 23 30 00 1 9999.000
2014 03 02 23 45 00 1 9999.000
2014 03 03 00 00 00 1 9999.000
2014 03 03 00 15 00 1 9999.000
2014 03 03 00 30 00 1 9999.000
2014 03 03 00 45 00 1 9999.000
2014 03 03 01 00 00 1 9999.000
2014 03 03 01 15 00 1 9999.000
2014 03 03 01 30 00 1 9999.000
2014 03 03 01 45 00 1 9999.000
2014 03 03 02 00 00 1 9999.000
2014 03 03 02 15 00 1 9999.000
2014 03 03 02 30 00 1 9999.000
2014 03 03 02 45 00 1 9999.000
2014 03 03 03 00 00 1 9999.000
2014 03 03 03 15 00 1 9999.000
2014 03 03 03 30 00 1 9999.000
2014 03 03 03 45 00 1 9999.000
2014 03 03 04 00 00 1 9999.000
2014 03 03 04 15 00 1 9999.000
2014 03 03 04 30 00 1 9999.000
2014 03 03 04 45 00 1 9999.000
2014 03 03 05 00 00 1 9999.000
2014 03 03 05 15 00 1 9999.000
2014 03 03 05 30 00 1 9999.000
2014 03 03 05 45 00 1 9999.000
2014 03 03 06 00 00 1 9999.000
2014 03 03 06 15 00 1 9999.000
2014 03 03 06 30 00 1 9999.000
2014 03 03 06 45 00 1 9999.000
2014 03 03 07 00 00 1 9999.000
2014 03 03 07 15 00 1 9999.000
2014 03 03 07 30 00 1 9999.000
2014 03 03 07 45 00 1 9999.000
2014 03 03 08 00 00 1 9999.000
2014 03 03 08 15 00 1 9999.000
2014 03 03 08 30 00 1 9999.000
2014 03 03 08 45 00 1 9999.000
2014 03 03 09 00 00 1 9999.000
2014 03 03 09 15 00 1 9999.000
2014 03 03 09 30 00 1 9999.000
2014 03 03 09 45 00 1 9999.000
2014 03 03 10 00 00 1 9999.000
2014 03 03 10 15 00 1 9999.000
2014 03 03 10 30 00 1 9999.000
2014 03 03 10 45 00 1 9999.000
2014 03 03 11 00 00 1 9999.000
2014 03 03 11 15 00 1 4783.628
2014 03 03 11 30 00 1 4783.688
2014 03 03 11 45 00 1 4783.748
2014 03 03 12 00 00 1 4783.808
2014 03 03 12 15 00 1 4783.865
2014 03 03 12 30 00 1 4783.917
2014 03 03 12 45 00 1 4783.963
2014 03 03 13 00 00 1 4784.007
2014 03 03 13 15 00 1 4784.043
2014 03 03 13 30 00 1 4784.074
2014 03 03 13 45 00 1 4784.099
2014 03 03 14 00 00 1 4784.114
2014 03 03 14 15 00 1 9999.000
2014 03 03 14 30 00 1 9999.000
2014 03 03 14 45 00 1 9999.000
2014 03 03 15 00 00 1 9999.000
2014 03 03 15 15 00 1 4784.095
2014 03 03 15 30 00 1 4784.070
2014 03 03 15 45 00 1 4784.038
2014 03 03 16 00 00 1 4784.003
2014 03 03 16 15 00 1 9999.000
2014 03 03 16 30 00 1 9999.000
2014 03 03 16 45 00 1 9999.000
2014 03 03 17 00 00 1 9999.000
2014 03 03 17 15 00 1 9999.000
2014 03 03 17 30 00 1 9999.000
2014 03 03 17 45 00 1 9999.000
2014 03 03 18 00 00 1 9999.000
2014 03 03 18 15 00 1 9999.000
2014 03 03 18 30 00 1 9999.000
2014 03 03 18 45 00 1 9999.000
2014 03 03 19 00 00 1 9999.000
2014 03 03 19 15 00 1 9999.000
2014 03 03 19 30 00 1 9999.000
2014 03 03 19 45 00 1 9999.000
2014 03 03 20 00 00 1 9999.000
2014 03 03 20 15 00 1 9999.000
2014 03 03 20 30 00 1 9999.000
2014 03 03 20 45 00 1 9999.000
2014 03 03 21 00 00 1 9999.000
2014 03 03 21 15 00 1 4783.271
2014 03 03 21 30 00 1 4783.293
2014 03 03 21 45 00 1 4783.321
2014 03 03 22 00 00 1 4783.356
2014 03 03 22 15 00 1 9999.000
2014 03 03 22 30 00 1 9999.000
2014 03 03 22 45 00 1 9999.000
2014 03 03 23 00 00 1 9999.000
2014 03 03 23 15 00 1 9999.000
2014 03 03 23 30 00 1 9999.000
2014 03 03 23 45 00 1 9999.000
2014 03 04 00 00 00 1 9999.000
2014 03 04 00 15 00 1 9999.000
2014 03 04 00 30 00 1 9999.000
2014 03 04 00 45 00 1 9999.000
2014 03 04 01 00 00 1 9999.000
2014 03 04 01 15 00 1 9999.000
2014 03 04 01 30 00 1 9999.000
2014 03 04 01 45 00 1 9999.000
2014 03 04 02 00 00 1 9999.000
2014 03 04 02 15 00 1 9999.000
2014 03 04 02 30 00 1 9999.000
2014 03 04 02 45 00 1 9999.000
2014 03 04 03 00 00 1 9999.000
2014 03 04 03 15 00 1 9999.000
2014 03 04 03 30 00 1 9999.000
2014 03 04 03 45 00 1 9999.000
2014 03 04 04 00 00 1 9999.000
2014 03 04 04 15 00 1 9999.000
2014 03 04 04 30 00 1 9999.000
2014 03 04 04 45 00 1 9999.000
2014 03 04 05 00 00 1 9999.000
2014 03 04 05 15 00 1 9999.000
2014 03 04 05 30 00 1 9999.000
2014 03 04 05 45 00 1 9999.000
2014 03 04 06 00 00 1 9999.000
2014 03 04 06 15 00 1 9999.000
2014 03 04 06 30 00 1 9999.000
2014 03 04 06 45 00 1 9999.000
2014 03 04 07 00 00 1 9999.000
2014 03 04 07 15 00 1 9999.000
2014 03 04 07 30 00 1 9999.000
2014 03 04 07 45 00 1 9999.000
2014 03 04 08 00 00 1 9999.000
2014 03 04 08 15 00 1 9999.000
2014 03 04 08 30 00 1 9999.000
2014 03 04 08 45 00 1 9999.000
2014 03 04 09 00 00 1 9999.000
2014 03 04 09 15 00 1 9999.000
2014 03 04 09 30 00 1 9999.000
2014 03 04 09 45 00 1 9999.000
2014 03 04 10 00 00 1 9999.000
2014 03 04 10 15 00 1 9999.000
2014 03 04 10 30 00 1 9999.000
2014 03 04 10 45 00 1 9999.000
2014 03 04 11 00 00 1 9999.000
2014 03 04 11 15 00 1 9999.000
2014 03 04 11 30 00 1 9999.000
2014 03 04 11 45 00 1 9999.000
2014 03 04 12 00 00 1 9999.000
2014 03 04 12 15 00 1 9999.000
2014 03 04 12 30 00 1 9999.000
2014 03 04 12 45 00 1 9999.000
2014 03 04 13 00 00 1 9999.000
2014 03 04 13 15 00 1 9999.000
2014 03 04 13 30 00 1 9999.000
2014 03 04 13 45 00 1 9999.000
2014 03 04 14 00 00 1 9999.000
2014 03 04 14 15 00 1 9999.000
2014 03 04 14 30 00 1 9999.000
2014 03 04 14 45 00 1 9999.000
2014 03 04 15 00 00 1 9999.000
2014 03 04 15 15 00 1 9999.000
2014 03 04 15 30 00 1 9999.000
2014 03 04 15 45 00 1 9999.000
2014 03 04 16 00 00 1 9999.000
2014 03 04 16 15 00 1 9999.000
2014 03 04 16 30 00 1 9999.000
2014 03 04 16 45 00 1 9999.000
2014 03 04 17 00 00 1 9999.000
2014 03 04 17 15 00 1 9999.000
2014 03 04 17 30 00 1 9999.000
2014 03 04 17 45 00 1 9999.000
2014 03 04 18 00 00 1 9999.000
2014 03 04 18 15 00 1 9999.000
2014 03 04 18 30 00 1 9999.000
2014 03 04 18 45 00 1 9999.000
2014 03 04 19 00 00 1 9999.000
2014 03 04 19 15 00 1 9999.000
2014 03 04 19 30 00 1 9999.000
2014 03 04 19 45 00 1 9999.000
2014 03 04 20 00 00 1 9999.000
2014 03 04 20 15 00 1 4783.391
2014 03 04 20 30 00 1 4783.360
2014 03 04 20 45 00 1 4783.335
2014 03 04 21 00 00 1 4783.314
2014 03 04 21 15 00 1 9999.000
2014 03 04 21 30 00 1 9999.000
2014 03 04 21 45 00 1 9999.000
2014 03 04 22 00 00 1 9999.000
2014 03 04 22 15 00 1 4783.312
2014 03 04 22 30 00 1 4783.331
2014 03 04 22 45 00 1 4783.359
2014 03 04 23 00 00 1 4783.387
2014 03 04 23 15 00 1 9999.000
2014 03 04 23 30 00 1 9999.000
2014 03 04 23 45 00 1 9999.000
2014 03 05 00 00 00 1 9999.000
2014 03 05 00 15 00 1 4783.601
2014 03 05 00 30 00 1 4783.651
2014 03 05 00 45 00 1 4783.703
2014 03 05 01 00 00 1 4783.753
2014 03 05 01 15 00 1 9999.000
2014 03 05 01 30 00 1 9999.000
2014 03 05 01 45 00 1 9999.000
2014 03 05 02 00 00 1 9999.000
2014 03 05 02 15 00 1 9999.000
2014 03 05 02 30 00 1 9999.000
2014 03 05 02 45 00 1 9999.000
2014 03 05 03 00 00 1 9999.000
2014 03 05 03 15 00 1 4784.061
2014 03 05 03 30 00 1 4784.067
2014 03 05 03 45 00 1 4784.068
2014 03 05 04 00 00 1 4784.057
2014 03 05 04 15 00 1 4784.044
2014 03 05 04 30 00 1 4784.026
2014 03 05 04 45 00 1 4784.000
2014 03 05 05 00 00 1 4783.969
2014 03 05 05 15 00 1 4783.935
2014 03 05 05 30 00 1 4783.895
2014 03 05 05 45 00 1 4783.849
2014 03 05 06 00 00 1 4783.800
2014 03 05 06 15 00 1 4783.746
2014 03 05 06 30 00 1 4783.694
2014 03 05 06 45 00 1 4783.638
2014 03 05 07 00 00 1 4783.582
2014 03 05 07 15 00 1 9999.000
2014 03 05 07 30 00 1 9999.000
2014 03 05 07 45 00 1 9999.000
2014 03 05 08 00 00 1 9999.000
2014 03 05 08 15 00 1 9999.000
2014 03 05 08 30 00 1 9999.000
2014 03 05 08 45 00 1 9999.000
2014 03 05 09 00 00 1 9999.000
2014 03 05 09 15 00 1 4783.242
2014 03 05 09 30 00 1 4783.232
2014 03 05 09 45 00 1 4783.230
2014 03 05 10 00 00 1 4783.236
2014 03 05 10 15 00 1 9999.000
2014 03 05 10 30 00 1 9999.000
2014 03 05 10 45 00 1 9999.000
2014 03 05 11 00 00 1 9999.000
2014 03 05 11 15 00 1 9999.000
2014 03 05 11 30 00 1 9999.000
2014 03 05 11 45 00 1 9999.000
2014 03 05 12 00 00 1 9999.000
2014 03 05 12 15 00 1 4783.545
2014 03 05 12 30 00 1 4783.600
2014 03 05 12 45 00 1 4783.657
2014 03 05 13 00 00 1 4783.712
2014 03 05 13 15 00 1 4783.765
2014 03 05 13 30 00 1 4783.816
2014 03 05 13 45 00 1 4783.866
2014 03 05 14 00 00 1 4783.915
2014 03 05 14 15 00 1 4783.956
2014 03 05 14 30 00 1 4783.996
2014 03 05 14 45 00 1 4784.029
2014 03 05 15 00 00 1 4784.057
2014 03 05 15 15 00 1 9999.000
2014 03 05 15 30 00 1 9999.000
2014 03 05 15 45 00 1 9999.000
2014 03 05 16 00 00 1 9999.000
2014 03 05 16 15 00 1 9999.000
2014 03 05 16 30 00 1 9999.000
2014 03 05 16 45 00 1 9999.000
2014 03 05 17 00 00 1 9999.000
2014 03 05 17 15 00 1 9999.000
2014 03 05 17 30 00 1 9999.000
2014 03 05 17 45 00 1 9999.000
2014 03 05 18 00 00 1 9999.000
2014 03 05 18 15 00 1 9999.000
2014 03 05 18 30 00 1 9999.000
2014 03 05 18 45 00 1 9999.000
2014 03 05 19 00 00 1 9999.000
2014 03 05 19 15 00 1 9999.000
2014 03 05 19 30 00 1 9999.000
2014 03 05 19 45 00 1 9999.000
2014 03 05 20 00 00 1 9999.000
2014 03 05 20 15 00 1 9999.000
2014 03 05 20 30 00 1 9999.000
2014 03 05 20 45 00 1 9999.000
2014 03 05 21 00 00 1 9999.000
2014 03 05 21 15 00 1 9999.000
2014 03 05 21 30 00 1 9999.000
2014 03 05 21 45 00 1 9999.000
2014 03 05 22 00 00 1 9999.000
2014 03 05 22 15 00 1 9999.000
2014 03 05 22 30 00 1 9999.000
2014 03 05 22 45 00 1 9999.000
2014 03 05 23 00 00 1 9999.000
2014 03 05 23 15 00 1 9999.000
2014 03 05 23 30 00 1 9999.000
2014 03 05 23 45 00 1 9999.000
2014 03 06 00 00 00 1 9999.000
2014 03 06 00 15 00 1 9999.000
2014 03 06 00 30 00 1 9999.000
2014 03 06 00 45 00 1 9999.000
2014 03 06 01 00 00 1 9999.000
2014 03 06 01 15 00 1 4783.624
2014 03 06 01 30 00 1 4783.663
2014 03 06 01 45 00 1 4783.705
2014 03 06 02 00 00 1 4783.744
2014 03 06 02 15 00 1 9999.000
2014 03 06 02 30 00 1 9999.000
2014 03 06 02 45 00 1 9999.000
2014 03 06 03 00 00 1 9999.000
2014 03 06 03 15 00 1 9999.000
2014 03 06 03 30 00 1 9999.000
2014 03 06 03 45 00 1 9999.000
2014 03 06 04 00 00 1 9999.000
2014 03 06 04 15 00 1 4783.951
2014 03 06 04 30 00 1 4783.949
2014 03 06 04 45 00 1 4783.945
2014 03 06 05 00 00 1 4783.933
2014 03 06 05 15 00 1 4783.919
2014 03 06 05 30 00 1 4783.902
2014 03 06 05 45 00 1 4783.879
2014 03 06 06 00 00 1 4783.852
2014 03 06 06 15 00 1 4783.822
2014 03 06 06 30 00 1 4783.787
2014 03 06 06 45 00 1 4783.748
2014 03 06 07 00 00 1 4783.707
2014 03 06 07 15 00 1 4783.662
2014 03 06 07 30 00 1 4783.618
2014 03 06 07 45 00 1 4783.577
2014 03 06 08 00 00 1 4783.533
2014 03 06 08 15 00 1 4783.492
2014 03 06 08 30 00 1 4783.455
2014 03 06 08 45 00 1 4783.420
2014 03 06 09 00 00 1 4783.390
2014 03 06 09 15 00 1 9999.000
2014 03 06 09 30 00 1 9999.000
2014 03 06 09 45 00 1 9999.000
2014 03 06 10 00 00 1 9999.000
2014 03 06 10 15 00 1 9999.000
2014 03 06 10 30 00 1 9999.000
2014 03 06 10 45 00 1 9999.000
2014 03 06 11 00 00 1 9999.000
2014 03 06 11 15 00 1 9999.000
2014 03 06 11 30 00 1 9999.000
2014 03 06 11 45 00 1 9999.000
2014 03 06 12 00 00 1 9999.000
2014 03 06 12 15 00 1 9999.000
2014 03 06 12 30 00 1 9999.000
2014 03 06 12 45 00 1 9999.000
2014 03 06 13 00 00 1 9999.000
2014 03 06 13 15 00 1 9999.000
2014 03 06 13 30 00 1 9999.000
2014 03 06 13 45 00 1 9999.000
2014 03 06 14 00 00 1 9999.000
2014 03 06 14 15 00 1 9999.000
2014 03 06 14 30 00 1 9999.000
2014 03 06 14 45 00 1 9999.000
2014 03 06 15 00 00 1 9999.000
2014 03 06 15 15 00 1 9999.000
2014 03 06 15 30 00 1 9999.000
2014 03 06 15 45 00 1 9999.000
2014 03 06 16 00 00 1 9999.000
2014 03 06 16 15 00 1 9999.000
2014 03 06 16 30 00 1 9999.000
2014 03 06 16 45 00 1 9999.000
2014 03 06 17 00 00 1 9999.000
2014 03 06 17 15 00 1 9999.000
2014 03 06 17 30 00 1 9999.000
2014 03 06 17 45 00 1 9999.000
2014 03 06 18 00 00 1 9999.000
2014 03 06 18 15 00 1 9999.000
2014 03 06 18 30 00 1 9999.000
2014 03 06 18 45 00 1 9999.000
2014 03 06 19 00 00 1 9999.000
2014 03 06 19 15 00 1 9999.000
2014 03 06 19 30 00 1 9999.000
2014 03 06 19 45 00 1 9999.000
2014 03 06 20 00 00 1 9999.000
2014 03 06 20 15 00 1 9999.000
2014 03 06 20 30 00 1 9999.000
2014 03 06 20 45 00 1 9999.000
2014 03 06 21 00 00 1 9999.000
2014 03 06 21 15 00 1 9999.000
2014 03 06 21 30 00 1 9999.000
2014 03 06 21 45 00 1 9999.000
2014 03 06 22 00 00 1 9999.000
2014 03 06 22 15 00 1 9999.000
2014 03 06 22 30 00 1 9999.000
2014 03 06 22 45 00 1 9999.000
2014 03 06 23 00 00 1 9999.000
2014 03 06 23 15 00 1 9999.000
2014 03 06 23 30 00 1 9999.000
2014 03 06 23 45 00 1 9999.000
2014 03 07 00 00 00 1 9999.000
2014 03 07 00 15 00 1 9999.000
2014 03 07 00 30 00 1 9999.000
2014 03 07 00 45 00 1 9999.000
2014 03 07 01 00 00 1 9999.000
2014 03 07 01 15 00 1 9999.000
2014 03 07 01 30 00 1 9999.000
2014 03 07 01 45 00 1 9999.000
2014 03 07 02 00 00 1 9999.000
2014 03 07 02 15 00 1 9999.000
2014 03 07 02 30 00 1 9999.000
2014 03 07 02 45 00 1 9999.000
2014 03 07 03 00 00 1 9999.000
2014 03 07 03 15 00 1 9999.000
2014 03 07 03 30 00 1 9999.000
2014 03 07 03 45 00 1 9999.000
2014 03 07 04 00 00 1 9999.000
2014 03 07 04 15 00 1 4783.811
2014 03 07 04 30 00 1 4783.826
2014 03 07 04 45 00 1 4783.837
2014 03 07 05 00 00 1 4783.844
2014 03 07 05 15 00 1 9999.000
2014 03 07 05 30 00 1 9999.000
2014 03 07 05 45 00 1 9999.000
2014 03 07 06 00 00 1 9999.000
2014 03 07 06 15 00 1 9999.000
2014 03 07 06 30 00 1 9999.000
2014 03 07 06 45 00 1 9999.000
2014 03 07 07 00 00 1 9999.000
2014 03 07 07 15 00 1 4783.742
2014 03 07 07 30 00 1 4783.713
2014 03 07 07 45 00 1 4783.682
2014 03 07 08 00 00 1 4783.649
2014 03 07 08 15 00 1 9999.000
2014 03 07 08 30 00 1 9999.000
2014 03 07 08 45 00 1 9999.000
2014 03 07 09 00 00 1 9999.000
2014 03 07 09 15 00 1 9999.000
2014 03 07 09 30 00 1 9999.000
2014 03 07 09 45 00 1 9999.000
2014 03 07 10 00 00 1 9999.000
2014 03 07 10 15 00 1 9999.000
2014 03 07 10 30 00 1 9999.000
2014 03 07 10 45 00 1 9999.000
2014 03 07 11 00 00 1 9999.000
2014 03 07 11 15 00 1 9999.000
2014 03 07 11 30 00 1 9999.000
2014 03 07 11 45 00 1 9999.000
2014 03 07 12 00 00 1 9999.000
2014 03 07 12 15 00 1 9999.000
2014 03 07 12 30 00 1 9999.000
2014 03 07 12 45 00 1 9999.000
2014 03 07 13 00 00 1 9999.000
2014 03 07 13 15 00 1 9999.000
2014 03 07 13 30 00 1 9999.000
2014 03 07 13 45 00 1 9999.000
2014 03 07 14 00 00 1 9999.000
2014 03 07 14 15 00 1 9999.000
2014 03 07 14 30 00 1 9999.000
2014 03 07 14 45 00 1 9999.000
2014 03 07 15 00 00 1 9999.000
2014 03 07 15 15 00 1 9999.000
2014 03 07 15 30 00 1 9999.000
2014 03 07 15 45 00 1 9999.000
2014 03 07 16 00 00 1 9999.000
2014 03 07 16 15 00 1 9999.000
2014 03 07 16 30 00 1 9999.000
2014 03 07 16 45 00 1 9999.000
2014 03 07 17 00 00 1 9999.000
2014 03 07 17 15 00 1 9999.000
2014 03 07 17 30 00 1 9999.000
2014 03 07 17 45 00 1 9999.000
2014 03 07 18 00 00 1 9999.000
2014 03 07 18 15 00 1 4784.043
2014 03 07 18 30 00 1 4784.041
2014 03 07 18 45 00 1 4784.033
2014 03 07 19 00 00 1 4784.020
2014 03 07 19 15 00 1 4784.002
2014 03 07 19 30 00 1 4783.983
2014 03 07 19 45 00 1 4783.963
2014 03 07 20 00 00 1 4783.937
2014 03 07 20 15 00 1 4783.910
2014 03 07 20 30 00 1 4783.878
2014 03 07 20 45 00 1 4783.853
2014 03 07 21 00 00 1 4783.818
2014 03 07 21 15 00 1 4783.790
2014 03 07 21 30 00 1 4783.759
2014 03 07 21 45 00 1 4783.729
2014 03 07 22 00 00 1 4783.696
2014 03 07 22 15 00 1 4783.666
2014 03 07 22 30 00 1 4783.640
2014 03 07 22 45 00 1 4783.613
2014 03 07 23 00 00 1 4783.591
2014 03 07 23 15 00 1 4783.568
2014 03 07 23 30 00 1 4783.547
2014 03 07 23 45 00 1 4783.529
2014 03 08 00 00 00 1 4783.513
2014 03 08 00 15 00 1 9999.000
2014 03 08 00 30 00 1 9999.000
2014 03 08 00 45 00 1 9999.000
2014 03 08 01 00 00 1 9999.000
2014 03 08 01 15 00 1 4783.483
2014 03 08 01 30 00 1 4783.487
2014 03 08 01 45 00 1 4783.495
2014 03 08 02 00 00 1 4783.505
2014 03 08 02 15 00 1 9999.000
2014 03 08 02 30 00 1 9999.000
2014 03 08 02 45 00 1 9999.000
2014 03 08 03 00 00 1 9999.000
2014 03 08 03 15 00 1 4783.592
2014 03 08 03 30 00 1 4783.611
2014 03 08 03 45 00 1 4783.631
2014 03 08 04 00 00 1 4783.650
2014 03 08 04 15 00 1 4783.672
2014 03 08 04 30 00 1 4783.691
2014 03 08 04 45 00 1 4783.710
2014 03 08 05 00 00 1 4783.725
2014 03 08 05 15 00 1 4783.741
2014 03 08 05 30 00 1 4783.752
2014 03 08 05 45 00 1 4783.760
2014 03 08 06 00 00 1 4783.766
2014 03 08 06 15 00 1 9999.000
2014 03 08 06 30 00 1 9999.000
2014 03 08 06 45 00 1 9999.000
2014 03 08 07 00 00 1 9999.000
2014 03 08 07 15 00 1 4783.755
2014 03 08 07 30 00 1 4783.746
2014 03 08 07 45 00 1 4783.730
2014 03 08 08 00 00 1 4783.712
2014 03 08 08 15 00 1 9999.000
2014 03 08 08 30 00 1 9999.000
2014 03 08 08 45 00 1 9999.000
2014 03 08 09 00 00 1 9999.000
2014 03 08 09 15 00 1 4783.604
2014 03 08 09 30 00 1 4783.581
2014 03 08 09 45 00 1 4783.557
2014 03 08 10 00 00 1 4783.535
2014 03 08 10 15 00 1 4783.515
2014 03 08 10 30 00 1 4783.494
2014 03 08 10 45 00 1 4783.475
2014 03 08 11 00 00 1 4783.459
2014 03 08 11 15 00 1 9999.000
2014 03 08 11 30 00 1 9999.000
2014 03 08 11 45 00 1 9999.000
2014 03 08 12 00 00 1 9999.000
2014 03 08 12 15 00 1 9999.000
2014 03 08 12 30 00 1 9999.000
2014 03 08 12 45 00 1 9999.000
2014 03 08 13 00 00 1 9999.000
2014 03 08 13 15 00 1 9999.000
2014 03 08 13 30 00 1 9999.000
2014 03 08 13 45 00 1 9999.000
2014 03 08 14 00 00 1 9999.000
2014 03 08 14 15 00 1 9999.000
2014 03 08 14 30 00 1 9999.000
2014 03 08 14 45 00 1 9999.000
2014 03 08 15 00 00 1 9999.000
2014 03 08 15 15 00 1 9999.000
2014 03 08 15 30 00 1 9999.000
2014 03 08 15 45 00 1 9999.000
2014 03 08 16 00 00 1 9999.000
2014 03 08 16 15 00 1 9999.000
2014 03 08 16 30 00 1 9999.000
2014 03 08 16 45 00 1 9999.000
2014 03 08 17 00 00 1 9999.000
2014 03 08 17 15 00 1 9999.000
2014 03 08 17 30 00 1 9999.000
2014 03 08 17 45 00 1 9999.000
2014 03 08 18 00 00 1 9999.000
2014 03 08 18 15 00 1 9999.000
2014 03 08 18 30 00 1 9999.000
2014 03 08 18 45 00 1 9999.000
2014 03 08 19 00 00 1 9999.000
2014 03 08 19 15 00 1 9999.000
2014 03 08 19 30 00 1 9999.000
2014 03 08 19 45 00 1 9999.000
2014 03 08 20 00 00 1 9999.000
2014 03 08 20 15 00 1 9999.000
2014 03 08 20 30 00 1 9999.000
2014 03 08 20 45 00 1 9999.000
2014 03 08 21 00 00 1 9999.000
2014 03 08 21 15 00 1 9999.000
2014 03 08 21 30 00 1 9999.000
2014 03 08 21 45 00 1 9999.000
2014 03 08 22 00 00 1 9999.000
2014 03 08 22 15 00 1 9999.000
2014 03 08 22 30 00 1 9999.000
2014 03 08 22 45 00 1 9999.000
2014 03 08 23 00 00 1 9999.000
2014 03 08 23 15 00 1 9999.000
2014 03 08 23 30 00 1 9999.000
2014 03 08 23 45 00 1 9999.000
2014 03 09 00 00 00 1 9999.000
2014 03 09 00 15 00 1 9999.000
2014 03 09 00 30 00 1 9999.000
2014 03 09 00 45 00 1 9999.000
2014 03 09 01 00 00 1 9999.000
2014 03 09 01 15 00 1 9999.000
2014 03 09 01 30 00 1 9999.000
2014 03 09 01 45 00 1 9999.000
2014 03 09 02 00 00 1 9999.000
2014 03 09 02 15 00 1 9999.000
2014 03 09 02 30 00 1 9999.000
2014 03 09 02 45 00 1 9999.000
2014 03 09 03 00 00 1 9999.000
2014 03 09 03 15 00 1 9999.000
2014 03 09 03 30 00 1 9999.000
2014 03 09 03 45 00 1 9999.000
2014 03 09 04 00 00 1 9999.000
2014 03 09 04 15 00 1 9999.000
2014 03 09 04 30 00 1 9999.000
2014 03 09 04 45 00 1 9999.000
2014 03 09 05 00 00 1 9999.000
2014 03 09 05 15 00 1 9999.000
2014 03 09 05 30 00 1 9999.000
2014 03 09 05 45 00 1 9999.000
2014 03 09 06 00 00 1 9999.000
2014 03 09 06 15 00 1 9999.000
2014 03 09 06 30 00 1 9999.000
2014 03 09 06 45 00 1 9999.000
2014 03 09 07 00 00 1 9999.000
2014 03 09 07 15 00 1 9999.000
2014 03 09 07 30 00 1 9999.000
2014 03 09 07 45 00 1 9999.000
2014 03 09 08 00 00 1 9999.000
2014 03 09 08 15 00 1 9999.000
2014 03 09 08 30 00 1 9999.000
2014 03 09 08 45 00 1 9999.000
2014 03 09 09 00 00 1 9999.000
2014 03 09 09 15 00 1 9999.000
2014 03 09 09 30 00 1 9999.000
2014 03 09 09 45 00 1 9999.000
2014 03 09 10 00 00 1 9999.000
2014 03 09 10 15 00 1 9999.000
2014 03 09 10 30 00 1 9999.000
2014 03 09 10 45 00 1 9999.000
2014 03 09 11 00 00 1 9999.000
2014 03 09 11 15 00 1 9999.000
2014 03 09 11 30 00 1 9999.000
2014 03 09 11 45 00 1 9999.000
2014 03 09 12 00 00 1 9999.000
2014 03 09 12 15 00 1 9999.000
2014 03 09 12 30 00 1 9999.000
2014 03 09 12 45 00 1 9999.000
2014 03 09 13 00 00 1 9999.000
2014 03 09 13 15 00 1 9999.000
2014 03 09 13 30 00 1 9999.000
2014 03 09 13 45 00 1 9999.000
2014 03 09 14 00 00 1 9999.000
2014 03 09 14 15 00 1 9999.000
2014 03 09 14 30 00 1 9999.000
2014 03 09 14 45 00 1 9999.000
2014 03 09 15 00 00 1 9999.000
2014 03 09 15 15 00 1 9999.000
2014 03 09 15 30 00 1 9999.000
2014 03 09 15 45 00 1 9999.000
2014 03 09 16 00 00 1 9999.000
2014 03 09 16 15 00 1 9999.000
2014 03 09 16 30 00 1 9999.000
2014 03 09 16 45 00 1 9999.000
2014 03 09 17 00 00 1 9999.000
2014 03 09 17 15 00 1 9999.000
2014 03 09 17 30 00 1 9999.000
2014 03 09 17 45 00 1 9999.000
2014 03 09 18 00 00 1 9999.000
2014 03 09 18 15 00 1 9999.000
2014 03 09 18 30 00 1 9999.000
2014 03 09 18 45 00 1 9999.000
2014 03 09 19 00 00 1 9999.000
2014 03 09 19 15 00 1 9999.000
2014 03 09 19 30 00 1 9999.000
2014 03 09 19 45 00 1 9999.000
2014 03 09 20 00 00 1 9999.000
2014 03 09 20 15 00 1 9999.000
2014 03 09 20 30 00 1 9999.000
2014 03 09 20 45 00 1 9999.000
2014 03 09 21 00 00 1 9999.000
2014 03 09 21 15 00 1 9999.000
2014 03 09 21 30 00 1 9999.000
2014 03 09 21 45 00 1 9999.000
2014 03 09 22 00 00 1 9999.000
2014 03 09 22 15 00 1 9999.000
2014 03 09 22 30 00 1 9999.000
2014 03 09 22 45 00 1 9999.000
2014 03 09 23 00 00 1 9999.000
2014 03 09 23 15 00 1 9999.000
2014 03 09 23 30 00 1 9999.000
2014 03 09 23 45 00 1 9999.000
2014 03 10 00 00 00 1 9999.000
2014 03 10 00 15 00 1 9999.000
2014 03 10 00 30 00 1 9999.000
2014 03 10 00 45 00 1 9999.000
2014 03 10 01 00 00 1 9999.000
2014 03 10 01 15 00 1 9999.000
2014 03 10 01 30 00 1 9999.000
2014 03 10 01 45 00 1 9999.000
2014 03 10 02 00 00 1 9999.000
2014 03 10 02 15 00 1 9999.000
2014 03 10 02 30 00 1 9999.000
2014 03 10 02 45 00 1 9999.000
2014 03 10 03 00 00 1 9999.000
2014 03 10 03 15 00 1 9999.000
2014 03 10 03 30 00 1 9999.000
2014 03 10 03 45 00 1 9999.000
2014 03 10 04 00 00 1 9999.000
2014 03 10 04 15 00 1 9999.000
2014 03 10 04 30 00 1 9999.000
2014 03 10 04 45 00 1 9999.000
2014 03 10 05 00 00 1 9999.000
2014 03 10 05 15 00 1 9999.000
2014 03 10 05 30 00 1 9999.000
2014 03 10 05 45 00 1 9999.000
2014 03 10 06 00 00 1 9999.000
2014 03 10 06 15 00 1 9999.000
2014 03 10 06 30 00 1 9999.000
2014 03 10 06 45 00 1 9999.000
2014 03 10 07 00 00 1 9999.000
2014 03 10 07 15 00 1 9999.000
2014 03 10 07 30 00 1 9999.000
2014 03 10 07 45 00 1 9999.000
2014 03 10 08 00 00 1 9999.000
2014 03 10 08 15 00 1 9999.000
2014 03 10 08 30 00 1 9999.000
2014 03 10 08 45 00 1 9999.000
2014 03 10 09 00 00 1 9999.000
2014 03 10 09 15 00 1 9999.000
2014 03 10 09 30 00 1 9999.000
2014 03 10 09 45 00 1 9999.000
2014 03 10 10 00 00 1 9999.000
2014 03 10 10 15 00 1 9999.000
2014 03 10 10 30 00 1 9999.000
2014 03 10 10 45 00 1 9999.000
2014 03 10 11 00 00 1 9999.000
2014 03 10 11 15 00 1 9999.000
2014 03 10 11 30 00 1 9999.000
2014 03 10 11 45 00 1 9999.000
2014 03 10 12 00 00 1 9999.000
2014 03 10 12 15 00 1 9999.000
2014 03 10 12 30 00 1 9999.000
2014 03 10 12 45 00 1 9999.000
2014 03 10 13 00 00 1 9999.000
2014 03 10 13 15 00 1 9999.000
2014 03 10 13 30 00 1 9999.000
2014 03 10 13 45 00 1 9999.000
2014 03 10 14 00 00 1 9999.000
2014 03 10 14 15 00 1 9999.000
2014 03 10 14 30 00 1 9999.000
2014 03 10 14 45 00 1 9999.000
2014 03 10 15 00 00 1 9999.000
2014 03 10 15 15 00 1 9999.000
2014 03 10 15 30 00 1 9999.000
2014 03 10 15 45 00 1 9999.000
2014 03 10 16 00 00 1 9999.000
2014 03 10 16 15 00 1 9999.000
2014 03 10 16 30 00 1 9999.000
2014 03 10 16 45 00 1 9999.000
2014 03 10 17 00 00 1 9999.000
2014 03 10 17 15 00 1 9999.000
2014 03 10 17 30 00 1 9999.000
2014 03 10 17 45 00 1 9999.000
2014 03 10 18 00 00 1 9999.000
2014 03 10 18 15 00 1 9999.000
2014 03 10 18 30 00 1 9999.000
2014 03 10 18 45 00 1 9999.000
2014 03 10 19 00 00 1 9999.000
2014 03 10 19 15 00 1 9999.000
2014 03 10 19 30 00 1 9999.000
2014 03 10 19 45 00 1 9999.000
2014 03 10 20 00 00 1 9999.000
2014 03 10 20 15 00 1 9999.000
2014 03 10 20 30 00 1 9999.000
2014 03 10 20 45 00 1 9999.000
2014 03 10 21 00 00 1 9999.000
2014 03 10 21 15 00 1 9999.000
2014 03 10 21 30 00 1 9999.000
2014 03 10 21 45 00 1 9999.000
2014 03 10 22 00 00 1 9999.000
2014 03 10 22 15 00 1 9999.000
2014 03 10 22 30 00 1 9999.000
2014 03 10 22 45 00 1 9999.000
2014 03 10 23 00 00 1 9999.000
2014 03 10 23 15 00 1 9999.000
2014 03 10 23 30 00 1 9999.000
2014 03 10 23 45 00 1 9999.000
2014 03 11 00 00 00 1 9999.000
2014 03 11 00 15 00 1 9999.000
2014 03 11 00 30 00 1 9999.000
2014 03 11 00 45 00 1 9999.000
2014 03 11 01 00 00 1 9999.000
2014 03 11 01 15 00 1 9999.000
2014 03 11 01 30 00 1 9999.000
2014 03 11 01 45 00 1 9999.000
2014 03 11 02 00 00 1 9999.000
2014 03 11 02 15 00 1 9999.000
2014 03 11 02 30 00 1 9999.000
2014 03 11 02 45 00 1 9999.000
2014 03 11 03 00 00 1 9999.000
2014 03 11 03 15 00 1 9999.000
2014 03 11 03 30 00 1 9999.000
2014 03 11 03 45 00 1 9999.000
2014 03 11 04 00 00 1 9999.000
2014 03 11 04 15 00 1 9999.000
2014 03 11 04 30 00 1 9999.000
2014 03 11 04 45 00 1 9999.000
2014 03 11 05 00 00 1 9999.000
2014 03 11 05 15 00 1 9999.000
2014 03 11 05 30 00 1 9999.000
2014 03 11 05 45 00 1 9999.000
2014 03 11 06 00 00 1 9999.000
2014 03 11 06 15 00 1 9999.000
2014 03 11 06 30 00 1 9999.000
2014 03 11 06 45 00 1 9999.000
2014 03 11 07 00 00 1 9999.000
2014 03 11 07 15 00 1 9999.000
2014 03 11 07 30 00 1 9999.000
2014 03 11 07 45 00 1 9999.000
2014 03 11 08 00 00 1 9999.000
2014 03 11 08 15 00 1 9999.000
2014 03 11 08 30 00 1 9999.000
2014 03 11 08 45 00 1 9999.000
2014 03 11 09 00 00 1 9999.000
2014 03 11 09 15 00 1 9999.000
2014 03 11 09 30 00 1 9999.000
2014 03 11 09 45 00 1 9999.000
2014 03 11 10 00 00 1 9999.000
2014 03 11 10 15 00 1 9999.000
2014 03 11 10 30 00 1 9999.000
2014 03 11 10 45 00 1 9999.000
2014 03 11 11 00 00 1 9999.000
2014 03 11 11 15 00 1 9999.000
2014 03 11 11 30 00 1 9999.000
2014 03 11 11 45 00 1 9999.000
2014 03 11 12 00 00 1 9999.000
2014 03 11 12 15 00 1 9999.000
2014 03 11 12 30 00 1 9999.000
2014 03 11 12 45 00 1 9999.000
2014 03 11 13 00 00 1 9999.000
2014 03 11 13 15 00 1 9999.000
2014 03 11 13 30 00 1 9999.000
2014 03 11 13 45 00 1 9999.000
2014 03 11 14 00 00 1 9999.000
2014 03 11 14 15 00 1 9999.000
2014 03 11 14 30 00 1 9999.000
2014 03 11 14 45 00 1 9999.000
2014 03 11 15 00 00 1 9999.000
2014 03 11 15 15 00 1 9999.000
2014 03 11 15 30 00 1 9999.000
2014 03 11 15 45 00 1 9999.000
2014 03 11 16 00 00 1 9999.000
2014 03 11 16 15 00 1 9999.000
2014 03 11 16 30 00 1 9999.000
2014 03 11 16 45 00 1 9999.000
2014 03 11 17 00 00 1 9999.000
2014 03 11 17 15 00 1 9999.000
2014 03 11 17 30 00 1 9999.000
2014 03 11 17 45 00 1 9999.000
2014 03 11 18 00 00 1 9999.000
2014 03 11 18 15 00 1 9999.000
2014 03 11 18 30 00 1 9999.000
2014 03 11 18 45 00 1 9999.000
2014 03 11 19 00 00 1 9999.000
2014 03 11 19 15 00 1 9999.000
2014 03 11 19 30 00 1 9999.000
2014 03 11 19 45 00 1 9999.000
2014 03 11 20 00 00 1 9999.000
2014 03 11 20 15 00 1 9999.000
2014 03 11 20 30 00 1 9999.000
2014 03 11 20 45 00 1 9999.000
2014 03 11 21 00 00 1 9999.000
2014 03 11 21 15 00 1 9999.000
2014 03 11 21 30 00 1 9999.000
2014 03 11 21 45 00 1 9999.000
2014 03 11 22 00 00 1 9999.000
2014 03 11 22 15 00 1 9999.000
2014 03 11 22 30 00 1 9999.000
2014 03 11 22 45 00 1 9999.000
2014 03 11 23 00 00 1 9999.000
2014 03 11 23 15 00 1 9999.000
2014 03 11 23 30 00 1 9999.000
2014 03 11 23 45 00 1 9999.000
2014 03 12 00 00 00 1 9999.000
2014 03 12 00 15 00 1 9999.000
2014 03 12 00 30 00 1 9999.000
2014 03 12 00 45 00 1 9999.000
2014 03 12 01 00 00 1 9999.000
2014 03 12 01 15 00 1 9999.000
2014 03 12 01 30 00 1 9999.000
2014 03 12 01 45 00 1 9999.000
2014 03 12 02 00 00 1 9999.000
2014 03 12 02 15 00 1 9999.000
2014 03 12 02 30 00 1 9999.000
2014 03 12 02 45 00 1 9999.000
2014 03 12 03 00 00 1 9999.000
2014 03 12 03 15 00 1 9999.000
2014 03 12 03 30 00 1 9999.000
2014 03 12 03 45 00 1 9999.000
2014 03 12 04 00 00 1 9999.000
2014 03 12 04 15 00 1 9999.000
2014 03 12 04 30 00 1 9999.000
2014 03 12 04 45 00 1 9999.000
2014 03 12 05 00 00 1 9999.000
2014 03 12 05 15 00 1 9999.000
2014 03 12 05 30 00 1 9999.000
2014 03 12 05 45 00 1 9999.000
2014 03 12 06 00 00 1 9999.000
2014 03 12 06 15 00 1 9999.000
2014 03 12 06 30 00 1 9999.000
2014 03 12 06 45 00 1 9999.000
2014 03 12 07 00 00 1 9999.000
2014 03 12 07 15 00 1 9999.000
2014 03 12 07 30 00 1 9999.000
2014 03 12 07 45 00 1 9999.000
2014 03 12 08 00 00 1 9999.000
2014 03 12 08 15 00 1 9999.000
2014 03 12 08 30 00 1 9999.000
2014 03 12 08 45 00 1 9999.000
2014 03 12 09 00 00 1 9999.000
2014 03 12 09 15 00 1 9999.000
2014 03 12 09 30 00 1 9999.000
2014 03 12 09 45 00 1 9999.000
2014 03 12 10 00 00 1 9999.000
2014 03 12 10 15 00 1 9999.000
2014 03 12 10 30 00 1 9999.000
2014 03 12 10 45 00 1 9999.000
2014 03 12 11 00 00 1 9999.000
2014 03 12 11 15 00 1 9999.000
2014 03 12 11 30 00 1 9999.000
2014 03 12 11 45 00 1 9999.000
2014 03 12 12 00 00 1 9999.000
2014 03 12 12 15 00 1 9999.000
2014 03 12 12 30 00 1 9999.000
2014 03 12 12 45 00 1 9999.000
2014 03 12 13 00 00 1 9999.000
2014 03 12 13 15 00 1 9999.000
2014 03 12 13 30 00 1 9999.000
2014 03 12 13 45 00 1 9999.000
2014 03 12 14 00 00 1 9999.000
2014 03 12 14 15 00 1 9999.000
2014 03 12 14 30 00 1 9999.000
2014 03 12 14 45 00 1 9999.000
2014 03 12 15 00 00 1 9999.000
2014 03 12 15 15 00 1 9999.000
2014 03 12 15 30 00 1 9999.000
2014 03 12 15 45 00 1 9999.000
2014 03 12 16 00 00 1 9999.000
2014 03 12 16 15 00 1 9999.000
2014 03 12 16 30 00 1 9999.000
2014 03 12 16 45 00 1 9999.000
2014 03 12 17 00 00 1 9999.000
2014 03 12 17 15 00 1 9999.000
2014 03 12 17 30 00 1 9999.000
2014 03 12 17 45 00 1 9999.000
2014 03 12 18 00 00 1 9999.000
2014 03 12 18 15 00 1 9999.000
2014 03 12 18 30 00 1 9999.000
2014 03 12 18 45 00 1 9999.000
2014 03 12 19 00 00 1 9999.000
2014 03 12 19 15 00 1 9999.000
2014 03 12 19 30 00 1 9999.000
2014 03 12 19 45 00 1 9999.000
2014 03 12 20 00 00 1 9999.000
2014 03 12 20 15 00 1 9999.000
2014 03 12 20 30 00 1 9999.000
2014 03 12 20 45 00 1 9999.000
2014 03 12 21 00 00 1 9999.000
2014 03 12 21 15 00 1 9999.000
2014 03 12 21 30 00 1 9999.000
2014 03 12 21 45 00 1 9999.000
2014 03 12 22 00 00 1 9999.000
2014 03 12 22 15 00 1 9999.000
2014 03 12 22 30 00 1 9999.000
2014 03 12 22 45 00 1 9999.000
2014 03 12 23 00 00 1 9999.000
2014 03 12 23 15 00 1 9999.000
2014 03 12 23 30 00 1 9999.000
2014 03 12 23 45 00 1 9999.000
2014 03 13 00 00 00 1 9999.000
2014 03 13 00 15 00 1 9999.000
2014 03 13 00 30 00 1 9999.000
2014 03 13 00 45 00 1 9999.000
2014 03 13 01 00 00 1 9999.000
2014 03 13 01 15 00 1 9999.000
2014 03 13 01 30 00 1 9999.000
2014 03 13 01 45 00 1 9999.000
2014 03 13 02 00 00 1 9999.000
2014 03 13 02 15 00 1 9999.000
2014 03 13 02 30 00 1 9999.000
2014 03 13 02 45 00 1 9999.000
2014 03 13 03 00 00 1 9999.000
2014 03 13 03 15 00 1 9999.000
2014 03 13 03 30 00 1 9999.000
2014 03 13 03 45 00 1 9999.000
2014 03 13 04 00 00 1 9999.000
2014 03 13 04 15 00 1 9999.000
2014 03 13 04 30 00 1 9999.000
2014 03 13 04 45 00 1 9999.000
2014 03 13 05 00 00 1 9999.000
2014 03 13 05 15 00 1 9999.000
2014 03 13 05 30 00 1 9999.000
2014 03 13 05 45 00 1 9999.000
2014 03 13 06 00 00 1 9999.000
2014 03 13 06 15 00 1 9999.000
2014 03 13 06 30 00 1 9999.000
2014 03 13 06 45 00 1 9999.000
2014 03 13 07 00 00 1 9999.000
2014 03 13 07 15 00 1 9999.000
2014 03 13 07 30 00 1 9999.000
2014 03 13 07 45 00 1 9999.000
2014 03 13 08 00 00 1 9999.000
2014 03 13 08 15 00 1 9999.000
2014 03 13 08 30 00 1 9999.000
2014 03 13 08 45 00 1 9999.000
2014 03 13 09 00 00 1 9999.000
2014 03 13 09 15 00 1 9999.000
2014 03 13 09 30 00 1 9999.000
2014 03 13 09 45 00 1 9999.000
2014 03 13 10 00 00 1 9999.000
2014 03 13 10 15 00 1 9999.000
2014 03 13 10 30 00 1 9999.000
2014 03 13 10 45 00 1 9999.000
2014 03 13 11 00 00 1 9999.000
2014 03 13 11 15 00 1 9999.000
2014 03 13 11 30 00 1 9999.000
2014 03 13 11 45 00 1 9999.000
2014 03 13 12 00 00 1 9999.000
2014 03 13 12 15 00 1 9999.000
2014 03 13 12 30 00 1 9999.000
2014 03 13 12 45 00 1 9999.000
2014 03 13 13 00 00 1 9999.000
2014 03 13 13 15 00 1 9999.000
2014 03 13 13 30 00 1 9999.000
2014 03 13 13 45 00 1 9999.000
2014 03 13 14 00 00 1 9999.000
2014 03 13 14 15 00 1 9999.000
2014 03 13 14 30 00 1 9999.000
2014 03 13 14 45 00 1 9999.000
2014 03 13 15 00 00 1 9999.000
2014 03 13 15 15 00 1 9999.000
2014 03 13 15 30 00 1 9999.000
2014 03 13 15 45 00 1 9999.000
2014 03 13 16 00 00 1 9999.000
2014 03 13 16 15 00 1 9999.000
2014 03 13 16 30 00 1 9999.000
2014 03 13 16 45 00 1 9999.000
2014 03 13 17 00 00 1 9999.000
2014 03 13 17 15 00 1 9999.000
2014 03 13 17 30 00 1 9999.000
2014 03 13 17 45 00 1 9999.000
2014 03 13 18 00 00 1 9999.000
2014 03 13 18 15 00 1 9999.000
2014 03 13 18 30 00 1 9999.000
2014 03 13 18 45 00 1 9999.000
2014 03 13 19 00 00 1 9999.000
2014 03 13 19 15 00 1 9999.000
2014 03 13 19 30 00 1 9999.000
2014 03 13 19 45 00 1 9999.000
2014 03 13 20 00 00 1 9999.000
2014 03 13 20 15 00 1 9999.000
2014 03 13 20 30 00 1 9999.000
2014 03 13 20 45 00 1 9999.000
2014 03 13 21 00 00 1 9999.000
2014 03 13 21 15 00 1 9999.000
2014 03 13 21 30 00 1 9999.000
2014 03 13 21 45 00 1 9999.000
2014 03 13 22 00 00 1 9999.000
2014 03 13 22 15 00 1 9999.000
2014 03 13 22 30 00 1 9999.000
2014 03 13 22 45 00 1 9999.000
2014 03 13 23 00 00 1 9999.000
2014 03 13 23 15 00 1 9999.000
2014 03 13 23 30 00 1 9999.000
2014 03 13 23 45 00 1 9999.000
2014 03 14 00 00 00 1 9999.000
2014 03 14 00 15 00 1 9999.000
2014 03 14 00 30 00 1 9999.000
2014 03 14 00 45 00 1 9999.000
2014 03 14 01 00 00 1 9999.000
2014 03 14 01 15 00 1 9999.000
2014 03 14 01 30 00 1 9999.000
2014 03 14 01 45 00 1 9999.000
2014 03 14 02 00 00 1 9999.000
2014 03 14 02 15 00 1 9999.000
2014 03 14 02 30 00 1 9999.000
2014 03 14 02 45 00 1 9999.000
2014 03 14 03 00 00 1 9999.000
2014 03 14 03 15 00 1 9999.000
2014 03 14 03 30 00 1 9999.000
2014 03 14 03 45 00 1 9999.000
2014 03 14 04 00 00 1 9999.000
2014 03 14 04 15 00 1 9999.000
2014 03 14 04 30 00 1 9999.000
2014 03 14 04 45 00 1 9999.000
2014 03 14 05 00 00 1 9999.000
2014 03 14 05 15 00 1 9999.000
2014 03 14 05 30 00 1 9999.000
2014 03 14 05 45 00 1 9999.000
2014 03 14 06 00 00 1 9999.000
2014 03 14 06 15 00 1 9999.000
2014 03 14 06 30 00 1 9999.000
2014 03 14 06 45 00 1 9999.000
2014 03 14 07 00 00 1 9999.000
2014 03 14 07 15 00 1 9999.000
2014 03 14 07 30 00 1 9999.000
2014 03 14 07 45 00 1 9999.000
2014 03 14 08 00 00 1 9999.000
2014 03 14 08 15 00 1 9999.000
2014 03 14 08 30 00 1 9999.000
2014 03 14 08 45 00 1 9999.000
2014 03 14 09 00 00 1 9999.000
2014 03 14 09 15 00 1 9999.000
2014 03 14 09 30 00 1 9999.000
2014 03 14 09 45 00 1 9999.000
2014 03 14 10 00 00 1 9999.000
2014 03 14 10 15 00 1 9999.000
2014 03 14 10 30 00 1 9999.000
2014 03 14 10 45 00 1 9999.000
2014 03 14 11 00 00 1 9999.000
2014 03 14 11 15 00 1 9999.000
2014 03 14 11 30 00 1 9999.000
2014 03 14 11 45 00 1 9999.000
2014 03 14 12 00 00 1 9999.000
2014 03 14 12 15 00 1 9999.000
2014 03 14 12 30 00 1 9999.000
2014 03 14 12 45 00 1 9999.000
2014 03 14 13 00 00 1 9999.000
2014 03 14 13 15 00 1 9999.000
2014 03 14 13 30 00 1 9999.000
2014 03 14 13 45 00 1 9999.000
2014 03 14 14 00 00 1 9999.000
2014 03 14 14 15 00 1 9999.000
2014 03 14 14 30 00 1 9999.000
2014 03 14 14 45 00 1 9999.000
2014 03 14 15 00 00 1 9999.000
2014 03 14 15 15 00 1 9999.000
2014 03 14 15 30 00 1 9999.000
2014 03 14 15 45 00 1 9999.000
2014 03 14 16 00 00 1 9999.000
2014 03 14 16 15 00 1 9999.000
2014 03 14 16 30 00 1 9999.000
2014 03 14 16 45 00 1 9999.000
2014 03 14 17 00 00 1 9999.000
2014 03 14 17 15 00 1 9999.000
2014 03 14 17 30 00 1 9999.000
2014 03 14 17 45 00 1 9999.000
2014 03 14 18 00 00 1 9999.000
2014 03 14 18 15 00 1 9999.000
2014 03 14 18 30 00 1 9999.000
2014 03 14 18 45 00 1 9999.000
2014 03 14 19 00 00 1 9999.000
2014 03 14 19 15 00 1 9999.000
2014 03 14 19 30 00 1 9999.000
2014 03 14 19 45 00 1 9999.000
2014 03 14 20 00 00 1 9999.000
2014 03 14 20 15 00 1 9999.000
2014 03 14 20 30 00 1 9999.000
2014 03 14 20 45 00 1 9999.000
2014 03 14 21 00 00 1 9999.000
2014 03 14 21 15 00 1 9999.000
2014 03 14 21 30 00 1 9999.000
2014 03 14 21 45 00 1 9999.000
2014 03 14 22 00 00 1 9999.000
2014 03 14 22 15 00 1 9999.000
2014 03 14 22 30 00 1 9999.000
2014 03 14 22 45 00 1 9999.000
2014 03 14 23 00 00 1 9999.000
2014 03 14 23 15 00 1 9999.000
2014 03 14 23 30 00 1 9999.000
2014 03 14 23 45 00 1 9999.000
2014 03 15 00 00 00 1 9999.000
2014 03 15 00 15 00 1 9999.000
2014 03 15 00 30 00 1 9999.000
2014 03 15 00 45 00 1 9999.000
2014 03 15 01 00 00 1 9999.000
2014 03 15 01 15 00 1 9999.000
2014 03 15 01 30 00 1 9999.000
2014 03 15 01 45 00 1 9999.000
2014 03 15 02 00 00 1 9999.000
2014 03 15 02 15 00 1 9999.000
2014 03 15 02 30 00 1 9999.000
2014 03 15 02 45 00 1 9999.000
2014 03 15 03 00 00 1 9999.000
2014 03 15 03 15 00 1 9999.000
2014 03 15 03 30 00 1 9999.000
2014 03 15 03 45 00 1 9999.000
2014 03 15 04 00 00 1 9999.000
2014 03 15 04 15 00 1 9999.000
2014 03 15 04 30 00 1 9999.000
2014 03 15 04 45 00 1 9999.000
2014 03 15 05 00 00 1 9999.000
2014 03 15 05 15 00 1 9999.000
2014 03 15 05 30 00 1 9999.000
2014 03 15 05 45 00 1 9999.000
2014 03 15 06 00 00 1 9999.000
2014 03 15 06 15 00 1 9999.000
2014 03 15 06 30 00 1 9999.000
2014 03 15 06 45 00 1 9999.000
2014 03 15 07 00 00 1 9999.000
2014 03 15 07 15 00 1 9999.000
2014 03 15 07 30 00 1 9999.000
2014 03 15 07 45 00 1 9999.000
2014 03 15 08 00 00 1 9999.000
2014 03 15 08 15 00 1 9999.000
2014 03 15 08 30 00 1 9999.000
2014 03 15 08 45 00 1 9999.000
2014 03 15 09 00 00 1 9999.000
2014 03 15 09 15 00 1 9999.000
2014 03 15 09 30 00 1 9999.000
2014 03 15 09 45 00 1 9999.000
2014 03 15 10 00 00 1 9999.000
2014 03 15 10 15 00 1 9999.000
2014 03 15 10 30 00 1 9999.000
2014 03 15 10 45 00 1 9999.000
2014 03 15 11 00 00 1 9999.000
2014 03 15 11 15 00 1 9999.000
2014 03 15 11 30 00 1 9999.000
2014 03 15 11 45 00 1 9999.000
2014 03 15 12 00 00 1 9999.000
2014 03 15 12 15 00 1 9999.000
2014 03 15 12 30 00 1 9999.000
2014 03 15 12 45 00 1 9999.000
2014 03 15 13 00 00 1 9999.000
2014 03 15 13 15 00 1 9999.000
2014 03 15 13 30 00 1 9999.000
2014 03 15 13 45 00 1 9999.000
2014 03 15 14 00 00 1 9999.000
2014 03 15 14 15 00 1 9999.000
2014 03 15 14 30 00 1 9999.000
2014 03 15 14 45 00 1 9999.000
2014 03 15 15 00 00 1 9999.000
2014 03 15 15 15 00 1 9999.000
2014 03 15 15 30 00 1 9999.000
2014 03 15 15 45 00 1 9999.000
2014 03 15 16 00 00 1 9999.000
2014 03 15 16 15 00 1 9999.000
2014 03 15 16 30 00 1 9999.000
2014 03 15 16 45 00 1 9999.000
2014 03 15 17 00 00 1 9999.000
2014 03 15 17 15 00 1 9999.000
2014 03 15 17 30 00 1 9999.000
2014 03 15 17 45 00 1 9999.000
2014 03 15 18 00 00 1 9999.000
2014 03 15 18 15 00 1 9999.000
2014 03 15 18 30 00 1 9999.000
2014 03 15 18 45 00 1 9999.000
2014 03 15 19 00 00 1 9999.000
2014 03 15 19 15 00 1 9999.000
2014 03 15 19 30 00 1 9999.000
2014 03 15 19 45 00 1 9999.000
2014 03 15 20 00 00 1 9999.000
2014 03 15 20 15 00 1 9999.000
2014 03 15 20 30 00 1 9999.000
2014 03 15 20 45 00 1 9999.000
2014 03 15 21 00 00 1 9999.000
2014 03 15 21 15 00 1 9999.000
2014 03 15 21 30 00 1 9999.000
2014 03 15 21 45 00 1 9999.000
2014 03 15 22 00 00 1 9999.000
2014 03 15 22 15 00 1 9999.000
2014 03 15 22 30 00 1 9999.000
2014 03 15 22 45 00 1 9999.000
2014 03 15 23 00 00 1 9999.000
2014 03 15 23 15 00 1 9999.000
2014 03 15 23 30 00 1 9999.000
2014 03 15 23 45 00 1 9999.000
2014 03 16 00 00 00 1 9999.000
2014 03 16 00 15 00 1 9999.000
2014 03 16 00 30 00 1 9999.000
2014 03 16 00 45 00 1 9999.000
2014 03 16 01 00 00 1 9999.000
2014 03 16 01 15 00 1 9999.000
2014 03 16 01 30 00 1 9999.000
2014 03 16 01 45 00 1 9999.000
2014 03 16 02 00 00 1 9999.000
2014 03 16 02 15 00 1 9999.000
2014 03 16 02 30 00 1 9999.000
2014 03 16 02 45 00 1 9999.000
2014 03 16 03 00 00 1 9999.000
2014 03 16 03 15 00 1 9999.000
2014 03 16 03 30 00 1 9999.000
2014 03 16 03 45 00 1 9999.000
2014 03 16 04 00 00 1 9999.000
2014 03 16 04 15 00 1 9999.000
2014 03 16 04 30 00 1 9999.000
2014 03 16 04 45 00 1 9999.000
2014 03 16 05 00 00 1 9999.000
2014 03 16 05 15 00 1 9999.000
2014 03 16 05 30 00 1 9999.000
2014 03 16 05 45 00 1 9999.000
2014 03 16 06 00 00 1 9999.000
2014 03 16 06 15 00 1 9999.000
2014 03 16 06 30 00 1 9999.000
2014 03 16 06 45 00 1 9999.000
2014 03 16 07 00 00 1 9999.000
2014 03 16 07 15 00 1 9999.000
2014 03 16 07 30 00 1 9999.000
2014 03 16 07 45 00 1 9999.000
2014 03 16 08 00 00 1 9999.000
2014 03 16 08 15 00 1 9999.000
2014 03 16 08 30 00 1 9999.000
2014 03 16 08 45 00 1 9999.000
2014 03 16 09 00 00 1 9999.000
2014 03 16 09 15 00 1 9999.000
2014 03 16 09 30 00 1 9999.000
2014 03 16 09 45 00 1 9999.000
2014 03 16 10 00 00 1 9999.000
2014 03 16 10 15 00 1 9999.000
2014 03 16 10 30 00 1 9999.000
2014 03 16 10 45 00 1 9999.000
2014 03 16 11 00 00 1 9999.000
2014 03 16 11 15 00 1 9999.000
2014 03 16 11 30 00 1 9999.000
2014 03 16 11 45 00 1 9999.000
2014 03 16 12 00 00 1 9999.000
2014 03 16 12 15 00 1 9999.000
2014 03 16 12 30 00 1 9999.000
2014 03 16 12 45 00 1 9999.000
2014 03 16 13 00 00 1 9999.000
2014 03 16 13 15 00 1 9999.000
2014 03 16 13 30 00 1 9999.000
2014 03 16 13 45 00 1 9999.000
2014 03 16 14 00 00 1 9999.000
2014 03 16 14 15 00 1 9999.000
2014 03 16 14 30 00 1 9999.000
2014 03 16 14 45 00 1 9999.000
2014 03 16 15 00 00 1 9999.000
2014 03 16 15 15 00 1 9999.000
2014 03 16 15 30 00 1 9999.000
2014 03 16 15 45 00 1 9999.000
2014 03 16 16 00 00 1 9999.000
2014 03 16 16 15 00 1 9999.000
2014 03 16 16 30 00 1 9999.000
2014 03 16 16 45 00 1 9999.000
2014 03 16 17 00 00 1 9999.000
2014 03 16 17 15 00 1 9999.000
2014 03 16 17 30 00 1 9999.000
2014 03 16 17 45 00 1 9999.000
2014 03 16 18 00 00 1 9999.000
2014 03 16 18 15 00 1 9999.000
2014 03 16 18 30 00 1 9999.000
2014 03 16 18 45 00 1 9999.000
2014 03 16 19 00 00 1 9999.000
2014 03 16 19 15 00 1 9999.000
2014 03 16 19 30 00 1 9999.000
2014 03 16 19 45 00 1 9999.000
2014 03 16 20 00 00 1 9999.000
2014 03 16 20 15 00 1 9999.000
2014 03 16 20 30 00 1 9999.000
2014 03 16 20 45 00 1 9999.000
2014 03 16 21 00 00 1 9999.000
2014 03 16 21 15 00 1 9999.000
2014 03 16 21 30 00 1 9999.000
2014 03 16 21 45 00 1 9999.000
2014 03 16 22 00 00 1 9999.000
2014 03 16 22 15 00 1 9999.000
2014 03 16 22 30 00 1 9999.000
2014 03 16 22 45 00 1 9999.000
2014 03 16 23 00 00 1 9999.000
2014 03 16 23 15 00 1 9999.000
2014 03 16 23 30 00 1 9999.000
2014 03 16 23 45 00 1 9999.000
2014 03 17 00 00 00 1 9999.000
2014 03 17 00 15 00 1 9999.000
2014 03 17 00 30 00 1 9999.000
2014 03 17 00 45 00 1 9999.000
2014 03 17 01 00 00 1 9999.000
2014 03 17 01 15 00 1 9999.000
2014 03 17 01 30 00 1 9999.000
2014 03 17 01 45 00 1 9999.000
2014 03 17 02 00 00 1 9999.000
2014 03 17 02 15 00 1 9999.000
2014 03 17 02 30 00 1 9999.000
2014 03 17 02 45 00 1 9999.000
2014 03 17 03 00 00 1 9999.000
2014 03 17 03 15 00 1 9999.000
2014 03 17 03 30 00 1 9999.000
2014 03 17 03 45 00 1 9999.000
2014 03 17 04 00 00 1 9999.000
2014 03 17 04 15 00 1 9999.000
2014 03 17 04 30 00 1 9999.000
2014 03 17 04 45 00 1 9999.000
2014 03 17 05 00 00 1 9999.000
2014 03 17 05 15 00 1 9999.000
2014 03 17 05 30 00 1 9999.000
2014 03 17 05 45 00 1 9999.000
2014 03 17 06 00 00 1 9999.000
2014 03 17 06 15 00 1 9999.000
2014 03 17 06 30 00 1 9999.000
2014 03 17 06 45 00 1 9999.000
2014 03 17 07 00 00 1 9999.000
2014 03 17 07 15 00 1 9999.000
2014 03 17 07 30 00 1 9999.000
2014 03 17 07 45 00 1 9999.000
2014 03 17 08 00 00 1 9999.000
2014 03 17 08 15 00 1 9999.000
2014 03 17 08 30 00 1 9999.000
2014 03 17 08 45 00 1 9999.000
2014 03 17 09 00 00 1 9999.000
2014 03 17 09 15 00 1 9999.000
2014 03 17 09 30 00 1 9999.000
2014 03 17 09 45 00 1 9999.000
2014 03 17 10 00 00 1 9999.000
2014 03 17 10 15 00 1 9999.000
2014 03 17 10 30 00 1 9999.000
2014 03 17 10 45 00 1 9999.000
2014 03 17 11 00 00 1 9999.000
2014 03 17 11 15 00 1 9999.000
2014 03 17 11 30 00 1 9999.000
2014 03 17 11 45 00 1 9999.000
2014 03 17 12 00 00 1 9999.000
2014 03 17 12 15 00 1 4797.661
2014 03 17 12 30 00 1 4797.695
2014 03 17 12 45 00 1 4797.727
2014 03 17 13 00 00 1 4797.751
2014 03 17 13 15 00 1 4797.771
2014 03 17 13 30 00 1 4797.781
2014 03 17 13 45 00 1 4797.787
2014 03 17 14 00 00 1 4797.784
2014 03 17 14 15 00 1 4797.774
2014 03 17 14 30 00 1 4797.760
2014 03 17 14 45 00 1 4797.738
2014 03 17 15 00 00 1 4797.715
2014 03 17 15 15 00 1 4797.681
2014 03 17 15 30 00 1 4797.647
2014 03 17 15 45 00 1 4797.607
2014 03 17 16 00 00 1 4797.563
2014 03 17 16 15 00 1 4797.517
2014 03 17 16 30 00 1 4797.471
2014 03 17 16 45 00 1 4797.423
2014 03 17 17 00 00 1 4797.374
2014 03 17 17 15 00 1 4797.325
2014 03 17 17 30 00 1 4797.278
2014 03 17 17 45 00 1 4797.232
2014 03 17 18 00 00 1 4797.187
2014 03 17 18 15 00 1 4797.148
2014 03 17 18 30 00 1 4797.115
2014 03 17 18 45 00 1 4797.086
2014 03 17 19 00 00 1 4797.063
2014 03 17 19 15 00 1 4797.044
2014 03 17 19 30 00 1 4797.033
2014 03 17 19 45 00 1 4797.028
2014 03 17 20 00 00 1 4797.031
2014 03 17 20 15 00 1 4797.040
2014 03 17 20 30 00 1 4797.053
2014 03 17 20 45 00 1 4797.072
2014 03 17 21 00 00 1 4797.101
2014 03 17 21 15 00 1 4797.127
2014 03 17 21 30 00 1 4797.165
2014 03 17 21 45 00 1 4797.202
2014 03 17 22 00 00 1 4797.247
2014 03 17 22 15 00 1 4797.294
2014 03 17 22 30 00 1 4797.341
2014 03 17 22 45 00 1 4797.389
2014 03 17 23 00 00 1 4797.441
2014 03 17 23 15 00 1 4797.492
2014 03 17 23 30 00 1 4797.542
2014 03 17 23 45 00 1 4797.589
2014 03 18 00 00 00 1 4797.633
2014 03 18 00 15 00 1 4797.673
2014 03 18 00 30 00 1 4797.712
2014 03 18 00 45 00 1 4797.742
2014 03 18 01 00 00 1 4797.765
2014 03 18 01 15 00 1 4797.786
2014 03 18 01 30 00 1 4797.802
2014 03 18 01 45 00 1 4797.810
2014 03 18 02 00 00 1 4797.812
2014 03 18 02 15 00 1 4797.810
2014 03 18 02 30 00 1 4797.801
2014 03 18 02 45 00 1 4797.784
2014 03 18 03 00 00 1 4797.764
2014 03 18 03 15 00 1 4797.739
2014 03 18 03 30 00 1 4797.707
2014 03 18 03 45 00 1 4797.670
2014 03 18 04 00 00 1 4797.629
2014 03 18 04 15 00 1 4797.586
2014 03 18 04 30 00 1 4797.538
2014 03 18 04 45 00 1 4797.488
2014 03 18 05 00 00 1 4797.438
2014 03 18 05 15 00 1 4797.385
2014 03 18 05 30 00 1 4797.335
2014 03 18 05 45 00 1 4797.286
2014 03 18 06 00 00 1 4797.238
2014 03 18 06 15 00 1 4797.194
2014 03 18 06 30 00 1 4797.152
2014 03 18 06 45 00 1 4797.115
2014 03 18 07 00 00 1 4797.082
2014 03 18 07 15 00 1 4797.055
2014 03 18 07 30 00 1 4797.034
2014 03 18 07 45 00 1 4797.017
2014 03 18 08 00 00 1 4797.006
2014 03 18 08 15 00 1 4797.003
2014 03 18 08 30 00 1 4797.005
2014 03 18 08 45 00 1 4797.015
2014 03 18 09 00 00 1 4797.028
2014 03 18 09 15 00 1 4797.050
2014 03 18 09 30 00 1 4797.079
2014 03 18 09 45 00 1 4797.111
2014 03 18 10 00 00 1 4797.151
2014 03 18 10 15 00 1 4797.195
2014 03 18 10 30 00 1 4797.243
2014 03 18 10 45 00 1 4797.294
2014 03 18 11 00 00 1 4797.344
2014 03 18 11 15 00 1 4797.396
2014 03 18 11 30 00 1 4797.451
2014 03 18 11 45 00 1 4797.501
2014 03 18 12 00 00 1 4797.554
2014 03 18 12 15 00 1 4797.602
2014 03 18 12 30 00 1 4797.646
2014 03 18 12 45 00 1 4797.687
2014 03 18 13 00 00 1 4797.725
2014 03 18 13 15 00 1 4797.758
2014 03 18 13 30 00 1 4797.781
2014 03 18 13 45 00 1 4797.804
2014 03 18 14 00 00 1 4797.818
2014 03 18 14 15 00 1 4797.825
2014 03 18 14 30 00 1 4797.823
2014 03 18 14 45 00 1 4797.816
2014 03 18 15 00 00 1 4797.806
2014 03 18 15 15 00 1 4797.785
2014 03 18 15 30 00 1 4797.759
2014 03 18 15 45 00 1 4797.729
2014 03 18 16 00 00 1 4797.691
2014 03 18 16 15 00 1 4797.651
2014 03 18 16 30 00 1 4797.605
2014 03 18 16 45 00 1 4797.557
2014 03 18 17 00 00 1 4797.506
2014 03 18 17 15 00 1 4797.457
2014 03 18 17 30 00 1 4797.404
2014 03 18 17 45 00 1 4797.355
2014 03 18 18 00 00 1 4797.306
2014 03 18 18 15 00 1 4797.260
2014 03 18 18 30 00 1 4797.217
2014 03 18 18 45 00 1 4797.178
2014 03 18 19 00 00 1 4797.143
2014 03 18 19 15 00 1 4797.110
2014 03 18 19 30 00 1 4797.086
2014 03 18 19 45 00 1 4797.067
2014 03 18 20 00 00 1 4797.052
2014 03 18 20 00 00 2 4797.052
2014 03 18 20 01 00 2 4797.050
2014 03 18 20 02 00 2 4797.050
2014 03 18 20 03 00 2 4797.049
2014 03 18 20 04 00 2 4797.048
2014 03 18 20 05 00 2 4797.048
2014 03 18 20 06 00 2 4797.047
2014 03 18 20 07 00 2 4797.047
2014 03 18 20 08 00 2 4797.047
2014 03 18 20 09 00 2 4797.046
2014 03 18 20 10 00 2 4797.045
2014 03 18 20 11 00 2 4797.045
2014 03 18 20 12 00 2 4797.045
2014 03 18 20 13 00 2 4797.045
2014 03 18 20 14 00 2 4797.044
2014 03 18 20 15 00 1 4797.044
2014 03 18 20 15 00 2 4797.043
2014 03 18 20 16 00 2 4797.042
2014 03 18 20 17 00 2 4797.043
2014 03 18 20 18 00 2 4797.042
2014 03 18 20 19 00 2 4797.042
2014 03 18 20 20 00 2 4797.041
2014 03 18 20 21 00 2 4797.040
2014 03 18 20 22 00 2 4797.041
2014 03 18 20 23 00 2 4797.041
2014 03 18 20 24 00 2 4797.040
2014 03 18 20 25 00 2 4797.041
2014 03 18 20 26 00 2 4797.041
2014 03 18 20 27 00 2 4797.040
2014 03 18 20 28 00 2 4797.040
2014 03 18 20 29 00 2 4797.039
2014 03 18 20 30 00 1 4797.039
2014 03 18 20 30 00 2 4797.040
2014 03 18 20 31 00 2 4797.039
2014 03 18 20 32 00 2 4797.039
2014 03 18 20 33 00 2 4797.040
2014 03 18 20 34 00 2 4797.040
2014 03 18 20 35 00 2 4797.039
2014 03 18 20 36 00 2 4797.039
2014 03 18 20 37 00 2 4797.040
2014 03 18 20 38 00 2 4797.040
2014 03 18 20 39 00 2 4797.040
2014 03 18 20 40 00 2 4797.040
2014 03 18 20 41 00 2 4797.041
2014 03 18 20 42 00 2 4797.041
2014 03 18 20 43 00 2 4797.040
2014 03 18 20 44 00 2 4797.041
2014 03 18 20 45 00 1 4797.041
2014 03 18 20 45 00 2 4797.042
2014 03 18 20 46 00 2 4797.043
2014 03 18 20 47 00 2 4797.044
2014 03 18 20 48 00 2 4797.044
2014 03 18 20 49 00 2 4797.045
2014 03 18 20 50 00 2 4797.045
2014 03 18 20 51 00 2 4797.046
2014 03 18 20 52 00 2 4797.046
2014 03 18 20 53 00 2 4797.047
2014 03 18 20 54 00 2 4797.048
2014 03 18 20 55 00 2 4797.049
2014 03 18 20 56 00 2 4797.049
2014 03 18 20 57 00 2 4797.050
2014 03 18 20 58 00 2 4797.051
2014 03 18 20 59 00 2 4797.052
2014 03 18 21 00 00 1 4797.051
2014 03 18 21 00 00 2 4797.052
2014 03 18 21 01 00 2 4797.054
2014 03 18 21 02 00 2 4797.054
2014 03 18 21 03 00 2 4797.054
2014 03 18 21 04 00 2 4797.055
2014 03 18 21 05 00 2 4797.056
2014 03 18 21 06 00 2 4797.057
2014 03 18 21 07 00 2 4797.057
2014 03 18 21 08 00 2 4797.059
2014 03 18 21 09 00 2 4797.060
2014 03 18 21 10 00 2 4797.061
2014 03 18 21 11 00 2 4797.063
2014 03 18 21 12 00 2 4797.063
2014 03 18 21 13 00 2 4797.065
2014 03 18 21 14 00 2 4797.066
2014 03 18 21 15 00 1 9999.000
2014 03 18 21 15 00 2 4797.067
2014 03 18 21 16 00 2 4797.068
2014 03 18 21 17 00 2 4797.068
2014 03 18 21 18 00 2 4797.070
2014 03 18 21 19 00 2 4797.071
2014 03 18 21 20 00 2 4797.072
2014 03 18 21 21 00 2 4797.074
2014 03 18 21 22 00 2 4797.075
2014 03 18 21 23 00 2 4797.076
2014 03 18 21 24 00 2 4797.077
2014 03 18 21 25 00 2 4797.079
2014 03 18 21 26 00 2 4797.079
2014 03 18 21 27 00 2 4797.082
2014 03 18 21 28 00 2 4797.084
2014 03 18 21 29 00 2 4797.082
2014 03 18 21 30 00 1 9999.000
2014 03 18 21 30 00 2 4797.074
2014 03 18 21 30 15 3 4797.096
2014 03 18 21 30 30 3 4797.074
2014 03 18 21 30 45 3 4797.037
2014 03 18 21 31 00 2 4797.100
2014 03 18 21 31 00 3 4797.128
2014 03 18 21 31 15 3 4797.095
2014 03 18 21 31 30 3 4797.074
2014 03 18 21 31 45 3 4797.102
2014 03 18 21 32 00 2 4797.087
2014 03 18 21 32 00 3 4797.091
2014 03 18 21 32 15 3 4797.075
2014 03 18 21 32 30 3 4797.101
2014 03 18 21 32 45 3 4797.081
2014 03 18 21 33 00 2 4797.092
2014 03 18 21 33 00 3 4797.098
2014 03 18 21 33 15 3 4797.090
2014 03 18 21 33 30 3 4797.092
2014 03 18 21 33 45 3 4797.089
2014 03 18 21 34 00 2 4797.094
2014 03 18 21 34 00 3 4797.089
2014 03 18 21 35 00 2 4797.091
2014 03 18 21 36 00 2 4797.098
2014 03 18 21 37 00 2 4797.099
2014 03 18 21 38 00 2 4797.099
2014 03 18 21 39 00 2 4797.104
2014 03 18 21 40 00 2 4797.104
2014 03 18 21 41 00 2 4797.107
2014 03 18 21 42 00 2 4797.108
2014 03 18 21 43 00 2 4797.110
2014 03 18 21 44 00 2 4797.112
2014 03 18 21 45 00 1 9999.000
2014 03 18 21 45 00 2 4797.115
2014 03 18 21 46 00 2 4797.115
2014 03 18 21 47 00 2 4797.118
2014 03 18 21 48 00 2 4797.120
2014 03 18 21 49 00 2 4797.122
2014 03 18 21 50 00 2 4797.122
2014 03 18 21 51 00 2 4797.124
2014 03 18 21 52 00 2 4797.128
2014 03 18 21 53 00 2 4797.130
2014 03 18 21 54 00 2 4797.131
2014 03 18 21 55 00 2 4797.133
2014 03 18 21 56 00 2 4797.135
2014 03 18 21 57 00 2 4797.138
2014 03 18 21 58 00 2 4797.141
2014 03 18 21 59 00 2 4797.143
2014 03 18 22 00 00 1 9999.000
2014 03 18 22 00 00 2 4797.145
2014 03 18 22 01 00 2 4797.148
2014 03 18 22 02 00 2 4797.150
2014 03 18 22 03 00 2 4797.152
2014 03 18 22 04 00 2 4797.155
2014 03 18 22 05 00 2 4797.157
2014 03 18 22 06 00 2 4797.159
2014 03 18 22 07 00 2 4797.160
2014 03 18 22 08 00 2 4797.164
2014 03 18 22 09 00 2 4797.166
2014 03 18 22 10 00 2 4797.168
2014 03 18 22 11 00 2 4797.170
2014 03 18 22 12 00 2 4797.172
2014 03 18 22 13 00 2 4797.175
2014 03 18 22 14 00 2 4797.178
2014 03 18 22 15 00 1 9999.000
2014 03 18 22 15 00 2 4797.182
2014 03 18 22 16 00 2 4797.183
2014 03 18 22 17 00 2 4797.186
2014 03 18 22 18 00 2 4797.189
2014 03 18 22 19 00 2 4797.191
2014 03 18 22 20 00 2 4797.194
2014 03 18 22 21 00 2 4797.196
2014 03 18 22 22 00 2 4797.200
2014 03 18 22 23 00 2 4797.202
2014 03 18 22 24 00 2 4797.204
2014 03 18 22 25 00 2 4797.207
2014 03 18 22 26 00 2 4797.209
2014 03 18 22 27 00 2 4797.212
2014 03 18 22 28 00 2 4797.215
2014 03 18 22 29 00 2 4797.217
2014 03 18 22 30 00 1 9999.000
2014 03 18 22 30 00 2 4797.220
2014 03 18 22 31 00 2 4797.224
2014 03 18 22 32 00 2 4797.225
2014 03 18 22 33 00 2 4797.229
2014 03 18 22 34 00 2 4797.232
2014 03 18 22 35 00 2 4797.234
2014 03 18 22 36 00 2 4797.237
2014 03 18 22 37 00 2 4797.239
2014 03 18 22 38 00 2 4797.243
2014 03 18 22 39 00 2 4797.245
2014 03 18 22 40 00 2 4797.248
2014 03 18 22 41 00 2 4797.252
2014 03 18 22 42 00 2 4797.255
2014 03 18 22 43 00 2 4797.257
2014 03 18 22 44 00 2 4797.261
2014 03 18 22 45 00 1 9999.000
2014 03 18 22 45 00 2 4797.263
2014 03 18 22 46 00 2 4797.266
2014 03 18 22 47 00 2 4797.269
2014 03 18 22 48 00 2 4797.272
2014 03 18 22 49 00 2 4797.276
2014 03 18 22 50 00 2 4797.278
2014 03 18 22 51 00 2 4797.282
2014 03 18 22 52 00 2 4797.284
2014 03 18 22 53 00 2 4797.287
2014 03 18 22 54 00 2 4797.290
2014 03 18 22 55 00 2 4797.293
2014 03 18 22 56 00 2 4797.298
2014 03 18 22 57 00 2 4797.300
2014 03 18 22 58 00 2 4797.303
2014 03 18 22 59 00 2 4797.308
2014 03 18 23 00 00 1 9999.000
2014 03 18 23 00 00 2 4797.311
2014 03 18 23 01 00 2 4797.313
2014 03 18 23 02 00 2 4797.316
2014 03 18 23 03 00 2 4797.320
2014 03 18 23 04 00 2 4797.322
2014 03 18 23 05 00 2 4797.325
2014 03 18 23 06 00 2 4797.328
2014 03 18 23 07 00 2 4797.331
2014 03 18 23 08 00 2 4797.333
2014 03 18 23 09 00 2 4797.337
2014 03 18 23 10 00 2 4797.340
2014 03 18 23 11 00 2 4797.343
2014 03 18 23 12 00 2 4797.346
2014 03 18 23 13 00 2 4797.348
2014 03 18 23 14 00 2 4797.353
2014 03 18 23 15 00 1 9999.000
2014 03 18 23 15 00 2 4797.356
2014 03 18 23 16 00 2 4797.358
2014 03 18 23 17 00 2 4797.362
2014 03 18 23 18 00 2 4797.365
2014 03 18 23 19 00 2 4797.368
2014 03 18 23 20 00 2 4797.371
2014 03 18 23 21 00 2 4797.374
2014 03 18 23 22 00 2 4797.378
2014 03 18 23 23 00 2 4797.381
2014 03 18 23 24 00 2 4797.384
2014 03 18 23 25 00 2 4797.387
2014 03 18 23 26 00 2 4797.391
2014 03 18 23 27 00 2 4797.393
2014 03 18 23 28 00 2 4797.396
2014 03 18 23 29 00 2 4797.399
2014 03 18 23 30 00 1 9999.000
2014 03 18 23 30 00 2 4797.402
2014 03 18 23 31 00 2 4797.405
2014 03 18 23 32 00 2 4797.409
2014 03 18 23 33 00 2 4797.411
2014 03 18 23 34 00 2 4797.415
2014 03 18 23 35 00 2 4797.418
2014 03 18 23 36 00 2 4797.421
2014 03 18 23 37 00 2 4797.424
2014 03 18 23 38 00 2 4797.427
2014 03 18 23 39 00 2 4797.431
2014 03 18 23 40 00 2 4797.435
2014 03 18 23 41 00 2 4797.437
2014 03 18 23 42 00 2 4797.440
2014 03 18 23 43 00 2 4797.444
2014 03 18 23 44 00 2 4797.446
2014 03 18 23 45 00 1 9999.000
2014 03 18 23 45 00 2 4797.449
2014 03 18 23 46 00 2 4797.452
2014 03 18 23 47 00 2 4797.456
2014 03 18 23 48 00 2 4797.459
2014 03 18 23 49 00 2 4797.462
2014 03 18 23 50 00 2 4797.465
2014 03 18 23 51 00 2 4797.468
2014 03 18 23 52 00 2 4797.471
2014 03 18 23 53 00 2 4797.474
2014 03 18 23 54 00 2 4797.477
2014 03 18 23 55 00 2 4797.480
2014 03 18 23 56 00 2 4797.483
2014 03 18 23 57 00 2 4797.486
2014 03 18 23 58 00 2 4797.489
2014 03 18 23 59 00 2 4797.493
2014 03 19 00 00 00 1 9999.000
2014 03 19 00 00 00 2 4797.496
2014 03 19 00 01 00 2 4797.498
2014 03 19 00 02 00 2 4797.502
2014 03 19 00 03 00 2 4797.505
2014 03 19 00 04 00 2 4797.507
2014 03 19 00 05 00 2 4797.512
2014 03 19 00 06 00 2 4797.514
2014 03 19 00 07 00 2 4797.518
2014 03 19 00 08 00 2 4797.521
2014 03 19 00 09 00 2 4797.524
2014 03 19 00 10 00 2 4797.526
2014 03 19 00 11 00 2 4797.529
2014 03 19 00 12 00 2 4797.532
2014 03 19 00 13 00 2 4797.535
2014 03 19 00 14 00 2 4797.538
2014 03 19 00 15 00 1 9999.000
2014 03 19 00 15 00 2 4797.541
2014 03 19 00 16 00 2 4797.543
2014 03 19 00 17 00 2 4797.545
2014 03 19 00 18 00 2 4797.549
2014 03 19 00 19 00 2 4797.550
2014 03 19 00 20 00 2 4797.554
2014 03 19 00 21 00 2 4797.557
2014 03 19 00 22 00 2 4797.559
2014 03 19 00 23 00 2 4797.562
2014 03 19 00 24 00 2 4797.565
2014 03 19 00 25 00 2 4797.567
2014 03 19 00 26 00 2 4797.570
2014 03 19 00 27 00 2 4797.573
2014 03 19 00 28 00 2 4797.575
2014 03 19 00 29 00 2 4797.577
2014 03 19 00 30 00 1 9999.000
2014 03 19 00 30 00 2 4797.581
2014 03 19 00 31 00 2 4797.583
2014 03 19 00 32 00 2 4797.586
2014 03 19 00 33 00 2 4797.588
2014 03 19 00 34 00 2 4797.590
2014 03 19 00 35 00 2 4797.593
2014 03 19 00 36 00 2 4797.596
2014 03 19 00 37 00 2 4797.598
2014 03 19 00 38 00 2 4797.601
2014 03 19 00 39 00 2 4797.602
2014 03 19 00 40 00 2 4797.607
2014 03 19 00 41 00 2 4797.609
2014 03 19 00 42 00 2 4797.610
2014 03 19 00 43 00 2 4797.613
2014 03 19 00 44 00 2 4797.617
2014 03 19 00 45 00 1 9999.000
2014 03 19 00 45 00 2 4797.618
2014 03 19 00 46 00 2 4797.620
2014 03 19 00 47 00 2 4797.623
2014 03 19 00 48 00 2 4797.625
2014 03 19 00 49 00 2 4797.628
2014 03 19 00 50 00 2 4797.630
2014 03 19 00 51 00 2 4797.632
2014 03 19 00 52 00 2 4797.634
2014 03 19 00 53 00 2 4797.638
2014 03 19 00 54 00 2 4797.639
2014 03 19 00 55 00 2 4797.642
2014 03 19 00 56 00 2 4797.644
2014 03 19 00 57 00 2 4797.646
2014 03 19 00 58 00 2 4797.649
2014 03 19 00 59 00 2 4797.652
2014 03 19 01 00 00 1 9999.000
2014 03 19 01 15 00 1 4797.683
2014 03 19 01 30 00 1 4797.709
2014 03 19 01 45 00 1 4797.730
2014 03 19 02 00 00 1 4797.744
2014 03 19 02 15 00 1 4797.757
2014 03 19 02 30 00 1 4797.759
2014 03 19 02 45 00 1 4797.756
2014 03 19 03 00 00 1 4797.746
2014 03 19 03 15 00 1 4797.731
2014 03 19 03 30 00 1 4797.709
2014 03 19 03 45 00 1 4797.682
2014 03 19 04 00 00 1 4797.653
2014 03 19 04 15 00 1 4797.615
2014 03 19 04 30 00 1 4797.579
2014 03 19 04 45 00 1 4797.539
2014 03 19 05 00 00 1 4797.498
2014 03 19 05 15 00 1 4797.449
2014 03 19 05 30 00 1 4797.400
2014 03 19 05 45 00 1 4797.354
2014 03 19 06 00 00 1 4797.304
2014 03 19 06 15 00 1 4797.257
2014 03 19 06 30 00 1 4797.209
2014 03 19 06 45 00 1 4797.166
2014 03 19 07 00 00 1 4797.125
2014 03 19 07 15 00 1 4797.089
2014 03 19 07 30 00 1 4797.053
2014 03 19 07 45 00 1 4797.025
2014 03 19 08 00 00 1 4797.007
2014 03 19 08 15 00 1 4796.988
2014 03 19 08 30 00 1 4796.978
2014 03 19 08 45 00 1 4796.975
2014 03 19 09 00 00 1 4796.985
2014 03 19 09 15 00 1 4796.992
2014 03 19 09 30 00 1 4797.009
2014 03 19 09 45 00 1 4797.033
2014 03 19 10 00 00 1 4797.062
2014 03 19 10 15 00 1 4797.098
2014 03 19 10 30 00 1 4797.135
2014 03 19 10 45 00 1 4797.179
2014 03 19 11 00 00 1 4797.223
2014 03 19 11 15 00 1 4797.276
2014 03 19 11 30 00 1 4797.324
2014 03 19 11 45 00 1 4797.375
2014 03 19 12 00 00 1 4797.428
2014 03 19 12 15 00 1 4797.480
2014 03 19 12 30 00 1 4797.532
2014 03 19 12 45 00 1 4797.581
2014 03 19 13 00 00 1 4797.628
2014 03 19 13 15 00 1 4797.668
2014 03 19 13 30 00 1 4797.709
2014 03 19 13 45 00 1 4797.741
2014 03 19 14 00 00 1 4797.771
2014 03 19 14 15 00 1 4797.794
2014 03 19 14 30 00 1 4797.813
2014 03 19 14 45 00 1 4797.820
2014 03 19 15 00 00 1 4797.825
2014 03 19 15 15 00 1 4797.820
2014 03 19 15 30 00 1 4797.808
2014 03 19 15 45 00 1 4797.790
2014 03 19 16 00 00 1 4797.767
2014 03 19 16 15 00 1 4797.741
2014 03 19 16 30 00 1 4797.705
2014 03 19 16 45 00 1 4797.666
2014 03 19 17 00 00 1 4797.626
2014 03 19 17 15 00 1 4797.579
2014 03 19 17 30 00 1 4797.533
2014 03 19 17 45 00 1 4797.479
2014 03 19 18 00 00 1 4797.429
2014 03 19 18 15 00 1 4797.379
2014 03 19 18 30 00 1 4797.326
2014 03 19 18 45 00 1 4797.278
2014 03 19 19 00 00 1 4797.232
2014 03 19 19 15 00 1 4797.190
2014 03 19 19 30 00 1 4797.153
2014 03 19 19 45 00 1 4797.116
2014 03 19 20 00 00 1 4797.092
2014 03 19 20 15 00 1 4797.070
2014 03 19 20 30 00 1 4797.054
2014 03 19 20 45 00 1 4797.042
2014 03 19 21 00 00 1 4797.038
2014 03 19 21 15 00 1 4797.037
2014 03 19 21 30 00 1 4797.043
2014 03 19 21 45 00 1 4797.055
2014 03 19 22 00 00 1 4797.073
2014 03 19 22 15 00 1 4797.095
2014 03 19 22 30 00 1 4797.122
2014 03 19 22 45 00 1 4797.156
2014 03 19 23 00 00 1 4797.191
2014 03 19 23 15 00 1 4797.227
2014 03 19 23 30 00 1 4797.267
2014 03 19 23 45 00 1 4797.310
2014 03 20 00 00 00 1 4797.350
2014 03 20 00 15 00 1 4797.395
2014 03 20 00 30 00 1 4797.436
2014 03 20 00 45 00 1 4797.475
2014 03 20 01 00 00 1 4797.516
2014 03 20 01 15 00 1 4797.553
2014 03 20 01 30 00 1 4797.586
2014 03 20 01 45 00 1 4797.615
2014 03 20 02 00 00 1 4797.639
2014 03 20 02 15 00 1 4797.660
2014 03 20 02 30 00 1 4797.676
2014 03 20 02 45 00 1 4797.683
2014 03 20 03 00 00 1 4797.685
2014 03 20 03 15 00 1 4797.683
2014 03 20 03 30 00 1 4797.674
2014 03 20 03 45 00 1 4797.663
2014 03 20 04 00 00 1 4797.643
2014 03 20 04 15 00 1 4797.623
2014 03 20 04 30 00 1 4797.595
2014 03 20 04 45 00 1 4797.565
2014 03 20 05 00 00 1 4797.531
2014 03 20 05 15 00 1 4797.493
2014 03 20 05 30 00 1 4797.452
2014 03 20 05 45 00 1 4797.409
2014 03 20 06 00 00 1 4797.365
2014 03 20 06 15 00 1 4797.322
2014 03 20 06 30 00 1 4797.276
2014 03 20 06 45 00 1 4797.232
2014 03 20 07 00 00 1 4797.189
2014 03 20 07 15 00 1 4797.151
2014 03 20 07 30 00 1 4797.115
2014 03 20 07 45 00 1 4797.080
2014 03 20 08 00 00 1 4797.052
2014 03 20 08 15 00 1 4797.027
2014 03 20 08 30 00 1 4797.009
2014 03 20 08 45 00 1 4796.995
2014 03 20 09 00 00 1 4796.989
2014 03 20 09 15 00 1 4796.985
2014 03 20 09 30 00 1 4796.993
2014 03 20 09 45 00 1 4797.002
2014 03 20 10 00 00 1 4797.019
2014 03 20 10 15 00 1 4797.041
2014 03 20 10 30 00 1 4797.071
2014 03 20 10 45 00 1 4797.105
2014 03 20 11 00 00 1 4797.143
2014 03 20 11 15 00 1 4797.185
2014 03 20 11 30 00 1 4797.232
2014 03 20 11 45 00 1 4797.279
2014 03 20 12 00 00 1 4797.330
2014 03 20 12 15 00 1 4797.381
2014 03 20 12 30 00 1 4797.433
2014 03 20 12 45 00 1 4797.485
2014 03 20 13 00 00 1 4797.536
2014 03 20 13 15 00 1 4797.583
2014 03 20 13 30 00 1 4797.628
2014 03 20 13 45 00 1 4797.674
2014 03 20 14 00 00 1 4797.712
2014 03 20 14 15 00 1 4797.747
2014 03 20 14 30 00 1 4797.778
2014 03 20 14 45 00 1 4797.803
2014 03 20 15 00 00 1 4797.820
2014 03 20 15 15 00 1 4797.832
2014 03 20 15 30 00 1 4797.835
2014 03 20 15 45 00 1 4797.833
2014 03 20 16 00 00 1 4797.823
2014 03 20 16 15 00 1 4797.809
2014 03 20 16 30 00 1 4797.788
2014 03 20 16 45 00 1 4797.765
2014 03 20 17 00 00 1 4797.733
2014 03 20 17 15 00 1 4797.698
2014 03 20 17 30 00 1 4797.658
2014 03 20 17 45 00 1 4797.617
2014 03 20 18 00 00 1 4797.574
2014 03 20 18 15 00 1 4797.524
2014 03 20 18 30 00 1 4797.477
2014 03 20 18 45 00 1 4797.429
2014 03 20 19 00 00 1 4797.381
2014 03 20 19 15 00 1 4797.334
2014 03 20 19 30 00 1 4797.290
2014 03 20 19 45 00 1 4797.246
2014 03 20 20 00 00 1 4797.208
2014 03 20 20 15 00 1 4797.171
2014 03 20 20 30 00 1 4797.141
2014 03 20 20 45 00 1 4797.115
2014 03 20 21 00 00 1 4797.092
2014 03 20 21 15 00 1 4797.078
2014 03 20 21 30 00 1 4797.067
2014 03 20 21 45 00 1 4797.064
2014 03 20 22 00 00 1 4797.064
2014 03 20 22 15 00 1 4797.072
2014 03 20 22 30 00 1 4797.082
2014 03 20 22 45 00 1 4797.099
2014 03 20 23 00 00 1 4797.122
2014 03 20 23 15 00 1 4797.145
2014 03 20 23 30 00 1 4797.176
2014 03 20 23 45 00 1 4797.207
2014 03 21 00 00 00 1 4797.239
2014 03 21 00 15 00 1 4797.277
2014 03 21 00 30 00 1 4797.311
2014 03 21 00 45 00 1 4797.349
2014 03 21 01 00 00 1 4797.385
2014 03 21 01 15 00 1 4797.425
2014 03 21 01 30 00 1 4797.461
2014 03 21 01 45 00 1 4797.492
2014 03 21 02 00 00 1 4797.523
2014 03 21 02 15 00 1 4797.548
2014 03 21 02 30 00 1 4797.571
2014 03 21 02 45 00 1 4797.589
2014 03 21 03 00 00 1 4797.602
2014 03 21 03 15 00 1 4797.610
2014 03 21 03 30 00 1 4797.613
2014 03 21 03 45 00 1 4797.612
2014 03 21 04 00 00 1 4797.608
2014 03 21 04 15 00 1 4797.599
2014 03 21 04 30 00 1 4797.588
2014 03 21 04 45 00 1 4797.571
2014 03 21 05 00 00 1 4797.550
2014 03 21 05 15 00 1 4797.525
2014 03 21 05 30 00 1 4797.501
2014 03 21 05 45 00 1 4797.470
2014 03 21 06 00 00 1 4797.440
2014 03 21 06 15 00 1 4797.403
2014 03 21 06 30 00 1 4797.366
2014 03 21 06 45 00 1 4797.326
2014 03 21 07 00 00 1 4797.286
2014 03 21 07 15 00 1 4797.248
2014 03 21 07 30 00 1 4797.210
2014 03 21 07 45 00 1 4797.174
2014 03 21 08 00 00 1 4797.141
2014 03 21 08 15 00 1 4797.114
2014 03 21 08 30 00 1 4797.089
2014 03 21 08 45 00 1 4797.069
2014 03 21 09 00 00 1 4797.052
2014 03 21 09 15 00 1 4797.042
2014 03 21 09 30 00 1 4797.034
2014 03 21 09 45 00 1 4797.033
2014 03 21 10 00 00 1 4797.035
2014 03 21 10 15 00 1 4797.042
2014 03 21 10 30 00 1 4797.056
2014 03 21 10 45 00 1 4797.076
2014 03 21 11 00 00 1 4797.100
2014 03 21 11 15 00 1 4797.130
2014 03 21 11 30 00 1 4797.162
2014 03 21 11 45 00 1 4797.197
2014 03 21 12 00 00 1 4797.238
2014 03 21 12 15 00 1 4797.281
2014 03 21 12 30 00 1 4797.324
2014 03 21 12 45 00 1 4797.370
2014 03 21 13 00 00 1 4797.421
2014 03 21 13 15 00 1 4797.467
2014 03 21 13 30 00 1 4797.517
2014 03 21 13 45 00 1 4797.566
2014 03 21 14 00 00 1 4797.611
2014 03 21 14 15 00 1 4797.655
2014 03 21 14 30 00 1 4797.694
2014 03 21 14 45 00 1 4797.729
2014 03 21 15 00 00 1 4797.759
2014 03 21 15 15 00 1 4797.784
2014 03 21 15 30 00 1 4797.807
2014 03 21 15 45 00 1 4797.822
2014 03 21 16 00 00 1 4797.829
2014 03 21 16 15 00 1 4797.832
2014 03 21 16 30 00 1 4797.831
2014 03 21 16 45 00 1 4797.823
2014 03 21 17 00 00 1 4797.812
2014 03 21 17 15 00 1 4797.792
2014 03 21 17 30 00 1 4797.769
2014 03 21 17 45 00 1 4797.744
2014 03 21 18 00 00 1 4797.711
2014 03 21 18 15 00 1 4797.675
2014 03 21 18 30 00 1 4797.635
2014 03 21 18 45 00 1 4797.596
2014 03 21 19 00 00 1 4797.551
2014 03 21 19 15 00 1 4797.505
2014 03 21 19 30 00 1 4797.455
2014 03 21 19 45 00 1 4797.413
2014 03 21 20 00 00 1 4797.370
2014 03 21 20 15 00 1 4797.326
2014 03 21 20 30 00 1 4797.286
2014 03 21 20 45 00 1 4797.249
2014 03 21 21 00 00 1 4797.217
2014 03 21 21 15 00 1 4797.189
2014 03 21 21 30 00 1 4797.164
2014 03 21 21 45 00 1 4797.142
2014 03 21 22 00 00 1 4797.126
2014 03 21 22 15 00 1 4797.115
2014 03 21 22 30 00 1 4797.109
2014 03 21 22 45 00 1 4797.106
2014 03 21 23 00 00 1 4797.106
2014 03 21 23 15 00 1 4797.114
2014 03 21 23 30 00 1 4797.127
2014 03 21 23 45 00 1 4797.141
2014 03 22 00 00 00 1 4797.160
2014 03 22 00 15 00 1 4797.183
2014 03 22 00 30 00 1 4797.208
2014 03 22 00 45 00 1 4797.236
2014 03 22 01 00 00 1 4797.265
2014 03 22 01 15 00 1 4797.296
2014 03 22 01 30 00 1 4797.326
2014 03 22 01 45 00 1 4797.357
2014 03 22 02 00 00 1 4797.386
2014 03 22 02 15 00 1 4797.416
2014 03 22 02 30 00 1 4797.442
2014 03 22 02 45 00 1 4797.467
2014 03 22 03 00 00 1 4797.489
2014 03 22 03 15 00 1 4797.505
2014 03 22 03 30 00 1 4797.521
2014 03 22 03 45 00 1 4797.534
2014 03 22 04 00 00 1 4797.542
2014 03 22 04 15 00 1 4797.544
2014 03 22 04 30 00 1 4797.545
2014 03 22 04 45 00 1 4797.541
2014 03 22 05 00 00 1 4797.532
2014 03 22 05 15 00 1 4797.519
2014 03 22 05 30 00 1 4797.503
2014 03 22 05 45 00 1 4797.483
2014 03 22 06 00 00 1 4797.461
2014 03 22 06 15 00 1 4797.435
2014 03 22 06 30 00 1 4797.408
2014 03 22 06 45 00 1 4797.379
2014 03 22 07 00 00 1 4797.349
2014 03 22 07 15 00 1 4797.316
2014 03 22 07 30 00 1 4797.283
2014 03 22 07 45 00 1 4797.253
2014 03 22 08 00 00 1 4797.223
2014 03 22 08 15 00 1 4797.194
2014 03 22 08 30 00 1 4797.165
2014 03 22 08 45 00 1 4797.141
2014 03 22 09 00 00 1 4797.122
2014 03 22 09 15 00 1 4797.103
2014 03 22 09 30 00 1 4797.088
2014 03 22 09 45 00 1 4797.075
2014 03 22 10 00 00 1 4797.066
2014 03 22 10 15 00 1 4797.059
2014 03 22 10 30 00 1 4797.059
2014 03 22 10 45 00 1 4797.063
2014 03 22 11 00 00 1 4797.070
2014 03 22 11 15 00 1 4797.082
2014 03 22 11 30 00 1 4797.100
2014 03 22 11 45 00 1 4797.120
2014 03 22 12 00 00 1 4797.146
2014 03 22 12 00 00 2 4797.147
2014 03 22 12 01 00 2 4797.149
2014 03 22 12 02 00 2 4797.150
2014 03 22 12 03 00 2 4797.153
2014 03 22 12 04 00 2 4797.154
2014 03 22 12 05 00 2 4797.156
2014 03 22 12 06 00 2 4797.158
2014 03 22 12 07 00 2 4797.159
2014 03 22 12 08 00 2 4797.162
2014 03 22 12 09 00 2 4797.165
2014 03 22 12 10 00 2 4797.166
2014 03 22 12 11 00 2 4797.168
2014 03 22 12 12 00 2 4797.170
2014 03 22 12 13 00 2 4797.173
2014 03 22 12 14 00 2 4797.175
2014 03 22 12 15 00 1 4797.176
2014 03 22 12 15 00 2 4797.177
2014 03 22 12 16 00 2 4797.180
2014 03 22 12 17 00 2 4797.181
2014 03 22 12 18 00 2 4797.184
2014 03 22 12 19 00 2 4797.185
2014 03 22 12 20 00 2 4797.188
2014 03 22 12 21 00 2 4797.191
2014 03 22 12 22 00 2 4797.193
2014 03 22 12 23 00 2 4797.195
2014 03 22 12 24 00 2 4797.198
2014 03 22 12 25 00 2 4797.200
2014 03 22 12 26 00 2 4797.202
2014 03 22 12 27 00 2 4797.204
2014 03 22 12 28 00 2 4797.206
2014 03 22 12 29 00 2 4797.208
2014 03 22 12 30 00 1 4797.209
2014 03 22 12 30 00 2 4797.211
2014 03 22 12 31 00 2 4797.213
2014 03 22 12 32 00 2 4797.215
2014 03 22 12 33 00 2 4797.218
2014 03 22 12 34 00 2 4797.219
2014 03 22 12 35 00 2 4797.223
2014 03 22 12 36 00 2 4797.225
2014 03 22 12 37 00 2 4797.228
2014 03 22 12 38 00 2 4797.230
2014 03 22 12 39 00 2 4797.232
2014 03 22 12 40 00 2 4797.235
2014 03 22 12 41 00 2 4797.238
2014 03 22 12 42 00 2 4797.240
2014 03 22 12 43 00 2 4797.242
2014 03 22 12 44 00 2 4797.246
2014 03 22 12 45 00 1 4797.248
2014 03 22 12 45 00 2 4797.248
2014 03 22 12 46 00 2 4797.251
2014 03 22 12 47 00 2 4797.254
2014 03 22 12 48 00 2 4797.256
2014 03 22 12 49 00 2 4797.259
2014 03 22 12 50 00 2 4797.261
2014 03 22 12 51 00 2 4797.264
2014 03 22 12 52 00 2 4797.267
2014 03 22 12 53 00 2 4797.270
2014 03 22 12 54 00 2 4797.273
2014 03 22 12 55 00 2 4797.276
2014 03 22 12 56 00 2 4797.278
2014 03 22 12 57 00 2 4797.281
2014 03 22 12 58 00 2 4797.283
2014 03 22 12 59 00 2 4797.286
2014 03 22 13 00 00 1 4797.288
2014 03 22 13 00 00 2 4797.289
2014 03 22 13 01 00 2 4797.290
2014 03 22 13 02 00 2 4797.293
2014 03 22 13 03 00 2 4797.304
2014 03 22 13 03 45 3 4797.328
2014 03 22 13 04 00 2 4797.291
2014 03 22 13 04 00 3 4797.287
2014 03 22 13 04 15 3 4797.247
2014 03 22 13 04 30 3 4797.354
2014 03 22 13 04 45 3 4797.276
2014 03 22 13 05 00 2 4797.302
2014 03 22 13 05 00 3 4797.304
2014 03 22 13 05 15 3 4797.301
2014 03 22 13 05 30 3 4797.311
2014 03 22 13 05 45 3 4797.290
2014 03 22 13 06 00 2 4797.307
2014 03 22 13 06 00 3 4797.300
2014 03 22 13 06 15 3 4797.317
2014 03 22 13 06 30 3 4797.300
2014 03 22 13 06 45 3 4797.310
2014 03 22 13 07 00 2 4797.306
2014 03 22 13 07 00 3 4797.304
2014 03 22 13 07 15 3 4797.305
2014 03 22 13 07 30 3 4797.311
2014 03 22 13 08 00 2 4797.312
2014 03 22 13 09 00 2 4797.314
2014 03 22 13 10 00 2 4797.315
2014 03 22 13 11 00 2 4797.319
2014 03 22 13 12 00 2 4797.322
2014 03 22 13 13 00 2 4797.322
2014 03 22 13 14 00 2 4797.327
2014 03 22 13 15 00 1 9999.000
2014 03 22 13 15 00 2 4797.330
2014 03 22 13 16 00 2 4797.331
2014 03 22 13 17 00 2 4797.337
2014 03 22 13 18 00 2 4797.338
2014 03 22 13 19 00 2 4797.343
2014 03 22 13 20 00 2 4797.345
2014 03 22 13 21 00 2 4797.349
2014 03 22 13 22 00 2 4797.352
2014 03 22 13 23 00 2 4797.354
2014 03 22 13 24 00 2 4797.355
2014 03 22 13 25 00 2 4797.358
2014 03 22 13 26 00 2 4797.362
2014 03 22 13 27 00 2 4797.366
2014 03 22 13 28 00 2 4797.368
2014 03 22 13 29 00 2 4797.371
2014 03 22 13 30 00 1 9999.000
2014 03 22 13 30 00 2 4797.373
2014 03 22 13 31 00 2 4797.377
2014 03 22 13 32 00 2 4797.380
2014 03 22 13 33 00 2 4797.382
2014 03 22 13 34 00 2 4797.386
2014 03 22 13 35 00 2 4797.389
2014 03 22 13 36 00 2 4797.391
2014 03 22 13 37 00 2 4797.394
2014 03 22 13 38 00 2 4797.397
2014 03 22 13 39 00 2 4797.401
2014 03 22 13 40 00 2 4797.403
2014 03 22 13 41 00 2 4797.406
2014 03 22 13 42 00 2 4797.408
2014 03 22 13 43 00 2 4797.412
2014 03 22 13 44 00 2 4797.414
2014 03 22 13 45 00 1 9999.000
2014 03 22 13 45 00 2 4797.417
2014 03 22 13 46 00 2 4797.420
2014 03 22 13 47 00 2 4797.424
2014 03 22 13 48 00 2 4797.425
2014 03 22 13 49 00 2 4797.429
2014 03 22 13 50 00 2 4797.432
2014 03 22 13 51 00 2 4797.436
2014 03 22 13 52 00 2 4797.438
2014 03 22 13 53 00 2 4797.441
2014 03 22 13 54 00 2 4797.445
2014 03 22 13 55 00 2 4797.448
2014 03 22 13 56 00 2 4797.451
2014 03 22 13 57 00 2 4797.454
2014 03 22 13 58 00 2 4797.457
2014 03 22 13 59 00 2 4797.459
2014 03 22 14 00 00 1 9999.000
2014 03 22 14 00 00 2 4797.462
2014 03 22 14 01 00 2 4797.465
2014 03 22 14 02 00 2 4797.468
2014 03 22 14 03 00 2 4797.470
2014 03 22 14 04 00 2 4797.473
2014 03 22 14 05 00 2 4797.476
2014 03 22 14 06 00 2 4797.479
2014 03 22 14 07 00 2 4797.482
2014 03 22 14 08 00 2 4797.485
2014 03 22 14 09 00 2 4797.488
2014 03 22 14 10 00 2 4797.491
2014 03 22 14 11 00 2 4797.494
2014 03 22 14 12 00 2 4797.497
2014 03 22 14 13 00 2 4797.500
2014 03 22 14 14 00 2 4797.502
2014 03 22 14 15 00 1 9999.000
2014 03 22 14 15 00 2 4797.506
2014 03 22 14 16 00 2 4797.507
2014 03 22 14 17 00 2 4797.511
2014 03 22 14 18 00 2 4797.515
2014 03 22 14 19 00 2 4797.517
2014 03 22 14 20 00 2 4797.520
2014 03 22 14 21 00 2 4797.523
2014 03 22 14 22 00 2 4797.527
2014 03 22 14 23 00 2 4797.529
2014 03 22 14 24 00 2 4797.533
2014 03 22 14 25 00 2 4797.536
2014 03 22 14 26 00 2 4797.538
2014 03 22 14 27 00 2 4797.541
2014 03 22 14 28 00 2 4797.544
2014 03 22 14 29 00 2 4797.547
2014 03 22 14 30 00 1 9999.000
2014 03 22 14 30 00 2 4797.551
2014 03 22 14 31 00 2 4797.554
2014 03 22 14 32 00 2 4797.556
2014 03 22 14 33 00 2 4797.558
2014 03 22 14 34 00 2 4797.561
2014 03 22 14 35 00 2 4797.564
2014 03 22 14 36 00 2 4797.566
2014 03 22 14 37 00 2 4797.570
2014 03 22 14 38 00 2 4797.572
2014 03 22 14 39 00 2 4797.575
2014 03 22 14 40 00 2 4797.578
2014 03 22 14 41 00 2 4797.581
2014 03 22 14 42 00 2 4797.583
2014 03 22 14 43 00 2 4797.586
2014 03 22 14 44 00 2 4797.589
2014 03 22 14 45 00 1 9999.000
2014 03 22 14 45 00 2 4797.590
2014 03 22 14 46 00 2 4797.594
2014 03 22 14 47 00 2 4797.596
2014 03 22 14 48 00 2 4797.600
2014 03 22 14 49 00 2 4797.602
2014 03 22 14 50 00 2 4797.604
2014 03 22 14 51 00 2 4797.606
2014 03 22 14 52 00 2 4797.609
2014 03 22 14 53 00 2 4797.613
2014 03 22 14 54 00 2 4797.615
2014 03 22 14 55 00 2 4797.617
2014 03 22 14 56 00 2 4797.619
2014 03 22 14 57 00 2 4797.621
2014 03 22 14 58 00 2 4797.625
2014 03 22 14 59 00 2 4797.628
2014 03 22 15 00 00 1 9999.000
2014 03 22 15 00 00 2 4797.629
2014 03 22 15 01 00 2 4797.632
2014 03 22 15 02 00 2 4797.635
2014 03 22 15 03 00 2 4797.638
2014 03 22 15 04 00 2 4797.640
2014 03 22 15 05 00 2 4797.643
2014 03 22 15 06 00 2 4797.646
2014 03 22 15 07 00 2 4797.648
2014 03 22 15 08 00 2 4797.650
2014 03 22 15 09 00 2 4797.651
2014 03 22 15 10 00 2 4797.654
2014 03 22 15 11 00 2 4797.657
2014 03 22 15 12 00 2 4797.660
2014 03 22 15 13 00 2 4797.662
2014 03 22 15 14 00 2 4797.663
2014 03 22 15 15 00 1 9999.000
2014 03 22 15 15 00 2 4797.666
2014 03 22 15 16 00 2 4797.668
2014 03 22 15 17 00 2 4797.670
2014 03 22 15 18 00 2 4797.672
2014 03 22 15 19 00 2 4797.675
2014 03 22 15 20 00 2 4797.677
2014 03 22 15 21 00 2 4797.679
2014 03 22 15 22 00 2 4797.681
2014 03 22 15 23 00 2 4797.684
2014 03 22 15 24 00 2 4797.686
2014 03 22 15 25 00 2 4797.688
2014 03 22 15 26 00 2 4797.690
2014 03 22 15 27 00 2 4797.692
2014 03 22 15 28 00 2 4797.694
2014 03 22 15 29 00 2 4797.696
2014 03 22 15 30 00 1 9999.000
2014 03 22 15 30 00 2 4797.698
2014 03 22 15 31 00 2 4797.700
2014 03 22 15 32 00 2 4797.702
2014 03 22 15 33 00 2 4797.704
2014 03 22 15 34 00 2 4797.706
2014 03 22 15 35 00 2 4797.708
2014 03 22 15 36 00 2 4797.710
2014 03 22 15 37 00 2 4797.712
2014 03 22 15 38 00 2 4797.714
2014 03 22 15 39 00 2 4797.715
2014 03 22 15 40 00 2 4797.717
2014 03 22 15 41 00 2 4797.718
2014 03 22 15 42 00 2 4797.721
2014 03 22 15 43 00 2 4797.723
2014 03 22 15 44 00 2 4797.724
2014 03 22 15 45 00 1 9999.000
2014 03 22 15 45 00 2 4797.725
2014 03 22 15 46 00 2 4797.728
2014 03 22 15 47 00 2 4797.730
2014 03 22 15 48 00 2 4797.730
2014 03 22 15 49 00 2 4797.732
2014 03 22 15 50 00 2 4797.733
2014 03 22 15 51 00 2 4797.735
2014 03 22 15 52 00 2 4797.736
2014 03 22 15 53 00 2 4797.738
2014 03 22 15 54 00 2 4797.740
2014 03 22 15 55 00 2 4797.741
2014 03 22 15 56 00 2 4797.743
2014 03 22 15 57 00 2 4797.745
2014 03 22 15 58 00 2 4797.746
2014 03 22 15 59 00 2 4797.748
2014 03 22 16 00 00 1 9999.000
2014 03 22 16 00 00 2 4797.750
2014 03 22 16 01 00 2 4797.751
2014 03 22 16 02 00 2 4797.752
2014 03 22 16 03 00 2 4797.754
2014 03 22 16 04 00 2 4797.755
2014 03 22 16 05 00 2 4797.757
2014 03 22 16 06 00 2 4797.757
2014 03 22 16 07 00 2 4797.758
2014 03 22 16 08 00 2 4797.760
2014 03 22 16 09 00 2 4797.761
2014 03 22 16 10 00 2 4797.763
2014 03 22 16 11 00 2 4797.764
2014 03 22 16 12 00 2 4797.765
2014 03 22 16 13 00 2 4797.768
2014 03 22 16 14 00 2 4797.768
2014 03 22 16 15 00 1 9999.000
2014 03 22 16 15 00 2 4797.770
2014 03 22 16 16 00 2 4797.770
2014 03 22 16 17 00 2 4797.772
2014 03 22 16 18 00 2 4797.772
2014 03 22 16 19 00 2 4797.774
2014 03 22 16 20 00 2 4797.775
2014 03 22 16 21 00 2 4797.776
2014 03 22 16 22 00 2 4797.777
2014 03 22 16 23 00 2 4797.778
2014 03 22 16 24 00 2 4797.778
2014 03 22 16 25 00 2 4797.780
2014 03 22 16 26 00 2 4797.781
2014 03 22 16 27 00 2 4797.782
2014 03 22 16 28 00 2 4797.783
2014 03 22 16 29 00 2 4797.784
2014 03 22 16 30 00 1 9999.000
2014 03 22 16 30 00 2 4797.785
2014 03 22 16 31 00 2 4797.786
2014 03 22 16 32 00 2 4797.787
2014 03 22 16 33 00 2 4797.788
2014 03 22 16 34 00 2 4797.788
2014 03 22 16 35 00 2 4797.790
2014 03 22 16 36 00 2 4797.790
2014 03 22 16 37 00 2 4797.791
2014 03 22 16 38 00 2 4797.792
2014 03 22 16 39 00 2 4797.792
2014 03 22 16 40 00 2 4797.793
2014 03 22 16 41 00 2 4797.794
2014 03 22 16 42 00 2 4797.795
2014 03 22 16 43 00 2 4797.795
2014 03 22 16 44 00 2 4797.796
2014 03 22 16 45 00 1 9999.000
2014 03 22 16 45 00 2 4797.797
2014 03 22 16 46 00 2 4797.797
2014 03 22 16 47 00 2 4797.797
2014 03 22 16 48 00 2 4797.799
2014 03 22 16 49 00 2 4797.798
2014 03 22 16 50 00 2 4797.799
2014 03 22 16 51 00 2 4797.800
2014 03 22 16 52 00 2 4797.800
2014 03 22 16 53 00 2 4797.800
2014 03 22 16 54 00 2 4797.801
2014 03 22 16 55 00 2 4797.801
2014 03 22 16 56 00 2 4797.803
2014 03 22 16 57 00 2 4797.803
2014 03 22 16 58 00 2 4797.803
2014 03 22 16 59 00 2 4797.803
2014 03 22 17 00 00 1 9999.000
2014 03 22 17 15 00 1 4797.805
2014 03 22 17 30 00 1 4797.801
2014 03 22 17 45 00 1 4797.792
2014 03 22 18 00 00 1 4797.778
2014 03 22 18 15 00 1 4797.760
2014 03 22 18 30 00 1 4797.736
2014 03 22 18 45 00 1 4797.709
2014 03 22 19 00 00 1 4797.677
2014 03 22 19 15 00 1 4797.644
2014 03 22 19 30 00 1 4797.608
2014 03 22 19 45 00 1 4797.570
2014 03 22 20 00 00 1 4797.529
2014 03 22 20 15 00 1 4797.491
2014 03 22 20 30 00 1 4797.449
2014 03 22 20 45 00 1 4797.410
2014 03 22 21 00 00 1 4797.371
2014 03 22 21 15 00 1 4797.333
2014 03 22 21 30 00 1 4797.302
2014 03 22 21 45 00 1 4797.270
2014 03 22 22 00 00 1 4797.242
2014 03 22 22 15 00 1 4797.218
2014 03 22 22 30 00 1 4797.196
2014 03 22 22 45 00 1 4797.178
2014 03 22 23 00 00 1 4797.165
2014 03 22 23 15 00 1 4797.155
2014 03 22 23 30 00 1 4797.150
2014 03 22 23 45 00 1 4797.148
2014 03 23 00 00 00 1 4797.148
2014 03 23 00 15 00 1 4797.152
2014 03 23 00 30 00 1 4797.161
2014 03 23 00 45 00 1 4797.172
2014 03 23 01 00 00 1 4797.184
2014 03 23 01 15 00 1 4797.202
2014 03 23 01 30 00 1 4797.221
2014 03 23 01 45 00 1 4797.241
2014 03 23 02 00 00 1 4797.263
2014 03 23 02 15 00 1 4797.286
2014 03 23 02 30 00 1 4797.310
2014 03 23 02 45 00 1 4797.334
2014 03 23 03 00 00 1 4797.354
2014 03 23 03 15 00 1 4797.376
2014 03 23 03 30 00 1 4797.394
2014 03 23 03 45 00 1 4797.414
2014 03 23 04 00 00 1 4797.430
2014 03 23 04 15 00 1 4797.441
2014 03 23 04 30 00 1 4797.453
2014 03 23 04 45 00 1 4797.461
2014 03 23 05 00 00 1 4797.465
2014 03 23 05 15 00 1 4797.468
2014 03 23 05 30 00 1 4797.467
2014 03 23 05 45 00 1 4797.462
2014 03 23 06 00 00 1 4797.458
2014 03 23 06 15 00 1 4797.446
2014 03 23 06 30 00 1 4797.431
2014 03 23 06 45 00 1 4797.415
2014 03 23 07 00 00 1 4797.396
2014 03 23 07 15 00 1 4797.373
2014 03 23 07 30 00 1 4797.351
2014 03 23 07 45 00 1 4797.327
2014 03 23 08 00 00 1 4797.303
2014 03 23 08 15 00 1 4797.278
2014 03 23 08 30 00 1 4797.253
2014 03 23 08 45 00 1 4797.231
2014 03 23 09 00 00 1 4797.210
2014 03 23 09 15 00 1 4797.189
2014 03 23 09 30 00 1 4797.170
2014 03 23 09 45 00 1 4797.155
2014 03 23 10 00 00 1 4797.145
2014 03 23 10 15 00 1 4797.133
2014 03 23 10 30 00 1 4797.122
2014 03 23 10 45 00 1 4797.114
2014 03 23 11 00 00 1 4797.109
2014 03 23 11 15 00 1 4797.104
2014 03 23 11 30 00 1 4797.108
2014 03 23 11 45 00 1 4797.113
2014 03 23 12 00 00 1 4797.123
2014 03 23 12 15 00 1 4797.137
2014 03 23 12 30 00 1 4797.154
2014 03 23 12 45 00 1 4797.175
2014 03 23 13 00 00 1 4797.199
2014 03 23 13 15 00 1 4797.226
2014 03 23 13 30 00 1 4797.256
2014 03 23 13 45 00 1 4797.288
2014 03 23 14 00 00 1 4797.323
2014 03 23 14 15 00 1 4797.360
2014 03 23 14 30 00 1 4797.400
2014 03 23 14 45 00 1 4797.438
2014 03 23 15 00 00 1 4797.476
2014 03 23 15 15 00 1 4797.517
2014 03 23 15 30 00 1 4797.551
2014 03 23 15 45 00 1 4797.587
2014 03 23 16 00 00 1 4797.622
2014 03 23 16 15 00 1 4797.652
2014 03 23 16 30 00 1 4797.681
2014 03 23 16 45 00 1 4797.707
2014 03 23 17 00 00 1 4797.730
2014 03 23 17 15 00 1 4797.745
2014 03 23 17 30 00 1 4797.760
2014 03 23 17 45 00 1 4797.770
2014 03 23 18 00 00 1 4797.774
2014 03 23 18 15 00 1 4797.777
2014 03 23 18 30 00 1 4797.774
2014 03 23 18 45 00 1 4797.765
2014 03 23 19 00 00 1 4797.753
2014 03 23 19 15 00 1 4797.738
2014 03 23 19 30 00 1 4797.716
2014 03 23 19 45 00 1 4797.692
2014 03 23 20 00 00 1 4797.665
2014 03 23 20 15 00 1 4797.634
2014 03 23 20 30 00 1 4797.602
2014 03 23 20 45 00 1 4797.568
2014 03 23 21 00 00 1 4797.531
2014 03 23 21 15 00 1 4797.493
2014 03 23 21 30 00 1 4797.461
2014 03 23 21 45 00 1 4797.423
2014 03 23 22 00 00 1 4797.387
2014 03 23 22 15 00 1 4797.351
2014 03 23 22 30 00 1 4797.320
2014 03 23 22 45 00 1 4797.290
2014 03 23 23 00 00 1 4797.261
2014 03 23 23 15 00 1 4797.232
2014 03 23 23 30 00 1 4797.210
2014 03 23 23 45 00 1 4797.193
2014 03 24 00 00 00 1 4797.176
2014 03 24 00 15 00 1 4797.161
2014 03 24 00 30 00 1 4797.151
2014 03 24 00 45 00 1 4797.146
2014 03 24 01 00 00 1 4797.146
2014 03 24 01 15 00 1 4797.146
2014 03 24 01 30 00 1 4797.152
2014 03 24 01 45 00 1 4797.157
2014 03 24 02 00 00 1 4797.168
2014 03 24 02 15 00 1 4797.181
2014 03 24 02 30 00 1 4797.197
2014 03 24 02 45 00 1 4797.216
2014 03 24 03 00 00 1 4797.232
2014 03 24 03 15 00 1 4797.251
2014 03 24 03 30 00 1 4797.270
2014 03 24 03 45 00 1 4797.288
2014 03 24 04 00 00 1 4797.307
2014 03 24 04 15 00 1 4797.322
2014 03 24 04 30 00 1 4797.337
2014 03 24 04 45 00 1 4797.350
2014 03 24 05 00 00 1 4797.364
2014 03 24 05 15 00 1 4797.375
2014 03 24 05 30 00 1 4797.384
2014 03 24 05 45 00 1 4797.391
2014 03 24 06 00 00 1 4797.399
2014 03 24 06 15 00 1 4797.401
2014 03 24 06 30 00 1 4797.397
2014 03 24 06 45 00 1 4797.396
2014 03 24 07 00 00 1 4797.393
2014 03 24 07 15 00 1 4797.387
2014 03 24 07 30 00 1 4797.376
2014 03 24 07 45 00 1 4797.367
2014 03 24 08 00 00 1 4797.357
2014 03 24 08 15 00 1 4797.346
2014 03 24 08 30 00 1 4797.334
2014 03 24 08 45 00 1 4797.318
2014 03 24 09 00 00 1 4797.305
2014 03 24 09 15 00 1 4797.287
2014 03 24 09 30 00 1 4797.274
2014 03 24 09 45 00 1 4797.256
2014 03 24 10 00 00 1 4797.237
2014 03 24 10 15 00 1 4797.222
2014 03 24 10 30 00 1 4797.206
2014 03 24 10 45 00 1 4797.194
2014 03 24 11 00 00 1 4797.179
2014 03 24 11 15 00 1 4797.166
2014 03 24 11 30 00 1 4797.158
2014 03 24 11 45 00 1 4797.158
2014 03 24 12 00 00 1 4797.142
2014 03 24 12 15 00 1 4797.138
2014 03 24 12 30 00 1 4797.136
2014 03 24 12 45 00 1 4797.141
2014 03 24 13 00 00 1 4797.150
2014 03 24 13 15 00 1 4797.161
2014 03 24 13 30 00 1 4797.174
2014 03 24 13 45 00 1 4797.192
2014 03 24 14 00 00 1 4797.214
2014 03 24 14 15 00 1 4797.239
2014 03 24 14 30 00 1 4797.265
2014 03 24 14 45 00 1 4797.295
2014 03 24 15 00 00 1 4797.327
2014 03 24 15 15 00 1 4797.358
2014 03 24 15 30 00 1 4797.393
2014 03 24 15 45 00 1 4797.427
2014 03 24 16 00 00 1 4797.466
2014 03 24 16 15 00 1 4797.497
2014 03 24 16 30 00 1 4797.532
2014 03 24 16 45 00 1 4797.564
2014 03 24 17 00 00 1 4797.597
2014 03 24 17 15 00 1 4797.626
2014 03 24 17 30 00 1 4797.653
2014 03 24 17 45 00 1 4797.679
2014 03 24 18 00 00 1 4797.702
2014 03 24 18 15 00 1 4797.720
2014 03 24 18 30 00 1 4797.739
2014 03 24 18 45 00 1 4797.751
2014 03 24 19 00 00 1 4797.757
2014 03 24 19 15 00 1 4797.763
2014 03 24 19 30 00 1 4797.763
2014 03 24 19 45 00 1 4797.759
2014 03 24 20 00 00 1 4797.750
2014 03 24 20 15 00 1 4797.739
2014 03 24 20 30 00 1 4797.724
2014 03 24 20 45 00 1 4797.702
2014 03 24 21 00 00 1 4797.677
2014 03 24 21 15 00 1 4797.648
2014 03 24 21 30 00 1 4797.618
2014 03 24 21 45 00 1 4797.585
2014 03 24 22 00 00 1 4797.553
2014 03 24 22 15 00 1 4797.519
2014 03 24 22 30 00 1 4797.484
2014 03 24 22 45 00 1 4797.450
2014 03 24 23 00 00 1 4797.416
2014 03 24 23 15 00 1 4797.380
2014 03 24 23 30 00 1 4797.349
2014 03 24 23 45 00 1 4797.318
2014 03 25 00 00 00 1 4797.290
2014 03 25 00 15 00 1 4797.262
2014 03 25 00 30 00 1 4797.236
2014 03 25 00 45 00 1 4797.212
2014 03 25 01 00 00 1 4797.192
2014 03 25 01 15 00 1 4797.173
2014 03 25 01 30 00 1 4797.159
2014 03 25 01 45 00 1 4797.149
2014 03 25 02 00 00 1 4797.140
2014 03 25 02 15 00 1 4797.138
2014 03 25 02 30 00 1 4797.136
2014 03 25 02 45 00 1 4797.138
2014 03 25 03 00 00 1 4797.142
2014 03 25 03 15 00 1 4797.148
2014 03 25 03 30 00 1 4797.161
2014 03 25 03 45 00 1 4797.172
2014 03 25 04 00 00 1 4797.189
2014 03 25 04 15 00 1 4797.206
2014 03 25 04 30 00 1 4797.223
2014 03 25 04 45 00 1 4797.240
2014 03 25 05 00 00 1 4797.261
2014 03 25 05 15 00 1 4797.282
2014 03 25 05 30 00 1 4797.300
2014 03 25 05 45 00 1 4797.320
2014 03 25 06 00 00 1 4797.336
2014 03 25 06 15 00 1 4797.352
2014 03 25 06 30 00 1 4797.366
2014 03 25 06 45 00 1 4797.378
2014 03 25 07 00 00 1 4797.388
2014 03 25 07 15 00 1 4797.396
2014 03 25 07 30 00 1 4797.400
2014 03 25 07 45 00 1 4797.401
2014 03 25 08 00 00 1 4797.404
2014 03 25 08 15 00 1 4797.404
2014 03 25 08 30 00 1 4797.401
2014 03 25 08 45 00 1 4797.397
2014 03 25 09 00 00 1 4797.392
2014 03 25 09 15 00 1 4797.386
2014 03 25 09 30 00 1 4797.375
2014 03 25 09 45 00 1 4797.364
2014 03 25 10 00 00 1 4797.353
2014 03 25 10 15 00 1 4797.338
2014 03 25 10 30 00 1 4797.322
2014 03 25 10 45 00 1 4797.305
2014 03 25 11 00 00 1 4797.288
2014 03 25 11 15 00 1 4797.273
2014 03 25 11 30 00 1 4797.257
2014 03 25 11 45 00 1 4797.243
2014 03 25 12 00 00 1 4797.226
2014 03 25 12 15 00 1 4797.211
2014 03 25 12 30 00 1 4797.199
2014 03 25 12 45 00 1 4797.188
2014 03 25 13 00 00 1 4797.179
2014 03 25 13 15 00 1 4797.170
2014 03 25 13 30 00 1 4797.165
2014 03 25 13 45 00 1 4797.167
2014 03 25 14 00 00 1 4797.168
2014 03 25 14 15 00 1 4797.173
2014 03 25 14 30 00 1 4797.183
2014 03 25 14 45 00 1 4797.196
2014 03 25 15 00 00 1 4797.212
2014 03 25 15 15 00 1 4797.230
2014 03 25 15 30 00 1 4797.252
2014 03 25 15 45 00 1 4797.280
2014 03 25 16 00 00 1 4797.308
2014 03 25 16 15 00 1 4797.339
2014 03 25 16 30 00 1 4797.369
2014 03 25 16 45 00 1 4797.404
2014 03 25 17 00 00 1 4797.439
2014 03 25 17 15 00 1 4797.473
2014 03 25 17 30 00 1 4797.508
2014 03 25 17 45 00 1 4797.542
2014 03 25 18 00 00 1 4797.578
2014 03 25 18 15 00 1 4797.611
2014 03 25 18 30 00 1 4797.643
2014 03 25 18 45 00 1 4797.672
2014 03 25 19 00 00 1 4797.702
2014 03 25 19 15 00 1 4797.726
2014 03 25 19 30 00 1 4797.749
2014 03 25 19 45 00 1 4797.764
2014 03 25 20 00 00 1 4797.777
2014 03 25 20 15 00 1 4797.785
2014 03 25 20 30 00 1 4797.791
2014 03 25 20 45 00 1 4797.787
2014 03 25 21 00 00 1 4797.782
2014 03 25 21 15 00 1 4797.774
2014 03 25 21 30 00 1 4797.759
2014 03 25 21 45 00 1 4797.737
2014 03 25 22 00 00 1 4797.716
2014 03 25 22 15 00 1 4797.689
2014 03 25 22 30 00 1 4797.655
2014 03 25 22 45 00 1 4797.622
2014 03 25 23 00 00 1 4797.587
2014 03 25 23 15 00 1 4797.546
2014 03 25 23 30 00 1 4797.509
2014 03 25 23 45 00 1 4797.470
2014 03 26 00 00 00 1 4797.431
2014 03 26 00 15 00 1 4797.390
2014 03 26 00 30 00 1 4797.352
2014 03 26 00 45 00 1 4797.315
2014 03 26 01 00 00 1 4797.277
2014 03 26 01 15 00 1 4797.241
2014 03 26 01 30 00 1 4797.213
2014 03 26 01 45 00 1 4797.185
2014 03 26 02 00 00 1 4797.160
2014 03 26 02 15 00 1 4797.138
2014 03 26 02 30 00 1 4797.119
2014 03 26 02 45 00 1 4797.103
2014 03 26 03 00 00 1 4797.091
2014 03 26 03 15 00 1 4797.082
2014 03 26 03 30 00 1 4797.076
2014 03 26 03 45 00 1 4797.074
2014 03 26 04 00 00 1 4797.077
2014 03 26 04 15 00 1 4797.084
2014 03 26 04 30 00 1 4797.095
2014 03 26 04 45 00 1 4797.107
2014 03 26 05 00 00 1 4797.123
2014 03 26 05 15 00 1 4797.141
2014 03 26 05 30 00 1 4797.161
2014 03 26 05 45 00 1 4797.182
2014 03 26 06 00 00 1 4797.204
2014 03 26 06 15 00 1 4797.226
2014 03 26 06 30 00 1 4797.252
2014 03 26 06 45 00 1 4797.274
2014 03 26 07 00 00 1 4797.296
2014 03 26 07 15 00 1 4797.318
2014 03 26 07 30 00 1 4797.340
2014 03 26 07 45 00 1 4797.360
2014 03 26 08 00 00 1 4797.377
2014 03 26 08 15 00 1 4797.392
2014 03 26 08 30 00 1 4797.404
2014 03 26 08 45 00 1 4797.416
2014 03 26 09 00 00 1 4797.423
2014 03 26 09 15 00 1 4797.429
2014 03 26 09 30 00 1 4797.433
2014 03 26 09 45 00 1 4797.429
2014 03 26 10 00 00 1 4797.426
2014 03 26 10 15 00 1 4797.421
2014 03 26 10 30 00 1 4797.411
2014 03 26 10 45 00 1 4797.395
2014 03 26 11 00 00 1 4797.380
2014 03 26 11 15 00 1 4797.364
2014 03 26 11 30 00 1 4797.345
2014 03 26 11 45 00 1 4797.325
2014 03 26 12 00 00 1 4797.303
2014 03 26 12 15 00 1 4797.284
2014 03 26 12 30 00 1 4797.261
2014 03 26 12 45 00 1 4797.239
2014 03 26 13 00 00 1 4797.218
2014 03 26 13 15 00 1 4797.201
2014 03 26 13 30 00 1 4797.183
2014 03 26 13 45 00 1 4797.165
2014 03 26 14 00 00 1 4797.153
2014 03 26 14 15 00 1 4797.141
2014 03 26 14 30 00 1 4797.130
2014 03 26 14 45 00 1 4797.124
2014 03 26 15 00 00 1 4797.120
2014 03 26 15 15 00 1 4797.119
2014 03 26 15 30 00 1 4797.122
2014 03 26 15 45 00 1 4797.130
2014 03 26 16 00 00 1 4797.143
2014 03 26 16 15 00 1 4797.157
2014 03 26 16 30 00 1 4797.179
2014 03 26 16 45 00 1 4797.205
2014 03 26 17 00 00 1 4797.235
2014 03 26 17 15 00 1 4797.269
2014 03 26 17 30 00 1 4797.303
2014 03 26 17 45 00 1 4797.342
2014 03 26 18 00 00 1 4797.381
2014 03 26 18 15 00 1 4797.423
2014 03 26 18 30 00 1 4797.464
2014 03 26 18 45 00 1 4797.506
2014 03 26 19 00 00 1 4797.545
2014 03 26 19 15 00 1 4797.583
2014 03 26 19 30 00 1 4797.621
2014 03 26 19 45 00 1 4797.656
2014 03 26 20 00 00 1 4797.691
2014 03 26 20 15 00 1 4797.721
2014 03 26 20 30 00 1 4797.748
2014 03 26 20 45 00 1 4797.768
2014 03 26 21 00 00 1 4797.787
2014 03 26 21 15 00 1 4797.795
2014 03 26 21 30 00 1 4797.804
2014 03 26 21 45 00 1 4797.806
2014 03 26 22 00 00 1 4797.801
2014 03 26 22 15 00 1 4797.791
2014 03 26 22 30 00 1 4797.777
2014 03 26 22 45 00 1 4797.757
2014 03 26 23 00 00 1 4797.732
2014 03 26 23 15 00 1 4797.703
2014 03 26 23 30 00 1 4797.671
2014 03 26 23 45 00 1 4797.635
2014 03 27 00 00 00 1 4797.596
2014 03 27 00 15 00 1 4797.556
2014 03 27 00 30 00 1 4797.511
2014 03 27 00 45 00 1 4797.465
2014 03 27 01 00 00 1 4797.421
2014 03 27 01 15 00 1 4797.373
2014 03 27 01 30 00 1 4797.326
2014 03 27 01 45 00 1 4797.281
2014 03 27 02 00 00 1 4797.236
2014 03 27 02 15 00 1 4797.195
2014 03 27 02 30 00 1 4797.158
2014 03 27 02 45 00 1 4797.122
2014 03 27 03 00 00 1 4797.093
2014 03 27 03 15 00 1 4797.066
2014 03 27 03 30 00 1 4797.042
2014 03 27 03 45 00 1 4797.026
2014 03 27 04 00 00 1 4797.012
2014 03 27 04 15 00 1 4797.005
2014 03 27 04 30 00 1 4797.000
2014 03 27 04 45 00 1 4797.002
2014 03 27 05 00 00 1 4797.008
2014 03 27 05 15 00 1 4797.019
2014 03 27 05 30 00 1 4797.036
2014 03 27 05 45 00 1 4797.055
2014 03 27 06 00 00 1 4797.080
2014 03 27 06 15 00 1 4797.105
2014 03 27 06 30 00 1 4797.134
2014 03 27 06 45 00 1 4797.163
2014 03 27 07 00 00 1 4797.195
2014 03 27 07 15 00 1 4797.230
2014 03 27 07 30 00 1 4797.262
2014 03 27 07 45 00 1 4797.292
2014 03 27 08 00 00 1 4797.323
2014 03 27 08 15 00 1 4797.353
2014 03 27 08 30 00 1 4797.380
2014 03 27 08 45 00 1 4797.406
2014 03 27 09 00 00 1 4797.429
2014 03 27 09 15 00 1 4797.449
2014 03 27 09 30 00 1 4797.469
2014 03 27 09 45 00 1 4797.485
2014 03 27 10 00 00 1 4797.496
2014 03 27 10 15 00 1 4797.502
2014 03 27 10 30 00 1 4797.506
2014 03 27 10 45 00 1 4797.502
2014 03 27 11 00 00 1 4797.496
2014 03 27 11 15 00 1 4797.485
2014 03 27 11 30 00 1 4797.468
2014 03 27 11 45 00 1 4797.450
2014 03 27 12 00 00 1 4797.428
2014 03 27 12 15 00 1 4797.406
2014 03 27 12 30 00 1 4797.379
2014 03 27 12 45 00 1 4797.350
2014 03 27 13 00 00 1 4797.323
2014 03 27 13 15 00 1 4797.294
2014 03 27 13 30 00 1 4797.262
2014 03 27 13 45 00 1 4797.233
2014 03 27 14 00 00 1 4797.204
2014 03 27 14 15 00 1 4797.174
2014 03 27 14 30 00 1 4797.147
2014 03 27 14 45 00 1 4797.122
2014 03 27 15 00 00 1 4797.097
2014 03 27 15 15 00 1 4797.079
2014 03 27 15 30 00 1 4797.062
2014 03 27 15 45 00 1 4797.049
2014 03 27 16 00 00 1 4797.044
2014 03 27 16 15 00 1 4797.041
2014 03 27 16 30 00 1 4797.043
2014 03 27 16 45 00 1 4797.053
2014 03 27 17 00 00 1 4797.065
2014 03 27 17 15 00 1 4797.084
2014 03 27 17 30 00 1 4797.106
2014 03 27 17 45 00 1 4797.135
2014 03 27 18 00 00 1 4797.165
2014 03 27 18 15 00 1 4797.203
2014 03 27 18 30 00 1 4797.243
2014 03 27 18 45 00 1 4797.288
2014 03 27 19 00 00 1 4797.333
2014 03 27 19 15 00 1 4797.382
2014 03 27 19 30 00 1 4797.430
2014 03 27 19 45 00 1 4797.483
2014 03 27 20 00 00 1 4797.530
2014 03 27 20 15 00 1 4797.576
2014 03 27 20 30 00 1 4797.621
2014 03 27 20 45 00 1 4797.662
2014 03 27 21 00 00 1 4797.701
2014 03 27 21 15 00 1 4797.731
2014 03 27 21 30 00 1 4797.763
2014 03 27 21 45 00 1 4797.789
2014 03 27 22 00 00 1 4797.807
2014 03 27 22 15 00 1 4797.819
2014 03 27 22 30 00 1 4797.829
2014 03 27 22 45 00 1 4797.832
2014 03 27 23 00 00 1 4797.827
2014 03 27 23 15 00 1 4797.815
2014 03 27 23 30 00 1 4797.800
2014 03 27 23 45 00 1 4797.776
2014 03 28 00 00 00 1 4797.749
2014 03 28 00 15 00 1 4797.712
2014 03 28 00 30 00 1 4797.674
2014 03 28 00 45 00 1 4797.629
2014 03 28 01 00 00 1 4797.582
2014 03 28 01 15 00 1 4797.530
2014 03 28 01 30 00 1 4797.479
2014 03 28 01 45 00 1 4797.424
2014 03 28 02 00 00 1 4797.373
2014 03 28 02 15 00 1 4797.317
2014 03 28 02 30 00 1 4797.265
2014 03 28 02 45 00 1 4797.214
2014 03 28 03 00 00 1 4797.166
2014 03 28 03 15 00 1 4797.121
2014 03 28 03 30 00 1 4797.079
2014 03 28 03 45 00 1 4797.043
2014 03 28 04 00 00 1 4797.013
2014 03 28 04 15 00 1 4796.985
2014 03 28 04 30 00 1 4796.963
2014 03 28 04 45 00 1 4796.949
2014 03 28 05 00 00 1 4796.938
2014 03 28 05 15 00 1 4796.933
2014 03 28 05 30 00 1 4796.938
2014 03 28 05 45 00 1 4796.948
2014 03 28 06 00 00 1 4796.965
2014 03 28 06 15 00 1 4796.986
2014 03 28 06 30 00 1 4797.014
2014 03 28 06 45 00 1 4797.047
2014 03 28 07 00 00 1 4797.080
2014 03 28 07 15 00 1 4797.119
2014 03 28 07 30 00 1 4797.159
2014 03 28 07 45 00 1 4797.201
2014 03 28 08 00 00 1 4797.243
2014 03 28 08 15 00 1 4797.284
2014 03 28 08 30 00 1 4797.329
2014 03 28 08 45 00 1 4797.371
2014 03 28 09 00 00 1 4797.412
2014 03 28 09 15 00 1 4797.453
2014 03 28 09 30 00 1 4797.490
2014 03 28 09 45 00 1 4797.524
2014 03 28 10 00 00 1 4797.555
2014 03 28 10 15 00 1 4797.579
2014 03 28 10 30 00 1 4797.600
2014 03 28 10 45 00 1 4797.614
2014 03 28 11 00 00 1 4797.624
2014 03 28 11 15 00 1 4797.628
2014 03 28 11 30 00 1 4797.625
2014 03 28 11 45 00 1 4797.616
2014 03 28 12 00 00 1 4797.604
2014 03 28 12 15 00 1 4797.587
2014 03 28 12 30 00 1 4797.564
2014 03 28 12 45 00 1 4797.539
2014 03 28 13 00 00 1 4797.511
2014 03 28 13 15 00 1 4797.475
2014 03 28 13 30 00 1 4797.440
2014 03 28 13 45 00 1 4797.403
2014 03 28 14 00 00 1 4797.363
2014 03 28 14 15 00 1 4797.323
2014 03 28 14 30 00 1 4797.282
2014 03 28 14 45 00 1 4797.241
2014 03 28 15 00 00 1 4797.201
2014 03 28 15 15 00 1 4797.163
2014 03 28 15 30 00 1 4797.126
2014 03 28 15 45 00 1 4797.095
2014 03 28 16 00 00 1 4797.068
2014 03 28 16 15 00 1 4797.042
2014 03 28 16 30 00 1 4797.023
2014 03 28 16 45 00 1 4797.011
2014 03 28 17 00 00 1 4797.004
2014 03 28 17 15 00 1 4797.002
2014 03 28 17 30 00 1 4797.005
2014 03 28 17 45 00 1 4797.016
2014 03 28 18 00 00 1 4797.031
2014 03 28 18 15 00 1 4797.054
2014 03 28 18 30 00 1 4797.082
2014 03 28 18 45 00 1 4797.116
2014 03 28 19 00 00 1 4797.154
2014 03 28 19 15 00 1 4797.200
2014 03 28 19 30 00 1 4797.247
2014 03 28 19 45 00 1 4797.297
2014 03 28 20 00 00 1 4797.355
2014 03 28 20 15 00 1 4797.410
2014 03 28 20 30 00 1 4797.465
2014 03 28 20 45 00 1 4797.523
2014 03 28 21 00 00 1 4797.580
2014 03 28 21 15 00 1 4797.632
2014 03 28 21 30 00 1 4797.680
2014 03 28 21 45 00 1 4797.727
2014 03 28 22 00 00 1 4797.770
2014 03 28 22 15 00 1 4797.807
2014 03 28 22 30 00 1 4797.840
2014 03 28 22 45 00 1 4797.863
2014 03 28 23 00 00 1 4797.883
2014 03 28 23 15 00 1 4797.893
2014 03 28 23 30 00 1 4797.896
2014 03 28 23 45 00 1 4797.892
2014 03 29 00 00 00 1 4797.882
2014 03 29 00 15 00 1 4797.863
2014 03 29 00 30 00 1 4797.838
2014 03 29 00 45 00 1 4797.806
2014 03 29 01 00 00 1 4797.769
2014 03 29 01 15 00 1 4797.724
2014 03 29 01 30 00 1 4797.673
2014 03 29 01 45 00 1 4797.620
2014 03 29 02 00 00 1 4797.564
2014 03 29 02 15 00 1 4797.504
2014 03 29 02 30 00 1 4797.443
2014 03 29 02 45 00 1 4797.379
2014 03 29 03 00 00 1 4797.318
2014 03 29 03 15 00 1 4797.257
2014 03 29 03 30 00 1 4797.199
2014 03 29 03 45 00 1 4797.144
2014 03 29 04 00 00 1 4797.093
2014 03 29 04 15 00 1 4797.047
2014 03 29 04 30 00 1 4797.005
2014 03 29 04 45 00 1 4796.968
2014 03 29 05 00 00 1 4796.939
2014 03 29 05 15 00 1 4796.917
2014 03 29 05 30 00 1 4796.897
2014 03 29 05 45 00 1 4796.889
2014 03 29 06 00 00 1 4796.889
2014 03 29 06 15 00 1 4796.893
2014 03 29 06 30 00 1 4796.905
2014 03 29 06 45 00 1 4796.925
2014 03 29 07 00 00 1 4796.950
2014 03 29 07 15 00 1 4796.983
2014 03 29 07 30 00 1 4797.023
2014 03 29 07 45 00 1 4797.066
2014 03 29 08 00 00 1 4797.113
2014 03 29 08 15 00 1 4797.162
2014 03 29 08 30 00 1 4797.214
2014 03 29 08 45 00 1 4797.270
2014 03 29 09 00 00 1 4797.324
2014 03 29 09 15 00 1 4797.376
2014 03 29 09 30 00 1 4797.430
2014 03 29 09 45 00 1 4797.479
2014 03 29 10 00 00 1 4797.526
2014 03 29 10 15 00 1 4797.571
2014 03 29 10 30 00 1 4797.613
2014 03 29 10 45 00 1 4797.647
2014 03 29 11 00 00 1 4797.676
2014 03 29 11 15 00 1 4797.701
2014 03 29 11 30 00 1 4797.721
2014 03 29 11 45 00 1 4797.729
2014 03 29 12 00 00 1 4797.732
2014 03 29 12 15 00 1 4797.730
2014 03 29 12 30 00 1 4797.721
2014 03 29 12 45 00 1 4797.704
2014 03 29 13 00 00 1 4797.682
2014 03 29 13 15 00 1 4797.654
2014 03 29 13 30 00 1 4797.621
2014 03 29 13 45 00 1 4797.585
2014 03 29 14 00 00 1 4797.543
2014 03 29 14 15 00 1 4797.499
2014 03 29 14 30 00 1 4797.452
2014 03 29 14 45 00 1 4797.401
2014 03 29 15 00 00 1 4797.352
2014 03 29 15 15 00 1 4797.301
2014 03 29 15 30 00 1 4797.248
2014 03 29 15 45 00 1 4797.200
2014 03 29 16 00 00 1 4797.152
2014 03 29 16 15 00 1 4797.108
2014 03 29 16 30 00 1 4797.066
2014 03 29 16 45 00 1 4797.030
2014 03 29 17 00 00 1 4796.999
2014 03 29 17 15 00 1 4796.974
2014 03 29 17 30 00 1 4796.955
2014 03 29 17 45 00 1 4796.942
2014 03 29 18 00 00 1 4796.936
2014 03 29 18 15 00 1 4796.936
2014 03 29 18 30 00 1 4796.945
2014 03 29 18 45 00 1 4796.960
2014 03 29 19 00 00 1 4796.983
2014 03 29 19 15 00 1 4797.013
2014 03 29 19 30 00 1 4797.049
2014 03 29 19 45 00 1 4797.091
2014 03 29 20 00 00 1 4797.138
2014 03 29 20 15 00 1 4797.190
2014 03 29 20 30 00 1 4797.243
2014 03 29 20 45 00 1 4797.302
2014 03 29 21 00 00 1 4797.361
2014 03 29 21 15 00 1 4797.420
2014 03 29 21 30 00 1 4797.482
2014 03 29 21 45 00 1 4797.546
2014 03 29 22 00 00 1 4797.603
2014 03 29 22 15 00 1 4797.658
2014 03 29 22 30 00 1 4797.712
2014 03 29 22 45 00 1 4797.758
2014 03 29 23 00 00 1 4797.801
2014 03 29 23 15 00 1 4797.834
2014 03 29 23 30 00 1 4797.861
2014 03 29 23 45 00 1 4797.880
2014 03 30 00 00 00 1 4797.894
2014 03 30 00 15 00 1 4797.899
2014 03 30 00 30 00 1 4797.896
2014 03 30 00 45 00 1 4797.886
2014 03 30 01 00 00 1 4797.864
2014 03 30 01 15 00 1 4797.838
2014 03 30 01 30 00 1 4797.805
2014 03 30 01 45 00 1 4797.765
2014 03 30 02 00 00 1 4797.717
2014 03 30 02 15 00 1 4797.666
2014 03 30 02 30 00 1 4797.610
2014 03 30 02 45 00 1 4797.551
2014 03 30 03 00 00 1 4797.486
2014 03 30 03 15 00 1 4797.420
2014 03 30 03 30 00 1 4797.354
2014 03 30 03 45 00 1 4797.287
2014 03 30 04 00 00 1 4797.222
2014 03 30 04 15 00 1 4797.159
2014 03 30 04 30 00 1 4797.100
2014 03 30 04 45 00 1 4797.044
2014 03 30 05 00 00 1 4796.994
2014 03 30 05 15 00 1 4796.951
2014 03 30 05 30 00 1 4796.916
2014 03 30 05 45 00 1 4796.886
2014 03 30 06 00 00 1 4796.865
2014 03 30 06 15 00 1 4796.850
2014 03 30 06 30 00 1 4796.846
2014 03 30 06 45 00 1 4796.849
2014 03 30 07 00 00 1 4796.857
2014 03 30 07 15 00 1 4796.873
2014 03 30 07 30 00 1 4796.896
2014 03 30 07 45 00 1 4796.926
2014 03 30 08 00 00 1 4796.962
2014 03 30 08 15 00 1 4797.007
2014 03 30 08 30 00 1 4797.054
2014 03 30 08 45 00 1 4797.111
2014 03 30 09 00 00 1 4797.170
2014 03 30 09 15 00 1 4797.227
2014 03 30 09 30 00 1 4797.289
2014 03 30 09 45 00 1 4797.353
2014 03 30 10 00 00 1 4797.416
2014 03 30 10 15 00 1 4797.477
2014 03 30 10 30 00 1 4797.537
2014 03 30 10 45 00 1 4797.593
2014 03 30 11 00 00 1 4797.645
2014 03 30 11 15 00 1 4797.692
2014 03 30 11 30 00 1 4797.734
2014 03 30 11 45 00 1 4797.768
2014 03 30 12 00 00 1 4797.794
2014 03 30 12 15 00 1 4797.813
2014 03 30 12 30 00 1 4797.825
2014 03 30 12 45 00 1 4797.830
2014 03 30 13 00 00 1 4797.828
2014 03 30 13 15 00 1 4797.818
2014 03 30 13 30 00 1 4797.801
2014 03 30 13 45 00 1 4797.779
2014 03 30 14 00 00 1 4797.750
2014 03 30 14 15 00 1 4797.713
2014 03 30 14 30 00 1 4797.672
2014 03 30 14 45 00 1 4797.626
2014 03 30 15 00 00 1 4797.577
2014 03 30 15 15 00 1 4797.523
2014 03 30 15 30 00 1 4797.468
2014 03 30 15 45 00 1 4797.409
2014 03 30 16 00 00 1 4797.352
2014 03 30 16 15 00 1 4797.295
2014 03 30 16 30 00 1 4797.237
2014 03 30 16 45 00 1 4797.181
2014 03 30 17 00 00 1 4797.129
2014 03 30 17 15 00 1 4797.084
2014 03 30 17 30 00 1 4797.040
2014 03 30 17 45 00 1 4797.001
2014 03 30 18 00 00 1 4796.969
2014 03 30 18 15 00 1 4796.943
2014 03 30 18 30 00 1 4796.924
2014 03 30 18 45 00 1 4796.910
2014 03 30 19 00 00 1 4796.905
2014 03 30 19 15 00 1 4796.910
2014 03 30 19 30 00 1 4796.922
2014 03 30 19 45 00 1 4796.941
2014 03 30 20 00 00 1 4796.965
2014 03 30 20 15 00 1 4797.001
2014 03 30 20 30 00 1 4797.041
2014 03 30 20 45 00 1 4797.086
2014 03 30 21 00 00 1 4797.137
2014 03 30 21 15 00 1 4797.195
2014 03 30 21 30 00 1 4797.253
2014 03 30 21 45 00 1 4797.315
2014 03 30 22 00 00 1 4797.377
2014 03 30 22 15 00 1 4797.439
2014 03 30 22 30 00 1 4797.502
2014 03 30 22 45 00 1 4797.564
2014 03 30 23 00 00 1 4797.621
2014 03 30 23 15 00 1 4797.677
2014 03 30 23 30 00 1 4797.728
2014 03 30 23 45 00 1 4797.769
2014 03 31 00 00 00 1 4797.807
2014 03 31 00 15 00 1 4797.836
2014 03 31 00 30 00 1 4797.856
2014 03 31 00 45 00 1 4797.868
2014 03 31 01 00 00 1 4797.875
2014 03 31 01 15 00 1 4797.874
2014 03 31 01 30 00 1 4797.862
2014 03 31 01 45 00 1 4797.845
2014 03 31 02 00 00 1 4797.817
2014 03 31 02 15 00 1 4797.783
2014 03 31 02 30 00 1 4797.742
2014 03 31 02 45 00 1 4797.694
2014 03 31 03 00 00 1 4797.642
2014 03 31 03 15 00 1 4797.587
2014 03 31 03 30 00 1 4797.523
2014 03 31 03 45 00 1 4797.459
2014 03 31 04 00 00 1 4797.393
2014 03 31 04 15 00 1 4797.328
2014 03 31 04 30 00 1 4797.262
2014 03 31 04 45 00 1 4797.199
2014 03 31 05 00 00 1 4797.138
2014 03 31 05 15 00 1 4797.079
2014 03 31 05 30 00 1 4797.027
2014 03 31 05 45 00 1 4796.976
2014 03 31 06 00 00 1 4796.933
2014 03 31 06 15 00 1 4796.896
2014 03 31 06 30 00 1 4796.866
2014 03 31 06 45 00 1 4796.846
2014 03 31 07 00 00 1 4796.829
2014 03 31 07 15 00 1 4796.824
2014 03 31 07 30 00 1 4796.824
2014 03 31 07 45 00 1 4796.833
2014 03 31 08 00 00 1 4796.852
2014 03 31 08 15 00 1 4796.878
2014 03 31 08 30 00 1 4796.910
2014 03 31 08 45 00 1 4796.950
2014 03 31 09 00 00 1 4797.000
2014 03 31 09 15 00 1 4797.055
2014 03 31 09 30 00 1 4797.114
2014 03 31 09 45 00 1 4797.178
2014 03 31 10 00 00 1 4797.245
2014 03 31 10 15 00 1 4797.314
2014 03 31 10 30 00 1 4797.383
2014 03 31 10 45 00 1 4797.449
2014 03 31 11 00 00 1 4797.514
2014 03 31 11 15 00 1 4797.576
2014 03 31 11 30 00 1 4797.637
2014 03 31 11 45 00 1 4797.688
2014 03 31 12 00 00 1 4797.736
2014 03 31 12 15 00 1 4797.777
2014 03 31 12 30 00 1 4797.814
2014 03 31 12 45 00 1 4797.841
2014 03 31 13 00 00 1 4797.861
2014 03 31 13 15 00 1 4797.875
2014 03 31 13 30 00 1 4797.881
2014 03 31 13 45 00 1 4797.876
2014 03 31 14 00 00 1 4797.867
2014 03 31 14 15 00 1 4797.850
2014 03 31 14 30 00 1 4797.825
2014 03 31 14 45 00 1 4797.794
2014 03 31 15 00 00 1 4797.756
2014 03 31 15 15 00 1 4797.711
2014 03 31 15 30 00 1 4797.662
2014 03 31 15 45 00 1 4797.610
2014 03 31 16 00 00 1 4797.551
2014 03 31 16 15 00 1 4797.493
2014 03 31 16 30 00 1 4797.428
2014 03 31 16 45 00 1 4797.367
2014 03 31 17 00 00 1 4797.305
2014 03 31 17 15 00 1 4797.243
2014 03 31 17 30 00 1 4797.185
2014 03 31 17 45 00 1 4797.128
2014 03 31 18 00 00 1 4797.077
2014 03 31 18 15 00 1 4797.028
2014 03 31 18 30 00 1 4796.987
2014 03 31 18 45 00 1 4796.950
2014 03 31 19 00 00 1 4796.917
2014 03 31 19 15 00 1 4796.897
2014 03 31 19 30 00 1 4796.884
2014 03 31 19 45 00 1 4796.873
2014 03 31 20 00 00 1 4796.874
2014 03 31 20 15 00 1 4796.883
2014 03 31 20 30 00 1 4796.898
2014 03 31 20 45 00 1 4796.920
2014 03 31 21 00 00 1 4796.951
2014 03 31 21 15 00 1 4796.987
2014 03 31 21 30 00 1 4797.031
2014 03 31 21 45 00 1 4797.081
2014 03 31 22 00 00 1 4797.133
2014 03 31 22 15 00 1 4797.191
2014 03 31 22 30 00 1 4797.250
2014 03 31 22 45 00 1 4797.312
2014 03 31 23 00 00 1 4797.375
2014 03 31 23 15 00 1 4797.437
2014 03 31 23 30 00 1 4797.496
2014 03 31 23 45 00 1 4797.551
2014 04 01 00 00 00 1 4797.607
2014 04 01 00 15 00 1 4797.653
2014 04 01 00 30 00 1 4797.694
2014 04 01 00 45 00 1 4797.732
2014 04 01 01 00 00 1 4797.762
2014 04 01 01 15 00 1 4797.785
2014 04 01 01 30 00 1 4797.796
2014 04 01 01 45 00 1 4797.804
2014 04 01 02 00 00 1 4797.803
2014 04 01 02 15 00 1 4797.793
2014 04 01 02 30 00 1 4797.772
2014 04 01 02 45 00 1 4797.748
2014 04 01 03 00 00 1 4797.713
2014 04 01 03 15 00 1 4797.675
2014 04 01 03 30 00 1 4797.629
2014 04 01 03 45 00 1 4797.579
2014 04 01 04 00 00 1 4797.523
2014 04 01 04 15 00 1 4797.466
2014 04 01 04 30 00 1 4797.404
2014 04 01 04 45 00 1 4797.342
2014 04 01 05 00 00 1 4797.280
2014 04 01 05 15 00 1 4797.218
2014 04 01 05 30 00 1 4797.156
2014 04 01 05 45 00 1 4797.099
2014 04 01 06 00 00 1 4797.044
2014 04 01 06 15 00 1 4796.994
2014 04 01 06 30 00 1 4796.948
2014 04 01 06 45 00 1 4796.908
2014 04 01 07 00 00 1 4796.877
2014 04 01 07 15 00 1 4796.852
2014 04 01 07 30 00 1 4796.837
2014 04 01 07 45 00 1 4796.825
2014 04 01 08 00 00 1 4796.825
2014 04 01 08 15 00 1 4796.829
2014 04 01 08 30 00 1 4796.847
2014 04 01 08 45 00 1 4796.872
2014 04 01 09 00 00 1 4796.904
2014 04 01 09 15 00 1 4796.942
2014 04 01 09 30 00 1 4796.987
2014 04 01 09 45 00 1 4797.036
2014 04 01 10 00 00 1 4797.091
2014 04 01 10 15 00 1 4797.148
2014 04 01 10 30 00 1 4797.214
2014 04 01 10 45 00 1 4797.279
2014 04 01 11 00 00 1 4797.347
2014 04 01 11 15 00 1 4797.416
2014 04 01 11 30 00 1 4797.483
2014 04 01 11 45 00 1 4797.547
2014 04 01 12 00 00 1 4797.612
2014 04 01 12 15 00 1 4797.670
2014 04 01 12 30 00 1 4797.727
2014 04 01 12 45 00 1 4797.774
2014 04 01 13 00 00 1 4797.820
2014 04 01 13 15 00 1 4797.858
2014 04 01 13 30 00 1 4797.885
2014 04 01 13 45 00 1 4797.911
2014 04 01 14 00 00 1 4797.927
2014 04 01 14 15 00 1 4797.935
2014 04 01 14 30 00 1 4797.932
2014 04 01 14 45 00 1 4797.921
2014 04 01 15 00 00 1 4797.903
2014 04 01 15 15 00 1 4797.877
2014 04 01 15 30 00 1 4797.842
2014 04 01 15 45 00 1 4797.802
2014 04 01 16 00 00 1 4797.758
2014 04 01 16 15 00 1 4797.708
2014 04 01 16 30 00 1 4797.653
2014 04 01 16 45 00 1 4797.598
2014 04 01 17 00 00 1 4797.539
2014 04 01 17 15 00 1 4797.476
2014 04 01 17 30 00 1 4797.415
2014 04 01 17 45 00 1 4797.353
2014 04 01 18 00 00 1 4797.291
2014 04 01 18 15 00 1 4797.228
2014 04 01 18 30 00 1 4797.172
2014 04 01 18 45 00 1 4797.116
2014 04 01 19 00 00 1 4797.067
2014 04 01 19 15 00 1 4797.022
2014 04 01 19 30 00 1 4796.984
2014 04 01 19 45 00 1 4796.955
2014 04 01 20 00 00 1 4796.929
2014 04 01 20 15 00 1 4796.912
2014 04 01 20 30 00 1 4796.902
2014 04 01 20 45 00 1 4796.897
2014 04 01 21 00 00 1 4796.906
2014 04 01 21 15 00 1 4796.918
2014 04 01 21 30 00 1 4796.934
2014 04 01 21 45 00 1 4796.957
2014 04 01 22 00 00 1 4796.992
2014 04 01 22 00 00 2 4796.993
2014 04 01 22 01 00 2 4796.995
2014 04 01 22 02 00 2 4796.996
2014 04 01 22 03 00 2 4797.000
2014 04 01 22 04 00 2 4797.001
2014 04 01 22 05 00 2 4797.004
2014 04 01 22 06 00 2 4797.005
2014 04 01 22 07 00 2 4797.008
2014 04 01 22 08 00 2 4797.010
2014 04 01 22 09 00 2 4797.014
2014 04 01 22 10 00 2 4797.017
2014 04 01 22 11 00 2 4797.016
2014 04 01 22 12 00 2 4797.020
2014 04 01 22 13 00 2 4797.023
2014 04 01 22 14 00 2 4797.023
2014 04 01 22 15 00 1 4797.024
2014 04 01 22 15 00 2 4797.027
2014 04 01 22 16 00 2 4797.030
2014 04 01 22 17 00 2 4797.032
2014 04 01 22 18 00 2 4797.034
2014 04 01 22 19 00 2 4797.037
2014 04 01 22 20 00 2 4797.040
2014 04 01 22 21 00 2 4797.042
2014 04 01 22 22 00 2 4797.045
2014 04 01 22 23 00 2 4797.046
2014 04 01 22 24 00 2 4797.050
2014 04 01 22 25 00 2 4797.053
2014 04 01 22 26 00 2 4797.056
2014 04 01 22 27 00 2 4797.058
2014 04 01 22 28 00 2 4797.060
2014 04 01 22 29 00 2 4797.063
2014 04 01 22 30 00 1 4797.067
2014 04 01 22 30 00 2 4797.068
2014 04 01 22 31 00 2 4797.070
2014 04 01 22 32 00 2 4797.073
2014 04 01 22 33 00 2 4797.076
2014 04 01 22 34 00 2 4797.078
2014 04 01 22 35 00 2 4797.083
2014 04 01 22 36 00 2 4797.087
2014 04 01 22 37 00 2 4797.088
2014 04 01 22 38 00 2 4797.094
2014 04 01 22 39 00 2 4797.095
2014 04 01 22 40 00 2 4797.099
2014 04 01 22 41 00 2 4797.102
2014 04 01 22 42 00 2 4797.105
2014 04 01 22 43 00 2 4797.108
2014 04 01 22 44 00 2 4797.112
2014 04 01 22 45 00 1 4797.115
2014 04 01 22 45 00 2 4797.117
2014 04 01 22 46 00 2 4797.118
2014 04 01 22 47 00 2 4797.122
2014 04 01 22 48 00 2 4797.126
2014 04 01 22 49 00 2 4797.128
2014 04 01 22 50 00 2 4797.132
2014 04 01 22 51 00 2 4797.135
2014 04 01 22 52 00 2 4797.138
2014 04 01 22 53 00 2 4797.142
2014 04 01 22 54 00 2 4797.145
2014 04 01 22 55 00 2 4797.148
2014 04 01 22 56 00 2 4797.150
2014 04 01 22 57 00 2 4797.155
2014 04 01 22 58 00 2 4797.159
2014 04 01 22 59 00 2 4797.161
2014 04 01 23 00 00 1 4797.163
2014 04 01 23 00 00 2 4797.165
2014 04 01 23 01 00 2 4797.168
2014 04 01 23 02 00 2 4797.171
2014 04 01 23 03 00 2 4797.174
2014 04 01 23 04 00 2 4797.178
2014 04 01 23 05 00 2 4797.181
2014 04 01 23 06 00 2 4797.185
2014 04 01 23 07 00 2 4797.186
2014 04 01 23 08 00 2 4797.191
2014 04 01 23 09 00 2 4797.194
2014 04 01 23 10 00 2 4797.199
2014 04 01 23 11 00 2 4797.202
2014 04 01 23 12 00 2 4797.204
2014 04 01 23 13 00 2 4797.208
2014 04 01 23 14 00 2 4797.213
2014 04 01 23 15 00 1 9999.000
2014 04 01 23 15 00 2 4797.216
2014 04 01 23 16 00 2 4797.220
2014 04 01 23 17 00 2 4797.225
2014 04 01 23 18 00 2 4797.227
2014 04 01 23 19 00 2 4797.232
2014 04 01 23 20 00 2 4797.234
2014 04 01 23 21 00 2 4797.238
2014 04 01 23 22 00 2 4797.243
2014 04 01 23 23 00 2 4797.246
2014 04 01 23 24 00 2 4797.249
2014 04 01 23 25 00 2 4797.253
2014 04 01 23 26 00 2 4797.257
2014 04 01 23 27 00 2 4797.260
2014 04 01 23 28 00 2 4797.262
2014 04 01 23 29 00 2 4797.268
2014 04 01 23 30 00 1 9999.000
2014 04 01 23 30 00 2 4797.271
2014 04 01 23 31 00 2 4797.274
2014 04 01 23 32 00 2 4797.278
2014 04 01 23 33 00 2 4797.282
2014 04 01 23 34 00 2 4797.286
2014 04 01 23 35 00 2 4797.289
2014 04 01 23 36 00 2 4797.292
2014 04 01 23 37 00 2 4797.296
2014 04 01 23 38 00 2 4797.300
2014 04 01 23 39 00 2 4797.304
2014 04 01 23 40 00 2 4797.306
2014 04 01 23 41 00 2 4797.310
2014 04 01 23 42 00 2 4797.315
2014 04 01 23 43 00 2 4797.317
2014 04 01 23 44 00 2 4797.321
2014 04 01 23 45 00 1 9999.000
2014 04 01 23 45 00 2 4797.325
2014 04 01 23 46 00 2 4797.328
2014 04 01 23 47 00 2 4797.328
2014 04 01 23 47 30 3 4797.328
2014 04 01 23 47 45 3 4797.321
2014 04 01 23 48 00 2 4797.368
2014 04 01 23 48 00 3 4797.254
2014 04 01 23 48 15 3 4797.377
2014 04 01 23 48 30 3 4797.305
2014 04 01 23 48 45 3 4797.536
2014 04 01 23 49 00 2 4797.220
2014 04 01 23 49 00 3 4797.638
2014 04 01 23 49 15 3 4796.647
2014 04 01 23 49 30 3 4797.258
2014 04 01 23 49 45 3 4797.337
2014 04 01 23 50 00 2 4797.534
2014 04 01 23 50 00 3 4797.887
2014 04 01 23 50 15 3 4797.668
2014 04 01 23 50 30 3 4797.190
2014 04 01 23 50 45 3 4797.392
2014 04 01 23 51 00 2 4797.238
2014 04 01 23 51 00 3 4796.536
2014 04 01 23 51 15 3 4797.522
2014 04 01 23 52 00 2 4797.430
2014 04 01 23 53 00 2 4797.269
2014 04 01 23 54 00 2 4797.373
2014 04 01 23 55 00 2 4797.330
2014 04 01 23 56 00 2 4797.359
2014 04 01 23 57 00 2 4797.400
2014 04 01 23 58 00 2 4797.335
2014 04 01 23 59 00 2 4797.426
2014 04 02 00 00 00 1 9999.000
2014 04 02 00 00 00 2 4797.320
2014 04 02 00 00 15 2 4797.320
2014 04 02 00 01 00 2 4797.457
2014 04 02 00 01 15 2 4797.457
2014 04 02 00 02 00 2 4797.336
2014 04 02 00 02 15 2 4797.336
2014 04 02 00 03 00 2 4797.426
2014 04 02 00 03 15 2 4797.426
2014 04 02 00 04 00 2 4797.379
2014 04 02 00 04 15 2 4797.379
2014 04 02 00 05 00 2 4797.432
2014 04 02 00 05 15 2 4797.432
2014 04 02 00 06 00 2 4797.423
2014 04 02 00 06 15 2 4797.423
2014 04 02 00 07 00 2 4797.502
2014 04 02 00 07 15 2 4797.502
2014 04 02 00 08 00 2 4797.610
2014 04 02 00 08 15 2 4797.610
2014 04 02 00 09 00 2 4797.665
2014 04 02 00 09 15 2 4797.665
2014 04 02 00 10 00 2 4797.630
2014 04 02 00 10 15 2 4797.630
2014 04 02 00 11 00 2 4797.496
2014 04 02 00 11 15 2 4797.496
2014 04 02 00 12 00 2 4797.371
2014 04 02 00 12 15 2 4797.371
2014 04 02 00 13 00 2 4797.329
2014 04 02 00 13 15 2 4797.329
2014 04 02 00 14 00 2 4797.335
2014 04 02 00 14 15 2 4797.335
2014 04 02 00 15 00 1 9999.000
2014 04 02 00 15 00 2 4797.382
2014 04 02 00 15 15 2 4797.382
2014 04 02 00 16 00 2 4797.329
2014 04 02 00 16 15 2 4797.329
2014 04 02 00 17 00 2 4797.409
2014 04 02 00 17 15 2 4797.409
2014 04 02 00 18 00 2 4797.385
2014 04 02 00 18 15 2 4797.385
2014 04 02 00 19 00 2 4797.396
2014 04 02 00 19 15 2 4797.396
2014 04 02 00 20 00 2 4797.379
2014 04 02 00 20 15 2 4797.379
2014 04 02 00 21 00 2 4797.405
2014 04 02 00 21 15 2 4797.405
2014 04 02 00 22 00 2 4797.469
2014 04 02 00 22 15 2 4797.469
2014 04 02 00 23 00 2 4797.452
2014 04 02 00 23 15 2 4797.452
2014 04 02 00 24 00 2 4797.462
2014 04 02 00 24 15 2 4797.462
2014 04 02 00 25 00 2 4797.500
2014 04 02 00 25 15 2 4797.500
2014 04 02 00 26 00 2 4797.467
2014 04 02 00 26 15 2 4797.467
2014 04 02 00 27 00 2 4797.487
2014 04 02 00 27 15 2 4797.487
2014 04 02 00 28 00 2 4797.498
2014 04 02 00 28 15 2 4797.498
2014 04 02 00 29 00 2 4797.490
2014 04 02 00 29 15 2 4797.490
2014 04 02 00 30 00 1 9999.000
2014 04 02 00 30 00 2 4797.496
2014 04 02 00 30 15 2 4797.496
2014 04 02 00 31 00 2 4797.487
2014 04 02 00 31 15 2 4797.487
2014 04 02 00 32 00 2 4797.500
2014 04 02 00 32 15 2 4797.500
2014 04 02 00 33 00 2 4797.489
2014 04 02 00 33 15 2 4797.489
2014 04 02 00 34 00 2 4797.495
2014 04 02 00 34 15 2 4797.495
2014 04 02 00 35 00 2 4797.492
2014 04 02 00 35 15 2 4797.492
2014 04 02 00 36 00 2 4797.497
2014 04 02 00 36 15 2 4797.497
2014 04 02 00 37 00 2 4797.529
2014 04 02 00 37 15 2 4797.529
2014 04 02 00 38 00 2 4797.531
2014 04 02 00 38 15 2 4797.531
2014 04 02 00 39 00 2 4797.540
2014 04 02 00 39 15 2 4797.540
2014 04 02 00 40 00 2 4797.550
2014 04 02 00 40 15 2 4797.550
2014 04 02 00 41 00 2 4797.544
2014 04 02 00 41 15 2 4797.544
2014 04 02 00 42 00 2 4797.528
2014 04 02 00 42 15 2 4797.528
2014 04 02 00 43 00 2 4797.496
2014 04 02 00 43 15 2 4797.496
2014 04 02 00 44 00 2 4797.498
2014 04 02 00 44 15 2 4797.498
2014 04 02 00 45 00 1 9999.000
2014 04 02 00 45 00 2 4797.486
2014 04 02 00 45 15 2 4797.486
2014 04 02 00 46 00 2 4797.488
2014 04 02 00 46 15 2 4797.488
2014 04 02 00 47 00 2 4797.476
2014 04 02 00 47 15 2 4797.476
2014 04 02 00 48 00 2 4797.468
2014 04 02 00 48 15 2 4797.468
2014 04 02 00 49 00 2 4797.452
2014 04 02 00 49 15 2 4797.452
2014 04 02 00 50 00 2 4797.458
2014 04 02 00 50 15 2 4797.458
2014 04 02 00 51 00 2 4797.487
2014 04 02 00 51 15 2 4797.487
2014 04 02 00 52 00 2 4797.527
2014 04 02 00 52 15 2 4797.527
2014 04 02 00 53 00 2 4797.572
2014 04 02 00 53 15 2 4797.572
2014 04 02 00 54 00 2 4797.594
2014 04 02 00 54 15 2 4797.594
2014 04 02 00 55 00 2 4797.619
2014 04 02 00 55 15 2 4797.619
2014 04 02 00 56 00 2 4797.617
2014 04 02 00 56 15 2 4797.617
2014 04 02 00 57 00 2 4797.606
2014 04 02 00 57 15 2 4797.606
2014 04 02 00 58 00 2 4797.584
2014 04 02 00 58 15 2 4797.584
2014 04 02 00 59 00 2 4797.574
2014 04 02 00 59 15 2 4797.574
2014 04 02 01 00 00 1 9999.000
2014 04 02 01 00 00 2 4797.566
2014 04 02 01 00 15 2 4797.566
2014 04 02 01 01 00 2 4797.560
2014 04 02 01 01 15 2 4797.560
2014 04 02 01 02 00 2 4797.569
2014 04 02 01 02 15 2 4797.569
2014 04 02 01 03 00 2 4797.568
2014 04 02 01 03 15 2 4797.568
2014 04 02 01 04 00 2 4797.571
2014 04 02 01 04 15 2 4797.571
2014 04 02 01 05 00 2 4797.574
2014 04 02 01 05 15 2 4797.574
2014 04 02 01 06 00 2 4797.570
2014 04 02 01 06 15 2 4797.570
2014 04 02 01 07 00 2 4797.565
2014 04 02 01 07 15 2 4797.565
2014 04 02 01 08 00 2 4797.564
2014 04 02 01 08 15 2 4797.564
2014 04 02 01 09 00 2 4797.562
2014 04 02 01 09 15 2 4797.562
2014 04 02 01 10 00 2 4797.579
2014 04 02 01 10 15 2 4797.579
2014 04 02 01 11 00 2 4797.577
2014 04 02 01 11 15 2 4797.577
2014 04 02 01 12 00 2 4797.569
2014 04 02 01 12 15 2 4797.569
2014 04 02 01 13 00 2 4797.579
2014 04 02 01 13 15 2 4797.579
2014 04 02 01 14 00 2 4797.606
2014 04 02 01 14 15 2 4797.606
2014 04 02 01 15 00 1 9999.000
2014 04 02 01 15 00 2 4797.632
2014 04 02 01 15 15 2 4797.632
2014 04 02 01 16 00 2 4797.652
2014 04 02 01 16 15 2 4797.652
2014 04 02 01 17 00 2 4797.660
2014 04 02 01 17 15 2 4797.660
2014 04 02 01 18 00 2 4797.664
2014 04 02 01 18 15 2 4797.664
2014 04 02 01 19 00 2 4797.666
2014 04 02 01 19 15 2 4797.666
2014 04 02 01 20 00 2 4797.652
2014 04 02 01 20 15 2 4797.652
2014 04 02 01 21 00 2 4797.630
2014 04 02 01 21 15 2 4797.630
2014 04 02 01 22 00 2 4797.608
2014 04 02 01 22 15 2 4797.608
2014 04 02 01 23 00 2 4797.593
2014 04 02 01 23 15 2 4797.593
2014 04 02 01 24 00 2 4797.582
2014 04 02 01 24 15 2 4797.582
2014 04 02 01 25 00 2 4797.579
2014 04 02 01 25 15 2 4797.579
2014 04 02 01 26 00 2 4797.580
2014 04 02 01 26 15 2 4797.580
2014 04 02 01 27 00 2 4797.585
2014 04 02 01 27 15 2 4797.585
2014 04 02 01 28 00 2 4797.588
2014 04 02 01 28 15 2 4797.588
2014 04 02 01 29 00 2 4797.587
2014 04 02 01 29 15 2 4797.587
2014 04 02 01 30 00 1 9999.000
2014 04 02 01 30 00 2 4797.590
2014 04 02 01 30 15 2 4797.590
2014 04 02 01 31 00 2 4797.593
2014 04 02 01 31 15 2 4797.593
2014 04 02 01 32 00 2 4797.610
2014 04 02 01 32 15 2 4797.610
2014 04 02 01 33 00 2 4797.633
2014 04 02 01 33 15 2 4797.633
2014 04 02 01 34 00 2 4797.645
2014 04 02 01 34 15 2 4797.645
2014 04 02 01 35 00 2 4797.646
2014 04 02 01 35 15 2 4797.646
2014 04 02 01 36 00 2 4797.642
2014 04 02 01 36 15 2 4797.642
2014 04 02 01 37 00 2 4797.639
2014 04 02 01 37 15 2 4797.639
2014 04 02 01 38 00 2 4797.642
2014 04 02 01 38 15 2 4797.642
2014 04 02 01 39 00 2 4797.649
2014 04 02 01 39 15 2 4797.649
2014 04 02 01 40 00 2 4797.657
2014 04 02 01 40 15 2 4797.657
2014 04 02 01 41 00 2 4797.671
2014 04 02 01 41 15 2 4797.671
2014 04 02 01 42 00 2 4797.684
2014 04 02 01 42 15 2 4797.684
2014 04 02 01 43 00 2 4797.695
2014 04 02 01 43 15 2 4797.695
2014 04 02 01 44 00 2 4797.694
2014 04 02 01 44 15 2 4797.694
2014 04 02 01 45 00 1 9999.000
2014 04 02 01 45 00 2 4797.681
2014 04 02 01 45 15 2 4797.681
2014 04 02 01 46 00 2 4797.669
2014 04 02 01 46 15 2 4797.669
2014 04 02 01 47 00 2 4797.662
2014 04 02 01 47 15 2 4797.662
2014 04 02 01 48 00 2 4797.665
2014 04 02 01 48 15 2 4797.665
2014 04 02 01 49 00 2 4797.670
2014 04 02 01 49 15 2 4797.670
2014 04 02 01 50 00 2 4797.684
2014 04 02 01 50 15 2 4797.684
2014 04 02 01 51 00 2 4797.689
2014 04 02 01 51 15 2 4797.689
2014 04 02 01 52 00 2 4797.688
2014 04 02 01 52 15 2 4797.688
2014 04 02 01 53 00 2 4797.684
2014 04 02 01 53 15 2 4797.684
2014 04 02 01 54 00 2 4797.678
2014 04 02 01 54 15 2 4797.678
2014 04 02 01 55 00 2 4797.678
2014 04 02 01 55 15 2 4797.678
2014 04 02 01 56 00 2 4797.685
2014 04 02 01 56 15 2 4797.685
2014 04 02 01 57 00 2 4797.688
2014 04 02 01 57 15 2 4797.688
2014 04 02 01 58 00 2 4797.695
2014 04 02 01 58 15 2 4797.695
2014 04 02 01 59 00 2 4797.697
2014 04 02 01 59 15 2 4797.697
2014 04 02 02 00 00 1 9999.000
2014 04 02 02 00 00 2 4797.697
2014 04 02 02 01 00 2 4797.693
2014 04 02 02 02 00 2 4797.690
2014 04 02 02 03 00 2 4797.689
2014 04 02 02 04 00 2 4797.691
2014 04 02 02 05 00 2 4797.693
2014 04 02 02 06 00 2 4797.692
2014 04 02 02 07 00 2 4797.689
2014 04 02 02 08 00 2 4797.685
2014 04 02 02 09 00 2 4797.684
2014 04 02 02 10 00 2 4797.682
2014 04 02 02 11 00 2 4797.684
2014 04 02 02 12 00 2 4797.684
2014 04 02 02 13 00 2 4797.682
2014 04 02 02 14 00 2 4797.676
2014 04 02 02 15 00 1 9999.000
2014 04 02 02 15 00 2 4797.673
2014 04 02 02 16 00 2 4797.677
2014 04 02 02 17 00 2 4797.681
2014 04 02 02 18 00 2 4797.686
2014 04 02 02 19 00 2 4797.684
2014 04 02 02 20 00 2 4797.684
2014 04 02 02 21 00 2 4797.685
2014 04 02 02 22 00 2 4797.689
2014 04 02 02 23 00 2 4797.689
2014 04 02 02 24 00 2 4797.688
2014 04 02 02 25 00 2 4797.686
2014 04 02 02 26 00 2 4797.688
2014 04 02 02 27 00 2 4797.698
2014 04 02 02 28 00 2 4797.706
2014 04 02 02 29 00 2 4797.708
2014 04 02 02 30 00 1 9999.000
2014 04 02 02 30 00 2 4797.707
2014 04 02 02 31 00 2 4797.701
2014 04 02 02 32 00 2 4797.694
2014 04 02 02 33 00 2 4797.692
2014 04 02 02 34 00 2 4797.690
2014 04 02 02 35 00 2 4797.691
2014 04 02 02 36 00 2 4797.688
2014 04 02 02 37 00 2 4797.688
2014 04 02 02 38 00 2 4797.689
2014 04 02 02 39 00 2 4797.696
2014 04 02 02 40 00 2 4797.707
2014 04 02 02 41 00 2 4797.711
2014 04 02 02 42 00 2 4797.717
2014 04 02 02 43 00 2 4797.722
2014 04 02 02 44 00 2 4797.725
2014 04 02 02 45 00 1 9999.000
2014 04 02 02 45 00 2 4797.726
2014 04 02 02 46 00 2 4797.726
2014 04 02 02 47 00 2 4797.717
2014 04 02 02 48 00 2 4797.708
2014 04 02 02 49 00 2 4797.696
2014 04 02 02 50 00 2 4797.684
2014 04 02 02 51 00 2 4797.672
2014 04 02 02 52 00 2 4797.666
2014 04 02 02 53 00 2 4797.666
2014 04 02 02 54 00 2 4797.667
2014 04 02 02 55 00 2 4797.671
2014 04 02 02 56 00 2 4797.686
2014 04 02 02 57 00 2 4797.704
2014 04 02 02 58 00 2 4797.718
2014 04 02 02 59 00 2 4797.725
2014 04 02 03 00 00 1 9999.000
2014 04 02 03 00 00 2 4797.721
2014 04 02 03 01 00 2 4797.714
2014 04 02 03 02 00 2 4797.707
2014 04 02 03 03 00 2 4797.707
2014 04 02 03 04 00 2 4797.706
2014 04 02 03 05 00 2 4797.699
2014 04 02 03 06 00 2 4797.691
2014 04 02 03 07 00 2 4797.683
2014 04 02 03 08 00 2 4797.672
2014 04 02 03 09 00 2 4797.662
2014 04 02 03 10 00 2 4797.657
2014 04 02 03 11 00 2 4797.658
2014 04 02 03 12 00 2 4797.657
2014 04 02 03 13 00 2 4797.658
2014 04 02 03 14 00 2 4797.663
2014 04 02 03 15 00 1 9999.000
2014 04 02 03 15 00 2 4797.673
2014 04 02 03 16 00 2 4797.687
2014 04 02 03 17 00 2 4797.688
2014 04 02 03 18 00 2 4797.680
2014 04 02 03 19 00 2 4797.671
2014 04 02 03 20 00 2 4797.664
2014 04 02 03 21 00 2 4797.658
2014 04 02 03 22 00 2 4797.654
2014 04 02 03 23 00 2 4797.652
2014 04 02 03 24 00 2 4797.652
2014 04 02 03 25 00 2 4797.653
2014 04 02 03 26 00 2 4797.652
2014 04 02 03 27 00 2 4797.653
2014 04 02 03 28 00 2 4797.655
2014 04 02 03 29 00 2 4797.660
2014 04 02 03 30 00 1 9999.000
2014 04 02 03 30 00 2 4797.657
2014 04 02 03 31 00 2 4797.650
2014 04 02 03 32 00 2 4797.641
2014 04 02 03 33 00 2 4797.634
2014 04 02 03 34 00 2 4797.635
2014 04 02 03 35 00 2 4797.637
2014 04 02 03 36 00 2 4797.638
2014 04 02 03 37 00 2 4797.641
2014 04 02 03 38 00 2 4797.647
2014 04 02 03 39 00 2 4797.644
2014 04 02 03 40 00 2 4797.643
2014 04 02 03 41 00 2 4797.643
2014 04 02 03 42 00 2 4797.645
2014 04 02 03 43 00 2 4797.645
2014 04 02 03 44 00 2 4797.650
2014 04 02 03 45 00 1 9999.000
2014 04 02 03 45 00 2 4797.648
2014 04 02 03 46 00 2 4797.643
2014 04 02 03 47 00 2 4797.638
2014 04 02 03 48 00 2 4797.637
2014 04 02 03 49 00 2 4797.634
2014 04 02 03 50 00 2 4797.629
2014 04 02 03 51 00 2 4797.623
2014 04 02 03 52 00 2 4797.617
2014 04 02 03 53 00 2 4797.608
2014 04 02 03 54 00 2 4797.598
2014 04 02 03 55 00 2 4797.585
2014 04 02 03 56 00 2 4797.578
2014 04 02 03 57 00 2 4797.579
2014 04 02 03 58 00 2 4797.586
2014 04 02 03 59 00 2 4797.591
2014 04 02 04 00 00 1 9999.000
2014 04 02 04 00 00 2 4797.594
2014 04 02 04 01 00 2 4797.593
2014 04 02 04 02 00 2 4797.588
2014 04 02 04 03 00 2 4797.582
2014 04 02 04 04 00 2 4797.574
2014 04 02 04 05 00 2 4797.570
2014 04 02 04 06 00 2 4797.569
2014 04 02 04 07 00 2 4797.571
2014 04 02 04 08 00 2 4797.571
2014 04 02 04 09 00 2 4797.567
2014 04 02 04 10 00 2 4797.559
2014 04 02 04 11 00 2 4797.550
2014 04 02 04 12 00 2 4797.539
2014 04 02 04 13 00 2 4797.534
2014 04 02 04 14 00 2 4797.529
2014 04 02 04 15 00 1 9999.000
2014 04 02 04 15 00 2 4797.531
2014 04 02 04 16 00 2 4797.528
2014 04 02 04 17 00 2 4797.527
2014 04 02 04 18 00 2 4797.526
2014 04 02 04 19 00 2 4797.528
2014 04 02 04 20 00 2 4797.530
2014 04 02 04 21 00 2 4797.533
2014 04 02 04 22 00 2 4797.536
2014 04 02 04 23 00 2 4797.540
2014 04 02 04 24 00 2 4797.538
2014 04 02 04 25 00 2 4797.537
2014 04 02 04 26 00 2 4797.538
2014 04 02 04 27 00 2 4797.538
2014 04 02 04 28 00 2 4797.533
2014 04 02 04 29 00 2 4797.530
2014 04 02 04 30 00 1 9999.000
2014 04 02 04 30 00 2 4797.527
2014 04 02 04 31 00 2 4797.519
2014 04 02 04 32 00 2 4797.511
2014 04 02 04 33 00 2 4797.506
2014 04 02 04 34 00 2 4797.500
2014 04 02 04 35 00 2 4797.490
2014 04 02 04 36 00 2 4797.482
2014 04 02 04 37 00 2 4797.478
2014 04 02 04 38 00 2 4797.475
2014 04 02 04 39 00 2 4797.471
2014 04 02 04 40 00 2 4797.465
2014 04 02 04 41 00 2 4797.463
2014 04 02 04 42 00 2 4797.459
2014 04 02 04 43 00 2 4797.459
2014 04 02 04 44 00 2 4797.457
2014 04 02 04 45 00 1 9999.000
2014 04 02 04 45 00 2 4797.455
2014 04 02 04 46 00 2 4797.449
2014 04 02 04 47 00 2 4797.445
2014 04 02 04 48 00 2 4797.442
2014 04 02 04 49 00 2 4797.435
2014 04 02 04 50 00 2 4797.435
2014 04 02 04 51 00 2 4797.435
2014 04 02 04 52 00 2 4797.437
2014 04 02 04 53 00 2 4797.436
2014 04 02 04 54 00 2 4797.433
2014 04 02 04 55 00 2 4797.430
2014 04 02 04 56 00 2 4797.426
2014 04 02 04 57 00 2 4797.423
2014 04 02 04 58 00 2 4797.420
2014 04 02 04 59 00 2 4797.419
2014 04 02 05 00 00 1 9999.000
2014 04 02 05 00 00 2 4797.415
2014 04 02 05 01 00 2 4797.402
2014 04 02 05 02 00 2 4797.390
2014 04 02 05 03 00 2 4797.380
2014 04 02 05 04 00 2 4797.371
2014 04 02 05 05 00 2 4797.367
2014 04 02 05 06 00 2 4797.365
2014 04 02 05 07 00 2 4797.357
2014 04 02 05 08 00 2 4797.354
2014 04 02 05 09 00 2 4797.353
2014 04 02 05 10 00 2 4797.355
2014 04 02 05 11 00 2 4797.359
2014 04 02 05 12 00 2 4797.361
2014 04 02 05 13 00 2 4797.363
2014 04 02 05 14 00 2 4797.364
2014 04 02 05 15 00 1 9999.000
2014 04 02 05 15 00 2 4797.363
2014 04 02 05 16 00 2 4797.363
2014 04 02 05 17 00 2 4797.358
2014 04 02 05 18 00 2 4797.348
2014 04 02 05 19 00 2 4797.340
2014 04 02 05 20 00 2 4797.329
2014 04 02 05 21 00 2 4797.318
2014 04 02 05 22 00 2 4797.309
2014 04 02 05 22 45 3 4797.307
2014 04 02 05 23 00 2 4797.305
2014 04 02 05 23 00 3 4797.307
2014 04 02 05 23 15 3 4797.306
2014 04 02 05 23 30 3 4797.304
2014 04 02 05 24 00 2 4797.303
2014 04 02 05 25 00 2 4797.299
2014 04 02 05 26 00 2 4797.295
2014 04 02 05 27 00 2 4797.290
2014 04 02 05 28 00 2 4797.291
2014 04 02 05 29 00 2 4797.294
2014 04 02 05 30 00 1 9999.000
2014 04 02 05 30 00 2 4797.301
2014 04 02 05 31 00 2 4797.304
2014 04 02 05 32 00 2 4797.306
2014 04 02 05 33 00 2 4797.303
2014 04 02 05 34 00 2 4797.299
2014 04 02 05 35 00 2 4797.294
2014 04 02 05 36 00 2 4797.289
2014 04 02 05 37 00 2 4797.277
2014 04 02 05 38 00 2 4797.268
2014 04 02 05 39 00 2 4797.256
2014 04 02 05 40 00 2 4797.248
2014 04 02 05 41 00 2 4797.250
2014 04 02 05 42 00 2 4797.251
2014 04 02 05 43 00 2 4797.252
2014 04 02 05 44 00 2 4797.250
2014 04 02 05 45 00 1 9999.000
2014 04 02 05 45 00 2 4797.247
2014 04 02 05 46 00 2 4797.248
2014 04 02 05 47 00 2 4797.249
2014 04 02 05 48 00 2 4797.244
2014 04 02 05 49 00 2 4797.234
2014 04 02 05 50 00 2 4797.229
2014 04 02 05 51 00 2 4797.220
2014 04 02 05 52 00 2 4797.212
2014 04 02 05 53 00 2 4797.201
2014 04 02 05 54 00 2 4797.186
2014 04 02 05 55 00 2 4797.174
2014 04 02 05 56 00 2 4797.161
2014 04 02 05 57 00 2 4797.153
2014 04 02 05 58 00 2 4797.148
2014 04 02 05 59 00 2 4797.150
2014 04 02 06 00 00 1 9999.000
2014 04 02 06 00 00 2 4797.154
2014 04 02 06 01 00 2 4797.161
2014 04 02 06 02 00 2 4797.165
2014 04 02 06 03 00 2 4797.163
2014 04 02 06 04 00 2 4797.156
2014 04 02 06 05 00 2 4797.146
2014 04 02 06 06 00 2 4797.139
2014 04 02 06 07 00 2 4797.131
2014 04 02 06 08 00 2 4797.128
2014 04 02 06 09 00 2 4797.129
2014 04 02 06 10 00 2 4797.133
2014 04 02 06 11 00 2 4797.139
2014 04 02 06 12 00 2 4797.144
2014 04 02 06 13 00 2 4797.147
2014 04 02 06 14 00 2 4797.147
2014 04 02 06 15 00 1 9999.000
2014 04 02 06 15 00 2 4797.146
2014 04 02 06 16 00 2 4797.146
2014 04 02 06 17 00 2 4797.145
2014 04 02 06 18 00 2 4797.143
2014 04 02 06 19 00 2 4797.138
2014 04 02 06 20 00 2 4797.132
2014 04 02 06 21 00 2 4797.131
2014 04 02 06 22 00 2 4797.128
2014 04 02 06 23 00 2 4797.120
2014 04 02 06 24 00 2 4797.112
2014 04 02 06 25 00 2 4797.102
2014 04 02 06 26 00 2 4797.092
2014 04 02 06 27 00 2 4797.079
2014 04 02 06 28 00 2 4797.069
2014 04 02 06 29 00 2 4797.066
2014 04 02 06 30 00 1 9999.000
2014 04 02 06 30 00 2 4797.063
2014 04 02 06 31 00 2 4797.059
2014 04 02 06 32 00 2 4797.055
2014 04 02 06 33 00 2 4797.049
2014 04 02 06 34 00 2 4797.043
2014 04 02 06 35 00 2 4797.042
2014 04 02 06 36 00 2 4797.042
2014 04 02 06 37 00 2 4797.047
2014 04 02 06 38 00 2 4797.052
2014 04 02 06 39 00 2 4797.058
2014 04 02 06 40 00 2 4797.064
2014 04 02 06 41 00 2 4797.063
2014 04 02 06 42 00 2 4797.060
2014 04 02 06 43 00 2 4797.049
2014 04 02 06 44 00 2 4797.036
2014 04 02 06 45 00 1 9999.000
2014 04 02 06 45 00 2 4797.022
2014 04 02 06 46 00 2 4797.007
2014 04 02 06 47 00 2 4796.999
2014 04 02 06 48 00 2 4796.997
2014 04 02 06 49 00 2 4797.000
2014 04 02 06 50 00 2 4797.001
2014 04 02 06 51 00 2 4796.995
2014 04 02 06 52 00 2 4796.989
2014 04 02 06 53 00 2 4796.984
2014 04 02 06 54 00 2 4796.983
2014 04 02 06 55 00 2 4796.985
2014 04 02 06 56 00 2 4796.986
2014 04 02 06 57 00 2 4796.990
2014 04 02 06 58 00 2 4796.990
2014 04 02 06 59 00 2 4796.988
2014 04 02 07 00 00 1 9999.000
2014 04 02 07 00 00 2 4796.985
2014 04 02 07 01 00 2 4796.980
2014 04 02 07 02 00 2 4796.976
2014 04 02 07 03 00 2 4796.973
2014 04 02 07 04 00 2 4796.970
2014 04 02 07 05 00 2 4796.966
2014 04 02 07 06 00 2 4796.964
2014 04 02 07 07 00 2 4796.960
2014 04 02 07 08 00 2 4796.959
2014 04 02 07 09 00 2 4796.957
2014 04 02 07 10 00 2 4796.957
2014 04 02 07 11 00 2 4796.958
2014 04 02 07 12 00 2 4796.957
2014 04 02 07 13 00 2 4796.954
2014 04 02 07 14 00 2 4796.949
2014 04 02 07 15 00 1 9999.000
2014 04 02 07 15 00 2 4796.942
2014 04 02 07 16 00 2 4796.939
2014 04 02 07 17 00 2 4796.933
2014 04 02 07 18 00 2 4796.931
2014 04 02 07 19 00 2 4796.931
2014 04 02 07 20 00 2 4796.928
2014 04 02 07 21 00 2 4796.927
2014 04 02 07 22 00 2 4796.926
2014 04 02 07 23 00 2 4796.926
2014 04 02 07 24 00 2 4796.925
2014 04 02 07 25 00 2 4796.927
2014 04 02 07 26 00 2 4796.929
2014 04 02 07 27 00 2 4796.933
2014 04 02 07 28 00 2 4796.933
2014 04 02 07 29 00 2 4796.927
2014 04 02 07 30 00 1 9999.000
2014 04 02 07 30 00 2 4796.921
2014 04 02 07 31 00 2 4796.914
2014 04 02 07 32 00 2 4796.910
2014 04 02 07 33 00 2 4796.904
2014 04 02 07 34 00 2 4796.898
2014 04 02 07 35 00 2 4796.895
2014 04 02 07 36 00 2 4796.891
2014 04 02 07 37 00 2 4796.891
2014 04 02 07 38 00 2 4796.888
2014 04 02 07 39 00 2 4796.883
2014 04 02 07 40 00 2 4796.880
2014 04 02 07 41 00 2 4796.877
2014 04 02 07 42 00 2 4796.875
2014 04 02 07 43 00 2 4796.873
2014 04 02 07 44 00 2 4796.872
2014 04 02 07 45 00 1 9999.000
2014 04 02 07 45 00 2 4796.873
2014 04 02 07 46 00 2 4796.874
2014 04 02 07 47 00 2 4796.872
2014 04 02 07 48 00 2 4796.869
2014 04 02 07 49 00 2 4796.864
2014 04 02 07 50 00 2 4796.862
2014 04 02 07 51 00 2 4796.861
2014 04 02 07 52 00 2 4796.861
2014 04 02 07 53 00 2 4796.861
2014 04 02 08 00 00 1 9999.000
2014 04 02 08 00 00 2 4796.851
2014 04 02 08 01 00 2 4796.842
2014 04 02 08 02 00 2 4796.840
2014 04 02 08 03 00 2 4796.843
2014 04 02 08 04 00 2 4796.845
2014 04 02 08 05 00 2 4796.851
2014 04 02 08 06 00 2 4796.855
2014 04 02 08 07 00 2 4796.861
2014 04 02 08 08 00 2 4796.863
2014 04 02 08 09 00 2 4796.862
2014 04 02 08 10 00 2 4796.861
2014 04 02 08 11 00 2 4796.861
2014 04 02 08 12 00 2 4796.859
2014 04 02 08 13 00 2 4796.857
2014 04 02 08 14 00 2 4796.858
2014 04 02 08 15 00 1 9999.000
2014 04 02 08 15 00 2 4796.855
2014 04 02 08 16 00 2 4796.854
2014 04 02 08 17 00 2 4796.852
2014 04 02 08 18 00 2 4796.853
2014 04 02 08 19 00 2 4796.855
2014 04 02 08 20 00 2 4796.853
2014 04 02 08 21 00 2 4796.855
2014 04 02 08 22 00 2 4796.856
2014 04 02 08 23 00 2 4796.859
2014 04 02 08 24 00 2 4796.859
2014 04 02 08 25 00 2 4796.859
2014 04 02 08 26 00 2 4796.859
2014 04 02 08 27 00 2 4796.855
2014 04 02 08 28 00 2 4796.849
2014 04 02 08 29 00 2 4796.843
2014 04 02 08 30 00 1 9999.000
2014 04 02 08 30 00 2 4796.835
2014 04 02 08 31 00 2 4796.829
2014 04 02 08 32 00 2 4796.824
2014 04 02 08 33 00 2 4796.822
2014 04 02 08 34 00 2 4796.821
2014 04 02 08 35 00 2 4796.823
2014 04 02 08 36 00 2 4796.823
2014 04 02 08 37 00 2 4796.822
2014 04 02 08 38 00 2 4796.822
2014 04 02 08 39 00 2 4796.824
2014 04 02 08 40 00 2 4796.830
2014 04 02 08 41 00 2 4796.833
2014 04 02 08 42 00 2 4796.836
2014 04 02 08 43 00 2 4796.841
2014 04 02 08 44 00 2 4796.843
2014 04 02 08 45 00 1 9999.000
2014 04 02 08 45 00 2 4796.842
2014 04 02 08 46 00 2 4796.840
2014 04 02 08 47 00 2 4796.836
2014 04 02 08 48 00 2 4796.832
2014 04 02 08 49 00 2 4796.829
2014 04 02 08 50 00 2 4796.830
2014 04 02 08 51 00 2 4796.833
2014 04 02 08 52 00 2 4796.839
2014 04 02 08 53 00 2 4796.843
2014 04 02 08 54 00 2 4796.850
2014 04 02 08 55 00 2 4796.854
2014 04 02 08 56 00 2 4796.857
2014 04 02 08 57 00 2 4796.859
2014 04 02 08 58 00 2 4796.859
2014 04 02 08 59 00 2 4796.858
2014 04 02 09 00 00 1 9999.000
2014 04 02 09 00 00 2 4796.859
2014 04 02 09 01 00 2 4796.859
2014 04 02 09 02 00 2 4796.859
2014 04 02 09 03 00 2 4796.861
2014 04 02 09 04 00 2 4796.862
2014 04 02 09 05 00 2 4796.863
2014 04 02 09 06 00 2 4796.869
2014 04 02 09 07 00 2 4796.874
2014 04 02 09 08 00 2 4796.877
2014 04 02 09 09 00 2 4796.880
2014 04 02 09 10 00 2 4796.880
2014 04 02 09 11 00 2 4796.876
2014 04 02 09 12 00 2 4796.875
2014 04 02 09 13 00 2 4796.873
2014 04 02 09 14 00 2 4796.873
2014 04 02 09 15 00 1 9999.000
2014 04 02 09 15 00 2 4796.877
2014 04 02 09 16 00 2 4796.881
2014 04 02 09 17 00 2 4796.884
2014 04 02 09 18 00 2 4796.888
2014 04 02 09 19 00 2 4796.890
2014 04 02 09 20 00 2 4796.894
2014 04 02 09 21 00 2 4796.895
2014 04 02 09 22 00 2 4796.894
2014 04 02 09 23 00 2 4796.891
2014 04 02 09 24 00 2 4796.889
2014 04 02 09 25 00 2 4796.890
2014 04 02 09 26 00 2 4796.890
2014 04 02 09 27 00 2 4796.888
2014 04 02 09 28 00 2 4796.891
2014 04 02 09 29 00 2 4796.891
2014 04 02 09 30 00 1 9999.000
2014 04 02 09 30 00 2 4796.895
2014 04 02 09 31 00 2 4796.898
2014 04 02 09 32 00 2 4796.897
2014 04 02 09 33 00 2 4796.897
2014 04 02 09 34 00 2 4796.896
2014 04 02 09 35 00 2 4796.899
2014 04 02 09 36 00 2 4796.900
2014 04 02 09 37 00 2 4796.902
2014 04 02 09 38 00 2 4796.905
2014 04 02 09 39 00 2 4796.911
2014 04 02 09 40 00 2 4796.916
2014 04 02 09 41 00 2 4796.920
2014 04 02 09 42 00 2 4796.922
2014 04 02 09 43 00 2 4796.923
2014 04 02 09 44 00 2 4796.924
2014 04 02 09 45 00 1 9999.000
2014 04 02 09 45 00 2 4796.927
2014 04 02 09 46 00 2 4796.929
2014 04 02 09 47 00 2 4796.932
2014 04 02 09 48 00 2 4796.938
2014 04 02 09 49 00 2 4796.938
2014 04 02 09 50 00 2 4796.941
2014 04 02 09 51 00 2 4796.943
2014 04 02 09 52 00 2 4796.943
2014 04 02 09 53 00 2 4796.942
2014 04 02 09 54 00 2 4796.940
2014 04 02 09 55 00 2 4796.939
2014 04 02 09 56 00 2 4796.941
2014 04 02 09 57 00 2 4796.943
2014 04 02 09 58 00 2 4796.948
2014 04 02 09 59 00 2 4796.955
2014 04 02 10 00 00 1 9999.000
2014 04 02 10 15 00 1 9999.000
2014 04 02 10 30 00 1 9999.000
2014 04 02 10 45 00 1 9999.000
2014 04 02 11 00 00 1 9999.000
2014 04 02 11 15 00 1 9999.000
2014 04 02 11 30 00 1 9999.000
2014 04 02 11 45 00 1 9999.000
2014 04 02 12 00 00 1 9999.000
2014 04 02 12 15 00 1 9999.000
2014 04 02 12 30 00 1 9999.000
2014 04 02 12 45 00 1 9999.000
2014 04 02 13 00 00 1 9999.000
2014 04 02 13 15 00 1 9999.000
2014 04 02 13 30 00 1 9999.000
2014 04 02 13 45 00 1 9999.000
2014 04 02 14 00 00 1 9999.000
2014 04 02 14 15 00 1 9999.000
2014 04 02 14 30 00 1 9999.000
2014 04 02 14 45 00 1 9999.000
2014 04 02 15 00 00 1 9999.000
2014 04 02 15 15 00 1 4797.902
2014 04 02 15 30 00 1 4797.905
2014 04 02 15 45 00 1 4797.885
2014 04 02 16 00 00 1 4797.848
2014 04 02 16 15 00 1 4797.828
2014 04 02 16 30 00 1 4797.787
2014 04 02 16 45 00 1 4797.750
2014 04 02 17 00 00 1 4797.696
2014 04 02 17 15 00 1 9999.000
2014 04 02 17 30 00 1 9999.000
2014 04 02 17 45 00 1 9999.000
2014 04 02 18 00 00 1 9999.000
2014 04 02 18 15 00 1 9999.000
2014 04 02 18 30 00 1 9999.000
2014 04 02 18 45 00 1 9999.000
2014 04 02 19 00 00 1 9999.000
2014 04 02 19 15 00 1 4797.209
2014 04 02 19 30 00 1 4797.151
2014 04 02 19 45 00 1 4797.103
2014 04 02 20 00 00 1 4797.069
2014 04 02 20 15 00 1 4797.027
2014 04 02 20 30 00 1 4797.001
2014 04 02 20 45 00 1 4796.973
2014 04 02 21 00 00 1 4796.950
2014 04 02 21 15 00 1 9999.000
2014 04 02 21 30 00 1 9999.000
2014 04 02 21 45 00 1 9999.000
2014 04 02 22 00 00 1 9999.000
2014 04 02 22 15 00 1 4796.960
2014 04 02 22 30 00 1 4796.970
2014 04 02 22 45 00 1 4797.001
2014 04 02 23 00 00 1 4797.037
2014 04 02 23 15 00 1 4797.073
2014 04 02 23 30 00 1 4797.116
2014 04 02 23 45 00 1 4797.160
2014 04 03 00 00 00 1 4797.216
2014 04 03 00 15 00 1 9999.000
2014 04 03 00 30 00 1 9999.000
2014 04 03 00 45 00 1 9999.000
2014 04 03 01 00 00 1 9999.000
2014 04 03 01 00 00 2 4797.402
2014 04 03 01 01 00 2 4797.404
2014 04 03 01 02 00 2 4797.407
2014 04 03 01 03 00 2 4797.408
2014 04 03 01 04 00 2 4797.413
2014 04 03 01 05 00 2 4797.416
2014 04 03 01 06 00 2 4797.419
2014 04 03 01 07 00 2 4797.424
2014 04 03 01 08 00 2 4797.427
2014 04 03 01 09 00 2 4797.430
2014 04 03 01 10 00 2 4797.433
2014 04 03 01 11 00 2 4797.436
2014 04 03 01 12 00 2 4797.439
2014 04 03 01 13 00 2 4797.441
2014 04 03 01 14 00 2 4797.442
2014 04 03 01 15 00 1 9999.000
2014 04 03 01 15 00 2 4797.444
2014 04 03 01 16 00 2 4797.446
2014 04 03 01 17 00 2 4797.451
2014 04 03 01 18 00 2 4797.453
2014 04 03 01 19 00 2 4797.456
2014 04 03 01 20 00 2 4797.460
2014 04 03 01 21 00 2 4797.463
2014 04 03 01 22 00 2 4797.466
2014 04 03 01 23 00 2 4797.470
2014 04 03 01 24 00 2 4797.473
2014 04 03 01 25 00 2 4797.477
2014 04 03 01 26 00 2 4797.481
2014 04 03 01 27 00 2 4797.482
2014 04 03 01 28 00 2 4797.485
2014 04 03 01 29 00 2 4797.487
2014 04 03 01 30 00 1 9999.000
2014 04 03 01 30 00 2 4797.490
2014 04 03 01 31 00 2 4797.491
2014 04 03 01 32 00 2 4797.492
2014 04 03 01 33 00 2 4797.494
2014 04 03 01 34 00 2 4797.496
2014 04 03 01 35 00 2 4797.498
2014 04 03 01 36 00 2 4797.502
2014 04 03 01 37 00 2 4797.505
2014 04 03 01 38 00 2 4797.510
2014 04 03 01 39 00 2 4797.513
2014 04 03 01 40 00 2 4797.515
2014 04 03 01 41 00 2 4797.518
2014 04 03 01 42 00 2 4797.517
2014 04 03 01 43 00 2 4797.518
2014 04 03 01 44 00 2 4797.519
2014 04 03 01 45 00 1 9999.000
2014 04 03 01 45 00 2 4797.521
2014 04 03 01 46 00 2 4797.522
2014 04 03 01 47 00 2 4797.525
2014 04 03 01 48 00 2 4797.529
2014 04 03 01 49 00 2 4797.532
2014 04 03 01 50 00 2 4797.534
2014 04 03 01 51 00 2 4797.538
2014 04 03 01 52 00 2 4797.543
2014 04 03 01 53 00 2 4797.544
2014 04 03 01 54 00 2 4797.548
2014 04 03 01 55 00 2 4797.549
2014 04 03 01 56 00 2 4797.551
2014 04 03 01 57 00 2 4797.552
2014 04 03 01 58 00 2 4797.554
2014 04 03 01 59 00 2 4797.554
2014 04 03 02 00 00 1 9999.000
2014 04 03 02 00 00 2 4797.555
2014 04 03 02 01 00 2 4797.561
2014 04 03 02 02 00 2 4797.560
2014 04 03 02 03 00 2 4797.560
2014 04 03 02 04 00 2 4797.565
2014 04 03 02 05 00 2 4797.568
2014 04 03 02 06 00 2 4797.571
2014 04 03 02 07 00 2 4797.572
2014 04 03 02 08 00 2 4797.577
2014 04 03 02 09 00 2 4797.579
2014 04 03 02 10 00 2 4797.579
2014 04 03 02 11 00 2 4797.581
2014 04 03 02 12 00 2 4797.583
2014 04 03 02 13 00 2 4797.584
2014 04 03 02 14 00 2 4797.587
2014 04 03 02 15 00 1 9999.000
2014 04 03 02 15 00 2 4797.591
2014 04 03 02 16 00 2 4797.591
2014 04 03 02 17 00 2 4797.592
2014 04 03 02 18 00 2 4797.595
2014 04 03 02 19 00 2 4797.595
2014 04 03 02 20 00 2 4797.596
2014 04 03 02 21 00 2 4797.596
2014 04 03 02 22 00 2 4797.596
2014 04 03 02 23 00 2 4797.596
2014 04 03 02 24 00 2 4797.598
2014 04 03 02 25 00 2 4797.595
2014 04 03 02 26 00 2 4797.598
2014 04 03 02 27 00 2 4797.600
2014 04 03 02 28 00 2 4797.604
2014 04 03 02 29 00 2 4797.609
2014 04 03 02 30 00 1 9999.000
2014 04 03 02 30 00 2 4797.611
2014 04 03 02 31 00 2 4797.616
2014 04 03 02 32 00 2 4797.619
2014 04 03 02 33 00 2 4797.620
2014 04 03 02 34 00 2 4797.623
2014 04 03 02 35 00 2 4797.623
2014 04 03 02 36 00 2 4797.624
2014 04 03 02 37 00 2 4797.624
2014 04 03 02 38 00 2 4797.625
2014 04 03 02 39 00 2 4797.625
2014 04 03 02 40 00 2 4797.622
2014 04 03 02 41 00 2 4797.620
2014 04 03 02 42 00 2 4797.620
2014 04 03 02 43 00 2 4797.621
2014 04 03 02 44 00 2 4797.620
2014 04 03 02 45 00 1 9999.000
2014 04 03 02 45 00 2 4797.672
2014 04 03 02 46 00 2 4797.601
2014 04 03 02 47 00 2 4797.666
2014 04 03 02 48 00 2 4797.586
2014 04 03 02 49 00 2 4797.660
2014 04 03 02 50 00 2 4797.616
2014 04 03 02 51 00 2 4797.647
2014 04 03 02 52 00 2 4797.592
2014 04 03 02 53 00 2 4797.664
2014 04 03 02 54 00 2 4797.634
2014 04 03 02 55 00 2 4797.643
2014 04 03 02 56 00 2 4797.628
2014 04 03 02 57 00 2 4797.637
2014 04 03 02 58 00 2 4797.637
2014 04 03 02 59 00 2 4797.649
2014 04 03 03 00 00 1 9999.000
2014 04 03 03 00 00 2 4797.654
2014 04 03 03 01 00 2 4797.639
2014 04 03 03 02 00 2 4797.638
2014 04 03 03 03 00 2 4797.654
2014 04 03 03 04 00 2 4797.654
2014 04 03 03 05 00 2 4797.676
2014 04 03 03 06 00 2 4797.687
2014 04 03 03 07 00 2 4797.664
2014 04 03 03 08 00 2 4797.653
2014 04 03 03 09 00 2 4797.645
2014 04 03 03 10 00 2 4797.630
2014 04 03 03 11 00 2 4797.635
2014 04 03 03 12 00 2 4797.628
2014 04 03 03 13 00 2 4797.643
2014 04 03 03 14 00 2 4797.639
2014 04 03 03 15 00 1 9999.000
2014 04 03 03 15 00 2 4797.639
2014 04 03 03 16 00 2 4797.648
2014 04 03 03 17 00 2 4797.637
2014 04 03 03 18 00 2 4797.641
2014 04 03 03 19 00 2 4797.645
2014 04 03 03 20 00 2 4797.647
2014 04 03 03 21 00 2 4797.644
2014 04 03 03 22 00 2 4797.647
2014 04 03 03 23 00 2 4797.646
2014 04 03 03 24 00 2 4797.643
2014 04 03 03 25 00 2 4797.643
2014 04 03 03 26 00 2 4797.645
2014 04 03 03 27 00 2 4797.641
2014 04 03 03 28 00 2 4797.645
2014 04 03 03 29 00 2 4797.643
2014 04 03 03 30 00 1 9999.000
2014 04 03 03 30 00 2 4797.640
2014 04 03 03 31 00 2 4797.642
2014 04 03 03 32 00 2 4797.646
2014 04 03 03 33 00 2 4797.646
2014 04 03 03 34 00 2 4797.646
2014 04 03 03 35 00 2 4797.649
2014 04 03 03 36 00 2 4797.645
2014 04 03 03 37 00 2 4797.644
2014 04 03 03 38 00 2 4797.639
2014 04 03 03 39 00 2 4797.635
2014 04 03 03 40 00 2 4797.633
2014 04 03 03 41 00 2 4797.628
2014 04 03 03 42 00 2 4797.624
2014 04 03 03 43 00 2 4797.626
2014 04 03 03 44 00 2 4797.627
2014 04 03 03 45 00 1 9999.000
2014 04 03 03 45 00 2 4797.627
2014 04 03 03 46 00 2 4797.624
2014 04 03 03 47 00 2 4797.623
2014 04 03 03 48 00 2 4797.623
2014 04 03 03 49 00 2 4797.621
2014 04 03 03 50 00 2 4797.623
2014 04 03 03 51 00 2 4797.626
2014 04 03 03 52 00 2 4797.628
2014 04 03 03 53 00 2 4797.629
2014 04 03 03 54 00 2 4797.629
2014 04 03 03 55 00 2 4797.625
2014 04 03 03 56 00 2 4797.622
2014 04 03 03 57 00 2 4797.622
2014 04 03 03 58 00 2 4797.621
2014 04 03 03 59 00 2 4797.621
2014 04 03 04 00 00 1 9999.000
2014 04 03 04 00 00 2 4797.625
2014 04 03 04 01 00 2 4797.626
2014 04 03 04 02 00 2 4797.626
2014 04 03 04 03 00 2 4797.623
2014 04 03 04 04 00 2 4797.622
2014 04 03 04 05 00 2 4797.616
2014 04 03 04 06 00 2 4797.615
2014 04 03 04 07 00 2 4797.614
2014 04 03 04 08 00 2 4797.615
2014 04 03 04 09 00 2 4797.614
2014 04 03 04 10 00 2 4797.613
2014 04 03 04 11 00 2 4797.609
2014 04 03 04 12 00 2 4797.605
2014 04 03 04 13 00 2 4797.604
2014 04 03 04 14 00 2 4797.603
2014 04 03 04 15 00 1 9999.000
2014 04 03 04 15 00 2 4797.605
2014 04 03 04 16 00 2 4797.603
2014 04 03 04 17 00 2 4797.600
2014 04 03 04 18 00 2 4797.598
2014 04 03 04 19 00 2 4797.596
2014 04 03 04 20 00 2 4797.595
2014 04 03 04 21 00 2 4797.591
2014 04 03 04 22 00 2 4797.586
2014 04 03 04 23 00 2 4797.585
2014 04 03 04 24 00 2 4797.586
2014 04 03 04 25 00 2 4797.587
2014 04 03 04 26 00 2 4797.586
2014 04 03 04 27 00 2 4797.585
2014 04 03 04 28 00 2 4797.582
2014 04 03 04 29 00 2 4797.580
2014 04 03 04 30 00 1 9999.000
2014 04 03 04 30 00 2 4797.577
2014 04 03 04 31 00 2 4797.575
2014 04 03 04 32 00 2 4797.572
2014 04 03 04 33 00 2 4797.567
2014 04 03 04 34 00 2 4797.565
2014 04 03 04 35 00 2 4797.561
2014 04 03 04 36 00 2 4797.557
2014 04 03 04 37 00 2 4797.555
2014 04 03 04 38 00 2 4797.552
2014 04 03 04 39 00 2 4797.550
2014 04 03 04 40 00 2 4797.546
2014 04 03 04 41 00 2 4797.542
2014 04 03 04 42 00 2 4797.543
2014 04 03 04 43 00 2 4797.545
2014 04 03 04 44 00 2 4797.548
2014 04 03 04 45 00 1 9999.000
2014 04 03 04 45 00 2 4797.547
2014 04 03 04 46 00 2 4797.550
2014 04 03 04 47 00 2 4797.549
2014 04 03 04 48 00 2 4797.547
2014 04 03 04 49 00 2 4797.542
2014 04 03 04 50 00 2 4797.536
2014 04 03 04 51 00 2 4797.532
2014 04 03 04 52 00 2 4797.528
2014 04 03 04 53 00 2 4797.526
2014 04 03 04 54 00 2 4797.527
2014 04 03 04 55 00 2 4797.531
2014 04 03 04 56 00 2 4797.532
2014 04 03 04 57 00 2 4797.532
2014 04 03 04 58 00 2 4797.529
2014 04 03 04 59 00 2 4797.524
2014 04 03 05 00 00 1 9999.000
2014 04 03 05 00 00 2 4797.516
2014 04 03 05 01 00 2 4797.507
2014 04 03 05 02 00 2 4797.501
2014 04 03 05 03 00 2 4797.497
2014 04 03 05 04 00 2 4797.495
2014 04 03 05 05 00 2 4797.494
2014 04 03 05 06 00 2 4797.493
2014 04 03 05 15 00 1 9999.000
2014 04 03 05 30 00 1 9999.000
2014 04 03 05 45 00 1 9999.000
2014 04 03 06 00 00 1 9999.000
2014 04 03 06 00 00 2 4797.339
2014 04 03 06 01 00 2 4797.341
2014 04 03 06 02 00 2 4797.340
2014 04 03 06 03 00 2 4797.338
2014 04 03 06 04 00 2 4797.335
2014 04 03 06 05 00 2 4797.332
2014 04 03 06 06 00 2 4797.327
2014 04 03 06 07 00 2 4797.320
2014 04 03 06 08 00 2 4797.313
2014 04 03 06 09 00 2 4797.308
2014 04 03 06 10 00 2 4797.301
2014 04 03 06 11 00 2 4797.297
2014 04 03 06 12 00 2 4797.293
2014 04 03 06 13 00 2 4797.289
2014 04 03 06 14 00 2 4797.288
2014 04 03 06 15 00 1 9999.000
2014 04 03 06 15 00 2 4797.286
2014 04 03 06 16 00 2 4797.286
2014 04 03 06 17 00 2 4797.284
2014 04 03 06 18 00 2 4797.283
2014 04 03 06 19 00 2 4797.279
2014 04 03 06 20 00 2 4797.276
2014 04 03 06 21 00 2 4797.271
2014 04 03 06 22 00 2 4797.266
2014 04 03 06 23 00 2 4797.262
2014 04 03 06 24 00 2 4797.260
2014 04 03 06 25 00 2 4797.260
2014 04 03 06 26 00 2 4797.258
2014 04 03 06 27 00 2 4797.255
2014 04 03 06 28 00 2 4797.251
2014 04 03 06 29 00 2 4797.247
2014 04 03 06 30 00 1 9999.000
2014 04 03 06 30 00 2 4797.242
2014 04 03 06 31 00 2 4797.239
2014 04 03 06 32 00 2 4797.236
2014 04 03 06 33 00 2 4797.235
2014 04 03 06 34 00 2 4797.230
2014 04 03 06 35 00 2 4797.229
2014 04 03 06 36 00 2 4797.227
2014 04 03 06 37 00 2 4797.226
2014 04 03 06 38 00 2 4797.222
2014 04 03 06 39 00 2 4797.217
2014 04 03 06 40 00 2 4797.214
2014 04 03 06 41 00 2 4797.211
2014 04 03 06 42 00 2 4797.207
2014 04 03 06 43 00 2 4797.203
2014 04 03 06 44 00 2 4797.199
2014 04 03 06 45 00 1 9999.000
2014 04 03 06 45 00 2 4797.195
2014 04 03 06 46 00 2 4797.193
2014 04 03 06 47 00 2 4797.190
2014 04 03 06 48 00 2 4797.191
2014 04 03 06 49 00 2 4797.191
2014 04 03 06 50 00 2 4797.187
2014 04 03 06 51 00 2 4797.183
2014 04 03 06 52 00 2 4797.177
2014 04 03 06 53 00 2 4797.169
2014 04 03 06 54 00 2 4797.163
2014 04 03 06 55 00 2 4797.157
2014 04 03 06 56 00 2 4797.153
2014 04 03 06 57 00 2 4797.151
2014 04 03 06 58 00 2 4797.149
2014 04 03 06 59 00 2 4797.146
2014 04 03 07 00 00 1 9999.000
2014 04 03 07 00 00 2 4797.145
2014 04 03 07 01 00 2 4797.142
2014 04 03 07 02 00 2 4797.139
2014 04 03 07 03 00 2 4797.138
2014 04 03 07 04 00 2 4797.138
2014 04 03 07 05 00 2 4797.135
2014 04 03 07 06 00 2 4797.134
2014 04 03 07 07 00 2 4797.131
2014 04 03 07 08 00 2 4797.128
2014 04 03 07 09 00 2 4797.124
2014 04 03 07 10 00 2 4797.121
2014 04 03 07 11 00 2 4797.119
2014 04 03 07 12 00 2 4797.115
2014 04 03 07 13 00 2 4797.112
2014 04 03 07 14 00 2 4797.109
2014 04 03 07 15 00 1 9999.000
2014 04 03 07 15 00 2 4797.105
2014 04 03 07 16 00 2 4797.100
2014 04 03 07 17 00 2 4797.097
2014 04 03 07 18 00 2 4797.095
2014 04 03 07 19 00 2 4797.092
2014 04 03 07 20 00 2 4797.090
2014 04 03 07 21 00 2 4797.087
2014 04 03 07 22 00 2 4797.085
2014 04 03 07 23 00 2 4797.083
2014 04 03 07 24 00 2 4797.081
2014 04 03 07 25 00 2 4797.080
2014 04 03 07 26 00 2 4797.077
2014 04 03 07 27 00 2 4797.076
2014 04 03 07 28 00 2 4797.074
2014 04 03 07 29 00 2 4797.073
2014 04 03 07 30 00 1 9999.000
2014 04 03 07 30 00 2 4797.071
2014 04 03 07 31 00 2 4797.069
2014 04 03 07 32 00 2 4797.065
2014 04 03 07 33 00 2 4797.062
2014 04 03 07 34 00 2 4797.060
2014 04 03 07 35 00 2 4797.058
2014 04 03 07 36 00 2 4797.055
2014 04 03 07 37 00 2 4797.053
2014 04 03 07 38 00 2 4797.048
2014 04 03 07 39 00 2 4797.045
2014 04 03 07 40 00 2 4797.040
2014 04 03 07 41 00 2 4797.037
2014 04 03 07 42 00 2 4797.034
2014 04 03 07 43 00 2 4797.032
2014 04 03 07 44 00 2 4797.028
2014 04 03 07 45 00 1 9999.000
2014 04 03 07 45 00 2 4797.025
2014 04 03 07 46 00 2 4797.021
2014 04 03 07 47 00 2 4797.020
2014 04 03 07 48 00 2 4797.020
2014 04 03 07 49 00 2 4797.019
2014 04 03 07 50 00 2 4797.017
2014 04 03 07 51 00 2 4797.012
2014 04 03 07 52 00 2 4797.010
2014 04 03 07 53 00 2 4797.007
2014 04 03 07 54 00 2 4797.005
2014 04 03 07 55 00 2 4797.005
2014 04 03 07 56 00 2 4797.005
2014 04 03 07 57 00 2 4797.005
2014 04 03 07 58 00 2 4797.004
2014 04 03 07 59 00 2 4797.002
2014 04 03 08 00 00 1 9999.000
2014 04 03 08 15 00 1 9999.000
2014 04 03 08 30 00 1 9999.000
2014 04 03 08 45 00 1 9999.000
2014 04 03 09 00 00 1 9999.000
2014 04 03 09 15 00 1 9999.000
2014 04 03 09 30 00 1 9999.000
2014 04 03 09 45 00 1 9999.000
2014 04 03 10 00 00 1 9999.000
2014 04 03 10 15 00 1 4796.975
2014 04 03 10 30 00 1 4797.008
2014 04 03 10 45 00 1 4797.038
2014 04 03 11 00 00 1 4797.073
2014 04 03 11 15 00 1 4797.127
2014 04 03 11 30 00 1 4797.180
2014 04 03 11 45 00 1 4797.226
2014 04 03 12 00 00 1 4797.281
2014 04 03 12 15 00 1 4797.344
2014 04 03 12 30 00 1 4797.396
2014 04 03 12 45 00 1 4797.455
2014 04 03 13 00 00 1 4797.520
2014 04 03 13 15 00 1 4797.566
2014 04 03 13 30 00 1 4797.626
2014 04 03 13 45 00 1 4797.679
2014 04 03 14 00 00 1 4797.719
2014 04 03 14 15 00 1 4797.768
2014 04 03 14 30 00 1 4797.803
2014 04 03 14 45 00 1 4797.834
2014 04 03 15 00 00 1 4797.860
2014 04 03 15 15 00 1 4797.875
2014 04 03 15 30 00 1 4797.886
2014 04 03 15 45 00 1 4797.889
2014 04 03 16 00 00 1 4797.884
2014 04 03 16 15 00 1 4797.875
2014 04 03 16 30 00 1 4797.850
2014 04 03 16 45 00 1 4797.830
2014 04 03 17 00 00 1 4797.802
2014 04 03 17 15 00 1 4797.767
2014 04 03 17 30 00 1 4797.731
2014 04 03 17 45 00 1 4797.687
2014 04 03 18 00 00 1 4797.641
2014 04 03 18 15 00 1 4797.592
2014 04 03 18 30 00 1 4797.544
2014 04 03 18 45 00 1 4797.484
2014 04 03 19 00 00 1 4797.436
2014 04 03 19 15 00 1 4797.383
2014 04 03 19 30 00 1 4797.327
2014 04 03 19 45 00 1 4797.277
2014 04 03 20 00 00 1 4797.228
2014 04 03 20 15 00 1 4797.177
2014 04 03 20 30 00 1 4797.135
2014 04 03 20 45 00 1 4797.099
2014 04 03 21 00 00 1 4797.065
2014 04 03 21 15 00 1 4797.033
2014 04 03 21 30 00 1 4797.009
2014 04 03 21 45 00 1 4796.986
2014 04 03 22 00 00 1 4796.985
2014 04 03 22 15 00 1 4796.967
2014 04 03 22 30 00 1 4796.968
2014 04 03 22 45 00 1 4796.970
2014 04 03 23 00 00 1 4796.977
2014 04 03 23 15 00 1 4796.992
2014 04 03 23 30 00 1 4797.012
2014 04 03 23 45 00 1 4797.040
2014 04 04 00 00 00 1 4797.066
2014 04 04 00 15 00 1 4797.097
2014 04 04 00 30 00 1 4797.137
2014 04 04 00 45 00 1 4797.173
2014 04 04 01 00 00 1 4797.214
2014 04 04 01 15 00 1 9999.000
2014 04 04 01 30 00 1 9999.000
2014 04 04 01 32 00 2 4797.305
2014 04 04 01 33 00 2 4797.307
2014 04 04 01 34 00 2 4797.309
2014 04 04 01 35 00 2 4797.310
2014 04 04 01 36 00 2 4797.312
2014 04 04 01 37 00 2 4797.315
2014 04 04 01 38 00 2 4797.319
2014 04 04 01 39 00 2 4797.323
2014 04 04 01 40 00 2 4797.328
2014 04 04 01 40 45 3 4797.352
2014 04 04 01 41 00 2 4797.325
2014 04 04 01 41 00 3 4797.343
2014 04 04 01 41 15 3 4797.278
2014 04 04 01 41 30 3 4797.343
2014 04 04 01 42 00 2 4797.330
2014 04 04 01 43 00 2 4797.340
2014 04 04 01 44 00 2 4797.334
2014 04 04 01 45 00 1 9999.000
2014 04 04 01 45 00 2 4797.340
2014 04 04 01 46 00 2 4797.341
2014 04 04 01 47 00 2 4797.342
2014 04 04 01 48 00 2 4797.342
2014 04 04 01 49 00 2 4797.343
2014 04 04 01 50 00 2 4797.344
2014 04 04 01 51 00 2 4797.345
2014 04 04 01 52 00 2 4797.347
2014 04 04 01 53 00 2 4797.348
2014 04 04 01 54 00 2 4797.352
2014 04 04 01 55 00 2 4797.353
2014 04 04 01 56 00 2 4797.358
2014 04 04 01 57 00 2 4797.362
2014 04 04 01 58 00 2 4797.365
2014 04 04 01 59 00 2 4797.369
2014 04 04 02 00 00 1 9999.000
2014 04 04 02 00 00 2 4797.372
2014 04 04 02 01 00 2 4797.375
2014 04 04 02 02 00 2 4797.378
2014 04 04 02 03 00 2 4797.380
2014 04 04 02 04 00 2 4797.381
2014 04 04 02 05 00 2 4797.385
2014 04 04 02 06 00 2 4797.389
2014 04 04 02 07 00 2 4797.390
2014 04 04 02 08 00 2 4797.394
2014 04 04 02 09 00 2 4797.397
2014 04 04 02 10 00 2 4797.400
2014 04 04 02 11 00 2 4797.403
2014 04 04 02 12 00 2 4797.406
2014 04 04 02 13 00 2 4797.409
2014 04 04 02 14 00 2 4797.410
2014 04 04 02 15 00 1 9999.000
2014 04 04 02 15 00 2 4797.412
2014 04 04 02 16 00 2 4797.413
2014 04 04 02 17 00 2 4797.414
2014 04 04 02 18 00 2 4797.416
2014 04 04 02 19 00 2 4797.418
2014 04 04 02 20 00 2 4797.419
2014 04 04 02 21 00 2 4797.421
2014 04 04 02 22 00 2 4797.422
2014 04 04 02 23 00 2 4797.425
2014 04 04 02 24 00 2 4797.428
2014 04 04 02 25 00 2 4797.432
2014 04 04 02 26 00 2 4797.435
2014 04 04 02 27 00 2 4797.438
2014 04 04 02 30 00 1 9999.000
2014 04 04 02 45 00 1 9999.000
2014 04 04 03 00 00 1 9999.000
2014 04 04 03 15 00 1 9999.000
2014 04 04 03 30 00 1 9999.000
2014 04 04 03 45 00 1 9999.000
2014 04 04 03 56 00 2 4797.537
2014 04 04 03 57 00 2 4797.536
2014 04 04 03 58 00 2 4797.537
2014 04 04 03 59 00 2 4797.539
2014 04 04 04 00 00 1 9999.000
2014 04 04 04 00 00 2 4797.541
2014 04 04 04 01 00 2 4797.544
2014 04 04 04 02 00 2 4797.545
2014 04 04 04 03 00 2 4797.546
2014 04 04 04 04 00 2 4797.547
2014 04 04 04 05 00 2 4797.548
2014 04 04 04 06 00 2 4797.548
2014 04 04 04 07 00 2 4797.549
2014 04 04 04 08 00 2 4797.549
2014 04 04 04 09 00 2 4797.549
2014 04 04 04 10 00 2 4797.548
2014 04 04 04 11 00 2 4797.548
2014 04 04 04 15 00 1 9999.000
2014 04 04 04 30 00 1 9999.000
2014 04 04 04 45 00 1 9999.000
2014 04 04 05 00 00 1 9999.000
2014 04 04 05 15 00 1 9999.000
2014 04 04 05 30 00 1 9999.000
2014 04 04 05 45 00 1 9999.000
2014 04 04 06 00 00 1 9999.000
2014 04 04 06 15 00 1 4797.389
2014 04 04 06 30 00 1 4797.357
2014 04 04 06 45 00 1 4797.317
2014 04 04 07 00 00 1 4797.276
2014 04 04 07 15 00 1 9999.000
2014 04 04 07 30 00 1 9999.000
2014 04 04 07 45 00 1 9999.000
2014 04 04 08 00 00 1 9999.000
2014 04 04 08 15 00 1 4797.086
2014 04 04 08 30 00 1 4797.059
2014 04 04 08 45 00 1 4797.037
2014 04 04 09 00 00 1 4797.010
2014 04 04 09 15 00 1 4796.992
2014 04 04 09 30 00 1 4796.984
2014 04 04 09 45 00 1 4796.978
2014 04 04 10 00 00 1 4796.975
2014 04 04 10 15 00 1 9999.000
2014 04 04 10 30 00 1 9999.000
2014 04 04 10 45 00 1 9999.000
2014 04 04 11 00 00 1 9999.000
2014 04 04 11 15 00 1 9999.000
2014 04 04 11 30 00 1 9999.000
2014 04 04 11 45 00 1 9999.000
2014 04 04 12 00 00 1 9999.000
2014 04 04 12 15 00 1 9999.000
2014 04 04 12 30 00 1 9999.000
2014 04 04 12 45 00 1 9999.000
2014 04 04 13 00 00 1 9999.000
2014 04 04 13 15 00 1 9999.000
2014 04 04 13 30 00 1 9999.000
2014 04 04 13 45 00 1 9999.000
2014 04 04 14 00 00 1 9999.000
2014 04 04 14 15 00 1 9999.000
2014 04 04 14 30 00 1 9999.000
2014 04 04 14 45 00 1 9999.000
2014 04 04 15 00 00 1 9999.000
2014 04 04 15 15 00 1 9999.000
2014 04 04 15 30 00 1 9999.000
2014 04 04 15 45 00 1 9999.000
2014 04 04 16 00 00 1 9999.000
2014 04 04 16 15 00 1 4797.826
2014 04 04 16 30 00 1 4797.830
2014 04 04 16 45 00 1 4797.825
2014 04 04 17 00 00 1 4797.822
2014 04 04 17 15 00 1 9999.000
2014 04 04 17 30 00 1 9999.000
2014 04 04 17 45 00 1 9999.000
2014 04 04 18 00 00 1 9999.000
2014 04 04 18 15 00 1 9999.000
2014 04 04 18 30 00 1 9999.000
2014 04 04 18 45 00 1 9999.000
2014 04 04 19 00 00 1 9999.000
2014 04 04 19 15 00 1 9999.000
2014 04 04 19 30 00 1 9999.000
2014 04 04 19 45 00 1 9999.000
2014 04 04 20 00 00 1 9999.000
2014 04 04 20 15 00 1 9999.000
2014 04 04 20 30 00 1 9999.000
2014 04 04 20 45 00 1 9999.000
2014 04 04 21 00 00 1 9999.000
2014 04 04 21 15 00 1 9999.000
2014 04 04 21 30 00 1 9999.000
2014 04 04 21 45 00 1 9999.000
2014 04 04 22 00 00 1 9999.000
2014 04 04 22 15 00 1 9999.000
2014 04 04 22 30 00 1 9999.000
2014 04 04 22 45 00 1 9999.000
2014 04 04 23 00 00 1 9999.000
2014 04 04 23 15 00 1 9999.000
2014 04 04 23 30 00 1 9999.000
2014 04 04 23 45 00 1 9999.000
2014 04 05 00 00 00 1 9999.000
2014 04 05 00 15 00 1 9999.000
2014 04 05 00 30 00 1 9999.000
2014 04 05 00 45 00 1 9999.000
2014 04 05 01 00 00 1 9999.000
2014 04 05 01 15 00 1 9999.000
2014 04 05 01 30 00 1 9999.000
2014 04 05 01 45 00 1 9999.000
2014 04 05 02 00 00 1 9999.000
2014 04 05 02 15 00 1 9999.000
2014 04 05 02 30 00 1 9999.000
2014 04 05 02 45 00 1 9999.000
2014 04 05 03 00 00 1 9999.000
2014 04 05 03 15 00 1 4797.373
2014 04 05 03 30 00 1 4797.395
2014 04 05 03 45 00 1 4797.416
2014 04 05 04 00 00 1 4797.434
2014 04 05 04 15 00 1 4797.447
2014 04 05 04 30 00 1 4797.458
2014 04 05 04 45 00 1 4797.467
2014 04 05 05 00 00 1 4797.467
2014 04 05 05 15 00 1 9999.000
2014 04 05 05 30 00 1 9999.000
2014 04 05 05 45 00 1 9999.000
2014 04 05 06 00 00 1 9999.000
2014 04 05 06 15 00 1 9999.000
2014 04 05 06 30 00 1 9999.000
2014 04 05 06 45 00 1 9999.000
2014 04 05 07 00 00 1 9999.000
2014 04 05 07 15 00 1 9999.000
2014 04 05 07 30 00 1 9999.000
2014 04 05 07 45 00 1 9999.000
2014 04 05 08 00 00 1 9999.000
2014 04 05 08 15 00 1 4797.213
2014 04 05 08 30 00 1 4797.184
2014 04 05 08 45 00 1 4797.157
2014 04 05 09 00 00 1 4797.132
2014 04 05 09 15 00 1 9999.000
2014 04 05 09 30 00 1 9999.000
2014 04 05 09 45 00 1 9999.000
2014 04 05 10 00 00 1 9999.000
2014 04 05 10 15 00 1 4797.054
2014 04 05 10 30 00 1 4797.052
2014 04 05 10 45 00 1 4797.049
2014 04 05 11 00 00 1 4797.053
2014 04 05 11 15 00 1 9999.000
2014 04 05 11 30 00 1 9999.000
2014 04 05 11 45 00 1 9999.000
2014 04 05 12 00 00 1 9999.000
2014 04 05 12 15 00 1 9999.000
2014 04 05 12 30 00 1 9999.000
2014 04 05 12 45 00 1 9999.000
2014 04 05 13 00 00 1 9999.000
2014 04 05 13 15 00 1 9999.000
2014 04 05 13 30 00 1 9999.000
2014 04 05 13 45 00 1 9999.000
2014 04 05 14 00 00 1 9999.000
2014 04 05 14 15 00 1 4797.437
2014 04 05 14 30 00 1 4797.478
2014 04 05 14 45 00 1 4797.521
2014 04 05 15 00 00 1 4797.555
2014 04 05 15 15 00 1 9999.000
2014 04 05 15 30 00 1 9999.000
2014 04 05 15 45 00 1 9999.000
2014 04 05 16 00 00 1 9999.000
2014 04 05 16 15 00 1 4797.704
2014 04 05 16 30 00 1 4797.722
2014 04 05 16 45 00 1 4797.735
2014 04 05 17 00 00 1 4797.749
2014 04 05 17 15 00 1 9999.000
2014 04 05 17 30 00 1 9999.000
2014 04 05 17 45 00 1 9999.000
2014 04 05 18 00 00 1 9999.000
2014 04 05 18 15 00 1 4797.723
2014 04 05 18 30 00 1 4797.705
2014 04 05 18 45 00 1 4797.683
2014 04 05 19 00 00 1 4797.656
2014 04 05 19 15 00 1 4797.627
2014 04 05 19 30 00 1 4797.596
2014 04 05 19 45 00 1 4797.560
2014 04 05 20 00 00 1 4797.525
2014 04 05 20 15 00 1 9999.000
2014 04 05 20 30 00 1 9999.000
2014 04 05 20 45 00 1 9999.000
2014 04 05 21 00 00 1 9999.000
2014 04 05 21 15 00 1 4797.338
2014 04 05 21 30 00 1 4797.301
2014 04 05 21 45 00 1 4797.266
2014 04 05 22 00 00 1 4797.232
2014 04 05 22 15 00 1 9999.000
2014 04 05 22 30 00 1 9999.000
2014 04 05 22 45 00 1 9999.000
2014 04 05 23 00 00 1 9999.000
2014 04 05 23 15 00 1 9999.000
2014 04 05 23 30 00 1 9999.000
2014 04 05 23 45 00 1 9999.000
2014 04 06 00 00 00 1 9999.000
2014 04 06 00 15 00 1 9999.000
2014 04 06 00 30 00 1 9999.000
2014 04 06 00 45 00 1 9999.000
2014 04 06 01 00 00 1 9999.000
2014 04 06 01 15 00 1 9999.000
2014 04 06 01 30 00 1 9999.000
2014 04 06 01 45 00 1 9999.000
2014 04 06 02 00 00 1 9999.000
2014 04 06 02 15 00 1 4797.138
2014 04 06 02 30 00 1 4797.160
2014 04 06 02 45 00 1 4797.184
2014 04 06 03 00 00 1 4797.206
2014 04 06 03 15 00 1 4797.230
2014 04 06 03 30 00 1 4797.254
2014 04 06 03 45 00 1 4797.277
2014 04 06 04 00 00 1 4797.301
2014 04 06 04 15 00 1 9999.000
2014 04 06 04 30 00 1 9999.000
2014 04 06 04 45 00 1 9999.000
2014 04 06 05 00 00 1 9999.000
2014 04 06 05 15 00 1 4797.382
2014 04 06 05 30 00 1 4797.391
2014 04 06 05 45 00 1 4797.399
2014 04 06 06 00 00 1 4797.401
2014 04 06 06 15 00 1 9999.000
2014 04 06 06 30 00 1 9999.000
2014 04 06 06 45 00 1 9999.000
2014 04 06 07 00 00 1 9999.000
2014 04 06 07 15 00 1 9999.000
2014 04 06 07 30 00 1 9999.000
2014 04 06 07 45 00 1 9999.000
2014 04 06 08 00 00 1 9999.000
2014 04 06 08 15 00 1 9999.000
2014 04 06 08 30 00 1 9999.000
2014 04 06 08 45 00 1 9999.000
2014 04 06 09 00 00 1 9999.000
2014 04 06 09 15 00 1 4797.231
2014 04 06 09 30 00 1 4797.210
2014 04 06 09 45 00 1 4797.192
2014 04 06 10 00 00 1 4797.176
2014 04 06 10 15 00 1 4797.161
2014 04 06 10 30 00 1 4797.152
2014 04 06 10 45 00 1 4797.141
2014 04 06 11 00 00 1 4797.136
2014 04 06 11 15 00 1 4797.132
2014 04 06 11 30 00 1 4797.132
2014 04 06 11 45 00 1 4797.134
2014 04 06 12 00 00 1 4797.137
2014 04 06 12 15 00 1 4797.145
2014 04 06 12 30 00 1 4797.155
2014 04 06 12 45 00 1 4797.172
2014 04 06 13 00 00 1 4797.188
2014 04 06 13 15 00 1 4797.213
2014 04 06 13 30 00 1 4797.235
2014 04 06 13 45 00 1 4797.260
2014 04 06 14 00 00 1 4797.290
2014 04 06 14 15 00 1 9999.000
2014 04 06 14 30 00 1 9999.000
2014 04 06 14 45 00 1 9999.000
2014 04 06 15 00 00 1 9999.000
2014 04 06 15 15 00 1 4797.455
2014 04 06 15 30 00 1 4797.488
2014 04 06 15 45 00 1 4797.517
2014 04 06 16 00 00 1 4797.546
2014 04 06 16 15 00 1 9999.000
2014 04 06 16 30 00 1 9999.000
2014 04 06 16 45 00 1 9999.000
2014 04 06 17 00 00 1 9999.000
2014 04 06 17 15 00 1 9999.000
2014 04 06 17 30 00 1 9999.000
2014 04 06 17 45 00 1 9999.000
2014 04 06 18 00 00 1 9999.000
2014 04 06 18 15 00 1 9999.000
2014 04 06 18 30 00 1 9999.000
2014 04 06 18 45 00 1 9999.000
2014 04 06 19 00 00 1 9999.000
2014 04 06 19 15 00 1 9999.000
2014 04 06 19 30 00 1 9999.000
2014 04 06 19 45 00 1 9999.000
2014 04 06 20 00 00 1 9999.000
2014 04 06 20 15 00 1 9999.000
2014 04 06 20 30 00 1 9999.000
2014 04 06 20 45 00 1 9999.000
2014 04 06 21 00 00 1 9999.000
2014 04 06 21 15 00 1 9999.000
2014 04 06 21 30 00 1 9999.000
2014 04 06 21 45 00 1 9999.000
2014 04 06 22 00 00 1 9999.000
2014 04 06 22 15 00 1 9999.000
2014 04 06 22 30 00 1 9999.000
2014 04 06 22 45 00 1 9999.000
2014 04 06 23 00 00 1 9999.000
2014 04 06 23 15 00 1 9999.000
2014 04 06 23 30 00 1 9999.000
2014 04 06 23 45 00 1 9999.000
2014 04 07 00 00 00 1 9999.000
2014 04 07 00 15 00 1 9999.000
2014 04 07 00 30 00 1 9999.000
2014 04 07 00 45 00 1 9999.000
2014 04 07 01 00 00 1 9999.000
2014 04 07 01 15 00 1 9999.000
2014 04 07 01 30 00 1 9999.000
2014 04 07 01 45 00 1 9999.000
2014 04 07 02 00 00 1 9999.000
2014 04 07 02 15 00 1 9999.000
2014 04 07 02 30 00 1 9999.000
2014 04 07 02 45 00 1 9999.000
2014 04 07 03 00 00 1 9999.000
2014 04 07 03 15 00 1 9999.000
2014 04 07 03 30 00 1 9999.000
2014 04 07 03 45 00 1 9999.000
2014 04 07 04 00 00 1 9999.000
2014 04 07 04 15 00 1 4797.203
2014 04 07 04 30 00 1 4797.224
2014 04 07 04 45 00 1 4797.241
2014 04 07 05 00 00 1 4797.261
2014 04 07 05 15 00 1 9999.000
2014 04 07 05 30 00 1 9999.000
2014 04 07 05 45 00 1 9999.000
2014 04 07 06 00 00 1 9999.000
2014 04 07 06 15 00 1 9999.000
2014 04 07 06 30 00 1 9999.000
2014 04 07 06 45 00 1 9999.000
2014 04 07 07 00 00 1 9999.000
2014 04 07 07 15 00 1 4797.374
2014 04 07 07 30 00 1 4797.374
2014 04 07 07 45 00 1 4797.374
2014 04 07 08 00 00 1 4797.370
2014 04 07 08 15 00 1 9999.000
2014 04 07 08 30 00 1 9999.000
2014 04 07 08 45 00 1 9999.000
2014 04 07 09 00 00 1 9999.000
2014 04 07 09 15 00 1 9999.000
2014 04 07 09 30 00 1 9999.000
2014 04 07 09 45 00 1 9999.000
2014 04 07 10 00 00 1 9999.000
2014 04 07 10 15 00 1 4797.261
2014 04 07 10 30 00 1 4797.247
2014 04 07 10 45 00 1 4797.234
2014 04 07 11 00 00 1 4797.220
2014 04 07 11 15 00 1 9999.000
2014 04 07 11 30 00 1 9999.000
2014 04 07 11 45 00 1 9999.000
2014 04 07 12 00 00 1 9999.000
2014 04 07 12 15 00 1 4797.178
2014 04 07 12 30 00 1 4797.178
2014 04 07 12 45 00 1 4797.177
2014 04 07 13 00 00 1 4797.178
2014 04 07 13 15 00 1 9999.000
2014 04 07 13 30 00 1 9999.000
2014 04 07 13 45 00 1 9999.000
2014 04 07 14 00 00 1 9999.000
2014 04 07 14 15 00 1 4797.237
2014 04 07 14 30 00 1 4797.258
2014 04 07 14 45 00 1 4797.278
2014 04 07 15 00 00 1 4797.303
2014 04 07 15 15 00 1 4797.331
2014 04 07 15 30 00 1 4797.354
2014 04 07 15 45 00 1 4797.381
2014 04 07 16 00 00 1 4797.409
2014 04 07 16 15 00 1 4797.437
2014 04 07 16 30 00 1 4797.465
2014 04 07 16 45 00 1 4797.494
2014 04 07 17 00 00 1 4797.521
2014 04 07 17 15 00 1 4797.546
2014 04 07 17 30 00 1 4797.571
2014 04 07 17 45 00 1 4797.593
2014 04 07 18 00 00 1 4797.609
2014 04 07 18 15 00 1 4797.626
2014 04 07 18 30 00 1 4797.637
2014 04 07 18 45 00 1 4797.648
2014 04 07 19 00 00 1 4797.658
2014 04 07 19 15 00 1 4797.661
2014 04 07 19 30 00 1 4797.661
2014 04 07 19 45 00 1 4797.660
2014 04 07 20 00 00 1 4797.653
2014 04 07 20 15 00 1 4797.646
2014 04 07 20 30 00 1 4797.637
2014 04 07 20 45 00 1 4797.621
2014 04 07 21 00 00 1 4797.603
2014 04 07 21 15 00 1 4797.583
2014 04 07 21 30 00 1 4797.560
2014 04 07 21 45 00 1 4797.538
2014 04 07 22 00 00 1 4797.511
2014 04 07 22 15 00 1 4797.482
2014 04 07 22 30 00 1 4797.454
2014 04 07 22 45 00 1 4797.424
2014 04 07 23 00 00 1 4797.394
2014 04 07 23 15 00 1 4797.362
2014 04 07 23 30 00 1 4797.334
2014 04 07 23 45 00 1 4797.306
2014 04 08 00 00 00 1 4797.275
2014 04 08 00 15 00 1 4797.247
2014 04 08 00 30 00 1 4797.224
2014 04 08 00 45 00 1 4797.200
2014 04 08 01 00 00 1 4797.178
2014 04 08 01 15 00 1 4797.155
2014 04 08 01 30 00 1 4797.136
2014 04 08 01 45 00 1 4797.123
2014 04 08 02 00 00 1 4797.108
2014 04 08 02 15 00 1 4797.098
2014 04 08 02 30 00 1 4797.089
2014 04 08 02 45 00 1 4797.087
2014 04 08 03 00 00 1 4797.085
2014 04 08 03 15 00 1 4797.085
2014 04 08 03 30 00 1 4797.091
2014 04 08 03 45 00 1 4797.099
2014 04 08 04 00 00 1 4797.107
2014 04 08 04 15 00 1 4797.118
2014 04 08 04 30 00 1 4797.132
2014 04 08 04 45 00 1 4797.150
2014 04 08 05 00 00 1 4797.167
2014 04 08 05 15 00 1 4797.184
2014 04 08 05 30 00 1 4797.204
2014 04 08 05 45 00 1 4797.227
2014 04 08 06 00 00 1 4797.247
2014 04 08 06 15 00 1 4797.267
2014 04 08 06 30 00 1 4797.287
2014 04 08 06 45 00 1 4797.306
2014 04 08 07 00 00 1 4797.324
2014 04 08 07 15 00 1 4797.340
2014 04 08 07 30 00 1 4797.355
2014 04 08 07 45 00 1 4797.366
2014 04 08 08 00 00 1 4797.372
2014 04 08 08 15 00 1 4797.380
2014 04 08 08 30 00 1 4797.385
2014 04 08 08 45 00 1 4797.383
2014 04 08 09 00 00 1 4797.381
2014 04 08 09 15 00 1 4797.377
2014 04 08 09 30 00 1 4797.373
2014 04 08 09 45 00 1 4797.365
2014 04 08 10 00 00 1 4797.354
2014 04 08 10 15 00 1 4797.346
2014 04 08 10 30 00 1 4797.330
2014 04 08 10 45 00 1 4797.318
2014 04 08 11 00 00 1 4797.302
2014 04 08 11 15 00 1 4797.290
2014 04 08 11 30 00 1 4797.275
2014 04 08 11 45 00 1 4797.260
2014 04 08 12 00 00 1 4797.243
2014 04 08 12 15 00 1 4797.232
2014 04 08 12 30 00 1 4797.222
2014 04 08 12 45 00 1 4797.210
2014 04 08 13 00 00 1 4797.204
2014 04 08 13 15 00 1 4797.198
2014 04 08 13 30 00 1 4797.194
2014 04 08 13 45 00 1 4797.195
2014 04 08 14 00 00 1 4797.194
2014 04 08 14 15 00 1 4797.196
2014 04 08 14 30 00 1 4797.202
2014 04 08 14 45 00 1 4797.207
2014 04 08 15 00 00 1 4797.216
2014 04 08 15 15 00 1 4797.231
2014 04 08 15 30 00 1 4797.245
2014 04 08 15 45 00 1 4797.263
2014 04 08 16 00 00 1 4797.283
2014 04 08 16 15 00 1 4797.305
2014 04 08 16 30 00 1 4797.328
2014 04 08 16 45 00 1 4797.354
2014 04 08 17 00 00 1 4797.380
2014 04 08 17 15 00 1 4797.405
2014 04 08 17 30 00 1 4797.430
2014 04 08 17 45 00 1 4797.456
2014 04 08 18 00 00 1 4797.482
2014 04 08 18 15 00 1 4797.507
2014 04 08 18 30 00 1 4797.528
2014 04 08 18 45 00 1 4797.550
2014 04 08 19 00 00 1 4797.567
2014 04 08 19 15 00 1 4797.583
2014 04 08 19 30 00 1 4797.598
2014 04 08 19 45 00 1 4797.608
2014 04 08 20 00 00 1 4797.616
2014 04 08 20 15 00 1 4797.619
2014 04 08 20 30 00 1 4797.621
2014 04 08 20 45 00 1 4797.620
2014 04 08 21 00 00 1 4797.616
2014 04 08 21 15 00 1 4797.610
2014 04 08 21 30 00 1 4797.600
2014 04 08 21 45 00 1 4797.588
2014 04 08 22 00 00 1 4797.569
2014 04 08 22 15 00 1 4797.551
2014 04 08 22 30 00 1 4797.531
2014 04 08 22 45 00 1 4797.508
2014 04 08 23 00 00 1 4797.484
2014 04 08 23 15 00 1 4797.457
2014 04 08 23 30 00 1 4797.429
2014 04 08 23 45 00 1 4797.402
