#YY  MM DD hh mm ss T   HEIGHT
#yr  mo dy hr mn  s -        m
2014 03 02 00 00 00 1 4068.023
2014 03 02 00 15 00 1 4068.092
2014 03 02 00 30 00 1 4068.154
2014 03 02 00 45 00 1 4068.210
2014 03 02 01 00 00 1 4068.257
2014 03 02 01 15 00 1 4068.294
2014 03 02 01 30 00 1 4068.323
2014 03 02 01 45 00 1 4068.341
2014 03 02 02 00 00 1 4068.350
2014 03 02 02 15 00 1 4068.350
2014 03 02 02 30 00 1 4068.338
2014 03 02 02 45 00 1 4068.315
2014 03 02 03 00 00 1 4068.282
2014 03 02 03 15 00 1 4068.239
2014 03 02 03 30 00 1 4068.187
2014 03 02 03 45 00 1 4068.128
2014 03 02 04 00 00 1 4068.061
2014 03 02 04 15 00 1 4067.987
2014 03 02 04 30 00 1 4067.912
2014 03 02 04 45 00 1 4067.832
2014 03 02 05 00 00 1 4067.749
2014 03 02 05 15 00 1 4067.663
2014 03 02 05 30 00 1 4067.579
2014 03 02 05 45 00 1 4067.497
2014 03 02 06 00 00 1 4067.415
2014 03 02 06 15 00 1 4067.337
2014 03 02 06 30 00 1 4067.265
2014 03 02 06 45 00 1 4067.198
2014 03 02 07 00 00 1 4067.137
2014 03 02 07 15 00 1 4067.085
2014 03 02 07 30 00 1 4067.042
2014 03 02 07 45 00 1 4067.008
2014 03 02 08 00 00 1 4066.985
2014 03 02 08 15 00 1 4066.972
2014 03 02 08 30 00 1 4066.971
2014 03 02 08 45 00 1 4066.978
2014 03 02 09 00 00 1 4066.991
2014 03 02 09 15 00 1 4067.019
2014 03 02 09 30 00 1 4067.053
2014 03 02 09 45 00 1 4067.097
2014 03 02 10 00 00 1 4067.150
2014 03 02 10 15 00 1 4067.209
2014 03 02 10 30 00 1 4067.274
2014 03 02 10 45 00 1 4067.343
2014 03 02 11 00 00 1 4067.418
2014 03 02 11 15 00 1 4067.491
2014 03 02 11 30 00 1 4067.565
2014 03 02 11 45 00 1 4067.640
2014 03 02 12 00 00 1 4067.711
2014 03 02 12 15 00 1 4067.780
2014 03 02 12 30 00 1 4067.843
2014 03 02 12 45 00 1 4067.902
2014 03 02 13 00 00 1 4067.956
2014 03 02 13 15 00 1 4068.003
2014 03 02 13 30 00 1 4068.042
2014 03 02 13 45 00 1 4068.074
2014 03 02 14 00 00 1 4068.095
2014 03 02 14 15 00 1 4068.109
2014 03 02 14 30 00 1 4068.114
2014 03 02 14 45 00 1 4068.111
2014 03 02 15 00 00 1 4068.099
2014 03 02 15 15 00 1 4068.076
2014 03 02 15 30 00 1 4068.043
2014 03 02 15 45 00 1 4068.008
2014 03 02 16 00 00 1 4067.962
2014 03 02 16 15 00 1 4067.911
2014 03 02 16 30 00 1 4067.851
2014 03 02 16 45 00 1 4067.789
2014 03 02 17 00 00 1 4067.723
2014 03 02 17 15 00 1 4067.658
2014 03 02 17 30 00 1 4067.587
2014 03 02 17 45 00 1 4067.517
2014 03 02 18 00 00 1 4067.448
2014 03 02 18 15 00 1 4067.380
2014 03 02 18 30 00 1 4067.312
2014 03 02 18 45 00 1 4067.254
2014 03 02 19 00 00 1 4067.198
2014 03 02 19 15 00 1 4067.146
2014 03 02 19 30 00 1 4067.102
2014 03 02 19 45 00 1 4067.067
2014 03 02 20 00 00 1 4067.042
2014 03 02 20 15 00 1 4067.025
2014 03 02 20 30 00 1 4067.015
2014 03 02 20 45 00 1 4067.016
2014 03 02 21 00 00 1 4067.027
2014 03 02 21 15 00 1 4067.049
2014 03 02 21 30 00 1 4067.078
2014 03 02 21 45 00 1 4067.118
2014 03 02 22 00 00 1 4067.164
2014 03 02 22 15 00 1 4067.219
2014 03 02 22 30 00 1 4067.284
2014 03 02 22 45 00 1 4067.356
2014 03 02 23 00 00 1 4067.432
2014 03 02 23 15 00 1 4067.512
2014 03 02 23 30 00 1 4067.595
2014 03 02 23 45 00 1 4067.676
2014 03 03 00 00 00 1 4067.756
2014 03 03 00 15 00 1 4067.841
2014 03 03 00 30 00 1 4067.918
2014 03 03 00 45 00 1 4067.989
2014 03 03 01 00 00 1 4068.059
2014 03 03 01 15 00 1 4068.118
2014 03 03 01 30 00 1 4068.173
2014 03 03 01 45 00 1 4068.221
2014 03 03 02 00 00 1 4068.259
2014 03 03 02 15 00 1 4068.289
2014 03 03 02 30 00 1 4068.310
2014 03 03 02 45 00 1 4068.317
2014 03 03 03 00 00 1 4068.312
2014 03 03 03 15 00 1 4068.300
2014 03 03 03 30 00 1 4068.278
2014 03 03 03 45 00 1 4068.247
2014 03 03 04 00 00 1 4068.206
2014 03 03 04 15 00 1 4068.157
2014 03 03 04 30 00 1 4068.099
2014 03 03 04 45 00 1 4068.033
2014 03 03 05 00 00 1 4067.966
2014 03 03 05 15 00 1 4067.888
2014 03 03 05 30 00 1 4067.806
2014 03 03 05 45 00 1 4067.725
2014 03 03 06 00 00 1 4067.641
2014 03 03 06 15 00 1 4067.558
2014 03 03 06 30 00 1 4067.478
2014 03 03 06 45 00 1 4067.400
2014 03 03 07 00 00 1 4067.325
2014 03 03 07 15 00 1 4067.256
2014 03 03 07 30 00 1 4067.192
2014 03 03 07 45 00 1 4067.138
2014 03 03 08 00 00 1 4067.090
2014 03 03 08 15 00 1 4067.050
2014 03 03 08 30 00 1 4067.019
2014 03 03 08 45 00 1 4066.998
2014 03 03 09 00 00 1 4066.991
2014 03 03 09 15 00 1 4066.991
2014 03 03 09 30 00 1 4067.000
2014 03 03 09 45 00 1 4067.019
2014 03 03 10 00 00 1 4067.051
2014 03 03 10 15 00 1 4067.089
2014 03 03 10 30 00 1 4067.137
2014 03 03 10 45 00 1 4067.193
2014 03 03 11 00 00 1 4067.255
2014 03 03 11 15 00 1 4067.322
2014 03 03 11 30 00 1 4067.392
2014 03 03 11 45 00 1 4067.464
2014 03 03 12 00 00 1 4067.541
2014 03 03 12 15 00 1 4067.616
2014 03 03 12 30 00 1 4067.692
2014 03 03 12 45 00 1 4067.767
2014 03 03 13 00 00 1 4067.839
2014 03 03 13 15 00 1 4067.902
2014 03 03 13 30 00 1 4067.964
2014 03 03 13 45 00 1 4068.019
2014 03 03 14 00 00 1 4068.067
2014 03 03 14 15 00 1 4068.106
2014 03 03 14 30 00 1 4068.137
2014 03 03 14 45 00 1 4068.158
2014 03 03 15 00 00 1 4068.172
2014 03 03 15 15 00 1 4068.176
2014 03 03 15 30 00 1 4068.169
2014 03 03 15 45 00 1 4068.154
2014 03 03 16 00 00 1 4068.130
2014 03 03 16 15 00 1 4068.097
2014 03 03 16 30 00 1 4068.059
2014 03 03 16 45 00 1 4068.013
2014 03 03 17 00 00 1 4067.960
2014 03 03 17 15 00 1 4067.904
2014 03 03 17 30 00 1 4067.842
2014 03 03 17 45 00 1 4067.776
2014 03 03 18 00 00 1 4067.710
2014 03 03 18 15 00 1 4067.637
2014 03 03 18 30 00 1 4067.568
2014 03 03 18 45 00 1 4067.494
2014 03 03 19 00 00 1 4067.424
2014 03 03 19 15 00 1 4067.358
2014 03 03 19 30 00 1 4067.294
2014 03 03 19 45 00 1 4067.237
2014 03 03 20 00 00 1 4067.186
2014 03 03 20 15 00 1 4067.140
2014 03 03 20 30 00 1 4067.103
2014 03 03 20 45 00 1 4067.078
2014 03 03 21 00 00 1 4067.056
2014 03 03 21 15 00 1 4067.045
2014 03 03 21 30 00 1 4067.044
2014 03 03 21 45 00 1 4067.051
2014 03 03 22 00 00 1 4067.066
2014 03 03 22 15 00 1 4067.092
2014 03 03 22 30 00 1 4067.127
2014 03 03 22 45 00 1 4067.168
2014 03 03 23 00 00 1 4067.220
2014 03 03 23 15 00 1 4067.278
2014 03 03 23 30 00 1 4067.346
2014 03 03 23 45 00 1 4067.414
2014 03 04 00 00 00 1 4067.485
2014 03 04 00 15 00 1 4067.562
2014 03 04 00 30 00 1 4067.638
2014 03 04 00 45 00 1 4067.715
2014 03 04 01 00 00 1 4067.791
2014 03 04 01 15 00 1 4067.862
2014 03 04 01 30 00 1 4067.929
2014 03 04 01 45 00 1 4067.996
2014 03 04 02 00 00 1 4068.054
2014 03 04 02 15 00 1 4068.109
2014 03 04 02 30 00 1 4068.153
2014 03 04 02 45 00 1 4068.190
2014 03 04 03 00 00 1 4068.218
2014 03 04 03 15 00 1 4068.238
2014 03 04 03 30 00 1 4068.245
2014 03 04 03 45 00 1 4068.241
2014 03 04 04 00 00 1 4068.230
2014 03 04 04 15 00 1 4068.211
2014 03 04 04 30 00 1 4068.179
2014 03 04 04 45 00 1 4068.139
2014 03 04 05 00 00 1 4068.092
2014 03 04 05 15 00 1 4068.037
2014 03 04 05 30 00 1 4067.974
2014 03 04 05 45 00 1 4067.908
2014 03 04 06 00 00 1 4067.837
2014 03 04 06 15 00 1 4067.762
2014 03 04 06 30 00 1 4067.684
2014 03 04 06 45 00 1 4067.608
2014 03 04 07 00 00 1 4067.531
2014 03 04 07 15 00 1 4067.455
2014 03 04 07 30 00 1 4067.385
2014 03 04 07 45 00 1 4067.316
2014 03 04 08 00 00 1 4067.255
2014 03 04 08 15 00 1 4067.202
2014 03 04 08 30 00 1 4067.154
2014 03 04 08 45 00 1 4067.110
2014 03 04 09 00 00 1 4067.080
2014 03 04 09 15 00 1 4067.055
2014 03 04 09 30 00 1 4067.040
2014 03 04 09 45 00 1 4067.033
2014 03 04 10 00 00 1 4067.034
2014 03 04 10 15 00 1 4067.049
2014 03 04 10 30 00 1 4067.068
2014 03 04 10 45 00 1 4067.095
2014 03 04 11 00 00 1 4067.134
2014 03 04 11 15 00 1 4067.180
2014 03 04 11 30 00 1 4067.233
2014 03 04 11 45 00 1 4067.295
2014 03 04 12 00 00 1 4067.358
2014 03 04 12 15 00 1 4067.429
2014 03 04 12 30 00 1 4067.503
2014 03 04 12 45 00 1 4067.577
2014 03 04 13 00 00 1 4067.648
2014 03 04 13 15 00 1 4067.719
2014 03 04 13 30 00 1 4067.791
2014 03 04 13 45 00 1 4067.858
2014 03 04 14 00 00 1 4067.918
2014 03 04 14 15 00 1 4067.979
2014 03 04 14 30 00 1 4068.033
2014 03 04 14 45 00 1 4068.080
2014 03 04 15 00 00 1 4068.118
2014 03 04 15 15 00 1 4068.149
2014 03 04 15 30 00 1 4068.169
2014 03 04 15 45 00 1 4068.179
2014 03 04 16 00 00 1 4068.180
2014 03 04 16 15 00 1 4068.175
2014 03 04 16 30 00 1 4068.161
2014 03 04 16 45 00 1 4068.139
2014 03 04 17 00 00 1 4068.110
2014 03 04 17 15 00 1 4068.074
2014 03 04 17 30 00 1 4068.028
2014 03 04 17 45 00 1 4067.978
2014 03 04 18 00 00 1 4067.925
2014 03 04 18 15 00 1 4067.862
2014 03 04 18 30 00 1 4067.800
2014 03 04 18 45 00 1 4067.736
2014 03 04 19 00 00 1 4067.671
2014 03 04 19 15 00 1 4067.605
2014 03 04 19 30 00 1 4067.536
2014 03 04 19 45 00 1 4067.473
2014 03 04 20 00 00 1 4067.412
2014 03 04 20 15 00 1 4067.351
2014 03 04 20 30 00 1 4067.296
2014 03 04 20 45 00 1 4067.249
2014 03 04 21 00 00 1 4067.203
2014 03 04 21 15 00 1 4067.163
2014 03 04 21 30 00 1 4067.133
2014 03 04 21 45 00 1 4067.107
2014 03 04 22 00 00 1 4067.093
2014 03 04 22 15 00 1 4067.085
2014 03 04 22 30 00 1 4067.085
2014 03 04 22 45 00 1 4067.095
2014 03 04 23 00 00 1 4067.115
2014 03 04 23 15 00 1 4067.141
2014 03 04 23 30 00 1 4067.177
2014 03 04 23 45 00 1 4067.219
2014 03 05 00 00 00 1 4067.270
2014 03 05 00 15 00 1 4067.324
2014 03 05 00 30 00 1 4067.383
2014 03 05 00 45 00 1 4067.447
2014 03 05 01 00 00 1 4067.510
2014 03 05 01 15 00 1 4067.577
2014 03 05 01 30 00 1 4067.645
2014 03 05 01 45 00 1 4067.710
2014 03 05 02 00 00 1 4067.774
2014 03 05 02 15 00 1 4067.833
2014 03 05 02 30 00 1 4067.890
2014 03 05 02 45 00 1 4067.939
2014 03 05 03 00 00 1 4067.982
2014 03 05 03 15 00 1 4068.020
2014 03 05 03 30 00 1 4068.052
2014 03 05 03 45 00 1 4068.075
2014 03 05 04 00 00 1 4068.091
2014 03 05 04 15 00 1 4068.096
2014 03 05 04 30 00 1 4068.095
2014 03 05 04 45 00 1 4068.083
2014 03 05 05 00 00 1 4068.064
2014 03 05 05 15 00 1 4068.037
2014 03 05 05 30 00 1 4068.004
2014 03 05 05 45 00 1 4067.964
2014 03 05 06 00 00 1 4067.917
2014 03 05 06 15 00 1 4067.865
2014 03 05 06 30 00 1 4067.807
2014 03 05 06 45 00 1 4067.747
2014 03 05 07 00 00 1 4067.685
2014 03 05 07 15 00 1 4067.618
2014 03 05 07 30 00 1 4067.553
2014 03 05 07 45 00 1 4067.486
2014 03 05 08 00 00 1 4067.422
2014 03 05 08 15 00 1 4067.363
2014 03 05 08 30 00 1 4067.304
2014 03 05 08 45 00 1 4067.252
2014 03 05 09 00 00 1 4067.206
2014 03 05 09 15 00 1 4067.166
2014 03 05 09 30 00 1 4067.134
2014 03 05 09 45 00 1 4067.106
2014 03 05 10 00 00 1 4067.089
2014 03 05 10 15 00 1 4067.079
2014 03 05 10 30 00 1 4067.078
2014 03 05 10 45 00 1 4067.087
2014 03 05 11 00 00 1 4067.101
2014 03 05 11 15 00 1 4067.124
2014 03 05 11 30 00 1 4067.154
2014 03 05 11 45 00 1 4067.191
2014 03 05 12 00 00 1 4067.238
2014 03 05 12 15 00 1 4067.287
2014 03 05 12 30 00 1 4067.343
2014 03 05 12 45 00 1 4067.403
2014 03 05 13 00 00 1 4067.468
2014 03 05 13 15 00 1 4067.533
2014 03 05 13 30 00 1 4067.600
2014 03 05 13 45 00 1 4067.666
2014 03 05 14 00 00 1 4067.732
2014 03 05 14 15 00 1 4067.796
2014 03 05 14 30 00 1 4067.855
2014 03 05 14 45 00 1 4067.910
2014 03 05 15 00 00 1 4067.963
2014 03 05 15 15 00 1 4068.009
2014 03 05 15 30 00 1 4068.051
2014 03 05 15 45 00 1 4068.081
2014 03 05 16 00 00 1 4068.107
2014 03 05 16 15 00 1 4068.129
2014 03 05 16 30 00 1 4068.140
2014 03 05 16 45 00 1 4068.145
2014 03 05 17 00 00 1 4068.144
2014 03 05 17 15 00 1 4068.133
2014 03 05 17 30 00 1 4068.113
2014 03 05 17 45 00 1 4068.089
2014 03 05 18 00 00 1 4068.061
2014 03 05 18 15 00 1 4068.024
2014 03 05 18 30 00 1 4067.983
2014 03 05 18 45 00 1 4067.938
2014 03 05 19 00 00 1 4067.887
2014 03 05 19 15 00 1 4067.832
2014 03 05 19 30 00 1 4067.776
2014 03 05 19 45 00 1 4067.718
2014 03 05 20 00 00 1 4067.658
2014 03 05 20 15 00 1 4067.599
2014 03 05 20 30 00 1 4067.539
2014 03 05 20 45 00 1 4067.484
2014 03 05 21 00 00 1 4067.429
2014 03 05 21 15 00 1 4067.384
2014 03 05 21 30 00 1 4067.339
2014 03 05 21 45 00 1 4067.299
2014 03 05 22 00 00 1 4067.265
2014 03 05 22 15 00 1 4067.236
2014 03 05 22 30 00 1 4067.216
2014 03 05 22 45 00 1 4067.200
2014 03 05 23 00 00 1 4067.190
2014 03 05 23 15 00 1 4067.187
2014 03 05 23 30 00 1 4067.190
2014 03 05 23 45 00 1 4067.204
2014 03 06 00 00 00 1 4067.223
2014 03 06 00 15 00 1 4067.246
2014 03 06 00 30 00 1 4067.278
2014 03 06 00 45 00 1 4067.316
2014 03 06 01 00 00 1 4067.353
2014 03 06 01 15 00 1 4067.397
2014 03 06 01 30 00 1 4067.447
2014 03 06 01 45 00 1 4067.498
2014 03 06 02 00 00 1 4067.551
2014 03 06 02 15 00 1 4067.604
2014 03 06 02 30 00 1 4067.657
2014 03 06 02 45 00 1 4067.705
2014 03 06 03 00 00 1 4067.754
2014 03 06 03 15 00 1 4067.797
2014 03 06 03 30 00 1 4067.836
2014 03 06 03 45 00 1 4067.871
2014 03 06 04 00 00 1 4067.903
2014 03 06 04 15 00 1 4067.927
2014 03 06 04 30 00 1 4067.948
2014 03 06 04 45 00 1 4067.960
2014 03 06 05 00 00 1 4067.964
2014 03 06 05 15 00 1 4067.964
2014 03 06 05 30 00 1 4067.955
2014 03 06 05 45 00 1 4067.940
2014 03 06 06 00 00 1 4067.919
2014 03 06 06 15 00 1 4067.894
2014 03 06 06 30 00 1 4067.862
2014 03 06 06 45 00 1 4067.827
2014 03 06 07 00 00 1 4067.785
2014 03 06 07 15 00 1 4067.740
2014 03 06 07 30 00 1 4067.693
2014 03 06 07 45 00 1 4067.645
2014 03 06 08 00 00 1 4067.592
2014 03 06 08 15 00 1 4067.539
2014 03 06 08 30 00 1 4067.486
2014 03 06 08 45 00 1 4067.437
2014 03 06 09 00 00 1 4067.390
2014 03 06 09 15 00 1 4067.345
2014 03 06 09 30 00 1 4067.307
2014 03 06 09 45 00 1 4067.271
2014 03 06 10 00 00 1 4067.241
2014 03 06 10 15 00 1 4067.218
2014 03 06 10 30 00 1 4067.197
2014 03 06 10 45 00 1 4067.182
2014 03 06 11 00 00 1 4067.176
2014 03 06 11 15 00 1 4067.174
2014 03 06 11 30 00 1 4067.181
2014 03 06 11 45 00 1 4067.194
2014 03 06 12 00 00 1 4067.212
2014 03 06 12 15 00 1 4067.238
2014 03 06 12 30 00 1 4067.270
2014 03 06 12 45 00 1 4067.312
2014 03 06 13 00 00 1 4067.356
2014 03 06 13 15 00 1 4067.404
2014 03 06 13 30 00 1 4067.453
2014 03 06 13 45 00 1 4067.507
2014 03 06 14 00 00 1 4067.562
2014 03 06 14 15 00 1 4067.617
2014 03 06 14 30 00 1 4067.674
2014 03 06 14 45 00 1 4067.732
2014 03 06 15 00 00 1 4067.785
2014 03 06 15 15 00 1 4067.836
2014 03 06 15 30 00 1 4067.885
2014 03 06 15 45 00 1 4067.929
2014 03 06 16 00 00 1 4067.970
2014 03 06 16 15 00 1 4068.002
2014 03 06 16 30 00 1 4068.032
2014 03 06 16 45 00 1 4068.056
2014 03 06 17 00 00 1 4068.074
2014 03 06 17 15 00 1 4068.083
2014 03 06 17 30 00 1 4068.088
2014 03 06 17 45 00 1 4068.087
2014 03 06 18 00 00 1 4068.081
2014 03 06 18 15 00 1 4068.068
2014 03 06 18 30 00 1 4068.051
2014 03 06 18 45 00 1 4068.028
2014 03 06 19 00 00 1 4068.003
2014 03 06 19 15 00 1 4067.969
2014 03 06 19 30 00 1 4067.930
2014 03 06 19 45 00 1 4067.888
2014 03 06 20 00 00 1 4067.845
2014 03 06 20 15 00 1 4067.797
2014 03 06 20 30 00 1 4067.748
2014 03 06 20 45 00 1 4067.699
2014 03 06 21 00 00 1 4067.649
2014 03 06 21 15 00 1 4067.604
2014 03 06 21 30 00 1 4067.556
2014 03 06 21 45 00 1 4067.512
2014 03 06 22 00 00 1 4067.467
2014 03 06 22 15 00 1 4067.426
2014 03 06 22 30 00 1 4067.389
2014 03 06 22 45 00 1 4067.355
2014 03 06 23 00 00 1 4067.331
2014 03 06 23 15 00 1 4067.307
2014 03 06 23 30 00 1 4067.289
2014 03 06 23 45 00 1 4067.278
2014 03 07 00 00 00 1 4067.270
2014 03 07 00 15 00 1 4067.265
2014 03 07 00 30 00 1 4067.269
2014 03 07 00 45 00 1 4067.279
2014 03 07 01 00 00 1 4067.294
2014 03 07 01 15 00 1 4067.311
2014 03 07 01 30 00 1 4067.335
2014 03 07 01 45 00 1 4067.362
2014 03 07 02 00 00 1 4067.395
2014 03 07 02 15 00 1 4067.431
2014 03 07 02 30 00 1 4067.466
2014 03 07 02 45 00 1 4067.505
2014 03 07 03 00 00 1 4067.542
2014 03 07 03 15 00 1 4067.582
2014 03 07 03 30 00 1 4067.622
2014 03 07 03 45 00 1 4067.659
2014 03 07 04 00 00 1 4067.695
2014 03 07 04 15 00 1 4067.728
2014 03 07 04 30 00 1 4067.758
2014 03 07 04 45 00 1 4067.787
2014 03 07 05 00 00 1 4067.808
2014 03 07 05 15 00 1 4067.825
2014 03 07 05 30 00 1 4067.836
2014 03 07 05 45 00 1 4067.842
2014 03 07 06 00 00 1 4067.845
2014 03 07 06 15 00 1 4067.841
2014 03 07 06 30 00 1 4067.833
2014 03 07 06 45 00 1 4067.819
2014 03 07 07 00 00 1 4067.802
2014 03 07 07 15 00 1 4067.781
2014 03 07 07 30 00 1 4067.755
2014 03 07 07 45 00 1 4067.727
2014 03 07 08 00 00 1 4067.696
2014 03 07 08 15 00 1 4067.661
2014 03 07 08 30 00 1 4067.625
2014 03 07 08 45 00 1 4067.585
2014 03 07 09 00 00 1 4067.547
2014 03 07 09 15 00 1 4067.507
2014 03 07 09 30 00 1 4067.470
2014 03 07 09 45 00 1 4067.434
2014 03 07 10 00 00 1 4067.401
2014 03 07 10 15 00 1 4067.374
2014 03 07 10 30 00 1 4067.345
2014 03 07 10 45 00 1 4067.320
2014 03 07 11 00 00 1 4067.300
2014 03 07 11 15 00 1 4067.285
2014 03 07 11 30 00 1 4067.274
2014 03 07 11 45 00 1 4067.268
2014 03 07 12 00 00 1 4067.266
2014 03 07 12 15 00 1 4067.272
2014 03 07 12 30 00 1 4067.282
2014 03 07 12 45 00 1 4067.296
2014 03 07 13 00 00 1 4067.315
2014 03 07 13 15 00 1 4067.340
2014 03 07 13 30 00 1 4067.370
2014 03 07 13 45 00 1 4067.405
2014 03 07 14 00 00 1 4067.443
2014 03 07 14 15 00 1 4067.483
2014 03 07 14 30 00 1 4067.530
2014 03 07 14 45 00 1 4067.574
2014 03 07 15 00 00 1 4067.621
2014 03 07 15 15 00 1 4067.665
2014 03 07 15 30 00 1 4067.710
2014 03 07 15 45 00 1 4067.753
2014 03 07 16 00 00 1 4067.794
2014 03 07 16 15 00 1 4067.833
2014 03 07 16 30 00 1 4067.873
2014 03 07 16 45 00 1 4067.909
2014 03 07 17 00 00 1 4067.944
2014 03 07 17 15 00 1 4067.970
2014 03 07 17 30 00 1 4067.992
2014 03 07 17 45 00 1 4068.012
2014 03 07 18 00 00 1 4068.026
2014 03 07 18 15 00 1 4068.033
2014 03 07 18 30 00 1 4068.036
2014 03 07 18 45 00 1 4068.035
2014 03 07 19 00 00 1 4068.030
2014 03 07 19 15 00 1 4068.020
2014 03 07 19 30 00 1 4068.006
2014 03 07 19 45 00 1 4067.987
2014 03 07 20 00 00 1 4067.964
2014 03 07 20 15 00 1 4067.937
2014 03 07 20 30 00 1 4067.908
2014 03 07 20 45 00 1 4067.876
2014 03 07 21 00 00 1 4067.840
2014 03 07 21 15 00 1 4067.803
2014 03 07 21 30 00 1 4067.766
2014 03 07 21 45 00 1 4067.730
2014 03 07 22 00 00 1 4067.690
2014 03 07 22 15 00 1 4067.653
2014 03 07 22 30 00 1 4067.613
2014 03 07 22 45 00 1 4067.576
2014 03 07 23 00 00 1 4067.543
2014 03 07 23 15 00 1 4067.507
2014 03 07 23 30 00 1 4067.477
2014 03 07 23 45 00 1 4067.446
2014 03 08 00 00 00 1 4067.420
2014 03 08 00 15 00 1 4067.397
2014 03 08 00 30 00 1 4067.383
2014 03 08 00 45 00 1 4067.365
2014 03 08 01 00 00 1 4067.357
2014 03 08 01 15 00 1 4067.353
2014 03 08 01 30 00 1 4067.351
2014 03 08 01 45 00 1 4067.353
2014 03 08 02 00 00 1 4067.359
2014 03 08 02 15 00 1 4067.370
2014 03 08 02 30 00 1 4067.385
2014 03 08 02 45 00 1 4067.403
2014 03 08 03 00 00 1 4067.426
2014 03 08 03 15 00 1 4067.452
2014 03 08 03 30 00 1 4067.477
2014 03 08 03 45 00 1 4067.503
2014 03 08 04 00 00 1 4067.531
2014 03 08 04 15 00 1 4067.559
2014 03 08 04 30 00 1 4067.586
2014 03 08 04 45 00 1 4067.613
2014 03 08 05 00 00 1 4067.638
2014 03 08 05 15 00 1 4067.663
2014 03 08 05 30 00 1 4067.685
2014 03 08 05 45 00 1 4067.702
2014 03 08 06 00 00 1 4067.718
2014 03 08 06 15 00 1 4067.729
2014 03 08 06 30 00 1 4067.739
2014 03 08 06 45 00 1 4067.744
2014 03 08 07 00 00 1 4067.745
2014 03 08 07 15 00 1 4067.742
2014 03 08 07 30 00 1 4067.737
2014 03 08 07 45 00 1 4067.730
2014 03 08 08 00 00 1 4067.719
2014 03 08 08 15 00 1 4067.704
2014 03 08 08 30 00 1 4067.688
2014 03 08 08 45 00 1 4067.666
2014 03 08 09 00 00 1 4067.643
2014 03 08 09 15 00 1 4067.618
2014 03 08 09 30 00 1 4067.594
2014 03 08 09 45 00 1 4067.563
2014 03 08 10 00 00 1 4067.536
2014 03 08 10 15 00 1 4067.508
2014 03 08 10 30 00 1 4067.482
2014 03 08 10 45 00 1 4067.459
2014 03 08 11 00 00 1 4067.434
2014 03 08 11 15 00 1 4067.411
2014 03 08 11 30 00 1 4067.391
2014 03 08 11 45 00 1 4067.375
2014 03 08 12 00 00 1 4067.360
2014 03 08 12 15 00 1 4067.350
2014 03 08 12 30 00 1 4067.342
2014 03 08 12 45 00 1 4067.339
2014 03 08 13 00 00 1 4067.340
2014 03 08 13 15 00 1 4067.347
2014 03 08 13 30 00 1 4067.355
2014 03 08 13 45 00 1 4067.371
2014 03 08 14 00 00 1 4067.387
2014 03 08 14 15 00 1 4067.408
2014 03 08 14 30 00 1 4067.430
2014 03 08 14 45 00 1 4067.456
2014 03 08 15 00 00 1 4067.486
2014 03 08 15 15 00 1 4067.515
2014 03 08 15 30 00 1 4067.550
2014 03 08 15 45 00 1 4067.588
2014 03 08 16 00 00 1 4067.624
2014 03 08 16 15 00 1 4067.661
2014 03 08 16 30 00 1 4067.696
2014 03 08 16 45 00 1 4067.731
2014 03 08 17 00 00 1 4067.764
2014 03 08 17 15 00 1 4067.796
2014 03 08 17 30 00 1 4067.826
2014 03 08 17 45 00 1 4067.854
2014 03 08 18 00 00 1 4067.883
2014 03 08 18 15 00 1 4067.903
2014 03 08 18 30 00 1 4067.924
2014 03 08 18 45 00 1 4067.943
2014 03 08 19 00 00 1 4067.957
2014 03 08 19 15 00 1 4067.965
2014 03 08 19 30 00 1 4067.971
2014 03 08 19 45 00 1 4067.976
2014 03 08 20 00 00 1 4067.976
2014 03 08 20 15 00 1 4067.970
2014 03 08 20 30 00 1 4067.962
2014 03 08 20 45 00 1 4067.948
2014 03 08 21 00 00 1 4067.931
2014 03 08 21 15 00 1 4067.909
2014 03 08 21 30 00 1 4067.885
2014 03 08 21 45 00 1 4067.857
2014 03 08 22 00 00 1 4067.829
2014 03 08 22 15 00 1 4067.800
2014 03 08 22 30 00 1 4067.767
2014 03 08 22 45 00 1 4067.734
2014 03 08 23 00 00 1 4067.700
2014 03 08 23 15 00 1 4067.667
2014 03 08 23 30 00 1 4067.630
2014 03 08 23 45 00 1 4067.599
2014 03 09 00 00 00 1 4067.564
2014 03 09 00 15 00 1 4067.533
2014 03 09 00 30 00 1 4067.504
2014 03 09 00 45 00 1 4067.472
2014 03 09 01 00 00 1 4067.446
2014 03 09 01 15 00 1 4067.422
2014 03 09 01 30 00 1 4067.401
2014 03 09 01 45 00 1 4067.381
2014 03 09 02 00 00 1 4067.369
2014 03 09 02 15 00 1 4067.356
2014 03 09 02 30 00 1 4067.347
2014 03 09 02 45 00 1 4067.343
2014 03 09 03 00 00 1 4067.339
2014 03 09 03 15 00 1 4067.343
2014 03 09 03 30 00 1 4067.352
2014 03 09 03 45 00 1 4067.362
2014 03 09 04 00 00 1 4067.377
2014 03 09 04 15 00 1 4067.392
2014 03 09 04 30 00 1 4067.411
2014 03 09 04 45 00 1 4067.429
2014 03 09 05 00 00 1 4067.450
2014 03 09 05 15 00 1 4067.472
2014 03 09 05 30 00 1 4067.493
2014 03 09 05 45 00 1 4067.514
2014 03 09 06 00 00 1 4067.536
2014 03 09 06 15 00 1 4067.555
2014 03 09 06 30 00 1 4067.576
2014 03 09 06 45 00 1 4067.595
2014 03 09 07 00 00 1 4067.611
2014 03 09 07 15 00 1 4067.625
2014 03 09 07 30 00 1 4067.638
2014 03 09 07 45 00 1 4067.646
2014 03 09 08 00 00 1 4067.651
2014 03 09 08 15 00 1 4067.659
2014 03 09 08 30 00 1 4067.659
2014 03 09 08 45 00 1 4067.657
2014 03 09 09 00 00 1 4067.650
2014 03 09 09 15 00 1 4067.643
2014 03 09 09 30 00 1 4067.633
2014 03 09 09 45 00 1 4067.622
2014 03 09 10 00 00 1 4067.605
2014 03 09 10 15 00 1 4067.591
2014 03 09 10 30 00 1 4067.571
2014 03 09 10 45 00 1 4067.553
2014 03 09 11 00 00 1 4067.535
2014 03 09 11 15 00 1 4067.515
2014 03 09 11 30 00 1 4067.497
2014 03 09 11 45 00 1 4067.479
2014 03 09 12 00 00 1 4067.463
2014 03 09 12 15 00 1 4067.448
2014 03 09 12 30 00 1 4067.433
2014 03 09 12 45 00 1 4067.417
2014 03 09 13 00 00 1 4067.404
2014 03 09 13 15 00 1 4067.396
2014 03 09 13 30 00 1 4067.390
2014 03 09 13 45 00 1 4067.386
2014 03 09 14 00 00 1 4067.389
2014 03 09 14 15 00 1 4067.392
2014 03 09 14 30 00 1 4067.398
2014 03 09 14 45 00 1 4067.408
2014 03 09 15 00 00 1 4067.420
2014 03 09 15 15 00 1 4067.437
2014 03 09 15 30 00 1 4067.452
2014 03 09 15 45 00 1 4067.473
2014 03 09 16 00 00 1 4067.496
2014 03 09 16 15 00 1 4067.525
2014 03 09 16 30 00 1 4067.553
2014 03 09 16 45 00 1 4067.580
2014 03 09 17 00 00 1 4067.611
2014 03 09 17 15 00 1 4067.642
2014 03 09 17 30 00 1 4067.671
2014 03 09 17 45 00 1 4067.702
2014 03 09 18 00 00 1 4067.736
2014 03 09 18 15 00 1 4067.763
2014 03 09 18 30 00 1 4067.793
2014 03 09 18 45 00 1 4067.822
2014 03 09 19 00 00 1 4067.848
2014 03 09 19 15 00 1 4067.870
2014 03 09 19 30 00 1 4067.894
2014 03 09 19 45 00 1 4067.913
2014 03 09 20 00 00 1 4067.927
2014 03 09 20 15 00 1 4067.939
2014 03 09 20 30 00 1 4067.945
2014 03 09 20 45 00 1 4067.950
2014 03 09 21 00 00 1 4067.949
2014 03 09 21 15 00 1 4067.948
2014 03 09 21 30 00 1 4067.946
2014 03 09 21 45 00 1 4067.934
2014 03 09 22 00 00 1 4067.922
2014 03 09 22 15 00 1 4067.904
2014 03 09 22 30 00 1 4067.888
2014 03 09 22 45 00 1 4067.868
2014 03 09 23 00 00 1 4067.843
2014 03 09 23 15 00 1 4067.817
2014 03 09 23 30 00 1 4067.792
2014 03 09 23 45 00 1 4067.762
2014 03 10 00 00 00 1 4067.733
2014 03 10 00 15 00 1 4067.698
2014 03 10 00 30 00 1 4067.664
2014 03 10 00 45 00 1 4067.632
2014 03 10 01 00 00 1 4067.599
2014 03 10 01 15 00 1 4067.565
2014 03 10 01 30 00 1 4067.532
2014 03 10 01 45 00 1 4067.503
2014 03 10 02 00 00 1 4067.473
2014 03 10 02 15 00 1 4067.443
2014 03 10 02 30 00 1 4067.420
2014 03 10 02 45 00 1 4067.397
2014 03 10 03 00 00 1 4067.377
2014 03 10 03 15 00 1 4067.360
2014 03 10 03 30 00 1 4067.348
2014 03 10 03 45 00 1 4067.336
2014 03 10 04 00 00 1 4067.332
2014 03 10 04 15 00 1 4067.332
2014 03 10 04 30 00 1 4067.337
2014 03 10 04 45 00 1 4067.343
2014 03 10 05 00 00 1 4067.355
2014 03 10 05 15 00 1 4067.367
2014 03 10 05 30 00 1 4067.380
2014 03 10 05 45 00 1 4067.394
2014 03 10 06 00 00 1 4067.414
2014 03 10 06 15 00 1 4067.431
2014 03 10 06 30 00 1 4067.454
2014 03 10 06 45 00 1 4067.477
2014 03 10 07 00 00 1 4067.497
2014 03 10 07 15 00 1 4067.520
2014 03 10 07 30 00 1 4067.543
2014 03 10 07 45 00 1 4067.563
2014 03 10 08 00 00 1 4067.582
2014 03 10 08 15 00 1 4067.599
2014 03 10 08 30 00 1 4067.616
2014 03 10 08 45 00 1 4067.634
2014 03 10 09 00 00 1 4067.650
2014 03 10 09 15 00 1 4067.661
2014 03 10 09 30 00 1 4067.670
2014 03 10 09 45 00 1 4067.673
2014 03 10 10 00 00 1 4067.673
2014 03 10 10 15 00 1 4067.672
2014 03 10 10 30 00 1 4067.666
2014 03 10 10 45 00 1 4067.663
2014 03 10 11 00 00 1 4067.654
2014 03 10 11 15 00 1 4067.643
2014 03 10 11 30 00 1 4067.632
2014 03 10 11 45 00 1 4067.619
2014 03 10 12 00 00 1 4067.603
2014 03 10 12 15 00 1 4067.585
2014 03 10 12 30 00 1 4067.566
2014 03 10 12 45 00 1 4067.547
2014 03 10 13 00 00 1 4067.529
2014 03 10 13 15 00 1 4067.511
2014 03 10 13 30 00 1 4067.495
2014 03 10 13 45 00 1 4067.480
2014 03 10 14 00 00 1 4067.467
2014 03 10 14 15 00 1 4067.456
2014 03 10 14 30 00 1 4067.445
2014 03 10 14 45 00 1 4067.438
2014 03 10 15 00 00 1 4067.430
2014 03 10 15 15 00 1 4067.428
2014 03 10 15 30 00 1 4067.429
2014 03 10 15 45 00 1 4067.432
2014 03 10 16 00 00 1 4067.439
2014 03 10 16 15 00 1 4067.450
2014 03 10 16 30 00 1 4067.465
2014 03 10 16 45 00 1 4067.478
2014 03 10 17 00 00 1 4067.500
2014 03 10 17 15 00 1 4067.524
2014 03 10 17 30 00 1 4067.550
2014 03 10 17 45 00 1 4067.578
2014 03 10 18 00 00 1 4067.607
2014 03 10 18 15 00 1 4067.636
2014 03 10 18 30 00 1 4067.671
2014 03 10 18 45 00 1 4067.701
2014 03 10 19 00 00 1 4067.734
2014 03 10 19 15 00 1 4067.767
2014 03 10 19 30 00 1 4067.798
2014 03 10 19 45 00 1 4067.828
2014 03 10 20 00 00 1 4067.855
2014 03 10 20 15 00 1 4067.883
2014 03 10 20 30 00 1 4067.906
2014 03 10 20 45 00 1 4067.927
2014 03 10 21 00 00 1 4067.944
2014 03 10 21 15 00 1 4067.961
2014 03 10 21 30 00 1 4067.971
2014 03 10 21 45 00 1 4067.977
2014 03 10 22 00 00 1 4067.981
2014 03 10 22 15 00 1 4067.984
2014 03 10 22 30 00 1 4067.980
2014 03 10 22 45 00 1 4067.971
2014 03 10 23 00 00 1 4067.962
2014 03 10 23 15 00 1 4067.942
2014 03 10 23 30 00 1 4067.925
2014 03 10 23 45 00 1 4067.904
2014 03 11 00 00 00 1 4067.876
2014 03 11 00 15 00 1 4067.849
2014 03 11 00 30 00 1 4067.820
2014 03 11 00 45 00 1 4067.789
2014 03 11 01 00 00 1 4067.757
2014 03 11 01 15 00 1 4067.721
2014 03 11 01 30 00 1 4067.682
2014 03 11 01 45 00 1 4067.646
2014 03 11 02 00 00 1 4067.608
2014 03 11 02 15 00 1 4067.570
2014 03 11 02 30 00 1 4067.535
2014 03 11 02 45 00 1 4067.499
2014 03 11 03 00 00 1 4067.465
2014 03 11 03 15 00 1 4067.435
2014 03 11 03 30 00 1 4067.404
2014 03 11 03 45 00 1 4067.380
2014 03 11 04 00 00 1 4067.357
2014 03 11 04 15 00 1 4067.339
2014 03 11 04 30 00 1 4067.322
2014 03 11 04 45 00 1 4067.312
2014 03 11 05 00 00 1 4067.307
2014 03 11 05 15 00 1 4067.304
2014 03 11 05 30 00 1 4067.305
2014 03 11 05 45 00 1 4067.313
2014 03 11 06 00 00 1 4067.322
2014 03 11 06 15 00 1 4067.335
2014 03 11 06 30 00 1 4067.350
2014 03 11 06 45 00 1 4067.368
2014 03 11 07 00 00 1 4067.389
2014 03 11 07 15 00 1 4067.411
2014 03 11 07 30 00 1 4067.434
2014 03 11 07 45 00 1 4067.463
2014 03 11 08 00 00 1 4067.491
2014 03 11 08 15 00 1 4067.518
2014 03 11 08 30 00 1 4067.544
2014 03 11 08 45 00 1 4067.569
2014 03 11 09 00 00 1 4067.593
2014 03 11 09 15 00 1 4067.616
2014 03 11 09 30 00 1 4067.637
2014 03 11 09 45 00 1 4067.653
2014 03 11 10 00 00 1 4067.668
2014 03 11 10 15 00 1 4067.678
2014 03 11 10 30 00 1 4067.689
2014 03 11 10 45 00 1 4067.696
2014 03 11 11 00 00 1 4067.700
2014 03 11 11 15 00 1 4067.700
2014 03 11 11 30 00 1 4067.695
2014 03 11 11 45 00 1 4067.688
2014 03 11 12 00 00 1 4067.677
2014 03 11 12 15 00 1 4067.667
2014 03 11 12 30 00 1 4067.650
2014 03 11 12 45 00 1 4067.630
2014 03 11 13 00 00 1 4067.612
2014 03 11 13 15 00 1 4067.592
2014 03 11 13 30 00 1 4067.569
2014 03 11 13 45 00 1 4067.546
2014 03 11 14 00 00 1 4067.520
2014 03 11 14 15 00 1 4067.499
2014 03 11 14 30 00 1 4067.476
2014 03 11 14 45 00 1 4067.454
2014 03 11 15 00 00 1 4067.435
2014 03 11 15 15 00 1 4067.419
2014 03 11 15 30 00 1 4067.402
2014 03 11 15 45 00 1 4067.391
2014 03 11 16 00 00 1 4067.381
2014 03 11 16 15 00 1 4067.373
2014 03 11 16 30 00 1 4067.371
2014 03 11 16 45 00 1 4067.373
2014 03 11 17 00 00 1 4067.381
2014 03 11 17 15 00 1 4067.390
2014 03 11 17 30 00 1 4067.403
2014 03 11 17 45 00 1 4067.421
2014 03 11 18 00 00 1 4067.444
2014 03 11 18 15 00 1 4067.470
2014 03 11 18 30 00 1 4067.500
2014 03 11 18 45 00 1 4067.529
2014 03 11 19 00 00 1 4067.563
2014 03 11 19 15 00 1 4067.593
2014 03 11 19 30 00 1 4067.631
2014 03 11 19 45 00 1 4067.669
2014 03 11 20 00 00 1 4067.710
2014 03 11 20 15 00 1 4067.743
2014 03 11 20 30 00 1 4067.780
2014 03 11 20 45 00 1 4067.812
2014 03 11 21 00 00 1 4067.843
2014 03 11 21 15 00 1 4067.872
2014 03 11 21 30 00 1 4067.897
2014 03 11 21 45 00 1 4067.923
2014 03 11 22 00 00 1 4067.945
2014 03 11 22 15 00 1 4067.963
2014 03 11 22 30 00 1 4067.980
2014 03 11 22 45 00 1 4067.986
2014 03 11 23 00 00 1 4067.992
2014 03 11 23 15 00 1 4067.993
2014 03 11 23 30 00 1 4067.985
2014 03 11 23 45 00 1 4067.977
2014 03 12 00 00 00 1 4067.962
2014 03 12 00 15 00 1 4067.942
2014 03 12 00 30 00 1 4067.919
2014 03 12 00 45 00 1 4067.893
2014 03 12 01 00 00 1 4067.861
2014 03 12 01 15 00 1 4067.825
2014 03 12 01 30 00 1 4067.789
2014 03 12 01 45 00 1 4067.752
2014 03 12 02 00 00 1 4067.712
2014 03 12 02 15 00 1 4067.666
2014 03 12 02 30 00 1 4067.626
2014 03 12 02 45 00 1 4067.583
2014 03 12 03 00 00 1 4067.540
2014 03 12 03 15 00 1 4067.497
2014 03 12 03 30 00 1 4067.457
2014 03 12 03 45 00 1 4067.423
2014 03 12 04 00 00 1 4067.383
2014 03 12 04 15 00 1 4067.353
2014 03 12 04 30 00 1 4067.322
2014 03 12 04 45 00 1 4067.299
2014 03 12 05 00 00 1 4067.279
2014 03 12 05 15 00 1 4067.262
2014 03 12 05 30 00 1 4067.253
2014 03 12 05 45 00 1 4067.246
2014 03 12 06 00 00 1 4067.245
2014 03 12 06 15 00 1 4067.248
2014 03 12 06 30 00 1 4067.257
2014 03 12 06 45 00 1 4067.269
2014 03 12 07 00 00 1 4067.286
2014 03 12 07 15 00 1 4067.306
2014 03 12 07 30 00 1 4067.329
2014 03 12 07 45 00 1 4067.359
2014 03 12 08 00 00 1 4067.387
2014 03 12 08 15 00 1 4067.415
2014 03 12 08 30 00 1 4067.449
2014 03 12 08 45 00 1 4067.483
2014 03 12 09 00 00 1 4067.518
2014 03 12 09 15 00 1 4067.552
2014 03 12 09 30 00 1 4067.586
2014 03 12 09 45 00 1 4067.616
2014 03 12 10 00 00 1 4067.643
2014 03 12 10 15 00 1 4067.670
2014 03 12 10 30 00 1 4067.692
2014 03 12 10 45 00 1 4067.711
2014 03 12 11 00 00 1 4067.726
2014 03 12 11 15 00 1 4067.736
2014 03 12 11 30 00 1 4067.744
2014 03 12 11 45 00 1 4067.749
2014 03 12 12 00 00 1 4067.746
2014 03 12 12 15 00 1 4067.743
2014 03 12 12 30 00 1 4067.737
2014 03 12 12 45 00 1 4067.725
2014 03 12 13 00 00 1 4067.704
2014 03 12 13 15 00 1 4067.686
2014 03 12 13 30 00 1 4067.664
2014 03 12 13 45 00 1 4067.638
2014 03 12 14 00 00 1 4067.614
2014 03 12 14 15 00 1 4067.585
2014 03 12 14 30 00 1 4067.556
2014 03 12 14 45 00 1 4067.530
2014 03 12 15 00 00 1 4067.500
2014 03 12 15 15 00 1 4067.473
2014 03 12 15 30 00 1 4067.447
2014 03 12 15 45 00 1 4067.421
2014 03 12 16 00 00 1 4067.393
2014 03 12 16 15 00 1 4067.374
2014 03 12 16 30 00 1 4067.357
2014 03 12 16 45 00 1 4067.344
2014 03 12 17 00 00 1 4067.336
2014 03 12 17 15 00 1 4067.333
2014 03 12 17 30 00 1 4067.332
2014 03 12 17 45 00 1 4067.335
2014 03 12 18 00 00 1 4067.346
2014 03 12 18 15 00 1 4067.361
2014 03 12 18 30 00 1 4067.378
2014 03 12 18 45 00 1 4067.405
2014 03 12 19 00 00 1 4067.434
2014 03 12 19 15 00 1 4067.467
2014 03 12 19 30 00 1 4067.501
2014 03 12 19 45 00 1 4067.538
2014 03 12 20 00 00 1 4067.581
2014 03 12 20 15 00 1 4067.623
2014 03 12 20 30 00 1 4067.665
2014 03 12 20 45 00 1 4067.706
2014 03 12 21 00 00 1 4067.748
2014 03 12 21 15 00 1 4067.790
2014 03 12 21 30 00 1 4067.831
2014 03 12 21 45 00 1 4067.867
2014 03 12 22 00 00 1 4067.902
2014 03 12 22 15 00 1 4067.932
2014 03 12 22 30 00 1 4067.963
2014 03 12 22 45 00 1 4067.985
2014 03 12 23 00 00 1 4068.006
2014 03 12 23 15 00 1 4068.022
2014 03 12 23 30 00 1 4068.030
2014 03 12 23 45 00 1 4068.035
2014 03 13 00 00 00 1 4068.034
2014 03 13 00 15 00 1 4068.029
2014 03 13 00 30 00 1 4068.017
2014 03 13 00 45 00 1 4067.997
2014 03 13 01 00 00 1 4067.975
2014 03 13 01 15 00 1 4067.949
2014 03 13 01 30 00 1 4067.916
2014 03 13 01 45 00 1 4067.880
2014 03 13 02 00 00 1 4067.842
2014 03 13 02 15 00 1 4067.800
2014 03 13 02 30 00 1 4067.754
2014 03 13 02 45 00 1 4067.707
2014 03 13 03 00 00 1 4067.659
2014 03 13 03 15 00 1 4067.609
2014 03 13 03 30 00 1 4067.564
2014 03 13 03 45 00 1 4067.514
2014 03 13 04 00 00 1 4067.469
2014 03 13 04 15 00 1 4067.426
2014 03 13 04 30 00 1 4067.384
2014 03 13 04 45 00 1 4067.344
2014 03 13 05 00 00 1 4067.308
2014 03 13 05 15 00 1 4067.277
2014 03 13 05 30 00 1 4067.251
2014 03 13 05 45 00 1 4067.229
2014 03 13 06 00 00 1 4067.214
2014 03 13 06 15 00 1 4067.204
2014 03 13 06 30 00 1 4067.200
2014 03 13 06 45 00 1 4067.202
2014 03 13 07 00 00 1 4067.210
2014 03 13 07 15 00 1 4067.225
2014 03 13 07 30 00 1 4067.242
2014 03 13 07 45 00 1 4067.266
2014 03 13 08 00 00 1 4067.296
2014 03 13 08 15 00 1 4067.326
2014 03 13 08 30 00 1 4067.363
2014 03 13 08 45 00 1 4067.400
2014 03 13 09 00 00 1 4067.442
2014 03 13 09 15 00 1 4067.490
2014 03 13 09 30 00 1 4067.528
2014 03 13 09 45 00 1 4067.572
2014 03 13 10 00 00 1 4067.613
2014 03 13 10 15 00 1 4067.652
2014 03 13 10 30 00 1 4067.687
2014 03 13 10 45 00 1 4067.722
2014 03 13 11 00 00 1 4067.750
2014 03 13 11 15 00 1 4067.776
2014 03 13 11 30 00 1 4067.798
2014 03 13 11 45 00 1 4067.811
2014 03 13 12 00 00 1 4067.825
2014 03 13 12 15 00 1 4067.830
2014 03 13 12 30 00 1 4067.829
2014 03 13 12 45 00 1 4067.823
2014 03 13 13 00 00 1 4067.812
2014 03 13 13 15 00 1 4067.798
2014 03 13 13 30 00 1 4067.778
2014 03 13 13 45 00 1 4067.755
2014 03 13 14 00 00 1 4067.729
2014 03 13 14 15 00 1 4067.700
2014 03 13 14 30 00 1 4067.668
2014 03 13 14 45 00 1 4067.634
2014 03 13 15 00 00 1 4067.597
2014 03 13 15 15 00 1 4067.562
2014 03 13 15 30 00 1 4067.527
2014 03 13 15 45 00 1 4067.489
2014 03 13 16 00 00 1 4067.454
2014 03 13 16 15 00 1 4067.421
2014 03 13 16 30 00 1 4067.388
2014 03 13 16 45 00 1 4067.365
2014 03 13 17 00 00 1 4067.341
2014 03 13 17 15 00 1 4067.322
2014 03 13 17 30 00 1 4067.306
2014 03 13 17 45 00 1 4067.296
2014 03 13 18 00 00 1 4067.288
2014 03 13 18 15 00 1 4067.291
2014 03 13 18 30 00 1 4067.300
2014 03 13 18 45 00 1 4067.314
2014 03 13 19 00 00 1 4067.335
2014 03 13 19 15 00 1 4067.355
2014 03 13 19 30 00 1 4067.387
2014 03 13 19 45 00 1 4067.421
2014 03 13 20 00 00 1 4067.458
2014 03 13 20 15 00 1 4067.499
2014 03 13 20 30 00 1 4067.543
2014 03 13 20 45 00 1 4067.589
2014 03 13 21 00 00 1 4067.635
2014 03 13 21 15 00 1 4067.684
2014 03 13 21 30 00 1 4067.732
2014 03 13 21 45 00 1 4067.779
2014 03 13 22 00 00 1 4067.828
2014 03 13 22 15 00 1 4067.874
2014 03 13 22 30 00 1 4067.917
2014 03 13 22 45 00 1 4067.958
2014 03 13 23 00 00 1 4067.990
2014 03 13 23 15 00 1 4068.020
2014 03 13 23 30 00 1 4068.044
2014 03 13 23 45 00 1 4068.061
2014 03 14 00 00 00 1 4068.074
2014 03 14 00 15 00 1 4068.083
2014 03 14 00 30 00 1 4068.085
2014 03 14 00 45 00 1 4068.082
2014 03 14 01 00 00 1 4068.069
2014 03 14 01 15 00 1 4068.052
2014 03 14 01 30 00 1 4068.031
2014 03 14 01 45 00 1 4068.001
2014 03 14 02 00 00 1 4067.969
2014 03 14 02 15 00 1 4067.928
2014 03 14 02 30 00 1 4067.886
2014 03 14 02 45 00 1 4067.840
2014 03 14 03 00 00 1 4067.793
2014 03 14 03 15 00 1 4067.738
2014 03 14 03 30 00 1 4067.684
2014 03 14 03 45 00 1 4067.634
2014 03 14 04 00 00 1 4067.579
2014 03 14 04 15 00 1 4067.528
2014 03 14 04 30 00 1 4067.476
2014 03 14 04 45 00 1 4067.427
2014 03 14 05 00 00 1 4067.380
2014 03 14 05 15 00 1 4067.338
2014 03 14 05 30 00 1 4067.299
2014 03 14 05 45 00 1 4067.264
2014 03 14 06 00 00 1 4067.238
2014 03 14 06 15 00 1 4067.212
2014 03 14 06 30 00 1 4067.199
2014 03 14 06 45 00 1 4067.189
2014 03 14 07 00 00 1 4067.185
2014 03 14 07 15 00 1 4067.186
2014 03 14 07 30 00 1 4067.193
2014 03 14 07 45 00 1 4067.208
2014 03 14 08 00 00 1 4067.229
2014 03 14 08 15 00 1 4067.257
2014 03 14 08 30 00 1 4067.289
2014 03 14 08 45 00 1 4067.329
2014 03 14 09 00 00 1 4067.370
2014 03 14 09 15 00 1 4067.417
2014 03 14 09 30 00 1 4067.463
2014 03 14 09 45 00 1 4067.510
2014 03 14 10 00 00 1 4067.559
2014 03 14 10 15 00 1 4067.607
2014 03 14 10 30 00 1 4067.652
2014 03 14 10 45 00 1 4067.696
2014 03 14 11 00 00 1 4067.735
2014 03 14 11 15 00 1 4067.773
2014 03 14 11 30 00 1 4067.808
2014 03 14 11 45 00 1 4067.838
2014 03 14 12 00 00 1 4067.863
2014 03 14 12 15 00 1 4067.881
2014 03 14 12 30 00 1 4067.892
2014 03 14 12 45 00 1 4067.897
2014 03 14 13 00 00 1 4067.898
2014 03 14 13 15 00 1 4067.892
2014 03 14 13 30 00 1 4067.882
2014 03 14 13 45 00 1 4067.865
2014 03 14 14 00 00 1 4067.841
2014 03 14 14 15 00 1 4067.813
2014 03 14 14 30 00 1 4067.782
2014 03 14 14 45 00 1 4067.747
2014 03 14 15 00 00 1 4067.710
2014 03 14 15 15 00 1 4067.667
2014 03 14 15 30 00 1 4067.624
2014 03 14 15 45 00 1 4067.582
2014 03 14 16 00 00 1 4067.542
2014 03 14 16 15 00 1 4067.497
2014 03 14 16 30 00 1 4067.457
2014 03 14 16 45 00 1 4067.417
2014 03 14 17 00 00 1 4067.380
2014 03 14 17 15 00 1 4067.346
2014 03 14 17 30 00 1 4067.318
2014 03 14 17 45 00 1 4067.289
2014 03 14 18 00 00 1 4067.268
2014 03 14 18 15 00 1 4067.251
2014 03 14 18 30 00 1 4067.244
2014 03 14 18 45 00 1 4067.238
2014 03 14 19 00 00 1 4067.244
2014 03 14 19 15 00 1 4067.255
2014 03 14 19 30 00 1 4067.270
2014 03 14 19 45 00 1 4067.295
2014 03 14 20 00 00 1 4067.324
2014 03 14 20 15 00 1 4067.360
2014 03 14 20 30 00 1 4067.399
2014 03 14 20 45 00 1 4067.441
2014 03 14 21 00 00 1 4067.487
2014 03 14 21 15 00 1 4067.537
2014 03 14 21 30 00 1 4067.592
2014 03 14 21 45 00 1 4067.644
2014 03 14 22 00 00 1 4067.699
2014 03 14 22 15 00 1 4067.752
2014 03 14 22 30 00 1 4067.804
2014 03 14 22 45 00 1 4067.855
2014 03 14 23 00 00 1 4067.902
2014 03 14 23 15 00 1 4067.944
2014 03 14 23 30 00 1 4067.983
2014 03 14 23 45 00 1 4068.016
2014 03 15 00 00 00 1 4068.043
2014 03 15 00 15 00 1 4068.066
2014 03 15 00 30 00 1 4068.083
2014 03 15 00 45 00 1 4068.092
2014 03 15 01 00 00 1 4068.095
2014 03 15 01 15 00 1 4068.094
2014 03 15 01 30 00 1 4068.082
2014 03 15 01 45 00 1 4068.064
2014 03 15 02 00 00 1 4068.039
2014 03 15 02 15 00 1 4068.009
2014 03 15 02 30 00 1 4067.974
2014 03 15 02 45 00 1 4067.932
2014 03 15 03 00 00 1 4067.889
2014 03 15 03 15 00 1 4067.842
2014 03 15 03 30 00 1 4067.792
2014 03 15 03 45 00 1 4067.734
2014 03 15 04 00 00 1 4067.677
2014 03 15 04 15 00 1 4067.620
2014 03 15 04 30 00 1 4067.563
2014 03 15 04 45 00 1 4067.503
2014 03 15 05 00 00 1 4067.448
2014 03 15 05 15 00 1 4067.397
2014 03 15 05 30 00 1 4067.346
2014 03 15 05 45 00 1 4067.301
2014 03 15 06 00 00 1 4067.260
2014 03 15 06 15 00 1 4067.223
2014 03 15 06 30 00 1 4067.193
2014 03 15 06 45 00 1 4067.168
2014 03 15 07 00 00 1 4067.151
2014 03 15 07 15 00 1 4067.142
2014 03 15 07 30 00 1 4067.139
2014 03 15 07 45 00 1 4067.144
2014 03 15 08 00 00 1 4067.155
2014 03 15 08 15 00 1 4067.174
2014 03 15 08 30 00 1 4067.196
2014 03 15 08 45 00 1 4067.226
2014 03 15 09 00 00 1 4067.265
2014 03 15 09 15 00 1 4067.304
2014 03 15 09 30 00 1 4067.352
2014 03 15 09 45 00 1 4067.398
2014 03 15 10 00 00 1 4067.451
2014 03 15 10 15 00 1 4067.503
2014 03 15 10 30 00 1 4067.554
2014 03 15 10 45 00 1 4067.610
2014 03 15 11 00 00 1 4067.662
2014 03 15 11 15 00 1 4067.708
2014 03 15 11 30 00 1 4067.754
2014 03 15 11 45 00 1 4067.795
2014 03 15 12 00 00 1 4067.834
2014 03 15 12 15 00 1 4067.869
2014 03 15 12 30 00 1 4067.894
2014 03 15 12 45 00 1 4067.919
2014 03 15 13 00 00 1 4067.932
2014 03 15 13 15 00 1 4067.938
2014 03 15 13 30 00 1 4067.937
2014 03 15 13 45 00 1 4067.931
2014 03 15 14 00 00 1 4067.920
2014 03 15 14 15 00 1 4067.901
2014 03 15 14 30 00 1 4067.875
2014 03 15 14 45 00 1 4067.846
2014 03 15 15 00 00 1 4067.809
2014 03 15 15 15 00 1 4067.769
2014 03 15 15 30 00 1 4067.725
2014 03 15 15 45 00 1 4067.677
2014 03 15 16 00 00 1 4067.628
2014 03 15 16 15 00 1 4067.578
2014 03 15 16 30 00 1 4067.530
2014 03 15 16 45 00 1 4067.482
2014 03 15 17 00 00 1 4067.433
2014 03 15 17 15 00 1 4067.390
2014 03 15 17 30 00 1 4067.349
2014 03 15 17 45 00 1 4067.307
2014 03 15 18 00 00 1 4067.274
2014 03 15 18 15 00 1 4067.242
2014 03 15 18 30 00 1 4067.217
2014 03 15 18 45 00 1 4067.199
2014 03 15 19 00 00 1 4067.188
2014 03 15 19 15 00 1 4067.184
2014 03 15 19 30 00 1 4067.186
2014 03 15 19 45 00 1 4067.195
2014 03 15 20 00 00 1 4067.215
2014 03 15 20 15 00 1 4067.237
2014 03 15 20 30 00 1 4067.264
2014 03 15 20 45 00 1 4067.300
2014 03 15 21 00 00 1 4067.340
2014 03 15 21 15 00 1 4067.385
2014 03 15 21 30 00 1 4067.436
2014 03 15 21 45 00 1 4067.488
2014 03 15 22 00 00 1 4067.546
2014 03 15 22 15 00 1 4067.603
2014 03 15 22 30 00 1 4067.659
2014 03 15 22 45 00 1 4067.717
2014 03 15 23 00 00 1 4067.771
2014 03 15 23 15 00 1 4067.824
2014 03 15 23 30 00 1 4067.874
2014 03 15 23 45 00 1 4067.923
2014 03 16 00 00 00 1 4067.965
2014 03 16 00 15 00 1 4068.000
2014 03 16 00 30 00 1 4068.033
2014 03 16 00 45 00 1 4068.059
2014 03 16 01 00 00 1 4068.078
2014 03 16 01 15 00 1 4068.093
2014 03 16 01 30 00 1 4068.097
2014 03 16 01 45 00 1 4068.096
2014 03 16 02 00 00 1 4068.084
2014 03 16 02 15 00 1 4068.069
2014 03 16 02 30 00 1 4068.047
2014 03 16 02 45 00 1 4068.017
2014 03 16 03 00 00 1 4067.979
2014 03 16 03 15 00 1 4067.936
2014 03 16 03 30 00 1 4067.889
2014 03 16 03 45 00 1 4067.838
2014 03 16 04 00 00 1 4067.785
2014 03 16 04 15 00 1 4067.726
2014 03 16 04 30 00 1 4067.668
2014 03 16 04 45 00 1 4067.609
2014 03 16 05 00 00 1 4067.552
2014 03 16 05 15 00 1 4067.493
2014 03 16 05 30 00 1 4067.435
2014 03 16 05 45 00 1 4067.378
2014 03 16 06 00 00 1 4067.328
2014 03 16 06 15 00 1 4067.282
2014 03 16 06 30 00 1 4067.238
2014 03 16 06 45 00 1 4067.201
2014 03 16 07 00 00 1 4067.172
2014 03 16 07 15 00 1 4067.149
2014 03 16 07 30 00 1 4067.133
2014 03 16 07 45 00 1 4067.125
2014 03 16 08 00 00 1 4067.127
2014 03 16 08 15 00 1 4067.133
2014 03 16 08 30 00 1 4067.147
2014 03 16 08 45 00 1 4067.170
2014 03 16 09 00 00 1 4067.196
2014 03 16 09 15 00 1 4067.230
2014 03 16 09 30 00 1 4067.270
2014 03 16 09 45 00 1 4067.314
2014 03 16 10 00 00 1 4067.362
2014 03 16 10 15 00 1 4067.418
2014 03 16 10 30 00 1 4067.473
2014 03 16 10 45 00 1 4067.529
2014 03 16 11 00 00 1 4067.587
2014 03 16 11 15 00 1 4067.646
2014 03 16 11 30 00 1 4067.700
2014 03 16 11 45 00 1 4067.754
2014 03 16 12 00 00 1 4067.804
2014 03 16 12 15 00 1 4067.850
2014 03 16 12 30 00 1 4067.891
2014 03 16 12 45 00 1 4067.925
2014 03 16 13 00 00 1 4067.954
2014 03 16 13 15 00 1 4067.975
2014 03 16 13 30 00 1 4067.991
2014 03 16 13 45 00 1 4067.997
2014 03 16 14 00 00 1 4067.997
2014 03 16 14 15 00 1 4067.989
2014 03 16 14 30 00 1 4067.977
2014 03 16 14 45 00 1 4067.955
2014 03 16 15 00 00 1 4067.926
2014 03 16 15 15 00 1 4067.893
2014 03 16 15 30 00 1 4067.855
2014 03 16 15 45 00 1 4067.810
2014 03 16 16 00 00 1 4067.764
2014 03 16 16 15 00 1 4067.715
2014 03 16 16 30 00 1 4067.662
2014 03 16 16 45 00 1 4067.611
2014 03 16 17 00 00 1 4067.557
2014 03 16 17 15 00 1 4067.503
2014 03 16 17 30 00 1 4067.452
2014 03 16 17 45 00 1 4067.401
2014 03 16 18 00 00 1 4067.351
2014 03 16 18 15 00 1 4067.312
2014 03 16 18 30 00 1 4067.274
2014 03 16 18 45 00 1 4067.238
2014 03 16 19 00 00 1 4067.213
2014 03 16 19 15 00 1 4067.191
2014 03 16 19 30 00 1 4067.177
2014 03 16 19 45 00 1 4067.172
2014 03 16 20 00 00 1 4067.170
2014 03 16 20 00 00 2 4067.170
2014 03 16 20 01 00 2 4067.170
2014 03 16 20 02 00 2 4067.169
2014 03 16 20 03 00 2 4067.170
2014 03 16 20 04 00 2 4067.169
2014 03 16 20 05 00 2 4067.172
2014 03 16 20 06 00 2 4067.171
2014 03 16 20 07 00 2 4067.170
2014 03 16 20 08 00 2 4067.172
2014 03 16 20 09 00 2 4067.173
2014 03 16 20 10 00 2 4067.173
2014 03 16 20 11 00 2 4067.174
2014 03 16 20 12 00 2 4067.176
2014 03 16 20 13 00 2 4067.176
2014 03 16 20 14 00 2 4067.177
2014 03 16 20 15 00 1 4067.177
2014 03 16 20 15 00 2 4067.178
2014 03 16 20 16 00 2 4067.178
2014 03 16 20 17 00 2 4067.179
2014 03 16 20 18 00 2 4067.180
2014 03 16 20 19 00 2 4067.181
2014 03 16 20 20 00 2 4067.181
2014 03 16 20 21 00 2 4067.183
2014 03 16 20 22 00 2 4067.184
2014 03 16 20 23 00 2 4067.184
2014 03 16 20 24 00 2 4067.185
2014 03 16 20 25 00 2 4067.186
2014 03 16 20 26 00 2 4067.187
2014 03 16 20 27 00 2 4067.187
2014 03 16 20 28 00 2 4067.188
2014 03 16 20 29 00 2 4067.190
2014 03 16 20 30 00 1 4067.192
2014 03 16 20 30 00 2 4067.192
2014 03 16 20 31 00 2 4067.192
2014 03 16 20 32 00 2 4067.193
2014 03 16 20 33 00 2 4067.195
2014 03 16 20 34 00 2 4067.196
2014 03 16 20 35 00 2 4067.198
2014 03 16 20 36 00 2 4067.198
2014 03 16 20 37 00 2 4067.200
2014 03 16 20 38 00 2 4067.202
2014 03 16 20 39 00 2 4067.203
2014 03 16 20 40 00 2 4067.205
2014 03 16 20 41 00 2 4067.206
2014 03 16 20 42 00 2 4067.208
2014 03 16 20 43 00 2 4067.209
2014 03 16 20 44 00 2 4067.211
2014 03 16 20 45 00 1 4067.212
2014 03 16 20 45 00 2 4067.212
2014 03 16 20 46 00 2 4067.214
2014 03 16 20 47 00 2 4067.215
2014 03 16 20 48 00 2 4067.217
2014 03 16 20 49 00 2 4067.219
2014 03 16 20 50 00 2 4067.221
2014 03 16 20 51 00 2 4067.222
2014 03 16 20 52 00 2 4067.224
2014 03 16 20 53 00 2 4067.225
2014 03 16 20 54 00 2 4067.227
2014 03 16 20 55 00 2 4067.230
2014 03 16 20 56 00 2 4067.231
2014 03 16 20 57 00 2 4067.233
2014 03 16 20 58 00 2 4067.235
2014 03 16 20 59 00 2 4067.238
2014 03 16 21 00 00 1 4067.238
2014 03 16 21 00 00 2 4067.238
2014 03 16 21 01 00 2 4067.241
2014 03 16 21 02 00 2 4067.244
2014 03 16 21 03 00 2 4067.247
2014 03 16 21 04 00 2 4067.249
2014 03 16 21 05 00 2 4067.250
2014 03 16 21 06 00 2 4067.253
2014 03 16 21 07 00 2 4067.256
2014 03 16 21 08 00 2 4067.258
2014 03 16 21 09 00 2 4067.260
2014 03 16 21 10 00 2 4067.262
2014 03 16 21 11 00 2 4067.264
2014 03 16 21 12 00 2 4067.267
2014 03 16 21 13 00 2 4067.270
2014 03 16 21 14 00 2 4067.272
2014 03 16 21 15 00 1 9999.000
2014 03 16 21 15 00 2 4067.274
2014 03 16 21 16 00 2 4067.276
2014 03 16 21 17 00 2 4067.278
2014 03 16 21 18 00 2 4067.280
2014 03 16 21 19 00 2 4067.285
2014 03 16 21 20 00 2 4067.285
2014 03 16 21 21 00 2 4067.288
2014 03 16 21 22 00 2 4067.290
2014 03 16 21 23 00 2 4067.294
2014 03 16 21 24 00 2 4067.295
2014 03 16 21 25 00 2 4067.303
2014 03 16 21 26 00 2 4067.301
2014 03 16 21 26 45 3 4067.301
2014 03 16 21 27 00 2 4067.302
2014 03 16 21 27 00 3 4067.313
2014 03 16 21 27 15 3 4067.265
2014 03 16 21 27 30 3 4067.320
2014 03 16 21 27 45 3 4067.310
2014 03 16 21 28 00 2 4067.306
2014 03 16 21 28 00 3 4067.305
2014 03 16 21 28 15 3 4067.293
2014 03 16 21 28 30 3 4067.322
2014 03 16 21 28 45 3 4067.306
2014 03 16 21 29 00 2 4067.318
2014 03 16 21 29 00 3 4067.304
2014 03 16 21 29 15 3 4067.305
2014 03 16 21 29 30 3 4067.296
2014 03 16 21 29 45 3 4067.367
2014 03 16 21 30 00 1 9999.000
2014 03 16 21 30 00 2 4067.313
2014 03 16 21 30 00 3 4067.278
2014 03 16 21 30 15 3 4067.290
2014 03 16 21 30 30 3 4067.329
2014 03 16 21 31 00 2 4067.308
2014 03 16 21 32 00 2 4067.316
2014 03 16 21 33 00 2 4067.326
2014 03 16 21 34 00 2 4067.323
2014 03 16 21 35 00 2 4067.326
2014 03 16 21 36 00 2 4067.333
2014 03 16 21 37 00 2 4067.332
2014 03 16 21 38 00 2 4067.337
2014 03 16 21 39 00 2 4067.341
2014 03 16 21 40 00 2 4067.340
2014 03 16 21 41 00 2 4067.345
2014 03 16 21 42 00 2 4067.349
2014 03 16 21 43 00 2 4067.351
2014 03 16 21 44 00 2 4067.355
2014 03 16 21 45 00 1 9999.000
2014 03 16 21 45 00 2 4067.356
2014 03 16 21 46 00 2 4067.363
2014 03 16 21 47 00 2 4067.363
2014 03 16 21 48 00 2 4067.367
2014 03 16 21 49 00 2 4067.373
2014 03 16 21 50 00 2 4067.371
2014 03 16 21 51 00 2 4067.381
2014 03 16 21 52 00 2 4067.378
2014 03 16 21 53 00 2 4067.385
2014 03 16 21 54 00 2 4067.389
2014 03 16 21 55 00 2 4067.392
2014 03 16 21 56 00 2 4067.395
2014 03 16 21 57 00 2 4067.399
2014 03 16 21 58 00 2 4067.403
2014 03 16 21 59 00 2 4067.404
2014 03 16 22 00 00 1 9999.000
2014 03 16 22 00 00 2 4067.410
2014 03 16 22 01 00 2 4067.410
2014 03 16 22 02 00 2 4067.417
2014 03 16 22 03 00 2 4067.422
2014 03 16 22 04 00 2 4067.423
2014 03 16 22 05 00 2 4067.428
2014 03 16 22 06 00 2 4067.433
2014 03 16 22 07 00 2 4067.433
2014 03 16 22 08 00 2 4067.438
2014 03 16 22 09 00 2 4067.443
2014 03 16 22 10 00 2 4067.445
2014 03 16 22 11 00 2 4067.450
2014 03 16 22 12 00 2 4067.456
2014 03 16 22 13 00 2 4067.457
2014 03 16 22 14 00 2 4067.461
2014 03 16 22 15 00 1 9999.000
2014 03 16 22 15 00 2 4067.465
2014 03 16 22 16 00 2 4067.469
2014 03 16 22 17 00 2 4067.473
2014 03 16 22 18 00 2 4067.477
2014 03 16 22 19 00 2 4067.481
2014 03 16 22 20 00 2 4067.486
2014 03 16 22 21 00 2 4067.489
2014 03 16 22 22 00 2 4067.493
2014 03 16 22 23 00 2 4067.495
2014 03 16 22 24 00 2 4067.499
2014 03 16 22 25 00 2 4067.504
2014 03 16 22 26 00 2 4067.507
2014 03 16 22 27 00 2 4067.512
2014 03 16 22 28 00 2 4067.515
2014 03 16 22 29 00 2 4067.519
2014 03 16 22 30 00 1 9999.000
2014 03 16 22 30 00 2 4067.522
2014 03 16 22 31 00 2 4067.527
2014 03 16 22 32 00 2 4067.532
2014 03 16 22 33 00 2 4067.535
2014 03 16 22 34 00 2 4067.538
2014 03 16 22 35 00 2 4067.544
2014 03 16 22 36 00 2 4067.549
2014 03 16 22 37 00 2 4067.552
2014 03 16 22 38 00 2 4067.555
2014 03 16 22 39 00 2 4067.559
2014 03 16 22 40 00 2 4067.563
2014 03 16 22 41 00 2 4067.567
2014 03 16 22 42 00 2 4067.571
2014 03 16 22 43 00 2 4067.574
2014 03 16 22 44 00 2 4067.580
2014 03 16 22 45 00 1 9999.000
2014 03 16 22 45 00 2 4067.584
2014 03 16 22 46 00 2 4067.588
2014 03 16 22 47 00 2 4067.591
2014 03 16 22 48 00 2 4067.596
2014 03 16 22 49 00 2 4067.600
2014 03 16 22 50 00 2 4067.604
2014 03 16 22 51 00 2 4067.609
2014 03 16 22 52 00 2 4067.611
2014 03 16 22 53 00 2 4067.615
2014 03 16 22 54 00 2 4067.619
2014 03 16 22 55 00 2 4067.623
2014 03 16 22 56 00 2 4067.627
2014 03 16 22 57 00 2 4067.631
2014 03 16 22 58 00 2 4067.635
2014 03 16 22 59 00 2 4067.639
2014 03 16 23 00 00 1 9999.000
2014 03 16 23 00 00 2 4067.643
2014 03 16 23 01 00 2 4067.648
2014 03 16 23 02 00 2 4067.652
2014 03 16 23 03 00 2 4067.655
2014 03 16 23 04 00 2 4067.659
2014 03 16 23 05 00 2 4067.663
2014 03 16 23 06 00 2 4067.667
2014 03 16 23 07 00 2 4067.669
2014 03 16 23 08 00 2 4067.675
2014 03 16 23 09 00 2 4067.678
2014 03 16 23 10 00 2 4067.683
2014 03 16 23 11 00 2 4067.686
2014 03 16 23 12 00 2 4067.688
2014 03 16 23 13 00 2 4067.695
2014 03 16 23 14 00 2 4067.698
2014 03 16 23 15 00 1 9999.000
2014 03 16 23 15 00 2 4067.701
2014 03 16 23 16 00 2 4067.706
2014 03 16 23 17 00 2 4067.709
2014 03 16 23 18 00 2 4067.711
2014 03 16 23 19 00 2 4067.716
2014 03 16 23 20 00 2 4067.719
2014 03 16 23 21 00 2 4067.724
2014 03 16 23 22 00 2 4067.726
2014 03 16 23 23 00 2 4067.731
2014 03 16 23 24 00 2 4067.735
2014 03 16 23 25 00 2 4067.739
2014 03 16 23 26 00 2 4067.742
2014 03 16 23 27 00 2 4067.747
2014 03 16 23 28 00 2 4067.753
2014 03 16 23 29 00 2 4067.756
2014 03 16 23 30 00 1 9999.000
2014 03 16 23 30 00 2 4067.759
2014 03 16 23 31 00 2 4067.764
2014 03 16 23 32 00 2 4067.767
2014 03 16 23 33 00 2 4067.770
2014 03 16 23 34 00 2 4067.776
2014 03 16 23 35 00 2 4067.779
2014 03 16 23 36 00 2 4067.782
2014 03 16 23 37 00 2 4067.785
2014 03 16 23 38 00 2 4067.788
2014 03 16 23 39 00 2 4067.792
2014 03 16 23 40 00 2 4067.797
2014 03 16 23 41 00 2 4067.800
2014 03 16 23 42 00 2 4067.804
2014 03 16 23 43 00 2 4067.806
2014 03 16 23 44 00 2 4067.809
2014 03 16 23 45 00 1 9999.000
2014 03 16 23 45 00 2 4067.812
2014 03 16 23 46 00 2 4067.815
2014 03 16 23 47 00 2 4067.819
2014 03 16 23 48 00 2 4067.823
2014 03 16 23 49 00 2 4067.826
2014 03 16 23 50 00 2 4067.830
2014 03 16 23 51 00 2 4067.833
2014 03 16 23 52 00 2 4067.837
2014 03 16 23 53 00 2 4067.839
2014 03 16 23 54 00 2 4067.843
2014 03 16 23 55 00 2 4067.847
2014 03 16 23 56 00 2 4067.850
2014 03 16 23 57 00 2 4067.855
2014 03 16 23 58 00 2 4067.858
2014 03 16 23 59 00 2 4067.860
2014 03 17 00 00 00 1 9999.000
2014 03 17 00 00 00 2 4067.864
2014 03 17 00 01 00 2 4067.869
2014 03 17 00 02 00 2 4067.872
2014 03 17 00 03 00 2 4067.874
2014 03 17 00 04 00 2 4067.877
2014 03 17 00 05 00 2 4067.882
2014 03 17 00 06 00 2 4067.885
2014 03 17 00 07 00 2 4067.888
2014 03 17 00 08 00 2 4067.892
2014 03 17 00 09 00 2 4067.895
2014 03 17 00 10 00 2 4067.898
2014 03 17 00 11 00 2 4067.900
2014 03 17 00 12 00 2 4067.905
2014 03 17 00 13 00 2 4067.908
2014 03 17 00 14 00 2 4067.909
2014 03 17 00 15 00 1 9999.000
2014 03 17 00 15 00 2 4067.912
2014 03 17 00 16 00 2 4067.914
2014 03 17 00 17 00 2 4067.917
2014 03 17 00 18 00 2 4067.921
2014 03 17 00 19 00 2 4067.925
2014 03 17 00 20 00 2 4067.928
2014 03 17 00 21 00 2 4067.930
2014 03 17 00 22 00 2 4067.933
2014 03 17 00 23 00 2 4067.938
2014 03 17 00 24 00 2 4067.941
2014 03 17 00 25 00 2 4067.942
2014 03 17 00 26 00 2 4067.945
2014 03 17 00 27 00 2 4067.948
2014 03 17 00 28 00 2 4067.951
2014 03 17 00 29 00 2 4067.953
2014 03 17 00 30 00 1 9999.000
2014 03 17 00 30 00 2 4067.956
2014 03 17 00 31 00 2 4067.957
2014 03 17 00 32 00 2 4067.961
2014 03 17 00 33 00 2 4067.965
2014 03 17 00 34 00 2 4067.966
2014 03 17 00 35 00 2 4067.969
2014 03 17 00 36 00 2 4067.971
2014 03 17 00 37 00 2 4067.974
2014 03 17 00 38 00 2 4067.976
2014 03 17 00 39 00 2 4067.979
2014 03 17 00 40 00 2 4067.982
2014 03 17 00 41 00 2 4067.984
2014 03 17 00 42 00 2 4067.985
2014 03 17 00 43 00 2 4067.988
2014 03 17 00 44 00 2 4067.990
2014 03 17 00 45 00 1 9999.000
2014 03 17 00 45 00 2 4067.993
2014 03 17 00 46 00 2 4067.997
2014 03 17 00 47 00 2 4067.999
2014 03 17 00 48 00 2 4068.000
2014 03 17 00 49 00 2 4068.003
2014 03 17 00 50 00 2 4068.005
2014 03 17 00 51 00 2 4068.007
2014 03 17 00 52 00 2 4068.009
2014 03 17 00 53 00 2 4068.013
2014 03 17 00 54 00 2 4068.016
2014 03 17 00 55 00 2 4068.018
2014 03 17 00 56 00 2 4068.020
2014 03 17 00 57 00 2 4068.022
2014 03 17 00 58 00 2 4068.023
2014 03 17 00 59 00 2 4068.026
2014 03 17 01 00 00 1 9999.000
2014 03 17 01 15 00 1 4068.050
2014 03 17 01 30 00 1 4068.071
2014 03 17 01 45 00 1 4068.086
2014 03 17 02 00 00 1 4068.093
2014 03 17 02 15 00 1 4068.090
2014 03 17 02 30 00 1 4068.081
2014 03 17 02 45 00 1 4068.064
2014 03 17 03 00 00 1 4068.040
2014 03 17 03 15 00 1 4068.011
2014 03 17 03 30 00 1 4067.974
2014 03 17 03 45 00 1 4067.933
2014 03 17 04 00 00 1 4067.888
2014 03 17 04 15 00 1 4067.840
2014 03 17 04 30 00 1 4067.782
2014 03 17 04 45 00 1 4067.725
2014 03 17 05 00 00 1 4067.666
2014 03 17 05 15 00 1 4067.605
2014 03 17 05 30 00 1 4067.542
2014 03 17 05 45 00 1 4067.484
2014 03 17 06 00 00 1 4067.425
2014 03 17 06 15 00 1 4067.373
2014 03 17 06 30 00 1 4067.319
2014 03 17 06 45 00 1 4067.270
2014 03 17 07 00 00 1 4067.229
2014 03 17 07 15 00 1 4067.194
2014 03 17 07 30 00 1 4067.162
2014 03 17 07 45 00 1 4067.142
2014 03 17 08 00 00 1 4067.129
2014 03 17 08 15 00 1 4067.119
2014 03 17 08 30 00 1 4067.121
2014 03 17 08 45 00 1 4067.131
2014 03 17 09 00 00 1 4067.149
2014 03 17 09 15 00 1 4067.173
2014 03 17 09 30 00 1 4067.205
2014 03 17 09 45 00 1 4067.240
2014 03 17 10 00 00 1 4067.280
2014 03 17 10 15 00 1 4067.329
2014 03 17 10 30 00 1 4067.382
2014 03 17 10 45 00 1 4067.435
2014 03 17 11 00 00 1 4067.493
2014 03 17 11 15 00 1 4067.554
2014 03 17 11 30 00 1 4067.616
2014 03 17 11 45 00 1 4067.678
2014 03 17 12 00 00 1 4067.735
2014 03 17 12 15 00 1 4067.793
2014 03 17 12 30 00 1 4067.843
2014 03 17 12 45 00 1 4067.886
2014 03 17 13 00 00 1 4067.929
2014 03 17 13 15 00 1 4067.962
2014 03 17 13 30 00 1 4067.992
2014 03 17 13 45 00 1 4068.016
2014 03 17 14 00 00 1 4068.032
2014 03 17 14 15 00 1 4068.043
2014 03 17 14 30 00 1 4068.041
2014 03 17 14 45 00 1 4068.035
2014 03 17 15 00 00 1 4068.021
2014 03 17 15 15 00 1 4068.002
2014 03 17 15 30 00 1 4067.972
2014 03 17 15 45 00 1 4067.939
2014 03 17 16 00 00 1 4067.899
2014 03 17 16 15 00 1 4067.853
2014 03 17 16 30 00 1 4067.803
2014 03 17 16 45 00 1 4067.750
2014 03 17 17 00 00 1 4067.694
2014 03 17 17 15 00 1 4067.637
2014 03 17 17 30 00 1 4067.579
2014 03 17 17 45 00 1 4067.525
2014 03 17 18 00 00 1 4067.470
2014 03 17 18 15 00 1 4067.413
2014 03 17 18 30 00 1 4067.361
2014 03 17 18 45 00 1 4067.311
2014 03 17 19 00 00 1 4067.269
2014 03 17 19 15 00 1 4067.231
2014 03 17 19 30 00 1 4067.205
2014 03 17 19 45 00 1 4067.180
2014 03 17 20 00 00 1 4067.163
2014 03 17 20 15 00 1 4067.153
2014 03 17 20 30 00 1 4067.152
2014 03 17 20 45 00 1 4067.157
2014 03 17 21 00 00 1 4067.172
2014 03 17 21 15 00 1 4067.190
2014 03 17 21 30 00 1 4067.215
2014 03 17 21 45 00 1 4067.247
2014 03 17 22 00 00 1 4067.285
2014 03 17 22 15 00 1 4067.332
2014 03 17 22 30 00 1 4067.379
2014 03 17 22 45 00 1 4067.435
2014 03 17 23 00 00 1 4067.493
2014 03 17 23 15 00 1 4067.551
2014 03 17 23 30 00 1 4067.608
2014 03 17 23 45 00 1 4067.666
2014 03 18 00 00 00 1 4067.722
2014 03 18 00 15 00 1 4067.781
2014 03 18 00 30 00 1 4067.835
2014 03 18 00 45 00 1 4067.885
2014 03 18 01 00 00 1 4067.933
2014 03 18 01 15 00 1 4067.975
2014 03 18 01 30 00 1 4068.009
2014 03 18 01 45 00 1 4068.039
2014 03 18 02 00 00 1 4068.059
2014 03 18 02 15 00 1 4068.072
2014 03 18 02 30 00 1 4068.077
2014 03 18 02 45 00 1 4068.081
2014 03 18 03 00 00 1 4068.072
2014 03 18 03 15 00 1 4068.054
2014 03 18 03 30 00 1 4068.034
2014 03 18 03 45 00 1 4068.004
2014 03 18 04 00 00 1 4067.969
2014 03 18 04 15 00 1 4067.930
2014 03 18 04 30 00 1 4067.885
2014 03 18 04 45 00 1 4067.837
2014 03 18 05 00 00 1 4067.784
2014 03 18 05 15 00 1 4067.727
2014 03 18 05 30 00 1 4067.672
2014 03 18 05 45 00 1 4067.612
2014 03 18 06 00 00 1 4067.553
2014 03 18 06 15 00 1 4067.495
2014 03 18 06 30 00 1 4067.437
2014 03 18 06 45 00 1 4067.384
2014 03 18 07 00 00 1 4067.332
2014 03 18 07 15 00 1 4067.285
2014 03 18 07 30 00 1 4067.243
2014 03 18 07 45 00 1 4067.210
2014 03 18 08 00 00 1 4067.178
2014 03 18 08 15 00 1 4067.156
2014 03 18 08 30 00 1 4067.143
2014 03 18 08 45 00 1 4067.137
2014 03 18 09 00 00 1 4067.139
2014 03 18 09 15 00 1 4067.147
2014 03 18 09 30 00 1 4067.167
2014 03 18 09 45 00 1 4067.193
2014 03 18 10 00 00 1 4067.221
2014 03 18 10 15 00 1 4067.258
2014 03 18 10 30 00 1 4067.299
2014 03 18 10 45 00 1 4067.347
2014 03 18 11 00 00 1 4067.400
2014 03 18 11 15 00 1 4067.457
2014 03 18 11 30 00 1 4067.518
2014 03 18 11 45 00 1 4067.579
2014 03 18 12 00 00 1 4067.642
2014 03 18 12 15 00 1 4067.706
2014 03 18 12 30 00 1 4067.766
2014 03 18 12 45 00 1 4067.821
2014 03 18 13 00 00 1 4067.877
2014 03 18 13 15 00 1 4067.923
2014 03 18 13 30 00 1 4067.967
2014 03 18 13 45 00 1 4068.008
2014 03 18 14 00 00 1 4068.042
2014 03 18 14 15 00 1 4068.068
2014 03 18 14 30 00 1 4068.087
2014 03 18 14 45 00 1 4068.098
2014 03 18 15 00 00 1 4068.100
2014 03 18 15 15 00 1 4068.093
2014 03 18 15 30 00 1 4068.076
2014 03 18 15 45 00 1 4068.054
2014 03 18 16 00 00 1 4068.025
2014 03 18 16 15 00 1 4067.987
2014 03 18 16 30 00 1 4067.946
2014 03 18 16 45 00 1 4067.902
2014 03 18 17 00 00 1 4067.852
2014 03 18 17 15 00 1 4067.799
2014 03 18 17 30 00 1 4067.745
2014 03 18 17 45 00 1 4067.688
2014 03 18 18 00 00 1 4067.628
2014 03 18 18 15 00 1 4067.571
2014 03 18 18 30 00 1 4067.512
2014 03 18 18 45 00 1 4067.455
2014 03 18 19 00 00 1 4067.402
2014 03 18 19 15 00 1 4067.351
2014 03 18 19 30 00 1 4067.306
2014 03 18 19 45 00 1 4067.266
2014 03 18 20 00 00 1 4067.233
2014 03 18 20 15 00 1 4067.208
2014 03 18 20 30 00 1 4067.185
2014 03 18 20 45 00 1 4067.172
2014 03 18 21 00 00 1 4067.165
2014 03 18 21 15 00 1 4067.166
2014 03 18 21 30 00 1 4067.176
2014 03 18 21 45 00 1 4067.189
2014 03 18 22 00 00 1 4067.210
2014 03 18 22 15 00 1 4067.235
2014 03 18 22 30 00 1 4067.270
2014 03 18 22 45 00 1 4067.310
2014 03 18 23 00 00 1 4067.356
2014 03 18 23 15 00 1 4067.405
2014 03 18 23 30 00 1 4067.459
2014 03 18 23 45 00 1 4067.515
2014 03 19 00 00 00 1 4067.571
2014 03 19 00 15 00 1 4067.629
2014 03 19 00 30 00 1 4067.684
2014 03 19 00 45 00 1 4067.739
2014 03 19 01 00 00 1 4067.791
2014 03 19 01 15 00 1 4067.841
2014 03 19 01 30 00 1 4067.888
2014 03 19 01 45 00 1 4067.927
2014 03 19 02 00 00 1 4067.962
2014 03 19 02 15 00 1 4067.988
2014 03 19 02 30 00 1 4068.008
2014 03 19 02 45 00 1 4068.022
2014 03 19 03 00 00 1 4068.028
2014 03 19 03 15 00 1 4068.028
2014 03 19 03 30 00 1 4068.022
2014 03 19 03 45 00 1 4068.010
2014 03 19 04 00 00 1 4067.993
2014 03 19 04 15 00 1 4067.965
2014 03 19 04 30 00 1 4067.934
2014 03 19 04 45 00 1 4067.897
2014 03 19 05 00 00 1 4067.853
2014 03 19 05 15 00 1 4067.807
2014 03 19 05 30 00 1 4067.755
2014 03 19 05 45 00 1 4067.699
2014 03 19 06 00 00 1 4067.644
2014 03 19 06 15 00 1 4067.585
2014 03 19 06 30 00 1 4067.528
2014 03 19 06 45 00 1 4067.469
2014 03 19 07 00 00 1 4067.417
2014 03 19 07 15 00 1 4067.362
2014 03 19 07 30 00 1 4067.309
2014 03 19 07 45 00 1 4067.265
2014 03 19 08 00 00 1 4067.226
2014 03 19 08 15 00 1 4067.194
2014 03 19 08 30 00 1 4067.168
2014 03 19 08 45 00 1 4067.147
2014 03 19 09 00 00 1 4067.137
2014 03 19 09 15 00 1 4067.133
2014 03 19 09 30 00 1 4067.132
2014 03 19 09 45 00 1 4067.143
2014 03 19 10 00 00 1 4067.159
2014 03 19 10 15 00 1 4067.182
2014 03 19 10 30 00 1 4067.213
2014 03 19 10 45 00 1 4067.248
2014 03 19 11 00 00 1 4067.291
2014 03 19 11 15 00 1 4067.340
2014 03 19 11 30 00 1 4067.394
2014 03 19 11 45 00 1 4067.449
2014 03 19 12 00 00 1 4067.510
2014 03 19 12 15 00 1 4067.572
2014 03 19 12 30 00 1 4067.632
2014 03 19 12 45 00 1 4067.693
2014 03 19 13 00 00 1 4067.752
2014 03 19 13 15 00 1 4067.811
2014 03 19 13 30 00 1 4067.862
2014 03 19 13 45 00 1 4067.914
2014 03 19 14 00 00 1 4067.964
2014 03 19 14 15 00 1 4068.004
2014 03 19 14 30 00 1 4068.039
2014 03 19 14 45 00 1 4068.065
2014 03 19 15 00 00 1 4068.086
2014 03 19 15 15 00 1 4068.097
2014 03 19 15 30 00 1 4068.101
2014 03 19 15 45 00 1 4068.096
2014 03 19 16 00 00 1 4068.088
2014 03 19 16 15 00 1 4068.066
2014 03 19 16 30 00 1 4068.039
2014 03 19 16 45 00 1 4068.007
2014 03 19 17 00 00 1 4067.968
2014 03 19 17 15 00 1 4067.925
2014 03 19 17 30 00 1 4067.879
2014 03 19 17 45 00 1 4067.823
2014 03 19 18 00 00 1 4067.770
2014 03 19 18 15 00 1 4067.713
2014 03 19 18 30 00 1 4067.652
2014 03 19 18 45 00 1 4067.591
2014 03 19 19 00 00 1 4067.536
2014 03 19 19 15 00 1 4067.477
2014 03 19 19 30 00 1 4067.423
2014 03 19 19 45 00 1 4067.374
2014 03 19 20 00 00 1 4067.324
2014 03 19 20 15 00 1 4067.283
2014 03 19 20 30 00 1 4067.248
2014 03 19 20 45 00 1 4067.219
2014 03 19 21 00 00 1 4067.197
2014 03 19 21 15 00 1 4067.182
2014 03 19 21 30 00 1 4067.173
2014 03 19 21 45 00 1 4067.171
2014 03 19 22 00 00 1 4067.177
2014 03 19 22 15 00 1 4067.187
2014 03 19 22 30 00 1 4067.202
2014 03 19 22 45 00 1 4067.227
2014 03 19 23 00 00 1 4067.257
2014 03 19 23 15 00 1 4067.289
2014 03 19 23 30 00 1 4067.332
2014 03 19 23 45 00 1 4067.377
2014 03 20 00 00 00 1 4067.424
2014 03 20 00 15 00 1 4067.473
2014 03 20 00 30 00 1 4067.523
2014 03 20 00 45 00 1 4067.576
2014 03 20 01 00 00 1 4067.631
2014 03 20 01 15 00 1 4067.682
2014 03 20 01 30 00 1 4067.734
2014 03 20 01 45 00 1 4067.778
2014 03 20 02 00 00 1 4067.819
2014 03 20 02 15 00 1 4067.857
2014 03 20 02 30 00 1 4067.889
2014 03 20 02 45 00 1 4067.916
2014 03 20 03 00 00 1 4067.938
2014 03 20 03 15 00 1 4067.955
2014 03 20 03 30 00 1 4067.964
2014 03 20 03 45 00 1 4067.966
2014 03 20 04 00 00 1 4067.963
2014 03 20 04 15 00 1 4067.949
2014 03 20 04 30 00 1 4067.933
2014 03 20 04 45 00 1 4067.909
2014 03 20 05 00 00 1 4067.880
2014 03 20 05 15 00 1 4067.843
2014 03 20 05 30 00 1 4067.803
2014 03 20 05 45 00 1 4067.761
2014 03 20 06 00 00 1 4067.714
2014 03 20 06 15 00 1 4067.669
2014 03 20 06 30 00 1 4067.616
2014 03 20 06 45 00 1 4067.565
2014 03 20 07 00 00 1 4067.512
2014 03 20 07 15 00 1 4067.462
2014 03 20 07 30 00 1 4067.409
2014 03 20 07 45 00 1 4067.361
2014 03 20 08 00 00 1 4067.315
2014 03 20 08 15 00 1 4067.273
2014 03 20 08 30 00 1 4067.238
2014 03 20 08 45 00 1 4067.209
2014 03 20 09 00 00 1 4067.185
2014 03 20 09 15 00 1 4067.168
2014 03 20 09 30 00 1 4067.157
2014 03 20 09 45 00 1 4067.153
2014 03 20 10 00 00 1 4067.158
2014 03 20 10 15 00 1 4067.169
2014 03 20 10 30 00 1 4067.184
2014 03 20 10 45 00 1 4067.210
2014 03 20 11 00 00 1 4067.238
2014 03 20 11 15 00 1 4067.273
2014 03 20 11 30 00 1 4067.310
2014 03 20 11 45 00 1 4067.359
2014 03 20 12 00 00 1 4067.411
2014 03 20 12 15 00 1 4067.466
2014 03 20 12 30 00 1 4067.523
2014 03 20 12 45 00 1 4067.585
2014 03 20 13 00 00 1 4067.646
2014 03 20 13 15 00 1 4067.703
2014 03 20 13 30 00 1 4067.763
2014 03 20 13 45 00 1 4067.822
2014 03 20 14 00 00 1 4067.874
2014 03 20 14 15 00 1 4067.926
2014 03 20 14 30 00 1 4067.969
2014 03 20 14 45 00 1 4068.010
2014 03 20 15 00 00 1 4068.044
2014 03 20 15 15 00 1 4068.072
2014 03 20 15 30 00 1 4068.093
2014 03 20 15 45 00 1 4068.108
2014 03 20 16 00 00 1 4068.113
2014 03 20 16 15 00 1 4068.109
2014 03 20 16 30 00 1 4068.102
2014 03 20 16 45 00 1 4068.086
2014 03 20 17 00 00 1 4068.061
2014 03 20 17 15 00 1 4068.034
2014 03 20 17 30 00 1 4068.001
2014 03 20 17 45 00 1 4067.962
2014 03 20 18 00 00 1 4067.917
2014 03 20 18 15 00 1 4067.869
2014 03 20 18 30 00 1 4067.820
2014 03 20 18 45 00 1 4067.764
2014 03 20 19 00 00 1 4067.709
2014 03 20 19 15 00 1 4067.652
2014 03 20 19 30 00 1 4067.596
2014 03 20 19 45 00 1 4067.543
2014 03 20 20 00 00 1 4067.487
2014 03 20 20 15 00 1 4067.437
2014 03 20 20 30 00 1 4067.389
2014 03 20 20 45 00 1 4067.347
2014 03 20 21 00 00 1 4067.311
2014 03 20 21 15 00 1 4067.276
2014 03 20 21 30 00 1 4067.253
2014 03 20 21 45 00 1 4067.230
2014 03 20 22 00 00 1 4067.216
2014 03 20 22 15 00 1 4067.210
2014 03 20 22 30 00 1 4067.210
2014 03 20 22 45 00 1 4067.213
2014 03 20 23 00 00 1 4067.223
2014 03 20 23 15 00 1 4067.240
2014 03 20 23 30 00 1 4067.263
2014 03 20 23 45 00 1 4067.290
2014 03 21 00 00 00 1 4067.324
2014 03 21 00 15 00 1 4067.361
2014 03 21 00 30 00 1 4067.404
2014 03 21 00 45 00 1 4067.445
2014 03 21 01 00 00 1 4067.491
2014 03 21 01 15 00 1 4067.537
2014 03 21 01 30 00 1 4067.583
2014 03 21 01 45 00 1 4067.626
2014 03 21 02 00 00 1 4067.668
2014 03 21 02 15 00 1 4067.708
2014 03 21 02 30 00 1 4067.749
2014 03 21 02 45 00 1 4067.783
2014 03 21 03 00 00 1 4067.813
2014 03 21 03 15 00 1 4067.839
2014 03 21 03 30 00 1 4067.861
2014 03 21 03 45 00 1 4067.878
2014 03 21 04 00 00 1 4067.891
2014 03 21 04 15 00 1 4067.895
2014 03 21 04 30 00 1 4067.894
2014 03 21 04 45 00 1 4067.891
2014 03 21 05 00 00 1 4067.878
2014 03 21 05 15 00 1 4067.862
2014 03 21 05 30 00 1 4067.842
2014 03 21 05 45 00 1 4067.813
2014 03 21 06 00 00 1 4067.781
2014 03 21 06 15 00 1 4067.743
2014 03 21 06 30 00 1 4067.707
2014 03 21 06 45 00 1 4067.666
2014 03 21 07 00 00 1 4067.622
2014 03 21 07 15 00 1 4067.580
2014 03 21 07 30 00 1 4067.533
2014 03 21 07 45 00 1 4067.488
2014 03 21 08 00 00 1 4067.443
2014 03 21 08 15 00 1 4067.399
2014 03 21 08 30 00 1 4067.359
2014 03 21 08 45 00 1 4067.323
2014 03 21 09 00 00 1 4067.290
2014 03 21 09 15 00 1 4067.265
2014 03 21 09 30 00 1 4067.243
2014 03 21 09 45 00 1 4067.226
2014 03 21 10 00 00 1 4067.216
2014 03 21 10 15 00 1 4067.213
2014 03 21 10 30 00 1 4067.212
2014 03 21 10 45 00 1 4067.219
2014 03 21 11 00 00 1 4067.233
2014 03 21 11 15 00 1 4067.250
2014 03 21 11 30 00 1 4067.275
2014 03 21 11 45 00 1 4067.307
2014 03 21 12 00 00 1 4067.343
2014 03 21 12 15 00 1 4067.385
2014 03 21 12 30 00 1 4067.428
2014 03 21 12 45 00 1 4067.478
2014 03 21 13 00 00 1 4067.531
2014 03 21 13 15 00 1 4067.585
2014 03 21 13 30 00 1 4067.640
2014 03 21 13 45 00 1 4067.693
2014 03 21 14 00 00 1 4067.746
2014 03 21 14 15 00 1 4067.801
2014 03 21 14 30 00 1 4067.852
2014 03 21 14 45 00 1 4067.902
2014 03 21 15 00 00 1 4067.948
2014 03 21 15 15 00 1 4067.991
2014 03 21 15 30 00 1 4068.026
2014 03 21 15 45 00 1 4068.057
2014 03 21 16 00 00 1 4068.084
2014 03 21 16 15 00 1 4068.101
2014 03 21 16 30 00 1 4068.110
2014 03 21 16 45 00 1 4068.115
2014 03 21 17 00 00 1 4068.111
2014 03 21 17 15 00 1 4068.105
2014 03 21 17 30 00 1 4068.091
2014 03 21 17 45 00 1 4068.069
2014 03 21 18 00 00 1 4068.044
2014 03 21 18 15 00 1 4068.009
2014 03 21 18 30 00 1 4067.971
2014 03 21 18 45 00 1 4067.926
2014 03 21 19 00 00 1 4067.883
2014 03 21 19 15 00 1 4067.831
2014 03 21 19 30 00 1 4067.783
2014 03 21 19 45 00 1 4067.733
2014 03 21 20 00 00 1 4067.681
2014 03 21 20 15 00 1 4067.632
2014 03 21 20 30 00 1 4067.581
2014 03 21 20 45 00 1 4067.532
2014 03 21 21 00 00 1 4067.486
2014 03 21 21 15 00 1 4067.442
2014 03 21 21 30 00 1 4067.402
2014 03 21 21 45 00 1 4067.368
2014 03 21 22 00 00 1 4067.335
2014 03 21 22 15 00 1 4067.309
2014 03 21 22 30 00 1 4067.291
2014 03 21 22 45 00 1 4067.274
2014 03 21 23 00 00 1 4067.264
2014 03 21 23 15 00 1 4067.259
2014 03 21 23 30 00 1 4067.262
2014 03 21 23 45 00 1 4067.269
2014 03 22 00 00 00 1 4067.281
2014 03 22 00 15 00 1 4067.298
2014 03 22 00 30 00 1 4067.322
2014 03 22 00 45 00 1 4067.348
2014 03 22 01 00 00 1 4067.379
2014 03 22 01 15 00 1 4067.410
2014 03 22 01 30 00 1 4067.448
2014 03 22 01 45 00 1 4067.483
2014 03 22 02 00 00 1 4067.518
2014 03 22 02 15 00 1 4067.557
2014 03 22 02 30 00 1 4067.592
2014 03 22 02 45 00 1 4067.629
2014 03 22 03 00 00 1 4067.665
2014 03 22 03 15 00 1 4067.699
2014 03 22 03 30 00 1 4067.730
2014 03 22 03 45 00 1 4067.756
2014 03 22 04 00 00 1 4067.778
2014 03 22 04 15 00 1 4067.795
2014 03 22 04 30 00 1 4067.807
2014 03 22 04 45 00 1 4067.816
2014 03 22 05 00 00 1 4067.818
2014 03 22 05 15 00 1 4067.815
2014 03 22 05 30 00 1 4067.809
2014 03 22 05 45 00 1 4067.798
2014 03 22 06 00 00 1 4067.780
2014 03 22 06 15 00 1 4067.760
2014 03 22 06 30 00 1 4067.736
2014 03 22 06 45 00 1 4067.709
2014 03 22 07 00 00 1 4067.680
2014 03 22 07 15 00 1 4067.648
2014 03 22 07 30 00 1 4067.612
2014 03 22 07 45 00 1 4067.577
2014 03 22 08 00 00 1 4067.542
2014 03 22 08 15 00 1 4067.508
2014 03 22 08 30 00 1 4067.471
2014 03 22 08 45 00 1 4067.437
2014 03 22 09 00 00 1 4067.405
2014 03 22 09 15 00 1 4067.371
2014 03 22 09 30 00 1 4067.343
2014 03 22 09 45 00 1 4067.316
2014 03 22 10 00 00 1 4067.294
2014 03 22 10 15 00 1 4067.278
2014 03 22 10 30 00 1 4067.263
2014 03 22 10 45 00 1 4067.253
2014 03 22 11 00 00 1 4067.248
2014 03 22 11 15 00 1 4067.251
2014 03 22 11 30 00 1 4067.257
2014 03 22 11 45 00 1 4067.268
2014 03 22 12 00 00 1 4067.287
2014 03 22 12 15 00 1 4067.314
2014 03 22 12 30 00 1 4067.341
2014 03 22 12 45 00 1 4067.373
2014 03 22 13 00 00 1 4067.412
2014 03 22 13 15 00 1 4067.454
2014 03 22 13 30 00 1 4067.495
2014 03 22 13 45 00 1 4067.545
2014 03 22 14 00 00 1 4067.592
2014 03 22 14 15 00 1 4067.643
2014 03 22 14 30 00 1 4067.694
2014 03 22 14 45 00 1 4067.743
2014 03 22 15 00 00 1 4067.789
2014 03 22 15 15 00 1 4067.835
2014 03 22 15 30 00 1 4067.878
2014 03 22 15 45 00 1 4067.920
2014 03 22 16 00 00 1 4067.956
2014 03 22 16 15 00 1 4067.990
2014 03 22 16 30 00 1 4068.020
2014 03 22 16 45 00 1 4068.039
2014 03 22 17 00 00 1 4068.057
2014 03 22 17 15 00 1 4068.067
2014 03 22 17 30 00 1 4068.073
2014 03 22 17 45 00 1 4068.076
2014 03 22 18 00 00 1 4068.070
2014 03 22 18 15 00 1 4068.061
2014 03 22 18 30 00 1 4068.045
2014 03 22 18 45 00 1 4068.024
2014 03 22 19 00 00 1 4067.999
2014 03 22 19 15 00 1 4067.969
2014 03 22 19 30 00 1 4067.932
2014 03 22 19 45 00 1 4067.894
2014 03 22 20 00 00 1 4067.850
2014 03 22 20 15 00 1 4067.807
2014 03 22 20 30 00 1 4067.763
2014 03 22 20 45 00 1 4067.717
2014 03 22 21 00 00 1 4067.670
2014 03 22 21 15 00 1 4067.625
2014 03 22 21 30 00 1 4067.585
2014 03 22 21 45 00 1 4067.541
2014 03 22 22 00 00 1 4067.502
2014 03 22 22 15 00 1 4067.467
2014 03 22 22 30 00 1 4067.435
2014 03 22 22 45 00 1 4067.405
2014 03 22 23 00 00 1 4067.380
2014 03 22 23 15 00 1 4067.358
2014 03 22 23 30 00 1 4067.343
2014 03 22 23 45 00 1 4067.330
2014 03 23 00 00 00 1 4067.320
2014 03 23 00 15 00 1 4067.316
2014 03 23 00 30 00 1 4067.315
2014 03 23 00 45 00 1 4067.319
2014 03 23 01 00 00 1 4067.328
2014 03 23 01 15 00 1 4067.341
2014 03 23 01 30 00 1 4067.358
2014 03 23 01 45 00 1 4067.380
2014 03 23 02 00 00 1 4067.400
2014 03 23 02 15 00 1 4067.425
2014 03 23 02 30 00 1 4067.450
2014 03 23 02 45 00 1 4067.476
2014 03 23 03 00 00 1 4067.506
2014 03 23 03 15 00 1 4067.535
2014 03 23 03 30 00 1 4067.565
2014 03 23 03 45 00 1 4067.595
2014 03 23 04 00 00 1 4067.622
2014 03 23 04 15 00 1 4067.648
2014 03 23 04 30 00 1 4067.670
2014 03 23 04 45 00 1 4067.689
2014 03 23 05 00 00 1 4067.705
2014 03 23 05 15 00 1 4067.719
2014 03 23 05 30 00 1 4067.726
2014 03 23 05 45 00 1 4067.732
2014 03 23 06 00 00 1 4067.731
2014 03 23 06 15 00 1 4067.729
2014 03 23 06 30 00 1 4067.723
2014 03 23 06 45 00 1 4067.712
2014 03 23 07 00 00 1 4067.702
2014 03 23 07 15 00 1 4067.683
2014 03 23 07 30 00 1 4067.663
2014 03 23 07 45 00 1 4067.641
2014 03 23 08 00 00 1 4067.616
2014 03 23 08 15 00 1 4067.592
2014 03 23 08 30 00 1 4067.564
2014 03 23 08 45 00 1 4067.539
2014 03 23 09 00 00 1 4067.514
2014 03 23 09 15 00 1 4067.490
2014 03 23 09 30 00 1 4067.462
2014 03 23 09 45 00 1 4067.435
2014 03 23 10 00 00 1 4067.409
2014 03 23 10 15 00 1 4067.385
2014 03 23 10 30 00 1 4067.362
2014 03 23 10 45 00 1 4067.345
2014 03 23 11 00 00 1 4067.330
2014 03 23 11 15 00 1 4067.319
2014 03 23 11 30 00 1 4067.313
2014 03 23 11 45 00 1 4067.311
2014 03 23 12 00 00 1 4067.310
2014 03 23 12 15 00 1 4067.316
2014 03 23 12 30 00 1 4067.325
2014 03 23 12 45 00 1 4067.338
2014 03 23 13 00 00 1 4067.355
2014 03 23 13 15 00 1 4067.378
2014 03 23 13 30 00 1 4067.405
2014 03 23 13 45 00 1 4067.435
2014 03 23 14 00 00 1 4067.469
2014 03 23 14 15 00 1 4067.505
2014 03 23 14 30 00 1 4067.544
2014 03 23 14 45 00 1 4067.583
2014 03 23 15 00 00 1 4067.622
2014 03 23 15 15 00 1 4067.666
2014 03 23 15 30 00 1 4067.709
2014 03 23 15 45 00 1 4067.750
2014 03 23 16 00 00 1 4067.792
2014 03 23 16 15 00 1 4067.832
2014 03 23 16 30 00 1 4067.869
2014 03 23 16 45 00 1 4067.902
2014 03 23 17 00 00 1 4067.935
2014 03 23 17 15 00 1 4067.961
2014 03 23 17 30 00 1 4067.985
2014 03 23 17 45 00 1 4068.007
2014 03 23 18 00 00 1 4068.024
2014 03 23 18 15 00 1 4068.033
2014 03 23 18 30 00 1 4068.037
2014 03 23 18 45 00 1 4068.040
2014 03 23 19 00 00 1 4068.035
2014 03 23 19 15 00 1 4068.024
2014 03 23 19 30 00 1 4068.009
2014 03 23 19 45 00 1 4067.992
2014 03 23 20 00 00 1 4067.971
2014 03 23 20 15 00 1 4067.943
2014 03 23 20 30 00 1 4067.912
2014 03 23 20 45 00 1 4067.880
2014 03 23 21 00 00 1 4067.845
2014 03 23 21 15 00 1 4067.807
2014 03 23 21 30 00 1 4067.767
2014 03 23 21 45 00 1 4067.725
2014 03 23 22 00 00 1 4067.683
2014 03 23 22 15 00 1 4067.643
2014 03 23 22 30 00 1 4067.604
2014 03 23 22 45 00 1 4067.564
2014 03 23 23 00 00 1 4067.527
2014 03 23 23 15 00 1 4067.493
2014 03 23 23 30 00 1 4067.459
2014 03 23 23 45 00 1 4067.432
2014 03 24 00 00 00 1 4067.405
2014 03 24 00 15 00 1 4067.383
2014 03 24 00 30 00 1 4067.363
2014 03 24 00 45 00 1 4067.349
2014 03 24 01 00 00 1 4067.334
2014 03 24 01 15 00 1 4067.328
2014 03 24 01 30 00 1 4067.325
2014 03 24 01 45 00 1 4067.325
2014 03 24 02 00 00 1 4067.331
2014 03 24 02 15 00 1 4067.338
2014 03 24 02 30 00 1 4067.349
2014 03 24 02 45 00 1 4067.366
2014 03 24 03 00 00 1 4067.382
2014 03 24 03 15 00 1 4067.402
2014 03 24 03 30 00 1 4067.421
2014 03 24 03 45 00 1 4067.445
2014 03 24 04 00 00 1 4067.467
2014 03 24 04 15 00 1 4067.488
2014 03 24 04 30 00 1 4067.511
2014 03 24 04 45 00 1 4067.533
2014 03 24 05 00 00 1 4067.553
2014 03 24 05 15 00 1 4067.572
2014 03 24 05 30 00 1 4067.589
2014 03 24 05 45 00 1 4067.607
2014 03 24 06 00 00 1 4067.620
2014 03 24 06 15 00 1 4067.634
2014 03 24 06 30 00 1 4067.644
2014 03 24 06 45 00 1 4067.651
2014 03 24 07 00 00 1 4067.657
2014 03 24 07 15 00 1 4067.661
2014 03 24 07 30 00 1 4067.658
2014 03 24 07 45 00 1 4067.652
2014 03 24 08 00 00 1 4067.645
2014 03 24 08 15 00 1 4067.637
2014 03 24 08 30 00 1 4067.625
2014 03 24 08 45 00 1 4067.613
2014 03 24 09 00 00 1 4067.601
2014 03 24 09 15 00 1 4067.587
2014 03 24 09 30 00 1 4067.571
2014 03 24 09 45 00 1 4067.551
2014 03 24 10 00 00 1 4067.533
2014 03 24 10 15 00 1 4067.511
2014 03 24 10 30 00 1 4067.491
2014 03 24 10 45 00 1 4067.466
2014 03 24 11 00 00 1 4067.445
2014 03 24 11 15 00 1 4067.425
2014 03 24 11 30 00 1 4067.407
2014 03 24 11 45 00 1 4067.393
2014 03 24 12 00 00 1 4067.380
2014 03 24 12 15 00 1 4067.374
2014 03 24 12 30 00 1 4067.364
2014 03 24 12 45 00 1 4067.357
2014 03 24 13 00 00 1 4067.357
2014 03 24 13 15 00 1 4067.356
2014 03 24 13 30 00 1 4067.362
2014 03 24 13 45 00 1 4067.370
2014 03 24 14 00 00 1 4067.386
2014 03 24 14 15 00 1 4067.404
2014 03 24 14 30 00 1 4067.429
2014 03 24 14 45 00 1 4067.456
2014 03 24 15 00 00 1 4067.484
2014 03 24 15 15 00 1 4067.516
2014 03 24 15 30 00 1 4067.547
2014 03 24 15 45 00 1 4067.582
2014 03 24 16 00 00 1 4067.615
2014 03 24 16 15 00 1 4067.650
2014 03 24 16 30 00 1 4067.687
2014 03 24 16 45 00 1 4067.723
2014 03 24 17 00 00 1 4067.760
2014 03 24 17 15 00 1 4067.795
2014 03 24 17 30 00 1 4067.833
2014 03 24 17 45 00 1 4067.869
2014 03 24 18 00 00 1 4067.898
2014 03 24 18 15 00 1 4067.926
2014 03 24 18 30 00 1 4067.951
2014 03 24 18 45 00 1 4067.972
2014 03 24 19 00 00 1 4067.989
2014 03 24 19 15 00 1 4068.002
2014 03 24 19 30 00 1 4068.014
2014 03 24 19 45 00 1 4068.019
2014 03 24 20 00 00 1 4068.018
2014 03 24 20 15 00 1 4068.014
2014 03 24 20 30 00 1 4068.005
2014 03 24 20 45 00 1 4067.992
2014 03 24 21 00 00 1 4067.975
2014 03 24 21 15 00 1 4067.953
2014 03 24 21 30 00 1 4067.927
2014 03 24 21 45 00 1 4067.898
2014 03 24 22 00 00 1 4067.866
2014 03 24 22 15 00 1 4067.831
2014 03 24 22 30 00 1 4067.797
2014 03 24 22 45 00 1 4067.762
2014 03 24 23 00 00 1 4067.725
2014 03 24 23 15 00 1 4067.685
2014 03 24 23 30 00 1 4067.645
2014 03 24 23 45 00 1 4067.609
2014 03 25 00 00 00 1 4067.570
2014 03 25 00 15 00 1 4067.534
2014 03 25 00 30 00 1 4067.501
2014 03 25 00 45 00 1 4067.470
2014 03 25 01 00 00 1 4067.441
2014 03 25 01 15 00 1 4067.418
2014 03 25 01 30 00 1 4067.395
2014 03 25 01 45 00 1 4067.373
2014 03 25 02 00 00 1 4067.356
2014 03 25 02 15 00 1 4067.341
2014 03 25 02 30 00 1 4067.328
2014 03 25 02 45 00 1 4067.322
2014 03 25 03 00 00 1 4067.318
2014 03 25 03 15 00 1 4067.318
2014 03 25 03 30 00 1 4067.326
2014 03 25 03 45 00 1 4067.334
2014 03 25 04 00 00 1 4067.346
2014 03 25 04 15 00 1 4067.362
2014 03 25 04 30 00 1 4067.381
2014 03 25 04 45 00 1 4067.399
2014 03 25 05 00 00 1 4067.420
2014 03 25 05 15 00 1 4067.439
2014 03 25 05 30 00 1 4067.461
2014 03 25 05 45 00 1 4067.482
2014 03 25 06 00 00 1 4067.506
2014 03 25 06 15 00 1 4067.529
2014 03 25 06 30 00 1 4067.553
2014 03 25 06 45 00 1 4067.574
2014 03 25 07 00 00 1 4067.594
2014 03 25 07 15 00 1 4067.613
2014 03 25 07 30 00 1 4067.629
2014 03 25 07 45 00 1 4067.643
2014 03 25 08 00 00 1 4067.652
2014 03 25 08 15 00 1 4067.659
2014 03 25 08 30 00 1 4067.666
2014 03 25 08 45 00 1 4067.670
2014 03 25 09 00 00 1 4067.672
2014 03 25 09 15 00 1 4067.668
2014 03 25 09 30 00 1 4067.665
2014 03 25 09 45 00 1 4067.658
2014 03 25 10 00 00 1 4067.649
2014 03 25 10 15 00 1 4067.638
2014 03 25 10 30 00 1 4067.625
2014 03 25 10 45 00 1 4067.609
2014 03 25 11 00 00 1 4067.593
2014 03 25 11 15 00 1 4067.573
2014 03 25 11 30 00 1 4067.552
2014 03 25 11 45 00 1 4067.534
2014 03 25 12 00 00 1 4067.513
2014 03 25 12 15 00 1 4067.495
2014 03 25 12 30 00 1 4067.475
2014 03 25 12 45 00 1 4067.455
2014 03 25 13 00 00 1 4067.438
2014 03 25 13 15 00 1 4067.419
2014 03 25 13 30 00 1 4067.409
2014 03 25 13 45 00 1 4067.398
2014 03 25 14 00 00 1 4067.392
2014 03 25 14 15 00 1 4067.389
2014 03 25 14 30 00 1 4067.389
2014 03 25 14 45 00 1 4067.391
2014 03 25 15 00 00 1 4067.399
2014 03 25 15 15 00 1 4067.409
2014 03 25 15 30 00 1 4067.423
2014 03 25 15 45 00 1 4067.441
2014 03 25 16 00 00 1 4067.462
2014 03 25 16 15 00 1 4067.486
2014 03 25 16 30 00 1 4067.513
2014 03 25 16 45 00 1 4067.545
2014 03 25 17 00 00 1 4067.579
2014 03 25 17 15 00 1 4067.613
2014 03 25 17 30 00 1 4067.651
2014 03 25 17 45 00 1 4067.689
2014 03 25 18 00 00 1 4067.727
2014 03 25 18 15 00 1 4067.764
2014 03 25 18 30 00 1 4067.801
2014 03 25 18 45 00 1 4067.837
2014 03 25 19 00 00 1 4067.871
2014 03 25 19 15 00 1 4067.907
2014 03 25 19 30 00 1 4067.938
2014 03 25 19 45 00 1 4067.969
2014 03 25 20 00 00 1 4067.995
2014 03 25 20 15 00 1 4068.018
2014 03 25 20 30 00 1 4068.032
2014 03 25 20 45 00 1 4068.041
2014 03 25 21 00 00 1 4068.045
2014 03 25 21 15 00 1 4068.046
2014 03 25 21 30 00 1 4068.040
2014 03 25 21 45 00 1 4068.030
2014 03 25 22 00 00 1 4068.017
2014 03 25 22 15 00 1 4067.999
2014 03 25 22 30 00 1 4067.974
2014 03 25 22 45 00 1 4067.950
2014 03 25 23 00 00 1 4067.919
2014 03 25 23 15 00 1 4067.884
2014 03 25 23 30 00 1 4067.847
2014 03 25 23 45 00 1 4067.808
2014 03 26 00 00 00 1 4067.764
2014 03 26 00 15 00 1 4067.724
2014 03 26 00 30 00 1 4067.682
2014 03 26 00 45 00 1 4067.637
2014 03 26 01 00 00 1 4067.595
2014 03 26 01 15 00 1 4067.552
2014 03 26 01 30 00 1 4067.512
2014 03 26 01 45 00 1 4067.473
2014 03 26 02 00 00 1 4067.434
2014 03 26 02 15 00 1 4067.399
2014 03 26 02 30 00 1 4067.367
2014 03 26 02 45 00 1 4067.336
2014 03 26 03 00 00 1 4067.315
2014 03 26 03 15 00 1 4067.295
2014 03 26 03 30 00 1 4067.280
2014 03 26 03 45 00 1 4067.268
2014 03 26 04 00 00 1 4067.261
2014 03 26 04 15 00 1 4067.258
2014 03 26 04 30 00 1 4067.260
2014 03 26 04 45 00 1 4067.265
2014 03 26 05 00 00 1 4067.273
2014 03 26 05 15 00 1 4067.285
2014 03 26 05 30 00 1 4067.301
2014 03 26 05 45 00 1 4067.320
2014 03 26 06 00 00 1 4067.342
2014 03 26 06 15 00 1 4067.366
2014 03 26 06 30 00 1 4067.394
2014 03 26 06 45 00 1 4067.423
2014 03 26 07 00 00 1 4067.453
2014 03 26 07 15 00 1 4067.480
2014 03 26 07 30 00 1 4067.511
2014 03 26 07 45 00 1 4067.540
2014 03 26 08 00 00 1 4067.567
2014 03 26 08 15 00 1 4067.591
2014 03 26 08 30 00 1 4067.614
2014 03 26 08 45 00 1 4067.638
2014 03 26 09 00 00 1 4067.659
2014 03 26 09 15 00 1 4067.673
2014 03 26 09 30 00 1 4067.687
2014 03 26 09 45 00 1 4067.697
2014 03 26 10 00 00 1 4067.702
2014 03 26 10 15 00 1 4067.706
2014 03 26 10 30 00 1 4067.703
2014 03 26 10 45 00 1 4067.698
2014 03 26 11 00 00 1 4067.689
2014 03 26 11 15 00 1 4067.680
2014 03 26 11 30 00 1 4067.664
2014 03 26 11 45 00 1 4067.645
2014 03 26 12 00 00 1 4067.625
2014 03 26 12 15 00 1 4067.603
2014 03 26 12 30 00 1 4067.578
2014 03 26 12 45 00 1 4067.553
2014 03 26 13 00 00 1 4067.528
2014 03 26 13 15 00 1 4067.500
2014 03 26 13 30 00 1 4067.476
2014 03 26 13 45 00 1 4067.450
2014 03 26 14 00 00 1 4067.429
2014 03 26 14 15 00 1 4067.405
2014 03 26 14 30 00 1 4067.386
2014 03 26 14 45 00 1 4067.367
2014 03 26 15 00 00 1 4067.353
2014 03 26 15 15 00 1 4067.340
2014 03 26 15 30 00 1 4067.332
2014 03 26 15 45 00 1 4067.328
2014 03 26 16 00 00 1 4067.329
2014 03 26 16 15 00 1 4067.332
2014 03 26 16 30 00 1 4067.341
2014 03 26 16 45 00 1 4067.355
2014 03 26 17 00 00 1 4067.374
2014 03 26 17 15 00 1 4067.399
2014 03 26 17 30 00 1 4067.427
2014 03 26 17 45 00 1 4067.460
2014 03 26 18 00 00 1 4067.497
2014 03 26 18 15 00 1 4067.536
2014 03 26 18 30 00 1 4067.577
2014 03 26 18 45 00 1 4067.620
2014 03 26 19 00 00 1 4067.666
2014 03 26 19 15 00 1 4067.713
2014 03 26 19 30 00 1 4067.757
2014 03 26 19 45 00 1 4067.801
2014 03 26 20 00 00 1 4067.843
2014 03 26 20 15 00 1 4067.885
2014 03 26 20 30 00 1 4067.922
2014 03 26 20 45 00 1 4067.953
2014 03 26 21 00 00 1 4067.986
2014 03 26 21 15 00 1 4068.014
2014 03 26 21 30 00 1 4068.035
2014 03 26 21 45 00 1 4068.052
2014 03 26 22 00 00 1 4068.063
2014 03 26 22 15 00 1 4068.067
2014 03 26 22 30 00 1 4068.067
2014 03 26 22 45 00 1 4068.059
2014 03 26 23 00 00 1 4068.049
2014 03 26 23 15 00 1 4068.028
2014 03 26 23 30 00 1 4068.004
2014 03 26 23 45 00 1 4067.976
2014 03 27 00 00 00 1 4067.944
2014 03 27 00 15 00 1 4067.908
2014 03 27 00 30 00 1 4067.868
2014 03 27 00 45 00 1 4067.828
2014 03 27 01 00 00 1 4067.783
2014 03 27 01 15 00 1 4067.734
2014 03 27 01 30 00 1 4067.684
2014 03 27 01 45 00 1 4067.632
2014 03 27 02 00 00 1 4067.580
2014 03 27 02 15 00 1 4067.526
2014 03 27 02 30 00 1 4067.477
2014 03 27 02 45 00 1 4067.427
2014 03 27 03 00 00 1 4067.383
2014 03 27 03 15 00 1 4067.342
2014 03 27 03 30 00 1 4067.302
2014 03 27 03 45 00 1 4067.268
2014 03 27 04 00 00 1 4067.238
2014 03 27 04 15 00 1 4067.214
2014 03 27 04 30 00 1 4067.198
2014 03 27 04 45 00 1 4067.187
2014 03 27 05 00 00 1 4067.178
2014 03 27 05 15 00 1 4067.178
2014 03 27 05 30 00 1 4067.180
2014 03 27 05 45 00 1 4067.190
2014 03 27 06 00 00 1 4067.203
2014 03 27 06 15 00 1 4067.222
2014 03 27 06 30 00 1 4067.245
2014 03 27 06 45 00 1 4067.274
2014 03 27 07 00 00 1 4067.305
2014 03 27 07 15 00 1 4067.340
2014 03 27 07 30 00 1 4067.377
2014 03 27 07 45 00 1 4067.414
2014 03 27 08 00 00 1 4067.453
2014 03 27 08 15 00 1 4067.492
2014 03 27 08 30 00 1 4067.528
2014 03 27 08 45 00 1 4067.567
2014 03 27 09 00 00 1 4067.607
2014 03 27 09 15 00 1 4067.641
2014 03 27 09 30 00 1 4067.675
2014 03 27 09 45 00 1 4067.704
2014 03 27 10 00 00 1 4067.728
2014 03 27 10 15 00 1 4067.747
2014 03 27 10 30 00 1 4067.764
2014 03 27 10 45 00 1 4067.775
2014 03 27 11 00 00 1 4067.780
2014 03 27 11 15 00 1 4067.784
2014 03 27 11 30 00 1 4067.781
2014 03 27 11 45 00 1 4067.773
2014 03 27 12 00 00 1 4067.763
2014 03 27 12 15 00 1 4067.745
2014 03 27 12 30 00 1 4067.727
2014 03 27 12 45 00 1 4067.702
2014 03 27 13 00 00 1 4067.675
2014 03 27 13 15 00 1 4067.642
2014 03 27 13 30 00 1 4067.607
2014 03 27 13 45 00 1 4067.572
2014 03 27 14 00 00 1 4067.536
2014 03 27 14 15 00 1 4067.500
2014 03 27 14 30 00 1 4067.463
2014 03 27 14 45 00 1 4067.425
2014 03 27 15 00 00 1 4067.392
2014 03 27 15 15 00 1 4067.358
2014 03 27 15 30 00 1 4067.326
2014 03 27 15 45 00 1 4067.299
2014 03 27 16 00 00 1 4067.275
2014 03 27 16 15 00 1 4067.256
2014 03 27 16 30 00 1 4067.240
2014 03 27 16 45 00 1 4067.233
2014 03 27 17 00 00 1 4067.231
2014 03 27 17 15 00 1 4067.233
2014 03 27 17 30 00 1 4067.244
2014 03 27 17 45 00 1 4067.260
2014 03 27 18 00 00 1 4067.281
2014 03 27 18 15 00 1 4067.307
2014 03 27 18 30 00 1 4067.341
2014 03 27 18 45 00 1 4067.378
2014 03 27 19 00 00 1 4067.419
2014 03 27 19 15 00 1 4067.465
2014 03 27 19 30 00 1 4067.515
2014 03 27 19 45 00 1 4067.565
2014 03 27 20 00 00 1 4067.616
2014 03 27 20 15 00 1 4067.671
2014 03 27 20 30 00 1 4067.726
2014 03 27 20 45 00 1 4067.780
2014 03 27 21 00 00 1 4067.832
2014 03 27 21 15 00 1 4067.882
2014 03 27 21 30 00 1 4067.927
2014 03 27 21 45 00 1 4067.969
2014 03 27 22 00 00 1 4068.007
2014 03 27 22 15 00 1 4068.038
2014 03 27 22 30 00 1 4068.065
2014 03 27 22 45 00 1 4068.085
2014 03 27 23 00 00 1 4068.100
2014 03 27 23 15 00 1 4068.107
2014 03 27 23 30 00 1 4068.107
2014 03 27 23 45 00 1 4068.099
2014 03 28 00 00 00 1 4068.083
2014 03 28 00 15 00 1 4068.064
2014 03 28 00 30 00 1 4068.038
2014 03 28 00 45 00 1 4068.004
2014 03 28 01 00 00 1 4067.966
2014 03 28 01 15 00 1 4067.922
2014 03 28 01 30 00 1 4067.872
2014 03 28 01 45 00 1 4067.819
2014 03 28 02 00 00 1 4067.763
2014 03 28 02 15 00 1 4067.704
2014 03 28 02 30 00 1 4067.644
2014 03 28 02 45 00 1 4067.582
2014 03 28 03 00 00 1 4067.524
2014 03 28 03 15 00 1 4067.466
2014 03 28 03 30 00 1 4067.408
2014 03 28 03 45 00 1 4067.354
2014 03 28 04 00 00 1 4067.304
2014 03 28 04 15 00 1 4067.258
2014 03 28 04 30 00 1 4067.216
2014 03 28 04 45 00 1 4067.179
2014 03 28 05 00 00 1 4067.151
2014 03 28 05 15 00 1 4067.129
2014 03 28 05 30 00 1 4067.114
2014 03 28 05 45 00 1 4067.105
2014 03 28 06 00 00 1 4067.103
2014 03 28 06 15 00 1 4067.112
2014 03 28 06 30 00 1 4067.124
2014 03 28 06 45 00 1 4067.144
2014 03 28 07 00 00 1 4067.171
2014 03 28 07 15 00 1 4067.200
2014 03 28 07 30 00 1 4067.238
2014 03 28 07 45 00 1 4067.279
2014 03 28 08 00 00 1 4067.324
2014 03 28 08 15 00 1 4067.374
2014 03 28 08 30 00 1 4067.423
2014 03 28 08 45 00 1 4067.474
2014 03 28 09 00 00 1 4067.527
2014 03 28 09 15 00 1 4067.579
2014 03 28 09 30 00 1 4067.629
2014 03 28 09 45 00 1 4067.679
2014 03 28 10 00 00 1 4067.723
2014 03 28 10 15 00 1 4067.764
2014 03 28 10 30 00 1 4067.805
2014 03 28 10 45 00 1 4067.839
2014 03 28 11 00 00 1 4067.866
2014 03 28 11 15 00 1 4067.888
2014 03 28 11 30 00 1 4067.905
2014 03 28 11 45 00 1 4067.916
2014 03 28 12 00 00 1 4067.918
2014 03 28 12 15 00 1 4067.913
2014 03 28 12 30 00 1 4067.903
2014 03 28 12 45 00 1 4067.888
2014 03 28 13 00 00 1 4067.867
2014 03 28 13 15 00 1 4067.841
2014 03 28 13 30 00 1 4067.811
2014 03 28 13 45 00 1 4067.777
2014 03 28 14 00 00 1 4067.738
2014 03 28 14 15 00 1 4067.694
2014 03 28 14 30 00 1 4067.647
2014 03 28 14 45 00 1 4067.602
2014 03 28 15 00 00 1 4067.553
2014 03 28 15 15 00 1 4067.506
2014 03 28 15 30 00 1 4067.458
2014 03 28 15 45 00 1 4067.409
2014 03 28 16 00 00 1 4067.363
2014 03 28 16 15 00 1 4067.320
2014 03 28 16 30 00 1 4067.283
2014 03 28 16 45 00 1 4067.249
2014 03 28 17 00 00 1 4067.219
2014 03 28 17 15 00 1 4067.196
2014 03 28 17 30 00 1 4067.179
2014 03 28 17 45 00 1 4067.173
2014 03 28 18 00 00 1 4067.169
2014 03 28 18 15 00 1 4067.176
2014 03 28 18 30 00 1 4067.186
2014 03 28 18 45 00 1 4067.206
2014 03 28 19 00 00 1 4067.235
2014 03 28 19 15 00 1 4067.271
2014 03 28 19 30 00 1 4067.312
2014 03 28 19 45 00 1 4067.360
2014 03 28 20 00 00 1 4067.414
2014 03 28 20 15 00 1 4067.469
2014 03 28 20 30 00 1 4067.529
2014 03 28 20 45 00 1 4067.590
2014 03 28 21 00 00 1 4067.652
2014 03 28 21 15 00 1 4067.716
2014 03 28 21 30 00 1 4067.777
2014 03 28 21 45 00 1 4067.838
2014 03 28 22 00 00 1 4067.900
2014 03 28 22 15 00 1 4067.955
2014 03 28 22 30 00 1 4068.006
2014 03 28 22 45 00 1 4068.053
2014 03 28 23 00 00 1 4068.096
2014 03 28 23 15 00 1 4068.128
2014 03 28 23 30 00 1 4068.155
2014 03 28 23 45 00 1 4068.171
2014 03 29 00 00 00 1 4068.182
2014 03 29 00 15 00 1 4068.181
2014 03 29 00 30 00 1 4068.177
2014 03 29 00 45 00 1 4068.160
2014 03 29 01 00 00 1 4068.137
2014 03 29 01 15 00 1 4068.106
2014 03 29 01 30 00 1 4068.067
2014 03 29 01 45 00 1 4068.025
2014 03 29 02 00 00 1 4067.973
2014 03 29 02 15 00 1 4067.916
2014 03 29 02 30 00 1 4067.858
2014 03 29 02 45 00 1 4067.793
2014 03 29 03 00 00 1 4067.729
2014 03 29 03 15 00 1 4067.662
2014 03 29 03 30 00 1 4067.594
2014 03 29 03 45 00 1 4067.525
2014 03 29 04 00 00 1 4067.456
2014 03 29 04 15 00 1 4067.393
2014 03 29 04 30 00 1 4067.333
2014 03 29 04 45 00 1 4067.274
2014 03 29 05 00 00 1 4067.225
2014 03 29 05 15 00 1 4067.178
2014 03 29 05 30 00 1 4067.138
2014 03 29 05 45 00 1 4067.106
2014 03 29 06 00 00 1 4067.083
2014 03 29 06 15 00 1 4067.065
2014 03 29 06 30 00 1 4067.056
2014 03 29 06 45 00 1 4067.058
2014 03 29 07 00 00 1 4067.067
2014 03 29 07 15 00 1 4067.085
2014 03 29 07 30 00 1 4067.107
2014 03 29 07 45 00 1 4067.138
2014 03 29 08 00 00 1 4067.177
2014 03 29 08 15 00 1 4067.225
2014 03 29 08 30 00 1 4067.274
2014 03 29 08 45 00 1 4067.329
2014 03 29 09 00 00 1 4067.388
2014 03 29 09 15 00 1 4067.448
2014 03 29 09 30 00 1 4067.511
2014 03 29 09 45 00 1 4067.575
2014 03 29 10 00 00 1 4067.637
2014 03 29 10 15 00 1 4067.695
2014 03 29 10 30 00 1 4067.754
2014 03 29 10 45 00 1 4067.809
2014 03 29 11 00 00 1 4067.857
2014 03 29 11 15 00 1 4067.901
2014 03 29 11 30 00 1 4067.941
2014 03 29 11 45 00 1 4067.973
2014 03 29 12 00 00 1 4067.997
2014 03 29 12 15 00 1 4068.018
2014 03 29 12 30 00 1 4068.027
2014 03 29 12 45 00 1 4068.030
2014 03 29 13 00 00 1 4068.021
2014 03 29 13 15 00 1 4068.012
2014 03 29 13 30 00 1 4067.994
2014 03 29 13 45 00 1 4067.965
2014 03 29 14 00 00 1 4067.932
2014 03 29 14 15 00 1 4067.893
2014 03 29 14 30 00 1 4067.850
2014 03 29 14 45 00 1 4067.800
2014 03 29 15 00 00 1 4067.746
2014 03 29 15 15 00 1 4067.690
2014 03 29 15 30 00 1 4067.632
2014 03 29 15 45 00 1 4067.571
2014 03 29 16 00 00 1 4067.513
2014 03 29 16 15 00 1 4067.453
2014 03 29 16 30 00 1 4067.393
2014 03 29 16 45 00 1 4067.338
2014 03 29 17 00 00 1 4067.288
2014 03 29 17 15 00 1 4067.238
2014 03 29 17 30 00 1 4067.195
2014 03 29 17 45 00 1 4067.160
2014 03 29 18 00 00 1 4067.129
2014 03 29 18 15 00 1 4067.108
2014 03 29 18 30 00 1 4067.094
2014 03 29 18 45 00 1 4067.088
2014 03 29 19 00 00 1 4067.090
2014 03 29 19 15 00 1 4067.104
2014 03 29 19 30 00 1 4067.124
2014 03 29 19 45 00 1 4067.152
2014 03 29 20 00 00 1 4067.187
2014 03 29 20 15 00 1 4067.231
2014 03 29 20 30 00 1 4067.282
2014 03 29 20 45 00 1 4067.338
2014 03 29 21 00 00 1 4067.400
2014 03 29 21 15 00 1 4067.465
2014 03 29 21 30 00 1 4067.535
2014 03 29 21 45 00 1 4067.605
2014 03 29 22 00 00 1 4067.677
2014 03 29 22 15 00 1 4067.748
2014 03 29 22 30 00 1 4067.816
2014 03 29 22 45 00 1 4067.878
2014 03 29 23 00 00 1 4067.940
2014 03 29 23 15 00 1 4067.997
2014 03 29 23 30 00 1 4068.050
2014 03 29 23 45 00 1 4068.096
2014 03 30 00 00 00 1 4068.133
2014 03 30 00 15 00 1 4068.161
2014 03 30 00 30 00 1 4068.180
2014 03 30 00 45 00 1 4068.192
2014 03 30 01 00 00 1 4068.192
2014 03 30 01 15 00 1 4068.188
2014 03 30 01 30 00 1 4068.172
2014 03 30 01 45 00 1 4068.149
2014 03 30 02 00 00 1 4068.112
2014 03 30 02 15 00 1 4068.074
2014 03 30 02 30 00 1 4068.025
2014 03 30 02 45 00 1 4067.971
2014 03 30 03 00 00 1 4067.913
2014 03 30 03 15 00 1 4067.849
2014 03 30 03 30 00 1 4067.781
2014 03 30 03 45 00 1 4067.710
2014 03 30 04 00 00 1 4067.636
2014 03 30 04 15 00 1 4067.563
2014 03 30 04 30 00 1 4067.490
2014 03 30 04 45 00 1 4067.419
2014 03 30 05 00 00 1 4067.352
2014 03 30 05 15 00 1 4067.287
2014 03 30 05 30 00 1 4067.229
2014 03 30 05 45 00 1 4067.177
2014 03 30 06 00 00 1 4067.132
2014 03 30 06 15 00 1 4067.091
2014 03 30 06 30 00 1 4067.058
2014 03 30 06 45 00 1 4067.034
2014 03 30 07 00 00 1 4067.020
2014 03 30 07 15 00 1 4067.013
2014 03 30 07 30 00 1 4067.015
2014 03 30 07 45 00 1 4067.026
2014 03 30 08 00 00 1 4067.049
2014 03 30 08 15 00 1 4067.079
2014 03 30 08 30 00 1 4067.113
2014 03 30 08 45 00 1 4067.159
2014 03 30 09 00 00 1 4067.213
2014 03 30 09 15 00 1 4067.274
2014 03 30 09 30 00 1 4067.338
2014 03 30 09 45 00 1 4067.406
2014 03 30 10 00 00 1 4067.476
2014 03 30 10 15 00 1 4067.549
2014 03 30 10 30 00 1 4067.621
2014 03 30 10 45 00 1 4067.689
2014 03 30 11 00 00 1 4067.757
2014 03 30 11 15 00 1 4067.824
2014 03 30 11 30 00 1 4067.885
2014 03 30 11 45 00 1 4067.943
2014 03 30 12 00 00 1 4067.991
2014 03 30 12 15 00 1 4068.037
2014 03 30 12 30 00 1 4068.074
2014 03 30 12 45 00 1 4068.104
2014 03 30 13 00 00 1 4068.124
2014 03 30 13 15 00 1 4068.136
2014 03 30 13 30 00 1 4068.140
2014 03 30 13 45 00 1 4068.133
2014 03 30 14 00 00 1 4068.119
2014 03 30 14 15 00 1 4068.098
2014 03 30 14 30 00 1 4068.069
2014 03 30 14 45 00 1 4068.030
2014 03 30 15 00 00 1 4067.985
2014 03 30 15 15 00 1 4067.934
2014 03 30 15 30 00 1 4067.879
2014 03 30 15 45 00 1 4067.818
2014 03 30 16 00 00 1 4067.754
2014 03 30 16 15 00 1 4067.687
2014 03 30 16 30 00 1 4067.620
2014 03 30 16 45 00 1 4067.552
2014 03 30 17 00 00 1 4067.483
2014 03 30 17 15 00 1 4067.419
2014 03 30 17 30 00 1 4067.355
2014 03 30 17 45 00 1 4067.295
2014 03 30 18 00 00 1 4067.238
2014 03 30 18 15 00 1 4067.192
2014 03 30 18 30 00 1 4067.148
2014 03 30 18 45 00 1 4067.113
2014 03 30 19 00 00 1 4067.081
2014 03 30 19 15 00 1 4067.063
2014 03 30 19 30 00 1 4067.051
2014 03 30 19 45 00 1 4067.051
2014 03 30 20 00 00 1 4067.057
2014 03 30 20 15 00 1 4067.074
2014 03 30 20 30 00 1 4067.100
2014 03 30 20 45 00 1 4067.137
2014 03 30 21 00 00 1 4067.179
2014 03 30 21 15 00 1 4067.231
2014 03 30 21 30 00 1 4067.288
2014 03 30 21 45 00 1 4067.351
2014 03 30 22 00 00 1 4067.418
2014 03 30 22 15 00 1 4067.493
2014 03 30 22 30 00 1 4067.565
2014 03 30 22 45 00 1 4067.638
2014 03 30 23 00 00 1 4067.711
2014 03 30 23 15 00 1 4067.782
2014 03 30 23 30 00 1 4067.849
2014 03 30 23 45 00 1 4067.912
2014 03 31 00 00 00 1 4067.971
2014 03 31 00 15 00 1 4068.025
2014 03 31 00 30 00 1 4068.073
2014 03 31 00 45 00 1 4068.115
2014 03 31 01 00 00 1 4068.144
2014 03 31 01 15 00 1 4068.163
2014 03 31 01 30 00 1 4068.177
2014 03 31 01 45 00 1 4068.181
2014 03 31 02 00 00 1 4068.176
2014 03 31 02 15 00 1 4068.158
2014 03 31 02 30 00 1 4068.132
2014 03 31 02 45 00 1 4068.097
2014 03 31 03 00 00 1 4068.053
2014 03 31 03 15 00 1 4068.006
2014 03 31 03 30 00 1 4067.951
2014 03 31 03 45 00 1 4067.892
2014 03 31 04 00 00 1 4067.829
2014 03 31 04 15 00 1 4067.762
2014 03 31 04 30 00 1 4067.689
2014 03 31 04 45 00 1 4067.617
2014 03 31 05 00 00 1 4067.543
2014 03 31 05 15 00 1 4067.468
2014 03 31 05 30 00 1 4067.397
2014 03 31 05 45 00 1 4067.328
2014 03 31 06 00 00 1 4067.263
2014 03 31 06 15 00 1 4067.206
2014 03 31 06 30 00 1 4067.150
2014 03 31 06 45 00 1 4067.104
2014 03 31 07 00 00 1 4067.065
2014 03 31 07 15 00 1 4067.032
2014 03 31 07 30 00 1 4067.011
2014 03 31 07 45 00 1 4066.998
2014 03 31 08 00 00 1 4066.995
2014 03 31 08 15 00 1 4066.999
2014 03 31 08 30 00 1 4067.017
2014 03 31 08 45 00 1 4067.043
2014 03 31 09 00 00 1 4067.077
2014 03 31 09 15 00 1 4067.120
2014 03 31 09 30 00 1 4067.171
2014 03 31 09 45 00 1 4067.230
2014 03 31 10 00 00 1 4067.292
2014 03 31 10 15 00 1 4067.360
2014 03 31 10 30 00 1 4067.433
2014 03 31 10 45 00 1 4067.509
2014 03 31 11 00 00 1 4067.584
2014 03 31 11 15 00 1 4067.661
2014 03 31 11 30 00 1 4067.736
2014 03 31 11 45 00 1 4067.810
2014 03 31 12 00 00 1 4067.879
2014 03 31 12 15 00 1 4067.944
2014 03 31 12 30 00 1 4068.001
2014 03 31 12 45 00 1 4068.056
2014 03 31 13 00 00 1 4068.098
2014 03 31 13 15 00 1 4068.136
2014 03 31 13 30 00 1 4068.165
2014 03 31 13 45 00 1 4068.186
2014 03 31 14 00 00 1 4068.195
2014 03 31 14 15 00 1 4068.196
2014 03 31 14 30 00 1 4068.190
2014 03 31 14 45 00 1 4068.172
2014 03 31 15 00 00 1 4068.146
2014 03 31 15 15 00 1 4068.116
2014 03 31 15 30 00 1 4068.074
2014 03 31 15 45 00 1 4068.027
2014 03 31 16 00 00 1 4067.971
2014 03 31 16 15 00 1 4067.908
2014 03 31 16 30 00 1 4067.844
2014 03 31 16 45 00 1 4067.774
2014 03 31 17 00 00 1 4067.702
2014 03 31 17 15 00 1 4067.631
2014 03 31 17 30 00 1 4067.558
2014 03 31 17 45 00 1 4067.486
2014 03 31 18 00 00 1 4067.415
2014 03 31 18 15 00 1 4067.346
2014 03 31 18 30 00 1 4067.283
2014 03 31 18 45 00 1 4067.222
2014 03 31 19 00 00 1 4067.170
2014 03 31 19 15 00 1 4067.123
2014 03 31 19 30 00 1 4067.086
2014 03 31 19 45 00 1 4067.056
2014 03 31 20 00 00 1 4067.032
2014 03 31 20 15 00 1 4067.017
2014 03 31 20 30 00 1 4067.017
2014 03 31 20 45 00 1 4067.022
2014 03 31 21 00 00 1 4067.036
2014 03 31 21 15 00 1 4067.061
2014 03 31 21 30 00 1 4067.093
2014 03 31 21 45 00 1 4067.132
2014 03 31 22 00 00 1 4067.181
2014 03 31 22 15 00 1 4067.238
2014 03 31 22 30 00 1 4067.298
2014 03 31 22 45 00 1 4067.364
2014 03 31 23 00 00 1 4067.435
2014 03 31 23 15 00 1 4067.506
2014 03 31 23 30 00 1 4067.577
2014 03 31 23 45 00 1 4067.647
2014 04 01 00 00 00 1 4067.716
2014 04 01 00 15 00 1 4067.784
2014 04 01 00 30 00 1 4067.848
2014 04 01 00 45 00 1 4067.908
2014 04 01 01 00 00 1 4067.961
2014 04 01 01 15 00 1 4068.008
2014 04 01 01 30 00 1 4068.047
2014 04 01 01 45 00 1 4068.080
2014 04 01 02 00 00 1 4068.099
2014 04 01 02 15 00 1 4068.109
2014 04 01 02 30 00 1 4068.110
2014 04 01 02 45 00 1 4068.104
2014 04 01 03 00 00 1 4068.085
2014 04 01 03 15 00 1 4068.063
2014 04 01 03 30 00 1 4068.031
2014 04 01 03 45 00 1 4067.989
2014 04 01 04 00 00 1 4067.946
2014 04 01 04 15 00 1 4067.895
2014 04 01 04 30 00 1 4067.836
2014 04 01 04 45 00 1 4067.774
2014 04 01 05 00 00 1 4067.706
2014 04 01 05 15 00 1 4067.634
2014 04 01 05 30 00 1 4067.566
2014 04 01 05 45 00 1 4067.493
2014 04 01 06 00 00 1 4067.425
2014 04 01 06 15 00 1 4067.359
2014 04 01 06 30 00 1 4067.296
2014 04 01 06 45 00 1 4067.233
2014 04 01 07 00 00 1 4067.179
2014 04 01 07 15 00 1 4067.133
2014 04 01 07 30 00 1 4067.091
2014 04 01 07 45 00 1 4067.059
2014 04 01 08 00 00 1 4067.037
2014 04 01 08 15 00 1 4067.021
2014 04 01 08 30 00 1 4067.014
2014 04 01 08 45 00 1 4067.018
2014 04 01 09 00 00 1 4067.028
2014 04 01 09 15 00 1 4067.050
2014 04 01 09 30 00 1 4067.078
2014 04 01 09 45 00 1 4067.114
2014 04 01 10 00 00 1 4067.160
2014 04 01 10 15 00 1 4067.212
2014 04 01 10 30 00 1 4067.271
2014 04 01 10 45 00 1 4067.334
2014 04 01 11 00 00 1 4067.403
2014 04 01 11 15 00 1 4067.475
2014 04 01 11 30 00 1 4067.553
2014 04 01 11 45 00 1 4067.631
2014 04 01 12 00 00 1 4067.709
2014 04 01 12 15 00 1 4067.785
2014 04 01 12 30 00 1 4067.860
2014 04 01 12 45 00 1 4067.932
2014 04 01 13 00 00 1 4067.994
2014 04 01 13 15 00 1 4068.053
2014 04 01 13 30 00 1 4068.105
2014 04 01 13 45 00 1 4068.148
2014 04 01 14 00 00 1 4068.189
2014 04 01 14 15 00 1 4068.214
2014 04 01 14 30 00 1 4068.234
2014 04 01 14 45 00 1 4068.244
2014 04 01 15 00 00 1 4068.246
2014 04 01 15 15 00 1 4068.238
2014 04 01 15 30 00 1 4068.218
2014 04 01 15 45 00 1 4068.194
2014 04 01 16 00 00 1 4068.156
2014 04 01 16 15 00 1 4068.113
2014 04 01 16 30 00 1 4068.063
2014 04 01 16 45 00 1 4068.006
2014 04 01 17 00 00 1 4067.944
2014 04 01 17 15 00 1 4067.880
2014 04 01 17 30 00 1 4067.811
2014 04 01 17 45 00 1 4067.738
2014 04 01 18 00 00 1 4067.665
2014 04 01 18 15 00 1 4067.592
2014 04 01 18 30 00 1 4067.520
2014 04 01 18 45 00 1 4067.449
2014 04 01 19 00 00 1 4067.382
2014 04 01 19 15 00 1 4067.319
2014 04 01 19 30 00 1 4067.263
2014 04 01 19 45 00 1 4067.208
2014 04 01 20 00 00 1 4067.160
2014 04 01 20 15 00 1 4067.119
2014 04 01 20 30 00 1 4067.090
2014 04 01 20 45 00 1 4067.068
2014 04 01 21 00 00 1 4067.052
2014 04 01 21 15 00 1 4067.047
2014 04 01 21 30 00 1 4067.046
2014 04 01 21 45 00 1 4067.058
2014 04 01 22 00 00 1 4067.078
2014 04 01 22 00 00 2 4067.077
2014 04 01 22 01 00 2 4067.078
2014 04 01 22 02 00 2 4067.079
2014 04 01 22 03 00 2 4067.082
2014 04 01 22 04 00 2 4067.083
2014 04 01 22 05 00 2 4067.086
2014 04 01 22 06 00 2 4067.087
2014 04 01 22 07 00 2 4067.087
2014 04 01 22 08 00 2 4067.090
2014 04 01 22 09 00 2 4067.094
2014 04 01 22 10 00 2 4067.093
2014 04 01 22 11 00 2 4067.097
2014 04 01 22 12 00 2 4067.098
2014 04 01 22 13 00 2 4067.101
2014 04 01 22 14 00 2 4067.103
2014 04 01 22 15 00 1 4067.106
2014 04 01 22 15 00 2 4067.106
2014 04 01 22 16 00 2 4067.108
2014 04 01 22 17 00 2 4067.109
2014 04 01 22 18 00 2 4067.113
2014 04 01 22 19 00 2 4067.114
2014 04 01 22 20 00 2 4067.115
2014 04 01 22 21 00 2 4067.119
2014 04 01 22 22 00 2 4067.121
2014 04 01 22 23 00 2 4067.123
2014 04 01 22 24 00 2 4067.126
2014 04 01 22 25 00 2 4067.129
2014 04 01 22 26 00 2 4067.130
2014 04 01 22 27 00 2 4067.133
2014 04 01 22 28 00 2 4067.135
2014 04 01 22 29 00 2 4067.138
2014 04 01 22 30 00 1 4067.140
2014 04 01 22 30 00 2 4067.141
2014 04 01 22 31 00 2 4067.143
2014 04 01 22 32 00 2 4067.146
2014 04 01 22 33 00 2 4067.148
2014 04 01 22 34 00 2 4067.152
2014 04 01 22 35 00 2 4067.156
2014 04 01 22 36 00 2 4067.157
2014 04 01 22 37 00 2 4067.160
2014 04 01 22 38 00 2 4067.162
2014 04 01 22 39 00 2 4067.166
2014 04 01 22 40 00 2 4067.168
2014 04 01 22 41 00 2 4067.173
2014 04 01 22 42 00 2 4067.175
2014 04 01 22 43 00 2 4067.177
2014 04 01 22 44 00 2 4067.180
2014 04 01 22 45 00 1 4067.181
2014 04 01 22 45 00 2 4067.183
2014 04 01 22 46 00 2 4067.187
2014 04 01 22 47 00 2 4067.189
2014 04 01 22 48 00 2 4067.191
2014 04 01 22 49 00 2 4067.196
2014 04 01 22 50 00 2 4067.199
2014 04 01 22 51 00 2 4067.202
2014 04 01 22 52 00 2 4067.205
2014 04 01 22 53 00 2 4067.208
2014 04 01 22 54 00 2 4067.212
2014 04 01 22 55 00 2 4067.216
2014 04 01 22 56 00 2 4067.219
2014 04 01 22 57 00 2 4067.223
2014 04 01 22 58 00 2 4067.225
2014 04 01 22 59 00 2 4067.229
2014 04 01 23 00 00 1 4067.231
2014 04 01 23 00 00 2 4067.232
2014 04 01 23 01 00 2 4067.236
2014 04 01 23 02 00 2 4067.239
2014 04 01 23 03 00 2 4067.243
2014 04 01 23 04 00 2 4067.247
2014 04 01 23 05 00 2 4067.250
2014 04 01 23 06 00 2 4067.254
2014 04 01 23 07 00 2 4067.257
2014 04 01 23 08 00 2 4067.262
2014 04 01 23 09 00 2 4067.266
2014 04 01 23 10 00 2 4067.269
2014 04 01 23 11 00 2 4067.273
2014 04 01 23 12 00 2 4067.277
2014 04 01 23 13 00 2 4067.280
2014 04 01 23 14 00 2 4067.284
2014 04 01 23 15 00 1 9999.000
2014 04 01 23 15 00 2 4067.287
2014 04 01 23 16 00 2 4067.291
2014 04 01 23 17 00 2 4067.296
2014 04 01 23 18 00 2 4067.298
2014 04 01 23 19 00 2 4067.303
2014 04 01 23 20 00 2 4067.306
2014 04 01 23 21 00 2 4067.310
2014 04 01 23 22 00 2 4067.314
2014 04 01 23 23 00 2 4067.318
2014 04 01 23 24 00 2 4067.322
2014 04 01 23 25 00 2 4067.328
2014 04 01 23 26 00 2 4067.330
2014 04 01 23 27 00 2 4067.335
2014 04 01 23 28 00 2 4067.338
2014 04 01 23 29 00 2 4067.343
2014 04 01 23 30 00 1 9999.000
2014 04 01 23 30 00 2 4067.347
2014 04 01 23 31 00 2 4067.352
2014 04 01 23 32 00 2 4067.355
2014 04 01 23 33 00 2 4067.360
2014 04 01 23 34 00 2 4067.363
2014 04 01 23 35 00 2 4067.367
2014 04 01 23 36 00 2 4067.372
2014 04 01 23 37 00 2 4067.375
2014 04 01 23 38 00 2 4067.380
2014 04 01 23 39 00 2 4067.384
2014 04 01 23 40 00 2 4067.389
2014 04 01 23 41 00 2 4067.393
2014 04 01 23 42 00 2 4067.397
2014 04 01 23 43 00 2 4067.403
2014 04 01 23 44 00 2 4067.405
2014 04 01 23 45 00 1 9999.000
2014 04 01 23 45 00 2 4067.410
2014 04 01 23 46 00 2 4067.415
2014 04 01 23 47 00 2 4067.419
2014 04 01 23 48 00 2 4067.423
2014 04 01 23 49 00 2 4067.431
2014 04 01 23 50 00 2 4067.458
2014 04 01 23 50 00 3 4067.424
2014 04 01 23 50 15 3 4067.445
2014 04 01 23 50 30 3 4067.359
2014 04 01 23 50 45 3 4067.604
2014 04 01 23 51 00 2 4067.435
2014 04 01 23 51 00 3 4067.286
2014 04 01 23 51 15 3 4067.480
2014 04 01 23 51 30 3 4067.468
2014 04 01 23 51 45 3 4067.505
2014 04 01 23 52 00 2 4067.432
2014 04 01 23 52 00 3 4067.371
2014 04 01 23 52 15 3 4067.399
2014 04 01 23 52 30 3 4067.444
2014 04 01 23 52 45 3 4067.513
2014 04 01 23 53 00 2 4067.412
2014 04 01 23 53 00 3 4067.395
2014 04 01 23 53 15 3 4067.402
2014 04 01 23 53 30 3 4067.369
2014 04 01 23 53 45 3 4067.481
2014 04 01 23 54 00 2 4067.464
2014 04 01 23 55 00 2 4067.438
2014 04 01 23 56 00 2 4067.467
2014 04 01 23 57 00 2 4067.438
2014 04 01 23 58 00 2 4067.488
2014 04 01 23 59 00 2 4067.483
2014 04 02 00 00 00 1 9999.000
2014 04 02 00 00 00 2 4067.459
2014 04 02 00 00 45 2 4067.459
2014 04 02 00 01 00 2 4067.514
2014 04 02 00 01 45 2 4067.514
2014 04 02 00 02 00 2 4067.452
2014 04 02 00 02 45 2 4067.452
2014 04 02 00 03 00 2 4067.466
2014 04 02 00 03 45 2 4067.466
2014 04 02 00 04 00 2 4067.490
2014 04 02 00 04 45 2 4067.490
2014 04 02 00 05 00 2 4067.506
2014 04 02 00 05 45 2 4067.506
2014 04 02 00 06 00 2 4067.516
2014 04 02 00 06 45 2 4067.516
2014 04 02 00 07 00 2 4067.502
2014 04 02 00 07 45 2 4067.502
2014 04 02 00 08 00 2 4067.520
2014 04 02 00 08 45 2 4067.520
2014 04 02 00 09 00 2 4067.512
2014 04 02 00 09 45 2 4067.512
2014 04 02 00 10 00 2 4067.510
2014 04 02 00 10 45 2 4067.510
2014 04 02 00 11 00 2 4067.503
2014 04 02 00 11 45 2 4067.503
2014 04 02 00 12 00 2 4067.522
2014 04 02 00 12 45 2 4067.522
2014 04 02 00 13 00 2 4067.542
2014 04 02 00 13 45 2 4067.542
2014 04 02 00 14 00 2 4067.538
2014 04 02 00 14 45 2 4067.538
2014 04 02 00 15 00 1 9999.000
2014 04 02 00 15 00 2 4067.542
2014 04 02 00 15 45 2 4067.542
2014 04 02 00 16 00 2 4067.553
2014 04 02 00 16 45 2 4067.553
2014 04 02 00 17 00 2 4067.539
2014 04 02 00 17 45 2 4067.539
2014 04 02 00 18 00 2 4067.553
2014 04 02 00 18 45 2 4067.553
2014 04 02 00 19 00 2 4067.551
2014 04 02 00 19 45 2 4067.551
2014 04 02 00 20 00 2 4067.567
2014 04 02 00 20 45 2 4067.567
2014 04 02 00 21 00 2 4067.548
2014 04 02 00 21 45 2 4067.548
2014 04 02 00 22 00 2 4067.582
2014 04 02 00 22 45 2 4067.582
2014 04 02 00 23 00 2 4067.578
2014 04 02 00 23 45 2 4067.578
2014 04 02 00 24 00 2 4067.578
2014 04 02 00 24 45 2 4067.578
2014 04 02 00 25 00 2 4067.576
2014 04 02 00 25 45 2 4067.576
2014 04 02 00 26 00 2 4067.591
2014 04 02 00 26 45 2 4067.591
2014 04 02 00 27 00 2 4067.592
2014 04 02 00 27 45 2 4067.592
2014 04 02 00 28 00 2 4067.596
2014 04 02 00 28 45 2 4067.596
2014 04 02 00 29 00 2 4067.602
2014 04 02 00 29 45 2 4067.602
2014 04 02 00 30 00 1 9999.000
2014 04 02 00 30 00 2 4067.609
2014 04 02 00 30 45 2 4067.609
2014 04 02 00 31 00 2 4067.610
2014 04 02 00 31 45 2 4067.610
2014 04 02 00 32 00 2 4067.611
2014 04 02 00 32 45 2 4067.611
2014 04 02 00 33 00 2 4067.617
2014 04 02 00 33 45 2 4067.617
2014 04 02 00 34 00 2 4067.617
2014 04 02 00 34 45 2 4067.617
2014 04 02 00 35 00 2 4067.631
2014 04 02 00 35 45 2 4067.631
2014 04 02 00 36 00 2 4067.631
2014 04 02 00 36 45 2 4067.631
2014 04 02 00 37 00 2 4067.634
2014 04 02 00 37 45 2 4067.634
2014 04 02 00 38 00 2 4067.638
2014 04 02 00 38 45 2 4067.638
2014 04 02 00 39 00 2 4067.645
2014 04 02 00 39 45 2 4067.645
2014 04 02 00 40 00 2 4067.644
2014 04 02 00 40 45 2 4067.644
2014 04 02 00 41 00 2 4067.653
2014 04 02 00 41 45 2 4067.653
2014 04 02 00 42 00 2 4067.657
2014 04 02 00 42 45 2 4067.657
2014 04 02 00 43 00 2 4067.658
2014 04 02 00 43 45 2 4067.658
2014 04 02 00 44 00 2 4067.661
2014 04 02 00 44 45 2 4067.661
2014 04 02 00 45 00 1 9999.000
2014 04 02 00 45 00 2 4067.667
2014 04 02 00 45 45 2 4067.667
2014 04 02 00 46 00 2 4067.674
2014 04 02 00 46 45 2 4067.674
2014 04 02 00 47 00 2 4067.681
2014 04 02 00 47 45 2 4067.681
2014 04 02 00 48 00 2 4067.690
2014 04 02 00 48 45 2 4067.690
2014 04 02 00 49 00 2 4067.697
2014 04 02 00 49 45 2 4067.697
2014 04 02 00 50 00 2 4067.710
2014 04 02 00 50 45 2 4067.710
2014 04 02 00 51 00 2 4067.727
2014 04 02 00 51 45 2 4067.727
2014 04 02 00 52 00 2 4067.739
2014 04 02 00 52 45 2 4067.739
2014 04 02 00 53 00 2 4067.749
2014 04 02 00 53 45 2 4067.749
2014 04 02 00 54 00 2 4067.757
2014 04 02 00 54 45 2 4067.757
2014 04 02 00 55 00 2 4067.758
2014 04 02 00 55 45 2 4067.758
2014 04 02 00 56 00 2 4067.762
2014 04 02 00 56 45 2 4067.762
2014 04 02 00 57 00 2 4067.757
2014 04 02 00 57 45 2 4067.757
2014 04 02 00 58 00 2 4067.761
2014 04 02 00 58 45 2 4067.761
2014 04 02 00 59 00 2 4067.753
2014 04 02 00 59 45 2 4067.753
2014 04 02 01 00 00 1 9999.000
2014 04 02 01 00 00 2 4067.747
2014 04 02 01 00 45 2 4067.747
2014 04 02 01 01 00 2 4067.737
2014 04 02 01 01 45 2 4067.737
2014 04 02 01 02 00 2 4067.732
2014 04 02 01 02 45 2 4067.732
2014 04 02 01 03 00 2 4067.727
2014 04 02 01 03 45 2 4067.727
2014 04 02 01 04 00 2 4067.731
2014 04 02 01 04 45 2 4067.731
2014 04 02 01 05 00 2 4067.736
2014 04 02 01 05 45 2 4067.736
2014 04 02 01 06 00 2 4067.743
2014 04 02 01 06 45 2 4067.743
2014 04 02 01 07 00 2 4067.746
2014 04 02 01 07 45 2 4067.746
2014 04 02 01 08 00 2 4067.749
2014 04 02 01 08 45 2 4067.749
2014 04 02 01 09 00 2 4067.763
2014 04 02 01 09 45 2 4067.763
2014 04 02 01 10 00 2 4067.774
2014 04 02 01 10 45 2 4067.774
2014 04 02 01 11 00 2 4067.782
2014 04 02 01 11 45 2 4067.782
2014 04 02 01 12 00 2 4067.787
2014 04 02 01 12 45 2 4067.787
2014 04 02 01 13 00 2 4067.788
2014 04 02 01 13 45 2 4067.788
2014 04 02 01 14 00 2 4067.794
2014 04 02 01 14 45 2 4067.794
2014 04 02 01 15 00 1 9999.000
2014 04 02 01 15 00 2 4067.798
2014 04 02 01 15 45 2 4067.798
2014 04 02 01 16 00 2 4067.799
2014 04 02 01 16 45 2 4067.799
2014 04 02 01 17 00 2 4067.802
2014 04 02 01 17 45 2 4067.802
2014 04 02 01 18 00 2 4067.804
2014 04 02 01 18 45 2 4067.804
2014 04 02 01 19 00 2 4067.807
2014 04 02 01 19 45 2 4067.807
2014 04 02 01 20 00 2 4067.809
2014 04 02 01 20 45 2 4067.809
2014 04 02 01 21 00 2 4067.813
2014 04 02 01 21 45 2 4067.813
2014 04 02 01 22 00 2 4067.815
2014 04 02 01 22 45 2 4067.815
2014 04 02 01 23 00 2 4067.812
2014 04 02 01 23 45 2 4067.812
2014 04 02 01 24 00 2 4067.812
2014 04 02 01 24 45 2 4067.812
2014 04 02 01 25 00 2 4067.815
2014 04 02 01 25 45 2 4067.815
2014 04 02 01 26 00 2 4067.819
2014 04 02 01 26 45 2 4067.819
2014 04 02 01 27 00 2 4067.824
2014 04 02 01 27 45 2 4067.824
2014 04 02 01 28 00 2 4067.826
2014 04 02 01 28 45 2 4067.826
2014 04 02 01 29 00 2 4067.829
2014 04 02 01 29 45 2 4067.829
2014 04 02 01 30 00 1 9999.000
2014 04 02 01 30 00 2 4067.831
2014 04 02 01 30 45 2 4067.831
2014 04 02 01 31 00 2 4067.829
2014 04 02 01 31 45 2 4067.829
2014 04 02 01 32 00 2 4067.828
2014 04 02 01 32 45 2 4067.828
2014 04 02 01 33 00 2 4067.831
2014 04 02 01 33 45 2 4067.831
2014 04 02 01 34 00 2 4067.832
2014 04 02 01 34 45 2 4067.832
2014 04 02 01 35 00 2 4067.834
2014 04 02 01 35 45 2 4067.834
2014 04 02 01 36 00 2 4067.839
2014 04 02 01 36 45 2 4067.839
2014 04 02 01 37 00 2 4067.841
2014 04 02 01 37 45 2 4067.841
2014 04 02 01 38 00 2 4067.840
2014 04 02 01 38 45 2 4067.840
2014 04 02 01 39 00 2 4067.845
2014 04 02 01 39 45 2 4067.845
2014 04 02 01 40 00 2 4067.848
2014 04 02 01 40 45 2 4067.848
2014 04 02 01 41 00 2 4067.855
2014 04 02 01 41 45 2 4067.855
2014 04 02 01 42 00 2 4067.862
2014 04 02 01 42 45 2 4067.862
2014 04 02 01 43 00 2 4067.866
2014 04 02 01 43 45 2 4067.866
2014 04 02 01 44 00 2 4067.873
2014 04 02 01 44 45 2 4067.873
2014 04 02 01 45 00 1 9999.000
2014 04 02 01 45 00 2 4067.877
2014 04 02 01 45 45 2 4067.877
2014 04 02 01 46 00 2 4067.883
2014 04 02 01 46 45 2 4067.883
2014 04 02 01 47 00 2 4067.886
2014 04 02 01 47 45 2 4067.886
2014 04 02 01 48 00 2 4067.890
2014 04 02 01 48 45 2 4067.890
2014 04 02 01 49 00 2 4067.892
2014 04 02 01 49 45 2 4067.892
2014 04 02 01 50 00 2 4067.899
2014 04 02 01 50 45 2 4067.899
2014 04 02 01 51 00 2 4067.903
2014 04 02 01 51 45 2 4067.903
2014 04 02 01 52 00 2 4067.908
2014 04 02 01 52 45 2 4067.908
2014 04 02 01 53 00 2 4067.909
2014 04 02 01 53 45 2 4067.909
2014 04 02 01 54 00 2 4067.915
2014 04 02 01 54 45 2 4067.915
2014 04 02 01 55 00 2 4067.918
2014 04 02 01 55 45 2 4067.918
2014 04 02 01 56 00 2 4067.924
2014 04 02 01 56 45 2 4067.924
2014 04 02 01 57 00 2 4067.927
2014 04 02 01 57 45 2 4067.927
2014 04 02 01 58 00 2 4067.928
2014 04 02 01 58 45 2 4067.928
2014 04 02 01 59 00 2 4067.930
2014 04 02 01 59 45 2 4067.930
2014 04 02 02 00 00 1 9999.000
2014 04 02 02 00 00 2 4067.931
2014 04 02 02 01 00 2 4067.932
2014 04 02 02 02 00 2 4067.938
2014 04 02 02 03 00 2 4067.943
2014 04 02 02 04 00 2 4067.948
2014 04 02 02 05 00 2 4067.954
2014 04 02 02 06 00 2 4067.958
2014 04 02 02 07 00 2 4067.958
2014 04 02 02 08 00 2 4067.961
2014 04 02 02 09 00 2 4067.963
2014 04 02 02 10 00 2 4067.965
2014 04 02 02 11 00 2 4067.965
2014 04 02 02 12 00 2 4067.965
2014 04 02 02 13 00 2 4067.963
2014 04 02 02 14 00 2 4067.959
2014 04 02 02 15 00 1 9999.000
2014 04 02 02 15 00 2 4067.953
2014 04 02 02 16 00 2 4067.951
2014 04 02 02 17 00 2 4067.951
2014 04 02 02 18 00 2 4067.953
2014 04 02 02 19 00 2 4067.956
2014 04 02 02 20 00 2 4067.958
2014 04 02 02 21 00 2 4067.961
2014 04 02 02 22 00 2 4067.969
2014 04 02 02 23 00 2 4067.976
2014 04 02 02 24 00 2 4067.980
2014 04 02 02 25 00 2 4067.981
2014 04 02 02 26 00 2 4067.979
2014 04 02 02 27 00 2 4067.980
2014 04 02 02 28 00 2 4067.979
2014 04 02 02 29 00 2 4067.979
2014 04 02 02 30 00 1 9999.000
2014 04 02 02 30 00 2 4067.978
2014 04 02 02 31 00 2 4067.975
2014 04 02 02 32 00 2 4067.973
2014 04 02 02 33 00 2 4067.971
2014 04 02 02 34 00 2 4067.975
2014 04 02 02 35 00 2 4067.985
2014 04 02 02 36 00 2 4067.992
2014 04 02 02 37 00 2 4067.998
2014 04 02 02 38 00 2 4068.005
2014 04 02 02 39 00 2 4068.011
2014 04 02 02 40 00 2 4068.014
2014 04 02 02 41 00 2 4068.016
2014 04 02 02 42 00 2 4068.011
2014 04 02 02 43 00 2 4068.004
2014 04 02 02 44 00 2 4068.000
2014 04 02 02 45 00 1 9999.000
2014 04 02 02 45 00 2 4067.995
2014 04 02 02 46 00 2 4067.990
2014 04 02 02 47 00 2 4067.985
2014 04 02 02 48 00 2 4067.982
2014 04 02 02 49 00 2 4067.991
2014 04 02 02 50 00 2 4068.005
2014 04 02 02 51 00 2 4068.015
2014 04 02 02 52 00 2 4068.018
2014 04 02 02 53 00 2 4068.015
2014 04 02 02 54 00 2 4068.012
2014 04 02 02 55 00 2 4068.017
2014 04 02 02 56 00 2 4068.025
2014 04 02 02 57 00 2 4068.032
2014 04 02 02 58 00 2 4068.037
2014 04 02 02 59 00 2 4068.034
2014 04 02 03 00 00 1 9999.000
2014 04 02 03 00 00 2 4068.026
2014 04 02 03 01 00 2 4068.017
2014 04 02 03 02 00 2 4068.017
2014 04 02 03 03 00 2 4068.017
2014 04 02 03 04 00 2 4068.014
2014 04 02 03 05 00 2 4068.014
2014 04 02 03 06 00 2 4068.014
2014 04 02 03 07 00 2 4068.019
2014 04 02 03 08 00 2 4068.024
2014 04 02 03 09 00 2 4068.030
2014 04 02 03 10 00 2 4068.031
2014 04 02 03 11 00 2 4068.032
2014 04 02 03 12 00 2 4068.031
2014 04 02 03 13 00 2 4068.031
2014 04 02 03 14 00 2 4068.026
2014 04 02 03 15 00 1 9999.000
2014 04 02 03 15 00 2 4068.020
2014 04 02 03 16 00 2 4068.016
2014 04 02 03 17 00 2 4068.011
2014 04 02 03 18 00 2 4068.005
2014 04 02 03 19 00 2 4068.001
2014 04 02 03 20 00 2 4068.005
2014 04 02 03 21 00 2 4068.009
2014 04 02 03 22 00 2 4068.006
2014 04 02 03 23 00 2 4068.006
2014 04 02 03 24 00 2 4068.007
2014 04 02 03 25 00 2 4068.005
2014 04 02 03 26 00 2 4068.000
2014 04 02 03 27 00 2 4068.001
2014 04 02 03 28 00 2 4068.001
2014 04 02 03 29 00 2 4067.997
2014 04 02 03 30 00 1 9999.000
2014 04 02 03 30 00 2 4067.992
2014 04 02 03 31 00 2 4067.987
2014 04 02 03 32 00 2 4067.987
2014 04 02 03 33 00 2 4067.990
2014 04 02 03 34 00 2 4067.993
2014 04 02 03 35 00 2 4067.998
2014 04 02 03 36 00 2 4068.002
2014 04 02 03 37 00 2 4068.003
2014 04 02 03 38 00 2 4068.004
2014 04 02 03 39 00 2 4068.008
2014 04 02 03 40 00 2 4068.011
2014 04 02 03 41 00 2 4068.014
2014 04 02 03 42 00 2 4068.015
2014 04 02 03 43 00 2 4068.017
2014 04 02 03 44 00 2 4068.011
2014 04 02 03 45 00 1 9999.000
2014 04 02 03 45 00 2 4068.005
2014 04 02 03 46 00 2 4067.999
2014 04 02 03 47 00 2 4067.992
2014 04 02 03 48 00 2 4067.982
2014 04 02 03 49 00 2 4067.974
2014 04 02 03 50 00 2 4067.969
2014 04 02 03 51 00 2 4067.969
2014 04 02 03 52 00 2 4067.973
2014 04 02 03 53 00 2 4067.975
2014 04 02 03 54 00 2 4067.982
2014 04 02 03 55 00 2 4067.987
2014 04 02 03 56 00 2 4067.993
2014 04 02 03 57 00 2 4067.995
2014 04 02 03 58 00 2 4067.997
2014 04 02 03 59 00 2 4067.997
2014 04 02 04 00 00 1 9999.000
2014 04 02 04 00 00 2 4067.992
2014 04 02 04 01 00 2 4067.989
2014 04 02 04 02 00 2 4067.986
2014 04 02 04 03 00 2 4067.982
2014 04 02 04 04 00 2 4067.978
2014 04 02 04 05 00 2 4067.972
2014 04 02 04 06 00 2 4067.960
2014 04 02 04 07 00 2 4067.951
2014 04 02 04 08 00 2 4067.951
2014 04 02 04 09 00 2 4067.954
2014 04 02 04 10 00 2 4067.955
2014 04 02 04 11 00 2 4067.956
2014 04 02 04 12 00 2 4067.953
2014 04 02 04 13 00 2 4067.948
2014 04 02 04 14 00 2 4067.940
2014 04 02 04 15 00 1 9999.000
2014 04 02 04 15 00 2 4067.939
2014 04 02 04 16 00 2 4067.937
2014 04 02 04 17 00 2 4067.934
2014 04 02 04 18 00 2 4067.930
2014 04 02 04 19 00 2 4067.928
2014 04 02 04 20 00 2 4067.925
2014 04 02 04 21 00 2 4067.921
2014 04 02 04 22 00 2 4067.922
2014 04 02 04 23 00 2 4067.924
2014 04 02 04 24 00 2 4067.923
2014 04 02 04 25 00 2 4067.925
2014 04 02 04 26 00 2 4067.922
2014 04 02 04 27 00 2 4067.922
2014 04 02 04 28 00 2 4067.923
2014 04 02 04 29 00 2 4067.922
2014 04 02 04 30 00 1 9999.000
2014 04 02 04 30 00 2 4067.917
2014 04 02 04 31 00 2 4067.907
2014 04 02 04 32 00 2 4067.901
2014 04 02 04 33 00 2 4067.897
2014 04 02 04 34 00 2 4067.894
2014 04 02 04 35 00 2 4067.890
2014 04 02 04 36 00 2 4067.885
2014 04 02 04 37 00 2 4067.883
2014 04 02 04 38 00 2 4067.880
2014 04 02 04 39 00 2 4067.878
2014 04 02 04 40 00 2 4067.874
2014 04 02 04 41 00 2 4067.871
2014 04 02 04 42 00 2 4067.871
2014 04 02 04 43 00 2 4067.878
2014 04 02 04 44 00 2 4067.882
2014 04 02 04 45 00 1 9999.000
2014 04 02 04 45 00 2 4067.881
2014 04 02 04 46 00 2 4067.882
2014 04 02 04 47 00 2 4067.884
2014 04 02 04 48 00 2 4067.881
2014 04 02 04 49 00 2 4067.874
2014 04 02 04 50 00 2 4067.870
2014 04 02 04 51 00 2 4067.863
2014 04 02 04 52 00 2 4067.851
2014 04 02 04 53 00 2 4067.842
2014 04 02 04 54 00 2 4067.834
2014 04 02 04 55 00 2 4067.826
2014 04 02 04 56 00 2 4067.824
2014 04 02 04 57 00 2 4067.820
2014 04 02 04 58 00 2 4067.816
2014 04 02 04 59 00 2 4067.812
2014 04 02 05 00 00 1 9999.000
2014 04 02 05 00 00 2 4067.812
2014 04 02 05 01 00 2 4067.812
2014 04 02 05 02 00 2 4067.816
2014 04 02 05 03 00 2 4067.816
2014 04 02 05 04 00 2 4067.815
2014 04 02 05 05 00 2 4067.812
2014 04 02 05 06 00 2 4067.809
2014 04 02 05 07 00 2 4067.805
2014 04 02 05 08 00 2 4067.801
2014 04 02 05 09 00 2 4067.796
2014 04 02 05 10 00 2 4067.789
2014 04 02 05 11 00 2 4067.779
2014 04 02 05 12 00 2 4067.767
2014 04 02 05 13 00 2 4067.756
2014 04 02 05 14 00 2 4067.746
2014 04 02 05 15 00 1 9999.000
2014 04 02 05 15 00 2 4067.741
2014 04 02 05 16 00 2 4067.742
2014 04 02 05 17 00 2 4067.743
2014 04 02 05 18 00 2 4067.745
2014 04 02 05 19 00 2 4067.747
2014 04 02 05 20 00 2 4067.749
2014 04 02 05 21 00 2 4067.746
2014 04 02 05 22 00 2 4067.743
2014 04 02 05 23 00 2 4067.735
2014 04 02 05 24 00 2 4067.728
2014 04 02 05 25 00 2 4067.721
2014 04 02 05 26 00 2 4067.715
2014 04 02 05 27 00 2 4067.713
2014 04 02 05 28 00 2 4067.712
2014 04 02 05 29 00 2 4067.711
2014 04 02 05 30 00 1 9999.000
2014 04 02 05 30 00 2 4067.705
2014 04 02 05 31 00 2 4067.699
2014 04 02 05 32 00 2 4067.696
2014 04 02 05 33 00 2 4067.696
2014 04 02 05 34 00 2 4067.697
2014 04 02 05 35 00 2 4067.696
2014 04 02 05 36 00 2 4067.697
2014 04 02 05 37 00 2 4067.696
2014 04 02 05 38 00 2 4067.692
2014 04 02 05 39 00 2 4067.683
2014 04 02 05 40 00 2 4067.672
2014 04 02 05 41 00 2 4067.660
2014 04 02 05 42 00 2 4067.654
2014 04 02 05 43 00 2 4067.649
2014 04 02 05 44 00 2 4067.644
2014 04 02 05 45 00 1 9999.000
2014 04 02 05 45 00 2 4067.644
2014 04 02 05 46 00 2 4067.643
2014 04 02 05 47 00 2 4067.642
2014 04 02 05 48 00 2 4067.644
2014 04 02 05 49 00 2 4067.644
2014 04 02 05 50 00 2 4067.641
2014 04 02 05 51 00 2 4067.638
2014 04 02 05 52 00 2 4067.631
2014 04 02 05 53 00 2 4067.626
2014 04 02 05 54 00 2 4067.621
2014 04 02 05 55 00 2 4067.617
2014 04 02 05 56 00 2 4067.615
2014 04 02 05 57 00 2 4067.613
2014 04 02 05 58 00 2 4067.608
2014 04 02 05 59 00 2 4067.600
2014 04 02 06 00 00 1 9999.000
2014 04 02 06 15 00 1 4067.533
2014 04 02 06 30 00 1 4067.463
2014 04 02 06 45 00 1 4067.411
2014 04 02 07 00 00 1 4067.328
2014 04 02 07 15 00 1 4067.288
2014 04 02 07 30 00 1 4067.219
2014 04 02 07 45 00 1 4067.181
2014 04 02 08 00 00 1 4067.120
2014 04 02 08 15 00 1 4067.113
2014 04 02 08 30 00 1 4067.076
2014 04 02 08 45 00 1 4067.061
2014 04 02 09 00 00 1 4067.034
2014 04 02 09 15 00 1 4067.050
2014 04 02 09 30 00 1 4067.052
2014 04 02 09 45 00 1 4067.054
2014 04 02 10 00 00 1 4067.088
2014 04 02 10 15 00 1 4067.122
2014 04 02 10 30 00 1 4067.157
2014 04 02 10 45 00 1 4067.199
2014 04 02 11 00 00 1 4067.256
2014 04 02 11 15 00 1 4067.310
2014 04 02 11 30 00 1 4067.375
2014 04 02 11 45 00 1 4067.439
2014 04 02 12 00 00 1 4067.510
2014 04 02 12 15 00 1 4067.586
2014 04 02 12 30 00 1 4067.661
2014 04 02 12 45 00 1 4067.734
2014 04 02 13 00 00 1 4067.807
2014 04 02 13 15 00 1 4067.879
2014 04 02 13 30 00 1 4067.945
2014 04 02 13 45 00 1 4068.005
2014 04 02 14 00 00 1 4068.051
2014 04 02 14 15 00 1 4068.104
2014 04 02 14 30 00 1 4068.147
2014 04 02 14 45 00 1 4068.181
2014 04 02 15 00 00 1 4068.198
2014 04 02 15 15 00 1 4068.222
2014 04 02 15 30 00 1 4068.230
2014 04 02 15 45 00 1 4068.223
2014 04 02 16 00 00 1 4068.218
2014 04 02 16 15 00 1 4068.197
2014 04 02 16 30 00 1 4068.169
2014 04 02 16 45 00 1 4068.141
2014 04 02 17 00 00 1 4068.098
2014 04 02 17 15 00 1 4068.057
2014 04 02 17 30 00 1 4068.004
2014 04 02 17 45 00 1 4067.947
2014 04 02 18 00 00 1 4067.878
2014 04 02 18 15 00 1 4067.817
2014 04 02 18 30 00 1 4067.747
2014 04 02 18 45 00 1 4067.676
2014 04 02 19 00 00 1 4067.612
2014 04 02 19 15 00 1 4067.551
2014 04 02 19 30 00 1 4067.475
2014 04 02 19 45 00 1 4067.415
2014 04 02 20 00 00 1 4067.354
2014 04 02 20 15 00 1 4067.308
2014 04 02 20 30 00 1 4067.256
2014 04 02 20 45 00 1 4067.212
2014 04 02 21 00 00 1 4067.176
2014 04 02 21 15 00 1 4067.143
2014 04 02 21 30 00 1 4067.122
2014 04 02 21 45 00 1 4067.111
2014 04 02 22 00 00 1 4067.101
2014 04 02 22 15 00 1 4067.109
2014 04 02 22 30 00 1 4067.113
2014 04 02 22 45 00 1 4067.123
2014 04 02 23 00 00 1 4067.149
2014 04 02 23 15 00 1 4067.178
2014 04 02 23 30 00 1 4067.216
2014 04 02 23 45 00 1 4067.253
2014 04 03 00 00 00 1 4067.307
2014 04 03 00 15 00 1 4067.357
2014 04 03 00 30 00 1 4067.412
2014 04 03 00 45 00 1 4067.471
2014 04 03 01 00 00 1 4067.536
2014 04 03 01 00 00 2 4067.538
2014 04 03 01 01 00 2 4067.542
2014 04 03 01 02 00 2 4067.544
2014 04 03 01 03 00 2 4067.548
2014 04 03 01 04 00 2 4067.550
2014 04 03 01 05 00 2 4067.554
2014 04 03 01 06 00 2 4067.555
2014 04 03 01 07 00 2 4067.558
2014 04 03 01 08 00 2 4067.561
2014 04 03 01 09 00 2 4067.564
2014 04 03 01 10 00 2 4067.567
2014 04 03 01 11 00 2 4067.570
2014 04 03 01 12 00 2 4067.574
2014 04 03 01 13 00 2 4067.577
2014 04 03 01 14 00 2 4067.583
2014 04 03 01 15 00 1 4067.586
2014 04 03 01 15 00 2 4067.587
2014 04 03 01 16 00 2 4067.593
2014 04 03 01 17 00 2 4067.598
2014 04 03 01 18 00 2 4067.604
2014 04 03 01 19 00 2 4067.610
2014 04 03 01 20 00 2 4067.613
2014 04 03 01 21 00 2 4067.616
2014 04 03 01 22 00 2 4067.620
2014 04 03 01 23 00 2 4067.625
2014 04 03 01 24 00 2 4067.627
2014 04 03 01 25 00 2 4067.632
2014 04 03 01 26 00 2 4067.635
2014 04 03 01 27 00 2 4067.638
2014 04 03 01 28 00 2 4067.641
2014 04 03 01 29 00 2 4067.644
2014 04 03 01 30 00 1 4067.647
2014 04 03 01 30 00 2 4067.647
2014 04 03 01 31 00 2 4067.651
2014 04 03 01 32 00 2 4067.653
2014 04 03 01 33 00 2 4067.656
2014 04 03 01 34 00 2 4067.660
2014 04 03 01 35 00 2 4067.664
2014 04 03 01 36 00 2 4067.666
2014 04 03 01 37 00 2 4067.671
2014 04 03 01 38 00 2 4067.673
2014 04 03 01 39 00 2 4067.678
2014 04 03 01 40 00 2 4067.683
2014 04 03 01 41 00 2 4067.687
2014 04 03 01 42 00 2 4067.692
2014 04 03 01 43 00 2 4067.696
2014 04 03 01 44 00 2 4067.701
2014 04 03 01 45 00 1 4067.704
2014 04 03 01 45 00 2 4067.705
2014 04 03 01 46 00 2 4067.707
2014 04 03 01 47 00 2 4067.712
2014 04 03 01 48 00 2 4067.715
2014 04 03 01 49 00 2 4067.720
2014 04 03 01 50 00 2 4067.724
2014 04 03 01 51 00 2 4067.727
2014 04 03 01 52 00 2 4067.730
2014 04 03 01 53 00 2 4067.733
2014 04 03 01 54 00 2 4067.734
2014 04 03 01 55 00 2 4067.734
2014 04 03 01 56 00 2 4067.737
2014 04 03 01 57 00 2 4067.739
2014 04 03 01 58 00 2 4067.743
2014 04 03 01 59 00 2 4067.744
2014 04 03 02 00 00 1 4067.746
2014 04 03 02 00 00 2 4067.747
2014 04 03 02 01 00 2 4067.752
2014 04 03 02 02 00 2 4067.754
2014 04 03 02 03 00 2 4067.761
2014 04 03 02 04 00 2 4067.764
2014 04 03 02 05 00 2 4067.769
2014 04 03 02 06 00 2 4067.773
2014 04 03 02 07 00 2 4067.778
2014 04 03 02 08 00 2 4067.783
2014 04 03 02 09 00 2 4067.784
2014 04 03 02 10 00 2 4067.787
2014 04 03 02 11 00 2 4067.792
2014 04 03 02 12 00 2 4067.792
2014 04 03 02 13 00 2 4067.794
2014 04 03 02 14 00 2 4067.797
2014 04 03 02 15 00 1 9999.000
2014 04 03 02 15 00 2 4067.798
2014 04 03 02 16 00 2 4067.802
2014 04 03 02 17 00 2 4067.805
2014 04 03 02 18 00 2 4067.810
2014 04 03 02 19 00 2 4067.811
2014 04 03 02 20 00 2 4067.815
2014 04 03 02 21 00 2 4067.818
2014 04 03 02 22 00 2 4067.820
2014 04 03 02 23 00 2 4067.823
2014 04 03 02 24 00 2 4067.827
2014 04 03 02 25 00 2 4067.829
2014 04 03 02 26 00 2 4067.829
2014 04 03 02 27 00 2 4067.832
2014 04 03 02 28 00 2 4067.832
2014 04 03 02 29 00 2 4067.833
2014 04 03 02 30 00 1 9999.000
2014 04 03 02 30 00 2 4067.833
2014 04 03 02 31 00 2 4067.836
2014 04 03 02 32 00 2 4067.839
2014 04 03 02 33 00 2 4067.842
2014 04 03 02 34 00 2 4067.846
2014 04 03 02 35 00 2 4067.851
2014 04 03 02 36 00 2 4067.854
2014 04 03 02 37 00 2 4067.855
2014 04 03 02 38 00 2 4067.858
2014 04 03 02 39 00 2 4067.861
2014 04 03 02 40 00 2 4067.862
2014 04 03 02 41 00 2 4067.864
2014 04 03 02 42 00 2 4067.866
2014 04 03 02 43 00 2 4067.865
2014 04 03 02 44 00 2 4067.869
2014 04 03 02 45 00 1 9999.000
2014 04 03 02 45 00 2 4067.869
2014 04 03 02 46 00 2 4067.877
2014 04 03 02 47 00 2 4067.874
2014 04 03 02 48 00 2 4067.862
2014 04 03 02 49 00 2 4067.894
2014 04 03 02 50 00 2 4067.875
2014 04 03 02 50 30 3 4067.895
2014 04 03 02 50 45 3 4067.891
2014 04 03 02 51 00 2 4067.889
2014 04 03 02 51 00 3 4067.927
2014 04 03 02 51 15 3 4067.808
2014 04 03 02 51 30 3 4067.921
2014 04 03 02 51 45 3 4067.901
2014 04 03 02 52 00 2 4067.877
2014 04 03 02 52 00 3 4067.858
2014 04 03 02 52 15 3 4067.873
2014 04 03 02 52 30 3 4067.921
2014 04 03 02 52 45 3 4067.858
2014 04 03 02 53 00 2 4067.908
2014 04 03 02 53 00 3 4067.894
2014 04 03 02 53 15 3 4067.882
2014 04 03 02 53 30 3 4067.902
2014 04 03 02 53 45 3 4067.954
2014 04 03 02 54 00 2 4067.868
2014 04 03 02 54 00 3 4067.938
2014 04 03 02 54 15 3 4067.923
2014 04 03 02 55 00 2 4067.901
2014 04 03 02 56 00 2 4067.884
2014 04 03 02 57 00 2 4067.897
2014 04 03 02 58 00 2 4067.904
2014 04 03 02 59 00 2 4067.911
2014 04 03 03 00 00 1 9999.000
2014 04 03 03 00 00 2 4067.899
2014 04 03 03 01 00 2 4067.903
2014 04 03 03 02 00 2 4067.901
2014 04 03 03 03 00 2 4067.909
2014 04 03 03 04 00 2 4067.908
2014 04 03 03 05 00 2 4067.912
2014 04 03 03 06 00 2 4067.906
2014 04 03 03 07 00 2 4067.915
2014 04 03 03 08 00 2 4067.912
2014 04 03 03 09 00 2 4067.917
2014 04 03 03 10 00 2 4067.919
2014 04 03 03 11 00 2 4067.926
2014 04 03 03 12 00 2 4067.924
2014 04 03 03 13 00 2 4067.933
2014 04 03 03 14 00 2 4067.928
2014 04 03 03 15 00 1 9999.000
2014 04 03 03 15 00 2 4067.930
2014 04 03 03 16 00 2 4067.930
2014 04 03 03 17 00 2 4067.934
2014 04 03 03 18 00 2 4067.936
2014 04 03 03 19 00 2 4067.934
2014 04 03 03 20 00 2 4067.934
2014 04 03 03 21 00 2 4067.935
2014 04 03 03 22 00 2 4067.932
2014 04 03 03 23 00 2 4067.933
2014 04 03 03 24 00 2 4067.933
2014 04 03 03 25 00 2 4067.938
2014 04 03 03 26 00 2 4067.935
2014 04 03 03 27 00 2 4067.938
2014 04 03 03 28 00 2 4067.941
2014 04 03 03 29 00 2 4067.939
2014 04 03 03 30 00 1 9999.000
2014 04 03 03 30 00 2 4067.941
2014 04 03 03 31 00 2 4067.944
2014 04 03 03 32 00 2 4067.947
2014 04 03 03 33 00 2 4067.949
2014 04 03 03 34 00 2 4067.947
2014 04 03 03 35 00 2 4067.949
2014 04 03 03 36 00 2 4067.949
2014 04 03 03 37 00 2 4067.949
2014 04 03 03 38 00 2 4067.948
2014 04 03 03 39 00 2 4067.949
2014 04 03 03 40 00 2 4067.951
2014 04 03 03 41 00 2 4067.951
2014 04 03 03 42 00 2 4067.956
2014 04 03 03 43 00 2 4067.957
2014 04 03 03 44 00 2 4067.962
2014 04 03 03 45 00 1 9999.000
2014 04 03 03 45 00 2 4067.963
2014 04 03 03 46 00 2 4067.962
2014 04 03 03 47 00 2 4067.963
2014 04 03 03 48 00 2 4067.960
2014 04 03 03 49 00 2 4067.963
2014 04 03 03 50 00 2 4067.962
2014 04 03 03 51 00 2 4067.962
2014 04 03 03 52 00 2 4067.961
2014 04 03 03 53 00 2 4067.961
2014 04 03 03 54 00 2 4067.961
2014 04 03 03 55 00 2 4067.959
2014 04 03 03 56 00 2 4067.959
2014 04 03 03 57 00 2 4067.956
2014 04 03 03 58 00 2 4067.955
2014 04 03 03 59 00 2 4067.955
2014 04 03 04 00 00 1 9999.000
2014 04 03 04 00 00 2 4067.954
2014 04 03 04 01 00 2 4067.953
2014 04 03 04 02 00 2 4067.954
2014 04 03 04 03 00 2 4067.956
2014 04 03 04 04 00 2 4067.957
2014 04 03 04 05 00 2 4067.959
2014 04 03 04 06 00 2 4067.958
2014 04 03 04 07 00 2 4067.957
2014 04 03 04 08 00 2 4067.957
2014 04 03 04 09 00 2 4067.957
2014 04 03 04 10 00 2 4067.955
2014 04 03 04 11 00 2 4067.957
2014 04 03 04 12 00 2 4067.957
2014 04 03 04 13 00 2 4067.959
2014 04 03 04 14 00 2 4067.959
2014 04 03 04 15 00 1 9999.000
2014 04 03 04 15 00 2 4067.959
2014 04 03 04 16 00 2 4067.959
2014 04 03 04 17 00 2 4067.957
2014 04 03 04 18 00 2 4067.955
2014 04 03 04 19 00 2 4067.952
2014 04 03 04 20 00 2 4067.947
2014 04 03 04 21 00 2 4067.943
2014 04 03 04 22 00 2 4067.938
2014 04 03 04 23 00 2 4067.934
2014 04 03 04 24 00 2 4067.932
2014 04 03 04 25 00 2 4067.932
2014 04 03 04 26 00 2 4067.934
2014 04 03 04 27 00 2 4067.934
2014 04 03 04 28 00 2 4067.936
2014 04 03 04 29 00 2 4067.937
2014 04 03 04 30 00 1 9999.000
2014 04 03 04 30 00 2 4067.939
2014 04 03 04 31 00 2 4067.939
2014 04 03 04 32 00 2 4067.940
2014 04 03 04 33 00 2 4067.940
2014 04 03 04 34 00 2 4067.937
2014 04 03 04 35 00 2 4067.935
2014 04 03 04 36 00 2 4067.935
2014 04 03 04 37 00 2 4067.934
2014 04 03 04 38 00 2 4067.932
2014 04 03 04 39 00 2 4067.931
2014 04 03 04 40 00 2 4067.927
2014 04 03 04 41 00 2 4067.923
2014 04 03 04 42 00 2 4067.921
2014 04 03 04 43 00 2 4067.918
2014 04 03 04 44 00 2 4067.918
2014 04 03 04 45 00 1 9999.000
2014 04 03 04 45 00 2 4067.919
2014 04 03 04 46 00 2 4067.919
2014 04 03 04 47 00 2 4067.919
2014 04 03 04 48 00 2 4067.919
2014 04 03 04 49 00 2 4067.920
2014 04 03 04 50 00 2 4067.920
2014 04 03 04 51 00 2 4067.920
2014 04 03 04 52 00 2 4067.918
2014 04 03 04 53 00 2 4067.917
2014 04 03 04 54 00 2 4067.915
2014 04 03 04 55 00 2 4067.913
2014 04 03 04 56 00 2 4067.911
2014 04 03 04 57 00 2 4067.909
2014 04 03 04 58 00 2 4067.910
2014 04 03 04 59 00 2 4067.909
2014 04 03 05 00 00 1 9999.000
2014 04 03 05 00 00 2 4067.906
2014 04 03 05 01 00 2 4067.904
2014 04 03 05 02 00 2 4067.902
2014 04 03 05 03 00 2 4067.899
2014 04 03 05 04 00 2 4067.896
2014 04 03 05 05 00 2 4067.892
2014 04 03 05 06 00 2 4067.888
2014 04 03 05 07 00 2 4067.882
2014 04 03 05 08 00 2 4067.879
2014 04 03 05 09 00 2 4067.873
2014 04 03 05 10 00 2 4067.871
2014 04 03 05 11 00 2 4067.867
2014 04 03 05 12 00 2 4067.865
2014 04 03 05 13 00 2 4067.865
2014 04 03 05 14 00 2 4067.866
2014 04 03 05 15 00 1 9999.000
2014 04 03 05 15 00 2 4067.866
2014 04 03 05 16 00 2 4067.865
2014 04 03 05 17 00 2 4067.863
2014 04 03 05 18 00 2 4067.861
2014 04 03 05 19 00 2 4067.858
2014 04 03 05 20 00 2 4067.853
2014 04 03 05 21 00 2 4067.851
2014 04 03 05 22 00 2 4067.848
2014 04 03 05 23 00 2 4067.842
2014 04 03 05 24 00 2 4067.836
2014 04 03 05 25 00 2 4067.830
2014 04 03 05 26 00 2 4067.825
2014 04 03 05 27 00 2 4067.822
2014 04 03 05 28 00 2 4067.820
2014 04 03 05 29 00 2 4067.816
2014 04 03 05 30 00 1 9999.000
2014 04 03 05 30 00 2 4067.813
2014 04 03 05 31 00 2 4067.815
2014 04 03 05 32 00 2 4067.809
2014 04 03 05 33 00 2 4067.807
2014 04 03 05 34 00 2 4067.806
2014 04 03 05 35 00 2 4067.801
2014 04 03 05 36 00 2 4067.799
2014 04 03 05 37 00 2 4067.798
2014 04 03 05 38 00 2 4067.794
2014 04 03 05 39 00 2 4067.791
2014 04 03 05 40 00 2 4067.788
2014 04 03 05 41 00 2 4067.784
2014 04 03 05 42 00 2 4067.783
2014 04 03 05 43 00 2 4067.784
2014 04 03 05 44 00 2 4067.783
2014 04 03 05 45 00 1 9999.000
2014 04 03 05 45 00 2 4067.783
2014 04 03 05 46 00 2 4067.780
2014 04 03 05 47 00 2 4067.779
2014 04 03 05 48 00 2 4067.776
2014 04 03 05 49 00 2 4067.774
2014 04 03 05 50 00 2 4067.773
2014 04 03 05 51 00 2 4067.770
2014 04 03 05 52 00 2 4067.768
2014 04 03 05 53 00 2 4067.765
2014 04 03 05 54 00 2 4067.760
2014 04 03 05 55 00 2 4067.756
2014 04 03 05 56 00 2 4067.750
2014 04 03 05 57 00 2 4067.745
2014 04 03 05 58 00 2 4067.741
2014 04 03 05 59 00 2 4067.740
2014 04 03 06 00 00 1 9999.000
2014 04 03 06 00 00 2 4067.738
2014 04 03 06 01 00 2 4067.734
2014 04 03 06 02 00 2 4067.732
2014 04 03 06 03 00 2 4067.728
2014 04 03 06 04 00 2 4067.721
2014 04 03 06 05 00 2 4067.715
2014 04 03 06 06 00 2 4067.710
2014 04 03 06 07 00 2 4067.705
2014 04 03 06 08 00 2 4067.701
2014 04 03 06 09 00 2 4067.697
2014 04 03 06 10 00 2 4067.693
2014 04 03 06 11 00 2 4067.692
2014 04 03 06 12 00 2 4067.690
2014 04 03 06 13 00 2 4067.689
2014 04 03 06 14 00 2 4067.687
2014 04 03 06 15 00 1 9999.000
2014 04 03 06 15 00 2 4067.682
2014 04 03 06 16 00 2 4067.677
2014 04 03 06 17 00 2 4067.672
2014 04 03 06 18 00 2 4067.667
2014 04 03 06 19 00 2 4067.664
2014 04 03 06 20 00 2 4067.662
2014 04 03 06 21 00 2 4067.661
2014 04 03 06 22 00 2 4067.660
2014 04 03 06 23 00 2 4067.659
2014 04 03 06 24 00 2 4067.656
2014 04 03 06 25 00 2 4067.654
2014 04 03 06 26 00 2 4067.650
2014 04 03 06 27 00 2 4067.644
2014 04 03 06 28 00 2 4067.641
2014 04 03 06 29 00 2 4067.636
2014 04 03 06 30 00 1 9999.000
2014 04 03 06 30 00 2 4067.633
2014 04 03 06 31 00 2 4067.627
2014 04 03 06 32 00 2 4067.624
2014 04 03 06 33 00 2 4067.620
2014 04 03 06 34 00 2 4067.617
2014 04 03 06 35 00 2 4067.613
2014 04 03 06 36 00 2 4067.610
2014 04 03 06 37 00 2 4067.608
2014 04 03 06 38 00 2 4067.604
2014 04 03 06 39 00 2 4067.602
2014 04 03 06 40 00 2 4067.598
2014 04 03 06 41 00 2 4067.595
2014 04 03 06 42 00 2 4067.592
2014 04 03 06 43 00 2 4067.589
2014 04 03 06 44 00 2 4067.588
2014 04 03 06 45 00 1 9999.000
2014 04 03 06 45 00 2 4067.585
2014 04 03 06 46 00 2 4067.585
2014 04 03 06 47 00 2 4067.582
2014 04 03 06 48 00 2 4067.580
2014 04 03 06 49 00 2 4067.573
2014 04 03 06 50 00 2 4067.565
2014 04 03 06 51 00 2 4067.559
2014 04 03 06 52 00 2 4067.553
2014 04 03 06 53 00 2 4067.548
2014 04 03 06 54 00 2 4067.544
2014 04 03 06 55 00 2 4067.540
2014 04 03 06 56 00 2 4067.538
2014 04 03 06 57 00 2 4067.534
2014 04 03 06 58 00 2 4067.530
2014 04 03 06 59 00 2 4067.528
2014 04 03 07 00 00 1 9999.000
2014 04 03 07 15 00 1 4067.471
2014 04 03 07 30 00 1 4067.415
2014 04 03 07 45 00 1 4067.368
2014 04 03 08 00 00 1 4067.316
2014 04 03 08 15 00 1 4067.275
2014 04 03 08 30 00 1 4067.235
2014 04 03 08 45 00 1 4067.208
2014 04 03 09 00 00 1 4067.172
2014 04 03 09 15 00 1 4067.150
2014 04 03 09 30 00 1 4067.143
2014 04 03 09 45 00 1 4067.131
2014 04 03 10 00 00 1 4067.131
2014 04 03 10 15 00 1 4067.141
2014 04 03 10 30 00 1 4067.153
2014 04 03 10 45 00 1 4067.169
2014 04 03 11 00 00 1 4067.205
2014 04 03 11 15 00 1 4067.242
2014 04 03 11 30 00 1 4067.286
2014 04 03 11 45 00 1 4067.328
2014 04 03 12 00 00 1 4067.383
2014 04 03 12 15 00 1 4067.453
2014 04 03 12 30 00 1 4067.504
2014 04 03 12 45 00 1 4067.575
2014 04 03 13 00 00 1 4067.638
2014 04 03 13 15 00 1 4067.705
2014 04 03 13 30 00 1 4067.773
2014 04 03 13 45 00 1 4067.827
2014 04 03 14 00 00 1 4067.892
2014 04 03 14 15 00 1 4067.952
2014 04 03 14 30 00 1 4068.002
2014 04 03 14 45 00 1 4068.053
2014 04 03 15 00 00 1 4068.097
2014 04 03 15 15 00 1 4068.136
2014 04 03 15 30 00 1 4068.157
2014 04 03 15 45 00 1 4068.180
2014 04 03 16 00 00 1 4068.191
2014 04 03 16 15 00 1 4068.195
2014 04 03 16 30 00 1 4068.191
2014 04 03 16 45 00 1 4068.179
2014 04 03 17 00 00 1 4068.162
2014 04 03 17 15 00 1 4068.132
2014 04 03 17 30 00 1 4068.101
2014 04 03 17 45 00 1 4068.064
2014 04 03 18 00 00 1 4068.025
2014 04 03 18 15 00 1 4067.972
2014 04 03 18 30 00 1 4067.920
2014 04 03 18 45 00 1 4067.864
2014 04 03 19 00 00 1 4067.806
2014 04 03 19 15 00 1 4067.744
2014 04 03 19 30 00 1 4067.680
2014 04 03 19 45 00 1 4067.622
2014 04 03 20 00 00 1 4067.564
2014 04 03 20 15 00 1 4067.507
2014 04 03 20 30 00 1 4067.446
2014 04 03 20 45 00 1 4067.397
2014 04 03 21 00 00 1 4067.345
2014 04 03 21 15 00 1 4067.302
2014 04 03 21 30 00 1 4067.261
2014 04 03 21 45 00 1 4067.225
2014 04 03 22 00 00 1 4067.198
2014 04 03 22 15 00 1 4067.175
2014 04 03 22 30 00 1 4067.165
2014 04 03 22 45 00 1 4067.151
2014 04 03 23 00 00 1 4067.146
2014 04 03 23 15 00 1 4067.152
2014 04 03 23 30 00 1 4067.162
2014 04 03 23 45 00 1 4067.177
2014 04 04 00 00 00 1 4067.202
2014 04 04 00 15 00 1 4067.231
2014 04 04 00 30 00 1 4067.268
2014 04 04 00 45 00 1 4067.308
2014 04 04 01 00 00 1 4067.347
2014 04 04 01 15 00 1 4067.395
2014 04 04 01 30 00 1 4067.443
2014 04 04 01 45 00 1 4067.492
2014 04 04 02 00 00 1 4067.539
2014 04 04 02 15 00 1 4067.585
2014 04 04 02 30 00 1 4067.628
2014 04 04 02 45 00 1 4067.673
2014 04 04 03 00 00 1 4067.710
2014 04 04 03 15 00 1 4067.748
2014 04 04 03 30 00 1 4067.780
2014 04 04 03 45 00 1 4067.804
2014 04 04 04 00 00 1 4067.827
2014 04 04 04 15 00 1 4067.841
2014 04 04 04 30 00 1 4067.852
2014 04 04 04 45 00 1 4067.856
2014 04 04 05 00 00 1 4067.857
2014 04 04 05 15 00 1 4067.846
2014 04 04 05 30 00 1 4067.830
2014 04 04 05 45 00 1 4067.811
2014 04 04 06 00 00 1 4067.785
2014 04 04 06 15 00 1 4067.755
2014 04 04 06 30 00 1 4067.720
2014 04 04 06 45 00 1 4067.686
2014 04 04 07 00 00 1 4067.645
2014 04 04 07 15 00 1 4067.604
2014 04 04 07 30 00 1 4067.559
2014 04 04 07 45 00 1 4067.511
2014 04 04 08 00 00 1 4067.466
2014 04 04 08 15 00 1 4067.425
2014 04 04 08 30 00 1 4067.378
2014 04 04 08 45 00 1 4067.342
2014 04 04 09 00 00 1 4067.310
2014 04 04 09 15 00 1 4067.281
2014 04 04 09 30 00 1 4067.252
2014 04 04 09 45 00 1 4067.234
2014 04 04 10 00 00 1 4067.220
2014 04 04 10 15 00 1 4067.208
2014 04 04 10 30 00 1 4067.203
2014 04 04 10 45 00 1 4067.206
2014 04 04 11 00 00 1 4067.215
2014 04 04 11 15 00 1 4067.224
2014 04 04 11 30 00 1 4067.248
2014 04 04 11 45 00 1 4067.274
2014 04 04 12 00 00 1 4067.304
2014 04 04 12 15 00 1 4067.341
2014 04 04 12 30 00 1 4067.385
2014 04 04 12 45 00 1 4067.433
2014 04 04 13 00 00 1 4067.487
2014 04 04 13 15 00 1 4067.541
2014 04 04 13 30 00 1 4067.596
2014 04 04 13 45 00 1 4067.657
2014 04 04 14 00 00 1 4067.711
2014 04 04 14 15 00 1 4067.768
2014 04 04 14 30 00 1 4067.824
2014 04 04 14 45 00 1 4067.874
2014 04 04 15 00 00 1 4067.927
2014 04 04 15 15 00 1 4067.972
2014 04 04 15 30 00 1 4068.011
2014 04 04 15 45 00 1 4068.045
2014 04 04 16 00 00 1 4068.077
2014 04 04 16 15 00 1 4068.098
2014 04 04 16 30 00 1 4068.118
2014 04 04 16 45 00 1 4068.130
2014 04 04 17 00 00 1 4068.130
2014 04 04 17 15 00 1 4068.130
2014 04 04 17 30 00 1 4068.121
2014 04 04 17 45 00 1 4068.106
2014 04 04 18 00 00 1 4068.085
2014 04 04 18 15 00 1 4068.061
2014 04 04 18 30 00 1 4068.029
2014 04 04 18 45 00 1 4067.997
2014 04 04 19 00 00 1 4067.952
2014 04 04 19 15 00 1 4067.906
2014 04 04 19 30 00 1 4067.855
2014 04 04 19 45 00 1 4067.809
2014 04 04 20 00 00 1 4067.760
2014 04 04 20 15 00 1 4067.707
2014 04 04 20 30 00 1 4067.655
2014 04 04 20 45 00 1 4067.604
2014 04 04 21 00 00 1 4067.552
2014 04 04 21 15 00 1 4067.502
2014 04 04 21 30 00 1 4067.458
2014 04 04 21 45 00 1 4067.416
2014 04 04 22 00 00 1 4067.375
2014 04 04 22 15 00 1 4067.339
2014 04 04 22 30 00 1 4067.313
2014 04 04 22 45 00 1 4067.282
2014 04 04 23 00 00 1 4067.262
2014 04 04 23 15 00 1 4067.245
2014 04 04 23 30 00 1 4067.235
2014 04 04 23 45 00 1 4067.228
2014 04 05 00 00 00 1 4067.225
2014 04 05 00 15 00 1 4067.230
2014 04 05 00 30 00 1 4067.240
2014 04 05 00 45 00 1 4067.256
2014 04 05 01 00 00 1 4067.277
2014 04 05 01 15 00 1 4067.302
2014 04 05 01 30 00 1 4067.330
2014 04 05 01 45 00 1 4067.366
2014 04 05 02 00 00 1 4067.398
2014 04 05 02 15 00 1 4067.434
2014 04 05 02 30 00 1 4067.469
2014 04 05 02 45 00 1 4067.504
2014 04 05 03 00 00 1 4067.537
2014 04 05 03 15 00 1 4067.574
2014 04 05 03 30 00 1 4067.608
2014 04 05 03 45 00 1 4067.642
2014 04 05 04 00 00 1 4067.673
2014 04 05 04 15 00 1 4067.696
2014 04 05 04 30 00 1 4067.720
2014 04 05 04 45 00 1 4067.740
2014 04 05 05 00 00 1 4067.753
2014 04 05 05 15 00 1 4067.760
2014 04 05 05 30 00 1 4067.764
2014 04 05 05 45 00 1 4067.766
2014 04 05 06 00 00 1 4067.758
2014 04 05 06 15 00 1 4067.745
2014 04 05 06 30 00 1 4067.727
2014 04 05 06 45 00 1 4067.713
2014 04 05 07 00 00 1 4067.692
2014 04 05 07 15 00 1 4067.669
2014 04 05 07 30 00 1 4067.638
2014 04 05 07 45 00 1 4067.611
2014 04 05 08 00 00 1 4067.579
2014 04 05 08 15 00 1 4067.546
2014 04 05 08 30 00 1 4067.509
2014 04 05 08 45 00 1 4067.477
2014 04 05 09 00 00 1 4067.444
2014 04 05 09 15 00 1 4067.414
2014 04 05 09 30 00 1 4067.385
2014 04 05 09 45 00 1 4067.360
2014 04 05 10 00 00 1 4067.339
2014 04 05 10 15 00 1 4067.317
2014 04 05 10 30 00 1 4067.305
2014 04 05 10 45 00 1 4067.292
2014 04 05 11 00 00 1 4067.284
2014 04 05 11 15 00 1 4067.279
2014 04 05 11 30 00 1 4067.281
2014 04 05 11 45 00 1 4067.288
2014 04 05 12 00 00 1 4067.296
2014 04 05 12 15 00 1 4067.313
2014 04 05 12 30 00 1 4067.336
2014 04 05 12 45 00 1 4067.365
2014 04 05 13 00 00 1 4067.394
2014 04 05 13 15 00 1 4067.433
2014 04 05 13 30 00 1 4067.472
2014 04 05 13 45 00 1 4067.513
2014 04 05 14 00 00 1 4067.556
2014 04 05 14 15 00 1 4067.602
2014 04 05 14 30 00 1 4067.648
2014 04 05 14 45 00 1 4067.694
2014 04 05 15 00 00 1 4067.739
2014 04 05 15 15 00 1 4067.781
2014 04 05 15 30 00 1 4067.827
2014 04 05 15 45 00 1 4067.867
2014 04 05 16 00 00 1 4067.901
2014 04 05 16 15 00 1 4067.938
2014 04 05 16 30 00 1 4067.969
2014 04 05 16 45 00 1 4067.989
2014 04 05 17 00 00 1 4068.007
2014 04 05 17 15 00 1 4068.024
2014 04 05 17 30 00 1 4068.031
2014 04 05 17 45 00 1 4068.034
2014 04 05 18 00 00 1 4068.033
2014 04 05 18 15 00 1 4068.025
2014 04 05 18 30 00 1 4068.016
2014 04 05 18 45 00 1 4067.998
2014 04 05 19 00 00 1 4067.976
2014 04 05 19 15 00 1 4067.952
2014 04 05 19 30 00 1 4067.924
2014 04 05 19 45 00 1 4067.889
2014 04 05 20 00 00 1 4067.857
2014 04 05 20 15 00 1 4067.818
2014 04 05 20 30 00 1 4067.776
2014 04 05 20 45 00 1 4067.736
2014 04 05 21 00 00 1 4067.693
2014 04 05 21 15 00 1 4067.650
2014 04 05 21 30 00 1 4067.607
2014 04 05 21 45 00 1 4067.563
2014 04 05 22 00 00 1 4067.527
2014 04 05 22 15 00 1 4067.487
2014 04 05 22 30 00 1 4067.453
2014 04 05 22 45 00 1 4067.419
2014 04 05 23 00 00 1 4067.389
2014 04 05 23 15 00 1 4067.363
2014 04 05 23 30 00 1 4067.339
2014 04 05 23 45 00 1 4067.315
2014 04 06 00 00 00 1 4067.302
2014 04 06 00 15 00 1 4067.286
2014 04 06 00 30 00 1 4067.277
2014 04 06 00 45 00 1 4067.271
2014 04 06 01 00 00 1 4067.270
2014 04 06 01 15 00 1 4067.275
2014 04 06 01 30 00 1 4067.281
2014 04 06 01 45 00 1 4067.294
2014 04 06 02 00 00 1 4067.308
2014 04 06 02 15 00 1 4067.328
2014 04 06 02 30 00 1 4067.348
2014 04 06 02 45 00 1 4067.372
2014 04 06 03 00 00 1 4067.399
2014 04 06 03 15 00 1 4067.426
2014 04 06 03 30 00 1 4067.453
2014 04 06 03 45 00 1 4067.481
2014 04 06 04 00 00 1 4067.513
2014 04 06 04 15 00 1 4067.542
2014 04 06 04 30 00 1 4067.567
2014 04 06 04 45 00 1 4067.592
2014 04 06 05 00 00 1 4067.613
2014 04 06 05 15 00 1 4067.632
2014 04 06 05 30 00 1 4067.649
2014 04 06 05 45 00 1 4067.661
2014 04 06 06 00 00 1 4067.672
2014 04 06 06 15 00 1 4067.678
2014 04 06 06 30 00 1 4067.683
2014 04 06 06 45 00 1 4067.685
2014 04 06 07 00 00 1 4067.682
2014 04 06 07 15 00 1 4067.675
2014 04 06 07 30 00 1 4067.665
2014 04 06 07 45 00 1 4067.650
2014 04 06 08 00 00 1 4067.634
2014 04 06 08 15 00 1 4067.617
2014 04 06 08 30 00 1 4067.598
2014 04 06 08 45 00 1 4067.576
2014 04 06 09 00 00 1 4067.554
2014 04 06 09 15 00 1 4067.533
2014 04 06 09 30 00 1 4067.512
2014 04 06 09 45 00 1 4067.494
2014 04 06 10 00 00 1 4067.473
2014 04 06 10 15 00 1 4067.451
2014 04 06 10 30 00 1 4067.430
2014 04 06 10 45 00 1 4067.412
2014 04 06 11 00 00 1 4067.398
2014 04 06 11 15 00 1 4067.385
2014 04 06 11 30 00 1 4067.375
2014 04 06 11 45 00 1 4067.367
2014 04 06 12 00 00 1 4067.368
2014 04 06 12 15 00 1 4067.370
2014 04 06 12 30 00 1 4067.377
2014 04 06 12 45 00 1 4067.385
2014 04 06 13 00 00 1 4067.397
2014 04 06 13 15 00 1 4067.408
2014 04 06 13 30 00 1 4067.426
2014 04 06 13 45 00 1 4067.451
2014 04 06 14 00 00 1 4067.476
2014 04 06 14 15 00 1 4067.504
2014 04 06 14 30 00 1 4067.535
2014 04 06 14 45 00 1 4067.569
2014 04 06 15 00 00 1 4067.603
2014 04 06 15 15 00 1 4067.637
2014 04 06 15 30 00 1 4067.671
2014 04 06 15 45 00 1 4067.708
2014 04 06 16 00 00 1 4067.743
2014 04 06 16 15 00 1 4067.774
2014 04 06 16 30 00 1 4067.807
2014 04 06 16 45 00 1 4067.839
2014 04 06 17 00 00 1 4067.870
2014 04 06 17 15 00 1 4067.896
2014 04 06 17 30 00 1 4067.917
2014 04 06 17 45 00 1 4067.935
2014 04 06 18 00 00 1 4067.950
2014 04 06 18 15 00 1 4067.960
2014 04 06 18 30 00 1 4067.965
2014 04 06 18 45 00 1 4067.968
2014 04 06 19 00 00 1 4067.967
2014 04 06 19 15 00 1 4067.961
2014 04 06 19 30 00 1 4067.952
2014 04 06 19 45 00 1 4067.940
2014 04 06 20 00 00 1 4067.924
2014 04 06 20 15 00 1 4067.904
2014 04 06 20 30 00 1 4067.878
2014 04 06 20 45 00 1 4067.850
2014 04 06 21 00 00 1 4067.820
2014 04 06 21 15 00 1 4067.787
2014 04 06 21 30 00 1 4067.754
2014 04 06 21 45 00 1 4067.716
2014 04 06 22 00 00 1 4067.682
2014 04 06 22 15 00 1 4067.649
2014 04 06 22 30 00 1 4067.609
2014 04 06 22 45 00 1 4067.577
2014 04 06 23 00 00 1 4067.544
2014 04 06 23 15 00 1 4067.511
2014 04 06 23 30 00 1 4067.478
2014 04 06 23 45 00 1 4067.448
2014 04 07 00 00 00 1 4067.421
2014 04 07 00 15 00 1 4067.392
2014 04 07 00 30 00 1 4067.368
2014 04 07 00 45 00 1 4067.347
2014 04 07 01 00 00 1 4067.333
2014 04 07 01 15 00 1 4067.316
2014 04 07 01 30 00 1 4067.304
2014 04 07 01 45 00 1 4067.296
2014 04 07 02 00 00 1 4067.292
2014 04 07 02 15 00 1 4067.292
2014 04 07 02 30 00 1 4067.293
2014 04 07 02 45 00 1 4067.301
2014 04 07 03 00 00 1 4067.310
2014 04 07 03 15 00 1 4067.324
2014 04 07 03 30 00 1 4067.342
2014 04 07 03 45 00 1 4067.363
2014 04 07 04 00 00 1 4067.382
2014 04 07 04 15 00 1 4067.403
2014 04 07 04 30 00 1 4067.426
2014 04 07 04 45 00 1 4067.451
2014 04 07 05 00 00 1 4067.474
2014 04 07 05 15 00 1 4067.497
2014 04 07 05 30 00 1 4067.520
2014 04 07 05 45 00 1 4067.539
2014 04 07 06 00 00 1 4067.560
2014 04 07 06 15 00 1 4067.577
2014 04 07 06 30 00 1 4067.593
2014 04 07 06 45 00 1 4067.610
2014 04 07 07 00 00 1 4067.620
2014 04 07 07 15 00 1 4067.631
2014 04 07 07 30 00 1 4067.639
2014 04 07 07 45 00 1 4067.642
2014 04 07 08 00 00 1 4067.641
2014 04 07 08 15 00 1 4067.639
2014 04 07 08 30 00 1 4067.636
2014 04 07 08 45 00 1 4067.631
2014 04 07 09 00 00 1 4067.622
2014 04 07 09 15 00 1 4067.612
2014 04 07 09 30 00 1 4067.600
2014 04 07 09 45 00 1 4067.585
2014 04 07 10 00 00 1 4067.571
2014 04 07 10 15 00 1 4067.554
2014 04 07 10 30 00 1 4067.539
2014 04 07 10 45 00 1 4067.521
2014 04 07 11 00 00 1 4067.505
2014 04 07 11 15 00 1 4067.487
2014 04 07 11 30 00 1 4067.473
2014 04 07 11 45 00 1 4067.462
2014 04 07 12 00 00 1 4067.450
2014 04 07 12 15 00 1 4067.440
2014 04 07 12 30 00 1 4067.431
2014 04 07 12 45 00 1 4067.426
2014 04 07 13 00 00 1 4067.421
2014 04 07 13 15 00 1 4067.421
2014 04 07 13 30 00 1 4067.425
2014 04 07 13 45 00 1 4067.433
2014 04 07 14 00 00 1 4067.439
2014 04 07 14 15 00 1 4067.452
2014 04 07 14 30 00 1 4067.468
2014 04 07 14 45 00 1 4067.483
2014 04 07 15 00 00 1 4067.501
2014 04 07 15 15 00 1 4067.525
2014 04 07 15 30 00 1 4067.550
2014 04 07 15 45 00 1 4067.574
2014 04 07 16 00 00 1 4067.601
2014 04 07 16 15 00 1 4067.630
2014 04 07 16 30 00 1 4067.659
2014 04 07 16 45 00 1 4067.688
2014 04 07 17 00 00 1 4067.718
2014 04 07 17 15 00 1 4067.746
2014 04 07 17 30 00 1 4067.772
2014 04 07 17 45 00 1 4067.797
2014 04 07 18 00 00 1 4067.823
2014 04 07 18 15 00 1 4067.846
2014 04 07 18 30 00 1 4067.864
2014 04 07 18 45 00 1 4067.880
2014 04 07 19 00 00 1 4067.896
2014 04 07 19 15 00 1 4067.907
2014 04 07 19 30 00 1 4067.915
2014 04 07 19 45 00 1 4067.921
2014 04 07 20 00 00 1 4067.924
2014 04 07 20 15 00 1 4067.922
2014 04 07 20 30 00 1 4067.917
2014 04 07 20 45 00 1 4067.908
2014 04 07 21 00 00 1 4067.896
2014 04 07 21 15 00 1 4067.881
2014 04 07 21 30 00 1 4067.861
2014 04 07 21 45 00 1 4067.838
2014 04 07 22 00 00 1 4067.813
2014 04 07 22 15 00 1 4067.787
2014 04 07 22 30 00 1 4067.761
2014 04 07 22 45 00 1 4067.731
2014 04 07 23 00 00 1 4067.701
2014 04 07 23 15 00 1 4067.672
2014 04 07 23 30 00 1 4067.639
2014 04 07 23 45 00 1 4067.606
2014 04 08 00 00 00 1 4067.575
2014 04 08 00 15 00 1 4067.541
2014 04 08 00 30 00 1 4067.510
2014 04 08 00 45 00 1 4067.478
2014 04 08 01 00 00 1 4067.452
2014 04 08 01 15 00 1 4067.427
2014 04 08 01 30 00 1 4067.403
2014 04 08 01 45 00 1 4067.382
2014 04 08 02 00 00 1 4067.361
2014 04 08 02 15 00 1 4067.344
2014 04 08 02 30 00 1 4067.327
2014 04 08 02 45 00 1 4067.318
2014 04 08 03 00 00 1 4067.309
2014 04 08 03 15 00 1 4067.304
2014 04 08 03 30 00 1 4067.304
2014 04 08 03 45 00 1 4067.307
2014 04 08 04 00 00 1 4067.312
2014 04 08 04 15 00 1 4067.323
2014 04 08 04 30 00 1 4067.339
2014 04 08 04 45 00 1 4067.354
2014 04 08 05 00 00 1 4067.371
2014 04 08 05 15 00 1 4067.392
2014 04 08 05 30 00 1 4067.411
2014 04 08 05 45 00 1 4067.432
2014 04 08 06 00 00 1 4067.453
2014 04 08 06 15 00 1 4067.474
2014 04 08 06 30 00 1 4067.499
2014 04 08 06 45 00 1 4067.521
2014 04 08 07 00 00 1 4067.540
2014 04 08 07 15 00 1 4067.563
2014 04 08 07 30 00 1 4067.581
2014 04 08 07 45 00 1 4067.598
2014 04 08 08 00 00 1 4067.614
2014 04 08 08 15 00 1 4067.627
2014 04 08 08 30 00 1 4067.639
2014 04 08 08 45 00 1 4067.646
2014 04 08 09 00 00 1 4067.651
2014 04 08 09 15 00 1 4067.655
2014 04 08 09 30 00 1 4067.654
2014 04 08 09 45 00 1 4067.649
2014 04 08 10 00 00 1 4067.642
2014 04 08 10 15 00 1 4067.633
2014 04 08 10 30 00 1 4067.623
2014 04 08 10 45 00 1 4067.610
2014 04 08 11 00 00 1 4067.597
2014 04 08 11 15 00 1 4067.580
2014 04 08 11 30 00 1 4067.565
2014 04 08 11 45 00 1 4067.550
2014 04 08 12 00 00 1 4067.535
2014 04 08 12 15 00 1 4067.524
2014 04 08 12 30 00 1 4067.507
2014 04 08 12 45 00 1 4067.490
2014 04 08 13 00 00 1 4067.476
2014 04 08 13 15 00 1 4067.467
2014 04 08 13 30 00 1 4067.455
2014 04 08 13 45 00 1 4067.448
2014 04 08 14 00 00 1 4067.440
2014 04 08 14 15 00 1 4067.439
2014 04 08 14 30 00 1 4067.439
2014 04 08 14 45 00 1 4067.440
2014 04 08 15 00 00 1 4067.445
2014 04 08 15 15 00 1 4067.452
2014 04 08 15 30 00 1 4067.460
2014 04 08 15 45 00 1 4067.470
2014 04 08 16 00 00 1 4067.484
2014 04 08 16 15 00 1 4067.502
2014 04 08 16 30 00 1 4067.520
2014 04 08 16 45 00 1 4067.540
2014 04 08 17 00 00 1 4067.562
2014 04 08 17 15 00 1 4067.590
2014 04 08 17 30 00 1 4067.618
2014 04 08 17 45 00 1 4067.646
2014 04 08 18 00 00 1 4067.672
2014 04 08 18 15 00 1 4067.698
2014 04 08 18 30 00 1 4067.723
2014 04 08 18 45 00 1 4067.748
2014 04 08 19 00 00 1 4067.774
2014 04 08 19 15 00 1 4067.795
2014 04 08 19 30 00 1 4067.816
2014 04 08 19 45 00 1 4067.834
2014 04 08 20 00 00 1 4067.849
2014 04 08 20 15 00 1 4067.863
2014 04 08 20 30 00 1 4067.874
2014 04 08 20 45 00 1 4067.880
2014 04 08 21 00 00 1 4067.882
2014 04 08 21 15 00 1 4067.881
2014 04 08 21 30 00 1 4067.876
2014 04 08 21 45 00 1 4067.870
2014 04 08 22 00 00 1 4067.863
2014 04 08 22 15 00 1 4067.850
2014 04 08 22 30 00 1 4067.834
2014 04 08 22 45 00 1 4067.814
2014 04 08 23 00 00 1 4067.793
2014 04 08 23 15 00 1 4067.770
2014 04 08 23 30 00 1 4067.745
2014 04 08 23 45 00 1 4067.717
