#YY  MM DD hh mm ss T   HEIGHT
#yr  mo dy hr mn  s -        m
2014 03 02 00 00 00 1 9999.000
2014 03 02 00 15 00 1 9999.000
2014 03 02 00 30 00 1 9999.000
2014 03 02 00 45 00 1 9999.000
2014 03 02 01 00 00 1 9999.000
2014 03 02 01 15 00 1 9999.000
2014 03 02 01 30 00 1 9999.000
2014 03 02 01 45 00 1 9999.000
2014 03 02 02 00 00 1 9999.000
2014 03 02 02 15 00 1 9999.000
2014 03 02 02 30 00 1 9999.000
2014 03 02 02 45 00 1 9999.000
2014 03 02 03 00 00 1 9999.000
2014 03 02 03 15 00 1 9999.000
2014 03 02 03 30 00 1 9999.000
2014 03 02 03 45 00 1 9999.000
2014 03 02 04 00 00 1 9999.000
2014 03 02 04 15 00 1 9999.000
2014 03 02 04 30 00 1 9999.000
2014 03 02 04 45 00 1 9999.000
2014 03 02 05 00 00 1 9999.000
2014 03 02 05 15 00 1 9999.000
2014 03 02 05 30 00 1 9999.000
2014 03 02 05 45 00 1 9999.000
2014 03 02 06 00 00 1 9999.000
2014 03 02 06 15 00 1 9999.000
2014 03 02 06 30 00 1 9999.000
2014 03 02 06 45 00 1 9999.000
2014 03 02 07 00 00 1 9999.000
2014 03 02 07 15 00 1 9999.000
2014 03 02 07 30 00 1 9999.000
2014 03 02 07 45 00 1 9999.000
2014 03 02 08 00 00 1 9999.000
2014 03 02 08 15 00 1 9999.000
2014 03 02 08 30 00 1 9999.000
2014 03 02 08 45 00 1 9999.000
2014 03 02 09 00 00 1 9999.000
2014 03 02 09 15 00 1 9999.000
2014 03 02 09 30 00 1 9999.000
2014 03 02 09 45 00 1 9999.000
2014 03 02 10 00 00 1 9999.000
2014 03 02 10 15 00 1 9999.000
2014 03 02 10 30 00 1 9999.000
2014 03 02 10 45 00 1 9999.000
2014 03 02 11 00 00 1 9999.000
2014 03 02 11 15 00 1 9999.000
2014 03 02 11 30 00 1 9999.000
2014 03 02 11 45 00 1 9999.000
2014 03 02 12 00 00 1 9999.000
2014 03 02 12 15 00 1 9999.000
2014 03 02 12 30 00 1 9999.000
2014 03 02 12 45 00 1 9999.000
2014 03 02 13 00 00 1 9999.000
2014 03 02 13 15 00 1 9999.000
2014 03 02 13 30 00 1 9999.000
2014 03 02 13 45 00 1 9999.000
2014 03 02 14 00 00 1 9999.000
2014 03 02 14 15 00 1 9999.000
2014 03 02 14 30 00 1 9999.000
2014 03 02 14 45 00 1 9999.000
2014 03 02 15 00 00 1 9999.000
2014 03 02 15 15 00 1 9999.000
2014 03 02 15 30 00 1 9999.000
2014 03 02 15 45 00 1 9999.000
2014 03 02 16 00 00 1 9999.000
2014 03 02 16 15 00 1 9999.000
2014 03 02 16 30 00 1 9999.000
2014 03 02 16 45 00 1 9999.000
2014 03 02 17 00 00 1 9999.000
2014 03 02 17 15 00 1 9999.000
2014 03 02 17 30 00 1 9999.000
2014 03 02 17 45 00 1 9999.000
2014 03 02 18 00 00 1 9999.000
2014 03 02 18 15 00 1 9999.000
2014 03 02 18 30 00 1 9999.000
2014 03 02 18 45 00 1 9999.000
2014 03 02 19 00 00 1 9999.000
2014 03 02 19 15 00 1 9999.000
2014 03 02 19 30 00 1 9999.000
2014 03 02 19 45 00 1 9999.000
2014 03 02 20 00 00 1 9999.000
2014 03 02 20 15 00 1 9999.000
2014 03 02 20 30 00 1 9999.000
2014 03 02 20 45 00 1 9999.000
2014 03 02 21 00 00 1 9999.000
2014 03 02 21 15 00 1 9999.000
2014 03 02 21 30 00 1 9999.000
2014 03 02 21 45 00 1 9999.000
2014 03 02 22 00 00 1 9999.000
2014 03 02 22 15 00 1 9999.000
2014 03 02 22 30 00 1 9999.000
2014 03 02 22 45 00 1 9999.000
2014 03 02 23 00 00 1 9999.000
2014 03 02 23 15 00 1 9999.000
2014 03 02 23 30 00 1 9999.000
2014 03 02 23 45 00 1 9999.000
2014 03 03 00 00 00 1 9999.000
2014 03 03 00 15 00 1 9999.000
2014 03 03 00 30 00 1 9999.000
2014 03 03 00 45 00 1 9999.000
2014 03 03 01 00 00 1 9999.000
2014 03 03 01 15 00 1 9999.000
2014 03 03 01 30 00 1 9999.000
2014 03 03 01 45 00 1 9999.000
2014 03 03 02 00 00 1 9999.000
2014 03 03 02 15 00 1 9999.000
2014 03 03 02 30 00 1 9999.000
2014 03 03 02 45 00 1 9999.000
2014 03 03 03 00 00 1 9999.000
2014 03 03 03 15 00 1 9999.000
2014 03 03 03 30 00 1 9999.000
2014 03 03 03 45 00 1 9999.000
2014 03 03 04 00 00 1 9999.000
2014 03 03 04 15 00 1 9999.000
2014 03 03 04 30 00 1 9999.000
2014 03 03 04 45 00 1 9999.000
2014 03 03 05 00 00 1 9999.000
2014 03 03 05 15 00 1 9999.000
2014 03 03 05 30 00 1 9999.000
2014 03 03 05 45 00 1 9999.000
2014 03 03 06 00 00 1 9999.000
2014 03 03 06 15 00 1 9999.000
2014 03 03 06 30 00 1 9999.000
2014 03 03 06 45 00 1 9999.000
2014 03 03 07 00 00 1 9999.000
2014 03 03 07 15 00 1 9999.000
2014 03 03 07 30 00 1 9999.000
2014 03 03 07 45 00 1 9999.000
2014 03 03 08 00 00 1 9999.000
2014 03 03 08 15 00 1 9999.000
2014 03 03 08 30 00 1 9999.000
2014 03 03 08 45 00 1 9999.000
2014 03 03 09 00 00 1 9999.000
2014 03 03 09 15 00 1 9999.000
2014 03 03 09 30 00 1 9999.000
2014 03 03 09 45 00 1 9999.000
2014 03 03 10 00 00 1 9999.000
2014 03 03 10 15 00 1 9999.000
2014 03 03 10 30 00 1 9999.000
2014 03 03 10 45 00 1 9999.000
2014 03 03 11 00 00 1 9999.000
2014 03 03 11 15 00 1 9999.000
2014 03 03 11 30 00 1 9999.000
2014 03 03 11 45 00 1 9999.000
2014 03 03 12 00 00 1 9999.000
2014 03 03 12 15 00 1 9999.000
2014 03 03 12 30 00 1 9999.000
2014 03 03 12 45 00 1 9999.000
2014 03 03 13 00 00 1 9999.000
2014 03 03 13 15 00 1 9999.000
2014 03 03 13 30 00 1 9999.000
2014 03 03 13 45 00 1 9999.000
2014 03 03 14 00 00 1 9999.000
2014 03 03 14 15 00 1 9999.000
2014 03 03 14 30 00 1 9999.000
2014 03 03 14 45 00 1 9999.000
2014 03 03 15 00 00 1 9999.000
2014 03 03 15 15 00 1 9999.000
2014 03 03 15 30 00 1 9999.000
2014 03 03 15 45 00 1 9999.000
2014 03 03 16 00 00 1 9999.000
2014 03 03 16 15 00 1 9999.000
2014 03 03 16 30 00 1 9999.000
2014 03 03 16 45 00 1 9999.000
2014 03 03 17 00 00 1 9999.000
2014 03 03 17 15 00 1 9999.000
2014 03 03 17 30 00 1 9999.000
2014 03 03 17 45 00 1 9999.000
2014 03 03 18 00 00 1 9999.000
2014 03 03 18 15 00 1 9999.000
2014 03 03 18 30 00 1 9999.000
2014 03 03 18 45 00 1 9999.000
2014 03 03 19 00 00 1 9999.000
2014 03 03 19 15 00 1 9999.000
2014 03 03 19 30 00 1 9999.000
2014 03 03 19 45 00 1 9999.000
2014 03 03 20 00 00 1 9999.000
2014 03 03 20 15 00 1 9999.000
2014 03 03 20 30 00 1 9999.000
2014 03 03 20 45 00 1 9999.000
2014 03 03 21 00 00 1 9999.000
2014 03 03 21 15 00 1 9999.000
2014 03 03 21 30 00 1 9999.000
2014 03 03 21 45 00 1 9999.000
2014 03 03 22 00 00 1 9999.000
2014 03 03 22 15 00 1 9999.000
2014 03 03 22 30 00 1 9999.000
2014 03 03 22 45 00 1 9999.000
2014 03 03 23 00 00 1 9999.000
2014 03 03 23 15 00 1 9999.000
2014 03 03 23 30 00 1 9999.000
2014 03 03 23 45 00 1 9999.000
2014 03 04 00 00 00 1 9999.000
2014 03 04 00 15 00 1 9999.000
2014 03 04 00 30 00 1 9999.000
2014 03 04 00 45 00 1 9999.000
2014 03 04 01 00 00 1 9999.000
2014 03 04 01 15 00 1 9999.000
2014 03 04 01 30 00 1 9999.000
2014 03 04 01 45 00 1 9999.000
2014 03 04 02 00 00 1 9999.000
2014 03 04 02 15 00 1 9999.000
2014 03 04 02 30 00 1 9999.000
2014 03 04 02 45 00 1 9999.000
2014 03 04 03 00 00 1 9999.000
2014 03 04 03 15 00 1 9999.000
2014 03 04 03 30 00 1 9999.000
2014 03 04 03 45 00 1 9999.000
2014 03 04 04 00 00 1 9999.000
2014 03 04 04 15 00 1 9999.000
2014 03 04 04 30 00 1 9999.000
2014 03 04 04 45 00 1 9999.000
2014 03 04 05 00 00 1 9999.000
2014 03 04 05 15 00 1 9999.000
2014 03 04 05 30 00 1 9999.000
2014 03 04 05 45 00 1 9999.000
2014 03 04 06 00 00 1 9999.000
2014 03 04 06 15 00 1 9999.000
2014 03 04 06 30 00 1 9999.000
2014 03 04 06 45 00 1 9999.000
2014 03 04 07 00 00 1 9999.000
2014 03 04 07 15 00 1 9999.000
2014 03 04 07 30 00 1 9999.000
2014 03 04 07 45 00 1 9999.000
2014 03 04 08 00 00 1 9999.000
2014 03 04 08 15 00 1 9999.000
2014 03 04 08 30 00 1 9999.000
2014 03 04 08 45 00 1 9999.000
2014 03 04 09 00 00 1 9999.000
2014 03 04 09 15 00 1 9999.000
2014 03 04 09 30 00 1 9999.000
2014 03 04 09 45 00 1 9999.000
2014 03 04 10 00 00 1 9999.000
2014 03 04 10 15 00 1 9999.000
2014 03 04 10 30 00 1 9999.000
2014 03 04 10 45 00 1 9999.000
2014 03 04 11 00 00 1 9999.000
2014 03 04 11 15 00 1 9999.000
2014 03 04 11 30 00 1 9999.000
2014 03 04 11 45 00 1 9999.000
2014 03 04 12 00 00 1 9999.000
2014 03 04 12 15 00 1 9999.000
2014 03 04 12 30 00 1 9999.000
2014 03 04 12 45 00 1 9999.000
2014 03 04 13 00 00 1 9999.000
2014 03 04 13 15 00 1 9999.000
2014 03 04 13 30 00 1 9999.000
2014 03 04 13 45 00 1 9999.000
2014 03 04 14 00 00 1 9999.000
2014 03 04 14 15 00 1 9999.000
2014 03 04 14 30 00 1 9999.000
2014 03 04 14 45 00 1 9999.000
2014 03 04 15 00 00 1 9999.000
2014 03 04 15 15 00 1 9999.000
2014 03 04 15 30 00 1 9999.000
2014 03 04 15 45 00 1 9999.000
2014 03 04 16 00 00 1 9999.000
2014 03 04 16 15 00 1 9999.000
2014 03 04 16 30 00 1 9999.000
2014 03 04 16 45 00 1 9999.000
2014 03 04 17 00 00 1 9999.000
2014 03 04 17 15 00 1 9999.000
2014 03 04 17 30 00 1 9999.000
2014 03 04 17 45 00 1 9999.000
2014 03 04 18 00 00 1 9999.000
2014 03 04 18 15 00 1 9999.000
2014 03 04 18 30 00 1 9999.000
2014 03 04 18 45 00 1 9999.000
2014 03 04 19 00 00 1 9999.000
2014 03 04 19 15 00 1 9999.000
2014 03 04 19 30 00 1 9999.000
2014 03 04 19 45 00 1 9999.000
2014 03 04 20 00 00 1 9999.000
2014 03 04 20 15 00 1 9999.000
2014 03 04 20 30 00 1 9999.000
2014 03 04 20 45 00 1 9999.000
2014 03 04 21 00 00 1 9999.000
2014 03 04 21 15 00 1 9999.000
2014 03 04 21 30 00 1 9999.000
2014 03 04 21 45 00 1 9999.000
2014 03 04 22 00 00 1 9999.000
2014 03 04 22 15 00 1 9999.000
2014 03 04 22 30 00 1 9999.000
2014 03 04 22 45 00 1 9999.000
2014 03 04 23 00 00 1 9999.000
2014 03 04 23 15 00 1 9999.000
2014 03 04 23 30 00 1 9999.000
2014 03 04 23 45 00 1 9999.000
2014 03 05 00 00 00 1 9999.000
2014 03 05 00 15 00 1 9999.000
2014 03 05 00 30 00 1 9999.000
2014 03 05 00 45 00 1 9999.000
2014 03 05 01 00 00 1 9999.000
2014 03 05 01 15 00 1 9999.000
2014 03 05 01 30 00 1 9999.000
2014 03 05 01 45 00 1 9999.000
2014 03 05 02 00 00 1 9999.000
2014 03 05 02 15 00 1 9999.000
2014 03 05 02 30 00 1 9999.000
2014 03 05 02 45 00 1 9999.000
2014 03 05 03 00 00 1 9999.000
2014 03 05 03 15 00 1 9999.000
2014 03 05 03 30 00 1 9999.000
2014 03 05 03 45 00 1 9999.000
2014 03 05 04 00 00 1 9999.000
2014 03 05 04 15 00 1 9999.000
2014 03 05 04 30 00 1 9999.000
2014 03 05 04 45 00 1 9999.000
2014 03 05 05 00 00 1 9999.000
2014 03 05 05 15 00 1 9999.000
2014 03 05 05 30 00 1 9999.000
2014 03 05 05 45 00 1 9999.000
2014 03 05 06 00 00 1 9999.000
2014 03 05 06 15 00 1 9999.000
2014 03 05 06 30 00 1 9999.000
2014 03 05 06 45 00 1 9999.000
2014 03 05 07 00 00 1 9999.000
2014 03 05 07 15 00 1 9999.000
2014 03 05 07 30 00 1 9999.000
2014 03 05 07 45 00 1 9999.000
2014 03 05 08 00 00 1 9999.000
2014 03 05 08 15 00 1 9999.000
2014 03 05 08 30 00 1 9999.000
2014 03 05 08 45 00 1 9999.000
2014 03 05 09 00 00 1 9999.000
2014 03 05 09 15 00 1 9999.000
2014 03 05 09 30 00 1 9999.000
2014 03 05 09 45 00 1 9999.000
2014 03 05 10 00 00 1 9999.000
2014 03 05 10 15 00 1 9999.000
2014 03 05 10 30 00 1 9999.000
2014 03 05 10 45 00 1 9999.000
2014 03 05 11 00 00 1 9999.000
2014 03 05 11 15 00 1 9999.000
2014 03 05 11 30 00 1 9999.000
2014 03 05 11 45 00 1 9999.000
2014 03 05 12 00 00 1 9999.000
2014 03 05 12 15 00 1 9999.000
2014 03 05 12 30 00 1 9999.000
2014 03 05 12 45 00 1 9999.000
2014 03 05 13 00 00 1 9999.000
2014 03 05 13 15 00 1 9999.000
2014 03 05 13 30 00 1 9999.000
2014 03 05 13 45 00 1 9999.000
2014 03 05 14 00 00 1 9999.000
2014 03 05 14 15 00 1 9999.000
2014 03 05 14 30 00 1 9999.000
2014 03 05 14 45 00 1 9999.000
2014 03 05 15 00 00 1 9999.000
2014 03 05 15 15 00 1 9999.000
2014 03 05 15 30 00 1 9999.000
2014 03 05 15 45 00 1 9999.000
2014 03 05 16 00 00 1 9999.000
2014 03 05 16 15 00 1 9999.000
2014 03 05 16 30 00 1 9999.000
2014 03 05 16 45 00 1 9999.000
2014 03 05 17 00 00 1 9999.000
2014 03 05 17 15 00 1 9999.000
2014 03 05 17 30 00 1 9999.000
2014 03 05 17 45 00 1 9999.000
2014 03 05 18 00 00 1 9999.000
2014 03 05 18 15 00 1 9999.000
2014 03 05 18 30 00 1 9999.000
2014 03 05 18 45 00 1 9999.000
2014 03 05 19 00 00 1 9999.000
2014 03 05 19 15 00 1 9999.000
2014 03 05 19 30 00 1 9999.000
2014 03 05 19 45 00 1 9999.000
2014 03 05 20 00 00 1 9999.000
2014 03 05 20 15 00 1 9999.000
2014 03 05 20 30 00 1 9999.000
2014 03 05 20 45 00 1 9999.000
2014 03 05 21 00 00 1 9999.000
2014 03 05 21 15 00 1 9999.000
2014 03 05 21 30 00 1 9999.000
2014 03 05 21 45 00 1 9999.000
2014 03 05 22 00 00 1 9999.000
2014 03 05 22 15 00 1 9999.000
2014 03 05 22 30 00 1 9999.000
2014 03 05 22 45 00 1 9999.000
2014 03 05 23 00 00 1 9999.000
2014 03 05 23 15 00 1 9999.000
2014 03 05 23 30 00 1 9999.000
2014 03 05 23 45 00 1 9999.000
2014 03 06 00 00 00 1 9999.000
2014 03 06 00 15 00 1 9999.000
2014 03 06 00 30 00 1 9999.000
2014 03 06 00 45 00 1 9999.000
2014 03 06 01 00 00 1 9999.000
2014 03 06 01 15 00 1 9999.000
2014 03 06 01 30 00 1 9999.000
2014 03 06 01 45 00 1 9999.000
2014 03 06 02 00 00 1 9999.000
2014 03 06 02 15 00 1 9999.000
2014 03 06 02 30 00 1 9999.000
2014 03 06 02 45 00 1 9999.000
2014 03 06 03 00 00 1 9999.000
2014 03 06 03 15 00 1 9999.000
2014 03 06 03 30 00 1 9999.000
2014 03 06 03 45 00 1 9999.000
2014 03 06 04 00 00 1 9999.000
2014 03 06 04 15 00 1 9999.000
2014 03 06 04 30 00 1 9999.000
2014 03 06 04 45 00 1 9999.000
2014 03 06 05 00 00 1 9999.000
2014 03 06 05 15 00 1 9999.000
2014 03 06 05 30 00 1 9999.000
2014 03 06 05 45 00 1 9999.000
2014 03 06 06 00 00 1 9999.000
2014 03 06 06 15 00 1 4335.693
2014 03 06 06 30 00 1 4335.679
2014 03 06 06 45 00 1 4335.665
2014 03 06 07 00 00 1 4335.651
2014 03 06 07 15 00 1 4335.639
2014 03 06 07 30 00 1 4335.629
2014 03 06 07 45 00 1 4335.618
2014 03 06 08 00 00 1 4335.609
2014 03 06 08 15 00 1 4335.599
2014 03 06 08 30 00 1 4335.592
2014 03 06 08 45 00 1 4335.590
2014 03 06 09 00 00 1 4335.587
2014 03 06 09 15 00 1 4335.587
2014 03 06 09 30 00 1 4335.589
2014 03 06 09 45 00 1 4335.593
2014 03 06 10 00 00 1 4335.597
2014 03 06 10 15 00 1 4335.607
2014 03 06 10 30 00 1 4335.617
2014 03 06 10 45 00 1 4335.632
2014 03 06 11 00 00 1 4335.647
2014 03 06 11 15 00 1 4335.664
2014 03 06 11 30 00 1 4335.682
2014 03 06 11 45 00 1 4335.704
2014 03 06 12 00 00 1 4335.724
2014 03 06 12 15 00 1 4335.745
2014 03 06 12 30 00 1 4335.766
2014 03 06 12 45 00 1 4335.787
2014 03 06 13 00 00 1 4335.802
2014 03 06 13 15 00 1 4335.820
2014 03 06 13 30 00 1 4335.838
2014 03 06 13 45 00 1 4335.852
2014 03 06 14 00 00 1 4335.867
2014 03 06 14 15 00 1 4335.881
2014 03 06 14 30 00 1 4335.893
2014 03 06 14 45 00 1 4335.905
2014 03 06 15 00 00 1 4335.915
2014 03 06 15 15 00 1 4335.924
2014 03 06 15 30 00 1 4335.934
2014 03 06 15 45 00 1 4335.938
2014 03 06 16 00 00 1 4335.940
2014 03 06 16 15 00 1 4335.941
2014 03 06 16 30 00 1 4335.938
2014 03 06 16 45 00 1 4335.933
2014 03 06 17 00 00 1 4335.926
2014 03 06 17 15 00 1 4335.920
2014 03 06 17 30 00 1 4335.912
2014 03 06 17 45 00 1 4335.902
2014 03 06 18 00 00 1 4335.891
2014 03 06 18 15 00 1 4335.880
2014 03 06 18 30 00 1 4335.868
2014 03 06 18 45 00 1 4335.852
2014 03 06 19 00 00 1 4335.836
2014 03 06 19 15 00 1 4335.823
2014 03 06 19 30 00 1 4335.810
2014 03 06 19 45 00 1 4335.796
2014 03 06 20 00 00 1 4335.781
2014 03 06 20 15 00 1 4335.769
2014 03 06 20 30 00 1 4335.756
2014 03 06 20 45 00 1 4335.742
2014 03 06 21 00 00 1 4335.729
2014 03 06 21 15 00 1 4335.717
2014 03 06 21 30 00 1 4335.708
2014 03 06 21 45 00 1 4335.701
2014 03 06 22 00 00 1 4335.694
2014 03 06 22 15 00 1 4335.688
2014 03 06 22 30 00 1 4335.685
2014 03 06 22 45 00 1 4335.681
2014 03 06 23 00 00 1 4335.681
2014 03 06 23 15 00 1 4335.681
2014 03 06 23 30 00 1 4335.685
2014 03 06 23 45 00 1 4335.688
2014 03 07 00 00 00 1 4335.692
2014 03 07 00 15 00 1 4335.696
2014 03 07 00 30 00 1 4335.699
2014 03 07 00 45 00 1 4335.702
2014 03 07 01 00 00 1 4335.707
2014 03 07 01 15 00 1 4335.715
2014 03 07 01 30 00 1 4335.720
2014 03 07 01 45 00 1 4335.721
2014 03 07 02 00 00 1 4335.729
2014 03 07 02 15 00 1 4335.736
2014 03 07 02 30 00 1 4335.739
2014 03 07 02 45 00 1 4335.746
2014 03 07 03 00 00 1 4335.752
2014 03 07 03 15 00 1 4335.753
2014 03 07 03 30 00 1 4335.753
2014 03 07 03 45 00 1 4335.755
2014 03 07 04 00 00 1 4335.757
2014 03 07 04 15 00 1 4335.753
2014 03 07 04 30 00 1 4335.750
2014 03 07 04 45 00 1 4335.745
2014 03 07 05 00 00 1 4335.741
2014 03 07 05 15 00 1 4335.735
2014 03 07 05 30 00 1 4335.727
2014 03 07 05 45 00 1 4335.722
2014 03 07 06 00 00 1 4335.714
2014 03 07 06 15 00 1 4335.707
2014 03 07 06 30 00 1 4335.698
2014 03 07 06 45 00 1 4335.688
2014 03 07 07 00 00 1 4335.677
2014 03 07 07 15 00 1 4335.664
2014 03 07 07 30 00 1 4335.649
2014 03 07 07 45 00 1 4335.638
2014 03 07 08 00 00 1 4335.628
2014 03 07 08 15 00 1 4335.617
2014 03 07 08 30 00 1 4335.607
2014 03 07 08 45 00 1 4335.596
2014 03 07 09 00 00 1 4335.591
2014 03 07 09 15 00 1 4335.585
2014 03 07 09 30 00 1 4335.579
2014 03 07 09 45 00 1 4335.574
2014 03 07 10 00 00 1 4335.574
2014 03 07 10 15 00 1 4335.572
2014 03 07 10 30 00 1 4335.575
2014 03 07 10 45 00 1 4335.578
2014 03 07 11 00 00 1 4335.587
2014 03 07 11 15 00 1 4335.597
2014 03 07 11 30 00 1 4335.606
2014 03 07 11 45 00 1 4335.619
2014 03 07 12 00 00 1 4335.633
2014 03 07 12 15 00 1 4335.647
2014 03 07 12 30 00 1 4335.664
2014 03 07 12 45 00 1 4335.683
2014 03 07 13 00 00 1 4335.701
2014 03 07 13 15 00 1 4335.721
2014 03 07 13 30 00 1 4335.741
2014 03 07 13 45 00 1 4335.759
2014 03 07 14 00 00 1 4335.777
2014 03 07 14 15 00 1 4335.794
2014 03 07 14 30 00 1 4335.810
2014 03 07 14 45 00 1 4335.825
2014 03 07 15 00 00 1 4335.843
2014 03 07 15 15 00 1 4335.860
2014 03 07 15 30 00 1 4335.874
2014 03 07 15 45 00 1 4335.890
2014 03 07 16 00 00 1 4335.900
2014 03 07 16 15 00 1 4335.912
2014 03 07 16 30 00 1 4335.923
2014 03 07 16 45 00 1 4335.930
2014 03 07 17 00 00 1 4335.935
2014 03 07 17 15 00 1 4335.939
2014 03 07 17 30 00 1 4335.940
2014 03 07 17 45 00 1 4335.944
2014 03 07 18 00 00 1 4335.939
2014 03 07 18 15 00 1 4335.935
2014 03 07 18 30 00 1 4335.930
2014 03 07 18 45 00 1 4335.921
2014 03 07 19 00 00 1 4335.910
2014 03 07 19 15 00 1 4335.901
2014 03 07 19 30 00 1 4335.891
2014 03 07 19 45 00 1 4335.878
2014 03 07 20 00 00 1 4335.866
2014 03 07 20 15 00 1 4335.851
2014 03 07 20 30 00 1 4335.836
2014 03 07 20 45 00 1 4335.822
2014 03 07 21 00 00 1 4335.808
2014 03 07 21 15 00 1 4335.792
2014 03 07 21 30 00 1 4335.776
2014 03 07 21 45 00 1 4335.761
2014 03 07 22 00 00 1 4335.748
2014 03 07 22 15 00 1 4335.730
2014 03 07 22 30 00 1 4335.721
2014 03 07 22 45 00 1 4335.711
2014 03 07 23 00 00 1 4335.699
2014 03 07 23 15 00 1 4335.689
2014 03 07 23 30 00 1 4335.683
2014 03 07 23 45 00 1 4335.679
2014 03 08 00 00 00 1 4335.677
2014 03 08 00 15 00 1 4335.674
2014 03 08 00 30 00 1 4335.671
2014 03 08 00 45 00 1 4335.669
2014 03 08 01 00 00 1 4335.666
2014 03 08 01 15 00 1 4335.667
2014 03 08 01 30 00 1 4335.670
2014 03 08 01 45 00 1 4335.671
2014 03 08 02 00 00 1 4335.675
2014 03 08 02 15 00 1 4335.679
2014 03 08 02 30 00 1 4335.684
2014 03 08 02 45 00 1 4335.688
2014 03 08 03 00 00 1 4335.692
2014 03 08 03 15 00 1 4335.698
2014 03 08 03 30 00 1 4335.701
2014 03 08 03 45 00 1 4335.703
2014 03 08 04 00 00 1 4335.707
2014 03 08 04 15 00 1 4335.712
2014 03 08 04 30 00 1 4335.716
2014 03 08 04 45 00 1 4335.719
2014 03 08 05 00 00 1 4335.721
2014 03 08 05 15 00 1 4335.722
2014 03 08 05 30 00 1 4335.722
2014 03 08 05 45 00 1 4335.724
2014 03 08 06 00 00 1 4335.720
2014 03 08 06 15 00 1 4335.718
2014 03 08 06 30 00 1 4335.714
2014 03 08 06 45 00 1 4335.711
2014 03 08 07 00 00 1 4335.705
2014 03 08 07 15 00 1 4335.698
2014 03 08 07 30 00 1 4335.690
2014 03 08 07 45 00 1 4335.681
2014 03 08 08 00 00 1 4335.670
2014 03 08 08 15 00 1 4335.660
2014 03 08 08 30 00 1 4335.648
2014 03 08 08 45 00 1 4335.633
2014 03 08 09 00 00 1 4335.623
2014 03 08 09 15 00 1 4335.614
2014 03 08 09 30 00 1 4335.607
2014 03 08 09 45 00 1 4335.598
2014 03 08 10 00 00 1 4335.588
2014 03 08 10 15 00 1 4335.581
2014 03 08 10 30 00 1 4335.575
2014 03 08 10 45 00 1 4335.575
2014 03 08 11 00 00 1 4335.571
2014 03 08 11 15 00 1 4335.569
2014 03 08 11 30 00 1 4335.569
2014 03 08 11 45 00 1 4335.575
2014 03 08 12 00 00 1 4335.577
2014 03 08 12 15 00 1 4335.585
2014 03 08 12 30 00 1 4335.596
2014 03 08 12 45 00 1 4335.608
2014 03 08 13 00 00 1 4335.621
2014 03 08 13 15 00 1 4335.635
2014 03 08 13 30 00 1 4335.650
2014 03 08 13 45 00 1 4335.667
2014 03 08 14 00 00 1 4335.685
2014 03 08 14 15 00 1 4335.703
2014 03 08 14 30 00 1 4335.722
2014 03 08 14 45 00 1 4335.740
2014 03 08 15 00 00 1 4335.760
2014 03 08 15 15 00 1 4335.779
2014 03 08 15 30 00 1 4335.800
2014 03 08 15 45 00 1 4335.817
2014 03 08 16 00 00 1 4335.835
2014 03 08 16 15 00 1 4335.854
2014 03 08 16 30 00 1 4335.870
2014 03 08 16 45 00 1 4335.886
2014 03 08 17 00 00 1 4335.898
2014 03 08 17 15 00 1 4335.911
2014 03 08 17 30 00 1 4335.924
2014 03 08 17 45 00 1 4335.932
2014 03 08 18 00 00 1 4335.937
2014 03 08 18 15 00 1 4335.941
2014 03 08 18 30 00 1 4335.943
2014 03 08 18 45 00 1 4335.942
2014 03 08 19 00 00 1 4335.940
2014 03 08 19 15 00 1 4335.934
2014 03 08 19 30 00 1 4335.928
2014 03 08 19 45 00 1 4335.918
2014 03 08 20 00 00 1 4335.909
2014 03 08 20 15 00 1 4335.900
2014 03 08 20 30 00 1 4335.888
2014 03 08 20 45 00 1 4335.873
2014 03 08 21 00 00 1 4335.857
2014 03 08 21 15 00 1 4335.839
2014 03 08 21 30 00 1 4335.820
2014 03 08 21 45 00 1 4335.804
2014 03 08 22 00 00 1 4335.786
2014 03 08 22 15 00 1 4335.768
2014 03 08 22 30 00 1 4335.751
2014 03 08 22 45 00 1 4335.733
2014 03 08 23 00 00 1 4335.718
2014 03 08 23 15 00 1 4335.703
2014 03 08 23 30 00 1 4335.686
2014 03 08 23 45 00 1 4335.671
2014 03 09 00 00 00 1 4335.658
2014 03 09 00 15 00 1 4335.647
2014 03 09 00 30 00 1 4335.638
2014 03 09 00 45 00 1 4335.628
2014 03 09 01 00 00 1 4335.621
2014 03 09 01 15 00 1 4335.615
2014 03 09 01 30 00 1 4335.610
2014 03 09 01 45 00 1 4335.607
2014 03 09 02 00 00 1 4335.607
2014 03 09 02 15 00 1 4335.607
2014 03 09 02 30 00 1 4335.611
2014 03 09 02 45 00 1 4335.615
2014 03 09 03 00 00 1 4335.618
2014 03 09 03 15 00 1 4335.622
2014 03 09 03 30 00 1 4335.626
2014 03 09 03 45 00 1 4335.631
2014 03 09 04 00 00 1 4335.637
2014 03 09 04 15 00 1 4335.644
2014 03 09 04 30 00 1 4335.648
2014 03 09 04 45 00 1 4335.649
2014 03 09 05 00 00 1 4335.658
2014 03 09 05 15 00 1 4335.666
2014 03 09 05 30 00 1 4335.673
2014 03 09 05 45 00 1 4335.678
2014 03 09 06 00 00 1 4335.685
2014 03 09 06 15 00 1 4335.686
2014 03 09 06 30 00 1 4335.691
2014 03 09 06 45 00 1 4335.688
2014 03 09 07 00 00 1 4335.686
2014 03 09 07 15 00 1 4335.686
2014 03 09 07 30 00 1 4335.681
2014 03 09 07 45 00 1 4335.678
2014 03 09 08 00 00 1 4335.674
2014 03 09 08 15 00 1 4335.666
2014 03 09 08 30 00 1 4335.659
2014 03 09 08 45 00 1 4335.650
2014 03 09 09 00 00 1 4335.643
2014 03 09 09 15 00 1 4335.632
2014 03 09 09 30 00 1 4335.620
2014 03 09 09 45 00 1 4335.609
2014 03 09 10 00 00 1 4335.599
2014 03 09 10 15 00 1 4335.589
2014 03 09 10 30 00 1 4335.580
2014 03 09 10 45 00 1 4335.574
2014 03 09 11 00 00 1 4335.567
2014 03 09 11 15 00 1 4335.561
2014 03 09 11 30 00 1 4335.555
2014 03 09 11 45 00 1 4335.553
2014 03 09 12 00 00 1 4335.550
2014 03 09 12 15 00 1 4335.551
2014 03 09 12 30 00 1 4335.554
2014 03 09 12 45 00 1 4335.559
2014 03 09 13 00 00 1 4335.564
2014 03 09 13 15 00 1 4335.572
2014 03 09 13 30 00 1 4335.584
2014 03 09 13 45 00 1 4335.595
2014 03 09 14 00 00 1 4335.610
2014 03 09 14 15 00 1 4335.626
2014 03 09 14 30 00 1 4335.642
2014 03 09 14 45 00 1 4335.662
2014 03 09 15 00 00 1 4335.680
2014 03 09 15 15 00 1 4335.701
2014 03 09 15 30 00 1 4335.723
2014 03 09 15 45 00 1 4335.744
2014 03 09 16 00 00 1 4335.767
2014 03 09 16 15 00 1 4335.790
2014 03 09 16 30 00 1 4335.813
2014 03 09 16 45 00 1 4335.833
2014 03 09 17 00 00 1 4335.853
2014 03 09 17 15 00 1 4335.870
2014 03 09 17 30 00 1 4335.886
2014 03 09 17 45 00 1 4335.898
2014 03 09 18 00 00 1 4335.911
2014 03 09 18 15 00 1 4335.923
2014 03 09 18 30 00 1 4335.931
2014 03 09 18 45 00 1 4335.939
2014 03 09 19 00 00 1 4335.942
2014 03 09 19 15 00 1 4335.944
2014 03 09 19 30 00 1 4335.942
2014 03 09 19 45 00 1 4335.941
2014 03 09 20 00 00 1 4335.936
2014 03 09 20 15 00 1 4335.933
2014 03 09 20 30 00 1 4335.924
2014 03 09 20 45 00 1 4335.915
2014 03 09 21 00 00 1 4335.901
2014 03 09 21 15 00 1 4335.884
2014 03 09 21 30 00 1 4335.870
2014 03 09 21 45 00 1 4335.851
2014 03 09 22 00 00 1 4335.832
2014 03 09 22 15 00 1 4335.816
2014 03 09 22 30 00 1 4335.797
2014 03 09 22 45 00 1 4335.778
2014 03 09 23 00 00 1 4335.757
2014 03 09 23 15 00 1 4335.735
2014 03 09 23 30 00 1 4335.718
2014 03 09 23 45 00 1 4335.703
2014 03 10 00 00 00 1 4335.685
2014 03 10 00 15 00 1 4335.668
2014 03 10 00 30 00 1 4335.657
2014 03 10 00 45 00 1 4335.643
2014 03 10 01 00 00 1 4335.630
2014 03 10 01 15 00 1 4335.618
2014 03 10 01 30 00 1 4335.605
2014 03 10 01 45 00 1 4335.600
2014 03 10 02 00 00 1 4335.597
2014 03 10 02 15 00 1 4335.592
2014 03 10 02 30 00 1 4335.592
2014 03 10 02 45 00 1 4335.593
2014 03 10 03 00 00 1 4335.595
2014 03 10 03 15 00 1 4335.598
2014 03 10 03 30 00 1 4335.599
2014 03 10 03 45 00 1 4335.602
2014 03 10 04 00 00 1 4335.607
2014 03 10 04 15 00 1 4335.611
2014 03 10 04 30 00 1 4335.619
2014 03 10 04 45 00 1 4335.624
2014 03 10 05 00 00 1 4335.632
2014 03 10 05 15 00 1 4335.643
2014 03 10 05 30 00 1 4335.653
2014 03 10 05 45 00 1 4335.659
2014 03 10 06 00 00 1 4335.667
2014 03 10 06 15 00 1 4335.677
2014 03 10 06 30 00 1 4335.683
2014 03 10 06 45 00 1 4335.690
2014 03 10 07 00 00 1 4335.695
2014 03 10 07 15 00 1 4335.697
2014 03 10 07 30 00 1 4335.699
2014 03 10 07 45 00 1 4335.699
2014 03 10 08 00 00 1 4335.698
2014 03 10 08 15 00 1 4335.694
2014 03 10 08 30 00 1 4335.691
2014 03 10 08 45 00 1 4335.685
2014 03 10 09 00 00 1 4335.676
2014 03 10 09 15 00 1 4335.668
2014 03 10 09 30 00 1 4335.662
2014 03 10 09 45 00 1 4335.652
2014 03 10 10 00 00 1 4335.642
2014 03 10 10 15 00 1 4335.631
2014 03 10 10 30 00 1 4335.617
2014 03 10 10 45 00 1 4335.607
2014 03 10 11 00 00 1 4335.597
2014 03 10 11 15 00 1 4335.589
2014 03 10 11 30 00 1 4335.580
2014 03 10 11 45 00 1 4335.573
2014 03 10 12 00 00 1 4335.568
2014 03 10 12 15 00 1 4335.563
2014 03 10 12 30 00 1 4335.561
2014 03 10 12 45 00 1 4335.558
2014 03 10 13 00 00 1 4335.557
2014 03 10 13 15 00 1 4335.562
2014 03 10 13 30 00 1 4335.564
2014 03 10 13 45 00 1 4335.570
2014 03 10 14 00 00 1 4335.578
2014 03 10 14 15 00 1 4335.590
2014 03 10 14 30 00 1 4335.602
2014 03 10 14 45 00 1 4335.613
2014 03 10 15 00 00 1 4335.631
2014 03 10 15 15 00 1 4335.653
2014 03 10 15 30 00 1 4335.673
2014 03 10 15 45 00 1 4335.696
2014 03 10 16 00 00 1 4335.719
2014 03 10 16 15 00 1 4335.741
2014 03 10 16 30 00 1 4335.768
2014 03 10 16 45 00 1 4335.790
2014 03 10 17 00 00 1 4335.815
2014 03 10 17 15 00 1 4335.838
2014 03 10 17 30 00 1 4335.857
2014 03 10 17 45 00 1 4335.878
2014 03 10 18 00 00 1 4335.894
2014 03 10 18 15 00 1 4335.911
2014 03 10 18 30 00 1 4335.925
2014 03 10 18 45 00 1 4335.937
2014 03 10 19 00 00 1 4335.950
2014 03 10 19 15 00 1 4335.959
2014 03 10 19 30 00 1 4335.965
2014 03 10 19 45 00 1 4335.969
2014 03 10 20 00 00 1 4335.970
2014 03 10 20 15 00 1 4335.968
2014 03 10 20 30 00 1 4335.968
2014 03 10 20 45 00 1 4335.961
2014 03 10 21 00 00 1 4335.953
2014 03 10 21 15 00 1 4335.941
2014 03 10 21 30 00 1 4335.930
2014 03 10 21 45 00 1 4335.915
2014 03 10 22 00 00 1 4335.901
2014 03 10 22 15 00 1 4335.882
2014 03 10 22 30 00 1 4335.862
2014 03 10 22 45 00 1 4335.842
2014 03 10 23 00 00 1 4335.821
2014 03 10 23 15 00 1 4335.801
2014 03 10 23 30 00 1 4335.782
2014 03 10 23 45 00 1 4335.763
2014 03 11 00 00 00 1 4335.741
2014 03 11 00 15 00 1 4335.722
2014 03 11 00 30 00 1 4335.705
2014 03 11 00 45 00 1 4335.683
2014 03 11 01 00 00 1 4335.665
2014 03 11 01 15 00 1 4335.649
2014 03 11 01 30 00 1 4335.635
2014 03 11 01 45 00 1 4335.622
2014 03 11 02 00 00 1 4335.612
2014 03 11 02 15 00 1 4335.604
2014 03 11 02 30 00 1 4335.600
2014 03 11 02 45 00 1 4335.594
2014 03 11 03 00 00 1 4335.592
2014 03 11 03 15 00 1 4335.592
2014 03 11 03 30 00 1 4335.594
2014 03 11 03 45 00 1 4335.598
2014 03 11 04 00 00 1 4335.604
2014 03 11 04 15 00 1 4335.611
2014 03 11 04 30 00 1 4335.616
2014 03 11 04 45 00 1 4335.623
2014 03 11 05 00 00 1 4335.632
2014 03 11 05 15 00 1 4335.637
2014 03 11 05 30 00 1 4335.647
2014 03 11 05 45 00 1 4335.657
2014 03 11 06 00 00 1 4335.669
2014 03 11 06 15 00 1 4335.678
2014 03 11 06 30 00 1 4335.687
2014 03 11 06 45 00 1 4335.691
2014 03 11 07 00 00 1 4335.698
2014 03 11 07 15 00 1 4335.703
2014 03 11 07 30 00 1 4335.706
2014 03 11 07 45 00 1 4335.709
2014 03 11 08 00 00 1 4335.709
2014 03 11 08 15 00 1 4335.707
2014 03 11 08 30 00 1 4335.706
2014 03 11 08 45 00 1 4335.704
2014 03 11 09 00 00 1 4335.700
2014 03 11 09 15 00 1 4335.694
2014 03 11 09 30 00 1 4335.684
2014 03 11 09 45 00 1 4335.674
2014 03 11 10 00 00 1 4335.664
2014 03 11 10 15 00 1 4335.655
2014 03 11 10 30 00 1 4335.643
2014 03 11 10 45 00 1 4335.629
2014 03 11 11 00 00 1 4335.618
2014 03 11 11 15 00 1 4335.603
2014 03 11 11 30 00 1 4335.589
2014 03 11 11 45 00 1 4335.576
2014 03 11 12 00 00 1 4335.564
2014 03 11 12 15 00 1 4335.554
2014 03 11 12 30 00 1 4335.544
2014 03 11 12 45 00 1 4335.536
2014 03 11 13 00 00 1 4335.531
2014 03 11 13 15 00 1 4335.529
2014 03 11 13 30 00 1 4335.528
2014 03 11 13 45 00 1 4335.528
2014 03 11 14 00 00 1 4335.526
2014 03 11 14 15 00 1 4335.533
2014 03 11 14 30 00 1 4335.539
2014 03 11 14 45 00 1 4335.550
2014 03 11 15 00 00 1 4335.563
2014 03 11 15 15 00 1 4335.576
2014 03 11 15 30 00 1 4335.592
2014 03 11 15 45 00 1 4335.612
2014 03 11 16 00 00 1 4335.634
2014 03 11 16 15 00 1 4335.655
2014 03 11 16 30 00 1 4335.678
2014 03 11 16 45 00 1 4335.704
2014 03 11 17 00 00 1 4335.729
2014 03 11 17 15 00 1 4335.756
2014 03 11 17 30 00 1 4335.779
2014 03 11 17 45 00 1 4335.804
2014 03 11 18 00 00 1 4335.824
2014 03 11 18 15 00 1 4335.846
2014 03 11 18 30 00 1 4335.866
2014 03 11 18 45 00 1 4335.884
2014 03 11 19 00 00 1 4335.900
2014 03 11 19 15 00 1 4335.914
2014 03 11 19 30 00 1 4335.925
2014 03 11 19 45 00 1 4335.935
2014 03 11 20 00 00 1 4335.945
2014 03 11 20 15 00 1 4335.950
2014 03 11 20 30 00 1 4335.951
2014 03 11 20 45 00 1 4335.954
2014 03 11 21 00 00 1 4335.950
2014 03 11 21 15 00 1 4335.946
2014 03 11 21 30 00 1 4335.936
2014 03 11 21 45 00 1 4335.923
2014 03 11 22 00 00 1 4335.911
2014 03 11 22 15 00 1 4335.895
2014 03 11 22 30 00 1 4335.876
2014 03 11 22 45 00 1 4335.856
2014 03 11 23 00 00 1 4335.835
2014 03 11 23 15 00 1 4335.817
2014 03 11 23 30 00 1 4335.799
2014 03 11 23 45 00 1 4335.775
2014 03 12 00 00 00 1 4335.754
2014 03 12 00 15 00 1 4335.732
2014 03 12 00 30 00 1 4335.708
2014 03 12 00 45 00 1 4335.690
2014 03 12 01 00 00 1 4335.672
2014 03 12 01 15 00 1 4335.653
2014 03 12 01 30 00 1 4335.639
2014 03 12 01 45 00 1 4335.623
2014 03 12 02 00 00 1 4335.610
2014 03 12 02 15 00 1 4335.597
2014 03 12 02 30 00 1 4335.587
2014 03 12 02 45 00 1 4335.582
2014 03 12 03 00 00 1 4335.573
2014 03 12 03 15 00 1 4335.571
2014 03 12 03 30 00 1 4335.565
2014 03 12 03 45 00 1 4335.568
2014 03 12 04 00 00 1 4335.571
2014 03 12 04 15 00 1 4335.576
2014 03 12 04 30 00 1 4335.581
2014 03 12 04 45 00 1 4335.590
2014 03 12 05 00 00 1 4335.603
2014 03 12 05 15 00 1 4335.612
2014 03 12 05 30 00 1 4335.625
2014 03 12 05 45 00 1 4335.634
2014 03 12 06 00 00 1 4335.645
2014 03 12 06 15 00 1 4335.659
2014 03 12 06 30 00 1 4335.670
2014 03 12 06 45 00 1 4335.681
2014 03 12 07 00 00 1 4335.687
2014 03 12 07 15 00 1 4335.697
2014 03 12 07 30 00 1 4335.702
2014 03 12 07 45 00 1 4335.707
2014 03 12 08 00 00 1 4335.713
2014 03 12 08 15 00 1 4335.715
2014 03 12 08 30 00 1 4335.716
2014 03 12 08 45 00 1 4335.715
2014 03 12 09 00 00 1 4335.712
2014 03 12 09 15 00 1 4335.708
2014 03 12 09 30 00 1 4335.699
2014 03 12 09 45 00 1 4335.694
2014 03 12 10 00 00 1 4335.683
2014 03 12 10 15 00 1 4335.673
2014 03 12 10 30 00 1 4335.664
2014 03 12 10 45 00 1 4335.650
2014 03 12 11 00 00 1 4335.637
2014 03 12 11 15 00 1 4335.624
2014 03 12 11 30 00 1 4335.608
2014 03 12 11 45 00 1 4335.598
2014 03 12 12 00 00 1 4335.582
2014 03 12 12 15 00 1 4335.570
2014 03 12 12 30 00 1 4335.556
2014 03 12 12 45 00 1 4335.547
2014 03 12 13 00 00 1 4335.536
2014 03 12 13 15 00 1 4335.526
2014 03 12 13 30 00 1 4335.521
2014 03 12 13 45 00 1 4335.518
2014 03 12 14 00 00 1 4335.511
2014 03 12 14 15 00 1 4335.511
2014 03 12 14 30 00 1 4335.511
2014 03 12 14 45 00 1 4335.512
2014 03 12 15 00 00 1 4335.519
2014 03 12 15 15 00 1 4335.526
2014 03 12 15 30 00 1 4335.542
2014 03 12 15 45 00 1 4335.558
2014 03 12 16 00 00 1 4335.577
2014 03 12 16 15 00 1 4335.595
2014 03 12 16 30 00 1 4335.619
2014 03 12 16 45 00 1 4335.640
2014 03 12 17 00 00 1 4335.668
2014 03 12 17 15 00 1 4335.693
2014 03 12 17 30 00 1 4335.721
2014 03 12 17 45 00 1 4335.750
2014 03 12 18 00 00 1 4335.773
2014 03 12 18 15 00 1 4335.800
2014 03 12 18 30 00 1 4335.824
2014 03 12 18 45 00 1 4335.847
2014 03 12 19 00 00 1 4335.866
2014 03 12 19 15 00 1 4335.888
2014 03 12 19 30 00 1 4335.906
2014 03 12 19 45 00 1 4335.922
2014 03 12 20 00 00 1 4335.932
2014 03 12 20 15 00 1 4335.943
2014 03 12 20 30 00 1 4335.953
2014 03 12 20 45 00 1 4335.957
2014 03 12 21 00 00 1 4335.959
2014 03 12 21 15 00 1 4335.957
2014 03 12 21 30 00 1 4335.951
2014 03 12 21 45 00 1 4335.945
2014 03 12 22 00 00 1 4335.934
2014 03 12 22 15 00 1 4335.924
2014 03 12 22 30 00 1 4335.909
2014 03 12 22 45 00 1 4335.891
2014 03 12 23 00 00 1 4335.873
2014 03 12 23 15 00 1 4335.849
2014 03 12 23 30 00 1 4335.829
2014 03 12 23 45 00 1 4335.809
2014 03 13 00 00 00 1 4335.788
2014 03 13 00 15 00 1 4335.767
2014 03 13 00 30 00 1 4335.741
2014 03 13 00 45 00 1 4335.718
2014 03 13 01 00 00 1 4335.696
2014 03 13 01 15 00 1 4335.673
2014 03 13 01 30 00 1 4335.656
2014 03 13 01 45 00 1 4335.636
2014 03 13 02 00 00 1 4335.625
2014 03 13 02 15 00 1 4335.609
2014 03 13 02 30 00 1 4335.597
2014 03 13 02 45 00 1 4335.586
2014 03 13 03 00 00 1 4335.577
2014 03 13 03 15 00 1 4335.566
2014 03 13 03 30 00 1 4335.563
2014 03 13 03 45 00 1 4335.559
2014 03 13 04 00 00 1 4335.562
2014 03 13 04 15 00 1 4335.563
2014 03 13 04 30 00 1 4335.568
2014 03 13 04 45 00 1 4335.575
2014 03 13 05 00 00 1 4335.584
2014 03 13 05 15 00 1 4335.595
2014 03 13 05 30 00 1 4335.606
2014 03 13 05 45 00 1 4335.620
2014 03 13 06 00 00 1 4335.635
2014 03 13 06 15 00 1 4335.650
2014 03 13 06 30 00 1 4335.664
2014 03 13 06 45 00 1 4335.677
2014 03 13 07 00 00 1 4335.693
2014 03 13 07 15 00 1 4335.700
2014 03 13 07 30 00 1 4335.711
2014 03 13 07 45 00 1 4335.722
2014 03 13 08 00 00 1 4335.730
2014 03 13 08 15 00 1 4335.740
2014 03 13 08 30 00 1 4335.743
2014 03 13 08 45 00 1 4335.744
2014 03 13 09 00 00 1 4335.747
2014 03 13 09 15 00 1 4335.744
2014 03 13 09 30 00 1 4335.741
2014 03 13 09 45 00 1 4335.734
2014 03 13 10 00 00 1 4335.733
2014 03 13 10 15 00 1 4335.726
2014 03 13 10 30 00 1 4335.716
2014 03 13 10 45 00 1 4335.702
2014 03 13 11 00 00 1 4335.687
2014 03 13 11 15 00 1 4335.672
2014 03 13 11 30 00 1 4335.662
2014 03 13 11 45 00 1 4335.646
2014 03 13 12 00 00 1 4335.632
2014 03 13 12 15 00 1 4335.619
2014 03 13 12 30 00 1 4335.602
2014 03 13 12 45 00 1 4335.588
2014 03 13 13 00 00 1 4335.575
2014 03 13 13 15 00 1 4335.558
2014 03 13 13 30 00 1 4335.546
2014 03 13 13 45 00 1 4335.537
2014 03 13 14 00 00 1 4335.529
2014 03 13 14 15 00 1 4335.524
2014 03 13 14 30 00 1 4335.516
2014 03 13 14 45 00 1 4335.514
2014 03 13 15 00 00 1 4335.516
2014 03 13 15 15 00 1 4335.520
2014 03 13 15 30 00 1 4335.524
2014 03 13 15 45 00 1 4335.537
2014 03 13 16 00 00 1 4335.548
2014 03 13 16 15 00 1 4335.563
2014 03 13 16 30 00 1 4335.582
2014 03 13 16 45 00 1 4335.606
2014 03 13 17 00 00 1 4335.626
2014 03 13 17 15 00 1 4335.648
2014 03 13 17 30 00 1 4335.673
2014 03 13 17 45 00 1 4335.698
2014 03 13 18 00 00 1 4335.726
2014 03 13 18 15 00 1 4335.753
2014 03 13 18 30 00 1 4335.778
2014 03 13 18 45 00 1 4335.804
2014 03 13 19 00 00 1 4335.830
2014 03 13 19 15 00 1 4335.854
2014 03 13 19 30 00 1 4335.877
2014 03 13 19 45 00 1 4335.897
2014 03 13 20 00 00 1 4335.916
2014 03 13 20 15 00 1 4335.931
2014 03 13 20 30 00 1 4335.945
2014 03 13 20 45 00 1 4335.956
2014 03 13 21 00 00 1 4335.963
2014 03 13 21 15 00 1 4335.969
2014 03 13 21 30 00 1 4335.970
2014 03 13 21 45 00 1 4335.970
2014 03 13 22 00 00 1 4335.968
2014 03 13 22 15 00 1 4335.961
2014 03 13 22 30 00 1 4335.952
2014 03 13 22 45 00 1 4335.939
2014 03 13 23 00 00 1 4335.922
2014 03 13 23 15 00 1 4335.906
2014 03 13 23 30 00 1 4335.886
2014 03 13 23 45 00 1 4335.863
2014 03 14 00 00 00 1 4335.844
2014 03 14 00 15 00 1 4335.820
2014 03 14 00 30 00 1 4335.796
2014 03 14 00 45 00 1 4335.773
2014 03 14 01 00 00 1 4335.747
2014 03 14 01 15 00 1 4335.725
2014 03 14 01 30 00 1 4335.703
2014 03 14 01 45 00 1 4335.683
2014 03 14 02 00 00 1 4335.661
2014 03 14 02 15 00 1 4335.643
2014 03 14 02 30 00 1 4335.627
2014 03 14 02 45 00 1 4335.612
2014 03 14 03 00 00 1 4335.600
2014 03 14 03 15 00 1 4335.594
2014 03 14 03 30 00 1 4335.583
2014 03 14 03 45 00 1 4335.578
2014 03 14 04 00 00 1 4335.573
2014 03 14 04 15 00 1 4335.573
2014 03 14 04 30 00 1 4335.575
2014 03 14 04 45 00 1 4335.578
2014 03 14 05 00 00 1 4335.588
2014 03 14 05 15 00 1 4335.596
2014 03 14 05 30 00 1 4335.609
2014 03 14 05 45 00 1 4335.621
2014 03 14 06 00 00 1 4335.640
2014 03 14 06 15 00 1 4335.654
2014 03 14 06 30 00 1 4335.674
2014 03 14 06 45 00 1 4335.688
2014 03 14 07 00 00 1 4335.703
2014 03 14 07 15 00 1 4335.717
2014 03 14 07 30 00 1 4335.732
2014 03 14 07 45 00 1 4335.746
2014 03 14 08 00 00 1 4335.758
2014 03 14 08 15 00 1 4335.770
2014 03 14 08 30 00 1 4335.778
2014 03 14 08 45 00 1 4335.783
2014 03 14 09 00 00 1 4335.787
2014 03 14 09 15 00 1 4335.791
2014 03 14 09 30 00 1 4335.794
2014 03 14 09 45 00 1 4335.794
2014 03 14 10 00 00 1 4335.790
2014 03 14 10 15 00 1 4335.782
2014 03 14 10 30 00 1 4335.771
2014 03 14 10 45 00 1 4335.762
2014 03 14 11 00 00 1 4335.752
2014 03 14 11 15 00 1 4335.740
2014 03 14 11 30 00 1 4335.724
2014 03 14 11 45 00 1 4335.710
2014 03 14 12 00 00 1 4335.692
2014 03 14 12 15 00 1 4335.676
2014 03 14 12 30 00 1 4335.658
2014 03 14 12 45 00 1 4335.642
2014 03 14 13 00 00 1 4335.624
2014 03 14 13 15 00 1 4335.607
2014 03 14 13 30 00 1 4335.593
2014 03 14 13 45 00 1 4335.577
2014 03 14 14 00 00 1 4335.562
2014 03 14 14 15 00 1 4335.553
2014 03 14 14 30 00 1 4335.544
2014 03 14 14 45 00 1 4335.535
2014 03 14 15 00 00 1 4335.529
2014 03 14 15 15 00 1 4335.526
2014 03 14 15 30 00 1 4335.528
2014 03 14 15 45 00 1 4335.530
2014 03 14 16 00 00 1 4335.536
2014 03 14 16 15 00 1 4335.546
2014 03 14 16 30 00 1 4335.556
2014 03 14 16 45 00 1 4335.571
2014 03 14 17 00 00 1 4335.588
2014 03 14 17 15 00 1 4335.607
2014 03 14 17 30 00 1 4335.629
2014 03 14 17 45 00 1 4335.655
2014 03 14 18 00 00 1 4335.678
2014 03 14 18 15 00 1 4335.704
2014 03 14 18 30 00 1 4335.731
2014 03 14 18 45 00 1 4335.757
2014 03 14 19 00 00 1 4335.784
2014 03 14 19 15 00 1 4335.809
2014 03 14 19 30 00 1 4335.835
2014 03 14 19 45 00 1 4335.857
2014 03 14 20 00 00 1 4335.877
2014 03 14 20 15 00 1 4335.897
2014 03 14 20 30 00 1 4335.915
2014 03 14 20 45 00 1 4335.932
2014 03 14 21 00 00 1 4335.942
2014 03 14 21 15 00 1 4335.951
2014 03 14 21 30 00 1 4335.956
2014 03 14 21 45 00 1 4335.960
2014 03 14 22 00 00 1 4335.962
2014 03 14 22 15 00 1 4335.958
2014 03 14 22 30 00 1 4335.952
2014 03 14 22 45 00 1 4335.944
2014 03 14 23 00 00 1 4335.932
2014 03 14 23 15 00 1 4335.919
2014 03 14 23 30 00 1 4335.905
2014 03 14 23 45 00 1 4335.888
2014 03 15 00 00 00 1 4335.867
2014 03 15 00 15 00 1 4335.846
2014 03 15 00 30 00 1 4335.822
2014 03 15 00 45 00 1 4335.799
2014 03 15 01 00 00 1 4335.774
2014 03 15 01 15 00 1 4335.747
2014 03 15 01 30 00 1 4335.724
2014 03 15 01 45 00 1 4335.700
2014 03 15 02 00 00 1 4335.678
2014 03 15 02 15 00 1 4335.658
2014 03 15 02 30 00 1 4335.638
2014 03 15 02 45 00 1 4335.622
2014 03 15 03 00 00 1 4335.606
2014 03 15 03 15 00 1 4335.591
2014 03 15 03 30 00 1 4335.578
2014 03 15 03 45 00 1 4335.569
2014 03 15 04 00 00 1 4335.560
2014 03 15 04 15 00 1 4335.557
2014 03 15 04 30 00 1 4335.557
2014 03 15 04 45 00 1 4335.556
2014 03 15 05 00 00 1 4335.561
2014 03 15 05 15 00 1 4335.568
2014 03 15 05 30 00 1 4335.578
2014 03 15 05 45 00 1 4335.588
2014 03 15 06 00 00 1 4335.603
2014 03 15 06 15 00 1 4335.619
2014 03 15 06 30 00 1 4335.639
2014 03 15 06 45 00 1 4335.654
2014 03 15 07 00 00 1 4335.671
2014 03 15 07 15 00 1 4335.688
2014 03 15 07 30 00 1 4335.705
2014 03 15 07 45 00 1 4335.721
2014 03 15 08 00 00 1 4335.737
2014 03 15 08 15 00 1 4335.749
2014 03 15 08 30 00 1 4335.760
2014 03 15 08 45 00 1 4335.774
2014 03 15 09 00 00 1 4335.781
2014 03 15 09 15 00 1 4335.787
2014 03 15 09 30 00 1 4335.795
2014 03 15 09 45 00 1 4335.798
2014 03 15 10 00 00 1 4335.803
2014 03 15 10 15 00 1 4335.800
2014 03 15 10 30 00 1 4335.795
2014 03 15 10 45 00 1 4335.787
2014 03 15 11 00 00 1 4335.782
2014 03 15 11 15 00 1 4335.769
2014 03 15 11 30 00 1 4335.757
2014 03 15 11 45 00 1 4335.743
2014 03 15 12 00 00 1 4335.726
2014 03 15 12 15 00 1 4335.711
2014 03 15 12 30 00 1 4335.693
2014 03 15 12 45 00 1 4335.671
2014 03 15 13 00 00 1 4335.652
2014 03 15 13 15 00 1 4335.633
2014 03 15 13 30 00 1 4335.613
2014 03 15 13 45 00 1 4335.597
2014 03 15 14 00 00 1 4335.578
2014 03 15 14 15 00 1 4335.563
2014 03 15 14 30 00 1 4335.563
2014 03 15 14 45 00 1 4335.550
2014 03 15 15 00 00 1 4335.541
2014 03 15 15 15 00 1 4335.533
2014 03 15 15 30 00 1 4335.528
2014 03 15 15 45 00 1 4335.523
2014 03 15 16 00 00 1 4335.524
2014 03 15 16 15 00 1 4335.527
2014 03 15 16 30 00 1 4335.533
2014 03 15 16 45 00 1 4335.541
2014 03 15 17 00 00 1 4335.554
2014 03 15 17 15 00 1 4335.568
2014 03 15 17 30 00 1 4335.583
2014 03 15 17 45 00 1 4335.602
2014 03 15 18 00 00 1 4335.622
2014 03 15 18 15 00 1 4335.649
2014 03 15 18 30 00 1 4335.672
2014 03 15 18 45 00 1 4335.698
2014 03 15 19 00 00 1 4335.724
2014 03 15 19 15 00 1 4335.752
2014 03 15 19 30 00 1 4335.779
2014 03 15 19 45 00 1 4335.804
2014 03 15 20 00 00 1 4335.828
2014 03 15 20 15 00 1 4335.852
2014 03 15 20 30 00 1 4335.872
2014 03 15 20 45 00 1 4335.887
2014 03 15 21 00 00 1 4335.902
2014 03 15 21 15 00 1 4335.916
2014 03 15 21 30 00 1 4335.929
2014 03 15 21 45 00 1 4335.936
2014 03 15 22 00 00 1 4335.942
2014 03 15 22 15 00 1 4335.941
2014 03 15 22 30 00 1 4335.941
2014 03 15 22 45 00 1 4335.937
2014 03 15 23 00 00 1 4335.933
2014 03 15 23 15 00 1 4335.924
2014 03 15 23 30 00 1 4335.915
2014 03 15 23 45 00 1 4335.899
2014 03 16 00 00 00 1 4335.884
2014 03 16 00 15 00 1 4335.867
2014 03 16 00 30 00 1 4335.842
2014 03 16 00 45 00 1 4335.824
2014 03 16 01 00 00 1 4335.800
2014 03 16 01 15 00 1 4335.775
2014 03 16 01 30 00 1 4335.753
2014 03 16 01 45 00 1 4335.727
2014 03 16 02 00 00 1 4335.706
2014 03 16 02 15 00 1 4335.683
2014 03 16 02 30 00 1 4335.662
2014 03 16 02 45 00 1 4335.645
2014 03 16 03 00 00 1 4335.628
2014 03 16 03 15 00 1 4335.610
2014 03 16 03 30 00 1 4335.599
2014 03 16 03 45 00 1 4335.586
2014 03 16 04 00 00 1 4335.576
2014 03 16 04 15 00 1 4335.568
2014 03 16 04 30 00 1 4335.565
2014 03 16 04 45 00 1 4335.563
2014 03 16 05 00 00 1 4335.565
2014 03 16 05 15 00 1 4335.568
2014 03 16 05 30 00 1 4335.574
2014 03 16 05 45 00 1 4335.585
2014 03 16 06 00 00 1 4335.596
2014 03 16 06 15 00 1 4335.610
2014 03 16 06 30 00 1 4335.625
2014 03 16 06 45 00 1 4335.641
2014 03 16 07 00 00 1 4335.659
2014 03 16 07 15 00 1 4335.675
2014 03 16 07 30 00 1 4335.691
2014 03 16 07 45 00 1 4335.710
2014 03 16 08 00 00 1 4335.728
2014 03 16 08 15 00 1 4335.749
2014 03 16 08 30 00 1 4335.767
2014 03 16 08 45 00 1 4335.782
2014 03 16 09 00 00 1 4335.793
2014 03 16 09 15 00 1 4335.804
2014 03 16 09 30 00 1 4335.814
2014 03 16 09 45 00 1 4335.820
2014 03 16 10 00 00 1 4335.828
2014 03 16 10 15 00 1 4335.833
2014 03 16 10 30 00 1 4335.834
2014 03 16 10 45 00 1 4335.833
2014 03 16 11 00 00 1 4335.830
2014 03 16 11 15 00 1 4335.825
2014 03 16 11 30 00 1 4335.816
2014 03 16 11 45 00 1 4335.806
2014 03 16 12 00 00 1 4335.793
2014 03 16 12 15 00 1 4335.776
2014 03 16 12 30 00 1 4335.761
2014 03 16 12 45 00 1 4335.747
2014 03 16 13 00 00 1 4335.729
2014 03 16 13 15 00 1 4335.713
2014 03 16 13 30 00 1 4335.693
2014 03 16 13 45 00 1 4335.672
2014 03 16 14 00 00 1 4335.650
2014 03 16 14 15 00 1 4335.635
2014 03 16 14 30 00 1 4335.619
2014 03 16 14 45 00 1 4335.603
2014 03 16 15 00 00 1 4335.591
2014 03 16 15 15 00 1 4335.577
2014 03 16 15 30 00 1 4335.570
2014 03 16 15 45 00 1 4335.561
2014 03 16 16 00 00 1 4335.558
2014 03 16 16 15 00 1 4335.555
2014 03 16 16 30 00 1 4335.552
2014 03 16 16 45 00 1 4335.552
2014 03 16 17 00 00 1 4335.555
2014 03 16 17 15 00 1 4335.565
2014 03 16 17 30 00 1 4335.577
2014 03 16 17 45 00 1 4335.590
2014 03 16 18 00 00 1 4335.605
2014 03 16 18 15 00 1 4335.621
2014 03 16 18 30 00 1 4335.639
2014 03 16 18 45 00 1 4335.657
2014 03 16 19 00 00 1 4335.680
2014 03 16 19 15 00 1 4335.704
2014 03 16 19 30 00 1 4335.729
2014 03 16 19 45 00 1 4335.753
2014 03 16 20 00 00 1 4335.779
2014 03 16 20 15 00 1 4335.804
2014 03 16 20 30 00 1 4335.825
2014 03 16 20 45 00 1 4335.846
2014 03 16 21 00 00 1 4335.862
2014 03 16 21 15 00 1 4335.880
2014 03 16 21 30 00 1 4335.890
2014 03 16 21 45 00 1 4335.901
2014 03 16 22 00 00 1 4335.920
2014 03 16 22 15 00 1 4335.923
2014 03 16 22 30 00 1 4335.926
2014 03 16 22 45 00 1 4335.925
2014 03 16 23 00 00 1 4335.924
2014 03 16 23 15 00 1 4335.919
2014 03 16 23 30 00 1 4335.914
2014 03 16 23 45 00 1 4335.903
2014 03 17 00 00 00 1 4335.893
2014 03 17 00 15 00 1 4335.876
2014 03 17 00 30 00 1 4335.857
2014 03 17 00 45 00 1 4335.837
2014 03 17 01 00 00 1 4335.817
2014 03 17 01 15 00 1 4335.795
2014 03 17 01 30 00 1 4335.774
2014 03 17 01 45 00 1 4335.751
2014 03 17 02 00 00 1 4335.730
2014 03 17 02 15 00 1 4335.705
2014 03 17 02 30 00 1 4335.684
2014 03 17 02 45 00 1 4335.664
2014 03 17 03 00 00 1 4335.641
2014 03 17 03 15 00 1 4335.622
2014 03 17 03 30 00 1 4335.605
2014 03 17 03 45 00 1 4335.587
2014 03 17 04 00 00 1 4335.578
2014 03 17 04 15 00 1 4335.568
2014 03 17 04 30 00 1 4335.562
2014 03 17 04 45 00 1 4335.555
2014 03 17 05 00 00 1 4335.555
2014 03 17 05 15 00 1 4335.554
2014 03 17 05 30 00 1 4335.559
2014 03 17 05 45 00 1 4335.561
2014 03 17 06 00 00 1 4335.573
2014 03 17 06 15 00 1 4335.582
2014 03 17 06 30 00 1 4335.593
2014 03 17 06 45 00 1 4335.612
2014 03 17 07 00 00 1 4335.627
2014 03 17 07 15 00 1 4335.646
2014 03 17 07 30 00 1 4335.666
2014 03 17 07 45 00 1 4335.685
2014 03 17 08 00 00 1 4335.703
2014 03 17 08 15 00 1 4335.725
2014 03 17 08 30 00 1 4335.744
2014 03 17 08 45 00 1 4335.762
2014 03 17 09 00 00 1 4335.777
2014 03 17 09 15 00 1 4335.796
2014 03 17 09 30 00 1 4335.811
2014 03 17 09 45 00 1 4335.822
2014 03 17 10 00 00 1 4335.832
2014 03 17 10 15 00 1 4335.841
2014 03 17 10 30 00 1 4335.846
2014 03 17 10 45 00 1 4335.853
2014 03 17 11 00 00 1 4335.856
2014 03 17 11 15 00 1 4335.856
2014 03 17 11 30 00 1 4335.854
2014 03 17 11 45 00 1 4335.846
2014 03 17 12 00 00 1 4335.838
2014 03 17 12 15 00 1 4335.828
2014 03 17 12 30 00 1 4335.815
2014 03 17 12 45 00 1 4335.802
2014 03 17 13 00 00 1 4335.786
2014 03 17 13 15 00 1 4335.771
2014 03 17 13 30 00 1 4335.752
2014 03 17 13 45 00 1 4335.736
2014 03 17 14 00 00 1 4335.718
2014 03 17 14 15 00 1 4335.700
2014 03 17 14 30 00 1 4335.682
2014 03 17 14 45 00 1 4335.667
2014 03 17 15 00 00 1 4335.651
2014 03 17 15 15 00 1 4335.634
2014 03 17 15 30 00 1 4335.620
2014 03 17 15 45 00 1 4335.605
2014 03 17 16 00 00 1 4335.594
2014 03 17 16 15 00 1 4335.586
2014 03 17 16 30 00 1 4335.582
2014 03 17 16 45 00 1 4335.579
2014 03 17 17 00 00 1 4335.577
2014 03 17 17 15 00 1 4335.577
2014 03 17 17 30 00 1 4335.579
2014 03 17 17 45 00 1 4335.585
2014 03 17 18 00 00 1 4335.596
2014 03 17 18 15 00 1 4335.606
2014 03 17 18 30 00 1 4335.618
2014 03 17 18 45 00 1 4335.633
2014 03 17 19 00 00 1 4335.648
2014 03 17 19 15 00 1 4335.668
2014 03 17 19 30 00 1 4335.685
2014 03 17 19 45 00 1 4335.707
2014 03 17 20 00 00 1 4335.728
2014 03 17 20 15 00 1 4335.748
2014 03 17 20 30 00 1 4335.767
2014 03 17 20 45 00 1 4335.789
2014 03 17 21 00 00 1 4335.809
2014 03 17 21 15 00 1 4335.825
2014 03 17 21 30 00 1 4335.845
2014 03 17 21 45 00 1 4335.858
2014 03 17 22 00 00 1 4335.870
2014 03 17 22 15 00 1 4335.882
2014 03 17 22 30 00 1 4335.891
2014 03 17 22 45 00 1 4335.901
2014 03 17 23 00 00 1 4335.903
2014 03 17 23 15 00 1 4335.905
2014 03 17 23 30 00 1 4335.904
2014 03 17 23 45 00 1 4335.899
2014 03 18 00 00 00 1 4335.893
2014 03 18 00 15 00 1 4335.880
2014 03 18 00 30 00 1 4335.870
2014 03 18 00 45 00 1 4335.853
2014 03 18 01 00 00 1 4335.839
2014 03 18 01 15 00 1 4335.820
2014 03 18 01 30 00 1 4335.801
2014 03 18 01 45 00 1 4335.781
2014 03 18 02 00 00 1 4335.762
2014 03 18 02 15 00 1 4335.742
2014 03 18 02 30 00 1 4335.720
2014 03 18 02 45 00 1 4335.700
2014 03 18 03 00 00 1 4335.679
2014 03 18 03 15 00 1 4335.661
2014 03 18 03 30 00 1 4335.643
2014 03 18 03 45 00 1 4335.627
2014 03 18 04 00 00 1 4335.612
2014 03 18 04 15 00 1 4335.597
2014 03 18 04 30 00 1 4335.586
2014 03 18 04 45 00 1 4335.574
2014 03 18 05 00 00 1 4335.570
2014 03 18 05 15 00 1 4335.566
2014 03 18 05 30 00 1 4335.563
2014 03 18 05 45 00 1 4335.564
2014 03 18 06 00 00 1 4335.569
2014 03 18 06 15 00 1 4335.576
2014 03 18 06 30 00 1 4335.583
2014 03 18 06 45 00 1 4335.595
2014 03 18 07 00 00 1 4335.606
2014 03 18 07 15 00 1 4335.620
2014 03 18 07 30 00 1 4335.638
2014 03 18 07 45 00 1 4335.654
2014 03 18 08 00 00 1 4335.675
2014 03 18 08 15 00 1 4335.694
2014 03 18 08 30 00 1 4335.714
2014 03 18 08 45 00 1 4335.737
2014 03 18 09 00 00 1 4335.756
2014 03 18 09 15 00 1 4335.775
2014 03 18 09 30 00 1 4335.791
2014 03 18 09 45 00 1 4335.808
2014 03 18 10 00 00 1 4335.822
2014 03 18 10 15 00 1 4335.835
2014 03 18 10 30 00 1 4335.848
2014 03 18 10 45 00 1 4335.860
2014 03 18 11 00 00 1 4335.869
2014 03 18 11 15 00 1 4335.876
2014 03 18 11 30 00 1 4335.879
2014 03 18 11 45 00 1 4335.880
2014 03 18 12 00 00 1 4335.879
2014 03 18 12 15 00 1 4335.876
2014 03 18 12 30 00 1 4335.870
2014 03 18 12 45 00 1 4335.863
2014 03 18 13 00 00 1 4335.853
2014 03 18 13 15 00 1 4335.839
2014 03 18 13 30 00 1 4335.825
2014 03 18 13 45 00 1 4335.813
2014 03 18 14 00 00 1 4335.795
2014 03 18 14 15 00 1 4335.777
2014 03 18 14 30 00 1 4335.757
2014 03 18 14 45 00 1 4335.740
2014 03 18 15 00 00 1 4335.722
2014 03 18 15 15 00 1 4335.705
2014 03 18 15 30 00 1 4335.690
2014 03 18 15 45 00 1 4335.674
2014 03 18 16 00 00 1 4335.664
2014 03 18 16 15 00 1 4335.652
2014 03 18 16 30 00 1 4335.642
2014 03 18 16 45 00 1 4335.637
2014 03 18 17 00 00 1 4335.630
2014 03 18 17 15 00 1 4335.625
2014 03 18 17 30 00 1 4335.619
2014 03 18 17 45 00 1 4335.616
2014 03 18 18 00 00 1 4335.616
2014 03 18 18 15 00 1 4335.618
2014 03 18 18 30 00 1 4335.624
2014 03 18 18 45 00 1 4335.631
2014 03 18 19 00 00 1 4335.642
2014 03 18 19 15 00 1 4335.653
2014 03 18 19 30 00 1 4335.667
2014 03 18 19 45 00 1 4335.680
2014 03 18 20 00 00 1 4335.695
2014 03 18 20 15 00 1 4335.714
2014 03 18 20 30 00 1 4335.731
2014 03 18 20 45 00 1 4335.749
2014 03 18 21 00 00 1 4335.768
2014 03 18 21 15 00 1 4335.786
2014 03 18 21 30 00 1 4335.804
2014 03 18 21 45 00 1 4335.816
2014 03 18 22 00 00 1 4335.829
2014 03 18 22 15 00 1 4335.843
2014 03 18 22 30 00 1 4335.853
2014 03 18 22 45 00 1 4335.857
2014 03 18 23 00 00 1 4335.863
2014 03 18 23 15 00 1 4335.867
2014 03 18 23 30 00 1 4335.870
2014 03 18 23 45 00 1 4335.872
2014 03 19 00 00 00 1 4335.869
2014 03 19 00 15 00 1 4335.864
2014 03 19 00 30 00 1 4335.857
2014 03 19 00 45 00 1 4335.848
2014 03 19 01 00 00 1 4335.836
2014 03 19 01 15 00 1 4335.820
2014 03 19 01 30 00 1 4335.802
2014 03 19 01 45 00 1 4335.786
2014 03 19 02 00 00 1 4335.772
2014 03 19 02 15 00 1 4335.751
2014 03 19 02 30 00 1 4335.733
2014 03 19 02 45 00 1 4335.712
2014 03 19 03 00 00 1 4335.692
2014 03 19 03 15 00 1 4335.675
2014 03 19 03 30 00 1 4335.655
2014 03 19 03 45 00 1 4335.637
2014 03 19 04 00 00 1 4335.619
2014 03 19 04 15 00 1 4335.608
2014 03 19 04 30 00 1 4335.593
2014 03 19 04 45 00 1 4335.578
2014 03 19 05 00 00 1 4335.565
2014 03 19 05 15 00 1 4335.558
2014 03 19 05 30 00 1 4335.551
2014 03 19 05 45 00 1 4335.546
2014 03 19 06 00 00 1 4335.544
2014 03 19 06 15 00 1 4335.546
2014 03 19 06 30 00 1 4335.550
2014 03 19 06 45 00 1 4335.557
2014 03 19 07 00 00 1 4335.565
2014 03 19 07 15 00 1 4335.575
2014 03 19 07 30 00 1 4335.587
2014 03 19 07 45 00 1 4335.599
2014 03 19 08 00 00 1 4335.615
2014 03 19 08 15 00 1 4335.631
2014 03 19 08 30 00 1 4335.649
2014 03 19 08 45 00 1 4335.668
2014 03 19 09 00 00 1 4335.687
2014 03 19 09 15 00 1 4335.708
2014 03 19 09 30 00 1 4335.728
2014 03 19 09 45 00 1 4335.746
2014 03 19 10 00 00 1 4335.764
2014 03 19 10 15 00 1 4335.784
2014 03 19 10 30 00 1 4335.801
2014 03 19 10 45 00 1 4335.818
2014 03 19 11 00 00 1 4335.833
2014 03 19 11 15 00 1 4335.848
2014 03 19 11 30 00 1 4335.858
2014 03 19 11 45 00 1 4335.865
2014 03 19 12 00 00 1 4335.870
2014 03 19 12 15 00 1 4335.874
2014 03 19 12 30 00 1 4335.875
2014 03 19 12 45 00 1 4335.878
2014 03 19 13 00 00 1 4335.876
2014 03 19 13 15 00 1 4335.874
2014 03 19 13 30 00 1 4335.864
2014 03 19 13 45 00 1 4335.856
2014 03 19 14 00 00 1 4335.847
2014 03 19 14 15 00 1 4335.831
2014 03 19 14 30 00 1 4335.818
2014 03 19 14 45 00 1 4335.803
2014 03 19 15 00 00 1 4335.788
2014 03 19 15 15 00 1 4335.771
2014 03 19 15 30 00 1 4335.755
2014 03 19 15 45 00 1 4335.743
2014 03 19 16 00 00 1 4335.726
2014 03 19 16 15 00 1 4335.714
2014 03 19 16 30 00 1 4335.701
2014 03 19 16 45 00 1 4335.687
2014 03 19 17 00 00 1 4335.674
2014 03 19 17 15 00 1 4335.664
2014 03 19 17 30 00 1 4335.655
2014 03 19 17 45 00 1 4335.646
2014 03 19 18 00 00 1 4335.638
2014 03 19 18 15 00 1 4335.636
2014 03 19 18 30 00 1 4335.633
2014 03 19 18 45 00 1 4335.632
2014 03 19 19 00 00 1 4335.635
2014 03 19 19 15 00 1 4335.638
2014 03 19 19 30 00 1 4335.641
2014 03 19 19 45 00 1 4335.651
2014 03 19 20 00 00 1 4335.662
2014 03 19 20 15 00 1 4335.669
2014 03 19 20 30 00 1 4335.680
2014 03 19 20 45 00 1 4335.690
2014 03 19 21 00 00 1 4335.706
2014 03 19 21 15 00 1 4335.721
2014 03 19 21 30 00 1 4335.733
2014 03 19 21 45 00 1 4335.749
2014 03 19 22 00 00 1 4335.764
2014 03 19 22 15 00 1 4335.777
2014 03 19 22 30 00 1 4335.789
2014 03 19 22 45 00 1 4335.800
2014 03 19 23 00 00 1 4335.808
2014 03 19 23 15 00 1 4335.815
2014 03 19 23 30 00 1 4335.820
2014 03 19 23 45 00 1 4335.825
2014 03 20 00 00 00 1 4335.826
2014 03 20 00 15 00 1 4335.828
2014 03 20 00 30 00 1 4335.825
2014 03 20 00 45 00 1 4335.821
2014 03 20 01 00 00 1 4335.816
2014 03 20 01 15 00 1 4335.806
2014 03 20 01 30 00 1 4335.796
2014 03 20 01 45 00 1 4335.783
2014 03 20 02 00 00 1 4335.768
2014 03 20 02 15 00 1 4335.752
2014 03 20 02 30 00 1 4335.736
2014 03 20 02 45 00 1 4335.718
2014 03 20 03 00 00 1 4335.702
2014 03 20 03 15 00 1 4335.684
2014 03 20 03 30 00 1 4335.668
2014 03 20 03 45 00 1 4335.649
2014 03 20 04 00 00 1 4335.631
2014 03 20 04 15 00 1 4335.615
2014 03 20 04 30 00 1 4335.598
2014 03 20 04 45 00 1 4335.583
2014 03 20 05 00 00 1 4335.570
2014 03 20 05 15 00 1 4335.560
2014 03 20 05 30 00 1 4335.551
2014 03 20 05 45 00 1 4335.543
2014 03 20 06 00 00 1 4335.540
2014 03 20 06 15 00 1 4335.535
2014 03 20 06 30 00 1 4335.531
2014 03 20 06 45 00 1 4335.535
2014 03 20 07 00 00 1 4335.535
2014 03 20 07 15 00 1 4335.541
2014 03 20 07 30 00 1 4335.547
2014 03 20 07 45 00 1 4335.556
2014 03 20 08 00 00 1 4335.567
2014 03 20 08 15 00 1 4335.580
2014 03 20 08 30 00 1 4335.595
2014 03 20 08 45 00 1 4335.614
2014 03 20 09 00 00 1 4335.632
2014 03 20 09 15 00 1 4335.651
2014 03 20 09 30 00 1 4335.671
2014 03 20 09 45 00 1 4335.694
2014 03 20 10 00 00 1 4335.715
2014 03 20 10 15 00 1 4335.734
2014 03 20 10 30 00 1 4335.756
2014 03 20 10 45 00 1 4335.774
2014 03 20 11 00 00 1 4335.793
2014 03 20 11 15 00 1 4335.812
2014 03 20 11 30 00 1 4335.825
2014 03 20 11 45 00 1 4335.840
2014 03 20 12 00 00 1 4335.851
2014 03 20 12 15 00 1 4335.864
2014 03 20 12 30 00 1 4335.874
2014 03 20 12 45 00 1 4335.882
2014 03 20 13 00 00 1 4335.888
2014 03 20 13 15 00 1 4335.892
2014 03 20 13 30 00 1 4335.894
2014 03 20 13 45 00 1 4335.893
2014 03 20 14 00 00 1 4335.890
2014 03 20 14 15 00 1 4335.884
2014 03 20 14 30 00 1 4335.876
2014 03 20 14 45 00 1 4335.868
2014 03 20 15 00 00 1 4335.858
2014 03 20 15 15 00 1 4335.847
2014 03 20 15 30 00 1 4335.833
2014 03 20 15 45 00 1 4335.817
2014 03 20 16 00 00 1 4335.803
2014 03 20 16 15 00 1 4335.789
2014 03 20 16 30 00 1 4335.776
2014 03 20 16 45 00 1 4335.764
2014 03 20 17 00 00 1 4335.750
2014 03 20 17 15 00 1 4335.738
2014 03 20 17 30 00 1 4335.726
2014 03 20 17 45 00 1 4335.714
2014 03 20 18 00 00 1 4335.702
2014 03 20 18 15 00 1 4335.692
2014 03 20 18 30 00 1 4335.682
2014 03 20 18 45 00 1 4335.674
2014 03 20 19 00 00 1 4335.666
2014 03 20 19 15 00 1 4335.663
2014 03 20 19 30 00 1 4335.662
2014 03 20 19 45 00 1 4335.663
2014 03 20 20 00 00 1 4335.662
2014 03 20 20 15 00 1 4335.667
2014 03 20 20 30 00 1 4335.669
2014 03 20 20 45 00 1 4335.675
2014 03 20 21 00 00 1 4335.683
2014 03 20 21 15 00 1 4335.692
2014 03 20 21 30 00 1 4335.698
2014 03 20 21 45 00 1 4335.706
2014 03 20 22 00 00 1 4335.717
2014 03 20 22 15 00 1 4335.724
2014 03 20 22 30 00 1 4335.733
2014 03 20 22 45 00 1 4335.744
2014 03 20 23 00 00 1 4335.751
2014 03 20 23 15 00 1 4335.762
2014 03 20 23 30 00 1 4335.770
2014 03 20 23 45 00 1 4335.778
2014 03 21 00 00 00 1 4335.783
2014 03 21 00 15 00 1 4335.788
2014 03 21 00 30 00 1 4335.791
2014 03 21 00 45 00 1 4335.788
2014 03 21 01 00 00 1 4335.784
2014 03 21 01 15 00 1 4335.784
2014 03 21 01 30 00 1 4335.782
2014 03 21 01 45 00 1 4335.776
2014 03 21 02 00 00 1 4335.767
2014 03 21 02 15 00 1 4335.754
2014 03 21 02 30 00 1 4335.745
2014 03 21 02 45 00 1 4335.733
2014 03 21 03 00 00 1 4335.721
2014 03 21 03 15 00 1 4335.704
2014 03 21 03 30 00 1 4335.690
2014 03 21 03 45 00 1 4335.675
2014 03 21 04 00 00 1 4335.660
2014 03 21 04 15 00 1 4335.645
2014 03 21 04 30 00 1 4335.630
2014 03 21 04 45 00 1 4335.613
2014 03 21 05 00 00 1 4335.599
2014 03 21 05 15 00 1 4335.587
2014 03 21 05 30 00 1 4335.575
2014 03 21 05 45 00 1 4335.566
2014 03 21 06 00 00 1 4335.556
2014 03 21 06 15 00 1 4335.549
2014 03 21 06 30 00 1 4335.546
2014 03 21 06 45 00 1 4335.542
2014 03 21 07 00 00 1 4335.538
2014 03 21 07 15 00 1 4335.536
2014 03 21 07 30 00 1 4335.537
2014 03 21 07 45 00 1 4335.540
2014 03 21 08 00 00 1 4335.547
2014 03 21 08 15 00 1 4335.555
2014 03 21 08 30 00 1 4335.568
2014 03 21 08 45 00 1 4335.581
2014 03 21 09 00 00 1 4335.593
2014 03 21 09 15 00 1 4335.606
2014 03 21 09 30 00 1 4335.621
2014 03 21 09 45 00 1 4335.637
2014 03 21 10 00 00 1 4335.656
2014 03 21 10 15 00 1 4335.675
2014 03 21 10 30 00 1 4335.692
2014 03 21 10 45 00 1 4335.713
2014 03 21 11 00 00 1 4335.732
2014 03 21 11 15 00 1 4335.751
2014 03 21 11 30 00 1 4335.773
2014 03 21 11 45 00 1 4335.791
2014 03 21 12 00 00 1 4335.810
2014 03 21 12 15 00 1 4335.825
2014 03 21 12 30 00 1 4335.844
2014 03 21 12 45 00 1 4335.857
2014 03 21 13 00 00 1 4335.870
2014 03 21 13 15 00 1 4335.884
2014 03 21 13 30 00 1 4335.895
2014 03 21 13 45 00 1 4335.902
2014 03 21 14 00 00 1 4335.905
2014 03 21 14 15 00 1 4335.907
2014 03 21 14 30 00 1 4335.911
2014 03 21 14 45 00 1 4335.911
2014 03 21 15 00 00 1 4335.908
2014 03 21 15 15 00 1 4335.905
2014 03 21 15 30 00 1 4335.899
2014 03 21 15 45 00 1 4335.891
2014 03 21 16 00 00 1 4335.882
2014 03 21 16 15 00 1 4335.874
2014 03 21 16 30 00 1 4335.865
2014 03 21 16 45 00 1 4335.853
2014 03 21 17 00 00 1 4335.840
2014 03 21 17 15 00 1 4335.828
2014 03 21 17 30 00 1 4335.815
2014 03 21 17 45 00 1 4335.802
2014 03 21 18 00 00 1 4335.790
2014 03 21 18 15 00 1 4335.778
2014 03 21 18 30 00 1 4335.766
2014 03 21 18 45 00 1 4335.753
2014 03 21 19 00 00 1 4335.744
2014 03 21 19 15 00 1 4335.729
2014 03 21 19 30 00 1 4335.720
2014 03 21 19 45 00 1 4335.710
2014 03 21 20 00 00 1 4335.704
2014 03 21 20 15 00 1 4335.696
2014 03 21 20 30 00 1 4335.691
2014 03 21 20 45 00 1 4335.685
2014 03 21 21 00 00 1 4335.681
2014 03 21 21 15 00 1 4335.681
2014 03 21 21 30 00 1 4335.683
2014 03 21 21 45 00 1 4335.683
2014 03 21 22 00 00 1 4335.687
2014 03 21 22 15 00 1 4335.691
2014 03 21 22 30 00 1 4335.696
2014 03 21 22 45 00 1 4335.702
2014 03 21 23 00 00 1 4335.709
2014 03 21 23 15 00 1 4335.714
2014 03 21 23 30 00 1 4335.721
2014 03 21 23 45 00 1 4335.727
2014 03 22 00 00 00 1 4335.732
2014 03 22 00 15 00 1 4335.739
2014 03 22 00 30 00 1 4335.741
2014 03 22 00 45 00 1 4335.744
2014 03 22 01 00 00 1 4335.745
2014 03 22 01 15 00 1 4335.746
2014 03 22 01 30 00 1 4335.747
2014 03 22 01 45 00 1 4335.747
2014 03 22 02 00 00 1 4335.748
2014 03 22 02 15 00 1 4335.744
2014 03 22 02 30 00 1 4335.740
2014 03 22 02 45 00 1 4335.733
2014 03 22 03 00 00 1 4335.729
2014 03 22 03 15 00 1 4335.720
2014 03 22 03 30 00 1 4335.709
2014 03 22 03 45 00 1 4335.698
2014 03 22 04 00 00 1 4335.684
2014 03 22 04 15 00 1 4335.670
2014 03 22 04 30 00 1 4335.659
2014 03 22 04 45 00 1 4335.647
2014 03 22 05 00 00 1 4335.635
2014 03 22 05 15 00 1 4335.621
2014 03 22 05 30 00 1 4335.610
2014 03 22 05 45 00 1 4335.598
2014 03 22 06 00 00 1 4335.589
2014 03 22 06 15 00 1 4335.577
2014 03 22 06 30 00 1 4335.568
2014 03 22 06 45 00 1 4335.559
2014 03 22 07 00 00 1 4335.551
2014 03 22 07 15 00 1 4335.543
2014 03 22 07 30 00 1 4335.537
2014 03 22 07 45 00 1 4335.531
2014 03 22 08 00 00 1 4335.529
2014 03 22 08 15 00 1 4335.529
2014 03 22 08 30 00 1 4335.531
2014 03 22 08 45 00 1 4335.536
2014 03 22 09 00 00 1 4335.542
2014 03 22 09 15 00 1 4335.549
2014 03 22 09 30 00 1 4335.560
2014 03 22 09 45 00 1 4335.571
2014 03 22 10 00 00 1 4335.586
2014 03 22 10 15 00 1 4335.600
2014 03 22 10 30 00 1 4335.619
2014 03 22 10 45 00 1 4335.637
2014 03 22 11 00 00 1 4335.657
2014 03 22 11 15 00 1 4335.677
2014 03 22 11 30 00 1 4335.696
2014 03 22 11 45 00 1 4335.716
2014 03 22 12 00 00 1 4335.735
2014 03 22 12 15 00 1 4335.754
2014 03 22 12 30 00 1 4335.772
2014 03 22 12 45 00 1 4335.789
2014 03 22 13 00 00 1 4335.806
2014 03 22 13 15 00 1 4335.821
2014 03 22 13 30 00 1 4335.843
2014 03 22 13 45 00 1 4335.854
2014 03 22 14 00 00 1 4335.869
2014 03 22 14 15 00 1 4335.882
2014 03 22 14 30 00 1 4335.892
2014 03 22 14 45 00 1 4335.901
2014 03 22 15 00 00 1 4335.910
2014 03 22 15 15 00 1 4335.917
2014 03 22 15 30 00 1 4335.922
2014 03 22 15 45 00 1 4335.925
2014 03 22 16 00 00 1 4335.924
2014 03 22 16 15 00 1 4335.926
2014 03 22 16 30 00 1 4335.923
2014 03 22 16 45 00 1 4335.918
2014 03 22 17 00 00 1 4335.913
2014 03 22 17 15 00 1 4335.904
2014 03 22 17 30 00 1 4335.893
2014 03 22 17 45 00 1 4335.882
2014 03 22 18 00 00 1 4335.870
2014 03 22 18 15 00 1 4335.858
2014 03 22 18 30 00 1 4335.845
2014 03 22 18 45 00 1 4335.830
2014 03 22 19 00 00 1 4335.815
2014 03 22 19 15 00 1 4335.802
2014 03 22 19 30 00 1 4335.790
2014 03 22 19 45 00 1 4335.776
2014 03 22 20 00 00 1 4335.761
2014 03 22 20 15 00 1 4335.749
2014 03 22 20 30 00 1 4335.736
2014 03 22 20 45 00 1 4335.724
2014 03 22 21 00 00 1 4335.715
2014 03 22 21 15 00 1 4335.708
2014 03 22 21 30 00 1 4335.702
2014 03 22 21 45 00 1 4335.694
2014 03 22 22 00 00 1 4335.689
2014 03 22 22 15 00 1 4335.684
2014 03 22 22 30 00 1 4335.681
2014 03 22 22 45 00 1 4335.679
2014 03 22 23 00 00 1 4335.681
2014 03 22 23 15 00 1 4335.680
2014 03 22 23 30 00 1 4335.682
2014 03 22 23 45 00 1 4335.685
2014 03 23 00 00 00 1 4335.689
2014 03 23 00 15 00 1 4335.693
2014 03 23 00 30 00 1 4335.699
2014 03 23 00 45 00 1 4335.703
2014 03 23 01 00 00 1 4335.710
2014 03 23 01 15 00 1 4335.715
2014 03 23 01 30 00 1 4335.720
2014 03 23 01 45 00 1 4335.724
2014 03 23 02 00 00 1 4335.726
2014 03 23 02 15 00 1 4335.726
2014 03 23 02 30 00 1 4335.727
2014 03 23 02 45 00 1 4335.725
2014 03 23 03 00 00 1 4335.722
2014 03 23 03 15 00 1 4335.718
2014 03 23 03 30 00 1 4335.716
2014 03 23 03 45 00 1 4335.715
2014 03 23 04 00 00 1 4335.710
2014 03 23 04 15 00 1 4335.702
2014 03 23 04 30 00 1 4335.692
2014 03 23 04 45 00 1 4335.685
2014 03 23 05 00 00 1 4335.676
2014 03 23 05 15 00 1 4335.667
2014 03 23 05 30 00 1 4335.656
2014 03 23 05 45 00 1 4335.646
2014 03 23 06 00 00 1 4335.634
2014 03 23 06 15 00 1 4335.624
2014 03 23 06 30 00 1 4335.612
2014 03 23 06 45 00 1 4335.603
2014 03 23 07 00 00 1 4335.594
2014 03 23 07 15 00 1 4335.584
2014 03 23 07 30 00 1 4335.575
2014 03 23 07 45 00 1 4335.566
2014 03 23 08 00 00 1 4335.559
2014 03 23 08 15 00 1 4335.553
2014 03 23 08 30 00 1 4335.547
2014 03 23 08 45 00 1 4335.540
2014 03 23 09 00 00 1 4335.539
2014 03 23 09 15 00 1 4335.538
2014 03 23 09 30 00 1 4335.538
2014 03 23 09 45 00 1 4335.540
2014 03 23 10 00 00 1 4335.543
2014 03 23 10 15 00 1 4335.554
2014 03 23 10 30 00 1 4335.566
2014 03 23 10 45 00 1 4335.578
2014 03 23 11 00 00 1 4335.590
2014 03 23 11 15 00 1 4335.606
2014 03 23 11 30 00 1 4335.620
2014 03 23 11 45 00 1 4335.639
2014 03 23 12 00 00 1 4335.661
2014 03 23 12 15 00 1 4335.678
2014 03 23 12 30 00 1 4335.697
2014 03 23 12 45 00 1 4335.717
2014 03 23 13 00 00 1 4335.736
2014 03 23 13 15 00 1 4335.755
2014 03 23 13 30 00 1 4335.776
2014 03 23 13 45 00 1 4335.795
2014 03 23 14 00 00 1 4335.816
2014 03 23 14 15 00 1 4335.835
2014 03 23 14 30 00 1 4335.853
2014 03 23 14 45 00 1 4335.870
2014 03 23 15 00 00 1 4335.889
2014 03 23 15 15 00 1 4335.902
2014 03 23 15 30 00 1 4335.916
2014 03 23 15 45 00 1 4335.929
2014 03 23 16 00 00 1 4335.942
2014 03 23 16 15 00 1 4335.948
2014 03 23 16 30 00 1 4335.955
2014 03 23 16 45 00 1 4335.957
2014 03 23 17 00 00 1 4335.958
2014 03 23 17 15 00 1 4335.955
2014 03 23 17 30 00 1 4335.955
2014 03 23 17 45 00 1 4335.950
2014 03 23 18 00 00 1 4335.941
2014 03 23 18 15 00 1 4335.933
2014 03 23 18 30 00 1 4335.924
2014 03 23 18 45 00 1 4335.910
2014 03 23 19 00 00 1 4335.897
2014 03 23 19 15 00 1 4335.879
2014 03 23 19 30 00 1 4335.862
2014 03 23 19 45 00 1 4335.850
2014 03 23 20 00 00 1 4335.834
2014 03 23 20 15 00 1 4335.816
2014 03 23 20 30 00 1 4335.800
2014 03 23 20 45 00 1 4335.780
2014 03 23 21 00 00 1 4335.763
2014 03 23 21 15 00 1 4335.746
2014 03 23 21 30 00 1 4335.732
2014 03 23 21 45 00 1 4335.714
2014 03 23 22 00 00 1 4335.702
2014 03 23 22 15 00 1 4335.688
2014 03 23 22 30 00 1 4335.677
2014 03 23 22 45 00 1 4335.667
2014 03 23 23 00 00 1 4335.659
2014 03 23 23 15 00 1 4335.652
2014 03 23 23 30 00 1 4335.646
2014 03 23 23 45 00 1 4335.643
2014 03 24 00 00 00 1 4335.641
2014 03 24 00 15 00 1 4335.642
2014 03 24 00 30 00 1 4335.643
2014 03 24 00 45 00 1 4335.645
2014 03 24 01 00 00 1 4335.648
2014 03 24 01 15 00 1 4335.653
2014 03 24 01 30 00 1 4335.657
2014 03 24 01 45 00 1 4335.664
2014 03 24 02 00 00 1 4335.671
2014 03 24 02 15 00 1 4335.676
2014 03 24 02 30 00 1 4335.681
2014 03 24 02 45 00 1 4335.683
2014 03 24 03 00 00 1 4335.691
2014 03 24 03 15 00 1 4335.694
2014 03 24 03 30 00 1 4335.698
2014 03 24 03 45 00 1 4335.701
2014 03 24 04 00 00 1 4335.704
2014 03 24 04 15 00 1 4335.704
2014 03 24 04 30 00 1 4335.706
2014 03 24 04 45 00 1 4335.706
2014 03 24 05 00 00 1 4335.700
2014 03 24 05 15 00 1 4335.696
2014 03 24 05 30 00 1 4335.692
2014 03 24 05 45 00 1 4335.685
2014 03 24 06 00 00 1 4335.675
2014 03 24 06 15 00 1 4335.664
2014 03 24 06 30 00 1 4335.655
2014 03 24 06 45 00 1 4335.644
2014 03 24 07 00 00 1 4335.634
2014 03 24 07 15 00 1 4335.622
2014 03 24 07 30 00 1 4335.610
2014 03 24 07 45 00 1 4335.598
2014 03 24 08 00 00 1 4335.585
2014 03 24 08 15 00 1 4335.576
2014 03 24 08 30 00 1 4335.564
2014 03 24 08 45 00 1 4335.554
2014 03 24 09 00 00 1 4335.545
2014 03 24 09 15 00 1 4335.539
2014 03 24 09 30 00 1 4335.533
2014 03 24 09 45 00 1 4335.527
2014 03 24 10 00 00 1 4335.525
2014 03 24 10 15 00 1 4335.523
2014 03 24 10 30 00 1 4335.524
2014 03 24 10 45 00 1 4335.527
2014 03 24 11 00 00 1 4335.531
2014 03 24 11 15 00 1 4335.539
2014 03 24 11 30 00 1 4335.547
2014 03 24 11 45 00 1 4335.560
2014 03 24 12 00 00 1 4335.571
2014 03 24 12 15 00 1 4335.588
2014 03 24 12 30 00 1 4335.605
2014 03 24 12 45 00 1 4335.622
2014 03 24 13 00 00 1 4335.642
2014 03 24 13 15 00 1 4335.661
2014 03 24 13 30 00 1 4335.681
2014 03 24 13 45 00 1 4335.702
2014 03 24 14 00 00 1 4335.724
2014 03 24 14 15 00 1 4335.748
2014 03 24 14 30 00 1 4335.772
2014 03 24 14 45 00 1 4335.794
2014 03 24 15 00 00 1 4335.817
2014 03 24 15 15 00 1 4335.841
2014 03 24 15 30 00 1 4335.859
2014 03 24 15 45 00 1 4335.882
2014 03 24 16 00 00 1 4335.902
2014 03 24 16 15 00 1 4335.921
2014 03 24 16 30 00 1 4335.938
2014 03 24 16 45 00 1 4335.950
2014 03 24 17 00 00 1 4335.964
2014 03 24 17 15 00 1 4335.975
2014 03 24 17 30 00 1 4335.980
2014 03 24 17 45 00 1 4335.984
2014 03 24 18 00 00 1 4335.985
2014 03 24 18 15 00 1 4335.984
2014 03 24 18 30 00 1 4335.983
2014 03 24 18 45 00 1 4335.977
2014 03 24 19 00 00 1 4335.968
2014 03 24 19 15 00 1 4335.954
2014 03 24 19 30 00 1 4335.940
2014 03 24 19 45 00 1 4335.924
2014 03 24 20 00 00 1 4335.909
2014 03 24 20 15 00 1 4335.889
2014 03 24 20 30 00 1 4335.870
2014 03 24 20 45 00 1 4335.850
2014 03 24 21 00 00 1 4335.831
2014 03 24 21 15 00 1 4335.811
2014 03 24 21 30 00 1 4335.787
2014 03 24 21 45 00 1 4335.770
2014 03 24 22 00 00 1 4335.749
2014 03 24 22 15 00 1 4335.728
2014 03 24 22 30 00 1 4335.708
2014 03 24 22 45 00 1 4335.689
2014 03 24 23 00 00 1 4335.671
2014 03 24 23 15 00 1 4335.655
2014 03 24 23 30 00 1 4335.642
2014 03 24 23 45 00 1 4335.631
2014 03 25 00 00 00 1 4335.622
2014 03 25 00 15 00 1 4335.613
2014 03 25 00 30 00 1 4335.609
2014 03 25 00 45 00 1 4335.608
2014 03 25 01 00 00 1 4335.606
2014 03 25 01 15 00 1 4335.609
2014 03 25 01 30 00 1 4335.611
2014 03 25 01 45 00 1 4335.615
2014 03 25 02 00 00 1 4335.621
2014 03 25 02 15 00 1 4335.630
2014 03 25 02 30 00 1 4335.638
2014 03 25 02 45 00 1 4335.646
2014 03 25 03 00 00 1 4335.656
2014 03 25 03 15 00 1 4335.667
2014 03 25 03 30 00 1 4335.679
2014 03 25 03 45 00 1 4335.688
2014 03 25 04 00 00 1 4335.696
2014 03 25 04 15 00 1 4335.703
2014 03 25 04 30 00 1 4335.711
2014 03 25 04 45 00 1 4335.718
2014 03 25 05 00 00 1 4335.723
2014 03 25 05 15 00 1 4335.725
2014 03 25 05 30 00 1 4335.727
2014 03 25 05 45 00 1 4335.732
2014 03 25 06 00 00 1 4335.729
2014 03 25 06 15 00 1 4335.726
2014 03 25 06 30 00 1 4335.722
2014 03 25 06 45 00 1 4335.716
2014 03 25 07 00 00 1 4335.709
2014 03 25 07 15 00 1 4335.700
2014 03 25 07 30 00 1 4335.688
2014 03 25 07 45 00 1 4335.675
2014 03 25 08 00 00 1 4335.663
2014 03 25 08 15 00 1 4335.648
2014 03 25 08 30 00 1 4335.634
2014 03 25 08 45 00 1 4335.620
2014 03 25 09 00 00 1 4335.606
2014 03 25 09 15 00 1 4335.591
2014 03 25 09 30 00 1 4335.579
2014 03 25 09 45 00 1 4335.565
2014 03 25 10 00 00 1 4335.553
2014 03 25 10 15 00 1 4335.542
2014 03 25 10 30 00 1 4335.534
2014 03 25 10 45 00 1 4335.527
2014 03 25 11 00 00 1 4335.522
2014 03 25 11 15 00 1 4335.517
2014 03 25 11 30 00 1 4335.516
2014 03 25 11 45 00 1 4335.517
2014 03 25 12 00 00 1 4335.518
2014 03 25 12 15 00 1 4335.525
2014 03 25 12 30 00 1 4335.533
2014 03 25 12 45 00 1 4335.543
2014 03 25 13 00 00 1 4335.555
2014 03 25 13 15 00 1 4335.571
2014 03 25 13 30 00 1 4335.589
2014 03 25 13 45 00 1 4335.610
2014 03 25 14 00 00 1 4335.633
2014 03 25 14 15 00 1 4335.654
2014 03 25 14 30 00 1 4335.677
2014 03 25 14 45 00 1 4335.705
2014 03 25 15 00 00 1 4335.730
2014 03 25 15 15 00 1 4335.758
2014 03 25 15 30 00 1 4335.787
2014 03 25 15 45 00 1 4335.814
2014 03 25 16 00 00 1 4335.844
2014 03 25 16 15 00 1 4335.871
2014 03 25 16 30 00 1 4335.897
2014 03 25 16 45 00 1 4335.924
2014 03 25 17 00 00 1 4335.945
2014 03 25 17 15 00 1 4335.966
2014 03 25 17 30 00 1 4335.983
2014 03 25 17 45 00 1 4335.996
2014 03 25 18 00 00 1 4336.008
2014 03 25 18 15 00 1 4336.015
2014 03 25 18 30 00 1 4336.022
2014 03 25 18 45 00 1 4336.025
2014 03 25 19 00 00 1 4336.024
2014 03 25 19 15 00 1 4336.017
2014 03 25 19 30 00 1 4336.014
2014 03 25 19 45 00 1 4336.004
2014 03 25 20 00 00 1 4335.989
2014 03 25 20 15 00 1 4335.972
2014 03 25 20 30 00 1 4335.956
2014 03 25 20 45 00 1 4335.937
2014 03 25 21 00 00 1 4335.914
2014 03 25 21 15 00 1 4335.896
2014 03 25 21 30 00 1 4335.871
2014 03 25 21 45 00 1 4335.848
2014 03 25 22 00 00 1 4335.821
2014 03 25 22 15 00 1 4335.794
2014 03 25 22 30 00 1 4335.767
2014 03 25 22 45 00 1 4335.743
2014 03 25 23 00 00 1 4335.716
2014 03 25 23 15 00 1 4335.692
2014 03 25 23 30 00 1 4335.667
2014 03 25 23 45 00 1 4335.643
2014 03 26 00 00 00 1 4335.623
2014 03 26 00 15 00 1 4335.606
2014 03 26 00 30 00 1 4335.593
2014 03 26 00 45 00 1 4335.582
2014 03 26 01 00 00 1 4335.572
2014 03 26 01 15 00 1 4335.565
2014 03 26 01 30 00 1 4335.562
2014 03 26 01 45 00 1 4335.561
2014 03 26 02 00 00 1 4335.564
2014 03 26 02 15 00 1 4335.567
2014 03 26 02 30 00 1 4335.574
2014 03 26 02 45 00 1 4335.584
2014 03 26 03 00 00 1 4335.594
2014 03 26 03 15 00 1 4335.605
2014 03 26 03 30 00 1 4335.618
2014 03 26 03 45 00 1 4335.630
2014 03 26 04 00 00 1 4335.644
2014 03 26 04 15 00 1 4335.660
2014 03 26 04 30 00 1 4335.675
2014 03 26 04 45 00 1 4335.689
2014 03 26 05 00 00 1 4335.702
2014 03 26 05 15 00 1 4335.715
2014 03 26 05 30 00 1 4335.724
2014 03 26 05 45 00 1 4335.732
2014 03 26 06 00 00 1 4335.740
2014 03 26 06 15 00 1 4335.742
2014 03 26 06 30 00 1 4335.745
2014 03 26 06 45 00 1 4335.745
2014 03 26 07 00 00 1 4335.746
2014 03 26 07 15 00 1 4335.742
2014 03 26 07 30 00 1 4335.737
2014 03 26 07 45 00 1 4335.729
2014 03 26 08 00 00 1 4335.718
2014 03 26 08 15 00 1 4335.708
2014 03 26 08 30 00 1 4335.696
2014 03 26 08 45 00 1 4335.680
2014 03 26 09 00 00 1 4335.661
2014 03 26 09 15 00 1 4335.644
2014 03 26 09 30 00 1 4335.624
2014 03 26 09 45 00 1 4335.608
2014 03 26 10 00 00 1 4335.590
2014 03 26 10 15 00 1 4335.573
2014 03 26 10 30 00 1 4335.555
2014 03 26 10 45 00 1 4335.538
2014 03 26 11 00 00 1 4335.524
2014 03 26 11 15 00 1 4335.509
2014 03 26 11 30 00 1 4335.498
2014 03 26 11 45 00 1 4335.488
2014 03 26 12 00 00 1 4335.484
2014 03 26 12 15 00 1 4335.477
2014 03 26 12 30 00 1 4335.477
2014 03 26 12 45 00 1 4335.475
2014 03 26 13 00 00 1 4335.479
2014 03 26 13 15 00 1 4335.483
2014 03 26 13 30 00 1 4335.491
2014 03 26 13 45 00 1 4335.503
2014 03 26 14 00 00 1 4335.517
2014 03 26 14 15 00 1 4335.537
2014 03 26 14 30 00 1 4335.557
2014 03 26 14 45 00 1 4335.579
2014 03 26 15 00 00 1 4335.606
2014 03 26 15 15 00 1 4335.634
2014 03 26 15 30 00 1 4335.664
2014 03 26 15 45 00 1 4335.697
2014 03 26 16 00 00 1 4335.731
2014 03 26 16 15 00 1 4335.764
2014 03 26 16 30 00 1 4335.795
2014 03 26 16 45 00 1 4335.826
2014 03 26 17 00 00 1 4335.857
2014 03 26 17 15 00 1 4335.886
2014 03 26 17 30 00 1 4335.912
2014 03 26 17 45 00 1 4335.935
2014 03 26 18 00 00 1 4335.961
2014 03 26 18 15 00 1 4335.982
2014 03 26 18 30 00 1 4335.998
2014 03 26 18 45 00 1 4336.010
2014 03 26 19 00 00 1 4336.022
2014 03 26 19 15 00 1 4336.029
2014 03 26 19 30 00 1 4336.032
2014 03 26 19 45 00 1 4336.034
2014 03 26 20 00 00 1 4336.030
2014 03 26 20 15 00 1 4336.025
2014 03 26 20 30 00 1 4336.012
2014 03 26 20 45 00 1 4335.997
2014 03 26 21 00 00 1 4335.982
2014 03 26 21 15 00 1 4335.962
2014 03 26 21 30 00 1 4335.939
2014 03 26 21 45 00 1 4335.915
2014 03 26 22 00 00 1 4335.888
2014 03 26 22 15 00 1 4335.861
2014 03 26 22 30 00 1 4335.832
2014 03 26 22 45 00 1 4335.800
2014 03 26 23 00 00 1 4335.769
2014 03 26 23 15 00 1 4335.739
2014 03 26 23 30 00 1 4335.709
2014 03 26 23 45 00 1 4335.678
2014 03 27 00 00 00 1 4335.652
2014 03 27 00 15 00 1 4335.625
2014 03 27 00 30 00 1 4335.603
2014 03 27 00 45 00 1 4335.585
2014 03 27 01 00 00 1 4335.564
2014 03 27 01 15 00 1 4335.546
2014 03 27 01 30 00 1 4335.534
2014 03 27 01 45 00 1 4335.525
2014 03 27 02 00 00 1 4335.518
2014 03 27 02 15 00 1 4335.515
2014 03 27 02 30 00 1 4335.515
2014 03 27 02 45 00 1 4335.519
2014 03 27 03 00 00 1 4335.526
2014 03 27 03 15 00 1 4335.536
2014 03 27 03 30 00 1 4335.549
2014 03 27 03 45 00 1 4335.564
2014 03 27 04 00 00 1 4335.579
2014 03 27 04 15 00 1 4335.599
2014 03 27 04 30 00 1 4335.617
2014 03 27 04 45 00 1 4335.638
2014 03 27 05 00 00 1 4335.659
2014 03 27 05 15 00 1 4335.680
2014 03 27 05 30 00 1 4335.703
2014 03 27 05 45 00 1 4335.720
2014 03 27 06 00 00 1 4335.737
2014 03 27 06 15 00 1 4335.748
2014 03 27 06 30 00 1 4335.761
2014 03 27 06 45 00 1 4335.771
2014 03 27 07 00 00 1 4335.780
2014 03 27 07 15 00 1 4335.785
2014 03 27 07 30 00 1 4335.788
2014 03 27 07 45 00 1 4335.792
2014 03 27 08 00 00 1 4335.791
2014 03 27 08 15 00 1 4335.785
2014 03 27 08 30 00 1 4335.777
2014 03 27 08 45 00 1 4335.765
2014 03 27 09 00 00 1 4335.753
2014 03 27 09 15 00 1 4335.733
2014 03 27 09 30 00 1 4335.717
2014 03 27 09 45 00 1 4335.696
2014 03 27 10 00 00 1 4335.676
2014 03 27 10 15 00 1 4335.656
2014 03 27 10 30 00 1 4335.631
2014 03 27 10 45 00 1 4335.610
2014 03 27 11 00 00 1 4335.587
2014 03 27 11 15 00 1 4335.566
2014 03 27 11 30 00 1 4335.544
2014 03 27 11 45 00 1 4335.523
2014 03 27 12 00 00 1 4335.502
2014 03 27 12 15 00 1 4335.484
2014 03 27 12 30 00 1 4335.470
2014 03 27 12 45 00 1 4335.459
2014 03 27 13 00 00 1 4335.450
2014 03 27 13 15 00 1 4335.443
2014 03 27 13 30 00 1 4335.442
2014 03 27 13 45 00 1 4335.442
2014 03 27 14 00 00 1 4335.448
2014 03 27 14 15 00 1 4335.456
2014 03 27 14 30 00 1 4335.467
2014 03 27 14 45 00 1 4335.481
2014 03 27 15 00 00 1 4335.497
2014 03 27 15 15 00 1 4335.517
2014 03 27 15 30 00 1 4335.542
2014 03 27 15 45 00 1 4335.571
2014 03 27 16 00 00 1 4335.602
2014 03 27 16 15 00 1 4335.635
2014 03 27 16 30 00 1 4335.668
2014 03 27 16 45 00 1 4335.701
2014 03 27 17 00 00 1 4335.736
2014 03 27 17 15 00 1 4335.770
2014 03 27 17 30 00 1 4335.801
2014 03 27 17 45 00 1 4335.837
2014 03 27 18 00 00 1 4335.870
2014 03 27 18 15 00 1 4335.899
2014 03 27 18 30 00 1 4335.926
2014 03 27 18 45 00 1 4335.953
2014 03 27 19 00 00 1 4335.976
2014 03 27 19 15 00 1 4335.994
2014 03 27 19 30 00 1 4336.010
2014 03 27 19 45 00 1 4336.020
2014 03 27 20 00 00 1 4336.029
2014 03 27 20 15 00 1 4336.033
2014 03 27 20 30 00 1 4336.031
2014 03 27 20 45 00 1 4336.028
2014 03 27 21 00 00 1 4336.025
2014 03 27 21 15 00 1 4336.013
2014 03 27 21 30 00 1 4335.997
2014 03 27 21 45 00 1 4335.981
2014 03 27 22 00 00 1 4335.959
2014 03 27 22 15 00 1 4335.935
2014 03 27 22 30 00 1 4335.909
2014 03 27 22 45 00 1 4335.878
2014 03 27 23 00 00 1 4335.845
2014 03 27 23 15 00 1 4335.812
2014 03 27 23 30 00 1 4335.780
2014 03 27 23 45 00 1 4335.745
2014 03 28 00 00 00 1 4335.712
2014 03 28 00 15 00 1 4335.679
2014 03 28 00 30 00 1 4335.646
2014 03 28 00 45 00 1 4335.617
2014 03 28 01 00 00 1 4335.591
2014 03 28 01 15 00 1 4335.567
2014 03 28 01 30 00 1 4335.544
2014 03 28 01 45 00 1 4335.524
2014 03 28 02 00 00 1 4335.508
2014 03 28 02 15 00 1 4335.496
2014 03 28 02 30 00 1 4335.487
2014 03 28 02 45 00 1 4335.477
2014 03 28 03 00 00 1 4335.478
2014 03 28 03 15 00 1 4335.481
2014 03 28 03 30 00 1 4335.488
2014 03 28 03 45 00 1 4335.497
2014 03 28 04 00 00 1 4335.512
2014 03 28 04 15 00 1 4335.530
2014 03 28 04 30 00 1 4335.550
2014 03 28 04 45 00 1 4335.572
2014 03 28 05 00 00 1 4335.596
2014 03 28 05 15 00 1 4335.624
2014 03 28 05 30 00 1 4335.649
2014 03 28 05 45 00 1 4335.676
2014 03 28 06 00 00 1 4335.702
2014 03 28 06 15 00 1 4335.728
2014 03 28 06 30 00 1 4335.750
2014 03 28 06 45 00 1 4335.771
2014 03 28 07 00 00 1 4335.791
2014 03 28 07 15 00 1 4335.808
2014 03 28 07 30 00 1 4335.823
2014 03 28 07 45 00 1 4335.837
2014 03 28 08 00 00 1 4335.849
2014 03 28 08 15 00 1 4335.855
2014 03 28 08 30 00 1 4335.860
2014 03 28 08 45 00 1 4335.862
2014 03 28 09 00 00 1 4335.857
2014 03 28 09 15 00 1 4335.848
2014 03 28 09 30 00 1 4335.838
2014 03 28 09 45 00 1 4335.824
2014 03 28 10 00 00 1 4335.808
2014 03 28 10 15 00 1 4335.787
2014 03 28 10 30 00 1 4335.767
2014 03 28 10 45 00 1 4335.745
2014 03 28 11 00 00 1 4335.721
2014 03 28 11 15 00 1 4335.694
2014 03 28 11 30 00 1 4335.666
2014 03 28 11 45 00 1 4335.642
2014 03 28 12 00 00 1 4335.616
2014 03 28 12 15 00 1 4335.589
2014 03 28 12 30 00 1 4335.566
2014 03 28 12 45 00 1 4335.543
2014 03 28 13 00 00 1 4335.523
2014 03 28 13 15 00 1 4335.505
2014 03 28 13 30 00 1 4335.488
2014 03 28 13 45 00 1 4335.476
2014 03 28 14 00 00 1 4335.467
2014 03 28 14 15 00 1 4335.462
2014 03 28 14 30 00 1 4335.463
2014 03 28 14 45 00 1 4335.464
2014 03 28 15 00 00 1 4335.467
2014 03 28 15 15 00 1 4335.475
2014 03 28 15 30 00 1 4335.491
2014 03 28 15 45 00 1 4335.507
2014 03 28 16 00 00 1 4335.530
2014 03 28 16 15 00 1 4335.555
2014 03 28 16 30 00 1 4335.584
2014 03 28 16 45 00 1 4335.613
2014 03 28 17 00 00 1 4335.648
2014 03 28 17 15 00 1 4335.683
2014 03 28 17 30 00 1 4335.719
2014 03 28 17 45 00 1 4335.755
2014 03 28 18 00 00 1 4335.791
2014 03 28 18 15 00 1 4335.827
2014 03 28 18 30 00 1 4335.861
2014 03 28 18 45 00 1 4335.893
2014 03 28 19 00 00 1 4335.925
2014 03 28 19 15 00 1 4335.955
2014 03 28 19 30 00 1 4335.980
2014 03 28 19 45 00 1 4336.001
2014 03 28 20 00 00 1 4336.020
2014 03 28 20 15 00 1 4336.036
2014 03 28 20 30 00 1 4336.046
2014 03 28 20 45 00 1 4336.052
2014 03 28 21 00 00 1 4336.058
2014 03 28 21 15 00 1 4336.060
2014 03 28 21 30 00 1 4336.057
2014 03 28 21 45 00 1 4336.048
2014 03 28 22 00 00 1 4336.036
2014 03 28 22 15 00 1 4336.021
2014 03 28 22 30 00 1 4336.001
2014 03 28 22 45 00 1 4335.979
2014 03 28 23 00 00 1 4335.953
2014 03 28 23 15 00 1 4335.922
2014 03 28 23 30 00 1 4335.888
2014 03 28 23 45 00 1 4335.853
2014 03 29 00 00 00 1 4335.817
2014 03 29 00 15 00 1 4335.782
2014 03 29 00 30 00 1 4335.748
2014 03 29 00 45 00 1 4335.713
2014 03 29 01 00 00 1 4335.678
2014 03 29 01 15 00 1 4335.645
2014 03 29 01 30 00 1 4335.613
2014 03 29 01 45 00 1 4335.581
2014 03 29 02 00 00 1 4335.555
2014 03 29 02 15 00 1 4335.533
2014 03 29 02 30 00 1 4335.513
2014 03 29 02 45 00 1 4335.498
2014 03 29 03 00 00 1 4335.483
2014 03 29 03 15 00 1 4335.475
2014 03 29 03 30 00 1 4335.471
2014 03 29 03 45 00 1 4335.469
2014 03 29 04 00 00 1 4335.473
2014 03 29 04 15 00 1 4335.481
2014 03 29 04 30 00 1 4335.492
2014 03 29 04 45 00 1 4335.508
2014 03 29 05 00 00 1 4335.530
2014 03 29 05 15 00 1 4335.551
2014 03 29 05 30 00 1 4335.578
2014 03 29 05 45 00 1 4335.606
2014 03 29 06 00 00 1 4335.635
2014 03 29 06 15 00 1 4335.666
2014 03 29 06 30 00 1 4335.696
2014 03 29 06 45 00 1 4335.724
2014 03 29 07 00 00 1 4335.754
2014 03 29 07 15 00 1 4335.782
2014 03 29 07 30 00 1 4335.807
2014 03 29 07 45 00 1 4335.831
2014 03 29 08 00 00 1 4335.852
2014 03 29 08 15 00 1 4335.872
2014 03 29 08 30 00 1 4335.889
2014 03 29 08 45 00 1 4335.900
2014 03 29 09 00 00 1 4335.907
2014 03 29 09 15 00 1 4335.914
2014 03 29 09 30 00 1 4335.914
2014 03 29 09 45 00 1 4335.912
2014 03 29 10 00 00 1 4335.906
2014 03 29 10 15 00 1 4335.895
2014 03 29 10 30 00 1 4335.885
2014 03 29 10 45 00 1 4335.867
2014 03 29 11 00 00 1 4335.847
2014 03 29 11 15 00 1 4335.823
2014 03 29 11 30 00 1 4335.798
2014 03 29 11 45 00 1 4335.770
2014 03 29 12 00 00 1 4335.741
2014 03 29 12 15 00 1 4335.712
2014 03 29 12 30 00 1 4335.683
2014 03 29 12 45 00 1 4335.653
2014 03 29 13 00 00 1 4335.625
2014 03 29 13 15 00 1 4335.600
2014 03 29 13 30 00 1 4335.574
2014 03 29 13 45 00 1 4335.551
2014 03 29 14 00 00 1 4335.530
2014 03 29 14 15 00 1 4335.512
2014 03 29 14 30 00 1 4335.497
2014 03 29 14 45 00 1 4335.482
2014 03 29 15 00 00 1 4335.471
2014 03 29 15 15 00 1 4335.467
2014 03 29 15 30 00 1 4335.466
2014 03 29 15 45 00 1 4335.469
2014 03 29 16 00 00 1 4335.475
2014 03 29 16 15 00 1 4335.488
2014 03 29 16 30 00 1 4335.504
2014 03 29 16 45 00 1 4335.524
2014 03 29 17 00 00 1 4335.545
2014 03 29 17 15 00 1 4335.573
2014 03 29 17 30 00 1 4335.603
2014 03 29 17 45 00 1 4335.634
2014 03 29 18 00 00 1 4335.667
2014 03 29 18 15 00 1 4335.702
2014 03 29 18 30 00 1 4335.738
2014 03 29 18 45 00 1 4335.774
2014 03 29 19 00 00 1 4335.810
2014 03 29 19 15 00 1 4335.843
2014 03 29 19 30 00 1 4335.874
2014 03 29 19 45 00 1 4335.903
2014 03 29 20 00 00 1 4335.929
2014 03 29 20 15 00 1 4335.953
2014 03 29 20 30 00 1 4335.973
2014 03 29 20 45 00 1 4335.992
2014 03 29 21 00 00 1 4336.007
2014 03 29 21 15 00 1 4336.019
2014 03 29 21 30 00 1 4336.028
2014 03 29 21 45 00 1 4336.031
2014 03 29 22 00 00 1 4336.032
2014 03 29 22 15 00 1 4336.025
2014 03 29 22 30 00 1 4336.015
2014 03 29 22 45 00 1 4336.001
2014 03 29 23 00 00 1 4335.980
2014 03 29 23 15 00 1 4335.962
2014 03 29 23 30 00 1 4335.940
2014 03 29 23 45 00 1 4335.915
2014 03 30 00 00 00 1 4335.884
2014 03 30 00 15 00 1 4335.853
2014 03 30 00 30 00 1 4335.819
2014 03 30 00 45 00 1 4335.786
2014 03 30 01 00 00 1 4335.749
2014 03 30 01 15 00 1 4335.713
2014 03 30 01 30 00 1 4335.678
2014 03 30 01 45 00 1 4335.645
2014 03 30 02 00 00 1 4335.611
2014 03 30 02 15 00 1 4335.582
2014 03 30 02 30 00 1 4335.552
2014 03 30 02 45 00 1 4335.530
2014 03 30 03 00 00 1 4335.507
2014 03 30 03 15 00 1 4335.489
2014 03 30 03 30 00 1 4335.474
2014 03 30 03 45 00 1 4335.459
2014 03 30 04 00 00 1 4335.452
2014 03 30 04 15 00 1 4335.448
2014 03 30 04 30 00 1 4335.450
2014 03 30 04 45 00 1 4335.455
2014 03 30 05 00 00 1 4335.465
2014 03 30 05 15 00 1 4335.480
2014 03 30 05 30 00 1 4335.498
2014 03 30 05 45 00 1 4335.519
2014 03 30 06 00 00 1 4335.545
2014 03 30 06 15 00 1 4335.572
2014 03 30 06 30 00 1 4335.600
2014 03 30 06 45 00 1 4335.630
2014 03 30 07 00 00 1 4335.663
2014 03 30 07 15 00 1 4335.695
2014 03 30 07 30 00 1 4335.730
2014 03 30 07 45 00 1 4335.763
2014 03 30 08 00 00 1 4335.793
2014 03 30 08 15 00 1 4335.820
2014 03 30 08 30 00 1 4335.847
2014 03 30 08 45 00 1 4335.870
2014 03 30 09 00 00 1 4335.892
2014 03 30 09 15 00 1 4335.908
2014 03 30 09 30 00 1 4335.921
2014 03 30 09 45 00 1 4335.931
2014 03 30 10 00 00 1 4335.937
2014 03 30 10 15 00 1 4335.944
2014 03 30 10 30 00 1 4335.943
2014 03 30 10 45 00 1 4335.940
2014 03 30 11 00 00 1 4335.935
2014 03 30 11 15 00 1 4335.924
2014 03 30 11 30 00 1 4335.910
2014 03 30 11 45 00 1 4335.891
2014 03 30 12 00 00 1 4335.873
2014 03 30 12 15 00 1 4335.849
2014 03 30 12 30 00 1 4335.823
2014 03 30 12 45 00 1 4335.796
2014 03 30 13 00 00 1 4335.769
2014 03 30 13 15 00 1 4335.738
2014 03 30 13 30 00 1 4335.708
2014 03 30 13 45 00 1 4335.682
2014 03 30 14 00 00 1 4335.655
2014 03 30 14 15 00 1 4335.627
2014 03 30 14 30 00 1 4335.603
2014 03 30 14 45 00 1 4335.581
2014 03 30 15 00 00 1 4335.564
2014 03 30 15 15 00 1 4335.547
2014 03 30 15 30 00 1 4335.536
2014 03 30 15 45 00 1 4335.525
2014 03 30 16 00 00 1 4335.519
2014 03 30 16 15 00 1 4335.515
2014 03 30 16 30 00 1 4335.514
2014 03 30 16 45 00 1 4335.517
2014 03 30 17 00 00 1 4335.524
2014 03 30 17 15 00 1 4335.537
2014 03 30 17 30 00 1 4335.552
2014 03 30 17 45 00 1 4335.569
2014 03 30 18 00 00 1 4335.590
2014 03 30 18 15 00 1 4335.613
2014 03 30 18 30 00 1 4335.638
2014 03 30 18 45 00 1 4335.664
2014 03 30 19 00 00 1 4335.696
2014 03 30 19 15 00 1 4335.728
2014 03 30 19 30 00 1 4335.759
2014 03 30 19 45 00 1 4335.788
2014 03 30 20 00 00 1 4335.816
2014 03 30 20 15 00 1 4335.842
2014 03 30 20 30 00 1 4335.866
2014 03 30 20 45 00 1 4335.891
2014 03 30 21 00 00 1 4335.912
2014 03 30 21 15 00 1 4335.932
2014 03 30 21 30 00 1 4335.947
2014 03 30 21 45 00 1 4335.958
2014 03 30 22 00 00 1 4335.969
2014 03 30 22 15 00 1 4335.976
2014 03 30 22 30 00 1 4335.977
2014 03 30 22 45 00 1 4335.975
2014 03 30 23 00 00 1 4335.969
2014 03 30 23 15 00 1 4335.960
2014 03 30 23 30 00 1 4335.949
2014 03 30 23 45 00 1 4335.935
2014 03 31 00 00 00 1 4335.915
2014 03 31 00 15 00 1 4335.895
2014 03 31 00 30 00 1 4335.867
2014 03 31 00 45 00 1 4335.840
2014 03 31 01 00 00 1 4335.811
2014 03 31 01 15 00 1 4335.780
2014 03 31 01 30 00 1 4335.749
2014 03 31 01 45 00 1 4335.716
2014 03 31 02 00 00 1 4335.687
2014 03 31 02 15 00 1 4335.656
2014 03 31 02 30 00 1 4335.625
2014 03 31 02 45 00 1 4335.597
2014 03 31 03 00 00 1 4335.571
2014 03 31 03 15 00 1 4335.544
2014 03 31 03 30 00 1 4335.523
2014 03 31 03 45 00 1 4335.502
2014 03 31 04 00 00 1 4335.485
2014 03 31 04 15 00 1 4335.471
2014 03 31 04 30 00 1 4335.461
2014 03 31 04 45 00 1 4335.454
2014 03 31 05 00 00 1 4335.451
2014 03 31 05 15 00 1 4335.454
2014 03 31 05 30 00 1 4335.458
2014 03 31 05 45 00 1 4335.468
2014 03 31 06 00 00 1 4335.478
2014 03 31 06 15 00 1 4335.494
2014 03 31 06 30 00 1 4335.515
2014 03 31 06 45 00 1 4335.539
2014 03 31 07 00 00 1 4335.565
2014 03 31 07 15 00 1 4335.596
2014 03 31 07 30 00 1 4335.626
2014 03 31 07 45 00 1 4335.656
2014 03 31 08 00 00 1 4335.689
2014 03 31 08 15 00 1 4335.723
2014 03 31 08 30 00 1 4335.753
2014 03 31 08 45 00 1 4335.781
2014 03 31 09 00 00 1 4335.810
2014 03 31 09 15 00 1 4335.835
2014 03 31 09 30 00 1 4335.859
2014 03 31 09 45 00 1 4335.882
2014 03 31 10 00 00 1 4335.902
2014 03 31 10 15 00 1 4335.920
2014 03 31 10 30 00 1 4335.932
2014 03 31 10 45 00 1 4335.945
2014 03 31 11 00 00 1 4335.951
2014 03 31 11 15 00 1 4335.953
2014 03 31 11 30 00 1 4335.952
2014 03 31 11 45 00 1 4335.950
2014 03 31 12 00 00 1 4335.940
2014 03 31 12 15 00 1 4335.928
2014 03 31 12 30 00 1 4335.914
2014 03 31 12 45 00 1 4335.894
2014 03 31 13 00 00 1 4335.875
2014 03 31 13 15 00 1 4335.850
2014 03 31 13 30 00 1 4335.825
2014 03 31 13 45 00 1 4335.797
2014 03 31 14 00 00 1 4335.769
2014 03 31 14 15 00 1 4335.745
2014 03 31 14 30 00 1 4335.720
2014 03 31 14 45 00 1 4335.695
2014 03 31 15 00 00 1 4335.669
2014 03 31 15 15 00 1 4335.650
2014 03 31 15 30 00 1 4335.625
2014 03 31 15 45 00 1 4335.605
2014 03 31 16 00 00 1 4335.589
2014 03 31 16 15 00 1 4335.574
2014 03 31 16 30 00 1 4335.560
2014 03 31 16 45 00 1 4335.551
2014 03 31 17 00 00 1 4335.545
2014 03 31 17 15 00 1 4335.541
2014 03 31 17 30 00 1 4335.542
2014 03 31 17 45 00 1 4335.546
2014 03 31 18 00 00 1 4335.550
2014 03 31 18 15 00 1 4335.560
2014 03 31 18 30 00 1 4335.572
2014 03 31 18 45 00 1 4335.588
2014 03 31 19 00 00 1 4335.602
2014 03 31 19 15 00 1 4335.621
2014 03 31 19 30 00 1 4335.643
2014 03 31 19 45 00 1 4335.663
2014 03 31 20 00 00 1 4335.687
2014 03 31 20 15 00 1 4335.714
2014 03 31 20 30 00 1 4335.738
2014 03 31 20 45 00 1 4335.759
2014 03 31 21 00 00 1 4335.782
2014 03 31 21 15 00 1 4335.804
2014 03 31 21 30 00 1 4335.824
2014 03 31 21 45 00 1 4335.842
2014 03 31 22 00 00 1 4335.855
2014 03 31 22 15 00 1 4335.871
2014 03 31 22 30 00 1 4335.880
2014 03 31 22 45 00 1 4335.887
2014 03 31 23 00 00 1 4335.891
2014 03 31 23 15 00 1 4335.892
2014 03 31 23 30 00 1 4335.892
2014 03 31 23 45 00 1 4335.887
2014 04 01 00 00 00 1 4335.879
2014 04 01 00 15 00 1 4335.869
2014 04 01 00 30 00 1 4335.854
2014 04 01 00 45 00 1 4335.836
2014 04 01 01 00 00 1 4335.817
2014 04 01 01 15 00 1 4335.799
2014 04 01 01 30 00 1 4335.775
2014 04 01 01 45 00 1 4335.752
2014 04 01 02 00 00 1 4335.725
2014 04 01 02 15 00 1 4335.696
2014 04 01 02 30 00 1 4335.667
2014 04 01 02 45 00 1 4335.641
2014 04 01 03 00 00 1 4335.613
2014 04 01 03 15 00 1 4335.586
2014 04 01 03 30 00 1 4335.563
2014 04 01 03 45 00 1 4335.539
2014 04 01 04 00 00 1 4335.516
2014 04 01 04 15 00 1 4335.497
2014 04 01 04 30 00 1 4335.480
2014 04 01 04 45 00 1 4335.468
2014 04 01 05 00 00 1 4335.457
2014 04 01 05 15 00 1 4335.451
2014 04 01 05 30 00 1 4335.449
2014 04 01 05 45 00 1 4335.448
2014 04 01 06 00 00 1 4335.451
2014 04 01 06 15 00 1 4335.459
2014 04 01 06 30 00 1 4335.469
2014 04 01 06 45 00 1 4335.483
2014 04 01 07 00 00 1 4335.500
2014 04 01 07 15 00 1 4335.521
2014 04 01 07 30 00 1 4335.546
2014 04 01 07 45 00 1 4335.568
2014 04 01 08 00 00 1 4335.598
2014 04 01 08 15 00 1 4335.629
2014 04 01 08 30 00 1 4335.659
2014 04 01 08 45 00 1 4335.692
2014 04 01 09 00 00 1 4335.720
2014 04 01 09 15 00 1 4335.752
2014 04 01 09 30 00 1 4335.782
2014 04 01 09 45 00 1 4335.812
2014 04 01 10 00 00 1 4335.839
2014 04 01 10 15 00 1 4335.863
2014 04 01 10 30 00 1 4335.886
2014 04 01 10 45 00 1 4335.907
2014 04 01 11 00 00 1 4335.926
2014 04 01 11 15 00 1 4335.939
2014 04 01 11 30 00 1 4335.954
2014 04 01 11 45 00 1 4335.961
2014 04 01 12 00 00 1 4335.968
2014 04 01 12 15 00 1 4335.969
2014 04 01 12 30 00 1 4335.966
2014 04 01 12 45 00 1 4335.958
2014 04 01 13 00 00 1 4335.951
2014 04 01 13 15 00 1 4335.941
2014 04 01 13 30 00 1 4335.924
2014 04 01 13 45 00 1 4335.907
2014 04 01 14 00 00 1 4335.888
2014 04 01 14 15 00 1 4335.869
2014 04 01 14 30 00 1 4335.847
2014 04 01 14 45 00 1 4335.825
2014 04 01 15 00 00 1 4335.802
2014 04 01 15 15 00 1 4335.778
2014 04 01 15 30 00 1 4335.755
2014 04 01 15 45 00 1 4335.734
2014 04 01 16 00 00 1 4335.716
2014 04 01 16 15 00 1 4335.697
2014 04 01 16 30 00 1 4335.676
2014 04 01 16 45 00 1 4335.659
2014 04 01 17 00 00 1 4335.645
2014 04 01 17 15 00 1 4335.629
2014 04 01 17 30 00 1 4335.619
2014 04 01 17 45 00 1 4335.609
2014 04 01 18 00 00 1 4335.603
2014 04 01 18 15 00 1 4335.598
2014 04 01 18 30 00 1 4335.594
2014 04 01 18 45 00 1 4335.594
2014 04 01 19 00 00 1 4335.597
2014 04 01 19 15 00 1 4335.604
2014 04 01 19 30 00 1 4335.611
2014 04 01 19 45 00 1 4335.622
2014 04 01 20 00 00 1 4335.634
2014 04 01 20 15 00 1 4335.645
2014 04 01 20 30 00 1 4335.661
2014 04 01 20 45 00 1 4335.676
2014 04 01 21 00 00 1 4335.695
2014 04 01 21 15 00 1 4335.708
2014 04 01 21 30 00 1 4335.727
2014 04 01 21 45 00 1 4335.741
2014 04 01 22 00 00 1 4335.757
2014 04 01 22 00 00 2 4335.757
2014 04 01 22 01 00 2 4335.759
2014 04 01 22 02 00 2 4335.760
2014 04 01 22 03 00 2 4335.761
2014 04 01 22 04 00 2 4335.762
2014 04 01 22 05 00 2 4335.762
2014 04 01 22 06 00 2 4335.764
2014 04 01 22 07 00 2 4335.764
2014 04 01 22 08 00 2 4335.765
2014 04 01 22 09 00 2 4335.766
2014 04 01 22 10 00 2 4335.767
2014 04 01 22 11 00 2 4335.768
2014 04 01 22 12 00 2 4335.768
2014 04 01 22 13 00 2 4335.769
2014 04 01 22 14 00 2 4335.770
2014 04 01 22 15 00 1 4335.770
2014 04 01 22 15 00 2 4335.771
2014 04 01 22 16 00 2 4335.772
2014 04 01 22 17 00 2 4335.774
2014 04 01 22 18 00 2 4335.774
2014 04 01 22 19 00 2 4335.775
2014 04 01 22 20 00 2 4335.775
2014 04 01 22 21 00 2 4335.776
2014 04 01 22 22 00 2 4335.777
2014 04 01 22 23 00 2 4335.778
2014 04 01 22 24 00 2 4335.779
2014 04 01 22 25 00 2 4335.780
2014 04 01 22 26 00 2 4335.780
2014 04 01 22 27 00 2 4335.780
2014 04 01 22 28 00 2 4335.781
2014 04 01 22 29 00 2 4335.782
2014 04 01 22 30 00 1 4335.781
2014 04 01 22 30 00 2 4335.781
2014 04 01 22 31 00 2 4335.783
2014 04 01 22 32 00 2 4335.783
2014 04 01 22 33 00 2 4335.784
2014 04 01 22 34 00 2 4335.785
2014 04 01 22 35 00 2 4335.785
2014 04 01 22 36 00 2 4335.786
2014 04 01 22 37 00 2 4335.787
2014 04 01 22 38 00 2 4335.788
2014 04 01 22 39 00 2 4335.787
2014 04 01 22 40 00 2 4335.788
2014 04 01 22 41 00 2 4335.789
2014 04 01 22 42 00 2 4335.789
2014 04 01 22 43 00 2 4335.790
2014 04 01 22 44 00 2 4335.789
2014 04 01 22 45 00 1 4335.789
2014 04 01 22 45 00 2 4335.790
2014 04 01 22 46 00 2 4335.792
2014 04 01 22 47 00 2 4335.792
2014 04 01 22 48 00 2 4335.792
2014 04 01 22 49 00 2 4335.794
2014 04 01 22 50 00 2 4335.794
2014 04 01 22 51 00 2 4335.794
2014 04 01 22 52 00 2 4335.795
2014 04 01 22 53 00 2 4335.795
2014 04 01 22 54 00 2 4335.796
2014 04 01 22 55 00 2 4335.796
2014 04 01 22 56 00 2 4335.797
2014 04 01 22 57 00 2 4335.798
2014 04 01 22 58 00 2 4335.797
2014 04 01 22 59 00 2 4335.800
2014 04 01 23 00 00 1 4335.799
2014 04 01 23 00 00 2 4335.798
2014 04 01 23 01 00 2 4335.798
2014 04 01 23 02 00 2 4335.800
2014 04 01 23 03 00 2 4335.799
2014 04 01 23 04 00 2 4335.800
2014 04 01 23 05 00 2 4335.800
2014 04 01 23 06 00 2 4335.800
2014 04 01 23 07 00 2 4335.802
2014 04 01 23 08 00 2 4335.800
2014 04 01 23 09 00 2 4335.801
2014 04 01 23 10 00 2 4335.802
2014 04 01 23 11 00 2 4335.802
2014 04 01 23 12 00 2 4335.802
2014 04 01 23 13 00 2 4335.803
2014 04 01 23 14 00 2 4335.804
2014 04 01 23 15 00 1 9999.000
2014 04 01 23 15 00 2 4335.802
2014 04 01 23 16 00 2 4335.802
2014 04 01 23 17 00 2 4335.803
2014 04 01 23 18 00 2 4335.806
2014 04 01 23 19 00 2 4335.803
2014 04 01 23 20 00 2 4335.804
2014 04 01 23 21 00 2 4335.806
2014 04 01 23 22 00 2 4335.806
2014 04 01 23 23 00 2 4335.805
2014 04 01 23 24 00 2 4335.805
2014 04 01 23 25 00 2 4335.807
2014 04 01 23 26 00 2 4335.807
2014 04 01 23 27 00 2 4335.807
2014 04 01 23 28 00 2 4335.807
2014 04 01 23 29 00 2 4335.807
2014 04 01 23 30 00 1 9999.000
2014 04 01 23 30 00 2 4335.807
2014 04 01 23 31 00 2 4335.806
2014 04 01 23 32 00 2 4335.808
2014 04 01 23 33 00 2 4335.808
2014 04 01 23 34 00 2 4335.806
2014 04 01 23 35 00 2 4335.809
2014 04 01 23 36 00 2 4335.807
2014 04 01 23 37 00 2 4335.808
2014 04 01 23 38 00 2 4335.809
2014 04 01 23 39 00 2 4335.807
2014 04 01 23 40 00 2 4335.809
2014 04 01 23 41 00 2 4335.808
2014 04 01 23 42 00 2 4335.809
2014 04 01 23 43 00 2 4335.810
2014 04 01 23 44 00 2 4335.809
2014 04 01 23 45 00 1 9999.000
2014 04 01 23 45 00 2 4335.810
2014 04 01 23 46 00 2 4335.809
2014 04 01 23 47 00 2 4335.811
2014 04 01 23 48 00 2 4335.809
2014 04 01 23 49 00 2 4335.810
2014 04 01 23 50 00 2 4335.808
2014 04 01 23 51 00 2 4335.813
2014 04 01 23 52 00 2 4335.811
2014 04 01 23 53 00 2 4335.808
2014 04 01 23 54 00 2 4335.848
2014 04 01 23 54 00 3 4335.809
2014 04 01 23 54 15 3 4335.823
2014 04 01 23 54 30 3 4335.702
2014 04 01 23 54 45 3 4336.059
2014 04 01 23 55 00 2 4335.775
2014 04 01 23 55 00 3 4335.691
2014 04 01 23 55 15 3 4335.714
2014 04 01 23 55 30 3 4335.859
2014 04 01 23 55 45 3 4335.838
2014 04 01 23 56 00 2 4335.806
2014 04 01 23 56 00 3 4335.826
2014 04 01 23 56 15 3 4335.795
2014 04 01 23 56 30 3 4335.779
2014 04 01 23 56 45 3 4335.825
2014 04 01 23 57 00 2 4335.802
2014 04 01 23 57 00 3 4335.857
2014 04 01 23 57 15 3 4335.803
2014 04 01 23 57 30 3 4335.779
2014 04 01 23 57 45 3 4335.766
2014 04 01 23 58 00 2 4335.798
2014 04 01 23 59 00 2 4335.830
2014 04 02 00 00 00 1 9999.000
2014 04 02 00 00 00 2 4335.802
2014 04 02 00 00 45 2 4335.802
2014 04 02 00 01 00 2 4335.798
2014 04 02 00 01 45 2 4335.798
2014 04 02 00 02 00 2 4335.844
2014 04 02 00 02 45 2 4335.844
2014 04 02 00 03 00 2 4335.777
2014 04 02 00 03 45 2 4335.777
2014 04 02 00 04 00 2 4335.806
2014 04 02 00 04 45 2 4335.806
2014 04 02 00 05 00 2 4335.818
2014 04 02 00 05 45 2 4335.818
2014 04 02 00 06 00 2 4335.812
2014 04 02 00 06 45 2 4335.812
2014 04 02 00 07 00 2 4335.808
2014 04 02 00 07 45 2 4335.808
2014 04 02 00 08 00 2 4335.804
2014 04 02 00 08 45 2 4335.804
2014 04 02 00 09 00 2 4335.788
2014 04 02 00 09 45 2 4335.788
2014 04 02 00 10 00 2 4335.814
2014 04 02 00 10 45 2 4335.814
2014 04 02 00 11 00 2 4335.817
2014 04 02 00 11 45 2 4335.817
2014 04 02 00 12 00 2 4335.821
2014 04 02 00 12 45 2 4335.821
2014 04 02 00 13 00 2 4335.803
2014 04 02 00 13 45 2 4335.803
2014 04 02 00 14 00 2 4335.756
2014 04 02 00 14 45 2 4335.756
2014 04 02 00 15 00 1 9999.000
2014 04 02 00 15 00 2 4335.826
2014 04 02 00 15 45 2 4335.826
2014 04 02 00 16 00 2 4335.819
2014 04 02 00 16 45 2 4335.819
2014 04 02 00 17 00 2 4335.817
2014 04 02 00 17 45 2 4335.817
2014 04 02 00 18 00 2 4335.791
2014 04 02 00 18 45 2 4335.791
2014 04 02 00 19 00 2 4335.823
2014 04 02 00 19 45 2 4335.823
2014 04 02 00 20 00 2 4335.781
2014 04 02 00 20 45 2 4335.781
2014 04 02 00 21 00 2 4335.792
2014 04 02 00 21 45 2 4335.792
2014 04 02 00 22 00 2 4335.818
2014 04 02 00 22 45 2 4335.818
2014 04 02 00 23 00 2 4335.808
2014 04 02 00 23 45 2 4335.808
2014 04 02 00 24 00 2 4335.798
2014 04 02 00 24 45 2 4335.798
2014 04 02 00 25 00 2 4335.793
2014 04 02 00 25 45 2 4335.793
2014 04 02 00 26 00 2 4335.837
2014 04 02 00 26 45 2 4335.837
2014 04 02 00 27 00 2 4335.785
2014 04 02 00 27 45 2 4335.785
2014 04 02 00 28 00 2 4335.790
2014 04 02 00 28 45 2 4335.790
2014 04 02 00 29 00 2 4335.805
2014 04 02 00 29 45 2 4335.805
2014 04 02 00 30 00 1 9999.000
2014 04 02 00 30 00 2 4335.810
2014 04 02 00 30 45 2 4335.810
2014 04 02 00 31 00 2 4335.794
2014 04 02 00 31 45 2 4335.794
2014 04 02 00 32 00 2 4335.804
2014 04 02 00 32 45 2 4335.804
2014 04 02 00 33 00 2 4335.792
2014 04 02 00 33 45 2 4335.792
2014 04 02 00 34 00 2 4335.810
2014 04 02 00 34 45 2 4335.810
2014 04 02 00 35 00 2 4335.790
2014 04 02 00 35 45 2 4335.790
2014 04 02 00 36 00 2 4335.800
2014 04 02 00 36 45 2 4335.800
2014 04 02 00 37 00 2 4335.790
2014 04 02 00 37 45 2 4335.790
2014 04 02 00 38 00 2 4335.809
2014 04 02 00 38 45 2 4335.809
2014 04 02 00 39 00 2 4335.786
2014 04 02 00 39 45 2 4335.786
2014 04 02 00 40 00 2 4335.802
2014 04 02 00 40 45 2 4335.802
2014 04 02 00 41 00 2 4335.796
2014 04 02 00 41 45 2 4335.796
2014 04 02 00 42 00 2 4335.781
2014 04 02 00 42 45 2 4335.781
2014 04 02 00 43 00 2 4335.804
2014 04 02 00 43 45 2 4335.804
2014 04 02 00 44 00 2 4335.797
2014 04 02 00 44 45 2 4335.797
2014 04 02 00 45 00 1 9999.000
2014 04 02 00 45 00 2 4335.792
2014 04 02 00 45 45 2 4335.792
2014 04 02 00 46 00 2 4335.781
2014 04 02 00 46 45 2 4335.781
2014 04 02 00 47 00 2 4335.807
2014 04 02 00 47 45 2 4335.807
2014 04 02 00 48 00 2 4335.792
2014 04 02 00 48 45 2 4335.792
2014 04 02 00 49 00 2 4335.787
2014 04 02 00 49 45 2 4335.787
2014 04 02 00 50 00 2 4335.787
2014 04 02 00 50 45 2 4335.787
2014 04 02 00 51 00 2 4335.789
2014 04 02 00 51 45 2 4335.789
2014 04 02 00 52 00 2 4335.793
2014 04 02 00 52 45 2 4335.793
2014 04 02 00 53 00 2 4335.786
2014 04 02 00 53 45 2 4335.786
2014 04 02 00 54 00 2 4335.788
2014 04 02 00 54 45 2 4335.788
2014 04 02 00 55 00 2 4335.789
2014 04 02 00 55 45 2 4335.789
2014 04 02 00 56 00 2 4335.782
2014 04 02 00 56 45 2 4335.782
2014 04 02 00 57 00 2 4335.785
2014 04 02 00 57 45 2 4335.785
2014 04 02 00 58 00 2 4335.787
2014 04 02 00 58 45 2 4335.787
2014 04 02 00 59 00 2 4335.782
2014 04 02 00 59 45 2 4335.782
2014 04 02 01 00 00 1 9999.000
2014 04 02 01 00 00 2 4335.786
2014 04 02 01 00 45 2 4335.786
2014 04 02 01 01 00 2 4335.784
2014 04 02 01 01 45 2 4335.784
2014 04 02 01 02 00 2 4335.780
2014 04 02 01 02 45 2 4335.780
2014 04 02 01 03 00 2 4335.779
2014 04 02 01 03 45 2 4335.779
2014 04 02 01 04 00 2 4335.782
2014 04 02 01 04 45 2 4335.782
2014 04 02 01 05 00 2 4335.782
2014 04 02 01 05 45 2 4335.782
2014 04 02 01 06 00 2 4335.775
2014 04 02 01 06 45 2 4335.775
2014 04 02 01 07 00 2 4335.780
2014 04 02 01 07 45 2 4335.780
2014 04 02 01 08 00 2 4335.778
2014 04 02 01 08 45 2 4335.778
2014 04 02 01 09 00 2 4335.778
2014 04 02 01 09 45 2 4335.778
2014 04 02 01 10 00 2 4335.776
2014 04 02 01 10 45 2 4335.776
2014 04 02 01 11 00 2 4335.775
2014 04 02 01 11 45 2 4335.775
2014 04 02 01 12 00 2 4335.774
2014 04 02 01 12 45 2 4335.774
2014 04 02 01 13 00 2 4335.774
2014 04 02 01 13 45 2 4335.774
2014 04 02 01 14 00 2 4335.775
2014 04 02 01 14 45 2 4335.775
2014 04 02 01 15 00 1 9999.000
2014 04 02 01 15 00 2 4335.770
2014 04 02 01 15 45 2 4335.770
2014 04 02 01 16 00 2 4335.769
2014 04 02 01 16 45 2 4335.769
2014 04 02 01 17 00 2 4335.771
2014 04 02 01 17 45 2 4335.771
2014 04 02 01 18 00 2 4335.769
2014 04 02 01 18 45 2 4335.769
2014 04 02 01 19 00 2 4335.767
2014 04 02 01 19 45 2 4335.767
2014 04 02 01 20 00 2 4335.768
2014 04 02 01 20 45 2 4335.768
2014 04 02 01 21 00 2 4335.766
2014 04 02 01 21 45 2 4335.766
2014 04 02 01 22 00 2 4335.767
2014 04 02 01 22 45 2 4335.767
2014 04 02 01 23 00 2 4335.763
2014 04 02 01 23 45 2 4335.763
2014 04 02 01 24 00 2 4335.766
2014 04 02 01 24 45 2 4335.766
2014 04 02 01 25 00 2 4335.762
2014 04 02 01 25 45 2 4335.762
2014 04 02 01 26 00 2 4335.763
2014 04 02 01 26 45 2 4335.763
2014 04 02 01 27 00 2 4335.762
2014 04 02 01 27 45 2 4335.762
2014 04 02 01 28 00 2 4335.760
2014 04 02 01 28 45 2 4335.760
2014 04 02 01 29 00 2 4335.759
2014 04 02 01 29 45 2 4335.759
2014 04 02 01 30 00 1 9999.000
2014 04 02 01 30 00 2 4335.757
2014 04 02 01 30 45 2 4335.757
2014 04 02 01 31 00 2 4335.759
2014 04 02 01 31 45 2 4335.759
2014 04 02 01 32 00 2 4335.756
2014 04 02 01 32 45 2 4335.756
2014 04 02 01 33 00 2 4335.754
2014 04 02 01 33 45 2 4335.754
2014 04 02 01 34 00 2 4335.755
2014 04 02 01 34 45 2 4335.755
2014 04 02 01 35 00 2 4335.754
2014 04 02 01 35 45 2 4335.754
2014 04 02 01 36 00 2 4335.753
2014 04 02 01 36 45 2 4335.753
2014 04 02 01 37 00 2 4335.752
2014 04 02 01 37 45 2 4335.752
2014 04 02 01 38 00 2 4335.750
2014 04 02 01 38 45 2 4335.750
2014 04 02 01 39 00 2 4335.749
2014 04 02 01 39 45 2 4335.749
2014 04 02 01 40 00 2 4335.749
2014 04 02 01 40 45 2 4335.749
2014 04 02 01 41 00 2 4335.747
2014 04 02 01 41 45 2 4335.747
2014 04 02 01 42 00 2 4335.745
2014 04 02 01 42 45 2 4335.745
2014 04 02 01 43 00 2 4335.745
2014 04 02 01 43 45 2 4335.745
2014 04 02 01 44 00 2 4335.744
2014 04 02 01 44 45 2 4335.744
2014 04 02 01 45 00 1 9999.000
2014 04 02 01 45 00 2 4335.742
2014 04 02 01 45 45 2 4335.742
2014 04 02 01 46 00 2 4335.740
2014 04 02 01 46 45 2 4335.740
2014 04 02 01 47 00 2 4335.741
2014 04 02 01 47 45 2 4335.741
2014 04 02 01 48 00 2 4335.739
2014 04 02 01 48 45 2 4335.739
2014 04 02 01 49 00 2 4335.738
2014 04 02 01 49 45 2 4335.738
2014 04 02 01 50 00 2 4335.737
2014 04 02 01 50 45 2 4335.737
2014 04 02 01 51 00 2 4335.736
2014 04 02 01 51 45 2 4335.736
2014 04 02 01 52 00 2 4335.735
2014 04 02 01 52 45 2 4335.735
2014 04 02 01 53 00 2 4335.735
2014 04 02 01 53 45 2 4335.735
2014 04 02 01 54 00 2 4335.736
2014 04 02 01 54 45 2 4335.736
2014 04 02 01 55 00 2 4335.739
2014 04 02 01 55 45 2 4335.739
2014 04 02 01 56 00 2 4335.743
2014 04 02 01 56 45 2 4335.743
2014 04 02 01 57 00 2 4335.751
2014 04 02 01 57 45 2 4335.751
2014 04 02 01 58 00 2 4335.762
2014 04 02 01 58 45 2 4335.762
2014 04 02 01 59 00 2 4335.776
2014 04 02 01 59 45 2 4335.776
2014 04 02 02 00 00 1 9999.000
2014 04 02 02 00 00 2 4335.787
2014 04 02 02 01 00 2 4335.789
2014 04 02 02 01 30 3 4335.789
2014 04 02 02 01 45 3 4335.786
2014 04 02 02 02 00 2 4335.778
2014 04 02 02 02 00 3 4335.786
2014 04 02 02 02 15 3 4335.780
2014 04 02 02 02 30 3 4335.776
2014 04 02 02 02 45 3 4335.770
2014 04 02 02 03 00 2 4335.753
2014 04 02 02 03 00 3 4335.763
2014 04 02 02 03 15 3 4335.758
2014 04 02 02 03 30 3 4335.750
2014 04 02 02 03 45 3 4335.740
2014 04 02 02 04 00 2 4335.718
2014 04 02 02 04 00 3 4335.732
2014 04 02 02 04 15 3 4335.721
2014 04 02 02 04 30 3 4335.713
2014 04 02 02 04 45 3 4335.705
2014 04 02 02 05 00 2 4335.690
2014 04 02 02 05 00 3 4335.697
2014 04 02 02 05 15 3 4335.693
2014 04 02 02 06 00 2 4335.675
2014 04 02 02 07 00 2 4335.678
2014 04 02 02 07 30 3 4335.678
2014 04 02 02 07 45 3 4335.685
2014 04 02 02 08 00 2 4335.695
2014 04 02 02 08 00 3 4335.689
2014 04 02 02 08 15 3 4335.694
2014 04 02 02 08 30 3 4335.698
2014 04 02 02 08 45 3 4335.701
2014 04 02 02 09 00 2 4335.706
2014 04 02 02 09 00 3 4335.703
2014 04 02 02 09 15 3 4335.704
2014 04 02 02 09 30 3 4335.707
2014 04 02 02 09 45 3 4335.709
2014 04 02 02 10 00 2 4335.710
2014 04 02 02 10 00 3 4335.711
2014 04 02 02 10 15 3 4335.710
2014 04 02 02 10 30 3 4335.709
2014 04 02 02 10 45 3 4335.708
2014 04 02 02 11 00 2 4335.703
2014 04 02 02 11 00 3 4335.706
2014 04 02 02 11 15 3 4335.703
2014 04 02 02 12 00 2 4335.698
2014 04 02 02 13 00 2 4335.700
2014 04 02 02 14 00 2 4335.706
2014 04 02 02 15 00 1 9999.000
2014 04 02 02 15 00 2 4335.714
2014 04 02 02 16 00 2 4335.718
2014 04 02 02 17 00 2 4335.724
2014 04 02 02 18 00 2 4335.721
2014 04 02 02 19 00 2 4335.715
2014 04 02 02 20 00 2 4335.708
2014 04 02 02 21 00 2 4335.707
2014 04 02 02 22 00 2 4335.708
2014 04 02 02 23 00 2 4335.704
2014 04 02 02 24 00 2 4335.698
2014 04 02 02 25 00 2 4335.699
2014 04 02 02 26 00 2 4335.701
2014 04 02 02 27 00 2 4335.701
2014 04 02 02 28 00 2 4335.700
2014 04 02 02 29 00 2 4335.700
2014 04 02 02 30 00 1 9999.000
2014 04 02 02 30 00 2 4335.707
2014 04 02 02 31 00 2 4335.715
2014 04 02 02 32 00 2 4335.713
2014 04 02 02 33 00 2 4335.704
2014 04 02 02 34 00 2 4335.689
2014 04 02 02 35 00 2 4335.667
2014 04 02 02 36 00 2 4335.647
2014 04 02 02 37 00 2 4335.640
2014 04 02 02 38 00 2 4335.640
2014 04 02 02 39 00 2 4335.638
2014 04 02 02 40 00 2 4335.640
2014 04 02 02 41 00 2 4335.645
2014 04 02 02 42 00 2 4335.649
2014 04 02 02 43 00 2 4335.653
2014 04 02 02 44 00 2 4335.667
2014 04 02 02 45 00 1 9999.000
2014 04 02 02 45 00 2 4335.679
2014 04 02 02 46 00 2 4335.687
2014 04 02 02 47 00 2 4335.693
2014 04 02 02 48 00 2 4335.691
2014 04 02 02 49 00 2 4335.679
2014 04 02 02 50 00 2 4335.663
2014 04 02 02 51 00 2 4335.649
2014 04 02 02 52 00 2 4335.640
2014 04 02 02 53 00 2 4335.636
2014 04 02 02 54 00 2 4335.634
2014 04 02 02 55 00 2 4335.633
2014 04 02 02 56 00 2 4335.639
2014 04 02 02 57 00 2 4335.641
2014 04 02 02 58 00 2 4335.636
2014 04 02 02 59 00 2 4335.639
2014 04 02 03 00 00 1 9999.000
2014 04 02 03 00 00 2 4335.639
2014 04 02 03 01 00 2 4335.633
2014 04 02 03 02 00 2 4335.629
2014 04 02 03 03 00 2 4335.625
2014 04 02 03 04 00 2 4335.626
2014 04 02 03 05 00 2 4335.628
2014 04 02 03 06 00 2 4335.629
2014 04 02 03 07 00 2 4335.630
2014 04 02 03 08 00 2 4335.633
2014 04 02 03 09 00 2 4335.633
2014 04 02 03 10 00 2 4335.631
2014 04 02 03 11 00 2 4335.628
2014 04 02 03 12 00 2 4335.634
2014 04 02 03 13 00 2 4335.629
2014 04 02 03 14 00 2 4335.619
2014 04 02 03 15 00 1 9999.000
2014 04 02 03 15 00 2 4335.609
2014 04 02 03 16 00 2 4335.597
2014 04 02 03 17 00 2 4335.593
2014 04 02 03 18 00 2 4335.596
2014 04 02 03 19 00 2 4335.598
2014 04 02 03 20 00 2 4335.602
2014 04 02 03 21 00 2 4335.602
2014 04 02 03 22 00 2 4335.606
2014 04 02 03 23 00 2 4335.609
2014 04 02 03 24 00 2 4335.606
2014 04 02 03 25 00 2 4335.602
2014 04 02 03 26 00 2 4335.598
2014 04 02 03 27 00 2 4335.600
2014 04 02 03 28 00 2 4335.603
2014 04 02 03 29 00 2 4335.607
2014 04 02 03 30 00 1 9999.000
2014 04 02 03 30 00 2 4335.606
2014 04 02 03 31 00 2 4335.609
2014 04 02 03 32 00 2 4335.608
2014 04 02 03 33 00 2 4335.608
2014 04 02 03 34 00 2 4335.603
2014 04 02 03 35 00 2 4335.598
2014 04 02 03 36 00 2 4335.597
2014 04 02 03 37 00 2 4335.598
2014 04 02 03 38 00 2 4335.600
2014 04 02 03 39 00 2 4335.598
2014 04 02 03 40 00 2 4335.598
2014 04 02 03 41 00 2 4335.596
2014 04 02 03 42 00 2 4335.592
2014 04 02 03 43 00 2 4335.592
2014 04 02 03 44 00 2 4335.593
2014 04 02 03 45 00 1 9999.000
2014 04 02 03 45 00 2 4335.586
2014 04 02 03 46 00 2 4335.580
2014 04 02 03 47 00 2 4335.578
2014 04 02 03 48 00 2 4335.574
2014 04 02 03 49 00 2 4335.570
2014 04 02 03 50 00 2 4335.569
2014 04 02 03 51 00 2 4335.569
2014 04 02 03 52 00 2 4335.570
2014 04 02 03 53 00 2 4335.569
2014 04 02 03 54 00 2 4335.561
2014 04 02 03 55 00 2 4335.560
2014 04 02 03 56 00 2 4335.564
2014 04 02 03 57 00 2 4335.570
2014 04 02 03 58 00 2 4335.565
2014 04 02 03 59 00 2 4335.561
2014 04 02 04 00 00 1 9999.000
2014 04 02 04 00 00 2 4335.560
2014 04 02 04 01 00 2 4335.553
2014 04 02 04 02 00 2 4335.544
2014 04 02 04 03 00 2 4335.539
2014 04 02 04 04 00 2 4335.533
2014 04 02 04 05 00 2 4335.535
2014 04 02 04 06 00 2 4335.534
2014 04 02 04 07 00 2 4335.537
2014 04 02 04 08 00 2 4335.538
2014 04 02 04 09 00 2 4335.539
2014 04 02 04 10 00 2 4335.543
2014 04 02 04 11 00 2 4335.546
2014 04 02 04 12 00 2 4335.544
2014 04 02 04 13 00 2 4335.542
2014 04 02 04 14 00 2 4335.538
2014 04 02 04 15 00 1 9999.000
2014 04 02 04 15 00 2 4335.529
2014 04 02 04 16 00 2 4335.523
2014 04 02 04 17 00 2 4335.521
2014 04 02 04 18 00 2 4335.523
2014 04 02 04 19 00 2 4335.525
2014 04 02 04 20 00 2 4335.527
2014 04 02 04 21 00 2 4335.527
2014 04 02 04 22 00 2 4335.529
2014 04 02 04 23 00 2 4335.535
2014 04 02 04 24 00 2 4335.538
2014 04 02 04 25 00 2 4335.535
2014 04 02 04 26 00 2 4335.526
2014 04 02 04 27 00 2 4335.519
2014 04 02 04 28 00 2 4335.514
2014 04 02 04 29 00 2 4335.519
2014 04 02 04 30 00 1 9999.000
2014 04 02 04 30 00 2 4335.519
2014 04 02 04 31 00 2 4335.520
2014 04 02 04 32 00 2 4335.518
2014 04 02 04 33 00 2 4335.519
2014 04 02 04 34 00 2 4335.519
2014 04 02 04 35 00 2 4335.520
2014 04 02 04 36 00 2 4335.521
2014 04 02 04 37 00 2 4335.523
2014 04 02 04 38 00 2 4335.523
2014 04 02 04 39 00 2 4335.521
2014 04 02 04 40 00 2 4335.517
2014 04 02 04 41 00 2 4335.512
2014 04 02 04 42 00 2 4335.508
2014 04 02 04 43 00 2 4335.503
2014 04 02 04 44 00 2 4335.504
2014 04 02 04 45 00 1 9999.000
2014 04 02 04 45 00 2 4335.507
2014 04 02 04 46 00 2 4335.505
2014 04 02 04 47 00 2 4335.504
2014 04 02 04 48 00 2 4335.503
2014 04 02 04 49 00 2 4335.502
2014 04 02 04 50 00 2 4335.499
2014 04 02 04 51 00 2 4335.502
2014 04 02 04 52 00 2 4335.503
2014 04 02 04 53 00 2 4335.506
2014 04 02 04 54 00 2 4335.503
2014 04 02 04 55 00 2 4335.505
2014 04 02 04 56 00 2 4335.501
2014 04 02 04 57 00 2 4335.500
2014 04 02 04 58 00 2 4335.499
2014 04 02 04 59 00 2 4335.493
2014 04 02 05 00 00 1 9999.000
2014 04 02 05 00 00 2 4335.486
2014 04 02 05 01 00 2 4335.485
2014 04 02 05 02 00 2 4335.483
2014 04 02 05 03 00 2 4335.485
2014 04 02 05 04 00 2 4335.487
2014 04 02 05 05 00 2 4335.489
2014 04 02 05 06 00 2 4335.489
2014 04 02 05 07 00 2 4335.487
2014 04 02 05 08 00 2 4335.484
2014 04 02 05 09 00 2 4335.483
2014 04 02 05 10 00 2 4335.482
2014 04 02 05 11 00 2 4335.481
2014 04 02 05 12 00 2 4335.480
2014 04 02 05 13 00 2 4335.481
2014 04 02 05 14 00 2 4335.478
2014 04 02 05 15 00 1 9999.000
2014 04 02 05 15 00 2 4335.477
2014 04 02 05 16 00 2 4335.478
2014 04 02 05 16 45 3 4335.477
2014 04 02 05 17 00 2 4335.475
2014 04 02 05 17 00 3 4335.475
2014 04 02 05 17 15 3 4335.476
2014 04 02 05 17 30 3 4335.475
2014 04 02 05 17 45 3 4335.475
2014 04 02 05 18 00 2 4335.477
2014 04 02 05 18 00 3 4335.476
2014 04 02 05 18 15 3 4335.476
2014 04 02 05 18 30 3 4335.478
2014 04 02 05 18 45 3 4335.478
2014 04 02 05 19 00 2 4335.478
2014 04 02 05 19 00 3 4335.478
2014 04 02 05 19 15 3 4335.478
2014 04 02 05 19 30 3 4335.478
2014 04 02 05 19 45 3 4335.480
2014 04 02 05 20 00 2 4335.482
2014 04 02 05 20 00 3 4335.482
2014 04 02 05 20 15 3 4335.482
2014 04 02 05 20 30 3 4335.482
2014 04 02 05 21 00 2 4335.479
2014 04 02 05 22 00 2 4335.478
2014 04 02 05 22 30 3 4335.477
2014 04 02 05 22 45 3 4335.478
2014 04 02 05 23 00 2 4335.476
2014 04 02 05 23 00 3 4335.476
2014 04 02 05 23 15 3 4335.476
2014 04 02 05 23 30 3 4335.475
2014 04 02 05 23 45 3 4335.476
2014 04 02 05 24 00 2 4335.476
2014 04 02 05 24 00 3 4335.476
2014 04 02 05 24 15 3 4335.476
2014 04 02 05 24 30 3 4335.476
2014 04 02 05 24 45 3 4335.475
2014 04 02 05 25 00 2 4335.474
2014 04 02 05 25 00 3 4335.474
2014 04 02 05 25 15 3 4335.473
2014 04 02 05 25 30 3 4335.474
2014 04 02 05 25 45 3 4335.474
2014 04 02 05 26 00 2 4335.474
2014 04 02 05 26 00 3 4335.474
2014 04 02 05 26 15 3 4335.474
2014 04 02 05 27 00 2 4335.477
2014 04 02 05 28 00 2 4335.479
2014 04 02 05 29 00 2 4335.480
2014 04 02 05 30 00 1 9999.000
2014 04 02 05 30 00 2 4335.480
2014 04 02 05 31 00 2 4335.476
2014 04 02 05 31 30 3 4335.475
2014 04 02 05 31 45 3 4335.475
2014 04 02 05 32 00 2 4335.476
2014 04 02 05 32 00 3 4335.475
2014 04 02 05 32 15 3 4335.476
2014 04 02 05 32 30 3 4335.476
2014 04 02 05 32 45 3 4335.477
2014 04 02 05 33 00 2 4335.479
2014 04 02 05 33 00 3 4335.477
2014 04 02 05 33 15 3 4335.478
2014 04 02 05 33 30 3 4335.479
2014 04 02 05 33 45 3 4335.480
2014 04 02 05 34 00 2 4335.482
2014 04 02 05 34 00 3 4335.481
2014 04 02 05 34 15 3 4335.481
2014 04 02 05 34 30 3 4335.482
2014 04 02 05 34 45 3 4335.483
2014 04 02 05 35 00 2 4335.486
2014 04 02 05 35 00 3 4335.484
2014 04 02 05 35 15 3 4335.485
2014 04 02 05 36 00 2 4335.490
2014 04 02 05 37 00 2 4335.488
2014 04 02 05 38 00 2 4335.485
2014 04 02 05 39 00 2 4335.479
2014 04 02 05 40 00 2 4335.472
2014 04 02 05 41 00 2 4335.466
2014 04 02 05 42 00 2 4335.459
2014 04 02 05 43 00 2 4335.459
2014 04 02 05 44 00 2 4335.458
2014 04 02 05 45 00 1 9999.000
2014 04 02 05 45 00 2 4335.457
2014 04 02 05 46 00 2 4335.459
2014 04 02 05 47 00 2 4335.458
2014 04 02 05 48 00 2 4335.458
2014 04 02 05 49 00 2 4335.462
2014 04 02 05 50 00 2 4335.466
2014 04 02 05 51 00 2 4335.469
2014 04 02 05 52 00 2 4335.471
2014 04 02 05 53 00 2 4335.474
2014 04 02 05 54 00 2 4335.473
2014 04 02 05 55 00 2 4335.472
2014 04 02 05 56 00 2 4335.469
2014 04 02 05 57 00 2 4335.465
2014 04 02 05 58 00 2 4335.462
2014 04 02 05 59 00 2 4335.457
2014 04 02 06 00 00 1 9999.000
2014 04 02 06 00 00 2 4335.455
2014 04 02 06 01 00 2 4335.451
2014 04 02 06 02 00 2 4335.454
2014 04 02 06 03 00 2 4335.456
2014 04 02 06 04 00 2 4335.454
2014 04 02 06 05 00 2 4335.455
2014 04 02 06 06 00 2 4335.455
2014 04 02 06 07 00 2 4335.455
2014 04 02 06 08 00 2 4335.456
2014 04 02 06 09 00 2 4335.454
2014 04 02 06 10 00 2 4335.457
2014 04 02 06 11 00 2 4335.458
2014 04 02 06 12 00 2 4335.458
2014 04 02 06 13 00 2 4335.456
2014 04 02 06 14 00 2 4335.455
2014 04 02 06 15 00 1 9999.000
2014 04 02 06 15 00 2 4335.456
2014 04 02 06 16 00 2 4335.459
2014 04 02 06 17 00 2 4335.464
2014 04 02 06 18 00 2 4335.466
2014 04 02 06 19 00 2 4335.468
2014 04 02 06 20 00 2 4335.466
2014 04 02 06 21 00 2 4335.464
2014 04 02 06 22 00 2 4335.464
2014 04 02 06 23 00 2 4335.463
2014 04 02 06 24 00 2 4335.462
2014 04 02 06 25 00 2 4335.459
2014 04 02 06 26 00 2 4335.459
2014 04 02 06 27 00 2 4335.458
2014 04 02 06 28 00 2 4335.459
2014 04 02 06 29 00 2 4335.460
2014 04 02 06 30 00 1 9999.000
2014 04 02 06 30 00 2 4335.459
2014 04 02 06 31 00 2 4335.461
2014 04 02 06 32 00 2 4335.463
2014 04 02 06 33 00 2 4335.465
2014 04 02 06 34 00 2 4335.466
2014 04 02 06 35 00 2 4335.469
2014 04 02 06 36 00 2 4335.475
2014 04 02 06 37 00 2 4335.475
2014 04 02 06 38 00 2 4335.472
2014 04 02 06 39 00 2 4335.471
2014 04 02 06 40 00 2 4335.467
2014 04 02 06 41 00 2 4335.460
2014 04 02 06 42 00 2 4335.455
2014 04 02 06 43 00 2 4335.454
2014 04 02 06 44 00 2 4335.453
2014 04 02 06 45 00 1 9999.000
2014 04 02 06 45 00 2 4335.455
2014 04 02 06 46 00 2 4335.456
2014 04 02 06 47 00 2 4335.459
2014 04 02 06 48 00 2 4335.464
2014 04 02 06 49 00 2 4335.465
2014 04 02 06 50 00 2 4335.467
2014 04 02 06 51 00 2 4335.466
2014 04 02 06 52 00 2 4335.466
2014 04 02 06 53 00 2 4335.465
2014 04 02 06 54 00 2 4335.464
2014 04 02 06 55 00 2 4335.464
2014 04 02 06 56 00 2 4335.463
2014 04 02 06 57 00 2 4335.464
2014 04 02 06 58 00 2 4335.463
2014 04 02 06 59 00 2 4335.464
2014 04 02 07 00 00 1 9999.000
2014 04 02 07 00 00 2 4335.465
2014 04 02 07 01 00 2 4335.467
2014 04 02 07 02 00 2 4335.475
2014 04 02 07 03 00 2 4335.476
2014 04 02 07 04 00 2 4335.479
2014 04 02 07 05 00 2 4335.482
2014 04 02 07 06 00 2 4335.482
2014 04 02 07 07 00 2 4335.483
2014 04 02 07 08 00 2 4335.485
2014 04 02 07 09 00 2 4335.483
2014 04 02 07 10 00 2 4335.481
2014 04 02 07 11 00 2 4335.475
2014 04 02 07 12 00 2 4335.473
2014 04 02 07 13 00 2 4335.471
2014 04 02 07 14 00 2 4335.468
2014 04 02 07 15 00 1 9999.000
2014 04 02 07 15 00 2 4335.469
2014 04 02 07 16 00 2 4335.472
2014 04 02 07 17 00 2 4335.478
2014 04 02 07 18 00 2 4335.480
2014 04 02 07 19 00 2 4335.484
2014 04 02 07 20 00 2 4335.487
2014 04 02 07 21 00 2 4335.492
2014 04 02 07 22 00 2 4335.496
2014 04 02 07 23 00 2 4335.500
2014 04 02 07 24 00 2 4335.501
2014 04 02 07 25 00 2 4335.502
2014 04 02 07 26 00 2 4335.500
2014 04 02 07 27 00 2 4335.499
2014 04 02 07 28 00 2 4335.495
2014 04 02 07 29 00 2 4335.495
2014 04 02 07 30 00 1 9999.000
2014 04 02 07 30 00 2 4335.492
2014 04 02 07 31 00 2 4335.491
2014 04 02 07 32 00 2 4335.492
2014 04 02 07 33 00 2 4335.492
2014 04 02 07 34 00 2 4335.494
2014 04 02 07 35 00 2 4335.503
2014 04 02 07 36 00 2 4335.507
2014 04 02 07 37 00 2 4335.509
2014 04 02 07 38 00 2 4335.514
2014 04 02 07 39 00 2 4335.514
2014 04 02 07 40 00 2 4335.517
2014 04 02 07 41 00 2 4335.516
2014 04 02 07 42 00 2 4335.513
2014 04 02 07 43 00 2 4335.507
2014 04 02 07 44 00 2 4335.501
2014 04 02 07 45 00 1 9999.000
2014 04 02 07 45 00 2 4335.501
2014 04 02 07 46 00 2 4335.500
2014 04 02 07 47 00 2 4335.505
2014 04 02 07 48 00 2 4335.505
2014 04 02 07 49 00 2 4335.504
2014 04 02 07 50 00 2 4335.503
2014 04 02 07 51 00 2 4335.504
2014 04 02 07 52 00 2 4335.506
2014 04 02 07 53 00 2 4335.509
2014 04 02 07 54 00 2 4335.511
2014 04 02 07 55 00 2 4335.513
2014 04 02 07 56 00 2 4335.514
2014 04 02 07 57 00 2 4335.517
2014 04 02 07 58 00 2 4335.520
2014 04 02 07 59 00 2 4335.523
2014 04 02 08 00 00 1 9999.000
2014 04 02 08 00 00 2 4335.528
2014 04 02 08 01 00 2 4335.532
2014 04 02 08 02 00 2 4335.535
2014 04 02 08 03 00 2 4335.537
2014 04 02 08 04 00 2 4335.542
2014 04 02 08 05 00 2 4335.542
2014 04 02 08 06 00 2 4335.542
2014 04 02 08 07 00 2 4335.546
2014 04 02 08 08 00 2 4335.547
2014 04 02 08 09 00 2 4335.548
2014 04 02 08 10 00 2 4335.551
2014 04 02 08 11 00 2 4335.551
2014 04 02 08 12 00 2 4335.552
2014 04 02 08 13 00 2 4335.550
2014 04 02 08 14 00 2 4335.547
2014 04 02 08 15 00 1 4335.546
2014 04 02 08 15 00 2 4335.545
2014 04 02 08 16 00 2 4335.544
2014 04 02 08 17 00 2 4335.547
2014 04 02 08 18 00 2 4335.548
2014 04 02 08 19 00 2 4335.549
2014 04 02 08 20 00 2 4335.552
2014 04 02 08 21 00 2 4335.554
2014 04 02 08 22 00 2 4335.558
2014 04 02 08 23 00 2 4335.561
2014 04 02 08 24 00 2 4335.567
2014 04 02 08 25 00 2 4335.569
2014 04 02 08 26 00 2 4335.569
2014 04 02 08 27 00 2 4335.572
2014 04 02 08 28 00 2 4335.573
2014 04 02 08 29 00 2 4335.574
2014 04 02 08 30 00 1 4335.577
2014 04 02 08 30 00 2 4335.578
2014 04 02 08 31 00 2 4335.580
2014 04 02 08 32 00 2 4335.582
2014 04 02 08 33 00 2 4335.584
2014 04 02 08 34 00 2 4335.585
2014 04 02 08 45 00 1 4335.600
2014 04 02 09 00 00 1 4335.620
2014 04 02 09 15 00 1 4335.661
2014 04 02 09 30 00 1 4335.673
2014 04 02 09 45 00 1 4335.700
2014 04 02 10 00 00 1 4335.740
2014 04 02 10 15 00 1 4335.769
2014 04 02 10 30 00 1 4335.794
2014 04 02 10 45 00 1 4335.815
2014 04 02 11 00 00 1 4335.844
2014 04 02 11 15 00 1 4335.870
2014 04 02 11 30 00 1 4335.889
2014 04 02 11 45 00 1 4335.908
2014 04 02 12 00 00 1 4335.924
2014 04 02 12 15 00 1 4335.937
2014 04 02 12 30 00 1 4335.943
2014 04 02 12 45 00 1 4335.949
2014 04 02 13 00 00 1 4335.956
2014 04 02 13 15 00 1 4335.953
2014 04 02 13 30 00 1 4335.951
2014 04 02 13 45 00 1 4335.945
2014 04 02 14 00 00 1 4335.935
2014 04 02 14 15 00 1 4335.929
2014 04 02 14 30 00 1 4335.917
2014 04 02 14 45 00 1 4335.899
2014 04 02 15 00 00 1 4335.881
2014 04 02 15 15 00 1 4335.868
2014 04 02 15 30 00 1 4335.846
2014 04 02 15 45 00 1 4335.837
2014 04 02 16 00 00 1 4335.817
2014 04 02 16 15 00 1 4335.800
2014 04 02 16 30 00 1 4335.782
2014 04 02 16 45 00 1 4335.768
2014 04 02 17 00 00 1 4335.745
2014 04 02 17 15 00 1 4335.726
2014 04 02 17 30 00 1 4335.717
2014 04 02 17 45 00 1 4335.700
2014 04 02 18 00 00 1 4335.685
2014 04 02 18 15 00 1 4335.679
2014 04 02 18 30 00 1 4335.670
2014 04 02 18 45 00 1 4335.651
2014 04 02 19 00 00 1 4335.645
2014 04 02 19 15 00 1 4335.640
2014 04 02 19 30 00 1 4335.636
2014 04 02 19 45 00 1 4335.638
2014 04 02 20 00 00 1 4335.637
2014 04 02 20 15 00 1 4335.640
2014 04 02 20 30 00 1 4335.637
2014 04 02 20 45 00 1 4335.646
2014 04 02 21 00 00 1 4335.648
2014 04 02 21 15 00 1 4335.655
2014 04 02 21 30 00 1 4335.670
2014 04 02 21 45 00 1 4335.681
2014 04 02 22 00 00 1 4335.690
2014 04 02 22 15 00 1 4335.703
2014 04 02 22 30 00 1 4335.716
2014 04 02 22 45 00 1 4335.724
2014 04 02 23 00 00 1 4335.734
2014 04 02 23 15 00 1 4335.740
2014 04 02 23 30 00 1 4335.740
2014 04 02 23 45 00 1 4335.750
2014 04 03 00 00 00 1 4335.758
2014 04 03 00 15 00 1 4335.758
2014 04 03 00 30 00 1 4335.761
2014 04 03 00 45 00 1 4335.764
2014 04 03 01 00 00 1 4335.762
2014 04 03 01 00 00 2 4335.763
2014 04 03 01 01 00 2 4335.763
2014 04 03 01 02 00 2 4335.765
2014 04 03 01 03 00 2 4335.767
2014 04 03 01 04 00 2 4335.767
2014 04 03 01 05 00 2 4335.766
2014 04 03 01 06 00 2 4335.767
2014 04 03 01 07 00 2 4335.765
2014 04 03 01 08 00 2 4335.765
2014 04 03 01 09 00 2 4335.763
2014 04 03 01 10 00 2 4335.762
2014 04 03 01 11 00 2 4335.760
2014 04 03 01 12 00 2 4335.759
2014 04 03 01 13 00 2 4335.758
2014 04 03 01 14 00 2 4335.755
2014 04 03 01 15 00 1 4335.755
2014 04 03 01 15 00 2 4335.755
2014 04 03 01 16 00 2 4335.753
2014 04 03 01 17 00 2 4335.753
2014 04 03 01 18 00 2 4335.754
2014 04 03 01 19 00 2 4335.756
2014 04 03 01 20 00 2 4335.757
2014 04 03 01 21 00 2 4335.760
2014 04 03 01 22 00 2 4335.758
2014 04 03 01 23 00 2 4335.758
2014 04 03 01 24 00 2 4335.758
2014 04 03 01 25 00 2 4335.758
2014 04 03 01 26 00 2 4335.758
2014 04 03 01 27 00 2 4335.757
2014 04 03 01 28 00 2 4335.755
2014 04 03 01 29 00 2 4335.754
2014 04 03 01 30 00 1 4335.754
2014 04 03 01 30 00 2 4335.754
2014 04 03 01 31 00 2 4335.753
2014 04 03 01 32 00 2 4335.753
2014 04 03 01 33 00 2 4335.753
2014 04 03 01 34 00 2 4335.753
2014 04 03 01 35 00 2 4335.752
2014 04 03 01 36 00 2 4335.754
2014 04 03 01 37 00 2 4335.753
2014 04 03 01 38 00 2 4335.752
2014 04 03 01 39 00 2 4335.751
2014 04 03 01 40 00 2 4335.750
2014 04 03 01 41 00 2 4335.749
2014 04 03 01 42 00 2 4335.746
2014 04 03 01 43 00 2 4335.745
2014 04 03 01 44 00 2 4335.744
2014 04 03 01 45 00 1 4335.743
2014 04 03 01 45 00 2 4335.743
2014 04 03 01 46 00 2 4335.744
2014 04 03 01 47 00 2 4335.744
2014 04 03 01 48 00 2 4335.743
2014 04 03 01 49 00 2 4335.744
2014 04 03 01 50 00 2 4335.744
2014 04 03 01 51 00 2 4335.745
2014 04 03 01 52 00 2 4335.745
2014 04 03 01 53 00 2 4335.746
2014 04 03 01 54 00 2 4335.745
2014 04 03 01 55 00 2 4335.744
2014 04 03 01 56 00 2 4335.742
2014 04 03 01 57 00 2 4335.742
2014 04 03 01 58 00 2 4335.743
2014 04 03 01 59 00 2 4335.742
2014 04 03 02 00 00 1 4335.743
2014 04 03 02 00 00 2 4335.742
2014 04 03 02 01 00 2 4335.741
2014 04 03 02 02 00 2 4335.741
2014 04 03 02 03 00 2 4335.739
2014 04 03 02 04 00 2 4335.738
2014 04 03 02 05 00 2 4335.736
2014 04 03 02 06 00 2 4335.733
2014 04 03 02 07 00 2 4335.733
2014 04 03 02 08 00 2 4335.730
2014 04 03 02 09 00 2 4335.731
2014 04 03 02 10 00 2 4335.729
2014 04 03 02 11 00 2 4335.730
2014 04 03 02 12 00 2 4335.729
2014 04 03 02 13 00 2 4335.728
2014 04 03 02 14 00 2 4335.728
2014 04 03 02 15 00 1 9999.000
2014 04 03 02 15 00 2 4335.727
2014 04 03 02 16 00 2 4335.725
2014 04 03 02 17 00 2 4335.727
2014 04 03 02 18 00 2 4335.724
2014 04 03 02 19 00 2 4335.724
2014 04 03 02 20 00 2 4335.723
2014 04 03 02 21 00 2 4335.722
2014 04 03 02 22 00 2 4335.722
2014 04 03 02 23 00 2 4335.722
2014 04 03 02 24 00 2 4335.723
2014 04 03 02 25 00 2 4335.723
2014 04 03 02 26 00 2 4335.724
2014 04 03 02 27 00 2 4335.721
2014 04 03 02 28 00 2 4335.719
2014 04 03 02 29 00 2 4335.716
2014 04 03 02 30 00 1 9999.000
2014 04 03 02 30 00 2 4335.718
2014 04 03 02 31 00 2 4335.719
2014 04 03 02 32 00 2 4335.717
2014 04 03 02 33 00 2 4335.716
2014 04 03 02 34 00 2 4335.715
2014 04 03 02 35 00 2 4335.715
2014 04 03 02 36 00 2 4335.714
2014 04 03 02 37 00 2 4335.713
2014 04 03 02 38 00 2 4335.710
2014 04 03 02 39 00 2 4335.710
2014 04 03 02 40 00 2 4335.709
2014 04 03 02 41 00 2 4335.707
2014 04 03 02 42 00 2 4335.706
2014 04 03 02 43 00 2 4335.707
2014 04 03 02 44 00 2 4335.707
2014 04 03 02 45 00 1 9999.000
2014 04 03 02 45 00 2 4335.706
2014 04 03 02 46 00 2 4335.706
2014 04 03 02 47 00 2 4335.705
2014 04 03 02 48 00 2 4335.705
2014 04 03 02 49 00 2 4335.703
2014 04 03 02 50 00 2 4335.699
2014 04 03 02 50 45 3 4335.682
2014 04 03 02 51 00 2 4335.701
2014 04 03 02 51 00 3 4335.684
2014 04 03 02 51 15 3 4335.761
2014 04 03 02 51 30 3 4335.683
2014 04 03 02 51 45 3 4335.676
2014 04 03 02 52 00 2 4335.695
2014 04 03 02 52 00 3 4335.688
2014 04 03 02 52 15 3 4335.707
2014 04 03 02 52 30 3 4335.695
2014 04 03 02 52 45 3 4335.688
2014 04 03 02 53 00 2 4335.692
2014 04 03 02 53 00 3 4335.703
2014 04 03 02 53 15 3 4335.683
2014 04 03 02 53 30 3 4335.698
2014 04 03 02 53 45 3 4335.682
2014 04 03 02 54 00 2 4335.694
2014 04 03 02 54 00 3 4335.682
2014 04 03 02 54 15 3 4335.693
2014 04 03 02 54 30 3 4335.691
2014 04 03 02 55 00 2 4335.700
2014 04 03 02 56 00 2 4335.684
2014 04 03 02 57 00 2 4335.689
2014 04 03 02 58 00 2 4335.701
2014 04 03 02 59 00 2 4335.692
2014 04 03 03 00 00 1 9999.000
2014 04 03 03 00 00 2 4335.687
2014 04 03 03 01 00 2 4335.700
2014 04 03 03 02 00 2 4335.693
2014 04 03 03 03 00 2 4335.694
2014 04 03 03 04 00 2 4335.690
2014 04 03 03 05 00 2 4335.686
2014 04 03 03 06 00 2 4335.687
2014 04 03 03 07 00 2 4335.684
2014 04 03 03 08 00 2 4335.693
2014 04 03 03 09 00 2 4335.685
2014 04 03 03 10 00 2 4335.675
2014 04 03 03 11 00 2 4335.688
2014 04 03 03 12 00 2 4335.680
2014 04 03 03 13 00 2 4335.672
2014 04 03 03 14 00 2 4335.670
2014 04 03 03 15 00 1 9999.000
2014 04 03 03 15 00 2 4335.680
2014 04 03 03 16 00 2 4335.673
2014 04 03 03 17 00 2 4335.669
2014 04 03 03 18 00 2 4335.674
2014 04 03 03 19 00 2 4335.670
2014 04 03 03 20 00 2 4335.669
2014 04 03 03 21 00 2 4335.670
2014 04 03 03 22 00 2 4335.669
2014 04 03 03 23 00 2 4335.674
2014 04 03 03 24 00 2 4335.665
2014 04 03 03 25 00 2 4335.666
2014 04 03 03 26 00 2 4335.667
2014 04 03 03 27 00 2 4335.667
2014 04 03 03 28 00 2 4335.662
2014 04 03 03 29 00 2 4335.662
2014 04 03 03 30 00 1 9999.000
2014 04 03 03 30 00 2 4335.661
2014 04 03 03 31 00 2 4335.662
2014 04 03 03 32 00 2 4335.655
2014 04 03 03 33 00 2 4335.658
2014 04 03 03 34 00 2 4335.656
2014 04 03 03 35 00 2 4335.654
2014 04 03 03 36 00 2 4335.658
2014 04 03 03 37 00 2 4335.654
2014 04 03 03 38 00 2 4335.653
2014 04 03 03 39 00 2 4335.654
2014 04 03 03 40 00 2 4335.649
2014 04 03 03 41 00 2 4335.646
2014 04 03 03 42 00 2 4335.643
2014 04 03 03 43 00 2 4335.648
2014 04 03 03 44 00 2 4335.645
2014 04 03 03 45 00 1 9999.000
2014 04 03 03 45 00 2 4335.645
2014 04 03 03 46 00 2 4335.644
2014 04 03 03 47 00 2 4335.645
2014 04 03 03 48 00 2 4335.643
2014 04 03 03 49 00 2 4335.643
2014 04 03 03 50 00 2 4335.643
2014 04 03 03 51 00 2 4335.637
2014 04 03 03 52 00 2 4335.637
2014 04 03 03 53 00 2 4335.635
2014 04 03 03 54 00 2 4335.633
2014 04 03 03 55 00 2 4335.631
2014 04 03 03 56 00 2 4335.632
2014 04 03 03 57 00 2 4335.631
2014 04 03 03 58 00 2 4335.630
2014 04 03 03 59 00 2 4335.628
2014 04 03 04 00 00 1 9999.000
2014 04 03 04 00 00 2 4335.628
2014 04 03 04 01 00 2 4335.627
2014 04 03 04 02 00 2 4335.625
2014 04 03 04 03 00 2 4335.624
2014 04 03 04 04 00 2 4335.625
2014 04 03 04 05 00 2 4335.623
2014 04 03 04 06 00 2 4335.622
2014 04 03 04 07 00 2 4335.621
2014 04 03 04 08 00 2 4335.618
2014 04 03 04 09 00 2 4335.617
2014 04 03 04 10 00 2 4335.614
2014 04 03 04 11 00 2 4335.614
2014 04 03 04 12 00 2 4335.614
2014 04 03 04 13 00 2 4335.613
2014 04 03 04 14 00 2 4335.613
2014 04 03 04 15 00 1 9999.000
2014 04 03 04 15 00 2 4335.614
2014 04 03 04 16 00 2 4335.613
2014 04 03 04 17 00 2 4335.613
2014 04 03 04 18 00 2 4335.612
2014 04 03 04 19 00 2 4335.610
2014 04 03 04 20 00 2 4335.607
2014 04 03 04 21 00 2 4335.607
2014 04 03 04 22 00 2 4335.607
2014 04 03 04 23 00 2 4335.606
2014 04 03 04 24 00 2 4335.604
2014 04 03 04 25 00 2 4335.604
2014 04 03 04 26 00 2 4335.602
2014 04 03 04 27 00 2 4335.602
2014 04 03 04 28 00 2 4335.600
2014 04 03 04 29 00 2 4335.599
2014 04 03 04 30 00 1 9999.000
2014 04 03 04 30 00 2 4335.597
2014 04 03 04 31 00 2 4335.595
2014 04 03 04 32 00 2 4335.594
2014 04 03 04 33 00 2 4335.594
2014 04 03 04 34 00 2 4335.593
2014 04 03 04 35 00 2 4335.591
2014 04 03 04 36 00 2 4335.592
2014 04 03 04 37 00 2 4335.591
2014 04 03 04 38 00 2 4335.589
2014 04 03 04 39 00 2 4335.588
2014 04 03 04 40 00 2 4335.587
2014 04 03 04 41 00 2 4335.585
2014 04 03 04 42 00 2 4335.585
2014 04 03 04 43 00 2 4335.582
2014 04 03 04 44 00 2 4335.582
2014 04 03 04 45 00 1 9999.000
2014 04 03 04 45 00 2 4335.581
2014 04 03 04 46 00 2 4335.581
2014 04 03 04 47 00 2 4335.580
2014 04 03 04 48 00 2 4335.580
2014 04 03 04 49 00 2 4335.580
2014 04 03 04 50 00 2 4335.579
2014 04 03 04 51 00 2 4335.578
2014 04 03 04 52 00 2 4335.579
2014 04 03 04 53 00 2 4335.579
2014 04 03 04 54 00 2 4335.577
2014 04 03 04 55 00 2 4335.578
2014 04 03 04 56 00 2 4335.579
2014 04 03 04 57 00 2 4335.580
2014 04 03 04 58 00 2 4335.580
2014 04 03 04 59 00 2 4335.581
2014 04 03 05 00 00 1 9999.000
2014 04 03 05 00 00 2 4335.579
2014 04 03 05 01 00 2 4335.575
2014 04 03 05 02 00 2 4335.568
2014 04 03 05 03 00 2 4335.562
2014 04 03 05 04 00 2 4335.560
2014 04 03 05 05 00 2 4335.560
2014 04 03 05 06 00 2 4335.562
2014 04 03 05 07 00 2 4335.566
2014 04 03 05 08 00 2 4335.565
2014 04 03 05 09 00 2 4335.564
2014 04 03 05 10 00 2 4335.562
2014 04 03 05 11 00 2 4335.562
2014 04 03 05 12 00 2 4335.565
2014 04 03 05 13 00 2 4335.568
2014 04 03 05 14 00 2 4335.568
2014 04 03 05 15 00 1 9999.000
2014 04 03 05 15 00 2 4335.564
2014 04 03 05 16 00 2 4335.563
2014 04 03 05 17 00 2 4335.561
2014 04 03 05 18 00 2 4335.559
2014 04 03 05 19 00 2 4335.557
2014 04 03 05 20 00 2 4335.558
2014 04 03 05 21 00 2 4335.559
2014 04 03 05 22 00 2 4335.558
2014 04 03 05 23 00 2 4335.558
2014 04 03 05 24 00 2 4335.558
2014 04 03 05 25 00 2 4335.556
2014 04 03 05 26 00 2 4335.555
2014 04 03 05 27 00 2 4335.555
2014 04 03 05 28 00 2 4335.558
2014 04 03 05 29 00 2 4335.558
2014 04 03 05 30 00 1 9999.000
2014 04 03 05 30 00 2 4335.556
2014 04 03 05 31 00 2 4335.553
2014 04 03 05 32 00 2 4335.551
2014 04 03 05 33 00 2 4335.549
2014 04 03 05 34 00 2 4335.545
2014 04 03 05 35 00 2 4335.546
2014 04 03 05 36 00 2 4335.545
2014 04 03 05 37 00 2 4335.545
2014 04 03 05 38 00 2 4335.548
2014 04 03 05 39 00 2 4335.546
2014 04 03 05 40 00 2 4335.545
2014 04 03 05 41 00 2 4335.542
2014 04 03 05 42 00 2 4335.539
2014 04 03 05 43 00 2 4335.540
2014 04 03 05 44 00 2 4335.538
2014 04 03 05 45 00 1 9999.000
2014 04 03 05 45 00 2 4335.539
2014 04 03 05 46 00 2 4335.536
2014 04 03 05 47 00 2 4335.538
2014 04 03 05 48 00 2 4335.536
2014 04 03 05 49 00 2 4335.531
2014 04 03 05 50 00 2 4335.532
2014 04 03 05 51 00 2 4335.531
2014 04 03 05 52 00 2 4335.532
2014 04 03 05 53 00 2 4335.532
2014 04 03 05 54 00 2 4335.534
2014 04 03 05 55 00 2 4335.534
2014 04 03 05 56 00 2 4335.535
2014 04 03 05 57 00 2 4335.535
2014 04 03 05 58 00 2 4335.534
2014 04 03 05 59 00 2 4335.534
2014 04 03 06 00 00 1 9999.000
2014 04 03 06 00 00 2 4335.535
2014 04 03 06 01 00 2 4335.535
2014 04 03 06 02 00 2 4335.534
2014 04 03 06 03 00 2 4335.533
2014 04 03 06 04 00 2 4335.530
2014 04 03 06 05 00 2 4335.527
2014 04 03 06 06 00 2 4335.526
2014 04 03 06 07 00 2 4335.527
2014 04 03 06 08 00 2 4335.527
2014 04 03 06 09 00 2 4335.528
2014 04 03 06 10 00 2 4335.526
2014 04 03 06 11 00 2 4335.525
2014 04 03 06 12 00 2 4335.523
2014 04 03 06 13 00 2 4335.523
2014 04 03 06 14 00 2 4335.522
2014 04 03 06 15 00 1 9999.000
2014 04 03 06 15 00 2 4335.523
2014 04 03 06 16 00 2 4335.522
2014 04 03 06 17 00 2 4335.523
2014 04 03 06 18 00 2 4335.525
2014 04 03 06 19 00 2 4335.524
2014 04 03 06 20 00 2 4335.523
2014 04 03 06 21 00 2 4335.522
2014 04 03 06 22 00 2 4335.520
2014 04 03 06 23 00 2 4335.519
2014 04 03 06 24 00 2 4335.518
2014 04 03 06 25 00 2 4335.517
2014 04 03 06 26 00 2 4335.517
2014 04 03 06 27 00 2 4335.518
2014 04 03 06 28 00 2 4335.517
2014 04 03 06 29 00 2 4335.517
2014 04 03 06 30 00 1 9999.000
2014 04 03 06 30 00 2 4335.517
2014 04 03 06 31 00 2 4335.517
2014 04 03 06 32 00 2 4335.518
2014 04 03 06 33 00 2 4335.516
2014 04 03 06 34 00 2 4335.515
2014 04 03 06 35 00 2 4335.515
2014 04 03 06 36 00 2 4335.515
2014 04 03 06 37 00 2 4335.516
2014 04 03 06 38 00 2 4335.520
2014 04 03 06 39 00 2 4335.522
2014 04 03 06 40 00 2 4335.522
2014 04 03 06 41 00 2 4335.522
2014 04 03 06 42 00 2 4335.520
2014 04 03 06 43 00 2 4335.518
2014 04 03 06 44 00 2 4335.517
2014 04 03 06 45 00 1 9999.000
2014 04 03 06 45 00 2 4335.516
2014 04 03 06 46 00 2 4335.515
2014 04 03 06 47 00 2 4335.514
2014 04 03 06 48 00 2 4335.511
2014 04 03 06 49 00 2 4335.511
2014 04 03 06 50 00 2 4335.508
2014 04 03 06 51 00 2 4335.508
2014 04 03 06 52 00 2 4335.508
2014 04 03 06 53 00 2 4335.508
2014 04 03 06 54 00 2 4335.508
2014 04 03 06 55 00 2 4335.508
2014 04 03 06 56 00 2 4335.510
2014 04 03 06 57 00 2 4335.511
2014 04 03 06 58 00 2 4335.513
2014 04 03 06 59 00 2 4335.514
2014 04 03 07 00 00 1 9999.000
2014 04 03 07 15 00 1 4335.511
2014 04 03 07 30 00 1 4335.512
2014 04 03 07 45 00 1 4335.521
2014 04 03 08 00 00 1 4335.528
2014 04 03 08 15 00 1 4335.539
2014 04 03 08 30 00 1 4335.549
2014 04 03 08 45 00 1 4335.564
2014 04 03 09 00 00 1 4335.583
2014 04 03 09 15 00 1 4335.608
2014 04 03 09 30 00 1 4335.620
2014 04 03 09 45 00 1 4335.650
2014 04 03 10 00 00 1 4335.669
2014 04 03 10 15 00 1 4335.701
2014 04 03 10 30 00 1 4335.719
2014 04 03 10 45 00 1 4335.749
2014 04 03 11 00 00 1 4335.776
2014 04 03 11 15 00 1 4335.793
2014 04 03 11 30 00 1 4335.816
2014 04 03 11 45 00 1 4335.836
2014 04 03 12 00 00 1 4335.857
2014 04 03 12 15 00 1 4335.873
2014 04 03 12 30 00 1 4335.893
2014 04 03 12 45 00 1 4335.907
2014 04 03 13 00 00 1 4335.927
2014 04 03 13 15 00 1 4335.939
2014 04 03 13 30 00 1 4335.937
2014 04 03 13 45 00 1 4335.945
2014 04 03 14 00 00 1 4335.949
2014 04 03 14 15 00 1 4335.945
2014 04 03 14 30 00 1 4335.944
2014 04 03 14 45 00 1 4335.943
2014 04 03 15 00 00 1 4335.933
2014 04 03 15 15 00 1 4335.927
2014 04 03 15 30 00 1 4335.915
2014 04 03 15 45 00 1 4335.908
2014 04 03 16 00 00 1 4335.897
2014 04 03 16 15 00 1 4335.880
2014 04 03 16 30 00 1 4335.862
2014 04 03 16 45 00 1 4335.851
2014 04 03 17 00 00 1 4335.834
2014 04 03 17 15 00 1 4335.822
2014 04 03 17 30 00 1 4335.806
2014 04 03 17 45 00 1 4335.795
2014 04 03 18 00 00 1 4335.773
2014 04 03 18 15 00 1 4335.758
2014 04 03 18 30 00 1 4335.744
2014 04 03 18 45 00 1 4335.725
2014 04 03 19 00 00 1 4335.713
2014 04 03 19 15 00 1 4335.702
2014 04 03 19 30 00 1 4335.687
2014 04 03 19 45 00 1 4335.673
2014 04 03 20 00 00 1 4335.662
2014 04 03 20 15 00 1 4335.654
2014 04 03 20 30 00 1 4335.647
2014 04 03 20 45 00 1 4335.639
2014 04 03 21 00 00 1 4335.635
2014 04 03 21 15 00 1 4335.634
2014 04 03 21 30 00 1 4335.627
2014 04 03 21 45 00 1 4335.635
2014 04 03 22 00 00 1 4335.636
2014 04 03 22 15 00 1 4335.640
2014 04 03 22 30 00 1 4335.645
2014 04 03 22 45 00 1 4335.649
2014 04 03 23 00 00 1 4335.654
2014 04 03 23 15 00 1 4335.659
2014 04 03 23 30 00 1 4335.668
2014 04 03 23 45 00 1 4335.674
2014 04 04 00 00 00 1 4335.676
2014 04 04 00 15 00 1 4335.685
2014 04 04 00 30 00 1 4335.687
2014 04 04 00 45 00 1 4335.691
2014 04 04 01 00 00 1 4335.693
2014 04 04 01 15 00 1 4335.691
2014 04 04 01 30 00 1 4335.694
2014 04 04 01 45 00 1 4335.692
2014 04 04 02 00 00 1 4335.694
2014 04 04 02 15 00 1 4335.691
2014 04 04 02 30 00 1 4335.689
2014 04 04 02 45 00 1 4335.685
2014 04 04 03 00 00 1 4335.681
2014 04 04 03 15 00 1 4335.675
2014 04 04 03 30 00 1 4335.670
2014 04 04 03 45 00 1 4335.657
2014 04 04 04 00 00 1 4335.650
2014 04 04 04 15 00 1 4335.642
2014 04 04 04 30 00 1 4335.634
2014 04 04 04 45 00 1 4335.625
2014 04 04 05 00 00 1 4335.612
2014 04 04 05 15 00 1 4335.605
2014 04 04 05 30 00 1 4335.598
2014 04 04 05 45 00 1 4335.586
2014 04 04 06 00 00 1 4335.574
2014 04 04 06 15 00 1 4335.568
2014 04 04 06 30 00 1 4335.558
2014 04 04 06 45 00 1 4335.551
2014 04 04 07 00 00 1 4335.545
2014 04 04 07 15 00 1 4335.543
2014 04 04 07 30 00 1 4335.539
2014 04 04 07 45 00 1 4335.541
2014 04 04 08 00 00 1 4335.539
2014 04 04 08 15 00 1 4335.544
2014 04 04 08 30 00 1 4335.548
2014 04 04 08 45 00 1 4335.552
2014 04 04 09 00 00 1 4335.560
2014 04 04 09 15 00 1 4335.571
2014 04 04 09 30 00 1 4335.575
2014 04 04 09 45 00 1 4335.592
2014 04 04 10 00 00 1 4335.605
2014 04 04 10 15 00 1 4335.626
2014 04 04 10 30 00 1 4335.643
2014 04 04 10 45 00 1 4335.663
2014 04 04 11 00 00 1 4335.686
2014 04 04 11 15 00 1 4335.710
2014 04 04 11 30 00 1 4335.728
2014 04 04 11 45 00 1 4335.748
2014 04 04 12 00 00 1 4335.772
2014 04 04 12 15 00 1 4335.792
2014 04 04 12 30 00 1 4335.811
2014 04 04 12 45 00 1 4335.831
2014 04 04 13 00 00 1 4335.848
2014 04 04 13 15 00 1 4335.864
2014 04 04 13 30 00 1 4335.880
2014 04 04 13 45 00 1 4335.894
2014 04 04 14 00 00 1 4335.904
2014 04 04 14 15 00 1 4335.913
2014 04 04 14 30 00 1 4335.922
2014 04 04 14 45 00 1 4335.925
2014 04 04 15 00 00 1 4335.931
2014 04 04 15 15 00 1 4335.936
2014 04 04 15 30 00 1 4335.939
2014 04 04 15 45 00 1 4335.938
2014 04 04 16 00 00 1 4335.932
2014 04 04 16 15 00 1 4335.928
2014 04 04 16 30 00 1 4335.925
2014 04 04 16 45 00 1 4335.915
2014 04 04 17 00 00 1 4335.904
2014 04 04 17 15 00 1 4335.895
2014 04 04 17 30 00 1 4335.883
2014 04 04 17 45 00 1 4335.869
2014 04 04 18 00 00 1 4335.858
2014 04 04 18 15 00 1 4335.843
2014 04 04 18 30 00 1 4335.829
2014 04 04 18 45 00 1 4335.816
2014 04 04 19 00 00 1 4335.799
2014 04 04 19 15 00 1 4335.782
2014 04 04 19 30 00 1 4335.767
2014 04 04 19 45 00 1 4335.749
2014 04 04 20 00 00 1 4335.736
2014 04 04 20 15 00 1 4335.720
2014 04 04 20 30 00 1 4335.707
2014 04 04 20 45 00 1 4335.696
2014 04 04 21 00 00 1 4335.684
2014 04 04 21 15 00 1 4335.678
2014 04 04 21 30 00 1 4335.665
2014 04 04 21 45 00 1 4335.653
2014 04 04 22 00 00 1 4335.646
2014 04 04 22 15 00 1 4335.640
2014 04 04 22 30 00 1 4335.636
2014 04 04 22 45 00 1 4335.631
2014 04 04 23 00 00 1 4335.626
2014 04 04 23 15 00 1 4335.627
2014 04 04 23 30 00 1 4335.629
2014 04 04 23 45 00 1 4335.628
2014 04 05 00 00 00 1 4335.630
2014 04 05 00 15 00 1 4335.633
2014 04 05 00 30 00 1 4335.635
2014 04 05 00 45 00 1 4335.637
2014 04 05 01 00 00 1 4335.642
2014 04 05 01 15 00 1 4335.645
2014 04 05 01 30 00 1 4335.649
2014 04 05 01 45 00 1 4335.651
2014 04 05 02 00 00 1 4335.656
2014 04 05 02 15 00 1 4335.654
2014 04 05 02 30 00 1 4335.656
2014 04 05 02 45 00 1 4335.657
2014 04 05 03 00 00 1 4335.655
2014 04 05 03 15 00 1 4335.658
2014 04 05 03 30 00 1 4335.656
2014 04 05 03 45 00 1 4335.651
2014 04 05 04 00 00 1 4335.645
2014 04 05 04 15 00 1 4335.645
2014 04 05 04 30 00 1 4335.640
2014 04 05 04 45 00 1 4335.636
2014 04 05 05 00 00 1 4335.635
2014 04 05 05 15 00 1 4335.628
2014 04 05 05 30 00 1 4335.624
2014 04 05 05 45 00 1 4335.617
2014 04 05 06 00 00 1 4335.609
2014 04 05 06 15 00 1 4335.604
2014 04 05 06 30 00 1 4335.595
2014 04 05 06 45 00 1 4335.591
2014 04 05 07 00 00 1 4335.587
2014 04 05 07 15 00 1 4335.581
2014 04 05 07 30 00 1 4335.576
2014 04 05 07 45 00 1 4335.573
2014 04 05 08 00 00 1 4335.568
2014 04 05 08 15 00 1 4335.567
2014 04 05 08 30 00 1 4335.563
2014 04 05 08 45 00 1 4335.562
2014 04 05 09 00 00 1 4335.562
2014 04 05 09 15 00 1 4335.564
2014 04 05 09 30 00 1 4335.567
2014 04 05 09 45 00 1 4335.573
2014 04 05 10 00 00 1 4335.576
2014 04 05 10 15 00 1 4335.587
2014 04 05 10 30 00 1 4335.598
2014 04 05 10 45 00 1 4335.608
2014 04 05 11 00 00 1 4335.620
2014 04 05 11 15 00 1 4335.636
2014 04 05 11 30 00 1 4335.650
2014 04 05 11 45 00 1 4335.668
2014 04 05 12 00 00 1 4335.688
2014 04 05 12 15 00 1 4335.704
2014 04 05 12 30 00 1 4335.722
2014 04 05 12 45 00 1 4335.738
2014 04 05 13 00 00 1 4335.760
2014 04 05 13 15 00 1 4335.775
2014 04 05 13 30 00 1 4335.792
2014 04 05 13 45 00 1 4335.807
2014 04 05 14 00 00 1 4335.823
2014 04 05 14 15 00 1 4335.840
2014 04 05 14 30 00 1 4335.854
2014 04 05 14 45 00 1 4335.867
2014 04 05 15 00 00 1 4335.876
2014 04 05 15 15 00 1 4335.885
2014 04 05 15 30 00 1 4335.894
2014 04 05 15 45 00 1 4335.903
2014 04 05 16 00 00 1 4335.906
2014 04 05 16 15 00 1 4335.909
2014 04 05 16 30 00 1 4335.912
2014 04 05 16 45 00 1 4335.912
2014 04 05 17 00 00 1 4335.911
2014 04 05 17 15 00 1 4335.908
2014 04 05 17 30 00 1 4335.899
2014 04 05 17 45 00 1 4335.894
2014 04 05 18 00 00 1 4335.885
2014 04 05 18 15 00 1 4335.875
2014 04 05 18 30 00 1 4335.866
2014 04 05 18 45 00 1 4335.853
2014 04 05 19 00 00 1 4335.840
2014 04 05 19 15 00 1 4335.825
2014 04 05 19 30 00 1 4335.811
2014 04 05 19 45 00 1 4335.793
2014 04 05 20 00 00 1 4335.779
2014 04 05 20 15 00 1 4335.760
2014 04 05 20 30 00 1 4335.743
2014 04 05 20 45 00 1 4335.730
2014 04 05 21 00 00 1 4335.713
2014 04 05 21 15 00 1 4335.701
2014 04 05 21 30 00 1 4335.684
2014 04 05 21 45 00 1 4335.669
2014 04 05 22 00 00 1 4335.656
2014 04 05 22 15 00 1 4335.646
2014 04 05 22 30 00 1 4335.633
2014 04 05 22 45 00 1 4335.620
2014 04 05 23 00 00 1 4335.615
2014 04 05 23 15 00 1 4335.605
2014 04 05 23 30 00 1 4335.600
2014 04 05 23 45 00 1 4335.596
2014 04 06 00 00 00 1 4335.590
2014 04 06 00 15 00 1 4335.590
2014 04 06 00 30 00 1 4335.589
2014 04 06 00 45 00 1 4335.588
2014 04 06 01 00 00 1 4335.591
2014 04 06 01 15 00 1 4335.594
2014 04 06 01 30 00 1 4335.596
2014 04 06 01 45 00 1 4335.600
2014 04 06 02 00 00 1 4335.603
2014 04 06 02 15 00 1 4335.606
2014 04 06 02 30 00 1 4335.608
2014 04 06 02 45 00 1 4335.613
2014 04 06 03 00 00 1 4335.617
2014 04 06 03 15 00 1 4335.619
2014 04 06 03 30 00 1 4335.619
2014 04 06 03 45 00 1 4335.621
2014 04 06 04 00 00 1 4335.624
2014 04 06 04 15 00 1 4335.626
2014 04 06 04 30 00 1 4335.627
2014 04 06 04 45 00 1 4335.627
2014 04 06 05 00 00 1 4335.628
2014 04 06 05 15 00 1 4335.632
2014 04 06 05 30 00 1 4335.632
2014 04 06 05 45 00 1 4335.630
2014 04 06 06 00 00 1 4335.628
2014 04 06 06 15 00 1 4335.625
2014 04 06 06 30 00 1 4335.624
2014 04 06 06 45 00 1 4335.621
2014 04 06 07 00 00 1 4335.616
2014 04 06 07 15 00 1 4335.615
2014 04 06 07 30 00 1 4335.611
2014 04 06 07 45 00 1 4335.606
2014 04 06 08 00 00 1 4335.600
2014 04 06 08 15 00 1 4335.594
2014 04 06 08 30 00 1 4335.592
2014 04 06 08 45 00 1 4335.589
2014 04 06 09 00 00 1 4335.587
2014 04 06 09 15 00 1 4335.581
2014 04 06 09 30 00 1 4335.581
2014 04 06 09 45 00 1 4335.578
2014 04 06 10 00 00 1 4335.577
2014 04 06 10 15 00 1 4335.580
2014 04 06 10 30 00 1 4335.582
2014 04 06 10 45 00 1 4335.588
2014 04 06 11 00 00 1 4335.596
2014 04 06 11 15 00 1 4335.604
2014 04 06 11 30 00 1 4335.613
2014 04 06 11 45 00 1 4335.624
2014 04 06 12 00 00 1 4335.636
2014 04 06 12 15 00 1 4335.647
2014 04 06 12 30 00 1 4335.659
2014 04 06 12 45 00 1 4335.674
2014 04 06 13 00 00 1 4335.692
2014 04 06 13 15 00 1 4335.707
2014 04 06 13 30 00 1 4335.725
2014 04 06 13 45 00 1 4335.742
2014 04 06 14 00 00 1 4335.759
2014 04 06 14 15 00 1 4335.773
2014 04 06 14 30 00 1 4335.793
2014 04 06 14 45 00 1 4335.809
2014 04 06 15 00 00 1 4335.826
2014 04 06 15 15 00 1 4335.838
2014 04 06 15 30 00 1 4335.855
2014 04 06 15 45 00 1 4335.866
2014 04 06 16 00 00 1 4335.875
2014 04 06 16 15 00 1 4335.884
2014 04 06 16 30 00 1 4335.889
2014 04 06 16 45 00 1 4335.899
2014 04 06 17 00 00 1 4335.903
2014 04 06 17 15 00 1 4335.901
2014 04 06 17 30 00 1 4335.905
2014 04 06 17 45 00 1 4335.905
2014 04 06 18 00 00 1 4335.904
2014 04 06 18 15 00 1 4335.899
2014 04 06 18 30 00 1 4335.894
2014 04 06 18 45 00 1 4335.887
2014 04 06 19 00 00 1 4335.877
2014 04 06 19 15 00 1 4335.867
2014 04 06 19 30 00 1 4335.854
2014 04 06 19 45 00 1 4335.839
2014 04 06 20 00 00 1 4335.825
2014 04 06 20 15 00 1 4335.808
2014 04 06 20 30 00 1 4335.792
2014 04 06 20 45 00 1 4335.778
2014 04 06 21 00 00 1 4335.760
2014 04 06 21 15 00 1 4335.743
2014 04 06 21 30 00 1 4335.725
2014 04 06 21 45 00 1 4335.709
2014 04 06 22 00 00 1 4335.695
2014 04 06 22 15 00 1 4335.681
2014 04 06 22 30 00 1 4335.661
2014 04 06 22 45 00 1 4335.645
2014 04 06 23 00 00 1 4335.628
2014 04 06 23 15 00 1 4335.611
2014 04 06 23 30 00 1 4335.599
2014 04 06 23 45 00 1 4335.587
2014 04 07 00 00 00 1 4335.578
2014 04 07 00 15 00 1 4335.570
2014 04 07 00 30 00 1 4335.569
2014 04 07 00 45 00 1 4335.568
2014 04 07 01 00 00 1 4335.564
2014 04 07 01 15 00 1 4335.563
2014 04 07 01 30 00 1 4335.564
2014 04 07 01 45 00 1 4335.567
2014 04 07 02 00 00 1 4335.570
2014 04 07 02 15 00 1 4335.573
2014 04 07 02 30 00 1 4335.576
2014 04 07 02 45 00 1 4335.580
2014 04 07 03 00 00 1 4335.583
2014 04 07 03 15 00 1 4335.587
2014 04 07 03 30 00 1 4335.593
2014 04 07 03 45 00 1 4335.596
2014 04 07 04 00 00 1 4335.602
2014 04 07 04 15 00 1 4335.610
2014 04 07 04 30 00 1 4335.616
2014 04 07 04 45 00 1 4335.621
2014 04 07 05 00 00 1 4335.626
2014 04 07 05 15 00 1 4335.631
2014 04 07 05 30 00 1 4335.638
2014 04 07 05 45 00 1 4335.639
2014 04 07 06 00 00 1 4335.641
2014 04 07 06 15 00 1 4335.640
2014 04 07 06 30 00 1 4335.641
2014 04 07 06 45 00 1 4335.640
2014 04 07 07 00 00 1 4335.639
2014 04 07 07 15 00 1 4335.640
2014 04 07 07 30 00 1 4335.640
2014 04 07 07 45 00 1 4335.637
2014 04 07 08 00 00 1 4335.632
2014 04 07 08 15 00 1 4335.627
2014 04 07 08 30 00 1 4335.622
2014 04 07 08 45 00 1 4335.618
2014 04 07 09 00 00 1 4335.614
2014 04 07 09 15 00 1 4335.607
2014 04 07 09 30 00 1 4335.601
2014 04 07 09 45 00 1 4335.599
2014 04 07 10 00 00 1 4335.595
2014 04 07 10 15 00 1 4335.592
2014 04 07 10 30 00 1 4335.590
2014 04 07 10 45 00 1 4335.590
2014 04 07 11 00 00 1 4335.588
2014 04 07 11 15 00 1 4335.590
2014 04 07 11 30 00 1 4335.592
2014 04 07 11 45 00 1 4335.594
2014 04 07 12 00 00 1 4335.598
2014 04 07 12 15 00 1 4335.605
2014 04 07 12 30 00 1 4335.615
2014 04 07 12 45 00 1 4335.624
2014 04 07 13 00 00 1 4335.635
2014 04 07 13 15 00 1 4335.648
2014 04 07 13 30 00 1 4335.663
2014 04 07 13 45 00 1 4335.677
2014 04 07 14 00 00 1 4335.693
2014 04 07 14 15 00 1 4335.709
2014 04 07 14 30 00 1 4335.727
2014 04 07 14 45 00 1 4335.744
2014 04 07 15 00 00 1 4335.763
2014 04 07 15 15 00 1 4335.784
2014 04 07 15 30 00 1 4335.801
2014 04 07 15 45 00 1 4335.819
2014 04 07 16 00 00 1 4335.834
2014 04 07 16 15 00 1 4335.847
2014 04 07 16 30 00 1 4335.865
2014 04 07 16 45 00 1 4335.876
2014 04 07 17 00 00 1 4335.889
2014 04 07 17 15 00 1 4335.898
2014 04 07 17 30 00 1 4335.906
2014 04 07 17 45 00 1 4335.911
2014 04 07 18 00 00 1 4335.917
2014 04 07 18 15 00 1 4335.921
2014 04 07 18 30 00 1 4335.922
2014 04 07 18 45 00 1 4335.920
2014 04 07 19 00 00 1 4335.916
2014 04 07 19 15 00 1 4335.911
2014 04 07 19 30 00 1 4335.902
2014 04 07 19 45 00 1 4335.891
2014 04 07 20 00 00 1 4335.882
2014 04 07 20 15 00 1 4335.869
2014 04 07 20 30 00 1 4335.854
2014 04 07 20 45 00 1 4335.838
2014 04 07 21 00 00 1 4335.823
2014 04 07 21 15 00 1 4335.806
2014 04 07 21 30 00 1 4335.789
2014 04 07 21 45 00 1 4335.771
2014 04 07 22 00 00 1 4335.753
2014 04 07 22 15 00 1 4335.736
2014 04 07 22 30 00 1 4335.719
2014 04 07 22 45 00 1 4335.701
2014 04 07 23 00 00 1 4335.683
2014 04 07 23 15 00 1 4335.667
2014 04 07 23 30 00 1 4335.648
2014 04 07 23 45 00 1 4335.632
2014 04 08 00 00 00 1 4335.618
2014 04 08 00 15 00 1 4335.605
2014 04 08 00 30 00 1 4335.596
2014 04 08 00 45 00 1 4335.591
2014 04 08 01 00 00 1 4335.581
2014 04 08 01 15 00 1 4335.578
2014 04 08 01 30 00 1 4335.573
2014 04 08 01 45 00 1 4335.573
2014 04 08 02 00 00 1 4335.570
2014 04 08 02 15 00 1 4335.574
2014 04 08 02 30 00 1 4335.574
2014 04 08 02 45 00 1 4335.578
2014 04 08 03 00 00 1 4335.584
2014 04 08 03 15 00 1 4335.589
2014 04 08 03 30 00 1 4335.594
2014 04 08 03 45 00 1 4335.599
2014 04 08 04 00 00 1 4335.605
2014 04 08 04 15 00 1 4335.614
2014 04 08 04 30 00 1 4335.622
2014 04 08 04 45 00 1 4335.630
2014 04 08 05 00 00 1 4335.638
2014 04 08 05 15 00 1 4335.644
2014 04 08 05 30 00 1 4335.652
2014 04 08 05 45 00 1 4335.656
2014 04 08 06 00 00 1 4335.661
2014 04 08 06 15 00 1 4335.666
2014 04 08 06 30 00 1 4335.670
2014 04 08 06 45 00 1 4335.675
2014 04 08 07 00 00 1 4335.675
2014 04 08 07 15 00 1 4335.675
2014 04 08 07 30 00 1 4335.674
2014 04 08 07 45 00 1 4335.673
2014 04 08 08 00 00 1 4335.671
2014 04 08 08 15 00 1 4335.665
2014 04 08 08 30 00 1 4335.659
2014 04 08 08 45 00 1 4335.655
2014 04 08 09 00 00 1 4335.649
2014 04 08 09 15 00 1 4335.639
2014 04 08 09 30 00 1 4335.633
2014 04 08 09 45 00 1 4335.624
2014 04 08 10 00 00 1 4335.619
2014 04 08 10 15 00 1 4335.613
2014 04 08 10 30 00 1 4335.606
2014 04 08 10 45 00 1 4335.602
2014 04 08 11 00 00 1 4335.599
2014 04 08 11 15 00 1 4335.597
2014 04 08 11 30 00 1 4335.594
2014 04 08 11 45 00 1 4335.594
2014 04 08 12 00 00 1 4335.592
2014 04 08 12 15 00 1 4335.593
2014 04 08 12 30 00 1 4335.594
2014 04 08 12 45 00 1 4335.598
2014 04 08 13 00 00 1 4335.604
2014 04 08 13 15 00 1 4335.610
2014 04 08 13 30 00 1 4335.619
2014 04 08 13 45 00 1 4335.627
2014 04 08 14 00 00 1 4335.642
2014 04 08 14 15 00 1 4335.658
2014 04 08 14 30 00 1 4335.673
2014 04 08 14 45 00 1 4335.688
2014 04 08 15 00 00 1 4335.703
2014 04 08 15 15 00 1 4335.720
2014 04 08 15 30 00 1 4335.740
2014 04 08 15 45 00 1 4335.759
2014 04 08 16 00 00 1 4335.777
2014 04 08 16 15 00 1 4335.796
2014 04 08 16 30 00 1 4335.814
2014 04 08 16 45 00 1 4335.832
2014 04 08 17 00 00 1 4335.849
2014 04 08 17 15 00 1 4335.864
2014 04 08 17 30 00 1 4335.875
2014 04 08 17 45 00 1 4335.887
2014 04 08 18 00 00 1 4335.895
2014 04 08 18 15 00 1 4335.902
2014 04 08 18 30 00 1 4335.907
2014 04 08 18 45 00 1 4335.911
2014 04 08 19 00 00 1 4335.911
2014 04 08 19 15 00 1 4335.911
2014 04 08 19 30 00 1 4335.904
2014 04 08 19 45 00 1 4335.901
2014 04 08 20 00 00 1 4335.896
2014 04 08 20 15 00 1 4335.883
2014 04 08 20 30 00 1 4335.873
2014 04 08 20 45 00 1 4335.862
2014 04 08 21 00 00 1 4335.847
2014 04 08 21 15 00 1 4335.831
2014 04 08 21 30 00 1 4335.813
2014 04 08 21 45 00 1 4335.796
2014 04 08 22 00 00 1 4335.777
2014 04 08 22 15 00 1 4335.758
2014 04 08 22 30 00 1 4335.736
2014 04 08 22 45 00 1 4335.714
2014 04 08 23 00 00 1 4335.695
2014 04 08 23 15 00 1 4335.676
2014 04 08 23 30 00 1 4335.658
2014 04 08 23 45 00 1 4335.642
