#YY  MM DD hh mm ss T   HEIGHT
#yr  mo dy hr mn  s -        m
2014 03 02 00 00 00 1 5658.311
2014 03 02 00 15 00 1 5658.268
2014 03 02 00 30 00 1 5658.233
2014 03 02 00 45 00 1 5658.204
2014 03 02 01 00 00 1 5658.186
2014 03 02 01 15 00 1 5658.174
2014 03 02 01 30 00 1 5658.169
2014 03 02 01 45 00 1 5658.177
2014 03 02 02 00 00 1 5658.194
2014 03 02 02 15 00 1 5658.218
2014 03 02 02 30 00 1 5658.249
2014 03 02 02 45 00 1 5658.289
2014 03 02 03 00 00 1 5658.335
2014 03 02 03 15 00 1 5658.388
2014 03 02 03 30 00 1 5658.448
2014 03 02 03 45 00 1 5658.514
2014 03 02 04 00 00 1 5658.584
2014 03 02 04 15 00 1 5658.655
2014 03 02 04 30 00 1 5658.729
2014 03 02 04 45 00 1 5658.804
2014 03 02 05 00 00 1 5658.874
2014 03 02 05 15 00 1 5658.945
2014 03 02 05 30 00 1 5659.010
2014 03 02 05 45 00 1 5659.074
2014 03 02 06 00 00 1 5659.131
2014 03 02 06 15 00 1 5659.182
2014 03 02 06 30 00 1 5659.224
2014 03 02 06 45 00 1 5659.259
2014 03 02 07 00 00 1 5659.287
2014 03 02 07 15 00 1 5659.307
2014 03 02 07 30 00 1 5659.317
2014 03 02 07 45 00 1 5659.317
2014 03 02 08 00 00 1 5659.310
2014 03 02 08 15 00 1 5659.292
2014 03 02 08 30 00 1 5659.268
2014 03 02 08 45 00 1 5659.235
2014 03 02 09 00 00 1 5659.193
2014 03 02 09 15 00 1 5659.145
2014 03 02 09 30 00 1 5659.088
2014 03 02 09 45 00 1 5659.030
2014 03 02 10 00 00 1 5658.964
2014 03 02 10 15 00 1 5658.896
2014 03 02 10 30 00 1 5658.829
2014 03 02 10 45 00 1 5658.753
2014 03 02 11 00 00 1 5658.682
2014 03 02 11 15 00 1 5658.611
2014 03 02 11 30 00 1 5658.541
2014 03 02 11 45 00 1 5658.475
2014 03 02 12 00 00 1 5658.416
2014 03 02 12 15 00 1 5658.359
2014 03 02 12 30 00 1 5658.308
2014 03 02 12 45 00 1 5658.265
2014 03 02 13 00 00 1 5658.233
2014 03 02 13 15 00 1 5658.204
2014 03 02 13 30 00 1 5658.184
2014 03 02 13 45 00 1 5658.174
2014 03 02 14 00 00 1 5658.172
2014 03 02 14 15 00 1 5658.177
2014 03 02 14 30 00 1 5658.194
2014 03 02 14 45 00 1 5658.216
2014 03 02 15 00 00 1 5658.249
2014 03 02 15 15 00 1 5658.292
2014 03 02 15 30 00 1 5658.341
2014 03 02 15 45 00 1 5658.398
2014 03 02 16 00 00 1 5658.459
2014 03 02 16 15 00 1 5658.524
2014 03 02 16 30 00 1 5658.594
2014 03 02 16 45 00 1 5658.665
2014 03 02 17 00 00 1 5658.740
2014 03 02 17 15 00 1 5658.815
2014 03 02 17 30 00 1 5658.887
2014 03 02 17 45 00 1 5658.962
2014 03 02 18 00 00 1 5659.032
2014 03 02 18 15 00 1 5659.098
2014 03 02 18 30 00 1 5659.158
2014 03 02 18 45 00 1 5659.212
2014 03 02 19 00 00 1 5659.256
2014 03 02 19 15 00 1 5659.295
2014 03 02 19 30 00 1 5659.325
2014 03 02 19 45 00 1 5659.343
2014 03 02 20 00 00 1 5659.354
2014 03 02 20 15 00 1 5659.354
2014 03 02 20 30 00 1 5659.344
2014 03 02 20 45 00 1 5659.322
2014 03 02 21 00 00 1 5659.299
2014 03 02 21 15 00 1 5659.262
2014 03 02 21 30 00 1 5659.218
2014 03 02 21 45 00 1 5659.167
2014 03 02 22 00 00 1 5659.107
2014 03 02 22 15 00 1 5659.042
2014 03 02 22 30 00 1 5658.972
2014 03 02 22 45 00 1 5658.904
2014 03 02 23 00 00 1 5658.830
2014 03 02 23 15 00 1 5658.757
2014 03 02 23 30 00 1 5658.687
2014 03 02 23 45 00 1 5658.614
2014 03 03 00 00 00 1 5658.544
2014 03 03 00 15 00 1 5658.477
2014 03 03 00 30 00 1 5658.415
2014 03 03 00 45 00 1 5658.356
2014 03 03 01 00 00 1 5658.304
2014 03 03 01 15 00 1 5658.259
2014 03 03 01 30 00 1 5658.225
2014 03 03 01 45 00 1 5658.196
2014 03 03 02 00 00 1 5658.174
2014 03 03 02 15 00 1 5658.163
2014 03 03 02 30 00 1 5658.161
2014 03 03 02 45 00 1 5658.170
2014 03 03 03 00 00 1 5658.188
2014 03 03 03 15 00 1 5658.218
2014 03 03 03 30 00 1 5658.252
2014 03 03 03 45 00 1 5658.297
2014 03 03 04 00 00 1 5658.348
2014 03 03 04 15 00 1 5658.408
2014 03 03 04 30 00 1 5658.472
2014 03 03 04 45 00 1 5658.542
2014 03 03 05 00 00 1 5658.615
2014 03 03 05 15 00 1 5658.690
2014 03 03 05 30 00 1 5658.766
2014 03 03 05 45 00 1 5658.840
2014 03 03 06 00 00 1 5658.914
2014 03 03 06 15 00 1 5658.987
2014 03 03 06 30 00 1 5659.053
2014 03 03 06 45 00 1 5659.116
2014 03 03 07 00 00 1 5659.174
2014 03 03 07 15 00 1 5659.226
2014 03 03 07 30 00 1 5659.268
2014 03 03 07 45 00 1 5659.300
2014 03 03 08 00 00 1 5659.325
2014 03 03 08 15 00 1 5659.339
2014 03 03 08 30 00 1 5659.343
2014 03 03 08 45 00 1 5659.338
2014 03 03 09 00 00 1 5659.323
2014 03 03 09 15 00 1 5659.300
2014 03 03 09 30 00 1 5659.269
2014 03 03 09 45 00 1 5659.227
2014 03 03 10 00 00 1 5659.180
2014 03 03 10 15 00 1 5659.126
2014 03 03 10 30 00 1 5659.067
2014 03 03 10 45 00 1 5659.004
2014 03 03 11 00 00 1 5658.936
2014 03 03 11 15 00 1 5658.867
2014 03 03 11 30 00 1 5658.793
2014 03 03 11 45 00 1 5658.723
2014 03 03 12 00 00 1 5658.650
2014 03 03 12 15 00 1 5658.580
2014 03 03 12 30 00 1 5658.515
2014 03 03 12 45 00 1 5658.451
2014 03 03 13 00 00 1 5658.390
2014 03 03 13 15 00 1 5658.337
2014 03 03 13 30 00 1 5658.289
2014 03 03 13 45 00 1 5658.247
2014 03 03 14 00 00 1 5658.213
2014 03 03 14 15 00 1 5658.192
2014 03 03 14 30 00 1 5658.178
2014 03 03 14 45 00 1 5658.171
2014 03 03 15 00 00 1 5658.173
2014 03 03 15 15 00 1 5658.183
2014 03 03 15 30 00 1 5658.209
2014 03 03 15 45 00 1 5658.237
2014 03 03 16 00 00 1 5658.276
2014 03 03 16 15 00 1 5658.324
2014 03 03 16 30 00 1 5658.376
2014 03 03 16 45 00 1 5658.434
2014 03 03 17 00 00 1 5658.499
2014 03 03 17 15 00 1 5658.569
2014 03 03 17 30 00 1 5658.640
2014 03 03 17 45 00 1 5658.716
2014 03 03 18 00 00 1 5658.792
2014 03 03 18 15 00 1 5658.869
2014 03 03 18 30 00 1 5658.943
2014 03 03 18 45 00 1 5659.017
2014 03 03 19 00 00 1 5659.086
2014 03 03 19 15 00 1 5659.150
2014 03 03 19 30 00 1 5659.205
2014 03 03 19 45 00 1 5659.256
2014 03 03 20 00 00 1 5659.297
2014 03 03 20 15 00 1 5659.330
2014 03 03 20 30 00 1 5659.351
2014 03 03 20 45 00 1 5659.364
2014 03 03 21 00 00 1 5659.368
2014 03 03 21 15 00 1 5659.360
2014 03 03 21 30 00 1 5659.346
2014 03 03 21 45 00 1 5659.320
2014 03 03 22 00 00 1 5659.286
2014 03 03 22 15 00 1 5659.243
2014 03 03 22 30 00 1 5659.193
2014 03 03 22 45 00 1 5659.134
2014 03 03 23 00 00 1 5659.073
2014 03 03 23 15 00 1 5659.007
2014 03 03 23 30 00 1 5658.938
2014 03 03 23 45 00 1 5658.864
2014 03 04 00 00 00 1 5658.789
2014 03 04 00 15 00 1 5658.714
2014 03 04 00 30 00 1 5658.638
2014 03 04 00 45 00 1 5658.565
2014 03 04 01 00 00 1 5658.493
2014 03 04 01 15 00 1 5658.425
2014 03 04 01 30 00 1 5658.362
2014 03 04 01 45 00 1 5658.304
2014 03 04 02 00 00 1 5658.257
2014 03 04 02 15 00 1 5658.215
2014 03 04 02 30 00 1 5658.184
2014 03 04 02 45 00 1 5658.161
2014 03 04 03 00 00 1 5658.144
2014 03 04 03 15 00 1 5658.139
2014 03 04 03 30 00 1 5658.143
2014 03 04 03 45 00 1 5658.157
2014 03 04 04 00 00 1 5658.179
2014 03 04 04 15 00 1 5658.212
2014 03 04 04 30 00 1 5658.252
2014 03 04 04 45 00 1 5658.300
2014 03 04 05 00 00 1 5658.355
2014 03 04 05 15 00 1 5658.413
2014 03 04 05 30 00 1 5658.481
2014 03 04 05 45 00 1 5658.550
2014 03 04 06 00 00 1 5658.622
2014 03 04 06 15 00 1 5658.698
2014 03 04 06 30 00 1 5658.773
2014 03 04 06 45 00 1 5658.850
2014 03 04 07 00 00 1 5658.921
2014 03 04 07 15 00 1 5658.992
2014 03 04 07 30 00 1 5659.056
2014 03 04 07 45 00 1 5659.119
2014 03 04 08 00 00 1 5659.172
2014 03 04 08 15 00 1 5659.218
2014 03 04 08 30 00 1 5659.254
2014 03 04 08 45 00 1 5659.283
2014 03 04 09 00 00 1 5659.299
2014 03 04 09 15 00 1 5659.308
2014 03 04 09 30 00 1 5659.305
2014 03 04 09 45 00 1 5659.296
2014 03 04 10 00 00 1 5659.278
2014 03 04 10 15 00 1 5659.253
2014 03 04 10 30 00 1 5659.216
2014 03 04 10 45 00 1 5659.171
2014 03 04 11 00 00 1 5659.121
2014 03 04 11 15 00 1 5659.065
2014 03 04 11 30 00 1 5659.002
2014 03 04 11 45 00 1 5658.936
2014 03 04 12 00 00 1 5658.871
2014 03 04 12 15 00 1 5658.800
2014 03 04 12 30 00 1 5658.729
2014 03 04 12 45 00 1 5658.659
2014 03 04 13 00 00 1 5658.591
2014 03 04 13 15 00 1 5658.522
2014 03 04 13 30 00 1 5658.457
2014 03 04 13 45 00 1 5658.397
2014 03 04 14 00 00 1 5658.344
2014 03 04 14 15 00 1 5658.295
2014 03 04 14 30 00 1 5658.256
2014 03 04 14 45 00 1 5658.227
2014 03 04 15 00 00 1 5658.198
2014 03 04 15 15 00 1 5658.186
2014 03 04 15 30 00 1 5658.177
2014 03 04 15 45 00 1 5658.176
2014 03 04 16 00 00 1 5658.186
2014 03 04 16 15 00 1 5658.202
2014 03 04 16 30 00 1 5658.228
2014 03 04 16 45 00 1 5658.264
2014 03 04 17 00 00 1 5658.307
2014 03 04 17 15 00 1 5658.356
2014 03 04 17 30 00 1 5658.413
2014 03 04 17 45 00 1 5658.473
2014 03 04 18 00 00 1 5658.542
2014 03 04 18 15 00 1 5658.610
2014 03 04 18 30 00 1 5658.684
2014 03 04 18 45 00 1 5658.758
2014 03 04 19 00 00 1 5658.833
2014 03 04 19 15 00 1 5658.907
2014 03 04 19 30 00 1 5658.978
2014 03 04 19 45 00 1 5659.045
2014 03 04 20 00 00 1 5659.110
2014 03 04 20 15 00 1 5659.166
2014 03 04 20 30 00 1 5659.216
2014 03 04 20 45 00 1 5659.259
2014 03 04 21 00 00 1 5659.291
2014 03 04 21 15 00 1 5659.316
2014 03 04 21 30 00 1 5659.334
2014 03 04 21 45 00 1 5659.339
2014 03 04 22 00 00 1 5659.334
2014 03 04 22 15 00 1 5659.323
2014 03 04 22 30 00 1 5659.301
2014 03 04 22 45 00 1 5659.271
2014 03 04 23 00 00 1 5659.233
2014 03 04 23 15 00 1 5659.188
2014 03 04 23 30 00 1 5659.142
2014 03 04 23 45 00 1 5659.081
2014 03 05 00 00 00 1 5659.017
2014 03 05 00 15 00 1 5658.948
2014 03 05 00 30 00 1 5658.878
2014 03 05 00 45 00 1 5658.805
2014 03 05 01 00 00 1 5658.727
2014 03 05 01 15 00 1 5658.651
2014 03 05 01 30 00 1 5658.578
2014 03 05 01 45 00 1 5658.507
2014 03 05 02 00 00 1 5658.440
2014 03 05 02 15 00 1 5658.380
2014 03 05 02 30 00 1 5658.326
2014 03 05 02 45 00 1 5658.275
2014 03 05 03 00 00 1 5658.230
2014 03 05 03 15 00 1 5658.197
2014 03 05 03 30 00 1 5658.169
2014 03 05 03 45 00 1 5658.152
2014 03 05 04 00 00 1 5658.144
2014 03 05 04 15 00 1 5658.144
2014 03 05 04 30 00 1 5658.155
2014 03 05 04 45 00 1 5658.171
2014 03 05 05 00 00 1 5658.201
2014 03 05 05 15 00 1 5658.238
2014 03 05 05 30 00 1 5658.283
2014 03 05 05 45 00 1 5658.334
2014 03 05 06 00 00 1 5658.390
2014 03 05 06 15 00 1 5658.451
2014 03 05 06 30 00 1 5658.516
2014 03 05 06 45 00 1 5658.586
2014 03 05 07 00 00 1 5658.661
2014 03 05 07 15 00 1 5658.734
2014 03 05 07 30 00 1 5658.806
2014 03 05 07 45 00 1 5658.878
2014 03 05 08 00 00 1 5658.944
2014 03 05 08 15 00 1 5659.006
2014 03 05 08 30 00 1 5659.065
2014 03 05 08 45 00 1 5659.118
2014 03 05 09 00 00 1 5659.163
2014 03 05 09 15 00 1 5659.200
2014 03 05 09 30 00 1 5659.230
2014 03 05 09 45 00 1 5659.248
2014 03 05 10 00 00 1 5659.262
2014 03 05 10 15 00 1 5659.263
2014 03 05 10 30 00 1 5659.257
2014 03 05 10 45 00 1 5659.243
2014 03 05 11 00 00 1 5659.220
2014 03 05 11 15 00 1 5659.189
2014 03 05 11 30 00 1 5659.148
2014 03 05 11 45 00 1 5659.104
2014 03 05 12 00 00 1 5659.052
2014 03 05 12 15 00 1 5658.996
2014 03 05 12 30 00 1 5658.935
2014 03 05 12 45 00 1 5658.870
2014 03 05 13 00 00 1 5658.807
2014 03 05 13 15 00 1 5658.738
2014 03 05 13 30 00 1 5658.674
2014 03 05 13 45 00 1 5658.606
2014 03 05 14 00 00 1 5658.540
2014 03 05 14 15 00 1 5658.476
2014 03 05 14 30 00 1 5658.420
2014 03 05 14 45 00 1 5658.366
2014 03 05 15 00 00 1 5658.321
2014 03 05 15 15 00 1 5658.284
2014 03 05 15 30 00 1 5658.252
2014 03 05 15 45 00 1 5658.228
2014 03 05 16 00 00 1 5658.213
2014 03 05 16 15 00 1 5658.208
2014 03 05 16 30 00 1 5658.208
2014 03 05 16 45 00 1 5658.216
2014 03 05 17 00 00 1 5658.231
2014 03 05 17 15 00 1 5658.253
2014 03 05 17 30 00 1 5658.287
2014 03 05 17 45 00 1 5658.327
2014 03 05 18 00 00 1 5658.373
2014 03 05 18 15 00 1 5658.424
2014 03 05 18 30 00 1 5658.483
2014 03 05 18 45 00 1 5658.546
2014 03 05 19 00 00 1 5658.613
2014 03 05 19 15 00 1 5658.682
2014 03 05 19 30 00 1 5658.753
2014 03 05 19 45 00 1 5658.823
2014 03 05 20 00 00 1 5658.892
2014 03 05 20 15 00 1 5658.958
2014 03 05 20 30 00 1 5659.020
2014 03 05 20 45 00 1 5659.078
2014 03 05 21 00 00 1 5659.132
2014 03 05 21 15 00 1 5659.179
2014 03 05 21 30 00 1 5659.218
2014 03 05 21 45 00 1 5659.249
2014 03 05 22 00 00 1 5659.272
2014 03 05 22 15 00 1 5659.287
2014 03 05 22 30 00 1 5659.295
2014 03 05 22 45 00 1 5659.296
2014 03 05 23 00 00 1 5659.288
2014 03 05 23 15 00 1 5659.271
2014 03 05 23 30 00 1 5659.244
2014 03 05 23 45 00 1 5659.211
2014 03 06 00 00 00 1 5659.169
2014 03 06 00 15 00 1 5659.122
2014 03 06 00 30 00 1 5659.067
2014 03 06 00 45 00 1 5659.007
2014 03 06 01 00 00 1 5658.941
2014 03 06 01 15 00 1 5658.876
2014 03 06 01 30 00 1 5658.805
2014 03 06 01 45 00 1 5658.737
2014 03 06 02 00 00 1 5658.668
2014 03 06 02 15 00 1 5658.598
2014 03 06 02 30 00 1 5658.530
2014 03 06 02 45 00 1 5658.467
2014 03 06 03 00 00 1 5658.406
2014 03 06 03 15 00 1 5658.350
2014 03 06 03 30 00 1 5658.302
2014 03 06 03 45 00 1 5658.260
2014 03 06 04 00 00 1 5658.223
2014 03 06 04 15 00 1 5658.199
2014 03 06 04 30 00 1 5658.180
2014 03 06 04 45 00 1 5658.173
2014 03 06 05 00 00 1 5658.169
2014 03 06 05 15 00 1 5658.176
2014 03 06 05 30 00 1 5658.193
2014 03 06 05 45 00 1 5658.217
2014 03 06 06 00 00 1 5658.251
2014 03 06 06 15 00 1 5658.294
2014 03 06 06 30 00 1 5658.340
2014 03 06 06 45 00 1 5658.392
2014 03 06 07 00 00 1 5658.450
2014 03 06 07 15 00 1 5658.512
2014 03 06 07 30 00 1 5658.578
2014 03 06 07 45 00 1 5658.648
2014 03 06 08 00 00 1 5658.716
2014 03 06 08 15 00 1 5658.784
2014 03 06 08 30 00 1 5658.850
2014 03 06 08 45 00 1 5658.913
2014 03 06 09 00 00 1 5658.971
2014 03 06 09 15 00 1 5659.025
2014 03 06 09 30 00 1 5659.073
2014 03 06 09 45 00 1 5659.115
2014 03 06 10 00 00 1 5659.151
2014 03 06 10 15 00 1 5659.177
2014 03 06 10 30 00 1 5659.198
2014 03 06 10 45 00 1 5659.209
2014 03 06 11 00 00 1 5659.211
2014 03 06 11 15 00 1 5659.207
2014 03 06 11 30 00 1 5659.195
2014 03 06 11 45 00 1 5659.177
2014 03 06 12 00 00 1 5659.150
2014 03 06 12 15 00 1 5659.118
2014 03 06 12 30 00 1 5659.079
2014 03 06 12 45 00 1 5659.033
2014 03 06 13 00 00 1 5658.981
2014 03 06 13 15 00 1 5658.929
2014 03 06 13 30 00 1 5658.872
2014 03 06 13 45 00 1 5658.809
2014 03 06 14 00 00 1 5658.746
2014 03 06 14 15 00 1 5658.683
2014 03 06 14 30 00 1 5658.623
2014 03 06 14 45 00 1 5658.564
2014 03 06 15 00 00 1 5658.507
2014 03 06 15 15 00 1 5658.459
2014 03 06 15 30 00 1 5658.409
2014 03 06 15 45 00 1 5658.369
2014 03 06 16 00 00 1 5658.333
2014 03 06 16 15 00 1 5658.306
2014 03 06 16 30 00 1 5658.283
2014 03 06 16 45 00 1 5658.265
2014 03 06 17 00 00 1 5658.257
2014 03 06 17 15 00 1 5658.258
2014 03 06 17 30 00 1 5658.265
2014 03 06 17 45 00 1 5658.277
2014 03 06 18 00 00 1 5658.299
2014 03 06 18 15 00 1 5658.329
2014 03 06 18 30 00 1 5658.362
2014 03 06 18 45 00 1 5658.404
2014 03 06 19 00 00 1 5658.452
2014 03 06 19 15 00 1 5658.505
2014 03 06 19 30 00 1 5658.561
2014 03 06 19 45 00 1 5658.621
2014 03 06 20 00 00 1 5658.681
2014 03 06 20 15 00 1 5658.745
2014 03 06 20 30 00 1 5658.810
2014 03 06 20 45 00 1 5658.869
2014 03 06 21 00 00 1 5658.932
2014 03 06 21 15 00 1 5658.989
2014 03 06 21 30 00 1 5659.043
2014 03 06 21 45 00 1 5659.090
2014 03 06 22 00 00 1 5659.137
2014 03 06 22 15 00 1 5659.174
2014 03 06 22 30 00 1 5659.203
2014 03 06 22 45 00 1 5659.229
2014 03 06 23 00 00 1 5659.247
2014 03 06 23 15 00 1 5659.254
2014 03 06 23 30 00 1 5659.255
2014 03 06 23 45 00 1 5659.250
2014 03 07 00 00 00 1 5659.236
2014 03 07 00 15 00 1 5659.215
2014 03 07 00 30 00 1 5659.185
2014 03 07 00 45 00 1 5659.147
2014 03 07 01 00 00 1 5659.105
2014 03 07 01 15 00 1 5659.056
2014 03 07 01 30 00 1 5658.998
2014 03 07 01 45 00 1 5658.942
2014 03 07 02 00 00 1 5658.882
2014 03 07 02 15 00 1 5658.816
2014 03 07 02 30 00 1 5658.753
2014 03 07 02 45 00 1 5658.686
2014 03 07 03 00 00 1 5658.620
2014 03 07 03 15 00 1 5658.558
2014 03 07 03 30 00 1 5658.498
2014 03 07 03 45 00 1 5658.440
2014 03 07 04 00 00 1 5658.388
2014 03 07 04 15 00 1 5658.342
2014 03 07 04 30 00 1 5658.302
2014 03 07 04 45 00 1 5658.271
2014 03 07 05 00 00 1 5658.245
2014 03 07 05 15 00 1 5658.226
2014 03 07 05 30 00 1 5658.216
2014 03 07 05 45 00 1 5658.213
2014 03 07 06 00 00 1 5658.219
2014 03 07 06 15 00 1 5658.233
2014 03 07 06 30 00 1 5658.254
2014 03 07 06 45 00 1 5658.282
2014 03 07 07 00 00 1 5658.319
2014 03 07 07 15 00 1 5658.360
2014 03 07 07 30 00 1 5658.407
2014 03 07 07 45 00 1 5658.460
2014 03 07 08 00 00 1 5658.516
2014 03 07 08 15 00 1 5658.573
2014 03 07 08 30 00 1 5658.635
2014 03 07 08 45 00 1 5658.693
2014 03 07 09 00 00 1 5658.755
2014 03 07 09 15 00 1 5658.812
2014 03 07 09 30 00 1 5658.869
2014 03 07 09 45 00 1 5658.921
2014 03 07 10 00 00 1 5658.970
2014 03 07 10 15 00 1 5659.016
2014 03 07 10 30 00 1 5659.053
2014 03 07 10 45 00 1 5659.086
2014 03 07 11 00 00 1 5659.114
2014 03 07 11 15 00 1 5659.133
2014 03 07 11 30 00 1 5659.144
2014 03 07 11 45 00 1 5659.152
2014 03 07 12 00 00 1 5659.150
2014 03 07 12 15 00 1 5659.141
2014 03 07 12 30 00 1 5659.126
2014 03 07 12 45 00 1 5659.102
2014 03 07 13 00 00 1 5659.072
2014 03 07 13 15 00 1 5659.035
2014 03 07 13 30 00 1 5658.993
2014 03 07 13 45 00 1 5658.948
2014 03 07 14 00 00 1 5658.900
2014 03 07 14 15 00 1 5658.850
2014 03 07 14 30 00 1 5658.794
2014 03 07 14 45 00 1 5658.741
2014 03 07 15 00 00 1 5658.689
2014 03 07 15 15 00 1 5658.634
2014 03 07 15 30 00 1 5658.583
2014 03 07 15 45 00 1 5658.535
2014 03 07 16 00 00 1 5658.490
2014 03 07 16 15 00 1 5658.448
2014 03 07 16 30 00 1 5658.408
2014 03 07 16 45 00 1 5658.375
2014 03 07 17 00 00 1 5658.348
2014 03 07 17 15 00 1 5658.326
2014 03 07 17 30 00 1 5658.313
2014 03 07 17 45 00 1 5658.307
2014 03 07 18 00 00 1 5658.305
2014 03 07 18 15 00 1 5658.312
2014 03 07 18 30 00 1 5658.323
2014 03 07 18 45 00 1 5658.342
2014 03 07 19 00 00 1 5658.364
2014 03 07 19 15 00 1 5658.397
2014 03 07 19 30 00 1 5658.432
2014 03 07 19 45 00 1 5658.474
2014 03 07 20 00 00 1 5658.517
2014 03 07 20 15 00 1 5658.566
2014 03 07 20 30 00 1 5658.616
2014 03 07 20 45 00 1 5658.671
2014 03 07 21 00 00 1 5658.728
2014 03 07 21 15 00 1 5658.784
2014 03 07 21 30 00 1 5658.838
2014 03 07 21 45 00 1 5658.893
2014 03 07 22 00 00 1 5658.946
2014 03 07 22 15 00 1 5658.995
2014 03 07 22 30 00 1 5659.039
2014 03 07 22 45 00 1 5659.080
2014 03 07 23 00 00 1 5659.116
2014 03 07 23 15 00 1 5659.145
2014 03 07 23 30 00 1 5659.168
2014 03 07 23 45 00 1 5659.182
2014 03 08 00 00 00 1 5659.191
2014 03 08 00 15 00 1 5659.191
2014 03 08 00 30 00 1 5659.185
2014 03 08 00 45 00 1 5659.174
2014 03 08 01 00 00 1 5659.154
2014 03 08 01 15 00 1 5659.127
2014 03 08 01 30 00 1 5659.096
2014 03 08 01 45 00 1 5659.058
2014 03 08 02 00 00 1 5659.017
2014 03 08 02 15 00 1 5658.969
2014 03 08 02 30 00 1 5658.921
2014 03 08 02 45 00 1 5658.865
2014 03 08 03 00 00 1 5658.808
2014 03 08 03 15 00 1 5658.750
2014 03 08 03 30 00 1 5658.695
2014 03 08 03 45 00 1 5658.632
2014 03 08 04 00 00 1 5658.573
2014 03 08 04 15 00 1 5658.520
2014 03 08 04 30 00 1 5658.471
2014 03 08 04 45 00 1 5658.421
2014 03 08 05 00 00 1 5658.384
2014 03 08 05 15 00 1 5658.345
2014 03 08 05 30 00 1 5658.317
2014 03 08 05 45 00 1 5658.293
2014 03 08 06 00 00 1 5658.276
2014 03 08 06 15 00 1 5658.265
2014 03 08 06 30 00 1 5658.260
2014 03 08 06 45 00 1 5658.260
2014 03 08 07 00 00 1 5658.273
2014 03 08 07 15 00 1 5658.291
2014 03 08 07 30 00 1 5658.314
2014 03 08 07 45 00 1 5658.347
2014 03 08 08 00 00 1 5658.382
2014 03 08 08 15 00 1 5658.424
2014 03 08 08 30 00 1 5658.467
2014 03 08 08 45 00 1 5658.513
2014 03 08 09 00 00 1 5658.565
2014 03 08 09 15 00 1 5658.617
2014 03 08 09 30 00 1 5658.668
2014 03 08 09 45 00 1 5658.720
2014 03 08 10 00 00 1 5658.771
2014 03 08 10 15 00 1 5658.820
2014 03 08 10 30 00 1 5658.865
2014 03 08 10 45 00 1 5658.910
2014 03 08 11 00 00 1 5658.953
2014 03 08 11 15 00 1 5658.987
2014 03 08 11 30 00 1 5659.018
2014 03 08 11 45 00 1 5659.042
2014 03 08 12 00 00 1 5659.061
2014 03 08 12 15 00 1 5659.074
2014 03 08 12 30 00 1 5659.078
2014 03 08 12 45 00 1 5659.078
2014 03 08 13 00 00 1 5659.071
2014 03 08 13 15 00 1 5659.058
2014 03 08 13 30 00 1 5659.040
2014 03 08 13 45 00 1 5659.015
2014 03 08 14 00 00 1 5658.984
2014 03 08 14 15 00 1 5658.952
2014 03 08 14 30 00 1 5658.915
2014 03 08 14 45 00 1 5658.872
2014 03 08 15 00 00 1 5658.831
2014 03 08 15 15 00 1 5658.785
2014 03 08 15 30 00 1 5658.740
2014 03 08 15 45 00 1 5658.694
2014 03 08 16 00 00 1 5658.648
2014 03 08 16 15 00 1 5658.603
2014 03 08 16 30 00 1 5658.560
2014 03 08 16 45 00 1 5658.519
2014 03 08 17 00 00 1 5658.479
2014 03 08 17 15 00 1 5658.450
2014 03 08 17 30 00 1 5658.421
2014 03 08 17 45 00 1 5658.398
2014 03 08 18 00 00 1 5658.377
2014 03 08 18 15 00 1 5658.363
2014 03 08 18 30 00 1 5658.355
2014 03 08 18 45 00 1 5658.357
2014 03 08 19 00 00 1 5658.360
2014 03 08 19 15 00 1 5658.374
2014 03 08 19 30 00 1 5658.389
2014 03 08 19 45 00 1 5658.415
2014 03 08 20 00 00 1 5658.439
2014 03 08 20 15 00 1 5658.470
2014 03 08 20 30 00 1 5658.507
2014 03 08 20 45 00 1 5658.547
2014 03 08 21 00 00 1 5658.590
2014 03 08 21 15 00 1 5658.632
2014 03 08 21 30 00 1 5658.681
2014 03 08 21 45 00 1 5658.730
2014 03 08 22 00 00 1 5658.778
2014 03 08 22 15 00 1 5658.826
2014 03 08 22 30 00 1 5658.872
2014 03 08 22 45 00 1 5658.918
2014 03 08 23 00 00 1 5658.961
2014 03 08 23 15 00 1 5659.001
2014 03 08 23 30 00 1 5659.037
2014 03 08 23 45 00 1 5659.066
2014 03 09 00 00 00 1 5659.091
2014 03 09 00 15 00 1 5659.111
2014 03 09 00 30 00 1 5659.122
2014 03 09 00 45 00 1 5659.132
2014 03 09 01 00 00 1 5659.134
2014 03 09 01 15 00 1 5659.129
2014 03 09 01 30 00 1 5659.120
2014 03 09 01 45 00 1 5659.103
2014 03 09 02 00 00 1 5659.085
2014 03 09 02 15 00 1 5659.059
2014 03 09 02 30 00 1 5659.026
2014 03 09 02 45 00 1 5658.990
2014 03 09 03 00 00 1 5658.950
2014 03 09 03 15 00 1 5658.906
2014 03 09 03 30 00 1 5658.861
2014 03 09 03 45 00 1 5658.813
2014 03 09 04 00 00 1 5658.764
2014 03 09 04 15 00 1 5658.715
2014 03 09 04 30 00 1 5658.664
2014 03 09 04 45 00 1 5658.611
2014 03 09 05 00 00 1 5658.566
2014 03 09 05 15 00 1 5658.521
2014 03 09 05 30 00 1 5658.480
2014 03 09 05 45 00 1 5658.443
2014 03 09 06 00 00 1 5658.411
2014 03 09 06 15 00 1 5658.385
2014 03 09 06 30 00 1 5658.362
2014 03 09 06 45 00 1 5658.346
2014 03 09 07 00 00 1 5658.337
2014 03 09 07 15 00 1 5658.331
2014 03 09 07 30 00 1 5658.330
2014 03 09 07 45 00 1 5658.338
2014 03 09 08 00 00 1 5658.354
2014 03 09 08 15 00 1 5658.375
2014 03 09 08 30 00 1 5658.400
2014 03 09 08 45 00 1 5658.428
2014 03 09 09 00 00 1 5658.459
2014 03 09 09 15 00 1 5658.496
2014 03 09 09 30 00 1 5658.534
2014 03 09 09 45 00 1 5658.576
2014 03 09 10 00 00 1 5658.621
2014 03 09 10 15 00 1 5658.666
2014 03 09 10 30 00 1 5658.713
2014 03 09 10 45 00 1 5658.756
2014 03 09 11 00 00 1 5658.801
2014 03 09 11 15 00 1 5658.841
2014 03 09 11 30 00 1 5658.878
2014 03 09 11 45 00 1 5658.913
2014 03 09 12 00 00 1 5658.948
2014 03 09 12 15 00 1 5658.976
2014 03 09 12 30 00 1 5658.999
2014 03 09 12 45 00 1 5659.017
2014 03 09 13 00 00 1 5659.027
2014 03 09 13 15 00 1 5659.033
2014 03 09 13 30 00 1 5659.036
2014 03 09 13 45 00 1 5659.030
2014 03 09 14 00 00 1 5659.019
2014 03 09 14 15 00 1 5659.004
2014 03 09 14 30 00 1 5658.984
2014 03 09 14 45 00 1 5658.959
2014 03 09 15 00 00 1 5658.932
2014 03 09 15 15 00 1 5658.903
2014 03 09 15 30 00 1 5658.869
2014 03 09 15 45 00 1 5658.834
2014 03 09 16 00 00 1 5658.798
2014 03 09 16 15 00 1 5658.758
2014 03 09 16 30 00 1 5658.721
2014 03 09 16 45 00 1 5658.681
2014 03 09 17 00 00 1 5658.642
2014 03 09 17 15 00 1 5658.604
2014 03 09 17 30 00 1 5658.567
2014 03 09 17 45 00 1 5658.536
2014 03 09 18 00 00 1 5658.503
2014 03 09 18 15 00 1 5658.480
2014 03 09 18 30 00 1 5658.460
2014 03 09 18 45 00 1 5658.445
2014 03 09 19 00 00 1 5658.433
2014 03 09 19 15 00 1 5658.423
2014 03 09 19 30 00 1 5658.419
2014 03 09 19 45 00 1 5658.423
2014 03 09 20 00 00 1 5658.429
2014 03 09 20 15 00 1 5658.440
2014 03 09 20 30 00 1 5658.457
2014 03 09 20 45 00 1 5658.477
2014 03 09 21 00 00 1 5658.500
2014 03 09 21 15 00 1 5658.529
2014 03 09 21 30 00 1 5658.560
2014 03 09 21 45 00 1 5658.594
2014 03 09 22 00 00 1 5658.635
2014 03 09 22 15 00 1 5658.673
2014 03 09 22 30 00 1 5658.715
2014 03 09 22 45 00 1 5658.759
2014 03 09 23 00 00 1 5658.801
2014 03 09 23 15 00 1 5658.841
2014 03 09 23 30 00 1 5658.880
2014 03 09 23 45 00 1 5658.918
2014 03 10 00 00 00 1 5658.952
2014 03 10 00 15 00 1 5658.986
2014 03 10 00 30 00 1 5659.013
2014 03 10 00 45 00 1 5659.038
2014 03 10 01 00 00 1 5659.057
2014 03 10 01 15 00 1 5659.072
2014 03 10 01 30 00 1 5659.081
2014 03 10 01 45 00 1 5659.085
2014 03 10 02 00 00 1 5659.082
2014 03 10 02 15 00 1 5659.077
2014 03 10 02 30 00 1 5659.066
2014 03 10 02 45 00 1 5659.048
2014 03 10 03 00 00 1 5659.025
2014 03 10 03 15 00 1 5659.001
2014 03 10 03 30 00 1 5658.967
2014 03 10 03 45 00 1 5658.930
2014 03 10 04 00 00 1 5658.890
2014 03 10 04 15 00 1 5658.854
2014 03 10 04 30 00 1 5658.813
2014 03 10 04 45 00 1 5658.770
2014 03 10 05 00 00 1 5658.724
2014 03 10 05 15 00 1 5658.678
2014 03 10 05 30 00 1 5658.639
2014 03 10 05 45 00 1 5658.596
2014 03 10 06 00 00 1 5658.555
2014 03 10 06 15 00 1 5658.517
2014 03 10 06 30 00 1 5658.484
2014 03 10 06 45 00 1 5658.455
2014 03 10 07 00 00 1 5658.432
2014 03 10 07 15 00 1 5658.409
2014 03 10 07 30 00 1 5658.392
2014 03 10 07 45 00 1 5658.381
2014 03 10 08 00 00 1 5658.378
2014 03 10 08 15 00 1 5658.378
2014 03 10 08 30 00 1 5658.382
2014 03 10 08 45 00 1 5658.389
2014 03 10 09 00 00 1 5658.402
2014 03 10 09 15 00 1 5658.419
2014 03 10 09 30 00 1 5658.441
2014 03 10 09 45 00 1 5658.467
2014 03 10 10 00 00 1 5658.497
2014 03 10 10 15 00 1 5658.531
2014 03 10 10 30 00 1 5658.567
2014 03 10 10 45 00 1 5658.603
2014 03 10 11 00 00 1 5658.641
2014 03 10 11 15 00 1 5658.680
2014 03 10 11 30 00 1 5658.717
2014 03 10 11 45 00 1 5658.758
2014 03 10 12 00 00 1 5658.796
2014 03 10 12 15 00 1 5658.832
2014 03 10 12 30 00 1 5658.865
2014 03 10 12 45 00 1 5658.893
2014 03 10 13 00 00 1 5658.919
2014 03 10 13 15 00 1 5658.941
2014 03 10 13 30 00 1 5658.955
2014 03 10 13 45 00 1 5658.967
2014 03 10 14 00 00 1 5658.974
2014 03 10 14 15 00 1 5658.979
2014 03 10 14 30 00 1 5658.977
2014 03 10 14 45 00 1 5658.970
2014 03 10 15 00 00 1 5658.959
2014 03 10 15 15 00 1 5658.945
2014 03 10 15 30 00 1 5658.929
2014 03 10 15 45 00 1 5658.907
2014 03 10 16 00 00 1 5658.885
2014 03 10 16 15 00 1 5658.854
2014 03 10 16 30 00 1 5658.823
2014 03 10 16 45 00 1 5658.791
2014 03 10 17 00 00 1 5658.757
2014 03 10 17 15 00 1 5658.724
2014 03 10 17 30 00 1 5658.687
2014 03 10 17 45 00 1 5658.653
2014 03 10 18 00 00 1 5658.621
2014 03 10 18 15 00 1 5658.589
2014 03 10 18 30 00 1 5658.561
2014 03 10 18 45 00 1 5658.534
2014 03 10 19 00 00 1 5658.511
2014 03 10 19 15 00 1 5658.489
2014 03 10 19 30 00 1 5658.474
2014 03 10 19 45 00 1 5658.457
2014 03 10 20 00 00 1 5658.448
2014 03 10 20 15 00 1 5658.440
2014 03 10 20 30 00 1 5658.438
2014 03 10 20 45 00 1 5658.442
2014 03 10 21 00 00 1 5658.449
2014 03 10 21 15 00 1 5658.461
2014 03 10 21 30 00 1 5658.478
2014 03 10 21 45 00 1 5658.497
2014 03 10 22 00 00 1 5658.521
2014 03 10 22 15 00 1 5658.547
2014 03 10 22 30 00 1 5658.579
2014 03 10 22 45 00 1 5658.611
2014 03 10 23 00 00 1 5658.645
2014 03 10 23 15 00 1 5658.682
2014 03 10 23 30 00 1 5658.717
2014 03 10 23 45 00 1 5658.752
2014 03 11 00 00 00 1 5658.789
2014 03 11 00 15 00 1 5658.827
2014 03 11 00 30 00 1 5658.861
2014 03 11 00 45 00 1 5658.894
2014 03 11 01 00 00 1 5658.922
2014 03 11 01 15 00 1 5658.948
2014 03 11 01 30 00 1 5658.972
2014 03 11 01 45 00 1 5658.991
2014 03 11 02 00 00 1 5659.005
2014 03 11 02 15 00 1 5659.015
2014 03 11 02 30 00 1 5659.020
2014 03 11 02 45 00 1 5659.019
2014 03 11 03 00 00 1 5659.017
2014 03 11 03 15 00 1 5659.009
2014 03 11 03 30 00 1 5658.996
2014 03 11 03 45 00 1 5658.978
2014 03 11 04 00 00 1 5658.959
2014 03 11 04 15 00 1 5658.933
2014 03 11 04 30 00 1 5658.905
2014 03 11 04 45 00 1 5658.874
2014 03 11 05 00 00 1 5658.839
2014 03 11 05 15 00 1 5658.805
2014 03 11 05 30 00 1 5658.768
2014 03 11 05 45 00 1 5658.729
2014 03 11 06 00 00 1 5658.688
2014 03 11 06 15 00 1 5658.648
2014 03 11 06 30 00 1 5658.607
2014 03 11 06 45 00 1 5658.569
2014 03 11 07 00 00 1 5658.534
2014 03 11 07 15 00 1 5658.503
2014 03 11 07 30 00 1 5658.473
2014 03 11 07 45 00 1 5658.447
2014 03 11 08 00 00 1 5658.426
2014 03 11 08 15 00 1 5658.409
2014 03 11 08 30 00 1 5658.394
2014 03 11 08 45 00 1 5658.385
2014 03 11 09 00 00 1 5658.378
2014 03 11 09 15 00 1 5658.379
2014 03 11 09 30 00 1 5658.384
2014 03 11 09 45 00 1 5658.394
2014 03 11 10 00 00 1 5658.404
2014 03 11 10 15 00 1 5658.423
2014 03 11 10 30 00 1 5658.444
2014 03 11 10 45 00 1 5658.468
2014 03 11 11 00 00 1 5658.497
2014 03 11 11 15 00 1 5658.529
2014 03 11 11 30 00 1 5658.561
2014 03 11 11 45 00 1 5658.598
2014 03 11 12 00 00 1 5658.632
2014 03 11 12 15 00 1 5658.669
2014 03 11 12 30 00 1 5658.703
2014 03 11 12 45 00 1 5658.741
2014 03 11 13 00 00 1 5658.772
2014 03 11 13 15 00 1 5658.803
2014 03 11 13 30 00 1 5658.831
2014 03 11 13 45 00 1 5658.856
2014 03 11 14 00 00 1 5658.879
2014 03 11 14 15 00 1 5658.900
2014 03 11 14 30 00 1 5658.916
2014 03 11 14 45 00 1 5658.928
2014 03 11 15 00 00 1 5658.937
2014 03 11 15 15 00 1 5658.941
2014 03 11 15 30 00 1 5658.940
2014 03 11 15 45 00 1 5658.934
2014 03 11 16 00 00 1 5658.923
2014 03 11 16 15 00 1 5658.910
2014 03 11 16 30 00 1 5658.892
2014 03 11 16 45 00 1 5658.871
2014 03 11 17 00 00 1 5658.847
2014 03 11 17 15 00 1 5658.819
2014 03 11 17 30 00 1 5658.789
2014 03 11 17 45 00 1 5658.759
2014 03 11 18 00 00 1 5658.725
2014 03 11 18 15 00 1 5658.693
2014 03 11 18 30 00 1 5658.663
2014 03 11 18 45 00 1 5658.633
2014 03 11 19 00 00 1 5658.603
2014 03 11 19 15 00 1 5658.575
2014 03 11 19 30 00 1 5658.549
2014 03 11 19 45 00 1 5658.522
2014 03 11 20 00 00 1 5658.502
2014 03 11 20 15 00 1 5658.484
2014 03 11 20 30 00 1 5658.468
2014 03 11 20 45 00 1 5658.453
2014 03 11 21 00 00 1 5658.446
2014 03 11 21 15 00 1 5658.441
2014 03 11 21 30 00 1 5658.440
2014 03 11 21 45 00 1 5658.445
2014 03 11 22 00 00 1 5658.452
2014 03 11 22 15 00 1 5658.465
2014 03 11 22 30 00 1 5658.479
2014 03 11 22 45 00 1 5658.498
2014 03 11 23 00 00 1 5658.520
2014 03 11 23 15 00 1 5658.547
2014 03 11 23 30 00 1 5658.573
2014 03 11 23 45 00 1 5658.606
2014 03 12 00 00 00 1 5658.638
2014 03 12 00 15 00 1 5658.675
2014 03 12 00 30 00 1 5658.708
2014 03 12 00 45 00 1 5658.741
2014 03 12 01 00 00 1 5658.778
2014 03 12 01 15 00 1 5658.810
2014 03 12 01 30 00 1 5658.842
2014 03 12 01 45 00 1 5658.872
2014 03 12 02 00 00 1 5658.899
2014 03 12 02 15 00 1 5658.925
2014 03 12 02 30 00 1 5658.947
2014 03 12 02 45 00 1 5658.965
2014 03 12 03 00 00 1 5658.978
2014 03 12 03 15 00 1 5658.988
2014 03 12 03 30 00 1 5658.994
2014 03 12 03 45 00 1 5658.995
2014 03 12 04 00 00 1 5658.990
2014 03 12 04 15 00 1 5658.985
2014 03 12 04 30 00 1 5658.970
2014 03 12 04 45 00 1 5658.953
2014 03 12 05 00 00 1 5658.932
2014 03 12 05 15 00 1 5658.906
2014 03 12 05 30 00 1 5658.880
2014 03 12 05 45 00 1 5658.852
2014 03 12 06 00 00 1 5658.819
2014 03 12 06 15 00 1 5658.783
2014 03 12 06 30 00 1 5658.745
2014 03 12 06 45 00 1 5658.708
2014 03 12 07 00 00 1 5658.671
2014 03 12 07 15 00 1 5658.635
2014 03 12 07 30 00 1 5658.600
2014 03 12 07 45 00 1 5658.564
2014 03 12 08 00 00 1 5658.531
2014 03 12 08 15 00 1 5658.501
2014 03 12 08 30 00 1 5658.473
2014 03 12 08 45 00 1 5658.449
2014 03 12 09 00 00 1 5658.428
2014 03 12 09 15 00 1 5658.411
2014 03 12 09 30 00 1 5658.397
2014 03 12 09 45 00 1 5658.387
2014 03 12 10 00 00 1 5658.383
2014 03 12 10 15 00 1 5658.387
2014 03 12 10 30 00 1 5658.389
2014 03 12 10 45 00 1 5658.400
2014 03 12 11 00 00 1 5658.414
2014 03 12 11 15 00 1 5658.433
2014 03 12 11 30 00 1 5658.453
2014 03 12 11 45 00 1 5658.479
2014 03 12 12 00 00 1 5658.507
2014 03 12 12 15 00 1 5658.538
2014 03 12 12 30 00 1 5658.572
2014 03 12 12 45 00 1 5658.607
2014 03 12 13 00 00 1 5658.641
2014 03 12 13 15 00 1 5658.674
2014 03 12 13 30 00 1 5658.708
2014 03 12 13 45 00 1 5658.742
2014 03 12 14 00 00 1 5658.777
2014 03 12 14 15 00 1 5658.808
2014 03 12 14 30 00 1 5658.835
2014 03 12 14 45 00 1 5658.862
2014 03 12 15 00 00 1 5658.883
2014 03 12 15 15 00 1 5658.903
2014 03 12 15 30 00 1 5658.916
2014 03 12 15 45 00 1 5658.928
2014 03 12 16 00 00 1 5658.938
2014 03 12 16 15 00 1 5658.943
2014 03 12 16 30 00 1 5658.943
2014 03 12 16 45 00 1 5658.941
2014 03 12 17 00 00 1 5658.929
2014 03 12 17 15 00 1 5658.917
2014 03 12 17 30 00 1 5658.896
2014 03 12 17 45 00 1 5658.876
2014 03 12 18 00 00 1 5658.850
2014 03 12 18 15 00 1 5658.825
2014 03 12 18 30 00 1 5658.796
2014 03 12 18 45 00 1 5658.767
2014 03 12 19 00 00 1 5658.739
2014 03 12 19 15 00 1 5658.706
2014 03 12 19 30 00 1 5658.674
2014 03 12 19 45 00 1 5658.644
2014 03 12 20 00 00 1 5658.611
2014 03 12 20 15 00 1 5658.580
2014 03 12 20 30 00 1 5658.553
2014 03 12 20 45 00 1 5658.525
2014 03 12 21 00 00 1 5658.501
2014 03 12 21 15 00 1 5658.483
2014 03 12 21 30 00 1 5658.467
2014 03 12 21 45 00 1 5658.455
2014 03 12 22 00 00 1 5658.446
2014 03 12 22 15 00 1 5658.444
2014 03 12 22 30 00 1 5658.445
2014 03 12 22 45 00 1 5658.448
2014 03 12 23 00 00 1 5658.456
2014 03 12 23 15 00 1 5658.468
2014 03 12 23 30 00 1 5658.484
2014 03 12 23 45 00 1 5658.504
2014 03 13 00 00 00 1 5658.530
2014 03 13 00 15 00 1 5658.557
2014 03 13 00 30 00 1 5658.586
2014 03 13 00 45 00 1 5658.618
2014 03 13 01 00 00 1 5658.650
2014 03 13 01 15 00 1 5658.686
2014 03 13 01 30 00 1 5658.720
2014 03 13 01 45 00 1 5658.754
2014 03 13 02 00 00 1 5658.789
2014 03 13 02 15 00 1 5658.827
2014 03 13 02 30 00 1 5658.859
2014 03 13 02 45 00 1 5658.888
2014 03 13 03 00 00 1 5658.915
2014 03 13 03 15 00 1 5658.944
2014 03 13 03 30 00 1 5658.963
2014 03 13 03 45 00 1 5658.980
2014 03 13 04 00 00 1 5658.994
2014 03 13 04 15 00 1 5659.004
2014 03 13 04 30 00 1 5659.007
2014 03 13 04 45 00 1 5659.007
2014 03 13 05 00 00 1 5658.999
2014 03 13 05 15 00 1 5658.991
2014 03 13 05 30 00 1 5658.980
2014 03 13 05 45 00 1 5658.964
2014 03 13 06 00 00 1 5658.944
2014 03 13 06 15 00 1 5658.920
2014 03 13 06 30 00 1 5658.891
2014 03 13 06 45 00 1 5658.862
2014 03 13 07 00 00 1 5658.826
2014 03 13 07 15 00 1 5658.791
2014 03 13 07 30 00 1 5658.757
2014 03 13 07 45 00 1 5658.716
2014 03 13 08 00 00 1 5658.679
2014 03 13 08 15 00 1 5658.638
2014 03 13 08 30 00 1 5658.605
2014 03 13 08 45 00 1 5658.569
2014 03 13 09 00 00 1 5658.537
2014 03 13 09 15 00 1 5658.506
2014 03 13 09 30 00 1 5658.478
2014 03 13 09 45 00 1 5658.453
2014 03 13 10 00 00 1 5658.433
2014 03 13 10 15 00 1 5658.417
2014 03 13 10 30 00 1 5658.407
2014 03 13 10 45 00 1 5658.400
2014 03 13 11 00 00 1 5658.397
2014 03 13 11 15 00 1 5658.400
2014 03 13 11 30 00 1 5658.407
2014 03 13 11 45 00 1 5658.418
2014 03 13 12 00 00 1 5658.436
2014 03 13 12 15 00 1 5658.456
2014 03 13 12 30 00 1 5658.480
2014 03 13 12 45 00 1 5658.506
2014 03 13 13 00 00 1 5658.534
2014 03 13 13 15 00 1 5658.570
2014 03 13 13 30 00 1 5658.606
2014 03 13 13 45 00 1 5658.638
2014 03 13 14 00 00 1 5658.672
2014 03 13 14 15 00 1 5658.710
2014 03 13 14 30 00 1 5658.746
2014 03 13 14 45 00 1 5658.783
2014 03 13 15 00 00 1 5658.818
2014 03 13 15 15 00 1 5658.851
2014 03 13 15 30 00 1 5658.884
2014 03 13 15 45 00 1 5658.910
2014 03 13 16 00 00 1 5658.932
2014 03 13 16 15 00 1 5658.953
2014 03 13 16 30 00 1 5658.968
2014 03 13 16 45 00 1 5658.978
2014 03 13 17 00 00 1 5658.983
2014 03 13 17 15 00 1 5658.982
2014 03 13 17 30 00 1 5658.979
2014 03 13 17 45 00 1 5658.969
2014 03 13 18 00 00 1 5658.955
2014 03 13 18 15 00 1 5658.941
2014 03 13 18 30 00 1 5658.922
2014 03 13 18 45 00 1 5658.898
2014 03 13 19 00 00 1 5658.872
2014 03 13 19 15 00 1 5658.839
2014 03 13 19 30 00 1 5658.811
2014 03 13 19 45 00 1 5658.777
2014 03 13 20 00 00 1 5658.744
2014 03 13 20 15 00 1 5658.708
2014 03 13 20 30 00 1 5658.674
2014 03 13 20 45 00 1 5658.640
2014 03 13 21 00 00 1 5658.608
2014 03 13 21 15 00 1 5658.577
2014 03 13 21 30 00 1 5658.549
2014 03 13 21 45 00 1 5658.523
2014 03 13 22 00 00 1 5658.502
2014 03 13 22 15 00 1 5658.483
2014 03 13 22 30 00 1 5658.468
2014 03 13 22 45 00 1 5658.455
2014 03 13 23 00 00 1 5658.445
2014 03 13 23 15 00 1 5658.441
2014 03 13 23 30 00 1 5658.441
2014 03 13 23 45 00 1 5658.448
2014 03 14 00 00 00 1 5658.460
2014 03 14 00 15 00 1 5658.475
2014 03 14 00 30 00 1 5658.491
2014 03 14 00 45 00 1 5658.514
2014 03 14 01 00 00 1 5658.539
2014 03 14 01 15 00 1 5658.568
2014 03 14 01 30 00 1 5658.599
2014 03 14 01 45 00 1 5658.635
2014 03 14 02 00 00 1 5658.668
2014 03 14 02 15 00 1 5658.704
2014 03 14 02 30 00 1 5658.744
2014 03 14 02 45 00 1 5658.783
2014 03 14 03 00 00 1 5658.822
2014 03 14 03 15 00 1 5658.858
2014 03 14 03 30 00 1 5658.895
2014 03 14 03 45 00 1 5658.927
2014 03 14 04 00 00 1 5658.957
2014 03 14 04 15 00 1 5658.978
2014 03 14 04 30 00 1 5659.001
2014 03 14 04 45 00 1 5659.017
2014 03 14 05 00 00 1 5659.030
2014 03 14 05 15 00 1 5659.038
2014 03 14 05 30 00 1 5659.041
2014 03 14 05 45 00 1 5659.040
2014 03 14 06 00 00 1 5659.033
2014 03 14 06 15 00 1 5659.020
2014 03 14 06 30 00 1 5659.005
2014 03 14 06 45 00 1 5658.981
2014 03 14 07 00 00 1 5658.955
2014 03 14 07 15 00 1 5658.929
2014 03 14 07 30 00 1 5658.898
2014 03 14 07 45 00 1 5658.865
2014 03 14 08 00 00 1 5658.828
2014 03 14 08 15 00 1 5658.788
2014 03 14 08 30 00 1 5658.749
2014 03 14 08 45 00 1 5658.709
2014 03 14 09 00 00 1 5658.668
2014 03 14 09 15 00 1 5658.627
2014 03 14 09 30 00 1 5658.588
2014 03 14 09 45 00 1 5658.553
2014 03 14 10 00 00 1 5658.519
2014 03 14 10 15 00 1 5658.488
2014 03 14 10 30 00 1 5658.461
2014 03 14 10 45 00 1 5658.438
2014 03 14 11 00 00 1 5658.420
2014 03 14 11 15 00 1 5658.408
2014 03 14 11 30 00 1 5658.399
2014 03 14 11 45 00 1 5658.395
2014 03 14 12 00 00 1 5658.397
2014 03 14 12 15 00 1 5658.405
2014 03 14 12 30 00 1 5658.417
2014 03 14 12 45 00 1 5658.434
2014 03 14 13 00 00 1 5658.454
2014 03 14 13 15 00 1 5658.479
2014 03 14 13 30 00 1 5658.507
2014 03 14 13 45 00 1 5658.540
2014 03 14 14 00 00 1 5658.572
2014 03 14 14 15 00 1 5658.607
2014 03 14 14 30 00 1 5658.647
2014 03 14 14 45 00 1 5658.685
2014 03 14 15 00 00 1 5658.727
2014 03 14 15 15 00 1 5658.770
2014 03 14 15 30 00 1 5658.810
2014 03 14 15 45 00 1 5658.847
2014 03 14 16 00 00 1 5658.882
2014 03 14 16 15 00 1 5658.917
2014 03 14 16 30 00 1 5658.946
2014 03 14 16 45 00 1 5658.971
2014 03 14 17 00 00 1 5658.991
2014 03 14 17 15 00 1 5659.009
2014 03 14 17 30 00 1 5659.021
2014 03 14 17 45 00 1 5659.025
2014 03 14 18 00 00 1 5659.027
2014 03 14 18 15 00 1 5659.022
2014 03 14 18 30 00 1 5659.015
2014 03 14 18 45 00 1 5659.004
2014 03 14 19 00 00 1 5658.987
2014 03 14 19 15 00 1 5658.966
2014 03 14 19 30 00 1 5658.942
2014 03 14 19 45 00 1 5658.911
2014 03 14 20 00 00 1 5658.879
2014 03 14 20 15 00 1 5658.842
2014 03 14 20 30 00 1 5658.805
2014 03 14 20 45 00 1 5658.766
2014 03 14 21 00 00 1 5658.726
2014 03 14 21 15 00 1 5658.689
2014 03 14 21 30 00 1 5658.651
2014 03 14 21 45 00 1 5658.615
2014 03 14 22 00 00 1 5658.579
2014 03 14 22 15 00 1 5658.546
2014 03 14 22 30 00 1 5658.519
2014 03 14 22 45 00 1 5658.493
2014 03 14 23 00 00 1 5658.470
2014 03 14 23 15 00 1 5658.450
2014 03 14 23 30 00 1 5658.436
2014 03 14 23 45 00 1 5658.424
2014 03 15 00 00 00 1 5658.418
2014 03 15 00 15 00 1 5658.417
2014 03 15 00 30 00 1 5658.425
2014 03 15 00 45 00 1 5658.434
2014 03 15 01 00 00 1 5658.450
2014 03 15 01 15 00 1 5658.471
2014 03 15 01 30 00 1 5658.493
2014 03 15 01 45 00 1 5658.522
2014 03 15 02 00 00 1 5658.549
2014 03 15 02 15 00 1 5658.586
2014 03 15 02 30 00 1 5658.623
2014 03 15 02 45 00 1 5658.663
2014 03 15 03 00 00 1 5658.703
2014 03 15 03 15 00 1 5658.743
2014 03 15 03 30 00 1 5658.781
2014 03 15 03 45 00 1 5658.824
2014 03 15 04 00 00 1 5658.864
2014 03 15 04 15 00 1 5658.899
2014 03 15 04 30 00 1 5658.936
2014 03 15 04 45 00 1 5658.965
2014 03 15 05 00 00 1 5658.993
2014 03 15 05 15 00 1 5659.017
2014 03 15 05 30 00 1 5659.036
2014 03 15 05 45 00 1 5659.052
2014 03 15 06 00 00 1 5659.061
2014 03 15 06 15 00 1 5659.064
2014 03 15 06 30 00 1 5659.064
2014 03 15 06 45 00 1 5659.055
2014 03 15 07 00 00 1 5659.043
2014 03 15 07 15 00 1 5659.025
2014 03 15 07 30 00 1 5659.005
2014 03 15 07 45 00 1 5658.978
2014 03 15 08 00 00 1 5658.947
2014 03 15 08 15 00 1 5658.911
2014 03 15 08 30 00 1 5658.876
2014 03 15 08 45 00 1 5658.837
2014 03 15 09 00 00 1 5658.793
2014 03 15 09 15 00 1 5658.750
2014 03 15 09 30 00 1 5658.706
2014 03 15 09 45 00 1 5658.664
2014 03 15 10 00 00 1 5658.618
2014 03 15 10 15 00 1 5658.579
2014 03 15 10 30 00 1 5658.539
2014 03 15 10 45 00 1 5658.505
2014 03 15 11 00 00 1 5658.471
2014 03 15 11 15 00 1 5658.444
2014 03 15 11 30 00 1 5658.420
2014 03 15 11 45 00 1 5658.400
2014 03 15 12 00 00 1 5658.389
2014 03 15 12 15 00 1 5658.378
2014 03 15 12 30 00 1 5658.377
2014 03 15 12 45 00 1 5658.381
2014 03 15 13 00 00 1 5658.388
2014 03 15 13 15 00 1 5658.400
2014 03 15 13 30 00 1 5658.417
2014 03 15 13 45 00 1 5658.441
2014 03 15 14 00 00 1 5658.466
2014 03 15 14 15 00 1 5658.497
2014 03 15 14 30 00 1 5658.533
2014 03 15 14 45 00 1 5658.572
2014 03 15 15 00 00 1 5658.612
2014 03 15 15 15 00 1 5658.654
2014 03 15 15 30 00 1 5658.701
2014 03 15 15 45 00 1 5658.745
2014 03 15 16 00 00 1 5658.790
2014 03 15 16 15 00 1 5658.834
2014 03 15 16 30 00 1 5658.873
2014 03 15 16 45 00 1 5658.912
2014 03 15 17 00 00 1 5658.947
2014 03 15 17 15 00 1 5658.977
2014 03 15 17 30 00 1 5659.003
2014 03 15 17 45 00 1 5659.025
2014 03 15 18 00 00 1 5659.041
2014 03 15 18 15 00 1 5659.054
2014 03 15 18 30 00 1 5659.059
2014 03 15 18 45 00 1 5659.063
2014 03 15 19 00 00 1 5659.058
2014 03 15 19 15 00 1 5659.050
2014 03 15 19 30 00 1 5659.037
2014 03 15 19 45 00 1 5659.015
2014 03 15 20 00 00 1 5658.988
2014 03 15 20 15 00 1 5658.960
2014 03 15 20 30 00 1 5658.926
2014 03 15 20 45 00 1 5658.887
2014 03 15 21 00 00 1 5658.849
2014 03 15 21 15 00 1 5658.807
2014 03 15 21 30 00 1 5658.765
2014 03 15 21 45 00 1 5658.722
2014 03 15 22 00 00 1 5658.678
2014 03 15 22 15 00 1 5658.633
2014 03 15 22 30 00 1 5658.594
2014 03 15 22 45 00 1 5658.557
2014 03 15 23 00 00 1 5658.519
2014 03 15 23 15 00 1 5658.487
2014 03 15 23 30 00 1 5658.458
2014 03 15 23 45 00 1 5658.432
2014 03 16 00 00 00 1 5658.410
2014 03 16 00 15 00 1 5658.394
2014 03 16 00 30 00 1 5658.382
2014 03 16 00 45 00 1 5658.377
2014 03 16 01 00 00 1 5658.375
2014 03 16 01 15 00 1 5658.382
2014 03 16 01 30 00 1 5658.394
2014 03 16 01 45 00 1 5658.409
2014 03 16 02 00 00 1 5658.434
2014 03 16 02 15 00 1 5658.459
2014 03 16 02 30 00 1 5658.488
2014 03 16 02 45 00 1 5658.522
2014 03 16 03 00 00 1 5658.557
2014 03 16 03 15 00 1 5658.599
2014 03 16 03 30 00 1 5658.641
2014 03 16 03 45 00 1 5658.687
2014 03 16 04 00 00 1 5658.733
2014 03 16 04 15 00 1 5658.777
2014 03 16 04 30 00 1 5658.821
2014 03 16 04 45 00 1 5658.861
2014 03 16 05 00 00 1 5658.904
2014 03 16 05 15 00 1 5658.944
2014 03 16 05 30 00 1 5658.981
2014 03 16 05 45 00 1 5659.011
2014 03 16 06 00 00 1 5659.039
2014 03 16 06 15 00 1 5659.062
2014 03 16 06 30 00 1 5659.076
2014 03 16 06 45 00 1 5659.085
2014 03 16 07 00 00 1 5659.090
2014 03 16 07 15 00 1 5659.087
2014 03 16 07 30 00 1 5659.080
2014 03 16 07 45 00 1 5659.067
2014 03 16 08 00 00 1 5659.047
2014 03 16 08 15 00 1 5659.022
2014 03 16 08 30 00 1 5658.994
2014 03 16 08 45 00 1 5658.961
2014 03 16 09 00 00 1 5658.922
2014 03 16 09 15 00 1 5658.878
2014 03 16 09 30 00 1 5658.836
2014 03 16 09 45 00 1 5658.791
2014 03 16 10 00 00 1 5658.746
2014 03 16 10 15 00 1 5658.696
2014 03 16 10 30 00 1 5658.648
2014 03 16 10 45 00 1 5658.605
2014 03 16 11 00 00 1 5658.563
2014 03 16 11 15 00 1 5658.524
2014 03 16 11 30 00 1 5658.489
2014 03 16 11 45 00 1 5658.453
2014 03 16 12 00 00 1 5658.426
2014 03 16 12 15 00 1 5658.402
2014 03 16 12 30 00 1 5658.385
2014 03 16 12 45 00 1 5658.372
2014 03 16 13 00 00 1 5658.364
2014 03 16 13 15 00 1 5658.357
2014 03 16 13 30 00 1 5658.361
2014 03 16 13 45 00 1 5658.370
2014 03 16 14 00 00 1 5658.386
2014 03 16 14 15 00 1 5658.405
2014 03 16 14 30 00 1 5658.433
2014 03 16 14 45 00 1 5658.463
2014 03 16 15 00 00 1 5658.497
2014 03 16 15 15 00 1 5658.538
2014 03 16 15 30 00 1 5658.581
2014 03 16 15 45 00 1 5658.628
2014 03 16 16 00 00 1 5658.675
2014 03 16 16 15 00 1 5658.724
2014 03 16 16 30 00 1 5658.774
2014 03 16 16 45 00 1 5658.820
2014 03 16 17 00 00 1 5658.867
2014 03 16 17 15 00 1 5658.913
2014 03 16 17 30 00 1 5658.954
2014 03 16 17 45 00 1 5658.990
2014 03 16 18 00 00 1 5659.022
2014 03 16 18 15 00 1 5659.051
2014 03 16 18 30 00 1 5659.075
2014 03 16 18 45 00 1 5659.094
2014 03 16 19 00 00 1 5659.107
2014 03 16 19 15 00 1 5659.114
2014 03 16 19 30 00 1 5659.109
2014 03 16 19 45 00 1 5659.101
2014 03 16 20 00 00 1 5659.086
2014 03 16 20 15 00 1 5659.066
2014 03 16 20 30 00 1 5659.039
2014 03 16 20 45 00 1 5659.012
2014 03 16 21 00 00 1 5658.975
2014 03 16 21 15 00 1 5658.936
2014 03 16 21 30 00 1 5658.895
2014 03 16 21 45 00 1 5658.850
2014 03 16 22 00 00 1 5658.803
2014 03 16 22 15 00 1 5658.757
2014 03 16 22 30 00 1 5658.708
2014 03 16 22 45 00 1 5658.659
2014 03 16 23 00 00 1 5658.614
2014 03 16 23 15 00 1 5658.569
2014 03 16 23 30 00 1 5658.527
2014 03 16 23 45 00 1 5658.487
2014 03 17 00 00 00 1 5658.449
2014 03 17 00 15 00 1 5658.417
2014 03 17 00 30 00 1 5658.390
2014 03 17 00 45 00 1 5658.368
2014 03 17 01 00 00 1 5658.353
2014 03 17 01 15 00 1 5658.344
2014 03 17 01 30 00 1 5658.339
2014 03 17 01 45 00 1 5658.340
2014 03 17 02 00 00 1 5658.348
2014 03 17 02 15 00 1 5658.361
2014 03 17 02 30 00 1 5658.381
2014 03 17 02 45 00 1 5658.408
2014 03 17 03 00 00 1 5658.438
2014 03 17 03 15 00 1 5658.474
2014 03 17 03 30 00 1 5658.512
2014 03 17 03 45 00 1 5658.556
2014 03 17 04 00 00 1 5658.601
2014 03 17 04 15 00 1 5658.645
2014 03 17 04 30 00 1 5658.696
2014 03 17 04 45 00 1 5658.747
2014 03 17 05 00 00 1 5658.794
2014 03 17 05 15 00 1 5658.844
2014 03 17 05 30 00 1 5658.891
2014 03 17 05 45 00 1 5658.937
2014 03 17 06 00 00 1 5658.978
2014 03 17 06 15 00 1 5659.013
2014 03 17 06 30 00 1 5659.045
2014 03 17 06 45 00 1 5659.070
2014 03 17 07 00 00 1 5659.093
2014 03 17 07 15 00 1 5659.112
2014 03 17 07 30 00 1 5659.116
2014 03 17 07 45 00 1 5659.120
2014 03 17 08 00 00 1 5659.114
2014 03 17 08 15 00 1 5659.104
2014 03 17 08 30 00 1 5659.087
2014 03 17 08 45 00 1 5659.066
2014 03 17 09 00 00 1 5659.037
2014 03 17 09 15 00 1 5659.003
2014 03 17 09 30 00 1 5658.964
2014 03 17 09 45 00 1 5658.922
2014 03 17 10 00 00 1 5658.876
2014 03 17 10 15 00 1 5658.828
2014 03 17 10 30 00 1 5658.778
2014 03 17 10 45 00 1 5658.726
2014 03 17 11 00 00 1 5658.677
2014 03 17 11 15 00 1 5658.630
2014 03 17 11 30 00 1 5658.582
2014 03 17 11 45 00 1 5658.538
2014 03 17 12 00 00 1 5658.498
2014 03 17 12 15 00 1 5658.461
2014 03 17 12 30 00 1 5658.428
2014 03 17 12 45 00 1 5658.398
2014 03 17 13 00 00 1 5658.371
2014 03 17 13 15 00 1 5658.353
2014 03 17 13 30 00 1 5658.345
2014 03 17 13 45 00 1 5658.334
2014 03 17 14 00 00 1 5658.335
2014 03 17 14 15 00 1 5658.344
2014 03 17 14 30 00 1 5658.356
2014 03 17 14 45 00 1 5658.380
2014 03 17 15 00 00 1 5658.404
2014 03 17 15 15 00 1 5658.435
2014 03 17 15 30 00 1 5658.475
2014 03 17 15 45 00 1 5658.515
2014 03 17 16 00 00 1 5658.562
2014 03 17 16 15 00 1 5658.610
2014 03 17 16 30 00 1 5658.662
2014 03 17 16 45 00 1 5658.714
2014 03 17 17 00 00 1 5658.768
2014 03 17 17 15 00 1 5658.821
2014 03 17 17 30 00 1 5658.868
2014 03 17 17 45 00 1 5658.918
2014 03 17 18 00 00 1 5658.964
2014 03 17 18 15 00 1 5659.004
2014 03 17 18 30 00 1 5659.045
2014 03 17 18 45 00 1 5659.078
2014 03 17 19 00 00 1 5659.107
2014 03 17 19 15 00 1 5659.125
2014 03 17 19 30 00 1 5659.140
2014 03 17 19 45 00 1 5659.152
2014 03 17 20 00 00 1 5659.151
2014 03 17 20 15 00 1 5659.149
2014 03 17 20 30 00 1 5659.138
2014 03 17 20 45 00 1 5659.120
2014 03 17 21 00 00 1 5659.096
2014 03 17 21 15 00 1 5659.066
2014 03 17 21 30 00 1 5659.032
2014 03 17 21 45 00 1 5658.991
2014 03 17 22 00 00 1 5658.946
2014 03 17 22 15 00 1 5658.899
2014 03 17 22 30 00 1 5658.847
2014 03 17 22 45 00 1 5658.798
2014 03 17 23 00 00 1 5658.743
2014 03 17 23 15 00 1 5658.689
2014 03 17 23 30 00 1 5658.638
2014 03 17 23 45 00 1 5658.588
2014 03 18 00 00 00 1 5658.541
2014 03 18 00 15 00 1 5658.495
2014 03 18 00 30 00 1 5658.451
2014 03 18 00 45 00 1 5658.415
2014 03 18 01 00 00 1 5658.382
2014 03 18 01 15 00 1 5658.351
2014 03 18 01 30 00 1 5658.327
2014 03 18 01 45 00 1 5658.314
2014 03 18 02 00 00 1 5658.303
2014 03 18 02 15 00 1 5658.299
2014 03 18 02 30 00 1 5658.304
2014 03 18 02 45 00 1 5658.313
2014 03 18 03 00 00 1 5658.328
2014 03 18 03 15 00 1 5658.351
2014 03 18 03 30 00 1 5658.381
2014 03 18 03 45 00 1 5658.415
2014 03 18 04 00 00 1 5658.455
2014 03 18 04 15 00 1 5658.498
2014 03 18 04 30 00 1 5658.546
2014 03 18 04 45 00 1 5658.599
2014 03 18 05 00 00 1 5658.654
2014 03 18 05 15 00 1 5658.709
2014 03 18 05 30 00 1 5658.763
2014 03 18 05 45 00 1 5658.815
2014 03 18 06 00 00 1 5658.864
2014 03 18 06 15 00 1 5658.914
2014 03 18 06 30 00 1 5658.959
2014 03 18 06 45 00 1 5659.000
2014 03 18 07 00 00 1 5659.039
2014 03 18 07 15 00 1 5659.070
2014 03 18 07 30 00 1 5659.095
2014 03 18 07 45 00 1 5659.112
2014 03 18 08 00 00 1 5659.128
2014 03 18 08 15 00 1 5659.135
2014 03 18 08 30 00 1 5659.137
2014 03 18 08 45 00 1 5659.127
2014 03 18 09 00 00 1 5659.112
2014 03 18 09 15 00 1 5659.091
2014 03 18 09 30 00 1 5659.063
2014 03 18 09 45 00 1 5659.027
2014 03 18 10 00 00 1 5658.986
2014 03 18 10 15 00 1 5658.944
2014 03 18 10 30 00 1 5658.901
2014 03 18 10 45 00 1 5658.851
2014 03 18 11 00 00 1 5658.800
2014 03 18 11 15 00 1 5658.745
2014 03 18 11 30 00 1 5658.693
2014 03 18 11 45 00 1 5658.642
2014 03 18 12 00 00 1 5658.591
2014 03 18 12 15 00 1 5658.542
2014 03 18 12 30 00 1 5658.495
2014 03 18 12 45 00 1 5658.449
2014 03 18 13 00 00 1 5658.412
2014 03 18 13 15 00 1 5658.378
2014 03 18 13 30 00 1 5658.349
2014 03 18 13 45 00 1 5658.328
2014 03 18 14 00 00 1 5658.311
2014 03 18 14 15 00 1 5658.298
2014 03 18 14 30 00 1 5658.296
2014 03 18 14 45 00 1 5658.296
2014 03 18 15 00 00 1 5658.307
2014 03 18 15 15 00 1 5658.325
2014 03 18 15 30 00 1 5658.351
2014 03 18 15 45 00 1 5658.384
2014 03 18 16 00 00 1 5658.423
2014 03 18 16 15 00 1 5658.465
2014 03 18 16 30 00 1 5658.516
2014 03 18 16 45 00 1 5658.566
2014 03 18 17 00 00 1 5658.618
2014 03 18 17 15 00 1 5658.672
2014 03 18 17 30 00 1 5658.729
2014 03 18 17 45 00 1 5658.786
2014 03 18 18 00 00 1 5658.841
2014 03 18 18 15 00 1 5658.892
2014 03 18 18 30 00 1 5658.946
2014 03 18 18 45 00 1 5658.994
2014 03 18 19 00 00 1 5659.036
2014 03 18 19 15 00 1 5659.073
2014 03 18 19 30 00 1 5659.103
2014 03 18 19 45 00 1 5659.127
2014 03 18 20 00 00 1 5659.146
2014 03 18 20 15 00 1 5659.154
2014 03 18 20 30 00 1 5659.159
2014 03 18 20 45 00 1 5659.156
2014 03 18 21 00 00 1 5659.148
2014 03 18 21 15 00 1 5659.133
2014 03 18 21 30 00 1 5659.109
2014 03 18 21 45 00 1 5659.080
2014 03 18 22 00 00 1 5659.047
2014 03 18 22 15 00 1 5659.005
2014 03 18 22 30 00 1 5658.958
2014 03 18 22 45 00 1 5658.910
2014 03 18 23 00 00 1 5658.858
2014 03 18 23 15 00 1 5658.803
2014 03 18 23 30 00 1 5658.747
2014 03 18 23 45 00 1 5658.697
2014 03 19 00 00 00 1 5658.641
2014 03 19 00 15 00 1 5658.588
2014 03 19 00 30 00 1 5658.534
2014 03 19 00 45 00 1 5658.487
2014 03 19 01 00 00 1 5658.439
2014 03 19 01 15 00 1 5658.393
2014 03 19 01 30 00 1 5658.355
2014 03 19 01 45 00 1 5658.321
2014 03 19 02 00 00 1 5658.293
2014 03 19 02 15 00 1 5658.271
2014 03 19 02 30 00 1 5658.257
2014 03 19 02 45 00 1 5658.251
2014 03 19 03 00 00 1 5658.249
2014 03 19 03 15 00 1 5658.255
2014 03 19 03 30 00 1 5658.269
2014 03 19 03 45 00 1 5658.289
2014 03 19 04 00 00 1 5658.318
2014 03 19 04 15 00 1 5658.353
2014 03 19 04 30 00 1 5658.393
2014 03 19 04 45 00 1 5658.436
2014 03 19 05 00 00 1 5658.483
2014 03 19 05 15 00 1 5658.534
2014 03 19 05 30 00 1 5658.590
2014 03 19 05 45 00 1 5658.642
2014 03 19 06 00 00 1 5658.698
2014 03 19 06 15 00 1 5658.755
2014 03 19 06 30 00 1 5658.809
2014 03 19 06 45 00 1 5658.860
2014 03 19 07 00 00 1 5658.909
2014 03 19 07 15 00 1 5658.954
2014 03 19 07 30 00 1 5658.996
2014 03 19 07 45 00 1 5659.035
2014 03 19 08 00 00 1 5659.066
2014 03 19 08 15 00 1 5659.094
2014 03 19 08 30 00 1 5659.112
2014 03 19 08 45 00 1 5659.123
2014 03 19 09 00 00 1 5659.126
2014 03 19 09 15 00 1 5659.122
2014 03 19 09 30 00 1 5659.110
2014 03 19 09 45 00 1 5659.091
2014 03 19 10 00 00 1 5659.068
2014 03 19 10 15 00 1 5659.034
2014 03 19 10 30 00 1 5658.997
2014 03 19 10 45 00 1 5658.954
2014 03 19 11 00 00 1 5658.910
2014 03 19 11 15 00 1 5658.862
2014 03 19 11 30 00 1 5658.812
2014 03 19 11 45 00 1 5658.758
2014 03 19 12 00 00 1 5658.703
2014 03 19 12 15 00 1 5658.649
2014 03 19 12 30 00 1 5658.595
2014 03 19 12 45 00 1 5658.541
2014 03 19 13 00 00 1 5658.489
2014 03 19 13 15 00 1 5658.444
2014 03 19 13 30 00 1 5658.398
2014 03 19 13 45 00 1 5658.360
2014 03 19 14 00 00 1 5658.328
2014 03 19 14 15 00 1 5658.301
2014 03 19 14 30 00 1 5658.282
2014 03 19 14 45 00 1 5658.266
2014 03 19 15 00 00 1 5658.259
2014 03 19 15 15 00 1 5658.261
2014 03 19 15 30 00 1 5658.271
2014 03 19 15 45 00 1 5658.286
2014 03 19 16 00 00 1 5658.311
2014 03 19 16 15 00 1 5658.342
2014 03 19 16 30 00 1 5658.378
2014 03 19 16 45 00 1 5658.419
2014 03 19 17 00 00 1 5658.466
2014 03 19 17 15 00 1 5658.517
2014 03 19 17 30 00 1 5658.572
2014 03 19 17 45 00 1 5658.626
2014 03 19 18 00 00 1 5658.684
2014 03 19 18 15 00 1 5658.746
2014 03 19 18 30 00 1 5658.803
2014 03 19 18 45 00 1 5658.862
2014 03 19 19 00 00 1 5658.917
2014 03 19 19 15 00 1 5658.967
2014 03 19 19 30 00 1 5659.013
2014 03 19 19 45 00 1 5659.053
2014 03 19 20 00 00 1 5659.090
2014 03 19 20 15 00 1 5659.120
2014 03 19 20 30 00 1 5659.142
2014 03 19 20 45 00 1 5659.157
2014 03 19 21 00 00 1 5659.167
2014 03 19 21 15 00 1 5659.170
2014 03 19 21 30 00 1 5659.167
2014 03 19 21 45 00 1 5659.153
2014 03 19 22 00 00 1 5659.133
2014 03 19 22 15 00 1 5659.107
2014 03 19 22 30 00 1 5659.074
2014 03 19 22 45 00 1 5659.035
2014 03 19 23 00 00 1 5658.992
2014 03 19 23 15 00 1 5658.942
2014 03 19 23 30 00 1 5658.891
2014 03 19 23 45 00 1 5658.835
2014 03 20 00 00 00 1 5658.779
2014 03 20 00 15 00 1 5658.720
2014 03 20 00 30 00 1 5658.664
2014 03 20 00 45 00 1 5658.604
2014 03 20 01 00 00 1 5658.547
2014 03 20 01 15 00 1 5658.491
2014 03 20 01 30 00 1 5658.439
2014 03 20 01 45 00 1 5658.392
2014 03 20 02 00 00 1 5658.348
2014 03 20 02 15 00 1 5658.314
2014 03 20 02 30 00 1 5658.280
2014 03 20 02 45 00 1 5658.254
2014 03 20 03 00 00 1 5658.232
2014 03 20 03 15 00 1 5658.220
2014 03 20 03 30 00 1 5658.214
2014 03 20 03 45 00 1 5658.214
2014 03 20 04 00 00 1 5658.223
2014 03 20 04 15 00 1 5658.236
2014 03 20 04 30 00 1 5658.257
2014 03 20 04 45 00 1 5658.287
2014 03 20 05 00 00 1 5658.324
2014 03 20 05 15 00 1 5658.364
2014 03 20 05 30 00 1 5658.413
2014 03 20 05 45 00 1 5658.464
2014 03 20 06 00 00 1 5658.518
2014 03 20 06 15 00 1 5658.571
2014 03 20 06 30 00 1 5658.632
2014 03 20 06 45 00 1 5658.694
2014 03 20 07 00 00 1 5658.752
2014 03 20 07 15 00 1 5658.808
2014 03 20 07 30 00 1 5658.862
2014 03 20 07 45 00 1 5658.912
2014 03 20 08 00 00 1 5658.962
2014 03 20 08 15 00 1 5659.001
2014 03 20 08 30 00 1 5659.036
2014 03 20 08 45 00 1 5659.068
2014 03 20 09 00 00 1 5659.091
2014 03 20 09 15 00 1 5659.107
2014 03 20 09 30 00 1 5659.112
2014 03 20 09 45 00 1 5659.114
2014 03 20 10 00 00 1 5659.105
2014 03 20 10 15 00 1 5659.093
2014 03 20 10 30 00 1 5659.073
2014 03 20 10 45 00 1 5659.047
2014 03 20 11 00 00 1 5659.014
2014 03 20 11 15 00 1 5658.976
2014 03 20 11 30 00 1 5658.933
2014 03 20 11 45 00 1 5658.885
2014 03 20 12 00 00 1 5658.834
2014 03 20 12 15 00 1 5658.782
2014 03 20 12 30 00 1 5658.727
2014 03 20 12 45 00 1 5658.670
2014 03 20 13 00 00 1 5658.617
2014 03 20 13 15 00 1 5658.563
2014 03 20 13 30 00 1 5658.511
2014 03 20 13 45 00 1 5658.457
2014 03 20 14 00 00 1 5658.412
2014 03 20 14 15 00 1 5658.367
2014 03 20 14 30 00 1 5658.327
2014 03 20 14 45 00 1 5658.295
2014 03 20 15 00 00 1 5658.271
2014 03 20 15 15 00 1 5658.256
2014 03 20 15 30 00 1 5658.242
2014 03 20 15 45 00 1 5658.240
2014 03 20 16 00 00 1 5658.247
2014 03 20 16 15 00 1 5658.257
2014 03 20 16 30 00 1 5658.277
2014 03 20 16 45 00 1 5658.303
2014 03 20 17 00 00 1 5658.337
2014 03 20 17 15 00 1 5658.377
2014 03 20 17 30 00 1 5658.423
2014 03 20 17 45 00 1 5658.474
2014 03 20 18 00 00 1 5658.528
2014 03 20 18 15 00 1 5658.584
2014 03 20 18 30 00 1 5658.646
2014 03 20 18 45 00 1 5658.706
2014 03 20 19 00 00 1 5658.767
2014 03 20 19 15 00 1 5658.828
2014 03 20 19 30 00 1 5658.887
2014 03 20 19 45 00 1 5658.941
2014 03 20 20 00 00 1 5658.992
2014 03 20 20 15 00 1 5659.034
2014 03 20 20 30 00 1 5659.074
2014 03 20 20 45 00 1 5659.107
2014 03 20 21 00 00 1 5659.135
2014 03 20 21 15 00 1 5659.156
2014 03 20 21 30 00 1 5659.172
2014 03 20 21 45 00 1 5659.181
2014 03 20 22 00 00 1 5659.178
2014 03 20 22 15 00 1 5659.168
2014 03 20 22 30 00 1 5659.154
2014 03 20 22 45 00 1 5659.131
2014 03 20 23 00 00 1 5659.101
2014 03 20 23 15 00 1 5659.065
2014 03 20 23 30 00 1 5659.025
2014 03 20 23 45 00 1 5658.981
2014 03 21 00 00 00 1 5658.931
2014 03 21 00 15 00 1 5658.878
2014 03 21 00 30 00 1 5658.823
2014 03 21 00 45 00 1 5658.763
2014 03 21 01 00 00 1 5658.703
2014 03 21 01 15 00 1 5658.641
2014 03 21 01 30 00 1 5658.581
2014 03 21 01 45 00 1 5658.522
2014 03 21 02 00 00 1 5658.466
2014 03 21 02 15 00 1 5658.411
2014 03 21 02 30 00 1 5658.365
2014 03 21 02 45 00 1 5658.324
2014 03 21 03 00 00 1 5658.287
2014 03 21 03 15 00 1 5658.255
2014 03 21 03 30 00 1 5658.229
2014 03 21 03 45 00 1 5658.210
2014 03 21 04 00 00 1 5658.202
2014 03 21 04 15 00 1 5658.198
2014 03 21 04 30 00 1 5658.205
2014 03 21 04 45 00 1 5658.214
2014 03 21 05 00 00 1 5658.234
2014 03 21 05 15 00 1 5658.260
2014 03 21 05 30 00 1 5658.291
2014 03 21 05 45 00 1 5658.327
2014 03 21 06 00 00 1 5658.371
2014 03 21 06 15 00 1 5658.420
2014 03 21 06 30 00 1 5658.473
2014 03 21 06 45 00 1 5658.528
2014 03 21 07 00 00 1 5658.587
2014 03 21 07 15 00 1 5658.647
2014 03 21 07 30 00 1 5658.705
2014 03 21 07 45 00 1 5658.767
2014 03 21 08 00 00 1 5658.825
2014 03 21 08 15 00 1 5658.881
2014 03 21 08 30 00 1 5658.928
2014 03 21 08 45 00 1 5658.975
2014 03 21 09 00 00 1 5659.019
2014 03 21 09 15 00 1 5659.050
2014 03 21 09 30 00 1 5659.076
2014 03 21 09 45 00 1 5659.096
2014 03 21 10 00 00 1 5659.112
2014 03 21 10 15 00 1 5659.118
2014 03 21 10 30 00 1 5659.118
2014 03 21 10 45 00 1 5659.112
2014 03 21 11 00 00 1 5659.095
2014 03 21 11 15 00 1 5659.077
2014 03 21 11 30 00 1 5659.050
2014 03 21 11 45 00 1 5659.015
2014 03 21 12 00 00 1 5658.977
2014 03 21 12 15 00 1 5658.932
2014 03 21 12 30 00 1 5658.881
2014 03 21 12 45 00 1 5658.827
2014 03 21 13 00 00 1 5658.776
2014 03 21 13 15 00 1 5658.715
2014 03 21 13 30 00 1 5658.660
2014 03 21 13 45 00 1 5658.603
2014 03 21 14 00 00 1 5658.547
2014 03 21 14 15 00 1 5658.495
2014 03 21 14 30 00 1 5658.444
2014 03 21 14 45 00 1 5658.397
2014 03 21 15 00 00 1 5658.354
2014 03 21 15 15 00 1 5658.320
2014 03 21 15 30 00 1 5658.294
2014 03 21 15 45 00 1 5658.274
2014 03 21 16 00 00 1 5658.261
2014 03 21 16 15 00 1 5658.253
2014 03 21 16 30 00 1 5658.250
2014 03 21 16 45 00 1 5658.255
2014 03 21 17 00 00 1 5658.266
2014 03 21 17 15 00 1 5658.287
2014 03 21 17 30 00 1 5658.317
2014 03 21 17 45 00 1 5658.348
2014 03 21 18 00 00 1 5658.392
2014 03 21 18 15 00 1 5658.437
2014 03 21 18 30 00 1 5658.488
2014 03 21 18 45 00 1 5658.546
2014 03 21 19 00 00 1 5658.602
2014 03 21 19 15 00 1 5658.660
2014 03 21 19 30 00 1 5658.721
2014 03 21 19 45 00 1 5658.780
2014 03 21 20 00 00 1 5658.835
2014 03 21 20 15 00 1 5658.894
2014 03 21 20 30 00 1 5658.947
2014 03 21 20 45 00 1 5658.995
2014 03 21 21 00 00 1 5659.040
2014 03 21 21 15 00 1 5659.081
2014 03 21 21 30 00 1 5659.115
2014 03 21 21 45 00 1 5659.142
2014 03 21 22 00 00 1 5659.162
2014 03 21 22 15 00 1 5659.173
2014 03 21 22 30 00 1 5659.177
2014 03 21 22 45 00 1 5659.174
2014 03 21 23 00 00 1 5659.168
2014 03 21 23 15 00 1 5659.150
2014 03 21 23 30 00 1 5659.128
2014 03 21 23 45 00 1 5659.100
2014 03 22 00 00 00 1 5659.068
2014 03 22 00 15 00 1 5659.024
2014 03 22 00 30 00 1 5658.977
2014 03 22 00 45 00 1 5658.927
2014 03 22 01 00 00 1 5658.873
2014 03 22 01 15 00 1 5658.813
2014 03 22 01 30 00 1 5658.755
2014 03 22 01 45 00 1 5658.696
2014 03 22 02 00 00 1 5658.635
2014 03 22 02 15 00 1 5658.577
2014 03 22 02 30 00 1 5658.520
2014 03 22 02 45 00 1 5658.464
2014 03 22 03 00 00 1 5658.415
2014 03 22 03 15 00 1 5658.367
2014 03 22 03 30 00 1 5658.326
2014 03 22 03 45 00 1 5658.291
2014 03 22 04 00 00 1 5658.260
2014 03 22 04 15 00 1 5658.236
2014 03 22 04 30 00 1 5658.218
2014 03 22 04 45 00 1 5658.209
2014 03 22 05 00 00 1 5658.207
2014 03 22 05 15 00 1 5658.211
2014 03 22 05 30 00 1 5658.222
2014 03 22 05 45 00 1 5658.241
2014 03 22 06 00 00 1 5658.267
2014 03 22 06 15 00 1 5658.298
2014 03 22 06 30 00 1 5658.336
2014 03 22 06 45 00 1 5658.378
2014 03 22 07 00 00 1 5658.429
2014 03 22 07 15 00 1 5658.483
2014 03 22 07 30 00 1 5658.538
2014 03 22 07 45 00 1 5658.595
2014 03 22 08 00 00 1 5658.654
2014 03 22 08 15 00 1 5658.710
2014 03 22 08 30 00 1 5658.767
2014 03 22 08 45 00 1 5658.822
2014 03 22 09 00 00 1 5658.872
2014 03 22 09 15 00 1 5658.921
2014 03 22 09 30 00 1 5658.963
2014 03 22 09 45 00 1 5659.002
2014 03 22 10 00 00 1 5659.034
2014 03 22 10 15 00 1 5659.064
2014 03 22 10 30 00 1 5659.085
2014 03 22 10 45 00 1 5659.100
2014 03 22 11 00 00 1 5659.110
2014 03 22 11 15 00 1 5659.111
2014 03 22 11 30 00 1 5659.104
2014 03 22 11 45 00 1 5659.091
2014 03 22 12 00 00 1 5659.071
2014 03 22 12 15 00 1 5659.046
2014 03 22 12 30 00 1 5659.012
2014 03 22 12 45 00 1 5658.971
2014 03 22 13 00 00 1 5658.928
2014 03 22 13 15 00 1 5658.881
2014 03 22 13 30 00 1 5658.829
2014 03 22 13 45 00 1 5658.776
2014 03 22 14 00 00 1 5658.721
2014 03 22 14 15 00 1 5658.666
2014 03 22 14 30 00 1 5658.609
2014 03 22 14 45 00 1 5658.556
2014 03 22 15 00 00 1 5658.506
2014 03 22 15 15 00 1 5658.455
2014 03 22 15 30 00 1 5658.411
2014 03 22 15 45 00 1 5658.373
2014 03 22 16 00 00 1 5658.341
2014 03 22 16 15 00 1 5658.312
2014 03 22 16 30 00 1 5658.289
2014 03 22 16 45 00 1 5658.275
2014 03 22 17 00 00 1 5658.267
2014 03 22 17 15 00 1 5658.265
2014 03 22 17 30 00 1 5658.272
2014 03 22 17 45 00 1 5658.283
2014 03 22 18 00 00 1 5658.302
2014 03 22 18 15 00 1 5658.333
2014 03 22 18 30 00 1 5658.365
2014 03 22 18 45 00 1 5658.405
2014 03 22 19 00 00 1 5658.449
2014 03 22 19 15 00 1 5658.499
2014 03 22 19 30 00 1 5658.551
2014 03 22 19 45 00 1 5658.609
2014 03 22 20 00 00 1 5658.668
2014 03 22 20 15 00 1 5658.726
2014 03 22 20 30 00 1 5658.787
2014 03 22 20 45 00 1 5658.845
2014 03 22 21 00 00 1 5658.900
2014 03 22 21 15 00 1 5658.957
2014 03 22 21 30 00 1 5659.005
2014 03 22 21 45 00 1 5659.047
2014 03 22 22 00 00 1 5659.085
2014 03 22 22 15 00 1 5659.118
2014 03 22 22 30 00 1 5659.144
2014 03 22 22 45 00 1 5659.165
2014 03 22 23 00 00 1 5659.179
2014 03 22 23 15 00 1 5659.183
2014 03 22 23 30 00 1 5659.184
2014 03 22 23 45 00 1 5659.174
2014 03 23 00 00 00 1 5659.159
2014 03 23 00 15 00 1 5659.135
2014 03 23 00 30 00 1 5659.107
2014 03 23 00 45 00 1 5659.071
2014 03 23 01 00 00 1 5659.028
2014 03 23 01 15 00 1 5658.983
2014 03 23 01 30 00 1 5658.934
2014 03 23 01 45 00 1 5658.880
2014 03 23 02 00 00 1 5658.823
2014 03 23 02 15 00 1 5658.768
2014 03 23 02 30 00 1 5658.708
2014 03 23 02 45 00 1 5658.650
2014 03 23 03 00 00 1 5658.593
2014 03 23 03 15 00 1 5658.533
2014 03 23 03 30 00 1 5658.477
2014 03 23 03 45 00 1 5658.428
2014 03 23 04 00 00 1 5658.379
2014 03 23 04 15 00 1 5658.338
2014 03 23 04 30 00 1 5658.300
2014 03 23 04 45 00 1 5658.272
2014 03 23 05 00 00 1 5658.250
2014 03 23 05 15 00 1 5658.235
2014 03 23 05 30 00 1 5658.226
2014 03 23 05 45 00 1 5658.224
2014 03 23 06 00 00 1 5658.227
2014 03 23 06 15 00 1 5658.239
2014 03 23 06 30 00 1 5658.256
2014 03 23 06 45 00 1 5658.282
2014 03 23 07 00 00 1 5658.312
2014 03 23 07 15 00 1 5658.348
2014 03 23 07 30 00 1 5658.390
2014 03 23 07 45 00 1 5658.438
2014 03 23 08 00 00 1 5658.489
2014 03 23 08 15 00 1 5658.542
2014 03 23 08 30 00 1 5658.594
2014 03 23 08 45 00 1 5658.650
2014 03 23 09 00 00 1 5658.702
2014 03 23 09 15 00 1 5658.759
2014 03 23 09 30 00 1 5658.809
2014 03 23 09 45 00 1 5658.859
2014 03 23 10 00 00 1 5658.908
2014 03 23 10 15 00 1 5658.952
2014 03 23 10 30 00 1 5658.990
2014 03 23 10 45 00 1 5659.026
2014 03 23 11 00 00 1 5659.053
2014 03 23 11 15 00 1 5659.075
2014 03 23 11 30 00 1 5659.091
2014 03 23 11 45 00 1 5659.100
2014 03 23 12 00 00 1 5659.103
2014 03 23 12 15 00 1 5659.100
2014 03 23 12 30 00 1 5659.088
2014 03 23 12 45 00 1 5659.071
2014 03 23 13 00 00 1 5659.045
2014 03 23 13 15 00 1 5659.015
2014 03 23 13 30 00 1 5658.979
2014 03 23 13 45 00 1 5658.939
2014 03 23 14 00 00 1 5658.893
2014 03 23 14 15 00 1 5658.845
2014 03 23 14 30 00 1 5658.795
2014 03 23 14 45 00 1 5658.741
2014 03 23 15 00 00 1 5658.688
2014 03 23 15 15 00 1 5658.635
2014 03 23 15 30 00 1 5658.584
2014 03 23 15 45 00 1 5658.535
2014 03 23 16 00 00 1 5658.487
2014 03 23 16 15 00 1 5658.444
2014 03 23 16 30 00 1 5658.404
2014 03 23 16 45 00 1 5658.370
2014 03 23 17 00 00 1 5658.342
2014 03 23 17 15 00 1 5658.318
2014 03 23 17 30 00 1 5658.303
2014 03 23 17 45 00 1 5658.295
2014 03 23 18 00 00 1 5658.292
2014 03 23 18 15 00 1 5658.296
2014 03 23 18 30 00 1 5658.309
2014 03 23 18 45 00 1 5658.331
2014 03 23 19 00 00 1 5658.357
2014 03 23 19 15 00 1 5658.388
2014 03 23 19 30 00 1 5658.426
2014 03 23 19 45 00 1 5658.469
2014 03 23 20 00 00 1 5658.517
2014 03 23 20 15 00 1 5658.568
2014 03 23 20 30 00 1 5658.622
2014 03 23 20 45 00 1 5658.680
2014 03 23 21 00 00 1 5658.736
2014 03 23 21 15 00 1 5658.792
2014 03 23 21 30 00 1 5658.849
2014 03 23 21 45 00 1 5658.902
2014 03 23 22 00 00 1 5658.952
2014 03 23 22 15 00 1 5658.998
2014 03 23 22 30 00 1 5659.042
2014 03 23 22 45 00 1 5659.080
2014 03 23 23 00 00 1 5659.113
2014 03 23 23 15 00 1 5659.141
2014 03 23 23 30 00 1 5659.160
2014 03 23 23 45 00 1 5659.175
2014 03 24 00 00 00 1 5659.182
2014 03 24 00 15 00 1 5659.185
2014 03 24 00 30 00 1 5659.178
2014 03 24 00 45 00 1 5659.164
2014 03 24 01 00 00 1 5659.143
2014 03 24 01 15 00 1 5659.118
2014 03 24 01 30 00 1 5659.086
2014 03 24 01 45 00 1 5659.048
2014 03 24 02 00 00 1 5659.007
2014 03 24 02 15 00 1 5658.960
2014 03 24 02 30 00 1 5658.910
2014 03 24 02 45 00 1 5658.858
2014 03 24 03 00 00 1 5658.803
2014 03 24 03 15 00 1 5658.746
2014 03 24 03 30 00 1 5658.692
2014 03 24 03 45 00 1 5658.633
2014 03 24 04 00 00 1 5658.577
2014 03 24 04 15 00 1 5658.524
2014 03 24 04 30 00 1 5658.474
2014 03 24 04 45 00 1 5658.428
2014 03 24 05 00 00 1 5658.387
2014 03 24 05 15 00 1 5658.350
2014 03 24 05 30 00 1 5658.322
2014 03 24 05 45 00 1 5658.296
2014 03 24 06 00 00 1 5658.278
2014 03 24 06 15 00 1 5658.263
2014 03 24 06 30 00 1 5658.260
2014 03 24 06 45 00 1 5658.260
2014 03 24 07 00 00 1 5658.268
2014 03 24 07 15 00 1 5658.285
2014 03 24 07 30 00 1 5658.304
2014 03 24 07 45 00 1 5658.332
2014 03 24 08 00 00 1 5658.362
2014 03 24 08 15 00 1 5658.400
2014 03 24 08 30 00 1 5658.442
2014 03 24 08 45 00 1 5658.486
2014 03 24 09 00 00 1 5658.533
2014 03 24 09 15 00 1 5658.583
2014 03 24 09 30 00 1 5658.634
2014 03 24 09 45 00 1 5658.686
2014 03 24 10 00 00 1 5658.741
2014 03 24 10 15 00 1 5658.794
2014 03 24 10 30 00 1 5658.844
2014 03 24 10 45 00 1 5658.894
2014 03 24 11 00 00 1 5658.938
2014 03 24 11 15 00 1 5658.979
2014 03 24 11 30 00 1 5659.014
2014 03 24 11 45 00 1 5659.045
2014 03 24 12 00 00 1 5659.069
2014 03 24 12 15 00 1 5659.088
2014 03 24 12 30 00 1 5659.098
2014 03 24 12 45 00 1 5659.105
2014 03 24 13 00 00 1 5659.105
2014 03 24 13 15 00 1 5659.096
2014 03 24 13 30 00 1 5659.081
2014 03 24 13 45 00 1 5659.062
2014 03 24 14 00 00 1 5659.035
2014 03 24 14 15 00 1 5659.003
2014 03 24 14 30 00 1 5658.965
2014 03 24 14 45 00 1 5658.924
2014 03 24 15 00 00 1 5658.881
2014 03 24 15 15 00 1 5658.834
2014 03 24 15 30 00 1 5658.784
2014 03 24 15 45 00 1 5658.735
2014 03 24 16 00 00 1 5658.685
2014 03 24 16 15 00 1 5658.635
2014 03 24 16 30 00 1 5658.587
2014 03 24 16 45 00 1 5658.540
2014 03 24 17 00 00 1 5658.496
2014 03 24 17 15 00 1 5658.456
2014 03 24 17 30 00 1 5658.421
2014 03 24 17 45 00 1 5658.391
2014 03 24 18 00 00 1 5658.365
2014 03 24 18 15 00 1 5658.348
2014 03 24 18 30 00 1 5658.335
2014 03 24 18 45 00 1 5658.330
2014 03 24 19 00 00 1 5658.331
2014 03 24 19 15 00 1 5658.341
2014 03 24 19 30 00 1 5658.355
2014 03 24 19 45 00 1 5658.375
2014 03 24 20 00 00 1 5658.401
2014 03 24 20 15 00 1 5658.431
2014 03 24 20 30 00 1 5658.469
2014 03 24 20 45 00 1 5658.510
2014 03 24 21 00 00 1 5658.555
2014 03 24 21 15 00 1 5658.607
2014 03 24 21 30 00 1 5658.659
2014 03 24 21 45 00 1 5658.712
2014 03 24 22 00 00 1 5658.766
2014 03 24 22 15 00 1 5658.821
2014 03 24 22 30 00 1 5658.873
2014 03 24 22 45 00 1 5658.923
2014 03 24 23 00 00 1 5658.970
2014 03 24 23 15 00 1 5659.012
2014 03 24 23 30 00 1 5659.053
2014 03 24 23 45 00 1 5659.087
2014 03 25 00 00 00 1 5659.118
2014 03 25 00 15 00 1 5659.143
2014 03 25 00 30 00 1 5659.163
2014 03 25 00 45 00 1 5659.177
2014 03 25 01 00 00 1 5659.182
2014 03 25 01 15 00 1 5659.179
2014 03 25 01 30 00 1 5659.172
2014 03 25 01 45 00 1 5659.158
2014 03 25 02 00 00 1 5659.136
2014 03 25 02 15 00 1 5659.109
2014 03 25 02 30 00 1 5659.080
2014 03 25 02 45 00 1 5659.045
2014 03 25 03 00 00 1 5659.004
2014 03 25 03 15 00 1 5658.959
2014 03 25 03 30 00 1 5658.911
2014 03 25 03 45 00 1 5658.857
2014 03 25 04 00 00 1 5658.805
2014 03 25 04 15 00 1 5658.751
2014 03 25 04 30 00 1 5658.696
2014 03 25 04 45 00 1 5658.643
2014 03 25 05 00 00 1 5658.590
2014 03 25 05 15 00 1 5658.542
2014 03 25 05 30 00 1 5658.497
2014 03 25 05 45 00 1 5658.451
2014 03 25 06 00 00 1 5658.413
2014 03 25 06 15 00 1 5658.380
2014 03 25 06 30 00 1 5658.352
2014 03 25 06 45 00 1 5658.331
2014 03 25 07 00 00 1 5658.313
2014 03 25 07 15 00 1 5658.302
2014 03 25 07 30 00 1 5658.299
2014 03 25 07 45 00 1 5658.303
2014 03 25 08 00 00 1 5658.309
2014 03 25 08 15 00 1 5658.322
2014 03 25 08 30 00 1 5658.340
2014 03 25 08 45 00 1 5658.364
2014 03 25 09 00 00 1 5658.392
2014 03 25 09 15 00 1 5658.425
2014 03 25 09 30 00 1 5658.465
2014 03 25 09 45 00 1 5658.508
2014 03 25 10 00 00 1 5658.553
2014 03 25 10 15 00 1 5658.600
2014 03 25 10 30 00 1 5658.651
2014 03 25 10 45 00 1 5658.703
2014 03 25 11 00 00 1 5658.753
2014 03 25 11 15 00 1 5658.805
2014 03 25 11 30 00 1 5658.853
2014 03 25 11 45 00 1 5658.900
2014 03 25 12 00 00 1 5658.943
2014 03 25 12 15 00 1 5658.979
2014 03 25 12 30 00 1 5659.014
2014 03 25 12 45 00 1 5659.043
2014 03 25 13 00 00 1 5659.065
2014 03 25 13 15 00 1 5659.079
2014 03 25 13 30 00 1 5659.090
2014 03 25 13 45 00 1 5659.093
2014 03 25 14 00 00 1 5659.092
2014 03 25 14 15 00 1 5659.081
2014 03 25 14 30 00 1 5659.066
2014 03 25 14 45 00 1 5659.044
2014 03 25 15 00 00 1 5659.018
2014 03 25 15 15 00 1 5658.988
2014 03 25 15 30 00 1 5658.954
2014 03 25 15 45 00 1 5658.915
2014 03 25 16 00 00 1 5658.874
2014 03 25 16 15 00 1 5658.829
2014 03 25 16 30 00 1 5658.779
2014 03 25 16 45 00 1 5658.732
2014 03 25 17 00 00 1 5658.684
2014 03 25 17 15 00 1 5658.637
2014 03 25 17 30 00 1 5658.593
2014 03 25 17 45 00 1 5658.549
2014 03 25 18 00 00 1 5658.506
2014 03 25 18 15 00 1 5658.468
2014 03 25 18 30 00 1 5658.436
2014 03 25 18 45 00 1 5658.407
2014 03 25 19 00 00 1 5658.383
2014 03 25 19 15 00 1 5658.366
2014 03 25 19 30 00 1 5658.354
2014 03 25 19 45 00 1 5658.348
2014 03 25 20 00 00 1 5658.347
2014 03 25 20 15 00 1 5658.354
2014 03 25 20 30 00 1 5658.366
2014 03 25 20 45 00 1 5658.383
2014 03 25 21 00 00 1 5658.409
2014 03 25 21 15 00 1 5658.441
2014 03 25 21 30 00 1 5658.475
2014 03 25 21 45 00 1 5658.514
2014 03 25 22 00 00 1 5658.557
2014 03 25 22 15 00 1 5658.602
2014 03 25 22 30 00 1 5658.654
2014 03 25 22 45 00 1 5658.701
2014 03 25 23 00 00 1 5658.751
2014 03 25 23 15 00 1 5658.802
2014 03 25 23 30 00 1 5658.850
2014 03 25 23 45 00 1 5658.898
2014 03 26 00 00 00 1 5658.945
2014 03 26 00 15 00 1 5658.990
2014 03 26 00 30 00 1 5659.029
2014 03 26 00 45 00 1 5659.065
2014 03 26 01 00 00 1 5659.095
2014 03 26 01 15 00 1 5659.119
2014 03 26 01 30 00 1 5659.136
2014 03 26 01 45 00 1 5659.148
2014 03 26 02 00 00 1 5659.155
2014 03 26 02 15 00 1 5659.155
2014 03 26 02 30 00 1 5659.149
2014 03 26 02 45 00 1 5659.138
2014 03 26 03 00 00 1 5659.118
2014 03 26 03 15 00 1 5659.097
2014 03 26 03 30 00 1 5659.065
2014 03 26 03 45 00 1 5659.028
2014 03 26 04 00 00 1 5658.992
2014 03 26 04 15 00 1 5658.951
2014 03 26 04 30 00 1 5658.906
2014 03 26 04 45 00 1 5658.855
2014 03 26 05 00 00 1 5658.805
2014 03 26 05 15 00 1 5658.752
2014 03 26 05 30 00 1 5658.701
2014 03 26 05 45 00 1 5658.651
2014 03 26 06 00 00 1 5658.599
2014 03 26 06 15 00 1 5658.550
2014 03 26 06 30 00 1 5658.506
2014 03 26 06 45 00 1 5658.464
2014 03 26 07 00 00 1 5658.426
2014 03 26 07 15 00 1 5658.394
2014 03 26 07 30 00 1 5658.365
2014 03 26 07 45 00 1 5658.344
2014 03 26 08 00 00 1 5658.326
2014 03 26 08 15 00 1 5658.315
2014 03 26 08 30 00 1 5658.312
2014 03 26 08 45 00 1 5658.314
2014 03 26 09 00 00 1 5658.318
2014 03 26 09 15 00 1 5658.330
2014 03 26 09 30 00 1 5658.349
2014 03 26 09 45 00 1 5658.372
2014 03 26 10 00 00 1 5658.403
2014 03 26 10 15 00 1 5658.435
2014 03 26 10 30 00 1 5658.473
2014 03 26 10 45 00 1 5658.516
2014 03 26 11 00 00 1 5658.561
2014 03 26 11 15 00 1 5658.611
2014 03 26 11 30 00 1 5658.659
2014 03 26 11 45 00 1 5658.710
2014 03 26 12 00 00 1 5658.760
2014 03 26 12 15 00 1 5658.810
2014 03 26 12 30 00 1 5658.857
2014 03 26 12 45 00 1 5658.906
2014 03 26 13 00 00 1 5658.947
2014 03 26 13 15 00 1 5658.987
2014 03 26 13 30 00 1 5659.022
2014 03 26 13 45 00 1 5659.050
2014 03 26 14 00 00 1 5659.072
2014 03 26 14 15 00 1 5659.089
2014 03 26 14 30 00 1 5659.100
2014 03 26 14 45 00 1 5659.104
2014 03 26 15 00 00 1 5659.104
2014 03 26 15 15 00 1 5659.096
2014 03 26 15 30 00 1 5659.081
2014 03 26 15 45 00 1 5659.064
2014 03 26 16 00 00 1 5659.040
2014 03 26 16 15 00 1 5659.013
2014 03 26 16 30 00 1 5658.980
2014 03 26 16 45 00 1 5658.942
2014 03 26 17 00 00 1 5658.901
2014 03 26 17 15 00 1 5658.857
2014 03 26 17 30 00 1 5658.811
2014 03 26 17 45 00 1 5658.764
2014 03 26 18 00 00 1 5658.716
2014 03 26 18 15 00 1 5658.667
2014 03 26 18 30 00 1 5658.620
2014 03 26 18 45 00 1 5658.575
2014 03 26 19 00 00 1 5658.531
2014 03 26 19 15 00 1 5658.493
2014 03 26 19 30 00 1 5658.458
2014 03 26 19 45 00 1 5658.426
2014 03 26 20 00 00 1 5658.400
2014 03 26 20 15 00 1 5658.380
2014 03 26 20 30 00 1 5658.366
2014 03 26 20 45 00 1 5658.357
2014 03 26 21 00 00 1 5658.355
2014 03 26 21 15 00 1 5658.359
2014 03 26 21 30 00 1 5658.366
2014 03 26 21 45 00 1 5658.382
2014 03 26 22 00 00 1 5658.407
2014 03 26 22 15 00 1 5658.433
2014 03 26 22 30 00 1 5658.466
2014 03 26 22 45 00 1 5658.500
2014 03 26 23 00 00 1 5658.541
2014 03 26 23 15 00 1 5658.585
2014 03 26 23 30 00 1 5658.633
2014 03 26 23 45 00 1 5658.682
2014 03 27 00 00 00 1 5658.732
2014 03 27 00 15 00 1 5658.784
2014 03 27 00 30 00 1 5658.837
2014 03 27 00 45 00 1 5658.888
2014 03 27 01 00 00 1 5658.936
2014 03 27 01 15 00 1 5658.980
2014 03 27 01 30 00 1 5659.023
2014 03 27 01 45 00 1 5659.058
2014 03 27 02 00 00 1 5659.091
2014 03 27 02 15 00 1 5659.119
2014 03 27 02 30 00 1 5659.141
2014 03 27 02 45 00 1 5659.158
2014 03 27 03 00 00 1 5659.167
2014 03 27 03 15 00 1 5659.169
2014 03 27 03 30 00 1 5659.169
2014 03 27 03 45 00 1 5659.155
2014 03 27 04 00 00 1 5659.136
2014 03 27 04 15 00 1 5659.113
2014 03 27 04 30 00 1 5659.087
2014 03 27 04 45 00 1 5659.052
2014 03 27 05 00 00 1 5659.014
2014 03 27 05 15 00 1 5658.975
2014 03 27 05 30 00 1 5658.932
2014 03 27 05 45 00 1 5658.884
2014 03 27 06 00 00 1 5658.836
2014 03 27 06 15 00 1 5658.785
2014 03 27 06 30 00 1 5658.733
2014 03 27 06 45 00 1 5658.679
2014 03 27 07 00 00 1 5658.630
2014 03 27 07 15 00 1 5658.583
2014 03 27 07 30 00 1 5658.536
2014 03 27 07 45 00 1 5658.493
2014 03 27 08 00 00 1 5658.454
2014 03 27 08 15 00 1 5658.420
2014 03 27 08 30 00 1 5658.389
2014 03 27 08 45 00 1 5658.363
2014 03 27 09 00 00 1 5658.344
2014 03 27 09 15 00 1 5658.330
2014 03 27 09 30 00 1 5658.323
2014 03 27 09 45 00 1 5658.321
2014 03 27 10 00 00 1 5658.327
2014 03 27 10 15 00 1 5658.339
2014 03 27 10 30 00 1 5658.358
2014 03 27 10 45 00 1 5658.382
2014 03 27 11 00 00 1 5658.412
2014 03 27 11 15 00 1 5658.447
2014 03 27 11 30 00 1 5658.486
2014 03 27 11 45 00 1 5658.529
2014 03 27 12 00 00 1 5658.574
2014 03 27 12 15 00 1 5658.623
2014 03 27 12 30 00 1 5658.673
2014 03 27 12 45 00 1 5658.723
2014 03 27 13 00 00 1 5658.776
2014 03 27 13 15 00 1 5658.826
2014 03 27 13 30 00 1 5658.876
2014 03 27 13 45 00 1 5658.922
2014 03 27 14 00 00 1 5658.966
2014 03 27 14 15 00 1 5659.008
2014 03 27 14 30 00 1 5659.044
2014 03 27 14 45 00 1 5659.075
2014 03 27 15 00 00 1 5659.101
2014 03 27 15 15 00 1 5659.122
2014 03 27 15 30 00 1 5659.136
2014 03 27 15 45 00 1 5659.147
2014 03 27 16 00 00 1 5659.150
2014 03 27 16 15 00 1 5659.147
2014 03 27 16 30 00 1 5659.136
2014 03 27 16 45 00 1 5659.118
2014 03 27 17 00 00 1 5659.096
2014 03 27 17 15 00 1 5659.069
2014 03 27 17 30 00 1 5659.035
2014 03 27 17 45 00 1 5658.999
2014 03 27 18 00 00 1 5658.956
2014 03 27 18 15 00 1 5658.910
2014 03 27 18 30 00 1 5658.862
2014 03 27 18 45 00 1 5658.813
2014 03 27 19 00 00 1 5658.764
2014 03 27 19 15 00 1 5658.715
2014 03 27 19 30 00 1 5658.665
2014 03 27 19 45 00 1 5658.613
2014 03 27 20 00 00 1 5658.565
2014 03 27 20 15 00 1 5658.520
2014 03 27 20 30 00 1 5658.479
2014 03 27 20 45 00 1 5658.442
2014 03 27 21 00 00 1 5658.412
2014 03 27 21 15 00 1 5658.386
2014 03 27 21 30 00 1 5658.368
2014 03 27 21 45 00 1 5658.355
2014 03 27 22 00 00 1 5658.349
2014 03 27 22 15 00 1 5658.350
2014 03 27 22 30 00 1 5658.355
2014 03 27 22 45 00 1 5658.367
2014 03 27 23 00 00 1 5658.385
2014 03 27 23 15 00 1 5658.411
2014 03 27 23 30 00 1 5658.441
2014 03 27 23 45 00 1 5658.478
2014 03 28 00 00 00 1 5658.520
2014 03 28 00 15 00 1 5658.565
2014 03 28 00 30 00 1 5658.613
2014 03 28 00 45 00 1 5658.665
2014 03 28 01 00 00 1 5658.717
2014 03 28 01 15 00 1 5658.770
2014 03 28 01 30 00 1 5658.822
2014 03 28 01 45 00 1 5658.876
2014 03 28 02 00 00 1 5658.927
2014 03 28 02 15 00 1 5658.975
2014 03 28 02 30 00 1 5659.022
2014 03 28 02 45 00 1 5659.067
2014 03 28 03 00 00 1 5659.103
2014 03 28 03 15 00 1 5659.136
2014 03 28 03 30 00 1 5659.160
2014 03 28 03 45 00 1 5659.179
2014 03 28 04 00 00 1 5659.189
2014 03 28 04 15 00 1 5659.195
2014 03 28 04 30 00 1 5659.191
2014 03 28 04 45 00 1 5659.183
2014 03 28 05 00 00 1 5659.169
2014 03 28 05 15 00 1 5659.148
2014 03 28 05 30 00 1 5659.123
2014 03 28 05 45 00 1 5659.091
2014 03 28 06 00 00 1 5659.055
2014 03 28 06 15 00 1 5659.014
2014 03 28 06 30 00 1 5658.969
2014 03 28 06 45 00 1 5658.922
2014 03 28 07 00 00 1 5658.873
2014 03 28 07 15 00 1 5658.823
2014 03 28 07 30 00 1 5658.768
2014 03 28 07 45 00 1 5658.715
2014 03 28 08 00 00 1 5658.660
2014 03 28 08 15 00 1 5658.609
2014 03 28 08 30 00 1 5658.558
2014 03 28 08 45 00 1 5658.512
2014 03 28 09 00 00 1 5658.465
2014 03 28 09 15 00 1 5658.428
2014 03 28 09 30 00 1 5658.395
2014 03 28 09 45 00 1 5658.366
2014 03 28 10 00 00 1 5658.344
2014 03 28 10 15 00 1 5658.329
2014 03 28 10 30 00 1 5658.316
2014 03 28 10 45 00 1 5658.313
2014 03 28 11 00 00 1 5658.320
2014 03 28 11 15 00 1 5658.331
2014 03 28 11 30 00 1 5658.350
2014 03 28 11 45 00 1 5658.373
2014 03 28 12 00 00 1 5658.399
2014 03 28 12 15 00 1 5658.432
2014 03 28 12 30 00 1 5658.471
2014 03 28 12 45 00 1 5658.513
2014 03 28 13 00 00 1 5658.559
2014 03 28 13 15 00 1 5658.608
2014 03 28 13 30 00 1 5658.661
2014 03 28 13 45 00 1 5658.717
2014 03 28 14 00 00 1 5658.772
2014 03 28 14 15 00 1 5658.826
2014 03 28 14 30 00 1 5658.881
2014 03 28 14 45 00 1 5658.931
2014 03 28 15 00 00 1 5658.979
2014 03 28 15 15 00 1 5659.024
2014 03 28 15 30 00 1 5659.069
2014 03 28 15 45 00 1 5659.106
2014 03 28 16 00 00 1 5659.136
2014 03 28 16 15 00 1 5659.161
2014 03 28 16 30 00 1 5659.182
2014 03 28 16 45 00 1 5659.194
2014 03 28 17 00 00 1 5659.198
2014 03 28 17 15 00 1 5659.194
2014 03 28 17 30 00 1 5659.183
2014 03 28 17 45 00 1 5659.165
2014 03 28 18 00 00 1 5659.144
2014 03 28 18 15 00 1 5659.113
2014 03 28 18 30 00 1 5659.077
2014 03 28 18 45 00 1 5659.034
2014 03 28 19 00 00 1 5658.991
2014 03 28 19 15 00 1 5658.941
2014 03 28 19 30 00 1 5658.888
2014 03 28 19 45 00 1 5658.833
2014 03 28 20 00 00 1 5658.776
2014 03 28 20 15 00 1 5658.718
2014 03 28 20 30 00 1 5658.662
2014 03 28 20 45 00 1 5658.606
2014 03 28 21 00 00 1 5658.554
2014 03 28 21 15 00 1 5658.506
2014 03 28 21 30 00 1 5658.458
2014 03 28 21 45 00 1 5658.419
2014 03 28 22 00 00 1 5658.382
2014 03 28 22 15 00 1 5658.351
2014 03 28 22 30 00 1 5658.326
2014 03 28 22 45 00 1 5658.305
2014 03 28 23 00 00 1 5658.292
2014 03 28 23 15 00 1 5658.289
2014 03 28 23 30 00 1 5658.294
2014 03 28 23 45 00 1 5658.306
2014 03 29 00 00 00 1 5658.325
2014 03 29 00 15 00 1 5658.351
2014 03 29 00 30 00 1 5658.381
2014 03 29 00 45 00 1 5658.419
2014 03 29 01 00 00 1 5658.463
2014 03 29 01 15 00 1 5658.510
2014 03 29 01 30 00 1 5658.560
2014 03 29 01 45 00 1 5658.613
2014 03 29 02 00 00 1 5658.670
2014 03 29 02 15 00 1 5658.729
2014 03 29 02 30 00 1 5658.785
2014 03 29 02 45 00 1 5658.842
2014 03 29 03 00 00 1 5658.900
2014 03 29 03 15 00 1 5658.955
2014 03 29 03 30 00 1 5659.004
2014 03 29 03 45 00 1 5659.048
2014 03 29 04 00 00 1 5659.091
2014 03 29 04 15 00 1 5659.128
2014 03 29 04 30 00 1 5659.157
2014 03 29 04 45 00 1 5659.179
2014 03 29 05 00 00 1 5659.197
2014 03 29 05 15 00 1 5659.205
2014 03 29 05 30 00 1 5659.206
2014 03 29 05 45 00 1 5659.201
2014 03 29 06 00 00 1 5659.187
2014 03 29 06 15 00 1 5659.167
2014 03 29 06 30 00 1 5659.140
2014 03 29 06 45 00 1 5659.109
2014 03 29 07 00 00 1 5659.071
2014 03 29 07 15 00 1 5659.030
2014 03 29 07 30 00 1 5658.983
2014 03 29 07 45 00 1 5658.933
2014 03 29 08 00 00 1 5658.878
2014 03 29 08 15 00 1 5658.821
2014 03 29 08 30 00 1 5658.764
2014 03 29 08 45 00 1 5658.705
2014 03 29 09 00 00 1 5658.648
2014 03 29 09 15 00 1 5658.590
2014 03 29 09 30 00 1 5658.536
2014 03 29 09 45 00 1 5658.482
2014 03 29 10 00 00 1 5658.436
2014 03 29 10 15 00 1 5658.394
2014 03 29 10 30 00 1 5658.358
2014 03 29 10 45 00 1 5658.326
2014 03 29 11 00 00 1 5658.301
2014 03 29 11 15 00 1 5658.284
2014 03 29 11 30 00 1 5658.274
2014 03 29 11 45 00 1 5658.274
2014 03 29 12 00 00 1 5658.273
2014 03 29 12 15 00 1 5658.283
2014 03 29 12 30 00 1 5658.299
2014 03 29 12 45 00 1 5658.322
2014 03 29 13 00 00 1 5658.355
2014 03 29 13 15 00 1 5658.391
2014 03 29 13 30 00 1 5658.433
2014 03 29 13 45 00 1 5658.480
2014 03 29 14 00 00 1 5658.531
2014 03 29 14 15 00 1 5658.585
2014 03 29 14 30 00 1 5658.642
2014 03 29 14 45 00 1 5658.701
2014 03 29 15 00 00 1 5658.758
2014 03 29 15 15 00 1 5658.820
2014 03 29 15 30 00 1 5658.881
2014 03 29 15 45 00 1 5658.938
2014 03 29 16 00 00 1 5658.994
2014 03 29 16 15 00 1 5659.046
2014 03 29 16 30 00 1 5659.093
2014 03 29 16 45 00 1 5659.132
2014 03 29 17 00 00 1 5659.166
2014 03 29 17 15 00 1 5659.194
2014 03 29 17 30 00 1 5659.213
2014 03 29 17 45 00 1 5659.223
2014 03 29 18 00 00 1 5659.226
2014 03 29 18 15 00 1 5659.221
2014 03 29 18 30 00 1 5659.211
2014 03 29 18 45 00 1 5659.194
2014 03 29 19 00 00 1 5659.168
2014 03 29 19 15 00 1 5659.137
2014 03 29 19 30 00 1 5659.100
2014 03 29 19 45 00 1 5659.053
2014 03 29 20 00 00 1 5659.005
2014 03 29 20 15 00 1 5658.949
2014 03 29 20 30 00 1 5658.890
2014 03 29 20 45 00 1 5658.826
2014 03 29 21 00 00 1 5658.763
2014 03 29 21 15 00 1 5658.700
2014 03 29 21 30 00 1 5658.638
2014 03 29 21 45 00 1 5658.572
2014 03 29 22 00 00 1 5658.509
2014 03 29 22 15 00 1 5658.455
2014 03 29 22 30 00 1 5658.405
2014 03 29 22 45 00 1 5658.356
2014 03 29 23 00 00 1 5658.314
2014 03 29 23 15 00 1 5658.280
2014 03 29 23 30 00 1 5658.253
2014 03 29 23 45 00 1 5658.233
2014 03 30 00 00 00 1 5658.221
2014 03 30 00 15 00 1 5658.219
2014 03 30 00 30 00 1 5658.222
2014 03 30 00 45 00 1 5658.231
2014 03 30 01 00 00 1 5658.250
2014 03 30 01 15 00 1 5658.276
2014 03 30 01 30 00 1 5658.308
2014 03 30 01 45 00 1 5658.344
2014 03 30 02 00 00 1 5658.391
2014 03 30 02 15 00 1 5658.440
2014 03 30 02 30 00 1 5658.495
2014 03 30 02 45 00 1 5658.556
2014 03 30 03 00 00 1 5658.619
2014 03 30 03 15 00 1 5658.683
2014 03 30 03 30 00 1 5658.745
2014 03 30 03 45 00 1 5658.809
2014 03 30 04 00 00 1 5658.868
2014 03 30 04 15 00 1 5658.927
2014 03 30 04 30 00 1 5658.980
2014 03 30 04 45 00 1 5659.032
2014 03 30 05 00 00 1 5659.077
2014 03 30 05 15 00 1 5659.117
2014 03 30 05 30 00 1 5659.150
2014 03 30 05 45 00 1 5659.176
2014 03 30 06 00 00 1 5659.192
2014 03 30 06 15 00 1 5659.202
2014 03 30 06 30 00 1 5659.206
2014 03 30 06 45 00 1 5659.199
2014 03 30 07 00 00 1 5659.189
2014 03 30 07 15 00 1 5659.169
2014 03 30 07 30 00 1 5659.141
2014 03 30 07 45 00 1 5659.107
2014 03 30 08 00 00 1 5659.069
2014 03 30 08 15 00 1 5659.019
2014 03 30 08 30 00 1 5658.968
2014 03 30 08 45 00 1 5658.911
2014 03 30 09 00 00 1 5658.852
2014 03 30 09 15 00 1 5658.789
2014 03 30 09 30 00 1 5658.728
2014 03 30 09 45 00 1 5658.667
2014 03 30 10 00 00 1 5658.604
2014 03 30 10 15 00 1 5658.544
2014 03 30 10 30 00 1 5658.487
2014 03 30 10 45 00 1 5658.434
2014 03 30 11 00 00 1 5658.382
2014 03 30 11 15 00 1 5658.339
2014 03 30 11 30 00 1 5658.302
2014 03 30 11 45 00 1 5658.268
2014 03 30 12 00 00 1 5658.241
2014 03 30 12 15 00 1 5658.223
2014 03 30 12 30 00 1 5658.213
2014 03 30 12 45 00 1 5658.212
2014 03 30 13 00 00 1 5658.215
2014 03 30 13 15 00 1 5658.228
2014 03 30 13 30 00 1 5658.248
2014 03 30 13 45 00 1 5658.275
2014 03 30 14 00 00 1 5658.308
2014 03 30 14 15 00 1 5658.350
2014 03 30 14 30 00 1 5658.396
2014 03 30 14 45 00 1 5658.448
2014 03 30 15 00 00 1 5658.504
2014 03 30 15 15 00 1 5658.567
2014 03 30 15 30 00 1 5658.631
2014 03 30 15 45 00 1 5658.698
2014 03 30 16 00 00 1 5658.765
2014 03 30 16 15 00 1 5658.830
2014 03 30 16 30 00 1 5658.893
2014 03 30 16 45 00 1 5658.957
2014 03 30 17 00 00 1 5659.012
2014 03 30 17 15 00 1 5659.065
2014 03 30 17 30 00 1 5659.115
2014 03 30 17 45 00 1 5659.155
2014 03 30 18 00 00 1 5659.190
2014 03 30 18 15 00 1 5659.218
2014 03 30 18 30 00 1 5659.236
2014 03 30 18 45 00 1 5659.245
2014 03 30 19 00 00 1 5659.250
2014 03 30 19 15 00 1 5659.241
2014 03 30 19 30 00 1 5659.226
2014 03 30 19 45 00 1 5659.204
2014 03 30 20 00 00 1 5659.173
2014 03 30 20 15 00 1 5659.132
2014 03 30 20 30 00 1 5659.089
2014 03 30 20 45 00 1 5659.035
2014 03 30 21 00 00 1 5658.978
2014 03 30 21 15 00 1 5658.914
2014 03 30 21 30 00 1 5658.847
2014 03 30 21 45 00 1 5658.779
2014 03 30 22 00 00 1 5658.709
2014 03 30 22 15 00 1 5658.639
2014 03 30 22 30 00 1 5658.569
2014 03 30 22 45 00 1 5658.503
2014 03 30 23 00 00 1 5658.437
2014 03 30 23 15 00 1 5658.376
2014 03 30 23 30 00 1 5658.321
2014 03 30 23 45 00 1 5658.271
2014 03 31 00 00 00 1 5658.228
2014 03 31 00 15 00 1 5658.193
2014 03 31 00 30 00 1 5658.165
2014 03 31 00 45 00 1 5658.144
2014 03 31 01 00 00 1 5658.132
2014 03 31 01 15 00 1 5658.125
2014 03 31 01 30 00 1 5658.133
2014 03 31 01 45 00 1 5658.145
2014 03 31 02 00 00 1 5658.168
2014 03 31 02 15 00 1 5658.198
2014 03 31 02 30 00 1 5658.237
2014 03 31 02 45 00 1 5658.282
2014 03 31 03 00 00 1 5658.333
2014 03 31 03 15 00 1 5658.389
2014 03 31 03 30 00 1 5658.449
2014 03 31 03 45 00 1 5658.513
2014 03 31 04 00 00 1 5658.581
2014 03 31 04 15 00 1 5658.651
2014 03 31 04 30 00 1 5658.717
2014 03 31 04 45 00 1 5658.784
2014 03 31 05 00 00 1 5658.849
2014 03 31 05 15 00 1 5658.915
2014 03 31 05 30 00 1 5658.970
2014 03 31 05 45 00 1 5659.022
2014 03 31 06 00 00 1 5659.067
2014 03 31 06 15 00 1 5659.107
2014 03 31 06 30 00 1 5659.137
2014 03 31 06 45 00 1 5659.164
2014 03 31 07 00 00 1 5659.178
2014 03 31 07 15 00 1 5659.187
2014 03 31 07 30 00 1 5659.191
2014 03 31 07 45 00 1 5659.183
2014 03 31 08 00 00 1 5659.166
2014 03 31 08 15 00 1 5659.139
2014 03 31 08 30 00 1 5659.106
2014 03 31 08 45 00 1 5659.067
2014 03 31 09 00 00 1 5659.020
2014 03 31 09 15 00 1 5658.970
2014 03 31 09 30 00 1 5658.913
2014 03 31 09 45 00 1 5658.856
2014 03 31 10 00 00 1 5658.795
2014 03 31 10 15 00 1 5658.733
2014 03 31 10 30 00 1 5658.668
2014 03 31 10 45 00 1 5658.599
2014 03 31 11 00 00 1 5658.538
2014 03 31 11 15 00 1 5658.478
2014 03 31 11 30 00 1 5658.419
2014 03 31 11 45 00 1 5658.365
2014 03 31 12 00 00 1 5658.317
2014 03 31 12 15 00 1 5658.274
2014 03 31 12 30 00 1 5658.236
2014 03 31 12 45 00 1 5658.207
2014 03 31 13 00 00 1 5658.183
2014 03 31 13 15 00 1 5658.167
2014 03 31 13 30 00 1 5658.160
2014 03 31 13 45 00 1 5658.161
2014 03 31 14 00 00 1 5658.168
2014 03 31 14 15 00 1 5658.185
2014 03 31 14 30 00 1 5658.210
2014 03 31 14 45 00 1 5658.241
2014 03 31 15 00 00 1 5658.282
2014 03 31 15 15 00 1 5658.329
2014 03 31 15 30 00 1 5658.384
2014 03 31 15 45 00 1 5658.445
2014 03 31 16 00 00 1 5658.512
2014 03 31 16 15 00 1 5658.577
2014 03 31 16 30 00 1 5658.647
2014 03 31 16 45 00 1 5658.721
2014 03 31 17 00 00 1 5658.789
2014 03 31 17 15 00 1 5658.859
2014 03 31 17 30 00 1 5658.925
2014 03 31 17 45 00 1 5658.988
2014 03 31 18 00 00 1 5659.047
2014 03 31 18 15 00 1 5659.103
2014 03 31 18 30 00 1 5659.150
2014 03 31 18 45 00 1 5659.188
2014 03 31 19 00 00 1 5659.219
2014 03 31 19 15 00 1 5659.243
2014 03 31 19 30 00 1 5659.257
2014 03 31 19 45 00 1 5659.262
2014 03 31 20 00 00 1 5659.259
2014 03 31 20 15 00 1 5659.246
2014 03 31 20 30 00 1 5659.223
2014 03 31 20 45 00 1 5659.194
2014 03 31 21 00 00 1 5659.155
2014 03 31 21 15 00 1 5659.108
2014 03 31 21 30 00 1 5659.055
2014 03 31 21 45 00 1 5658.997
2014 03 31 22 00 00 1 5658.935
2014 03 31 22 15 00 1 5658.867
2014 03 31 22 30 00 1 5658.800
2014 03 31 22 45 00 1 5658.727
2014 03 31 23 00 00 1 5658.653
2014 03 31 23 15 00 1 5658.579
2014 03 31 23 30 00 1 5658.510
2014 03 31 23 45 00 1 5658.442
2014 04 01 00 00 00 1 5658.379
2014 04 01 00 15 00 1 5658.318
2014 04 01 00 30 00 1 5658.265
2014 04 01 00 45 00 1 5658.217
2014 04 01 01 00 00 1 5658.178
2014 04 01 01 15 00 1 5658.142
2014 04 01 01 30 00 1 5658.117
2014 04 01 01 45 00 1 5658.103
2014 04 01 02 00 00 1 5658.097
2014 04 01 02 15 00 1 5658.098
2014 04 01 02 30 00 1 5658.111
2014 04 01 02 45 00 1 5658.130
2014 04 01 03 00 00 1 5658.159
2014 04 01 03 15 00 1 5658.193
2014 04 01 03 30 00 1 5658.238
2014 04 01 03 45 00 1 5658.287
2014 04 01 04 00 00 1 5658.343
2014 04 01 04 15 00 1 5658.403
2014 04 01 04 30 00 1 5658.467
2014 04 01 04 45 00 1 5658.535
2014 04 01 05 00 00 1 5658.602
2014 04 01 05 15 00 1 5658.673
2014 04 01 05 30 00 1 5658.743
2014 04 01 05 45 00 1 5658.811
2014 04 01 06 00 00 1 5658.876
2014 04 01 06 15 00 1 5658.941
2014 04 01 06 30 00 1 5658.998
2014 04 01 06 45 00 1 5659.047
2014 04 01 07 00 00 1 5659.091
2014 04 01 07 15 00 1 5659.132
2014 04 01 07 30 00 1 5659.163
2014 04 01 07 45 00 1 5659.185
2014 04 01 08 00 00 1 5659.196
2014 04 01 08 15 00 1 5659.200
2014 04 01 08 30 00 1 5659.196
2014 04 01 08 45 00 1 5659.183
2014 04 01 09 00 00 1 5659.163
2014 04 01 09 15 00 1 5659.132
2014 04 01 09 30 00 1 5659.093
2014 04 01 09 45 00 1 5659.047
2014 04 01 10 00 00 1 5658.998
2014 04 01 10 15 00 1 5658.944
2014 04 01 10 30 00 1 5658.883
2014 04 01 10 45 00 1 5658.822
2014 04 01 11 00 00 1 5658.760
2014 04 01 11 15 00 1 5658.695
2014 04 01 11 30 00 1 5658.630
2014 04 01 11 45 00 1 5658.565
2014 04 01 12 00 00 1 5658.502
2014 04 01 12 15 00 1 5658.440
2014 04 01 12 30 00 1 5658.385
2014 04 01 12 45 00 1 5658.336
2014 04 01 13 00 00 1 5658.290
2014 04 01 13 15 00 1 5658.250
2014 04 01 13 30 00 1 5658.218
2014 04 01 13 45 00 1 5658.192
2014 04 01 14 00 00 1 5658.171
2014 04 01 14 15 00 1 5658.162
2014 04 01 14 30 00 1 5658.160
2014 04 01 14 45 00 1 5658.165
2014 04 01 15 00 00 1 5658.179
2014 04 01 15 15 00 1 5658.203
2014 04 01 15 30 00 1 5658.235
2014 04 01 15 45 00 1 5658.277
2014 04 01 16 00 00 1 5658.326
2014 04 01 16 15 00 1 5658.381
2014 04 01 16 30 00 1 5658.438
2014 04 01 16 45 00 1 5658.499
2014 04 01 17 00 00 1 5658.566
2014 04 01 17 15 00 1 5658.633
2014 04 01 17 30 00 1 5658.705
2014 04 01 17 45 00 1 5658.776
2014 04 01 18 00 00 1 5658.844
2014 04 01 18 15 00 1 5658.910
2014 04 01 18 30 00 1 5658.975
2014 04 01 18 45 00 1 5659.038
2014 04 01 19 00 00 1 5659.095
2014 04 01 19 15 00 1 5659.143
2014 04 01 19 30 00 1 5659.184
2014 04 01 19 45 00 1 5659.219
2014 04 01 20 00 00 1 5659.246
2014 04 01 20 15 00 1 5659.263
2014 04 01 20 30 00 1 5659.274
2014 04 01 20 45 00 1 5659.272
2014 04 01 21 00 00 1 5659.262
2014 04 01 21 15 00 1 5659.244
2014 04 01 21 30 00 1 5659.216
2014 04 01 21 45 00 1 5659.181
2014 04 01 22 00 00 1 5659.133
2014 04 01 22 15 00 1 5659.083
2014 04 01 22 30 00 1 5659.026
2014 04 01 22 45 00 1 5658.965
2014 04 01 23 00 00 1 5658.899
2014 04 01 23 15 00 1 5658.829
2014 04 01 23 30 00 1 5658.758
2014 04 01 23 45 00 1 5658.686
2014 04 02 00 00 00 1 5658.615
2014 04 02 00 15 00 1 5658.541
2014 04 02 00 30 00 1 5658.492
2014 04 02 00 45 00 1 5658.409
2014 04 02 01 00 00 1 5658.352
2014 04 02 01 15 00 1 5658.292
2014 04 02 01 30 00 1 5658.243
2014 04 02 01 45 00 1 5658.202
2014 04 02 02 00 00 1 5658.168
2014 04 02 02 15 00 1 5658.141
2014 04 02 02 30 00 1 5658.126
2014 04 02 02 45 00 1 5658.119
2014 04 02 03 00 00 1 5658.120
2014 04 02 03 15 00 1 5658.128
2014 04 02 03 30 00 1 5658.146
2014 04 02 03 45 00 1 5658.172
2014 04 02 04 00 00 1 5658.204
2014 04 02 04 15 00 1 5658.246
2014 04 02 04 30 00 1 5658.297
2014 04 02 04 45 00 1 5658.349
2014 04 02 05 00 00 1 5658.407
2014 04 02 05 15 00 1 5658.472
2014 04 02 05 30 00 1 5658.538
2014 04 02 05 45 00 1 5658.609
2014 04 02 06 00 00 1 5658.679
2014 04 02 06 15 00 1 5658.749
2014 04 02 06 30 00 1 5658.819
2014 04 02 06 45 00 1 5658.886
2014 04 02 07 00 00 1 5658.949
2014 04 02 07 15 00 1 5659.007
2014 04 02 07 30 00 1 5659.060
2014 04 02 07 45 00 1 5659.107
2014 04 02 08 00 00 1 5659.147
2014 04 02 08 15 00 1 5659.179
2014 04 02 08 30 00 1 5659.201
2014 04 02 08 45 00 1 5659.218
2014 04 02 09 00 00 1 5659.222
2014 04 02 09 15 00 1 5659.219
2014 04 02 09 30 00 1 5659.207
2014 04 02 09 45 00 1 5659.187
2014 04 02 10 00 00 1 5659.160
2014 04 02 10 15 00 1 5659.124
2014 04 02 10 30 00 1 5659.082
2014 04 02 10 45 00 1 5659.035
2014 04 02 11 00 00 1 5658.982
2014 04 02 11 15 00 1 5658.926
2014 04 02 11 30 00 1 5658.867
2014 04 02 11 45 00 1 5658.807
2014 04 02 12 00 00 1 5658.745
2014 04 02 12 00 00 2 5658.744
2014 04 02 12 01 00 2 5658.740
2014 04 02 12 02 00 2 5658.735
2014 04 02 12 03 00 2 5658.731
2014 04 02 12 04 00 2 5658.726
2014 04 02 12 05 00 2 5658.722
2014 04 02 12 06 00 2 5658.718
2014 04 02 12 07 00 2 5658.713
2014 04 02 12 08 00 2 5658.708
2014 04 02 12 09 00 2 5658.703
2014 04 02 12 10 00 2 5658.699
2014 04 02 12 11 00 2 5658.694
2014 04 02 12 12 00 2 5658.691
2014 04 02 12 13 00 2 5658.685
2014 04 02 12 14 00 2 5658.682
2014 04 02 12 15 00 1 5658.680
2014 04 02 12 15 00 2 5658.678
2014 04 02 12 16 00 2 5658.673
2014 04 02 12 17 00 2 5658.668
2014 04 02 12 18 00 2 5658.664
2014 04 02 12 19 00 2 5658.660
2014 04 02 12 20 00 2 5658.656
2014 04 02 12 21 00 2 5658.651
2014 04 02 12 22 00 2 5658.647
2014 04 02 12 23 00 2 5658.643
2014 04 02 12 24 00 2 5658.639
2014 04 02 12 25 00 2 5658.635
2014 04 02 12 26 00 2 5658.630
2014 04 02 12 27 00 2 5658.626
2014 04 02 12 28 00 2 5658.622
2014 04 02 12 29 00 2 5658.618
2014 04 02 12 30 00 1 5658.615
2014 04 02 12 30 00 2 5658.614
2014 04 02 12 31 00 2 5658.609
2014 04 02 12 32 00 2 5658.606
2014 04 02 12 33 00 2 5658.601
2014 04 02 12 34 00 2 5658.598
2014 04 02 12 35 00 2 5658.594
2014 04 02 12 36 00 2 5658.589
2014 04 02 12 37 00 2 5658.585
2014 04 02 12 38 00 2 5658.581
2014 04 02 12 39 00 2 5658.577
2014 04 02 12 40 00 2 5658.572
2014 04 02 12 41 00 2 5658.568
2014 04 02 12 42 00 2 5658.564
2014 04 02 12 43 00 2 5658.560
2014 04 02 12 44 00 2 5658.556
2014 04 02 12 45 00 1 5658.554
2014 04 02 12 45 00 2 5658.553
2014 04 02 12 46 00 2 5658.548
2014 04 02 12 47 00 2 5658.544
2014 04 02 12 48 00 2 5658.539
2014 04 02 12 49 00 2 5658.535
2014 04 02 12 50 00 2 5658.531
2014 04 02 12 51 00 2 5658.527
2014 04 02 12 52 00 2 5658.523
2014 04 02 12 53 00 2 5658.519
2014 04 02 12 54 00 2 5658.516
2014 04 02 12 55 00 2 5658.511
2014 04 02 12 56 00 2 5658.508
2014 04 02 12 57 00 2 5658.504
2014 04 02 12 58 00 2 5658.500
2014 04 02 12 59 00 2 5658.496
2014 04 02 13 00 00 1 5658.493
2014 04 02 13 00 00 2 5658.492
2014 04 02 13 01 00 2 5658.488
2014 04 02 13 02 00 2 5658.484
2014 04 02 13 03 00 2 5658.481
2014 04 02 13 03 15 3 5658.481
2014 04 02 13 03 30 3 5658.480
2014 04 02 13 03 45 3 5658.480
2014 04 02 13 04 00 2 5658.477
2014 04 02 13 04 00 3 5658.478
2014 04 02 13 04 15 3 5658.478
2014 04 02 13 04 30 3 5658.477
2014 04 02 13 04 45 3 5658.476
2014 04 02 13 05 00 2 5658.473
2014 04 02 13 05 00 3 5658.475
2014 04 02 13 05 15 3 5658.473
2014 04 02 13 05 30 3 5658.473
2014 04 02 13 05 45 3 5658.471
2014 04 02 13 06 00 2 5658.468
2014 04 02 13 06 00 3 5658.470
2014 04 02 13 06 15 3 5658.469
2014 04 02 13 06 30 3 5658.469
2014 04 02 13 06 45 3 5658.466
2014 04 02 13 07 00 2 5658.465
2014 04 02 13 07 00 3 5658.467
2014 04 02 13 07 30 3 5658.465
2014 04 02 13 07 45 3 5658.464
2014 04 02 13 08 00 2 5658.461
2014 04 02 13 08 00 3 5658.463
2014 04 02 13 08 15 3 5658.461
2014 04 02 13 08 30 3 5658.462
2014 04 02 13 08 45 3 5658.460
2014 04 02 13 09 00 2 5658.457
2014 04 02 13 09 00 3 5658.459
2014 04 02 13 09 15 3 5658.457
2014 04 02 13 09 30 3 5658.456
2014 04 02 13 09 45 3 5658.455
2014 04 02 13 10 00 2 5658.454
2014 04 02 13 10 00 3 5658.454
2014 04 02 13 10 15 3 5658.454
2014 04 02 13 10 30 3 5658.453
2014 04 02 13 10 45 3 5658.453
2014 04 02 13 11 00 2 5658.450
2014 04 02 13 11 00 3 5658.451
2014 04 02 13 11 15 3 5658.451
2014 04 02 13 12 00 2 5658.446
2014 04 02 13 13 00 2 5658.442
2014 04 02 13 14 00 2 5658.438
2014 04 02 13 15 00 1 9999.000
2014 04 02 13 15 00 2 5658.434
2014 04 02 13 16 00 2 5658.431
2014 04 02 13 17 00 2 5658.428
2014 04 02 13 18 00 2 5658.424
2014 04 02 13 19 00 2 5658.420
2014 04 02 13 20 00 2 5658.417
2014 04 02 13 21 00 2 5658.414
2014 04 02 13 22 00 2 5658.411
2014 04 02 13 23 00 2 5658.408
2014 04 02 13 24 00 2 5658.404
2014 04 02 13 25 00 2 5658.402
2014 04 02 13 26 00 2 5658.399
2014 04 02 13 27 00 2 5658.396
2014 04 02 13 28 00 2 5658.393
2014 04 02 13 29 00 2 5658.391
2014 04 02 13 30 00 1 9999.000
2014 04 02 13 30 00 2 5658.389
2014 04 02 13 31 00 2 5658.386
2014 04 02 13 32 00 2 5658.382
2014 04 02 13 33 00 2 5658.378
2014 04 02 13 34 00 2 5658.374
2014 04 02 13 35 00 2 5658.370
2014 04 02 13 36 00 2 5658.365
2014 04 02 13 37 00 2 5658.361
2014 04 02 13 38 00 2 5658.357
2014 04 02 13 39 00 2 5658.354
2014 04 02 13 40 00 2 5658.351
2014 04 02 13 41 00 2 5658.349
2014 04 02 13 42 00 2 5658.347
2014 04 02 13 43 00 2 5658.346
2014 04 02 13 44 00 2 5658.345
2014 04 02 13 45 00 1 9999.000
2014 04 02 13 45 00 2 5658.343
2014 04 02 13 46 00 2 5658.342
2014 04 02 13 47 00 2 5658.341
2014 04 02 13 48 00 2 5658.339
2014 04 02 13 49 00 2 5658.337
2014 04 02 13 50 00 2 5658.335
2014 04 02 13 51 00 2 5658.330
2014 04 02 13 52 00 2 5658.325
2014 04 02 13 53 00 2 5658.319
2014 04 02 13 54 00 2 5658.313
2014 04 02 13 55 00 2 5658.306
2014 04 02 13 56 00 2 5658.302
2014 04 02 13 57 00 2 5658.298
2014 04 02 13 58 00 2 5658.296
2014 04 02 13 59 00 2 5658.295
2014 04 02 14 00 00 1 9999.000
2014 04 02 14 00 00 2 5658.294
2014 04 02 14 01 00 2 5658.292
2014 04 02 14 02 00 2 5658.290
2014 04 02 14 03 00 2 5658.289
2014 04 02 14 04 00 2 5658.287
2014 04 02 14 05 00 2 5658.285
2014 04 02 14 06 00 2 5658.282
2014 04 02 14 07 00 2 5658.278
2014 04 02 14 08 00 2 5658.273
2014 04 02 14 09 00 2 5658.269
2014 04 02 14 10 00 2 5658.267
2014 04 02 14 11 00 2 5658.269
2014 04 02 14 12 00 2 5658.271
2014 04 02 14 13 00 2 5658.274
2014 04 02 14 14 00 2 5658.274
2014 04 02 14 15 00 1 9999.000
2014 04 02 14 15 00 2 5658.271
2014 04 02 14 16 00 2 5658.265
2014 04 02 14 17 00 2 5658.259
2014 04 02 14 18 00 2 5658.252
2014 04 02 14 19 00 2 5658.248
2014 04 02 14 20 00 2 5658.246
2014 04 02 14 21 00 2 5658.246
2014 04 02 14 22 00 2 5658.245
2014 04 02 14 23 00 2 5658.243
2014 04 02 14 24 00 2 5658.239
2014 04 02 14 25 00 2 5658.236
2014 04 02 14 26 00 2 5658.234
2014 04 02 14 27 00 2 5658.233
2014 04 02 14 28 00 2 5658.234
2014 04 02 14 29 00 2 5658.233
2014 04 02 14 30 00 1 9999.000
2014 04 02 14 30 00 2 5658.231
2014 04 02 14 31 00 2 5658.228
2014 04 02 14 32 00 2 5658.226
2014 04 02 14 33 00 2 5658.225
2014 04 02 14 34 00 2 5658.228
2014 04 02 14 35 00 2 5658.231
2014 04 02 14 36 00 2 5658.231
2014 04 02 14 37 00 2 5658.232
2014 04 02 14 38 00 2 5658.229
2014 04 02 14 39 00 2 5658.224
2014 04 02 14 40 00 2 5658.219
2014 04 02 14 41 00 2 5658.213
2014 04 02 14 42 00 2 5658.208
2014 04 02 14 43 00 2 5658.203
2014 04 02 14 44 00 2 5658.201
2014 04 02 14 45 00 1 9999.000
2014 04 02 14 45 00 2 5658.200
2014 04 02 14 46 00 2 5658.201
2014 04 02 14 47 00 2 5658.203
2014 04 02 14 48 00 2 5658.206
2014 04 02 14 49 00 2 5658.209
2014 04 02 14 50 00 2 5658.213
2014 04 02 14 51 00 2 5658.216
2014 04 02 14 52 00 2 5658.217
2014 04 02 14 53 00 2 5658.214
2014 04 02 14 54 00 2 5658.210
2014 04 02 14 55 00 2 5658.207
2014 04 02 14 56 00 2 5658.205
2014 04 02 14 57 00 2 5658.205
2014 04 02 14 58 00 2 5658.206
2014 04 02 14 59 00 2 5658.208
2014 04 02 15 00 00 1 9999.000
2014 04 02 15 00 00 2 5658.209
2014 04 02 15 01 00 2 5658.208
2014 04 02 15 02 00 2 5658.208
2014 04 02 15 03 00 2 5658.205
2014 04 02 15 04 00 2 5658.203
2014 04 02 15 05 00 2 5658.201
2014 04 02 15 06 00 2 5658.198
2014 04 02 15 07 00 2 5658.194
2014 04 02 15 08 00 2 5658.193
2014 04 02 15 09 00 2 5658.191
2014 04 02 15 10 00 2 5658.192
2014 04 02 15 11 00 2 5658.194
2014 04 02 15 12 00 2 5658.195
2014 04 02 15 13 00 2 5658.200
2014 04 02 15 14 00 2 5658.204
2014 04 02 15 15 00 1 9999.000
2014 04 02 15 15 00 2 5658.205
2014 04 02 15 16 00 2 5658.203
2014 04 02 15 17 00 2 5658.201
2014 04 02 15 18 00 2 5658.201
2014 04 02 15 19 00 2 5658.206
2014 04 02 15 20 00 2 5658.211
2014 04 02 15 21 00 2 5658.215
2014 04 02 15 22 00 2 5658.221
2014 04 02 15 23 00 2 5658.224
2014 04 02 15 24 00 2 5658.223
2014 04 02 15 25 00 2 5658.219
2014 04 02 15 26 00 2 5658.212
2014 04 02 15 27 00 2 5658.208
2014 04 02 15 28 00 2 5658.205
2014 04 02 15 29 00 2 5658.204
2014 04 02 15 30 00 1 9999.000
2014 04 02 15 30 00 2 5658.205
2014 04 02 15 31 00 2 5658.209
2014 04 02 15 32 00 2 5658.212
2014 04 02 15 33 00 2 5658.214
2014 04 02 15 34 00 2 5658.217
2014 04 02 15 35 00 2 5658.220
2014 04 02 15 36 00 2 5658.222
2014 04 02 15 37 00 2 5658.224
2014 04 02 15 38 00 2 5658.223
2014 04 02 15 39 00 2 5658.221
2014 04 02 15 40 00 2 5658.219
2014 04 02 15 41 00 2 5658.218
2014 04 02 15 42 00 2 5658.216
2014 04 02 15 43 00 2 5658.215
2014 04 02 15 44 00 2 5658.215
2014 04 02 15 45 00 1 9999.000
2014 04 02 15 45 00 2 5658.216
2014 04 02 15 46 00 2 5658.219
2014 04 02 15 47 00 2 5658.222
2014 04 02 15 48 00 2 5658.226
2014 04 02 15 49 00 2 5658.229
2014 04 02 15 50 00 2 5658.231
2014 04 02 15 51 00 2 5658.233
2014 04 02 15 52 00 2 5658.233
2014 04 02 15 53 00 2 5658.233
2014 04 02 15 54 00 2 5658.233
2014 04 02 15 55 00 2 5658.233
2014 04 02 15 56 00 2 5658.233
2014 04 02 15 57 00 2 5658.232
2014 04 02 15 58 00 2 5658.233
2014 04 02 15 59 00 2 5658.237
2014 04 02 16 00 00 1 9999.000
2014 04 02 16 00 00 2 5658.240
2014 04 02 16 01 00 2 5658.243
2014 04 02 16 02 00 2 5658.247
2014 04 02 16 03 00 2 5658.252
2014 04 02 16 04 00 2 5658.256
2014 04 02 16 05 00 2 5658.258
2014 04 02 16 06 00 2 5658.261
2014 04 02 16 07 00 2 5658.263
2014 04 02 16 08 00 2 5658.267
2014 04 02 16 09 00 2 5658.270
2014 04 02 16 10 00 2 5658.273
2014 04 02 16 15 00 1 5658.271
2014 04 02 16 30 00 1 5658.316
2014 04 02 16 45 00 1 5658.359
2014 04 02 17 00 00 1 5658.413
2014 04 02 17 15 00 1 5658.476
2014 04 02 17 30 00 1 5658.533
2014 04 02 17 45 00 1 5658.600
2014 04 02 18 00 00 1 5658.662
2014 04 02 18 15 00 1 5658.736
2014 04 02 18 30 00 1 5658.807
2014 04 02 18 45 00 1 5658.868
2014 04 02 19 00 00 1 5658.938
2014 04 02 19 15 00 1 5659.003
2014 04 02 19 30 00 1 5659.057
2014 04 02 19 45 00 1 5659.108
2014 04 02 20 00 00 1 5659.164
2014 04 02 20 15 00 1 5659.191
2014 04 02 20 30 00 1 5659.232
2014 04 02 20 45 00 1 5659.254
2014 04 02 21 00 00 1 5659.269
2014 04 02 21 15 00 1 5659.276
2014 04 02 21 30 00 1 5659.279
2014 04 02 21 45 00 1 5659.265
2014 04 02 22 00 00 1 5659.253
2014 04 02 22 15 00 1 5659.216
2014 04 02 22 30 00 1 5659.187
2014 04 02 22 45 00 1 5659.146
2014 04 02 23 00 00 1 5659.097
2014 04 02 23 15 00 1 5659.041
2014 04 02 23 30 00 1 5658.984
2014 04 02 23 45 00 1 5658.921
2014 04 03 00 00 00 1 5658.852
2014 04 03 00 15 00 1 5658.778
2014 04 03 00 30 00 1 5658.716
2014 04 03 00 45 00 1 5658.649
2014 04 03 01 00 00 1 5658.572
2014 04 03 01 15 00 1 5658.510
2014 04 03 01 30 00 1 5658.447
2014 04 03 01 45 00 1 5658.382
2014 04 03 02 00 00 1 5658.332
2014 04 03 02 15 00 1 5658.275
2014 04 03 02 30 00 1 5658.241
2014 04 03 02 45 00 1 5658.207
2014 04 03 03 00 00 1 5658.182
2014 04 03 03 15 00 1 5658.160
2014 04 03 03 30 00 1 5658.153
2014 04 03 03 45 00 1 5658.151
2014 04 03 04 00 00 1 5658.154
2014 04 03 04 15 00 1 5658.177
2014 04 03 04 30 00 1 5658.201
2014 04 03 04 45 00 1 5658.230
2014 04 03 05 00 00 1 5658.267
2014 04 03 05 15 00 1 5658.317
2014 04 03 05 30 00 1 5658.364
2014 04 03 05 45 00 1 5658.420
2014 04 03 06 00 00 1 5658.485
2014 04 03 06 15 00 1 5658.548
2014 04 03 06 30 00 1 5658.614
2014 04 03 06 45 00 1 5658.677
2014 04 03 07 00 00 1 5658.745
2014 04 03 07 15 00 1 5658.810
2014 04 03 07 30 00 1 5658.881
2014 04 03 07 45 00 1 5658.939
2014 04 03 08 00 00 1 5659.000
2014 04 03 08 15 00 1 5659.052
2014 04 03 08 30 00 1 5659.093
2014 04 03 08 45 00 1 5659.133
2014 04 03 09 00 00 1 5659.164
2014 04 03 09 15 00 1 5659.182
2014 04 03 09 30 00 1 5659.198
2014 04 03 09 45 00 1 5659.201
2014 04 03 10 00 00 1 5659.200
2014 04 03 10 15 00 1 5659.191
2014 04 03 10 30 00 1 5659.175
2014 04 03 10 45 00 1 5659.155
2014 04 03 11 00 00 1 5659.121
2014 04 03 11 15 00 1 5659.081
2014 04 03 11 30 00 1 5659.042
2014 04 03 11 45 00 1 5658.989
2014 04 03 12 00 00 1 5658.944
2014 04 03 12 15 00 1 5658.885
2014 04 03 12 30 00 1 5658.826
2014 04 03 12 45 00 1 5658.762
2014 04 03 13 00 00 1 5658.707
2014 04 03 13 15 00 1 5658.642
2014 04 03 13 30 00 1 5658.580
2014 04 03 13 45 00 1 5658.525
2014 04 03 14 00 00 1 5658.466
2014 04 03 14 15 00 1 5658.415
2014 04 03 14 30 00 1 5658.371
2014 04 03 14 45 00 1 5658.330
2014 04 03 15 00 00 1 5658.294
2014 04 03 15 15 00 1 5658.273
2014 04 03 15 30 00 1 5658.255
2014 04 03 15 45 00 1 5658.244
2014 04 03 16 00 00 1 5658.244
2014 04 03 16 15 00 1 5658.249
2014 04 03 16 30 00 1 5658.264
2014 04 03 16 45 00 1 5658.291
2014 04 03 17 00 00 1 5658.316
2014 04 03 17 15 00 1 5658.351
2014 04 03 17 30 00 1 5658.393
2014 04 03 17 45 00 1 5658.441
2014 04 03 18 00 00 1 5658.497
2014 04 03 18 15 00 1 5658.554
2014 04 03 18 30 00 1 5658.618
2014 04 03 18 45 00 1 5658.677
2014 04 03 19 00 00 1 5658.745
2014 04 03 19 15 00 1 5658.806
2014 04 03 19 30 00 1 5658.872
2014 04 03 19 45 00 1 5658.930
2014 04 03 20 00 00 1 5658.991
2014 04 03 20 15 00 1 5659.046
2014 04 03 20 30 00 1 5659.095
2014 04 03 20 45 00 1 5659.138
2014 04 03 21 00 00 1 5659.174
2014 04 03 21 15 00 1 5659.208
2014 04 03 21 30 00 1 5659.233
2014 04 03 21 45 00 1 5659.246
2014 04 03 22 00 00 1 5659.258
2014 04 03 22 15 00 1 5659.256
2014 04 03 22 30 00 1 5659.247
2014 04 03 22 45 00 1 5659.232
2014 04 03 23 00 00 1 5659.204
2014 04 03 23 15 00 1 5659.172
2014 04 03 23 30 00 1 5659.130
2014 04 03 23 45 00 1 5659.088
2014 04 04 00 00 00 1 5659.035
2014 04 04 00 15 00 1 5658.985
2014 04 04 00 30 00 1 5658.925
2014 04 04 00 45 00 1 5658.863
2014 04 04 01 00 00 1 5658.797
2014 04 04 01 15 00 1 5658.732
2014 04 04 01 30 00 1 5658.668
2014 04 04 01 45 00 1 5658.602
2014 04 04 02 00 00 1 5658.537
2014 04 04 02 15 00 1 5658.477
2014 04 04 02 30 00 1 5658.420
2014 04 04 02 45 00 1 5658.368
2014 04 04 03 00 00 1 5658.321
2014 04 04 03 15 00 1 5658.280
2014 04 04 03 30 00 1 5658.244
2014 04 04 03 45 00 1 5658.221
2014 04 04 04 00 00 1 5658.199
2014 04 04 04 15 00 1 5658.188
2014 04 04 04 30 00 1 5658.188
2014 04 04 04 45 00 1 5658.189
2014 04 04 05 00 00 1 5658.205
2014 04 04 05 15 00 1 5658.227
2014 04 04 05 30 00 1 5658.255
2014 04 04 05 45 00 1 5658.291
2014 04 04 06 00 00 1 5658.331
2014 04 04 06 15 00 1 5658.378
2014 04 04 06 30 00 1 5658.430
2014 04 04 06 45 00 1 5658.485
2014 04 04 07 00 00 1 5658.549
2014 04 04 07 15 00 1 5658.606
2014 04 04 07 30 00 1 5658.671
2014 04 04 07 45 00 1 5658.737
2014 04 04 08 00 00 1 5658.800
2014 04 04 08 15 00 1 5658.864
2014 04 04 08 30 00 1 5658.924
2014 04 04 08 45 00 1 5658.981
2014 04 04 09 00 00 1 5659.029
2014 04 04 09 15 00 1 5659.069
2014 04 04 09 30 00 1 5659.105
2014 04 04 09 45 00 1 5659.133
2014 04 04 10 00 00 1 5659.159
2014 04 04 10 15 00 1 5659.172
2014 04 04 10 30 00 1 5659.176
2014 04 04 10 45 00 1 5659.178
2014 04 04 11 00 00 1 5659.172
2014 04 04 11 15 00 1 5659.156
2014 04 04 11 30 00 1 5659.136
2014 04 04 11 45 00 1 5659.108
2014 04 04 12 00 00 1 5659.068
2014 04 04 12 15 00 1 5659.030
2014 04 04 12 30 00 1 5658.985
2014 04 04 12 45 00 1 5658.935
2014 04 04 13 00 00 1 5658.884
2014 04 04 13 15 00 1 5658.831
2014 04 04 13 30 00 1 5658.776
2014 04 04 13 45 00 1 5658.718
2014 04 04 14 00 00 1 5658.662
2014 04 04 14 15 00 1 5658.607
2014 04 04 14 30 00 1 5658.551
2014 04 04 14 45 00 1 5658.501
2014 04 04 15 00 00 1 5658.453
2014 04 04 15 15 00 1 5658.409
2014 04 04 15 30 00 1 5658.373
2014 04 04 15 45 00 1 5658.344
2014 04 04 16 00 00 1 5658.322
2014 04 04 16 15 00 1 5658.305
2014 04 04 16 30 00 1 5658.298
2014 04 04 16 45 00 1 5658.295
2014 04 04 17 00 00 1 5658.301
2014 04 04 17 15 00 1 5658.313
2014 04 04 17 30 00 1 5658.330
2014 04 04 17 45 00 1 5658.354
2014 04 04 18 00 00 1 5658.390
2014 04 04 18 15 00 1 5658.428
2014 04 04 18 30 00 1 5658.472
2014 04 04 18 45 00 1 5658.526
2014 04 04 19 00 00 1 5658.574
2014 04 04 19 15 00 1 5658.631
2014 04 04 19 30 00 1 5658.691
2014 04 04 19 45 00 1 5658.747
2014 04 04 20 00 00 1 5658.808
2014 04 04 20 15 00 1 5658.863
2014 04 04 20 30 00 1 5658.919
2014 04 04 20 45 00 1 5658.972
2014 04 04 21 00 00 1 5659.024
2014 04 04 21 15 00 1 5659.071
2014 04 04 21 30 00 1 5659.112
2014 04 04 21 45 00 1 5659.149
2014 04 04 22 00 00 1 5659.177
2014 04 04 22 15 00 1 5659.196
2014 04 04 22 30 00 1 5659.210
2014 04 04 22 45 00 1 5659.217
2014 04 04 23 00 00 1 5659.214
2014 04 04 23 15 00 1 5659.206
2014 04 04 23 30 00 1 5659.191
2014 04 04 23 45 00 1 5659.170
2014 04 05 00 00 00 1 5659.138
2014 04 05 00 15 00 1 5659.106
2014 04 05 00 30 00 1 5659.064
2014 04 05 00 45 00 1 5659.015
2014 04 05 01 00 00 1 5658.962
2014 04 05 01 15 00 1 5658.912
2014 04 05 01 30 00 1 5658.853
2014 04 05 01 45 00 1 5658.795
2014 04 05 02 00 00 1 5658.732
2014 04 05 02 15 00 1 5658.674
2014 04 05 02 30 00 1 5658.611
2014 04 05 02 45 00 1 5658.555
2014 04 05 03 00 00 1 5658.500
2014 04 05 03 15 00 1 5658.448
2014 04 05 03 30 00 1 5658.402
2014 04 05 03 45 00 1 5658.358
2014 04 05 04 00 00 1 5658.320
2014 04 05 04 15 00 1 5658.288
2014 04 05 04 30 00 1 5658.264
2014 04 05 04 45 00 1 5658.247
2014 04 05 05 00 00 1 5658.241
2014 04 05 05 15 00 1 5658.240
2014 04 05 05 30 00 1 5658.245
2014 04 05 05 45 00 1 5658.259
2014 04 05 06 00 00 1 5658.276
2014 04 05 06 15 00 1 5658.305
2014 04 05 06 30 00 1 5658.335
2014 04 05 06 45 00 1 5658.371
2014 04 05 07 00 00 1 5658.416
2014 04 05 07 15 00 1 5658.466
2014 04 05 07 30 00 1 5658.520
2014 04 05 07 45 00 1 5658.575
2014 04 05 08 00 00 1 5658.632
2014 04 05 08 15 00 1 5658.690
2014 04 05 08 30 00 1 5658.752
2014 04 05 08 45 00 1 5658.805
2014 04 05 09 00 00 1 5658.859
2014 04 05 09 15 00 1 5658.911
2014 04 05 09 30 00 1 5658.960
2014 04 05 09 45 00 1 5659.002
2014 04 05 10 00 00 1 5659.042
2014 04 05 10 15 00 1 5659.074
2014 04 05 10 30 00 1 5659.103
2014 04 05 10 45 00 1 5659.121
2014 04 05 11 00 00 1 5659.138
2014 04 05 11 15 00 1 5659.145
2014 04 05 11 30 00 1 5659.146
2014 04 05 11 45 00 1 5659.138
2014 04 05 12 00 00 1 5659.126
2014 04 05 12 15 00 1 5659.102
2014 04 05 12 30 00 1 5659.075
2014 04 05 12 45 00 1 5659.043
2014 04 05 13 00 00 1 5659.009
2014 04 05 13 15 00 1 5658.969
2014 04 05 13 30 00 1 5658.924
2014 04 05 13 45 00 1 5658.876
2014 04 05 14 00 00 1 5658.826
2014 04 05 14 15 00 1 5658.777
2014 04 05 14 30 00 1 5658.725
2014 04 05 14 45 00 1 5658.673
2014 04 05 15 00 00 1 5658.623
2014 04 05 15 15 00 1 5658.573
2014 04 05 15 30 00 1 5658.530
2014 04 05 15 45 00 1 5658.488
2014 04 05 16 00 00 1 5658.450
2014 04 05 16 15 00 1 5658.418
2014 04 05 16 30 00 1 5658.394
2014 04 05 16 45 00 1 5658.374
2014 04 05 17 00 00 1 5658.360
2014 04 05 17 15 00 1 5658.352
2014 04 05 17 30 00 1 5658.352
2014 04 05 17 45 00 1 5658.355
2014 04 05 18 00 00 1 5658.367
2014 04 05 18 15 00 1 5658.384
2014 04 05 18 30 00 1 5658.407
2014 04 05 18 45 00 1 5658.439
2014 04 05 19 00 00 1 5658.473
2014 04 05 19 15 00 1 5658.514
2014 04 05 19 30 00 1 5658.561
2014 04 05 19 45 00 1 5658.609
2014 04 05 20 00 00 1 5658.661
2014 04 05 20 15 00 1 5658.712
2014 04 05 20 30 00 1 5658.764
2014 04 05 20 45 00 1 5658.818
2014 04 05 21 00 00 1 5658.871
2014 04 05 21 15 00 1 5658.919
2014 04 05 21 30 00 1 5658.967
2014 04 05 21 45 00 1 5659.012
2014 04 05 22 00 00 1 5659.054
2014 04 05 22 15 00 1 5659.092
2014 04 05 22 30 00 1 5659.126
2014 04 05 22 45 00 1 5659.149
2014 04 05 23 00 00 1 5659.172
2014 04 05 23 15 00 1 5659.185
2014 04 05 23 30 00 1 5659.192
2014 04 05 23 45 00 1 5659.193
2014 04 06 00 00 00 1 5659.184
2014 04 06 00 15 00 1 5659.170
2014 04 06 00 30 00 1 5659.149
2014 04 06 00 45 00 1 5659.125
2014 04 06 01 00 00 1 5659.094
2014 04 06 01 15 00 1 5659.058
2014 04 06 01 30 00 1 5659.015
2014 04 06 01 45 00 1 5658.969
2014 04 06 02 00 00 1 5658.921
2014 04 06 02 15 00 1 5658.870
2014 04 06 02 30 00 1 5658.815
2014 04 06 02 45 00 1 5658.761
2014 04 06 03 00 00 1 5658.706
2014 04 06 03 15 00 1 5658.651
2014 04 06 03 30 00 1 5658.598
2014 04 06 03 45 00 1 5658.547
2014 04 06 04 00 00 1 5658.497
2014 04 06 04 15 00 1 5658.451
2014 04 06 04 30 00 1 5658.413
2014 04 06 04 45 00 1 5658.380
2014 04 06 05 00 00 1 5658.353
2014 04 06 05 15 00 1 5658.331
2014 04 06 05 30 00 1 5658.315
2014 04 06 05 45 00 1 5658.305
2014 04 06 06 00 00 1 5658.302
2014 04 06 06 15 00 1 5658.305
2014 04 06 06 30 00 1 5658.314
2014 04 06 06 45 00 1 5658.335
2014 04 06 07 00 00 1 5658.360
2014 04 06 07 15 00 1 5658.391
2014 04 06 07 30 00 1 5658.425
2014 04 06 07 45 00 1 5658.466
2014 04 06 08 00 00 1 5658.509
2014 04 06 08 15 00 1 5658.557
2014 04 06 08 30 00 1 5658.603
2014 04 06 08 45 00 1 5658.654
2014 04 06 09 00 00 1 5658.704
2014 04 06 09 15 00 1 5658.756
2014 04 06 09 30 00 1 5658.807
2014 04 06 09 45 00 1 5658.855
2014 04 06 10 00 00 1 5658.902
2014 04 06 10 15 00 1 5658.946
2014 04 06 10 30 00 1 5658.987
2014 04 06 10 45 00 1 5659.024
2014 04 06 11 00 00 1 5659.056
2014 04 06 11 15 00 1 5659.080
2014 04 06 11 30 00 1 5659.098
2014 04 06 11 45 00 1 5659.110
2014 04 06 12 00 00 1 5659.116
2014 04 06 12 15 00 1 5659.117
2014 04 06 12 30 00 1 5659.109
2014 04 06 12 45 00 1 5659.098
2014 04 06 13 00 00 1 5659.084
2014 04 06 13 15 00 1 5659.061
2014 04 06 13 30 00 1 5659.033
2014 04 06 13 45 00 1 5659.000
2014 04 06 14 00 00 1 5658.963
2014 04 06 14 15 00 1 5658.921
2014 04 06 14 30 00 1 5658.879
2014 04 06 14 45 00 1 5658.830
2014 04 06 15 00 00 1 5658.782
2014 04 06 15 15 00 1 5658.735
2014 04 06 15 30 00 1 5658.690
2014 04 06 15 45 00 1 5658.646
2014 04 06 16 00 00 1 5658.606
2014 04 06 16 15 00 1 5658.567
2014 04 06 16 30 00 1 5658.531
2014 04 06 16 45 00 1 5658.499
2014 04 06 17 00 00 1 5658.474
2014 04 06 17 15 00 1 5658.452
2014 04 06 17 30 00 1 5658.435
2014 04 06 17 45 00 1 5658.423
2014 04 06 18 00 00 1 5658.415
2014 04 06 18 15 00 1 5658.413
2014 04 06 18 30 00 1 5658.420
2014 04 06 18 45 00 1 5658.429
2014 04 06 19 00 00 1 5658.444
2014 04 06 19 15 00 1 5658.468
2014 04 06 19 30 00 1 5658.493
2014 04 06 19 45 00 1 5658.522
2014 04 06 20 00 00 1 5658.558
2014 04 06 20 15 00 1 5658.598
2014 04 06 20 30 00 1 5658.639
2014 04 06 20 45 00 1 5658.682
2014 04 06 21 00 00 1 5658.728
2014 04 06 21 15 00 1 5658.776
2014 04 06 21 30 00 1 5658.823
2014 04 06 21 45 00 1 5658.868
2014 04 06 22 00 00 1 5658.912
2014 04 06 22 15 00 1 5658.955
2014 04 06 22 30 00 1 5658.995
2014 04 06 22 45 00 1 5659.029
2014 04 06 23 00 00 1 5659.063
2014 04 06 23 15 00 1 5659.091
2014 04 06 23 30 00 1 5659.117
2014 04 06 23 45 00 1 5659.132
2014 04 07 00 00 00 1 5659.143
2014 04 07 00 15 00 1 5659.146
2014 04 07 00 30 00 1 5659.147
2014 04 07 00 45 00 1 5659.142
2014 04 07 01 00 00 1 5659.133
2014 04 07 01 15 00 1 5659.115
2014 04 07 01 30 00 1 5659.091
2014 04 07 01 45 00 1 5659.063
2014 04 07 02 00 00 1 5659.031
2014 04 07 02 15 00 1 5658.993
2014 04 07 02 30 00 1 5658.955
2014 04 07 02 45 00 1 5658.913
2014 04 07 03 00 00 1 5658.867
2014 04 07 03 15 00 1 5658.823
2014 04 07 03 30 00 1 5658.773
2014 04 07 03 45 00 1 5658.724
2014 04 07 04 00 00 1 5658.674
2014 04 07 04 15 00 1 5658.628
2014 04 07 04 30 00 1 5658.584
2014 04 07 04 45 00 1 5658.540
2014 04 07 05 00 00 1 5658.501
2014 04 07 05 15 00 1 5658.466
2014 04 07 05 30 00 1 5658.436
2014 04 07 05 45 00 1 5658.411
2014 04 07 06 00 00 1 5658.394
2014 04 07 06 15 00 1 5658.380
2014 04 07 06 30 00 1 5658.372
2014 04 07 06 45 00 1 5658.370
2014 04 07 07 00 00 1 5658.375
2014 04 07 07 15 00 1 5658.385
2014 04 07 07 30 00 1 5658.400
2014 04 07 07 45 00 1 5658.421
2014 04 07 08 00 00 1 5658.447
2014 04 07 08 15 00 1 5658.476
2014 04 07 08 30 00 1 5658.507
2014 04 07 08 45 00 1 5658.546
2014 04 07 09 00 00 1 5658.585
2014 04 07 09 15 00 1 5658.625
2014 04 07 09 30 00 1 5658.670
2014 04 07 09 45 00 1 5658.711
2014 04 07 10 00 00 1 5658.756
2014 04 07 10 15 00 1 5658.801
2014 04 07 10 30 00 1 5658.845
2014 04 07 10 45 00 1 5658.888
2014 04 07 11 00 00 1 5658.925
2014 04 07 11 15 00 1 5658.963
2014 04 07 11 30 00 1 5658.998
2014 04 07 11 45 00 1 5659.026
2014 04 07 12 00 00 1 5659.047
2014 04 07 12 15 00 1 5659.063
2014 04 07 12 30 00 1 5659.074
2014 04 07 12 45 00 1 5659.079
2014 04 07 13 00 00 1 5659.080
2014 04 07 13 15 00 1 5659.073
2014 04 07 13 30 00 1 5659.064
2014 04 07 13 45 00 1 5659.049
2014 04 07 14 00 00 1 5659.027
2014 04 07 14 15 00 1 5659.002
2014 04 07 14 30 00 1 5658.974
2014 04 07 14 45 00 1 5658.941
2014 04 07 15 00 00 1 5658.904
2014 04 07 15 15 00 1 5658.866
2014 04 07 15 30 00 1 5658.826
2014 04 07 15 45 00 1 5658.787
2014 04 07 16 00 00 1 5658.748
2014 04 07 16 15 00 1 5658.710
2014 04 07 16 30 00 1 5658.672
2014 04 07 16 45 00 1 5658.635
2014 04 07 17 00 00 1 5658.598
2014 04 07 17 15 00 1 5658.566
2014 04 07 17 30 00 1 5658.537
2014 04 07 17 45 00 1 5658.511
2014 04 07 18 00 00 1 5658.490
2014 04 07 18 15 00 1 5658.473
2014 04 07 18 30 00 1 5658.461
2014 04 07 18 45 00 1 5658.453
2014 04 07 19 00 00 1 5658.454
2014 04 07 19 15 00 1 5658.459
2014 04 07 19 30 00 1 5658.468
2014 04 07 19 45 00 1 5658.478
2014 04 07 20 00 00 1 5658.498
2014 04 07 20 15 00 1 5658.519
2014 04 07 20 30 00 1 5658.545
2014 04 07 20 45 00 1 5658.574
2014 04 07 21 00 00 1 5658.606
2014 04 07 21 15 00 1 5658.640
2014 04 07 21 30 00 1 5658.677
2014 04 07 21 45 00 1 5658.716
2014 04 07 22 00 00 1 5658.756
2014 04 07 22 15 00 1 5658.797
2014 04 07 22 30 00 1 5658.835
2014 04 07 22 45 00 1 5658.877
2014 04 07 23 00 00 1 5658.912
2014 04 07 23 15 00 1 5658.950
2014 04 07 23 30 00 1 5658.980
2014 04 07 23 45 00 1 5659.008
2014 04 08 00 00 00 1 5659.032
2014 04 08 00 15 00 1 5659.054
2014 04 08 00 30 00 1 5659.073
2014 04 08 00 45 00 1 5659.083
2014 04 08 01 00 00 1 5659.090
2014 04 08 01 15 00 1 5659.091
2014 04 08 01 30 00 1 5659.087
2014 04 08 01 45 00 1 5659.078
2014 04 08 02 00 00 1 5659.064
2014 04 08 02 15 00 1 5659.046
2014 04 08 02 30 00 1 5659.020
2014 04 08 02 45 00 1 5658.992
2014 04 08 03 00 00 1 5658.961
2014 04 08 03 15 00 1 5658.924
2014 04 08 03 30 00 1 5658.885
2014 04 08 03 45 00 1 5658.842
2014 04 08 04 00 00 1 5658.800
2014 04 08 04 15 00 1 5658.760
2014 04 08 04 30 00 1 5658.716
2014 04 08 04 45 00 1 5658.674
2014 04 08 05 00 00 1 5658.635
2014 04 08 05 15 00 1 5658.595
2014 04 08 05 30 00 1 5658.557
2014 04 08 05 45 00 1 5658.521
2014 04 08 06 00 00 1 5658.492
2014 04 08 06 15 00 1 5658.464
2014 04 08 06 30 00 1 5658.443
2014 04 08 06 45 00 1 5658.423
2014 04 08 07 00 00 1 5658.407
2014 04 08 07 15 00 1 5658.399
2014 04 08 07 30 00 1 5658.395
2014 04 08 07 45 00 1 5658.399
2014 04 08 08 00 00 1 5658.407
2014 04 08 08 15 00 1 5658.419
2014 04 08 08 30 00 1 5658.436
2014 04 08 08 45 00 1 5658.459
2014 04 08 09 00 00 1 5658.482
2014 04 08 09 15 00 1 5658.511
2014 04 08 09 30 00 1 5658.542
2014 04 08 09 45 00 1 5658.578
2014 04 08 10 00 00 1 5658.615
2014 04 08 10 15 00 1 5658.653
2014 04 08 10 30 00 1 5658.693
2014 04 08 10 45 00 1 5658.736
2014 04 08 11 00 00 1 5658.776
2014 04 08 11 15 00 1 5658.818
2014 04 08 11 30 00 1 5658.855
2014 04 08 11 45 00 1 5658.891
2014 04 08 12 00 00 1 5658.923
2014 04 08 12 15 00 1 5658.953
2014 04 08 12 30 00 1 5658.978
2014 04 08 12 45 00 1 5658.997
2014 04 08 13 00 00 1 5659.013
2014 04 08 13 15 00 1 5659.025
2014 04 08 13 30 00 1 5659.031
2014 04 08 13 45 00 1 5659.031
2014 04 08 14 00 00 1 5659.027
2014 04 08 14 15 00 1 5659.017
2014 04 08 14 30 00 1 5659.006
2014 04 08 14 45 00 1 5658.988
2014 04 08 15 00 00 1 5658.966
2014 04 08 15 15 00 1 5658.939
2014 04 08 15 30 00 1 5658.912
2014 04 08 15 45 00 1 5658.883
2014 04 08 16 00 00 1 5658.850
2014 04 08 16 15 00 1 5658.818
2014 04 08 16 30 00 1 5658.783
2014 04 08 16 45 00 1 5658.748
2014 04 08 17 00 00 1 5658.715
2014 04 08 17 15 00 1 5658.681
2014 04 08 17 30 00 1 5658.649
2014 04 08 17 45 00 1 5658.617
2014 04 08 18 00 00 1 5658.587
2014 04 08 18 15 00 1 5658.561
2014 04 08 18 30 00 1 5658.539
2014 04 08 18 45 00 1 5658.518
2014 04 08 19 00 00 1 5658.503
2014 04 08 19 15 00 1 5658.488
2014 04 08 19 30 00 1 5658.481
2014 04 08 19 45 00 1 5658.479
2014 04 08 20 00 00 1 5658.478
2014 04 08 20 15 00 1 5658.484
2014 04 08 20 30 00 1 5658.493
2014 04 08 20 45 00 1 5658.508
2014 04 08 21 00 00 1 5658.526
2014 04 08 21 15 00 1 5658.547
2014 04 08 21 30 00 1 5658.571
2014 04 08 21 45 00 1 5658.599
2014 04 08 22 00 00 1 5658.630
2014 04 08 22 15 00 1 5658.661
2014 04 08 22 30 00 1 5658.693
2014 04 08 22 45 00 1 5658.725
2014 04 08 23 00 00 1 5658.758
2014 04 08 23 15 00 1 5658.792
2014 04 08 23 30 00 1 5658.827
2014 04 08 23 45 00 1 5658.860
