#YY  MM DD hh mm ss T   HEIGHT
#yr  mo dy hr mn  s -        m
2011 02 08 06 00 00 1 4259.809
2011 02 08 06 15 00 1 4259.871
2011 02 08 06 30 00 1 4259.940
2011 02 08 06 45 00 1 4260.012
2011 02 08 07 00 00 1 4260.077
2011 02 08 07 15 00 1 4260.151
2011 02 08 07 30 00 1 4260.225
2011 02 08 07 45 00 1 4260.295
2011 02 08 08 00 00 1 4260.364
2011 02 08 08 15 00 1 4260.433
2011 02 08 08 30 00 1 4260.488
2011 02 08 08 45 00 1 4260.545
2011 02 08 09 00 00 1 4260.594
2011 02 08 09 15 00 1 4260.635
2011 02 08 09 30 00 1 4260.669
2011 02 08 09 45 00 1 4260.694
2011 02 08 10 00 00 1 4260.712
2011 02 08 10 15 00 1 4260.724
2011 02 08 10 30 00 1 4260.725
2011 02 08 10 45 00 1 4260.720
2011 02 08 11 00 00 1 4260.705
2011 02 08 11 15 00 1 4260.684
2011 02 08 11 30 00 1 4260.656
2011 02 08 11 45 00 1 4260.619
2011 02 08 12 00 00 1 4260.576
2011 02 08 12 15 00 1 4260.529
2011 02 08 12 30 00 1 4260.477
2011 02 08 12 45 00 1 4260.420
2011 02 08 13 00 00 1 4260.360
2011 02 08 13 15 00 1 4260.294
2011 02 08 13 30 00 1 4260.227
2011 02 08 13 45 00 1 4260.158
2011 02 08 14 00 00 1 4260.094
2011 02 08 14 15 00 1 4260.033
2011 02 08 14 30 00 1 4259.967
2011 02 08 14 45 00 1 4259.913
2011 02 08 15 00 00 1 4259.857
2011 02 08 15 15 00 1 4259.807
2011 02 08 15 30 00 1 4259.762
2011 02 08 15 45 00 1 4259.726
2011 02 08 16 00 00 1 4259.693
2011 02 08 16 15 00 1 4259.669
2011 02 08 16 30 00 1 4259.652
2011 02 08 16 45 00 1 4259.644
2011 02 08 17 00 00 1 4259.642
2011 02 08 17 15 00 1 4259.646
2011 02 08 17 30 00 1 4259.657
2011 02 08 17 45 00 1 4259.675
2011 02 08 18 00 00 1 4259.699
2011 02 08 18 15 00 1 4259.727
2011 02 08 18 30 00 1 4259.760
2011 02 08 18 45 00 1 4259.799
2011 02 08 19 00 00 1 4259.838
2011 02 08 19 15 00 1 4259.883
2011 02 08 19 30 00 1 4259.927
2011 02 08 19 45 00 1 4259.972
2011 02 08 20 00 00 1 4260.016
2011 02 08 20 15 00 1 4260.056
2011 02 08 20 30 00 1 4260.096
2011 02 08 20 45 00 1 4260.134
2011 02 08 21 00 00 1 4260.171
2011 02 08 21 15 00 1 4260.199
2011 02 08 21 30 00 1 4260.228
2011 02 08 21 45 00 1 4260.252
2011 02 08 22 00 00 1 4260.273
2011 02 08 22 15 00 1 4260.284
2011 02 08 22 30 00 1 4260.293
2011 02 08 22 45 00 1 4260.297
2011 02 08 23 00 00 1 4260.291
2011 02 08 23 15 00 1 4260.279
2011 02 08 23 30 00 1 4260.264
2011 02 08 23 45 00 1 4260.243
2011 02 09 00 00 00 1 4260.216
2011 02 09 00 15 00 1 4260.187
2011 02 09 00 30 00 1 4260.156
2011 02 09 00 45 00 1 4260.118
2011 02 09 01 00 00 1 4260.081
2011 02 09 01 15 00 1 4260.038
2011 02 09 01 30 00 1 4259.995
2011 02 09 01 45 00 1 4259.951
2011 02 09 02 00 00 1 4259.908
2011 02 09 02 15 00 1 4259.865
2011 02 09 02 30 00 1 4259.824
2011 02 09 02 45 00 1 4259.789
2011 02 09 03 00 00 1 4259.756
2011 02 09 03 15 00 1 4259.726
2011 02 09 03 30 00 1 4259.706
2011 02 09 03 45 00 1 4259.689
2011 02 09 04 00 00 1 4259.678
2011 02 09 04 15 00 1 4259.673
2011 02 09 04 30 00 1 4259.679
2011 02 09 04 45 00 1 4259.686
2011 02 09 05 00 00 1 4259.701
2011 02 09 05 15 00 1 4259.723
2011 02 09 05 30 00 1 4259.751
2011 02 09 05 45 00 1 4259.787
2011 02 09 06 00 00 1 4259.827
2011 02 09 06 15 00 1 4259.875
2011 02 09 06 30 00 1 4259.926
2011 02 09 06 45 00 1 4259.981
2011 02 09 07 00 00 1 4260.042
2011 02 09 07 15 00 1 4260.106
2011 02 09 07 30 00 1 4260.168
2011 02 09 07 45 00 1 4260.235
2011 02 09 08 00 00 1 4260.299
2011 02 09 08 15 00 1 4260.364
2011 02 09 08 30 00 1 4260.424
2011 02 09 08 45 00 1 4260.481
2011 02 09 09 00 00 1 4260.536
2011 02 09 09 15 00 1 4260.584
2011 02 09 09 30 00 1 4260.626
2011 02 09 09 45 00 1 4260.667
2011 02 09 10 00 00 1 4260.698
2011 02 09 10 15 00 1 4260.720
2011 02 09 10 30 00 1 4260.738
2011 02 09 10 45 00 1 4260.750
2011 02 09 11 00 00 1 4260.752
2011 02 09 11 15 00 1 4260.748
2011 02 09 11 30 00 1 4260.737
2011 02 09 11 45 00 1 4260.719
2011 02 09 12 00 00 1 4260.692
2011 02 09 12 15 00 1 4260.658
2011 02 09 12 30 00 1 4260.620
2011 02 09 12 45 00 1 4260.575
2011 02 09 13 00 00 1 4260.525
2011 02 09 13 15 00 1 4260.469
2011 02 09 13 30 00 1 4260.408
2011 02 09 13 45 00 1 4260.344
2011 02 09 14 00 00 1 4260.279
2011 02 09 14 15 00 1 4260.212
2011 02 09 14 30 00 1 4260.145
2011 02 09 14 45 00 1 4260.080
2011 02 09 15 00 00 1 4260.017
2011 02 09 15 15 00 1 4259.952
2011 02 09 15 30 00 1 4259.896
2011 02 09 15 45 00 1 4259.839
2011 02 09 16 00 00 1 4259.790
2011 02 09 16 15 00 1 4259.745
2011 02 09 16 30 00 1 4259.708
2011 02 09 16 45 00 1 4259.678
2011 02 09 17 00 00 1 4259.649
2011 02 09 17 15 00 1 4259.632
2011 02 09 17 30 00 1 4259.617
2011 02 09 17 45 00 1 4259.608
2011 02 09 18 00 00 1 4259.603
2011 02 09 18 15 00 1 4259.610
2011 02 09 18 30 00 1 4259.621
2011 02 09 18 45 00 1 4259.637
2011 02 09 19 00 00 1 4259.659
2011 02 09 19 15 00 1 4259.686
2011 02 09 19 30 00 1 4259.715
2011 02 09 19 45 00 1 4259.747
2011 02 09 20 00 00 1 4259.781
2011 02 09 20 15 00 1 4259.816
2011 02 09 20 30 00 1 4259.853
2011 02 09 20 45 00 1 4259.891
2011 02 09 21 00 00 1 4259.931
2011 02 09 21 15 00 1 4259.969
2011 02 09 21 30 00 1 4260.004
2011 02 09 21 45 00 1 4260.038
2011 02 09 22 00 00 1 4260.071
2011 02 09 22 15 00 1 4260.101
2011 02 09 22 30 00 1 4260.128
2011 02 09 22 45 00 1 4260.152
2011 02 09 23 00 00 1 4260.168
2011 02 09 23 15 00 1 4260.181
2011 02 09 23 30 00 1 4260.188
2011 02 09 23 45 00 1 4260.192
2011 02 10 00 00 00 1 4260.193
2011 02 10 00 15 00 1 4260.188
2011 02 10 00 30 00 1 4260.175
2011 02 10 00 45 00 1 4260.161
2011 02 10 01 00 00 1 4260.142
2011 02 10 01 15 00 1 4260.121
2011 02 10 01 30 00 1 4260.096
2011 02 10 01 45 00 1 4260.069
2011 02 10 02 00 00 1 4260.037
2011 02 10 02 15 00 1 4260.009
2011 02 10 02 30 00 1 4259.980
2011 02 10 02 45 00 1 4259.949
2011 02 10 03 00 00 1 4259.920
2011 02 10 03 15 00 1 4259.893
2011 02 10 03 30 00 1 4259.868
2011 02 10 03 45 00 1 4259.847
2011 02 10 04 00 00 1 4259.831
2011 02 10 04 15 00 1 4259.817
2011 02 10 04 30 00 1 4259.811
2011 02 10 04 45 00 1 4259.807
2011 02 10 05 00 00 1 4259.809
2011 02 10 05 15 00 1 4259.815
2011 02 10 05 30 00 1 4259.824
2011 02 10 05 45 00 1 4259.842
2011 02 10 06 00 00 1 4259.864
2011 02 10 06 15 00 1 4259.893
2011 02 10 06 30 00 1 4259.928
2011 02 10 06 45 00 1 4259.968
2011 02 10 07 00 00 1 4260.011
2011 02 10 07 15 00 1 4260.059
2011 02 10 07 30 00 1 4260.111
2011 02 10 07 45 00 1 4260.166
2011 02 10 08 00 00 1 4260.219
2011 02 10 08 15 00 1 4260.276
2011 02 10 08 30 00 1 4260.332
2011 02 10 08 45 00 1 4260.389
2011 02 10 09 00 00 1 4260.440
2011 02 10 09 15 00 1 4260.491
2011 02 10 09 30 00 1 4260.538
2011 02 10 09 45 00 1 4260.584
2011 02 10 10 00 00 1 4260.623
2011 02 10 10 15 00 1 4260.658
2011 02 10 10 30 00 1 4260.689
2011 02 10 10 45 00 1 4260.713
2011 02 10 11 00 00 1 4260.727
2011 02 10 11 15 00 1 4260.741
2011 02 10 11 30 00 1 4260.749
2011 02 10 11 45 00 1 4260.745
2011 02 10 12 00 00 1 4260.737
2011 02 10 12 15 00 1 4260.723
2011 02 10 12 30 00 1 4260.705
2011 02 10 12 45 00 1 4260.676
2011 02 10 13 00 00 1 4260.644
2011 02 10 13 15 00 1 4260.606
2011 02 10 13 30 00 1 4260.557
2011 02 10 13 45 00 1 4260.505
2011 02 10 14 00 00 1 4260.452
2011 02 10 14 15 00 1 4260.391
2011 02 10 14 30 00 1 4260.334
2011 02 10 14 45 00 1 4260.270
2011 02 10 15 00 00 1 4260.207
2011 02 10 15 15 00 1 4260.141
2011 02 10 15 30 00 1 4260.076
2011 02 10 15 45 00 1 4260.015
2011 02 10 16 00 00 1 4259.950
2011 02 10 16 15 00 1 4259.893
2011 02 10 16 30 00 1 4259.839
2011 02 10 16 45 00 1 4259.791
2011 02 10 17 00 00 1 4259.746
2011 02 10 17 15 00 1 4259.700
2011 02 10 17 30 00 1 4259.662
2011 02 10 17 45 00 1 4259.630
2011 02 10 18 00 00 1 4259.605
2011 02 10 18 15 00 1 4259.581
2011 02 10 18 30 00 1 4259.567
2011 02 10 18 45 00 1 4259.559
2011 02 10 19 00 00 1 4259.557
2011 02 10 19 15 00 1 4259.559
2011 02 10 19 30 00 1 4259.567
2011 02 10 19 45 00 1 4259.578
2011 02 10 20 00 00 1 4259.597
2011 02 10 20 15 00 1 4259.620
2011 02 10 20 30 00 1 4259.642
2011 02 10 20 45 00 1 4259.669
2011 02 10 21 00 00 1 4259.701
2011 02 10 21 15 00 1 4259.734
2011 02 10 21 30 00 1 4259.770
2011 02 10 21 45 00 1 4259.806
2011 02 10 22 00 00 1 4259.842
2011 02 10 22 15 00 1 4259.878
2011 02 10 22 30 00 1 4259.914
2011 02 10 22 45 00 1 4259.948
2011 02 10 23 00 00 1 4259.983
2011 02 10 23 15 00 1 4260.013
2011 02 10 23 30 00 1 4260.039
2011 02 10 23 45 00 1 4260.065
2011 02 11 00 00 00 1 4260.086
2011 02 11 00 15 00 1 4260.106
2011 02 11 00 30 00 1 4260.119
2011 02 11 00 45 00 1 4260.128
2011 02 11 01 00 00 1 4260.134
2011 02 11 01 15 00 1 4260.135
2011 02 11 01 30 00 1 4260.134
2011 02 11 01 45 00 1 4260.127
2011 02 11 02 00 00 1 4260.117
2011 02 11 02 15 00 1 4260.106
2011 02 11 02 30 00 1 4260.091
2011 02 11 02 45 00 1 4260.073
2011 02 11 03 00 00 1 4260.055
2011 02 11 03 15 00 1 4260.033
2011 02 11 03 30 00 1 4260.011
2011 02 11 03 45 00 1 4259.991
2011 02 11 04 00 00 1 4259.970
2011 02 11 04 15 00 1 4259.959
2011 02 11 04 30 00 1 4259.940
2011 02 11 04 45 00 1 4259.932
2011 02 11 05 00 00 1 4259.925
2011 02 11 05 15 00 1 4259.922
2011 02 11 05 30 00 1 4259.924
2011 02 11 05 45 00 1 4259.928
2011 02 11 06 00 00 1 4259.935
2011 02 11 06 15 00 1 4259.950
2011 02 11 06 30 00 1 4259.967
2011 02 11 06 45 00 1 4259.989
2011 02 11 07 00 00 1 4260.013
2011 02 11 07 15 00 1 4260.043
2011 02 11 07 30 00 1 4260.078
2011 02 11 07 45 00 1 4260.117
2011 02 11 08 00 00 1 4260.159
2011 02 11 08 15 00 1 4260.203
2011 02 11 08 30 00 1 4260.244
2011 02 11 08 45 00 1 4260.294
2011 02 11 09 00 00 1 4260.343
2011 02 11 09 15 00 1 4260.391
2011 02 11 09 30 00 1 4260.438
2011 02 11 09 45 00 1 4260.485
2011 02 11 10 00 00 1 4260.531
2011 02 11 10 15 00 1 4260.574
2011 02 11 10 30 00 1 4260.612
2011 02 11 10 45 00 1 4260.649
2011 02 11 11 00 00 1 4260.680
2011 02 11 11 15 00 1 4260.710
2011 02 11 11 30 00 1 4260.730
2011 02 11 11 45 00 1 4260.749
2011 02 11 12 00 00 1 4260.758
2011 02 11 12 15 00 1 4260.765
2011 02 11 12 30 00 1 4260.763
2011 02 11 12 45 00 1 4260.759
2011 02 11 13 00 00 1 4260.746
2011 02 11 13 15 00 1 4260.724
2011 02 11 13 30 00 1 4260.695
2011 02 11 13 45 00 1 4260.662
2011 02 11 14 00 00 1 4260.624
2011 02 11 14 15 00 1 4260.577
2011 02 11 14 30 00 1 4260.527
2011 02 11 14 45 00 1 4260.475
2011 02 11 15 00 00 1 4260.416
2011 02 11 15 15 00 1 4260.360
2011 02 11 15 30 00 1 4260.295
2011 02 11 15 45 00 1 4260.230
2011 02 11 16 00 00 1 4260.163
2011 02 11 16 15 00 1 4260.099
2011 02 11 16 30 00 1 4260.034
2011 02 11 16 45 00 1 4259.967
2011 02 11 17 00 00 1 4259.905
2011 02 11 17 15 00 1 4259.844
2011 02 11 17 30 00 1 4259.787
2011 02 11 17 45 00 1 4259.731
2011 02 11 18 00 00 1 4259.681
2011 02 11 18 15 00 1 4259.633
2011 02 11 18 30 00 1 4259.589
2011 02 11 18 45 00 1 4259.552
2011 02 11 19 00 00 1 4259.523
2011 02 11 19 15 00 1 4259.497
2011 02 11 19 30 00 1 4259.480
2011 02 11 19 45 00 1 4259.465
2011 02 11 20 00 00 1 4259.458
2011 02 11 20 15 00 1 4259.455
2011 02 11 20 30 00 1 4259.459
2011 02 11 20 45 00 1 4259.470
2011 02 11 21 00 00 1 4259.487
2011 02 11 21 15 00 1 4259.507
2011 02 11 21 30 00 1 4259.532
2011 02 11 21 45 00 1 4259.560
2011 02 11 22 00 00 1 4259.591
2011 02 11 22 15 00 1 4259.626
2011 02 11 22 30 00 1 4259.662
2011 02 11 22 45 00 1 4259.700
2011 02 11 23 00 00 1 4259.742
2011 02 11 23 15 00 1 4259.781
2011 02 11 23 30 00 1 4259.821
2011 02 11 23 45 00 1 4259.861
2011 02 12 00 00 00 1 4259.902
2011 02 12 00 15 00 1 4259.937
2011 02 12 00 30 00 1 4259.972
2011 02 12 00 45 00 1 4260.004
2011 02 12 01 00 00 1 4260.030
2011 02 12 01 15 00 1 4260.057
2011 02 12 01 30 00 1 4260.076
2011 02 12 01 45 00 1 4260.095
2011 02 12 02 00 00 1 4260.109
2011 02 12 02 15 00 1 4260.119
2011 02 12 02 30 00 1 4260.125
2011 02 12 02 45 00 1 4260.128
2011 02 12 03 00 00 1 4260.125
2011 02 12 03 15 00 1 4260.122
2011 02 12 03 30 00 1 4260.116
2011 02 12 03 45 00 1 4260.108
2011 02 12 04 00 00 1 4260.100
2011 02 12 04 15 00 1 4260.089
2011 02 12 04 30 00 1 4260.077
2011 02 12 04 45 00 1 4260.068
2011 02 12 05 00 00 1 4260.057
2011 02 12 05 15 00 1 4260.047
2011 02 12 05 30 00 1 4260.036
2011 02 12 05 45 00 1 4260.033
2011 02 12 06 00 00 1 4260.030
2011 02 12 06 15 00 1 4260.026
2011 02 12 06 30 00 1 4260.029
2011 02 12 06 45 00 1 4260.035
2011 02 12 07 00 00 1 4260.043
2011 02 12 07 15 00 1 4260.056
2011 02 12 07 30 00 1 4260.070
2011 02 12 07 45 00 1 4260.089
2011 02 12 08 00 00 1 4260.114
2011 02 12 08 15 00 1 4260.141
2011 02 12 08 30 00 1 4260.170
2011 02 12 08 45 00 1 4260.204
2011 02 12 09 00 00 1 4260.240
2011 02 12 09 15 00 1 4260.281
2011 02 12 09 30 00 1 4260.323
2011 02 12 09 45 00 1 4260.363
2011 02 12 10 00 00 1 4260.409
2011 02 12 10 15 00 1 4260.450
2011 02 12 10 30 00 1 4260.496
2011 02 12 10 45 00 1 4260.539
2011 02 12 11 00 00 1 4260.577
2011 02 12 11 15 00 1 4260.616
2011 02 12 11 30 00 1 4260.653
2011 02 12 11 45 00 1 4260.684
2011 02 12 12 00 00 1 4260.710
2011 02 12 12 15 00 1 4260.736
2011 02 12 12 30 00 1 4260.756
2011 02 12 12 45 00 1 4260.767
2011 02 12 13 00 00 1 4260.776
2011 02 12 13 15 00 1 4260.780
2011 02 12 13 30 00 1 4260.774
2011 02 12 13 45 00 1 4260.760
2011 02 12 14 00 00 1 4260.744
2011 02 12 14 15 00 1 4260.722
2011 02 12 14 30 00 1 4260.692
2011 02 12 14 45 00 1 4260.658
2011 02 12 15 00 00 1 4260.616
2011 02 12 15 15 00 1 4260.567
2011 02 12 15 30 00 1 4260.512
2011 02 12 15 45 00 1 4260.456
2011 02 12 16 00 00 1 4260.392
2011 02 12 16 15 00 1 4260.329
2011 02 12 16 30 00 1 4260.259
2011 02 12 16 45 00 1 4260.187
2011 02 12 17 00 00 1 4260.114
2011 02 12 17 15 00 1 4260.043
2011 02 12 17 30 00 1 4259.969
2011 02 12 17 45 00 1 4259.896
2011 02 12 18 00 00 1 4259.827
2011 02 12 18 15 00 1 4259.761
2011 02 12 18 30 00 1 4259.696
2011 02 12 18 45 00 1 4259.637
2011 02 12 19 00 00 1 4259.580
2011 02 12 19 15 00 1 4259.528
2011 02 12 19 30 00 1 4259.483
2011 02 12 19 45 00 1 4259.441
2011 02 12 20 00 00 1 4259.403
2011 02 12 20 15 00 1 4259.373
2011 02 12 20 30 00 1 4259.351
2011 02 12 20 45 00 1 4259.332
2011 02 12 21 00 00 1 4259.322
2011 02 12 21 15 00 1 4259.321
2011 02 12 21 30 00 1 4259.327
2011 02 12 21 45 00 1 4259.335
2011 02 12 22 00 00 1 4259.353
2011 02 12 22 15 00 1 4259.376
2011 02 12 22 30 00 1 4259.403
2011 02 12 22 45 00 1 4259.435
2011 02 12 23 00 00 1 4259.470
2011 02 12 23 15 00 1 4259.508
2011 02 12 23 30 00 1 4259.553
2011 02 12 23 45 00 1 4259.600
2011 02 13 00 00 00 1 4259.649
2011 02 13 00 15 00 1 4259.698
2011 02 13 00 30 00 1 4259.747
2011 02 13 00 45 00 1 4259.793
2011 02 13 01 00 00 1 4259.841
2011 02 13 01 15 00 1 4259.883
2011 02 13 01 30 00 1 4259.927
2011 02 13 01 45 00 1 4259.965
2011 02 13 02 00 00 1 4260.003
2011 02 13 02 15 00 1 4260.036
2011 02 13 02 30 00 1 4260.068
2011 02 13 02 45 00 1 4260.096
2011 02 13 03 00 00 1 4260.120
2011 02 13 03 15 00 1 4260.137
2011 02 13 03 30 00 1 4260.152
2011 02 13 03 45 00 1 4260.162
2011 02 13 04 00 00 1 4260.168
2011 02 13 04 15 00 1 4260.169
2011 02 13 04 30 00 1 4260.166
2011 02 13 04 45 00 1 4260.161
2011 02 13 05 00 00 1 4260.156
2011 02 13 05 15 00 1 4260.149
2011 02 13 05 30 00 1 4260.138
2011 02 13 05 45 00 1 4260.130
2011 02 13 06 00 00 1 4260.120
2011 02 13 06 15 00 1 4260.113
2011 02 13 06 30 00 1 4260.104
2011 02 13 06 45 00 1 4260.100
2011 02 13 07 00 00 1 4260.093
2011 02 13 07 15 00 1 4260.089
2011 02 13 07 30 00 1 4260.087
2011 02 13 07 45 00 1 4260.086
2011 02 13 08 00 00 1 4260.093
2011 02 13 08 15 00 1 4260.100
2011 02 13 08 30 00 1 4260.113
2011 02 13 08 45 00 1 4260.129
2011 02 13 09 00 00 1 4260.150
2011 02 13 09 15 00 1 4260.172
2011 02 13 09 30 00 1 4260.200
2011 02 13 09 45 00 1 4260.230
2011 02 13 10 00 00 1 4260.265
2011 02 13 10 15 00 1 4260.303
2011 02 13 10 30 00 1 4260.343
2011 02 13 10 45 00 1 4260.383
2011 02 13 11 00 00 1 4260.422
2011 02 13 11 15 00 1 4260.467
2011 02 13 11 30 00 1 4260.512
2011 02 13 11 45 00 1 4260.552
2011 02 13 12 00 00 1 4260.596
2011 02 13 12 15 00 1 4260.635
2011 02 13 12 30 00 1 4260.673
2011 02 13 12 45 00 1 4260.710
2011 02 13 13 00 00 1 4260.738
2011 02 13 13 15 00 1 4260.762
2011 02 13 13 30 00 1 4260.783
2011 02 13 13 45 00 1 4260.797
2011 02 13 14 00 00 1 4260.804
2011 02 13 14 15 00 1 4260.809
2011 02 13 14 30 00 1 4260.802
2011 02 13 14 45 00 1 4260.791
2011 02 13 15 00 00 1 4260.770
2011 02 13 15 15 00 1 4260.744
2011 02 13 15 30 00 1 4260.711
2011 02 13 15 45 00 1 4260.670
2011 02 13 16 00 00 1 4260.625
2011 02 13 16 15 00 1 4260.572
2011 02 13 16 30 00 1 4260.516
2011 02 13 16 45 00 1 4260.453
2011 02 13 17 00 00 1 4260.384
2011 02 13 17 15 00 1 4260.311
2011 02 13 17 30 00 1 4260.234
2011 02 13 17 45 00 1 4260.156
2011 02 13 18 00 00 1 4260.074
2011 02 13 18 15 00 1 4259.998
2011 02 13 18 30 00 1 4259.916
2011 02 13 18 45 00 1 4259.838
2011 02 13 19 00 00 1 4259.760
2011 02 13 19 15 00 1 4259.683
2011 02 13 19 30 00 1 4259.608
2011 02 13 19 45 00 1 4259.537
2011 02 13 20 00 00 1 4259.473
2011 02 13 20 15 00 1 4259.414
2011 02 13 20 30 00 1 4259.362
2011 02 13 20 45 00 1 4259.316
2011 02 13 21 00 00 1 4259.276
2011 02 13 21 15 00 1 4259.247
2011 02 13 21 30 00 1 4259.223
2011 02 13 21 45 00 1 4259.205
2011 02 13 22 00 00 1 4259.197
2011 02 13 22 15 00 1 4259.199
2011 02 13 22 30 00 1 4259.208
2011 02 13 22 45 00 1 4259.224
2011 02 13 23 00 00 1 4259.249
2011 02 13 23 15 00 1 4259.280
2011 02 13 23 30 00 1 4259.313
2011 02 13 23 45 00 1 4259.356
2011 02 14 00 00 00 1 4259.403
2011 02 14 00 15 00 1 4259.456
2011 02 14 00 30 00 1 4259.507
2011 02 14 00 45 00 1 4259.566
2011 02 14 01 00 00 1 4259.627
2011 02 14 01 15 00 1 4259.686
2011 02 14 01 30 00 1 4259.745
2011 02 14 01 45 00 1 4259.806
2011 02 14 02 00 00 1 4259.863
2011 02 14 02 15 00 1 4259.920
2011 02 14 02 30 00 1 4259.974
2011 02 14 02 45 00 1 4260.026
2011 02 14 03 00 00 1 4260.073
2011 02 14 03 15 00 1 4260.115
2011 02 14 03 30 00 1 4260.151
2011 02 14 03 45 00 1 4260.186
2011 02 14 04 00 00 1 4260.212
2011 02 14 04 15 00 1 4260.233
2011 02 14 04 30 00 1 4260.249
2011 02 14 04 45 00 1 4260.259
2011 02 14 05 00 00 1 4260.267
2011 02 14 05 15 00 1 4260.270
2011 02 14 05 30 00 1 4260.270
2011 02 14 05 45 00 1 4260.264
2011 02 14 06 00 00 1 4260.255
2011 02 14 06 15 00 1 4260.244
2011 02 14 06 30 00 1 4260.227
2011 02 14 06 45 00 1 4260.213
2011 02 14 07 00 00 1 4260.194
2011 02 14 07 15 00 1 4260.177
2011 02 14 07 30 00 1 4260.163
2011 02 14 07 45 00 1 4260.148
2011 02 14 08 00 00 1 4260.135
2011 02 14 08 15 00 1 4260.125
2011 02 14 08 30 00 1 4260.122
2011 02 14 08 45 00 1 4260.116
2011 02 14 09 00 00 1 4260.115
2011 02 14 09 15 00 1 4260.121
2011 02 14 09 30 00 1 4260.130
2011 02 14 09 45 00 1 4260.145
2011 02 14 10 00 00 1 4260.161
2011 02 14 10 15 00 1 4260.183
2011 02 14 10 30 00 1 4260.211
2011 02 14 10 45 00 1 4260.243
2011 02 14 11 00 00 1 4260.278
2011 02 14 11 15 00 1 4260.317
2011 02 14 11 30 00 1 4260.359
2011 02 14 11 45 00 1 4260.403
2011 02 14 12 00 00 1 4260.449
2011 02 14 12 15 00 1 4260.496
2011 02 14 12 30 00 1 4260.547
2011 02 14 12 45 00 1 4260.600
2011 02 14 13 00 00 1 4260.648
2011 02 14 13 15 00 1 4260.696
2011 02 14 13 30 00 1 4260.741
2011 02 14 13 45 00 1 4260.778
2011 02 14 14 00 00 1 4260.817
2011 02 14 14 15 00 1 4260.847
2011 02 14 14 30 00 1 4260.874
2011 02 14 14 45 00 1 4260.888
2011 02 14 15 00 00 1 4260.900
2011 02 14 15 15 00 1 4260.899
2011 02 14 15 30 00 1 4260.897
2011 02 14 15 45 00 1 4260.881
2011 02 14 16 00 00 1 4260.861
2011 02 14 16 15 00 1 4260.830
2011 02 14 16 30 00 1 4260.790
2011 02 14 16 45 00 1 4260.748
2011 02 14 17 00 00 1 4260.693
2011 02 14 17 15 00 1 4260.633
2011 02 14 17 30 00 1 4260.563
2011 02 14 17 45 00 1 4260.490
2011 02 14 18 00 00 1 4260.412
2011 02 14 18 15 00 1 4260.330
2011 02 14 18 30 00 1 4260.242
2011 02 14 18 45 00 1 4260.150
2011 02 14 19 00 00 1 4260.059
2011 02 14 19 15 00 1 4259.963
2011 02 14 19 30 00 1 4259.867
2011 02 14 19 45 00 1 4259.773
2011 02 14 20 00 00 1 4259.681
2011 02 14 20 15 00 1 4259.591
2011 02 14 20 30 00 1 4259.507
2011 02 14 20 45 00 1 4259.429
2011 02 14 21 00 00 1 4259.354
2011 02 14 21 15 00 1 4259.289
2011 02 14 21 30 00 1 4259.231
2011 02 14 21 45 00 1 4259.182
2011 02 14 22 00 00 1 4259.144
2011 02 14 22 15 00 1 4259.114
2011 02 14 22 30 00 1 4259.094
2011 02 14 22 45 00 1 4259.080
2011 02 14 23 00 00 1 4259.079
2011 02 14 23 15 00 1 4259.083
2011 02 14 23 30 00 1 4259.099
2011 02 14 23 45 00 1 4259.123
2011 02 15 00 00 00 1 4259.156
2011 02 15 00 15 00 1 4259.199
2011 02 15 00 30 00 1 4259.250
2011 02 15 00 45 00 1 4259.306
2011 02 15 01 00 00 1 4259.365
2011 02 15 01 15 00 1 4259.430
2011 02 15 01 30 00 1 4259.497
2011 02 15 01 45 00 1 4259.573
2011 02 15 02 00 00 1 4259.643
2011 02 15 02 15 00 1 4259.716
2011 02 15 02 30 00 1 4259.789
2011 02 15 02 45 00 1 4259.859
2011 02 15 03 00 00 1 4259.928
2011 02 15 03 15 00 1 4259.994
2011 02 15 03 30 00 1 4260.055
2011 02 15 03 45 00 1 4260.112
2011 02 15 04 00 00 1 4260.163
2011 02 15 04 15 00 1 4260.211
2011 02 15 04 30 00 1 4260.249
2011 02 15 04 45 00 1 4260.284
2011 02 15 05 00 00 1 4260.310
2011 02 15 05 15 00 1 4260.331
2011 02 15 05 30 00 1 4260.347
2011 02 15 05 45 00 1 4260.354
2011 02 15 06 00 00 1 4260.354
2011 02 15 06 15 00 1 4260.344
2011 02 15 06 30 00 1 4260.336
2011 02 15 06 45 00 1 4260.322
2011 02 15 07 00 00 1 4260.299
2011 02 15 07 15 00 1 4260.277
2011 02 15 07 30 00 1 4260.252
2011 02 15 07 45 00 1 4260.222
2011 02 15 08 00 00 1 4260.193
2011 02 15 08 15 00 1 4260.169
2011 02 15 08 30 00 1 4260.142
2011 02 15 08 45 00 1 4260.118
2011 02 15 09 00 00 1 4260.094
2011 02 15 09 15 00 1 4260.075
2011 02 15 09 30 00 1 4260.062
2011 02 15 09 45 00 1 4260.054
2011 02 15 10 00 00 1 4260.051
2011 02 15 10 15 00 1 4260.046
2011 02 15 10 30 00 1 4260.054
2011 02 15 10 45 00 1 4260.066
2011 02 15 11 00 00 1 4260.085
2011 02 15 11 15 00 1 4260.110
2011 02 15 11 30 00 1 4260.141
2011 02 15 11 45 00 1 4260.179
2011 02 15 12 00 00 1 4260.221
2011 02 15 12 15 00 1 4260.267
2011 02 15 12 30 00 1 4260.317
2011 02 15 12 45 00 1 4260.372
2011 02 15 13 00 00 1 4260.430
2011 02 15 13 15 00 1 4260.493
2011 02 15 13 30 00 1 4260.551
2011 02 15 13 45 00 1 4260.610
2011 02 15 14 00 00 1 4260.669
2011 02 15 14 15 00 1 4260.727
2011 02 15 14 30 00 1 4260.777
2011 02 15 14 45 00 1 4260.824
2011 02 15 15 00 00 1 4260.865
2011 02 15 15 15 00 1 4260.902
2011 02 15 15 30 00 1 4260.929
2011 02 15 15 45 00 1 4260.950
2011 02 15 16 00 00 1 4260.963
2011 02 15 16 15 00 1 4260.965
2011 02 15 16 30 00 1 4260.959
2011 02 15 16 45 00 1 4260.943
2011 02 15 17 00 00 1 4260.916
2011 02 15 17 15 00 1 4260.882
2011 02 15 17 30 00 1 4260.835
2011 02 15 17 45 00 1 4260.779
2011 02 15 18 00 00 1 4260.715
2011 02 15 18 15 00 1 4260.642
2011 02 15 18 30 00 1 4260.560
2011 02 15 18 45 00 1 4260.473
2011 02 15 19 00 00 1 4260.378
2011 02 15 19 15 00 1 4260.278
2011 02 15 19 30 00 1 4260.173
2011 02 15 19 45 00 1 4260.065
2011 02 15 20 00 00 1 4259.956
2011 02 15 20 15 00 1 4259.847
2011 02 15 20 30 00 1 4259.737
2011 02 15 20 45 00 1 4259.631
2011 02 15 21 00 00 1 4259.533
2011 02 15 21 15 00 1 4259.433
2011 02 15 21 30 00 1 4259.345
2011 02 15 21 45 00 1 4259.262
2011 02 15 22 00 00 1 4259.189
2011 02 15 22 15 00 1 4259.118
2011 02 15 22 30 00 1 4259.060
2011 02 15 22 45 00 1 4259.014
2011 02 15 23 00 00 1 4258.978
2011 02 15 23 15 00 1 4258.954
2011 02 15 23 30 00 1 4258.941
2011 02 15 23 45 00 1 4258.935
2011 02 16 00 00 00 1 4258.940
2011 02 16 00 15 00 1 4258.958
2011 02 16 00 30 00 1 4258.987
2011 02 16 00 45 00 1 4259.024
2011 02 16 01 00 00 1 4259.073
2011 02 16 01 15 00 1 4259.131
2011 02 16 01 30 00 1 4259.196
2011 02 16 01 45 00 1 4259.270
2011 02 16 02 00 00 1 4259.346
2011 02 16 02 15 00 1 4259.428
2011 02 16 02 30 00 1 4259.512
2011 02 16 02 45 00 1 4259.598
2011 02 16 03 00 00 1 4259.683
2011 02 16 03 15 00 1 4259.768
2011 02 16 03 30 00 1 4259.853
2011 02 16 03 45 00 1 4259.934
2011 02 16 04 00 00 1 4260.009
2011 02 16 04 15 00 1 4260.082
2011 02 16 04 30 00 1 4260.148
2011 02 16 04 45 00 1 4260.210
2011 02 16 05 00 00 1 4260.263
2011 02 16 05 15 00 1 4260.311
2011 02 16 05 30 00 1 4260.349
2011 02 16 05 45 00 1 4260.381
2011 02 16 06 00 00 1 4260.400
2011 02 16 06 15 00 1 4260.411
2011 02 16 06 30 00 1 4260.414
2011 02 16 06 45 00 1 4260.410
2011 02 16 07 00 00 1 4260.398
2011 02 16 07 15 00 1 4260.379
2011 02 16 07 30 00 1 4260.352
2011 02 16 07 45 00 1 4260.323
2011 02 16 08 00 00 1 4260.289
2011 02 16 08 15 00 1 4260.250
2011 02 16 08 30 00 1 4260.211
2011 02 16 08 45 00 1 4260.171
2011 02 16 09 00 00 1 4260.130
2011 02 16 09 15 00 1 4260.093
2011 02 16 09 30 00 1 4260.053
2011 02 16 09 45 00 1 4260.018
2011 02 16 10 00 00 1 4259.987
2011 02 16 10 15 00 1 4259.959
2011 02 16 10 30 00 1 4259.937
2011 02 16 10 45 00 1 4259.923
2011 02 16 11 00 00 1 4259.916
2011 02 16 11 15 00 1 4259.913
2011 02 16 11 30 00 1 4259.921
2011 02 16 11 45 00 1 4259.938
2011 02 16 12 00 00 1 4259.958
2011 02 16 12 15 00 1 4259.990
2011 02 16 12 30 00 1 4260.029
2011 02 16 12 45 00 1 4260.077
2011 02 16 13 00 00 1 4260.128
2011 02 16 13 15 00 1 4260.184
2011 02 16 13 30 00 1 4260.248
2011 02 16 13 45 00 1 4260.315
2011 02 16 14 00 00 1 4260.387
2011 02 16 14 15 00 1 4260.460
2011 02 16 14 30 00 1 4260.533
2011 02 16 14 45 00 1 4260.604
2011 02 16 15 00 00 1 4260.673
2011 02 16 15 15 00 1 4260.739
2011 02 16 15 30 00 1 4260.796
2011 02 16 15 45 00 1 4260.849
2011 02 16 16 00 00 1 4260.894
2011 02 16 16 15 00 1 4260.936
2011 02 16 16 30 00 1 4260.966
2011 02 16 16 45 00 1 4260.990
2011 02 16 17 00 00 1 4261.001
2011 02 16 17 15 00 1 4260.999
2011 02 16 17 30 00 1 4260.989
2011 02 16 17 45 00 1 4260.967
2011 02 16 18 00 00 1 4260.934
2011 02 16 18 15 00 1 4260.889
2011 02 16 18 30 00 1 4260.830
2011 02 16 18 45 00 1 4260.764
2011 02 16 19 00 00 1 4260.683
2011 02 16 19 15 00 1 4260.600
2011 02 16 19 30 00 1 4260.508
2011 02 16 19 45 00 1 4260.407
2011 02 16 20 00 00 1 4260.297
2011 02 16 20 15 00 1 4260.186
2011 02 16 20 30 00 1 4260.067
2011 02 16 20 45 00 1 4259.947
2011 02 16 21 00 00 1 4259.830
2011 02 16 21 15 00 1 4259.713
2011 02 16 21 30 00 1 4259.598
2011 02 16 21 45 00 1 4259.491
2011 02 16 22 00 00 1 4259.384
2011 02 16 22 15 00 1 4259.288
2011 02 16 22 30 00 1 4259.201
2011 02 16 22 45 00 1 4259.118
2011 02 16 23 00 00 1 4259.046
2011 02 16 23 15 00 1 4258.981
2011 02 16 23 30 00 1 4258.933
2011 02 16 23 45 00 1 4258.896
2011 02 17 00 00 00 1 4258.869
2011 02 17 00 15 00 1 4258.859
2011 02 17 00 30 00 1 4258.855
2011 02 17 00 45 00 1 4258.866
2011 02 17 01 00 00 1 4258.891
2011 02 17 01 15 00 1 4258.929
2011 02 17 01 30 00 1 4258.976
2011 02 17 01 45 00 1 4259.034
2011 02 17 02 00 00 1 4259.105
2011 02 17 02 15 00 1 4259.181
2011 02 17 02 30 00 1 4259.266
2011 02 17 02 45 00 1 4259.358
2011 02 17 03 00 00 1 4259.454
2011 02 17 03 15 00 1 4259.547
2011 02 17 03 30 00 1 4259.646
2011 02 17 03 45 00 1 4259.748
2011 02 17 04 00 00 1 4259.843
2011 02 17 04 15 00 1 4259.939
2011 02 17 04 30 00 1 4260.028
2011 02 17 04 45 00 1 4260.114
2011 02 17 05 00 00 1 4260.194
2011 02 17 05 15 00 1 4260.270
2011 02 17 05 30 00 1 4260.334
2011 02 17 05 45 00 1 4260.386
2011 02 17 06 00 00 1 4260.439
2011 02 17 06 15 00 1 4260.470
2011 02 17 06 30 00 1 4260.495
2011 02 17 06 45 00 1 4260.512
2011 02 17 07 00 00 1 4260.520
2011 02 17 07 15 00 1 4260.513
2011 02 17 07 30 00 1 4260.503
2011 02 17 07 45 00 1 4260.481
2011 02 17 08 00 00 1 4260.448
2011 02 17 08 15 00 1 4260.410
2011 02 17 08 30 00 1 4260.366
2011 02 17 08 45 00 1 4260.314
2011 02 17 09 00 00 1 4260.260
2011 02 17 09 15 00 1 4260.205
2011 02 17 09 30 00 1 4260.146
2011 02 17 09 45 00 1 4260.086
2011 02 17 10 00 00 1 4260.027
2011 02 17 10 15 00 1 4259.971
2011 02 17 10 30 00 1 4259.922
2011 02 17 10 45 00 1 4259.879
2011 02 17 11 00 00 1 4259.836
2011 02 17 11 15 00 1 4259.806
2011 02 17 11 30 00 1 4259.785
2011 02 17 11 45 00 1 4259.767
2011 02 17 12 00 00 1 4259.759
2011 02 17 12 15 00 1 4259.765
2011 02 17 12 30 00 1 4259.778
2011 02 17 12 45 00 1 4259.800
2011 02 17 13 00 00 1 4259.832
2011 02 17 13 15 00 1 4259.875
2011 02 17 13 30 00 1 4259.921
2011 02 17 13 45 00 1 4259.980
2011 02 17 14 00 00 1 4260.048
2011 02 17 14 15 00 1 4260.118
2011 02 17 14 30 00 1 4260.200
2011 02 17 14 45 00 1 4260.279
2011 02 17 15 00 00 1 4260.361
2011 02 17 15 15 00 1 4260.444
2011 02 17 15 30 00 1 4260.527
2011 02 17 15 45 00 1 4260.608
2011 02 17 16 00 00 1 4260.688
2011 02 17 16 15 00 1 4260.760
2011 02 17 16 30 00 1 4260.827
2011 02 17 16 45 00 1 4260.889
2011 02 17 17 00 00 1 4260.938
2011 02 17 17 15 00 1 4260.978
2011 02 17 17 30 00 1 4261.004
2011 02 17 17 45 00 1 4261.026
2011 02 17 18 00 00 1 4261.027
2011 02 17 18 15 00 1 4261.024
2011 02 17 18 30 00 1 4261.005
2011 02 17 18 45 00 1 4260.974
2011 02 17 19 00 00 1 4260.930
2011 02 17 19 15 00 1 4260.873
2011 02 17 19 30 00 1 4260.806
2011 02 17 19 45 00 1 4260.729
2011 02 17 20 00 00 1 4260.644
2011 02 17 20 15 00 1 4260.547
2011 02 17 20 30 00 1 4260.446
2011 02 17 20 45 00 1 4260.334
2011 02 17 21 00 00 1 4260.215
2011 02 17 21 15 00 1 4260.098
2011 02 17 21 30 00 1 4259.975
2011 02 17 21 45 00 1 4259.855
2011 02 17 22 00 00 1 4259.734
2011 02 17 22 15 00 1 4259.614
2011 02 17 22 30 00 1 4259.501
2011 02 17 22 45 00 1 4259.388
2011 02 17 23 00 00 1 4259.284
2011 02 17 23 15 00 1 4259.191
2011 02 17 23 30 00 1 4259.106
2011 02 17 23 45 00 1 4259.031
2011 02 18 00 00 00 1 4258.971
2011 02 18 00 15 00 1 4258.922
2011 02 18 00 30 00 1 4258.883
2011 02 18 00 45 00 1 4258.860
2011 02 18 01 00 00 1 4258.853
2011 02 18 01 15 00 1 4258.860
2011 02 18 01 30 00 1 4258.878
2011 02 18 01 45 00 1 4258.910
2011 02 18 02 00 00 1 4258.957
2011 02 18 02 15 00 1 4259.015
2011 02 18 02 30 00 1 4259.083
2011 02 18 02 45 00 1 4259.164
2011 02 18 03 00 00 1 4259.250
2011 02 18 03 15 00 1 4259.345
2011 02 18 03 30 00 1 4259.448
2011 02 18 03 45 00 1 4259.554
2011 02 18 04 00 00 1 4259.664
2011 02 18 04 15 00 1 4259.775
2011 02 18 04 30 00 1 4259.882
2011 02 18 04 45 00 1 4259.988
2011 02 18 05 00 00 1 4260.089
2011 02 18 05 15 00 1 4260.188
2011 02 18 05 30 00 1 4260.279
2011 02 18 05 45 00 1 4260.361
2011 02 18 06 00 00 1 4260.435
2011 02 18 06 15 00 1 4260.500
2011 02 18 06 30 00 1 4260.553
2011 02 18 06 45 00 1 4260.594
2011 02 18 07 00 00 1 4260.626
2011 02 18 07 15 00 1 4260.645
2011 02 18 07 30 00 1 4260.654
2011 02 18 07 45 00 1 4260.653
2011 02 18 08 00 00 1 4260.637
2011 02 18 08 15 00 1 4260.611
2011 02 18 08 30 00 1 4260.575
2011 02 18 08 45 00 1 4260.528
2011 02 18 09 00 00 1 4260.476
2011 02 18 09 15 00 1 4260.414
2011 02 18 09 30 00 1 4260.346
2011 02 18 09 45 00 1 4260.274
2011 02 18 10 00 00 1 4260.200
2011 02 18 10 15 00 1 4260.126
2011 02 18 10 30 00 1 4260.050
2011 02 18 10 45 00 1 4259.975
2011 02 18 11 00 00 1 4259.907
2011 02 18 11 15 00 1 4259.842
2011 02 18 11 30 00 1 4259.783
2011 02 18 11 45 00 1 4259.729
2011 02 18 12 00 00 1 4259.683
2011 02 18 12 15 00 1 4259.647
2011 02 18 12 30 00 1 4259.623
2011 02 18 12 45 00 1 4259.609
2011 02 18 13 00 00 1 4259.608
2011 02 18 13 15 00 1 4259.615
2011 02 18 13 30 00 1 4259.634
2011 02 18 13 45 00 1 4259.668
2011 02 18 14 00 00 1 4259.711
2011 02 18 14 15 00 1 4259.762
2011 02 18 14 30 00 1 4259.823
2011 02 18 14 45 00 1 4259.896
2011 02 18 15 00 00 1 4259.971
2011 02 18 15 15 00 1 4260.056
2011 02 18 15 30 00 1 4260.145
2011 02 18 15 45 00 1 4260.235
2011 02 18 16 00 00 1 4260.326
2011 02 18 16 15 00 1 4260.419
2011 02 18 16 30 00 1 4260.511
2011 02 18 16 45 00 1 4260.598
2011 02 18 17 00 00 1 4260.679
2011 02 18 17 15 00 1 4260.754
2011 02 18 17 30 00 1 4260.825
2011 02 18 17 45 00 1 4260.886
2011 02 18 18 00 00 1 4260.937
2011 02 18 18 15 00 1 4260.977
2011 02 18 18 30 00 1 4261.006
2011 02 18 18 45 00 1 4261.018
2011 02 18 19 00 00 1 4261.020
2011 02 18 19 15 00 1 4261.005
2011 02 18 19 30 00 1 4260.979
2011 02 18 19 45 00 1 4260.941
2011 02 18 20 00 00 1 4260.888
2011 02 18 20 15 00 1 4260.824
2011 02 18 20 30 00 1 4260.748
2011 02 18 20 45 00 1 4260.661
2011 02 18 21 00 00 1 4260.567
2011 02 18 21 15 00 1 4260.463
2011 02 18 21 30 00 1 4260.352
2011 02 18 21 45 00 1 4260.234
2011 02 18 22 00 00 1 4260.113
2011 02 18 22 15 00 1 4259.992
2011 02 18 22 30 00 1 4259.869
2011 02 18 22 45 00 1 4259.749
2011 02 18 23 00 00 1 4259.630
2011 02 18 23 15 00 1 4259.513
2011 02 18 23 30 00 1 4259.408
2011 02 18 23 45 00 1 4259.307
2011 02 19 00 00 00 1 4259.212
2011 02 19 00 15 00 1 4259.131
2011 02 19 00 30 00 1 4259.060
2011 02 19 00 45 00 1 4259.003
2011 02 19 01 00 00 1 4258.961
2011 02 19 01 15 00 1 4258.930
2011 02 19 01 30 00 1 4258.916
2011 02 19 01 45 00 1 4258.914
2011 02 19 02 00 00 1 4258.928
2011 02 19 02 15 00 1 4258.956
2011 02 19 02 30 00 1 4258.997
2011 02 19 02 45 00 1 4259.051
2011 02 19 03 00 00 1 4259.118
2011 02 19 03 15 00 1 4259.198
2011 02 19 03 30 00 1 4259.286
2011 02 19 03 45 00 1 4259.382
2011 02 19 04 00 00 1 4259.485
2011 02 19 04 15 00 1 4259.595
2011 02 19 04 30 00 1 4259.706
2011 02 19 04 45 00 1 4259.822
2011 02 19 05 00 00 1 4259.939
2011 02 19 05 15 00 1 4260.054
2011 02 19 05 30 00 1 4260.164
2011 02 19 05 45 00 1 4260.272
2011 02 19 06 00 00 1 4260.373
2011 02 19 06 15 00 1 4260.463
2011 02 19 06 30 00 1 4260.544
2011 02 19 06 45 00 1 4260.615
2011 02 19 07 00 00 1 4260.677
2011 02 19 07 15 00 1 4260.724
2011 02 19 07 30 00 1 4260.760
2011 02 19 07 45 00 1 4260.781
2011 02 19 08 00 00 1 4260.790
2011 02 19 08 15 00 1 4260.784
2011 02 19 08 30 00 1 4260.771
2011 02 19 08 45 00 1 4260.743
2011 02 19 09 00 00 1 4260.707
2011 02 19 09 15 00 1 4260.656
2011 02 19 09 30 00 1 4260.595
2011 02 19 09 45 00 1 4260.529
2011 02 19 10 00 00 1 4260.453
2011 02 19 10 15 00 1 4260.371
2011 02 19 10 30 00 1 4260.284
2011 02 19 10 45 00 1 4260.193
2011 02 19 11 00 00 1 4260.103
2011 02 19 11 15 00 1 4260.013
2011 02 19 11 30 00 1 4259.921
2011 02 19 11 45 00 1 4259.838
2011 02 19 12 00 00 1 4259.754
2011 02 19 12 15 00 1 4259.680
2011 02 19 12 30 00 1 4259.614
2011 02 19 12 45 00 1 4259.560
2011 02 19 13 00 00 1 4259.509
2011 02 19 13 15 00 1 4259.476
2011 02 19 13 30 00 1 4259.450
2011 02 19 13 45 00 1 4259.437
2011 02 19 14 00 00 1 4259.437
2011 02 19 14 15 00 1 4259.453
2011 02 19 14 30 00 1 4259.477
2011 02 19 14 45 00 1 4259.517
2011 02 19 15 00 00 1 4259.565
2011 02 19 15 15 00 1 4259.625
2011 02 19 15 30 00 1 4259.695
2011 02 19 15 45 00 1 4259.775
2011 02 19 16 00 00 1 4259.864
2011 02 19 16 15 00 1 4259.956
2011 02 19 16 30 00 1 4260.054
2011 02 19 16 45 00 1 4260.150
2011 02 19 17 00 00 1 4260.246
2011 02 19 17 15 00 1 4260.342
2011 02 19 17 30 00 1 4260.434
2011 02 19 17 45 00 1 4260.525
2011 02 19 18 00 00 1 4260.606
2011 02 19 18 15 00 1 4260.684
2011 02 19 18 30 00 1 4260.752
2011 02 19 18 45 00 1 4260.809
2011 02 19 19 00 00 1 4260.855
2011 02 19 19 15 00 1 4260.888
2011 02 19 19 30 00 1 4260.907
2011 02 19 19 45 00 1 4260.916
2011 02 19 20 00 00 1 4260.914
2011 02 19 20 15 00 1 4260.895
2011 02 19 20 30 00 1 4260.866
2011 02 19 20 45 00 1 4260.820
2011 02 19 21 00 00 1 4260.765
2011 02 19 21 15 00 1 4260.698
2011 02 19 21 30 00 1 4260.623
2011 02 19 21 45 00 1 4260.531
2011 02 19 22 00 00 1 4260.441
2011 02 19 22 15 00 1 4260.339
2011 02 19 22 30 00 1 4260.232
2011 02 19 22 45 00 1 4260.126
2011 02 19 23 00 00 1 4260.010
2011 02 19 23 15 00 1 4259.897
2011 02 19 23 30 00 1 4259.786
2011 02 19 23 45 00 1 4259.679
2011 02 20 00 00 00 1 4259.574
2011 02 20 00 15 00 1 4259.469
2011 02 20 00 30 00 1 4259.380
2011 02 20 00 45 00 1 4259.294
2011 02 20 01 00 00 1 4259.219
2011 02 20 01 15 00 1 4259.156
2011 02 20 01 30 00 1 4259.107
2011 02 20 01 45 00 1 4259.069
2011 02 20 02 00 00 1 4259.048
2011 02 20 02 15 00 1 4259.039
2011 02 20 02 30 00 1 4259.048
2011 02 20 02 45 00 1 4259.066
2011 02 20 03 00 00 1 4259.096
2011 02 20 03 15 00 1 4259.146
2011 02 20 03 30 00 1 4259.208
2011 02 20 03 45 00 1 4259.278
2011 02 20 04 00 00 1 4259.361
2011 02 20 04 15 00 1 4259.455
2011 02 20 04 30 00 1 4259.553
2011 02 20 04 45 00 1 4259.661
2011 02 20 05 00 00 1 4259.775
2011 02 20 05 15 00 1 4259.891
2011 02 20 05 30 00 1 4260.003
2011 02 20 05 45 00 1 4260.118
2011 02 20 06 00 00 1 4260.229
2011 02 20 06 15 00 1 4260.336
2011 02 20 06 30 00 1 4260.438
2011 02 20 06 45 00 1 4260.534
2011 02 20 07 00 00 1 4260.621
2011 02 20 07 15 00 1 4260.697
2011 02 20 07 30 00 1 4260.763
2011 02 20 07 45 00 1 4260.818
2011 02 20 08 00 00 1 4260.858
2011 02 20 08 15 00 1 4260.886
2011 02 20 08 30 00 1 4260.900
2011 02 20 08 45 00 1 4260.901
2011 02 20 09 00 00 1 4260.891
2011 02 20 09 15 00 1 4260.862
2011 02 20 09 30 00 1 4260.823
2011 02 20 09 45 00 1 4260.774
2011 02 20 10 00 00 1 4260.713
2011 02 20 10 15 00 1 4260.642
2011 02 20 10 30 00 1 4260.562
2011 02 20 10 45 00 1 4260.470
2011 02 20 11 00 00 1 4260.381
2011 02 20 11 15 00 1 4260.281
2011 02 20 11 30 00 1 4260.181
2011 02 20 11 45 00 1 4260.078
2011 02 20 12 00 00 1 4259.976
2011 02 20 12 15 00 1 4259.873
2011 02 20 12 30 00 1 4259.779
2011 02 20 12 45 00 1 4259.688
2011 02 20 13 00 00 1 4259.603
2011 02 20 13 15 00 1 4259.525
2011 02 20 13 30 00 1 4259.459
2011 02 20 13 45 00 1 4259.402
2011 02 20 14 00 00 1 4259.357
2011 02 20 14 15 00 1 4259.325
2011 02 20 14 30 00 1 4259.303
2011 02 20 14 45 00 1 4259.299
2011 02 20 15 00 00 1 4259.305
2011 02 20 15 15 00 1 4259.323
2011 02 20 15 30 00 1 4259.353
2011 02 20 15 45 00 1 4259.398
2011 02 20 16 00 00 1 4259.453
2011 02 20 16 15 00 1 4259.518
2011 02 20 16 30 00 1 4259.592
2011 02 20 16 45 00 1 4259.676
2011 02 20 17 00 00 1 4259.763
2011 02 20 17 15 00 1 4259.852
2011 02 20 17 30 00 1 4259.947
2011 02 20 17 45 00 1 4260.044
2011 02 20 18 00 00 1 4260.142
2011 02 20 18 15 00 1 4260.233
2011 02 20 18 30 00 1 4260.325
2011 02 20 18 45 00 1 4260.410
2011 02 20 19 00 00 1 4260.490
2011 02 20 19 15 00 1 4260.562
2011 02 20 19 30 00 1 4260.623
2011 02 20 19 45 00 1 4260.673
2011 02 20 20 00 00 1 4260.717
2011 02 20 20 15 00 1 4260.744
2011 02 20 20 30 00 1 4260.758
2011 02 20 20 45 00 1 4260.762
2011 02 20 21 00 00 1 4260.754
2011 02 20 21 15 00 1 4260.733
2011 02 20 21 30 00 1 4260.700
2011 02 20 21 45 00 1 4260.659
2011 02 20 22 00 00 1 4260.607
2011 02 20 22 15 00 1 4260.545
2011 02 20 22 30 00 1 4260.475
2011 02 20 22 45 00 1 4260.396
2011 02 20 23 00 00 1 4260.309
2011 02 20 23 15 00 1 4260.219
2011 02 20 23 30 00 1 4260.123
2011 02 20 23 45 00 1 4260.025
2011 02 21 00 00 00 1 4259.931
2011 02 21 00 15 00 1 4259.833
2011 02 21 00 30 00 1 4259.737
2011 02 21 00 45 00 1 4259.645
2011 02 21 01 00 00 1 4259.557
2011 02 21 01 15 00 1 4259.476
2011 02 21 01 30 00 1 4259.402
2011 02 21 01 45 00 1 4259.340
2011 02 21 02 00 00 1 4259.287
2011 02 21 02 15 00 1 4259.248
2011 02 21 02 30 00 1 4259.222
2011 02 21 02 45 00 1 4259.207
2011 02 21 03 00 00 1 4259.203
2011 02 21 03 15 00 1 4259.216
2011 02 21 03 30 00 1 4259.244
2011 02 21 03 45 00 1 4259.280
2011 02 21 04 00 00 1 4259.332
2011 02 21 04 15 00 1 4259.394
2011 02 21 04 30 00 1 4259.467
2011 02 21 04 45 00 1 4259.550
2011 02 21 05 00 00 1 4259.643
2011 02 21 05 15 00 1 4259.741
2011 02 21 05 30 00 1 4259.845
2011 02 21 05 45 00 1 4259.955
2011 02 21 06 00 00 1 4260.066
2011 02 21 06 15 00 1 4260.175
2011 02 21 06 30 00 1 4260.286
2011 02 21 06 45 00 1 4260.393
2011 02 21 07 00 00 1 4260.496
2011 02 21 07 15 00 1 4260.591
2011 02 21 07 30 00 1 4260.682
2011 02 21 07 45 00 1 4260.760
2011 02 21 08 00 00 1 4260.831
2011 02 21 08 15 00 1 4260.889
2011 02 21 08 30 00 1 4260.936
2011 02 21 08 45 00 1 4260.973
2011 02 21 09 00 00 1 4260.993
2011 02 21 09 15 00 1 4261.001
2011 02 21 09 30 00 1 4260.995
2011 02 21 09 45 00 1 4260.978
2011 02 21 10 00 00 1 4260.945
2011 02 21 10 15 00 1 4260.898
2011 02 21 10 30 00 1 4260.841
2011 02 21 10 45 00 1 4260.771
2011 02 21 11 00 00 1 4260.695
2011 02 21 11 15 00 1 4260.609
2011 02 21 11 30 00 1 4260.515
2011 02 21 11 45 00 1 4260.417
2011 02 21 12 00 00 1 4260.315
2011 02 21 12 15 00 1 4260.209
2011 02 21 12 30 00 1 4260.101
2011 02 21 12 45 00 1 4259.993
2011 02 21 13 00 00 1 4259.888
2011 02 21 13 15 00 1 4259.783
2011 02 21 13 30 00 1 4259.683
2011 02 21 13 45 00 1 4259.591
2011 02 21 14 00 00 1 4259.507
2011 02 21 14 15 00 1 4259.430
2011 02 21 14 30 00 1 4259.363
2011 02 21 14 45 00 1 4259.310
2011 02 21 15 00 00 1 4259.268
2011 02 21 15 15 00 1 4259.241
2011 02 21 15 30 00 1 4259.225
2011 02 21 15 45 00 1 4259.224
2011 02 21 16 00 00 1 4259.231
2011 02 21 16 15 00 1 4259.252
2011 02 21 16 30 00 1 4259.285
2011 02 21 16 45 00 1 4259.329
2011 02 21 17 00 00 1 4259.384
2011 02 21 17 15 00 1 4259.446
2011 02 21 17 30 00 1 4259.518
2011 02 21 17 45 00 1 4259.594
2011 02 21 18 00 00 1 4259.677
2011 02 21 18 15 00 1 4259.764
2011 02 21 18 30 00 1 4259.854
2011 02 21 18 45 00 1 4259.945
2011 02 21 19 00 00 1 4260.034
2011 02 21 19 15 00 1 4260.121
2011 02 21 19 30 00 1 4260.205
2011 02 21 19 45 00 1 4260.281
2011 02 21 20 00 00 1 4260.352
2011 02 21 20 15 00 1 4260.416
2011 02 21 20 30 00 1 4260.471
2011 02 21 20 45 00 1 4260.518
2011 02 21 21 00 00 1 4260.555
2011 02 21 21 15 00 1 4260.581
2011 02 21 21 30 00 1 4260.599
2011 02 21 21 45 00 1 4260.604
2011 02 21 22 00 00 1 4260.598
2011 02 21 22 15 00 1 4260.583
2011 02 21 22 30 00 1 4260.558
2011 02 21 22 45 00 1 4260.521
2011 02 21 23 00 00 1 4260.476
2011 02 21 23 15 00 1 4260.423
2011 02 21 23 30 00 1 4260.359
2011 02 21 23 45 00 1 4260.289
2011 02 22 00 00 00 1 4260.213
2011 02 22 00 15 00 1 4260.135
2011 02 22 00 30 00 1 4260.056
2011 02 22 00 45 00 1 4259.973
2011 02 22 01 00 00 1 4259.892
2011 02 22 01 15 00 1 4259.814
2011 02 22 01 30 00 1 4259.737
2011 02 22 01 45 00 1 4259.667
2011 02 22 02 00 00 1 4259.600
2011 02 22 02 15 00 1 4259.543
2011 02 22 02 30 00 1 4259.493
2011 02 22 02 45 00 1 4259.452
2011 02 22 03 00 00 1 4259.423
2011 02 22 03 15 00 1 4259.405
2011 02 22 03 30 00 1 4259.394
2011 02 22 03 45 00 1 4259.398
2011 02 22 04 00 00 1 4259.413
2011 02 22 04 15 00 1 4259.442
2011 02 22 04 30 00 1 4259.479
2011 02 22 04 45 00 1 4259.528
2011 02 22 05 00 00 1 4259.587
2011 02 22 05 15 00 1 4259.656
2011 02 22 05 30 00 1 4259.734
2011 02 22 05 45 00 1 4259.816
2011 02 22 06 00 00 1 4259.905
2011 02 22 06 15 00 1 4260.001
2011 02 22 06 30 00 1 4260.099
2011 02 22 06 45 00 1 4260.199
2011 02 22 07 00 00 1 4260.300
2011 02 22 07 15 00 1 4260.398
2011 02 22 07 30 00 1 4260.492
2011 02 22 07 45 00 1 4260.585
2011 02 22 08 00 00 1 4260.670
2011 02 22 08 15 00 1 4260.750
2011 02 22 08 30 00 1 4260.821
2011 02 22 08 45 00 1 4260.880
2011 02 22 09 00 00 1 4260.930
2011 02 22 09 15 00 1 4260.970
2011 02 22 09 30 00 1 4261.000
2011 02 22 09 45 00 1 4261.017
2011 02 22 10 00 00 1 4261.022
2011 02 22 10 15 00 1 4261.016
2011 02 22 10 30 00 1 4260.994
2011 02 22 10 45 00 1 4260.961
2011 02 22 11 00 00 1 4260.918
2011 02 22 11 15 00 1 4260.862
2011 02 22 11 30 00 1 4260.797
2011 02 22 11 45 00 1 4260.722
2011 02 22 12 00 00 1 4260.637
2011 02 22 12 15 00 1 4260.546
2011 02 22 12 30 00 1 4260.450
2011 02 22 12 45 00 1 4260.348
2011 02 22 13 00 00 1 4260.247
2011 02 22 13 15 00 1 4260.140
2011 02 22 13 30 00 1 4260.035
2011 02 22 13 45 00 1 4259.928
2011 02 22 14 00 00 1 4259.825
2011 02 22 14 15 00 1 4259.725
2011 02 22 14 30 00 1 4259.630
2011 02 22 14 45 00 1 4259.543
2011 02 22 15 00 00 1 4259.460
2011 02 22 15 15 00 1 4259.390
2011 02 22 15 30 00 1 4259.330
2011 02 22 15 45 00 1 4259.282
2011 02 22 16 00 00 1 4259.245
2011 02 22 16 15 00 1 4259.218
2011 02 22 16 30 00 1 4259.206
2011 02 22 16 45 00 1 4259.204
2011 02 22 17 00 00 1 4259.212
2011 02 22 17 15 00 1 4259.234
2011 02 22 17 30 00 1 4259.263
2011 02 22 17 45 00 1 4259.304
2011 02 22 18 00 00 1 4259.354
2011 02 22 18 15 00 1 4259.412
2011 02 22 18 30 00 1 4259.478
2011 02 22 18 45 00 1 4259.548
2011 02 22 19 00 00 1 4259.624
2011 02 22 19 15 00 1 4259.705
2011 02 22 19 30 00 1 4259.785
2011 02 22 19 45 00 1 4259.865
2011 02 22 20 00 00 1 4259.947
2011 02 22 20 15 00 1 4260.022
2011 02 22 20 30 00 1 4260.095
2011 02 22 20 45 00 1 4260.167
2011 02 22 21 00 00 1 4260.234
2011 02 22 21 15 00 1 4260.292
2011 02 22 21 30 00 1 4260.345
2011 02 22 21 45 00 1 4260.392
2011 02 22 22 00 00 1 4260.425
2011 02 22 22 15 00 1 4260.451
2011 02 22 22 30 00 1 4260.468
2011 02 22 22 45 00 1 4260.476
2011 02 22 23 00 00 1 4260.475
2011 02 22 23 15 00 1 4260.465
2011 02 22 23 30 00 1 4260.444
2011 02 22 23 45 00 1 4260.414
2011 02 23 00 00 00 1 4260.378
2011 02 23 00 15 00 1 4260.335
2011 02 23 00 30 00 1 4260.286
2011 02 23 00 45 00 1 4260.234
2011 02 23 01 00 00 1 4260.177
2011 02 23 01 15 00 1 4260.119
2011 02 23 01 30 00 1 4260.063
2011 02 23 01 45 00 1 4260.004
2011 02 23 02 00 00 1 4259.944
2011 02 23 02 15 00 1 4259.888
2011 02 23 02 30 00 1 4259.831
2011 02 23 02 45 00 1 4259.779
2011 02 23 03 00 00 1 4259.733
2011 02 23 03 15 00 1 4259.692
2011 02 23 03 30 00 1 4259.659
2011 02 23 03 45 00 1 4259.635
2011 02 23 04 00 00 1 4259.621
2011 02 23 04 15 00 1 4259.616
2011 02 23 04 30 00 1 4259.620
2011 02 23 04 45 00 1 4259.634
2011 02 23 05 00 00 1 4259.658
2011 02 23 05 15 00 1 4259.692
2011 02 23 05 30 00 1 4259.734
2011 02 23 05 45 00 1 4259.784
2011 02 23 06 00 00 1 4259.843
2011 02 23 06 15 00 1 4259.909
2011 02 23 06 30 00 1 4259.981
2011 02 23 06 45 00 1 4260.061
2011 02 23 07 00 00 1 4260.143
2011 02 23 07 15 00 1 4260.230
2011 02 23 07 30 00 1 4260.315
2011 02 23 07 45 00 1 4260.405
2011 02 23 08 00 00 1 4260.492
2011 02 23 08 15 00 1 4260.580
2011 02 23 08 30 00 1 4260.659
2011 02 23 08 45 00 1 4260.735
2011 02 23 09 00 00 1 4260.806
2011 02 23 09 15 00 1 4260.866
2011 02 23 09 30 00 1 4260.919
2011 02 23 09 45 00 1 4260.966
2011 02 23 10 00 00 1 4261.000
2011 02 23 10 15 00 1 4261.028
2011 02 23 10 30 00 1 4261.042
2011 02 23 10 45 00 1 4261.046
2011 02 23 11 00 00 1 4261.040
2011 02 23 11 15 00 1 4261.024
2011 02 23 11 30 00 1 4260.993
2011 02 23 11 45 00 1 4260.955
2011 02 23 12 00 00 1 4260.907
2011 02 23 12 15 00 1 4260.851
2011 02 23 12 30 00 1 4260.783
2011 02 23 12 45 00 1 4260.708
2011 02 23 13 00 00 1 4260.624
2011 02 23 13 15 00 1 4260.535
2011 02 23 13 30 00 1 4260.437
2011 02 23 13 45 00 1 4260.340
2011 02 23 14 00 00 1 4260.236
2011 02 23 14 15 00 1 4260.129
2011 02 23 14 30 00 1 4260.024
2011 02 23 14 45 00 1 4259.923
2011 02 23 15 00 00 1 4259.823
2011 02 23 15 15 00 1 4259.727
2011 02 23 15 30 00 1 4259.635
2011 02 23 15 45 00 1 4259.547
2011 02 23 16 00 00 1 4259.471
2011 02 23 16 15 00 1 4259.405
2011 02 23 16 30 00 1 4259.344
2011 02 23 16 45 00 1 4259.293
2011 02 23 17 00 00 1 4259.256
2011 02 23 17 15 00 1 4259.228
2011 02 23 17 30 00 1 4259.211
2011 02 23 17 45 00 1 4259.207
2011 02 23 18 00 00 1 4259.212
2011 02 23 18 15 00 1 4259.227
2011 02 23 18 30 00 1 4259.251
2011 02 23 18 45 00 1 4259.285
2011 02 23 19 00 00 1 4259.327
2011 02 23 19 15 00 1 4259.378
2011 02 23 19 30 00 1 4259.432
2011 02 23 19 45 00 1 4259.494
2011 02 23 20 00 00 1 4259.560
2011 02 23 20 15 00 1 4259.626
2011 02 23 20 30 00 1 4259.697
2011 02 23 20 45 00 1 4259.769
2011 02 23 21 00 00 1 4259.838
2011 02 23 21 15 00 1 4259.905
2011 02 23 21 30 00 1 4259.973
2011 02 23 21 45 00 1 4260.036
2011 02 23 22 00 00 1 4260.095
2011 02 23 22 15 00 1 4260.150
2011 02 23 22 30 00 1 4260.197
2011 02 23 22 45 00 1 4260.240
2011 02 23 23 00 00 1 4260.276
2011 02 23 23 15 00 1 4260.306
2011 02 23 23 30 00 1 4260.327
2011 02 23 23 45 00 1 4260.339
2011 02 24 00 00 00 1 4260.345
2011 02 24 00 15 00 1 4260.340
2011 02 24 00 30 00 1 4260.334
2011 02 24 00 45 00 1 4260.317
2011 02 24 01 00 00 1 4260.295
2011 02 24 01 15 00 1 4260.271
2011 02 24 01 30 00 1 4260.241
2011 02 24 01 45 00 1 4260.209
2011 02 24 02 00 00 1 4260.171
2011 02 24 02 15 00 1 4260.131
2011 02 24 02 30 00 1 4260.088
2011 02 24 02 45 00 1 4260.045
2011 02 24 03 00 00 1 4260.002
2011 02 24 03 15 00 1 4259.961
2011 02 24 03 30 00 1 4259.924
2011 02 24 03 45 00 1 4259.891
2011 02 24 04 00 00 1 4259.861
2011 02 24 04 15 00 1 4259.837
2011 02 24 04 30 00 1 4259.819
2011 02 24 04 45 00 1 4259.807
2011 02 24 05 00 00 1 4259.803
2011 02 24 05 15 00 1 4259.805
2011 02 24 05 30 00 1 4259.815
2011 02 24 05 45 00 1 4259.832
2011 02 24 06 00 00 1 4259.854
2011 02 24 06 15 00 1 4259.886
2011 02 24 06 30 00 1 4259.925
2011 02 24 06 45 00 1 4259.972
2011 02 24 07 00 00 1 4260.025
2011 02 24 07 15 00 1 4260.083
2011 02 24 07 30 00 1 4260.145
2011 02 24 07 45 00 1 4260.214
2011 02 24 08 00 00 1 4260.282
2011 02 24 08 15 00 1 4260.357
2011 02 24 08 30 00 1 4260.428
2011 02 24 08 45 00 1 4260.503
2011 02 24 09 00 00 1 4260.572
2011 02 24 09 15 00 1 4260.641
2011 02 24 09 30 00 1 4260.704
2011 02 24 09 45 00 1 4260.765
2011 02 24 10 00 00 1 4260.818
2011 02 24 10 15 00 1 4260.865
2011 02 24 10 30 00 1 4260.907
2011 02 24 10 45 00 1 4260.937
2011 02 24 11 00 00 1 4260.962
2011 02 24 11 15 00 1 4260.977
2011 02 24 11 30 00 1 4260.981
2011 02 24 11 45 00 1 4260.979
2011 02 24 12 00 00 1 4260.964
2011 02 24 12 15 00 1 4260.940
2011 02 24 12 30 00 1 4260.910
2011 02 24 12 45 00 1 4260.868
2011 02 24 13 00 00 1 4260.817
2011 02 24 13 15 00 1 4260.762
2011 02 24 13 30 00 1 4260.695
2011 02 24 13 45 00 1 4260.622
2011 02 24 14 00 00 1 4260.542
2011 02 24 14 15 00 1 4260.455
2011 02 24 14 30 00 1 4260.364
2011 02 24 14 45 00 1 4260.269
2011 02 24 15 00 00 1 4260.174
2011 02 24 15 15 00 1 4260.080
2011 02 24 15 30 00 1 4259.985
2011 02 24 15 45 00 1 4259.890
2011 02 24 16 00 00 1 4259.799
2011 02 24 16 15 00 1 4259.711
2011 02 24 16 30 00 1 4259.630
2011 02 24 16 45 00 1 4259.549
2011 02 24 17 00 00 1 4259.476
2011 02 24 17 15 00 1 4259.410
2011 02 24 17 30 00 1 4259.352
2011 02 24 17 45 00 1 4259.302
2011 02 24 18 00 00 1 4259.263
2011 02 24 18 15 00 1 4259.234
2011 02 24 18 30 00 1 4259.214
2011 02 24 18 45 00 1 4259.201
2011 02 24 19 00 00 1 4259.197
2011 02 24 19 15 00 1 4259.206
2011 02 24 19 30 00 1 4259.221
2011 02 24 19 45 00 1 4259.243
2011 02 24 20 00 00 1 4259.273
2011 02 24 20 15 00 1 4259.312
2011 02 24 20 30 00 1 4259.358
2011 02 24 20 45 00 1 4259.409
2011 02 24 21 00 00 1 4259.465
2011 02 24 21 15 00 1 4259.525
2011 02 24 21 30 00 1 4259.584
2011 02 24 21 45 00 1 4259.648
2011 02 24 22 00 00 1 4259.711
2011 02 24 22 15 00 1 4259.773
2011 02 24 22 30 00 1 4259.835
2011 02 24 22 45 00 1 4259.895
2011 02 24 23 00 00 1 4259.955
2011 02 24 23 15 00 1 4260.009
2011 02 24 23 30 00 1 4260.062
2011 02 24 23 45 00 1 4260.110
2011 02 25 00 00 00 1 4260.153
2011 02 25 00 15 00 1 4260.190
2011 02 25 00 30 00 1 4260.220
2011 02 25 00 45 00 1 4260.244
2011 02 25 01 00 00 1 4260.260
2011 02 25 01 15 00 1 4260.270
2011 02 25 01 30 00 1 4260.274
2011 02 25 01 45 00 1 4260.272
2011 02 25 02 00 00 1 4260.266
2011 02 25 02 15 00 1 4260.255
2011 02 25 02 30 00 1 4260.237
2011 02 25 02 45 00 1 4260.217
2011 02 25 03 00 00 1 4260.194
2011 02 25 03 15 00 1 4260.166
2011 02 25 03 30 00 1 4260.137
2011 02 25 03 45 00 1 4260.110
2011 02 25 04 00 00 1 4260.081
2011 02 25 04 15 00 1 4260.053
2011 02 25 04 30 00 1 4260.025
2011 02 25 04 45 00 1 4260.000
2011 02 25 05 00 00 1 4259.978
2011 02 25 05 15 00 1 4259.961
2011 02 25 05 30 00 1 4259.946
2011 02 25 05 45 00 1 4259.939
2011 02 25 06 00 00 1 4259.932
2011 02 25 06 15 00 1 4259.934
2011 02 25 06 30 00 1 4259.941
2011 02 25 06 45 00 1 4259.957
2011 02 25 07 00 00 1 4259.978
2011 02 25 07 15 00 1 4260.003
2011 02 25 07 30 00 1 4260.038
2011 02 25 07 45 00 1 4260.075
2011 02 25 08 00 00 1 4260.119
2011 02 25 08 15 00 1 4260.169
2011 02 25 08 30 00 1 4260.218
2011 02 25 08 45 00 1 4260.272
2011 02 25 09 00 00 1 4260.329
2011 02 25 09 15 00 1 4260.386
2011 02 25 09 30 00 1 4260.447
2011 02 25 09 45 00 1 4260.506
2011 02 25 10 00 00 1 4260.564
2011 02 25 10 15 00 1 4260.620
2011 02 25 10 30 00 1 4260.672
2011 02 25 10 45 00 1 4260.723
2011 02 25 11 00 00 1 4260.769
2011 02 25 11 15 00 1 4260.812
2011 02 25 11 30 00 1 4260.846
2011 02 25 11 45 00 1 4260.874
2011 02 25 12 00 00 1 4260.893
2011 02 25 12 15 00 1 4260.904
2011 02 25 12 30 00 1 4260.908
2011 02 25 12 45 00 1 4260.904
2011 02 25 13 00 00 1 4260.892
2011 02 25 13 15 00 1 4260.875
2011 02 25 13 30 00 1 4260.846
2011 02 25 13 45 00 1 4260.809
2011 02 25 14 00 00 1 4260.766
2011 02 25 14 15 00 1 4260.712
2011 02 25 14 30 00 1 4260.652
2011 02 25 14 45 00 1 4260.584
2011 02 25 15 00 00 1 4260.512
2011 02 25 15 15 00 1 4260.436
2011 02 25 15 30 00 1 4260.353
2011 02 25 15 45 00 1 4260.270
2011 02 25 16 00 00 1 4260.184
2011 02 25 16 15 00 1 4260.093
2011 02 25 16 30 00 1 4260.004
2011 02 25 16 45 00 1 4259.912
2011 02 25 17 00 00 1 4259.822
2011 02 25 17 15 00 1 4259.736
2011 02 25 17 30 00 1 4259.655
2011 02 25 17 45 00 1 4259.575
2011 02 25 18 00 00 1 4259.500
2011 02 25 18 15 00 1 4259.433
2011 02 25 18 30 00 1 4259.373
2011 02 25 18 45 00 1 4259.320
2011 02 25 19 00 00 1 4259.274
2011 02 25 19 15 00 1 4259.239
2011 02 25 19 30 00 1 4259.213
2011 02 25 19 45 00 1 4259.196
2011 02 25 20 00 00 1 4259.185
2011 02 25 20 15 00 1 4259.186
2011 02 25 20 30 00 1 4259.193
2011 02 25 20 45 00 1 4259.209
2011 02 25 21 00 00 1 4259.233
2011 02 25 21 15 00 1 4259.263
2011 02 25 21 30 00 1 4259.301
2011 02 25 21 45 00 1 4259.344
2011 02 25 22 00 00 1 4259.393
2011 02 25 22 15 00 1 4259.446
2011 02 25 22 30 00 1 4259.503
2011 02 25 22 45 00 1 4259.559
2011 02 25 23 00 00 1 4259.622
2011 02 25 23 15 00 1 4259.682
2011 02 25 23 30 00 1 4259.745
2011 02 25 23 45 00 1 4259.808
2011 02 26 00 00 00 1 4259.870
2011 02 26 00 15 00 1 4259.927
2011 02 26 00 30 00 1 4259.985
2011 02 26 00 45 00 1 4260.038
2011 02 26 01 00 00 1 4260.087
2011 02 26 01 15 00 1 4260.129
2011 02 26 01 30 00 1 4260.165
2011 02 26 01 45 00 1 4260.197
2011 02 26 02 00 00 1 4260.224
2011 02 26 02 15 00 1 4260.244
2011 02 26 02 30 00 1 4260.261
2011 02 26 02 45 00 1 4260.270
2011 02 26 03 00 00 1 4260.273
2011 02 26 03 15 00 1 4260.270
2011 02 26 03 30 00 1 4260.265
2011 02 26 03 45 00 1 4260.257
2011 02 26 04 00 00 1 4260.241
2011 02 26 04 15 00 1 4260.225
2011 02 26 04 30 00 1 4260.206
2011 02 26 04 45 00 1 4260.183
2011 02 26 05 00 00 1 4260.164
2011 02 26 05 15 00 1 4260.141
2011 02 26 05 30 00 1 4260.117
2011 02 26 05 45 00 1 4260.094
2011 02 26 06 00 00 1 4260.076
2011 02 26 06 15 00 1 4260.058
2011 02 26 06 30 00 1 4260.043
2011 02 26 06 45 00 1 4260.031
2011 02 26 07 00 00 1 4260.024
2011 02 26 07 15 00 1 4260.022
2011 02 26 07 30 00 1 4260.027
2011 02 26 07 45 00 1 4260.034
2011 02 26 08 00 00 1 4260.048
2011 02 26 08 15 00 1 4260.065
2011 02 26 08 30 00 1 4260.090
2011 02 26 08 45 00 1 4260.117
2011 02 26 09 00 00 1 4260.150
2011 02 26 09 15 00 1 4260.187
2011 02 26 09 30 00 1 4260.229
2011 02 26 09 45 00 1 4260.272
2011 02 26 10 00 00 1 4260.317
2011 02 26 10 15 00 1 4260.364
2011 02 26 10 30 00 1 4260.414
2011 02 26 10 45 00 1 4260.463
2011 02 26 11 00 00 1 4260.513
2011 02 26 11 15 00 1 4260.564
2011 02 26 11 30 00 1 4260.613
2011 02 26 11 45 00 1 4260.658
2011 02 26 12 00 00 1 4260.703
2011 02 26 12 15 00 1 4260.739
2011 02 26 12 30 00 1 4260.775
2011 02 26 12 45 00 1 4260.802
2011 02 26 13 00 00 1 4260.824
2011 02 26 13 15 00 1 4260.840
2011 02 26 13 30 00 1 4260.848
2011 02 26 13 45 00 1 4260.847
2011 02 26 14 00 00 1 4260.840
2011 02 26 14 15 00 1 4260.828
2011 02 26 14 30 00 1 4260.803
2011 02 26 14 45 00 1 4260.774
2011 02 26 15 00 00 1 4260.737
2011 02 26 15 15 00 1 4260.692
2011 02 26 15 30 00 1 4260.639
2011 02 26 15 45 00 1 4260.580
2011 02 26 16 00 00 1 4260.512
2011 02 26 16 15 00 1 4260.440
2011 02 26 16 30 00 1 4260.361
2011 02 26 16 45 00 1 4260.281
2011 02 26 17 00 00 1 4260.199
2011 02 26 17 15 00 1 4260.111
2011 02 26 17 30 00 1 4260.025
2011 02 26 17 45 00 1 4259.939
2011 02 26 18 00 00 1 4259.849
2011 02 26 18 15 00 1 4259.764
2011 02 26 18 30 00 1 4259.682
2011 02 26 18 45 00 1 4259.603
2011 02 26 19 00 00 1 4259.529
2011 02 26 19 15 00 1 4259.460
2011 02 26 19 30 00 1 4259.398
2011 02 26 19 45 00 1 4259.342
2011 02 26 20 00 00 1 4259.293
2011 02 26 20 15 00 1 4259.252
2011 02 26 20 30 00 1 4259.220
2011 02 26 20 45 00 1 4259.199
2011 02 26 21 00 00 1 4259.182
2011 02 26 21 15 00 1 4259.175
2011 02 26 21 30 00 1 4259.180
2011 02 26 21 45 00 1 4259.189
2011 02 26 22 00 00 1 4259.209
2011 02 26 22 15 00 1 4259.231
2011 02 26 22 30 00 1 4259.266
2011 02 26 22 45 00 1 4259.308
2011 02 26 23 00 00 1 4259.355
2011 02 26 23 15 00 1 4259.403
2011 02 26 23 30 00 1 4259.463
2011 02 26 23 45 00 1 4259.521
2011 02 27 00 00 00 1 4259.583
2011 02 27 00 15 00 1 4259.645
2011 02 27 00 30 00 1 4259.711
2011 02 27 00 45 00 1 4259.779
2011 02 27 01 00 00 1 4259.842
2011 02 27 01 15 00 1 4259.907
2011 02 27 01 30 00 1 4259.969
2011 02 27 01 45 00 1 4260.026
2011 02 27 02 00 00 1 4260.079
2011 02 27 02 15 00 1 4260.127
2011 02 27 02 30 00 1 4260.172
2011 02 27 02 45 00 1 4260.210
2011 02 27 03 00 00 1 4260.242
2011 02 27 03 15 00 1 4260.270
2011 02 27 03 30 00 1 4260.292
2011 02 27 03 45 00 1 4260.308
2011 02 27 04 00 00 1 4260.318
2011 02 27 04 15 00 1 4260.323
2011 02 27 04 30 00 1 4260.326
2011 02 27 04 45 00 1 4260.321
2011 02 27 05 00 00 1 4260.314
2011 02 27 05 15 00 1 4260.298
2011 02 27 05 30 00 1 4260.283
2011 02 27 05 45 00 1 4260.263
2011 02 27 06 00 00 1 4260.243
2011 02 27 06 15 00 1 4260.220
2011 02 27 06 30 00 1 4260.195
2011 02 27 06 45 00 1 4260.170
2011 02 27 07 00 00 1 4260.146
2011 02 27 07 15 00 1 4260.124
2011 02 27 07 30 00 1 4260.103
2011 02 27 07 45 00 1 4260.088
2011 02 27 08 00 00 1 4260.073
2011 02 27 08 15 00 1 4260.064
2011 02 27 08 30 00 1 4260.058
2011 02 27 08 45 00 1 4260.057
2011 02 27 09 00 00 1 4260.063
2011 02 27 09 15 00 1 4260.073
2011 02 27 09 30 00 1 4260.091
2011 02 27 09 45 00 1 4260.113
2011 02 27 10 00 00 1 4260.141
2011 02 27 10 15 00 1 4260.171
2011 02 27 10 30 00 1 4260.206
2011 02 27 10 45 00 1 4260.246
2011 02 27 11 00 00 1 4260.286
2011 02 27 11 15 00 1 4260.329
2011 02 27 11 30 00 1 4260.380
2011 02 27 11 45 00 1 4260.425
2011 02 27 12 00 00 1 4260.475
2011 02 27 12 15 00 1 4260.524
2011 02 27 12 30 00 1 4260.574
2011 02 27 12 45 00 1 4260.623
2011 02 27 13 00 00 1 4260.667
2011 02 27 13 15 00 1 4260.709
2011 02 27 13 30 00 1 4260.745
2011 02 27 13 45 00 1 4260.778
2011 02 27 14 00 00 1 4260.804
2011 02 27 14 15 00 1 4260.827
2011 02 27 14 30 00 1 4260.841
2011 02 27 14 45 00 1 4260.845
2011 02 27 15 00 00 1 4260.842
2011 02 27 15 15 00 1 4260.831
2011 02 27 15 30 00 1 4260.812
2011 02 27 15 45 00 1 4260.784
2011 02 27 16 00 00 1 4260.750
2011 02 27 16 15 00 1 4260.707
2011 02 27 16 30 00 1 4260.658
2011 02 27 16 45 00 1 4260.600
2011 02 27 17 00 00 1 4260.535
2011 02 27 17 15 00 1 4260.463
2011 02 27 17 30 00 1 4260.385
2011 02 27 17 45 00 1 4260.304
2011 02 27 18 00 00 1 4260.219
2011 02 27 18 15 00 1 4260.130
2011 02 27 18 30 00 1 4260.041
2011 02 27 18 45 00 1 4259.950
2011 02 27 19 00 00 1 4259.862
2011 02 27 19 15 00 1 4259.776
2011 02 27 19 30 00 1 4259.693
2011 02 27 19 45 00 1 4259.608
2011 02 27 20 00 00 1 4259.531
2011 02 27 20 15 00 1 4259.458
2011 02 27 20 30 00 1 4259.389
2011 02 27 20 45 00 1 4259.331
2011 02 27 21 00 00 1 4259.279
2011 02 27 21 15 00 1 4259.238
2011 02 27 21 30 00 1 4259.206
2011 02 27 21 45 00 1 4259.182
2011 02 27 22 00 00 1 4259.167
2011 02 27 22 15 00 1 4259.159
2011 02 27 22 30 00 1 4259.166
2011 02 27 22 45 00 1 4259.177
2011 02 27 23 00 00 1 4259.197
2011 02 27 23 15 00 1 4259.227
2011 02 27 23 30 00 1 4259.264
2011 02 27 23 45 00 1 4259.307
2011 02 28 00 00 00 1 4259.359
2011 02 28 00 15 00 1 4259.415
2011 02 28 00 30 00 1 4259.477
2011 02 28 00 45 00 1 4259.542
2011 02 28 01 00 00 1 4259.610
2011 02 28 01 15 00 1 4259.682
2011 02 28 01 30 00 1 4259.754
2011 02 28 01 45 00 1 4259.826
2011 02 28 02 00 00 1 4259.897
2011 02 28 02 15 00 1 4259.966
2011 02 28 02 30 00 1 4260.034
2011 02 28 02 45 00 1 4260.098
2011 02 28 03 00 00 1 4260.156
2011 02 28 03 15 00 1 4260.209
2011 02 28 03 30 00 1 4260.259
2011 02 28 03 45 00 1 4260.299
2011 02 28 04 00 00 1 4260.336
2011 02 28 04 15 00 1 4260.364
2011 02 28 04 30 00 1 4260.386
2011 02 28 04 45 00 1 4260.404
2011 02 28 05 00 00 1 4260.412
2011 02 28 05 15 00 1 4260.412
2011 02 28 05 30 00 1 4260.410
2011 02 28 05 45 00 1 4260.401
2011 02 28 06 00 00 1 4260.385
2011 02 28 06 15 00 1 4260.365
2011 02 28 06 30 00 1 4260.339
2011 02 28 06 45 00 1 4260.313
2011 02 28 07 00 00 1 4260.285
2011 02 28 07 15 00 1 4260.255
2011 02 28 07 30 00 1 4260.221
2011 02 28 07 45 00 1 4260.190
2011 02 28 08 00 00 1 4260.158
2011 02 28 08 15 00 1 4260.127
2011 02 28 08 30 00 1 4260.099
2011 02 28 08 45 00 1 4260.075
2011 02 28 09 00 00 1 4260.056
2011 02 28 09 15 00 1 4260.037
2011 02 28 09 30 00 1 4260.025
2011 02 28 09 45 00 1 4260.019
2011 02 28 10 00 00 1 4260.020
2011 02 28 10 15 00 1 4260.026
2011 02 28 10 30 00 1 4260.037
2011 02 28 10 45 00 1 4260.056
2011 02 28 11 00 00 1 4260.079
2011 02 28 11 15 00 1 4260.107
2011 02 28 11 30 00 1 4260.143
2011 02 28 11 45 00 1 4260.182
2011 02 28 12 00 00 1 4260.226
2011 02 28 12 15 00 1 4260.275
2011 02 28 12 30 00 1 4260.325
2011 02 28 12 45 00 1 4260.379
2011 02 28 13 00 00 1 4260.433
2011 02 28 13 15 00 1 4260.489
2011 02 28 13 30 00 1 4260.540
2011 02 28 13 45 00 1 4260.596
2011 02 28 14 00 00 1 4260.648
2011 02 28 14 15 00 1 4260.691
2011 02 28 14 30 00 1 4260.733
2011 02 28 14 45 00 1 4260.770
2011 02 28 15 00 00 1 4260.797
2011 02 28 15 15 00 1 4260.820
2011 02 28 15 30 00 1 4260.834
2011 02 28 15 45 00 1 4260.842
2011 02 28 16 00 00 1 4260.844
2011 02 28 16 15 00 1 4260.830
2011 02 28 16 30 00 1 4260.814
2011 02 28 16 45 00 1 4260.786
2011 02 28 17 00 00 1 4260.751
2011 02 28 17 15 00 1 4260.708
2011 02 28 17 30 00 1 4260.653
2011 02 28 17 45 00 1 4260.599
2011 02 28 18 00 00 1 4260.531
2011 02 28 18 15 00 1 4260.459
2011 02 28 18 30 00 1 4260.382
2011 02 28 18 45 00 1 4260.298
2011 02 28 19 00 00 1 4260.213
2011 02 28 19 15 00 1 4260.124
2011 02 28 19 30 00 1 4260.031
2011 02 28 19 45 00 1 4259.939
2011 02 28 20 00 00 1 4259.848
2011 02 28 20 15 00 1 4259.756
2011 02 28 20 30 00 1 4259.668
2011 02 28 20 45 00 1 4259.584
2011 02 28 21 00 00 1 4259.502
2011 02 28 21 15 00 1 4259.429
2011 02 28 21 30 00 1 4259.362
2011 02 28 21 45 00 1 4259.304
2011 02 28 22 00 00 1 4259.254
2011 02 28 22 15 00 1 4259.214
2011 02 28 22 30 00 1 4259.182
2011 02 28 22 45 00 1 4259.163
2011 02 28 23 00 00 1 4259.151
2011 02 28 23 15 00 1 4259.149
2011 02 28 23 30 00 1 4259.156
2011 02 28 23 45 00 1 4259.173
2011 03 01 00 00 00 1 4259.199
2011 03 01 00 15 00 1 4259.237
2011 03 01 00 30 00 1 4259.280
2011 03 01 00 45 00 1 4259.330
2011 03 01 01 00 00 1 4259.388
2011 03 01 01 15 00 1 4259.454
2011 03 01 01 30 00 1 4259.524
2011 03 01 01 45 00 1 4259.598
2011 03 01 02 00 00 1 4259.671
2011 03 01 02 15 00 1 4259.750
2011 03 01 02 30 00 1 4259.827
2011 03 01 02 45 00 1 4259.903
2011 03 01 03 00 00 1 4259.980
2011 03 01 03 15 00 1 4260.053
2011 03 01 03 30 00 1 4260.123
2011 03 01 03 45 00 1 4260.186
2011 03 01 04 00 00 1 4260.246
2011 03 01 04 15 00 1 4260.298
2011 03 01 04 30 00 1 4260.343
2011 03 01 04 45 00 1 4260.380
2011 03 01 05 00 00 1 4260.410
2011 03 01 05 15 00 1 4260.434
2011 03 01 05 30 00 1 4260.452
2011 03 01 05 45 00 1 4260.459
2011 03 01 06 00 00 1 4260.460
2011 03 01 06 15 00 1 4260.457
2011 03 01 06 30 00 1 4260.445
2011 03 01 06 45 00 1 4260.424
2011 03 01 07 00 00 1 4260.400
2011 03 01 07 15 00 1 4260.372
2011 03 01 07 30 00 1 4260.339
2011 03 01 07 45 00 1 4260.301
2011 03 01 08 00 00 1 4260.261
2011 03 01 08 15 00 1 4260.219
2011 03 01 08 30 00 1 4260.180
2011 03 01 08 45 00 1 4260.138
2011 03 01 09 00 00 1 4260.099
2011 03 01 09 15 00 1 4260.064
2011 03 01 09 30 00 1 4260.031
2011 03 01 09 45 00 1 4260.000
2011 03 01 10 00 00 1 4259.978
2011 03 01 10 15 00 1 4259.959
2011 03 01 10 30 00 1 4259.945
2011 03 01 10 45 00 1 4259.937
2011 03 01 11 00 00 1 4259.938
2011 03 01 11 15 00 1 4259.943
2011 03 01 11 30 00 1 4259.958
2011 03 01 11 45 00 1 4259.979
2011 03 01 12 00 00 1 4260.004
2011 03 01 12 15 00 1 4260.037
2011 03 01 12 30 00 1 4260.076
2011 03 01 12 45 00 1 4260.119
2011 03 01 13 00 00 1 4260.167
2011 03 01 13 15 00 1 4260.220
2011 03 01 13 30 00 1 4260.277
2011 03 01 13 45 00 1 4260.333
2011 03 01 14 00 00 1 4260.393
2011 03 01 14 15 00 1 4260.454
2011 03 01 14 30 00 1 4260.512
2011 03 01 14 45 00 1 4260.569
2011 03 01 15 00 00 1 4260.622
2011 03 01 15 15 00 1 4260.670
2011 03 01 15 30 00 1 4260.716
2011 03 01 15 45 00 1 4260.755
2011 03 01 16 00 00 1 4260.785
2011 03 01 16 15 00 1 4260.810
2011 03 01 16 30 00 1 4260.829
2011 03 01 16 45 00 1 4260.834
2011 03 01 17 00 00 1 4260.832
2011 03 01 17 15 00 1 4260.817
2011 03 01 17 30 00 1 4260.798
2011 03 01 17 45 00 1 4260.765
2011 03 01 18 00 00 1 4260.728
2011 03 01 18 15 00 1 4260.680
2011 03 01 18 30 00 1 4260.620
2011 03 01 18 45 00 1 4260.557
2011 03 01 19 00 00 1 4260.483
2011 03 01 19 15 00 1 4260.406
2011 03 01 19 30 00 1 4260.324
2011 03 01 19 45 00 1 4260.236
2011 03 01 20 00 00 1 4260.143
2011 03 01 20 15 00 1 4260.051
2011 03 01 20 30 00 1 4259.958
2011 03 01 20 45 00 1 4259.868
2011 03 01 21 00 00 1 4259.774
2011 03 01 21 15 00 1 4259.683
2011 03 01 21 30 00 1 4259.597
2011 03 01 21 45 00 1 4259.516
2011 03 01 22 00 00 1 4259.441
2011 03 01 22 15 00 1 4259.375
2011 03 01 22 30 00 1 4259.315
2011 03 01 22 45 00 1 4259.264
2011 03 01 23 00 00 1 4259.226
2011 03 01 23 15 00 1 4259.194
2011 03 01 23 30 00 1 4259.173
2011 03 01 23 45 00 1 4259.162
2011 03 02 00 00 00 1 4259.161
2011 03 02 00 15 00 1 4259.173
2011 03 02 00 30 00 1 4259.196
2011 03 02 00 45 00 1 4259.227
2011 03 02 01 00 00 1 4259.267
2011 03 02 01 15 00 1 4259.312
2011 03 02 01 30 00 1 4259.368
2011 03 02 01 45 00 1 4259.432
2011 03 02 02 00 00 1 4259.501
2011 03 02 02 15 00 1 4259.574
2011 03 02 02 30 00 1 4259.649
2011 03 02 02 45 00 1 4259.728
2011 03 02 03 00 00 1 4259.810
2011 03 02 03 15 00 1 4259.890
2011 03 02 03 30 00 1 4259.968
2011 03 02 03 45 00 1 4260.044
2011 03 02 04 00 00 1 4260.118
2011 03 02 04 15 00 1 4260.188
2011 03 02 04 30 00 1 4260.253
2011 03 02 04 45 00 1 4260.312
2011 03 02 05 00 00 1 4260.362
2011 03 02 05 15 00 1 4260.407
2011 03 02 05 30 00 1 4260.445
2011 03 02 05 45 00 1 4260.473
2011 03 02 06 00 00 1 4260.495
2011 03 02 06 15 00 1 4260.505
2011 03 02 06 30 00 1 4260.509
2011 03 02 06 45 00 1 4260.509
2011 03 02 07 00 00 1 4260.495
2011 03 02 07 15 00 1 4260.477
2011 03 02 07 30 00 1 4260.451
2011 03 02 07 45 00 1 4260.420
2011 03 02 08 00 00 1 4260.383
2011 03 02 08 15 00 1 4260.342
2011 03 02 08 30 00 1 4260.297
2011 03 02 08 45 00 1 4260.248
2011 03 02 09 00 00 1 4260.200
2011 03 02 09 15 00 1 4260.156
2011 03 02 09 30 00 1 4260.109
2011 03 02 09 45 00 1 4260.063
2011 03 02 10 00 00 1 4260.020
2011 03 02 10 15 00 1 4259.983
2011 03 02 10 30 00 1 4259.946
2011 03 02 10 45 00 1 4259.918
2011 03 02 11 00 00 1 4259.896
2011 03 02 11 15 00 1 4259.878
2011 03 02 11 30 00 1 4259.871
2011 03 02 11 45 00 1 4259.870
2011 03 02 12 00 00 1 4259.875
2011 03 02 12 15 00 1 4259.885
2011 03 02 12 30 00 1 4259.906
2011 03 02 12 45 00 1 4259.934
2011 03 02 13 00 00 1 4259.970
2011 03 02 13 15 00 1 4260.013
2011 03 02 13 30 00 1 4260.059
2011 03 02 13 45 00 1 4260.113
2011 03 02 14 00 00 1 4260.169
2011 03 02 14 15 00 1 4260.231
2011 03 02 14 30 00 1 4260.297
2011 03 02 14 45 00 1 4260.360
2011 03 02 15 00 00 1 4260.420
2011 03 02 15 15 00 1 4260.485
2011 03 02 15 30 00 1 4260.545
2011 03 02 15 45 00 1 4260.599
2011 03 02 16 00 00 1 4260.650
2011 03 02 16 15 00 1 4260.697
2011 03 02 16 30 00 1 4260.736
2011 03 02 16 45 00 1 4260.770
2011 03 02 17 00 00 1 4260.800
2011 03 02 17 15 00 1 4260.817
2011 03 02 17 30 00 1 4260.823
2011 03 02 17 45 00 1 4260.822
2011 03 02 18 00 00 1 4260.811
2011 03 02 18 15 00 1 4260.790
2011 03 02 18 30 00 1 4260.761
2011 03 02 18 45 00 1 4260.723
2011 03 02 19 00 00 1 4260.676
2011 03 02 19 15 00 1 4260.619
2011 03 02 19 30 00 1 4260.553
2011 03 02 19 45 00 1 4260.480
2011 03 02 20 00 00 1 4260.402
2011 03 02 20 15 00 1 4260.315
2011 03 02 20 30 00 1 4260.226
2011 03 02 20 45 00 1 4260.133
2011 03 02 21 00 00 1 4260.037
2011 03 02 21 15 00 1 4259.939
2011 03 02 21 30 00 1 4259.846
2011 03 02 21 45 00 1 4259.752
2011 03 02 22 00 00 1 4259.663
2011 03 02 22 15 00 1 4259.578
2011 03 02 22 30 00 1 4259.500
2011 03 02 22 45 00 1 4259.427
2011 03 02 23 00 00 1 4259.365
2011 03 02 23 15 00 1 4259.310
2011 03 02 23 30 00 1 4259.264
2011 03 02 23 45 00 1 4259.228
2011 03 03 00 00 00 1 4259.203
2011 03 03 00 15 00 1 4259.186
2011 03 03 00 30 00 1 4259.180
2011 03 03 00 45 00 1 4259.184
2011 03 03 01 00 00 1 4259.201
2011 03 03 01 15 00 1 4259.228
2011 03 03 01 30 00 1 4259.261
2011 03 03 01 45 00 1 4259.308
2011 03 03 02 00 00 1 4259.364
2011 03 03 02 15 00 1 4259.426
2011 03 03 02 30 00 1 4259.495
2011 03 03 02 45 00 1 4259.567
2011 03 03 03 00 00 1 4259.647
2011 03 03 03 15 00 1 4259.729
2011 03 03 03 30 00 1 4259.812
2011 03 03 03 45 00 1 4259.895
2011 03 03 04 00 00 1 4259.977
2011 03 03 04 15 00 1 4260.058
2011 03 03 04 30 00 1 4260.135
2011 03 03 04 45 00 1 4260.211
2011 03 03 05 00 00 1 4260.282
2011 03 03 05 15 00 1 4260.347
2011 03 03 05 30 00 1 4260.403
2011 03 03 05 45 00 1 4260.455
2011 03 03 06 00 00 1 4260.495
2011 03 03 06 15 00 1 4260.524
2011 03 03 06 30 00 1 4260.549
2011 03 03 06 45 00 1 4260.560
2011 03 03 07 00 00 1 4260.565
2011 03 03 07 15 00 1 4260.560
2011 03 03 07 30 00 1 4260.543
2011 03 03 07 45 00 1 4260.521
2011 03 03 08 00 00 1 4260.490
2011 03 03 08 15 00 1 4260.455
2011 03 03 08 30 00 1 4260.411
2011 03 03 08 45 00 1 4260.365
2011 03 03 09 00 00 1 4260.310
2011 03 03 09 15 00 1 4260.257
2011 03 03 09 30 00 1 4260.204
2011 03 03 09 45 00 1 4260.148
2011 03 03 10 00 00 1 4260.092
2011 03 03 10 15 00 1 4260.036
2011 03 03 10 30 00 1 4259.984
2011 03 03 10 45 00 1 4259.934
2011 03 03 11 00 00 1 4259.888
2011 03 03 11 15 00 1 4259.850
2011 03 03 11 30 00 1 4259.812
2011 03 03 11 45 00 1 4259.784
2011 03 03 12 00 00 1 4259.766
2011 03 03 12 15 00 1 4259.754
2011 03 03 12 30 00 1 4259.752
2011 03 03 12 45 00 1 4259.761
2011 03 03 13 00 00 1 4259.778
2011 03 03 13 15 00 1 4259.801
2011 03 03 13 30 00 1 4259.831
2011 03 03 13 45 00 1 4259.873
2011 03 03 14 00 00 1 4259.918
2011 03 03 14 15 00 1 4259.971
2011 03 03 14 30 00 1 4260.029
2011 03 03 14 45 00 1 4260.087
2011 03 03 15 00 00 1 4260.150
2011 03 03 15 15 00 1 4260.217
2011 03 03 15 30 00 1 4260.282
2011 03 03 15 45 00 1 4260.349
2011 03 03 16 00 00 1 4260.414
2011 03 03 16 15 00 1 4260.475
2011 03 03 16 30 00 1 4260.537
2011 03 03 16 45 00 1 4260.591
2011 03 03 17 00 00 1 4260.643
2011 03 03 17 15 00 1 4260.682
2011 03 03 17 30 00 1 4260.714
2011 03 03 17 45 00 1 4260.740
2011 03 03 18 00 00 1 4260.759
2011 03 03 18 15 00 1 4260.764
2011 03 03 18 30 00 1 4260.761
2011 03 03 18 45 00 1 4260.751
2011 03 03 19 00 00 1 4260.729
2011 03 03 19 15 00 1 4260.700
2011 03 03 19 30 00 1 4260.661
2011 03 03 19 45 00 1 4260.612
2011 03 03 20 00 00 1 4260.552
2011 03 03 20 15 00 1 4260.489
2011 03 03 20 30 00 1 4260.417
2011 03 03 20 45 00 1 4260.339
2011 03 03 21 00 00 1 4260.255
2011 03 03 21 15 00 1 4260.164
2011 03 03 21 30 00 1 4260.076
2011 03 03 21 45 00 1 4259.984
2011 03 03 22 00 00 1 4259.894
2011 03 03 22 15 00 1 4259.803
2011 03 03 22 30 00 1 4259.716
2011 03 03 22 45 00 1 4259.633
2011 03 03 23 00 00 1 4259.556
2011 03 03 23 15 00 1 4259.485
2011 03 03 23 30 00 1 4259.422
2011 03 03 23 45 00 1 4259.367
2011 03 04 00 00 00 1 4259.321
2011 03 04 00 15 00 1 4259.287
2011 03 04 00 30 00 1 4259.258
2011 03 04 00 45 00 1 4259.240
2011 03 04 01 00 00 1 4259.234
2011 03 04 01 15 00 1 4259.241
2011 03 04 01 30 00 1 4259.257
2011 03 04 01 45 00 1 4259.285
2011 03 04 02 00 00 1 4259.318
2011 03 04 02 15 00 1 4259.363
2011 03 04 02 30 00 1 4259.417
2011 03 04 02 45 00 1 4259.479
2011 03 04 03 00 00 1 4259.546
2011 03 04 03 15 00 1 4259.622
2011 03 04 03 30 00 1 4259.702
2011 03 04 03 45 00 1 4259.784
2011 03 04 04 00 00 1 4259.868
2011 03 04 04 15 00 1 4259.954
2011 03 04 04 30 00 1 4260.034
2011 03 04 04 45 00 1 4260.113
2011 03 04 05 00 00 1 4260.192
2011 03 04 05 15 00 1 4260.264
2011 03 04 05 30 00 1 4260.334
2011 03 04 05 45 00 1 4260.397
2011 03 04 06 00 00 1 4260.452
2011 03 04 06 15 00 1 4260.500
2011 03 04 06 30 00 1 4260.539
2011 03 04 06 45 00 1 4260.569
2011 03 04 07 00 00 1 4260.589
2011 03 04 07 15 00 1 4260.599
2011 03 04 07 30 00 1 4260.604
2011 03 04 07 45 00 1 4260.597
2011 03 04 08 00 00 1 4260.584
2011 03 04 08 15 00 1 4260.559
2011 03 04 08 30 00 1 4260.531
2011 03 04 08 45 00 1 4260.492
2011 03 04 09 00 00 1 4260.447
2011 03 04 09 15 00 1 4260.396
2011 03 04 09 30 00 1 4260.341
2011 03 04 09 45 00 1 4260.280
2011 03 04 10 00 00 1 4260.218
2011 03 04 10 15 00 1 4260.154
2011 03 04 10 30 00 1 4260.088
2011 03 04 10 45 00 1 4260.025
2011 03 04 11 00 00 1 4259.963
2011 03 04 11 15 00 1 4259.905
2011 03 04 11 30 00 1 4259.854
2011 03 04 11 45 00 1 4259.809
2011 03 04 12 00 00 1 4259.769
2011 03 04 12 15 00 1 4259.733
2011 03 04 12 30 00 1 4259.708
2011 03 04 12 45 00 1 4259.692
2011 03 04 13 00 00 1 4259.683
2011 03 04 13 15 00 1 4259.683
2011 03 04 13 30 00 1 4259.690
2011 03 04 13 45 00 1 4259.706
2011 03 04 14 00 00 1 4259.731
2011 03 04 14 15 00 1 4259.764
2011 03 04 14 30 00 1 4259.804
2011 03 04 14 45 00 1 4259.853
2011 03 04 15 00 00 1 4259.910
2011 03 04 15 15 00 1 4259.970
2011 03 04 15 30 00 1 4260.033
2011 03 04 15 45 00 1 4260.101
2011 03 04 16 00 00 1 4260.172
2011 03 04 16 15 00 1 4260.241
2011 03 04 16 30 00 1 4260.311
2011 03 04 16 45 00 1 4260.379
2011 03 04 17 00 00 1 4260.442
2011 03 04 17 15 00 1 4260.501
2011 03 04 17 30 00 1 4260.555
2011 03 04 17 45 00 1 4260.606
2011 03 04 18 00 00 1 4260.649
2011 03 04 18 15 00 1 4260.682
2011 03 04 18 30 00 1 4260.711
2011 03 04 18 45 00 1 4260.727
2011 03 04 19 00 00 1 4260.734
2011 03 04 19 15 00 1 4260.731
2011 03 04 19 30 00 1 4260.719
2011 03 04 19 45 00 1 4260.697
2011 03 04 20 00 00 1 4260.665
2011 03 04 20 15 00 1 4260.622
2011 03 04 20 30 00 1 4260.573
2011 03 04 20 45 00 1 4260.514
2011 03 04 21 00 00 1 4260.449
2011 03 04 21 15 00 1 4260.377
2011 03 04 21 30 00 1 4260.299
2011 03 04 21 45 00 1 4260.217
2011 03 04 22 00 00 1 4260.135
2011 03 04 22 15 00 1 4260.052
2011 03 04 22 30 00 1 4259.968
2011 03 04 22 45 00 1 4259.884
2011 03 04 23 00 00 1 4259.802
2011 03 04 23 15 00 1 4259.727
2011 03 04 23 30 00 1 4259.652
2011 03 04 23 45 00 1 4259.585
2011 03 05 00 00 00 1 4259.524
2011 03 05 00 15 00 1 4259.473
2011 03 05 00 30 00 1 4259.427
2011 03 05 00 45 00 1 4259.395
2011 03 05 01 00 00 1 4259.370
2011 03 05 01 15 00 1 4259.353
2011 03 05 01 30 00 1 4259.350
2011 03 05 01 45 00 1 4259.357
2011 03 05 02 00 00 1 4259.375
2011 03 05 02 15 00 1 4259.403
2011 03 05 02 30 00 1 4259.442
2011 03 05 02 45 00 1 4259.488
2011 03 05 03 00 00 1 4259.544
2011 03 05 03 15 00 1 4259.607
2011 03 05 03 30 00 1 4259.675
2011 03 05 03 45 00 1 4259.748
2011 03 05 04 00 00 1 4259.829
2011 03 05 04 15 00 1 4259.907
2011 03 05 04 30 00 1 4259.990
2011 03 05 04 45 00 1 4260.073
2011 03 05 05 00 00 1 4260.154
2011 03 05 05 15 00 1 4260.234
2011 03 05 05 30 00 1 4260.308
2011 03 05 05 45 00 1 4260.378
2011 03 05 06 00 00 1 4260.445
2011 03 05 06 15 00 1 4260.504
2011 03 05 06 30 00 1 4260.556
2011 03 05 06 45 00 1 4260.599
2011 03 05 07 00 00 1 4260.634
2011 03 05 07 15 00 1 4260.661
2011 03 05 07 30 00 1 4260.678
2011 03 05 07 45 00 1 4260.684
2011 03 05 08 00 00 1 4260.681
2011 03 05 08 15 00 1 4260.669
2011 03 05 08 30 00 1 4260.647
2011 03 05 08 45 00 1 4260.616
2011 03 05 09 00 00 1 4260.576
2011 03 05 09 15 00 1 4260.529
2011 03 05 09 30 00 1 4260.477
2011 03 05 09 45 00 1 4260.416
2011 03 05 10 00 00 1 4260.351
2011 03 05 10 15 00 1 4260.284
2011 03 05 10 30 00 1 4260.216
2011 03 05 10 45 00 1 4260.146
2011 03 05 11 00 00 1 4260.075
2011 03 05 11 15 00 1 4260.006
2011 03 05 11 30 00 1 4259.938
2011 03 05 11 45 00 1 4259.877
2011 03 05 12 00 00 1 4259.819
2011 03 05 12 15 00 1 4259.766
2011 03 05 12 30 00 1 4259.719
2011 03 05 12 45 00 1 4259.680
2011 03 05 13 00 00 1 4259.651
2011 03 05 13 15 00 1 4259.627
2011 03 05 13 30 00 1 4259.612
2011 03 05 13 45 00 1 4259.606
2011 03 05 14 00 00 1 4259.613
2011 03 05 14 15 00 1 4259.628
2011 03 05 14 30 00 1 4259.650
2011 03 05 14 45 00 1 4259.682
2011 03 05 15 00 00 1 4259.721
2011 03 05 15 15 00 1 4259.768
2011 03 05 15 30 00 1 4259.823
2011 03 05 15 45 00 1 4259.882
2011 03 05 16 00 00 1 4259.947
2011 03 05 16 15 00 1 4260.012
2011 03 05 16 30 00 1 4260.082
2011 03 05 16 45 00 1 4260.152
2011 03 05 17 00 00 1 4260.224
2011 03 05 17 15 00 1 4260.293
2011 03 05 17 30 00 1 4260.359
2011 03 05 17 45 00 1 4260.424
2011 03 05 18 00 00 1 4260.486
2011 03 05 18 15 00 1 4260.539
2011 03 05 18 30 00 1 4260.584
2011 03 05 18 45 00 1 4260.622
2011 03 05 19 00 00 1 4260.654
2011 03 05 19 15 00 1 4260.674
2011 03 05 19 30 00 1 4260.686
2011 03 05 19 45 00 1 4260.686
2011 03 05 20 00 00 1 4260.678
2011 03 05 20 15 00 1 4260.660
2011 03 05 20 30 00 1 4260.636
2011 03 05 20 45 00 1 4260.601
2011 03 05 21 00 00 1 4260.559
2011 03 05 21 15 00 1 4260.508
2011 03 05 21 30 00 1 4260.450
2011 03 05 21 45 00 1 4260.383
2011 03 05 22 00 00 1 4260.316
2011 03 05 22 15 00 1 4260.245
2011 03 05 22 30 00 1 4260.170
2011 03 05 22 45 00 1 4260.092
2011 03 05 23 00 00 1 4260.014
2011 03 05 23 15 00 1 4259.937
2011 03 05 23 30 00 1 4259.861
2011 03 05 23 45 00 1 4259.788
2011 03 06 00 00 00 1 4259.721
2011 03 06 00 15 00 1 4259.657
2011 03 06 00 30 00 1 4259.600
2011 03 06 00 45 00 1 4259.553
2011 03 06 01 00 00 1 4259.512
2011 03 06 01 15 00 1 4259.478
2011 03 06 01 30 00 1 4259.457
2011 03 06 01 45 00 1 4259.444
2011 03 06 02 00 00 1 4259.441
2011 03 06 02 15 00 1 4259.451
2011 03 06 02 30 00 1 4259.469
2011 03 06 02 45 00 1 4259.496
2011 03 06 03 00 00 1 4259.533
2011 03 06 03 15 00 1 4259.577
2011 03 06 03 30 00 1 4259.633
2011 03 06 03 45 00 1 4259.691
2011 03 06 04 00 00 1 4259.755
2011 03 06 04 15 00 1 4259.828
2011 03 06 04 30 00 1 4259.905
2011 03 06 04 45 00 1 4259.984
2011 03 06 05 00 00 1 4260.064
2011 03 06 05 15 00 1 4260.149
2011 03 06 05 30 00 1 4260.227
2011 03 06 05 45 00 1 4260.304
2011 03 06 06 00 00 1 4260.377
2011 03 06 06 15 00 1 4260.442
2011 03 06 06 30 00 1 4260.505
2011 03 06 06 45 00 1 4260.562
2011 03 06 07 00 00 1 4260.610
2011 03 06 07 15 00 1 4260.651
2011 03 06 07 30 00 1 4260.682
2011 03 06 07 45 00 1 4260.704
2011 03 06 08 00 00 1 4260.719
2011 03 06 08 15 00 1 4260.722
2011 03 06 08 30 00 1 4260.716
2011 03 06 08 45 00 1 4260.700
2011 03 06 09 00 00 1 4260.674
2011 03 06 09 15 00 1 4260.641
2011 03 06 09 30 00 1 4260.601
2011 03 06 09 45 00 1 4260.550
2011 03 06 10 00 00 1 4260.493
2011 03 06 10 15 00 1 4260.431
2011 03 06 10 30 00 1 4260.363
2011 03 06 10 45 00 1 4260.291
2011 03 06 11 00 00 1 4260.220
2011 03 06 11 15 00 1 4260.148
2011 03 06 11 30 00 1 4260.071
2011 03 06 11 45 00 1 4259.999
2011 03 06 12 00 00 1 4259.928
2011 03 06 12 15 00 1 4259.860
2011 03 06 12 30 00 1 4259.796
2011 03 06 12 45 00 1 4259.740
2011 03 06 13 00 00 1 4259.688
2011 03 06 13 15 00 1 4259.645
2011 03 06 13 30 00 1 4259.611
2011 03 06 13 45 00 1 4259.582
2011 03 06 14 00 00 1 4259.563
2011 03 06 14 15 00 1 4259.553
2011 03 06 14 30 00 1 4259.552
2011 03 06 14 45 00 1 4259.564
2011 03 06 15 00 00 1 4259.582
2011 03 06 15 15 00 1 4259.610
2011 03 06 15 30 00 1 4259.645
2011 03 06 15 45 00 1 4259.689
2011 03 06 16 00 00 1 4259.738
2011 03 06 16 15 00 1 4259.795
2011 03 06 16 30 00 1 4259.856
2011 03 06 16 45 00 1 4259.920
2011 03 06 17 00 00 1 4259.986
2011 03 06 17 15 00 1 4260.056
2011 03 06 17 30 00 1 4260.124
2011 03 06 17 45 00 1 4260.191
2011 03 06 18 00 00 1 4260.259
2011 03 06 18 15 00 1 4260.323
2011 03 06 18 30 00 1 4260.383
2011 03 06 18 45 00 1 4260.438
2011 03 06 19 00 00 1 4260.487
2011 03 06 19 15 00 1 4260.530
2011 03 06 19 30 00 1 4260.567
2011 03 06 19 45 00 1 4260.593
2011 03 06 20 00 00 1 4260.611
2011 03 06 20 15 00 1 4260.621
2011 03 06 20 30 00 1 4260.619
2011 03 06 20 45 00 1 4260.609
2011 03 06 21 00 00 1 4260.588
2011 03 06 21 15 00 1 4260.558
2011 03 06 21 30 00 1 4260.522
2011 03 06 21 45 00 1 4260.478
2011 03 06 22 00 00 1 4260.427
2011 03 06 22 15 00 1 4260.372
2011 03 06 22 30 00 1 4260.312
2011 03 06 22 45 00 1 4260.244
2011 03 06 23 00 00 1 4260.176
2011 03 06 23 15 00 1 4260.104
2011 03 06 23 30 00 1 4260.035
2011 03 06 23 45 00 1 4259.965
2011 03 07 00 00 00 1 4259.895
2011 03 07 00 15 00 1 4259.829
2011 03 07 00 30 00 1 4259.770
2011 03 07 00 45 00 1 4259.714
2011 03 07 01 00 00 1 4259.666
2011 03 07 01 15 00 1 4259.624
2011 03 07 01 30 00 1 4259.590
2011 03 07 01 45 00 1 4259.564
2011 03 07 02 00 00 1 4259.545
2011 03 07 02 15 00 1 4259.537
2011 03 07 02 30 00 1 4259.537
2011 03 07 02 45 00 1 4259.549
2011 03 07 03 00 00 1 4259.568
2011 03 07 03 15 00 1 4259.596
2011 03 07 03 30 00 1 4259.631
2011 03 07 03 45 00 1 4259.676
2011 03 07 04 00 00 1 4259.728
2011 03 07 04 15 00 1 4259.785
2011 03 07 04 30 00 1 4259.853
2011 03 07 04 45 00 1 4259.922
2011 03 07 05 00 00 1 4259.994
2011 03 07 05 15 00 1 4260.069
2011 03 07 05 30 00 1 4260.144
2011 03 07 05 45 00 1 4260.223
2011 03 07 06 00 00 1 4260.298
2011 03 07 06 15 00 1 4260.371
2011 03 07 06 30 00 1 4260.440
2011 03 07 06 45 00 1 4260.505
2011 03 07 07 00 00 1 4260.563
2011 03 07 07 15 00 1 4260.612
2011 03 07 07 30 00 1 4260.655
2011 03 07 07 45 00 1 4260.692
2011 03 07 08 00 00 1 4260.719
2011 03 07 08 15 00 1 4260.735
2011 03 07 08 30 00 1 4260.746
2011 03 07 08 45 00 1 4260.748
2011 03 07 09 00 00 1 4260.735
2011 03 07 09 15 00 1 4260.715
2011 03 07 09 30 00 1 4260.687
2011 03 07 09 45 00 1 4260.648
2011 03 07 10 00 00 1 4260.602
2011 03 07 10 15 00 1 4260.548
2011 03 07 10 30 00 1 4260.486
2011 03 07 10 45 00 1 4260.419
2011 03 07 11 00 00 1 4260.351
2011 03 07 11 15 00 1 4260.274
2011 03 07 11 30 00 1 4260.197
2011 03 07 11 45 00 1 4260.121
2011 03 07 12 00 00 1 4260.042
2011 03 07 12 15 00 1 4259.965
2011 03 07 12 30 00 1 4259.893
2011 03 07 12 45 00 1 4259.822
2011 03 07 13 00 00 1 4259.756
2011 03 07 13 15 00 1 4259.692
2011 03 07 13 30 00 1 4259.639
2011 03 07 13 45 00 1 4259.590
2011 03 07 14 00 00 1 4259.550
2011 03 07 14 15 00 1 4259.517
2011 03 07 14 30 00 1 4259.495
2011 03 07 14 45 00 1 4259.480
2011 03 07 15 00 00 1 4259.476
2011 03 07 15 15 00 1 4259.481
2011 03 07 15 30 00 1 4259.496
2011 03 07 15 45 00 1 4259.520
2011 03 07 16 00 00 1 4259.551
2011 03 07 16 15 00 1 4259.590
2011 03 07 16 30 00 1 4259.638
2011 03 07 16 45 00 1 4259.689
2011 03 07 17 00 00 1 4259.748
2011 03 07 17 15 00 1 4259.808
2011 03 07 17 30 00 1 4259.872
2011 03 07 17 45 00 1 4259.940
2011 03 07 18 00 00 1 4260.006
2011 03 07 18 15 00 1 4260.075
2011 03 07 18 30 00 1 4260.142
2011 03 07 18 45 00 1 4260.208
2011 03 07 19 00 00 1 4260.270
2011 03 07 19 15 00 1 4260.326
2011 03 07 19 30 00 1 4260.378
2011 03 07 19 45 00 1 4260.423
2011 03 07 20 00 00 1 4260.462
2011 03 07 20 15 00 1 4260.493
2011 03 07 20 30 00 1 4260.515
2011 03 07 20 45 00 1 4260.529
2011 03 07 21 00 00 1 4260.534
2011 03 07 21 15 00 1 4260.531
2011 03 07 21 30 00 1 4260.520
2011 03 07 21 45 00 1 4260.501
2011 03 07 22 00 00 1 4260.477
2011 03 07 22 15 00 1 4260.444
2011 03 07 22 30 00 1 4260.401
2011 03 07 22 45 00 1 4260.357
2011 03 07 23 00 00 1 4260.307
2011 03 07 23 15 00 1 4260.251
2011 03 07 23 30 00 1 4260.194
2011 03 07 23 45 00 1 4260.136
2011 03 08 00 00 00 1 4260.076
2011 03 08 00 15 00 1 4260.016
2011 03 08 00 30 00 1 4259.956
2011 03 08 00 45 00 1 4259.899
2011 03 08 01 00 00 1 4259.847
2011 03 08 01 15 00 1 4259.799
2011 03 08 01 30 00 1 4259.757
2011 03 08 01 45 00 1 4259.720
2011 03 08 02 00 00 1 4259.691
2011 03 08 02 15 00 1 4259.670
2011 03 08 02 30 00 1 4259.657
2011 03 08 02 45 00 1 4259.650
2011 03 08 03 00 00 1 4259.655
2011 03 08 03 15 00 1 4259.666
2011 03 08 03 30 00 1 4259.685
2011 03 08 03 45 00 1 4259.714
2011 03 08 04 00 00 1 4259.750
2011 03 08 04 15 00 1 4259.791
2011 03 08 04 30 00 1 4259.839
2011 03 08 04 45 00 1 4259.895
2011 03 08 05 00 00 1 4259.957
2011 03 08 05 15 00 1 4260.026
2011 03 08 05 30 00 1 4260.093
2011 03 08 05 45 00 1 4260.164
2011 03 08 06 00 00 1 4260.234
2011 03 08 06 15 00 1 4260.307
2011 03 08 06 30 00 1 4260.375
2011 03 08 06 45 00 1 4260.442
2011 03 08 07 00 00 1 4260.506
2011 03 08 07 15 00 1 4260.564
2011 03 08 07 30 00 1 4260.619
2011 03 08 07 45 00 1 4260.666
2011 03 08 08 00 00 1 4260.706
2011 03 08 08 15 00 1 4260.740
2011 03 08 08 30 00 1 4260.764
2011 03 08 08 45 00 1 4260.779
2011 03 08 09 00 00 1 4260.787
2011 03 08 09 15 00 1 4260.784
2011 03 08 09 30 00 1 4260.772
2011 03 08 09 45 00 1 4260.750
2011 03 08 10 00 00 1 4260.721
2011 03 08 10 15 00 1 4260.682
2011 03 08 10 30 00 1 4260.634
2011 03 08 10 45 00 1 4260.581
2011 03 08 11 00 00 1 4260.515
2011 03 08 11 15 00 1 4260.448
2011 03 08 11 30 00 1 4260.377
2011 03 08 11 45 00 1 4260.304
2011 03 08 12 00 00 1 4260.225
2011 03 08 12 15 00 1 4260.146
2011 03 08 12 30 00 1 4260.066
2011 03 08 12 45 00 1 4259.986
2011 03 08 13 00 00 1 4259.909
2011 03 08 13 15 00 1 4259.835
2011 03 08 13 30 00 1 4259.768
2011 03 08 13 45 00 1 4259.703
2011 03 08 14 00 00 1 4259.646
2011 03 08 14 15 00 1 4259.593
2011 03 08 14 30 00 1 4259.549
2011 03 08 14 45 00 1 4259.513
2011 03 08 15 00 00 1 4259.486
2011 03 08 15 15 00 1 4259.468
2011 03 08 15 30 00 1 4259.457
2011 03 08 15 45 00 1 4259.456
2011 03 08 16 00 00 1 4259.464
2011 03 08 16 15 00 1 4259.480
2011 03 08 16 30 00 1 4259.504
2011 03 08 16 45 00 1 4259.535
2011 03 08 17 00 00 1 4259.575
2011 03 08 17 15 00 1 4259.621
2011 03 08 17 30 00 1 4259.673
2011 03 08 17 45 00 1 4259.728
2011 03 08 18 00 00 1 4259.788
2011 03 08 18 15 00 1 4259.850
2011 03 08 18 30 00 1 4259.912
2011 03 08 18 45 00 1 4259.975
2011 03 08 19 00 00 1 4260.039
2011 03 08 19 15 00 1 4260.100
2011 03 08 19 30 00 1 4260.159
2011 03 08 19 45 00 1 4260.215
2011 03 08 20 00 00 1 4260.266
2011 03 08 20 15 00 1 4260.312
2011 03 08 20 30 00 1 4260.351
2011 03 08 20 45 00 1 4260.383
2011 03 08 21 00 00 1 4260.408
2011 03 08 21 15 00 1 4260.426
2011 03 08 21 30 00 1 4260.438
2011 03 08 21 45 00 1 4260.444
2011 03 08 22 00 00 1 4260.440
2011 03 08 22 15 00 1 4260.428
2011 03 08 22 30 00 1 4260.412
2011 03 08 22 45 00 1 4260.389
2011 03 08 23 00 00 1 4260.362
2011 03 08 23 15 00 1 4260.329
2011 03 08 23 30 00 1 4260.291
2011 03 08 23 45 00 1 4260.251
2011 03 09 00 00 00 1 4260.206
2011 03 09 00 15 00 1 4260.158
2011 03 09 00 30 00 1 4260.111
2011 03 09 00 45 00 1 4260.060
2011 03 09 01 00 00 1 4260.013
2011 03 09 01 15 00 1 4259.968
2011 03 09 01 30 00 1 4259.928
2011 03 09 01 45 00 1 4259.891
2011 03 09 02 00 00 1 4259.858
2011 03 09 02 15 00 1 4259.828
2011 03 09 02 30 00 1 4259.805
2011 03 09 02 45 00 1 4259.787
2011 03 09 03 00 00 1 4259.778
2011 03 09 03 15 00 1 4259.775
2011 03 09 03 30 00 1 4259.781
2011 03 09 03 45 00 1 4259.790
2011 03 09 04 00 00 1 4259.809
2011 03 09 04 15 00 1 4259.833
2011 03 09 04 30 00 1 4259.868
2011 03 09 04 45 00 1 4259.910
2011 03 09 05 00 00 1 4259.957
2011 03 09 05 15 00 1 4260.010
2011 03 09 05 30 00 1 4260.066
2011 03 09 05 45 00 1 4260.124
2011 03 09 06 00 00 1 4260.185
2011 03 09 06 15 00 1 4260.247
2011 03 09 06 30 00 1 4260.312
2011 03 09 06 45 00 1 4260.376
2011 03 09 07 00 00 1 4260.439
2011 03 09 07 15 00 1 4260.500
2011 03 09 07 30 00 1 4260.558
2011 03 09 07 45 00 1 4260.613
2011 03 09 08 00 00 1 4260.661
2011 03 09 08 15 00 1 4260.705
2011 03 09 08 30 00 1 4260.741
2011 03 09 08 45 00 1 4260.770
2011 03 09 09 00 00 1 4260.792
2011 03 09 09 15 00 1 4260.803
2011 03 09 09 30 00 1 4260.808
2011 03 09 09 45 00 1 4260.803
2011 03 09 10 00 00 1 4260.789
2011 03 09 10 15 00 1 4260.765
2011 03 09 10 30 00 1 4260.733
2011 03 09 10 45 00 1 4260.692
2011 03 09 11 00 00 1 4260.646
2011 03 09 11 15 00 1 4260.590
2011 03 09 11 30 00 1 4260.528
2011 03 09 11 45 00 1 4260.462
2011 03 09 12 00 00 1 4260.389
2011 03 09 12 15 00 1 4260.314
2011 03 09 12 30 00 1 4260.241
2011 03 09 12 45 00 1 4260.163
2011 03 09 13 00 00 1 4260.085
2011 03 09 13 15 00 1 4260.010
2011 03 09 13 30 00 1 4259.935
2011 03 09 13 45 00 1 4259.861
2011 03 09 14 00 00 1 4259.792
2011 03 09 14 15 00 1 4259.726
2011 03 09 14 30 00 1 4259.664
2011 03 09 14 45 00 1 4259.607
2011 03 09 15 00 00 1 4259.557
2011 03 09 15 15 00 1 4259.518
2011 03 09 15 30 00 1 4259.486
2011 03 09 15 45 00 1 4259.464
2011 03 09 16 00 00 1 4259.449
2011 03 09 16 15 00 1 4259.442
2011 03 09 16 30 00 1 4259.439
2011 03 09 16 45 00 1 4259.444
2011 03 09 17 00 00 1 4259.461
2011 03 09 17 15 00 1 4259.485
2011 03 09 17 30 00 1 4259.512
2011 03 09 17 45 00 1 4259.549
2011 03 09 18 00 00 1 4259.589
2011 03 09 18 15 00 1 4259.635
2011 03 09 18 30 00 1 4259.684
2011 03 09 18 45 00 1 4259.739
2011 03 09 19 00 00 1 4259.796
2011 03 09 19 15 00 1 4259.850
2011 03 09 19 30 00 1 4259.908
2011 03 09 19 45 00 1 4259.966
2011 03 09 20 00 00 1 4260.024
2011 03 09 20 15 00 1 4260.077
2011 03 09 20 30 00 1 4260.130
2011 03 09 20 45 00 1 4260.176
2011 03 09 21 00 00 1 4260.218
2011 03 09 21 15 00 1 4260.256
2011 03 09 21 30 00 1 4260.284
2011 03 09 21 45 00 1 4260.312
2011 03 09 22 00 00 1 4260.331
2011 03 09 22 15 00 1 4260.346
2011 03 09 22 30 00 1 4260.355
2011 03 09 22 45 00 1 4260.357
2011 03 09 23 00 00 1 4260.352
2011 03 09 23 15 00 1 4260.341
2011 03 09 23 30 00 1 4260.323
2011 03 09 23 45 00 1 4260.302
2011 03 10 00 00 00 1 4260.277
2011 03 10 00 15 00 1 4260.247
2011 03 10 00 30 00 1 4260.214
2011 03 10 00 45 00 1 4260.181
2011 03 10 01 00 00 1 4260.144
2011 03 10 01 15 00 1 4260.105
2011 03 10 01 30 00 1 4260.069
2011 03 10 01 45 00 1 4260.036
2011 03 10 02 00 00 1 4260.001
2011 03 10 02 15 00 1 4259.969
2011 03 10 02 30 00 1 4259.943
2011 03 10 02 45 00 1 4259.917
2011 03 10 03 00 00 1 4259.897
2011 03 10 03 15 00 1 4259.882
2011 03 10 03 30 00 1 4259.877
2011 03 10 03 45 00 1 4259.876
2011 03 10 04 00 00 1 4259.879
2011 03 10 04 15 00 1 4259.889
2011 03 10 04 30 00 1 4259.907
2011 03 10 04 45 00 1 4259.929
2011 03 10 05 00 00 1 4259.957
2011 03 10 05 15 00 1 4259.994
2011 03 10 05 30 00 1 4260.034
2011 03 10 05 45 00 1 4260.080
2011 03 10 06 00 00 1 4260.127
2011 03 10 06 15 00 1 4260.180
2011 03 10 06 30 00 1 4260.235
2011 03 10 06 45 00 1 4260.292
2011 03 10 07 00 00 1 4260.349
2011 03 10 07 15 00 1 4260.404
2011 03 10 07 30 00 1 4260.463
2011 03 10 07 45 00 1 4260.514
2011 03 10 08 00 00 1 4260.565
2011 03 10 08 15 00 1 4260.613
2011 03 10 08 30 00 1 4260.657
2011 03 10 08 45 00 1 4260.694
2011 03 10 09 00 00 1 4260.728
2011 03 10 09 15 00 1 4260.759
2011 03 10 09 30 00 1 4260.779
2011 03 10 09 45 00 1 4260.793
2011 03 10 10 00 00 1 4260.798
2011 03 10 10 15 00 1 4260.794
2011 03 10 10 30 00 1 4260.783
2011 03 10 10 45 00 1 4260.762
2011 03 10 11 00 00 1 4260.734
2011 03 10 11 15 00 1 4260.699
2011 03 10 11 30 00 1 4260.658
2011 03 10 11 45 00 1 4260.612
2011 03 10 12 00 00 1 4260.559
2011 03 10 12 15 00 1 4260.501
2011 03 10 12 30 00 1 4260.439
2011 03 10 12 45 00 1 4260.373
2011 03 10 13 00 00 1 4260.300
2011 03 10 13 15 00 1 4260.228
2011 03 10 13 30 00 1 4260.155
2011 03 10 13 45 00 1 4260.080
2011 03 10 14 00 00 1 4260.001
2011 03 10 14 15 00 1 4259.926
2011 03 10 14 30 00 1 4259.855
2011 03 10 14 45 00 1 4259.787
2011 03 10 15 00 00 1 4259.723
2011 03 10 15 15 00 1 4259.663
2011 03 10 15 30 00 1 4259.610
2011 03 10 15 45 00 1 4259.563
2011 03 10 16 00 00 1 4259.518
2011 03 10 16 15 00 1 4259.486
2011 03 10 16 30 00 1 4259.460
2011 03 10 16 45 00 1 4259.443
2011 03 10 17 00 00 1 4259.432
2011 03 10 17 15 00 1 4259.428
2011 03 10 17 30 00 1 4259.432
2011 03 10 17 45 00 1 4259.441
2011 03 10 18 00 00 1 4259.460
2011 03 10 18 15 00 1 4259.484
2011 03 10 18 30 00 1 4259.514
2011 03 10 18 45 00 1 4259.553
2011 03 10 19 00 00 1 4259.592
2011 03 10 19 15 00 1 4259.637
2011 03 10 19 30 00 1 4259.686
2011 03 10 19 45 00 1 4259.737
2011 03 10 20 00 00 1 4259.787
2011 03 10 20 15 00 1 4259.839
2011 03 10 20 30 00 1 4259.890
2011 03 10 20 45 00 1 4259.941
2011 03 10 21 00 00 1 4259.989
2011 03 10 21 15 00 1 4260.039
2011 03 10 21 30 00 1 4260.081
2011 03 10 21 45 00 1 4260.119
2011 03 10 22 00 00 1 4260.158
2011 03 10 22 15 00 1 4260.191
2011 03 10 22 30 00 1 4260.221
2011 03 10 22 45 00 1 4260.243
2011 03 10 23 00 00 1 4260.260
2011 03 10 23 15 00 1 4260.271
2011 03 10 23 30 00 1 4260.275
2011 03 10 23 45 00 1 4260.272
2011 03 11 00 00 00 1 4260.268
2011 03 11 00 15 00 1 4260.256
2011 03 11 00 30 00 1 4260.240
2011 03 11 00 45 00 1 4260.227
2011 03 11 01 00 00 1 4260.205
2011 03 11 01 15 00 1 4260.185
2011 03 11 01 30 00 1 4260.162
2011 03 11 01 45 00 1 4260.140
2011 03 11 02 00 00 1 4260.112
2011 03 11 02 15 00 1 4260.087
2011 03 11 02 30 00 1 4260.065
2011 03 11 02 45 00 1 4260.041
2011 03 11 03 00 00 1 4260.020
2011 03 11 03 15 00 1 4260.000
2011 03 11 03 30 00 1 4259.987
2011 03 11 03 45 00 1 4259.974
2011 03 11 04 00 00 1 4259.971
2011 03 11 04 15 00 1 4259.969
2011 03 11 04 30 00 1 4259.971
2011 03 11 04 45 00 1 4259.981
2011 03 11 05 00 00 1 4259.996
2011 03 11 05 00 00 2 4259.998
2011 03 11 05 01 00 2 4259.998
2011 03 11 05 02 00 2 4259.998
2011 03 11 05 03 00 2 4260.001
2011 03 11 05 04 00 2 4260.001
2011 03 11 05 05 00 2 4260.002
2011 03 11 05 06 00 2 4260.004
2011 03 11 05 07 00 2 4260.006
2011 03 11 05 08 00 2 4260.007
2011 03 11 05 09 00 2 4260.007
2011 03 11 05 10 00 2 4260.009
2011 03 11 05 11 00 2 4260.011
2011 03 11 05 12 00 2 4260.011
2011 03 11 05 13 00 2 4260.012
2011 03 11 05 14 00 2 4260.014
2011 03 11 05 15 00 1 4260.015
2011 03 11 05 15 00 2 4260.015
2011 03 11 05 16 00 2 4260.016
2011 03 11 05 17 00 2 4260.018
2011 03 11 05 18 00 2 4260.018
2011 03 11 05 19 00 2 4260.021
2011 03 11 05 20 00 2 4260.023
2011 03 11 05 21 00 2 4260.023
2011 03 11 05 22 00 2 4260.025
2011 03 11 05 23 00 2 4260.028
2011 03 11 05 24 00 2 4260.029
2011 03 11 05 25 00 2 4260.030
2011 03 11 05 26 00 2 4260.033
2011 03 11 05 27 00 2 4260.035
2011 03 11 05 28 00 2 4260.035
2011 03 11 05 29 00 2 4260.037
2011 03 11 05 30 00 1 4260.038
2011 03 11 05 30 00 2 4260.040
2011 03 11 05 31 00 2 4260.041
2011 03 11 05 32 00 2 4260.043
2011 03 11 05 33 00 2 4260.044
2011 03 11 05 34 00 2 4260.044
2011 03 11 05 35 00 2 4260.048
2011 03 11 05 36 00 2 4260.052
2011 03 11 05 37 00 2 4260.050
2011 03 11 05 38 00 2 4260.056
2011 03 11 05 39 00 2 4260.054
2011 03 11 05 40 00 2 4260.057
2011 03 11 05 41 00 2 4260.061
2011 03 11 05 42 00 2 4260.061
2011 03 11 05 43 00 2 4260.062
2011 03 11 05 44 00 2 4260.065
2011 03 11 05 45 00 1 4260.067
2011 03 11 05 45 00 2 4260.068
2011 03 11 05 46 00 2 4260.071
2011 03 11 05 47 00 2 4260.073
2011 03 11 05 48 00 2 4260.075
2011 03 11 05 49 00 2 4260.074
2011 03 11 05 50 00 2 4260.079
2011 03 11 05 51 00 2 4260.081
2011 03 11 05 52 00 2 4260.083
2011 03 11 05 53 00 2 4260.084
2011 03 11 05 54 00 2 4260.088
2011 03 11 05 55 00 2 4260.090
2011 03 11 05 56 00 2 4260.091
2011 03 11 05 57 00 2 4260.093
2011 03 11 05 58 00 2 4260.095
2011 03 11 05 59 00 2 4260.101
2011 03 11 06 00 00 1 4260.100
2011 03 11 06 00 00 2 4260.100
2011 03 11 06 01 00 2 4260.105
2011 03 11 06 02 00 2 4260.107
2011 03 11 06 03 00 2 4260.109
2011 03 11 06 04 00 2 4260.109
2011 03 11 06 05 00 2 4260.114
2011 03 11 06 06 00 2 4260.114
2011 03 11 06 07 00 2 4260.120
2011 03 11 06 08 00 2 4260.118
2011 03 11 06 09 00 2 4260.122
2011 03 11 06 10 00 2 4260.124
2011 03 11 06 11 00 2 4260.126
2011 03 11 06 12 00 2 4260.129
2011 03 11 06 13 00 2 4260.136
2011 03 11 06 14 00 2 4260.132
2011 03 11 06 15 00 1 9999.000
2011 03 11 06 15 00 2 4260.140
2011 03 11 06 16 00 2 4260.140
2011 03 11 06 17 00 2 4260.137
2011 03 11 06 17 30 3 4260.135
2011 03 11 06 17 45 3 4260.130
2011 03 11 06 18 00 2 4260.152
2011 03 11 06 18 00 3 4260.189
2011 03 11 06 18 15 3 4260.079
2011 03 11 06 18 30 3 4259.840
2011 03 11 06 18 45 3 4260.184
2011 03 11 06 19 00 2 4260.143
2011 03 11 06 19 00 3 4260.156
2011 03 11 06 19 15 3 4260.159
2011 03 11 06 19 30 3 4260.129
2011 03 11 06 19 45 3 4260.129
2011 03 11 06 20 00 2 4260.160
2011 03 11 06 20 00 3 4260.153
2011 03 11 06 20 15 3 4260.179
2011 03 11 06 20 30 3 4260.134
2011 03 11 06 20 45 3 4260.171
2011 03 11 06 21 00 2 4260.146
2011 03 11 06 21 00 3 4260.156
2011 03 11 06 21 15 3 4260.127
2011 03 11 06 22 00 2 4260.162
2011 03 11 06 23 00 2 4260.157
2011 03 11 06 24 00 2 4260.161
2011 03 11 06 25 00 2 4260.160
2011 03 11 06 26 00 2 4260.170
2011 03 11 06 27 00 2 4260.168
2011 03 11 06 28 00 2 4260.178
2011 03 11 06 29 00 2 4260.174
2011 03 11 06 30 00 1 9999.000
2011 03 11 06 30 00 2 4260.176
2011 03 11 06 31 00 2 4260.184
2011 03 11 06 32 00 2 4260.181
2011 03 11 06 33 00 2 4260.185
2011 03 11 06 34 00 2 4260.190
2011 03 11 06 35 00 2 4260.196
2011 03 11 06 36 00 2 4260.200
2011 03 11 06 37 00 2 4260.194
2011 03 11 06 38 00 2 4260.205
2011 03 11 06 39 00 2 4260.207
2011 03 11 06 40 00 2 4260.205
2011 03 11 06 41 00 2 4260.210
2011 03 11 06 42 00 2 4260.216
2011 03 11 06 43 00 2 4260.218
2011 03 11 06 44 00 2 4260.218
2011 03 11 06 45 00 1 9999.000
2011 03 11 06 45 00 2 4260.226
2011 03 11 06 46 00 2 4260.223
2011 03 11 06 47 00 2 4260.232
2011 03 11 06 48 00 2 4260.232
2011 03 11 06 49 00 2 4260.237
2011 03 11 06 50 00 2 4260.238
2011 03 11 06 51 00 2 4260.241
2011 03 11 06 52 00 2 4260.246
2011 03 11 06 53 00 2 4260.248
2011 03 11 06 54 00 2 4260.249
2011 03 11 06 55 00 2 4260.253
2011 03 11 06 56 00 2 4260.259
2011 03 11 06 57 00 2 4260.259
2011 03 11 06 58 00 2 4260.261
2011 03 11 06 59 00 2 4260.268
2011 03 11 07 00 00 1 9999.000
2011 03 11 07 00 00 2 4260.270
2011 03 11 07 01 00 2 4260.270
2011 03 11 07 02 00 2 4260.276
2011 03 11 07 03 00 2 4260.279
2011 03 11 07 04 00 2 4260.282
2011 03 11 07 05 00 2 4260.286
2011 03 11 07 06 00 2 4260.286
2011 03 11 07 07 00 2 4260.292
2011 03 11 07 08 00 2 4260.294
2011 03 11 07 09 00 2 4260.294
2011 03 11 07 10 00 2 4260.303
2011 03 11 07 11 00 2 4260.304
2011 03 11 07 12 00 2 4260.308
2011 03 11 07 13 00 2 4260.308
2011 03 11 07 14 00 2 4260.317
2011 03 11 07 15 00 1 9999.000
2011 03 11 07 15 00 2 4260.313
2011 03 11 07 16 00 2 4260.322
2011 03 11 07 17 00 2 4260.327
2011 03 11 07 18 00 2 4260.327
2011 03 11 07 19 00 2 4260.331
2011 03 11 07 20 00 2 4260.335
2011 03 11 07 21 00 2 4260.337
2011 03 11 07 22 00 2 4260.344
2011 03 11 07 23 00 2 4260.345
2011 03 11 07 24 00 2 4260.348
2011 03 11 07 25 00 2 4260.353
2011 03 11 07 26 00 2 4260.357
2011 03 11 07 27 00 2 4260.361
2011 03 11 07 28 00 2 4260.361
2011 03 11 07 29 00 2 4260.370
2011 03 11 07 30 00 1 9999.000
2011 03 11 07 30 00 2 4260.369
2011 03 11 07 31 00 2 4260.371
2011 03 11 07 32 00 2 4260.378
2011 03 11 07 33 00 2 4260.381
2011 03 11 07 34 00 2 4260.383
2011 03 11 07 35 00 2 4260.386
2011 03 11 07 36 00 2 4260.392
2011 03 11 07 37 00 2 4260.394
2011 03 11 07 38 00 2 4260.399
2011 03 11 07 39 00 2 4260.399
2011 03 11 07 40 00 2 4260.404
2011 03 11 07 41 00 2 4260.405
2011 03 11 07 42 00 2 4260.411
2011 03 11 07 43 00 2 4260.415
2011 03 11 07 44 00 2 4260.418
2011 03 11 07 45 00 1 9999.000
2011 03 11 07 45 00 2 4260.418
2011 03 11 07 46 00 2 4260.425
2011 03 11 07 47 00 2 4260.426
2011 03 11 07 48 00 2 4260.431
2011 03 11 07 49 00 2 4260.435
2011 03 11 07 50 00 2 4260.438
2011 03 11 07 51 00 2 4260.440
2011 03 11 07 52 00 2 4260.445
2011 03 11 07 53 00 2 4260.447
2011 03 11 07 54 00 2 4260.451
2011 03 11 07 55 00 2 4260.455
2011 03 11 07 56 00 2 4260.457
2011 03 11 07 57 00 2 4260.462
2011 03 11 07 58 00 2 4260.465
2011 03 11 07 59 00 2 4260.467
2011 03 11 08 00 00 1 9999.000
2011 03 11 08 00 00 2 4260.472
2011 03 11 08 01 00 2 4260.474
2011 03 11 08 02 00 2 4260.478
2011 03 11 08 03 00 2 4260.480
2011 03 11 08 04 00 2 4260.484
2011 03 11 08 05 00 2 4260.489
2011 03 11 08 06 00 2 4260.493
2011 03 11 08 07 00 2 4260.493
2011 03 11 08 08 00 2 4260.498
2011 03 11 08 09 00 2 4260.499
2011 03 11 08 10 00 2 4260.505
2011 03 11 08 11 00 2 4260.506
2011 03 11 08 12 00 2 4260.510
2011 03 11 08 13 00 2 4260.514
2011 03 11 08 14 00 2 4260.515
2011 03 11 08 15 00 1 9999.000
2011 03 11 08 15 00 2 4260.520
2011 03 11 08 16 00 2 4260.523
2011 03 11 08 17 00 2 4260.528
2011 03 11 08 18 00 2 4260.526
2011 03 11 08 19 00 2 4260.534
2011 03 11 08 20 00 2 4260.538
2011 03 11 08 21 00 2 4260.539
2011 03 11 08 22 00 2 4260.542
2011 03 11 08 23 00 2 4260.546
2011 03 11 08 24 00 2 4260.548
2011 03 11 08 25 00 2 4260.552
2011 03 11 08 26 00 2 4260.554
2011 03 11 08 27 00 2 4260.558
2011 03 11 08 28 00 2 4260.561
2011 03 11 08 29 00 2 4260.565
2011 03 11 08 30 00 1 9999.000
2011 03 11 08 30 00 2 4260.565
2011 03 11 08 31 00 2 4260.568
2011 03 11 08 32 00 2 4260.573
2011 03 11 08 33 00 2 4260.578
2011 03 11 08 34 00 2 4260.579
2011 03 11 08 35 00 2 4260.581
2011 03 11 08 36 00 2 4260.585
2011 03 11 08 37 00 2 4260.589
2011 03 11 08 38 00 2 4260.590
2011 03 11 08 39 00 2 4260.593
2011 03 11 08 40 00 2 4260.598
2011 03 11 08 41 00 2 4260.601
2011 03 11 08 42 00 2 4260.602
2011 03 11 08 43 00 2 4260.603
2011 03 11 08 44 00 2 4260.609
2011 03 11 08 45 00 1 9999.000
2011 03 11 08 45 00 2 4260.611
2011 03 11 08 46 00 2 4260.612
2011 03 11 08 47 00 2 4260.616
2011 03 11 08 48 00 2 4260.619
2011 03 11 08 49 00 2 4260.621
2011 03 11 08 50 00 2 4260.624
2011 03 11 08 51 00 2 4260.628
2011 03 11 08 52 00 2 4260.631
2011 03 11 08 53 00 2 4260.634
2011 03 11 08 54 00 2 4260.636
2011 03 11 08 55 00 2 4260.639
2011 03 11 08 56 00 2 4260.641
2011 03 11 08 57 00 2 4260.644
2011 03 11 08 58 00 2 4260.647
2011 03 11 08 59 00 2 4260.652
2011 03 11 09 00 00 1 9999.000
2011 03 11 09 00 00 2 4260.651
2011 03 11 09 01 00 2 4260.656
2011 03 11 09 02 00 2 4260.657
2011 03 11 09 03 00 2 4260.661
2011 03 11 09 04 00 2 4260.663
2011 03 11 09 05 00 2 4260.667
2011 03 11 09 06 00 2 4260.669
2011 03 11 09 07 00 2 4260.672
2011 03 11 09 08 00 2 4260.674
2011 03 11 09 09 00 2 4260.676
2011 03 11 09 10 00 2 4260.680
2011 03 11 09 11 00 2 4260.682
2011 03 11 09 12 00 2 4260.685
2011 03 11 09 13 00 2 4260.687
2011 03 11 09 14 00 2 4260.686
2011 03 11 09 15 00 1 9999.000
2011 03 11 09 15 00 2 4260.691
2011 03 11 09 16 00 2 4260.694
2011 03 11 09 17 00 2 4260.695
2011 03 11 09 18 00 2 4260.696
2011 03 11 09 19 00 2 4260.700
2011 03 11 09 20 00 2 4260.702
2011 03 11 09 21 00 2 4260.704
2011 03 11 09 22 00 2 4260.708
2011 03 11 09 23 00 2 4260.711
2011 03 11 09 24 00 2 4260.711
2011 03 11 09 25 00 2 4260.715
2011 03 11 09 26 00 2 4260.714
2011 03 11 09 27 00 2 4260.720
2011 03 11 09 28 00 2 4260.721
2011 03 11 09 29 00 2 4260.724
2011 03 11 09 30 00 1 9999.000
2011 03 11 09 30 00 2 4260.723
2011 03 11 09 31 00 2 4260.728
2011 03 11 09 32 00 2 4260.728
2011 03 11 09 33 00 2 4260.731
2011 03 11 09 34 00 2 4260.734
2011 03 11 09 35 00 2 4260.734
2011 03 11 09 36 00 2 4260.737
2011 03 11 09 37 00 2 4260.737
2011 03 11 09 38 00 2 4260.740
2011 03 11 09 39 00 2 4260.742
2011 03 11 09 40 00 2 4260.744
2011 03 11 09 41 00 2 4260.745
2011 03 11 09 42 00 2 4260.744
2011 03 11 09 43 00 2 4260.750
2011 03 11 09 44 00 2 4260.753
2011 03 11 09 45 00 1 9999.000
2011 03 11 09 45 00 2 4260.751
2011 03 11 09 46 00 2 4260.755
2011 03 11 09 47 00 2 4260.756
2011 03 11 09 48 00 2 4260.757
2011 03 11 09 49 00 2 4260.763
2011 03 11 09 50 00 2 4260.759
2011 03 11 09 51 00 2 4260.762
2011 03 11 09 52 00 2 4260.763
2011 03 11 09 53 00 2 4260.766
2011 03 11 09 54 00 2 4260.765
2011 03 11 09 55 00 2 4260.768
2011 03 11 09 56 00 2 4260.767
2011 03 11 09 57 00 2 4260.771
2011 03 11 09 58 00 2 4260.771
2011 03 11 09 59 00 2 4260.772
2011 03 11 10 00 00 1 9999.000
2011 03 11 10 15 00 1 4260.789
2011 03 11 10 30 00 1 4260.796
2011 03 11 10 45 00 1 4260.793
2011 03 11 11 00 00 1 4260.788
2011 03 11 11 15 00 1 4260.769
2011 03 11 11 30 00 1 4260.746
2011 03 11 11 45 00 1 4260.716
2011 03 11 12 00 00 1 4260.680
2011 03 11 12 15 00 1 4260.643
2011 03 11 12 30 00 1 4260.589
2011 03 11 12 45 00 1 4260.535
2011 03 11 13 00 00 1 4260.477
2011 03 11 13 00 00 2 4260.474
2011 03 11 13 01 00 2 4260.472
2011 03 11 13 02 00 2 4260.467
2011 03 11 13 03 00 2 4260.462
2011 03 11 13 04 00 2 4260.459
2011 03 11 13 05 00 2 4260.454
2011 03 11 13 06 00 2 4260.450
2011 03 11 13 07 00 2 4260.444
2011 03 11 13 08 00 2 4260.441
2011 03 11 13 09 00 2 4260.437
2011 03 11 13 10 00 2 4260.434
2011 03 11 13 11 00 2 4260.427
2011 03 11 13 12 00 2 4260.425
2011 03 11 13 13 00 2 4260.419
2011 03 11 13 14 00 2 4260.419
2011 03 11 13 15 00 1 4260.414
2011 03 11 13 15 00 2 4260.411
2011 03 11 13 16 00 2 4260.408
2011 03 11 13 17 00 2 4260.405
2011 03 11 13 18 00 2 4260.399
2011 03 11 13 19 00 2 4260.394
2011 03 11 13 20 00 2 4260.391
2011 03 11 13 21 00 2 4260.385
2011 03 11 13 22 00 2 4260.382
2011 03 11 13 23 00 2 4260.378
2011 03 11 13 24 00 2 4260.373
2011 03 11 13 25 00 2 4260.367
2011 03 11 13 26 00 2 4260.365
2011 03 11 13 27 00 2 4260.360
2011 03 11 13 28 00 2 4260.355
2011 03 11 13 29 00 2 4260.350
2011 03 11 13 30 00 1 4260.349
2011 03 11 13 30 00 2 4260.346
2011 03 11 13 31 00 2 4260.341
2011 03 11 13 32 00 2 4260.338
2011 03 11 13 33 00 2 4260.332
2011 03 11 13 34 00 2 4260.328
2011 03 11 13 35 00 2 4260.324
2011 03 11 13 36 00 2 4260.316
2011 03 11 13 37 00 2 4260.315
2011 03 11 13 38 00 2 4260.310
2011 03 11 13 39 00 2 4260.304
2011 03 11 13 40 00 2 4260.300
2011 03 11 13 41 00 2 4260.297
2011 03 11 13 42 00 2 4260.291
2011 03 11 13 43 00 2 4260.287
2011 03 11 13 44 00 2 4260.281
2011 03 11 13 45 00 1 4260.281
2011 03 11 13 45 00 2 4260.278
2011 03 11 13 46 00 2 4260.272
2011 03 11 13 47 00 2 4260.269
2011 03 11 13 48 00 2 4260.262
2011 03 11 13 49 00 2 4260.259
2011 03 11 13 50 00 2 4260.253
2011 03 11 13 51 00 2 4260.249
2011 03 11 13 52 00 2 4260.244
2011 03 11 13 53 00 2 4260.238
2011 03 11 13 54 00 2 4260.235
2011 03 11 13 55 00 2 4260.230
2011 03 11 13 56 00 2 4260.225
2011 03 11 13 57 00 2 4260.220
2011 03 11 13 58 00 2 4260.217
2011 03 11 13 59 00 2 4260.213
2011 03 11 14 00 00 1 4260.212
2011 03 11 14 00 00 2 4260.207
2011 03 11 14 01 00 2 4260.201
2011 03 11 14 02 00 2 4260.201
2011 03 11 14 03 00 2 4260.194
2011 03 11 14 04 00 2 4260.189
2011 03 11 14 05 00 2 4260.186
2011 03 11 14 06 00 2 4260.179
2011 03 11 14 07 00 2 4260.174
2011 03 11 14 08 00 2 4260.169
2011 03 11 14 09 00 2 4260.166
2011 03 11 14 10 00 2 4260.159
2011 03 11 14 11 00 2 4260.157
2011 03 11 14 12 00 2 4260.152
2011 03 11 14 13 00 2 4260.147
2011 03 11 14 14 00 2 4260.141
2011 03 11 14 15 00 1 9999.000
2011 03 11 14 15 00 2 4260.137
2011 03 11 14 16 00 2 4260.131
2011 03 11 14 17 00 2 4260.126
2011 03 11 14 18 00 2 4260.121
2011 03 11 14 19 00 2 4260.117
2011 03 11 14 20 00 2 4260.111
2011 03 11 14 21 00 2 4260.106
2011 03 11 14 22 00 2 4260.102
2011 03 11 14 23 00 2 4260.097
2011 03 11 14 24 00 2 4260.092
2011 03 11 14 25 00 2 4260.087
2011 03 11 14 26 00 2 4260.080
2011 03 11 14 27 00 2 4260.078
2011 03 11 14 28 00 2 4260.073
2011 03 11 14 29 00 2 4260.068
2011 03 11 14 30 00 1 9999.000
2011 03 11 14 30 00 2 4260.061
2011 03 11 14 31 00 2 4260.055
2011 03 11 14 32 00 2 4260.053
2011 03 11 14 33 00 2 4260.048
2011 03 11 14 34 00 2 4260.042
2011 03 11 14 35 00 2 4260.037
2011 03 11 14 36 00 2 4260.032
2011 03 11 14 37 00 2 4260.027
2011 03 11 14 38 00 2 4260.021
2011 03 11 14 39 00 2 4260.017
2011 03 11 14 40 00 2 4260.011
2011 03 11 14 41 00 2 4260.005
2011 03 11 14 42 00 2 4260.001
2011 03 11 14 43 00 2 4259.995
2011 03 11 14 44 00 2 4259.989
2011 03 11 14 45 00 1 9999.000
2011 03 11 14 45 00 2 4259.986
2011 03 11 14 46 00 2 4259.980
2011 03 11 14 47 00 2 4259.973
2011 03 11 14 48 00 2 4259.967
2011 03 11 14 49 00 2 4259.965
2011 03 11 14 50 00 2 4259.956
2011 03 11 14 51 00 2 4259.954
2011 03 11 14 52 00 2 4259.947
2011 03 11 14 53 00 2 4259.943
2011 03 11 14 54 00 2 4259.941
2011 03 11 14 55 00 2 4259.937
2011 03 11 14 56 00 2 4259.938
2011 03 11 14 57 00 2 4259.939
2011 03 11 14 58 00 2 4259.946
2011 03 11 14 58 45 3 4259.949
2011 03 11 14 59 00 2 4259.954
2011 03 11 14 59 00 3 4259.951
2011 03 11 14 59 15 3 4259.953
2011 03 11 14 59 30 3 4259.955
2011 03 11 14 59 45 3 4259.958
2011 03 11 15 00 00 1 9999.000
2011 03 11 15 00 00 2 4259.967
2011 03 11 15 00 00 3 4259.961
2011 03 11 15 00 15 3 4259.964
2011 03 11 15 00 30 3 4259.969
2011 03 11 15 00 45 3 4259.972
2011 03 11 15 01 00 2 4259.984
2011 03 11 15 01 00 3 4259.977
2011 03 11 15 01 15 3 4259.982
2011 03 11 15 01 30 3 4259.986
2011 03 11 15 01 45 3 4259.990
2011 03 11 15 02 00 2 4260.001
2011 03 11 15 02 00 3 4259.994
2011 03 11 15 02 15 3 4259.998
2011 03 11 15 02 30 3 4260.003
2011 03 11 15 03 00 2 4260.025
2011 03 11 15 04 00 2 4260.040
2011 03 11 15 05 00 2 4260.058
2011 03 11 15 06 00 2 4260.068
2011 03 11 15 07 00 2 4260.066
2011 03 11 15 08 00 2 4260.053
2011 03 11 15 09 00 2 4260.030
2011 03 11 15 10 00 2 4259.993
2011 03 11 15 11 00 2 4259.944
2011 03 11 15 12 00 2 4259.889
2011 03 11 15 13 00 2 4259.832
2011 03 11 15 14 00 2 4259.781
2011 03 11 15 15 00 1 9999.000
2011 03 11 15 15 00 2 4259.736
2011 03 11 15 16 00 2 4259.703
2011 03 11 15 17 00 2 4259.690
2011 03 11 15 18 00 2 4259.694
2011 03 11 15 19 00 2 4259.710
2011 03 11 15 20 00 2 4259.738
2011 03 11 15 21 00 2 4259.770
2011 03 11 15 22 00 2 4259.804
2011 03 11 15 23 00 2 4259.830
2011 03 11 15 24 00 2 4259.848
2011 03 11 15 25 00 2 4259.854
2011 03 11 15 26 00 2 4259.850
2011 03 11 15 27 00 2 4259.835
2011 03 11 15 28 00 2 4259.819
2011 03 11 15 29 00 2 4259.803
2011 03 11 15 30 00 1 9999.000
2011 03 11 15 30 00 2 4259.784
2011 03 11 15 31 00 2 4259.770
2011 03 11 15 32 00 2 4259.761
2011 03 11 15 33 00 2 4259.751
2011 03 11 15 34 00 2 4259.743
2011 03 11 15 35 00 2 4259.735
2011 03 11 15 36 00 2 4259.724
2011 03 11 15 37 00 2 4259.714
2011 03 11 15 38 00 2 4259.702
2011 03 11 15 39 00 2 4259.695
2011 03 11 15 40 00 2 4259.691
2011 03 11 15 41 00 2 4259.690
2011 03 11 15 42 00 2 4259.693
2011 03 11 15 43 00 2 4259.704
2011 03 11 15 44 00 2 4259.723
2011 03 11 15 45 00 1 9999.000
2011 03 11 15 45 00 2 4259.748
2011 03 11 15 46 00 2 4259.775
2011 03 11 15 47 00 2 4259.790
2011 03 11 15 48 00 2 4259.787
2011 03 11 15 49 00 2 4259.777
2011 03 11 15 50 00 2 4259.765
2011 03 11 15 51 00 2 4259.759
2011 03 11 15 52 00 2 4259.760
2011 03 11 15 53 00 2 4259.762
2011 03 11 15 54 00 2 4259.746
2011 03 11 15 55 00 2 4259.722
2011 03 11 15 56 00 2 4259.694
2011 03 11 15 57 00 2 4259.679
2011 03 11 15 58 00 2 4259.687
2011 03 11 15 59 00 2 4259.700
2011 03 11 16 00 00 1 9999.000
2011 03 11 16 00 00 2 4259.698
2011 03 11 16 01 00 2 4259.682
2011 03 11 16 02 00 2 4259.662
2011 03 11 16 03 00 2 4259.648
2011 03 11 16 04 00 2 4259.639
2011 03 11 16 05 00 2 4259.624
2011 03 11 16 06 00 2 4259.592
2011 03 11 16 07 00 2 4259.560
2011 03 11 16 08 00 2 4259.543
2011 03 11 16 09 00 2 4259.549
2011 03 11 16 10 00 2 4259.569
2011 03 11 16 11 00 2 4259.581
2011 03 11 16 12 00 2 4259.585
2011 03 11 16 13 00 2 4259.582
2011 03 11 16 14 00 2 4259.579
2011 03 11 16 15 00 1 9999.000
2011 03 11 16 15 00 2 4259.580
2011 03 11 16 16 00 2 4259.583
2011 03 11 16 17 00 2 4259.586
2011 03 11 16 18 00 2 4259.580
2011 03 11 16 19 00 2 4259.570
2011 03 11 16 20 00 2 4259.550
2011 03 11 16 21 00 2 4259.538
2011 03 11 16 22 00 2 4259.534
2011 03 11 16 23 00 2 4259.536
2011 03 11 16 24 00 2 4259.542
2011 03 11 16 25 00 2 4259.542
2011 03 11 16 26 00 2 4259.543
2011 03 11 16 27 00 2 4259.552
2011 03 11 16 28 00 2 4259.564
2011 03 11 16 29 00 2 4259.581
2011 03 11 16 30 00 1 9999.000
2011 03 11 16 30 00 2 4259.589
2011 03 11 16 31 00 2 4259.579
2011 03 11 16 32 00 2 4259.548
2011 03 11 16 33 00 2 4259.516
2011 03 11 16 34 00 2 4259.506
2011 03 11 16 35 00 2 4259.524
2011 03 11 16 36 00 2 4259.543
2011 03 11 16 37 00 2 4259.542
2011 03 11 16 38 00 2 4259.528
2011 03 11 16 39 00 2 4259.518
2011 03 11 16 40 00 2 4259.530
2011 03 11 16 41 00 2 4259.544
2011 03 11 16 42 00 2 4259.543
2011 03 11 16 43 00 2 4259.526
2011 03 11 16 44 00 2 4259.511
2011 03 11 16 45 00 1 9999.000
2011 03 11 16 45 00 2 4259.515
2011 03 11 16 46 00 2 4259.532
2011 03 11 16 47 00 2 4259.552
2011 03 11 16 48 00 2 4259.552
2011 03 11 16 49 00 2 4259.537
2011 03 11 16 50 00 2 4259.526
2011 03 11 16 51 00 2 4259.525
2011 03 11 16 52 00 2 4259.523
2011 03 11 16 53 00 2 4259.517
2011 03 11 16 54 00 2 4259.501
2011 03 11 16 55 00 2 4259.483
2011 03 11 16 56 00 2 4259.458
2011 03 11 16 57 00 2 4259.424
2011 03 11 16 58 00 2 4259.397
2011 03 11 16 59 00 2 4259.391
2011 03 11 17 00 00 1 9999.000
2011 03 11 17 00 00 2 4259.404
2011 03 11 17 01 00 2 4259.425
2011 03 11 17 02 00 2 4259.442
2011 03 11 17 03 00 2 4259.459
2011 03 11 17 04 00 2 4259.467
2011 03 11 17 05 00 2 4259.459
2011 03 11 17 06 00 2 4259.442
2011 03 11 17 07 00 2 4259.452
2011 03 11 17 08 00 2 4259.491
2011 03 11 17 09 00 2 4259.524
2011 03 11 17 10 00 2 4259.505
2011 03 11 17 11 00 2 4259.444
2011 03 11 17 12 00 2 4259.394
2011 03 11 17 13 00 2 4259.411
2011 03 11 17 14 00 2 4259.465
2011 03 11 17 15 00 1 9999.000
2011 03 11 17 15 00 2 4259.502
2011 03 11 17 16 00 2 4259.500
2011 03 11 17 17 00 2 4259.480
2011 03 11 17 18 00 2 4259.479
2011 03 11 17 19 00 2 4259.496
2011 03 11 17 20 00 2 4259.502
2011 03 11 17 21 00 2 4259.484
2011 03 11 17 22 00 2 4259.453
2011 03 11 17 23 00 2 4259.439
2011 03 11 17 24 00 2 4259.439
2011 03 11 17 25 00 2 4259.414
2011 03 11 17 26 00 2 4259.368
2011 03 11 17 27 00 2 4259.351
2011 03 11 17 28 00 2 4259.384
2011 03 11 17 29 00 2 4259.413
2011 03 11 17 30 00 1 9999.000
2011 03 11 17 30 00 2 4259.410
2011 03 11 17 31 00 2 4259.411
2011 03 11 17 32 00 2 4259.422
2011 03 11 17 33 00 2 4259.419
2011 03 11 17 34 00 2 4259.420
2011 03 11 17 35 00 2 4259.441
2011 03 11 17 36 00 2 4259.462
2011 03 11 17 37 00 2 4259.454
2011 03 11 17 38 00 2 4259.452
2011 03 11 17 39 00 2 4259.453
2011 03 11 17 40 00 2 4259.428
2011 03 11 17 41 00 2 4259.388
2011 03 11 17 42 00 2 4259.387
2011 03 11 17 43 00 2 4259.404
2011 03 11 17 44 00 2 4259.381
2011 03 11 17 45 00 1 9999.000
2011 03 11 17 45 00 2 4259.355
2011 03 11 17 46 00 2 4259.371
2011 03 11 17 47 00 2 4259.394
2011 03 11 17 48 00 2 4259.390
2011 03 11 17 49 00 2 4259.382
2011 03 11 17 50 00 2 4259.385
2011 03 11 17 51 00 2 4259.376
2011 03 11 17 52 00 2 4259.366
2011 03 11 17 53 00 2 4259.378
2011 03 11 17 54 00 2 4259.389
2011 03 11 17 55 00 2 4259.376
2011 03 11 17 56 00 2 4259.372
2011 03 11 17 57 00 2 4259.398
2011 03 11 17 58 00 2 4259.423
2011 03 11 17 59 00 2 4259.409
2011 03 11 18 00 00 1 9999.000
2011 03 11 18 00 00 2 4259.388
2011 03 11 18 01 00 2 4259.402
2011 03 11 18 02 00 2 4259.428
2011 03 11 18 03 00 2 4259.416
2011 03 11 18 04 00 2 4259.382
2011 03 11 18 05 00 2 4259.403
2011 03 11 18 06 00 2 4259.441
2011 03 11 18 07 00 2 4259.438
2011 03 11 18 08 00 2 4259.435
2011 03 11 18 09 00 2 4259.468
2011 03 11 18 10 00 2 4259.479
2011 03 11 18 11 00 2 4259.439
2011 03 11 18 12 00 2 4259.413
2011 03 11 18 13 00 2 4259.430
2011 03 11 18 14 00 2 4259.437
2011 03 11 18 15 00 1 9999.000
2011 03 11 18 15 00 2 4259.420
2011 03 11 18 16 00 2 4259.411
2011 03 11 18 17 00 2 4259.422
2011 03 11 18 18 00 2 4259.410
2011 03 11 18 19 00 2 4259.389
2011 03 11 18 20 00 2 4259.395
2011 03 11 18 21 00 2 4259.402
2011 03 11 18 22 00 2 4259.373
2011 03 11 18 23 00 2 4259.357
2011 03 11 18 24 00 2 4259.375
2011 03 11 18 25 00 2 4259.369
2011 03 11 18 26 00 2 4259.339
2011 03 11 18 27 00 2 4259.352
2011 03 11 18 28 00 2 4259.397
2011 03 11 18 29 00 2 4259.405
2011 03 11 18 30 00 1 9999.000
2011 03 11 18 30 00 2 4259.401
2011 03 11 18 31 00 2 4259.425
2011 03 11 18 32 00 2 4259.450
2011 03 11 18 33 00 2 4259.431
2011 03 11 18 34 00 2 4259.378
2011 03 11 18 35 00 2 4259.373
2011 03 11 18 36 00 2 4259.416
2011 03 11 18 37 00 2 4259.413
2011 03 11 18 38 00 2 4259.366
2011 03 11 18 39 00 2 4259.365
2011 03 11 18 40 00 2 4259.376
2011 03 11 18 41 00 2 4259.379
2011 03 11 18 42 00 2 4259.394
2011 03 11 18 43 00 2 4259.401
2011 03 11 18 44 00 2 4259.404
2011 03 11 18 45 00 1 9999.000
2011 03 11 18 45 00 2 4259.453
2011 03 11 18 46 00 2 4259.475
2011 03 11 18 47 00 2 4259.435
2011 03 11 18 48 00 2 4259.444
2011 03 11 18 49 00 2 4259.503
2011 03 11 18 50 00 2 4259.498
2011 03 11 18 51 00 2 4259.460
2011 03 11 18 52 00 2 4259.457
2011 03 11 18 53 00 2 4259.484
2011 03 11 18 54 00 2 4259.508
2011 03 11 18 55 00 2 4259.505
2011 03 11 18 56 00 2 4259.503
2011 03 11 18 57 00 2 4259.522
2011 03 11 18 58 00 2 4259.518
2011 03 11 18 59 00 2 4259.493
2011 03 11 19 00 00 1 9999.000
2011 03 11 19 00 00 2 4259.503
2011 03 11 19 01 00 2 4259.516
2011 03 11 19 02 00 2 4259.484
2011 03 11 19 03 00 2 4259.462
2011 03 11 19 04 00 2 4259.486
2011 03 11 19 05 00 2 4259.477
2011 03 11 19 06 00 2 4259.431
2011 03 11 19 07 00 2 4259.441
2011 03 11 19 08 00 2 4259.473
2011 03 11 19 09 00 2 4259.446
2011 03 11 19 10 00 2 4259.444
2011 03 11 19 11 00 2 4259.481
2011 03 11 19 12 00 2 4259.448
2011 03 11 19 13 00 2 4259.414
2011 03 11 19 14 00 2 4259.456
2011 03 11 19 15 00 1 9999.000
2011 03 11 19 15 00 2 4259.453
2011 03 11 19 16 00 2 4259.418
2011 03 11 19 17 00 2 4259.468
2011 03 11 19 18 00 2 4259.486
2011 03 11 19 19 00 2 4259.440
2011 03 11 19 20 00 2 4259.471
2011 03 11 19 21 00 2 4259.523
2011 03 11 19 22 00 2 4259.487
2011 03 11 19 23 00 2 4259.469
2011 03 11 19 24 00 2 4259.515
2011 03 11 19 25 00 2 4259.517
2011 03 11 19 26 00 2 4259.484
2011 03 11 19 27 00 2 4259.509
2011 03 11 19 28 00 2 4259.509
2011 03 11 19 29 00 2 4259.482
2011 03 11 19 30 00 1 9999.000
2011 03 11 19 30 00 2 4259.522
2011 03 11 19 31 00 2 4259.541
2011 03 11 19 32 00 2 4259.502
2011 03 11 19 33 00 2 4259.518
2011 03 11 19 34 00 2 4259.532
2011 03 11 19 35 00 2 4259.511
2011 03 11 19 36 00 2 4259.527
2011 03 11 19 37 00 2 4259.525
2011 03 11 19 38 00 2 4259.506
2011 03 11 19 39 00 2 4259.512
2011 03 11 19 40 00 2 4259.502
2011 03 11 19 41 00 2 4259.496
2011 03 11 19 42 00 2 4259.502
2011 03 11 19 43 00 2 4259.486
2011 03 11 19 44 00 2 4259.501
2011 03 11 19 45 00 1 9999.000
2011 03 11 19 45 00 2 4259.521
2011 03 11 19 46 00 2 4259.509
2011 03 11 19 47 00 2 4259.529
2011 03 11 19 48 00 2 4259.580
2011 03 11 19 49 00 2 4259.588
2011 03 11 19 50 00 2 4259.566
2011 03 11 19 51 00 2 4259.552
2011 03 11 19 52 00 2 4259.548
2011 03 11 19 53 00 2 4259.555
2011 03 11 19 54 00 2 4259.567
2011 03 11 19 55 00 2 4259.563
2011 03 11 19 56 00 2 4259.584
2011 03 11 19 57 00 2 4259.607
2011 03 11 19 58 00 2 4259.564
2011 03 11 19 59 00 2 4259.546
2011 03 11 20 00 00 1 9999.000
2011 03 11 20 00 00 2 4259.581
2011 03 11 20 01 00 2 4259.566
2011 03 11 20 02 00 2 4259.555
2011 03 11 20 03 00 2 4259.572
2011 03 11 20 04 00 2 4259.591
2011 03 11 20 05 00 2 4259.622
2011 03 11 20 06 00 2 4259.604
2011 03 11 20 07 00 2 4259.586
2011 03 11 20 08 00 2 4259.627
2011 03 11 20 09 00 2 4259.607
2011 03 11 20 10 00 2 4259.586
2011 03 11 20 11 00 2 4259.618
2011 03 11 20 12 00 2 4259.599
2011 03 11 20 13 00 2 4259.601
2011 03 11 20 14 00 2 4259.648
2011 03 11 20 15 00 1 9999.000
2011 03 11 20 15 00 2 4259.635
2011 03 11 20 16 00 2 4259.627
2011 03 11 20 17 00 2 4259.640
2011 03 11 20 18 00 2 4259.635
2011 03 11 20 19 00 2 4259.657
2011 03 11 20 20 00 2 4259.689
2011 03 11 20 21 00 2 4259.663
2011 03 11 20 22 00 2 4259.661
2011 03 11 20 23 00 2 4259.689
2011 03 11 20 24 00 2 4259.648
2011 03 11 20 25 00 2 4259.635
2011 03 11 20 26 00 2 4259.668
2011 03 11 20 27 00 2 4259.631
2011 03 11 20 28 00 2 4259.608
2011 03 11 20 29 00 2 4259.627
2011 03 11 20 30 00 1 9999.000
2011 03 11 20 30 00 2 4259.618
2011 03 11 20 31 00 2 4259.629
2011 03 11 20 32 00 2 4259.641
2011 03 11 20 33 00 2 4259.643
2011 03 11 20 34 00 2 4259.666
2011 03 11 20 35 00 2 4259.670
2011 03 11 20 36 00 2 4259.681
2011 03 11 20 37 00 2 4259.689
2011 03 11 20 38 00 2 4259.669
2011 03 11 20 39 00 2 4259.676
2011 03 11 20 40 00 2 4259.680
2011 03 11 20 41 00 2 4259.662
2011 03 11 20 42 00 2 4259.666
2011 03 11 20 43 00 2 4259.662
2011 03 11 20 44 00 2 4259.664
2011 03 11 20 45 00 1 9999.000
2011 03 11 20 45 00 2 4259.687
2011 03 11 20 46 00 2 4259.686
2011 03 11 20 47 00 2 4259.693
2011 03 11 20 48 00 2 4259.709
2011 03 11 20 49 00 2 4259.708
2011 03 11 20 50 00 2 4259.725
2011 03 11 20 51 00 2 4259.742
2011 03 11 20 52 00 2 4259.728
2011 03 11 20 53 00 2 4259.714
2011 03 11 20 54 00 2 4259.707
2011 03 11 20 55 00 2 4259.712
2011 03 11 20 56 00 2 4259.737
2011 03 11 20 57 00 2 4259.728
2011 03 11 20 58 00 2 4259.733
2011 03 11 20 59 00 2 4259.777
2011 03 11 21 00 00 1 9999.000
2011 03 11 21 00 00 2 4259.771
2011 03 11 21 01 00 2 4259.772
2011 03 11 21 02 00 2 4259.805
2011 03 11 21 03 00 2 4259.791
2011 03 11 21 04 00 2 4259.790
2011 03 11 21 05 00 2 4259.805
2011 03 11 21 06 00 2 4259.792
2011 03 11 21 07 00 2 4259.820
2011 03 11 21 08 00 2 4259.843
2011 03 11 21 09 00 2 4259.836
2011 03 11 21 10 00 2 4259.854
2011 03 11 21 11 00 2 4259.852
2011 03 11 21 12 00 2 4259.844
2011 03 11 21 13 00 2 4259.849
2011 03 11 21 14 00 2 4259.836
2011 03 11 21 15 00 1 9999.000
2011 03 11 21 15 00 2 4259.834
2011 03 11 21 16 00 2 4259.806
2011 03 11 21 17 00 2 4259.780
2011 03 11 21 18 00 2 4259.801
2011 03 11 21 19 00 2 4259.785
2011 03 11 21 20 00 2 4259.763
2011 03 11 21 21 00 2 4259.777
2011 03 11 21 22 00 2 4259.769
2011 03 11 21 23 00 2 4259.768
2011 03 11 21 24 00 2 4259.781
2011 03 11 21 25 00 2 4259.795
2011 03 11 21 26 00 2 4259.816
2011 03 11 21 27 00 2 4259.825
2011 03 11 21 28 00 2 4259.838
2011 03 11 21 29 00 2 4259.824
2011 03 11 21 30 00 1 9999.000
2011 03 11 21 30 00 2 4259.813
2011 03 11 21 31 00 2 4259.812
2011 03 11 21 32 00 2 4259.814
2011 03 11 21 33 00 2 4259.855
2011 03 11 21 34 00 2 4259.849
2011 03 11 21 35 00 2 4259.841
2011 03 11 21 36 00 2 4259.884
2011 03 11 21 37 00 2 4259.890
2011 03 11 21 38 00 2 4259.913
2011 03 11 21 39 00 2 4259.929
2011 03 11 21 40 00 2 4259.903
2011 03 11 21 41 00 2 4259.919
2011 03 11 21 42 00 2 4259.898
2011 03 11 21 43 00 2 4259.876
2011 03 11 21 44 00 2 4259.905
2011 03 11 21 45 00 1 9999.000
2011 03 11 21 45 00 2 4259.899
2011 03 11 21 46 00 2 4259.892
2011 03 11 21 47 00 2 4259.901
2011 03 11 21 48 00 2 4259.901
2011 03 11 21 49 00 2 4259.914
2011 03 11 21 50 00 2 4259.928
2011 03 11 21 51 00 2 4259.925
2011 03 11 21 52 00 2 4259.928
2011 03 11 21 53 00 2 4259.934
2011 03 11 21 54 00 2 4259.943
2011 03 11 21 55 00 2 4259.967
2011 03 11 21 56 00 2 4259.959
2011 03 11 21 57 00 2 4259.943
2011 03 11 21 58 00 2 4259.951
2011 03 11 21 59 00 2 4259.947
2011 03 11 22 00 00 1 9999.000
2011 03 11 22 00 00 2 4259.938
2011 03 11 22 01 00 2 4259.933
2011 03 11 22 02 00 2 4259.954
2011 03 11 22 03 00 2 4259.958
2011 03 11 22 04 00 2 4259.969
2011 03 11 22 05 00 2 4259.986
2011 03 11 22 06 00 2 4259.986
2011 03 11 22 07 00 2 4259.997
2011 03 11 22 08 00 2 4259.985
2011 03 11 22 09 00 2 4259.992
2011 03 11 22 10 00 2 4259.975
2011 03 11 22 11 00 2 4259.943
2011 03 11 22 12 00 2 4259.961
2011 03 11 22 13 00 2 4259.961
2011 03 11 22 14 00 2 4259.957
2011 03 11 22 15 00 1 9999.000
2011 03 11 22 15 00 2 4259.963
2011 03 11 22 16 00 2 4259.966
2011 03 11 22 17 00 2 4259.957
2011 03 11 22 18 00 2 4259.958
2011 03 11 22 19 00 2 4259.963
2011 03 11 22 20 00 2 4259.968
2011 03 11 22 21 00 2 4260.002
2011 03 11 22 22 00 2 4260.013
2011 03 11 22 23 00 2 4260.032
2011 03 11 22 24 00 2 4260.028
2011 03 11 22 25 00 2 4260.023
2011 03 11 22 26 00 2 4260.013
2011 03 11 22 27 00 2 4260.013
2011 03 11 22 28 00 2 4260.029
2011 03 11 22 29 00 2 4260.001
2011 03 11 22 30 00 1 9999.000
2011 03 11 22 30 00 2 4260.022
2011 03 11 22 31 00 2 4260.020
2011 03 11 22 32 00 2 4260.012
2011 03 11 22 33 00 2 4260.024
2011 03 11 22 34 00 2 4260.026
2011 03 11 22 35 00 2 4260.043
2011 03 11 22 36 00 2 4260.053
2011 03 11 22 37 00 2 4260.060
2011 03 11 22 38 00 2 4260.078
2011 03 11 22 39 00 2 4260.069
2011 03 11 22 40 00 2 4260.068
2011 03 11 22 41 00 2 4260.089
2011 03 11 22 42 00 2 4260.072
2011 03 11 22 43 00 2 4260.073
2011 03 11 22 44 00 2 4260.068
2011 03 11 22 45 00 1 9999.000
2011 03 11 22 45 00 2 4260.072
2011 03 11 22 46 00 2 4260.068
2011 03 11 22 47 00 2 4260.033
2011 03 11 22 48 00 2 4260.044
2011 03 11 22 49 00 2 4260.064
2011 03 11 22 50 00 2 4260.072
2011 03 11 22 51 00 2 4260.055
2011 03 11 22 52 00 2 4260.071
2011 03 11 22 53 00 2 4260.086
2011 03 11 22 54 00 2 4260.077
2011 03 11 22 55 00 2 4260.080
2011 03 11 22 56 00 2 4260.088
2011 03 11 22 57 00 2 4260.094
2011 03 11 22 58 00 2 4260.108
2011 03 11 22 59 00 2 4260.120
2011 03 11 23 00 00 1 9999.000
2011 03 11 23 00 00 2 4260.112
2011 03 11 23 01 00 2 4260.120
2011 03 11 23 02 00 2 4260.099
2011 03 11 23 03 00 2 4260.112
2011 03 11 23 04 00 2 4260.133
2011 03 11 23 05 00 2 4260.132
2011 03 11 23 06 00 2 4260.140
2011 03 11 23 07 00 2 4260.133
2011 03 11 23 08 00 2 4260.128
2011 03 11 23 09 00 2 4260.115
2011 03 11 23 10 00 2 4260.106
2011 03 11 23 11 00 2 4260.105
2011 03 11 23 12 00 2 4260.112
2011 03 11 23 13 00 2 4260.106
2011 03 11 23 14 00 2 4260.095
2011 03 11 23 15 00 1 9999.000
2011 03 11 23 15 00 2 4260.119
2011 03 11 23 16 00 2 4260.123
2011 03 11 23 17 00 2 4260.134
2011 03 11 23 18 00 2 4260.151
2011 03 11 23 19 00 2 4260.138
2011 03 11 23 20 00 2 4260.157
2011 03 11 23 21 00 2 4260.145
2011 03 11 23 22 00 2 4260.154
2011 03 11 23 23 00 2 4260.156
2011 03 11 23 24 00 2 4260.143
2011 03 11 23 25 00 2 4260.169
2011 03 11 23 26 00 2 4260.153
2011 03 11 23 27 00 2 4260.159
2011 03 11 23 28 00 2 4260.167
2011 03 11 23 29 00 2 4260.151
2011 03 11 23 30 00 1 9999.000
2011 03 11 23 30 00 2 4260.158
2011 03 11 23 31 00 2 4260.157
2011 03 11 23 32 00 2 4260.150
2011 03 11 23 33 00 2 4260.158
2011 03 11 23 34 00 2 4260.165
2011 03 11 23 35 00 2 4260.169
2011 03 11 23 36 00 2 4260.155
2011 03 11 23 37 00 2 4260.161
2011 03 11 23 38 00 2 4260.152
2011 03 11 23 39 00 2 4260.160
2011 03 11 23 40 00 2 4260.157
2011 03 11 23 41 00 2 4260.166
2011 03 11 23 42 00 2 4260.182
2011 03 11 23 43 00 2 4260.170
2011 03 11 23 44 00 2 4260.169
2011 03 11 23 45 00 1 9999.000
2011 03 11 23 45 00 2 4260.162
2011 03 11 23 46 00 2 4260.176
2011 03 11 23 47 00 2 4260.185
2011 03 11 23 48 00 2 4260.191
2011 03 11 23 49 00 2 4260.192
2011 03 11 23 50 00 2 4260.205
2011 03 11 23 51 00 2 4260.222
2011 03 11 23 52 00 2 4260.214
2011 03 11 23 53 00 2 4260.212
2011 03 11 23 54 00 2 4260.226
2011 03 11 23 55 00 2 4260.236
2011 03 11 23 56 00 2 4260.243
2011 03 11 23 57 00 2 4260.239
2011 03 11 23 58 00 2 4260.229
2011 03 11 23 59 00 2 4260.214
2011 03 12 00 00 00 1 9999.000
2011 03 12 00 00 00 2 4260.215
2011 03 12 00 00 30 2 4260.215
2011 03 12 00 01 00 2 4260.220
2011 03 12 00 01 30 2 4260.220
2011 03 12 00 02 00 2 4260.218
2011 03 12 00 02 30 2 4260.218
2011 03 12 00 03 00 2 4260.217
2011 03 12 00 03 30 2 4260.217
2011 03 12 00 04 00 2 4260.228
2011 03 12 00 04 30 2 4260.228
2011 03 12 00 05 00 2 4260.228
2011 03 12 00 05 30 2 4260.228
2011 03 12 00 06 00 2 4260.219
2011 03 12 00 06 30 2 4260.219
2011 03 12 00 07 00 2 4260.214
2011 03 12 00 07 30 2 4260.214
2011 03 12 00 08 00 2 4260.211
2011 03 12 00 08 30 2 4260.211
2011 03 12 00 09 00 2 4260.216
2011 03 12 00 09 30 2 4260.216
2011 03 12 00 10 00 2 4260.210
2011 03 12 00 10 30 2 4260.210
2011 03 12 00 11 00 2 4260.209
2011 03 12 00 11 30 2 4260.209
2011 03 12 00 12 00 2 4260.213
2011 03 12 00 12 30 2 4260.213
2011 03 12 00 13 00 2 4260.191
2011 03 12 00 13 30 2 4260.191
2011 03 12 00 14 00 2 4260.187
2011 03 12 00 14 30 2 4260.187
2011 03 12 00 15 00 1 9999.000
2011 03 12 00 15 00 2 4260.199
2011 03 12 00 15 30 2 4260.199
2011 03 12 00 16 00 2 4260.213
2011 03 12 00 16 30 2 4260.213
2011 03 12 00 17 00 2 4260.205
2011 03 12 00 17 30 2 4260.205
2011 03 12 00 18 00 2 4260.216
2011 03 12 00 18 30 2 4260.216
2011 03 12 00 19 00 2 4260.225
2011 03 12 00 19 30 2 4260.225
2011 03 12 00 20 00 2 4260.236
2011 03 12 00 20 30 2 4260.236
2011 03 12 00 21 00 2 4260.245
2011 03 12 00 21 30 2 4260.245
2011 03 12 00 22 00 2 4260.233
2011 03 12 00 22 30 2 4260.233
2011 03 12 00 23 00 2 4260.234
2011 03 12 00 23 30 2 4260.234
2011 03 12 00 24 00 2 4260.233
2011 03 12 00 24 30 2 4260.233
2011 03 12 00 25 00 2 4260.247
2011 03 12 00 25 30 2 4260.247
2011 03 12 00 26 00 2 4260.228
2011 03 12 00 26 30 2 4260.228
2011 03 12 00 27 00 2 4260.223
2011 03 12 00 27 30 2 4260.223
2011 03 12 00 28 00 2 4260.227
2011 03 12 00 28 30 2 4260.227
2011 03 12 00 29 00 2 4260.224
2011 03 12 00 29 30 2 4260.224
2011 03 12 00 30 00 1 9999.000
2011 03 12 00 30 00 2 4260.202
2011 03 12 00 30 30 2 4260.202
2011 03 12 00 31 00 2 4260.208
2011 03 12 00 31 30 2 4260.208
2011 03 12 00 32 00 2 4260.207
2011 03 12 00 32 30 2 4260.207
2011 03 12 00 33 00 2 4260.205
2011 03 12 00 33 30 2 4260.205
2011 03 12 00 34 00 2 4260.208
2011 03 12 00 34 30 2 4260.208
2011 03 12 00 35 00 2 4260.203
2011 03 12 00 35 30 2 4260.203
2011 03 12 00 36 00 2 4260.189
2011 03 12 00 36 30 2 4260.189
2011 03 12 00 37 00 2 4260.188
2011 03 12 00 37 30 2 4260.188
2011 03 12 00 38 00 2 4260.199
2011 03 12 00 38 30 2 4260.199
2011 03 12 00 39 00 2 4260.185
2011 03 12 00 39 30 2 4260.185
2011 03 12 00 40 00 2 4260.210
2011 03 12 00 40 30 2 4260.210
2011 03 12 00 41 00 2 4260.223
2011 03 12 00 41 30 2 4260.223
2011 03 12 00 42 00 2 4260.207
2011 03 12 00 42 30 2 4260.207
2011 03 12 00 43 00 2 4260.211
2011 03 12 00 43 30 2 4260.211
2011 03 12 00 44 00 2 4260.209
2011 03 12 00 44 30 2 4260.209
2011 03 12 00 45 00 1 9999.000
2011 03 12 00 45 00 2 4260.201
2011 03 12 00 45 30 2 4260.201
2011 03 12 00 46 00 2 4260.219
2011 03 12 00 46 30 2 4260.219
2011 03 12 00 47 00 2 4260.213
2011 03 12 00 47 30 2 4260.213
2011 03 12 00 48 00 2 4260.232
2011 03 12 00 48 30 2 4260.232
2011 03 12 00 49 00 2 4260.242
2011 03 12 00 49 30 2 4260.242
2011 03 12 00 50 00 2 4260.247
2011 03 12 00 50 30 2 4260.247
2011 03 12 00 51 00 2 4260.243
2011 03 12 00 51 30 2 4260.243
2011 03 12 00 52 00 2 4260.256
2011 03 12 00 52 30 2 4260.256
2011 03 12 00 53 00 2 4260.253
2011 03 12 00 53 30 2 4260.253
2011 03 12 00 54 00 2 4260.258
2011 03 12 00 54 30 2 4260.258
2011 03 12 00 55 00 2 4260.248
2011 03 12 00 55 30 2 4260.248
2011 03 12 00 56 00 2 4260.254
2011 03 12 00 56 30 2 4260.254
2011 03 12 00 57 00 2 4260.259
2011 03 12 00 57 30 2 4260.259
2011 03 12 00 58 00 2 4260.251
2011 03 12 00 58 30 2 4260.251
2011 03 12 00 59 00 2 4260.247
2011 03 12 00 59 30 2 4260.247
2011 03 12 01 00 00 1 9999.000
2011 03 12 01 00 00 2 4260.237
2011 03 12 01 00 30 2 4260.237
2011 03 12 01 01 00 2 4260.239
2011 03 12 01 01 30 2 4260.239
2011 03 12 01 02 00 2 4260.231
2011 03 12 01 02 30 2 4260.231
2011 03 12 01 03 00 2 4260.239
2011 03 12 01 03 30 2 4260.239
2011 03 12 01 04 00 2 4260.242
2011 03 12 01 04 30 2 4260.242
2011 03 12 01 05 00 2 4260.250
2011 03 12 01 05 30 2 4260.250
2011 03 12 01 06 00 2 4260.255
2011 03 12 01 06 30 2 4260.255
2011 03 12 01 07 00 2 4260.248
2011 03 12 01 07 30 2 4260.248
2011 03 12 01 08 00 2 4260.242
2011 03 12 01 08 30 2 4260.242
2011 03 12 01 09 00 2 4260.215
2011 03 12 01 09 30 2 4260.215
2011 03 12 01 10 00 2 4260.235
2011 03 12 01 10 30 2 4260.235
2011 03 12 01 11 00 2 4260.234
2011 03 12 01 11 30 2 4260.234
2011 03 12 01 12 00 2 4260.220
2011 03 12 01 12 30 2 4260.220
2011 03 12 01 13 00 2 4260.230
2011 03 12 01 13 30 2 4260.230
2011 03 12 01 14 00 2 4260.216
2011 03 12 01 14 30 2 4260.216
2011 03 12 01 15 00 1 9999.000
2011 03 12 01 15 00 2 4260.225
2011 03 12 01 15 30 2 4260.225
2011 03 12 01 16 00 2 4260.213
2011 03 12 01 16 30 2 4260.213
2011 03 12 01 17 00 2 4260.206
2011 03 12 01 17 30 2 4260.206
2011 03 12 01 18 00 2 4260.204
2011 03 12 01 18 30 2 4260.204
2011 03 12 01 19 00 2 4260.218
2011 03 12 01 19 30 2 4260.218
2011 03 12 01 20 00 2 4260.236
2011 03 12 01 20 30 2 4260.236
2011 03 12 01 21 00 2 4260.231
2011 03 12 01 21 30 2 4260.231
2011 03 12 01 22 00 2 4260.223
2011 03 12 01 22 30 2 4260.223
2011 03 12 01 23 00 2 4260.233
2011 03 12 01 23 30 2 4260.233
2011 03 12 01 24 00 2 4260.232
2011 03 12 01 24 30 2 4260.232
2011 03 12 01 25 00 2 4260.228
2011 03 12 01 25 30 2 4260.228
2011 03 12 01 26 00 2 4260.225
2011 03 12 01 26 30 2 4260.225
2011 03 12 01 27 00 2 4260.222
2011 03 12 01 27 30 2 4260.222
2011 03 12 01 28 00 2 4260.240
2011 03 12 01 28 30 2 4260.240
2011 03 12 01 29 00 2 4260.240
2011 03 12 01 29 30 2 4260.240
2011 03 12 01 30 00 1 9999.000
2011 03 12 01 30 00 2 4260.227
2011 03 12 01 30 30 2 4260.227
2011 03 12 01 31 00 2 4260.227
2011 03 12 01 31 30 2 4260.227
2011 03 12 01 32 00 2 4260.240
2011 03 12 01 32 30 2 4260.240
2011 03 12 01 33 00 2 4260.245
2011 03 12 01 33 30 2 4260.245
2011 03 12 01 34 00 2 4260.236
2011 03 12 01 34 30 2 4260.236
2011 03 12 01 35 00 2 4260.226
2011 03 12 01 35 30 2 4260.226
2011 03 12 01 36 00 2 4260.236
2011 03 12 01 36 30 2 4260.236
2011 03 12 01 37 00 2 4260.240
2011 03 12 01 37 30 2 4260.240
2011 03 12 01 38 00 2 4260.230
2011 03 12 01 38 30 2 4260.230
2011 03 12 01 39 00 2 4260.235
2011 03 12 01 39 30 2 4260.235
2011 03 12 01 40 00 2 4260.235
2011 03 12 01 40 30 2 4260.235
2011 03 12 01 41 00 2 4260.221
2011 03 12 01 41 30 2 4260.221
2011 03 12 01 42 00 2 4260.192
2011 03 12 01 42 30 2 4260.192
2011 03 12 01 43 00 2 4260.209
2011 03 12 01 43 30 2 4260.209
2011 03 12 01 44 00 2 4260.214
2011 03 12 01 44 30 2 4260.214
2011 03 12 01 45 00 1 9999.000
2011 03 12 01 45 00 2 4260.216
2011 03 12 01 45 30 2 4260.216
2011 03 12 01 46 00 2 4260.218
2011 03 12 01 46 30 2 4260.218
2011 03 12 01 47 00 2 4260.210
2011 03 12 01 47 30 2 4260.210
2011 03 12 01 48 00 2 4260.215
2011 03 12 01 48 30 2 4260.215
2011 03 12 01 49 00 2 4260.215
2011 03 12 01 49 30 2 4260.215
2011 03 12 01 50 00 2 4260.210
2011 03 12 01 50 30 2 4260.210
2011 03 12 01 51 00 2 4260.219
2011 03 12 01 51 30 2 4260.219
2011 03 12 01 52 00 2 4260.213
2011 03 12 01 52 30 2 4260.213
2011 03 12 01 53 00 2 4260.207
2011 03 12 01 53 30 2 4260.207
2011 03 12 01 54 00 2 4260.210
2011 03 12 01 54 30 2 4260.210
2011 03 12 01 55 00 2 4260.203
2011 03 12 01 55 30 2 4260.203
2011 03 12 01 56 00 2 4260.191
2011 03 12 01 56 30 2 4260.191
2011 03 12 01 57 00 2 4260.196
2011 03 12 01 57 30 2 4260.196
2011 03 12 01 58 00 2 4260.208
2011 03 12 01 58 30 2 4260.208
2011 03 12 01 59 00 2 4260.217
2011 03 12 01 59 30 2 4260.217
2011 03 12 02 00 00 1 9999.000
2011 03 12 02 00 00 2 4260.211
2011 03 12 02 01 00 2 4260.216
2011 03 12 02 02 00 2 4260.212
2011 03 12 02 03 00 2 4260.210
2011 03 12 02 04 00 2 4260.212
2011 03 12 02 05 00 2 4260.206
2011 03 12 02 06 00 2 4260.209
2011 03 12 02 07 00 2 4260.218
2011 03 12 02 08 00 2 4260.219
2011 03 12 02 09 00 2 4260.218
2011 03 12 02 10 00 2 4260.225
2011 03 12 02 11 00 2 4260.217
2011 03 12 02 12 00 2 4260.215
2011 03 12 02 13 00 2 4260.219
2011 03 12 02 14 00 2 4260.206
2011 03 12 02 15 00 1 9999.000
2011 03 12 02 15 00 2 4260.191
2011 03 12 02 16 00 2 4260.190
2011 03 12 02 17 00 2 4260.195
2011 03 12 02 18 00 2 4260.179
2011 03 12 02 19 00 2 4260.168
2011 03 12 02 20 00 2 4260.163
2011 03 12 02 21 00 2 4260.165
2011 03 12 02 22 00 2 4260.173
2011 03 12 02 23 00 2 4260.164
2011 03 12 02 24 00 2 4260.165
2011 03 12 02 25 00 2 4260.173
2011 03 12 02 26 00 2 4260.168
2011 03 12 02 27 00 2 4260.156
2011 03 12 02 28 00 2 4260.146
2011 03 12 02 29 00 2 4260.147
2011 03 12 02 30 00 1 9999.000
2011 03 12 02 30 00 2 4260.142
2011 03 12 02 31 00 2 4260.163
2011 03 12 02 32 00 2 4260.157
2011 03 12 02 33 00 2 4260.168
2011 03 12 02 34 00 2 4260.175
2011 03 12 02 35 00 2 4260.174
2011 03 12 02 36 00 2 4260.176
2011 03 12 02 37 00 2 4260.164
2011 03 12 02 38 00 2 4260.152
2011 03 12 02 39 00 2 4260.155
2011 03 12 02 40 00 2 4260.159
2011 03 12 02 41 00 2 4260.163
2011 03 12 02 42 00 2 4260.163
2011 03 12 02 43 00 2 4260.159
2011 03 12 02 44 00 2 4260.146
2011 03 12 02 45 00 1 9999.000
2011 03 12 02 45 00 2 4260.151
2011 03 12 02 46 00 2 4260.164
2011 03 12 02 47 00 2 4260.154
2011 03 12 02 48 00 2 4260.156
2011 03 12 02 49 00 2 4260.154
2011 03 12 02 50 00 2 4260.152
2011 03 12 02 51 00 2 4260.142
2011 03 12 02 52 00 2 4260.144
2011 03 12 02 53 00 2 4260.152
2011 03 12 02 54 00 2 4260.145
2011 03 12 02 55 00 2 4260.145
2011 03 12 02 56 00 2 4260.142
2011 03 12 02 57 00 2 4260.143
2011 03 12 02 58 00 2 4260.136
2011 03 12 02 59 00 2 4260.120
2011 03 12 03 00 00 1 9999.000
2011 03 12 03 00 00 2 4260.113
2011 03 12 03 01 00 2 4260.102
2011 03 12 03 02 00 2 4260.090
2011 03 12 03 03 00 2 4260.088
2011 03 12 03 04 00 2 4260.101
2011 03 12 03 05 00 2 4260.111
2011 03 12 03 06 00 2 4260.113
2011 03 12 03 07 00 2 4260.126
2011 03 12 03 08 00 2 4260.118
2011 03 12 03 09 00 2 4260.105
2011 03 12 03 10 00 2 4260.115
2011 03 12 03 11 00 2 4260.111
2011 03 12 03 12 00 2 4260.126
2011 03 12 03 13 00 2 4260.131
2011 03 12 03 14 00 2 4260.126
2011 03 12 03 15 00 1 9999.000
2011 03 12 03 15 00 2 4260.103
2011 03 12 03 16 00 2 4260.091
2011 03 12 03 17 00 2 4260.074
2011 03 12 03 18 00 2 4260.062
2011 03 12 03 19 00 2 4260.071
2011 03 12 03 20 00 2 4260.077
2011 03 12 03 21 00 2 4260.083
2011 03 12 03 22 00 2 4260.079
2011 03 12 03 23 00 2 4260.087
2011 03 12 03 24 00 2 4260.075
2011 03 12 03 25 00 2 4260.067
2011 03 12 03 26 00 2 4260.074
2011 03 12 03 27 00 2 4260.090
2011 03 12 03 28 00 2 4260.090
2011 03 12 03 29 00 2 4260.103
2011 03 12 03 30 00 1 9999.000
2011 03 12 03 30 00 2 4260.100
2011 03 12 03 31 00 2 4260.094
2011 03 12 03 32 00 2 4260.105
2011 03 12 03 33 00 2 4260.108
2011 03 12 03 34 00 2 4260.106
2011 03 12 03 35 00 2 4260.101
2011 03 12 03 36 00 2 4260.114
2011 03 12 03 37 00 2 4260.121
2011 03 12 03 38 00 2 4260.117
2011 03 12 03 39 00 2 4260.116
2011 03 12 03 40 00 2 4260.117
2011 03 12 03 41 00 2 4260.099
2011 03 12 03 42 00 2 4260.094
2011 03 12 03 43 00 2 4260.102
2011 03 12 03 44 00 2 4260.095
2011 03 12 03 45 00 1 9999.000
2011 03 12 03 45 00 2 4260.104
2011 03 12 03 46 00 2 4260.098
2011 03 12 03 47 00 2 4260.094
2011 03 12 03 48 00 2 4260.079
2011 03 12 03 49 00 2 4260.055
2011 03 12 03 50 00 2 4260.059
2011 03 12 03 51 00 2 4260.075
2011 03 12 03 52 00 2 4260.074
2011 03 12 03 53 00 2 4260.077
2011 03 12 03 54 00 2 4260.070
2011 03 12 03 55 00 2 4260.066
2011 03 12 03 56 00 2 4260.061
2011 03 12 03 57 00 2 4260.074
2011 03 12 03 58 00 2 4260.076
2011 03 12 03 59 00 2 4260.077
2011 03 12 04 00 00 1 9999.000
2011 03 12 04 00 00 2 4260.074
2011 03 12 04 01 00 2 4260.080
2011 03 12 04 02 00 2 4260.077
2011 03 12 04 03 00 2 4260.072
2011 03 12 04 04 00 2 4260.079
2011 03 12 04 05 00 2 4260.082
2011 03 12 04 06 00 2 4260.077
2011 03 12 04 07 00 2 4260.074
2011 03 12 04 08 00 2 4260.078
2011 03 12 04 09 00 2 4260.069
2011 03 12 04 10 00 2 4260.062
2011 03 12 04 11 00 2 4260.044
2011 03 12 04 12 00 2 4260.048
2011 03 12 04 13 00 2 4260.057
2011 03 12 04 14 00 2 4260.064
2011 03 12 04 15 00 1 9999.000
2011 03 12 04 15 00 2 4260.087
2011 03 12 04 16 00 2 4260.080
2011 03 12 04 17 00 2 4260.082
2011 03 12 04 18 00 2 4260.079
2011 03 12 04 19 00 2 4260.056
2011 03 12 04 20 00 2 4260.056
2011 03 12 04 21 00 2 4260.048
2011 03 12 04 22 00 2 4260.055
2011 03 12 04 23 00 2 4260.049
2011 03 12 04 24 00 2 4260.053
2011 03 12 04 25 00 2 4260.061
2011 03 12 04 26 00 2 4260.067
2011 03 12 04 27 00 2 4260.064
2011 03 12 04 28 00 2 4260.073
2011 03 12 04 29 00 2 4260.068
2011 03 12 04 30 00 1 9999.000
2011 03 12 04 30 00 2 4260.058
2011 03 12 04 31 00 2 4260.059
2011 03 12 04 32 00 2 4260.064
2011 03 12 04 33 00 2 4260.065
2011 03 12 04 34 00 2 4260.068
2011 03 12 04 35 00 2 4260.065
2011 03 12 04 36 00 2 4260.058
2011 03 12 04 37 00 2 4260.051
2011 03 12 04 38 00 2 4260.052
2011 03 12 04 39 00 2 4260.051
2011 03 12 04 40 00 2 4260.058
2011 03 12 04 41 00 2 4260.053
2011 03 12 04 42 00 2 4260.040
2011 03 12 04 43 00 2 4260.039
2011 03 12 04 44 00 2 4260.046
2011 03 12 04 45 00 1 9999.000
2011 03 12 04 45 00 2 4260.041
2011 03 12 04 46 00 2 4260.044
2011 03 12 04 47 00 2 4260.048
2011 03 12 04 48 00 2 4260.053
2011 03 12 04 49 00 2 4260.067
2011 03 12 04 50 00 2 4260.081
2011 03 12 04 51 00 2 4260.090
2011 03 12 04 52 00 2 4260.080
2011 03 12 04 53 00 2 4260.067
2011 03 12 04 54 00 2 4260.053
2011 03 12 04 55 00 2 4260.055
2011 03 12 04 56 00 2 4260.056
2011 03 12 04 57 00 2 4260.059
2011 03 12 04 58 00 2 4260.069
2011 03 12 04 59 00 2 4260.065
2011 03 12 05 00 00 1 9999.000
2011 03 12 05 00 00 2 4260.061
2011 03 12 05 01 00 2 4260.049
2011 03 12 05 02 00 2 4260.039
2011 03 12 05 03 00 2 4260.052
2011 03 12 05 04 00 2 4260.072
2011 03 12 05 05 00 2 4260.056
2011 03 12 05 06 00 2 4260.050
2011 03 12 05 07 00 2 4260.045
2011 03 12 05 08 00 2 4260.037
2011 03 12 05 09 00 2 4260.052
2011 03 12 05 10 00 2 4260.063
2011 03 12 05 11 00 2 4260.045
2011 03 12 05 12 00 2 4260.045
2011 03 12 05 13 00 2 4260.051
2011 03 12 05 14 00 2 4260.072
2011 03 12 05 15 00 1 9999.000
2011 03 12 05 15 00 2 4260.085
2011 03 12 05 16 00 2 4260.071
2011 03 12 05 17 00 2 4260.063
2011 03 12 05 18 00 2 4260.062
2011 03 12 05 19 00 2 4260.066
2011 03 12 05 20 00 2 4260.057
2011 03 12 05 21 00 2 4260.056
2011 03 12 05 22 00 2 4260.060
2011 03 12 05 23 00 2 4260.056
2011 03 12 05 24 00 2 4260.050
2011 03 12 05 25 00 2 4260.051
2011 03 12 05 26 00 2 4260.051
2011 03 12 05 27 00 2 4260.043
2011 03 12 05 28 00 2 4260.035
2011 03 12 05 29 00 2 4260.030
2011 03 12 05 30 00 1 9999.000
2011 03 12 05 30 00 2 4260.040
2011 03 12 05 31 00 2 4260.041
2011 03 12 05 32 00 2 4260.052
2011 03 12 05 33 00 2 4260.056
2011 03 12 05 34 00 2 4260.058
2011 03 12 05 35 00 2 4260.066
2011 03 12 05 36 00 2 4260.069
2011 03 12 05 37 00 2 4260.074
2011 03 12 05 38 00 2 4260.081
2011 03 12 05 39 00 2 4260.091
2011 03 12 05 40 00 2 4260.091
2011 03 12 05 41 00 2 4260.097
2011 03 12 05 42 00 2 4260.096
2011 03 12 05 43 00 2 4260.109
2011 03 12 05 44 00 2 4260.114
2011 03 12 05 45 00 1 9999.000
2011 03 12 05 45 00 2 4260.107
2011 03 12 05 46 00 2 4260.114
2011 03 12 05 47 00 2 4260.116
2011 03 12 05 48 00 2 4260.106
2011 03 12 05 49 00 2 4260.108
2011 03 12 05 50 00 2 4260.102
2011 03 12 05 51 00 2 4260.099
2011 03 12 05 52 00 2 4260.092
2011 03 12 05 53 00 2 4260.093
2011 03 12 05 54 00 2 4260.096
2011 03 12 05 55 00 2 4260.099
2011 03 12 05 56 00 2 4260.090
2011 03 12 05 57 00 2 4260.103
2011 03 12 05 58 00 2 4260.102
2011 03 12 05 59 00 2 4260.093
2011 03 12 06 00 00 1 9999.000
2011 03 12 06 00 00 2 4260.086
2011 03 12 06 01 00 2 4260.097
2011 03 12 06 02 00 2 4260.103
2011 03 12 06 03 00 2 4260.110
2011 03 12 06 04 00 2 4260.106
2011 03 12 06 05 00 2 4260.102
2011 03 12 06 06 00 2 4260.118
2011 03 12 06 07 00 2 4260.119
2011 03 12 06 08 00 2 4260.109
2011 03 12 06 09 00 2 4260.100
2011 03 12 06 10 00 2 4260.092
2011 03 12 06 11 00 2 4260.091
2011 03 12 06 12 00 2 4260.088
2011 03 12 06 13 00 2 4260.096
2011 03 12 06 14 00 2 4260.101
2011 03 12 06 15 00 1 9999.000
2011 03 12 06 15 00 2 4260.112
2011 03 12 06 16 00 2 4260.118
2011 03 12 06 17 00 2 4260.100
2011 03 12 06 18 00 2 4260.094
2011 03 12 06 19 00 2 4260.104
2011 03 12 06 20 00 2 4260.114
2011 03 12 06 21 00 2 4260.115
2011 03 12 06 22 00 2 4260.118
2011 03 12 06 23 00 2 4260.120
2011 03 12 06 24 00 2 4260.119
2011 03 12 06 25 00 2 4260.137
2011 03 12 06 26 00 2 4260.138
2011 03 12 06 27 00 2 4260.142
2011 03 12 06 28 00 2 4260.148
2011 03 12 06 29 00 2 4260.155
2011 03 12 06 30 00 1 9999.000
2011 03 12 06 30 00 2 4260.154
2011 03 12 06 31 00 2 4260.170
2011 03 12 06 32 00 2 4260.183
2011 03 12 06 33 00 2 4260.176
2011 03 12 06 34 00 2 4260.181
2011 03 12 06 35 00 2 4260.178
2011 03 12 06 36 00 2 4260.175
2011 03 12 06 37 00 2 4260.185
2011 03 12 06 38 00 2 4260.179
2011 03 12 06 39 00 2 4260.174
2011 03 12 06 40 00 2 4260.171
2011 03 12 06 41 00 2 4260.168
2011 03 12 06 42 00 2 4260.167
2011 03 12 06 43 00 2 4260.170
2011 03 12 06 44 00 2 4260.165
2011 03 12 06 45 00 1 9999.000
2011 03 12 06 45 00 2 4260.159
2011 03 12 06 46 00 2 4260.157
2011 03 12 06 47 00 2 4260.151
2011 03 12 06 48 00 2 4260.150
2011 03 12 06 49 00 2 4260.166
2011 03 12 06 50 00 2 4260.179
2011 03 12 06 51 00 2 4260.177
2011 03 12 06 52 00 2 4260.166
2011 03 12 06 53 00 2 4260.172
2011 03 12 06 54 00 2 4260.179
2011 03 12 06 55 00 2 4260.181
2011 03 12 06 56 00 2 4260.175
2011 03 12 06 57 00 2 4260.185
2011 03 12 06 58 00 2 4260.169
2011 03 12 06 59 00 2 4260.172
2011 03 12 07 00 00 1 9999.000
2011 03 12 07 00 00 2 4260.197
2011 03 12 07 01 00 2 4260.202
2011 03 12 07 02 00 2 4260.191
2011 03 12 07 03 00 2 4260.198
2011 03 12 07 04 00 2 4260.202
2011 03 12 07 05 00 2 4260.211
2011 03 12 07 06 00 2 4260.198
2011 03 12 07 07 00 2 4260.204
2011 03 12 07 08 00 2 4260.211
2011 03 12 07 09 00 2 4260.221
2011 03 12 07 10 00 2 4260.223
2011 03 12 07 11 00 2 4260.220
2011 03 12 07 12 00 2 4260.227
2011 03 12 07 13 00 2 4260.236
2011 03 12 07 14 00 2 4260.230
2011 03 12 07 15 00 1 9999.000
2011 03 12 07 15 00 2 4260.233
2011 03 12 07 16 00 2 4260.236
2011 03 12 07 17 00 2 4260.233
2011 03 12 07 18 00 2 4260.239
2011 03 12 07 19 00 2 4260.240
2011 03 12 07 20 00 2 4260.237
2011 03 12 07 21 00 2 4260.241
2011 03 12 07 22 00 2 4260.236
2011 03 12 07 23 00 2 4260.236
2011 03 12 07 24 00 2 4260.243
2011 03 12 07 25 00 2 4260.248
2011 03 12 07 26 00 2 4260.249
2011 03 12 07 27 00 2 4260.252
2011 03 12 07 28 00 2 4260.267
2011 03 12 07 29 00 2 4260.265
2011 03 12 07 30 00 1 9999.000
2011 03 12 07 30 00 2 4260.263
2011 03 12 07 31 00 2 4260.267
2011 03 12 07 32 00 2 4260.267
2011 03 12 07 33 00 2 4260.260
2011 03 12 07 34 00 2 4260.255
2011 03 12 07 35 00 2 4260.270
2011 03 12 07 36 00 2 4260.274
2011 03 12 07 37 00 2 4260.268
2011 03 12 07 38 00 2 4260.280
2011 03 12 07 39 00 2 4260.284
2011 03 12 07 40 00 2 4260.291
2011 03 12 07 41 00 2 4260.289
2011 03 12 07 42 00 2 4260.302
2011 03 12 07 43 00 2 4260.304
2011 03 12 07 44 00 2 4260.302
2011 03 12 07 45 00 1 9999.000
2011 03 12 07 45 00 2 4260.302
2011 03 12 07 46 00 2 4260.300
2011 03 12 07 47 00 2 4260.313
2011 03 12 07 48 00 2 4260.313
2011 03 12 07 49 00 2 4260.305
2011 03 12 07 50 00 2 4260.319
2011 03 12 07 51 00 2 4260.327
2011 03 12 07 52 00 2 4260.325
2011 03 12 07 53 00 2 4260.335
2011 03 12 07 54 00 2 4260.335
2011 03 12 07 55 00 2 4260.350
2011 03 12 07 56 00 2 4260.360
2011 03 12 07 57 00 2 4260.358
2011 03 12 07 58 00 2 4260.367
2011 03 12 07 59 00 2 4260.367
2011 03 12 08 00 00 1 9999.000
2011 03 12 08 00 00 2 4260.365
2011 03 12 08 01 00 2 4260.371
2011 03 12 08 02 00 2 4260.374
2011 03 12 08 03 00 2 4260.375
2011 03 12 08 04 00 2 4260.377
2011 03 12 08 05 00 2 4260.386
2011 03 12 08 06 00 2 4260.396
2011 03 12 08 07 00 2 4260.396
2011 03 12 08 08 00 2 4260.407
2011 03 12 08 09 00 2 4260.413
2011 03 12 08 10 00 2 4260.404
2011 03 12 08 11 00 2 4260.402
2011 03 12 08 12 00 2 4260.403
2011 03 12 08 13 00 2 4260.398
2011 03 12 08 14 00 2 4260.405
2011 03 12 08 15 00 1 9999.000
2011 03 12 08 15 00 2 4260.410
2011 03 12 08 16 00 2 4260.416
2011 03 12 08 17 00 2 4260.421
2011 03 12 08 18 00 2 4260.422
2011 03 12 08 19 00 2 4260.419
2011 03 12 08 20 00 2 4260.415
2011 03 12 08 21 00 2 4260.417
2011 03 12 08 22 00 2 4260.421
2011 03 12 08 23 00 2 4260.428
2011 03 12 08 24 00 2 4260.432
2011 03 12 08 25 00 2 4260.435
2011 03 12 08 26 00 2 4260.437
2011 03 12 08 27 00 2 4260.425
2011 03 12 08 28 00 2 4260.428
2011 03 12 08 29 00 2 4260.436
2011 03 12 08 30 00 1 9999.000
2011 03 12 08 30 00 2 4260.431
2011 03 12 08 31 00 2 4260.430
2011 03 12 08 32 00 2 4260.431
2011 03 12 08 33 00 2 4260.441
2011 03 12 08 34 00 2 4260.451
2011 03 12 08 35 00 2 4260.447
2011 03 12 08 36 00 2 4260.447
2011 03 12 08 37 00 2 4260.444
2011 03 12 08 38 00 2 4260.461
2011 03 12 08 39 00 2 4260.464
2011 03 12 08 40 00 2 4260.475
2011 03 12 08 41 00 2 4260.479
2011 03 12 08 42 00 2 4260.470
2011 03 12 08 43 00 2 4260.465
2011 03 12 08 44 00 2 4260.474
2011 03 12 08 45 00 1 9999.000
2011 03 12 08 45 00 2 4260.496
2011 03 12 08 46 00 2 4260.511
2011 03 12 08 47 00 2 4260.523
2011 03 12 08 48 00 2 4260.518
2011 03 12 08 49 00 2 4260.528
2011 03 12 08 50 00 2 4260.543
2011 03 12 08 51 00 2 4260.543
2011 03 12 08 52 00 2 4260.542
2011 03 12 08 53 00 2 4260.534
2011 03 12 08 54 00 2 4260.524
2011 03 12 08 55 00 2 4260.535
2011 03 12 08 56 00 2 4260.543
2011 03 12 08 57 00 2 4260.543
2011 03 12 08 58 00 2 4260.547
2011 03 12 08 59 00 2 4260.538
2011 03 12 09 00 00 1 9999.000
2011 03 12 09 00 00 2 4260.535
2011 03 12 09 01 00 2 4260.529
2011 03 12 09 02 00 2 4260.535
2011 03 12 09 03 00 2 4260.537
2011 03 12 09 04 00 2 4260.534
2011 03 12 09 05 00 2 4260.539
2011 03 12 09 06 00 2 4260.539
2011 03 12 09 07 00 2 4260.544
2011 03 12 09 08 00 2 4260.553
2011 03 12 09 09 00 2 4260.552
2011 03 12 09 10 00 2 4260.554
2011 03 12 09 11 00 2 4260.556
2011 03 12 09 12 00 2 4260.566
2011 03 12 09 13 00 2 4260.558
2011 03 12 09 14 00 2 4260.544
2011 03 12 09 15 00 1 9999.000
2011 03 12 09 15 00 2 4260.554
2011 03 12 09 16 00 2 4260.555
2011 03 12 09 17 00 2 4260.548
2011 03 12 09 18 00 2 4260.551
2011 03 12 09 19 00 2 4260.556
2011 03 12 09 20 00 2 4260.556
2011 03 12 09 21 00 2 4260.563
2011 03 12 09 22 00 2 4260.571
2011 03 12 09 23 00 2 4260.580
2011 03 12 09 24 00 2 4260.588
2011 03 12 09 25 00 2 4260.585
2011 03 12 09 26 00 2 4260.592
2011 03 12 09 27 00 2 4260.590
2011 03 12 09 28 00 2 4260.592
2011 03 12 09 29 00 2 4260.597
2011 03 12 09 30 00 1 9999.000
2011 03 12 09 30 00 2 4260.591
2011 03 12 09 31 00 2 4260.604
2011 03 12 09 32 00 2 4260.606
2011 03 12 09 33 00 2 4260.608
2011 03 12 09 34 00 2 4260.624
2011 03 12 09 35 00 2 4260.631
2011 03 12 09 36 00 2 4260.635
2011 03 12 09 37 00 2 4260.642
2011 03 12 09 38 00 2 4260.640
2011 03 12 09 39 00 2 4260.635
2011 03 12 09 40 00 2 4260.640
2011 03 12 09 41 00 2 4260.637
2011 03 12 09 42 00 2 4260.626
2011 03 12 09 43 00 2 4260.627
2011 03 12 09 44 00 2 4260.629
2011 03 12 09 45 00 1 9999.000
2011 03 12 09 45 00 2 4260.627
2011 03 12 09 46 00 2 4260.626
2011 03 12 09 47 00 2 4260.635
2011 03 12 09 48 00 2 4260.643
2011 03 12 09 49 00 2 4260.647
2011 03 12 09 50 00 2 4260.657
2011 03 12 09 51 00 2 4260.649
2011 03 12 09 52 00 2 4260.638
2011 03 12 09 53 00 2 4260.656
2011 03 12 09 54 00 2 4260.662
2011 03 12 09 55 00 2 4260.665
2011 03 12 09 56 00 2 4260.675
2011 03 12 09 57 00 2 4260.686
2011 03 12 09 58 00 2 4260.685
2011 03 12 09 59 00 2 4260.696
2011 03 12 10 00 00 1 9999.000
2011 03 12 10 00 00 2 4260.700
2011 03 12 10 01 00 2 4260.685
2011 03 12 10 02 00 2 4260.688
2011 03 12 10 03 00 2 4260.692
2011 03 12 10 04 00 2 4260.689
2011 03 12 10 05 00 2 4260.699
2011 03 12 10 06 00 2 4260.698
2011 03 12 10 07 00 2 4260.695
2011 03 12 10 08 00 2 4260.699
2011 03 12 10 09 00 2 4260.689
2011 03 12 10 10 00 2 4260.687
2011 03 12 10 11 00 2 4260.684
2011 03 12 10 12 00 2 4260.682
2011 03 12 10 13 00 2 4260.687
2011 03 12 10 14 00 2 4260.686
2011 03 12 10 15 00 1 9999.000
2011 03 12 10 15 00 2 4260.680
2011 03 12 10 16 00 2 4260.688
2011 03 12 10 17 00 2 4260.698
2011 03 12 10 18 00 2 4260.701
2011 03 12 10 19 00 2 4260.706
2011 03 12 10 20 00 2 4260.717
2011 03 12 10 21 00 2 4260.719
2011 03 12 10 22 00 2 4260.715
2011 03 12 10 23 00 2 4260.722
2011 03 12 10 24 00 2 4260.727
2011 03 12 10 25 00 2 4260.730
2011 03 12 10 26 00 2 4260.734
2011 03 12 10 27 00 2 4260.732
2011 03 12 10 28 00 2 4260.735
2011 03 12 10 29 00 2 4260.733
2011 03 12 10 30 00 1 9999.000
2011 03 12 10 30 00 2 4260.715
2011 03 12 10 31 00 2 4260.725
2011 03 12 10 32 00 2 4260.733
2011 03 12 10 33 00 2 4260.732
2011 03 12 10 34 00 2 4260.733
2011 03 12 10 35 00 2 4260.741
2011 03 12 10 36 00 2 4260.746
2011 03 12 10 37 00 2 4260.746
2011 03 12 10 38 00 2 4260.753
2011 03 12 10 39 00 2 4260.755
2011 03 12 10 40 00 2 4260.747
2011 03 12 10 41 00 2 4260.756
2011 03 12 10 42 00 2 4260.756
2011 03 12 10 43 00 2 4260.755
2011 03 12 10 44 00 2 4260.744
2011 03 12 10 45 00 1 9999.000
2011 03 12 10 45 00 2 4260.732
2011 03 12 10 46 00 2 4260.737
2011 03 12 10 47 00 2 4260.738
2011 03 12 10 48 00 2 4260.745
2011 03 12 10 49 00 2 4260.747
2011 03 12 10 50 00 2 4260.746
2011 03 12 10 51 00 2 4260.754
2011 03 12 10 52 00 2 4260.755
2011 03 12 10 53 00 2 4260.748
2011 03 12 10 54 00 2 4260.751
2011 03 12 10 55 00 2 4260.760
2011 03 12 10 56 00 2 4260.758
2011 03 12 10 57 00 2 4260.755
2011 03 12 10 58 00 2 4260.769
2011 03 12 10 59 00 2 4260.769
2011 03 12 11 00 00 1 9999.000
2011 03 12 11 00 00 2 4260.767
2011 03 12 11 01 00 2 4260.771
2011 03 12 11 02 00 2 4260.770
2011 03 12 11 03 00 2 4260.774
2011 03 12 11 04 00 2 4260.778
2011 03 12 11 05 00 2 4260.780
2011 03 12 11 06 00 2 4260.774
2011 03 12 11 07 00 2 4260.769
2011 03 12 11 08 00 2 4260.772
2011 03 12 11 09 00 2 4260.767
2011 03 12 11 10 00 2 4260.759
2011 03 12 11 11 00 2 4260.764
2011 03 12 11 12 00 2 4260.765
2011 03 12 11 13 00 2 4260.756
2011 03 12 11 14 00 2 4260.764
2011 03 12 11 15 00 1 9999.000
2011 03 12 11 15 00 2 4260.776
2011 03 12 11 16 00 2 4260.774
2011 03 12 11 17 00 2 4260.773
2011 03 12 11 18 00 2 4260.777
2011 03 12 11 19 00 2 4260.758
2011 03 12 11 20 00 2 4260.754
2011 03 12 11 21 00 2 4260.750
2011 03 12 11 22 00 2 4260.749
2011 03 12 11 23 00 2 4260.762
2011 03 12 11 24 00 2 4260.760
2011 03 12 11 25 00 2 4260.759
2011 03 12 11 26 00 2 4260.763
2011 03 12 11 27 00 2 4260.761
2011 03 12 11 28 00 2 4260.754
2011 03 12 11 29 00 2 4260.754
2011 03 12 11 30 00 1 9999.000
2011 03 12 11 30 00 2 4260.752
2011 03 12 11 31 00 2 4260.748
2011 03 12 11 32 00 2 4260.756
2011 03 12 11 33 00 2 4260.762
2011 03 12 11 34 00 2 4260.762
2011 03 12 11 35 00 2 4260.773
2011 03 12 11 36 00 2 4260.764
2011 03 12 11 37 00 2 4260.755
2011 03 12 11 38 00 2 4260.760
2011 03 12 11 39 00 2 4260.754
2011 03 12 11 40 00 2 4260.764
2011 03 12 11 41 00 2 4260.775
2011 03 12 11 42 00 2 4260.773
2011 03 12 11 43 00 2 4260.773
2011 03 12 11 44 00 2 4260.779
2011 03 12 11 45 00 1 9999.000
2011 03 12 11 45 00 2 4260.774
2011 03 12 11 46 00 2 4260.764
2011 03 12 11 47 00 2 4260.764
2011 03 12 11 48 00 2 4260.771
2011 03 12 11 49 00 2 4260.775
2011 03 12 11 50 00 2 4260.779
2011 03 12 11 51 00 2 4260.780
2011 03 12 11 52 00 2 4260.772
2011 03 12 11 53 00 2 4260.762
2011 03 12 11 54 00 2 4260.753
2011 03 12 11 55 00 2 4260.749
2011 03 12 11 56 00 2 4260.740
2011 03 12 11 57 00 2 4260.731
2011 03 12 11 58 00 2 4260.741
2011 03 12 11 59 00 2 4260.749
2011 03 12 12 00 00 1 9999.000
2011 03 12 12 00 00 2 4260.755
2011 03 12 12 01 00 2 4260.760
2011 03 12 12 02 00 2 4260.758
2011 03 12 12 03 00 2 4260.748
2011 03 12 12 04 00 2 4260.741
2011 03 12 12 05 00 2 4260.742
2011 03 12 12 06 00 2 4260.745
2011 03 12 12 07 00 2 4260.743
2011 03 12 12 08 00 2 4260.744
2011 03 12 12 09 00 2 4260.747
2011 03 12 12 10 00 2 4260.746
2011 03 12 12 11 00 2 4260.737
2011 03 12 12 12 00 2 4260.728
2011 03 12 12 13 00 2 4260.725
2011 03 12 12 14 00 2 4260.719
2011 03 12 12 15 00 1 9999.000
2011 03 12 12 15 00 2 4260.712
2011 03 12 12 16 00 2 4260.711
2011 03 12 12 17 00 2 4260.711
2011 03 12 12 18 00 2 4260.708
2011 03 12 12 19 00 2 4260.709
2011 03 12 12 20 00 2 4260.698
2011 03 12 12 21 00 2 4260.690
2011 03 12 12 22 00 2 4260.682
2011 03 12 12 23 00 2 4260.676
2011 03 12 12 24 00 2 4260.674
2011 03 12 12 25 00 2 4260.665
2011 03 12 12 26 00 2 4260.665
2011 03 12 12 27 00 2 4260.679
2011 03 12 12 28 00 2 4260.695
2011 03 12 12 29 00 2 4260.699
2011 03 12 12 30 00 1 9999.000
2011 03 12 12 30 00 2 4260.703
2011 03 12 12 31 00 2 4260.709
2011 03 12 12 32 00 2 4260.711
2011 03 12 12 33 00 2 4260.706
2011 03 12 12 34 00 2 4260.711
2011 03 12 12 35 00 2 4260.718
2011 03 12 12 36 00 2 4260.703
2011 03 12 12 37 00 2 4260.700
2011 03 12 12 38 00 2 4260.709
2011 03 12 12 39 00 2 4260.705
2011 03 12 12 40 00 2 4260.700
2011 03 12 12 41 00 2 4260.690
2011 03 12 12 42 00 2 4260.686
2011 03 12 12 43 00 2 4260.687
2011 03 12 12 44 00 2 4260.685
2011 03 12 12 45 00 1 9999.000
2011 03 12 12 45 00 2 4260.682
2011 03 12 12 46 00 2 4260.678
2011 03 12 12 47 00 2 4260.671
2011 03 12 12 48 00 2 4260.667
2011 03 12 12 49 00 2 4260.667
2011 03 12 12 50 00 2 4260.658
2011 03 12 12 51 00 2 4260.654
2011 03 12 12 52 00 2 4260.657
2011 03 12 12 53 00 2 4260.653
2011 03 12 12 54 00 2 4260.650
2011 03 12 12 55 00 2 4260.644
2011 03 12 12 56 00 2 4260.645
2011 03 12 12 57 00 2 4260.645
2011 03 12 12 58 00 2 4260.642
2011 03 12 12 59 00 2 4260.636
2011 03 12 13 00 00 1 9999.000
2011 03 12 13 00 00 2 4260.629
2011 03 12 13 01 00 2 4260.624
2011 03 12 13 02 00 2 4260.614
2011 03 12 13 03 00 2 4260.614
2011 03 12 13 04 00 2 4260.610
2011 03 12 13 05 00 2 4260.608
2011 03 12 13 06 00 2 4260.601
2011 03 12 13 07 00 2 4260.587
2011 03 12 13 08 00 2 4260.580
2011 03 12 13 09 00 2 4260.577
2011 03 12 13 10 00 2 4260.576
2011 03 12 13 11 00 2 4260.578
2011 03 12 13 12 00 2 4260.581
2011 03 12 13 13 00 2 4260.578
2011 03 12 13 14 00 2 4260.587
2011 03 12 13 15 00 1 9999.000
2011 03 12 13 15 00 2 4260.585
2011 03 12 13 16 00 2 4260.577
2011 03 12 13 17 00 2 4260.575
2011 03 12 13 18 00 2 4260.575
2011 03 12 13 19 00 2 4260.574
2011 03 12 13 20 00 2 4260.569
2011 03 12 13 21 00 2 4260.562
2011 03 12 13 22 00 2 4260.561
2011 03 12 13 23 00 2 4260.550
2011 03 12 13 24 00 2 4260.551
2011 03 12 13 25 00 2 4260.552
2011 03 12 13 26 00 2 4260.549
2011 03 12 13 27 00 2 4260.538
2011 03 12 13 28 00 2 4260.531
2011 03 12 13 29 00 2 4260.538
2011 03 12 13 30 00 1 9999.000
2011 03 12 13 30 00 2 4260.528
2011 03 12 13 31 00 2 4260.525
2011 03 12 13 32 00 2 4260.523
2011 03 12 13 33 00 2 4260.508
2011 03 12 13 34 00 2 4260.502
2011 03 12 13 35 00 2 4260.516
2011 03 12 13 36 00 2 4260.513
2011 03 12 13 37 00 2 4260.517
2011 03 12 13 38 00 2 4260.519
2011 03 12 13 39 00 2 4260.510
2011 03 12 13 40 00 2 4260.511
2011 03 12 13 41 00 2 4260.505
2011 03 12 13 42 00 2 4260.499
2011 03 12 13 43 00 2 4260.504
2011 03 12 13 44 00 2 4260.504
2011 03 12 13 45 00 1 9999.000
2011 03 12 13 45 00 2 4260.489
2011 03 12 13 46 00 2 4260.484
2011 03 12 13 47 00 2 4260.474
2011 03 12 13 48 00 2 4260.471
2011 03 12 13 49 00 2 4260.469
2011 03 12 13 50 00 2 4260.461
2011 03 12 13 51 00 2 4260.457
2011 03 12 13 52 00 2 4260.443
2011 03 12 13 53 00 2 4260.443
2011 03 12 13 54 00 2 4260.451
2011 03 12 13 55 00 2 4260.445
2011 03 12 13 56 00 2 4260.439
2011 03 12 13 57 00 2 4260.435
2011 03 12 13 58 00 2 4260.427
2011 03 12 13 59 00 2 4260.419
2011 03 12 14 00 00 1 9999.000
2011 03 12 14 00 00 2 4260.411
2011 03 12 14 01 00 2 4260.411
2011 03 12 14 02 00 2 4260.412
2011 03 12 14 03 00 2 4260.407
2011 03 12 14 04 00 2 4260.401
2011 03 12 14 05 00 2 4260.396
2011 03 12 14 06 00 2 4260.396
2011 03 12 14 07 00 2 4260.393
2011 03 12 14 08 00 2 4260.388
2011 03 12 14 09 00 2 4260.387
2011 03 12 14 10 00 2 4260.376
2011 03 12 14 11 00 2 4260.371
2011 03 12 14 12 00 2 4260.375
2011 03 12 14 13 00 2 4260.373
2011 03 12 14 14 00 2 4260.369
2011 03 12 14 15 00 1 9999.000
2011 03 12 14 15 00 2 4260.366
2011 03 12 14 16 00 2 4260.370
2011 03 12 14 17 00 2 4260.362
2011 03 12 14 18 00 2 4260.350
2011 03 12 14 19 00 2 4260.343
2011 03 12 14 20 00 2 4260.335
2011 03 12 14 21 00 2 4260.328
2011 03 12 14 22 00 2 4260.326
2011 03 12 14 23 00 2 4260.320
2011 03 12 14 24 00 2 4260.320
2011 03 12 14 25 00 2 4260.317
2011 03 12 14 26 00 2 4260.313
2011 03 12 14 27 00 2 4260.315
2011 03 12 14 28 00 2 4260.302
2011 03 12 14 29 00 2 4260.298
2011 03 12 14 30 00 1 9999.000
2011 03 12 14 30 00 2 4260.295
2011 03 12 14 31 00 2 4260.287
2011 03 12 14 32 00 2 4260.285
2011 03 12 14 33 00 2 4260.278
2011 03 12 14 34 00 2 4260.273
2011 03 12 14 35 00 2 4260.266
2011 03 12 14 36 00 2 4260.272
2011 03 12 14 37 00 2 4260.269
2011 03 12 14 38 00 2 4260.256
2011 03 12 14 39 00 2 4260.253
2011 03 12 14 40 00 2 4260.244
2011 03 12 14 41 00 2 4260.246
2011 03 12 14 42 00 2 4260.244
2011 03 12 14 43 00 2 4260.253
2011 03 12 14 44 00 2 4260.257
2011 03 12 14 45 00 1 9999.000
2011 03 12 14 45 00 2 4260.255
2011 03 12 14 46 00 2 4260.257
2011 03 12 14 47 00 2 4260.258
2011 03 12 14 48 00 2 4260.252
2011 03 12 14 49 00 2 4260.241
2011 03 12 14 50 00 2 4260.230
2011 03 12 14 51 00 2 4260.216
2011 03 12 14 52 00 2 4260.212
2011 03 12 14 53 00 2 4260.207
2011 03 12 14 54 00 2 4260.201
2011 03 12 14 55 00 2 4260.196
2011 03 12 14 56 00 2 4260.190
2011 03 12 14 57 00 2 4260.177
2011 03 12 14 58 00 2 4260.177
2011 03 12 14 59 00 2 4260.178
2011 03 12 15 00 00 1 9999.000
2011 03 12 15 00 00 2 4260.177
2011 03 12 15 01 00 2 4260.172
2011 03 12 15 02 00 2 4260.171
2011 03 12 15 03 00 2 4260.164
2011 03 12 15 04 00 2 4260.162
2011 03 12 15 05 00 2 4260.158
2011 03 12 15 06 00 2 4260.153
2011 03 12 15 07 00 2 4260.152
2011 03 12 15 08 00 2 4260.144
2011 03 12 15 09 00 2 4260.133
2011 03 12 15 10 00 2 4260.126
2011 03 12 15 11 00 2 4260.114
2011 03 12 15 12 00 2 4260.105
2011 03 12 15 13 00 2 4260.088
2011 03 12 15 14 00 2 4260.075
2011 03 12 15 15 00 1 9999.000
2011 03 12 15 15 00 2 4260.072
2011 03 12 15 16 00 2 4260.063
2011 03 12 15 17 00 2 4260.059
2011 03 12 15 18 00 2 4260.056
2011 03 12 15 19 00 2 4260.053
2011 03 12 15 20 00 2 4260.050
2011 03 12 15 21 00 2 4260.047
2011 03 12 15 22 00 2 4260.041
2011 03 12 15 23 00 2 4260.039
2011 03 12 15 24 00 2 4260.037
2011 03 12 15 25 00 2 4260.031
2011 03 12 15 26 00 2 4260.030
2011 03 12 15 27 00 2 4260.031
2011 03 12 15 28 00 2 4260.024
2011 03 12 15 29 00 2 4260.026
2011 03 12 15 30 00 1 9999.000
2011 03 12 15 30 00 2 4260.029
2011 03 12 15 31 00 2 4260.031
2011 03 12 15 32 00 2 4260.030
2011 03 12 15 33 00 2 4260.025
2011 03 12 15 34 00 2 4260.020
2011 03 12 15 35 00 2 4260.010
2011 03 12 15 36 00 2 4260.007
2011 03 12 15 37 00 2 4259.998
2011 03 12 15 38 00 2 4259.994
2011 03 12 15 39 00 2 4259.991
2011 03 12 15 40 00 2 4259.987
2011 03 12 15 41 00 2 4259.987
2011 03 12 15 42 00 2 4259.985
2011 03 12 15 43 00 2 4259.980
2011 03 12 15 44 00 2 4259.971
2011 03 12 15 45 00 1 9999.000
2011 03 12 15 45 00 2 4259.964
2011 03 12 15 46 00 2 4259.961
2011 03 12 15 47 00 2 4259.954
2011 03 12 15 48 00 2 4259.953
2011 03 12 15 49 00 2 4259.954
2011 03 12 15 50 00 2 4259.944
2011 03 12 15 51 00 2 4259.938
2011 03 12 15 52 00 2 4259.938
2011 03 12 15 53 00 2 4259.930
2011 03 12 15 54 00 2 4259.919
2011 03 12 15 55 00 2 4259.919
2011 03 12 15 56 00 2 4259.912
2011 03 12 15 57 00 2 4259.902
2011 03 12 15 58 00 2 4259.893
2011 03 12 15 59 00 2 4259.886
2011 03 12 16 00 00 1 9999.000
2011 03 12 16 00 00 2 4259.880
2011 03 12 16 01 00 2 4259.873
2011 03 12 16 02 00 2 4259.861
2011 03 12 16 03 00 2 4259.858
2011 03 12 16 04 00 2 4259.858
2011 03 12 16 05 00 2 4259.854
2011 03 12 16 06 00 2 4259.854
2011 03 12 16 07 00 2 4259.846
2011 03 12 16 08 00 2 4259.841
2011 03 12 16 09 00 2 4259.836
2011 03 12 16 10 00 2 4259.830
2011 03 12 16 11 00 2 4259.828
2011 03 12 16 12 00 2 4259.822
2011 03 12 16 13 00 2 4259.814
2011 03 12 16 14 00 2 4259.816
2011 03 12 16 15 00 1 9999.000
2011 03 12 16 15 00 2 4259.817
2011 03 12 16 16 00 2 4259.807
2011 03 12 16 17 00 2 4259.806
2011 03 12 16 18 00 2 4259.807
2011 03 12 16 19 00 2 4259.796
2011 03 12 16 20 00 2 4259.795
2011 03 12 16 21 00 2 4259.792
2011 03 12 16 22 00 2 4259.785
2011 03 12 16 23 00 2 4259.779
2011 03 12 16 24 00 2 4259.767
2011 03 12 16 25 00 2 4259.764
2011 03 12 16 26 00 2 4259.755
2011 03 12 16 27 00 2 4259.751
2011 03 12 16 28 00 2 4259.747
2011 03 12 16 29 00 2 4259.746
2011 03 12 16 30 00 1 9999.000
2011 03 12 16 30 00 2 4259.745
2011 03 12 16 31 00 2 4259.747
2011 03 12 16 32 00 2 4259.753
2011 03 12 16 33 00 2 4259.742
2011 03 12 16 34 00 2 4259.746
2011 03 12 16 35 00 2 4259.752
2011 03 12 16 36 00 2 4259.745
2011 03 12 16 37 00 2 4259.736
2011 03 12 16 38 00 2 4259.733
2011 03 12 16 39 00 2 4259.730
2011 03 12 16 40 00 2 4259.722
2011 03 12 16 41 00 2 4259.714
2011 03 12 16 42 00 2 4259.710
2011 03 12 16 43 00 2 4259.707
2011 03 12 16 44 00 2 4259.704
2011 03 12 16 45 00 1 9999.000
2011 03 12 16 45 00 2 4259.697
2011 03 12 16 46 00 2 4259.686
2011 03 12 16 47 00 2 4259.681
2011 03 12 16 48 00 2 4259.682
2011 03 12 16 49 00 2 4259.677
2011 03 12 16 50 00 2 4259.677
2011 03 12 16 51 00 2 4259.678
2011 03 12 16 52 00 2 4259.673
2011 03 12 16 53 00 2 4259.674
2011 03 12 16 54 00 2 4259.675
2011 03 12 16 55 00 2 4259.669
2011 03 12 16 56 00 2 4259.660
2011 03 12 16 57 00 2 4259.653
2011 03 12 16 58 00 2 4259.652
2011 03 12 16 59 00 2 4259.640
2011 03 12 17 00 00 1 9999.000
2011 03 12 17 00 00 2 4259.630
2011 03 12 17 01 00 2 4259.631
2011 03 12 17 02 00 2 4259.636
2011 03 12 17 03 00 2 4259.637
2011 03 12 17 04 00 2 4259.631
2011 03 12 17 05 00 2 4259.633
2011 03 12 17 06 00 2 4259.628
2011 03 12 17 07 00 2 4259.623
2011 03 12 17 08 00 2 4259.611
2011 03 12 17 09 00 2 4259.606
2011 03 12 17 10 00 2 4259.604
2011 03 12 17 11 00 2 4259.604
2011 03 12 17 12 00 2 4259.596
2011 03 12 17 13 00 2 4259.586
2011 03 12 17 14 00 2 4259.588
2011 03 12 17 15 00 1 9999.000
2011 03 12 17 15 00 2 4259.587
2011 03 12 17 16 00 2 4259.588
2011 03 12 17 17 00 2 4259.586
2011 03 12 17 18 00 2 4259.583
2011 03 12 17 19 00 2 4259.588
2011 03 12 17 20 00 2 4259.585
2011 03 12 17 21 00 2 4259.581
2011 03 12 17 22 00 2 4259.579
2011 03 12 17 23 00 2 4259.571
2011 03 12 17 24 00 2 4259.573
2011 03 12 17 25 00 2 4259.569
2011 03 12 17 26 00 2 4259.565
2011 03 12 17 27 00 2 4259.559
2011 03 12 17 28 00 2 4259.557
2011 03 12 17 29 00 2 4259.558
2011 03 12 17 30 00 1 9999.000
2011 03 12 17 30 00 2 4259.552
2011 03 12 17 31 00 2 4259.543
2011 03 12 17 32 00 2 4259.536
2011 03 12 17 33 00 2 4259.532
2011 03 12 17 34 00 2 4259.529
2011 03 12 17 35 00 2 4259.524
2011 03 12 17 36 00 2 4259.526
2011 03 12 17 37 00 2 4259.523
2011 03 12 17 38 00 2 4259.525
2011 03 12 17 39 00 2 4259.514
2011 03 12 17 40 00 2 4259.505
2011 03 12 17 41 00 2 4259.496
2011 03 12 17 42 00 2 4259.484
2011 03 12 17 43 00 2 4259.486
2011 03 12 17 44 00 2 4259.484
2011 03 12 17 45 00 1 9999.000
2011 03 12 17 45 00 2 4259.490
2011 03 12 17 46 00 2 4259.486
2011 03 12 17 47 00 2 4259.485
2011 03 12 17 48 00 2 4259.485
2011 03 12 17 49 00 2 4259.481
2011 03 12 17 50 00 2 4259.480
2011 03 12 17 51 00 2 4259.473
2011 03 12 17 52 00 2 4259.470
2011 03 12 17 53 00 2 4259.470
2011 03 12 17 54 00 2 4259.462
2011 03 12 17 55 00 2 4259.463
2011 03 12 17 56 00 2 4259.462
2011 03 12 17 57 00 2 4259.459
2011 03 12 17 58 00 2 4259.451
2011 03 12 17 59 00 2 4259.451
2011 03 12 18 00 00 1 9999.000
2011 03 12 18 00 00 2 4259.455
2011 03 12 18 01 00 2 4259.461
2011 03 12 18 02 00 2 4259.454
2011 03 12 18 03 00 2 4259.455
2011 03 12 18 04 00 2 4259.461
2011 03 12 18 05 00 2 4259.460
2011 03 12 18 06 00 2 4259.459
2011 03 12 18 07 00 2 4259.455
2011 03 12 18 08 00 2 4259.449
2011 03 12 18 09 00 2 4259.447
2011 03 12 18 10 00 2 4259.446
2011 03 12 18 11 00 2 4259.445
2011 03 12 18 12 00 2 4259.441
2011 03 12 18 13 00 2 4259.438
2011 03 12 18 14 00 2 4259.439
2011 03 12 18 15 00 1 9999.000
2011 03 12 18 15 00 2 4259.434
2011 03 12 18 16 00 2 4259.431
2011 03 12 18 17 00 2 4259.425
2011 03 12 18 18 00 2 4259.434
2011 03 12 18 19 00 2 4259.430
2011 03 12 18 20 00 2 4259.429
2011 03 12 18 21 00 2 4259.431
2011 03 12 18 22 00 2 4259.431
2011 03 12 18 23 00 2 4259.431
2011 03 12 18 24 00 2 4259.425
2011 03 12 18 25 00 2 4259.423
2011 03 12 18 26 00 2 4259.420
2011 03 12 18 27 00 2 4259.419
2011 03 12 18 28 00 2 4259.417
2011 03 12 18 29 00 2 4259.412
2011 03 12 18 30 00 1 9999.000
2011 03 12 18 30 00 2 4259.412
2011 03 12 18 31 00 2 4259.405
2011 03 12 18 32 00 2 4259.404
2011 03 12 18 33 00 2 4259.397
2011 03 12 18 34 00 2 4259.390
2011 03 12 18 35 00 2 4259.393
2011 03 12 18 36 00 2 4259.396
2011 03 12 18 37 00 2 4259.388
2011 03 12 18 38 00 2 4259.383
2011 03 12 18 39 00 2 4259.384
2011 03 12 18 40 00 2 4259.380
2011 03 12 18 41 00 2 4259.384
2011 03 12 18 42 00 2 4259.385
2011 03 12 18 43 00 2 4259.390
2011 03 12 18 44 00 2 4259.397
2011 03 12 18 45 00 1 9999.000
2011 03 12 18 45 00 2 4259.405
2011 03 12 18 46 00 2 4259.405
2011 03 12 18 47 00 2 4259.401
2011 03 12 18 48 00 2 4259.397
2011 03 12 18 49 00 2 4259.398
2011 03 12 18 50 00 2 4259.400
2011 03 12 18 51 00 2 4259.387
2011 03 12 18 52 00 2 4259.388
2011 03 12 18 53 00 2 4259.393
2011 03 12 18 54 00 2 4259.396
2011 03 12 18 55 00 2 4259.391
2011 03 12 18 56 00 2 4259.380
2011 03 12 18 57 00 2 4259.384
2011 03 12 18 58 00 2 4259.387
2011 03 12 18 59 00 2 4259.377
2011 03 12 19 00 00 1 9999.000
2011 03 12 19 15 00 1 4259.397
2011 03 12 19 30 00 1 4259.400
2011 03 12 19 45 00 1 4259.413
2011 03 12 20 00 00 1 4259.397
2011 03 12 20 15 00 1 4259.422
2011 03 12 20 30 00 1 4259.466
2011 03 12 20 45 00 1 4259.494
2011 03 12 21 00 00 1 4259.507
2011 03 12 21 15 00 1 4259.571
2011 03 12 21 30 00 1 4259.591
2011 03 12 21 45 00 1 4259.653
2011 03 12 22 00 00 1 4259.695
2011 03 12 22 15 00 1 4259.762
2011 03 12 22 30 00 1 4259.808
2011 03 12 22 45 00 1 4259.835
2011 03 12 23 00 00 1 4259.880
2011 03 12 23 15 00 1 4259.950
2011 03 12 23 30 00 1 4259.985
2011 03 12 23 45 00 1 4260.024
2011 03 13 00 00 00 1 4260.068
2011 03 13 00 15 00 1 4260.090
2011 03 13 00 30 00 1 4260.134
2011 03 13 00 45 00 1 4260.147
2011 03 13 01 00 00 1 4260.178
2011 03 13 01 15 00 1 4260.204
2011 03 13 01 30 00 1 4260.209
2011 03 13 01 45 00 1 4260.203
2011 03 13 02 00 00 1 4260.228
2011 03 13 02 15 00 1 4260.238
2011 03 13 02 30 00 1 4260.258
2011 03 13 02 45 00 1 4260.254
2011 03 13 03 00 00 1 4260.238
2011 03 13 03 15 00 1 4260.240
2011 03 13 03 30 00 1 4260.231
2011 03 13 03 45 00 1 4260.202
2011 03 13 04 00 00 1 4260.187
2011 03 13 04 15 00 1 4260.189
2011 03 13 04 30 00 1 4260.159
2011 03 13 04 45 00 1 4260.151
2011 03 13 05 00 00 1 4260.138
2011 03 13 05 15 00 1 4260.135
2011 03 13 05 30 00 1 4260.129
2011 03 13 05 45 00 1 4260.136
2011 03 13 06 00 00 1 4260.123
2011 03 13 06 15 00 1 4260.127
2011 03 13 06 30 00 1 4260.132
2011 03 13 06 45 00 1 4260.167
2011 03 13 07 00 00 1 4260.163
2011 03 13 07 15 00 1 4260.171
2011 03 13 07 30 00 1 4260.209
2011 03 13 07 45 00 1 4260.212
2011 03 13 08 00 00 1 4260.265
2011 03 13 08 15 00 1 4260.277
2011 03 13 08 30 00 1 4260.311
2011 03 13 08 45 00 1 4260.354
2011 03 13 09 00 00 1 4260.389
2011 03 13 09 15 00 1 4260.422
2011 03 13 09 30 00 1 4260.469
2011 03 13 09 45 00 1 4260.504
2011 03 13 10 00 00 1 4260.538
2011 03 13 10 15 00 1 4260.581
2011 03 13 10 30 00 1 4260.612
2011 03 13 10 45 00 1 4260.650
2011 03 13 11 00 00 1 4260.691
2011 03 13 11 15 00 1 4260.693
2011 03 13 11 30 00 1 4260.722
2011 03 13 11 45 00 1 4260.749
2011 03 13 12 00 00 1 4260.756
2011 03 13 12 15 00 1 4260.774
2011 03 13 12 30 00 1 4260.766
2011 03 13 12 45 00 1 4260.768
2011 03 13 13 00 00 1 4260.753
2011 03 13 13 15 00 1 4260.744
2011 03 13 13 30 00 1 4260.720
2011 03 13 13 45 00 1 4260.690
2011 03 13 14 00 00 1 4260.661
2011 03 13 14 15 00 1 4260.602
2011 03 13 14 30 00 1 4260.568
2011 03 13 14 45 00 1 4260.511
2011 03 13 15 00 00 1 4260.444
2011 03 13 15 15 00 1 4260.385
2011 03 13 15 30 00 1 4260.312
2011 03 13 15 45 00 1 4260.243
2011 03 13 16 00 00 1 4260.177
2011 03 13 16 15 00 1 4260.100
2011 03 13 16 30 00 1 4260.021
2011 03 13 16 45 00 1 4259.963
2011 03 13 17 00 00 1 4259.883
2011 03 13 17 15 00 1 4259.830
2011 03 13 17 30 00 1 4259.750
2011 03 13 17 45 00 1 4259.683
2011 03 13 18 00 00 1 4259.621
2011 03 13 18 15 00 1 4259.567
2011 03 13 18 30 00 1 4259.513
2011 03 13 18 45 00 1 4259.454
2011 03 13 19 00 00 1 4259.428
2011 03 13 19 15 00 1 4259.390
2011 03 13 19 30 00 1 4259.368
2011 03 13 19 45 00 1 4259.359
2011 03 13 20 00 00 1 4259.337
2011 03 13 20 15 00 1 4259.333
2011 03 13 20 30 00 1 4259.327
2011 03 13 20 45 00 1 4259.336
2011 03 13 21 00 00 1 4259.343
2011 03 13 21 15 00 1 4259.365
2011 03 13 21 30 00 1 4259.383
2011 03 13 21 45 00 1 4259.421
2011 03 13 22 00 00 1 4259.464
2011 03 13 22 15 00 1 4259.505
2011 03 13 22 30 00 1 4259.545
2011 03 13 22 45 00 1 4259.595
2011 03 13 23 00 00 1 4259.658
2011 03 13 23 15 00 1 4259.707
2011 03 13 23 30 00 1 4259.750
2011 03 13 23 45 00 1 4259.811
2011 03 14 00 00 00 1 4259.857
2011 03 14 00 15 00 1 4259.916
2011 03 14 00 30 00 1 4259.968
2011 03 14 00 45 00 1 4260.029
2011 03 14 01 00 00 1 4260.062
2011 03 14 01 15 00 1 4260.092
2011 03 14 01 30 00 1 4260.147
2011 03 14 01 45 00 1 4260.169
2011 03 14 02 00 00 1 4260.221
2011 03 14 02 15 00 1 4260.235
2011 03 14 02 30 00 1 4260.266
2011 03 14 02 45 00 1 4260.291
2011 03 14 03 00 00 1 4260.304
2011 03 14 03 15 00 1 4260.300
2011 03 14 03 30 00 1 4260.308
2011 03 14 03 45 00 1 4260.305
2011 03 14 04 00 00 1 4260.284
2011 03 14 04 15 00 1 4260.290
2011 03 14 04 30 00 1 4260.276
2011 03 14 04 45 00 1 4260.262
2011 03 14 05 00 00 1 4260.244
2011 03 14 05 15 00 1 4260.250
2011 03 14 05 30 00 1 4260.221
2011 03 14 05 45 00 1 4260.214
2011 03 14 06 00 00 1 4260.202
2011 03 14 06 15 00 1 4260.172
2011 03 14 06 30 00 1 4260.167
2011 03 14 06 45 00 1 4260.172
2011 03 14 07 00 00 1 4260.140
2011 03 14 07 15 00 1 4260.137
2011 03 14 07 30 00 1 4260.140
2011 03 14 07 45 00 1 4260.136
2011 03 14 08 00 00 1 4260.152
2011 03 14 08 15 00 1 4260.163
2011 03 14 08 30 00 1 4260.178
2011 03 14 08 45 00 1 4260.194
2011 03 14 09 00 00 1 4260.233
2011 03 14 09 15 00 1 4260.239
2011 03 14 09 30 00 1 4260.278
2011 03 14 09 45 00 1 4260.307
2011 03 14 10 00 00 1 4260.338
2011 03 14 10 15 00 1 4260.380
2011 03 14 10 30 00 1 4260.426
2011 03 14 10 45 00 1 4260.455
2011 03 14 11 00 00 1 4260.493
2011 03 14 11 15 00 1 4260.530
2011 03 14 11 30 00 1 4260.569
2011 03 14 11 45 00 1 4260.602
2011 03 14 12 00 00 1 4260.637
2011 03 14 12 15 00 1 4260.669
2011 03 14 12 30 00 1 4260.691
2011 03 14 12 45 00 1 4260.725
2011 03 14 13 00 00 1 4260.737
2011 03 14 13 15 00 1 4260.738
2011 03 14 13 30 00 1 4260.758
2011 03 14 13 45 00 1 4260.749
2011 03 14 14 00 00 1 4260.748
2011 03 14 14 15 00 1 4260.725
2011 03 14 14 30 00 1 4260.713
2011 03 14 14 45 00 1 4260.675
2011 03 14 15 00 00 1 4260.653
2011 03 14 15 15 00 1 4260.618
2011 03 14 15 30 00 1 4260.558
2011 03 14 15 45 00 1 4260.512
2011 03 14 16 00 00 1 4260.456
2011 03 14 16 15 00 1 4260.382
2011 03 14 16 30 00 1 4260.321
2011 03 14 16 45 00 1 4260.248
2011 03 14 17 00 00 1 4260.166
2011 03 14 17 15 00 1 4260.091
2011 03 14 17 30 00 1 4260.014
2011 03 14 17 45 00 1 4259.937
2011 03 14 18 00 00 1 4259.863
2011 03 14 18 15 00 1 4259.784
2011 03 14 18 30 00 1 4259.709
2011 03 14 18 45 00 1 4259.627
2011 03 14 19 00 00 1 4259.570
2011 03 14 19 15 00 1 4259.508
2011 03 14 19 30 00 1 4259.442
2011 03 14 19 45 00 1 4259.397
2011 03 14 20 00 00 1 4259.359
2011 03 14 20 15 00 1 4259.315
2011 03 14 20 30 00 1 4259.291
2011 03 14 20 45 00 1 4259.271
2011 03 14 21 00 00 1 4259.247
2011 03 14 21 15 00 1 4259.244
2011 03 14 21 30 00 1 4259.241
2011 03 14 21 45 00 1 4259.253
2011 03 14 22 00 00 1 4259.264
2011 03 14 22 15 00 1 4259.287
2011 03 14 22 30 00 1 4259.323
2011 03 14 22 45 00 1 4259.354
2011 03 14 23 00 00 1 4259.403
2011 03 14 23 15 00 1 4259.445
2011 03 14 23 30 00 1 4259.503
2011 03 14 23 45 00 1 4259.556
2011 03 15 00 00 00 1 4259.612
2011 03 15 00 15 00 1 4259.677
2011 03 15 00 30 00 1 4259.735
2011 03 15 00 45 00 1 4259.797
2011 03 15 01 00 00 1 4259.858
2011 03 15 01 15 00 1 4259.923
2011 03 15 01 30 00 1 4259.983
2011 03 15 01 45 00 1 4260.043
2011 03 15 02 00 00 1 4260.097
2011 03 15 02 15 00 1 4260.152
2011 03 15 02 30 00 1 4260.203
2011 03 15 02 45 00 1 4260.251
2011 03 15 03 00 00 1 4260.285
2011 03 15 03 15 00 1 4260.320
2011 03 15 03 30 00 1 4260.342
2011 03 15 03 45 00 1 4260.358
2011 03 15 04 00 00 1 4260.370
2011 03 15 04 15 00 1 4260.379
2011 03 15 04 30 00 1 4260.383
2011 03 15 04 45 00 1 4260.386
2011 03 15 05 00 00 1 4260.369
2011 03 15 05 15 00 1 4260.357
2011 03 15 05 30 00 1 4260.339
2011 03 15 05 45 00 1 4260.329
2011 03 15 06 00 00 1 4260.297
2011 03 15 06 15 00 1 4260.263
2011 03 15 06 30 00 1 4260.249
2011 03 15 06 45 00 1 4260.218
2011 03 15 07 00 00 1 4260.192
2011 03 15 07 15 00 1 4260.169
2011 03 15 07 30 00 1 4260.141
2011 03 15 07 45 00 1 4260.127
2011 03 15 08 00 00 1 4260.107
2011 03 15 08 15 00 1 4260.090
2011 03 15 08 30 00 1 4260.088
2011 03 15 08 45 00 1 4260.080
2011 03 15 09 00 00 1 4260.085
2011 03 15 09 15 00 1 4260.089
2011 03 15 09 30 00 1 4260.103
2011 03 15 09 45 00 1 4260.118
2011 03 15 10 00 00 1 4260.137
2011 03 15 10 15 00 1 4260.164
2011 03 15 10 30 00 1 4260.191
2011 03 15 10 45 00 1 4260.236
2011 03 15 11 00 00 1 4260.268
2011 03 15 11 15 00 1 4260.304
2011 03 15 11 30 00 1 4260.350
2011 03 15 11 45 00 1 4260.400
2011 03 15 12 00 00 1 4260.442
2011 03 15 12 15 00 1 4260.490
2011 03 15 12 30 00 1 4260.531
2011 03 15 12 45 00 1 4260.582
2011 03 15 13 00 00 1 4260.624
2011 03 15 13 15 00 1 4260.664
2011 03 15 13 30 00 1 4260.702
2011 03 15 13 45 00 1 4260.732
2011 03 15 14 00 00 1 4260.759
2011 03 15 14 15 00 1 4260.781
2011 03 15 14 30 00 1 4260.787
2011 03 15 14 45 00 1 4260.802
2011 03 15 15 00 00 1 4260.798
2011 03 15 15 15 00 1 4260.795
2011 03 15 15 30 00 1 4260.770
2011 03 15 15 45 00 1 4260.745
2011 03 15 16 00 00 1 4260.717
2011 03 15 16 15 00 1 4260.671
2011 03 15 16 30 00 1 4260.618
2011 03 15 16 45 00 1 4260.569
2011 03 15 17 00 00 1 4260.509
2011 03 15 17 15 00 1 4260.436
2011 03 15 17 30 00 1 4260.353
2011 03 15 17 45 00 1 4260.279
2011 03 15 18 00 00 1 4260.196
2011 03 15 18 15 00 1 4260.115
2011 03 15 18 30 00 1 4260.021
2011 03 15 18 45 00 1 4259.935
2011 03 15 19 00 00 1 4259.855
2011 03 15 19 15 00 1 4259.769
2011 03 15 19 30 00 1 4259.684
2011 03 15 19 45 00 1 4259.603
2011 03 15 20 00 00 1 4259.526
2011 03 15 20 15 00 1 4259.451
2011 03 15 20 30 00 1 4259.393
2011 03 15 20 45 00 1 4259.337
2011 03 15 21 00 00 1 4259.290
2011 03 15 21 15 00 1 4259.250
2011 03 15 21 30 00 1 4259.217
2011 03 15 21 45 00 1 4259.197
2011 03 15 22 00 00 1 4259.189
2011 03 15 22 15 00 1 4259.181
2011 03 15 22 30 00 1 4259.180
2011 03 15 22 45 00 1 4259.197
2011 03 15 23 00 00 1 4259.215
2011 03 15 23 15 00 1 4259.253
2011 03 15 23 30 00 1 4259.295
2011 03 15 23 45 00 1 4259.336
2011 03 16 00 00 00 1 4259.387
2011 03 16 00 15 00 1 4259.448
2011 03 16 00 30 00 1 4259.508
2011 03 16 00 45 00 1 4259.578
2011 03 16 01 00 00 1 4259.654
2011 03 16 01 15 00 1 4259.729
2011 03 16 01 30 00 1 4259.807
2011 03 16 01 45 00 1 4259.882
2011 03 16 02 00 00 1 4259.960
2011 03 16 02 15 00 1 4260.030
2011 03 16 02 30 00 1 4260.104
2011 03 16 02 45 00 1 4260.167
2011 03 16 03 00 00 1 4260.233
2011 03 16 03 15 00 1 4260.292
2011 03 16 03 30 00 1 4260.341
2011 03 16 03 45 00 1 4260.382
2011 03 16 04 00 00 1 4260.423
2011 03 16 04 15 00 1 4260.451
2011 03 16 04 30 00 1 4260.461
2011 03 16 04 45 00 1 4260.475
2011 03 16 05 00 00 1 4260.480
2011 03 16 05 15 00 1 4260.476
2011 03 16 05 30 00 1 4260.468
2011 03 16 05 45 00 1 4260.457
2011 03 16 06 00 00 1 4260.432
2011 03 16 06 15 00 1 4260.411
2011 03 16 06 30 00 1 4260.374
2011 03 16 06 45 00 1 4260.339
2011 03 16 07 00 00 1 4260.298
2011 03 16 07 15 00 1 4260.259
2011 03 16 07 30 00 1 4260.214
2011 03 16 07 45 00 1 4260.176
2011 03 16 08 00 00 1 4260.137
2011 03 16 08 15 00 1 4260.095
2011 03 16 08 30 00 1 4260.061
2011 03 16 08 45 00 1 4260.033
2011 03 16 09 00 00 1 4260.002
2011 03 16 09 15 00 1 4259.982
2011 03 16 09 30 00 1 4259.973
2011 03 16 09 45 00 1 4259.963
2011 03 16 10 00 00 1 4259.962
2011 03 16 10 15 00 1 4259.967
2011 03 16 10 30 00 1 4259.971
2011 03 16 10 45 00 1 4259.986
2011 03 16 11 00 00 1 4260.009
2011 03 16 11 15 00 1 4260.033
2011 03 16 11 30 00 1 4260.069
2011 03 16 11 45 00 1 4260.111
2011 03 16 12 00 00 1 4260.156
2011 03 16 12 15 00 1 4260.202
2011 03 16 12 30 00 1 4260.268
2011 03 16 12 45 00 1 4260.325
2011 03 16 13 00 00 1 4260.380
2011 03 16 13 15 00 1 4260.440
2011 03 16 13 30 00 1 4260.505
2011 03 16 13 45 00 1 4260.563
2011 03 16 14 00 00 1 4260.623
2011 03 16 14 15 00 1 4260.675
2011 03 16 14 30 00 1 4260.721
2011 03 16 14 45 00 1 4260.765
2011 03 16 15 00 00 1 4260.797
2011 03 16 15 15 00 1 4260.826
2011 03 16 15 30 00 1 4260.846
2011 03 16 15 45 00 1 4260.856
2011 03 16 16 00 00 1 4260.856
2011 03 16 16 15 00 1 4260.849
2011 03 16 16 30 00 1 4260.832
2011 03 16 16 45 00 1 4260.806
2011 03 16 17 00 00 1 4260.775
2011 03 16 17 15 00 1 4260.721
2011 03 16 17 30 00 1 4260.669
2011 03 16 17 45 00 1 4260.610
2011 03 16 18 00 00 1 4260.533
2011 03 16 18 15 00 1 4260.460
2011 03 16 18 30 00 1 4260.377
2011 03 16 18 45 00 1 4260.291
2011 03 16 19 00 00 1 4260.206
2011 03 16 19 15 00 1 4260.109
2011 03 16 19 30 00 1 4260.012
2011 03 16 19 45 00 1 4259.914
2011 03 16 20 00 00 1 4259.824
2011 03 16 20 15 00 1 4259.719
2011 03 16 20 30 00 1 4259.629
2011 03 16 20 45 00 1 4259.542
2011 03 16 21 00 00 1 4259.464
2011 03 16 21 15 00 1 4259.390
2011 03 16 21 30 00 1 4259.328
2011 03 16 21 45 00 1 4259.265
2011 03 16 22 00 00 1 4259.218
2011 03 16 22 15 00 1 4259.182
2011 03 16 22 30 00 1 4259.149
2011 03 16 22 45 00 1 4259.141
2011 03 16 23 00 00 1 4259.135
2011 03 16 23 15 00 1 4259.139
2011 03 16 23 30 00 1 4259.152
2011 03 16 23 45 00 1 4259.176
2011 03 17 00 00 00 1 4259.211
2011 03 17 00 15 00 1 4259.252
2011 03 17 00 30 00 1 4259.305
2011 03 17 00 45 00 1 4259.363
2011 03 17 01 00 00 1 4259.432
2011 03 17 01 15 00 1 4259.510
2011 03 17 01 30 00 1 4259.590
2011 03 17 01 45 00 1 4259.673
2011 03 17 02 00 00 1 4259.757
2011 03 17 02 15 00 1 4259.853
2011 03 17 02 30 00 1 4259.936
2011 03 17 02 45 00 1 4260.021
2011 03 17 03 00 00 1 4260.105
2011 03 17 03 15 00 1 4260.179
2011 03 17 03 30 00 1 4260.257
2011 03 17 03 45 00 1 4260.329
2011 03 17 04 00 00 1 4260.388
2011 03 17 04 15 00 1 4260.444
2011 03 17 04 30 00 1 4260.490
2011 03 17 04 45 00 1 4260.533
2011 03 17 05 00 00 1 4260.562
2011 03 17 05 15 00 1 4260.585
2011 03 17 05 30 00 1 4260.590
2011 03 17 05 45 00 1 4260.593
2011 03 17 06 00 00 1 4260.584
2011 03 17 06 15 00 1 4260.569
2011 03 17 06 30 00 1 4260.535
2011 03 17 06 45 00 1 4260.504
2011 03 17 07 00 00 1 4260.467
2011 03 17 07 15 00 1 4260.411
2011 03 17 07 30 00 1 4260.364
2011 03 17 07 45 00 1 4260.307
2011 03 17 08 00 00 1 4260.243
2011 03 17 08 15 00 1 4260.190
2011 03 17 08 30 00 1 4260.126
2011 03 17 08 45 00 1 4260.070
2011 03 17 09 00 00 1 4260.016
2011 03 17 09 15 00 1 4259.967
2011 03 17 09 30 00 1 4259.916
2011 03 17 09 45 00 1 4259.877
2011 03 17 10 00 00 1 4259.841
2011 03 17 10 15 00 1 4259.813
2011 03 17 10 30 00 1 4259.793
2011 03 17 10 45 00 1 4259.774
2011 03 17 11 00 00 1 4259.777
2011 03 17 11 15 00 1 4259.776
2011 03 17 11 30 00 1 4259.791
2011 03 17 11 45 00 1 4259.819
2011 03 17 12 00 00 1 4259.849
2011 03 17 12 15 00 1 4259.885
2011 03 17 12 30 00 1 4259.929
2011 03 17 12 45 00 1 4259.984
2011 03 17 13 00 00 1 4260.038
2011 03 17 13 15 00 1 4260.102
2011 03 17 13 30 00 1 4260.165
2011 03 17 13 45 00 1 4260.235
2011 03 17 14 00 00 1 4260.311
2011 03 17 14 15 00 1 4260.388
2011 03 17 14 30 00 1 4260.463
2011 03 17 14 45 00 1 4260.531
2011 03 17 15 00 00 1 4260.605
2011 03 17 15 15 00 1 4260.665
2011 03 17 15 30 00 1 4260.724
2011 03 17 15 45 00 1 4260.775
2011 03 17 16 00 00 1 4260.820
2011 03 17 16 15 00 1 4260.854
2011 03 17 16 30 00 1 4260.879
2011 03 17 16 45 00 1 4260.894
2011 03 17 17 00 00 1 4260.894
2011 03 17 17 15 00 1 4260.884
2011 03 17 17 30 00 1 4260.863
2011 03 17 17 45 00 1 4260.833
2011 03 17 18 00 00 1 4260.794
2011 03 17 18 15 00 1 4260.743
2011 03 17 18 30 00 1 4260.684
2011 03 17 18 45 00 1 4260.609
2011 03 17 19 00 00 1 4260.534
2011 03 17 19 15 00 1 4260.451
2011 03 17 19 30 00 1 4260.361
2011 03 17 19 45 00 1 4260.265
2011 03 17 20 00 00 1 4260.162
2011 03 17 20 15 00 1 4260.061
2011 03 17 20 30 00 1 4259.955
2011 03 17 20 45 00 1 4259.857
2011 03 17 21 00 00 1 4259.752
2011 03 17 21 15 00 1 4259.658
2011 03 17 21 30 00 1 4259.563
2011 03 17 21 45 00 1 4259.479
2011 03 17 22 00 00 1 4259.398
2011 03 17 22 15 00 1 4259.329
2011 03 17 22 30 00 1 4259.267
2011 03 17 22 45 00 1 4259.214
2011 03 17 23 00 00 1 4259.173
2011 03 17 23 15 00 1 4259.146
2011 03 17 23 30 00 1 4259.130
2011 03 17 23 45 00 1 4259.117
2011 03 18 00 00 00 1 4259.129
2011 03 18 00 15 00 1 4259.143
2011 03 18 00 30 00 1 4259.175
2011 03 18 00 45 00 1 4259.212
2011 03 18 01 00 00 1 4259.266
2011 03 18 01 15 00 1 4259.328
2011 03 18 01 30 00 1 4259.397
2011 03 18 01 45 00 1 4259.480
2011 03 18 02 00 00 1 4259.569
2011 03 18 02 15 00 1 4259.656
2011 03 18 02 30 00 1 4259.752
2011 03 18 02 45 00 1 4259.853
2011 03 18 03 00 00 1 4259.948
2011 03 18 03 15 00 1 4260.047
2011 03 18 03 30 00 1 4260.146
2011 03 18 03 45 00 1 4260.236
2011 03 18 04 00 00 1 4260.323
2011 03 18 04 15 00 1 4260.409
2011 03 18 04 30 00 1 4260.486
2011 03 18 04 45 00 1 4260.550
2011 03 18 05 00 00 1 4260.605
2011 03 18 05 15 00 1 4260.655
2011 03 18 05 30 00 1 4260.689
2011 03 18 05 45 00 1 4260.715
