#YY  MM DD hh mm ss T   HEIGHT
#yr  mo dy hr mn  s -        m
2011 02 08 06 00 00 1 4513.861
2011 02 08 06 15 00 1 4513.829
2011 02 08 06 30 00 1 4513.806
2011 02 08 06 45 00 1 4513.788
2011 02 08 07 00 00 1 4513.781
2011 02 08 07 15 00 1 4513.788
2011 02 08 07 30 00 1 4513.808
2011 02 08 07 45 00 1 4513.836
2011 02 08 08 00 00 1 4513.875
2011 02 08 08 15 00 1 4513.924
2011 02 08 08 30 00 1 4513.979
2011 02 08 08 45 00 1 4514.049
2011 02 08 09 00 00 1 4514.119
2011 02 08 09 15 00 1 4514.198
2011 02 08 09 30 00 1 4514.282
2011 02 08 09 45 00 1 4514.369
2011 02 08 10 00 00 1 4514.456
2011 02 08 10 15 00 1 4514.548
2011 02 08 10 30 00 1 4514.641
2011 02 08 10 45 00 1 4514.732
2011 02 08 11 00 00 1 4514.815
2011 02 08 11 15 00 1 4514.898
2011 02 08 11 30 00 1 4514.974
2011 02 08 11 45 00 1 4515.048
2011 02 08 12 00 00 1 4515.111
2011 02 08 12 15 00 1 4515.167
2011 02 08 12 30 00 1 4515.213
2011 02 08 12 45 00 1 4515.251
2011 02 08 13 00 00 1 4515.276
2011 02 08 13 15 00 1 4515.295
2011 02 08 13 30 00 1 4515.298
2011 02 08 13 45 00 1 4515.288
2011 02 08 14 00 00 1 4515.275
2011 02 08 14 15 00 1 4515.246
2011 02 08 14 30 00 1 4515.206
2011 02 08 14 45 00 1 4515.160
2011 02 08 15 00 00 1 4515.104
2011 02 08 15 15 00 1 4515.043
2011 02 08 15 30 00 1 4514.973
2011 02 08 15 45 00 1 4514.898
2011 02 08 16 00 00 1 4514.819
2011 02 08 16 15 00 1 4514.735
2011 02 08 16 30 00 1 4514.650
2011 02 08 16 45 00 1 4514.565
2011 02 08 17 00 00 1 4514.482
2011 02 08 17 15 00 1 4514.394
2011 02 08 17 30 00 1 4514.315
2011 02 08 17 45 00 1 4514.240
2011 02 08 18 00 00 1 4514.170
2011 02 08 18 15 00 1 4514.104
2011 02 08 18 30 00 1 4514.053
2011 02 08 18 45 00 1 4514.007
2011 02 08 19 00 00 1 4513.970
2011 02 08 19 15 00 1 4513.940
2011 02 08 19 30 00 1 4513.920
2011 02 08 19 45 00 1 4513.910
2011 02 08 20 00 00 1 4513.906
2011 02 08 20 15 00 1 4513.915
2011 02 08 20 30 00 1 4513.931
2011 02 08 20 45 00 1 4513.956
2011 02 08 21 00 00 1 4513.989
2011 02 08 21 15 00 1 4514.030
2011 02 08 21 30 00 1 4514.075
2011 02 08 21 45 00 1 4514.126
2011 02 08 22 00 00 1 4514.179
2011 02 08 22 15 00 1 4514.234
2011 02 08 22 30 00 1 4514.294
2011 02 08 22 45 00 1 4514.354
2011 02 08 23 00 00 1 4514.417
2011 02 08 23 15 00 1 4514.477
2011 02 08 23 30 00 1 4514.532
2011 02 08 23 45 00 1 4514.588
2011 02 09 00 00 00 1 4514.638
2011 02 09 00 15 00 1 4514.682
2011 02 09 00 30 00 1 4514.721
2011 02 09 00 45 00 1 4514.752
2011 02 09 01 00 00 1 4514.777
2011 02 09 01 15 00 1 4514.793
2011 02 09 01 30 00 1 4514.802
2011 02 09 01 45 00 1 4514.801
2011 02 09 02 00 00 1 4514.795
2011 02 09 02 15 00 1 4514.777
2011 02 09 02 30 00 1 4514.758
2011 02 09 02 45 00 1 4514.728
2011 02 09 03 00 00 1 4514.695
2011 02 09 03 15 00 1 4514.652
2011 02 09 03 30 00 1 4514.607
2011 02 09 03 45 00 1 4514.555
2011 02 09 04 00 00 1 4514.499
2011 02 09 04 15 00 1 4514.441
2011 02 09 04 30 00 1 4514.382
2011 02 09 04 45 00 1 4514.320
2011 02 09 05 00 00 1 4514.266
2011 02 09 05 15 00 1 4514.210
2011 02 09 05 30 00 1 4514.156
2011 02 09 05 45 00 1 4514.108
2011 02 09 06 00 00 1 4514.065
2011 02 09 06 15 00 1 4514.029
2011 02 09 06 30 00 1 4513.996
2011 02 09 06 45 00 1 4513.974
2011 02 09 07 00 00 1 4513.956
2011 02 09 07 15 00 1 4513.951
2011 02 09 07 30 00 1 4513.954
2011 02 09 07 45 00 1 4513.964
2011 02 09 08 00 00 1 4513.985
2011 02 09 08 15 00 1 4514.010
2011 02 09 08 30 00 1 4514.050
2011 02 09 08 45 00 1 4514.094
2011 02 09 09 00 00 1 4514.146
2011 02 09 09 15 00 1 4514.205
2011 02 09 09 30 00 1 4514.272
2011 02 09 09 45 00 1 4514.340
2011 02 09 10 00 00 1 4514.415
2011 02 09 10 15 00 1 4514.490
2011 02 09 10 30 00 1 4514.570
2011 02 09 10 45 00 1 4514.651
2011 02 09 11 00 00 1 4514.730
2011 02 09 11 15 00 1 4514.808
2011 02 09 11 30 00 1 4514.884
2011 02 09 11 45 00 1 4514.956
2011 02 09 12 00 00 1 4515.026
2011 02 09 12 15 00 1 4515.089
2011 02 09 12 30 00 1 4515.143
2011 02 09 12 45 00 1 4515.192
2011 02 09 13 00 00 1 4515.230
2011 02 09 13 15 00 1 4515.262
2011 02 09 13 30 00 1 4515.284
2011 02 09 13 45 00 1 4515.296
2011 02 09 14 00 00 1 4515.297
2011 02 09 14 15 00 1 4515.289
2011 02 09 14 30 00 1 4515.275
2011 02 09 14 45 00 1 4515.248
2011 02 09 15 00 00 1 4515.215
2011 02 09 15 15 00 1 4515.173
2011 02 09 15 30 00 1 4515.122
2011 02 09 15 45 00 1 4515.065
2011 02 09 16 00 00 1 4514.999
2011 02 09 16 15 00 1 4514.929
2011 02 09 16 30 00 1 4514.852
2011 02 09 16 45 00 1 4514.773
2011 02 09 17 00 00 1 4514.694
2011 02 09 17 15 00 1 4514.611
2011 02 09 17 30 00 1 4514.531
2011 02 09 17 45 00 1 4514.450
2011 02 09 18 00 00 1 4514.372
2011 02 09 18 15 00 1 4514.299
2011 02 09 18 30 00 1 4514.229
2011 02 09 18 45 00 1 4514.165
2011 02 09 19 00 00 1 4514.108
2011 02 09 19 15 00 1 4514.058
2011 02 09 19 30 00 1 4514.011
2011 02 09 19 45 00 1 4513.972
2011 02 09 20 00 00 1 4513.944
2011 02 09 20 15 00 1 4513.924
2011 02 09 20 30 00 1 4513.909
2011 02 09 20 45 00 1 4513.903
2011 02 09 21 00 00 1 4513.907
2011 02 09 21 15 00 1 4513.917
2011 02 09 21 30 00 1 4513.934
2011 02 09 21 45 00 1 4513.960
2011 02 09 22 00 00 1 4513.988
2011 02 09 22 15 00 1 4514.026
2011 02 09 22 30 00 1 4514.062
2011 02 09 22 45 00 1 4514.107
2011 02 09 23 00 00 1 4514.154
2011 02 09 23 15 00 1 4514.203
2011 02 09 23 30 00 1 4514.253
2011 02 09 23 45 00 1 4514.301
2011 02 10 00 00 00 1 4514.351
2011 02 10 00 15 00 1 4514.395
2011 02 10 00 30 00 1 4514.441
2011 02 10 00 45 00 1 4514.482
2011 02 10 01 00 00 1 4514.518
2011 02 10 01 15 00 1 4514.548
2011 02 10 01 30 00 1 4514.574
2011 02 10 01 45 00 1 4514.595
2011 02 10 02 00 00 1 4514.612
2011 02 10 02 15 00 1 4514.622
2011 02 10 02 30 00 1 4514.627
2011 02 10 02 45 00 1 4514.625
2011 02 10 03 00 00 1 4514.613
2011 02 10 03 15 00 1 4514.600
2011 02 10 03 30 00 1 4514.582
2011 02 10 03 45 00 1 4514.557
2011 02 10 04 00 00 1 4514.529
2011 02 10 04 15 00 1 4514.496
2011 02 10 04 30 00 1 4514.462
2011 02 10 04 45 00 1 4514.426
2011 02 10 05 00 00 1 4514.387
2011 02 10 05 15 00 1 4514.348
2011 02 10 05 30 00 1 4514.311
2011 02 10 05 45 00 1 4514.273
2011 02 10 06 00 00 1 4514.234
2011 02 10 06 15 00 1 4514.201
2011 02 10 06 30 00 1 4514.171
2011 02 10 06 45 00 1 4514.145
2011 02 10 07 00 00 1 4514.126
2011 02 10 07 15 00 1 4514.111
2011 02 10 07 30 00 1 4514.101
2011 02 10 07 45 00 1 4514.099
2011 02 10 08 00 00 1 4514.104
2011 02 10 08 15 00 1 4514.114
2011 02 10 08 30 00 1 4514.132
2011 02 10 08 45 00 1 4514.158
2011 02 10 09 00 00 1 4514.190
2011 02 10 09 15 00 1 4514.225
2011 02 10 09 30 00 1 4514.272
2011 02 10 09 45 00 1 4514.321
2011 02 10 10 00 00 1 4514.371
2011 02 10 10 15 00 1 4514.432
2011 02 10 10 30 00 1 4514.490
2011 02 10 10 45 00 1 4514.554
2011 02 10 11 00 00 1 4514.622
2011 02 10 11 15 00 1 4514.688
2011 02 10 11 30 00 1 4514.754
2011 02 10 11 45 00 1 4514.822
2011 02 10 12 00 00 1 4514.891
2011 02 10 12 15 00 1 4514.955
2011 02 10 12 30 00 1 4515.015
2011 02 10 12 45 00 1 4515.072
2011 02 10 13 00 00 1 4515.119
2011 02 10 13 15 00 1 4515.161
2011 02 10 13 30 00 1 4515.198
2011 02 10 13 45 00 1 4515.223
2011 02 10 14 00 00 1 4515.244
2011 02 10 14 15 00 1 4515.254
2011 02 10 14 30 00 1 4515.253
2011 02 10 14 45 00 1 4515.248
2011 02 10 15 00 00 1 4515.235
2011 02 10 15 15 00 1 4515.212
2011 02 10 15 30 00 1 4515.185
2011 02 10 15 45 00 1 4515.146
2011 02 10 16 00 00 1 4515.101
2011 02 10 16 15 00 1 4515.049
2011 02 10 16 30 00 1 4514.993
2011 02 10 16 45 00 1 4514.928
2011 02 10 17 00 00 1 4514.862
2011 02 10 17 15 00 1 4514.788
2011 02 10 17 30 00 1 4514.716
2011 02 10 17 45 00 1 4514.641
2011 02 10 18 00 00 1 4514.569
2011 02 10 18 15 00 1 4514.495
2011 02 10 18 30 00 1 4514.425
2011 02 10 18 45 00 1 4514.355
2011 02 10 19 00 00 1 4514.288
2011 02 10 19 15 00 1 4514.224
2011 02 10 19 30 00 1 4514.163
2011 02 10 19 45 00 1 4514.106
2011 02 10 20 00 00 1 4514.058
2011 02 10 20 15 00 1 4514.014
2011 02 10 20 30 00 1 4513.977
2011 02 10 20 45 00 1 4513.941
2011 02 10 21 00 00 1 4513.914
2011 02 10 21 15 00 1 4513.898
2011 02 10 21 30 00 1 4513.884
2011 02 10 21 45 00 1 4513.877
2011 02 10 22 00 00 1 4513.876
2011 02 10 22 15 00 1 4513.883
2011 02 10 22 30 00 1 4513.893
2011 02 10 22 45 00 1 4513.912
2011 02 10 23 00 00 1 4513.936
2011 02 10 23 15 00 1 4513.963
2011 02 10 23 30 00 1 4513.991
2011 02 10 23 45 00 1 4514.025
2011 02 11 00 00 00 1 4514.058
2011 02 11 00 15 00 1 4514.097
2011 02 11 00 30 00 1 4514.136
2011 02 11 00 45 00 1 4514.177
2011 02 11 01 00 00 1 4514.213
2011 02 11 01 15 00 1 4514.251
2011 02 11 01 30 00 1 4514.287
2011 02 11 01 45 00 1 4514.320
2011 02 11 02 00 00 1 4514.351
2011 02 11 02 15 00 1 4514.379
2011 02 11 02 30 00 1 4514.402
2011 02 11 02 45 00 1 4514.424
2011 02 11 03 00 00 1 4514.439
2011 02 11 03 15 00 1 4514.449
2011 02 11 03 30 00 1 4514.457
2011 02 11 03 45 00 1 4514.461
2011 02 11 04 00 00 1 4514.460
2011 02 11 04 15 00 1 4514.456
2011 02 11 04 30 00 1 4514.448
2011 02 11 04 45 00 1 4514.437
2011 02 11 05 00 00 1 4514.422
2011 02 11 05 15 00 1 4514.405
2011 02 11 05 30 00 1 4514.384
2011 02 11 05 45 00 1 4514.363
2011 02 11 06 00 00 1 4514.340
2011 02 11 06 15 00 1 4514.320
2011 02 11 06 30 00 1 4514.298
2011 02 11 06 45 00 1 4514.280
2011 02 11 07 00 00 1 4514.267
2011 02 11 07 15 00 1 4514.252
2011 02 11 07 30 00 1 4514.241
2011 02 11 07 45 00 1 4514.236
2011 02 11 08 00 00 1 4514.232
2011 02 11 08 15 00 1 4514.234
2011 02 11 08 30 00 1 4514.238
2011 02 11 08 45 00 1 4514.250
2011 02 11 09 00 00 1 4514.265
2011 02 11 09 15 00 1 4514.287
2011 02 11 09 30 00 1 4514.310
2011 02 11 09 45 00 1 4514.337
2011 02 11 10 00 00 1 4514.371
2011 02 11 10 15 00 1 4514.410
2011 02 11 10 30 00 1 4514.451
2011 02 11 10 45 00 1 4514.497
2011 02 11 11 00 00 1 4514.542
2011 02 11 11 15 00 1 4514.591
2011 02 11 11 30 00 1 4514.645
2011 02 11 11 45 00 1 4514.695
2011 02 11 12 00 00 1 4514.749
2011 02 11 12 15 00 1 4514.806
2011 02 11 12 30 00 1 4514.862
2011 02 11 12 45 00 1 4514.919
2011 02 11 13 00 00 1 4514.970
2011 02 11 13 15 00 1 4515.016
2011 02 11 13 30 00 1 4515.058
2011 02 11 13 45 00 1 4515.096
2011 02 11 14 00 00 1 4515.130
2011 02 11 14 15 00 1 4515.157
2011 02 11 14 30 00 1 4515.181
2011 02 11 14 45 00 1 4515.196
2011 02 11 15 00 00 1 4515.206
2011 02 11 15 15 00 1 4515.210
2011 02 11 15 30 00 1 4515.206
2011 02 11 15 45 00 1 4515.196
2011 02 11 16 00 00 1 4515.177
2011 02 11 16 15 00 1 4515.153
2011 02 11 16 30 00 1 4515.117
2011 02 11 16 45 00 1 4515.077
2011 02 11 17 00 00 1 4515.034
2011 02 11 17 15 00 1 4514.984
2011 02 11 17 30 00 1 4514.927
2011 02 11 17 45 00 1 4514.867
2011 02 11 18 00 00 1 4514.804
2011 02 11 18 15 00 1 4514.737
2011 02 11 18 30 00 1 4514.670
2011 02 11 18 45 00 1 4514.604
2011 02 11 19 00 00 1 4514.536
2011 02 11 19 15 00 1 4514.466
2011 02 11 19 30 00 1 4514.399
2011 02 11 19 45 00 1 4514.331
2011 02 11 20 00 00 1 4514.265
2011 02 11 20 15 00 1 4514.202
2011 02 11 20 30 00 1 4514.140
2011 02 11 20 45 00 1 4514.084
2011 02 11 21 00 00 1 4514.031
2011 02 11 21 15 00 1 4513.983
2011 02 11 21 30 00 1 4513.942
2011 02 11 21 45 00 1 4513.908
2011 02 11 22 00 00 1 4513.876
2011 02 11 22 15 00 1 4513.852
2011 02 11 22 30 00 1 4513.831
2011 02 11 22 45 00 1 4513.822
2011 02 11 23 00 00 1 4513.815
2011 02 11 23 15 00 1 4513.815
2011 02 11 23 30 00 1 4513.819
2011 02 11 23 45 00 1 4513.829
2011 02 12 00 00 00 1 4513.844
2011 02 12 00 15 00 1 4513.860
2011 02 12 00 30 00 1 4513.881
2011 02 12 00 45 00 1 4513.905
2011 02 12 01 00 00 1 4513.935
2011 02 12 01 15 00 1 4513.965
2011 02 12 01 30 00 1 4513.996
2011 02 12 01 45 00 1 4514.031
2011 02 12 02 00 00 1 4514.065
2011 02 12 02 15 00 1 4514.098
2011 02 12 02 30 00 1 4514.132
2011 02 12 02 45 00 1 4514.169
2011 02 12 03 00 00 1 4514.202
2011 02 12 03 15 00 1 4514.234
2011 02 12 03 30 00 1 4514.263
2011 02 12 03 45 00 1 4514.293
2011 02 12 04 00 00 1 4514.316
2011 02 12 04 15 00 1 4514.332
2011 02 12 04 30 00 1 4514.352
2011 02 12 04 45 00 1 4514.369
2011 02 12 05 00 00 1 4514.382
2011 02 12 05 15 00 1 4514.391
2011 02 12 05 30 00 1 4514.401
2011 02 12 05 45 00 1 4514.408
2011 02 12 06 00 00 1 4514.411
2011 02 12 06 15 00 1 4514.412
2011 02 12 06 30 00 1 4514.411
2011 02 12 06 45 00 1 4514.405
2011 02 12 07 00 00 1 4514.401
2011 02 12 07 15 00 1 4514.398
2011 02 12 07 30 00 1 4514.394
2011 02 12 07 45 00 1 4514.392
2011 02 12 08 00 00 1 4514.385
2011 02 12 08 15 00 1 4514.383
2011 02 12 08 30 00 1 4514.386
2011 02 12 08 45 00 1 4514.388
2011 02 12 09 00 00 1 4514.392
2011 02 12 09 15 00 1 4514.396
2011 02 12 09 30 00 1 4514.404
2011 02 12 09 45 00 1 4514.413
2011 02 12 10 00 00 1 4514.429
2011 02 12 10 15 00 1 4514.445
2011 02 12 10 30 00 1 4514.467
2011 02 12 10 45 00 1 4514.491
2011 02 12 11 00 00 1 4514.515
2011 02 12 11 15 00 1 4514.547
2011 02 12 11 30 00 1 4514.578
2011 02 12 11 45 00 1 4514.616
2011 02 12 12 00 00 1 4514.654
2011 02 12 12 15 00 1 4514.696
2011 02 12 12 30 00 1 4514.740
2011 02 12 12 45 00 1 4514.783
2011 02 12 13 00 00 1 4514.827
2011 02 12 13 15 00 1 4514.870
2011 02 12 13 30 00 1 4514.910
2011 02 12 13 45 00 1 4514.951
2011 02 12 14 00 00 1 4514.991
2011 02 12 14 15 00 1 4515.028
2011 02 12 14 30 00 1 4515.063
2011 02 12 14 45 00 1 4515.095
2011 02 12 15 00 00 1 4515.122
2011 02 12 15 15 00 1 4515.148
2011 02 12 15 30 00 1 4515.165
2011 02 12 15 45 00 1 4515.177
2011 02 12 16 00 00 1 4515.182
2011 02 12 16 15 00 1 4515.185
2011 02 12 16 30 00 1 4515.176
2011 02 12 16 45 00 1 4515.167
2011 02 12 17 00 00 1 4515.151
2011 02 12 17 15 00 1 4515.128
2011 02 12 17 30 00 1 4515.100
2011 02 12 17 45 00 1 4515.067
2011 02 12 18 00 00 1 4515.025
2011 02 12 18 15 00 1 4514.977
2011 02 12 18 30 00 1 4514.927
2011 02 12 18 45 00 1 4514.869
2011 02 12 19 00 00 1 4514.812
2011 02 12 19 15 00 1 4514.748
2011 02 12 19 30 00 1 4514.679
2011 02 12 19 45 00 1 4514.607
2011 02 12 20 00 00 1 4514.538
2011 02 12 20 15 00 1 4514.464
2011 02 12 20 30 00 1 4514.391
2011 02 12 20 45 00 1 4514.318
2011 02 12 21 00 00 1 4514.247
2011 02 12 21 15 00 1 4514.179
2011 02 12 21 30 00 1 4514.111
2011 02 12 21 45 00 1 4514.047
2011 02 12 22 00 00 1 4513.983
2011 02 12 22 15 00 1 4513.927
2011 02 12 22 30 00 1 4513.870
2011 02 12 22 45 00 1 4513.822
2011 02 12 23 00 00 1 4513.781
2011 02 12 23 15 00 1 4513.747
2011 02 12 23 30 00 1 4513.716
2011 02 12 23 45 00 1 4513.692
2011 02 13 00 00 00 1 4513.674
2011 02 13 00 15 00 1 4513.665
2011 02 13 00 30 00 1 4513.659
2011 02 13 00 45 00 1 4513.661
2011 02 13 01 00 00 1 4513.670
2011 02 13 01 15 00 1 4513.685
2011 02 13 01 30 00 1 4513.704
2011 02 13 01 45 00 1 4513.728
2011 02 13 02 00 00 1 4513.755
2011 02 13 02 15 00 1 4513.787
2011 02 13 02 30 00 1 4513.822
2011 02 13 02 45 00 1 4513.861
2011 02 13 03 00 00 1 4513.902
2011 02 13 03 15 00 1 4513.944
2011 02 13 03 30 00 1 4513.988
2011 02 13 03 45 00 1 4514.033
2011 02 13 04 00 00 1 4514.079
2011 02 13 04 15 00 1 4514.123
2011 02 13 04 30 00 1 4514.166
2011 02 13 04 45 00 1 4514.209
2011 02 13 05 00 00 1 4514.250
2011 02 13 05 15 00 1 4514.286
2011 02 13 05 30 00 1 4514.322
2011 02 13 05 45 00 1 4514.353
2011 02 13 06 00 00 1 4514.382
2011 02 13 06 15 00 1 4514.406
2011 02 13 06 30 00 1 4514.431
2011 02 13 06 45 00 1 4514.449
2011 02 13 07 00 00 1 4514.466
2011 02 13 07 15 00 1 4514.481
2011 02 13 07 30 00 1 4514.494
2011 02 13 07 45 00 1 4514.501
2011 02 13 08 00 00 1 4514.505
2011 02 13 08 15 00 1 4514.508
2011 02 13 08 30 00 1 4514.514
2011 02 13 08 45 00 1 4514.513
2011 02 13 09 00 00 1 4514.513
2011 02 13 09 15 00 1 4514.510
2011 02 13 09 30 00 1 4514.507
2011 02 13 09 45 00 1 4514.503
2011 02 13 10 00 00 1 4514.500
2011 02 13 10 15 00 1 4514.501
2011 02 13 10 30 00 1 4514.502
2011 02 13 10 45 00 1 4514.506
2011 02 13 11 00 00 1 4514.508
2011 02 13 11 15 00 1 4514.518
2011 02 13 11 30 00 1 4514.530
2011 02 13 11 45 00 1 4514.544
2011 02 13 12 00 00 1 4514.561
2011 02 13 12 15 00 1 4514.581
2011 02 13 12 30 00 1 4514.607
2011 02 13 12 45 00 1 4514.635
2011 02 13 13 00 00 1 4514.664
2011 02 13 13 15 00 1 4514.696
2011 02 13 13 30 00 1 4514.731
2011 02 13 13 45 00 1 4514.763
2011 02 13 14 00 00 1 4514.803
2011 02 13 14 15 00 1 4514.841
2011 02 13 14 30 00 1 4514.878
2011 02 13 14 45 00 1 4514.919
2011 02 13 15 00 00 1 4514.958
2011 02 13 15 15 00 1 4514.996
2011 02 13 15 30 00 1 4515.034
2011 02 13 15 45 00 1 4515.066
2011 02 13 16 00 00 1 4515.097
2011 02 13 16 15 00 1 4515.125
2011 02 13 16 30 00 1 4515.148
2011 02 13 16 45 00 1 4515.162
2011 02 13 17 00 00 1 4515.177
2011 02 13 17 15 00 1 4515.181
2011 02 13 17 30 00 1 4515.181
2011 02 13 17 45 00 1 4515.177
2011 02 13 18 00 00 1 4515.168
2011 02 13 18 15 00 1 4515.152
2011 02 13 18 30 00 1 4515.128
2011 02 13 18 45 00 1 4515.096
2011 02 13 19 00 00 1 4515.057
2011 02 13 19 15 00 1 4515.010
2011 02 13 19 30 00 1 4514.956
2011 02 13 19 45 00 1 4514.895
2011 02 13 20 00 00 1 4514.834
2011 02 13 20 15 00 1 4514.770
2011 02 13 20 30 00 1 4514.699
2011 02 13 20 45 00 1 4514.623
2011 02 13 21 00 00 1 4514.544
2011 02 13 21 15 00 1 4514.462
2011 02 13 21 30 00 1 4514.381
2011 02 13 21 45 00 1 4514.294
2011 02 13 22 00 00 1 4514.212
2011 02 13 22 15 00 1 4514.127
2011 02 13 22 30 00 1 4514.046
2011 02 13 22 45 00 1 4513.967
2011 02 13 23 00 00 1 4513.895
2011 02 13 23 15 00 1 4513.824
2011 02 13 23 30 00 1 4513.758
2011 02 13 23 45 00 1 4513.699
2011 02 14 00 00 00 1 4513.646
2011 02 14 00 15 00 1 4513.597
2011 02 14 00 30 00 1 4513.557
2011 02 14 00 45 00 1 4513.523
2011 02 14 01 00 00 1 4513.496
2011 02 14 01 15 00 1 4513.479
2011 02 14 01 30 00 1 4513.470
2011 02 14 01 45 00 1 4513.473
2011 02 14 02 00 00 1 4513.481
2011 02 14 02 15 00 1 4513.497
2011 02 14 02 30 00 1 4513.520
2011 02 14 02 45 00 1 4513.551
2011 02 14 03 00 00 1 4513.590
2011 02 14 03 15 00 1 4513.635
2011 02 14 03 30 00 1 4513.685
2011 02 14 03 45 00 1 4513.740
2011 02 14 04 00 00 1 4513.798
2011 02 14 04 15 00 1 4513.856
2011 02 14 04 30 00 1 4513.920
2011 02 14 04 45 00 1 4513.979
2011 02 14 05 00 00 1 4514.040
2011 02 14 05 15 00 1 4514.104
2011 02 14 05 30 00 1 4514.164
2011 02 14 05 45 00 1 4514.222
2011 02 14 06 00 00 1 4514.276
2011 02 14 06 15 00 1 4514.333
2011 02 14 06 30 00 1 4514.381
2011 02 14 06 45 00 1 4514.431
2011 02 14 07 00 00 1 4514.473
2011 02 14 07 15 00 1 4514.508
2011 02 14 07 30 00 1 4514.543
2011 02 14 07 45 00 1 4514.573
2011 02 14 08 00 00 1 4514.598
2011 02 14 08 15 00 1 4514.615
2011 02 14 08 30 00 1 4514.630
2011 02 14 08 45 00 1 4514.637
2011 02 14 09 00 00 1 4514.641
2011 02 14 09 15 00 1 4514.640
2011 02 14 09 30 00 1 4514.636
2011 02 14 09 45 00 1 4514.625
2011 02 14 10 00 00 1 4514.617
2011 02 14 10 15 00 1 4514.608
2011 02 14 10 30 00 1 4514.592
2011 02 14 10 45 00 1 4514.581
2011 02 14 11 00 00 1 4514.566
2011 02 14 11 15 00 1 4514.553
2011 02 14 11 30 00 1 4514.538
2011 02 14 11 45 00 1 4514.526
2011 02 14 12 00 00 1 4514.519
2011 02 14 12 15 00 1 4514.516
2011 02 14 12 30 00 1 4514.518
2011 02 14 12 45 00 1 4514.519
2011 02 14 13 00 00 1 4514.527
2011 02 14 13 15 00 1 4514.537
2011 02 14 13 30 00 1 4514.555
2011 02 14 13 45 00 1 4514.575
2011 02 14 14 00 00 1 4514.599
2011 02 14 14 15 00 1 4514.629
2011 02 14 14 30 00 1 4514.664
2011 02 14 14 45 00 1 4514.705
2011 02 14 15 00 00 1 4514.747
2011 02 14 15 15 00 1 4514.794
2011 02 14 15 30 00 1 4514.842
2011 02 14 15 45 00 1 4514.889
2011 02 14 16 00 00 1 4514.937
2011 02 14 16 15 00 1 4514.985
2011 02 14 16 30 00 1 4515.028
2011 02 14 16 45 00 1 4515.076
2011 02 14 17 00 00 1 4515.119
2011 02 14 17 15 00 1 4515.159
2011 02 14 17 30 00 1 4515.198
2011 02 14 17 45 00 1 4515.228
2011 02 14 18 00 00 1 4515.252
2011 02 14 18 15 00 1 4515.270
2011 02 14 18 30 00 1 4515.279
2011 02 14 18 45 00 1 4515.281
2011 02 14 19 00 00 1 4515.276
2011 02 14 19 15 00 1 4515.261
2011 02 14 19 30 00 1 4515.240
2011 02 14 19 45 00 1 4515.207
2011 02 14 20 00 00 1 4515.165
2011 02 14 20 15 00 1 4515.117
2011 02 14 20 30 00 1 4515.056
2011 02 14 20 45 00 1 4514.990
2011 02 14 21 00 00 1 4514.920
2011 02 14 21 15 00 1 4514.843
2011 02 14 21 30 00 1 4514.757
2011 02 14 21 45 00 1 4514.667
2011 02 14 22 00 00 1 4514.570
2011 02 14 22 15 00 1 4514.470
2011 02 14 22 30 00 1 4514.365
2011 02 14 22 45 00 1 4514.262
2011 02 14 23 00 00 1 4514.158
2011 02 14 23 15 00 1 4514.055
2011 02 14 23 30 00 1 4513.957
2011 02 14 23 45 00 1 4513.860
2011 02 15 00 00 00 1 4513.769
2011 02 15 00 15 00 1 4513.683
2011 02 15 00 30 00 1 4513.603
2011 02 15 00 45 00 1 4513.532
2011 02 15 01 00 00 1 4513.466
2011 02 15 01 15 00 1 4513.411
2011 02 15 01 30 00 1 4513.367
2011 02 15 01 45 00 1 4513.332
2011 02 15 02 00 00 1 4513.309
2011 02 15 02 15 00 1 4513.295
2011 02 15 02 30 00 1 4513.291
2011 02 15 02 45 00 1 4513.298
2011 02 15 03 00 00 1 4513.314
2011 02 15 03 15 00 1 4513.345
2011 02 15 03 30 00 1 4513.383
2011 02 15 03 45 00 1 4513.427
2011 02 15 04 00 00 1 4513.480
2011 02 15 04 15 00 1 4513.543
2011 02 15 04 30 00 1 4513.610
2011 02 15 04 45 00 1 4513.685
2011 02 15 05 00 00 1 4513.761
2011 02 15 05 15 00 1 4513.841
2011 02 15 05 30 00 1 4513.924
2011 02 15 05 45 00 1 4514.008
2011 02 15 06 00 00 1 4514.093
2011 02 15 06 15 00 1 4514.173
2011 02 15 06 30 00 1 4514.255
2011 02 15 06 45 00 1 4514.333
2011 02 15 07 00 00 1 4514.404
2011 02 15 07 15 00 1 4514.471
2011 02 15 07 30 00 1 4514.532
2011 02 15 07 45 00 1 4514.592
2011 02 15 08 00 00 1 4514.639
2011 02 15 08 15 00 1 4514.680
2011 02 15 08 30 00 1 4514.714
2011 02 15 08 45 00 1 4514.739
2011 02 15 09 00 00 1 4514.755
2011 02 15 09 15 00 1 4514.765
2011 02 15 09 30 00 1 4514.769
2011 02 15 09 45 00 1 4514.766
2011 02 15 10 00 00 1 4514.755
2011 02 15 10 15 00 1 4514.740
2011 02 15 10 30 00 1 4514.715
2011 02 15 10 45 00 1 4514.689
2011 02 15 11 00 00 1 4514.658
2011 02 15 11 15 00 1 4514.626
2011 02 15 11 30 00 1 4514.593
2011 02 15 11 45 00 1 4514.558
2011 02 15 12 00 00 1 4514.529
2011 02 15 12 15 00 1 4514.496
2011 02 15 12 30 00 1 4514.470
2011 02 15 12 45 00 1 4514.444
2011 02 15 13 00 00 1 4514.424
2011 02 15 13 15 00 1 4514.408
2011 02 15 13 30 00 1 4514.393
2011 02 15 13 45 00 1 4514.389
2011 02 15 14 00 00 1 4514.388
2011 02 15 14 15 00 1 4514.396
2011 02 15 14 30 00 1 4514.413
2011 02 15 14 45 00 1 4514.435
2011 02 15 15 00 00 1 4514.467
2011 02 15 15 15 00 1 4514.506
2011 02 15 15 30 00 1 4514.552
2011 02 15 15 45 00 1 4514.602
2011 02 15 16 00 00 1 4514.654
2011 02 15 16 15 00 1 4514.713
2011 02 15 16 30 00 1 4514.775
2011 02 15 16 45 00 1 4514.840
2011 02 15 17 00 00 1 4514.905
2011 02 15 17 15 00 1 4514.969
2011 02 15 17 30 00 1 4515.033
2011 02 15 17 45 00 1 4515.098
2011 02 15 18 00 00 1 4515.157
2011 02 15 18 15 00 1 4515.215
2011 02 15 18 30 00 1 4515.265
2011 02 15 18 45 00 1 4515.306
2011 02 15 19 00 00 1 4515.344
2011 02 15 19 15 00 1 4515.372
2011 02 15 19 30 00 1 4515.388
2011 02 15 19 45 00 1 4515.399
2011 02 15 20 00 00 1 4515.393
2011 02 15 20 15 00 1 4515.378
2011 02 15 20 30 00 1 4515.355
2011 02 15 20 45 00 1 4515.316
2011 02 15 21 00 00 1 4515.268
2011 02 15 21 15 00 1 4515.206
2011 02 15 21 30 00 1 4515.134
2011 02 15 21 45 00 1 4515.051
2011 02 15 22 00 00 1 4514.961
2011 02 15 22 15 00 1 4514.857
2011 02 15 22 30 00 1 4514.749
2011 02 15 22 45 00 1 4514.633
2011 02 15 23 00 00 1 4514.515
2011 02 15 23 15 00 1 4514.393
2011 02 15 23 30 00 1 4514.266
2011 02 15 23 45 00 1 4514.142
2011 02 16 00 00 00 1 4514.017
2011 02 16 00 15 00 1 4513.896
2011 02 16 00 30 00 1 4513.777
2011 02 16 00 45 00 1 4513.663
2011 02 16 01 00 00 1 4513.557
2011 02 16 01 15 00 1 4513.459
2011 02 16 01 30 00 1 4513.372
2011 02 16 01 45 00 1 4513.291
2011 02 16 02 00 00 1 4513.224
2011 02 16 02 15 00 1 4513.167
2011 02 16 02 30 00 1 4513.124
2011 02 16 02 45 00 1 4513.092
2011 02 16 03 00 00 1 4513.074
2011 02 16 03 15 00 1 4513.069
2011 02 16 03 30 00 1 4513.083
2011 02 16 03 45 00 1 4513.107
2011 02 16 04 00 00 1 4513.143
2011 02 16 04 15 00 1 4513.192
2011 02 16 04 30 00 1 4513.251
2011 02 16 04 45 00 1 4513.320
2011 02 16 05 00 00 1 4513.398
2011 02 16 05 15 00 1 4513.487
2011 02 16 05 30 00 1 4513.581
2011 02 16 05 45 00 1 4513.682
2011 02 16 06 00 00 1 4513.785
2011 02 16 06 15 00 1 4513.886
2011 02 16 06 30 00 1 4513.990
2011 02 16 06 45 00 1 4514.095
2011 02 16 07 00 00 1 4514.198
2011 02 16 07 15 00 1 4514.296
2011 02 16 07 30 00 1 4514.390
2011 02 16 07 45 00 1 4514.475
2011 02 16 08 00 00 1 4514.557
2011 02 16 08 15 00 1 4514.630
2011 02 16 08 30 00 1 4514.694
2011 02 16 08 45 00 1 4514.749
2011 02 16 09 00 00 1 4514.796
2011 02 16 09 15 00 1 4514.831
2011 02 16 09 30 00 1 4514.855
2011 02 16 09 45 00 1 4514.868
2011 02 16 10 00 00 1 4514.869
2011 02 16 10 15 00 1 4514.861
2011 02 16 10 30 00 1 4514.843
2011 02 16 10 45 00 1 4514.818
2011 02 16 11 00 00 1 4514.782
2011 02 16 11 15 00 1 4514.741
2011 02 16 11 30 00 1 4514.695
2011 02 16 11 45 00 1 4514.645
2011 02 16 12 00 00 1 4514.592
2011 02 16 12 15 00 1 4514.538
2011 02 16 12 30 00 1 4514.483
2011 02 16 12 45 00 1 4514.430
2011 02 16 13 00 00 1 4514.378
2011 02 16 13 15 00 1 4514.330
2011 02 16 13 30 00 1 4514.286
2011 02 16 13 45 00 1 4514.246
2011 02 16 14 00 00 1 4514.215
2011 02 16 14 15 00 1 4514.189
2011 02 16 14 30 00 1 4514.172
2011 02 16 14 45 00 1 4514.167
2011 02 16 15 00 00 1 4514.170
2011 02 16 15 15 00 1 4514.186
2011 02 16 15 30 00 1 4514.209
2011 02 16 15 45 00 1 4514.242
2011 02 16 16 00 00 1 4514.281
2011 02 16 16 15 00 1 9999.000
2011 02 16 16 30 00 1 9999.000
2011 02 16 16 45 00 1 9999.000
2011 02 16 17 00 00 1 9999.000
2011 02 16 17 15 00 1 9999.000
2011 02 16 17 30 00 1 9999.000
2011 02 16 17 45 00 1 9999.000
2011 02 16 18 00 00 1 9999.000
2011 02 16 18 15 00 1 9999.000
2011 02 16 18 30 00 1 9999.000
2011 02 16 18 45 00 1 9999.000
2011 02 16 19 00 00 1 9999.000
2011 02 16 19 15 00 1 9999.000
2011 02 16 19 30 00 1 9999.000
2011 02 16 19 45 00 1 9999.000
2011 02 16 20 00 00 1 9999.000
2011 02 16 20 15 00 1 9999.000
2011 02 16 20 30 00 1 9999.000
2011 02 16 20 45 00 1 9999.000
2011 02 16 21 00 00 1 9999.000
2011 02 16 21 15 00 1 9999.000
2011 02 16 21 30 00 1 9999.000
2011 02 16 21 45 00 1 9999.000
2011 02 16 22 00 00 1 9999.000
2011 02 16 22 15 00 1 9999.000
2011 02 16 22 30 00 1 9999.000
2011 02 16 22 45 00 1 9999.000
2011 02 16 23 00 00 1 9999.000
2011 02 16 23 15 00 1 9999.000
2011 02 16 23 30 00 1 9999.000
2011 02 16 23 45 00 1 9999.000
2011 02 17 00 00 00 1 9999.000
2011 02 17 00 15 00 1 9999.000
2011 02 17 00 30 00 1 9999.000
2011 02 17 00 45 00 1 9999.000
2011 02 17 01 00 00 1 9999.000
2011 02 17 01 15 00 1 9999.000
2011 02 17 01 30 00 1 9999.000
2011 02 17 01 45 00 1 9999.000
2011 02 17 02 00 00 1 9999.000
2011 02 17 02 15 00 1 9999.000
2011 02 17 02 30 00 1 9999.000
2011 02 17 02 45 00 1 9999.000
2011 02 17 03 00 00 1 9999.000
2011 02 17 03 15 00 1 9999.000
2011 02 17 03 30 00 1 9999.000
2011 02 17 03 45 00 1 9999.000
2011 02 17 04 00 00 1 9999.000
2011 02 17 04 15 00 1 9999.000
2011 02 17 04 30 00 1 9999.000
2011 02 17 04 45 00 1 9999.000
2011 02 17 05 00 00 1 9999.000
2011 02 17 05 15 00 1 9999.000
2011 02 17 05 30 00 1 9999.000
2011 02 17 05 45 00 1 9999.000
2011 02 17 06 00 00 1 9999.000
2011 02 17 06 15 00 1 9999.000
2011 02 17 06 30 00 1 9999.000
2011 02 17 06 45 00 1 9999.000
2011 02 17 07 00 00 1 9999.000
2011 02 17 07 15 00 1 9999.000
2011 02 17 07 30 00 1 9999.000
2011 02 17 07 45 00 1 9999.000
2011 02 17 08 00 00 1 9999.000
2011 02 17 08 15 00 1 9999.000
2011 02 17 08 30 00 1 9999.000
2011 02 17 08 45 00 1 9999.000
2011 02 17 09 00 00 1 9999.000
2011 02 17 09 15 00 1 9999.000
2011 02 17 09 30 00 1 9999.000
2011 02 17 09 45 00 1 9999.000
2011 02 17 10 00 00 1 9999.000
2011 02 17 10 15 00 1 9999.000
2011 02 17 10 30 00 1 9999.000
2011 02 17 10 45 00 1 9999.000
2011 02 17 11 00 00 1 9999.000
2011 02 17 11 15 00 1 9999.000
2011 02 17 11 30 00 1 9999.000
2011 02 17 11 45 00 1 9999.000
2011 02 17 12 00 00 1 9999.000
2011 02 17 12 15 00 1 9999.000
2011 02 17 12 30 00 1 9999.000
2011 02 17 12 45 00 1 9999.000
2011 02 17 13 00 00 1 9999.000
2011 02 17 13 15 00 1 9999.000
2011 02 17 13 30 00 1 9999.000
2011 02 17 13 45 00 1 9999.000
2011 02 17 14 00 00 1 9999.000
2011 02 17 14 15 00 1 9999.000
2011 02 17 14 30 00 1 9999.000
2011 02 17 14 45 00 1 9999.000
2011 02 17 15 00 00 1 9999.000
2011 02 17 15 15 00 1 9999.000
2011 02 17 15 30 00 1 9999.000
2011 02 17 15 45 00 1 9999.000
2011 02 17 16 00 00 1 9999.000
2011 02 17 16 15 00 1 9999.000
2011 02 17 16 30 00 1 9999.000
2011 02 17 16 45 00 1 9999.000
2011 02 17 17 00 00 1 9999.000
2011 02 17 17 15 00 1 9999.000
2011 02 17 17 30 00 1 9999.000
2011 02 17 17 45 00 1 9999.000
2011 02 17 18 00 00 1 9999.000
2011 02 17 18 15 00 1 9999.000
2011 02 17 18 30 00 1 9999.000
2011 02 17 18 45 00 1 9999.000
2011 02 17 19 00 00 1 9999.000
2011 02 17 19 15 00 1 9999.000
2011 02 17 19 30 00 1 9999.000
2011 02 17 19 45 00 1 9999.000
2011 02 17 20 00 00 1 9999.000
2011 02 17 20 15 00 1 9999.000
2011 02 17 20 30 00 1 9999.000
2011 02 17 20 45 00 1 9999.000
2011 02 17 21 00 00 1 9999.000
2011 02 17 21 15 00 1 9999.000
2011 02 17 21 30 00 1 9999.000
2011 02 17 21 45 00 1 9999.000
2011 02 17 22 00 00 1 9999.000
2011 02 17 22 15 00 1 9999.000
2011 02 17 22 30 00 1 9999.000
2011 02 17 22 45 00 1 9999.000
2011 02 17 23 00 00 1 9999.000
2011 02 17 23 15 00 1 9999.000
2011 02 17 23 30 00 1 9999.000
2011 02 17 23 45 00 1 9999.000
2011 02 18 00 00 00 1 9999.000
2011 02 18 00 15 00 1 9999.000
2011 02 18 00 30 00 1 9999.000
2011 02 18 00 45 00 1 9999.000
2011 02 18 01 00 00 1 9999.000
2011 02 18 01 15 00 1 9999.000
2011 02 18 01 30 00 1 9999.000
2011 02 18 01 45 00 1 9999.000
2011 02 18 02 00 00 1 9999.000
2011 02 18 02 15 00 1 4513.561
2011 02 18 02 30 00 1 4513.437
2011 02 18 02 45 00 1 4513.320
2011 02 18 03 00 00 1 4513.218
2011 02 18 03 15 00 1 4513.130
2011 02 18 03 30 00 1 4513.058
2011 02 18 03 45 00 1 4513.003
2011 02 18 04 00 00 1 4512.961
2011 02 18 04 15 00 1 4512.941
2011 02 18 04 30 00 1 4512.936
2011 02 18 04 45 00 1 4512.947
2011 02 18 05 00 00 1 4512.977
2011 02 18 05 15 00 1 9999.000
2011 02 18 05 30 00 1 9999.000
2011 02 18 05 45 00 1 9999.000
2011 02 18 06 00 00 1 9999.000
2011 02 18 06 15 00 1 4513.363
2011 02 18 06 30 00 1 4513.480
2011 02 18 06 45 00 1 4513.602
2011 02 18 07 00 00 1 4513.729
2011 02 18 07 15 00 1 4513.868
2011 02 18 07 30 00 1 4514.005
2011 02 18 07 45 00 1 4514.147
2011 02 18 08 00 00 1 4514.285
2011 02 18 08 15 00 1 4514.421
2011 02 18 08 30 00 1 4514.548
2011 02 18 08 45 00 1 4514.672
2011 02 18 09 00 00 1 4514.784
2011 02 18 09 15 00 1 4514.887
2011 02 18 09 30 00 1 4514.977
2011 02 18 09 45 00 1 4515.055
2011 02 18 10 00 00 1 4515.116
2011 02 18 10 15 00 1 4515.162
2011 02 18 10 30 00 1 4515.194
2011 02 18 10 45 00 1 4515.210
2011 02 18 11 00 00 1 4515.211
2011 02 18 11 15 00 1 4515.196
2011 02 18 11 30 00 1 4515.167
2011 02 18 11 45 00 1 4515.124
2011 02 18 12 00 00 1 4515.069
2011 02 18 12 15 00 1 4515.002
2011 02 18 12 30 00 1 4514.925
2011 02 18 12 45 00 1 4514.839
2011 02 18 13 00 00 1 4514.745
2011 02 18 13 15 00 1 4514.646
2011 02 18 13 30 00 1 4514.544
2011 02 18 13 45 00 1 4514.438
2011 02 18 14 00 00 1 4514.335
2011 02 18 14 15 00 1 4514.234
2011 02 18 14 30 00 1 4514.137
2011 02 18 14 45 00 1 4514.049
2011 02 18 15 00 00 1 4513.967
2011 02 18 15 15 00 1 4513.896
2011 02 18 15 30 00 1 4513.837
2011 02 18 15 45 00 1 4513.788
2011 02 18 16 00 00 1 4513.754
2011 02 18 16 15 00 1 4513.736
2011 02 18 16 30 00 1 4513.731
2011 02 18 16 45 00 1 4513.741
2011 02 18 17 00 00 1 4513.765
2011 02 18 17 15 00 1 4513.807
2011 02 18 17 30 00 1 4513.861
2011 02 18 17 45 00 1 4513.929
2011 02 18 18 00 00 1 4514.009
2011 02 18 18 15 00 1 4514.101
2011 02 18 18 30 00 1 4514.201
2011 02 18 18 45 00 1 4514.309
2011 02 18 19 00 00 1 4514.424
2011 02 18 19 15 00 1 4514.544
2011 02 18 19 30 00 1 4514.666
2011 02 18 19 45 00 1 4514.787
2011 02 18 20 00 00 1 4514.905
2011 02 18 20 15 00 1 4515.021
2011 02 18 20 30 00 1 4515.132
2011 02 18 20 45 00 1 4515.232
2011 02 18 21 00 00 1 4515.325
2011 02 18 21 15 00 1 4515.406
2011 02 18 21 30 00 1 4515.474
2011 02 18 21 45 00 1 4515.528
2011 02 18 22 00 00 1 4515.567
2011 02 18 22 15 00 1 4515.591
2011 02 18 22 30 00 1 4515.593
2011 02 18 22 45 00 1 4515.580
2011 02 18 23 00 00 1 4515.550
2011 02 18 23 15 00 1 4515.502
2011 02 18 23 30 00 1 4515.439
2011 02 18 23 45 00 1 4515.356
2011 02 19 00 00 00 1 4515.261
2011 02 19 00 15 00 1 4515.150
2011 02 19 00 30 00 1 4515.026
2011 02 19 00 45 00 1 4514.892
2011 02 19 01 00 00 1 4514.748
2011 02 19 01 15 00 1 4514.598
2011 02 19 01 30 00 1 4514.445
2011 02 19 01 45 00 1 4514.288
2011 02 19 02 00 00 1 4514.134
2011 02 19 02 15 00 1 4513.978
2011 02 19 02 30 00 1 4513.829
2011 02 19 02 45 00 1 4513.685
2011 02 19 03 00 00 1 4513.549
2011 02 19 03 15 00 1 4513.424
2011 02 19 03 30 00 1 4513.313
2011 02 19 03 45 00 1 4513.215
2011 02 19 04 00 00 1 4513.133
2011 02 19 04 15 00 1 4513.068
2011 02 19 04 30 00 1 4513.019
2011 02 19 04 45 00 1 4512.988
2011 02 19 05 00 00 1 4512.975
2011 02 19 05 15 00 1 4512.980
2011 02 19 05 30 00 1 4513.006
2011 02 19 05 45 00 1 4513.049
2011 02 19 06 00 00 1 4513.110
2011 02 19 06 15 00 1 4513.187
2011 02 19 06 30 00 1 4513.281
2011 02 19 06 45 00 1 4513.386
2011 02 19 07 00 00 1 4513.505
2011 02 19 07 15 00 1 4513.630
2011 02 19 07 30 00 1 4513.768
2011 02 19 07 45 00 1 4513.911
2011 02 19 08 00 00 1 4514.057
2011 02 19 08 15 00 1 4514.207
2011 02 19 08 30 00 1 4514.355
2011 02 19 08 45 00 1 4514.499
2011 02 19 09 00 00 1 4514.639
2011 02 19 09 15 00 1 4514.770
2011 02 19 09 30 00 1 4514.892
2011 02 19 09 45 00 1 4515.003
2011 02 19 10 00 00 1 4515.104
2011 02 19 10 15 00 1 4515.188
2011 02 19 10 30 00 1 4515.258
2011 02 19 10 45 00 1 4515.312
2011 02 19 11 00 00 1 4515.348
2011 02 19 11 15 00 1 4515.367
2011 02 19 11 30 00 1 4515.368
2011 02 19 11 45 00 1 4515.354
2011 02 19 12 00 00 1 4515.324
2011 02 19 12 15 00 1 4515.280
2011 02 19 12 30 00 1 4515.217
2011 02 19 12 45 00 1 4515.140
2011 02 19 13 00 00 1 4515.051
2011 02 19 13 15 00 1 4514.948
2011 02 19 13 30 00 1 4514.845
2011 02 19 13 45 00 1 4514.728
2011 02 19 14 00 00 1 4514.608
2011 02 19 14 15 00 1 4514.482
2011 02 19 14 30 00 1 4514.356
2011 02 19 14 45 00 1 4514.233
2011 02 19 15 00 00 1 4514.115
2011 02 19 15 15 00 1 4514.003
2011 02 19 15 30 00 1 4513.899
2011 02 19 15 45 00 1 4513.806
2011 02 19 16 00 00 1 4513.719
2011 02 19 16 15 00 1 4513.645
2011 02 19 16 30 00 1 4513.586
2011 02 19 16 45 00 1 4513.544
2011 02 19 17 00 00 1 4513.515
2011 02 19 17 15 00 1 4513.505
2011 02 19 17 30 00 1 4513.510
2011 02 19 17 45 00 1 4513.535
2011 02 19 18 00 00 1 4513.572
2011 02 19 18 15 00 1 4513.626
2011 02 19 18 30 00 1 4513.692
2011 02 19 18 45 00 1 4513.777
2011 02 19 19 00 00 1 4513.872
2011 02 19 19 15 00 1 4513.977
2011 02 19 19 30 00 1 4514.097
2011 02 19 19 45 00 1 4514.222
2011 02 19 20 00 00 1 4514.350
2011 02 19 20 15 00 1 4514.480
2011 02 19 20 30 00 1 4514.610
2011 02 19 20 45 00 1 4514.741
2011 02 19 21 00 00 1 4514.867
2011 02 19 21 15 00 1 4514.988
2011 02 19 21 30 00 1 4515.096
2011 02 19 21 45 00 1 4515.198
2011 02 19 22 00 00 1 4515.286
2011 02 19 22 15 00 1 4515.362
2011 02 19 22 30 00 1 4515.422
2011 02 19 22 45 00 1 4515.467
2011 02 19 23 00 00 1 4515.497
2011 02 19 23 15 00 1 4515.508
2011 02 19 23 30 00 1 4515.503
2011 02 19 23 45 00 1 4515.478
2011 02 20 00 00 00 1 4515.440
2011 02 20 00 15 00 1 4515.383
2011 02 20 00 30 00 1 4515.309
2011 02 20 00 45 00 1 4515.219
2011 02 20 01 00 00 1 4515.116
2011 02 20 01 15 00 1 4515.001
2011 02 20 01 30 00 1 4514.875
2011 02 20 01 45 00 1 4514.741
2011 02 20 02 00 00 1 4514.601
2011 02 20 02 15 00 1 4514.457
2011 02 20 02 30 00 1 4514.310
2011 02 20 02 45 00 1 4514.163
2011 02 20 03 00 00 1 4514.018
2011 02 20 03 15 00 1 4513.878
2011 02 20 03 30 00 1 4513.740
2011 02 20 03 45 00 1 4513.616
2011 02 20 04 00 00 1 4513.504
2011 02 20 04 15 00 1 4513.405
2011 02 20 04 30 00 1 4513.314
2011 02 20 04 45 00 1 4513.243
2011 02 20 05 00 00 1 4513.187
2011 02 20 05 15 00 1 4513.149
2011 02 20 05 30 00 1 4513.132
2011 02 20 05 45 00 1 4513.129
2011 02 20 06 00 00 1 4513.149
2011 02 20 06 15 00 1 4513.187
2011 02 20 06 30 00 1 4513.240
2011 02 20 06 45 00 1 4513.313
2011 02 20 07 00 00 1 4513.398
2011 02 20 07 15 00 1 4513.500
2011 02 20 07 30 00 1 4513.615
2011 02 20 07 45 00 1 4513.742
2011 02 20 08 00 00 1 4513.879
2011 02 20 08 15 00 1 4514.020
2011 02 20 08 30 00 1 4514.166
2011 02 20 08 45 00 1 4514.315
2011 02 20 09 00 00 1 4514.465
2011 02 20 09 15 00 1 4514.613
2011 02 20 09 30 00 1 4514.754
2011 02 20 09 45 00 1 4514.887
2011 02 20 10 00 00 1 4515.013
2011 02 20 10 15 00 1 4515.131
2011 02 20 10 30 00 1 4515.233
2011 02 20 10 45 00 1 4515.324
2011 02 20 11 00 00 1 4515.399
2011 02 20 11 15 00 1 4515.460
2011 02 20 11 30 00 1 4515.499
2011 02 20 11 45 00 1 4515.524
2011 02 20 12 00 00 1 4515.531
2011 02 20 12 15 00 1 4515.519
2011 02 20 12 30 00 1 4515.490
2011 02 20 12 45 00 1 4515.442
2011 02 20 13 00 00 1 4515.379
2011 02 20 13 15 00 1 4515.303
2011 02 20 13 30 00 1 4515.214
2011 02 20 13 45 00 1 4515.109
2011 02 20 14 00 00 1 4514.991
2011 02 20 14 15 00 1 4514.867
2011 02 20 14 30 00 1 4514.737
2011 02 20 14 45 00 1 4514.600
2011 02 20 15 00 00 1 4514.464
2011 02 20 15 15 00 1 4514.327
2011 02 20 15 30 00 1 4514.194
2011 02 20 15 45 00 1 4514.061
2011 02 20 16 00 00 1 4513.940
2011 02 20 16 15 00 1 4513.822
2011 02 20 16 30 00 1 4513.715
2011 02 20 16 45 00 1 4513.621
2011 02 20 17 00 00 1 4513.539
2011 02 20 17 15 00 1 4513.474
2011 02 20 17 30 00 1 4513.426
2011 02 20 17 45 00 1 4513.392
2011 02 20 18 00 00 1 4513.377
2011 02 20 18 15 00 1 9999.000
2011 02 20 18 30 00 1 9999.000
2011 02 20 18 45 00 1 9999.000
2011 02 20 19 00 00 1 9999.000
2011 02 20 19 15 00 1 4513.559
2011 02 20 19 30 00 1 4513.641
2011 02 20 19 45 00 1 4513.733
2011 02 20 20 00 00 1 4513.837
2011 02 20 20 15 00 1 4513.952
2011 02 20 20 30 00 1 4514.075
2011 02 20 20 45 00 1 4514.199
2011 02 20 21 00 00 1 4514.326
2011 02 20 21 15 00 1 4514.457
2011 02 20 21 30 00 1 4514.587
2011 02 20 21 45 00 1 4514.710
2011 02 20 22 00 00 1 4514.825
2011 02 20 22 15 00 1 4514.935
2011 02 20 22 30 00 1 4515.038
2011 02 20 22 45 00 1 4515.129
2011 02 20 23 00 00 1 4515.207
2011 02 20 23 15 00 1 9999.000
2011 02 20 23 30 00 1 9999.000
2011 02 20 23 45 00 1 9999.000
2011 02 21 00 00 00 1 9999.000
2011 02 21 00 15 00 1 9999.000
2011 02 21 00 30 00 1 9999.000
2011 02 21 00 45 00 1 9999.000
2011 02 21 01 00 00 1 9999.000
2011 02 21 01 15 00 1 9999.000
2011 02 21 01 30 00 1 9999.000
2011 02 21 01 45 00 1 9999.000
2011 02 21 02 00 00 1 9999.000
2011 02 21 02 15 00 1 9999.000
2011 02 21 02 30 00 1 9999.000
2011 02 21 02 45 00 1 9999.000
2011 02 21 03 00 00 1 9999.000
2011 02 21 03 15 00 1 4514.328
2011 02 21 03 30 00 1 4514.198
2011 02 21 03 45 00 1 4514.069
2011 02 21 04 00 00 1 4513.949
2011 02 21 04 15 00 1 4513.834
2011 02 21 04 30 00 1 4513.728
2011 02 21 04 45 00 1 4513.634
2011 02 21 05 00 00 1 4513.551
2011 02 21 05 15 00 1 4513.481
2011 02 21 05 30 00 1 4513.424
2011 02 21 05 45 00 1 4513.386
2011 02 21 06 00 00 1 4513.362
2011 02 21 06 15 00 1 4513.354
2011 02 21 06 30 00 1 4513.364
2011 02 21 06 45 00 1 4513.392
2011 02 21 07 00 00 1 4513.437
2011 02 21 07 15 00 1 4513.500
2011 02 21 07 30 00 1 4513.579
2011 02 21 07 45 00 1 4513.672
2011 02 21 08 00 00 1 4513.778
2011 02 21 08 15 00 1 4513.895
2011 02 21 08 30 00 1 4514.022
2011 02 21 08 45 00 1 4514.152
2011 02 21 09 00 00 1 4514.290
2011 02 21 09 15 00 1 4514.431
2011 02 21 09 30 00 1 4514.570
2011 02 21 09 45 00 1 4514.712
2011 02 21 10 00 00 1 4514.849
2011 02 21 10 15 00 1 4514.982
2011 02 21 10 30 00 1 4515.108
2011 02 21 10 45 00 1 4515.221
2011 02 21 11 00 00 1 4515.325
2011 02 21 11 15 00 1 4515.415
2011 02 21 11 30 00 1 4515.493
2011 02 21 11 45 00 1 4515.557
2011 02 21 12 00 00 1 4515.604
2011 02 21 12 15 00 1 4515.636
2011 02 21 12 30 00 1 4515.649
2011 02 21 12 45 00 1 4515.644
2011 02 21 13 00 00 1 4515.621
2011 02 21 13 15 00 1 4515.582
2011 02 21 13 30 00 1 4515.524
2011 02 21 13 45 00 1 4515.452
2011 02 21 14 00 00 1 4515.367
2011 02 21 14 15 00 1 4515.267
2011 02 21 14 30 00 1 4515.156
2011 02 21 14 45 00 1 4515.034
2011 02 21 15 00 00 1 4514.904
2011 02 21 15 15 00 1 4514.770
2011 02 21 15 30 00 1 4514.633
2011 02 21 15 45 00 1 4514.491
2011 02 21 16 00 00 1 4514.351
2011 02 21 16 15 00 1 4514.211
2011 02 21 16 30 00 1 4514.075
2011 02 21 16 45 00 1 4513.947
2011 02 21 17 00 00 1 4513.826
2011 02 21 17 15 00 1 4513.719
2011 02 21 17 30 00 1 4513.625
2011 02 21 17 45 00 1 4513.541
2011 02 21 18 00 00 1 4513.471
2011 02 21 18 15 00 1 4513.418
2011 02 21 18 30 00 1 4513.381
2011 02 21 18 45 00 1 4513.361
2011 02 21 19 00 00 1 4513.355
2011 02 21 19 15 00 1 4513.366
2011 02 21 19 30 00 1 4513.392
2011 02 21 19 45 00 1 4513.433
2011 02 21 20 00 00 1 4513.489
2011 02 21 20 15 00 1 4513.559
2011 02 21 20 30 00 1 4513.641
2011 02 21 20 45 00 1 4513.735
2011 02 21 21 00 00 1 4513.838
2011 02 21 21 15 00 1 4513.951
2011 02 21 21 30 00 1 4514.066
2011 02 21 21 45 00 1 4514.185
2011 02 21 22 00 00 1 4514.303
2011 02 21 22 15 00 1 4514.421
2011 02 21 22 30 00 1 4514.535
2011 02 21 22 45 00 1 4514.646
2011 02 21 23 00 00 1 4514.752
2011 02 21 23 15 00 1 4514.847
2011 02 21 23 30 00 1 4514.935
2011 02 21 23 45 00 1 4515.010
2011 02 22 00 00 00 1 4515.074
2011 02 22 00 15 00 1 4515.126
2011 02 22 00 30 00 1 4515.164
2011 02 22 00 45 00 1 4515.186
2011 02 22 01 00 00 1 4515.193
2011 02 22 01 15 00 1 4515.190
2011 02 22 01 30 00 1 4515.167
2011 02 22 01 45 00 1 4515.132
2011 02 22 02 00 00 1 4515.084
2011 02 22 02 15 00 1 4515.024
2011 02 22 02 30 00 1 4514.951
2011 02 22 02 45 00 1 4514.871
2011 02 22 03 00 00 1 4514.780
2011 02 22 03 15 00 1 4514.685
2011 02 22 03 30 00 1 4514.583
2011 02 22 03 45 00 1 4514.477
2011 02 22 04 00 00 1 4514.372
2011 02 22 04 15 00 1 4514.267
2011 02 22 04 30 00 1 4514.165
2011 02 22 04 45 00 1 4514.069
2011 02 22 05 00 00 1 4513.977
2011 02 22 05 15 00 1 4513.891
2011 02 22 05 30 00 1 4513.815
2011 02 22 05 45 00 1 4513.747
2011 02 22 06 00 00 1 4513.695
2011 02 22 06 15 00 1 4513.654
2011 02 22 06 30 00 1 4513.627
2011 02 22 06 45 00 1 4513.614
2011 02 22 07 00 00 1 4513.619
2011 02 22 07 15 00 1 4513.637
2011 02 22 07 30 00 1 4513.672
2011 02 22 07 45 00 1 4513.722
2011 02 22 08 00 00 1 4513.786
2011 02 22 08 15 00 1 4513.863
2011 02 22 08 30 00 1 4513.950
2011 02 22 08 45 00 1 4514.048
2011 02 22 09 00 00 1 4514.155
2011 02 22 09 15 00 1 4514.269
2011 02 22 09 30 00 1 4514.389
2011 02 22 09 45 00 1 4514.514
2011 02 22 10 00 00 1 4514.639
2011 02 22 10 15 00 1 4514.766
2011 02 22 10 30 00 1 4514.888
2011 02 22 10 45 00 1 4515.010
2011 02 22 11 00 00 1 4515.123
2011 02 22 11 15 00 1 4515.229
2011 02 22 11 30 00 1 4515.327
2011 02 22 11 45 00 1 4515.414
2011 02 22 12 00 00 1 4515.489
2011 02 22 12 15 00 1 4515.552
2011 02 22 12 30 00 1 4515.600
2011 02 22 12 45 00 1 4515.634
2011 02 22 13 00 00 1 4515.650
2011 02 22 13 15 00 1 4515.652
2011 02 22 13 30 00 1 4515.639
2011 02 22 13 45 00 1 4515.612
2011 02 22 14 00 00 1 4515.568
2011 02 22 14 15 00 1 4515.512
2011 02 22 14 30 00 1 4515.441
2011 02 22 14 45 00 1 4515.356
2011 02 22 15 00 00 1 4515.261
2011 02 22 15 15 00 1 4515.155
2011 02 22 15 30 00 1 4515.039
2011 02 22 15 45 00 1 4514.916
2011 02 22 16 00 00 1 4514.787
2011 02 22 16 15 00 1 4514.657
2011 02 22 16 30 00 1 4514.521
2011 02 22 16 45 00 1 4514.386
2011 02 22 17 00 00 1 4514.252
2011 02 22 17 15 00 1 4514.123
2011 02 22 17 30 00 1 4514.001
2011 02 22 17 45 00 1 4513.889
2011 02 22 18 00 00 1 4513.786
2011 02 22 18 15 00 1 4513.691
2011 02 22 18 30 00 1 4513.611
2011 02 22 18 45 00 1 4513.541
2011 02 22 19 00 00 1 4513.483
2011 02 22 19 15 00 1 4513.439
2011 02 22 19 30 00 1 4513.412
2011 02 22 19 45 00 1 4513.400
2011 02 22 20 00 00 1 4513.402
2011 02 22 20 15 00 1 4513.418
2011 02 22 20 30 00 1 4513.447
2011 02 22 20 45 00 1 4513.492
2011 02 22 21 00 00 1 4513.547
2011 02 22 21 15 00 1 4513.613
2011 02 22 21 30 00 1 4513.691
2011 02 22 21 45 00 1 4513.777
2011 02 22 22 00 00 1 4513.869
2011 02 22 22 15 00 1 4513.968
2011 02 22 22 30 00 1 4514.065
2011 02 22 22 45 00 1 4514.168
2011 02 22 23 00 00 1 4514.270
2011 02 22 23 15 00 1 4514.373
2011 02 22 23 30 00 1 4514.471
2011 02 22 23 45 00 1 4514.565
2011 02 23 00 00 00 1 4514.648
2011 02 23 00 15 00 1 4514.725
2011 02 23 00 30 00 1 4514.798
2011 02 23 00 45 00 1 4514.859
2011 02 23 01 00 00 1 4514.911
2011 02 23 01 15 00 1 4514.949
2011 02 23 01 30 00 1 4514.975
2011 02 23 01 45 00 1 4514.990
2011 02 23 02 00 00 1 4514.994
2011 02 23 02 15 00 1 4514.985
2011 02 23 02 30 00 1 4514.964
2011 02 23 02 45 00 1 4514.934
2011 02 23 03 00 00 1 4514.895
2011 02 23 03 15 00 1 4514.847
2011 02 23 03 30 00 1 4514.792
2011 02 23 03 45 00 1 4514.727
2011 02 23 04 00 00 1 4514.659
2011 02 23 04 15 00 1 4514.584
2011 02 23 04 30 00 1 4514.509
2011 02 23 04 45 00 1 4514.434
2011 02 23 05 00 00 1 4514.358
2011 02 23 05 15 00 1 4514.284
2011 02 23 05 30 00 1 4514.211
2011 02 23 05 45 00 1 4514.141
2011 02 23 06 00 00 1 4514.077
2011 02 23 06 15 00 1 4514.020
2011 02 23 06 30 00 1 4513.976
2011 02 23 06 45 00 1 4513.939
2011 02 23 07 00 00 1 4513.912
2011 02 23 07 15 00 1 4513.899
2011 02 23 07 30 00 1 4513.896
2011 02 23 07 45 00 1 4513.906
2011 02 23 08 00 00 1 4513.930
2011 02 23 08 15 00 1 4513.964
2011 02 23 08 30 00 1 4514.010
2011 02 23 08 45 00 1 4514.070
2011 02 23 09 00 00 1 4514.137
2011 02 23 09 15 00 1 4514.214
2011 02 23 09 30 00 1 4514.298
2011 02 23 09 45 00 1 4514.390
2011 02 23 10 00 00 1 4514.488
2011 02 23 10 15 00 1 4514.589
2011 02 23 10 30 00 1 4514.691
2011 02 23 10 45 00 1 4514.796
2011 02 23 11 00 00 1 4514.899
2011 02 23 11 15 00 1 4515.002
2011 02 23 11 30 00 1 4515.104
2011 02 23 11 45 00 1 4515.200
2011 02 23 12 00 00 1 4515.287
2011 02 23 12 15 00 1 4515.366
2011 02 23 12 30 00 1 4515.436
2011 02 23 12 45 00 1 4515.494
2011 02 23 13 00 00 1 4515.544
2011 02 23 13 15 00 1 4515.582
2011 02 23 13 30 00 1 4515.608
2011 02 23 13 45 00 1 4515.620
2011 02 23 14 00 00 1 4515.621
2011 02 23 14 15 00 1 4515.609
2011 02 23 14 30 00 1 4515.583
2011 02 23 14 45 00 1 4515.545
2011 02 23 15 00 00 1 4515.493
2011 02 23 15 15 00 1 4515.426
2011 02 23 15 30 00 1 4515.351
2011 02 23 15 45 00 1 4515.263
2011 02 23 16 00 00 1 4515.166
2011 02 23 16 15 00 1 4515.065
2011 02 23 16 30 00 1 4514.954
2011 02 23 16 45 00 1 4514.838
2011 02 23 17 00 00 1 4514.719
2011 02 23 17 15 00 1 4514.599
2011 02 23 17 30 00 1 4514.479
2011 02 23 17 45 00 1 4514.363
2011 02 23 18 00 00 1 4514.246
2011 02 23 18 15 00 1 4514.134
2011 02 23 18 30 00 1 4514.027
2011 02 23 18 45 00 1 4513.928
2011 02 23 19 00 00 1 4513.838
2011 02 23 19 15 00 1 4513.755
2011 02 23 19 30 00 1 4513.683
2011 02 23 19 45 00 1 4513.623
2011 02 23 20 00 00 1 4513.570
2011 02 23 20 15 00 1 4513.533
2011 02 23 20 30 00 1 4513.508
2011 02 23 20 45 00 1 4513.493
2011 02 23 21 00 00 1 4513.490
2011 02 23 21 15 00 1 4513.500
2011 02 23 21 30 00 1 4513.525
2011 02 23 21 45 00 1 4513.560
2011 02 23 22 00 00 1 4513.607
2011 02 23 22 15 00 1 4513.658
2011 02 23 22 30 00 1 4513.718
2011 02 23 22 45 00 1 4513.786
2011 02 23 23 00 00 1 4513.859
2011 02 23 23 15 00 1 4513.936
2011 02 23 23 30 00 1 4514.014
2011 02 23 23 45 00 1 4514.095
2011 02 24 00 00 00 1 4514.177
2011 02 24 00 15 00 1 4514.258
2011 02 24 00 30 00 1 4514.334
2011 02 24 00 45 00 1 4514.409
2011 02 24 01 00 00 1 4514.480
2011 02 24 01 15 00 1 4514.544
2011 02 24 01 30 00 1 4514.602
2011 02 24 01 45 00 1 4514.652
2011 02 24 02 00 00 1 4514.694
2011 02 24 02 15 00 1 4514.729
2011 02 24 02 30 00 1 4514.753
2011 02 24 02 45 00 1 4514.770
2011 02 24 03 00 00 1 4514.777
2011 02 24 03 15 00 1 4514.778
2011 02 24 03 30 00 1 4514.768
2011 02 24 03 45 00 1 4514.754
2011 02 24 04 00 00 1 4514.732
2011 02 24 04 15 00 1 4514.702
2011 02 24 04 30 00 1 4514.668
2011 02 24 04 45 00 1 4514.628
2011 02 24 05 00 00 1 4514.586
2011 02 24 05 15 00 1 4514.539
2011 02 24 05 30 00 1 4514.491
2011 02 24 05 45 00 1 4514.442
2011 02 24 06 00 00 1 4514.395
2011 02 24 06 15 00 1 4514.348
2011 02 24 06 30 00 1 4514.304
2011 02 24 06 45 00 1 4514.263
2011 02 24 07 00 00 1 4514.227
2011 02 24 07 15 00 1 4514.199
2011 02 24 07 30 00 1 4514.176
2011 02 24 07 45 00 1 4514.160
2011 02 24 08 00 00 1 4514.155
2011 02 24 08 15 00 1 4514.156
2011 02 24 08 30 00 1 4514.170
2011 02 24 08 45 00 1 4514.189
2011 02 24 09 00 00 1 4514.219
2011 02 24 09 15 00 1 4514.257
2011 02 24 09 30 00 1 4514.301
2011 02 24 09 45 00 1 4514.354
2011 02 24 10 00 00 1 4514.412
2011 02 24 10 15 00 1 4514.474
2011 02 24 10 30 00 1 4514.541
2011 02 24 10 45 00 1 4514.618
2011 02 24 11 00 00 1 4514.695
2011 02 24 11 15 00 1 4514.773
2011 02 24 11 30 00 1 4514.854
2011 02 24 11 45 00 1 4514.938
2011 02 24 12 00 00 1 4515.018
2011 02 24 12 15 00 1 4515.096
2011 02 24 12 30 00 1 4515.171
2011 02 24 12 45 00 1 4515.242
2011 02 24 13 00 00 1 4515.303
2011 02 24 13 15 00 1 4515.360
2011 02 24 13 30 00 1 4515.408
2011 02 24 13 45 00 1 4515.449
2011 02 24 14 00 00 1 4515.481
2011 02 24 14 15 00 1 4515.501
2011 02 24 14 30 00 1 4515.512
2011 02 24 14 45 00 1 4515.511
2011 02 24 15 00 00 1 4515.501
2011 02 24 15 15 00 1 4515.479
2011 02 24 15 30 00 1 4515.450
2011 02 24 15 45 00 1 4515.408
2011 02 24 16 00 00 1 4515.358
2011 02 24 16 15 00 1 4515.296
2011 02 24 16 30 00 1 4515.224
2011 02 24 16 45 00 1 4515.145
2011 02 24 17 00 00 1 4515.057
2011 02 24 17 15 00 1 4514.967
2011 02 24 17 30 00 1 4514.869
2011 02 24 17 45 00 1 4514.770
2011 02 24 18 00 00 1 4514.669
2011 02 24 18 15 00 1 4514.566
2011 02 24 18 30 00 1 4514.462
2011 02 24 18 45 00 1 4514.359
2011 02 24 19 00 00 1 4514.259
2011 02 24 19 15 00 1 4514.161
2011 02 24 19 30 00 1 4514.072
2011 02 24 19 45 00 1 4513.985
2011 02 24 20 00 00 1 4513.907
2011 02 24 20 15 00 1 4513.836
2011 02 24 20 30 00 1 4513.772
2011 02 24 20 45 00 1 4513.719
2011 02 24 21 00 00 1 4513.670
2011 02 24 21 15 00 1 4513.633
2011 02 24 21 30 00 1 4513.606
2011 02 24 21 45 00 1 4513.587
2011 02 24 22 00 00 1 4513.580
2011 02 24 22 15 00 1 4513.582
2011 02 24 22 30 00 1 4513.588
2011 02 24 22 45 00 1 4513.609
2011 02 24 23 00 00 1 4513.637
2011 02 24 23 15 00 1 4513.675
2011 02 24 23 30 00 1 4513.722
2011 02 24 23 45 00 1 4513.766
2011 02 25 00 00 00 1 4513.820
2011 02 25 00 15 00 1 4513.878
2011 02 25 00 30 00 1 4513.939
2011 02 25 00 45 00 1 4514.001
2011 02 25 01 00 00 1 4514.067
2011 02 25 01 15 00 1 4514.131
2011 02 25 01 30 00 1 4514.198
2011 02 25 01 45 00 1 4514.258
2011 02 25 02 00 00 1 4514.316
2011 02 25 02 15 00 1 4514.375
2011 02 25 02 30 00 1 4514.427
2011 02 25 02 45 00 1 4514.476
2011 02 25 03 00 00 1 4514.519
2011 02 25 03 15 00 1 4514.554
2011 02 25 03 30 00 1 4514.586
2011 02 25 03 45 00 1 4514.613
2011 02 25 04 00 00 1 4514.632
2011 02 25 04 15 00 1 4514.648
2011 02 25 04 30 00 1 4514.658
2011 02 25 04 45 00 1 4514.660
2011 02 25 05 00 00 1 4514.657
2011 02 25 05 15 00 1 4514.650
2011 02 25 05 30 00 1 4514.639
2011 02 25 05 45 00 1 4514.623
2011 02 25 06 00 00 1 4514.605
2011 02 25 06 15 00 1 4514.586
2011 02 25 06 30 00 1 4514.560
2011 02 25 06 45 00 1 4514.536
2011 02 25 07 00 00 1 4514.510
2011 02 25 07 15 00 1 4514.485
2011 02 25 07 30 00 1 4514.461
2011 02 25 07 45 00 1 4514.438
2011 02 25 08 00 00 1 4514.420
2011 02 25 08 15 00 1 4514.404
2011 02 25 08 30 00 1 4514.394
2011 02 25 08 45 00 1 4514.391
2011 02 25 09 00 00 1 4514.388
2011 02 25 09 15 00 1 4514.393
2011 02 25 09 30 00 1 4514.405
2011 02 25 09 45 00 1 4514.418
2011 02 25 10 00 00 1 4514.438
2011 02 25 10 15 00 1 4514.465
2011 02 25 10 30 00 1 4514.501
2011 02 25 10 45 00 1 4514.541
2011 02 25 11 00 00 1 4514.585
2011 02 25 11 15 00 1 4514.636
2011 02 25 11 30 00 1 4514.688
2011 02 25 11 45 00 1 4514.744
2011 02 25 12 00 00 1 4514.801
2011 02 25 12 15 00 1 4514.862
2011 02 25 12 30 00 1 4514.921
2011 02 25 12 45 00 1 4514.982
2011 02 25 13 00 00 1 4515.040
2011 02 25 13 15 00 1 4515.100
2011 02 25 13 30 00 1 4515.154
2011 02 25 13 45 00 1 4515.205
2011 02 25 14 00 00 1 4515.250
2011 02 25 14 15 00 1 4515.290
2011 02 25 14 30 00 1 4515.328
2011 02 25 14 45 00 1 4515.356
2011 02 25 15 00 00 1 4515.380
2011 02 25 15 15 00 1 4515.396
2011 02 25 15 30 00 1 4515.405
2011 02 25 15 45 00 1 4515.404
2011 02 25 16 00 00 1 4515.395
2011 02 25 16 15 00 1 4515.379
2011 02 25 16 30 00 1 4515.352
2011 02 25 16 45 00 1 4515.316
2011 02 25 17 00 00 1 4515.274
2011 02 25 17 15 00 1 4515.227
2011 02 25 17 30 00 1 4515.173
2011 02 25 17 45 00 1 4515.111
2011 02 25 18 00 00 1 4515.042
2011 02 25 18 15 00 1 4514.967
2011 02 25 18 30 00 1 4514.884
2011 02 25 18 45 00 1 4514.800
2011 02 25 19 00 00 1 4514.715
2011 02 25 19 15 00 1 4514.622
2011 02 25 19 30 00 1 4514.530
2011 02 25 19 45 00 1 4514.439
2011 02 25 20 00 00 1 4514.349
2011 02 25 20 15 00 1 4514.261
2011 02 25 20 30 00 1 4514.175
2011 02 25 20 45 00 1 4514.095
2011 02 25 21 00 00 1 4514.015
2011 02 25 21 15 00 1 4513.945
2011 02 25 21 30 00 1 4513.877
2011 02 25 21 45 00 1 4513.818
2011 02 25 22 00 00 1 4513.767
2011 02 25 22 15 00 1 4513.722
2011 02 25 22 30 00 1 4513.682
2011 02 25 22 45 00 1 4513.653
2011 02 25 23 00 00 1 4513.632
2011 02 25 23 15 00 1 4513.621
2011 02 25 23 30 00 1 4513.616
2011 02 25 23 45 00 1 4513.621
2011 02 26 00 00 00 1 4513.634
2011 02 26 00 15 00 1 4513.654
2011 02 26 00 30 00 1 4513.680
2011 02 26 00 45 00 1 4513.716
2011 02 26 01 00 00 1 4513.756
2011 02 26 01 15 00 1 4513.800
2011 02 26 01 30 00 1 4513.849
2011 02 26 01 45 00 1 4513.903
2011 02 26 02 00 00 1 4513.958
2011 02 26 02 15 00 1 4514.014
2011 02 26 02 30 00 1 4514.073
2011 02 26 02 45 00 1 4514.129
2011 02 26 03 00 00 1 4514.188
2011 02 26 03 15 00 1 4514.245
2011 02 26 03 30 00 1 4514.300
2011 02 26 03 45 00 1 4514.351
2011 02 26 04 00 00 1 4514.401
2011 02 26 04 15 00 1 4514.450
2011 02 26 04 30 00 1 4514.494
2011 02 26 04 45 00 1 4514.534
2011 02 26 05 00 00 1 4514.568
2011 02 26 05 15 00 1 4514.600
2011 02 26 05 30 00 1 4514.622
2011 02 26 05 45 00 1 4514.642
2011 02 26 06 00 00 1 4514.661
2011 02 26 06 15 00 1 4514.671
2011 02 26 06 30 00 1 4514.678
2011 02 26 06 45 00 1 4514.681
2011 02 26 07 00 00 1 4514.680
2011 02 26 07 15 00 1 4514.675
2011 02 26 07 30 00 1 4514.665
2011 02 26 07 45 00 1 4514.657
2011 02 26 08 00 00 1 4514.644
2011 02 26 08 15 00 1 4514.631
2011 02 26 08 30 00 1 4514.616
2011 02 26 08 45 00 1 4514.602
2011 02 26 09 00 00 1 4514.587
2011 02 26 09 15 00 1 4514.573
2011 02 26 09 30 00 1 4514.562
2011 02 26 09 45 00 1 4514.552
2011 02 26 10 00 00 1 4514.546
2011 02 26 10 15 00 1 4514.542
2011 02 26 10 30 00 1 4514.543
2011 02 26 10 45 00 1 4514.548
2011 02 26 11 00 00 1 4514.557
2011 02 26 11 15 00 1 4514.569
2011 02 26 11 30 00 1 4514.587
2011 02 26 11 45 00 1 4514.609
2011 02 26 12 00 00 1 4514.633
2011 02 26 12 15 00 1 4514.666
2011 02 26 12 30 00 1 4514.700
2011 02 26 12 45 00 1 4514.739
2011 02 26 13 00 00 1 4514.781
2011 02 26 13 15 00 1 4514.823
2011 02 26 13 30 00 1 4514.866
2011 02 26 13 45 00 1 4514.912
2011 02 26 14 00 00 1 4514.958
2011 02 26 14 15 00 1 4515.004
2011 02 26 14 30 00 1 4515.048
2011 02 26 14 45 00 1 4515.091
2011 02 26 15 00 00 1 4515.130
2011 02 26 15 15 00 1 4515.170
2011 02 26 15 30 00 1 4515.204
2011 02 26 15 45 00 1 4515.235
2011 02 26 16 00 00 1 4515.259
2011 02 26 16 15 00 1 4515.279
2011 02 26 16 30 00 1 4515.290
2011 02 26 16 45 00 1 4515.297
2011 02 26 17 00 00 1 4515.299
2011 02 26 17 15 00 1 4515.292
2011 02 26 17 30 00 1 4515.281
2011 02 26 17 45 00 1 4515.261
2011 02 26 18 00 00 1 4515.234
2011 02 26 18 15 00 1 4515.198
2011 02 26 18 30 00 1 4515.155
2011 02 26 18 45 00 1 4515.106
2011 02 26 19 00 00 1 4515.051
2011 02 26 19 15 00 1 4514.986
2011 02 26 19 30 00 1 4514.918
2011 02 26 19 45 00 1 4514.848
2011 02 26 20 00 00 1 4514.769
2011 02 26 20 15 00 1 4514.687
2011 02 26 20 30 00 1 4514.605
2011 02 26 20 45 00 1 4514.520
2011 02 26 21 00 00 1 4514.431
2011 02 26 21 15 00 1 4514.346
2011 02 26 21 30 00 1 4514.260
2011 02 26 21 45 00 1 4514.176
2011 02 26 22 00 00 1 4514.095
2011 02 26 22 15 00 1 4514.018
2011 02 26 22 30 00 1 4513.944
2011 02 26 22 45 00 1 4513.878
2011 02 26 23 00 00 1 4513.816
2011 02 26 23 15 00 1 4513.757
2011 02 26 23 30 00 1 4513.708
2011 02 26 23 45 00 1 4513.668
2011 02 27 00 00 00 1 4513.634
2011 02 27 00 15 00 1 4513.611
2011 02 27 00 30 00 1 4513.592
2011 02 27 00 45 00 1 4513.585
2011 02 27 01 00 00 1 4513.589
2011 02 27 01 15 00 1 4513.598
2011 02 27 01 30 00 1 4513.613
2011 02 27 01 45 00 1 4513.640
2011 02 27 02 00 00 1 4513.673
2011 02 27 02 15 00 1 4513.710
2011 02 27 02 30 00 1 4513.756
2011 02 27 02 45 00 1 4513.803
2011 02 27 03 00 00 1 4513.858
2011 02 27 03 15 00 1 4513.917
2011 02 27 03 30 00 1 4513.979
2011 02 27 03 45 00 1 4514.039
2011 02 27 04 00 00 1 4514.102
2011 02 27 04 15 00 1 4514.167
2011 02 27 04 30 00 1 4514.234
2011 02 27 04 45 00 1 4514.296
2011 02 27 05 00 00 1 4514.355
2011 02 27 05 15 00 1 4514.414
2011 02 27 05 30 00 1 4514.471
2011 02 27 05 45 00 1 4514.525
2011 02 27 06 00 00 1 4514.572
2011 02 27 06 15 00 1 4514.616
2011 02 27 06 30 00 1 4514.659
2011 02 27 06 45 00 1 4514.694
2011 02 27 07 00 00 1 4514.722
2011 02 27 07 15 00 1 4514.744
2011 02 27 07 30 00 1 4514.761
2011 02 27 07 45 00 1 4514.774
2011 02 27 08 00 00 1 4514.778
2011 02 27 08 15 00 1 4514.780
2011 02 27 08 30 00 1 4514.778
2011 02 27 08 45 00 1 4514.768
2011 02 27 09 00 00 1 4514.757
2011 02 27 09 15 00 1 4514.743
2011 02 27 09 30 00 1 4514.727
2011 02 27 09 45 00 1 4514.708
2011 02 27 10 00 00 1 4514.691
2011 02 27 10 15 00 1 4514.673
2011 02 27 10 30 00 1 4514.654
2011 02 27 10 45 00 1 4514.636
2011 02 27 11 00 00 1 4514.619
2011 02 27 11 15 00 1 4514.605
2011 02 27 11 30 00 1 4514.596
2011 02 27 11 45 00 1 4514.583
2011 02 27 12 00 00 1 4514.581
2011 02 27 12 15 00 1 4514.581
2011 02 27 12 30 00 1 4514.585
2011 02 27 12 45 00 1 4514.592
2011 02 27 13 00 00 1 4514.604
2011 02 27 13 15 00 1 4514.620
2011 02 27 13 30 00 1 4514.643
2011 02 27 13 45 00 1 4514.669
2011 02 27 14 00 00 1 4514.700
2011 02 27 14 15 00 1 4514.733
2011 02 27 14 30 00 1 4514.773
2011 02 27 14 45 00 1 4514.810
2011 02 27 15 00 00 1 4514.851
2011 02 27 15 15 00 1 4514.898
2011 02 27 15 30 00 1 4514.940
2011 02 27 15 45 00 1 4514.983
2011 02 27 16 00 00 1 4515.029
2011 02 27 16 15 00 1 4515.072
2011 02 27 16 30 00 1 4515.113
2011 02 27 16 45 00 1 4515.147
2011 02 27 17 00 00 1 4515.181
2011 02 27 17 15 00 1 4515.211
2011 02 27 17 30 00 1 4515.235
2011 02 27 17 45 00 1 4515.257
2011 02 27 18 00 00 1 4515.269
2011 02 27 18 15 00 1 4515.274
2011 02 27 18 30 00 1 4515.272
2011 02 27 18 45 00 1 4515.263
2011 02 27 19 00 00 1 4515.245
2011 02 27 19 15 00 1 4515.223
2011 02 27 19 30 00 1 4515.190
2011 02 27 19 45 00 1 4515.148
2011 02 27 20 00 00 1 4515.099
2011 02 27 20 15 00 1 4515.039
2011 02 27 20 30 00 1 4514.973
2011 02 27 20 45 00 1 4514.903
2011 02 27 21 00 00 1 4514.823
2011 02 27 21 15 00 1 4514.742
2011 02 27 21 30 00 1 4514.656
2011 02 27 21 45 00 1 4514.568
2011 02 27 22 00 00 1 4514.475
2011 02 27 22 15 00 1 4514.381
2011 02 27 22 30 00 1 4514.288
2011 02 27 22 45 00 1 4514.196
2011 02 27 23 00 00 1 4514.106
2011 02 27 23 15 00 1 4514.018
2011 02 27 23 30 00 1 4513.938
2011 02 27 23 45 00 1 4513.862
2011 02 28 00 00 00 1 4513.787
2011 02 28 00 15 00 1 4513.725
2011 02 28 00 30 00 1 4513.668
2011 02 28 00 45 00 1 4513.621
2011 02 28 01 00 00 1 4513.580
2011 02 28 01 15 00 1 4513.550
2011 02 28 01 30 00 1 4513.528
2011 02 28 01 45 00 1 4513.516
2011 02 28 02 00 00 1 4513.515
2011 02 28 02 15 00 1 4513.522
2011 02 28 02 30 00 1 4513.538
2011 02 28 02 45 00 1 4513.565
2011 02 28 03 00 00 1 4513.603
2011 02 28 03 15 00 1 4513.647
2011 02 28 03 30 00 1 4513.698
2011 02 28 03 45 00 1 4513.754
2011 02 28 04 00 00 1 4513.816
2011 02 28 04 15 00 1 4513.881
2011 02 28 04 30 00 1 4513.954
2011 02 28 04 45 00 1 4514.028
2011 02 28 05 00 00 1 4514.107
2011 02 28 05 15 00 1 4514.186
2011 02 28 05 30 00 1 4514.266
2011 02 28 05 45 00 1 4514.343
2011 02 28 06 00 00 1 4514.418
2011 02 28 06 15 00 1 4514.490
2011 02 28 06 30 00 1 4514.558
2011 02 28 06 45 00 1 4514.623
2011 02 28 07 00 00 1 4514.681
2011 02 28 07 15 00 1 4514.736
2011 02 28 07 30 00 1 4514.781
2011 02 28 07 45 00 1 4514.820
2011 02 28 08 00 00 1 4514.853
2011 02 28 08 15 00 1 4514.876
2011 02 28 08 30 00 1 4514.893
2011 02 28 08 45 00 1 4514.900
2011 02 28 09 00 00 1 4514.902
2011 02 28 09 15 00 1 4514.898
2011 02 28 09 30 00 1 4514.884
2011 02 28 09 45 00 1 4514.867
2011 02 28 10 00 00 1 4514.845
2011 02 28 10 15 00 1 4514.817
2011 02 28 10 30 00 1 4514.786
2011 02 28 10 45 00 1 4514.752
2011 02 28 11 00 00 1 4514.719
2011 02 28 11 15 00 1 4514.684
2011 02 28 11 30 00 1 4514.651
2011 02 28 11 45 00 1 4514.615
2011 02 28 12 00 00 1 4514.584
2011 02 28 12 15 00 1 4514.555
2011 02 28 12 30 00 1 4514.531
2011 02 28 12 45 00 1 4514.507
2011 02 28 13 00 00 1 4514.492
2011 02 28 13 15 00 1 4514.480
2011 02 28 13 30 00 1 4514.470
2011 02 28 13 45 00 1 4514.470
2011 02 28 14 00 00 1 4514.474
2011 02 28 14 15 00 1 4514.490
2011 02 28 14 30 00 1 4514.508
2011 02 28 14 45 00 1 4514.532
2011 02 28 15 00 00 1 4514.564
2011 02 28 15 15 00 1 4514.599
2011 02 28 15 30 00 1 4514.642
2011 02 28 15 45 00 1 4514.687
2011 02 28 16 00 00 1 4514.736
2011 02 28 16 15 00 1 4514.790
2011 02 28 16 30 00 1 4514.842
2011 02 28 16 45 00 1 4514.900
2011 02 28 17 00 00 1 4514.956
2011 02 28 17 15 00 1 4515.010
2011 02 28 17 30 00 1 4515.063
2011 02 28 17 45 00 1 4515.115
2011 02 28 18 00 00 1 4515.160
2011 02 28 18 15 00 1 4515.203
2011 02 28 18 30 00 1 4515.237
2011 02 28 18 45 00 1 4515.268
2011 02 28 19 00 00 1 4515.289
2011 02 28 19 15 00 1 4515.303
2011 02 28 19 30 00 1 4515.311
2011 02 28 19 45 00 1 4515.303
2011 02 28 20 00 00 1 4515.290
2011 02 28 20 15 00 1 4515.269
2011 02 28 20 30 00 1 4515.234
2011 02 28 20 45 00 1 4515.189
2011 02 28 21 00 00 1 4515.138
2011 02 28 21 15 00 1 4515.075
2011 02 28 21 30 00 1 4515.007
2011 02 28 21 45 00 1 4514.929
2011 02 28 22 00 00 1 4514.846
2011 02 28 22 15 00 1 4514.756
2011 02 28 22 30 00 1 4514.660
2011 02 28 22 45 00 1 4514.561
2011 02 28 23 00 00 1 4514.461
2011 02 28 23 15 00 1 4514.359
2011 02 28 23 30 00 1 4514.256
2011 02 28 23 45 00 1 4514.158
2011 03 01 00 00 00 1 4514.057
2011 03 01 00 15 00 1 4513.960
2011 03 01 00 30 00 1 4513.870
2011 03 01 00 45 00 1 4513.785
2011 03 01 01 00 00 1 4513.708
2011 03 01 01 15 00 1 4513.640
2011 03 01 01 30 00 1 4513.579
2011 03 01 01 45 00 1 4513.528
2011 03 01 02 00 00 1 4513.486
2011 03 01 02 15 00 1 4513.457
2011 03 01 02 30 00 1 4513.440
2011 03 01 02 45 00 1 4513.435
2011 03 01 03 00 00 1 4513.439
2011 03 01 03 15 00 1 4513.456
2011 03 01 03 30 00 1 4513.484
2011 03 01 03 45 00 1 4513.521
2011 03 01 04 00 00 1 4513.569
2011 03 01 04 15 00 1 4513.626
2011 03 01 04 30 00 1 4513.689
2011 03 01 04 45 00 1 4513.761
2011 03 01 05 00 00 1 4513.840
2011 03 01 05 15 00 1 4513.925
2011 03 01 05 30 00 1 4514.010
2011 03 01 05 45 00 1 4514.099
2011 03 01 06 00 00 1 4514.190
2011 03 01 06 15 00 1 4514.278
2011 03 01 06 30 00 1 4514.369
2011 03 01 06 45 00 1 4514.455
2011 03 01 07 00 00 1 4514.540
2011 03 01 07 15 00 1 4514.616
2011 03 01 07 30 00 1 4514.690
2011 03 01 07 45 00 1 4514.755
2011 03 01 08 00 00 1 4514.816
2011 03 01 08 15 00 1 4514.866
2011 03 01 08 30 00 1 4514.906
2011 03 01 08 45 00 1 4514.938
2011 03 01 09 00 00 1 4514.959
2011 03 01 09 15 00 1 4514.972
2011 03 01 09 30 00 1 4514.976
2011 03 01 09 45 00 1 4514.973
2011 03 01 10 00 00 1 4514.959
2011 03 01 10 15 00 1 4514.939
2011 03 01 10 30 00 1 4514.911
2011 03 01 10 45 00 1 4514.875
2011 03 01 11 00 00 1 4514.835
2011 03 01 11 15 00 1 4514.793
2011 03 01 11 30 00 1 4514.743
2011 03 01 11 45 00 1 4514.694
2011 03 01 12 00 00 1 4514.643
2011 03 01 12 15 00 1 4514.593
2011 03 01 12 30 00 1 4514.542
2011 03 01 12 45 00 1 4514.495
2011 03 01 13 00 00 1 4514.450
2011 03 01 13 15 00 1 4514.409
2011 03 01 13 30 00 1 4514.371
2011 03 01 13 45 00 1 4514.340
2011 03 01 14 00 00 1 4514.319
2011 03 01 14 15 00 1 4514.301
2011 03 01 14 30 00 1 4514.291
2011 03 01 14 45 00 1 4514.289
2011 03 01 15 00 00 1 4514.297
2011 03 01 15 15 00 1 4514.315
2011 03 01 15 30 00 1 4514.342
2011 03 01 15 45 00 1 4514.376
2011 03 01 16 00 00 1 4514.414
2011 03 01 16 15 00 1 4514.462
2011 03 01 16 30 00 1 4514.513
2011 03 01 16 45 00 1 4514.571
2011 03 01 17 00 00 1 4514.633
2011 03 01 17 15 00 1 4514.699
2011 03 01 17 30 00 1 4514.769
2011 03 01 17 45 00 1 4514.837
2011 03 01 18 00 00 1 4514.907
2011 03 01 18 15 00 1 4514.974
2011 03 01 18 30 00 1 4515.037
2011 03 01 18 45 00 1 4515.097
2011 03 01 19 00 00 1 4515.152
2011 03 01 19 15 00 1 4515.200
2011 03 01 19 30 00 1 4515.243
2011 03 01 19 45 00 1 4515.276
2011 03 01 20 00 00 1 4515.301
2011 03 01 20 15 00 1 4515.314
2011 03 01 20 30 00 1 4515.317
2011 03 01 20 45 00 1 4515.307
2011 03 01 21 00 00 1 4515.289
2011 03 01 21 15 00 1 4515.259
2011 03 01 21 30 00 1 4515.218
2011 03 01 21 45 00 1 4515.170
2011 03 01 22 00 00 1 4515.108
2011 03 01 22 15 00 1 4515.036
2011 03 01 22 30 00 1 4514.954
2011 03 01 22 45 00 1 4514.864
2011 03 01 23 00 00 1 4514.769
2011 03 01 23 15 00 1 4514.666
2011 03 01 23 30 00 1 4514.558
2011 03 01 23 45 00 1 4514.450
2011 03 02 00 00 00 1 4514.339
2011 03 02 00 15 00 1 4514.225
2011 03 02 00 30 00 1 4514.115
2011 03 02 00 45 00 1 4514.009
2011 03 02 01 00 00 1 4513.906
2011 03 02 01 15 00 1 4513.809
2011 03 02 01 30 00 1 4513.719
2011 03 02 01 45 00 1 4513.637
2011 03 02 02 00 00 1 4513.569
2011 03 02 02 15 00 1 4513.505
2011 03 02 02 30 00 1 4513.456
2011 03 02 02 45 00 1 4513.420
2011 03 02 03 00 00 1 4513.392
2011 03 02 03 15 00 1 4513.375
2011 03 02 03 30 00 1 4513.374
2011 03 02 03 45 00 1 4513.384
2011 03 02 04 00 00 1 4513.406
2011 03 02 04 15 00 1 4513.441
2011 03 02 04 30 00 1 4513.489
2011 03 02 04 45 00 1 4513.546
2011 03 02 05 00 00 1 4513.612
2011 03 02 05 15 00 1 4513.687
2011 03 02 05 30 00 1 4513.770
2011 03 02 05 45 00 1 4513.859
2011 03 02 06 00 00 1 4513.952
2011 03 02 06 15 00 1 4514.048
2011 03 02 06 30 00 1 4514.147
2011 03 02 06 45 00 1 4514.245
2011 03 02 07 00 00 1 4514.343
2011 03 02 07 15 00 1 4514.440
2011 03 02 07 30 00 1 4514.534
2011 03 02 07 45 00 1 4514.623
2011 03 02 08 00 00 1 4514.704
2011 03 02 08 15 00 1 4514.779
2011 03 02 08 30 00 1 4514.847
2011 03 02 08 45 00 1 4514.905
2011 03 02 09 00 00 1 4514.952
2011 03 02 09 15 00 1 4514.987
2011 03 02 09 30 00 1 4515.013
2011 03 02 09 45 00 1 4515.028
2011 03 02 10 00 00 1 4515.031
2011 03 02 10 15 00 1 4515.024
2011 03 02 10 30 00 1 4515.005
2011 03 02 10 45 00 1 4514.976
2011 03 02 11 00 00 1 4514.941
2011 03 02 11 15 00 1 4514.898
2011 03 02 11 30 00 1 4514.850
2011 03 02 11 45 00 1 4514.795
2011 03 02 12 00 00 1 4514.739
2011 03 02 12 15 00 1 4514.678
2011 03 02 12 30 00 1 4514.614
2011 03 02 12 45 00 1 4514.549
2011 03 02 13 00 00 1 4514.483
2011 03 02 13 15 00 1 4514.422
2011 03 02 13 30 00 1 4514.362
2011 03 02 13 45 00 1 4514.306
2011 03 02 14 00 00 1 4514.254
2011 03 02 14 15 00 1 4514.212
2011 03 02 14 30 00 1 4514.178
2011 03 02 14 45 00 1 4514.152
2011 03 02 15 00 00 1 4514.136
2011 03 02 15 15 00 1 4514.128
2011 03 02 15 30 00 1 4514.131
2011 03 02 15 45 00 1 4514.144
2011 03 02 16 00 00 1 4514.165
2011 03 02 16 15 00 1 4514.195
2011 03 02 16 30 00 1 4514.233
2011 03 02 16 45 00 1 4514.281
2011 03 02 17 00 00 1 4514.338
2011 03 02 17 15 00 1 4514.401
2011 03 02 17 30 00 1 4514.471
2011 03 02 17 45 00 1 4514.542
2011 03 02 18 00 00 1 4514.623
2011 03 02 18 15 00 1 4514.700
2011 03 02 18 30 00 1 4514.781
2011 03 02 18 45 00 1 4514.861
2011 03 02 19 00 00 1 4514.938
2011 03 02 19 15 00 1 4515.011
2011 03 02 19 30 00 1 4515.082
2011 03 02 19 45 00 1 4515.143
2011 03 02 20 00 00 1 4515.199
2011 03 02 20 15 00 1 4515.245
2011 03 02 20 30 00 1 4515.278
2011 03 02 20 45 00 1 4515.303
2011 03 02 21 00 00 1 4515.319
2011 03 02 21 15 00 1 4515.324
2011 03 02 21 30 00 1 4515.317
2011 03 02 21 45 00 1 4515.300
2011 03 02 22 00 00 1 4515.267
2011 03 02 22 15 00 1 4515.219
2011 03 02 22 30 00 1 4515.162
2011 03 02 22 45 00 1 4515.093
2011 03 02 23 00 00 1 4515.011
2011 03 02 23 15 00 1 4514.920
2011 03 02 23 30 00 1 4514.825
2011 03 02 23 45 00 1 4514.722
2011 03 03 00 00 00 1 4514.612
2011 03 03 00 15 00 1 4514.497
2011 03 03 00 30 00 1 4514.381
2011 03 03 00 45 00 1 4514.268
2011 03 03 01 00 00 1 4514.151
2011 03 03 01 15 00 1 4514.038
2011 03 03 01 30 00 1 4513.930
2011 03 03 01 45 00 1 4513.826
2011 03 03 02 00 00 1 4513.729
2011 03 03 02 15 00 1 4513.642
2011 03 03 02 30 00 1 4513.560
2011 03 03 02 45 00 1 4513.495
2011 03 03 03 00 00 1 4513.441
2011 03 03 03 15 00 1 4513.395
2011 03 03 03 30 00 1 4513.367
2011 03 03 03 45 00 1 4513.347
2011 03 03 04 00 00 1 4513.345
2011 03 03 04 15 00 1 4513.350
2011 03 03 04 30 00 1 4513.373
2011 03 03 04 45 00 1 4513.411
2011 03 03 05 00 00 1 4513.460
2011 03 03 05 15 00 1 4513.520
2011 03 03 05 30 00 1 4513.592
2011 03 03 05 45 00 1 4513.672
2011 03 03 06 00 00 1 4513.762
2011 03 03 06 15 00 1 4513.855
2011 03 03 06 30 00 1 4513.958
2011 03 03 06 45 00 1 4514.061
2011 03 03 07 00 00 1 4514.166
2011 03 03 07 15 00 1 4514.269
2011 03 03 07 30 00 1 4514.374
2011 03 03 07 45 00 1 4514.475
2011 03 03 08 00 00 1 4514.574
2011 03 03 08 15 00 1 4514.664
2011 03 03 08 30 00 1 4514.753
2011 03 03 08 45 00 1 4514.831
2011 03 03 09 00 00 1 4514.899
2011 03 03 09 15 00 1 4514.959
2011 03 03 09 30 00 1 4515.009
2011 03 03 09 45 00 1 4515.044
2011 03 03 10 00 00 1 4515.070
2011 03 03 10 15 00 1 4515.080
2011 03 03 10 30 00 1 4515.079
2011 03 03 10 45 00 1 4515.069
2011 03 03 11 00 00 1 4515.044
2011 03 03 11 15 00 1 4515.011
2011 03 03 11 30 00 1 4514.967
2011 03 03 11 45 00 1 4514.915
2011 03 03 12 00 00 1 4514.851
2011 03 03 12 15 00 1 4514.786
2011 03 03 12 30 00 1 4514.716
2011 03 03 12 45 00 1 4514.641
2011 03 03 13 00 00 1 4514.565
2011 03 03 13 15 00 1 4514.485
2011 03 03 13 30 00 1 4514.405
2011 03 03 13 45 00 1 4514.328
2011 03 03 14 00 00 1 4514.258
2011 03 03 14 15 00 1 4514.188
2011 03 03 14 30 00 1 4514.126
2011 03 03 14 45 00 1 4514.071
2011 03 03 15 00 00 1 4514.023
2011 03 03 15 15 00 1 4513.986
2011 03 03 15 30 00 1 4513.959
2011 03 03 15 45 00 1 4513.944
2011 03 03 16 00 00 1 4513.940
2011 03 03 16 15 00 1 4513.945
2011 03 03 16 30 00 1 4513.962
2011 03 03 16 45 00 1 4513.992
2011 03 03 17 00 00 1 4514.031
2011 03 03 17 15 00 1 4514.081
2011 03 03 17 30 00 1 4514.139
2011 03 03 17 45 00 1 4514.204
2011 03 03 18 00 00 1 4514.280
2011 03 03 18 15 00 1 4514.361
2011 03 03 18 30 00 1 4514.445
2011 03 03 18 45 00 1 4514.533
2011 03 03 19 00 00 1 4514.621
2011 03 03 19 15 00 1 4514.711
2011 03 03 19 30 00 1 4514.798
2011 03 03 19 45 00 1 4514.881
2011 03 03 20 00 00 1 4514.962
2011 03 03 20 15 00 1 4515.036
2011 03 03 20 30 00 1 4515.105
2011 03 03 20 45 00 1 4515.164
2011 03 03 21 00 00 1 4515.210
2011 03 03 21 15 00 1 4515.243
2011 03 03 21 30 00 1 4515.268
2011 03 03 21 45 00 1 4515.280
2011 03 03 22 00 00 1 4515.282
2011 03 03 22 15 00 1 4515.265
2011 03 03 22 30 00 1 4515.242
2011 03 03 22 45 00 1 4515.201
2011 03 03 23 00 00 1 4515.149
2011 03 03 23 15 00 1 4515.084
2011 03 03 23 30 00 1 4515.010
2011 03 03 23 45 00 1 4514.925
2011 03 04 00 00 00 1 4514.832
2011 03 04 00 15 00 1 4514.729
2011 03 04 00 30 00 1 4514.622
2011 03 04 00 45 00 1 4514.509
2011 03 04 01 00 00 1 4514.397
2011 03 04 01 15 00 1 4514.280
2011 03 04 01 30 00 1 4514.165
2011 03 04 01 45 00 1 4514.050
2011 03 04 02 00 00 1 4513.940
2011 03 04 02 15 00 1 4513.836
2011 03 04 02 30 00 1 4513.740
2011 03 04 02 45 00 1 4513.652
2011 03 04 03 00 00 1 4513.572
2011 03 04 03 15 00 1 4513.503
2011 03 04 03 30 00 1 4513.447
2011 03 04 03 45 00 1 4513.401
2011 03 04 04 00 00 1 4513.372
2011 03 04 04 15 00 1 4513.353
2011 03 04 04 30 00 1 4513.349
2011 03 04 04 45 00 1 4513.361
2011 03 04 05 00 00 1 4513.385
2011 03 04 05 15 00 1 4513.423
2011 03 04 05 30 00 1 4513.475
2011 03 04 05 45 00 1 4513.541
2011 03 04 06 00 00 1 4513.616
2011 03 04 06 15 00 1 4513.698
2011 03 04 06 30 00 1 4513.790
2011 03 04 06 45 00 1 4513.889
2011 03 04 07 00 00 1 4513.995
2011 03 04 07 15 00 1 4514.105
2011 03 04 07 30 00 1 4514.214
2011 03 04 07 45 00 1 4514.325
2011 03 04 08 00 00 1 4514.432
2011 03 04 08 15 00 1 4514.536
2011 03 04 08 30 00 1 4514.637
2011 03 04 08 45 00 1 4514.733
2011 03 04 09 00 00 1 4514.820
2011 03 04 09 15 00 1 4514.900
2011 03 04 09 30 00 1 4514.967
2011 03 04 09 45 00 1 4515.025
2011 03 04 10 00 00 1 4515.070
2011 03 04 10 15 00 1 4515.101
2011 03 04 10 30 00 1 4515.121
2011 03 04 10 45 00 1 4515.124
2011 03 04 11 00 00 1 4515.116
2011 03 04 11 15 00 1 4515.096
2011 03 04 11 30 00 1 4515.067
2011 03 04 11 45 00 1 4515.023
2011 03 04 12 00 00 1 4514.973
2011 03 04 12 15 00 1 4514.910
2011 03 04 12 30 00 1 4514.840
2011 03 04 12 45 00 1 4514.762
2011 03 04 13 00 00 1 4514.681
2011 03 04 13 15 00 1 4514.596
2011 03 04 13 30 00 1 4514.507
2011 03 04 13 45 00 1 4514.419
2011 03 04 14 00 00 1 4514.330
2011 03 04 14 15 00 1 4514.244
2011 03 04 14 30 00 1 4514.159
2011 03 04 14 45 00 1 4514.082
2011 03 04 15 00 00 1 4514.013
2011 03 04 15 15 00 1 4513.950
2011 03 04 15 30 00 1 4513.896
2011 03 04 15 45 00 1 4513.852
2011 03 04 16 00 00 1 4513.819
2011 03 04 16 15 00 1 4513.802
2011 03 04 16 30 00 1 4513.792
2011 03 04 16 45 00 1 4513.796
2011 03 04 17 00 00 1 4513.813
2011 03 04 17 15 00 1 4513.841
2011 03 04 17 30 00 1 4513.881
2011 03 04 17 45 00 1 4513.932
2011 03 04 18 00 00 1 4513.991
2011 03 04 18 15 00 1 4514.061
2011 03 04 18 30 00 1 4514.137
2011 03 04 18 45 00 1 4514.220
2011 03 04 19 00 00 1 4514.309
2011 03 04 19 15 00 1 4514.401
2011 03 04 19 30 00 1 4514.496
2011 03 04 19 45 00 1 4514.591
2011 03 04 20 00 00 1 4514.684
2011 03 04 20 15 00 1 4514.776
2011 03 04 20 30 00 1 4514.864
2011 03 04 20 45 00 1 4514.944
2011 03 04 21 00 00 1 4515.017
2011 03 04 21 15 00 1 4515.083
2011 03 04 21 30 00 1 4515.137
2011 03 04 21 45 00 1 4515.180
2011 03 04 22 00 00 1 4515.210
2011 03 04 22 15 00 1 4515.233
2011 03 04 22 30 00 1 4515.239
2011 03 04 22 45 00 1 4515.232
2011 03 04 23 00 00 1 4515.211
2011 03 04 23 15 00 1 4515.177
2011 03 04 23 30 00 1 4515.129
2011 03 04 23 45 00 1 4515.071
2011 03 05 00 00 00 1 4515.002
2011 03 05 00 15 00 1 4514.924
2011 03 05 00 30 00 1 4514.835
2011 03 05 00 45 00 1 4514.739
2011 03 05 01 00 00 1 4514.638
2011 03 05 01 15 00 1 4514.531
2011 03 05 01 30 00 1 4514.422
2011 03 05 01 45 00 1 4514.312
2011 03 05 02 00 00 1 4514.203
2011 03 05 02 15 00 1 4514.095
2011 03 05 02 30 00 1 4513.991
2011 03 05 02 45 00 1 4513.891
2011 03 05 03 00 00 1 4513.797
2011 03 05 03 15 00 1 4513.714
2011 03 05 03 30 00 1 4513.637
2011 03 05 03 45 00 1 4513.574
2011 03 05 04 00 00 1 4513.523
2011 03 05 04 15 00 1 4513.485
2011 03 05 04 30 00 1 4513.461
2011 03 05 04 45 00 1 4513.449
2011 03 05 05 00 00 1 4513.452
2011 03 05 05 15 00 1 4513.469
2011 03 05 05 30 00 1 4513.498
2011 03 05 05 45 00 1 4513.541
2011 03 05 06 00 00 1 4513.596
2011 03 05 06 15 00 1 4513.664
2011 03 05 06 30 00 1 4513.743
2011 03 05 06 45 00 1 4513.830
2011 03 05 07 00 00 1 4513.926
2011 03 05 07 15 00 1 4514.026
2011 03 05 07 30 00 1 4514.131
2011 03 05 07 45 00 1 4514.239
2011 03 05 08 00 00 1 4514.350
2011 03 05 08 15 00 1 4514.461
2011 03 05 08 30 00 1 4514.569
2011 03 05 08 45 00 1 4514.677
2011 03 05 09 00 00 1 4514.775
2011 03 05 09 15 00 1 4514.865
2011 03 05 09 30 00 1 4514.949
2011 03 05 09 45 00 1 4515.022
2011 03 05 10 00 00 1 4515.083
2011 03 05 10 15 00 1 4515.133
2011 03 05 10 30 00 1 4515.169
2011 03 05 10 45 00 1 4515.194
2011 03 05 11 00 00 1 4515.205
2011 03 05 11 15 00 1 4515.203
2011 03 05 11 30 00 1 4515.186
2011 03 05 11 45 00 1 4515.159
2011 03 05 12 00 00 1 4515.120
2011 03 05 12 15 00 1 4515.067
2011 03 05 12 30 00 1 4515.007
2011 03 05 12 45 00 1 4514.935
2011 03 05 13 00 00 1 4514.855
2011 03 05 13 15 00 1 4514.767
2011 03 05 13 30 00 1 4514.673
2011 03 05 13 45 00 1 4514.576
2011 03 05 14 00 00 1 4514.475
2011 03 05 14 15 00 1 4514.378
2011 03 05 14 30 00 1 4514.280
2011 03 05 14 45 00 1 4514.188
2011 03 05 15 00 00 1 4514.097
2011 03 05 15 15 00 1 4514.013
2011 03 05 15 30 00 1 4513.938
2011 03 05 15 45 00 1 4513.869
2011 03 05 16 00 00 1 4513.813
2011 03 05 16 15 00 1 4513.767
2011 03 05 16 30 00 1 4513.729
2011 03 05 16 45 00 1 4513.708
2011 03 05 17 00 00 1 4513.694
2011 03 05 17 15 00 1 4513.694
2011 03 05 17 30 00 1 4513.711
2011 03 05 17 45 00 1 4513.741
2011 03 05 18 00 00 1 4513.779
2011 03 05 18 15 00 1 4513.832
2011 03 05 18 30 00 1 4513.893
2011 03 05 18 45 00 1 4513.963
2011 03 05 19 00 00 1 4514.041
2011 03 05 19 15 00 1 4514.128
2011 03 05 19 30 00 1 4514.221
2011 03 05 19 45 00 1 4514.318
2011 03 05 20 00 00 1 4514.416
2011 03 05 20 15 00 1 4514.514
2011 03 05 20 30 00 1 4514.612
2011 03 05 20 45 00 1 4514.706
2011 03 05 21 00 00 1 4514.795
2011 03 05 21 15 00 1 4514.878
2011 03 05 21 30 00 1 4514.955
2011 03 05 21 45 00 1 4515.023
2011 03 05 22 00 00 1 4515.083
2011 03 05 22 15 00 1 4515.132
2011 03 05 22 30 00 1 4515.166
2011 03 05 22 45 00 1 4515.187
2011 03 05 23 00 00 1 4515.196
2011 03 05 23 15 00 1 4515.192
2011 03 05 23 30 00 1 4515.178
2011 03 05 23 45 00 1 4515.147
2011 03 06 00 00 00 1 4515.104
2011 03 06 00 15 00 1 4515.049
2011 03 06 00 30 00 1 4514.984
2011 03 06 00 45 00 1 4514.909
2011 03 06 01 00 00 1 4514.826
2011 03 06 01 15 00 1 4514.737
2011 03 06 01 30 00 1 4514.638
2011 03 06 01 45 00 1 4514.538
2011 03 06 02 00 00 1 4514.433
2011 03 06 02 15 00 1 4514.330
2011 03 06 02 30 00 1 4514.224
2011 03 06 02 45 00 1 4514.118
2011 03 06 03 00 00 1 4514.020
2011 03 06 03 15 00 1 4513.927
2011 03 06 03 30 00 1 4513.838
2011 03 06 03 45 00 1 4513.759
2011 03 06 04 00 00 1 4513.693
2011 03 06 04 15 00 1 4513.637
2011 03 06 04 30 00 1 4513.592
2011 03 06 04 45 00 1 4513.562
2011 03 06 05 00 00 1 4513.545
2011 03 06 05 15 00 1 4513.537
2011 03 06 05 30 00 1 4513.546
2011 03 06 05 45 00 1 4513.567
2011 03 06 06 00 00 1 4513.601
2011 03 06 06 15 00 1 4513.648
2011 03 06 06 30 00 1 4513.705
2011 03 06 06 45 00 1 4513.775
2011 03 06 07 00 00 1 4513.854
2011 03 06 07 15 00 1 4513.943
2011 03 06 07 30 00 1 4514.039
2011 03 06 07 45 00 1 4514.138
2011 03 06 08 00 00 1 4514.243
2011 03 06 08 15 00 1 4514.350
2011 03 06 08 30 00 1 4514.461
2011 03 06 08 45 00 1 4514.566
2011 03 06 09 00 00 1 4514.673
2011 03 06 09 15 00 1 4514.773
2011 03 06 09 30 00 1 4514.867
2011 03 06 09 45 00 1 4514.953
2011 03 06 10 00 00 1 4515.031
2011 03 06 10 15 00 1 4515.097
2011 03 06 10 30 00 1 4515.151
2011 03 06 10 45 00 1 4515.194
2011 03 06 11 00 00 1 4515.226
2011 03 06 11 15 00 1 4515.246
2011 03 06 11 30 00 1 4515.248
2011 03 06 11 45 00 1 4515.241
2011 03 06 12 00 00 1 4515.221
2011 03 06 12 15 00 1 4515.184
2011 03 06 12 30 00 1 4515.138
2011 03 06 12 45 00 1 4515.079
2011 03 06 13 00 00 1 4515.011
2011 03 06 13 15 00 1 4514.934
2011 03 06 13 30 00 1 4514.846
2011 03 06 13 45 00 1 4514.752
2011 03 06 14 00 00 1 4514.652
2011 03 06 14 15 00 1 4514.553
2011 03 06 14 30 00 1 4514.448
2011 03 06 14 45 00 1 4514.343
2011 03 06 15 00 00 1 4514.242
2011 03 06 15 15 00 1 4514.144
2011 03 06 15 30 00 1 4514.052
2011 03 06 15 45 00 1 4513.964
2011 03 06 16 00 00 1 4513.886
2011 03 06 16 15 00 1 4513.812
2011 03 06 16 30 00 1 4513.752
2011 03 06 16 45 00 1 4513.704
2011 03 06 17 00 00 1 4513.669
2011 03 06 17 15 00 1 4513.644
2011 03 06 17 30 00 1 4513.632
2011 03 06 17 45 00 1 4513.633
2011 03 06 18 00 00 1 4513.649
2011 03 06 18 15 00 1 4513.674
2011 03 06 18 30 00 1 4513.714
2011 03 06 18 45 00 1 4513.764
2011 03 06 19 00 00 1 4513.824
2011 03 06 19 15 00 1 4513.892
2011 03 06 19 30 00 1 4513.970
2011 03 06 19 45 00 1 4514.053
2011 03 06 20 00 00 1 4514.141
2011 03 06 20 15 00 1 4514.234
2011 03 06 20 30 00 1 4514.329
2011 03 06 20 45 00 1 4514.425
2011 03 06 21 00 00 1 4514.524
2011 03 06 21 15 00 1 4514.615
2011 03 06 21 30 00 1 4514.706
2011 03 06 21 45 00 1 4514.789
2011 03 06 22 00 00 1 4514.867
2011 03 06 22 15 00 1 4514.937
2011 03 06 22 30 00 1 4514.997
2011 03 06 22 45 00 1 4515.046
2011 03 06 23 00 00 1 4515.082
2011 03 06 23 15 00 1 4515.106
2011 03 06 23 30 00 1 4515.119
2011 03 06 23 45 00 1 4515.122
2011 03 07 00 00 00 1 4515.110
2011 03 07 00 15 00 1 4515.085
2011 03 07 00 30 00 1 4515.046
2011 03 07 00 45 00 1 4514.998
2011 03 07 01 00 00 1 4514.939
2011 03 07 01 15 00 1 4514.871
2011 03 07 01 30 00 1 4514.793
2011 03 07 01 45 00 1 4514.712
2011 03 07 02 00 00 1 4514.624
2011 03 07 02 15 00 1 4514.531
2011 03 07 02 30 00 1 4514.435
2011 03 07 02 45 00 1 4514.338
2011 03 07 03 00 00 1 4514.242
2011 03 07 03 15 00 1 4514.146
2011 03 07 03 30 00 1 4514.057
2011 03 07 03 45 00 1 4513.973
2011 03 07 04 00 00 1 4513.897
2011 03 07 04 15 00 1 4513.829
2011 03 07 04 30 00 1 4513.769
2011 03 07 04 45 00 1 4513.721
2011 03 07 05 00 00 1 4513.684
2011 03 07 05 15 00 1 4513.658
2011 03 07 05 30 00 1 4513.646
2011 03 07 05 45 00 1 4513.643
2011 03 07 06 00 00 1 4513.659
2011 03 07 06 15 00 1 4513.684
2011 03 07 06 30 00 1 4513.721
2011 03 07 06 45 00 1 4513.771
2011 03 07 07 00 00 1 4513.833
2011 03 07 07 15 00 1 4513.901
2011 03 07 07 30 00 1 4513.978
2011 03 07 07 45 00 1 4514.064
2011 03 07 08 00 00 1 4514.158
2011 03 07 08 15 00 1 4514.258
2011 03 07 08 30 00 1 4514.358
2011 03 07 08 45 00 1 4514.463
2011 03 07 09 00 00 1 4514.566
2011 03 07 09 15 00 1 4514.671
2011 03 07 09 30 00 1 4514.770
2011 03 07 09 45 00 1 4514.866
2011 03 07 10 00 00 1 4514.954
2011 03 07 10 15 00 1 4515.034
2011 03 07 10 30 00 1 4515.103
2011 03 07 10 45 00 1 4515.161
2011 03 07 11 00 00 1 4515.208
2011 03 07 11 15 00 1 4515.242
2011 03 07 11 30 00 1 4515.266
2011 03 07 11 45 00 1 4515.275
2011 03 07 12 00 00 1 4515.272
2011 03 07 12 15 00 1 4515.254
2011 03 07 12 30 00 1 4515.225
2011 03 07 12 45 00 1 4515.180
2011 03 07 13 00 00 1 4515.123
2011 03 07 13 15 00 1 4515.057
2011 03 07 13 30 00 1 4514.980
2011 03 07 13 45 00 1 4514.898
2011 03 07 14 00 00 1 4514.805
2011 03 07 14 15 00 1 4514.708
2011 03 07 14 30 00 1 4514.607
2011 03 07 14 45 00 1 4514.500
2011 03 07 15 00 00 1 4514.397
2011 03 07 15 15 00 1 4514.289
2011 03 07 15 30 00 1 4514.185
2011 03 07 15 45 00 1 4514.082
2011 03 07 16 00 00 1 4513.986
2011 03 07 16 15 00 1 4513.895
2011 03 07 16 30 00 1 4513.815
2011 03 07 16 45 00 1 4513.746
2011 03 07 17 00 00 1 4513.684
2011 03 07 17 15 00 1 4513.632
2011 03 07 17 30 00 1 4513.592
2011 03 07 17 45 00 1 4513.566
2011 03 07 18 00 00 1 4513.551
2011 03 07 18 15 00 1 4513.551
2011 03 07 18 30 00 1 4513.564
2011 03 07 18 45 00 1 4513.588
2011 03 07 19 00 00 1 4513.625
2011 03 07 19 15 00 1 4513.673
2011 03 07 19 30 00 1 4513.730
2011 03 07 19 45 00 1 4513.797
2011 03 07 20 00 00 1 4513.873
2011 03 07 20 15 00 1 4513.952
2011 03 07 20 30 00 1 4514.038
2011 03 07 20 45 00 1 4514.128
2011 03 07 21 00 00 1 4514.222
2011 03 07 21 15 00 1 4514.316
2011 03 07 21 30 00 1 4514.410
2011 03 07 21 45 00 1 4514.501
2011 03 07 22 00 00 1 4514.589
2011 03 07 22 15 00 1 4514.672
2011 03 07 22 30 00 1 4514.748
2011 03 07 22 45 00 1 4514.816
2011 03 07 23 00 00 1 4514.873
2011 03 07 23 15 00 1 4514.922
2011 03 07 23 30 00 1 4514.958
2011 03 07 23 45 00 1 4514.988
2011 03 08 00 00 00 1 4515.002
2011 03 08 00 15 00 1 4515.008
2011 03 08 00 30 00 1 4515.002
2011 03 08 00 45 00 1 4514.983
2011 03 08 01 00 00 1 4514.954
2011 03 08 01 15 00 1 4514.914
2011 03 08 01 30 00 1 4514.866
2011 03 08 01 45 00 1 4514.809
2011 03 08 02 00 00 1 4514.743
2011 03 08 02 15 00 1 4514.670
2011 03 08 02 30 00 1 4514.590
2011 03 08 02 45 00 1 4514.507
2011 03 08 03 00 00 1 4514.422
2011 03 08 03 15 00 1 4514.337
2011 03 08 03 30 00 1 4514.253
2011 03 08 03 45 00 1 4514.171
2011 03 08 04 00 00 1 4514.095
2011 03 08 04 15 00 1 4514.024
2011 03 08 04 30 00 1 4513.958
2011 03 08 04 45 00 1 4513.902
2011 03 08 05 00 00 1 4513.855
2011 03 08 05 15 00 1 4513.817
2011 03 08 05 30 00 1 4513.789
2011 03 08 05 45 00 1 4513.772
2011 03 08 06 00 00 1 4513.770
2011 03 08 06 15 00 1 4513.775
2011 03 08 06 30 00 1 4513.792
2011 03 08 06 45 00 1 4513.822
2011 03 08 07 00 00 1 4513.861
2011 03 08 07 15 00 1 4513.911
2011 03 08 07 30 00 1 4513.969
2011 03 08 07 45 00 1 4514.038
2011 03 08 08 00 00 1 4514.113
2011 03 08 08 15 00 1 4514.198
2011 03 08 08 30 00 1 4514.288
2011 03 08 08 45 00 1 4514.382
2011 03 08 09 00 00 1 4514.478
2011 03 08 09 15 00 1 4514.576
2011 03 08 09 30 00 1 4514.672
2011 03 08 09 45 00 1 4514.767
2011 03 08 10 00 00 1 4514.860
2011 03 08 10 15 00 1 4514.943
2011 03 08 10 30 00 1 4515.022
2011 03 08 10 45 00 1 4515.093
2011 03 08 11 00 00 1 4515.153
2011 03 08 11 15 00 1 4515.207
2011 03 08 11 30 00 1 4515.245
2011 03 08 11 45 00 1 4515.274
2011 03 08 12 00 00 1 4515.290
2011 03 08 12 15 00 1 4515.293
2011 03 08 12 30 00 1 4515.283
2011 03 08 12 45 00 1 4515.261
2011 03 08 13 00 00 1 4515.228
2011 03 08 13 15 00 1 4515.181
2011 03 08 13 30 00 1 4515.125
2011 03 08 13 45 00 1 4515.058
2011 03 08 14 00 00 1 4514.982
2011 03 08 14 15 00 1 4514.896
2011 03 08 14 30 00 1 4514.806
2011 03 08 14 45 00 1 4514.707
2011 03 08 15 00 00 1 4514.606
2011 03 08 15 15 00 1 4514.500
2011 03 08 15 30 00 1 4514.391
2011 03 08 15 45 00 1 4514.286
2011 03 08 16 00 00 1 4514.180
2011 03 08 16 15 00 1 4514.081
2011 03 08 16 30 00 1 4513.988
2011 03 08 16 45 00 1 4513.899
2011 03 08 17 00 00 1 4513.818
2011 03 08 17 15 00 1 4513.745
2011 03 08 17 30 00 1 4513.684
2011 03 08 17 45 00 1 4513.633
2011 03 08 18 00 00 1 4513.595
2011 03 08 18 15 00 1 4513.567
2011 03 08 18 30 00 1 4513.552
2011 03 08 18 45 00 1 4513.544
2011 03 08 19 00 00 1 4513.552
2011 03 08 19 15 00 1 4513.569
2011 03 08 19 30 00 1 4513.600
2011 03 08 19 45 00 1 4513.642
2011 03 08 20 00 00 1 4513.691
2011 03 08 20 15 00 1 4513.752
2011 03 08 20 30 00 1 4513.817
2011 03 08 20 45 00 1 4513.892
2011 03 08 21 00 00 1 4513.970
2011 03 08 21 15 00 1 4514.054
2011 03 08 21 30 00 1 4514.139
2011 03 08 21 45 00 1 4514.227
2011 03 08 22 00 00 1 4514.314
2011 03 08 22 15 00 1 4514.400
2011 03 08 22 30 00 1 4514.481
2011 03 08 22 45 00 1 4514.557
2011 03 08 23 00 00 1 4514.630
2011 03 08 23 15 00 1 4514.693
2011 03 08 23 30 00 1 4514.750
2011 03 08 23 45 00 1 4514.795
2011 03 09 00 00 00 1 4514.834
2011 03 09 00 15 00 1 4514.865
2011 03 09 00 30 00 1 4514.883
2011 03 09 00 45 00 1 4514.890
2011 03 09 01 00 00 1 4514.889
2011 03 09 01 15 00 1 4514.878
2011 03 09 01 30 00 1 4514.856
2011 03 09 01 45 00 1 4514.825
2011 03 09 02 00 00 1 4514.786
2011 03 09 02 15 00 1 4514.738
2011 03 09 02 30 00 1 4514.683
2011 03 09 02 45 00 1 4514.623
2011 03 09 03 00 00 1 4514.557
2011 03 09 03 15 00 1 4514.493
2011 03 09 03 30 00 1 4514.421
2011 03 09 03 45 00 1 4514.352
2011 03 09 04 00 00 1 4514.285
2011 03 09 04 15 00 1 4514.218
2011 03 09 04 30 00 1 4514.153
2011 03 09 04 45 00 1 4514.097
2011 03 09 05 00 00 1 4514.047
2011 03 09 05 15 00 1 4513.999
2011 03 09 05 30 00 1 4513.964
2011 03 09 05 45 00 1 4513.934
2011 03 09 06 00 00 1 4513.914
2011 03 09 06 15 00 1 4513.904
2011 03 09 06 30 00 1 4513.906
2011 03 09 06 45 00 1 4513.915
2011 03 09 07 00 00 1 4513.937
2011 03 09 07 15 00 1 4513.969
2011 03 09 07 30 00 1 4514.008
2011 03 09 07 45 00 1 4514.060
2011 03 09 08 00 00 1 4514.118
2011 03 09 08 15 00 1 4514.184
2011 03 09 08 30 00 1 4514.256
2011 03 09 08 45 00 1 4514.335
2011 03 09 09 00 00 1 4514.416
2011 03 09 09 15 00 1 4514.505
2011 03 09 09 30 00 1 4514.592
2011 03 09 09 45 00 1 4514.678
2011 03 09 10 00 00 1 4514.767
2011 03 09 10 15 00 1 4514.852
2011 03 09 10 30 00 1 4514.932
2011 03 09 10 45 00 1 4515.008
2011 03 09 11 00 00 1 4515.076
2011 03 09 11 15 00 1 4515.138
2011 03 09 11 30 00 1 4515.190
2011 03 09 11 45 00 1 4515.233
2011 03 09 12 00 00 1 4515.265
2011 03 09 12 15 00 1 4515.290
2011 03 09 12 30 00 1 4515.300
2011 03 09 12 45 00 1 4515.298
2011 03 09 13 00 00 1 4515.283
2011 03 09 13 15 00 1 4515.258
2011 03 09 13 30 00 1 4515.224
2011 03 09 13 45 00 1 4515.174
2011 03 09 14 00 00 1 4515.118
2011 03 09 14 15 00 1 4515.049
2011 03 09 14 30 00 1 4514.975
2011 03 09 14 45 00 1 4514.891
2011 03 09 15 00 00 1 4514.800
2011 03 09 15 15 00 1 4514.707
2011 03 09 15 30 00 1 4514.604
2011 03 09 15 45 00 1 4514.504
2011 03 09 16 00 00 1 4514.403
2011 03 09 16 15 00 1 4514.298
2011 03 09 16 30 00 1 4514.202
2011 03 09 16 45 00 1 4514.105
2011 03 09 17 00 00 1 4514.015
2011 03 09 17 15 00 1 4513.930
2011 03 09 17 30 00 1 4513.850
2011 03 09 17 45 00 1 4513.779
2011 03 09 18 00 00 1 4513.717
2011 03 09 18 15 00 1 4513.664
2011 03 09 18 30 00 1 4513.622
2011 03 09 18 45 00 1 4513.587
2011 03 09 19 00 00 1 4513.567
2011 03 09 19 15 00 1 4513.559
2011 03 09 19 30 00 1 4513.559
2011 03 09 19 45 00 1 4513.571
2011 03 09 20 00 00 1 4513.594
2011 03 09 20 15 00 1 4513.625
2011 03 09 20 30 00 1 4513.667
2011 03 09 20 45 00 1 4513.713
2011 03 09 21 00 00 1 4513.770
2011 03 09 21 15 00 1 4513.833
2011 03 09 21 30 00 1 4513.900
2011 03 09 21 45 00 1 4513.971
2011 03 09 22 00 00 1 4514.047
2011 03 09 22 15 00 1 4514.122
2011 03 09 22 30 00 1 4514.199
2011 03 09 22 45 00 1 4514.277
2011 03 09 23 00 00 1 4514.351
2011 03 09 23 15 00 1 4514.420
2011 03 09 23 30 00 1 4514.484
2011 03 09 23 45 00 1 4514.546
2011 03 10 00 00 00 1 4514.601
2011 03 10 00 15 00 1 4514.649
2011 03 10 00 30 00 1 4514.688
2011 03 10 00 45 00 1 4514.717
2011 03 10 01 00 00 1 4514.738
2011 03 10 01 15 00 1 4514.750
2011 03 10 01 30 00 1 4514.756
2011 03 10 01 45 00 1 4514.752
2011 03 10 02 00 00 1 4514.742
2011 03 10 02 15 00 1 4514.723
2011 03 10 02 30 00 1 4514.694
2011 03 10 02 45 00 1 4514.662
2011 03 10 03 00 00 1 4514.621
2011 03 10 03 15 00 1 4514.576
2011 03 10 03 30 00 1 4514.529
2011 03 10 03 45 00 1 4514.479
2011 03 10 04 00 00 1 4514.428
2011 03 10 04 15 00 1 4514.377
2011 03 10 04 30 00 1 4514.325
2011 03 10 04 45 00 1 4514.274
2011 03 10 05 00 00 1 4514.226
2011 03 10 05 15 00 1 4514.184
2011 03 10 05 30 00 1 4514.145
2011 03 10 05 45 00 1 4514.115
2011 03 10 06 00 00 1 4514.086
2011 03 10 06 15 00 1 4514.067
2011 03 10 06 30 00 1 4514.056
2011 03 10 06 45 00 1 4514.050
2011 03 10 07 00 00 1 4514.053
2011 03 10 07 15 00 1 4514.066
2011 03 10 07 30 00 1 4514.089
2011 03 10 07 45 00 1 4514.118
2011 03 10 08 00 00 1 4514.154
2011 03 10 08 15 00 1 4514.202
2011 03 10 08 30 00 1 4514.255
2011 03 10 08 45 00 1 4514.314
2011 03 10 09 00 00 1 4514.378
2011 03 10 09 15 00 1 4514.447
2011 03 10 09 30 00 1 4514.523
2011 03 10 09 45 00 1 4514.600
2011 03 10 10 00 00 1 4514.678
2011 03 10 10 15 00 1 4514.756
2011 03 10 10 30 00 1 4514.829
2011 03 10 10 45 00 1 4514.902
2011 03 10 11 00 00 1 4514.972
2011 03 10 11 15 00 1 4515.036
2011 03 10 11 30 00 1 4515.098
2011 03 10 11 45 00 1 4515.154
2011 03 10 12 00 00 1 4515.196
2011 03 10 12 15 00 1 4515.232
2011 03 10 12 30 00 1 4515.259
2011 03 10 12 45 00 1 4515.278
2011 03 10 13 00 00 1 4515.286
2011 03 10 13 15 00 1 4515.285
2011 03 10 13 30 00 1 4515.274
2011 03 10 13 45 00 1 4515.249
2011 03 10 14 00 00 1 4515.215
2011 03 10 14 15 00 1 4515.172
2011 03 10 14 30 00 1 4515.119
2011 03 10 14 45 00 1 4515.056
2011 03 10 15 00 00 1 4514.985
2011 03 10 15 15 00 1 4514.912
2011 03 10 15 30 00 1 4514.826
2011 03 10 15 45 00 1 4514.739
2011 03 10 16 00 00 1 4514.649
2011 03 10 16 15 00 1 4514.556
2011 03 10 16 30 00 1 4514.465
2011 03 10 16 45 00 1 4514.370
2011 03 10 17 00 00 1 4514.276
2011 03 10 17 15 00 1 4514.185
2011 03 10 17 30 00 1 4514.099
2011 03 10 17 45 00 1 4514.014
2011 03 10 18 00 00 1 4513.938
2011 03 10 18 15 00 1 4513.866
2011 03 10 18 30 00 1 4513.803
2011 03 10 18 45 00 1 4513.748
2011 03 10 19 00 00 1 4513.703
2011 03 10 19 15 00 1 4513.668
2011 03 10 19 30 00 1 4513.639
2011 03 10 19 45 00 1 4513.622
2011 03 10 20 00 00 1 4513.612
2011 03 10 20 15 00 1 4513.611
2011 03 10 20 30 00 1 4513.621
2011 03 10 20 45 00 1 4513.639
2011 03 10 21 00 00 1 4513.666
2011 03 10 21 15 00 1 4513.701
2011 03 10 21 30 00 1 4513.742
2011 03 10 21 45 00 1 4513.789
2011 03 10 22 00 00 1 4513.844
2011 03 10 22 15 00 1 4513.903
2011 03 10 22 30 00 1 4513.962
2011 03 10 22 45 00 1 4514.025
2011 03 10 23 00 00 1 4514.091
2011 03 10 23 15 00 1 4514.157
2011 03 10 23 30 00 1 4514.220
2011 03 10 23 45 00 1 4514.282
2011 03 11 00 00 00 1 4514.339
2011 03 11 00 15 00 1 4514.394
2011 03 11 00 30 00 1 4514.445
2011 03 11 00 45 00 1 4514.489
2011 03 11 01 00 00 1 4514.526
2011 03 11 01 15 00 1 4514.558
2011 03 11 01 30 00 1 4514.587
2011 03 11 01 45 00 1 4514.606
2011 03 11 02 00 00 1 4514.623
2011 03 11 02 15 00 1 4514.627
2011 03 11 02 30 00 1 4514.625
2011 03 11 02 45 00 1 4514.618
2011 03 11 03 00 00 1 4514.606
2011 03 11 03 15 00 1 4514.589
2011 03 11 03 30 00 1 4514.568
2011 03 11 03 45 00 1 4514.542
2011 03 11 04 00 00 1 4514.512
2011 03 11 04 15 00 1 4514.477
2011 03 11 04 30 00 1 4514.440
2011 03 11 04 45 00 1 4514.404
2011 03 11 05 00 00 1 4514.369
2011 03 11 05 00 00 2 4514.368
2011 03 11 05 01 00 2 4514.368
2011 03 11 05 02 00 2 4514.364
2011 03 11 05 03 00 2 4514.361
2011 03 11 05 04 00 2 4514.359
2011 03 11 05 05 00 2 4514.357
2011 03 11 05 06 00 2 4514.354
2011 03 11 05 07 00 2 4514.352
2011 03 11 05 08 00 2 4514.350
2011 03 11 05 09 00 2 4514.347
2011 03 11 05 10 00 2 4514.345
2011 03 11 05 11 00 2 4514.343
2011 03 11 05 12 00 2 4514.342
2011 03 11 05 13 00 2 4514.339
2011 03 11 05 14 00 2 4514.336
2011 03 11 05 15 00 1 4514.335
2011 03 11 05 15 00 2 4514.334
2011 03 11 05 16 00 2 4514.331
2011 03 11 05 17 00 2 4514.331
2011 03 11 05 18 00 2 4514.326
2011 03 11 05 19 00 2 4514.325
2011 03 11 05 20 00 2 4514.323
2011 03 11 05 21 00 2 4514.321
2011 03 11 05 22 00 2 4514.318
2011 03 11 05 23 00 2 4514.317
2011 03 11 05 24 00 2 4514.314
2011 03 11 05 25 00 2 4514.312
2011 03 11 05 26 00 2 4514.309
2011 03 11 05 27 00 2 4514.308
2011 03 11 05 28 00 2 4514.306
2011 03 11 05 29 00 2 4514.303
2011 03 11 05 30 00 1 4514.301
2011 03 11 05 30 00 2 4514.300
2011 03 11 05 31 00 2 4514.299
2011 03 11 05 32 00 2 4514.297
2011 03 11 05 33 00 2 4514.293
2011 03 11 05 34 00 2 4514.291
2011 03 11 05 35 00 2 4514.290
2011 03 11 05 36 00 2 4514.289
2011 03 11 05 37 00 2 4514.285
2011 03 11 05 38 00 2 4514.284
2011 03 11 05 39 00 2 4514.283
2011 03 11 05 40 00 2 4514.281
2011 03 11 05 41 00 2 4514.278
2011 03 11 05 42 00 2 4514.277
2011 03 11 05 43 00 2 4514.275
2011 03 11 05 44 00 2 4514.274
2011 03 11 05 45 00 1 4514.273
2011 03 11 05 45 00 2 4514.273
2011 03 11 05 46 00 2 4514.269
2011 03 11 05 47 00 2 4514.268
2011 03 11 05 48 00 2 4514.267
2011 03 11 05 49 00 2 4514.265
2011 03 11 05 50 00 2 4514.263
2011 03 11 05 51 00 2 4514.262
2011 03 11 05 52 00 2 4514.260
2011 03 11 05 53 00 2 4514.258
2011 03 11 05 54 00 2 4514.257
2011 03 11 05 55 00 2 4514.255
2011 03 11 05 56 00 2 4514.254
2011 03 11 05 57 00 2 4514.252
2011 03 11 05 58 00 2 4514.249
2011 03 11 05 59 00 2 4514.248
2011 03 11 06 00 00 1 4514.247
2011 03 11 06 00 00 2 4514.247
2011 03 11 06 01 00 2 4514.245
2011 03 11 06 02 00 2 4514.243
2011 03 11 06 03 00 2 4514.241
2011 03 11 06 04 00 2 4514.241
2011 03 11 06 05 00 2 4514.241
2011 03 11 06 06 00 2 4514.237
2011 03 11 06 07 00 2 4514.242
2011 03 11 06 07 15 3 4514.208
2011 03 11 06 07 30 3 4514.215
2011 03 11 06 07 45 3 4514.305
2011 03 11 06 08 00 2 4514.223
2011 03 11 06 08 00 3 4514.211
2011 03 11 06 08 15 3 4514.223
2011 03 11 06 08 30 3 4514.214
2011 03 11 06 08 45 3 4514.246
2011 03 11 06 09 00 2 4514.231
2011 03 11 06 09 00 3 4514.208
2011 03 11 06 09 15 3 4514.225
2011 03 11 06 09 30 3 4514.313
2011 03 11 06 09 45 3 4514.274
2011 03 11 06 10 00 2 4514.230
2011 03 11 06 10 00 3 4514.235
2011 03 11 06 10 15 3 4514.271
2011 03 11 06 10 30 3 4514.221
2011 03 11 06 10 45 3 4514.191
2011 03 11 06 11 00 2 4514.228
2011 03 11 06 11 00 3 4514.267
2011 03 11 06 12 00 2 4514.234
2011 03 11 06 13 00 2 4514.230
2011 03 11 06 14 00 2 4514.229
2011 03 11 06 15 00 1 9999.000
2011 03 11 06 15 00 2 4514.224
2011 03 11 06 16 00 2 4514.224
2011 03 11 06 17 00 2 4514.223
2011 03 11 06 18 00 2 4514.221
2011 03 11 06 19 00 2 4514.219
2011 03 11 06 20 00 2 4514.222
2011 03 11 06 21 00 2 4514.213
2011 03 11 06 22 00 2 4514.217
2011 03 11 06 23 00 2 4514.217
2011 03 11 06 24 00 2 4514.219
2011 03 11 06 25 00 2 4514.214
2011 03 11 06 26 00 2 4514.215
2011 03 11 06 27 00 2 4514.211
2011 03 11 06 28 00 2 4514.213
2011 03 11 06 29 00 2 4514.206
2011 03 11 06 30 00 1 9999.000
2011 03 11 06 30 00 2 4514.212
2011 03 11 06 31 00 2 4514.212
2011 03 11 06 32 00 2 4514.206
2011 03 11 06 33 00 2 4514.202
2011 03 11 06 34 00 2 4514.209
2011 03 11 06 35 00 2 4514.209
2011 03 11 06 36 00 2 4514.198
2011 03 11 06 37 00 2 4514.202
2011 03 11 06 38 00 2 4514.202
2011 03 11 06 39 00 2 4514.205
2011 03 11 06 40 00 2 4514.194
2011 03 11 06 41 00 2 4514.204
2011 03 11 06 42 00 2 4514.194
2011 03 11 06 43 00 2 4514.194
2011 03 11 06 44 00 2 4514.198
2011 03 11 06 45 00 1 9999.000
2011 03 11 06 45 00 2 4514.197
2011 03 11 06 46 00 2 4514.196
2011 03 11 06 47 00 2 4514.190
2011 03 11 06 48 00 2 4514.198
2011 03 11 06 49 00 2 4514.187
2011 03 11 06 50 00 2 4514.194
2011 03 11 06 51 00 2 4514.190
2011 03 11 06 52 00 2 4514.189
2011 03 11 06 53 00 2 4514.195
2011 03 11 06 54 00 2 4514.194
2011 03 11 06 55 00 2 4514.186
2011 03 11 06 56 00 2 4514.189
2011 03 11 06 57 00 2 4514.195
2011 03 11 06 58 00 2 4514.189
2011 03 11 06 59 00 2 4514.187
2011 03 11 07 00 00 1 9999.000
2011 03 11 07 00 00 2 4514.190
2011 03 11 07 01 00 2 4514.186
2011 03 11 07 02 00 2 4514.190
2011 03 11 07 03 00 2 4514.194
2011 03 11 07 04 00 2 4514.180
2011 03 11 07 05 00 2 4514.189
2011 03 11 07 06 00 2 4514.187
2011 03 11 07 07 00 2 4514.185
2011 03 11 07 08 00 2 4514.190
2011 03 11 07 09 00 2 4514.185
2011 03 11 07 10 00 2 4514.188
2011 03 11 07 11 00 2 4514.189
2011 03 11 07 12 00 2 4514.184
2011 03 11 07 13 00 2 4514.190
2011 03 11 07 14 00 2 4514.182
2011 03 11 07 15 00 1 9999.000
2011 03 11 07 15 00 2 4514.190
2011 03 11 07 16 00 2 4514.187
2011 03 11 07 17 00 2 4514.188
2011 03 11 07 18 00 2 4514.190
2011 03 11 07 19 00 2 4514.187
2011 03 11 07 20 00 2 4514.187
2011 03 11 07 21 00 2 4514.192
2011 03 11 07 22 00 2 4514.186
2011 03 11 07 23 00 2 4514.191
2011 03 11 07 24 00 2 4514.190
2011 03 11 07 25 00 2 4514.187
2011 03 11 07 26 00 2 4514.196
2011 03 11 07 27 00 2 4514.194
2011 03 11 07 28 00 2 4514.186
2011 03 11 07 29 00 2 4514.195
2011 03 11 07 30 00 1 9999.000
2011 03 11 07 30 00 2 4514.193
2011 03 11 07 31 00 2 4514.197
2011 03 11 07 32 00 2 4514.190
2011 03 11 07 33 00 2 4514.199
2011 03 11 07 34 00 2 4514.195
2011 03 11 07 35 00 2 4514.198
2011 03 11 07 36 00 2 4514.198
2011 03 11 07 37 00 2 4514.198
2011 03 11 07 38 00 2 4514.201
2011 03 11 07 39 00 2 4514.197
2011 03 11 07 40 00 2 4514.200
2011 03 11 07 41 00 2 4514.202
2011 03 11 07 42 00 2 4514.203
2011 03 11 07 43 00 2 4514.204
2011 03 11 07 44 00 2 4514.206
2011 03 11 07 45 00 1 9999.000
2011 03 11 07 45 00 2 4514.201
2011 03 11 07 46 00 2 4514.208
2011 03 11 07 47 00 2 4514.210
2011 03 11 07 48 00 2 4514.210
2011 03 11 07 49 00 2 4514.213
2011 03 11 07 50 00 2 4514.212
2011 03 11 07 51 00 2 4514.215
2011 03 11 07 52 00 2 4514.216
2011 03 11 07 53 00 2 4514.219
2011 03 11 07 54 00 2 4514.218
2011 03 11 07 55 00 2 4514.220
2011 03 11 07 56 00 2 4514.219
2011 03 11 07 57 00 2 4514.222
2011 03 11 07 58 00 2 4514.228
2011 03 11 07 59 00 2 4514.222
2011 03 11 08 00 00 1 9999.000
2011 03 11 08 00 00 2 4514.226
2011 03 11 08 01 00 2 4514.230
2011 03 11 08 02 00 2 4514.231
2011 03 11 08 03 00 2 4514.231
2011 03 11 08 04 00 2 4514.234
2011 03 11 08 05 00 2 4514.235
2011 03 11 08 06 00 2 4514.236
2011 03 11 08 07 00 2 4514.237
2011 03 11 08 08 00 2 4514.238
2011 03 11 08 09 00 2 4514.243
2011 03 11 08 10 00 2 4514.241
2011 03 11 08 11 00 2 4514.247
2011 03 11 08 12 00 2 4514.245
2011 03 11 08 13 00 2 4514.250
2011 03 11 08 14 00 2 4514.253
2011 03 11 08 15 00 1 9999.000
2011 03 11 08 15 00 2 4514.254
2011 03 11 08 16 00 2 4514.254
2011 03 11 08 17 00 2 4514.255
2011 03 11 08 18 00 2 4514.259
2011 03 11 08 19 00 2 4514.263
2011 03 11 08 20 00 2 4514.264
2011 03 11 08 21 00 2 4514.266
2011 03 11 08 22 00 2 4514.270
2011 03 11 08 23 00 2 4514.269
2011 03 11 08 24 00 2 4514.274
2011 03 11 08 25 00 2 4514.277
2011 03 11 08 26 00 2 4514.279
2011 03 11 08 27 00 2 4514.280
2011 03 11 08 28 00 2 4514.283
2011 03 11 08 29 00 2 4514.285
2011 03 11 08 30 00 1 9999.000
2011 03 11 08 30 00 2 4514.287
2011 03 11 08 31 00 2 4514.288
2011 03 11 08 32 00 2 4514.293
2011 03 11 08 33 00 2 4514.298
2011 03 11 08 34 00 2 4514.296
2011 03 11 08 35 00 2 4514.298
2011 03 11 08 36 00 2 4514.301
2011 03 11 08 37 00 2 4514.308
2011 03 11 08 38 00 2 4514.309
2011 03 11 08 39 00 2 4514.309
2011 03 11 08 40 00 2 4514.315
2011 03 11 08 41 00 2 4514.316
2011 03 11 08 42 00 2 4514.320
2011 03 11 08 43 00 2 4514.322
2011 03 11 08 44 00 2 4514.326
2011 03 11 08 45 00 1 9999.000
2011 03 11 08 45 00 2 4514.328
2011 03 11 08 46 00 2 4514.331
2011 03 11 08 47 00 2 4514.333
2011 03 11 08 48 00 2 4514.338
2011 03 11 08 49 00 2 4514.340
2011 03 11 08 50 00 2 4514.345
2011 03 11 08 51 00 2 4514.347
2011 03 11 08 52 00 2 4514.348
2011 03 11 08 53 00 2 4514.353
2011 03 11 08 54 00 2 4514.356
2011 03 11 08 55 00 2 4514.360
2011 03 11 08 56 00 2 4514.362
2011 03 11 08 57 00 2 4514.365
2011 03 11 08 58 00 2 4514.369
2011 03 11 08 59 00 2 4514.371
2011 03 11 09 00 00 1 9999.000
2011 03 11 09 00 00 2 4514.375
2011 03 11 09 01 00 2 4514.378
2011 03 11 09 02 00 2 4514.380
2011 03 11 09 03 00 2 4514.383
2011 03 11 09 04 00 2 4514.388
2011 03 11 09 05 00 2 4514.391
2011 03 11 09 06 00 2 4514.394
2011 03 11 09 07 00 2 4514.397
2011 03 11 09 08 00 2 4514.399
2011 03 11 09 09 00 2 4514.404
2011 03 11 09 10 00 2 4514.407
2011 03 11 09 11 00 2 4514.412
2011 03 11 09 12 00 2 4514.412
2011 03 11 09 13 00 2 4514.418
2011 03 11 09 14 00 2 4514.422
2011 03 11 09 15 00 1 9999.000
2011 03 11 09 15 00 2 4514.424
2011 03 11 09 16 00 2 4514.428
2011 03 11 09 17 00 2 4514.430
2011 03 11 09 18 00 2 4514.435
2011 03 11 09 19 00 2 4514.438
2011 03 11 09 20 00 2 4514.441
2011 03 11 09 21 00 2 4514.447
2011 03 11 09 22 00 2 4514.449
2011 03 11 09 23 00 2 4514.453
2011 03 11 09 24 00 2 4514.457
2011 03 11 09 25 00 2 4514.461
2011 03 11 09 26 00 2 4514.464
2011 03 11 09 27 00 2 4514.466
2011 03 11 09 28 00 2 4514.474
2011 03 11 09 29 00 2 4514.477
2011 03 11 09 30 00 1 9999.000
2011 03 11 09 30 00 2 4514.479
2011 03 11 09 31 00 2 4514.483
2011 03 11 09 32 00 2 4514.487
2011 03 11 09 33 00 2 4514.492
2011 03 11 09 34 00 2 4514.495
2011 03 11 09 35 00 2 4514.497
2011 03 11 09 36 00 2 4514.504
2011 03 11 09 37 00 2 4514.507
2011 03 11 09 38 00 2 4514.510
2011 03 11 09 39 00 2 4514.513
2011 03 11 09 40 00 2 4514.518
2011 03 11 09 41 00 2 4514.523
2011 03 11 09 42 00 2 4514.527
2011 03 11 09 43 00 2 4514.529
2011 03 11 09 44 00 2 4514.535
2011 03 11 09 45 00 1 9999.000
2011 03 11 09 45 00 2 4514.539
2011 03 11 09 46 00 2 4514.541
2011 03 11 09 47 00 2 4514.547
2011 03 11 09 48 00 2 4514.550
2011 03 11 09 49 00 2 4514.555
2011 03 11 09 50 00 2 4514.559
2011 03 11 09 51 00 2 4514.564
2011 03 11 09 52 00 2 4514.566
2011 03 11 09 53 00 2 4514.573
2011 03 11 09 54 00 2 4514.576
2011 03 11 09 55 00 2 4514.581
2011 03 11 09 56 00 2 4514.585
2011 03 11 09 57 00 2 4514.587
2011 03 11 09 58 00 2 4514.592
2011 03 11 09 59 00 2 4514.595
2011 03 11 10 00 00 1 9999.000
2011 03 11 10 00 00 2 4514.600
2011 03 11 10 01 00 2 4514.604
2011 03 11 10 02 00 2 4514.609
2011 03 11 10 03 00 2 4514.610
2011 03 11 10 04 00 2 4514.617
2011 03 11 10 05 00 2 4514.622
2011 03 11 10 06 00 2 4514.625
2011 03 11 10 07 00 2 4514.630
2011 03 11 10 08 00 2 4514.633
2011 03 11 10 09 00 2 4514.637
2011 03 11 10 10 00 2 4514.644
2011 03 11 10 11 00 2 4514.646
2011 03 11 10 12 00 2 4514.649
2011 03 11 10 13 00 2 4514.654
2011 03 11 10 14 00 2 4514.659
2011 03 11 10 15 00 1 9999.000
2011 03 11 10 15 00 2 4514.665
2011 03 11 10 16 00 2 4514.667
2011 03 11 10 17 00 2 4514.671
2011 03 11 10 18 00 2 4514.676
2011 03 11 10 19 00 2 4514.678
2011 03 11 10 20 00 2 4514.683
2011 03 11 10 21 00 2 4514.687
2011 03 11 10 22 00 2 4514.691
2011 03 11 10 23 00 2 4514.697
2011 03 11 10 23 45 3 4514.697
2011 03 11 10 24 00 2 4514.699
2011 03 11 10 24 00 3 4514.697
2011 03 11 10 24 15 3 4514.698
2011 03 11 10 24 30 3 4514.699
2011 03 11 10 24 45 3 4514.702
2011 03 11 10 25 00 2 4514.705
2011 03 11 10 25 00 3 4514.703
2011 03 11 10 25 15 3 4514.705
2011 03 11 10 25 30 3 4514.705
2011 03 11 10 25 45 3 4514.706
2011 03 11 10 26 00 2 4514.710
2011 03 11 10 26 00 3 4514.709
2011 03 11 10 26 15 3 4514.710
2011 03 11 10 26 30 3 4514.711
2011 03 11 10 26 45 3 4514.712
2011 03 11 10 27 00 2 4514.712
2011 03 11 10 27 00 3 4514.712
2011 03 11 10 27 15 3 4514.710
2011 03 11 10 27 30 3 4514.713
2011 03 11 10 28 00 2 4514.720
2011 03 11 10 29 00 2 4514.723
2011 03 11 10 30 00 1 9999.000
2011 03 11 10 30 00 2 4514.726
2011 03 11 10 31 00 2 4514.731
2011 03 11 10 32 00 2 4514.735
2011 03 11 10 33 00 2 4514.740
2011 03 11 10 34 00 2 4514.744
2011 03 11 10 35 00 2 4514.749
2011 03 11 10 36 00 2 4514.753
2011 03 11 10 37 00 2 4514.757
2011 03 11 10 38 00 2 4514.761
2011 03 11 10 39 00 2 4514.766
2011 03 11 10 40 00 2 4514.768
2011 03 11 10 41 00 2 4514.773
2011 03 11 10 42 00 2 4514.777
2011 03 11 10 43 00 2 4514.782
2011 03 11 10 44 00 2 4514.786
2011 03 11 10 45 00 1 9999.000
2011 03 11 10 45 00 2 4514.792
2011 03 11 10 46 00 2 4514.793
2011 03 11 10 47 00 2 4514.798
2011 03 11 10 48 00 2 4514.803
2011 03 11 10 49 00 2 4514.809
2011 03 11 10 50 00 2 4514.815
2011 03 11 10 51 00 2 4514.816
2011 03 11 10 52 00 2 4514.821
2011 03 11 10 53 00 2 4514.825
2011 03 11 10 54 00 2 4514.830
2011 03 11 10 55 00 2 4514.833
2011 03 11 10 56 00 2 4514.838
2011 03 11 10 57 00 2 4514.844
2011 03 11 10 58 00 2 4514.847
2011 03 11 10 59 00 2 4514.850
2011 03 11 11 00 00 1 9999.000
2011 03 11 11 00 00 2 4514.854
2011 03 11 11 01 00 2 4514.858
2011 03 11 11 02 00 2 4514.863
2011 03 11 11 03 00 2 4514.869
2011 03 11 11 04 00 2 4514.872
2011 03 11 11 05 00 2 4514.875
2011 03 11 11 06 00 2 4514.881
2011 03 11 11 07 00 2 4514.884
2011 03 11 11 08 00 2 4514.890
2011 03 11 11 09 00 2 4514.893
2011 03 11 11 10 00 2 4514.898
2011 03 11 11 11 00 2 4514.902
2011 03 11 11 12 00 2 4514.906
2011 03 11 11 13 00 2 4514.912
2011 03 11 11 14 00 2 4514.914
2011 03 11 11 15 00 1 9999.000
2011 03 11 11 15 00 2 4514.918
2011 03 11 11 16 00 2 4514.921
2011 03 11 11 17 00 2 4514.927
2011 03 11 11 17 15 3 4514.927
2011 03 11 11 17 30 3 4514.927
2011 03 11 11 17 45 3 4514.928
2011 03 11 11 18 00 2 4514.929
2011 03 11 11 18 00 3 4514.928
2011 03 11 11 18 15 3 4514.928
2011 03 11 11 18 30 3 4514.930
2011 03 11 11 18 45 3 4514.930
2011 03 11 11 19 00 2 4514.935
2011 03 11 11 19 00 3 4514.933
2011 03 11 11 19 15 3 4514.934
2011 03 11 11 19 30 3 4514.935
2011 03 11 11 19 45 3 4514.937
2011 03 11 11 20 00 2 4514.939
2011 03 11 11 20 00 3 4514.937
2011 03 11 11 20 15 3 4514.938
2011 03 11 11 20 30 3 4514.940
2011 03 11 11 20 45 3 4514.941
2011 03 11 11 21 00 2 4514.943
2011 03 11 11 21 00 3 4514.942
2011 03 11 11 22 00 2 4514.944
2011 03 11 11 23 00 2 4514.949
2011 03 11 11 24 00 2 4514.955
2011 03 11 11 25 00 2 4514.956
2011 03 11 11 26 00 2 4514.962
2011 03 11 11 27 00 2 4514.966
2011 03 11 11 28 00 2 4514.970
2011 03 11 11 29 00 2 4514.976
2011 03 11 11 30 00 1 9999.000
2011 03 11 11 30 00 2 4514.981
2011 03 11 11 31 00 2 4514.988
2011 03 11 11 32 00 2 4514.997
2011 03 11 11 33 00 2 4515.006
2011 03 11 11 34 00 2 4515.018
2011 03 11 11 35 00 2 4515.030
2011 03 11 11 36 00 2 4515.042
2011 03 11 11 37 00 2 4515.056
2011 03 11 11 38 00 2 4515.071
2011 03 11 11 39 00 2 4515.084
2011 03 11 11 40 00 2 4515.099
2011 03 11 11 41 00 2 4515.110
2011 03 11 11 42 00 2 4515.116
2011 03 11 11 43 00 2 4515.121
2011 03 11 11 44 00 2 4515.121
2011 03 11 11 45 00 1 9999.000
2011 03 11 11 45 00 2 4515.119
2011 03 11 11 46 00 2 4515.112
2011 03 11 11 47 00 2 4515.100
2011 03 11 11 48 00 2 4515.090
2011 03 11 11 49 00 2 4515.082
2011 03 11 11 50 00 2 4515.075
2011 03 11 11 51 00 2 4515.070
2011 03 11 11 52 00 2 4515.068
2011 03 11 11 53 00 2 4515.068
2011 03 11 11 54 00 2 4515.069
2011 03 11 11 55 00 2 4515.069
2011 03 11 11 56 00 2 4515.071
2011 03 11 11 57 00 2 4515.073
2011 03 11 11 58 00 2 4515.072
2011 03 11 11 59 00 2 4515.075
2011 03 11 12 00 00 1 9999.000
2011 03 11 12 00 00 2 4515.083
2011 03 11 12 01 00 2 4515.091
2011 03 11 12 02 00 2 4515.101
2011 03 11 12 03 00 2 4515.111
2011 03 11 12 04 00 2 4515.117
2011 03 11 12 05 00 2 4515.121
2011 03 11 12 06 00 2 4515.115
2011 03 11 12 07 00 2 4515.106
2011 03 11 12 08 00 2 4515.090
2011 03 11 12 09 00 2 4515.068
2011 03 11 12 10 00 2 4515.050
2011 03 11 12 11 00 2 4515.043
2011 03 11 12 12 00 2 4515.059
2011 03 11 12 13 00 2 4515.094
2011 03 11 12 14 00 2 4515.132
2011 03 11 12 15 00 1 9999.000
2011 03 11 12 15 00 2 4515.159
2011 03 11 12 16 00 2 4515.151
2011 03 11 12 17 00 2 4515.129
2011 03 11 12 18 00 2 4515.112
2011 03 11 12 19 00 2 4515.112
2011 03 11 12 20 00 2 4515.135
2011 03 11 12 21 00 2 4515.163
2011 03 11 12 22 00 2 4515.181
2011 03 11 12 23 00 2 4515.175
2011 03 11 12 24 00 2 4515.158
2011 03 11 12 25 00 2 4515.140
2011 03 11 12 26 00 2 4515.128
2011 03 11 12 27 00 2 4515.124
2011 03 11 12 28 00 2 4515.128
2011 03 11 12 29 00 2 4515.131
2011 03 11 12 30 00 1 9999.000
2011 03 11 12 30 00 2 4515.122
2011 03 11 12 31 00 2 4515.112
2011 03 11 12 32 00 2 4515.115
2011 03 11 12 33 00 2 4515.154
2011 03 11 12 34 00 2 4515.208
2011 03 11 12 35 00 2 4515.250
2011 03 11 12 36 00 2 4515.250
2011 03 11 12 37 00 2 4515.214
2011 03 11 12 38 00 2 4515.173
2011 03 11 12 39 00 2 4515.149
2011 03 11 12 40 00 2 4515.142
2011 03 11 12 41 00 2 4515.146
2011 03 11 12 42 00 2 4515.160
2011 03 11 12 43 00 2 4515.186
2011 03 11 12 44 00 2 4515.211
2011 03 11 12 45 00 1 9999.000
2011 03 11 12 45 00 2 4515.228
2011 03 11 12 46 00 2 4515.227
2011 03 11 12 47 00 2 4515.216
2011 03 11 12 48 00 2 4515.202
2011 03 11 12 49 00 2 4515.189
2011 03 11 12 50 00 2 4515.195
2011 03 11 12 51 00 2 4515.222
2011 03 11 12 52 00 2 4515.255
2011 03 11 12 53 00 2 4515.276
2011 03 11 12 54 00 2 4515.300
2011 03 11 12 55 00 2 4515.328
2011 03 11 12 56 00 2 4515.326
2011 03 11 12 57 00 2 4515.287
2011 03 11 12 58 00 2 4515.239
2011 03 11 12 59 00 2 4515.229
2011 03 11 13 00 00 1 9999.000
2011 03 11 13 00 00 2 4515.239
2011 03 11 13 01 00 2 4515.229
2011 03 11 13 02 00 2 4515.196
2011 03 11 13 03 00 2 4515.165
2011 03 11 13 04 00 2 4515.150
2011 03 11 13 05 00 2 4515.140
2011 03 11 13 06 00 2 4515.153
2011 03 11 13 07 00 2 4515.199
2011 03 11 13 08 00 2 4515.241
2011 03 11 13 09 00 2 4515.241
2011 03 11 13 10 00 2 4515.226
2011 03 11 13 11 00 2 4515.255
2011 03 11 13 12 00 2 4515.307
2011 03 11 13 13 00 2 4515.318
2011 03 11 13 14 00 2 4515.287
2011 03 11 13 15 00 1 9999.000
2011 03 11 13 15 00 2 4515.264
2011 03 11 13 16 00 2 4515.266
2011 03 11 13 17 00 2 4515.264
2011 03 11 13 18 00 2 4515.254
2011 03 11 13 19 00 2 4515.242
2011 03 11 13 20 00 2 4515.232
2011 03 11 13 21 00 2 4515.219
2011 03 11 13 22 00 2 4515.216
2011 03 11 13 23 00 2 4515.229
2011 03 11 13 24 00 2 4515.236
2011 03 11 13 25 00 2 4515.240
2011 03 11 13 26 00 2 4515.249
2011 03 11 13 27 00 2 4515.257
2011 03 11 13 28 00 2 4515.253
2011 03 11 13 29 00 2 4515.241
2011 03 11 13 30 00 1 9999.000
2011 03 11 13 30 00 2 4515.240
2011 03 11 13 31 00 2 4515.264
2011 03 11 13 32 00 2 4515.288
2011 03 11 13 33 00 2 4515.276
2011 03 11 13 34 00 2 4515.253
2011 03 11 13 35 00 2 4515.257
2011 03 11 13 36 00 2 4515.272
2011 03 11 13 37 00 2 4515.260
2011 03 11 13 38 00 2 4515.243
2011 03 11 13 39 00 2 4515.261
2011 03 11 13 40 00 2 4515.273
2011 03 11 13 41 00 2 4515.250
2011 03 11 13 42 00 2 4515.239
2011 03 11 13 43 00 2 4515.264
2011 03 11 13 44 00 2 4515.258
2011 03 11 13 45 00 1 9999.000
2011 03 11 13 45 00 2 4515.209
2011 03 11 13 46 00 2 4515.204
2011 03 11 13 47 00 2 4515.243
2011 03 11 13 48 00 2 4515.238
2011 03 11 13 49 00 2 4515.197
2011 03 11 13 50 00 2 4515.201
2011 03 11 13 51 00 2 4515.239
2011 03 11 13 52 00 2 4515.262
2011 03 11 13 53 00 2 4515.275
2011 03 11 13 54 00 2 4515.274
2011 03 11 13 55 00 2 4515.247
2011 03 11 13 56 00 2 4515.233
2011 03 11 13 57 00 2 4515.244
2011 03 11 13 58 00 2 4515.238
2011 03 11 13 59 00 2 4515.235
2011 03 11 14 00 00 1 9999.000
2011 03 11 14 00 00 2 4515.267
2011 03 11 14 01 00 2 4515.294
2011 03 11 14 02 00 2 4515.287
2011 03 11 14 03 00 2 4515.286
2011 03 11 14 04 00 2 4515.280
2011 03 11 14 05 00 2 4515.259
2011 03 11 14 06 00 2 4515.267
2011 03 11 14 07 00 2 4515.289
2011 03 11 14 08 00 2 4515.264
2011 03 11 14 09 00 2 4515.221
2011 03 11 14 10 00 2 4515.203
2011 03 11 14 11 00 2 4515.186
2011 03 11 14 12 00 2 4515.206
2011 03 11 14 13 00 2 4515.255
2011 03 11 14 14 00 2 4515.259
2011 03 11 14 15 00 1 9999.000
2011 03 11 14 15 00 2 4515.215
2011 03 11 14 16 00 2 4515.198
2011 03 11 14 17 00 2 4515.209
2011 03 11 14 18 00 2 4515.230
2011 03 11 14 19 00 2 4515.246
2011 03 11 14 20 00 2 4515.219
2011 03 11 14 21 00 2 4515.197
2011 03 11 14 22 00 2 4515.221
2011 03 11 14 23 00 2 4515.231
2011 03 11 14 24 00 2 4515.203
2011 03 11 14 25 00 2 4515.187
2011 03 11 14 26 00 2 4515.172
2011 03 11 14 27 00 2 4515.168
2011 03 11 14 28 00 2 4515.209
2011 03 11 14 29 00 2 4515.235
2011 03 11 14 30 00 1 9999.000
2011 03 11 14 30 00 2 4515.200
2011 03 11 14 31 00 2 4515.190
2011 03 11 14 32 00 2 4515.217
2011 03 11 14 33 00 2 4515.203
2011 03 11 14 34 00 2 4515.163
2011 03 11 14 35 00 2 4515.155
2011 03 11 14 36 00 2 4515.154
2011 03 11 14 37 00 2 4515.158
2011 03 11 14 38 00 2 4515.192
2011 03 11 14 39 00 2 4515.214
2011 03 11 14 40 00 2 4515.177
2011 03 11 14 41 00 2 4515.144
2011 03 11 14 42 00 2 4515.170
2011 03 11 14 43 00 2 4515.192
2011 03 11 14 44 00 2 4515.190
2011 03 11 14 45 00 1 9999.000
2011 03 11 14 45 00 2 4515.182
2011 03 11 14 46 00 2 4515.136
2011 03 11 14 47 00 2 4515.116
2011 03 11 14 48 00 2 4515.154
2011 03 11 14 49 00 2 4515.150
2011 03 11 14 50 00 2 4515.123
2011 03 11 14 51 00 2 4515.137
2011 03 11 14 52 00 2 4515.120
2011 03 11 14 53 00 2 4515.098
2011 03 11 14 54 00 2 4515.129
2011 03 11 14 55 00 2 4515.132
2011 03 11 14 56 00 2 4515.106
2011 03 11 14 57 00 2 4515.128
2011 03 11 14 58 00 2 4515.155
2011 03 11 14 59 00 2 4515.156
2011 03 11 15 00 00 1 9999.000
2011 03 11 15 00 00 2 4515.142
2011 03 11 15 01 00 2 4515.085
2011 03 11 15 02 00 2 4515.061
2011 03 11 15 03 00 2 4515.111
2011 03 11 15 04 00 2 4515.139
2011 03 11 15 05 00 2 4515.137
2011 03 11 15 06 00 2 4515.151
2011 03 11 15 07 00 2 4515.133
2011 03 11 15 08 00 2 4515.092
2011 03 11 15 09 00 2 4515.089
2011 03 11 15 10 00 2 4515.088
2011 03 11 15 11 00 2 4515.108
2011 03 11 15 12 00 2 4515.151
2011 03 11 15 13 00 2 4515.118
2011 03 11 15 14 00 2 4515.072
2011 03 11 15 15 00 1 9999.000
2011 03 11 15 15 00 2 4515.107
2011 03 11 15 16 00 2 4515.122
2011 03 11 15 17 00 2 4515.069
2011 03 11 15 18 00 2 4515.003
2011 03 11 15 19 00 2 4515.009
2011 03 11 15 20 00 2 4515.068
2011 03 11 15 21 00 2 4515.030
2011 03 11 15 22 00 2 4514.980
2011 03 11 15 23 00 2 4515.006
2011 03 11 15 24 00 2 4514.987
2011 03 11 15 25 00 2 4514.991
2011 03 11 15 26 00 2 4515.055
2011 03 11 15 27 00 2 4515.034
2011 03 11 15 28 00 2 4514.999
2011 03 11 15 29 00 2 4515.015
2011 03 11 15 30 00 1 9999.000
2011 03 11 15 30 00 2 4515.024
2011 03 11 15 31 00 2 4514.976
2011 03 11 15 32 00 2 4514.931
2011 03 11 15 33 00 2 4514.988
2011 03 11 15 34 00 2 4515.011
2011 03 11 15 35 00 2 4514.968
2011 03 11 15 36 00 2 4514.981
2011 03 11 15 37 00 2 4514.977
2011 03 11 15 38 00 2 4514.955
2011 03 11 15 39 00 2 4514.983
2011 03 11 15 40 00 2 4514.977
2011 03 11 15 41 00 2 4514.958
2011 03 11 15 42 00 2 4514.966
2011 03 11 15 43 00 2 4514.967
2011 03 11 15 44 00 2 4514.974
2011 03 11 15 45 00 1 9999.000
2011 03 11 15 45 00 2 4514.955
2011 03 11 15 46 00 2 4514.929
2011 03 11 15 47 00 2 4514.942
2011 03 11 15 48 00 2 4514.918
2011 03 11 15 49 00 2 4514.891
2011 03 11 15 50 00 2 4514.938
2011 03 11 15 51 00 2 4514.957
2011 03 11 15 52 00 2 4514.899
2011 03 11 15 53 00 2 4514.893
2011 03 11 15 54 00 2 4514.905
2011 03 11 15 55 00 2 4514.886
2011 03 11 15 56 00 2 4514.889
2011 03 11 15 57 00 2 4514.870
2011 03 11 15 58 00 2 4514.875
2011 03 11 15 59 00 2 4514.894
2011 03 11 16 00 00 1 9999.000
2011 03 11 16 00 00 2 4514.871
2011 03 11 16 01 00 2 4514.901
2011 03 11 16 02 00 2 4514.876
2011 03 11 16 03 00 2 4514.855
2011 03 11 16 04 00 2 4514.905
2011 03 11 16 05 00 2 4514.870
2011 03 11 16 06 00 2 4514.852
2011 03 11 16 07 00 2 4514.840
2011 03 11 16 08 00 2 4514.830
2011 03 11 16 09 00 2 4514.858
2011 03 11 16 10 00 2 4514.835
2011 03 11 16 11 00 2 4514.839
2011 03 11 16 12 00 2 4514.812
2011 03 11 16 13 00 2 4514.809
2011 03 11 16 14 00 2 4514.843
2011 03 11 16 15 00 1 9999.000
2011 03 11 16 15 00 2 4514.783
2011 03 11 16 16 00 2 4514.786
2011 03 11 16 17 00 2 4514.805
2011 03 11 16 18 00 2 4514.749
2011 03 11 16 19 00 2 4514.751
2011 03 11 16 20 00 2 4514.747
2011 03 11 16 21 00 2 4514.701
2011 03 11 16 22 00 2 4514.721
2011 03 11 16 23 00 2 4514.745
2011 03 11 16 24 00 2 4514.715
2011 03 11 16 25 00 2 4514.720
2011 03 11 16 26 00 2 4514.711
2011 03 11 16 27 00 2 4514.706
2011 03 11 16 28 00 2 4514.682
2011 03 11 16 29 00 2 4514.645
2011 03 11 16 30 00 1 9999.000
2011 03 11 16 30 00 2 4514.675
2011 03 11 16 31 00 2 4514.670
2011 03 11 16 32 00 2 4514.670
2011 03 11 16 33 00 2 4514.684
2011 03 11 16 34 00 2 4514.682
2011 03 11 16 35 00 2 4514.685
2011 03 11 16 36 00 2 4514.701
2011 03 11 16 37 00 2 4514.719
2011 03 11 16 38 00 2 4514.673
2011 03 11 16 39 00 2 4514.672
2011 03 11 16 40 00 2 4514.677
2011 03 11 16 41 00 2 4514.649
2011 03 11 16 42 00 2 4514.658
2011 03 11 16 43 00 2 4514.664
2011 03 11 16 44 00 2 4514.667
2011 03 11 16 45 00 1 9999.000
2011 03 11 16 45 00 2 4514.646
2011 03 11 16 46 00 2 4514.624
2011 03 11 16 47 00 2 4514.633
2011 03 11 16 48 00 2 4514.615
2011 03 11 16 49 00 2 4514.588
2011 03 11 16 50 00 2 4514.596
2011 03 11 16 51 00 2 4514.571
2011 03 11 16 52 00 2 4514.568
2011 03 11 16 53 00 2 4514.607
2011 03 11 16 54 00 2 4514.569
2011 03 11 16 55 00 2 4514.545
2011 03 11 16 56 00 2 4514.564
2011 03 11 16 57 00 2 4514.536
2011 03 11 16 58 00 2 4514.503
2011 03 11 16 59 00 2 4514.524
2011 03 11 17 00 00 1 9999.000
2011 03 11 17 00 00 2 4514.556
2011 03 11 17 01 00 2 4514.561
2011 03 11 17 02 00 2 4514.552
2011 03 11 17 03 00 2 4514.564
2011 03 11 17 04 00 2 4514.557
2011 03 11 17 05 00 2 4514.512
2011 03 11 17 06 00 2 4514.503
2011 03 11 17 07 00 2 4514.483
2011 03 11 17 08 00 2 4514.473
2011 03 11 17 09 00 2 4514.478
2011 03 11 17 10 00 2 4514.484
2011 03 11 17 11 00 2 4514.486
2011 03 11 17 12 00 2 4514.449
2011 03 11 17 13 00 2 4514.455
2011 03 11 17 14 00 2 4514.475
2011 03 11 17 15 00 1 9999.000
2011 03 11 17 15 00 2 4514.466
2011 03 11 17 16 00 2 4514.440
2011 03 11 17 17 00 2 4514.444
2011 03 11 17 18 00 2 4514.416
2011 03 11 17 19 00 2 4514.384
2011 03 11 17 20 00 2 4514.401
2011 03 11 17 21 00 2 4514.398
2011 03 11 17 22 00 2 4514.388
2011 03 11 17 23 00 2 4514.369
2011 03 11 17 24 00 2 4514.348
2011 03 11 17 25 00 2 4514.345
2011 03 11 17 26 00 2 4514.346
2011 03 11 17 27 00 2 4514.361
2011 03 11 17 28 00 2 4514.410
2011 03 11 17 29 00 2 4514.404
2011 03 11 17 30 00 1 9999.000
2011 03 11 17 30 00 2 4514.395
2011 03 11 17 31 00 2 4514.396
2011 03 11 17 32 00 2 4514.361
2011 03 11 17 33 00 2 4514.361
2011 03 11 17 34 00 2 4514.372
2011 03 11 17 35 00 2 4514.353
2011 03 11 17 36 00 2 4514.355
2011 03 11 17 37 00 2 4514.339
2011 03 11 17 38 00 2 4514.320
2011 03 11 17 39 00 2 4514.314
2011 03 11 17 40 00 2 4514.279
2011 03 11 17 41 00 2 4514.294
2011 03 11 17 42 00 2 4514.280
2011 03 11 17 43 00 2 4514.265
2011 03 11 17 44 00 2 4514.277
2011 03 11 17 45 00 1 9999.000
2011 03 11 17 45 00 2 4514.269
2011 03 11 17 46 00 2 4514.282
2011 03 11 17 47 00 2 4514.279
2011 03 11 17 48 00 2 4514.293
2011 03 11 17 49 00 2 4514.281
2011 03 11 17 50 00 2 4514.258
2011 03 11 17 51 00 2 4514.266
2011 03 11 17 52 00 2 4514.230
2011 03 11 17 53 00 2 4514.217
2011 03 11 17 54 00 2 4514.219
2011 03 11 17 55 00 2 4514.224
2011 03 11 17 56 00 2 4514.217
2011 03 11 17 57 00 2 4514.192
2011 03 11 17 58 00 2 4514.170
2011 03 11 17 59 00 2 4514.206
2011 03 11 18 00 00 1 9999.000
2011 03 11 18 00 00 2 4514.215
2011 03 11 18 01 00 2 4514.198
2011 03 11 18 02 00 2 4514.212
2011 03 11 18 03 00 2 4514.196
2011 03 11 18 04 00 2 4514.185
2011 03 11 18 05 00 2 4514.157
2011 03 11 18 06 00 2 4514.114
2011 03 11 18 07 00 2 4514.111
2011 03 11 18 08 00 2 4514.090
2011 03 11 18 09 00 2 4514.117
2011 03 11 18 10 00 2 4514.137
2011 03 11 18 11 00 2 4514.134
2011 03 11 18 12 00 2 4514.144
2011 03 11 18 13 00 2 4514.125
2011 03 11 18 14 00 2 4514.125
2011 03 11 18 15 00 1 9999.000
2011 03 11 18 15 00 2 4514.108
2011 03 11 18 16 00 2 4514.087
2011 03 11 18 17 00 2 4514.059
2011 03 11 18 18 00 2 4514.077
2011 03 11 18 19 00 2 4514.092
2011 03 11 18 20 00 2 4514.112
2011 03 11 18 21 00 2 4514.101
2011 03 11 18 22 00 2 4514.090
2011 03 11 18 23 00 2 4514.103
2011 03 11 18 24 00 2 4514.082
2011 03 11 18 25 00 2 4514.058
2011 03 11 18 26 00 2 4514.048
2011 03 11 18 27 00 2 4514.054
2011 03 11 18 28 00 2 4514.064
2011 03 11 18 29 00 2 4514.054
2011 03 11 18 30 00 1 9999.000
2011 03 11 18 30 00 2 4514.060
2011 03 11 18 31 00 2 4514.050
2011 03 11 18 32 00 2 4514.059
2011 03 11 18 33 00 2 4514.076
2011 03 11 18 34 00 2 4514.090
2011 03 11 18 35 00 2 4514.087
2011 03 11 18 36 00 2 4514.035
2011 03 11 18 37 00 2 4514.000
2011 03 11 18 38 00 2 4514.003
2011 03 11 18 39 00 2 4513.980
2011 03 11 18 40 00 2 4513.977
2011 03 11 18 41 00 2 4513.984
2011 03 11 18 42 00 2 4513.983
2011 03 11 18 43 00 2 4513.963
2011 03 11 18 44 00 2 4513.981
2011 03 11 18 45 00 1 9999.000
2011 03 11 18 45 00 2 4513.985
2011 03 11 18 46 00 2 4513.970
2011 03 11 18 47 00 2 4513.957
2011 03 11 18 48 00 2 4513.936
2011 03 11 18 49 00 2 4513.915
2011 03 11 18 50 00 2 4513.916
2011 03 11 18 51 00 2 4513.944
2011 03 11 18 52 00 2 4513.920
2011 03 11 18 53 00 2 4513.905
2011 03 11 18 54 00 2 4513.954
2011 03 11 18 55 00 2 4513.948
2011 03 11 18 56 00 2 4513.945
2011 03 11 18 57 00 2 4513.943
2011 03 11 18 58 00 2 4513.934
2011 03 11 18 59 00 2 4513.935
2011 03 11 19 00 00 1 9999.000
2011 03 11 19 00 00 2 4513.907
2011 03 11 19 01 00 2 4513.909
2011 03 11 19 02 00 2 4513.920
2011 03 11 19 03 00 2 4513.920
2011 03 11 19 04 00 2 4513.902
2011 03 11 19 05 00 2 4513.885
2011 03 11 19 06 00 2 4513.912
2011 03 11 19 07 00 2 4513.878
2011 03 11 19 08 00 2 4513.870
2011 03 11 19 09 00 2 4513.872
2011 03 11 19 10 00 2 4513.866
2011 03 11 19 11 00 2 4513.853
2011 03 11 19 12 00 2 4513.870
2011 03 11 19 13 00 2 4513.882
2011 03 11 19 14 00 2 4513.875
2011 03 11 19 15 00 1 9999.000
2011 03 11 19 15 00 2 4513.876
2011 03 11 19 16 00 2 4513.845
2011 03 11 19 17 00 2 4513.820
2011 03 11 19 18 00 2 4513.821
2011 03 11 19 19 00 2 4513.848
2011 03 11 19 20 00 2 4513.825
2011 03 11 19 21 00 2 4513.796
2011 03 11 19 22 00 2 4513.820
2011 03 11 19 23 00 2 4513.802
2011 03 11 19 24 00 2 4513.784
2011 03 11 19 25 00 2 4513.790
2011 03 11 19 26 00 2 4513.796
2011 03 11 19 27 00 2 4513.792
2011 03 11 19 28 00 2 4513.808
2011 03 11 19 29 00 2 4513.812
2011 03 11 19 30 00 1 9999.000
2011 03 11 19 30 00 2 4513.794
2011 03 11 19 31 00 2 4513.801
2011 03 11 19 32 00 2 4513.777
2011 03 11 19 33 00 2 4513.773
2011 03 11 19 34 00 2 4513.781
2011 03 11 19 35 00 2 4513.776
2011 03 11 19 36 00 2 4513.771
2011 03 11 19 37 00 2 4513.773
2011 03 11 19 38 00 2 4513.767
2011 03 11 19 39 00 2 4513.764
2011 03 11 19 40 00 2 4513.767
2011 03 11 19 41 00 2 4513.761
2011 03 11 19 42 00 2 4513.758
2011 03 11 19 43 00 2 4513.778
2011 03 11 19 44 00 2 4513.779
2011 03 11 19 45 00 1 9999.000
2011 03 11 19 45 00 2 4513.760
2011 03 11 19 46 00 2 4513.757
2011 03 11 19 47 00 2 4513.774
2011 03 11 19 48 00 2 4513.774
2011 03 11 19 49 00 2 4513.747
2011 03 11 19 50 00 2 4513.744
2011 03 11 19 51 00 2 4513.746
2011 03 11 19 52 00 2 4513.743
2011 03 11 19 53 00 2 4513.711
2011 03 11 19 54 00 2 4513.717
2011 03 11 19 55 00 2 4513.740
2011 03 11 19 56 00 2 4513.734
2011 03 11 19 57 00 2 4513.741
2011 03 11 19 58 00 2 4513.744
2011 03 11 19 59 00 2 4513.753
2011 03 11 20 00 00 1 9999.000
2011 03 11 20 00 00 2 4513.727
2011 03 11 20 01 00 2 4513.730
2011 03 11 20 02 00 2 4513.746
2011 03 11 20 03 00 2 4513.746
2011 03 11 20 04 00 2 4513.719
2011 03 11 20 05 00 2 4513.703
2011 03 11 20 06 00 2 4513.732
2011 03 11 20 07 00 2 4513.728
2011 03 11 20 08 00 2 4513.708
2011 03 11 20 09 00 2 4513.678
2011 03 11 20 10 00 2 4513.672
2011 03 11 20 11 00 2 4513.694
2011 03 11 20 12 00 2 4513.687
2011 03 11 20 13 00 2 4513.649
2011 03 11 20 14 00 2 4513.641
2011 03 11 20 15 00 1 9999.000
2011 03 11 20 15 00 2 4513.649
2011 03 11 20 16 00 2 4513.645
2011 03 11 20 17 00 2 4513.648
2011 03 11 20 18 00 2 4513.655
2011 03 11 20 19 00 2 4513.672
2011 03 11 20 20 00 2 4513.679
2011 03 11 20 21 00 2 4513.681
2011 03 11 20 22 00 2 4513.695
2011 03 11 20 23 00 2 4513.687
2011 03 11 20 24 00 2 4513.667
2011 03 11 20 25 00 2 4513.668
2011 03 11 20 26 00 2 4513.669
2011 03 11 20 27 00 2 4513.659
2011 03 11 20 28 00 2 4513.676
2011 03 11 20 29 00 2 4513.676
2011 03 11 20 30 00 1 9999.000
2011 03 11 20 30 00 2 4513.673
2011 03 11 20 31 00 2 4513.673
2011 03 11 20 32 00 2 4513.664
2011 03 11 20 33 00 2 4513.659
2011 03 11 20 34 00 2 4513.655
2011 03 11 20 35 00 2 4513.657
2011 03 11 20 36 00 2 4513.659
2011 03 11 20 37 00 2 4513.681
2011 03 11 20 38 00 2 4513.699
2011 03 11 20 39 00 2 4513.691
2011 03 11 20 40 00 2 4513.672
2011 03 11 20 41 00 2 4513.659
2011 03 11 20 42 00 2 4513.658
2011 03 11 20 43 00 2 4513.678
2011 03 11 20 44 00 2 4513.672
2011 03 11 20 45 00 1 9999.000
2011 03 11 20 45 00 2 4513.674
2011 03 11 20 46 00 2 4513.661
2011 03 11 20 47 00 2 4513.645
2011 03 11 20 48 00 2 4513.630
2011 03 11 20 49 00 2 4513.625
2011 03 11 20 50 00 2 4513.608
2011 03 11 20 51 00 2 4513.614
2011 03 11 20 52 00 2 4513.638
2011 03 11 20 53 00 2 4513.631
2011 03 11 20 54 00 2 4513.633
2011 03 11 20 55 00 2 4513.669
2011 03 11 20 56 00 2 4513.667
2011 03 11 20 57 00 2 4513.669
2011 03 11 20 58 00 2 4513.663
2011 03 11 20 59 00 2 4513.654
2011 03 11 21 00 00 1 9999.000
2011 03 11 21 00 00 2 4513.664
2011 03 11 21 01 00 2 4513.668
2011 03 11 21 02 00 2 4513.652
2011 03 11 21 03 00 2 4513.630
2011 03 11 21 04 00 2 4513.628
2011 03 11 21 05 00 2 4513.646
2011 03 11 21 06 00 2 4513.652
2011 03 11 21 07 00 2 4513.655
2011 03 11 21 08 00 2 4513.648
2011 03 11 21 09 00 2 4513.656
2011 03 11 21 10 00 2 4513.649
2011 03 11 21 11 00 2 4513.665
2011 03 11 21 12 00 2 4513.673
2011 03 11 21 13 00 2 4513.660
2011 03 11 21 14 00 2 4513.648
2011 03 11 21 15 00 1 9999.000
2011 03 11 21 15 00 2 4513.667
2011 03 11 21 16 00 2 4513.674
2011 03 11 21 17 00 2 4513.655
2011 03 11 21 18 00 2 4513.657
2011 03 11 21 19 00 2 4513.660
2011 03 11 21 20 00 2 4513.648
2011 03 11 21 21 00 2 4513.657
2011 03 11 21 22 00 2 4513.670
2011 03 11 21 23 00 2 4513.655
2011 03 11 21 24 00 2 4513.651
2011 03 11 21 25 00 2 4513.658
2011 03 11 21 26 00 2 4513.683
2011 03 11 21 27 00 2 4513.672
2011 03 11 21 28 00 2 4513.672
2011 03 11 21 29 00 2 4513.676
2011 03 11 21 30 00 1 9999.000
2011 03 11 21 30 00 2 4513.670
2011 03 11 21 31 00 2 4513.674
2011 03 11 21 32 00 2 4513.672
2011 03 11 21 33 00 2 4513.674
2011 03 11 21 34 00 2 4513.680
2011 03 11 21 35 00 2 4513.686
2011 03 11 21 36 00 2 4513.712
2011 03 11 21 37 00 2 4513.728
2011 03 11 21 38 00 2 4513.716
2011 03 11 21 39 00 2 4513.709
2011 03 11 21 40 00 2 4513.692
2011 03 11 21 41 00 2 4513.678
2011 03 11 21 42 00 2 4513.671
2011 03 11 21 43 00 2 4513.661
2011 03 11 21 44 00 2 4513.648
2011 03 11 21 45 00 1 9999.000
2011 03 11 21 45 00 2 4513.638
2011 03 11 21 46 00 2 4513.642
2011 03 11 21 47 00 2 4513.654
2011 03 11 21 48 00 2 4513.649
2011 03 11 21 49 00 2 4513.653
2011 03 11 21 50 00 2 4513.691
2011 03 11 21 51 00 2 4513.687
2011 03 11 21 52 00 2 4513.694
2011 03 11 21 53 00 2 4513.703
2011 03 11 21 54 00 2 4513.705
2011 03 11 21 55 00 2 4513.700
2011 03 11 21 56 00 2 4513.700
2011 03 11 21 57 00 2 4513.706
2011 03 11 21 58 00 2 4513.704
2011 03 11 21 59 00 2 4513.696
2011 03 11 22 00 00 1 9999.000
2011 03 11 22 00 00 2 4513.707
2011 03 11 22 01 00 2 4513.699
2011 03 11 22 02 00 2 4513.697
2011 03 11 22 03 00 2 4513.713
2011 03 11 22 04 00 2 4513.697
2011 03 11 22 05 00 2 4513.695
2011 03 11 22 06 00 2 4513.720
2011 03 11 22 07 00 2 4513.708
2011 03 11 22 08 00 2 4513.716
2011 03 11 22 09 00 2 4513.710
2011 03 11 22 10 00 2 4513.699
2011 03 11 22 11 00 2 4513.698
2011 03 11 22 12 00 2 4513.702
2011 03 11 22 13 00 2 4513.699
2011 03 11 22 14 00 2 4513.708
2011 03 11 22 15 00 1 9999.000
2011 03 11 22 15 00 2 4513.715
2011 03 11 22 16 00 2 4513.713
2011 03 11 22 17 00 2 4513.716
2011 03 11 22 18 00 2 4513.710
2011 03 11 22 19 00 2 4513.712
2011 03 11 22 20 00 2 4513.744
2011 03 11 22 21 00 2 4513.742
2011 03 11 22 22 00 2 4513.756
2011 03 11 22 23 00 2 4513.770
2011 03 11 22 24 00 2 4513.758
2011 03 11 22 25 00 2 4513.754
2011 03 11 22 26 00 2 4513.748
2011 03 11 22 27 00 2 4513.756
2011 03 11 22 28 00 2 4513.772
2011 03 11 22 29 00 2 4513.768
2011 03 11 22 30 00 1 9999.000
2011 03 11 22 30 00 2 4513.771
2011 03 11 22 31 00 2 4513.792
2011 03 11 22 32 00 2 4513.792
2011 03 11 22 33 00 2 4513.797
2011 03 11 22 34 00 2 4513.796
2011 03 11 22 35 00 2 4513.808
2011 03 11 22 36 00 2 4513.811
2011 03 11 22 37 00 2 4513.794
2011 03 11 22 38 00 2 4513.794
2011 03 11 22 39 00 2 4513.782
2011 03 11 22 40 00 2 4513.787
2011 03 11 22 41 00 2 4513.808
2011 03 11 22 42 00 2 4513.822
2011 03 11 22 43 00 2 4513.824
2011 03 11 22 44 00 2 4513.810
2011 03 11 22 45 00 1 9999.000
2011 03 11 22 45 00 2 4513.822
2011 03 11 22 46 00 2 4513.815
2011 03 11 22 47 00 2 4513.827
2011 03 11 22 48 00 2 4513.843
2011 03 11 22 49 00 2 4513.848
2011 03 11 22 50 00 2 4513.868
2011 03 11 22 51 00 2 4513.874
2011 03 11 22 52 00 2 4513.879
2011 03 11 22 53 00 2 4513.875
2011 03 11 22 54 00 2 4513.879
2011 03 11 22 55 00 2 4513.880
2011 03 11 22 56 00 2 4513.867
2011 03 11 22 57 00 2 4513.891
2011 03 11 22 58 00 2 4513.882
2011 03 11 22 59 00 2 4513.883
2011 03 11 23 00 00 1 9999.000
2011 03 11 23 00 00 2 4513.908
2011 03 11 23 01 00 2 4513.896
2011 03 11 23 02 00 2 4513.896
2011 03 11 23 03 00 2 4513.900
2011 03 11 23 04 00 2 4513.890
2011 03 11 23 05 00 2 4513.901
2011 03 11 23 06 00 2 4513.894
2011 03 11 23 07 00 2 4513.873
2011 03 11 23 08 00 2 4513.884
2011 03 11 23 09 00 2 4513.878
2011 03 11 23 10 00 2 4513.890
2011 03 11 23 11 00 2 4513.903
2011 03 11 23 12 00 2 4513.911
2011 03 11 23 13 00 2 4513.929
2011 03 11 23 14 00 2 4513.927
2011 03 11 23 15 00 1 9999.000
2011 03 11 23 15 00 2 4513.906
2011 03 11 23 16 00 2 4513.912
2011 03 11 23 17 00 2 4513.925
2011 03 11 23 18 00 2 4513.916
2011 03 11 23 19 00 2 4513.880
2011 03 11 23 20 00 2 4513.886
2011 03 11 23 21 00 2 4513.911
2011 03 11 23 22 00 2 4513.906
2011 03 11 23 23 00 2 4513.906
2011 03 11 23 24 00 2 4513.922
2011 03 11 23 25 00 2 4513.916
2011 03 11 23 26 00 2 4513.928
2011 03 11 23 27 00 2 4513.942
2011 03 11 23 28 00 2 4513.923
2011 03 11 23 29 00 2 4513.927
2011 03 11 23 30 00 1 9999.000
2011 03 11 23 30 00 2 4513.936
2011 03 11 23 31 00 2 4513.933
2011 03 11 23 32 00 2 4513.933
2011 03 11 23 33 00 2 4513.956
2011 03 11 23 34 00 2 4513.962
2011 03 11 23 35 00 2 4513.959
2011 03 11 23 36 00 2 4513.983
2011 03 11 23 37 00 2 4513.993
2011 03 11 23 38 00 2 4514.003
2011 03 11 23 39 00 2 4514.010
2011 03 11 23 40 00 2 4514.016
2011 03 11 23 41 00 2 4514.034
2011 03 11 23 42 00 2 4514.032
2011 03 11 23 43 00 2 4514.009
2011 03 11 23 44 00 2 4514.020
2011 03 11 23 45 00 1 9999.000
2011 03 11 23 45 00 2 4514.038
2011 03 11 23 46 00 2 4514.029
2011 03 11 23 47 00 2 4514.022
2011 03 11 23 48 00 2 4514.020
2011 03 11 23 49 00 2 4514.038
2011 03 11 23 50 00 2 4514.030
2011 03 11 23 51 00 2 4514.032
2011 03 11 23 52 00 2 4514.066
2011 03 11 23 53 00 2 4514.070
2011 03 11 23 54 00 2 4514.069
2011 03 11 23 55 00 2 4514.058
2011 03 11 23 56 00 2 4514.038
2011 03 11 23 57 00 2 4514.040
2011 03 11 23 58 00 2 4514.045
2011 03 11 23 59 00 2 4514.058
2011 03 12 00 00 00 1 9999.000
2011 03 12 00 00 00 2 4514.058
2011 03 12 00 01 00 2 4514.051
2011 03 12 00 02 00 2 4514.059
2011 03 12 00 03 00 2 4514.065
2011 03 12 00 04 00 2 4514.076
2011 03 12 00 05 00 2 4514.068
2011 03 12 00 06 00 2 4514.057
2011 03 12 00 07 00 2 4514.071
2011 03 12 00 08 00 2 4514.069
2011 03 12 00 09 00 2 4514.062
2011 03 12 00 10 00 2 4514.075
2011 03 12 00 11 00 2 4514.086
2011 03 12 00 12 00 2 4514.082
2011 03 12 00 13 00 2 4514.095
2011 03 12 00 14 00 2 4514.092
2011 03 12 00 15 00 1 9999.000
2011 03 12 00 15 00 2 4514.090
2011 03 12 00 16 00 2 4514.085
2011 03 12 00 17 00 2 4514.088
2011 03 12 00 18 00 2 4514.104
2011 03 12 00 19 00 2 4514.114
2011 03 12 00 20 00 2 4514.112
2011 03 12 00 21 00 2 4514.122
2011 03 12 00 22 00 2 4514.115
2011 03 12 00 23 00 2 4514.100
2011 03 12 00 24 00 2 4514.110
2011 03 12 00 25 00 2 4514.117
2011 03 12 00 26 00 2 4514.116
2011 03 12 00 27 00 2 4514.149
2011 03 12 00 28 00 2 4514.157
2011 03 12 00 29 00 2 4514.154
2011 03 12 00 30 00 1 9999.000
2011 03 12 00 30 00 2 4514.184
2011 03 12 00 31 00 2 4514.191
2011 03 12 00 32 00 2 4514.181
2011 03 12 00 33 00 2 4514.192
2011 03 12 00 34 00 2 4514.205
2011 03 12 00 35 00 2 4514.206
2011 03 12 00 36 00 2 4514.201
2011 03 12 00 37 00 2 4514.199
2011 03 12 00 38 00 2 4514.213
2011 03 12 00 39 00 2 4514.223
2011 03 12 00 40 00 2 4514.212
2011 03 12 00 41 00 2 4514.210
2011 03 12 00 42 00 2 4514.205
2011 03 12 00 43 00 2 4514.198
2011 03 12 00 44 00 2 4514.198
2011 03 12 00 45 00 1 9999.000
2011 03 12 00 45 00 2 4514.205
2011 03 12 00 46 00 2 4514.203
2011 03 12 00 47 00 2 4514.216
2011 03 12 00 48 00 2 4514.198
2011 03 12 00 49 00 2 4514.207
2011 03 12 00 50 00 2 4514.222
2011 03 12 00 51 00 2 4514.220
2011 03 12 00 52 00 2 4514.234
2011 03 12 00 53 00 2 4514.242
2011 03 12 00 54 00 2 4514.245
2011 03 12 00 55 00 2 4514.248
2011 03 12 00 56 00 2 4514.258
2011 03 12 00 57 00 2 4514.256
2011 03 12 00 58 00 2 4514.267
2011 03 12 00 59 00 2 4514.265
2011 03 12 01 00 00 1 9999.000
2011 03 12 01 00 00 2 4514.263
2011 03 12 01 01 00 2 4514.254
2011 03 12 01 02 00 2 4514.257
2011 03 12 01 03 00 2 4514.269
2011 03 12 01 04 00 2 4514.279
2011 03 12 01 05 00 2 4514.276
2011 03 12 01 06 00 2 4514.271
2011 03 12 01 07 00 2 4514.286
2011 03 12 01 08 00 2 4514.282
2011 03 12 01 09 00 2 4514.299
2011 03 12 01 10 00 2 4514.311
2011 03 12 01 11 00 2 4514.313
2011 03 12 01 12 00 2 4514.318
2011 03 12 01 13 00 2 4514.309
2011 03 12 01 14 00 2 4514.314
2011 03 12 01 15 00 1 9999.000
2011 03 12 01 15 00 2 4514.320
2011 03 12 01 16 00 2 4514.323
2011 03 12 01 17 00 2 4514.330
2011 03 12 01 18 00 2 4514.322
2011 03 12 01 19 00 2 4514.325
2011 03 12 01 20 00 2 4514.339
2011 03 12 01 21 00 2 4514.337
2011 03 12 01 22 00 2 4514.353
2011 03 12 01 23 00 2 4514.354
2011 03 12 01 24 00 2 4514.340
2011 03 12 01 25 00 2 4514.339
2011 03 12 01 26 00 2 4514.339
2011 03 12 01 27 00 2 4514.343
2011 03 12 01 28 00 2 4514.349
2011 03 12 01 29 00 2 4514.351
2011 03 12 01 30 00 1 9999.000
2011 03 12 01 30 00 2 4514.364
2011 03 12 01 31 00 2 4514.376
2011 03 12 01 32 00 2 4514.389
2011 03 12 01 33 00 2 4514.385
2011 03 12 01 34 00 2 4514.384
2011 03 12 01 35 00 2 4514.391
2011 03 12 01 36 00 2 4514.395
2011 03 12 01 37 00 2 4514.398
2011 03 12 01 38 00 2 4514.414
2011 03 12 01 39 00 2 4514.419
2011 03 12 01 40 00 2 4514.402
2011 03 12 01 41 00 2 4514.408
2011 03 12 01 42 00 2 4514.412
2011 03 12 01 43 00 2 4514.394
2011 03 12 01 44 00 2 4514.400
2011 03 12 01 45 00 1 9999.000
2011 03 12 01 45 00 2 4514.401
2011 03 12 01 46 00 2 4514.397
2011 03 12 01 47 00 2 4514.401
2011 03 12 01 48 00 2 4514.390
2011 03 12 01 49 00 2 4514.379
2011 03 12 01 50 00 2 4514.379
2011 03 12 01 51 00 2 4514.391
2011 03 12 01 52 00 2 4514.383
2011 03 12 01 53 00 2 4514.378
2011 03 12 01 54 00 2 4514.379
2011 03 12 01 55 00 2 4514.385
2011 03 12 01 56 00 2 4514.396
2011 03 12 01 57 00 2 4514.412
2011 03 12 01 58 00 2 4514.416
2011 03 12 01 59 00 2 4514.418
2011 03 12 02 00 00 1 9999.000
2011 03 12 02 00 00 2 4514.409
2011 03 12 02 01 00 2 4514.421
2011 03 12 02 02 00 2 4514.440
2011 03 12 02 03 00 2 4514.439
2011 03 12 02 04 00 2 4514.429
2011 03 12 02 05 00 2 4514.417
2011 03 12 02 06 00 2 4514.422
2011 03 12 02 07 00 2 4514.431
2011 03 12 02 08 00 2 4514.429
2011 03 12 02 09 00 2 4514.434
2011 03 12 02 10 00 2 4514.448
2011 03 12 02 11 00 2 4514.446
2011 03 12 02 12 00 2 4514.449
2011 03 12 02 13 00 2 4514.451
2011 03 12 02 14 00 2 4514.448
2011 03 12 02 15 00 1 9999.000
2011 03 12 02 15 00 2 4514.453
2011 03 12 02 16 00 2 4514.451
2011 03 12 02 17 00 2 4514.458
2011 03 12 02 18 00 2 4514.459
2011 03 12 02 19 00 2 4514.455
2011 03 12 02 20 00 2 4514.461
2011 03 12 02 21 00 2 4514.459
2011 03 12 02 22 00 2 4514.459
2011 03 12 02 23 00 2 4514.453
2011 03 12 02 24 00 2 4514.460
2011 03 12 02 25 00 2 4514.472
2011 03 12 02 26 00 2 4514.474
2011 03 12 02 27 00 2 4514.483
2011 03 12 02 28 00 2 4514.486
2011 03 12 02 29 00 2 4514.466
2011 03 12 02 30 00 1 9999.000
2011 03 12 02 30 00 2 4514.461
2011 03 12 02 31 00 2 4514.457
2011 03 12 02 32 00 2 4514.460
2011 03 12 02 33 00 2 4514.472
2011 03 12 02 34 00 2 4514.482
2011 03 12 02 35 00 2 4514.491
2011 03 12 02 36 00 2 4514.494
2011 03 12 02 37 00 2 4514.488
2011 03 12 02 38 00 2 4514.490
2011 03 12 02 39 00 2 4514.499
2011 03 12 02 40 00 2 4514.493
2011 03 12 02 41 00 2 4514.492
2011 03 12 02 42 00 2 4514.502
2011 03 12 02 43 00 2 4514.504
2011 03 12 02 44 00 2 4514.505
2011 03 12 02 45 00 1 9999.000
2011 03 12 02 45 00 2 4514.500
2011 03 12 02 46 00 2 4514.509
2011 03 12 02 47 00 2 4514.509
2011 03 12 02 48 00 2 4514.494
2011 03 12 02 49 00 2 4514.501
2011 03 12 02 50 00 2 4514.499
2011 03 12 02 51 00 2 4514.499
2011 03 12 02 52 00 2 4514.514
2011 03 12 02 53 00 2 4514.520
2011 03 12 02 54 00 2 4514.518
2011 03 12 02 55 00 2 4514.530
2011 03 12 02 56 00 2 4514.521
2011 03 12 02 57 00 2 4514.513
2011 03 12 02 58 00 2 4514.511
2011 03 12 02 59 00 2 4514.512
2011 03 12 03 00 00 1 9999.000
2011 03 12 03 00 00 2 4514.516
2011 03 12 03 01 00 2 4514.512
2011 03 12 03 02 00 2 4514.496
2011 03 12 03 03 00 2 4514.495
2011 03 12 03 04 00 2 4514.492
2011 03 12 03 05 00 2 4514.486
2011 03 12 03 06 00 2 4514.487
2011 03 12 03 07 00 2 4514.492
2011 03 12 03 08 00 2 4514.502
2011 03 12 03 09 00 2 4514.507
2011 03 12 03 10 00 2 4514.503
2011 03 12 03 11 00 2 4514.506
2011 03 12 03 12 00 2 4514.507
2011 03 12 03 13 00 2 4514.508
2011 03 12 03 14 00 2 4514.492
2011 03 12 03 15 00 1 9999.000
2011 03 12 03 15 00 2 4514.494
2011 03 12 03 16 00 2 4514.500
2011 03 12 03 17 00 2 4514.506
2011 03 12 03 18 00 2 4514.502
2011 03 12 03 19 00 2 4514.499
2011 03 12 03 20 00 2 4514.514
2011 03 12 03 21 00 2 4514.515
2011 03 12 03 22 00 2 4514.507
2011 03 12 03 23 00 2 4514.516
2011 03 12 03 24 00 2 4514.515
2011 03 12 03 25 00 2 4514.508
2011 03 12 03 26 00 2 4514.505
2011 03 12 03 27 00 2 4514.522
2011 03 12 03 28 00 2 4514.519
2011 03 12 03 29 00 2 4514.510
2011 03 12 03 30 00 1 9999.000
2011 03 12 03 30 00 2 4514.537
2011 03 12 03 31 00 2 4514.544
2011 03 12 03 32 00 2 4514.544
2011 03 12 03 33 00 2 4514.545
2011 03 12 03 34 00 2 4514.547
2011 03 12 03 35 00 2 4514.554
2011 03 12 03 36 00 2 4514.546
2011 03 12 03 37 00 2 4514.539
2011 03 12 03 38 00 2 4514.552
2011 03 12 03 39 00 2 4514.543
2011 03 12 03 40 00 2 4514.533
2011 03 12 03 41 00 2 4514.524
2011 03 12 03 42 00 2 4514.532
2011 03 12 03 43 00 2 4514.525
2011 03 12 03 44 00 2 4514.519
2011 03 12 03 45 00 1 9999.000
2011 03 12 03 45 00 2 4514.519
2011 03 12 03 46 00 2 4514.514
2011 03 12 03 47 00 2 4514.503
2011 03 12 03 48 00 2 4514.495
2011 03 12 03 49 00 2 4514.517
2011 03 12 03 50 00 2 4514.516
2011 03 12 03 51 00 2 4514.512
2011 03 12 03 52 00 2 4514.507
2011 03 12 03 53 00 2 4514.498
2011 03 12 03 54 00 2 4514.504
2011 03 12 03 55 00 2 4514.490
2011 03 12 03 56 00 2 4514.487
2011 03 12 03 57 00 2 4514.495
2011 03 12 03 58 00 2 4514.496
2011 03 12 03 59 00 2 4514.487
2011 03 12 04 00 00 1 9999.000
2011 03 12 04 00 00 2 4514.484
2011 03 12 04 01 00 2 4514.492
2011 03 12 04 02 00 2 4514.493
2011 03 12 04 03 00 2 4514.505
2011 03 12 04 04 00 2 4514.489
2011 03 12 04 05 00 2 4514.483
2011 03 12 04 06 00 2 4514.485
2011 03 12 04 07 00 2 4514.492
2011 03 12 04 08 00 2 4514.502
2011 03 12 04 09 00 2 4514.489
2011 03 12 04 10 00 2 4514.484
2011 03 12 04 11 00 2 4514.487
2011 03 12 04 12 00 2 4514.485
2011 03 12 04 13 00 2 4514.488
2011 03 12 04 14 00 2 4514.492
2011 03 12 04 15 00 1 9999.000
2011 03 12 04 15 00 2 4514.492
2011 03 12 04 16 00 2 4514.500
2011 03 12 04 17 00 2 4514.505
2011 03 12 04 18 00 2 4514.506
2011 03 12 04 19 00 2 4514.520
2011 03 12 04 20 00 2 4514.527
2011 03 12 04 21 00 2 4514.529
2011 03 12 04 22 00 2 4514.535
2011 03 12 04 23 00 2 4514.532
2011 03 12 04 24 00 2 4514.520
2011 03 12 04 25 00 2 4514.509
2011 03 12 04 26 00 2 4514.508
2011 03 12 04 27 00 2 4514.512
2011 03 12 04 28 00 2 4514.508
2011 03 12 04 29 00 2 4514.501
2011 03 12 04 30 00 1 9999.000
2011 03 12 04 30 00 2 4514.495
2011 03 12 04 31 00 2 4514.493
2011 03 12 04 32 00 2 4514.487
2011 03 12 04 33 00 2 4514.472
2011 03 12 04 34 00 2 4514.472
2011 03 12 04 35 00 2 4514.467
2011 03 12 04 36 00 2 4514.470
2011 03 12 04 37 00 2 4514.473
2011 03 12 04 38 00 2 4514.470
2011 03 12 04 39 00 2 4514.470
2011 03 12 04 40 00 2 4514.469
2011 03 12 04 41 00 2 4514.459
2011 03 12 04 42 00 2 4514.457
2011 03 12 04 43 00 2 4514.472
2011 03 12 04 44 00 2 4514.467
2011 03 12 04 45 00 1 9999.000
2011 03 12 04 45 00 2 4514.459
2011 03 12 04 46 00 2 4514.455
2011 03 12 04 47 00 2 4514.451
2011 03 12 04 48 00 2 4514.453
2011 03 12 04 49 00 2 4514.452
2011 03 12 04 50 00 2 4514.455
2011 03 12 04 51 00 2 4514.457
2011 03 12 04 52 00 2 4514.450
2011 03 12 04 53 00 2 4514.444
2011 03 12 04 54 00 2 4514.428
2011 03 12 04 55 00 2 4514.422
2011 03 12 04 56 00 2 4514.418
2011 03 12 04 57 00 2 4514.416
2011 03 12 04 58 00 2 4514.432
2011 03 12 04 59 00 2 4514.437
2011 03 12 05 00 00 1 9999.000
2011 03 12 05 00 00 2 4514.444
2011 03 12 05 01 00 2 4514.459
2011 03 12 05 02 00 2 4514.463
2011 03 12 05 03 00 2 4514.457
2011 03 12 05 04 00 2 4514.446
2011 03 12 05 05 00 2 4514.445
2011 03 12 05 06 00 2 4514.453
2011 03 12 05 07 00 2 4514.461
2011 03 12 05 08 00 2 4514.464
2011 03 12 05 09 00 2 4514.467
2011 03 12 05 10 00 2 4514.476
2011 03 12 05 11 00 2 4514.469
2011 03 12 05 12 00 2 4514.466
2011 03 12 05 13 00 2 4514.459
2011 03 12 05 14 00 2 4514.452
2011 03 12 05 15 00 1 9999.000
2011 03 12 05 15 00 2 4514.448
2011 03 12 05 16 00 2 4514.447
2011 03 12 05 17 00 2 4514.443
2011 03 12 05 18 00 2 4514.443
2011 03 12 05 19 00 2 4514.440
2011 03 12 05 20 00 2 4514.436
2011 03 12 05 21 00 2 4514.432
2011 03 12 05 22 00 2 4514.421
2011 03 12 05 23 00 2 4514.421
2011 03 12 05 24 00 2 4514.415
2011 03 12 05 25 00 2 4514.403
2011 03 12 05 26 00 2 4514.403
2011 03 12 05 27 00 2 4514.409
2011 03 12 05 28 00 2 4514.410
2011 03 12 05 29 00 2 4514.417
2011 03 12 05 30 00 1 9999.000
2011 03 12 05 30 00 2 4514.419
2011 03 12 05 31 00 2 4514.419
2011 03 12 05 32 00 2 4514.416
2011 03 12 05 33 00 2 4514.411
2011 03 12 05 34 00 2 4514.404
2011 03 12 05 35 00 2 4514.394
2011 03 12 05 36 00 2 4514.376
2011 03 12 05 37 00 2 4514.376
2011 03 12 05 38 00 2 4514.389
2011 03 12 05 39 00 2 4514.395
2011 03 12 05 40 00 2 4514.386
2011 03 12 05 41 00 2 4514.390
2011 03 12 05 42 00 2 4514.396
2011 03 12 05 43 00 2 4514.399
2011 03 12 05 44 00 2 4514.389
2011 03 12 05 45 00 1 9999.000
2011 03 12 05 45 00 2 4514.381
2011 03 12 05 46 00 2 4514.390
2011 03 12 05 47 00 2 4514.409
2011 03 12 05 48 00 2 4514.413
2011 03 12 05 49 00 2 4514.409
2011 03 12 05 50 00 2 4514.411
2011 03 12 05 51 00 2 4514.413
2011 03 12 05 52 00 2 4514.413
2011 03 12 05 53 00 2 4514.405
2011 03 12 05 54 00 2 4514.406
2011 03 12 05 55 00 2 4514.415
2011 03 12 05 56 00 2 4514.413
2011 03 12 05 57 00 2 4514.401
2011 03 12 05 58 00 2 4514.399
2011 03 12 05 59 00 2 4514.402
2011 03 12 06 00 00 1 9999.000
2011 03 12 06 00 00 2 4514.389
2011 03 12 06 01 00 2 4514.385
2011 03 12 06 02 00 2 4514.385
2011 03 12 06 03 00 2 4514.389
2011 03 12 06 04 00 2 4514.389
2011 03 12 06 05 00 2 4514.377
2011 03 12 06 06 00 2 4514.384
2011 03 12 06 07 00 2 4514.388
2011 03 12 06 08 00 2 4514.385
2011 03 12 06 09 00 2 4514.379
2011 03 12 06 10 00 2 4514.374
2011 03 12 06 11 00 2 4514.375
2011 03 12 06 12 00 2 4514.379
2011 03 12 06 13 00 2 4514.380
2011 03 12 06 14 00 2 4514.378
2011 03 12 06 15 00 1 9999.000
2011 03 12 06 15 00 2 4514.381
2011 03 12 06 16 00 2 4514.374
2011 03 12 06 17 00 2 4514.366
2011 03 12 06 18 00 2 4514.359
2011 03 12 06 19 00 2 4514.364
2011 03 12 06 20 00 2 4514.366
2011 03 12 06 21 00 2 4514.363
2011 03 12 06 22 00 2 4514.370
2011 03 12 06 23 00 2 4514.374
2011 03 12 06 24 00 2 4514.380
2011 03 12 06 25 00 2 4514.373
2011 03 12 06 26 00 2 4514.372
2011 03 12 06 27 00 2 4514.367
2011 03 12 06 28 00 2 4514.372
2011 03 12 06 29 00 2 4514.372
2011 03 12 06 30 00 1 9999.000
2011 03 12 06 30 00 2 4514.370
2011 03 12 06 31 00 2 4514.365
2011 03 12 06 32 00 2 4514.366
2011 03 12 06 33 00 2 4514.358
2011 03 12 06 34 00 2 4514.356
2011 03 12 06 35 00 2 4514.348
2011 03 12 06 36 00 2 4514.353
2011 03 12 06 37 00 2 4514.350
2011 03 12 06 38 00 2 4514.349
2011 03 12 06 39 00 2 4514.352
2011 03 12 06 40 00 2 4514.351
2011 03 12 06 41 00 2 4514.354
2011 03 12 06 42 00 2 4514.349
2011 03 12 06 43 00 2 4514.347
2011 03 12 06 44 00 2 4514.346
2011 03 12 06 45 00 1 9999.000
2011 03 12 06 45 00 2 4514.351
2011 03 12 06 46 00 2 4514.351
2011 03 12 06 47 00 2 4514.346
2011 03 12 06 48 00 2 4514.347
2011 03 12 06 49 00 2 4514.342
2011 03 12 06 50 00 2 4514.326
2011 03 12 06 51 00 2 4514.327
2011 03 12 06 52 00 2 4514.325
2011 03 12 06 53 00 2 4514.327
2011 03 12 06 54 00 2 4514.326
2011 03 12 06 55 00 2 4514.330
2011 03 12 06 56 00 2 4514.336
2011 03 12 06 57 00 2 4514.335
2011 03 12 06 58 00 2 4514.329
2011 03 12 06 59 00 2 4514.324
2011 03 12 07 00 00 1 9999.000
2011 03 12 07 00 00 2 4514.319
2011 03 12 07 01 00 2 4514.316
2011 03 12 07 02 00 2 4514.321
2011 03 12 07 03 00 2 4514.326
2011 03 12 07 04 00 2 4514.326
2011 03 12 07 05 00 2 4514.327
2011 03 12 07 06 00 2 4514.330
2011 03 12 07 07 00 2 4514.337
2011 03 12 07 08 00 2 4514.335
2011 03 12 07 09 00 2 4514.327
2011 03 12 07 10 00 2 4514.327
2011 03 12 07 11 00 2 4514.330
2011 03 12 07 12 00 2 4514.331
2011 03 12 07 13 00 2 4514.327
2011 03 12 07 14 00 2 4514.319
2011 03 12 07 15 00 1 9999.000
2011 03 12 07 15 00 2 4514.328
2011 03 12 07 16 00 2 4514.330
2011 03 12 07 17 00 2 4514.330
2011 03 12 07 18 00 2 4514.329
2011 03 12 07 19 00 2 4514.337
2011 03 12 07 20 00 2 4514.338
2011 03 12 07 21 00 2 4514.338
2011 03 12 07 22 00 2 4514.335
2011 03 12 07 23 00 2 4514.325
2011 03 12 07 24 00 2 4514.329
2011 03 12 07 25 00 2 4514.330
2011 03 12 07 26 00 2 4514.326
2011 03 12 07 27 00 2 4514.316
2011 03 12 07 28 00 2 4514.321
2011 03 12 07 29 00 2 4514.331
2011 03 12 07 30 00 1 9999.000
2011 03 12 07 30 00 2 4514.322
2011 03 12 07 31 00 2 4514.311
2011 03 12 07 32 00 2 4514.307
2011 03 12 07 33 00 2 4514.315
2011 03 12 07 34 00 2 4514.325
2011 03 12 07 35 00 2 4514.319
2011 03 12 07 36 00 2 4514.318
2011 03 12 07 37 00 2 4514.321
2011 03 12 07 38 00 2 4514.318
2011 03 12 07 39 00 2 4514.314
2011 03 12 07 40 00 2 4514.319
2011 03 12 07 41 00 2 4514.323
2011 03 12 07 42 00 2 4514.311
2011 03 12 07 43 00 2 4514.305
2011 03 12 07 44 00 2 4514.308
2011 03 12 07 45 00 1 9999.000
2011 03 12 07 45 00 2 4514.309
2011 03 12 07 46 00 2 4514.306
2011 03 12 07 47 00 2 4514.297
2011 03 12 07 48 00 2 4514.289
2011 03 12 07 49 00 2 4514.299
2011 03 12 07 50 00 2 4514.301
2011 03 12 07 51 00 2 4514.305
2011 03 12 07 52 00 2 4514.310
2011 03 12 07 53 00 2 4514.312
2011 03 12 07 54 00 2 4514.309
2011 03 12 07 55 00 2 4514.293
2011 03 12 07 56 00 2 4514.297
2011 03 12 07 57 00 2 4514.306
2011 03 12 07 58 00 2 4514.302
2011 03 12 07 59 00 2 4514.297
2011 03 12 08 00 00 1 9999.000
2011 03 12 08 00 00 2 4514.296
2011 03 12 08 01 00 2 4514.306
2011 03 12 08 02 00 2 4514.318
2011 03 12 08 03 00 2 4514.310
2011 03 12 08 04 00 2 4514.305
2011 03 12 08 05 00 2 4514.319
2011 03 12 08 06 00 2 4514.323
2011 03 12 08 07 00 2 4514.332
2011 03 12 08 08 00 2 4514.344
2011 03 12 08 09 00 2 4514.346
2011 03 12 08 10 00 2 4514.345
2011 03 12 08 11 00 2 4514.342
2011 03 12 08 12 00 2 4514.341
2011 03 12 08 13 00 2 4514.330
2011 03 12 08 14 00 2 4514.339
2011 03 12 08 15 00 1 9999.000
2011 03 12 08 15 00 2 4514.340
2011 03 12 08 16 00 2 4514.330
2011 03 12 08 17 00 2 4514.339
2011 03 12 08 18 00 2 4514.340
2011 03 12 08 19 00 2 4514.326
2011 03 12 08 20 00 2 4514.325
2011 03 12 08 21 00 2 4514.333
2011 03 12 08 22 00 2 4514.334
2011 03 12 08 23 00 2 4514.331
2011 03 12 08 24 00 2 4514.332
2011 03 12 08 25 00 2 4514.336
2011 03 12 08 26 00 2 4514.343
2011 03 12 08 27 00 2 4514.347
2011 03 12 08 28 00 2 4514.347
2011 03 12 08 29 00 2 4514.343
2011 03 12 08 30 00 1 9999.000
2011 03 12 08 30 00 2 4514.347
2011 03 12 08 31 00 2 4514.357
2011 03 12 08 32 00 2 4514.353
2011 03 12 08 33 00 2 4514.360
2011 03 12 08 34 00 2 4514.359
2011 03 12 08 35 00 2 4514.347
2011 03 12 08 36 00 2 4514.352
2011 03 12 08 37 00 2 4514.357
2011 03 12 08 38 00 2 4514.364
2011 03 12 08 39 00 2 4514.367
2011 03 12 08 40 00 2 4514.369
2011 03 12 08 41 00 2 4514.374
2011 03 12 08 42 00 2 4514.378
2011 03 12 08 43 00 2 4514.379
2011 03 12 08 44 00 2 4514.387
2011 03 12 08 45 00 1 9999.000
2011 03 12 08 45 00 2 4514.388
2011 03 12 08 46 00 2 4514.392
2011 03 12 08 47 00 2 4514.403
2011 03 12 08 48 00 2 4514.403
2011 03 12 08 49 00 2 4514.400
2011 03 12 08 50 00 2 4514.405
2011 03 12 08 51 00 2 4514.409
2011 03 12 08 52 00 2 4514.414
2011 03 12 08 53 00 2 4514.415
2011 03 12 08 54 00 2 4514.399
2011 03 12 08 55 00 2 4514.394
2011 03 12 08 56 00 2 4514.403
2011 03 12 08 57 00 2 4514.402
2011 03 12 08 58 00 2 4514.403
2011 03 12 08 59 00 2 4514.404
2011 03 12 09 00 00 1 9999.000
2011 03 12 09 00 00 2 4514.399
2011 03 12 09 01 00 2 4514.390
2011 03 12 09 02 00 2 4514.387
2011 03 12 09 03 00 2 4514.400
2011 03 12 09 04 00 2 4514.412
2011 03 12 09 05 00 2 4514.407
2011 03 12 09 06 00 2 4514.405
2011 03 12 09 07 00 2 4514.398
2011 03 12 09 08 00 2 4514.402
2011 03 12 09 09 00 2 4514.400
2011 03 12 09 10 00 2 4514.391
2011 03 12 09 11 00 2 4514.386
2011 03 12 09 12 00 2 4514.392
2011 03 12 09 13 00 2 4514.398
2011 03 12 09 14 00 2 4514.400
2011 03 12 09 15 00 1 9999.000
2011 03 12 09 15 00 2 4514.399
2011 03 12 09 16 00 2 4514.401
2011 03 12 09 17 00 2 4514.408
2011 03 12 09 18 00 2 4514.411
2011 03 12 09 19 00 2 4514.412
2011 03 12 09 20 00 2 4514.418
2011 03 12 09 21 00 2 4514.423
2011 03 12 09 22 00 2 4514.431
2011 03 12 09 23 00 2 4514.427
2011 03 12 09 24 00 2 4514.432
2011 03 12 09 25 00 2 4514.442
2011 03 12 09 26 00 2 4514.445
2011 03 12 09 27 00 2 4514.442
2011 03 12 09 28 00 2 4514.448
2011 03 12 09 29 00 2 4514.461
2011 03 12 09 30 00 1 9999.000
2011 03 12 09 30 00 2 4514.466
2011 03 12 09 31 00 2 4514.458
2011 03 12 09 32 00 2 4514.464
2011 03 12 09 33 00 2 4514.472
2011 03 12 09 34 00 2 4514.473
2011 03 12 09 35 00 2 4514.475
2011 03 12 09 36 00 2 4514.471
2011 03 12 09 37 00 2 4514.470
2011 03 12 09 38 00 2 4514.471
2011 03 12 09 39 00 2 4514.477
2011 03 12 09 40 00 2 4514.483
2011 03 12 09 41 00 2 4514.474
2011 03 12 09 42 00 2 4514.473
2011 03 12 09 43 00 2 4514.476
2011 03 12 09 44 00 2 4514.475
2011 03 12 09 45 00 1 9999.000
2011 03 12 09 45 00 2 4514.483
2011 03 12 09 46 00 2 4514.497
2011 03 12 09 47 00 2 4514.505
2011 03 12 09 48 00 2 4514.509
2011 03 12 09 49 00 2 4514.514
2011 03 12 09 50 00 2 4514.521
2011 03 12 09 51 00 2 4514.528
2011 03 12 09 52 00 2 4514.526
2011 03 12 09 53 00 2 4514.531
2011 03 12 09 54 00 2 4514.527
2011 03 12 09 55 00 2 4514.519
2011 03 12 09 56 00 2 4514.523
2011 03 12 09 57 00 2 4514.533
2011 03 12 09 58 00 2 4514.538
2011 03 12 09 59 00 2 4514.544
2011 03 12 10 00 00 1 9999.000
2011 03 12 10 00 00 2 4514.554
2011 03 12 10 01 00 2 4514.558
2011 03 12 10 02 00 2 4514.549
2011 03 12 10 03 00 2 4514.549
2011 03 12 10 04 00 2 4514.549
2011 03 12 10 05 00 2 4514.551
2011 03 12 10 06 00 2 4514.550
2011 03 12 10 07 00 2 4514.544
2011 03 12 10 08 00 2 4514.547
2011 03 12 10 09 00 2 4514.543
2011 03 12 10 10 00 2 4514.541
2011 03 12 10 11 00 2 4514.551
2011 03 12 10 12 00 2 4514.550
2011 03 12 10 13 00 2 4514.552
2011 03 12 10 14 00 2 4514.567
2011 03 12 10 15 00 1 9999.000
2011 03 12 10 15 00 2 4514.572
2011 03 12 10 16 00 2 4514.576
2011 03 12 10 17 00 2 4514.583
2011 03 12 10 18 00 2 4514.590
2011 03 12 10 19 00 2 4514.594
2011 03 12 10 20 00 2 4514.604
2011 03 12 10 21 00 2 4514.604
2011 03 12 10 22 00 2 4514.603
2011 03 12 10 23 00 2 4514.604
2011 03 12 10 24 00 2 4514.606
2011 03 12 10 25 00 2 4514.610
2011 03 12 10 26 00 2 4514.609
2011 03 12 10 27 00 2 4514.612
2011 03 12 10 28 00 2 4514.611
2011 03 12 10 29 00 2 4514.610
2011 03 12 10 30 00 1 9999.000
2011 03 12 10 30 00 2 4514.617
2011 03 12 10 31 00 2 4514.618
2011 03 12 10 32 00 2 4514.616
2011 03 12 10 33 00 2 4514.630
2011 03 12 10 34 00 2 4514.634
2011 03 12 10 35 00 2 4514.633
2011 03 12 10 36 00 2 4514.648
2011 03 12 10 37 00 2 4514.652
2011 03 12 10 38 00 2 4514.641
2011 03 12 10 39 00 2 4514.649
2011 03 12 10 40 00 2 4514.653
2011 03 12 10 41 00 2 4514.652
2011 03 12 10 42 00 2 4514.651
2011 03 12 10 43 00 2 4514.653
2011 03 12 10 44 00 2 4514.667
2011 03 12 10 45 00 1 9999.000
2011 03 12 10 45 00 2 4514.669
2011 03 12 10 46 00 2 4514.666
2011 03 12 10 47 00 2 4514.661
2011 03 12 10 48 00 2 4514.673
2011 03 12 10 49 00 2 4514.678
2011 03 12 10 50 00 2 4514.669
2011 03 12 10 51 00 2 4514.684
2011 03 12 10 52 00 2 4514.692
2011 03 12 10 53 00 2 4514.691
2011 03 12 10 54 00 2 4514.694
2011 03 12 10 55 00 2 4514.702
2011 03 12 10 56 00 2 4514.718
2011 03 12 10 57 00 2 4514.720
2011 03 12 10 58 00 2 4514.716
2011 03 12 10 59 00 2 4514.728
2011 03 12 11 00 00 1 9999.000
2011 03 12 11 00 00 2 4514.731
2011 03 12 11 01 00 2 4514.725
2011 03 12 11 02 00 2 4514.740
2011 03 12 11 03 00 2 4514.750
2011 03 12 11 04 00 2 4514.754
2011 03 12 11 05 00 2 4514.755
2011 03 12 11 06 00 2 4514.760
2011 03 12 11 07 00 2 4514.761
2011 03 12 11 08 00 2 4514.759
2011 03 12 11 09 00 2 4514.759
2011 03 12 11 10 00 2 4514.768
2011 03 12 11 11 00 2 4514.766
2011 03 12 11 12 00 2 4514.767
2011 03 12 11 13 00 2 4514.776
2011 03 12 11 14 00 2 4514.784
2011 03 12 11 15 00 1 9999.000
2011 03 12 11 15 00 2 4514.792
2011 03 12 11 16 00 2 4514.795
2011 03 12 11 17 00 2 4514.797
2011 03 12 11 18 00 2 4514.793
2011 03 12 11 19 00 2 4514.799
2011 03 12 11 20 00 2 4514.808
2011 03 12 11 21 00 2 4514.816
2011 03 12 11 22 00 2 4514.817
2011 03 12 11 23 00 2 4514.817
2011 03 12 11 24 00 2 4514.822
2011 03 12 11 25 00 2 4514.823
2011 03 12 11 26 00 2 4514.820
2011 03 12 11 27 00 2 4514.820
2011 03 12 11 28 00 2 4514.823
2011 03 12 11 29 00 2 4514.827
2011 03 12 11 30 00 1 9999.000
2011 03 12 11 30 00 2 4514.822
2011 03 12 11 31 00 2 4514.829
2011 03 12 11 32 00 2 4514.835
2011 03 12 11 33 00 2 4514.839
2011 03 12 11 34 00 2 4514.843
2011 03 12 11 35 00 2 4514.851
2011 03 12 11 36 00 2 4514.852
2011 03 12 11 37 00 2 4514.844
2011 03 12 11 38 00 2 4514.846
2011 03 12 11 39 00 2 4514.838
2011 03 12 11 40 00 2 4514.840
2011 03 12 11 41 00 2 4514.847
2011 03 12 11 42 00 2 4514.850
2011 03 12 11 43 00 2 4514.850
2011 03 12 11 44 00 2 4514.858
2011 03 12 11 45 00 1 9999.000
2011 03 12 11 45 00 2 4514.857
2011 03 12 11 46 00 2 4514.860
2011 03 12 11 47 00 2 4514.877
2011 03 12 11 48 00 2 4514.882
2011 03 12 11 49 00 2 4514.887
2011 03 12 11 50 00 2 4514.898
2011 03 12 11 51 00 2 4514.911
2011 03 12 11 52 00 2 4514.911
2011 03 12 11 53 00 2 4514.916
2011 03 12 11 54 00 2 4514.924
2011 03 12 11 55 00 2 4514.926
2011 03 12 11 56 00 2 4514.933
2011 03 12 11 57 00 2 4514.935
2011 03 12 11 58 00 2 4514.936
2011 03 12 11 59 00 2 4514.934
2011 03 12 12 00 00 1 9999.000
2011 03 12 12 00 00 2 4514.937
2011 03 12 12 01 00 2 4514.944
2011 03 12 12 02 00 2 4514.938
2011 03 12 12 03 00 2 4514.937
2011 03 12 12 04 00 2 4514.956
2011 03 12 12 05 00 2 4514.959
2011 03 12 12 06 00 2 4514.961
2011 03 12 12 07 00 2 4514.967
2011 03 12 12 08 00 2 4514.966
2011 03 12 12 09 00 2 4514.976
2011 03 12 12 10 00 2 4514.987
2011 03 12 12 11 00 2 4514.985
2011 03 12 12 12 00 2 4514.982
2011 03 12 12 13 00 2 4514.982
2011 03 12 12 14 00 2 4514.989
2011 03 12 12 15 00 1 9999.000
2011 03 12 12 15 00 2 4514.985
2011 03 12 12 16 00 2 4514.975
2011 03 12 12 17 00 2 4514.978
2011 03 12 12 18 00 2 4514.989
2011 03 12 12 19 00 2 4514.995
2011 03 12 12 20 00 2 4514.999
2011 03 12 12 21 00 2 4515.009
2011 03 12 12 22 00 2 4515.014
2011 03 12 12 23 00 2 4515.017
2011 03 12 12 24 00 2 4515.020
2011 03 12 12 25 00 2 4515.025
2011 03 12 12 26 00 2 4515.022
2011 03 12 12 27 00 2 4515.025
2011 03 12 12 28 00 2 4515.032
2011 03 12 12 29 00 2 4515.034
2011 03 12 12 30 00 1 9999.000
2011 03 12 12 30 00 2 4515.038
2011 03 12 12 31 00 2 4515.038
2011 03 12 12 32 00 2 4515.033
2011 03 12 12 33 00 2 4515.040
2011 03 12 12 34 00 2 4515.044
2011 03 12 12 35 00 2 4515.043
2011 03 12 12 36 00 2 4515.046
2011 03 12 12 37 00 2 4515.047
2011 03 12 12 38 00 2 4515.044
2011 03 12 12 39 00 2 4515.046
2011 03 12 12 40 00 2 4515.048
2011 03 12 12 41 00 2 4515.049
2011 03 12 12 42 00 2 4515.054
2011 03 12 12 43 00 2 4515.054
2011 03 12 12 44 00 2 4515.056
2011 03 12 12 45 00 1 9999.000
2011 03 12 12 45 00 2 4515.055
2011 03 12 12 46 00 2 4515.055
2011 03 12 12 47 00 2 4515.066
2011 03 12 12 48 00 2 4515.075
2011 03 12 12 49 00 2 4515.067
2011 03 12 12 50 00 2 4515.070
2011 03 12 12 51 00 2 4515.085
2011 03 12 12 52 00 2 4515.079
2011 03 12 12 53 00 2 4515.088
2011 03 12 12 54 00 2 4515.096
2011 03 12 12 55 00 2 4515.096
2011 03 12 12 56 00 2 4515.098
2011 03 12 12 57 00 2 4515.091
2011 03 12 12 58 00 2 4515.088
2011 03 12 12 59 00 2 4515.084
2011 03 12 13 00 00 1 9999.000
2011 03 12 13 15 00 1 4515.143
2011 03 12 13 30 00 1 4515.156
2011 03 12 13 45 00 1 4515.179
2011 03 12 14 00 00 1 4515.188
2011 03 12 14 15 00 1 4515.193
2011 03 12 14 30 00 1 4515.182
2011 03 12 14 45 00 1 4515.167
2011 03 12 15 00 00 1 4515.161
2011 03 12 15 15 00 1 4515.140
2011 03 12 15 30 00 1 4515.123
2011 03 12 15 45 00 1 4515.054
2011 03 12 16 00 00 1 4515.036
2011 03 12 16 15 00 1 4514.974
2011 03 12 16 30 00 1 4514.915
2011 03 12 16 45 00 1 4514.859
2011 03 12 17 00 00 1 4514.781
2011 03 12 17 15 00 1 4514.723
2011 03 12 17 30 00 1 4514.647
2011 03 12 17 45 00 1 4514.573
2011 03 12 18 00 00 1 4514.495
2011 03 12 18 15 00 1 4514.423
2011 03 12 18 30 00 1 4514.341
2011 03 12 18 45 00 1 4514.265
2011 03 12 19 00 00 1 4514.189
2011 03 12 19 15 00 1 4514.129
2011 03 12 19 30 00 1 4514.068
2011 03 12 19 45 00 1 4514.005
2011 03 12 20 00 00 1 4513.941
2011 03 12 20 15 00 1 4513.880
2011 03 12 20 30 00 1 4513.836
2011 03 12 20 45 00 1 4513.783
2011 03 12 21 00 00 1 4513.752
2011 03 12 21 00 00 2 4513.751
2011 03 12 21 01 00 2 4513.751
2011 03 12 21 02 00 2 4513.744
2011 03 12 21 03 00 2 4513.744
2011 03 12 21 04 00 2 4513.750
2011 03 12 21 05 00 2 4513.750
2011 03 12 21 06 00 2 4513.745
2011 03 12 21 07 00 2 4513.740
2011 03 12 21 08 00 2 4513.737
2011 03 12 21 09 00 2 4513.736
2011 03 12 21 10 00 2 4513.737
2011 03 12 21 11 00 2 4513.732
2011 03 12 21 12 00 2 4513.725
2011 03 12 21 13 00 2 4513.725
2011 03 12 21 14 00 2 4513.730
2011 03 12 21 15 00 1 4513.729
2011 03 12 21 15 00 2 4513.724
2011 03 12 21 16 00 2 4513.716
2011 03 12 21 17 00 2 4513.725
2011 03 12 21 18 00 2 4513.725
2011 03 12 21 19 00 2 4513.728
2011 03 12 21 20 00 2 4513.730
2011 03 12 21 21 00 2 4513.727
2011 03 12 21 22 00 2 4513.724
2011 03 12 21 23 00 2 4513.717
2011 03 12 21 24 00 2 4513.714
2011 03 12 21 25 00 2 4513.712
2011 03 12 21 26 00 2 4513.710
2011 03 12 21 27 00 2 4513.704
2011 03 12 21 28 00 2 4513.699
2011 03 12 21 29 00 2 4513.696
2011 03 12 21 30 00 1 4513.696
2011 03 12 21 30 00 2 4513.699
2011 03 12 21 31 00 2 4513.700
2011 03 12 21 32 00 2 4513.693
2011 03 12 21 33 00 2 4513.693
2011 03 12 21 34 00 2 4513.693
2011 03 12 21 35 00 2 4513.696
2011 03 12 21 36 00 2 4513.701
2011 03 12 21 37 00 2 4513.694
2011 03 12 21 38 00 2 4513.686
2011 03 12 21 39 00 2 4513.687
2011 03 12 21 40 00 2 4513.689
2011 03 12 21 41 00 2 4513.690
2011 03 12 21 42 00 2 4513.682
2011 03 12 21 43 00 2 4513.676
2011 03 12 21 44 00 2 4513.681
2011 03 12 21 45 00 1 4513.683
2011 03 12 21 45 00 2 4513.684
2011 03 12 21 46 00 2 4513.686
2011 03 12 21 47 00 2 4513.686
2011 03 12 21 48 00 2 4513.689
2011 03 12 21 49 00 2 4513.693
2011 03 12 21 50 00 2 4513.695
2011 03 12 21 51 00 2 4513.697
2011 03 12 21 52 00 2 4513.697
2011 03 12 21 53 00 2 4513.691
2011 03 12 21 54 00 2 4513.693
2011 03 12 21 55 00 2 4513.693
2011 03 12 21 56 00 2 4513.689
2011 03 12 21 57 00 2 4513.688
2011 03 12 21 58 00 2 4513.694
2011 03 12 21 59 00 2 4513.687
2011 03 12 22 00 00 1 4513.680
2011 03 12 22 00 00 2 4513.680
2011 03 12 22 01 00 2 4513.684
2011 03 12 22 02 00 2 4513.683
2011 03 12 22 03 00 2 4513.685
2011 03 12 22 04 00 2 4513.678
2011 03 12 22 05 00 2 4513.675
2011 03 12 22 06 00 2 4513.678
2011 03 12 22 07 00 2 4513.672
2011 03 12 22 08 00 2 4513.669
2011 03 12 22 09 00 2 4513.669
2011 03 12 22 10 00 2 4513.674
2011 03 12 22 11 00 2 4513.677
2011 03 12 22 12 00 2 4513.679
2011 03 12 22 13 00 2 4513.678
2011 03 12 22 14 00 2 4513.683
2011 03 12 22 15 00 1 9999.000
2011 03 12 22 15 00 2 4513.687
2011 03 12 22 16 00 2 4513.688
2011 03 12 22 17 00 2 4513.695
2011 03 12 22 18 00 2 4513.700
2011 03 12 22 19 00 2 4513.704
2011 03 12 22 20 00 2 4513.708
2011 03 12 22 21 00 2 4513.708
2011 03 12 22 22 00 2 4513.706
2011 03 12 22 23 00 2 4513.710
2011 03 12 22 24 00 2 4513.717
2011 03 12 22 25 00 2 4513.720
2011 03 12 22 26 00 2 4513.717
2011 03 12 22 27 00 2 4513.720
2011 03 12 22 28 00 2 4513.719
2011 03 12 22 29 00 2 4513.716
2011 03 12 22 30 00 1 9999.000
2011 03 12 22 30 00 2 4513.713
2011 03 12 22 31 00 2 4513.711
2011 03 12 22 32 00 2 4513.709
2011 03 12 22 33 00 2 4513.705
2011 03 12 22 34 00 2 4513.699
2011 03 12 22 34 30 3 4513.698
2011 03 12 22 34 45 3 4513.695
2011 03 12 22 35 00 2 4513.690
2011 03 12 22 35 00 3 4513.692
2011 03 12 22 35 15 3 4513.691
2011 03 12 22 35 30 3 4513.690
2011 03 12 22 35 45 3 4513.690
2011 03 12 22 36 00 2 4513.691
2011 03 12 22 36 00 3 4513.690
2011 03 12 22 36 15 3 4513.691
2011 03 12 22 36 30 3 4513.692
2011 03 12 22 36 45 3 4513.690
2011 03 12 22 37 00 2 4513.689
2011 03 12 22 37 00 3 4513.689
2011 03 12 22 37 15 3 4513.689
2011 03 12 22 37 30 3 4513.689
2011 03 12 22 37 45 3 4513.689
2011 03 12 22 38 00 2 4513.687
2011 03 12 22 38 00 3 4513.689
2011 03 12 22 38 15 3 4513.688
2011 03 12 22 39 00 2 4513.680
2011 03 12 22 40 00 2 4513.681
2011 03 12 22 41 00 2 4513.684
2011 03 12 22 42 00 2 4513.682
2011 03 12 22 43 00 2 4513.685
2011 03 12 22 44 00 2 4513.680
2011 03 12 22 45 00 1 9999.000
2011 03 12 22 45 00 2 4513.678
2011 03 12 22 46 00 2 4513.682
2011 03 12 22 47 00 2 4513.688
2011 03 12 22 48 00 2 4513.687
2011 03 12 22 49 00 2 4513.687
2011 03 12 22 50 00 2 4513.683
2011 03 12 22 51 00 2 4513.687
2011 03 12 22 52 00 2 4513.689
2011 03 12 22 53 00 2 4513.686
2011 03 12 22 54 00 2 4513.697
2011 03 12 22 55 00 2 4513.702
2011 03 12 22 56 00 2 4513.701
2011 03 12 22 57 00 2 4513.703
2011 03 12 22 58 00 2 4513.708
2011 03 12 22 59 00 2 4513.707
2011 03 12 23 00 00 1 9999.000
2011 03 12 23 00 00 2 4513.708
2011 03 12 23 01 00 2 4513.706
2011 03 12 23 02 00 2 4513.703
2011 03 12 23 03 00 2 4513.704
2011 03 12 23 04 00 2 4513.704
2011 03 12 23 05 00 2 4513.707
2011 03 12 23 06 00 2 4513.707
2011 03 12 23 07 00 2 4513.711
2011 03 12 23 08 00 2 4513.720
2011 03 12 23 09 00 2 4513.724
2011 03 12 23 10 00 2 4513.725
2011 03 12 23 11 00 2 4513.724
2011 03 12 23 12 00 2 4513.722
2011 03 12 23 13 00 2 4513.729
2011 03 12 23 14 00 2 4513.735
2011 03 12 23 15 00 1 9999.000
2011 03 12 23 15 00 2 4513.735
2011 03 12 23 16 00 2 4513.746
2011 03 12 23 17 00 2 4513.746
2011 03 12 23 18 00 2 4513.748
2011 03 12 23 19 00 2 4513.743
2011 03 12 23 20 00 2 4513.743
2011 03 12 23 21 00 2 4513.749
2011 03 12 23 22 00 2 4513.749
2011 03 12 23 23 00 2 4513.749
2011 03 12 23 24 00 2 4513.749
2011 03 12 23 25 00 2 4513.750
2011 03 12 23 26 00 2 4513.756
2011 03 12 23 27 00 2 4513.756
2011 03 12 23 28 00 2 4513.755
2011 03 12 23 29 00 2 4513.757
2011 03 12 23 30 00 1 9999.000
2011 03 12 23 30 00 2 4513.758
2011 03 12 23 31 00 2 4513.757
2011 03 12 23 32 00 2 4513.757
2011 03 12 23 33 00 2 4513.754
2011 03 12 23 34 00 2 4513.755
2011 03 12 23 35 00 2 4513.752
2011 03 12 23 36 00 2 4513.751
2011 03 12 23 37 00 2 4513.750
2011 03 12 23 38 00 2 4513.754
2011 03 12 23 39 00 2 4513.756
2011 03 12 23 40 00 2 4513.756
2011 03 12 23 41 00 2 4513.762
2011 03 12 23 42 00 2 4513.767
2011 03 12 23 43 00 2 4513.770
2011 03 12 23 44 00 2 4513.772
2011 03 12 23 45 00 1 9999.000
2011 03 12 23 45 00 2 4513.778
2011 03 12 23 46 00 2 4513.784
2011 03 12 23 47 00 2 4513.790
2011 03 12 23 48 00 2 4513.790
2011 03 12 23 49 00 2 4513.797
2011 03 12 23 50 00 2 4513.803
2011 03 12 23 51 00 2 4513.806
2011 03 12 23 52 00 2 4513.811
2011 03 12 23 53 00 2 4513.813
2011 03 12 23 54 00 2 4513.813
2011 03 12 23 55 00 2 4513.818
2011 03 12 23 56 00 2 4513.823
2011 03 12 23 57 00 2 4513.821
2011 03 12 23 58 00 2 4513.819
2011 03 12 23 59 00 2 4513.823
2011 03 13 00 00 00 1 9999.000
2011 03 13 00 00 00 2 4513.819
2011 03 13 00 00 15 2 4513.819
2011 03 13 00 01 00 2 4513.817
2011 03 13 00 01 15 2 4513.817
2011 03 13 00 02 00 2 4513.816
2011 03 13 00 02 15 2 4513.816
2011 03 13 00 03 00 2 4513.819
2011 03 13 00 03 15 2 4513.819
2011 03 13 00 04 00 2 4513.819
2011 03 13 00 04 15 2 4513.819
2011 03 13 00 05 00 2 4513.821
2011 03 13 00 05 15 2 4513.821
2011 03 13 00 06 00 2 4513.828
2011 03 13 00 06 15 2 4513.828
2011 03 13 00 07 00 2 4513.834
2011 03 13 00 07 15 2 4513.834
2011 03 13 00 08 00 2 4513.835
2011 03 13 00 08 15 2 4513.835
2011 03 13 00 09 00 2 4513.840
2011 03 13 00 09 15 2 4513.840
2011 03 13 00 10 00 2 4513.841
2011 03 13 00 10 15 2 4513.841
2011 03 13 00 11 00 2 4513.841
2011 03 13 00 11 15 2 4513.841
2011 03 13 00 12 00 2 4513.846
2011 03 13 00 12 15 2 4513.846
2011 03 13 00 13 00 2 4513.848
2011 03 13 00 13 15 2 4513.848
2011 03 13 00 14 00 2 4513.848
2011 03 13 00 14 15 2 4513.848
2011 03 13 00 15 00 1 9999.000
2011 03 13 00 15 00 2 4513.854
2011 03 13 00 15 15 2 4513.854
2011 03 13 00 16 00 2 4513.859
2011 03 13 00 16 15 2 4513.859
2011 03 13 00 17 00 2 4513.856
2011 03 13 00 17 15 2 4513.856
2011 03 13 00 18 00 2 4513.855
2011 03 13 00 18 15 2 4513.855
2011 03 13 00 19 00 2 4513.858
2011 03 13 00 19 15 2 4513.858
2011 03 13 00 20 00 2 4513.857
2011 03 13 00 20 15 2 4513.857
2011 03 13 00 21 00 2 4513.860
2011 03 13 00 21 15 2 4513.860
2011 03 13 00 22 00 2 4513.866
2011 03 13 00 22 15 2 4513.866
2011 03 13 00 23 00 2 4513.874
2011 03 13 00 23 15 2 4513.874
2011 03 13 00 24 00 2 4513.876
2011 03 13 00 24 15 2 4513.876
2011 03 13 00 25 00 2 4513.875
2011 03 13 00 25 15 2 4513.875
2011 03 13 00 26 00 2 4513.877
2011 03 13 00 26 15 2 4513.877
2011 03 13 00 27 00 2 4513.882
2011 03 13 00 27 15 2 4513.882
2011 03 13 00 28 00 2 4513.887
2011 03 13 00 28 15 2 4513.887
2011 03 13 00 29 00 2 4513.892
2011 03 13 00 29 15 2 4513.892
2011 03 13 00 30 00 1 9999.000
2011 03 13 00 30 00 2 4513.898
2011 03 13 00 30 15 2 4513.898
2011 03 13 00 31 00 2 4513.901
2011 03 13 00 31 15 2 4513.901
2011 03 13 00 32 00 2 4513.904
2011 03 13 00 32 15 2 4513.904
2011 03 13 00 33 00 2 4513.913
2011 03 13 00 33 15 2 4513.913
2011 03 13 00 34 00 2 4513.918
2011 03 13 00 34 15 2 4513.918
2011 03 13 00 35 00 2 4513.920
2011 03 13 00 35 15 2 4513.920
2011 03 13 00 36 00 2 4513.922
2011 03 13 00 36 15 2 4513.922
2011 03 13 00 37 00 2 4513.928
2011 03 13 00 37 15 2 4513.928
2011 03 13 00 38 00 2 4513.932
2011 03 13 00 38 15 2 4513.932
2011 03 13 00 39 00 2 4513.930
2011 03 13 00 39 15 2 4513.930
2011 03 13 00 40 00 2 4513.935
2011 03 13 00 40 15 2 4513.935
2011 03 13 00 41 00 2 4513.940
2011 03 13 00 41 15 2 4513.940
2011 03 13 00 42 00 2 4513.937
2011 03 13 00 42 15 2 4513.937
2011 03 13 00 43 00 2 4513.941
2011 03 13 00 43 15 2 4513.941
2011 03 13 00 44 00 2 4513.945
2011 03 13 00 44 15 2 4513.945
2011 03 13 00 45 00 1 9999.000
2011 03 13 00 45 00 2 4513.947
2011 03 13 00 45 15 2 4513.947
2011 03 13 00 46 00 2 4513.948
2011 03 13 00 46 15 2 4513.948
2011 03 13 00 47 00 2 4513.951
2011 03 13 00 47 15 2 4513.951
2011 03 13 00 48 00 2 4513.953
2011 03 13 00 48 15 2 4513.953
2011 03 13 00 49 00 2 4513.957
2011 03 13 00 49 15 2 4513.957
2011 03 13 00 50 00 2 4513.960
2011 03 13 00 50 15 2 4513.960
2011 03 13 00 51 00 2 4513.963
2011 03 13 00 51 15 2 4513.963
2011 03 13 00 52 00 2 4513.967
2011 03 13 00 52 15 2 4513.967
2011 03 13 00 53 00 2 4513.971
2011 03 13 00 53 15 2 4513.971
2011 03 13 00 54 00 2 4513.973
2011 03 13 00 54 15 2 4513.973
2011 03 13 00 55 00 2 4513.974
2011 03 13 00 55 15 2 4513.974
2011 03 13 00 56 00 2 4513.978
2011 03 13 00 56 15 2 4513.978
2011 03 13 00 57 00 2 4513.988
2011 03 13 00 57 15 2 4513.988
2011 03 13 00 58 00 2 4513.986
2011 03 13 00 58 15 2 4513.986
2011 03 13 00 59 00 2 4513.990
2011 03 13 00 59 15 2 4513.990
2011 03 13 01 00 00 1 9999.000
2011 03 13 01 00 00 2 4513.992
2011 03 13 01 00 15 2 4513.992
2011 03 13 01 01 00 2 4513.988
2011 03 13 01 01 15 2 4513.988
2011 03 13 01 02 00 2 4513.989
2011 03 13 01 02 15 2 4513.989
2011 03 13 01 03 00 2 4513.987
2011 03 13 01 03 15 2 4513.987
2011 03 13 01 04 00 2 4513.985
2011 03 13 01 04 15 2 4513.985
2011 03 13 01 05 00 2 4513.988
2011 03 13 01 05 15 2 4513.988
2011 03 13 01 06 00 2 4513.996
2011 03 13 01 06 15 2 4513.996
2011 03 13 01 07 00 2 4514.010
2011 03 13 01 07 15 2 4514.010
2011 03 13 01 08 00 2 4514.013
2011 03 13 01 08 15 2 4514.013
2011 03 13 01 09 00 2 4514.018
2011 03 13 01 09 15 2 4514.018
2011 03 13 01 10 00 2 4514.023
2011 03 13 01 10 15 2 4514.023
2011 03 13 01 11 00 2 4514.025
2011 03 13 01 11 15 2 4514.025
2011 03 13 01 12 00 2 4514.024
2011 03 13 01 12 15 2 4514.024
2011 03 13 01 13 00 2 4514.029
2011 03 13 01 13 15 2 4514.029
2011 03 13 01 14 00 2 4514.031
2011 03 13 01 14 15 2 4514.031
2011 03 13 01 15 00 1 9999.000
2011 03 13 01 15 00 2 4514.031
2011 03 13 01 15 15 2 4514.031
2011 03 13 01 16 00 2 4514.041
2011 03 13 01 16 15 2 4514.041
2011 03 13 01 17 00 2 4514.052
2011 03 13 01 17 15 2 4514.052
2011 03 13 01 18 00 2 4514.060
2011 03 13 01 18 15 2 4514.060
2011 03 13 01 19 00 2 4514.058
2011 03 13 01 19 15 2 4514.058
2011 03 13 01 20 00 2 4514.055
2011 03 13 01 20 15 2 4514.055
2011 03 13 01 21 00 2 4514.058
2011 03 13 01 21 15 2 4514.058
2011 03 13 01 22 00 2 4514.059
2011 03 13 01 22 15 2 4514.059
2011 03 13 01 23 00 2 4514.067
2011 03 13 01 23 15 2 4514.067
2011 03 13 01 24 00 2 4514.070
2011 03 13 01 24 15 2 4514.070
2011 03 13 01 25 00 2 4514.074
2011 03 13 01 25 15 2 4514.074
2011 03 13 01 26 00 2 4514.074
2011 03 13 01 26 15 2 4514.074
2011 03 13 01 27 00 2 4514.074
2011 03 13 01 27 15 2 4514.074
2011 03 13 01 28 00 2 4514.076
2011 03 13 01 28 15 2 4514.076
2011 03 13 01 29 00 2 4514.079
2011 03 13 01 29 15 2 4514.079
2011 03 13 01 30 00 1 9999.000
2011 03 13 01 30 00 2 4514.082
2011 03 13 01 30 15 2 4514.082
2011 03 13 01 31 00 2 4514.085
2011 03 13 01 31 15 2 4514.085
2011 03 13 01 32 00 2 4514.086
2011 03 13 01 32 15 2 4514.086
2011 03 13 01 33 00 2 4514.091
2011 03 13 01 33 15 2 4514.091
2011 03 13 01 34 00 2 4514.099
2011 03 13 01 34 15 2 4514.099
2011 03 13 01 35 00 2 4514.107
2011 03 13 01 35 15 2 4514.107
2011 03 13 01 36 00 2 4514.110
2011 03 13 01 36 15 2 4514.110
2011 03 13 01 37 00 2 4514.114
2011 03 13 01 37 15 2 4514.114
2011 03 13 01 38 15 2 4514.119
2011 03 13 01 39 15 2 4514.125
2011 03 13 01 40 15 2 4514.126
2011 03 13 01 41 15 2 4514.131
2011 03 13 01 42 15 2 4514.135
2011 03 13 01 43 15 2 4514.132
2011 03 13 01 44 15 2 4514.129
2011 03 13 01 45 00 1 9999.000
2011 03 13 01 45 15 2 4514.130
2011 03 13 01 46 15 2 4514.123
2011 03 13 01 47 15 2 4514.122
2011 03 13 01 48 15 2 4514.126
2011 03 13 01 49 15 2 4514.123
2011 03 13 01 50 15 2 4514.119
2011 03 13 01 51 15 2 4514.124
2011 03 13 01 52 15 2 4514.128
2011 03 13 01 53 15 2 4514.133
2011 03 13 01 54 15 2 4514.134
2011 03 13 01 55 15 2 4514.139
2011 03 13 01 56 15 2 4514.141
2011 03 13 01 57 15 2 4514.143
2011 03 13 01 58 15 2 4514.147
2011 03 13 01 59 15 2 4514.152
2011 03 13 02 00 00 1 9999.000
2011 03 13 02 15 00 1 4514.203
2011 03 13 02 30 00 1 4514.252
2011 03 13 02 45 00 1 4514.281
2011 03 13 03 00 00 1 4514.340
2011 03 13 03 15 00 1 4514.345
2011 03 13 03 30 00 1 4514.377
2011 03 13 03 45 00 1 4514.424
2011 03 13 04 00 00 1 4514.418
2011 03 13 04 15 00 1 4514.460
2011 03 13 04 30 00 1 4514.464
2011 03 13 04 45 00 1 4514.465
2011 03 13 05 00 00 1 4514.483
2011 03 13 05 15 00 1 4514.479
2011 03 13 05 30 00 1 4514.486
2011 03 13 05 45 00 1 4514.489
2011 03 13 06 00 00 1 4514.498
2011 03 13 06 15 00 1 4514.480
2011 03 13 06 30 00 1 4514.464
2011 03 13 06 45 00 1 4514.494
2011 03 13 07 00 00 1 4514.457
2011 03 13 07 15 00 1 4514.466
2011 03 13 07 30 00 1 4514.446
2011 03 13 07 45 00 1 4514.449
2011 03 13 08 00 00 1 4514.424
2011 03 13 08 15 00 1 4514.441
2011 03 13 08 30 00 1 4514.432
2011 03 13 08 45 00 1 4514.459
2011 03 13 09 00 00 1 4514.459
2011 03 13 09 15 00 1 4514.469
2011 03 13 09 30 00 1 4514.503
2011 03 13 09 45 00 1 4514.506
2011 03 13 10 00 00 1 4514.518
2011 03 13 10 15 00 1 4514.531
2011 03 13 10 30 00 1 4514.562
2011 03 13 10 45 00 1 4514.592
2011 03 13 11 00 00 1 4514.621
2011 03 13 11 15 00 1 4514.641
2011 03 13 11 30 00 1 4514.696
2011 03 13 11 45 00 1 4514.728
2011 03 13 12 00 00 1 4514.756
2011 03 13 12 15 00 1 4514.821
2011 03 13 12 30 00 1 4514.853
2011 03 13 12 45 00 1 4514.883
2011 03 13 13 00 00 1 4514.927
2011 03 13 13 15 00 1 4514.966
2011 03 13 13 30 00 1 4514.997
2011 03 13 13 45 00 1 4515.030
2011 03 13 14 00 00 1 4515.049
2011 03 13 14 15 00 1 4515.089
2011 03 13 14 30 00 1 4515.109
2011 03 13 14 45 00 1 4515.113
2011 03 13 15 00 00 1 4515.125
2011 03 13 15 15 00 1 4515.127
2011 03 13 15 30 00 1 4515.144
2011 03 13 15 45 00 1 4515.117
2011 03 13 16 00 00 1 4515.119
2011 03 13 16 15 00 1 4515.096
2011 03 13 16 30 00 1 4515.071
2011 03 13 16 45 00 1 4515.029
2011 03 13 17 00 00 1 4515.001
2011 03 13 17 15 00 1 4514.963
2011 03 13 17 30 00 1 4514.898
2011 03 13 17 45 00 1 4514.869
2011 03 13 18 00 00 1 4514.792
2011 03 13 18 15 00 1 4514.734
2011 03 13 18 30 00 1 4514.675
2011 03 13 18 45 00 1 4514.606
2011 03 13 19 00 00 1 4514.522
2011 03 13 19 15 00 1 4514.464
2011 03 13 19 30 00 1 4514.395
2011 03 13 19 45 00 1 4514.317
2011 03 13 20 00 00 1 4514.236
2011 03 13 20 15 00 1 4514.167
2011 03 13 20 30 00 1 4514.101
2011 03 13 20 45 00 1 4514.046
2011 03 13 21 00 00 1 4513.966
2011 03 13 21 15 00 1 4513.927
2011 03 13 21 30 00 1 4513.857
2011 03 13 21 45 00 1 4513.819
2011 03 13 22 00 00 1 4513.763
2011 03 13 22 15 00 1 4513.725
2011 03 13 22 30 00 1 4513.704
2011 03 13 22 45 00 1 4513.666
2011 03 13 23 00 00 1 4513.644
2011 03 13 23 15 00 1 4513.651
2011 03 13 23 30 00 1 4513.650
2011 03 13 23 45 00 1 4513.636
2011 03 14 00 00 00 1 4513.644
2011 03 14 00 15 00 1 4513.651
2011 03 14 00 30 00 1 4513.667
2011 03 14 00 45 00 1 4513.693
2011 03 14 01 00 00 1 4513.726
2011 03 14 01 15 00 1 4513.750
2011 03 14 01 30 00 1 4513.801
2011 03 14 01 45 00 1 4513.839
2011 03 14 02 00 00 1 4513.881
2011 03 14 02 15 00 1 4513.928
2011 03 14 02 30 00 1 4513.985
2011 03 14 02 45 00 1 4514.017
2011 03 14 03 00 00 1 4514.076
2011 03 14 03 15 00 1 4514.123
2011 03 14 03 30 00 1 4514.189
2011 03 14 03 45 00 1 4514.230
2011 03 14 04 00 00 1 4514.276
2011 03 14 04 15 00 1 4514.322
2011 03 14 04 30 00 1 4514.368
2011 03 14 04 45 00 1 4514.398
2011 03 14 05 00 00 1 4514.427
2011 03 14 05 15 00 1 4514.465
2011 03 14 05 30 00 1 4514.492
2011 03 14 05 45 00 1 4514.516
2011 03 14 06 00 00 1 4514.531
2011 03 14 06 15 00 1 4514.557
2011 03 14 06 30 00 1 4514.568
2011 03 14 06 45 00 1 4514.579
2011 03 14 07 00 00 1 4514.581
2011 03 14 07 15 00 1 4514.595
2011 03 14 07 30 00 1 4514.585
2011 03 14 07 45 00 1 4514.590
2011 03 14 08 00 00 1 4514.578
2011 03 14 08 15 00 1 4514.574
2011 03 14 08 30 00 1 4514.572
2011 03 14 08 45 00 1 4514.561
2011 03 14 09 00 00 1 4514.552
2011 03 14 09 15 00 1 4514.550
2011 03 14 09 30 00 1 4514.550
2011 03 14 09 45 00 1 4514.538
2011 03 14 10 00 00 1 4514.530
2011 03 14 10 15 00 1 4514.534
2011 03 14 10 30 00 1 4514.533
2011 03 14 10 45 00 1 4514.529
2011 03 14 11 00 00 1 4514.541
2011 03 14 11 15 00 1 4514.537
2011 03 14 11 30 00 1 4514.562
2011 03 14 11 45 00 1 4514.571
2011 03 14 12 00 00 1 4514.593
2011 03 14 12 15 00 1 4514.612
2011 03 14 12 30 00 1 4514.638
2011 03 14 12 45 00 1 4514.661
2011 03 14 13 00 00 1 4514.686
2011 03 14 13 15 00 1 4514.732
2011 03 14 13 30 00 1 4514.759
2011 03 14 13 45 00 1 4514.795
2011 03 14 14 00 00 1 4514.830
2011 03 14 14 15 00 1 4514.868
2011 03 14 14 30 00 1 4514.900
2011 03 14 14 45 00 1 4514.940
2011 03 14 15 00 00 1 4514.962
2011 03 14 15 15 00 1 4514.997
2011 03 14 15 30 00 1 4515.020
2011 03 14 15 45 00 1 4515.042
2011 03 14 16 00 00 1 4515.060
2011 03 14 16 15 00 1 4515.081
2011 03 14 16 30 00 1 4515.084
2011 03 14 16 45 00 1 4515.083
2011 03 14 17 00 00 1 4515.085
2011 03 14 17 15 00 1 4515.072
2011 03 14 17 30 00 1 4515.063
2011 03 14 17 45 00 1 4515.042
2011 03 14 18 00 00 1 4515.018
2011 03 14 18 15 00 1 4514.979
2011 03 14 18 30 00 1 4514.942
2011 03 14 18 45 00 1 4514.897
2011 03 14 19 00 00 1 4514.849
2011 03 14 19 15 00 1 4514.796
2011 03 14 19 30 00 1 4514.728
2011 03 14 19 45 00 1 4514.665
2011 03 14 20 00 00 1 4514.593
2011 03 14 20 15 00 1 4514.518
2011 03 14 20 30 00 1 4514.436
2011 03 14 20 45 00 1 4514.366
2011 03 14 21 00 00 1 4514.278
2011 03 14 21 15 00 1 4514.206
2011 03 14 21 30 00 1 4514.128
2011 03 14 21 45 00 1 4514.056
2011 03 14 22 00 00 1 4513.984
2011 03 14 22 15 00 1 4513.920
2011 03 14 22 30 00 1 4513.846
2011 03 14 22 45 00 1 4513.785
2011 03 14 23 00 00 1 4513.725
2011 03 14 23 15 00 1 4513.671
2011 03 14 23 30 00 1 4513.624
2011 03 14 23 45 00 1 4513.588
2011 03 15 00 00 00 1 4513.554
2011 03 15 00 15 00 1 4513.536
2011 03 15 00 30 00 1 4513.527
2011 03 15 00 45 00 1 4513.514
2011 03 15 01 00 00 1 4513.521
2011 03 15 01 15 00 1 4513.530
2011 03 15 01 30 00 1 4513.541
2011 03 15 01 45 00 1 4513.567
2011 03 15 02 00 00 1 4513.603
2011 03 15 02 15 00 1 4513.632
2011 03 15 02 30 00 1 4513.682
2011 03 15 02 45 00 1 4513.731
2011 03 15 03 00 00 1 4513.777
2011 03 15 03 15 00 1 4513.841
2011 03 15 03 30 00 1 4513.898
2011 03 15 03 45 00 1 4513.956
2011 03 15 04 00 00 1 4514.019
2011 03 15 04 15 00 1 4514.088
2011 03 15 04 30 00 1 4514.147
2011 03 15 04 45 00 1 4514.215
2011 03 15 05 00 00 1 4514.279
2011 03 15 05 15 00 1 4514.338
2011 03 15 05 30 00 1 4514.399
2011 03 15 05 45 00 1 4514.456
2011 03 15 06 00 00 1 4514.508
2011 03 15 06 15 00 1 4514.548
2011 03 15 06 30 00 1 4514.591
2011 03 15 06 45 00 1 4514.623
2011 03 15 07 00 00 1 4514.653
2011 03 15 07 15 00 1 4514.673
2011 03 15 07 30 00 1 4514.691
2011 03 15 07 45 00 1 4514.702
2011 03 15 08 00 00 1 4514.715
2011 03 15 08 15 00 1 4514.713
2011 03 15 08 30 00 1 4514.709
2011 03 15 08 45 00 1 4514.707
2011 03 15 09 00 00 1 4514.690
2011 03 15 09 15 00 1 4514.677
2011 03 15 09 30 00 1 4514.656
2011 03 15 09 45 00 1 4514.636
2011 03 15 10 00 00 1 4514.612
2011 03 15 10 15 00 1 4514.592
2011 03 15 10 30 00 1 4514.572
2011 03 15 10 45 00 1 4514.546
2011 03 15 11 00 00 1 4514.525
2011 03 15 11 15 00 1 4514.499
2011 03 15 11 30 00 1 4514.485
2011 03 15 11 45 00 1 4514.465
2011 03 15 12 00 00 1 4514.467
2011 03 15 12 15 00 1 4514.454
2011 03 15 12 30 00 1 4514.458
2011 03 15 12 45 00 1 4514.463
2011 03 15 13 00 00 1 4514.472
2011 03 15 13 15 00 1 4514.483
2011 03 15 13 30 00 1 4514.502
2011 03 15 13 45 00 1 4514.529
2011 03 15 14 00 00 1 4514.556
2011 03 15 14 15 00 1 4514.588
2011 03 15 14 30 00 1 4514.620
2011 03 15 14 45 00 1 4514.662
2011 03 15 15 00 00 1 4514.706
2011 03 15 15 15 00 1 4514.748
2011 03 15 15 30 00 1 4514.798
2011 03 15 15 45 00 1 4514.847
2011 03 15 16 00 00 1 4514.888
2011 03 15 16 15 00 1 4514.933
2011 03 15 16 30 00 1 4514.978
2011 03 15 16 45 00 1 4515.011
2011 03 15 17 00 00 1 4515.048
2011 03 15 17 15 00 1 4515.081
2011 03 15 17 30 00 1 4515.103
2011 03 15 17 45 00 1 4515.122
2011 03 15 18 00 00 1 4515.138
2011 03 15 18 15 00 1 4515.144
2011 03 15 18 30 00 1 4515.143
2011 03 15 18 45 00 1 4515.140
2011 03 15 19 00 00 1 4515.117
2011 03 15 19 15 00 1 4515.095
2011 03 15 19 30 00 1 4515.063
2011 03 15 19 45 00 1 4515.018
2011 03 15 20 00 00 1 4514.965
2011 03 15 20 15 00 1 4514.909
2011 03 15 20 30 00 1 4514.840
2011 03 15 20 45 00 1 4514.764
2011 03 15 21 00 00 1 4514.686
2011 03 15 21 15 00 1 4514.603
2011 03 15 21 30 00 1 4514.516
2011 03 15 21 45 00 1 4514.431
2011 03 15 22 00 00 1 4514.338
2011 03 15 22 15 00 1 4514.245
2011 03 15 22 30 00 1 4514.154
2011 03 15 22 45 00 1 4514.067
2011 03 15 23 00 00 1 4513.976
2011 03 15 23 15 00 1 4513.889
2011 03 15 23 30 00 1 4513.804
2011 03 15 23 45 00 1 4513.725
2011 03 16 00 00 00 1 4513.651
2011 03 16 00 15 00 1 4513.590
2011 03 16 00 30 00 1 4513.538
2011 03 16 00 45 00 1 4513.488
2011 03 16 01 00 00 1 4513.452
2011 03 16 01 15 00 1 4513.426
2011 03 16 01 30 00 1 4513.406
2011 03 16 01 45 00 1 4513.399
2011 03 16 02 00 00 1 4513.406
2011 03 16 02 15 00 1 4513.421
2011 03 16 02 30 00 1 4513.446
2011 03 16 02 45 00 1 4513.481
2011 03 16 03 00 00 1 4513.521
2011 03 16 03 15 00 1 4513.577
2011 03 16 03 30 00 1 4513.638
2011 03 16 03 45 00 1 4513.701
2011 03 16 04 00 00 1 4513.771
2011 03 16 04 15 00 1 4513.848
2011 03 16 04 30 00 1 4513.928
2011 03 16 04 45 00 1 4514.010
2011 03 16 05 00 00 1 4514.095
2011 03 16 05 15 00 1 4514.178
2011 03 16 05 30 00 1 4514.262
2011 03 16 05 45 00 1 4514.344
2011 03 16 06 00 00 1 4514.428
2011 03 16 06 15 00 1 4514.501
2011 03 16 06 30 00 1 4514.568
2011 03 16 06 45 00 1 4514.639
2011 03 16 07 00 00 1 4514.692
2011 03 16 07 15 00 1 4514.750
2011 03 16 07 30 00 1 4514.790
2011 03 16 07 45 00 1 4514.820
2011 03 16 08 00 00 1 4514.848
2011 03 16 08 15 00 1 4514.872
2011 03 16 08 30 00 1 4514.875
2011 03 16 08 45 00 1 4514.875
2011 03 16 09 00 00 1 4514.871
2011 03 16 09 15 00 1 4514.856
2011 03 16 09 30 00 1 4514.834
2011 03 16 09 45 00 1 4514.805
2011 03 16 10 00 00 1 4514.771
2011 03 16 10 15 00 1 4514.733
2011 03 16 10 30 00 1 4514.693
2011 03 16 10 45 00 1 4514.647
2011 03 16 11 00 00 1 4514.599
2011 03 16 11 15 00 1 4514.552
2011 03 16 11 30 00 1 4514.498
2011 03 16 11 45 00 1 4514.456
2011 03 16 12 00 00 1 4514.412
2011 03 16 12 15 00 1 4514.367
2011 03 16 12 30 00 1 4514.336
2011 03 16 12 45 00 1 4514.305
2011 03 16 13 00 00 1 4514.278
2011 03 16 13 15 00 1 4514.261
2011 03 16 13 30 00 1 4514.253
2011 03 16 13 45 00 1 4514.252
2011 03 16 14 00 00 1 4514.258
2011 03 16 14 15 00 1 4514.273
2011 03 16 14 30 00 1 4514.292
2011 03 16 14 45 00 1 4514.319
2011 03 16 15 00 00 1 4514.360
2011 03 16 15 15 00 1 4514.400
2011 03 16 15 30 00 1 4514.449
2011 03 16 15 45 00 1 4514.506
2011 03 16 16 00 00 1 4514.563
2011 03 16 16 15 00 1 4514.628
2011 03 16 16 30 00 1 4514.688
2011 03 16 16 45 00 1 4514.755
2011 03 16 17 00 00 1 4514.824
2011 03 16 17 15 00 1 4514.889
2011 03 16 17 30 00 1 4514.951
2011 03 16 17 45 00 1 4515.012
2011 03 16 18 00 00 1 4515.069
2011 03 16 18 15 00 1 4515.117
2011 03 16 18 30 00 1 4515.168
2011 03 16 18 45 00 1 4515.202
2011 03 16 19 00 00 1 4515.233
2011 03 16 19 15 00 1 4515.254
2011 03 16 19 30 00 1 4515.260
2011 03 16 19 45 00 1 4515.260
2011 03 16 20 00 00 1 4515.246
2011 03 16 20 15 00 1 4515.222
2011 03 16 20 30 00 1 4515.186
2011 03 16 20 45 00 1 4515.142
2011 03 16 21 00 00 1 4515.084
2011 03 16 21 15 00 1 4515.018
2011 03 16 21 30 00 1 4514.944
2011 03 16 21 45 00 1 4514.854
2011 03 16 22 00 00 1 4514.766
2011 03 16 22 15 00 1 4514.667
2011 03 16 22 30 00 1 4514.561
2011 03 16 22 45 00 1 4514.458
2011 03 16 23 00 00 1 4514.346
2011 03 16 23 15 00 1 4514.235
2011 03 16 23 30 00 1 4514.125
2011 03 16 23 45 00 1 4514.019
2011 03 17 00 00 00 1 4513.908
2011 03 17 00 15 00 1 4513.806
2011 03 17 00 30 00 1 4513.711
2011 03 17 00 45 00 1 4513.620
2011 03 17 01 00 00 1 4513.547
2011 03 17 01 15 00 1 4513.476
2011 03 17 01 30 00 1 4513.417
2011 03 17 01 45 00 1 4513.372
2011 03 17 02 00 00 1 4513.337
2011 03 17 02 15 00 1 4513.317
2011 03 17 02 30 00 1 4513.306
2011 03 17 02 45 00 1 4513.306
2011 03 17 03 00 00 1 4513.321
2011 03 17 03 15 00 1 4513.350
2011 03 17 03 30 00 1 4513.388
2011 03 17 03 45 00 1 4513.443
2011 03 17 04 00 00 1 4513.502
2011 03 17 04 15 00 1 4513.577
2011 03 17 04 30 00 1 4513.657
2011 03 17 04 45 00 1 4513.744
2011 03 17 05 00 00 1 4513.840
2011 03 17 05 15 00 1 4513.935
2011 03 17 05 30 00 1 4514.042
2011 03 17 05 45 00 1 4514.145
2011 03 17 06 00 00 1 4514.250
2011 03 17 06 15 00 1 4514.351
2011 03 17 06 30 00 1 4514.451
2011 03 17 06 45 00 1 4514.547
2011 03 17 07 00 00 1 4514.635
2011 03 17 07 15 00 1 4514.717
2011 03 17 07 30 00 1 4514.795
2011 03 17 07 45 00 1 4514.860
2011 03 17 08 00 00 1 4514.917
2011 03 17 08 15 00 1 4514.962
2011 03 17 08 30 00 1 4514.998
2011 03 17 08 45 00 1 4515.024
2011 03 17 09 00 00 1 4515.036
2011 03 17 09 15 00 1 4515.038
2011 03 17 09 30 00 1 4515.027
2011 03 17 09 45 00 1 4515.009
2011 03 17 10 00 00 1 4514.976
2011 03 17 10 15 00 1 4514.938
2011 03 17 10 30 00 1 4514.884
2011 03 17 10 45 00 1 4514.824
2011 03 17 11 00 00 1 4514.761
2011 03 17 11 15 00 1 4514.691
2011 03 17 11 30 00 1 4514.617
2011 03 17 11 45 00 1 4514.541
2011 03 17 12 00 00 1 4514.464
2011 03 17 12 15 00 1 4514.389
2011 03 17 12 30 00 1 4514.318
2011 03 17 12 45 00 1 4514.250
2011 03 17 13 00 00 1 4514.181
2011 03 17 13 15 00 1 4514.124
2011 03 17 13 30 00 1 4514.075
2011 03 17 13 45 00 1 4514.032
2011 03 17 14 00 00 1 4514.002
2011 03 17 14 15 00 1 4513.977
2011 03 17 14 30 00 1 4513.968
2011 03 17 14 45 00 1 4513.967
2011 03 17 15 00 00 1 4513.974
2011 03 17 15 15 00 1 4513.994
2011 03 17 15 30 00 1 4514.026
2011 03 17 15 45 00 1 4514.070
2011 03 17 16 00 00 1 4514.122
2011 03 17 16 15 00 1 4514.182
2011 03 17 16 30 00 1 4514.252
2011 03 17 16 45 00 1 4514.328
2011 03 17 17 00 00 1 4514.415
2011 03 17 17 15 00 1 4514.500
2011 03 17 17 30 00 1 4514.590
2011 03 17 17 45 00 1 4514.681
2011 03 17 18 00 00 1 4514.771
2011 03 17 18 15 00 1 4514.860
2011 03 17 18 30 00 1 4514.948
2011 03 17 18 45 00 1 4515.026
2011 03 17 19 00 00 1 4515.101
2011 03 17 19 15 00 1 4515.170
2011 03 17 19 30 00 1 4515.227
2011 03 17 19 45 00 1 4515.276
2011 03 17 20 00 00 1 4515.313
2011 03 17 20 15 00 1 4515.338
2011 03 17 20 30 00 1 4515.350
2011 03 17 20 45 00 1 4515.347
2011 03 17 21 00 00 1 4515.333
2011 03 17 21 15 00 1 4515.304
2011 03 17 21 30 00 1 4515.263
2011 03 17 21 45 00 1 4515.208
2011 03 17 22 00 00 1 4515.138
2011 03 17 22 15 00 1 4515.055
2011 03 17 22 30 00 1 4514.965
2011 03 17 22 45 00 1 4514.863
2011 03 17 23 00 00 1 4514.755
2011 03 17 23 15 00 1 4514.637
2011 03 17 23 30 00 1 4514.514
2011 03 17 23 45 00 1 4514.389
2011 03 18 00 00 00 1 4514.266
2011 03 18 00 15 00 1 4514.138
2011 03 18 00 30 00 1 4514.016
2011 03 18 00 45 00 1 4513.893
2011 03 18 01 00 00 1 4513.779
2011 03 18 01 15 00 1 4513.671
2011 03 18 01 30 00 1 4513.571
2011 03 18 01 45 00 1 4513.484
2011 03 18 02 00 00 1 4513.409
2011 03 18 02 15 00 1 4513.349
2011 03 18 02 30 00 1 4513.300
2011 03 18 02 45 00 1 4513.264
2011 03 18 03 00 00 1 4513.242
2011 03 18 03 15 00 1 4513.234
2011 03 18 03 30 00 1 4513.242
2011 03 18 03 45 00 1 4513.265
2011 03 18 04 00 00 1 4513.302
2011 03 18 04 15 00 1 4513.354
2011 03 18 04 30 00 1 4513.420
2011 03 18 04 45 00 1 4513.500
2011 03 18 05 00 00 1 4513.588
2011 03 18 05 15 00 1 4513.685
2011 03 18 05 30 00 1 4513.791
2011 03 18 05 45 00 1 4513.905
