#YY  MM DD hh mm ss T   HEIGHT
#yr  mo dy hr mn  s -        m
2011 02 08 06 00 00 1 5824.880
2011 02 08 06 15 00 1 5824.901
2011 02 08 06 30 00 1 5824.922
2011 02 08 06 45 00 1 5824.943
2011 02 08 07 00 00 1 5824.960
2011 02 08 07 15 00 1 5824.975
2011 02 08 07 30 00 1 5824.988
2011 02 08 07 45 00 1 5825.002
2011 02 08 08 00 00 1 5825.016
2011 02 08 08 15 00 1 5825.024
2011 02 08 08 30 00 1 5825.033
2011 02 08 08 45 00 1 5825.037
2011 02 08 09 00 00 1 5825.038
2011 02 08 09 15 00 1 5825.040
2011 02 08 09 30 00 1 5825.035
2011 02 08 09 45 00 1 5825.028
2011 02 08 10 00 00 1 5825.023
2011 02 08 10 15 00 1 5825.011
2011 02 08 10 30 00 1 5825.000
2011 02 08 10 45 00 1 5824.986
2011 02 08 11 00 00 1 5824.970
2011 02 08 11 15 00 1 5824.950
2011 02 08 11 30 00 1 5824.932
2011 02 08 11 45 00 1 5824.911
2011 02 08 12 00 00 1 5824.894
2011 02 08 12 15 00 1 5824.875
2011 02 08 12 30 00 1 5824.859
2011 02 08 12 45 00 1 5824.843
2011 02 08 13 00 00 1 5824.826
2011 02 08 13 15 00 1 5824.813
2011 02 08 13 30 00 1 5824.803
2011 02 08 13 45 00 1 5824.794
2011 02 08 14 00 00 1 5824.785
2011 02 08 14 15 00 1 5824.777
2011 02 08 14 30 00 1 5824.771
2011 02 08 14 45 00 1 5824.772
2011 02 08 15 00 00 1 5824.776
2011 02 08 15 15 00 1 5824.779
2011 02 08 15 30 00 1 5824.784
2011 02 08 15 45 00 1 5824.794
2011 02 08 16 00 00 1 5824.804
2011 02 08 16 15 00 1 5824.812
2011 02 08 16 30 00 1 5824.824
2011 02 08 16 45 00 1 5824.844
2011 02 08 17 00 00 1 5824.859
2011 02 08 17 15 00 1 5824.880
2011 02 08 17 30 00 1 5824.900
2011 02 08 17 45 00 1 5824.924
2011 02 08 18 00 00 1 5824.944
2011 02 08 18 15 00 1 5824.966
2011 02 08 18 30 00 1 5824.987
2011 02 08 18 45 00 1 5825.007
2011 02 08 19 00 00 1 5825.026
2011 02 08 19 15 00 1 5825.048
2011 02 08 19 30 00 1 5825.066
2011 02 08 19 45 00 1 5825.086
2011 02 08 20 00 00 1 5825.101
2011 02 08 20 15 00 1 5825.112
2011 02 08 20 30 00 1 5825.127
2011 02 08 20 45 00 1 5825.135
2011 02 08 21 00 00 1 5825.141
2011 02 08 21 15 00 1 5825.145
2011 02 08 21 30 00 1 5825.144
2011 02 08 21 45 00 1 5825.144
2011 02 08 22 00 00 1 5825.140
2011 02 08 22 15 00 1 5825.135
2011 02 08 22 30 00 1 5825.125
2011 02 08 22 45 00 1 5825.114
2011 02 08 23 00 00 1 5825.101
2011 02 08 23 15 00 1 5825.087
2011 02 08 23 30 00 1 5825.069
2011 02 08 23 45 00 1 5825.051
2011 02 09 00 00 00 1 5825.032
2011 02 09 00 15 00 1 5825.011
2011 02 09 00 30 00 1 5824.989
2011 02 09 00 45 00 1 5824.965
2011 02 09 01 00 00 1 5824.940
2011 02 09 01 15 00 1 5824.916
2011 02 09 01 30 00 1 5824.896
2011 02 09 01 45 00 1 5824.873
2011 02 09 02 00 00 1 5824.856
2011 02 09 02 15 00 1 5824.839
2011 02 09 02 30 00 1 5824.823
2011 02 09 02 45 00 1 5824.807
2011 02 09 03 00 00 1 5824.797
2011 02 09 03 15 00 1 5824.790
2011 02 09 03 30 00 1 5824.784
2011 02 09 03 45 00 1 5824.781
2011 02 09 04 00 00 1 5824.778
2011 02 09 04 15 00 1 5824.781
2011 02 09 04 30 00 1 5824.783
2011 02 09 04 45 00 1 5824.785
2011 02 09 05 00 00 1 5824.796
2011 02 09 05 15 00 1 5824.807
2011 02 09 05 30 00 1 5824.822
2011 02 09 05 45 00 1 5824.837
2011 02 09 06 00 00 1 5824.853
2011 02 09 06 15 00 1 5824.870
2011 02 09 06 30 00 1 5824.888
2011 02 09 06 45 00 1 5824.905
2011 02 09 07 00 00 1 5824.923
2011 02 09 07 15 00 1 5824.941
2011 02 09 07 30 00 1 5824.955
2011 02 09 07 45 00 1 5824.971
2011 02 09 08 00 00 1 5824.984
2011 02 09 08 15 00 1 5824.998
2011 02 09 08 30 00 1 5825.008
2011 02 09 08 45 00 1 5825.015
2011 02 09 09 00 00 1 5825.024
2011 02 09 09 15 00 1 5825.025
2011 02 09 09 30 00 1 5825.028
2011 02 09 09 45 00 1 5825.029
2011 02 09 10 00 00 1 5825.026
2011 02 09 10 15 00 1 5825.024
2011 02 09 10 30 00 1 5825.018
2011 02 09 10 45 00 1 5825.010
2011 02 09 11 00 00 1 5825.000
2011 02 09 11 15 00 1 5824.990
2011 02 09 11 30 00 1 5824.979
2011 02 09 11 45 00 1 5824.968
2011 02 09 12 00 00 1 5824.955
2011 02 09 12 15 00 1 5824.942
2011 02 09 12 30 00 1 5824.931
2011 02 09 12 45 00 1 5824.916
2011 02 09 13 00 00 1 5824.905
2011 02 09 13 15 00 1 5824.894
2011 02 09 13 30 00 1 5824.884
2011 02 09 13 45 00 1 5824.874
2011 02 09 14 00 00 1 5824.870
2011 02 09 14 15 00 1 5824.865
2011 02 09 14 30 00 1 5824.859
2011 02 09 14 45 00 1 5824.856
2011 02 09 15 00 00 1 5824.854
2011 02 09 15 15 00 1 5824.855
2011 02 09 15 30 00 1 5824.859
2011 02 09 15 45 00 1 5824.863
2011 02 09 16 00 00 1 5824.871
2011 02 09 16 15 00 1 5824.879
2011 02 09 16 30 00 1 5824.890
2011 02 09 16 45 00 1 5824.904
2011 02 09 17 00 00 1 5824.920
2011 02 09 17 15 00 1 5824.937
2011 02 09 17 30 00 1 5824.954
2011 02 09 17 45 00 1 5824.970
2011 02 09 18 00 00 1 5824.987
2011 02 09 18 15 00 1 5825.005
2011 02 09 18 30 00 1 5825.025
2011 02 09 18 45 00 1 5825.046
2011 02 09 19 00 00 1 5825.063
2011 02 09 19 15 00 1 5825.080
2011 02 09 19 30 00 1 5825.098
2011 02 09 19 45 00 1 5825.113
2011 02 09 20 00 00 1 5825.128
2011 02 09 20 15 00 1 5825.141
2011 02 09 20 30 00 1 5825.152
2011 02 09 20 45 00 1 5825.163
2011 02 09 21 00 00 1 5825.169
2011 02 09 21 15 00 1 5825.175
2011 02 09 21 30 00 1 5825.182
2011 02 09 21 45 00 1 5825.182
2011 02 09 22 00 00 1 5825.182
2011 02 09 22 15 00 1 5825.177
2011 02 09 22 30 00 1 5825.168
2011 02 09 22 45 00 1 5825.157
2011 02 09 23 00 00 1 5825.146
2011 02 09 23 15 00 1 5825.134
2011 02 09 23 30 00 1 5825.120
2011 02 09 23 45 00 1 5825.106
2011 02 10 00 00 00 1 5825.087
2011 02 10 00 15 00 1 5825.066
2011 02 10 00 30 00 1 5825.045
2011 02 10 00 45 00 1 5825.019
2011 02 10 01 00 00 1 5824.993
2011 02 10 01 15 00 1 5824.970
2011 02 10 01 30 00 1 5824.947
2011 02 10 01 45 00 1 5824.922
2011 02 10 02 00 00 1 5824.899
2011 02 10 02 15 00 1 5824.876
2011 02 10 02 30 00 1 5824.854
2011 02 10 02 45 00 1 5824.836
2011 02 10 03 00 00 1 5824.821
2011 02 10 03 15 00 1 5824.803
2011 02 10 03 30 00 1 5824.793
2011 02 10 03 45 00 1 5824.786
2011 02 10 04 00 00 1 5824.778
2011 02 10 04 15 00 1 5824.770
2011 02 10 04 30 00 1 5824.766
2011 02 10 04 45 00 1 5824.764
2011 02 10 05 00 00 1 5824.766
2011 02 10 05 15 00 1 5824.771
2011 02 10 05 30 00 1 5824.777
2011 02 10 05 45 00 1 5824.785
2011 02 10 06 00 00 1 5824.796
2011 02 10 06 15 00 1 5824.807
2011 02 10 06 30 00 1 5824.820
2011 02 10 06 45 00 1 5824.831
2011 02 10 07 00 00 1 5824.844
2011 02 10 07 15 00 1 5824.854
2011 02 10 07 30 00 1 5824.868
2011 02 10 07 45 00 1 5824.882
2011 02 10 08 00 00 1 5824.893
2011 02 10 08 15 00 1 5824.905
2011 02 10 08 30 00 1 5824.917
2011 02 10 08 45 00 1 5824.930
2011 02 10 09 00 00 1 5824.940
2011 02 10 09 15 00 1 5824.945
2011 02 10 09 30 00 1 5824.955
2011 02 10 09 45 00 1 5824.958
2011 02 10 10 00 00 1 5824.959
2011 02 10 10 15 00 1 5824.964
2011 02 10 10 30 00 1 5824.965
2011 02 10 10 45 00 1 5824.964
2011 02 10 11 00 00 1 5824.961
2011 02 10 11 15 00 1 5824.960
2011 02 10 11 30 00 1 5824.957
2011 02 10 11 45 00 1 5824.950
2011 02 10 12 00 00 1 5824.943
2011 02 10 12 15 00 1 5824.938
2011 02 10 12 30 00 1 5824.932
2011 02 10 12 45 00 1 5824.927
2011 02 10 13 00 00 1 5824.921
2011 02 10 13 15 00 1 5824.914
2011 02 10 13 30 00 1 5824.909
2011 02 10 13 45 00 1 5824.905
2011 02 10 14 00 00 1 5824.901
2011 02 10 14 15 00 1 5824.896
2011 02 10 14 30 00 1 5824.893
2011 02 10 14 45 00 1 5824.894
2011 02 10 15 00 00 1 5824.894
2011 02 10 15 15 00 1 5824.896
2011 02 10 15 30 00 1 5824.899
2011 02 10 15 45 00 1 5824.904
2011 02 10 16 00 00 1 5824.912
2011 02 10 16 15 00 1 5824.918
2011 02 10 16 30 00 1 5824.927
2011 02 10 16 45 00 1 5824.935
2011 02 10 17 00 00 1 5824.947
2011 02 10 17 15 00 1 5824.961
2011 02 10 17 30 00 1 5824.974
2011 02 10 17 45 00 1 5824.988
2011 02 10 18 00 00 1 5825.003
2011 02 10 18 15 00 1 5825.022
2011 02 10 18 30 00 1 5825.039
2011 02 10 18 45 00 1 5825.053
2011 02 10 19 00 00 1 5825.069
2011 02 10 19 15 00 1 5825.084
2011 02 10 19 30 00 1 5825.101
2011 02 10 19 45 00 1 5825.116
2011 02 10 20 00 00 1 5825.130
2011 02 10 20 15 00 1 5825.143
2011 02 10 20 30 00 1 5825.153
2011 02 10 20 45 00 1 5825.162
2011 02 10 21 00 00 1 5825.170
2011 02 10 21 15 00 1 5825.176
2011 02 10 21 30 00 1 5825.183
2011 02 10 21 45 00 1 5825.188
2011 02 10 22 00 00 1 5825.190
2011 02 10 22 15 00 1 5825.189
2011 02 10 22 30 00 1 5825.187
2011 02 10 22 45 00 1 5825.183
2011 02 10 23 00 00 1 5825.175
2011 02 10 23 15 00 1 5825.167
2011 02 10 23 30 00 1 5825.153
2011 02 10 23 45 00 1 5825.142
2011 02 11 00 00 00 1 5825.126
2011 02 11 00 15 00 1 5825.111
2011 02 11 00 30 00 1 5825.093
2011 02 11 00 45 00 1 5825.075
2011 02 11 01 00 00 1 5825.051
2011 02 11 01 15 00 1 5825.029
2011 02 11 01 30 00 1 5825.006
2011 02 11 01 45 00 1 5824.982
2011 02 11 02 00 00 1 5824.959
2011 02 11 02 15 00 1 5824.934
2011 02 11 02 30 00 1 5824.911
2011 02 11 02 45 00 1 5824.886
2011 02 11 03 00 00 1 5824.866
2011 02 11 03 15 00 1 5824.851
2011 02 11 03 30 00 1 5824.832
2011 02 11 03 45 00 1 5824.818
2011 02 11 04 00 00 1 5824.805
2011 02 11 04 15 00 1 5824.793
2011 02 11 04 30 00 1 5824.783
2011 02 11 04 45 00 1 5824.772
2011 02 11 05 00 00 1 5824.768
2011 02 11 05 15 00 1 5824.766
2011 02 11 05 30 00 1 5824.761
2011 02 11 05 45 00 1 5824.765
2011 02 11 06 00 00 1 5824.768
2011 02 11 06 15 00 1 5824.773
2011 02 11 06 30 00 1 5824.778
2011 02 11 06 45 00 1 5824.784
2011 02 11 07 00 00 1 5824.791
2011 02 11 07 15 00 1 5824.797
2011 02 11 07 30 00 1 5824.803
2011 02 11 07 45 00 1 5824.814
2011 02 11 08 00 00 1 5824.824
2011 02 11 08 15 00 1 5824.834
2011 02 11 08 30 00 1 5824.840
2011 02 11 08 45 00 1 5824.849
2011 02 11 09 00 00 1 5824.860
2011 02 11 09 15 00 1 5824.868
2011 02 11 09 30 00 1 5824.875
2011 02 11 09 45 00 1 5824.879
2011 02 11 10 00 00 1 5824.887
2011 02 11 10 15 00 1 5824.894
2011 02 11 10 30 00 1 5824.899
2011 02 11 10 45 00 1 5824.903
2011 02 11 11 00 00 1 5824.905
2011 02 11 11 15 00 1 5824.906
2011 02 11 11 30 00 1 5824.910
2011 02 11 11 45 00 1 5824.910
2011 02 11 12 00 00 1 5824.911
2011 02 11 12 15 00 1 5824.910
2011 02 11 12 30 00 1 5824.911
2011 02 11 12 45 00 1 5824.911
2011 02 11 13 00 00 1 5824.910
2011 02 11 13 15 00 1 5824.910
2011 02 11 13 30 00 1 5824.910
2011 02 11 13 45 00 1 5824.911
2011 02 11 14 00 00 1 5824.915
2011 02 11 14 15 00 1 5824.914
2011 02 11 14 30 00 1 5824.915
2011 02 11 14 45 00 1 5824.918
2011 02 11 15 00 00 1 5824.921
2011 02 11 15 15 00 1 5824.922
2011 02 11 15 30 00 1 5824.927
2011 02 11 15 45 00 1 5824.931
2011 02 11 16 00 00 1 5824.938
2011 02 11 16 15 00 1 5824.947
2011 02 11 16 30 00 1 5824.954
2011 02 11 16 45 00 1 5824.963
2011 02 11 17 00 00 1 5824.972
2011 02 11 17 15 00 1 5824.985
2011 02 11 17 30 00 1 5824.995
2011 02 11 17 45 00 1 5825.008
2011 02 11 18 00 00 1 5825.022
2011 02 11 18 15 00 1 5825.033
2011 02 11 18 30 00 1 5825.047
2011 02 11 18 45 00 1 5825.063
2011 02 11 19 00 00 1 5825.074
2011 02 11 19 15 00 1 5825.088
2011 02 11 19 30 00 1 5825.102
2011 02 11 19 45 00 1 5825.116
2011 02 11 20 00 00 1 5825.128
2011 02 11 20 15 00 1 5825.139
2011 02 11 20 30 00 1 5825.149
2011 02 11 20 45 00 1 5825.159
2011 02 11 21 00 00 1 5825.168
2011 02 11 21 15 00 1 5825.175
2011 02 11 21 30 00 1 5825.181
2011 02 11 21 45 00 1 5825.183
2011 02 11 22 00 00 1 5825.188
2011 02 11 22 15 00 1 5825.188
2011 02 11 22 30 00 1 5825.185
2011 02 11 22 45 00 1 5825.185
2011 02 11 23 00 00 1 5825.181
2011 02 11 23 15 00 1 5825.175
2011 02 11 23 30 00 1 5825.169
2011 02 11 23 45 00 1 5825.160
2011 02 12 00 00 00 1 5825.149
2011 02 12 00 15 00 1 5825.138
2011 02 12 00 30 00 1 5825.123
2011 02 12 00 45 00 1 5825.104
2011 02 12 01 00 00 1 5825.086
2011 02 12 01 15 00 1 5825.067
2011 02 12 01 30 00 1 5825.047
2011 02 12 01 45 00 1 5825.026
2011 02 12 02 00 00 1 5825.006
2011 02 12 02 15 00 1 5824.984
2011 02 12 02 30 00 1 5824.963
2011 02 12 02 45 00 1 5824.945
2011 02 12 03 00 00 1 5824.925
2011 02 12 03 15 00 1 5824.904
2011 02 12 03 30 00 1 5824.882
2011 02 12 03 45 00 1 5824.864
2011 02 12 04 00 00 1 5824.843
2011 02 12 04 15 00 1 5824.828
2011 02 12 04 30 00 1 5824.815
2011 02 12 04 45 00 1 5824.800
2011 02 12 05 00 00 1 5824.789
2011 02 12 05 15 00 1 5824.777
2011 02 12 05 30 00 1 5824.768
2011 02 12 05 45 00 1 5824.759
2011 02 12 06 00 00 1 5824.756
2011 02 12 06 15 00 1 5824.753
2011 02 12 06 30 00 1 5824.749
2011 02 12 06 45 00 1 5824.748
2011 02 12 07 00 00 1 5824.745
2011 02 12 07 15 00 1 5824.745
2011 02 12 07 30 00 1 5824.745
2011 02 12 07 45 00 1 5824.746
2011 02 12 08 00 00 1 5824.750
2011 02 12 08 15 00 1 5824.752
2011 02 12 08 30 00 1 5824.756
2011 02 12 08 45 00 1 5824.761
2011 02 12 09 00 00 1 5824.765
2011 02 12 09 15 00 1 5824.772
2011 02 12 09 30 00 1 5824.777
2011 02 12 09 45 00 1 5824.784
2011 02 12 10 00 00 1 5824.791
2011 02 12 10 15 00 1 5824.802
2011 02 12 10 30 00 1 5824.807
2011 02 12 10 45 00 1 5824.815
2011 02 12 11 00 00 1 5824.823
2011 02 12 11 15 00 1 5824.826
2011 02 12 11 30 00 1 5824.834
2011 02 12 11 45 00 1 5824.841
2011 02 12 12 00 00 1 5824.846
2011 02 12 12 15 00 1 5824.851
2011 02 12 12 30 00 1 5824.857
2011 02 12 12 45 00 1 5824.865
2011 02 12 13 00 00 1 5824.870
2011 02 12 13 15 00 1 5824.877
2011 02 12 13 30 00 1 5824.885
2011 02 12 13 45 00 1 5824.891
2011 02 12 14 00 00 1 5824.895
2011 02 12 14 15 00 1 5824.902
2011 02 12 14 30 00 1 5824.908
2011 02 12 14 45 00 1 5824.918
2011 02 12 15 00 00 1 5824.927
2011 02 12 15 15 00 1 5824.934
2011 02 12 15 30 00 1 5824.941
2011 02 12 15 45 00 1 5824.945
2011 02 12 16 00 00 1 5824.954
2011 02 12 16 15 00 1 5824.963
2011 02 12 16 30 00 1 5824.972
2011 02 12 16 45 00 1 5824.985
2011 02 12 17 00 00 1 5824.995
2011 02 12 17 15 00 1 5825.002
2011 02 12 17 30 00 1 5825.014
2011 02 12 17 45 00 1 5825.025
2011 02 12 18 00 00 1 5825.035
2011 02 12 18 15 00 1 5825.046
2011 02 12 18 30 00 1 5825.056
2011 02 12 18 45 00 1 5825.067
2011 02 12 19 00 00 1 5825.080
2011 02 12 19 15 00 1 5825.092
2011 02 12 19 30 00 1 5825.103
2011 02 12 19 45 00 1 5825.111
2011 02 12 20 00 00 1 5825.120
2011 02 12 20 15 00 1 5825.129
2011 02 12 20 30 00 1 5825.136
2011 02 12 20 45 00 1 5825.143
2011 02 12 21 00 00 1 5825.150
2011 02 12 21 15 00 1 5825.155
2011 02 12 21 30 00 1 5825.159
2011 02 12 21 45 00 1 5825.164
2011 02 12 22 00 00 1 5825.168
2011 02 12 22 15 00 1 5825.171
2011 02 12 22 30 00 1 5825.172
2011 02 12 22 45 00 1 5825.169
2011 02 12 23 00 00 1 5825.168
2011 02 12 23 15 00 1 5825.166
2011 02 12 23 30 00 1 5825.163
2011 02 12 23 45 00 1 5825.159
2011 02 13 00 00 00 1 5825.150
2011 02 13 00 15 00 1 5825.144
2011 02 13 00 30 00 1 5825.133
2011 02 13 00 45 00 1 5825.119
2011 02 13 01 00 00 1 5825.111
2011 02 13 01 15 00 1 5825.097
2011 02 13 01 30 00 1 5825.083
2011 02 13 01 45 00 1 5825.066
2011 02 13 02 00 00 1 5825.053
2011 02 13 02 15 00 1 5825.037
2011 02 13 02 30 00 1 5825.019
2011 02 13 02 45 00 1 5824.998
2011 02 13 03 00 00 1 5824.980
2011 02 13 03 15 00 1 5824.960
2011 02 13 03 30 00 1 5824.945
2011 02 13 03 45 00 1 5824.925
2011 02 13 04 00 00 1 5824.907
2011 02 13 04 15 00 1 5824.891
2011 02 13 04 30 00 1 5824.872
2011 02 13 04 45 00 1 5824.859
2011 02 13 05 00 00 1 5824.842
2011 02 13 05 15 00 1 5824.827
2011 02 13 05 30 00 1 5824.812
2011 02 13 05 45 00 1 5824.800
2011 02 13 06 00 00 1 5824.787
2011 02 13 06 15 00 1 5824.775
2011 02 13 06 30 00 1 5824.763
2011 02 13 06 45 00 1 5824.753
2011 02 13 07 00 00 1 5824.744
2011 02 13 07 15 00 1 5824.738
2011 02 13 07 30 00 1 5824.735
2011 02 13 07 45 00 1 5824.729
2011 02 13 08 00 00 1 5824.723
2011 02 13 08 15 00 1 5824.723
2011 02 13 08 30 00 1 5824.719
2011 02 13 08 45 00 1 5824.719
2011 02 13 09 00 00 1 5824.720
2011 02 13 09 15 00 1 5824.721
2011 02 13 09 30 00 1 5824.722
2011 02 13 09 45 00 1 5824.724
2011 02 13 10 00 00 1 5824.728
2011 02 13 10 15 00 1 5824.735
2011 02 13 10 30 00 1 5824.738
2011 02 13 10 45 00 1 5824.745
2011 02 13 11 00 00 1 5824.753
2011 02 13 11 15 00 1 5824.758
2011 02 13 11 30 00 1 5824.765
2011 02 13 11 45 00 1 5824.775
2011 02 13 12 00 00 1 5824.786
2011 02 13 12 15 00 1 9999.000
2011 02 13 12 30 00 1 9999.000
2011 02 13 12 45 00 1 9999.000
2011 02 13 13 00 00 1 9999.000
2011 02 13 13 15 00 1 9999.000
2011 02 13 13 30 00 1 9999.000
2011 02 13 13 45 00 1 9999.000
2011 02 13 14 00 00 1 9999.000
2011 02 13 14 15 00 1 9999.000
2011 02 13 14 30 00 1 9999.000
2011 02 13 14 45 00 1 9999.000
2011 02 13 15 00 00 1 9999.000
2011 02 13 15 15 00 1 9999.000
2011 02 13 15 30 00 1 9999.000
2011 02 13 15 45 00 1 9999.000
2011 02 13 16 00 00 1 9999.000
2011 02 13 16 15 00 1 9999.000
2011 02 13 16 30 00 1 9999.000
2011 02 13 16 45 00 1 9999.000
2011 02 13 17 00 00 1 9999.000
2011 02 13 17 15 00 1 9999.000
2011 02 13 17 30 00 1 9999.000
2011 02 13 17 45 00 1 9999.000
2011 02 13 18 00 00 1 9999.000
2011 02 13 18 15 00 1 9999.000
2011 02 13 18 30 00 1 9999.000
2011 02 13 18 45 00 1 9999.000
2011 02 13 19 00 00 1 9999.000
2011 02 13 19 15 00 1 9999.000
2011 02 13 19 30 00 1 9999.000
2011 02 13 19 45 00 1 9999.000
2011 02 13 20 00 00 1 9999.000
2011 02 13 20 15 00 1 9999.000
2011 02 13 20 30 00 1 9999.000
2011 02 13 20 45 00 1 9999.000
2011 02 13 21 00 00 1 9999.000
2011 02 13 21 15 00 1 9999.000
2011 02 13 21 30 00 1 9999.000
2011 02 13 21 45 00 1 9999.000
2011 02 13 22 00 00 1 9999.000
2011 02 13 22 15 00 1 9999.000
2011 02 13 22 30 00 1 9999.000
2011 02 13 22 45 00 1 9999.000
2011 02 13 23 00 00 1 9999.000
2011 02 13 23 15 00 1 9999.000
2011 02 13 23 30 00 1 9999.000
2011 02 13 23 45 00 1 9999.000
2011 02 14 00 00 00 1 9999.000
2011 02 14 00 15 00 1 9999.000
2011 02 14 00 30 00 1 9999.000
2011 02 14 00 45 00 1 9999.000
2011 02 14 01 00 00 1 9999.000
2011 02 14 01 15 00 1 9999.000
2011 02 14 01 30 00 1 9999.000
2011 02 14 01 45 00 1 9999.000
2011 02 14 02 00 00 1 9999.000
2011 02 14 02 15 00 1 9999.000
2011 02 14 02 30 00 1 9999.000
2011 02 14 02 45 00 1 9999.000
2011 02 14 03 00 00 1 9999.000
2011 02 14 03 15 00 1 5825.055
2011 02 14 03 30 00 1 5825.042
2011 02 14 03 45 00 1 5825.023
2011 02 14 04 00 00 1 5825.009
2011 02 14 04 15 00 1 5824.988
2011 02 14 04 30 00 1 5824.975
2011 02 14 04 45 00 1 5824.958
2011 02 14 05 00 00 1 5824.941
2011 02 14 05 15 00 1 5824.926
2011 02 14 05 30 00 1 5824.906
2011 02 14 05 45 00 1 5824.886
2011 02 14 06 00 00 1 5824.872
2011 02 14 06 15 00 1 5824.855
2011 02 14 06 30 00 1 5824.840
2011 02 14 06 45 00 1 5824.819
2011 02 14 07 00 00 1 5824.803
2011 02 14 07 15 00 1 5824.786
2011 02 14 07 30 00 1 5824.770
2011 02 14 07 45 00 1 5824.757
2011 02 14 08 00 00 1 5824.743
2011 02 14 08 15 00 1 5824.731
2011 02 14 08 30 00 1 5824.716
2011 02 14 08 45 00 1 5824.705
2011 02 14 09 00 00 1 5824.699
2011 02 14 09 15 00 1 5824.691
2011 02 14 09 30 00 1 5824.681
2011 02 14 09 45 00 1 5824.679
2011 02 14 10 00 00 1 5824.675
2011 02 14 10 15 00 1 5824.675
2011 02 14 10 30 00 1 5824.672
2011 02 14 10 45 00 1 5824.676
2011 02 14 11 00 00 1 5824.678
2011 02 14 11 15 00 1 5824.681
2011 02 14 11 30 00 1 5824.685
2011 02 14 11 45 00 1 5824.695
2011 02 14 12 00 00 1 5824.702
2011 02 14 12 15 00 1 5824.711
2011 02 14 12 30 00 1 5824.724
2011 02 14 12 45 00 1 5824.741
2011 02 14 13 00 00 1 5824.756
2011 02 14 13 15 00 1 5824.774
2011 02 14 13 30 00 1 5824.791
2011 02 14 13 45 00 1 5824.808
2011 02 14 14 00 00 1 5824.825
2011 02 14 14 15 00 1 5824.845
2011 02 14 14 30 00 1 5824.864
2011 02 14 14 45 00 1 5824.885
2011 02 14 15 00 00 1 5824.904
2011 02 14 15 15 00 1 9999.000
2011 02 14 15 30 00 1 9999.000
2011 02 14 15 45 00 1 9999.000
2011 02 14 16 00 00 1 9999.000
2011 02 14 16 15 00 1 9999.000
2011 02 14 16 30 00 1 9999.000
2011 02 14 16 45 00 1 9999.000
2011 02 14 17 00 00 1 9999.000
2011 02 14 17 15 00 1 9999.000
2011 02 14 17 30 00 1 9999.000
2011 02 14 17 45 00 1 9999.000
2011 02 14 18 00 00 1 9999.000
2011 02 14 18 15 00 1 9999.000
2011 02 14 18 30 00 1 9999.000
2011 02 14 18 45 00 1 9999.000
2011 02 14 19 00 00 1 9999.000
2011 02 14 19 15 00 1 9999.000
2011 02 14 19 30 00 1 9999.000
2011 02 14 19 45 00 1 9999.000
2011 02 14 20 00 00 1 9999.000
2011 02 14 20 15 00 1 9999.000
2011 02 14 20 30 00 1 9999.000
2011 02 14 20 45 00 1 9999.000
2011 02 14 21 00 00 1 9999.000
2011 02 14 21 15 00 1 9999.000
2011 02 14 21 30 00 1 9999.000
2011 02 14 21 45 00 1 9999.000
2011 02 14 22 00 00 1 9999.000
2011 02 14 22 15 00 1 9999.000
2011 02 14 22 30 00 1 9999.000
2011 02 14 22 45 00 1 9999.000
2011 02 14 23 00 00 1 9999.000
2011 02 14 23 15 00 1 9999.000
2011 02 14 23 30 00 1 9999.000
2011 02 14 23 45 00 1 9999.000
2011 02 15 00 00 00 1 9999.000
2011 02 15 00 15 00 1 9999.000
2011 02 15 00 30 00 1 9999.000
2011 02 15 00 45 00 1 9999.000
2011 02 15 01 00 00 1 9999.000
2011 02 15 01 15 00 1 9999.000
2011 02 15 01 30 00 1 9999.000
2011 02 15 01 45 00 1 9999.000
2011 02 15 02 00 00 1 9999.000
2011 02 15 02 15 00 1 9999.000
2011 02 15 02 30 00 1 9999.000
2011 02 15 02 45 00 1 9999.000
2011 02 15 03 00 00 1 9999.000
2011 02 15 03 15 00 1 9999.000
2011 02 15 03 30 00 1 9999.000
2011 02 15 03 45 00 1 9999.000
2011 02 15 04 00 00 1 9999.000
2011 02 15 04 15 00 1 9999.000
2011 02 15 04 30 00 1 9999.000
2011 02 15 04 45 00 1 9999.000
2011 02 15 05 00 00 1 9999.000
2011 02 15 05 15 00 1 9999.000
2011 02 15 05 30 00 1 9999.000
2011 02 15 05 45 00 1 9999.000
2011 02 15 06 00 00 1 9999.000
2011 02 15 06 15 00 1 9999.000
2011 02 15 06 30 00 1 9999.000
2011 02 15 06 45 00 1 9999.000
2011 02 15 07 00 00 1 9999.000
2011 02 15 07 15 00 1 9999.000
2011 02 15 07 30 00 1 9999.000
2011 02 15 07 45 00 1 9999.000
2011 02 15 08 00 00 1 9999.000
2011 02 15 08 15 00 1 9999.000
2011 02 15 08 30 00 1 9999.000
2011 02 15 08 45 00 1 9999.000
2011 02 15 09 00 00 1 9999.000
2011 02 15 09 15 00 1 9999.000
2011 02 15 09 30 00 1 9999.000
2011 02 15 09 45 00 1 9999.000
2011 02 15 10 00 00 1 9999.000
2011 02 15 10 15 00 1 9999.000
2011 02 15 10 30 00 1 9999.000
2011 02 15 10 45 00 1 9999.000
2011 02 15 11 00 00 1 9999.000
2011 02 15 11 15 00 1 9999.000
2011 02 15 11 30 00 1 9999.000
2011 02 15 11 45 00 1 9999.000
2011 02 15 12 00 00 1 9999.000
2011 02 15 12 15 00 1 9999.000
2011 02 15 12 30 00 1 9999.000
2011 02 15 12 45 00 1 9999.000
2011 02 15 13 00 00 1 9999.000
2011 02 15 13 15 00 1 5824.676
2011 02 15 13 30 00 1 5824.696
2011 02 15 13 45 00 1 5824.716
2011 02 15 14 00 00 1 5824.739
2011 02 15 14 15 00 1 5824.760
2011 02 15 14 30 00 1 5824.786
2011 02 15 14 45 00 1 5824.809
2011 02 15 15 00 00 1 5824.832
2011 02 15 15 15 00 1 5824.858
2011 02 15 15 30 00 1 5824.880
2011 02 15 15 45 00 1 5824.903
2011 02 15 16 00 00 1 5824.928
2011 02 15 16 15 00 1 5824.947
2011 02 15 16 30 00 1 5824.968
2011 02 15 16 45 00 1 5824.988
2011 02 15 17 00 00 1 5825.005
2011 02 15 17 15 00 1 5825.020
2011 02 15 17 30 00 1 5825.037
2011 02 15 17 45 00 1 5825.050
2011 02 15 18 00 00 1 5825.063
2011 02 15 18 15 00 1 5825.071
2011 02 15 18 30 00 1 5825.083
2011 02 15 18 45 00 1 5825.093
2011 02 15 19 00 00 1 5825.102
2011 02 15 19 15 00 1 5825.108
2011 02 15 19 30 00 1 5825.114
2011 02 15 19 45 00 1 5825.116
2011 02 15 20 00 00 1 5825.118
2011 02 15 20 15 00 1 5825.118
2011 02 15 20 30 00 1 5825.120
2011 02 15 20 45 00 1 5825.118
2011 02 15 21 00 00 1 5825.120
2011 02 15 21 15 00 1 5825.117
2011 02 15 21 30 00 1 5825.115
2011 02 15 21 45 00 1 5825.115
2011 02 15 22 00 00 1 5825.114
2011 02 15 22 15 00 1 5825.112
2011 02 15 22 30 00 1 5825.110
2011 02 15 22 45 00 1 5825.109
2011 02 15 23 00 00 1 5825.105
2011 02 15 23 15 00 1 5825.104
2011 02 15 23 30 00 1 5825.104
2011 02 15 23 45 00 1 5825.104
2011 02 16 00 00 00 1 5825.106
2011 02 16 00 15 00 1 5825.107
2011 02 16 00 30 00 1 5825.109
2011 02 16 00 45 00 1 5825.112
2011 02 16 01 00 00 1 5825.112
2011 02 16 01 15 00 1 5825.114
2011 02 16 01 30 00 1 5825.115
2011 02 16 01 45 00 1 5825.117
2011 02 16 02 00 00 1 5825.120
2011 02 16 02 15 00 1 5825.123
2011 02 16 02 30 00 1 5825.126
2011 02 16 02 45 00 1 5825.130
2011 02 16 03 00 00 1 5825.130
2011 02 16 03 15 00 1 5825.132
2011 02 16 03 30 00 1 5825.134
2011 02 16 03 45 00 1 5825.132
2011 02 16 04 00 00 1 5825.131
2011 02 16 04 15 00 1 5825.126
2011 02 16 04 30 00 1 5825.122
2011 02 16 04 45 00 1 5825.117
2011 02 16 05 00 00 1 5825.108
2011 02 16 05 15 00 1 5825.097
2011 02 16 05 30 00 1 5825.083
2011 02 16 05 45 00 1 5825.070
2011 02 16 06 00 00 1 5825.053
2011 02 16 06 15 00 1 5825.032
2011 02 16 06 30 00 1 5825.010
2011 02 16 06 45 00 1 5824.988
2011 02 16 07 00 00 1 5824.964
2011 02 16 07 15 00 1 5824.937
2011 02 16 07 30 00 1 5824.908
2011 02 16 07 45 00 1 5824.884
2011 02 16 08 00 00 1 5824.851
2011 02 16 08 15 00 1 5824.825
2011 02 16 08 30 00 1 5824.794
2011 02 16 08 45 00 1 5824.766
2011 02 16 09 00 00 1 5824.735
2011 02 16 09 15 00 1 5824.707
2011 02 16 09 30 00 1 5824.679
2011 02 16 09 45 00 1 5824.650
2011 02 16 10 00 00 1 5824.627
2011 02 16 10 15 00 1 5824.606
2011 02 16 10 30 00 1 5824.586
2011 02 16 10 45 00 1 5824.571
2011 02 16 11 00 00 1 5824.557
2011 02 16 11 15 00 1 5824.548
2011 02 16 11 30 00 1 5824.539
2011 02 16 11 45 00 1 5824.534
2011 02 16 12 00 00 1 5824.533
2011 02 16 12 15 00 1 5824.537
2011 02 16 12 30 00 1 5824.541
2011 02 16 12 45 00 1 5824.550
2011 02 16 13 00 00 1 5824.560
2011 02 16 13 15 00 1 9999.000
2011 02 16 13 30 00 1 9999.000
2011 02 16 13 45 00 1 9999.000
2011 02 16 14 00 00 1 9999.000
2011 02 16 14 15 00 1 9999.000
2011 02 16 14 30 00 1 9999.000
2011 02 16 14 45 00 1 9999.000
2011 02 16 15 00 00 1 9999.000
2011 02 16 15 15 00 1 9999.000
2011 02 16 15 30 00 1 9999.000
2011 02 16 15 45 00 1 9999.000
2011 02 16 16 00 00 1 9999.000
2011 02 16 16 15 00 1 9999.000
2011 02 16 16 30 00 1 9999.000
2011 02 16 16 45 00 1 9999.000
2011 02 16 17 00 00 1 9999.000
2011 02 16 17 15 00 1 9999.000
2011 02 16 17 30 00 1 9999.000
2011 02 16 17 45 00 1 9999.000
2011 02 16 18 00 00 1 9999.000
2011 02 16 18 15 00 1 9999.000
2011 02 16 18 30 00 1 9999.000
2011 02 16 18 45 00 1 9999.000
2011 02 16 19 00 00 1 9999.000
2011 02 16 19 15 00 1 9999.000
2011 02 16 19 30 00 1 9999.000
2011 02 16 19 45 00 1 9999.000
2011 02 16 20 00 00 1 9999.000
2011 02 16 20 15 00 1 9999.000
2011 02 16 20 30 00 1 9999.000
2011 02 16 20 45 00 1 9999.000
2011 02 16 21 00 00 1 9999.000
2011 02 16 21 15 00 1 9999.000
2011 02 16 21 30 00 1 9999.000
2011 02 16 21 45 00 1 9999.000
2011 02 16 22 00 00 1 9999.000
2011 02 16 22 15 00 1 9999.000
2011 02 16 22 30 00 1 9999.000
2011 02 16 22 45 00 1 5825.041
2011 02 16 23 00 00 1 5825.037
2011 02 16 23 15 00 1 5825.031
2011 02 16 23 30 00 1 5825.031
2011 02 16 23 45 00 1 5825.029
2011 02 17 00 00 00 1 5825.034
2011 02 17 00 15 00 1 5825.035
2011 02 17 00 30 00 1 5825.034
2011 02 17 00 45 00 1 5825.038
2011 02 17 01 00 00 1 5825.039
2011 02 17 01 15 00 1 5825.041
2011 02 17 01 30 00 1 5825.046
2011 02 17 01 45 00 1 5825.052
2011 02 17 02 00 00 1 5825.058
2011 02 17 02 15 00 1 5825.067
2011 02 17 02 30 00 1 5825.072
2011 02 17 02 45 00 1 5825.083
2011 02 17 03 00 00 1 5825.093
2011 02 17 03 15 00 1 9999.000
2011 02 17 03 30 00 1 9999.000
2011 02 17 03 45 00 1 9999.000
2011 02 17 04 00 00 1 9999.000
2011 02 17 04 15 00 1 9999.000
2011 02 17 04 30 00 1 9999.000
2011 02 17 04 45 00 1 9999.000
2011 02 17 05 00 00 1 9999.000
2011 02 17 05 15 00 1 9999.000
2011 02 17 05 30 00 1 9999.000
2011 02 17 05 45 00 1 9999.000
2011 02 17 06 00 00 1 9999.000
2011 02 17 06 15 00 1 9999.000
2011 02 17 06 30 00 1 9999.000
2011 02 17 06 45 00 1 9999.000
2011 02 17 07 00 00 1 9999.000
2011 02 17 07 15 00 1 9999.000
2011 02 17 07 30 00 1 9999.000
2011 02 17 07 45 00 1 9999.000
2011 02 17 08 00 00 1 9999.000
2011 02 17 08 15 00 1 9999.000
2011 02 17 08 30 00 1 9999.000
2011 02 17 08 45 00 1 9999.000
2011 02 17 09 00 00 1 9999.000
2011 02 17 09 15 00 1 9999.000
2011 02 17 09 30 00 1 9999.000
2011 02 17 09 45 00 1 9999.000
2011 02 17 10 00 00 1 9999.000
2011 02 17 10 15 00 1 9999.000
2011 02 17 10 30 00 1 9999.000
2011 02 17 10 45 00 1 9999.000
2011 02 17 11 00 00 1 9999.000
2011 02 17 11 15 00 1 9999.000
2011 02 17 11 30 00 1 9999.000
2011 02 17 11 45 00 1 9999.000
2011 02 17 12 00 00 1 9999.000
2011 02 17 12 15 00 1 9999.000
2011 02 17 12 30 00 1 9999.000
2011 02 17 12 45 00 1 9999.000
2011 02 17 13 00 00 1 9999.000
2011 02 17 13 15 00 1 9999.000
2011 02 17 13 30 00 1 9999.000
2011 02 17 13 45 00 1 9999.000
2011 02 17 14 00 00 1 9999.000
2011 02 17 14 15 00 1 9999.000
2011 02 17 14 30 00 1 9999.000
2011 02 17 14 45 00 1 9999.000
2011 02 17 15 00 00 1 9999.000
2011 02 17 15 15 00 1 9999.000
2011 02 17 15 30 00 1 9999.000
2011 02 17 15 45 00 1 9999.000
2011 02 17 16 00 00 1 9999.000
2011 02 17 16 15 00 1 9999.000
2011 02 17 16 30 00 1 9999.000
2011 02 17 16 45 00 1 5824.864
2011 02 17 17 00 00 1 5824.893
2011 02 17 17 15 00 1 5824.916
2011 02 17 17 30 00 1 5824.941
2011 02 17 17 45 00 1 5824.959
2011 02 17 18 00 00 1 5824.980
2011 02 17 18 15 00 1 5825.000
2011 02 17 18 30 00 1 5825.015
2011 02 17 18 45 00 1 5825.027
2011 02 17 19 00 00 1 5825.038
2011 02 17 19 15 00 1 5825.042
2011 02 17 19 30 00 1 5825.045
2011 02 17 19 45 00 1 5825.049
2011 02 17 20 00 00 1 5825.050
2011 02 17 20 15 00 1 5825.049
2011 02 17 20 30 00 1 5825.047
2011 02 17 20 45 00 1 5825.042
2011 02 17 21 00 00 1 5825.039
2011 02 17 21 15 00 1 5825.033
2011 02 17 21 30 00 1 5825.025
2011 02 17 21 45 00 1 5825.017
2011 02 17 22 00 00 1 5825.009
2011 02 17 22 15 00 1 5825.001
2011 02 17 22 30 00 1 5824.993
2011 02 17 22 45 00 1 5824.983
2011 02 17 23 00 00 1 5824.976
2011 02 17 23 15 00 1 5824.970
2011 02 17 23 30 00 1 5824.962
2011 02 17 23 45 00 1 5824.960
2011 02 18 00 00 00 1 5824.957
2011 02 18 00 15 00 1 5824.959
2011 02 18 00 30 00 1 5824.957
2011 02 18 00 45 00 1 5824.959
2011 02 18 01 00 00 1 5824.962
2011 02 18 01 15 00 1 5824.962
2011 02 18 01 30 00 1 5824.967
2011 02 18 01 45 00 1 5824.977
2011 02 18 02 00 00 1 5824.986
2011 02 18 02 15 00 1 5824.995
2011 02 18 02 30 00 1 5825.007
2011 02 18 02 45 00 1 5825.022
2011 02 18 03 00 00 1 5825.033
2011 02 18 03 15 00 1 5825.046
2011 02 18 03 30 00 1 5825.061
2011 02 18 03 45 00 1 5825.074
2011 02 18 04 00 00 1 5825.090
2011 02 18 04 15 00 1 5825.105
2011 02 18 04 30 00 1 5825.118
2011 02 18 04 45 00 1 5825.128
2011 02 18 05 00 00 1 5825.138
2011 02 18 05 15 00 1 9999.000
2011 02 18 05 30 00 1 9999.000
2011 02 18 05 45 00 1 9999.000
2011 02 18 06 00 00 1 9999.000
2011 02 18 06 15 00 1 9999.000
2011 02 18 06 30 00 1 9999.000
2011 02 18 06 45 00 1 9999.000
2011 02 18 07 00 00 1 9999.000
2011 02 18 07 15 00 1 9999.000
2011 02 18 07 30 00 1 9999.000
2011 02 18 07 45 00 1 9999.000
2011 02 18 08 00 00 1 9999.000
2011 02 18 08 15 00 1 9999.000
2011 02 18 08 30 00 1 9999.000
2011 02 18 08 45 00 1 9999.000
2011 02 18 09 00 00 1 9999.000
2011 02 18 09 15 00 1 9999.000
2011 02 18 09 30 00 1 9999.000
2011 02 18 09 45 00 1 9999.000
2011 02 18 10 00 00 1 9999.000
2011 02 18 10 15 00 1 9999.000
2011 02 18 10 30 00 1 9999.000
2011 02 18 10 45 00 1 9999.000
2011 02 18 11 00 00 1 9999.000
2011 02 18 11 15 00 1 9999.000
2011 02 18 11 30 00 1 9999.000
2011 02 18 11 45 00 1 9999.000
2011 02 18 12 00 00 1 9999.000
2011 02 18 12 15 00 1 9999.000
2011 02 18 12 30 00 1 9999.000
2011 02 18 12 45 00 1 9999.000
2011 02 18 13 00 00 1 9999.000
2011 02 18 13 15 00 1 9999.000
2011 02 18 13 30 00 1 9999.000
2011 02 18 13 45 00 1 9999.000
2011 02 18 14 00 00 1 9999.000
2011 02 18 14 15 00 1 9999.000
2011 02 18 14 30 00 1 9999.000
2011 02 18 14 45 00 1 9999.000
2011 02 18 15 00 00 1 9999.000
2011 02 18 15 15 00 1 9999.000
2011 02 18 15 30 00 1 9999.000
2011 02 18 15 45 00 1 9999.000
2011 02 18 16 00 00 1 9999.000
2011 02 18 16 15 00 1 9999.000
2011 02 18 16 30 00 1 9999.000
2011 02 18 16 45 00 1 9999.000
2011 02 18 17 00 00 1 9999.000
2011 02 18 17 15 00 1 9999.000
2011 02 18 17 30 00 1 5824.912
2011 02 18 17 45 00 1 5824.935
2011 02 18 18 00 00 1 5824.957
2011 02 18 18 15 00 1 5824.978
2011 02 18 18 30 00 1 5824.998
2011 02 18 18 45 00 1 5825.012
2011 02 18 19 00 00 1 5825.023
2011 02 18 19 15 00 1 5825.031
2011 02 18 19 30 00 1 5825.037
2011 02 18 19 45 00 1 5825.040
2011 02 18 20 00 00 1 5825.039
2011 02 18 20 15 00 1 5825.040
2011 02 18 20 30 00 1 5825.040
2011 02 18 20 45 00 1 5825.037
2011 02 18 21 00 00 1 5825.029
2011 02 18 21 15 00 1 5825.021
2011 02 18 21 30 00 1 5825.012
2011 02 18 21 45 00 1 5824.998
2011 02 18 22 00 00 1 5824.987
2011 02 18 22 15 00 1 5824.975
2011 02 18 22 30 00 1 5824.961
2011 02 18 22 45 00 1 5824.948
2011 02 18 23 00 00 1 5824.934
2011 02 18 23 15 00 1 5824.921
2011 02 18 23 30 00 1 5824.912
2011 02 18 23 45 00 1 5824.900
2011 02 19 00 00 00 1 5824.892
2011 02 19 00 15 00 1 5824.885
2011 02 19 00 30 00 1 5824.879
2011 02 19 00 45 00 1 5824.875
2011 02 19 01 00 00 1 5824.873
2011 02 19 01 15 00 1 5824.873
2011 02 19 01 30 00 1 5824.876
2011 02 19 01 45 00 1 5824.883
2011 02 19 02 00 00 1 5824.891
2011 02 19 02 15 00 1 5824.900
2011 02 19 02 30 00 1 5824.912
2011 02 19 02 45 00 1 5824.926
2011 02 19 03 00 00 1 5824.941
2011 02 19 03 15 00 1 5824.957
2011 02 19 03 30 00 1 5824.978
2011 02 19 03 45 00 1 5824.996
2011 02 19 04 00 00 1 5825.016
2011 02 19 04 15 00 1 5825.035
2011 02 19 04 30 00 1 5825.054
2011 02 19 04 45 00 1 5825.073
2011 02 19 05 00 00 1 5825.094
2011 02 19 05 15 00 1 5825.111
2011 02 19 05 30 00 1 5825.129
2011 02 19 05 45 00 1 5825.141
2011 02 19 06 00 00 1 5825.155
2011 02 19 06 15 00 1 5825.167
2011 02 19 06 30 00 1 5825.173
2011 02 19 06 45 00 1 5825.175
2011 02 19 07 00 00 1 5825.174
2011 02 19 07 15 00 1 9999.000
2011 02 19 07 30 00 1 9999.000
2011 02 19 07 45 00 1 9999.000
2011 02 19 08 00 00 1 9999.000
2011 02 19 08 15 00 1 9999.000
2011 02 19 08 30 00 1 9999.000
2011 02 19 08 45 00 1 9999.000
2011 02 19 09 00 00 1 9999.000
2011 02 19 09 15 00 1 9999.000
2011 02 19 09 30 00 1 9999.000
2011 02 19 09 45 00 1 9999.000
2011 02 19 10 00 00 1 9999.000
2011 02 19 10 15 00 1 9999.000
2011 02 19 10 30 00 1 9999.000
2011 02 19 10 45 00 1 9999.000
2011 02 19 11 00 00 1 9999.000
2011 02 19 11 15 00 1 9999.000
2011 02 19 11 30 00 1 9999.000
2011 02 19 11 45 00 1 9999.000
2011 02 19 12 00 00 1 9999.000
2011 02 19 12 15 00 1 9999.000
2011 02 19 12 30 00 1 9999.000
2011 02 19 12 45 00 1 9999.000
2011 02 19 13 00 00 1 9999.000
2011 02 19 13 15 00 1 9999.000
2011 02 19 13 30 00 1 9999.000
2011 02 19 13 45 00 1 9999.000
2011 02 19 14 00 00 1 9999.000
2011 02 19 14 15 00 1 9999.000
2011 02 19 14 30 00 1 9999.000
2011 02 19 14 45 00 1 9999.000
2011 02 19 15 00 00 1 9999.000
2011 02 19 15 15 00 1 9999.000
2011 02 19 15 30 00 1 9999.000
2011 02 19 15 45 00 1 9999.000
2011 02 19 16 00 00 1 9999.000
2011 02 19 16 15 00 1 9999.000
2011 02 19 16 30 00 1 9999.000
2011 02 19 16 45 00 1 9999.000
2011 02 19 17 00 00 1 9999.000
2011 02 19 17 15 00 1 9999.000
2011 02 19 17 30 00 1 9999.000
2011 02 19 17 45 00 1 9999.000
2011 02 19 18 00 00 1 9999.000
2011 02 19 18 15 00 1 9999.000
2011 02 19 18 30 00 1 9999.000
2011 02 19 18 45 00 1 9999.000
2011 02 19 19 00 00 1 9999.000
2011 02 19 19 15 00 1 9999.000
2011 02 19 19 30 00 1 9999.000
2011 02 19 19 45 00 1 9999.000
2011 02 19 20 00 00 1 9999.000
2011 02 19 20 15 00 1 9999.000
2011 02 19 20 30 00 1 9999.000
2011 02 19 20 45 00 1 9999.000
2011 02 19 21 00 00 1 9999.000
2011 02 19 21 15 00 1 9999.000
2011 02 19 21 30 00 1 9999.000
2011 02 19 21 45 00 1 9999.000
2011 02 19 22 00 00 1 9999.000
2011 02 19 22 15 00 1 9999.000
2011 02 19 22 30 00 1 9999.000
2011 02 19 22 45 00 1 9999.000
2011 02 19 23 00 00 1 9999.000
2011 02 19 23 15 00 1 9999.000
2011 02 19 23 30 00 1 9999.000
2011 02 19 23 45 00 1 9999.000
2011 02 20 00 00 00 1 9999.000
2011 02 20 00 15 00 1 9999.000
2011 02 20 00 30 00 1 5824.807
2011 02 20 00 45 00 1 5824.796
2011 02 20 01 00 00 1 5824.782
2011 02 20 01 15 00 1 5824.778
2011 02 20 01 30 00 1 5824.772
2011 02 20 01 45 00 1 5824.770
2011 02 20 02 00 00 1 5824.775
2011 02 20 02 15 00 1 5824.783
2011 02 20 02 30 00 1 5824.789
2011 02 20 02 45 00 1 5824.803
2011 02 20 03 00 00 1 5824.817
2011 02 20 03 15 00 1 5824.833
2011 02 20 03 30 00 1 5824.856
2011 02 20 03 45 00 1 5824.874
2011 02 20 04 00 00 1 5824.891
2011 02 20 04 15 00 1 5824.912
2011 02 20 04 30 00 1 5824.933
2011 02 20 04 45 00 1 5824.959
2011 02 20 05 00 00 1 5824.981
2011 02 20 05 15 00 1 5825.006
2011 02 20 05 30 00 1 5825.028
2011 02 20 05 45 00 1 5825.048
2011 02 20 06 00 00 1 5825.070
2011 02 20 06 15 00 1 5825.087
2011 02 20 06 30 00 1 5825.101
2011 02 20 06 45 00 1 5825.114
2011 02 20 07 00 00 1 5825.124
2011 02 20 07 15 00 1 5825.131
2011 02 20 07 30 00 1 5825.134
2011 02 20 07 45 00 1 5825.136
2011 02 20 08 00 00 1 5825.131
2011 02 20 08 15 00 1 5825.125
2011 02 20 08 30 00 1 5825.117
2011 02 20 08 45 00 1 5825.100
2011 02 20 09 00 00 1 5825.085
2011 02 20 09 15 00 1 5825.070
2011 02 20 09 30 00 1 5825.049
2011 02 20 09 45 00 1 5825.025
2011 02 20 10 00 00 1 5825.001
2011 02 20 10 15 00 1 5824.974
2011 02 20 10 30 00 1 5824.944
2011 02 20 10 45 00 1 5824.914
2011 02 20 11 00 00 1 5824.886
2011 02 20 11 15 00 1 5824.859
2011 02 20 11 30 00 1 5824.826
2011 02 20 11 45 00 1 5824.797
2011 02 20 12 00 00 1 5824.771
2011 02 20 12 15 00 1 5824.748
2011 02 20 12 30 00 1 5824.727
2011 02 20 12 45 00 1 5824.709
2011 02 20 13 00 00 1 5824.696
2011 02 20 13 15 00 1 5824.684
2011 02 20 13 30 00 1 5824.675
2011 02 20 13 45 00 1 5824.669
2011 02 20 14 00 00 1 5824.667
2011 02 20 14 15 00 1 5824.668
2011 02 20 14 30 00 1 5824.673
2011 02 20 14 45 00 1 5824.685
2011 02 20 15 00 00 1 5824.697
2011 02 20 15 15 00 1 5824.716
2011 02 20 15 30 00 1 5824.737
2011 02 20 15 45 00 1 5824.754
2011 02 20 16 00 00 1 5824.775
2011 02 20 16 15 00 1 5824.794
2011 02 20 16 30 00 1 5824.819
2011 02 20 16 45 00 1 5824.844
2011 02 20 17 00 00 1 5824.871
2011 02 20 17 15 00 1 5824.896
2011 02 20 17 30 00 1 5824.917
2011 02 20 17 45 00 1 5824.941
2011 02 20 18 00 00 1 5824.964
2011 02 20 18 15 00 1 5824.986
2011 02 20 18 30 00 1 5825.006
2011 02 20 18 45 00 1 5825.023
2011 02 20 19 00 00 1 5825.037
2011 02 20 19 15 00 1 5825.051
2011 02 20 19 30 00 1 5825.060
2011 02 20 19 45 00 1 5825.065
2011 02 20 20 00 00 1 5825.069
2011 02 20 20 15 00 1 5825.070
2011 02 20 20 30 00 1 5825.065
2011 02 20 20 45 00 1 5825.061
2011 02 20 21 00 00 1 5825.051
2011 02 20 21 15 00 1 5825.037
2011 02 20 21 30 00 1 5825.022
2011 02 20 21 45 00 1 5825.002
2011 02 20 22 00 00 1 5824.983
2011 02 20 22 15 00 1 5824.962
2011 02 20 22 30 00 1 5824.938
2011 02 20 22 45 00 1 5824.914
2011 02 20 23 00 00 1 5824.892
2011 02 20 23 15 00 1 5824.870
2011 02 20 23 30 00 1 5824.846
2011 02 20 23 45 00 1 5824.826
2011 02 21 00 00 00 1 5824.801
2011 02 21 00 15 00 1 5824.780
2011 02 21 00 30 00 1 5824.757
2011 02 21 00 45 00 1 5824.738
2011 02 21 01 00 00 1 5824.720
2011 02 21 01 15 00 1 5824.704
2011 02 21 01 30 00 1 5824.693
2011 02 21 01 45 00 1 5824.682
2011 02 21 02 00 00 1 5824.675
2011 02 21 02 15 00 1 5824.672
2011 02 21 02 30 00 1 5824.672
2011 02 21 02 45 00 1 5824.676
2011 02 21 03 00 00 1 5824.683
2011 02 21 03 15 00 1 5824.691
2011 02 21 03 30 00 1 5824.707
2011 02 21 03 45 00 1 5824.722
2011 02 21 04 00 00 1 5824.740
2011 02 21 04 15 00 1 5824.755
2011 02 21 04 30 00 1 5824.776
2011 02 21 04 45 00 1 5824.797
2011 02 21 05 00 00 1 5824.821
2011 02 21 05 15 00 1 5824.842
2011 02 21 05 30 00 1 5824.866
2011 02 21 05 45 00 1 5824.889
2011 02 21 06 00 00 1 5824.913
2011 02 21 06 15 00 1 5824.934
2011 02 21 06 30 00 1 5824.954
2011 02 21 06 45 00 1 5824.975
2011 02 21 07 00 00 1 5824.992
2011 02 21 07 15 00 1 5825.007
2011 02 21 07 30 00 1 5825.021
2011 02 21 07 45 00 1 5825.033
2011 02 21 08 00 00 1 5825.038
2011 02 21 08 15 00 1 5825.040
2011 02 21 08 30 00 1 5825.041
2011 02 21 08 45 00 1 5825.041
2011 02 21 09 00 00 1 5825.034
2011 02 21 09 15 00 1 5825.026
2011 02 21 09 30 00 1 5825.015
2011 02 21 09 45 00 1 5825.000
2011 02 21 10 00 00 1 5824.984
2011 02 21 10 15 00 1 5824.967
2011 02 21 10 30 00 1 5824.946
2011 02 21 10 45 00 1 5824.925
2011 02 21 11 00 00 1 5824.902
2011 02 21 11 15 00 1 5824.877
2011 02 21 11 30 00 1 5824.854
2011 02 21 11 45 00 1 5824.831
2011 02 21 12 00 00 1 5824.810
2011 02 21 12 15 00 1 5824.788
2011 02 21 12 30 00 1 5824.769
2011 02 21 12 45 00 1 5824.751
2011 02 21 13 00 00 1 5824.732
2011 02 21 13 15 00 1 5824.718
2011 02 21 13 30 00 1 5824.708
2011 02 21 13 45 00 1 5824.700
2011 02 21 14 00 00 1 5824.696
2011 02 21 14 15 00 1 5824.696
2011 02 21 14 30 00 1 5824.697
2011 02 21 14 45 00 1 5824.702
2011 02 21 15 00 00 1 5824.710
2011 02 21 15 15 00 1 5824.720
2011 02 21 15 30 00 1 5824.735
2011 02 21 15 45 00 1 5824.753
2011 02 21 16 00 00 1 5824.775
2011 02 21 16 15 00 1 5824.794
2011 02 21 16 30 00 1 5824.818
2011 02 21 16 45 00 1 5824.842
2011 02 21 17 00 00 1 5824.865
2011 02 21 17 15 00 1 5824.888
2011 02 21 17 30 00 1 5824.912
2011 02 21 17 45 00 1 5824.938
2011 02 21 18 00 00 1 5824.961
2011 02 21 18 15 00 1 5824.985
2011 02 21 18 30 00 1 5825.006
2011 02 21 18 45 00 1 5825.023
2011 02 21 19 00 00 1 5825.039
2011 02 21 19 15 00 1 5825.056
2011 02 21 19 30 00 1 5825.068
2011 02 21 19 45 00 1 5825.077
2011 02 21 20 00 00 1 5825.082
2011 02 21 20 15 00 1 5825.085
2011 02 21 20 30 00 1 5825.085
2011 02 21 20 45 00 1 5825.084
2011 02 21 21 00 00 1 5825.077
2011 02 21 21 15 00 1 5825.067
2011 02 21 21 30 00 1 5825.053
2011 02 21 21 45 00 1 5825.037
2011 02 21 22 00 00 1 5825.020
2011 02 21 22 15 00 1 5824.996
2011 02 21 22 30 00 1 5824.969
2011 02 21 22 45 00 1 5824.942
2011 02 21 23 00 00 1 5824.916
2011 02 21 23 15 00 1 5824.887
2011 02 21 23 30 00 1 5824.860
2011 02 21 23 45 00 1 5824.833
2011 02 22 00 00 00 1 5824.807
2011 02 22 00 15 00 1 5824.778
2011 02 22 00 30 00 1 5824.752
2011 02 22 00 45 00 1 5824.727
2011 02 22 01 00 00 1 5824.701
2011 02 22 01 15 00 1 5824.677
2011 02 22 01 30 00 1 5824.657
2011 02 22 01 45 00 1 5824.638
2011 02 22 02 00 00 1 5824.625
2011 02 22 02 15 00 1 5824.615
2011 02 22 02 30 00 1 5824.609
2011 02 22 02 45 00 1 5824.604
2011 02 22 03 00 00 1 5824.601
2011 02 22 03 15 00 1 5824.603
2011 02 22 03 30 00 1 5824.607
2011 02 22 03 45 00 1 5824.617
2011 02 22 04 00 00 1 5824.628
2011 02 22 04 15 00 1 5824.640
2011 02 22 04 30 00 1 5824.656
2011 02 22 04 45 00 1 5824.675
2011 02 22 05 00 00 1 5824.695
2011 02 22 05 15 00 1 5824.715
2011 02 22 05 30 00 1 5824.737
2011 02 22 05 45 00 1 5824.758
2011 02 22 06 00 00 1 5824.780
2011 02 22 06 15 00 1 5824.802
2011 02 22 06 30 00 1 5824.825
2011 02 22 06 45 00 1 5824.844
2011 02 22 07 00 00 1 5824.866
2011 02 22 07 15 00 1 5824.883
2011 02 22 07 30 00 1 5824.900
2011 02 22 07 45 00 1 5824.914
2011 02 22 08 00 00 1 5824.924
2011 02 22 08 15 00 1 5824.936
2011 02 22 08 30 00 1 5824.942
2011 02 22 08 45 00 1 5824.947
2011 02 22 09 00 00 1 5824.951
2011 02 22 09 15 00 1 5824.953
2011 02 22 09 30 00 1 5824.953
2011 02 22 09 45 00 1 5824.949
2011 02 22 10 00 00 1 5824.940
2011 02 22 10 15 00 1 5824.932
2011 02 22 10 30 00 1 5824.923
2011 02 22 10 45 00 1 5824.909
2011 02 22 11 00 00 1 5824.893
2011 02 22 11 15 00 1 5824.877
2011 02 22 11 30 00 1 5824.859
2011 02 22 11 45 00 1 5824.844
2011 02 22 12 00 00 1 5824.827
2011 02 22 12 15 00 1 5824.810
2011 02 22 12 30 00 1 5824.796
2011 02 22 12 45 00 1 5824.781
2011 02 22 13 00 00 1 5824.769
2011 02 22 13 15 00 1 9999.000
2011 02 22 13 30 00 1 9999.000
2011 02 22 13 45 00 1 9999.000
2011 02 22 14 00 00 1 9999.000
2011 02 22 14 15 00 1 9999.000
2011 02 22 14 30 00 1 9999.000
2011 02 22 14 45 00 1 9999.000
2011 02 22 15 00 00 1 9999.000
2011 02 22 15 15 00 1 9999.000
2011 02 22 15 30 00 1 9999.000
2011 02 22 15 45 00 1 9999.000
2011 02 22 16 00 00 1 9999.000
2011 02 22 16 15 00 1 9999.000
2011 02 22 16 30 00 1 9999.000
2011 02 22 16 45 00 1 9999.000
2011 02 22 17 00 00 1 9999.000
2011 02 22 17 15 00 1 9999.000
2011 02 22 17 30 00 1 9999.000
2011 02 22 17 45 00 1 9999.000
2011 02 22 18 00 00 1 9999.000
2011 02 22 18 15 00 1 9999.000
2011 02 22 18 30 00 1 9999.000
2011 02 22 18 45 00 1 9999.000
2011 02 22 19 00 00 1 9999.000
2011 02 22 19 15 00 1 9999.000
2011 02 22 19 30 00 1 9999.000
2011 02 22 19 45 00 1 9999.000
2011 02 22 20 00 00 1 9999.000
2011 02 22 20 15 00 1 9999.000
2011 02 22 20 30 00 1 9999.000
2011 02 22 20 45 00 1 9999.000
2011 02 22 21 00 00 1 9999.000
2011 02 22 21 15 00 1 9999.000
2011 02 22 21 30 00 1 9999.000
2011 02 22 21 45 00 1 9999.000
2011 02 22 22 00 00 1 9999.000
2011 02 22 22 15 00 1 9999.000
2011 02 22 22 30 00 1 9999.000
2011 02 22 22 45 00 1 9999.000
2011 02 22 23 00 00 1 9999.000
2011 02 22 23 15 00 1 9999.000
2011 02 22 23 30 00 1 9999.000
2011 02 22 23 45 00 1 9999.000
2011 02 23 00 00 00 1 9999.000
2011 02 23 00 15 00 1 9999.000
2011 02 23 00 30 00 1 9999.000
2011 02 23 00 45 00 1 9999.000
2011 02 23 01 00 00 1 9999.000
2011 02 23 01 15 00 1 9999.000
2011 02 23 01 30 00 1 9999.000
2011 02 23 01 45 00 1 9999.000
2011 02 23 02 00 00 1 9999.000
2011 02 23 02 15 00 1 9999.000
2011 02 23 02 30 00 1 9999.000
2011 02 23 02 45 00 1 9999.000
2011 02 23 03 00 00 1 9999.000
2011 02 23 03 15 00 1 9999.000
2011 02 23 03 30 00 1 9999.000
2011 02 23 03 45 00 1 9999.000
2011 02 23 04 00 00 1 9999.000
2011 02 23 04 15 00 1 9999.000
2011 02 23 04 30 00 1 9999.000
2011 02 23 04 45 00 1 9999.000
2011 02 23 05 00 00 1 9999.000
2011 02 23 05 15 00 1 9999.000
2011 02 23 05 30 00 1 9999.000
2011 02 23 05 45 00 1 9999.000
2011 02 23 06 00 00 1 9999.000
2011 02 23 06 15 00 1 9999.000
2011 02 23 06 30 00 1 9999.000
2011 02 23 06 45 00 1 9999.000
2011 02 23 07 00 00 1 9999.000
2011 02 23 07 15 00 1 9999.000
2011 02 23 07 30 00 1 9999.000
2011 02 23 07 45 00 1 9999.000
2011 02 23 08 00 00 1 9999.000
2011 02 23 08 15 00 1 9999.000
2011 02 23 08 30 00 1 9999.000
2011 02 23 08 45 00 1 9999.000
2011 02 23 09 00 00 1 9999.000
2011 02 23 09 15 00 1 9999.000
2011 02 23 09 30 00 1 9999.000
2011 02 23 09 45 00 1 9999.000
2011 02 23 10 00 00 1 9999.000
2011 02 23 10 15 00 1 9999.000
2011 02 23 10 30 00 1 9999.000
2011 02 23 10 45 00 1 9999.000
2011 02 23 11 00 00 1 9999.000
2011 02 23 11 15 00 1 9999.000
2011 02 23 11 30 00 1 9999.000
2011 02 23 11 45 00 1 9999.000
2011 02 23 12 00 00 1 5824.834
2011 02 23 12 15 00 1 5824.826
2011 02 23 12 30 00 1 5824.819
2011 02 23 12 45 00 1 5824.811
2011 02 23 13 00 00 1 5824.803
2011 02 23 13 15 00 1 5824.799
2011 02 23 13 30 00 1 5824.798
2011 02 23 13 45 00 1 5824.794
2011 02 23 14 00 00 1 5824.790
2011 02 23 14 15 00 1 5824.789
2011 02 23 14 30 00 1 5824.791
2011 02 23 14 45 00 1 5824.795
2011 02 23 15 00 00 1 5824.797
2011 02 23 15 15 00 1 5824.805
2011 02 23 15 30 00 1 5824.813
2011 02 23 15 45 00 1 5824.824
2011 02 23 16 00 00 1 5824.839
2011 02 23 16 15 00 1 5824.854
2011 02 23 16 30 00 1 5824.870
2011 02 23 16 45 00 1 5824.888
2011 02 23 17 00 00 1 5824.909
2011 02 23 17 15 00 1 5824.929
2011 02 23 17 30 00 1 5824.948
2011 02 23 17 45 00 1 5824.970
2011 02 23 18 00 00 1 5824.994
2011 02 23 18 15 00 1 5825.016
2011 02 23 18 30 00 1 5825.035
2011 02 23 18 45 00 1 5825.054
2011 02 23 19 00 00 1 5825.073
2011 02 23 19 15 00 1 5825.092
2011 02 23 19 30 00 1 5825.108
2011 02 23 19 45 00 1 5825.122
2011 02 23 20 00 00 1 5825.132
2011 02 23 20 15 00 1 5825.140
2011 02 23 20 30 00 1 5825.145
2011 02 23 20 45 00 1 5825.148
2011 02 23 21 00 00 1 5825.149
2011 02 23 21 15 00 1 5825.147
2011 02 23 21 30 00 1 5825.143
2011 02 23 21 45 00 1 5825.132
2011 02 23 22 00 00 1 5825.125
2011 02 23 22 15 00 1 5825.109
2011 02 23 22 30 00 1 5825.090
2011 02 23 22 45 00 1 5825.071
2011 02 23 23 00 00 1 5825.051
2011 02 23 23 15 00 1 5825.027
2011 02 23 23 30 00 1 5825.000
2011 02 23 23 45 00 1 5824.974
2011 02 24 00 00 00 1 5824.946
2011 02 24 00 15 00 1 5824.919
2011 02 24 00 30 00 1 5824.888
2011 02 24 00 45 00 1 5824.858
2011 02 24 01 00 00 1 5824.826
2011 02 24 01 15 00 1 5824.797
2011 02 24 01 30 00 1 5824.765
2011 02 24 01 45 00 1 5824.741
2011 02 24 02 00 00 1 5824.721
2011 02 24 02 15 00 1 5824.697
2011 02 24 02 30 00 1 5824.675
2011 02 24 02 45 00 1 5824.656
2011 02 24 03 00 00 1 5824.641
2011 02 24 03 15 00 1 5824.626
2011 02 24 03 30 00 1 5824.613
2011 02 24 03 45 00 1 5824.607
2011 02 24 04 00 00 1 5824.601
2011 02 24 04 15 00 1 5824.597
2011 02 24 04 30 00 1 5824.598
2011 02 24 04 45 00 1 5824.597
2011 02 24 05 00 00 1 5824.606
2011 02 24 05 15 00 1 5824.614
2011 02 24 05 30 00 1 5824.623
2011 02 24 05 45 00 1 5824.632
2011 02 24 06 00 00 1 5824.643
2011 02 24 06 15 00 1 5824.658
2011 02 24 06 30 00 1 5824.670
2011 02 24 06 45 00 1 5824.681
2011 02 24 07 00 00 1 5824.694
2011 02 24 07 15 00 1 5824.709
2011 02 24 07 30 00 1 5824.722
2011 02 24 07 45 00 1 5824.735
2011 02 24 08 00 00 1 5824.746
2011 02 24 08 15 00 1 5824.757
2011 02 24 08 30 00 1 5824.768
2011 02 24 08 45 00 1 5824.779
2011 02 24 09 00 00 1 5824.787
2011 02 24 09 15 00 1 5824.798
2011 02 24 09 30 00 1 5824.806
2011 02 24 09 45 00 1 5824.815
2011 02 24 10 00 00 1 5824.822
2011 02 24 10 15 00 1 5824.825
2011 02 24 10 30 00 1 5824.830
2011 02 24 10 45 00 1 5824.835
2011 02 24 11 00 00 1 5824.837
2011 02 24 11 15 00 1 5824.837
2011 02 24 11 30 00 1 5824.833
2011 02 24 11 45 00 1 5824.830
2011 02 24 12 00 00 1 5824.830
2011 02 24 12 15 00 1 5824.828
2011 02 24 12 30 00 1 5824.826
2011 02 24 12 45 00 1 5824.824
2011 02 24 13 00 00 1 5824.819
2011 02 24 13 15 00 1 5824.816
2011 02 24 13 30 00 1 5824.816
2011 02 24 13 45 00 1 5824.819
2011 02 24 14 00 00 1 5824.819
2011 02 24 14 15 00 1 5824.823
2011 02 24 14 30 00 1 5824.827
2011 02 24 14 45 00 1 5824.831
2011 02 24 15 00 00 1 5824.833
2011 02 24 15 15 00 1 5824.841
2011 02 24 15 30 00 1 5824.849
2011 02 24 15 45 00 1 5824.859
2011 02 24 16 00 00 1 5824.870
2011 02 24 16 15 00 1 5824.881
2011 02 24 16 30 00 1 5824.894
2011 02 24 16 45 00 1 5824.908
2011 02 24 17 00 00 1 5824.924
2011 02 24 17 15 00 1 5824.941
2011 02 24 17 30 00 1 5824.958
2011 02 24 17 45 00 1 5824.976
2011 02 24 18 00 00 1 5824.996
2011 02 24 18 15 00 1 5825.016
2011 02 24 18 30 00 1 5825.036
2011 02 24 18 45 00 1 5825.056
2011 02 24 19 00 00 1 5825.077
2011 02 24 19 15 00 1 5825.094
2011 02 24 19 30 00 1 5825.113
2011 02 24 19 45 00 1 5825.131
2011 02 24 20 00 00 1 5825.141
2011 02 24 20 15 00 1 5825.154
2011 02 24 20 30 00 1 5825.163
2011 02 24 20 45 00 1 5825.171
2011 02 24 21 00 00 1 5825.178
2011 02 24 21 15 00 1 5825.182
2011 02 24 21 30 00 1 5825.179
2011 02 24 21 45 00 1 5825.174
2011 02 24 22 00 00 1 5825.169
2011 02 24 22 15 00 1 5825.163
2011 02 24 22 30 00 1 5825.151
2011 02 24 22 45 00 1 5825.138
2011 02 24 23 00 00 1 5825.124
2011 02 24 23 15 00 1 5825.109
2011 02 24 23 30 00 1 5825.092
2011 02 24 23 45 00 1 5825.073
2011 02 25 00 00 00 1 5825.052
2011 02 25 00 15 00 1 5825.027
2011 02 25 00 30 00 1 5825.002
2011 02 25 00 45 00 1 5824.977
2011 02 25 01 00 00 1 5824.951
2011 02 25 01 15 00 1 5824.926
2011 02 25 01 30 00 1 5824.896
2011 02 25 01 45 00 1 5824.869
2011 02 25 02 00 00 1 5824.844
2011 02 25 02 15 00 1 5824.821
2011 02 25 02 30 00 1 5824.797
2011 02 25 02 45 00 1 5824.777
2011 02 25 03 00 00 1 5824.756
2011 02 25 03 15 00 1 5824.736
2011 02 25 03 30 00 1 5824.720
2011 02 25 03 45 00 1 5824.704
2011 02 25 04 00 00 1 5824.691
2011 02 25 04 15 00 1 5824.679
2011 02 25 04 30 00 1 5824.671
2011 02 25 04 45 00 1 5824.664
2011 02 25 05 00 00 1 5824.662
2011 02 25 05 15 00 1 5824.663
2011 02 25 05 30 00 1 5824.664
2011 02 25 05 45 00 1 5824.666
2011 02 25 06 00 00 1 5824.668
2011 02 25 06 15 00 1 5824.674
2011 02 25 06 30 00 1 5824.680
2011 02 25 06 45 00 1 5824.685
2011 02 25 07 00 00 1 5824.693
2011 02 25 07 15 00 1 5824.702
2011 02 25 07 30 00 1 5824.711
2011 02 25 07 45 00 1 5824.720
2011 02 25 08 00 00 1 5824.728
2011 02 25 08 15 00 1 5824.733
2011 02 25 08 30 00 1 5824.739
2011 02 25 08 45 00 1 5824.746
2011 02 25 09 00 00 1 5824.753
2011 02 25 09 15 00 1 5824.762
2011 02 25 09 30 00 1 5824.767
2011 02 25 09 45 00 1 5824.776
2011 02 25 10 00 00 1 5824.785
2011 02 25 10 15 00 1 5824.791
2011 02 25 10 30 00 1 5824.799
2011 02 25 10 45 00 1 5824.805
2011 02 25 11 00 00 1 5824.808
2011 02 25 11 15 00 1 5824.813
2011 02 25 11 30 00 1 5824.819
2011 02 25 11 45 00 1 5824.821
2011 02 25 12 00 00 1 5824.826
2011 02 25 12 15 00 1 5824.829
2011 02 25 12 30 00 1 5824.833
2011 02 25 12 45 00 1 5824.840
2011 02 25 13 00 00 1 5824.844
2011 02 25 13 15 00 1 5824.847
2011 02 25 13 30 00 1 5824.848
2011 02 25 13 45 00 1 5824.851
2011 02 25 14 00 00 1 5824.857
2011 02 25 14 15 00 1 5824.861
2011 02 25 14 30 00 1 5824.866
2011 02 25 14 45 00 1 5824.873
2011 02 25 15 00 00 1 5824.883
2011 02 25 15 15 00 1 5824.893
2011 02 25 15 30 00 1 5824.901
2011 02 25 15 45 00 1 5824.909
2011 02 25 16 00 00 1 5824.919
2011 02 25 16 15 00 1 5824.931
2011 02 25 16 30 00 1 5824.942
2011 02 25 16 45 00 1 5824.954
2011 02 25 17 00 00 1 5824.967
2011 02 25 17 15 00 1 5824.981
2011 02 25 17 30 00 1 5824.996
2011 02 25 17 45 00 1 5825.012
2011 02 25 18 00 00 1 5825.026
2011 02 25 18 15 00 1 5825.042
2011 02 25 18 30 00 1 5825.058
2011 02 25 18 45 00 1 5825.072
2011 02 25 19 00 00 1 5825.090
2011 02 25 19 15 00 1 5825.103
2011 02 25 19 30 00 1 5825.117
2011 02 25 19 45 00 1 5825.135
2011 02 25 20 00 00 1 5825.148
2011 02 25 20 15 00 1 5825.160
2011 02 25 20 30 00 1 5825.170
2011 02 25 20 45 00 1 5825.180
2011 02 25 21 00 00 1 5825.186
2011 02 25 21 15 00 1 5825.189
2011 02 25 21 30 00 1 5825.193
2011 02 25 21 45 00 1 5825.195
2011 02 25 22 00 00 1 5825.195
2011 02 25 22 15 00 1 5825.191
2011 02 25 22 30 00 1 5825.184
2011 02 25 22 45 00 1 5825.176
2011 02 25 23 00 00 1 5825.167
2011 02 25 23 15 00 1 5825.158
2011 02 25 23 30 00 1 5825.145
2011 02 25 23 45 00 1 5825.133
2011 02 26 00 00 00 1 5825.116
2011 02 26 00 15 00 1 5825.096
2011 02 26 00 30 00 1 5825.075
2011 02 26 00 45 00 1 5825.055
2011 02 26 01 00 00 1 5825.033
2011 02 26 01 15 00 1 5825.008
2011 02 26 01 30 00 1 5824.985
2011 02 26 01 45 00 1 5824.961
2011 02 26 02 00 00 1 5824.940
2011 02 26 02 15 00 1 5824.916
2011 02 26 02 30 00 1 5824.894
2011 02 26 02 45 00 1 5824.870
2011 02 26 03 00 00 1 5824.851
2011 02 26 03 15 00 1 5824.832
2011 02 26 03 30 00 1 5824.815
2011 02 26 03 45 00 1 5824.793
2011 02 26 04 00 00 1 5824.774
2011 02 26 04 15 00 1 5824.760
2011 02 26 04 30 00 1 5824.745
2011 02 26 04 45 00 1 5824.730
2011 02 26 05 00 00 1 5824.721
2011 02 26 05 15 00 1 5824.712
2011 02 26 05 30 00 1 5824.704
2011 02 26 05 45 00 1 5824.694
2011 02 26 06 00 00 1 5824.687
2011 02 26 06 15 00 1 5824.682
2011 02 26 06 30 00 1 5824.677
2011 02 26 06 45 00 1 5824.675
2011 02 26 07 00 00 1 5824.672
2011 02 26 07 15 00 1 5824.674
2011 02 26 07 30 00 1 5824.676
2011 02 26 07 45 00 1 5824.677
2011 02 26 08 00 00 1 5824.679
2011 02 26 08 15 00 1 5824.682
2011 02 26 08 30 00 1 5824.685
2011 02 26 08 45 00 1 5824.689
2011 02 26 09 00 00 1 5824.693
2011 02 26 09 15 00 1 5824.699
2011 02 26 09 30 00 1 5824.701
2011 02 26 09 45 00 1 5824.707
2011 02 26 10 00 00 1 5824.715
2011 02 26 10 15 00 1 5824.720
2011 02 26 10 30 00 1 5824.725
2011 02 26 10 45 00 1 5824.729
2011 02 26 11 00 00 1 5824.735
2011 02 26 11 15 00 1 5824.741
2011 02 26 11 30 00 1 5824.748
2011 02 26 11 45 00 1 5824.755
2011 02 26 12 00 00 1 5824.761
2011 02 26 12 15 00 1 5824.767
2011 02 26 12 30 00 1 5824.778
2011 02 26 12 45 00 1 5824.784
2011 02 26 13 00 00 1 5824.791
2011 02 26 13 15 00 1 5824.795
2011 02 26 13 30 00 1 5824.804
2011 02 26 13 45 00 1 5824.812
2011 02 26 14 00 00 1 5824.819
2011 02 26 14 15 00 1 5824.829
2011 02 26 14 30 00 1 5824.838
2011 02 26 14 45 00 1 5824.846
2011 02 26 15 00 00 1 5824.856
2011 02 26 15 15 00 1 5824.864
2011 02 26 15 30 00 1 5824.873
2011 02 26 15 45 00 1 5824.883
2011 02 26 16 00 00 1 5824.893
2011 02 26 16 15 00 1 5824.907
2011 02 26 16 30 00 1 5824.917
2011 02 26 16 45 00 1 5824.926
2011 02 26 17 00 00 1 5824.938
2011 02 26 17 15 00 1 5824.950
2011 02 26 17 30 00 1 5824.963
2011 02 26 17 45 00 1 5824.974
2011 02 26 18 00 00 1 5824.987
2011 02 26 18 15 00 1 5825.000
2011 02 26 18 30 00 1 5825.010
2011 02 26 18 45 00 1 5825.024
2011 02 26 19 00 00 1 5825.039
2011 02 26 19 15 00 1 5825.050
2011 02 26 19 30 00 1 5825.060
2011 02 26 19 45 00 1 5825.070
2011 02 26 20 00 00 1 5825.081
2011 02 26 20 15 00 1 5825.090
2011 02 26 20 30 00 1 5825.099
2011 02 26 20 45 00 1 5825.109
2011 02 26 21 00 00 1 5825.118
2011 02 26 21 15 00 1 5825.126
2011 02 26 21 30 00 1 5825.133
2011 02 26 21 45 00 1 5825.134
2011 02 26 22 00 00 1 5825.138
2011 02 26 22 15 00 1 5825.138
2011 02 26 22 30 00 1 5825.137
2011 02 26 22 45 00 1 5825.138
2011 02 26 23 00 00 1 5825.136
2011 02 26 23 15 00 1 5825.131
2011 02 26 23 30 00 1 5825.127
2011 02 26 23 45 00 1 5825.117
2011 02 27 00 00 00 1 5825.106
2011 02 27 00 15 00 1 5825.097
2011 02 27 00 30 00 1 5825.085
2011 02 27 00 45 00 1 5825.072
2011 02 27 01 00 00 1 5825.057
2011 02 27 01 15 00 1 5825.043
2011 02 27 01 30 00 1 5825.026
2011 02 27 01 45 00 1 5825.007
2011 02 27 02 00 00 1 5824.990
2011 02 27 02 15 00 1 5824.970
2011 02 27 02 30 00 1 5824.949
2011 02 27 02 45 00 1 5824.932
2011 02 27 03 00 00 1 5824.915
2011 02 27 03 15 00 1 5824.896
2011 02 27 03 30 00 1 5824.876
2011 02 27 03 45 00 1 5824.860
2011 02 27 04 00 00 1 5824.841
2011 02 27 04 15 00 1 5824.821
2011 02 27 04 30 00 1 5824.804
2011 02 27 04 45 00 1 5824.789
2011 02 27 05 00 00 1 5824.773
2011 02 27 05 15 00 1 5824.758
2011 02 27 05 30 00 1 5824.746
2011 02 27 05 45 00 1 5824.733
2011 02 27 06 00 00 1 5824.725
2011 02 27 06 15 00 1 5824.714
2011 02 27 06 30 00 1 5824.702
2011 02 27 06 45 00 1 5824.694
2011 02 27 07 00 00 1 5824.686
2011 02 27 07 15 00 1 5824.679
2011 02 27 07 30 00 1 5824.674
2011 02 27 07 45 00 1 5824.665
2011 02 27 08 00 00 1 5824.659
2011 02 27 08 15 00 1 5824.655
2011 02 27 08 30 00 1 5824.655
2011 02 27 08 45 00 1 5824.655
2011 02 27 09 00 00 1 5824.656
2011 02 27 09 15 00 1 5824.658
2011 02 27 09 30 00 1 5824.660
2011 02 27 09 45 00 1 5824.661
2011 02 27 10 00 00 1 5824.663
2011 02 27 10 15 00 1 5824.666
2011 02 27 10 30 00 1 5824.671
2011 02 27 10 45 00 1 5824.675
2011 02 27 11 00 00 1 5824.676
2011 02 27 11 15 00 1 5824.679
2011 02 27 11 30 00 1 5824.684
2011 02 27 11 45 00 1 5824.692
2011 02 27 12 00 00 1 5824.703
2011 02 27 12 15 00 1 5824.710
2011 02 27 12 30 00 1 5824.723
2011 02 27 12 45 00 1 5824.734
2011 02 27 13 00 00 1 5824.746
2011 02 27 13 15 00 1 5824.757
2011 02 27 13 30 00 1 5824.770
2011 02 27 13 45 00 1 5824.783
2011 02 27 14 00 00 1 5824.797
2011 02 27 14 15 00 1 5824.809
2011 02 27 14 30 00 1 5824.825
2011 02 27 14 45 00 1 5824.837
2011 02 27 15 00 00 1 5824.852
2011 02 27 15 15 00 1 5824.867
2011 02 27 15 30 00 1 5824.880
2011 02 27 15 45 00 1 5824.892
2011 02 27 16 00 00 1 5824.903
2011 02 27 16 15 00 1 5824.917
2011 02 27 16 30 00 1 5824.928
2011 02 27 16 45 00 1 5824.941
2011 02 27 17 00 00 1 5824.954
2011 02 27 17 15 00 1 5824.965
2011 02 27 17 30 00 1 5824.972
2011 02 27 17 45 00 1 5824.982
2011 02 27 18 00 00 1 5824.991
2011 02 27 18 15 00 1 5825.001
2011 02 27 18 30 00 1 5825.009
2011 02 27 18 45 00 1 5825.015
2011 02 27 19 00 00 1 5825.023
2011 02 27 19 15 00 1 5825.031
2011 02 27 19 30 00 1 5825.040
2011 02 27 19 45 00 1 5825.046
2011 02 27 20 00 00 1 5825.052
2011 02 27 20 15 00 1 5825.061
2011 02 27 20 30 00 1 5825.069
2011 02 27 20 45 00 1 5825.076
2011 02 27 21 00 00 1 5825.081
2011 02 27 21 15 00 1 5825.088
2011 02 27 21 30 00 1 5825.092
2011 02 27 21 45 00 1 5825.098
2011 02 27 22 00 00 1 5825.102
2011 02 27 22 15 00 1 5825.106
2011 02 27 22 30 00 1 5825.107
2011 02 27 22 45 00 1 5825.113
2011 02 27 23 00 00 1 5825.115
2011 02 27 23 15 00 1 5825.117
2011 02 27 23 30 00 1 5825.117
2011 02 27 23 45 00 1 5825.116
2011 02 28 00 00 00 1 5825.114
2011 02 28 00 15 00 1 5825.108
2011 02 28 00 30 00 1 5825.102
2011 02 28 00 45 00 1 5825.098
2011 02 28 01 00 00 1 5825.091
2011 02 28 01 15 00 1 5825.088
2011 02 28 01 30 00 1 5825.079
2011 02 28 01 45 00 1 5825.069
2011 02 28 02 00 00 1 5825.060
2011 02 28 02 15 00 1 5825.049
2011 02 28 02 30 00 1 5825.037
2011 02 28 02 45 00 1 5825.026
2011 02 28 03 00 00 1 5825.016
2011 02 28 03 15 00 1 5825.005
2011 02 28 03 30 00 1 5824.991
2011 02 28 03 45 00 1 5824.979
2011 02 28 04 00 00 1 5824.964
2011 02 28 04 15 00 1 5824.949
2011 02 28 04 30 00 1 5824.934
2011 02 28 04 45 00 1 5824.919
2011 02 28 05 00 00 1 5824.903
2011 02 28 05 15 00 1 5824.887
2011 02 28 05 30 00 1 5824.872
2011 02 28 05 45 00 1 5824.855
2011 02 28 06 00 00 1 5824.840
2011 02 28 06 15 00 1 5824.825
2011 02 28 06 30 00 1 5824.809
2011 02 28 06 45 00 1 5824.794
2011 02 28 07 00 00 1 5824.782
2011 02 28 07 15 00 1 5824.764
2011 02 28 07 30 00 1 5824.749
2011 02 28 07 45 00 1 5824.737
2011 02 28 08 00 00 1 5824.723
2011 02 28 08 15 00 1 5824.712
2011 02 28 08 30 00 1 5824.700
2011 02 28 08 45 00 1 5824.691
2011 02 28 09 00 00 1 5824.682
2011 02 28 09 15 00 1 5824.675
2011 02 28 09 30 00 1 5824.666
2011 02 28 09 45 00 1 5824.663
2011 02 28 10 00 00 1 5824.659
2011 02 28 10 15 00 1 5824.657
2011 02 28 10 30 00 1 5824.655
2011 02 28 10 45 00 1 5824.655
2011 02 28 11 00 00 1 5824.656
2011 02 28 11 15 00 1 5824.660
2011 02 28 11 30 00 1 5824.663
2011 02 28 11 45 00 1 5824.670
2011 02 28 12 00 00 1 5824.677
2011 02 28 12 15 00 1 5824.685
2011 02 28 12 30 00 1 5824.696
2011 02 28 12 45 00 1 5824.704
2011 02 28 13 00 00 1 5824.718
2011 02 28 13 15 00 1 5824.735
2011 02 28 13 30 00 1 5824.749
2011 02 28 13 45 00 1 5824.764
2011 02 28 14 00 00 1 5824.782
2011 02 28 14 15 00 1 5824.798
2011 02 28 14 30 00 1 5824.817
2011 02 28 14 45 00 1 5824.833
2011 02 28 15 00 00 1 5824.851
2011 02 28 15 15 00 1 5824.866
2011 02 28 15 30 00 1 5824.881
2011 02 28 15 45 00 1 5824.901
2011 02 28 16 00 00 1 5824.914
2011 02 28 16 15 00 1 5824.929
2011 02 28 16 30 00 1 5824.943
2011 02 28 16 45 00 1 5824.954
2011 02 28 17 00 00 1 5824.965
2011 02 28 17 15 00 1 5824.976
2011 02 28 17 30 00 1 5824.982
2011 02 28 17 45 00 1 5824.991
2011 02 28 18 00 00 1 5824.999
2011 02 28 18 15 00 1 5825.008
2011 02 28 18 30 00 1 5825.016
2011 02 28 18 45 00 1 5825.021
2011 02 28 19 00 00 1 5825.024
2011 02 28 19 15 00 1 5825.031
2011 02 28 19 30 00 1 5825.033
2011 02 28 19 45 00 1 5825.035
2011 02 28 20 00 00 1 5825.035
2011 02 28 20 15 00 1 5825.036
2011 02 28 20 30 00 1 5825.042
2011 02 28 20 45 00 1 5825.043
2011 02 28 21 00 00 1 5825.046
2011 02 28 21 15 00 1 5825.045
2011 02 28 21 30 00 1 5825.048
2011 02 28 21 45 00 1 5825.050
2011 02 28 22 00 00 1 5825.052
2011 02 28 22 15 00 1 5825.056
2011 02 28 22 30 00 1 5825.059
2011 02 28 22 45 00 1 5825.063
2011 02 28 23 00 00 1 5825.067
2011 02 28 23 15 00 1 5825.069
2011 02 28 23 30 00 1 5825.071
2011 02 28 23 45 00 1 5825.072
2011 03 01 00 00 00 1 5825.075
2011 03 01 00 15 00 1 5825.075
2011 03 01 00 30 00 1 5825.077
2011 03 01 00 45 00 1 5825.075
2011 03 01 01 00 00 1 5825.078
2011 03 01 01 15 00 1 5825.076
2011 03 01 01 30 00 1 5825.078
2011 03 01 01 45 00 1 5825.076
2011 03 01 02 00 00 1 5825.076
2011 03 01 02 15 00 1 5825.074
2011 03 01 02 30 00 1 5825.072
2011 03 01 02 45 00 1 5825.072
2011 03 01 03 00 00 1 5825.067
2011 03 01 03 15 00 1 5825.067
2011 03 01 03 30 00 1 5825.061
2011 03 01 03 45 00 1 5825.056
2011 03 01 04 00 00 1 5825.049
2011 03 01 04 15 00 1 5825.041
2011 03 01 04 30 00 1 5825.029
2011 03 01 04 45 00 1 5825.017
2011 03 01 05 00 00 1 5825.005
2011 03 01 05 15 00 1 5824.992
2011 03 01 05 30 00 1 5824.979
2011 03 01 05 45 00 1 5824.964
2011 03 01 06 00 00 1 5824.948
2011 03 01 06 15 00 1 5824.930
2011 03 01 06 30 00 1 5824.910
2011 03 01 06 45 00 1 5824.893
2011 03 01 07 00 00 1 5824.874
2011 03 01 07 15 00 1 5824.857
2011 03 01 07 30 00 1 5824.841
2011 03 01 07 45 00 1 5824.821
2011 03 01 08 00 00 1 5824.797
2011 03 01 08 15 00 1 5824.777
2011 03 01 08 30 00 1 5824.761
2011 03 01 08 45 00 1 5824.744
2011 03 01 09 00 00 1 5824.724
2011 03 01 09 15 00 1 5824.712
2011 03 01 09 30 00 1 5824.697
2011 03 01 09 45 00 1 5824.683
2011 03 01 10 00 00 1 5824.672
2011 03 01 10 15 00 1 5824.663
2011 03 01 10 30 00 1 5824.656
2011 03 01 10 45 00 1 5824.651
2011 03 01 11 00 00 1 5824.646
2011 03 01 11 15 00 1 5824.645
2011 03 01 11 30 00 1 5824.647
2011 03 01 11 45 00 1 5824.647
2011 03 01 12 00 00 1 5824.655
2011 03 01 12 15 00 1 5824.658
2011 03 01 12 30 00 1 5824.666
2011 03 01 12 45 00 1 5824.677
2011 03 01 13 00 00 1 5824.690
2011 03 01 13 15 00 1 5824.705
2011 03 01 13 30 00 1 5824.718
2011 03 01 13 45 00 1 5824.733
2011 03 01 14 00 00 1 5824.751
2011 03 01 14 15 00 1 5824.770
2011 03 01 14 30 00 1 5824.790
2011 03 01 14 45 00 1 5824.809
2011 03 01 15 00 00 1 5824.827
2011 03 01 15 15 00 1 5824.844
2011 03 01 15 30 00 1 5824.864
2011 03 01 15 45 00 1 5824.884
2011 03 01 16 00 00 1 5824.905
2011 03 01 16 15 00 1 5824.921
2011 03 01 16 30 00 1 5824.939
2011 03 01 16 45 00 1 5824.953
2011 03 01 17 00 00 1 5824.967
2011 03 01 17 15 00 1 5824.981
2011 03 01 17 30 00 1 5824.988
2011 03 01 17 45 00 1 5824.995
2011 03 01 18 00 00 1 5825.004
2011 03 01 18 15 00 1 5825.013
2011 03 01 18 30 00 1 5825.015
2011 03 01 18 45 00 1 5825.020
2011 03 01 19 00 00 1 5825.020
2011 03 01 19 15 00 1 5825.022
2011 03 01 19 30 00 1 5825.021
2011 03 01 19 45 00 1 5825.020
2011 03 01 20 00 00 1 5825.017
2011 03 01 20 15 00 1 5825.015
2011 03 01 20 30 00 1 5825.011
2011 03 01 20 45 00 1 5825.008
2011 03 01 21 00 00 1 5825.005
2011 03 01 21 15 00 1 5825.000
2011 03 01 21 30 00 1 5824.996
2011 03 01 21 45 00 1 5824.990
2011 03 01 22 00 00 1 5824.989
2011 03 01 22 15 00 1 5824.984
2011 03 01 22 30 00 1 5824.981
2011 03 01 22 45 00 1 5824.979
2011 03 01 23 00 00 1 5824.979
2011 03 01 23 15 00 1 5824.980
2011 03 01 23 30 00 1 5824.983
2011 03 01 23 45 00 1 5824.986
2011 03 02 00 00 00 1 5824.991
2011 03 02 00 15 00 1 5824.996
2011 03 02 00 30 00 1 5825.001
2011 03 02 00 45 00 1 5825.004
2011 03 02 01 00 00 1 5825.007
2011 03 02 01 15 00 1 5825.012
2011 03 02 01 30 00 1 5825.019
2011 03 02 01 45 00 1 5825.025
2011 03 02 02 00 00 1 5825.029
2011 03 02 02 15 00 1 5825.036
2011 03 02 02 30 00 1 5825.041
2011 03 02 02 45 00 1 5825.046
2011 03 02 03 00 00 1 5825.052
2011 03 02 03 15 00 1 5825.057
2011 03 02 03 30 00 1 5825.061
2011 03 02 03 45 00 1 5825.064
2011 03 02 04 00 00 1 5825.067
2011 03 02 04 15 00 1 5825.067
2011 03 02 04 30 00 1 5825.065
2011 03 02 04 45 00 1 5825.064
2011 03 02 05 00 00 1 5825.057
2011 03 02 05 15 00 1 5825.050
2011 03 02 05 30 00 1 5825.042
2011 03 02 05 45 00 1 5825.030
2011 03 02 06 00 00 1 5825.018
2011 03 02 06 15 00 1 5825.004
2011 03 02 06 30 00 1 5824.988
2011 03 02 06 45 00 1 5824.971
2011 03 02 07 00 00 1 5824.951
2011 03 02 07 15 00 1 5824.930
2011 03 02 07 30 00 1 5824.909
2011 03 02 07 45 00 1 5824.887
2011 03 02 08 00 00 1 5824.865
2011 03 02 08 15 00 1 5824.844
2011 03 02 08 30 00 1 5824.823
2011 03 02 08 45 00 1 5824.801
2011 03 02 09 00 00 1 5824.779
2011 03 02 09 15 00 1 5824.756
2011 03 02 09 30 00 1 5824.736
2011 03 02 09 45 00 1 5824.717
2011 03 02 10 00 00 1 5824.698
2011 03 02 10 15 00 1 5824.680
2011 03 02 10 30 00 1 5824.664
2011 03 02 10 45 00 1 5824.652
2011 03 02 11 00 00 1 5824.644
2011 03 02 11 15 00 1 5824.637
2011 03 02 11 30 00 1 5824.634
2011 03 02 11 45 00 1 5824.631
2011 03 02 12 00 00 1 5824.629
2011 03 02 12 15 00 1 5824.632
2011 03 02 12 30 00 1 5824.639
2011 03 02 12 45 00 1 5824.644
2011 03 02 13 00 00 1 5824.654
2011 03 02 13 15 00 1 5824.667
2011 03 02 13 30 00 1 5824.682
2011 03 02 13 45 00 1 5824.697
2011 03 02 14 00 00 1 5824.713
2011 03 02 14 15 00 1 5824.731
2011 03 02 14 30 00 1 5824.749
2011 03 02 14 45 00 1 5824.769
2011 03 02 15 00 00 1 5824.790
2011 03 02 15 15 00 1 5824.810
2011 03 02 15 30 00 1 5824.833
2011 03 02 15 45 00 1 5824.857
2011 03 02 16 00 00 1 5824.880
2011 03 02 16 15 00 1 5824.900
2011 03 02 16 30 00 1 5824.920
2011 03 02 16 45 00 1 5824.938
2011 03 02 17 00 00 1 5824.955
2011 03 02 17 15 00 1 5824.969
2011 03 02 17 30 00 1 5824.980
2011 03 02 17 45 00 1 5824.992
2011 03 02 18 00 00 1 5825.004
2011 03 02 18 15 00 1 5825.013
2011 03 02 18 30 00 1 5825.018
2011 03 02 18 45 00 1 5825.022
2011 03 02 19 00 00 1 5825.025
2011 03 02 19 15 00 1 5825.023
2011 03 02 19 30 00 1 5825.023
2011 03 02 19 45 00 1 5825.016
2011 03 02 20 00 00 1 5825.013
2011 03 02 20 15 00 1 5825.007
2011 03 02 20 30 00 1 5825.000
2011 03 02 20 45 00 1 5824.992
2011 03 02 21 00 00 1 5824.985
2011 03 02 21 15 00 1 5824.977
2011 03 02 21 30 00 1 5824.968
2011 03 02 21 45 00 1 5824.961
2011 03 02 22 00 00 1 5824.953
2011 03 02 22 15 00 1 5824.946
2011 03 02 22 30 00 1 5824.939
2011 03 02 22 45 00 1 5824.930
2011 03 02 23 00 00 1 5824.926
2011 03 02 23 15 00 1 5824.923
2011 03 02 23 30 00 1 5824.922
2011 03 02 23 45 00 1 5824.921
2011 03 03 00 00 00 1 5824.922
2011 03 03 00 15 00 1 5824.922
2011 03 03 00 30 00 1 5824.927
2011 03 03 00 45 00 1 5824.933
2011 03 03 01 00 00 1 5824.938
2011 03 03 01 15 00 1 5824.946
2011 03 03 01 30 00 1 5824.954
2011 03 03 01 45 00 1 5824.964
2011 03 03 02 00 00 1 5824.973
2011 03 03 02 15 00 1 5824.985
2011 03 03 02 30 00 1 5824.997
2011 03 03 02 45 00 1 5825.010
2011 03 03 03 00 00 1 5825.026
2011 03 03 03 15 00 1 5825.037
2011 03 03 03 30 00 1 5825.048
2011 03 03 03 45 00 1 5825.062
2011 03 03 04 00 00 1 5825.073
2011 03 03 04 15 00 1 5825.083
2011 03 03 04 30 00 1 5825.090
2011 03 03 04 45 00 1 5825.095
2011 03 03 05 00 00 1 5825.098
2011 03 03 05 15 00 1 5825.099
2011 03 03 05 30 00 1 5825.100
2011 03 03 05 45 00 1 5825.096
2011 03 03 06 00 00 1 5825.089
2011 03 03 06 15 00 1 5825.079
2011 03 03 06 30 00 1 5825.069
2011 03 03 06 45 00 1 5825.057
2011 03 03 07 00 00 1 5825.039
2011 03 03 07 15 00 1 5825.022
2011 03 03 07 30 00 1 5825.000
2011 03 03 07 45 00 1 5824.979
2011 03 03 08 00 00 1 5824.955
2011 03 03 08 15 00 1 5824.931
2011 03 03 08 30 00 1 5824.909
2011 03 03 08 45 00 1 5824.885
2011 03 03 09 00 00 1 5824.861
2011 03 03 09 15 00 1 5824.836
2011 03 03 09 30 00 1 5824.811
2011 03 03 09 45 00 1 5824.789
2011 03 03 10 00 00 1 5824.764
2011 03 03 10 15 00 1 5824.742
2011 03 03 10 30 00 1 5824.721
2011 03 03 10 45 00 1 5824.704
2011 03 03 11 00 00 1 5824.686
2011 03 03 11 15 00 1 5824.675
2011 03 03 11 30 00 1 5824.665
2011 03 03 11 45 00 1 5824.655
2011 03 03 12 00 00 1 5824.649
2011 03 03 12 15 00 1 5824.648
2011 03 03 12 30 00 1 5824.649
2011 03 03 12 45 00 1 5824.653
2011 03 03 13 00 00 1 5824.660
2011 03 03 13 15 00 1 5824.671
2011 03 03 13 30 00 1 5824.678
2011 03 03 13 45 00 1 5824.690
2011 03 03 14 00 00 1 5824.707
2011 03 03 14 15 00 1 5824.727
2011 03 03 14 30 00 1 5824.749
2011 03 03 14 45 00 1 5824.771
2011 03 03 15 00 00 1 5824.793
2011 03 03 15 15 00 1 5824.814
2011 03 03 15 30 00 1 5824.838
2011 03 03 15 45 00 1 5824.861
2011 03 03 16 00 00 1 5824.885
2011 03 03 16 15 00 1 5824.908
2011 03 03 16 30 00 1 5824.935
2011 03 03 16 45 00 1 5824.957
2011 03 03 17 00 00 1 5824.978
2011 03 03 17 15 00 1 5824.995
2011 03 03 17 30 00 1 5825.011
2011 03 03 17 45 00 1 5825.023
2011 03 03 18 00 00 1 5825.035
2011 03 03 18 15 00 1 5825.046
2011 03 03 18 30 00 1 5825.055
2011 03 03 18 45 00 1 5825.061
2011 03 03 19 00 00 1 5825.064
2011 03 03 19 15 00 1 5825.065
2011 03 03 19 30 00 1 5825.063
2011 03 03 19 45 00 1 5825.056
2011 03 03 20 00 00 1 5825.051
2011 03 03 20 15 00 1 5825.040
2011 03 03 20 30 00 1 5825.031
2011 03 03 20 45 00 1 5825.020
2011 03 03 21 00 00 1 5825.009
2011 03 03 21 15 00 1 5824.997
2011 03 03 21 30 00 1 5824.984
2011 03 03 21 45 00 1 5824.972
2011 03 03 22 00 00 1 5824.958
2011 03 03 22 15 00 1 5824.946
2011 03 03 22 30 00 1 5824.931
2011 03 03 22 45 00 1 5824.921
2011 03 03 23 00 00 1 5824.908
2011 03 03 23 15 00 1 5824.898
2011 03 03 23 30 00 1 5824.893
2011 03 03 23 45 00 1 5824.888
2011 03 04 00 00 00 1 5824.886
2011 03 04 00 15 00 1 5824.885
2011 03 04 00 30 00 1 5824.886
2011 03 04 00 45 00 1 5824.886
2011 03 04 01 00 00 1 5824.893
2011 03 04 01 15 00 1 5824.898
2011 03 04 01 30 00 1 5824.905
2011 03 04 01 45 00 1 5824.915
2011 03 04 02 00 00 1 5824.926
2011 03 04 02 15 00 1 5824.940
2011 03 04 02 30 00 1 5824.954
2011 03 04 02 45 00 1 5824.972
2011 03 04 03 00 00 1 5824.986
2011 03 04 03 15 00 1 5825.006
2011 03 04 03 30 00 1 5825.024
2011 03 04 03 45 00 1 5825.042
2011 03 04 04 00 00 1 5825.058
2011 03 04 04 15 00 1 5825.078
2011 03 04 04 30 00 1 5825.092
2011 03 04 04 45 00 1 5825.106
2011 03 04 05 00 00 1 5825.119
2011 03 04 05 15 00 1 5825.129
2011 03 04 05 30 00 1 5825.136
2011 03 04 05 45 00 1 5825.141
2011 03 04 06 00 00 1 5825.142
2011 03 04 06 15 00 1 5825.140
2011 03 04 06 30 00 1 5825.137
2011 03 04 06 45 00 1 5825.128
2011 03 04 07 00 00 1 5825.119
2011 03 04 07 15 00 1 5825.108
2011 03 04 07 30 00 1 5825.093
2011 03 04 07 45 00 1 5825.072
2011 03 04 08 00 00 1 5825.051
2011 03 04 08 15 00 1 5825.028
2011 03 04 08 30 00 1 5825.004
2011 03 04 08 45 00 1 5824.977
2011 03 04 09 00 00 1 5824.952
2011 03 04 09 15 00 1 5824.926
2011 03 04 09 30 00 1 5824.900
2011 03 04 09 45 00 1 5824.875
2011 03 04 10 00 00 1 5824.848
2011 03 04 10 15 00 1 5824.823
2011 03 04 10 30 00 1 5824.800
2011 03 04 10 45 00 1 5824.776
2011 03 04 11 00 00 1 5824.754
2011 03 04 11 15 00 1 5824.735
2011 03 04 11 30 00 1 5824.717
2011 03 04 11 45 00 1 5824.701
2011 03 04 12 00 00 1 5824.691
2011 03 04 12 15 00 1 5824.684
2011 03 04 12 30 00 1 5824.680
2011 03 04 12 45 00 1 5824.678
2011 03 04 13 00 00 1 5824.680
2011 03 04 13 15 00 1 5824.687
2011 03 04 13 30 00 1 5824.696
2011 03 04 13 45 00 1 5824.705
2011 03 04 14 00 00 1 5824.720
2011 03 04 14 15 00 1 5824.735
2011 03 04 14 30 00 1 5824.752
2011 03 04 14 45 00 1 5824.771
2011 03 04 15 00 00 1 5824.792
2011 03 04 15 15 00 1 5824.814
2011 03 04 15 30 00 1 5824.840
2011 03 04 15 45 00 1 5824.862
2011 03 04 16 00 00 1 5824.885
2011 03 04 16 15 00 1 5824.908
2011 03 04 16 30 00 1 5824.930
2011 03 04 16 45 00 1 5824.955
2011 03 04 17 00 00 1 5824.978
2011 03 04 17 15 00 1 5825.000
2011 03 04 17 30 00 1 5825.018
2011 03 04 17 45 00 1 5825.036
2011 03 04 18 00 00 1 5825.052
2011 03 04 18 15 00 1 5825.063
2011 03 04 18 30 00 1 5825.072
2011 03 04 18 45 00 1 5825.081
2011 03 04 19 00 00 1 5825.086
2011 03 04 19 15 00 1 5825.088
2011 03 04 19 30 00 1 5825.089
2011 03 04 19 45 00 1 5825.084
2011 03 04 20 00 00 1 5825.075
2011 03 04 20 15 00 1 5825.067
2011 03 04 20 30 00 1 5825.056
2011 03 04 20 45 00 1 5825.042
2011 03 04 21 00 00 1 5825.029
2011 03 04 21 15 00 1 5825.014
2011 03 04 21 30 00 1 5824.999
2011 03 04 21 45 00 1 5824.980
2011 03 04 22 00 00 1 5824.964
2011 03 04 22 15 00 1 5824.945
2011 03 04 22 30 00 1 5824.926
2011 03 04 22 45 00 1 5824.910
2011 03 04 23 00 00 1 5824.894
2011 03 04 23 15 00 1 5824.877
2011 03 04 23 30 00 1 5824.866
2011 03 04 23 45 00 1 5824.855
2011 03 05 00 00 00 1 5824.844
2011 03 05 00 15 00 1 5824.837
2011 03 05 00 30 00 1 5824.832
2011 03 05 00 45 00 1 5824.829
2011 03 05 01 00 00 1 5824.829
2011 03 05 01 15 00 1 5824.831
2011 03 05 01 30 00 1 5824.839
2011 03 05 01 45 00 1 5824.845
2011 03 05 02 00 00 1 5824.854
2011 03 05 02 15 00 1 5824.867
2011 03 05 02 30 00 1 5824.881
2011 03 05 02 45 00 1 5824.895
2011 03 05 03 00 00 1 5824.913
2011 03 05 03 15 00 1 5824.934
2011 03 05 03 30 00 1 5824.956
2011 03 05 03 45 00 1 5824.977
2011 03 05 04 00 00 1 5824.996
2011 03 05 04 15 00 1 5825.020
2011 03 05 04 30 00 1 5825.041
2011 03 05 04 45 00 1 5825.060
2011 03 05 05 00 00 1 5825.079
2011 03 05 05 15 00 1 5825.098
2011 03 05 05 30 00 1 5825.111
2011 03 05 05 45 00 1 5825.126
2011 03 05 06 00 00 1 5825.136
2011 03 05 06 15 00 1 5825.143
2011 03 05 06 30 00 1 5825.146
2011 03 05 06 45 00 1 5825.146
2011 03 05 07 00 00 1 5825.143
2011 03 05 07 15 00 1 5825.139
2011 03 05 07 30 00 1 5825.131
2011 03 05 07 45 00 1 5825.120
2011 03 05 08 00 00 1 5825.105
2011 03 05 08 15 00 1 5825.089
2011 03 05 08 30 00 1 5825.070
2011 03 05 08 45 00 1 5825.050
2011 03 05 09 00 00 1 5825.028
2011 03 05 09 15 00 1 5825.005
2011 03 05 09 30 00 1 5824.979
2011 03 05 09 45 00 1 5824.954
2011 03 05 10 00 00 1 5824.929
2011 03 05 10 15 00 1 5824.902
2011 03 05 10 30 00 1 5824.878
2011 03 05 10 45 00 1 5824.854
2011 03 05 11 00 00 1 5824.831
2011 03 05 11 15 00 1 5824.810
2011 03 05 11 30 00 1 5824.790
2011 03 05 11 45 00 1 5824.773
2011 03 05 12 00 00 1 5824.760
2011 03 05 12 15 00 1 5824.749
2011 03 05 12 30 00 1 5824.738
2011 03 05 12 45 00 1 5824.732
2011 03 05 13 00 00 1 5824.730
2011 03 05 13 15 00 1 5824.730
2011 03 05 13 30 00 1 5824.735
2011 03 05 13 45 00 1 5824.741
2011 03 05 14 00 00 1 5824.749
2011 03 05 14 15 00 1 5824.761
2011 03 05 14 30 00 1 5824.776
2011 03 05 14 45 00 1 5824.791
2011 03 05 15 00 00 1 5824.810
2011 03 05 15 15 00 1 5824.829
2011 03 05 15 30 00 1 5824.852
2011 03 05 15 45 00 1 5824.874
2011 03 05 16 00 00 1 5824.896
2011 03 05 16 15 00 1 5824.920
2011 03 05 16 30 00 1 5824.944
2011 03 05 16 45 00 1 5824.968
2011 03 05 17 00 00 1 5824.991
2011 03 05 17 15 00 1 5825.012
2011 03 05 17 30 00 1 5825.035
2011 03 05 17 45 00 1 5825.055
2011 03 05 18 00 00 1 5825.074
2011 03 05 18 15 00 1 5825.092
2011 03 05 18 30 00 1 5825.106
2011 03 05 18 45 00 1 5825.117
2011 03 05 19 00 00 1 5825.123
2011 03 05 19 15 00 1 5825.126
2011 03 05 19 30 00 1 5825.128
2011 03 05 19 45 00 1 5825.125
2011 03 05 20 00 00 1 5825.121
2011 03 05 20 15 00 1 5825.112
2011 03 05 20 30 00 1 5825.104
2011 03 05 20 45 00 1 5825.091
2011 03 05 21 00 00 1 5825.077
2011 03 05 21 15 00 1 5825.061
2011 03 05 21 30 00 1 5825.042
2011 03 05 21 45 00 1 5825.023
2011 03 05 22 00 00 1 5825.003
2011 03 05 22 15 00 1 5824.980
2011 03 05 22 30 00 1 5824.957
2011 03 05 22 45 00 1 5824.934
2011 03 05 23 00 00 1 5824.912
2011 03 05 23 15 00 1 5824.891
2011 03 05 23 30 00 1 5824.872
2011 03 05 23 45 00 1 5824.855
2011 03 06 00 00 00 1 5824.839
2011 03 06 00 15 00 1 5824.824
2011 03 06 00 30 00 1 5824.815
2011 03 06 00 45 00 1 5824.806
2011 03 06 01 00 00 1 5824.798
2011 03 06 01 15 00 1 5824.796
2011 03 06 01 30 00 1 5824.795
2011 03 06 01 45 00 1 5824.796
2011 03 06 02 00 00 1 5824.800
2011 03 06 02 15 00 1 5824.809
2011 03 06 02 30 00 1 5824.823
2011 03 06 02 45 00 1 5824.838
2011 03 06 03 00 00 1 5824.854
2011 03 06 03 15 00 1 5824.871
2011 03 06 03 30 00 1 5824.890
2011 03 06 03 45 00 1 5824.913
2011 03 06 04 00 00 1 5824.936
2011 03 06 04 15 00 1 5824.961
2011 03 06 04 30 00 1 5824.984
2011 03 06 04 45 00 1 5825.009
2011 03 06 05 00 00 1 5825.032
2011 03 06 05 15 00 1 5825.055
2011 03 06 05 30 00 1 5825.075
2011 03 06 05 45 00 1 5825.094
2011 03 06 06 00 00 1 5825.112
2011 03 06 06 15 00 1 5825.122
2011 03 06 06 30 00 1 5825.132
2011 03 06 06 45 00 1 5825.138
2011 03 06 07 00 00 1 5825.145
2011 03 06 07 15 00 1 5825.149
2011 03 06 07 30 00 1 5825.149
2011 03 06 07 45 00 1 5825.143
2011 03 06 08 00 00 1 5825.136
2011 03 06 08 15 00 1 5825.125
2011 03 06 08 30 00 1 5825.111
2011 03 06 08 45 00 1 5825.094
2011 03 06 09 00 00 1 5825.076
2011 03 06 09 15 00 1 5825.058
2011 03 06 09 30 00 1 5825.038
2011 03 06 09 45 00 1 5825.017
2011 03 06 10 00 00 1 5824.996
2011 03 06 10 15 00 1 5824.972
2011 03 06 10 30 00 1 5824.945
2011 03 06 10 45 00 1 5824.920
2011 03 06 11 00 00 1 5824.898
2011 03 06 11 15 00 1 5824.877
2011 03 06 11 30 00 1 5824.855
2011 03 06 11 45 00 1 5824.836
2011 03 06 12 00 00 1 5824.820
2011 03 06 12 15 00 1 5824.806
2011 03 06 12 30 00 1 5824.794
2011 03 06 12 45 00 1 5824.784
2011 03 06 13 00 00 1 5824.775
2011 03 06 13 15 00 1 5824.773
2011 03 06 13 30 00 1 5824.770
2011 03 06 13 45 00 1 5824.771
2011 03 06 14 00 00 1 5824.776
2011 03 06 14 15 00 1 5824.786
2011 03 06 14 30 00 1 5824.796
2011 03 06 14 45 00 1 5824.810
2011 03 06 15 00 00 1 5824.822
2011 03 06 15 15 00 1 5824.837
2011 03 06 15 30 00 1 5824.857
2011 03 06 15 45 00 1 5824.877
2011 03 06 16 00 00 1 5824.899
2011 03 06 16 15 00 1 5824.920
2011 03 06 16 30 00 1 5824.942
2011 03 06 16 45 00 1 5824.964
2011 03 06 17 00 00 1 5824.988
2011 03 06 17 15 00 1 5825.011
2011 03 06 17 30 00 1 5825.032
2011 03 06 17 45 00 1 5825.053
2011 03 06 18 00 00 1 5825.075
2011 03 06 18 15 00 1 5825.092
2011 03 06 18 30 00 1 5825.108
2011 03 06 18 45 00 1 5825.121
2011 03 06 19 00 00 1 5825.132
2011 03 06 19 15 00 1 5825.140
2011 03 06 19 30 00 1 5825.143
2011 03 06 19 45 00 1 5825.143
2011 03 06 20 00 00 1 5825.142
2011 03 06 20 15 00 1 5825.137
2011 03 06 20 30 00 1 5825.130
2011 03 06 20 45 00 1 5825.120
2011 03 06 21 00 00 1 5825.106
2011 03 06 21 15 00 1 5825.089
2011 03 06 21 30 00 1 5825.072
2011 03 06 21 45 00 1 5825.051
2011 03 06 22 00 00 1 5825.029
2011 03 06 22 15 00 1 5825.006
2011 03 06 22 30 00 1 5824.981
2011 03 06 22 45 00 1 5824.958
2011 03 06 23 00 00 1 5824.934
2011 03 06 23 15 00 1 5824.909
2011 03 06 23 30 00 1 5824.886
2011 03 06 23 45 00 1 5824.864
2011 03 07 00 00 00 1 5824.841
2011 03 07 00 15 00 1 5824.822
2011 03 07 00 30 00 1 5824.804
2011 03 07 00 45 00 1 5824.788
2011 03 07 01 00 00 1 5824.779
2011 03 07 01 15 00 1 5824.770
2011 03 07 01 30 00 1 5824.764
2011 03 07 01 45 00 1 5824.760
2011 03 07 02 00 00 1 5824.760
2011 03 07 02 15 00 1 5824.766
2011 03 07 02 30 00 1 5824.771
2011 03 07 02 45 00 1 5824.780
2011 03 07 03 00 00 1 5824.793
2011 03 07 03 15 00 1 5824.808
2011 03 07 03 30 00 1 5824.824
2011 03 07 03 45 00 1 5824.844
2011 03 07 04 00 00 1 5824.867
2011 03 07 04 15 00 1 5824.891
2011 03 07 04 30 00 1 5824.914
2011 03 07 04 45 00 1 5824.937
2011 03 07 05 00 00 1 5824.964
2011 03 07 05 15 00 1 5824.989
2011 03 07 05 30 00 1 5825.013
2011 03 07 05 45 00 1 5825.034
2011 03 07 06 00 00 1 5825.058
2011 03 07 06 15 00 1 5825.079
2011 03 07 06 30 00 1 5825.096
2011 03 07 06 45 00 1 5825.111
2011 03 07 07 00 00 1 5825.124
2011 03 07 07 15 00 1 5825.135
2011 03 07 07 30 00 1 5825.140
2011 03 07 07 45 00 1 5825.140
2011 03 07 08 00 00 1 5825.140
2011 03 07 08 15 00 1 5825.138
2011 03 07 08 30 00 1 5825.127
2011 03 07 08 45 00 1 5825.121
2011 03 07 09 00 00 1 5825.109
2011 03 07 09 15 00 1 5825.096
2011 03 07 09 30 00 1 5825.082
2011 03 07 09 45 00 1 5825.063
2011 03 07 10 00 00 1 5825.043
2011 03 07 10 15 00 1 5825.022
2011 03 07 10 30 00 1 5824.998
2011 03 07 10 45 00 1 5824.978
2011 03 07 11 00 00 1 5824.953
2011 03 07 11 15 00 1 5824.933
2011 03 07 11 30 00 1 5824.911
2011 03 07 11 45 00 1 5824.892
2011 03 07 12 00 00 1 5824.875
2011 03 07 12 15 00 1 5824.859
2011 03 07 12 30 00 1 5824.847
2011 03 07 12 45 00 1 5824.834
2011 03 07 13 00 00 1 5824.823
2011 03 07 13 15 00 1 5824.817
2011 03 07 13 30 00 1 5824.811
2011 03 07 13 45 00 1 5824.809
2011 03 07 14 00 00 1 5824.811
2011 03 07 14 15 00 1 5824.814
2011 03 07 14 30 00 1 5824.821
2011 03 07 14 45 00 1 5824.833
2011 03 07 15 00 00 1 5824.846
2011 03 07 15 15 00 1 5824.861
2011 03 07 15 30 00 1 5824.876
2011 03 07 15 45 00 1 5824.895
2011 03 07 16 00 00 1 5824.913
2011 03 07 16 15 00 1 5824.934
2011 03 07 16 30 00 1 5824.955
2011 03 07 16 45 00 1 5824.977
2011 03 07 17 00 00 1 5824.997
2011 03 07 17 15 00 1 5825.019
2011 03 07 17 30 00 1 5825.039
2011 03 07 17 45 00 1 5825.060
2011 03 07 18 00 00 1 5825.080
2011 03 07 18 15 00 1 5825.099
2011 03 07 18 30 00 1 5825.115
2011 03 07 18 45 00 1 5825.129
2011 03 07 19 00 00 1 5825.143
2011 03 07 19 15 00 1 5825.154
2011 03 07 19 30 00 1 5825.159
2011 03 07 19 45 00 1 5825.159
2011 03 07 20 00 00 1 5825.160
2011 03 07 20 15 00 1 5825.157
2011 03 07 20 30 00 1 5825.150
2011 03 07 20 45 00 1 5825.139
2011 03 07 21 00 00 1 5825.127
2011 03 07 21 15 00 1 5825.112
2011 03 07 21 30 00 1 5825.092
2011 03 07 21 45 00 1 5825.073
2011 03 07 22 00 00 1 5825.053
2011 03 07 22 15 00 1 5825.031
2011 03 07 22 30 00 1 5825.007
2011 03 07 22 45 00 1 5824.981
2011 03 07 23 00 00 1 5824.956
2011 03 07 23 15 00 1 5824.928
2011 03 07 23 30 00 1 5824.902
2011 03 07 23 45 00 1 5824.877
2011 03 08 00 00 00 1 5824.852
2011 03 08 00 15 00 1 5824.829
2011 03 08 00 30 00 1 5824.806
2011 03 08 00 45 00 1 5824.783
2011 03 08 01 00 00 1 5824.764
2011 03 08 01 15 00 1 5824.749
2011 03 08 01 30 00 1 5824.737
2011 03 08 01 45 00 1 5824.724
2011 03 08 02 00 00 1 5824.718
2011 03 08 02 15 00 1 5824.715
2011 03 08 02 30 00 1 5824.716
2011 03 08 02 45 00 1 5824.722
2011 03 08 03 00 00 1 5824.727
2011 03 08 03 15 00 1 5824.738
2011 03 08 03 30 00 1 5824.751
2011 03 08 03 45 00 1 5824.767
2011 03 08 04 00 00 1 5824.789
2011 03 08 04 15 00 1 5824.807
2011 03 08 04 30 00 1 5824.829
2011 03 08 04 45 00 1 5824.852
2011 03 08 05 00 00 1 5824.878
2011 03 08 05 15 00 1 5824.904
2011 03 08 05 30 00 1 5824.928
2011 03 08 05 45 00 1 5824.954
2011 03 08 06 00 00 1 5824.980
2011 03 08 06 15 00 1 5825.003
2011 03 08 06 30 00 1 5825.027
2011 03 08 06 45 00 1 5825.046
2011 03 08 07 00 00 1 5825.063
2011 03 08 07 15 00 1 5825.077
2011 03 08 07 30 00 1 5825.088
2011 03 08 07 45 00 1 5825.097
2011 03 08 08 00 00 1 5825.100
2011 03 08 08 15 00 1 5825.105
2011 03 08 08 30 00 1 5825.104
2011 03 08 08 45 00 1 5825.103
2011 03 08 09 00 00 1 5825.096
2011 03 08 09 15 00 1 5825.090
2011 03 08 09 30 00 1 5825.080
2011 03 08 09 45 00 1 5825.069
2011 03 08 10 00 00 1 5825.055
2011 03 08 10 15 00 1 5825.039
2011 03 08 10 30 00 1 5825.023
2011 03 08 10 45 00 1 5825.005
2011 03 08 11 00 00 1 5824.985
2011 03 08 11 15 00 1 5824.966
2011 03 08 11 30 00 1 5824.945
2011 03 08 11 45 00 1 5824.930
2011 03 08 12 00 00 1 5824.911
2011 03 08 12 15 00 1 5824.895
2011 03 08 12 30 00 1 5824.880
2011 03 08 12 45 00 1 5824.868
2011 03 08 13 00 00 1 5824.856
2011 03 08 13 15 00 1 5824.848
2011 03 08 13 30 00 1 5824.842
2011 03 08 13 45 00 1 5824.840
2011 03 08 14 00 00 1 5824.839
2011 03 08 14 15 00 1 5824.842
2011 03 08 14 30 00 1 5824.845
2011 03 08 14 45 00 1 5824.850
2011 03 08 15 00 00 1 5824.859
2011 03 08 15 15 00 1 5824.868
2011 03 08 15 30 00 1 5824.880
2011 03 08 15 45 00 1 5824.895
2011 03 08 16 00 00 1 5824.912
2011 03 08 16 15 00 1 5824.932
2011 03 08 16 30 00 1 5824.952
2011 03 08 16 45 00 1 5824.971
2011 03 08 17 00 00 1 5824.992
2011 03 08 17 15 00 1 5825.013
2011 03 08 17 30 00 1 5825.031
2011 03 08 17 45 00 1 5825.054
2011 03 08 18 00 00 1 5825.074
2011 03 08 18 15 00 1 5825.091
2011 03 08 18 30 00 1 5825.107
2011 03 08 18 45 00 1 5825.123
2011 03 08 19 00 00 1 5825.137
2011 03 08 19 15 00 1 5825.152
2011 03 08 19 30 00 1 5825.162
2011 03 08 19 45 00 1 5825.168
2011 03 08 20 00 00 1 5825.173
2011 03 08 20 15 00 1 5825.174
2011 03 08 20 30 00 1 5825.170
2011 03 08 20 45 00 1 5825.162
2011 03 08 21 00 00 1 5825.154
2011 03 08 21 15 00 1 5825.141
2011 03 08 21 30 00 1 5825.127
2011 03 08 21 45 00 1 5825.111
2011 03 08 22 00 00 1 5825.090
2011 03 08 22 15 00 1 5825.065
2011 03 08 22 30 00 1 5825.044
2011 03 08 22 45 00 1 5825.021
2011 03 08 23 00 00 1 5824.995
2011 03 08 23 15 00 1 5824.967
2011 03 08 23 30 00 1 5824.940
2011 03 08 23 45 00 1 5824.912
2011 03 09 00 00 00 1 5824.883
2011 03 09 00 15 00 1 5824.857
2011 03 09 00 30 00 1 5824.833
2011 03 09 00 45 00 1 5824.810
2011 03 09 01 00 00 1 5824.788
2011 03 09 01 00 00 2 5824.787
2011 03 09 01 01 00 2 5824.786
2011 03 09 01 02 00 2 5824.784
2011 03 09 01 03 00 2 5824.783
2011 03 09 01 04 00 2 5824.781
2011 03 09 01 05 00 2 5824.780
2011 03 09 01 06 00 2 5824.779
2011 03 09 01 07 00 2 5824.778
2011 03 09 01 08 00 2 5824.776
2011 03 09 01 09 00 2 5824.775
2011 03 09 01 10 00 2 5824.773
2011 03 09 01 11 00 2 5824.772
2011 03 09 01 12 00 2 5824.771
2011 03 09 01 13 00 2 5824.769
2011 03 09 01 14 00 2 5824.768
2011 03 09 01 15 00 1 5824.767
2011 03 09 01 15 00 2 5824.767
2011 03 09 01 16 00 2 5824.765
2011 03 09 01 17 00 2 5824.764
2011 03 09 01 18 00 2 5824.763
2011 03 09 01 19 00 2 5824.761
2011 03 09 01 20 00 2 5824.760
2011 03 09 01 21 00 2 5824.759
2011 03 09 01 22 00 2 5824.758
2011 03 09 01 23 00 2 5824.756
2011 03 09 01 24 00 2 5824.756
2011 03 09 01 25 00 2 5824.754
2011 03 09 01 26 00 2 5824.753
2011 03 09 01 27 00 2 5824.752
2011 03 09 01 28 00 2 5824.751
2011 03 09 01 29 00 2 5824.750
2011 03 09 01 30 00 1 5824.749
2011 03 09 01 30 00 2 5824.749
2011 03 09 01 31 00 2 5824.748
2011 03 09 01 32 00 2 5824.747
2011 03 09 01 33 00 2 5824.746
2011 03 09 01 34 00 2 5824.745
2011 03 09 01 35 00 2 5824.744
2011 03 09 01 36 00 2 5824.742
2011 03 09 01 37 00 2 5824.741
2011 03 09 01 38 00 2 5824.740
2011 03 09 01 39 00 2 5824.739
2011 03 09 01 40 00 2 5824.738
2011 03 09 01 41 00 2 5824.736
2011 03 09 01 42 00 2 5824.736
2011 03 09 01 43 00 2 5824.735
2011 03 09 01 44 00 2 5824.733
2011 03 09 01 45 00 1 5824.733
2011 03 09 01 45 00 2 5824.732
2011 03 09 01 46 00 2 5824.731
2011 03 09 01 47 00 2 5824.729
2011 03 09 01 48 00 2 5824.730
2011 03 09 01 49 00 2 5824.728
2011 03 09 01 50 00 2 5824.726
2011 03 09 01 51 00 2 5824.726
2011 03 09 01 52 00 2 5824.725
2011 03 09 01 53 00 2 5824.723
2011 03 09 01 54 00 2 5824.723
2011 03 09 01 55 00 2 5824.722
2011 03 09 01 56 00 2 5824.721
2011 03 09 01 57 00 2 5824.720
2011 03 09 01 58 00 2 5824.719
2011 03 09 01 59 00 2 5824.718
2011 03 09 02 00 00 1 5824.717
2011 03 09 02 00 00 2 5824.716
2011 03 09 02 01 00 2 5824.716
2011 03 09 02 02 00 2 5824.716
2011 03 09 02 03 00 2 5824.715
2011 03 09 02 04 00 2 5824.714
2011 03 09 02 05 00 2 5824.713
2011 03 09 02 06 00 2 5824.712
2011 03 09 02 07 00 2 5824.710
2011 03 09 02 08 00 2 5824.710
2011 03 09 02 09 00 2 5824.709
2011 03 09 02 10 00 2 5824.708
2011 03 09 02 11 00 2 5824.706
2011 03 09 02 12 00 2 5824.706
2011 03 09 02 13 00 2 5824.705
2011 03 09 02 14 00 2 5824.705
2011 03 09 02 15 00 1 9999.000
2011 03 09 02 15 00 2 5824.704
2011 03 09 02 16 00 2 5824.703
2011 03 09 02 17 00 2 5824.703
2011 03 09 02 18 00 2 5824.703
2011 03 09 02 19 00 2 5824.702
2011 03 09 02 20 00 2 5824.701
2011 03 09 02 21 00 2 5824.701
2011 03 09 02 22 00 2 5824.700
2011 03 09 02 23 00 2 5824.699
2011 03 09 02 24 00 2 5824.700
2011 03 09 02 25 00 2 5824.699
2011 03 09 02 26 00 2 5824.698
2011 03 09 02 27 00 2 5824.699
2011 03 09 02 28 00 2 5824.698
2011 03 09 02 29 00 2 5824.697
2011 03 09 02 30 00 1 9999.000
2011 03 09 02 30 00 2 5824.697
2011 03 09 02 31 00 2 5824.697
2011 03 09 02 32 00 2 5824.697
2011 03 09 02 33 00 2 5824.697
2011 03 09 02 34 00 2 5824.697
2011 03 09 02 35 00 2 5824.696
2011 03 09 02 36 00 2 5824.697
2011 03 09 02 37 00 2 5824.696
2011 03 09 02 38 00 2 5824.695
2011 03 09 02 39 00 2 5824.695
2011 03 09 02 40 00 2 5824.694
2011 03 09 02 41 00 2 5824.695
2011 03 09 02 42 00 2 5824.695
2011 03 09 02 43 00 2 5824.695
2011 03 09 02 44 00 2 5824.696
2011 03 09 02 45 00 1 9999.000
2011 03 09 02 45 00 2 5824.696
2011 03 09 02 46 00 2 5824.696
2011 03 09 02 47 00 2 5824.696
2011 03 09 02 48 00 2 5824.696
2011 03 09 02 49 00 2 5824.696
2011 03 09 02 50 00 2 5824.697
2011 03 09 02 51 00 2 5824.691
2011 03 09 02 51 15 3 5824.718
2011 03 09 02 51 30 3 5824.705
2011 03 09 02 51 45 3 5824.663
2011 03 09 02 52 00 2 5824.699
2011 03 09 02 52 00 3 5824.702
2011 03 09 02 52 15 3 5824.709
2011 03 09 02 52 30 3 5824.693
2011 03 09 02 52 45 3 5824.693
2011 03 09 02 53 00 2 5824.698
2011 03 09 02 53 00 3 5824.679
2011 03 09 02 53 15 3 5824.715
2011 03 09 02 53 30 3 5824.709
2011 03 09 02 53 45 3 5824.689
2011 03 09 02 54 00 2 5824.692
2011 03 09 02 54 00 3 5824.689
2011 03 09 02 54 15 3 5824.695
2011 03 09 02 54 30 3 5824.692
2011 03 09 02 54 45 3 5824.693
2011 03 09 02 55 00 2 5824.699
2011 03 09 02 55 00 3 5824.696
2011 03 09 02 56 00 2 5824.691
2011 03 09 02 57 00 2 5824.702
2011 03 09 02 58 00 2 5824.693
2011 03 09 02 59 00 2 5824.701
2011 03 09 03 00 00 1 9999.000
2011 03 09 03 00 00 2 5824.694
2011 03 09 03 01 00 2 5824.704
2011 03 09 03 02 00 2 5824.696
2011 03 09 03 03 00 2 5824.692
2011 03 09 03 04 00 2 5824.701
2011 03 09 03 05 00 2 5824.698
2011 03 09 03 06 00 2 5824.700
2011 03 09 03 07 00 2 5824.692
2011 03 09 03 08 00 2 5824.696
2011 03 09 03 09 00 2 5824.697
2011 03 09 03 10 00 2 5824.704
2011 03 09 03 11 00 2 5824.700
2011 03 09 03 12 00 2 5824.698
2011 03 09 03 13 00 2 5824.694
2011 03 09 03 14 00 2 5824.704
2011 03 09 03 15 00 1 9999.000
2011 03 09 03 15 00 2 5824.689
2011 03 09 03 16 00 2 5824.709
2011 03 09 03 17 00 2 5824.699
2011 03 09 03 18 00 2 5824.705
2011 03 09 03 19 00 2 5824.697
2011 03 09 03 20 00 2 5824.704
2011 03 09 03 21 00 2 5824.699
2011 03 09 03 22 00 2 5824.700
2011 03 09 03 23 00 2 5824.705
2011 03 09 03 24 00 2 5824.705
2011 03 09 03 25 00 2 5824.702
2011 03 09 03 26 00 2 5824.705
2011 03 09 03 27 00 2 5824.707
2011 03 09 03 28 00 2 5824.704
2011 03 09 03 29 00 2 5824.706
2011 03 09 03 30 00 1 9999.000
2011 03 09 03 30 00 2 5824.707
2011 03 09 03 31 00 2 5824.704
2011 03 09 03 32 00 2 5824.707
2011 03 09 03 33 00 2 5824.713
2011 03 09 03 34 00 2 5824.706
2011 03 09 03 35 00 2 5824.711
2011 03 09 03 36 00 2 5824.710
2011 03 09 03 37 00 2 5824.710
2011 03 09 03 38 00 2 5824.713
2011 03 09 03 39 00 2 5824.713
2011 03 09 03 40 00 2 5824.714
2011 03 09 03 41 00 2 5824.710
2011 03 09 03 42 00 2 5824.716
2011 03 09 03 43 00 2 5824.715
2011 03 09 03 44 00 2 5824.716
2011 03 09 03 45 00 1 9999.000
2011 03 09 03 45 00 2 5824.718
2011 03 09 03 46 00 2 5824.718
2011 03 09 03 47 00 2 5824.715
2011 03 09 03 48 00 2 5824.721
2011 03 09 03 49 00 2 5824.721
2011 03 09 03 50 00 2 5824.716
2011 03 09 03 51 00 2 5824.724
2011 03 09 03 52 00 2 5824.720
2011 03 09 03 53 00 2 5824.723
2011 03 09 03 54 00 2 5824.724
2011 03 09 03 55 00 2 5824.723
2011 03 09 03 56 00 2 5824.725
2011 03 09 03 57 00 2 5824.726
2011 03 09 03 58 00 2 5824.726
2011 03 09 03 59 00 2 5824.727
2011 03 09 04 00 00 1 9999.000
2011 03 09 04 00 00 2 5824.730
2011 03 09 04 01 00 2 5824.729
2011 03 09 04 02 00 2 5824.732
2011 03 09 04 03 00 2 5824.731
2011 03 09 04 04 00 2 5824.733
2011 03 09 04 05 00 2 5824.735
2011 03 09 04 06 00 2 5824.735
2011 03 09 04 07 00 2 5824.737
2011 03 09 04 08 00 2 5824.741
2011 03 09 04 09 00 2 5824.742
2011 03 09 04 10 00 2 5824.744
2011 03 09 04 11 00 2 5824.745
2011 03 09 04 12 00 2 5824.750
2011 03 09 04 13 00 2 5824.748
2011 03 09 04 14 00 2 5824.747
2011 03 09 04 15 00 1 9999.000
2011 03 09 04 15 00 2 5824.747
2011 03 09 04 16 00 2 5824.743
2011 03 09 04 17 00 2 5824.739
2011 03 09 04 18 00 2 5824.741
2011 03 09 04 19 00 2 5824.746
2011 03 09 04 20 00 2 5824.748
2011 03 09 04 21 00 2 5824.754
2011 03 09 04 22 00 2 5824.754
2011 03 09 04 23 00 2 5824.755
2011 03 09 04 24 00 2 5824.756
2011 03 09 04 25 00 2 5824.758
2011 03 09 04 26 00 2 5824.759
2011 03 09 04 27 00 2 5824.759
2011 03 09 04 28 00 2 5824.760
2011 03 09 04 29 00 2 5824.761
2011 03 09 04 30 00 1 9999.000
2011 03 09 04 30 00 2 5824.763
2011 03 09 04 31 00 2 5824.765
2011 03 09 04 32 00 2 5824.765
2011 03 09 04 33 00 2 5824.766
2011 03 09 04 34 00 2 5824.767
2011 03 09 04 35 00 2 5824.769
2011 03 09 04 36 00 2 5824.770
2011 03 09 04 37 00 2 5824.771
2011 03 09 04 38 00 2 5824.772
2011 03 09 04 39 00 2 5824.774
2011 03 09 04 40 00 2 5824.776
2011 03 09 04 41 00 2 5824.777
2011 03 09 04 42 00 2 5824.779
2011 03 09 04 43 00 2 5824.781
2011 03 09 04 44 00 2 5824.782
2011 03 09 04 45 00 1 9999.000
2011 03 09 04 45 00 2 5824.783
2011 03 09 04 46 00 2 5824.784
2011 03 09 04 47 00 2 5824.785
2011 03 09 04 48 00 2 5824.787
2011 03 09 04 49 00 2 5824.787
2011 03 09 04 50 00 2 5824.788
2011 03 09 04 51 00 2 5824.790
2011 03 09 04 52 00 2 5824.791
2011 03 09 04 53 00 2 5824.792
2011 03 09 04 54 00 2 5824.794
2011 03 09 04 55 00 2 5824.794
2011 03 09 04 56 00 2 5824.795
2011 03 09 04 57 00 2 5824.798
2011 03 09 04 58 00 2 5824.797
2011 03 09 04 59 00 2 5824.800
2011 03 09 05 00 00 1 9999.000
2011 03 09 05 00 00 2 5824.802
2011 03 09 05 01 00 2 5824.804
2011 03 09 05 02 00 2 5824.806
2011 03 09 05 03 00 2 5824.807
2011 03 09 05 04 00 2 5824.808
2011 03 09 05 05 00 2 5824.810
2011 03 09 05 06 00 2 5824.812
2011 03 09 05 07 00 2 5824.811
2011 03 09 05 08 00 2 5824.814
2011 03 09 05 09 00 2 5824.816
2011 03 09 05 10 00 2 5824.817
2011 03 09 05 11 00 2 5824.819
2011 03 09 05 12 00 2 5824.820
2011 03 09 05 13 00 2 5824.821
2011 03 09 05 14 00 2 5824.822
2011 03 09 05 15 00 1 9999.000
2011 03 09 05 15 00 2 5824.825
2011 03 09 05 16 00 2 5824.827
2011 03 09 05 17 00 2 5824.830
2011 03 09 05 18 00 2 5824.831
2011 03 09 05 19 00 2 5824.832
2011 03 09 05 20 00 2 5824.831
2011 03 09 05 21 00 2 5824.832
2011 03 09 05 22 00 2 5824.833
2011 03 09 05 23 00 2 5824.835
2011 03 09 05 24 00 2 5824.837
2011 03 09 05 25 00 2 5824.840
2011 03 09 05 26 00 2 5824.841
2011 03 09 05 27 00 2 5824.843
2011 03 09 05 28 00 2 5824.844
2011 03 09 05 29 00 2 5824.845
2011 03 09 05 30 00 1 9999.000
2011 03 09 05 30 00 2 5824.846
2011 03 09 05 31 00 2 5824.848
2011 03 09 05 32 00 2 5824.851
2011 03 09 05 33 00 2 5824.854
2011 03 09 05 34 00 2 5824.855
2011 03 09 05 35 00 2 5824.856
2011 03 09 05 36 00 2 5824.858
2011 03 09 05 37 00 2 5824.859
2011 03 09 05 38 00 2 5824.860
2011 03 09 05 39 00 2 5824.861
2011 03 09 05 40 00 2 5824.863
2011 03 09 05 41 00 2 5824.865
2011 03 09 05 42 00 2 5824.867
2011 03 09 05 43 00 2 5824.868
2011 03 09 05 44 00 2 5824.869
2011 03 09 05 45 00 1 9999.000
2011 03 09 05 45 00 2 5824.871
2011 03 09 05 46 00 2 5824.873
2011 03 09 05 47 00 2 5824.875
2011 03 09 05 48 00 2 5824.876
2011 03 09 05 49 00 2 5824.878
2011 03 09 05 50 00 2 5824.880
2011 03 09 05 51 00 2 5824.882
2011 03 09 05 52 00 2 5824.885
2011 03 09 05 53 00 2 5824.885
2011 03 09 05 54 00 2 5824.886
2011 03 09 05 55 00 2 5824.888
2011 03 09 05 56 00 2 5824.889
2011 03 09 05 57 00 2 5824.890
2011 03 09 05 58 00 2 5824.891
2011 03 09 05 59 00 2 5824.894
2011 03 09 06 00 00 1 9999.000
2011 03 09 06 00 00 2 5824.896
2011 03 09 06 01 00 2 5824.898
2011 03 09 06 02 00 2 5824.900
2011 03 09 06 03 00 2 5824.900
2011 03 09 06 04 00 2 5824.901
2011 03 09 06 05 00 2 5824.902
2011 03 09 06 06 00 2 5824.904
2011 03 09 06 07 00 2 5824.907
2011 03 09 06 08 00 2 5824.909
2011 03 09 06 09 00 2 5824.912
2011 03 09 06 10 00 2 5824.914
2011 03 09 06 11 00 2 5824.915
2011 03 09 06 12 00 2 5824.915
2011 03 09 06 13 00 2 5824.915
2011 03 09 06 14 00 2 5824.917
2011 03 09 06 15 00 1 9999.000
2011 03 09 06 15 00 2 5824.918
2011 03 09 06 16 00 2 5824.921
2011 03 09 06 17 00 2 5824.922
2011 03 09 06 18 00 2 5824.924
2011 03 09 06 19 00 2 5824.926
2011 03 09 06 20 00 2 5824.927
2011 03 09 06 21 00 2 5824.928
2011 03 09 06 22 00 2 5824.930
2011 03 09 06 23 00 2 5824.933
2011 03 09 06 24 00 2 5824.934
2011 03 09 06 25 00 2 5824.935
2011 03 09 06 26 00 2 5824.937
2011 03 09 06 27 00 2 5824.938
2011 03 09 06 28 00 2 5824.939
2011 03 09 06 29 00 2 5824.941
2011 03 09 06 30 00 1 9999.000
2011 03 09 06 30 00 2 5824.943
2011 03 09 06 31 00 2 5824.945
2011 03 09 06 32 00 2 5824.946
2011 03 09 06 33 00 2 5824.949
2011 03 09 06 34 00 2 5824.950
2011 03 09 06 35 00 2 5824.950
2011 03 09 06 36 00 2 5824.951
2011 03 09 06 37 00 2 5824.952
2011 03 09 06 38 00 2 5824.952
2011 03 09 06 39 00 2 5824.953
2011 03 09 06 40 00 2 5824.955
2011 03 09 06 41 00 2 5824.957
2011 03 09 06 42 00 2 5824.960
2011 03 09 06 43 00 2 5824.962
2011 03 09 06 44 00 2 5824.964
2011 03 09 06 45 00 1 9999.000
2011 03 09 06 45 00 2 5824.966
2011 03 09 06 46 00 2 5824.966
2011 03 09 06 47 00 2 5824.968
2011 03 09 06 48 00 2 5824.969
2011 03 09 06 49 00 2 5824.971
2011 03 09 06 50 00 2 5824.972
2011 03 09 06 51 00 2 5824.973
2011 03 09 06 52 00 2 5824.973
2011 03 09 06 53 00 2 5824.974
2011 03 09 06 54 00 2 5824.976
2011 03 09 06 55 00 2 5824.978
2011 03 09 06 56 00 2 5824.978
2011 03 09 06 57 00 2 5824.979
2011 03 09 06 58 00 2 5824.981
2011 03 09 06 59 00 2 5824.984
2011 03 09 07 00 00 1 9999.000
2011 03 09 07 15 00 1 5825.005
2011 03 09 07 30 00 1 5825.022
2011 03 09 07 45 00 1 5825.037
2011 03 09 08 00 00 1 5825.049
2011 03 09 08 15 00 1 5825.058
2011 03 09 08 30 00 1 5825.063
2011 03 09 08 45 00 1 5825.064
2011 03 09 09 00 00 1 5825.066
2011 03 09 09 15 00 1 5825.064
2011 03 09 09 30 00 1 5825.065
2011 03 09 09 45 00 1 5825.065
2011 03 09 10 00 00 1 5825.054
2011 03 09 10 15 00 1 5825.043
2011 03 09 10 30 00 1 5825.028
2011 03 09 10 45 00 1 5825.013
2011 03 09 11 00 00 1 5824.998
2011 03 09 11 15 00 1 5824.983
2011 03 09 11 30 00 1 5824.970
2011 03 09 11 45 00 1 5824.958
2011 03 09 12 00 00 1 5824.946
2011 03 09 12 15 00 1 5824.931
2011 03 09 12 30 00 1 5824.922
2011 03 09 12 45 00 1 5824.909
2011 03 09 13 00 00 1 5824.899
2011 03 09 13 15 00 1 5824.892
2011 03 09 13 30 00 1 5824.886
2011 03 09 13 45 00 1 5824.880
2011 03 09 14 00 00 1 5824.876
2011 03 09 14 15 00 1 5824.877
2011 03 09 14 30 00 1 5824.881
2011 03 09 14 45 00 1 5824.884
2011 03 09 15 00 00 1 5824.891
2011 03 09 15 15 00 1 5824.898
2011 03 09 15 30 00 1 5824.905
2011 03 09 15 45 00 1 5824.918
2011 03 09 16 00 00 1 5824.931
2011 03 09 16 15 00 1 5824.949
2011 03 09 16 30 00 1 5824.965
2011 03 09 16 45 00 1 5824.982
2011 03 09 17 00 00 1 5824.999
2011 03 09 17 15 00 1 5825.017
2011 03 09 17 30 00 1 5825.036
2011 03 09 17 45 00 1 5825.055
2011 03 09 18 00 00 1 5825.071
2011 03 09 18 15 00 1 5825.089
2011 03 09 18 30 00 1 5825.105
2011 03 09 18 45 00 1 5825.123
2011 03 09 19 00 00 1 5825.139
2011 03 09 19 15 00 1 5825.155
2011 03 09 19 30 00 1 5825.165
2011 03 09 19 45 00 1 5825.174
2011 03 09 20 00 00 1 5825.180
2011 03 09 20 15 00 1 5825.184
2011 03 09 20 30 00 1 5825.184
2011 03 09 20 45 00 1 5825.181
2011 03 09 21 00 00 1 5825.174
2011 03 09 21 15 00 1 5825.166
2011 03 09 21 30 00 1 5825.154
2011 03 09 21 45 00 1 5825.145
2011 03 09 22 00 00 1 5825.127
2011 03 09 22 15 00 1 5825.103
2011 03 09 22 30 00 1 5825.085
2011 03 09 22 45 00 1 5825.061
2011 03 09 23 00 00 1 5825.036
2011 03 09 23 15 00 1 5825.010
2011 03 09 23 30 00 1 5824.984
2011 03 09 23 45 00 1 5824.954
2011 03 10 00 00 00 1 5824.924
2011 03 10 00 15 00 1 5824.898
2011 03 10 00 30 00 1 5824.873
2011 03 10 00 45 00 1 5824.847
2011 03 10 01 00 00 1 5824.819
2011 03 10 01 15 00 1 5824.793
2011 03 10 01 30 00 1 5824.771
2011 03 10 01 45 00 1 5824.748
2011 03 10 02 00 00 1 5824.727
2011 03 10 02 15 00 1 5824.715
2011 03 10 02 30 00 1 5824.701
2011 03 10 02 45 00 1 5824.691
2011 03 10 03 00 00 1 5824.684
2011 03 10 03 15 00 1 5824.679
2011 03 10 03 30 00 1 5824.679
2011 03 10 03 45 00 1 5824.684
2011 03 10 04 00 00 1 5824.689
2011 03 10 04 15 00 1 5824.698
2011 03 10 04 30 00 1 5824.711
2011 03 10 04 45 00 1 5824.725
2011 03 10 05 00 00 1 5824.743
2011 03 10 05 15 00 1 5824.760
2011 03 10 05 30 00 1 5824.779
2011 03 10 05 45 00 1 5824.799
2011 03 10 06 00 00 1 5824.821
2011 03 10 06 15 00 1 5824.842
2011 03 10 06 30 00 1 5824.862
2011 03 10 06 45 00 1 5824.882
2011 03 10 07 00 00 1 5824.902
2011 03 10 07 15 00 1 5824.923
2011 03 10 07 30 00 1 5824.943
2011 03 10 07 45 00 1 5824.959
2011 03 10 08 00 00 1 5824.973
2011 03 10 08 15 00 1 5824.987
2011 03 10 08 30 00 1 5824.998
2011 03 10 08 45 00 1 5825.010
2011 03 10 09 00 00 1 5825.021
2011 03 10 09 15 00 1 5825.026
2011 03 10 09 30 00 1 5825.031
2011 03 10 09 45 00 1 5825.034
2011 03 10 10 00 00 1 5825.034
2011 03 10 10 15 00 1 5825.031
2011 03 10 10 30 00 1 5825.028
2011 03 10 10 45 00 1 5825.022
2011 03 10 11 00 00 1 5825.013
2011 03 10 11 15 00 1 5825.006
2011 03 10 11 30 00 1 5824.997
2011 03 10 11 45 00 1 5824.986
2011 03 10 12 00 00 1 5824.979
2011 03 10 12 15 00 1 5824.970
2011 03 10 12 30 00 1 5824.961
2011 03 10 12 45 00 1 5824.950
2011 03 10 13 00 00 1 5824.943
2011 03 10 13 15 00 1 5824.935
2011 03 10 13 30 00 1 5824.928
2011 03 10 13 45 00 1 5824.924
2011 03 10 14 00 00 1 5824.923
2011 03 10 14 15 00 1 5824.925
2011 03 10 14 30 00 1 5824.926
2011 03 10 14 45 00 1 5824.926
2011 03 10 15 00 00 1 5824.931
2011 03 10 15 15 00 1 5824.938
2011 03 10 15 30 00 1 5824.946
2011 03 10 15 45 00 1 5824.955
2011 03 10 16 00 00 1 5824.967
2011 03 10 16 15 00 1 5824.979
2011 03 10 16 30 00 1 5824.995
2011 03 10 16 45 00 1 5825.010
2011 03 10 17 00 00 1 5825.025
2011 03 10 17 15 00 1 5825.041
2011 03 10 17 30 00 1 5825.058
2011 03 10 17 45 00 1 5825.076
2011 03 10 18 00 00 1 5825.092
2011 03 10 18 15 00 1 5825.110
2011 03 10 18 30 00 1 5825.126
2011 03 10 18 45 00 1 5825.140
2011 03 10 19 00 00 1 5825.156
2011 03 10 19 15 00 1 5825.170
2011 03 10 19 30 00 1 5825.183
2011 03 10 19 45 00 1 5825.193
2011 03 10 20 00 00 1 5825.201
2011 03 10 20 15 00 1 5825.206
2011 03 10 20 30 00 1 5825.210
2011 03 10 20 45 00 1 5825.211
2011 03 10 21 00 00 1 5825.211
2011 03 10 21 15 00 1 5825.204
2011 03 10 21 30 00 1 5825.195
2011 03 10 21 45 00 1 5825.186
2011 03 10 22 00 00 1 5825.174
2011 03 10 22 15 00 1 5825.157
2011 03 10 22 30 00 1 5825.143
2011 03 10 22 45 00 1 5825.124
2011 03 10 23 00 00 1 5825.103
2011 03 10 23 15 00 1 5825.080
2011 03 10 23 30 00 1 5825.055
2011 03 10 23 45 00 1 5825.030
2011 03 11 00 00 00 1 5825.003
2011 03 11 00 15 00 1 5824.977
2011 03 11 00 30 00 1 5824.948
2011 03 11 00 45 00 1 5824.923
2011 03 11 01 00 00 1 5824.895
2011 03 11 01 15 00 1 5824.870
2011 03 11 01 30 00 1 5824.846
2011 03 11 01 45 00 1 5824.821
2011 03 11 02 00 00 1 5824.796
2011 03 11 02 15 00 1 5824.777
2011 03 11 02 30 00 1 5824.759
2011 03 11 02 45 00 1 5824.742
2011 03 11 03 00 00 1 5824.730
2011 03 11 03 15 00 1 5824.721
2011 03 11 03 30 00 1 5824.712
2011 03 11 03 45 00 1 5824.708
2011 03 11 04 00 00 1 5824.707
2011 03 11 04 00 00 2 5824.707
2011 03 11 04 01 00 2 5824.708
2011 03 11 04 02 00 2 5824.708
2011 03 11 04 03 00 2 5824.708
2011 03 11 04 04 00 2 5824.709
2011 03 11 04 05 00 2 5824.708
2011 03 11 04 06 00 2 5824.709
2011 03 11 04 07 00 2 5824.709
2011 03 11 04 08 00 2 5824.709
2011 03 11 04 09 00 2 5824.709
2011 03 11 04 10 00 2 5824.709
2011 03 11 04 11 00 2 5824.709
2011 03 11 04 12 00 2 5824.709
2011 03 11 04 13 00 2 5824.708
2011 03 11 04 14 00 2 5824.708
2011 03 11 04 15 00 1 5824.709
2011 03 11 04 15 00 2 5824.709
2011 03 11 04 16 00 2 5824.709
2011 03 11 04 17 00 2 5824.710
2011 03 11 04 18 00 2 5824.709
2011 03 11 04 19 00 2 5824.709
2011 03 11 04 20 00 2 5824.709
2011 03 11 04 21 00 2 5824.710
2011 03 11 04 22 00 2 5824.711
2011 03 11 04 23 00 2 5824.710
2011 03 11 04 24 00 2 5824.710
2011 03 11 04 25 00 2 5824.711
2011 03 11 04 26 00 2 5824.711
2011 03 11 04 27 00 2 5824.712
2011 03 11 04 28 00 2 5824.711
2011 03 11 04 29 00 2 5824.713
2011 03 11 04 30 00 1 5824.712
2011 03 11 04 30 00 2 5824.712
2011 03 11 04 31 00 2 5824.713
2011 03 11 04 32 00 2 5824.713
2011 03 11 04 33 00 2 5824.714
2011 03 11 04 34 00 2 5824.713
2011 03 11 04 35 00 2 5824.715
2011 03 11 04 36 00 2 5824.716
2011 03 11 04 37 00 2 5824.715
2011 03 11 04 38 00 2 5824.716
2011 03 11 04 39 00 2 5824.716
2011 03 11 04 40 00 2 5824.717
2011 03 11 04 41 00 2 5824.718
2011 03 11 04 42 00 2 5824.718
2011 03 11 04 43 00 2 5824.718
2011 03 11 04 44 00 2 5824.719
2011 03 11 04 45 00 1 5824.718
2011 03 11 04 45 00 2 5824.719
2011 03 11 04 46 00 2 5824.720
2011 03 11 04 47 00 2 5824.720
2011 03 11 04 48 00 2 5824.720
2011 03 11 04 49 00 2 5824.721
2011 03 11 04 50 00 2 5824.722
2011 03 11 04 51 00 2 5824.722
2011 03 11 04 52 00 2 5824.723
2011 03 11 04 53 00 2 5824.723
2011 03 11 04 54 00 2 5824.724
2011 03 11 04 55 00 2 5824.724
2011 03 11 04 56 00 2 5824.726
2011 03 11 04 57 00 2 5824.726
2011 03 11 04 58 00 2 5824.727
2011 03 11 04 59 00 2 5824.727
2011 03 11 05 00 00 1 5824.727
2011 03 11 05 00 00 2 5824.727
2011 03 11 05 01 00 2 5824.729
2011 03 11 05 02 00 2 5824.729
2011 03 11 05 03 00 2 5824.731
2011 03 11 05 04 00 2 5824.731
2011 03 11 05 05 00 2 5824.731
2011 03 11 05 06 00 2 5824.732
2011 03 11 05 07 00 2 5824.733
2011 03 11 05 08 00 2 5824.734
2011 03 11 05 09 00 2 5824.735
2011 03 11 05 10 00 2 5824.736
2011 03 11 05 11 00 2 5824.737
2011 03 11 05 12 00 2 5824.738
2011 03 11 05 13 00 2 5824.738
2011 03 11 05 14 00 2 5824.740
2011 03 11 05 15 00 1 9999.000
2011 03 11 05 15 00 2 5824.741
2011 03 11 05 16 00 2 5824.741
2011 03 11 05 17 00 2 5824.742
2011 03 11 05 18 00 2 5824.743
2011 03 11 05 19 00 2 5824.743
2011 03 11 05 20 00 2 5824.745
2011 03 11 05 21 00 2 5824.746
2011 03 11 05 22 00 2 5824.747
2011 03 11 05 23 00 2 5824.747
2011 03 11 05 24 00 2 5824.748
2011 03 11 05 25 00 2 5824.749
2011 03 11 05 26 00 2 5824.750
2011 03 11 05 27 00 2 5824.751
2011 03 11 05 28 00 2 5824.752
2011 03 11 05 29 00 2 5824.753
2011 03 11 05 30 00 1 9999.000
2011 03 11 05 30 00 2 5824.754
2011 03 11 05 31 00 2 5824.755
2011 03 11 05 32 00 2 5824.757
2011 03 11 05 33 00 2 5824.757
2011 03 11 05 34 00 2 5824.759
2011 03 11 05 35 00 2 5824.760
2011 03 11 05 36 00 2 5824.761
2011 03 11 05 37 00 2 5824.762
2011 03 11 05 38 00 2 5824.763
2011 03 11 05 39 00 2 5824.763
2011 03 11 05 40 00 2 5824.765
2011 03 11 05 41 00 2 5824.766
2011 03 11 05 42 00 2 5824.767
2011 03 11 05 43 00 2 5824.768
2011 03 11 05 44 00 2 5824.770
2011 03 11 05 45 00 1 9999.000
2011 03 11 05 45 00 2 5824.771
2011 03 11 05 46 00 2 5824.772
2011 03 11 05 47 00 2 5824.773
2011 03 11 05 48 00 2 5824.774
2011 03 11 05 49 00 2 5824.778
2011 03 11 05 50 00 2 5824.761
2011 03 11 05 50 00 3 5824.775
2011 03 11 05 50 15 3 5824.780
2011 03 11 05 50 30 3 5824.747
2011 03 11 05 50 45 3 5824.744
2011 03 11 05 51 00 2 5824.777
2011 03 11 05 51 00 3 5824.713
2011 03 11 05 51 15 3 5824.783
2011 03 11 05 51 30 3 5824.799
2011 03 11 05 51 45 3 5824.812
2011 03 11 05 52 00 2 5824.807
2011 03 11 05 52 00 3 5824.797
2011 03 11 05 52 15 3 5824.794
2011 03 11 05 52 30 3 5824.792
2011 03 11 05 52 45 3 5825.080
2011 03 11 05 53 00 2 5824.830
2011 03 11 05 53 00 3 5824.670
2011 03 11 05 53 15 3 5824.266
2011 03 11 05 53 30 3 5825.856
2011 03 11 05 53 45 3 5824.526
2011 03 11 05 54 00 2 5824.796
2011 03 11 05 55 00 2 5824.671
2011 03 11 05 56 00 2 5824.822
2011 03 11 05 57 00 2 5824.779
2011 03 11 05 58 00 2 5824.749
2011 03 11 05 59 00 2 5824.860
2011 03 11 06 00 00 1 9999.000
2011 03 11 06 00 00 2 5824.766
2011 03 11 06 01 00 2 5824.712
2011 03 11 06 02 00 2 5824.832
2011 03 11 06 03 00 2 5824.823
2011 03 11 06 04 00 2 5824.762
2011 03 11 06 05 00 2 5824.826
2011 03 11 06 06 00 2 5824.766
2011 03 11 06 07 00 2 5824.726
2011 03 11 06 08 00 2 5824.805
2011 03 11 06 09 00 2 5824.858
2011 03 11 06 10 00 2 5824.732
2011 03 11 06 11 00 2 5824.833
2011 03 11 06 12 00 2 5824.913
2011 03 11 06 13 00 2 5824.710
2011 03 11 06 14 00 2 5824.792
2011 03 11 06 15 00 1 9999.000
2011 03 11 06 15 00 2 5824.851
2011 03 11 06 16 00 2 5824.812
2011 03 11 06 17 00 2 5824.756
2011 03 11 06 18 00 2 5824.840
2011 03 11 06 19 00 2 5824.753
2011 03 11 06 20 00 2 5824.913
2011 03 11 06 21 00 2 5824.714
2011 03 11 06 22 00 2 5824.863
2011 03 11 06 23 00 2 5824.803
2011 03 11 06 24 00 2 5824.802
2011 03 11 06 25 00 2 5824.795
2011 03 11 06 26 00 2 5824.803
2011 03 11 06 27 00 2 5824.827
2011 03 11 06 28 00 2 5824.830
2011 03 11 06 29 00 2 5824.816
2011 03 11 06 30 00 1 9999.000
2011 03 11 06 30 00 2 5824.829
2011 03 11 06 31 00 2 5824.804
2011 03 11 06 32 00 2 5824.845
2011 03 11 06 33 00 2 5824.834
2011 03 11 06 34 00 2 5824.807
2011 03 11 06 35 00 2 5824.847
2011 03 11 06 36 00 2 5824.797
2011 03 11 06 37 00 2 5824.842
2011 03 11 06 38 00 2 5824.800
2011 03 11 06 39 00 2 5824.849
2011 03 11 06 40 00 2 5824.819
2011 03 11 06 41 00 2 5824.827
2011 03 11 06 42 00 2 5824.881
2011 03 11 06 43 00 2 5824.817
2011 03 11 06 44 00 2 5824.842
2011 03 11 06 45 00 1 9999.000
2011 03 11 06 45 00 2 5824.837
2011 03 11 06 46 00 2 5824.854
2011 03 11 06 47 00 2 5824.846
2011 03 11 06 48 00 2 5824.813
2011 03 11 06 49 00 2 5824.859
2011 03 11 06 50 00 2 5824.817
2011 03 11 06 51 00 2 5824.866
2011 03 11 06 52 00 2 5824.838
2011 03 11 06 53 00 2 5824.859
2011 03 11 06 54 00 2 5824.843
2011 03 11 06 55 00 2 5824.860
2011 03 11 06 56 00 2 5824.832
2011 03 11 06 57 00 2 5824.851
2011 03 11 06 58 00 2 5824.872
2011 03 11 06 59 00 2 5824.853
2011 03 11 07 00 00 1 9999.000
2011 03 11 07 00 00 2 5824.904
2011 03 11 07 01 00 2 5824.902
2011 03 11 07 02 00 2 5824.952
2011 03 11 07 03 00 2 5825.120
2011 03 11 07 04 00 2 5825.243
2011 03 11 07 05 00 2 5825.404
2011 03 11 07 06 00 2 5825.608
2011 03 11 07 07 00 2 5825.640
2011 03 11 07 08 00 2 5825.581
2011 03 11 07 09 00 2 5825.439
2011 03 11 07 10 00 2 5825.255
2011 03 11 07 11 00 2 5825.138
2011 03 11 07 12 00 2 5825.081
2011 03 11 07 13 00 2 5824.980
2011 03 11 07 14 00 2 5824.871
2011 03 11 07 15 00 1 9999.000
2011 03 11 07 15 00 2 5824.681
2011 03 11 07 16 00 2 5824.633
2011 03 11 07 17 00 2 5824.678
2011 03 11 07 18 00 2 5824.635
2011 03 11 07 19 00 2 5824.535
2011 03 11 07 20 00 2 5824.522
2011 03 11 07 21 00 2 5824.616
2011 03 11 07 22 00 2 5824.655
2011 03 11 07 23 00 2 5824.589
2011 03 11 07 24 00 2 5824.642
2011 03 11 07 25 00 2 5824.784
2011 03 11 07 26 00 2 5824.799
2011 03 11 07 27 00 2 5824.709
2011 03 11 07 28 00 2 5824.726
2011 03 11 07 29 00 2 5824.879
2011 03 11 07 30 00 1 9999.000
2011 03 11 07 30 00 2 5824.850
2011 03 11 07 31 00 2 5824.758
2011 03 11 07 32 00 2 5824.843
2011 03 11 07 33 00 2 5824.912
2011 03 11 07 34 00 2 5824.786
2011 03 11 07 35 00 2 5824.811
2011 03 11 07 36 00 2 5824.968
2011 03 11 07 37 00 2 5824.934
2011 03 11 07 38 00 2 5824.854
2011 03 11 07 39 00 2 5824.963
2011 03 11 07 40 00 2 5824.973
2011 03 11 07 41 00 2 5824.915
2011 03 11 07 42 00 2 5824.892
2011 03 11 07 43 00 2 5824.889
2011 03 11 07 44 00 2 5824.861
2011 03 11 07 45 00 1 9999.000
2011 03 11 07 45 00 2 5824.891
2011 03 11 07 46 00 2 5824.911
2011 03 11 07 47 00 2 5824.927
2011 03 11 07 48 00 2 5824.980
2011 03 11 07 49 00 2 5824.949
2011 03 11 07 50 00 2 5824.863
2011 03 11 07 51 00 2 5824.900
2011 03 11 07 52 00 2 5824.892
2011 03 11 07 53 00 2 5824.847
2011 03 11 07 54 00 2 5824.917
2011 03 11 07 55 00 2 5824.862
2011 03 11 07 56 00 2 5824.852
2011 03 11 07 57 00 2 5824.895
2011 03 11 07 58 00 2 5824.870
2011 03 11 07 59 00 2 5824.947
2011 03 11 08 00 00 1 9999.000
2011 03 11 08 00 00 2 5824.935
2011 03 11 08 01 00 2 5824.934
2011 03 11 08 02 00 2 5824.989
2011 03 11 08 03 00 2 5824.929
2011 03 11 08 04 00 2 5824.986
2011 03 11 08 05 00 2 5825.008
2011 03 11 08 06 00 2 5824.994
2011 03 11 08 07 00 2 5825.048
2011 03 11 08 08 00 2 5825.007
2011 03 11 08 09 00 2 5825.070
2011 03 11 08 10 00 2 5825.049
2011 03 11 08 11 00 2 5825.044
2011 03 11 08 12 00 2 5825.041
2011 03 11 08 13 00 2 5825.018
2011 03 11 08 14 00 2 5825.046
2011 03 11 08 15 00 1 9999.000
2011 03 11 08 15 00 2 5824.995
2011 03 11 08 16 00 2 5825.002
2011 03 11 08 17 00 2 5824.936
2011 03 11 08 18 00 2 5824.962
2011 03 11 08 19 00 2 5824.976
2011 03 11 08 20 00 2 5824.940
2011 03 11 08 21 00 2 5824.911
2011 03 11 08 22 00 2 5824.881
2011 03 11 08 23 00 2 5824.870
2011 03 11 08 24 00 2 5824.848
2011 03 11 08 25 00 2 5824.857
2011 03 11 08 26 00 2 5824.830
2011 03 11 08 27 00 2 5824.840
2011 03 11 08 28 00 2 5824.814
2011 03 11 08 29 00 2 5824.850
2011 03 11 08 30 00 1 9999.000
2011 03 11 08 30 00 2 5824.822
2011 03 11 08 31 00 2 5824.825
2011 03 11 08 32 00 2 5824.822
2011 03 11 08 33 00 2 5824.876
2011 03 11 08 34 00 2 5824.905
2011 03 11 08 35 00 2 5824.943
2011 03 11 08 36 00 2 5824.938
2011 03 11 08 37 00 2 5824.922
2011 03 11 08 38 00 2 5824.908
2011 03 11 08 39 00 2 5824.883
2011 03 11 08 40 00 2 5824.910
2011 03 11 08 41 00 2 5824.938
2011 03 11 08 42 00 2 5824.920
2011 03 11 08 43 00 2 5824.914
2011 03 11 08 44 00 2 5824.932
2011 03 11 08 45 00 1 9999.000
2011 03 11 08 45 00 2 5824.929
2011 03 11 08 46 00 2 5824.878
2011 03 11 08 47 00 2 5824.882
2011 03 11 08 48 00 2 5824.906
2011 03 11 08 49 00 2 5824.918
2011 03 11 08 50 00 2 5824.895
2011 03 11 08 51 00 2 5824.914
2011 03 11 08 52 00 2 5824.903
2011 03 11 08 53 00 2 5824.911
2011 03 11 08 54 00 2 5824.895
2011 03 11 08 55 00 2 5824.898
2011 03 11 08 56 00 2 5824.895
2011 03 11 08 57 00 2 5824.898
2011 03 11 08 58 00 2 5824.880
2011 03 11 08 59 00 2 5824.882
2011 03 11 09 00 00 1 9999.000
2011 03 11 09 00 00 2 5824.880
2011 03 11 09 01 00 2 5824.880
2011 03 11 09 02 00 2 5824.903
2011 03 11 09 03 00 2 5824.906
2011 03 11 09 04 00 2 5824.929
2011 03 11 09 05 00 2 5824.951
2011 03 11 09 06 00 2 5824.964
2011 03 11 09 07 00 2 5824.978
2011 03 11 09 08 00 2 5824.998
2011 03 11 09 09 00 2 5825.007
2011 03 11 09 10 00 2 5825.038
2011 03 11 09 11 00 2 5825.031
2011 03 11 09 12 00 2 5825.033
2011 03 11 09 13 00 2 5825.049
2011 03 11 09 14 00 2 5825.059
2011 03 11 09 15 00 1 9999.000
2011 03 11 09 15 00 2 5825.076
2011 03 11 09 16 00 2 5825.075
2011 03 11 09 17 00 2 5825.090
2011 03 11 09 18 00 2 5825.090
2011 03 11 09 19 00 2 5825.074
2011 03 11 09 20 00 2 5825.079
2011 03 11 09 21 00 2 5825.098
2011 03 11 09 22 00 2 5825.098
2011 03 11 09 23 00 2 5825.100
2011 03 11 09 24 00 2 5825.103
2011 03 11 09 25 00 2 5825.095
2011 03 11 09 26 00 2 5825.062
2011 03 11 09 27 00 2 5825.027
2011 03 11 09 28 00 2 5825.015
2011 03 11 09 29 00 2 5825.009
2011 03 11 09 30 00 1 9999.000
2011 03 11 09 30 00 2 5825.015
2011 03 11 09 31 00 2 5825.011
2011 03 11 09 32 00 2 5824.986
2011 03 11 09 33 00 2 5824.959
2011 03 11 09 34 00 2 5824.960
2011 03 11 09 35 00 2 5824.946
2011 03 11 09 36 00 2 5824.929
2011 03 11 09 37 00 2 5824.939
2011 03 11 09 38 00 2 5824.932
2011 03 11 09 39 00 2 5824.921
2011 03 11 09 40 00 2 5824.930
2011 03 11 09 41 00 2 5824.939
2011 03 11 09 42 00 2 5824.947
2011 03 11 09 43 00 2 5824.943
2011 03 11 09 44 00 2 5824.948
2011 03 11 09 45 00 1 9999.000
2011 03 11 09 45 00 2 5824.944
2011 03 11 09 46 00 2 5824.936
2011 03 11 09 47 00 2 5824.943
2011 03 11 09 48 00 2 5824.929
2011 03 11 09 49 00 2 5824.918
2011 03 11 09 50 00 2 5824.929
2011 03 11 09 51 00 2 5824.949
2011 03 11 09 52 00 2 5824.962
2011 03 11 09 53 00 2 5824.964
2011 03 11 09 54 00 2 5824.976
2011 03 11 09 55 00 2 5825.008
2011 03 11 09 56 00 2 5824.998
2011 03 11 09 57 00 2 5824.978
2011 03 11 09 58 00 2 5824.963
2011 03 11 09 59 00 2 5824.940
2011 03 11 10 00 00 1 9999.000
2011 03 11 10 00 00 2 5824.924
2011 03 11 10 01 00 2 5824.940
2011 03 11 10 02 00 2 5824.963
2011 03 11 10 03 00 2 5824.965
2011 03 11 10 04 00 2 5824.954
2011 03 11 10 05 00 2 5824.956
2011 03 11 10 06 00 2 5824.960
2011 03 11 10 07 00 2 5824.979
2011 03 11 10 08 00 2 5824.991
2011 03 11 10 09 00 2 5825.011
2011 03 11 10 10 00 2 5825.030
2011 03 11 10 11 00 2 5825.041
2011 03 11 10 12 00 2 5825.055
2011 03 11 10 13 00 2 5825.055
2011 03 11 10 14 00 2 5825.046
2011 03 11 10 15 00 1 9999.000
2011 03 11 10 15 00 2 5825.038
2011 03 11 10 16 00 2 5825.035
2011 03 11 10 17 00 2 5825.049
2011 03 11 10 18 00 2 5825.065
2011 03 11 10 19 00 2 5825.053
2011 03 11 10 20 00 2 5825.052
2011 03 11 10 21 00 2 5825.034
2011 03 11 10 22 00 2 5825.016
2011 03 11 10 23 00 2 5825.007
2011 03 11 10 24 00 2 5825.007
2011 03 11 10 25 00 2 5824.992
2011 03 11 10 26 00 2 5824.978
2011 03 11 10 27 00 2 5824.965
2011 03 11 10 28 00 2 5824.956
2011 03 11 10 29 00 2 5824.965
2011 03 11 10 30 00 1 9999.000
2011 03 11 10 30 00 2 5824.977
2011 03 11 10 31 00 2 5824.971
2011 03 11 10 32 00 2 5824.971
2011 03 11 10 33 00 2 5824.973
2011 03 11 10 34 00 2 5824.959
2011 03 11 10 35 00 2 5824.964
2011 03 11 10 36 00 2 5824.965
2011 03 11 10 37 00 2 5824.959
2011 03 11 10 38 00 2 5824.952
2011 03 11 10 39 00 2 5824.946
2011 03 11 10 40 00 2 5824.945
2011 03 11 10 41 00 2 5824.929
2011 03 11 10 42 00 2 5824.935
2011 03 11 10 43 00 2 5824.962
2011 03 11 10 44 00 2 5824.981
2011 03 11 10 45 00 1 9999.000
2011 03 11 10 45 00 2 5824.999
2011 03 11 10 46 00 2 5825.019
2011 03 11 10 47 00 2 5825.021
2011 03 11 10 48 00 2 5825.034
2011 03 11 10 49 00 2 5825.059
2011 03 11 10 50 00 2 5825.066
2011 03 11 10 51 00 2 5825.077
2011 03 11 10 52 00 2 5825.090
2011 03 11 10 53 00 2 5825.102
2011 03 11 10 54 00 2 5825.106
2011 03 11 10 55 00 2 5825.108
2011 03 11 10 56 00 2 5825.082
2011 03 11 10 57 00 2 5825.076
2011 03 11 10 58 00 2 5825.065
2011 03 11 10 59 00 2 5825.053
2011 03 11 11 00 00 1 9999.000
2011 03 11 11 00 00 2 5825.064
2011 03 11 11 01 00 2 5825.068
2011 03 11 11 02 00 2 5825.038
2011 03 11 11 03 00 2 5825.021
2011 03 11 11 04 00 2 5825.004
2011 03 11 11 05 00 2 5824.987
2011 03 11 11 06 00 2 5824.987
2011 03 11 11 07 00 2 5824.983
2011 03 11 11 08 00 2 5824.986
2011 03 11 11 09 00 2 5824.995
2011 03 11 11 10 00 2 5824.993
2011 03 11 11 11 00 2 5824.980
2011 03 11 11 12 00 2 5824.955
2011 03 11 11 13 00 2 5824.954
2011 03 11 11 14 00 2 5824.973
2011 03 11 11 15 00 1 9999.000
2011 03 11 11 15 00 2 5824.965
2011 03 11 11 16 00 2 5824.949
2011 03 11 11 17 00 2 5824.970
2011 03 11 11 18 00 2 5824.989
2011 03 11 11 19 00 2 5824.998
2011 03 11 11 20 00 2 5825.007
2011 03 11 11 21 00 2 5825.005
2011 03 11 11 22 00 2 5824.989
2011 03 11 11 23 00 2 5824.974
2011 03 11 11 24 00 2 5824.967
2011 03 11 11 25 00 2 5824.972
2011 03 11 11 26 00 2 5824.984
2011 03 11 11 27 00 2 5824.989
2011 03 11 11 28 00 2 5825.016
2011 03 11 11 29 00 2 5825.047
2011 03 11 11 30 00 1 9999.000
2011 03 11 11 30 00 2 5825.046
2011 03 11 11 31 00 2 5825.032
2011 03 11 11 32 00 2 5825.022
2011 03 11 11 33 00 2 5824.999
2011 03 11 11 34 00 2 5825.001
2011 03 11 11 35 00 2 5825.040
2011 03 11 11 36 00 2 5825.072
2011 03 11 11 37 00 2 5825.073
2011 03 11 11 38 00 2 5825.053
2011 03 11 11 39 00 2 5825.049
2011 03 11 11 40 00 2 5825.047
2011 03 11 11 41 00 2 5825.028
2011 03 11 11 42 00 2 5825.021
2011 03 11 11 43 00 2 5825.012
2011 03 11 11 44 00 2 5824.994
2011 03 11 11 45 00 1 9999.000
2011 03 11 11 45 00 2 5824.988
2011 03 11 11 46 00 2 5824.993
2011 03 11 11 47 00 2 5825.019
2011 03 11 11 48 00 2 5825.028
2011 03 11 11 49 00 2 5825.010
2011 03 11 11 50 00 2 5825.005
2011 03 11 11 51 00 2 5825.026
2011 03 11 11 52 00 2 5825.039
2011 03 11 11 53 00 2 5825.026
2011 03 11 11 54 00 2 5824.989
2011 03 11 11 55 00 2 5824.982
2011 03 11 11 56 00 2 5825.003
2011 03 11 11 57 00 2 5825.009
2011 03 11 11 58 00 2 5825.002
2011 03 11 11 59 00 2 5824.996
2011 03 11 12 00 00 1 9999.000
2011 03 11 12 00 00 2 5824.974
2011 03 11 12 01 00 2 5824.958
2011 03 11 12 02 00 2 5824.936
2011 03 11 12 03 00 2 5824.910
2011 03 11 12 04 00 2 5824.931
2011 03 11 12 05 00 2 5824.981
2011 03 11 12 06 00 2 5825.021
2011 03 11 12 07 00 2 5825.010
2011 03 11 12 08 00 2 5824.991
2011 03 11 12 09 00 2 5824.981
2011 03 11 12 10 00 2 5824.967
2011 03 11 12 11 00 2 5824.975
2011 03 11 12 12 00 2 5825.010
2011 03 11 12 13 00 2 5825.002
2011 03 11 12 14 00 2 5824.981
2011 03 11 12 15 00 1 9999.000
2011 03 11 12 15 00 2 5824.979
2011 03 11 12 16 00 2 5824.978
2011 03 11 12 17 00 2 5824.977
2011 03 11 12 18 00 2 5824.968
2011 03 11 12 19 00 2 5824.985
2011 03 11 12 20 00 2 5825.020
2011 03 11 12 21 00 2 5825.064
2011 03 11 12 22 00 2 5825.095
2011 03 11 12 23 00 2 5825.069
2011 03 11 12 24 00 2 5825.031
2011 03 11 12 25 00 2 5825.021
2011 03 11 12 26 00 2 5825.017
2011 03 11 12 27 00 2 5825.017
2011 03 11 12 28 00 2 5824.999
2011 03 11 12 29 00 2 5824.977
2011 03 11 12 30 00 1 9999.000
2011 03 11 12 30 00 2 5824.982
2011 03 11 12 31 00 2 5824.982
2011 03 11 12 32 00 2 5824.968
2011 03 11 12 33 00 2 5824.982
2011 03 11 12 34 00 2 5824.982
2011 03 11 12 35 00 2 5824.961
2011 03 11 12 36 00 2 5824.956
2011 03 11 12 37 00 2 5824.981
2011 03 11 12 38 00 2 5825.015
2011 03 11 12 39 00 2 5824.982
2011 03 11 12 40 00 2 5824.930
2011 03 11 12 41 00 2 5824.936
2011 03 11 12 42 00 2 5824.984
2011 03 11 12 43 00 2 5825.024
2011 03 11 12 44 00 2 5825.010
2011 03 11 12 45 00 1 9999.000
2011 03 11 12 45 00 2 5824.970
2011 03 11 12 46 00 2 5824.972
2011 03 11 12 47 00 2 5825.000
2011 03 11 12 48 00 2 5824.999
2011 03 11 12 49 00 2 5824.969
2011 03 11 12 50 00 2 5824.956
2011 03 11 12 51 00 2 5824.934
2011 03 11 12 52 00 2 5824.900
2011 03 11 12 53 00 2 5824.894
2011 03 11 12 54 00 2 5824.907
2011 03 11 12 55 00 2 5824.917
2011 03 11 12 56 00 2 5824.924
2011 03 11 12 57 00 2 5824.937
2011 03 11 12 58 00 2 5824.949
2011 03 11 12 59 00 2 5824.934
2011 03 11 13 00 00 1 9999.000
2011 03 11 13 00 00 2 5824.924
2011 03 11 13 01 00 2 5824.931
2011 03 11 13 02 00 2 5824.972
2011 03 11 13 03 00 2 5825.028
2011 03 11 13 04 00 2 5825.033
2011 03 11 13 05 00 2 5825.000
2011 03 11 13 06 00 2 5825.007
2011 03 11 13 07 00 2 5825.044
2011 03 11 13 08 00 2 5825.031
2011 03 11 13 09 00 2 5825.020
2011 03 11 13 10 00 2 5825.035
2011 03 11 13 11 00 2 5825.002
2011 03 11 13 12 00 2 5824.978
2011 03 11 13 13 00 2 5825.017
2011 03 11 13 14 00 2 5825.037
2011 03 11 13 15 00 1 9999.000
2011 03 11 13 15 00 2 5825.012
2011 03 11 13 16 00 2 5824.989
2011 03 11 13 17 00 2 5824.970
2011 03 11 13 18 00 2 5824.985
2011 03 11 13 19 00 2 5824.988
2011 03 11 13 20 00 2 5824.963
2011 03 11 13 21 00 2 5824.965
2011 03 11 13 22 00 2 5824.980
2011 03 11 13 23 00 2 5824.985
2011 03 11 13 24 00 2 5824.985
2011 03 11 13 25 00 2 5824.989
2011 03 11 13 26 00 2 5824.985
2011 03 11 13 27 00 2 5824.984
2011 03 11 13 28 00 2 5824.978
2011 03 11 13 29 00 2 5824.963
2011 03 11 13 30 00 1 9999.000
2011 03 11 13 30 00 2 5824.942
2011 03 11 13 31 00 2 5824.915
2011 03 11 13 32 00 2 5824.903
2011 03 11 13 33 00 2 5824.926
2011 03 11 13 34 00 2 5824.953
2011 03 11 13 35 00 2 5824.969
2011 03 11 13 36 00 2 5824.975
2011 03 11 13 37 00 2 5824.961
2011 03 11 13 38 00 2 5824.963
2011 03 11 13 39 00 2 5824.987
2011 03 11 13 40 00 2 5824.972
2011 03 11 13 41 00 2 5824.969
2011 03 11 13 42 00 2 5825.002
2011 03 11 13 43 00 2 5824.969
2011 03 11 13 44 00 2 5824.919
2011 03 11 13 45 00 1 9999.000
2011 03 11 13 45 00 2 5824.932
2011 03 11 13 46 00 2 5824.923
2011 03 11 13 47 00 2 5824.880
2011 03 11 13 48 00 2 5824.872
2011 03 11 13 49 00 2 5824.864
2011 03 11 13 50 00 2 5824.849
2011 03 11 13 51 00 2 5824.872
2011 03 11 13 52 00 2 5824.899
2011 03 11 13 53 00 2 5824.879
2011 03 11 13 54 00 2 5824.884
2011 03 11 13 55 00 2 5824.923
2011 03 11 13 56 00 2 5824.948
2011 03 11 13 57 00 2 5824.977
2011 03 11 13 58 00 2 5824.977
2011 03 11 13 59 00 2 5824.967
2011 03 11 14 00 00 1 9999.000
2011 03 11 14 00 00 2 5825.004
2011 03 11 14 01 00 2 5825.037
2011 03 11 14 02 00 2 5825.057
2011 03 11 14 03 00 2 5825.064
2011 03 11 14 04 00 2 5825.052
2011 03 11 14 05 00 2 5825.040
2011 03 11 14 06 00 2 5825.030
2011 03 11 14 07 00 2 5825.036
2011 03 11 14 08 00 2 5825.034
2011 03 11 14 09 00 2 5824.991
2011 03 11 14 10 00 2 5824.994
2011 03 11 14 11 00 2 5825.014
2011 03 11 14 12 00 2 5824.981
2011 03 11 14 13 00 2 5824.976
2011 03 11 14 14 00 2 5825.000
2011 03 11 14 15 00 1 9999.000
2011 03 11 14 15 00 2 5824.983
2011 03 11 14 16 00 2 5824.961
2011 03 11 14 17 00 2 5824.955
2011 03 11 14 18 00 2 5824.971
2011 03 11 14 19 00 2 5824.995
2011 03 11 14 20 00 2 5824.996
2011 03 11 14 21 00 2 5824.990
2011 03 11 14 22 00 2 5824.978
2011 03 11 14 23 00 2 5824.969
2011 03 11 14 24 00 2 5824.965
2011 03 11 14 25 00 2 5824.968
2011 03 11 14 26 00 2 5824.979
2011 03 11 14 27 00 2 5824.975
2011 03 11 14 28 00 2 5824.942
2011 03 11 14 29 00 2 5824.920
2011 03 11 14 30 00 1 9999.000
2011 03 11 14 30 00 2 5824.917
2011 03 11 14 31 00 2 5824.911
2011 03 11 14 32 00 2 5824.938
2011 03 11 14 33 00 2 5824.959
2011 03 11 14 34 00 2 5824.947
2011 03 11 14 35 00 2 5824.949
2011 03 11 14 36 00 2 5824.960
2011 03 11 14 37 00 2 5824.992
2011 03 11 14 38 00 2 5825.019
2011 03 11 14 39 00 2 5825.011
2011 03 11 14 40 00 2 5825.026
2011 03 11 14 41 00 2 5825.035
2011 03 11 14 42 00 2 5825.004
2011 03 11 14 43 00 2 5824.989
2011 03 11 14 44 00 2 5824.979
2011 03 11 14 45 00 1 9999.000
2011 03 11 14 45 00 2 5824.973
2011 03 11 14 46 00 2 5824.971
2011 03 11 14 47 00 2 5824.977
2011 03 11 14 48 00 2 5824.987
2011 03 11 14 49 00 2 5824.969
2011 03 11 14 50 00 2 5824.945
2011 03 11 14 51 00 2 5824.938
2011 03 11 14 52 00 2 5824.924
2011 03 11 14 53 00 2 5824.955
2011 03 11 14 54 00 2 5824.990
2011 03 11 14 55 00 2 5824.980
2011 03 11 14 56 00 2 5824.989
2011 03 11 14 57 00 2 5824.983
2011 03 11 14 58 00 2 5824.966
2011 03 11 14 59 00 2 5824.974
2011 03 11 15 00 00 1 9999.000
2011 03 11 15 00 00 2 5824.958
2011 03 11 15 01 00 2 5824.967
2011 03 11 15 02 00 2 5824.990
2011 03 11 15 03 00 2 5824.973
2011 03 11 15 04 00 2 5824.960
2011 03 11 15 05 00 2 5824.961
2011 03 11 15 06 00 2 5824.983
2011 03 11 15 07 00 2 5824.995
2011 03 11 15 08 00 2 5824.980
2011 03 11 15 09 00 2 5824.989
2011 03 11 15 10 00 2 5825.001
2011 03 11 15 11 00 2 5825.026
2011 03 11 15 12 00 2 5825.030
2011 03 11 15 13 00 2 5825.024
2011 03 11 15 14 00 2 5825.031
2011 03 11 15 15 00 1 9999.000
2011 03 11 15 15 00 2 5824.992
2011 03 11 15 16 00 2 5824.979
2011 03 11 15 17 00 2 5824.986
2011 03 11 15 18 00 2 5824.979
2011 03 11 15 19 00 2 5824.968
2011 03 11 15 20 00 2 5824.952
2011 03 11 15 21 00 2 5824.973
2011 03 11 15 22 00 2 5825.000
2011 03 11 15 23 00 2 5825.014
2011 03 11 15 24 00 2 5825.022
2011 03 11 15 25 00 2 5825.021
2011 03 11 15 26 00 2 5825.017
2011 03 11 15 27 00 2 5825.001
2011 03 11 15 28 00 2 5824.993
2011 03 11 15 29 00 2 5825.010
2011 03 11 15 30 00 1 9999.000
2011 03 11 15 30 00 2 5825.005
2011 03 11 15 31 00 2 5825.001
2011 03 11 15 32 00 2 5824.985
2011 03 11 15 33 00 2 5824.984
2011 03 11 15 34 00 2 5825.004
2011 03 11 15 35 00 2 5824.975
2011 03 11 15 36 00 2 5824.963
2011 03 11 15 37 00 2 5824.956
2011 03 11 15 38 00 2 5824.941
2011 03 11 15 39 00 2 5824.922
2011 03 11 15 40 00 2 5824.910
2011 03 11 15 41 00 2 5824.924
2011 03 11 15 42 00 2 5824.912
2011 03 11 15 43 00 2 5824.899
2011 03 11 15 44 00 2 5824.873
2011 03 11 15 45 00 1 9999.000
2011 03 11 15 45 00 2 5824.874
2011 03 11 15 46 00 2 5824.896
2011 03 11 15 47 00 2 5824.900
2011 03 11 15 48 00 2 5824.930
2011 03 11 15 49 00 2 5824.967
2011 03 11 15 50 00 2 5825.003
2011 03 11 15 51 00 2 5825.017
2011 03 11 15 52 00 2 5825.041
2011 03 11 15 53 00 2 5825.060
2011 03 11 15 54 00 2 5825.053
2011 03 11 15 55 00 2 5825.044
2011 03 11 15 56 00 2 5825.023
2011 03 11 15 57 00 2 5824.999
2011 03 11 15 58 00 2 5824.976
2011 03 11 15 59 00 2 5824.961
2011 03 11 16 00 00 1 9999.000
2011 03 11 16 00 00 2 5824.968
2011 03 11 16 01 00 2 5824.973
2011 03 11 16 02 00 2 5824.971
2011 03 11 16 03 00 2 5824.968
2011 03 11 16 04 00 2 5825.009
2011 03 11 16 05 00 2 5825.020
2011 03 11 16 06 00 2 5825.006
2011 03 11 16 07 00 2 5824.997
2011 03 11 16 08 00 2 5825.010
2011 03 11 16 09 00 2 5825.030
2011 03 11 16 10 00 2 5825.021
2011 03 11 16 11 00 2 5825.041
2011 03 11 16 12 00 2 5825.059
2011 03 11 16 13 00 2 5825.055
2011 03 11 16 14 00 2 5825.044
2011 03 11 16 15 00 1 9999.000
2011 03 11 16 15 00 2 5825.042
2011 03 11 16 16 00 2 5825.068
2011 03 11 16 17 00 2 5825.055
2011 03 11 16 18 00 2 5825.034
2011 03 11 16 19 00 2 5825.032
2011 03 11 16 20 00 2 5825.046
2011 03 11 16 21 00 2 5825.067
2011 03 11 16 22 00 2 5825.071
2011 03 11 16 23 00 2 5825.068
2011 03 11 16 24 00 2 5825.051
2011 03 11 16 25 00 2 5825.028
2011 03 11 16 26 00 2 5825.013
2011 03 11 16 27 00 2 5825.010
2011 03 11 16 28 00 2 5825.016
2011 03 11 16 29 00 2 5825.020
2011 03 11 16 30 00 1 9999.000
2011 03 11 16 30 00 2 5825.035
2011 03 11 16 31 00 2 5825.029
2011 03 11 16 32 00 2 5825.017
2011 03 11 16 33 00 2 5825.011
2011 03 11 16 34 00 2 5825.000
2011 03 11 16 35 00 2 5824.976
2011 03 11 16 36 00 2 5824.970
2011 03 11 16 37 00 2 5824.993
2011 03 11 16 38 00 2 5825.003
2011 03 11 16 39 00 2 5824.998
2011 03 11 16 40 00 2 5824.971
2011 03 11 16 41 00 2 5824.964
2011 03 11 16 42 00 2 5824.995
2011 03 11 16 43 00 2 5825.010
2011 03 11 16 44 00 2 5825.020
2011 03 11 16 45 00 1 9999.000
2011 03 11 16 45 00 2 5825.028
2011 03 11 16 46 00 2 5825.031
2011 03 11 16 47 00 2 5825.027
2011 03 11 16 48 00 2 5825.012
2011 03 11 16 49 00 2 5825.018
2011 03 11 16 50 00 2 5825.032
2011 03 11 16 51 00 2 5825.030
2011 03 11 16 52 00 2 5825.005
2011 03 11 16 53 00 2 5824.985
2011 03 11 16 54 00 2 5824.995
2011 03 11 16 55 00 2 5824.990
2011 03 11 16 56 00 2 5825.004
2011 03 11 16 57 00 2 5825.026
2011 03 11 16 58 00 2 5825.033
2011 03 11 16 59 00 2 5825.035
2011 03 11 17 00 00 1 9999.000
2011 03 11 17 00 00 2 5825.044
2011 03 11 17 01 00 2 5825.055
2011 03 11 17 02 00 2 5825.061
2011 03 11 17 03 00 2 5825.074
2011 03 11 17 04 00 2 5825.087
2011 03 11 17 05 00 2 5825.085
2011 03 11 17 06 00 2 5825.084
2011 03 11 17 07 00 2 5825.108
2011 03 11 17 08 00 2 5825.132
2011 03 11 17 09 00 2 5825.132
2011 03 11 17 10 00 2 5825.134
2011 03 11 17 11 00 2 5825.122
2011 03 11 17 12 00 2 5825.097
2011 03 11 17 13 00 2 5825.111
2011 03 11 17 14 00 2 5825.118
2011 03 11 17 15 00 1 9999.000
2011 03 11 17 15 00 2 5825.113
2011 03 11 17 16 00 2 5825.104
2011 03 11 17 17 00 2 5825.092
2011 03 11 17 18 00 2 5825.076
2011 03 11 17 19 00 2 5825.069
2011 03 11 17 20 00 2 5825.077
2011 03 11 17 21 00 2 5825.093
2011 03 11 17 22 00 2 5825.111
2011 03 11 17 23 00 2 5825.100
2011 03 11 17 24 00 2 5825.090
2011 03 11 17 25 00 2 5825.078
2011 03 11 17 26 00 2 5825.078
2011 03 11 17 27 00 2 5825.096
2011 03 11 17 28 00 2 5825.100
2011 03 11 17 29 00 2 5825.093
2011 03 11 17 30 00 1 9999.000
2011 03 11 17 30 00 2 5825.100
2011 03 11 17 31 00 2 5825.122
2011 03 11 17 32 00 2 5825.139
2011 03 11 17 33 00 2 5825.113
2011 03 11 17 34 00 2 5825.103
2011 03 11 17 35 00 2 5825.122
2011 03 11 17 36 00 2 5825.116
2011 03 11 17 37 00 2 5825.089
2011 03 11 17 38 00 2 5825.053
2011 03 11 17 39 00 2 5825.050
2011 03 11 17 40 00 2 5825.046
2011 03 11 17 41 00 2 5825.035
2011 03 11 17 42 00 2 5825.038
2011 03 11 17 43 00 2 5825.046
2011 03 11 17 44 00 2 5825.059
2011 03 11 17 45 00 1 9999.000
2011 03 11 17 45 00 2 5825.078
2011 03 11 17 46 00 2 5825.076
2011 03 11 17 47 00 2 5825.069
2011 03 11 17 48 00 2 5825.077
2011 03 11 17 49 00 2 5825.056
2011 03 11 17 50 00 2 5825.056
2011 03 11 17 51 00 2 5825.101
2011 03 11 17 52 00 2 5825.130
2011 03 11 17 53 00 2 5825.114
2011 03 11 17 54 00 2 5825.097
2011 03 11 17 55 00 2 5825.097
2011 03 11 17 56 00 2 5825.096
2011 03 11 17 57 00 2 5825.085
2011 03 11 17 58 00 2 5825.076
2011 03 11 17 59 00 2 5825.082
2011 03 11 18 00 00 1 9999.000
2011 03 11 18 00 00 2 5825.084
2011 03 11 18 01 00 2 5825.072
2011 03 11 18 02 00 2 5825.069
2011 03 11 18 03 00 2 5825.074
2011 03 11 18 04 00 2 5825.085
2011 03 11 18 05 00 2 5825.100
2011 03 11 18 06 00 2 5825.110
2011 03 11 18 07 00 2 5825.092
2011 03 11 18 08 00 2 5825.084
2011 03 11 18 09 00 2 5825.100
2011 03 11 18 10 00 2 5825.103
2011 03 11 18 11 00 2 5825.100
2011 03 11 18 12 00 2 5825.095
2011 03 11 18 13 00 2 5825.075
2011 03 11 18 14 00 2 5825.072
2011 03 11 18 15 00 1 9999.000
2011 03 11 18 15 00 2 5825.095
2011 03 11 18 16 00 2 5825.101
2011 03 11 18 17 00 2 5825.090
2011 03 11 18 18 00 2 5825.082
2011 03 11 18 19 00 2 5825.081
2011 03 11 18 20 00 2 5825.088
2011 03 11 18 21 00 2 5825.092
2011 03 11 18 22 00 2 5825.100
2011 03 11 18 23 00 2 5825.104
2011 03 11 18 24 00 2 5825.099
2011 03 11 18 25 00 2 5825.107
2011 03 11 18 26 00 2 5825.130
2011 03 11 18 27 00 2 5825.131
2011 03 11 18 28 00 2 5825.129
2011 03 11 18 29 00 2 5825.139
2011 03 11 18 30 00 1 9999.000
2011 03 11 18 30 00 2 5825.146
2011 03 11 18 31 00 2 5825.137
2011 03 11 18 32 00 2 5825.141
2011 03 11 18 33 00 2 5825.162
2011 03 11 18 34 00 2 5825.157
2011 03 11 18 35 00 2 5825.133
2011 03 11 18 36 00 2 5825.124
2011 03 11 18 37 00 2 5825.134
2011 03 11 18 38 00 2 5825.138
2011 03 11 18 39 00 2 5825.113
2011 03 11 18 40 00 2 5825.115
2011 03 11 18 41 00 2 5825.138
2011 03 11 18 42 00 2 5825.132
2011 03 11 18 43 00 2 5825.121
2011 03 11 18 44 00 2 5825.129
2011 03 11 18 45 00 1 9999.000
2011 03 11 18 45 00 2 5825.143
2011 03 11 18 46 00 2 5825.143
2011 03 11 18 47 00 2 5825.131
2011 03 11 18 48 00 2 5825.158
2011 03 11 18 49 00 2 5825.177
2011 03 11 18 50 00 2 5825.174
2011 03 11 18 51 00 2 5825.156
2011 03 11 18 52 00 2 5825.147
2011 03 11 18 53 00 2 5825.156
2011 03 11 18 54 00 2 5825.161
2011 03 11 18 55 00 2 5825.152
2011 03 11 18 56 00 2 5825.137
2011 03 11 18 57 00 2 5825.154
2011 03 11 18 58 00 2 5825.164
2011 03 11 18 59 00 2 5825.162
2011 03 11 19 00 00 1 9999.000
2011 03 11 19 00 00 2 5825.172
2011 03 11 19 01 00 2 5825.165
2011 03 11 19 02 00 2 5825.178
2011 03 11 19 03 00 2 5825.186
2011 03 11 19 04 00 2 5825.168
2011 03 11 19 05 00 2 5825.169
2011 03 11 19 06 00 2 5825.166
2011 03 11 19 07 00 2 5825.160
2011 03 11 19 08 00 2 5825.173
2011 03 11 19 09 00 2 5825.157
2011 03 11 19 10 00 2 5825.139
2011 03 11 19 11 00 2 5825.133
2011 03 11 19 12 00 2 5825.137
2011 03 11 19 13 00 2 5825.170
2011 03 11 19 14 00 2 5825.195
2011 03 11 19 15 00 1 9999.000
2011 03 11 19 15 00 2 5825.213
2011 03 11 19 16 00 2 5825.220
2011 03 11 19 17 00 2 5825.190
2011 03 11 19 18 00 2 5825.193
2011 03 11 19 19 00 2 5825.212
2011 03 11 19 20 00 2 5825.208
2011 03 11 19 21 00 2 5825.200
2011 03 11 19 22 00 2 5825.192
2011 03 11 19 23 00 2 5825.182
2011 03 11 19 24 00 2 5825.180
2011 03 11 19 25 00 2 5825.184
2011 03 11 19 26 00 2 5825.188
2011 03 11 19 27 00 2 5825.205
2011 03 11 19 28 00 2 5825.217
2011 03 11 19 29 00 2 5825.214
2011 03 11 19 30 00 1 9999.000
2011 03 11 19 30 00 2 5825.214
2011 03 11 19 31 00 2 5825.199
2011 03 11 19 32 00 2 5825.174
2011 03 11 19 33 00 2 5825.187
2011 03 11 19 34 00 2 5825.212
2011 03 11 19 35 00 2 5825.193
2011 03 11 19 36 00 2 5825.183
2011 03 11 19 37 00 2 5825.194
2011 03 11 19 38 00 2 5825.182
2011 03 11 19 39 00 2 5825.189
2011 03 11 19 40 00 2 5825.188
2011 03 11 19 41 00 2 5825.165
2011 03 11 19 42 00 2 5825.160
2011 03 11 19 43 00 2 5825.163
2011 03 11 19 44 00 2 5825.160
2011 03 11 19 45 00 1 9999.000
2011 03 11 19 45 00 2 5825.169
2011 03 11 19 46 00 2 5825.164
2011 03 11 19 47 00 2 5825.145
2011 03 11 19 48 00 2 5825.163
2011 03 11 19 49 00 2 5825.170
2011 03 11 19 50 00 2 5825.184
2011 03 11 19 51 00 2 5825.218
2011 03 11 19 52 00 2 5825.235
2011 03 11 19 53 00 2 5825.230
2011 03 11 19 54 00 2 5825.229
2011 03 11 19 55 00 2 5825.225
2011 03 11 19 56 00 2 5825.220
2011 03 11 19 57 00 2 5825.220
2011 03 11 19 58 00 2 5825.212
2011 03 11 19 59 00 2 5825.199
2011 03 11 20 00 00 1 9999.000
2011 03 11 20 00 00 2 5825.188
2011 03 11 20 01 00 2 5825.174
2011 03 11 20 02 00 2 5825.176
2011 03 11 20 03 00 2 5825.189
2011 03 11 20 04 00 2 5825.212
2011 03 11 20 05 00 2 5825.222
2011 03 11 20 06 00 2 5825.235
2011 03 11 20 07 00 2 5825.239
2011 03 11 20 08 00 2 5825.220
2011 03 11 20 09 00 2 5825.228
2011 03 11 20 10 00 2 5825.234
2011 03 11 20 11 00 2 5825.220
2011 03 11 20 12 00 2 5825.231
2011 03 11 20 13 00 2 5825.244
2011 03 11 20 14 00 2 5825.234
2011 03 11 20 15 00 1 9999.000
2011 03 11 20 15 00 2 5825.221
2011 03 11 20 16 00 2 5825.234
2011 03 11 20 17 00 2 5825.248
2011 03 11 20 18 00 2 5825.244
2011 03 11 20 19 00 2 5825.235
2011 03 11 20 20 00 2 5825.216
2011 03 11 20 21 00 2 5825.209
2011 03 11 20 22 00 2 5825.200
2011 03 11 20 23 00 2 5825.190
2011 03 11 20 24 00 2 5825.187
2011 03 11 20 25 00 2 5825.181
2011 03 11 20 26 00 2 5825.184
2011 03 11 20 27 00 2 5825.186
2011 03 11 20 28 00 2 5825.186
2011 03 11 20 29 00 2 5825.195
2011 03 11 20 30 00 1 9999.000
2011 03 11 20 30 00 2 5825.193
2011 03 11 20 31 00 2 5825.186
2011 03 11 20 32 00 2 5825.182
2011 03 11 20 33 00 2 5825.180
2011 03 11 20 34 00 2 5825.202
2011 03 11 20 35 00 2 5825.196
2011 03 11 20 36 00 2 5825.191
2011 03 11 20 37 00 2 5825.199
2011 03 11 20 38 00 2 5825.198
2011 03 11 20 39 00 2 5825.202
2011 03 11 20 40 00 2 5825.208
2011 03 11 20 41 00 2 5825.208
2011 03 11 20 42 00 2 5825.204
2011 03 11 20 43 00 2 5825.200
2011 03 11 20 44 00 2 5825.207
2011 03 11 20 45 00 1 9999.000
2011 03 11 20 45 00 2 5825.216
2011 03 11 20 46 00 2 5825.219
2011 03 11 20 47 00 2 5825.212
2011 03 11 20 48 00 2 5825.191
2011 03 11 20 49 00 2 5825.193
2011 03 11 20 50 00 2 5825.193
2011 03 11 20 51 00 2 5825.182
2011 03 11 20 52 00 2 5825.186
2011 03 11 20 53 00 2 5825.181
2011 03 11 20 54 00 2 5825.194
2011 03 11 20 55 00 2 5825.196
2011 03 11 20 56 00 2 5825.210
2011 03 11 20 57 00 2 5825.239
2011 03 11 20 58 00 2 5825.233
2011 03 11 20 59 00 2 5825.224
2011 03 11 21 00 00 1 9999.000
2011 03 11 21 00 00 2 5825.228
2011 03 11 21 01 00 2 5825.229
2011 03 11 21 02 00 2 5825.217
2011 03 11 21 03 00 2 5825.220
2011 03 11 21 04 00 2 5825.223
2011 03 11 21 05 00 2 5825.214
2011 03 11 21 06 00 2 5825.209
2011 03 11 21 07 00 2 5825.201
2011 03 11 21 08 00 2 5825.205
2011 03 11 21 09 00 2 5825.194
2011 03 11 21 10 00 2 5825.178
2011 03 11 21 11 00 2 5825.170
2011 03 11 21 12 00 2 5825.187
2011 03 11 21 13 00 2 5825.194
2011 03 11 21 14 00 2 5825.186
2011 03 11 21 15 00 1 9999.000
2011 03 11 21 15 00 2 5825.200
2011 03 11 21 16 00 2 5825.211
2011 03 11 21 17 00 2 5825.209
2011 03 11 21 18 00 2 5825.214
2011 03 11 21 19 00 2 5825.207
2011 03 11 21 20 00 2 5825.204
2011 03 11 21 21 00 2 5825.206
2011 03 11 21 22 00 2 5825.210
2011 03 11 21 23 00 2 5825.216
2011 03 11 21 24 00 2 5825.205
2011 03 11 21 25 00 2 5825.206
2011 03 11 21 26 00 2 5825.218
2011 03 11 21 27 00 2 5825.201
2011 03 11 21 28 00 2 5825.201
2011 03 11 21 29 00 2 5825.226
2011 03 11 21 30 00 1 9999.000
2011 03 11 21 30 00 2 5825.230
2011 03 11 21 31 00 2 5825.225
2011 03 11 21 32 00 2 5825.230
2011 03 11 21 33 00 2 5825.229
2011 03 11 21 34 00 2 5825.232
2011 03 11 21 35 00 2 5825.224
2011 03 11 21 36 00 2 5825.205
2011 03 11 21 37 00 2 5825.226
2011 03 11 21 38 00 2 5825.226
2011 03 11 21 39 00 2 5825.220
2011 03 11 21 40 00 2 5825.230
2011 03 11 21 41 00 2 5825.236
2011 03 11 21 42 00 2 5825.243
2011 03 11 21 43 00 2 5825.236
2011 03 11 21 44 00 2 5825.227
2011 03 11 21 45 00 1 9999.000
2011 03 11 21 45 00 2 5825.226
2011 03 11 21 46 00 2 5825.215
2011 03 11 21 47 00 2 5825.200
2011 03 11 21 48 00 2 5825.213
2011 03 11 21 49 00 2 5825.212
2011 03 11 21 50 00 2 5825.203
2011 03 11 21 51 00 2 5825.210
2011 03 11 21 52 00 2 5825.196
2011 03 11 21 53 00 2 5825.191
2011 03 11 21 54 00 2 5825.203
2011 03 11 21 55 00 2 5825.179
2011 03 11 21 56 00 2 5825.150
2011 03 11 21 57 00 2 5825.144
2011 03 11 21 58 00 2 5825.141
2011 03 11 21 59 00 2 5825.138
2011 03 11 22 00 00 1 9999.000
2011 03 11 22 00 00 2 5825.137
2011 03 11 22 01 00 2 5825.155
2011 03 11 22 02 00 2 5825.170
2011 03 11 22 03 00 2 5825.173
2011 03 11 22 04 00 2 5825.184
2011 03 11 22 05 00 2 5825.191
2011 03 11 22 06 00 2 5825.208
2011 03 11 22 07 00 2 5825.228
2011 03 11 22 08 00 2 5825.234
2011 03 11 22 09 00 2 5825.231
2011 03 11 22 10 00 2 5825.220
2011 03 11 22 11 00 2 5825.206
2011 03 11 22 12 00 2 5825.209
2011 03 11 22 13 00 2 5825.218
2011 03 11 22 14 00 2 5825.211
2011 03 11 22 15 00 1 9999.000
2011 03 11 22 15 00 2 5825.198
2011 03 11 22 16 00 2 5825.183
2011 03 11 22 17 00 2 5825.186
2011 03 11 22 18 00 2 5825.170
2011 03 11 22 19 00 2 5825.150
2011 03 11 22 20 00 2 5825.164
2011 03 11 22 21 00 2 5825.164
2011 03 11 22 22 00 2 5825.154
2011 03 11 22 23 00 2 5825.149
2011 03 11 22 24 00 2 5825.159
2011 03 11 22 25 00 2 5825.162
2011 03 11 22 26 00 2 5825.159
2011 03 11 22 27 00 2 5825.156
2011 03 11 22 28 00 2 5825.161
2011 03 11 22 29 00 2 5825.171
2011 03 11 22 30 00 1 9999.000
2011 03 11 22 30 00 2 5825.177
2011 03 11 22 31 00 2 5825.177
2011 03 11 22 32 00 2 5825.182
2011 03 11 22 33 00 2 5825.168
2011 03 11 22 34 00 2 5825.150
2011 03 11 22 35 00 2 5825.133
2011 03 11 22 36 00 2 5825.128
2011 03 11 22 37 00 2 5825.135
2011 03 11 22 38 00 2 5825.133
2011 03 11 22 39 00 2 5825.130
2011 03 11 22 40 00 2 5825.129
2011 03 11 22 41 00 2 5825.124
2011 03 11 22 42 00 2 5825.128
2011 03 11 22 43 00 2 5825.125
2011 03 11 22 44 00 2 5825.134
2011 03 11 22 45 00 1 9999.000
2011 03 11 22 45 00 2 5825.150
2011 03 11 22 46 00 2 5825.165
2011 03 11 22 47 00 2 5825.161
2011 03 11 22 48 00 2 5825.154
2011 03 11 22 49 00 2 5825.151
2011 03 11 22 50 00 2 5825.151
2011 03 11 22 51 00 2 5825.154
2011 03 11 22 52 00 2 5825.148
2011 03 11 22 53 00 2 5825.153
2011 03 11 22 54 00 2 5825.155
2011 03 11 22 55 00 2 5825.146
2011 03 11 22 56 00 2 5825.146
2011 03 11 22 57 00 2 5825.145
2011 03 11 22 58 00 2 5825.142
2011 03 11 22 59 00 2 5825.148
2011 03 11 23 00 00 1 9999.000
2011 03 11 23 00 00 2 5825.133
2011 03 11 23 01 00 2 5825.140
2011 03 11 23 02 00 2 5825.148
2011 03 11 23 03 00 2 5825.121
2011 03 11 23 04 00 2 5825.103
2011 03 11 23 05 00 2 5825.112
2011 03 11 23 06 00 2 5825.137
2011 03 11 23 07 00 2 5825.149
2011 03 11 23 08 00 2 5825.146
2011 03 11 23 09 00 2 5825.150
2011 03 11 23 10 00 2 5825.152
2011 03 11 23 11 00 2 5825.149
2011 03 11 23 12 00 2 5825.130
2011 03 11 23 13 00 2 5825.116
2011 03 11 23 14 00 2 5825.127
2011 03 11 23 15 00 1 9999.000
2011 03 11 23 15 00 2 5825.124
2011 03 11 23 16 00 2 5825.107
2011 03 11 23 17 00 2 5825.109
2011 03 11 23 18 00 2 5825.112
2011 03 11 23 19 00 2 5825.104
2011 03 11 23 20 00 2 5825.090
2011 03 11 23 21 00 2 5825.084
2011 03 11 23 22 00 2 5825.088
2011 03 11 23 23 00 2 5825.093
2011 03 11 23 24 00 2 5825.076
2011 03 11 23 25 00 2 5825.062
2011 03 11 23 26 00 2 5825.068
2011 03 11 23 27 00 2 5825.070
2011 03 11 23 28 00 2 5825.073
2011 03 11 23 29 00 2 5825.078
2011 03 11 23 30 00 1 9999.000
2011 03 11 23 30 00 2 5825.087
2011 03 11 23 31 00 2 5825.104
2011 03 11 23 32 00 2 5825.100
2011 03 11 23 33 00 2 5825.087
2011 03 11 23 34 00 2 5825.090
2011 03 11 23 35 00 2 5825.080
2011 03 11 23 36 00 2 5825.074
2011 03 11 23 37 00 2 5825.069
2011 03 11 23 38 00 2 5825.073
2011 03 11 23 39 00 2 5825.067
2011 03 11 23 40 00 2 5825.063
2011 03 11 23 41 00 2 5825.068
2011 03 11 23 42 00 2 5825.060
2011 03 11 23 43 00 2 5825.063
2011 03 11 23 44 00 2 5825.070
2011 03 11 23 45 00 1 9999.000
2011 03 11 23 45 00 2 5825.082
2011 03 11 23 46 00 2 5825.096
2011 03 11 23 47 00 2 5825.089
2011 03 11 23 48 00 2 5825.098
2011 03 11 23 49 00 2 5825.114
2011 03 11 23 50 00 2 5825.103
2011 03 11 23 51 00 2 5825.094
2011 03 11 23 52 00 2 5825.104
2011 03 11 23 53 00 2 5825.097
2011 03 11 23 54 00 2 5825.088
2011 03 11 23 55 00 2 5825.067
2011 03 11 23 56 00 2 5825.072
2011 03 11 23 57 00 2 5825.068
2011 03 11 23 58 00 2 5825.055
2011 03 11 23 59 00 2 5825.049
2011 03 12 00 00 00 1 9999.000
2011 03 12 00 00 00 2 5825.058
2011 03 12 00 00 45 2 5825.058
2011 03 12 00 01 00 2 5825.071
2011 03 12 00 01 45 2 5825.071
2011 03 12 00 02 00 2 5825.066
2011 03 12 00 02 45 2 5825.066
2011 03 12 00 03 00 2 5825.063
2011 03 12 00 03 45 2 5825.063
2011 03 12 00 04 00 2 5825.058
2011 03 12 00 04 45 2 5825.058
2011 03 12 00 05 00 2 5825.067
2011 03 12 00 05 45 2 5825.067
2011 03 12 00 06 00 2 5825.071
2011 03 12 00 06 45 2 5825.071
2011 03 12 00 07 00 2 5825.062
2011 03 12 00 07 45 2 5825.062
2011 03 12 00 08 00 2 5825.046
2011 03 12 00 08 45 2 5825.046
2011 03 12 00 09 00 2 5825.045
2011 03 12 00 09 45 2 5825.045
2011 03 12 00 10 00 2 5825.048
2011 03 12 00 10 45 2 5825.048
2011 03 12 00 11 00 2 5825.050
2011 03 12 00 11 45 2 5825.050
2011 03 12 00 12 00 2 5825.047
2011 03 12 00 12 45 2 5825.047
2011 03 12 00 13 00 2 5825.046
2011 03 12 00 13 45 2 5825.046
2011 03 12 00 14 00 2 5825.035
2011 03 12 00 14 45 2 5825.035
2011 03 12 00 15 00 1 9999.000
2011 03 12 00 15 00 2 5825.012
2011 03 12 00 15 45 2 5825.012
2011 03 12 00 16 00 2 5825.026
2011 03 12 00 16 45 2 5825.026
2011 03 12 00 17 00 2 5825.042
2011 03 12 00 17 45 2 5825.042
2011 03 12 00 18 00 2 5825.025
2011 03 12 00 18 45 2 5825.025
2011 03 12 00 19 00 2 5825.025
2011 03 12 00 19 45 2 5825.025
2011 03 12 00 20 00 2 5825.016
2011 03 12 00 20 45 2 5825.016
2011 03 12 00 21 00 2 5825.012
2011 03 12 00 21 45 2 5825.012
2011 03 12 00 22 00 2 5825.011
2011 03 12 00 22 45 2 5825.011
2011 03 12 00 23 00 2 5825.006
2011 03 12 00 23 45 2 5825.006
2011 03 12 00 24 00 2 5824.995
2011 03 12 00 24 45 2 5824.995
2011 03 12 00 25 00 2 5824.994
2011 03 12 00 25 45 2 5824.994
2011 03 12 00 26 00 2 5824.987
2011 03 12 00 26 45 2 5824.987
2011 03 12 00 27 00 2 5824.983
2011 03 12 00 27 45 2 5824.983
2011 03 12 00 28 00 2 5824.985
2011 03 12 00 28 45 2 5824.985
2011 03 12 00 29 00 2 5824.970
2011 03 12 00 29 45 2 5824.970
2011 03 12 00 30 00 1 9999.000
2011 03 12 00 30 00 2 5824.971
2011 03 12 00 30 45 2 5824.971
2011 03 12 00 31 00 2 5824.981
2011 03 12 00 31 45 2 5824.981
2011 03 12 00 32 00 2 5824.988
2011 03 12 00 32 45 2 5824.988
2011 03 12 00 33 00 2 5824.986
2011 03 12 00 33 45 2 5824.986
2011 03 12 00 34 00 2 5824.987
2011 03 12 00 34 45 2 5824.987
2011 03 12 00 35 00 2 5824.980
2011 03 12 00 35 45 2 5824.980
2011 03 12 00 36 00 2 5824.979
2011 03 12 00 36 45 2 5824.979
2011 03 12 00 37 00 2 5824.979
2011 03 12 00 37 45 2 5824.979
2011 03 12 00 38 00 2 5824.975
2011 03 12 00 38 45 2 5824.975
2011 03 12 00 39 00 2 5824.977
2011 03 12 00 39 45 2 5824.977
2011 03 12 00 40 00 2 5824.985
2011 03 12 00 40 45 2 5824.985
2011 03 12 00 41 00 2 5824.994
2011 03 12 00 41 45 2 5824.994
2011 03 12 00 42 00 2 5824.990
2011 03 12 00 42 45 2 5824.990
2011 03 12 00 43 00 2 5824.977
2011 03 12 00 43 45 2 5824.977
2011 03 12 00 44 00 2 5824.972
2011 03 12 00 44 45 2 5824.972
2011 03 12 00 45 00 1 9999.000
2011 03 12 00 45 00 2 5824.974
2011 03 12 00 45 45 2 5824.974
2011 03 12 00 46 00 2 5824.972
2011 03 12 00 46 45 2 5824.972
2011 03 12 00 47 00 2 5824.966
2011 03 12 00 47 45 2 5824.966
2011 03 12 00 48 00 2 5824.968
2011 03 12 00 48 45 2 5824.968
2011 03 12 00 49 00 2 5824.956
2011 03 12 00 49 45 2 5824.956
2011 03 12 00 50 00 2 5824.942
2011 03 12 00 50 45 2 5824.942
2011 03 12 00 51 00 2 5824.947
2011 03 12 00 51 45 2 5824.947
2011 03 12 00 52 00 2 5824.950
2011 03 12 00 52 45 2 5824.950
2011 03 12 00 53 00 2 5824.946
2011 03 12 00 53 45 2 5824.946
2011 03 12 00 54 00 2 5824.952
2011 03 12 00 54 45 2 5824.952
2011 03 12 00 55 00 2 5824.949
2011 03 12 00 55 45 2 5824.949
2011 03 12 00 56 00 2 5824.952
2011 03 12 00 56 45 2 5824.952
2011 03 12 00 57 00 2 5824.962
2011 03 12 00 57 45 2 5824.962
2011 03 12 00 58 00 2 5824.963
2011 03 12 00 58 45 2 5824.963
2011 03 12 00 59 00 2 5824.960
2011 03 12 00 59 45 2 5824.960
2011 03 12 01 00 00 1 9999.000
2011 03 12 01 00 00 2 5824.961
2011 03 12 01 00 45 2 5824.961
2011 03 12 01 01 00 2 5824.967
2011 03 12 01 01 45 2 5824.967
2011 03 12 01 02 00 2 5824.960
2011 03 12 01 02 45 2 5824.960
2011 03 12 01 03 00 2 5824.967
2011 03 12 01 03 45 2 5824.967
2011 03 12 01 04 00 2 5824.971
2011 03 12 01 04 45 2 5824.971
2011 03 12 01 05 00 2 5824.958
2011 03 12 01 05 45 2 5824.958
2011 03 12 01 06 00 2 5824.945
2011 03 12 01 06 45 2 5824.945
2011 03 12 01 07 00 2 5824.935
2011 03 12 01 07 45 2 5824.935
2011 03 12 01 08 00 2 5824.931
2011 03 12 01 08 45 2 5824.931
2011 03 12 01 09 00 2 5824.929
2011 03 12 01 09 45 2 5824.929
2011 03 12 01 10 00 2 5824.934
2011 03 12 01 10 45 2 5824.934
2011 03 12 01 11 00 2 5824.922
2011 03 12 01 11 45 2 5824.922
2011 03 12 01 12 00 2 5824.925
2011 03 12 01 12 45 2 5824.925
2011 03 12 01 13 00 2 5824.923
2011 03 12 01 13 45 2 5824.923
2011 03 12 01 14 00 2 5824.927
2011 03 12 01 14 45 2 5824.927
2011 03 12 01 15 00 1 9999.000
2011 03 12 01 15 00 2 5824.950
2011 03 12 01 15 45 2 5824.950
2011 03 12 01 16 00 2 5824.951
2011 03 12 01 16 45 2 5824.951
2011 03 12 01 17 00 2 5824.946
2011 03 12 01 17 45 2 5824.946
2011 03 12 01 18 00 2 5824.951
2011 03 12 01 18 45 2 5824.951
2011 03 12 01 19 00 2 5824.950
2011 03 12 01 19 45 2 5824.950
2011 03 12 01 20 00 2 5824.937
2011 03 12 01 20 45 2 5824.937
2011 03 12 01 21 00 2 5824.932
2011 03 12 01 21 45 2 5824.932
2011 03 12 01 22 00 2 5824.933
2011 03 12 01 22 45 2 5824.933
2011 03 12 01 23 00 2 5824.936
2011 03 12 01 23 45 2 5824.936
2011 03 12 01 24 00 2 5824.937
2011 03 12 01 24 45 2 5824.937
2011 03 12 01 25 00 2 5824.929
2011 03 12 01 25 45 2 5824.929
2011 03 12 01 26 00 2 5824.914
2011 03 12 01 26 45 2 5824.914
2011 03 12 01 27 00 2 5824.907
2011 03 12 01 27 45 2 5824.907
2011 03 12 01 28 00 2 5824.893
2011 03 12 01 28 45 2 5824.893
2011 03 12 01 29 00 2 5824.876
2011 03 12 01 29 45 2 5824.876
2011 03 12 01 30 00 1 9999.000
2011 03 12 01 30 00 2 5824.902
2011 03 12 01 30 45 2 5824.902
2011 03 12 01 31 00 2 5824.905
2011 03 12 01 31 45 2 5824.905
2011 03 12 01 32 00 2 5824.887
2011 03 12 01 32 45 2 5824.887
2011 03 12 01 33 00 2 5824.889
2011 03 12 01 33 45 2 5824.889
2011 03 12 01 34 00 2 5824.894
2011 03 12 01 34 45 2 5824.894
2011 03 12 01 35 00 2 5824.896
2011 03 12 01 35 45 2 5824.896
2011 03 12 01 36 00 2 5824.883
2011 03 12 01 36 45 2 5824.883
2011 03 12 01 37 00 2 5824.876
2011 03 12 01 37 45 2 5824.876
2011 03 12 01 38 00 2 5824.880
2011 03 12 01 38 45 2 5824.880
2011 03 12 01 39 00 2 5824.880
2011 03 12 01 39 45 2 5824.880
2011 03 12 01 40 00 2 5824.878
2011 03 12 01 40 45 2 5824.878
2011 03 12 01 41 00 2 5824.884
2011 03 12 01 41 45 2 5824.884
2011 03 12 01 42 00 2 5824.880
2011 03 12 01 42 45 2 5824.880
2011 03 12 01 43 00 2 5824.886
2011 03 12 01 43 45 2 5824.886
2011 03 12 01 44 00 2 5824.881
2011 03 12 01 44 45 2 5824.881
2011 03 12 01 45 00 1 9999.000
2011 03 12 01 45 00 2 5824.863
2011 03 12 01 45 45 2 5824.863
2011 03 12 01 46 00 2 5824.855
2011 03 12 01 46 45 2 5824.855
2011 03 12 01 47 00 2 5824.861
2011 03 12 01 47 45 2 5824.861
2011 03 12 01 48 00 2 5824.891
2011 03 12 01 48 45 2 5824.891
2011 03 12 01 49 00 2 5824.896
2011 03 12 01 49 45 2 5824.896
2011 03 12 01 50 00 2 5824.890
2011 03 12 01 50 45 2 5824.890
2011 03 12 01 51 00 2 5824.889
2011 03 12 01 51 45 2 5824.889
2011 03 12 01 52 00 2 5824.879
2011 03 12 01 52 45 2 5824.879
2011 03 12 01 53 00 2 5824.883
2011 03 12 01 53 45 2 5824.883
2011 03 12 01 54 00 2 5824.889
2011 03 12 01 54 45 2 5824.889
2011 03 12 01 55 00 2 5824.884
2011 03 12 01 55 45 2 5824.884
2011 03 12 01 56 00 2 5824.889
2011 03 12 01 56 45 2 5824.889
2011 03 12 01 57 00 2 5824.880
2011 03 12 01 57 45 2 5824.880
2011 03 12 01 58 00 2 5824.874
2011 03 12 01 58 45 2 5824.874
2011 03 12 01 59 00 2 5824.887
2011 03 12 01 59 45 2 5824.887
2011 03 12 02 00 00 1 9999.000
2011 03 12 02 00 00 2 5824.873
2011 03 12 02 01 00 2 5824.861
2011 03 12 02 02 00 2 5824.856
2011 03 12 02 03 00 2 5824.843
2011 03 12 02 04 00 2 5824.853
2011 03 12 02 05 00 2 5824.857
2011 03 12 02 06 00 2 5824.842
2011 03 12 02 07 00 2 5824.840
2011 03 12 02 08 00 2 5824.849
2011 03 12 02 09 00 2 5824.856
2011 03 12 02 10 00 2 5824.840
2011 03 12 02 11 00 2 5824.839
2011 03 12 02 12 00 2 5824.824
2011 03 12 02 13 00 2 5824.831
2011 03 12 02 14 00 2 5824.826
2011 03 12 02 15 00 1 9999.000
2011 03 12 02 15 00 2 5824.828
2011 03 12 02 16 00 2 5824.814
2011 03 12 02 17 00 2 5824.814
2011 03 12 02 18 00 2 5824.808
2011 03 12 02 19 00 2 5824.816
2011 03 12 02 20 00 2 5824.825
2011 03 12 02 21 00 2 5824.829
2011 03 12 02 22 00 2 5824.841
2011 03 12 02 23 00 2 5824.850
2011 03 12 02 24 00 2 5824.850
2011 03 12 02 25 00 2 5824.853
2011 03 12 02 26 00 2 5824.858
2011 03 12 02 27 00 2 5824.847
2011 03 12 02 28 00 2 5824.839
2011 03 12 02 29 00 2 5824.834
2011 03 12 02 30 00 1 9999.000
2011 03 12 02 30 00 2 5824.814
2011 03 12 02 31 00 2 5824.810
2011 03 12 02 32 00 2 5824.822
2011 03 12 02 33 00 2 5824.832
2011 03 12 02 34 00 2 5824.830
2011 03 12 02 35 00 2 5824.817
2011 03 12 02 36 00 2 5824.810
2011 03 12 02 37 00 2 5824.807
2011 03 12 02 38 00 2 5824.803
2011 03 12 02 39 00 2 5824.800
2011 03 12 02 40 00 2 5824.794
2011 03 12 02 41 00 2 5824.786
2011 03 12 02 42 00 2 5824.782
2011 03 12 02 43 00 2 5824.777
2011 03 12 02 44 00 2 5824.761
2011 03 12 02 45 00 1 9999.000
2011 03 12 02 45 00 2 5824.762
2011 03 12 02 46 00 2 5824.777
2011 03 12 02 47 00 2 5824.777
2011 03 12 02 48 00 2 5824.768
2011 03 12 02 49 00 2 5824.764
2011 03 12 02 50 00 2 5824.776
2011 03 12 02 51 00 2 5824.782
2011 03 12 02 52 00 2 5824.778
2011 03 12 02 53 00 2 5824.772
2011 03 12 02 54 00 2 5824.778
2011 03 12 02 55 00 2 5824.769
2011 03 12 02 56 00 2 5824.770
2011 03 12 02 57 00 2 5824.790
2011 03 12 02 58 00 2 5824.794
2011 03 12 02 59 00 2 5824.783
2011 03 12 03 00 00 1 9999.000
2011 03 12 03 00 00 2 5824.775
2011 03 12 03 01 00 2 5824.774
2011 03 12 03 02 00 2 5824.785
2011 03 12 03 03 00 2 5824.792
2011 03 12 03 04 00 2 5824.782
2011 03 12 03 05 00 2 5824.782
2011 03 12 03 06 00 2 5824.786
2011 03 12 03 07 00 2 5824.774
2011 03 12 03 08 00 2 5824.774
2011 03 12 03 09 00 2 5824.768
2011 03 12 03 10 00 2 5824.759
2011 03 12 03 11 00 2 5824.755
2011 03 12 03 12 00 2 5824.751
2011 03 12 03 13 00 2 5824.755
2011 03 12 03 14 00 2 5824.755
2011 03 12 03 15 00 1 9999.000
2011 03 12 03 15 00 2 5824.743
2011 03 12 03 16 00 2 5824.737
2011 03 12 03 17 00 2 5824.741
2011 03 12 03 18 00 2 5824.741
2011 03 12 03 19 00 2 5824.750
2011 03 12 03 20 00 2 5824.755
2011 03 12 03 21 00 2 5824.759
2011 03 12 03 22 00 2 5824.758
2011 03 12 03 23 00 2 5824.749
2011 03 12 03 24 00 2 5824.747
2011 03 12 03 25 00 2 5824.744
2011 03 12 03 26 00 2 5824.739
2011 03 12 03 27 00 2 5824.741
2011 03 12 03 28 00 2 5824.758
2011 03 12 03 29 00 2 5824.762
2011 03 12 03 30 00 1 9999.000
2011 03 12 03 30 00 2 5824.761
2011 03 12 03 31 00 2 5824.755
2011 03 12 03 32 00 2 5824.755
2011 03 12 03 33 00 2 5824.767
2011 03 12 03 34 00 2 5824.760
2011 03 12 03 35 00 2 5824.760
2011 03 12 03 36 00 2 5824.752
2011 03 12 03 37 00 2 5824.740
2011 03 12 03 38 00 2 5824.741
2011 03 12 03 39 00 2 5824.746
2011 03 12 03 40 00 2 5824.745
2011 03 12 03 41 00 2 5824.739
2011 03 12 03 42 00 2 5824.742
2011 03 12 03 43 00 2 5824.752
2011 03 12 03 44 00 2 5824.757
2011 03 12 03 45 00 1 9999.000
2011 03 12 03 45 00 2 5824.764
2011 03 12 03 46 00 2 5824.766
2011 03 12 03 47 00 2 5824.757
2011 03 12 03 48 00 2 5824.754
2011 03 12 03 49 00 2 5824.763
2011 03 12 03 50 00 2 5824.765
2011 03 12 03 51 00 2 5824.764
2011 03 12 03 52 00 2 5824.767
2011 03 12 03 53 00 2 5824.749
2011 03 12 03 54 00 2 5824.744
2011 03 12 03 55 00 2 5824.749
2011 03 12 03 56 00 2 5824.748
2011 03 12 03 57 00 2 5824.745
2011 03 12 03 58 00 2 5824.741
2011 03 12 03 59 00 2 5824.738
2011 03 12 04 00 00 1 9999.000
2011 03 12 04 00 00 2 5824.743
2011 03 12 04 01 00 2 5824.745
2011 03 12 04 02 00 2 5824.745
2011 03 12 04 03 00 2 5824.744
2011 03 12 04 04 00 2 5824.736
2011 03 12 04 05 00 2 5824.743
2011 03 12 04 06 00 2 5824.736
2011 03 12 04 07 00 2 5824.729
2011 03 12 04 08 00 2 5824.729
2011 03 12 04 09 00 2 5824.720
2011 03 12 04 10 00 2 5824.724
2011 03 12 04 11 00 2 5824.716
2011 03 12 04 12 00 2 5824.704
2011 03 12 04 13 00 2 5824.709
2011 03 12 04 14 00 2 5824.704
2011 03 12 04 15 00 1 9999.000
2011 03 12 04 15 00 2 5824.701
2011 03 12 04 16 00 2 5824.697
2011 03 12 04 17 00 2 5824.691
2011 03 12 04 18 00 2 5824.688
2011 03 12 04 19 00 2 5824.684
2011 03 12 04 20 00 2 5824.689
2011 03 12 04 21 00 2 5824.700
2011 03 12 04 22 00 2 5824.700
2011 03 12 04 23 00 2 5824.689
2011 03 12 04 24 00 2 5824.685
2011 03 12 04 25 00 2 5824.697
2011 03 12 04 26 00 2 5824.704
2011 03 12 04 27 00 2 5824.706
2011 03 12 04 28 00 2 5824.713
2011 03 12 04 29 00 2 5824.717
2011 03 12 04 30 00 1 9999.000
2011 03 12 04 30 00 2 5824.720
2011 03 12 04 31 00 2 5824.730
2011 03 12 04 32 00 2 5824.725
2011 03 12 04 33 00 2 5824.714
2011 03 12 04 34 00 2 5824.715
2011 03 12 04 35 00 2 5824.712
2011 03 12 04 36 00 2 5824.701
2011 03 12 04 37 00 2 5824.696
2011 03 12 04 38 00 2 5824.697
2011 03 12 04 39 00 2 5824.703
2011 03 12 04 40 00 2 5824.711
2011 03 12 04 41 00 2 5824.710
2011 03 12 04 42 00 2 5824.708
2011 03 12 04 43 00 2 5824.696
2011 03 12 04 44 00 2 5824.700
2011 03 12 04 45 00 1 9999.000
2011 03 12 04 45 00 2 5824.704
2011 03 12 04 46 00 2 5824.707
2011 03 12 04 47 00 2 5824.717
2011 03 12 04 48 00 2 5824.725
2011 03 12 04 49 00 2 5824.720
2011 03 12 04 50 00 2 5824.720
2011 03 12 04 51 00 2 5824.721
2011 03 12 04 52 00 2 5824.724
2011 03 12 04 53 00 2 5824.726
2011 03 12 04 54 00 2 5824.722
2011 03 12 04 55 00 2 5824.720
2011 03 12 04 56 00 2 5824.715
2011 03 12 04 57 00 2 5824.726
2011 03 12 04 58 00 2 5824.743
2011 03 12 04 59 00 2 5824.736
2011 03 12 05 00 00 1 9999.000
2011 03 12 05 00 00 2 5824.740
2011 03 12 05 01 00 2 5824.753
2011 03 12 05 02 00 2 5824.755
2011 03 12 05 03 00 2 5824.756
2011 03 12 05 04 00 2 5824.756
2011 03 12 05 05 00 2 5824.761
2011 03 12 05 06 00 2 5824.751
2011 03 12 05 07 00 2 5824.737
2011 03 12 05 08 00 2 5824.725
2011 03 12 05 09 00 2 5824.722
2011 03 12 05 10 00 2 5824.720
2011 03 12 05 11 00 2 5824.724
2011 03 12 05 12 00 2 5824.728
2011 03 12 05 13 00 2 5824.720
2011 03 12 05 14 00 2 5824.720
2011 03 12 05 15 00 1 9999.000
2011 03 12 05 15 00 2 5824.727
2011 03 12 05 16 00 2 5824.724
2011 03 12 05 17 00 2 5824.717
2011 03 12 05 18 00 2 5824.717
2011 03 12 05 19 00 2 5824.731
2011 03 12 05 20 00 2 5824.728
2011 03 12 05 21 00 2 5824.716
2011 03 12 05 22 00 2 5824.716
2011 03 12 05 23 00 2 5824.723
2011 03 12 05 24 00 2 5824.727
2011 03 12 05 25 00 2 5824.722
2011 03 12 05 26 00 2 5824.718
2011 03 12 05 27 00 2 5824.717
2011 03 12 05 28 00 2 5824.724
2011 03 12 05 29 00 2 5824.722
2011 03 12 05 30 00 1 9999.000
2011 03 12 05 30 00 2 5824.722
2011 03 12 05 31 00 2 5824.717
2011 03 12 05 32 00 2 5824.717
2011 03 12 05 33 00 2 5824.710
2011 03 12 05 34 00 2 5824.706
2011 03 12 05 35 00 2 5824.708
2011 03 12 05 36 00 2 5824.706
2011 03 12 05 37 00 2 5824.716
2011 03 12 05 38 00 2 5824.729
2011 03 12 05 39 00 2 5824.735
2011 03 12 05 40 00 2 5824.746
2011 03 12 05 41 00 2 5824.750
2011 03 12 05 42 00 2 5824.748
2011 03 12 05 43 00 2 5824.737
2011 03 12 05 44 00 2 5824.736
2011 03 12 05 45 00 1 9999.000
2011 03 12 05 45 00 2 5824.737
2011 03 12 05 46 00 2 5824.731
2011 03 12 05 47 00 2 5824.733
2011 03 12 05 48 00 2 5824.733
2011 03 12 05 49 00 2 5824.729
2011 03 12 05 50 00 2 5824.734
2011 03 12 05 51 00 2 5824.734
2011 03 12 05 52 00 2 5824.737
2011 03 12 05 53 00 2 5824.734
2011 03 12 05 54 00 2 5824.729
2011 03 12 05 55 00 2 5824.725
2011 03 12 05 56 00 2 5824.732
2011 03 12 05 57 00 2 5824.729
2011 03 12 05 58 00 2 5824.722
2011 03 12 05 59 00 2 5824.727
2011 03 12 06 00 00 1 9999.000
2011 03 12 06 00 00 2 5824.733
2011 03 12 06 01 00 2 5824.741
2011 03 12 06 02 00 2 5824.753
2011 03 12 06 03 00 2 5824.751
2011 03 12 06 04 00 2 5824.758
2011 03 12 06 05 00 2 5824.767
2011 03 12 06 06 00 2 5824.770
2011 03 12 06 07 00 2 5824.769
2011 03 12 06 08 00 2 5824.767
2011 03 12 06 09 00 2 5824.766
2011 03 12 06 10 00 2 5824.768
2011 03 12 06 11 00 2 5824.766
2011 03 12 06 12 00 2 5824.776
2011 03 12 06 13 00 2 5824.774
2011 03 12 06 14 00 2 5824.769
2011 03 12 06 15 00 1 9999.000
2011 03 12 06 15 00 2 5824.762
2011 03 12 06 16 00 2 5824.764
2011 03 12 06 17 00 2 5824.766
2011 03 12 06 18 00 2 5824.766
2011 03 12 06 19 00 2 5824.768
2011 03 12 06 20 00 2 5824.775
2011 03 12 06 21 00 2 5824.781
2011 03 12 06 22 00 2 5824.774
2011 03 12 06 23 00 2 5824.766
2011 03 12 06 24 00 2 5824.767
2011 03 12 06 25 00 2 5824.766
2011 03 12 06 26 00 2 5824.760
2011 03 12 06 27 00 2 5824.753
2011 03 12 06 28 00 2 5824.750
2011 03 12 06 29 00 2 5824.751
2011 03 12 06 30 00 1 9999.000
2011 03 12 06 30 00 2 5824.755
2011 03 12 06 31 00 2 5824.756
2011 03 12 06 32 00 2 5824.753
2011 03 12 06 33 00 2 5824.747
2011 03 12 06 34 00 2 5824.747
2011 03 12 06 35 00 2 5824.743
2011 03 12 06 36 00 2 5824.748
2011 03 12 06 37 00 2 5824.757
2011 03 12 06 38 00 2 5824.760
2011 03 12 06 39 00 2 5824.768
2011 03 12 06 40 00 2 5824.772
2011 03 12 06 41 00 2 5824.771
2011 03 12 06 42 00 2 5824.770
2011 03 12 06 43 00 2 5824.768
2011 03 12 06 44 00 2 5824.765
2011 03 12 06 45 00 1 9999.000
2011 03 12 06 45 00 2 5824.770
2011 03 12 06 46 00 2 5824.772
2011 03 12 06 47 00 2 5824.770
2011 03 12 06 48 00 2 5824.767
2011 03 12 06 49 00 2 5824.762
2011 03 12 06 50 00 2 5824.755
2011 03 12 06 51 00 2 5824.752
2011 03 12 06 52 00 2 5824.753
2011 03 12 06 53 00 2 5824.760
2011 03 12 06 54 00 2 5824.760
2011 03 12 06 55 00 2 5824.764
2011 03 12 06 56 00 2 5824.777
2011 03 12 06 57 00 2 5824.782
2011 03 12 06 58 00 2 5824.779
2011 03 12 06 59 00 2 5824.770
2011 03 12 07 00 00 1 9999.000
2011 03 12 07 00 00 2 5824.773
2011 03 12 07 01 00 2 5824.784
2011 03 12 07 02 00 2 5824.783
2011 03 12 07 03 00 2 5824.786
2011 03 12 07 04 00 2 5824.795
2011 03 12 07 05 00 2 5824.800
2011 03 12 07 06 00 2 5824.804
2011 03 12 07 07 00 2 5824.809
2011 03 12 07 08 00 2 5824.813
2011 03 12 07 09 00 2 5824.813
2011 03 12 07 10 00 2 5824.816
2011 03 12 07 11 00 2 5824.810
2011 03 12 07 12 00 2 5824.806
2011 03 12 07 13 00 2 5824.814
2011 03 12 07 14 00 2 5824.813
2011 03 12 07 15 00 1 9999.000
2011 03 12 07 15 00 2 5824.808
2011 03 12 07 16 00 2 5824.810
2011 03 12 07 17 00 2 5824.802
2011 03 12 07 18 00 2 5824.804
2011 03 12 07 19 00 2 5824.812
2011 03 12 07 20 00 2 5824.809
2011 03 12 07 21 00 2 5824.801
2011 03 12 07 22 00 2 5824.801
2011 03 12 07 23 00 2 5824.804
2011 03 12 07 24 00 2 5824.810
2011 03 12 07 25 00 2 5824.805
2011 03 12 07 26 00 2 5824.803
2011 03 12 07 27 00 2 5824.801
2011 03 12 07 28 00 2 5824.794
2011 03 12 07 29 00 2 5824.787
2011 03 12 07 30 00 1 9999.000
2011 03 12 07 30 00 2 5824.788
2011 03 12 07 31 00 2 5824.800
2011 03 12 07 32 00 2 5824.804
2011 03 12 07 33 00 2 5824.808
2011 03 12 07 34 00 2 5824.815
2011 03 12 07 35 00 2 5824.815
2011 03 12 07 36 00 2 5824.814
2011 03 12 07 37 00 2 5824.815
2011 03 12 07 38 00 2 5824.813
2011 03 12 07 39 00 2 5824.810
2011 03 12 07 40 00 2 5824.809
2011 03 12 07 41 00 2 5824.808
2011 03 12 07 42 00 2 5824.806
2011 03 12 07 43 00 2 5824.808
2011 03 12 07 44 00 2 5824.806
2011 03 12 07 45 00 1 9999.000
2011 03 12 07 45 00 2 5824.814
2011 03 12 07 46 00 2 5824.824
2011 03 12 07 47 00 2 5824.823
2011 03 12 07 48 00 2 5824.822
2011 03 12 07 49 00 2 5824.832
2011 03 12 07 50 00 2 5824.833
2011 03 12 07 51 00 2 5824.823
2011 03 12 07 52 00 2 5824.832
2011 03 12 07 53 00 2 5824.827
2011 03 12 07 54 00 2 5824.812
2011 03 12 07 55 00 2 5824.816
2011 03 12 07 56 00 2 5824.818
2011 03 12 07 57 00 2 5824.813
2011 03 12 07 58 00 2 5824.808
2011 03 12 07 59 00 2 5824.809
2011 03 12 08 00 00 1 9999.000
2011 03 12 08 00 00 2 5824.815
2011 03 12 08 01 00 2 5824.813
2011 03 12 08 02 00 2 5824.821
2011 03 12 08 03 00 2 5824.838
2011 03 12 08 04 00 2 5824.853
2011 03 12 08 05 00 2 5824.850
2011 03 12 08 06 00 2 5824.851
2011 03 12 08 07 00 2 5824.856
2011 03 12 08 08 00 2 5824.865
2011 03 12 08 09 00 2 5824.865
2011 03 12 08 10 00 2 5824.858
2011 03 12 08 11 00 2 5824.853
2011 03 12 08 12 00 2 5824.853
2011 03 12 08 13 00 2 5824.847
2011 03 12 08 14 00 2 5824.840
2011 03 12 08 15 00 1 9999.000
2011 03 12 08 15 00 2 5824.835
2011 03 12 08 16 00 2 5824.839
2011 03 12 08 17 00 2 5824.842
2011 03 12 08 18 00 2 5824.846
2011 03 12 08 19 00 2 5824.851
2011 03 12 08 20 00 2 5824.843
2011 03 12 08 21 00 2 5824.844
2011 03 12 08 22 00 2 5824.847
2011 03 12 08 23 00 2 5824.844
2011 03 12 08 24 00 2 5824.846
2011 03 12 08 25 00 2 5824.853
2011 03 12 08 26 00 2 5824.850
2011 03 12 08 27 00 2 5824.852
2011 03 12 08 28 00 2 5824.856
2011 03 12 08 29 00 2 5824.854
2011 03 12 08 30 00 1 9999.000
2011 03 12 08 30 00 2 5824.856
2011 03 12 08 31 00 2 5824.864
2011 03 12 08 32 00 2 5824.873
2011 03 12 08 33 00 2 5824.878
2011 03 12 08 34 00 2 5824.877
2011 03 12 08 35 00 2 5824.870
2011 03 12 08 36 00 2 5824.869
2011 03 12 08 37 00 2 5824.875
2011 03 12 08 38 00 2 5824.872
2011 03 12 08 39 00 2 5824.864
2011 03 12 08 40 00 2 5824.859
2011 03 12 08 41 00 2 5824.859
2011 03 12 08 42 00 2 5824.860
2011 03 12 08 43 00 2 5824.860
2011 03 12 08 44 00 2 5824.864
2011 03 12 08 45 00 1 9999.000
2011 03 12 08 45 00 2 5824.857
2011 03 12 08 46 00 2 5824.857
2011 03 12 08 47 00 2 5824.868
2011 03 12 08 48 00 2 5824.870
2011 03 12 08 49 00 2 5824.875
2011 03 12 08 50 00 2 5824.879
2011 03 12 08 51 00 2 5824.879
2011 03 12 08 52 00 2 5824.884
2011 03 12 08 53 00 2 5824.886
2011 03 12 08 54 00 2 5824.885
2011 03 12 08 55 00 2 5824.889
2011 03 12 08 56 00 2 5824.888
2011 03 12 08 57 00 2 5824.883
2011 03 12 08 58 00 2 5824.884
2011 03 12 08 59 00 2 5824.880
2011 03 12 09 00 00 1 9999.000
2011 03 12 09 00 00 2 5824.878
2011 03 12 09 01 00 2 5824.872
2011 03 12 09 02 00 2 5824.868
2011 03 12 09 03 00 2 5824.873
2011 03 12 09 04 00 2 5824.877
2011 03 12 09 05 00 2 5824.879
2011 03 12 09 06 00 2 5824.882
2011 03 12 09 07 00 2 5824.881
2011 03 12 09 08 00 2 5824.884
2011 03 12 09 09 00 2 5824.890
2011 03 12 09 10 00 2 5824.899
2011 03 12 09 11 00 2 5824.912
2011 03 12 09 12 00 2 5824.919
2011 03 12 09 13 00 2 5824.922
2011 03 12 09 14 00 2 5824.924
2011 03 12 09 15 00 1 9999.000
2011 03 12 09 15 00 2 5824.924
2011 03 12 09 16 00 2 5824.922
2011 03 12 09 17 00 2 5824.916
2011 03 12 09 18 00 2 5824.913
2011 03 12 09 19 00 2 5824.911
2011 03 12 09 20 00 2 5824.901
2011 03 12 09 21 00 2 5824.909
2011 03 12 09 22 00 2 5824.916
2011 03 12 09 23 00 2 5824.915
2011 03 12 09 24 00 2 5824.912
2011 03 12 09 25 00 2 5824.915
2011 03 12 09 26 00 2 5824.921
2011 03 12 09 27 00 2 5824.923
2011 03 12 09 28 00 2 5824.921
2011 03 12 09 29 00 2 5824.922
2011 03 12 09 30 00 1 9999.000
2011 03 12 09 30 00 2 5824.922
2011 03 12 09 31 00 2 5824.921
2011 03 12 09 32 00 2 5824.921
2011 03 12 09 33 00 2 5824.916
2011 03 12 09 34 00 2 5824.915
2011 03 12 09 35 00 2 5824.918
2011 03 12 09 36 00 2 5824.908
2011 03 12 09 37 00 2 5824.901
2011 03 12 09 38 00 2 5824.905
2011 03 12 09 39 00 2 5824.911
2011 03 12 09 40 00 2 5824.917
2011 03 12 09 41 00 2 5824.925
2011 03 12 09 42 00 2 5824.918
2011 03 12 09 43 00 2 5824.909
2011 03 12 09 44 00 2 5824.910
2011 03 12 09 45 00 1 9999.000
2011 03 12 09 45 00 2 5824.913
2011 03 12 09 46 00 2 5824.913
2011 03 12 09 47 00 2 5824.914
2011 03 12 09 48 00 2 5824.911
2011 03 12 09 49 00 2 5824.915
2011 03 12 09 50 00 2 5824.914
2011 03 12 09 51 00 2 5824.916
2011 03 12 09 52 00 2 5824.922
2011 03 12 09 53 00 2 5824.927
2011 03 12 09 54 00 2 5824.929
2011 03 12 09 55 00 2 5824.925
2011 03 12 09 56 00 2 5824.930
2011 03 12 09 57 00 2 5824.925
2011 03 12 09 58 00 2 5824.912
2011 03 12 09 59 00 2 5824.908
2011 03 12 10 00 00 1 9999.000
2011 03 12 10 00 00 2 5824.912
2011 03 12 10 01 00 2 5824.909
2011 03 12 10 02 00 2 5824.909
2011 03 12 10 03 00 2 5824.911
2011 03 12 10 04 00 2 5824.917
2011 03 12 10 05 00 2 5824.923
2011 03 12 10 06 00 2 5824.924
2011 03 12 10 07 00 2 5824.926
2011 03 12 10 08 00 2 5824.925
2011 03 12 10 09 00 2 5824.921
2011 03 12 10 10 00 2 5824.930
2011 03 12 10 11 00 2 5824.939
2011 03 12 10 12 00 2 5824.936
2011 03 12 10 13 00 2 5824.936
2011 03 12 10 14 00 2 5824.937
2011 03 12 10 15 00 1 9999.000
2011 03 12 10 15 00 2 5824.944
2011 03 12 10 16 00 2 5824.951
2011 03 12 10 17 00 2 5824.955
2011 03 12 10 18 00 2 5824.958
2011 03 12 10 19 00 2 5824.955
2011 03 12 10 20 00 2 5824.952
2011 03 12 10 21 00 2 5824.946
2011 03 12 10 22 00 2 5824.949
2011 03 12 10 23 00 2 5824.955
2011 03 12 10 24 00 2 5824.959
2011 03 12 10 25 00 2 5824.958
2011 03 12 10 26 00 2 5824.955
2011 03 12 10 27 00 2 5824.957
2011 03 12 10 28 00 2 5824.958
2011 03 12 10 29 00 2 5824.950
2011 03 12 10 30 00 1 9999.000
2011 03 12 10 30 00 2 5824.950
2011 03 12 10 31 00 2 5824.953
2011 03 12 10 32 00 2 5824.961
2011 03 12 10 33 00 2 5824.968
2011 03 12 10 34 00 2 5824.969
2011 03 12 10 35 00 2 5824.960
2011 03 12 10 36 00 2 5824.953
2011 03 12 10 37 00 2 5824.951
2011 03 12 10 38 00 2 5824.950
2011 03 12 10 39 00 2 5824.950
2011 03 12 10 40 00 2 5824.947
2011 03 12 10 41 00 2 5824.955
2011 03 12 10 42 00 2 5824.954
2011 03 12 10 43 00 2 5824.945
2011 03 12 10 44 00 2 5824.944
2011 03 12 10 45 00 1 9999.000
2011 03 12 10 45 00 2 5824.946
2011 03 12 10 46 00 2 5824.944
2011 03 12 10 47 00 2 5824.944
2011 03 12 10 48 00 2 5824.944
2011 03 12 10 49 00 2 5824.935
2011 03 12 10 50 00 2 5824.937
2011 03 12 10 51 00 2 5824.945
2011 03 12 10 52 00 2 5824.946
2011 03 12 10 53 00 2 5824.943
2011 03 12 10 54 00 2 5824.944
2011 03 12 10 55 00 2 5824.942
2011 03 12 10 56 00 2 5824.941
2011 03 12 10 57 00 2 5824.936
2011 03 12 10 58 00 2 5824.934
2011 03 12 10 59 00 2 5824.935
2011 03 12 11 00 00 1 9999.000
2011 03 12 11 00 00 2 5824.931
2011 03 12 11 01 00 2 5824.929
2011 03 12 11 02 00 2 5824.930
2011 03 12 11 03 00 2 5824.929
2011 03 12 11 04 00 2 5824.929
2011 03 12 11 05 00 2 5824.932
2011 03 12 11 06 00 2 5824.925
2011 03 12 11 07 00 2 5824.926
2011 03 12 11 08 00 2 5824.936
2011 03 12 11 09 00 2 5824.936
2011 03 12 11 10 00 2 5824.938
2011 03 12 11 11 00 2 5824.936
2011 03 12 11 12 00 2 5824.933
2011 03 12 11 13 00 2 5824.940
2011 03 12 11 14 00 2 5824.939
2011 03 12 11 15 00 1 9999.000
2011 03 12 11 15 00 2 5824.935
2011 03 12 11 16 00 2 5824.944
2011 03 12 11 17 00 2 5824.953
2011 03 12 11 18 00 2 5824.950
2011 03 12 11 19 00 2 5824.955
2011 03 12 11 20 00 2 5824.960
2011 03 12 11 21 00 2 5824.966
2011 03 12 11 22 00 2 5824.965
2011 03 12 11 23 00 2 5824.959
2011 03 12 11 24 00 2 5824.956
2011 03 12 11 25 00 2 5824.951
2011 03 12 11 26 00 2 5824.954
2011 03 12 11 27 00 2 5824.955
2011 03 12 11 28 00 2 5824.953
2011 03 12 11 29 00 2 5824.959
2011 03 12 11 30 00 1 9999.000
2011 03 12 11 30 00 2 5824.959
2011 03 12 11 31 00 2 5824.956
2011 03 12 11 32 00 2 5824.953
2011 03 12 11 33 00 2 5824.960
2011 03 12 11 34 00 2 5824.964
2011 03 12 11 35 00 2 5824.965
2011 03 12 11 36 00 2 5824.968
2011 03 12 11 37 00 2 5824.962
2011 03 12 11 38 00 2 5824.956
2011 03 12 11 39 00 2 5824.957
2011 03 12 11 40 00 2 5824.963
2011 03 12 11 41 00 2 5824.968
2011 03 12 11 42 00 2 5824.969
2011 03 12 11 43 00 2 5824.960
2011 03 12 11 44 00 2 5824.959
2011 03 12 11 45 00 1 9999.000
2011 03 12 11 45 00 2 5824.963
2011 03 12 11 46 00 2 5824.961
2011 03 12 11 47 00 2 5824.965
2011 03 12 11 48 00 2 5824.962
2011 03 12 11 49 00 2 5824.956
2011 03 12 11 50 00 2 5824.952
2011 03 12 11 51 00 2 5824.950
2011 03 12 11 52 00 2 5824.953
2011 03 12 11 53 00 2 5824.964
2011 03 12 11 54 00 2 5824.967
2011 03 12 11 55 00 2 5824.963
2011 03 12 11 56 00 2 5824.964
2011 03 12 11 57 00 2 5824.964
2011 03 12 11 58 00 2 5824.962
2011 03 12 11 59 00 2 5824.960
2011 03 12 12 00 00 1 9999.000
2011 03 12 12 00 00 2 5824.970
2011 03 12 12 01 00 2 5824.971
2011 03 12 12 02 00 2 5824.961
2011 03 12 12 03 00 2 5824.958
2011 03 12 12 04 00 2 5824.959
2011 03 12 12 05 00 2 5824.951
2011 03 12 12 06 00 2 5824.945
2011 03 12 12 07 00 2 5824.947
2011 03 12 12 08 00 2 5824.940
2011 03 12 12 09 00 2 5824.937
2011 03 12 12 10 00 2 5824.945
2011 03 12 12 11 00 2 5824.953
2011 03 12 12 12 00 2 5824.954
2011 03 12 12 13 00 2 5824.949
2011 03 12 12 14 00 2 5824.945
2011 03 12 12 15 00 1 9999.000
2011 03 12 12 15 00 2 5824.945
2011 03 12 12 16 00 2 5824.946
2011 03 12 12 17 00 2 5824.946
2011 03 12 12 18 00 2 5824.950
2011 03 12 12 19 00 2 5824.961
2011 03 12 12 20 00 2 5824.964
2011 03 12 12 21 00 2 5824.960
2011 03 12 12 22 00 2 5824.961
2011 03 12 12 23 00 2 5824.967
2011 03 12 12 24 00 2 5824.965
2011 03 12 12 25 00 2 5824.968
2011 03 12 12 26 00 2 5824.969
2011 03 12 12 27 00 2 5824.960
2011 03 12 12 28 00 2 5824.959
2011 03 12 12 29 00 2 5824.969
2011 03 12 12 30 00 1 9999.000
2011 03 12 12 30 00 2 5824.964
2011 03 12 12 31 00 2 5824.956
2011 03 12 12 32 00 2 5824.959
2011 03 12 12 33 00 2 5824.964
2011 03 12 12 34 00 2 5824.965
2011 03 12 12 35 00 2 5824.955
2011 03 12 12 36 00 2 5824.951
2011 03 12 12 37 00 2 5824.955
2011 03 12 12 38 00 2 5824.958
2011 03 12 12 39 00 2 5824.958
2011 03 12 12 40 00 2 5824.959
2011 03 12 12 41 00 2 5824.959
2011 03 12 12 42 00 2 5824.953
2011 03 12 12 43 00 2 5824.956
2011 03 12 12 44 00 2 5824.958
2011 03 12 12 45 00 1 9999.000
2011 03 12 12 45 00 2 5824.957
2011 03 12 12 46 00 2 5824.959
2011 03 12 12 47 00 2 5824.959
2011 03 12 12 48 00 2 5824.962
2011 03 12 12 49 00 2 5824.965
2011 03 12 12 50 00 2 5824.964
2011 03 12 12 51 00 2 5824.967
2011 03 12 12 52 00 2 5824.968
2011 03 12 12 53 00 2 5824.964
2011 03 12 12 54 00 2 5824.963
2011 03 12 12 55 00 2 5824.959
2011 03 12 12 56 00 2 5824.960
2011 03 12 12 57 00 2 5824.967
2011 03 12 12 58 00 2 5824.964
2011 03 12 12 59 00 2 5824.962
2011 03 12 13 00 00 1 9999.000
2011 03 12 13 15 00 1 5824.943
2011 03 12 13 30 00 1 5824.956
2011 03 12 13 45 00 1 5824.944
2011 03 12 14 00 00 1 5824.954
2011 03 12 14 15 00 1 5824.962
2011 03 12 14 30 00 1 5824.965
2011 03 12 14 45 00 1 5824.984
2011 03 12 15 00 00 1 5824.967
2011 03 12 15 15 00 1 5824.977
2011 03 12 15 30 00 1 5824.986
2011 03 12 15 45 00 1 5824.984
2011 03 12 16 00 00 1 5824.996
2011 03 12 16 15 00 1 5824.998
2011 03 12 16 30 00 1 5825.014
2011 03 12 16 45 00 1 5825.031
2011 03 12 17 00 00 1 5825.025
2011 03 12 17 15 00 1 5825.059
2011 03 12 17 30 00 1 5825.068
2011 03 12 17 45 00 1 5825.089
2011 03 12 18 00 00 1 5825.097
2011 03 12 18 15 00 1 5825.097
2011 03 12 18 30 00 1 5825.122
2011 03 12 18 45 00 1 5825.130
2011 03 12 19 00 00 1 5825.133
2011 03 12 19 15 00 1 5825.155
2011 03 12 19 30 00 1 5825.178
2011 03 12 19 45 00 1 5825.174
2011 03 12 20 00 00 1 5825.187
2011 03 12 20 15 00 1 5825.186
2011 03 12 20 30 00 1 5825.190
2011 03 12 20 45 00 1 5825.185
2011 03 12 21 00 00 1 5825.200
2011 03 12 21 15 00 1 5825.194
2011 03 12 21 30 00 1 5825.195
2011 03 12 21 45 00 1 5825.206
2011 03 12 22 00 00 1 5825.186
2011 03 12 22 15 00 1 5825.174
2011 03 12 22 30 00 1 5825.191
2011 03 12 22 45 00 1 5825.158
2011 03 12 23 00 00 1 5825.149
2011 03 12 23 15 00 1 5825.135
2011 03 12 23 30 00 1 5825.126
2011 03 12 23 45 00 1 5825.107
2011 03 13 00 00 00 1 5825.084
2011 03 13 00 15 00 1 5825.060
2011 03 13 00 30 00 1 5825.065
2011 03 13 00 45 00 1 5825.024
2011 03 13 01 00 00 1 5825.005
2011 03 13 01 15 00 1 5824.983
2011 03 13 01 30 00 1 5824.970
2011 03 13 01 45 00 1 5824.952
2011 03 13 02 00 00 1 5824.936
2011 03 13 02 15 00 1 5824.906
2011 03 13 02 30 00 1 5824.889
2011 03 13 02 45 00 1 5824.859
2011 03 13 03 00 00 1 5824.820
2011 03 13 03 15 00 1 5824.790
2011 03 13 03 30 00 1 5824.797
2011 03 13 03 45 00 1 5824.770
2011 03 13 04 00 00 1 5824.755
2011 03 13 04 15 00 1 5824.772
2011 03 13 04 30 00 1 5824.739
2011 03 13 04 45 00 1 5824.766
2011 03 13 05 00 00 1 5824.740
2011 03 13 05 15 00 1 5824.735
2011 03 13 05 30 00 1 5824.723
2011 03 13 05 45 00 1 5824.721
2011 03 13 06 00 00 1 5824.702
2011 03 13 06 15 00 1 5824.713
2011 03 13 06 30 00 1 5824.734
2011 03 13 06 45 00 1 5824.730
2011 03 13 07 00 00 1 5824.756
2011 03 13 07 15 00 1 5824.734
2011 03 13 07 30 00 1 5824.753
2011 03 13 07 45 00 1 5824.739
2011 03 13 08 00 00 1 5824.767
2011 03 13 08 15 00 1 5824.757
2011 03 13 08 30 00 1 5824.790
2011 03 13 08 45 00 1 5824.781
2011 03 13 09 00 00 1 5824.788
2011 03 13 09 15 00 1 5824.826
2011 03 13 09 30 00 1 5824.814
2011 03 13 09 45 00 1 5824.825
2011 03 13 10 00 00 1 5824.823
2011 03 13 10 15 00 1 5824.843
2011 03 13 10 30 00 1 5824.830
2011 03 13 10 45 00 1 5824.850
2011 03 13 11 00 00 1 5824.870
2011 03 13 11 15 00 1 5824.866
2011 03 13 11 30 00 1 5824.879
2011 03 13 11 45 00 1 5824.893
2011 03 13 12 00 00 1 5824.900
2011 03 13 12 15 00 1 5824.894
2011 03 13 12 30 00 1 5824.915
2011 03 13 12 45 00 1 5824.915
2011 03 13 13 00 00 1 5824.910
2011 03 13 13 15 00 1 5824.925
2011 03 13 13 30 00 1 5824.921
2011 03 13 13 45 00 1 5824.945
2011 03 13 14 00 00 1 5824.942
2011 03 13 14 15 00 1 5824.952
2011 03 13 14 30 00 1 5824.969
2011 03 13 14 45 00 1 5824.980
2011 03 13 15 00 00 1 5824.968
2011 03 13 15 15 00 1 5824.989
2011 03 13 15 30 00 1 5824.986
2011 03 13 15 45 00 1 5824.990
2011 03 13 16 00 00 1 5824.986
2011 03 13 16 15 00 1 5824.993
2011 03 13 16 30 00 1 5825.008
2011 03 13 16 45 00 1 5825.017
2011 03 13 17 00 00 1 5825.055
2011 03 13 17 15 00 1 5825.043
2011 03 13 17 30 00 1 5825.060
2011 03 13 17 45 00 1 5825.070
2011 03 13 18 00 00 1 5825.075
2011 03 13 18 15 00 1 5825.075
2011 03 13 18 30 00 1 5825.098
2011 03 13 18 45 00 1 5825.093
2011 03 13 19 00 00 1 5825.120
2011 03 13 19 15 00 1 5825.122
2011 03 13 19 30 00 1 5825.141
2011 03 13 19 45 00 1 5825.140
2011 03 13 20 00 00 1 5825.164
2011 03 13 20 15 00 1 5825.147
2011 03 13 20 30 00 1 5825.157
2011 03 13 20 45 00 1 5825.170
2011 03 13 21 00 00 1 5825.163
2011 03 13 21 15 00 1 5825.171
2011 03 13 21 30 00 1 5825.177
2011 03 13 21 45 00 1 5825.173
2011 03 13 22 00 00 1 5825.180
2011 03 13 22 15 00 1 5825.165
2011 03 13 22 30 00 1 5825.151
2011 03 13 22 45 00 1 5825.154
2011 03 13 23 00 00 1 5825.143
2011 03 13 23 15 00 1 5825.124
2011 03 13 23 30 00 1 5825.128
2011 03 13 23 45 00 1 5825.115
2011 03 14 00 00 00 1 5825.099
2011 03 14 00 15 00 1 5825.083
2011 03 14 00 30 00 1 5825.071
2011 03 14 00 45 00 1 5825.048
2011 03 14 01 00 00 1 5825.040
2011 03 14 01 15 00 1 5825.022
2011 03 14 01 30 00 1 5824.994
2011 03 14 01 45 00 1 5824.982
2011 03 14 02 00 00 1 5824.971
2011 03 14 02 15 00 1 5824.957
2011 03 14 02 30 00 1 5824.928
2011 03 14 02 45 00 1 5824.918
2011 03 14 03 00 00 1 5824.902
2011 03 14 03 15 00 1 5824.883
2011 03 14 03 30 00 1 5824.868
2011 03 14 03 45 00 1 5824.850
2011 03 14 04 00 00 1 5824.838
2011 03 14 04 15 00 1 5824.818
2011 03 14 04 30 00 1 5824.802
2011 03 14 04 45 00 1 5824.792
2011 03 14 05 00 00 1 5824.768
2011 03 14 05 15 00 1 5824.769
2011 03 14 05 30 00 1 5824.748
2011 03 14 05 45 00 1 5824.749
2011 03 14 06 00 00 1 5824.738
2011 03 14 06 15 00 1 5824.735
2011 03 14 06 30 00 1 5824.731
2011 03 14 06 45 00 1 5824.714
2011 03 14 07 00 00 1 5824.711
2011 03 14 07 15 00 1 5824.716
2011 03 14 07 30 00 1 5824.717
2011 03 14 07 45 00 1 5824.714
2011 03 14 08 00 00 1 5824.706
2011 03 14 08 15 00 1 5824.707
2011 03 14 08 30 00 1 5824.720
2011 03 14 08 45 00 1 5824.720
2011 03 14 09 00 00 1 5824.716
2011 03 14 09 15 00 1 5824.729
2011 03 14 09 30 00 1 5824.734
2011 03 14 09 45 00 1 5824.746
2011 03 14 10 00 00 1 5824.760
2011 03 14 10 15 00 1 5824.767
2011 03 14 10 30 00 1 5824.773
2011 03 14 10 45 00 1 5824.773
2011 03 14 11 00 00 1 5824.790
2011 03 14 11 15 00 1 5824.795
2011 03 14 11 30 00 1 5824.805
2011 03 14 11 45 00 1 5824.810
2011 03 14 12 00 00 1 5824.825
2011 03 14 12 15 00 1 5824.837
2011 03 14 12 30 00 1 5824.837
2011 03 14 12 45 00 1 5824.854
2011 03 14 13 00 00 1 5824.858
2011 03 14 13 15 00 1 5824.878
2011 03 14 13 30 00 1 5824.893
2011 03 14 13 45 00 1 5824.908
2011 03 14 14 00 00 1 5824.914
2011 03 14 14 15 00 1 5824.929
2011 03 14 14 30 00 1 5824.938
2011 03 14 14 45 00 1 5824.945
2011 03 14 15 00 00 1 5824.957
2011 03 14 15 15 00 1 5824.970
2011 03 14 15 30 00 1 5824.980
2011 03 14 15 45 00 1 5824.991
2011 03 14 16 00 00 1 5824.997
2011 03 14 16 15 00 1 5825.006
2011 03 14 16 30 00 1 5825.027
2011 03 14 16 45 00 1 5825.024
2011 03 14 17 00 00 1 5825.029
2011 03 14 17 15 00 1 5825.041
2011 03 14 17 30 00 1 5825.045
2011 03 14 17 45 00 1 5825.059
2011 03 14 18 00 00 1 5825.068
2011 03 14 18 15 00 1 5825.075
2011 03 14 18 30 00 1 5825.074
2011 03 14 18 45 00 1 5825.091
2011 03 14 19 00 00 1 5825.102
2011 03 14 19 15 00 1 5825.105
2011 03 14 19 30 00 1 5825.116
2011 03 14 19 45 00 1 5825.122
2011 03 14 20 00 00 1 5825.127
2011 03 14 20 15 00 1 5825.131
2011 03 14 20 30 00 1 5825.130
2011 03 14 20 45 00 1 5825.134
2011 03 14 21 00 00 1 5825.140
2011 03 14 21 15 00 1 5825.135
2011 03 14 21 30 00 1 5825.140
2011 03 14 21 45 00 1 5825.137
2011 03 14 22 00 00 1 5825.135
2011 03 14 22 15 00 1 5825.141
2011 03 14 22 30 00 1 5825.132
2011 03 14 22 45 00 1 5825.127
2011 03 14 23 00 00 1 5825.118
2011 03 14 23 15 00 1 5825.113
2011 03 14 23 30 00 1 5825.109
2011 03 14 23 45 00 1 5825.106
2011 03 15 00 00 00 1 5825.095
2011 03 15 00 15 00 1 5825.085
2011 03 15 00 30 00 1 5825.076
2011 03 15 00 45 00 1 5825.069
2011 03 15 01 00 00 1 5825.057
2011 03 15 01 15 00 1 5825.057
2011 03 15 01 30 00 1 5825.044
2011 03 15 01 45 00 1 5825.028
2011 03 15 02 00 00 1 5825.020
2011 03 15 02 15 00 1 5825.010
2011 03 15 02 30 00 1 5824.993
2011 03 15 02 45 00 1 5824.982
2011 03 15 03 00 00 1 5824.968
2011 03 15 03 15 00 1 5824.953
2011 03 15 03 30 00 1 5824.934
2011 03 15 03 45 00 1 5824.924
2011 03 15 04 00 00 1 5824.911
2011 03 15 04 15 00 1 5824.901
2011 03 15 04 30 00 1 5824.886
2011 03 15 04 45 00 1 5824.870
2011 03 15 05 00 00 1 5824.852
2011 03 15 05 15 00 1 5824.838
2011 03 15 05 30 00 1 5824.825
2011 03 15 05 45 00 1 5824.811
2011 03 15 06 00 00 1 5824.797
2011 03 15 06 15 00 1 5824.785
2011 03 15 06 30 00 1 5824.770
2011 03 15 06 45 00 1 5824.760
2011 03 15 07 00 00 1 5824.742
2011 03 15 07 15 00 1 5824.720
2011 03 15 07 30 00 1 5824.716
2011 03 15 07 45 00 1 5824.709
2011 03 15 08 00 00 1 5824.706
2011 03 15 08 15 00 1 5824.696
2011 03 15 08 30 00 1 5824.687
2011 03 15 08 45 00 1 5824.681
2011 03 15 09 00 00 1 5824.683
2011 03 15 09 15 00 1 5824.680
2011 03 15 09 30 00 1 5824.675
2011 03 15 09 45 00 1 5824.678
2011 03 15 10 00 00 1 5824.682
2011 03 15 10 15 00 1 5824.684
2011 03 15 10 30 00 1 5824.686
2011 03 15 10 45 00 1 5824.691
2011 03 15 11 00 00 1 5824.703
2011 03 15 11 15 00 1 5824.707
2011 03 15 11 30 00 1 5824.728
2011 03 15 11 45 00 1 5824.734
2011 03 15 12 00 00 1 5824.744
2011 03 15 12 15 00 1 5824.748
2011 03 15 12 30 00 1 5824.770
2011 03 15 12 45 00 1 5824.782
2011 03 15 13 00 00 1 5824.800
2011 03 15 13 15 00 1 5824.809
2011 03 15 13 30 00 1 5824.817
2011 03 15 13 45 00 1 5824.847
2011 03 15 14 00 00 1 5824.866
2011 03 15 14 15 00 1 5824.889
2011 03 15 14 30 00 1 5824.901
2011 03 15 14 45 00 1 5824.918
2011 03 15 15 00 00 1 5824.925
2011 03 15 15 15 00 1 5824.940
2011 03 15 15 30 00 1 5824.962
2011 03 15 15 45 00 1 5824.965
2011 03 15 16 00 00 1 5824.984
2011 03 15 16 15 00 1 5825.000
2011 03 15 16 30 00 1 5825.013
2011 03 15 16 45 00 1 5825.024
2011 03 15 17 00 00 1 5825.043
2011 03 15 17 15 00 1 5825.038
2011 03 15 17 30 00 1 5825.048
2011 03 15 17 45 00 1 5825.056
2011 03 15 18 00 00 1 5825.065
2011 03 15 18 15 00 1 5825.064
2011 03 15 18 30 00 1 5825.067
2011 03 15 18 45 00 1 5825.076
2011 03 15 19 00 00 1 5825.083
2011 03 15 19 15 00 1 5825.090
2011 03 15 19 30 00 1 5825.090
2011 03 15 19 45 00 1 5825.090
2011 03 15 20 00 00 1 5825.095
2011 03 15 20 15 00 1 5825.097
2011 03 15 20 30 00 1 5825.093
2011 03 15 20 45 00 1 5825.095
2011 03 15 21 00 00 1 5825.091
2011 03 15 21 15 00 1 5825.098
2011 03 15 21 30 00 1 5825.100
2011 03 15 21 45 00 1 5825.098
2011 03 15 22 00 00 1 5825.094
2011 03 15 22 15 00 1 5825.097
2011 03 15 22 30 00 1 5825.093
2011 03 15 22 45 00 1 5825.091
2011 03 15 23 00 00 1 5825.091
2011 03 15 23 15 00 1 5825.091
2011 03 15 23 30 00 1 5825.085
2011 03 15 23 45 00 1 5825.089
2011 03 16 00 00 00 1 5825.088
2011 03 16 00 15 00 1 5825.084
2011 03 16 00 30 00 1 5825.081
2011 03 16 00 45 00 1 5825.078
2011 03 16 01 00 00 1 5825.077
2011 03 16 01 15 00 1 5825.075
2011 03 16 01 30 00 1 5825.068
2011 03 16 01 45 00 1 5825.064
2011 03 16 02 00 00 1 5825.060
2011 03 16 02 15 00 1 5825.060
2011 03 16 02 30 00 1 5825.053
2011 03 16 02 45 00 1 5825.047
2011 03 16 03 00 00 1 5825.043
2011 03 16 03 15 00 1 5825.036
2011 03 16 03 30 00 1 5825.029
2011 03 16 03 45 00 1 5825.023
2011 03 16 04 00 00 1 5825.012
2011 03 16 04 15 00 1 5824.999
2011 03 16 04 30 00 1 5824.988
2011 03 16 04 45 00 1 5824.982
2011 03 16 05 00 00 1 5824.966
2011 03 16 05 15 00 1 5824.951
2011 03 16 05 30 00 1 5824.939
2011 03 16 05 45 00 1 5824.925
2011 03 16 06 00 00 1 5824.905
2011 03 16 06 15 00 1 5824.884
2011 03 16 06 30 00 1 5824.862
2011 03 16 06 45 00 1 5824.847
2011 03 16 07 00 00 1 5824.830
2011 03 16 07 15 00 1 5824.816
2011 03 16 07 30 00 1 5824.796
2011 03 16 07 45 00 1 5824.781
2011 03 16 08 00 00 1 5824.759
2011 03 16 08 15 00 1 5824.744
2011 03 16 08 30 00 1 5824.729
2011 03 16 08 45 00 1 5824.715
2011 03 16 09 00 00 1 5824.698
2011 03 16 09 15 00 1 5824.685
2011 03 16 09 30 00 1 5824.674
2011 03 16 09 45 00 1 5824.664
2011 03 16 10 00 00 1 5824.665
2011 03 16 10 15 00 1 5824.659
2011 03 16 10 30 00 1 5824.660
2011 03 16 10 45 00 1 5824.657
2011 03 16 11 00 00 1 5824.660
2011 03 16 11 15 00 1 5824.662
2011 03 16 11 30 00 1 5824.668
2011 03 16 11 45 00 1 5824.673
2011 03 16 12 00 00 1 5824.681
2011 03 16 12 15 00 1 5824.690
2011 03 16 12 30 00 1 5824.707
2011 03 16 12 45 00 1 5824.722
2011 03 16 13 00 00 1 5824.741
2011 03 16 13 15 00 1 5824.758
2011 03 16 13 30 00 1 5824.770
2011 03 16 13 45 00 1 5824.790
2011 03 16 14 00 00 1 5824.810
2011 03 16 14 15 00 1 5824.833
2011 03 16 14 30 00 1 5824.857
2011 03 16 14 45 00 1 5824.877
2011 03 16 15 00 00 1 5824.897
2011 03 16 15 15 00 1 5824.915
2011 03 16 15 30 00 1 5824.936
2011 03 16 15 45 00 1 5824.947
2011 03 16 16 00 00 1 5824.967
2011 03 16 16 15 00 1 5824.985
2011 03 16 16 30 00 1 5825.001
2011 03 16 16 45 00 1 5825.015
2011 03 16 17 00 00 1 5825.031
2011 03 16 17 15 00 1 5825.036
2011 03 16 17 30 00 1 5825.044
2011 03 16 17 45 00 1 5825.051
2011 03 16 18 00 00 1 5825.054
2011 03 16 18 15 00 1 5825.060
2011 03 16 18 30 00 1 5825.063
2011 03 16 18 45 00 1 5825.073
2011 03 16 19 00 00 1 5825.074
2011 03 16 19 15 00 1 5825.076
2011 03 16 19 30 00 1 5825.074
2011 03 16 19 45 00 1 5825.075
2011 03 16 20 00 00 1 5825.073
2011 03 16 20 15 00 1 5825.065
2011 03 16 20 30 00 1 5825.069
2011 03 16 20 45 00 1 5825.065
2011 03 16 21 00 00 1 5825.060
2011 03 16 21 15 00 1 5825.057
2011 03 16 21 30 00 1 5825.053
2011 03 16 21 45 00 1 5825.049
2011 03 16 22 00 00 1 5825.044
2011 03 16 22 15 00 1 5825.039
2011 03 16 22 30 00 1 5825.038
2011 03 16 22 45 00 1 5825.032
2011 03 16 23 00 00 1 5825.033
2011 03 16 23 15 00 1 5825.035
2011 03 16 23 30 00 1 5825.033
2011 03 16 23 45 00 1 5825.033
2011 03 17 00 00 00 1 5825.035
2011 03 17 00 15 00 1 5825.033
2011 03 17 00 30 00 1 5825.036
2011 03 17 00 45 00 1 5825.038
2011 03 17 01 00 00 1 5825.043
2011 03 17 01 15 00 1 5825.047
2011 03 17 01 30 00 1 5825.054
2011 03 17 01 45 00 1 5825.061
2011 03 17 02 00 00 1 5825.065
2011 03 17 02 15 00 1 5825.066
2011 03 17 02 30 00 1 5825.072
2011 03 17 02 45 00 1 5825.079
2011 03 17 03 00 00 1 5825.084
2011 03 17 03 15 00 1 5825.088
2011 03 17 03 30 00 1 5825.092
2011 03 17 03 45 00 1 5825.093
2011 03 17 04 00 00 1 5825.093
2011 03 17 04 15 00 1 5825.090
2011 03 17 04 30 00 1 5825.084
2011 03 17 04 45 00 1 5825.081
2011 03 17 05 00 00 1 5825.074
2011 03 17 05 15 00 1 5825.065
2011 03 17 05 30 00 1 5825.058
2011 03 17 05 45 00 1 5825.045
2011 03 17 06 00 00 1 5825.031
2011 03 17 06 15 00 1 5825.013
2011 03 17 06 30 00 1 5824.994
2011 03 17 06 45 00 1 5824.975
2011 03 17 07 00 00 1 5824.952
2011 03 17 07 15 00 1 5824.932
2011 03 17 07 30 00 1 5824.910
2011 03 17 07 45 00 1 5824.890
2011 03 17 08 00 00 1 5824.865
2011 03 17 08 15 00 1 5824.843
2011 03 17 08 30 00 1 5824.818
2011 03 17 08 45 00 1 5824.795
2011 03 17 09 00 00 1 5824.769
2011 03 17 09 15 00 1 5824.749
2011 03 17 09 30 00 1 5824.732
2011 03 17 09 45 00 1 5824.718
2011 03 17 10 00 00 1 5824.699
2011 03 17 10 15 00 1 5824.684
2011 03 17 10 30 00 1 5824.670
2011 03 17 10 45 00 1 5824.659
2011 03 17 11 00 00 1 5824.651
2011 03 17 11 15 00 1 5824.648
2011 03 17 11 30 00 1 5824.647
2011 03 17 11 45 00 1 5824.651
2011 03 17 12 00 00 1 5824.659
2011 03 17 12 15 00 1 5824.664
2011 03 17 12 30 00 1 5824.674
2011 03 17 12 45 00 1 5824.685
2011 03 17 13 00 00 1 5824.695
2011 03 17 13 15 00 1 5824.714
2011 03 17 13 30 00 1 5824.733
2011 03 17 13 45 00 1 5824.751
2011 03 17 14 00 00 1 5824.775
2011 03 17 14 15 00 1 5824.798
2011 03 17 14 30 00 1 5824.821
2011 03 17 14 45 00 1 5824.843
2011 03 17 15 00 00 1 5824.865
2011 03 17 15 15 00 1 5824.885
2011 03 17 15 30 00 1 5824.908
2011 03 17 15 45 00 1 5824.929
2011 03 17 16 00 00 1 5824.949
2011 03 17 16 15 00 1 5824.970
2011 03 17 16 30 00 1 5824.992
2011 03 17 16 45 00 1 5825.005
2011 03 17 17 00 00 1 5825.014
2011 03 17 17 15 00 1 5825.024
2011 03 17 17 30 00 1 5825.036
2011 03 17 17 45 00 1 5825.043
2011 03 17 18 00 00 1 5825.049
2011 03 17 18 15 00 1 5825.053
2011 03 17 18 30 00 1 5825.056
2011 03 17 18 45 00 1 5825.058
2011 03 17 19 00 00 1 5825.063
2011 03 17 19 15 00 1 5825.058
2011 03 17 19 30 00 1 5825.052
2011 03 17 19 45 00 1 5825.046
2011 03 17 20 00 00 1 5825.042
2011 03 17 20 15 00 1 5825.036
2011 03 17 20 30 00 1 5825.028
2011 03 17 20 45 00 1 5825.020
2011 03 17 21 00 00 1 5825.013
2011 03 17 21 15 00 1 5825.003
2011 03 17 21 30 00 1 5824.993
2011 03 17 21 45 00 1 5824.986
2011 03 17 22 00 00 1 5824.976
2011 03 17 22 15 00 1 5824.965
2011 03 17 22 30 00 1 5824.960
2011 03 17 22 45 00 1 5824.956
2011 03 17 23 00 00 1 5824.953
2011 03 17 23 15 00 1 5824.947
2011 03 17 23 30 00 1 5824.943
2011 03 17 23 45 00 1 5824.944
2011 03 18 00 00 00 1 5824.947
2011 03 18 00 15 00 1 5824.949
2011 03 18 00 30 00 1 5824.953
2011 03 18 00 45 00 1 5824.958
2011 03 18 01 00 00 1 5824.966
2011 03 18 01 15 00 1 5824.969
2011 03 18 01 30 00 1 5824.979
2011 03 18 01 45 00 1 5824.990
2011 03 18 02 00 00 1 5825.002
2011 03 18 02 15 00 1 5825.013
2011 03 18 02 30 00 1 5825.023
2011 03 18 02 45 00 1 5825.034
2011 03 18 03 00 00 1 5825.045
2011 03 18 03 15 00 1 5825.060
2011 03 18 03 30 00 1 5825.073
2011 03 18 03 45 00 1 5825.085
2011 03 18 04 00 00 1 5825.097
2011 03 18 04 15 00 1 5825.106
2011 03 18 04 30 00 1 5825.114
2011 03 18 04 45 00 1 5825.115
2011 03 18 05 00 00 1 5825.122
2011 03 18 05 15 00 1 5825.125
2011 03 18 05 30 00 1 5825.125
2011 03 18 05 45 00 1 5825.117
