#YY  MM DD hh mm ss T   HEIGHT
#yr  mo dy hr mn  s -        m
2010 01 27 06 45 00 1 3717.505
2010 01 27 07 00 00 1 3717.492
2010 01 27 07 15 00 1 3717.482
2010 01 27 07 30 00 1 3717.477
2010 01 27 07 45 00 1 3717.470
2010 01 27 08 00 00 1 3717.471
2010 01 27 08 15 00 1 3717.478
2010 01 27 08 30 00 1 3717.491
2010 01 27 08 45 00 1 3717.507
2010 01 27 09 00 00 1 3717.528
2010 01 27 09 15 00 1 3717.559
2010 01 27 09 30 00 1 3717.599
2010 01 27 09 45 00 1 3717.642
2010 01 27 10 00 00 1 3717.689
2010 01 27 10 15 00 1 3717.739
2010 01 27 10 30 00 1 3717.793
2010 01 27 10 45 00 1 3717.853
2010 01 27 11 00 00 1 3717.916
2010 01 27 11 15 00 1 3717.982
2010 01 27 11 30 00 1 3718.046
2010 01 27 11 45 00 1 3718.112
2010 01 27 12 00 00 1 3718.173
2010 01 27 12 15 00 1 3718.236
2010 01 27 12 30 00 1 3718.294
2010 01 27 12 45 00 1 3718.347
2010 01 27 13 00 00 1 3718.393
2010 01 27 13 15 00 1 3718.437
2010 01 27 13 30 00 1 3718.473
2010 01 27 13 45 00 1 3718.501
2010 01 27 14 00 00 1 3718.523
2010 01 27 14 15 00 1 3718.534
2010 01 27 14 30 00 1 3718.534
2010 01 27 14 45 00 1 3718.522
2010 01 27 15 00 00 1 3718.500
2010 01 27 15 15 00 1 3718.470
2010 01 27 15 30 00 1 3718.433
2010 01 27 15 45 00 1 3718.387
2010 01 27 16 00 00 1 3718.326
2010 01 27 16 15 00 1 3718.260
2010 01 27 16 30 00 1 3718.184
2010 01 27 16 45 00 1 3718.102
2010 01 27 17 00 00 1 3718.013
2010 01 27 17 15 00 1 3717.916
2010 01 27 17 30 00 1 3717.814
2010 01 27 17 45 00 1 3717.710
2010 01 27 18 00 00 1 3717.599
2010 01 27 18 15 00 1 3717.492
2010 01 27 18 30 00 1 3717.382
2010 01 27 18 45 00 1 3717.273
2010 01 27 19 00 00 1 3717.168
2010 01 27 19 15 00 1 3717.066
2010 01 27 19 30 00 1 3716.969
2010 01 27 19 45 00 1 3716.878
2010 01 27 20 00 00 1 3716.793
2010 01 27 20 15 00 1 3716.718
2010 01 27 20 30 00 1 3716.653
2010 01 27 20 45 00 1 3716.595
2010 01 27 21 00 00 1 3716.546
2010 01 27 21 15 00 1 3716.504
2010 01 27 21 30 00 1 3716.476
2010 01 27 21 45 00 1 3716.460
2010 01 27 22 00 00 1 3716.455
2010 01 27 22 15 00 1 3716.459
2010 01 27 22 30 00 1 3716.473
2010 01 27 22 45 00 1 3716.497
2010 01 27 23 00 00 1 3716.536
2010 01 27 23 15 00 1 3716.579
2010 01 27 23 30 00 1 3716.631
2010 01 27 23 45 00 1 3716.691
2010 01 28 00 00 00 1 3716.755
2010 01 28 00 15 00 1 3716.826
2010 01 28 00 30 00 1 3716.897
2010 01 28 00 45 00 1 3716.971
2010 01 28 01 00 00 1 3717.047
2010 01 28 01 15 00 1 3717.123
2010 01 28 01 30 00 1 3717.196
2010 01 28 01 45 00 1 3717.267
2010 01 28 02 00 00 1 3717.338
2010 01 28 02 15 00 1 3717.403
2010 01 28 02 30 00 1 3717.465
2010 01 28 02 45 00 1 3717.521
2010 01 28 03 00 00 1 3717.572
2010 01 28 03 15 00 1 3717.618
2010 01 28 03 30 00 1 3717.654
2010 01 28 03 45 00 1 3717.685
2010 01 28 04 00 00 1 3717.710
2010 01 28 04 15 00 1 3717.726
2010 01 28 04 30 00 1 3717.736
2010 01 28 04 45 00 1 3717.733
2010 01 28 05 00 00 1 3717.725
2010 01 28 05 15 00 1 3717.715
2010 01 28 05 30 00 1 3717.699
2010 01 28 05 45 00 1 3717.677
2010 01 28 06 00 00 1 3717.657
2010 01 28 06 15 00 1 3717.628
2010 01 28 06 30 00 1 3717.599
2010 01 28 06 45 00 1 3717.568
2010 01 28 07 00 00 1 3717.538
2010 01 28 07 15 00 1 3717.508
2010 01 28 07 30 00 1 3717.484
2010 01 28 07 45 00 1 3717.459
2010 01 28 08 00 00 1 3717.437
2010 01 28 08 15 00 1 3717.420
2010 01 28 08 30 00 1 3717.411
2010 01 28 08 45 00 1 3717.409
2010 01 28 09 00 00 1 3717.415
2010 01 28 09 15 00 1 3717.424
2010 01 28 09 30 00 1 3717.443
2010 01 28 09 45 00 1 3717.471
2010 01 28 10 00 00 1 3717.506
2010 01 28 10 15 00 1 3717.546
2010 01 28 10 30 00 1 3717.592
2010 01 28 10 45 00 1 3717.642
2010 01 28 11 00 00 1 3717.699
2010 01 28 11 15 00 1 3717.761
2010 01 28 11 30 00 1 3717.833
2010 01 28 11 45 00 1 3717.905
2010 01 28 12 00 00 1 3717.977
2010 01 28 12 15 00 1 3718.055
2010 01 28 12 30 00 1 3718.130
2010 01 28 12 45 00 1 3718.204
2010 01 28 13 00 00 1 3718.278
2010 01 28 13 15 00 1 3718.350
2010 01 28 13 30 00 1 3718.415
2010 01 28 13 45 00 1 3718.474
2010 01 28 14 00 00 1 3718.525
2010 01 28 14 15 00 1 3718.572
2010 01 28 14 30 00 1 3718.607
2010 01 28 14 45 00 1 3718.632
2010 01 28 15 00 00 1 3718.647
2010 01 28 15 15 00 1 3718.652
2010 01 28 15 30 00 1 3718.644
2010 01 28 15 45 00 1 3718.624
2010 01 28 16 00 00 1 3718.592
2010 01 28 16 15 00 1 3718.548
2010 01 28 16 30 00 1 3718.493
2010 01 28 16 45 00 1 3718.423
2010 01 28 17 00 00 1 3718.347
2010 01 28 17 15 00 1 3718.262
2010 01 28 17 30 00 1 3718.164
2010 01 28 17 45 00 1 3718.060
2010 01 28 18 00 00 1 3717.951
2010 01 28 18 15 00 1 3717.831
2010 01 28 18 30 00 1 3717.709
2010 01 28 18 45 00 1 3717.589
2010 01 28 19 00 00 1 3717.469
2010 01 28 19 15 00 1 3717.346
2010 01 28 19 30 00 1 3717.221
2010 01 28 19 45 00 1 3717.104
2010 01 28 20 00 00 1 3716.993
2010 01 28 20 15 00 1 3716.885
2010 01 28 20 30 00 1 3716.785
2010 01 28 20 45 00 1 3716.690
2010 01 28 21 00 00 1 3716.607
2010 01 28 21 15 00 1 3716.538
2010 01 28 21 30 00 1 3716.479
2010 01 28 21 45 00 1 3716.429
2010 01 28 22 00 00 1 3716.392
2010 01 28 22 15 00 1 3716.368
2010 01 28 22 30 00 1 3716.358
2010 01 28 22 45 00 1 3716.360
2010 01 28 23 00 00 1 3716.375
2010 01 28 23 15 00 1 3716.398
2010 01 28 23 30 00 1 3716.439
2010 01 28 23 45 00 1 3716.486
2010 01 29 00 00 00 1 3716.543
2010 01 29 00 15 00 1 3716.608
2010 01 29 00 30 00 1 3716.680
2010 01 29 00 45 00 1 3716.758
2010 01 29 01 00 00 1 3716.840
2010 01 29 01 15 00 1 3716.924
2010 01 29 01 30 00 1 3717.013
2010 01 29 01 45 00 1 3717.099
2010 01 29 02 00 00 1 3717.187
2010 01 29 02 15 00 1 3717.275
2010 01 29 02 30 00 1 3717.359
2010 01 29 02 45 00 1 3717.436
2010 01 29 03 00 00 1 3717.508
2010 01 29 03 15 00 1 3717.573
2010 01 29 03 30 00 1 3717.632
2010 01 29 03 45 00 1 3717.681
2010 01 29 04 00 00 1 3717.725
2010 01 29 04 15 00 1 3717.760
2010 01 29 04 30 00 1 3717.785
2010 01 29 04 45 00 1 3717.801
2010 01 29 05 00 00 1 3717.810
2010 01 29 05 15 00 1 3717.809
2010 01 29 05 30 00 1 3717.801
2010 01 29 05 45 00 1 3717.787
2010 01 29 06 00 00 1 3717.766
2010 01 29 06 15 00 1 3717.738
2010 01 29 06 30 00 1 3717.702
2010 01 29 06 45 00 1 3717.666
2010 01 29 07 00 00 1 3717.627
2010 01 29 07 15 00 1 3717.588
2010 01 29 07 30 00 1 3717.546
2010 01 29 07 45 00 1 3717.502
2010 01 29 08 00 00 1 3717.461
2010 01 29 08 15 00 1 3717.423
2010 01 29 08 30 00 1 3717.388
2010 01 29 08 45 00 1 3717.359
2010 01 29 09 00 00 1 3717.337
2010 01 29 09 15 00 1 3717.322
2010 01 29 09 30 00 1 3717.313
2010 01 29 09 45 00 1 3717.314
2010 01 29 10 00 00 1 3717.325
2010 01 29 10 15 00 1 3717.342
2010 01 29 10 30 00 1 3717.372
2010 01 29 10 45 00 1 3717.409
2010 01 29 11 00 00 1 3717.453
2010 01 29 11 15 00 1 3717.504
2010 01 29 11 30 00 1 3717.564
2010 01 29 11 45 00 1 3717.630
2010 01 29 12 00 00 1 3717.705
2010 01 29 12 15 00 1 3717.781
2010 01 29 12 30 00 1 3717.859
2010 01 29 12 45 00 1 3717.942
2010 01 29 13 00 00 1 3718.026
2010 01 29 13 15 00 1 3718.114
2010 01 29 13 30 00 1 3718.194
2010 01 29 13 45 00 1 3718.276
2010 01 29 14 00 00 1 3718.352
2010 01 29 14 15 00 1 3718.428
2010 01 29 14 30 00 1 3718.500
2010 01 29 14 45 00 1 3718.559
2010 01 29 15 00 00 1 3718.613
2010 01 29 15 15 00 1 3718.655
2010 01 29 15 30 00 1 3718.688
2010 01 29 15 45 00 1 3718.706
2010 01 29 16 00 00 1 3718.713
2010 01 29 16 15 00 1 3718.703
2010 01 29 16 30 00 1 3718.683
2010 01 29 16 45 00 1 3718.650
2010 01 29 17 00 00 1 3718.605
2010 01 29 17 15 00 1 3718.544
2010 01 29 17 30 00 1 3718.470
2010 01 29 17 45 00 1 3718.388
2010 01 29 18 00 00 1 3718.293
2010 01 29 18 15 00 1 3718.193
2010 01 29 18 30 00 1 3718.084
2010 01 29 18 45 00 1 3717.965
2010 01 29 19 00 00 1 3717.840
2010 01 29 19 15 00 1 3717.711
2010 01 29 19 30 00 1 3717.577
2010 01 29 19 45 00 1 3717.444
2010 01 29 20 00 00 1 3717.311
2010 01 29 20 15 00 1 3717.184
2010 01 29 20 30 00 1 3717.062
2010 01 29 20 45 00 1 3716.945
2010 01 29 21 00 00 1 3716.838
2010 01 29 21 15 00 1 3716.736
2010 01 29 21 30 00 1 3716.645
2010 01 29 21 45 00 1 3716.564
2010 01 29 22 00 00 1 3716.493
2010 01 29 22 15 00 1 3716.436
2010 01 29 22 30 00 1 3716.392
2010 01 29 22 45 00 1 3716.363
2010 01 29 23 00 00 1 3716.345
2010 01 29 23 15 00 1 3716.340
2010 01 29 23 30 00 1 3716.347
2010 01 29 23 45 00 1 3716.370
2010 01 30 00 00 00 1 3716.402
2010 01 30 00 15 00 1 3716.446
2010 01 30 00 30 00 1 3716.498
2010 01 30 00 45 00 1 3716.563
2010 01 30 01 00 00 1 3716.634
2010 01 30 01 15 00 1 3716.715
2010 01 30 01 30 00 1 3716.801
2010 01 30 01 45 00 1 3716.894
2010 01 30 02 00 00 1 3716.989
2010 01 30 02 15 00 1 3717.086
2010 01 30 02 30 00 1 3717.180
2010 01 30 02 45 00 1 3717.276
2010 01 30 03 00 00 1 3717.370
2010 01 30 03 15 00 1 3717.455
2010 01 30 03 30 00 1 3717.536
2010 01 30 03 45 00 1 3717.611
2010 01 30 04 00 00 1 3717.679
2010 01 30 04 15 00 1 3717.740
2010 01 30 04 30 00 1 3717.790
2010 01 30 04 45 00 1 3717.829
2010 01 30 05 00 00 1 3717.864
2010 01 30 05 15 00 1 3717.880
2010 01 30 05 30 00 1 3717.891
2010 01 30 05 45 00 1 3717.891
2010 01 30 06 00 00 1 3717.882
2010 01 30 06 15 00 1 3717.862
2010 01 30 06 30 00 1 3717.836
2010 01 30 06 45 00 1 3717.803
2010 01 30 07 00 00 1 3717.765
2010 01 30 07 15 00 1 3717.719
2010 01 30 07 30 00 1 3717.675
2010 01 30 07 45 00 1 3717.620
2010 01 30 08 00 00 1 3717.564
2010 01 30 08 15 00 1 3717.511
2010 01 30 08 30 00 1 3717.459
2010 01 30 08 45 00 1 3717.405
2010 01 30 09 00 00 1 3717.357
2010 01 30 09 15 00 1 3717.315
2010 01 30 09 30 00 1 3717.278
2010 01 30 09 45 00 1 3717.247
2010 01 30 10 00 00 1 3717.231
2010 01 30 10 15 00 1 3717.218
2010 01 30 10 30 00 1 3717.212
2010 01 30 10 45 00 1 3717.217
2010 01 30 11 00 00 1 3717.231
2010 01 30 11 15 00 1 3717.255
2010 01 30 11 30 00 1 3717.290
2010 01 30 11 45 00 1 3717.332
2010 01 30 12 00 00 1 3717.386
2010 01 30 12 15 00 1 3717.445
2010 01 30 12 30 00 1 3717.514
2010 01 30 12 45 00 1 3717.590
2010 01 30 13 00 00 1 3717.673
2010 01 30 13 15 00 1 3717.764
2010 01 30 13 30 00 1 3717.855
2010 01 30 13 45 00 1 3717.947
2010 01 30 14 00 00 1 3718.042
2010 01 30 14 15 00 1 3718.136
2010 01 30 14 30 00 1 3718.231
2010 01 30 14 45 00 1 3718.316
2010 01 30 15 00 00 1 3718.395
2010 01 30 15 15 00 1 3718.470
2010 01 30 15 30 00 1 3718.534
2010 01 30 15 45 00 1 3718.591
2010 01 30 16 00 00 1 3718.633
2010 01 30 16 15 00 1 3718.667
2010 01 30 16 30 00 1 3718.688
2010 01 30 16 45 00 1 3718.696
2010 01 30 17 00 00 1 3718.691
2010 01 30 17 15 00 1 3718.673
2010 01 30 17 30 00 1 3718.638
2010 01 30 17 45 00 1 3718.590
2010 01 30 18 00 00 1 3718.532
2010 01 30 18 15 00 1 3718.455
2010 01 30 18 30 00 1 3718.371
2010 01 30 18 45 00 1 3718.273
2010 01 30 19 00 00 1 3718.164
2010 01 30 19 15 00 1 3718.051
2010 01 30 19 30 00 1 3717.926
2010 01 30 19 45 00 1 3717.801
2010 01 30 20 00 00 1 3717.669
2010 01 30 20 15 00 1 3717.542
2010 01 30 20 30 00 1 3717.412
2010 01 30 20 45 00 1 3717.281
2010 01 30 21 00 00 1 3717.155
2010 01 30 21 15 00 1 3717.034
2010 01 30 21 30 00 1 3716.920
2010 01 30 21 45 00 1 3716.814
2010 01 30 22 00 00 1 3716.717
2010 01 30 22 15 00 1 3716.630
2010 01 30 22 30 00 1 3716.553
2010 01 30 22 45 00 1 3716.493
2010 01 30 23 00 00 1 3716.443
2010 01 30 23 15 00 1 3716.408
2010 01 30 23 30 00 1 3716.385
2010 01 30 23 45 00 1 3716.373
2010 01 31 00 00 00 1 3716.376
2010 01 31 00 15 00 1 3716.394
2010 01 31 00 30 00 1 3716.421
2010 01 31 00 45 00 1 3716.463
2010 01 31 01 00 00 1 3716.512
2010 01 31 01 15 00 1 3716.575
2010 01 31 01 30 00 1 3716.651
2010 01 31 01 45 00 1 3716.727
2010 01 31 02 00 00 1 3716.814
2010 01 31 02 15 00 1 3716.906
2010 01 31 02 30 00 1 3717.000
2010 01 31 02 45 00 1 3717.098
2010 01 31 03 00 00 1 3717.196
2010 01 31 03 15 00 1 3717.293
2010 01 31 03 30 00 1 3717.391
2010 01 31 03 45 00 1 3717.482
2010 01 31 04 00 00 1 3717.570
2010 01 31 04 15 00 1 3717.653
2010 01 31 04 30 00 1 3717.729
2010 01 31 04 45 00 1 3717.798
2010 01 31 05 00 00 1 3717.859
2010 01 31 05 15 00 1 3717.907
2010 01 31 05 30 00 1 3717.946
2010 01 31 05 45 00 1 3717.972
2010 01 31 06 00 00 1 3717.988
2010 01 31 06 15 00 1 3717.995
2010 01 31 06 30 00 1 3717.990
2010 01 31 06 45 00 1 3717.972
2010 01 31 07 00 00 1 3717.946
2010 01 31 07 15 00 1 3717.910
2010 01 31 07 30 00 1 3717.867
2010 01 31 07 45 00 1 3717.814
2010 01 31 08 00 00 1 3717.757
2010 01 31 08 15 00 1 3717.695
2010 01 31 08 30 00 1 3717.631
2010 01 31 08 45 00 1 3717.565
2010 01 31 09 00 00 1 3717.504
2010 01 31 09 15 00 1 3717.442
2010 01 31 09 30 00 1 3717.383
2010 01 31 09 45 00 1 3717.328
2010 01 31 10 00 00 1 3717.281
2010 01 31 10 15 00 1 3717.238
2010 01 31 10 30 00 1 3717.202
2010 01 31 10 45 00 1 3717.177
2010 01 31 11 00 00 1 3717.153
2010 01 31 11 15 00 1 3717.144
2010 01 31 11 30 00 1 3717.142
2010 01 31 11 45 00 1 3717.150
2010 01 31 12 00 00 1 3717.167
2010 01 31 12 15 00 1 3717.198
2010 01 31 12 30 00 1 3717.235
2010 01 31 12 45 00 1 3717.288
2010 01 31 13 00 00 1 3717.343
2010 01 31 13 15 00 1 3717.408
2010 01 31 13 30 00 1 3717.482
2010 01 31 13 45 00 1 3717.565
2010 01 31 14 00 00 1 3717.649
2010 01 31 14 15 00 1 3717.740
2010 01 31 14 30 00 1 3717.832
2010 01 31 14 45 00 1 3717.925
2010 01 31 15 00 00 1 3718.018
2010 01 31 15 15 00 1 3718.112
2010 01 31 15 30 00 1 3718.198
2010 01 31 15 45 00 1 3718.282
2010 01 31 16 00 00 1 3718.359
2010 01 31 16 15 00 1 3718.426
2010 01 31 16 30 00 1 3718.483
2010 01 31 16 45 00 1 3718.532
2010 01 31 17 00 00 1 3718.565
2010 01 31 17 15 00 1 3718.588
2010 01 31 17 30 00 1 3718.599
2010 01 31 17 45 00 1 3718.594
2010 01 31 18 00 00 1 3718.579
2010 01 31 18 15 00 1 3718.547
2010 01 31 18 30 00 1 3718.505
2010 01 31 18 45 00 1 3718.440
2010 01 31 19 00 00 1 3718.373
2010 01 31 19 15 00 1 3718.290
2010 01 31 19 30 00 1 3718.194
2010 01 31 19 45 00 1 3718.089
2010 01 31 20 00 00 1 3717.983
2010 01 31 20 15 00 1 3717.868
2010 01 31 20 30 00 1 3717.754
2010 01 31 20 45 00 1 3717.628
2010 01 31 21 00 00 1 3717.505
2010 01 31 21 15 00 1 3717.381
2010 01 31 21 30 00 1 3717.261
2010 01 31 21 45 00 1 3717.149
2010 01 31 22 00 00 1 3717.037
2010 01 31 22 15 00 1 3716.933
2010 01 31 22 30 00 1 3716.838
2010 01 31 22 45 00 1 3716.754
2010 01 31 23 00 00 1 3716.678
2010 01 31 23 15 00 1 3716.616
2010 01 31 23 30 00 1 3716.565
2010 01 31 23 45 00 1 3716.528
2010 02 01 00 00 00 1 3716.504
2010 02 01 00 15 00 1 3716.491
2010 02 01 00 30 00 1 3716.493
2010 02 01 00 45 00 1 3716.501
2010 02 01 01 00 00 1 3716.525
2010 02 01 01 15 00 1 3716.556
2010 02 01 01 30 00 1 3716.603
2010 02 01 01 45 00 1 3716.662
2010 02 01 02 00 00 1 3716.728
2010 02 01 02 15 00 1 3716.803
2010 02 01 02 30 00 1 3716.883
2010 02 01 02 45 00 1 3716.973
2010 02 01 03 00 00 1 3717.068
2010 02 01 03 15 00 1 3717.167
2010 02 01 03 30 00 1 3717.271
2010 02 01 03 45 00 1 3717.370
2010 02 01 04 00 00 1 3717.467
2010 02 01 04 15 00 1 3717.562
2010 02 01 04 30 00 1 3717.653
2010 02 01 04 45 00 1 3717.737
2010 02 01 05 00 00 1 3717.816
2010 02 01 05 15 00 1 3717.887
2010 02 01 05 30 00 1 3717.949
2010 02 01 05 45 00 1 3718.000
2010 02 01 06 00 00 1 3718.043
2010 02 01 06 15 00 1 3718.076
2010 02 01 06 30 00 1 3718.096
2010 02 01 06 45 00 1 3718.104
2010 02 01 07 00 00 1 3718.104
2010 02 01 07 15 00 1 3718.090
2010 02 01 07 30 00 1 3718.063
2010 02 01 07 45 00 1 3718.031
2010 02 01 08 00 00 1 3717.985
2010 02 01 08 15 00 1 3717.937
2010 02 01 08 30 00 1 3717.880
2010 02 01 08 45 00 1 3717.816
2010 02 01 09 00 00 1 3717.749
2010 02 01 09 15 00 1 3717.679
2010 02 01 09 30 00 1 3717.609
2010 02 01 09 45 00 1 3717.540
2010 02 01 10 00 00 1 3717.471
2010 02 01 10 15 00 1 3717.405
2010 02 01 10 30 00 1 3717.342
2010 02 01 10 45 00 1 3717.283
2010 02 01 11 00 00 1 3717.231
2010 02 01 11 15 00 1 3717.188
2010 02 01 11 30 00 1 3717.151
2010 02 01 11 45 00 1 3717.123
2010 02 01 12 00 00 1 3717.107
2010 02 01 12 15 00 1 3717.096
2010 02 01 12 30 00 1 3717.097
2010 02 01 12 45 00 1 3717.108
2010 02 01 13 00 00 1 3717.132
2010 02 01 13 15 00 1 3717.162
2010 02 01 13 30 00 1 3717.204
2010 02 01 13 45 00 1 3717.253
2010 02 01 14 00 00 1 3717.309
2010 02 01 14 15 00 1 3717.377
2010 02 01 14 30 00 1 3717.448
2010 02 01 14 45 00 1 3717.526
2010 02 01 15 00 00 1 3717.609
2010 02 01 15 15 00 1 3717.692
2010 02 01 15 30 00 1 3717.777
2010 02 01 15 45 00 1 3717.863
2010 02 01 16 00 00 1 3717.946
2010 02 01 16 15 00 1 3718.027
2010 02 01 16 30 00 1 3718.100
2010 02 01 16 45 00 1 3718.169
2010 02 01 17 00 00 1 3718.234
2010 02 01 17 15 00 1 3718.287
2010 02 01 17 30 00 1 3718.329
2010 02 01 17 45 00 1 3718.363
2010 02 01 18 00 00 1 3718.385
2010 02 01 18 15 00 1 3718.394
2010 02 01 18 30 00 1 3718.393
2010 02 01 18 45 00 1 3718.379
2010 02 01 19 00 00 1 3718.354
2010 02 01 19 15 00 1 3718.314
2010 02 01 19 30 00 1 3718.261
2010 02 01 19 45 00 1 3718.201
2010 02 01 20 00 00 1 3718.131
2010 02 01 20 15 00 1 3718.053
2010 02 01 20 30 00 1 3717.965
2010 02 01 20 45 00 1 3717.872
2010 02 01 21 00 00 1 3717.769
2010 02 01 21 15 00 1 3717.666
2010 02 01 21 30 00 1 3717.562
2010 02 01 21 45 00 1 3717.457
2010 02 01 22 00 00 1 3717.352
2010 02 01 22 15 00 1 3717.251
2010 02 01 22 30 00 1 3717.155
2010 02 01 22 45 00 1 3717.064
2010 02 01 23 00 00 1 3716.980
2010 02 01 23 15 00 1 3716.903
2010 02 01 23 30 00 1 3716.837
2010 02 01 23 45 00 1 3716.781
2010 02 02 00 00 00 1 3716.734
2010 02 02 00 15 00 1 3716.695
2010 02 02 00 30 00 1 3716.669
2010 02 02 00 45 00 1 3716.655
2010 02 02 01 00 00 1 3716.651
2010 02 02 01 15 00 1 3716.655
2010 02 02 01 30 00 1 3716.674
2010 02 02 01 45 00 1 3716.704
2010 02 02 02 00 00 1 3716.743
2010 02 02 02 15 00 1 3716.792
2010 02 02 02 30 00 1 3716.850
2010 02 02 02 45 00 1 3716.918
2010 02 02 03 00 00 1 3716.994
2010 02 02 03 15 00 1 3717.074
2010 02 02 03 30 00 1 3717.158
2010 02 02 03 45 00 1 3717.247
2010 02 02 04 00 00 1 3717.344
2010 02 02 04 15 00 1 3717.437
2010 02 02 04 30 00 1 3717.530
2010 02 02 04 45 00 1 3717.621
2010 02 02 05 00 00 1 3717.710
2010 02 02 05 15 00 1 3717.793
2010 02 02 05 30 00 1 3717.870
2010 02 02 05 45 00 1 3717.939
2010 02 02 06 00 00 1 3718.003
2010 02 02 06 15 00 1 3718.058
2010 02 02 06 30 00 1 3718.104
2010 02 02 06 45 00 1 3718.140
2010 02 02 07 00 00 1 3718.167
2010 02 02 07 15 00 1 3718.183
2010 02 02 07 30 00 1 3718.189
2010 02 02 07 45 00 1 3718.182
2010 02 02 08 00 00 1 3718.165
2010 02 02 08 15 00 1 3718.137
2010 02 02 08 30 00 1 3718.102
2010 02 02 08 45 00 1 3718.057
2010 02 02 09 00 00 1 3718.003
2010 02 02 09 15 00 1 3717.942
2010 02 02 09 30 00 1 3717.875
2010 02 02 09 45 00 1 3717.805
2010 02 02 10 00 00 1 3717.734
2010 02 02 10 15 00 1 3717.664
2010 02 02 10 30 00 1 3717.590
2010 02 02 10 45 00 1 3717.518
2010 02 02 11 00 00 1 3717.450
2010 02 02 11 15 00 1 3717.383
2010 02 02 11 30 00 1 3717.321
2010 02 02 11 45 00 1 3717.266
2010 02 02 12 00 00 1 3717.217
2010 02 02 12 15 00 1 3717.173
2010 02 02 12 30 00 1 3717.138
2010 02 02 12 45 00 1 3717.112
2010 02 02 13 00 00 1 3717.092
2010 02 02 13 15 00 1 3717.084
2010 02 02 13 30 00 1 3717.085
2010 02 02 13 45 00 1 3717.098
2010 02 02 14 00 00 1 3717.119
2010 02 02 14 15 00 1 3717.150
2010 02 02 14 30 00 1 3717.189
2010 02 02 14 45 00 1 3717.238
2010 02 02 15 00 00 1 3717.289
2010 02 02 15 15 00 1 3717.350
2010 02 02 15 30 00 1 3717.413
2010 02 02 15 45 00 1 3717.483
2010 02 02 16 00 00 1 3717.552
2010 02 02 16 15 00 1 3717.623
2010 02 02 16 30 00 1 3717.695
2010 02 02 16 45 00 1 3717.764
2010 02 02 17 00 00 1 3717.831
2010 02 02 17 15 00 1 3717.896
2010 02 02 17 30 00 1 3717.955
2010 02 02 17 45 00 1 3718.006
2010 02 02 18 00 00 1 3718.053
2010 02 02 18 15 00 1 3718.088
2010 02 02 18 30 00 1 3718.117
2010 02 02 18 45 00 1 3718.137
2010 02 02 19 00 00 1 3718.148
2010 02 02 19 15 00 1 3718.146
2010 02 02 19 30 00 1 3718.136
2010 02 02 19 45 00 1 3718.116
2010 02 02 20 00 00 1 3718.087
2010 02 02 20 15 00 1 3718.054
2010 02 02 20 30 00 1 3718.004
2010 02 02 20 45 00 1 3717.949
2010 02 02 21 00 00 1 3717.887
2010 02 02 21 15 00 1 3717.817
2010 02 02 21 30 00 1 3717.744
2010 02 02 21 45 00 1 3717.669
2010 02 02 22 00 00 1 3717.586
2010 02 02 22 15 00 1 3717.503
2010 02 02 22 30 00 1 3717.420
2010 02 02 22 45 00 1 3717.340
2010 02 02 23 00 00 1 3717.263
2010 02 02 23 15 00 1 3717.190
2010 02 02 23 30 00 1 3717.123
2010 02 02 23 45 00 1 3717.059
2010 02 03 00 00 00 1 3716.999
2010 02 03 00 15 00 1 3716.953
2010 02 03 00 30 00 1 3716.916
2010 02 03 00 45 00 1 3716.880
2010 02 03 01 00 00 1 3716.855
2010 02 03 01 15 00 1 3716.840
2010 02 03 01 30 00 1 3716.834
2010 02 03 01 45 00 1 3716.838
2010 02 03 02 00 00 1 3716.853
2010 02 03 02 15 00 1 3716.875
2010 02 03 02 30 00 1 3716.905
2010 02 03 02 45 00 1 3716.945
2010 02 03 03 00 00 1 3716.993
2010 02 03 03 15 00 1 3717.050
2010 02 03 03 30 00 1 3717.111
2010 02 03 03 45 00 1 3717.181
2010 02 03 04 00 00 1 3717.256
2010 02 03 04 15 00 1 3717.333
2010 02 03 04 30 00 1 3717.414
2010 02 03 04 45 00 1 3717.495
2010 02 03 05 00 00 1 3717.578
2010 02 03 05 15 00 1 3717.659
2010 02 03 05 30 00 1 3717.738
2010 02 03 05 45 00 1 3717.814
2010 02 03 06 00 00 1 3717.884
2010 02 03 06 15 00 1 3717.952
2010 02 03 06 30 00 1 3718.015
2010 02 03 06 45 00 1 3718.070
2010 02 03 07 00 00 1 3718.118
2010 02 03 07 15 00 1 3718.157
2010 02 03 07 30 00 1 3718.187
2010 02 03 07 45 00 1 3718.209
2010 02 03 08 00 00 1 3718.224
2010 02 03 08 15 00 1 3718.229
2010 02 03 08 30 00 1 3718.221
2010 02 03 08 45 00 1 3718.205
2010 02 03 09 00 00 1 3718.180
2010 02 03 09 15 00 1 3718.145
2010 02 03 09 30 00 1 3718.099
2010 02 03 09 45 00 1 3718.050
2010 02 03 10 00 00 1 3717.995
2010 02 03 10 15 00 1 3717.936
2010 02 03 10 30 00 1 3717.873
2010 02 03 10 45 00 1 3717.808
2010 02 03 11 00 00 1 3717.737
2010 02 03 11 15 00 1 3717.666
2010 02 03 11 30 00 1 3717.596
2010 02 03 11 45 00 1 3717.527
2010 02 03 12 00 00 1 3717.463
2010 02 03 12 15 00 1 3717.402
2010 02 03 12 30 00 1 3717.339
2010 02 03 12 45 00 1 3717.283
2010 02 03 13 00 00 1 3717.233
2010 02 03 13 15 00 1 3717.191
2010 02 03 13 30 00 1 3717.157
2010 02 03 13 45 00 1 3717.132
2010 02 03 14 00 00 1 3717.111
2010 02 03 14 15 00 1 3717.099
2010 02 03 14 30 00 1 3717.101
2010 02 03 14 45 00 1 3717.107
2010 02 03 15 00 00 1 3717.123
2010 02 03 15 15 00 1 3717.145
2010 02 03 15 30 00 1 3717.171
2010 02 03 15 45 00 1 3717.206
2010 02 03 16 00 00 1 3717.245
2010 02 03 16 15 00 1 3717.288
2010 02 03 16 30 00 1 3717.337
2010 02 03 16 45 00 1 3717.388
2010 02 03 17 00 00 1 3717.443
2010 02 03 17 15 00 1 3717.496
2010 02 03 17 30 00 1 3717.549
2010 02 03 17 45 00 1 3717.601
2010 02 03 18 00 00 1 3717.649
2010 02 03 18 15 00 1 3717.696
2010 02 03 18 30 00 1 3717.736
2010 02 03 18 45 00 1 3717.774
2010 02 03 19 00 00 1 3717.804
2010 02 03 19 15 00 1 3717.830
2010 02 03 19 30 00 1 3717.851
2010 02 03 19 45 00 1 3717.860
2010 02 03 20 00 00 1 3717.869
2010 02 03 20 15 00 1 3717.871
2010 02 03 20 30 00 1 3717.861
2010 02 03 20 45 00 1 3717.847
2010 02 03 21 00 00 1 3717.829
2010 02 03 21 15 00 1 3717.802
2010 02 03 21 30 00 1 3717.767
2010 02 03 21 45 00 1 3717.725
2010 02 03 22 00 00 1 3717.679
2010 02 03 22 15 00 1 3717.630
2010 02 03 22 30 00 1 3717.577
2010 02 03 22 45 00 1 3717.523
2010 02 03 23 00 00 1 3717.467
2010 02 03 23 15 00 1 3717.412
2010 02 03 23 30 00 1 3717.356
2010 02 03 23 45 00 1 3717.306
2010 02 04 00 00 00 1 3717.256
2010 02 04 00 15 00 1 3717.210
2010 02 04 00 30 00 1 3717.167
2010 02 04 00 45 00 1 3717.128
2010 02 04 01 00 00 1 3717.100
2010 02 04 01 15 00 1 3717.077
2010 02 04 01 30 00 1 3717.058
2010 02 04 01 45 00 1 3717.047
2010 02 04 02 00 00 1 3717.040
2010 02 04 02 15 00 1 3717.042
2010 02 04 02 30 00 1 3717.052
2010 02 04 02 45 00 1 3717.067
2010 02 04 03 00 00 1 3717.089
2010 02 04 03 15 00 1 3717.121
2010 02 04 03 30 00 1 3717.157
2010 02 04 03 45 00 1 3717.202
2010 02 04 04 00 00 1 3717.251
2010 02 04 04 15 00 1 3717.305
2010 02 04 04 30 00 1 3717.364
2010 02 04 04 45 00 1 3717.426
2010 02 04 05 00 00 1 3717.486
2010 02 04 05 15 00 1 3717.551
2010 02 04 05 30 00 1 3717.621
2010 02 04 05 45 00 1 3717.686
2010 02 04 06 00 00 1 3717.751
2010 02 04 06 15 00 1 3717.815
2010 02 04 06 30 00 1 3717.875
2010 02 04 06 45 00 1 3717.939
2010 02 04 07 00 00 1 3717.996
2010 02 04 07 15 00 1 3718.048
2010 02 04 07 30 00 1 3718.095
2010 02 04 07 45 00 1 3718.136
2010 02 04 08 00 00 1 3718.168
2010 02 04 08 15 00 1 3718.193
2010 02 04 08 30 00 1 3718.210
2010 02 04 08 45 00 1 3718.218
2010 02 04 09 00 00 1 3718.219
2010 02 04 09 15 00 1 3718.215
2010 02 04 09 30 00 1 3718.201
2010 02 04 09 45 00 1 3718.180
2010 02 04 10 00 00 1 3718.150
2010 02 04 10 15 00 1 3718.117
2010 02 04 10 30 00 1 3718.075
2010 02 04 10 45 00 1 3718.028
2010 02 04 11 00 00 1 3717.977
2010 02 04 11 15 00 1 3717.919
2010 02 04 11 30 00 1 3717.860
2010 02 04 11 45 00 1 3717.794
2010 02 04 12 00 00 1 3717.730
2010 02 04 12 15 00 1 3717.668
2010 02 04 12 30 00 1 3717.608
2010 02 04 12 45 00 1 3717.545
2010 02 04 13 00 00 1 3717.487
2010 02 04 13 15 00 1 3717.425
2010 02 04 13 30 00 1 3717.373
2010 02 04 13 45 00 1 3717.319
2010 02 04 14 00 00 1 3717.277
2010 02 04 14 15 00 1 3717.234
2010 02 04 14 30 00 1 3717.200
2010 02 04 14 45 00 1 3717.172
2010 02 04 15 00 00 1 3717.150
2010 02 04 15 15 00 1 3717.131
2010 02 04 15 30 00 1 3717.120
2010 02 04 15 45 00 1 3717.118
2010 02 04 16 00 00 1 3717.119
2010 02 04 16 15 00 1 3717.128
2010 02 04 16 30 00 1 3717.140
2010 02 04 16 45 00 1 3717.158
2010 02 04 17 00 00 1 3717.181
2010 02 04 17 15 00 1 3717.208
2010 02 04 17 30 00 1 3717.235
2010 02 04 17 45 00 1 3717.267
2010 02 04 18 00 00 1 3717.301
2010 02 04 18 15 00 1 3717.335
2010 02 04 18 30 00 1 3717.368
2010 02 04 18 45 00 1 3717.403
2010 02 04 19 00 00 1 3717.438
2010 02 04 19 15 00 1 3717.470
2010 02 04 19 30 00 1 3717.499
2010 02 04 19 45 00 1 3717.526
2010 02 04 20 00 00 1 3717.550
2010 02 04 20 15 00 1 3717.573
2010 02 04 20 30 00 1 3717.588
2010 02 04 20 45 00 1 3717.601
2010 02 04 21 00 00 1 3717.608
2010 02 04 21 15 00 1 3717.616
2010 02 04 21 30 00 1 3717.618
2010 02 04 21 45 00 1 3717.615
2010 02 04 22 00 00 1 3717.605
2010 02 04 22 15 00 1 3717.593
2010 02 04 22 30 00 1 3717.578
2010 02 04 22 45 00 1 3717.562
2010 02 04 23 00 00 1 3717.540
2010 02 04 23 15 00 1 3717.517
2010 02 04 23 30 00 1 3717.490
2010 02 04 23 45 00 1 3717.461
2010 02 05 00 00 00 1 3717.435
2010 02 05 00 15 00 1 3717.406
2010 02 05 00 30 00 1 3717.379
2010 02 05 00 45 00 1 3717.349
2010 02 05 01 00 00 1 3717.326
2010 02 05 01 15 00 1 3717.302
2010 02 05 01 30 00 1 3717.281
2010 02 05 01 45 00 1 3717.267
2010 02 05 02 00 00 1 3717.252
2010 02 05 02 15 00 1 3717.244
2010 02 05 02 30 00 1 3717.239
2010 02 05 02 45 00 1 3717.237
2010 02 05 03 00 00 1 3717.244
2010 02 05 03 15 00 1 3717.254
2010 02 05 03 30 00 1 3717.270
2010 02 05 03 45 00 1 3717.288
2010 02 05 04 00 00 1 3717.315
2010 02 05 04 15 00 1 3717.344
2010 02 05 04 30 00 1 3717.378
2010 02 05 04 45 00 1 3717.420
2010 02 05 05 00 00 1 3717.462
2010 02 05 05 15 00 1 3717.510
2010 02 05 05 30 00 1 3717.558
2010 02 05 05 45 00 1 3717.607
2010 02 05 06 00 00 1 3717.658
2010 02 05 06 15 00 1 3717.710
2010 02 05 06 30 00 1 3717.763
2010 02 05 06 45 00 1 3717.818
2010 02 05 07 00 00 1 3717.872
2010 02 05 07 15 00 1 3717.923
2010 02 05 07 30 00 1 3717.976
2010 02 05 07 45 00 1 3718.022
2010 02 05 08 00 00 1 3718.064
2010 02 05 08 15 00 1 3718.103
2010 02 05 08 30 00 1 3718.137
2010 02 05 08 45 00 1 3718.166
2010 02 05 09 00 00 1 3718.190
2010 02 05 09 15 00 1 3718.212
2010 02 05 09 30 00 1 3718.223
2010 02 05 09 45 00 1 3718.229
2010 02 05 10 00 00 1 3718.227
2010 02 05 10 15 00 1 3718.220
2010 02 05 10 30 00 1 3718.208
2010 02 05 10 45 00 1 3718.189
2010 02 05 11 00 00 1 3718.165
2010 02 05 11 15 00 1 3718.133
2010 02 05 11 30 00 1 3718.096
2010 02 05 11 45 00 1 3718.056
2010 02 05 12 00 00 1 3718.008
2010 02 05 12 15 00 1 3717.961
2010 02 05 12 30 00 1 3717.906
2010 02 05 12 45 00 1 3717.850
2010 02 05 13 00 00 1 3717.793
2010 02 05 13 15 00 1 3717.735
2010 02 05 13 30 00 1 3717.671
2010 02 05 13 45 00 1 3717.609
2010 02 05 14 00 00 1 3717.548
2010 02 05 14 15 00 1 3717.488
2010 02 05 14 30 00 1 3717.435
2010 02 05 14 45 00 1 3717.382
2010 02 05 15 00 00 1 3717.331
2010 02 05 15 15 00 1 3717.283
2010 02 05 15 30 00 1 3717.242
2010 02 05 15 45 00 1 3717.206
2010 02 05 16 00 00 1 3717.174
2010 02 05 16 15 00 1 3717.149
2010 02 05 16 30 00 1 3717.126
2010 02 05 16 45 00 1 3717.112
2010 02 05 17 00 00 1 3717.102
2010 02 05 17 15 00 1 3717.095
2010 02 05 17 30 00 1 3717.090
2010 02 05 17 45 00 1 3717.093
2010 02 05 18 00 00 1 3717.097
2010 02 05 18 15 00 1 3717.105
2010 02 05 18 30 00 1 3717.119
2010 02 05 18 45 00 1 3717.136
2010 02 05 19 00 00 1 3717.153
2010 02 05 19 15 00 1 3717.175
2010 02 05 19 30 00 1 3717.195
2010 02 05 19 45 00 1 3717.221
2010 02 05 20 00 00 1 3717.248
2010 02 05 20 15 00 1 3717.277
2010 02 05 20 30 00 1 3717.304
2010 02 05 20 45 00 1 3717.329
2010 02 05 21 00 00 1 3717.351
2010 02 05 21 15 00 1 3717.378
2010 02 05 21 30 00 1 3717.399
2010 02 05 21 45 00 1 3717.421
2010 02 05 22 00 00 1 3717.441
2010 02 05 22 15 00 1 3717.457
2010 02 05 22 30 00 1 3717.472
2010 02 05 22 45 00 1 3717.484
2010 02 05 23 00 00 1 3717.496
2010 02 05 23 15 00 1 3717.504
2010 02 05 23 30 00 1 3717.510
2010 02 05 23 45 00 1 3717.510
2010 02 06 00 00 00 1 3717.507
2010 02 06 00 15 00 1 3717.506
2010 02 06 00 30 00 1 3717.499
2010 02 06 00 45 00 1 3717.492
2010 02 06 01 00 00 1 3717.483
2010 02 06 01 15 00 1 3717.476
2010 02 06 01 30 00 1 3717.463
2010 02 06 01 45 00 1 3717.453
2010 02 06 02 00 00 1 3717.442
2010 02 06 02 15 00 1 3717.434
2010 02 06 02 30 00 1 3717.426
2010 02 06 02 45 00 1 3717.422
2010 02 06 03 00 00 1 3717.417
2010 02 06 03 15 00 1 3717.416
2010 02 06 03 30 00 1 3717.416
2010 02 06 03 45 00 1 3717.420
2010 02 06 04 00 00 1 3717.426
2010 02 06 04 15 00 1 3717.438
2010 02 06 04 30 00 1 3717.449
2010 02 06 04 45 00 1 3717.462
2010 02 06 05 00 00 1 3717.481
2010 02 06 05 15 00 1 3717.500
2010 02 06 05 30 00 1 3717.525
2010 02 06 05 45 00 1 3717.553
2010 02 06 06 00 00 1 3717.582
2010 02 06 06 15 00 1 3717.617
2010 02 06 06 30 00 1 3717.651
2010 02 06 06 45 00 1 3717.688
2010 02 06 07 00 00 1 3717.725
2010 02 06 07 15 00 1 3717.768
2010 02 06 07 30 00 1 3717.813
2010 02 06 07 45 00 1 3717.857
2010 02 06 08 00 00 1 3717.898
2010 02 06 08 15 00 1 3717.939
2010 02 06 08 30 00 1 3717.979
2010 02 06 08 45 00 1 3718.016
2010 02 06 09 00 00 1 3718.050
2010 02 06 09 15 00 1 3718.081
2010 02 06 09 30 00 1 3718.108
2010 02 06 09 45 00 1 3718.135
2010 02 06 10 00 00 1 3718.158
2010 02 06 10 15 00 1 3718.175
2010 02 06 10 30 00 1 3718.190
2010 02 06 10 45 00 1 3718.197
2010 02 06 11 00 00 1 3718.202
2010 02 06 11 15 00 1 3718.201
2010 02 06 11 30 00 1 3718.196
2010 02 06 11 45 00 1 3718.184
2010 02 06 12 00 00 1 3718.166
2010 02 06 12 15 00 1 3718.139
2010 02 06 12 30 00 1 3718.108
2010 02 06 12 45 00 1 3718.072
2010 02 06 13 00 00 1 3718.033
2010 02 06 13 15 00 1 3717.989
2010 02 06 13 30 00 1 3717.938
2010 02 06 13 45 00 1 3717.884
2010 02 06 14 00 00 1 3717.828
2010 02 06 14 15 00 1 3717.772
2010 02 06 14 30 00 1 3717.713
2010 02 06 14 45 00 1 3717.652
2010 02 06 15 00 00 1 3717.592
2010 02 06 15 15 00 1 3717.526
2010 02 06 15 30 00 1 3717.467
2010 02 06 15 45 00 1 3717.408
2010 02 06 16 00 00 1 3717.354
2010 02 06 16 15 00 1 3717.303
2010 02 06 16 30 00 1 3717.253
2010 02 06 16 45 00 1 3717.208
2010 02 06 17 00 00 1 3717.165
2010 02 06 17 15 00 1 3717.129
2010 02 06 17 30 00 1 3717.096
2010 02 06 17 45 00 1 3717.064
2010 02 06 18 00 00 1 3717.038
2010 02 06 18 15 00 1 3717.015
2010 02 06 18 30 00 1 3716.998
2010 02 06 18 45 00 1 3716.986
2010 02 06 19 00 00 1 3716.981
2010 02 06 19 15 00 1 3716.980
2010 02 06 19 30 00 1 3716.981
2010 02 06 19 45 00 1 3716.987
2010 02 06 20 00 00 1 3717.000
2010 02 06 20 15 00 1 3717.015
2010 02 06 20 30 00 1 3717.037
2010 02 06 20 45 00 1 3717.064
2010 02 06 21 00 00 1 3717.091
2010 02 06 21 15 00 1 3717.120
2010 02 06 21 30 00 1 3717.149
2010 02 06 21 45 00 1 3717.180
2010 02 06 22 00 00 1 3717.215
2010 02 06 22 15 00 1 3717.250
2010 02 06 22 30 00 1 3717.283
2010 02 06 22 45 00 1 3717.319
2010 02 06 23 00 00 1 3717.355
2010 02 06 23 15 00 1 3717.384
2010 02 06 23 30 00 1 3717.414
2010 02 06 23 45 00 1 3717.439
2010 02 07 00 00 00 1 3717.463
2010 02 07 00 15 00 1 3717.487
2010 02 07 00 30 00 1 3717.506
2010 02 07 00 45 00 1 3717.523
2010 02 07 01 00 00 1 3717.538
2010 02 07 01 15 00 1 3717.548
2010 02 07 01 30 00 1 3717.555
2010 02 07 01 45 00 1 3717.562
2010 02 07 02 00 00 1 3717.566
2010 02 07 02 15 00 1 3717.566
2010 02 07 02 30 00 1 3717.567
2010 02 07 02 45 00 1 3717.564
2010 02 07 03 00 00 1 3717.560
2010 02 07 03 15 00 1 3717.558
2010 02 07 03 30 00 1 3717.551
2010 02 07 03 45 00 1 3717.547
2010 02 07 04 00 00 1 3717.541
2010 02 07 04 15 00 1 3717.537
2010 02 07 04 30 00 1 3717.534
2010 02 07 04 45 00 1 3717.533
2010 02 07 05 00 00 1 3717.532
2010 02 07 05 15 00 1 3717.533
2010 02 07 05 30 00 1 3717.538
2010 02 07 05 45 00 1 3717.542
2010 02 07 06 00 00 1 3717.548
2010 02 07 06 15 00 1 3717.559
2010 02 07 06 30 00 1 3717.573
2010 02 07 06 45 00 1 3717.589
2010 02 07 07 00 00 1 3717.609
2010 02 07 07 15 00 1 3717.633
2010 02 07 07 30 00 1 3717.658
2010 02 07 07 45 00 1 3717.686
2010 02 07 08 00 00 1 3717.720
2010 02 07 08 15 00 1 3717.756
2010 02 07 08 30 00 1 3717.792
2010 02 07 08 45 00 1 3717.831
2010 02 07 09 00 00 1 3717.867
2010 02 07 09 15 00 1 3717.905
2010 02 07 09 30 00 1 3717.944
2010 02 07 09 45 00 1 3717.981
2010 02 07 10 00 00 1 3718.018
2010 02 07 10 15 00 1 3718.054
2010 02 07 10 30 00 1 3718.086
2010 02 07 10 45 00 1 3718.114
2010 02 07 11 00 00 1 3718.140
2010 02 07 11 15 00 1 3718.161
2010 02 07 11 30 00 1 3718.180
2010 02 07 11 45 00 1 3718.190
2010 02 07 12 00 00 1 3718.199
2010 02 07 12 15 00 1 3718.200
2010 02 07 12 30 00 1 3718.201
2010 02 07 12 45 00 1 3718.192
2010 02 07 13 00 00 1 3718.177
2010 02 07 13 15 00 1 3718.157
2010 02 07 13 30 00 1 3718.129
2010 02 07 13 45 00 1 3718.097
2010 02 07 14 00 00 1 3718.057
2010 02 07 14 15 00 1 3718.012
2010 02 07 14 30 00 1 3717.963
2010 02 07 14 45 00 1 3717.910
2010 02 07 15 00 00 1 3717.850
2010 02 07 15 15 00 1 3717.790
2010 02 07 15 30 00 1 3717.729
2010 02 07 15 45 00 1 3717.666
2010 02 07 16 00 00 1 3717.595
2010 02 07 16 15 00 1 3717.527
2010 02 07 16 30 00 1 3717.460
2010 02 07 16 45 00 1 3717.393
2010 02 07 17 00 00 1 3717.329
2010 02 07 17 15 00 1 3717.267
2010 02 07 17 30 00 1 3717.206
2010 02 07 17 45 00 1 3717.151
2010 02 07 18 00 00 1 3717.096
2010 02 07 18 15 00 1 3717.048
2010 02 07 18 30 00 1 3717.007
2010 02 07 18 45 00 1 3716.966
2010 02 07 19 00 00 1 3716.927
2010 02 07 19 15 00 1 3716.895
2010 02 07 19 30 00 1 3716.870
2010 02 07 19 45 00 1 3716.850
2010 02 07 20 00 00 1 3716.840
2010 02 07 20 15 00 1 3716.835
2010 02 07 20 30 00 1 3716.835
2010 02 07 20 45 00 1 3716.845
2010 02 07 21 00 00 1 3716.860
2010 02 07 21 15 00 1 3716.882
2010 02 07 21 30 00 1 3716.906
2010 02 07 21 45 00 1 3716.932
2010 02 07 22 00 00 1 3716.966
2010 02 07 22 15 00 1 3717.003
2010 02 07 22 30 00 1 3717.044
2010 02 07 22 45 00 1 3717.087
2010 02 07 23 00 00 1 3717.134
2010 02 07 23 15 00 1 3717.181
2010 02 07 23 30 00 1 3717.230
2010 02 07 23 45 00 1 3717.278
2010 02 08 00 00 00 1 3717.328
2010 02 08 00 15 00 1 3717.374
2010 02 08 00 30 00 1 3717.418
2010 02 08 00 45 00 1 3717.458
2010 02 08 01 00 00 1 3717.499
2010 02 08 01 15 00 1 3717.536
2010 02 08 01 30 00 1 3717.565
2010 02 08 01 45 00 1 3717.594
2010 02 08 02 00 00 1 3717.614
2010 02 08 02 15 00 1 3717.630
2010 02 08 02 30 00 1 3717.645
2010 02 08 02 45 00 1 3717.653
2010 02 08 03 00 00 1 3717.656
2010 02 08 03 15 00 1 3717.663
2010 02 08 03 30 00 1 3717.660
2010 02 08 03 45 00 1 3717.657
2010 02 08 04 00 00 1 3717.650
2010 02 08 04 15 00 1 3717.643
2010 02 08 04 30 00 1 3717.634
2010 02 08 04 45 00 1 3717.627
2010 02 08 05 00 00 1 3717.613
2010 02 08 05 15 00 1 3717.600
2010 02 08 05 30 00 1 3717.590
2010 02 08 05 45 00 1 3717.582
2010 02 08 06 00 00 1 3717.573
2010 02 08 06 15 00 1 3717.566
2010 02 08 06 30 00 1 3717.564
2010 02 08 06 45 00 1 3717.564
2010 02 08 07 00 00 1 3717.568
2010 02 08 07 15 00 1 3717.576
2010 02 08 07 30 00 1 3717.589
2010 02 08 07 45 00 1 3717.603
2010 02 08 08 00 00 1 3717.622
2010 02 08 08 15 00 1 3717.643
2010 02 08 08 30 00 1 3717.671
2010 02 08 08 45 00 1 3717.698
2010 02 08 09 00 00 1 3717.730
2010 02 08 09 15 00 1 3717.764
2010 02 08 09 30 00 1 3717.802
2010 02 08 09 45 00 1 3717.842
2010 02 08 10 00 00 1 3717.881
2010 02 08 10 15 00 1 3717.922
2010 02 08 10 30 00 1 3717.963
2010 02 08 10 45 00 1 3718.007
2010 02 08 11 00 00 1 3718.044
2010 02 08 11 15 00 1 3718.084
2010 02 08 11 30 00 1 3718.121
2010 02 08 11 45 00 1 3718.156
2010 02 08 12 00 00 1 3718.187
2010 02 08 12 15 00 1 3718.215
2010 02 08 12 30 00 1 3718.235
2010 02 08 12 45 00 1 3718.248
2010 02 08 13 00 00 1 3718.260
2010 02 08 13 15 00 1 3718.260
2010 02 08 13 30 00 1 3718.257
2010 02 08 13 45 00 1 3718.250
2010 02 08 14 00 00 1 3718.235
2010 02 08 14 15 00 1 3718.215
2010 02 08 14 30 00 1 3718.187
2010 02 08 14 45 00 1 3718.148
2010 02 08 15 00 00 1 3718.109
2010 02 08 15 15 00 1 3718.060
2010 02 08 15 30 00 1 3718.005
2010 02 08 15 45 00 1 3717.945
2010 02 08 16 00 00 1 3717.880
2010 02 08 16 15 00 1 3717.809
2010 02 08 16 30 00 1 3717.734
2010 02 08 16 45 00 1 3717.659
2010 02 08 17 00 00 1 3717.584
2010 02 08 17 15 00 1 3717.505
2010 02 08 17 30 00 1 3717.428
2010 02 08 17 45 00 1 3717.354
2010 02 08 18 00 00 1 3717.280
2010 02 08 18 15 00 1 3717.207
2010 02 08 18 30 00 1 3717.138
2010 02 08 18 45 00 1 3717.073
2010 02 08 19 00 00 1 3717.008
2010 02 08 19 15 00 1 3716.952
2010 02 08 19 30 00 1 3716.900
2010 02 08 19 45 00 1 3716.854
2010 02 08 20 00 00 1 3716.815
2010 02 08 20 15 00 1 3716.783
2010 02 08 20 30 00 1 3716.760
2010 02 08 20 45 00 1 3716.744
2010 02 08 21 00 00 1 3716.737
2010 02 08 21 15 00 1 3716.739
2010 02 08 21 30 00 1 3716.749
2010 02 08 21 45 00 1 3716.766
2010 02 08 22 00 00 1 3716.791
2010 02 08 22 15 00 1 3716.822
2010 02 08 22 30 00 1 3716.857
2010 02 08 22 45 00 1 3716.901
2010 02 08 23 00 00 1 3716.945
2010 02 08 23 15 00 1 3716.997
2010 02 08 23 30 00 1 3717.049
2010 02 08 23 45 00 1 3717.101
2010 02 09 00 00 00 1 3717.159
2010 02 09 00 15 00 1 3717.216
2010 02 09 00 30 00 1 3717.275
2010 02 09 00 45 00 1 3717.332
2010 02 09 01 00 00 1 3717.389
2010 02 09 01 15 00 1 3717.443
2010 02 09 01 30 00 1 3717.493
2010 02 09 01 45 00 1 3717.540
2010 02 09 02 00 00 1 3717.580
2010 02 09 02 15 00 1 3717.619
2010 02 09 02 30 00 1 3717.648
2010 02 09 02 45 00 1 3717.675
2010 02 09 03 00 00 1 3717.693
2010 02 09 03 15 00 1 3717.709
2010 02 09 03 30 00 1 3717.719
2010 02 09 03 45 00 1 3717.721
2010 02 09 04 00 00 1 3717.725
2010 02 09 04 15 00 1 3717.721
2010 02 09 04 30 00 1 3717.712
2010 02 09 04 45 00 1 3717.702
2010 02 09 05 00 00 1 3717.688
2010 02 09 05 15 00 1 3717.675
2010 02 09 05 30 00 1 3717.656
2010 02 09 05 45 00 1 3717.636
2010 02 09 06 00 00 1 3717.616
2010 02 09 06 15 00 1 3717.597
2010 02 09 06 30 00 1 3717.579
2010 02 09 06 45 00 1 3717.563
2010 02 09 07 00 00 1 3717.552
2010 02 09 07 15 00 1 3717.540
2010 02 09 07 30 00 1 3717.534
2010 02 09 07 45 00 1 3717.530
2010 02 09 08 00 00 1 3717.532
2010 02 09 08 15 00 1 3717.538
2010 02 09 08 30 00 1 3717.547
2010 02 09 08 45 00 1 3717.564
2010 02 09 09 00 00 1 3717.588
2010 02 09 09 15 00 1 3717.614
2010 02 09 09 30 00 1 3717.645
2010 02 09 09 45 00 1 3717.682
2010 02 09 10 00 00 1 3717.720
2010 02 09 10 15 00 1 3717.763
2010 02 09 10 30 00 1 3717.806
2010 02 09 10 45 00 1 3717.852
2010 02 09 11 00 00 1 3717.894
2010 02 09 11 15 00 1 3717.943
2010 02 09 11 30 00 1 3717.989
2010 02 09 11 45 00 1 3718.039
2010 02 09 12 00 00 1 3718.087
2010 02 09 12 15 00 1 3718.131
2010 02 09 12 30 00 1 3718.172
2010 02 09 12 45 00 1 3718.212
2010 02 09 13 00 00 1 3718.244
2010 02 09 13 15 00 1 3718.275
2010 02 09 13 30 00 1 3718.299
2010 02 09 13 45 00 1 3718.315
2010 02 09 14 00 00 1 3718.326
2010 02 09 14 15 00 1 3718.328
2010 02 09 14 30 00 1 3718.321
2010 02 09 14 45 00 1 3718.305
2010 02 09 15 00 00 1 3718.289
2010 02 09 15 15 00 1 3718.261
2010 02 09 15 30 00 1 3718.223
2010 02 09 15 45 00 1 3718.178
2010 02 09 16 00 00 1 3718.122
2010 02 09 16 15 00 1 3718.062
2010 02 09 16 30 00 1 3717.995
2010 02 09 16 45 00 1 3717.925
2010 02 09 17 00 00 1 3717.847
2010 02 09 17 15 00 1 3717.767
2010 02 09 17 30 00 1 3717.685
2010 02 09 17 45 00 1 3717.600
2010 02 09 18 00 00 1 3717.511
2010 02 09 18 15 00 1 3717.425
2010 02 09 18 30 00 1 3717.338
2010 02 09 18 45 00 1 3717.250
2010 02 09 19 00 00 1 3717.169
2010 02 09 19 15 00 1 3717.088
2010 02 09 19 30 00 1 3717.012
2010 02 09 19 45 00 1 3716.943
2010 02 09 20 00 00 1 3716.882
2010 02 09 20 15 00 1 3716.831
2010 02 09 20 30 00 1 3716.786
2010 02 09 20 45 00 1 3716.747
2010 02 09 21 00 00 1 3716.717
2010 02 09 21 15 00 1 3716.697
2010 02 09 21 30 00 1 3716.686
2010 02 09 21 45 00 1 3716.687
2010 02 09 22 00 00 1 3716.694
2010 02 09 22 15 00 1 3716.708
2010 02 09 22 30 00 1 3716.730
2010 02 09 22 45 00 1 3716.762
2010 02 09 23 00 00 1 3716.802
2010 02 09 23 15 00 1 3716.846
2010 02 09 23 30 00 1 3716.895
2010 02 09 23 45 00 1 3716.950
2010 02 10 00 00 00 1 3717.008
2010 02 10 00 15 00 1 3717.068
2010 02 10 00 30 00 1 3717.133
2010 02 10 00 45 00 1 3717.199
2010 02 10 01 00 00 1 3717.265
2010 02 10 01 15 00 1 3717.330
2010 02 10 01 30 00 1 3717.393
2010 02 10 01 45 00 1 3717.454
2010 02 10 02 00 00 1 3717.509
2010 02 10 02 15 00 1 3717.562
2010 02 10 02 30 00 1 3717.608
2010 02 10 02 45 00 1 3717.649
2010 02 10 03 00 00 1 3717.682
2010 02 10 03 15 00 1 3717.713
2010 02 10 03 30 00 1 3717.733
2010 02 10 03 45 00 1 3717.750
2010 02 10 04 00 00 1 3717.760
2010 02 10 04 15 00 1 3717.764
2010 02 10 04 30 00 1 3717.763
2010 02 10 04 45 00 1 3717.756
2010 02 10 05 00 00 1 3717.742
2010 02 10 05 15 00 1 3717.727
2010 02 10 05 30 00 1 3717.703
2010 02 10 05 45 00 1 3717.680
2010 02 10 06 00 00 1 3717.655
2010 02 10 06 15 00 1 3717.626
2010 02 10 06 30 00 1 3717.599
2010 02 10 06 45 00 1 3717.573
2010 02 10 07 00 00 1 3717.547
2010 02 10 07 15 00 1 3717.531
2010 02 10 07 30 00 1 3717.512
2010 02 10 07 45 00 1 3717.493
2010 02 10 08 00 00 1 3717.481
2010 02 10 08 15 00 1 3717.472
2010 02 10 08 30 00 1 3717.470
2010 02 10 08 45 00 1 3717.473
2010 02 10 09 00 00 1 3717.477
2010 02 10 09 15 00 1 3717.488
2010 02 10 09 30 00 1 3717.504
2010 02 10 09 45 00 1 3717.527
2010 02 10 10 00 00 1 3717.556
2010 02 10 10 15 00 1 3717.591
2010 02 10 10 30 00 1 3717.627
2010 02 10 10 45 00 1 3717.670
2010 02 10 11 00 00 1 3717.720
2010 02 10 11 15 00 1 3717.769
2010 02 10 11 30 00 1 3717.824
2010 02 10 11 45 00 1 3717.876
2010 02 10 12 00 00 1 3717.933
2010 02 10 12 15 00 1 3717.987
2010 02 10 12 30 00 1 3718.040
2010 02 10 12 45 00 1 3718.091
2010 02 10 13 00 00 1 3718.139
2010 02 10 13 15 00 1 3718.184
2010 02 10 13 30 00 1 3718.229
2010 02 10 13 45 00 1 3718.267
2010 02 10 14 00 00 1 3718.297
2010 02 10 14 15 00 1 3718.323
2010 02 10 14 30 00 1 3718.339
2010 02 10 14 45 00 1 3718.350
2010 02 10 15 00 00 1 3718.352
2010 02 10 15 15 00 1 3718.342
2010 02 10 15 30 00 1 3718.325
2010 02 10 15 45 00 1 3718.297
2010 02 10 16 00 00 1 3718.262
2010 02 10 16 15 00 1 3718.219
2010 02 10 16 30 00 1 3718.168
2010 02 10 16 45 00 1 3718.108
2010 02 10 17 00 00 1 3718.040
2010 02 10 17 15 00 1 3717.965
2010 02 10 17 30 00 1 3717.887
2010 02 10 17 45 00 1 3717.804
2010 02 10 18 00 00 1 3717.718
2010 02 10 18 15 00 1 3717.626
2010 02 10 18 30 00 1 3717.530
2010 02 10 18 45 00 1 3717.435
2010 02 10 19 00 00 1 3717.344
2010 02 10 19 15 00 1 3717.256
2010 02 10 19 30 00 1 3717.169
2010 02 10 19 45 00 1 3717.083
2010 02 10 20 00 00 1 3717.002
2010 02 10 20 15 00 1 3716.929
2010 02 10 20 30 00 1 3716.864
2010 02 10 20 45 00 1 3716.805
2010 02 10 21 00 00 1 3716.752
2010 02 10 21 15 00 1 3716.709
2010 02 10 21 30 00 1 3716.678
2010 02 10 21 45 00 1 3716.657
2010 02 10 22 00 00 1 3716.641
2010 02 10 22 15 00 1 3716.640
2010 02 10 22 30 00 1 3716.647
2010 02 10 22 45 00 1 3716.664
2010 02 10 23 00 00 1 3716.687
2010 02 10 23 15 00 1 3716.715
2010 02 10 23 30 00 1 3716.753
2010 02 10 23 45 00 1 3716.799
2010 02 11 00 00 00 1 3716.853
2010 02 11 00 15 00 1 3716.913
2010 02 11 00 30 00 1 3716.975
2010 02 11 00 45 00 1 3717.040
2010 02 11 01 00 00 1 3717.112
2010 02 11 01 15 00 1 3717.186
2010 02 11 01 30 00 1 3717.257
2010 02 11 01 45 00 1 3717.328
2010 02 11 02 00 00 1 3717.393
2010 02 11 02 15 00 1 3717.455
2010 02 11 02 30 00 1 3717.517
2010 02 11 02 45 00 1 3717.573
2010 02 11 03 00 00 1 3717.619
2010 02 11 03 15 00 1 3717.662
2010 02 11 03 30 00 1 3717.696
2010 02 11 03 45 00 1 3717.723
2010 02 11 04 00 00 1 3717.747
2010 02 11 04 15 00 1 3717.764
2010 02 11 04 30 00 1 3717.771
2010 02 11 04 45 00 1 3717.773
2010 02 11 05 00 00 1 3717.768
2010 02 11 05 15 00 1 3717.760
2010 02 11 05 30 00 1 3717.740
2010 02 11 05 45 00 1 3717.720
2010 02 11 06 00 00 1 3717.692
2010 02 11 06 15 00 1 3717.666
2010 02 11 06 30 00 1 3717.637
2010 02 11 06 45 00 1 3717.608
2010 02 11 07 00 00 1 3717.576
2010 02 11 07 15 00 1 3717.543
2010 02 11 07 30 00 1 3717.513
2010 02 11 07 45 00 1 3717.485
2010 02 11 08 00 00 1 3717.459
2010 02 11 08 15 00 1 3717.436
2010 02 11 08 30 00 1 3717.418
2010 02 11 08 45 00 1 3717.404
2010 02 11 09 00 00 1 3717.399
2010 02 11 09 15 00 1 3717.395
2010 02 11 09 30 00 1 3717.400
2010 02 11 09 45 00 1 3717.411
2010 02 11 10 00 00 1 3717.425
2010 02 11 10 15 00 1 3717.447
2010 02 11 10 30 00 1 3717.475
2010 02 11 10 45 00 1 3717.512
2010 02 11 11 00 00 1 3717.553
2010 02 11 11 15 00 1 3717.598
2010 02 11 11 30 00 1 3717.647
2010 02 11 11 45 00 1 3717.699
2010 02 11 12 00 00 1 3717.756
2010 02 11 12 15 00 1 3717.818
2010 02 11 12 30 00 1 3717.883
2010 02 11 12 45 00 1 3717.943
2010 02 11 13 00 00 1 3718.005
2010 02 11 13 15 00 1 3718.063
2010 02 11 13 30 00 1 3718.121
2010 02 11 13 45 00 1 3718.175
2010 02 11 14 00 00 1 3718.220
2010 02 11 14 15 00 1 3718.263
2010 02 11 14 30 00 1 3718.298
2010 02 11 14 45 00 1 3718.327
2010 02 11 15 00 00 1 3718.348
2010 02 11 15 15 00 1 3718.361
2010 02 11 15 30 00 1 3718.364
2010 02 11 15 45 00 1 3718.360
2010 02 11 16 00 00 1 3718.347
2010 02 11 16 15 00 1 3718.322
2010 02 11 16 30 00 1 3718.289
2010 02 11 16 45 00 1 3718.242
2010 02 11 17 00 00 1 3718.191
2010 02 11 17 15 00 1 3718.128
2010 02 11 17 30 00 1 3718.058
2010 02 11 17 45 00 1 3717.982
2010 02 11 18 00 00 1 3717.897
2010 02 11 18 15 00 1 3717.810
2010 02 11 18 30 00 1 3717.716
2010 02 11 18 45 00 1 3717.622
2010 02 11 19 00 00 1 3717.527
2010 02 11 19 15 00 1 3717.434
2010 02 11 19 30 00 1 3717.341
2010 02 11 19 45 00 1 3717.247
2010 02 11 20 00 00 1 3717.156
2010 02 11 20 15 00 1 3717.071
2010 02 11 20 30 00 1 3716.990
2010 02 11 20 45 00 1 3716.916
2010 02 11 21 00 00 1 3716.847
2010 02 11 21 15 00 1 3716.791
2010 02 11 21 30 00 1 3716.739
2010 02 11 21 45 00 1 3716.699
2010 02 11 22 00 00 1 3716.668
2010 02 11 22 15 00 1 3716.642
2010 02 11 22 30 00 1 3716.630
2010 02 11 22 45 00 1 3716.630
2010 02 11 23 00 00 1 3716.637
2010 02 11 23 15 00 1 3716.655
2010 02 11 23 30 00 1 3716.681
2010 02 11 23 45 00 1 3716.717
2010 02 12 00 00 00 1 3716.762
2010 02 12 00 15 00 1 3716.813
2010 02 12 00 30 00 1 3716.867
2010 02 12 00 45 00 1 3716.931
2010 02 12 01 00 00 1 3716.998
2010 02 12 01 15 00 1 3717.072
2010 02 12 01 30 00 1 3717.149
2010 02 12 01 45 00 1 3717.223
2010 02 12 02 00 00 1 3717.295
2010 02 12 02 15 00 1 3717.367
2010 02 12 02 30 00 1 3717.434
2010 02 12 02 45 00 1 3717.501
2010 02 12 03 00 00 1 3717.562
2010 02 12 03 15 00 1 3717.615
2010 02 12 03 30 00 1 3717.662
2010 02 12 03 45 00 1 3717.704
2010 02 12 04 00 00 1 3717.739
2010 02 12 04 15 00 1 3717.767
2010 02 12 04 30 00 1 3717.784
2010 02 12 04 45 00 1 3717.799
2010 02 12 05 00 00 1 3717.803
2010 02 12 05 15 00 1 3717.798
2010 02 12 05 30 00 1 3717.790
2010 02 12 05 45 00 1 3717.771
2010 02 12 06 00 00 1 3717.747
2010 02 12 06 15 00 1 3717.721
2010 02 12 06 30 00 1 3717.690
2010 02 12 06 45 00 1 3717.659
2010 02 12 07 00 00 1 3717.624
2010 02 12 07 15 00 1 3717.590
2010 02 12 07 30 00 1 3717.554
2010 02 12 07 45 00 1 3717.517
2010 02 12 08 00 00 1 3717.481
2010 02 12 08 15 00 1 3717.452
2010 02 12 08 30 00 1 3717.424
2010 02 12 08 45 00 1 3717.399
2010 02 12 09 00 00 1 3717.375
2010 02 12 09 15 00 1 3717.357
2010 02 12 09 30 00 1 3717.348
2010 02 12 09 45 00 1 3717.346
2010 02 12 10 00 00 1 3717.348
2010 02 12 10 15 00 1 3717.358
2010 02 12 10 30 00 1 3717.373
2010 02 12 10 45 00 1 3717.396
2010 02 12 11 00 00 1 3717.424
2010 02 12 11 15 00 1 3717.459
2010 02 12 11 30 00 1 3717.501
2010 02 12 11 45 00 1 3717.548
2010 02 12 12 00 00 1 3717.600
2010 02 12 12 15 00 1 3717.655
2010 02 12 12 30 00 1 3717.713
2010 02 12 12 45 00 1 3717.772
2010 02 12 13 00 00 1 3717.838
2010 02 12 13 15 00 1 3717.902
2010 02 12 13 30 00 1 3717.969
2010 02 12 13 45 00 1 3718.029
2010 02 12 14 00 00 1 3718.089
2010 02 12 14 15 00 1 3718.144
2010 02 12 14 30 00 1 3718.198
2010 02 12 14 45 00 1 3718.244
2010 02 12 15 00 00 1 3718.282
2010 02 12 15 15 00 1 3718.309
2010 02 12 15 30 00 1 3718.332
2010 02 12 15 45 00 1 3718.343
2010 02 12 16 00 00 1 3718.348
2010 02 12 16 15 00 1 3718.338
2010 02 12 16 30 00 1 3718.326
2010 02 12 16 45 00 1 3718.303
2010 02 12 17 00 00 1 3718.272
2010 02 12 17 15 00 1 3718.229
2010 02 12 17 30 00 1 3718.179
2010 02 12 17 45 00 1 3718.118
2010 02 12 18 00 00 1 3718.049
2010 02 12 18 15 00 1 3717.975
2010 02 12 18 30 00 1 3717.890
2010 02 12 18 45 00 1 3717.801
2010 02 12 19 00 00 1 3717.709
2010 02 12 19 15 00 1 3717.612
2010 02 12 19 30 00 1 3717.515
2010 02 12 19 45 00 1 3717.419
2010 02 12 20 00 00 1 3717.322
2010 02 12 20 15 00 1 3717.228
2010 02 12 20 30 00 1 3717.138
2010 02 12 20 45 00 1 3717.053
2010 02 12 21 00 00 1 3716.973
2010 02 12 21 15 00 1 3716.900
2010 02 12 21 30 00 1 3716.835
2010 02 12 21 45 00 1 3716.778
2010 02 12 22 00 00 1 3716.731
2010 02 12 22 15 00 1 3716.694
2010 02 12 22 30 00 1 3716.666
2010 02 12 22 45 00 1 3716.652
2010 02 12 23 00 00 1 3716.646
2010 02 12 23 15 00 1 3716.650
2010 02 12 23 30 00 1 3716.663
2010 02 12 23 45 00 1 3716.684
2010 02 13 00 00 00 1 3716.712
2010 02 13 00 15 00 1 3716.754
2010 02 13 00 30 00 1 3716.801
2010 02 13 00 45 00 1 3716.852
2010 02 13 01 00 00 1 3716.915
2010 02 13 01 15 00 1 3716.983
2010 02 13 01 30 00 1 3717.053
2010 02 13 01 45 00 1 3717.127
2010 02 13 02 00 00 1 3717.203
2010 02 13 02 15 00 1 3717.274
2010 02 13 02 30 00 1 3717.345
2010 02 13 02 45 00 1 3717.417
2010 02 13 03 00 00 1 3717.487
2010 02 13 03 15 00 1 3717.548
2010 02 13 03 30 00 1 3717.609
2010 02 13 03 45 00 1 3717.656
2010 02 13 04 00 00 1 3717.708
2010 02 13 04 15 00 1 3717.747
2010 02 13 04 30 00 1 3717.782
2010 02 13 04 45 00 1 3717.807
2010 02 13 05 00 00 1 3717.821
2010 02 13 05 15 00 1 3717.832
2010 02 13 05 30 00 1 3717.831
2010 02 13 05 45 00 1 3717.824
2010 02 13 06 00 00 1 3717.808
2010 02 13 06 15 00 1 3717.785
2010 02 13 06 30 00 1 3717.759
2010 02 13 06 45 00 1 3717.729
2010 02 13 07 00 00 1 3717.693
2010 02 13 07 15 00 1 3717.655
2010 02 13 07 30 00 1 3717.615
2010 02 13 07 45 00 1 3717.574
2010 02 13 08 00 00 1 3717.532
2010 02 13 08 15 00 1 3717.489
2010 02 13 08 30 00 1 3717.448
2010 02 13 08 45 00 1 3717.409
2010 02 13 09 00 00 1 3717.376
2010 02 13 09 15 00 1 3717.346
2010 02 13 09 30 00 1 3717.323
2010 02 13 09 45 00 1 3717.305
2010 02 13 10 00 00 1 3717.290
2010 02 13 10 15 00 1 3717.284
2010 02 13 10 30 00 1 3717.286
2010 02 13 10 45 00 1 3717.295
2010 02 13 11 00 00 1 3717.309
2010 02 13 11 15 00 1 3717.331
2010 02 13 11 30 00 1 3717.360
2010 02 13 11 45 00 1 3717.401
2010 02 13 12 00 00 1 3717.441
2010 02 13 12 15 00 1 3717.495
2010 02 13 12 30 00 1 3717.545
2010 02 13 12 45 00 1 3717.606
2010 02 13 13 00 00 1 3717.668
2010 02 13 13 15 00 1 3717.729
2010 02 13 13 30 00 1 3717.794
2010 02 13 13 45 00 1 3717.860
2010 02 13 14 00 00 1 3717.926
2010 02 13 14 15 00 1 3717.994
2010 02 13 14 30 00 1 3718.057
2010 02 13 14 45 00 1 3718.117
2010 02 13 15 00 00 1 3718.171
2010 02 13 15 15 00 1 3718.219
2010 02 13 15 30 00 1 3718.259
2010 02 13 15 45 00 1 3718.293
2010 02 13 16 00 00 1 3718.318
2010 02 13 16 15 00 1 3718.329
2010 02 13 16 30 00 1 3718.336
2010 02 13 16 45 00 1 3718.337
2010 02 13 17 00 00 1 3718.320
2010 02 13 17 15 00 1 3718.293
2010 02 13 17 30 00 1 3718.262
2010 02 13 17 45 00 1 3718.216
2010 02 13 18 00 00 1 3718.164
2010 02 13 18 15 00 1 3718.101
2010 02 13 18 30 00 1 3718.032
2010 02 13 18 45 00 1 3717.954
2010 02 13 19 00 00 1 3717.871
2010 02 13 19 15 00 1 3717.784
2010 02 13 19 30 00 1 3717.688
2010 02 13 19 45 00 1 3717.593
2010 02 13 20 00 00 1 3717.501
2010 02 13 20 15 00 1 3717.402
2010 02 13 20 30 00 1 3717.311
2010 02 13 20 45 00 1 3717.220
2010 02 13 21 00 00 1 3717.136
2010 02 13 21 15 00 1 3717.053
2010 02 13 21 30 00 1 3716.981
2010 02 13 21 45 00 1 3716.907
2010 02 13 22 00 00 1 3716.847
2010 02 13 22 15 00 1 3716.800
2010 02 13 22 30 00 1 3716.754
2010 02 13 22 45 00 1 3716.724
2010 02 13 23 00 00 1 3716.702
2010 02 13 23 15 00 1 3716.688
2010 02 13 23 30 00 1 3716.679
2010 02 13 23 45 00 1 3716.688
2010 02 14 00 00 00 1 3716.706
2010 02 14 00 15 00 1 3716.729
2010 02 14 00 30 00 1 3716.765
2010 02 14 00 45 00 1 3716.807
2010 02 14 01 00 00 1 3716.858
2010 02 14 01 15 00 1 3716.914
2010 02 14 01 30 00 1 3716.978
2010 02 14 01 45 00 1 3717.046
2010 02 14 02 00 00 1 3717.113
2010 02 14 02 15 00 1 3717.195
2010 02 14 02 30 00 1 3717.268
2010 02 14 02 45 00 1 3717.342
2010 02 14 03 00 00 1 3717.413
2010 02 14 03 15 00 1 3717.483
2010 02 14 03 30 00 1 3717.552
2010 02 14 03 45 00 1 3717.614
2010 02 14 04 00 00 1 3717.675
2010 02 14 04 15 00 1 3717.718
2010 02 14 04 30 00 1 3717.764
2010 02 14 04 45 00 1 3717.796
2010 02 14 05 00 00 1 3717.827
2010 02 14 05 15 00 1 3717.848
2010 02 14 05 30 00 1 3717.858
2010 02 14 05 45 00 1 3717.860
2010 02 14 06 00 00 1 3717.848
2010 02 14 06 15 00 1 3717.833
2010 02 14 06 30 00 1 3717.816
2010 02 14 06 45 00 1 3717.786
2010 02 14 07 00 00 1 3717.754
2010 02 14 07 15 00 1 3717.723
2010 02 14 07 30 00 1 3717.679
2010 02 14 07 45 00 1 3717.641
2010 02 14 08 00 00 1 3717.595
2010 02 14 08 15 00 1 3717.551
2010 02 14 08 30 00 1 3717.506
2010 02 14 08 45 00 1 3717.455
2010 02 14 09 00 00 1 3717.410
2010 02 14 09 15 00 1 3717.375
2010 02 14 09 30 00 1 3717.331
2010 02 14 09 45 00 1 3717.303
2010 02 14 10 00 00 1 3717.272
2010 02 14 10 15 00 1 3717.249
2010 02 14 10 30 00 1 3717.237
2010 02 14 10 45 00 1 3717.229
2010 02 14 11 00 00 1 3717.226
2010 02 14 11 15 00 1 3717.230
2010 02 14 11 30 00 1 3717.248
2010 02 14 11 45 00 1 3717.270
2010 02 14 12 00 00 1 3717.294
2010 02 14 12 15 00 1 3717.332
2010 02 14 12 30 00 1 3717.378
2010 02 14 12 45 00 1 3717.425
2010 02 14 13 00 00 1 3717.480
2010 02 14 13 15 00 1 3717.541
2010 02 14 13 30 00 1 3717.604
2010 02 14 13 45 00 1 3717.668
2010 02 14 14 00 00 1 3717.732
2010 02 14 14 15 00 1 3717.802
2010 02 14 14 30 00 1 3717.864
2010 02 14 14 45 00 1 3717.930
2010 02 14 15 00 00 1 3717.991
2010 02 14 15 15 00 1 3718.050
2010 02 14 15 30 00 1 3718.100
2010 02 14 15 45 00 1 3718.146
2010 02 14 16 00 00 1 3718.186
2010 02 14 16 15 00 1 3718.225
2010 02 14 16 30 00 1 3718.245
2010 02 14 16 45 00 1 3718.260
2010 02 14 17 00 00 1 3718.263
2010 02 14 17 15 00 1 3718.257
2010 02 14 17 30 00 1 3718.245
2010 02 14 17 45 00 1 3718.218
2010 02 14 18 00 00 1 3718.182
2010 02 14 18 15 00 1 3718.136
2010 02 14 18 30 00 1 3718.085
2010 02 14 18 45 00 1 3718.031
2010 02 14 19 00 00 1 3717.961
2010 02 14 19 15 00 1 3717.886
2010 02 14 19 30 00 1 3717.814
2010 02 14 19 45 00 1 3717.728
2010 02 14 20 00 00 1 3717.648
2010 02 14 20 15 00 1 3717.557
2010 02 14 20 30 00 1 3717.474
2010 02 14 20 45 00 1 3717.383
2010 02 14 21 00 00 1 3717.298
2010 02 14 21 15 00 1 3717.216
2010 02 14 21 30 00 1 3717.136
2010 02 14 21 45 00 1 3717.064
2010 02 14 22 00 00 1 3716.992
2010 02 14 22 15 00 1 3716.934
2010 02 14 22 30 00 1 3716.878
2010 02 14 22 45 00 1 3716.835
2010 02 14 23 00 00 1 3716.799
2010 02 14 23 15 00 1 3716.776
2010 02 14 23 30 00 1 3716.759
2010 02 14 23 45 00 1 3716.756
2010 02 15 00 00 00 1 3716.760
2010 02 15 00 15 00 1 3716.777
2010 02 15 00 30 00 1 3716.798
2010 02 15 00 45 00 1 3716.825
2010 02 15 01 00 00 1 3716.865
2010 02 15 01 15 00 1 3716.916
2010 02 15 01 30 00 1 3716.966
2010 02 15 01 45 00 1 3717.031
2010 02 15 02 00 00 1 3717.096
2010 02 15 02 15 00 1 3717.162
2010 02 15 02 30 00 1 3717.235
2010 02 15 02 45 00 1 3717.302
2010 02 15 03 00 00 1 3717.378
2010 02 15 03 15 00 1 3717.451
2010 02 15 03 30 00 1 3717.522
2010 02 15 03 45 00 1 3717.590
2010 02 15 04 00 00 1 3717.652
2010 02 15 04 15 00 1 3717.708
2010 02 15 04 30 00 1 3717.761
2010 02 15 04 45 00 1 3717.806
2010 02 15 05 00 00 1 3717.842
2010 02 15 05 15 00 1 3717.876
2010 02 15 05 30 00 1 3717.900
2010 02 15 05 45 00 1 3717.913
2010 02 15 06 00 00 1 3717.921
2010 02 15 06 15 00 1 3717.916
2010 02 15 06 30 00 1 3717.910
2010 02 15 06 45 00 1 3717.896
2010 02 15 07 00 00 1 3717.874
2010 02 15 07 15 00 1 3717.844
2010 02 15 07 30 00 1 3717.802
2010 02 15 07 45 00 1 3717.768
2010 02 15 08 00 00 1 3717.721
2010 02 15 08 15 00 1 3717.671
2010 02 15 08 30 00 1 3717.620
2010 02 15 08 45 00 1 3717.569
2010 02 15 09 00 00 1 3717.518
2010 02 15 09 15 00 1 3717.470
2010 02 15 09 30 00 1 3717.423
2010 02 15 09 45 00 1 3717.381
2010 02 15 10 00 00 1 3717.339
2010 02 15 10 15 00 1 3717.305
2010 02 15 10 30 00 1 3717.276
2010 02 15 10 45 00 1 3717.249
2010 02 15 11 00 00 1 3717.235
2010 02 15 11 15 00 1 3717.224
2010 02 15 11 30 00 1 3717.223
2010 02 15 11 45 00 1 3717.223
2010 02 15 12 00 00 1 3717.236
2010 02 15 12 15 00 1 3717.253
2010 02 15 12 30 00 1 3717.281
2010 02 15 12 45 00 1 3717.313
2010 02 15 13 00 00 1 3717.357
2010 02 15 13 15 00 1 3717.397
2010 02 15 13 30 00 1 3717.449
2010 02 15 13 45 00 1 3717.503
2010 02 15 14 00 00 1 3717.562
2010 02 15 14 15 00 1 3717.626
2010 02 15 14 30 00 1 3717.688
2010 02 15 14 45 00 1 3717.752
2010 02 15 15 00 00 1 3717.815
2010 02 15 15 15 00 1 3717.876
2010 02 15 15 30 00 1 3717.936
2010 02 15 15 45 00 1 3717.990
2010 02 15 16 00 00 1 3718.039
2010 02 15 16 15 00 1 3718.083
2010 02 15 16 30 00 1 3718.119
2010 02 15 16 45 00 1 3718.144
2010 02 15 17 00 00 1 3718.166
2010 02 15 17 15 00 1 3718.176
2010 02 15 17 30 00 1 3718.178
2010 02 15 17 45 00 1 3718.177
2010 02 15 18 00 00 1 3718.164
2010 02 15 18 15 00 1 3718.142
2010 02 15 18 30 00 1 3718.111
2010 02 15 18 45 00 1 3718.070
2010 02 15 19 00 00 1 3718.020
2010 02 15 19 15 00 1 3717.964
2010 02 15 19 30 00 1 3717.900
2010 02 15 19 45 00 1 3717.834
2010 02 15 20 00 00 1 3717.763
2010 02 15 20 15 00 1 3717.686
2010 02 15 20 30 00 1 3717.610
2010 02 15 20 45 00 1 3717.529
2010 02 15 21 00 00 1 3717.453
2010 02 15 21 15 00 1 3717.369
2010 02 15 21 30 00 1 3717.294
2010 02 15 21 45 00 1 3717.219
2010 02 15 22 00 00 1 3717.150
2010 02 15 22 15 00 1 3717.086
2010 02 15 22 30 00 1 3717.028
2010 02 15 22 45 00 1 3716.979
2010 02 15 23 00 00 1 3716.933
2010 02 15 23 15 00 1 3716.901
2010 02 15 23 30 00 1 3716.871
2010 02 15 23 45 00 1 3716.852
2010 02 16 00 00 00 1 3716.846
2010 02 16 00 15 00 1 3716.846
2010 02 16 00 30 00 1 3716.853
2010 02 16 00 45 00 1 3716.868
2010 02 16 01 00 00 1 3716.898
2010 02 16 01 15 00 1 3716.930
2010 02 16 01 30 00 1 3716.972
2010 02 16 01 45 00 1 3717.025
2010 02 16 02 00 00 1 3717.081
2010 02 16 02 15 00 1 3717.145
2010 02 16 02 30 00 1 3717.209
2010 02 16 02 45 00 1 3717.273
2010 02 16 03 00 00 1 3717.342
2010 02 16 03 15 00 1 3717.414
2010 02 16 03 30 00 1 3717.484
2010 02 16 03 45 00 1 3717.549
2010 02 16 04 00 00 1 3717.613
2010 02 16 04 15 00 1 3717.678
2010 02 16 04 30 00 1 3717.734
2010 02 16 04 45 00 1 3717.787
2010 02 16 05 00 00 1 3717.832
2010 02 16 05 15 00 1 3717.875
2010 02 16 05 30 00 1 3717.906
2010 02 16 05 45 00 1 3717.936
2010 02 16 06 00 00 1 3717.953
2010 02 16 06 15 00 1 3717.960
2010 02 16 06 30 00 1 3717.963
2010 02 16 06 45 00 1 3717.960
2010 02 16 07 00 00 1 3717.944
2010 02 16 07 15 00 1 3717.921
2010 02 16 07 30 00 1 3717.896
2010 02 16 07 45 00 1 3717.863
2010 02 16 08 00 00 1 3717.823
2010 02 16 08 15 00 1 3717.778
2010 02 16 08 30 00 1 3717.733
2010 02 16 08 45 00 1 3717.682
2010 02 16 09 00 00 1 3717.626
2010 02 16 09 15 00 1 3717.574
2010 02 16 09 30 00 1 3717.515
2010 02 16 09 45 00 1 3717.465
2010 02 16 10 00 00 1 3717.415
2010 02 16 10 15 00 1 3717.372
2010 02 16 10 30 00 1 3717.330
2010 02 16 10 45 00 1 3717.289
2010 02 16 11 00 00 1 3717.258
2010 02 16 11 15 00 1 3717.232
2010 02 16 11 30 00 1 3717.208
2010 02 16 11 45 00 1 3717.197
2010 02 16 12 00 00 1 3717.187
2010 02 16 12 15 00 1 3717.190
2010 02 16 12 30 00 1 3717.199
2010 02 16 12 45 00 1 3717.216
2010 02 16 13 00 00 1 3717.240
2010 02 16 13 15 00 1 3717.267
2010 02 16 13 30 00 1 3717.302
2010 02 16 13 45 00 1 3717.343
2010 02 16 14 00 00 1 3717.386
2010 02 16 14 15 00 1 3717.437
2010 02 16 14 30 00 1 3717.492
2010 02 16 14 45 00 1 3717.547
2010 02 16 15 00 00 1 3717.608
2010 02 16 15 15 00 1 3717.665
2010 02 16 15 30 00 1 3717.723
2010 02 16 15 45 00 1 3717.781
2010 02 16 16 00 00 1 3717.834
2010 02 16 16 15 00 1 3717.884
2010 02 16 16 30 00 1 3717.926
2010 02 16 16 45 00 1 3717.964
2010 02 16 17 00 00 1 3717.996
2010 02 16 17 15 00 1 3718.023
2010 02 16 17 30 00 1 3718.042
2010 02 16 17 45 00 1 3718.056
2010 02 16 18 00 00 1 3718.059
2010 02 16 18 15 00 1 3718.055
2010 02 16 18 30 00 1 3718.042
2010 02 16 18 45 00 1 3718.026
2010 02 16 19 00 00 1 3717.999
2010 02 16 19 15 00 1 3717.961
2010 02 16 19 30 00 1 3717.917
2010 02 16 19 45 00 1 3717.870
2010 02 16 20 00 00 1 3717.818
2010 02 16 20 15 00 1 3717.760
2010 02 16 20 30 00 1 3717.695
2010 02 16 20 45 00 1 3717.629
2010 02 16 21 00 00 1 3717.561
2010 02 16 21 15 00 1 3717.489
2010 02 16 21 30 00 1 3717.422
2010 02 16 21 45 00 1 3717.351
2010 02 16 22 00 00 1 3717.284
2010 02 16 22 15 00 1 3717.223
2010 02 16 22 30 00 1 3717.166
2010 02 16 22 45 00 1 3717.111
2010 02 16 23 00 00 1 3717.063
2010 02 16 23 15 00 1 3717.025
2010 02 16 23 30 00 1 3716.993
2010 02 16 23 45 00 1 3716.971
2010 02 17 00 00 00 1 3716.955
2010 02 17 00 15 00 1 3716.943
2010 02 17 00 30 00 1 3716.942
2010 02 17 00 45 00 1 3716.951
2010 02 17 01 00 00 1 3716.963
2010 02 17 01 15 00 1 3716.984
2010 02 17 01 30 00 1 3717.017
2010 02 17 01 45 00 1 3717.054
2010 02 17 02 00 00 1 3717.098
2010 02 17 02 15 00 1 3717.147
2010 02 17 02 30 00 1 3717.202
2010 02 17 02 45 00 1 3717.258
2010 02 17 03 00 00 1 3717.326
2010 02 17 03 15 00 1 3717.390
2010 02 17 03 30 00 1 3717.453
2010 02 17 03 45 00 1 3717.519
2010 02 17 04 00 00 1 3717.581
2010 02 17 04 15 00 1 3717.647
2010 02 17 04 30 00 1 3717.707
2010 02 17 04 45 00 1 3717.765
2010 02 17 05 00 00 1 3717.815
2010 02 17 05 15 00 1 3717.863
2010 02 17 05 30 00 1 3717.906
2010 02 17 05 45 00 1 3717.940
2010 02 17 06 00 00 1 3717.968
2010 02 17 06 15 00 1 3717.987
2010 02 17 06 30 00 1 3718.002
2010 02 17 06 45 00 1 3718.010
2010 02 17 07 00 00 1 3718.008
2010 02 17 07 15 00 1 3717.998
2010 02 17 07 30 00 1 3717.986
2010 02 17 07 45 00 1 3717.962
2010 02 17 08 00 00 1 3717.932
2010 02 17 08 15 00 1 3717.895
2010 02 17 08 30 00 1 3717.852
2010 02 17 08 45 00 1 3717.806
2010 02 17 09 00 00 1 3717.760
2010 02 17 09 15 00 1 3717.710
2010 02 17 09 30 00 1 3717.654
2010 02 17 09 45 00 1 3717.597
2010 02 17 10 00 00 1 3717.541
2010 02 17 10 15 00 1 3717.486
2010 02 17 10 30 00 1 3717.434
2010 02 17 10 45 00 1 3717.383
2010 02 17 11 00 00 1 3717.337
2010 02 17 11 15 00 1 3717.295
2010 02 17 11 30 00 1 3717.257
2010 02 17 11 45 00 1 3717.228
2010 02 17 12 00 00 1 3717.206
2010 02 17 12 15 00 1 3717.188
2010 02 17 12 30 00 1 3717.179
2010 02 17 12 45 00 1 3717.177
2010 02 17 13 00 00 1 3717.181
2010 02 17 13 15 00 1 3717.192
2010 02 17 13 30 00 1 3717.208
2010 02 17 13 45 00 1 3717.230
2010 02 17 14 00 00 1 3717.256
2010 02 17 14 15 00 1 3717.290
2010 02 17 14 30 00 1 3717.327
2010 02 17 14 45 00 1 3717.369
2010 02 17 15 00 00 1 3717.414
2010 02 17 15 15 00 1 3717.463
2010 02 17 15 30 00 1 3717.511
2010 02 17 15 45 00 1 3717.560
2010 02 17 16 00 00 1 3717.610
2010 02 17 16 15 00 1 3717.661
2010 02 17 16 30 00 1 3717.706
2010 02 17 16 45 00 1 3717.749
2010 02 17 17 00 00 1 3717.789
2010 02 17 17 15 00 1 3717.825
2010 02 17 17 30 00 1 3717.856
2010 02 17 17 45 00 1 3717.884
2010 02 17 18 00 00 1 3717.900
2010 02 17 18 15 00 1 3717.913
2010 02 17 18 30 00 1 3717.920
2010 02 17 18 45 00 1 3717.917
2010 02 17 19 00 00 1 3717.911
2010 02 17 19 15 00 1 3717.893
2010 02 17 19 30 00 1 3717.870
2010 02 17 19 45 00 1 3717.840
2010 02 17 20 00 00 1 3717.804
2010 02 17 20 15 00 1 3717.764
2010 02 17 20 30 00 1 3717.724
2010 02 17 20 45 00 1 3717.674
2010 02 17 21 00 00 1 3717.626
2010 02 17 21 15 00 1 3717.572
2010 02 17 21 30 00 1 3717.516
2010 02 17 21 45 00 1 3717.463
2010 02 17 22 00 00 1 3717.408
2010 02 17 22 15 00 1 3717.358
2010 02 17 22 30 00 1 3717.306
2010 02 17 22 45 00 1 3717.257
2010 02 17 23 00 00 1 3717.212
2010 02 17 23 15 00 1 3717.172
2010 02 17 23 30 00 1 3717.139
2010 02 17 23 45 00 1 3717.108
2010 02 18 00 00 00 1 3717.084
2010 02 18 00 15 00 1 3717.065
2010 02 18 00 30 00 1 3717.057
2010 02 18 00 45 00 1 3717.055
2010 02 18 01 00 00 1 3717.057
2010 02 18 01 15 00 1 3717.067
2010 02 18 01 30 00 1 3717.088
2010 02 18 01 45 00 1 3717.114
2010 02 18 02 00 00 1 3717.146
2010 02 18 02 15 00 1 3717.183
2010 02 18 02 30 00 1 3717.228
2010 02 18 02 45 00 1 3717.277
2010 02 18 03 00 00 1 3717.324
2010 02 18 03 15 00 1 3717.382
2010 02 18 03 30 00 1 3717.439
2010 02 18 03 45 00 1 3717.500
2010 02 18 04 00 00 1 3717.559
2010 02 18 04 15 00 1 3717.623
2010 02 18 04 30 00 1 3717.684
2010 02 18 04 45 00 1 3717.740
2010 02 18 05 00 00 1 3717.799
2010 02 18 05 15 00 1 3717.852
2010 02 18 05 30 00 1 3717.898
2010 02 18 05 45 00 1 3717.938
2010 02 18 06 00 00 1 3717.972
2010 02 18 06 15 00 1 3718.001
2010 02 18 06 30 00 1 3718.025
2010 02 18 06 45 00 1 3718.042
2010 02 18 07 00 00 1 3718.053
2010 02 18 07 15 00 1 3718.058
2010 02 18 07 30 00 1 3718.055
2010 02 18 07 45 00 1 3718.047
2010 02 18 08 00 00 1 3718.030
2010 02 18 08 15 00 1 3718.005
2010 02 18 08 30 00 1 3717.979
2010 02 18 08 45 00 1 3717.945
2010 02 18 09 00 00 1 3717.908
2010 02 18 09 15 00 1 3717.861
2010 02 18 09 30 00 1 3717.815
2010 02 18 09 45 00 1 3717.764
2010 02 18 10 00 00 1 3717.711
2010 02 18 10 15 00 1 3717.659
2010 02 18 10 30 00 1 3717.606
2010 02 18 10 45 00 1 3717.553
2010 02 18 11 00 00 1 3717.501
2010 02 18 11 15 00 1 3717.450
2010 02 18 11 30 00 1 3717.404
2010 02 18 11 45 00 1 3717.363
2010 02 18 12 00 00 1 3717.324
2010 02 18 12 15 00 1 3717.288
2010 02 18 12 30 00 1 3717.258
2010 02 18 12 45 00 1 3717.234
2010 02 18 13 00 00 1 3717.218
2010 02 18 13 15 00 1 3717.207
2010 02 18 13 30 00 1 3717.200
2010 02 18 13 45 00 1 3717.200
2010 02 18 14 00 00 1 3717.207
2010 02 18 14 15 00 1 3717.219
2010 02 18 14 30 00 1 3717.242
2010 02 18 14 45 00 1 3717.267
2010 02 18 15 00 00 1 3717.295
2010 02 18 15 15 00 1 3717.326
2010 02 18 15 30 00 1 3717.360
2010 02 18 15 45 00 1 3717.397
2010 02 18 16 00 00 1 3717.438
2010 02 18 16 15 00 1 3717.478
2010 02 18 16 30 00 1 3717.514
2010 02 18 16 45 00 1 3717.553
2010 02 18 17 00 00 1 3717.587
2010 02 18 17 15 00 1 3717.622
2010 02 18 17 30 00 1 3717.655
2010 02 18 17 45 00 1 3717.688
2010 02 18 18 00 00 1 3717.716
2010 02 18 18 15 00 1 3717.737
2010 02 18 18 30 00 1 3717.754
2010 02 18 18 45 00 1 3717.766
2010 02 18 19 00 00 1 3717.771
2010 02 18 19 15 00 1 3717.772
2010 02 18 19 30 00 1 3717.768
2010 02 18 19 45 00 1 3717.755
2010 02 18 20 00 00 1 3717.738
2010 02 18 20 15 00 1 3717.715
2010 02 18 20 30 00 1 3717.689
2010 02 18 20 45 00 1 3717.660
2010 02 18 21 00 00 1 3717.627
2010 02 18 21 15 00 1 3717.593
2010 02 18 21 30 00 1 3717.558
2010 02 18 21 45 00 1 3717.519
2010 02 18 22 00 00 1 3717.482
2010 02 18 22 15 00 1 3717.442
2010 02 18 22 30 00 1 3717.401
2010 02 18 22 45 00 1 3717.359
2010 02 18 23 00 00 1 3717.323
2010 02 18 23 15 00 1 3717.285
2010 02 18 23 30 00 1 3717.254
2010 02 18 23 45 00 1 3717.227
2010 02 19 00 00 00 1 3717.203
2010 02 19 00 15 00 1 3717.183
2010 02 19 00 30 00 1 3717.168
2010 02 19 00 45 00 1 3717.163
2010 02 19 01 00 00 1 3717.161
2010 02 19 01 15 00 1 3717.165
2010 02 19 01 30 00 1 3717.176
2010 02 19 01 45 00 1 3717.189
2010 02 19 02 00 00 1 3717.213
2010 02 19 02 15 00 1 3717.237
2010 02 19 02 30 00 1 3717.268
2010 02 19 02 45 00 1 3717.304
2010 02 19 03 00 00 1 3717.345
2010 02 19 03 15 00 1 3717.391
2010 02 19 03 30 00 1 3717.438
2010 02 19 03 45 00 1 3717.486
2010 02 19 04 00 00 1 3717.534
2010 02 19 04 15 00 1 3717.588
2010 02 19 04 30 00 1 3717.642
2010 02 19 04 45 00 1 3717.696
2010 02 19 05 00 00 1 3717.749
2010 02 19 05 15 00 1 3717.800
2010 02 19 05 30 00 1 3717.844
2010 02 19 05 45 00 1 3717.889
2010 02 19 06 00 00 1 3717.928
2010 02 19 06 15 00 1 3717.965
2010 02 19 06 30 00 1 3717.996
2010 02 19 06 45 00 1 3718.025
2010 02 19 07 00 00 1 3718.047
2010 02 19 07 15 00 1 3718.066
2010 02 19 07 30 00 1 3718.078
2010 02 19 07 45 00 1 3718.081
2010 02 19 08 00 00 1 3718.078
2010 02 19 08 15 00 1 3718.066
2010 02 19 08 30 00 1 3718.054
2010 02 19 08 45 00 1 3718.034
2010 02 19 09 00 00 1 3718.009
2010 02 19 09 15 00 1 3717.980
2010 02 19 09 30 00 1 3717.942
2010 02 19 09 45 00 1 3717.902
2010 02 19 10 00 00 1 3717.859
2010 02 19 10 15 00 1 3717.813
2010 02 19 10 30 00 1 3717.760
2010 02 19 10 45 00 1 3717.708
2010 02 19 11 00 00 1 3717.656
2010 02 19 11 15 00 1 3717.605
2010 02 19 11 30 00 1 3717.555
2010 02 19 11 45 00 1 3717.504
2010 02 19 12 00 00 1 3717.457
2010 02 19 12 15 00 1 3717.409
2010 02 19 12 30 00 1 3717.370
2010 02 19 12 45 00 1 3717.330
2010 02 19 13 00 00 1 3717.299
2010 02 19 13 15 00 1 3717.270
2010 02 19 13 30 00 1 3717.246
2010 02 19 13 45 00 1 3717.228
2010 02 19 14 00 00 1 3717.214
2010 02 19 14 15 00 1 3717.206
2010 02 19 14 30 00 1 3717.203
2010 02 19 14 45 00 1 3717.203
2010 02 19 15 00 00 1 3717.209
2010 02 19 15 15 00 1 3717.219
2010 02 19 15 30 00 1 3717.235
2010 02 19 15 45 00 1 3717.252
2010 02 19 16 00 00 1 3717.275
2010 02 19 16 15 00 1 3717.299
2010 02 19 16 30 00 1 3717.328
2010 02 19 16 45 00 1 3717.354
2010 02 19 17 00 00 1 3717.380
2010 02 19 17 15 00 1 3717.408
2010 02 19 17 30 00 1 3717.437
2010 02 19 17 45 00 1 3717.468
2010 02 19 18 00 00 1 3717.494
2010 02 19 18 15 00 1 3717.516
2010 02 19 18 30 00 1 3717.536
2010 02 19 18 45 00 1 3717.553
2010 02 19 19 00 00 1 3717.570
2010 02 19 19 15 00 1 3717.584
2010 02 19 19 30 00 1 3717.592
2010 02 19 19 45 00 1 3717.596
2010 02 19 20 00 00 1 3717.598
2010 02 19 20 15 00 1 3717.594
2010 02 19 20 30 00 1 3717.590
2010 02 19 20 45 00 1 3717.582
2010 02 19 21 00 00 1 3717.569
2010 02 19 21 15 00 1 3717.551
2010 02 19 21 30 00 1 3717.534
2010 02 19 21 45 00 1 3717.514
2010 02 19 22 00 00 1 3717.494
2010 02 19 22 15 00 1 3717.474
2010 02 19 22 30 00 1 3717.453
2010 02 19 22 45 00 1 3717.429
2010 02 19 23 00 00 1 3717.405
2010 02 19 23 15 00 1 3717.382
2010 02 19 23 30 00 1 3717.362
2010 02 19 23 45 00 1 3717.342
2010 02 20 00 00 00 1 3717.327
2010 02 20 00 15 00 1 3717.310
2010 02 20 00 30 00 1 3717.297
2010 02 20 00 45 00 1 3717.287
2010 02 20 01 00 00 1 3717.281
2010 02 20 01 15 00 1 3717.280
2010 02 20 01 30 00 1 3717.282
2010 02 20 01 45 00 1 3717.291
2010 02 20 02 00 00 1 3717.301
2010 02 20 02 15 00 1 3717.317
2010 02 20 02 30 00 1 3717.336
2010 02 20 02 45 00 1 3717.359
2010 02 20 03 00 00 1 3717.386
2010 02 20 03 15 00 1 3717.414
2010 02 20 03 30 00 1 3717.448
2010 02 20 03 45 00 1 3717.486
2010 02 20 04 00 00 1 3717.525
2010 02 20 04 15 00 1 3717.567
2010 02 20 04 30 00 1 3717.611
2010 02 20 04 45 00 1 3717.658
2010 02 20 05 00 00 1 3717.704
2010 02 20 05 15 00 1 3717.747
2010 02 20 05 30 00 1 3717.791
2010 02 20 05 45 00 1 3717.835
2010 02 20 06 00 00 1 3717.876
2010 02 20 06 15 00 1 3717.914
2010 02 20 06 30 00 1 3717.949
2010 02 20 06 45 00 1 3717.983
2010 02 20 07 00 00 1 3718.013
2010 02 20 07 15 00 1 3718.039
2010 02 20 07 30 00 1 3718.060
2010 02 20 07 45 00 1 3718.077
2010 02 20 08 00 00 1 3718.088
2010 02 20 08 15 00 1 3718.095
2010 02 20 08 30 00 1 3718.096
2010 02 20 08 45 00 1 3718.095
2010 02 20 09 00 00 1 3718.085
2010 02 20 09 15 00 1 3718.069
2010 02 20 09 30 00 1 3718.047
2010 02 20 09 45 00 1 3718.022
2010 02 20 10 00 00 1 3717.993
2010 02 20 10 15 00 1 3717.961
2010 02 20 10 30 00 1 3717.924
2010 02 20 10 45 00 1 3717.883
2010 02 20 11 00 00 1 3717.839
2010 02 20 11 15 00 1 3717.796
2010 02 20 11 30 00 1 3717.750
2010 02 20 11 45 00 1 3717.702
2010 02 20 12 00 00 1 3717.654
2010 02 20 12 15 00 1 3717.604
2010 02 20 12 30 00 1 3717.557
2010 02 20 12 45 00 1 3717.509
2010 02 20 13 00 00 1 3717.466
2010 02 20 13 15 00 1 3717.422
2010 02 20 13 30 00 1 3717.384
2010 02 20 13 45 00 1 3717.344
2010 02 20 14 00 00 1 3717.311
2010 02 20 14 15 00 1 3717.283
2010 02 20 14 30 00 1 3717.254
2010 02 20 14 45 00 1 3717.233
2010 02 20 15 00 00 1 3717.217
2010 02 20 15 15 00 1 3717.203
2010 02 20 15 30 00 1 3717.196
2010 02 20 15 45 00 1 3717.192
2010 02 20 16 00 00 1 3717.187
2010 02 20 16 15 00 1 3717.189
2010 02 20 16 30 00 1 3717.193
2010 02 20 16 45 00 1 3717.200
2010 02 20 17 00 00 1 3717.213
2010 02 20 17 15 00 1 3717.223
2010 02 20 17 30 00 1 3717.238
2010 02 20 17 45 00 1 3717.255
2010 02 20 18 00 00 1 3717.272
2010 02 20 18 15 00 1 3717.290
2010 02 20 18 30 00 1 3717.308
2010 02 20 18 45 00 1 3717.331
2010 02 20 19 00 00 1 3717.346
2010 02 20 19 15 00 1 3717.362
2010 02 20 19 30 00 1 3717.377
2010 02 20 19 45 00 1 3717.393
2010 02 20 20 00 00 1 3717.406
2010 02 20 20 15 00 1 3717.416
2010 02 20 20 30 00 1 3717.425
2010 02 20 20 45 00 1 3717.433
2010 02 20 21 00 00 1 3717.439
2010 02 20 21 15 00 1 3717.443
2010 02 20 21 30 00 1 3717.447
2010 02 20 21 45 00 1 3717.451
2010 02 20 22 00 00 1 3717.450
2010 02 20 22 15 00 1 3717.449
2010 02 20 22 30 00 1 3717.446
2010 02 20 22 45 00 1 3717.439
2010 02 20 23 00 00 1 3717.435
2010 02 20 23 15 00 1 3717.430
2010 02 20 23 30 00 1 3717.422
2010 02 20 23 45 00 1 3717.414
2010 02 21 00 00 00 1 3717.407
2010 02 21 00 15 00 1 3717.400
2010 02 21 00 30 00 1 3717.397
2010 02 21 00 45 00 1 3717.394
2010 02 21 01 00 00 1 3717.394
2010 02 21 01 15 00 1 3717.392
2010 02 21 01 30 00 1 3717.394
2010 02 21 01 45 00 1 3717.398
2010 02 21 02 00 00 1 3717.405
2010 02 21 02 15 00 1 3717.414
2010 02 21 02 30 00 1 3717.422
2010 02 21 02 45 00 1 3717.432
2010 02 21 03 00 00 1 3717.448
2010 02 21 03 15 00 1 3717.467
2010 02 21 03 30 00 1 3717.487
2010 02 21 03 45 00 1 3717.507
2010 02 21 04 00 00 1 3717.532
2010 02 21 04 15 00 1 3717.560
2010 02 21 04 30 00 1 3717.591
2010 02 21 04 45 00 1 3717.622
2010 02 21 05 00 00 1 3717.657
2010 02 21 05 15 00 1 3717.689
2010 02 21 05 30 00 1 3717.725
2010 02 21 05 45 00 1 3717.761
2010 02 21 06 00 00 1 3717.795
2010 02 21 06 15 00 1 3717.832
2010 02 21 06 30 00 1 3717.868
2010 02 21 06 45 00 1 3717.904
2010 02 21 07 00 00 1 3717.932
2010 02 21 07 15 00 1 3717.959
2010 02 21 07 30 00 1 3717.991
2010 02 21 07 45 00 1 3718.018
2010 02 21 08 00 00 1 3718.044
2010 02 21 08 15 00 1 3718.065
2010 02 21 08 30 00 1 3718.082
2010 02 21 08 45 00 1 3718.098
2010 02 21 09 00 00 1 3718.110
2010 02 21 09 15 00 1 3718.118
2010 02 21 09 30 00 1 3718.119
2010 02 21 09 45 00 1 3718.115
2010 02 21 10 00 00 1 3718.107
2010 02 21 10 15 00 1 3718.092
2010 02 21 10 30 00 1 3718.072
2010 02 21 10 45 00 1 3718.048
2010 02 21 11 00 00 1 3718.020
2010 02 21 11 15 00 1 3717.988
2010 02 21 11 30 00 1 3717.952
2010 02 21 11 45 00 1 3717.916
2010 02 21 12 00 00 1 3717.876
2010 02 21 12 15 00 1 3717.833
2010 02 21 12 30 00 1 3717.787
2010 02 21 12 45 00 1 3717.742
2010 02 21 13 00 00 1 3717.693
2010 02 21 13 15 00 1 3717.650
2010 02 21 13 30 00 1 3717.604
2010 02 21 13 45 00 1 3717.557
2010 02 21 14 00 00 1 3717.510
2010 02 21 14 15 00 1 3717.465
2010 02 21 14 30 00 1 3717.419
2010 02 21 14 45 00 1 3717.379
2010 02 21 15 00 00 1 3717.340
2010 02 21 15 15 00 1 3717.302
2010 02 21 15 30 00 1 3717.271
2010 02 21 15 45 00 1 3717.242
2010 02 21 16 00 00 1 3717.214
2010 02 21 16 15 00 1 3717.192
2010 02 21 16 30 00 1 3717.171
2010 02 21 16 45 00 1 3717.151
2010 02 21 17 00 00 1 3717.138
2010 02 21 17 15 00 1 3717.126
2010 02 21 17 30 00 1 3717.119
2010 02 21 17 45 00 1 3717.115
2010 02 21 18 00 00 1 3717.115
2010 02 21 18 15 00 1 3717.117
2010 02 21 18 30 00 1 3717.122
2010 02 21 18 45 00 1 3717.130
2010 02 21 19 00 00 1 3717.138
2010 02 21 19 15 00 1 3717.151
2010 02 21 19 30 00 1 3717.164
2010 02 21 19 45 00 1 3717.179
2010 02 21 20 00 00 1 3717.196
2010 02 21 20 15 00 1 3717.211
2010 02 21 20 30 00 1 3717.228
2010 02 21 20 45 00 1 3717.245
2010 02 21 21 00 00 1 3717.267
2010 02 21 21 15 00 1 3717.287
2010 02 21 21 30 00 1 3717.307
2010 02 21 21 45 00 1 3717.325
2010 02 21 22 00 00 1 3717.343
2010 02 21 22 15 00 1 3717.359
2010 02 21 22 30 00 1 3717.377
2010 02 21 22 45 00 1 3717.392
2010 02 21 23 00 00 1 3717.407
2010 02 21 23 15 00 1 3717.417
2010 02 21 23 30 00 1 3717.432
2010 02 21 23 45 00 1 3717.442
2010 02 22 00 00 00 1 3717.450
2010 02 22 00 15 00 1 3717.456
2010 02 22 00 30 00 1 3717.464
2010 02 22 00 45 00 1 3717.469
2010 02 22 01 00 00 1 3717.478
2010 02 22 01 15 00 1 3717.485
2010 02 22 01 30 00 1 3717.489
2010 02 22 01 45 00 1 3717.495
2010 02 22 02 00 00 1 3717.502
2010 02 22 02 15 00 1 3717.508
2010 02 22 02 30 00 1 3717.515
2010 02 22 02 45 00 1 3717.519
2010 02 22 03 00 00 1 3717.528
2010 02 22 03 15 00 1 3717.536
2010 02 22 03 30 00 1 3717.545
2010 02 22 03 45 00 1 3717.554
2010 02 22 04 00 00 1 3717.563
2010 02 22 04 15 00 1 3717.575
2010 02 22 04 30 00 1 3717.588
2010 02 22 04 45 00 1 3717.608
2010 02 22 05 00 00 1 3717.627
2010 02 22 05 15 00 1 3717.649
2010 02 22 05 30 00 1 3717.672
2010 02 22 05 45 00 1 3717.697
2010 02 22 06 00 00 1 3717.721
2010 02 22 06 15 00 1 3717.749
2010 02 22 06 30 00 1 3717.774
2010 02 22 06 45 00 1 3717.805
2010 02 22 07 00 00 1 3717.836
2010 02 22 07 15 00 1 3717.865
2010 02 22 07 30 00 1 3717.893
2010 02 22 07 45 00 1 3717.921
2010 02 22 08 00 00 1 3717.950
2010 02 22 08 15 00 1 3717.979
2010 02 22 08 30 00 1 3718.010
2010 02 22 08 45 00 1 3718.038
2010 02 22 09 00 00 1 3718.063
2010 02 22 09 15 00 1 3718.086
2010 02 22 09 30 00 1 3718.109
2010 02 22 09 45 00 1 3718.125
2010 02 22 10 00 00 1 3718.137
2010 02 22 10 15 00 1 3718.147
2010 02 22 10 30 00 1 3718.151
2010 02 22 10 45 00 1 3718.154
2010 02 22 11 00 00 1 3718.149
2010 02 22 11 15 00 1 3718.140
2010 02 22 11 30 00 1 3718.124
2010 02 22 11 45 00 1 3718.106
2010 02 22 12 00 00 1 3718.082
2010 02 22 12 15 00 1 3718.056
2010 02 22 12 30 00 1 3718.024
2010 02 22 12 45 00 1 3717.991
2010 02 22 13 00 00 1 3717.950
2010 02 22 13 15 00 1 3717.907
2010 02 22 13 30 00 1 3717.864
2010 02 22 13 45 00 1 3717.817
2010 02 22 14 00 00 1 3717.766
2010 02 22 14 15 00 1 3717.715
2010 02 22 14 30 00 1 3717.661
2010 02 22 14 45 00 1 3717.607
2010 02 22 15 00 00 1 3717.551
2010 02 22 15 15 00 1 3717.497
2010 02 22 15 30 00 1 3717.443
2010 02 22 15 45 00 1 3717.389
2010 02 22 16 00 00 1 3717.334
2010 02 22 16 15 00 1 3717.283
2010 02 22 16 30 00 1 3717.233
2010 02 22 16 45 00 1 3717.185
2010 02 22 17 00 00 1 3717.140
2010 02 22 17 15 00 1 3717.101
2010 02 22 17 30 00 1 3717.069
2010 02 22 17 45 00 1 3717.041
2010 02 22 18 00 00 1 3717.014
2010 02 22 18 15 00 1 3716.993
2010 02 22 18 30 00 1 3716.975
2010 02 22 18 45 00 1 3716.964
2010 02 22 19 00 00 1 3716.954
2010 02 22 19 15 00 1 3716.950
2010 02 22 19 30 00 1 3716.946
2010 02 22 19 45 00 1 3716.949
2010 02 22 20 00 00 1 3716.957
2010 02 22 20 15 00 1 3716.969
2010 02 22 20 30 00 1 3716.983
2010 02 22 20 45 00 1 3717.005
2010 02 22 21 00 00 1 3717.029
2010 02 22 21 15 00 1 3717.057
2010 02 22 21 30 00 1 3717.085
2010 02 22 21 45 00 1 3717.116
2010 02 22 22 00 00 1 3717.147
2010 02 22 22 15 00 1 3717.183
2010 02 22 22 30 00 1 3717.218
2010 02 22 22 45 00 1 3717.251
2010 02 22 23 00 00 1 3717.284
2010 02 22 23 15 00 1 3717.318
2010 02 22 23 30 00 1 3717.353
2010 02 22 23 45 00 1 3717.388
2010 02 23 00 00 00 1 3717.418
2010 02 23 00 15 00 1 3717.444
2010 02 23 00 30 00 1 3717.471
2010 02 23 00 45 00 1 3717.493
2010 02 23 01 00 00 1 3717.513
2010 02 23 01 15 00 1 3717.530
2010 02 23 01 30 00 1 3717.547
2010 02 23 01 45 00 1 3717.563
2010 02 23 02 00 00 1 3717.573
2010 02 23 02 15 00 1 3717.580
2010 02 23 02 30 00 1 3717.589
2010 02 23 02 45 00 1 3717.594
2010 02 23 03 00 00 1 3717.599
2010 02 23 03 15 00 1 3717.602
2010 02 23 03 30 00 1 3717.604
2010 02 23 03 45 00 1 3717.605
2010 02 23 04 00 00 1 3717.605
2010 02 23 04 15 00 1 3717.604
2010 02 23 04 30 00 1 3717.606
2010 02 23 04 45 00 1 3717.608
2010 02 23 05 00 00 1 3717.610
2010 02 23 05 15 00 1 3717.615
2010 02 23 05 30 00 1 3717.620
2010 02 23 05 45 00 1 3717.625
2010 02 23 06 00 00 1 3717.632
2010 02 23 06 15 00 1 3717.643
2010 02 23 06 30 00 1 3717.658
2010 02 23 06 45 00 1 3717.674
2010 02 23 07 00 00 1 3717.692
2010 02 23 07 15 00 1 3717.715
2010 02 23 07 30 00 1 3717.737
2010 02 23 07 45 00 1 3717.766
2010 02 23 08 00 00 1 3717.796
2010 02 23 08 15 00 1 3717.827
2010 02 23 08 30 00 1 3717.860
2010 02 23 08 45 00 1 3717.893
2010 02 23 09 00 00 1 3717.925
2010 02 23 09 15 00 1 3717.962
2010 02 23 09 30 00 1 3717.999
2010 02 23 09 45 00 1 3718.035
2010 02 23 10 00 00 1 3718.067
2010 02 23 10 15 00 1 3718.097
2010 02 23 10 30 00 1 3718.126
2010 02 23 10 45 00 1 3718.148
2010 02 23 11 00 00 1 3718.172
2010 02 23 11 15 00 1 3718.192
2010 02 23 11 30 00 1 3718.206
2010 02 23 11 45 00 1 3718.217
2010 02 23 12 00 00 1 3718.217
2010 02 23 12 15 00 1 3718.215
2010 02 23 12 30 00 1 3718.208
2010 02 23 12 45 00 1 3718.194
2010 02 23 13 00 00 1 3718.173
2010 02 23 13 15 00 1 3718.149
2010 02 23 13 30 00 1 3718.122
2010 02 23 13 45 00 1 3718.082
2010 02 23 14 00 00 1 3718.038
2010 02 23 14 15 00 1 3717.989
2010 02 23 14 30 00 1 3717.941
2010 02 23 14 45 00 1 3717.883
2010 02 23 15 00 00 1 3717.820
2010 02 23 15 15 00 1 3717.756
2010 02 23 15 30 00 1 3717.689
2010 02 23 15 45 00 1 3717.620
2010 02 23 16 00 00 1 3717.550
2010 02 23 16 15 00 1 3717.478
2010 02 23 16 30 00 1 3717.406
2010 02 23 16 45 00 1 3717.335
2010 02 23 17 00 00 1 3717.263
2010 02 23 17 15 00 1 3717.199
2010 02 23 17 30 00 1 3717.134
2010 02 23 17 45 00 1 3717.074
2010 02 23 18 00 00 1 3717.020
2010 02 23 18 15 00 1 3716.970
2010 02 23 18 30 00 1 3716.923
2010 02 23 18 45 00 1 3716.884
2010 02 23 19 00 00 1 3716.852
2010 02 23 19 15 00 1 3716.823
2010 02 23 19 30 00 1 3716.796
2010 02 23 19 45 00 1 3716.779
2010 02 23 20 00 00 1 3716.769
2010 02 23 20 15 00 1 3716.765
2010 02 23 20 30 00 1 3716.768
2010 02 23 20 45 00 1 3716.778
2010 02 23 21 00 00 1 3716.795
2010 02 23 21 15 00 1 3716.816
2010 02 23 21 30 00 1 3716.842
2010 02 23 21 45 00 1 3716.875
2010 02 23 22 00 00 1 3716.915
2010 02 23 22 15 00 1 3716.955
2010 02 23 22 30 00 1 3716.996
2010 02 23 22 45 00 1 3717.042
2010 02 23 23 00 00 1 3717.092
2010 02 23 23 15 00 1 3717.145
2010 02 23 23 30 00 1 3717.196
2010 02 23 23 45 00 1 3717.247
2010 02 24 00 00 00 1 3717.298
2010 02 24 00 15 00 1 3717.346
2010 02 24 00 30 00 1 3717.394
2010 02 24 00 45 00 1 3717.439
2010 02 24 01 00 00 1 3717.480
2010 02 24 01 15 00 1 3717.520
2010 02 24 01 30 00 1 3717.554
2010 02 24 01 45 00 1 3717.586
2010 02 24 02 00 00 1 3717.611
2010 02 24 02 15 00 1 3717.635
2010 02 24 02 30 00 1 3717.653
2010 02 24 02 45 00 1 3717.665
2010 02 24 03 00 00 1 3717.673
2010 02 24 03 15 00 1 3717.677
2010 02 24 03 30 00 1 3717.678
2010 02 24 03 45 00 1 3717.673
2010 02 24 04 00 00 1 3717.665
2010 02 24 04 15 00 1 3717.658
2010 02 24 04 30 00 1 3717.648
2010 02 24 04 45 00 1 3717.636
2010 02 24 05 00 00 1 3717.622
2010 02 24 05 15 00 1 3717.607
2010 02 24 05 30 00 1 3717.595
2010 02 24 05 45 00 1 3717.584
2010 02 24 06 00 00 1 3717.574
2010 02 24 06 15 00 1 3717.567
2010 02 24 06 30 00 1 3717.561
2010 02 24 06 45 00 1 3717.560
2010 02 24 07 00 00 1 3717.560
2010 02 24 07 15 00 1 3717.565
2010 02 24 07 30 00 1 3717.575
2010 02 24 07 45 00 1 3717.590
2010 02 24 08 00 00 1 3717.607
2010 02 24 08 15 00 1 3717.630
2010 02 24 08 30 00 1 3717.659
2010 02 24 08 45 00 1 3717.692
2010 02 24 09 00 00 1 3717.726
2010 02 24 09 15 00 1 3717.766
2010 02 24 09 30 00 1 3717.809
2010 02 24 09 45 00 1 3717.854
2010 02 24 10 00 00 1 3717.900
2010 02 24 10 15 00 1 3717.948
2010 02 24 10 30 00 1 3717.995
2010 02 24 10 45 00 1 3718.042
2010 02 24 11 00 00 1 3718.088
2010 02 24 11 15 00 1 3718.132
2010 02 24 11 30 00 1 3718.174
2010 02 24 11 45 00 1 3718.211
2010 02 24 12 00 00 1 3718.244
2010 02 24 12 15 00 1 3718.270
2010 02 24 12 30 00 1 3718.294
2010 02 24 12 45 00 1 3718.310
2010 02 24 13 00 00 1 3718.321
2010 02 24 13 15 00 1 3718.326
2010 02 24 13 30 00 1 3718.318
2010 02 24 13 45 00 1 3718.306
2010 02 24 14 00 00 1 3718.285
2010 02 24 14 15 00 1 3718.258
2010 02 24 14 30 00 1 3718.221
2010 02 24 14 45 00 1 3718.179
2010 02 24 15 00 00 1 3718.126
2010 02 24 15 15 00 1 3718.068
2010 02 24 15 30 00 1 3718.005
2010 02 24 15 45 00 1 3717.934
2010 02 24 16 00 00 1 3717.858
2010 02 24 16 15 00 1 3717.779
2010 02 24 16 30 00 1 3717.694
2010 02 24 16 45 00 1 3717.607
2010 02 24 17 00 00 1 3717.521
2010 02 24 17 15 00 1 3717.432
2010 02 24 17 30 00 1 3717.348
2010 02 24 17 45 00 1 3717.263
2010 02 24 18 00 00 1 3717.180
2010 02 24 18 15 00 1 3717.096
2010 02 24 18 30 00 1 3717.018
2010 02 24 18 45 00 1 3716.947
2010 02 24 19 00 00 1 3716.880
2010 02 24 19 15 00 1 3716.819
2010 02 24 19 30 00 1 3716.765
2010 02 24 19 45 00 1 3716.718
2010 02 24 20 00 00 1 3716.676
2010 02 24 20 15 00 1 3716.646
2010 02 24 20 30 00 1 3716.624
2010 02 24 20 45 00 1 3716.610
2010 02 24 21 00 00 1 3716.607
2010 02 24 21 15 00 1 3716.611
2010 02 24 21 30 00 1 3716.626
2010 02 24 21 45 00 1 3716.649
2010 02 24 22 00 00 1 3716.680
2010 02 24 22 15 00 1 3716.715
2010 02 24 22 30 00 1 3716.761
2010 02 24 22 45 00 1 3716.811
2010 02 24 23 00 00 1 3716.868
2010 02 24 23 15 00 1 3716.928
2010 02 24 23 30 00 1 3716.994
2010 02 24 23 45 00 1 3717.061
2010 02 25 00 00 00 1 3717.129
2010 02 25 00 15 00 1 3717.196
2010 02 25 00 30 00 1 3717.264
2010 02 25 00 45 00 1 3717.332
2010 02 25 01 00 00 1 3717.396
2010 02 25 01 15 00 1 3717.457
2010 02 25 01 30 00 1 3717.515
2010 02 25 01 45 00 1 3717.565
2010 02 25 02 00 00 1 3717.608
2010 02 25 02 15 00 1 3717.647
2010 02 25 02 30 00 1 3717.682
2010 02 25 02 45 00 1 3717.707
2010 02 25 03 00 00 1 3717.725
2010 02 25 03 15 00 1 3717.736
2010 02 25 03 30 00 1 3717.741
2010 02 25 03 45 00 1 3717.742
2010 02 25 04 00 00 1 3717.736
2010 02 25 04 15 00 1 3717.724
2010 02 25 04 30 00 1 3717.708
2010 02 25 04 45 00 1 3717.690
2010 02 25 05 00 00 1 3717.671
2010 02 25 05 15 00 1 3717.646
2010 02 25 05 30 00 1 3717.618
2010 02 25 05 45 00 1 3717.587
2010 02 25 06 00 00 1 3717.560
2010 02 25 06 15 00 1 3717.533
2010 02 25 06 30 00 1 3717.507
2010 02 25 06 45 00 1 3717.487
2010 02 25 07 00 00 1 3717.466
2010 02 25 07 15 00 1 3717.451
2010 02 25 07 30 00 1 3717.438
2010 02 25 07 45 00 1 3717.435
2010 02 25 08 00 00 1 3717.440
2010 02 25 08 15 00 1 3717.444
2010 02 25 08 30 00 1 3717.458
2010 02 25 08 45 00 1 3717.476
2010 02 25 09 00 00 1 3717.501
2010 02 25 09 15 00 1 3717.531
2010 02 25 09 30 00 1 3717.572
2010 02 25 09 45 00 1 3717.614
2010 02 25 10 00 00 1 3717.666
2010 02 25 10 15 00 1 3717.719
2010 02 25 10 30 00 1 3717.781
2010 02 25 10 45 00 1 3717.839
2010 02 25 11 00 00 1 3717.901
2010 02 25 11 15 00 1 3717.963
2010 02 25 11 30 00 1 3718.028
2010 02 25 11 45 00 1 3718.095
2010 02 25 12 00 00 1 3718.151
2010 02 25 12 15 00 1 3718.211
2010 02 25 12 30 00 1 3718.265
2010 02 25 12 45 00 1 3718.313
2010 02 25 13 00 00 1 3718.357
2010 02 25 13 15 00 1 3718.393
2010 02 25 13 30 00 1 3718.419
2010 02 25 13 45 00 1 3718.439
2010 02 25 14 00 00 1 3718.445
2010 02 25 14 15 00 1 3718.447
2010 02 25 14 30 00 1 3718.439
2010 02 25 14 45 00 1 3718.420
2010 02 25 15 00 00 1 3718.390
2010 02 25 15 15 00 1 3718.353
2010 02 25 15 30 00 1 3718.306
2010 02 25 15 45 00 1 3718.248
2010 02 25 16 00 00 1 3718.184
2010 02 25 16 15 00 1 3718.108
2010 02 25 16 30 00 1 3718.025
2010 02 25 16 45 00 1 3717.941
2010 02 25 17 00 00 1 3717.843
2010 02 25 17 15 00 1 3717.750
2010 02 25 17 30 00 1 3717.647
2010 02 25 17 45 00 1 3717.542
2010 02 25 18 00 00 1 3717.439
2010 02 25 18 15 00 1 3717.339
2010 02 25 18 30 00 1 3717.236
2010 02 25 18 45 00 1 3717.140
2010 02 25 19 00 00 1 3717.046
2010 02 25 19 15 00 1 3716.955
2010 02 25 19 30 00 1 3716.871
2010 02 25 19 45 00 1 3716.789
2010 02 25 20 00 00 1 3716.717
2010 02 25 20 15 00 1 3716.653
2010 02 25 20 30 00 1 3716.602
2010 02 25 20 45 00 1 3716.560
2010 02 25 21 00 00 1 3716.529
2010 02 25 21 15 00 1 3716.513
2010 02 25 21 30 00 1 3716.504
2010 02 25 21 45 00 1 3716.507
2010 02 25 22 00 00 1 3716.523
2010 02 25 22 15 00 1 3716.549
2010 02 25 22 30 00 1 3716.581
2010 02 25 22 45 00 1 3716.623
2010 02 25 23 00 00 1 3716.675
2010 02 25 23 15 00 1 3716.733
2010 02 25 23 30 00 1 3716.800
2010 02 25 23 45 00 1 3716.871
2010 02 26 00 00 00 1 3716.946
2010 02 26 00 15 00 1 3717.022
2010 02 26 00 30 00 1 3717.101
2010 02 26 00 45 00 1 3717.180
2010 02 26 01 00 00 1 3717.259
2010 02 26 01 15 00 1 3717.337
2010 02 26 01 30 00 1 3717.413
2010 02 26 01 45 00 1 3717.487
2010 02 26 02 00 00 1 3717.551
2010 02 26 02 15 00 1 3717.614
2010 02 26 02 30 00 1 3717.665
2010 02 26 02 45 00 1 3717.713
2010 02 26 03 00 00 1 3717.754
2010 02 26 03 15 00 1 3717.788
2010 02 26 03 30 00 1 3717.811
2010 02 26 03 45 00 1 3717.825
2010 02 26 04 00 00 1 3717.832
2010 02 26 04 15 00 1 3717.830
2010 02 26 04 30 00 1 3717.823
2010 02 26 04 45 00 1 3717.805
2010 02 26 05 00 00 1 3717.782
2010 02 26 05 15 00 1 3717.753
2010 02 26 05 30 00 1 3717.718
2010 02 26 05 45 00 1 3717.679
2010 02 26 06 00 00 1 3717.640
2010 02 26 06 15 00 1 3717.597
2010 02 26 06 30 00 1 3717.554
2010 02 26 06 45 00 1 3717.508
2010 02 26 07 00 00 1 3717.470
2010 02 26 07 15 00 1 3717.432
2010 02 26 07 30 00 1 3717.398
2010 02 26 07 45 00 1 3717.368
2010 02 26 08 00 00 1 3717.345
2010 02 26 08 15 00 1 3717.326
2010 02 26 08 30 00 1 3717.313
2010 02 26 08 45 00 1 3717.305
2010 02 26 09 00 00 1 3717.309
2010 02 26 09 15 00 1 3717.317
2010 02 26 09 30 00 1 3717.335
2010 02 26 09 45 00 1 3717.361
2010 02 26 10 00 00 1 3717.399
2010 02 26 10 15 00 1 3717.440
2010 02 26 10 30 00 1 3717.494
2010 02 26 10 45 00 1 3717.552
2010 02 26 11 00 00 1 3717.614
2010 02 26 11 15 00 1 3717.683
2010 02 26 11 30 00 1 3717.756
2010 02 26 11 45 00 1 3717.833
2010 02 26 12 00 00 1 3717.914
2010 02 26 12 15 00 1 3717.991
2010 02 26 12 30 00 1 3718.072
2010 02 26 12 45 00 1 3718.148
2010 02 26 13 00 00 1 3718.222
2010 02 26 13 15 00 1 3718.287
2010 02 26 13 30 00 1 3718.349
2010 02 26 13 45 00 1 3718.404
2010 02 26 14 00 00 1 3718.453
2010 02 26 14 15 00 1 3718.490
2010 02 26 14 30 00 1 3718.519
2010 02 26 14 45 00 1 3718.537
2010 02 26 15 00 00 1 3718.544
2010 02 26 15 15 00 1 3718.541
2010 02 26 15 30 00 1 3718.522
2010 02 26 15 45 00 1 3718.496
2010 02 26 16 00 00 1 3718.454
2010 02 26 16 15 00 1 3718.401
2010 02 26 16 30 00 1 3718.336
2010 02 26 16 45 00 1 3718.263
2010 02 26 17 00 00 1 3718.181
2010 02 26 17 15 00 1 3718.093
2010 02 26 17 30 00 1 3717.993
2010 02 26 17 45 00 1 3717.890
2010 02 26 18 00 00 1 3717.779
2010 02 26 18 15 00 1 3717.671
2010 02 26 18 30 00 1 3717.555
2010 02 26 18 45 00 1 3717.443
2010 02 26 19 00 00 1 3717.329
2010 02 26 19 15 00 1 3717.214
2010 02 26 19 30 00 1 3717.100
2010 02 26 19 45 00 1 3716.998
2010 02 26 20 00 00 1 3716.898
2010 02 26 20 15 00 1 3716.806
2010 02 26 20 30 00 1 3716.727
2010 02 26 20 45 00 1 3716.657
2010 02 26 21 00 00 1 3716.594
2010 02 26 21 15 00 1 3716.546
2010 02 26 21 30 00 1 3716.505
2010 02 26 21 45 00 1 3716.481
2010 02 26 22 00 00 1 3716.467
2010 02 26 22 15 00 1 3716.469
2010 02 26 22 30 00 1 3716.480
2010 02 26 22 45 00 1 3716.504
2010 02 26 23 00 00 1 3716.538
2010 02 26 23 15 00 1 3716.585
2010 02 26 23 30 00 1 3716.643
2010 02 26 23 45 00 1 3716.705
2010 02 27 00 00 00 1 3716.777
2010 02 27 00 15 00 1 3716.860
2010 02 27 00 30 00 1 3716.945
2010 02 27 00 45 00 1 3717.037
2010 02 27 01 00 00 1 3717.130
2010 02 27 01 15 00 1 3717.226
2010 02 27 01 30 00 1 3717.320
2010 02 27 01 45 00 1 3717.411
2010 02 27 02 00 00 1 3717.498
2010 02 27 02 15 00 1 3717.576
2010 02 27 02 30 00 1 3717.656
2010 02 27 02 45 00 1 3717.729
2010 02 27 03 00 00 1 3717.792
2010 02 27 03 15 00 1 3717.841
2010 02 27 03 30 00 1 3717.885
2010 02 27 03 45 00 1 3717.921
2010 02 27 04 00 00 1 3717.946
2010 02 27 04 15 00 1 3717.964
2010 02 27 04 30 00 1 3717.966
2010 02 27 04 45 00 1 3717.962
2010 02 27 05 00 00 1 3717.947
2010 02 27 05 15 00 1 3717.925
2010 02 27 05 30 00 1 3717.892
2010 02 27 05 45 00 1 3717.852
2010 02 27 06 00 00 1 3717.803
2010 02 27 06 00 00 2 3717.802
2010 02 27 06 01 00 2 3717.797
2010 02 27 06 02 00 2 3717.794
2010 02 27 06 03 00 2 3717.791
2010 02 27 06 04 00 2 3717.727
2010 02 27 06 05 00 2 3717.784
2010 02 27 06 06 00 2 3717.781
2010 02 27 06 07 00 2 3717.777
2010 02 27 06 08 00 2 3717.773
2010 02 27 06 09 00 2 3717.772
2010 02 27 06 10 00 2 3717.768
2010 02 27 06 11 00 2 3717.765
2010 02 27 06 12 00 2 3717.761
2010 02 27 06 13 00 2 3717.758
2010 02 27 06 14 00 2 3717.755
2010 02 27 06 15 00 1 3717.752
2010 02 27 06 15 00 2 3717.752
2010 02 27 06 16 00 2 3717.748
2010 02 27 06 17 00 2 3717.746
2010 02 27 06 18 00 2 3717.741
2010 02 27 06 19 00 2 3717.738
2010 02 27 06 20 00 2 3717.734
2010 02 27 06 21 00 2 3717.730
2010 02 27 06 22 00 2 3717.727
2010 02 27 06 23 00 2 3717.723
2010 02 27 06 24 00 2 3717.719
2010 02 27 06 25 00 2 3717.715
2010 02 27 06 26 00 2 3717.711
2010 02 27 06 27 00 2 3717.709
2010 02 27 06 28 00 2 3717.705
2010 02 27 06 29 00 2 3717.702
2010 02 27 06 30 00 1 3717.699
2010 02 27 06 30 00 2 3717.698
2010 02 27 06 31 00 2 3717.692
2010 02 27 06 32 00 2 3717.689
2010 02 27 06 33 00 2 3717.685
2010 02 27 06 34 00 2 3717.681
2010 02 27 06 35 00 2 3717.678
2010 02 27 06 36 00 2 3717.674
2010 02 27 06 37 00 2 3717.670
2010 02 27 06 38 00 2 3717.666
2010 02 27 06 39 00 2 3717.663
2010 02 27 06 40 00 2 3717.658
2010 02 27 06 41 00 2 3717.653
2010 02 27 06 42 00 2 3717.649
2010 02 27 06 43 00 2 3717.644
2010 02 27 06 44 00 2 3717.639
2010 02 27 06 45 00 1 3717.638
2010 02 27 06 45 00 2 3717.636
2010 02 27 06 46 00 2 3717.632
2010 02 27 06 47 00 2 3717.628
2010 02 27 06 48 00 2 3717.623
2010 02 27 06 49 00 2 3717.620
2010 02 27 06 50 00 2 3717.616
2010 02 27 06 51 00 2 3717.612
2010 02 27 06 52 00 2 3717.606
2010 02 27 06 53 00 2 3717.604
2010 02 27 06 54 00 2 3717.599
2010 02 27 06 55 00 2 3717.596
2010 02 27 06 56 00 2 3717.593
2010 02 27 06 57 00 2 3717.590
2010 02 27 06 58 00 2 3717.586
2010 02 27 06 59 00 2 3717.582
2010 02 27 07 00 00 1 3717.579
2010 02 27 07 00 00 2 3717.576
2010 02 27 07 01 00 2 3717.573
2010 02 27 07 02 00 2 3717.569
2010 02 27 07 03 00 2 3717.566
2010 02 27 07 04 00 2 3717.560
2010 02 27 07 05 00 2 3717.556
2010 02 27 07 06 00 2 3717.552
2010 02 27 07 07 00 2 3717.548
2010 02 27 07 08 00 2 3717.543
2010 02 27 07 09 00 2 3717.540
2010 02 27 07 10 00 2 3717.536
2010 02 27 07 11 00 2 3717.532
2010 02 27 07 12 00 2 3717.526
2010 02 27 07 13 00 2 3717.525
2010 02 27 07 13 45 3 3717.539
2010 02 27 07 14 00 2 3717.461
2010 02 27 07 14 00 3 3717.521
2010 02 27 07 14 15 3 3717.487
2010 02 27 07 14 30 3 3717.545
2010 02 27 07 14 45 3 3717.523
2010 02 27 07 15 00 1 9999.000
2010 02 27 07 15 00 2 3717.446
2010 02 27 07 15 00 3 3717.500
2010 02 27 07 15 15 3 3717.508
2010 02 27 07 15 30 3 3717.516
2010 02 27 07 15 45 3 3717.505
2010 02 27 07 16 00 2 3717.514
2010 02 27 07 16 00 3 3717.504
2010 02 27 07 16 15 3 3717.512
2010 02 27 07 16 30 3 3717.514
2010 02 27 07 16 45 3 3717.527
2010 02 27 07 17 00 2 3717.477
2010 02 27 07 17 00 3 3717.520
2010 02 27 07 17 15 3 3717.506
2010 02 27 07 17 30 3 3717.511
2010 02 27 07 18 00 2 3717.440
2010 02 27 07 19 00 2 3717.501
2010 02 27 07 20 00 2 3717.494
2010 02 27 07 21 00 2 3717.459
2010 02 27 07 22 00 2 3717.482
2010 02 27 07 23 00 2 3717.481
2010 02 27 07 24 00 2 3717.480
2010 02 27 07 25 00 2 3717.474
2010 02 27 07 26 00 2 3717.471
2010 02 27 07 27 00 2 3717.466
2010 02 27 07 28 00 2 3717.464
2010 02 27 07 29 00 2 3717.458
2010 02 27 07 30 00 1 9999.000
2010 02 27 07 30 00 2 3717.457
2010 02 27 07 31 00 2 3717.451
2010 02 27 07 32 00 2 3717.446
2010 02 27 07 33 00 2 3717.443
2010 02 27 07 34 00 2 3717.440
2010 02 27 07 35 00 2 3717.435
2010 02 27 07 36 00 2 3717.433
2010 02 27 07 37 00 2 3717.397
2010 02 27 07 38 00 2 3717.425
2010 02 27 07 39 00 2 3717.423
2010 02 27 07 40 00 2 3717.419
2010 02 27 07 41 00 2 3717.415
2010 02 27 07 42 00 2 3717.410
2010 02 27 07 43 00 2 3717.408
2010 02 27 07 44 00 2 3717.405
2010 02 27 07 45 00 1 9999.000
2010 02 27 07 45 00 2 3717.402
2010 02 27 07 46 00 2 3717.305
2010 02 27 07 47 00 2 3717.364
2010 02 27 07 48 00 2 3717.395
2010 02 27 07 49 00 2 3717.387
2010 02 27 07 50 00 2 3717.386
2010 02 27 07 51 00 2 3717.383
2010 02 27 07 52 00 2 3717.380
2010 02 27 07 53 00 2 3717.313
2010 02 27 07 54 00 2 3717.373
2010 02 27 07 55 00 2 3717.369
2010 02 27 07 56 00 2 3717.369
2010 02 27 07 57 00 2 3717.363
2010 02 27 07 58 00 2 3717.362
2010 02 27 07 59 00 2 3717.358
2010 02 27 08 00 00 1 9999.000
2010 02 27 08 00 00 2 3717.355
2010 02 27 08 01 00 2 3717.320
2010 02 27 08 02 00 2 3717.316
2010 02 27 08 03 00 2 3717.345
2010 02 27 08 04 00 2 3717.339
2010 02 27 08 05 00 2 3717.338
2010 02 27 08 06 00 2 3717.334
2010 02 27 08 07 00 2 3717.331
2010 02 27 08 08 00 2 3717.325
2010 02 27 08 09 00 2 3717.293
2010 02 27 08 10 00 2 3717.320
2010 02 27 08 11 00 2 3717.286
2010 02 27 08 12 00 2 3717.312
2010 02 27 08 13 00 2 3717.311
2010 02 27 08 14 00 2 3717.308
2010 02 27 08 15 00 1 9999.000
2010 02 27 08 15 00 2 3717.306
2010 02 27 08 16 00 2 3717.302
2010 02 27 08 17 00 2 3717.300
2010 02 27 08 18 00 2 3717.297
2010 02 27 08 19 00 2 3717.294
2010 02 27 08 20 00 2 3717.293
2010 02 27 08 21 00 2 3717.289
2010 02 27 08 22 00 2 3717.287
2010 02 27 08 23 00 2 3717.284
2010 02 27 08 24 00 2 3717.281
2010 02 27 08 25 00 2 3717.277
2010 02 27 08 26 00 2 3717.245
2010 02 27 08 27 00 2 3717.271
2010 02 27 08 28 00 2 3717.268
2010 02 27 08 29 00 2 3717.267
2010 02 27 08 30 00 1 9999.000
2010 02 27 08 30 00 2 3717.265
2010 02 27 08 31 00 2 3717.261
2010 02 27 08 32 00 2 3717.258
2010 02 27 08 33 00 2 3717.256
2010 02 27 08 34 00 2 3717.254
2010 02 27 08 35 00 2 3717.252
2010 02 27 08 36 00 2 3717.249
2010 02 27 08 37 00 2 3717.247
2010 02 27 08 38 00 2 3717.245
2010 02 27 08 39 00 2 3717.240
2010 02 27 08 40 00 2 3717.240
2010 02 27 08 41 00 2 3717.237
2010 02 27 08 42 00 2 3717.234
2010 02 27 08 43 00 2 3717.231
2010 02 27 08 44 00 2 3717.230
2010 02 27 08 45 00 1 9999.000
2010 02 27 08 45 00 2 3717.227
2010 02 27 08 46 00 2 3717.227
2010 02 27 08 47 00 2 3717.224
2010 02 27 08 48 00 2 3717.222
2010 02 27 08 49 00 2 3717.221
2010 02 27 08 50 00 2 3717.216
2010 02 27 08 51 00 2 3717.214
2010 02 27 08 52 00 2 3717.214
2010 02 27 08 53 00 2 3717.212
2010 02 27 08 54 00 2 3717.209
2010 02 27 08 55 00 2 3717.207
2010 02 27 08 56 00 2 3717.207
2010 02 27 08 57 00 2 3717.143
2010 02 27 08 58 00 2 3717.174
2010 02 27 08 59 00 2 3717.202
2010 02 27 09 00 00 1 9999.000
2010 02 27 09 00 00 2 3717.200
2010 02 27 09 01 00 2 3717.200
2010 02 27 09 02 00 2 3717.198
2010 02 27 09 03 00 2 3717.196
2010 02 27 09 04 00 2 3717.164
2010 02 27 09 05 00 2 3717.194
2010 02 27 09 06 00 2 3717.192
2010 02 27 09 07 00 2 3717.191
2010 02 27 09 08 00 2 3717.189
2010 02 27 09 09 00 2 3717.187
2010 02 27 09 10 00 2 3717.187
2010 02 27 09 11 00 2 3717.186
2010 02 27 09 12 00 2 3717.185
2010 02 27 09 13 00 2 3717.154
2010 02 27 09 14 00 2 3717.183
2010 02 27 09 15 00 1 9999.000
2010 02 27 09 15 00 2 3717.181
2010 02 27 09 16 00 2 3717.181
2010 02 27 09 17 00 2 3717.180
2010 02 27 09 18 00 2 3717.180
2010 02 27 09 19 00 2 3717.177
2010 02 27 09 20 00 2 3717.177
2010 02 27 09 21 00 2 3717.177
2010 02 27 09 22 00 2 3717.175
2010 02 27 09 23 00 2 3717.175
2010 02 27 09 24 00 2 3717.175
2010 02 27 09 25 00 2 3717.174
2010 02 27 09 26 00 2 3717.172
2010 02 27 09 27 00 2 3717.172
2010 02 27 09 28 00 2 3717.171
2010 02 27 09 29 00 2 3717.171
2010 02 27 09 30 00 1 9999.000
2010 02 27 09 30 00 2 3717.140
2010 02 27 09 31 00 2 3717.170
2010 02 27 09 32 00 2 3717.171
2010 02 27 09 33 00 2 3717.170
2010 02 27 09 34 00 2 3717.170
2010 02 27 09 35 00 2 3717.169
2010 02 27 09 36 00 2 3717.168
2010 02 27 09 37 00 2 3717.168
2010 02 27 09 38 00 2 3717.168
2010 02 27 09 39 00 2 3717.168
2010 02 27 09 40 00 2 3717.169
2010 02 27 09 41 00 2 3717.169
2010 02 27 09 42 00 2 3717.169
2010 02 27 09 43 00 2 3717.167
2010 02 27 09 44 00 2 3717.169
2010 02 27 09 45 00 1 9999.000
2010 02 27 09 45 00 2 3717.170
2010 02 27 09 46 00 2 3717.168
2010 02 27 09 47 00 2 3717.106
2010 02 27 09 48 00 2 3717.169
2010 02 27 09 49 00 2 3717.168
2010 02 27 09 50 00 2 3717.169
2010 02 27 09 51 00 2 3717.169
2010 02 27 09 52 00 2 3717.170
2010 02 27 09 53 00 2 3717.170
2010 02 27 09 54 00 2 3717.170
2010 02 27 09 55 00 2 3717.172
2010 02 27 09 56 00 2 3717.172
2010 02 27 09 57 00 2 3717.172
2010 02 27 09 58 00 2 3717.173
2010 02 27 09 59 00 2 3717.174
2010 02 27 10 00 00 1 9999.000
2010 02 27 10 00 00 2 3717.174
2010 02 27 10 01 00 2 3717.175
2010 02 27 10 02 00 2 3717.145
2010 02 27 10 03 00 2 3717.209
2010 02 27 10 04 00 2 3717.179
2010 02 27 10 05 00 2 3717.181
2010 02 27 10 06 00 2 3717.182
2010 02 27 10 07 00 2 3717.182
2010 02 27 10 08 00 2 3717.184
2010 02 27 10 09 00 2 3717.185
2010 02 27 10 10 00 2 3717.187
2010 02 27 10 11 00 2 3717.188
2010 02 27 10 12 00 2 3717.188
2010 02 27 10 13 00 2 3717.189
2010 02 27 10 14 00 2 3717.191
2010 02 27 10 15 00 1 9999.000
2010 02 27 10 15 00 2 3717.192
2010 02 27 10 16 00 2 3717.193
2010 02 27 10 17 00 2 3717.195
2010 02 27 10 18 00 2 3717.104
2010 02 27 10 19 00 2 3717.199
2010 02 27 10 20 00 2 3717.199
2010 02 27 10 21 00 2 3717.200
2010 02 27 10 22 00 2 3717.203
2010 02 27 10 23 00 2 3717.206
2010 02 27 10 24 00 2 3717.207
2010 02 27 10 25 00 2 3717.209
2010 02 27 10 26 00 2 3717.212
2010 02 27 10 27 00 2 3717.214
2010 02 27 10 28 00 2 3717.216
2010 02 27 10 29 00 2 3717.219
2010 02 27 10 30 00 1 9999.000
2010 02 27 10 30 00 2 3717.220
2010 02 27 10 31 00 2 3717.223
2010 02 27 10 32 00 2 3717.226
2010 02 27 10 33 00 2 3717.228
2010 02 27 10 34 00 2 3717.230
2010 02 27 10 35 00 2 3717.231
2010 02 27 10 36 00 2 3717.235
2010 02 27 10 37 00 2 3717.236
2010 02 27 10 38 00 2 3717.239
2010 02 27 10 39 00 2 3717.241
2010 02 27 10 40 00 2 3717.242
2010 02 27 10 41 00 2 3717.247
2010 02 27 10 42 00 2 3717.250
2010 02 27 10 43 00 2 3717.253
2010 02 27 10 44 00 2 3717.257
2010 02 27 10 45 00 1 9999.000
2010 02 27 10 45 00 2 3717.261
2010 02 27 10 46 00 2 3717.263
2010 02 27 10 47 00 2 3717.265
2010 02 27 10 48 00 2 3717.268
2010 02 27 10 49 00 2 3717.271
2010 02 27 10 50 00 2 3717.273
2010 02 27 10 51 00 2 3717.276
2010 02 27 10 52 00 2 3717.280
2010 02 27 10 53 00 2 3717.281
2010 02 27 10 54 00 2 3717.285
2010 02 27 10 55 00 2 3717.287
2010 02 27 10 56 00 2 3717.290
2010 02 27 10 57 00 2 3717.294
2010 02 27 10 58 00 2 3717.296
2010 02 27 10 59 00 2 3717.300
2010 02 27 11 00 00 1 9999.000
2010 02 27 11 15 00 1 3717.361
2010 02 27 11 30 00 1 3717.427
2010 02 27 11 45 00 1 3717.503
2010 02 27 12 00 00 1 3717.583
2010 02 27 12 15 00 1 3717.667
2010 02 27 12 30 00 1 3717.753
2010 02 27 12 45 00 1 3717.845
2010 02 27 13 00 00 1 3717.937
2010 02 27 13 15 00 1 3718.022
2010 02 27 13 30 00 1 3718.110
2010 02 27 13 45 00 1 3718.192
2010 02 27 14 00 00 1 3718.268
2010 02 27 14 15 00 1 3718.339
2010 02 27 14 30 00 1 3718.402
2010 02 27 14 45 00 1 3718.460
2010 02 27 15 00 00 1 3718.504
2010 02 27 15 15 00 1 3718.536
2010 02 27 15 30 00 1 3718.565
2010 02 27 15 45 00 1 3718.576
2010 02 27 16 00 00 1 3718.575
2010 02 27 16 15 00 1 3718.557
2010 02 27 16 30 00 1 3718.529
2010 02 27 16 45 00 1 3718.484
2010 02 27 17 00 00 1 3718.430
2010 02 27 17 15 00 1 3718.361
2010 02 27 17 30 00 1 3718.283
2010 02 27 17 45 00 1 3718.197
2010 02 27 18 00 00 1 3718.102
2010 02 27 18 00 00 2 3718.099
2010 02 27 18 01 00 2 3718.091
2010 02 27 18 02 00 2 3718.085
2010 02 27 18 03 00 2 3718.077
2010 02 27 18 04 00 2 3718.039
2010 02 27 18 05 00 2 3718.064
2010 02 27 18 06 00 2 3718.058
2010 02 27 18 07 00 2 3718.019
2010 02 27 18 08 00 2 3718.042
2010 02 27 18 09 00 2 3718.034
2010 02 27 18 10 00 2 3718.029
2010 02 27 18 11 00 2 3718.022
2010 02 27 18 12 00 2 3718.013
2010 02 27 18 13 00 2 3718.005
2010 02 27 18 14 00 2 3717.999
2010 02 27 18 15 00 1 3717.994
2010 02 27 18 15 00 2 3717.991
2010 02 27 18 16 00 2 3717.985
2010 02 27 18 17 00 2 3717.977
2010 02 27 18 18 00 2 3717.970
2010 02 27 18 19 00 2 3717.963
2010 02 27 18 20 00 2 3717.956
2010 02 27 18 21 00 2 3717.949
2010 02 27 18 22 00 2 3717.942
2010 02 27 18 23 00 2 3717.934
2010 02 27 18 24 00 2 3717.926
2010 02 27 18 25 00 2 3717.920
2010 02 27 18 26 00 2 3717.912
2010 02 27 18 27 00 2 3717.905
2010 02 27 18 28 00 2 3717.897
2010 02 27 18 29 00 2 3717.889
2010 02 27 18 30 00 1 3717.887
2010 02 27 18 30 00 2 3717.883
2010 02 27 18 31 00 2 3717.875
2010 02 27 18 32 00 2 3717.867
2010 02 27 18 33 00 2 3717.860
2010 02 27 18 34 00 2 3717.852
2010 02 27 18 35 00 2 3717.844
2010 02 27 18 36 00 2 3717.837
2010 02 27 18 37 00 2 3717.830
2010 02 27 18 38 00 2 3717.822
2010 02 27 18 39 00 2 3717.814
2010 02 27 18 40 00 2 3717.806
2010 02 27 18 41 00 2 3717.799
2010 02 27 18 42 00 2 3717.791
2010 02 27 18 43 00 2 3717.783
2010 02 27 18 44 00 2 3717.774
2010 02 27 18 45 00 1 3717.770
2010 02 27 18 45 00 2 3717.767
2010 02 27 18 46 00 2 3717.759
2010 02 27 18 47 00 2 3717.752
2010 02 27 18 48 00 2 3717.744
2010 02 27 18 49 00 2 3717.735
2010 02 27 18 50 00 2 3717.727
2010 02 27 18 51 00 2 3717.720
2010 02 27 18 52 00 2 3717.712
2010 02 27 18 53 00 2 3717.705
2010 02 27 18 54 00 2 3717.697
2010 02 27 18 55 00 2 3717.688
2010 02 27 18 56 00 2 3717.680
2010 02 27 18 57 00 2 3717.672
2010 02 27 18 58 00 2 3717.665
2010 02 27 18 59 00 2 3717.657
2010 02 27 19 00 00 1 3717.651
2010 02 27 19 00 00 2 3717.648
2010 02 27 19 01 00 2 3717.639
2010 02 27 19 02 00 2 3717.632
2010 02 27 19 03 00 2 3717.623
2010 02 27 19 04 00 2 3717.615
2010 02 27 19 05 00 2 3717.607
2010 02 27 19 06 00 2 3717.598
2010 02 27 19 07 00 2 3717.528
2010 02 27 19 08 00 2 3717.581
2010 02 27 19 09 00 2 3717.573
2010 02 27 19 10 00 2 3717.566
2010 02 27 19 11 00 2 3717.558
2010 02 27 19 12 00 2 3717.549
2010 02 27 19 13 00 2 3717.542
2010 02 27 19 14 00 2 3717.534
2010 02 27 19 15 00 1 9999.000
2010 02 27 19 15 00 2 3717.524
2010 02 27 19 16 00 2 3717.516
2010 02 27 19 17 00 2 3717.509
2010 02 27 19 18 00 2 3717.500
2010 02 27 19 19 00 2 3717.490
2010 02 27 19 20 00 2 3717.482
2010 02 27 19 21 00 2 3717.474
2010 02 27 19 22 00 2 3717.465
2010 02 27 19 23 00 2 3717.457
2010 02 27 19 24 00 2 3717.448
2010 02 27 19 25 00 2 3717.438
2010 02 27 19 26 00 2 3717.428
2010 02 27 19 27 00 2 3717.420
2010 02 27 19 28 00 2 3717.409
2010 02 27 19 29 00 2 3717.401
2010 02 27 19 30 00 1 9999.000
2010 02 27 19 30 00 2 3717.392
2010 02 27 19 31 00 2 3717.384
2010 02 27 19 32 00 2 3717.376
2010 02 27 19 33 00 2 3717.371
2010 02 27 19 33 15 3 3717.371
2010 02 27 19 33 30 3 3717.371
2010 02 27 19 33 45 3 3717.371
2010 02 27 19 34 00 2 3717.338
2010 02 27 19 34 00 3 3717.247
2010 02 27 19 34 15 3 3717.369
2010 02 27 19 34 30 3 3717.369
2010 02 27 19 34 45 3 3717.367
2010 02 27 19 35 00 2 3717.367
2010 02 27 19 35 00 3 3717.367
2010 02 27 19 35 15 3 3717.367
2010 02 27 19 35 30 3 3717.367
2010 02 27 19 35 45 3 3717.368
2010 02 27 19 36 00 2 3717.369
2010 02 27 19 36 00 3 3717.368
2010 02 27 19 36 15 3 3717.369
2010 02 27 19 36 30 3 3717.369
2010 02 27 19 36 45 3 3717.370
2010 02 27 19 37 00 2 3717.343
2010 02 27 19 37 00 3 3717.371
2010 02 27 19 37 30 3 3717.373
2010 02 27 19 37 45 3 3717.374
2010 02 27 19 38 00 2 3717.350
2010 02 27 19 38 00 3 3717.376
2010 02 27 19 38 15 3 3717.377
2010 02 27 19 38 30 3 3717.380
2010 02 27 19 38 45 3 3717.382
2010 02 27 19 39 00 2 3717.328
2010 02 27 19 39 00 3 3717.385
2010 02 27 19 39 15 3 3717.387
2010 02 27 19 39 30 3 3717.389
2010 02 27 19 39 45 3 3717.391
2010 02 27 19 40 00 2 3717.398
2010 02 27 19 40 00 3 3717.393
2010 02 27 19 40 15 3 3717.395
2010 02 27 19 40 30 3 3717.396
2010 02 27 19 40 45 3 3717.399
2010 02 27 19 41 00 2 3717.374
2010 02 27 19 41 00 3 3717.401
2010 02 27 19 41 15 3 3717.403
2010 02 27 19 42 00 2 3717.345
2010 02 27 19 43 00 2 3717.405
2010 02 27 19 44 00 2 3717.394
2010 02 27 19 45 00 1 9999.000
2010 02 27 19 45 00 2 3717.377
2010 02 27 19 46 00 2 3717.322
2010 02 27 19 47 00 2 3717.326
2010 02 27 19 48 00 2 3717.301
2010 02 27 19 49 00 2 3717.277
2010 02 27 19 50 00 2 3717.261
2010 02 27 19 51 00 2 3717.252
2010 02 27 19 52 00 2 3717.249
2010 02 27 19 53 00 2 3717.253
2010 02 27 19 54 00 2 3717.228
2010 02 27 19 55 00 2 3717.262
2010 02 27 19 56 00 2 3717.262
2010 02 27 19 57 00 2 3717.257
2010 02 27 19 58 00 2 3717.246
2010 02 27 19 59 00 2 3717.233
2010 02 27 20 00 00 1 9999.000
2010 02 27 20 00 00 2 3717.219
2010 02 27 20 01 00 2 3717.173
2010 02 27 20 02 00 2 3717.188
2010 02 27 20 03 00 2 3717.172
2010 02 27 20 04 00 2 3717.156
2010 02 27 20 05 00 2 3717.142
2010 02 27 20 06 00 2 3717.129
2010 02 27 20 07 00 2 3717.118
2010 02 27 20 08 00 2 3717.111
2010 02 27 20 09 00 2 3717.078
2010 02 27 20 10 00 2 3717.105
2010 02 27 20 11 00 2 3717.101
2010 02 27 20 12 00 2 3717.097
2010 02 27 20 13 00 2 3717.091
2010 02 27 20 14 00 2 3717.088
2010 02 27 20 15 00 1 9999.000
2010 02 27 20 15 00 2 3717.084
2010 02 27 20 16 00 2 3717.081
2010 02 27 20 17 00 2 3717.075
2010 02 27 20 18 00 2 3717.069
2010 02 27 20 19 00 2 3717.062
2010 02 27 20 20 00 2 3717.050
2010 02 27 20 21 00 2 3717.033
2010 02 27 20 22 00 2 3717.015
2010 02 27 20 23 00 2 3716.997
2010 02 27 20 24 00 2 3716.985
2010 02 27 20 25 00 2 3716.980
2010 02 27 20 26 00 2 3716.981
2010 02 27 20 27 00 2 3716.980
2010 02 27 20 28 00 2 3716.977
2010 02 27 20 29 00 2 3716.977
2010 02 27 20 30 00 1 9999.000
2010 02 27 20 30 00 2 3716.979
2010 02 27 20 31 00 2 3716.989
2010 02 27 20 32 00 2 3716.996
2010 02 27 20 33 00 2 3716.989
2010 02 27 20 34 00 2 3716.938
2010 02 27 20 35 00 2 3716.941
2010 02 27 20 36 00 2 3716.917
2010 02 27 20 37 00 2 3716.903
2010 02 27 20 38 00 2 3716.894
2010 02 27 20 39 00 2 3716.886
2010 02 27 20 40 00 2 3716.876
2010 02 27 20 41 00 2 3716.872
2010 02 27 20 42 00 2 3716.845
2010 02 27 20 43 00 2 3716.853
2010 02 27 20 44 00 2 3716.879
2010 02 27 20 45 00 1 9999.000
2010 02 27 20 45 00 2 3716.862
2010 02 27 20 46 00 2 3716.841
2010 02 27 20 47 00 2 3716.829
2010 02 27 20 48 00 2 3716.830
2010 02 27 20 49 00 2 3716.832
2010 02 27 20 50 00 2 3716.794
2010 02 27 20 51 00 2 3716.775
2010 02 27 20 52 00 2 3716.787
2010 02 27 20 53 00 2 3716.779
2010 02 27 20 54 00 2 3716.780
2010 02 27 20 55 00 2 3716.778
2010 02 27 20 56 00 2 3716.770
2010 02 27 20 57 00 2 3716.771
2010 02 27 20 58 00 2 3716.783
2010 02 27 20 59 00 2 3716.799
2010 02 27 21 00 00 1 9999.000
2010 02 27 21 00 00 2 3716.805
2010 02 27 21 01 00 2 3716.790
2010 02 27 21 02 00 2 3716.770
2010 02 27 21 03 00 2 3716.757
2010 02 27 21 04 00 2 3716.752
2010 02 27 21 05 00 2 3716.753
2010 02 27 21 06 00 2 3716.755
2010 02 27 21 07 00 2 3716.717
2010 02 27 21 08 00 2 3716.741
2010 02 27 21 09 00 2 3716.729
2010 02 27 21 10 00 2 3716.712
2010 02 27 21 11 00 2 3716.695
2010 02 27 21 12 00 2 3716.679
2010 02 27 21 13 00 2 3716.673
2010 02 27 21 14 00 2 3716.673
2010 02 27 21 15 00 1 9999.000
2010 02 27 21 15 00 2 3716.675
2010 02 27 21 16 00 2 3716.676
2010 02 27 21 17 00 2 3716.677
2010 02 27 21 18 00 2 3716.676
2010 02 27 21 19 00 2 3716.677
2010 02 27 21 20 00 2 3716.675
2010 02 27 21 21 00 2 3716.669
2010 02 27 21 22 00 2 3716.654
2010 02 27 21 23 00 2 3716.607
2010 02 27 21 24 00 2 3716.625
2010 02 27 21 25 00 2 3716.624
2010 02 27 21 26 00 2 3716.623
2010 02 27 21 27 00 2 3716.613
2010 02 27 21 28 00 2 3716.594
2010 02 27 21 29 00 2 3716.580
2010 02 27 21 30 00 1 9999.000
2010 02 27 21 30 00 2 3716.581
2010 02 27 21 31 00 2 3716.589
2010 02 27 21 32 00 2 3716.591
2010 02 27 21 33 00 2 3716.582
2010 02 27 21 34 00 2 3716.577
2010 02 27 21 35 00 2 3716.581
2010 02 27 21 36 00 2 3716.582
2010 02 27 21 37 00 2 3716.545
2010 02 27 21 38 00 2 3716.598
2010 02 27 21 39 00 2 3716.562
2010 02 27 21 40 00 2 3716.553
2010 02 27 21 41 00 2 3716.540
2010 02 27 21 42 00 2 3716.533
2010 02 27 21 43 00 2 3716.534
2010 02 27 21 44 00 2 3716.530
2010 02 27 21 45 00 1 9999.000
2010 02 27 21 45 00 2 3716.523
2010 02 27 21 46 00 2 3716.523
2010 02 27 21 47 00 2 3716.530
2010 02 27 21 48 00 2 3716.528
2010 02 27 21 49 00 2 3716.515
2010 02 27 21 50 00 2 3716.515
2010 02 27 21 51 00 2 3716.530
2010 02 27 21 52 00 2 3716.545
2010 02 27 21 53 00 2 3716.513
2010 02 27 21 54 00 2 3716.530
2010 02 27 21 55 00 2 3716.521
2010 02 27 21 56 00 2 3716.520
2010 02 27 21 57 00 2 3716.515
2010 02 27 21 58 00 2 3716.511
2010 02 27 21 59 00 2 3716.513
2010 02 27 22 00 00 1 9999.000
2010 02 27 22 00 00 2 3716.512
2010 02 27 22 01 00 2 3716.505
2010 02 27 22 02 00 2 3716.501
2010 02 27 22 03 00 2 3716.504
2010 02 27 22 04 00 2 3716.507
2010 02 27 22 05 00 2 3716.498
2010 02 27 22 06 00 2 3716.496
2010 02 27 22 07 00 2 3716.506
2010 02 27 22 08 00 2 3716.515
2010 02 27 22 09 00 2 3716.506
2010 02 27 22 10 00 2 3716.492
2010 02 27 22 11 00 2 3716.398
2010 02 27 22 12 00 2 3716.499
2010 02 27 22 13 00 2 3716.500
2010 02 27 22 14 00 2 3716.484
2010 02 27 22 15 00 1 9999.000
2010 02 27 22 15 00 2 3716.468
2010 02 27 22 16 00 2 3716.466
2010 02 27 22 17 00 2 3716.468
2010 02 27 22 18 00 2 3716.463
2010 02 27 22 19 00 2 3716.458
2010 02 27 22 20 00 2 3716.462
2010 02 27 22 21 00 2 3716.465
2010 02 27 22 22 00 2 3716.466
2010 02 27 22 23 00 2 3716.469
2010 02 27 22 24 00 2 3716.477
2010 02 27 22 25 00 2 3716.454
2010 02 27 22 26 00 2 3716.483
2010 02 27 22 27 00 2 3716.474
2010 02 27 22 28 00 2 3716.469
2010 02 27 22 29 00 2 3716.467
2010 02 27 22 30 00 1 9999.000
2010 02 27 22 30 00 2 3716.468
2010 02 27 22 31 00 2 3716.467
2010 02 27 22 32 00 2 3716.464
2010 02 27 22 33 00 2 3716.462
2010 02 27 22 34 00 2 3716.460
2010 02 27 22 35 00 2 3716.463
2010 02 27 22 36 00 2 3716.477
2010 02 27 22 37 00 2 3716.492
2010 02 27 22 38 00 2 3716.492
2010 02 27 22 39 00 2 3716.486
2010 02 27 22 40 00 2 3716.491
2010 02 27 22 41 00 2 3716.464
2010 02 27 22 42 00 2 3716.457
2010 02 27 22 43 00 2 3716.486
2010 02 27 22 44 00 2 3716.490
2010 02 27 22 45 00 1 9999.000
2010 02 27 22 45 00 2 3716.490
2010 02 27 22 46 00 2 3716.488
2010 02 27 22 47 00 2 3716.496
2010 02 27 22 48 00 2 3716.500
2010 02 27 22 49 00 2 3716.498
2010 02 27 22 50 00 2 3716.498
2010 02 27 22 51 00 2 3716.496
2010 02 27 22 52 00 2 3716.491
2010 02 27 22 53 00 2 3716.491
2010 02 27 22 54 00 2 3716.495
2010 02 27 22 55 00 2 3716.488
2010 02 27 22 56 00 2 3716.475
2010 02 27 22 57 00 2 3716.464
2010 02 27 22 58 00 2 3716.458
2010 02 27 22 59 00 2 3716.465
2010 02 27 23 00 00 1 9999.000
2010 02 27 23 00 00 2 3716.480
2010 02 27 23 01 00 2 3716.461
2010 02 27 23 02 00 2 3716.502
2010 02 27 23 03 00 2 3716.510
2010 02 27 23 04 00 2 3716.507
2010 02 27 23 05 00 2 3716.499
2010 02 27 23 06 00 2 3716.499
2010 02 27 23 07 00 2 3716.469
2010 02 27 23 08 00 2 3716.496
2010 02 27 23 09 00 2 3716.501
2010 02 27 23 10 00 2 3716.503
2010 02 27 23 11 00 2 3716.491
2010 02 27 23 12 00 2 3716.484
2010 02 27 23 13 00 2 3716.490
2010 02 27 23 14 00 2 3716.498
2010 02 27 23 15 00 1 9999.000
2010 02 27 23 15 00 2 3716.498
2010 02 27 23 16 00 2 3716.493
2010 02 27 23 17 00 2 3716.494
2010 02 27 23 18 00 2 3716.503
2010 02 27 23 19 00 2 3716.518
2010 02 27 23 20 00 2 3716.531
2010 02 27 23 21 00 2 3716.534
2010 02 27 23 22 00 2 3716.529
2010 02 27 23 23 00 2 3716.528
2010 02 27 23 24 00 2 3716.548
2010 02 27 23 25 00 2 3716.567
2010 02 27 23 26 00 2 3716.564
2010 02 27 23 27 00 2 3716.556
2010 02 27 23 28 00 2 3716.561
2010 02 27 23 29 00 2 3716.571
2010 02 27 23 30 00 1 9999.000
2010 02 27 23 30 00 2 3716.570
2010 02 27 23 31 00 2 3716.563
2010 02 27 23 32 00 2 3716.563
2010 02 27 23 33 00 2 3716.569
2010 02 27 23 34 00 2 3716.575
2010 02 27 23 35 00 2 3716.582
2010 02 27 23 36 00 2 3716.588
2010 02 27 23 37 00 2 3716.596
2010 02 27 23 38 00 2 3716.599
2010 02 27 23 39 00 2 3716.608
2010 02 27 23 40 00 2 3716.619
2010 02 27 23 41 00 2 3716.617
2010 02 27 23 42 00 2 3716.605
2010 02 27 23 43 00 2 3716.609
2010 02 27 23 44 00 2 3716.624
2010 02 27 23 45 00 1 9999.000
2010 02 27 23 45 00 2 3716.625
2010 02 27 23 46 00 2 3716.614
2010 02 27 23 47 00 2 3716.607
2010 02 27 23 48 00 2 3716.615
2010 02 27 23 49 00 2 3716.622
2010 02 27 23 50 00 2 3716.619
2010 02 27 23 51 00 2 3716.616
2010 02 27 23 52 00 2 3716.626
2010 02 27 23 53 00 2 3716.632
2010 02 27 23 54 00 2 3716.640
2010 02 27 23 55 00 2 3716.653
2010 02 27 23 56 00 2 3716.661
2010 02 27 23 57 00 2 3716.657
2010 02 27 23 58 00 2 3716.662
2010 02 27 23 59 00 2 3716.669
2010 02 28 00 00 00 1 9999.000
2010 02 28 00 00 00 2 3716.668
2010 02 28 00 00 15 2 3716.668
2010 02 28 00 01 00 2 3716.641
2010 02 28 00 01 15 2 3716.641
2010 02 28 00 02 00 2 3716.684
2010 02 28 00 02 15 2 3716.684
2010 02 28 00 03 00 2 3716.686
2010 02 28 00 03 15 2 3716.686
2010 02 28 00 04 00 2 3716.649
2010 02 28 00 04 15 2 3716.649
2010 02 28 00 05 00 2 3716.687
2010 02 28 00 05 15 2 3716.687
2010 02 28 00 06 00 2 3716.699
2010 02 28 00 06 15 2 3716.699
2010 02 28 00 07 00 2 3716.690
2010 02 28 00 07 15 2 3716.690
2010 02 28 00 08 00 2 3716.686
2010 02 28 00 08 15 2 3716.686
2010 02 28 00 09 00 2 3716.696
2010 02 28 00 09 15 2 3716.696
2010 02 28 00 10 00 2 3716.702
2010 02 28 00 10 15 2 3716.702
2010 02 28 00 11 00 2 3716.707
2010 02 28 00 11 15 2 3716.707
2010 02 28 00 12 00 2 3716.704
2010 02 28 00 12 15 2 3716.704
2010 02 28 00 13 00 2 3716.704
2010 02 28 00 13 15 2 3716.704
2010 02 28 00 14 00 2 3716.712
2010 02 28 00 14 15 2 3716.712
2010 02 28 00 15 00 1 9999.000
2010 02 28 00 15 00 2 3716.718
2010 02 28 00 15 15 2 3716.718
2010 02 28 00 16 00 2 3716.727
2010 02 28 00 16 15 2 3716.727
2010 02 28 00 17 00 2 3716.741
2010 02 28 00 17 15 2 3716.741
2010 02 28 00 18 00 2 3716.739
2010 02 28 00 18 15 2 3716.739
2010 02 28 00 19 00 2 3716.739
2010 02 28 00 19 15 2 3716.739
2010 02 28 00 20 00 2 3716.742
2010 02 28 00 20 15 2 3716.742
2010 02 28 00 21 00 2 3716.734
2010 02 28 00 21 15 2 3716.734
2010 02 28 00 22 00 2 3716.736
2010 02 28 00 22 15 2 3716.736
2010 02 28 00 23 00 2 3716.753
2010 02 28 00 23 15 2 3716.753
2010 02 28 00 24 00 2 3716.767
2010 02 28 00 24 15 2 3716.767
2010 02 28 00 25 00 2 3716.786
2010 02 28 00 25 15 2 3716.786
2010 02 28 00 26 00 2 3716.798
2010 02 28 00 26 15 2 3716.798
2010 02 28 00 27 00 2 3716.800
2010 02 28 00 27 15 2 3716.800
2010 02 28 00 28 00 2 3716.806
2010 02 28 00 28 15 2 3716.806
2010 02 28 00 29 00 2 3716.817
2010 02 28 00 29 15 2 3716.817
2010 02 28 00 30 00 1 9999.000
2010 02 28 00 30 00 2 3716.826
2010 02 28 00 30 15 2 3716.826
2010 02 28 00 31 00 2 3716.831
2010 02 28 00 31 15 2 3716.831
2010 02 28 00 32 00 2 3716.826
2010 02 28 00 32 15 2 3716.826
2010 02 28 00 33 00 2 3716.832
2010 02 28 00 33 15 2 3716.832
2010 02 28 00 34 00 2 3716.835
2010 02 28 00 34 15 2 3716.835
2010 02 28 00 35 00 2 3716.829
2010 02 28 00 35 15 2 3716.829
2010 02 28 00 36 00 2 3716.830
2010 02 28 00 36 15 2 3716.830
2010 02 28 00 37 00 2 3716.829
2010 02 28 00 37 15 2 3716.829
2010 02 28 00 38 00 2 3716.830
2010 02 28 00 38 15 2 3716.830
2010 02 28 00 39 00 2 3716.835
2010 02 28 00 39 15 2 3716.835
2010 02 28 00 40 00 2 3716.837
2010 02 28 00 40 15 2 3716.837
2010 02 28 00 41 00 2 3716.850
2010 02 28 00 41 15 2 3716.850
2010 02 28 00 42 00 2 3716.860
2010 02 28 00 42 15 2 3716.860
2010 02 28 00 43 00 2 3716.868
2010 02 28 00 43 15 2 3716.868
2010 02 28 00 44 00 2 3716.884
2010 02 28 00 44 15 2 3716.884
2010 02 28 00 45 00 1 9999.000
2010 02 28 00 45 00 2 3716.895
2010 02 28 00 45 15 2 3716.895
2010 02 28 00 46 00 2 3716.911
2010 02 28 00 46 15 2 3716.911
2010 02 28 00 47 00 2 3716.930
2010 02 28 00 47 15 2 3716.930
2010 02 28 00 48 00 2 3716.932
2010 02 28 00 48 15 2 3716.932
2010 02 28 00 49 00 2 3716.929
2010 02 28 00 49 15 2 3716.929
2010 02 28 00 50 00 2 3716.937
2010 02 28 00 50 15 2 3716.937
2010 02 28 00 51 00 2 3716.939
2010 02 28 00 51 15 2 3716.939
2010 02 28 00 52 00 2 3716.937
2010 02 28 00 52 15 2 3716.937
2010 02 28 00 53 00 2 3716.941
2010 02 28 00 53 15 2 3716.941
2010 02 28 00 54 00 2 3716.948
2010 02 28 00 54 15 2 3716.948
2010 02 28 00 55 00 2 3716.956
2010 02 28 00 55 15 2 3716.956
2010 02 28 00 56 00 2 3716.966
2010 02 28 00 56 15 2 3716.966
2010 02 28 00 57 00 2 3716.972
2010 02 28 00 57 15 2 3716.972
2010 02 28 00 58 00 2 3716.975
2010 02 28 00 58 15 2 3716.975
2010 02 28 00 59 00 2 3716.973
2010 02 28 00 59 15 2 3716.973
2010 02 28 01 00 00 1 9999.000
2010 02 28 01 00 00 2 3716.979
2010 02 28 01 00 15 2 3716.979
2010 02 28 01 01 00 2 3716.906
2010 02 28 01 01 15 2 3716.906
2010 02 28 01 02 00 2 3717.012
2010 02 28 01 02 15 2 3717.012
2010 02 28 01 03 00 2 3717.016
2010 02 28 01 03 15 2 3717.016
2010 02 28 01 04 00 2 3717.018
2010 02 28 01 04 15 2 3717.018
2010 02 28 01 05 00 2 3717.024
2010 02 28 01 05 15 2 3717.024
2010 02 28 01 06 00 2 3717.018
2010 02 28 01 06 15 2 3717.018
2010 02 28 01 07 00 2 3716.954
2010 02 28 01 07 15 2 3716.954
2010 02 28 01 08 00 2 3717.022
2010 02 28 01 08 15 2 3717.022
2010 02 28 01 09 00 2 3717.032
2010 02 28 01 09 15 2 3717.032
2010 02 28 01 10 00 2 3717.043
2010 02 28 01 10 15 2 3717.043
2010 02 28 01 11 00 2 3717.045
2010 02 28 01 11 15 2 3717.045
2010 02 28 01 12 00 2 3717.042
2010 02 28 01 12 15 2 3717.042
2010 02 28 01 13 00 2 3717.051
2010 02 28 01 13 15 2 3717.051
2010 02 28 01 14 00 2 3717.066
2010 02 28 01 14 15 2 3717.066
2010 02 28 01 15 00 1 9999.000
2010 02 28 01 15 00 2 3717.071
2010 02 28 01 15 15 2 3717.071
2010 02 28 01 16 00 2 3717.088
2010 02 28 01 16 15 2 3717.088
2010 02 28 01 17 00 2 3717.098
2010 02 28 01 17 15 2 3717.098
2010 02 28 01 18 00 2 3717.093
2010 02 28 01 18 15 2 3717.093
2010 02 28 01 19 00 2 3717.094
2010 02 28 01 19 15 2 3717.094
2010 02 28 01 20 00 2 3717.103
2010 02 28 01 20 15 2 3717.103
2010 02 28 01 21 00 2 3717.119
2010 02 28 01 21 15 2 3717.119
2010 02 28 01 22 00 2 3717.137
2010 02 28 01 22 15 2 3717.137
2010 02 28 01 23 00 2 3717.141
2010 02 28 01 23 15 2 3717.141
2010 02 28 01 24 00 2 3717.150
2010 02 28 01 24 15 2 3717.150
2010 02 28 01 25 00 2 3717.164
2010 02 28 01 25 15 2 3717.164
2010 02 28 01 26 00 2 3717.168
2010 02 28 01 26 15 2 3717.168
2010 02 28 01 27 00 2 3717.167
2010 02 28 01 27 15 2 3717.167
2010 02 28 01 28 00 2 3717.167
2010 02 28 01 28 15 2 3717.167
2010 02 28 01 29 00 2 3717.183
2010 02 28 01 29 15 2 3717.183
2010 02 28 01 30 00 1 9999.000
2010 02 28 01 30 00 2 3717.205
2010 02 28 01 30 15 2 3717.205
2010 02 28 01 31 00 2 3717.213
2010 02 28 01 31 15 2 3717.213
2010 02 28 01 32 00 2 3717.218
2010 02 28 01 32 15 2 3717.218
2010 02 28 01 33 00 2 3717.218
2010 02 28 01 33 15 2 3717.218
2010 02 28 01 34 00 2 3717.224
2010 02 28 01 34 15 2 3717.224
2010 02 28 01 35 00 2 3717.236
2010 02 28 01 35 15 2 3717.236
2010 02 28 01 36 00 2 3717.248
2010 02 28 01 36 15 2 3717.248
2010 02 28 01 37 00 2 3717.258
2010 02 28 01 37 15 2 3717.258
2010 02 28 01 38 00 2 3717.262
2010 02 28 01 38 15 2 3717.262
2010 02 28 01 39 00 2 3717.261
2010 02 28 01 39 15 2 3717.261
2010 02 28 01 40 00 2 3717.267
2010 02 28 01 40 15 2 3717.267
2010 02 28 01 41 00 2 3717.269
2010 02 28 01 41 15 2 3717.269
2010 02 28 01 42 00 2 3717.276
2010 02 28 01 42 15 2 3717.276
2010 02 28 01 43 00 2 3717.287
2010 02 28 01 43 15 2 3717.287
2010 02 28 01 44 00 2 3717.288
2010 02 28 01 44 15 2 3717.288
2010 02 28 01 45 00 1 9999.000
2010 02 28 01 45 00 2 3717.299
2010 02 28 01 45 15 2 3717.299
2010 02 28 01 46 00 2 3717.317
2010 02 28 01 46 15 2 3717.317
2010 02 28 01 47 00 2 3717.316
2010 02 28 01 47 15 2 3717.316
2010 02 28 01 48 00 2 3717.319
2010 02 28 01 48 15 2 3717.319
2010 02 28 01 49 00 2 3717.328
2010 02 28 01 49 15 2 3717.328
2010 02 28 01 50 00 2 3717.340
2010 02 28 01 50 15 2 3717.340
2010 02 28 01 51 00 2 3717.347
2010 02 28 01 51 15 2 3717.347
2010 02 28 01 52 00 2 3717.347
2010 02 28 01 52 15 2 3717.347
2010 02 28 01 53 00 2 3717.352
2010 02 28 01 53 15 2 3717.352
2010 02 28 01 54 00 2 3717.352
2010 02 28 01 54 15 2 3717.352
2010 02 28 01 55 00 2 3717.352
2010 02 28 01 55 15 2 3717.352
2010 02 28 01 56 00 2 3717.363
2010 02 28 01 56 15 2 3717.363
2010 02 28 01 57 00 2 3717.372
2010 02 28 01 57 15 2 3717.372
2010 02 28 01 58 00 2 3717.382
2010 02 28 01 58 15 2 3717.382
2010 02 28 01 59 00 2 3717.390
2010 02 28 01 59 15 2 3717.390
2010 02 28 02 00 00 1 9999.000
2010 02 28 02 00 00 2 3717.390
2010 02 28 02 01 00 2 3717.365
2010 02 28 02 02 00 2 3717.403
2010 02 28 02 03 00 2 3717.414
2010 02 28 02 04 00 2 3717.424
2010 02 28 02 05 00 2 3717.430
2010 02 28 02 06 00 2 3717.440
2010 02 28 02 07 00 2 3717.450
2010 02 28 02 08 00 2 3717.456
2010 02 28 02 09 00 2 3717.467
2010 02 28 02 10 00 2 3717.467
2010 02 28 02 11 00 2 3717.473
2010 02 28 02 12 00 2 3717.489
2010 02 28 02 13 00 2 3717.497
2010 02 28 02 14 00 2 3717.496
2010 02 28 02 15 00 1 9999.000
2010 02 28 02 15 00 2 3717.488
2010 02 28 02 16 00 2 3717.497
2010 02 28 02 17 00 2 3717.510
2010 02 28 02 18 00 2 3717.512
2010 02 28 02 19 00 2 3717.519
2010 02 28 02 20 00 2 3717.518
2010 02 28 02 21 00 2 3717.520
2010 02 28 02 22 00 2 3717.526
2010 02 28 02 23 00 2 3717.536
2010 02 28 02 24 00 2 3717.557
2010 02 28 02 25 00 2 3717.552
2010 02 28 02 26 00 2 3717.546
2010 02 28 02 27 00 2 3717.564
2010 02 28 02 28 00 2 3717.572
2010 02 28 02 29 00 2 3717.565
2010 02 28 02 30 00 1 9999.000
2010 02 28 02 30 00 2 3717.559
2010 02 28 02 31 00 2 3717.570
2010 02 28 02 32 00 2 3717.571
2010 02 28 02 33 00 2 3717.572
2010 02 28 02 34 00 2 3717.578
2010 02 28 02 35 00 2 3717.583
2010 02 28 02 36 00 2 3717.597
2010 02 28 02 37 00 2 3717.605
2010 02 28 02 38 00 2 3717.606
2010 02 28 02 39 00 2 3717.611
2010 02 28 02 40 00 2 3717.628
2010 02 28 02 41 00 2 3717.633
2010 02 28 02 42 00 2 3717.637
2010 02 28 02 43 00 2 3717.646
2010 02 28 02 44 00 2 3717.653
2010 02 28 02 45 00 1 9999.000
2010 02 28 02 45 00 2 3717.667
2010 02 28 02 46 00 2 3717.677
2010 02 28 02 47 00 2 3717.686
2010 02 28 02 48 00 2 3717.699
2010 02 28 02 49 00 2 3717.697
2010 02 28 02 50 00 2 3717.695
2010 02 28 02 51 00 2 3717.703
2010 02 28 02 52 00 2 3717.713
2010 02 28 02 53 00 2 3717.720
2010 02 28 02 54 00 2 3717.727
2010 02 28 02 55 00 2 3717.723
2010 02 28 02 56 00 2 3717.725
2010 02 28 02 57 00 2 3717.737
2010 02 28 02 58 00 2 3717.737
2010 02 28 02 59 00 2 3717.737
2010 02 28 03 00 00 1 9999.000
2010 02 28 03 00 00 2 3717.744
2010 02 28 03 01 00 2 3717.718
2010 02 28 03 02 00 2 3717.757
2010 02 28 03 03 00 2 3717.768
2010 02 28 03 04 00 2 3717.748
2010 02 28 03 05 00 2 3717.794
2010 02 28 03 06 00 2 3717.800
2010 02 28 03 07 00 2 3717.788
2010 02 28 03 08 00 2 3717.782
2010 02 28 03 09 00 2 3717.785
2010 02 28 03 10 00 2 3717.797
2010 02 28 03 11 00 2 3717.813
2010 02 28 03 12 00 2 3717.824
2010 02 28 03 13 00 2 3717.834
2010 02 28 03 14 00 2 3717.838
2010 02 28 03 15 00 1 9999.000
2010 02 28 03 15 00 2 3717.835
2010 02 28 03 16 00 2 3717.833
2010 02 28 03 17 00 2 3717.827
2010 02 28 03 18 00 2 3717.826
2010 02 28 03 19 00 2 3717.837
2010 02 28 03 20 00 2 3717.845
2010 02 28 03 21 00 2 3717.857
2010 02 28 03 22 00 2 3717.869
2010 02 28 03 23 00 2 3717.879
2010 02 28 03 24 00 2 3717.874
2010 02 28 03 25 00 2 3717.878
2010 02 28 03 26 00 2 3717.888
2010 02 28 03 27 00 2 3717.894
2010 02 28 03 28 00 2 3717.897
2010 02 28 03 29 00 2 3717.910
2010 02 28 03 30 00 1 9999.000
2010 02 28 03 30 00 2 3717.911
2010 02 28 03 31 00 2 3717.918
2010 02 28 03 32 00 2 3717.930
2010 02 28 03 33 00 2 3717.926
2010 02 28 03 34 00 2 3717.932
2010 02 28 03 35 00 2 3717.945
2010 02 28 03 36 00 2 3717.943
2010 02 28 03 37 00 2 3717.942
2010 02 28 03 38 00 2 3717.945
2010 02 28 03 39 00 2 3717.944
2010 02 28 03 40 00 2 3717.951
2010 02 28 03 41 00 2 3717.957
2010 02 28 03 42 00 2 3717.963
2010 02 28 03 43 00 2 3717.971
2010 02 28 03 44 00 2 3717.978
2010 02 28 03 45 00 1 9999.000
2010 02 28 03 45 00 2 3717.974
2010 02 28 03 46 00 2 3717.968
2010 02 28 03 47 00 2 3717.983
2010 02 28 03 48 00 2 3717.990
2010 02 28 03 49 00 2 3717.995
2010 02 28 03 50 00 2 3717.996
2010 02 28 03 51 00 2 3717.988
2010 02 28 03 52 00 2 3718.004
2010 02 28 03 53 00 2 3718.009
2010 02 28 03 54 00 2 3718.003
2010 02 28 03 55 00 2 3717.996
2010 02 28 03 56 00 2 3717.994
2010 02 28 03 57 00 2 3718.002
2010 02 28 03 58 00 2 3718.010
2010 02 28 03 59 00 2 3718.020
2010 02 28 04 00 00 1 9999.000
2010 02 28 04 00 00 2 3718.017
2010 02 28 04 01 00 2 3717.995
2010 02 28 04 02 00 2 3718.020
2010 02 28 04 03 00 2 3718.009
2010 02 28 04 04 00 2 3717.990
2010 02 28 04 05 00 2 3718.024
2010 02 28 04 06 00 2 3718.024
2010 02 28 04 07 00 2 3717.996
2010 02 28 04 08 00 2 3718.025
2010 02 28 04 09 00 2 3718.017
2010 02 28 04 10 00 2 3718.015
2010 02 28 04 11 00 2 3718.015
2010 02 28 04 12 00 2 3718.015
2010 02 28 04 13 00 2 3718.012
2010 02 28 04 14 00 2 3718.022
2010 02 28 04 15 00 1 9999.000
2010 02 28 04 15 00 2 3718.041
2010 02 28 04 16 00 2 3718.047
2010 02 28 04 17 00 2 3718.050
2010 02 28 04 18 00 2 3718.057
2010 02 28 04 19 00 2 3718.067
2010 02 28 04 20 00 2 3718.063
2010 02 28 04 21 00 2 3718.068
2010 02 28 04 22 00 2 3718.076
2010 02 28 04 23 00 2 3718.083
2010 02 28 04 24 00 2 3718.097
2010 02 28 04 25 00 2 3718.106
2010 02 28 04 26 00 2 3718.093
2010 02 28 04 27 00 2 3718.104
2010 02 28 04 28 00 2 3718.111
2010 02 28 04 29 00 2 3718.107
2010 02 28 04 30 00 1 9999.000
2010 02 28 04 30 00 2 3718.111
2010 02 28 04 31 00 2 3718.104
2010 02 28 04 32 00 2 3718.101
2010 02 28 04 33 00 2 3718.106
2010 02 28 04 34 00 2 3718.112
2010 02 28 04 35 00 2 3718.110
2010 02 28 04 36 00 2 3718.105
2010 02 28 04 37 00 2 3718.099
2010 02 28 04 38 00 2 3718.099
2010 02 28 04 39 00 2 3718.103
2010 02 28 04 40 00 2 3718.102
2010 02 28 04 41 00 2 3718.102
2010 02 28 04 42 00 2 3718.096
2010 02 28 04 43 00 2 3718.102
2010 02 28 04 44 00 2 3718.104
2010 02 28 04 45 00 1 9999.000
2010 02 28 04 45 00 2 3718.101
2010 02 28 04 46 00 2 3718.102
2010 02 28 04 47 00 2 3718.100
2010 02 28 04 48 00 2 3718.099
2010 02 28 04 49 00 2 3718.107
2010 02 28 04 50 00 2 3718.104
2010 02 28 04 51 00 2 3718.110
2010 02 28 04 52 00 2 3718.118
2010 02 28 04 53 00 2 3718.124
2010 02 28 04 54 00 2 3718.123
2010 02 28 04 55 00 2 3718.120
2010 02 28 04 56 00 2 3718.120
2010 02 28 04 57 00 2 3718.115
2010 02 28 04 58 00 2 3718.107
2010 02 28 04 59 00 2 3718.103
2010 02 28 05 00 00 1 9999.000
2010 02 28 05 00 00 2 3718.103
2010 02 28 05 01 00 2 3718.108
2010 02 28 05 02 00 2 3718.113
2010 02 28 05 03 00 2 3718.101
2010 02 28 05 04 00 2 3718.103
2010 02 28 05 05 00 2 3718.111
2010 02 28 05 06 00 2 3718.121
2010 02 28 05 07 00 2 3718.093
2010 02 28 05 08 00 2 3718.115
2010 02 28 05 09 00 2 3718.112
2010 02 28 05 10 00 2 3718.117
2010 02 28 05 11 00 2 3718.115
2010 02 28 05 12 00 2 3718.122
2010 02 28 05 13 00 2 3718.118
2010 02 28 05 14 00 2 3718.116
2010 02 28 05 15 00 1 9999.000
2010 02 28 05 15 00 2 3718.115
2010 02 28 05 16 00 2 3718.098
2010 02 28 05 17 00 2 3718.094
2010 02 28 05 18 00 2 3718.102
2010 02 28 05 19 00 2 3718.112
2010 02 28 05 20 00 2 3718.104
2010 02 28 05 21 00 2 3718.100
2010 02 28 05 22 00 2 3718.100
2010 02 28 05 23 00 2 3718.098
2010 02 28 05 24 00 2 3718.090
2010 02 28 05 25 00 2 3718.076
2010 02 28 05 26 00 2 3718.071
2010 02 28 05 27 00 2 3718.071
2010 02 28 05 28 00 2 3718.076
2010 02 28 05 29 00 2 3718.075
2010 02 28 05 30 00 1 9999.000
2010 02 28 05 30 00 2 3718.064
2010 02 28 05 31 00 2 3718.063
2010 02 28 05 32 00 2 3718.059
2010 02 28 05 33 00 2 3718.062
2010 02 28 05 34 00 2 3718.072
2010 02 28 05 35 00 2 3718.074
2010 02 28 05 36 00 2 3718.070
2010 02 28 05 37 00 2 3718.065
2010 02 28 05 38 00 2 3718.054
2010 02 28 05 39 00 2 3718.058
2010 02 28 05 40 00 2 3718.060
2010 02 28 05 41 00 2 3718.057
2010 02 28 05 42 00 2 3718.060
2010 02 28 05 43 00 2 3718.056
2010 02 28 05 44 00 2 3718.057
2010 02 28 05 45 00 1 9999.000
2010 02 28 05 45 00 2 3718.048
2010 02 28 05 46 00 2 3718.048
2010 02 28 05 47 00 2 3718.044
2010 02 28 05 48 00 2 3718.038
2010 02 28 05 49 00 2 3718.037
2010 02 28 05 50 00 2 3718.034
2010 02 28 05 51 00 2 3718.029
2010 02 28 05 52 00 2 3718.020
2010 02 28 05 53 00 2 3718.016
2010 02 28 05 54 00 2 3718.023
2010 02 28 05 55 00 2 3718.015
2010 02 28 05 56 00 2 3718.015
2010 02 28 05 57 00 2 3718.011
2010 02 28 05 58 00 2 3718.012
2010 02 28 05 59 00 2 3718.014
2010 02 28 06 00 00 1 9999.000
2010 02 28 06 00 00 2 3718.017
2010 02 28 06 01 00 2 3718.003
2010 02 28 06 02 00 2 3717.999
2010 02 28 06 03 00 2 3718.000
2010 02 28 06 04 00 2 3717.966
2010 02 28 06 05 00 2 3717.993
2010 02 28 06 06 00 2 3717.995
2010 02 28 06 07 00 2 3717.935
2010 02 28 06 08 00 2 3717.995
2010 02 28 06 09 00 2 3717.988
2010 02 28 06 10 00 2 3717.992
2010 02 28 06 11 00 2 3717.994
2010 02 28 06 12 00 2 3717.989
2010 02 28 06 13 00 2 3717.984
2010 02 28 06 14 00 2 3717.979
2010 02 28 06 15 00 1 9999.000
2010 02 28 06 15 00 2 3717.963
2010 02 28 06 16 00 2 3717.960
2010 02 28 06 17 00 2 3717.960
2010 02 28 06 18 00 2 3717.949
2010 02 28 06 19 00 2 3717.944
2010 02 28 06 20 00 2 3717.941
2010 02 28 06 21 00 2 3717.931
2010 02 28 06 22 00 2 3717.927
2010 02 28 06 23 00 2 3717.922
2010 02 28 06 24 00 2 3717.921
2010 02 28 06 25 00 2 3717.921
2010 02 28 06 26 00 2 3717.918
2010 02 28 06 27 00 2 3717.917
2010 02 28 06 28 00 2 3717.916
2010 02 28 06 29 00 2 3717.916
2010 02 28 06 30 00 1 9999.000
2010 02 28 06 30 00 2 3717.907
2010 02 28 06 31 00 2 3717.909
2010 02 28 06 32 00 2 3717.907
2010 02 28 06 33 00 2 3717.906
2010 02 28 06 34 00 2 3717.893
2010 02 28 06 35 00 2 3717.892
2010 02 28 06 36 00 2 3717.888
2010 02 28 06 37 00 2 3717.881
2010 02 28 06 38 00 2 3717.876
2010 02 28 06 39 00 2 3717.863
2010 02 28 06 40 00 2 3717.844
2010 02 28 06 41 00 2 3717.848
2010 02 28 06 42 00 2 3717.838
2010 02 28 06 43 00 2 3717.844
2010 02 28 06 44 00 2 3717.836
2010 02 28 06 45 00 1 9999.000
2010 02 28 06 45 00 2 3717.824
2010 02 28 06 46 00 2 3717.810
2010 02 28 06 47 00 2 3717.805
2010 02 28 06 48 00 2 3717.807
2010 02 28 06 49 00 2 3717.795
2010 02 28 06 50 00 2 3717.791
2010 02 28 06 51 00 2 3717.789
2010 02 28 06 52 00 2 3717.784
2010 02 28 06 53 00 2 3717.779
2010 02 28 06 54 00 2 3717.761
2010 02 28 06 55 00 2 3717.765
2010 02 28 06 56 00 2 3717.762
2010 02 28 06 57 00 2 3717.759
2010 02 28 06 58 00 2 3717.756
2010 02 28 06 59 00 2 3717.752
2010 02 28 07 00 00 1 9999.000
2010 02 28 07 00 00 2 3717.754
2010 02 28 07 01 00 2 3717.726
2010 02 28 07 02 00 2 3717.753
2010 02 28 07 03 00 2 3717.743
2010 02 28 07 04 00 2 3717.744
2010 02 28 07 05 00 2 3717.734
2010 02 28 07 06 00 2 3717.731
2010 02 28 07 07 00 2 3717.734
2010 02 28 07 08 00 2 3717.726
2010 02 28 07 09 00 2 3717.737
2010 02 28 07 10 00 2 3717.736
2010 02 28 07 11 00 2 3717.726
2010 02 28 07 12 00 2 3717.718
2010 02 28 07 13 00 2 3717.709
2010 02 28 07 14 00 2 3717.695
2010 02 28 07 15 00 1 9999.000
2010 02 28 07 15 00 2 3717.695
2010 02 28 07 16 00 2 3717.692
2010 02 28 07 17 00 2 3717.681
2010 02 28 07 18 00 2 3717.684
2010 02 28 07 19 00 2 3717.684
2010 02 28 07 20 00 2 3717.677
2010 02 28 07 21 00 2 3717.673
2010 02 28 07 22 00 2 3717.666
2010 02 28 07 23 00 2 3717.657
2010 02 28 07 24 00 2 3717.658
2010 02 28 07 25 00 2 3717.650
2010 02 28 07 26 00 2 3717.657
2010 02 28 07 27 00 2 3717.651
2010 02 28 07 28 00 2 3717.646
2010 02 28 07 29 00 2 3717.644
2010 02 28 07 30 00 1 9999.000
2010 02 28 07 30 00 2 3717.642
2010 02 28 07 31 00 2 3717.638
2010 02 28 07 32 00 2 3717.627
2010 02 28 07 33 00 2 3717.629
2010 02 28 07 34 00 2 3717.619
2010 02 28 07 35 00 2 3717.611
2010 02 28 07 36 00 2 3717.600
2010 02 28 07 37 00 2 3717.597
2010 02 28 07 38 00 2 3717.584
2010 02 28 07 39 00 2 3717.585
2010 02 28 07 40 00 2 3717.575
2010 02 28 07 41 00 2 3717.568
2010 02 28 07 42 00 2 3717.567
2010 02 28 07 43 00 2 3717.558
2010 02 28 07 44 00 2 3717.552
2010 02 28 07 45 00 1 9999.000
2010 02 28 07 45 00 2 3717.545
2010 02 28 07 46 00 2 3717.541
2010 02 28 07 47 00 2 3717.533
2010 02 28 07 48 00 2 3717.530
2010 02 28 07 49 00 2 3717.529
2010 02 28 07 50 00 2 3717.525
2010 02 28 07 51 00 2 3717.520
2010 02 28 07 52 00 2 3717.513
2010 02 28 07 53 00 2 3717.505
2010 02 28 07 54 00 2 3717.503
2010 02 28 07 55 00 2 3717.511
2010 02 28 07 56 00 2 3717.510
2010 02 28 07 57 00 2 3717.512
2010 02 28 07 58 00 2 3717.506
2010 02 28 07 59 00 2 3717.498
2010 02 28 08 00 00 1 9999.000
2010 02 28 08 15 00 1 3717.415
2010 02 28 08 30 00 1 3717.342
2010 02 28 08 45 00 1 3717.287
2010 02 28 09 00 00 1 3717.224
2010 02 28 09 15 00 1 3717.154
2010 02 28 09 30 00 1 3717.101
2010 02 28 09 45 00 1 3717.074
2010 02 28 10 00 00 1 3717.019
2010 02 28 10 15 00 1 3717.040
2010 02 28 10 30 00 1 3717.042
2010 02 28 10 45 00 1 3717.023
2010 02 28 11 00 00 1 3717.037
2010 02 28 11 15 00 1 3717.083
2010 02 28 11 30 00 1 3717.089
2010 02 28 11 45 00 1 3717.154
2010 02 28 12 00 00 1 3717.231
2010 02 28 12 15 00 1 3717.272
2010 02 28 12 30 00 1 3717.357
2010 02 28 12 45 00 1 3717.432
2010 02 28 13 00 00 1 3717.521
2010 02 28 13 15 00 1 3717.615
2010 02 28 13 30 00 1 3717.723
2010 02 28 13 45 00 1 3717.827
2010 02 28 14 00 00 1 3717.933
2010 02 28 14 15 00 1 3718.025
2010 02 28 14 30 00 1 3718.101
2010 02 28 14 45 00 1 3718.165
2010 02 28 15 00 00 1 3718.251
2010 02 28 15 15 00 1 3718.337
2010 02 28 15 30 00 1 3718.397
2010 02 28 15 45 00 1 3718.451
2010 02 28 16 00 00 1 3718.496
2010 02 28 16 15 00 1 3718.523
2010 02 28 16 30 00 1 3718.528
2010 02 28 16 45 00 1 3718.518
2010 02 28 17 00 00 1 3718.500
2010 02 28 17 15 00 1 3718.456
2010 02 28 17 30 00 1 3718.410
2010 02 28 17 45 00 1 3718.365
2010 02 28 18 00 00 1 3718.330
2010 02 28 18 15 00 1 3718.241
2010 02 28 18 30 00 1 3718.160
2010 02 28 18 45 00 1 3718.065
2010 02 28 19 00 00 1 3717.940
2010 02 28 19 15 00 1 3717.851
2010 02 28 19 30 00 1 3717.731
2010 02 28 19 45 00 1 3717.620
2010 02 28 20 00 00 1 3717.507
2010 02 28 20 15 00 1 3717.375
2010 02 28 20 30 00 1 3717.246
2010 02 28 20 45 00 1 3717.136
2010 02 28 21 00 00 1 3717.036
2010 02 28 21 15 00 1 3716.959
2010 02 28 21 30 00 1 3716.874
2010 02 28 21 45 00 1 3716.779
2010 02 28 22 00 00 1 3716.712
2010 02 28 22 15 00 1 3716.650
2010 02 28 22 30 00 1 3716.622
2010 02 28 22 45 00 1 3716.581
2010 02 28 23 00 00 1 3716.554
2010 02 28 23 15 00 1 3716.553
2010 02 28 23 30 00 1 3716.538
2010 02 28 23 45 00 1 3716.586
2010 03 01 00 00 00 1 3716.631
2010 03 01 00 15 00 1 3716.682
2010 03 01 00 30 00 1 3716.736
2010 03 01 00 45 00 1 3716.802
2010 03 01 01 00 00 1 3716.872
2010 03 01 01 15 00 1 3716.961
2010 03 01 01 30 00 1 3717.067
2010 03 01 01 45 00 1 3717.174
2010 03 01 02 00 00 1 3717.283
2010 03 01 02 15 00 1 3717.362
2010 03 01 02 30 00 1 3717.476
2010 03 01 02 45 00 1 3717.586
2010 03 01 03 00 00 1 3717.670
2010 03 01 03 15 00 1 3717.765
2010 03 01 03 30 00 1 3717.855
2010 03 01 03 45 00 1 3717.927
2010 03 01 04 00 00 1 3717.997
2010 03 01 04 15 00 1 3718.067
2010 03 01 04 30 00 1 3718.134
2010 03 01 04 45 00 1 3718.167
2010 03 01 05 00 00 1 3718.208
2010 03 01 05 15 00 1 3718.206
2010 03 01 05 30 00 1 3718.209
2010 03 01 05 45 00 1 3718.198
2010 03 01 06 00 00 1 3718.195
2010 03 01 06 15 00 1 3718.169
2010 03 01 06 30 00 1 3718.130
2010 03 01 06 45 00 1 3718.070
2010 03 01 07 00 00 1 3717.991
2010 03 01 07 15 00 1 3717.932
2010 03 01 07 30 00 1 3717.854
2010 03 01 07 45 00 1 3717.778
2010 03 01 08 00 00 1 3717.685
2010 03 01 08 15 00 1 3717.617
2010 03 01 08 30 00 1 3717.536
2010 03 01 08 45 00 1 3717.445
2010 03 01 09 00 00 1 3717.362
2010 03 01 09 15 00 1 3717.280
2010 03 01 09 30 00 1 3717.211
2010 03 01 09 45 00 1 3717.134
2010 03 01 10 00 00 1 3717.072
2010 03 01 10 15 00 1 3717.030
2010 03 01 10 30 00 1 3716.976
2010 03 01 10 45 00 1 3716.947
2010 03 01 11 00 00 1 3716.924
2010 03 01 11 15 00 1 3716.904
2010 03 01 11 30 00 1 3716.909
2010 03 01 11 45 00 1 3716.932
2010 03 01 12 00 00 1 3716.958
2010 03 01 12 15 00 1 3716.988
2010 03 01 12 30 00 1 3717.031
2010 03 01 12 45 00 1 3717.076
2010 03 01 13 00 00 1 3717.146
2010 03 01 13 15 00 1 3717.221
2010 03 01 13 30 00 1 3717.299
2010 03 01 13 45 00 1 3717.394
2010 03 01 14 00 00 1 3717.490
2010 03 01 14 15 00 1 3717.587
2010 03 01 14 30 00 1 3717.675
2010 03 01 14 45 00 1 3717.777
2010 03 01 15 00 00 1 3717.869
2010 03 01 15 15 00 1 3717.962
2010 03 01 15 30 00 1 3718.045
2010 03 01 15 45 00 1 3718.128
2010 03 01 16 00 00 1 3718.195
2010 03 01 16 15 00 1 3718.248
2010 03 01 16 30 00 1 3718.299
2010 03 01 16 45 00 1 3718.333
2010 03 01 17 00 00 1 3718.361
2010 03 01 17 15 00 1 3718.368
2010 03 01 17 30 00 1 3718.380
2010 03 01 17 45 00 1 3718.362
2010 03 01 18 00 00 1 3718.334
2010 03 01 18 15 00 1 3718.305
2010 03 01 18 30 00 1 3718.257
2010 03 01 18 45 00 1 3718.198
2010 03 01 19 00 00 1 3718.131
2010 03 01 19 15 00 1 3718.043
2010 03 01 19 30 00 1 3717.960
2010 03 01 19 45 00 1 3717.876
2010 03 01 20 00 00 1 3717.771
2010 03 01 20 15 00 1 3717.660
2010 03 01 20 30 00 1 3717.555
2010 03 01 20 45 00 1 3717.455
2010 03 01 21 00 00 1 3717.339
2010 03 01 21 15 00 1 3717.242
2010 03 01 21 30 00 1 3717.157
2010 03 01 21 45 00 1 3717.059
2010 03 01 22 00 00 1 3716.974
2010 03 01 22 15 00 1 3716.904
2010 03 01 22 30 00 1 3716.840
2010 03 01 22 45 00 1 3716.785
2010 03 01 23 00 00 1 3716.741
2010 03 01 23 15 00 1 3716.715
2010 03 01 23 30 00 1 3716.681
2010 03 01 23 45 00 1 3716.682
2010 03 02 00 00 00 1 3716.688
2010 03 02 00 15 00 1 3716.702
2010 03 02 00 30 00 1 3716.743
2010 03 02 00 45 00 1 3716.796
2010 03 02 01 00 00 1 3716.837
2010 03 02 01 15 00 1 3716.900
2010 03 02 01 30 00 1 3716.977
2010 03 02 01 45 00 1 3717.052
2010 03 02 02 00 00 1 3717.150
2010 03 02 02 15 00 1 3717.252
2010 03 02 02 30 00 1 3717.353
2010 03 02 02 45 00 1 3717.456
2010 03 02 03 00 00 1 3717.556
2010 03 02 03 15 00 1 3717.660
2010 03 02 03 30 00 1 3717.753
2010 03 02 03 45 00 1 3717.850
2010 03 02 04 00 00 1 3717.936
2010 03 02 04 15 00 1 3718.009
2010 03 02 04 30 00 1 3718.089
2010 03 02 04 45 00 1 3718.146
2010 03 02 05 00 00 1 3718.197
2010 03 02 05 15 00 1 3718.250
2010 03 02 05 30 00 1 3718.276
2010 03 02 05 45 00 1 3718.303
2010 03 02 06 00 00 1 3718.304
2010 03 02 06 15 00 1 3718.310
2010 03 02 06 30 00 1 3718.290
2010 03 02 06 45 00 1 3718.261
2010 03 02 07 00 00 1 3718.223
2010 03 02 07 15 00 1 3718.167
2010 03 02 07 30 00 1 3718.102
2010 03 02 07 45 00 1 3718.036
2010 03 02 08 00 00 1 3717.963
2010 03 02 08 15 00 1 3717.879
2010 03 02 08 30 00 1 3717.784
2010 03 02 08 45 00 1 3717.697
2010 03 02 09 00 00 1 3717.611
2010 03 02 09 15 00 1 3717.521
2010 03 02 09 30 00 1 3717.431
2010 03 02 09 45 00 1 3717.341
2010 03 02 10 00 00 1 3717.261
2010 03 02 10 15 00 1 3717.182
2010 03 02 10 30 00 1 3717.099
2010 03 02 10 45 00 1 3717.037
2010 03 02 11 00 00 1 3716.975
2010 03 02 11 15 00 1 3716.929
2010 03 02 11 30 00 1 3716.885
2010 03 02 11 45 00 1 3716.867
2010 03 02 12 00 00 1 3716.849
2010 03 02 12 15 00 1 3716.846
2010 03 02 12 30 00 1 3716.855
2010 03 02 12 45 00 1 3716.876
2010 03 02 13 00 00 1 3716.909
2010 03 02 13 15 00 1 3716.948
2010 03 02 13 30 00 1 3716.994
2010 03 02 13 45 00 1 3717.045
2010 03 02 14 00 00 1 3717.120
2010 03 02 14 15 00 1 3717.182
2010 03 02 14 30 00 1 3717.266
2010 03 02 14 45 00 1 3717.351
2010 03 02 15 00 00 1 3717.433
2010 03 02 15 15 00 1 3717.514
2010 03 02 15 30 00 1 3717.603
2010 03 02 15 45 00 1 3717.696
2010 03 02 16 00 00 1 3717.790
2010 03 02 16 15 00 1 3717.862
2010 03 02 16 30 00 1 3717.935
2010 03 02 16 45 00 1 3717.993
2010 03 02 17 00 00 1 3718.051
2010 03 02 17 15 00 1 3718.103
2010 03 02 17 30 00 1 3718.138
2010 03 02 17 45 00 1 3718.164
2010 03 02 18 00 00 1 3718.173
2010 03 02 18 15 00 1 3718.170
2010 03 02 18 30 00 1 3718.173
2010 03 02 18 45 00 1 3718.151
2010 03 02 19 00 00 1 3718.124
2010 03 02 19 15 00 1 3718.084
2010 03 02 19 30 00 1 3718.039
2010 03 02 19 45 00 1 3717.977
2010 03 02 20 00 00 1 3717.916
2010 03 02 20 15 00 1 3717.840
2010 03 02 20 30 00 1 3717.766
2010 03 02 20 45 00 1 3717.680
2010 03 02 21 00 00 1 3717.592
2010 03 02 21 15 00 1 3717.508
2010 03 02 21 30 00 1 3717.422
2010 03 02 21 45 00 1 3717.329
2010 03 02 22 00 00 1 3717.252
2010 03 02 22 15 00 1 3717.172
2010 03 02 22 30 00 1 3717.099
2010 03 02 22 45 00 1 3717.044
2010 03 02 23 00 00 1 3716.987
2010 03 02 23 15 00 1 3716.940
2010 03 02 23 30 00 1 3716.904
2010 03 02 23 45 00 1 3716.884
2010 03 03 00 00 00 1 3716.867
2010 03 03 00 15 00 1 3716.853
2010 03 03 00 30 00 1 3716.861
2010 03 03 00 45 00 1 3716.873
2010 03 03 01 00 00 1 3716.898
2010 03 03 01 15 00 1 3716.948
2010 03 03 01 30 00 1 3716.990
2010 03 03 01 45 00 1 3717.051
2010 03 03 02 00 00 1 3717.107
2010 03 03 02 15 00 1 3717.184
2010 03 03 02 30 00 1 3717.261
2010 03 03 02 45 00 1 3717.349
2010 03 03 03 00 00 1 3717.442
2010 03 03 03 15 00 1 3717.531
2010 03 03 03 30 00 1 3717.624
2010 03 03 03 45 00 1 3717.711
2010 03 03 04 00 00 1 3717.813
2010 03 03 04 15 00 1 3717.899
2010 03 03 04 30 00 1 3717.987
2010 03 03 04 45 00 1 3718.060
2010 03 03 05 00 00 1 3718.126
2010 03 03 05 15 00 1 3718.192
2010 03 03 05 30 00 1 3718.251
2010 03 03 05 45 00 1 3718.297
2010 03 03 06 00 00 1 3718.326
2010 03 03 06 15 00 1 3718.343
2010 03 03 06 30 00 1 3718.356
2010 03 03 06 45 00 1 3718.356
2010 03 03 07 00 00 1 3718.352
2010 03 03 07 15 00 1 3718.322
2010 03 03 07 30 00 1 3718.295
2010 03 03 07 45 00 1 3718.250
2010 03 03 08 00 00 1 3718.192
2010 03 03 08 15 00 1 3718.128
2010 03 03 08 30 00 1 3718.060
2010 03 03 08 45 00 1 3717.979
2010 03 03 09 00 00 1 3717.899
2010 03 03 09 15 00 1 3717.814
2010 03 03 09 30 00 1 3717.716
2010 03 03 09 45 00 1 3717.625
2010 03 03 10 00 00 1 3717.536
2010 03 03 10 15 00 1 3717.440
2010 03 03 10 30 00 1 3717.354
2010 03 03 10 45 00 1 3717.273
2010 03 03 11 00 00 1 3717.193
2010 03 03 11 15 00 1 3717.124
2010 03 03 11 30 00 1 3717.063
2010 03 03 11 45 00 1 3717.006
2010 03 03 12 00 00 1 3716.954
2010 03 03 12 15 00 1 3716.913
2010 03 03 12 30 00 1 3716.876
2010 03 03 12 45 00 1 3716.857
2010 03 03 13 00 00 1 3716.846
2010 03 03 13 15 00 1 3716.842
2010 03 03 13 30 00 1 3716.848
2010 03 03 13 45 00 1 3716.858
2010 03 03 14 00 00 1 3716.890
2010 03 03 14 15 00 1 3716.934
2010 03 03 14 30 00 1 3716.976
2010 03 03 14 45 00 1 3717.035
2010 03 03 15 00 00 1 3717.102
2010 03 03 15 15 00 1 3717.164
2010 03 03 15 30 00 1 3717.231
2010 03 03 15 45 00 1 3717.307
2010 03 03 16 00 00 1 3717.386
2010 03 03 16 15 00 1 3717.459
2010 03 03 16 30 00 1 3717.529
2010 03 03 16 45 00 1 3717.600
2010 03 03 17 00 00 1 3717.665
2010 03 03 17 15 00 1 3717.729
2010 03 03 17 30 00 1 3717.784
2010 03 03 17 45 00 1 3717.832
2010 03 03 18 00 00 1 3717.877
2010 03 03 18 15 00 1 3717.912
2010 03 03 18 30 00 1 3717.936
2010 03 03 18 45 00 1 3717.952
2010 03 03 19 00 00 1 3717.961
2010 03 03 19 15 00 1 3717.960
2010 03 03 19 30 00 1 3717.950
2010 03 03 19 45 00 1 3717.939
2010 03 03 20 00 00 1 3717.910
2010 03 03 20 15 00 1 3717.871
2010 03 03 20 30 00 1 3717.828
2010 03 03 20 45 00 1 3717.783
2010 03 03 21 00 00 1 3717.727
2010 03 03 21 15 00 1 3717.662
2010 03 03 21 30 00 1 3717.602
2010 03 03 21 45 00 1 3717.545
2010 03 03 22 00 00 1 3717.486
2010 03 03 22 15 00 1 3717.426
2010 03 03 22 30 00 1 3717.359
2010 03 03 22 45 00 1 3717.310
2010 03 03 23 00 00 1 3717.262
2010 03 03 23 15 00 1 3717.210
2010 03 03 23 30 00 1 3717.161
2010 03 03 23 45 00 1 3717.127
2010 03 04 00 00 00 1 3717.093
2010 03 04 00 15 00 1 3717.076
2010 03 04 00 30 00 1 3717.060
2010 03 04 00 45 00 1 3717.051
2010 03 04 01 00 00 1 3717.054
2010 03 04 01 15 00 1 3717.067
2010 03 04 01 30 00 1 3717.084
2010 03 04 01 45 00 1 3717.113
2010 03 04 02 00 00 1 3717.149
2010 03 04 02 15 00 1 3717.193
2010 03 04 02 30 00 1 3717.246
2010 03 04 02 45 00 1 3717.306
2010 03 04 03 00 00 1 3717.369
2010 03 04 03 15 00 1 3717.449
2010 03 04 03 30 00 1 3717.525
2010 03 04 03 45 00 1 3717.598
2010 03 04 04 00 00 1 3717.677
2010 03 04 04 15 00 1 3717.759
2010 03 04 04 30 00 1 3717.837
2010 03 04 04 45 00 1 3717.917
2010 03 04 05 00 00 1 3717.990
2010 03 04 05 15 00 1 3718.054
2010 03 04 05 30 00 1 3718.120
2010 03 04 05 45 00 1 3718.179
2010 03 04 06 00 00 1 3718.226
2010 03 04 06 15 00 1 3718.266
2010 03 04 06 30 00 1 3718.299
2010 03 04 06 45 00 1 3718.320
2010 03 04 07 00 00 1 3718.340
2010 03 04 07 15 00 1 3718.347
2010 03 04 07 30 00 1 3718.346
2010 03 04 07 45 00 1 3718.334
2010 03 04 08 00 00 1 3718.308
2010 03 04 08 15 00 1 3718.279
2010 03 04 08 30 00 1 3718.238
2010 03 04 08 45 00 1 3718.184
2010 03 04 09 00 00 1 3718.127
2010 03 04 09 15 00 1 3718.065
2010 03 04 09 30 00 1 3717.993
2010 03 04 09 45 00 1 3717.916
2010 03 04 10 00 00 1 3717.838
2010 03 04 10 15 00 1 3717.755
2010 03 04 10 30 00 1 3717.670
2010 03 04 10 45 00 1 3717.586
2010 03 04 11 00 00 1 3717.506
2010 03 04 11 15 00 1 3717.422
2010 03 04 11 30 00 1 3717.346
2010 03 04 11 45 00 1 3717.268
2010 03 04 12 00 00 1 3717.199
2010 03 04 12 15 00 1 3717.133
2010 03 04 12 30 00 1 3717.072
2010 03 04 12 45 00 1 3717.025
2010 03 04 13 00 00 1 3716.981
2010 03 04 13 15 00 1 3716.949
2010 03 04 13 30 00 1 3716.918
2010 03 04 13 45 00 1 3716.906
2010 03 04 14 00 00 1 3716.894
2010 03 04 14 15 00 1 3716.895
2010 03 04 14 30 00 1 3716.903
2010 03 04 14 45 00 1 3716.917
2010 03 04 15 00 00 1 3716.940
2010 03 04 15 15 00 1 3716.972
2010 03 04 15 30 00 1 3717.010
2010 03 04 15 45 00 1 3717.056
2010 03 04 16 00 00 1 3717.105
2010 03 04 16 15 00 1 3717.151
2010 03 04 16 30 00 1 3717.205
2010 03 04 16 45 00 1 3717.263
2010 03 04 17 00 00 1 3717.321
2010 03 04 17 15 00 1 3717.378
2010 03 04 17 30 00 1 3717.434
2010 03 04 17 45 00 1 3717.489
2010 03 04 18 00 00 1 3717.540
2010 03 04 18 15 00 1 3717.591
2010 03 04 18 30 00 1 3717.632
2010 03 04 18 45 00 1 3717.668
2010 03 04 19 00 00 1 3717.698
2010 03 04 19 15 00 1 3717.720
2010 03 04 19 30 00 1 3717.736
2010 03 04 19 45 00 1 3717.747
2010 03 04 20 00 00 1 3717.750
2010 03 04 20 15 00 1 3717.750
2010 03 04 20 30 00 1 3717.743
2010 03 04 20 45 00 1 3717.732
2010 03 04 21 00 00 1 3717.709
2010 03 04 21 15 00 1 3717.687
2010 03 04 21 30 00 1 3717.655
2010 03 04 21 45 00 1 3717.627
2010 03 04 22 00 00 1 3717.595
2010 03 04 22 15 00 1 3717.558
2010 03 04 22 30 00 1 3717.519
2010 03 04 22 45 00 1 3717.479
2010 03 04 23 00 00 1 3717.441
2010 03 04 23 15 00 1 3717.405
2010 03 04 23 30 00 1 3717.370
2010 03 04 23 45 00 1 3717.334
2010 03 05 00 00 00 1 3717.307
2010 03 05 00 15 00 1 3717.280
2010 03 05 00 30 00 1 3717.262
2010 03 05 00 45 00 1 3717.246
2010 03 05 01 00 00 1 3717.232
2010 03 05 01 15 00 1 3717.229
2010 03 05 01 30 00 1 3717.237
2010 03 05 01 45 00 1 3717.245
2010 03 05 02 00 00 1 3717.264
2010 03 05 02 15 00 1 3717.284
2010 03 05 02 30 00 1 3717.311
2010 03 05 02 45 00 1 3717.344
2010 03 05 03 00 00 1 3717.387
2010 03 05 03 15 00 1 3717.432
2010 03 05 03 30 00 1 3717.479
2010 03 05 03 45 00 1 3717.533
2010 03 05 04 00 00 1 3717.590
2010 03 05 04 15 00 1 3717.648
2010 03 05 04 30 00 1 3717.705
2010 03 05 04 45 00 1 3717.768
2010 03 05 05 00 00 1 3717.834
2010 03 05 05 15 00 1 3717.894
2010 03 05 05 30 00 1 3717.955
2010 03 05 05 45 00 1 3718.011
2010 03 05 06 00 00 1 3718.061
2010 03 05 06 15 00 1 3718.112
2010 03 05 06 30 00 1 3718.152
2010 03 05 06 45 00 1 3718.191
2010 03 05 07 00 00 1 3718.218
2010 03 05 07 15 00 1 3718.239
2010 03 05 07 30 00 1 3718.259
2010 03 05 07 45 00 1 3718.267
2010 03 05 08 00 00 1 3718.271
2010 03 05 08 15 00 1 3718.273
2010 03 05 08 30 00 1 3718.261
2010 03 05 08 45 00 1 3718.246
2010 03 05 09 00 00 1 3718.215
2010 03 05 09 15 00 1 3718.183
2010 03 05 09 30 00 1 3718.137
2010 03 05 09 45 00 1 3718.092
2010 03 05 10 00 00 1 3718.044
2010 03 05 10 15 00 1 3717.980
2010 03 05 10 30 00 1 3717.914
2010 03 05 10 45 00 1 3717.847
2010 03 05 11 00 00 1 3717.778
2010 03 05 11 15 00 1 3717.707
2010 03 05 11 30 00 1 3717.638
2010 03 05 11 45 00 1 3717.569
2010 03 05 12 00 00 1 3717.499
2010 03 05 12 15 00 1 3717.432
2010 03 05 12 30 00 1 3717.366
2010 03 05 12 45 00 1 3717.302
2010 03 05 13 00 00 1 3717.244
2010 03 05 13 15 00 1 3717.189
2010 03 05 13 30 00 1 3717.140
2010 03 05 13 45 00 1 3717.094
2010 03 05 14 00 00 1 3717.055
2010 03 05 14 15 00 1 3717.019
2010 03 05 14 30 00 1 3716.994
2010 03 05 14 45 00 1 3716.975
2010 03 05 15 00 00 1 3716.964
2010 03 05 15 15 00 1 3716.959
2010 03 05 15 30 00 1 3716.959
2010 03 05 15 45 00 1 3716.968
2010 03 05 16 00 00 1 3716.978
2010 03 05 16 15 00 1 3716.999
2010 03 05 16 30 00 1 3717.021
2010 03 05 16 45 00 1 3717.048
2010 03 05 17 00 00 1 3717.076
2010 03 05 17 15 00 1 3717.106
2010 03 05 17 30 00 1 3717.146
2010 03 05 17 45 00 1 3717.187
2010 03 05 18 00 00 1 3717.230
2010 03 05 18 15 00 1 3717.268
2010 03 05 18 30 00 1 3717.308
2010 03 05 18 45 00 1 3717.345
2010 03 05 19 00 00 1 3717.387
2010 03 05 19 15 00 1 3717.427
2010 03 05 19 30 00 1 3717.460
2010 03 05 19 45 00 1 3717.494
2010 03 05 20 00 00 1 3717.519
2010 03 05 20 15 00 1 3717.548
2010 03 05 20 30 00 1 3717.567
2010 03 05 20 45 00 1 3717.585
2010 03 05 21 00 00 1 3717.589
2010 03 05 21 15 00 1 3717.598
2010 03 05 21 30 00 1 3717.600
2010 03 05 21 45 00 1 3717.600
2010 03 05 22 00 00 1 3717.596
2010 03 05 22 15 00 1 3717.585
2010 03 05 22 30 00 1 3717.574
2010 03 05 22 45 00 1 3717.561
2010 03 05 23 00 00 1 3717.548
2010 03 05 23 15 00 1 3717.533
2010 03 05 23 30 00 1 3717.517
2010 03 05 23 45 00 1 3717.500
2010 03 06 00 00 00 1 3717.483
2010 03 06 00 15 00 1 3717.470
2010 03 06 00 30 00 1 3717.452
2010 03 06 00 45 00 1 3717.440
2010 03 06 01 00 00 1 3717.430
2010 03 06 01 15 00 1 3717.421
2010 03 06 01 30 00 1 3717.418
2010 03 06 01 45 00 1 3717.416
2010 03 06 02 00 00 1 3717.418
2010 03 06 02 15 00 1 3717.422
2010 03 06 02 30 00 1 3717.429
2010 03 06 02 45 00 1 3717.440
2010 03 06 03 00 00 1 3717.460
2010 03 06 03 15 00 1 3717.477
2010 03 06 03 30 00 1 3717.502
2010 03 06 03 45 00 1 3717.536
2010 03 06 04 00 00 1 3717.564
2010 03 06 04 15 00 1 3717.605
2010 03 06 04 30 00 1 3717.641
2010 03 06 04 45 00 1 3717.684
2010 03 06 05 00 00 1 3717.727
2010 03 06 05 15 00 1 3717.772
2010 03 06 05 30 00 1 3717.814
2010 03 06 05 45 00 1 3717.860
2010 03 06 06 00 00 1 3717.902
2010 03 06 06 15 00 1 3717.941
2010 03 06 06 30 00 1 3717.981
