#YY  MM DD hh mm ss T   HEIGHT
#yr  mo dy hr mn  s -        m
2010 01 27 06 45 00 1 4266.582
2010 01 27 07 00 00 1 4266.570
2010 01 27 07 15 00 1 4266.553
2010 01 27 07 30 00 1 4266.533
2010 01 27 07 45 00 1 4266.515
2010 01 27 08 00 00 1 4266.490
2010 01 27 08 15 00 1 4266.473
2010 01 27 08 30 00 1 4266.457
2010 01 27 08 45 00 1 4266.441
2010 01 27 09 00 00 1 4266.426
2010 01 27 09 15 00 1 4266.412
2010 01 27 09 30 00 1 4266.407
2010 01 27 09 45 00 1 4266.404
2010 01 27 10 00 00 1 4266.414
2010 01 27 10 15 00 1 4266.427
2010 01 27 10 30 00 1 4266.445
2010 01 27 10 45 00 1 4266.467
2010 01 27 11 00 00 1 4266.497
2010 01 27 11 15 00 1 4266.533
2010 01 27 11 30 00 1 4266.573
2010 01 27 11 45 00 1 4266.620
2010 01 27 12 00 00 1 4266.670
2010 01 27 12 15 00 1 4266.730
2010 01 27 12 30 00 1 4266.792
2010 01 27 12 45 00 1 4266.857
2010 01 27 13 00 00 1 4266.920
2010 01 27 13 15 00 1 4266.986
2010 01 27 13 30 00 1 4267.050
2010 01 27 13 45 00 1 4267.112
2010 01 27 14 00 00 1 4267.173
2010 01 27 14 15 00 1 4267.228
2010 01 27 14 30 00 1 4267.277
2010 01 27 14 45 00 1 4267.320
2010 01 27 15 00 00 1 4267.357
2010 01 27 15 15 00 1 4267.384
2010 01 27 15 30 00 1 4267.404
2010 01 27 15 45 00 1 4267.414
2010 01 27 16 00 00 1 4267.416
2010 01 27 16 15 00 1 4267.409
2010 01 27 16 30 00 1 4267.393
2010 01 27 16 45 00 1 4267.367
2010 01 27 17 00 00 1 4267.330
2010 01 27 17 15 00 1 4267.280
2010 01 27 17 30 00 1 4267.219
2010 01 27 17 45 00 1 4267.151
2010 01 27 18 00 00 1 4267.077
2010 01 27 18 15 00 1 4266.989
2010 01 27 18 30 00 1 4266.897
2010 01 27 18 45 00 1 4266.799
2010 01 27 19 00 00 1 4266.695
2010 01 27 19 15 00 1 4266.586
2010 01 27 19 30 00 1 4266.472
2010 01 27 19 45 00 1 4266.354
2010 01 27 20 00 00 1 4266.239
2010 01 27 20 15 00 1 4266.121
2010 01 27 20 30 00 1 4266.007
2010 01 27 20 45 00 1 4265.894
2010 01 27 21 00 00 1 4265.785
2010 01 27 21 15 00 1 4265.684
2010 01 27 21 30 00 1 4265.588
2010 01 27 21 45 00 1 4265.501
2010 01 27 22 00 00 1 4265.422
2010 01 27 22 15 00 1 4265.352
2010 01 27 22 30 00 1 4265.290
2010 01 27 22 45 00 1 4265.239
2010 01 27 23 00 00 1 4265.201
2010 01 27 23 15 00 1 4265.174
2010 01 27 23 30 00 1 4265.161
2010 01 27 23 45 00 1 4265.160
2010 01 28 00 00 00 1 4265.172
2010 01 28 00 15 00 1 4265.191
2010 01 28 00 30 00 1 4265.224
2010 01 28 00 45 00 1 4265.264
2010 01 28 01 00 00 1 4265.316
2010 01 28 01 15 00 1 4265.376
2010 01 28 01 30 00 1 4265.443
2010 01 28 01 45 00 1 4265.515
2010 01 28 02 00 00 1 4265.593
2010 01 28 02 15 00 1 4265.678
2010 01 28 02 30 00 1 4265.763
2010 01 28 02 45 00 1 4265.851
2010 01 28 03 00 00 1 4265.939
2010 01 28 03 15 00 1 4266.024
2010 01 28 03 30 00 1 4266.110
2010 01 28 03 45 00 1 4266.193
2010 01 28 04 00 00 1 4266.272
2010 01 28 04 15 00 1 4266.346
2010 01 28 04 30 00 1 4266.417
2010 01 28 04 45 00 1 4266.479
2010 01 28 05 00 00 1 4266.537
2010 01 28 05 15 00 1 4266.588
2010 01 28 05 30 00 1 4266.630
2010 01 28 05 45 00 1 4266.665
2010 01 28 06 00 00 1 4266.695
2010 01 28 06 15 00 1 4266.712
2010 01 28 06 30 00 1 4266.717
2010 01 28 06 45 00 1 4266.719
2010 01 28 07 00 00 1 4266.713
2010 01 28 07 15 00 1 4266.701
2010 01 28 07 30 00 1 4266.684
2010 01 28 07 45 00 1 4266.664
2010 01 28 08 00 00 1 4266.637
2010 01 28 08 15 00 1 4266.605
2010 01 28 08 30 00 1 4266.576
2010 01 28 08 45 00 1 4266.545
2010 01 28 09 00 00 1 4266.513
2010 01 28 09 15 00 1 4266.482
2010 01 28 09 30 00 1 4266.453
2010 01 28 09 45 00 1 4266.429
2010 01 28 10 00 00 1 4266.409
2010 01 28 10 15 00 1 4266.394
2010 01 28 10 30 00 1 4266.385
2010 01 28 10 45 00 1 4266.378
2010 01 28 11 00 00 1 4266.381
2010 01 28 11 15 00 1 4266.392
2010 01 28 11 30 00 1 4266.413
2010 01 28 11 45 00 1 4266.438
2010 01 28 12 00 00 1 4266.474
2010 01 28 12 15 00 1 4266.514
2010 01 28 12 30 00 1 4266.564
2010 01 28 12 45 00 1 4266.617
2010 01 28 13 00 00 1 4266.677
2010 01 28 13 15 00 1 4266.739
2010 01 28 13 30 00 1 4266.808
2010 01 28 13 45 00 1 4266.877
2010 01 28 14 00 00 1 4266.948
2010 01 28 14 15 00 1 4267.017
2010 01 28 14 30 00 1 4267.089
2010 01 28 14 45 00 1 4267.157
2010 01 28 15 00 00 1 4267.224
2010 01 28 15 15 00 1 4267.285
2010 01 28 15 30 00 1 4267.341
2010 01 28 15 45 00 1 4267.390
2010 01 28 16 00 00 1 4267.432
2010 01 28 16 15 00 1 4267.468
2010 01 28 16 30 00 1 4267.488
2010 01 28 16 45 00 1 4267.499
2010 01 28 17 00 00 1 4267.498
2010 01 28 17 15 00 1 4267.489
2010 01 28 17 30 00 1 4267.464
2010 01 28 17 45 00 1 4267.429
2010 01 28 18 00 00 1 4267.382
2010 01 28 18 15 00 1 4267.322
2010 01 28 18 30 00 1 4267.258
2010 01 28 18 45 00 1 4267.176
2010 01 28 19 00 00 1 4267.089
2010 01 28 19 15 00 1 4266.991
2010 01 28 19 30 00 1 4266.885
2010 01 28 19 45 00 1 4266.769
2010 01 28 20 00 00 1 4266.648
2010 01 28 20 15 00 1 4266.522
2010 01 28 20 30 00 1 4266.395
2010 01 28 20 45 00 1 4266.262
2010 01 28 21 00 00 1 4266.131
2010 01 28 21 15 00 1 4266.003
2010 01 28 21 30 00 1 4265.878
2010 01 28 21 45 00 1 4265.756
2010 01 28 22 00 00 1 4265.641
2010 01 28 22 15 00 1 4265.536
2010 01 28 22 30 00 1 4265.434
2010 01 28 22 45 00 1 4265.346
2010 01 28 23 00 00 1 4265.267
2010 01 28 23 15 00 1 4265.200
2010 01 28 23 30 00 1 4265.145
2010 01 28 23 45 00 1 4265.104
2010 01 29 00 00 00 1 4265.073
2010 01 29 00 15 00 1 4265.058
2010 01 29 00 30 00 1 4265.056
2010 01 29 00 45 00 1 4265.067
2010 01 29 01 00 00 1 4265.090
2010 01 29 01 15 00 1 4265.125
2010 01 29 01 30 00 1 4265.174
2010 01 29 01 45 00 1 4265.233
2010 01 29 02 00 00 1 4265.303
2010 01 29 02 15 00 1 4265.378
2010 01 29 02 30 00 1 4265.462
2010 01 29 02 45 00 1 4265.551
2010 01 29 03 00 00 1 4265.646
2010 01 29 03 15 00 1 4265.745
2010 01 29 03 30 00 1 4265.848
2010 01 29 03 45 00 1 4265.948
2010 01 29 04 00 00 1 4266.051
2010 01 29 04 15 00 1 4266.150
2010 01 29 04 30 00 1 4266.248
2010 01 29 04 45 00 1 4266.339
2010 01 29 05 00 00 1 4266.426
2010 01 29 05 15 00 1 4266.503
2010 01 29 05 30 00 1 4266.573
2010 01 29 05 45 00 1 4266.636
2010 01 29 06 00 00 1 4266.687
2010 01 29 06 15 00 1 4266.731
2010 01 29 06 30 00 1 4266.765
2010 01 29 06 45 00 1 4266.791
2010 01 29 07 00 00 1 4266.806
2010 01 29 07 15 00 1 4266.813
2010 01 29 07 30 00 1 4266.807
2010 01 29 07 45 00 1 4266.794
2010 01 29 08 00 00 1 4266.777
2010 01 29 08 15 00 1 4266.752
2010 01 29 08 30 00 1 4266.718
2010 01 29 08 45 00 1 4266.680
2010 01 29 09 00 00 1 4266.639
2010 01 29 09 15 00 1 4266.594
2010 01 29 09 30 00 1 4266.548
2010 01 29 09 45 00 1 4266.507
2010 01 29 10 00 00 1 4266.462
2010 01 29 10 15 00 1 4266.417
2010 01 29 10 30 00 1 4266.386
2010 01 29 10 45 00 1 4266.353
2010 01 29 11 00 00 1 4266.325
2010 01 29 11 15 00 1 4266.300
2010 01 29 11 30 00 1 4266.288
2010 01 29 11 45 00 1 4266.283
2010 01 29 12 00 00 1 4266.288
2010 01 29 12 15 00 1 4266.298
2010 01 29 12 30 00 1 4266.320
2010 01 29 12 45 00 1 4266.345
2010 01 29 13 00 00 1 4266.389
2010 01 29 13 15 00 1 4266.435
2010 01 29 13 30 00 1 4266.488
2010 01 29 13 45 00 1 4266.553
2010 01 29 14 00 00 1 4266.618
2010 01 29 14 15 00 1 4266.693
2010 01 29 14 30 00 1 4266.770
2010 01 29 14 45 00 1 4266.845
2010 01 29 15 00 00 1 4266.928
2010 01 29 15 15 00 1 4267.008
2010 01 29 15 30 00 1 4267.089
2010 01 29 15 45 00 1 4267.170
2010 01 29 16 00 00 1 4267.242
2010 01 29 16 15 00 1 4267.310
2010 01 29 16 30 00 1 4267.372
2010 01 29 16 45 00 1 4267.422
2010 01 29 17 00 00 1 4267.471
2010 01 29 17 15 00 1 4267.506
2010 01 29 17 30 00 1 4267.525
2010 01 29 17 45 00 1 4267.532
2010 01 29 18 00 00 1 4267.537
2010 01 29 18 15 00 1 4267.514
2010 01 29 18 30 00 1 4267.484
2010 01 29 18 45 00 1 4267.442
2010 01 29 19 00 00 1 4267.386
2010 01 29 19 15 00 1 4267.316
2010 01 29 19 30 00 1 4267.236
2010 01 29 19 45 00 1 4267.144
2010 01 29 20 00 00 1 4267.046
2010 01 29 20 15 00 1 4266.936
2010 01 29 20 30 00 1 4266.816
2010 01 29 20 45 00 1 4266.693
2010 01 29 21 00 00 1 4266.569
2010 01 29 21 15 00 1 4266.429
2010 01 29 21 30 00 1 4266.295
2010 01 29 21 45 00 1 4266.158
2010 01 29 22 00 00 1 4266.020
2010 01 29 22 15 00 1 4265.889
2010 01 29 22 30 00 1 4265.762
2010 01 29 22 45 00 1 4265.640
2010 01 29 23 00 00 1 4265.526
2010 01 29 23 15 00 1 4265.419
2010 01 29 23 30 00 1 4265.319
2010 01 29 23 45 00 1 4265.238
2010 01 30 00 00 00 1 4265.162
2010 01 30 00 15 00 1 4265.106
2010 01 30 00 30 00 1 4265.057
2010 01 30 00 45 00 1 4265.030
2010 01 30 01 00 00 1 4265.011
2010 01 30 01 15 00 1 4265.009
2010 01 30 01 30 00 1 4265.023
2010 01 30 01 45 00 1 4265.043
2010 01 30 02 00 00 1 4265.085
2010 01 30 02 15 00 1 4265.139
2010 01 30 02 30 00 1 4265.205
2010 01 30 02 45 00 1 4265.281
2010 01 30 03 00 00 1 4265.365
2010 01 30 03 15 00 1 4265.458
2010 01 30 03 30 00 1 4265.560
2010 01 30 03 45 00 1 4265.667
2010 01 30 04 00 00 1 4265.778
2010 01 30 04 15 00 1 4265.892
2010 01 30 04 30 00 1 4266.006
2010 01 30 04 45 00 1 4266.112
2010 01 30 05 00 00 1 4266.222
2010 01 30 05 15 00 1 4266.323
2010 01 30 05 30 00 1 4266.424
2010 01 30 05 45 00 1 4266.514
2010 01 30 06 00 00 1 4266.600
2010 01 30 06 15 00 1 4266.677
2010 01 30 06 30 00 1 4266.736
2010 01 30 06 45 00 1 4266.788
2010 01 30 07 00 00 1 4266.837
2010 01 30 07 15 00 1 4266.873
2010 01 30 07 30 00 1 4266.895
2010 01 30 07 45 00 1 4266.906
2010 01 30 08 00 00 1 4266.902
2010 01 30 08 15 00 1 4266.891
2010 01 30 08 30 00 1 4266.869
2010 01 30 08 45 00 1 4266.839
2010 01 30 09 00 00 1 4266.796
2010 01 30 09 15 00 1 4266.752
2010 01 30 09 30 00 1 4266.697
2010 01 30 09 45 00 1 4266.646
2010 01 30 10 00 00 1 4266.587
2010 01 30 10 15 00 1 4266.530
2010 01 30 10 30 00 1 4266.470
2010 01 30 10 45 00 1 4266.413
2010 01 30 11 00 00 1 4266.358
2010 01 30 11 15 00 1 4266.306
2010 01 30 11 30 00 1 4266.260
2010 01 30 11 45 00 1 4266.219
2010 01 30 12 00 00 1 4266.191
2010 01 30 12 15 00 1 4266.169
2010 01 30 12 30 00 1 4266.153
2010 01 30 12 45 00 1 4266.148
2010 01 30 13 00 00 1 4266.152
2010 01 30 13 15 00 1 4266.165
2010 01 30 13 30 00 1 4266.191
2010 01 30 13 45 00 1 4266.227
2010 01 30 14 00 00 1 4266.270
2010 01 30 14 15 00 1 4266.326
2010 01 30 14 30 00 1 4266.390
2010 01 30 14 45 00 1 4266.461
2010 01 30 15 00 00 1 4266.541
2010 01 30 15 15 00 1 4266.622
2010 01 30 15 30 00 1 4266.713
2010 01 30 15 45 00 1 4266.801
2010 01 30 16 00 00 1 4266.890
2010 01 30 16 15 00 1 4266.983
2010 01 30 16 30 00 1 4267.070
2010 01 30 16 45 00 1 4267.151
2010 01 30 17 00 00 1 4267.228
2010 01 30 17 15 00 1 4267.302
2010 01 30 17 30 00 1 4267.362
2010 01 30 17 45 00 1 4267.420
2010 01 30 18 00 00 1 4267.460
2010 01 30 18 15 00 1 4267.487
2010 01 30 18 30 00 1 4267.507
2010 01 30 18 45 00 1 4267.514
2010 01 30 19 00 00 1 4267.504
2010 01 30 19 15 00 1 4267.482
2010 01 30 19 30 00 1 4267.445
2010 01 30 19 45 00 1 4267.393
2010 01 30 20 00 00 1 4267.332
2010 01 30 20 15 00 1 4267.258
2010 01 30 20 30 00 1 4267.169
2010 01 30 20 45 00 1 4267.070
2010 01 30 21 00 00 1 4266.964
2010 01 30 21 15 00 1 4266.844
2010 01 30 21 30 00 1 4266.723
2010 01 30 21 45 00 1 4266.590
2010 01 30 22 00 00 1 4266.457
2010 01 30 22 15 00 1 4266.318
2010 01 30 22 30 00 1 4266.181
2010 01 30 22 45 00 1 4266.040
2010 01 30 23 00 00 1 4265.911
2010 01 30 23 15 00 1 4265.779
2010 01 30 23 30 00 1 4265.658
2010 01 30 23 45 00 1 4265.545
2010 01 31 00 00 00 1 4265.437
2010 01 31 00 15 00 1 4265.336
2010 01 31 00 30 00 1 4265.253
2010 01 31 00 45 00 1 4265.182
2010 01 31 01 00 00 1 4265.123
2010 01 31 01 15 00 1 4265.077
2010 01 31 01 30 00 1 4265.050
2010 01 31 01 45 00 1 4265.037
2010 01 31 02 00 00 1 4265.038
2010 01 31 02 15 00 1 4265.056
2010 01 31 02 30 00 1 4265.084
2010 01 31 02 45 00 1 4265.126
2010 01 31 03 00 00 1 4265.183
2010 01 31 03 15 00 1 4265.256
2010 01 31 03 30 00 1 4265.337
2010 01 31 03 45 00 1 4265.428
2010 01 31 04 00 00 1 4265.526
2010 01 31 04 15 00 1 4265.637
2010 01 31 04 30 00 1 4265.750
2010 01 31 04 45 00 1 4265.867
2010 01 31 05 00 00 1 4265.985
2010 01 31 05 15 00 1 4266.102
2010 01 31 05 30 00 1 4266.224
2010 01 31 05 45 00 1 4266.337
2010 01 31 06 00 00 1 4266.449
2010 01 31 06 15 00 1 4266.550
2010 01 31 06 30 00 1 4266.645
2010 01 31 06 45 00 1 4266.732
2010 01 31 07 00 00 1 4266.809
2010 01 31 07 15 00 1 4266.874
2010 01 31 07 30 00 1 4266.923
2010 01 31 07 45 00 1 4266.966
2010 01 31 08 00 00 1 4266.992
2010 01 31 08 15 00 1 4267.008
2010 01 31 08 30 00 1 4267.013
2010 01 31 08 45 00 1 4267.003
2010 01 31 09 00 00 1 4266.983
2010 01 31 09 15 00 1 4266.952
2010 01 31 09 30 00 1 4266.913
2010 01 31 09 45 00 1 4266.864
2010 01 31 10 00 00 1 4266.811
2010 01 31 10 15 00 1 4266.748
2010 01 31 10 30 00 1 4266.682
2010 01 31 10 45 00 1 4266.612
2010 01 31 11 00 00 1 4266.538
2010 01 31 11 15 00 1 4266.467
2010 01 31 11 30 00 1 4266.393
2010 01 31 11 45 00 1 4266.325
2010 01 31 12 00 00 1 4266.260
2010 01 31 12 15 00 1 4266.204
2010 01 31 12 30 00 1 4266.150
2010 01 31 12 45 00 1 4266.103
2010 01 31 13 00 00 1 4266.063
2010 01 31 13 15 00 1 4266.036
2010 01 31 13 30 00 1 4266.020
2010 01 31 13 45 00 1 4266.015
2010 01 31 14 00 00 1 4266.018
2010 01 31 14 15 00 1 4266.035
2010 01 31 14 30 00 1 4266.067
2010 01 31 14 45 00 1 4266.106
2010 01 31 15 00 00 1 4266.154
2010 01 31 15 15 00 1 4266.217
2010 01 31 15 30 00 1 4266.285
2010 01 31 15 45 00 1 4266.363
2010 01 31 16 00 00 1 4266.451
2010 01 31 16 15 00 1 4266.542
2010 01 31 16 30 00 1 4266.636
2010 01 31 16 45 00 1 4266.731
2010 01 31 17 00 00 1 4266.829
2010 01 31 17 15 00 1 4266.918
2010 01 31 17 30 00 1 4267.009
2010 01 31 17 45 00 1 4267.090
2010 01 31 18 00 00 1 4267.167
2010 01 31 18 15 00 1 4267.235
2010 01 31 18 30 00 1 4267.297
2010 01 31 18 45 00 1 4267.345
2010 01 31 19 00 00 1 4267.384
2010 01 31 19 15 00 1 4267.410
2010 01 31 19 30 00 1 4267.423
2010 01 31 19 45 00 1 4267.421
2010 01 31 20 00 00 1 4267.407
2010 01 31 20 15 00 1 4267.379
2010 01 31 20 30 00 1 4267.338
2010 01 31 20 45 00 1 4267.281
2010 01 31 21 00 00 1 4267.212
2010 01 31 21 15 00 1 4267.134
2010 01 31 21 30 00 1 4267.041
2010 01 31 21 45 00 1 4266.942
2010 01 31 22 00 00 1 4266.832
2010 01 31 22 15 00 1 4266.716
2010 01 31 22 30 00 1 4266.597
2010 01 31 22 45 00 1 4266.470
2010 01 31 23 00 00 1 4266.343
2010 01 31 23 15 00 1 4266.216
2010 01 31 23 30 00 1 4266.090
2010 01 31 23 45 00 1 4265.964
2010 02 01 00 00 00 1 4265.842
2010 02 01 00 15 00 1 4265.725
2010 02 01 00 30 00 1 4265.617
2010 02 01 00 45 00 1 4265.516
2010 02 01 01 00 00 1 4265.426
2010 02 01 01 15 00 1 4265.349
2010 02 01 01 30 00 1 4265.278
2010 02 01 01 45 00 1 4265.223
2010 02 01 02 00 00 1 4265.184
2010 02 01 02 15 00 1 4265.160
2010 02 01 02 30 00 1 4265.151
2010 02 01 02 45 00 1 4265.155
2010 02 01 03 00 00 1 4265.176
2010 02 01 03 15 00 1 4265.210
2010 02 01 03 30 00 1 4265.261
2010 02 01 03 45 00 1 4265.327
2010 02 01 04 00 00 1 4265.404
2010 02 01 04 15 00 1 4265.490
2010 02 01 04 30 00 1 4265.589
2010 02 01 04 45 00 1 4265.696
2010 02 01 05 00 00 1 4265.807
2010 02 01 05 15 00 1 4265.923
2010 02 01 05 30 00 1 4266.045
2010 02 01 05 45 00 1 4266.165
2010 02 01 06 00 00 1 4266.286
2010 02 01 06 15 00 1 4266.403
2010 02 01 06 30 00 1 4266.514
2010 02 01 06 45 00 1 4266.621
2010 02 01 07 00 00 1 4266.721
2010 02 01 07 15 00 1 4266.815
2010 02 01 07 30 00 1 4266.899
2010 02 01 07 45 00 1 4266.973
2010 02 01 08 00 00 1 4267.031
2010 02 01 08 15 00 1 4267.078
2010 02 01 08 30 00 1 4267.115
2010 02 01 08 45 00 1 4267.136
2010 02 01 09 00 00 1 4267.142
2010 02 01 09 15 00 1 4267.138
2010 02 01 09 30 00 1 4267.122
2010 02 01 09 45 00 1 4267.091
2010 02 01 10 00 00 1 4267.051
2010 02 01 10 15 00 1 4266.998
2010 02 01 10 30 00 1 4266.934
2010 02 01 10 45 00 1 4266.867
2010 02 01 11 00 00 1 4266.795
2010 02 01 11 15 00 1 4266.714
2010 02 01 11 30 00 1 4266.634
2010 02 01 11 45 00 1 4266.548
2010 02 01 12 00 00 1 4266.467
2010 02 01 12 15 00 1 4266.385
2010 02 01 12 30 00 1 4266.304
2010 02 01 12 45 00 1 4266.227
2010 02 01 13 00 00 1 4266.153
2010 02 01 13 15 00 1 4266.086
2010 02 01 13 30 00 1 4266.023
2010 02 01 13 45 00 1 4265.972
2010 02 01 14 00 00 1 4265.932
2010 02 01 14 15 00 1 4265.904
2010 02 01 14 30 00 1 4265.889
2010 02 01 14 45 00 1 4265.886
2010 02 01 15 00 00 1 4265.894
2010 02 01 15 15 00 1 4265.912
2010 02 01 15 30 00 1 4265.944
2010 02 01 15 45 00 1 4265.988
2010 02 01 16 00 00 1 4266.043
2010 02 01 16 15 00 1 4266.106
2010 02 01 16 30 00 1 4266.179
2010 02 01 16 45 00 1 4266.260
2010 02 01 17 00 00 1 4266.342
2010 02 01 17 15 00 1 4266.431
2010 02 01 17 30 00 1 4266.523
2010 02 01 17 45 00 1 4266.614
2010 02 01 18 00 00 1 4266.705
2010 02 01 18 15 00 1 4266.793
2010 02 01 18 30 00 1 4266.876
2010 02 01 18 45 00 1 4266.955
2010 02 01 19 00 00 1 4267.026
2010 02 01 19 15 00 1 4267.089
2010 02 01 19 30 00 1 4267.142
2010 02 01 19 45 00 1 4267.185
2010 02 01 20 00 00 1 4267.217
2010 02 01 20 15 00 1 4267.236
2010 02 01 20 30 00 1 4267.244
2010 02 01 20 45 00 1 4267.239
2010 02 01 21 00 00 1 4267.222
2010 02 01 21 15 00 1 4267.193
2010 02 01 21 30 00 1 4267.151
2010 02 01 21 45 00 1 4267.099
2010 02 01 22 00 00 1 4267.036
2010 02 01 22 15 00 1 4266.962
2010 02 01 22 30 00 1 4266.876
2010 02 01 22 45 00 1 4266.786
2010 02 01 23 00 00 1 4266.685
2010 02 01 23 15 00 1 4266.579
2010 02 01 23 30 00 1 4266.468
2010 02 01 23 45 00 1 4266.357
2010 02 02 00 00 00 1 4266.242
2010 02 02 00 15 00 1 4266.128
2010 02 02 00 30 00 1 4266.019
2010 02 02 00 45 00 1 4265.912
2010 02 02 01 00 00 1 4265.809
2010 02 02 01 15 00 1 4265.713
2010 02 02 01 30 00 1 4265.623
2010 02 02 01 45 00 1 4265.541
2010 02 02 02 00 00 1 4265.471
2010 02 02 02 15 00 1 4265.411
2010 02 02 02 30 00 1 4265.367
2010 02 02 02 45 00 1 4265.335
2010 02 02 03 00 00 1 4265.317
2010 02 02 03 15 00 1 4265.315
2010 02 02 03 30 00 1 4265.328
2010 02 02 03 45 00 1 4265.356
2010 02 02 04 00 00 1 4265.397
2010 02 02 04 15 00 1 4265.450
2010 02 02 04 30 00 1 4265.514
2010 02 02 04 45 00 1 4265.592
2010 02 02 05 00 00 1 4265.681
2010 02 02 05 15 00 1 4265.776
2010 02 02 05 30 00 1 4265.881
2010 02 02 05 45 00 1 4265.994
2010 02 02 06 00 00 1 4266.107
2010 02 02 06 15 00 1 4266.224
2010 02 02 06 30 00 1 4266.340
2010 02 02 06 45 00 1 4266.459
2010 02 02 07 00 00 1 4266.571
2010 02 02 07 15 00 1 4266.679
2010 02 02 07 30 00 1 4266.781
2010 02 02 07 45 00 1 4266.876
2010 02 02 08 00 00 1 4266.959
2010 02 02 08 15 00 1 4267.034
2010 02 02 08 30 00 1 4267.098
2010 02 02 08 45 00 1 4267.149
2010 02 02 09 00 00 1 4267.191
2010 02 02 09 15 00 1 4267.216
2010 02 02 09 30 00 1 4267.231
2010 02 02 09 45 00 1 4267.231
2010 02 02 10 00 00 1 4267.219
2010 02 02 10 15 00 1 4267.197
2010 02 02 10 30 00 1 4267.157
2010 02 02 10 45 00 1 4267.112
2010 02 02 11 00 00 1 4267.054
2010 02 02 11 15 00 1 4266.988
2010 02 02 11 30 00 1 4266.916
2010 02 02 11 45 00 1 4266.836
2010 02 02 12 00 00 1 4266.751
2010 02 02 12 15 00 1 4266.664
2010 02 02 12 30 00 1 4266.571
2010 02 02 12 45 00 1 4266.479
2010 02 02 13 00 00 1 4266.390
2010 02 02 13 15 00 1 4266.301
2010 02 02 13 30 00 1 4266.213
2010 02 02 13 45 00 1 4266.130
2010 02 02 14 00 00 1 4266.054
2010 02 02 14 15 00 1 4265.986
2010 02 02 14 30 00 1 4265.926
2010 02 02 14 45 00 1 4265.876
2010 02 02 15 00 00 1 4265.836
2010 02 02 15 15 00 1 4265.806
2010 02 02 15 30 00 1 4265.797
2010 02 02 15 45 00 1 4265.792
2010 02 02 16 00 00 1 4265.804
2010 02 02 16 15 00 1 4265.827
2010 02 02 16 30 00 1 4265.863
2010 02 02 16 45 00 1 4265.908
2010 02 02 17 00 00 1 4265.963
2010 02 02 17 15 00 1 4266.022
2010 02 02 17 30 00 1 4266.091
2010 02 02 17 45 00 1 4266.166
2010 02 02 18 00 00 1 4266.243
2010 02 02 18 15 00 1 4266.325
2010 02 02 18 30 00 1 4266.404
2010 02 02 18 45 00 1 4266.487
2010 02 02 19 00 00 1 4266.570
2010 02 02 19 15 00 1 4266.650
2010 02 02 19 30 00 1 4266.722
2010 02 02 19 45 00 1 4266.791
2010 02 02 20 00 00 1 4266.852
2010 02 02 20 15 00 1 4266.909
2010 02 02 20 30 00 1 4266.957
2010 02 02 20 45 00 1 4266.990
2010 02 02 21 00 00 1 4267.012
2010 02 02 21 15 00 1 4267.028
2010 02 02 21 30 00 1 4267.033
2010 02 02 21 45 00 1 4267.026
2010 02 02 22 00 00 1 4267.010
2010 02 02 22 15 00 1 4266.981
2010 02 02 22 30 00 1 4266.943
2010 02 02 22 45 00 1 4266.895
2010 02 02 23 00 00 1 4266.840
2010 02 02 23 15 00 1 4266.774
2010 02 02 23 30 00 1 4266.698
2010 02 02 23 45 00 1 4266.620
2010 02 03 00 00 00 1 4266.533
2010 02 03 00 15 00 1 4266.449
2010 02 03 00 30 00 1 4266.359
2010 02 03 00 45 00 1 4266.265
2010 02 03 01 00 00 1 4266.171
2010 02 03 01 15 00 1 4266.078
2010 02 03 01 30 00 1 4265.992
2010 02 03 01 45 00 1 4265.907
2010 02 03 02 00 00 1 4265.828
2010 02 03 02 15 00 1 4265.755
2010 02 03 02 30 00 1 4265.689
2010 02 03 02 45 00 1 4265.634
2010 02 03 03 00 00 1 4265.585
2010 02 03 03 15 00 1 4265.554
2010 02 03 03 30 00 1 4265.533
2010 02 03 03 45 00 1 4265.522
2010 02 03 04 00 00 1 4265.525
2010 02 03 04 15 00 1 4265.545
2010 02 03 04 30 00 1 4265.573
2010 02 03 04 45 00 1 4265.613
2010 02 03 05 00 00 1 4265.662
2010 02 03 05 15 00 1 4265.725
2010 02 03 05 30 00 1 4265.800
2010 02 03 05 45 00 1 4265.881
2010 02 03 06 00 00 1 4265.970
2010 02 03 06 15 00 1 4266.068
2010 02 03 06 30 00 1 4266.171
2010 02 03 06 45 00 1 4266.278
2010 02 03 07 00 00 1 4266.389
2010 02 03 07 15 00 1 4266.500
2010 02 03 07 30 00 1 4266.608
2010 02 03 07 45 00 1 4266.714
2010 02 03 08 00 00 1 4266.812
2010 02 03 08 15 00 1 4266.903
2010 02 03 08 30 00 1 4266.985
2010 02 03 08 45 00 1 4267.061
2010 02 03 09 00 00 1 4267.125
2010 02 03 09 15 00 1 4267.181
2010 02 03 09 30 00 1 4267.228
2010 02 03 09 45 00 1 4267.261
2010 02 03 10 00 00 1 4267.284
2010 02 03 10 15 00 1 4267.293
2010 02 03 10 30 00 1 4267.291
2010 02 03 10 45 00 1 4267.276
2010 02 03 11 00 00 1 4267.247
2010 02 03 11 15 00 1 4267.209
2010 02 03 11 30 00 1 4267.162
2010 02 03 11 45 00 1 4267.103
2010 02 03 12 00 00 1 4267.033
2010 02 03 12 15 00 1 4266.960
2010 02 03 12 30 00 1 4266.877
2010 02 03 12 45 00 1 4266.790
2010 02 03 13 00 00 1 4266.699
2010 02 03 13 15 00 1 4266.604
2010 02 03 13 30 00 1 4266.509
2010 02 03 13 45 00 1 4266.412
2010 02 03 14 00 00 1 4266.314
2010 02 03 14 15 00 1 4266.220
2010 02 03 14 30 00 1 4266.133
2010 02 03 14 45 00 1 4266.050
2010 02 03 15 00 00 1 4265.973
2010 02 03 15 15 00 1 4265.905
2010 02 03 15 30 00 1 4265.846
2010 02 03 15 45 00 1 4265.798
2010 02 03 16 00 00 1 4265.762
2010 02 03 16 15 00 1 4265.737
2010 02 03 16 30 00 1 4265.726
2010 02 03 16 45 00 1 4265.727
2010 02 03 17 00 00 1 4265.735
2010 02 03 17 15 00 1 4265.753
2010 02 03 17 30 00 1 4265.782
2010 02 03 17 45 00 1 4265.820
2010 02 03 18 00 00 1 4265.865
2010 02 03 18 15 00 1 4265.918
2010 02 03 18 30 00 1 4265.979
2010 02 03 18 45 00 1 4266.042
2010 02 03 19 00 00 1 4266.111
2010 02 03 19 15 00 1 4266.182
2010 02 03 19 30 00 1 4266.255
2010 02 03 19 45 00 1 4266.328
2010 02 03 20 00 00 1 4266.400
2010 02 03 20 15 00 1 4266.471
2010 02 03 20 30 00 1 4266.536
2010 02 03 20 45 00 1 4266.599
2010 02 03 21 00 00 1 4266.654
2010 02 03 21 15 00 1 4266.705
2010 02 03 21 30 00 1 4266.746
2010 02 03 21 45 00 1 4266.780
2010 02 03 22 00 00 1 4266.805
2010 02 03 22 15 00 1 4266.820
2010 02 03 22 30 00 1 4266.827
2010 02 03 22 45 00 1 4266.826
2010 02 03 23 00 00 1 4266.815
2010 02 03 23 15 00 1 4266.794
2010 02 03 23 30 00 1 4266.766
2010 02 03 23 45 00 1 4266.730
2010 02 04 00 00 00 1 4266.687
2010 02 04 00 15 00 1 4266.635
2010 02 04 00 30 00 1 4266.580
2010 02 04 00 45 00 1 4266.518
2010 02 04 01 00 00 1 4266.452
2010 02 04 01 15 00 1 4266.382
2010 02 04 01 30 00 1 4266.312
2010 02 04 01 45 00 1 4266.239
2010 02 04 02 00 00 1 4266.167
2010 02 04 02 15 00 1 4266.100
2010 02 04 02 30 00 1 4266.036
2010 02 04 02 45 00 1 4265.974
2010 02 04 03 00 00 1 4265.915
2010 02 04 03 15 00 1 4265.867
2010 02 04 03 30 00 1 4265.822
2010 02 04 03 45 00 1 4265.789
2010 02 04 04 00 00 1 4265.768
2010 02 04 04 15 00 1 4265.754
2010 02 04 04 30 00 1 4265.750
2010 02 04 04 45 00 1 4265.759
2010 02 04 05 00 00 1 4265.779
2010 02 04 05 15 00 1 4265.809
2010 02 04 05 30 00 1 4265.847
2010 02 04 05 45 00 1 4265.896
2010 02 04 06 00 00 1 4265.955
2010 02 04 06 15 00 1 4266.020
2010 02 04 06 30 00 1 4266.094
2010 02 04 06 45 00 1 4266.173
2010 02 04 07 00 00 1 4266.257
2010 02 04 07 15 00 1 4266.345
2010 02 04 07 30 00 1 4266.437
2010 02 04 07 45 00 1 4266.529
2010 02 04 08 00 00 1 4266.623
2010 02 04 08 15 00 1 4266.714
2010 02 04 08 30 00 1 4266.803
2010 02 04 08 45 00 1 4266.887
2010 02 04 09 00 00 1 4266.962
2010 02 04 09 15 00 1 4267.034
2010 02 04 09 30 00 1 4267.095
2010 02 04 09 45 00 1 4267.152
2010 02 04 10 00 00 1 4267.198
2010 02 04 10 15 00 1 4267.236
2010 02 04 10 30 00 1 4267.265
2010 02 04 10 45 00 1 4267.280
2010 02 04 11 00 00 1 4267.289
2010 02 04 11 15 00 1 4267.282
2010 02 04 11 30 00 1 4267.268
2010 02 04 11 45 00 1 4267.241
2010 02 04 12 00 00 1 4267.204
2010 02 04 12 15 00 1 4267.159
2010 02 04 12 30 00 1 4267.102
2010 02 04 12 45 00 1 4267.038
2010 02 04 13 00 00 1 4266.966
2010 02 04 13 15 00 1 4266.888
2010 02 04 13 30 00 1 4266.805
2010 02 04 13 45 00 1 4266.719
2010 02 04 14 00 00 1 4266.627
2010 02 04 14 15 00 1 4266.535
2010 02 04 14 30 00 1 4266.442
2010 02 04 14 45 00 1 4266.348
2010 02 04 15 00 00 1 4266.259
2010 02 04 15 15 00 1 9999.000
2010 02 04 15 30 00 1 9999.000
2010 02 04 15 45 00 1 9999.000
2010 02 04 16 00 00 1 9999.000
2010 02 04 16 15 00 1 4265.870
2010 02 04 16 30 00 1 4265.817
2010 02 04 16 45 00 1 4265.771
2010 02 04 17 00 00 1 4265.734
2010 02 04 17 15 00 1 4265.708
2010 02 04 17 30 00 1 4265.692
2010 02 04 17 45 00 1 4265.683
2010 02 04 18 00 00 1 4265.686
2010 02 04 18 15 00 1 4265.698
2010 02 04 18 30 00 1 4265.716
2010 02 04 18 45 00 1 4265.746
2010 02 04 19 00 00 1 4265.784
2010 02 04 19 15 00 1 4265.826
2010 02 04 19 30 00 1 4265.873
2010 02 04 19 45 00 1 4265.928
2010 02 04 20 00 00 1 4265.983
2010 02 04 20 15 00 1 4266.044
2010 02 04 20 30 00 1 4266.107
2010 02 04 20 45 00 1 4266.168
2010 02 04 21 00 00 1 4266.233
2010 02 04 21 15 00 1 4266.296
2010 02 04 21 30 00 1 4266.354
2010 02 04 21 45 00 1 4266.409
2010 02 04 22 00 00 1 4266.459
2010 02 04 22 15 00 1 4266.507
2010 02 04 22 30 00 1 4266.548
2010 02 04 22 45 00 1 4266.584
2010 02 04 23 00 00 1 4266.610
2010 02 04 23 15 00 1 4266.631
2010 02 04 23 30 00 1 4266.645
2010 02 04 23 45 00 1 4266.651
2010 02 05 00 00 00 1 4266.649
2010 02 05 00 15 00 1 4266.639
2010 02 05 00 30 00 1 4266.622
2010 02 05 00 45 00 1 4266.598
2010 02 05 01 00 00 1 4266.568
2010 02 05 01 15 00 1 4266.535
2010 02 05 01 30 00 1 4266.494
2010 02 05 01 45 00 1 4266.451
2010 02 05 02 00 00 1 4266.408
2010 02 05 02 15 00 1 4266.363
2010 02 05 02 30 00 1 4266.315
2010 02 05 02 45 00 1 4266.268
2010 02 05 03 00 00 1 4266.222
2010 02 05 03 15 00 1 4266.175
2010 02 05 03 30 00 1 4266.131
2010 02 05 03 45 00 1 4266.093
2010 02 05 04 00 00 1 4266.059
2010 02 05 04 15 00 1 4266.030
2010 02 05 04 30 00 1 4266.007
2010 02 05 04 45 00 1 4265.995
2010 02 05 05 00 00 1 4265.985
2010 02 05 05 15 00 1 4265.989
2010 02 05 05 30 00 1 4265.997
2010 02 05 05 45 00 1 4266.016
2010 02 05 06 00 00 1 4266.042
2010 02 05 06 15 00 1 4266.077
2010 02 05 06 30 00 1 4266.121
2010 02 05 06 45 00 1 4266.166
2010 02 05 07 00 00 1 4266.225
2010 02 05 07 15 00 1 4266.285
2010 02 05 07 30 00 1 4266.354
2010 02 05 07 45 00 1 4266.425
2010 02 05 08 00 00 1 4266.501
2010 02 05 08 15 00 1 4266.576
2010 02 05 08 30 00 1 4266.652
2010 02 05 08 45 00 1 4266.728
2010 02 05 09 00 00 1 4266.805
2010 02 05 09 15 00 1 4266.878
2010 02 05 09 30 00 1 4266.947
2010 02 05 09 45 00 1 4267.014
2010 02 05 10 00 00 1 4267.075
2010 02 05 10 15 00 1 4267.130
2010 02 05 10 30 00 1 4267.179
2010 02 05 10 45 00 1 4267.218
2010 02 05 11 00 00 1 4267.251
2010 02 05 11 15 00 1 4267.275
2010 02 05 11 30 00 1 4267.287
2010 02 05 11 45 00 1 4267.295
2010 02 05 12 00 00 1 4267.292
2010 02 05 12 15 00 1 4267.279
2010 02 05 12 30 00 1 4267.256
2010 02 05 12 45 00 1 4267.227
2010 02 05 13 00 00 1 4267.186
2010 02 05 13 15 00 1 4267.137
2010 02 05 13 30 00 1 4267.079
2010 02 05 13 45 00 1 4267.013
2010 02 05 14 00 00 1 4266.938
2010 02 05 14 15 00 1 4266.858
2010 02 05 14 30 00 1 4266.776
2010 02 05 14 45 00 1 4266.690
2010 02 05 15 00 00 1 4266.599
2010 02 05 15 15 00 1 4266.509
2010 02 05 15 30 00 1 4266.420
2010 02 05 15 45 00 1 4266.329
2010 02 05 16 00 00 1 4266.243
2010 02 05 16 15 00 1 4266.159
2010 02 05 16 30 00 1 4266.075
2010 02 05 16 45 00 1 4265.999
2010 02 05 17 00 00 1 4265.925
2010 02 05 17 15 00 1 4265.861
2010 02 05 17 30 00 1 4265.809
2010 02 05 17 45 00 1 4265.758
2010 02 05 18 00 00 1 4265.724
2010 02 05 18 15 00 1 4265.693
2010 02 05 18 30 00 1 4265.671
2010 02 05 18 45 00 1 4265.659
2010 02 05 19 00 00 1 4265.657
2010 02 05 19 15 00 1 4265.663
2010 02 05 19 30 00 1 4265.674
2010 02 05 19 45 00 1 4265.695
2010 02 05 20 00 00 1 4265.723
2010 02 05 20 15 00 1 4265.756
2010 02 05 20 30 00 1 4265.793
2010 02 05 20 45 00 1 4265.836
2010 02 05 21 00 00 1 4265.883
2010 02 05 21 15 00 1 4265.934
2010 02 05 21 30 00 1 4265.988
2010 02 05 21 45 00 1 4266.047
2010 02 05 22 00 00 1 4266.104
2010 02 05 22 15 00 1 4266.159
2010 02 05 22 30 00 1 4266.214
2010 02 05 22 45 00 1 4266.265
2010 02 05 23 00 00 1 4266.314
2010 02 05 23 15 00 1 4266.357
2010 02 05 23 30 00 1 4266.399
2010 02 05 23 45 00 1 4266.436
2010 02 06 00 00 00 1 4266.468
2010 02 06 00 15 00 1 4266.491
2010 02 06 00 30 00 1 4266.515
2010 02 06 00 45 00 1 4266.527
2010 02 06 01 00 00 1 4266.538
2010 02 06 01 15 00 1 4266.544
2010 02 06 01 30 00 1 4266.541
2010 02 06 01 45 00 1 4266.534
2010 02 06 02 00 00 1 4266.522
2010 02 06 02 15 00 1 4266.505
2010 02 06 02 30 00 1 4266.486
2010 02 06 02 45 00 1 4266.458
2010 02 06 03 00 00 1 4266.432
2010 02 06 03 15 00 1 4266.404
2010 02 06 03 30 00 1 4266.375
2010 02 06 03 45 00 1 4266.347
2010 02 06 04 00 00 1 4266.314
2010 02 06 04 15 00 1 4266.287
2010 02 06 04 30 00 1 4266.260
2010 02 06 04 45 00 1 4266.236
2010 02 06 05 00 00 1 4266.212
2010 02 06 05 15 00 1 4266.198
2010 02 06 05 30 00 1 4266.188
2010 02 06 05 45 00 1 4266.181
2010 02 06 06 00 00 1 4266.182
2010 02 06 06 15 00 1 4266.185
2010 02 06 06 30 00 1 4266.197
2010 02 06 06 45 00 1 4266.213
2010 02 06 07 00 00 1 4266.240
2010 02 06 07 15 00 1 4266.267
2010 02 06 07 30 00 1 4266.307
2010 02 06 07 45 00 1 4266.345
2010 02 06 08 00 00 1 4266.394
2010 02 06 08 15 00 1 4266.446
2010 02 06 08 30 00 1 4266.504
2010 02 06 08 45 00 1 4266.559
2010 02 06 09 00 00 1 4266.619
2010 02 06 09 15 00 1 4266.680
2010 02 06 09 30 00 1 4266.743
2010 02 06 09 45 00 1 4266.805
2010 02 06 10 00 00 1 4266.865
2010 02 06 10 15 00 1 4266.923
2010 02 06 10 30 00 1 4266.980
2010 02 06 10 45 00 1 4267.031
2010 02 06 11 00 00 1 4267.082
2010 02 06 11 15 00 1 4267.126
2010 02 06 11 30 00 1 4267.163
2010 02 06 11 45 00 1 4267.192
2010 02 06 12 00 00 1 4267.217
2010 02 06 12 15 00 1 4267.231
2010 02 06 12 30 00 1 4267.237
2010 02 06 12 45 00 1 4267.239
2010 02 06 13 00 00 1 4267.231
2010 02 06 13 15 00 1 4267.216
2010 02 06 13 30 00 1 4267.191
2010 02 06 13 45 00 1 4267.157
2010 02 06 14 00 00 1 4267.111
2010 02 06 14 15 00 1 4267.063
2010 02 06 14 30 00 1 4267.011
2010 02 06 14 45 00 1 4266.946
2010 02 06 15 00 00 1 4266.876
2010 02 06 15 15 00 1 4266.803
2010 02 06 15 30 00 1 4266.726
2010 02 06 15 45 00 1 4266.647
2010 02 06 16 00 00 1 4266.563
2010 02 06 16 15 00 1 4266.478
2010 02 06 16 30 00 1 4266.390
2010 02 06 16 45 00 1 4266.307
2010 02 06 17 00 00 1 4266.222
2010 02 06 17 15 00 1 4266.142
2010 02 06 17 30 00 1 4266.063
2010 02 06 17 45 00 1 4265.990
2010 02 06 18 00 00 1 4265.920
2010 02 06 18 15 00 1 4265.857
2010 02 06 18 30 00 1 4265.801
2010 02 06 18 45 00 1 4265.750
2010 02 06 19 00 00 1 4265.705
2010 02 06 19 15 00 1 4265.670
2010 02 06 19 30 00 1 4265.643
2010 02 06 19 45 00 1 4265.624
2010 02 06 20 00 00 1 4265.615
2010 02 06 20 15 00 1 4265.613
2010 02 06 20 30 00 1 4265.619
2010 02 06 20 45 00 1 4265.631
2010 02 06 21 00 00 1 4265.653
2010 02 06 21 15 00 1 4265.677
2010 02 06 21 30 00 1 4265.710
2010 02 06 21 45 00 1 4265.747
2010 02 06 22 00 00 1 4265.790
2010 02 06 22 15 00 1 4265.837
2010 02 06 22 30 00 1 4265.883
2010 02 06 22 45 00 1 4265.933
2010 02 06 23 00 00 1 4265.987
2010 02 06 23 15 00 1 4266.039
2010 02 06 23 30 00 1 4266.097
2010 02 06 23 45 00 1 4266.151
2010 02 07 00 00 00 1 4266.200
2010 02 07 00 15 00 1 4266.251
2010 02 07 00 30 00 1 4266.297
2010 02 07 00 45 00 1 4266.339
2010 02 07 01 00 00 1 4266.378
2010 02 07 01 15 00 1 4266.414
2010 02 07 01 30 00 1 4266.443
2010 02 07 01 45 00 1 4266.470
2010 02 07 02 00 00 1 4266.489
2010 02 07 02 15 00 1 4266.504
2010 02 07 02 30 00 1 4266.516
2010 02 07 02 45 00 1 4266.520
2010 02 07 03 00 00 1 4266.519
2010 02 07 03 15 00 1 4266.516
2010 02 07 03 30 00 1 4266.507
2010 02 07 03 45 00 1 4266.494
2010 02 07 04 00 00 1 4266.481
2010 02 07 04 15 00 1 4266.463
2010 02 07 04 30 00 1 4266.445
2010 02 07 04 45 00 1 4266.427
2010 02 07 05 00 00 1 4266.407
2010 02 07 05 15 00 1 4266.384
2010 02 07 05 30 00 1 4266.368
2010 02 07 05 45 00 1 4266.349
2010 02 07 06 00 00 1 4266.332
2010 02 07 06 15 00 1 4266.323
2010 02 07 06 30 00 1 4266.314
2010 02 07 06 45 00 1 4266.308
2010 02 07 07 00 00 1 4266.310
2010 02 07 07 15 00 1 4266.315
2010 02 07 07 30 00 1 4266.323
2010 02 07 07 45 00 1 4266.339
2010 02 07 08 00 00 1 4266.363
2010 02 07 08 15 00 1 4266.384
2010 02 07 08 30 00 1 4266.413
2010 02 07 08 45 00 1 4266.444
2010 02 07 09 00 00 1 4266.480
2010 02 07 09 15 00 1 4266.520
2010 02 07 09 30 00 1 4266.562
2010 02 07 09 45 00 1 4266.612
2010 02 07 10 00 00 1 4266.661
2010 02 07 10 15 00 1 4266.713
2010 02 07 10 30 00 1 4266.765
2010 02 07 10 45 00 1 4266.815
2010 02 07 11 00 00 1 4266.864
2010 02 07 11 15 00 1 4266.917
2010 02 07 11 30 00 1 4266.964
2010 02 07 11 45 00 1 4267.013
2010 02 07 12 00 00 1 4267.054
2010 02 07 12 15 00 1 4267.091
2010 02 07 12 30 00 1 4267.125
2010 02 07 12 45 00 1 4267.154
2010 02 07 13 00 00 1 4267.172
2010 02 07 13 15 00 1 4267.186
2010 02 07 13 30 00 1 4267.192
2010 02 07 13 45 00 1 4267.190
2010 02 07 14 00 00 1 4267.183
2010 02 07 14 15 00 1 4267.165
2010 02 07 14 30 00 1 4267.140
2010 02 07 14 45 00 1 4267.106
2010 02 07 15 00 00 1 4267.067
2010 02 07 15 15 00 1 4267.020
2010 02 07 15 30 00 1 4266.966
2010 02 07 15 45 00 1 4266.906
2010 02 07 16 00 00 1 4266.840
2010 02 07 16 15 00 1 4266.769
2010 02 07 16 30 00 1 4266.695
2010 02 07 16 45 00 1 4266.618
2010 02 07 17 00 00 1 4266.536
2010 02 07 17 15 00 1 4266.454
2010 02 07 17 30 00 1 4266.368
2010 02 07 17 45 00 1 4266.282
2010 02 07 18 00 00 1 4266.199
2010 02 07 18 15 00 1 4266.114
2010 02 07 18 30 00 1 4266.037
2010 02 07 18 45 00 1 4265.962
2010 02 07 19 00 00 1 4265.889
2010 02 07 19 15 00 1 4265.824
2010 02 07 19 30 00 1 4265.764
2010 02 07 19 45 00 1 4265.707
2010 02 07 20 00 00 1 4265.659
2010 02 07 20 15 00 1 4265.619
2010 02 07 20 30 00 1 4265.587
2010 02 07 20 45 00 1 4265.567
2010 02 07 21 00 00 1 4265.547
2010 02 07 21 15 00 1 4265.538
2010 02 07 21 30 00 1 4265.540
2010 02 07 21 45 00 1 4265.546
2010 02 07 22 00 00 1 4265.560
2010 02 07 22 15 00 1 4265.581
2010 02 07 22 30 00 1 4265.612
2010 02 07 22 45 00 1 4265.649
2010 02 07 23 00 00 1 4265.691
2010 02 07 23 15 00 1 4265.734
2010 02 07 23 30 00 1 4265.786
2010 02 07 23 45 00 1 4265.840
2010 02 08 00 00 00 1 4265.896
2010 02 08 00 15 00 1 4265.957
2010 02 08 00 30 00 1 4266.017
2010 02 08 00 45 00 1 4266.080
2010 02 08 01 00 00 1 4266.137
2010 02 08 01 15 00 1 4266.194
2010 02 08 01 30 00 1 4266.247
2010 02 08 01 45 00 1 4266.297
2010 02 08 02 00 00 1 4266.342
2010 02 08 02 15 00 1 4266.385
2010 02 08 02 30 00 1 4266.423
2010 02 08 02 45 00 1 4266.457
2010 02 08 03 00 00 1 4266.483
2010 02 08 03 15 00 1 4266.507
2010 02 08 03 30 00 1 4266.527
2010 02 08 03 45 00 1 4266.538
2010 02 08 04 00 00 1 4266.549
2010 02 08 04 15 00 1 4266.556
2010 02 08 04 30 00 1 4266.564
2010 02 08 04 45 00 1 4266.562
2010 02 08 05 00 00 1 4266.558
2010 02 08 05 15 00 1 4266.547
2010 02 08 05 30 00 1 4266.537
2010 02 08 05 45 00 1 4266.525
2010 02 08 06 00 00 1 4266.506
2010 02 08 06 15 00 1 4266.490
2010 02 08 06 30 00 1 4266.477
2010 02 08 06 45 00 1 4266.458
2010 02 08 07 00 00 1 4266.443
2010 02 08 07 15 00 1 4266.433
2010 02 08 07 30 00 1 4266.422
2010 02 08 07 45 00 1 4266.416
2010 02 08 08 00 00 1 4266.413
2010 02 08 08 15 00 1 4266.416
2010 02 08 08 30 00 1 4266.421
2010 02 08 08 45 00 1 4266.431
2010 02 08 09 00 00 1 4266.445
2010 02 08 09 15 00 1 4266.463
2010 02 08 09 30 00 1 4266.486
2010 02 08 09 45 00 1 4266.513
2010 02 08 10 00 00 1 4266.545
2010 02 08 10 15 00 1 4266.578
2010 02 08 10 30 00 1 4266.615
2010 02 08 10 45 00 1 4266.657
2010 02 08 11 00 00 1 4266.697
2010 02 08 11 15 00 1 4266.745
2010 02 08 11 30 00 1 4266.788
2010 02 08 11 45 00 1 4266.834
2010 02 08 12 00 00 1 4266.882
2010 02 08 12 15 00 1 4266.931
2010 02 08 12 30 00 1 4266.979
2010 02 08 12 45 00 1 4267.022
2010 02 08 13 00 00 1 4267.065
2010 02 08 13 15 00 1 4267.100
2010 02 08 13 30 00 1 4267.134
2010 02 08 13 45 00 1 4267.161
2010 02 08 14 00 00 1 4267.179
2010 02 08 14 15 00 1 4267.191
2010 02 08 14 30 00 1 4267.198
2010 02 08 14 45 00 1 4267.199
2010 02 08 15 00 00 1 4267.190
2010 02 08 15 15 00 1 4267.173
2010 02 08 15 30 00 1 4267.147
2010 02 08 15 45 00 1 4267.116
2010 02 08 16 00 00 1 4267.076
2010 02 08 16 15 00 1 4267.029
2010 02 08 16 30 00 1 4266.979
2010 02 08 16 45 00 1 4266.920
2010 02 08 17 00 00 1 4266.855
2010 02 08 17 15 00 1 4266.785
2010 02 08 17 30 00 1 4266.709
2010 02 08 17 45 00 1 4266.629
2010 02 08 18 00 00 1 4266.544
2010 02 08 18 15 00 1 4266.453
2010 02 08 18 30 00 1 4266.360
2010 02 08 18 45 00 1 4266.274
2010 02 08 19 00 00 1 4266.186
2010 02 08 19 15 00 1 4266.097
2010 02 08 19 30 00 1 4266.011
2010 02 08 19 45 00 1 4265.932
2010 02 08 20 00 00 1 4265.855
2010 02 08 20 15 00 1 4265.784
2010 02 08 20 30 00 1 4265.719
2010 02 08 20 45 00 1 4265.664
2010 02 08 21 00 00 1 4265.612
2010 02 08 21 15 00 1 4265.571
2010 02 08 21 30 00 1 4265.538
2010 02 08 21 45 00 1 4265.512
2010 02 08 22 00 00 1 4265.491
2010 02 08 22 15 00 1 4265.486
2010 02 08 22 30 00 1 4265.486
2010 02 08 22 45 00 1 4265.495
2010 02 08 23 00 00 1 4265.509
2010 02 08 23 15 00 1 4265.533
2010 02 08 23 30 00 1 4265.563
2010 02 08 23 45 00 1 4265.600
2010 02 09 00 00 00 1 4265.647
2010 02 09 00 15 00 1 4265.697
2010 02 09 00 30 00 1 4265.751
2010 02 09 00 45 00 1 4265.809
2010 02 09 01 00 00 1 4265.871
2010 02 09 01 15 00 1 4265.935
2010 02 09 01 30 00 1 4265.998
2010 02 09 01 45 00 1 4266.064
2010 02 09 02 00 00 1 4266.129
2010 02 09 02 15 00 1 4266.189
2010 02 09 02 30 00 1 4266.251
2010 02 09 02 45 00 1 4266.310
2010 02 09 03 00 00 1 4266.361
2010 02 09 03 15 00 1 4266.410
2010 02 09 03 30 00 1 4266.453
2010 02 09 03 45 00 1 4266.493
2010 02 09 04 00 00 1 4266.529
2010 02 09 04 15 00 1 4266.559
2010 02 09 04 30 00 1 4266.582
2010 02 09 04 45 00 1 4266.603
2010 02 09 05 00 00 1 4266.616
2010 02 09 05 15 00 1 4266.623
2010 02 09 05 30 00 1 4266.625
2010 02 09 05 45 00 1 4266.623
2010 02 09 06 00 00 1 4266.619
2010 02 09 06 15 00 1 9999.000
2010 02 09 06 30 00 1 9999.000
2010 02 09 06 45 00 1 9999.000
2010 02 09 07 00 00 1 9999.000
2010 02 09 07 15 00 1 4266.545
2010 02 09 07 30 00 1 4266.528
2010 02 09 07 45 00 1 4266.513
2010 02 09 08 00 00 1 4266.493
2010 02 09 08 15 00 1 4266.476
2010 02 09 08 30 00 1 4266.458
2010 02 09 08 45 00 1 4266.443
2010 02 09 09 00 00 1 4266.436
2010 02 09 09 15 00 1 4266.434
2010 02 09 09 30 00 1 4266.434
2010 02 09 09 45 00 1 4266.439
2010 02 09 10 00 00 1 4266.449
2010 02 09 10 15 00 1 4266.465
2010 02 09 10 30 00 1 4266.484
2010 02 09 10 45 00 1 4266.508
2010 02 09 11 00 00 1 4266.536
2010 02 09 11 15 00 1 4266.569
2010 02 09 11 30 00 1 4266.604
2010 02 09 11 45 00 1 4266.644
2010 02 09 12 00 00 1 4266.687
2010 02 09 12 15 00 1 4266.731
2010 02 09 12 30 00 1 4266.781
2010 02 09 12 45 00 1 4266.832
2010 02 09 13 00 00 1 4266.881
2010 02 09 13 15 00 1 4266.928
2010 02 09 13 30 00 1 4266.976
2010 02 09 13 45 00 1 4267.019
2010 02 09 14 00 00 1 4267.061
2010 02 09 14 15 00 1 4267.099
2010 02 09 14 30 00 1 4267.132
2010 02 09 14 45 00 1 4267.162
2010 02 09 15 00 00 1 4267.181
2010 02 09 15 15 00 1 4267.196
2010 02 09 15 30 00 1 4267.203
2010 02 09 15 45 00 1 4267.202
2010 02 09 16 00 00 1 4267.193
2010 02 09 16 15 00 1 4267.178
2010 02 09 16 30 00 1 4267.149
2010 02 09 16 45 00 1 4267.115
2010 02 09 17 00 00 1 4267.074
2010 02 09 17 15 00 1 4267.022
2010 02 09 17 30 00 1 4266.963
2010 02 09 17 45 00 1 4266.900
2010 02 09 18 00 00 1 4266.827
2010 02 09 18 15 00 1 4266.748
2010 02 09 18 30 00 1 4266.665
2010 02 09 18 45 00 1 4266.582
2010 02 09 19 00 00 1 4266.494
2010 02 09 19 15 00 1 4266.404
2010 02 09 19 30 00 1 4266.309
2010 02 09 19 45 00 1 4266.216
2010 02 09 20 00 00 1 4266.124
2010 02 09 20 15 00 1 4266.033
2010 02 09 20 30 00 1 4265.947
2010 02 09 20 45 00 1 4265.862
2010 02 09 21 00 00 1 4265.785
2010 02 09 21 15 00 1 4265.715
2010 02 09 21 30 00 1 4265.649
2010 02 09 21 45 00 1 4265.593
2010 02 09 22 00 00 1 4265.543
2010 02 09 22 15 00 1 4265.504
2010 02 09 22 30 00 1 4265.473
2010 02 09 22 45 00 1 4265.454
2010 02 09 23 00 00 1 4265.441
2010 02 09 23 15 00 1 4265.437
2010 02 09 23 30 00 1 4265.443
2010 02 09 23 45 00 1 4265.457
2010 02 10 00 00 00 1 4265.479
2010 02 10 00 15 00 1 4265.510
2010 02 10 00 30 00 1 4265.549
2010 02 10 00 45 00 1 4265.594
2010 02 10 01 00 00 1 4265.645
2010 02 10 01 15 00 1 4265.703
2010 02 10 01 30 00 1 4265.766
2010 02 10 01 45 00 1 4265.833
2010 02 10 02 00 00 1 4265.905
2010 02 10 02 15 00 1 4265.976
2010 02 10 02 30 00 1 4266.048
2010 02 10 02 45 00 1 4266.121
2010 02 10 03 00 00 1 4266.192
2010 02 10 03 15 00 1 4266.258
2010 02 10 03 30 00 1 4266.321
2010 02 10 03 45 00 1 4266.380
2010 02 10 04 00 00 1 4266.439
2010 02 10 04 15 00 1 4266.490
2010 02 10 04 30 00 1 4266.537
2010 02 10 04 45 00 1 4266.575
2010 02 10 05 00 00 1 4266.609
2010 02 10 05 15 00 1 4266.634
2010 02 10 05 30 00 1 4266.656
2010 02 10 05 45 00 1 4266.671
2010 02 10 06 00 00 1 4266.678
2010 02 10 06 15 00 1 4266.678
2010 02 10 06 30 00 1 4266.676
2010 02 10 06 45 00 1 4266.670
2010 02 10 07 00 00 1 4266.656
2010 02 10 07 15 00 1 4266.641
2010 02 10 07 30 00 1 4266.619
2010 02 10 07 45 00 1 4266.595
2010 02 10 08 00 00 1 4266.570
2010 02 10 08 15 00 1 4266.547
2010 02 10 08 30 00 1 4266.519
2010 02 10 08 45 00 1 4266.493
2010 02 10 09 00 00 1 4266.472
2010 02 10 09 15 00 1 4266.455
2010 02 10 09 30 00 1 4266.432
2010 02 10 09 45 00 1 4266.417
2010 02 10 10 00 00 1 4266.406
2010 02 10 10 15 00 1 4266.402
2010 02 10 10 30 00 1 4266.403
2010 02 10 10 45 00 1 4266.402
2010 02 10 11 00 00 1 4266.413
2010 02 10 11 15 00 1 4266.426
2010 02 10 11 30 00 1 4266.445
2010 02 10 11 45 00 1 4266.469
2010 02 10 12 00 00 1 4266.498
2010 02 10 12 15 00 1 4266.533
2010 02 10 12 30 00 1 4266.576
2010 02 10 12 45 00 1 4266.623
2010 02 10 13 00 00 1 4266.670
2010 02 10 13 15 00 1 4266.721
2010 02 10 13 30 00 1 4266.771
2010 02 10 13 45 00 1 4266.821
2010 02 10 14 00 00 1 4266.873
2010 02 10 14 15 00 1 4266.923
2010 02 10 14 30 00 1 4266.971
2010 02 10 14 45 00 1 4267.020
2010 02 10 15 00 00 1 4267.066
2010 02 10 15 15 00 1 4267.104
2010 02 10 15 30 00 1 4267.141
2010 02 10 15 45 00 1 4267.166
2010 02 10 16 00 00 1 4267.182
2010 02 10 16 15 00 1 4267.195
2010 02 10 16 30 00 1 4267.199
2010 02 10 16 45 00 1 4267.190
2010 02 10 17 00 00 1 4267.178
2010 02 10 17 15 00 1 4267.154
2010 02 10 17 30 00 1 4267.123
2010 02 10 17 45 00 1 4267.084
2010 02 10 18 00 00 1 4267.035
2010 02 10 18 15 00 1 4266.981
2010 02 10 18 30 00 1 4266.919
2010 02 10 18 45 00 1 4266.847
2010 02 10 19 00 00 1 4266.770
2010 02 10 19 15 00 1 4266.688
2010 02 10 19 30 00 1 4266.599
2010 02 10 19 45 00 1 4266.502
2010 02 10 20 00 00 1 4266.407
2010 02 10 20 15 00 1 4266.309
2010 02 10 20 30 00 1 4266.216
2010 02 10 20 45 00 1 4266.117
2010 02 10 21 00 00 1 4266.023
2010 02 10 21 15 00 1 4265.931
2010 02 10 21 30 00 1 4265.843
2010 02 10 21 45 00 1 4265.760
2010 02 10 22 00 00 1 4265.686
2010 02 10 22 15 00 1 4265.614
2010 02 10 22 30 00 1 4265.557
2010 02 10 22 45 00 1 4265.503
2010 02 10 23 00 00 1 4265.462
2010 02 10 23 15 00 1 4265.429
2010 02 10 23 30 00 1 4265.406
2010 02 10 23 45 00 1 4265.391
2010 02 11 00 00 00 1 4265.390
2010 02 11 00 15 00 1 4265.395
2010 02 11 00 30 00 1 4265.412
2010 02 11 00 45 00 1 4265.437
2010 02 11 01 00 00 1 4265.474
2010 02 11 01 15 00 1 4265.520
2010 02 11 01 30 00 1 4265.572
2010 02 11 01 45 00 1 4265.629
2010 02 11 02 00 00 1 4265.693
2010 02 11 02 15 00 1 4265.762
2010 02 11 02 30 00 1 4265.834
2010 02 11 02 45 00 1 4265.909
2010 02 11 03 00 00 1 4265.985
2010 02 11 03 15 00 1 4266.058
2010 02 11 03 30 00 1 4266.135
2010 02 11 03 45 00 1 4266.207
2010 02 11 04 00 00 1 4266.281
2010 02 11 04 15 00 1 4266.350
2010 02 11 04 30 00 1 4266.415
2010 02 11 04 45 00 1 4266.473
2010 02 11 05 00 00 1 4266.524
2010 02 11 05 15 00 1 4266.575
2010 02 11 05 30 00 1 4266.617
2010 02 11 05 45 00 1 4266.651
2010 02 11 06 00 00 1 4266.678
2010 02 11 06 15 00 1 4266.695
2010 02 11 06 30 00 1 4266.704
2010 02 11 06 45 00 1 4266.707
2010 02 11 07 00 00 1 4266.705
2010 02 11 07 15 00 1 4266.696
2010 02 11 07 30 00 1 4266.683
2010 02 11 07 45 00 1 4266.668
2010 02 11 08 00 00 1 4266.648
2010 02 11 08 15 00 1 4266.623
2010 02 11 08 30 00 1 4266.596
2010 02 11 08 45 00 1 4266.563
2010 02 11 09 00 00 1 4266.528
2010 02 11 09 15 00 1 4266.496
2010 02 11 09 30 00 1 4266.468
2010 02 11 09 45 00 1 4266.437
2010 02 11 10 00 00 1 4266.414
2010 02 11 10 15 00 1 4266.390
2010 02 11 10 30 00 1 4266.374
2010 02 11 10 45 00 1 4266.357
2010 02 11 11 00 00 1 4266.345
2010 02 11 11 15 00 1 4266.340
2010 02 11 11 30 00 1 4266.339
2010 02 11 11 45 00 1 4266.348
2010 02 11 12 00 00 1 4266.362
2010 02 11 12 15 00 1 4266.382
2010 02 11 12 30 00 1 4266.410
2010 02 11 12 45 00 1 4266.441
2010 02 11 13 00 00 1 4266.480
2010 02 11 13 15 00 1 4266.521
2010 02 11 13 30 00 1 4266.567
2010 02 11 13 45 00 1 4266.617
2010 02 11 14 00 00 1 4266.670
2010 02 11 14 15 00 1 4266.726
2010 02 11 14 30 00 1 4266.784
2010 02 11 14 45 00 1 4266.841
2010 02 11 15 00 00 1 4266.896
2010 02 11 15 15 00 1 4266.951
2010 02 11 15 30 00 1 4266.999
2010 02 11 15 45 00 1 4267.045
2010 02 11 16 00 00 1 4267.088
2010 02 11 16 15 00 1 4267.126
2010 02 11 16 30 00 1 4267.154
2010 02 11 16 45 00 1 4267.175
2010 02 11 17 00 00 1 4267.187
2010 02 11 17 15 00 1 4267.189
2010 02 11 17 30 00 1 4267.184
2010 02 11 17 45 00 1 4267.171
2010 02 11 18 00 00 1 4267.144
2010 02 11 18 15 00 1 4267.113
2010 02 11 18 30 00 1 4267.069
2010 02 11 18 45 00 1 4267.016
2010 02 11 19 00 00 1 4266.956
2010 02 11 19 15 00 1 4266.891
2010 02 11 19 30 00 1 4266.815
2010 02 11 19 45 00 1 4266.733
2010 02 11 20 00 00 1 4266.647
2010 02 11 20 15 00 1 4266.556
2010 02 11 20 30 00 1 4266.460
2010 02 11 20 45 00 1 4266.361
2010 02 11 21 00 00 1 4266.260
2010 02 11 21 15 00 1 4266.160
2010 02 11 21 30 00 1 4266.063
2010 02 11 21 45 00 1 4265.964
2010 02 11 22 00 00 1 4265.873
2010 02 11 22 15 00 1 4265.784
2010 02 11 22 30 00 1 4265.705
2010 02 11 22 45 00 1 4265.631
2010 02 11 23 00 00 1 4265.563
2010 02 11 23 15 00 1 4265.508
2010 02 11 23 30 00 1 4265.459
2010 02 11 23 45 00 1 4265.420
2010 02 12 00 00 00 1 4265.392
2010 02 12 00 15 00 1 4265.377
2010 02 12 00 30 00 1 4265.368
2010 02 12 00 45 00 1 4265.370
2010 02 12 01 00 00 1 4265.385
2010 02 12 01 15 00 1 4265.409
2010 02 12 01 30 00 1 4265.441
2010 02 12 01 45 00 1 4265.486
2010 02 12 02 00 00 1 4265.541
2010 02 12 02 15 00 1 4265.598
2010 02 12 02 30 00 1 4265.664
2010 02 12 02 45 00 1 4265.737
2010 02 12 03 00 00 1 4265.811
2010 02 12 03 15 00 1 4265.894
2010 02 12 03 30 00 1 4265.975
2010 02 12 03 45 00 1 4266.055
2010 02 12 04 00 00 1 4266.139
2010 02 12 04 15 00 1 4266.216
2010 02 12 04 30 00 1 4266.294
2010 02 12 04 45 00 1 4266.368
2010 02 12 05 00 00 1 4266.435
2010 02 12 05 15 00 1 4266.498
2010 02 12 05 30 00 1 4266.557
2010 02 12 05 45 00 1 4266.610
2010 02 12 06 00 00 1 4266.653
2010 02 12 06 15 00 1 4266.689
2010 02 12 06 30 00 1 4266.714
2010 02 12 06 45 00 1 4266.736
2010 02 12 07 00 00 1 4266.750
2010 02 12 07 15 00 1 4266.758
2010 02 12 07 30 00 1 4266.757
2010 02 12 07 45 00 1 4266.749
2010 02 12 08 00 00 1 4266.733
2010 02 12 08 15 00 1 4266.712
2010 02 12 08 30 00 1 4266.688
2010 02 12 08 45 00 1 4266.656
2010 02 12 09 00 00 1 4266.623
2010 02 12 09 15 00 1 4266.585
2010 02 12 09 30 00 1 4266.550
2010 02 12 09 45 00 1 4266.511
2010 02 12 10 00 00 1 4266.476
2010 02 12 10 15 00 1 4266.439
2010 02 12 10 30 00 1 4266.403
2010 02 12 10 45 00 1 4266.373
2010 02 12 11 00 00 1 4266.343
2010 02 12 11 15 00 1 4266.318
2010 02 12 11 30 00 1 4266.300
2010 02 12 11 45 00 1 4266.284
2010 02 12 12 00 00 1 4266.277
2010 02 12 12 15 00 1 4266.276
2010 02 12 12 30 00 1 4266.288
2010 02 12 12 45 00 1 4266.302
2010 02 12 13 00 00 1 4266.325
2010 02 12 13 15 00 1 4266.350
2010 02 12 13 30 00 1 4266.385
2010 02 12 13 45 00 1 4266.425
2010 02 12 14 00 00 1 4266.467
2010 02 12 14 15 00 1 4266.519
2010 02 12 14 30 00 1 4266.575
2010 02 12 14 45 00 1 4266.632
2010 02 12 15 00 00 1 4266.690
2010 02 12 15 15 00 1 4266.754
2010 02 12 15 30 00 1 4266.812
2010 02 12 15 45 00 1 4266.869
2010 02 12 16 00 00 1 4266.924
2010 02 12 16 15 00 1 4266.977
2010 02 12 16 30 00 1 4267.024
2010 02 12 16 45 00 1 4267.066
2010 02 12 17 00 00 1 4267.099
2010 02 12 17 15 00 1 4267.131
2010 02 12 17 30 00 1 4267.150
2010 02 12 17 45 00 1 4267.163
2010 02 12 18 00 00 1 4267.161
2010 02 12 18 15 00 1 4267.157
2010 02 12 18 30 00 1 4267.139
2010 02 12 18 45 00 1 4267.113
2010 02 12 19 00 00 1 4267.077
2010 02 12 19 15 00 1 4267.029
2010 02 12 19 30 00 1 4266.969
2010 02 12 19 45 00 1 4266.908
2010 02 12 20 00 00 1 4266.835
2010 02 12 20 15 00 1 4266.756
2010 02 12 20 30 00 1 4266.666
2010 02 12 20 45 00 1 4266.578
2010 02 12 21 00 00 1 4266.484
2010 02 12 21 15 00 1 4266.386
2010 02 12 21 30 00 1 4266.282
2010 02 12 21 45 00 1 4266.188
2010 02 12 22 00 00 1 4266.091
2010 02 12 22 15 00 1 4265.995
2010 02 12 22 30 00 1 4265.903
2010 02 12 22 45 00 1 4265.813
2010 02 12 23 00 00 1 4265.734
2010 02 12 23 15 00 1 4265.658
2010 02 12 23 30 00 1 4265.594
2010 02 12 23 45 00 1 4265.530
2010 02 13 00 00 00 1 4265.477
2010 02 13 00 15 00 1 4265.439
2010 02 13 00 30 00 1 4265.407
2010 02 13 00 45 00 1 4265.390
2010 02 13 01 00 00 1 4265.381
2010 02 13 01 15 00 1 4265.382
2010 02 13 01 30 00 1 4265.395
2010 02 13 01 45 00 1 4265.421
2010 02 13 02 00 00 1 4265.453
2010 02 13 02 15 00 1 4265.495
2010 02 13 02 30 00 1 4265.546
2010 02 13 02 45 00 1 4265.606
2010 02 13 03 00 00 1 4265.671
2010 02 13 03 15 00 1 4265.744
2010 02 13 03 30 00 1 4265.820
2010 02 13 03 45 00 1 4265.903
2010 02 13 04 00 00 1 4265.988
2010 02 13 04 15 00 1 4266.073
2010 02 13 04 30 00 1 4266.154
2010 02 13 04 45 00 1 4266.239
2010 02 13 05 00 00 1 4266.318
2010 02 13 05 15 00 1 4266.394
2010 02 13 05 30 00 1 4266.467
2010 02 13 05 45 00 1 4266.531
2010 02 13 06 00 00 1 4266.594
2010 02 13 06 15 00 1 4266.643
2010 02 13 06 30 00 1 4266.690
2010 02 13 06 45 00 1 4266.729
2010 02 13 07 00 00 1 4266.759
2010 02 13 07 15 00 1 4266.780
2010 02 13 07 30 00 1 4266.789
2010 02 13 07 45 00 1 4266.797
2010 02 13 08 00 00 1 4266.796
2010 02 13 08 15 00 1 4266.786
2010 02 13 08 30 00 1 4266.766
2010 02 13 08 45 00 1 4266.739
2010 02 13 09 00 00 1 4266.710
2010 02 13 09 15 00 1 4266.670
2010 02 13 09 30 00 1 4266.626
2010 02 13 09 45 00 1 4266.584
2010 02 13 10 00 00 1 4266.539
2010 02 13 10 15 00 1 4266.490
2010 02 13 10 30 00 1 4266.445
2010 02 13 10 45 00 1 4266.396
2010 02 13 11 00 00 1 4266.355
2010 02 13 11 15 00 1 4266.325
2010 02 13 11 30 00 1 4266.295
2010 02 13 11 45 00 1 4266.263
2010 02 13 12 00 00 1 4266.237
2010 02 13 12 15 00 1 4266.230
2010 02 13 12 30 00 1 4266.210
2010 02 13 12 45 00 1 4266.212
2010 02 13 13 00 00 1 4266.212
2010 02 13 13 15 00 1 4266.220
2010 02 13 13 30 00 1 4266.240
2010 02 13 13 45 00 1 4266.266
2010 02 13 14 00 00 1 4266.300
2010 02 13 14 15 00 1 4266.349
2010 02 13 14 30 00 1 4266.386
2010 02 13 14 45 00 1 4266.438
2010 02 13 15 00 00 1 4266.498
2010 02 13 15 15 00 1 4266.556
2010 02 13 15 30 00 1 4266.613
2010 02 13 15 45 00 1 4266.678
2010 02 13 16 00 00 1 4266.747
2010 02 13 16 15 00 1 4266.807
2010 02 13 16 30 00 1 4266.866
2010 02 13 16 45 00 1 4266.921
2010 02 13 17 00 00 1 4266.978
2010 02 13 17 15 00 1 4267.023
2010 02 13 17 30 00 1 4267.063
2010 02 13 17 45 00 1 4267.097
2010 02 13 18 00 00 1 4267.123
2010 02 13 18 15 00 1 4267.141
2010 02 13 18 30 00 1 4267.142
2010 02 13 18 45 00 1 4267.149
2010 02 13 19 00 00 1 4267.125
2010 02 13 19 15 00 1 4267.108
2010 02 13 19 30 00 1 4267.078
2010 02 13 19 45 00 1 4267.029
2010 02 13 20 00 00 1 4266.985
2010 02 13 20 15 00 1 4266.922
2010 02 13 20 30 00 1 4266.844
2010 02 13 20 45 00 1 4266.779
2010 02 13 21 00 00 1 4266.697
2010 02 13 21 15 00 1 4266.613
2010 02 13 21 30 00 1 4266.516
2010 02 13 21 45 00 1 4266.416
2010 02 13 22 00 00 1 4266.323
2010 02 13 22 15 00 1 4266.222
2010 02 13 22 30 00 1 4266.132
2010 02 13 22 45 00 1 4266.034
2010 02 13 23 00 00 1 4265.942
2010 02 13 23 15 00 1 4265.853
2010 02 13 23 30 00 1 4265.770
2010 02 13 23 45 00 1 4265.696
2010 02 14 00 00 00 1 4265.625
2010 02 14 00 15 00 1 4265.561
2010 02 14 00 30 00 1 4265.512
2010 02 14 00 45 00 1 4265.471
2010 02 14 01 00 00 1 4265.439
2010 02 14 01 15 00 1 4265.419
2010 02 14 01 30 00 1 4265.411
2010 02 14 01 45 00 1 4265.412
2010 02 14 02 00 00 1 4265.428
2010 02 14 02 15 00 1 4265.451
2010 02 14 02 30 00 1 4265.484
2010 02 14 02 45 00 1 4265.533
2010 02 14 03 00 00 1 4265.583
2010 02 14 03 15 00 1 4265.646
2010 02 14 03 30 00 1 4265.714
2010 02 14 03 45 00 1 4265.789
2010 02 14 04 00 00 1 4265.865
2010 02 14 04 15 00 1 4265.947
2010 02 14 04 30 00 1 4266.026
2010 02 14 04 45 00 1 4266.112
2010 02 14 05 00 00 1 4266.202
2010 02 14 05 15 00 1 4266.280
2010 02 14 05 30 00 1 4266.362
2010 02 14 05 45 00 1 4266.442
2010 02 14 06 00 00 1 4266.515
2010 02 14 06 15 00 1 4266.580
2010 02 14 06 30 00 1 4266.644
2010 02 14 06 45 00 1 4266.686
2010 02 14 07 00 00 1 4266.735
2010 02 14 07 15 00 1 4266.765
2010 02 14 07 30 00 1 4266.794
2010 02 14 07 45 00 1 4266.815
2010 02 14 08 00 00 1 4266.822
2010 02 14 08 15 00 1 4266.824
2010 02 14 08 30 00 1 4266.816
2010 02 14 08 45 00 1 4266.796
2010 02 14 09 00 00 1 4266.768
2010 02 14 09 15 00 1 4266.737
2010 02 14 09 30 00 1 4266.706
2010 02 14 09 45 00 1 4266.658
2010 02 14 10 00 00 1 4266.614
2010 02 14 10 15 00 1 4266.567
2010 02 14 10 30 00 1 4266.512
2010 02 14 10 45 00 1 4266.460
2010 02 14 11 00 00 1 4266.405
2010 02 14 11 15 00 1 4266.357
2010 02 14 11 30 00 1 4266.317
2010 02 14 11 45 00 1 4266.271
2010 02 14 12 00 00 1 4266.228
2010 02 14 12 15 00 1 4266.193
2010 02 14 12 30 00 1 4266.170
2010 02 14 12 45 00 1 4266.141
2010 02 14 13 00 00 1 4266.127
2010 02 14 13 15 00 1 4266.117
2010 02 14 13 30 00 1 4266.114
2010 02 14 13 45 00 1 4266.122
2010 02 14 14 00 00 1 4266.134
2010 02 14 14 15 00 1 4266.154
2010 02 14 14 30 00 1 4266.187
2010 02 14 14 45 00 1 4266.226
2010 02 14 15 00 00 1 4266.260
2010 02 14 15 15 00 1 4266.315
2010 02 14 15 30 00 1 4266.373
2010 02 14 15 45 00 1 4266.428
2010 02 14 16 00 00 1 4266.494
2010 02 14 16 15 00 1 4266.566
2010 02 14 16 30 00 1 4266.630
2010 02 14 16 45 00 1 4266.694
2010 02 14 17 00 00 1 4266.751
2010 02 14 17 15 00 1 4266.814
2010 02 14 17 30 00 1 4266.874
2010 02 14 17 45 00 1 4266.922
2010 02 14 18 00 00 1 4266.965
2010 02 14 18 15 00 1 4267.008
2010 02 14 18 30 00 1 4267.032
2010 02 14 18 45 00 1 4267.064
2010 02 14 19 00 00 1 4267.071
2010 02 14 19 15 00 1 4267.078
2010 02 14 19 30 00 1 4267.069
2010 02 14 19 45 00 1 4267.051
2010 02 14 20 00 00 1 4267.026
2010 02 14 20 15 00 1 4266.994
2010 02 14 20 30 00 1 4266.948
2010 02 14 20 45 00 1 4266.888
2010 02 14 21 00 00 1 4266.833
2010 02 14 21 15 00 1 4266.764
2010 02 14 21 30 00 1 4266.684
2010 02 14 21 45 00 1 4266.602
2010 02 14 22 00 00 1 4266.519
2010 02 14 22 15 00 1 4266.432
2010 02 14 22 30 00 1 4266.339
2010 02 14 22 45 00 1 4266.249
2010 02 14 23 00 00 1 4266.155
2010 02 14 23 15 00 1 4266.063
2010 02 14 23 30 00 1 4265.978
2010 02 14 23 45 00 1 4265.889
2010 02 15 00 00 00 1 4265.810
2010 02 15 00 15 00 1 4265.734
2010 02 15 00 30 00 1 4265.671
2010 02 15 00 45 00 1 4265.614
2010 02 15 01 00 00 1 4265.568
2010 02 15 01 15 00 1 4265.527
2010 02 15 01 30 00 1 4265.501
2010 02 15 01 45 00 1 4265.485
2010 02 15 02 00 00 1 4265.484
2010 02 15 02 15 00 1 4265.482
2010 02 15 02 30 00 1 4265.501
2010 02 15 02 45 00 1 4265.523
2010 02 15 03 00 00 1 4265.560
2010 02 15 03 15 00 1 4265.608
2010 02 15 03 30 00 1 4265.661
2010 02 15 03 45 00 1 4265.721
2010 02 15 04 00 00 1 4265.797
2010 02 15 04 15 00 1 4265.867
2010 02 15 04 30 00 1 4265.946
2010 02 15 04 45 00 1 4266.036
2010 02 15 05 00 00 1 4266.121
2010 02 15 05 15 00 1 4266.205
2010 02 15 05 30 00 1 4266.293
2010 02 15 05 45 00 1 4266.378
2010 02 15 06 00 00 1 4266.460
2010 02 15 06 15 00 1 4266.536
2010 02 15 06 30 00 1 4266.608
2010 02 15 06 45 00 1 4266.676
2010 02 15 07 00 00 1 4266.738
2010 02 15 07 15 00 1 4266.776
2010 02 15 07 30 00 1 4266.818
2010 02 15 07 45 00 1 4266.853
2010 02 15 08 00 00 1 4266.876
2010 02 15 08 15 00 1 4266.896
2010 02 15 08 30 00 1 4266.898
2010 02 15 08 45 00 1 4266.894
2010 02 15 09 00 00 1 4266.887
2010 02 15 09 15 00 1 4266.867
2010 02 15 09 30 00 1 4266.830
2010 02 15 09 45 00 1 4266.796
2010 02 15 10 00 00 1 4266.759
2010 02 15 10 15 00 1 4266.706
2010 02 15 10 30 00 1 4266.659
2010 02 15 10 45 00 1 4266.603
2010 02 15 11 00 00 1 4266.547
2010 02 15 11 15 00 1 4266.484
2010 02 15 11 30 00 1 4266.427
2010 02 15 11 45 00 1 4266.371
2010 02 15 12 00 00 1 4266.312
2010 02 15 12 15 00 1 4266.264
2010 02 15 12 30 00 1 4266.217
2010 02 15 12 45 00 1 4266.178
2010 02 15 13 00 00 1 4266.143
2010 02 15 13 15 00 1 4266.113
2010 02 15 13 30 00 1 4266.090
2010 02 15 13 45 00 1 4266.069
2010 02 15 14 00 00 1 4266.069
2010 02 15 14 15 00 1 4266.067
2010 02 15 14 30 00 1 4266.073
2010 02 15 14 45 00 1 4266.090
2010 02 15 15 00 00 1 4266.115
2010 02 15 15 15 00 1 4266.149
2010 02 15 15 30 00 1 4266.190
2010 02 15 15 45 00 1 4266.236
2010 02 15 16 00 00 1 4266.288
2010 02 15 16 15 00 1 4266.344
2010 02 15 16 30 00 1 4266.408
2010 02 15 16 45 00 1 4266.465
2010 02 15 17 00 00 1 4266.535
2010 02 15 17 15 00 1 4266.601
2010 02 15 17 30 00 1 4266.655
2010 02 15 17 45 00 1 4266.722
2010 02 15 18 00 00 1 4266.783
2010 02 15 18 15 00 1 4266.842
2010 02 15 18 30 00 1 4266.890
2010 02 15 18 45 00 1 4266.933
2010 02 15 19 00 00 1 4266.966
2010 02 15 19 15 00 1 4266.992
2010 02 15 19 30 00 1 4267.004
2010 02 15 19 45 00 1 4267.017
2010 02 15 20 00 00 1 4267.014
2010 02 15 20 15 00 1 4267.003
2010 02 15 20 30 00 1 4266.983
2010 02 15 20 45 00 1 4266.951
2010 02 15 21 00 00 1 4266.918
2010 02 15 21 15 00 1 4266.866
2010 02 15 21 30 00 1 4266.809
2010 02 15 21 45 00 1 4266.750
2010 02 15 22 00 00 1 4266.683
2010 02 15 22 15 00 1 4266.608
2010 02 15 22 30 00 1 4266.526
2010 02 15 22 45 00 1 4266.445
2010 02 15 23 00 00 1 4266.363
2010 02 15 23 15 00 1 4266.278
2010 02 15 23 30 00 1 4266.194
2010 02 15 23 45 00 1 4266.110
2010 02 16 00 00 00 1 4266.032
2010 02 16 00 15 00 1 4265.952
2010 02 16 00 30 00 1 4265.878
2010 02 16 00 45 00 1 4265.813
2010 02 16 01 00 00 1 4265.753
2010 02 16 01 15 00 1 4265.699
2010 02 16 01 30 00 1 4265.660
2010 02 16 01 45 00 1 4265.628
2010 02 16 02 00 00 1 4265.603
2010 02 16 02 15 00 1 4265.588
2010 02 16 02 30 00 1 4265.586
2010 02 16 02 45 00 1 4265.592
2010 02 16 03 00 00 1 4265.611
2010 02 16 03 15 00 1 4265.639
2010 02 16 03 30 00 1 4265.676
2010 02 16 03 45 00 1 4265.723
2010 02 16 04 00 00 1 4265.778
2010 02 16 04 15 00 1 4265.839
2010 02 16 04 30 00 1 4265.910
2010 02 16 04 45 00 1 4265.986
2010 02 16 05 00 00 1 4266.062
2010 02 16 05 15 00 1 4266.145
2010 02 16 05 30 00 1 4266.229
2010 02 16 05 45 00 1 4266.314
2010 02 16 06 00 00 1 4266.395
2010 02 16 06 15 00 1 4266.478
2010 02 16 06 30 00 1 4266.555
2010 02 16 06 45 00 1 4266.627
2010 02 16 07 00 00 1 4266.694
2010 02 16 07 15 00 1 4266.757
2010 02 16 07 30 00 1 4266.812
2010 02 16 07 45 00 1 4266.854
2010 02 16 08 00 00 1 4266.890
2010 02 16 08 15 00 1 4266.917
2010 02 16 08 30 00 1 4266.934
2010 02 16 08 45 00 1 4266.944
2010 02 16 09 00 00 1 4266.943
2010 02 16 09 15 00 1 4266.933
2010 02 16 09 30 00 1 4266.920
2010 02 16 09 45 00 1 4266.896
2010 02 16 10 00 00 1 4266.866
2010 02 16 10 15 00 1 4266.826
2010 02 16 10 30 00 1 4266.781
2010 02 16 10 45 00 1 4266.730
2010 02 16 11 00 00 1 4266.671
2010 02 16 11 15 00 1 4266.610
2010 02 16 11 30 00 1 4266.545
2010 02 16 11 45 00 1 4266.482
2010 02 16 12 00 00 1 4266.418
2010 02 16 12 15 00 1 4266.353
2010 02 16 12 30 00 1 4266.292
2010 02 16 12 45 00 1 4266.232
2010 02 16 13 00 00 1 4266.179
2010 02 16 13 15 00 1 4266.132
2010 02 16 13 30 00 1 4266.089
2010 02 16 13 45 00 1 4266.054
2010 02 16 14 00 00 1 4266.024
2010 02 16 14 15 00 1 4266.003
2010 02 16 14 30 00 1 4265.992
2010 02 16 14 45 00 1 4265.990
2010 02 16 15 00 00 1 4265.992
2010 02 16 15 15 00 1 4266.007
2010 02 16 15 30 00 1 4266.027
2010 02 16 15 45 00 1 4266.056
2010 02 16 16 00 00 1 4266.093
2010 02 16 16 15 00 1 4266.134
2010 02 16 16 30 00 1 4266.186
2010 02 16 16 45 00 1 4266.239
2010 02 16 17 00 00 1 4266.295
2010 02 16 17 15 00 1 4266.357
2010 02 16 17 30 00 1 4266.420
2010 02 16 17 45 00 1 4266.480
2010 02 16 18 00 00 1 4266.545
2010 02 16 18 15 00 1 4266.604
2010 02 16 18 30 00 1 4266.664
2010 02 16 18 45 00 1 4266.718
2010 02 16 19 00 00 1 4266.769
2010 02 16 19 15 00 1 4266.814
2010 02 16 19 30 00 1 4266.852
2010 02 16 19 45 00 1 4266.882
2010 02 16 20 00 00 1 4266.906
2010 02 16 20 15 00 1 4266.916
2010 02 16 20 30 00 1 4266.925
2010 02 16 20 45 00 1 4266.920
2010 02 16 21 00 00 1 4266.907
2010 02 16 21 15 00 1 4266.884
2010 02 16 21 30 00 1 4266.854
2010 02 16 21 45 00 1 4266.819
2010 02 16 22 00 00 1 4266.769
2010 02 16 22 15 00 1 4266.716
2010 02 16 22 30 00 1 4266.657
2010 02 16 22 45 00 1 4266.592
2010 02 16 23 00 00 1 4266.525
2010 02 16 23 15 00 1 4266.456
2010 02 16 23 30 00 1 4266.381
2010 02 16 23 45 00 1 4266.303
2010 02 17 00 00 00 1 4266.225
2010 02 17 00 15 00 1 4266.152
2010 02 17 00 30 00 1 4266.079
2010 02 17 00 45 00 1 4266.011
2010 02 17 01 00 00 1 4265.945
2010 02 17 01 15 00 1 4265.885
2010 02 17 01 30 00 1 4265.836
2010 02 17 01 45 00 1 4265.792
2010 02 17 02 00 00 1 4265.755
2010 02 17 02 15 00 1 4265.727
2010 02 17 02 30 00 1 4265.706
2010 02 17 02 45 00 1 4265.695
2010 02 17 03 00 00 1 4265.693
2010 02 17 03 15 00 1 4265.704
2010 02 17 03 30 00 1 4265.724
2010 02 17 03 45 00 1 4265.752
2010 02 17 04 00 00 1 4265.793
2010 02 17 04 15 00 1 4265.837
2010 02 17 04 30 00 1 4265.891
2010 02 17 04 45 00 1 4265.953
2010 02 17 05 00 00 1 4266.019
2010 02 17 05 15 00 1 4266.093
2010 02 17 05 30 00 1 4266.170
2010 02 17 05 45 00 1 4266.251
2010 02 17 06 00 00 1 4266.329
2010 02 17 06 15 00 1 4266.409
2010 02 17 06 30 00 1 4266.493
2010 02 17 06 45 00 1 4266.568
2010 02 17 07 00 00 1 4266.644
2010 02 17 07 15 00 1 4266.711
2010 02 17 07 30 00 1 4266.772
2010 02 17 07 45 00 1 4266.833
2010 02 17 08 00 00 1 4266.882
2010 02 17 08 15 00 1 4266.924
2010 02 17 08 30 00 1 4266.959
2010 02 17 08 45 00 1 4266.981
2010 02 17 09 00 00 1 4266.996
2010 02 17 09 15 00 1 4267.002
2010 02 17 09 30 00 1 4266.996
2010 02 17 09 45 00 1 4266.984
2010 02 17 10 00 00 1 4266.963
2010 02 17 10 15 00 1 4266.932
2010 02 17 10 30 00 1 4266.894
2010 02 17 10 45 00 1 4266.849
2010 02 17 11 00 00 1 4266.796
2010 02 17 11 15 00 1 4266.739
2010 02 17 11 30 00 1 4266.678
2010 02 17 11 45 00 1 4266.615
2010 02 17 12 00 00 1 4266.550
2010 02 17 12 15 00 1 4266.485
2010 02 17 12 30 00 1 4266.420
2010 02 17 12 45 00 1 4266.351
2010 02 17 13 00 00 1 4266.286
2010 02 17 13 15 00 1 4266.223
2010 02 17 13 30 00 1 4266.161
2010 02 17 13 45 00 1 4266.105
2010 02 17 14 00 00 1 4266.054
2010 02 17 14 15 00 1 4266.010
2010 02 17 14 30 00 1 4265.976
2010 02 17 14 45 00 1 4265.949
2010 02 17 15 00 00 1 4265.930
2010 02 17 15 15 00 1 4265.919
2010 02 17 15 30 00 1 4265.914
2010 02 17 15 45 00 1 4265.920
2010 02 17 16 00 00 1 4265.935
2010 02 17 16 15 00 1 4265.956
2010 02 17 16 30 00 1 4265.985
2010 02 17 16 45 00 1 4266.021
2010 02 17 17 00 00 1 4266.067
2010 02 17 17 15 00 1 4266.114
2010 02 17 17 30 00 1 4266.169
2010 02 17 17 45 00 1 4266.225
2010 02 17 18 00 00 1 4266.284
2010 02 17 18 15 00 1 4266.344
2010 02 17 18 30 00 1 4266.407
2010 02 17 18 45 00 1 4266.467
2010 02 17 19 00 00 1 4266.525
2010 02 17 19 15 00 1 4266.579
2010 02 17 19 30 00 1 4266.631
2010 02 17 19 45 00 1 4266.679
2010 02 17 20 00 00 1 4266.719
2010 02 17 20 15 00 1 4266.751
2010 02 17 20 30 00 1 4266.778
2010 02 17 20 45 00 1 4266.798
2010 02 17 21 00 00 1 4266.810
2010 02 17 21 15 00 1 4266.811
2010 02 17 21 30 00 1 4266.807
2010 02 17 21 45 00 1 4266.793
2010 02 17 22 00 00 1 4266.777
2010 02 17 22 15 00 1 4266.751
2010 02 17 22 30 00 1 4266.718
2010 02 17 22 45 00 1 4266.679
2010 02 17 23 00 00 1 4266.633
2010 02 17 23 15 00 1 4266.580
2010 02 17 23 30 00 1 4266.525
2010 02 17 23 45 00 1 4266.466
2010 02 18 00 00 00 1 4266.403
2010 02 18 00 15 00 1 4266.338
2010 02 18 00 30 00 1 4266.273
2010 02 18 00 45 00 1 4266.213
2010 02 18 01 00 00 1 4266.150
2010 02 18 01 15 00 1 4266.092
2010 02 18 01 30 00 1 4266.038
2010 02 18 01 45 00 1 4265.986
2010 02 18 02 00 00 1 4265.941
2010 02 18 02 15 00 1 4265.903
2010 02 18 02 30 00 1 4265.871
2010 02 18 02 45 00 1 4265.847
2010 02 18 03 00 00 1 4265.833
2010 02 18 03 15 00 1 4265.825
2010 02 18 03 30 00 1 4265.829
2010 02 18 03 45 00 1 4265.840
2010 02 18 04 00 00 1 4265.863
2010 02 18 04 15 00 1 4265.892
2010 02 18 04 30 00 1 4265.931
2010 02 18 04 45 00 1 4265.977
2010 02 18 05 00 00 1 4266.030
2010 02 18 05 15 00 1 4266.088
2010 02 18 05 30 00 1 4266.154
2010 02 18 05 45 00 1 4266.223
2010 02 18 06 00 00 1 4266.294
2010 02 18 06 15 00 1 4266.368
2010 02 18 06 30 00 1 4266.443
2010 02 18 06 45 00 1 4266.520
2010 02 18 07 00 00 1 4266.595
2010 02 18 07 15 00 1 4266.667
2010 02 18 07 30 00 1 4266.737
2010 02 18 07 45 00 1 4266.801
2010 02 18 08 00 00 1 4266.861
2010 02 18 08 15 00 1 4266.913
2010 02 18 08 30 00 1 4266.959
2010 02 18 08 45 00 1 4266.998
2010 02 18 09 00 00 1 4267.026
2010 02 18 09 15 00 1 4267.047
2010 02 18 09 30 00 1 4267.060
2010 02 18 09 45 00 1 4267.065
2010 02 18 10 00 00 1 4267.059
2010 02 18 10 15 00 1 4267.047
2010 02 18 10 30 00 1 4267.024
2010 02 18 10 45 00 1 4266.994
2010 02 18 11 00 00 1 4266.955
2010 02 18 11 15 00 1 4266.909
2010 02 18 11 30 00 1 4266.859
2010 02 18 11 45 00 1 4266.801
2010 02 18 12 00 00 1 4266.738
2010 02 18 12 15 00 1 4266.669
2010 02 18 12 30 00 1 4266.601
2010 02 18 12 45 00 1 4266.530
2010 02 18 13 00 00 1 4266.460
2010 02 18 13 15 00 1 4266.387
2010 02 18 13 30 00 1 4266.317
2010 02 18 13 45 00 1 4266.251
2010 02 18 14 00 00 1 4266.183
2010 02 18 14 15 00 1 4266.124
2010 02 18 14 30 00 1 4266.068
2010 02 18 14 45 00 1 4266.019
2010 02 18 15 00 00 1 4265.977
2010 02 18 15 15 00 1 4265.942
2010 02 18 15 30 00 1 4265.914
2010 02 18 15 45 00 1 4265.894
2010 02 18 16 00 00 1 4265.884
2010 02 18 16 15 00 1 4265.881
2010 02 18 16 30 00 1 4265.887
2010 02 18 16 45 00 1 4265.901
2010 02 18 17 00 00 1 4265.922
2010 02 18 17 15 00 1 4265.952
2010 02 18 17 30 00 1 4265.986
2010 02 18 17 45 00 1 4266.027
2010 02 18 18 00 00 1 4266.072
2010 02 18 18 15 00 1 4266.122
2010 02 18 18 30 00 1 4266.176
2010 02 18 18 45 00 1 4266.231
2010 02 18 19 00 00 1 4266.286
2010 02 18 19 15 00 1 4266.341
2010 02 18 19 30 00 1 4266.394
2010 02 18 19 45 00 1 4266.447
2010 02 18 20 00 00 1 4266.494
2010 02 18 20 15 00 1 4266.540
2010 02 18 20 30 00 1 4266.580
2010 02 18 20 45 00 1 4266.616
2010 02 18 21 00 00 1 4266.644
2010 02 18 21 15 00 1 4266.667
2010 02 18 21 30 00 1 4266.684
2010 02 18 21 45 00 1 4266.694
2010 02 18 22 00 00 1 4266.699
2010 02 18 22 15 00 1 4266.697
2010 02 18 22 30 00 1 4266.691
2010 02 18 22 45 00 1 4266.673
2010 02 18 23 00 00 1 4266.653
2010 02 18 23 15 00 1 4266.624
2010 02 18 23 30 00 1 4266.590
2010 02 18 23 45 00 1 4266.551
2010 02 19 00 00 00 1 4266.506
2010 02 19 00 15 00 1 4266.460
2010 02 19 00 30 00 1 4266.412
2010 02 19 00 45 00 1 4266.363
2010 02 19 01 00 00 1 4266.313
2010 02 19 01 15 00 1 4266.264
2010 02 19 01 30 00 1 4266.215
2010 02 19 01 45 00 1 4266.168
2010 02 19 02 00 00 1 4266.124
2010 02 19 02 15 00 1 4266.081
2010 02 19 02 30 00 1 4266.046
2010 02 19 02 45 00 1 4266.017
2010 02 19 03 00 00 1 4265.990
2010 02 19 03 15 00 1 4265.974
2010 02 19 03 30 00 1 4265.964
2010 02 19 03 45 00 1 4265.961
2010 02 19 04 00 00 1 4265.967
2010 02 19 04 15 00 1 4265.979
2010 02 19 04 30 00 1 4265.999
2010 02 19 04 45 00 1 4266.025
2010 02 19 05 00 00 1 4266.060
2010 02 19 05 15 00 1 4266.101
2010 02 19 05 30 00 1 4266.147
2010 02 19 05 45 00 1 4266.203
2010 02 19 06 00 00 1 4266.262
2010 02 19 06 15 00 1 4266.326
2010 02 19 06 30 00 1 4266.392
2010 02 19 06 45 00 1 4266.459
2010 02 19 07 00 00 1 4266.529
2010 02 19 07 15 00 1 4266.597
2010 02 19 07 30 00 1 4266.662
2010 02 19 07 45 00 1 4266.726
2010 02 19 08 00 00 1 4266.790
2010 02 19 08 15 00 1 4266.849
2010 02 19 08 30 00 1 4266.906
2010 02 19 08 45 00 1 4266.956
2010 02 19 09 00 00 1 4267.000
2010 02 19 09 15 00 1 4267.035
2010 02 19 09 30 00 1 4267.062
2010 02 19 09 45 00 1 4267.080
2010 02 19 10 00 00 1 4267.090
2010 02 19 10 15 00 1 4267.092
2010 02 19 10 30 00 1 4267.088
2010 02 19 10 45 00 1 4267.071
2010 02 19 11 00 00 1 4267.049
2010 02 19 11 15 00 1 4267.017
2010 02 19 11 30 00 1 4266.977
2010 02 19 11 45 00 1 4266.932
2010 02 19 12 00 00 1 4266.881
2010 02 19 12 15 00 1 4266.822
2010 02 19 12 30 00 1 4266.762
2010 02 19 12 45 00 1 4266.695
2010 02 19 13 00 00 1 4266.626
2010 02 19 13 15 00 1 4266.552
2010 02 19 13 30 00 1 4266.478
2010 02 19 13 45 00 1 4266.401
2010 02 19 14 00 00 1 4266.327
2010 02 19 14 15 00 1 4266.256
2010 02 19 14 30 00 1 4266.188
2010 02 19 14 45 00 1 4266.124
2010 02 19 15 00 00 1 4266.063
2010 02 19 15 15 00 1 4266.007
2010 02 19 15 30 00 1 4265.957
2010 02 19 15 45 00 1 4265.915
2010 02 19 16 00 00 1 4265.879
2010 02 19 16 15 00 1 4265.852
2010 02 19 16 30 00 1 4265.829
2010 02 19 16 45 00 1 4265.818
2010 02 19 17 00 00 1 4265.813
2010 02 19 17 15 00 1 4265.816
2010 02 19 17 30 00 1 4265.827
2010 02 19 17 45 00 1 4265.847
2010 02 19 18 00 00 1 4265.873
2010 02 19 18 15 00 1 4265.904
2010 02 19 18 30 00 1 4265.939
2010 02 19 18 45 00 1 4265.978
2010 02 19 19 00 00 1 4266.020
2010 02 19 19 15 00 1 4266.065
2010 02 19 19 30 00 1 4266.113
2010 02 19 19 45 00 1 4266.161
2010 02 19 20 00 00 1 4266.212
2010 02 19 20 15 00 1 4266.263
2010 02 19 20 30 00 1 4266.312
2010 02 19 20 45 00 1 4266.359
2010 02 19 21 00 00 1 4266.406
2010 02 19 21 15 00 1 4266.444
2010 02 19 21 30 00 1 4266.478
2010 02 19 21 45 00 1 4266.509
2010 02 19 22 00 00 1 4266.535
2010 02 19 22 15 00 1 4266.553
2010 02 19 22 30 00 1 4266.568
2010 02 19 22 45 00 1 4266.578
2010 02 19 23 00 00 1 4266.585
2010 02 19 23 15 00 1 4266.582
2010 02 19 23 30 00 1 4266.578
2010 02 19 23 45 00 1 4266.564
2010 02 20 00 00 00 1 4266.546
2010 02 20 00 15 00 1 4266.523
2010 02 20 00 30 00 1 4266.497
2010 02 20 00 45 00 1 4266.466
2010 02 20 01 00 00 1 4266.436
2010 02 20 01 15 00 1 4266.401
2010 02 20 01 30 00 1 4266.366
2010 02 20 01 45 00 1 4266.327
2010 02 20 02 00 00 1 4266.291
2010 02 20 02 15 00 1 4266.255
2010 02 20 02 30 00 1 4266.219
2010 02 20 02 45 00 1 4266.188
2010 02 20 03 00 00 1 4266.158
2010 02 20 03 15 00 1 4266.135
2010 02 20 03 30 00 1 4266.115
2010 02 20 03 45 00 1 4266.101
2010 02 20 04 00 00 1 4266.092
2010 02 20 04 15 00 1 4266.090
2010 02 20 04 30 00 1 4266.094
2010 02 20 04 45 00 1 4266.106
2010 02 20 05 00 00 1 4266.124
2010 02 20 05 15 00 1 4266.149
2010 02 20 05 30 00 1 4266.178
2010 02 20 05 45 00 1 4266.214
2010 02 20 06 00 00 1 4266.254
2010 02 20 06 15 00 1 4266.299
2010 02 20 06 30 00 1 4266.350
2010 02 20 06 45 00 1 4266.405
2010 02 20 07 00 00 1 4266.460
2010 02 20 07 15 00 1 4266.519
2010 02 20 07 30 00 1 4266.582
2010 02 20 07 45 00 1 4266.646
2010 02 20 08 00 00 1 4266.711
2010 02 20 08 15 00 1 4266.772
2010 02 20 08 30 00 1 4266.828
2010 02 20 08 45 00 1 4266.883
2010 02 20 09 00 00 1 4266.933
2010 02 20 09 15 00 1 4266.978
2010 02 20 09 30 00 1 4267.014
2010 02 20 09 45 00 1 4267.046
2010 02 20 10 00 00 1 4267.077
2010 02 20 10 15 00 1 4267.095
2010 02 20 10 30 00 1 4267.109
2010 02 20 10 45 00 1 4267.111
2010 02 20 11 00 00 1 4267.107
2010 02 20 11 15 00 1 4267.093
2010 02 20 11 30 00 1 4267.075
2010 02 20 11 45 00 1 4267.045
2010 02 20 12 00 00 1 4267.012
2010 02 20 12 15 00 1 4266.971
2010 02 20 12 30 00 1 4266.923
2010 02 20 12 45 00 1 4266.870
2010 02 20 13 00 00 1 4266.813
2010 02 20 13 15 00 1 4266.749
2010 02 20 13 30 00 1 4266.682
2010 02 20 13 45 00 1 4266.613
2010 02 20 14 00 00 1 4266.540
2010 02 20 14 15 00 1 4266.466
2010 02 20 14 30 00 1 4266.393
2010 02 20 14 45 00 1 4266.320
2010 02 20 15 00 00 1 4266.245
2010 02 20 15 15 00 1 4266.174
2010 02 20 15 30 00 1 4266.108
2010 02 20 15 45 00 1 4266.042
2010 02 20 16 00 00 1 4265.984
2010 02 20 16 15 00 1 4265.936
2010 02 20 16 30 00 1 4265.887
2010 02 20 16 45 00 1 4265.848
2010 02 20 17 00 00 1 4265.819
2010 02 20 17 15 00 1 4265.793
2010 02 20 17 30 00 1 4265.774
2010 02 20 17 45 00 1 4265.763
2010 02 20 18 00 00 1 4265.759
2010 02 20 18 15 00 1 4265.765
2010 02 20 18 30 00 1 4265.774
2010 02 20 18 45 00 1 4265.789
2010 02 20 19 00 00 1 4265.813
2010 02 20 19 15 00 1 4265.841
2010 02 20 19 30 00 1 4265.875
2010 02 20 19 45 00 1 4265.912
2010 02 20 20 00 00 1 4265.950
2010 02 20 20 15 00 1 4265.994
2010 02 20 20 30 00 1 4266.039
2010 02 20 20 45 00 1 4266.082
2010 02 20 21 00 00 1 4266.128
2010 02 20 21 15 00 1 4266.175
2010 02 20 21 30 00 1 4266.218
2010 02 20 21 45 00 1 4266.262
2010 02 20 22 00 00 1 4266.304
2010 02 20 22 15 00 1 4266.342
2010 02 20 22 30 00 1 4266.380
2010 02 20 22 45 00 1 4266.409
2010 02 20 23 00 00 1 4266.439
2010 02 20 23 15 00 1 4266.460
2010 02 20 23 30 00 1 4266.477
2010 02 20 23 45 00 1 4266.493
2010 02 21 00 00 00 1 4266.499
2010 02 21 00 15 00 1 4266.501
2010 02 21 00 30 00 1 4266.500
2010 02 21 00 45 00 1 4266.496
2010 02 21 01 00 00 1 4266.484
2010 02 21 01 15 00 1 4266.470
2010 02 21 01 30 00 1 4266.456
2010 02 21 01 45 00 1 4266.435
2010 02 21 02 00 00 1 4266.412
2010 02 21 02 15 00 1 4266.390
2010 02 21 02 30 00 1 4266.365
2010 02 21 02 45 00 1 4266.343
2010 02 21 03 00 00 1 4266.318
2010 02 21 03 15 00 1 4266.295
2010 02 21 03 30 00 1 4266.277
2010 02 21 03 45 00 1 4266.257
2010 02 21 04 00 00 1 4266.239
2010 02 21 04 15 00 1 4266.228
2010 02 21 04 30 00 1 4266.221
2010 02 21 04 45 00 1 4266.218
2010 02 21 05 00 00 1 4266.220
2010 02 21 05 15 00 1 4266.229
2010 02 21 05 30 00 1 4266.241
2010 02 21 05 45 00 1 4266.259
2010 02 21 06 00 00 1 4266.280
2010 02 21 06 15 00 1 4266.309
2010 02 21 06 30 00 1 4266.341
2010 02 21 06 45 00 1 4266.377
2010 02 21 07 00 00 1 4266.416
2010 02 21 07 15 00 1 4266.464
2010 02 21 07 30 00 1 4266.514
2010 02 21 07 45 00 1 4266.567
2010 02 21 08 00 00 1 4266.621
2010 02 21 08 15 00 1 4266.678
2010 02 21 08 30 00 1 4266.731
2010 02 21 08 45 00 1 4266.787
2010 02 21 09 00 00 1 4266.842
2010 02 21 09 15 00 1 4266.891
2010 02 21 09 30 00 1 4266.940
2010 02 21 09 45 00 1 4266.985
2010 02 21 10 00 00 1 4267.028
2010 02 21 10 15 00 1 4267.063
2010 02 21 10 30 00 1 4267.093
2010 02 21 10 45 00 1 4267.116
2010 02 21 11 00 00 1 4267.132
2010 02 21 11 15 00 1 4267.143
2010 02 21 11 30 00 1 4267.145
2010 02 21 11 45 00 1 4267.141
2010 02 21 12 00 00 1 4267.131
2010 02 21 12 15 00 1 4267.113
2010 02 21 12 30 00 1 4267.088
2010 02 21 12 45 00 1 4267.054
2010 02 21 13 00 00 1 4267.015
2010 02 21 13 15 00 1 4266.966
2010 02 21 13 30 00 1 4266.912
2010 02 21 13 45 00 1 4266.851
2010 02 21 14 00 00 1 4266.788
2010 02 21 14 15 00 1 4266.721
2010 02 21 14 30 00 1 4266.652
2010 02 21 14 45 00 1 4266.582
2010 02 21 15 00 00 1 4266.510
2010 02 21 15 15 00 1 4266.433
2010 02 21 15 30 00 1 4266.356
2010 02 21 15 45 00 1 4266.283
2010 02 21 16 00 00 1 4266.212
2010 02 21 16 15 00 1 4266.138
2010 02 21 16 30 00 1 4266.073
2010 02 21 16 45 00 1 4266.008
2010 02 21 17 00 00 1 4265.950
2010 02 21 17 15 00 1 4265.897
2010 02 21 17 30 00 1 4265.853
2010 02 21 17 45 00 1 4265.811
2010 02 21 18 00 00 1 4265.777
2010 02 21 18 15 00 1 4265.750
2010 02 21 18 30 00 1 4265.731
2010 02 21 18 45 00 1 4265.717
2010 02 21 19 00 00 1 4265.709
2010 02 21 19 15 00 1 4265.707
2010 02 21 19 30 00 1 4265.711
2010 02 21 19 45 00 1 4265.722
2010 02 21 20 00 00 1 4265.741
2010 02 21 20 15 00 1 4265.764
2010 02 21 20 30 00 1 4265.793
2010 02 21 20 45 00 1 4265.827
2010 02 21 21 00 00 1 4265.866
2010 02 21 21 15 00 1 4265.908
2010 02 21 21 30 00 1 4265.949
2010 02 21 21 45 00 1 4265.993
2010 02 21 22 00 00 1 4266.038
2010 02 21 22 15 00 1 4266.085
2010 02 21 22 30 00 1 4266.131
2010 02 21 22 45 00 1 4266.175
2010 02 21 23 00 00 1 4266.219
2010 02 21 23 15 00 1 4266.260
2010 02 21 23 30 00 1 4266.298
2010 02 21 23 45 00 1 4266.332
2010 02 22 00 00 00 1 4266.367
2010 02 22 00 15 00 1 4266.394
2010 02 22 00 30 00 1 4266.417
2010 02 22 00 45 00 1 4266.436
2010 02 22 01 00 00 1 4266.451
2010 02 22 01 15 00 1 4266.461
2010 02 22 01 30 00 1 4266.475
2010 02 22 01 45 00 1 4266.477
2010 02 22 02 00 00 1 4266.477
2010 02 22 02 15 00 1 4266.476
2010 02 22 02 30 00 1 4266.470
2010 02 22 02 45 00 1 4266.461
2010 02 22 03 00 00 1 4266.452
2010 02 22 03 15 00 1 4266.440
2010 02 22 03 30 00 1 4266.424
2010 02 22 03 45 00 1 4266.412
2010 02 22 04 00 00 1 4266.399
2010 02 22 04 15 00 1 4266.384
2010 02 22 04 30 00 1 4266.374
2010 02 22 04 45 00 1 4266.363
2010 02 22 05 00 00 1 4266.357
2010 02 22 05 15 00 1 4266.351
2010 02 22 05 30 00 1 4266.347
2010 02 22 05 45 00 1 4266.348
2010 02 22 06 00 00 1 4266.353
2010 02 22 06 15 00 1 4266.359
2010 02 22 06 30 00 1 4266.374
2010 02 22 06 45 00 1 4266.390
2010 02 22 07 00 00 1 4266.411
2010 02 22 07 15 00 1 4266.439
2010 02 22 07 30 00 1 4266.471
2010 02 22 07 45 00 1 4266.506
2010 02 22 08 00 00 1 4266.545
2010 02 22 08 15 00 1 4266.588
2010 02 22 08 30 00 1 4266.632
2010 02 22 08 45 00 1 4266.679
2010 02 22 09 00 00 1 4266.728
2010 02 22 09 15 00 1 4266.779
2010 02 22 09 30 00 1 4266.826
2010 02 22 09 45 00 1 4266.873
2010 02 22 10 00 00 1 4266.921
2010 02 22 10 15 00 1 4266.965
2010 02 22 10 30 00 1 4267.007
2010 02 22 10 45 00 1 4267.044
2010 02 22 11 00 00 1 4267.080
2010 02 22 11 15 00 1 4267.106
2010 02 22 11 30 00 1 4267.132
2010 02 22 11 45 00 1 4267.150
2010 02 22 12 00 00 1 4267.163
2010 02 22 12 15 00 1 4267.169
2010 02 22 12 30 00 1 4267.170
2010 02 22 12 45 00 1 4267.163
2010 02 22 13 00 00 1 4267.150
2010 02 22 13 15 00 1 4267.126
2010 02 22 13 30 00 1 4267.092
2010 02 22 13 45 00 1 4267.057
2010 02 22 14 00 00 1 4267.016
2010 02 22 14 15 00 1 4266.966
2010 02 22 14 30 00 1 4266.911
2010 02 22 14 45 00 1 4266.853
2010 02 22 15 00 00 1 4266.787
2010 02 22 15 15 00 1 4266.723
2010 02 22 15 30 00 1 4266.649
2010 02 22 15 45 00 1 4266.574
2010 02 22 16 00 00 1 4266.495
2010 02 22 16 15 00 1 4266.418
2010 02 22 16 30 00 1 4266.339
2010 02 22 16 45 00 1 4266.263
2010 02 22 17 00 00 1 4266.184
2010 02 22 17 15 00 1 4266.108
2010 02 22 17 30 00 1 4266.035
2010 02 22 17 45 00 1 4265.965
2010 02 22 18 00 00 1 4265.903
2010 02 22 18 15 00 1 4265.842
2010 02 22 18 30 00 1 4265.789
2010 02 22 18 45 00 1 4265.741
2010 02 22 19 00 00 1 4265.698
2010 02 22 19 15 00 1 4265.663
2010 02 22 19 30 00 1 4265.636
2010 02 22 19 45 00 1 4265.620
2010 02 22 20 00 00 1 4265.608
2010 02 22 20 15 00 1 4265.602
2010 02 22 20 30 00 1 4265.604
2010 02 22 20 45 00 1 4265.613
2010 02 22 21 00 00 1 4265.625
2010 02 22 21 15 00 1 4265.645
2010 02 22 21 30 00 1 4265.671
2010 02 22 21 45 00 1 4265.702
2010 02 22 22 00 00 1 4265.739
2010 02 22 22 15 00 1 4265.778
2010 02 22 22 30 00 1 4265.823
2010 02 22 22 45 00 1 4265.872
2010 02 22 23 00 00 1 4265.922
2010 02 22 23 15 00 1 4265.976
2010 02 22 23 30 00 1 4266.028
2010 02 22 23 45 00 1 4266.080
2010 02 23 00 00 00 1 4266.131
2010 02 23 00 15 00 1 4266.182
2010 02 23 00 30 00 1 4266.227
2010 02 23 00 45 00 1 4266.275
2010 02 23 01 00 00 1 4266.316
2010 02 23 01 15 00 1 4266.355
2010 02 23 01 30 00 1 4266.389
2010 02 23 01 45 00 1 4266.421
2010 02 23 02 00 00 1 4266.448
2010 02 23 02 15 00 1 4266.470
2010 02 23 02 30 00 1 4266.488
2010 02 23 02 45 00 1 4266.503
2010 02 23 03 00 00 1 4266.513
2010 02 23 03 15 00 1 4266.517
2010 02 23 03 30 00 1 4266.519
2010 02 23 03 45 00 1 4266.518
2010 02 23 04 00 00 1 4266.512
2010 02 23 04 15 00 1 4266.503
2010 02 23 04 30 00 1 4266.492
2010 02 23 04 45 00 1 4266.480
2010 02 23 05 00 00 1 4266.469
2010 02 23 05 15 00 1 4266.458
2010 02 23 05 30 00 1 4266.445
2010 02 23 05 45 00 1 4266.437
2010 02 23 06 00 00 1 4266.427
2010 02 23 06 15 00 1 4266.421
2010 02 23 06 30 00 1 4266.415
2010 02 23 06 45 00 1 4266.412
2010 02 23 07 00 00 1 4266.415
2010 02 23 07 15 00 1 4266.419
2010 02 23 07 30 00 1 4266.428
2010 02 23 07 45 00 1 4266.442
2010 02 23 08 00 00 1 4266.461
2010 02 23 08 15 00 1 4266.481
2010 02 23 08 30 00 1 4266.507
2010 02 23 08 45 00 1 4266.535
2010 02 23 09 00 00 1 4266.571
2010 02 23 09 15 00 1 4266.606
2010 02 23 09 30 00 1 4266.648
2010 02 23 09 45 00 1 4266.690
2010 02 23 10 00 00 1 4266.736
2010 02 23 10 15 00 1 4266.783
2010 02 23 10 30 00 1 4266.829
2010 02 23 10 45 00 1 4266.877
2010 02 23 11 00 00 1 4266.921
2010 02 23 11 15 00 1 4266.966
2010 02 23 11 30 00 1 4267.009
2010 02 23 11 45 00 1 4267.049
2010 02 23 12 00 00 1 4267.083
2010 02 23 12 15 00 1 4267.118
2010 02 23 12 30 00 1 4267.146
2010 02 23 12 45 00 1 4267.168
2010 02 23 13 00 00 1 4267.184
2010 02 23 13 15 00 1 4267.192
2010 02 23 13 30 00 1 4267.193
2010 02 23 13 45 00 1 4267.187
2010 02 23 14 00 00 1 4267.174
2010 02 23 14 15 00 1 4267.154
2010 02 23 14 30 00 1 4267.126
2010 02 23 14 45 00 1 4267.088
2010 02 23 15 00 00 1 4267.048
2010 02 23 15 15 00 1 4266.996
2010 02 23 15 30 00 1 4266.937
2010 02 23 15 45 00 1 4266.872
2010 02 23 16 00 00 1 4266.806
2010 02 23 16 15 00 1 4266.731
2010 02 23 16 30 00 1 4266.655
2010 02 23 16 45 00 1 4266.572
2010 02 23 17 00 00 1 4266.489
2010 02 23 17 15 00 1 4266.402
2010 02 23 17 30 00 1 4266.315
2010 02 23 17 45 00 1 4266.228
2010 02 23 18 00 00 1 4266.141
2010 02 23 18 15 00 1 4266.059
2010 02 23 18 30 00 1 4265.977
2010 02 23 18 45 00 1 4265.901
2010 02 23 19 00 00 1 4265.828
2010 02 23 19 15 00 1 4265.758
2010 02 23 19 30 00 1 4265.695
2010 02 23 19 45 00 1 4265.639
2010 02 23 20 00 00 1 4265.588
2010 02 23 20 15 00 1 4265.546
2010 02 23 20 30 00 1 4265.511
2010 02 23 20 45 00 1 4265.484
2010 02 23 21 00 00 1 4265.463
2010 02 23 21 15 00 1 4265.454
2010 02 23 21 30 00 1 4265.453
2010 02 23 21 45 00 1 4265.458
2010 02 23 22 00 00 1 4265.472
2010 02 23 22 15 00 1 4265.495
2010 02 23 22 30 00 1 4265.523
2010 02 23 22 45 00 1 4265.558
2010 02 23 23 00 00 1 4265.600
2010 02 23 23 15 00 1 4265.649
2010 02 23 23 30 00 1 4265.700
2010 02 23 23 45 00 1 4265.756
2010 02 24 00 00 00 1 4265.814
2010 02 24 00 15 00 1 4265.872
2010 02 24 00 30 00 1 4265.934
2010 02 24 00 45 00 1 4265.997
2010 02 24 01 00 00 1 4266.061
2010 02 24 01 15 00 1 4266.123
2010 02 24 01 30 00 1 4266.184
2010 02 24 01 45 00 1 4266.242
2010 02 24 02 00 00 1 4266.297
2010 02 24 02 15 00 1 4266.348
2010 02 24 02 30 00 1 4266.393
2010 02 24 02 45 00 1 4266.435
2010 02 24 03 00 00 1 4266.470
2010 02 24 03 15 00 1 4266.500
2010 02 24 03 30 00 1 4266.525
2010 02 24 03 45 00 1 4266.544
2010 02 24 04 00 00 1 4266.562
2010 02 24 04 15 00 1 4266.571
2010 02 24 04 30 00 1 4266.575
2010 02 24 04 45 00 1 4266.576
2010 02 24 05 00 00 1 4266.575
2010 02 24 05 15 00 1 4266.569
2010 02 24 05 30 00 1 4266.559
2010 02 24 05 45 00 1 4266.547
2010 02 24 06 00 00 1 4266.531
2010 02 24 06 15 00 1 4266.514
2010 02 24 06 30 00 1 4266.496
2010 02 24 06 45 00 1 4266.477
2010 02 24 07 00 00 1 4266.459
2010 02 24 07 15 00 1 4266.443
2010 02 24 07 30 00 1 4266.432
2010 02 24 07 45 00 1 4266.422
2010 02 24 08 00 00 1 4266.415
2010 02 24 08 15 00 1 4266.411
2010 02 24 08 30 00 1 4266.412
2010 02 24 08 45 00 1 4266.418
2010 02 24 09 00 00 1 4266.431
2010 02 24 09 15 00 1 4266.445
2010 02 24 09 30 00 1 4266.467
2010 02 24 09 45 00 1 4266.497
2010 02 24 10 00 00 1 4266.525
2010 02 24 10 15 00 1 4266.560
2010 02 24 10 30 00 1 4266.601
2010 02 24 10 45 00 1 4266.642
2010 02 24 11 00 00 1 4266.687
2010 02 24 11 15 00 1 4266.735
2010 02 24 11 30 00 1 4266.783
2010 02 24 11 45 00 1 4266.836
2010 02 24 12 00 00 1 4266.888
2010 02 24 12 15 00 1 4266.940
2010 02 24 12 30 00 1 4266.989
2010 02 24 12 45 00 1 4267.038
2010 02 24 13 00 00 1 4267.083
2010 02 24 13 15 00 1 4267.121
2010 02 24 13 30 00 1 4267.153
2010 02 24 13 45 00 1 4267.178
2010 02 24 14 00 00 1 4267.200
2010 02 24 14 15 00 1 4267.214
2010 02 24 14 30 00 1 4267.219
2010 02 24 14 45 00 1 4267.217
2010 02 24 15 00 00 1 4267.205
2010 02 24 15 15 00 1 4267.191
2010 02 24 15 30 00 1 4267.168
2010 02 24 15 45 00 1 4267.132
2010 02 24 16 00 00 1 4267.090
2010 02 24 16 15 00 1 4267.041
2010 02 24 16 30 00 1 4266.982
2010 02 24 16 45 00 1 4266.917
2010 02 24 17 00 00 1 4266.846
2010 02 24 17 15 00 1 4266.763
2010 02 24 17 30 00 1 4266.682
2010 02 24 17 45 00 1 4266.595
2010 02 24 18 00 00 1 4266.502
2010 02 24 18 15 00 1 4266.409
2010 02 24 18 30 00 1 4266.311
2010 02 24 18 45 00 1 4266.216
2010 02 24 19 00 00 1 4266.120
2010 02 24 19 15 00 1 4266.026
2010 02 24 19 30 00 1 4265.930
2010 02 24 19 45 00 1 4265.841
2010 02 24 20 00 00 1 4265.758
2010 02 24 20 15 00 1 4265.676
2010 02 24 20 30 00 1 4265.602
2010 02 24 20 45 00 1 4265.534
2010 02 24 21 00 00 1 4265.473
2010 02 24 21 15 00 1 4265.422
2010 02 24 21 30 00 1 4265.381
2010 02 24 21 45 00 1 4265.350
2010 02 24 22 00 00 1 4265.328
2010 02 24 22 15 00 1 4265.316
2010 02 24 22 30 00 1 4265.313
2010 02 24 22 45 00 1 4265.321
2010 02 24 23 00 00 1 4265.340
2010 02 24 23 15 00 1 4265.369
2010 02 24 23 30 00 1 4265.406
2010 02 24 23 45 00 1 4265.451
2010 02 25 00 00 00 1 4265.501
2010 02 25 00 15 00 1 4265.560
2010 02 25 00 30 00 1 4265.622
2010 02 25 00 45 00 1 4265.690
2010 02 25 01 00 00 1 4265.764
2010 02 25 01 15 00 1 4265.839
2010 02 25 01 30 00 1 4265.921
2010 02 25 01 45 00 1 4265.999
2010 02 25 02 00 00 1 4266.073
2010 02 25 02 15 00 1 4266.150
2010 02 25 02 30 00 1 4266.220
2010 02 25 02 45 00 1 4266.294
2010 02 25 03 00 00 1 4266.356
2010 02 25 03 15 00 1 4266.414
2010 02 25 03 30 00 1 4266.467
2010 02 25 03 45 00 1 4266.515
2010 02 25 04 00 00 1 4266.556
2010 02 25 04 15 00 1 4266.590
2010 02 25 04 30 00 1 4266.617
2010 02 25 04 45 00 1 4266.634
2010 02 25 05 00 00 1 4266.651
2010 02 25 05 15 00 1 4266.656
2010 02 25 05 30 00 1 4266.660
2010 02 25 05 45 00 1 4266.656
2010 02 25 06 00 00 1 4266.644
2010 02 25 06 15 00 1 4266.626
2010 02 25 06 30 00 1 4266.604
2010 02 25 06 45 00 1 4266.578
2010 02 25 07 00 00 1 4266.554
2010 02 25 07 15 00 1 4266.521
2010 02 25 07 30 00 1 4266.494
2010 02 25 07 45 00 1 4266.469
2010 02 25 08 00 00 1 4266.438
2010 02 25 08 15 00 1 4266.411
2010 02 25 08 30 00 1 4266.386
2010 02 25 08 45 00 1 4266.367
2010 02 25 09 00 00 1 4266.353
2010 02 25 09 15 00 1 4266.344
2010 02 25 09 30 00 1 4266.344
2010 02 25 09 45 00 1 4266.343
2010 02 25 10 00 00 1 4266.351
2010 02 25 10 15 00 1 4266.365
2010 02 25 10 30 00 1 4266.385
2010 02 25 10 45 00 1 4266.412
2010 02 25 11 00 00 1 4266.443
2010 02 25 11 15 00 1 4266.480
2010 02 25 11 30 00 1 4266.525
2010 02 25 11 45 00 1 4266.576
2010 02 25 12 00 00 1 4266.630
2010 02 25 12 15 00 1 4266.692
2010 02 25 12 30 00 1 4266.748
2010 02 25 12 45 00 1 4266.809
2010 02 25 13 00 00 1 4266.874
2010 02 25 13 15 00 1 4266.932
2010 02 25 13 30 00 1 4266.993
2010 02 25 13 45 00 1 4267.049
2010 02 25 14 00 00 1 4267.101
2010 02 25 14 15 00 1 4267.148
2010 02 25 14 30 00 1 4267.192
2010 02 25 14 45 00 1 4267.229
2010 02 25 15 00 00 1 4267.253
2010 02 25 15 15 00 1 4267.275
2010 02 25 15 30 00 1 4267.287
2010 02 25 15 45 00 1 4267.289
2010 02 25 16 00 00 1 4267.285
2010 02 25 16 15 00 1 4267.269
2010 02 25 16 30 00 1 4267.244
2010 02 25 16 45 00 1 4267.205
2010 02 25 17 00 00 1 4267.162
2010 02 25 17 15 00 1 4267.106
2010 02 25 17 30 00 1 4267.043
2010 02 25 17 45 00 1 4266.968
2010 02 25 18 00 00 1 4266.890
2010 02 25 18 15 00 1 4266.803
2010 02 25 18 30 00 1 4266.710
2010 02 25 18 45 00 1 4266.611
2010 02 25 19 00 00 1 4266.511
2010 02 25 19 15 00 1 4266.403
2010 02 25 19 30 00 1 4266.293
2010 02 25 19 45 00 1 4266.183
2010 02 25 20 00 00 1 4266.073
2010 02 25 20 15 00 1 4265.964
2010 02 25 20 30 00 1 4265.859
2010 02 25 20 45 00 1 4265.755
2010 02 25 21 00 00 1 4265.663
2010 02 25 21 15 00 1 4265.573
2010 02 25 21 30 00 1 4265.495
2010 02 25 21 45 00 1 4265.426
2010 02 25 22 00 00 1 4265.366
2010 02 25 22 15 00 1 4265.314
2010 02 25 22 30 00 1 4265.275
2010 02 25 22 45 00 1 4265.248
2010 02 25 23 00 00 1 4265.233
2010 02 25 23 15 00 1 4265.229
2010 02 25 23 30 00 1 4265.235
2010 02 25 23 45 00 1 4265.252
2010 02 26 00 00 00 1 4265.278
2010 02 26 00 15 00 1 4265.314
2010 02 26 00 30 00 1 4265.362
2010 02 26 00 45 00 1 4265.420
2010 02 26 01 00 00 1 4265.484
2010 02 26 01 15 00 1 4265.558
2010 02 26 01 30 00 1 4265.635
2010 02 26 01 45 00 1 4265.719
2010 02 26 02 00 00 1 4265.808
2010 02 26 02 15 00 1 4265.895
2010 02 26 02 30 00 1 4265.986
2010 02 26 02 45 00 1 4266.077
2010 02 26 03 00 00 1 4266.165
2010 02 26 03 15 00 1 4266.249
2010 02 26 03 30 00 1 4266.329
2010 02 26 03 45 00 1 4266.404
2010 02 26 04 00 00 1 4266.474
2010 02 26 04 15 00 1 4266.537
2010 02 26 04 30 00 1 4266.595
2010 02 26 04 45 00 1 4266.645
2010 02 26 05 00 00 1 4266.683
2010 02 26 05 15 00 1 4266.716
2010 02 26 05 30 00 1 4266.741
2010 02 26 05 45 00 1 4266.754
2010 02 26 06 00 00 1 4266.761
2010 02 26 06 15 00 1 4266.757
2010 02 26 06 30 00 1 4266.745
2010 02 26 06 45 00 1 4266.728
2010 02 26 07 00 00 1 4266.705
2010 02 26 07 15 00 1 4266.675
2010 02 26 07 30 00 1 4266.638
2010 02 26 07 45 00 1 4266.599
2010 02 26 08 00 00 1 4266.558
2010 02 26 08 15 00 1 4266.512
2010 02 26 08 30 00 1 4266.471
2010 02 26 08 45 00 1 4266.428
2010 02 26 09 00 00 1 4266.386
2010 02 26 09 15 00 1 4266.349
2010 02 26 09 30 00 1 4266.314
2010 02 26 09 45 00 1 4266.283
2010 02 26 10 00 00 1 4266.258
2010 02 26 10 15 00 1 4266.238
2010 02 26 10 30 00 1 4266.228
2010 02 26 10 45 00 1 4266.226
2010 02 26 11 00 00 1 4266.228
2010 02 26 11 15 00 1 4266.239
2010 02 26 11 30 00 1 4266.260
2010 02 26 11 45 00 1 4266.287
2010 02 26 12 00 00 1 4266.324
2010 02 26 12 15 00 1 4266.369
2010 02 26 12 30 00 1 4266.420
2010 02 26 12 45 00 1 4266.480
2010 02 26 13 00 00 1 4266.543
2010 02 26 13 15 00 1 4266.612
2010 02 26 13 30 00 1 4266.678
2010 02 26 13 45 00 1 4266.752
2010 02 26 14 00 00 1 4266.824
2010 02 26 14 15 00 1 4266.897
2010 02 26 14 30 00 1 4266.966
2010 02 26 14 45 00 1 4267.035
2010 02 26 15 00 00 1 4267.100
2010 02 26 15 15 00 1 4267.159
2010 02 26 15 30 00 1 4267.213
2010 02 26 15 45 00 1 4267.259
2010 02 26 16 00 00 1 4267.298
2010 02 26 16 15 00 1 4267.327
2010 02 26 16 30 00 1 4267.344
2010 02 26 16 45 00 1 4267.352
2010 02 26 17 00 00 1 4267.344
2010 02 26 17 15 00 1 4267.327
2010 02 26 17 30 00 1 4267.297
2010 02 26 17 45 00 1 4267.257
2010 02 26 18 00 00 1 4267.206
2010 02 26 18 15 00 1 4267.144
2010 02 26 18 30 00 1 4267.076
2010 02 26 18 45 00 1 4266.994
2010 02 26 19 00 00 1 4266.905
2010 02 26 19 15 00 1 4266.808
2010 02 26 19 30 00 1 4266.704
2010 02 26 19 45 00 1 4266.596
2010 02 26 20 00 00 1 4266.482
2010 02 26 20 15 00 1 4266.361
2010 02 26 20 30 00 1 4266.240
2010 02 26 20 45 00 1 4266.123
2010 02 26 21 00 00 1 4266.003
2010 02 26 21 15 00 1 4265.884
2010 02 26 21 30 00 1 4265.774
2010 02 26 21 45 00 1 4265.670
2010 02 26 22 00 00 1 4265.569
2010 02 26 22 15 00 1 4265.482
2010 02 26 22 30 00 1 4265.404
2010 02 26 22 45 00 1 4265.334
2010 02 26 23 00 00 1 4265.279
2010 02 26 23 15 00 1 4265.234
2010 02 26 23 30 00 1 4265.206
2010 02 26 23 45 00 1 4265.185
2010 02 27 00 00 00 1 4265.179
2010 02 27 00 15 00 1 4265.186
2010 02 27 00 30 00 1 4265.207
2010 02 27 00 45 00 1 4265.236
2010 02 27 01 00 00 1 4265.279
2010 02 27 01 15 00 1 4265.336
2010 02 27 01 30 00 1 4265.403
2010 02 27 01 45 00 1 4265.478
2010 02 27 02 00 00 1 4265.564
2010 02 27 02 15 00 1 4265.654
2010 02 27 02 30 00 1 4265.750
2010 02 27 02 45 00 1 4265.852
2010 02 27 03 00 00 1 4265.953
2010 02 27 03 15 00 1 4266.055
2010 02 27 03 30 00 1 4266.156
2010 02 27 03 45 00 1 4266.258
2010 02 27 04 00 00 1 4266.352
2010 02 27 04 15 00 1 4266.444
2010 02 27 04 30 00 1 4266.530
2010 02 27 04 45 00 1 4266.606
2010 02 27 05 00 00 1 4266.678
2010 02 27 05 15 00 1 4266.738
2010 02 27 05 30 00 1 4266.792
2010 02 27 05 45 00 1 4266.833
2010 02 27 06 00 00 1 4266.863
2010 02 27 06 15 00 1 4266.883
2010 02 27 06 30 00 1 4266.889
2010 02 27 06 45 00 1 4266.888
2010 02 27 07 00 00 1 4266.872
2010 02 27 07 15 00 1 4266.852
2010 02 27 07 30 00 1 4266.821
2010 02 27 07 45 00 1 4266.784
2010 02 27 08 00 00 1 4266.741
2010 02 27 08 15 00 1 4266.690
2010 02 27 08 30 00 1 4266.642
2010 02 27 08 45 00 1 4266.577
2010 02 27 09 00 00 1 4266.517
2010 02 27 09 15 00 1 4266.456
2010 02 27 09 30 00 1 4266.392
2010 02 27 09 45 00 1 4266.333
2010 02 27 10 00 00 1 4266.275
2010 02 27 10 15 00 1 4266.221
2010 02 27 10 30 00 1 4266.174
2010 02 27 10 45 00 1 4266.134
2010 02 27 11 00 00 1 4266.100
2010 02 27 11 15 00 1 4266.075
2010 02 27 11 30 00 1 4266.057
2010 02 27 11 45 00 1 4266.050
2010 02 27 12 00 00 1 4266.055
2010 02 27 12 15 00 1 4266.071
2010 02 27 12 30 00 1 4266.096
2010 02 27 12 45 00 1 4266.131
2010 02 27 13 00 00 1 4266.174
2010 02 27 13 15 00 1 4266.226
2010 02 27 13 30 00 1 4266.287
2010 02 27 13 45 00 1 4266.354
2010 02 27 14 00 00 1 4266.427
2010 02 27 14 15 00 1 4266.506
2010 02 27 14 30 00 1 4266.588
2010 02 27 14 45 00 1 4266.675
2010 02 27 15 00 00 1 4266.759
2010 02 27 15 15 00 1 4266.846
2010 02 27 15 30 00 1 4266.930
2010 02 27 15 45 00 1 4267.008
2010 02 27 16 00 00 1 4267.085
2010 02 27 16 15 00 1 4267.149
2010 02 27 16 30 00 1 4267.208
2010 02 27 16 45 00 1 4267.257
2010 02 27 17 00 00 1 4267.297
2010 02 27 17 15 00 1 4267.327
2010 02 27 17 30 00 1 4267.345
2010 02 27 17 45 00 1 4267.353
2010 02 27 18 00 00 1 4267.347
2010 02 27 18 15 00 1 4267.325
2010 02 27 18 30 00 1 4267.295
2010 02 27 18 45 00 1 4267.248
2010 02 27 19 00 00 1 4267.194
2010 02 27 19 15 00 1 4267.122
2010 02 27 19 30 00 1 4267.043
2010 02 27 19 45 00 1 4266.950
2010 02 27 20 00 00 1 4266.850
2010 02 27 20 15 00 1 4266.743
2010 02 27 20 30 00 1 4266.627
2010 02 27 20 45 00 1 4266.498
2010 02 27 21 00 00 1 4266.439
2010 02 27 21 15 00 1 4266.312
2010 02 27 21 30 00 1 4266.179
2010 02 27 21 45 00 1 4266.050
2010 02 27 22 00 00 1 4265.901
2010 02 27 22 15 00 1 4265.780
2010 02 27 22 30 00 1 4265.666
2010 02 27 22 45 00 1 4265.581
2010 02 27 23 00 00 1 4265.474
2010 02 27 23 15 00 1 4265.390
2010 02 27 23 30 00 1 4265.346
2010 02 27 23 45 00 1 4265.272
2010 02 28 00 00 00 1 4265.251
2010 02 28 00 15 00 1 4265.220
2010 02 28 00 30 00 1 4265.194
2010 02 28 00 45 00 1 4265.180
2010 02 28 01 00 00 1 4265.216
2010 02 28 01 15 00 1 4265.238
2010 02 28 01 30 00 1 4265.273
2010 02 28 01 45 00 1 4265.331
2010 02 28 02 00 00 1 4265.360
2010 02 28 02 15 00 1 4265.459
2010 02 28 02 30 00 1 4265.540
2010 02 28 02 45 00 1 4265.645
2010 02 28 03 00 00 1 4265.733
2010 02 28 03 15 00 1 4265.861
2010 02 28 03 30 00 1 4265.968
2010 02 28 03 45 00 1 4266.046
2010 02 28 04 00 00 1 4266.163
2010 02 28 04 15 00 1 4266.298
2010 02 28 04 30 00 1 4266.399
2010 02 28 04 45 00 1 4266.498
2010 02 28 05 00 00 1 4266.630
2010 02 28 05 15 00 1 4266.695
2010 02 28 05 30 00 1 4266.761
2010 02 28 05 45 00 1 4266.839
2010 02 28 06 00 00 1 4266.924
2010 02 28 06 15 00 1 4266.962
2010 02 28 06 30 00 1 4266.999
2010 02 28 06 45 00 1 4267.030
2010 02 28 07 00 00 1 4267.023
2010 02 28 07 15 00 1 4267.006
2010 02 28 07 30 00 1 4267.033
2010 02 28 07 45 00 1 4266.993
2010 02 28 08 00 00 1 4266.947
2010 02 28 08 15 00 1 4266.911
2010 02 28 08 30 00 1 4266.859
2010 02 28 08 45 00 1 4266.799
2010 02 28 09 00 00 1 4266.752
2010 02 28 09 15 00 1 4266.697
2010 02 28 09 30 00 1 4266.586
2010 02 28 09 45 00 1 4266.512
2010 02 28 10 00 00 1 4266.424
2010 02 28 10 15 00 1 4266.341
2010 02 28 10 30 00 1 4266.249
2010 02 28 10 45 00 1 4266.193
2010 02 28 11 00 00 1 4266.121
2010 02 28 11 15 00 1 4266.045
2010 02 28 11 30 00 1 4265.995
2010 02 28 11 45 00 1 4265.953
2010 02 28 12 00 00 1 4265.919
2010 02 28 12 15 00 1 4265.886
2010 02 28 12 30 00 1 4265.876
2010 02 28 12 45 00 1 4265.871
2010 02 28 13 00 00 1 4265.866
2010 02 28 13 15 00 1 4265.879
2010 02 28 13 30 00 1 4265.916
2010 02 28 13 45 00 1 4265.960
2010 02 28 14 00 00 1 4266.012
2010 02 28 14 15 00 1 4266.091
2010 02 28 14 30 00 1 4266.159
2010 02 28 14 45 00 1 4266.240
2010 02 28 15 00 00 1 4266.342
2010 02 28 15 15 00 1 4266.441
2010 02 28 15 30 00 1 4266.529
2010 02 28 15 45 00 1 4266.607
2010 02 28 16 00 00 1 4266.685
2010 02 28 16 15 00 1 4266.788
2010 02 28 16 30 00 1 4266.870
2010 02 28 16 45 00 1 4266.965
2010 02 28 17 00 00 1 4267.053
2010 02 28 17 15 00 1 4267.120
2010 02 28 17 30 00 1 4267.186
2010 02 28 17 45 00 1 4267.251
2010 02 28 18 00 00 1 4267.285
2010 02 28 18 15 00 1 4267.292
2010 02 28 18 30 00 1 4267.329
2010 02 28 18 45 00 1 4267.318
2010 02 28 19 00 00 1 4267.317
2010 02 28 19 15 00 1 4267.284
2010 02 28 19 30 00 1 4267.257
2010 02 28 19 45 00 1 4267.184
2010 02 28 20 00 00 1 4267.123
2010 02 28 20 15 00 1 4267.049
2010 02 28 20 30 00 1 4266.964
2010 02 28 20 45 00 1 4266.887
2010 02 28 21 00 00 1 4266.768
2010 02 28 21 15 00 1 4266.676
2010 02 28 21 30 00 1 4266.578
2010 02 28 21 45 00 1 4266.442
2010 02 28 22 00 00 1 4266.323
2010 02 28 22 15 00 1 4266.194
2010 02 28 22 30 00 1 4266.078
2010 02 28 22 45 00 1 4265.960
2010 02 28 23 00 00 1 4265.851
2010 02 28 23 15 00 1 4265.753
2010 02 28 23 30 00 1 4265.646
2010 02 28 23 45 00 1 4265.566
2010 03 01 00 00 00 1 4265.499
2010 03 01 00 15 00 1 4265.430
2010 03 01 00 30 00 1 4265.355
2010 03 01 00 45 00 1 4265.313
2010 03 01 01 00 00 1 4265.286
2010 03 01 01 15 00 1 4265.285
2010 03 01 01 30 00 1 4265.299
2010 03 01 01 45 00 1 4265.314
2010 03 01 02 00 00 1 4265.333
2010 03 01 02 15 00 1 4265.368
2010 03 01 02 30 00 1 4265.432
2010 03 01 02 45 00 1 4265.509
2010 03 01 03 00 00 1 4265.595
2010 03 01 03 15 00 1 4265.691
2010 03 01 03 30 00 1 4265.795
2010 03 01 03 45 00 1 4265.895
2010 03 01 04 00 00 1 4265.995
2010 03 01 04 15 00 1 4266.134
2010 03 01 04 30 00 1 4266.233
2010 03 01 04 45 00 1 4266.336
2010 03 01 05 00 00 1 4266.462
2010 03 01 05 15 00 1 4266.577
2010 03 01 05 30 00 1 4266.678
2010 03 01 05 45 00 1 4266.772
2010 03 01 06 00 00 1 4266.867
2010 03 01 06 15 00 1 4266.931
2010 03 01 06 30 00 1 4266.999
2010 03 01 06 45 00 1 4267.059
2010 03 01 07 00 00 1 4267.094
2010 03 01 07 15 00 1 4267.138
2010 03 01 07 30 00 1 4267.157
2010 03 01 07 45 00 1 4267.175
2010 03 01 08 00 00 1 4267.159
2010 03 01 08 15 00 1 4267.119
2010 03 01 08 30 00 1 4267.091
2010 03 01 08 45 00 1 4267.039
2010 03 01 09 00 00 1 4266.984
2010 03 01 09 15 00 1 4266.919
2010 03 01 09 30 00 1 4266.856
2010 03 01 09 45 00 1 4266.762
2010 03 01 10 00 00 1 4266.674
2010 03 01 10 15 00 1 4266.591
2010 03 01 10 30 00 1 4266.486
2010 03 01 10 45 00 1 4266.394
2010 03 01 11 00 00 1 4266.299
2010 03 01 11 15 00 1 4266.214
2010 03 01 11 30 00 1 4266.118
2010 03 01 11 45 00 1 4266.040
2010 03 01 12 00 00 1 4265.958
2010 03 01 12 15 00 1 4265.885
2010 03 01 12 30 00 1 4265.825
2010 03 01 12 45 00 1 4265.771
2010 03 01 13 00 00 1 4265.738
2010 03 01 13 15 00 1 4265.700
2010 03 01 13 30 00 1 4265.692
2010 03 01 13 45 00 1 4265.697
2010 03 01 14 00 00 1 4265.710
2010 03 01 14 15 00 1 4265.736
2010 03 01 14 30 00 1 4265.765
2010 03 01 14 45 00 1 4265.817
2010 03 01 15 00 00 1 4265.879
2010 03 01 15 15 00 1 4265.959
2010 03 01 15 30 00 1 4266.035
2010 03 01 15 45 00 1 4266.118
2010 03 01 16 00 00 1 4266.211
2010 03 01 16 15 00 1 4266.305
2010 03 01 16 30 00 1 4266.406
2010 03 01 16 45 00 1 4266.519
2010 03 01 17 00 00 1 4266.619
2010 03 01 17 15 00 1 4266.704
2010 03 01 17 30 00 1 4266.802
2010 03 01 17 45 00 1 4266.886
2010 03 01 18 00 00 1 4266.963
2010 03 01 18 15 00 1 4267.040
2010 03 01 18 30 00 1 4267.096
2010 03 01 18 45 00 1 4267.142
2010 03 01 19 00 00 1 4267.183
2010 03 01 19 15 00 1 4267.205
2010 03 01 19 30 00 1 4267.211
2010 03 01 19 45 00 1 4267.212
2010 03 01 20 00 00 1 4267.204
2010 03 01 20 15 00 1 4267.176
2010 03 01 20 30 00 1 4267.129
2010 03 01 20 45 00 1 4267.081
2010 03 01 21 00 00 1 4267.020
2010 03 01 21 15 00 1 4266.946
2010 03 01 21 30 00 1 4266.865
2010 03 01 21 45 00 1 4266.774
2010 03 01 22 00 00 1 4266.677
2010 03 01 22 15 00 1 4266.557
2010 03 01 22 30 00 1 4266.461
2010 03 01 22 45 00 1 4266.348
2010 03 01 23 00 00 1 4266.237
2010 03 01 23 15 00 1 4266.131
2010 03 01 23 30 00 1 4266.029
2010 03 01 23 45 00 1 4265.930
2010 03 02 00 00 00 1 4265.828
2010 03 02 00 15 00 1 4265.740
2010 03 02 00 30 00 1 4265.657
2010 03 02 00 45 00 1 4265.588
2010 03 02 01 00 00 1 4265.527
2010 03 02 01 15 00 1 4265.480
2010 03 02 01 30 00 1 4265.450
2010 03 02 01 45 00 1 4265.431
2010 03 02 02 00 00 1 4265.431
2010 03 02 02 15 00 1 4265.436
2010 03 02 02 30 00 1 4265.456
2010 03 02 02 45 00 1 4265.491
2010 03 02 03 00 00 1 4265.544
2010 03 02 03 15 00 1 4265.606
2010 03 02 03 30 00 1 4265.686
2010 03 02 03 45 00 1 4265.773
2010 03 02 04 00 00 1 4265.866
2010 03 02 04 15 00 1 4265.974
2010 03 02 04 30 00 1 4266.084
2010 03 02 04 45 00 1 4266.193
2010 03 02 05 00 00 1 4266.303
2010 03 02 05 15 00 1 4266.415
2010 03 02 05 30 00 1 4266.530
2010 03 02 05 45 00 1 4266.644
2010 03 02 06 00 00 1 4266.744
2010 03 02 06 15 00 1 4266.854
2010 03 02 06 30 00 1 4266.934
2010 03 02 06 45 00 1 4267.011
2010 03 02 07 00 00 1 4267.089
2010 03 02 07 15 00 1 4267.147
2010 03 02 07 30 00 1 4267.192
2010 03 02 07 45 00 1 4267.228
2010 03 02 08 00 00 1 4267.255
2010 03 02 08 15 00 1 4267.258
2010 03 02 08 30 00 1 4267.252
2010 03 02 08 45 00 1 4267.234
2010 03 02 09 00 00 1 4267.205
2010 03 02 09 15 00 1 4267.154
2010 03 02 09 30 00 1 4267.098
2010 03 02 09 45 00 1 4267.035
2010 03 02 10 00 00 1 4266.959
2010 03 02 10 15 00 1 4266.869
2010 03 02 10 30 00 1 4266.783
2010 03 02 10 45 00 1 4266.686
2010 03 02 11 00 00 1 4266.573
2010 03 02 11 15 00 1 4266.465
2010 03 02 11 30 00 1 4266.368
2010 03 02 11 45 00 1 4266.255
2010 03 02 12 00 00 1 4266.153
2010 03 02 12 15 00 1 4266.054
2010 03 02 12 30 00 1 4265.965
2010 03 02 12 45 00 1 4265.871
2010 03 02 13 00 00 1 4265.788
2010 03 02 13 15 00 1 4265.723
2010 03 02 13 30 00 1 4265.662
2010 03 02 13 45 00 1 4265.612
2010 03 02 14 00 00 1 4265.574
2010 03 02 14 15 00 1 4265.549
2010 03 02 14 30 00 1 4265.545
2010 03 02 14 45 00 1 4265.554
2010 03 02 15 00 00 1 4265.568
2010 03 02 15 15 00 1 4265.595
2010 03 02 15 30 00 1 4265.645
2010 03 02 15 45 00 1 4265.705
2010 03 02 16 00 00 1 4265.767
2010 03 02 16 15 00 1 4265.852
2010 03 02 16 30 00 1 4265.928
2010 03 02 16 45 00 1 4266.025
2010 03 02 17 00 00 1 4266.114
2010 03 02 17 15 00 1 4266.217
2010 03 02 17 30 00 1 4266.322
2010 03 02 17 45 00 1 4266.409
2010 03 02 18 00 00 1 4266.516
2010 03 02 18 15 00 1 4266.607
2010 03 02 18 30 00 1 4266.699
2010 03 02 18 45 00 1 4266.779
2010 03 02 19 00 00 1 4266.859
2010 03 02 19 15 00 1 4266.916
2010 03 02 19 30 00 1 4266.968
2010 03 02 19 45 00 1 4267.019
2010 03 02 20 00 00 1 4267.053
2010 03 02 20 15 00 1 4267.075
2010 03 02 20 30 00 1 4267.081
2010 03 02 20 45 00 1 4267.081
2010 03 02 21 00 00 1 4267.062
2010 03 02 21 15 00 1 4267.039
2010 03 02 21 30 00 1 4267.003
2010 03 02 21 45 00 1 4266.948
2010 03 02 22 00 00 1 4266.889
2010 03 02 22 15 00 1 4266.825
2010 03 02 22 30 00 1 4266.741
2010 03 02 22 45 00 1 4266.663
2010 03 02 23 00 00 1 4266.575
2010 03 02 23 15 00 1 4266.476
2010 03 02 23 30 00 1 4266.383
2010 03 02 23 45 00 1 4266.288
2010 03 03 00 00 00 1 4266.200
2010 03 03 00 15 00 1 4266.104
2010 03 03 00 30 00 1 4266.015
2010 03 03 00 45 00 1 4265.930
2010 03 03 01 00 00 1 4265.860
2010 03 03 01 15 00 1 4265.793
2010 03 03 01 30 00 1 4265.740
2010 03 03 01 45 00 1 4265.686
2010 03 03 02 00 00 1 4265.652
2010 03 03 02 15 00 1 4265.630
2010 03 03 02 30 00 1 4265.615
2010 03 03 02 45 00 1 4265.616
2010 03 03 03 00 00 1 4265.631
2010 03 03 03 15 00 1 4265.660
2010 03 03 03 30 00 1 4265.695
2010 03 03 03 45 00 1 4265.742
2010 03 03 04 00 00 1 4265.817
2010 03 03 04 15 00 1 4265.895
2010 03 03 04 30 00 1 4265.984
2010 03 03 04 45 00 1 4266.074
2010 03 03 05 00 00 1 4266.168
2010 03 03 05 15 00 1 4266.270
2010 03 03 05 30 00 1 4266.383
2010 03 03 05 45 00 1 4266.488
2010 03 03 06 00 00 1 4266.590
2010 03 03 06 15 00 1 4266.700
2010 03 03 06 30 00 1 4266.796
2010 03 03 06 45 00 1 4266.892
2010 03 03 07 00 00 1 4266.980
2010 03 03 07 15 00 1 4267.060
2010 03 03 07 30 00 1 4267.130
2010 03 03 07 45 00 1 4267.192
2010 03 03 08 00 00 1 4267.240
2010 03 03 08 15 00 1 4267.283
2010 03 03 08 30 00 1 4267.317
2010 03 03 08 45 00 1 4267.325
2010 03 03 09 00 00 1 4267.329
2010 03 03 09 15 00 1 4267.315
2010 03 03 09 30 00 1 4267.285
2010 03 03 09 45 00 1 4267.249
2010 03 03 10 00 00 1 4267.198
2010 03 03 10 15 00 1 4267.136
2010 03 03 10 30 00 1 4267.063
2010 03 03 10 45 00 1 4266.982
2010 03 03 11 00 00 1 4266.887
2010 03 03 11 15 00 1 4266.786
2010 03 03 11 30 00 1 4266.685
2010 03 03 11 45 00 1 4266.577
2010 03 03 12 00 00 1 4266.472
2010 03 03 12 15 00 1 4266.359
2010 03 03 12 30 00 1 4266.246
2010 03 03 12 45 00 1 4266.134
2010 03 03 13 00 00 1 4266.025
2010 03 03 13 15 00 1 4265.925
2010 03 03 13 30 00 1 4265.830
2010 03 03 13 45 00 1 4265.744
2010 03 03 14 00 00 1 4265.668
2010 03 03 14 15 00 1 4265.608
2010 03 03 14 30 00 1 4265.554
2010 03 03 14 45 00 1 4265.514
2010 03 03 15 00 00 1 4265.489
2010 03 03 15 15 00 1 4265.468
2010 03 03 15 30 00 1 4265.463
2010 03 03 15 45 00 1 4265.479
2010 03 03 16 00 00 1 4265.507
2010 03 03 16 15 00 1 4265.547
2010 03 03 16 30 00 1 4265.594
2010 03 03 16 45 00 1 4265.656
2010 03 03 17 00 00 1 4265.722
2010 03 03 17 15 00 1 4265.799
2010 03 03 17 30 00 1 4265.877
2010 03 03 17 45 00 1 4265.963
2010 03 03 18 00 00 1 4266.053
2010 03 03 18 15 00 1 4266.140
2010 03 03 18 30 00 1 4266.238
2010 03 03 18 45 00 1 4266.332
2010 03 03 19 00 00 1 4266.423
2010 03 03 19 15 00 1 4266.509
2010 03 03 19 30 00 1 4266.594
2010 03 03 19 45 00 1 4266.666
2010 03 03 20 00 00 1 4266.733
2010 03 03 20 15 00 1 4266.787
2010 03 03 20 30 00 1 4266.835
2010 03 03 20 45 00 1 4266.875
2010 03 03 21 00 00 1 4266.902
2010 03 03 21 15 00 1 4266.917
2010 03 03 21 30 00 1 4266.928
2010 03 03 21 45 00 1 4266.928
2010 03 03 22 00 00 1 4266.912
2010 03 03 22 15 00 1 4266.888
2010 03 03 22 30 00 1 4266.855
2010 03 03 22 45 00 1 4266.810
2010 03 03 23 00 00 1 4266.762
2010 03 03 23 15 00 1 4266.703
2010 03 03 23 30 00 1 4266.642
2010 03 03 23 45 00 1 4266.575
2010 03 04 00 00 00 1 4266.507
2010 03 04 00 15 00 1 4266.425
2010 03 04 00 30 00 1 4266.352
2010 03 04 00 45 00 1 4266.274
2010 03 04 01 00 00 1 4266.199
2010 03 04 01 15 00 1 4266.133
2010 03 04 01 30 00 1 4266.068
2010 03 04 01 45 00 1 4266.000
2010 03 04 02 00 00 1 4265.949
2010 03 04 02 15 00 1 4265.907
2010 03 04 02 30 00 1 4265.864
2010 03 04 02 45 00 1 4265.833
2010 03 04 03 00 00 1 4265.814
2010 03 04 03 15 00 1 4265.809
2010 03 04 03 30 00 1 4265.819
2010 03 04 03 45 00 1 4265.833
2010 03 04 04 00 00 1 4265.866
2010 03 04 04 15 00 1 4265.905
2010 03 04 04 30 00 1 4265.958
2010 03 04 04 45 00 1 4266.018
2010 03 04 05 00 00 1 4266.090
2010 03 04 05 15 00 1 4266.163
2010 03 04 05 30 00 1 4266.248
2010 03 04 05 45 00 1 4266.332
2010 03 04 06 00 00 1 4266.426
2010 03 04 06 15 00 1 4266.523
2010 03 04 06 30 00 1 4266.621
2010 03 04 06 45 00 1 4266.715
2010 03 04 07 00 00 1 4266.806
2010 03 04 07 15 00 1 4266.897
2010 03 04 07 30 00 1 4266.983
2010 03 04 07 45 00 1 4267.058
2010 03 04 08 00 00 1 4267.133
2010 03 04 08 15 00 1 4267.193
2010 03 04 08 30 00 1 4267.247
2010 03 04 08 45 00 1 4267.290
2010 03 04 09 00 00 1 4267.320
2010 03 04 09 15 00 1 4267.337
2010 03 04 09 30 00 1 4267.341
2010 03 04 09 45 00 1 4267.334
2010 03 04 10 00 00 1 4267.317
2010 03 04 10 15 00 1 4267.290
2010 03 04 10 30 00 1 4267.246
2010 03 04 10 45 00 1 4267.196
2010 03 04 11 00 00 1 4267.135
2010 03 04 11 15 00 1 4267.060
2010 03 04 11 30 00 1 4266.976
2010 03 04 11 45 00 1 4266.887
2010 03 04 12 00 00 1 4266.789
2010 03 04 12 15 00 1 4266.690
2010 03 04 12 30 00 1 4266.586
2010 03 04 12 45 00 1 4266.481
2010 03 04 13 00 00 1 4266.372
2010 03 04 13 15 00 1 4266.264
2010 03 04 13 30 00 1 4266.156
2010 03 04 13 45 00 1 4266.052
2010 03 04 14 00 00 1 4265.951
2010 03 04 14 15 00 1 4265.858
2010 03 04 14 30 00 1 4265.776
2010 03 04 14 45 00 1 4265.699
2010 03 04 15 00 00 1 4265.631
2010 03 04 15 15 00 1 4265.571
2010 03 04 15 30 00 1 4265.529
2010 03 04 15 45 00 1 4265.495
2010 03 04 16 00 00 1 4265.471
2010 03 04 16 15 00 1 4265.465
2010 03 04 16 30 00 1 4265.471
2010 03 04 16 45 00 1 4265.487
2010 03 04 17 00 00 1 4265.515
2010 03 04 17 15 00 1 4265.555
2010 03 04 17 30 00 1 4265.603
2010 03 04 17 45 00 1 4265.658
2010 03 04 18 00 00 1 4265.721
2010 03 04 18 15 00 1 4265.787
2010 03 04 18 30 00 1 4265.863
2010 03 04 18 45 00 1 4265.943
2010 03 04 19 00 00 1 4266.023
2010 03 04 19 15 00 1 4266.106
2010 03 04 19 30 00 1 4266.191
2010 03 04 19 45 00 1 4266.270
2010 03 04 20 00 00 1 4266.350
2010 03 04 20 15 00 1 4266.426
2010 03 04 20 30 00 1 4266.492
2010 03 04 20 45 00 1 4266.554
2010 03 04 21 00 00 1 4266.615
2010 03 04 21 15 00 1 4266.664
2010 03 04 21 30 00 1 4266.708
2010 03 04 21 45 00 1 4266.743
2010 03 04 22 00 00 1 4266.767
2010 03 04 22 15 00 1 4266.779
2010 03 04 22 30 00 1 4266.790
2010 03 04 22 45 00 1 4266.790
2010 03 04 23 00 00 1 4266.779
2010 03 04 23 15 00 1 4266.761
2010 03 04 23 30 00 1 4266.736
2010 03 04 23 45 00 1 4266.700
2010 03 05 00 00 00 1 4266.662
2010 03 05 00 15 00 1 4266.618
2010 03 05 00 30 00 1 4266.571
2010 03 05 00 45 00 1 4266.511
2010 03 05 01 00 00 1 4266.461
2010 03 05 01 15 00 1 4266.405
2010 03 05 01 30 00 1 4266.347
2010 03 05 01 45 00 1 4266.290
2010 03 05 02 00 00 1 4266.235
2010 03 05 02 15 00 1 4266.185
2010 03 05 02 30 00 1 4266.137
2010 03 05 02 45 00 1 4266.097
2010 03 05 03 00 00 1 4266.063
2010 03 05 03 15 00 1 4266.036
2010 03 05 03 30 00 1 4266.020
2010 03 05 03 45 00 1 4266.011
2010 03 05 04 00 00 1 4266.008
2010 03 05 04 15 00 1 4266.017
2010 03 05 04 30 00 1 4266.037
2010 03 05 04 45 00 1 4266.060
2010 03 05 05 00 00 1 4266.097
2010 03 05 05 15 00 1 4266.143
2010 03 05 05 30 00 1 4266.194
2010 03 05 05 45 00 1 4266.254
2010 03 05 06 00 00 1 4266.321
2010 03 05 06 15 00 1 4266.394
2010 03 05 06 30 00 1 4266.463
2010 03 05 06 45 00 1 4266.542
2010 03 05 07 00 00 1 4266.620
2010 03 05 07 15 00 1 4266.697
2010 03 05 07 30 00 1 4266.780
2010 03 05 07 45 00 1 4266.856
2010 03 05 08 00 00 1 4266.931
2010 03 05 08 15 00 1 4266.995
2010 03 05 08 30 00 1 4267.057
2010 03 05 08 45 00 1 4267.118
2010 03 05 09 00 00 1 4267.169
2010 03 05 09 15 00 1 4267.213
2010 03 05 09 30 00 1 4267.244
2010 03 05 09 45 00 1 4267.268
2010 03 05 10 00 00 1 4267.282
2010 03 05 10 15 00 1 4267.283
2010 03 05 10 30 00 1 4267.272
2010 03 05 10 45 00 1 4267.255
2010 03 05 11 00 00 1 4267.229
2010 03 05 11 15 00 1 4267.190
2010 03 05 11 30 00 1 4267.144
2010 03 05 11 45 00 1 4267.088
2010 03 05 12 00 00 1 4267.018
2010 03 05 12 15 00 1 4266.950
2010 03 05 12 30 00 1 4266.865
2010 03 05 12 45 00 1 4266.777
2010 03 05 13 00 00 1 4266.690
2010 03 05 13 15 00 1 4266.591
2010 03 05 13 30 00 1 4266.490
2010 03 05 13 45 00 1 4266.393
2010 03 05 14 00 00 1 4266.292
2010 03 05 14 15 00 1 4266.190
2010 03 05 14 30 00 1 4266.093
2010 03 05 14 45 00 1 4266.003
2010 03 05 15 00 00 1 4265.913
2010 03 05 15 15 00 1 4265.830
2010 03 05 15 30 00 1 4265.758
2010 03 05 15 45 00 1 4265.683
2010 03 05 16 00 00 1 4265.628
2010 03 05 16 15 00 1 4265.577
2010 03 05 16 30 00 1 4265.536
2010 03 05 16 45 00 1 4265.511
2010 03 05 17 00 00 1 4265.493
2010 03 05 17 15 00 1 4265.488
2010 03 05 17 30 00 1 4265.488
2010 03 05 17 45 00 1 4265.501
2010 03 05 18 00 00 1 4265.524
2010 03 05 18 15 00 1 4265.558
2010 03 05 18 30 00 1 4265.602
2010 03 05 18 45 00 1 4265.655
2010 03 05 19 00 00 1 4265.715
2010 03 05 19 15 00 1 4265.777
2010 03 05 19 30 00 1 4265.841
2010 03 05 19 45 00 1 4265.910
2010 03 05 20 00 00 1 4265.975
2010 03 05 20 15 00 1 4266.047
2010 03 05 20 30 00 1 4266.121
2010 03 05 20 45 00 1 4266.195
2010 03 05 21 00 00 1 4266.262
2010 03 05 21 15 00 1 4266.323
2010 03 05 21 30 00 1 4266.386
2010 03 05 21 45 00 1 4266.447
2010 03 05 22 00 00 1 4266.496
2010 03 05 22 15 00 1 4266.542
2010 03 05 22 30 00 1 4266.581
2010 03 05 22 45 00 1 4266.615
2010 03 05 23 00 00 1 4266.638
2010 03 05 23 15 00 1 4266.661
2010 03 05 23 30 00 1 4266.672
2010 03 05 23 45 00 1 4266.675
2010 03 06 00 00 00 1 4266.672
2010 03 06 00 15 00 1 4266.661
2010 03 06 00 30 00 1 4266.643
2010 03 06 00 45 00 1 4266.623
2010 03 06 01 00 00 1 4266.600
2010 03 06 01 15 00 1 4266.569
2010 03 06 01 30 00 1 4266.531
2010 03 06 01 45 00 1 4266.497
2010 03 06 02 00 00 1 4266.458
2010 03 06 02 15 00 1 4266.417
2010 03 06 02 30 00 1 4266.379
2010 03 06 02 45 00 1 4266.343
2010 03 06 03 00 00 1 4266.307
2010 03 06 03 15 00 1 4266.270
2010 03 06 03 30 00 1 4266.244
2010 03 06 03 45 00 1 4266.220
2010 03 06 04 00 00 1 4266.202
2010 03 06 04 15 00 1 4266.195
2010 03 06 04 30 00 1 4266.187
2010 03 06 04 45 00 1 4266.188
2010 03 06 05 00 00 1 4266.192
2010 03 06 05 15 00 1 4266.203
2010 03 06 05 30 00 1 4266.225
2010 03 06 05 45 00 1 4266.251
2010 03 06 06 00 00 1 4266.285
2010 03 06 06 15 00 1 4266.327
2010 03 06 06 30 00 1 4266.370
