#YY  MM DD hh mm ss T   HEIGHT
#yr  mo dy hr mn  s -        m
2010 01 27 06 45 00 1 5827.335
2010 01 27 07 00 00 1 5827.310
2010 01 27 07 15 00 1 5827.284
2010 01 27 07 30 00 1 5827.258
2010 01 27 07 45 00 1 5827.233
2010 01 27 08 00 00 1 5827.209
2010 01 27 08 15 00 1 5827.187
2010 01 27 08 30 00 1 5827.166
2010 01 27 08 45 00 1 5827.148
2010 01 27 09 00 00 1 5827.126
2010 01 27 09 15 00 1 5827.113
2010 01 27 09 30 00 1 5827.095
2010 01 27 09 45 00 1 5827.082
2010 01 27 10 00 00 1 5827.069
2010 01 27 10 15 00 1 5827.060
2010 01 27 10 30 00 1 5827.052
2010 01 27 10 45 00 1 5827.046
2010 01 27 11 00 00 1 5827.042
2010 01 27 11 15 00 1 5827.040
2010 01 27 11 30 00 1 5827.042
2010 01 27 11 45 00 1 5827.046
2010 01 27 12 00 00 1 5827.054
2010 01 27 12 15 00 1 5827.065
2010 01 27 12 30 00 1 5827.078
2010 01 27 12 45 00 1 5827.095
2010 01 27 13 00 00 1 5827.112
2010 01 27 13 15 00 1 5827.128
2010 01 27 13 30 00 1 5827.149
2010 01 27 13 45 00 1 5827.174
2010 01 27 14 00 00 1 5827.196
2010 01 27 14 15 00 1 5827.217
2010 01 27 14 30 00 1 5827.244
2010 01 27 14 45 00 1 5827.267
2010 01 27 15 00 00 1 5827.292
2010 01 27 15 15 00 1 5827.314
2010 01 27 15 30 00 1 5827.340
2010 01 27 15 45 00 1 5827.363
2010 01 27 16 00 00 1 5827.384
2010 01 27 16 15 00 1 5827.405
2010 01 27 16 30 00 1 5827.426
2010 01 27 16 45 00 1 5827.447
2010 01 27 17 00 00 1 5827.469
2010 01 27 17 15 00 1 5827.492
2010 01 27 17 30 00 1 5827.512
2010 01 27 17 45 00 1 5827.529
2010 01 27 18 00 00 1 5827.545
2010 01 27 18 15 00 1 5827.560
2010 01 27 18 30 00 1 5827.574
2010 01 27 18 45 00 1 5827.583
2010 01 27 19 00 00 1 5827.595
2010 01 27 19 15 00 1 5827.605
2010 01 27 19 30 00 1 5827.609
2010 01 27 19 45 00 1 5827.618
2010 01 27 20 00 00 1 5827.626
2010 01 27 20 15 00 1 5827.634
2010 01 27 20 30 00 1 5827.640
2010 01 27 20 45 00 1 5827.645
2010 01 27 21 00 00 1 5827.649
2010 01 27 21 15 00 1 5827.651
2010 01 27 21 30 00 1 5827.658
2010 01 27 21 45 00 1 5827.662
2010 01 27 22 00 00 1 5827.666
2010 01 27 22 15 00 1 5827.667
2010 01 27 22 30 00 1 5827.669
2010 01 27 22 45 00 1 5827.671
2010 01 27 23 00 00 1 5827.673
2010 01 27 23 15 00 1 5827.674
2010 01 27 23 30 00 1 5827.676
2010 01 27 23 45 00 1 5827.679
2010 01 28 00 00 00 1 5827.680
2010 01 28 00 15 00 1 9999.000
2010 01 28 00 30 00 1 9999.000
2010 01 28 00 45 00 1 9999.000
2010 01 28 01 00 00 1 9999.000
2010 01 28 01 15 00 1 9999.000
2010 01 28 01 30 00 1 9999.000
2010 01 28 01 45 00 1 9999.000
2010 01 28 02 00 00 1 9999.000
2010 01 28 02 15 00 1 9999.000
2010 01 28 02 30 00 1 9999.000
2010 01 28 02 45 00 1 9999.000
2010 01 28 03 00 00 1 9999.000
2010 01 28 03 15 00 1 9999.000
2010 01 28 03 30 00 1 9999.000
2010 01 28 03 45 00 1 9999.000
2010 01 28 04 00 00 1 9999.000
2010 01 28 04 15 00 1 9999.000
2010 01 28 04 30 00 1 9999.000
2010 01 28 04 45 00 1 9999.000
2010 01 28 05 00 00 1 9999.000
2010 01 28 05 15 00 1 9999.000
2010 01 28 05 30 00 1 9999.000
2010 01 28 05 45 00 1 9999.000
2010 01 28 06 00 00 1 9999.000
2010 01 28 06 15 00 1 5827.512
2010 01 28 06 30 00 1 5827.492
2010 01 28 06 45 00 1 5827.466
2010 01 28 07 00 00 1 5827.437
2010 01 28 07 15 00 1 5827.408
2010 01 28 07 30 00 1 5827.376
2010 01 28 07 45 00 1 5827.346
2010 01 28 08 00 00 1 5827.318
2010 01 28 08 15 00 1 5827.286
2010 01 28 08 30 00 1 5827.256
2010 01 28 08 45 00 1 5827.223
2010 01 28 09 00 00 1 5827.191
2010 01 28 09 15 00 1 5827.162
2010 01 28 09 30 00 1 5827.135
2010 01 28 09 45 00 1 5827.111
2010 01 28 10 00 00 1 5827.089
2010 01 28 10 15 00 1 5827.068
2010 01 28 10 30 00 1 5827.046
2010 01 28 10 45 00 1 5827.035
2010 01 28 11 00 00 1 5827.019
2010 01 28 11 15 00 1 5827.010
2010 01 28 11 30 00 1 5827.002
2010 01 28 11 45 00 1 5826.997
2010 01 28 12 00 00 1 5826.998
2010 01 28 12 15 00 1 5827.002
2010 01 28 12 30 00 1 5827.011
2010 01 28 12 45 00 1 5827.021
2010 01 28 13 00 00 1 5827.033
2010 01 28 13 15 00 1 5827.050
2010 01 28 13 30 00 1 5827.068
2010 01 28 13 45 00 1 5827.090
2010 01 28 14 00 00 1 5827.108
2010 01 28 14 15 00 1 5827.132
2010 01 28 14 30 00 1 5827.157
2010 01 28 14 45 00 1 5827.186
2010 01 28 15 00 00 1 5827.213
2010 01 28 15 15 00 1 5827.241
2010 01 28 15 30 00 1 5827.271
2010 01 28 15 45 00 1 5827.296
2010 01 28 16 00 00 1 5827.328
2010 01 28 16 15 00 1 5827.353
2010 01 28 16 30 00 1 5827.383
2010 01 28 16 45 00 1 5827.410
2010 01 28 17 00 00 1 5827.437
2010 01 28 17 15 00 1 5827.461
2010 01 28 17 30 00 1 5827.485
2010 01 28 17 45 00 1 5827.509
2010 01 28 18 00 00 1 5827.527
2010 01 28 18 15 00 1 5827.544
2010 01 28 18 30 00 1 5827.560
2010 01 28 18 45 00 1 5827.576
2010 01 28 19 00 00 1 5827.590
2010 01 28 19 15 00 1 5827.600
2010 01 28 19 30 00 1 5827.613
2010 01 28 19 45 00 1 5827.620
2010 01 28 20 00 00 1 5827.625
2010 01 28 20 15 00 1 5827.633
2010 01 28 20 30 00 1 5827.639
2010 01 28 20 45 00 1 5827.643
2010 01 28 21 00 00 1 5827.645
2010 01 28 21 15 00 1 5827.647
2010 01 28 21 30 00 1 5827.648
2010 01 28 21 45 00 1 5827.648
2010 01 28 22 00 00 1 5827.649
2010 01 28 22 15 00 1 5827.650
2010 01 28 22 30 00 1 5827.652
2010 01 28 22 45 00 1 5827.651
2010 01 28 23 00 00 1 5827.649
2010 01 28 23 15 00 1 5827.651
2010 01 28 23 30 00 1 5827.652
2010 01 28 23 45 00 1 5827.653
2010 01 29 00 00 00 1 5827.654
2010 01 29 00 15 00 1 5827.657
2010 01 29 00 30 00 1 5827.657
2010 01 29 00 45 00 1 5827.656
2010 01 29 01 00 00 1 5827.657
2010 01 29 01 15 00 1 5827.659
2010 01 29 01 30 00 1 5827.661
2010 01 29 01 45 00 1 5827.663
2010 01 29 02 00 00 1 5827.665
2010 01 29 02 15 00 1 5827.669
2010 01 29 02 30 00 1 5827.674
2010 01 29 02 45 00 1 5827.678
2010 01 29 03 00 00 1 5827.685
2010 01 29 03 15 00 1 5827.690
2010 01 29 03 30 00 1 5827.694
2010 01 29 03 45 00 1 5827.699
2010 01 29 04 00 00 1 5827.701
2010 01 29 04 15 00 1 5827.702
2010 01 29 04 30 00 1 5827.704
2010 01 29 04 45 00 1 5827.702
2010 01 29 05 00 00 1 5827.699
2010 01 29 05 15 00 1 5827.691
2010 01 29 05 30 00 1 5827.684
2010 01 29 05 45 00 1 5827.668
2010 01 29 06 00 00 1 5827.654
2010 01 29 06 15 00 1 5827.638
2010 01 29 06 30 00 1 5827.620
2010 01 29 06 45 00 1 5827.599
2010 01 29 07 00 00 1 5827.574
2010 01 29 07 15 00 1 5827.546
2010 01 29 07 30 00 1 5827.515
2010 01 29 07 45 00 1 5827.482
2010 01 29 08 00 00 1 5827.449
2010 01 29 08 15 00 1 5827.415
2010 01 29 08 30 00 1 5827.381
2010 01 29 08 45 00 1 5827.347
2010 01 29 09 00 00 1 5827.311
2010 01 29 09 15 00 1 5827.277
2010 01 29 09 30 00 1 5827.242
2010 01 29 09 45 00 1 5827.206
2010 01 29 10 00 00 1 5827.173
2010 01 29 10 15 00 1 5827.140
2010 01 29 10 30 00 1 5827.108
2010 01 29 10 45 00 1 5827.079
2010 01 29 11 00 00 1 5827.056
2010 01 29 11 15 00 1 5827.034
2010 01 29 11 30 00 1 5827.018
2010 01 29 11 45 00 1 5827.007
2010 01 29 12 00 00 1 5826.995
2010 01 29 12 15 00 1 5826.989
2010 01 29 12 30 00 1 5826.987
2010 01 29 12 45 00 1 5826.989
2010 01 29 13 00 00 1 5826.993
2010 01 29 13 15 00 1 5827.003
2010 01 29 13 30 00 1 5827.013
2010 01 29 13 45 00 1 5827.028
2010 01 29 14 00 00 1 5827.043
2010 01 29 14 15 00 1 5827.061
2010 01 29 14 30 00 1 5827.088
2010 01 29 14 45 00 1 5827.115
2010 01 29 15 00 00 1 5827.141
2010 01 29 15 15 00 1 5827.171
2010 01 29 15 30 00 1 5827.201
2010 01 29 15 45 00 1 5827.232
2010 01 29 16 00 00 1 5827.262
2010 01 29 16 15 00 1 5827.293
2010 01 29 16 30 00 1 5827.325
2010 01 29 16 45 00 1 5827.356
2010 01 29 17 00 00 1 5827.388
2010 01 29 17 15 00 1 5827.419
2010 01 29 17 30 00 1 5827.449
2010 01 29 17 45 00 1 5827.475
2010 01 29 18 00 00 1 5827.498
2010 01 29 18 15 00 1 5827.521
2010 01 29 18 30 00 1 5827.541
2010 01 29 18 45 00 1 5827.560
2010 01 29 19 00 00 1 5827.576
2010 01 29 19 15 00 1 5827.590
2010 01 29 19 30 00 1 5827.604
2010 01 29 19 45 00 1 5827.618
2010 01 29 20 00 00 1 5827.623
2010 01 29 20 15 00 1 5827.630
2010 01 29 20 30 00 1 5827.633
2010 01 29 20 45 00 1 5827.637
2010 01 29 21 00 00 1 5827.639
2010 01 29 21 15 00 1 5827.639
2010 01 29 21 30 00 1 5827.640
2010 01 29 21 45 00 1 5827.640
2010 01 29 22 00 00 1 5827.636
2010 01 29 22 15 00 1 5827.638
2010 01 29 22 30 00 1 5827.634
2010 01 29 22 45 00 1 5827.626
2010 01 29 23 00 00 1 5827.622
2010 01 29 23 15 00 1 5827.619
2010 01 29 23 30 00 1 5827.616
2010 01 29 23 45 00 1 5827.615
2010 01 30 00 00 00 1 5827.614
2010 01 30 00 15 00 1 5827.614
2010 01 30 00 30 00 1 5827.611
2010 01 30 00 45 00 1 5827.611
2010 01 30 01 00 00 1 5827.614
2010 01 30 01 15 00 1 5827.616
2010 01 30 01 30 00 1 5827.619
2010 01 30 01 45 00 1 5827.623
2010 01 30 02 00 00 1 5827.630
2010 01 30 02 15 00 1 5827.635
2010 01 30 02 30 00 1 5827.645
2010 01 30 02 45 00 1 5827.653
2010 01 30 03 00 00 1 5827.663
2010 01 30 03 15 00 1 5827.673
2010 01 30 03 30 00 1 5827.685
2010 01 30 03 45 00 1 5827.695
2010 01 30 04 00 00 1 5827.704
2010 01 30 04 15 00 1 5827.712
2010 01 30 04 30 00 1 5827.717
2010 01 30 04 45 00 1 5827.726
2010 01 30 05 00 00 1 5827.734
2010 01 30 05 15 00 1 5827.739
2010 01 30 05 30 00 1 5827.742
2010 01 30 05 45 00 1 5827.742
2010 01 30 06 00 00 1 5827.740
2010 01 30 06 15 00 1 5827.733
2010 01 30 06 30 00 1 5827.723
2010 01 30 06 45 00 1 5827.710
2010 01 30 07 00 00 1 5827.692
2010 01 30 07 15 00 1 5827.671
2010 01 30 07 30 00 1 5827.649
2010 01 30 07 45 00 1 5827.620
2010 01 30 08 00 00 1 5827.593
2010 01 30 08 15 00 1 5827.562
2010 01 30 08 30 00 1 5827.527
2010 01 30 08 45 00 1 5827.489
2010 01 30 09 00 00 1 5827.454
2010 01 30 09 15 00 1 5827.415
2010 01 30 09 30 00 1 5827.377
2010 01 30 09 45 00 1 5827.334
2010 01 30 10 00 00 1 5827.292
2010 01 30 10 15 00 1 5827.253
2010 01 30 10 30 00 1 5827.220
2010 01 30 10 45 00 1 5827.186
2010 01 30 11 00 00 1 5827.153
2010 01 30 11 15 00 1 5827.117
2010 01 30 11 30 00 1 5827.088
2010 01 30 11 45 00 1 5827.066
2010 01 30 12 00 00 1 5827.045
2010 01 30 12 15 00 1 5827.028
2010 01 30 12 30 00 1 5827.014
2010 01 30 12 45 00 1 5827.008
2010 01 30 13 00 00 1 5827.002
2010 01 30 13 15 00 1 5827.004
2010 01 30 13 30 00 1 5827.008
2010 01 30 13 45 00 1 5827.013
2010 01 30 14 00 00 1 5827.024
2010 01 30 14 15 00 1 5827.040
2010 01 30 14 30 00 1 5827.056
2010 01 30 14 45 00 1 5827.075
2010 01 30 15 00 00 1 5827.100
2010 01 30 15 15 00 1 5827.123
2010 01 30 15 30 00 1 5827.148
2010 01 30 15 45 00 1 5827.176
2010 01 30 16 00 00 1 5827.205
2010 01 30 16 15 00 1 5827.234
2010 01 30 16 30 00 1 5827.266
2010 01 30 16 45 00 1 5827.299
2010 01 30 17 00 00 1 5827.332
2010 01 30 17 15 00 1 5827.364
2010 01 30 17 30 00 1 5827.397
2010 01 30 17 45 00 1 5827.425
2010 01 30 18 00 00 1 5827.453
2010 01 30 18 15 00 1 5827.481
2010 01 30 18 30 00 1 5827.508
2010 01 30 18 45 00 1 5827.528
2010 01 30 19 00 00 1 5827.543
2010 01 30 19 15 00 1 5827.561
2010 01 30 19 30 00 1 5827.573
2010 01 30 19 45 00 1 5827.586
2010 01 30 20 00 00 1 5827.595
2010 01 30 20 15 00 1 5827.602
2010 01 30 20 30 00 1 5827.609
2010 01 30 20 45 00 1 5827.612
2010 01 30 21 00 00 1 5827.614
2010 01 30 21 15 00 1 5827.613
2010 01 30 21 30 00 1 5827.611
2010 01 30 21 45 00 1 5827.608
2010 01 30 22 00 00 1 5827.603
2010 01 30 22 15 00 1 5827.596
2010 01 30 22 30 00 1 5827.589
2010 01 30 22 45 00 1 5827.583
2010 01 30 23 00 00 1 5827.575
2010 01 30 23 15 00 1 5827.567
2010 01 30 23 30 00 1 5827.560
2010 01 30 23 45 00 1 5827.557
2010 01 31 00 00 00 1 5827.551
2010 01 31 00 15 00 1 5827.547
2010 01 31 00 30 00 1 5827.542
2010 01 31 00 45 00 1 5827.540
2010 01 31 01 00 00 1 5827.536
2010 01 31 01 15 00 1 5827.535
2010 01 31 01 30 00 1 5827.539
2010 01 31 01 45 00 1 5827.544
2010 01 31 02 00 00 1 5827.550
2010 01 31 02 15 00 1 5827.558
2010 01 31 02 30 00 1 5827.568
2010 01 31 02 45 00 1 5827.581
2010 01 31 03 00 00 1 5827.595
2010 01 31 03 15 00 1 5827.610
2010 01 31 03 30 00 1 5827.624
2010 01 31 03 45 00 1 5827.639
2010 01 31 04 00 00 1 5827.655
2010 01 31 04 15 00 1 5827.670
2010 01 31 04 30 00 1 5827.684
2010 01 31 04 45 00 1 5827.699
2010 01 31 05 00 00 1 5827.714
2010 01 31 05 15 00 1 5827.726
2010 01 31 05 30 00 1 5827.738
2010 01 31 05 45 00 1 5827.746
2010 01 31 06 00 00 1 5827.754
2010 01 31 06 15 00 1 5827.760
2010 01 31 06 30 00 1 5827.760
2010 01 31 06 45 00 1 5827.759
2010 01 31 07 00 00 1 5827.753
2010 01 31 07 15 00 1 5827.742
2010 01 31 07 30 00 1 5827.727
2010 01 31 07 45 00 1 5827.710
2010 01 31 08 00 00 1 5827.692
2010 01 31 08 15 00 1 5827.667
2010 01 31 08 30 00 1 5827.638
2010 01 31 08 45 00 1 5827.608
2010 01 31 09 00 00 1 5827.578
2010 01 31 09 15 00 1 5827.542
2010 01 31 09 30 00 1 5827.505
2010 01 31 09 45 00 1 5827.467
2010 01 31 10 00 00 1 5827.431
2010 01 31 10 15 00 1 5827.391
2010 01 31 10 30 00 1 5827.350
2010 01 31 10 45 00 1 5827.311
2010 01 31 11 00 00 1 5827.273
2010 01 31 11 15 00 1 5827.236
2010 01 31 11 30 00 1 5827.202
2010 01 31 11 45 00 1 5827.170
2010 01 31 12 00 00 1 5827.140
2010 01 31 12 15 00 1 5827.115
2010 01 31 12 30 00 1 5827.093
2010 01 31 12 45 00 1 5827.074
2010 01 31 13 00 00 1 5827.061
2010 01 31 13 15 00 1 5827.050
2010 01 31 13 30 00 1 5827.046
2010 01 31 13 45 00 1 5827.042
2010 01 31 14 00 00 1 5827.046
2010 01 31 14 15 00 1 5827.051
2010 01 31 14 30 00 1 5827.059
2010 01 31 14 45 00 1 5827.074
2010 01 31 15 00 00 1 5827.091
2010 01 31 15 15 00 1 5827.112
2010 01 31 15 30 00 1 5827.135
2010 01 31 15 45 00 1 5827.153
2010 01 31 16 00 00 1 5827.179
2010 01 31 16 15 00 1 5827.205
2010 01 31 16 30 00 1 5827.232
2010 01 31 16 45 00 1 5827.263
2010 01 31 17 00 00 1 5827.294
2010 01 31 17 15 00 1 5827.325
2010 01 31 17 30 00 1 5827.358
2010 01 31 17 45 00 1 5827.388
2010 01 31 18 00 00 1 5827.418
2010 01 31 18 15 00 1 5827.446
2010 01 31 18 30 00 1 5827.472
2010 01 31 18 45 00 1 5827.497
2010 01 31 19 00 00 1 5827.518
2010 01 31 19 15 00 1 5827.537
2010 01 31 19 30 00 1 5827.553
2010 01 31 19 45 00 1 5827.566
2010 01 31 20 00 00 1 5827.577
2010 01 31 20 15 00 1 5827.584
2010 01 31 20 30 00 1 5827.591
2010 01 31 20 45 00 1 5827.593
2010 01 31 21 00 00 1 5827.596
2010 01 31 21 15 00 1 5827.593
2010 01 31 21 30 00 1 5827.588
2010 01 31 21 45 00 1 5827.582
2010 01 31 22 00 00 1 5827.577
2010 01 31 22 15 00 1 5827.568
2010 01 31 22 30 00 1 5827.556
2010 01 31 22 45 00 1 5827.545
2010 01 31 23 00 00 1 5827.532
2010 01 31 23 15 00 1 5827.521
2010 01 31 23 30 00 1 5827.512
2010 01 31 23 45 00 1 5827.500
2010 02 01 00 00 00 1 5827.487
2010 02 01 00 15 00 1 5827.478
2010 02 01 00 30 00 1 5827.467
2010 02 01 00 45 00 1 5827.456
2010 02 01 01 00 00 1 5827.451
2010 02 01 01 15 00 1 5827.447
2010 02 01 01 30 00 1 5827.445
2010 02 01 01 45 00 1 5827.446
2010 02 01 02 00 00 1 5827.448
2010 02 01 02 15 00 1 5827.456
2010 02 01 02 30 00 1 5827.467
2010 02 01 02 45 00 1 5827.479
2010 02 01 03 00 00 1 5827.491
2010 02 01 03 15 00 1 5827.507
2010 02 01 03 30 00 1 5827.522
2010 02 01 03 45 00 1 5827.538
2010 02 01 04 00 00 1 5827.554
2010 02 01 04 15 00 1 5827.572
2010 02 01 04 30 00 1 5827.594
2010 02 01 04 45 00 1 5827.611
2010 02 01 05 00 00 1 5827.631
2010 02 01 05 15 00 1 5827.653
2010 02 01 05 30 00 1 5827.672
2010 02 01 05 45 00 1 5827.689
2010 02 01 06 00 00 1 5827.704
2010 02 01 06 15 00 1 5827.718
2010 02 01 06 30 00 1 5827.730
2010 02 01 06 45 00 1 5827.739
2010 02 01 07 00 00 1 5827.743
2010 02 01 07 15 00 1 5827.742
2010 02 01 07 30 00 1 5827.738
2010 02 01 07 45 00 1 5827.732
2010 02 01 08 00 00 1 5827.722
2010 02 01 08 15 00 1 5827.709
2010 02 01 08 30 00 1 5827.693
2010 02 01 08 45 00 1 5827.675
2010 02 01 09 00 00 1 5827.653
2010 02 01 09 15 00 1 5827.631
2010 02 01 09 30 00 1 5827.602
2010 02 01 09 45 00 1 5827.573
2010 02 01 10 00 00 1 5827.540
2010 02 01 10 15 00 1 5827.507
2010 02 01 10 30 00 1 5827.472
2010 02 01 10 45 00 1 5827.438
2010 02 01 11 00 00 1 5827.400
2010 02 01 11 15 00 1 5827.361
2010 02 01 11 30 00 1 5827.326
2010 02 01 11 45 00 1 5827.295
2010 02 01 12 00 00 1 5827.266
2010 02 01 12 15 00 1 5827.237
2010 02 01 12 30 00 1 5827.209
2010 02 01 12 45 00 1 5827.186
2010 02 01 13 00 00 1 5827.166
2010 02 01 13 15 00 1 5827.146
2010 02 01 13 30 00 1 5827.134
2010 02 01 13 45 00 1 5827.126
2010 02 01 14 00 00 1 5827.122
2010 02 01 14 15 00 1 5827.121
2010 02 01 14 30 00 1 5827.123
2010 02 01 14 45 00 1 5827.132
2010 02 01 15 00 00 1 5827.145
2010 02 01 15 15 00 1 5827.160
2010 02 01 15 30 00 1 5827.175
2010 02 01 15 45 00 1 5827.194
2010 02 01 16 00 00 1 5827.218
2010 02 01 16 15 00 1 5827.241
2010 02 01 16 30 00 1 5827.265
2010 02 01 16 45 00 1 5827.292
2010 02 01 17 00 00 1 5827.319
2010 02 01 17 15 00 1 5827.348
2010 02 01 17 30 00 1 5827.380
2010 02 01 17 45 00 1 5827.409
2010 02 01 18 00 00 1 5827.437
2010 02 01 18 15 00 1 5827.464
2010 02 01 18 30 00 1 5827.490
2010 02 01 18 45 00 1 5827.514
2010 02 01 19 00 00 1 5827.535
2010 02 01 19 15 00 1 5827.557
2010 02 01 19 30 00 1 5827.574
2010 02 01 19 45 00 1 5827.586
2010 02 01 20 00 00 1 5827.599
2010 02 01 20 15 00 1 5827.606
2010 02 01 20 30 00 1 5827.614
2010 02 01 20 45 00 1 5827.615
2010 02 01 21 00 00 1 5827.615
2010 02 01 21 15 00 1 5827.614
2010 02 01 21 30 00 1 5827.609
2010 02 01 21 45 00 1 5827.603
2010 02 01 22 00 00 1 5827.593
2010 02 01 22 15 00 1 5827.583
2010 02 01 22 30 00 1 5827.571
2010 02 01 22 45 00 1 5827.556
2010 02 01 23 00 00 1 5827.537
2010 02 01 23 15 00 1 5827.520
2010 02 01 23 30 00 1 5827.502
2010 02 01 23 45 00 1 5827.486
2010 02 02 00 00 00 1 5827.469
2010 02 02 00 15 00 1 5827.455
2010 02 02 00 30 00 1 5827.436
2010 02 02 00 45 00 1 5827.420
2010 02 02 01 00 00 1 5827.407
2010 02 02 01 15 00 1 5827.392
2010 02 02 01 30 00 1 5827.380
2010 02 02 01 45 00 1 5827.368
2010 02 02 02 00 00 1 5827.364
2010 02 02 02 15 00 1 5827.365
2010 02 02 02 30 00 1 5827.368
2010 02 02 02 45 00 1 5827.373
2010 02 02 03 00 00 1 5827.381
2010 02 02 03 15 00 1 5827.394
2010 02 02 03 30 00 1 5827.406
2010 02 02 03 45 00 1 5827.422
2010 02 02 04 00 00 1 5827.438
2010 02 02 04 15 00 1 5827.454
2010 02 02 04 30 00 1 5827.474
2010 02 02 04 45 00 1 5827.493
2010 02 02 05 00 00 1 5827.513
2010 02 02 05 15 00 1 5827.533
2010 02 02 05 30 00 1 5827.556
2010 02 02 05 45 00 1 5827.581
2010 02 02 06 00 00 1 5827.601
2010 02 02 06 15 00 1 5827.621
2010 02 02 06 30 00 1 5827.638
2010 02 02 06 45 00 1 5827.655
2010 02 02 07 00 00 1 5827.668
2010 02 02 07 15 00 1 5827.676
2010 02 02 07 30 00 1 5827.685
2010 02 02 07 45 00 1 5827.692
2010 02 02 08 00 00 1 5827.695
2010 02 02 08 15 00 1 5827.693
2010 02 02 08 30 00 1 5827.688
2010 02 02 08 45 00 1 5827.680
2010 02 02 09 00 00 1 5827.669
2010 02 02 09 15 00 1 5827.657
2010 02 02 09 30 00 1 5827.641
2010 02 02 09 45 00 1 5827.619
2010 02 02 10 00 00 1 5827.599
2010 02 02 10 15 00 1 5827.576
2010 02 02 10 30 00 1 5827.552
2010 02 02 10 45 00 1 5827.525
2010 02 02 11 00 00 1 5827.498
2010 02 02 11 15 00 1 5827.467
2010 02 02 11 30 00 1 5827.439
2010 02 02 11 45 00 1 5827.410
2010 02 02 12 00 00 1 5827.384
2010 02 02 12 15 00 1 5827.355
2010 02 02 12 30 00 1 5827.328
2010 02 02 12 45 00 1 5827.304
2010 02 02 13 00 00 1 5827.281
2010 02 02 13 15 00 1 5827.264
2010 02 02 13 30 00 1 5827.249
2010 02 02 13 45 00 1 5827.237
2010 02 02 14 00 00 1 5827.228
2010 02 02 14 15 00 1 5827.222
2010 02 02 14 30 00 1 5827.221
2010 02 02 14 45 00 1 5827.219
2010 02 02 15 00 00 1 5827.228
2010 02 02 15 15 00 1 5827.237
2010 02 02 15 30 00 1 5827.250
2010 02 02 15 45 00 1 5827.268
2010 02 02 16 00 00 1 5827.288
2010 02 02 16 15 00 1 5827.309
2010 02 02 16 30 00 1 5827.333
2010 02 02 16 45 00 1 5827.360
2010 02 02 17 00 00 1 5827.381
2010 02 02 17 15 00 1 5827.411
2010 02 02 17 30 00 1 5827.441
2010 02 02 17 45 00 1 5827.468
2010 02 02 18 00 00 1 5827.495
2010 02 02 18 15 00 1 5827.525
2010 02 02 18 30 00 1 5827.551
2010 02 02 18 45 00 1 5827.576
2010 02 02 19 00 00 1 5827.603
2010 02 02 19 15 00 1 5827.624
2010 02 02 19 30 00 1 5827.641
2010 02 02 19 45 00 1 5827.652
2010 02 02 20 00 00 1 5827.667
2010 02 02 20 15 00 1 5827.672
2010 02 02 20 30 00 1 5827.680
2010 02 02 20 45 00 1 5827.683
2010 02 02 21 00 00 1 5827.683
2010 02 02 21 15 00 1 5827.680
2010 02 02 21 30 00 1 5827.675
2010 02 02 21 45 00 1 5827.667
2010 02 02 22 00 00 1 5827.660
2010 02 02 22 15 00 1 5827.647
2010 02 02 22 30 00 1 5827.630
2010 02 02 22 45 00 1 5827.610
2010 02 02 23 00 00 1 5827.590
2010 02 02 23 15 00 1 5827.566
2010 02 02 23 30 00 1 5827.544
2010 02 02 23 45 00 1 5827.522
2010 02 03 00 00 00 1 5827.499
2010 02 03 00 15 00 1 5827.474
2010 02 03 00 30 00 1 5827.449
2010 02 03 00 45 00 1 5827.430
2010 02 03 01 00 00 1 5827.405
2010 02 03 01 15 00 1 5827.386
2010 02 03 01 30 00 1 5827.367
2010 02 03 01 45 00 1 5827.351
2010 02 03 02 00 00 1 5827.337
2010 02 03 02 15 00 1 5827.327
2010 02 03 02 30 00 1 5827.322
2010 02 03 02 45 00 1 5827.321
2010 02 03 03 00 00 1 5827.322
2010 02 03 03 15 00 1 5827.329
2010 02 03 03 30 00 1 5827.337
2010 02 03 03 45 00 1 5827.349
2010 02 03 04 00 00 1 5827.359
2010 02 03 04 15 00 1 5827.374
2010 02 03 04 30 00 1 5827.389
2010 02 03 04 45 00 1 5827.410
2010 02 03 05 00 00 1 5827.431
2010 02 03 05 15 00 1 5827.451
2010 02 03 05 30 00 1 5827.471
2010 02 03 05 45 00 1 5827.491
2010 02 03 06 00 00 1 5827.511
2010 02 03 06 15 00 1 5827.531
2010 02 03 06 30 00 1 5827.548
2010 02 03 06 45 00 1 5827.565
2010 02 03 07 00 00 1 5827.581
2010 02 03 07 15 00 1 5827.596
2010 02 03 07 30 00 1 5827.609
2010 02 03 07 45 00 1 5827.620
2010 02 03 08 00 00 1 5827.629
2010 02 03 08 15 00 1 5827.634
2010 02 03 08 30 00 1 5827.640
2010 02 03 08 45 00 1 5827.642
2010 02 03 09 00 00 1 5827.638
2010 02 03 09 15 00 1 5827.633
2010 02 03 09 30 00 1 5827.624
2010 02 03 09 45 00 1 5827.613
2010 02 03 10 00 00 1 5827.602
2010 02 03 10 15 00 1 5827.587
2010 02 03 10 30 00 1 5827.569
2010 02 03 10 45 00 1 5827.550
2010 02 03 11 00 00 1 5827.529
2010 02 03 11 15 00 1 5827.507
2010 02 03 11 30 00 1 5827.486
2010 02 03 11 45 00 1 5827.463
2010 02 03 12 00 00 1 5827.440
2010 02 03 12 15 00 1 5827.418
2010 02 03 12 30 00 1 5827.399
2010 02 03 12 45 00 1 5827.380
2010 02 03 13 00 00 1 5827.362
2010 02 03 13 15 00 1 5827.346
2010 02 03 13 30 00 1 5827.333
2010 02 03 13 45 00 1 5827.319
2010 02 03 14 00 00 1 5827.307
2010 02 03 14 15 00 1 5827.297
2010 02 03 14 30 00 1 5827.292
2010 02 03 14 45 00 1 5827.291
2010 02 03 15 00 00 1 5827.293
2010 02 03 15 15 00 1 5827.299
2010 02 03 15 30 00 1 5827.309
2010 02 03 15 45 00 1 5827.318
2010 02 03 16 00 00 1 5827.331
2010 02 03 16 15 00 1 5827.346
2010 02 03 16 30 00 1 5827.365
2010 02 03 16 45 00 1 5827.386
2010 02 03 17 00 00 1 5827.408
2010 02 03 17 15 00 1 5827.433
2010 02 03 17 30 00 1 5827.456
2010 02 03 17 45 00 1 5827.482
2010 02 03 18 00 00 1 5827.511
2010 02 03 18 15 00 1 5827.537
2010 02 03 18 30 00 1 5827.562
2010 02 03 18 45 00 1 5827.586
2010 02 03 19 00 00 1 5827.605
2010 02 03 19 15 00 1 5827.624
2010 02 03 19 30 00 1 5827.645
2010 02 03 19 45 00 1 5827.661
2010 02 03 20 00 00 1 5827.675
2010 02 03 20 15 00 1 5827.690
2010 02 03 20 30 00 1 5827.701
2010 02 03 20 45 00 1 5827.710
2010 02 03 21 00 00 1 5827.709
2010 02 03 21 15 00 1 5827.707
2010 02 03 21 30 00 1 5827.703
2010 02 03 21 45 00 1 5827.697
2010 02 03 22 00 00 1 5827.689
2010 02 03 22 15 00 1 5827.676
2010 02 03 22 30 00 1 5827.660
2010 02 03 22 45 00 1 5827.644
2010 02 03 23 00 00 1 5827.626
2010 02 03 23 15 00 1 5827.604
2010 02 03 23 30 00 1 5827.578
2010 02 03 23 45 00 1 5827.554
2010 02 04 00 00 00 1 5827.527
2010 02 04 00 15 00 1 5827.503
2010 02 04 00 30 00 1 5827.478
2010 02 04 00 45 00 1 5827.454
2010 02 04 01 00 00 1 5827.427
2010 02 04 01 15 00 1 5827.401
2010 02 04 01 30 00 1 5827.378
2010 02 04 01 45 00 1 5827.353
2010 02 04 02 00 00 1 5827.329
2010 02 04 02 15 00 1 5827.308
2010 02 04 02 30 00 1 5827.296
2010 02 04 02 45 00 1 5827.283
2010 02 04 03 00 00 1 5827.276
2010 02 04 03 15 00 1 5827.269
2010 02 04 03 30 00 1 5827.266
2010 02 04 03 45 00 1 5827.267
2010 02 04 04 00 00 1 5827.269
2010 02 04 04 15 00 1 5827.274
2010 02 04 04 30 00 1 5827.283
2010 02 04 04 45 00 1 5827.293
2010 02 04 05 00 00 1 5827.306
2010 02 04 05 15 00 1 5827.321
2010 02 04 05 30 00 1 5827.338
2010 02 04 05 45 00 1 5827.355
2010 02 04 06 00 00 1 5827.374
2010 02 04 06 15 00 1 5827.394
2010 02 04 06 30 00 1 5827.412
2010 02 04 06 45 00 1 5827.429
2010 02 04 07 00 00 1 5827.446
2010 02 04 07 15 00 1 5827.461
2010 02 04 07 30 00 1 5827.477
2010 02 04 07 45 00 1 5827.489
2010 02 04 08 00 00 1 5827.503
2010 02 04 08 15 00 1 5827.513
2010 02 04 08 30 00 1 5827.522
2010 02 04 08 45 00 1 5827.529
2010 02 04 09 00 00 1 5827.535
2010 02 04 09 15 00 1 5827.536
2010 02 04 09 30 00 1 5827.535
2010 02 04 09 45 00 1 5827.540
2010 02 04 10 00 00 1 5827.539
2010 02 04 10 15 00 1 5827.535
2010 02 04 10 30 00 1 5827.529
2010 02 04 10 45 00 1 5827.519
2010 02 04 11 00 00 1 5827.508
2010 02 04 11 15 00 1 5827.494
2010 02 04 11 30 00 1 5827.479
2010 02 04 11 45 00 1 5827.466
2010 02 04 12 00 00 1 5827.451
2010 02 04 12 15 00 1 5827.435
2010 02 04 12 30 00 1 5827.422
2010 02 04 12 45 00 1 5827.405
2010 02 04 13 00 00 1 5827.389
2010 02 04 13 15 00 1 5827.379
2010 02 04 13 30 00 1 5827.368
2010 02 04 13 45 00 1 5827.358
2010 02 04 14 00 00 1 5827.349
2010 02 04 14 15 00 1 5827.342
2010 02 04 14 30 00 1 5827.338
2010 02 04 14 45 00 1 5827.336
2010 02 04 15 00 00 1 5827.334
2010 02 04 15 15 00 1 5827.340
2010 02 04 15 30 00 1 5827.344
2010 02 04 15 45 00 1 5827.350
2010 02 04 16 00 00 1 5827.361
2010 02 04 16 15 00 1 5827.374
2010 02 04 16 30 00 1 5827.388
2010 02 04 16 45 00 1 5827.403
2010 02 04 17 00 00 1 5827.419
2010 02 04 17 15 00 1 5827.439
2010 02 04 17 30 00 1 5827.462
2010 02 04 17 45 00 1 5827.487
2010 02 04 18 00 00 1 5827.507
2010 02 04 18 15 00 1 5827.531
2010 02 04 18 30 00 1 5827.555
2010 02 04 18 45 00 1 5827.579
2010 02 04 19 00 00 1 5827.602
2010 02 04 19 15 00 1 5827.623
2010 02 04 19 30 00 1 5827.644
2010 02 04 19 45 00 1 5827.663
2010 02 04 20 00 00 1 5827.679
2010 02 04 20 15 00 1 5827.692
2010 02 04 20 30 00 1 5827.702
2010 02 04 20 45 00 1 5827.712
2010 02 04 21 00 00 1 5827.719
2010 02 04 21 15 00 1 5827.724
2010 02 04 21 30 00 1 5827.720
2010 02 04 21 45 00 1 5827.717
2010 02 04 22 00 00 1 5827.712
2010 02 04 22 15 00 1 5827.704
2010 02 04 22 30 00 1 5827.691
2010 02 04 22 45 00 1 5827.679
2010 02 04 23 00 00 1 5827.665
2010 02 04 23 15 00 1 5827.647
2010 02 04 23 30 00 1 5827.627
2010 02 04 23 45 00 1 5827.604
2010 02 05 00 00 00 1 5827.581
2010 02 05 00 15 00 1 5827.555
2010 02 05 00 30 00 1 5827.525
2010 02 05 00 45 00 1 5827.496
2010 02 05 01 00 00 1 5827.470
2010 02 05 01 15 00 1 5827.441
2010 02 05 01 30 00 1 5827.414
2010 02 05 01 45 00 1 5827.386
2010 02 05 02 00 00 1 5827.363
2010 02 05 02 15 00 1 5827.339
2010 02 05 02 30 00 1 5827.317
2010 02 05 02 45 00 1 5827.300
2010 02 05 03 00 00 1 5827.284
2010 02 05 03 15 00 1 5827.270
2010 02 05 03 30 00 1 5827.255
2010 02 05 03 45 00 1 5827.244
2010 02 05 04 00 00 1 5827.240
2010 02 05 04 15 00 1 5827.238
2010 02 05 04 30 00 1 5827.237
2010 02 05 04 45 00 1 5827.243
2010 02 05 05 00 00 1 5827.249
2010 02 05 05 15 00 1 5827.259
2010 02 05 05 30 00 1 5827.267
2010 02 05 05 45 00 1 5827.277
2010 02 05 06 00 00 1 5827.291
2010 02 05 06 15 00 1 5827.301
2010 02 05 06 30 00 1 5827.316
2010 02 05 06 45 00 1 5827.330
2010 02 05 07 00 00 1 5827.344
2010 02 05 07 15 00 1 5827.360
2010 02 05 07 30 00 1 5827.374
2010 02 05 07 45 00 1 5827.390
2010 02 05 08 00 00 1 5827.403
2010 02 05 08 15 00 1 5827.415
2010 02 05 08 30 00 1 5827.425
2010 02 05 08 45 00 1 5827.436
2010 02 05 09 00 00 1 5827.445
2010 02 05 09 15 00 1 5827.452
2010 02 05 09 30 00 1 5827.458
2010 02 05 09 45 00 1 5827.462
2010 02 05 10 00 00 1 5827.466
2010 02 05 10 15 00 1 5827.471
2010 02 05 10 30 00 1 5827.469
2010 02 05 10 45 00 1 5827.469
2010 02 05 11 00 00 1 5827.463
2010 02 05 11 15 00 1 5827.458
2010 02 05 11 30 00 1 5827.453
2010 02 05 11 45 00 1 5827.447
2010 02 05 12 00 00 1 5827.439
2010 02 05 12 15 00 1 5827.433
2010 02 05 12 30 00 1 5827.426
2010 02 05 12 45 00 1 5827.419
2010 02 05 13 00 00 1 5827.409
2010 02 05 13 15 00 1 5827.403
2010 02 05 13 30 00 1 5827.396
2010 02 05 13 45 00 1 5827.392
2010 02 05 14 00 00 1 5827.388
2010 02 05 14 15 00 1 5827.384
2010 02 05 14 30 00 1 5827.385
2010 02 05 14 45 00 1 5827.386
2010 02 05 15 00 00 1 5827.387
2010 02 05 15 15 00 1 5827.393
2010 02 05 15 30 00 1 5827.399
2010 02 05 15 45 00 1 5827.408
2010 02 05 16 00 00 1 5827.414
2010 02 05 16 15 00 1 5827.423
2010 02 05 16 30 00 1 5827.433
2010 02 05 16 45 00 1 5827.444
2010 02 05 17 00 00 1 5827.458
2010 02 05 17 15 00 1 5827.472
2010 02 05 17 30 00 1 5827.494
2010 02 05 17 45 00 1 5827.513
2010 02 05 18 00 00 1 5827.533
2010 02 05 18 15 00 1 5827.556
2010 02 05 18 30 00 1 5827.577
2010 02 05 18 45 00 1 5827.597
2010 02 05 19 00 00 1 5827.619
2010 02 05 19 15 00 1 5827.640
2010 02 05 19 30 00 1 5827.660
2010 02 05 19 45 00 1 5827.678
2010 02 05 20 00 00 1 5827.694
2010 02 05 20 15 00 1 5827.712
2010 02 05 20 30 00 1 5827.726
2010 02 05 20 45 00 1 5827.735
2010 02 05 21 00 00 1 5827.743
2010 02 05 21 15 00 1 5827.751
2010 02 05 21 30 00 1 5827.753
2010 02 05 21 45 00 1 5827.757
2010 02 05 22 00 00 1 5827.754
2010 02 05 22 15 00 1 5827.753
2010 02 05 22 30 00 1 5827.747
2010 02 05 22 45 00 1 5827.739
2010 02 05 23 00 00 1 5827.728
2010 02 05 23 15 00 1 5827.713
2010 02 05 23 30 00 1 5827.698
2010 02 05 23 45 00 1 5827.681
2010 02 06 00 00 00 1 5827.659
2010 02 06 00 15 00 1 5827.637
2010 02 06 00 30 00 1 5827.612
2010 02 06 00 45 00 1 5827.588
2010 02 06 01 00 00 1 5827.560
2010 02 06 01 15 00 1 5827.528
2010 02 06 01 30 00 1 5827.503
2010 02 06 01 45 00 1 5827.474
2010 02 06 02 00 00 1 5827.447
2010 02 06 02 15 00 1 5827.420
2010 02 06 02 30 00 1 5827.394
2010 02 06 02 45 00 1 5827.371
2010 02 06 03 00 00 1 5827.351
2010 02 06 03 15 00 1 5827.332
2010 02 06 03 30 00 1 5827.313
2010 02 06 03 45 00 1 5827.298
2010 02 06 04 00 00 1 5827.283
2010 02 06 04 15 00 1 5827.273
2010 02 06 04 30 00 1 5827.266
2010 02 06 04 45 00 1 5827.258
2010 02 06 05 00 00 1 5827.255
2010 02 06 05 15 00 1 5827.254
2010 02 06 05 30 00 1 5827.253
2010 02 06 05 45 00 1 5827.255
2010 02 06 06 00 00 1 5827.257
2010 02 06 06 15 00 1 5827.262
2010 02 06 06 30 00 1 5827.270
2010 02 06 06 45 00 1 5827.279
2010 02 06 07 00 00 1 5827.286
2010 02 06 07 15 00 1 5827.299
2010 02 06 07 30 00 1 5827.308
2010 02 06 07 45 00 1 5827.315
2010 02 06 08 00 00 1 5827.322
2010 02 06 08 15 00 1 5827.331
2010 02 06 08 30 00 1 5827.341
2010 02 06 08 45 00 1 5827.347
2010 02 06 09 00 00 1 5827.357
2010 02 06 09 15 00 1 5827.366
2010 02 06 09 30 00 1 5827.371
2010 02 06 09 45 00 1 5827.378
2010 02 06 10 00 00 1 5827.383
2010 02 06 10 15 00 1 5827.389
2010 02 06 10 30 00 1 5827.392
2010 02 06 10 45 00 1 5827.395
2010 02 06 11 00 00 1 5827.399
2010 02 06 11 15 00 1 5827.397
2010 02 06 11 30 00 1 5827.397
2010 02 06 11 45 00 1 5827.397
2010 02 06 12 00 00 1 5827.398
2010 02 06 12 15 00 1 5827.399
2010 02 06 12 30 00 1 5827.397
2010 02 06 12 45 00 1 5827.397
2010 02 06 13 00 00 1 5827.399
2010 02 06 13 15 00 1 5827.398
2010 02 06 13 30 00 1 5827.398
2010 02 06 13 45 00 1 5827.397
2010 02 06 14 00 00 1 5827.395
2010 02 06 14 15 00 1 5827.399
2010 02 06 14 30 00 1 5827.401
2010 02 06 14 45 00 1 5827.402
2010 02 06 15 00 00 1 5827.405
2010 02 06 15 15 00 1 5827.410
2010 02 06 15 30 00 1 5827.415
2010 02 06 15 45 00 1 5827.423
2010 02 06 16 00 00 1 5827.433
2010 02 06 16 15 00 1 5827.437
2010 02 06 16 30 00 1 5827.445
2010 02 06 16 45 00 1 5827.454
2010 02 06 17 00 00 1 5827.464
2010 02 06 17 15 00 1 5827.475
2010 02 06 17 30 00 1 5827.490
2010 02 06 17 45 00 1 5827.509
2010 02 06 18 00 00 1 5827.525
2010 02 06 18 15 00 1 5827.541
2010 02 06 18 30 00 1 5827.559
2010 02 06 18 45 00 1 5827.578
2010 02 06 19 00 00 1 5827.596
2010 02 06 19 15 00 1 5827.609
2010 02 06 19 30 00 1 5827.626
2010 02 06 19 45 00 1 5827.643
2010 02 06 20 00 00 1 5827.660
2010 02 06 20 15 00 1 5827.677
2010 02 06 20 30 00 1 5827.694
2010 02 06 20 45 00 1 5827.707
2010 02 06 21 00 00 1 5827.720
2010 02 06 21 15 00 1 5827.729
2010 02 06 21 30 00 1 5827.736
2010 02 06 21 45 00 1 5827.741
2010 02 06 22 00 00 1 5827.743
2010 02 06 22 15 00 1 5827.744
2010 02 06 22 30 00 1 5827.742
2010 02 06 22 45 00 1 5827.738
2010 02 06 23 00 00 1 5827.735
2010 02 06 23 15 00 1 5827.724
2010 02 06 23 30 00 1 5827.711
2010 02 06 23 45 00 1 5827.699
2010 02 07 00 00 00 1 5827.682
2010 02 07 00 15 00 1 5827.667
2010 02 07 00 30 00 1 5827.649
2010 02 07 00 45 00 1 5827.631
2010 02 07 01 00 00 1 5827.606
2010 02 07 01 15 00 1 5827.584
2010 02 07 01 30 00 1 5827.557
2010 02 07 01 45 00 1 5827.532
2010 02 07 02 00 00 1 5827.510
2010 02 07 02 15 00 1 5827.484
2010 02 07 02 30 00 1 5827.455
2010 02 07 02 45 00 1 5827.430
2010 02 07 03 00 00 1 5827.409
2010 02 07 03 15 00 1 5827.388
2010 02 07 03 30 00 1 5827.367
2010 02 07 03 45 00 1 5827.346
2010 02 07 04 00 00 1 5827.329
2010 02 07 04 15 00 1 5827.314
2010 02 07 04 30 00 1 5827.301
2010 02 07 04 45 00 1 5827.288
2010 02 07 05 00 00 1 5827.279
2010 02 07 05 15 00 1 5827.269
2010 02 07 05 30 00 1 5827.263
2010 02 07 05 45 00 1 5827.259
2010 02 07 06 00 00 1 5827.251
2010 02 07 06 15 00 1 5827.249
2010 02 07 06 30 00 1 5827.249
2010 02 07 06 45 00 1 5827.250
2010 02 07 07 00 00 1 5827.251
2010 02 07 07 15 00 1 5827.254
2010 02 07 07 30 00 1 5827.254
2010 02 07 07 45 00 1 5827.256
2010 02 07 08 00 00 1 5827.261
2010 02 07 08 15 00 1 5827.262
2010 02 07 08 30 00 1 5827.267
2010 02 07 08 45 00 1 5827.270
2010 02 07 09 00 00 1 5827.274
2010 02 07 09 15 00 1 5827.280
2010 02 07 09 30 00 1 5827.281
2010 02 07 09 45 00 1 5827.286
2010 02 07 10 00 00 1 5827.292
2010 02 07 10 15 00 1 5827.294
2010 02 07 10 30 00 1 5827.298
2010 02 07 10 45 00 1 5827.301
2010 02 07 11 00 00 1 5827.306
2010 02 07 11 15 00 1 5827.307
2010 02 07 11 30 00 1 5827.312
2010 02 07 11 45 00 1 5827.318
2010 02 07 12 00 00 1 5827.323
2010 02 07 12 15 00 1 5827.326
2010 02 07 12 30 00 1 5827.332
2010 02 07 12 45 00 1 5827.338
2010 02 07 13 00 00 1 5827.345
2010 02 07 13 15 00 1 5827.354
2010 02 07 13 30 00 1 5827.359
2010 02 07 13 45 00 1 5827.364
2010 02 07 14 00 00 1 5827.371
2010 02 07 14 15 00 1 5827.375
2010 02 07 14 30 00 1 5827.382
2010 02 07 14 45 00 1 5827.391
2010 02 07 15 00 00 1 5827.401
2010 02 07 15 15 00 1 5827.409
2010 02 07 15 30 00 1 5827.419
2010 02 07 15 45 00 1 5827.428
2010 02 07 16 00 00 1 5827.434
2010 02 07 16 15 00 1 5827.443
2010 02 07 16 30 00 1 5827.453
2010 02 07 16 45 00 1 5827.462
2010 02 07 17 00 00 1 5827.470
2010 02 07 17 15 00 1 5827.482
2010 02 07 17 30 00 1 5827.494
2010 02 07 17 45 00 1 5827.509
2010 02 07 18 00 00 1 5827.521
2010 02 07 18 15 00 1 5827.533
2010 02 07 18 30 00 1 5827.545
2010 02 07 18 45 00 1 5827.557
2010 02 07 19 00 00 1 5827.569
2010 02 07 19 15 00 1 5827.582
2010 02 07 19 30 00 1 5827.598
2010 02 07 19 45 00 1 5827.612
2010 02 07 20 00 00 1 5827.627
2010 02 07 20 15 00 1 5827.641
2010 02 07 20 30 00 1 5827.653
2010 02 07 20 45 00 1 5827.664
2010 02 07 21 00 00 1 5827.675
2010 02 07 21 15 00 1 5827.685
2010 02 07 21 30 00 1 5827.692
2010 02 07 21 45 00 1 5827.697
2010 02 07 22 00 00 1 5827.705
2010 02 07 22 15 00 1 5827.711
2010 02 07 22 30 00 1 5827.716
2010 02 07 22 45 00 1 5827.714
2010 02 07 23 00 00 1 5827.712
2010 02 07 23 15 00 1 5827.711
2010 02 07 23 30 00 1 5827.705
2010 02 07 23 45 00 1 5827.699
2010 02 08 00 00 00 1 5827.688
2010 02 08 00 15 00 1 5827.678
2010 02 08 00 30 00 1 5827.664
2010 02 08 00 45 00 1 5827.652
2010 02 08 01 00 00 1 5827.636
2010 02 08 01 15 00 1 5827.617
2010 02 08 01 30 00 1 5827.598
2010 02 08 01 45 00 1 5827.576
2010 02 08 02 00 00 1 5827.559
2010 02 08 02 15 00 1 5827.536
2010 02 08 02 30 00 1 5827.517
2010 02 08 02 45 00 1 5827.496
2010 02 08 03 00 00 1 5827.477
2010 02 08 03 15 00 1 5827.453
2010 02 08 03 30 00 1 5827.435
2010 02 08 03 45 00 1 5827.412
2010 02 08 04 00 00 1 5827.394
2010 02 08 04 15 00 1 5827.376
2010 02 08 04 30 00 1 5827.358
2010 02 08 04 45 00 1 5827.341
2010 02 08 05 00 00 1 5827.325
2010 02 08 05 15 00 1 5827.311
2010 02 08 05 30 00 1 5827.296
2010 02 08 05 45 00 1 5827.282
2010 02 08 06 00 00 1 5827.273
2010 02 08 06 15 00 1 5827.263
2010 02 08 06 30 00 1 5827.255
2010 02 08 06 45 00 1 5827.248
2010 02 08 07 00 00 1 5827.243
2010 02 08 07 15 00 1 5827.235
2010 02 08 07 30 00 1 5827.229
2010 02 08 07 45 00 1 5827.225
2010 02 08 08 00 00 1 5827.219
2010 02 08 08 15 00 1 5827.216
2010 02 08 08 30 00 1 5827.214
2010 02 08 08 45 00 1 5827.213
2010 02 08 09 00 00 1 5827.211
2010 02 08 09 15 00 1 5827.211
2010 02 08 09 30 00 1 5827.210
2010 02 08 09 45 00 1 5827.212
2010 02 08 10 00 00 1 5827.214
2010 02 08 10 15 00 1 5827.215
2010 02 08 10 30 00 1 5827.220
2010 02 08 10 45 00 1 5827.223
2010 02 08 11 00 00 1 5827.225
2010 02 08 11 15 00 1 5827.233
2010 02 08 11 30 00 1 5827.237
2010 02 08 11 45 00 1 5827.241
2010 02 08 12 00 00 1 5827.247
2010 02 08 12 15 00 1 5827.254
2010 02 08 12 30 00 1 5827.263
2010 02 08 12 45 00 1 5827.273
2010 02 08 13 00 00 1 5827.283
2010 02 08 13 15 00 1 5827.292
2010 02 08 13 30 00 1 5827.305
2010 02 08 13 45 00 1 5827.314
2010 02 08 14 00 00 1 5827.326
2010 02 08 14 15 00 1 5827.337
2010 02 08 14 30 00 1 5827.352
2010 02 08 14 45 00 1 5827.366
2010 02 08 15 00 00 1 5827.379
2010 02 08 15 15 00 1 5827.393
2010 02 08 15 30 00 1 5827.403
2010 02 08 15 45 00 1 5827.414
2010 02 08 16 00 00 1 5827.424
2010 02 08 16 15 00 1 5827.436
2010 02 08 16 30 00 1 5827.450
2010 02 08 16 45 00 1 5827.460
2010 02 08 17 00 00 1 5827.471
2010 02 08 17 15 00 1 5827.481
2010 02 08 17 30 00 1 5827.493
2010 02 08 17 45 00 1 5827.505
2010 02 08 18 00 00 1 5827.515
2010 02 08 18 15 00 1 5827.530
2010 02 08 18 30 00 1 5827.537
2010 02 08 18 45 00 1 5827.545
2010 02 08 19 00 00 1 5827.556
2010 02 08 19 15 00 1 5827.567
2010 02 08 19 30 00 1 5827.576
2010 02 08 19 45 00 1 5827.588
2010 02 08 20 00 00 1 5827.600
2010 02 08 20 15 00 1 5827.608
2010 02 08 20 30 00 1 5827.619
2010 02 08 20 45 00 1 5827.626
2010 02 08 21 00 00 1 5827.634
2010 02 08 21 15 00 1 5827.643
2010 02 08 21 30 00 1 5827.648
2010 02 08 21 45 00 1 5827.655
2010 02 08 22 00 00 1 5827.662
2010 02 08 22 15 00 1 5827.668
2010 02 08 22 30 00 1 5827.674
2010 02 08 22 45 00 1 5827.679
2010 02 08 23 00 00 1 5827.679
2010 02 08 23 15 00 1 5827.681
2010 02 08 23 30 00 1 5827.683
2010 02 08 23 45 00 1 5827.681
2010 02 09 00 00 00 1 5827.682
2010 02 09 00 15 00 1 5827.678
2010 02 09 00 30 00 1 5827.671
2010 02 09 00 45 00 1 5827.664
2010 02 09 01 00 00 1 5827.654
2010 02 09 01 15 00 1 5827.644
2010 02 09 01 30 00 1 5827.635
2010 02 09 01 45 00 1 5827.623
2010 02 09 02 00 00 1 5827.609
2010 02 09 02 15 00 1 5827.596
2010 02 09 02 30 00 1 5827.583
2010 02 09 02 45 00 1 5827.569
2010 02 09 03 00 00 1 5827.551
2010 02 09 03 15 00 1 5827.535
2010 02 09 03 30 00 1 5827.520
2010 02 09 03 45 00 1 5827.502
2010 02 09 04 00 00 1 5827.485
2010 02 09 04 15 00 1 5827.469
2010 02 09 04 30 00 1 5827.453
2010 02 09 04 45 00 1 5827.439
2010 02 09 05 00 00 1 5827.419
2010 02 09 05 15 00 1 5827.404
2010 02 09 05 30 00 1 5827.387
2010 02 09 05 45 00 1 5827.369
2010 02 09 06 00 00 1 5827.354
2010 02 09 06 15 00 1 5827.337
2010 02 09 06 30 00 1 5827.322
2010 02 09 06 45 00 1 5827.308
2010 02 09 07 00 00 1 5827.292
2010 02 09 07 15 00 1 5827.278
2010 02 09 07 30 00 1 5827.264
2010 02 09 07 45 00 1 5827.249
2010 02 09 08 00 00 1 5827.238
2010 02 09 08 15 00 1 5827.229
2010 02 09 08 30 00 1 5827.216
2010 02 09 08 45 00 1 5827.205
2010 02 09 09 00 00 1 5827.197
2010 02 09 09 15 00 1 5827.189
2010 02 09 09 30 00 1 5827.184
2010 02 09 09 45 00 1 5827.180
2010 02 09 10 00 00 1 5827.178
2010 02 09 10 15 00 1 5827.176
2010 02 09 10 30 00 1 5827.173
2010 02 09 10 45 00 1 5827.171
2010 02 09 11 00 00 1 5827.173
2010 02 09 11 15 00 1 5827.175
2010 02 09 11 30 00 1 5827.178
2010 02 09 11 45 00 1 5827.185
2010 02 09 12 00 00 1 5827.189
2010 02 09 12 15 00 1 5827.198
2010 02 09 12 30 00 1 5827.208
2010 02 09 12 45 00 1 5827.220
2010 02 09 13 00 00 1 5827.233
2010 02 09 13 15 00 1 5827.247
2010 02 09 13 30 00 1 5827.261
2010 02 09 13 45 00 1 5827.273
2010 02 09 14 00 00 1 5827.290
2010 02 09 14 15 00 1 5827.304
2010 02 09 14 30 00 1 5827.323
2010 02 09 14 45 00 1 5827.342
2010 02 09 15 00 00 1 5827.359
2010 02 09 15 15 00 1 5827.379
2010 02 09 15 30 00 1 5827.398
2010 02 09 15 45 00 1 5827.415
2010 02 09 16 00 00 1 5827.430
2010 02 09 16 15 00 1 5827.446
2010 02 09 16 30 00 1 5827.461
2010 02 09 16 45 00 1 5827.477
2010 02 09 17 00 00 1 5827.490
2010 02 09 17 15 00 1 5827.503
2010 02 09 17 30 00 1 5827.517
2010 02 09 17 45 00 1 5827.531
2010 02 09 18 00 00 1 5827.542
2010 02 09 18 15 00 1 5827.551
2010 02 09 18 30 00 1 5827.558
2010 02 09 18 45 00 1 5827.564
2010 02 09 19 00 00 1 5827.574
2010 02 09 19 15 00 1 5827.582
2010 02 09 19 30 00 1 5827.590
2010 02 09 19 45 00 1 5827.595
2010 02 09 20 00 00 1 5827.602
2010 02 09 20 15 00 1 5827.606
2010 02 09 20 30 00 1 5827.612
2010 02 09 20 45 00 1 5827.615
2010 02 09 21 00 00 1 5827.618
2010 02 09 21 15 00 1 5827.623
2010 02 09 21 30 00 1 5827.628
2010 02 09 21 45 00 1 5827.632
2010 02 09 22 00 00 1 5827.639
2010 02 09 22 15 00 1 5827.645
2010 02 09 22 30 00 1 5827.649
2010 02 09 22 45 00 1 5827.653
2010 02 09 23 00 00 1 5827.655
2010 02 09 23 15 00 1 5827.660
2010 02 09 23 30 00 1 5827.665
2010 02 09 23 45 00 1 5827.666
2010 02 10 00 00 00 1 5827.670
2010 02 10 00 15 00 1 5827.671
2010 02 10 00 30 00 1 5827.672
2010 02 10 00 45 00 1 5827.671
2010 02 10 01 00 00 1 5827.668
2010 02 10 01 15 00 1 5827.666
2010 02 10 01 30 00 1 5827.664
2010 02 10 01 45 00 1 5827.661
2010 02 10 02 00 00 1 5827.657
2010 02 10 02 15 00 1 5827.653
2010 02 10 02 30 00 1 5827.648
2010 02 10 02 45 00 1 5827.639
2010 02 10 03 00 00 1 5827.632
2010 02 10 03 15 00 1 5827.627
2010 02 10 03 30 00 1 5827.621
2010 02 10 03 45 00 1 5827.611
2010 02 10 04 00 00 1 5827.597
2010 02 10 04 15 00 1 5827.589
2010 02 10 04 30 00 1 5827.578
2010 02 10 04 45 00 1 5827.563
2010 02 10 05 00 00 1 5827.547
2010 02 10 05 15 00 1 5827.533
2010 02 10 05 30 00 1 5827.517
2010 02 10 05 45 00 1 5827.502
2010 02 10 06 00 00 1 5827.481
2010 02 10 06 15 00 1 5827.463
2010 02 10 06 30 00 1 5827.444
2010 02 10 06 45 00 1 5827.426
2010 02 10 07 00 00 1 5827.406
2010 02 10 07 15 00 1 5827.386
2010 02 10 07 30 00 1 5827.366
2010 02 10 07 45 00 1 5827.346
2010 02 10 08 00 00 1 5827.326
2010 02 10 08 15 00 1 5827.305
2010 02 10 08 30 00 1 5827.287
2010 02 10 08 45 00 1 5827.268
2010 02 10 09 00 00 1 5827.253
2010 02 10 09 15 00 1 5827.235
2010 02 10 09 30 00 1 5827.218
2010 02 10 09 45 00 1 5827.206
2010 02 10 10 00 00 1 5827.193
2010 02 10 10 15 00 1 5827.187
2010 02 10 10 30 00 1 5827.178
2010 02 10 10 45 00 1 5827.171
2010 02 10 11 00 00 1 5827.171
2010 02 10 11 15 00 1 5827.166
2010 02 10 11 30 00 1 5827.167
2010 02 10 11 45 00 1 5827.170
2010 02 10 12 00 00 1 5827.177
2010 02 10 12 15 00 1 5827.180
2010 02 10 12 30 00 1 5827.191
2010 02 10 12 45 00 1 5827.204
2010 02 10 13 00 00 1 5827.217
2010 02 10 13 15 00 1 5827.229
2010 02 10 13 30 00 1 5827.243
2010 02 10 13 45 00 1 5827.264
2010 02 10 14 00 00 1 5827.279
2010 02 10 14 15 00 1 5827.298
2010 02 10 14 30 00 1 5827.319
2010 02 10 14 45 00 1 5827.340
2010 02 10 15 00 00 1 5827.360
2010 02 10 15 15 00 1 5827.383
2010 02 10 15 30 00 1 5827.402
2010 02 10 15 45 00 1 5827.423
2010 02 10 16 00 00 1 5827.447
2010 02 10 16 15 00 1 5827.462
2010 02 10 16 30 00 1 5827.482
2010 02 10 16 45 00 1 5827.501
2010 02 10 17 00 00 1 5827.520
2010 02 10 17 15 00 1 5827.535
2010 02 10 17 30 00 1 5827.548
2010 02 10 17 45 00 1 5827.561
2010 02 10 18 00 00 1 5827.572
2010 02 10 18 15 00 1 5827.581
2010 02 10 18 30 00 1 5827.592
2010 02 10 18 45 00 1 5827.600
2010 02 10 19 00 00 1 5827.606
2010 02 10 19 15 00 1 5827.613
2010 02 10 19 30 00 1 5827.616
2010 02 10 19 45 00 1 5827.618
2010 02 10 20 00 00 1 5827.621
2010 02 10 20 15 00 1 5827.626
2010 02 10 20 30 00 1 5827.626
2010 02 10 20 45 00 1 5827.627
2010 02 10 21 00 00 1 5827.627
2010 02 10 21 15 00 1 5827.629
2010 02 10 21 30 00 1 5827.628
2010 02 10 21 45 00 1 5827.627
2010 02 10 22 00 00 1 5827.626
2010 02 10 22 15 00 1 5827.623
2010 02 10 22 30 00 1 5827.626
2010 02 10 22 45 00 1 5827.626
2010 02 10 23 00 00 1 5827.628
2010 02 10 23 15 00 1 5827.631
2010 02 10 23 30 00 1 5827.633
2010 02 10 23 45 00 1 5827.637
2010 02 11 00 00 00 1 5827.641
2010 02 11 00 15 00 1 5827.643
2010 02 11 00 30 00 1 5827.646
2010 02 11 00 45 00 1 5827.648
2010 02 11 01 00 00 1 5827.651
2010 02 11 01 15 00 1 5827.652
2010 02 11 01 30 00 1 5827.656
2010 02 11 01 45 00 1 5827.661
2010 02 11 02 00 00 1 5827.666
2010 02 11 02 15 00 1 5827.668
2010 02 11 02 30 00 1 5827.672
2010 02 11 02 45 00 1 5827.671
2010 02 11 03 00 00 1 5827.674
2010 02 11 03 15 00 1 5827.676
2010 02 11 03 30 00 1 5827.675
2010 02 11 03 45 00 1 5827.673
2010 02 11 04 00 00 1 5827.671
2010 02 11 04 15 00 1 5827.663
2010 02 11 04 30 00 1 5827.656
2010 02 11 04 45 00 1 5827.648
2010 02 11 05 00 00 1 5827.642
2010 02 11 05 15 00 1 5827.632
2010 02 11 05 30 00 1 5827.617
2010 02 11 05 45 00 1 5827.603
2010 02 11 06 00 00 1 5827.586
2010 02 11 06 15 00 1 5827.567
2010 02 11 06 30 00 1 5827.549
2010 02 11 06 45 00 1 5827.525
2010 02 11 07 00 00 1 5827.505
2010 02 11 07 15 00 1 5827.480
2010 02 11 07 30 00 1 5827.457
2010 02 11 07 45 00 1 5827.432
2010 02 11 08 00 00 1 5827.403
2010 02 11 08 15 00 1 5827.382
2010 02 11 08 30 00 1 5827.356
2010 02 11 08 45 00 1 5827.332
2010 02 11 09 00 00 1 5827.309
2010 02 11 09 15 00 1 5827.288
2010 02 11 09 30 00 1 5827.267
2010 02 11 09 45 00 1 5827.248
2010 02 11 10 00 00 1 5827.231
2010 02 11 10 15 00 1 5827.211
2010 02 11 10 30 00 1 5827.194
2010 02 11 10 45 00 1 5827.180
2010 02 11 11 00 00 1 5827.173
2010 02 11 11 15 00 1 5827.161
2010 02 11 11 30 00 1 5827.154
2010 02 11 11 45 00 1 5827.148
2010 02 11 12 00 00 1 5827.148
2010 02 11 12 15 00 1 5827.152
2010 02 11 12 30 00 1 5827.154
2010 02 11 12 45 00 1 5827.161
2010 02 11 13 00 00 1 5827.169
2010 02 11 13 15 00 1 5827.180
2010 02 11 13 30 00 1 5827.194
2010 02 11 13 45 00 1 5827.211
2010 02 11 14 00 00 1 5827.228
2010 02 11 14 15 00 1 5827.246
2010 02 11 14 30 00 1 5827.266
2010 02 11 14 45 00 1 5827.288
2010 02 11 15 00 00 1 5827.313
2010 02 11 15 15 00 1 5827.336
2010 02 11 15 30 00 1 5827.361
2010 02 11 15 45 00 1 5827.386
2010 02 11 16 00 00 1 5827.410
2010 02 11 16 15 00 1 5827.433
2010 02 11 16 30 00 1 5827.455
2010 02 11 16 45 00 1 5827.475
2010 02 11 17 00 00 1 5827.497
2010 02 11 17 15 00 1 5827.514
2010 02 11 17 30 00 1 5827.528
2010 02 11 17 45 00 1 5827.545
2010 02 11 18 00 00 1 5827.560
2010 02 11 18 15 00 1 5827.572
2010 02 11 18 30 00 1 5827.583
2010 02 11 18 45 00 1 5827.591
2010 02 11 19 00 00 1 5827.596
2010 02 11 19 15 00 1 5827.601
2010 02 11 19 30 00 1 5827.605
2010 02 11 19 45 00 1 5827.606
2010 02 11 20 00 00 1 5827.607
2010 02 11 20 15 00 1 5827.610
2010 02 11 20 30 00 1 5827.609
2010 02 11 20 45 00 1 5827.607
2010 02 11 21 00 00 1 5827.603
2010 02 11 21 15 00 1 5827.600
2010 02 11 21 30 00 1 5827.596
2010 02 11 21 45 00 1 5827.593
2010 02 11 22 00 00 1 5827.589
2010 02 11 22 15 00 1 5827.582
2010 02 11 22 30 00 1 5827.580
2010 02 11 22 45 00 1 5827.579
2010 02 11 23 00 00 1 5827.579
2010 02 11 23 15 00 1 5827.576
2010 02 11 23 30 00 1 5827.580
2010 02 11 23 45 00 1 5827.581
2010 02 12 00 00 00 1 5827.585
2010 02 12 00 15 00 1 5827.584
2010 02 12 00 30 00 1 5827.586
2010 02 12 00 45 00 1 5827.591
2010 02 12 01 00 00 1 5827.593
2010 02 12 01 15 00 1 5827.600
2010 02 12 01 30 00 1 5827.605
2010 02 12 01 45 00 1 5827.612
2010 02 12 02 00 00 1 5827.620
2010 02 12 02 15 00 1 5827.628
2010 02 12 02 30 00 1 5827.635
2010 02 12 02 45 00 1 5827.642
2010 02 12 03 00 00 1 5827.649
2010 02 12 03 15 00 1 5827.656
2010 02 12 03 30 00 1 5827.664
2010 02 12 03 45 00 1 5827.672
2010 02 12 04 00 00 1 5827.672
2010 02 12 04 15 00 1 5827.675
2010 02 12 04 30 00 1 5827.675
2010 02 12 04 45 00 1 5827.675
2010 02 12 05 00 00 1 5827.669
2010 02 12 05 15 00 1 5827.667
2010 02 12 05 30 00 1 5827.664
2010 02 12 05 45 00 1 5827.656
2010 02 12 06 00 00 1 5827.645
2010 02 12 06 15 00 1 5827.632
2010 02 12 06 30 00 1 5827.617
2010 02 12 06 45 00 1 5827.599
2010 02 12 07 00 00 1 5827.580
2010 02 12 07 15 00 1 5827.560
2010 02 12 07 30 00 1 5827.538
2010 02 12 07 45 00 1 5827.516
2010 02 12 08 00 00 1 5827.490
2010 02 12 08 15 00 1 5827.462
2010 02 12 08 30 00 1 5827.432
2010 02 12 08 45 00 1 5827.403
2010 02 12 09 00 00 1 5827.378
2010 02 12 09 15 00 1 5827.349
2010 02 12 09 30 00 1 5827.321
2010 02 12 09 45 00 1 5827.295
2010 02 12 10 00 00 1 5827.269
2010 02 12 10 15 00 1 5827.246
2010 02 12 10 30 00 1 5827.224
2010 02 12 10 45 00 1 5827.202
2010 02 12 11 00 00 1 5827.185
2010 02 12 11 15 00 1 5827.169
2010 02 12 11 30 00 1 5827.157
2010 02 12 11 45 00 1 5827.149
2010 02 12 12 00 00 1 5827.140
2010 02 12 12 15 00 1 9999.000
2010 02 12 12 30 00 1 9999.000
2010 02 12 12 45 00 1 9999.000
2010 02 12 13 00 00 1 9999.000
2010 02 12 13 15 00 1 9999.000
2010 02 12 13 30 00 1 9999.000
2010 02 12 13 45 00 1 9999.000
2010 02 12 14 00 00 1 9999.000
2010 02 12 14 15 00 1 9999.000
2010 02 12 14 30 00 1 9999.000
2010 02 12 14 45 00 1 9999.000
2010 02 12 15 00 00 1 9999.000
2010 02 12 15 15 00 1 9999.000
2010 02 12 15 30 00 1 9999.000
2010 02 12 15 45 00 1 9999.000
2010 02 12 16 00 00 1 9999.000
2010 02 12 16 15 00 1 9999.000
2010 02 12 16 30 00 1 9999.000
2010 02 12 16 45 00 1 9999.000
2010 02 12 17 00 00 1 9999.000
2010 02 12 17 15 00 1 9999.000
2010 02 12 17 30 00 1 9999.000
2010 02 12 17 45 00 1 9999.000
2010 02 12 18 00 00 1 9999.000
2010 02 12 18 15 00 1 5827.577
2010 02 12 18 30 00 1 5827.589
2010 02 12 18 45 00 1 5827.598
2010 02 12 19 00 00 1 5827.606
2010 02 12 19 15 00 1 5827.611
2010 02 12 19 30 00 1 5827.617
2010 02 12 19 45 00 1 5827.618
2010 02 12 20 00 00 1 5827.616
2010 02 12 20 15 00 1 5827.615
2010 02 12 20 30 00 1 5827.611
2010 02 12 20 45 00 1 5827.609
2010 02 12 21 00 00 1 5827.603
2010 02 12 21 15 00 1 5827.595
2010 02 12 21 30 00 1 5827.590
2010 02 12 21 45 00 1 5827.583
2010 02 12 22 00 00 1 5827.577
2010 02 12 22 15 00 1 5827.569
2010 02 12 22 30 00 1 5827.562
2010 02 12 22 45 00 1 5827.556
2010 02 12 23 00 00 1 5827.548
2010 02 12 23 15 00 1 5827.541
2010 02 12 23 30 00 1 5827.538
2010 02 12 23 45 00 1 5827.534
2010 02 13 00 00 00 1 5827.532
2010 02 13 00 15 00 1 5827.529
2010 02 13 00 30 00 1 5827.527
2010 02 13 00 45 00 1 5827.526
2010 02 13 01 00 00 1 5827.530
2010 02 13 01 15 00 1 5827.535
2010 02 13 01 30 00 1 5827.541
2010 02 13 01 45 00 1 5827.547
2010 02 13 02 00 00 1 5827.555
2010 02 13 02 15 00 1 5827.565
2010 02 13 02 30 00 1 5827.575
2010 02 13 02 45 00 1 5827.587
2010 02 13 03 00 00 1 5827.598
2010 02 13 03 15 00 1 5827.610
2010 02 13 03 30 00 1 5827.625
2010 02 13 03 45 00 1 5827.637
2010 02 13 04 00 00 1 5827.648
2010 02 13 04 15 00 1 5827.660
2010 02 13 04 30 00 1 5827.669
2010 02 13 04 45 00 1 5827.678
2010 02 13 05 00 00 1 5827.682
2010 02 13 05 15 00 1 5827.684
2010 02 13 05 30 00 1 5827.687
2010 02 13 05 45 00 1 5827.686
2010 02 13 06 00 00 1 5827.682
2010 02 13 06 15 00 1 5827.673
2010 02 13 06 30 00 1 5827.664
2010 02 13 06 45 00 1 5827.652
2010 02 13 07 00 00 1 5827.636
2010 02 13 07 15 00 1 5827.618
2010 02 13 07 30 00 1 5827.597
2010 02 13 07 45 00 1 5827.573
2010 02 13 08 00 00 1 5827.548
2010 02 13 08 15 00 1 5827.521
2010 02 13 08 30 00 1 5827.492
2010 02 13 08 45 00 1 5827.463
2010 02 13 09 00 00 1 5827.434
2010 02 13 09 15 00 1 5827.404
2010 02 13 09 30 00 1 5827.375
2010 02 13 09 45 00 1 5827.346
2010 02 13 10 00 00 1 5827.315
2010 02 13 10 15 00 1 5827.289
2010 02 13 10 30 00 1 5827.262
2010 02 13 10 45 00 1 5827.236
2010 02 13 11 00 00 1 5827.213
2010 02 13 11 15 00 1 5827.191
2010 02 13 11 30 00 1 5827.172
2010 02 13 11 45 00 1 5827.155
2010 02 13 12 00 00 1 5827.143
2010 02 13 12 15 00 1 5827.133
2010 02 13 12 30 00 1 5827.125
2010 02 13 12 45 00 1 5827.121
2010 02 13 13 00 00 1 5827.122
2010 02 13 13 15 00 1 5827.127
2010 02 13 13 30 00 1 5827.135
2010 02 13 13 45 00 1 5827.142
2010 02 13 14 00 00 1 5827.155
2010 02 13 14 15 00 1 5827.170
2010 02 13 14 30 00 1 5827.190
2010 02 13 14 45 00 1 5827.213
2010 02 13 15 00 00 1 5827.238
2010 02 13 15 15 00 1 5827.261
2010 02 13 15 30 00 1 5827.287
2010 02 13 15 45 00 1 5827.311
2010 02 13 16 00 00 1 5827.335
2010 02 13 16 15 00 1 5827.360
2010 02 13 16 30 00 1 5827.386
2010 02 13 16 45 00 1 5827.414
2010 02 13 17 00 00 1 5827.441
2010 02 13 17 15 00 1 5827.468
2010 02 13 17 30 00 1 5827.492
2010 02 13 17 45 00 1 5827.514
2010 02 13 18 00 00 1 5827.533
2010 02 13 18 15 00 1 5827.554
2010 02 13 18 30 00 1 5827.571
2010 02 13 18 45 00 1 5827.579
2010 02 13 19 00 00 1 5827.590
2010 02 13 19 15 00 1 5827.595
2010 02 13 19 30 00 1 5827.602
2010 02 13 19 45 00 1 5827.606
2010 02 13 20 00 00 1 5827.608
2010 02 13 20 15 00 1 5827.607
2010 02 13 20 30 00 1 5827.605
2010 02 13 20 45 00 1 5827.599
2010 02 13 21 00 00 1 5827.589
2010 02 13 21 15 00 1 5827.580
2010 02 13 21 30 00 1 5827.572
2010 02 13 21 45 00 1 5827.560
2010 02 13 22 00 00 1 5827.551
2010 02 13 22 15 00 1 5827.541
2010 02 13 22 30 00 1 5827.529
2010 02 13 22 45 00 1 5827.518
2010 02 13 23 00 00 1 5827.505
2010 02 13 23 15 00 1 5827.494
2010 02 13 23 30 00 1 5827.483
2010 02 13 23 45 00 1 5827.478
2010 02 14 00 00 00 1 5827.473
2010 02 14 00 15 00 1 5827.470
2010 02 14 00 30 00 1 5827.465
2010 02 14 00 45 00 1 5827.463
2010 02 14 01 00 00 1 5827.463
2010 02 14 01 15 00 1 5827.464
2010 02 14 01 30 00 1 5827.467
2010 02 14 01 45 00 1 5827.472
2010 02 14 02 00 00 1 5827.482
2010 02 14 02 15 00 1 5827.493
2010 02 14 02 30 00 1 5827.504
2010 02 14 02 45 00 1 5827.518
2010 02 14 03 00 00 1 5827.532
2010 02 14 03 15 00 1 5827.549
2010 02 14 03 30 00 1 5827.567
2010 02 14 03 45 00 1 5827.585
2010 02 14 04 00 00 1 5827.601
2010 02 14 04 15 00 1 5827.616
2010 02 14 04 30 00 1 5827.634
2010 02 14 04 45 00 1 5827.647
2010 02 14 05 00 00 1 5827.657
2010 02 14 05 15 00 1 5827.670
2010 02 14 05 30 00 1 5827.683
2010 02 14 05 45 00 1 5827.688
2010 02 14 06 00 00 1 5827.691
2010 02 14 06 15 00 1 5827.694
2010 02 14 06 30 00 1 5827.689
2010 02 14 06 45 00 1 5827.683
2010 02 14 07 00 00 1 5827.676
2010 02 14 07 15 00 1 5827.665
2010 02 14 07 30 00 1 5827.647
2010 02 14 07 45 00 1 5827.629
2010 02 14 08 00 00 1 5827.612
2010 02 14 08 15 00 1 5827.590
2010 02 14 08 30 00 1 5827.569
2010 02 14 08 45 00 1 5827.539
2010 02 14 09 00 00 1 5827.510
2010 02 14 09 15 00 1 5827.479
2010 02 14 09 30 00 1 5827.452
2010 02 14 09 45 00 1 5827.421
2010 02 14 10 00 00 1 5827.388
2010 02 14 10 15 00 1 5827.355
2010 02 14 10 30 00 1 5827.327
2010 02 14 10 45 00 1 5827.296
2010 02 14 11 00 00 1 5827.270
2010 02 14 11 15 00 1 5827.243
2010 02 14 11 30 00 1 5827.222
2010 02 14 11 45 00 1 5827.196
2010 02 14 12 00 00 1 5827.180
2010 02 14 12 15 00 1 5827.162
2010 02 14 12 30 00 1 5827.148
2010 02 14 12 45 00 1 5827.142
2010 02 14 13 00 00 1 5827.134
2010 02 14 13 15 00 1 5827.132
2010 02 14 13 30 00 1 5827.134
2010 02 14 13 45 00 1 5827.142
2010 02 14 14 00 00 1 5827.152
2010 02 14 14 15 00 1 5827.163
2010 02 14 14 30 00 1 5827.175
2010 02 14 14 45 00 1 5827.192
2010 02 14 15 00 00 1 5827.214
2010 02 14 15 15 00 1 5827.234
2010 02 14 15 30 00 1 5827.259
2010 02 14 15 45 00 1 5827.285
2010 02 14 16 00 00 1 5827.308
2010 02 14 16 15 00 1 5827.334
2010 02 14 16 30 00 1 5827.359
2010 02 14 16 45 00 1 5827.389
2010 02 14 17 00 00 1 5827.415
2010 02 14 17 15 00 1 5827.442
2010 02 14 17 30 00 1 5827.469
2010 02 14 17 45 00 1 5827.492
2010 02 14 18 00 00 1 5827.516
2010 02 14 18 15 00 1 5827.540
2010 02 14 18 30 00 1 5827.556
2010 02 14 18 45 00 1 5827.576
2010 02 14 19 00 00 1 5827.590
2010 02 14 19 15 00 1 5827.605
2010 02 14 19 30 00 1 5827.612
2010 02 14 19 45 00 1 5827.616
2010 02 14 20 00 00 1 5827.619
2010 02 14 20 15 00 1 5827.621
2010 02 14 20 30 00 1 5827.617
2010 02 14 20 45 00 1 5827.613
2010 02 14 21 00 00 1 5827.604
2010 02 14 21 15 00 1 5827.594
2010 02 14 21 30 00 1 5827.584
2010 02 14 21 45 00 1 5827.570
2010 02 14 22 00 00 1 5827.556
2010 02 14 22 15 00 1 5827.540
2010 02 14 22 30 00 1 5827.526
2010 02 14 22 45 00 1 5827.511
2010 02 14 23 00 00 1 5827.495
2010 02 14 23 15 00 1 5827.484
2010 02 14 23 30 00 1 5827.466
2010 02 14 23 45 00 1 5827.460
2010 02 15 00 00 00 1 5827.447
2010 02 15 00 15 00 1 5827.437
2010 02 15 00 30 00 1 5827.428
2010 02 15 00 45 00 1 5827.418
2010 02 15 01 00 00 1 5827.411
2010 02 15 01 15 00 1 5827.408
2010 02 15 01 30 00 1 5827.405
2010 02 15 01 45 00 1 5827.408
2010 02 15 02 00 00 1 5827.420
2010 02 15 02 15 00 1 5827.427
2010 02 15 02 30 00 1 5827.435
2010 02 15 02 45 00 1 5827.448
2010 02 15 03 00 00 1 5827.461
2010 02 15 03 15 00 1 5827.480
2010 02 15 03 30 00 1 5827.498
2010 02 15 03 45 00 1 5827.518
2010 02 15 04 00 00 1 5827.538
2010 02 15 04 15 00 1 5827.559
2010 02 15 04 30 00 1 5827.583
2010 02 15 04 45 00 1 5827.602
2010 02 15 05 00 00 1 5827.619
2010 02 15 05 15 00 1 5827.635
2010 02 15 05 30 00 1 5827.653
2010 02 15 05 45 00 1 5827.670
2010 02 15 06 00 00 1 5827.681
2010 02 15 06 15 00 1 5827.691
2010 02 15 06 30 00 1 5827.695
2010 02 15 06 45 00 1 5827.697
2010 02 15 07 00 00 1 5827.695
2010 02 15 07 15 00 1 5827.691
2010 02 15 07 30 00 1 5827.684
2010 02 15 07 45 00 1 5827.673
2010 02 15 08 00 00 1 5827.660
2010 02 15 08 15 00 1 5827.642
2010 02 15 08 30 00 1 5827.620
2010 02 15 08 45 00 1 5827.599
2010 02 15 09 00 00 1 5827.575
2010 02 15 09 15 00 1 5827.551
2010 02 15 09 30 00 1 5827.525
2010 02 15 09 45 00 1 5827.494
2010 02 15 10 00 00 1 5827.466
2010 02 15 10 15 00 1 5827.434
2010 02 15 10 30 00 1 5827.405
2010 02 15 10 45 00 1 5827.376
2010 02 15 11 00 00 1 5827.347
2010 02 15 11 15 00 1 5827.322
2010 02 15 11 30 00 1 5827.296
2010 02 15 11 45 00 1 5827.263
2010 02 15 12 00 00 1 5827.242
2010 02 15 12 15 00 1 5827.219
2010 02 15 12 30 00 1 5827.205
2010 02 15 12 45 00 1 5827.191
2010 02 15 13 00 00 1 5827.182
2010 02 15 13 15 00 1 5827.173
2010 02 15 13 30 00 1 5827.168
2010 02 15 13 45 00 1 5827.168
2010 02 15 14 00 00 1 5827.172
2010 02 15 14 15 00 1 5827.180
2010 02 15 14 30 00 1 5827.192
2010 02 15 14 45 00 1 5827.206
2010 02 15 15 00 00 1 5827.224
2010 02 15 15 15 00 1 5827.244
2010 02 15 15 30 00 1 5827.263
2010 02 15 15 45 00 1 5827.284
2010 02 15 16 00 00 1 5827.304
2010 02 15 16 15 00 1 5827.329
2010 02 15 16 30 00 1 5827.355
2010 02 15 16 45 00 1 5827.382
2010 02 15 17 00 00 1 5827.411
2010 02 15 17 15 00 1 5827.439
2010 02 15 17 30 00 1 5827.466
2010 02 15 17 45 00 1 5827.488
2010 02 15 18 00 00 1 5827.511
2010 02 15 18 15 00 1 5827.538
2010 02 15 18 30 00 1 5827.558
2010 02 15 18 45 00 1 5827.573
2010 02 15 19 00 00 1 5827.591
2010 02 15 19 15 00 1 5827.606
2010 02 15 19 30 00 1 5827.614
2010 02 15 19 45 00 1 5827.621
2010 02 15 20 00 00 1 5827.625
2010 02 15 20 15 00 1 5827.626
2010 02 15 20 30 00 1 5827.626
2010 02 15 20 45 00 1 5827.624
2010 02 15 21 00 00 1 5827.616
2010 02 15 21 15 00 1 5827.608
2010 02 15 21 30 00 1 5827.598
2010 02 15 21 45 00 1 5827.586
2010 02 15 22 00 00 1 5827.573
2010 02 15 22 15 00 1 5827.557
2010 02 15 22 30 00 1 5827.542
2010 02 15 22 45 00 1 5827.521
2010 02 15 23 00 00 1 5827.503
2010 02 15 23 15 00 1 5827.486
2010 02 15 23 30 00 1 5827.466
2010 02 15 23 45 00 1 5827.451
2010 02 16 00 00 00 1 5827.434
2010 02 16 00 15 00 1 5827.417
2010 02 16 00 30 00 1 5827.404
2010 02 16 00 45 00 1 5827.390
2010 02 16 01 00 00 1 5827.380
2010 02 16 01 15 00 1 5827.371
2010 02 16 01 30 00 1 5827.363
2010 02 16 01 45 00 1 5827.361
2010 02 16 02 00 00 1 5827.359
2010 02 16 02 15 00 1 5827.361
2010 02 16 02 30 00 1 5827.363
2010 02 16 02 45 00 1 5827.371
2010 02 16 03 00 00 1 5827.382
2010 02 16 03 15 00 1 5827.397
2010 02 16 03 30 00 1 5827.415
2010 02 16 03 45 00 1 5827.434
2010 02 16 04 00 00 1 5827.456
2010 02 16 04 15 00 1 5827.478
2010 02 16 04 30 00 1 5827.495
2010 02 16 04 45 00 1 5827.519
2010 02 16 05 00 00 1 5827.542
2010 02 16 05 15 00 1 5827.564
2010 02 16 05 30 00 1 5827.588
2010 02 16 05 45 00 1 5827.606
2010 02 16 06 00 00 1 5827.622
2010 02 16 06 15 00 1 5827.639
2010 02 16 06 30 00 1 5827.653
2010 02 16 06 45 00 1 5827.662
2010 02 16 07 00 00 1 5827.668
2010 02 16 07 15 00 1 5827.672
2010 02 16 07 30 00 1 5827.672
2010 02 16 07 45 00 1 5827.670
2010 02 16 08 00 00 1 5827.668
2010 02 16 08 15 00 1 5827.661
2010 02 16 08 30 00 1 5827.649
2010 02 16 08 45 00 1 5827.632
2010 02 16 09 00 00 1 5827.616
2010 02 16 09 15 00 1 5827.596
2010 02 16 09 30 00 1 5827.570
2010 02 16 09 45 00 1 5827.545
2010 02 16 10 00 00 1 5827.519
2010 02 16 10 15 00 1 5827.495
2010 02 16 10 30 00 1 5827.466
2010 02 16 10 45 00 1 5827.438
2010 02 16 11 00 00 1 5827.408
2010 02 16 11 15 00 1 5827.380
2010 02 16 11 30 00 1 5827.354
2010 02 16 11 45 00 1 5827.326
2010 02 16 12 00 00 1 5827.301
2010 02 16 12 15 00 1 5827.278
2010 02 16 12 30 00 1 5827.256
2010 02 16 12 45 00 1 5827.238
2010 02 16 13 00 00 1 5827.229
2010 02 16 13 15 00 1 5827.217
2010 02 16 13 30 00 1 5827.206
2010 02 16 13 45 00 1 5827.206
2010 02 16 14 00 00 1 5827.204
2010 02 16 14 15 00 1 5827.206
2010 02 16 14 30 00 1 5827.212
2010 02 16 14 45 00 1 5827.219
2010 02 16 15 00 00 1 5827.233
2010 02 16 15 15 00 1 5827.250
2010 02 16 15 30 00 1 5827.266
2010 02 16 15 45 00 1 5827.285
2010 02 16 16 00 00 1 5827.304
2010 02 16 16 15 00 1 5827.327
2010 02 16 16 30 00 1 5827.351
2010 02 16 16 45 00 1 5827.375
2010 02 16 17 00 00 1 5827.401
2010 02 16 17 15 00 1 5827.426
2010 02 16 17 30 00 1 5827.452
2010 02 16 17 45 00 1 5827.475
2010 02 16 18 00 00 1 5827.499
2010 02 16 18 15 00 1 5827.522
2010 02 16 18 30 00 1 5827.546
2010 02 16 18 45 00 1 5827.565
2010 02 16 19 00 00 1 5827.583
2010 02 16 19 15 00 1 5827.601
2010 02 16 19 30 00 1 5827.614
2010 02 16 19 45 00 1 5827.623
2010 02 16 20 00 00 1 5827.631
2010 02 16 20 15 00 1 5827.639
2010 02 16 20 30 00 1 5827.643
2010 02 16 20 45 00 1 5827.641
2010 02 16 21 00 00 1 5827.637
2010 02 16 21 15 00 1 5827.629
2010 02 16 21 30 00 1 5827.619
2010 02 16 21 45 00 1 5827.606
2010 02 16 22 00 00 1 5827.593
2010 02 16 22 15 00 1 5827.577
2010 02 16 22 30 00 1 5827.556
2010 02 16 22 45 00 1 5827.538
2010 02 16 23 00 00 1 5827.515
2010 02 16 23 15 00 1 5827.493
2010 02 16 23 30 00 1 5827.473
2010 02 16 23 45 00 1 5827.455
2010 02 17 00 00 00 1 5827.434
2010 02 17 00 15 00 1 5827.416
2010 02 17 00 30 00 1 5827.399
2010 02 17 00 45 00 1 5827.377
2010 02 17 01 00 00 1 5827.361
2010 02 17 01 15 00 1 5827.345
2010 02 17 01 30 00 1 5827.334
2010 02 17 01 45 00 1 5827.324
2010 02 17 02 00 00 1 5827.319
2010 02 17 02 15 00 1 5827.315
2010 02 17 02 30 00 1 5827.315
2010 02 17 02 45 00 1 5827.318
2010 02 17 03 00 00 1 5827.323
2010 02 17 03 15 00 1 5827.338
2010 02 17 03 30 00 1 5827.353
2010 02 17 03 45 00 1 5827.370
2010 02 17 04 00 00 1 5827.388
2010 02 17 04 15 00 1 5827.410
2010 02 17 04 30 00 1 5827.430
2010 02 17 04 45 00 1 5827.453
2010 02 17 05 00 00 1 5827.476
2010 02 17 05 15 00 1 5827.502
2010 02 17 05 30 00 1 5827.524
2010 02 17 05 45 00 1 5827.546
2010 02 17 06 00 00 1 5827.568
2010 02 17 06 15 00 1 5827.587
2010 02 17 06 30 00 1 5827.604
2010 02 17 06 45 00 1 5827.620
2010 02 17 07 00 00 1 5827.635
2010 02 17 07 15 00 1 5827.647
2010 02 17 07 30 00 1 5827.657
2010 02 17 07 45 00 1 5827.665
2010 02 17 08 00 00 1 5827.666
2010 02 17 08 15 00 1 5827.666
2010 02 17 08 30 00 1 5827.661
2010 02 17 08 45 00 1 5827.651
2010 02 17 09 00 00 1 5827.640
2010 02 17 09 15 00 1 5827.625
2010 02 17 09 30 00 1 5827.606
2010 02 17 09 45 00 1 5827.591
2010 02 17 10 00 00 1 5827.573
2010 02 17 10 15 00 1 5827.550
2010 02 17 10 30 00 1 5827.526
2010 02 17 10 45 00 1 5827.503
2010 02 17 11 00 00 1 5827.478
2010 02 17 11 15 00 1 5827.455
2010 02 17 11 30 00 1 5827.431
2010 02 17 11 45 00 1 5827.403
2010 02 17 12 00 00 1 5827.379
2010 02 17 12 15 00 1 5827.358
2010 02 17 12 30 00 1 5827.340
2010 02 17 12 45 00 1 5827.322
2010 02 17 13 00 00 1 5827.307
2010 02 17 13 15 00 1 5827.292
2010 02 17 13 30 00 1 5827.281
2010 02 17 13 45 00 1 5827.273
2010 02 17 14 00 00 1 5827.270
2010 02 17 14 15 00 1 5827.266
2010 02 17 14 30 00 1 5827.269
2010 02 17 14 45 00 1 5827.274
2010 02 17 15 00 00 1 5827.280
2010 02 17 15 15 00 1 5827.292
2010 02 17 15 30 00 1 5827.304
2010 02 17 15 45 00 1 5827.320
2010 02 17 16 00 00 1 5827.337
2010 02 17 16 15 00 1 5827.358
2010 02 17 16 30 00 1 5827.378
2010 02 17 16 45 00 1 5827.404
2010 02 17 17 00 00 1 5827.427
2010 02 17 17 15 00 1 5827.452
2010 02 17 17 30 00 1 5827.475
2010 02 17 17 45 00 1 5827.495
2010 02 17 18 00 00 1 5827.518
2010 02 17 18 15 00 1 5827.543
2010 02 17 18 30 00 1 5827.566
2010 02 17 18 45 00 1 5827.588
2010 02 17 19 00 00 1 5827.607
2010 02 17 19 15 00 1 5827.621
2010 02 17 19 30 00 1 5827.636
2010 02 17 19 45 00 1 5827.646
2010 02 17 20 00 00 1 5827.654
2010 02 17 20 15 00 1 5827.662
2010 02 17 20 30 00 1 5827.664
2010 02 17 20 45 00 1 5827.665
2010 02 17 21 00 00 1 5827.664
2010 02 17 21 15 00 1 5827.657
2010 02 17 21 30 00 1 5827.650
2010 02 17 21 45 00 1 5827.638
2010 02 17 22 00 00 1 5827.620
2010 02 17 22 15 00 1 5827.609
2010 02 17 22 30 00 1 5827.590
2010 02 17 22 45 00 1 5827.572
2010 02 17 23 00 00 1 5827.549
2010 02 17 23 15 00 1 5827.527
2010 02 17 23 30 00 1 5827.503
2010 02 17 23 45 00 1 5827.478
2010 02 18 00 00 00 1 5827.452
2010 02 18 00 15 00 1 9999.000
2010 02 18 00 30 00 1 9999.000
2010 02 18 00 45 00 1 9999.000
2010 02 18 01 00 00 1 9999.000
2010 02 18 01 15 00 1 9999.000
2010 02 18 01 30 00 1 9999.000
2010 02 18 01 45 00 1 9999.000
2010 02 18 02 00 00 1 9999.000
2010 02 18 02 15 00 1 9999.000
2010 02 18 02 30 00 1 9999.000
2010 02 18 02 45 00 1 9999.000
2010 02 18 03 00 00 1 9999.000
2010 02 18 03 15 00 1 9999.000
2010 02 18 03 30 00 1 9999.000
2010 02 18 03 45 00 1 9999.000
2010 02 18 04 00 00 1 9999.000
2010 02 18 04 15 00 1 9999.000
2010 02 18 04 30 00 1 9999.000
2010 02 18 04 45 00 1 9999.000
2010 02 18 05 00 00 1 9999.000
2010 02 18 05 15 00 1 9999.000
2010 02 18 05 30 00 1 9999.000
2010 02 18 05 45 00 1 9999.000
2010 02 18 06 00 00 1 9999.000
2010 02 18 06 15 00 1 5827.497
2010 02 18 06 30 00 1 5827.517
2010 02 18 06 45 00 1 5827.533
2010 02 18 07 00 00 1 5827.552
2010 02 18 07 15 00 1 5827.569
2010 02 18 07 30 00 1 5827.584
2010 02 18 07 45 00 1 5827.595
2010 02 18 08 00 00 1 5827.604
2010 02 18 08 15 00 1 5827.612
2010 02 18 08 30 00 1 5827.614
2010 02 18 08 45 00 1 5827.615
2010 02 18 09 00 00 1 5827.614
2010 02 18 09 15 00 1 5827.608
2010 02 18 09 30 00 1 5827.598
2010 02 18 09 45 00 1 5827.589
2010 02 18 10 00 00 1 5827.578
2010 02 18 10 15 00 1 5827.565
2010 02 18 10 30 00 1 5827.548
2010 02 18 10 45 00 1 5827.528
2010 02 18 11 00 00 1 5827.508
2010 02 18 11 15 00 1 5827.488
2010 02 18 11 30 00 1 5827.465
2010 02 18 11 45 00 1 5827.442
2010 02 18 12 00 00 1 5827.422
2010 02 18 12 15 00 1 5827.400
2010 02 18 12 30 00 1 5827.383
2010 02 18 12 45 00 1 5827.367
2010 02 18 13 00 00 1 5827.352
2010 02 18 13 15 00 1 5827.339
2010 02 18 13 30 00 1 5827.331
2010 02 18 13 45 00 1 5827.320
2010 02 18 14 00 00 1 5827.314
2010 02 18 14 15 00 1 5827.311
2010 02 18 14 30 00 1 5827.311
2010 02 18 14 45 00 1 5827.312
2010 02 18 15 00 00 1 5827.318
2010 02 18 15 15 00 1 5827.327
2010 02 18 15 30 00 1 5827.337
2010 02 18 15 45 00 1 5827.346
2010 02 18 16 00 00 1 5827.360
2010 02 18 16 15 00 1 5827.375
2010 02 18 16 30 00 1 5827.395
2010 02 18 16 45 00 1 5827.417
2010 02 18 17 00 00 1 5827.436
2010 02 18 17 15 00 1 5827.458
2010 02 18 17 30 00 1 5827.479
2010 02 18 17 45 00 1 5827.500
2010 02 18 18 00 00 1 5827.525
2010 02 18 18 15 00 1 5827.547
2010 02 18 18 30 00 1 5827.571
2010 02 18 18 45 00 1 5827.590
2010 02 18 19 00 00 1 5827.610
2010 02 18 19 15 00 1 5827.627
2010 02 18 19 30 00 1 5827.645
2010 02 18 19 45 00 1 5827.655
2010 02 18 20 00 00 1 5827.667
2010 02 18 20 15 00 1 5827.676
2010 02 18 20 30 00 1 5827.681
2010 02 18 20 45 00 1 5827.685
2010 02 18 21 00 00 1 5827.685
2010 02 18 21 15 00 1 5827.680
2010 02 18 21 30 00 1 5827.676
2010 02 18 21 45 00 1 5827.667
2010 02 18 22 00 00 1 5827.656
2010 02 18 22 15 00 1 5827.642
2010 02 18 22 30 00 1 5827.624
2010 02 18 22 45 00 1 5827.605
2010 02 18 23 00 00 1 5827.583
2010 02 18 23 15 00 1 5827.563
2010 02 18 23 30 00 1 5827.540
2010 02 18 23 45 00 1 5827.515
2010 02 19 00 00 00 1 5827.491
2010 02 19 00 15 00 1 5827.465
2010 02 19 00 30 00 1 5827.439
2010 02 19 00 45 00 1 5827.413
2010 02 19 01 00 00 1 5827.388
2010 02 19 01 15 00 1 5827.365
2010 02 19 01 30 00 1 5827.343
2010 02 19 01 45 00 1 5827.324
2010 02 19 02 00 00 1 5827.305
2010 02 19 02 15 00 1 5827.290
2010 02 19 02 30 00 1 5827.273
2010 02 19 02 45 00 1 5827.264
2010 02 19 03 00 00 1 5827.257
2010 02 19 03 15 00 1 5827.254
2010 02 19 03 30 00 1 5827.255
2010 02 19 03 45 00 1 5827.257
2010 02 19 04 00 00 1 5827.263
2010 02 19 04 15 00 1 5827.274
2010 02 19 04 30 00 1 5827.286
2010 02 19 04 45 00 1 5827.297
2010 02 19 05 00 00 1 5827.316
2010 02 19 05 15 00 1 5827.331
2010 02 19 05 30 00 1 5827.352
2010 02 19 05 45 00 1 5827.371
2010 02 19 06 00 00 1 5827.392
2010 02 19 06 15 00 1 5827.410
2010 02 19 06 30 00 1 5827.432
2010 02 19 06 45 00 1 5827.451
2010 02 19 07 00 00 1 5827.470
2010 02 19 07 15 00 1 5827.491
2010 02 19 07 30 00 1 5827.507
2010 02 19 07 45 00 1 5827.523
2010 02 19 08 00 00 1 5827.537
2010 02 19 08 15 00 1 5827.547
2010 02 19 08 30 00 1 5827.556
2010 02 19 08 45 00 1 5827.561
2010 02 19 09 00 00 1 5827.565
2010 02 19 09 15 00 1 5827.566
2010 02 19 09 30 00 1 5827.565
2010 02 19 09 45 00 1 5827.561
2010 02 19 10 00 00 1 5827.556
2010 02 19 10 15 00 1 5827.551
2010 02 19 10 30 00 1 5827.540
2010 02 19 10 45 00 1 5827.529
2010 02 19 11 00 00 1 5827.515
2010 02 19 11 15 00 1 5827.502
2010 02 19 11 30 00 1 5827.488
2010 02 19 11 45 00 1 5827.471
2010 02 19 12 00 00 1 5827.456
2010 02 19 12 15 00 1 5827.445
2010 02 19 12 30 00 1 5827.430
2010 02 19 12 45 00 1 5827.417
2010 02 19 13 00 00 1 5827.403
2010 02 19 13 15 00 1 5827.391
2010 02 19 13 30 00 1 5827.383
2010 02 19 13 45 00 1 5827.375
2010 02 19 14 00 00 1 5827.371
2010 02 19 14 15 00 1 5827.368
2010 02 19 14 30 00 1 5827.367
2010 02 19 14 45 00 1 5827.366
2010 02 19 15 00 00 1 5827.370
2010 02 19 15 15 00 1 5827.374
2010 02 19 15 30 00 1 5827.381
2010 02 19 15 45 00 1 5827.388
2010 02 19 16 00 00 1 5827.396
2010 02 19 16 15 00 1 5827.410
2010 02 19 16 30 00 1 5827.426
2010 02 19 16 45 00 1 5827.445
2010 02 19 17 00 00 1 5827.463
2010 02 19 17 15 00 1 5827.480
2010 02 19 17 30 00 1 5827.498
2010 02 19 17 45 00 1 5827.516
2010 02 19 18 00 00 1 5827.537
2010 02 19 18 15 00 1 5827.557
2010 02 19 18 30 00 1 5827.578
2010 02 19 18 45 00 1 5827.597
2010 02 19 19 00 00 1 5827.619
2010 02 19 19 15 00 1 5827.635
2010 02 19 19 30 00 1 5827.649
2010 02 19 19 45 00 1 5827.666
2010 02 19 20 00 00 1 5827.678
2010 02 19 20 15 00 1 5827.686
2010 02 19 20 30 00 1 5827.695
2010 02 19 20 45 00 1 5827.696
2010 02 19 21 00 00 1 5827.697
2010 02 19 21 15 00 1 5827.694
2010 02 19 21 30 00 1 5827.693
2010 02 19 21 45 00 1 5827.689
2010 02 19 22 00 00 1 5827.680
2010 02 19 22 15 00 1 5827.669
2010 02 19 22 30 00 1 5827.655
2010 02 19 22 45 00 1 5827.638
2010 02 19 23 00 00 1 5827.618
2010 02 19 23 15 00 1 5827.597
2010 02 19 23 30 00 1 5827.573
2010 02 19 23 45 00 1 5827.550
2010 02 20 00 00 00 1 5827.527
2010 02 20 00 15 00 1 5827.502
2010 02 20 00 30 00 1 5827.473
2010 02 20 00 45 00 1 5827.447
2010 02 20 01 00 00 1 5827.419
2010 02 20 01 15 00 1 5827.392
2010 02 20 01 30 00 1 5827.363
2010 02 20 01 45 00 1 5827.341
2010 02 20 02 00 00 1 5827.321
2010 02 20 02 15 00 1 5827.303
2010 02 20 02 30 00 1 5827.284
2010 02 20 02 45 00 1 5827.268
2010 02 20 03 00 00 1 5827.254
2010 02 20 03 15 00 1 5827.246
2010 02 20 03 30 00 1 5827.242
2010 02 20 03 45 00 1 5827.238
2010 02 20 04 00 00 1 5827.236
2010 02 20 04 15 00 1 5827.239
2010 02 20 04 30 00 1 5827.244
2010 02 20 04 45 00 1 5827.250
2010 02 20 05 00 00 1 5827.259
2010 02 20 05 15 00 1 5827.270
2010 02 20 05 30 00 1 5827.285
2010 02 20 05 45 00 1 5827.300
2010 02 20 06 00 00 1 5827.317
2010 02 20 06 15 00 1 5827.333
2010 02 20 06 30 00 1 5827.350
2010 02 20 06 45 00 1 5827.370
2010 02 20 07 00 00 1 5827.387
2010 02 20 07 15 00 1 5827.404
2010 02 20 07 30 00 1 5827.421
2010 02 20 07 45 00 1 5827.438
2010 02 20 08 00 00 1 5827.454
2010 02 20 08 15 00 1 5827.468
2010 02 20 08 30 00 1 5827.481
2010 02 20 08 45 00 1 5827.495
2010 02 20 09 00 00 1 5827.505
2010 02 20 09 15 00 1 5827.511
2010 02 20 09 30 00 1 5827.517
2010 02 20 09 45 00 1 5827.519
2010 02 20 10 00 00 1 5827.521
2010 02 20 10 15 00 1 5827.522
2010 02 20 10 30 00 1 5827.520
2010 02 20 10 45 00 1 5827.518
2010 02 20 11 00 00 1 5827.512
2010 02 20 11 15 00 1 5827.503
2010 02 20 11 30 00 1 5827.495
2010 02 20 11 45 00 1 5827.486
2010 02 20 12 00 00 1 5827.479
2010 02 20 12 15 00 1 5827.470
2010 02 20 12 30 00 1 5827.462
2010 02 20 12 45 00 1 5827.453
2010 02 20 13 00 00 1 5827.445
2010 02 20 13 15 00 1 5827.438
2010 02 20 13 30 00 1 5827.430
2010 02 20 13 45 00 1 5827.426
2010 02 20 14 00 00 1 5827.426
2010 02 20 14 15 00 1 5827.423
2010 02 20 14 30 00 1 5827.420
2010 02 20 14 45 00 1 5827.423
2010 02 20 15 00 00 1 5827.423
2010 02 20 15 15 00 1 5827.426
2010 02 20 15 30 00 1 5827.430
2010 02 20 15 45 00 1 5827.437
2010 02 20 16 00 00 1 5827.443
2010 02 20 16 15 00 1 5827.453
2010 02 20 16 30 00 1 5827.465
2010 02 20 16 45 00 1 5827.480
2010 02 20 17 00 00 1 5827.493
2010 02 20 17 15 00 1 5827.509
2010 02 20 17 30 00 1 5827.525
2010 02 20 17 45 00 1 5827.541
2010 02 20 18 00 00 1 5827.560
2010 02 20 18 15 00 1 5827.578
2010 02 20 18 30 00 1 5827.598
2010 02 20 18 45 00 1 5827.616
2010 02 20 19 00 00 1 5827.633
2010 02 20 19 15 00 1 5827.647
2010 02 20 19 30 00 1 5827.660
2010 02 20 19 45 00 1 5827.673
2010 02 20 20 00 00 1 5827.686
2010 02 20 20 15 00 1 5827.696
2010 02 20 20 30 00 1 5827.705
2010 02 20 20 45 00 1 5827.712
2010 02 20 21 00 00 1 5827.716
2010 02 20 21 15 00 1 5827.718
2010 02 20 21 30 00 1 5827.717
2010 02 20 21 45 00 1 5827.713
2010 02 20 22 00 00 1 5827.704
2010 02 20 22 15 00 1 5827.695
2010 02 20 22 30 00 1 5827.681
2010 02 20 22 45 00 1 5827.668
2010 02 20 23 00 00 1 5827.654
2010 02 20 23 15 00 1 5827.638
2010 02 20 23 30 00 1 5827.617
2010 02 20 23 45 00 1 5827.596
2010 02 21 00 00 00 1 5827.574
2010 02 21 00 15 00 1 5827.549
2010 02 21 00 30 00 1 5827.524
2010 02 21 00 45 00 1 5827.500
2010 02 21 01 00 00 1 5827.474
2010 02 21 01 15 00 1 5827.445
2010 02 21 01 30 00 1 5827.420
2010 02 21 01 45 00 1 5827.397
2010 02 21 02 00 00 1 5827.373
2010 02 21 02 15 00 1 5827.348
2010 02 21 02 30 00 1 5827.325
2010 02 21 02 45 00 1 5827.306
2010 02 21 03 00 00 1 5827.290
2010 02 21 03 15 00 1 5827.274
2010 02 21 03 30 00 1 5827.263
2010 02 21 03 45 00 1 5827.254
2010 02 21 04 00 00 1 5827.249
2010 02 21 04 15 00 1 5827.243
2010 02 21 04 30 00 1 5827.242
2010 02 21 04 45 00 1 5827.240
2010 02 21 05 00 00 1 5827.244
2010 02 21 05 15 00 1 5827.247
2010 02 21 05 30 00 1 5827.251
2010 02 21 05 45 00 1 5827.258
2010 02 21 06 00 00 1 5827.268
2010 02 21 06 15 00 1 5827.277
2010 02 21 06 30 00 1 5827.287
2010 02 21 06 45 00 1 5827.297
2010 02 21 07 00 00 1 5827.306
2010 02 21 07 15 00 1 5827.321
2010 02 21 07 30 00 1 5827.336
2010 02 21 07 45 00 1 5827.351
2010 02 21 08 00 00 1 5827.366
2010 02 21 08 15 00 1 5827.379
2010 02 21 08 30 00 1 5827.391
2010 02 21 08 45 00 1 5827.402
2010 02 21 09 00 00 1 5827.414
2010 02 21 09 15 00 1 5827.425
2010 02 21 09 30 00 1 5827.435
2010 02 21 09 45 00 1 5827.445
2010 02 21 10 00 00 1 5827.449
2010 02 21 10 15 00 1 5827.453
2010 02 21 10 30 00 1 5827.459
2010 02 21 10 45 00 1 5827.460
2010 02 21 11 00 00 1 5827.462
2010 02 21 11 15 00 1 5827.463
2010 02 21 11 30 00 1 5827.463
2010 02 21 11 45 00 1 5827.461
2010 02 21 12 00 00 1 5827.461
2010 02 21 12 15 00 1 5827.456
2010 02 21 12 30 00 1 5827.454
2010 02 21 12 45 00 1 5827.452
2010 02 21 13 00 00 1 5827.448
2010 02 21 13 15 00 1 5827.444
2010 02 21 13 30 00 1 5827.445
2010 02 21 13 45 00 1 5827.444
2010 02 21 14 00 00 1 5827.443
2010 02 21 14 15 00 1 5827.443
2010 02 21 14 30 00 1 5827.446
2010 02 21 14 45 00 1 5827.448
2010 02 21 15 00 00 1 5827.453
2010 02 21 15 15 00 1 5827.458
2010 02 21 15 30 00 1 5827.463
2010 02 21 15 45 00 1 5827.469
2010 02 21 16 00 00 1 5827.475
2010 02 21 16 15 00 1 5827.485
2010 02 21 16 30 00 1 5827.497
2010 02 21 16 45 00 1 5827.509
2010 02 21 17 00 00 1 5827.524
2010 02 21 17 15 00 1 5827.538
2010 02 21 17 30 00 1 5827.551
2010 02 21 17 45 00 1 5827.566
2010 02 21 18 00 00 1 5827.582
2010 02 21 18 15 00 1 5827.597
2010 02 21 18 30 00 1 5827.612
2010 02 21 18 45 00 1 5827.628
2010 02 21 19 00 00 1 5827.643
2010 02 21 19 15 00 1 5827.656
2010 02 21 19 30 00 1 5827.669
2010 02 21 19 45 00 1 5827.682
2010 02 21 20 00 00 1 5827.693
2010 02 21 20 15 00 1 5827.702
2010 02 21 20 30 00 1 5827.710
2010 02 21 20 45 00 1 5827.717
2010 02 21 21 00 00 1 5827.722
2010 02 21 21 15 00 1 5827.725
2010 02 21 21 30 00 1 5827.725
2010 02 21 21 45 00 1 5827.725
2010 02 21 22 00 00 1 5827.724
2010 02 21 22 15 00 1 5827.718
2010 02 21 22 30 00 1 5827.709
2010 02 21 22 45 00 1 5827.699
2010 02 21 23 00 00 1 5827.686
2010 02 21 23 15 00 1 5827.673
2010 02 21 23 30 00 1 5827.660
2010 02 21 23 45 00 1 5827.642
2010 02 22 00 00 00 1 5827.622
2010 02 22 00 15 00 1 5827.605
2010 02 22 00 30 00 1 5827.583
2010 02 22 00 45 00 1 5827.561
2010 02 22 01 00 00 1 5827.537
2010 02 22 01 15 00 1 5827.512
2010 02 22 01 30 00 1 5827.487
2010 02 22 01 45 00 1 5827.463
2010 02 22 02 00 00 1 5827.440
2010 02 22 02 15 00 1 5827.416
2010 02 22 02 30 00 1 5827.391
2010 02 22 02 45 00 1 5827.371
2010 02 22 03 00 00 1 5827.350
2010 02 22 03 15 00 1 5827.332
2010 02 22 03 30 00 1 5827.313
2010 02 22 03 45 00 1 5827.297
2010 02 22 04 00 00 1 5827.282
2010 02 22 04 15 00 1 5827.270
2010 02 22 04 30 00 1 5827.257
2010 02 22 04 45 00 1 5827.248
2010 02 22 05 00 00 1 5827.241
2010 02 22 05 15 00 1 5827.239
2010 02 22 05 30 00 1 5827.236
2010 02 22 05 45 00 1 5827.233
2010 02 22 06 00 00 1 5827.235
2010 02 22 06 15 00 1 5827.240
2010 02 22 06 30 00 1 5827.242
2010 02 22 06 45 00 1 5827.244
2010 02 22 07 00 00 1 5827.251
2010 02 22 07 15 00 1 5827.259
2010 02 22 07 30 00 1 5827.269
2010 02 22 07 45 00 1 5827.276
2010 02 22 08 00 00 1 5827.283
2010 02 22 08 15 00 1 5827.293
2010 02 22 08 30 00 1 5827.302
2010 02 22 08 45 00 1 5827.310
2010 02 22 09 00 00 1 5827.321
2010 02 22 09 15 00 1 5827.330
2010 02 22 09 30 00 1 5827.338
2010 02 22 09 45 00 1 5827.348
2010 02 22 10 00 00 1 5827.359
2010 02 22 10 15 00 1 5827.365
2010 02 22 10 30 00 1 5827.371
2010 02 22 10 45 00 1 5827.379
2010 02 22 11 00 00 1 5827.387
2010 02 22 11 15 00 1 5827.390
2010 02 22 11 30 00 1 5827.393
2010 02 22 11 45 00 1 5827.396
2010 02 22 12 00 00 1 5827.401
2010 02 22 12 15 00 1 5827.407
2010 02 22 12 30 00 1 5827.410
2010 02 22 12 45 00 1 5827.415
2010 02 22 13 00 00 1 5827.420
2010 02 22 13 15 00 1 5827.424
2010 02 22 13 30 00 1 5827.430
2010 02 22 13 45 00 1 5827.433
2010 02 22 14 00 00 1 5827.438
2010 02 22 14 15 00 1 5827.445
2010 02 22 14 30 00 1 5827.453
2010 02 22 14 45 00 1 5827.460
2010 02 22 15 00 00 1 5827.467
2010 02 22 15 15 00 1 5827.476
2010 02 22 15 30 00 1 5827.483
2010 02 22 15 45 00 1 5827.490
2010 02 22 16 00 00 1 5827.499
2010 02 22 16 15 00 1 5827.510
2010 02 22 16 30 00 1 5827.521
2010 02 22 16 45 00 1 5827.535
2010 02 22 17 00 00 1 5827.550
2010 02 22 17 15 00 1 5827.562
2010 02 22 17 30 00 1 5827.575
2010 02 22 17 45 00 1 5827.586
2010 02 22 18 00 00 1 5827.599
2010 02 22 18 15 00 1 5827.614
2010 02 22 18 30 00 1 5827.626
2010 02 22 18 45 00 1 5827.641
2010 02 22 19 00 00 1 5827.657
2010 02 22 19 15 00 1 5827.668
2010 02 22 19 30 00 1 5827.680
2010 02 22 19 45 00 1 5827.689
2010 02 22 20 00 00 1 5827.698
2010 02 22 20 15 00 1 5827.708
2010 02 22 20 30 00 1 5827.714
2010 02 22 20 45 00 1 5827.721
2010 02 22 21 00 00 1 5827.728
2010 02 22 21 15 00 1 5827.732
2010 02 22 21 30 00 1 5827.733
2010 02 22 21 45 00 1 5827.735
2010 02 22 22 00 00 1 5827.730
2010 02 22 22 15 00 1 5827.727
2010 02 22 22 30 00 1 5827.722
2010 02 22 22 45 00 1 5827.716
2010 02 22 23 00 00 1 5827.706
2010 02 22 23 15 00 1 5827.699
2010 02 22 23 30 00 1 5827.687
2010 02 22 23 45 00 1 5827.674
2010 02 23 00 00 00 1 5827.660
2010 02 23 00 15 00 1 5827.644
2010 02 23 00 30 00 1 5827.630
2010 02 23 00 45 00 1 5827.613
2010 02 23 01 00 00 1 5827.595
2010 02 23 01 15 00 1 5827.574
2010 02 23 01 30 00 1 5827.552
2010 02 23 01 45 00 1 5827.532
2010 02 23 02 00 00 1 5827.512
2010 02 23 02 15 00 1 5827.490
2010 02 23 02 30 00 1 5827.465
2010 02 23 02 45 00 1 5827.445
2010 02 23 03 00 00 1 5827.424
2010 02 23 03 15 00 1 5827.402
2010 02 23 03 30 00 1 5827.383
2010 02 23 03 45 00 1 5827.363
2010 02 23 04 00 00 1 5827.347
2010 02 23 04 15 00 1 5827.327
2010 02 23 04 30 00 1 5827.310
2010 02 23 04 45 00 1 5827.294
2010 02 23 05 00 00 1 5827.280
2010 02 23 05 15 00 1 5827.269
2010 02 23 05 30 00 1 5827.258
2010 02 23 05 45 00 1 5827.248
2010 02 23 06 00 00 1 5827.241
2010 02 23 06 15 00 1 5827.232
2010 02 23 06 30 00 1 5827.225
2010 02 23 06 45 00 1 5827.219
2010 02 23 07 00 00 1 5827.216
2010 02 23 07 15 00 1 5827.215
2010 02 23 07 30 00 1 5827.215
2010 02 23 07 45 00 1 5827.214
2010 02 23 08 00 00 1 5827.213
2010 02 23 08 15 00 1 5827.215
2010 02 23 08 30 00 1 5827.218
2010 02 23 08 45 00 1 5827.222
2010 02 23 09 00 00 1 5827.227
2010 02 23 09 15 00 1 5827.229
2010 02 23 09 30 00 1 5827.234
2010 02 23 09 45 00 1 5827.242
2010 02 23 10 00 00 1 5827.248
2010 02 23 10 15 00 1 5827.255
2010 02 23 10 30 00 1 5827.263
2010 02 23 10 45 00 1 5827.269
2010 02 23 11 00 00 1 5827.277
2010 02 23 11 15 00 1 5827.288
2010 02 23 11 30 00 1 5827.298
2010 02 23 11 45 00 1 5827.306
2010 02 23 12 00 00 1 5827.314
2010 02 23 12 15 00 1 5827.322
2010 02 23 12 30 00 1 5827.332
2010 02 23 12 45 00 1 5827.343
2010 02 23 13 00 00 1 5827.354
2010 02 23 13 15 00 1 5827.364
2010 02 23 13 30 00 1 5827.376
2010 02 23 13 45 00 1 5827.389
2010 02 23 14 00 00 1 5827.400
2010 02 23 14 15 00 1 5827.409
2010 02 23 14 30 00 1 5827.423
2010 02 23 14 45 00 1 5827.437
2010 02 23 15 00 00 1 5827.449
2010 02 23 15 15 00 1 5827.464
2010 02 23 15 30 00 1 5827.475
2010 02 23 15 45 00 1 5827.489
2010 02 23 16 00 00 1 5827.504
2010 02 23 16 15 00 1 5827.512
2010 02 23 16 30 00 1 5827.525
2010 02 23 16 45 00 1 5827.538
2010 02 23 17 00 00 1 5827.551
2010 02 23 17 15 00 1 5827.561
2010 02 23 17 30 00 1 5827.571
2010 02 23 17 45 00 1 5827.584
2010 02 23 18 00 00 1 5827.596
2010 02 23 18 15 00 1 5827.609
2010 02 23 18 30 00 1 5827.622
2010 02 23 18 45 00 1 5827.632
2010 02 23 19 00 00 1 5827.643
2010 02 23 19 15 00 1 5827.653
2010 02 23 19 30 00 1 5827.663
2010 02 23 19 45 00 1 5827.672
2010 02 23 20 00 00 1 5827.680
2010 02 23 20 15 00 1 5827.688
2010 02 23 20 30 00 1 5827.696
2010 02 23 20 45 00 1 5827.702
2010 02 23 21 00 00 1 5827.709
2010 02 23 21 15 00 1 5827.711
2010 02 23 21 30 00 1 5827.714
2010 02 23 21 45 00 1 5827.716
2010 02 23 22 00 00 1 5827.716
2010 02 23 22 15 00 1 5827.716
2010 02 23 22 30 00 1 5827.715
2010 02 23 22 45 00 1 5827.712
2010 02 23 23 00 00 1 5827.707
2010 02 23 23 15 00 1 5827.701
2010 02 23 23 30 00 1 5827.696
2010 02 23 23 45 00 1 5827.690
2010 02 24 00 00 00 1 5827.683
2010 02 24 00 15 00 1 5827.673
2010 02 24 00 30 00 1 5827.662
2010 02 24 00 45 00 1 5827.650
2010 02 24 01 00 00 1 5827.636
2010 02 24 01 15 00 1 5827.620
2010 02 24 01 30 00 1 5827.606
2010 02 24 01 45 00 1 5827.590
2010 02 24 02 00 00 1 5827.573
2010 02 24 02 15 00 1 5827.556
2010 02 24 02 30 00 1 5827.538
2010 02 24 02 45 00 1 5827.520
2010 02 24 03 00 00 1 5827.502
2010 02 24 03 15 00 1 5827.482
2010 02 24 03 30 00 1 5827.464
2010 02 24 03 45 00 1 5827.447
2010 02 24 04 00 00 1 5827.429
2010 02 24 04 15 00 1 5827.411
2010 02 24 04 30 00 1 5827.391
2010 02 24 04 45 00 1 5827.373
2010 02 24 05 00 00 1 5827.355
2010 02 24 05 15 00 1 5827.340
2010 02 24 05 30 00 1 5827.321
2010 02 24 05 45 00 1 5827.306
2010 02 24 06 00 00 1 5827.290
2010 02 24 06 15 00 1 5827.273
2010 02 24 06 30 00 1 5827.258
2010 02 24 06 45 00 1 5827.242
2010 02 24 07 00 00 1 5827.229
2010 02 24 07 15 00 1 5827.216
2010 02 24 07 30 00 1 5827.207
2010 02 24 07 45 00 1 5827.199
2010 02 24 08 00 00 1 5827.190
2010 02 24 08 15 00 1 5827.180
2010 02 24 08 30 00 1 5827.173
2010 02 24 08 45 00 1 5827.169
2010 02 24 09 00 00 1 5827.163
2010 02 24 09 15 00 1 5827.162
2010 02 24 09 30 00 1 5827.162
2010 02 24 09 45 00 1 5827.164
2010 02 24 10 00 00 1 5827.165
2010 02 24 10 15 00 1 5827.167
2010 02 24 10 30 00 1 5827.170
2010 02 24 10 45 00 1 5827.174
2010 02 24 11 00 00 1 5827.179
2010 02 24 11 15 00 1 5827.189
2010 02 24 11 30 00 1 5827.199
2010 02 24 11 45 00 1 5827.209
2010 02 24 12 00 00 1 5827.220
2010 02 24 12 15 00 1 5827.232
2010 02 24 12 30 00 1 5827.245
2010 02 24 12 45 00 1 5827.260
2010 02 24 13 00 00 1 5827.274
2010 02 24 13 15 00 1 5827.289
2010 02 24 13 30 00 1 5827.306
2010 02 24 13 45 00 1 5827.326
2010 02 24 14 00 00 1 5827.345
2010 02 24 14 15 00 1 5827.362
2010 02 24 14 30 00 1 5827.382
2010 02 24 14 45 00 1 5827.401
2010 02 24 15 00 00 1 5827.421
2010 02 24 15 15 00 1 5827.438
2010 02 24 15 30 00 1 5827.455
2010 02 24 15 45 00 1 5827.471
2010 02 24 16 00 00 1 5827.486
2010 02 24 16 15 00 1 5827.500
2010 02 24 16 30 00 1 5827.516
2010 02 24 16 45 00 1 5827.530
2010 02 24 17 00 00 1 5827.545
2010 02 24 17 15 00 1 5827.558
2010 02 24 17 30 00 1 5827.569
2010 02 24 17 45 00 1 5827.581
2010 02 24 18 00 00 1 5827.594
2010 02 24 18 15 00 1 5827.606
2010 02 24 18 30 00 1 5827.617
2010 02 24 18 45 00 1 5827.627
2010 02 24 19 00 00 1 5827.634
2010 02 24 19 15 00 1 5827.641
2010 02 24 19 30 00 1 5827.650
2010 02 24 19 45 00 1 5827.655
2010 02 24 20 00 00 1 5827.661
2010 02 24 20 15 00 1 5827.666
2010 02 24 20 30 00 1 5827.671
2010 02 24 20 45 00 1 5827.675
2010 02 24 21 00 00 1 5827.677
2010 02 24 21 15 00 1 5827.680
2010 02 24 21 30 00 1 5827.682
2010 02 24 21 45 00 1 5827.684
2010 02 24 22 00 00 1 5827.686
2010 02 24 22 15 00 1 5827.686
2010 02 24 22 30 00 1 5827.688
2010 02 24 22 45 00 1 5827.686
2010 02 24 23 00 00 1 5827.686
2010 02 24 23 15 00 1 5827.682
2010 02 24 23 30 00 1 5827.679
2010 02 24 23 45 00 1 5827.674
2010 02 25 00 00 00 1 5827.673
2010 02 25 00 15 00 1 5827.668
2010 02 25 00 30 00 1 5827.665
2010 02 25 00 45 00 1 5827.660
2010 02 25 01 00 00 1 5827.653
2010 02 25 01 15 00 1 5827.648
2010 02 25 01 30 00 1 5827.639
2010 02 25 01 45 00 1 5827.631
2010 02 25 02 00 00 1 5827.622
2010 02 25 02 15 00 1 5827.614
2010 02 25 02 30 00 1 5827.604
2010 02 25 02 45 00 1 5827.595
2010 02 25 03 00 00 1 5827.586
2010 02 25 03 15 00 1 5827.575
2010 02 25 03 30 00 1 5827.563
2010 02 25 03 45 00 1 5827.550
2010 02 25 04 00 00 1 5827.539
2010 02 25 04 15 00 1 5827.524
2010 02 25 04 30 00 1 5827.510
2010 02 25 04 45 00 1 5827.496
2010 02 25 05 00 00 1 5827.480
2010 02 25 05 15 00 1 5827.462
2010 02 25 05 30 00 1 5827.447
2010 02 25 05 45 00 1 5827.427
2010 02 25 06 00 00 1 5827.407
2010 02 25 06 15 00 1 5827.386
2010 02 25 06 30 00 1 5827.363
2010 02 25 06 45 00 1 5827.341
2010 02 25 07 00 00 1 5827.321
2010 02 25 07 15 00 1 5827.300
2010 02 25 07 30 00 1 5827.281
2010 02 25 07 45 00 1 5827.258
2010 02 25 08 00 00 1 5827.240
2010 02 25 08 15 00 1 5827.220
2010 02 25 08 30 00 1 5827.200
2010 02 25 08 45 00 1 5827.182
2010 02 25 09 00 00 1 5827.167
2010 02 25 09 15 00 1 5827.152
2010 02 25 09 30 00 1 5827.141
2010 02 25 09 45 00 1 5827.132
2010 02 25 10 00 00 1 5827.126
2010 02 25 10 15 00 1 5827.122
2010 02 25 10 30 00 1 5827.116
2010 02 25 10 45 00 1 5827.115
2010 02 25 11 00 00 1 5827.116
2010 02 25 11 15 00 1 5827.120
2010 02 25 11 30 00 1 5827.122
2010 02 25 11 45 00 1 5827.125
2010 02 25 12 00 00 1 5827.133
2010 02 25 12 15 00 1 5827.144
2010 02 25 12 30 00 1 5827.155
2010 02 25 12 45 00 1 5827.172
2010 02 25 13 00 00 1 5827.189
2010 02 25 13 15 00 1 5827.206
2010 02 25 13 30 00 1 5827.226
2010 02 25 13 45 00 1 5827.247
2010 02 25 14 00 00 1 5827.267
2010 02 25 14 15 00 1 5827.289
2010 02 25 14 30 00 1 5827.314
2010 02 25 14 45 00 1 5827.338
2010 02 25 15 00 00 1 5827.359
2010 02 25 15 15 00 1 5827.383
2010 02 25 15 30 00 1 5827.404
2010 02 25 15 45 00 1 5827.426
2010 02 25 16 00 00 1 5827.446
2010 02 25 16 15 00 1 5827.468
2010 02 25 16 30 00 1 5827.487
2010 02 25 16 45 00 1 5827.506
2010 02 25 17 00 00 1 5827.524
2010 02 25 17 15 00 1 5827.542
2010 02 25 17 30 00 1 5827.555
2010 02 25 17 45 00 1 5827.569
2010 02 25 18 00 00 1 5827.581
2010 02 25 18 15 00 1 5827.593
2010 02 25 18 30 00 1 5827.602
2010 02 25 18 45 00 1 5827.610
2010 02 25 19 00 00 1 5827.619
2010 02 25 19 15 00 1 5827.627
2010 02 25 19 30 00 1 5827.628
2010 02 25 19 45 00 1 5827.631
2010 02 25 20 00 00 1 5827.636
2010 02 25 20 15 00 1 5827.639
2010 02 25 20 30 00 1 5827.641
2010 02 25 20 45 00 1 5827.645
2010 02 25 21 00 00 1 5827.644
2010 02 25 21 15 00 1 5827.645
2010 02 25 21 30 00 1 5827.643
2010 02 25 21 45 00 1 5827.644
2010 02 25 22 00 00 1 5827.643
2010 02 25 22 15 00 1 5827.644
2010 02 25 22 30 00 1 5827.643
2010 02 25 22 45 00 1 5827.643
2010 02 25 23 00 00 1 5827.646
2010 02 25 23 15 00 1 5827.648
2010 02 25 23 30 00 1 5827.651
2010 02 25 23 45 00 1 5827.650
2010 02 26 00 00 00 1 5827.650
2010 02 26 00 15 00 1 5827.651
2010 02 26 00 30 00 1 5827.650
2010 02 26 00 45 00 1 5827.649
2010 02 26 01 00 00 1 5827.650
2010 02 26 01 15 00 1 5827.649
2010 02 26 01 30 00 1 5827.649
2010 02 26 01 45 00 1 5827.650
2010 02 26 02 00 00 1 5827.651
2010 02 26 02 15 00 1 5827.653
2010 02 26 02 30 00 1 5827.651
2010 02 26 02 45 00 1 5827.652
2010 02 26 03 00 00 1 5827.653
2010 02 26 03 15 00 1 5827.652
2010 02 26 03 30 00 1 5827.648
2010 02 26 03 45 00 1 5827.644
2010 02 26 04 00 00 1 5827.637
2010 02 26 04 15 00 1 5827.631
2010 02 26 04 30 00 1 5827.623
2010 02 26 04 45 00 1 5827.615
2010 02 26 05 00 00 1 5827.601
2010 02 26 05 15 00 1 5827.590
2010 02 26 05 30 00 1 5827.575
2010 02 26 05 45 00 1 5827.557
2010 02 26 06 00 00 1 5827.538
2010 02 26 06 15 00 1 5827.518
2010 02 26 06 30 00 1 5827.496
2010 02 26 06 45 00 1 5827.474
2010 02 26 07 00 00 1 5827.448
2010 02 26 07 15 00 1 5827.422
2010 02 26 07 30 00 1 5827.396
2010 02 26 07 45 00 1 5827.367
2010 02 26 08 00 00 1 5827.339
2010 02 26 08 15 00 1 5827.310
2010 02 26 08 30 00 1 5827.280
2010 02 26 08 45 00 1 5827.252
2010 02 26 09 00 00 1 5827.228
2010 02 26 09 15 00 1 5827.205
2010 02 26 09 30 00 1 5827.184
2010 02 26 09 45 00 1 5827.164
2010 02 26 10 00 00 1 5827.146
2010 02 26 10 15 00 1 5827.132
2010 02 26 10 30 00 1 5827.116
2010 02 26 10 45 00 1 5827.105
2010 02 26 11 00 00 1 5827.097
2010 02 26 11 15 00 1 5827.091
2010 02 26 11 30 00 1 5827.088
2010 02 26 11 45 00 1 5827.090
2010 02 26 12 00 00 1 5827.092
2010 02 26 12 15 00 1 5827.098
2010 02 26 12 30 00 1 5827.108
2010 02 26 12 45 00 1 5827.116
2010 02 26 13 00 00 1 5827.128
2010 02 26 13 15 00 1 5827.143
2010 02 26 13 30 00 1 5827.163
2010 02 26 13 45 00 1 5827.182
2010 02 26 14 00 00 1 5827.204
2010 02 26 14 15 00 1 5827.229
2010 02 26 14 30 00 1 5827.256
2010 02 26 14 45 00 1 5827.282
2010 02 26 15 00 00 1 5827.307
2010 02 26 15 15 00 1 5827.337
2010 02 26 15 30 00 1 5827.363
2010 02 26 15 45 00 1 5827.386
2010 02 26 16 00 00 1 5827.412
2010 02 26 16 15 00 1 5827.437
2010 02 26 16 30 00 1 5827.461
2010 02 26 16 45 00 1 5827.484
2010 02 26 17 00 00 1 5827.504
2010 02 26 17 15 00 1 5827.524
2010 02 26 17 30 00 1 5827.541
2010 02 26 17 45 00 1 5827.558
2010 02 26 18 00 00 1 5827.571
2010 02 26 18 15 00 1 5827.585
2010 02 26 18 30 00 1 5827.597
2010 02 26 18 45 00 1 5827.605
2010 02 26 19 00 00 1 5827.612
2010 02 26 19 15 00 1 5827.617
2010 02 26 19 30 00 1 5827.622
2010 02 26 19 45 00 1 5827.625
2010 02 26 20 00 00 1 5827.628
2010 02 26 20 15 00 1 5827.628
2010 02 26 20 30 00 1 5827.624
2010 02 26 20 45 00 1 5827.623
2010 02 26 21 00 00 1 5827.619
2010 02 26 21 15 00 1 5827.617
2010 02 26 21 30 00 1 5827.613
2010 02 26 21 45 00 1 5827.608
2010 02 26 22 00 00 1 5827.606
2010 02 26 22 15 00 1 5827.602
2010 02 26 22 30 00 1 5827.600
2010 02 26 22 45 00 1 5827.597
2010 02 26 23 00 00 1 5827.597
2010 02 26 23 15 00 1 5827.596
2010 02 26 23 30 00 1 5827.595
2010 02 26 23 45 00 1 5827.593
2010 02 27 00 00 00 1 5827.596
2010 02 27 00 15 00 1 5827.596
2010 02 27 00 30 00 1 5827.597
2010 02 27 00 45 00 1 5827.600
2010 02 27 01 00 00 1 5827.606
2010 02 27 01 15 00 1 5827.609
2010 02 27 01 30 00 1 5827.613
2010 02 27 01 45 00 1 5827.618
2010 02 27 02 00 00 1 5827.625
2010 02 27 02 15 00 1 5827.633
2010 02 27 02 30 00 1 5827.641
2010 02 27 02 45 00 1 5827.651
2010 02 27 03 00 00 1 5827.658
2010 02 27 03 15 00 1 5827.666
2010 02 27 03 30 00 1 5827.674
2010 02 27 03 45 00 1 5827.679
2010 02 27 04 00 00 1 5827.685
2010 02 27 04 15 00 1 5827.689
2010 02 27 04 30 00 1 5827.688
2010 02 27 04 45 00 1 5827.689
2010 02 27 05 00 00 1 5827.688
2010 02 27 05 15 00 1 5827.682
2010 02 27 05 30 00 1 5827.680
2010 02 27 05 45 00 1 5827.674
2010 02 27 06 00 00 1 5827.664
2010 02 27 06 15 00 1 5827.649
2010 02 27 06 30 00 1 5827.632
2010 02 27 06 45 00 1 5827.613
2010 02 27 07 00 00 1 5827.591
2010 02 27 07 15 00 1 5827.565
2010 02 27 07 30 00 1 5827.544
2010 02 27 07 45 00 1 5827.507
2010 02 27 08 00 00 1 5827.486
2010 02 27 08 15 00 1 5827.466
2010 02 27 08 30 00 1 5827.426
2010 02 27 08 45 00 1 5827.399
2010 02 27 09 00 00 1 5827.366
2010 02 27 09 15 00 1 5827.333
2010 02 27 09 30 00 1 5827.303
2010 02 27 09 45 00 1 5827.275
2010 02 27 10 00 00 1 5827.246
2010 02 27 10 15 00 1 5827.218
2010 02 27 10 30 00 1 5827.194
2010 02 27 10 45 00 1 5827.172
2010 02 27 11 00 00 1 5827.154
2010 02 27 11 15 00 1 5827.137
2010 02 27 11 30 00 1 5827.124
2010 02 27 11 45 00 1 5827.115
2010 02 27 12 00 00 1 5827.110
2010 02 27 12 15 00 1 5827.109
2010 02 27 12 30 00 1 5827.109
2010 02 27 12 45 00 1 5827.112
2010 02 27 13 00 00 1 5827.122
2010 02 27 13 15 00 1 5827.135
2010 02 27 13 30 00 1 5827.145
2010 02 27 13 45 00 1 5827.160
2010 02 27 14 00 00 1 5827.180
2010 02 27 14 15 00 1 5827.200
2010 02 27 14 30 00 1 5827.223
2010 02 27 14 45 00 1 5827.247
2010 02 27 15 00 00 1 5827.275
2010 02 27 15 15 00 1 5827.304
2010 02 27 15 30 00 1 5827.329
2010 02 27 15 45 00 1 5827.361
2010 02 27 16 00 00 1 5827.387
2010 02 27 16 15 00 1 5827.414
2010 02 27 16 30 00 1 5827.439
2010 02 27 16 45 00 1 5827.463
2010 02 27 17 00 00 1 5827.490
2010 02 27 17 15 00 1 5827.510
2010 02 27 17 30 00 1 5827.532
2010 02 27 17 45 00 1 5827.548
2010 02 27 18 00 00 1 5827.562
2010 02 27 18 15 00 1 5827.578
2010 02 27 18 30 00 1 5827.591
2010 02 27 18 45 00 1 5827.598
2010 02 27 19 00 00 1 5827.606
2010 02 27 19 15 00 1 5827.611
2010 02 27 19 30 00 1 5827.614
2010 02 27 19 45 00 1 5827.618
2010 02 27 20 00 00 1 5827.618
2010 02 27 20 15 00 1 5827.613
2010 02 27 20 30 00 1 5827.608
2010 02 27 20 45 00 1 5827.603
2010 02 27 21 00 00 1 5827.597
2010 02 27 21 15 00 1 5827.590
2010 02 27 21 30 00 1 5827.580
2010 02 27 21 45 00 1 5827.571
2010 02 27 22 00 00 1 5827.564
2010 02 27 22 15 00 1 5827.552
2010 02 27 22 30 00 1 5827.543
2010 02 27 22 45 00 1 5827.537
2010 02 27 23 00 00 1 5827.531
2010 02 27 23 15 00 1 5827.526
2010 02 27 23 30 00 1 5827.524
2010 02 27 23 45 00 1 5827.519
2010 02 28 00 00 00 1 5827.516
2010 02 28 00 15 00 1 5827.516
2010 02 28 00 30 00 1 5827.518
2010 02 28 00 45 00 1 5827.517
2010 02 28 01 00 00 1 5827.520
2010 02 28 01 15 00 1 5827.524
2010 02 28 01 30 00 1 5827.529
2010 02 28 01 45 00 1 5827.538
2010 02 28 02 00 00 1 5827.547
2010 02 28 02 15 00 1 5827.555
2010 02 28 02 30 00 1 5827.568
2010 02 28 02 45 00 1 5827.581
2010 02 28 03 00 00 1 5827.592
2010 02 28 03 00 00 2 5827.593
2010 02 28 03 01 00 2 5827.593
2010 02 28 03 02 00 2 5827.594
2010 02 28 03 03 00 2 5827.595
2010 02 28 03 04 00 2 5827.597
2010 02 28 03 05 00 2 5827.598
2010 02 28 03 06 00 2 5827.598
2010 02 28 03 07 00 2 5827.598
2010 02 28 03 08 00 2 5827.599
2010 02 28 03 09 00 2 5827.600
2010 02 28 03 10 00 2 5827.600
2010 02 28 03 11 00 2 5827.602
2010 02 28 03 12 00 2 5827.603
2010 02 28 03 13 00 2 5827.603
2010 02 28 03 14 00 2 5827.604
2010 02 28 03 15 00 1 5827.605
2010 02 28 03 15 00 2 5827.605
2010 02 28 03 16 00 2 5827.605
2010 02 28 03 17 00 2 5827.606
2010 02 28 03 18 00 2 5827.607
2010 02 28 03 19 00 2 5827.608
2010 02 28 03 20 00 2 5827.609
2010 02 28 03 21 00 2 5827.610
2010 02 28 03 22 00 2 5827.610
2010 02 28 03 23 00 2 5827.610
2010 02 28 03 24 00 2 5827.612
2010 02 28 03 25 00 2 5827.612
2010 02 28 03 26 00 2 5827.613
2010 02 28 03 27 00 2 5827.613
2010 02 28 03 28 00 2 5827.614
2010 02 28 03 29 00 2 5827.615
2010 02 28 03 30 00 1 5827.614
2010 02 28 03 30 00 2 5827.614
2010 02 28 03 31 00 2 5827.615
2010 02 28 03 32 00 2 5827.615
2010 02 28 03 33 00 2 5827.616
2010 02 28 03 34 00 2 5827.617
2010 02 28 03 35 00 2 5827.618
2010 02 28 03 36 00 2 5827.620
2010 02 28 03 37 00 2 5827.621
2010 02 28 03 38 00 2 5827.623
2010 02 28 03 39 00 2 5827.625
2010 02 28 03 40 00 2 5827.627
2010 02 28 03 41 00 2 5827.630
2010 02 28 03 42 00 2 5827.632
2010 02 28 03 43 00 2 5827.636
2010 02 28 03 44 00 2 5827.638
2010 02 28 03 45 00 1 5827.640
2010 02 28 03 45 00 2 5827.642
2010 02 28 03 46 00 2 5827.645
2010 02 28 03 47 00 2 5827.647
2010 02 28 03 48 00 2 5827.649
2010 02 28 03 49 00 2 5827.652
2010 02 28 03 50 00 2 5827.653
2010 02 28 03 51 00 2 5827.655
2010 02 28 03 52 00 2 5827.658
2010 02 28 03 53 00 2 5827.659
2010 02 28 03 54 00 2 5827.661
2010 02 28 03 55 00 2 5827.663
2010 02 28 03 56 00 2 5827.665
2010 02 28 03 57 00 2 5827.670
2010 02 28 03 58 00 2 5827.675
2010 02 28 03 59 00 2 5827.680
2010 02 28 04 00 00 1 5827.684
2010 02 28 04 00 00 2 5827.687
2010 02 28 04 01 00 2 5827.695
2010 02 28 04 02 00 2 5827.703
2010 02 28 04 03 00 2 5827.710
2010 02 28 04 04 00 2 5827.718
2010 02 28 04 05 00 2 5827.726
2010 02 28 04 06 00 2 5827.732
2010 02 28 04 07 00 2 5827.736
2010 02 28 04 08 00 2 5827.740
2010 02 28 04 09 00 2 5827.742
2010 02 28 04 10 00 2 5827.743
2010 02 28 04 11 00 2 5827.744
2010 02 28 04 12 00 2 5827.744
2010 02 28 04 13 00 2 5827.747
2010 02 28 04 14 00 2 5827.748
2010 02 28 04 15 00 1 9999.000
2010 02 28 04 15 00 2 5827.750
2010 02 28 04 16 00 2 5827.750
2010 02 28 04 17 00 2 5827.751
2010 02 28 04 17 30 3 5827.751
2010 02 28 04 17 45 3 5827.751
2010 02 28 04 18 00 2 5827.849
2010 02 28 04 18 00 3 5827.850
2010 02 28 04 18 15 3 5827.850
2010 02 28 04 18 30 3 5827.849
2010 02 28 04 18 45 3 5827.849
2010 02 28 04 19 00 2 5827.797
2010 02 28 04 19 00 3 5827.847
2010 02 28 04 19 15 3 5827.847
2010 02 28 04 19 30 3 5827.748
2010 02 28 04 19 45 3 5827.747
2010 02 28 04 20 00 2 5827.745
2010 02 28 04 20 00 3 5827.746
2010 02 28 04 20 15 3 5827.746
2010 02 28 04 20 30 3 5827.744
2010 02 28 04 20 45 3 5827.743
2010 02 28 04 21 00 2 5827.741
2010 02 28 04 21 00 3 5827.742
2010 02 28 04 21 15 3 5827.741
2010 02 28 04 22 00 2 5827.737
2010 02 28 04 23 00 2 5827.732
2010 02 28 04 24 00 2 5827.725
2010 02 28 04 25 00 2 5827.716
2010 02 28 04 26 00 2 5827.702
2010 02 28 04 27 00 2 5827.685
2010 02 28 04 28 00 2 5827.663
2010 02 28 04 29 00 2 5827.640
2010 02 28 04 30 00 1 9999.000
2010 02 28 04 30 00 2 5827.619
2010 02 28 04 31 00 2 5827.604
2010 02 28 04 32 00 2 5827.596
2010 02 28 04 33 00 2 5827.599
2010 02 28 04 34 00 2 5827.607
2010 02 28 04 35 00 2 5827.621
2010 02 28 04 36 00 2 5827.635
2010 02 28 04 37 00 2 5827.649
2010 02 28 04 38 00 2 5827.661
2010 02 28 04 39 00 2 5827.668
2010 02 28 04 40 00 2 5827.672
2010 02 28 04 41 00 2 5827.673
2010 02 28 04 42 00 2 5827.670
2010 02 28 04 43 00 2 5827.664
2010 02 28 04 44 00 2 5827.656
2010 02 28 04 45 00 1 9999.000
2010 02 28 04 45 00 2 5827.648
2010 02 28 04 46 00 2 5827.641
2010 02 28 04 47 00 2 5827.640
2010 02 28 04 48 00 2 5827.643
2010 02 28 04 49 00 2 5827.651
2010 02 28 04 50 00 2 5827.659
2010 02 28 04 51 00 2 5827.667
2010 02 28 04 52 00 2 5827.675
2010 02 28 04 53 00 2 5827.678
2010 02 28 04 54 00 2 5827.681
2010 02 28 04 55 00 2 5827.684
2010 02 28 04 56 00 2 5827.688
2010 02 28 04 57 00 2 5827.690
2010 02 28 04 58 00 2 5827.688
2010 02 28 04 59 00 2 5827.683
2010 02 28 05 00 00 1 9999.000
2010 02 28 05 00 00 2 5827.671
2010 02 28 05 01 00 2 5827.658
2010 02 28 05 02 00 2 5827.646
2010 02 28 05 03 00 2 5827.641
2010 02 28 05 04 00 2 5827.643
2010 02 28 05 05 00 2 5827.654
2010 02 28 05 06 00 2 5827.668
2010 02 28 05 07 00 2 5827.680
2010 02 28 05 08 00 2 5827.685
2010 02 28 05 09 00 2 5827.683
2010 02 28 05 10 00 2 5827.674
2010 02 28 05 11 00 2 5827.665
2010 02 28 05 12 00 2 5827.657
2010 02 28 05 13 00 2 5827.655
2010 02 28 05 14 00 2 5827.658
2010 02 28 05 15 00 1 9999.000
2010 02 28 05 15 00 2 5827.663
2010 02 28 05 16 00 2 5827.667
2010 02 28 05 17 00 2 5827.670
2010 02 28 05 18 00 2 5827.670
2010 02 28 05 19 00 2 5827.671
2010 02 28 05 20 00 2 5827.671
2010 02 28 05 21 00 2 5827.673
2010 02 28 05 22 00 2 5827.674
2010 02 28 05 23 00 2 5827.675
2010 02 28 05 24 00 2 5827.672
2010 02 28 05 25 00 2 5827.667
2010 02 28 05 26 00 2 5827.666
2010 02 28 05 27 00 2 5827.668
2010 02 28 05 28 00 2 5827.676
2010 02 28 05 29 00 2 5827.688
2010 02 28 05 30 00 1 9999.000
2010 02 28 05 30 00 2 5827.702
2010 02 28 05 31 00 2 5827.709
2010 02 28 05 32 00 2 5827.708
2010 02 28 05 33 00 2 5827.703
2010 02 28 05 34 00 2 5827.695
2010 02 28 05 35 00 2 5827.692
2010 02 28 05 36 00 2 5827.696
2010 02 28 05 37 00 2 5827.704
2010 02 28 05 38 00 2 5827.711
2010 02 28 05 39 00 2 5827.713
2010 02 28 05 40 00 2 5827.712
2010 02 28 05 41 00 2 5827.711
2010 02 28 05 42 00 2 5827.714
2010 02 28 05 43 00 2 5827.721
2010 02 28 05 44 00 2 5827.728
2010 02 28 05 45 00 1 9999.000
2010 02 28 05 45 00 2 5827.732
2010 02 28 05 46 00 2 5827.730
2010 02 28 05 47 00 2 5827.727
2010 02 28 05 48 00 2 5827.728
2010 02 28 05 49 00 2 5827.735
2010 02 28 05 50 00 2 5827.744
2010 02 28 05 51 00 2 5827.750
2010 02 28 05 52 00 2 5827.745
2010 02 28 05 53 00 2 5827.735
2010 02 28 05 54 00 2 5827.727
2010 02 28 05 55 00 2 5827.729
2010 02 28 05 56 00 2 5827.741
2010 02 28 05 57 00 2 5827.754
2010 02 28 05 58 00 2 5827.761
2010 02 28 05 59 00 2 5827.760
2010 02 28 06 00 00 1 9999.000
2010 02 28 06 00 00 2 5827.754
2010 02 28 06 01 00 2 5827.750
2010 02 28 06 02 00 2 5827.750
2010 02 28 06 03 00 2 5827.749
2010 02 28 06 04 00 2 5827.743
2010 02 28 06 05 00 2 5827.739
2010 02 28 06 06 00 2 5827.739
2010 02 28 06 07 00 2 5827.743
2010 02 28 06 08 00 2 5827.749
2010 02 28 06 09 00 2 5827.746
2010 02 28 06 10 00 2 5827.733
2010 02 28 06 11 00 2 5827.721
2010 02 28 06 12 00 2 5827.717
2010 02 28 06 13 00 2 5827.722
2010 02 28 06 14 00 2 5827.729
2010 02 28 06 15 00 1 9999.000
2010 02 28 06 15 00 2 5827.729
2010 02 28 06 16 00 2 5827.722
2010 02 28 06 17 00 2 5827.717
2010 02 28 06 18 00 2 5827.718
2010 02 28 06 19 00 2 5827.723
2010 02 28 06 20 00 2 5827.727
2010 02 28 06 21 00 2 5827.727
2010 02 28 06 22 00 2 5827.724
2010 02 28 06 23 00 2 5827.722
2010 02 28 06 24 00 2 5827.720
2010 02 28 06 25 00 2 5827.720
2010 02 28 06 26 00 2 5827.718
2010 02 28 06 27 00 2 5827.714
2010 02 28 06 28 00 2 5827.713
2010 02 28 06 29 00 2 5827.716
2010 02 28 06 30 00 1 9999.000
2010 02 28 06 30 00 2 5827.723
2010 02 28 06 31 00 2 5827.729
2010 02 28 06 32 00 2 5827.730
2010 02 28 06 33 00 2 5827.728
2010 02 28 06 34 00 2 5827.730
2010 02 28 06 35 00 2 5827.735
2010 02 28 06 36 00 2 5827.740
2010 02 28 06 37 00 2 5827.734
2010 02 28 06 38 00 2 5827.723
2010 02 28 06 39 00 2 5827.711
2010 02 28 06 40 00 2 5827.709
2010 02 28 06 41 00 2 5827.713
2010 02 28 06 42 00 2 5827.713
2010 02 28 06 43 00 2 5827.706
2010 02 28 06 44 00 2 5827.701
2010 02 28 06 45 00 1 9999.000
2010 02 28 06 45 00 2 5827.703
2010 02 28 06 46 00 2 5827.710
2010 02 28 06 47 00 2 5827.711
2010 02 28 06 48 00 2 5827.697
2010 02 28 06 49 00 2 5827.679
2010 02 28 06 50 00 2 5827.670
2010 02 28 06 51 00 2 5827.671
2010 02 28 06 52 00 2 5827.675
2010 02 28 06 53 00 2 5827.675
2010 02 28 06 54 00 2 5827.673
2010 02 28 06 55 00 2 5827.674
2010 02 28 06 56 00 2 5827.674
2010 02 28 06 57 00 2 5827.669
2010 02 28 06 58 00 2 5827.662
2010 02 28 06 59 00 2 5827.661
2010 02 28 07 00 00 1 9999.000
2010 02 28 07 00 00 2 5827.667
2010 02 28 07 01 00 2 5827.671
2010 02 28 07 02 00 2 5827.674
2010 02 28 07 03 00 2 5827.676
2010 02 28 07 04 00 2 5827.682
2010 02 28 07 05 00 2 5827.690
2010 02 28 07 06 00 2 5827.696
2010 02 28 07 07 00 2 5827.695
2010 02 28 07 08 00 2 5827.694
2010 02 28 07 09 00 2 5827.689
2010 02 28 07 10 00 2 5827.680
2010 02 28 07 11 00 2 5827.667
2010 02 28 07 12 00 2 5827.656
2010 02 28 07 13 00 2 5827.653
2010 02 28 07 14 00 2 5827.653
2010 02 28 07 15 00 1 9999.000
2010 02 28 07 15 00 2 5827.651
2010 02 28 07 16 00 2 5827.647
2010 02 28 07 17 00 2 5827.645
2010 02 28 07 18 00 2 5827.647
2010 02 28 07 19 00 2 5827.649
2010 02 28 07 20 00 2 5827.650
2010 02 28 07 21 00 2 5827.650
2010 02 28 07 22 00 2 5827.652
2010 02 28 07 23 00 2 5827.653
2010 02 28 07 24 00 2 5827.652
2010 02 28 07 25 00 2 5827.652
2010 02 28 07 26 00 2 5827.653
2010 02 28 07 27 00 2 5827.653
2010 02 28 07 28 00 2 5827.653
2010 02 28 07 29 00 2 5827.654
2010 02 28 07 30 00 1 9999.000
2010 02 28 07 30 00 2 5827.653
2010 02 28 07 31 00 2 5827.646
2010 02 28 07 32 00 2 5827.635
2010 02 28 07 33 00 2 5827.628
2010 02 28 07 34 00 2 5827.629
2010 02 28 07 35 00 2 5827.634
2010 02 28 07 36 00 2 5827.635
2010 02 28 07 37 00 2 5827.630
2010 02 28 07 38 00 2 5827.627
2010 02 28 07 39 00 2 5827.628
2010 02 28 07 40 00 2 5827.627
2010 02 28 07 41 00 2 5827.625
2010 02 28 07 42 00 2 5827.625
2010 02 28 07 43 00 2 5827.626
2010 02 28 07 44 00 2 5827.625
2010 02 28 07 45 00 1 9999.000
2010 02 28 07 45 00 2 5827.623
2010 02 28 07 46 00 2 5827.623
2010 02 28 07 47 00 2 5827.627
2010 02 28 07 48 00 2 5827.631
2010 02 28 07 49 00 2 5827.628
2010 02 28 07 50 00 2 5827.621
2010 02 28 07 51 00 2 5827.617
2010 02 28 07 52 00 2 5827.617
2010 02 28 07 53 00 2 5827.615
2010 02 28 07 54 00 2 5827.607
2010 02 28 07 55 00 2 5827.598
2010 02 28 07 56 00 2 5827.594
2010 02 28 07 57 00 2 5827.596
2010 02 28 07 58 00 2 5827.595
2010 02 28 07 59 00 2 5827.591
2010 02 28 08 00 00 1 9999.000
2010 02 28 08 00 00 2 5827.587
2010 02 28 08 01 00 2 5827.586
2010 02 28 08 02 00 2 5827.586
2010 02 28 08 03 00 2 5827.587
2010 02 28 08 04 00 2 5827.587
2010 02 28 08 05 00 2 5827.587
2010 02 28 08 06 00 2 5827.582
2010 02 28 08 07 00 2 5827.578
2010 02 28 08 08 00 2 5827.575
2010 02 28 08 09 00 2 5827.575
2010 02 28 08 10 00 2 5827.574
2010 02 28 08 11 00 2 5827.569
2010 02 28 08 12 00 2 5827.559
2010 02 28 08 13 00 2 5827.554
2010 02 28 08 14 00 2 5827.553
2010 02 28 08 15 00 1 9999.000
2010 02 28 08 15 00 2 5827.554
2010 02 28 08 16 00 2 5827.550
2010 02 28 08 17 00 2 5827.546
2010 02 28 08 18 00 2 5827.545
2010 02 28 08 19 00 2 5827.545
2010 02 28 08 20 00 2 5827.539
2010 02 28 08 21 00 2 5827.530
2010 02 28 08 22 00 2 5827.530
2010 02 28 08 23 00 2 5827.535
2010 02 28 08 24 00 2 5827.540
2010 02 28 08 25 00 2 5827.543
2010 02 28 08 26 00 2 5827.547
2010 02 28 08 27 00 2 5827.552
2010 02 28 08 28 00 2 5827.546
2010 02 28 08 29 00 2 5827.535
2010 02 28 08 30 00 1 9999.000
2010 02 28 08 30 00 2 5827.534
2010 02 28 08 31 00 2 5827.537
2010 02 28 08 32 00 2 5827.534
2010 02 28 08 33 00 2 5827.528
2010 02 28 08 34 00 2 5827.523
2010 02 28 08 35 00 2 5827.526
2010 02 28 08 36 00 2 5827.533
2010 02 28 08 37 00 2 5827.539
2010 02 28 08 38 00 2 5827.540
2010 02 28 08 39 00 2 5827.538
2010 02 28 08 40 00 2 5827.531
2010 02 28 08 41 00 2 5827.527
2010 02 28 08 42 00 2 5827.525
2010 02 28 08 43 00 2 5827.526
2010 02 28 08 44 00 2 5827.530
2010 02 28 08 45 00 1 9999.000
2010 02 28 08 45 00 2 5827.532
2010 02 28 08 46 00 2 5827.528
2010 02 28 08 47 00 2 5827.521
2010 02 28 08 48 00 2 5827.515
2010 02 28 08 49 00 2 5827.514
2010 02 28 08 50 00 2 5827.511
2010 02 28 08 51 00 2 5827.504
2010 02 28 08 52 00 2 5827.498
2010 02 28 08 53 00 2 5827.496
2010 02 28 08 54 00 2 5827.495
2010 02 28 08 55 00 2 5827.498
2010 02 28 08 56 00 2 5827.499
2010 02 28 08 57 00 2 5827.490
2010 02 28 08 58 00 2 5827.478
2010 02 28 08 59 00 2 5827.472
2010 02 28 09 00 00 1 9999.000
2010 02 28 09 00 00 2 5827.474
2010 02 28 09 01 00 2 5827.473
2010 02 28 09 02 00 2 5827.468
2010 02 28 09 03 00 2 5827.466
2010 02 28 09 04 00 2 5827.467
2010 02 28 09 05 00 2 5827.468
2010 02 28 09 06 00 2 5827.469
2010 02 28 09 07 00 2 5827.467
2010 02 28 09 08 00 2 5827.465
2010 02 28 09 09 00 2 5827.462
2010 02 28 09 10 00 2 5827.458
2010 02 28 09 11 00 2 5827.452
2010 02 28 09 12 00 2 5827.449
2010 02 28 09 13 00 2 5827.449
2010 02 28 09 14 00 2 5827.449
2010 02 28 09 15 00 1 9999.000
2010 02 28 09 15 00 2 5827.447
2010 02 28 09 16 00 2 5827.439
2010 02 28 09 17 00 2 5827.430
2010 02 28 09 18 00 2 5827.428
2010 02 28 09 19 00 2 5827.425
2010 02 28 09 20 00 2 5827.418
2010 02 28 09 21 00 2 5827.416
2010 02 28 09 22 00 2 5827.420
2010 02 28 09 23 00 2 5827.421
2010 02 28 09 24 00 2 5827.415
2010 02 28 09 25 00 2 5827.408
2010 02 28 09 26 00 2 5827.412
2010 02 28 09 27 00 2 5827.417
2010 02 28 09 28 00 2 5827.418
2010 02 28 09 29 00 2 5827.408
2010 02 28 09 30 00 1 9999.000
2010 02 28 09 30 00 2 5827.396
2010 02 28 09 31 00 2 5827.387
2010 02 28 09 32 00 2 5827.384
2010 02 28 09 33 00 2 5827.382
2010 02 28 09 34 00 2 5827.381
2010 02 28 09 35 00 2 5827.380
2010 02 28 09 36 00 2 5827.379
2010 02 28 09 37 00 2 5827.379
2010 02 28 09 38 00 2 5827.379
2010 02 28 09 39 00 2 5827.376
2010 02 28 09 40 00 2 5827.372
2010 02 28 09 41 00 2 5827.365
2010 02 28 09 42 00 2 5827.355
2010 02 28 09 43 00 2 5827.351
2010 02 28 09 44 00 2 5827.356
2010 02 28 09 45 00 1 9999.000
2010 02 28 09 45 00 2 5827.362
2010 02 28 09 46 00 2 5827.360
2010 02 28 09 47 00 2 5827.361
2010 02 28 09 48 00 2 5827.369
2010 02 28 09 49 00 2 5827.370
2010 02 28 09 50 00 2 5827.363
2010 02 28 09 51 00 2 5827.357
2010 02 28 09 52 00 2 5827.354
2010 02 28 09 53 00 2 5827.352
2010 02 28 09 54 00 2 5827.350
2010 02 28 09 55 00 2 5827.351
2010 02 28 09 56 00 2 5827.350
2010 02 28 09 57 00 2 5827.352
2010 02 28 09 58 00 2 5827.360
2010 02 28 09 59 00 2 5827.359
2010 02 28 10 00 00 1 9999.000
2010 02 28 10 00 00 2 5827.351
2010 02 28 10 01 00 2 5827.351
2010 02 28 10 02 00 2 5827.360
2010 02 28 10 03 00 2 5827.361
2010 02 28 10 04 00 2 5827.355
2010 02 28 10 05 00 2 5827.353
2010 02 28 10 06 00 2 5827.352
2010 02 28 10 07 00 2 5827.347
2010 02 28 10 08 00 2 5827.343
2010 02 28 10 09 00 2 5827.342
2010 02 28 10 10 00 2 5827.341
2010 02 28 10 11 00 2 5827.341
2010 02 28 10 12 00 2 5827.337
2010 02 28 10 13 00 2 5827.329
2010 02 28 10 14 00 2 5827.324
2010 02 28 10 15 00 1 9999.000
2010 02 28 10 15 00 2 5827.327
2010 02 28 10 16 00 2 5827.328
2010 02 28 10 17 00 2 5827.320
2010 02 28 10 18 00 2 5827.313
2010 02 28 10 19 00 2 5827.315
2010 02 28 10 20 00 2 5827.311
2010 02 28 10 21 00 2 5827.299
2010 02 28 10 22 00 2 5827.296
2010 02 28 10 23 00 2 5827.300
2010 02 28 10 24 00 2 5827.301
2010 02 28 10 25 00 2 5827.298
2010 02 28 10 26 00 2 5827.298
2010 02 28 10 27 00 2 5827.295
2010 02 28 10 28 00 2 5827.291
2010 02 28 10 29 00 2 5827.292
2010 02 28 10 30 00 1 9999.000
2010 02 28 10 30 00 2 5827.298
2010 02 28 10 31 00 2 5827.294
2010 02 28 10 32 00 2 5827.288
2010 02 28 10 33 00 2 5827.291
2010 02 28 10 34 00 2 5827.290
2010 02 28 10 35 00 2 5827.279
2010 02 28 10 36 00 2 5827.273
2010 02 28 10 37 00 2 5827.274
2010 02 28 10 38 00 2 5827.275
2010 02 28 10 39 00 2 5827.272
2010 02 28 10 40 00 2 5827.269
2010 02 28 10 41 00 2 5827.260
2010 02 28 10 42 00 2 5827.252
2010 02 28 10 43 00 2 5827.253
2010 02 28 10 44 00 2 5827.253
2010 02 28 10 45 00 1 9999.000
2010 02 28 10 45 00 2 5827.248
2010 02 28 10 46 00 2 5827.246
2010 02 28 10 47 00 2 5827.244
2010 02 28 10 48 00 2 5827.234
2010 02 28 10 49 00 2 5827.223
2010 02 28 10 50 00 2 5827.223
2010 02 28 10 51 00 2 5827.223
2010 02 28 10 52 00 2 5827.224
2010 02 28 10 53 00 2 5827.228
2010 02 28 10 54 00 2 5827.230
2010 02 28 10 55 00 2 5827.224
2010 02 28 10 56 00 2 5827.216
2010 02 28 10 57 00 2 5827.215
2010 02 28 10 58 00 2 5827.217
2010 02 28 10 59 00 2 5827.222
2010 02 28 11 00 00 1 9999.000
2010 02 28 11 00 00 2 5827.225
2010 02 28 11 01 00 2 5827.222
2010 02 28 11 02 00 2 5827.217
2010 02 28 11 03 00 2 5827.217
2010 02 28 11 04 00 2 5827.214
2010 02 28 11 05 00 2 5827.209
2010 02 28 11 06 00 2 5827.210
2010 02 28 11 07 00 2 5827.218
2010 02 28 11 08 00 2 5827.219
2010 02 28 11 09 00 2 5827.216
2010 02 28 11 10 00 2 5827.213
2010 02 28 11 11 00 2 5827.214
2010 02 28 11 12 00 2 5827.212
2010 02 28 11 13 00 2 5827.208
2010 02 28 11 14 00 2 5827.203
2010 02 28 11 15 00 1 5827.200
2010 02 28 11 15 00 2 5827.199
2010 02 28 11 16 00 2 5827.195
2010 02 28 11 17 00 2 5827.190
2010 02 28 11 18 00 2 5827.187
2010 02 28 11 19 00 2 5827.189
2010 02 28 11 20 00 2 5827.188
2010 02 28 11 21 00 2 5827.184
2010 02 28 11 22 00 2 5827.179
2010 02 28 11 23 00 2 5827.176
2010 02 28 11 24 00 2 5827.177
2010 02 28 11 25 00 2 5827.179
2010 02 28 11 26 00 2 5827.177
2010 02 28 11 27 00 2 5827.174
2010 02 28 11 28 00 2 5827.173
2010 02 28 11 29 00 2 5827.168
2010 02 28 11 30 00 1 5827.165
2010 02 28 11 30 00 2 5827.162
2010 02 28 11 31 00 2 5827.159
2010 02 28 11 32 00 2 5827.157
2010 02 28 11 33 00 2 5827.153
2010 02 28 11 34 00 2 5827.150
2010 02 28 11 35 00 2 5827.154
2010 02 28 11 36 00 2 5827.158
2010 02 28 11 37 00 2 5827.154
2010 02 28 11 38 00 2 5827.148
2010 02 28 11 39 00 2 5827.153
2010 02 28 11 40 00 2 5827.161
2010 02 28 11 41 00 2 5827.157
2010 02 28 11 42 00 2 5827.152
2010 02 28 11 43 00 2 5827.154
2010 02 28 11 44 00 2 5827.156
2010 02 28 11 45 00 1 5827.158
2010 02 28 11 45 00 2 5827.161
2010 02 28 11 46 00 2 5827.163
2010 02 28 11 47 00 2 5827.152
2010 02 28 11 48 00 2 5827.148
2010 02 28 11 49 00 2 5827.158
2010 02 28 11 50 00 2 5827.159
2010 02 28 11 51 00 2 5827.154
2010 02 28 11 52 00 2 5827.155
2010 02 28 11 53 00 2 5827.154
2010 02 28 11 54 00 2 5827.148
2010 02 28 11 55 00 2 5827.146
2010 02 28 11 56 00 2 5827.142
2010 02 28 11 57 00 2 5827.141
2010 02 28 11 58 00 2 5827.143
2010 02 28 11 59 00 2 5827.141
2010 02 28 12 00 00 1 5827.139
2010 02 28 12 00 00 2 5827.139
2010 02 28 12 01 00 2 5827.142
2010 02 28 12 02 00 2 5827.143
2010 02 28 12 03 00 2 5827.138
2010 02 28 12 04 00 2 5827.138
2010 02 28 12 05 00 2 5827.140
2010 02 28 12 06 00 2 5827.142
2010 02 28 12 07 00 2 5827.145
2010 02 28 12 08 00 2 5827.142
2010 02 28 12 09 00 2 5827.143
2010 02 28 12 10 00 2 5827.147
2010 02 28 12 11 00 2 5827.151
2010 02 28 12 12 00 2 5827.151
2010 02 28 12 13 00 2 5827.147
2010 02 28 12 14 00 2 5827.142
2010 02 28 12 15 00 1 9999.000
2010 02 28 12 15 00 2 5827.142
2010 02 28 12 16 00 2 5827.137
2010 02 28 12 17 00 2 5827.128
2010 02 28 12 18 00 2 5827.128
2010 02 28 12 19 00 2 5827.125
2010 02 28 12 20 00 2 5827.116
2010 02 28 12 21 00 2 5827.115
2010 02 28 12 22 00 2 5827.110
2010 02 28 12 23 00 2 5827.104
2010 02 28 12 24 00 2 5827.107
2010 02 28 12 25 00 2 5827.111
2010 02 28 12 26 00 2 5827.109
2010 02 28 12 27 00 2 5827.108
2010 02 28 12 28 00 2 5827.107
2010 02 28 12 29 00 2 5827.105
2010 02 28 12 30 00 1 9999.000
2010 02 28 12 30 00 2 5827.103
2010 02 28 12 31 00 2 5827.098
2010 02 28 12 32 00 2 5827.091
2010 02 28 12 33 00 2 5827.092
2010 02 28 12 34 00 2 5827.098
2010 02 28 12 35 00 2 5827.099
2010 02 28 12 36 00 2 5827.094
2010 02 28 12 37 00 2 5827.091
2010 02 28 12 38 00 2 5827.096
2010 02 28 12 39 00 2 5827.095
2010 02 28 12 40 00 2 5827.096
2010 02 28 12 41 00 2 5827.099
2010 02 28 12 42 00 2 5827.095
2010 02 28 12 43 00 2 5827.096
2010 02 28 12 44 00 2 5827.106
2010 02 28 12 45 00 1 9999.000
2010 02 28 12 45 00 2 5827.115
2010 02 28 12 46 00 2 5827.124
2010 02 28 12 46 30 3 5827.125
2010 02 28 12 46 45 3 5827.129
2010 02 28 12 47 00 2 5827.133
2010 02 28 12 47 00 3 5827.130
2010 02 28 12 47 15 3 5827.134
2010 02 28 12 47 30 3 5827.134
2010 02 28 12 47 45 3 5827.135
2010 02 28 12 48 00 2 5827.133
2010 02 28 12 48 00 3 5827.135
2010 02 28 12 48 15 3 5827.134
2010 02 28 12 48 30 3 5827.133
2010 02 28 12 48 45 3 5827.133
2010 02 28 12 49 00 2 5827.133
2010 02 28 12 49 00 3 5827.131
2010 02 28 12 49 15 3 5827.133
2010 02 28 12 49 30 3 5827.133
2010 02 28 12 49 45 3 5827.135
2010 02 28 12 50 00 2 5827.138
2010 02 28 12 50 00 3 5827.137
2010 02 28 12 50 15 3 5827.138
2010 02 28 12 51 00 2 5827.139
2010 02 28 12 52 00 2 5827.137
2010 02 28 12 53 00 2 5827.136
2010 02 28 12 54 00 2 5827.138
2010 02 28 12 55 00 2 5827.140
2010 02 28 12 56 00 2 5827.138
2010 02 28 12 57 00 2 5827.133
2010 02 28 12 58 00 2 5827.128
2010 02 28 12 59 00 2 5827.125
2010 02 28 13 00 00 1 9999.000
2010 02 28 13 00 00 2 5827.120
2010 02 28 13 01 00 2 5827.117
2010 02 28 13 02 00 2 5827.117
2010 02 28 13 03 00 2 5827.119
2010 02 28 13 04 00 2 5827.118
2010 02 28 13 05 00 2 5827.117
2010 02 28 13 06 00 2 5827.116
2010 02 28 13 07 00 2 5827.118
2010 02 28 13 08 00 2 5827.115
2010 02 28 13 09 00 2 5827.110
2010 02 28 13 10 00 2 5827.113
2010 02 28 13 11 00 2 5827.121
2010 02 28 13 12 00 2 5827.123
2010 02 28 13 13 00 2 5827.122
2010 02 28 13 14 00 2 5827.124
2010 02 28 13 15 00 1 9999.000
2010 02 28 13 15 00 2 5827.123
2010 02 28 13 16 00 2 5827.118
2010 02 28 13 17 00 2 5827.114
2010 02 28 13 18 00 2 5827.110
2010 02 28 13 19 00 2 5827.109
2010 02 28 13 20 00 2 5827.112
2010 02 28 13 21 00 2 5827.118
2010 02 28 13 22 00 2 5827.117
2010 02 28 13 23 00 2 5827.111
2010 02 28 13 24 00 2 5827.108
2010 02 28 13 25 00 2 5827.107
2010 02 28 13 26 00 2 5827.108
2010 02 28 13 27 00 2 5827.107
2010 02 28 13 28 00 2 5827.107
2010 02 28 13 29 00 2 5827.111
2010 02 28 13 30 00 1 9999.000
2010 02 28 13 30 00 2 5827.112
2010 02 28 13 31 00 2 5827.110
2010 02 28 13 32 00 2 5827.119
2010 02 28 13 33 00 2 5827.124
2010 02 28 13 34 00 2 5827.120
2010 02 28 13 35 00 2 5827.122
2010 02 28 13 36 00 2 5827.128
2010 02 28 13 37 00 2 5827.131
2010 02 28 13 38 00 2 5827.134
2010 02 28 13 39 00 2 5827.140
2010 02 28 13 40 00 2 5827.145
2010 02 28 13 41 00 2 5827.144
2010 02 28 13 42 00 2 5827.141
2010 02 28 13 43 00 2 5827.141
2010 02 28 13 44 00 2 5827.136
2010 02 28 13 45 00 1 9999.000
2010 02 28 13 45 00 2 5827.132
2010 02 28 13 46 00 2 5827.134
2010 02 28 13 47 00 2 5827.139
2010 02 28 13 48 00 2 5827.142
2010 02 28 13 49 00 2 5827.145
2010 02 28 13 50 00 2 5827.152
2010 02 28 13 51 00 2 5827.154
2010 02 28 13 52 00 2 5827.155
2010 02 28 13 53 00 2 5827.157
2010 02 28 13 54 00 2 5827.153
2010 02 28 13 55 00 2 5827.150
2010 02 28 13 56 00 2 5827.156
2010 02 28 13 57 00 2 5827.160
2010 02 28 13 58 00 2 5827.160
2010 02 28 13 59 00 2 5827.164
2010 02 28 14 00 00 1 9999.000
2010 02 28 14 00 00 2 5827.165
2010 02 28 14 01 00 2 5827.161
2010 02 28 14 02 00 2 5827.162
2010 02 28 14 03 00 2 5827.165
2010 02 28 14 04 00 2 5827.170
2010 02 28 14 05 00 2 5827.172
2010 02 28 14 06 00 2 5827.171
2010 02 28 14 07 00 2 5827.173
2010 02 28 14 08 00 2 5827.170
2010 02 28 14 09 00 2 5827.166
2010 02 28 14 10 00 2 5827.174
2010 02 28 14 11 00 2 5827.177
2010 02 28 14 12 00 2 5827.175
2010 02 28 14 13 00 2 5827.177
2010 02 28 14 14 00 2 5827.174
2010 02 28 14 15 00 1 9999.000
2010 02 28 14 15 00 2 5827.170
2010 02 28 14 16 00 2 5827.171
2010 02 28 14 17 00 2 5827.168
2010 02 28 14 18 00 2 5827.168
2010 02 28 14 19 00 2 5827.171
2010 02 28 14 20 00 2 5827.169
2010 02 28 14 21 00 2 5827.170
2010 02 28 14 22 00 2 5827.175
2010 02 28 14 23 00 2 5827.178
2010 02 28 14 24 00 2 5827.178
2010 02 28 14 25 00 2 5827.180
2010 02 28 14 26 00 2 5827.186
2010 02 28 14 27 00 2 5827.188
2010 02 28 14 28 00 2 5827.189
2010 02 28 14 29 00 2 5827.190
2010 02 28 14 30 00 1 9999.000
2010 02 28 14 30 00 2 5827.192
2010 02 28 14 31 00 2 5827.201
2010 02 28 14 32 00 2 5827.205
2010 02 28 14 33 00 2 5827.207
2010 02 28 14 34 00 2 5827.217
2010 02 28 14 35 00 2 5827.218
2010 02 28 14 36 00 2 5827.215
2010 02 28 14 37 00 2 5827.221
2010 02 28 14 38 00 2 5827.224
2010 02 28 14 39 00 2 5827.222
2010 02 28 14 40 00 2 5827.227
2010 02 28 14 41 00 2 5827.232
2010 02 28 14 42 00 2 5827.235
2010 02 28 14 43 00 2 5827.238
2010 02 28 14 44 00 2 5827.239
2010 02 28 14 45 00 1 9999.000
2010 02 28 14 45 00 2 5827.241
2010 02 28 14 46 00 2 5827.239
2010 02 28 14 47 00 2 5827.235
2010 02 28 14 48 00 2 5827.236
2010 02 28 14 49 00 2 5827.231
2010 02 28 14 50 00 2 5827.228
2010 02 28 14 51 00 2 5827.231
2010 02 28 14 52 00 2 5827.228
2010 02 28 14 53 00 2 5827.225
2010 02 28 14 54 00 2 5827.223
2010 02 28 14 55 00 2 5827.222
2010 02 28 14 56 00 2 5827.223
2010 02 28 14 57 00 2 5827.226
2010 02 28 14 58 00 2 5827.231
2010 02 28 14 59 00 2 5827.234
2010 02 28 15 00 00 1 9999.000
2010 02 28 15 00 00 2 5827.232
2010 02 28 15 01 00 2 5827.233
2010 02 28 15 02 00 2 5827.236
2010 02 28 15 03 00 2 5827.236
2010 02 28 15 04 00 2 5827.236
2010 02 28 15 05 00 2 5827.234
2010 02 28 15 06 00 2 5827.231
2010 02 28 15 07 00 2 5827.231
2010 02 28 15 08 00 2 5827.234
2010 02 28 15 09 00 2 5827.236
2010 02 28 15 10 00 2 5827.239
2010 02 28 15 11 00 2 5827.244
2010 02 28 15 12 00 2 5827.244
2010 02 28 15 13 00 2 5827.245
2010 02 28 15 14 00 2 5827.251
2010 02 28 15 15 00 1 9999.000
2010 02 28 15 15 00 2 5827.258
2010 02 28 15 16 00 2 5827.258
2010 02 28 15 17 00 2 5827.258
2010 02 28 15 18 00 2 5827.264
2010 02 28 15 19 00 2 5827.271
2010 02 28 15 20 00 2 5827.269
2010 02 28 15 21 00 2 5827.270
2010 02 28 15 22 00 2 5827.273
2010 02 28 15 23 00 2 5827.273
2010 02 28 15 24 00 2 5827.276
2010 02 28 15 25 00 2 5827.280
2010 02 28 15 26 00 2 5827.282
2010 02 28 15 27 00 2 5827.284
2010 02 28 15 28 00 2 5827.286
2010 02 28 15 29 00 2 5827.287
2010 02 28 15 30 00 1 9999.000
2010 02 28 15 30 00 2 5827.295
2010 02 28 15 31 00 2 5827.296
2010 02 28 15 32 00 2 5827.297
2010 02 28 15 33 00 2 5827.300
2010 02 28 15 34 00 2 5827.303
2010 02 28 15 35 00 2 5827.308
2010 02 28 15 36 00 2 5827.311
2010 02 28 15 37 00 2 5827.310
2010 02 28 15 38 00 2 5827.311
2010 02 28 15 39 00 2 5827.309
2010 02 28 15 40 00 2 5827.304
2010 02 28 15 41 00 2 5827.302
2010 02 28 15 42 00 2 5827.303
2010 02 28 15 43 00 2 5827.305
2010 02 28 15 44 00 2 5827.301
2010 02 28 15 45 00 1 9999.000
2010 02 28 15 45 00 2 5827.304
2010 02 28 15 46 00 2 5827.311
2010 02 28 15 47 00 2 5827.307
2010 02 28 15 48 00 2 5827.310
2010 02 28 15 49 00 2 5827.314
2010 02 28 15 50 00 2 5827.312
2010 02 28 15 51 00 2 5827.315
2010 02 28 15 52 00 2 5827.315
2010 02 28 15 53 00 2 5827.320
2010 02 28 15 54 00 2 5827.325
2010 02 28 15 55 00 2 5827.324
2010 02 28 15 56 00 2 5827.329
2010 02 28 15 57 00 2 5827.332
2010 02 28 15 58 00 2 5827.327
2010 02 28 15 59 00 2 5827.332
2010 02 28 16 00 00 1 9999.000
2010 02 28 16 15 00 1 5827.393
2010 02 28 16 30 00 1 5827.415
2010 02 28 16 45 00 1 5827.451
2010 02 28 17 00 00 1 5827.472
2010 02 28 17 15 00 1 5827.483
2010 02 28 17 30 00 1 5827.490
2010 02 28 17 45 00 1 5827.497
2010 02 28 18 00 00 1 5827.540
2010 02 28 18 15 00 1 5827.569
2010 02 28 18 30 00 1 5827.578
2010 02 28 18 45 00 1 5827.588
2010 02 28 19 00 00 1 5827.599
2010 02 28 19 15 00 1 5827.589
2010 02 28 19 30 00 1 5827.577
2010 02 28 19 45 00 1 5827.587
2010 02 28 20 00 00 1 5827.587
2010 02 28 20 15 00 1 5827.574
2010 02 28 20 30 00 1 5827.578
2010 02 28 20 45 00 1 5827.575
2010 02 28 21 00 00 1 5827.558
2010 02 28 21 15 00 1 5827.538
2010 02 28 21 30 00 1 5827.533
2010 02 28 21 45 00 1 5827.510
2010 02 28 22 00 00 1 5827.518
2010 02 28 22 15 00 1 5827.497
2010 02 28 22 30 00 1 5827.482
2010 02 28 22 45 00 1 5827.463
2010 02 28 23 00 00 1 5827.453
2010 02 28 23 15 00 1 5827.435
2010 02 28 23 30 00 1 5827.433
2010 02 28 23 45 00 1 5827.411
2010 03 01 00 00 00 1 5827.413
2010 03 01 00 15 00 1 5827.408
2010 03 01 00 30 00 1 5827.396
2010 03 01 00 45 00 1 5827.408
2010 03 01 01 00 00 1 5827.398
2010 03 01 01 15 00 1 5827.394
2010 03 01 01 30 00 1 5827.412
2010 03 01 01 45 00 1 5827.406
2010 03 01 02 00 00 1 5827.417
2010 03 01 02 15 00 1 5827.437
2010 03 01 02 30 00 1 5827.451
2010 03 01 02 45 00 1 5827.474
2010 03 01 03 00 00 1 5827.489
2010 03 01 03 15 00 1 5827.515
2010 03 01 03 30 00 1 5827.521
2010 03 01 03 45 00 1 5827.529
2010 03 01 04 00 00 1 5827.555
2010 03 01 04 15 00 1 5827.577
2010 03 01 04 30 00 1 5827.605
2010 03 01 04 45 00 1 5827.621
2010 03 01 05 00 00 1 5827.644
2010 03 01 05 15 00 1 5827.660
2010 03 01 05 30 00 1 5827.669
2010 03 01 05 45 00 1 5827.690
2010 03 01 06 00 00 1 5827.712
2010 03 01 06 15 00 1 5827.711
2010 03 01 06 30 00 1 5827.727
2010 03 01 06 45 00 1 5827.720
2010 03 01 07 00 00 1 5827.708
2010 03 01 07 15 00 1 5827.706
2010 03 01 07 30 00 1 5827.696
2010 03 01 07 45 00 1 5827.685
2010 03 01 08 00 00 1 5827.658
2010 03 01 08 15 00 1 5827.647
2010 03 01 08 30 00 1 5827.628
2010 03 01 08 45 00 1 5827.608
2010 03 01 09 00 00 1 5827.581
2010 03 01 09 15 00 1 5827.555
2010 03 01 09 30 00 1 5827.529
2010 03 01 09 45 00 1 5827.493
2010 03 01 10 00 00 1 5827.456
2010 03 01 10 15 00 1 5827.424
2010 03 01 10 30 00 1 5827.383
2010 03 01 10 45 00 1 5827.361
2010 03 01 11 00 00 1 5827.331
2010 03 01 11 15 00 1 5827.306
2010 03 01 11 30 00 1 5827.282
2010 03 01 11 45 00 1 5827.259
2010 03 01 12 00 00 1 5827.236
2010 03 01 12 15 00 1 5827.207
2010 03 01 12 30 00 1 5827.202
2010 03 01 12 45 00 1 5827.191
2010 03 01 13 00 00 1 5827.196
2010 03 01 13 15 00 1 5827.181
2010 03 01 13 30 00 1 5827.191
2010 03 01 13 45 00 1 5827.193
2010 03 01 14 00 00 1 5827.209
2010 03 01 14 15 00 1 5827.210
2010 03 01 14 30 00 1 5827.228
2010 03 01 14 45 00 1 5827.245
2010 03 01 15 00 00 1 5827.259
2010 03 01 15 15 00 1 5827.282
2010 03 01 15 30 00 1 5827.300
2010 03 01 15 45 00 1 5827.334
2010 03 01 16 00 00 1 5827.358
2010 03 01 16 15 00 1 5827.387
2010 03 01 16 30 00 1 5827.404
2010 03 01 16 45 00 1 5827.426
2010 03 01 17 00 00 1 5827.455
2010 03 01 17 15 00 1 5827.484
2010 03 01 17 30 00 1 5827.506
2010 03 01 17 45 00 1 5827.529
2010 03 01 18 00 00 1 5827.545
2010 03 01 18 15 00 1 5827.567
2010 03 01 18 30 00 1 5827.591
2010 03 01 18 45 00 1 5827.597
2010 03 01 19 00 00 1 5827.612
2010 03 01 19 15 00 1 5827.614
2010 03 01 19 30 00 1 5827.614
2010 03 01 19 45 00 1 5827.611
2010 03 01 20 00 00 1 5827.609
2010 03 01 20 15 00 1 5827.604
2010 03 01 20 30 00 1 5827.590
2010 03 01 20 45 00 1 5827.584
2010 03 01 21 00 00 1 5827.569
2010 03 01 21 15 00 1 5827.554
2010 03 01 21 30 00 1 5827.536
2010 03 01 21 45 00 1 5827.524
2010 03 01 22 00 00 1 5827.504
2010 03 01 22 15 00 1 5827.474
2010 03 01 22 30 00 1 5827.456
2010 03 01 22 45 00 1 5827.435
2010 03 01 23 00 00 1 5827.413
2010 03 01 23 15 00 1 5827.394
2010 03 01 23 30 00 1 5827.378
2010 03 01 23 45 00 1 5827.359
2010 03 02 00 00 00 1 5827.355
2010 03 02 00 15 00 1 5827.341
2010 03 02 00 30 00 1 5827.318
2010 03 02 00 45 00 1 5827.311
2010 03 02 01 00 00 1 5827.306
2010 03 02 01 15 00 1 5827.299
2010 03 02 01 30 00 1 5827.306
2010 03 02 01 45 00 1 5827.312
2010 03 02 02 00 00 1 5827.316
2010 03 02 02 15 00 1 5827.318
2010 03 02 02 30 00 1 5827.328
2010 03 02 02 45 00 1 5827.332
2010 03 02 03 00 00 1 5827.350
2010 03 02 03 15 00 1 5827.376
2010 03 02 03 30 00 1 5827.404
2010 03 02 03 45 00 1 5827.431
2010 03 02 04 00 00 1 5827.455
2010 03 02 04 15 00 1 5827.473
2010 03 02 04 30 00 1 5827.492
2010 03 02 04 45 00 1 5827.520
2010 03 02 05 00 00 1 5827.546
2010 03 02 05 15 00 1 5827.563
2010 03 02 05 30 00 1 5827.589
2010 03 02 05 45 00 1 5827.618
2010 03 02 06 00 00 1 5827.620
2010 03 02 06 15 00 1 5827.642
2010 03 02 06 30 00 1 5827.672
2010 03 02 06 45 00 1 5827.682
2010 03 02 07 00 00 1 5827.682
2010 03 02 07 15 00 1 5827.686
2010 03 02 07 30 00 1 5827.689
2010 03 02 07 45 00 1 5827.683
2010 03 02 08 00 00 1 5827.677
2010 03 02 08 15 00 1 5827.664
2010 03 02 08 30 00 1 5827.658
2010 03 02 08 45 00 1 5827.639
2010 03 02 09 00 00 1 5827.625
2010 03 02 09 15 00 1 5827.605
2010 03 02 09 30 00 1 5827.581
2010 03 02 09 45 00 1 5827.558
2010 03 02 10 00 00 1 5827.535
2010 03 02 10 15 00 1 5827.504
2010 03 02 10 30 00 1 5827.475
2010 03 02 10 45 00 1 5827.452
2010 03 02 11 00 00 1 5827.426
2010 03 02 11 15 00 1 5827.400
2010 03 02 11 30 00 1 5827.381
2010 03 02 11 45 00 1 5827.352
2010 03 02 12 00 00 1 5827.321
2010 03 02 12 15 00 1 5827.301
2010 03 02 12 30 00 1 5827.288
2010 03 02 12 45 00 1 5827.271
2010 03 02 13 00 00 1 5827.256
2010 03 02 13 15 00 1 5827.255
2010 03 02 13 30 00 1 5827.262
2010 03 02 13 45 00 1 5827.256
2010 03 02 14 00 00 1 5827.261
2010 03 02 14 15 00 1 5827.272
2010 03 02 14 30 00 1 5827.279
2010 03 02 14 45 00 1 5827.285
2010 03 02 15 00 00 1 5827.305
2010 03 02 15 15 00 1 5827.322
2010 03 02 15 30 00 1 5827.341
2010 03 02 15 45 00 1 5827.366
2010 03 02 16 00 00 1 5827.392
2010 03 02 16 15 00 1 5827.421
2010 03 02 16 30 00 1 5827.447
2010 03 02 16 45 00 1 5827.470
2010 03 02 17 00 00 1 5827.489
2010 03 02 17 15 00 1 5827.512
2010 03 02 17 30 00 1 5827.537
2010 03 02 17 45 00 1 5827.558
2010 03 02 18 00 00 1 5827.588
2010 03 02 18 15 00 1 5827.603
2010 03 02 18 30 00 1 5827.626
2010 03 02 18 45 00 1 5827.647
2010 03 02 19 00 00 1 5827.650
2010 03 02 19 15 00 1 5827.661
2010 03 02 19 30 00 1 5827.675
2010 03 02 19 45 00 1 5827.671
2010 03 02 20 00 00 1 5827.669
2010 03 02 20 15 00 1 5827.663
2010 03 02 20 30 00 1 5827.648
2010 03 02 20 45 00 1 5827.638
2010 03 02 21 00 00 1 5827.624
2010 03 02 21 15 00 1 5827.608
2010 03 02 21 30 00 1 5827.589
2010 03 02 21 45 00 1 5827.563
2010 03 02 22 00 00 1 5827.537
2010 03 02 22 15 00 1 5827.511
2010 03 02 22 30 00 1 5827.483
2010 03 02 22 45 00 1 5827.451
2010 03 02 23 00 00 1 5827.429
2010 03 02 23 15 00 1 5827.403
2010 03 02 23 30 00 1 5827.382
2010 03 02 23 45 00 1 5827.360
2010 03 03 00 00 00 1 5827.334
2010 03 03 00 15 00 1 5827.310
2010 03 03 00 30 00 1 5827.288
2010 03 03 00 45 00 1 5827.273
2010 03 03 01 00 00 1 5827.253
2010 03 03 01 15 00 1 5827.240
2010 03 03 01 30 00 1 5827.235
2010 03 03 01 45 00 1 5827.229
2010 03 03 02 00 00 1 5827.227
2010 03 03 02 15 00 1 5827.231
2010 03 03 02 30 00 1 5827.239
2010 03 03 02 45 00 1 5827.246
2010 03 03 03 00 00 1 5827.262
2010 03 03 03 15 00 1 5827.278
2010 03 03 03 30 00 1 5827.292
2010 03 03 03 45 00 1 5827.309
2010 03 03 04 00 00 1 5827.332
2010 03 03 04 15 00 1 5827.355
2010 03 03 04 30 00 1 5827.381
2010 03 03 04 45 00 1 5827.408
2010 03 03 05 00 00 1 5827.428
2010 03 03 05 15 00 1 5827.460
2010 03 03 05 30 00 1 5827.485
2010 03 03 05 45 00 1 5827.514
2010 03 03 06 00 00 1 5827.538
2010 03 03 06 15 00 1 5827.558
2010 03 03 06 30 00 1 5827.580
2010 03 03 06 45 00 1 5827.597
2010 03 03 07 00 00 1 5827.609
2010 03 03 07 15 00 1 5827.627
2010 03 03 07 30 00 1 5827.637
2010 03 03 07 45 00 1 5827.646
2010 03 03 08 00 00 1 5827.656
2010 03 03 08 15 00 1 5827.659
2010 03 03 08 30 00 1 5827.656
2010 03 03 08 45 00 1 5827.652
2010 03 03 09 00 00 1 5827.638
2010 03 03 09 15 00 1 5827.635
2010 03 03 09 30 00 1 5827.626
2010 03 03 09 45 00 1 5827.611
2010 03 03 10 00 00 1 5827.591
2010 03 03 10 15 00 1 5827.573
2010 03 03 10 30 00 1 5827.547
2010 03 03 10 45 00 1 5827.530
2010 03 03 11 00 00 1 5827.511
2010 03 03 11 15 00 1 5827.488
2010 03 03 11 30 00 1 5827.461
2010 03 03 11 45 00 1 5827.439
2010 03 03 12 00 00 1 5827.421
2010 03 03 12 15 00 1 5827.396
2010 03 03 12 30 00 1 5827.381
2010 03 03 12 45 00 1 5827.369
2010 03 03 13 00 00 1 5827.359
2010 03 03 13 15 00 1 5827.351
2010 03 03 13 30 00 1 5827.344
2010 03 03 13 45 00 1 5827.339
2010 03 03 14 00 00 1 5827.336
2010 03 03 14 15 00 1 5827.341
2010 03 03 14 30 00 1 5827.348
2010 03 03 14 45 00 1 5827.354
2010 03 03 15 00 00 1 5827.368
2010 03 03 15 15 00 1 5827.386
2010 03 03 15 30 00 1 5827.406
2010 03 03 15 45 00 1 5827.426
2010 03 03 16 00 00 1 5827.442
2010 03 03 16 15 00 1 5827.467
2010 03 03 16 30 00 1 5827.485
2010 03 03 16 45 00 1 5827.513
2010 03 03 17 00 00 1 5827.533
2010 03 03 17 15 00 1 5827.561
2010 03 03 17 30 00 1 5827.583
2010 03 03 17 45 00 1 5827.602
2010 03 03 18 00 00 1 5827.625
2010 03 03 18 15 00 1 5827.646
2010 03 03 18 30 00 1 5827.666
2010 03 03 18 45 00 1 5827.686
2010 03 03 19 00 00 1 5827.700
2010 03 03 19 15 00 1 5827.707
2010 03 03 19 30 00 1 5827.717
2010 03 03 19 45 00 1 5827.720
2010 03 03 20 00 00 1 5827.717
2010 03 03 20 15 00 1 5827.716
2010 03 03 20 30 00 1 5827.705
2010 03 03 20 45 00 1 5827.693
2010 03 03 21 00 00 1 5827.682
2010 03 03 21 15 00 1 5827.663
2010 03 03 21 30 00 1 5827.643
2010 03 03 21 45 00 1 5827.622
2010 03 03 22 00 00 1 5827.595
2010 03 03 22 15 00 1 5827.564
2010 03 03 22 30 00 1 5827.537
2010 03 03 22 45 00 1 5827.507
2010 03 03 23 00 00 1 5827.479
2010 03 03 23 15 00 1 5827.451
2010 03 03 23 30 00 1 5827.423
2010 03 03 23 45 00 1 5827.392
2010 03 04 00 00 00 1 5827.365
2010 03 04 00 15 00 1 5827.339
2010 03 04 00 30 00 1 5827.311
2010 03 04 00 45 00 1 5827.286
2010 03 04 01 00 00 1 5827.261
2010 03 04 01 15 00 1 5827.239
2010 03 04 01 30 00 1 5827.224
2010 03 04 01 45 00 1 5827.210
2010 03 04 02 00 00 1 5827.199
2010 03 04 02 15 00 1 5827.193
2010 03 04 02 30 00 1 5827.186
2010 03 04 02 45 00 1 5827.184
2010 03 04 03 00 00 1 5827.191
2010 03 04 03 15 00 1 5827.198
2010 03 04 03 30 00 1 5827.209
2010 03 04 03 45 00 1 5827.229
2010 03 04 04 00 00 1 5827.249
2010 03 04 04 15 00 1 5827.266
2010 03 04 04 30 00 1 5827.284
2010 03 04 04 45 00 1 5827.307
2010 03 04 05 00 00 1 5827.326
2010 03 04 05 15 00 1 5827.348
2010 03 04 05 30 00 1 5827.375
2010 03 04 05 45 00 1 5827.398
2010 03 04 06 00 00 1 5827.423
2010 03 04 06 15 00 1 5827.448
2010 03 04 06 30 00 1 5827.472
2010 03 04 06 45 00 1 5827.496
2010 03 04 07 00 00 1 5827.514
2010 03 04 07 15 00 1 5827.534
2010 03 04 07 30 00 1 5827.552
2010 03 04 07 45 00 1 5827.563
2010 03 04 08 00 00 1 5827.577
2010 03 04 08 15 00 1 5827.588
2010 03 04 08 30 00 1 5827.593
2010 03 04 08 45 00 1 5827.598
2010 03 04 09 00 00 1 5827.600
2010 03 04 09 15 00 1 5827.600
2010 03 04 09 30 00 1 5827.592
2010 03 04 09 45 00 1 5827.590
2010 03 04 10 00 00 1 5827.580
2010 03 04 10 15 00 1 5827.568
2010 03 04 10 30 00 1 5827.556
2010 03 04 10 45 00 1 5827.541
2010 03 04 11 00 00 1 5827.522
2010 03 04 11 15 00 1 5827.504
2010 03 04 11 30 00 1 5827.488
2010 03 04 11 45 00 1 5827.474
2010 03 04 12 00 00 1 5827.459
2010 03 04 12 15 00 1 5827.448
2010 03 04 12 30 00 1 5827.432
2010 03 04 12 45 00 1 5827.421
2010 03 04 13 00 00 1 5827.405
2010 03 04 13 15 00 1 5827.398
2010 03 04 13 30 00 1 5827.393
2010 03 04 13 45 00 1 5827.391
2010 03 04 14 00 00 1 5827.388
2010 03 04 14 15 00 1 5827.386
2010 03 04 14 30 00 1 5827.390
2010 03 04 14 45 00 1 5827.394
2010 03 04 15 00 00 1 5827.401
2010 03 04 15 15 00 1 5827.412
2010 03 04 15 30 00 1 5827.428
2010 03 04 15 45 00 1 5827.445
2010 03 04 16 00 00 1 5827.465
2010 03 04 16 15 00 1 5827.489
2010 03 04 16 30 00 1 5827.512
2010 03 04 16 45 00 1 5827.531
2010 03 04 17 00 00 1 5827.554
2010 03 04 17 15 00 1 5827.576
2010 03 04 17 30 00 1 5827.597
2010 03 04 17 45 00 1 5827.621
2010 03 04 18 00 00 1 5827.644
2010 03 04 18 15 00 1 5827.666
2010 03 04 18 30 00 1 5827.691
2010 03 04 18 45 00 1 5827.711
2010 03 04 19 00 00 1 5827.727
2010 03 04 19 15 00 1 5827.739
2010 03 04 19 30 00 1 5827.748
2010 03 04 19 45 00 1 5827.752
2010 03 04 20 00 00 1 5827.756
2010 03 04 20 15 00 1 5827.759
2010 03 04 20 30 00 1 5827.755
2010 03 04 20 45 00 1 5827.751
2010 03 04 21 00 00 1 5827.744
2010 03 04 21 15 00 1 5827.729
2010 03 04 21 30 00 1 5827.711
2010 03 04 21 45 00 1 5827.689
2010 03 04 22 00 00 1 5827.668
2010 03 04 22 15 00 1 5827.647
2010 03 04 22 30 00 1 5827.620
2010 03 04 22 45 00 1 5827.592
2010 03 04 23 00 00 1 5827.562
2010 03 04 23 15 00 1 5827.533
2010 03 04 23 30 00 1 5827.500
2010 03 04 23 45 00 1 5827.467
2010 03 05 00 00 00 1 5827.434
2010 03 05 00 15 00 1 5827.402
2010 03 05 00 30 00 1 5827.370
2010 03 05 00 45 00 1 5827.341
2010 03 05 01 00 00 1 5827.312
2010 03 05 01 15 00 1 5827.286
2010 03 05 01 30 00 1 5827.262
2010 03 05 01 45 00 1 5827.239
2010 03 05 02 00 00 1 5827.218
2010 03 05 02 15 00 1 5827.203
2010 03 05 02 30 00 1 5827.192
2010 03 05 02 45 00 1 5827.185
2010 03 05 03 00 00 1 5827.181
2010 03 05 03 15 00 1 5827.177
2010 03 05 03 30 00 1 5827.179
2010 03 05 03 45 00 1 5827.185
2010 03 05 04 00 00 1 5827.192
2010 03 05 04 15 00 1 5827.202
2010 03 05 04 30 00 1 5827.215
2010 03 05 04 45 00 1 5827.231
2010 03 05 05 00 00 1 5827.252
2010 03 05 05 15 00 1 5827.271
2010 03 05 05 30 00 1 5827.291
2010 03 05 05 45 00 1 5827.317
2010 03 05 06 00 00 1 5827.337
2010 03 05 06 15 00 1 5827.358
2010 03 05 06 30 00 1 5827.379
2010 03 05 06 45 00 1 5827.397
2010 03 05 07 00 00 1 5827.414
2010 03 05 07 15 00 1 5827.435
2010 03 05 07 30 00 1 5827.453
2010 03 05 07 45 00 1 5827.468
2010 03 05 08 00 00 1 5827.485
2010 03 05 08 15 00 1 5827.499
2010 03 05 08 30 00 1 5827.508
2010 03 05 08 45 00 1 5827.516
2010 03 05 09 00 00 1 5827.526
2010 03 05 09 15 00 1 5827.534
2010 03 05 09 30 00 1 5827.541
2010 03 05 09 45 00 1 5827.544
2010 03 05 10 00 00 1 5827.544
2010 03 05 10 15 00 1 5827.546
2010 03 05 10 30 00 1 5827.538
2010 03 05 10 45 00 1 5827.528
2010 03 05 11 00 00 1 5827.518
2010 03 05 11 15 00 1 5827.509
2010 03 05 11 30 00 1 5827.498
2010 03 05 11 45 00 1 5827.488
2010 03 05 12 00 00 1 5827.475
2010 03 05 12 15 00 1 5827.466
2010 03 05 12 30 00 1 5827.458
2010 03 05 12 45 00 1 5827.448
2010 03 05 13 00 00 1 5827.440
2010 03 05 13 15 00 1 5827.436
2010 03 05 13 30 00 1 5827.434
2010 03 05 13 45 00 1 5827.427
2010 03 05 14 00 00 1 5827.423
2010 03 05 14 15 00 1 5827.421
2010 03 05 14 30 00 1 5827.427
2010 03 05 14 45 00 1 5827.432
2010 03 05 15 00 00 1 5827.439
2010 03 05 15 15 00 1 5827.446
2010 03 05 15 30 00 1 5827.454
2010 03 05 15 45 00 1 5827.470
2010 03 05 16 00 00 1 5827.481
2010 03 05 16 15 00 1 5827.497
2010 03 05 16 30 00 1 5827.517
2010 03 05 16 45 00 1 5827.538
2010 03 05 17 00 00 1 5827.557
2010 03 05 17 15 00 1 5827.579
2010 03 05 17 30 00 1 5827.601
2010 03 05 17 45 00 1 5827.625
2010 03 05 18 00 00 1 5827.652
2010 03 05 18 15 00 1 5827.674
2010 03 05 18 30 00 1 5827.696
2010 03 05 18 45 00 1 5827.716
2010 03 05 19 00 00 1 5827.735
2010 03 05 19 15 00 1 5827.748
2010 03 05 19 30 00 1 5827.761
2010 03 05 19 45 00 1 5827.772
2010 03 05 20 00 00 1 5827.781
2010 03 05 20 15 00 1 5827.786
2010 03 05 20 30 00 1 5827.787
2010 03 05 20 45 00 1 5827.788
2010 03 05 21 00 00 1 5827.783
2010 03 05 21 15 00 1 5827.776
2010 03 05 21 30 00 1 5827.763
2010 03 05 21 45 00 1 5827.751
2010 03 05 22 00 00 1 5827.733
2010 03 05 22 15 00 1 5827.711
2010 03 05 22 30 00 1 5827.687
2010 03 05 22 45 00 1 5827.663
2010 03 05 23 00 00 1 5827.639
2010 03 05 23 15 00 1 5827.609
2010 03 05 23 30 00 1 5827.576
2010 03 05 23 45 00 1 5827.545
2010 03 06 00 00 00 1 5827.513
2010 03 06 00 15 00 1 5827.477
2010 03 06 00 30 00 1 5827.447
2010 03 06 00 45 00 1 5827.415
2010 03 06 01 00 00 1 5827.385
2010 03 06 01 15 00 1 5827.356
2010 03 06 01 30 00 1 5827.327
2010 03 06 01 45 00 1 5827.302
2010 03 06 02 00 00 1 5827.277
2010 03 06 02 15 00 1 5827.256
2010 03 06 02 30 00 1 5827.239
2010 03 06 02 45 00 1 5827.226
2010 03 06 03 00 00 1 5827.212
2010 03 06 03 15 00 1 5827.202
2010 03 06 03 30 00 1 5827.198
2010 03 06 03 45 00 1 5827.190
2010 03 06 04 00 00 1 5827.192
2010 03 06 04 15 00 1 5827.191
2010 03 06 04 30 00 1 5827.200
2010 03 06 04 45 00 1 5827.206
2010 03 06 05 00 00 1 5827.213
2010 03 06 05 15 00 1 5827.226
2010 03 06 05 30 00 1 5827.239
2010 03 06 05 45 00 1 5827.252
2010 03 06 06 00 00 1 5827.264
2010 03 06 06 15 00 1 5827.285
2010 03 06 06 30 00 1 5827.303
