#YY  MM DD hh mm ss T   HEIGHT
#yr  mo dy hr mn  s -        m
2010 01 27 06 45 00 1 4325.489
2010 01 27 07 00 00 1 4325.488
2010 01 27 07 15 00 1 4325.487
2010 01 27 07 30 00 1 4325.482
2010 01 27 07 45 00 1 4325.479
2010 01 27 08 00 00 1 4325.475
2010 01 27 08 15 00 1 4325.466
2010 01 27 08 30 00 1 4325.458
2010 01 27 08 45 00 1 4325.447
2010 01 27 09 00 00 1 4325.434
2010 01 27 09 15 00 1 4325.417
2010 01 27 09 30 00 1 4325.403
2010 01 27 09 45 00 1 4325.385
2010 01 27 10 00 00 1 4325.365
2010 01 27 10 15 00 1 4325.346
2010 01 27 10 30 00 1 4325.325
2010 01 27 10 45 00 1 4325.307
2010 01 27 11 00 00 1 4325.287
2010 01 27 11 15 00 1 4325.267
2010 01 27 11 30 00 1 4325.247
2010 01 27 11 45 00 1 4325.231
2010 01 27 12 00 00 1 4325.213
2010 01 27 12 15 00 1 4325.197
2010 01 27 12 30 00 1 4325.184
2010 01 27 12 45 00 1 4325.171
2010 01 27 13 00 00 1 4325.164
2010 01 27 13 15 00 1 4325.161
2010 01 27 13 30 00 1 4325.156
2010 01 27 13 45 00 1 4325.158
2010 01 27 14 00 00 1 4325.161
2010 01 27 14 15 00 1 4325.166
2010 01 27 14 30 00 1 4325.174
2010 01 27 14 45 00 1 4325.192
2010 01 27 15 00 00 1 4325.207
2010 01 27 15 15 00 1 4325.221
2010 01 27 15 30 00 1 4325.244
2010 01 27 15 45 00 1 4325.266
2010 01 27 16 00 00 1 4325.293
2010 01 27 16 15 00 1 4325.325
2010 01 27 16 30 00 1 4325.356
2010 01 27 16 45 00 1 4325.390
2010 01 27 17 00 00 1 4325.423
2010 01 27 17 15 00 1 4325.463
2010 01 27 17 30 00 1 4325.498
2010 01 27 17 45 00 1 4325.537
2010 01 27 18 00 00 1 4325.579
2010 01 27 18 15 00 1 4325.614
2010 01 27 18 30 00 1 4325.650
2010 01 27 18 45 00 1 4325.682
2010 01 27 19 00 00 1 4325.713
2010 01 27 19 15 00 1 4325.743
2010 01 27 19 30 00 1 4325.768
2010 01 27 19 45 00 1 4325.796
2010 01 27 20 00 00 1 4325.814
2010 01 27 20 15 00 1 4325.831
2010 01 27 20 30 00 1 4325.842
2010 01 27 20 45 00 1 4325.850
2010 01 27 21 00 00 1 4325.855
2010 01 27 21 15 00 1 4325.856
2010 01 27 21 30 00 1 4325.854
2010 01 27 21 45 00 1 4325.850
2010 01 27 22 00 00 1 4325.842
2010 01 27 22 15 00 1 4325.829
2010 01 27 22 30 00 1 4325.814
2010 01 27 22 45 00 1 4325.794
2010 01 27 23 00 00 1 4325.774
2010 01 27 23 15 00 1 4325.752
2010 01 27 23 30 00 1 4325.727
2010 01 27 23 45 00 1 4325.702
2010 01 28 00 00 00 1 4325.676
2010 01 28 00 15 00 1 4325.653
2010 01 28 00 30 00 1 4325.625
2010 01 28 00 45 00 1 4325.598
2010 01 28 01 00 00 1 4325.573
2010 01 28 01 15 00 1 4325.550
2010 01 28 01 30 00 1 4325.526
2010 01 28 01 45 00 1 4325.502
2010 01 28 02 00 00 1 4325.480
2010 01 28 02 15 00 1 4325.459
2010 01 28 02 30 00 1 4325.444
2010 01 28 02 45 00 1 4325.427
2010 01 28 03 00 00 1 4325.413
2010 01 28 03 15 00 1 4325.401
2010 01 28 03 30 00 1 4325.394
2010 01 28 03 45 00 1 4325.389
2010 01 28 04 00 00 1 4325.385
2010 01 28 04 15 00 1 4325.387
2010 01 28 04 30 00 1 4325.390
2010 01 28 04 45 00 1 4325.392
2010 01 28 05 00 00 1 4325.398
2010 01 28 05 15 00 1 4325.404
2010 01 28 05 30 00 1 4325.414
2010 01 28 05 45 00 1 4325.424
2010 01 28 06 00 00 1 4325.437
2010 01 28 06 15 00 1 4325.447
2010 01 28 06 30 00 1 4325.458
2010 01 28 06 45 00 1 4325.469
2010 01 28 07 00 00 1 4325.477
2010 01 28 07 15 00 1 4325.483
2010 01 28 07 30 00 1 4325.486
2010 01 28 07 45 00 1 4325.489
2010 01 28 08 00 00 1 4325.489
2010 01 28 08 15 00 1 4325.491
2010 01 28 08 30 00 1 4325.487
2010 01 28 08 45 00 1 4325.483
2010 01 28 09 00 00 1 4325.479
2010 01 28 09 15 00 1 4325.471
2010 01 28 09 30 00 1 4325.457
2010 01 28 09 45 00 1 4325.443
2010 01 28 10 00 00 1 4325.427
2010 01 28 10 15 00 1 4325.410
2010 01 28 10 30 00 1 4325.392
2010 01 28 10 45 00 1 4325.369
2010 01 28 11 00 00 1 4325.347
2010 01 28 11 15 00 1 4325.326
2010 01 28 11 30 00 1 4325.302
2010 01 28 11 45 00 1 4325.276
2010 01 28 12 00 00 1 4325.254
2010 01 28 12 15 00 1 4325.229
2010 01 28 12 30 00 1 4325.208
2010 01 28 12 45 00 1 4325.186
2010 01 28 13 00 00 1 4325.170
2010 01 28 13 15 00 1 4325.154
2010 01 28 13 30 00 1 4325.140
2010 01 28 13 45 00 1 4325.130
2010 01 28 14 00 00 1 4325.121
2010 01 28 14 15 00 1 4325.117
2010 01 28 14 30 00 1 4325.117
2010 01 28 14 45 00 1 4325.122
2010 01 28 15 00 00 1 4325.131
2010 01 28 15 15 00 1 4325.138
2010 01 28 15 30 00 1 4325.149
2010 01 28 15 45 00 1 4325.166
2010 01 28 16 00 00 1 4325.188
2010 01 28 16 15 00 1 4325.213
2010 01 28 16 30 00 1 4325.244
2010 01 28 16 45 00 1 4325.276
2010 01 28 17 00 00 1 4325.311
2010 01 28 17 15 00 1 4325.346
2010 01 28 17 30 00 1 4325.389
2010 01 28 17 45 00 1 4325.432
2010 01 28 18 00 00 1 4325.476
2010 01 28 18 15 00 1 4325.518
2010 01 28 18 30 00 1 4325.559
2010 01 28 18 45 00 1 4325.601
2010 01 28 19 00 00 1 4325.641
2010 01 28 19 15 00 1 4325.679
2010 01 28 19 30 00 1 4325.716
2010 01 28 19 45 00 1 4325.747
2010 01 28 20 00 00 1 4325.776
2010 01 28 20 15 00 1 4325.806
2010 01 28 20 30 00 1 4325.834
2010 01 28 20 45 00 1 4325.856
2010 01 28 21 00 00 1 4325.874
2010 01 28 21 15 00 1 4325.887
2010 01 28 21 30 00 1 4325.898
2010 01 28 21 45 00 1 4325.901
2010 01 28 22 00 00 1 4325.904
2010 01 28 22 15 00 1 4325.898
2010 01 28 22 30 00 1 4325.895
2010 01 28 22 45 00 1 4325.885
2010 01 28 23 00 00 1 4325.869
2010 01 28 23 15 00 1 4325.852
2010 01 28 23 30 00 1 4325.832
2010 01 28 23 45 00 1 4325.810
2010 01 29 00 00 00 1 4325.783
2010 01 29 00 15 00 1 4325.755
2010 01 29 00 30 00 1 4325.728
2010 01 29 00 45 00 1 4325.697
2010 01 29 01 00 00 1 4325.668
2010 01 29 01 15 00 1 4325.637
2010 01 29 01 30 00 1 4325.607
2010 01 29 01 45 00 1 4325.576
2010 01 29 02 00 00 1 4325.546
2010 01 29 02 15 00 1 4325.516
2010 01 29 02 30 00 1 4325.490
2010 01 29 02 45 00 1 4325.465
2010 01 29 03 00 00 1 4325.445
2010 01 29 03 15 00 1 4325.424
2010 01 29 03 30 00 1 4325.410
2010 01 29 03 45 00 1 4325.393
2010 01 29 04 00 00 1 4325.379
2010 01 29 04 15 00 1 4325.373
2010 01 29 04 30 00 1 4325.365
2010 01 29 04 45 00 1 4325.366
2010 01 29 05 00 00 1 4325.368
2010 01 29 05 15 00 1 4325.373
2010 01 29 05 30 00 1 4325.381
2010 01 29 05 45 00 1 4325.392
2010 01 29 06 00 00 1 4325.403
2010 01 29 06 15 00 1 4325.416
2010 01 29 06 30 00 1 4325.428
2010 01 29 06 45 00 1 4325.443
2010 01 29 07 00 00 1 4325.456
2010 01 29 07 15 00 1 4325.470
2010 01 29 07 30 00 1 4325.480
2010 01 29 07 45 00 1 4325.490
2010 01 29 08 00 00 1 4325.500
2010 01 29 08 15 00 1 4325.510
2010 01 29 08 30 00 1 4325.515
2010 01 29 08 45 00 1 4325.520
2010 01 29 09 00 00 1 4325.521
2010 01 29 09 15 00 1 4325.518
2010 01 29 09 30 00 1 4325.515
2010 01 29 09 45 00 1 4325.509
2010 01 29 10 00 00 1 4325.502
2010 01 29 10 15 00 1 4325.489
2010 01 29 10 30 00 1 4325.477
2010 01 29 10 45 00 1 4325.463
2010 01 29 11 00 00 1 4325.443
2010 01 29 11 15 00 1 4325.422
2010 01 29 11 30 00 1 4325.399
2010 01 29 11 45 00 1 4325.375
2010 01 29 12 00 00 1 4325.350
2010 01 29 12 15 00 1 4325.326
2010 01 29 12 30 00 1 4325.302
2010 01 29 12 45 00 1 4325.275
2010 01 29 13 00 00 1 4325.248
2010 01 29 13 15 00 1 4325.224
2010 01 29 13 30 00 1 4325.202
2010 01 29 13 45 00 1 4325.178
2010 01 29 14 00 00 1 4325.161
2010 01 29 14 15 00 1 4325.145
2010 01 29 14 30 00 1 4325.132
2010 01 29 14 45 00 1 4325.123
2010 01 29 15 00 00 1 4325.116
2010 01 29 15 15 00 1 4325.115
2010 01 29 15 30 00 1 4325.113
2010 01 29 15 45 00 1 4325.120
2010 01 29 16 00 00 1 4325.128
2010 01 29 16 15 00 1 4325.141
2010 01 29 16 30 00 1 4325.157
2010 01 29 16 45 00 1 4325.181
2010 01 29 17 00 00 1 4325.208
2010 01 29 17 15 00 1 4325.235
2010 01 29 17 30 00 1 4325.269
2010 01 29 17 45 00 1 4325.309
2010 01 29 18 00 00 1 4325.350
2010 01 29 18 15 00 1 4325.392
2010 01 29 18 30 00 1 4325.435
2010 01 29 18 45 00 1 4325.482
2010 01 29 19 00 00 1 4325.525
2010 01 29 19 15 00 1 4325.573
2010 01 29 19 30 00 1 4325.618
2010 01 29 19 45 00 1 4325.660
2010 01 29 20 00 00 1 4325.702
2010 01 29 20 15 00 1 4325.740
2010 01 29 20 30 00 1 4325.783
2010 01 29 20 45 00 1 4325.815
2010 01 29 21 00 00 1 4325.845
2010 01 29 21 15 00 1 4325.871
2010 01 29 21 30 00 1 4325.895
2010 01 29 21 45 00 1 4325.913
2010 01 29 22 00 00 1 4325.928
2010 01 29 22 15 00 1 4325.937
2010 01 29 22 30 00 1 4325.940
2010 01 29 22 45 00 1 4325.938
2010 01 29 23 00 00 1 4325.935
2010 01 29 23 15 00 1 4325.926
2010 01 29 23 30 00 1 4325.911
2010 01 29 23 45 00 1 4325.896
2010 01 30 00 00 00 1 4325.878
2010 01 30 00 15 00 1 4325.855
2010 01 30 00 30 00 1 4325.827
2010 01 30 00 45 00 1 4325.797
2010 01 30 01 00 00 1 4325.770
2010 01 30 01 15 00 1 4325.739
2010 01 30 01 30 00 1 4325.704
2010 01 30 01 45 00 1 4325.669
2010 01 30 02 00 00 1 4325.633
2010 01 30 02 15 00 1 4325.596
2010 01 30 02 30 00 1 4325.561
2010 01 30 02 45 00 1 4325.528
2010 01 30 03 00 00 1 4325.498
2010 01 30 03 15 00 1 4325.467
2010 01 30 03 30 00 1 4325.440
2010 01 30 03 45 00 1 4325.415
2010 01 30 04 00 00 1 4325.396
2010 01 30 04 15 00 1 4325.381
2010 01 30 04 30 00 1 4325.368
2010 01 30 04 45 00 1 4325.355
2010 01 30 05 00 00 1 4325.351
2010 01 30 05 15 00 1 4325.345
2010 01 30 05 30 00 1 4325.344
2010 01 30 05 45 00 1 4325.348
2010 01 30 06 00 00 1 4325.353
2010 01 30 06 15 00 1 4325.363
2010 01 30 06 30 00 1 4325.373
2010 01 30 06 45 00 1 4325.386
2010 01 30 07 00 00 1 4325.400
2010 01 30 07 15 00 1 4325.415
2010 01 30 07 30 00 1 4325.431
2010 01 30 07 45 00 1 4325.449
2010 01 30 08 00 00 1 4325.466
2010 01 30 08 15 00 1 4325.478
2010 01 30 08 30 00 1 4325.491
2010 01 30 08 45 00 1 4325.505
2010 01 30 09 00 00 1 4325.516
2010 01 30 09 15 00 1 4325.523
2010 01 30 09 30 00 1 4325.531
2010 01 30 09 45 00 1 4325.537
2010 01 30 10 00 00 1 4325.536
2010 01 30 10 15 00 1 4325.535
2010 01 30 10 30 00 1 4325.529
2010 01 30 10 45 00 1 4325.520
2010 01 30 11 00 00 1 4325.509
2010 01 30 11 15 00 1 4325.497
2010 01 30 11 30 00 1 4325.484
2010 01 30 11 45 00 1 4325.462
2010 01 30 12 00 00 1 4325.442
2010 01 30 12 15 00 1 4325.419
2010 01 30 12 30 00 1 4325.395
2010 01 30 12 45 00 1 4325.368
2010 01 30 13 00 00 1 4325.340
2010 01 30 13 15 00 1 4325.314
2010 01 30 13 30 00 1 4325.287
2010 01 30 13 45 00 1 4325.261
2010 01 30 14 00 00 1 4325.234
2010 01 30 14 15 00 1 4325.209
2010 01 30 14 30 00 1 4325.185
2010 01 30 14 45 00 1 4325.167
2010 01 30 15 00 00 1 4325.145
2010 01 30 15 15 00 1 4325.129
2010 01 30 15 30 00 1 4325.113
2010 01 30 15 45 00 1 4325.107
2010 01 30 16 00 00 1 4325.102
2010 01 30 16 15 00 1 4325.103
2010 01 30 16 30 00 1 4325.105
2010 01 30 16 45 00 1 4325.114
2010 01 30 17 00 00 1 4325.125
2010 01 30 17 15 00 1 4325.141
2010 01 30 17 30 00 1 4325.162
2010 01 30 17 45 00 1 4325.189
2010 01 30 18 00 00 1 4325.220
2010 01 30 18 15 00 1 4325.254
2010 01 30 18 30 00 1 4325.291
2010 01 30 18 45 00 1 4325.328
2010 01 30 19 00 00 1 4325.372
2010 01 30 19 15 00 1 4325.414
2010 01 30 19 30 00 1 4325.459
2010 01 30 19 45 00 1 4325.503
2010 01 30 20 00 00 1 4325.548
2010 01 30 20 15 00 1 4325.595
2010 01 30 20 30 00 1 4325.639
2010 01 30 20 45 00 1 4325.682
2010 01 30 21 00 00 1 4325.721
2010 01 30 21 15 00 1 4325.758
2010 01 30 21 30 00 1 4325.791
2010 01 30 21 45 00 1 4325.823
2010 01 30 22 00 00 1 4325.850
2010 01 30 22 15 00 1 4325.877
2010 01 30 22 30 00 1 4325.899
2010 01 30 22 45 00 1 4325.914
2010 01 30 23 00 00 1 4325.926
2010 01 30 23 15 00 1 4325.932
2010 01 30 23 30 00 1 4325.936
2010 01 30 23 45 00 1 4325.929
2010 01 31 00 00 00 1 4325.922
2010 01 31 00 15 00 1 4325.911
2010 01 31 00 30 00 1 4325.893
2010 01 31 00 45 00 1 4325.873
2010 01 31 01 00 00 1 4325.850
2010 01 31 01 15 00 1 4325.821
2010 01 31 01 30 00 1 4325.787
2010 01 31 01 45 00 1 4325.754
2010 01 31 02 00 00 1 4325.719
2010 01 31 02 15 00 1 4325.683
2010 01 31 02 30 00 1 4325.645
2010 01 31 02 45 00 1 4325.610
2010 01 31 03 00 00 1 4325.573
2010 01 31 03 15 00 1 4325.539
2010 01 31 03 30 00 1 4325.506
2010 01 31 03 45 00 1 4325.474
2010 01 31 04 00 00 1 4325.442
2010 01 31 04 15 00 1 4325.414
2010 01 31 04 30 00 1 4325.388
2010 01 31 04 45 00 1 4325.366
2010 01 31 05 00 00 1 4325.350
2010 01 31 05 15 00 1 4325.339
2010 01 31 05 30 00 1 4325.329
2010 01 31 05 45 00 1 4325.324
2010 01 31 06 00 00 1 4325.320
2010 01 31 06 15 00 1 4325.320
2010 01 31 06 30 00 1 4325.322
2010 01 31 06 45 00 1 4325.329
2010 01 31 07 00 00 1 4325.338
2010 01 31 07 15 00 1 4325.348
2010 01 31 07 30 00 1 4325.360
2010 01 31 07 45 00 1 4325.377
2010 01 31 08 00 00 1 4325.394
2010 01 31 08 15 00 1 4325.413
2010 01 31 08 30 00 1 4325.430
2010 01 31 08 45 00 1 4325.449
2010 01 31 09 00 00 1 4325.466
2010 01 31 09 15 00 1 4325.482
2010 01 31 09 30 00 1 4325.495
2010 01 31 09 45 00 1 4325.509
2010 01 31 10 00 00 1 4325.523
2010 01 31 10 15 00 1 4325.530
2010 01 31 10 30 00 1 4325.539
2010 01 31 10 45 00 1 4325.543
2010 01 31 11 00 00 1 4325.545
2010 01 31 11 15 00 1 4325.546
2010 01 31 11 30 00 1 4325.540
2010 01 31 11 45 00 1 4325.536
2010 01 31 12 00 00 1 4325.526
2010 01 31 12 15 00 1 4325.517
2010 01 31 12 30 00 1 4325.501
2010 01 31 12 45 00 1 4325.483
2010 01 31 13 00 00 1 4325.464
2010 01 31 13 15 00 1 4325.442
2010 01 31 13 30 00 1 4325.419
2010 01 31 13 45 00 1 4325.392
2010 01 31 14 00 00 1 4325.364
2010 01 31 14 15 00 1 4325.338
2010 01 31 14 30 00 1 4325.310
2010 01 31 14 45 00 1 4325.285
2010 01 31 15 00 00 1 4325.261
2010 01 31 15 15 00 1 4325.237
2010 01 31 15 30 00 1 4325.214
2010 01 31 15 45 00 1 4325.196
2010 01 31 16 00 00 1 4325.178
2010 01 31 16 15 00 1 4325.164
2010 01 31 16 30 00 1 4325.154
2010 01 31 16 45 00 1 4325.147
2010 01 31 17 00 00 1 4325.146
2010 01 31 17 15 00 1 4325.148
2010 01 31 17 30 00 1 4325.156
2010 01 31 17 45 00 1 4325.167
2010 01 31 18 00 00 1 4325.180
2010 01 31 18 15 00 1 4325.198
2010 01 31 18 30 00 1 4325.220
2010 01 31 18 45 00 1 4325.244
2010 01 31 19 00 00 1 4325.274
2010 01 31 19 15 00 1 4325.305
2010 01 31 19 30 00 1 4325.341
2010 01 31 19 45 00 1 4325.381
2010 01 31 20 00 00 1 4325.421
2010 01 31 20 15 00 1 4325.466
2010 01 31 20 30 00 1 4325.510
2010 01 31 20 45 00 1 4325.553
2010 01 31 21 00 00 1 4325.598
2010 01 31 21 15 00 1 4325.643
2010 01 31 21 30 00 1 4325.681
2010 01 31 21 45 00 1 4325.718
2010 01 31 22 00 00 1 4325.755
2010 01 31 22 15 00 1 4325.785
2010 01 31 22 30 00 1 4325.819
2010 01 31 22 45 00 1 4325.845
2010 01 31 23 00 00 1 4325.869
2010 01 31 23 15 00 1 4325.888
2010 01 31 23 30 00 1 4325.902
2010 01 31 23 45 00 1 4325.912
2010 02 01 00 00 00 1 4325.917
2010 02 01 00 15 00 1 4325.920
2010 02 01 00 30 00 1 4325.917
2010 02 01 00 45 00 1 4325.911
2010 02 01 01 00 00 1 4325.898
2010 02 01 01 15 00 1 4325.878
2010 02 01 01 30 00 1 4325.857
2010 02 01 01 45 00 1 4325.830
2010 02 01 02 00 00 1 4325.801
2010 02 01 02 15 00 1 4325.771
2010 02 01 02 30 00 1 4325.740
2010 02 01 02 45 00 1 4325.705
2010 02 01 03 00 00 1 4325.669
2010 02 01 03 15 00 1 4325.634
2010 02 01 03 30 00 1 4325.598
2010 02 01 03 45 00 1 4325.563
2010 02 01 04 00 00 1 4325.531
2010 02 01 04 15 00 1 4325.495
2010 02 01 04 30 00 1 4325.464
2010 02 01 04 45 00 1 4325.434
2010 02 01 05 00 00 1 4325.407
2010 02 01 05 15 00 1 4325.382
2010 02 01 05 30 00 1 4325.361
2010 02 01 05 45 00 1 4325.342
2010 02 01 06 00 00 1 4325.328
2010 02 01 06 15 00 1 4325.318
2010 02 01 06 30 00 1 4325.312
2010 02 01 06 45 00 1 4325.307
2010 02 01 07 00 00 1 4325.308
2010 02 01 07 15 00 1 4325.308
2010 02 01 07 30 00 1 4325.314
2010 02 01 07 45 00 1 4325.323
2010 02 01 08 00 00 1 4325.331
2010 02 01 08 15 00 1 4325.346
2010 02 01 08 30 00 1 4325.363
2010 02 01 08 45 00 1 4325.383
2010 02 01 09 00 00 1 4325.401
2010 02 01 09 15 00 1 4325.422
2010 02 01 09 30 00 1 4325.443
2010 02 01 09 45 00 1 4325.459
2010 02 01 10 00 00 1 4325.477
2010 02 01 10 15 00 1 4325.495
2010 02 01 10 30 00 1 4325.510
2010 02 01 10 45 00 1 4325.523
2010 02 01 11 00 00 1 4325.534
2010 02 01 11 15 00 1 4325.545
2010 02 01 11 30 00 1 4325.556
2010 02 01 11 45 00 1 4325.563
2010 02 01 12 00 00 1 4325.569
2010 02 01 12 15 00 1 4325.572
2010 02 01 12 30 00 1 4325.569
2010 02 01 12 45 00 1 4325.565
2010 02 01 13 00 00 1 4325.557
2010 02 01 13 15 00 1 4325.547
2010 02 01 13 30 00 1 4325.536
2010 02 01 13 45 00 1 4325.521
2010 02 01 14 00 00 1 4325.504
2010 02 01 14 15 00 1 4325.483
2010 02 01 14 30 00 1 4325.459
2010 02 01 14 45 00 1 4325.437
2010 02 01 15 00 00 1 4325.412
2010 02 01 15 15 00 1 4325.387
2010 02 01 15 30 00 1 4325.362
2010 02 01 15 45 00 1 4325.341
2010 02 01 16 00 00 1 4325.319
2010 02 01 16 15 00 1 4325.296
2010 02 01 16 30 00 1 4325.277
2010 02 01 16 45 00 1 4325.259
2010 02 01 17 00 00 1 4325.244
2010 02 01 17 15 00 1 4325.235
2010 02 01 17 30 00 1 4325.223
2010 02 01 17 45 00 1 4325.220
2010 02 01 18 00 00 1 4325.219
2010 02 01 18 15 00 1 4325.219
2010 02 01 18 30 00 1 4325.223
2010 02 01 18 45 00 1 4325.232
2010 02 01 19 00 00 1 4325.245
2010 02 01 19 15 00 1 4325.258
2010 02 01 19 30 00 1 4325.276
2010 02 01 19 45 00 1 4325.299
2010 02 01 20 00 00 1 4325.325
2010 02 01 20 15 00 1 4325.354
2010 02 01 20 30 00 1 4325.388
2010 02 01 20 45 00 1 4325.423
2010 02 01 21 00 00 1 4325.461
2010 02 01 21 15 00 1 4325.500
2010 02 01 21 30 00 1 4325.537
2010 02 01 21 45 00 1 4325.577
2010 02 01 22 00 00 1 4325.611
2010 02 01 22 15 00 1 4325.644
2010 02 01 22 30 00 1 4325.678
2010 02 01 22 45 00 1 4325.709
2010 02 01 23 00 00 1 4325.739
2010 02 01 23 15 00 1 4325.761
2010 02 01 23 30 00 1 4325.786
2010 02 01 23 45 00 1 4325.809
2010 02 02 00 00 00 1 4325.826
2010 02 02 00 15 00 1 4325.840
2010 02 02 00 30 00 1 4325.850
2010 02 02 00 45 00 1 4325.856
2010 02 02 01 00 00 1 4325.857
2010 02 02 01 15 00 1 4325.854
2010 02 02 01 30 00 1 4325.847
2010 02 02 01 45 00 1 4325.835
2010 02 02 02 00 00 1 4325.822
2010 02 02 02 15 00 1 4325.802
2010 02 02 02 30 00 1 4325.778
2010 02 02 02 45 00 1 4325.755
2010 02 02 03 00 00 1 4325.729
2010 02 02 03 15 00 1 4325.701
2010 02 02 03 30 00 1 4325.669
2010 02 02 03 45 00 1 4325.636
2010 02 02 04 00 00 1 4325.603
2010 02 02 04 15 00 1 4325.570
2010 02 02 04 30 00 1 4325.538
2010 02 02 04 45 00 1 4325.508
2010 02 02 05 00 00 1 4325.476
2010 02 02 05 15 00 1 4325.448
2010 02 02 05 30 00 1 4325.422
2010 02 02 05 45 00 1 4325.396
2010 02 02 06 00 00 1 4325.373
2010 02 02 06 15 00 1 4325.353
2010 02 02 06 30 00 1 4325.337
2010 02 02 06 45 00 1 4325.323
2010 02 02 07 00 00 1 4325.312
2010 02 02 07 15 00 1 4325.305
2010 02 02 07 30 00 1 4325.299
2010 02 02 07 45 00 1 4325.297
2010 02 02 08 00 00 1 4325.298
2010 02 02 08 15 00 1 4325.300
2010 02 02 08 30 00 1 4325.308
2010 02 02 08 45 00 1 4325.317
2010 02 02 09 00 00 1 4325.331
2010 02 02 09 15 00 1 4325.347
2010 02 02 09 30 00 1 4325.363
2010 02 02 09 45 00 1 4325.384
2010 02 02 10 00 00 1 4325.403
2010 02 02 10 15 00 1 4325.421
2010 02 02 10 30 00 1 4325.441
2010 02 02 10 45 00 1 4325.460
2010 02 02 11 00 00 1 4325.481
2010 02 02 11 15 00 1 4325.500
2010 02 02 11 30 00 1 4325.519
2010 02 02 11 45 00 1 4325.536
2010 02 02 12 00 00 1 4325.552
2010 02 02 12 15 00 1 4325.566
2010 02 02 12 30 00 1 4325.578
2010 02 02 12 45 00 1 4325.584
2010 02 02 13 00 00 1 4325.591
2010 02 02 13 15 00 1 4325.596
2010 02 02 13 30 00 1 4325.596
2010 02 02 13 45 00 1 4325.595
2010 02 02 14 00 00 1 4325.591
2010 02 02 14 15 00 1 4325.588
2010 02 02 14 30 00 1 4325.578
2010 02 02 14 45 00 1 4325.565
2010 02 02 15 00 00 1 4325.549
2010 02 02 15 15 00 1 4325.534
2010 02 02 15 30 00 1 4325.516
2010 02 02 15 45 00 1 4325.497
2010 02 02 16 00 00 1 4325.477
2010 02 02 16 15 00 1 4325.460
2010 02 02 16 30 00 1 4325.440
2010 02 02 16 45 00 1 4325.422
2010 02 02 17 00 00 1 4325.404
2010 02 02 17 15 00 1 4325.385
2010 02 02 17 30 00 1 4325.372
2010 02 02 17 45 00 1 4325.359
2010 02 02 18 00 00 1 4325.346
2010 02 02 18 15 00 1 4325.336
2010 02 02 18 30 00 1 4325.327
2010 02 02 18 45 00 1 4325.321
2010 02 02 19 00 00 1 4325.318
2010 02 02 19 15 00 1 4325.318
2010 02 02 19 30 00 1 4325.323
2010 02 02 19 45 00 1 4325.328
2010 02 02 20 00 00 1 4325.337
2010 02 02 20 15 00 1 4325.349
2010 02 02 20 30 00 1 4325.367
2010 02 02 20 45 00 1 4325.385
2010 02 02 21 00 00 1 4325.408
2010 02 02 21 15 00 1 4325.432
2010 02 02 21 30 00 1 4325.459
2010 02 02 21 45 00 1 4325.487
2010 02 02 22 00 00 1 4325.518
2010 02 02 22 15 00 1 4325.551
2010 02 02 22 30 00 1 4325.580
2010 02 02 22 45 00 1 4325.608
2010 02 02 23 00 00 1 4325.637
2010 02 02 23 15 00 1 4325.664
2010 02 02 23 30 00 1 4325.691
2010 02 02 23 45 00 1 4325.716
2010 02 03 00 00 00 1 4325.738
2010 02 03 00 15 00 1 4325.758
2010 02 03 00 30 00 1 4325.775
2010 02 03 00 45 00 1 4325.791
2010 02 03 01 00 00 1 4325.801
2010 02 03 01 15 00 1 4325.806
2010 02 03 01 30 00 1 4325.812
2010 02 03 01 45 00 1 4325.811
2010 02 03 02 00 00 1 4325.805
2010 02 03 02 15 00 1 4325.802
2010 02 03 02 30 00 1 4325.794
2010 02 03 02 45 00 1 4325.783
2010 02 03 03 00 00 1 4325.769
2010 02 03 03 15 00 1 4325.748
2010 02 03 03 30 00 1 4325.725
2010 02 03 03 45 00 1 4325.702
2010 02 03 04 00 00 1 4325.673
2010 02 03 04 15 00 1 4325.647
2010 02 03 04 30 00 1 4325.616
2010 02 03 04 45 00 1 4325.584
2010 02 03 05 00 00 1 4325.555
2010 02 03 05 15 00 1 4325.526
2010 02 03 05 30 00 1 4325.498
2010 02 03 05 45 00 1 4325.471
2010 02 03 06 00 00 1 4325.444
2010 02 03 06 15 00 1 4325.422
2010 02 03 06 30 00 1 4325.401
2010 02 03 06 45 00 1 4325.380
2010 02 03 07 00 00 1 4325.361
2010 02 03 07 15 00 1 4325.343
2010 02 03 07 30 00 1 4325.329
2010 02 03 07 45 00 1 4325.315
2010 02 03 08 00 00 1 4325.306
2010 02 03 08 15 00 1 4325.297
2010 02 03 08 30 00 1 4325.291
2010 02 03 08 45 00 1 4325.289
2010 02 03 09 00 00 1 4325.290
2010 02 03 09 15 00 1 4325.294
2010 02 03 09 30 00 1 4325.302
2010 02 03 09 45 00 1 4325.313
2010 02 03 10 00 00 1 4325.325
2010 02 03 10 15 00 1 4325.339
2010 02 03 10 30 00 1 4325.360
2010 02 03 10 45 00 1 4325.378
2010 02 03 11 00 00 1 4325.400
2010 02 03 11 15 00 1 4325.421
2010 02 03 11 30 00 1 4325.442
2010 02 03 11 45 00 1 4325.463
2010 02 03 12 00 00 1 4325.483
2010 02 03 12 15 00 1 4325.502
2010 02 03 12 30 00 1 4325.522
2010 02 03 12 45 00 1 4325.537
2010 02 03 13 00 00 1 4325.551
2010 02 03 13 15 00 1 4325.565
2010 02 03 13 30 00 1 4325.576
2010 02 03 13 45 00 1 4325.589
2010 02 03 14 00 00 1 4325.598
2010 02 03 14 15 00 1 4325.605
2010 02 03 14 30 00 1 4325.609
2010 02 03 14 45 00 1 4325.612
2010 02 03 15 00 00 1 4325.611
2010 02 03 15 15 00 1 4325.610
2010 02 03 15 30 00 1 4325.604
2010 02 03 15 45 00 1 4325.595
2010 02 03 16 00 00 1 4325.586
2010 02 03 16 15 00 1 4325.576
2010 02 03 16 30 00 1 4325.564
2010 02 03 16 45 00 1 4325.548
2010 02 03 17 00 00 1 4325.534
2010 02 03 17 15 00 1 4325.518
2010 02 03 17 30 00 1 4325.504
2010 02 03 17 45 00 1 4325.490
2010 02 03 18 00 00 1 4325.473
2010 02 03 18 15 00 1 4325.460
2010 02 03 18 30 00 1 4325.447
2010 02 03 18 45 00 1 4325.434
2010 02 03 19 00 00 1 4325.422
2010 02 03 19 15 00 1 4325.412
2010 02 03 19 30 00 1 4325.402
2010 02 03 19 45 00 1 4325.395
2010 02 03 20 00 00 1 4325.390
2010 02 03 20 15 00 1 4325.386
2010 02 03 20 30 00 1 4325.385
2010 02 03 20 45 00 1 4325.390
2010 02 03 21 00 00 1 4325.395
2010 02 03 21 15 00 1 4325.401
2010 02 03 21 30 00 1 4325.410
2010 02 03 21 45 00 1 4325.423
2010 02 03 22 00 00 1 4325.438
2010 02 03 22 15 00 1 4325.452
2010 02 03 22 30 00 1 4325.471
2010 02 03 22 45 00 1 4325.489
2010 02 03 23 00 00 1 4325.510
2010 02 03 23 15 00 1 4325.534
2010 02 03 23 30 00 1 4325.555
2010 02 03 23 45 00 1 4325.577
2010 02 04 00 00 00 1 4325.599
2010 02 04 00 15 00 1 4325.621
2010 02 04 00 30 00 1 4325.639
2010 02 04 00 45 00 1 4325.658
2010 02 04 01 00 00 1 4325.671
2010 02 04 01 15 00 1 4325.684
2010 02 04 01 30 00 1 4325.696
2010 02 04 01 45 00 1 4325.702
2010 02 04 02 00 00 1 4325.708
2010 02 04 02 15 00 1 4325.714
2010 02 04 02 30 00 1 4325.713
2010 02 04 02 45 00 1 4325.713
2010 02 04 03 00 00 1 4325.709
2010 02 04 03 15 00 1 4325.701
2010 02 04 03 30 00 1 4325.693
2010 02 04 03 45 00 1 4325.680
2010 02 04 04 00 00 1 4325.667
2010 02 04 04 15 00 1 4325.652
2010 02 04 04 30 00 1 4325.633
2010 02 04 04 45 00 1 4325.612
2010 02 04 05 00 00 1 4325.589
2010 02 04 05 15 00 1 4325.568
2010 02 04 05 30 00 1 4325.546
2010 02 04 05 45 00 1 4325.522
2010 02 04 06 00 00 1 4325.497
2010 02 04 06 15 00 1 4325.475
2010 02 04 06 30 00 1 4325.452
2010 02 04 06 45 00 1 4325.426
2010 02 04 07 00 00 1 4325.405
2010 02 04 07 15 00 1 4325.383
2010 02 04 07 30 00 1 4325.361
2010 02 04 07 45 00 1 4325.346
2010 02 04 08 00 00 1 4325.330
2010 02 04 08 15 00 1 4325.315
2010 02 04 08 30 00 1 4325.304
2010 02 04 08 45 00 1 4325.296
2010 02 04 09 00 00 1 4325.288
2010 02 04 09 15 00 1 4325.282
2010 02 04 09 30 00 1 4325.279
2010 02 04 09 45 00 1 4325.282
2010 02 04 10 00 00 1 4325.283
2010 02 04 10 15 00 1 4325.290
2010 02 04 10 30 00 1 4325.299
2010 02 04 10 45 00 1 4325.309
2010 02 04 11 00 00 1 4325.323
2010 02 04 11 15 00 1 4325.339
2010 02 04 11 30 00 1 4325.356
2010 02 04 11 45 00 1 4325.377
2010 02 04 12 00 00 1 4325.397
2010 02 04 12 15 00 1 4325.418
2010 02 04 12 30 00 1 4325.437
2010 02 04 12 45 00 1 4325.457
2010 02 04 13 00 00 1 4325.477
2010 02 04 13 15 00 1 4325.497
2010 02 04 13 30 00 1 4325.515
2010 02 04 13 45 00 1 4325.537
2010 02 04 14 00 00 1 4325.554
2010 02 04 14 15 00 1 4325.571
2010 02 04 14 30 00 1 4325.588
2010 02 04 14 45 00 1 4325.601
2010 02 04 15 00 00 1 4325.613
2010 02 04 15 15 00 1 4325.622
2010 02 04 15 30 00 1 4325.629
2010 02 04 15 45 00 1 4325.637
2010 02 04 16 00 00 1 4325.640
2010 02 04 16 15 00 1 4325.640
2010 02 04 16 30 00 1 4325.640
2010 02 04 16 45 00 1 4325.636
2010 02 04 17 00 00 1 4325.629
2010 02 04 17 15 00 1 4325.620
2010 02 04 17 30 00 1 4325.611
2010 02 04 17 45 00 1 4325.600
2010 02 04 18 00 00 1 4325.589
2010 02 04 18 15 00 1 4325.578
2010 02 04 18 30 00 1 4325.567
2010 02 04 18 45 00 1 4325.552
2010 02 04 19 00 00 1 4325.541
2010 02 04 19 15 00 1 4325.528
2010 02 04 19 30 00 1 4325.516
2010 02 04 19 45 00 1 4325.501
2010 02 04 20 00 00 1 4325.488
2010 02 04 20 15 00 1 4325.477
2010 02 04 20 30 00 1 4325.467
2010 02 04 20 45 00 1 4325.457
2010 02 04 21 00 00 1 4325.446
2010 02 04 21 15 00 1 4325.441
2010 02 04 21 30 00 1 4325.433
2010 02 04 21 45 00 1 4325.429
2010 02 04 22 00 00 1 4325.428
2010 02 04 22 15 00 1 4325.431
2010 02 04 22 30 00 1 4325.434
2010 02 04 22 45 00 1 4325.438
2010 02 04 23 00 00 1 4325.443
2010 02 04 23 15 00 1 4325.453
2010 02 04 23 30 00 1 4325.464
2010 02 04 23 45 00 1 4325.475
2010 02 05 00 00 00 1 4325.482
2010 02 05 00 15 00 1 4325.496
2010 02 05 00 30 00 1 4325.511
2010 02 05 00 45 00 1 4325.525
2010 02 05 01 00 00 1 4325.537
2010 02 05 01 15 00 1 4325.549
2010 02 05 01 30 00 1 4325.561
2010 02 05 01 45 00 1 4325.568
2010 02 05 02 00 00 1 4325.574
2010 02 05 02 15 00 1 4325.582
2010 02 05 02 30 00 1 4325.588
2010 02 05 02 45 00 1 4325.592
2010 02 05 03 00 00 1 4325.595
2010 02 05 03 15 00 1 4325.596
2010 02 05 03 30 00 1 4325.597
2010 02 05 03 45 00 1 4325.595
2010 02 05 04 00 00 1 4325.591
2010 02 05 04 15 00 1 4325.583
2010 02 05 04 30 00 1 4325.571
2010 02 05 04 45 00 1 4325.561
2010 02 05 05 00 00 1 4325.548
2010 02 05 05 15 00 1 4325.537
2010 02 05 05 30 00 1 4325.520
2010 02 05 05 45 00 1 4325.506
2010 02 05 06 00 00 1 4325.488
2010 02 05 06 15 00 1 4325.471
2010 02 05 06 30 00 1 4325.449
2010 02 05 06 45 00 1 4325.435
2010 02 05 07 00 00 1 4325.419
2010 02 05 07 15 00 1 4325.401
2010 02 05 07 30 00 1 4325.381
2010 02 05 07 45 00 1 4325.364
2010 02 05 08 00 00 1 4325.348
2010 02 05 08 15 00 1 4325.330
2010 02 05 08 30 00 1 4325.314
2010 02 05 08 45 00 1 4325.301
2010 02 05 09 00 00 1 4325.289
2010 02 05 09 15 00 1 4325.279
2010 02 05 09 30 00 1 4325.268
2010 02 05 09 45 00 1 4325.263
2010 02 05 10 00 00 1 4325.261
2010 02 05 10 15 00 1 4325.258
2010 02 05 10 30 00 1 4325.257
2010 02 05 10 45 00 1 4325.261
2010 02 05 11 00 00 1 4325.265
2010 02 05 11 15 00 1 4325.271
2010 02 05 11 30 00 1 4325.280
2010 02 05 11 45 00 1 4325.291
2010 02 05 12 00 00 1 4325.308
2010 02 05 12 15 00 1 4325.327
2010 02 05 12 30 00 1 4325.348
2010 02 05 12 45 00 1 4325.369
2010 02 05 13 00 00 1 4325.391
2010 02 05 13 15 00 1 4325.412
2010 02 05 13 30 00 1 4325.435
2010 02 05 13 45 00 1 4325.459
2010 02 05 14 00 00 1 4325.482
2010 02 05 14 15 00 1 4325.502
2010 02 05 14 30 00 1 4325.529
2010 02 05 14 45 00 1 4325.550
2010 02 05 15 00 00 1 4325.574
2010 02 05 15 15 00 1 4325.592
2010 02 05 15 30 00 1 4325.608
2010 02 05 15 45 00 1 4325.627
2010 02 05 16 00 00 1 4325.646
2010 02 05 16 15 00 1 4325.659
2010 02 05 16 30 00 1 4325.674
2010 02 05 16 45 00 1 4325.683
2010 02 05 17 00 00 1 4325.693
2010 02 05 17 15 00 1 4325.699
2010 02 05 17 30 00 1 4325.702
2010 02 05 17 45 00 1 4325.700
2010 02 05 18 00 00 1 4325.699
2010 02 05 18 15 00 1 4325.700
2010 02 05 18 30 00 1 4325.694
2010 02 05 18 45 00 1 4325.686
2010 02 05 19 00 00 1 4325.676
2010 02 05 19 15 00 1 4325.667
2010 02 05 19 30 00 1 4325.656
2010 02 05 19 45 00 1 4325.642
2010 02 05 20 00 00 1 4325.627
2010 02 05 20 15 00 1 4325.611
2010 02 05 20 30 00 1 4325.597
2010 02 05 20 45 00 1 4325.582
2010 02 05 21 00 00 1 4325.568
2010 02 05 21 15 00 1 4325.549
2010 02 05 21 30 00 1 4325.533
2010 02 05 21 45 00 1 4325.521
2010 02 05 22 00 00 1 4325.507
2010 02 05 22 15 00 1 4325.495
2010 02 05 22 30 00 1 4325.483
2010 02 05 22 45 00 1 4325.469
2010 02 05 23 00 00 1 4325.464
2010 02 05 23 15 00 1 4325.458
2010 02 05 23 30 00 1 4325.454
2010 02 05 23 45 00 1 4325.453
2010 02 06 00 00 00 1 4325.453
2010 02 06 00 15 00 1 4325.456
2010 02 06 00 30 00 1 4325.458
2010 02 06 00 45 00 1 4325.462
2010 02 06 01 00 00 1 4325.470
2010 02 06 01 15 00 1 4325.474
2010 02 06 01 30 00 1 4325.483
2010 02 06 01 45 00 1 4325.488
2010 02 06 02 00 00 1 4325.495
2010 02 06 02 15 00 1 4325.504
2010 02 06 02 30 00 1 4325.512
2010 02 06 02 45 00 1 4325.516
2010 02 06 03 00 00 1 4325.522
2010 02 06 03 15 00 1 4325.526
2010 02 06 03 30 00 1 4325.531
2010 02 06 03 45 00 1 4325.531
2010 02 06 04 00 00 1 4325.532
2010 02 06 04 15 00 1 4325.530
2010 02 06 04 30 00 1 4325.529
2010 02 06 04 45 00 1 4325.527
2010 02 06 05 00 00 1 4325.524
2010 02 06 05 15 00 1 4325.516
2010 02 06 05 30 00 1 4325.511
2010 02 06 05 45 00 1 4325.505
2010 02 06 06 00 00 1 4325.495
2010 02 06 06 15 00 1 4325.485
2010 02 06 06 30 00 1 4325.474
2010 02 06 06 45 00 1 4325.462
2010 02 06 07 00 00 1 4325.448
2010 02 06 07 15 00 1 4325.433
2010 02 06 07 30 00 1 4325.417
2010 02 06 07 45 00 1 4325.402
2010 02 06 08 00 00 1 4325.386
2010 02 06 08 15 00 1 4325.367
2010 02 06 08 30 00 1 4325.353
2010 02 06 08 45 00 1 4325.336
2010 02 06 09 00 00 1 4325.323
2010 02 06 09 15 00 1 4325.312
2010 02 06 09 30 00 1 4325.299
2010 02 06 09 45 00 1 4325.284
2010 02 06 10 00 00 1 4325.272
2010 02 06 10 15 00 1 4325.264
2010 02 06 10 30 00 1 4325.258
2010 02 06 10 45 00 1 4325.251
2010 02 06 11 00 00 1 4325.249
2010 02 06 11 15 00 1 4325.245
2010 02 06 11 30 00 1 4325.244
2010 02 06 11 45 00 1 4325.249
2010 02 06 12 00 00 1 4325.256
2010 02 06 12 15 00 1 4325.268
2010 02 06 12 30 00 1 4325.280
2010 02 06 12 45 00 1 4325.294
2010 02 06 13 00 00 1 4325.308
2010 02 06 13 15 00 1 4325.329
2010 02 06 13 30 00 1 4325.348
2010 02 06 13 45 00 1 4325.373
2010 02 06 14 00 00 1 4325.397
2010 02 06 14 15 00 1 4325.420
2010 02 06 14 30 00 1 4325.446
2010 02 06 14 45 00 1 4325.472
2010 02 06 15 00 00 1 4325.497
2010 02 06 15 15 00 1 4325.520
2010 02 06 15 30 00 1 4325.545
2010 02 06 15 45 00 1 4325.568
2010 02 06 16 00 00 1 4325.593
2010 02 06 16 15 00 1 4325.612
2010 02 06 16 30 00 1 4325.634
2010 02 06 16 45 00 1 4325.655
2010 02 06 17 00 00 1 4325.674
2010 02 06 17 15 00 1 4325.690
2010 02 06 17 30 00 1 4325.703
2010 02 06 17 45 00 1 4325.715
2010 02 06 18 00 00 1 4325.727
2010 02 06 18 15 00 1 4325.735
2010 02 06 18 30 00 1 4325.743
2010 02 06 18 45 00 1 4325.744
2010 02 06 19 00 00 1 4325.743
2010 02 06 19 15 00 1 4325.741
2010 02 06 19 30 00 1 4325.735
2010 02 06 19 45 00 1 4325.726
2010 02 06 20 00 00 1 4325.719
2010 02 06 20 15 00 1 4325.707
2010 02 06 20 30 00 1 4325.695
2010 02 06 20 45 00 1 4325.682
2010 02 06 21 00 00 1 4325.663
2010 02 06 21 15 00 1 4325.648
2010 02 06 21 30 00 1 4325.629
2010 02 06 21 45 00 1 4325.609
2010 02 06 22 00 00 1 4325.591
2010 02 06 22 15 00 1 4325.575
2010 02 06 22 30 00 1 4325.556
2010 02 06 22 45 00 1 4325.542
2010 02 06 23 00 00 1 4325.526
2010 02 06 23 15 00 1 4325.510
2010 02 06 23 30 00 1 4325.494
2010 02 06 23 45 00 1 4325.480
2010 02 07 00 00 00 1 4325.469
2010 02 07 00 15 00 1 4325.459
2010 02 07 00 30 00 1 4325.451
2010 02 07 00 45 00 1 4325.447
2010 02 07 01 00 00 1 4325.440
2010 02 07 01 15 00 1 4325.436
2010 02 07 01 30 00 1 4325.436
2010 02 07 01 45 00 1 4325.433
2010 02 07 02 00 00 1 4325.435
2010 02 07 02 15 00 1 4325.440
2010 02 07 02 30 00 1 4325.439
2010 02 07 02 45 00 1 4325.442
2010 02 07 03 00 00 1 4325.449
2010 02 07 03 15 00 1 4325.454
2010 02 07 03 30 00 1 4325.461
2010 02 07 03 45 00 1 4325.467
2010 02 07 04 00 00 1 4325.469
2010 02 07 04 15 00 1 4325.474
2010 02 07 04 30 00 1 4325.475
2010 02 07 04 45 00 1 4325.478
2010 02 07 05 00 00 1 4325.481
2010 02 07 05 15 00 1 4325.485
2010 02 07 05 30 00 1 4325.485
2010 02 07 05 45 00 1 4325.483
2010 02 07 06 00 00 1 4325.481
2010 02 07 06 15 00 1 4325.477
2010 02 07 06 30 00 1 4325.473
2010 02 07 06 45 00 1 4325.469
2010 02 07 07 00 00 1 4325.461
2010 02 07 07 15 00 1 4325.454
2010 02 07 07 30 00 1 4325.444
2010 02 07 07 45 00 1 4325.434
2010 02 07 08 00 00 1 4325.419
2010 02 07 08 15 00 1 4325.408
2010 02 07 08 30 00 1 4325.395
2010 02 07 08 45 00 1 4325.383
2010 02 07 09 00 00 1 4325.366
2010 02 07 09 15 00 1 4325.352
2010 02 07 09 30 00 1 4325.336
2010 02 07 09 45 00 1 4325.324
2010 02 07 10 00 00 1 4325.311
2010 02 07 10 15 00 1 4325.297
2010 02 07 10 30 00 1 4325.285
2010 02 07 10 45 00 1 4325.270
2010 02 07 11 00 00 1 4325.257
2010 02 07 11 15 00 1 4325.248
2010 02 07 11 30 00 1 4325.243
2010 02 07 11 45 00 1 4325.235
2010 02 07 12 00 00 1 4325.233
2010 02 07 12 15 00 1 4325.232
2010 02 07 12 30 00 1 4325.236
2010 02 07 12 45 00 1 4325.241
2010 02 07 13 00 00 1 4325.249
2010 02 07 13 15 00 1 4325.261
2010 02 07 13 30 00 1 4325.273
2010 02 07 13 45 00 1 4325.290
2010 02 07 14 00 00 1 4325.309
2010 02 07 14 15 00 1 4325.327
2010 02 07 14 30 00 1 4325.351
2010 02 07 14 45 00 1 4325.372
2010 02 07 15 00 00 1 4325.398
2010 02 07 15 15 00 1 4325.421
2010 02 07 15 30 00 1 4325.449
2010 02 07 15 45 00 1 4325.473
2010 02 07 16 00 00 1 4325.500
2010 02 07 16 15 00 1 4325.530
2010 02 07 16 30 00 1 4325.557
2010 02 07 16 45 00 1 4325.583
2010 02 07 17 00 00 1 4325.608
2010 02 07 17 15 00 1 4325.632
2010 02 07 17 30 00 1 4325.655
2010 02 07 17 45 00 1 4325.678
2010 02 07 18 00 00 1 4325.700
2010 02 07 18 15 00 1 4325.722
2010 02 07 18 30 00 1 4325.735
2010 02 07 18 45 00 1 4325.747
2010 02 07 19 00 00 1 4325.757
2010 02 07 19 15 00 1 4325.766
2010 02 07 19 30 00 1 4325.770
2010 02 07 19 45 00 1 4325.773
2010 02 07 20 00 00 1 4325.770
2010 02 07 20 15 00 1 4325.766
2010 02 07 20 30 00 1 4325.760
2010 02 07 20 45 00 1 4325.752
2010 02 07 21 00 00 1 4325.741
2010 02 07 21 15 00 1 4325.727
2010 02 07 21 30 00 1 4325.715
2010 02 07 21 45 00 1 4325.696
2010 02 07 22 00 00 1 4325.677
2010 02 07 22 15 00 1 4325.658
2010 02 07 22 30 00 1 4325.639
2010 02 07 22 45 00 1 4325.617
2010 02 07 23 00 00 1 4325.596
2010 02 07 23 15 00 1 4325.574
2010 02 07 23 30 00 1 4325.551
2010 02 07 23 45 00 1 4325.531
2010 02 08 00 00 00 1 4325.511
2010 02 08 00 15 00 1 4325.492
2010 02 08 00 30 00 1 4325.476
2010 02 08 00 45 00 1 4325.458
2010 02 08 01 00 00 1 4325.446
2010 02 08 01 15 00 1 4325.433
2010 02 08 01 30 00 1 4325.423
2010 02 08 01 45 00 1 4325.414
2010 02 08 02 00 00 1 4325.404
2010 02 08 02 15 00 1 4325.402
2010 02 08 02 30 00 1 4325.399
2010 02 08 02 45 00 1 4325.401
2010 02 08 03 00 00 1 4325.404
2010 02 08 03 15 00 1 4325.405
2010 02 08 03 30 00 1 4325.408
2010 02 08 03 45 00 1 4325.415
2010 02 08 04 00 00 1 4325.418
2010 02 08 04 15 00 1 4325.427
2010 02 08 04 30 00 1 4325.431
2010 02 08 04 45 00 1 4325.436
2010 02 08 05 00 00 1 4325.443
2010 02 08 05 15 00 1 4325.449
2010 02 08 05 30 00 1 4325.454
2010 02 08 05 45 00 1 4325.459
2010 02 08 06 00 00 1 4325.464
2010 02 08 06 15 00 1 4325.468
2010 02 08 06 30 00 1 4325.470
2010 02 08 06 45 00 1 4325.470
2010 02 08 07 00 00 1 4325.470
2010 02 08 07 15 00 1 4325.470
2010 02 08 07 30 00 1 4325.467
2010 02 08 07 45 00 1 4325.463
2010 02 08 08 00 00 1 4325.454
2010 02 08 08 15 00 1 4325.448
2010 02 08 08 30 00 1 4325.436
2010 02 08 08 45 00 1 4325.428
2010 02 08 09 00 00 1 4325.416
2010 02 08 09 15 00 1 4325.402
2010 02 08 09 30 00 1 4325.389
2010 02 08 09 45 00 1 4325.374
2010 02 08 10 00 00 1 4325.358
2010 02 08 10 15 00 1 4325.342
2010 02 08 10 30 00 1 4325.327
2010 02 08 10 45 00 1 4325.314
2010 02 08 11 00 00 1 4325.299
2010 02 08 11 15 00 1 4325.285
2010 02 08 11 30 00 1 4325.274
2010 02 08 11 45 00 1 4325.265
2010 02 08 12 00 00 1 4325.258
2010 02 08 12 15 00 1 4325.252
2010 02 08 12 30 00 1 4325.247
2010 02 08 12 45 00 1 4325.245
2010 02 08 13 00 00 1 4325.248
2010 02 08 13 15 00 1 4325.251
2010 02 08 13 30 00 1 4325.255
2010 02 08 13 45 00 1 4325.264
2010 02 08 14 00 00 1 4325.277
2010 02 08 14 15 00 1 4325.289
2010 02 08 14 30 00 1 4325.304
2010 02 08 14 45 00 1 4325.325
2010 02 08 15 00 00 1 4325.348
2010 02 08 15 15 00 1 4325.373
2010 02 08 15 30 00 1 4325.398
2010 02 08 15 45 00 1 4325.424
2010 02 08 16 00 00 1 4325.452
2010 02 08 16 15 00 1 4325.479
2010 02 08 16 30 00 1 4325.507
2010 02 08 16 45 00 1 4325.536
2010 02 08 17 00 00 1 4325.563
2010 02 08 17 15 00 1 4325.591
2010 02 08 17 30 00 1 4325.615
2010 02 08 17 45 00 1 4325.640
2010 02 08 18 00 00 1 4325.667
2010 02 08 18 15 00 1 4325.691
2010 02 08 18 30 00 1 4325.713
2010 02 08 18 45 00 1 4325.732
2010 02 08 19 00 00 1 4325.750
2010 02 08 19 15 00 1 4325.766
2010 02 08 19 30 00 1 4325.779
2010 02 08 19 45 00 1 4325.789
2010 02 08 20 00 00 1 4325.799
2010 02 08 20 15 00 1 4325.803
2010 02 08 20 30 00 1 4325.805
2010 02 08 20 45 00 1 4325.803
2010 02 08 21 00 00 1 4325.796
2010 02 08 21 15 00 1 4325.789
2010 02 08 21 30 00 1 4325.779
2010 02 08 21 45 00 1 4325.765
2010 02 08 22 00 00 1 4325.749
2010 02 08 22 15 00 1 4325.734
2010 02 08 22 30 00 1 4325.714
2010 02 08 22 45 00 1 4325.694
2010 02 08 23 00 00 1 4325.674
2010 02 08 23 15 00 1 4325.652
2010 02 08 23 30 00 1 4325.629
2010 02 08 23 45 00 1 4325.605
2010 02 09 00 00 00 1 4325.580
2010 02 09 00 15 00 1 4325.557
2010 02 09 00 30 00 1 4325.537
2010 02 09 00 45 00 1 4325.516
2010 02 09 01 00 00 1 4325.496
2010 02 09 01 15 00 1 4325.477
2010 02 09 01 30 00 1 4325.458
2010 02 09 01 45 00 1 4325.438
2010 02 09 02 00 00 1 4325.423
2010 02 09 02 15 00 1 4325.412
2010 02 09 02 30 00 1 4325.400
2010 02 09 02 45 00 1 4325.394
2010 02 09 03 00 00 1 4325.392
2010 02 09 03 15 00 1 4325.389
2010 02 09 03 30 00 1 4325.391
2010 02 09 03 45 00 1 4325.392
2010 02 09 04 00 00 1 4325.393
2010 02 09 04 15 00 1 4325.398
2010 02 09 04 30 00 1 4325.405
2010 02 09 04 45 00 1 4325.409
2010 02 09 05 00 00 1 4325.416
2010 02 09 05 15 00 1 4325.423
2010 02 09 05 30 00 1 4325.433
2010 02 09 05 45 00 1 4325.438
2010 02 09 06 00 00 1 4325.446
2010 02 09 06 15 00 1 4325.451
2010 02 09 06 30 00 1 4325.455
2010 02 09 06 45 00 1 4325.458
2010 02 09 07 00 00 1 4325.463
2010 02 09 07 15 00 1 4325.464
2010 02 09 07 30 00 1 4325.467
2010 02 09 07 45 00 1 4325.468
2010 02 09 08 00 00 1 4325.465
2010 02 09 08 15 00 1 4325.463
2010 02 09 08 30 00 1 4325.456
2010 02 09 08 45 00 1 4325.449
2010 02 09 09 00 00 1 4325.441
2010 02 09 09 15 00 1 4325.429
2010 02 09 09 30 00 1 4325.419
2010 02 09 09 45 00 1 4325.404
2010 02 09 10 00 00 1 4325.392
2010 02 09 10 15 00 1 4325.379
2010 02 09 10 30 00 1 4325.363
2010 02 09 10 45 00 1 4325.347
2010 02 09 11 00 00 1 4325.330
2010 02 09 11 15 00 1 4325.312
2010 02 09 11 30 00 1 4325.294
2010 02 09 11 45 00 1 4325.279
2010 02 09 12 00 00 1 4325.265
2010 02 09 12 15 00 1 4325.258
2010 02 09 12 30 00 1 4325.246
2010 02 09 12 45 00 1 4325.239
2010 02 09 13 00 00 1 4325.234
2010 02 09 13 15 00 1 4325.232
2010 02 09 13 30 00 1 4325.233
2010 02 09 13 45 00 1 4325.233
2010 02 09 14 00 00 1 4325.240
2010 02 09 14 15 00 1 4325.246
2010 02 09 14 30 00 1 4325.257
2010 02 09 14 45 00 1 4325.271
2010 02 09 15 00 00 1 4325.286
2010 02 09 15 15 00 1 4325.304
2010 02 09 15 30 00 1 4325.324
2010 02 09 15 45 00 1 4325.343
2010 02 09 16 00 00 1 4325.368
2010 02 09 16 15 00 1 4325.395
2010 02 09 16 30 00 1 4325.422
2010 02 09 16 45 00 1 4325.452
2010 02 09 17 00 00 1 4325.483
2010 02 09 17 15 00 1 4325.514
2010 02 09 17 30 00 1 4325.543
2010 02 09 17 45 00 1 4325.571
2010 02 09 18 00 00 1 4325.601
2010 02 09 18 15 00 1 4325.628
2010 02 09 18 30 00 1 4325.656
2010 02 09 18 45 00 1 4325.681
2010 02 09 19 00 00 1 4325.704
2010 02 09 19 15 00 1 4325.724
2010 02 09 19 30 00 1 4325.741
2010 02 09 19 45 00 1 4325.758
2010 02 09 20 00 00 1 4325.773
2010 02 09 20 15 00 1 4325.786
2010 02 09 20 30 00 1 4325.795
2010 02 09 20 45 00 1 4325.799
2010 02 09 21 00 00 1 4325.804
2010 02 09 21 15 00 1 4325.803
2010 02 09 21 30 00 1 4325.801
2010 02 09 21 45 00 1 4325.793
2010 02 09 22 00 00 1 4325.784
2010 02 09 22 15 00 1 4325.773
2010 02 09 22 30 00 1 4325.758
2010 02 09 22 45 00 1 4325.742
2010 02 09 23 00 00 1 4325.722
2010 02 09 23 15 00 1 4325.702
2010 02 09 23 30 00 1 4325.680
2010 02 09 23 45 00 1 4325.655
2010 02 10 00 00 00 1 4325.628
2010 02 10 00 15 00 1 4325.602
2010 02 10 00 30 00 1 4325.578
2010 02 10 00 45 00 1 4325.552
2010 02 10 01 00 00 1 4325.531
2010 02 10 01 15 00 1 4325.507
2010 02 10 01 30 00 1 4325.485
2010 02 10 01 45 00 1 4325.466
2010 02 10 02 00 00 1 4325.446
2010 02 10 02 15 00 1 4325.426
2010 02 10 02 30 00 1 4325.409
2010 02 10 02 45 00 1 4325.399
2010 02 10 03 00 00 1 4325.388
2010 02 10 03 15 00 1 4325.378
2010 02 10 03 30 00 1 4325.370
2010 02 10 03 45 00 1 4325.367
2010 02 10 04 00 00 1 4325.366
2010 02 10 04 15 00 1 4325.367
2010 02 10 04 30 00 1 4325.368
2010 02 10 04 45 00 1 4325.373
2010 02 10 05 00 00 1 4325.376
2010 02 10 05 15 00 1 4325.384
2010 02 10 05 30 00 1 4325.395
2010 02 10 05 45 00 1 4325.401
2010 02 10 06 00 00 1 4325.409
2010 02 10 06 15 00 1 4325.419
2010 02 10 06 30 00 1 4325.431
2010 02 10 06 45 00 1 4325.441
2010 02 10 07 00 00 1 4325.447
2010 02 10 07 15 00 1 4325.454
2010 02 10 07 30 00 1 4325.459
2010 02 10 07 45 00 1 4325.462
2010 02 10 08 00 00 1 4325.464
2010 02 10 08 15 00 1 4325.466
2010 02 10 08 30 00 1 4325.460
2010 02 10 08 45 00 1 4325.458
2010 02 10 09 00 00 1 4325.453
2010 02 10 09 15 00 1 4325.447
2010 02 10 09 30 00 1 4325.437
2010 02 10 09 45 00 1 4325.426
2010 02 10 10 00 00 1 4325.414
2010 02 10 10 15 00 1 4325.400
2010 02 10 10 30 00 1 4325.383
2010 02 10 10 45 00 1 4325.366
2010 02 10 11 00 00 1 4325.346
2010 02 10 11 15 00 1 4325.327
2010 02 10 11 30 00 1 4325.313
2010 02 10 11 45 00 1 4325.294
2010 02 10 12 00 00 1 4325.276
2010 02 10 12 15 00 1 4325.260
2010 02 10 12 30 00 1 4325.246
2010 02 10 12 45 00 1 4325.231
2010 02 10 13 00 00 1 4325.219
2010 02 10 13 15 00 1 4325.207
2010 02 10 13 30 00 1 4325.201
2010 02 10 13 45 00 1 4325.198
2010 02 10 14 00 00 1 4325.195
2010 02 10 14 15 00 1 4325.195
2010 02 10 14 30 00 1 4325.197
2010 02 10 14 45 00 1 4325.203
2010 02 10 15 00 00 1 4325.213
2010 02 10 15 15 00 1 4325.225
2010 02 10 15 30 00 1 4325.239
2010 02 10 15 45 00 1 4325.255
2010 02 10 16 00 00 1 4325.276
2010 02 10 16 15 00 1 4325.295
2010 02 10 16 30 00 1 4325.322
2010 02 10 16 45 00 1 4325.349
2010 02 10 17 00 00 1 4325.378
2010 02 10 17 15 00 1 4325.405
2010 02 10 17 30 00 1 4325.432
2010 02 10 17 45 00 1 4325.466
2010 02 10 18 00 00 1 4325.499
2010 02 10 18 15 00 1 4325.531
2010 02 10 18 30 00 1 4325.563
2010 02 10 18 45 00 1 4325.590
2010 02 10 19 00 00 1 4325.619
2010 02 10 19 15 00 1 4325.644
2010 02 10 19 30 00 1 4325.672
2010 02 10 19 45 00 1 4325.697
2010 02 10 20 00 00 1 4325.717
2010 02 10 20 15 00 1 4325.738
2010 02 10 20 30 00 1 4325.754
2010 02 10 20 45 00 1 4325.769
2010 02 10 21 00 00 1 4325.780
2010 02 10 21 15 00 1 4325.788
2010 02 10 21 30 00 1 4325.793
2010 02 10 21 45 00 1 4325.792
2010 02 10 22 00 00 1 4325.788
2010 02 10 22 15 00 1 4325.784
2010 02 10 22 30 00 1 4325.778
2010 02 10 22 45 00 1 4325.769
2010 02 10 23 00 00 1 4325.755
2010 02 10 23 15 00 1 4325.738
2010 02 10 23 30 00 1 4325.720
2010 02 10 23 45 00 1 4325.699
2010 02 11 00 00 00 1 4325.675
2010 02 11 00 15 00 1 4325.652
2010 02 11 00 30 00 1 4325.626
2010 02 11 00 45 00 1 4325.604
2010 02 11 01 00 00 1 4325.578
2010 02 11 01 15 00 1 4325.551
2010 02 11 01 30 00 1 4325.526
2010 02 11 01 45 00 1 4325.501
2010 02 11 02 00 00 1 4325.480
2010 02 11 02 15 00 1 4325.459
2010 02 11 02 30 00 1 4325.441
2010 02 11 02 45 00 1 4325.425
2010 02 11 03 00 00 1 4325.410
2010 02 11 03 15 00 1 4325.399
2010 02 11 03 30 00 1 4325.386
2010 02 11 03 45 00 1 4325.378
2010 02 11 04 00 00 1 4325.372
2010 02 11 04 15 00 1 4325.373
2010 02 11 04 30 00 1 4325.370
2010 02 11 04 45 00 1 4325.369
2010 02 11 05 00 00 1 4325.375
2010 02 11 05 15 00 1 4325.380
2010 02 11 05 30 00 1 4325.391
2010 02 11 05 45 00 1 4325.400
2010 02 11 06 00 00 1 4325.410
2010 02 11 06 15 00 1 4325.420
2010 02 11 06 30 00 1 4325.435
2010 02 11 06 45 00 1 4325.447
2010 02 11 07 00 00 1 4325.457
2010 02 11 07 15 00 1 4325.470
2010 02 11 07 30 00 1 4325.480
2010 02 11 07 45 00 1 4325.487
2010 02 11 08 00 00 1 4325.493
2010 02 11 08 15 00 1 4325.496
2010 02 11 08 30 00 1 4325.499
2010 02 11 08 45 00 1 4325.497
2010 02 11 09 00 00 1 4325.497
2010 02 11 09 15 00 1 4325.492
2010 02 11 09 30 00 1 4325.486
2010 02 11 09 45 00 1 4325.481
2010 02 11 10 00 00 1 4325.475
2010 02 11 10 15 00 1 4325.463
2010 02 11 10 30 00 1 4325.447
2010 02 11 10 45 00 1 4325.432
2010 02 11 11 00 00 1 4325.418
2010 02 11 11 15 00 1 4325.403
2010 02 11 11 30 00 1 4325.386
2010 02 11 11 45 00 1 4325.367
2010 02 11 12 00 00 1 4325.349
2010 02 11 12 15 00 1 4325.330
2010 02 11 12 30 00 1 4325.309
2010 02 11 12 45 00 1 4325.292
2010 02 11 13 00 00 1 4325.276
2010 02 11 13 15 00 1 4325.258
2010 02 11 13 30 00 1 4325.245
2010 02 11 13 45 00 1 4325.233
2010 02 11 14 00 00 1 4325.224
2010 02 11 14 15 00 1 4325.215
2010 02 11 14 30 00 1 4325.211
2010 02 11 14 45 00 1 4325.210
2010 02 11 15 00 00 1 4325.212
2010 02 11 15 15 00 1 4325.217
2010 02 11 15 30 00 1 4325.225
2010 02 11 15 45 00 1 4325.231
2010 02 11 16 00 00 1 4325.247
2010 02 11 16 15 00 1 4325.267
2010 02 11 16 30 00 1 4325.287
2010 02 11 16 45 00 1 4325.309
2010 02 11 17 00 00 1 4325.332
2010 02 11 17 15 00 1 4325.358
2010 02 11 17 30 00 1 4325.388
2010 02 11 17 45 00 1 4325.415
2010 02 11 18 00 00 1 4325.444
2010 02 11 18 15 00 1 4325.474
2010 02 11 18 30 00 1 4325.508
2010 02 11 18 45 00 1 4325.541
2010 02 11 19 00 00 1 4325.570
2010 02 11 19 15 00 1 4325.596
2010 02 11 19 30 00 1 4325.626
2010 02 11 19 45 00 1 4325.655
2010 02 11 20 00 00 1 4325.682
2010 02 11 20 15 00 1 4325.707
2010 02 11 20 30 00 1 4325.729
2010 02 11 20 45 00 1 4325.746
2010 02 11 21 00 00 1 4325.763
2010 02 11 21 15 00 1 4325.778
2010 02 11 21 30 00 1 4325.786
2010 02 11 21 45 00 1 4325.795
2010 02 11 22 00 00 1 4325.801
2010 02 11 22 15 00 1 4325.803
2010 02 11 22 30 00 1 4325.800
2010 02 11 22 45 00 1 4325.796
2010 02 11 23 00 00 1 4325.785
2010 02 11 23 15 00 1 4325.777
2010 02 11 23 30 00 1 4325.762
2010 02 11 23 45 00 1 4325.744
2010 02 12 00 00 00 1 4325.727
2010 02 12 00 15 00 1 4325.702
2010 02 12 00 30 00 1 4325.678
2010 02 12 00 45 00 1 4325.653
2010 02 12 01 00 00 1 4325.629
2010 02 12 01 15 00 1 4325.602
2010 02 12 01 30 00 1 4325.578
2010 02 12 01 45 00 1 4325.551
2010 02 12 02 00 00 1 4325.526
2010 02 12 02 15 00 1 4325.503
2010 02 12 02 30 00 1 4325.479
2010 02 12 02 45 00 1 4325.458
2010 02 12 03 00 00 1 4325.438
2010 02 12 03 15 00 1 4325.422
2010 02 12 03 30 00 1 4325.408
2010 02 12 03 45 00 1 4325.395
2010 02 12 04 00 00 1 4325.386
2010 02 12 04 15 00 1 4325.378
2010 02 12 04 30 00 1 4325.369
2010 02 12 04 45 00 1 4325.366
2010 02 12 05 00 00 1 4325.364
2010 02 12 05 15 00 1 4325.363
2010 02 12 05 30 00 1 4325.367
2010 02 12 05 45 00 1 4325.371
2010 02 12 06 00 00 1 4325.379
2010 02 12 06 15 00 1 4325.390
2010 02 12 06 30 00 1 4325.399
2010 02 12 06 45 00 1 4325.413
2010 02 12 07 00 00 1 4325.424
2010 02 12 07 15 00 1 4325.435
2010 02 12 07 30 00 1 4325.447
2010 02 12 07 45 00 1 4325.454
2010 02 12 08 00 00 1 4325.466
2010 02 12 08 15 00 1 4325.473
2010 02 12 08 30 00 1 4325.480
2010 02 12 08 45 00 1 4325.483
2010 02 12 09 00 00 1 4325.486
2010 02 12 09 15 00 1 4325.488
2010 02 12 09 30 00 1 4325.489
2010 02 12 09 45 00 1 4325.487
2010 02 12 10 00 00 1 4325.482
2010 02 12 10 15 00 1 4325.477
2010 02 12 10 30 00 1 4325.467
2010 02 12 10 45 00 1 4325.457
2010 02 12 11 00 00 1 4325.445
2010 02 12 11 15 00 1 4325.434
2010 02 12 11 30 00 1 4325.416
2010 02 12 11 45 00 1 4325.401
2010 02 12 12 00 00 1 4325.382
2010 02 12 12 15 00 1 4325.365
2010 02 12 12 30 00 1 4325.345
2010 02 12 12 45 00 1 4325.325
2010 02 12 13 00 00 1 4325.306
2010 02 12 13 15 00 1 4325.285
2010 02 12 13 30 00 1 4325.268
2010 02 12 13 45 00 1 4325.250
2010 02 12 14 00 00 1 4325.235
2010 02 12 14 15 00 1 4325.223
2010 02 12 14 30 00 1 4325.213
2010 02 12 14 45 00 1 4325.207
2010 02 12 15 00 00 1 4325.202
2010 02 12 15 15 00 1 4325.200
2010 02 12 15 30 00 1 4325.199
2010 02 12 15 45 00 1 4325.203
2010 02 12 16 00 00 1 4325.210
2010 02 12 16 15 00 1 4325.221
2010 02 12 16 30 00 1 4325.235
2010 02 12 16 45 00 1 4325.251
2010 02 12 17 00 00 1 4325.270
2010 02 12 17 15 00 1 4325.290
2010 02 12 17 30 00 1 4325.312
2010 02 12 17 45 00 1 4325.336
2010 02 12 18 00 00 1 4325.364
2010 02 12 18 15 00 1 4325.394
2010 02 12 18 30 00 1 4325.424
2010 02 12 18 45 00 1 4325.454
2010 02 12 19 00 00 1 4325.485
2010 02 12 19 15 00 1 4325.517
2010 02 12 19 30 00 1 4325.548
2010 02 12 19 45 00 1 4325.580
2010 02 12 20 00 00 1 4325.610
2010 02 12 20 15 00 1 4325.637
2010 02 12 20 30 00 1 4325.662
2010 02 12 20 45 00 1 4325.686
2010 02 12 21 00 00 1 4325.707
2010 02 12 21 15 00 1 4325.723
2010 02 12 21 30 00 1 4325.739
2010 02 12 21 45 00 1 4325.751
2010 02 12 22 00 00 1 4325.759
2010 02 12 22 15 00 1 4325.764
2010 02 12 22 30 00 1 4325.773
2010 02 12 22 45 00 1 4325.774
2010 02 12 23 00 00 1 4325.772
2010 02 12 23 15 00 1 4325.766
2010 02 12 23 30 00 1 4325.759
2010 02 12 23 45 00 1 4325.747
2010 02 13 00 00 00 1 4325.733
2010 02 13 00 15 00 1 4325.717
2010 02 13 00 30 00 1 4325.697
2010 02 13 00 45 00 1 4325.675
2010 02 13 01 00 00 1 4325.654
2010 02 13 01 15 00 1 4325.628
2010 02 13 01 30 00 1 4325.606
2010 02 13 01 45 00 1 4325.578
2010 02 13 02 00 00 1 4325.552
2010 02 13 02 15 00 1 4325.526
2010 02 13 02 30 00 1 4325.500
2010 02 13 02 45 00 1 4325.481
2010 02 13 03 00 00 1 4325.457
2010 02 13 03 15 00 1 4325.440
2010 02 13 03 30 00 1 4325.422
2010 02 13 03 45 00 1 4325.406
2010 02 13 04 00 00 1 4325.391
2010 02 13 04 15 00 1 4325.378
2010 02 13 04 30 00 1 4325.370
2010 02 13 04 45 00 1 4325.364
2010 02 13 05 00 00 1 4325.357
2010 02 13 05 15 00 1 4325.357
2010 02 13 05 30 00 1 4325.360
2010 02 13 05 45 00 1 4325.364
2010 02 13 06 00 00 1 4325.367
2010 02 13 06 15 00 1 4325.375
2010 02 13 06 30 00 1 4325.383
2010 02 13 06 45 00 1 4325.392
2010 02 13 07 00 00 1 4325.402
2010 02 13 07 15 00 1 4325.415
2010 02 13 07 30 00 1 4325.427
2010 02 13 07 45 00 1 4325.438
2010 02 13 08 00 00 1 4325.451
2010 02 13 08 15 00 1 4325.464
2010 02 13 08 30 00 1 4325.473
2010 02 13 08 45 00 1 4325.482
2010 02 13 09 00 00 1 4325.487
2010 02 13 09 15 00 1 4325.494
2010 02 13 09 30 00 1 4325.498
2010 02 13 09 45 00 1 4325.499
2010 02 13 10 00 00 1 4325.501
2010 02 13 10 15 00 1 4325.497
2010 02 13 10 30 00 1 4325.495
2010 02 13 10 45 00 1 4325.489
2010 02 13 11 00 00 1 4325.482
2010 02 13 11 15 00 1 4325.472
2010 02 13 11 30 00 1 4325.459
2010 02 13 11 45 00 1 4325.444
2010 02 13 12 00 00 1 4325.427
2010 02 13 12 15 00 1 4325.411
2010 02 13 12 30 00 1 4325.391
2010 02 13 12 45 00 1 4325.369
2010 02 13 13 00 00 1 4325.349
2010 02 13 13 15 00 1 4325.331
2010 02 13 13 30 00 1 4325.311
2010 02 13 13 45 00 1 4325.292
2010 02 13 14 00 00 1 4325.276
2010 02 13 14 15 00 1 4325.264
2010 02 13 14 30 00 1 4325.252
2010 02 13 14 45 00 1 4325.241
2010 02 13 15 00 00 1 4325.232
2010 02 13 15 15 00 1 4325.225
2010 02 13 15 30 00 1 4325.219
2010 02 13 15 45 00 1 4325.215
2010 02 13 16 00 00 1 4325.215
2010 02 13 16 15 00 1 4325.218
2010 02 13 16 30 00 1 4325.226
2010 02 13 16 45 00 1 4325.234
2010 02 13 17 00 00 1 4325.245
2010 02 13 17 15 00 1 4325.261
2010 02 13 17 30 00 1 4325.280
2010 02 13 17 45 00 1 4325.299
2010 02 13 18 00 00 1 4325.320
2010 02 13 18 15 00 1 4325.344
2010 02 13 18 30 00 1 4325.367
2010 02 13 18 45 00 1 4325.397
2010 02 13 19 00 00 1 4325.425
2010 02 13 19 15 00 1 4325.455
2010 02 13 19 30 00 1 4325.486
2010 02 13 19 45 00 1 4325.517
2010 02 13 20 00 00 1 4325.545
2010 02 13 20 15 00 1 4325.576
2010 02 13 20 30 00 1 4325.603
2010 02 13 20 45 00 1 4325.627
2010 02 13 21 00 00 1 4325.651
2010 02 13 21 15 00 1 4325.673
2010 02 13 21 30 00 1 4325.690
2010 02 13 21 45 00 1 4325.711
2010 02 13 22 00 00 1 4325.726
2010 02 13 22 15 00 1 4325.740
2010 02 13 22 30 00 1 4325.747
2010 02 13 22 45 00 1 4325.752
2010 02 13 23 00 00 1 4325.756
2010 02 13 23 15 00 1 4325.759
2010 02 13 23 30 00 1 4325.755
2010 02 13 23 45 00 1 4325.750
2010 02 14 00 00 00 1 4325.743
2010 02 14 00 15 00 1 4325.732
2010 02 14 00 30 00 1 4325.718
2010 02 14 00 45 00 1 4325.700
2010 02 14 01 00 00 1 4325.685
2010 02 14 01 15 00 1 4325.663
2010 02 14 01 30 00 1 4325.642
2010 02 14 01 45 00 1 4325.620
2010 02 14 02 00 00 1 4325.596
2010 02 14 02 15 00 1 4325.568
2010 02 14 02 30 00 1 4325.545
2010 02 14 02 45 00 1 4325.521
2010 02 14 03 00 00 1 4325.499
2010 02 14 03 15 00 1 4325.480
2010 02 14 03 30 00 1 4325.463
2010 02 14 03 45 00 1 4325.442
2010 02 14 04 00 00 1 4325.427
2010 02 14 04 15 00 1 4325.411
2010 02 14 04 30 00 1 4325.398
2010 02 14 04 45 00 1 4325.387
2010 02 14 05 00 00 1 4325.380
2010 02 14 05 15 00 1 4325.372
2010 02 14 05 30 00 1 4325.371
2010 02 14 05 45 00 1 4325.369
2010 02 14 06 00 00 1 4325.372
2010 02 14 06 15 00 1 4325.375
2010 02 14 06 30 00 1 4325.379
2010 02 14 06 45 00 1 4325.385
2010 02 14 07 00 00 1 4325.392
2010 02 14 07 15 00 1 4325.400
2010 02 14 07 30 00 1 4325.411
2010 02 14 07 45 00 1 4325.424
2010 02 14 08 00 00 1 4325.434
2010 02 14 08 15 00 1 4325.446
2010 02 14 08 30 00 1 4325.455
2010 02 14 08 45 00 1 4325.472
2010 02 14 09 00 00 1 4325.481
2010 02 14 09 15 00 1 4325.489
2010 02 14 09 30 00 1 4325.496
2010 02 14 09 45 00 1 4325.504
2010 02 14 10 00 00 1 4325.506
2010 02 14 10 15 00 1 4325.509
2010 02 14 10 30 00 1 4325.507
2010 02 14 10 45 00 1 4325.503
2010 02 14 11 00 00 1 4325.499
2010 02 14 11 15 00 1 4325.492
2010 02 14 11 30 00 1 4325.486
2010 02 14 11 45 00 1 4325.476
2010 02 14 12 00 00 1 4325.466
2010 02 14 12 15 00 1 4325.451
2010 02 14 12 30 00 1 4325.434
2010 02 14 12 45 00 1 4325.419
2010 02 14 13 00 00 1 4325.399
2010 02 14 13 15 00 1 4325.383
2010 02 14 13 30 00 1 4325.363
2010 02 14 13 45 00 1 4325.347
2010 02 14 14 00 00 1 4325.328
2010 02 14 14 15 00 1 4325.310
2010 02 14 14 30 00 1 4325.294
2010 02 14 14 45 00 1 4325.277
2010 02 14 15 00 00 1 4325.266
2010 02 14 15 15 00 1 4325.256
2010 02 14 15 30 00 1 4325.248
2010 02 14 15 45 00 1 4325.240
2010 02 14 16 00 00 1 4325.235
2010 02 14 16 15 00 1 4325.238
2010 02 14 16 30 00 1 4325.242
2010 02 14 16 45 00 1 4325.247
2010 02 14 17 00 00 1 4325.254
2010 02 14 17 15 00 1 4325.264
2010 02 14 17 30 00 1 4325.276
2010 02 14 17 45 00 1 4325.291
2010 02 14 18 00 00 1 4325.306
2010 02 14 18 15 00 1 4325.329
2010 02 14 18 30 00 1 4325.350
2010 02 14 18 45 00 1 4325.371
2010 02 14 19 00 00 1 4325.390
2010 02 14 19 15 00 1 4325.416
2010 02 14 19 30 00 1 4325.445
2010 02 14 19 45 00 1 4325.472
2010 02 14 20 00 00 1 4325.501
2010 02 14 20 15 00 1 4325.528
2010 02 14 20 30 00 1 4325.555
2010 02 14 20 45 00 1 4325.582
2010 02 14 21 00 00 1 4325.608
2010 02 14 21 15 00 1 4325.631
2010 02 14 21 30 00 1 4325.649
2010 02 14 21 45 00 1 4325.669
2010 02 14 22 00 00 1 4325.686
2010 02 14 22 15 00 1 4325.699
2010 02 14 22 30 00 1 4325.712
2010 02 14 22 45 00 1 4325.722
2010 02 14 23 00 00 1 4325.729
2010 02 14 23 15 00 1 4325.735
2010 02 14 23 30 00 1 4325.738
2010 02 14 23 45 00 1 4325.737
2010 02 15 00 00 00 1 4325.734
2010 02 15 00 15 00 1 4325.725
2010 02 15 00 30 00 1 4325.718
2010 02 15 00 45 00 1 4325.707
2010 02 15 01 00 00 1 4325.692
2010 02 15 01 15 00 1 4325.677
2010 02 15 01 30 00 1 4325.657
2010 02 15 01 45 00 1 4325.636
2010 02 15 02 00 00 1 4325.615
2010 02 15 02 15 00 1 4325.595
2010 02 15 02 30 00 1 4325.576
2010 02 15 02 45 00 1 4325.554
2010 02 15 03 00 00 1 4325.532
2010 02 15 03 15 00 1 4325.514
2010 02 15 03 30 00 1 4325.495
2010 02 15 03 45 00 1 4325.477
2010 02 15 04 00 00 1 4325.460
2010 02 15 04 15 00 1 4325.441
2010 02 15 04 30 00 1 4325.429
2010 02 15 04 45 00 1 4325.417
2010 02 15 05 00 00 1 4325.405
2010 02 15 05 15 00 1 4325.397
2010 02 15 05 30 00 1 4325.390
2010 02 15 05 45 00 1 4325.392
2010 02 15 06 00 00 1 4325.389
2010 02 15 06 15 00 1 4325.392
2010 02 15 06 30 00 1 4325.395
2010 02 15 06 45 00 1 4325.398
2010 02 15 07 00 00 1 4325.403
2010 02 15 07 15 00 1 4325.412
2010 02 15 07 30 00 1 4325.421
2010 02 15 07 45 00 1 4325.432
2010 02 15 08 00 00 1 4325.441
2010 02 15 08 15 00 1 4325.453
2010 02 15 08 30 00 1 4325.465
2010 02 15 08 45 00 1 4325.480
2010 02 15 09 00 00 1 4325.491
2010 02 15 09 15 00 1 4325.500
2010 02 15 09 30 00 1 4325.511
2010 02 15 09 45 00 1 4325.518
2010 02 15 10 00 00 1 4325.526
2010 02 15 10 15 00 1 4325.533
2010 02 15 10 30 00 1 4325.539
2010 02 15 10 45 00 1 4325.542
2010 02 15 11 00 00 1 4325.540
2010 02 15 11 15 00 1 4325.538
2010 02 15 11 30 00 1 4325.536
2010 02 15 11 45 00 1 4325.531
2010 02 15 12 00 00 1 4325.525
2010 02 15 12 15 00 1 4325.516
2010 02 15 12 30 00 1 4325.506
2010 02 15 12 45 00 1 4325.493
2010 02 15 13 00 00 1 4325.478
2010 02 15 13 15 00 1 4325.463
2010 02 15 13 30 00 1 4325.448
2010 02 15 13 45 00 1 4325.435
2010 02 15 14 00 00 1 4325.418
2010 02 15 14 15 00 1 4325.401
2010 02 15 14 30 00 1 4325.381
2010 02 15 14 45 00 1 4325.367
2010 02 15 15 00 00 1 4325.356
2010 02 15 15 15 00 1 4325.345
2010 02 15 15 30 00 1 4325.335
2010 02 15 15 45 00 1 4325.324
2010 02 15 16 00 00 1 4325.317
2010 02 15 16 15 00 1 4325.311
2010 02 15 16 30 00 1 4325.310
2010 02 15 16 45 00 1 4325.311
2010 02 15 17 00 00 1 4325.309
2010 02 15 17 15 00 1 4325.314
2010 02 15 17 30 00 1 4325.316
2010 02 15 17 45 00 1 4325.326
2010 02 15 18 00 00 1 4325.333
2010 02 15 18 15 00 1 4325.346
2010 02 15 18 30 00 1 4325.363
2010 02 15 18 45 00 1 4325.378
2010 02 15 19 00 00 1 4325.394
2010 02 15 19 15 00 1 4325.415
2010 02 15 19 30 00 1 4325.434
2010 02 15 19 45 00 1 4325.457
2010 02 15 20 00 00 1 4325.480
2010 02 15 20 15 00 1 4325.506
2010 02 15 20 30 00 1 4325.529
2010 02 15 20 45 00 1 4325.554
2010 02 15 21 00 00 1 4325.579
2010 02 15 21 15 00 1 4325.602
2010 02 15 21 30 00 1 4325.621
2010 02 15 21 45 00 1 4325.636
2010 02 15 22 00 00 1 4325.654
2010 02 15 22 15 00 1 4325.668
2010 02 15 22 30 00 1 4325.683
2010 02 15 22 45 00 1 4325.699
2010 02 15 23 00 00 1 4325.707
2010 02 15 23 15 00 1 4325.715
2010 02 15 23 30 00 1 4325.721
2010 02 15 23 45 00 1 4325.724
2010 02 16 00 00 00 1 4325.725
2010 02 16 00 15 00 1 4325.722
2010 02 16 00 30 00 1 4325.717
2010 02 16 00 45 00 1 4325.709
2010 02 16 01 00 00 1 4325.701
2010 02 16 01 15 00 1 4325.689
2010 02 16 01 30 00 1 4325.674
2010 02 16 01 45 00 1 4325.660
2010 02 16 02 00 00 1 4325.642
2010 02 16 02 15 00 1 4325.621
2010 02 16 02 30 00 1 4325.600
2010 02 16 02 45 00 1 4325.578
2010 02 16 03 00 00 1 4325.561
2010 02 16 03 15 00 1 4325.538
2010 02 16 03 30 00 1 4325.523
2010 02 16 03 45 00 1 4325.502
2010 02 16 04 00 00 1 4325.483
2010 02 16 04 15 00 1 4325.465
2010 02 16 04 30 00 1 4325.450
2010 02 16 04 45 00 1 4325.432
2010 02 16 05 00 00 1 4325.420
2010 02 16 05 15 00 1 4325.410
2010 02 16 05 30 00 1 4325.402
2010 02 16 05 45 00 1 4325.393
2010 02 16 06 00 00 1 4325.388
2010 02 16 06 15 00 1 4325.387
2010 02 16 06 30 00 1 4325.386
2010 02 16 06 45 00 1 4325.387
2010 02 16 07 00 00 1 4325.389
2010 02 16 07 15 00 1 4325.395
2010 02 16 07 30 00 1 4325.398
2010 02 16 07 45 00 1 4325.405
2010 02 16 08 00 00 1 4325.412
2010 02 16 08 15 00 1 4325.422
2010 02 16 08 30 00 1 4325.430
2010 02 16 08 45 00 1 4325.440
2010 02 16 09 00 00 1 4325.453
2010 02 16 09 15 00 1 4325.466
2010 02 16 09 30 00 1 4325.477
2010 02 16 09 45 00 1 4325.488
2010 02 16 10 00 00 1 4325.500
2010 02 16 10 15 00 1 4325.509
2010 02 16 10 30 00 1 4325.516
2010 02 16 10 45 00 1 4325.522
2010 02 16 11 00 00 1 4325.528
2010 02 16 11 15 00 1 4325.528
2010 02 16 11 30 00 1 4325.530
2010 02 16 11 45 00 1 4325.532
2010 02 16 12 00 00 1 4325.529
2010 02 16 12 15 00 1 4325.525
2010 02 16 12 30 00 1 4325.523
2010 02 16 12 45 00 1 4325.514
2010 02 16 13 00 00 1 4325.505
2010 02 16 13 15 00 1 4325.494
2010 02 16 13 30 00 1 4325.483
2010 02 16 13 45 00 1 4325.470
2010 02 16 14 00 00 1 4325.458
2010 02 16 14 15 00 1 4325.442
2010 02 16 14 30 00 1 4325.431
2010 02 16 14 45 00 1 4325.417
2010 02 16 15 00 00 1 4325.403
2010 02 16 15 15 00 1 4325.388
2010 02 16 15 30 00 1 4325.378
2010 02 16 15 45 00 1 4325.364
2010 02 16 16 00 00 1 4325.354
2010 02 16 16 15 00 1 4325.347
2010 02 16 16 30 00 1 4325.340
2010 02 16 16 45 00 1 4325.339
2010 02 16 17 00 00 1 4325.337
2010 02 16 17 15 00 1 4325.338
2010 02 16 17 30 00 1 4325.341
2010 02 16 17 45 00 1 4325.342
2010 02 16 18 00 00 1 4325.348
2010 02 16 18 15 00 1 4325.354
2010 02 16 18 30 00 1 4325.363
2010 02 16 18 45 00 1 4325.371
2010 02 16 19 00 00 1 4325.385
2010 02 16 19 15 00 1 4325.398
2010 02 16 19 30 00 1 4325.412
2010 02 16 19 45 00 1 4325.428
2010 02 16 20 00 00 1 4325.448
2010 02 16 20 15 00 1 4325.468
2010 02 16 20 30 00 1 4325.485
2010 02 16 20 45 00 1 4325.507
2010 02 16 21 00 00 1 4325.524
2010 02 16 21 15 00 1 4325.543
2010 02 16 21 30 00 1 4325.561
2010 02 16 21 45 00 1 4325.580
2010 02 16 22 00 00 1 4325.597
2010 02 16 22 15 00 1 4325.612
2010 02 16 22 30 00 1 4325.625
2010 02 16 22 45 00 1 4325.641
2010 02 16 23 00 00 1 4325.653
2010 02 16 23 15 00 1 4325.659
2010 02 16 23 30 00 1 4325.665
2010 02 16 23 45 00 1 4325.670
2010 02 17 00 00 00 1 4325.674
2010 02 17 00 15 00 1 4325.678
2010 02 17 00 30 00 1 4325.676
2010 02 17 00 45 00 1 4325.672
2010 02 17 01 00 00 1 4325.663
2010 02 17 01 15 00 1 4325.657
2010 02 17 01 30 00 1 4325.647
2010 02 17 01 45 00 1 4325.634
2010 02 17 02 00 00 1 4325.621
2010 02 17 02 15 00 1 4325.605
2010 02 17 02 30 00 1 4325.591
2010 02 17 02 45 00 1 4325.574
2010 02 17 03 00 00 1 4325.555
2010 02 17 03 15 00 1 4325.538
2010 02 17 03 30 00 1 4325.521
2010 02 17 03 45 00 1 4325.502
2010 02 17 04 00 00 1 4325.487
2010 02 17 04 15 00 1 4325.469
2010 02 17 04 30 00 1 4325.456
2010 02 17 04 45 00 1 4325.440
2010 02 17 05 00 00 1 4325.428
2010 02 17 05 15 00 1 4325.417
2010 02 17 05 30 00 1 4325.405
2010 02 17 05 45 00 1 4325.395
2010 02 17 06 00 00 1 4325.389
2010 02 17 06 15 00 1 4325.386
2010 02 17 06 30 00 1 4325.386
2010 02 17 06 45 00 1 4325.382
2010 02 17 07 00 00 1 4325.382
2010 02 17 07 15 00 1 4325.383
2010 02 17 07 30 00 1 4325.386
2010 02 17 07 45 00 1 4325.389
2010 02 17 08 00 00 1 4325.397
2010 02 17 08 15 00 1 4325.404
2010 02 17 08 30 00 1 4325.413
2010 02 17 08 45 00 1 4325.421
2010 02 17 09 00 00 1 4325.430
2010 02 17 09 15 00 1 4325.440
2010 02 17 09 30 00 1 4325.454
2010 02 17 09 45 00 1 4325.463
2010 02 17 10 00 00 1 4325.475
2010 02 17 10 15 00 1 4325.484
2010 02 17 10 30 00 1 4325.495
2010 02 17 10 45 00 1 4325.505
2010 02 17 11 00 00 1 4325.513
2010 02 17 11 15 00 1 4325.521
2010 02 17 11 30 00 1 4325.524
2010 02 17 11 45 00 1 4325.531
2010 02 17 12 00 00 1 4325.534
2010 02 17 12 15 00 1 4325.534
2010 02 17 12 30 00 1 4325.535
2010 02 17 12 45 00 1 4325.535
2010 02 17 13 00 00 1 4325.530
2010 02 17 13 15 00 1 4325.526
2010 02 17 13 30 00 1 4325.521
2010 02 17 13 45 00 1 4325.515
2010 02 17 14 00 00 1 4325.506
2010 02 17 14 15 00 1 4325.496
2010 02 17 14 30 00 1 4325.485
2010 02 17 14 45 00 1 4325.475
2010 02 17 15 00 00 1 4325.464
2010 02 17 15 15 00 1 4325.452
2010 02 17 15 30 00 1 4325.442
2010 02 17 15 45 00 1 4325.431
2010 02 17 16 00 00 1 4325.421
2010 02 17 16 15 00 1 4325.412
2010 02 17 16 30 00 1 4325.404
2010 02 17 16 45 00 1 4325.397
2010 02 17 17 00 00 1 4325.393
2010 02 17 17 15 00 1 4325.390
2010 02 17 17 30 00 1 4325.387
2010 02 17 17 45 00 1 4325.386
2010 02 17 18 00 00 1 4325.387
2010 02 17 18 15 00 1 4325.388
2010 02 17 18 30 00 1 4325.392
2010 02 17 18 45 00 1 4325.395
2010 02 17 19 00 00 1 4325.404
2010 02 17 19 15 00 1 4325.411
2010 02 17 19 30 00 1 4325.420
2010 02 17 19 45 00 1 4325.431
2010 02 17 20 00 00 1 4325.443
2010 02 17 20 15 00 1 4325.452
2010 02 17 20 30 00 1 4325.468
2010 02 17 20 45 00 1 4325.481
2010 02 17 21 00 00 1 4325.497
2010 02 17 21 15 00 1 4325.513
2010 02 17 21 30 00 1 4325.529
2010 02 17 21 45 00 1 4325.544
2010 02 17 22 00 00 1 4325.558
2010 02 17 22 15 00 1 4325.575
2010 02 17 22 30 00 1 4325.589
2010 02 17 22 45 00 1 4325.602
2010 02 17 23 00 00 1 4325.613
2010 02 17 23 15 00 1 4325.625
2010 02 17 23 30 00 1 4325.632
2010 02 17 23 45 00 1 4325.639
2010 02 18 00 00 00 1 4325.643
2010 02 18 00 15 00 1 4325.649
2010 02 18 00 30 00 1 4325.650
2010 02 18 00 45 00 1 4325.651
2010 02 18 01 00 00 1 4325.646
2010 02 18 01 15 00 1 4325.639
2010 02 18 01 30 00 1 4325.633
2010 02 18 01 45 00 1 4325.626
2010 02 18 02 00 00 1 4325.616
2010 02 18 02 15 00 1 4325.603
2010 02 18 02 30 00 1 4325.591
2010 02 18 02 45 00 1 4325.578
2010 02 18 03 00 00 1 4325.566
2010 02 18 03 15 00 1 4325.550
2010 02 18 03 30 00 1 4325.535
2010 02 18 03 45 00 1 4325.521
2010 02 18 04 00 00 1 4325.503
2010 02 18 04 15 00 1 4325.488
2010 02 18 04 30 00 1 4325.474
2010 02 18 04 45 00 1 4325.461
2010 02 18 05 00 00 1 4325.447
2010 02 18 05 15 00 1 4325.437
2010 02 18 05 30 00 1 4325.426
2010 02 18 05 45 00 1 4325.416
2010 02 18 06 00 00 1 4325.405
2010 02 18 06 15 00 1 4325.399
2010 02 18 06 30 00 1 4325.393
2010 02 18 06 45 00 1 4325.389
2010 02 18 07 00 00 1 4325.388
2010 02 18 07 15 00 1 4325.389
2010 02 18 07 30 00 1 4325.390
2010 02 18 07 45 00 1 4325.391
2010 02 18 08 00 00 1 4325.396
2010 02 18 08 15 00 1 4325.397
2010 02 18 08 30 00 1 4325.400
2010 02 18 08 45 00 1 4325.406
2010 02 18 09 00 00 1 4325.415
2010 02 18 09 15 00 1 4325.425
2010 02 18 09 30 00 1 4325.436
2010 02 18 09 45 00 1 4325.449
2010 02 18 10 00 00 1 4325.461
2010 02 18 10 15 00 1 4325.470
2010 02 18 10 30 00 1 4325.481
2010 02 18 10 45 00 1 4325.493
2010 02 18 11 00 00 1 4325.502
2010 02 18 11 15 00 1 4325.513
2010 02 18 11 30 00 1 4325.522
2010 02 18 11 45 00 1 4325.532
2010 02 18 12 00 00 1 4325.541
2010 02 18 12 15 00 1 4325.546
2010 02 18 12 30 00 1 4325.554
2010 02 18 12 45 00 1 4325.556
2010 02 18 13 00 00 1 4325.562
2010 02 18 13 15 00 1 4325.563
2010 02 18 13 30 00 1 4325.563
2010 02 18 13 45 00 1 4325.560
2010 02 18 14 00 00 1 4325.556
2010 02 18 14 15 00 1 4325.552
2010 02 18 14 30 00 1 4325.545
2010 02 18 14 45 00 1 4325.540
2010 02 18 15 00 00 1 4325.532
2010 02 18 15 15 00 1 4325.525
2010 02 18 15 30 00 1 4325.516
2010 02 18 15 45 00 1 4325.510
2010 02 18 16 00 00 1 4325.504
2010 02 18 16 15 00 1 4325.495
2010 02 18 16 30 00 1 4325.489
2010 02 18 16 45 00 1 4325.483
2010 02 18 17 00 00 1 4325.475
2010 02 18 17 15 00 1 4325.472
2010 02 18 17 30 00 1 4325.465
2010 02 18 17 45 00 1 4325.459
2010 02 18 18 00 00 1 4325.456
2010 02 18 18 15 00 1 4325.453
2010 02 18 18 30 00 1 4325.449
2010 02 18 18 45 00 1 4325.450
2010 02 18 19 00 00 1 4325.450
2010 02 18 19 15 00 1 4325.454
2010 02 18 19 30 00 1 4325.457
2010 02 18 19 45 00 1 4325.462
2010 02 18 20 00 00 1 4325.469
2010 02 18 20 15 00 1 4325.477
2010 02 18 20 30 00 1 4325.483
2010 02 18 20 45 00 1 4325.492
2010 02 18 21 00 00 1 4325.500
2010 02 18 21 15 00 1 4325.509
2010 02 18 21 30 00 1 4325.516
2010 02 18 21 45 00 1 4325.522
2010 02 18 22 00 00 1 4325.537
2010 02 18 22 15 00 1 4325.545
2010 02 18 22 30 00 1 4325.555
2010 02 18 22 45 00 1 4325.564
2010 02 18 23 00 00 1 4325.574
2010 02 18 23 15 00 1 4325.584
2010 02 18 23 30 00 1 4325.593
2010 02 18 23 45 00 1 4325.602
2010 02 19 00 00 00 1 4325.607
2010 02 19 00 15 00 1 4325.611
2010 02 19 00 30 00 1 4325.610
2010 02 19 00 45 00 1 4325.611
2010 02 19 01 00 00 1 4325.614
2010 02 19 01 15 00 1 4325.611
2010 02 19 01 30 00 1 4325.608
2010 02 19 01 45 00 1 4325.599
2010 02 19 02 00 00 1 4325.590
2010 02 19 02 15 00 1 4325.580
2010 02 19 02 30 00 1 4325.569
2010 02 19 02 45 00 1 4325.560
2010 02 19 03 00 00 1 4325.551
2010 02 19 03 15 00 1 4325.540
2010 02 19 03 30 00 1 4325.529
2010 02 19 03 45 00 1 4325.517
2010 02 19 04 00 00 1 4325.503
2010 02 19 04 15 00 1 4325.488
2010 02 19 04 30 00 1 4325.473
2010 02 19 04 45 00 1 4325.460
2010 02 19 05 00 00 1 4325.445
2010 02 19 05 15 00 1 4325.435
2010 02 19 05 30 00 1 4325.420
2010 02 19 05 45 00 1 4325.408
2010 02 19 06 00 00 1 4325.402
2010 02 19 06 15 00 1 4325.392
2010 02 19 06 30 00 1 4325.382
2010 02 19 06 45 00 1 4325.377
2010 02 19 07 00 00 1 4325.371
2010 02 19 07 15 00 1 4325.367
2010 02 19 07 30 00 1 4325.365
2010 02 19 07 45 00 1 4325.364
2010 02 19 08 00 00 1 4325.361
2010 02 19 08 15 00 1 4325.362
2010 02 19 08 30 00 1 4325.367
2010 02 19 08 45 00 1 4325.370
2010 02 19 09 00 00 1 4325.377
2010 02 19 09 15 00 1 4325.386
2010 02 19 09 30 00 1 4325.395
2010 02 19 09 45 00 1 4325.402
2010 02 19 10 00 00 1 4325.412
2010 02 19 10 15 00 1 4325.423
2010 02 19 10 30 00 1 4325.435
2010 02 19 10 45 00 1 4325.445
2010 02 19 11 00 00 1 4325.456
2010 02 19 11 15 00 1 4325.471
2010 02 19 11 30 00 1 4325.483
2010 02 19 11 45 00 1 4325.493
2010 02 19 12 00 00 1 4325.508
2010 02 19 12 15 00 1 4325.519
2010 02 19 12 30 00 1 4325.531
2010 02 19 12 45 00 1 4325.542
2010 02 19 13 00 00 1 4325.551
2010 02 19 13 15 00 1 4325.558
2010 02 19 13 30 00 1 4325.563
2010 02 19 13 45 00 1 4325.570
2010 02 19 14 00 00 1 4325.573
2010 02 19 14 15 00 1 4325.576
2010 02 19 14 30 00 1 4325.577
2010 02 19 14 45 00 1 4325.575
2010 02 19 15 00 00 1 4325.576
2010 02 19 15 15 00 1 4325.573
2010 02 19 15 30 00 1 4325.571
2010 02 19 15 45 00 1 4325.569
2010 02 19 16 00 00 1 4325.566
2010 02 19 16 15 00 1 4325.560
2010 02 19 16 30 00 1 4325.556
2010 02 19 16 45 00 1 4325.551
2010 02 19 17 00 00 1 4325.545
2010 02 19 17 15 00 1 4325.540
2010 02 19 17 30 00 1 4325.532
2010 02 19 17 45 00 1 4325.528
2010 02 19 18 00 00 1 4325.522
2010 02 19 18 15 00 1 4325.517
2010 02 19 18 30 00 1 4325.508
2010 02 19 18 45 00 1 4325.504
2010 02 19 19 00 00 1 4325.499
2010 02 19 19 15 00 1 4325.497
2010 02 19 19 30 00 1 4325.493
2010 02 19 19 45 00 1 4325.493
2010 02 19 20 00 00 1 4325.491
2010 02 19 20 15 00 1 4325.492
2010 02 19 20 30 00 1 4325.495
2010 02 19 20 45 00 1 4325.497
2010 02 19 21 00 00 1 4325.500
2010 02 19 21 15 00 1 4325.502
2010 02 19 21 30 00 1 4325.505
2010 02 19 21 45 00 1 4325.505
2010 02 19 22 00 00 1 4325.509
2010 02 19 22 15 00 1 4325.515
2010 02 19 22 30 00 1 4325.521
2010 02 19 22 45 00 1 4325.525
2010 02 19 23 00 00 1 4325.531
2010 02 19 23 15 00 1 4325.541
2010 02 19 23 30 00 1 4325.546
2010 02 19 23 45 00 1 4325.552
2010 02 20 00 00 00 1 4325.559
2010 02 20 00 15 00 1 4325.564
2010 02 20 00 30 00 1 4325.567
2010 02 20 00 45 00 1 4325.571
2010 02 20 01 00 00 1 4325.572
2010 02 20 01 15 00 1 4325.572
2010 02 20 01 30 00 1 4325.568
2010 02 20 01 45 00 1 4325.564
2010 02 20 02 00 00 1 4325.561
2010 02 20 02 15 00 1 4325.557
2010 02 20 02 30 00 1 4325.552
2010 02 20 02 45 00 1 4325.546
2010 02 20 03 00 00 1 4325.539
2010 02 20 03 15 00 1 4325.527
2010 02 20 03 30 00 1 4325.522
2010 02 20 03 45 00 1 4325.508
2010 02 20 04 00 00 1 4325.498
2010 02 20 04 15 00 1 4325.487
2010 02 20 04 30 00 1 4325.477
2010 02 20 04 45 00 1 4325.465
2010 02 20 05 00 00 1 4325.450
2010 02 20 05 15 00 1 4325.440
2010 02 20 05 30 00 1 4325.429
2010 02 20 05 45 00 1 4325.416
2010 02 20 06 00 00 1 4325.406
2010 02 20 06 15 00 1 4325.396
2010 02 20 06 30 00 1 4325.389
2010 02 20 06 45 00 1 4325.381
2010 02 20 07 00 00 1 4325.375
2010 02 20 07 15 00 1 4325.369
2010 02 20 07 30 00 1 4325.364
2010 02 20 07 45 00 1 4325.360
2010 02 20 08 00 00 1 4325.358
2010 02 20 08 15 00 1 4325.356
2010 02 20 08 30 00 1 4325.352
2010 02 20 08 45 00 1 4325.351
2010 02 20 09 00 00 1 4325.359
2010 02 20 09 15 00 1 4325.359
2010 02 20 09 30 00 1 4325.366
2010 02 20 09 45 00 1 4325.374
2010 02 20 10 00 00 1 4325.382
2010 02 20 10 15 00 1 4325.389
2010 02 20 10 30 00 1 4325.399
2010 02 20 10 45 00 1 4325.409
2010 02 20 11 00 00 1 4325.418
2010 02 20 11 15 00 1 4325.431
2010 02 20 11 30 00 1 4325.445
2010 02 20 11 45 00 1 4325.462
2010 02 20 12 00 00 1 4325.475
2010 02 20 12 15 00 1 4325.488
2010 02 20 12 30 00 1 4325.504
2010 02 20 12 45 00 1 4325.517
2010 02 20 13 00 00 1 4325.531
2010 02 20 13 15 00 1 4325.546
2010 02 20 13 30 00 1 4325.557
2010 02 20 13 45 00 1 4325.570
2010 02 20 14 00 00 1 4325.579
2010 02 20 14 15 00 1 4325.586
2010 02 20 14 30 00 1 4325.594
2010 02 20 14 45 00 1 4325.598
2010 02 20 15 00 00 1 4325.602
2010 02 20 15 15 00 1 4325.609
2010 02 20 15 30 00 1 4325.616
2010 02 20 15 45 00 1 4325.619
2010 02 20 16 00 00 1 4325.622
2010 02 20 16 15 00 1 4325.620
2010 02 20 16 30 00 1 4325.621
2010 02 20 16 45 00 1 4325.620
2010 02 20 17 00 00 1 4325.619
2010 02 20 17 15 00 1 4325.614
2010 02 20 17 30 00 1 4325.612
2010 02 20 17 45 00 1 4325.607
2010 02 20 18 00 00 1 4325.605
2010 02 20 18 15 00 1 4325.600
2010 02 20 18 30 00 1 4325.597
2010 02 20 18 45 00 1 4325.589
2010 02 20 19 00 00 1 4325.584
2010 02 20 19 15 00 1 4325.576
2010 02 20 19 30 00 1 4325.569
2010 02 20 19 45 00 1 4325.566
2010 02 20 20 00 00 1 4325.563
2010 02 20 20 15 00 1 4325.559
2010 02 20 20 30 00 1 4325.556
2010 02 20 20 45 00 1 4325.555
2010 02 20 21 00 00 1 4325.549
2010 02 20 21 15 00 1 4325.546
2010 02 20 21 30 00 1 4325.541
2010 02 20 21 45 00 1 4325.540
2010 02 20 22 00 00 1 4325.539
2010 02 20 22 15 00 1 4325.535
2010 02 20 22 30 00 1 4325.535
2010 02 20 22 45 00 1 4325.537
2010 02 20 23 00 00 1 4325.537
2010 02 20 23 15 00 1 4325.538
2010 02 20 23 30 00 1 4325.541
2010 02 20 23 45 00 1 4325.541
2010 02 21 00 00 00 1 4325.542
2010 02 21 00 15 00 1 4325.545
2010 02 21 00 30 00 1 4325.546
2010 02 21 00 45 00 1 4325.547
2010 02 21 01 00 00 1 4325.550
2010 02 21 01 15 00 1 4325.551
2010 02 21 01 30 00 1 4325.551
2010 02 21 01 45 00 1 4325.549
2010 02 21 02 00 00 1 4325.548
2010 02 21 02 15 00 1 4325.544
2010 02 21 02 30 00 1 4325.539
2010 02 21 02 45 00 1 4325.531
2010 02 21 03 00 00 1 4325.526
2010 02 21 03 15 00 1 4325.521
2010 02 21 03 30 00 1 4325.518
2010 02 21 03 45 00 1 4325.512
2010 02 21 04 00 00 1 4325.506
2010 02 21 04 15 00 1 4325.499
2010 02 21 04 30 00 1 4325.491
2010 02 21 04 45 00 1 4325.484
2010 02 21 05 00 00 1 4325.476
2010 02 21 05 15 00 1 4325.467
2010 02 21 05 30 00 1 4325.457
2010 02 21 05 45 00 1 4325.446
2010 02 21 06 00 00 1 4325.435
2010 02 21 06 15 00 1 4325.427
2010 02 21 06 30 00 1 4325.417
2010 02 21 06 45 00 1 4325.408
2010 02 21 07 00 00 1 4325.400
2010 02 21 07 15 00 1 4325.391
2010 02 21 07 30 00 1 4325.386
2010 02 21 07 45 00 1 4325.377
2010 02 21 08 00 00 1 4325.371
2010 02 21 08 15 00 1 4325.366
2010 02 21 08 30 00 1 4325.359
2010 02 21 08 45 00 1 4325.358
2010 02 21 09 00 00 1 4325.354
2010 02 21 09 15 00 1 4325.355
2010 02 21 09 30 00 1 4325.355
2010 02 21 09 45 00 1 4325.357
2010 02 21 10 00 00 1 4325.361
2010 02 21 10 15 00 1 4325.363
2010 02 21 10 30 00 1 4325.366
2010 02 21 10 45 00 1 4325.372
2010 02 21 11 00 00 1 4325.379
2010 02 21 11 15 00 1 4325.383
2010 02 21 11 30 00 1 4325.394
2010 02 21 11 45 00 1 4325.408
2010 02 21 12 00 00 1 4325.418
2010 02 21 12 15 00 1 4325.431
2010 02 21 12 30 00 1 4325.442
2010 02 21 12 45 00 1 4325.459
2010 02 21 13 00 00 1 4325.475
2010 02 21 13 15 00 1 4325.492
2010 02 21 13 30 00 1 4325.509
2010 02 21 13 45 00 1 4325.527
2010 02 21 14 00 00 1 4325.543
2010 02 21 14 15 00 1 4325.560
2010 02 21 14 30 00 1 4325.573
2010 02 21 14 45 00 1 4325.587
2010 02 21 15 00 00 1 4325.602
2010 02 21 15 15 00 1 4325.615
2010 02 21 15 30 00 1 4325.629
2010 02 21 15 45 00 1 4325.639
2010 02 21 16 00 00 1 4325.647
2010 02 21 16 15 00 1 4325.657
2010 02 21 16 30 00 1 4325.664
2010 02 21 16 45 00 1 4325.671
2010 02 21 17 00 00 1 4325.676
2010 02 21 17 15 00 1 4325.681
2010 02 21 17 30 00 1 4325.682
2010 02 21 17 45 00 1 4325.684
2010 02 21 18 00 00 1 4325.681
2010 02 21 18 15 00 1 4325.676
2010 02 21 18 30 00 1 4325.674
2010 02 21 18 45 00 1 4325.668
2010 02 21 19 00 00 1 4325.664
2010 02 21 19 15 00 1 4325.659
2010 02 21 19 30 00 1 4325.653
2010 02 21 19 45 00 1 4325.647
2010 02 21 20 00 00 1 4325.640
2010 02 21 20 15 00 1 4325.633
2010 02 21 20 30 00 1 4325.622
2010 02 21 20 45 00 1 4325.614
2010 02 21 21 00 00 1 4325.605
2010 02 21 21 15 00 1 4325.597
2010 02 21 21 30 00 1 4325.590
2010 02 21 21 45 00 1 4325.579
2010 02 21 22 00 00 1 4325.568
2010 02 21 22 15 00 1 4325.562
2010 02 21 22 30 00 1 4325.551
2010 02 21 22 45 00 1 4325.547
2010 02 21 23 00 00 1 4325.541
2010 02 21 23 15 00 1 4325.536
2010 02 21 23 30 00 1 4325.533
2010 02 21 23 45 00 1 4325.530
2010 02 22 00 00 00 1 4325.529
2010 02 22 00 15 00 1 4325.526
2010 02 22 00 30 00 1 4325.526
2010 02 22 00 45 00 1 4325.524
2010 02 22 01 00 00 1 4325.521
2010 02 22 01 15 00 1 4325.519
2010 02 22 01 30 00 1 4325.519
2010 02 22 01 45 00 1 4325.517
2010 02 22 02 00 00 1 4325.514
2010 02 22 02 15 00 1 4325.513
2010 02 22 02 30 00 1 4325.510
2010 02 22 02 45 00 1 4325.508
2010 02 22 03 00 00 1 4325.507
2010 02 22 03 15 00 1 4325.506
2010 02 22 03 30 00 1 4325.503
2010 02 22 03 45 00 1 4325.499
2010 02 22 04 00 00 1 4325.495
2010 02 22 04 15 00 1 4325.488
2010 02 22 04 30 00 1 4325.486
2010 02 22 04 45 00 1 4325.480
2010 02 22 05 00 00 1 4325.472
2010 02 22 05 15 00 1 4325.468
2010 02 22 05 30 00 1 4325.460
2010 02 22 05 45 00 1 4325.452
2010 02 22 06 00 00 1 4325.446
2010 02 22 06 15 00 1 4325.440
2010 02 22 06 30 00 1 4325.431
2010 02 22 06 45 00 1 4325.424
2010 02 22 07 00 00 1 4325.413
2010 02 22 07 15 00 1 4325.402
2010 02 22 07 30 00 1 4325.394
2010 02 22 07 45 00 1 4325.385
2010 02 22 08 00 00 1 4325.376
2010 02 22 08 15 00 1 4325.364
2010 02 22 08 30 00 1 4325.355
2010 02 22 08 45 00 1 4325.352
2010 02 22 09 00 00 1 4325.346
2010 02 22 09 15 00 1 4325.339
2010 02 22 09 30 00 1 4325.335
2010 02 22 09 45 00 1 4325.330
2010 02 22 10 00 00 1 4325.327
2010 02 22 10 15 00 1 4325.327
2010 02 22 10 30 00 1 4325.325
2010 02 22 10 45 00 1 4325.324
2010 02 22 11 00 00 1 4325.326
2010 02 22 11 15 00 1 4325.333
2010 02 22 11 30 00 1 4325.339
2010 02 22 11 45 00 1 4325.348
2010 02 22 12 00 00 1 4325.356
2010 02 22 12 15 00 1 4325.362
2010 02 22 12 30 00 1 4325.376
2010 02 22 12 45 00 1 4325.390
2010 02 22 13 00 00 1 4325.403
2010 02 22 13 15 00 1 4325.421
2010 02 22 13 30 00 1 4325.436
2010 02 22 13 45 00 1 4325.456
2010 02 22 14 00 00 1 4325.474
2010 02 22 14 15 00 1 4325.492
2010 02 22 14 30 00 1 4325.510
2010 02 22 14 45 00 1 4325.530
2010 02 22 15 00 00 1 4325.548
2010 02 22 15 15 00 1 4325.566
2010 02 22 15 30 00 1 4325.584
2010 02 22 15 45 00 1 4325.603
2010 02 22 16 00 00 1 4325.618
2010 02 22 16 15 00 1 4325.635
2010 02 22 16 30 00 1 4325.650
2010 02 22 16 45 00 1 4325.665
2010 02 22 17 00 00 1 4325.678
2010 02 22 17 15 00 1 4325.693
2010 02 22 17 30 00 1 4325.704
2010 02 22 17 45 00 1 4325.713
2010 02 22 18 00 00 1 4325.722
2010 02 22 18 15 00 1 4325.723
2010 02 22 18 30 00 1 4325.725
2010 02 22 18 45 00 1 4325.725
2010 02 22 19 00 00 1 4325.722
2010 02 22 19 15 00 1 4325.716
2010 02 22 19 30 00 1 4325.712
2010 02 22 19 45 00 1 4325.703
2010 02 22 20 00 00 1 4325.698
2010 02 22 20 15 00 1 4325.690
2010 02 22 20 30 00 1 4325.680
2010 02 22 20 45 00 1 4325.672
2010 02 22 21 00 00 1 4325.660
2010 02 22 21 15 00 1 4325.646
2010 02 22 21 30 00 1 4325.632
2010 02 22 21 45 00 1 4325.620
2010 02 22 22 00 00 1 4325.608
2010 02 22 22 15 00 1 4325.596
2010 02 22 22 30 00 1 4325.584
2010 02 22 22 45 00 1 4325.571
2010 02 22 23 00 00 1 4325.560
2010 02 22 23 15 00 1 4325.550
2010 02 22 23 30 00 1 4325.541
2010 02 22 23 45 00 1 4325.531
2010 02 23 00 00 00 1 4325.519
2010 02 23 00 15 00 1 4325.511
2010 02 23 00 30 00 1 4325.504
2010 02 23 00 45 00 1 4325.497
2010 02 23 01 00 00 1 4325.490
2010 02 23 01 15 00 1 4325.484
2010 02 23 01 30 00 1 4325.479
2010 02 23 01 45 00 1 4325.474
2010 02 23 02 00 00 1 4325.474
2010 02 23 02 15 00 1 4325.472
2010 02 23 02 30 00 1 4325.472
2010 02 23 02 45 00 1 4325.472
2010 02 23 03 00 00 1 4325.470
2010 02 23 03 15 00 1 4325.472
2010 02 23 03 30 00 1 4325.472
2010 02 23 03 45 00 1 4325.472
2010 02 23 04 00 00 1 4325.471
2010 02 23 04 15 00 1 4325.467
2010 02 23 04 30 00 1 4325.467
2010 02 23 04 45 00 1 4325.467
2010 02 23 05 00 00 1 4325.464
2010 02 23 05 15 00 1 4325.465
2010 02 23 05 30 00 1 4325.463
2010 02 23 05 45 00 1 4325.457
2010 02 23 06 00 00 1 4325.455
2010 02 23 06 15 00 1 4325.453
2010 02 23 06 30 00 1 4325.449
2010 02 23 06 45 00 1 4325.445
2010 02 23 07 00 00 1 4325.439
2010 02 23 07 15 00 1 4325.432
2010 02 23 07 30 00 1 4325.422
2010 02 23 07 45 00 1 4325.414
2010 02 23 08 00 00 1 4325.401
2010 02 23 08 15 00 1 4325.390
2010 02 23 08 30 00 1 4325.376
2010 02 23 08 45 00 1 4325.364
2010 02 23 09 00 00 1 4325.354
2010 02 23 09 15 00 1 4325.342
2010 02 23 09 30 00 1 4325.331
2010 02 23 09 45 00 1 4325.321
2010 02 23 10 00 00 1 4325.313
2010 02 23 10 15 00 1 4325.306
2010 02 23 10 30 00 1 4325.302
2010 02 23 10 45 00 1 4325.296
2010 02 23 11 00 00 1 4325.293
2010 02 23 11 15 00 1 4325.292
2010 02 23 11 30 00 1 4325.292
2010 02 23 11 45 00 1 4325.292
2010 02 23 12 00 00 1 4325.297
2010 02 23 12 15 00 1 4325.302
2010 02 23 12 30 00 1 4325.310
2010 02 23 12 45 00 1 4325.318
2010 02 23 13 00 00 1 4325.332
2010 02 23 13 15 00 1 4325.346
2010 02 23 13 30 00 1 4325.364
2010 02 23 13 45 00 1 4325.380
2010 02 23 14 00 00 1 4325.398
2010 02 23 14 15 00 1 4325.419
2010 02 23 14 30 00 1 4325.440
2010 02 23 14 45 00 1 4325.463
2010 02 23 15 00 00 1 4325.490
2010 02 23 15 15 00 1 4325.514
2010 02 23 15 30 00 1 4325.539
2010 02 23 15 45 00 1 4325.562
2010 02 23 16 00 00 1 4325.586
2010 02 23 16 15 00 1 4325.609
2010 02 23 16 30 00 1 4325.634
2010 02 23 16 45 00 1 4325.656
2010 02 23 17 00 00 1 4325.680
2010 02 23 17 15 00 1 4325.702
2010 02 23 17 30 00 1 4325.722
2010 02 23 17 45 00 1 4325.739
2010 02 23 18 00 00 1 4325.751
2010 02 23 18 15 00 1 4325.766
2010 02 23 18 30 00 1 4325.774
2010 02 23 18 45 00 1 4325.782
2010 02 23 19 00 00 1 4325.787
2010 02 23 19 15 00 1 4325.788
2010 02 23 19 30 00 1 4325.787
2010 02 23 19 45 00 1 4325.783
2010 02 23 20 00 00 1 4325.781
2010 02 23 20 15 00 1 4325.773
2010 02 23 20 30 00 1 4325.764
2010 02 23 20 45 00 1 4325.753
2010 02 23 21 00 00 1 4325.742
2010 02 23 21 15 00 1 4325.728
2010 02 23 21 30 00 1 4325.714
2010 02 23 21 45 00 1 4325.696
2010 02 23 22 00 00 1 4325.681
2010 02 23 22 15 00 1 4325.662
2010 02 23 22 30 00 1 4325.642
2010 02 23 22 45 00 1 4325.622
2010 02 23 23 00 00 1 4325.604
2010 02 23 23 15 00 1 4325.586
2010 02 23 23 30 00 1 4325.573
2010 02 23 23 45 00 1 4325.555
2010 02 24 00 00 00 1 4325.541
2010 02 24 00 15 00 1 4325.526
2010 02 24 00 30 00 1 4325.508
2010 02 24 00 45 00 1 4325.494
2010 02 24 01 00 00 1 4325.481
2010 02 24 01 15 00 1 4325.471
2010 02 24 01 30 00 1 4325.462
2010 02 24 01 45 00 1 4325.453
2010 02 24 02 00 00 1 4325.447
2010 02 24 02 15 00 1 4325.444
2010 02 24 02 30 00 1 4325.443
2010 02 24 02 45 00 1 4325.443
2010 02 24 03 00 00 1 4325.445
2010 02 24 03 15 00 1 4325.445
2010 02 24 03 30 00 1 4325.447
2010 02 24 03 45 00 1 4325.451
2010 02 24 04 00 00 1 4325.454
2010 02 24 04 15 00 1 4325.458
2010 02 24 04 30 00 1 4325.459
2010 02 24 04 45 00 1 4325.460
2010 02 24 05 00 00 1 4325.462
2010 02 24 05 15 00 1 4325.465
2010 02 24 05 30 00 1 4325.471
2010 02 24 05 45 00 1 4325.476
2010 02 24 06 00 00 1 4325.476
2010 02 24 06 15 00 1 4325.476
2010 02 24 06 30 00 1 4325.477
2010 02 24 06 45 00 1 4325.477
2010 02 24 07 00 00 1 4325.474
2010 02 24 07 15 00 1 4325.472
2010 02 24 07 30 00 1 4325.466
2010 02 24 07 45 00 1 4325.460
2010 02 24 08 00 00 1 4325.451
2010 02 24 08 15 00 1 4325.441
2010 02 24 08 30 00 1 4325.429
2010 02 24 08 45 00 1 4325.416
2010 02 24 09 00 00 1 4325.402
2010 02 24 09 15 00 1 4325.389
2010 02 24 09 30 00 1 4325.375
2010 02 24 09 45 00 1 4325.361
2010 02 24 10 00 00 1 4325.348
2010 02 24 10 15 00 1 4325.333
2010 02 24 10 30 00 1 4325.317
2010 02 24 10 45 00 1 4325.303
2010 02 24 11 00 00 1 4325.292
2010 02 24 11 15 00 1 4325.280
2010 02 24 11 30 00 1 4325.270
2010 02 24 11 45 00 1 4325.263
2010 02 24 12 00 00 1 4325.258
2010 02 24 12 15 00 1 4325.253
2010 02 24 12 30 00 1 4325.252
2010 02 24 12 45 00 1 4325.254
2010 02 24 13 00 00 1 4325.256
2010 02 24 13 15 00 1 4325.261
2010 02 24 13 30 00 1 4325.269
2010 02 24 13 45 00 1 4325.282
2010 02 24 14 00 00 1 4325.295
2010 02 24 14 15 00 1 4325.313
2010 02 24 14 30 00 1 4325.333
2010 02 24 14 45 00 1 4325.355
2010 02 24 15 00 00 1 4325.380
2010 02 24 15 15 00 1 4325.405
2010 02 24 15 30 00 1 4325.433
2010 02 24 15 45 00 1 4325.466
2010 02 24 16 00 00 1 4325.495
2010 02 24 16 15 00 1 4325.526
2010 02 24 16 30 00 1 4325.556
2010 02 24 16 45 00 1 4325.590
2010 02 24 17 00 00 1 4325.619
2010 02 24 17 15 00 1 4325.649
2010 02 24 17 30 00 1 4325.679
2010 02 24 17 45 00 1 4325.702
2010 02 24 18 00 00 1 4325.727
2010 02 24 18 15 00 1 4325.749
2010 02 24 18 30 00 1 4325.770
2010 02 24 18 45 00 1 4325.787
2010 02 24 19 00 00 1 4325.802
2010 02 24 19 15 00 1 4325.812
2010 02 24 19 30 00 1 4325.822
2010 02 24 19 45 00 1 4325.826
2010 02 24 20 00 00 1 4325.830
2010 02 24 20 15 00 1 4325.829
2010 02 24 20 30 00 1 4325.828
2010 02 24 20 45 00 1 4325.819
2010 02 24 21 00 00 1 4325.808
2010 02 24 21 15 00 1 4325.798
2010 02 24 21 30 00 1 4325.783
2010 02 24 21 45 00 1 4325.764
2010 02 24 22 00 00 1 4325.744
2010 02 24 22 15 00 1 4325.723
2010 02 24 22 30 00 1 4325.704
2010 02 24 22 45 00 1 4325.681
2010 02 24 23 00 00 1 4325.657
2010 02 24 23 15 00 1 4325.631
2010 02 24 23 30 00 1 4325.606
2010 02 24 23 45 00 1 4325.583
2010 02 25 00 00 00 1 4325.559
2010 02 25 00 15 00 1 4325.539
2010 02 25 00 30 00 1 4325.518
2010 02 25 00 45 00 1 4325.498
2010 02 25 01 00 00 1 4325.479
2010 02 25 01 15 00 1 4325.460
2010 02 25 01 30 00 1 4325.444
2010 02 25 01 45 00 1 4325.432
2010 02 25 02 00 00 1 4325.423
2010 02 25 02 15 00 1 4325.416
2010 02 25 02 30 00 1 4325.410
2010 02 25 02 45 00 1 4325.404
2010 02 25 03 00 00 1 4325.401
2010 02 25 03 15 00 1 4325.403
2010 02 25 03 30 00 1 4325.404
2010 02 25 03 45 00 1 4325.409
2010 02 25 04 00 00 1 4325.417
2010 02 25 04 15 00 1 4325.424
2010 02 25 04 30 00 1 4325.431
2010 02 25 04 45 00 1 4325.441
2010 02 25 05 00 00 1 4325.448
2010 02 25 05 15 00 1 4325.455
2010 02 25 05 30 00 1 4325.462
2010 02 25 05 45 00 1 4325.472
2010 02 25 06 00 00 1 4325.480
2010 02 25 06 15 00 1 4325.487
2010 02 25 06 30 00 1 4325.494
2010 02 25 06 45 00 1 4325.501
2010 02 25 07 00 00 1 4325.504
2010 02 25 07 15 00 1 4325.506
2010 02 25 07 30 00 1 4325.505
2010 02 25 07 45 00 1 4325.506
2010 02 25 08 00 00 1 4325.501
2010 02 25 08 15 00 1 4325.494
2010 02 25 08 30 00 1 4325.484
2010 02 25 08 45 00 1 4325.475
2010 02 25 09 00 00 1 4325.463
2010 02 25 09 15 00 1 4325.447
2010 02 25 09 30 00 1 4325.430
2010 02 25 09 45 00 1 4325.412
2010 02 25 10 00 00 1 4325.393
2010 02 25 10 15 00 1 4325.374
2010 02 25 10 30 00 1 4325.357
2010 02 25 10 45 00 1 4325.335
2010 02 25 11 00 00 1 4325.314
2010 02 25 11 15 00 1 4325.293
2010 02 25 11 30 00 1 4325.275
2010 02 25 11 45 00 1 4325.258
2010 02 25 12 00 00 1 4325.242
2010 02 25 12 15 00 1 4325.229
2010 02 25 12 30 00 1 4325.220
2010 02 25 12 45 00 1 4325.212
2010 02 25 13 00 00 1 4325.205
2010 02 25 13 15 00 1 4325.202
2010 02 25 13 30 00 1 4325.203
2010 02 25 13 45 00 1 4325.205
2010 02 25 14 00 00 1 4325.210
2010 02 25 14 15 00 1 4325.217
2010 02 25 14 30 00 1 4325.228
2010 02 25 14 45 00 1 4325.246
2010 02 25 15 00 00 1 4325.266
2010 02 25 15 15 00 1 4325.291
2010 02 25 15 30 00 1 4325.317
2010 02 25 15 45 00 1 4325.346
2010 02 25 16 00 00 1 4325.377
2010 02 25 16 15 00 1 4325.409
2010 02 25 16 30 00 1 4325.444
2010 02 25 16 45 00 1 4325.482
2010 02 25 17 00 00 1 4325.518
2010 02 25 17 15 00 1 4325.554
2010 02 25 17 30 00 1 4325.592
2010 02 25 17 45 00 1 4325.630
2010 02 25 18 00 00 1 4325.664
2010 02 25 18 15 00 1 4325.697
2010 02 25 18 30 00 1 4325.728
2010 02 25 18 45 00 1 4325.756
2010 02 25 19 00 00 1 4325.781
2010 02 25 19 15 00 1 4325.806
2010 02 25 19 30 00 1 4325.826
2010 02 25 19 45 00 1 4325.845
2010 02 25 20 00 00 1 4325.859
2010 02 25 20 15 00 1 4325.870
2010 02 25 20 30 00 1 4325.876
2010 02 25 20 45 00 1 4325.879
2010 02 25 21 00 00 1 4325.879
2010 02 25 21 15 00 1 4325.873
2010 02 25 21 30 00 1 4325.864
2010 02 25 21 45 00 1 4325.851
2010 02 25 22 00 00 1 4325.834
2010 02 25 22 15 00 1 4325.811
2010 02 25 22 30 00 1 4325.792
2010 02 25 22 45 00 1 4325.768
2010 02 25 23 00 00 1 4325.742
2010 02 25 23 15 00 1 4325.715
2010 02 25 23 30 00 1 4325.689
2010 02 25 23 45 00 1 4325.658
2010 02 26 00 00 00 1 4325.630
2010 02 26 00 15 00 1 4325.600
2010 02 26 00 30 00 1 4325.570
2010 02 26 00 45 00 1 4325.540
2010 02 26 01 00 00 1 4325.514
2010 02 26 01 15 00 1 4325.488
2010 02 26 01 30 00 1 4325.465
2010 02 26 01 45 00 1 4325.444
2010 02 26 02 00 00 1 4325.423
2010 02 26 02 15 00 1 4325.408
2010 02 26 02 30 00 1 4325.394
2010 02 26 02 45 00 1 4325.384
2010 02 26 03 00 00 1 4325.376
2010 02 26 03 15 00 1 4325.370
2010 02 26 03 30 00 1 4325.367
2010 02 26 03 45 00 1 4325.367
2010 02 26 04 00 00 1 4325.370
2010 02 26 04 15 00 1 4325.376
2010 02 26 04 30 00 1 4325.381
2010 02 26 04 45 00 1 4325.391
2010 02 26 05 00 00 1 4325.404
2010 02 26 05 15 00 1 4325.420
2010 02 26 05 30 00 1 4325.433
2010 02 26 05 45 00 1 4325.447
2010 02 26 06 00 00 1 4325.464
2010 02 26 06 15 00 1 4325.476
2010 02 26 06 30 00 1 4325.493
2010 02 26 06 45 00 1 4325.505
2010 02 26 07 00 00 1 4325.516
2010 02 26 07 15 00 1 4325.526
2010 02 26 07 30 00 1 4325.532
2010 02 26 07 45 00 1 4325.537
2010 02 26 08 00 00 1 4325.542
2010 02 26 08 15 00 1 4325.540
2010 02 26 08 30 00 1 4325.537
2010 02 26 08 45 00 1 4325.533
2010 02 26 09 00 00 1 4325.528
2010 02 26 09 15 00 1 4325.520
2010 02 26 09 30 00 1 4325.510
2010 02 26 09 45 00 1 4325.494
2010 02 26 10 00 00 1 4325.477
2010 02 26 10 15 00 1 4325.460
2010 02 26 10 30 00 1 4325.440
2010 02 26 10 45 00 1 4325.419
2010 02 26 11 00 00 1 4325.394
2010 02 26 11 15 00 1 4325.371
2010 02 26 11 30 00 1 4325.347
2010 02 26 11 45 00 1 4325.323
2010 02 26 12 00 00 1 4325.298
2010 02 26 12 15 00 1 4325.276
2010 02 26 12 30 00 1 4325.257
2010 02 26 12 45 00 1 4325.241
2010 02 26 13 00 00 1 4325.223
2010 02 26 13 15 00 1 4325.211
2010 02 26 13 30 00 1 4325.198
2010 02 26 13 45 00 1 4325.186
2010 02 26 14 00 00 1 4325.179
2010 02 26 14 15 00 1 4325.177
2010 02 26 14 30 00 1 4325.178
2010 02 26 14 45 00 1 4325.184
2010 02 26 15 00 00 1 4325.194
2010 02 26 15 15 00 1 4325.205
2010 02 26 15 30 00 1 4325.223
2010 02 26 15 45 00 1 4325.245
2010 02 26 16 00 00 1 4325.271
2010 02 26 16 15 00 1 4325.299
2010 02 26 16 30 00 1 4325.333
2010 02 26 16 45 00 1 4325.370
2010 02 26 17 00 00 1 4325.408
2010 02 26 17 15 00 1 4325.447
2010 02 26 17 30 00 1 4325.486
2010 02 26 17 45 00 1 4325.525
2010 02 26 18 00 00 1 4325.568
2010 02 26 18 15 00 1 4325.610
2010 02 26 18 30 00 1 4325.648
2010 02 26 18 45 00 1 4325.687
2010 02 26 19 00 00 1 4325.722
2010 02 26 19 15 00 1 4325.758
2010 02 26 19 30 00 1 4325.790
2010 02 26 19 45 00 1 4325.817
2010 02 26 20 00 00 1 4325.844
2010 02 26 20 15 00 1 4325.865
2010 02 26 20 30 00 1 4325.886
2010 02 26 20 45 00 1 4325.900
2010 02 26 21 00 00 1 4325.915
2010 02 26 21 15 00 1 4325.921
2010 02 26 21 30 00 1 4325.922
2010 02 26 21 45 00 1 4325.919
2010 02 26 22 00 00 1 4325.911
2010 02 26 22 15 00 1 4325.900
2010 02 26 22 30 00 1 4325.883
2010 02 26 22 45 00 1 4325.865
2010 02 26 23 00 00 1 4325.844
2010 02 26 23 15 00 1 4325.821
2010 02 26 23 30 00 1 4325.792
2010 02 26 23 45 00 1 4325.761
2010 02 27 00 00 00 1 4325.730
2010 02 27 00 15 00 1 4325.694
2010 02 27 00 30 00 1 4325.661
2010 02 27 00 45 00 1 4325.627
2010 02 27 01 00 00 1 4325.594
2010 02 27 01 15 00 1 4325.560
2010 02 27 01 30 00 1 4325.529
2010 02 27 01 45 00 1 4325.500
2010 02 27 02 00 00 1 4325.472
2010 02 27 02 15 00 1 4325.450
2010 02 27 02 30 00 1 4325.427
2010 02 27 02 45 00 1 4325.405
2010 02 27 03 00 00 1 4325.390
2010 02 27 03 15 00 1 4325.374
2010 02 27 03 30 00 1 4325.364
2010 02 27 03 45 00 1 4325.356
2010 02 27 04 00 00 1 4325.357
2010 02 27 04 15 00 1 4325.355
2010 02 27 04 30 00 1 4325.357
2010 02 27 04 45 00 1 4325.365
2010 02 27 05 00 00 1 4325.374
2010 02 27 05 00 00 2 4325.374
2010 02 27 05 01 00 2 4325.376
2010 02 27 05 02 00 2 4325.376
2010 02 27 05 03 00 2 4325.376
2010 02 27 05 04 00 2 4325.378
2010 02 27 05 05 00 2 4325.379
2010 02 27 05 06 00 2 4325.379
2010 02 27 05 07 00 2 4325.381
2010 02 27 05 08 00 2 4325.381
2010 02 27 05 09 00 2 4325.382
2010 02 27 05 10 00 2 4325.383
2010 02 27 05 11 00 2 4325.384
2010 02 27 05 12 00 2 4325.385
2010 02 27 05 13 00 2 4325.384
2010 02 27 05 14 00 2 4325.386
2010 02 27 05 15 00 1 4325.386
2010 02 27 05 15 00 2 4325.386
2010 02 27 05 16 00 2 4325.387
2010 02 27 05 17 00 2 4325.387
2010 02 27 05 18 00 2 4325.388
2010 02 27 05 19 00 2 4325.388
2010 02 27 05 20 00 2 4325.390
2010 02 27 05 21 00 2 4325.391
2010 02 27 05 22 00 2 4325.392
2010 02 27 05 23 00 2 4325.393
2010 02 27 05 24 00 2 4325.393
2010 02 27 05 25 00 2 4325.393
2010 02 27 05 26 00 2 4325.395
2010 02 27 05 27 00 2 4325.396
2010 02 27 05 28 00 2 4325.397
2010 02 27 05 29 00 2 4325.398
2010 02 27 05 30 00 1 4325.398
2010 02 27 05 30 00 2 4325.399
2010 02 27 05 31 00 2 4325.399
2010 02 27 05 32 00 2 4325.401
2010 02 27 05 33 00 2 4325.401
2010 02 27 05 34 00 2 4325.401
2010 02 27 05 35 00 2 4325.403
2010 02 27 05 36 00 2 4325.404
2010 02 27 05 37 00 2 4325.405
2010 02 27 05 38 00 2 4325.407
2010 02 27 05 39 00 2 4325.409
2010 02 27 05 40 00 2 4325.410
2010 02 27 05 41 00 2 4325.412
2010 02 27 05 42 00 2 4325.413
2010 02 27 05 43 00 2 4325.414
2010 02 27 05 44 00 2 4325.415
2010 02 27 05 45 00 1 4325.416
2010 02 27 05 45 00 2 4325.416
2010 02 27 05 46 00 2 4325.418
2010 02 27 05 47 00 2 4325.419
2010 02 27 05 48 00 2 4325.421
2010 02 27 05 49 00 2 4325.422
2010 02 27 05 50 00 2 4325.422
2010 02 27 05 51 00 2 4325.425
2010 02 27 05 52 00 2 4325.425
2010 02 27 05 53 00 2 4325.426
2010 02 27 05 54 00 2 4325.427
2010 02 27 05 55 00 2 4325.428
2010 02 27 05 56 00 2 4325.430
2010 02 27 05 57 00 2 4325.431
2010 02 27 05 58 00 2 4325.432
2010 02 27 05 59 00 2 4325.434
2010 02 27 06 00 00 1 4325.435
2010 02 27 06 00 00 2 4325.435
2010 02 27 06 01 00 2 4325.436
2010 02 27 06 02 00 2 4325.437
2010 02 27 06 03 00 2 4325.438
2010 02 27 06 04 00 2 4325.439
2010 02 27 06 05 00 2 4325.440
2010 02 27 06 06 00 2 4325.442
2010 02 27 06 07 00 2 4325.444
2010 02 27 06 08 00 2 4325.446
2010 02 27 06 09 00 2 4325.446
2010 02 27 06 10 00 2 4325.448
2010 02 27 06 11 00 2 4325.450
2010 02 27 06 12 00 2 4325.451
2010 02 27 06 13 00 2 4325.453
2010 02 27 06 14 00 2 4325.454
2010 02 27 06 15 00 1 9999.000
2010 02 27 06 15 00 2 4325.456
2010 02 27 06 16 00 2 4325.458
2010 02 27 06 17 00 2 4325.459
2010 02 27 06 18 00 2 4325.460
2010 02 27 06 19 00 2 4325.461
2010 02 27 06 20 00 2 4325.462
2010 02 27 06 21 00 2 4325.464
2010 02 27 06 22 00 2 4325.465
2010 02 27 06 23 00 2 4325.466
2010 02 27 06 24 00 2 4325.467
2010 02 27 06 25 00 2 4325.469
2010 02 27 06 26 00 2 4325.470
2010 02 27 06 27 00 2 4325.473
2010 02 27 06 28 00 2 4325.473
2010 02 27 06 29 00 2 4325.475
2010 02 27 06 30 00 1 9999.000
2010 02 27 06 30 00 2 4325.476
2010 02 27 06 31 00 2 4325.476
2010 02 27 06 32 00 2 4325.478
2010 02 27 06 33 00 2 4325.480
2010 02 27 06 34 00 2 4325.481
2010 02 27 06 35 00 2 4325.483
2010 02 27 06 36 00 2 4325.483
2010 02 27 06 37 00 2 4325.486
2010 02 27 06 38 00 2 4325.487
2010 02 27 06 39 00 2 4325.487
2010 02 27 06 40 00 2 4325.496
2010 02 27 06 41 00 2 4325.480
2010 02 27 06 42 00 2 4325.502
2010 02 27 06 43 00 2 4325.490
2010 02 27 06 44 00 2 4325.464
2010 02 27 06 44 15 3 4325.503
2010 02 27 06 44 30 3 4325.519
2010 02 27 06 44 45 3 4325.346
2010 02 27 06 45 00 1 9999.000
2010 02 27 06 45 00 2 4325.539
2010 02 27 06 45 00 3 4325.783
2010 02 27 06 45 15 3 4325.261
2010 02 27 06 45 30 3 4325.266
2010 02 27 06 45 45 3 4325.847
2010 02 27 06 46 00 2 4325.558
2010 02 27 06 46 00 3 4325.752
2010 02 27 06 46 15 3 4325.450
2010 02 27 06 46 30 3 4325.486
2010 02 27 06 46 45 3 4325.545
2010 02 27 06 47 00 2 4325.483
2010 02 27 06 47 00 3 4325.497
2010 02 27 06 47 15 3 4325.526
2010 02 27 06 47 30 3 4325.498
2010 02 27 06 47 45 3 4325.412
2010 02 27 06 48 00 2 4325.408
2010 02 27 06 48 00 3 4325.445
2010 02 27 06 49 00 2 4325.541
2010 02 27 06 50 00 2 4325.496
2010 02 27 06 51 00 2 4325.525
2010 02 27 06 52 00 2 4325.478
2010 02 27 06 53 00 2 4325.528
2010 02 27 06 54 00 2 4325.487
2010 02 27 06 55 00 2 4325.521
2010 02 27 06 56 00 2 4325.538
2010 02 27 06 57 00 2 4325.505
2010 02 27 06 58 00 2 4325.518
2010 02 27 06 59 00 2 4325.488
2010 02 27 07 00 00 1 9999.000
2010 02 27 07 00 00 2 4325.495
2010 02 27 07 01 00 2 4325.514
2010 02 27 07 02 00 2 4325.529
2010 02 27 07 03 00 2 4325.510
2010 02 27 07 04 00 2 4325.528
2010 02 27 07 05 00 2 4325.536
2010 02 27 07 06 00 2 4325.512
2010 02 27 07 07 00 2 4325.515
2010 02 27 07 08 00 2 4325.513
2010 02 27 07 09 00 2 4325.538
2010 02 27 07 10 00 2 4325.526
2010 02 27 07 11 00 2 4325.525
2010 02 27 07 12 00 2 4325.522
2010 02 27 07 13 00 2 4325.555
2010 02 27 07 14 00 2 4325.520
2010 02 27 07 15 00 1 9999.000
2010 02 27 07 15 00 2 4325.525
2010 02 27 07 16 00 2 4325.539
2010 02 27 07 17 00 2 4325.539
2010 02 27 07 18 00 2 4325.533
2010 02 27 07 19 00 2 4325.545
2010 02 27 07 20 00 2 4325.530
2010 02 27 07 21 00 2 4325.543
2010 02 27 07 22 00 2 4325.544
2010 02 27 07 23 00 2 4325.538
2010 02 27 07 24 00 2 4325.539
2010 02 27 07 25 00 2 4325.548
2010 02 27 07 26 00 2 4325.540
2010 02 27 07 27 00 2 4325.547
2010 02 27 07 28 00 2 4325.552
2010 02 27 07 29 00 2 4325.543
2010 02 27 07 30 00 1 9999.000
2010 02 27 07 30 00 2 4325.550
2010 02 27 07 31 00 2 4325.553
2010 02 27 07 32 00 2 4325.553
2010 02 27 07 33 00 2 4325.544
2010 02 27 07 34 00 2 4325.553
2010 02 27 07 35 00 2 4325.555
2010 02 27 07 36 00 2 4325.551
2010 02 27 07 37 00 2 4325.559
2010 02 27 07 38 00 2 4325.555
2010 02 27 07 39 00 2 4325.564
2010 02 27 07 40 00 2 4325.560
2010 02 27 07 41 00 2 4325.560
2010 02 27 07 42 00 2 4325.557
2010 02 27 07 43 00 2 4325.566
2010 02 27 07 44 00 2 4325.561
2010 02 27 07 45 00 1 9999.000
2010 02 27 07 45 00 2 4325.565
2010 02 27 07 46 00 2 4325.566
2010 02 27 07 47 00 2 4325.568
2010 02 27 07 48 00 2 4325.562
2010 02 27 07 49 00 2 4325.572
2010 02 27 07 50 00 2 4325.562
2010 02 27 07 51 00 2 4325.573
2010 02 27 07 52 00 2 4325.572
2010 02 27 07 53 00 2 4325.571
2010 02 27 07 54 00 2 4325.570
2010 02 27 07 55 00 2 4325.574
2010 02 27 07 56 00 2 4325.572
2010 02 27 07 57 00 2 4325.574
2010 02 27 07 58 00 2 4325.573
2010 02 27 07 59 00 2 4325.576
2010 02 27 08 00 00 1 9999.000
2010 02 27 08 00 00 2 4325.576
2010 02 27 08 01 00 2 4325.575
2010 02 27 08 02 00 2 4325.577
2010 02 27 08 03 00 2 4325.579
2010 02 27 08 04 00 2 4325.579
2010 02 27 08 05 00 2 4325.576
2010 02 27 08 06 00 2 4325.582
2010 02 27 08 07 00 2 4325.581
2010 02 27 08 08 00 2 4325.580
2010 02 27 08 09 00 2 4325.584
2010 02 27 08 10 00 2 4325.582
2010 02 27 08 11 00 2 4325.583
2010 02 27 08 12 00 2 4325.584
2010 02 27 08 13 00 2 4325.585
2010 02 27 08 14 00 2 4325.581
2010 02 27 08 15 00 1 9999.000
2010 02 27 08 15 00 2 4325.591
2010 02 27 08 16 00 2 4325.579
2010 02 27 08 17 00 2 4325.587
2010 02 27 08 18 00 2 4325.589
2010 02 27 08 19 00 2 4325.592
2010 02 27 08 20 00 2 4325.585
2010 02 27 08 21 00 2 4325.587
2010 02 27 08 22 00 2 4325.584
2010 02 27 08 23 00 2 4325.587
2010 02 27 08 24 00 2 4325.587
2010 02 27 08 25 00 2 4325.588
2010 02 27 08 26 00 2 4325.594
2010 02 27 08 27 00 2 4325.591
2010 02 27 08 28 00 2 4325.591
2010 02 27 08 29 00 2 4325.584
2010 02 27 08 30 00 1 9999.000
2010 02 27 08 30 00 2 4325.597
2010 02 27 08 31 00 2 4325.591
2010 02 27 08 32 00 2 4325.591
2010 02 27 08 33 00 2 4325.594
2010 02 27 08 34 00 2 4325.594
2010 02 27 08 35 00 2 4325.595
2010 02 27 08 36 00 2 4325.595
2010 02 27 08 37 00 2 4325.594
2010 02 27 08 38 00 2 4325.591
2010 02 27 08 39 00 2 4325.594
2010 02 27 08 40 00 2 4325.597
2010 02 27 08 41 00 2 4325.594
2010 02 27 08 42 00 2 4325.595
2010 02 27 08 43 00 2 4325.595
2010 02 27 08 44 00 2 4325.598
2010 02 27 08 45 00 1 9999.000
2010 02 27 08 45 00 2 4325.594
2010 02 27 08 46 00 2 4325.597
2010 02 27 08 47 00 2 4325.597
2010 02 27 08 48 00 2 4325.600
2010 02 27 08 49 00 2 4325.598
2010 02 27 08 50 00 2 4325.597
2010 02 27 08 51 00 2 4325.598
2010 02 27 08 52 00 2 4325.599
2010 02 27 08 53 00 2 4325.599
2010 02 27 08 54 00 2 4325.602
2010 02 27 08 55 00 2 4325.597
2010 02 27 08 56 00 2 4325.603
2010 02 27 08 57 00 2 4325.602
2010 02 27 08 58 00 2 4325.599
2010 02 27 08 59 00 2 4325.601
2010 02 27 09 00 00 1 9999.000
2010 02 27 09 00 00 2 4325.599
2010 02 27 09 01 00 2 4325.602
2010 02 27 09 02 00 2 4325.600
2010 02 27 09 03 00 2 4325.600
2010 02 27 09 04 00 2 4325.599
2010 02 27 09 05 00 2 4325.601
2010 02 27 09 06 00 2 4325.601
2010 02 27 09 07 00 2 4325.599
2010 02 27 09 08 00 2 4325.601
2010 02 27 09 09 00 2 4325.602
2010 02 27 09 10 00 2 4325.600
2010 02 27 09 11 00 2 4325.599
2010 02 27 09 12 00 2 4325.604
2010 02 27 09 13 00 2 4325.601
2010 02 27 09 14 00 2 4325.600
2010 02 27 09 15 00 1 9999.000
2010 02 27 09 15 00 2 4325.601
2010 02 27 09 16 00 2 4325.599
2010 02 27 09 17 00 2 4325.598
2010 02 27 09 18 00 2 4325.600
2010 02 27 09 19 00 2 4325.597
2010 02 27 09 20 00 2 4325.599
2010 02 27 09 21 00 2 4325.597
2010 02 27 09 22 00 2 4325.599
2010 02 27 09 23 00 2 4325.598
2010 02 27 09 24 00 2 4325.598
2010 02 27 09 25 00 2 4325.599
2010 02 27 09 26 00 2 4325.598
2010 02 27 09 27 00 2 4325.597
2010 02 27 09 28 00 2 4325.598
2010 02 27 09 29 00 2 4325.596
2010 02 27 09 30 00 1 9999.000
2010 02 27 09 30 00 2 4325.597
2010 02 27 09 31 00 2 4325.593
2010 02 27 09 32 00 2 4325.595
2010 02 27 09 33 00 2 4325.593
2010 02 27 09 34 00 2 4325.593
2010 02 27 09 35 00 2 4325.591
2010 02 27 09 36 00 2 4325.591
2010 02 27 09 37 00 2 4325.589
2010 02 27 09 38 00 2 4325.589
2010 02 27 09 39 00 2 4325.587
2010 02 27 09 40 00 2 4325.588
2010 02 27 09 41 00 2 4325.590
2010 02 27 09 42 00 2 4325.596
2010 02 27 09 43 00 2 4325.607
2010 02 27 09 44 00 2 4325.626
2010 02 27 09 45 00 1 9999.000
2010 02 27 09 45 00 2 4325.650
2010 02 27 09 46 00 2 4325.686
2010 02 27 09 46 45 3 4325.701
2010 02 27 09 47 00 2 4325.729
2010 02 27 09 47 00 3 4325.712
2010 02 27 09 47 15 3 4325.723
2010 02 27 09 47 30 3 4325.734
2010 02 27 09 47 45 3 4325.746
2010 02 27 09 48 00 2 4325.771
2010 02 27 09 48 00 3 4325.755
2010 02 27 09 48 15 3 4325.766
2010 02 27 09 48 30 3 4325.777
2010 02 27 09 48 45 3 4325.785
2010 02 27 09 49 00 2 4325.805
2010 02 27 09 49 00 3 4325.794
2010 02 27 09 49 15 3 4325.803
2010 02 27 09 49 30 3 4325.809
2010 02 27 09 49 45 3 4325.814
2010 02 27 09 50 00 2 4325.820
2010 02 27 09 50 00 3 4325.820
2010 02 27 09 50 15 3 4325.821
2010 02 27 09 50 30 3 4325.820
2010 02 27 09 51 00 2 4325.813
2010 02 27 09 52 00 2 4325.790
2010 02 27 09 53 00 2 4325.751
2010 02 27 09 54 00 2 4325.708
2010 02 27 09 55 00 2 4325.671
2010 02 27 09 56 00 2 4325.642
2010 02 27 09 57 00 2 4325.624
2010 02 27 09 58 00 2 4325.620
2010 02 27 09 59 00 2 4325.628
2010 02 27 10 00 00 1 9999.000
2010 02 27 10 00 00 2 4325.642
2010 02 27 10 01 00 2 4325.642
2010 02 27 10 02 00 2 4325.630
2010 02 27 10 03 00 2 4325.616
2010 02 27 10 04 00 2 4325.625
2010 02 27 10 05 00 2 4325.646
2010 02 27 10 06 00 2 4325.661
2010 02 27 10 07 00 2 4325.655
2010 02 27 10 08 00 2 4325.646
2010 02 27 10 09 00 2 4325.650
2010 02 27 10 10 00 2 4325.648
2010 02 27 10 11 00 2 4325.620
2010 02 27 10 12 00 2 4325.591
2010 02 27 10 13 00 2 4325.596
2010 02 27 10 14 00 2 4325.609
2010 02 27 10 15 00 1 9999.000
2010 02 27 10 15 00 2 4325.585
2010 02 27 10 16 00 2 4325.524
2010 02 27 10 17 00 2 4325.505
2010 02 27 10 18 00 2 4325.536
2010 02 27 10 19 00 2 4325.565
2010 02 27 10 20 00 2 4325.558
2010 02 27 10 21 00 2 4325.553
2010 02 27 10 22 00 2 4325.564
2010 02 27 10 23 00 2 4325.558
2010 02 27 10 24 00 2 4325.538
2010 02 27 10 25 00 2 4325.540
2010 02 27 10 26 00 2 4325.540
2010 02 27 10 27 00 2 4325.501
2010 02 27 10 28 00 2 4325.455
2010 02 27 10 29 00 2 4325.456
2010 02 27 10 30 00 1 9999.000
2010 02 27 10 30 00 2 4325.489
2010 02 27 10 31 00 2 4325.493
2010 02 27 10 32 00 2 4325.470
2010 02 27 10 33 00 2 4325.454
2010 02 27 10 34 00 2 4325.453
2010 02 27 10 35 00 2 4325.474
2010 02 27 10 36 00 2 4325.512
2010 02 27 10 37 00 2 4325.543
2010 02 27 10 38 00 2 4325.547
2010 02 27 10 39 00 2 4325.531
2010 02 27 10 40 00 2 4325.509
2010 02 27 10 41 00 2 4325.483
2010 02 27 10 42 00 2 4325.494
2010 02 27 10 43 00 2 4325.526
2010 02 27 10 44 00 2 4325.506
2010 02 27 10 45 00 1 9999.000
2010 02 27 10 45 00 2 4325.463
2010 02 27 10 46 00 2 4325.483
2010 02 27 10 47 00 2 4325.521
2010 02 27 10 48 00 2 4325.497
2010 02 27 10 49 00 2 4325.442
2010 02 27 10 50 00 2 4325.441
2010 02 27 10 51 00 2 4325.491
2010 02 27 10 52 00 2 4325.505
2010 02 27 10 53 00 2 4325.493
2010 02 27 10 54 00 2 4325.502
2010 02 27 10 55 00 2 4325.470
2010 02 27 10 56 00 2 4325.434
2010 02 27 10 57 00 2 4325.461
2010 02 27 10 58 00 2 4325.456
2010 02 27 10 59 00 2 4325.427
2010 02 27 11 00 00 1 9999.000
2010 02 27 11 00 00 2 4325.465
2010 02 27 11 01 00 2 4325.480
2010 02 27 11 02 00 2 4325.457
2010 02 27 11 03 00 2 4325.469
2010 02 27 11 04 00 2 4325.468
2010 02 27 11 05 00 2 4325.467
2010 02 27 11 06 00 2 4325.477
2010 02 27 11 07 00 2 4325.481
2010 02 27 11 08 00 2 4325.502
2010 02 27 11 09 00 2 4325.521
2010 02 27 11 10 00 2 4325.518
2010 02 27 11 11 00 2 4325.526
2010 02 27 11 12 00 2 4325.549
2010 02 27 11 13 00 2 4325.543
2010 02 27 11 14 00 2 4325.554
2010 02 27 11 15 00 1 9999.000
2010 02 27 11 15 00 2 4325.569
2010 02 27 11 16 00 2 4325.522
2010 02 27 11 17 00 2 4325.504
2010 02 27 11 18 00 2 4325.501
2010 02 27 11 19 00 2 4325.492
2010 02 27 11 20 00 2 4325.494
2010 02 27 11 21 00 2 4325.462
2010 02 27 11 22 00 2 4325.461
2010 02 27 11 23 00 2 4325.469
2010 02 27 11 24 00 2 4325.467
2010 02 27 11 25 00 2 4325.488
2010 02 27 11 26 00 2 4325.472
2010 02 27 11 27 00 2 4325.484
2010 02 27 11 28 00 2 4325.487
2010 02 27 11 29 00 2 4325.470
2010 02 27 11 30 00 1 9999.000
2010 02 27 11 30 00 2 4325.483
2010 02 27 11 31 00 2 4325.485
2010 02 27 11 32 00 2 4325.501
2010 02 27 11 33 00 2 4325.501
2010 02 27 11 34 00 2 4325.488
2010 02 27 11 35 00 2 4325.502
2010 02 27 11 36 00 2 4325.491
2010 02 27 11 37 00 2 4325.492
2010 02 27 11 38 00 2 4325.507
2010 02 27 11 39 00 2 4325.489
2010 02 27 11 40 00 2 4325.476
2010 02 27 11 41 00 2 4325.456
2010 02 27 11 42 00 2 4325.461
2010 02 27 11 43 00 2 4325.478
2010 02 27 11 44 00 2 4325.470
2010 02 27 11 45 00 1 9999.000
2010 02 27 11 45 00 2 4325.461
2010 02 27 11 46 00 2 4325.428
2010 02 27 11 47 00 2 4325.428
2010 02 27 11 48 00 2 4325.420
2010 02 27 11 49 00 2 4325.405
2010 02 27 11 50 00 2 4325.386
2010 02 27 11 51 00 2 4325.362
2010 02 27 11 52 00 2 4325.362
2010 02 27 11 53 00 2 4325.350
2010 02 27 11 54 00 2 4325.371
2010 02 27 11 55 00 2 4325.378
2010 02 27 11 56 00 2 4325.391
2010 02 27 11 57 00 2 4325.410
2010 02 27 11 58 00 2 4325.406
2010 02 27 11 59 00 2 4325.428
2010 02 27 12 00 00 1 9999.000
2010 02 27 12 00 00 2 4325.421
2010 02 27 12 01 00 2 4325.420
2010 02 27 12 02 00 2 4325.386
2010 02 27 12 03 00 2 4325.369
2010 02 27 12 04 00 2 4325.390
2010 02 27 12 05 00 2 4325.398
2010 02 27 12 06 00 2 4325.408
2010 02 27 12 07 00 2 4325.390
2010 02 27 12 08 00 2 4325.387
2010 02 27 12 09 00 2 4325.374
2010 02 27 12 10 00 2 4325.367
2010 02 27 12 11 00 2 4325.352
2010 02 27 12 12 00 2 4325.377
2010 02 27 12 13 00 2 4325.360
2010 02 27 12 14 00 2 4325.352
2010 02 27 12 15 00 1 9999.000
2010 02 27 12 15 00 2 4325.355
2010 02 27 12 16 00 2 4325.336
2010 02 27 12 17 00 2 4325.341
2010 02 27 12 18 00 2 4325.349
2010 02 27 12 19 00 2 4325.334
2010 02 27 12 20 00 2 4325.336
2010 02 27 12 21 00 2 4325.349
2010 02 27 12 22 00 2 4325.359
2010 02 27 12 23 00 2 4325.367
2010 02 27 12 24 00 2 4325.352
2010 02 27 12 25 00 2 4325.348
2010 02 27 12 26 00 2 4325.336
2010 02 27 12 27 00 2 4325.329
2010 02 27 12 28 00 2 4325.351
2010 02 27 12 29 00 2 4325.352
2010 02 27 12 30 00 1 9999.000
2010 02 27 12 30 00 2 4325.346
2010 02 27 12 31 00 2 4325.372
2010 02 27 12 32 00 2 4325.363
2010 02 27 12 33 00 2 4325.363
2010 02 27 12 34 00 2 4325.360
2010 02 27 12 35 00 2 4325.384
2010 02 27 12 36 00 2 4325.365
2010 02 27 12 37 00 2 4325.351
2010 02 27 12 38 00 2 4325.350
2010 02 27 12 39 00 2 4325.323
2010 02 27 12 40 00 2 4325.332
2010 02 27 12 41 00 2 4325.339
2010 02 27 12 42 00 2 4325.334
2010 02 27 12 43 00 2 4325.334
2010 02 27 12 44 00 2 4325.331
2010 02 27 12 45 00 1 9999.000
2010 02 27 12 45 00 2 4325.332
2010 02 27 12 46 00 2 4325.314
2010 02 27 12 47 00 2 4325.321
2010 02 27 12 48 00 2 4325.318
2010 02 27 12 49 00 2 4325.304
2010 02 27 12 50 00 2 4325.316
2010 02 27 12 51 00 2 4325.334
2010 02 27 12 52 00 2 4325.347
2010 02 27 12 53 00 2 4325.329
2010 02 27 12 54 00 2 4325.328
2010 02 27 12 55 00 2 4325.335
2010 02 27 12 56 00 2 4325.347
2010 02 27 12 57 00 2 4325.341
2010 02 27 12 58 00 2 4325.328
2010 02 27 12 59 00 2 4325.316
2010 02 27 13 00 00 1 9999.000
2010 02 27 13 00 00 2 4325.316
2010 02 27 13 01 00 2 4325.307
2010 02 27 13 02 00 2 4325.297
2010 02 27 13 03 00 2 4325.284
2010 02 27 13 04 00 2 4325.281
2010 02 27 13 05 00 2 4325.283
2010 02 27 13 06 00 2 4325.283
2010 02 27 13 07 00 2 4325.290
2010 02 27 13 08 00 2 4325.293
2010 02 27 13 09 00 2 4325.268
2010 02 27 13 10 00 2 4325.270
2010 02 27 13 11 00 2 4325.247
2010 02 27 13 12 00 2 4325.262
2010 02 27 13 13 00 2 4325.248
2010 02 27 13 14 00 2 4325.250
2010 02 27 13 15 00 1 9999.000
2010 02 27 13 15 00 2 4325.259
2010 02 27 13 16 00 2 4325.280
2010 02 27 13 17 00 2 4325.259
2010 02 27 13 18 00 2 4325.250
2010 02 27 13 19 00 2 4325.250
2010 02 27 13 20 00 2 4325.253
2010 02 27 13 21 00 2 4325.259
2010 02 27 13 22 00 2 4325.254
2010 02 27 13 23 00 2 4325.264
2010 02 27 13 24 00 2 4325.253
2010 02 27 13 25 00 2 4325.245
2010 02 27 13 26 00 2 4325.238
2010 02 27 13 27 00 2 4325.235
2010 02 27 13 28 00 2 4325.231
2010 02 27 13 29 00 2 4325.237
2010 02 27 13 30 00 1 9999.000
2010 02 27 13 30 00 2 4325.228
2010 02 27 13 31 00 2 4325.221
2010 02 27 13 32 00 2 4325.221
2010 02 27 13 33 00 2 4325.223
2010 02 27 13 34 00 2 4325.225
2010 02 27 13 35 00 2 4325.229
2010 02 27 13 36 00 2 4325.229
2010 02 27 13 37 00 2 4325.233
2010 02 27 13 38 00 2 4325.229
2010 02 27 13 39 00 2 4325.209
2010 02 27 13 40 00 2 4325.202
2010 02 27 13 41 00 2 4325.204
2010 02 27 13 42 00 2 4325.225
2010 02 27 13 43 00 2 4325.220
2010 02 27 13 44 00 2 4325.209
2010 02 27 13 45 00 1 9999.000
2010 02 27 13 45 00 2 4325.217
2010 02 27 13 46 00 2 4325.226
2010 02 27 13 47 00 2 4325.241
2010 02 27 13 48 00 2 4325.239
2010 02 27 13 49 00 2 4325.227
2010 02 27 13 50 00 2 4325.249
2010 02 27 13 51 00 2 4325.268
2010 02 27 13 52 00 2 4325.260
2010 02 27 13 53 00 2 4325.245
2010 02 27 13 54 00 2 4325.238
2010 02 27 13 55 00 2 4325.229
2010 02 27 13 56 00 2 4325.211
2010 02 27 13 57 00 2 4325.206
2010 02 27 13 58 00 2 4325.206
2010 02 27 13 59 00 2 4325.219
2010 02 27 14 00 00 1 9999.000
2010 02 27 14 00 00 2 4325.229
2010 02 27 14 01 00 2 4325.229
2010 02 27 14 02 00 2 4325.211
2010 02 27 14 03 00 2 4325.195
2010 02 27 14 04 00 2 4325.199
2010 02 27 14 05 00 2 4325.212
2010 02 27 14 06 00 2 4325.225
2010 02 27 14 07 00 2 4325.223
2010 02 27 14 08 00 2 4325.223
2010 02 27 14 09 00 2 4325.228
2010 02 27 14 10 00 2 4325.232
2010 02 27 14 11 00 2 4325.229
2010 02 27 14 12 00 2 4325.228
2010 02 27 14 13 00 2 4325.226
2010 02 27 14 14 00 2 4325.221
2010 02 27 14 15 00 1 9999.000
2010 02 27 14 15 00 2 4325.223
2010 02 27 14 16 00 2 4325.221
2010 02 27 14 17 00 2 4325.223
2010 02 27 14 18 00 2 4325.222
2010 02 27 14 19 00 2 4325.222
2010 02 27 14 20 00 2 4325.220
2010 02 27 14 21 00 2 4325.211
2010 02 27 14 22 00 2 4325.216
2010 02 27 14 23 00 2 4325.216
2010 02 27 14 24 00 2 4325.208
2010 02 27 14 25 00 2 4325.196
2010 02 27 14 26 00 2 4325.212
2010 02 27 14 27 00 2 4325.203
2010 02 27 14 28 00 2 4325.205
2010 02 27 14 29 00 2 4325.213
2010 02 27 14 30 00 1 9999.000
2010 02 27 14 30 00 2 4325.205
2010 02 27 14 31 00 2 4325.212
2010 02 27 14 32 00 2 4325.212
2010 02 27 14 33 00 2 4325.222
2010 02 27 14 34 00 2 4325.209
2010 02 27 14 35 00 2 4325.210
2010 02 27 14 36 00 2 4325.215
2010 02 27 14 37 00 2 4325.210
2010 02 27 14 38 00 2 4325.207
2010 02 27 14 39 00 2 4325.204
2010 02 27 14 40 00 2 4325.193
2010 02 27 14 41 00 2 4325.196
2010 02 27 14 42 00 2 4325.199
2010 02 27 14 43 00 2 4325.208
2010 02 27 14 44 00 2 4325.215
2010 02 27 14 45 00 1 9999.000
2010 02 27 14 45 00 2 4325.205
2010 02 27 14 46 00 2 4325.203
2010 02 27 14 47 00 2 4325.200
2010 02 27 14 48 00 2 4325.203
2010 02 27 14 49 00 2 4325.199
2010 02 27 14 50 00 2 4325.195
2010 02 27 14 51 00 2 4325.194
2010 02 27 14 52 00 2 4325.203
2010 02 27 14 53 00 2 4325.200
2010 02 27 14 54 00 2 4325.204
2010 02 27 14 55 00 2 4325.215
2010 02 27 14 56 00 2 4325.208
2010 02 27 14 57 00 2 4325.203
2010 02 27 14 58 00 2 4325.203
2010 02 27 14 59 00 2 4325.203
2010 02 27 15 00 00 1 9999.000
2010 02 27 15 00 00 2 4325.197
2010 02 27 15 01 00 2 4325.182
2010 02 27 15 02 00 2 4325.174
2010 02 27 15 03 00 2 4325.169
2010 02 27 15 04 00 2 4325.172
2010 02 27 15 05 00 2 4325.176
2010 02 27 15 06 00 2 4325.176
2010 02 27 15 07 00 2 4325.173
2010 02 27 15 08 00 2 4325.175
2010 02 27 15 09 00 2 4325.176
2010 02 27 15 10 00 2 4325.167
2010 02 27 15 11 00 2 4325.159
2010 02 27 15 12 00 2 4325.151
2010 02 27 15 13 00 2 4325.145
2010 02 27 15 14 00 2 4325.151
2010 02 27 15 15 00 1 9999.000
2010 02 27 15 15 00 2 4325.143
2010 02 27 15 16 00 2 4325.147
2010 02 27 15 17 00 2 4325.156
2010 02 27 15 18 00 2 4325.156
2010 02 27 15 19 00 2 4325.149
2010 02 27 15 20 00 2 4325.137
2010 02 27 15 21 00 2 4325.138
2010 02 27 15 22 00 2 4325.143
2010 02 27 15 23 00 2 4325.146
2010 02 27 15 24 00 2 4325.143
2010 02 27 15 25 00 2 4325.143
2010 02 27 15 26 00 2 4325.147
2010 02 27 15 27 00 2 4325.147
2010 02 27 15 28 00 2 4325.142
2010 02 27 15 29 00 2 4325.140
2010 02 27 15 30 00 1 9999.000
2010 02 27 15 30 00 2 4325.136
2010 02 27 15 31 00 2 4325.132
2010 02 27 15 32 00 2 4325.147
2010 02 27 15 33 00 2 4325.153
2010 02 27 15 34 00 2 4325.159
2010 02 27 15 35 00 2 4325.159
2010 02 27 15 36 00 2 4325.159
2010 02 27 15 37 00 2 4325.158
2010 02 27 15 38 00 2 4325.168
2010 02 27 15 39 00 2 4325.171
2010 02 27 15 40 00 2 4325.189
2010 02 27 15 41 00 2 4325.194
2010 02 27 15 42 00 2 4325.187
2010 02 27 15 43 00 2 4325.190
2010 02 27 15 44 00 2 4325.182
2010 02 27 15 45 00 1 9999.000
2010 02 27 15 45 00 2 4325.177
2010 02 27 15 46 00 2 4325.180
2010 02 27 15 47 00 2 4325.181
2010 02 27 15 48 00 2 4325.195
2010 02 27 15 49 00 2 4325.193
2010 02 27 15 50 00 2 4325.197
2010 02 27 15 51 00 2 4325.200
2010 02 27 15 52 00 2 4325.202
2010 02 27 15 53 00 2 4325.197
2010 02 27 15 54 00 2 4325.205
2010 02 27 15 55 00 2 4325.220
2010 02 27 15 56 00 2 4325.214
2010 02 27 15 57 00 2 4325.212
2010 02 27 15 58 00 2 4325.208
2010 02 27 15 59 00 2 4325.206
2010 02 27 16 00 00 1 9999.000
2010 02 27 16 00 00 2 4325.210
2010 02 27 16 01 00 2 4325.206
2010 02 27 16 02 00 2 4325.214
2010 02 27 16 03 00 2 4325.213
2010 02 27 16 04 00 2 4325.215
2010 02 27 16 05 00 2 4325.217
2010 02 27 16 06 00 2 4325.219
2010 02 27 16 07 00 2 4325.224
2010 02 27 16 08 00 2 4325.231
2010 02 27 16 09 00 2 4325.229
2010 02 27 16 10 00 2 4325.230
2010 02 27 16 11 00 2 4325.233
2010 02 27 16 12 00 2 4325.229
2010 02 27 16 13 00 2 4325.227
2010 02 27 16 14 00 2 4325.235
2010 02 27 16 15 00 1 9999.000
2010 02 27 16 15 00 2 4325.242
2010 02 27 16 16 00 2 4325.234
2010 02 27 16 17 00 2 4325.227
2010 02 27 16 18 00 2 4325.234
2010 02 27 16 19 00 2 4325.242
2010 02 27 16 20 00 2 4325.246
2010 02 27 16 21 00 2 4325.238
2010 02 27 16 22 00 2 4325.247
2010 02 27 16 23 00 2 4325.248
2010 02 27 16 24 00 2 4325.241
2010 02 27 16 25 00 2 4325.238
2010 02 27 16 26 00 2 4325.250
2010 02 27 16 27 00 2 4325.253
2010 02 27 16 28 00 2 4325.252
2010 02 27 16 29 00 2 4325.256
2010 02 27 16 30 00 1 9999.000
2010 02 27 16 30 00 2 4325.257
2010 02 27 16 31 00 2 4325.269
2010 02 27 16 32 00 2 4325.270
2010 02 27 16 33 00 2 4325.270
2010 02 27 16 34 00 2 4325.274
2010 02 27 16 35 00 2 4325.276
2010 02 27 16 36 00 2 4325.282
2010 02 27 16 37 00 2 4325.276
2010 02 27 16 38 00 2 4325.283
2010 02 27 16 39 00 2 4325.286
2010 02 27 16 40 00 2 4325.285
2010 02 27 16 41 00 2 4325.286
2010 02 27 16 42 00 2 4325.276
2010 02 27 16 43 00 2 4325.270
2010 02 27 16 44 00 2 4325.271
2010 02 27 16 45 00 1 9999.000
2010 02 27 16 45 00 2 4325.275
2010 02 27 16 46 00 2 4325.273
2010 02 27 16 47 00 2 4325.271
2010 02 27 16 48 00 2 4325.276
2010 02 27 16 49 00 2 4325.277
2010 02 27 16 50 00 2 4325.281
2010 02 27 16 51 00 2 4325.272
2010 02 27 16 52 00 2 4325.276
2010 02 27 16 53 00 2 4325.287
2010 02 27 16 54 00 2 4325.290
2010 02 27 16 55 00 2 4325.280
2010 02 27 16 56 00 2 4325.273
2010 02 27 16 57 00 2 4325.278
2010 02 27 16 58 00 2 4325.281
2010 02 27 16 59 00 2 4325.290
2010 02 27 17 00 00 1 9999.000
2010 02 27 17 00 00 2 4325.282
2010 02 27 17 01 00 2 4325.277
2010 02 27 17 02 00 2 4325.278
2010 02 27 17 03 00 2 4325.291
2010 02 27 17 04 00 2 4325.303
2010 02 27 17 05 00 2 4325.305
2010 02 27 17 06 00 2 4325.312
2010 02 27 17 07 00 2 4325.306
2010 02 27 17 08 00 2 4325.302
2010 02 27 17 09 00 2 4325.293
2010 02 27 17 10 00 2 4325.304
2010 02 27 17 11 00 2 4325.314
2010 02 27 17 12 00 2 4325.317
2010 02 27 17 13 00 2 4325.308
2010 02 27 17 14 00 2 4325.301
2010 02 27 17 15 00 1 9999.000
2010 02 27 17 15 00 2 4325.307
2010 02 27 17 16 00 2 4325.317
2010 02 27 17 17 00 2 4325.329
2010 02 27 17 18 00 2 4325.338
2010 02 27 17 19 00 2 4325.331
2010 02 27 17 20 00 2 4325.339
2010 02 27 17 21 00 2 4325.348
2010 02 27 17 22 00 2 4325.351
2010 02 27 17 23 00 2 4325.342
2010 02 27 17 24 00 2 4325.341
2010 02 27 17 25 00 2 4325.348
2010 02 27 17 26 00 2 4325.342
2010 02 27 17 27 00 2 4325.339
2010 02 27 17 28 00 2 4325.330
2010 02 27 17 29 00 2 4325.341
2010 02 27 17 30 00 1 9999.000
2010 02 27 17 30 00 2 4325.367
2010 02 27 17 31 00 2 4325.382
2010 02 27 17 32 00 2 4325.388
2010 02 27 17 33 00 2 4325.392
2010 02 27 17 34 00 2 4325.396
2010 02 27 17 35 00 2 4325.391
2010 02 27 17 36 00 2 4325.383
2010 02 27 17 37 00 2 4325.384
2010 02 27 17 38 00 2 4325.391
2010 02 27 17 39 00 2 4325.401
2010 02 27 17 40 00 2 4325.414
2010 02 27 17 41 00 2 4325.415
2010 02 27 17 42 00 2 4325.421
2010 02 27 17 43 00 2 4325.422
2010 02 27 17 44 00 2 4325.428
2010 02 27 17 45 00 1 9999.000
2010 02 27 17 45 00 2 4325.431
2010 02 27 17 46 00 2 4325.436
2010 02 27 17 47 00 2 4325.437
2010 02 27 17 48 00 2 4325.444
2010 02 27 17 49 00 2 4325.443
2010 02 27 17 50 00 2 4325.452
2010 02 27 17 51 00 2 4325.456
2010 02 27 17 52 00 2 4325.461
2010 02 27 17 53 00 2 4325.456
2010 02 27 17 54 00 2 4325.448
2010 02 27 17 55 00 2 4325.442
2010 02 27 17 56 00 2 4325.449
2010 02 27 17 57 00 2 4325.452
2010 02 27 17 58 00 2 4325.459
2010 02 27 17 59 00 2 4325.466
2010 02 27 18 00 00 1 9999.000
2010 02 27 18 00 00 2 4325.468
2010 02 27 18 01 00 2 4325.460
2010 02 27 18 02 00 2 4325.463
2010 02 27 18 03 00 2 4325.465
2010 02 27 18 04 00 2 4325.459
2010 02 27 18 05 00 2 4325.463
2010 02 27 18 06 00 2 4325.462
2010 02 27 18 07 00 2 4325.451
2010 02 27 18 08 00 2 4325.449
2010 02 27 18 09 00 2 4325.460
2010 02 27 18 10 00 2 4325.470
2010 02 27 18 11 00 2 4325.471
2010 02 27 18 12 00 2 4325.476
2010 02 27 18 13 00 2 4325.480
2010 02 27 18 14 00 2 4325.479
2010 02 27 18 15 00 1 9999.000
2010 02 27 18 15 00 2 4325.475
2010 02 27 18 16 00 2 4325.478
2010 02 27 18 17 00 2 4325.482
2010 02 27 18 18 00 2 4325.496
2010 02 27 18 19 00 2 4325.498
2010 02 27 18 20 00 2 4325.496
2010 02 27 18 21 00 2 4325.489
2010 02 27 18 22 00 2 4325.489
2010 02 27 18 23 00 2 4325.503
2010 02 27 18 24 00 2 4325.517
2010 02 27 18 25 00 2 4325.520
2010 02 27 18 26 00 2 4325.517
2010 02 27 18 27 00 2 4325.531
2010 02 27 18 28 00 2 4325.541
2010 02 27 18 29 00 2 4325.536
2010 02 27 18 30 00 1 9999.000
2010 02 27 18 30 00 2 4325.542
2010 02 27 18 31 00 2 4325.544
2010 02 27 18 32 00 2 4325.555
2010 02 27 18 33 00 2 4325.564
2010 02 27 18 34 00 2 4325.572
2010 02 27 18 35 00 2 4325.569
2010 02 27 18 36 00 2 4325.571
2010 02 27 18 37 00 2 4325.574
2010 02 27 18 38 00 2 4325.579
2010 02 27 18 39 00 2 4325.586
2010 02 27 18 40 00 2 4325.592
2010 02 27 18 41 00 2 4325.586
2010 02 27 18 42 00 2 4325.579
2010 02 27 18 43 00 2 4325.582
2010 02 27 18 44 00 2 4325.582
2010 02 27 18 45 00 1 9999.000
2010 02 27 18 45 00 2 4325.585
2010 02 27 18 46 00 2 4325.580
2010 02 27 18 47 00 2 4325.590
2010 02 27 18 48 00 2 4325.593
2010 02 27 18 49 00 2 4325.593
2010 02 27 18 50 00 2 4325.594
2010 02 27 18 51 00 2 4325.597
2010 02 27 18 52 00 2 4325.596
2010 02 27 18 53 00 2 4325.599
2010 02 27 18 54 00 2 4325.595
2010 02 27 18 55 00 2 4325.598
2010 02 27 18 56 00 2 4325.608
2010 02 27 18 57 00 2 4325.617
2010 02 27 18 58 00 2 4325.623
2010 02 27 18 59 00 2 4325.625
2010 02 27 19 00 00 1 9999.000
2010 02 27 19 00 00 2 4325.631
2010 02 27 19 01 00 2 4325.638
2010 02 27 19 02 00 2 4325.646
2010 02 27 19 03 00 2 4325.646
2010 02 27 19 04 00 2 4325.647
2010 02 27 19 05 00 2 4325.650
2010 02 27 19 06 00 2 4325.646
2010 02 27 19 07 00 2 4325.646
2010 02 27 19 08 00 2 4325.645
2010 02 27 19 09 00 2 4325.641
2010 02 27 19 10 00 2 4325.633
2010 02 27 19 11 00 2 4325.642
2010 02 27 19 12 00 2 4325.658
2010 02 27 19 13 00 2 4325.661
2010 02 27 19 14 00 2 4325.663
2010 02 27 19 15 00 1 9999.000
2010 02 27 19 15 00 2 4325.675
2010 02 27 19 16 00 2 4325.681
2010 02 27 19 17 00 2 4325.681
2010 02 27 19 18 00 2 4325.689
2010 02 27 19 19 00 2 4325.690
2010 02 27 19 20 00 2 4325.692
2010 02 27 19 21 00 2 4325.686
2010 02 27 19 22 00 2 4325.681
2010 02 27 19 23 00 2 4325.691
2010 02 27 19 24 00 2 4325.694
2010 02 27 19 25 00 2 4325.692
2010 02 27 19 26 00 2 4325.692
2010 02 27 19 27 00 2 4325.700
2010 02 27 19 28 00 2 4325.696
2010 02 27 19 29 00 2 4325.693
2010 02 27 19 30 00 1 9999.000
2010 02 27 19 30 00 2 4325.703
2010 02 27 19 31 00 2 4325.718
2010 02 27 19 32 00 2 4325.709
2010 02 27 19 33 00 2 4325.696
2010 02 27 19 34 00 2 4325.710
2010 02 27 19 35 00 2 4325.713
2010 02 27 19 36 00 2 4325.707
2010 02 27 19 37 00 2 4325.712
2010 02 27 19 38 00 2 4325.720
2010 02 27 19 39 00 2 4325.725
2010 02 27 19 40 00 2 4325.720
2010 02 27 19 41 00 2 4325.719
2010 02 27 19 42 00 2 4325.728
2010 02 27 19 43 00 2 4325.743
2010 02 27 19 44 00 2 4325.744
2010 02 27 19 45 00 1 9999.000
2010 02 27 19 45 00 2 4325.740
2010 02 27 19 46 00 2 4325.741
2010 02 27 19 47 00 2 4325.747
2010 02 27 19 48 00 2 4325.752
2010 02 27 19 49 00 2 4325.757
2010 02 27 19 50 00 2 4325.763
2010 02 27 19 51 00 2 4325.763
2010 02 27 19 52 00 2 4325.762
2010 02 27 19 53 00 2 4325.760
2010 02 27 19 54 00 2 4325.759
2010 02 27 19 55 00 2 4325.756
2010 02 27 19 56 00 2 4325.762
2010 02 27 19 57 00 2 4325.772
2010 02 27 19 58 00 2 4325.773
2010 02 27 19 59 00 2 4325.773
2010 02 27 20 00 00 1 9999.000
2010 02 27 20 00 00 2 4325.775
2010 02 27 20 01 00 2 4325.771
2010 02 27 20 02 00 2 4325.770
2010 02 27 20 03 00 2 4325.778
2010 02 27 20 04 00 2 4325.778
2010 02 27 20 05 00 2 4325.782
2010 02 27 20 06 00 2 4325.780
2010 02 27 20 07 00 2 4325.775
2010 02 27 20 08 00 2 4325.789
2010 02 27 20 09 00 2 4325.793
2010 02 27 20 10 00 2 4325.799
2010 02 27 20 11 00 2 4325.801
2010 02 27 20 12 00 2 4325.800
2010 02 27 20 13 00 2 4325.796
2010 02 27 20 14 00 2 4325.803
2010 02 27 20 15 00 1 9999.000
2010 02 27 20 15 00 2 4325.814
2010 02 27 20 16 00 2 4325.818
2010 02 27 20 17 00 2 4325.817
2010 02 27 20 18 00 2 4325.821
2010 02 27 20 19 00 2 4325.823
2010 02 27 20 20 00 2 4325.834
2010 02 27 20 21 00 2 4325.837
2010 02 27 20 22 00 2 4325.840
2010 02 27 20 23 00 2 4325.845
2010 02 27 20 24 00 2 4325.847
2010 02 27 20 25 00 2 4325.846
2010 02 27 20 26 00 2 4325.837
2010 02 27 20 27 00 2 4325.845
2010 02 27 20 28 00 2 4325.846
2010 02 27 20 29 00 2 4325.849
2010 02 27 20 30 00 1 9999.000
2010 02 27 20 30 00 2 4325.847
2010 02 27 20 31 00 2 4325.840
2010 02 27 20 32 00 2 4325.847
2010 02 27 20 33 00 2 4325.858
2010 02 27 20 34 00 2 4325.862
2010 02 27 20 35 00 2 4325.868
2010 02 27 20 36 00 2 4325.867
2010 02 27 20 37 00 2 4325.865
2010 02 27 20 38 00 2 4325.864
2010 02 27 20 39 00 2 4325.860
2010 02 27 20 40 00 2 4325.863
2010 02 27 20 41 00 2 4325.863
2010 02 27 20 42 00 2 4325.862
2010 02 27 20 43 00 2 4325.866
2010 02 27 20 44 00 2 4325.873
2010 02 27 20 45 00 1 9999.000
2010 02 27 20 45 00 2 4325.881
2010 02 27 20 46 00 2 4325.876
2010 02 27 20 47 00 2 4325.873
2010 02 27 20 48 00 2 4325.870
2010 02 27 20 49 00 2 4325.877
2010 02 27 20 50 00 2 4325.886
2010 02 27 20 51 00 2 4325.891
2010 02 27 20 52 00 2 4325.888
2010 02 27 20 53 00 2 4325.886
2010 02 27 20 54 00 2 4325.882
2010 02 27 20 55 00 2 4325.874
2010 02 27 20 56 00 2 4325.868
2010 02 27 20 57 00 2 4325.868
2010 02 27 20 58 00 2 4325.881
2010 02 27 20 59 00 2 4325.887
2010 02 27 21 00 00 1 9999.000
2010 02 27 21 00 00 2 4325.885
2010 02 27 21 01 00 2 4325.877
2010 02 27 21 02 00 2 4325.879
2010 02 27 21 03 00 2 4325.882
2010 02 27 21 04 00 2 4325.876
2010 02 27 21 05 00 2 4325.874
2010 02 27 21 06 00 2 4325.877
2010 02 27 21 07 00 2 4325.884
2010 02 27 21 08 00 2 4325.890
2010 02 27 21 09 00 2 4325.891
2010 02 27 21 10 00 2 4325.894
2010 02 27 21 11 00 2 4325.896
2010 02 27 21 12 00 2 4325.903
2010 02 27 21 13 00 2 4325.901
2010 02 27 21 14 00 2 4325.898
2010 02 27 21 15 00 1 9999.000
2010 02 27 21 15 00 2 4325.902
2010 02 27 21 16 00 2 4325.910
2010 02 27 21 17 00 2 4325.915
2010 02 27 21 18 00 2 4325.914
2010 02 27 21 19 00 2 4325.908
2010 02 27 21 20 00 2 4325.918
2010 02 27 21 21 00 2 4325.924
2010 02 27 21 22 00 2 4325.927
2010 02 27 21 23 00 2 4325.918
2010 02 27 21 24 00 2 4325.911
2010 02 27 21 25 00 2 4325.911
2010 02 27 21 26 00 2 4325.910
2010 02 27 21 27 00 2 4325.911
2010 02 27 21 28 00 2 4325.911
2010 02 27 21 29 00 2 4325.915
2010 02 27 21 30 00 1 9999.000
2010 02 27 21 30 00 2 4325.919
2010 02 27 21 31 00 2 4325.920
2010 02 27 21 32 00 2 4325.923
2010 02 27 21 33 00 2 4325.923
2010 02 27 21 34 00 2 4325.926
2010 02 27 21 35 00 2 4325.937
2010 02 27 21 36 00 2 4325.935
2010 02 27 21 37 00 2 4325.935
2010 02 27 21 38 00 2 4325.937
2010 02 27 21 39 00 2 4325.935
2010 02 27 21 40 00 2 4325.946
2010 02 27 21 41 00 2 4325.946
2010 02 27 21 42 00 2 4325.936
2010 02 27 21 43 00 2 4325.932
2010 02 27 21 44 00 2 4325.931
2010 02 27 21 45 00 1 9999.000
2010 02 27 21 45 00 2 4325.938
2010 02 27 21 46 00 2 4325.944
2010 02 27 21 47 00 2 4325.946
2010 02 27 21 48 00 2 4325.945
2010 02 27 21 49 00 2 4325.944
2010 02 27 21 50 00 2 4325.947
2010 02 27 21 51 00 2 4325.950
2010 02 27 21 52 00 2 4325.949
2010 02 27 21 53 00 2 4325.945
2010 02 27 21 54 00 2 4325.948
2010 02 27 21 55 00 2 4325.955
2010 02 27 21 56 00 2 4325.951
2010 02 27 21 57 00 2 4325.945
2010 02 27 21 58 00 2 4325.938
2010 02 27 21 59 00 2 4325.935
2010 02 27 22 00 00 1 9999.000
2010 02 27 22 15 00 1 4325.933
2010 02 27 22 30 00 1 4325.924
2010 02 27 22 45 00 1 4325.921
2010 02 27 23 00 00 1 4325.919
2010 02 27 23 15 00 1 4325.912
2010 02 27 23 30 00 1 4325.879
2010 02 27 23 45 00 1 4325.852
2010 02 28 00 00 00 1 4325.834
2010 02 28 00 15 00 1 4325.780
2010 02 28 00 30 00 1 4325.754
2010 02 28 00 45 00 1 4325.716
2010 02 28 01 00 00 1 4325.690
2010 02 28 01 15 00 1 4325.663
2010 02 28 01 30 00 1 4325.614
2010 02 28 01 45 00 1 4325.582
2010 02 28 02 00 00 1 4325.544
2010 02 28 02 15 00 1 4325.497
2010 02 28 02 30 00 1 4325.490
2010 02 28 02 45 00 1 4325.438
2010 02 28 03 00 00 1 4325.428
2010 02 28 03 15 00 1 4325.400
2010 02 28 03 30 00 1 4325.387
2010 02 28 03 45 00 1 4325.375
2010 02 28 04 00 00 1 4325.363
2010 02 28 04 15 00 1 4325.336
2010 02 28 04 30 00 1 4325.348
2010 02 28 04 45 00 1 4325.344
2010 02 28 05 00 00 1 4325.332
2010 02 28 05 15 00 1 4325.302
2010 02 28 05 30 00 1 4325.345
2010 02 28 05 45 00 1 4325.368
2010 02 28 06 00 00 1 4325.379
2010 02 28 06 15 00 1 4325.388
2010 02 28 06 30 00 1 4325.409
2010 02 28 06 45 00 1 4325.430
2010 02 28 07 00 00 1 4325.471
2010 02 28 07 15 00 1 4325.485
2010 02 28 07 30 00 1 4325.517
2010 02 28 07 45 00 1 4325.525
2010 02 28 08 00 00 1 4325.541
2010 02 28 08 15 00 1 4325.570
2010 02 28 08 30 00 1 4325.584
2010 02 28 08 45 00 1 4325.595
2010 02 28 09 00 00 1 4325.616
2010 02 28 09 15 00 1 4325.616
2010 02 28 09 30 00 1 4325.634
2010 02 28 09 45 00 1 4325.653
2010 02 28 10 00 00 1 4325.645
2010 02 28 10 15 00 1 4325.653
2010 02 28 10 30 00 1 4325.646
2010 02 28 10 45 00 1 4325.626
2010 02 28 11 00 00 1 4325.634
2010 02 28 11 15 00 1 4325.610
2010 02 28 11 30 00 1 4325.585
2010 02 28 11 45 00 1 4325.577
2010 02 28 12 00 00 1 4325.548
2010 02 28 12 15 00 1 4325.524
2010 02 28 12 30 00 1 4325.502
2010 02 28 12 45 00 1 4325.464
2010 02 28 13 00 00 1 4325.442
2010 02 28 13 15 00 1 4325.386
2010 02 28 13 30 00 1 4325.380
2010 02 28 13 45 00 1 4325.335
2010 02 28 14 00 00 1 4325.325
2010 02 28 14 15 00 1 4325.307
2010 02 28 14 30 00 1 4325.270
2010 02 28 14 45 00 1 4325.246
2010 02 28 15 00 00 1 4325.233
2010 02 28 15 15 00 1 4325.245
2010 02 28 15 30 00 1 4325.232
2010 02 28 15 45 00 1 4325.195
2010 02 28 16 00 00 1 4325.219
2010 02 28 16 15 00 1 4325.190
2010 02 28 16 30 00 1 4325.200
2010 02 28 16 45 00 1 4325.225
2010 02 28 17 00 00 1 4325.236
2010 02 28 17 15 00 1 4325.259
2010 02 28 17 30 00 1 4325.284
2010 02 28 17 45 00 1 4325.311
2010 02 28 18 00 00 1 4325.354
2010 02 28 18 15 00 1 4325.366
2010 02 28 18 30 00 1 4325.420
2010 02 28 18 45 00 1 4325.443
2010 02 28 19 00 00 1 4325.484
2010 02 28 19 15 00 1 4325.527
2010 02 28 19 30 00 1 4325.563
2010 02 28 19 45 00 1 4325.614
2010 02 28 20 00 00 1 4325.662
2010 02 28 20 15 00 1 4325.697
2010 02 28 20 30 00 1 4325.737
2010 02 28 20 45 00 1 4325.764
2010 02 28 21 00 00 1 4325.809
2010 02 28 21 15 00 1 4325.823
2010 02 28 21 30 00 1 4325.843
2010 02 28 21 45 00 1 4325.872
2010 02 28 22 00 00 1 4325.906
2010 02 28 22 15 00 1 4325.896
2010 02 28 22 30 00 1 4325.929
2010 02 28 22 45 00 1 4325.913
2010 02 28 23 00 00 1 4325.932
2010 02 28 23 15 00 1 4325.916
2010 02 28 23 30 00 1 4325.897
2010 02 28 23 45 00 1 4325.890
2010 03 01 00 00 00 1 4325.873
2010 03 01 00 15 00 1 4325.849
2010 03 01 00 30 00 1 4325.824
2010 03 01 00 45 00 1 4325.801
2010 03 01 01 00 00 1 4325.776
2010 03 01 01 15 00 1 4325.733
2010 03 01 01 30 00 1 4325.679
2010 03 01 01 45 00 1 4325.665
2010 03 01 02 00 00 1 4325.613
2010 03 01 02 15 00 1 4325.573
2010 03 01 02 30 00 1 4325.552
2010 03 01 02 45 00 1 4325.513
2010 03 01 03 00 00 1 4325.490
2010 03 01 03 15 00 1 4325.457
2010 03 01 03 30 00 1 4325.407
2010 03 01 03 45 00 1 4325.390
2010 03 01 04 00 00 1 4325.372
2010 03 01 04 15 00 1 4325.357
2010 03 01 04 30 00 1 4325.342
2010 03 01 04 45 00 1 4325.318
2010 03 01 05 00 00 1 4325.319
2010 03 01 05 15 00 1 4325.294
2010 03 01 05 30 00 1 4325.287
2010 03 01 05 45 00 1 4325.310
2010 03 01 06 00 00 1 4325.315
2010 03 01 06 15 00 1 4325.320
2010 03 01 06 30 00 1 4325.348
2010 03 01 06 45 00 1 4325.348
2010 03 01 07 00 00 1 4325.371
2010 03 01 07 15 00 1 4325.396
2010 03 01 07 30 00 1 4325.416
2010 03 01 07 45 00 1 4325.449
2010 03 01 08 00 00 1 4325.471
2010 03 01 08 15 00 1 4325.486
2010 03 01 08 30 00 1 4325.510
2010 03 01 08 45 00 1 4325.552
2010 03 01 09 00 00 1 4325.571
2010 03 01 09 15 00 1 4325.594
2010 03 01 09 30 00 1 4325.606
2010 03 01 09 45 00 1 4325.640
2010 03 01 10 00 00 1 4325.648
2010 03 01 10 15 00 1 4325.639
2010 03 01 10 30 00 1 4325.669
2010 03 01 10 45 00 1 4325.678
2010 03 01 11 00 00 1 4325.682
2010 03 01 11 15 00 1 4325.664
2010 03 01 11 30 00 1 4325.669
2010 03 01 11 45 00 1 4325.665
2010 03 01 12 00 00 1 4325.636
2010 03 01 12 15 00 1 4325.636
2010 03 01 12 30 00 1 4325.608
2010 03 01 12 45 00 1 4325.591
2010 03 01 13 00 00 1 4325.562
2010 03 01 13 15 00 1 4325.519
2010 03 01 13 30 00 1 4325.510
2010 03 01 13 45 00 1 4325.488
2010 03 01 14 00 00 1 4325.457
2010 03 01 14 15 00 1 4325.432
2010 03 01 14 30 00 1 4325.405
2010 03 01 14 45 00 1 4325.376
2010 03 01 15 00 00 1 4325.346
2010 03 01 15 15 00 1 4325.319
2010 03 01 15 30 00 1 4325.296
2010 03 01 15 45 00 1 4325.281
2010 03 01 16 00 00 1 4325.270
2010 03 01 16 15 00 1 4325.257
2010 03 01 16 30 00 1 4325.257
2010 03 01 16 45 00 1 4325.252
2010 03 01 17 00 00 1 4325.250
2010 03 01 17 15 00 1 4325.245
2010 03 01 17 30 00 1 4325.253
2010 03 01 17 45 00 1 4325.257
2010 03 01 18 00 00 1 4325.276
2010 03 01 18 15 00 1 4325.297
2010 03 01 18 30 00 1 4325.323
2010 03 01 18 45 00 1 4325.352
2010 03 01 19 00 00 1 4325.374
2010 03 01 19 15 00 1 4325.413
2010 03 01 19 30 00 1 4325.440
2010 03 01 19 45 00 1 4325.480
2010 03 01 20 00 00 1 4325.510
2010 03 01 20 15 00 1 4325.547
2010 03 01 20 30 00 1 4325.585
2010 03 01 20 45 00 1 4325.620
2010 03 01 21 00 00 1 4325.647
2010 03 01 21 15 00 1 4325.694
2010 03 01 21 30 00 1 4325.720
2010 03 01 21 45 00 1 4325.752
2010 03 01 22 00 00 1 4325.794
2010 03 01 22 15 00 1 4325.797
2010 03 01 22 30 00 1 4325.818
2010 03 01 22 45 00 1 4325.834
2010 03 01 23 00 00 1 4325.853
2010 03 01 23 15 00 1 4325.858
2010 03 01 23 30 00 1 4325.858
2010 03 01 23 45 00 1 4325.861
2010 03 02 00 00 00 1 4325.856
2010 03 02 00 15 00 1 4325.849
2010 03 02 00 30 00 1 4325.839
2010 03 02 00 45 00 1 4325.836
2010 03 02 01 00 00 1 4325.815
2010 03 02 01 15 00 1 4325.773
2010 03 02 01 30 00 1 4325.741
2010 03 02 01 45 00 1 4325.712
2010 03 02 02 00 00 1 4325.682
2010 03 02 02 15 00 1 4325.645
2010 03 02 02 30 00 1 4325.616
2010 03 02 02 45 00 1 4325.574
2010 03 02 03 00 00 1 4325.535
2010 03 02 03 15 00 1 4325.507
2010 03 02 03 30 00 1 4325.475
2010 03 02 03 45 00 1 4325.450
2010 03 02 04 00 00 1 4325.421
2010 03 02 04 15 00 1 4325.384
2010 03 02 04 30 00 1 4325.356
2010 03 02 04 45 00 1 4325.336
2010 03 02 05 00 00 1 4325.309
2010 03 02 05 15 00 1 4325.297
2010 03 02 05 30 00 1 4325.283
2010 03 02 05 45 00 1 4325.291
2010 03 02 06 00 00 1 4325.279
2010 03 02 06 15 00 1 4325.276
2010 03 02 06 30 00 1 4325.289
2010 03 02 06 45 00 1 4325.293
2010 03 02 07 00 00 1 4325.296
2010 03 02 07 15 00 1 4325.311
2010 03 02 07 30 00 1 4325.330
2010 03 02 07 45 00 1 4325.335
2010 03 02 08 00 00 1 4325.365
2010 03 02 08 15 00 1 4325.390
2010 03 02 08 30 00 1 4325.420
2010 03 02 08 45 00 1 4325.444
2010 03 02 09 00 00 1 4325.471
2010 03 02 09 15 00 1 4325.503
2010 03 02 09 30 00 1 4325.529
2010 03 02 09 45 00 1 4325.546
2010 03 02 10 00 00 1 4325.571
2010 03 02 10 15 00 1 4325.600
2010 03 02 10 30 00 1 4325.612
2010 03 02 10 45 00 1 4325.635
2010 03 02 11 00 00 1 4325.650
2010 03 02 11 15 00 1 4325.665
2010 03 02 11 30 00 1 4325.672
2010 03 02 11 45 00 1 4325.681
2010 03 02 12 00 00 1 4325.683
2010 03 02 12 15 00 1 4325.680
2010 03 02 12 30 00 1 4325.678
2010 03 02 12 45 00 1 4325.675
2010 03 02 13 00 00 1 4325.659
2010 03 02 13 15 00 1 4325.650
2010 03 02 13 30 00 1 4325.627
2010 03 02 13 45 00 1 4325.609
2010 03 02 14 00 00 1 4325.586
2010 03 02 14 15 00 1 4325.563
2010 03 02 14 30 00 1 4325.536
2010 03 02 14 45 00 1 4325.513
2010 03 02 15 00 00 1 4325.491
2010 03 02 15 15 00 1 4325.461
2010 03 02 15 30 00 1 4325.437
2010 03 02 15 45 00 1 4325.415
2010 03 02 16 00 00 1 4325.396
2010 03 02 16 15 00 1 4325.375
2010 03 02 16 30 00 1 4325.364
2010 03 02 16 45 00 1 4325.348
2010 03 02 17 00 00 1 4325.335
2010 03 02 17 15 00 1 4325.318
2010 03 02 17 30 00 1 4325.318
2010 03 02 17 45 00 1 4325.308
2010 03 02 18 00 00 1 4325.307
2010 03 02 18 15 00 1 4325.311
2010 03 02 18 30 00 1 4325.315
2010 03 02 18 45 00 1 4325.324
2010 03 02 19 00 00 1 4325.340
2010 03 02 19 15 00 1 4325.338
2010 03 02 19 30 00 1 4325.355
2010 03 02 19 45 00 1 4325.374
2010 03 02 20 00 00 1 4325.400
2010 03 02 20 15 00 1 4325.431
2010 03 02 20 30 00 1 4325.457
2010 03 02 20 45 00 1 4325.493
2010 03 02 21 00 00 1 4325.521
2010 03 02 21 15 00 1 4325.560
2010 03 02 21 30 00 1 4325.581
2010 03 02 21 45 00 1 4325.612
2010 03 02 22 00 00 1 4325.639
2010 03 02 22 15 00 1 4325.667
2010 03 02 22 30 00 1 4325.694
2010 03 02 22 45 00 1 4325.715
2010 03 02 23 00 00 1 4325.733
2010 03 02 23 15 00 1 4325.746
2010 03 02 23 30 00 1 4325.764
2010 03 02 23 45 00 1 4325.768
2010 03 03 00 00 00 1 4325.777
2010 03 03 00 15 00 1 4325.778
2010 03 03 00 30 00 1 4325.782
2010 03 03 00 45 00 1 4325.778
2010 03 03 01 00 00 1 4325.776
2010 03 03 01 15 00 1 4325.759
2010 03 03 01 30 00 1 4325.745
2010 03 03 01 45 00 1 4325.724
2010 03 03 02 00 00 1 4325.704
2010 03 03 02 15 00 1 4325.675
2010 03 03 02 30 00 1 4325.648
2010 03 03 02 45 00 1 4325.622
2010 03 03 03 00 00 1 4325.592
2010 03 03 03 15 00 1 4325.565
2010 03 03 03 30 00 1 4325.535
2010 03 03 03 45 00 1 4325.511
2010 03 03 04 00 00 1 4325.478
2010 03 03 04 15 00 1 4325.440
2010 03 03 04 30 00 1 4325.412
2010 03 03 04 45 00 1 4325.388
2010 03 03 05 00 00 1 4325.365
2010 03 03 05 15 00 1 4325.343
2010 03 03 05 30 00 1 4325.326
2010 03 03 05 45 00 1 4325.309
2010 03 03 06 00 00 1 4325.296
2010 03 03 06 15 00 1 4325.291
2010 03 03 06 30 00 1 4325.286
2010 03 03 06 45 00 1 4325.279
2010 03 03 07 00 00 1 4325.277
2010 03 03 07 15 00 1 4325.282
2010 03 03 07 30 00 1 4325.289
2010 03 03 07 45 00 1 4325.295
2010 03 03 08 00 00 1 4325.310
2010 03 03 08 15 00 1 4325.321
2010 03 03 08 30 00 1 4325.345
2010 03 03 08 45 00 1 4325.368
2010 03 03 09 00 00 1 4325.391
2010 03 03 09 15 00 1 4325.415
2010 03 03 09 30 00 1 4325.441
2010 03 03 09 45 00 1 4325.466
2010 03 03 10 00 00 1 4325.498
2010 03 03 10 15 00 1 4325.525
2010 03 03 10 30 00 1 4325.552
2010 03 03 10 45 00 1 4325.580
2010 03 03 11 00 00 1 4325.599
2010 03 03 11 15 00 1 4325.620
2010 03 03 11 30 00 1 4325.634
2010 03 03 11 45 00 1 4325.663
2010 03 03 12 00 00 1 4325.679
2010 03 03 12 15 00 1 4325.689
2010 03 03 12 30 00 1 4325.697
2010 03 03 12 45 00 1 4325.710
2010 03 03 13 00 00 1 4325.710
2010 03 03 13 15 00 1 4325.714
2010 03 03 13 30 00 1 4325.708
2010 03 03 13 45 00 1 4325.708
2010 03 03 14 00 00 1 4325.698
2010 03 03 14 15 00 1 4325.687
2010 03 03 14 30 00 1 4325.672
2010 03 03 14 45 00 1 4325.654
2010 03 03 15 00 00 1 4325.636
2010 03 03 15 15 00 1 4325.615
2010 03 03 15 30 00 1 4325.598
2010 03 03 15 45 00 1 4325.576
2010 03 03 16 00 00 1 4325.554
2010 03 03 16 15 00 1 4325.530
2010 03 03 16 30 00 1 4325.511
2010 03 03 16 45 00 1 4325.491
2010 03 03 17 00 00 1 4325.470
2010 03 03 17 15 00 1 4325.449
2010 03 03 17 30 00 1 4325.438
2010 03 03 17 45 00 1 4325.420
2010 03 03 18 00 00 1 4325.406
2010 03 03 18 15 00 1 4325.395
2010 03 03 18 30 00 1 4325.388
2010 03 03 18 45 00 1 4325.381
2010 03 03 19 00 00 1 4325.373
2010 03 03 19 15 00 1 4325.372
2010 03 03 19 30 00 1 4325.379
2010 03 03 19 45 00 1 4325.386
2010 03 03 20 00 00 1 4325.391
2010 03 03 20 15 00 1 4325.402
2010 03 03 20 30 00 1 4325.412
2010 03 03 20 45 00 1 4325.427
2010 03 03 21 00 00 1 4325.442
2010 03 03 21 15 00 1 4325.460
2010 03 03 21 30 00 1 4325.480
2010 03 03 21 45 00 1 4325.499
2010 03 03 22 00 00 1 4325.514
2010 03 03 22 15 00 1 4325.539
2010 03 03 22 30 00 1 4325.562
2010 03 03 22 45 00 1 4325.584
2010 03 03 23 00 00 1 4325.600
2010 03 03 23 15 00 1 4325.619
2010 03 03 23 30 00 1 4325.637
2010 03 03 23 45 00 1 4325.651
2010 03 04 00 00 00 1 4325.666
2010 03 04 00 15 00 1 4325.680
2010 03 04 00 30 00 1 4325.688
2010 03 04 00 45 00 1 4325.689
2010 03 04 01 00 00 1 4325.690
2010 03 04 01 15 00 1 4325.694
2010 03 04 01 30 00 1 4325.691
2010 03 04 01 45 00 1 4325.681
2010 03 04 02 00 00 1 4325.670
2010 03 04 02 15 00 1 4325.657
2010 03 04 02 30 00 1 4325.642
2010 03 04 02 45 00 1 4325.627
2010 03 04 03 00 00 1 4325.613
2010 03 04 03 15 00 1 4325.595
2010 03 04 03 30 00 1 4325.567
2010 03 04 03 45 00 1 4325.546
2010 03 04 04 00 00 1 4325.521
2010 03 04 04 15 00 1 4325.494
2010 03 04 04 30 00 1 4325.474
2010 03 04 04 45 00 1 4325.452
2010 03 04 05 00 00 1 4325.430
2010 03 04 05 15 00 1 4325.406
2010 03 04 05 30 00 1 4325.382
2010 03 04 05 45 00 1 4325.363
2010 03 04 06 00 00 1 4325.342
2010 03 04 06 15 00 1 4325.328
2010 03 04 06 30 00 1 4325.319
2010 03 04 06 45 00 1 4325.307
2010 03 04 07 00 00 1 4325.293
2010 03 04 07 15 00 1 4325.291
2010 03 04 07 30 00 1 4325.288
2010 03 04 07 45 00 1 4325.288
2010 03 04 08 00 00 1 4325.296
2010 03 04 08 15 00 1 4325.301
2010 03 04 08 30 00 1 4325.306
2010 03 04 08 45 00 1 4325.316
2010 03 04 09 00 00 1 4325.330
2010 03 04 09 15 00 1 4325.347
2010 03 04 09 30 00 1 4325.366
2010 03 04 09 45 00 1 4325.388
2010 03 04 10 00 00 1 4325.408
2010 03 04 10 15 00 1 4325.433
2010 03 04 10 30 00 1 4325.461
2010 03 04 10 45 00 1 4325.486
2010 03 04 11 00 00 1 4325.511
2010 03 04 11 15 00 1 4325.535
2010 03 04 11 30 00 1 4325.558
2010 03 04 11 45 00 1 4325.582
2010 03 04 12 00 00 1 4325.605
2010 03 04 12 15 00 1 4325.627
2010 03 04 12 30 00 1 4325.648
2010 03 04 12 45 00 1 4325.665
2010 03 04 13 00 00 1 4325.681
2010 03 04 13 15 00 1 4325.698
2010 03 04 13 30 00 1 4325.712
2010 03 04 13 45 00 1 4325.721
2010 03 04 14 00 00 1 4325.727
2010 03 04 14 15 00 1 4325.731
2010 03 04 14 30 00 1 4325.734
2010 03 04 14 45 00 1 4325.732
2010 03 04 15 00 00 1 4325.730
2010 03 04 15 15 00 1 4325.721
2010 03 04 15 30 00 1 4325.710
2010 03 04 15 45 00 1 4325.701
2010 03 04 16 00 00 1 4325.690
2010 03 04 16 15 00 1 4325.671
2010 03 04 16 30 00 1 4325.656
2010 03 04 16 45 00 1 4325.641
2010 03 04 17 00 00 1 4325.624
2010 03 04 17 15 00 1 4325.610
2010 03 04 17 30 00 1 4325.596
2010 03 04 17 45 00 1 4325.577
2010 03 04 18 00 00 1 4325.558
2010 03 04 18 15 00 1 4325.541
2010 03 04 18 30 00 1 4325.524
2010 03 04 18 45 00 1 4325.511
2010 03 04 19 00 00 1 4325.497
2010 03 04 19 15 00 1 4325.480
2010 03 04 19 30 00 1 4325.464
2010 03 04 19 45 00 1 4325.456
2010 03 04 20 00 00 1 4325.448
2010 03 04 20 15 00 1 4325.439
2010 03 04 20 30 00 1 4325.436
2010 03 04 20 45 00 1 4325.436
2010 03 04 21 00 00 1 4325.437
2010 03 04 21 15 00 1 4325.439
2010 03 04 21 30 00 1 4325.446
2010 03 04 21 45 00 1 4325.452
2010 03 04 22 00 00 1 4325.459
2010 03 04 22 15 00 1 4325.470
2010 03 04 22 30 00 1 4325.484
2010 03 04 22 45 00 1 4325.494
2010 03 04 23 00 00 1 4325.508
2010 03 04 23 15 00 1 4325.523
2010 03 04 23 30 00 1 4325.534
2010 03 04 23 45 00 1 4325.549
2010 03 05 00 00 00 1 4325.560
2010 03 05 00 15 00 1 4325.574
2010 03 05 00 30 00 1 4325.584
2010 03 05 00 45 00 1 4325.592
2010 03 05 01 00 00 1 4325.599
2010 03 05 01 15 00 1 4325.607
2010 03 05 01 30 00 1 4325.610
2010 03 05 01 45 00 1 4325.610
2010 03 05 02 00 00 1 4325.611
2010 03 05 02 15 00 1 4325.610
2010 03 05 02 30 00 1 4325.611
2010 03 05 02 45 00 1 4325.605
2010 03 05 03 00 00 1 4325.595
2010 03 05 03 15 00 1 4325.582
2010 03 05 03 30 00 1 4325.571
2010 03 05 03 45 00 1 4325.558
2010 03 05 04 00 00 1 4325.543
2010 03 05 04 15 00 1 4325.526
2010 03 05 04 30 00 1 4325.504
2010 03 05 04 45 00 1 4325.487
2010 03 05 05 00 00 1 4325.469
2010 03 05 05 15 00 1 4325.447
2010 03 05 05 30 00 1 4325.430
2010 03 05 05 45 00 1 4325.413
2010 03 05 06 00 00 1 4325.398
2010 03 05 06 15 00 1 4325.384
2010 03 05 06 30 00 1 4325.372
2010 03 05 06 45 00 1 4325.359
2010 03 05 07 00 00 1 4325.347
2010 03 05 07 15 00 1 4325.335
2010 03 05 07 30 00 1 4325.329
2010 03 05 07 45 00 1 4325.323
2010 03 05 08 00 00 1 4325.319
2010 03 05 08 15 00 1 4325.316
2010 03 05 08 30 00 1 4325.315
2010 03 05 08 45 00 1 4325.319
2010 03 05 09 00 00 1 4325.324
2010 03 05 09 15 00 1 4325.332
2010 03 05 09 30 00 1 4325.338
2010 03 05 09 45 00 1 4325.353
2010 03 05 10 00 00 1 4325.366
2010 03 05 10 15 00 1 4325.380
2010 03 05 10 30 00 1 4325.397
2010 03 05 10 45 00 1 4325.423
2010 03 05 11 00 00 1 4325.441
2010 03 05 11 15 00 1 4325.462
2010 03 05 11 30 00 1 4325.484
2010 03 05 11 45 00 1 4325.508
2010 03 05 12 00 00 1 4325.531
2010 03 05 12 15 00 1 4325.560
2010 03 05 12 30 00 1 4325.586
2010 03 05 12 45 00 1 4325.605
2010 03 05 13 00 00 1 4325.627
2010 03 05 13 15 00 1 4325.653
2010 03 05 13 30 00 1 4325.674
2010 03 05 13 45 00 1 4325.690
2010 03 05 14 00 00 1 4325.705
2010 03 05 14 15 00 1 4325.719
2010 03 05 14 30 00 1 4325.734
2010 03 05 14 45 00 1 4325.742
2010 03 05 15 00 00 1 4325.752
2010 03 05 15 15 00 1 4325.756
2010 03 05 15 30 00 1 4325.756
2010 03 05 15 45 00 1 4325.761
2010 03 05 16 00 00 1 4325.762
2010 03 05 16 15 00 1 4325.762
2010 03 05 16 30 00 1 4325.758
2010 03 05 16 45 00 1 4325.751
2010 03 05 17 00 00 1 4325.742
2010 03 05 17 15 00 1 4325.732
2010 03 05 17 30 00 1 4325.720
2010 03 05 17 45 00 1 4325.704
2010 03 05 18 00 00 1 4325.689
2010 03 05 18 15 00 1 4325.674
2010 03 05 18 30 00 1 4325.659
2010 03 05 18 45 00 1 4325.640
2010 03 05 19 00 00 1 4325.621
2010 03 05 19 15 00 1 4325.605
2010 03 05 19 30 00 1 4325.587
2010 03 05 19 45 00 1 4325.566
2010 03 05 20 00 00 1 4325.548
2010 03 05 20 15 00 1 4325.530
2010 03 05 20 30 00 1 4325.518
2010 03 05 20 45 00 1 4325.500
2010 03 05 21 00 00 1 4325.485
2010 03 05 21 15 00 1 4325.476
2010 03 05 21 30 00 1 4325.469
2010 03 05 21 45 00 1 4325.458
2010 03 05 22 00 00 1 4325.455
2010 03 05 22 15 00 1 4325.448
2010 03 05 22 30 00 1 4325.449
2010 03 05 22 45 00 1 4325.449
2010 03 05 23 00 00 1 4325.451
2010 03 05 23 15 00 1 4325.455
2010 03 05 23 30 00 1 4325.460
2010 03 05 23 45 00 1 4325.467
2010 03 06 00 00 00 1 4325.475
2010 03 06 00 15 00 1 4325.481
2010 03 06 00 30 00 1 4325.492
2010 03 06 00 45 00 1 4325.501
2010 03 06 01 00 00 1 4325.506
2010 03 06 01 15 00 1 4325.514
2010 03 06 01 30 00 1 4325.517
2010 03 06 01 45 00 1 4325.520
2010 03 06 02 00 00 1 4325.528
2010 03 06 02 15 00 1 4325.531
2010 03 06 02 30 00 1 4325.535
2010 03 06 02 45 00 1 4325.540
2010 03 06 03 00 00 1 4325.542
2010 03 06 03 15 00 1 4325.545
2010 03 06 03 30 00 1 4325.538
2010 03 06 03 45 00 1 4325.536
2010 03 06 04 00 00 1 4325.531
2010 03 06 04 15 00 1 4325.524
2010 03 06 04 30 00 1 4325.513
2010 03 06 04 45 00 1 4325.499
2010 03 06 05 00 00 1 4325.487
2010 03 06 05 15 00 1 4325.474
2010 03 06 05 30 00 1 4325.464
2010 03 06 05 45 00 1 4325.450
2010 03 06 06 00 00 1 4325.439
2010 03 06 06 15 00 1 4325.426
2010 03 06 06 30 00 1 4325.417
