#YY  MM DD hh mm ss T   HEIGHT
#yr  mo dy hr mn  s -        m
2010 01 27 06 45 00 1 5836.418
2010 01 27 07 00 00 1 5836.358
2010 01 27 07 15 00 1 5836.300
2010 01 27 07 30 00 1 5836.249
2010 01 27 07 45 00 1 5836.198
2010 01 27 08 00 00 1 5836.150
2010 01 27 08 15 00 1 5836.105
2010 01 27 08 30 00 1 5836.067
2010 01 27 08 45 00 1 5836.031
2010 01 27 09 00 00 1 5836.003
2010 01 27 09 15 00 1 5835.981
2010 01 27 09 30 00 1 5835.965
2010 01 27 09 45 00 1 5835.956
2010 01 27 10 00 00 1 5835.953
2010 01 27 10 15 00 1 5835.956
2010 01 27 10 30 00 1 5835.970
2010 01 27 10 45 00 1 5835.988
2010 01 27 11 00 00 1 5836.013
2010 01 27 11 15 00 1 5836.041
2010 01 27 11 30 00 1 5836.078
2010 01 27 11 45 00 1 5836.119
2010 01 27 12 00 00 1 5836.162
2010 01 27 12 15 00 1 5836.212
2010 01 27 12 30 00 1 5836.264
2010 01 27 12 45 00 1 5836.316
2010 01 27 13 00 00 1 5836.366
2010 01 27 13 15 00 1 5836.419
2010 01 27 13 30 00 1 5836.470
2010 01 27 13 45 00 1 5836.523
2010 01 27 14 00 00 1 5836.571
2010 01 27 14 15 00 1 5836.618
2010 01 27 14 30 00 1 5836.661
2010 01 27 14 45 00 1 5836.698
2010 01 27 15 00 00 1 5836.732
2010 01 27 15 15 00 1 5836.758
2010 01 27 15 30 00 1 5836.779
2010 01 27 15 45 00 1 5836.794
2010 01 27 16 00 00 1 5836.804
2010 01 27 16 15 00 1 5836.806
2010 01 27 16 30 00 1 5836.802
2010 01 27 16 45 00 1 5836.790
2010 01 27 17 00 00 1 5836.776
2010 01 27 17 15 00 1 5836.756
2010 01 27 17 30 00 1 5836.731
2010 01 27 17 45 00 1 5836.698
2010 01 27 18 00 00 1 5836.664
2010 01 27 18 15 00 1 5836.624
2010 01 27 18 30 00 1 5836.583
2010 01 27 18 45 00 1 5836.532
2010 01 27 19 00 00 1 5836.483
2010 01 27 19 15 00 1 5836.432
2010 01 27 19 30 00 1 5836.384
2010 01 27 19 45 00 1 5836.334
2010 01 27 20 00 00 1 5836.285
2010 01 27 20 15 00 1 5836.240
2010 01 27 20 30 00 1 5836.198
2010 01 27 20 45 00 1 5836.159
2010 01 27 21 00 00 1 5836.124
2010 01 27 21 15 00 1 5836.095
2010 01 27 21 30 00 1 5836.072
2010 01 27 21 45 00 1 5836.056
2010 01 27 22 00 00 1 5836.045
2010 01 27 22 15 00 1 5836.040
2010 01 27 22 30 00 1 5836.042
2010 01 27 22 45 00 1 5836.052
2010 01 27 23 00 00 1 5836.070
2010 01 27 23 15 00 1 5836.091
2010 01 27 23 30 00 1 5836.119
2010 01 27 23 45 00 1 5836.153
2010 01 28 00 00 00 1 5836.194
2010 01 28 00 15 00 1 5836.240
2010 01 28 00 30 00 1 5836.289
2010 01 28 00 45 00 1 5836.340
2010 01 28 01 00 00 1 5836.396
2010 01 28 01 15 00 1 5836.453
2010 01 28 01 30 00 1 5836.510
2010 01 28 01 45 00 1 5836.568
2010 01 28 02 00 00 1 5836.624
2010 01 28 02 15 00 1 5836.676
2010 01 28 02 30 00 1 5836.725
2010 01 28 02 45 00 1 5836.769
2010 01 28 03 00 00 1 5836.811
2010 01 28 03 15 00 1 5836.849
2010 01 28 03 30 00 1 5836.879
2010 01 28 03 45 00 1 5836.902
2010 01 28 04 00 00 1 5836.920
2010 01 28 04 15 00 1 5836.932
2010 01 28 04 30 00 1 5836.935
2010 01 28 04 45 00 1 5836.932
2010 01 28 05 00 00 1 5836.920
2010 01 28 05 15 00 1 5836.905
2010 01 28 05 30 00 1 5836.883
2010 01 28 05 45 00 1 5836.854
2010 01 28 06 00 00 1 5836.816
2010 01 28 06 15 00 1 5836.773
2010 01 28 06 30 00 1 5836.725
2010 01 28 06 45 00 1 5836.672
2010 01 28 07 00 00 1 5836.618
2010 01 28 07 15 00 1 5836.559
2010 01 28 07 30 00 1 5836.497
2010 01 28 07 45 00 1 5836.435
2010 01 28 08 00 00 1 5836.375
2010 01 28 08 15 00 1 5836.312
2010 01 28 08 30 00 1 5836.253
2010 01 28 08 45 00 1 5836.194
2010 01 28 09 00 00 1 5836.140
2010 01 28 09 15 00 1 5836.090
2010 01 28 09 30 00 1 5836.044
2010 01 28 09 45 00 1 5836.005
2010 01 28 10 00 00 1 5835.970
2010 01 28 10 15 00 1 5835.944
2010 01 28 10 30 00 1 5835.926
2010 01 28 10 45 00 1 5835.915
2010 01 28 11 00 00 1 5835.911
2010 01 28 11 15 00 1 5835.915
2010 01 28 11 30 00 1 5835.926
2010 01 28 11 45 00 1 5835.945
2010 01 28 12 00 00 1 5835.970
2010 01 28 12 15 00 1 5836.005
2010 01 28 12 30 00 1 5836.045
2010 01 28 12 45 00 1 5836.086
2010 01 28 13 00 00 1 5836.136
2010 01 28 13 15 00 1 5836.193
2010 01 28 13 30 00 1 5836.250
2010 01 28 13 45 00 1 5836.311
2010 01 28 14 00 00 1 5836.370
2010 01 28 14 15 00 1 5836.430
2010 01 28 14 30 00 1 5836.489
2010 01 28 14 45 00 1 5836.546
2010 01 28 15 00 00 1 5836.601
2010 01 28 15 15 00 1 5836.653
2010 01 28 15 30 00 1 5836.703
2010 01 28 15 45 00 1 5836.746
2010 01 28 16 00 00 1 5836.786
2010 01 28 16 15 00 1 5836.819
2010 01 28 16 30 00 1 5836.847
2010 01 28 16 45 00 1 5836.867
2010 01 28 17 00 00 1 5836.881
2010 01 28 17 15 00 1 5836.889
2010 01 28 17 30 00 1 5836.887
2010 01 28 17 45 00 1 5836.878
2010 01 28 18 00 00 1 5836.865
2010 01 28 18 15 00 1 5836.844
2010 01 28 18 30 00 1 5836.815
2010 01 28 18 45 00 1 5836.780
2010 01 28 19 00 00 1 5836.737
2010 01 28 19 15 00 1 5836.692
2010 01 28 19 30 00 1 5836.640
2010 01 28 19 45 00 1 5836.587
2010 01 28 20 00 00 1 5836.532
2010 01 28 20 15 00 1 5836.476
2010 01 28 20 30 00 1 5836.421
2010 01 28 20 45 00 1 5836.364
2010 01 28 21 00 00 1 5836.309
2010 01 28 21 15 00 1 5836.252
2010 01 28 21 30 00 1 5836.201
2010 01 28 21 45 00 1 5836.153
2010 01 28 22 00 00 1 5836.111
2010 01 28 22 15 00 1 5836.076
2010 01 28 22 30 00 1 5836.048
2010 01 28 22 45 00 1 5836.028
2010 01 28 23 00 00 1 5836.012
2010 01 28 23 15 00 1 5836.005
2010 01 28 23 30 00 1 5836.004
2010 01 28 23 45 00 1 5836.011
2010 01 29 00 00 00 1 5836.025
2010 01 29 00 15 00 1 5836.049
2010 01 29 00 30 00 1 5836.081
2010 01 29 00 45 00 1 5836.118
2010 01 29 01 00 00 1 5836.163
2010 01 29 01 15 00 1 5836.212
2010 01 29 01 30 00 1 5836.265
2010 01 29 01 45 00 1 5836.319
2010 01 29 02 00 00 1 5836.379
2010 01 29 02 15 00 1 5836.440
2010 01 29 02 30 00 1 5836.504
2010 01 29 02 45 00 1 5836.569
2010 01 29 03 00 00 1 5836.628
2010 01 29 03 15 00 1 5836.686
2010 01 29 03 30 00 1 5836.741
2010 01 29 03 45 00 1 5836.794
2010 01 29 04 00 00 1 5836.843
2010 01 29 04 15 00 1 5836.885
2010 01 29 04 30 00 1 5836.920
2010 01 29 04 45 00 1 5836.950
2010 01 29 05 00 00 1 5836.970
2010 01 29 05 15 00 1 5836.983
2010 01 29 05 30 00 1 5836.992
2010 01 29 05 45 00 1 5836.992
2010 01 29 06 00 00 1 5836.984
2010 01 29 06 15 00 1 5836.968
2010 01 29 06 30 00 1 5836.945
2010 01 29 06 45 00 1 5836.913
2010 01 29 07 00 00 1 5836.876
2010 01 29 07 15 00 1 5836.829
2010 01 29 07 30 00 1 5836.776
2010 01 29 07 45 00 1 5836.721
2010 01 29 08 00 00 1 5836.659
2010 01 29 08 15 00 1 5836.595
2010 01 29 08 30 00 1 5836.527
2010 01 29 08 45 00 1 5836.459
2010 01 29 09 00 00 1 5836.389
2010 01 29 09 15 00 1 5836.319
2010 01 29 09 30 00 1 5836.250
2010 01 29 09 45 00 1 5836.183
2010 01 29 10 00 00 1 5836.123
2010 01 29 10 15 00 1 5836.065
2010 01 29 10 30 00 1 5836.014
2010 01 29 10 45 00 1 5835.970
2010 01 29 11 00 00 1 5835.929
2010 01 29 11 15 00 1 5835.899
2010 01 29 11 30 00 1 5835.875
2010 01 29 11 45 00 1 5835.859
2010 01 29 12 00 00 1 5835.854
2010 01 29 12 15 00 1 5835.858
2010 01 29 12 30 00 1 5835.867
2010 01 29 12 45 00 1 5835.887
2010 01 29 13 00 00 1 5835.914
2010 01 29 13 15 00 1 5835.951
2010 01 29 13 30 00 1 5835.995
2010 01 29 13 45 00 1 5836.046
2010 01 29 14 00 00 1 5836.102
2010 01 29 14 15 00 1 5836.162
2010 01 29 14 30 00 1 5836.226
2010 01 29 14 45 00 1 5836.294
2010 01 29 15 00 00 1 5836.363
2010 01 29 15 15 00 1 5836.434
2010 01 29 15 30 00 1 5836.503
2010 01 29 15 45 00 1 5836.572
2010 01 29 16 00 00 1 5836.637
2010 01 29 16 15 00 1 5836.698
2010 01 29 16 30 00 1 5836.759
2010 01 29 16 45 00 1 5836.811
2010 01 29 17 00 00 1 5836.856
2010 01 29 17 15 00 1 5836.892
2010 01 29 17 30 00 1 5836.924
2010 01 29 17 45 00 1 5836.947
2010 01 29 18 00 00 1 5836.965
2010 01 29 18 15 00 1 5836.972
2010 01 29 18 30 00 1 5836.971
2010 01 29 18 45 00 1 5836.960
2010 01 29 19 00 00 1 5836.941
2010 01 29 19 15 00 1 5836.914
2010 01 29 19 30 00 1 5836.879
2010 01 29 19 45 00 1 5836.837
2010 01 29 20 00 00 1 5836.788
2010 01 29 20 15 00 1 5836.733
2010 01 29 20 30 00 1 5836.673
2010 01 29 20 45 00 1 5836.608
2010 01 29 21 00 00 1 5836.543
2010 01 29 21 15 00 1 5836.477
2010 01 29 21 30 00 1 5836.408
2010 01 29 21 45 00 1 5836.340
2010 01 29 22 00 00 1 5836.275
2010 01 29 22 15 00 1 5836.211
2010 01 29 22 30 00 1 5836.155
2010 01 29 22 45 00 1 5836.100
2010 01 29 23 00 00 1 5836.056
2010 01 29 23 15 00 1 5836.014
2010 01 29 23 30 00 1 5835.978
2010 01 29 23 45 00 1 5835.952
2010 01 30 00 00 00 1 5835.932
2010 01 30 00 15 00 1 5835.920
2010 01 30 00 30 00 1 5835.919
2010 01 30 00 45 00 1 5835.925
2010 01 30 01 00 00 1 5835.943
2010 01 30 01 15 00 1 5835.968
2010 01 30 01 30 00 1 5836.000
2010 01 30 01 45 00 1 5836.040
2010 01 30 02 00 00 1 5836.088
2010 01 30 02 15 00 1 5836.142
2010 01 30 02 30 00 1 5836.202
2010 01 30 02 45 00 1 5836.266
2010 01 30 03 00 00 1 5836.332
2010 01 30 03 15 00 1 5836.401
2010 01 30 03 30 00 1 5836.471
2010 01 30 03 45 00 1 5836.540
2010 01 30 04 00 00 1 5836.605
2010 01 30 04 15 00 1 5836.671
2010 01 30 04 30 00 1 5836.735
2010 01 30 04 45 00 1 5836.797
2010 01 30 05 00 00 1 5836.853
2010 01 30 05 15 00 1 5836.904
2010 01 30 05 30 00 1 5836.947
2010 01 30 05 45 00 1 5836.981
2010 01 30 06 00 00 1 5837.012
2010 01 30 06 15 00 1 5837.032
2010 01 30 06 30 00 1 5837.043
2010 01 30 06 45 00 1 5837.043
2010 01 30 07 00 00 1 5837.034
2010 01 30 07 15 00 1 5837.018
2010 01 30 07 30 00 1 5836.992
2010 01 30 07 45 00 1 5836.957
2010 01 30 08 00 00 1 5836.914
2010 01 30 08 15 00 1 5836.864
2010 01 30 08 30 00 1 5836.805
2010 01 30 08 45 00 1 5836.740
2010 01 30 09 00 00 1 5836.668
2010 01 30 09 15 00 1 5836.593
2010 01 30 09 30 00 1 5836.515
2010 01 30 09 45 00 1 5836.438
2010 01 30 10 00 00 1 5836.359
2010 01 30 10 15 00 1 5836.281
2010 01 30 10 30 00 1 5836.205
2010 01 30 10 45 00 1 5836.130
2010 01 30 11 00 00 1 5836.058
2010 01 30 11 15 00 1 5835.992
2010 01 30 11 30 00 1 5835.934
2010 01 30 11 45 00 1 5835.883
2010 01 30 12 00 00 1 5835.842
2010 01 30 12 15 00 1 5835.808
2010 01 30 12 30 00 1 5835.781
2010 01 30 12 45 00 1 5835.768
2010 01 30 13 00 00 1 5835.764
2010 01 30 13 15 00 1 5835.770
2010 01 30 13 30 00 1 5835.785
2010 01 30 13 45 00 1 5835.811
2010 01 30 14 00 00 1 5835.845
2010 01 30 14 15 00 1 5835.891
2010 01 30 14 30 00 1 5835.944
2010 01 30 14 45 00 1 5836.001
2010 01 30 15 00 00 1 5836.066
2010 01 30 15 15 00 1 5836.137
2010 01 30 15 30 00 1 5836.216
2010 01 30 15 45 00 1 5836.294
2010 01 30 16 00 00 1 5836.376
2010 01 30 16 15 00 1 5836.457
2010 01 30 16 30 00 1 5836.537
2010 01 30 16 45 00 1 5836.617
2010 01 30 17 00 00 1 5836.693
2010 01 30 17 15 00 1 5836.762
2010 01 30 17 30 00 1 5836.828
2010 01 30 17 45 00 1 5836.884
2010 01 30 18 00 00 1 5836.935
2010 01 30 18 15 00 1 5836.976
2010 01 30 18 30 00 1 5837.008
2010 01 30 18 45 00 1 5837.030
2010 01 30 19 00 00 1 5837.045
2010 01 30 19 15 00 1 5837.051
2010 01 30 19 30 00 1 5837.044
2010 01 30 19 45 00 1 5837.027
2010 01 30 20 00 00 1 5837.003
2010 01 30 20 15 00 1 5836.969
2010 01 30 20 30 00 1 5836.927
2010 01 30 20 45 00 1 5836.877
2010 01 30 21 00 00 1 5836.819
2010 01 30 21 15 00 1 5836.754
2010 01 30 21 30 00 1 5836.684
2010 01 30 21 45 00 1 5836.612
2010 01 30 22 00 00 1 5836.534
2010 01 30 22 15 00 1 5836.457
2010 01 30 22 30 00 1 5836.378
2010 01 30 22 45 00 1 5836.301
2010 01 30 23 00 00 1 5836.230
2010 01 30 23 15 00 1 5836.160
2010 01 30 23 30 00 1 5836.092
2010 01 30 23 45 00 1 5836.032
2010 01 31 00 00 00 1 5835.981
2010 01 31 00 15 00 1 5835.935
2010 01 31 00 30 00 1 5835.897
2010 01 31 00 45 00 1 5835.865
2010 01 31 01 00 00 1 5835.845
2010 01 31 01 15 00 1 5835.833
2010 01 31 01 30 00 1 5835.832
2010 01 31 01 45 00 1 5835.840
2010 01 31 02 00 00 1 5835.853
2010 01 31 02 15 00 1 5835.879
2010 01 31 02 30 00 1 5835.915
2010 01 31 02 45 00 1 5835.964
2010 01 31 03 00 00 1 5836.014
2010 01 31 03 15 00 1 5836.073
2010 01 31 03 30 00 1 5836.140
2010 01 31 03 45 00 1 5836.211
2010 01 31 04 00 00 1 5836.288
2010 01 31 04 15 00 1 5836.364
2010 01 31 04 30 00 1 5836.442
2010 01 31 04 45 00 1 5836.523
2010 01 31 05 00 00 1 5836.601
2010 01 31 05 15 00 1 5836.680
2010 01 31 05 30 00 1 5836.752
2010 01 31 05 45 00 1 5836.819
2010 01 31 06 00 00 1 5836.881
2010 01 31 06 15 00 1 5836.935
2010 01 31 06 30 00 1 5836.982
2010 01 31 06 45 00 1 5837.025
2010 01 31 07 00 00 1 5837.055
2010 01 31 07 15 00 1 5837.076
2010 01 31 07 30 00 1 5837.087
2010 01 31 07 45 00 1 5837.089
2010 01 31 08 00 00 1 5837.080
2010 01 31 08 15 00 1 5837.059
2010 01 31 08 30 00 1 5837.028
2010 01 31 08 45 00 1 5836.987
2010 01 31 09 00 00 1 5836.938
2010 01 31 09 15 00 1 5836.877
2010 01 31 09 30 00 1 5836.811
2010 01 31 09 45 00 1 5836.737
2010 01 31 10 00 00 1 5836.658
2010 01 31 10 15 00 1 5836.578
2010 01 31 10 30 00 1 5836.491
2010 01 31 10 45 00 1 5836.406
2010 01 31 11 00 00 1 5836.319
2010 01 31 11 15 00 1 5836.231
2010 01 31 11 30 00 1 5836.148
2010 01 31 11 45 00 1 5836.069
2010 01 31 12 00 00 1 5835.997
2010 01 31 12 15 00 1 5835.931
2010 01 31 12 30 00 1 5835.871
2010 01 31 12 45 00 1 5835.819
2010 01 31 13 00 00 1 5835.777
2010 01 31 13 15 00 1 5835.745
2010 01 31 13 30 00 1 5835.724
2010 01 31 13 45 00 1 5835.710
2010 01 31 14 00 00 1 5835.709
2010 01 31 14 15 00 1 5835.715
2010 01 31 14 30 00 1 5835.738
2010 01 31 14 45 00 1 5835.772
2010 01 31 15 00 00 1 5835.813
2010 01 31 15 15 00 1 5835.867
2010 01 31 15 30 00 1 5835.929
2010 01 31 15 45 00 1 5836.000
2010 01 31 16 00 00 1 5836.078
2010 01 31 16 15 00 1 5836.161
2010 01 31 16 30 00 1 5836.246
2010 01 31 16 45 00 1 5836.332
2010 01 31 17 00 00 1 5836.422
2010 01 31 17 15 00 1 5836.512
2010 01 31 17 30 00 1 5836.599
2010 01 31 17 45 00 1 5836.686
2010 01 31 18 00 00 1 5836.767
2010 01 31 18 15 00 1 5836.841
2010 01 31 18 30 00 1 5836.910
2010 01 31 18 45 00 1 5836.969
2010 01 31 19 00 00 1 5837.020
2010 01 31 19 15 00 1 5837.061
2010 01 31 19 30 00 1 5837.093
2010 01 31 19 45 00 1 5837.113
2010 01 31 20 00 00 1 5837.123
2010 01 31 20 15 00 1 5837.122
2010 01 31 20 30 00 1 5837.109
2010 01 31 20 45 00 1 5837.088
2010 01 31 21 00 00 1 5837.056
2010 01 31 21 15 00 1 5837.013
2010 01 31 21 30 00 1 5836.962
2010 01 31 21 45 00 1 5836.903
2010 01 31 22 00 00 1 5836.834
2010 01 31 22 15 00 1 5836.761
2010 01 31 22 30 00 1 5836.682
2010 01 31 22 45 00 1 5836.601
2010 01 31 23 00 00 1 5836.519
2010 01 31 23 15 00 1 5836.436
2010 01 31 23 30 00 1 5836.350
2010 01 31 23 45 00 1 5836.270
2010 02 01 00 00 00 1 5836.191
2010 02 01 00 15 00 1 5836.117
2010 02 01 00 30 00 1 5836.046
2010 02 01 00 45 00 1 5835.983
2010 02 01 01 00 00 1 5835.926
2010 02 01 01 15 00 1 5835.877
2010 02 01 01 30 00 1 5835.834
2010 02 01 01 45 00 1 5835.803
2010 02 01 02 00 00 1 5835.783
2010 02 01 02 15 00 1 5835.772
2010 02 01 02 30 00 1 5835.771
2010 02 01 02 45 00 1 5835.781
2010 02 01 03 00 00 1 5835.801
2010 02 01 03 15 00 1 5835.833
2010 02 01 03 30 00 1 5835.873
2010 02 01 03 45 00 1 5835.924
2010 02 01 04 00 00 1 5835.984
2010 02 01 04 15 00 1 5836.051
2010 02 01 04 30 00 1 5836.125
2010 02 01 04 45 00 1 5836.206
2010 02 01 05 00 00 1 5836.287
2010 02 01 05 15 00 1 5836.373
2010 02 01 05 30 00 1 5836.458
2010 02 01 05 45 00 1 5836.545
2010 02 01 06 00 00 1 5836.630
2010 02 01 06 15 00 1 5836.714
2010 02 01 06 30 00 1 5836.789
2010 02 01 06 45 00 1 5836.861
2010 02 01 07 00 00 1 5836.924
2010 02 01 07 15 00 1 5836.982
2010 02 01 07 30 00 1 5837.030
2010 02 01 07 45 00 1 5837.069
2010 02 01 08 00 00 1 5837.100
2010 02 01 08 15 00 1 5837.118
2010 02 01 08 30 00 1 5837.127
2010 02 01 08 45 00 1 5837.121
2010 02 01 09 00 00 1 5837.104
2010 02 01 09 15 00 1 5837.076
2010 02 01 09 30 00 1 5837.039
2010 02 01 09 45 00 1 5836.989
2010 02 01 10 00 00 1 5836.934
2010 02 01 10 15 00 1 5836.867
2010 02 01 10 30 00 1 5836.794
2010 02 01 10 45 00 1 5836.716
2010 02 01 11 00 00 1 5836.632
2010 02 01 11 15 00 1 5836.544
2010 02 01 11 30 00 1 5836.453
2010 02 01 11 45 00 1 5836.362
2010 02 01 12 00 00 1 5836.272
2010 02 01 12 15 00 1 5836.183
2010 02 01 12 30 00 1 5836.097
2010 02 01 12 45 00 1 5836.020
2010 02 01 13 00 00 1 5835.947
2010 02 01 13 15 00 1 5835.880
2010 02 01 13 30 00 1 5835.821
2010 02 01 13 45 00 1 5835.772
2010 02 01 14 00 00 1 5835.732
2010 02 01 14 15 00 1 5835.702
2010 02 01 14 30 00 1 5835.684
2010 02 01 14 45 00 1 5835.677
2010 02 01 15 00 00 1 5835.683
2010 02 01 15 15 00 1 5835.703
2010 02 01 15 30 00 1 5835.734
2010 02 01 15 45 00 1 5835.776
2010 02 01 16 00 00 1 5835.831
2010 02 01 16 15 00 1 5835.893
2010 02 01 16 30 00 1 5835.963
2010 02 01 16 45 00 1 5836.041
2010 02 01 17 00 00 1 5836.127
2010 02 01 17 15 00 1 5836.215
2010 02 01 17 30 00 1 5836.306
2010 02 01 17 45 00 1 5836.401
2010 02 01 18 00 00 1 5836.495
2010 02 01 18 15 00 1 5836.588
2010 02 01 18 30 00 1 5836.678
2010 02 01 18 45 00 1 5836.764
2010 02 01 19 00 00 1 5836.845
2010 02 01 19 15 00 1 5836.920
2010 02 01 19 30 00 1 5836.985
2010 02 01 19 45 00 1 5837.043
2010 02 01 20 00 00 1 5837.092
2010 02 01 20 15 00 1 5837.129
2010 02 01 20 30 00 1 5837.153
2010 02 01 20 45 00 1 5837.167
2010 02 01 21 00 00 1 5837.170
2010 02 01 21 15 00 1 5837.164
2010 02 01 21 30 00 1 5837.146
2010 02 01 21 45 00 1 5837.114
2010 02 01 22 00 00 1 5837.073
2010 02 01 22 15 00 1 5837.022
2010 02 01 22 30 00 1 5836.965
2010 02 01 22 45 00 1 5836.898
2010 02 01 23 00 00 1 5836.822
2010 02 01 23 15 00 1 5836.746
2010 02 01 23 30 00 1 5836.664
2010 02 01 23 45 00 1 5836.577
2010 02 02 00 00 00 1 5836.487
2010 02 02 00 15 00 1 5836.398
2010 02 02 00 30 00 1 5836.311
2010 02 02 00 45 00 1 5836.222
2010 02 02 01 00 00 1 5836.140
2010 02 02 01 15 00 1 5836.063
2010 02 02 01 30 00 1 5835.992
2010 02 02 01 45 00 1 5835.929
2010 02 02 02 00 00 1 5835.871
2010 02 02 02 15 00 1 5835.822
2010 02 02 02 30 00 1 5835.780
2010 02 02 02 45 00 1 5835.748
2010 02 02 03 00 00 1 5835.729
2010 02 02 03 15 00 1 5835.720
2010 02 02 03 30 00 1 5835.723
2010 02 02 03 45 00 1 5835.740
2010 02 02 04 00 00 1 5835.767
2010 02 02 04 15 00 1 5835.804
2010 02 02 04 30 00 1 5835.856
2010 02 02 04 45 00 1 5835.915
2010 02 02 05 00 00 1 5835.981
2010 02 02 05 15 00 1 5836.055
2010 02 02 05 30 00 1 5836.134
2010 02 02 05 45 00 1 5836.219
2010 02 02 06 00 00 1 5836.303
2010 02 02 06 15 00 1 5836.392
2010 02 02 06 30 00 1 5836.482
2010 02 02 06 45 00 1 5836.572
2010 02 02 07 00 00 1 5836.660
2010 02 02 07 15 00 1 5836.742
2010 02 02 07 30 00 1 5836.820
2010 02 02 07 45 00 1 5836.889
2010 02 02 08 00 00 1 5836.953
2010 02 02 08 15 00 1 5837.010
2010 02 02 08 30 00 1 5837.054
2010 02 02 08 45 00 1 5837.090
2010 02 02 09 00 00 1 5837.114
2010 02 02 09 15 00 1 5837.125
2010 02 02 09 30 00 1 5837.126
2010 02 02 09 45 00 1 5837.116
2010 02 02 10 00 00 1 5837.092
2010 02 02 10 15 00 1 5837.058
2010 02 02 10 30 00 1 5837.013
2010 02 02 10 45 00 1 5836.960
2010 02 02 11 00 00 1 5836.898
2010 02 02 11 15 00 1 5836.827
2010 02 02 11 30 00 1 5836.750
2010 02 02 11 45 00 1 5836.669
2010 02 02 12 00 00 1 5836.581
2010 02 02 12 15 00 1 5836.492
2010 02 02 12 30 00 1 5836.401
2010 02 02 12 45 00 1 5836.308
2010 02 02 13 00 00 1 5836.216
2010 02 02 13 15 00 1 5836.129
2010 02 02 13 30 00 1 5836.046
2010 02 02 13 45 00 1 5835.970
2010 02 02 14 00 00 1 5835.896
2010 02 02 14 15 00 1 5835.834
2010 02 02 14 30 00 1 5835.780
2010 02 02 14 45 00 1 5835.736
2010 02 02 15 00 00 1 5835.703
2010 02 02 15 15 00 1 5835.683
2010 02 02 15 30 00 1 5835.675
2010 02 02 15 45 00 1 5835.679
2010 02 02 16 00 00 1 5835.694
2010 02 02 16 15 00 1 5835.722
2010 02 02 16 30 00 1 5835.760
2010 02 02 16 45 00 1 5835.813
2010 02 02 17 00 00 1 5835.874
2010 02 02 17 15 00 1 5835.941
2010 02 02 17 30 00 1 5836.021
2010 02 02 17 45 00 1 5836.102
2010 02 02 18 00 00 1 5836.190
2010 02 02 18 15 00 1 5836.283
2010 02 02 18 30 00 1 5836.376
2010 02 02 18 45 00 1 5836.471
2010 02 02 19 00 00 1 5836.563
2010 02 02 19 15 00 1 5836.653
2010 02 02 19 30 00 1 5836.741
2010 02 02 19 45 00 1 5836.821
2010 02 02 20 00 00 1 5836.896
2010 02 02 20 15 00 1 5836.962
2010 02 02 20 30 00 1 5837.025
2010 02 02 20 45 00 1 5837.074
2010 02 02 21 00 00 1 5837.113
2010 02 02 21 15 00 1 5837.144
2010 02 02 21 30 00 1 5837.162
2010 02 02 21 45 00 1 5837.169
2010 02 02 22 00 00 1 5837.164
2010 02 02 22 15 00 1 5837.148
2010 02 02 22 30 00 1 5837.121
2010 02 02 22 45 00 1 5837.084
2010 02 02 23 00 00 1 5837.038
2010 02 02 23 15 00 1 5836.982
2010 02 02 23 30 00 1 5836.919
2010 02 02 23 45 00 1 5836.848
2010 02 03 00 00 00 1 5836.768
2010 02 03 00 15 00 1 5836.687
2010 02 03 00 30 00 1 5836.601
2010 02 03 00 45 00 1 5836.511
2010 02 03 01 00 00 1 5836.421
2010 02 03 01 15 00 1 5836.333
2010 02 03 01 30 00 1 5836.245
2010 02 03 01 45 00 1 5836.159
2010 02 03 02 00 00 1 5836.077
2010 02 03 02 15 00 1 5836.003
2010 02 03 02 30 00 1 5835.934
2010 02 03 02 45 00 1 5835.872
2010 02 03 03 00 00 1 5835.820
2010 02 03 03 15 00 1 5835.775
2010 02 03 03 30 00 1 5835.742
2010 02 03 03 45 00 1 5835.717
2010 02 03 04 00 00 1 5835.704
2010 02 03 04 15 00 1 5835.705
2010 02 03 04 30 00 1 5835.717
2010 02 03 04 45 00 1 5835.743
2010 02 03 05 00 00 1 5835.779
2010 02 03 05 15 00 1 5835.822
2010 02 03 05 30 00 1 5835.877
2010 02 03 05 45 00 1 5835.941
2010 02 03 06 00 00 1 5836.012
2010 02 03 06 15 00 1 5836.089
2010 02 03 06 30 00 1 5836.170
2010 02 03 06 45 00 1 5836.257
2010 02 03 07 00 00 1 5836.346
2010 02 03 07 15 00 1 5836.435
2010 02 03 07 30 00 1 5836.526
2010 02 03 07 45 00 1 5836.614
2010 02 03 08 00 00 1 5836.697
2010 02 03 08 15 00 1 5836.774
2010 02 03 08 30 00 1 5836.847
2010 02 03 08 45 00 1 5836.911
2010 02 03 09 00 00 1 5836.968
2010 02 03 09 15 00 1 5837.014
2010 02 03 09 30 00 1 5837.054
2010 02 03 09 45 00 1 5837.080
2010 02 03 10 00 00 1 5837.096
2010 02 03 10 15 00 1 5837.100
2010 02 03 10 30 00 1 5837.095
2010 02 03 10 45 00 1 5837.078
2010 02 03 11 00 00 1 5837.049
2010 02 03 11 15 00 1 5837.008
2010 02 03 11 30 00 1 5836.957
2010 02 03 11 45 00 1 5836.899
2010 02 03 12 00 00 1 5836.833
2010 02 03 12 15 00 1 5836.762
2010 02 03 12 30 00 1 5836.683
2010 02 03 12 45 00 1 5836.604
2010 02 03 13 00 00 1 5836.518
2010 02 03 13 15 00 1 5836.431
2010 02 03 13 30 00 1 5836.346
2010 02 03 13 45 00 1 5836.258
2010 02 03 14 00 00 1 5836.171
2010 02 03 14 15 00 1 5836.089
2010 02 03 14 30 00 1 5836.012
2010 02 03 14 45 00 1 5835.943
2010 02 03 15 00 00 1 5835.877
2010 02 03 15 15 00 1 5835.823
2010 02 03 15 30 00 1 5835.777
2010 02 03 15 45 00 1 5835.743
2010 02 03 16 00 00 1 5835.719
2010 02 03 16 15 00 1 5835.710
2010 02 03 16 30 00 1 5835.710
2010 02 03 16 45 00 1 5835.724
2010 02 03 17 00 00 1 5835.749
2010 02 03 17 15 00 1 5835.785
2010 02 03 17 30 00 1 5835.831
2010 02 03 17 45 00 1 5835.888
2010 02 03 18 00 00 1 5835.954
2010 02 03 18 15 00 1 5836.027
2010 02 03 18 30 00 1 5836.108
2010 02 03 18 45 00 1 5836.193
2010 02 03 19 00 00 1 5836.280
2010 02 03 19 15 00 1 5836.367
2010 02 03 19 30 00 1 5836.458
2010 02 03 19 45 00 1 5836.549
2010 02 03 20 00 00 1 5836.637
2010 02 03 20 15 00 1 5836.723
2010 02 03 20 30 00 1 5836.801
2010 02 03 20 45 00 1 5836.875
2010 02 03 21 00 00 1 5836.941
2010 02 03 21 15 00 1 5837.000
2010 02 03 21 30 00 1 5837.049
2010 02 03 21 45 00 1 5837.089
2010 02 03 22 00 00 1 5837.118
2010 02 03 22 15 00 1 5837.137
2010 02 03 22 30 00 1 5837.143
2010 02 03 22 45 00 1 5837.141
2010 02 03 23 00 00 1 5837.128
2010 02 03 23 15 00 1 5837.107
2010 02 03 23 30 00 1 5837.075
2010 02 03 23 45 00 1 5837.030
2010 02 04 00 00 00 1 5836.981
2010 02 04 00 15 00 1 5836.920
2010 02 04 00 30 00 1 5836.853
2010 02 04 00 45 00 1 5836.778
2010 02 04 01 00 00 1 5836.698
2010 02 04 01 15 00 1 5836.613
2010 02 04 01 30 00 1 5836.529
2010 02 04 01 45 00 1 5836.442
2010 02 04 02 00 00 1 5836.354
2010 02 04 02 15 00 1 5836.269
2010 02 04 02 30 00 1 5836.184
2010 02 04 02 45 00 1 5836.105
2010 02 04 03 00 00 1 5836.029
2010 02 04 03 15 00 1 5835.955
2010 02 04 03 30 00 1 5835.892
2010 02 04 03 45 00 1 5835.839
2010 02 04 04 00 00 1 5835.793
2010 02 04 04 15 00 1 5835.758
2010 02 04 04 30 00 1 5835.735
2010 02 04 04 45 00 1 5835.721
2010 02 04 05 00 00 1 5835.717
2010 02 04 05 15 00 1 5835.727
2010 02 04 05 30 00 1 5835.745
2010 02 04 05 45 00 1 5835.774
2010 02 04 06 00 00 1 5835.815
2010 02 04 06 15 00 1 5835.865
2010 02 04 06 30 00 1 5835.922
2010 02 04 06 45 00 1 5835.988
2010 02 04 07 00 00 1 5836.061
2010 02 04 07 15 00 1 5836.140
2010 02 04 07 30 00 1 5836.223
2010 02 04 07 45 00 1 5836.309
2010 02 04 08 00 00 1 5836.394
2010 02 04 08 15 00 1 5836.482
2010 02 04 08 30 00 1 5836.565
2010 02 04 08 45 00 1 5836.646
2010 02 04 09 00 00 1 5836.721
2010 02 04 09 15 00 1 5836.791
2010 02 04 09 30 00 1 5836.857
2010 02 04 09 45 00 1 5836.915
2010 02 04 10 00 00 1 5836.964
2010 02 04 10 15 00 1 5837.002
2010 02 04 10 30 00 1 5837.032
2010 02 04 10 45 00 1 5837.049
2010 02 04 11 00 00 1 5837.056
2010 02 04 11 15 00 1 5837.052
2010 02 04 11 30 00 1 5837.041
2010 02 04 11 45 00 1 5837.014
2010 02 04 12 00 00 1 5836.982
2010 02 04 12 15 00 1 5836.942
2010 02 04 12 30 00 1 5836.893
2010 02 04 12 45 00 1 5836.835
2010 02 04 13 00 00 1 5836.768
2010 02 04 13 15 00 1 5836.697
2010 02 04 13 30 00 1 5836.619
2010 02 04 13 45 00 1 5836.541
2010 02 04 14 00 00 1 5836.456
2010 02 04 14 15 00 1 5836.375
2010 02 04 14 30 00 1 5836.295
2010 02 04 14 45 00 1 5836.214
2010 02 04 15 00 00 1 5836.137
2010 02 04 15 15 00 1 5836.067
2010 02 04 15 30 00 1 5836.000
2010 02 04 15 45 00 1 5835.940
2010 02 04 16 00 00 1 5835.889
2010 02 04 16 15 00 1 5835.845
2010 02 04 16 30 00 1 5835.814
2010 02 04 16 45 00 1 5835.793
2010 02 04 17 00 00 1 5835.780
2010 02 04 17 15 00 1 5835.780
2010 02 04 17 30 00 1 5835.791
2010 02 04 17 45 00 1 5835.814
2010 02 04 18 00 00 1 5835.847
2010 02 04 18 15 00 1 5835.887
2010 02 04 18 30 00 1 5835.938
2010 02 04 18 45 00 1 5835.999
2010 02 04 19 00 00 1 5836.070
2010 02 04 19 15 00 1 5836.144
2010 02 04 19 30 00 1 5836.220
2010 02 04 19 45 00 1 5836.302
2010 02 04 20 00 00 1 5836.386
2010 02 04 20 15 00 1 5836.469
2010 02 04 20 30 00 1 5836.553
2010 02 04 20 45 00 1 5836.634
2010 02 04 21 00 00 1 5836.712
2010 02 04 21 15 00 1 5836.787
2010 02 04 21 30 00 1 5836.854
2010 02 04 21 45 00 1 5836.918
2010 02 04 22 00 00 1 5836.971
2010 02 04 22 15 00 1 5837.018
2010 02 04 22 30 00 1 5837.059
2010 02 04 22 45 00 1 5837.086
2010 02 04 23 00 00 1 5837.109
2010 02 04 23 15 00 1 5837.119
2010 02 04 23 30 00 1 5837.120
2010 02 04 23 45 00 1 5837.111
2010 02 05 00 00 00 1 5837.090
2010 02 05 00 15 00 1 5837.061
2010 02 05 00 30 00 1 5837.023
2010 02 05 00 45 00 1 5836.975
2010 02 05 01 00 00 1 5836.921
2010 02 05 01 15 00 1 5836.859
2010 02 05 01 30 00 1 5836.793
2010 02 05 01 45 00 1 5836.718
2010 02 05 02 00 00 1 5836.641
2010 02 05 02 15 00 1 5836.561
2010 02 05 02 30 00 1 5836.479
2010 02 05 02 45 00 1 5836.397
2010 02 05 03 00 00 1 5836.315
2010 02 05 03 15 00 1 5836.237
2010 02 05 03 30 00 1 5836.160
2010 02 05 03 45 00 1 5836.090
2010 02 05 04 00 00 1 5836.023
2010 02 05 04 15 00 1 5835.962
2010 02 05 04 30 00 1 5835.911
2010 02 05 04 45 00 1 5835.869
2010 02 05 05 00 00 1 5835.834
2010 02 05 05 15 00 1 5835.810
2010 02 05 05 30 00 1 5835.792
2010 02 05 05 45 00 1 5835.790
2010 02 05 06 00 00 1 5835.798
2010 02 05 06 15 00 1 5835.814
2010 02 05 06 30 00 1 5835.842
2010 02 05 06 45 00 1 5835.879
2010 02 05 07 00 00 1 5835.924
2010 02 05 07 15 00 1 5835.977
2010 02 05 07 30 00 1 5836.037
2010 02 05 07 45 00 1 5836.102
2010 02 05 08 00 00 1 5836.172
2010 02 05 08 15 00 1 5836.248
2010 02 05 08 30 00 1 5836.326
2010 02 05 08 45 00 1 5836.404
2010 02 05 09 00 00 1 5836.483
2010 02 05 09 15 00 1 5836.560
2010 02 05 09 30 00 1 5836.635
2010 02 05 09 45 00 1 5836.703
2010 02 05 10 00 00 1 5836.769
2010 02 05 10 15 00 1 5836.829
2010 02 05 10 30 00 1 5836.883
2010 02 05 10 45 00 1 5836.927
2010 02 05 11 00 00 1 5836.963
2010 02 05 11 15 00 1 5836.992
2010 02 05 11 30 00 1 5837.010
2010 02 05 11 45 00 1 5837.018
2010 02 05 12 00 00 1 5837.019
2010 02 05 12 15 00 1 5837.011
2010 02 05 12 30 00 1 5836.992
2010 02 05 12 45 00 1 5836.963
2010 02 05 13 00 00 1 5836.926
2010 02 05 13 15 00 1 5836.883
2010 02 05 13 30 00 1 5836.831
2010 02 05 13 45 00 1 5836.774
2010 02 05 14 00 00 1 5836.711
2010 02 05 14 15 00 1 5836.644
2010 02 05 14 30 00 1 5836.572
2010 02 05 14 45 00 1 5836.500
2010 02 05 15 00 00 1 5836.427
2010 02 05 15 15 00 1 5836.353
2010 02 05 15 30 00 1 5836.280
2010 02 05 15 45 00 1 5836.214
2010 02 05 16 00 00 1 5836.148
2010 02 05 16 15 00 1 5836.091
2010 02 05 16 30 00 1 5836.033
2010 02 05 16 45 00 1 5835.987
2010 02 05 17 00 00 1 5835.949
2010 02 05 17 15 00 1 5835.917
2010 02 05 17 30 00 1 5835.894
2010 02 05 17 45 00 1 5835.883
2010 02 05 18 00 00 1 5835.880
2010 02 05 18 15 00 1 5835.890
2010 02 05 18 30 00 1 5835.905
2010 02 05 18 45 00 1 5835.934
2010 02 05 19 00 00 1 5835.969
2010 02 05 19 15 00 1 5836.013
2010 02 05 19 30 00 1 5836.066
2010 02 05 19 45 00 1 5836.125
2010 02 05 20 00 00 1 5836.188
2010 02 05 20 15 00 1 5836.256
2010 02 05 20 30 00 1 5836.327
2010 02 05 20 45 00 1 5836.400
2010 02 05 21 00 00 1 5836.473
2010 02 05 21 15 00 1 5836.545
2010 02 05 21 30 00 1 5836.615
2010 02 05 21 45 00 1 5836.686
2010 02 05 22 00 00 1 5836.752
2010 02 05 22 15 00 1 5836.814
2010 02 05 22 30 00 1 5836.872
2010 02 05 22 45 00 1 5836.920
2010 02 05 23 00 00 1 5836.967
2010 02 05 23 15 00 1 5837.004
2010 02 05 23 30 00 1 5837.034
2010 02 05 23 45 00 1 5837.054
2010 02 06 00 00 00 1 5837.065
2010 02 06 00 15 00 1 5837.068
2010 02 06 00 30 00 1 5837.059
2010 02 06 00 45 00 1 5837.042
2010 02 06 01 00 00 1 5837.016
2010 02 06 01 15 00 1 5836.983
2010 02 06 01 30 00 1 5836.943
2010 02 06 01 45 00 1 5836.896
2010 02 06 02 00 00 1 5836.842
2010 02 06 02 15 00 1 5836.780
2010 02 06 02 30 00 1 5836.718
2010 02 06 02 45 00 1 5836.649
2010 02 06 03 00 00 1 5836.576
2010 02 06 03 15 00 1 5836.502
2010 02 06 03 30 00 1 5836.428
2010 02 06 03 45 00 1 5836.356
2010 02 06 04 00 00 1 5836.282
2010 02 06 04 15 00 1 5836.210
2010 02 06 04 30 00 1 5836.146
2010 02 06 04 45 00 1 5836.087
2010 02 06 05 00 00 1 5836.032
2010 02 06 05 15 00 1 5835.985
2010 02 06 05 30 00 1 5835.943
2010 02 06 05 45 00 1 5835.912
2010 02 06 06 00 00 1 5835.889
2010 02 06 06 15 00 1 5835.874
2010 02 06 06 30 00 1 5835.868
2010 02 06 06 45 00 1 5835.872
2010 02 06 07 00 00 1 5835.885
2010 02 06 07 15 00 1 5835.905
2010 02 06 07 30 00 1 5835.936
2010 02 06 07 45 00 1 5835.976
2010 02 06 08 00 00 1 5836.020
2010 02 06 08 15 00 1 5836.071
2010 02 06 08 30 00 1 5836.131
2010 02 06 08 45 00 1 5836.191
2010 02 06 09 00 00 1 5836.255
2010 02 06 09 15 00 1 5836.322
2010 02 06 09 30 00 1 5836.390
2010 02 06 09 45 00 1 5836.460
2010 02 06 10 00 00 1 5836.526
2010 02 06 10 15 00 1 5836.593
2010 02 06 10 30 00 1 5836.655
2010 02 06 10 45 00 1 5836.711
2010 02 06 11 00 00 1 5836.763
2010 02 06 11 15 00 1 5836.810
2010 02 06 11 30 00 1 5836.850
2010 02 06 11 45 00 1 5836.884
2010 02 06 12 00 00 1 5836.908
2010 02 06 12 15 00 1 5836.927
2010 02 06 12 30 00 1 5836.939
2010 02 06 12 45 00 1 5836.943
2010 02 06 13 00 00 1 5836.939
2010 02 06 13 15 00 1 5836.924
2010 02 06 13 30 00 1 5836.906
2010 02 06 13 45 00 1 5836.876
2010 02 06 14 00 00 1 5836.841
2010 02 06 14 15 00 1 5836.800
2010 02 06 14 30 00 1 5836.752
2010 02 06 14 45 00 1 5836.695
2010 02 06 15 00 00 1 5836.638
2010 02 06 15 15 00 1 5836.578
2010 02 06 15 30 00 1 5836.515
2010 02 06 15 45 00 1 5836.451
2010 02 06 16 00 00 1 5836.387
2010 02 06 16 15 00 1 5836.323
2010 02 06 16 30 00 1 5836.266
2010 02 06 16 45 00 1 5836.208
2010 02 06 17 00 00 1 5836.155
2010 02 06 17 15 00 1 5836.107
2010 02 06 17 30 00 1 5836.064
2010 02 06 17 45 00 1 5836.029
2010 02 06 18 00 00 1 5836.002
2010 02 06 18 15 00 1 5835.980
2010 02 06 18 30 00 1 5835.966
2010 02 06 18 45 00 1 5835.961
2010 02 06 19 00 00 1 5835.965
2010 02 06 19 15 00 1 5835.975
2010 02 06 19 30 00 1 5835.996
2010 02 06 19 45 00 1 5836.025
2010 02 06 20 00 00 1 5836.063
2010 02 06 20 15 00 1 5836.107
2010 02 06 20 30 00 1 5836.155
2010 02 06 20 45 00 1 5836.208
2010 02 06 21 00 00 1 5836.266
2010 02 06 21 15 00 1 5836.328
2010 02 06 21 30 00 1 5836.391
2010 02 06 21 45 00 1 5836.455
2010 02 06 22 00 00 1 5836.519
2010 02 06 22 15 00 1 5836.580
2010 02 06 22 30 00 1 5836.641
2010 02 06 22 45 00 1 5836.699
2010 02 06 23 00 00 1 5836.757
2010 02 06 23 15 00 1 5836.807
2010 02 06 23 30 00 1 5836.853
2010 02 06 23 45 00 1 5836.896
2010 02 07 00 00 00 1 5836.928
2010 02 07 00 15 00 1 5836.953
2010 02 07 00 30 00 1 5836.972
2010 02 07 00 45 00 1 5836.984
2010 02 07 01 00 00 1 5836.988
2010 02 07 01 15 00 1 5836.982
2010 02 07 01 30 00 1 5836.970
2010 02 07 01 45 00 1 5836.950
2010 02 07 02 00 00 1 5836.924
2010 02 07 02 15 00 1 5836.890
2010 02 07 02 30 00 1 5836.852
2010 02 07 02 45 00 1 5836.805
2010 02 07 03 00 00 1 5836.754
2010 02 07 03 15 00 1 5836.699
2010 02 07 03 30 00 1 5836.637
2010 02 07 03 45 00 1 5836.574
2010 02 07 04 00 00 1 5836.511
2010 02 07 04 15 00 1 5836.444
2010 02 07 04 30 00 1 5836.379
2010 02 07 04 45 00 1 5836.315
2010 02 07 05 00 00 1 5836.254
2010 02 07 05 15 00 1 5836.194
2010 02 07 05 30 00 1 5836.141
2010 02 07 05 45 00 1 5836.092
2010 02 07 06 00 00 1 5836.048
2010 02 07 06 15 00 1 5836.011
2010 02 07 06 30 00 1 5835.978
2010 02 07 06 45 00 1 5835.955
2010 02 07 07 00 00 1 5835.939
2010 02 07 07 15 00 1 5835.932
2010 02 07 07 30 00 1 5835.931
2010 02 07 07 45 00 1 5835.938
2010 02 07 08 00 00 1 5835.953
2010 02 07 08 15 00 1 5835.977
2010 02 07 08 30 00 1 5836.007
2010 02 07 08 45 00 1 5836.043
2010 02 07 09 00 00 1 5836.083
2010 02 07 09 15 00 1 5836.131
2010 02 07 09 30 00 1 5836.182
2010 02 07 09 45 00 1 5836.236
2010 02 07 10 00 00 1 5836.295
2010 02 07 10 15 00 1 5836.352
2010 02 07 10 30 00 1 5836.409
2010 02 07 10 45 00 1 5836.467
2010 02 07 11 00 00 1 5836.525
2010 02 07 11 15 00 1 5836.577
2010 02 07 11 30 00 1 5836.627
2010 02 07 11 45 00 1 5836.674
2010 02 07 12 00 00 1 5836.719
2010 02 07 12 15 00 1 5836.756
2010 02 07 12 30 00 1 5836.791
2010 02 07 12 45 00 1 5836.819
2010 02 07 13 00 00 1 5836.838
2010 02 07 13 15 00 1 5836.849
2010 02 07 13 30 00 1 5836.853
2010 02 07 13 45 00 1 5836.850
2010 02 07 14 00 00 1 5836.843
2010 02 07 14 15 00 1 5836.828
2010 02 07 14 30 00 1 5836.807
2010 02 07 14 45 00 1 5836.779
2010 02 07 15 00 00 1 5836.746
2010 02 07 15 15 00 1 5836.707
2010 02 07 15 30 00 1 5836.666
2010 02 07 15 45 00 1 5836.620
2010 02 07 16 00 00 1 5836.574
2010 02 07 16 15 00 1 5836.526
2010 02 07 16 30 00 1 5836.475
2010 02 07 16 45 00 1 5836.424
2010 02 07 17 00 00 1 5836.372
2010 02 07 17 15 00 1 5836.322
2010 02 07 17 30 00 1 5836.272
2010 02 07 17 45 00 1 5836.228
2010 02 07 18 00 00 1 5836.187
2010 02 07 18 15 00 1 5836.149
2010 02 07 18 30 00 1 5836.117
2010 02 07 18 45 00 1 5836.090
2010 02 07 19 00 00 1 5836.070
2010 02 07 19 15 00 1 5836.055
2010 02 07 19 30 00 1 5836.049
2010 02 07 19 45 00 1 5836.050
2010 02 07 20 00 00 1 5836.058
2010 02 07 20 15 00 1 5836.070
2010 02 07 20 30 00 1 5836.091
2010 02 07 20 45 00 1 5836.115
2010 02 07 21 00 00 1 5836.148
2010 02 07 21 15 00 1 5836.186
2010 02 07 21 30 00 1 5836.227
2010 02 07 21 45 00 1 5836.275
2010 02 07 22 00 00 1 5836.324
2010 02 07 22 15 00 1 5836.375
2010 02 07 22 30 00 1 5836.427
2010 02 07 22 45 00 1 5836.482
2010 02 07 23 00 00 1 5836.537
2010 02 07 23 15 00 1 5836.591
2010 02 07 23 30 00 1 5836.644
2010 02 07 23 45 00 1 5836.695
2010 02 08 00 00 00 1 5836.740
2010 02 08 00 15 00 1 5836.785
2010 02 08 00 30 00 1 5836.821
2010 02 08 00 45 00 1 5836.854
2010 02 08 01 00 00 1 5836.880
2010 02 08 01 15 00 1 5836.898
2010 02 08 01 30 00 1 5836.910
2010 02 08 01 45 00 1 5836.915
2010 02 08 02 00 00 1 5836.914
2010 02 08 02 15 00 1 5836.908
2010 02 08 02 30 00 1 5836.896
2010 02 08 02 45 00 1 5836.879
2010 02 08 03 00 00 1 5836.852
2010 02 08 03 15 00 1 5836.822
2010 02 08 03 30 00 1 5836.784
2010 02 08 03 45 00 1 5836.742
2010 02 08 04 00 00 1 5836.693
2010 02 08 04 15 00 1 5836.641
2010 02 08 04 30 00 1 5836.587
2010 02 08 04 45 00 1 5836.533
2010 02 08 05 00 00 1 5836.477
2010 02 08 05 15 00 1 5836.422
2010 02 08 05 30 00 1 5836.368
2010 02 08 05 45 00 1 5836.313
2010 02 08 06 00 00 1 5836.260
2010 02 08 06 15 00 1 5836.212
2010 02 08 06 30 00 1 5836.167
2010 02 08 06 45 00 1 5836.128
2010 02 08 07 00 00 1 5836.093
2010 02 08 07 15 00 1 5836.065
2010 02 08 07 30 00 1 5836.043
2010 02 08 07 45 00 1 5836.024
2010 02 08 08 00 00 1 5836.012
2010 02 08 08 15 00 1 5836.006
2010 02 08 08 30 00 1 5836.009
2010 02 08 08 45 00 1 5836.018
2010 02 08 09 00 00 1 5836.034
2010 02 08 09 15 00 1 5836.054
2010 02 08 09 30 00 1 5836.081
2010 02 08 09 45 00 1 5836.114
2010 02 08 10 00 00 1 5836.149
2010 02 08 10 15 00 1 5836.188
2010 02 08 10 30 00 1 5836.233
2010 02 08 10 45 00 1 5836.277
2010 02 08 11 00 00 1 5836.326
2010 02 08 11 15 00 1 5836.373
2010 02 08 11 30 00 1 5836.420
2010 02 08 11 45 00 1 5836.469
2010 02 08 12 00 00 1 5836.515
2010 02 08 12 15 00 1 5836.562
2010 02 08 12 30 00 1 5836.604
2010 02 08 12 45 00 1 5836.643
2010 02 08 13 00 00 1 5836.679
2010 02 08 13 15 00 1 5836.709
2010 02 08 13 30 00 1 5836.736
2010 02 08 13 45 00 1 5836.759
2010 02 08 14 00 00 1 5836.773
2010 02 08 14 15 00 1 5836.784
2010 02 08 14 30 00 1 5836.791
2010 02 08 14 45 00 1 5836.786
2010 02 08 15 00 00 1 5836.780
2010 02 08 15 15 00 1 5836.769
2010 02 08 15 30 00 1 5836.750
2010 02 08 15 45 00 1 5836.723
2010 02 08 16 00 00 1 5836.695
2010 02 08 16 15 00 1 5836.666
2010 02 08 16 30 00 1 5836.630
2010 02 08 16 45 00 1 5836.593
2010 02 08 17 00 00 1 5836.554
2010 02 08 17 15 00 1 5836.512
2010 02 08 17 30 00 1 5836.469
2010 02 08 17 45 00 1 5836.427
2010 02 08 18 00 00 1 5836.385
2010 02 08 18 15 00 1 5836.347
2010 02 08 18 30 00 1 5836.306
2010 02 08 18 45 00 1 5836.269
2010 02 08 19 00 00 1 5836.234
2010 02 08 19 15 00 1 5836.200
2010 02 08 19 30 00 1 5836.176
2010 02 08 19 45 00 1 5836.153
2010 02 08 20 00 00 1 5836.135
2010 02 08 20 15 00 1 5836.123
2010 02 08 20 30 00 1 5836.115
2010 02 08 20 45 00 1 5836.114
2010 02 08 21 00 00 1 5836.119
2010 02 08 21 15 00 1 5836.132
2010 02 08 21 30 00 1 5836.149
2010 02 08 21 45 00 1 5836.172
2010 02 08 22 00 00 1 5836.201
2010 02 08 22 15 00 1 5836.234
2010 02 08 22 30 00 1 5836.269
2010 02 08 22 45 00 1 5836.312
2010 02 08 23 00 00 1 5836.357
2010 02 08 23 15 00 1 5836.403
2010 02 08 23 30 00 1 5836.448
2010 02 08 23 45 00 1 5836.495
2010 02 09 00 00 00 1 5836.542
2010 02 09 00 15 00 1 5836.587
2010 02 09 00 30 00 1 5836.632
2010 02 09 00 45 00 1 5836.673
2010 02 09 01 00 00 1 5836.715
2010 02 09 01 15 00 1 5836.748
2010 02 09 01 30 00 1 5836.779
2010 02 09 01 45 00 1 5836.805
2010 02 09 02 00 00 1 5836.827
2010 02 09 02 15 00 1 5836.843
2010 02 09 02 30 00 1 5836.855
2010 02 09 02 45 00 1 5836.860
2010 02 09 03 00 00 1 5836.859
2010 02 09 03 15 00 1 5836.851
2010 02 09 03 30 00 1 5836.838
2010 02 09 03 45 00 1 5836.820
2010 02 09 04 00 00 1 5836.795
2010 02 09 04 15 00 1 5836.767
2010 02 09 04 30 00 1 5836.733
2010 02 09 04 45 00 1 5836.695
2010 02 09 05 00 00 1 5836.655
2010 02 09 05 15 00 1 5836.612
2010 02 09 05 30 00 1 5836.567
2010 02 09 05 45 00 1 5836.522
2010 02 09 06 00 00 1 5836.474
2010 02 09 06 15 00 1 5836.428
2010 02 09 06 30 00 1 5836.382
2010 02 09 06 45 00 1 5836.336
2010 02 09 07 00 00 1 5836.294
2010 02 09 07 15 00 1 5836.250
2010 02 09 07 30 00 1 5836.212
2010 02 09 07 45 00 1 5836.175
2010 02 09 08 00 00 1 5836.145
2010 02 09 08 15 00 1 5836.118
2010 02 09 08 30 00 1 5836.098
2010 02 09 08 45 00 1 5836.083
2010 02 09 09 00 00 1 5836.073
2010 02 09 09 15 00 1 5836.068
2010 02 09 09 30 00 1 5836.069
2010 02 09 09 45 00 1 5836.072
2010 02 09 10 00 00 1 5836.082
2010 02 09 10 15 00 1 5836.099
2010 02 09 10 30 00 1 5836.122
2010 02 09 10 45 00 1 5836.146
2010 02 09 11 00 00 1 5836.177
2010 02 09 11 15 00 1 5836.210
2010 02 09 11 30 00 1 5836.249
2010 02 09 11 45 00 1 5836.289
2010 02 09 12 00 00 1 5836.330
2010 02 09 12 15 00 1 5836.371
2010 02 09 12 30 00 1 5836.413
2010 02 09 12 45 00 1 5836.455
2010 02 09 13 00 00 1 5836.497
2010 02 09 13 15 00 1 5836.538
2010 02 09 13 30 00 1 5836.576
2010 02 09 13 45 00 1 5836.611
2010 02 09 14 00 00 1 5836.645
2010 02 09 14 15 00 1 5836.673
2010 02 09 14 30 00 1 5836.700
2010 02 09 14 45 00 1 5836.719
2010 02 09 15 00 00 1 5836.736
2010 02 09 15 15 00 1 5836.744
2010 02 09 15 30 00 1 5836.748
2010 02 09 15 45 00 1 5836.749
2010 02 09 16 00 00 1 5836.746
2010 02 09 16 15 00 1 5836.740
2010 02 09 16 30 00 1 5836.727
2010 02 09 16 45 00 1 5836.710
2010 02 09 17 00 00 1 5836.689
2010 02 09 17 15 00 1 5836.663
2010 02 09 17 30 00 1 5836.633
2010 02 09 17 45 00 1 5836.598
2010 02 09 18 00 00 1 5836.562
2010 02 09 18 15 00 1 5836.524
2010 02 09 18 30 00 1 5836.483
2010 02 09 18 45 00 1 5836.446
2010 02 09 19 00 00 1 5836.405
2010 02 09 19 15 00 1 5836.368
2010 02 09 19 30 00 1 5836.332
2010 02 09 19 45 00 1 5836.296
2010 02 09 20 00 00 1 5836.265
2010 02 09 20 15 00 1 5836.234
2010 02 09 20 30 00 1 5836.212
2010 02 09 20 45 00 1 5836.188
2010 02 09 21 00 00 1 5836.171
2010 02 09 21 15 00 1 5836.157
2010 02 09 21 30 00 1 5836.151
2010 02 09 21 45 00 1 5836.153
2010 02 09 22 00 00 1 5836.158
2010 02 09 22 15 00 1 5836.167
2010 02 09 22 30 00 1 5836.181
2010 02 09 22 45 00 1 5836.203
2010 02 09 23 00 00 1 5836.228
2010 02 09 23 15 00 1 5836.256
2010 02 09 23 30 00 1 5836.289
2010 02 09 23 45 00 1 5836.323
2010 02 10 00 00 00 1 5836.360
2010 02 10 00 15 00 1 5836.402
2010 02 10 00 30 00 1 5836.445
2010 02 10 00 45 00 1 5836.488
2010 02 10 01 00 00 1 5836.531
2010 02 10 01 15 00 1 5836.570
2010 02 10 01 30 00 1 5836.611
2010 02 10 01 45 00 1 5836.647
2010 02 10 02 00 00 1 5836.683
2010 02 10 02 15 00 1 5836.716
2010 02 10 02 30 00 1 5836.743
2010 02 10 02 45 00 1 5836.770
2010 02 10 03 00 00 1 5836.791
2010 02 10 03 15 00 1 5836.808
2010 02 10 03 30 00 1 5836.819
2010 02 10 03 45 00 1 5836.823
2010 02 10 04 00 00 1 5836.822
2010 02 10 04 15 00 1 5836.814
2010 02 10 04 30 00 1 5836.803
2010 02 10 04 45 00 1 5836.787
2010 02 10 05 00 00 1 5836.767
2010 02 10 05 15 00 1 5836.743
2010 02 10 05 30 00 1 5836.715
2010 02 10 05 45 00 1 5836.681
2010 02 10 06 00 00 1 5836.645
2010 02 10 06 15 00 1 5836.606
2010 02 10 06 30 00 1 5836.564
2010 02 10 06 45 00 1 5836.521
2010 02 10 07 00 00 1 5836.474
2010 02 10 07 15 00 1 5836.431
2010 02 10 07 30 00 1 5836.388
2010 02 10 07 45 00 1 5836.344
2010 02 10 08 00 00 1 5836.302
2010 02 10 08 15 00 1 5836.262
2010 02 10 08 30 00 1 5836.228
2010 02 10 08 45 00 1 5836.195
2010 02 10 09 00 00 1 5836.165
2010 02 10 09 15 00 1 5836.140
2010 02 10 09 30 00 1 5836.120
2010 02 10 09 45 00 1 5836.103
2010 02 10 10 00 00 1 5836.091
2010 02 10 10 15 00 1 5836.086
2010 02 10 10 30 00 1 5836.085
2010 02 10 10 45 00 1 5836.093
2010 02 10 11 00 00 1 5836.103
2010 02 10 11 15 00 1 5836.119
2010 02 10 11 30 00 1 5836.137
2010 02 10 11 45 00 1 5836.158
2010 02 10 12 00 00 1 5836.185
2010 02 10 12 15 00 1 5836.218
2010 02 10 12 30 00 1 5836.250
2010 02 10 12 45 00 1 5836.286
2010 02 10 13 00 00 1 5836.322
2010 02 10 13 15 00 1 5836.364
2010 02 10 13 30 00 1 5836.405
2010 02 10 13 45 00 1 5836.446
2010 02 10 14 00 00 1 5836.487
2010 02 10 14 15 00 1 5836.525
2010 02 10 14 30 00 1 5836.561
2010 02 10 14 45 00 1 5836.594
2010 02 10 15 00 00 1 5836.625
2010 02 10 15 15 00 1 5836.652
2010 02 10 15 30 00 1 5836.673
2010 02 10 15 45 00 1 5836.694
2010 02 10 16 00 00 1 5836.713
2010 02 10 16 15 00 1 5836.728
2010 02 10 16 30 00 1 5836.735
2010 02 10 16 45 00 1 5836.736
2010 02 10 17 00 00 1 5836.735
2010 02 10 17 15 00 1 5836.729
2010 02 10 17 30 00 1 5836.717
2010 02 10 17 45 00 1 5836.701
2010 02 10 18 00 00 1 5836.680
2010 02 10 18 15 00 1 5836.657
2010 02 10 18 30 00 1 5836.633
2010 02 10 18 45 00 1 5836.601
2010 02 10 19 00 00 1 5836.569
2010 02 10 19 15 00 1 5836.530
2010 02 10 19 30 00 1 5836.491
2010 02 10 19 45 00 1 5836.453
2010 02 10 20 00 00 1 5836.415
2010 02 10 20 15 00 1 5836.378
2010 02 10 20 30 00 1 5836.342
2010 02 10 20 45 00 1 5836.306
2010 02 10 21 00 00 1 5836.275
2010 02 10 21 15 00 1 5836.244
2010 02 10 21 30 00 1 5836.219
2010 02 10 21 45 00 1 5836.198
2010 02 10 22 00 00 1 5836.182
2010 02 10 22 15 00 1 5836.170
2010 02 10 22 30 00 1 5836.160
2010 02 10 22 45 00 1 5836.157
2010 02 10 23 00 00 1 5836.159
2010 02 10 23 15 00 1 5836.168
2010 02 10 23 30 00 1 5836.182
2010 02 10 23 45 00 1 5836.198
2010 02 11 00 00 00 1 5836.222
2010 02 11 00 15 00 1 5836.248
2010 02 11 00 30 00 1 5836.280
2010 02 11 00 45 00 1 5836.311
2010 02 11 01 00 00 1 5836.347
2010 02 11 01 15 00 1 5836.386
2010 02 11 01 30 00 1 5836.422
2010 02 11 01 45 00 1 5836.461
2010 02 11 02 00 00 1 5836.501
2010 02 11 02 15 00 1 5836.539
2010 02 11 02 30 00 1 5836.578
2010 02 11 02 45 00 1 5836.616
2010 02 11 03 00 00 1 5836.651
2010 02 11 03 15 00 1 5836.682
2010 02 11 03 30 00 1 5836.708
2010 02 11 03 45 00 1 5836.733
2010 02 11 04 00 00 1 5836.750
2010 02 11 04 15 00 1 5836.766
2010 02 11 04 30 00 1 5836.776
2010 02 11 04 45 00 1 5836.777
2010 02 11 05 00 00 1 5836.778
2010 02 11 05 15 00 1 5836.774
2010 02 11 05 30 00 1 5836.766
2010 02 11 05 45 00 1 5836.751
2010 02 11 06 00 00 1 5836.734
2010 02 11 06 15 00 1 5836.713
2010 02 11 06 30 00 1 5836.685
2010 02 11 06 45 00 1 5836.656
2010 02 11 07 00 00 1 5836.620
2010 02 11 07 15 00 1 5836.582
2010 02 11 07 30 00 1 5836.545
2010 02 11 07 45 00 1 5836.502
2010 02 11 08 00 00 1 5836.459
2010 02 11 08 15 00 1 5836.417
2010 02 11 08 30 00 1 5836.374
2010 02 11 08 45 00 1 5836.330
2010 02 11 09 00 00 1 5836.290
2010 02 11 09 15 00 1 5836.252
2010 02 11 09 30 00 1 5836.212
2010 02 11 09 45 00 1 5836.178
2010 02 11 10 00 00 1 5836.144
2010 02 11 10 15 00 1 5836.117
2010 02 11 10 30 00 1 5836.096
2010 02 11 10 45 00 1 5836.079
2010 02 11 11 00 00 1 5836.067
2010 02 11 11 15 00 1 5836.060
2010 02 11 11 30 00 1 5836.060
2010 02 11 11 45 00 1 5836.063
2010 02 11 12 00 00 1 5836.073
2010 02 11 12 15 00 1 5836.087
2010 02 11 12 30 00 1 5836.105
2010 02 11 12 45 00 1 5836.131
2010 02 11 13 00 00 1 5836.160
2010 02 11 13 15 00 1 5836.191
2010 02 11 13 30 00 1 5836.227
2010 02 11 13 45 00 1 5836.265
2010 02 11 14 00 00 1 5836.305
2010 02 11 14 15 00 1 5836.345
2010 02 11 14 30 00 1 5836.388
2010 02 11 14 45 00 1 5836.431
2010 02 11 15 00 00 1 5836.468
2010 02 11 15 15 00 1 5836.506
2010 02 11 15 30 00 1 5836.544
2010 02 11 15 45 00 1 5836.581
2010 02 11 16 00 00 1 5836.615
2010 02 11 16 15 00 1 5836.648
2010 02 11 16 30 00 1 5836.676
2010 02 11 16 45 00 1 5836.700
2010 02 11 17 00 00 1 5836.719
2010 02 11 17 15 00 1 5836.733
2010 02 11 17 30 00 1 5836.743
2010 02 11 17 45 00 1 5836.747
2010 02 11 18 00 00 1 5836.748
2010 02 11 18 15 00 1 5836.740
2010 02 11 18 30 00 1 5836.729
2010 02 11 18 45 00 1 5836.714
2010 02 11 19 00 00 1 5836.690
2010 02 11 19 15 00 1 5836.662
2010 02 11 19 30 00 1 5836.633
2010 02 11 19 45 00 1 5836.600
2010 02 11 20 00 00 1 5836.564
2010 02 11 20 15 00 1 5836.526
2010 02 11 20 30 00 1 5836.485
2010 02 11 20 45 00 1 5836.444
2010 02 11 21 00 00 1 5836.403
2010 02 11 21 15 00 1 5836.359
2010 02 11 21 30 00 1 5836.319
2010 02 11 21 45 00 1 5836.282
2010 02 11 22 00 00 1 5836.246
2010 02 11 22 15 00 1 5836.217
2010 02 11 22 30 00 1 5836.188
2010 02 11 22 45 00 1 5836.164
2010 02 11 23 00 00 1 5836.147
2010 02 11 23 15 00 1 5836.132
2010 02 11 23 30 00 1 5836.126
2010 02 11 23 45 00 1 5836.124
2010 02 12 00 00 00 1 5836.128
2010 02 12 00 15 00 1 5836.136
2010 02 12 00 30 00 1 5836.150
2010 02 12 00 45 00 1 5836.168
2010 02 12 01 00 00 1 5836.190
2010 02 12 01 15 00 1 5836.218
2010 02 12 01 30 00 1 5836.249
2010 02 12 01 45 00 1 5836.284
2010 02 12 02 00 00 1 5836.324
2010 02 12 02 15 00 1 5836.364
2010 02 12 02 30 00 1 5836.405
2010 02 12 02 45 00 1 5836.446
2010 02 12 03 00 00 1 5836.489
2010 02 12 03 15 00 1 5836.531
2010 02 12 03 30 00 1 5836.571
2010 02 12 03 45 00 1 5836.609
2010 02 12 04 00 00 1 5836.643
2010 02 12 04 15 00 1 5836.674
2010 02 12 04 30 00 1 5836.700
2010 02 12 04 45 00 1 5836.724
2010 02 12 05 00 00 1 5836.744
2010 02 12 05 15 00 1 5836.757
2010 02 12 05 30 00 1 5836.770
2010 02 12 05 45 00 1 5836.776
2010 02 12 06 00 00 1 5836.775
2010 02 12 06 15 00 1 5836.769
2010 02 12 06 30 00 1 5836.761
2010 02 12 06 45 00 1 5836.748
2010 02 12 07 00 00 1 5836.729
2010 02 12 07 15 00 1 5836.705
2010 02 12 07 30 00 1 5836.677
2010 02 12 07 45 00 1 5836.645
2010 02 12 08 00 00 1 5836.609
2010 02 12 08 15 00 1 5836.570
2010 02 12 08 30 00 1 5836.527
2010 02 12 08 45 00 1 5836.482
2010 02 12 09 00 00 1 5836.435
2010 02 12 09 15 00 1 5836.388
2010 02 12 09 30 00 1 5836.340
2010 02 12 09 45 00 1 5836.296
2010 02 12 10 00 00 1 5836.250
2010 02 12 10 15 00 1 5836.209
2010 02 12 10 30 00 1 5836.172
2010 02 12 10 45 00 1 5836.137
2010 02 12 11 00 00 1 5836.105
2010 02 12 11 15 00 1 5836.078
2010 02 12 11 30 00 1 5836.059
2010 02 12 11 45 00 1 5836.040
2010 02 12 12 00 00 1 5836.029
2010 02 12 12 15 00 1 5836.022
2010 02 12 12 30 00 1 5836.022
2010 02 12 12 45 00 1 5836.030
2010 02 12 13 00 00 1 5836.042
2010 02 12 13 15 00 1 5836.061
2010 02 12 13 30 00 1 5836.085
2010 02 12 13 45 00 1 5836.114
2010 02 12 14 00 00 1 5836.143
2010 02 12 14 15 00 1 5836.177
2010 02 12 14 30 00 1 5836.217
2010 02 12 14 45 00 1 5836.260
2010 02 12 15 00 00 1 5836.306
2010 02 12 15 15 00 1 5836.351
2010 02 12 15 30 00 1 5836.399
2010 02 12 15 45 00 1 5836.444
2010 02 12 16 00 00 1 5836.490
2010 02 12 16 15 00 1 5836.534
2010 02 12 16 30 00 1 5836.575
2010 02 12 16 45 00 1 5836.614
2010 02 12 17 00 00 1 5836.648
2010 02 12 17 15 00 1 5836.679
2010 02 12 17 30 00 1 5836.706
2010 02 12 17 45 00 1 5836.728
2010 02 12 18 00 00 1 5836.746
2010 02 12 18 15 00 1 5836.758
2010 02 12 18 30 00 1 5836.769
2010 02 12 18 45 00 1 5836.769
2010 02 12 19 00 00 1 5836.765
2010 02 12 19 15 00 1 5836.755
2010 02 12 19 30 00 1 5836.740
2010 02 12 19 45 00 1 5836.715
2010 02 12 20 00 00 1 5836.687
2010 02 12 20 15 00 1 5836.659
2010 02 12 20 30 00 1 5836.624
2010 02 12 20 45 00 1 5836.583
2010 02 12 21 00 00 1 5836.541
2010 02 12 21 15 00 1 5836.497
2010 02 12 21 30 00 1 5836.452
2010 02 12 21 45 00 1 5836.408
2010 02 12 22 00 00 1 5836.362
2010 02 12 22 15 00 1 5836.318
2010 02 12 22 30 00 1 5836.276
2010 02 12 22 45 00 1 5836.238
2010 02 12 23 00 00 1 5836.202
2010 02 12 23 15 00 1 5836.171
2010 02 12 23 30 00 1 5836.145
2010 02 12 23 45 00 1 5836.123
2010 02 13 00 00 00 1 5836.106
2010 02 13 00 15 00 1 5836.096
2010 02 13 00 30 00 1 5836.088
2010 02 13 00 45 00 1 5836.088
2010 02 13 01 00 00 1 5836.094
2010 02 13 01 15 00 1 5836.103
2010 02 13 01 30 00 1 5836.119
2010 02 13 01 45 00 1 5836.142
2010 02 13 02 00 00 1 5836.171
2010 02 13 02 15 00 1 5836.203
2010 02 13 02 30 00 1 5836.242
2010 02 13 02 45 00 1 5836.283
2010 02 13 03 00 00 1 5836.326
2010 02 13 03 15 00 1 5836.368
2010 02 13 03 30 00 1 5836.419
2010 02 13 03 45 00 1 5836.464
2010 02 13 04 00 00 1 5836.509
2010 02 13 04 15 00 1 5836.552
2010 02 13 04 30 00 1 5836.595
2010 02 13 04 45 00 1 5836.632
2010 02 13 05 00 00 1 5836.669
2010 02 13 05 15 00 1 5836.707
2010 02 13 05 30 00 1 5836.735
2010 02 13 05 45 00 1 5836.760
2010 02 13 06 00 00 1 5836.782
2010 02 13 06 15 00 1 5836.797
2010 02 13 06 30 00 1 5836.805
2010 02 13 06 45 00 1 5836.809
2010 02 13 07 00 00 1 5836.807
2010 02 13 07 15 00 1 5836.800
2010 02 13 07 30 00 1 5836.786
2010 02 13 07 45 00 1 5836.763
2010 02 13 08 00 00 1 5836.741
2010 02 13 08 15 00 1 5836.711
2010 02 13 08 30 00 1 5836.673
2010 02 13 08 45 00 1 5836.637
2010 02 13 09 00 00 1 5836.596
2010 02 13 09 15 00 1 5836.550
2010 02 13 09 30 00 1 5836.502
2010 02 13 09 45 00 1 5836.449
2010 02 13 10 00 00 1 5836.397
2010 02 13 10 15 00 1 5836.344
2010 02 13 10 30 00 1 5836.297
2010 02 13 10 45 00 1 5836.249
2010 02 13 11 00 00 1 5836.203
2010 02 13 11 15 00 1 5836.161
2010 02 13 11 30 00 1 5836.121
2010 02 13 11 45 00 1 5836.087
2010 02 13 12 00 00 1 5836.060
2010 02 13 12 15 00 1 5836.033
2010 02 13 12 30 00 1 5836.015
2010 02 13 12 45 00 1 5836.003
2010 02 13 13 00 00 1 5835.998
2010 02 13 13 15 00 1 5835.999
2010 02 13 13 30 00 1 5836.006
2010 02 13 13 45 00 1 5836.019
2010 02 13 14 00 00 1 5836.038
2010 02 13 14 15 00 1 5836.063
2010 02 13 14 30 00 1 5836.092
2010 02 13 14 45 00 1 5836.128
2010 02 13 15 00 00 1 5836.167
2010 02 13 15 15 00 1 5836.209
2010 02 13 15 30 00 1 5836.258
2010 02 13 15 45 00 1 5836.307
2010 02 13 16 00 00 1 5836.356
2010 02 13 16 15 00 1 5836.410
2010 02 13 16 30 00 1 5836.460
2010 02 13 16 45 00 1 5836.513
2010 02 13 17 00 00 1 5836.563
2010 02 13 17 15 00 1 5836.608
2010 02 13 17 30 00 1 5836.651
2010 02 13 17 45 00 1 5836.688
2010 02 13 18 00 00 1 5836.723
2010 02 13 18 15 00 1 5836.754
2010 02 13 18 30 00 1 5836.778
2010 02 13 18 45 00 1 5836.798
2010 02 13 19 00 00 1 5836.809
2010 02 13 19 15 00 1 5836.818
2010 02 13 19 30 00 1 5836.819
2010 02 13 19 45 00 1 5836.811
2010 02 13 20 00 00 1 5836.799
2010 02 13 20 15 00 1 5836.781
2010 02 13 20 30 00 1 5836.756
2010 02 13 20 45 00 1 5836.723
2010 02 13 21 00 00 1 5836.686
2010 02 13 21 15 00 1 5836.644
2010 02 13 21 30 00 1 5836.598
2010 02 13 21 45 00 1 5836.552
2010 02 13 22 00 00 1 5836.503
2010 02 13 22 15 00 1 5836.455
2010 02 13 22 30 00 1 5836.405
2010 02 13 22 45 00 1 5836.355
2010 02 13 23 00 00 1 5836.307
2010 02 13 23 15 00 1 5836.262
2010 02 13 23 30 00 1 5836.221
2010 02 13 23 45 00 1 5836.184
2010 02 14 00 00 00 1 5836.149
2010 02 14 00 15 00 1 5836.118
2010 02 14 00 30 00 1 5836.097
2010 02 14 00 45 00 1 5836.075
2010 02 14 01 00 00 1 5836.060
2010 02 14 01 15 00 1 5836.053
2010 02 14 01 30 00 1 5836.051
2010 02 14 01 45 00 1 5836.054
2010 02 14 02 00 00 1 5836.064
2010 02 14 02 15 00 1 5836.081
2010 02 14 02 30 00 1 5836.106
2010 02 14 02 45 00 1 5836.139
2010 02 14 03 00 00 1 5836.173
2010 02 14 03 15 00 1 5836.214
2010 02 14 03 30 00 1 5836.258
2010 02 14 03 45 00 1 5836.306
2010 02 14 04 00 00 1 5836.355
2010 02 14 04 15 00 1 5836.406
2010 02 14 04 30 00 1 5836.454
2010 02 14 04 45 00 1 5836.505
2010 02 14 05 00 00 1 5836.554
2010 02 14 05 15 00 1 5836.602
2010 02 14 05 30 00 1 5836.647
2010 02 14 05 45 00 1 5836.686
2010 02 14 06 00 00 1 5836.724
2010 02 14 06 15 00 1 5836.756
2010 02 14 06 30 00 1 5836.783
2010 02 14 06 45 00 1 5836.807
2010 02 14 07 00 00 1 5836.824
2010 02 14 07 15 00 1 5836.835
2010 02 14 07 30 00 1 5836.842
2010 02 14 07 45 00 1 5836.839
2010 02 14 08 00 00 1 5836.831
2010 02 14 08 15 00 1 5836.815
2010 02 14 08 30 00 1 5836.794
2010 02 14 08 45 00 1 5836.766
2010 02 14 09 00 00 1 5836.732
2010 02 14 09 15 00 1 5836.692
2010 02 14 09 30 00 1 5836.648
2010 02 14 09 45 00 1 5836.602
2010 02 14 10 00 00 1 5836.551
2010 02 14 10 15 00 1 5836.498
2010 02 14 10 30 00 1 5836.446
2010 02 14 10 45 00 1 5836.390
2010 02 14 11 00 00 1 5836.336
2010 02 14 11 15 00 1 5836.283
2010 02 14 11 30 00 1 5836.233
2010 02 14 11 45 00 1 5836.186
2010 02 14 12 00 00 1 5836.142
2010 02 14 12 15 00 1 5836.104
2010 02 14 12 30 00 1 5836.069
2010 02 14 12 45 00 1 5836.038
2010 02 14 13 00 00 1 5836.016
2010 02 14 13 15 00 1 5835.998
2010 02 14 13 30 00 1 5835.989
2010 02 14 13 45 00 1 5835.980
2010 02 14 14 00 00 1 5835.982
2010 02 14 14 15 00 1 5835.991
2010 02 14 14 30 00 1 5836.009
2010 02 14 14 45 00 1 5836.034
2010 02 14 15 00 00 1 5836.062
2010 02 14 15 15 00 1 5836.094
2010 02 14 15 30 00 1 5836.136
2010 02 14 15 45 00 1 5836.179
2010 02 14 16 00 00 1 5836.230
2010 02 14 16 15 00 1 5836.283
2010 02 14 16 30 00 1 5836.336
2010 02 14 16 45 00 1 5836.394
2010 02 14 17 00 00 1 5836.450
2010 02 14 17 15 00 1 5836.507
2010 02 14 17 30 00 1 5836.565
2010 02 14 17 45 00 1 5836.617
2010 02 14 18 00 00 1 5836.669
2010 02 14 18 15 00 1 5836.715
2010 02 14 18 30 00 1 5836.755
2010 02 14 18 45 00 1 5836.795
2010 02 14 19 00 00 1 5836.826
2010 02 14 19 15 00 1 5836.851
2010 02 14 19 30 00 1 5836.867
2010 02 14 19 45 00 1 5836.877
2010 02 14 20 00 00 1 5836.882
2010 02 14 20 15 00 1 5836.878
2010 02 14 20 30 00 1 5836.868
2010 02 14 20 45 00 1 5836.850
2010 02 14 21 00 00 1 5836.825
2010 02 14 21 15 00 1 5836.792
2010 02 14 21 30 00 1 5836.753
2010 02 14 21 45 00 1 5836.712
2010 02 14 22 00 00 1 5836.663
2010 02 14 22 15 00 1 5836.614
2010 02 14 22 30 00 1 5836.562
2010 02 14 22 45 00 1 5836.509
2010 02 14 23 00 00 1 5836.455
2010 02 14 23 15 00 1 5836.400
2010 02 14 23 30 00 1 5836.349
2010 02 14 23 45 00 1 5836.301
2010 02 15 00 00 00 1 5836.253
2010 02 15 00 15 00 1 5836.207
2010 02 15 00 30 00 1 5836.165
2010 02 15 00 45 00 1 5836.128
2010 02 15 01 00 00 1 5836.095
2010 02 15 01 15 00 1 5836.069
2010 02 15 01 30 00 1 5836.046
2010 02 15 01 45 00 1 5836.031
2010 02 15 02 00 00 1 5836.024
2010 02 15 02 15 00 1 5836.024
2010 02 15 02 30 00 1 5836.030
2010 02 15 02 45 00 1 5836.047
2010 02 15 03 00 00 1 5836.067
2010 02 15 03 15 00 1 5836.096
2010 02 15 03 30 00 1 5836.131
2010 02 15 03 45 00 1 5836.171
2010 02 15 04 00 00 1 5836.218
2010 02 15 04 15 00 1 5836.266
2010 02 15 04 30 00 1 5836.315
2010 02 15 04 45 00 1 5836.372
2010 02 15 05 00 00 1 5836.424
2010 02 15 05 15 00 1 5836.479
2010 02 15 05 30 00 1 5836.533
2010 02 15 05 45 00 1 5836.588
2010 02 15 06 00 00 1 5836.638
2010 02 15 06 15 00 1 5836.686
2010 02 15 06 30 00 1 5836.732
2010 02 15 06 45 00 1 5836.768
2010 02 15 07 00 00 1 5836.804
2010 02 15 07 15 00 1 5836.835
2010 02 15 07 30 00 1 5836.858
2010 02 15 07 45 00 1 5836.875
2010 02 15 08 00 00 1 5836.884
2010 02 15 08 15 00 1 5836.886
2010 02 15 08 30 00 1 5836.878
2010 02 15 08 45 00 1 5836.866
2010 02 15 09 00 00 1 5836.846
2010 02 15 09 15 00 1 5836.820
2010 02 15 09 30 00 1 5836.784
2010 02 15 09 45 00 1 5836.744
2010 02 15 10 00 00 1 5836.700
2010 02 15 10 15 00 1 5836.652
2010 02 15 10 30 00 1 5836.601
2010 02 15 10 45 00 1 5836.547
2010 02 15 11 00 00 1 5836.493
2010 02 15 11 15 00 1 5836.434
2010 02 15 11 30 00 1 5836.377
2010 02 15 11 45 00 1 5836.319
2010 02 15 12 00 00 1 5836.263
2010 02 15 12 15 00 1 5836.212
2010 02 15 12 30 00 1 5836.163
2010 02 15 12 45 00 1 5836.119
2010 02 15 13 00 00 1 5836.080
2010 02 15 13 15 00 1 5836.047
2010 02 15 13 30 00 1 5836.016
2010 02 15 13 45 00 1 5835.991
2010 02 15 14 00 00 1 5835.976
2010 02 15 14 15 00 1 5835.967
2010 02 15 14 30 00 1 5835.966
2010 02 15 14 45 00 1 5835.971
2010 02 15 15 00 00 1 5835.985
2010 02 15 15 15 00 1 5836.006
2010 02 15 15 30 00 1 5836.034
2010 02 15 15 45 00 1 5836.067
2010 02 15 16 00 00 1 5836.107
2010 02 15 16 15 00 1 5836.156
2010 02 15 16 30 00 1 5836.205
2010 02 15 16 45 00 1 5836.262
2010 02 15 17 00 00 1 5836.321
2010 02 15 17 15 00 1 5836.383
2010 02 15 17 30 00 1 5836.442
2010 02 15 17 45 00 1 5836.506
2010 02 15 18 00 00 1 5836.567
2010 02 15 18 15 00 1 5836.627
2010 02 15 18 30 00 1 5836.680
2010 02 15 18 45 00 1 5836.732
2010 02 15 19 00 00 1 5836.775
2010 02 15 19 15 00 1 5836.816
2010 02 15 19 30 00 1 5836.850
2010 02 15 19 45 00 1 5836.879
2010 02 15 20 00 00 1 5836.899
2010 02 15 20 15 00 1 5836.913
2010 02 15 20 30 00 1 5836.917
2010 02 15 20 45 00 1 5836.920
2010 02 15 21 00 00 1 5836.908
2010 02 15 21 15 00 1 5836.890
2010 02 15 21 30 00 1 5836.864
2010 02 15 21 45 00 1 5836.832
2010 02 15 22 00 00 1 5836.793
2010 02 15 22 15 00 1 5836.747
2010 02 15 22 30 00 1 5836.698
2010 02 15 22 45 00 1 5836.648
2010 02 15 23 00 00 1 5836.595
2010 02 15 23 15 00 1 5836.540
2010 02 15 23 30 00 1 5836.482
2010 02 15 23 45 00 1 5836.422
2010 02 16 00 00 00 1 5836.364
2010 02 16 00 15 00 1 5836.309
2010 02 16 00 30 00 1 5836.254
2010 02 16 00 45 00 1 5836.200
2010 02 16 01 00 00 1 5836.152
2010 02 16 01 15 00 1 5836.109
2010 02 16 01 30 00 1 5836.070
2010 02 16 01 45 00 1 5836.036
2010 02 16 02 00 00 1 5836.007
2010 02 16 02 15 00 1 5835.991
2010 02 16 02 30 00 1 5835.978
2010 02 16 02 45 00 1 5835.977
2010 02 16 03 00 00 1 5835.981
2010 02 16 03 15 00 1 5835.993
2010 02 16 03 30 00 1 5836.011
2010 02 16 03 45 00 1 5836.039
2010 02 16 04 00 00 1 5836.072
2010 02 16 04 15 00 1 5836.112
2010 02 16 04 30 00 1 5836.157
2010 02 16 04 45 00 1 5836.204
2010 02 16 05 00 00 1 5836.260
2010 02 16 05 15 00 1 5836.319
2010 02 16 05 30 00 1 5836.378
2010 02 16 05 45 00 1 5836.440
2010 02 16 06 00 00 1 5836.500
2010 02 16 06 15 00 1 5836.558
2010 02 16 06 30 00 1 5836.615
2010 02 16 06 45 00 1 5836.672
2010 02 16 07 00 00 1 5836.724
2010 02 16 07 15 00 1 5836.769
2010 02 16 07 30 00 1 5836.811
2010 02 16 07 45 00 1 5836.845
2010 02 16 08 00 00 1 5836.871
2010 02 16 08 15 00 1 5836.891
2010 02 16 08 30 00 1 5836.903
2010 02 16 08 45 00 1 5836.907
2010 02 16 09 00 00 1 5836.909
2010 02 16 09 15 00 1 5836.897
2010 02 16 09 30 00 1 5836.881
2010 02 16 09 45 00 1 5836.854
2010 02 16 10 00 00 1 5836.821
2010 02 16 10 15 00 1 5836.787
2010 02 16 10 30 00 1 5836.741
2010 02 16 10 45 00 1 5836.697
2010 02 16 11 00 00 1 5836.642
2010 02 16 11 15 00 1 5836.586
2010 02 16 11 30 00 1 5836.529
2010 02 16 11 45 00 1 5836.466
2010 02 16 12 00 00 1 5836.408
2010 02 16 12 15 00 1 5836.347
2010 02 16 12 30 00 1 5836.289
2010 02 16 12 45 00 1 5836.234
2010 02 16 13 00 00 1 5836.184
2010 02 16 13 15 00 1 5836.134
2010 02 16 13 30 00 1 5836.087
2010 02 16 13 45 00 1 5836.046
2010 02 16 14 00 00 1 5836.013
2010 02 16 14 15 00 1 5835.984
2010 02 16 14 30 00 1 5835.964
2010 02 16 14 45 00 1 5835.950
2010 02 16 15 00 00 1 5835.948
2010 02 16 15 15 00 1 5835.950
2010 02 16 15 30 00 1 5835.962
2010 02 16 15 45 00 1 5835.983
2010 02 16 16 00 00 1 5836.012
2010 02 16 16 15 00 1 5836.048
2010 02 16 16 30 00 1 5836.091
2010 02 16 16 45 00 1 5836.140
2010 02 16 17 00 00 1 5836.194
2010 02 16 17 15 00 1 5836.251
2010 02 16 17 30 00 1 5836.312
2010 02 16 17 45 00 1 5836.376
2010 02 16 18 00 00 1 5836.442
2010 02 16 18 15 00 1 5836.508
2010 02 16 18 30 00 1 5836.573
2010 02 16 18 45 00 1 5836.635
2010 02 16 19 00 00 1 5836.691
2010 02 16 19 15 00 1 5836.741
2010 02 16 19 30 00 1 5836.791
2010 02 16 19 45 00 1 5836.835
2010 02 16 20 00 00 1 5836.876
2010 02 16 20 15 00 1 5836.908
2010 02 16 20 30 00 1 5836.930
2010 02 16 20 45 00 1 5836.948
2010 02 16 21 00 00 1 5836.955
2010 02 16 21 15 00 1 5836.955
2010 02 16 21 30 00 1 5836.947
2010 02 16 21 45 00 1 5836.929
2010 02 16 22 00 00 1 5836.909
2010 02 16 22 15 00 1 5836.873
2010 02 16 22 30 00 1 5836.838
2010 02 16 22 45 00 1 5836.794
2010 02 16 23 00 00 1 5836.744
2010 02 16 23 15 00 1 5836.692
2010 02 16 23 30 00 1 5836.634
2010 02 16 23 45 00 1 5836.576
2010 02 17 00 00 00 1 5836.518
2010 02 17 00 15 00 1 5836.457
2010 02 17 00 30 00 1 5836.395
2010 02 17 00 45 00 1 5836.335
2010 02 17 01 00 00 1 5836.273
2010 02 17 01 15 00 1 5836.216
2010 02 17 01 30 00 1 5836.162
2010 02 17 01 45 00 1 5836.111
2010 02 17 02 00 00 1 5836.065
2010 02 17 02 15 00 1 5836.028
2010 02 17 02 30 00 1 5835.999
2010 02 17 02 45 00 1 5835.974
2010 02 17 03 00 00 1 5835.961
2010 02 17 03 15 00 1 5835.955
2010 02 17 03 30 00 1 5835.956
2010 02 17 03 45 00 1 5835.967
2010 02 17 04 00 00 1 5835.984
2010 02 17 04 15 00 1 5836.006
2010 02 17 04 30 00 1 5836.038
2010 02 17 04 45 00 1 5836.076
2010 02 17 05 00 00 1 5836.117
2010 02 17 05 15 00 1 5836.170
2010 02 17 05 30 00 1 5836.223
2010 02 17 05 45 00 1 5836.281
2010 02 17 06 00 00 1 5836.343
2010 02 17 06 15 00 1 5836.408
2010 02 17 06 30 00 1 5836.470
2010 02 17 06 45 00 1 5836.532
2010 02 17 07 00 00 1 5836.595
2010 02 17 07 15 00 1 5836.657
2010 02 17 07 30 00 1 5836.714
2010 02 17 07 45 00 1 5836.764
2010 02 17 08 00 00 1 5836.808
2010 02 17 08 15 00 1 5836.846
2010 02 17 08 30 00 1 5836.877
2010 02 17 08 45 00 1 5836.898
2010 02 17 09 00 00 1 5836.917
2010 02 17 09 15 00 1 5836.923
2010 02 17 09 30 00 1 5836.924
2010 02 17 09 45 00 1 5836.917
2010 02 17 10 00 00 1 5836.907
2010 02 17 10 15 00 1 5836.881
2010 02 17 10 30 00 1 5836.855
2010 02 17 10 45 00 1 5836.818
2010 02 17 11 00 00 1 5836.776
2010 02 17 11 15 00 1 5836.727
2010 02 17 11 30 00 1 5836.673
2010 02 17 11 45 00 1 5836.615
2010 02 17 12 00 00 1 5836.557
2010 02 17 12 15 00 1 5836.497
2010 02 17 12 30 00 1 5836.435
2010 02 17 12 45 00 1 5836.376
2010 02 17 13 00 00 1 5836.316
2010 02 17 13 15 00 1 5836.257
2010 02 17 13 30 00 1 5836.200
2010 02 17 13 45 00 1 5836.144
2010 02 17 14 00 00 1 5836.097
2010 02 17 14 15 00 1 5836.055
2010 02 17 14 30 00 1 5836.018
2010 02 17 14 45 00 1 5835.988
2010 02 17 15 00 00 1 5835.966
2010 02 17 15 15 00 1 5835.951
2010 02 17 15 30 00 1 5835.947
2010 02 17 15 45 00 1 5835.949
2010 02 17 16 00 00 1 5835.963
2010 02 17 16 15 00 1 5835.983
2010 02 17 16 30 00 1 5836.010
2010 02 17 16 45 00 1 5836.046
2010 02 17 17 00 00 1 5836.085
2010 02 17 17 15 00 1 5836.132
2010 02 17 17 30 00 1 5836.186
2010 02 17 17 45 00 1 5836.244
2010 02 17 18 00 00 1 5836.309
2010 02 17 18 15 00 1 5836.374
2010 02 17 18 30 00 1 5836.440
2010 02 17 18 45 00 1 5836.506
2010 02 17 19 00 00 1 5836.572
2010 02 17 19 15 00 1 5836.637
2010 02 17 19 30 00 1 5836.696
2010 02 17 19 45 00 1 5836.753
2010 02 17 20 00 00 1 5836.807
2010 02 17 20 15 00 1 5836.855
2010 02 17 20 30 00 1 5836.897
2010 02 17 20 45 00 1 5836.931
2010 02 17 21 00 00 1 5836.959
2010 02 17 21 15 00 1 5836.977
2010 02 17 21 30 00 1 5836.988
2010 02 17 21 45 00 1 5836.988
2010 02 17 22 00 00 1 5836.983
2010 02 17 22 15 00 1 5836.967
2010 02 17 22 30 00 1 5836.943
2010 02 17 22 45 00 1 5836.912
2010 02 17 23 00 00 1 5836.876
2010 02 17 23 15 00 1 5836.833
2010 02 17 23 30 00 1 5836.783
2010 02 17 23 45 00 1 5836.730
2010 02 18 00 00 00 1 5836.672
2010 02 18 00 15 00 1 5836.611
2010 02 18 00 30 00 1 5836.549
2010 02 18 00 45 00 1 5836.482
2010 02 18 01 00 00 1 5836.417
2010 02 18 01 15 00 1 5836.354
2010 02 18 01 30 00 1 5836.291
2010 02 18 01 45 00 1 5836.229
2010 02 18 02 00 00 1 5836.171
2010 02 18 02 15 00 1 5836.116
2010 02 18 02 30 00 1 5836.068
2010 02 18 02 45 00 1 5836.028
2010 02 18 03 00 00 1 5835.991
2010 02 18 03 15 00 1 5835.966
2010 02 18 03 30 00 1 5835.947
2010 02 18 03 45 00 1 5835.937
2010 02 18 04 00 00 1 5835.937
2010 02 18 04 15 00 1 5835.942
2010 02 18 04 30 00 1 5835.956
2010 02 18 04 45 00 1 5835.978
2010 02 18 05 00 00 1 5836.008
2010 02 18 05 15 00 1 5836.046
2010 02 18 05 30 00 1 5836.091
2010 02 18 05 45 00 1 5836.141
2010 02 18 06 00 00 1 5836.197
2010 02 18 06 15 00 1 5836.256
2010 02 18 06 30 00 1 5836.319
2010 02 18 06 45 00 1 5836.381
2010 02 18 07 00 00 1 5836.447
2010 02 18 07 15 00 1 5836.513
2010 02 18 07 30 00 1 5836.577
2010 02 18 07 45 00 1 5836.638
2010 02 18 08 00 00 1 5836.698
2010 02 18 08 15 00 1 5836.749
2010 02 18 08 30 00 1 5836.797
2010 02 18 08 45 00 1 5836.839
2010 02 18 09 00 00 1 5836.874
2010 02 18 09 15 00 1 5836.901
2010 02 18 09 30 00 1 5836.921
2010 02 18 09 45 00 1 5836.932
2010 02 18 10 00 00 1 5836.934
2010 02 18 10 15 00 1 5836.927
2010 02 18 10 30 00 1 5836.915
2010 02 18 10 45 00 1 5836.892
2010 02 18 11 00 00 1 5836.864
2010 02 18 11 15 00 1 5836.830
2010 02 18 11 30 00 1 5836.788
2010 02 18 11 45 00 1 5836.740
2010 02 18 12 00 00 1 5836.689
2010 02 18 12 15 00 1 5836.636
2010 02 18 12 30 00 1 5836.579
2010 02 18 12 45 00 1 5836.519
2010 02 18 13 00 00 1 5836.455
2010 02 18 13 15 00 1 5836.395
2010 02 18 13 30 00 1 5836.332
2010 02 18 13 45 00 1 5836.273
2010 02 18 14 00 00 1 5836.213
2010 02 18 14 15 00 1 5836.160
2010 02 18 14 30 00 1 5836.111
2010 02 18 14 45 00 1 5836.067
2010 02 18 15 00 00 1 5836.026
2010 02 18 15 15 00 1 5835.994
2010 02 18 15 30 00 1 5835.967
2010 02 18 15 45 00 1 5835.950
2010 02 18 16 00 00 1 5835.943
2010 02 18 16 15 00 1 5835.943
2010 02 18 16 30 00 1 5835.953
2010 02 18 16 45 00 1 5835.971
2010 02 18 17 00 00 1 5835.999
2010 02 18 17 15 00 1 5836.034
2010 02 18 17 30 00 1 5836.073
2010 02 18 17 45 00 1 5836.121
2010 02 18 18 00 00 1 5836.173
2010 02 18 18 15 00 1 5836.233
2010 02 18 18 30 00 1 5836.292
2010 02 18 18 45 00 1 5836.355
2010 02 18 19 00 00 1 5836.419
2010 02 18 19 15 00 1 5836.484
2010 02 18 19 30 00 1 5836.552
2010 02 18 19 45 00 1 5836.616
2010 02 18 20 00 00 1 5836.680
2010 02 18 20 15 00 1 5836.739
2010 02 18 20 30 00 1 5836.793
2010 02 18 20 45 00 1 5836.844
2010 02 18 21 00 00 1 5836.888
2010 02 18 21 15 00 1 5836.922
2010 02 18 21 30 00 1 5836.950
2010 02 18 21 45 00 1 5836.968
2010 02 18 22 00 00 1 5836.985
2010 02 18 22 15 00 1 5836.989
2010 02 18 22 30 00 1 5836.984
2010 02 18 22 45 00 1 5836.970
2010 02 18 23 00 00 1 5836.951
2010 02 18 23 15 00 1 5836.924
2010 02 18 23 30 00 1 5836.888
2010 02 18 23 45 00 1 5836.846
2010 02 19 00 00 00 1 5836.797
2010 02 19 00 15 00 1 5836.744
2010 02 19 00 30 00 1 5836.688
2010 02 19 00 45 00 1 5836.624
2010 02 19 01 00 00 1 5836.560
2010 02 19 01 15 00 1 5836.493
2010 02 19 01 30 00 1 5836.428
2010 02 19 01 45 00 1 5836.361
2010 02 19 02 00 00 1 5836.297
2010 02 19 02 15 00 1 5836.233
2010 02 19 02 30 00 1 5836.177
2010 02 19 02 45 00 1 5836.122
2010 02 19 03 00 00 1 5836.071
2010 02 19 03 15 00 1 5836.025
2010 02 19 03 30 00 1 5835.986
2010 02 19 03 45 00 1 5835.956
2010 02 19 04 00 00 1 5835.931
2010 02 19 04 15 00 1 5835.918
2010 02 19 04 30 00 1 5835.912
2010 02 19 04 45 00 1 5835.915
2010 02 19 05 00 00 1 5835.925
2010 02 19 05 15 00 1 5835.946
2010 02 19 05 30 00 1 5835.974
2010 02 19 05 45 00 1 5836.010
2010 02 19 06 00 00 1 5836.050
2010 02 19 06 15 00 1 5836.097
2010 02 19 06 30 00 1 5836.152
2010 02 19 06 45 00 1 5836.210
2010 02 19 07 00 00 1 5836.273
2010 02 19 07 15 00 1 5836.338
2010 02 19 07 30 00 1 5836.404
2010 02 19 07 45 00 1 5836.471
2010 02 19 08 00 00 1 5836.536
2010 02 19 08 15 00 1 5836.598
2010 02 19 08 30 00 1 5836.659
2010 02 19 08 45 00 1 5836.713
2010 02 19 09 00 00 1 5836.761
2010 02 19 09 15 00 1 5836.805
2010 02 19 09 30 00 1 5836.841
2010 02 19 09 45 00 1 5836.873
2010 02 19 10 00 00 1 5836.897
2010 02 19 10 15 00 1 5836.911
2010 02 19 10 30 00 1 5836.919
2010 02 19 10 45 00 1 5836.920
2010 02 19 11 00 00 1 5836.909
2010 02 19 11 15 00 1 5836.893
2010 02 19 11 30 00 1 5836.868
2010 02 19 11 45 00 1 5836.837
2010 02 19 12 00 00 1 5836.799
2010 02 19 12 15 00 1 5836.757
2010 02 19 12 30 00 1 5836.709
2010 02 19 12 45 00 1 5836.657
2010 02 19 13 00 00 1 5836.601
2010 02 19 13 15 00 1 5836.543
2010 02 19 13 30 00 1 5836.482
2010 02 19 13 45 00 1 5836.418
2010 02 19 14 00 00 1 5836.357
2010 02 19 14 15 00 1 5836.297
2010 02 19 14 30 00 1 5836.239
2010 02 19 14 45 00 1 5836.183
2010 02 19 15 00 00 1 5836.133
2010 02 19 15 15 00 1 5836.089
2010 02 19 15 30 00 1 5836.048
2010 02 19 15 45 00 1 5836.015
2010 02 19 16 00 00 1 5835.986
2010 02 19 16 15 00 1 5835.968
2010 02 19 16 30 00 1 5835.961
2010 02 19 16 45 00 1 5835.962
2010 02 19 17 00 00 1 5835.970
2010 02 19 17 15 00 1 5835.984
2010 02 19 17 30 00 1 5836.006
2010 02 19 17 45 00 1 5836.039
2010 02 19 18 00 00 1 5836.078
2010 02 19 18 15 00 1 5836.120
2010 02 19 18 30 00 1 5836.170
2010 02 19 18 45 00 1 5836.225
2010 02 19 19 00 00 1 5836.284
2010 02 19 19 15 00 1 5836.345
2010 02 19 19 30 00 1 5836.409
2010 02 19 19 45 00 1 5836.477
2010 02 19 20 00 00 1 5836.544
2010 02 19 20 15 00 1 5836.608
2010 02 19 20 30 00 1 5836.671
2010 02 19 20 45 00 1 5836.731
2010 02 19 21 00 00 1 5836.787
2010 02 19 21 15 00 1 5836.838
2010 02 19 21 30 00 1 5836.883
2010 02 19 21 45 00 1 5836.922
2010 02 19 22 00 00 1 5836.950
2010 02 19 22 15 00 1 5836.976
2010 02 19 22 30 00 1 5836.992
2010 02 19 22 45 00 1 5836.999
2010 02 19 23 00 00 1 5836.998
2010 02 19 23 15 00 1 5836.990
2010 02 19 23 30 00 1 5836.973
2010 02 19 23 45 00 1 5836.951
2010 02 20 00 00 00 1 5836.920
2010 02 20 00 15 00 1 5836.882
2010 02 20 00 30 00 1 5836.836
2010 02 20 00 45 00 1 5836.783
2010 02 20 01 00 00 1 5836.727
2010 02 20 01 15 00 1 5836.667
2010 02 20 01 30 00 1 5836.603
2010 02 20 01 45 00 1 5836.534
2010 02 20 02 00 00 1 5836.469
2010 02 20 02 15 00 1 5836.401
2010 02 20 02 30 00 1 5836.338
2010 02 20 02 45 00 1 5836.271
2010 02 20 03 00 00 1 5836.212
2010 02 20 03 15 00 1 5836.154
2010 02 20 03 30 00 1 5836.098
2010 02 20 03 45 00 1 5836.051
2010 02 20 04 00 00 1 5836.012
2010 02 20 04 15 00 1 5835.976
2010 02 20 04 30 00 1 5835.950
2010 02 20 04 45 00 1 5835.933
2010 02 20 05 00 00 1 5835.922
2010 02 20 05 15 00 1 5835.923
2010 02 20 05 30 00 1 5835.928
2010 02 20 05 45 00 1 5835.947
2010 02 20 06 00 00 1 5835.970
2010 02 20 06 15 00 1 5836.002
2010 02 20 06 30 00 1 5836.040
2010 02 20 06 45 00 1 5836.087
2010 02 20 07 00 00 1 5836.141
2010 02 20 07 15 00 1 5836.199
2010 02 20 07 30 00 1 5836.260
2010 02 20 07 45 00 1 5836.324
2010 02 20 08 00 00 1 5836.393
2010 02 20 08 15 00 1 5836.457
2010 02 20 08 30 00 1 5836.522
2010 02 20 08 45 00 1 5836.583
2010 02 20 09 00 00 1 5836.643
2010 02 20 09 15 00 1 5836.699
2010 02 20 09 30 00 1 5836.749
2010 02 20 09 45 00 1 5836.797
2010 02 20 10 00 00 1 5836.842
2010 02 20 10 15 00 1 5836.876
2010 02 20 10 30 00 1 5836.903
2010 02 20 10 45 00 1 5836.922
2010 02 20 11 00 00 1 5836.934
2010 02 20 11 15 00 1 5836.940
2010 02 20 11 30 00 1 5836.935
2010 02 20 11 45 00 1 5836.922
2010 02 20 12 00 00 1 5836.903
2010 02 20 12 15 00 1 5836.876
2010 02 20 12 30 00 1 5836.843
2010 02 20 12 45 00 1 5836.803
2010 02 20 13 00 00 1 5836.758
2010 02 20 13 15 00 1 5836.710
2010 02 20 13 30 00 1 5836.658
2010 02 20 13 45 00 1 5836.599
2010 02 20 14 00 00 1 5836.539
2010 02 20 14 15 00 1 5836.479
2010 02 20 14 30 00 1 5836.418
2010 02 20 14 45 00 1 5836.358
2010 02 20 15 00 00 1 5836.302
2010 02 20 15 15 00 1 5836.248
2010 02 20 15 30 00 1 5836.194
2010 02 20 15 45 00 1 5836.146
2010 02 20 16 00 00 1 5836.106
2010 02 20 16 15 00 1 5836.068
2010 02 20 16 30 00 1 5836.044
2010 02 20 16 45 00 1 5836.022
2010 02 20 17 00 00 1 5836.012
2010 02 20 17 15 00 1 5836.007
2010 02 20 17 30 00 1 5836.008
2010 02 20 17 45 00 1 5836.020
2010 02 20 18 00 00 1 5836.040
2010 02 20 18 15 00 1 5836.067
2010 02 20 18 30 00 1 5836.101
2010 02 20 18 45 00 1 5836.140
2010 02 20 19 00 00 1 5836.187
2010 02 20 19 15 00 1 5836.238
2010 02 20 19 30 00 1 5836.292
2010 02 20 19 45 00 1 5836.351
2010 02 20 20 00 00 1 5836.413
2010 02 20 20 15 00 1 5836.477
2010 02 20 20 30 00 1 5836.541
2010 02 20 20 45 00 1 5836.607
2010 02 20 21 00 00 1 5836.668
2010 02 20 21 15 00 1 5836.726
2010 02 20 21 30 00 1 5836.781
2010 02 20 21 45 00 1 5836.833
2010 02 20 22 00 00 1 5836.882
2010 02 20 22 15 00 1 5836.919
2010 02 20 22 30 00 1 5836.954
2010 02 20 22 45 00 1 5836.979
2010 02 20 23 00 00 1 5837.000
2010 02 20 23 15 00 1 5837.011
2010 02 20 23 30 00 1 5837.016
2010 02 20 23 45 00 1 5837.010
2010 02 21 00 00 00 1 5836.999
2010 02 21 00 15 00 1 5836.979
2010 02 21 00 30 00 1 5836.951
2010 02 21 00 45 00 1 5836.916
2010 02 21 01 00 00 1 5836.875
2010 02 21 01 15 00 1 5836.826
2010 02 21 01 30 00 1 5836.775
2010 02 21 01 45 00 1 5836.718
2010 02 21 02 00 00 1 5836.658
2010 02 21 02 15 00 1 5836.593
2010 02 21 02 30 00 1 5836.527
2010 02 21 02 45 00 1 5836.464
2010 02 21 03 00 00 1 5836.398
2010 02 21 03 15 00 1 5836.336
2010 02 21 03 30 00 1 5836.273
2010 02 21 03 45 00 1 5836.216
2010 02 21 04 00 00 1 5836.162
2010 02 21 04 15 00 1 5836.111
2010 02 21 04 30 00 1 5836.065
2010 02 21 04 45 00 1 5836.026
2010 02 21 05 00 00 1 5835.993
2010 02 21 05 15 00 1 5835.970
2010 02 21 05 30 00 1 5835.955
2010 02 21 05 45 00 1 5835.950
2010 02 21 06 00 00 1 5835.952
2010 02 21 06 15 00 1 5835.964
2010 02 21 06 30 00 1 5835.982
2010 02 21 06 45 00 1 5836.009
2010 02 21 07 00 00 1 5836.042
2010 02 21 07 15 00 1 5836.081
2010 02 21 07 30 00 1 5836.128
2010 02 21 07 45 00 1 5836.179
2010 02 21 08 00 00 1 5836.237
2010 02 21 08 15 00 1 5836.293
2010 02 21 08 30 00 1 5836.352
2010 02 21 08 45 00 1 5836.414
2010 02 21 09 00 00 1 5836.477
2010 02 21 09 15 00 1 5836.538
2010 02 21 09 30 00 1 5836.599
2010 02 21 09 45 00 1 5836.656
2010 02 21 10 00 00 1 5836.709
2010 02 21 10 15 00 1 5836.759
2010 02 21 10 30 00 1 5836.802
2010 02 21 10 45 00 1 5836.839
2010 02 21 11 00 00 1 5836.870
2010 02 21 11 15 00 1 5836.893
2010 02 21 11 30 00 1 5836.911
2010 02 21 11 45 00 1 5836.920
2010 02 21 12 00 00 1 5836.919
2010 02 21 12 15 00 1 5836.912
2010 02 21 12 30 00 1 5836.897
2010 02 21 12 45 00 1 5836.876
2010 02 21 13 00 00 1 5836.847
2010 02 21 13 15 00 1 5836.812
2010 02 21 13 30 00 1 5836.775
2010 02 21 13 45 00 1 5836.730
2010 02 21 14 00 00 1 5836.682
2010 02 21 14 15 00 1 5836.629
2010 02 21 14 30 00 1 5836.575
2010 02 21 14 45 00 1 5836.516
2010 02 21 15 00 00 1 5836.460
2010 02 21 15 15 00 1 5836.402
2010 02 21 15 30 00 1 5836.346
2010 02 21 15 45 00 1 5836.293
2010 02 21 16 00 00 1 5836.241
2010 02 21 16 15 00 1 5836.193
2010 02 21 16 30 00 1 5836.149
2010 02 21 16 45 00 1 5836.113
2010 02 21 17 00 00 1 5836.085
2010 02 21 17 15 00 1 5836.060
2010 02 21 17 30 00 1 5836.045
2010 02 21 17 45 00 1 5836.034
2010 02 21 18 00 00 1 5836.032
2010 02 21 18 15 00 1 5836.037
2010 02 21 18 30 00 1 5836.049
2010 02 21 18 45 00 1 5836.066
2010 02 21 19 00 00 1 5836.093
2010 02 21 19 15 00 1 5836.126
2010 02 21 19 30 00 1 5836.165
2010 02 21 19 45 00 1 5836.209
2010 02 21 20 00 00 1 5836.258
2010 02 21 20 15 00 1 5836.313
2010 02 21 20 30 00 1 5836.371
2010 02 21 20 45 00 1 5836.431
2010 02 21 21 00 00 1 5836.490
2010 02 21 21 15 00 1 5836.551
2010 02 21 21 30 00 1 5836.610
2010 02 21 21 45 00 1 5836.667
2010 02 21 22 00 00 1 5836.723
2010 02 21 22 15 00 1 5836.775
2010 02 21 22 30 00 1 5836.822
2010 02 21 22 45 00 1 5836.867
2010 02 21 23 00 00 1 5836.904
2010 02 21 23 15 00 1 5836.936
2010 02 21 23 30 00 1 5836.961
2010 02 21 23 45 00 1 5836.982
2010 02 22 00 00 00 1 5836.991
2010 02 22 00 15 00 1 5836.994
2010 02 22 00 30 00 1 5836.991
2010 02 22 00 45 00 1 5836.977
2010 02 22 01 00 00 1 5836.955
2010 02 22 01 15 00 1 5836.926
2010 02 22 01 30 00 1 5836.890
2010 02 22 01 45 00 1 5836.847
2010 02 22 02 00 00 1 5836.800
2010 02 22 02 15 00 1 5836.746
2010 02 22 02 30 00 1 5836.690
2010 02 22 02 45 00 1 5836.631
2010 02 22 03 00 00 1 5836.572
2010 02 22 03 15 00 1 5836.509
2010 02 22 03 30 00 1 5836.445
2010 02 22 03 45 00 1 5836.381
2010 02 22 04 00 00 1 5836.319
2010 02 22 04 15 00 1 5836.258
2010 02 22 04 30 00 1 5836.201
2010 02 22 04 45 00 1 5836.147
2010 02 22 05 00 00 1 5836.096
2010 02 22 05 15 00 1 5836.053
2010 02 22 05 30 00 1 5836.016
2010 02 22 05 45 00 1 5835.988
2010 02 22 06 00 00 1 5835.963
2010 02 22 06 15 00 1 5835.951
2010 02 22 06 30 00 1 5835.942
2010 02 22 06 45 00 1 5835.944
2010 02 22 07 00 00 1 5835.955
2010 02 22 07 15 00 1 5835.976
2010 02 22 07 30 00 1 5835.999
2010 02 22 07 45 00 1 5836.030
2010 02 22 08 00 00 1 5836.070
2010 02 22 08 15 00 1 5836.113
2010 02 22 08 30 00 1 5836.163
2010 02 22 08 45 00 1 5836.215
2010 02 22 09 00 00 1 5836.271
2010 02 22 09 15 00 1 5836.330
2010 02 22 09 30 00 1 5836.388
2010 02 22 09 45 00 1 5836.446
2010 02 22 10 00 00 1 5836.506
2010 02 22 10 15 00 1 5836.565
2010 02 22 10 30 00 1 5836.623
2010 02 22 10 45 00 1 5836.675
2010 02 22 11 00 00 1 5836.724
2010 02 22 11 15 00 1 5836.767
2010 02 22 11 30 00 1 5836.803
2010 02 22 11 45 00 1 5836.833
2010 02 22 12 00 00 1 5836.854
2010 02 22 12 15 00 1 5836.870
2010 02 22 12 30 00 1 5836.879
2010 02 22 12 45 00 1 5836.881
2010 02 22 13 00 00 1 5836.874
2010 02 22 13 15 00 1 5836.862
2010 02 22 13 30 00 1 5836.841
2010 02 22 13 45 00 1 5836.813
2010 02 22 14 00 00 1 5836.781
2010 02 22 14 15 00 1 5836.743
2010 02 22 14 30 00 1 5836.701
2010 02 22 14 45 00 1 5836.656
2010 02 22 15 00 00 1 5836.605
2010 02 22 15 15 00 1 5836.551
2010 02 22 15 30 00 1 5836.500
2010 02 22 15 45 00 1 5836.446
2010 02 22 16 00 00 1 5836.393
2010 02 22 16 15 00 1 5836.341
2010 02 22 16 30 00 1 5836.292
2010 02 22 16 45 00 1 5836.244
2010 02 22 17 00 00 1 5836.201
2010 02 22 17 15 00 1 5836.162
2010 02 22 17 30 00 1 5836.126
2010 02 22 17 45 00 1 5836.097
2010 02 22 18 00 00 1 5836.073
2010 02 22 18 15 00 1 5836.057
2010 02 22 18 30 00 1 5836.045
2010 02 22 18 45 00 1 5836.041
2010 02 22 19 00 00 1 5836.042
2010 02 22 19 15 00 1 5836.052
2010 02 22 19 30 00 1 5836.065
2010 02 22 19 45 00 1 5836.089
2010 02 22 20 00 00 1 5836.118
2010 02 22 20 15 00 1 5836.152
2010 02 22 20 30 00 1 5836.193
2010 02 22 20 45 00 1 5836.238
2010 02 22 21 00 00 1 5836.287
2010 02 22 21 15 00 1 5836.339
2010 02 22 21 30 00 1 5836.394
2010 02 22 21 45 00 1 5836.450
2010 02 22 22 00 00 1 5836.506
2010 02 22 22 15 00 1 5836.562
2010 02 22 22 30 00 1 5836.615
2010 02 22 22 45 00 1 5836.667
2010 02 22 23 00 00 1 5836.718
2010 02 22 23 15 00 1 5836.764
2010 02 22 23 30 00 1 5836.808
2010 02 22 23 45 00 1 5836.848
2010 02 23 00 00 00 1 5836.882
2010 02 23 00 15 00 1 5836.909
2010 02 23 00 30 00 1 5836.930
2010 02 23 00 45 00 1 5836.940
2010 02 23 01 00 00 1 5836.941
2010 02 23 01 15 00 1 5836.938
2010 02 23 01 30 00 1 5836.927
2010 02 23 01 45 00 1 5836.910
2010 02 23 02 00 00 1 5836.885
2010 02 23 02 15 00 1 5836.855
2010 02 23 02 30 00 1 5836.816
2010 02 23 02 45 00 1 5836.773
2010 02 23 03 00 00 1 5836.724
2010 02 23 03 15 00 1 5836.671
2010 02 23 03 30 00 1 5836.616
2010 02 23 03 45 00 1 5836.557
2010 02 23 04 00 00 1 5836.497
2010 02 23 04 15 00 1 5836.436
2010 02 23 04 30 00 1 5836.375
2010 02 23 04 45 00 1 5836.315
2010 02 23 05 00 00 1 5836.259
2010 02 23 05 15 00 1 5836.201
2010 02 23 05 30 00 1 5836.148
2010 02 23 05 45 00 1 5836.100
2010 02 23 06 00 00 1 5836.058
2010 02 23 06 15 00 1 5836.021
2010 02 23 06 30 00 1 5835.993
2010 02 23 06 45 00 1 5835.968
2010 02 23 07 00 00 1 5835.952
2010 02 23 07 15 00 1 5835.944
2010 02 23 07 30 00 1 5835.943
2010 02 23 07 45 00 1 5835.953
2010 02 23 08 00 00 1 5835.966
2010 02 23 08 15 00 1 5835.986
2010 02 23 08 30 00 1 5836.012
2010 02 23 08 45 00 1 5836.046
2010 02 23 09 00 00 1 5836.083
2010 02 23 09 15 00 1 5836.126
2010 02 23 09 30 00 1 5836.176
2010 02 23 09 45 00 1 5836.226
2010 02 23 10 00 00 1 5836.280
2010 02 23 10 15 00 1 5836.336
2010 02 23 10 30 00 1 5836.390
2010 02 23 10 45 00 1 5836.446
2010 02 23 11 00 00 1 5836.500
2010 02 23 11 15 00 1 5836.553
2010 02 23 11 30 00 1 5836.604
2010 02 23 11 45 00 1 5836.652
2010 02 23 12 00 00 1 5836.693
2010 02 23 12 15 00 1 5836.730
2010 02 23 12 30 00 1 5836.762
2010 02 23 12 45 00 1 5836.787
2010 02 23 13 00 00 1 5836.806
2010 02 23 13 15 00 1 5836.820
2010 02 23 13 30 00 1 5836.826
2010 02 23 13 45 00 1 5836.825
2010 02 23 14 00 00 1 5836.813
2010 02 23 14 15 00 1 5836.799
2010 02 23 14 30 00 1 5836.775
2010 02 23 14 45 00 1 5836.749
2010 02 23 15 00 00 1 5836.715
2010 02 23 15 15 00 1 5836.677
2010 02 23 15 30 00 1 5836.637
2010 02 23 15 45 00 1 5836.591
2010 02 23 16 00 00 1 5836.544
2010 02 23 16 15 00 1 5836.495
2010 02 23 16 30 00 1 5836.443
2010 02 23 16 45 00 1 5836.394
2010 02 23 17 00 00 1 5836.344
2010 02 23 17 15 00 1 5836.298
2010 02 23 17 30 00 1 5836.250
2010 02 23 17 45 00 1 5836.207
2010 02 23 18 00 00 1 5836.167
2010 02 23 18 15 00 1 5836.130
2010 02 23 18 30 00 1 5836.099
2010 02 23 18 45 00 1 5836.072
2010 02 23 19 00 00 1 5836.052
2010 02 23 19 15 00 1 5836.038
2010 02 23 19 30 00 1 5836.030
2010 02 23 19 45 00 1 5836.030
2010 02 23 20 00 00 1 5836.034
2010 02 23 20 15 00 1 5836.047
2010 02 23 20 30 00 1 5836.065
2010 02 23 20 45 00 1 5836.089
2010 02 23 21 00 00 1 5836.118
2010 02 23 21 15 00 1 5836.154
2010 02 23 21 30 00 1 5836.194
2010 02 23 21 45 00 1 5836.241
2010 02 23 22 00 00 1 5836.290
2010 02 23 22 15 00 1 5836.341
2010 02 23 22 30 00 1 5836.394
2010 02 23 22 45 00 1 5836.449
2010 02 23 23 00 00 1 5836.504
2010 02 23 23 15 00 1 5836.558
2010 02 23 23 30 00 1 5836.613
2010 02 23 23 45 00 1 5836.665
2010 02 24 00 00 00 1 5836.713
2010 02 24 00 15 00 1 5836.759
2010 02 24 00 30 00 1 5836.798
2010 02 24 00 45 00 1 5836.834
2010 02 24 01 00 00 1 5836.862
2010 02 24 01 15 00 1 5836.882
2010 02 24 01 30 00 1 5836.898
2010 02 24 01 45 00 1 5836.907
2010 02 24 02 00 00 1 5836.908
2010 02 24 02 15 00 1 5836.904
2010 02 24 02 30 00 1 5836.890
2010 02 24 02 45 00 1 5836.872
2010 02 24 03 00 00 1 5836.847
2010 02 24 03 15 00 1 5836.815
2010 02 24 03 30 00 1 5836.778
2010 02 24 03 45 00 1 5836.735
2010 02 24 04 00 00 1 5836.686
2010 02 24 04 15 00 1 5836.634
2010 02 24 04 30 00 1 5836.577
2010 02 24 04 45 00 1 5836.520
2010 02 24 05 00 00 1 5836.460
2010 02 24 05 15 00 1 5836.402
2010 02 24 05 30 00 1 5836.344
2010 02 24 05 45 00 1 5836.284
2010 02 24 06 00 00 1 5836.228
2010 02 24 06 15 00 1 5836.177
2010 02 24 06 30 00 1 5836.128
2010 02 24 06 45 00 1 5836.083
2010 02 24 07 00 00 1 5836.044
2010 02 24 07 15 00 1 5836.012
2010 02 24 07 30 00 1 5835.985
2010 02 24 07 45 00 1 5835.964
2010 02 24 08 00 00 1 5835.948
2010 02 24 08 15 00 1 5835.940
2010 02 24 08 30 00 1 5835.941
2010 02 24 08 45 00 1 5835.946
2010 02 24 09 00 00 1 5835.960
2010 02 24 09 15 00 1 5835.980
2010 02 24 09 30 00 1 5836.004
2010 02 24 09 45 00 1 5836.035
2010 02 24 10 00 00 1 5836.075
2010 02 24 10 15 00 1 5836.119
2010 02 24 10 30 00 1 5836.164
2010 02 24 10 45 00 1 5836.215
2010 02 24 11 00 00 1 5836.269
2010 02 24 11 15 00 1 5836.321
2010 02 24 11 30 00 1 5836.376
2010 02 24 11 45 00 1 5836.427
2010 02 24 12 00 00 1 5836.479
2010 02 24 12 15 00 1 5836.533
2010 02 24 12 30 00 1 5836.580
2010 02 24 12 45 00 1 5836.626
2010 02 24 13 00 00 1 5836.669
2010 02 24 13 15 00 1 5836.704
2010 02 24 13 30 00 1 5836.737
2010 02 24 13 45 00 1 5836.763
2010 02 24 14 00 00 1 5836.783
2010 02 24 14 15 00 1 5836.795
2010 02 24 14 30 00 1 5836.798
2010 02 24 14 45 00 1 5836.798
2010 02 24 15 00 00 1 5836.790
2010 02 24 15 15 00 1 5836.776
2010 02 24 15 30 00 1 5836.753
2010 02 24 15 45 00 1 5836.727
2010 02 24 16 00 00 1 5836.697
2010 02 24 16 15 00 1 5836.662
2010 02 24 16 30 00 1 5836.623
2010 02 24 16 45 00 1 5836.582
2010 02 24 17 00 00 1 5836.539
2010 02 24 17 15 00 1 5836.492
2010 02 24 17 30 00 1 5836.446
2010 02 24 17 45 00 1 5836.398
2010 02 24 18 00 00 1 5836.348
2010 02 24 18 15 00 1 5836.302
2010 02 24 18 30 00 1 5836.256
2010 02 24 18 45 00 1 5836.213
2010 02 24 19 00 00 1 5836.172
2010 02 24 19 15 00 1 5836.135
2010 02 24 19 30 00 1 5836.102
2010 02 24 19 45 00 1 5836.077
2010 02 24 20 00 00 1 5836.056
2010 02 24 20 15 00 1 5836.042
2010 02 24 20 30 00 1 5836.034
2010 02 24 20 45 00 1 5836.030
2010 02 24 21 00 00 1 5836.032
2010 02 24 21 15 00 1 5836.043
2010 02 24 21 30 00 1 5836.058
2010 02 24 21 45 00 1 5836.082
2010 02 24 22 00 00 1 5836.109
2010 02 24 22 15 00 1 5836.145
2010 02 24 22 30 00 1 5836.183
2010 02 24 22 45 00 1 5836.225
2010 02 24 23 00 00 1 5836.271
2010 02 24 23 15 00 1 5836.321
2010 02 24 23 30 00 1 5836.373
2010 02 24 23 45 00 1 5836.429
2010 02 25 00 00 00 1 5836.483
2010 02 25 00 15 00 1 5836.537
2010 02 25 00 30 00 1 5836.591
2010 02 25 00 45 00 1 5836.642
2010 02 25 01 00 00 1 5836.691
2010 02 25 01 15 00 1 5836.735
2010 02 25 01 30 00 1 5836.777
2010 02 25 01 45 00 1 5836.811
2010 02 25 02 00 00 1 5836.839
2010 02 25 02 15 00 1 5836.862
2010 02 25 02 30 00 1 5836.878
2010 02 25 02 45 00 1 5836.887
2010 02 25 03 00 00 1 5836.890
2010 02 25 03 15 00 1 5836.886
2010 02 25 03 30 00 1 5836.875
2010 02 25 03 45 00 1 5836.860
2010 02 25 04 00 00 1 5836.834
2010 02 25 04 15 00 1 5836.806
2010 02 25 04 30 00 1 5836.772
2010 02 25 04 45 00 1 5836.730
2010 02 25 05 00 00 1 5836.681
2010 02 25 05 15 00 1 5836.631
2010 02 25 05 30 00 1 5836.578
2010 02 25 05 45 00 1 5836.525
2010 02 25 06 00 00 1 5836.467
2010 02 25 06 15 00 1 5836.407
2010 02 25 06 30 00 1 5836.351
2010 02 25 06 45 00 1 5836.296
2010 02 25 07 00 00 1 5836.242
2010 02 25 07 15 00 1 5836.188
2010 02 25 07 30 00 1 5836.139
2010 02 25 07 45 00 1 5836.095
2010 02 25 08 00 00 1 5836.053
2010 02 25 08 15 00 1 5836.017
2010 02 25 08 30 00 1 5835.988
2010 02 25 08 45 00 1 5835.964
2010 02 25 09 00 00 1 5835.946
2010 02 25 09 15 00 1 5835.937
2010 02 25 09 30 00 1 5835.935
2010 02 25 09 45 00 1 5835.939
2010 02 25 10 00 00 1 5835.950
2010 02 25 10 15 00 1 5835.968
2010 02 25 10 30 00 1 5835.994
2010 02 25 10 45 00 1 5836.025
2010 02 25 11 00 00 1 5836.062
2010 02 25 11 15 00 1 5836.102
2010 02 25 11 30 00 1 5836.148
2010 02 25 11 45 00 1 5836.198
2010 02 25 12 00 00 1 5836.251
2010 02 25 12 15 00 1 5836.304
2010 02 25 12 30 00 1 5836.362
2010 02 25 12 45 00 1 5836.420
2010 02 25 13 00 00 1 5836.475
2010 02 25 13 15 00 1 5836.530
2010 02 25 13 30 00 1 5836.584
2010 02 25 13 45 00 1 5836.629
2010 02 25 14 00 00 1 5836.674
2010 02 25 14 15 00 1 5836.712
2010 02 25 14 30 00 1 5836.743
2010 02 25 14 45 00 1 5836.771
2010 02 25 15 00 00 1 5836.793
2010 02 25 15 15 00 1 5836.806
2010 02 25 15 30 00 1 5836.814
2010 02 25 15 45 00 1 5836.816
2010 02 25 16 00 00 1 5836.809
2010 02 25 16 15 00 1 5836.799
2010 02 25 16 30 00 1 5836.783
2010 02 25 16 45 00 1 5836.762
2010 02 25 17 00 00 1 5836.737
2010 02 25 17 15 00 1 5836.705
2010 02 25 17 30 00 1 5836.669
2010 02 25 17 45 00 1 5836.628
2010 02 25 18 00 00 1 5836.585
2010 02 25 18 15 00 1 5836.537
2010 02 25 18 30 00 1 5836.489
2010 02 25 18 45 00 1 5836.436
2010 02 25 19 00 00 1 5836.381
2010 02 25 19 15 00 1 5836.331
2010 02 25 19 30 00 1 5836.285
2010 02 25 19 45 00 1 5836.239
2010 02 25 20 00 00 1 5836.194
2010 02 25 20 15 00 1 5836.152
2010 02 25 20 30 00 1 5836.117
2010 02 25 20 45 00 1 5836.086
2010 02 25 21 00 00 1 5836.058
2010 02 25 21 15 00 1 5836.036
2010 02 25 21 30 00 1 5836.023
2010 02 25 21 45 00 1 5836.018
2010 02 25 22 00 00 1 5836.017
2010 02 25 22 15 00 1 5836.022
2010 02 25 22 30 00 1 5836.035
2010 02 25 22 45 00 1 5836.058
2010 02 25 23 00 00 1 5836.083
2010 02 25 23 15 00 1 5836.115
2010 02 25 23 30 00 1 5836.153
2010 02 25 23 45 00 1 5836.198
2010 02 26 00 00 00 1 5836.245
2010 02 26 00 15 00 1 5836.297
2010 02 26 00 30 00 1 5836.351
2010 02 26 00 45 00 1 5836.406
2010 02 26 01 00 00 1 5836.462
2010 02 26 01 15 00 1 5836.518
2010 02 26 01 30 00 1 5836.574
2010 02 26 01 45 00 1 5836.625
2010 02 26 02 00 00 1 5836.674
2010 02 26 02 15 00 1 5836.723
2010 02 26 02 30 00 1 5836.767
2010 02 26 02 45 00 1 5836.806
2010 02 26 03 00 00 1 5836.841
2010 02 26 03 15 00 1 5836.871
2010 02 26 03 30 00 1 5836.892
2010 02 26 03 45 00 1 5836.905
2010 02 26 04 00 00 1 5836.912
2010 02 26 04 15 00 1 5836.911
2010 02 26 04 30 00 1 5836.903
2010 02 26 04 45 00 1 5836.890
2010 02 26 05 00 00 1 5836.869
2010 02 26 05 15 00 1 5836.841
2010 02 26 05 30 00 1 5836.807
2010 02 26 05 45 00 1 5836.767
2010 02 26 06 00 00 1 5836.724
2010 02 26 06 15 00 1 5836.676
2010 02 26 06 30 00 1 5836.624
2010 02 26 06 45 00 1 5836.565
2010 02 26 07 00 00 1 5836.508
2010 02 26 07 15 00 1 5836.448
2010 02 26 07 30 00 1 5836.388
2010 02 26 07 45 00 1 5836.327
2010 02 26 08 00 00 1 5836.266
2010 02 26 08 15 00 1 5836.206
2010 02 26 08 30 00 1 5836.151
2010 02 26 08 45 00 1 5836.099
2010 02 26 09 00 00 1 5836.051
2010 02 26 09 15 00 1 5836.011
2010 02 26 09 30 00 1 5835.976
2010 02 26 09 45 00 1 5835.948
2010 02 26 10 00 00 1 5835.929
2010 02 26 10 15 00 1 5835.915
2010 02 26 10 30 00 1 5835.909
2010 02 26 10 45 00 1 5835.912
2010 02 26 11 00 00 1 5835.922
2010 02 26 11 15 00 1 5835.939
2010 02 26 11 30 00 1 5835.958
2010 02 26 11 45 00 1 5835.988
2010 02 26 12 00 00 1 5836.026
2010 02 26 12 15 00 1 5836.070
2010 02 26 12 30 00 1 5836.118
2010 02 26 12 45 00 1 5836.172
2010 02 26 13 00 00 1 5836.231
2010 02 26 13 15 00 1 5836.290
2010 02 26 13 30 00 1 5836.351
2010 02 26 13 45 00 1 5836.411
2010 02 26 14 00 00 1 5836.472
2010 02 26 14 15 00 1 5836.532
2010 02 26 14 30 00 1 5836.588
2010 02 26 14 45 00 1 5836.640
2010 02 26 15 00 00 1 5836.690
2010 02 26 15 15 00 1 5836.737
2010 02 26 15 30 00 1 5836.778
2010 02 26 15 45 00 1 5836.813
2010 02 26 16 00 00 1 5836.842
2010 02 26 16 15 00 1 5836.865
2010 02 26 16 30 00 1 5836.880
2010 02 26 16 45 00 1 5836.888
2010 02 26 17 00 00 1 5836.889
2010 02 26 17 15 00 1 5836.882
2010 02 26 17 30 00 1 5836.870
2010 02 26 17 45 00 1 5836.849
2010 02 26 18 00 00 1 5836.826
2010 02 26 18 15 00 1 5836.794
2010 02 26 18 30 00 1 5836.753
2010 02 26 18 45 00 1 5836.708
2010 02 26 19 00 00 1 5836.657
2010 02 26 19 15 00 1 5836.604
2010 02 26 19 30 00 1 5836.549
2010 02 26 19 45 00 1 5836.491
2010 02 26 20 00 00 1 5836.434
2010 02 26 20 15 00 1 5836.377
2010 02 26 20 30 00 1 5836.321
2010 02 26 20 45 00 1 5836.265
2010 02 26 21 00 00 1 5836.213
2010 02 26 21 15 00 1 5836.162
2010 02 26 21 30 00 1 5836.118
2010 02 26 21 45 00 1 5836.077
2010 02 26 22 00 00 1 5836.042
2010 02 26 22 15 00 1 5836.016
2010 02 26 22 30 00 1 5835.996
2010 02 26 22 45 00 1 5835.985
2010 02 26 23 00 00 1 5835.980
2010 02 26 23 15 00 1 5835.981
2010 02 26 23 30 00 1 5835.991
2010 02 26 23 45 00 1 5836.009
2010 02 27 00 00 00 1 5836.036
2010 02 27 00 15 00 1 5836.068
2010 02 27 00 30 00 1 5836.104
2010 02 27 00 45 00 1 5836.147
2010 02 27 01 00 00 1 5836.196
2010 02 27 01 15 00 1 5836.249
2010 02 27 01 30 00 1 5836.306
2010 02 27 01 45 00 1 5836.365
2010 02 27 02 00 00 1 5836.427
2010 02 27 02 15 00 1 5836.490
2010 02 27 02 30 00 1 5836.550
2010 02 27 02 45 00 1 5836.610
2010 02 27 03 00 00 1 5836.669
2010 02 27 03 15 00 1 5836.726
2010 02 27 03 30 00 1 5836.778
2010 02 27 03 45 00 1 5836.824
2010 02 27 04 00 00 1 5836.867
2010 02 27 04 15 00 1 5836.900
2010 02 27 04 30 00 1 5836.927
2010 02 27 04 45 00 1 5836.947
2010 02 27 05 00 00 1 5836.958
2010 02 27 05 15 00 1 5836.960
2010 02 27 05 30 00 1 5836.958
2010 02 27 05 45 00 1 5836.947
2010 02 27 06 00 00 1 5836.928
2010 02 27 06 15 00 1 5836.900
2010 02 27 06 30 00 1 5836.867
2010 02 27 06 45 00 1 5836.828
2010 02 27 07 00 00 1 5836.782
2010 02 27 07 15 00 1 5836.677
2010 02 27 07 30 00 1 5836.679
2010 02 27 07 45 00 1 5836.603
2010 02 27 08 00 00 1 5836.542
2010 02 27 08 15 00 1 5836.470
2010 02 27 08 30 00 1 5836.407
2010 02 27 08 45 00 1 5836.341
2010 02 27 09 00 00 1 5836.275
2010 02 27 09 15 00 1 5836.205
2010 02 27 09 30 00 1 5836.144
2010 02 27 09 45 00 1 5836.086
2010 02 27 10 00 00 1 5836.035
2010 02 27 10 15 00 1 5835.986
2010 02 27 10 30 00 1 5835.949
2010 02 27 10 45 00 1 5835.916
2010 02 27 11 00 00 1 5835.893
2010 02 27 11 15 00 1 5835.874
2010 02 27 11 30 00 1 5835.867
2010 02 27 11 45 00 1 5835.865
2010 02 27 12 00 00 1 5835.877
2010 02 27 12 15 00 1 5835.895
2010 02 27 12 30 00 1 5835.920
2010 02 27 12 45 00 1 5835.953
2010 02 27 13 00 00 1 5835.993
2010 02 27 13 15 00 1 5836.043
2010 02 27 13 30 00 1 5836.097
2010 02 27 13 45 00 1 5836.157
2010 02 27 14 00 00 1 5836.223
2010 02 27 14 15 00 1 5836.290
2010 02 27 14 30 00 1 5836.355
2010 02 27 14 45 00 1 5836.423
2010 02 27 15 00 00 1 5836.493
2010 02 27 15 15 00 1 5836.558
2010 02 27 15 30 00 1 5836.621
2010 02 27 15 45 00 1 5836.682
2010 02 27 16 00 00 1 5836.742
2010 02 27 16 15 00 1 5836.797
2010 02 27 16 30 00 1 5836.847
2010 02 27 16 45 00 1 5836.890
2010 02 27 17 00 00 1 5836.924
2010 02 27 17 00 00 2 5836.925
2010 02 27 17 01 00 2 5836.926
2010 02 27 17 02 00 2 5836.928
2010 02 27 17 03 00 2 5836.930
2010 02 27 17 04 00 2 5836.931
2010 02 27 17 05 00 2 5836.933
2010 02 27 17 06 00 2 5836.936
2010 02 27 17 07 00 2 5836.938
2010 02 27 17 08 00 2 5836.941
2010 02 27 17 09 00 2 5836.941
2010 02 27 17 10 00 2 5836.943
2010 02 27 17 11 00 2 5836.944
2010 02 27 17 12 00 2 5836.947
2010 02 27 17 13 00 2 5836.948
2010 02 27 17 14 00 2 5836.949
2010 02 27 17 15 00 1 5836.950
2010 02 27 17 15 00 2 5836.951
2010 02 27 17 16 00 2 5836.953
2010 02 27 17 17 00 2 5836.954
2010 02 27 17 18 00 2 5836.955
2010 02 27 17 19 00 2 5836.957
2010 02 27 17 20 00 2 5836.958
2010 02 27 17 21 00 2 5836.960
2010 02 27 17 22 00 2 5836.962
2010 02 27 17 23 00 2 5836.963
2010 02 27 17 24 00 2 5836.965
2010 02 27 17 25 00 2 5836.966
2010 02 27 17 26 00 2 5836.967
2010 02 27 17 27 00 2 5836.969
2010 02 27 17 28 00 2 5836.969
2010 02 27 17 29 00 2 5836.970
2010 02 27 17 30 00 1 5836.971
2010 02 27 17 30 00 2 5836.971
2010 02 27 17 31 00 2 5836.972
2010 02 27 17 32 00 2 5836.973
2010 02 27 17 33 00 2 5836.974
2010 02 27 17 34 00 2 5836.975
2010 02 27 17 35 00 2 5836.975
2010 02 27 17 36 00 2 5836.976
2010 02 27 17 37 00 2 5836.977
2010 02 27 17 38 00 2 5836.978
2010 02 27 17 39 00 2 5836.979
2010 02 27 17 40 00 2 5836.979
2010 02 27 17 41 00 2 5836.980
2010 02 27 17 42 00 2 5836.981
2010 02 27 17 43 00 2 5836.983
2010 02 27 17 44 00 2 5836.983
2010 02 27 17 45 00 1 5836.983
2010 02 27 17 45 00 2 5836.983
2010 02 27 17 46 00 2 5836.983
2010 02 27 17 47 00 2 5836.983
2010 02 27 17 48 00 2 5836.984
2010 02 27 17 49 00 2 5836.984
2010 02 27 17 50 00 2 5836.983
2010 02 27 17 51 00 2 5836.983
2010 02 27 17 52 00 2 5836.984
2010 02 27 17 53 00 2 5836.984
2010 02 27 17 54 00 2 5836.983
2010 02 27 17 55 00 2 5836.983
2010 02 27 17 56 00 2 5836.982
2010 02 27 17 57 00 2 5836.982
2010 02 27 17 58 00 2 5836.982
2010 02 27 17 59 00 2 5836.982
2010 02 27 18 00 00 1 5836.982
2010 02 27 18 00 00 2 5836.981
2010 02 27 18 01 00 2 5836.980
2010 02 27 18 02 00 2 5836.980
2010 02 27 18 03 00 2 5836.982
2010 02 27 18 04 00 2 5836.982
2010 02 27 18 05 00 2 5836.984
2010 02 27 18 06 00 2 5836.986
2010 02 27 18 07 00 2 5836.989
2010 02 27 18 08 00 2 5836.993
2010 02 27 18 09 00 2 5836.997
2010 02 27 18 10 00 2 5837.002
2010 02 27 18 11 00 2 5837.006
2010 02 27 18 12 00 2 5837.009
2010 02 27 18 13 00 2 5837.009
2010 02 27 18 14 00 2 5837.007
2010 02 27 18 15 00 1 9999.000
2010 02 27 18 15 00 2 5837.002
2010 02 27 18 16 00 2 5836.996
2010 02 27 18 17 00 2 5836.987
2010 02 27 18 18 00 2 5836.980
2010 02 27 18 19 00 2 5836.977
2010 02 27 18 20 00 2 5836.976
2010 02 27 18 21 00 2 5836.981
2010 02 27 18 22 00 2 5836.994
2010 02 27 18 23 00 2 5837.007
2010 02 27 18 24 00 2 5837.020
2010 02 27 18 25 00 2 5837.031
2010 02 27 18 26 00 2 5837.037
2010 02 27 18 27 00 2 5837.036
2010 02 27 18 28 00 2 5837.031
2010 02 27 18 29 00 2 5837.025
2010 02 27 18 30 00 1 9999.000
2010 02 27 18 30 00 2 5837.015
2010 02 27 18 31 00 2 5837.009
2010 02 27 18 32 00 2 5837.004
2010 02 27 18 33 00 2 5836.999
2010 02 27 18 34 00 2 5836.989
2010 02 27 18 35 00 2 5836.979
2010 02 27 18 36 00 2 5836.969
2010 02 27 18 37 00 2 5836.961
2010 02 27 18 38 00 2 5836.954
2010 02 27 18 39 00 2 5836.954
2010 02 27 18 40 00 2 5836.955
2010 02 27 18 41 00 2 5836.952
2010 02 27 18 42 00 2 5836.941
2010 02 27 18 43 00 2 5836.927
2010 02 27 18 44 00 2 5836.919
2010 02 27 18 45 00 1 9999.000
2010 02 27 18 45 00 2 5836.921
2010 02 27 18 46 00 2 5836.933
2010 02 27 18 47 00 2 5836.952
2010 02 27 18 48 00 2 5836.967
2010 02 27 18 49 00 2 5836.968
2010 02 27 18 50 00 2 5836.957
2010 02 27 18 51 00 2 5836.939
2010 02 27 18 52 00 2 5836.924
2010 02 27 18 52 30 3 5836.922
2010 02 27 18 52 45 3 5836.920
2010 02 27 18 53 00 2 5836.915
2010 02 27 18 53 00 3 5836.917
2010 02 27 18 53 15 3 5836.915
2010 02 27 18 53 30 3 5836.914
2010 02 27 18 53 45 3 5836.912
2010 02 27 18 54 00 2 5836.910
2010 02 27 18 54 00 3 5836.911
2010 02 27 18 54 15 3 5836.911
2010 02 27 18 54 30 3 5836.909
2010 02 27 18 54 45 3 5836.909
2010 02 27 18 55 00 2 5836.906
2010 02 27 18 55 00 3 5836.907
2010 02 27 18 55 15 3 5836.906
2010 02 27 18 55 30 3 5836.906
2010 02 27 18 55 45 3 5836.905
2010 02 27 18 56 00 2 5836.902
2010 02 27 18 56 00 3 5836.904
2010 02 27 18 56 15 3 5836.903
2010 02 27 18 57 00 2 5836.896
2010 02 27 18 58 00 2 5836.895
2010 02 27 18 59 00 2 5836.898
2010 02 27 19 00 00 1 9999.000
2010 02 27 19 00 00 2 5836.903
2010 02 27 19 01 00 2 5836.903
2010 02 27 19 02 00 2 5836.897
2010 02 27 19 03 00 2 5836.894
2010 02 27 19 04 00 2 5836.896
2010 02 27 19 05 00 2 5836.906
2010 02 27 19 06 00 2 5836.913
2010 02 27 19 07 00 2 5836.908
2010 02 27 19 08 00 2 5836.893
2010 02 27 19 09 00 2 5836.876
2010 02 27 19 10 00 2 5836.869
2010 02 27 19 11 00 2 5836.873
2010 02 27 19 12 00 2 5836.878
2010 02 27 19 13 00 2 5836.877
2010 02 27 19 14 00 2 5836.867
2010 02 27 19 15 00 1 9999.000
2010 02 27 19 15 00 2 5836.856
2010 02 27 19 16 00 2 5836.846
2010 02 27 19 17 00 2 5836.838
2010 02 27 19 18 00 2 5836.832
2010 02 27 19 19 00 2 5836.829
2010 02 27 19 20 00 2 5836.832
2010 02 27 19 21 00 2 5836.841
2010 02 27 19 22 00 2 5836.846
2010 02 27 19 23 00 2 5836.844
2010 02 27 19 24 00 2 5836.838
2010 02 27 19 25 00 2 5836.833
2010 02 27 19 26 00 2 5836.834
2010 02 27 19 27 00 2 5836.835
2010 02 27 19 28 00 2 5836.830
2010 02 27 19 29 00 2 5836.826
2010 02 27 19 30 00 1 9999.000
2010 02 27 19 30 00 2 5836.828
2010 02 27 19 31 00 2 5836.831
2010 02 27 19 32 00 2 5836.834
2010 02 27 19 33 00 2 5836.834
2010 02 27 19 34 00 2 5836.829
2010 02 27 19 35 00 2 5836.821
2010 02 27 19 36 00 2 5836.810
2010 02 27 19 37 00 2 5836.799
2010 02 27 19 38 00 2 5836.791
2010 02 27 19 39 00 2 5836.790
2010 02 27 19 40 00 2 5836.788
2010 02 27 19 41 00 2 5836.785
2010 02 27 19 42 00 2 5836.783
2010 02 27 19 43 00 2 5836.781
2010 02 27 19 44 00 2 5836.776
2010 02 27 19 45 00 1 9999.000
2010 02 27 19 45 00 2 5836.766
2010 02 27 19 46 00 2 5836.755
2010 02 27 19 47 00 2 5836.750
2010 02 27 19 48 00 2 5836.746
2010 02 27 19 49 00 2 5836.735
2010 02 27 19 50 00 2 5836.722
2010 02 27 19 51 00 2 5836.719
2010 02 27 19 52 00 2 5836.725
2010 02 27 19 53 00 2 5836.725
2010 02 27 19 54 00 2 5836.717
2010 02 27 19 55 00 2 5836.711
2010 02 27 19 56 00 2 5836.710
2010 02 27 19 57 00 2 5836.704
2010 02 27 19 58 00 2 5836.688
2010 02 27 19 59 00 2 5836.682
2010 02 27 20 00 00 1 9999.000
2010 02 27 20 00 00 2 5836.695
2010 02 27 20 01 00 2 5836.708
2010 02 27 20 02 00 2 5836.697
2010 02 27 20 03 00 2 5836.679
2010 02 27 20 04 00 2 5836.680
2010 02 27 20 05 00 2 5836.691
2010 02 27 20 06 00 2 5836.685
2010 02 27 20 07 00 2 5836.666
2010 02 27 20 08 00 2 5836.664
2010 02 27 20 09 00 2 5836.678
2010 02 27 20 10 00 2 5836.683
2010 02 27 20 11 00 2 5836.676
2010 02 27 20 12 00 2 5836.680
2010 02 27 20 13 00 2 5836.693
2010 02 27 20 14 00 2 5836.690
2010 02 27 20 15 00 1 9999.000
2010 02 27 20 15 00 2 5836.668
2010 02 27 20 16 00 2 5836.656
2010 02 27 20 17 00 2 5836.660
2010 02 27 20 18 00 2 5836.663
2010 02 27 20 19 00 2 5836.658
2010 02 27 20 20 00 2 5836.650
2010 02 27 20 21 00 2 5836.640
2010 02 27 20 22 00 2 5836.628
2010 02 27 20 23 00 2 5836.623
2010 02 27 20 24 00 2 5836.624
2010 02 27 20 25 00 2 5836.616
2010 02 27 20 26 00 2 5836.598
2010 02 27 20 27 00 2 5836.597
2010 02 27 20 28 00 2 5836.612
2010 02 27 20 29 00 2 5836.610
2010 02 27 20 30 00 1 9999.000
2010 02 27 20 30 00 2 5836.584
2010 02 27 20 31 00 2 5836.569
2010 02 27 20 32 00 2 5836.578
2010 02 27 20 33 00 2 5836.585
2010 02 27 20 34 00 2 5836.575
2010 02 27 20 35 00 2 5836.567
2010 02 27 20 36 00 2 5836.572
2010 02 27 20 37 00 2 5836.578
2010 02 27 20 38 00 2 5836.570
2010 02 27 20 39 00 2 5836.550
2010 02 27 20 40 00 2 5836.534
2010 02 27 20 41 00 2 5836.525
2010 02 27 20 42 00 2 5836.522
2010 02 27 20 43 00 2 5836.517
2010 02 27 20 44 00 2 5836.510
2010 02 27 20 45 00 1 9999.000
2010 02 27 20 45 00 2 5836.512
2010 02 27 20 46 00 2 5836.517
2010 02 27 20 47 00 2 5836.512
2010 02 27 20 48 00 2 5836.509
2010 02 27 20 49 00 2 5836.511
2010 02 27 20 50 00 2 5836.498
2010 02 27 20 51 00 2 5836.480
2010 02 27 20 52 00 2 5836.477
2010 02 27 20 53 00 2 5836.487
2010 02 27 20 54 00 2 5836.490
2010 02 27 20 55 00 2 5836.481
2010 02 27 20 56 00 2 5836.471
2010 02 27 20 57 00 2 5836.463
2010 02 27 20 58 00 2 5836.457
2010 02 27 20 59 00 2 5836.456
2010 02 27 21 00 00 1 9999.000
2010 02 27 21 00 00 2 5836.456
2010 02 27 21 01 00 2 5836.451
2010 02 27 21 02 00 2 5836.447
2010 02 27 21 03 00 2 5836.448
2010 02 27 21 04 00 2 5836.444
2010 02 27 21 05 00 2 5836.437
2010 02 27 21 06 00 2 5836.426
2010 02 27 21 07 00 2 5836.414
2010 02 27 21 08 00 2 5836.413
2010 02 27 21 09 00 2 5836.417
2010 02 27 21 10 00 2 5836.411
2010 02 27 21 11 00 2 5836.398
2010 02 27 21 12 00 2 5836.398
2010 02 27 21 13 00 2 5836.401
2010 02 27 21 14 00 2 5836.391
2010 02 27 21 15 00 1 5836.382
2010 02 27 21 15 00 2 5836.377
2010 02 27 21 16 00 2 5836.367
2010 02 27 21 17 00 2 5836.370
2010 02 27 21 18 00 2 5836.385
2010 02 27 21 19 00 2 5836.386
2010 02 27 21 20 00 2 5836.364
2010 02 27 21 21 00 2 5836.353
2010 02 27 21 22 00 2 5836.361
2010 02 27 21 23 00 2 5836.353
2010 02 27 21 24 00 2 5836.335
2010 02 27 21 25 00 2 5836.341
2010 02 27 21 26 00 2 5836.347
2010 02 27 21 27 00 2 5836.331
2010 02 27 21 28 00 2 5836.325
2010 02 27 21 29 00 2 5836.339
2010 02 27 21 30 00 1 5836.344
2010 02 27 21 30 00 2 5836.340
2010 02 27 21 31 00 2 5836.331
2010 02 27 21 32 00 2 5836.328
2010 02 27 21 33 00 2 5836.317
2010 02 27 21 34 00 2 5836.298
2010 02 27 21 35 00 2 5836.288
2010 02 27 21 36 00 2 5836.287
2010 02 27 21 37 00 2 5836.284
2010 02 27 21 38 00 2 5836.280
2010 02 27 21 39 00 2 5836.275
2010 02 27 21 40 00 2 5836.270
2010 02 27 21 41 00 2 5836.268
2010 02 27 21 42 00 2 5836.272
2010 02 27 21 43 00 2 5836.274
2010 02 27 21 44 00 2 5836.259
2010 02 27 21 45 00 1 5836.245
2010 02 27 21 45 00 2 5836.241
2010 02 27 21 46 00 2 5836.241
2010 02 27 21 47 00 2 5836.244
2010 02 27 21 48 00 2 5836.234
2010 02 27 21 49 00 2 5836.230
2010 02 27 21 50 00 2 5836.235
2010 02 27 21 51 00 2 5836.240
2010 02 27 21 52 00 2 5836.247
2010 02 27 21 53 00 2 5836.247
2010 02 27 21 54 00 2 5836.234
2010 02 27 21 55 00 2 5836.226
2010 02 27 22 00 00 1 5836.171
2010 02 27 22 15 00 1 5836.121
2010 02 27 22 30 00 1 5836.076
2010 02 27 22 45 00 1 5836.034
2010 02 27 23 00 00 1 5835.960
2010 02 27 23 15 00 1 5835.986
2010 02 27 23 30 00 1 5835.947
2010 02 27 23 45 00 1 5835.905
2010 02 28 00 00 00 1 5835.866
2010 02 28 00 15 00 1 5835.930
2010 02 28 00 30 00 1 5835.923
2010 02 28 00 45 00 1 5835.946
2010 02 28 01 00 00 1 5835.956
2010 02 28 01 15 00 1 5835.974
2010 02 28 01 30 00 1 5836.018
2010 02 28 01 45 00 1 5836.067
2010 02 28 02 00 00 1 5836.123
2010 02 28 02 15 00 1 5836.185
2010 02 28 02 30 00 1 5836.244
2010 02 28 02 45 00 1 5836.313
2010 02 28 03 00 00 1 5836.364
2010 02 28 03 15 00 1 5836.448
2010 02 28 03 30 00 1 5836.516
2010 02 28 03 45 00 1 5836.612
2010 02 28 04 00 00 1 5836.673
2010 02 28 04 15 00 1 5836.740
2010 02 28 04 30 00 1 5836.777
2010 02 28 04 45 00 1 5836.835
2010 02 28 05 00 00 1 5836.908
2010 02 28 05 15 00 1 5836.953
2010 02 28 05 30 00 1 5836.981
2010 02 28 05 45 00 1 5836.998
2010 02 28 06 00 00 1 5837.007
2010 02 28 06 15 00 1 5837.021
2010 02 28 06 30 00 1 5837.017
2010 02 28 06 45 00 1 5837.010
2010 02 28 07 00 00 1 5836.997
2010 02 28 07 15 00 1 5836.963
2010 02 28 07 30 00 1 5836.923
2010 02 28 07 45 00 1 5836.852
2010 02 28 08 00 00 1 5836.829
2010 02 28 08 15 00 1 5836.780
2010 02 28 08 30 00 1 5836.700
2010 02 28 08 45 00 1 5836.651
2010 02 28 09 00 00 1 5836.565
2010 02 28 09 15 00 1 5836.488
2010 02 28 09 30 00 1 5836.411
2010 02 28 09 45 00 1 5836.336
2010 02 28 10 00 00 1 5836.260
2010 02 28 10 15 00 1 5836.178
2010 02 28 10 30 00 1 5836.114
2010 02 28 10 45 00 1 5836.058
2010 02 28 11 00 00 1 5835.983
2010 02 28 11 15 00 1 5835.930
2010 02 28 11 30 00 1 5835.896
2010 02 28 11 45 00 1 5835.869
2010 02 28 12 00 00 1 5835.839
2010 02 28 12 15 00 1 5835.806
2010 02 28 12 30 00 1 5835.799
2010 02 28 12 45 00 1 5835.814
2010 02 28 13 00 00 1 5835.819
2010 02 28 13 15 00 1 5835.859
2010 02 28 13 30 00 1 5835.864
2010 02 28 13 45 00 1 5835.898
2010 02 28 14 00 00 1 5835.946
2010 02 28 14 15 00 1 5835.993
2010 02 28 14 30 00 1 5836.064
2010 02 28 14 45 00 1 5836.128
2010 02 28 15 00 00 1 5836.189
2010 02 28 15 15 00 1 5836.274
2010 02 28 15 30 00 1 5836.353
2010 02 28 15 45 00 1 5836.421
2010 02 28 16 00 00 1 5836.515
2010 02 28 16 15 00 1 5836.573
2010 02 28 16 30 00 1 5836.670
2010 02 28 16 45 00 1 5836.729
2010 02 28 17 00 00 1 5836.799
2010 02 28 17 15 00 1 5836.848
2010 02 28 17 30 00 1 5836.917
2010 02 28 17 45 00 1 5836.972
2010 02 28 18 00 00 1 5837.008
2010 02 28 18 15 00 1 5837.022
2010 02 28 18 30 00 1 5837.052
2010 02 28 18 45 00 1 5837.058
2010 02 28 19 00 00 1 5837.058
2010 02 28 19 15 00 1 5837.059
2010 02 28 19 30 00 1 5837.029
2010 02 28 19 45 00 1 5837.003
2010 02 28 20 00 00 1 5836.966
2010 02 28 20 15 00 1 5836.927
2010 02 28 20 30 00 1 5836.862
2010 02 28 20 45 00 1 5836.802
2010 02 28 21 00 00 1 5836.730
2010 02 28 21 15 00 1 5836.662
2010 02 28 21 30 00 1 5836.598
2010 02 28 21 45 00 1 5836.508
2010 02 28 22 00 00 1 5836.438
2010 02 28 22 15 00 1 5836.365
2010 02 28 22 30 00 1 5836.283
2010 02 28 22 45 00 1 5836.210
2010 02 28 23 00 00 1 5836.122
2010 02 28 23 15 00 1 5836.065
2010 02 28 23 30 00 1 5836.014
2010 02 28 23 45 00 1 5835.952
2010 03 01 00 00 00 1 5835.902
2010 03 01 00 15 00 1 5835.859
2010 03 01 00 30 00 1 5835.838
2010 03 01 00 45 00 1 5835.805
2010 03 01 01 00 00 1 5835.797
2010 03 01 01 15 00 1 5835.807
2010 03 01 01 30 00 1 5835.801
2010 03 01 01 45 00 1 5835.834
2010 03 01 02 00 00 1 5835.865
2010 03 01 02 15 00 1 5835.882
2010 03 01 02 30 00 1 5835.928
2010 03 01 02 45 00 1 5835.995
2010 03 01 03 00 00 1 5836.057
2010 03 01 03 15 00 1 5836.128
2010 03 01 03 30 00 1 5836.206
2010 03 01 03 45 00 1 5836.278
2010 03 01 04 00 00 1 5836.353
2010 03 01 04 15 00 1 5836.424
2010 03 01 04 30 00 1 5836.508
2010 03 01 04 45 00 1 5836.584
2010 03 01 05 00 00 1 5836.658
2010 03 01 05 15 00 1 5836.733
2010 03 01 05 30 00 1 5836.804
2010 03 01 05 45 00 1 5836.863
2010 03 01 06 00 00 1 5836.906
2010 03 01 06 15 00 1 5836.960
2010 03 01 06 30 00 1 5837.003
2010 03 01 06 45 00 1 5837.027
2010 03 01 07 00 00 1 5837.049
2010 03 01 07 15 00 1 5837.057
2010 03 01 07 30 00 1 5837.052
2010 03 01 07 45 00 1 5837.051
2010 03 01 08 00 00 1 5837.021
2010 03 01 08 15 00 1 5836.989
2010 03 01 08 30 00 1 5836.941
2010 03 01 08 45 00 1 5836.893
2010 03 01 09 00 00 1 5836.838
2010 03 01 09 15 00 1 5836.772
2010 03 01 09 30 00 1 5836.708
2010 03 01 09 45 00 1 5836.616
2010 03 01 10 00 00 1 5836.544
2010 03 01 10 15 00 1 5836.464
2010 03 01 10 30 00 1 5836.381
2010 03 01 10 45 00 1 5836.290
2010 03 01 11 00 00 1 5836.208
2010 03 01 11 15 00 1 5836.130
2010 03 01 11 30 00 1 5836.049
2010 03 01 11 45 00 1 5835.990
2010 03 01 12 00 00 1 5835.925
2010 03 01 12 15 00 1 5835.870
2010 03 01 12 30 00 1 5835.821
2010 03 01 12 45 00 1 5835.793
2010 03 01 13 00 00 1 5835.759
2010 03 01 13 15 00 1 5835.736
2010 03 01 13 30 00 1 5835.740
2010 03 01 13 45 00 1 5835.736
2010 03 01 14 00 00 1 5835.749
2010 03 01 14 15 00 1 5835.777
2010 03 01 14 30 00 1 5835.814
2010 03 01 14 45 00 1 5835.865
2010 03 01 15 00 00 1 5835.913
2010 03 01 15 15 00 1 5835.975
2010 03 01 15 30 00 1 5836.051
2010 03 01 15 45 00 1 5836.125
2010 03 01 16 00 00 1 5836.204
2010 03 01 16 15 00 1 5836.275
2010 03 01 16 30 00 1 5836.362
2010 03 01 16 45 00 1 5836.461
2010 03 01 17 00 00 1 5836.554
2010 03 01 17 15 00 1 5836.623
2010 03 01 17 30 00 1 5836.703
2010 03 01 17 45 00 1 5836.793
2010 03 01 18 00 00 1 5836.869
2010 03 01 18 15 00 1 5836.928
2010 03 01 18 30 00 1 5836.988
2010 03 01 18 45 00 1 5837.019
2010 03 01 19 00 00 1 5837.059
2010 03 01 19 15 00 1 5837.085
2010 03 01 19 30 00 1 5837.099
2010 03 01 19 45 00 1 5837.110
2010 03 01 20 00 00 1 5837.101
2010 03 01 20 15 00 1 5837.102
2010 03 01 20 30 00 1 5837.074
2010 03 01 20 45 00 1 5837.028
2010 03 01 21 00 00 1 5836.985
2010 03 01 21 15 00 1 5836.929
2010 03 01 21 30 00 1 5836.865
2010 03 01 21 45 00 1 5836.799
2010 03 01 22 00 00 1 5836.719
2010 03 01 22 15 00 1 5836.641
2010 03 01 22 30 00 1 5836.555
2010 03 01 22 45 00 1 5836.466
2010 03 01 23 00 00 1 5836.384
2010 03 01 23 15 00 1 5836.293
2010 03 01 23 30 00 1 5836.216
2010 03 01 23 45 00 1 5836.128
2010 03 02 00 00 00 1 5836.047
2010 03 02 00 15 00 1 5835.985
2010 03 02 00 30 00 1 5835.912
2010 03 02 00 45 00 1 5835.859
2010 03 02 01 00 00 1 5835.818
2010 03 02 01 15 00 1 5835.773
2010 03 02 01 30 00 1 5835.740
2010 03 02 01 45 00 1 5835.718
2010 03 02 02 00 00 1 5835.715
2010 03 02 02 15 00 1 5835.715
2010 03 02 02 30 00 1 5835.730
2010 03 02 02 45 00 1 5835.759
2010 03 02 03 00 00 1 5835.792
2010 03 02 03 15 00 1 5835.835
2010 03 02 03 30 00 1 5835.882
2010 03 02 03 45 00 1 5835.944
2010 03 02 04 00 00 1 5836.017
2010 03 02 04 15 00 1 5836.097
2010 03 02 04 30 00 1 5836.177
2010 03 02 04 45 00 1 5836.256
2010 03 02 05 00 00 1 5836.346
2010 03 02 05 15 00 1 5836.433
2010 03 02 05 30 00 1 5836.517
2010 03 02 05 45 00 1 5836.605
2010 03 02 06 00 00 1 5836.687
2010 03 02 06 15 00 1 5836.761
2010 03 02 06 30 00 1 5836.834
2010 03 02 06 45 00 1 5836.896
2010 03 02 07 00 00 1 5836.947
2010 03 02 07 15 00 1 5836.997
2010 03 02 07 30 00 1 5837.034
2010 03 02 07 45 00 1 5837.070
2010 03 02 08 00 00 1 5837.078
2010 03 02 08 15 00 1 5837.082
2010 03 02 08 30 00 1 5837.080
2010 03 02 08 45 00 1 5837.064
2010 03 02 09 00 00 1 5837.030
2010 03 02 09 15 00 1 5836.992
2010 03 02 09 30 00 1 5836.950
2010 03 02 09 45 00 1 5836.892
2010 03 02 10 00 00 1 5836.817
2010 03 02 10 15 00 1 5836.756
2010 03 02 10 30 00 1 5836.678
2010 03 02 10 45 00 1 5836.596
2010 03 02 11 00 00 1 5836.516
2010 03 02 11 15 00 1 5836.424
2010 03 02 11 30 00 1 5836.334
2010 03 02 11 45 00 1 5836.247
2010 03 02 12 00 00 1 5836.168
2010 03 02 12 15 00 1 5836.086
2010 03 02 12 30 00 1 5836.009
2010 03 02 12 45 00 1 5835.947
2010 03 02 13 00 00 1 5835.885
2010 03 02 13 15 00 1 5835.825
2010 03 02 13 30 00 1 5835.786
2010 03 02 13 45 00 1 5835.752
2010 03 02 14 00 00 1 5835.728
2010 03 02 14 15 00 1 5835.714
2010 03 02 14 30 00 1 5835.721
2010 03 02 14 45 00 1 5835.730
2010 03 02 15 00 00 1 5835.740
2010 03 02 15 15 00 1 5835.776
2010 03 02 15 30 00 1 5835.824
2010 03 02 15 45 00 1 5835.872
2010 03 02 16 00 00 1 5835.939
2010 03 02 16 15 00 1 5836.011
2010 03 02 16 30 00 1 5836.082
2010 03 02 16 45 00 1 5836.163
2010 03 02 17 00 00 1 5836.256
2010 03 02 17 15 00 1 5836.348
2010 03 02 17 30 00 1 5836.438
2010 03 02 17 45 00 1 5836.534
2010 03 02 18 00 00 1 5836.630
2010 03 02 18 15 00 1 5836.714
2010 03 02 18 30 00 1 5836.798
2010 03 02 18 45 00 1 5836.870
2010 03 02 19 00 00 1 5836.939
2010 03 02 19 15 00 1 5836.998
2010 03 02 19 30 00 1 5837.055
2010 03 02 19 45 00 1 5837.103
2010 03 02 20 00 00 1 5837.133
2010 03 02 20 15 00 1 5837.153
2010 03 02 20 30 00 1 5837.165
2010 03 02 20 45 00 1 5837.166
2010 03 02 21 00 00 1 5837.151
2010 03 02 21 15 00 1 5837.133
2010 03 02 21 30 00 1 5837.096
2010 03 02 21 45 00 1 5837.048
2010 03 02 22 00 00 1 5836.994
2010 03 02 22 15 00 1 5836.932
2010 03 02 22 30 00 1 5836.859
2010 03 02 22 45 00 1 5836.784
2010 03 02 23 00 00 1 5836.703
2010 03 02 23 15 00 1 5836.619
2010 03 02 23 30 00 1 5836.529
2010 03 02 23 45 00 1 5836.435
2010 03 03 00 00 00 1 5836.351
2010 03 03 00 15 00 1 5836.260
2010 03 03 00 30 00 1 5836.171
2010 03 03 00 45 00 1 5836.093
2010 03 03 01 00 00 1 5836.016
2010 03 03 01 15 00 1 5835.942
2010 03 03 01 30 00 1 5835.878
2010 03 03 01 45 00 1 5835.818
2010 03 03 02 00 00 1 5835.772
2010 03 03 02 15 00 1 5835.735
2010 03 03 02 30 00 1 5835.706
2010 03 03 02 45 00 1 5835.698
2010 03 03 03 00 00 1 5835.688
2010 03 03 03 15 00 1 5835.696
2010 03 03 03 30 00 1 5835.711
2010 03 03 03 45 00 1 5835.746
2010 03 03 04 00 00 1 5835.790
2010 03 03 04 15 00 1 5835.842
2010 03 03 04 30 00 1 5835.907
2010 03 03 04 45 00 1 5835.976
2010 03 03 05 00 00 1 5836.050
2010 03 03 05 15 00 1 5836.128
2010 03 03 05 30 00 1 5836.212
2010 03 03 05 45 00 1 5836.299
2010 03 03 06 00 00 1 5836.395
2010 03 03 06 15 00 1 5836.484
2010 03 03 06 30 00 1 5836.572
2010 03 03 06 45 00 1 5836.661
2010 03 03 07 00 00 1 5836.746
2010 03 03 07 15 00 1 5836.817
2010 03 03 07 30 00 1 5836.889
2010 03 03 07 45 00 1 5836.951
2010 03 03 08 00 00 1 5837.007
2010 03 03 08 15 00 1 5837.054
2010 03 03 08 30 00 1 5837.088
2010 03 03 08 45 00 1 5837.105
2010 03 03 09 00 00 1 5837.115
2010 03 03 09 15 00 1 5837.115
2010 03 03 09 30 00 1 5837.102
2010 03 03 09 45 00 1 5837.077
2010 03 03 10 00 00 1 5837.041
2010 03 03 10 15 00 1 5836.997
2010 03 03 10 30 00 1 5836.944
2010 03 03 10 45 00 1 5836.877
2010 03 03 11 00 00 1 5836.810
2010 03 03 11 15 00 1 5836.736
2010 03 03 11 30 00 1 5836.653
2010 03 03 11 45 00 1 5836.566
2010 03 03 12 00 00 1 5836.483
2010 03 03 12 15 00 1 5836.392
2010 03 03 12 30 00 1 5836.307
2010 03 03 12 45 00 1 5836.220
2010 03 03 13 00 00 1 5836.139
2010 03 03 13 15 00 1 5836.057
2010 03 03 13 30 00 1 5835.985
2010 03 03 13 45 00 1 5835.925
2010 03 03 14 00 00 1 5835.867
2010 03 03 14 15 00 1 5835.817
2010 03 03 14 30 00 1 5835.782
2010 03 03 14 45 00 1 5835.749
2010 03 03 15 00 00 1 5835.731
2010 03 03 15 15 00 1 5835.726
2010 03 03 15 30 00 1 5835.733
2010 03 03 15 45 00 1 5835.749
2010 03 03 16 00 00 1 5835.781
2010 03 03 16 15 00 1 5835.817
2010 03 03 16 30 00 1 5835.874
2010 03 03 16 45 00 1 5835.935
2010 03 03 17 00 00 1 5836.004
2010 03 03 17 15 00 1 5836.083
2010 03 03 17 30 00 1 5836.167
2010 03 03 17 45 00 1 5836.251
2010 03 03 18 00 00 1 5836.344
2010 03 03 18 15 00 1 5836.434
2010 03 03 18 30 00 1 5836.526
2010 03 03 18 45 00 1 5836.617
2010 03 03 19 00 00 1 5836.708
2010 03 03 19 15 00 1 5836.794
2010 03 03 19 30 00 1 5836.872
2010 03 03 19 45 00 1 5836.940
2010 03 03 20 00 00 1 5837.003
2010 03 03 20 15 00 1 5837.060
2010 03 03 20 30 00 1 5837.104
2010 03 03 20 45 00 1 5837.136
2010 03 03 21 00 00 1 5837.160
2010 03 03 21 15 00 1 5837.175
2010 03 03 21 30 00 1 5837.173
2010 03 03 21 45 00 1 5837.161
2010 03 03 22 00 00 1 5837.140
2010 03 03 22 15 00 1 5837.105
2010 03 03 22 30 00 1 5837.065
2010 03 03 22 45 00 1 5837.013
2010 03 03 23 00 00 1 5836.956
2010 03 03 23 15 00 1 5836.886
2010 03 03 23 30 00 1 5836.810
2010 03 03 23 45 00 1 5836.732
2010 03 04 00 00 00 1 5836.646
2010 03 04 00 15 00 1 5836.556
2010 03 04 00 30 00 1 5836.465
2010 03 04 00 45 00 1 5836.372
2010 03 04 01 00 00 1 5836.283
2010 03 04 01 15 00 1 5836.194
2010 03 04 01 30 00 1 5836.115
2010 03 04 01 45 00 1 5836.034
2010 03 04 02 00 00 1 5835.965
2010 03 04 02 15 00 1 5835.899
2010 03 04 02 30 00 1 5835.838
2010 03 04 02 45 00 1 5835.791
2010 03 04 03 00 00 1 5835.750
2010 03 04 03 15 00 1 5835.725
2010 03 04 03 30 00 1 5835.707
2010 03 04 03 45 00 1 5835.700
2010 03 04 04 00 00 1 5835.709
2010 03 04 04 15 00 1 5835.729
2010 03 04 04 30 00 1 5835.756
2010 03 04 04 45 00 1 5835.794
2010 03 04 05 00 00 1 5835.846
2010 03 04 05 15 00 1 5835.907
2010 03 04 05 30 00 1 5835.977
2010 03 04 05 45 00 1 5836.048
2010 03 04 06 00 00 1 5836.128
2010 03 04 06 15 00 1 5836.214
2010 03 04 06 30 00 1 5836.300
2010 03 04 06 45 00 1 5836.394
2010 03 04 07 00 00 1 5836.480
2010 03 04 07 15 00 1 5836.570
2010 03 04 07 30 00 1 5836.658
2010 03 04 07 45 00 1 5836.735
2010 03 04 08 00 00 1 5836.814
2010 03 04 08 15 00 1 5836.882
2010 03 04 08 30 00 1 5836.944
2010 03 04 08 45 00 1 5836.997
2010 03 04 09 00 00 1 5837.037
2010 03 04 09 15 00 1 5837.072
2010 03 04 09 30 00 1 5837.095
2010 03 04 09 45 00 1 5837.107
2010 03 04 10 00 00 1 5837.110
2010 03 04 10 15 00 1 5837.104
2010 03 04 10 30 00 1 5837.083
2010 03 04 10 45 00 1 5837.052
2010 03 04 11 00 00 1 5837.007
2010 03 04 11 15 00 1 5836.958
2010 03 04 11 30 00 1 5836.902
2010 03 04 11 45 00 1 5836.834
2010 03 04 12 00 00 1 5836.761
2010 03 04 12 15 00 1 5836.687
2010 03 04 12 30 00 1 5836.605
2010 03 04 12 45 00 1 5836.520
2010 03 04 13 00 00 1 5836.435
2010 03 04 13 15 00 1 5836.348
2010 03 04 13 30 00 1 5836.265
2010 03 04 13 45 00 1 5836.186
2010 03 04 14 00 00 1 5836.112
2010 03 04 14 15 00 1 5836.041
2010 03 04 14 30 00 1 5835.974
2010 03 04 14 45 00 1 5835.916
2010 03 04 15 00 00 1 5835.864
2010 03 04 15 15 00 1 5835.822
2010 03 04 15 30 00 1 5835.790
2010 03 04 15 45 00 1 5835.768
2010 03 04 16 00 00 1 5835.762
2010 03 04 16 15 00 1 5835.764
2010 03 04 16 30 00 1 5835.781
2010 03 04 16 45 00 1 5835.809
2010 03 04 17 00 00 1 5835.847
2010 03 04 17 15 00 1 5835.898
2010 03 04 17 30 00 1 5835.957
2010 03 04 17 45 00 1 5836.024
2010 03 04 18 00 00 1 5836.096
2010 03 04 18 15 00 1 5836.176
2010 03 04 18 30 00 1 5836.263
2010 03 04 18 45 00 1 5836.350
2010 03 04 19 00 00 1 5836.440
2010 03 04 19 15 00 1 5836.529
2010 03 04 19 30 00 1 5836.616
2010 03 04 19 45 00 1 5836.701
2010 03 04 20 00 00 1 5836.781
2010 03 04 20 15 00 1 5836.858
2010 03 04 20 30 00 1 5836.928
2010 03 04 20 45 00 1 5836.990
2010 03 04 21 00 00 1 5837.046
2010 03 04 21 15 00 1 5837.086
2010 03 04 21 30 00 1 5837.115
2010 03 04 21 45 00 1 5837.136
2010 03 04 22 00 00 1 5837.151
2010 03 04 22 15 00 1 5837.153
2010 03 04 22 30 00 1 5837.146
2010 03 04 22 45 00 1 5837.128
2010 03 04 23 00 00 1 5837.095
2010 03 04 23 15 00 1 5837.053
2010 03 04 23 30 00 1 5837.005
2010 03 04 23 45 00 1 5836.949
2010 03 05 00 00 00 1 5836.885
2010 03 05 00 15 00 1 5836.813
2010 03 05 00 30 00 1 5836.738
2010 03 05 00 45 00 1 5836.656
2010 03 05 01 00 00 1 5836.572
2010 03 05 01 15 00 1 5836.485
2010 03 05 01 30 00 1 5836.397
2010 03 05 01 45 00 1 5836.313
2010 03 05 02 00 00 1 5836.229
2010 03 05 02 15 00 1 5836.146
2010 03 05 02 30 00 1 5836.066
2010 03 05 02 45 00 1 5835.994
2010 03 05 03 00 00 1 5835.931
2010 03 05 03 15 00 1 5835.875
2010 03 05 03 30 00 1 5835.827
2010 03 05 03 45 00 1 5835.788
2010 03 05 04 00 00 1 5835.756
2010 03 05 04 15 00 1 5835.739
2010 03 05 04 30 00 1 5835.730
2010 03 05 04 45 00 1 5835.735
2010 03 05 05 00 00 1 5835.748
2010 03 05 05 15 00 1 5835.775
2010 03 05 05 30 00 1 5835.811
2010 03 05 05 45 00 1 5835.856
2010 03 05 06 00 00 1 5835.912
2010 03 05 06 15 00 1 5835.974
2010 03 05 06 30 00 1 5836.043
2010 03 05 06 45 00 1 5836.119
2010 03 05 07 00 00 1 5836.200
2010 03 05 07 15 00 1 5836.284
2010 03 05 07 30 00 1 5836.371
2010 03 05 07 45 00 1 5836.458
2010 03 05 08 00 00 1 5836.544
2010 03 05 08 15 00 1 5836.626
2010 03 05 08 30 00 1 5836.705
2010 03 05 08 45 00 1 5836.778
2010 03 05 09 00 00 1 5836.841
2010 03 05 09 15 00 1 5836.898
2010 03 05 09 30 00 1 5836.948
2010 03 05 09 45 00 1 5836.991
2010 03 05 10 00 00 1 5837.026
2010 03 05 10 15 00 1 5837.048
2010 03 05 10 30 00 1 5837.063
2010 03 05 10 45 00 1 5837.066
2010 03 05 11 00 00 1 5837.060
2010 03 05 11 15 00 1 5837.043
2010 03 05 11 30 00 1 5837.014
2010 03 05 11 45 00 1 5836.979
2010 03 05 12 00 00 1 5836.932
2010 03 05 12 15 00 1 5836.878
2010 03 05 12 30 00 1 5836.819
2010 03 05 12 45 00 1 5836.751
2010 03 05 13 00 00 1 5836.680
2010 03 05 13 15 00 1 5836.606
2010 03 05 13 30 00 1 5836.526
2010 03 05 13 45 00 1 5836.446
2010 03 05 14 00 00 1 5836.365
2010 03 05 14 15 00 1 5836.286
2010 03 05 14 30 00 1 5836.209
2010 03 05 14 45 00 1 5836.134
2010 03 05 15 00 00 1 5836.068
2010 03 05 15 15 00 1 5836.006
2010 03 05 15 30 00 1 5835.950
2010 03 05 15 45 00 1 5835.904
2010 03 05 16 00 00 1 5835.866
2010 03 05 16 15 00 1 5835.840
2010 03 05 16 30 00 1 5835.821
2010 03 05 16 45 00 1 5835.811
2010 03 05 17 00 00 1 5835.813
2010 03 05 17 15 00 1 5835.828
2010 03 05 17 30 00 1 5835.854
2010 03 05 17 45 00 1 5835.892
2010 03 05 18 00 00 1 5835.934
2010 03 05 18 15 00 1 5835.987
2010 03 05 18 30 00 1 5836.048
2010 03 05 18 45 00 1 5836.111
2010 03 05 19 00 00 1 5836.183
2010 03 05 19 15 00 1 5836.258
2010 03 05 19 30 00 1 5836.337
2010 03 05 19 45 00 1 5836.420
2010 03 05 20 00 00 1 5836.501
2010 03 05 20 15 00 1 5836.583
2010 03 05 20 30 00 1 5836.663
2010 03 05 20 45 00 1 5836.738
2010 03 05 21 00 00 1 5836.809
2010 03 05 21 15 00 1 5836.867
2010 03 05 21 30 00 1 5836.925
2010 03 05 21 45 00 1 5836.975
2010 03 05 22 00 00 1 5837.016
2010 03 05 22 15 00 1 5837.048
2010 03 05 22 30 00 1 5837.072
2010 03 05 22 45 00 1 5837.085
2010 03 05 23 00 00 1 5837.086
2010 03 05 23 15 00 1 5837.078
2010 03 05 23 30 00 1 5837.063
2010 03 05 23 45 00 1 5837.038
2010 03 06 00 00 00 1 5837.001
2010 03 06 00 15 00 1 5836.958
2010 03 06 00 30 00 1 5836.904
2010 03 06 00 45 00 1 5836.844
2010 03 06 01 00 00 1 5836.778
2010 03 06 01 15 00 1 5836.706
2010 03 06 01 30 00 1 5836.629
2010 03 06 01 45 00 1 5836.550
2010 03 06 02 00 00 1 5836.469
2010 03 06 02 15 00 1 5836.391
2010 03 06 02 30 00 1 5836.308
2010 03 06 02 45 00 1 5836.226
2010 03 06 03 00 00 1 5836.150
2010 03 06 03 15 00 1 5836.077
2010 03 06 03 30 00 1 5836.013
2010 03 06 03 45 00 1 5835.954
2010 03 06 04 00 00 1 5835.900
2010 03 06 04 15 00 1 5835.855
2010 03 06 04 30 00 1 5835.819
2010 03 06 04 45 00 1 5835.793
2010 03 06 05 00 00 1 5835.777
2010 03 06 05 15 00 1 5835.770
2010 03 06 05 30 00 1 5835.770
2010 03 06 05 45 00 1 5835.783
2010 03 06 06 00 00 1 5835.807
2010 03 06 06 15 00 1 5835.837
2010 03 06 06 30 00 1 5835.880
