#YY  MM DD hh mm ss T   HEIGHT
#yr  mo dy hr mn  s -        m
2010 01 27 06 45 00 1 3244.161
2010 01 27 07 00 00 1 3244.103
2010 01 27 07 15 00 1 3244.030
2010 01 27 07 30 00 1 3243.954
2010 01 27 07 45 00 1 3243.878
2010 01 27 08 00 00 1 3243.798
2010 01 27 08 15 00 1 3243.711
2010 01 27 08 30 00 1 3243.629
2010 01 27 08 45 00 1 3243.545
2010 01 27 09 00 00 1 3243.462
2010 01 27 09 15 00 1 3243.381
2010 01 27 09 30 00 1 3243.304
2010 01 27 09 45 00 1 3243.233
2010 01 27 10 00 00 1 3243.166
2010 01 27 10 15 00 1 3243.108
2010 01 27 10 30 00 1 3243.057
2010 01 27 10 45 00 1 3243.019
2010 01 27 11 00 00 1 3242.986
2010 01 27 11 15 00 1 3242.965
2010 01 27 11 30 00 1 3242.952
2010 01 27 11 45 00 1 3242.952
2010 01 27 12 00 00 1 3242.962
2010 01 27 12 15 00 1 3242.979
2010 01 27 12 30 00 1 3243.009
2010 01 27 12 45 00 1 3243.051
2010 01 27 13 00 00 1 3243.097
2010 01 27 13 15 00 1 3243.149
2010 01 27 13 30 00 1 3243.210
2010 01 27 13 45 00 1 3243.279
2010 01 27 14 00 00 1 3243.351
2010 01 27 14 15 00 1 3243.430
2010 01 27 14 30 00 1 3243.506
2010 01 27 14 45 00 1 3243.586
2010 01 27 15 00 00 1 3243.668
2010 01 27 15 15 00 1 3243.745
2010 01 27 15 30 00 1 3243.820
2010 01 27 15 45 00 1 3243.894
2010 01 27 16 00 00 1 3243.963
2010 01 27 16 15 00 1 3244.024
2010 01 27 16 30 00 1 3244.076
2010 01 27 16 45 00 1 3244.121
2010 01 27 17 00 00 1 3244.157
2010 01 27 17 15 00 1 3244.184
2010 01 27 17 30 00 1 3244.203
2010 01 27 17 45 00 1 3244.214
2010 01 27 18 00 00 1 3244.208
2010 01 27 18 15 00 1 3244.197
2010 01 27 18 30 00 1 3244.175
2010 01 27 18 45 00 1 3244.143
2010 01 27 19 00 00 1 3244.100
2010 01 27 19 15 00 1 3244.051
2010 01 27 19 30 00 1 3243.994
2010 01 27 19 45 00 1 3243.929
2010 01 27 20 00 00 1 3243.863
2010 01 27 20 15 00 1 3243.792
2010 01 27 20 30 00 1 3243.716
2010 01 27 20 45 00 1 3243.641
2010 01 27 21 00 00 1 3243.565
2010 01 27 21 15 00 1 3243.482
2010 01 27 21 30 00 1 3243.405
2010 01 27 21 45 00 1 3243.329
2010 01 27 22 00 00 1 3243.259
2010 01 27 22 15 00 1 3243.193
2010 01 27 22 30 00 1 3243.138
2010 01 27 22 45 00 1 3243.086
2010 01 27 23 00 00 1 3243.044
2010 01 27 23 15 00 1 3243.011
2010 01 27 23 30 00 1 3242.991
2010 01 27 23 45 00 1 3242.977
2010 01 28 00 00 00 1 3242.973
2010 01 28 00 15 00 1 3242.980
2010 01 28 00 30 00 1 3243.003
2010 01 28 00 45 00 1 3243.033
2010 01 28 01 00 00 1 3243.076
2010 01 28 01 15 00 1 3243.126
2010 01 28 01 30 00 1 3243.186
2010 01 28 01 45 00 1 3243.256
2010 01 28 02 00 00 1 3243.331
2010 01 28 02 15 00 1 3243.413
2010 01 28 02 30 00 1 3243.504
2010 01 28 02 45 00 1 3243.593
2010 01 28 03 00 00 1 3243.682
2010 01 28 03 15 00 1 3243.780
2010 01 28 03 30 00 1 3243.870
2010 01 28 03 45 00 1 3243.962
2010 01 28 04 00 00 1 3244.049
2010 01 28 04 15 00 1 3244.130
2010 01 28 04 30 00 1 3244.204
2010 01 28 04 45 00 1 3244.270
2010 01 28 05 00 00 1 3244.325
2010 01 28 05 15 00 1 3244.374
2010 01 28 05 30 00 1 3244.413
2010 01 28 05 45 00 1 3244.440
2010 01 28 06 00 00 1 3244.454
2010 01 28 06 15 00 1 3244.458
2010 01 28 06 30 00 1 3244.450
2010 01 28 06 45 00 1 3244.429
2010 01 28 07 00 00 1 3244.401
2010 01 28 07 15 00 1 3244.360
2010 01 28 07 30 00 1 3244.312
2010 01 28 07 45 00 1 3244.251
2010 01 28 08 00 00 1 3244.181
2010 01 28 08 15 00 1 3244.099
2010 01 28 08 30 00 1 3244.011
2010 01 28 08 45 00 1 3243.922
2010 01 28 09 00 00 1 3243.828
2010 01 28 09 15 00 1 3243.729
2010 01 28 09 30 00 1 3243.633
2010 01 28 09 45 00 1 3243.531
2010 01 28 10 00 00 1 3243.433
2010 01 28 10 15 00 1 3243.337
2010 01 28 10 30 00 1 3243.247
2010 01 28 10 45 00 1 3243.165
2010 01 28 11 00 00 1 3243.088
2010 01 28 11 15 00 1 3243.019
2010 01 28 11 30 00 1 3242.960
2010 01 28 11 45 00 1 3242.909
2010 01 28 12 00 00 1 3242.872
2010 01 28 12 15 00 1 3242.845
2010 01 28 12 30 00 1 3242.832
2010 01 28 12 45 00 1 3242.832
2010 01 28 13 00 00 1 3242.841
2010 01 28 13 15 00 1 3242.864
2010 01 28 13 30 00 1 3242.903
2010 01 28 13 45 00 1 3242.948
2010 01 28 14 00 00 1 3243.004
2010 01 28 14 15 00 1 3243.070
2010 01 28 14 30 00 1 3243.144
2010 01 28 14 45 00 1 3243.226
2010 01 28 15 00 00 1 3243.311
2010 01 28 15 15 00 1 3243.401
2010 01 28 15 30 00 1 3243.498
2010 01 28 15 45 00 1 3243.597
2010 01 28 16 00 00 1 3243.695
2010 01 28 16 15 00 1 3243.790
2010 01 28 16 30 00 1 3243.883
2010 01 28 16 45 00 1 3243.971
2010 01 28 17 00 00 1 3244.056
2010 01 28 17 15 00 1 3244.126
2010 01 28 17 30 00 1 3244.192
2010 01 28 17 45 00 1 3244.247
2010 01 28 18 00 00 1 3244.290
2010 01 28 18 15 00 1 3244.325
2010 01 28 18 30 00 1 3244.348
2010 01 28 18 45 00 1 3244.358
2010 01 28 19 00 00 1 3244.355
2010 01 28 19 15 00 1 3244.342
2010 01 28 19 30 00 1 3244.318
2010 01 28 19 45 00 1 3244.281
2010 01 28 20 00 00 1 3244.232
2010 01 28 20 15 00 1 3244.176
2010 01 28 20 30 00 1 3244.105
2010 01 28 20 45 00 1 3244.031
2010 01 28 21 00 00 1 3243.951
2010 01 28 21 15 00 1 3243.861
2010 01 28 21 30 00 1 3243.772
2010 01 28 21 45 00 1 3243.675
2010 01 28 22 00 00 1 3243.583
2010 01 28 22 15 00 1 3243.486
2010 01 28 22 30 00 1 3243.393
2010 01 28 22 45 00 1 3243.304
2010 01 28 23 00 00 1 3243.219
2010 01 28 23 15 00 1 3243.141
2010 01 28 23 30 00 1 3243.068
2010 01 28 23 45 00 1 3243.003
2010 01 29 00 00 00 1 3242.953
2010 01 29 00 15 00 1 3242.914
2010 01 29 00 30 00 1 3242.887
2010 01 29 00 45 00 1 3242.868
2010 01 29 01 00 00 1 3242.866
2010 01 29 01 15 00 1 3242.872
2010 01 29 01 30 00 1 3242.893
2010 01 29 01 45 00 1 3242.930
2010 01 29 02 00 00 1 3242.976
2010 01 29 02 15 00 1 3243.040
2010 01 29 02 30 00 1 3243.109
2010 01 29 02 45 00 1 3243.188
2010 01 29 03 00 00 1 3243.277
2010 01 29 03 15 00 1 3243.376
2010 01 29 03 30 00 1 3243.475
2010 01 29 03 45 00 1 3243.582
2010 01 29 04 00 00 1 3243.689
2010 01 29 04 15 00 1 3243.805
2010 01 29 04 30 00 1 3243.912
2010 01 29 04 45 00 1 3244.020
2010 01 29 05 00 00 1 3244.123
2010 01 29 05 15 00 1 3244.216
2010 01 29 05 30 00 1 3244.302
2010 01 29 05 45 00 1 3244.377
2010 01 29 06 00 00 1 3244.442
2010 01 29 06 15 00 1 3244.502
2010 01 29 06 30 00 1 3244.544
2010 01 29 06 45 00 1 3244.575
2010 01 29 07 00 00 1 3244.596
2010 01 29 07 15 00 1 3244.600
2010 01 29 07 30 00 1 3244.588
2010 01 29 07 45 00 1 3244.563
2010 01 29 08 00 00 1 3244.525
2010 01 29 08 15 00 1 3244.476
2010 01 29 08 30 00 1 3244.411
2010 01 29 08 45 00 1 3244.338
2010 01 29 09 00 00 1 3244.254
2010 01 29 09 15 00 1 3244.163
2010 01 29 09 30 00 1 3244.059
2010 01 29 09 45 00 1 3243.950
2010 01 29 10 00 00 1 3243.837
2010 01 29 10 15 00 1 3243.720
2010 01 29 10 30 00 1 3243.602
2010 01 29 10 45 00 1 3243.486
2010 01 29 11 00 00 1 3243.370
2010 01 29 11 15 00 1 3243.264
2010 01 29 11 30 00 1 3243.161
2010 01 29 11 45 00 1 3243.066
2010 01 29 12 00 00 1 3242.978
2010 01 29 12 15 00 1 3242.901
2010 01 29 12 30 00 1 3242.835
2010 01 29 12 45 00 1 3242.783
2010 01 29 13 00 00 1 3242.744
2010 01 29 13 15 00 1 3242.723
2010 01 29 13 30 00 1 3242.711
2010 01 29 13 45 00 1 3242.718
2010 01 29 14 00 00 1 3242.735
2010 01 29 14 15 00 1 3242.765
2010 01 29 14 30 00 1 3242.813
2010 01 29 14 45 00 1 3242.871
2010 01 29 15 00 00 1 3242.944
2010 01 29 15 15 00 1 3243.030
2010 01 29 15 30 00 1 3243.124
2010 01 29 15 45 00 1 3243.220
2010 01 29 16 00 00 1 3243.331
2010 01 29 16 15 00 1 3243.445
2010 01 29 16 30 00 1 3243.562
2010 01 29 16 45 00 1 3243.677
2010 01 29 17 00 00 1 3243.792
2010 01 29 17 15 00 1 3243.906
2010 01 29 17 30 00 1 3244.015
2010 01 29 17 45 00 1 3244.117
2010 01 29 18 00 00 1 3244.212
2010 01 29 18 15 00 1 3244.301
2010 01 29 18 30 00 1 3244.377
2010 01 29 18 45 00 1 3244.439
2010 01 29 19 00 00 1 3244.489
2010 01 29 19 15 00 1 3244.528
2010 01 29 19 30 00 1 3244.549
2010 01 29 19 45 00 1 3244.555
2010 01 29 20 00 00 1 3244.547
2010 01 29 20 15 00 1 3244.528
2010 01 29 20 30 00 1 3244.494
2010 01 29 20 45 00 1 3244.446
2010 01 29 21 00 00 1 3244.384
2010 01 29 21 15 00 1 3244.308
2010 01 29 21 30 00 1 3244.226
2010 01 29 21 45 00 1 3244.131
2010 01 29 22 00 00 1 3244.032
2010 01 29 22 15 00 1 3243.924
2010 01 29 22 30 00 1 3243.812
2010 01 29 22 45 00 1 3243.697
2010 01 29 23 00 00 1 3243.583
2010 01 29 23 15 00 1 3243.469
2010 01 29 23 30 00 1 3243.355
2010 01 29 23 45 00 1 3243.244
2010 01 30 00 00 00 1 3243.144
2010 01 30 00 15 00 1 3243.053
2010 01 30 00 30 00 1 3242.970
2010 01 30 00 45 00 1 3242.895
2010 01 30 01 00 00 1 3242.837
2010 01 30 01 15 00 1 3242.789
2010 01 30 01 30 00 1 3242.759
2010 01 30 01 45 00 1 3242.741
2010 01 30 02 00 00 1 3242.739
2010 01 30 02 15 00 1 3242.753
2010 01 30 02 30 00 1 3242.787
2010 01 30 02 45 00 1 3242.830
2010 01 30 03 00 00 1 3242.890
2010 01 30 03 15 00 1 3242.962
2010 01 30 03 30 00 1 3243.043
2010 01 30 03 45 00 1 3243.138
2010 01 30 04 00 00 1 3243.242
2010 01 30 04 15 00 1 3243.354
2010 01 30 04 30 00 1 3243.474
2010 01 30 04 45 00 1 3243.597
2010 01 30 05 00 00 1 3243.720
2010 01 30 05 15 00 1 3243.846
2010 01 30 05 30 00 1 3243.966
2010 01 30 05 45 00 1 3244.090
2010 01 30 06 00 00 1 3244.202
2010 01 30 06 15 00 1 3244.309
2010 01 30 06 30 00 1 3244.405
2010 01 30 06 45 00 1 3244.490
2010 01 30 07 00 00 1 3244.565
2010 01 30 07 15 00 1 3244.622
2010 01 30 07 30 00 1 3244.672
2010 01 30 07 45 00 1 3244.701
2010 01 30 08 00 00 1 3244.714
2010 01 30 08 15 00 1 3244.714
2010 01 30 08 30 00 1 3244.696
2010 01 30 08 45 00 1 3244.662
2010 01 30 09 00 00 1 3244.613
2010 01 30 09 15 00 1 3244.549
2010 01 30 09 30 00 1 3244.472
2010 01 30 09 45 00 1 3244.381
2010 01 30 10 00 00 1 3244.278
2010 01 30 10 15 00 1 3244.169
2010 01 30 10 30 00 1 3244.048
2010 01 30 10 45 00 1 3243.924
2010 01 30 11 00 00 1 3243.793
2010 01 30 11 15 00 1 3243.659
2010 01 30 11 30 00 1 3243.523
2010 01 30 11 45 00 1 3243.391
2010 01 30 12 00 00 1 3243.263
2010 01 30 12 15 00 1 3243.137
2010 01 30 12 30 00 1 3243.020
2010 01 30 12 45 00 1 3242.915
2010 01 30 13 00 00 1 3242.822
2010 01 30 13 15 00 1 3242.742
2010 01 30 13 30 00 1 3242.673
2010 01 30 13 45 00 1 3242.621
2010 01 30 14 00 00 1 3242.587
2010 01 30 14 15 00 1 3242.568
2010 01 30 14 30 00 1 3242.567
2010 01 30 14 45 00 1 3242.578
2010 01 30 15 00 00 1 3242.611
2010 01 30 15 15 00 1 3242.659
2010 01 30 15 30 00 1 3242.722
2010 01 30 15 45 00 1 3242.799
2010 01 30 16 00 00 1 3242.890
2010 01 30 16 15 00 1 3242.995
2010 01 30 16 30 00 1 3243.110
2010 01 30 16 45 00 1 3243.229
2010 01 30 17 00 00 1 3243.358
2010 01 30 17 15 00 1 3243.493
2010 01 30 17 30 00 1 3243.629
2010 01 30 17 45 00 1 3243.766
2010 01 30 18 00 00 1 3243.899
2010 01 30 18 15 00 1 3244.028
2010 01 30 18 30 00 1 3244.150
2010 01 30 18 45 00 1 3244.267
2010 01 30 19 00 00 1 3244.371
2010 01 30 19 15 00 1 3244.466
2010 01 30 19 30 00 1 3244.545
2010 01 30 19 45 00 1 3244.609
2010 01 30 20 00 00 1 3244.660
2010 01 30 20 15 00 1 3244.694
2010 01 30 20 30 00 1 3244.715
2010 01 30 20 45 00 1 3244.715
2010 01 30 21 00 00 1 3244.698
2010 01 30 21 15 00 1 3244.668
2010 01 30 21 30 00 1 3244.619
2010 01 30 21 45 00 1 3244.558
2010 01 30 22 00 00 1 3244.480
2010 01 30 22 15 00 1 3244.390
2010 01 30 22 30 00 1 3244.282
2010 01 30 22 45 00 1 3244.169
2010 01 30 23 00 00 1 3244.050
2010 01 30 23 15 00 1 3243.925
2010 01 30 23 30 00 1 3243.793
2010 01 30 23 45 00 1 3243.658
2010 01 31 00 00 00 1 3243.523
2010 01 31 00 15 00 1 3243.391
2010 01 31 00 30 00 1 3243.261
2010 01 31 00 45 00 1 3243.141
2010 01 31 01 00 00 1 3243.027
2010 01 31 01 15 00 1 3242.928
2010 01 31 01 30 00 1 3242.838
2010 01 31 01 45 00 1 3242.763
2010 01 31 02 00 00 1 3242.701
2010 01 31 02 15 00 1 3242.654
2010 01 31 02 30 00 1 3242.624
2010 01 31 02 45 00 1 3242.614
2010 01 31 03 00 00 1 3242.620
2010 01 31 03 15 00 1 3242.645
2010 01 31 03 30 00 1 3242.686
2010 01 31 03 45 00 1 3242.742
2010 01 31 04 00 00 1 3242.812
2010 01 31 04 15 00 1 3242.900
2010 01 31 04 30 00 1 3243.001
2010 01 31 04 45 00 1 3243.112
2010 01 31 05 00 00 1 3243.231
2010 01 31 05 15 00 1 3243.364
2010 01 31 05 30 00 1 3243.496
2010 01 31 05 45 00 1 3243.637
2010 01 31 06 00 00 1 3243.777
2010 01 31 06 15 00 1 3243.918
2010 01 31 06 30 00 1 3244.053
2010 01 31 06 45 00 1 3244.182
2010 01 31 07 00 00 1 3244.306
2010 01 31 07 15 00 1 3244.423
2010 01 31 07 30 00 1 3244.527
2010 01 31 07 45 00 1 3244.613
2010 01 31 08 00 00 1 3244.685
2010 01 31 08 15 00 1 3244.742
2010 01 31 08 30 00 1 3244.785
2010 01 31 08 45 00 1 3244.808
2010 01 31 09 00 00 1 3244.814
2010 01 31 09 15 00 1 3244.804
2010 01 31 09 30 00 1 3244.774
2010 01 31 09 45 00 1 3244.726
2010 01 31 10 00 00 1 3244.662
2010 01 31 10 15 00 1 3244.584
2010 01 31 10 30 00 1 3244.490
2010 01 31 10 45 00 1 3244.383
2010 01 31 11 00 00 1 3244.263
2010 01 31 11 15 00 1 3244.136
2010 01 31 11 30 00 1 3244.000
2010 01 31 11 45 00 1 3243.858
2010 01 31 12 00 00 1 3243.712
2010 01 31 12 15 00 1 3243.563
2010 01 31 12 30 00 1 3243.417
2010 01 31 12 45 00 1 3243.271
2010 01 31 13 00 00 1 3243.132
2010 01 31 13 15 00 1 3243.000
2010 01 31 13 30 00 1 3242.882
2010 01 31 13 45 00 1 3242.774
2010 01 31 14 00 00 1 3242.678
2010 01 31 14 15 00 1 3242.600
2010 01 31 14 30 00 1 3242.539
2010 01 31 14 45 00 1 3242.494
2010 01 31 15 00 00 1 3242.471
2010 01 31 15 15 00 1 3242.462
2010 01 31 15 30 00 1 3242.473
2010 01 31 15 45 00 1 3242.504
2010 01 31 16 00 00 1 3242.553
2010 01 31 16 15 00 1 3242.621
2010 01 31 16 30 00 1 3242.704
2010 01 31 16 45 00 1 3242.802
2010 01 31 17 00 00 1 3242.915
2010 01 31 17 15 00 1 3243.036
2010 01 31 17 30 00 1 3243.167
2010 01 31 17 45 00 1 3243.308
2010 01 31 18 00 00 1 3243.454
2010 01 31 18 15 00 1 3243.606
2010 01 31 18 30 00 1 3243.759
2010 01 31 18 45 00 1 3243.909
2010 01 31 19 00 00 1 3244.057
2010 01 31 19 15 00 1 3244.198
2010 01 31 19 30 00 1 3244.328
2010 01 31 19 45 00 1 3244.452
2010 01 31 20 00 00 1 3244.557
2010 01 31 20 15 00 1 3244.652
2010 01 31 20 30 00 1 3244.734
2010 01 31 20 45 00 1 3244.795
2010 01 31 21 00 00 1 3244.840
2010 01 31 21 15 00 1 3244.870
2010 01 31 21 30 00 1 3244.878
2010 01 31 21 45 00 1 3244.867
2010 01 31 22 00 00 1 3244.838
2010 01 31 22 15 00 1 3244.792
2010 01 31 22 30 00 1 3244.726
2010 01 31 22 45 00 1 3244.646
2010 01 31 23 00 00 1 3244.546
2010 01 31 23 15 00 1 3244.438
2010 01 31 23 30 00 1 3244.317
2010 01 31 23 45 00 1 3244.191
2010 02 01 00 00 00 1 3244.052
2010 02 01 00 15 00 1 3243.908
2010 02 01 00 30 00 1 3243.761
2010 02 01 00 45 00 1 3243.614
2010 02 01 01 00 00 1 3243.469
2010 02 01 01 15 00 1 3243.330
2010 02 01 01 30 00 1 3243.195
2010 02 01 01 45 00 1 3243.067
2010 02 01 02 00 00 1 3242.950
2010 02 01 02 15 00 1 3242.845
2010 02 01 02 30 00 1 3242.755
2010 02 01 02 45 00 1 3242.683
2010 02 01 03 00 00 1 3242.622
2010 02 01 03 15 00 1 3242.581
2010 02 01 03 30 00 1 3242.558
2010 02 01 03 45 00 1 3242.556
2010 02 01 04 00 00 1 3242.570
2010 02 01 04 15 00 1 3242.603
2010 02 01 04 30 00 1 3242.653
2010 02 01 04 45 00 1 3242.720
2010 02 01 05 00 00 1 3242.803
2010 02 01 05 15 00 1 3242.902
2010 02 01 05 30 00 1 3243.014
2010 02 01 05 45 00 1 3243.139
2010 02 01 06 00 00 1 3243.276
2010 02 01 06 15 00 1 3243.416
2010 02 01 06 30 00 1 3243.562
2010 02 01 06 45 00 1 3243.710
2010 02 01 07 00 00 1 3243.857
2010 02 01 07 15 00 1 3244.004
2010 02 01 07 30 00 1 3244.145
2010 02 01 07 45 00 1 3244.280
2010 02 01 08 00 00 1 3244.404
2010 02 01 08 15 00 1 3244.519
2010 02 01 08 30 00 1 3244.618
2010 02 01 08 45 00 1 3244.701
2010 02 01 09 00 00 1 3244.772
2010 02 01 09 15 00 1 3244.822
2010 02 01 09 30 00 1 3244.854
2010 02 01 09 45 00 1 3244.868
2010 02 01 10 00 00 1 3244.864
2010 02 01 10 15 00 1 3244.840
2010 02 01 10 30 00 1 3244.796
2010 02 01 10 45 00 1 3244.736
2010 02 01 11 00 00 1 3244.657
2010 02 01 11 15 00 1 3244.564
2010 02 01 11 30 00 1 3244.455
2010 02 01 11 45 00 1 3244.333
2010 02 01 12 00 00 1 3244.198
2010 02 01 12 15 00 1 3244.054
2010 02 01 12 30 00 1 3243.905
2010 02 01 12 45 00 1 3243.751
2010 02 01 13 00 00 1 3243.596
2010 02 01 13 15 00 1 3243.445
2010 02 01 13 30 00 1 3243.292
2010 02 01 13 45 00 1 3243.147
2010 02 01 14 00 00 1 3243.008
2010 02 01 14 15 00 1 3242.881
2010 02 01 14 30 00 1 3242.767
2010 02 01 14 45 00 1 3242.669
2010 02 01 15 00 00 1 3242.580
2010 02 01 15 15 00 1 3242.507
2010 02 01 15 30 00 1 3242.459
2010 02 01 15 45 00 1 3242.428
2010 02 01 16 00 00 1 3242.417
2010 02 01 16 15 00 1 3242.424
2010 02 01 16 30 00 1 3242.455
2010 02 01 16 45 00 1 3242.503
2010 02 01 17 00 00 1 3242.569
2010 02 01 17 15 00 1 3242.652
2010 02 01 17 30 00 1 3242.751
2010 02 01 17 45 00 1 3242.863
2010 02 01 18 00 00 1 3242.990
2010 02 01 18 15 00 1 3243.127
2010 02 01 18 30 00 1 3243.273
2010 02 01 18 45 00 1 3243.428
2010 02 01 19 00 00 1 3243.586
2010 02 01 19 15 00 1 3243.746
2010 02 01 19 30 00 1 3243.903
2010 02 01 19 45 00 1 3244.058
2010 02 01 20 00 00 1 3244.201
2010 02 01 20 15 00 1 3244.341
2010 02 01 20 30 00 1 3244.474
2010 02 01 20 45 00 1 3244.590
2010 02 01 21 00 00 1 3244.694
2010 02 01 21 15 00 1 3244.779
2010 02 01 21 30 00 1 3244.848
2010 02 01 21 45 00 1 3244.901
2010 02 01 22 00 00 1 3244.933
2010 02 01 22 15 00 1 3244.948
2010 02 01 22 30 00 1 3244.944
2010 02 01 22 45 00 1 3244.919
2010 02 01 23 00 00 1 3244.873
2010 02 01 23 15 00 1 3244.808
2010 02 01 23 30 00 1 3244.728
2010 02 01 23 45 00 1 3244.633
2010 02 02 00 00 00 1 3244.522
2010 02 02 00 15 00 1 3244.398
2010 02 02 00 30 00 1 3244.268
2010 02 02 00 45 00 1 3244.127
2010 02 02 01 00 00 1 3243.984
2010 02 02 01 15 00 1 3243.833
2010 02 02 01 30 00 1 3243.682
2010 02 02 01 45 00 1 3243.532
2010 02 02 02 00 00 1 3243.383
2010 02 02 02 15 00 1 3243.242
2010 02 02 02 30 00 1 3243.106
2010 02 02 02 45 00 1 3242.981
2010 02 02 03 00 00 1 3242.869
2010 02 02 03 15 00 1 3242.772
2010 02 02 03 30 00 1 3242.690
2010 02 02 03 45 00 1 3242.627
2010 02 02 04 00 00 1 3242.579
2010 02 02 04 15 00 1 3242.551
2010 02 02 04 30 00 1 3242.541
2010 02 02 04 45 00 1 3242.549
2010 02 02 05 00 00 1 3242.574
2010 02 02 05 15 00 1 3242.617
2010 02 02 05 30 00 1 3242.679
2010 02 02 05 45 00 1 3242.759
2010 02 02 06 00 00 1 3242.856
2010 02 02 06 15 00 1 3242.966
2010 02 02 06 30 00 1 3243.086
2010 02 02 06 45 00 1 3243.218
2010 02 02 07 00 00 1 3243.358
2010 02 02 07 15 00 1 3243.508
2010 02 02 07 30 00 1 3243.657
2010 02 02 07 45 00 1 3243.805
2010 02 02 08 00 00 1 3243.954
2010 02 02 08 15 00 1 3244.099
2010 02 02 08 30 00 1 3244.235
2010 02 02 08 45 00 1 3244.360
2010 02 02 09 00 00 1 3244.472
2010 02 02 09 15 00 1 3244.574
2010 02 02 09 30 00 1 3244.661
2010 02 02 09 45 00 1 3244.733
2010 02 02 10 00 00 1 3244.790
2010 02 02 10 15 00 1 3244.829
2010 02 02 10 30 00 1 3244.849
2010 02 02 10 45 00 1 3244.853
2010 02 02 11 00 00 1 3244.836
2010 02 02 11 15 00 1 3244.797
2010 02 02 11 30 00 1 3244.740
2010 02 02 11 45 00 1 3244.664
2010 02 02 12 00 00 1 3244.572
2010 02 02 12 15 00 1 3244.467
2010 02 02 12 30 00 1 3244.347
2010 02 02 12 45 00 1 3244.216
2010 02 02 13 00 00 1 3244.077
2010 02 02 13 15 00 1 3243.932
2010 02 02 13 30 00 1 3243.785
2010 02 02 13 45 00 1 3243.629
2010 02 02 14 00 00 1 3243.477
2010 02 02 14 15 00 1 3243.328
2010 02 02 14 30 00 1 3243.185
2010 02 02 14 45 00 1 3243.049
2010 02 02 15 00 00 1 3242.924
2010 02 02 15 15 00 1 3242.807
2010 02 02 15 30 00 1 3242.704
2010 02 02 15 45 00 1 3242.616
2010 02 02 16 00 00 1 3242.545
2010 02 02 16 15 00 1 3242.493
2010 02 02 16 30 00 1 3242.461
2010 02 02 16 45 00 1 3242.445
2010 02 02 17 00 00 1 3242.449
2010 02 02 17 15 00 1 3242.474
2010 02 02 17 30 00 1 3242.515
2010 02 02 17 45 00 1 3242.580
2010 02 02 18 00 00 1 3242.664
2010 02 02 18 15 00 1 3242.764
2010 02 02 18 30 00 1 3242.878
2010 02 02 18 45 00 1 3243.002
2010 02 02 19 00 00 1 3243.136
2010 02 02 19 15 00 1 3243.279
2010 02 02 19 30 00 1 3243.431
2010 02 02 19 45 00 1 3243.585
2010 02 02 20 00 00 1 3243.745
2010 02 02 20 15 00 1 3243.900
2010 02 02 20 30 00 1 3244.053
2010 02 02 20 45 00 1 3244.201
2010 02 02 21 00 00 1 3244.343
2010 02 02 21 15 00 1 3244.473
2010 02 02 21 30 00 1 3244.592
2010 02 02 21 45 00 1 3244.698
2010 02 02 22 00 00 1 3244.789
2010 02 02 22 15 00 1 3244.861
2010 02 02 22 30 00 1 3244.917
2010 02 02 22 45 00 1 3244.955
2010 02 02 23 00 00 1 3244.975
2010 02 02 23 15 00 1 3244.973
2010 02 02 23 30 00 1 3244.949
2010 02 02 23 45 00 1 3244.912
2010 02 03 00 00 00 1 3244.857
2010 02 03 00 15 00 1 3244.779
2010 02 03 00 30 00 1 3244.686
2010 02 03 00 45 00 1 3244.579
2010 02 03 01 00 00 1 3244.458
2010 02 03 01 15 00 1 3244.331
2010 02 03 01 30 00 1 3244.192
2010 02 03 01 45 00 1 3244.048
2010 02 03 02 00 00 1 3243.904
2010 02 03 02 15 00 1 3243.754
2010 02 03 02 30 00 1 3243.607
2010 02 03 02 45 00 1 3243.465
2010 02 03 03 00 00 1 3243.325
2010 02 03 03 15 00 1 3243.192
2010 02 03 03 30 00 1 3243.068
2010 02 03 03 45 00 1 3242.954
2010 02 03 04 00 00 1 3242.855
2010 02 03 04 15 00 1 3242.766
2010 02 03 04 30 00 1 3242.695
2010 02 03 04 45 00 1 3242.641
2010 02 03 05 00 00 1 3242.604
2010 02 03 05 15 00 1 3242.584
2010 02 03 05 30 00 1 3242.583
2010 02 03 05 45 00 1 3242.601
2010 02 03 06 00 00 1 3242.634
2010 02 03 06 15 00 1 3242.689
2010 02 03 06 30 00 1 3242.762
2010 02 03 06 45 00 1 3242.848
2010 02 03 07 00 00 1 3242.949
2010 02 03 07 15 00 1 3243.060
2010 02 03 07 30 00 1 3243.181
2010 02 03 07 45 00 1 3243.313
2010 02 03 08 00 00 1 3243.451
2010 02 03 08 15 00 1 3243.592
2010 02 03 08 30 00 1 3243.734
2010 02 03 08 45 00 1 3243.873
2010 02 03 09 00 00 1 3244.011
2010 02 03 09 15 00 1 3244.141
2010 02 03 09 30 00 1 3244.264
2010 02 03 09 45 00 1 3244.376
2010 02 03 10 00 00 1 3244.478
2010 02 03 10 15 00 1 3244.568
2010 02 03 10 30 00 1 3244.640
2010 02 03 10 45 00 1 3244.697
2010 02 03 11 00 00 1 3244.737
2010 02 03 11 15 00 1 3244.759
2010 02 03 11 30 00 1 3244.764
2010 02 03 11 45 00 1 3244.750
2010 02 03 12 00 00 1 3244.720
2010 02 03 12 15 00 1 3244.670
2010 02 03 12 30 00 1 3244.602
2010 02 03 12 45 00 1 3244.521
2010 02 03 13 00 00 1 3244.426
2010 02 03 13 15 00 1 3244.318
2010 02 03 13 30 00 1 3244.201
2010 02 03 13 45 00 1 3244.073
2010 02 03 14 00 00 1 3243.938
2010 02 03 14 15 00 1 3243.797
2010 02 03 14 30 00 1 3243.654
2010 02 03 14 45 00 1 3243.512
2010 02 03 15 00 00 1 3243.373
2010 02 03 15 15 00 1 3243.240
2010 02 03 15 30 00 1 3243.111
2010 02 03 15 45 00 1 3242.986
2010 02 03 16 00 00 1 3242.877
2010 02 03 16 15 00 1 3242.779
2010 02 03 16 30 00 1 3242.698
2010 02 03 16 45 00 1 3242.632
2010 02 03 17 00 00 1 3242.581
2010 02 03 17 15 00 1 3242.545
2010 02 03 17 30 00 1 3242.529
2010 02 03 17 45 00 1 3242.530
2010 02 03 18 00 00 1 3242.550
2010 02 03 18 15 00 1 3242.590
2010 02 03 18 30 00 1 3242.650
2010 02 03 18 45 00 1 3242.722
2010 02 03 19 00 00 1 3242.812
2010 02 03 19 15 00 1 3242.915
2010 02 03 19 30 00 1 3243.030
2010 02 03 19 45 00 1 3243.157
2010 02 03 20 00 00 1 3243.290
2010 02 03 20 15 00 1 3243.429
2010 02 03 20 30 00 1 3243.578
2010 02 03 20 45 00 1 3243.725
2010 02 03 21 00 00 1 3243.870
2010 02 03 21 15 00 1 3244.013
2010 02 03 21 30 00 1 3244.155
2010 02 03 21 45 00 1 3244.285
2010 02 03 22 00 00 1 3244.407
2010 02 03 22 15 00 1 3244.521
2010 02 03 22 30 00 1 3244.619
2010 02 03 22 45 00 1 3244.703
2010 02 03 23 00 00 1 3244.774
2010 02 03 23 15 00 1 3244.828
2010 02 03 23 30 00 1 3244.863
2010 02 03 23 45 00 1 3244.883
2010 02 04 00 00 00 1 3244.889
2010 02 04 00 15 00 1 3244.875
2010 02 04 00 30 00 1 3244.841
2010 02 04 00 45 00 1 3244.790
2010 02 04 01 00 00 1 3244.722
2010 02 04 01 15 00 1 3244.638
2010 02 04 01 30 00 1 3244.544
2010 02 04 01 45 00 1 3244.432
2010 02 04 02 00 00 1 3244.314
2010 02 04 02 15 00 1 3244.191
2010 02 04 02 30 00 1 3244.063
2010 02 04 02 45 00 1 3243.926
2010 02 04 03 00 00 1 3243.785
2010 02 04 03 15 00 1 3243.649
2010 02 04 03 30 00 1 3243.512
2010 02 04 03 45 00 1 3243.378
2010 02 04 04 00 00 1 3243.250
2010 02 04 04 15 00 1 3243.131
2010 02 04 04 30 00 1 3243.026
2010 02 04 04 45 00 1 3242.931
2010 02 04 05 00 00 1 3242.847
2010 02 04 05 15 00 1 3242.777
2010 02 04 05 30 00 1 3242.721
2010 02 04 05 45 00 1 3242.684
2010 02 04 06 00 00 1 3242.663
2010 02 04 06 15 00 1 3242.659
2010 02 04 06 30 00 1 3242.669
2010 02 04 06 45 00 1 3242.700
2010 02 04 07 00 00 1 3242.742
2010 02 04 07 15 00 1 3242.802
2010 02 04 07 30 00 1 3242.877
2010 02 04 07 45 00 1 3242.967
2010 02 04 08 00 00 1 3243.069
2010 02 04 08 15 00 1 3243.175
2010 02 04 08 30 00 1 3243.291
2010 02 04 08 45 00 1 3243.414
2010 02 04 09 00 00 1 3243.542
2010 02 04 09 15 00 1 3243.671
2010 02 04 09 30 00 1 3243.801
2010 02 04 09 45 00 1 3243.929
2010 02 04 10 00 00 1 3244.050
2010 02 04 10 15 00 1 3244.162
2010 02 04 10 30 00 1 3244.265
2010 02 04 10 45 00 1 3244.359
2010 02 04 11 00 00 1 3244.442
2010 02 04 11 15 00 1 3244.513
2010 02 04 11 30 00 1 3244.565
2010 02 04 11 45 00 1 3244.604
2010 02 04 12 00 00 1 3244.628
2010 02 04 12 15 00 1 3244.634
2010 02 04 12 30 00 1 3244.629
2010 02 04 12 45 00 1 3244.603
2010 02 04 13 00 00 1 3244.563
2010 02 04 13 15 00 1 3244.508
2010 02 04 13 30 00 1 3244.436
2010 02 04 13 45 00 1 3244.353
2010 02 04 14 00 00 1 3244.259
2010 02 04 14 15 00 1 3244.156
2010 02 04 14 30 00 1 3244.044
2010 02 04 14 45 00 1 3243.927
2010 02 04 15 00 00 1 3243.805
2010 02 04 15 15 00 1 3243.680
2010 02 04 15 30 00 1 3243.549
2010 02 04 15 45 00 1 3243.422
2010 02 04 16 00 00 1 3243.302
2010 02 04 16 15 00 1 3243.184
2010 02 04 16 30 00 1 3243.076
2010 02 04 16 45 00 1 3242.979
2010 02 04 17 00 00 1 3242.889
2010 02 04 17 15 00 1 3242.815
2010 02 04 17 30 00 1 3242.750
2010 02 04 17 45 00 1 3242.698
2010 02 04 18 00 00 1 3242.664
2010 02 04 18 15 00 1 3242.646
2010 02 04 18 30 00 1 3242.647
2010 02 04 18 45 00 1 3242.660
2010 02 04 19 00 00 1 3242.694
2010 02 04 19 15 00 1 3242.740
2010 02 04 19 30 00 1 3242.803
2010 02 04 19 45 00 1 3242.880
2010 02 04 20 00 00 1 3242.969
2010 02 04 20 15 00 1 3243.068
2010 02 04 20 30 00 1 3243.174
2010 02 04 20 45 00 1 3243.291
2010 02 04 21 00 00 1 3243.413
2010 02 04 21 15 00 1 3243.543
2010 02 04 21 30 00 1 3243.674
2010 02 04 21 45 00 1 3243.804
2010 02 04 22 00 00 1 3243.932
2010 02 04 22 15 00 1 3244.058
2010 02 04 22 30 00 1 3244.179
2010 02 04 22 45 00 1 3244.292
2010 02 04 23 00 00 1 3244.394
2010 02 04 23 15 00 1 3244.486
2010 02 04 23 30 00 1 3244.565
2010 02 04 23 45 00 1 3244.630
2010 02 05 00 00 00 1 3244.681
2010 02 05 00 15 00 1 9999.000
2010 02 05 00 30 00 1 9999.000
2010 02 05 00 45 00 1 9999.000
2010 02 05 01 00 00 1 9999.000
2010 02 05 01 15 00 1 9999.000
2010 02 05 01 30 00 1 9999.000
2010 02 05 01 45 00 1 9999.000
2010 02 05 02 00 00 1 9999.000
2010 02 05 02 15 00 1 3244.456
2010 02 05 02 30 00 1 3244.364
2010 02 05 02 45 00 1 3244.267
2010 02 05 03 00 00 1 3244.156
2010 02 05 03 15 00 1 3244.043
2010 02 05 03 30 00 1 3243.922
2010 02 05 03 45 00 1 3243.799
2010 02 05 04 00 00 1 3243.675
2010 02 05 04 15 00 1 9999.000
2010 02 05 04 30 00 1 9999.000
2010 02 05 04 45 00 1 9999.000
2010 02 05 05 00 00 1 9999.000
2010 02 05 05 15 00 1 3243.116
2010 02 05 05 30 00 1 3243.029
2010 02 05 05 45 00 1 3242.949
2010 02 05 06 00 00 1 3242.886
2010 02 05 06 15 00 1 3242.832
2010 02 05 06 30 00 1 3242.795
2010 02 05 06 45 00 1 3242.768
2010 02 05 07 00 00 1 3242.756
2010 02 05 07 15 00 1 3242.758
2010 02 05 07 30 00 1 3242.778
2010 02 05 07 45 00 1 3242.811
2010 02 05 08 00 00 1 3242.861
2010 02 05 08 15 00 1 3242.921
2010 02 05 08 30 00 1 3242.999
2010 02 05 08 45 00 1 3243.084
2010 02 05 09 00 00 1 3243.177
2010 02 05 09 15 00 1 3243.277
2010 02 05 09 30 00 1 3243.386
2010 02 05 09 45 00 1 3243.498
2010 02 05 10 00 00 1 3243.610
2010 02 05 10 15 00 1 3243.724
2010 02 05 10 30 00 1 3243.833
2010 02 05 10 45 00 1 3243.938
2010 02 05 11 00 00 1 3244.042
2010 02 05 11 15 00 1 3244.135
2010 02 05 11 30 00 1 3244.219
2010 02 05 11 45 00 1 3244.298
2010 02 05 12 00 00 1 3244.359
2010 02 05 12 15 00 1 3244.414
2010 02 05 12 30 00 1 3244.456
2010 02 05 12 45 00 1 3244.485
2010 02 05 13 00 00 1 3244.502
2010 02 05 13 15 00 1 3244.503
2010 02 05 13 30 00 1 3244.489
2010 02 05 13 45 00 1 3244.461
2010 02 05 14 00 00 1 3244.419
2010 02 05 14 15 00 1 3244.366
2010 02 05 14 30 00 1 3244.297
2010 02 05 14 45 00 1 3244.220
2010 02 05 15 00 00 1 3244.136
2010 02 05 15 15 00 1 3244.042
2010 02 05 15 30 00 1 3243.946
2010 02 05 15 45 00 1 3243.841
2010 02 05 16 00 00 1 3243.734
2010 02 05 16 15 00 1 9999.000
2010 02 05 16 30 00 1 9999.000
2010 02 05 16 45 00 1 9999.000
2010 02 05 17 00 00 1 9999.000
2010 02 05 17 15 00 1 3243.219
2010 02 05 17 30 00 1 3243.134
2010 02 05 17 45 00 1 3243.054
2010 02 05 18 00 00 1 3242.987
2010 02 05 18 15 00 1 3242.929
2010 02 05 18 30 00 1 3242.885
2010 02 05 18 45 00 1 3242.853
2010 02 05 19 00 00 1 3242.832
2010 02 05 19 15 00 1 3242.825
2010 02 05 19 30 00 1 3242.831
2010 02 05 19 45 00 1 3242.852
2010 02 05 20 00 00 1 3242.891
2010 02 05 20 15 00 1 3242.944
2010 02 05 20 30 00 1 3243.005
2010 02 05 20 45 00 1 3243.076
2010 02 05 21 00 00 1 3243.158
2010 02 05 21 15 00 1 3243.247
2010 02 05 21 30 00 1 3243.345
2010 02 05 21 45 00 1 3243.448
2010 02 05 22 00 00 1 3243.556
2010 02 05 22 15 00 1 3243.668
2010 02 05 22 30 00 1 3243.777
2010 02 05 22 45 00 1 3243.885
2010 02 05 23 00 00 1 3243.993
2010 02 05 23 15 00 1 3244.096
2010 02 05 23 30 00 1 3244.193
2010 02 05 23 45 00 1 3244.280
2010 02 06 00 00 00 1 3244.362
2010 02 06 00 15 00 1 3244.432
2010 02 06 00 30 00 1 3244.490
2010 02 06 00 45 00 1 3244.538
2010 02 06 01 00 00 1 3244.572
2010 02 06 01 15 00 1 3244.597
2010 02 06 01 30 00 1 3244.604
2010 02 06 01 45 00 1 3244.600
2010 02 06 02 00 00 1 3244.583
2010 02 06 02 15 00 1 3244.551
2010 02 06 02 30 00 1 3244.506
2010 02 06 02 45 00 1 3244.453
2010 02 06 03 00 00 1 3244.388
2010 02 06 03 15 00 1 3244.312
2010 02 06 03 30 00 1 3244.227
2010 02 06 03 45 00 1 3244.137
2010 02 06 04 00 00 1 3244.038
2010 02 06 04 15 00 1 3243.937
2010 02 06 04 30 00 1 3243.830
2010 02 06 04 45 00 1 3243.725
2010 02 06 05 00 00 1 3243.617
2010 02 06 05 15 00 1 3243.513
2010 02 06 05 30 00 1 3243.416
2010 02 06 05 45 00 1 3243.319
2010 02 06 06 00 00 1 3243.234
2010 02 06 06 15 00 1 3243.154
2010 02 06 06 30 00 1 3243.083
2010 02 06 06 45 00 1 3243.022
2010 02 06 07 00 00 1 3242.969
2010 02 06 07 15 00 1 3242.925
2010 02 06 07 30 00 1 3242.896
2010 02 06 07 45 00 1 3242.882
2010 02 06 08 00 00 1 3242.881
2010 02 06 08 15 00 1 3242.891
2010 02 06 08 30 00 1 3242.913
2010 02 06 08 45 00 1 3242.944
2010 02 06 09 00 00 1 3242.989
2010 02 06 09 15 00 1 3243.048
2010 02 06 09 30 00 1 3243.115
2010 02 06 09 45 00 1 3243.192
2010 02 06 10 00 00 1 3243.273
2010 02 06 10 15 00 1 3243.362
2010 02 06 10 30 00 1 3243.452
2010 02 06 10 45 00 1 3243.545
2010 02 06 11 00 00 1 3243.640
2010 02 06 11 15 00 1 3243.733
2010 02 06 11 30 00 1 3243.827
2010 02 06 11 45 00 1 3243.916
2010 02 06 12 00 00 1 3244.001
2010 02 06 12 15 00 1 3244.074
2010 02 06 12 30 00 1 3244.143
2010 02 06 12 45 00 1 3244.206
2010 02 06 13 00 00 1 3244.257
2010 02 06 13 15 00 1 3244.299
2010 02 06 13 30 00 1 3244.330
2010 02 06 13 45 00 1 3244.348
2010 02 06 14 00 00 1 3244.358
2010 02 06 14 15 00 1 3244.353
2010 02 06 14 30 00 1 3244.338
2010 02 06 14 45 00 1 3244.313
2010 02 06 15 00 00 1 3244.278
2010 02 06 15 15 00 1 3244.230
2010 02 06 15 30 00 1 3244.176
2010 02 06 15 45 00 1 3244.110
2010 02 06 16 00 00 1 3244.036
2010 02 06 16 15 00 1 3243.960
2010 02 06 16 30 00 1 3243.879
2010 02 06 16 45 00 1 3243.794
2010 02 06 17 00 00 1 3243.706
2010 02 06 17 15 00 1 3243.616
2010 02 06 17 30 00 1 3243.526
2010 02 06 17 45 00 1 3243.442
2010 02 06 18 00 00 1 3243.363
2010 02 06 18 15 00 1 3243.288
2010 02 06 18 30 00 1 3243.221
2010 02 06 18 45 00 1 3243.161
2010 02 06 19 00 00 1 3243.109
2010 02 06 19 15 00 1 3243.065
2010 02 06 19 30 00 1 3243.031
2010 02 06 19 45 00 1 3243.008
2010 02 06 20 00 00 1 3242.994
2010 02 06 20 15 00 1 9999.000
2010 02 06 20 30 00 1 9999.000
2010 02 06 20 45 00 1 9999.000
2010 02 06 21 00 00 1 9999.000
2010 02 06 21 15 00 1 9999.000
2010 02 06 21 30 00 1 9999.000
2010 02 06 21 45 00 1 9999.000
2010 02 06 22 00 00 1 9999.000
2010 02 06 22 15 00 1 3243.359
2010 02 06 22 30 00 1 3243.440
2010 02 06 22 45 00 1 3243.525
2010 02 06 23 00 00 1 3243.617
2010 02 06 23 15 00 1 3243.709
2010 02 06 23 30 00 1 3243.799
2010 02 06 23 45 00 1 3243.887
2010 02 07 00 00 00 1 3243.974
2010 02 07 00 15 00 1 3244.057
2010 02 07 00 30 00 1 3244.133
2010 02 07 00 45 00 1 3244.204
2010 02 07 01 00 00 1 3244.266
2010 02 07 01 15 00 1 3244.322
2010 02 07 01 30 00 1 3244.365
2010 02 07 01 45 00 1 3244.401
2010 02 07 02 00 00 1 3244.429
2010 02 07 02 15 00 1 3244.444
2010 02 07 02 30 00 1 3244.446
2010 02 07 02 45 00 1 3244.436
2010 02 07 03 00 00 1 3244.417
2010 02 07 03 15 00 1 3244.389
2010 02 07 03 30 00 1 3244.349
2010 02 07 03 45 00 1 3244.299
2010 02 07 04 00 00 1 3244.245
2010 02 07 04 15 00 1 3244.180
2010 02 07 04 30 00 1 3244.109
2010 02 07 04 45 00 1 3244.031
2010 02 07 05 00 00 1 3243.949
2010 02 07 05 15 00 1 9999.000
2010 02 07 05 30 00 1 9999.000
2010 02 07 05 45 00 1 9999.000
2010 02 07 06 00 00 1 9999.000
2010 02 07 06 15 00 1 3243.513
2010 02 07 06 30 00 1 3243.429
2010 02 07 06 45 00 1 3243.350
2010 02 07 07 00 00 1 3243.279
2010 02 07 07 15 00 1 3243.212
2010 02 07 07 30 00 1 3243.152
2010 02 07 07 45 00 1 3243.099
2010 02 07 08 00 00 1 3243.057
2010 02 07 08 15 00 1 3243.028
2010 02 07 08 30 00 1 3243.007
2010 02 07 08 45 00 1 3242.997
2010 02 07 09 00 00 1 3242.996
2010 02 07 09 15 00 1 3243.001
2010 02 07 09 30 00 1 3243.021
2010 02 07 09 45 00 1 3243.051
2010 02 07 10 00 00 1 3243.091
2010 02 07 10 15 00 1 3243.138
2010 02 07 10 30 00 1 3243.193
2010 02 07 10 45 00 1 3243.253
2010 02 07 11 00 00 1 3243.322
2010 02 07 11 15 00 1 3243.395
2010 02 07 11 30 00 1 3243.470
2010 02 07 11 45 00 1 3243.544
2010 02 07 12 00 00 1 3243.622
2010 02 07 12 15 00 1 3243.699
2010 02 07 12 30 00 1 3243.778
2010 02 07 12 45 00 1 3243.852
2010 02 07 13 00 00 1 3243.921
2010 02 07 13 15 00 1 3243.989
2010 02 07 13 30 00 1 3244.046
2010 02 07 13 45 00 1 3244.098
2010 02 07 14 00 00 1 3244.140
2010 02 07 14 15 00 1 3244.175
2010 02 07 14 30 00 1 3244.201
2010 02 07 14 45 00 1 3244.220
2010 02 07 15 00 00 1 3244.226
2010 02 07 15 15 00 1 3244.228
2010 02 07 15 30 00 1 3244.217
2010 02 07 15 45 00 1 3244.196
2010 02 07 16 00 00 1 3244.166
2010 02 07 16 15 00 1 3244.127
2010 02 07 16 30 00 1 3244.081
2010 02 07 16 45 00 1 3244.028
2010 02 07 17 00 00 1 3243.969
2010 02 07 17 15 00 1 3243.905
2010 02 07 17 30 00 1 3243.840
2010 02 07 17 45 00 1 3243.767
2010 02 07 18 00 00 1 3243.696
2010 02 07 18 15 00 1 3243.621
2010 02 07 18 30 00 1 3243.549
2010 02 07 18 45 00 1 3243.476
2010 02 07 19 00 00 1 3243.408
2010 02 07 19 15 00 1 3243.344
2010 02 07 19 30 00 1 3243.289
2010 02 07 19 45 00 1 3243.237
2010 02 07 20 00 00 1 3243.192
2010 02 07 20 15 00 1 3243.155
2010 02 07 20 30 00 1 3243.125
2010 02 07 20 45 00 1 3243.107
2010 02 07 21 00 00 1 3243.097
2010 02 07 21 15 00 1 3243.096
2010 02 07 21 30 00 1 3243.105
2010 02 07 21 45 00 1 3243.120
2010 02 07 22 00 00 1 3243.146
2010 02 07 22 15 00 1 3243.181
2010 02 07 22 30 00 1 3243.223
2010 02 07 22 45 00 1 3243.278
2010 02 07 23 00 00 1 3243.335
2010 02 07 23 15 00 1 3243.399
2010 02 07 23 30 00 1 3243.465
2010 02 07 23 45 00 1 3243.537
2010 02 08 00 00 00 1 3243.609
2010 02 08 00 15 00 1 3243.687
2010 02 08 00 30 00 1 3243.766
2010 02 08 00 45 00 1 3243.842
2010 02 08 01 00 00 1 3243.919
2010 02 08 01 15 00 1 3243.987
2010 02 08 01 30 00 1 3244.051
2010 02 08 01 45 00 1 3244.109
2010 02 08 02 00 00 1 3244.164
2010 02 08 02 15 00 1 3244.215
2010 02 08 02 30 00 1 3244.257
2010 02 08 02 45 00 1 3244.289
2010 02 08 03 00 00 1 3244.314
2010 02 08 03 15 00 1 3244.329
2010 02 08 03 30 00 1 3244.334
2010 02 08 03 45 00 1 3244.328
2010 02 08 04 00 00 1 3244.314
2010 02 08 04 15 00 1 3244.292
2010 02 08 04 30 00 1 3244.261
2010 02 08 04 45 00 1 3244.224
2010 02 08 05 00 00 1 3244.178
2010 02 08 05 15 00 1 3244.124
2010 02 08 05 30 00 1 3244.067
2010 02 08 05 45 00 1 3244.002
2010 02 08 06 00 00 1 3243.934
2010 02 08 06 15 00 1 3243.861
2010 02 08 06 30 00 1 3243.788
2010 02 08 06 45 00 1 3243.712
2010 02 08 07 00 00 1 3243.637
2010 02 08 07 15 00 1 3243.559
2010 02 08 07 30 00 1 3243.490
2010 02 08 07 45 00 1 3243.426
2010 02 08 08 00 00 1 3243.365
2010 02 08 08 15 00 1 3243.307
2010 02 08 08 30 00 1 3243.257
2010 02 08 08 45 00 1 3243.210
2010 02 08 09 00 00 1 3243.172
2010 02 08 09 15 00 1 3243.143
2010 02 08 09 30 00 1 3243.120
2010 02 08 09 45 00 1 3243.105
2010 02 08 10 00 00 1 3243.104
2010 02 08 10 15 00 1 3243.110
2010 02 08 10 30 00 1 3243.125
2010 02 08 10 45 00 1 3243.150
2010 02 08 11 00 00 1 3243.184
2010 02 08 11 15 00 1 3243.220
2010 02 08 11 30 00 1 3243.263
2010 02 08 11 45 00 1 3243.314
2010 02 08 12 00 00 1 3243.370
2010 02 08 12 15 00 1 3243.430
2010 02 08 12 30 00 1 3243.493
2010 02 08 12 45 00 1 3243.558
2010 02 08 13 00 00 1 3243.626
2010 02 08 13 15 00 1 3243.694
2010 02 08 13 30 00 1 3243.760
2010 02 08 13 45 00 1 3243.827
2010 02 08 14 00 00 1 3243.889
2010 02 08 14 15 00 1 3243.947
2010 02 08 14 30 00 1 3243.998
2010 02 08 14 45 00 1 3244.045
2010 02 08 15 00 00 1 3244.084
2010 02 08 15 15 00 1 3244.118
2010 02 08 15 30 00 1 3244.145
2010 02 08 15 45 00 1 3244.160
2010 02 08 16 00 00 1 3244.170
2010 02 08 16 15 00 1 3244.169
2010 02 08 16 30 00 1 3244.164
2010 02 08 16 45 00 1 3244.150
2010 02 08 17 00 00 1 3244.128
2010 02 08 17 15 00 1 3244.095
2010 02 08 17 30 00 1 3244.058
2010 02 08 17 45 00 1 3244.016
2010 02 08 18 00 00 1 3243.969
2010 02 08 18 15 00 1 3243.917
2010 02 08 18 30 00 1 3243.858
2010 02 08 18 45 00 1 3243.798
2010 02 08 19 00 00 1 3243.735
2010 02 08 19 15 00 1 3243.672
2010 02 08 19 30 00 1 3243.607
2010 02 08 19 45 00 1 3243.547
2010 02 08 20 00 00 1 3243.486
2010 02 08 20 15 00 1 3243.429
2010 02 08 20 30 00 1 3243.378
2010 02 08 20 45 00 1 3243.330
2010 02 08 21 00 00 1 3243.290
2010 02 08 21 15 00 1 3243.254
2010 02 08 21 30 00 1 3243.223
2010 02 08 21 45 00 1 3243.203
2010 02 08 22 00 00 1 3243.188
2010 02 08 22 15 00 1 3243.183
2010 02 08 22 30 00 1 3243.187
2010 02 08 22 45 00 1 3243.198
2010 02 08 23 00 00 1 3243.217
2010 02 08 23 15 00 1 3243.243
2010 02 08 23 30 00 1 3243.273
2010 02 08 23 45 00 1 3243.312
2010 02 09 00 00 00 1 3243.358
2010 02 09 00 15 00 1 3243.411
2010 02 09 00 30 00 1 3243.470
2010 02 09 00 45 00 1 3243.532
2010 02 09 01 00 00 1 3243.595
2010 02 09 01 15 00 1 3243.662
2010 02 09 01 30 00 1 3243.729
2010 02 09 01 45 00 1 3243.797
2010 02 09 02 00 00 1 3243.866
2010 02 09 02 15 00 1 3243.932
2010 02 09 02 30 00 1 3243.996
2010 02 09 02 45 00 1 3244.055
2010 02 09 03 00 00 1 3244.107
2010 02 09 03 15 00 1 3244.156
2010 02 09 03 30 00 1 3244.196
2010 02 09 03 45 00 1 3244.225
2010 02 09 04 00 00 1 3244.249
2010 02 09 04 15 00 1 3244.264
2010 02 09 04 30 00 1 3244.275
2010 02 09 04 45 00 1 3244.278
2010 02 09 05 00 00 1 3244.270
2010 02 09 05 15 00 1 3244.253
2010 02 09 05 30 00 1 3244.229
2010 02 09 05 45 00 1 3244.197
2010 02 09 06 00 00 1 3244.157
2010 02 09 06 15 00 1 3244.110
2010 02 09 06 30 00 1 3244.060
2010 02 09 06 45 00 1 3244.004
2010 02 09 07 00 00 1 3243.946
2010 02 09 07 15 00 1 3243.879
2010 02 09 07 30 00 1 3243.810
2010 02 09 07 45 00 1 3243.737
2010 02 09 08 00 00 1 3243.666
2010 02 09 08 15 00 1 3243.597
2010 02 09 08 30 00 1 3243.529
2010 02 09 08 45 00 1 3243.460
2010 02 09 09 00 00 1 3243.401
2010 02 09 09 15 00 1 3243.346
2010 02 09 09 30 00 1 3243.294
2010 02 09 09 45 00 1 3243.248
2010 02 09 10 00 00 1 3243.209
2010 02 09 10 15 00 1 3243.176
2010 02 09 10 30 00 1 3243.152
2010 02 09 10 45 00 1 3243.135
2010 02 09 11 00 00 1 3243.127
2010 02 09 11 15 00 1 3243.131
2010 02 09 11 30 00 1 3243.140
2010 02 09 11 45 00 1 3243.158
2010 02 09 12 00 00 1 3243.183
2010 02 09 12 15 00 1 3243.214
2010 02 09 12 30 00 1 3243.251
2010 02 09 12 45 00 1 3243.297
2010 02 09 13 00 00 1 3243.349
2010 02 09 13 15 00 1 3243.404
2010 02 09 13 30 00 1 3243.464
2010 02 09 13 45 00 1 3243.527
2010 02 09 14 00 00 1 3243.591
2010 02 09 14 15 00 1 3243.652
2010 02 09 14 30 00 1 3243.719
2010 02 09 14 45 00 1 3243.780
2010 02 09 15 00 00 1 3243.841
2010 02 09 15 15 00 1 3243.905
2010 02 09 15 30 00 1 3243.962
2010 02 09 15 45 00 1 3244.012
2010 02 09 16 00 00 1 3244.056
2010 02 09 16 15 00 1 3244.094
2010 02 09 16 30 00 1 3244.122
2010 02 09 16 45 00 1 3244.143
2010 02 09 17 00 00 1 3244.156
2010 02 09 17 15 00 1 3244.163
2010 02 09 17 30 00 1 3244.160
2010 02 09 17 45 00 1 3244.153
2010 02 09 18 00 00 1 3244.135
2010 02 09 18 15 00 1 3244.113
2010 02 09 18 30 00 1 3244.083
2010 02 09 18 45 00 1 3244.047
2010 02 09 19 00 00 1 3244.003
2010 02 09 19 15 00 1 3243.953
2010 02 09 19 30 00 1 3243.899
2010 02 09 19 45 00 1 3243.844
2010 02 09 20 00 00 1 3243.785
2010 02 09 20 15 00 1 3243.722
2010 02 09 20 30 00 1 3243.660
2010 02 09 20 45 00 1 3243.597
2010 02 09 21 00 00 1 3243.535
2010 02 09 21 15 00 1 3243.478
2010 02 09 21 30 00 1 3243.423
2010 02 09 21 45 00 1 3243.370
2010 02 09 22 00 00 1 3243.324
2010 02 09 22 15 00 1 3243.282
2010 02 09 22 30 00 1 3243.248
2010 02 09 22 45 00 1 3243.219
2010 02 09 23 00 00 1 3243.202
2010 02 09 23 15 00 1 3243.191
2010 02 09 23 30 00 1 3243.189
2010 02 09 23 45 00 1 3243.195
2010 02 10 00 00 00 1 3243.208
2010 02 10 00 15 00 1 3243.225
2010 02 10 00 30 00 1 3243.254
2010 02 10 00 45 00 1 3243.287
2010 02 10 01 00 00 1 3243.330
2010 02 10 01 15 00 1 3243.377
2010 02 10 01 30 00 1 3243.432
2010 02 10 01 45 00 1 3243.490
2010 02 10 02 00 00 1 3243.553
2010 02 10 02 15 00 1 3243.620
2010 02 10 02 30 00 1 3243.688
2010 02 10 02 45 00 1 3243.758
2010 02 10 03 00 00 1 3243.827
2010 02 10 03 15 00 1 3243.894
2010 02 10 03 30 00 1 3243.954
2010 02 10 03 45 00 1 3244.014
2010 02 10 04 00 00 1 3244.071
2010 02 10 04 15 00 1 3244.120
2010 02 10 04 30 00 1 3244.163
2010 02 10 04 45 00 1 3244.199
2010 02 10 05 00 00 1 3244.224
2010 02 10 05 15 00 1 3244.244
2010 02 10 05 30 00 1 3244.252
2010 02 10 05 45 00 1 3244.256
2010 02 10 06 00 00 1 3244.248
2010 02 10 06 15 00 1 3244.234
2010 02 10 06 30 00 1 3244.210
2010 02 10 06 45 00 1 3244.180
2010 02 10 07 00 00 1 3244.143
2010 02 10 07 15 00 1 3244.100
2010 02 10 07 30 00 1 3244.048
2010 02 10 07 45 00 1 3243.994
2010 02 10 08 00 00 1 3243.933
2010 02 10 08 15 00 1 3243.869
2010 02 10 08 30 00 1 3243.802
2010 02 10 08 45 00 1 3243.733
2010 02 10 09 00 00 1 3243.659
2010 02 10 09 15 00 1 3243.586
2010 02 10 09 30 00 1 3243.519
2010 02 10 09 45 00 1 3243.454
2010 02 10 10 00 00 1 3243.389
2010 02 10 10 15 00 1 3243.330
2010 02 10 10 30 00 1 3243.273
2010 02 10 10 45 00 1 3243.226
2010 02 10 11 00 00 1 3243.182
2010 02 10 11 15 00 1 3243.144
2010 02 10 11 30 00 1 3243.119
2010 02 10 11 45 00 1 3243.100
2010 02 10 12 00 00 1 3243.093
2010 02 10 12 15 00 1 3243.089
2010 02 10 12 30 00 1 3243.095
2010 02 10 12 45 00 1 3243.112
2010 02 10 13 00 00 1 3243.135
2010 02 10 13 15 00 1 3243.167
2010 02 10 13 30 00 1 3243.203
2010 02 10 13 45 00 1 3243.248
2010 02 10 14 00 00 1 3243.301
2010 02 10 14 15 00 1 3243.357
2010 02 10 14 30 00 1 3243.420
2010 02 10 14 45 00 1 3243.484
2010 02 10 15 00 00 1 3243.550
2010 02 10 15 15 00 1 3243.623
2010 02 10 15 30 00 1 3243.693
2010 02 10 15 45 00 1 3243.760
2010 02 10 16 00 00 1 3243.824
2010 02 10 16 15 00 1 3243.888
2010 02 10 16 30 00 1 3243.946
2010 02 10 16 45 00 1 3243.999
2010 02 10 17 00 00 1 3244.046
2010 02 10 17 15 00 1 3244.088
2010 02 10 17 30 00 1 3244.122
2010 02 10 17 45 00 1 3244.152
2010 02 10 18 00 00 1 3244.168
2010 02 10 18 15 00 1 9999.000
2010 02 10 18 30 00 1 9999.000
2010 02 10 18 45 00 1 9999.000
2010 02 10 19 00 00 1 9999.000
2010 02 10 19 15 00 1 3244.129
2010 02 10 19 30 00 1 3244.096
2010 02 10 19 45 00 1 3244.056
2010 02 10 20 00 00 1 3244.011
2010 02 10 20 15 00 1 3243.956
2010 02 10 20 30 00 1 3243.901
2010 02 10 20 45 00 1 3243.841
2010 02 10 21 00 00 1 3243.782
2010 02 10 21 15 00 1 3243.713
2010 02 10 21 30 00 1 3243.649
2010 02 10 21 45 00 1 3243.582
2010 02 10 22 00 00 1 3243.517
2010 02 10 22 15 00 1 3243.452
2010 02 10 22 30 00 1 3243.392
2010 02 10 22 45 00 1 3243.335
2010 02 10 23 00 00 1 3243.283
2010 02 10 23 15 00 1 3243.242
2010 02 10 23 30 00 1 3243.207
2010 02 10 23 45 00 1 3243.180
2010 02 11 00 00 00 1 3243.158
2010 02 11 00 15 00 1 3243.146
2010 02 11 00 30 00 1 3243.144
2010 02 11 00 45 00 1 3243.150
2010 02 11 01 00 00 1 3243.166
2010 02 11 01 15 00 1 3243.185
2010 02 11 01 30 00 1 3243.216
2010 02 11 01 45 00 1 3243.256
2010 02 11 02 00 00 1 3243.307
2010 02 11 02 15 00 1 3243.362
2010 02 11 02 30 00 1 3243.424
2010 02 11 02 45 00 1 3243.489
2010 02 11 03 00 00 1 3243.558
2010 02 11 03 15 00 1 3243.629
2010 02 11 03 30 00 1 3243.701
2010 02 11 03 45 00 1 3243.774
2010 02 11 04 00 00 1 3243.848
2010 02 11 04 15 00 1 3243.921
2010 02 11 04 30 00 1 3243.989
2010 02 11 04 45 00 1 3244.052
2010 02 11 05 00 00 1 3244.108
2010 02 11 05 15 00 1 3244.160
2010 02 11 05 30 00 1 3244.206
2010 02 11 05 45 00 1 3244.245
2010 02 11 06 00 00 1 3244.276
2010 02 11 06 15 00 1 3244.295
2010 02 11 06 30 00 1 3244.306
2010 02 11 06 45 00 1 3244.308
2010 02 11 07 00 00 1 3244.296
2010 02 11 07 15 00 1 3244.282
2010 02 11 07 30 00 1 3244.256
2010 02 11 07 45 00 1 3244.224
2010 02 11 08 00 00 1 3244.184
2010 02 11 08 15 00 1 3244.136
2010 02 11 08 30 00 1 3244.077
2010 02 11 08 45 00 1 3244.015
2010 02 11 09 00 00 1 3243.945
2010 02 11 09 15 00 1 3243.874
2010 02 11 09 30 00 1 3243.800
2010 02 11 09 45 00 1 3243.721
2010 02 11 10 00 00 1 3243.644
2010 02 11 10 15 00 1 3243.564
2010 02 11 10 30 00 1 3243.488
2010 02 11 10 45 00 1 3243.414
2010 02 11 11 00 00 1 3243.345
2010 02 11 11 15 00 1 3243.284
2010 02 11 11 30 00 1 3243.225
2010 02 11 11 45 00 1 3243.172
2010 02 11 12 00 00 1 3243.129
2010 02 11 12 15 00 1 3243.094
2010 02 11 12 30 00 1 3243.067
2010 02 11 12 45 00 1 3243.047
2010 02 11 13 00 00 1 3243.041
2010 02 11 13 15 00 1 3243.046
2010 02 11 13 30 00 1 3243.057
2010 02 11 13 45 00 1 3243.079
2010 02 11 14 00 00 1 3243.109
2010 02 11 14 15 00 1 3243.148
2010 02 11 14 30 00 1 3243.195
2010 02 11 14 45 00 1 3243.248
2010 02 11 15 00 00 1 3243.310
2010 02 11 15 15 00 1 3243.378
2010 02 11 15 30 00 1 3243.449
2010 02 11 15 45 00 1 3243.522
2010 02 11 16 00 00 1 3243.594
2010 02 11 16 15 00 1 3243.672
2010 02 11 16 30 00 1 3243.746
2010 02 11 16 45 00 1 3243.820
2010 02 11 17 00 00 1 3243.891
2010 02 11 17 15 00 1 3243.958
2010 02 11 17 30 00 1 3244.022
2010 02 11 17 45 00 1 3244.081
2010 02 11 18 00 00 1 3244.128
2010 02 11 18 15 00 1 3244.167
2010 02 11 18 30 00 1 3244.203
2010 02 11 18 45 00 1 3244.229
2010 02 11 19 00 00 1 3244.242
2010 02 11 19 15 00 1 3244.247
2010 02 11 19 30 00 1 3244.243
2010 02 11 19 45 00 1 3244.229
2010 02 11 20 00 00 1 3244.206
2010 02 11 20 15 00 1 3244.178
2010 02 11 20 30 00 1 3244.141
2010 02 11 20 45 00 1 3244.093
2010 02 11 21 00 00 1 3244.038
2010 02 11 21 15 00 1 3243.976
2010 02 11 21 30 00 1 3243.910
2010 02 11 21 45 00 1 3243.839
2010 02 11 22 00 00 1 3243.761
2010 02 11 22 15 00 1 3243.684
2010 02 11 22 30 00 1 3243.610
2010 02 11 22 45 00 1 3243.538
2010 02 11 23 00 00 1 3243.463
2010 02 11 23 15 00 1 3243.395
2010 02 11 23 30 00 1 3243.331
2010 02 11 23 45 00 1 3243.273
2010 02 12 00 00 00 1 3243.222
2010 02 12 00 15 00 1 3243.178
2010 02 12 00 30 00 1 3243.141
2010 02 12 00 45 00 1 3243.115
2010 02 12 01 00 00 1 3243.096
2010 02 12 01 15 00 1 3243.086
2010 02 12 01 30 00 1 3243.086
2010 02 12 01 45 00 1 3243.098
2010 02 12 02 00 00 1 3243.119
2010 02 12 02 15 00 1 3243.151
2010 02 12 02 30 00 1 3243.191
2010 02 12 02 45 00 1 3243.240
2010 02 12 03 00 00 1 3243.298
2010 02 12 03 15 00 1 3243.362
2010 02 12 03 30 00 1 3243.430
2010 02 12 03 45 00 1 3243.503
2010 02 12 04 00 00 1 3243.581
2010 02 12 04 15 00 1 3243.659
2010 02 12 04 30 00 1 3243.742
2010 02 12 04 45 00 1 3243.822
2010 02 12 05 00 00 1 3243.899
2010 02 12 05 15 00 1 3243.974
2010 02 12 05 30 00 1 3244.045
2010 02 12 05 45 00 1 3244.110
2010 02 12 06 00 00 1 3244.171
2010 02 12 06 15 00 1 3244.222
2010 02 12 06 30 00 1 3244.263
2010 02 12 06 45 00 1 3244.299
2010 02 12 07 00 00 1 3244.323
2010 02 12 07 15 00 1 3244.338
2010 02 12 07 30 00 1 3244.345
2010 02 12 07 45 00 1 3244.342
2010 02 12 08 00 00 1 3244.327
2010 02 12 08 15 00 1 3244.303
2010 02 12 08 30 00 1 3244.268
2010 02 12 08 45 00 1 3244.219
2010 02 12 09 00 00 1 3244.167
2010 02 12 09 15 00 1 3244.105
2010 02 12 09 30 00 1 3244.036
2010 02 12 09 45 00 1 3243.961
2010 02 12 10 00 00 1 3243.884
2010 02 12 10 15 00 1 3243.806
2010 02 12 10 30 00 1 3243.720
2010 02 12 10 45 00 1 3243.633
2010 02 12 11 00 00 1 3243.546
2010 02 12 11 15 00 1 3243.461
2010 02 12 11 30 00 1 3243.380
2010 02 12 11 45 00 1 3243.302
2010 02 12 12 00 00 1 3243.232
2010 02 12 12 15 00 1 3243.168
2010 02 12 12 30 00 1 3243.110
2010 02 12 12 45 00 1 3243.064
2010 02 12 13 00 00 1 3243.025
2010 02 12 13 15 00 1 3242.997
2010 02 12 13 30 00 1 3242.980
2010 02 12 13 45 00 1 3242.972
2010 02 12 14 00 00 1 3242.975
2010 02 12 14 15 00 1 3242.987
2010 02 12 14 30 00 1 3243.010
2010 02 12 14 45 00 1 3243.043
2010 02 12 15 00 00 1 3243.085
2010 02 12 15 15 00 1 3243.138
2010 02 12 15 30 00 1 3243.199
2010 02 12 15 45 00 1 3243.269
2010 02 12 16 00 00 1 3243.346
2010 02 12 16 15 00 1 3243.426
2010 02 12 16 30 00 1 3243.508
2010 02 12 16 45 00 1 3243.591
2010 02 12 17 00 00 1 3243.679
2010 02 12 17 15 00 1 3243.764
2010 02 12 17 30 00 1 3243.845
2010 02 12 17 45 00 1 3243.926
2010 02 12 18 00 00 1 3244.002
2010 02 12 18 15 00 1 3244.070
2010 02 12 18 30 00 1 3244.134
2010 02 12 18 45 00 1 3244.189
2010 02 12 19 00 00 1 3244.236
2010 02 12 19 15 00 1 3244.271
2010 02 12 19 30 00 1 3244.296
2010 02 12 19 45 00 1 3244.311
2010 02 12 20 00 00 1 3244.316
2010 02 12 20 15 00 1 3244.313
2010 02 12 20 30 00 1 3244.296
2010 02 12 20 45 00 1 3244.271
2010 02 12 21 00 00 1 3244.234
2010 02 12 21 15 00 1 3244.190
2010 02 12 21 30 00 1 3244.137
2010 02 12 21 45 00 1 3244.076
2010 02 12 22 00 00 1 3244.008
2010 02 12 22 15 00 1 3243.935
2010 02 12 22 30 00 1 3243.857
2010 02 12 22 45 00 1 3243.773
2010 02 12 23 00 00 1 3243.691
2010 02 12 23 15 00 1 3243.606
2010 02 12 23 30 00 1 3243.524
2010 02 12 23 45 00 1 3243.445
2010 02 13 00 00 00 1 3243.368
2010 02 13 00 15 00 1 3243.298
2010 02 13 00 30 00 1 3243.233
2010 02 13 00 45 00 1 3243.176
2010 02 13 01 00 00 1 3243.126
2010 02 13 01 15 00 1 3243.085
2010 02 13 01 30 00 1 3243.056
2010 02 13 01 45 00 1 3243.036
2010 02 13 02 00 00 1 3243.029
2010 02 13 02 15 00 1 3243.033
2010 02 13 02 30 00 1 3243.048
2010 02 13 02 45 00 1 3243.075
2010 02 13 03 00 00 1 3243.108
2010 02 13 03 15 00 1 3243.154
2010 02 13 03 30 00 1 3243.209
2010 02 13 03 45 00 1 3243.274
2010 02 13 04 00 00 1 3243.344
2010 02 13 04 15 00 1 3243.421
2010 02 13 04 30 00 1 3243.501
2010 02 13 04 45 00 1 3243.586
2010 02 13 05 00 00 1 3243.675
2010 02 13 05 15 00 1 3243.761
2010 02 13 05 30 00 1 3243.848
2010 02 13 05 45 00 1 3243.931
2010 02 13 06 00 00 1 3244.010
2010 02 13 06 15 00 1 3244.088
2010 02 13 06 30 00 1 3244.158
2010 02 13 06 45 00 1 3244.221
2010 02 13 07 00 00 1 3244.273
2010 02 13 07 15 00 1 3244.319
2010 02 13 07 30 00 1 3244.355
2010 02 13 07 45 00 1 3244.380
2010 02 13 08 00 00 1 3244.394
2010 02 13 08 15 00 1 3244.395
2010 02 13 08 30 00 1 3244.388
2010 02 13 08 45 00 1 3244.368
2010 02 13 09 00 00 1 3244.337
2010 02 13 09 15 00 1 3244.298
2010 02 13 09 30 00 1 3244.245
2010 02 13 09 45 00 1 3244.187
2010 02 13 10 00 00 1 3244.123
2010 02 13 10 15 00 1 3244.046
2010 02 13 10 30 00 1 3243.966
2010 02 13 10 45 00 1 3243.878
2010 02 13 11 00 00 1 3243.784
2010 02 13 11 15 00 1 3243.689
2010 02 13 11 30 00 1 3243.598
2010 02 13 11 45 00 1 3243.507
2010 02 13 12 00 00 1 3243.421
2010 02 13 12 15 00 1 3243.333
2010 02 13 12 30 00 1 3243.253
2010 02 13 12 45 00 1 3243.177
2010 02 13 13 00 00 1 3243.112
2010 02 13 13 15 00 1 3243.052
2010 02 13 13 30 00 1 3243.006
2010 02 13 13 45 00 1 3242.967
2010 02 13 14 00 00 1 3242.937
2010 02 13 14 15 00 1 3242.926
2010 02 13 14 30 00 1 3242.922
2010 02 13 14 45 00 1 3242.929
2010 02 13 15 00 00 1 3242.947
2010 02 13 15 15 00 1 3242.977
2010 02 13 15 30 00 1 3243.022
2010 02 13 15 45 00 1 3243.074
2010 02 13 16 00 00 1 3243.137
2010 02 13 16 15 00 1 3243.206
2010 02 13 16 30 00 1 3243.285
2010 02 13 16 45 00 1 3243.370
2010 02 13 17 00 00 1 3243.458
2010 02 13 17 15 00 1 3243.550
2010 02 13 17 30 00 1 3243.643
2010 02 13 17 45 00 1 3243.736
2010 02 13 18 00 00 1 3243.829
2010 02 13 18 15 00 1 9999.000
2010 02 13 18 30 00 1 9999.000
2010 02 13 18 45 00 1 9999.000
2010 02 13 19 00 00 1 9999.000
2010 02 13 19 15 00 1 3244.223
2010 02 13 19 30 00 1 3244.284
2010 02 13 19 45 00 1 3244.330
2010 02 13 20 00 00 1 3244.367
2010 02 13 20 15 00 1 3244.390
2010 02 13 20 30 00 1 3244.403
2010 02 13 20 45 00 1 3244.403
2010 02 13 21 00 00 1 3244.393
2010 02 13 21 15 00 1 3244.369
2010 02 13 21 30 00 1 3244.337
2010 02 13 21 45 00 1 3244.289
2010 02 13 22 00 00 1 3244.234
2010 02 13 22 15 00 1 3244.168
2010 02 13 22 30 00 1 3244.096
2010 02 13 22 45 00 1 3244.015
2010 02 13 23 00 00 1 3243.932
2010 02 13 23 15 00 1 3243.839
2010 02 13 23 30 00 1 3243.748
2010 02 13 23 45 00 1 3243.659
2010 02 14 00 00 00 1 3243.565
2010 02 14 00 15 00 1 3243.475
2010 02 14 00 30 00 1 3243.384
2010 02 14 00 45 00 1 3243.305
2010 02 14 01 00 00 1 3243.234
2010 02 14 01 15 00 1 3243.163
2010 02 14 01 30 00 1 3243.103
2010 02 14 01 45 00 1 3243.055
2010 02 14 02 00 00 1 3243.019
2010 02 14 02 15 00 1 3242.994
2010 02 14 02 30 00 1 3242.978
2010 02 14 02 45 00 1 3242.974
2010 02 14 03 00 00 1 3242.984
2010 02 14 03 15 00 1 3243.004
2010 02 14 03 30 00 1 3243.035
2010 02 14 03 45 00 1 3243.078
2010 02 14 04 00 00 1 3243.135
2010 02 14 04 15 00 1 3243.196
2010 02 14 04 30 00 1 3243.269
2010 02 14 04 45 00 1 3243.349
2010 02 14 05 00 00 1 3243.432
2010 02 14 05 15 00 1 9999.000
2010 02 14 05 30 00 1 9999.000
2010 02 14 05 45 00 1 9999.000
2010 02 14 06 00 00 1 9999.000
2010 02 14 06 15 00 1 3243.897
2010 02 14 06 30 00 1 3243.986
2010 02 14 06 45 00 1 3244.072
2010 02 14 07 00 00 1 3244.148
2010 02 14 07 15 00 1 3244.219
2010 02 14 07 30 00 1 3244.282
2010 02 14 07 45 00 1 3244.339
2010 02 14 08 00 00 1 3244.380
2010 02 14 08 15 00 1 3244.412
2010 02 14 08 30 00 1 3244.435
2010 02 14 08 45 00 1 3244.443
2010 02 14 09 00 00 1 3244.440
2010 02 14 09 15 00 1 3244.426
2010 02 14 09 30 00 1 3244.402
2010 02 14 09 45 00 1 3244.359
2010 02 14 10 00 00 1 3244.311
2010 02 14 10 15 00 1 3244.251
2010 02 14 10 30 00 1 3244.179
2010 02 14 10 45 00 1 3244.101
2010 02 14 11 00 00 1 3244.014
2010 02 14 11 15 00 1 3243.919
2010 02 14 11 30 00 1 3243.827
2010 02 14 11 45 00 1 3243.728
2010 02 14 12 00 00 1 3243.631
2010 02 14 12 15 00 1 3243.532
2010 02 14 12 30 00 1 3243.435
2010 02 14 12 45 00 1 3243.340
2010 02 14 13 00 00 1 3243.252
2010 02 14 13 15 00 1 3243.173
2010 02 14 13 30 00 1 3243.098
2010 02 14 13 45 00 1 3243.032
2010 02 14 14 00 00 1 3242.977
2010 02 14 14 15 00 1 9999.000
2010 02 14 14 30 00 1 9999.000
2010 02 14 14 45 00 1 9999.000
2010 02 14 15 00 00 1 9999.000
2010 02 14 15 15 00 1 3242.877
2010 02 14 15 30 00 1 3242.897
2010 02 14 15 45 00 1 3242.925
2010 02 14 16 00 00 1 3242.967
2010 02 14 16 15 00 1 3243.022
2010 02 14 16 30 00 1 3243.087
2010 02 14 16 45 00 1 3243.161
2010 02 14 17 00 00 1 3243.246
2010 02 14 17 15 00 1 3243.335
2010 02 14 17 30 00 1 3243.429
2010 02 14 17 45 00 1 3243.528
2010 02 14 18 00 00 1 3243.629
2010 02 14 18 15 00 1 3243.730
2010 02 14 18 30 00 1 3243.830
2010 02 14 18 45 00 1 3243.924
2010 02 14 19 00 00 1 3244.020
2010 02 14 19 15 00 1 3244.111
2010 02 14 19 30 00 1 3244.195
2010 02 14 19 45 00 1 3244.268
2010 02 14 20 00 00 1 3244.329
2010 02 14 20 15 00 1 3244.382
2010 02 14 20 30 00 1 3244.423
2010 02 14 20 45 00 1 3244.454
2010 02 14 21 00 00 1 3244.477
2010 02 14 21 15 00 1 3244.481
2010 02 14 21 30 00 1 3244.473
2010 02 14 21 45 00 1 3244.448
2010 02 14 22 00 00 1 3244.416
2010 02 14 22 15 00 1 3244.371
2010 02 14 22 30 00 1 3244.315
2010 02 14 22 45 00 1 3244.250
2010 02 14 23 00 00 1 3244.177
2010 02 14 23 15 00 1 3244.095
2010 02 14 23 30 00 1 3244.005
2010 02 14 23 45 00 1 3243.911
2010 02 15 00 00 00 1 3243.813
2010 02 15 00 15 00 1 3243.712
2010 02 15 00 30 00 1 3243.614
2010 02 15 00 45 00 1 3243.516
2010 02 15 01 00 00 1 3243.423
2010 02 15 01 15 00 1 3243.335
2010 02 15 01 30 00 1 3243.254
2010 02 15 01 45 00 1 3243.180
2010 02 15 02 00 00 1 3243.115
2010 02 15 02 15 00 1 3243.060
2010 02 15 02 30 00 1 3243.013
2010 02 15 02 45 00 1 3242.980
2010 02 15 03 00 00 1 3242.961
2010 02 15 03 15 00 1 3242.951
2010 02 15 03 30 00 1 3242.957
2010 02 15 03 45 00 1 3242.973
2010 02 15 04 00 00 1 3243.001
2010 02 15 04 15 00 1 3243.045
2010 02 15 04 30 00 1 3243.097
2010 02 15 04 45 00 1 3243.160
2010 02 15 05 00 00 1 3243.233
2010 02 15 05 15 00 1 3243.313
2010 02 15 05 30 00 1 3243.400
2010 02 15 05 45 00 1 3243.493
2010 02 15 06 00 00 1 3243.588
2010 02 15 06 15 00 1 3243.686
2010 02 15 06 30 00 1 3243.785
2010 02 15 06 45 00 1 3243.885
2010 02 15 07 00 00 1 3243.980
2010 02 15 07 15 00 1 3244.075
2010 02 15 07 30 00 1 3244.161
2010 02 15 07 45 00 1 3244.239
2010 02 15 08 00 00 1 3244.308
2010 02 15 08 15 00 1 3244.369
2010 02 15 08 30 00 1 3244.419
2010 02 15 08 45 00 1 3244.458
2010 02 15 09 00 00 1 3244.484
2010 02 15 09 15 00 1 3244.501
2010 02 15 09 30 00 1 3244.503
2010 02 15 09 45 00 1 3244.490
2010 02 15 10 00 00 1 3244.463
2010 02 15 10 15 00 1 3244.424
2010 02 15 10 30 00 1 3244.375
2010 02 15 10 45 00 1 3244.314
2010 02 15 11 00 00 1 3244.242
2010 02 15 11 15 00 1 3244.163
2010 02 15 11 30 00 1 3244.076
2010 02 15 11 45 00 1 3243.980
2010 02 15 12 00 00 1 3243.878
2010 02 15 12 15 00 1 3243.777
2010 02 15 12 30 00 1 3243.671
2010 02 15 12 45 00 1 3243.568
2010 02 15 13 00 00 1 3243.463
2010 02 15 13 15 00 1 3243.369
2010 02 15 13 30 00 1 3243.277
2010 02 15 13 45 00 1 3243.194
2010 02 15 14 00 00 1 3243.113
2010 02 15 14 15 00 1 3243.040
2010 02 15 14 30 00 1 3242.984
2010 02 15 14 45 00 1 3242.932
2010 02 15 15 00 00 1 3242.898
2010 02 15 15 15 00 1 3242.871
2010 02 15 15 30 00 1 3242.862
2010 02 15 15 45 00 1 3242.870
2010 02 15 16 00 00 1 3242.889
2010 02 15 16 15 00 1 3242.915
2010 02 15 16 30 00 1 3242.958
2010 02 15 16 45 00 1 3243.011
2010 02 15 17 00 00 1 3243.077
2010 02 15 17 15 00 1 3243.149
2010 02 15 17 30 00 1 3243.237
2010 02 15 17 45 00 1 3243.335
2010 02 15 18 00 00 1 3243.433
2010 02 15 18 15 00 1 3243.536
2010 02 15 18 30 00 1 3243.645
2010 02 15 18 45 00 1 3243.751
2010 02 15 19 00 00 1 3243.856
2010 02 15 19 15 00 1 3243.960
2010 02 15 19 30 00 1 3244.062
2010 02 15 19 45 00 1 3244.154
2010 02 15 20 00 00 1 3244.240
2010 02 15 20 15 00 1 3244.322
2010 02 15 20 30 00 1 3244.393
2010 02 15 20 45 00 1 3244.450
2010 02 15 21 00 00 1 3244.497
2010 02 15 21 15 00 1 3244.531
2010 02 15 21 30 00 1 3244.553
2010 02 15 21 45 00 1 3244.559
2010 02 15 22 00 00 1 3244.555
2010 02 15 22 15 00 1 3244.530
2010 02 15 22 30 00 1 3244.498
2010 02 15 22 45 00 1 3244.453
2010 02 15 23 00 00 1 3244.394
2010 02 15 23 15 00 1 3244.328
2010 02 15 23 30 00 1 3244.246
2010 02 15 23 45 00 1 3244.159
2010 02 16 00 00 00 1 3244.066
2010 02 16 00 15 00 1 3243.965
2010 02 16 00 30 00 1 3243.863
2010 02 16 00 45 00 1 3243.757
2010 02 16 01 00 00 1 3243.651
2010 02 16 01 15 00 1 3243.552
2010 02 16 01 30 00 1 3243.450
2010 02 16 01 45 00 1 3243.355
2010 02 16 02 00 00 1 3243.263
2010 02 16 02 15 00 1 3243.184
2010 02 16 02 30 00 1 3243.114
2010 02 16 02 45 00 1 3243.053
2010 02 16 03 00 00 1 3243.002
2010 02 16 03 15 00 1 3242.962
2010 02 16 03 30 00 1 3242.937
2010 02 16 03 45 00 1 3242.923
2010 02 16 04 00 00 1 3242.919
2010 02 16 04 15 00 1 3242.934
2010 02 16 04 30 00 1 3242.962
2010 02 16 04 45 00 1 3243.000
2010 02 16 05 00 00 1 3243.050
2010 02 16 05 15 00 1 3243.112
2010 02 16 05 30 00 1 3243.182
2010 02 16 05 45 00 1 3243.264
2010 02 16 06 00 00 1 3243.352
2010 02 16 06 15 00 1 3243.446
2010 02 16 06 30 00 1 3243.542
2010 02 16 06 45 00 1 3243.642
2010 02 16 07 00 00 1 3243.745
2010 02 16 07 15 00 1 3243.846
2010 02 16 07 30 00 1 3243.943
2010 02 16 07 45 00 1 3244.040
2010 02 16 08 00 00 1 3244.130
2010 02 16 08 15 00 1 3244.213
2010 02 16 08 30 00 1 3244.289
2010 02 16 08 45 00 1 3244.353
2010 02 16 09 00 00 1 3244.410
2010 02 16 09 15 00 1 3244.452
2010 02 16 09 30 00 1 3244.481
2010 02 16 09 45 00 1 3244.498
2010 02 16 10 00 00 1 3244.502
2010 02 16 10 15 00 1 3244.492
2010 02 16 10 30 00 1 3244.470
2010 02 16 10 45 00 1 3244.435
2010 02 16 11 00 00 1 3244.389
2010 02 16 11 15 00 1 3244.328
2010 02 16 11 30 00 1 3244.262
2010 02 16 11 45 00 1 3244.179
2010 02 16 12 00 00 1 3244.091
2010 02 16 12 15 00 1 3243.996
2010 02 16 12 30 00 1 3243.896
2010 02 16 12 45 00 1 3243.793
2010 02 16 13 00 00 1 3243.686
2010 02 16 13 15 00 1 3243.578
2010 02 16 13 30 00 1 3243.473
2010 02 16 13 45 00 1 3243.374
2010 02 16 14 00 00 1 3243.280
2010 02 16 14 15 00 1 3243.190
2010 02 16 14 30 00 1 3243.107
2010 02 16 14 45 00 1 3243.030
2010 02 16 15 00 00 1 3242.967
2010 02 16 15 15 00 1 3242.917
2010 02 16 15 30 00 1 3242.876
2010 02 16 15 45 00 1 3242.852
2010 02 16 16 00 00 1 3242.838
2010 02 16 16 15 00 1 3242.841
2010 02 16 16 30 00 1 3242.857
2010 02 16 16 45 00 1 3242.886
2010 02 16 17 00 00 1 3242.929
2010 02 16 17 15 00 1 3242.981
2010 02 16 17 30 00 1 3243.046
2010 02 16 17 45 00 1 3243.125
2010 02 16 18 00 00 1 3243.216
2010 02 16 18 15 00 1 3243.307
2010 02 16 18 30 00 1 3243.414
2010 02 16 18 45 00 1 3243.519
2010 02 16 19 00 00 1 3243.631
2010 02 16 19 15 00 1 3243.737
2010 02 16 19 30 00 1 3243.850
2010 02 16 19 45 00 1 3243.956
2010 02 16 20 00 00 1 3244.063
2010 02 16 20 15 00 1 3244.164
2010 02 16 20 30 00 1 3244.254
2010 02 16 20 45 00 1 3244.335
2010 02 16 21 00 00 1 3244.409
2010 02 16 21 15 00 1 3244.469
2010 02 16 21 30 00 1 3244.518
2010 02 16 21 45 00 1 3244.557
2010 02 16 22 00 00 1 3244.579
2010 02 16 22 15 00 1 3244.592
2010 02 16 22 30 00 1 3244.589
2010 02 16 22 45 00 1 3244.569
2010 02 16 23 00 00 1 3244.539
2010 02 16 23 15 00 1 3244.495
2010 02 16 23 30 00 1 3244.437
2010 02 16 23 45 00 1 3244.370
2010 02 17 00 00 00 1 3244.289
2010 02 17 00 15 00 1 3244.202
2010 02 17 00 30 00 1 3244.110
2010 02 17 00 45 00 1 3244.011
2010 02 17 01 00 00 1 3243.908
2010 02 17 01 15 00 1 3243.804
2010 02 17 01 30 00 1 3243.697
2010 02 17 01 45 00 1 3243.592
2010 02 17 02 00 00 1 3243.489
2010 02 17 02 15 00 1 3243.392
2010 02 17 02 30 00 1 3243.299
2010 02 17 02 45 00 1 3243.215
2010 02 17 03 00 00 1 3243.136
2010 02 17 03 15 00 1 3243.070
2010 02 17 03 30 00 1 3243.010
2010 02 17 03 45 00 1 3242.969
2010 02 17 04 00 00 1 3242.936
2010 02 17 04 15 00 1 3242.912
2010 02 17 04 30 00 1 3242.907
2010 02 17 04 45 00 1 3242.916
2010 02 17 05 00 00 1 3242.937
2010 02 17 05 15 00 1 3242.974
2010 02 17 05 30 00 1 3243.020
2010 02 17 05 45 00 1 3243.078
2010 02 17 06 00 00 1 3243.145
2010 02 17 06 15 00 1 3243.225
2010 02 17 06 30 00 1 3243.312
2010 02 17 06 45 00 1 3243.402
2010 02 17 07 00 00 1 3243.500
2010 02 17 07 15 00 1 3243.600
2010 02 17 07 30 00 1 3243.702
2010 02 17 07 45 00 1 3243.806
2010 02 17 08 00 00 1 3243.907
2010 02 17 08 15 00 1 3244.007
2010 02 17 08 30 00 1 3244.098
2010 02 17 08 45 00 1 3244.183
2010 02 17 09 00 00 1 3244.258
2010 02 17 09 15 00 1 3244.325
2010 02 17 09 30 00 1 3244.381
2010 02 17 09 45 00 1 3244.427
2010 02 17 10 00 00 1 3244.464
2010 02 17 10 15 00 1 3244.485
2010 02 17 10 30 00 1 3244.493
2010 02 17 10 45 00 1 3244.486
2010 02 17 11 00 00 1 3244.463
2010 02 17 11 15 00 1 3244.434
2010 02 17 11 30 00 1 3244.389
2010 02 17 11 45 00 1 3244.335
2010 02 17 12 00 00 1 3244.266
2010 02 17 12 15 00 1 3244.189
2010 02 17 12 30 00 1 3244.103
2010 02 17 12 45 00 1 3244.014
2010 02 17 13 00 00 1 3243.914
2010 02 17 13 15 00 1 3243.810
2010 02 17 13 30 00 1 3243.708
2010 02 17 13 45 00 1 3243.605
2010 02 17 14 00 00 1 3243.503
2010 02 17 14 15 00 1 3243.400
2010 02 17 14 30 00 1 3243.303
2010 02 17 14 45 00 1 3243.210
2010 02 17 15 00 00 1 3243.127
2010 02 17 15 15 00 1 3243.053
2010 02 17 15 30 00 1 3242.991
2010 02 17 15 45 00 1 3242.940
2010 02 17 16 00 00 1 3242.898
2010 02 17 16 15 00 1 3242.870
2010 02 17 16 30 00 1 3242.856
2010 02 17 16 45 00 1 3242.856
2010 02 17 17 00 00 1 3242.871
2010 02 17 17 15 00 1 3242.899
2010 02 17 17 30 00 1 3242.939
2010 02 17 17 45 00 1 3242.990
2010 02 17 18 00 00 1 3243.056
2010 02 17 18 15 00 1 3243.132
2010 02 17 18 30 00 1 3243.219
2010 02 17 18 45 00 1 3243.313
2010 02 17 19 00 00 1 3243.412
2010 02 17 19 15 00 1 3243.517
2010 02 17 19 30 00 1 3243.628
2010 02 17 19 45 00 1 3243.738
2010 02 17 20 00 00 1 3243.847
2010 02 17 20 15 00 1 3243.953
2010 02 17 20 30 00 1 3244.056
2010 02 17 20 45 00 1 3244.156
2010 02 17 21 00 00 1 3244.250
2010 02 17 21 15 00 1 3244.336
2010 02 17 21 30 00 1 3244.412
2010 02 17 21 45 00 1 3244.477
2010 02 17 22 00 00 1 3244.529
2010 02 17 22 15 00 1 3244.568
2010 02 17 22 30 00 1 3244.596
2010 02 17 22 45 00 1 3244.606
2010 02 17 23 00 00 1 3244.606
2010 02 17 23 15 00 1 3244.591
2010 02 17 23 30 00 1 3244.564
2010 02 17 23 45 00 1 3244.522
2010 02 18 00 00 00 1 3244.466
2010 02 18 00 15 00 1 3244.401
2010 02 18 00 30 00 1 3244.326
2010 02 18 00 45 00 1 3244.242
2010 02 18 01 00 00 1 3244.154
2010 02 18 01 15 00 1 3244.057
2010 02 18 01 30 00 1 3243.957
2010 02 18 01 45 00 1 3243.856
2010 02 18 02 00 00 1 3243.750
2010 02 18 02 15 00 1 3243.646
2010 02 18 02 30 00 1 3243.542
2010 02 18 02 45 00 1 3243.443
2010 02 18 03 00 00 1 3243.348
2010 02 18 03 15 00 1 3243.259
2010 02 18 03 30 00 1 3243.179
2010 02 18 03 45 00 1 3243.108
2010 02 18 04 00 00 1 3243.047
2010 02 18 04 15 00 1 3242.997
2010 02 18 04 30 00 1 3242.963
2010 02 18 04 45 00 1 3242.939
2010 02 18 05 00 00 1 3242.929
2010 02 18 05 15 00 1 3242.933
2010 02 18 05 30 00 1 3242.950
2010 02 18 05 45 00 1 3242.980
2010 02 18 06 00 00 1 3243.022
2010 02 18 06 15 00 1 3243.076
2010 02 18 06 30 00 1 3243.142
2010 02 18 06 45 00 1 3243.216
2010 02 18 07 00 00 1 3243.297
2010 02 18 07 15 00 1 3243.386
2010 02 18 07 30 00 1 3243.482
2010 02 18 07 45 00 1 3243.581
2010 02 18 08 00 00 1 3243.682
2010 02 18 08 15 00 1 3243.783
2010 02 18 08 30 00 1 3243.880
2010 02 18 08 45 00 1 3243.977
2010 02 18 09 00 00 1 3244.069
2010 02 18 09 15 00 1 3244.155
2010 02 18 09 30 00 1 3244.234
2010 02 18 09 45 00 1 3244.302
2010 02 18 10 00 00 1 3244.361
2010 02 18 10 15 00 1 3244.411
2010 02 18 10 30 00 1 3244.447
2010 02 18 10 45 00 1 3244.472
2010 02 18 11 00 00 1 3244.482
2010 02 18 11 15 00 1 3244.480
2010 02 18 11 30 00 1 3244.462
2010 02 18 11 45 00 1 3244.434
2010 02 18 12 00 00 1 3244.392
2010 02 18 12 15 00 1 3244.338
2010 02 18 12 30 00 1 3244.274
2010 02 18 12 45 00 1 3244.206
2010 02 18 13 00 00 1 3244.122
2010 02 18 13 15 00 1 3244.034
2010 02 18 13 30 00 1 3243.942
2010 02 18 13 45 00 1 3243.845
2010 02 18 14 00 00 1 3243.746
2010 02 18 14 15 00 1 3243.645
2010 02 18 14 30 00 1 3243.544
2010 02 18 14 45 00 1 3243.444
2010 02 18 15 00 00 1 3243.347
2010 02 18 15 15 00 1 3243.260
2010 02 18 15 30 00 1 3243.179
2010 02 18 15 45 00 1 3243.106
2010 02 18 16 00 00 1 3243.044
2010 02 18 16 15 00 1 3242.988
2010 02 18 16 30 00 1 3242.945
2010 02 18 16 45 00 1 3242.917
2010 02 18 17 00 00 1 3242.898
2010 02 18 17 15 00 1 3242.895
2010 02 18 17 30 00 1 3242.907
2010 02 18 17 45 00 1 3242.929
2010 02 18 18 00 00 1 3242.968
2010 02 18 18 15 00 1 3243.021
2010 02 18 18 30 00 1 3243.081
2010 02 18 18 45 00 1 3243.150
2010 02 18 19 00 00 1 3243.231
2010 02 18 19 15 00 1 3243.323
2010 02 18 19 30 00 1 3243.422
2010 02 18 19 45 00 1 3243.525
2010 02 18 20 00 00 1 3243.628
2010 02 18 20 15 00 1 3243.735
2010 02 18 20 30 00 1 3243.843
2010 02 18 20 45 00 1 3243.949
2010 02 18 21 00 00 1 3244.050
2010 02 18 21 15 00 1 3244.146
2010 02 18 21 30 00 1 3244.238
2010 02 18 21 45 00 1 3244.325
2010 02 18 22 00 00 1 3244.399
2010 02 18 22 15 00 1 3244.463
2010 02 18 22 30 00 1 3244.518
2010 02 18 22 45 00 1 3244.560
2010 02 18 23 00 00 1 3244.587
2010 02 18 23 15 00 1 3244.600
2010 02 18 23 30 00 1 3244.604
2010 02 18 23 45 00 1 3244.590
2010 02 19 00 00 00 1 3244.564
2010 02 19 00 15 00 1 3244.525
2010 02 19 00 30 00 1 3244.475
2010 02 19 00 45 00 1 3244.414
2010 02 19 01 00 00 1 3244.338
2010 02 19 01 15 00 1 3244.256
2010 02 19 01 30 00 1 3244.167
2010 02 19 01 45 00 1 3244.073
2010 02 19 02 00 00 1 3243.975
2010 02 19 02 15 00 1 3243.872
2010 02 19 02 30 00 1 3243.768
2010 02 19 02 45 00 1 3243.667
2010 02 19 03 00 00 1 3243.565
2010 02 19 03 15 00 1 3243.462
2010 02 19 03 30 00 1 3243.369
2010 02 19 03 45 00 1 3243.280
2010 02 19 04 00 00 1 3243.199
2010 02 19 04 15 00 1 3243.128
2010 02 19 04 30 00 1 3243.066
2010 02 19 04 45 00 1 3243.012
2010 02 19 05 00 00 1 3242.977
2010 02 19 05 15 00 1 3242.951
2010 02 19 05 30 00 1 3242.938
2010 02 19 05 45 00 1 3242.931
2010 02 19 06 00 00 1 3242.944
2010 02 19 06 15 00 1 3242.970
2010 02 19 06 30 00 1 3243.005
2010 02 19 06 45 00 1 3243.052
2010 02 19 07 00 00 1 3243.111
2010 02 19 07 15 00 1 3243.184
2010 02 19 07 30 00 1 3243.260
2010 02 19 07 45 00 1 3243.344
2010 02 19 08 00 00 1 3243.434
2010 02 19 08 15 00 1 3243.523
2010 02 19 08 30 00 1 3243.621
2010 02 19 08 45 00 1 3243.716
2010 02 19 09 00 00 1 3243.816
2010 02 19 09 15 00 1 3243.909
2010 02 19 09 30 00 1 3243.999
2010 02 19 09 45 00 1 3244.082
2010 02 19 10 00 00 1 3244.160
2010 02 19 10 15 00 1 3244.232
2010 02 19 10 30 00 1 3244.294
2010 02 19 10 45 00 1 3244.344
2010 02 19 11 00 00 1 3244.385
2010 02 19 11 15 00 1 3244.411
2010 02 19 11 30 00 1 3244.427
2010 02 19 11 45 00 1 3244.429
2010 02 19 12 00 00 1 3244.419
2010 02 19 12 15 00 1 3244.397
2010 02 19 12 30 00 1 3244.363
2010 02 19 12 45 00 1 3244.319
2010 02 19 13 00 00 1 3244.265
2010 02 19 13 15 00 1 3244.201
2010 02 19 13 30 00 1 3244.127
2010 02 19 13 45 00 1 3244.048
2010 02 19 14 00 00 1 3243.960
2010 02 19 14 15 00 1 3243.868
2010 02 19 14 30 00 1 3243.771
2010 02 19 14 45 00 1 3243.677
2010 02 19 15 00 00 1 3243.580
2010 02 19 15 15 00 1 3243.488
2010 02 19 15 30 00 1 3243.398
2010 02 19 15 45 00 1 3243.314
2010 02 19 16 00 00 1 3243.236
2010 02 19 16 15 00 1 3243.165
2010 02 19 16 30 00 1 3243.101
2010 02 19 16 45 00 1 3243.046
2010 02 19 17 00 00 1 3243.001
2010 02 19 17 15 00 1 3242.969
2010 02 19 17 30 00 1 3242.949
2010 02 19 17 45 00 1 3242.941
2010 02 19 18 00 00 1 3242.943
2010 02 19 18 15 00 1 3242.962
2010 02 19 18 30 00 1 3242.995
2010 02 19 18 45 00 1 3243.037
2010 02 19 19 00 00 1 3243.090
2010 02 19 19 15 00 1 3243.156
2010 02 19 19 30 00 1 3243.229
2010 02 19 19 45 00 1 3243.313
2010 02 19 20 00 00 1 3243.403
2010 02 19 20 15 00 1 3243.496
2010 02 19 20 30 00 1 3243.595
2010 02 19 20 45 00 1 3243.697
2010 02 19 21 00 00 1 3243.797
2010 02 19 21 15 00 1 3243.900
2010 02 19 21 30 00 1 3243.999
2010 02 19 21 45 00 1 3244.094
2010 02 19 22 00 00 1 3244.181
2010 02 19 22 15 00 1 3244.267
2010 02 19 22 30 00 1 3244.342
2010 02 19 22 45 00 1 3244.407
2010 02 19 23 00 00 1 3244.462
2010 02 19 23 15 00 1 3244.507
2010 02 19 23 30 00 1 3244.538
2010 02 19 23 45 00 1 3244.558
2010 02 20 00 00 00 1 3244.562
2010 02 20 00 15 00 1 3244.556
2010 02 20 00 30 00 1 3244.537
2010 02 20 00 45 00 1 3244.508
2010 02 20 01 00 00 1 3244.462
2010 02 20 01 15 00 1 3244.409
2010 02 20 01 30 00 1 3244.344
2010 02 20 01 45 00 1 3244.271
2010 02 20 02 00 00 1 3244.191
2010 02 20 02 15 00 1 3244.106
2010 02 20 02 30 00 1 3244.015
2010 02 20 02 45 00 1 3243.919
2010 02 20 03 00 00 1 3243.825
2010 02 20 03 15 00 1 3243.726
2010 02 20 03 30 00 1 3243.627
2010 02 20 03 45 00 1 3243.531
2010 02 20 04 00 00 1 3243.440
2010 02 20 04 15 00 1 3243.356
2010 02 20 04 30 00 1 3243.272
2010 02 20 04 45 00 1 3243.200
2010 02 20 05 00 00 1 3243.137
2010 02 20 05 15 00 1 3243.082
2010 02 20 05 30 00 1 3243.036
2010 02 20 05 45 00 1 3243.004
2010 02 20 06 00 00 1 3242.983
2010 02 20 06 15 00 1 3242.976
2010 02 20 06 30 00 1 3242.982
2010 02 20 06 45 00 1 3242.996
2010 02 20 07 00 00 1 3243.020
2010 02 20 07 15 00 1 3243.058
2010 02 20 07 30 00 1 3243.108
2010 02 20 07 45 00 1 3243.168
2010 02 20 08 00 00 1 3243.234
2010 02 20 08 15 00 1 3243.309
2010 02 20 08 30 00 1 3243.389
2010 02 20 08 45 00 1 3243.474
2010 02 20 09 00 00 1 3243.562
2010 02 20 09 15 00 1 3243.650
2010 02 20 09 30 00 1 3243.741
2010 02 20 09 45 00 1 3243.832
2010 02 20 10 00 00 1 3243.917
2010 02 20 10 15 00 1 3243.997
2010 02 20 10 30 00 1 3244.074
2010 02 20 10 45 00 1 3244.144
2010 02 20 11 00 00 1 3244.204
2010 02 20 11 15 00 1 3244.259
2010 02 20 11 30 00 1 3244.302
2010 02 20 11 45 00 1 3244.334
2010 02 20 12 00 00 1 3244.356
2010 02 20 12 15 00 1 3244.369
2010 02 20 12 30 00 1 3244.366
2010 02 20 12 45 00 1 3244.355
2010 02 20 13 00 00 1 3244.331
2010 02 20 13 15 00 1 3244.298
2010 02 20 13 30 00 1 3244.252
2010 02 20 13 45 00 1 3244.199
2010 02 20 14 00 00 1 3244.133
2010 02 20 14 15 00 1 3244.065
2010 02 20 14 30 00 1 3243.988
2010 02 20 14 45 00 1 3243.905
2010 02 20 15 00 00 1 3243.818
2010 02 20 15 15 00 1 3243.727
2010 02 20 15 30 00 1 3243.640
2010 02 20 15 45 00 1 3243.552
2010 02 20 16 00 00 1 3243.469
2010 02 20 16 15 00 1 3243.388
2010 02 20 16 30 00 1 3243.309
2010 02 20 16 45 00 1 3243.239
2010 02 20 17 00 00 1 3243.177
2010 02 20 17 15 00 1 3243.122
2010 02 20 17 30 00 1 3243.077
2010 02 20 17 45 00 1 3243.044
2010 02 20 18 00 00 1 3243.018
2010 02 20 18 15 00 1 3243.008
2010 02 20 18 30 00 1 3243.006
2010 02 20 18 45 00 1 3243.016
2010 02 20 19 00 00 1 3243.037
2010 02 20 19 15 00 1 3243.068
2010 02 20 19 30 00 1 3243.113
2010 02 20 19 45 00 1 3243.166
2010 02 20 20 00 00 1 3243.225
2010 02 20 20 15 00 1 3243.298
2010 02 20 20 30 00 1 3243.376
2010 02 20 20 45 00 1 3243.459
2010 02 20 21 00 00 1 3243.550
2010 02 20 21 15 00 1 3243.641
2010 02 20 21 30 00 1 3243.739
2010 02 20 21 45 00 1 3243.836
2010 02 20 22 00 00 1 3243.931
2010 02 20 22 15 00 1 3244.022
2010 02 20 22 30 00 1 3244.110
2010 02 20 22 45 00 1 3244.191
2010 02 20 23 00 00 1 3244.267
2010 02 20 23 15 00 1 3244.333
2010 02 20 23 30 00 1 3244.390
2010 02 20 23 45 00 1 3244.440
2010 02 21 00 00 00 1 3244.480
2010 02 21 00 15 00 1 3244.507
2010 02 21 00 30 00 1 3244.523
2010 02 21 00 45 00 1 3244.525
2010 02 21 01 00 00 1 3244.516
2010 02 21 01 15 00 1 3244.497
2010 02 21 01 30 00 1 3244.467
2010 02 21 01 45 00 1 3244.428
2010 02 21 02 00 00 1 3244.375
2010 02 21 02 15 00 1 3244.316
2010 02 21 02 30 00 1 3244.247
2010 02 21 02 45 00 1 3244.170
2010 02 21 03 00 00 1 3244.090
2010 02 21 03 15 00 1 3244.000
2010 02 21 03 30 00 1 3243.910
2010 02 21 03 45 00 1 3243.814
2010 02 21 04 00 00 1 3243.721
2010 02 21 04 15 00 1 3243.628
2010 02 21 04 30 00 1 3243.539
2010 02 21 04 45 00 1 3243.451
2010 02 21 05 00 00 1 3243.370
2010 02 21 05 15 00 1 3243.295
2010 02 21 05 30 00 1 3243.226
2010 02 21 05 45 00 1 3243.166
2010 02 21 06 00 00 1 3243.117
2010 02 21 06 15 00 1 3243.077
2010 02 21 06 30 00 1 3243.048
2010 02 21 06 45 00 1 3243.030
2010 02 21 07 00 00 1 3243.019
2010 02 21 07 15 00 1 3243.025
2010 02 21 07 30 00 1 3243.039
2010 02 21 07 45 00 1 3243.064
2010 02 21 08 00 00 1 3243.100
2010 02 21 08 15 00 1 3243.148
2010 02 21 08 30 00 1 3243.203
2010 02 21 08 45 00 1 3243.263
2010 02 21 09 00 00 1 3243.334
2010 02 21 09 15 00 1 3243.409
2010 02 21 09 30 00 1 3243.489
2010 02 21 09 45 00 1 3243.571
2010 02 21 10 00 00 1 3243.654
2010 02 21 10 15 00 1 3243.741
2010 02 21 10 30 00 1 3243.822
2010 02 21 10 45 00 1 3243.902
2010 02 21 11 00 00 1 3243.978
2010 02 21 11 15 00 1 3244.049
2010 02 21 11 30 00 1 3244.112
2010 02 21 11 45 00 1 3244.173
2010 02 21 12 00 00 1 3244.220
2010 02 21 12 15 00 1 3244.263
2010 02 21 12 30 00 1 3244.296
2010 02 21 12 45 00 1 3244.317
2010 02 21 13 00 00 1 3244.326
2010 02 21 13 15 00 1 3244.328
2010 02 21 13 30 00 1 3244.312
2010 02 21 13 45 00 1 3244.289
2010 02 21 14 00 00 1 3244.254
2010 02 21 14 15 00 1 3244.214
2010 02 21 14 30 00 1 3244.162
2010 02 21 14 45 00 1 3244.105
2010 02 21 15 00 00 1 3244.043
2010 02 21 15 15 00 1 3243.979
2010 02 21 15 30 00 1 3243.910
2010 02 21 15 45 00 1 3243.835
2010 02 21 16 00 00 1 3243.755
2010 02 21 16 15 00 1 3243.674
2010 02 21 16 30 00 1 3243.594
2010 02 21 16 45 00 1 3243.513
2010 02 21 17 00 00 1 3243.439
2010 02 21 17 15 00 1 3243.366
2010 02 21 17 30 00 1 3243.300
2010 02 21 17 45 00 1 3243.242
2010 02 21 18 00 00 1 3243.193
2010 02 21 18 15 00 1 3243.148
2010 02 21 18 30 00 1 3243.117
2010 02 21 18 45 00 1 3243.095
2010 02 21 19 00 00 1 3243.083
2010 02 21 19 15 00 1 3243.082
2010 02 21 19 30 00 1 3243.092
2010 02 21 19 45 00 1 3243.109
2010 02 21 20 00 00 1 3243.140
2010 02 21 20 15 00 1 3243.180
2010 02 21 20 30 00 1 3243.227
2010 02 21 20 45 00 1 3243.282
2010 02 21 21 00 00 1 3243.345
2010 02 21 21 15 00 1 3243.415
2010 02 21 21 30 00 1 3243.491
2010 02 21 21 45 00 1 3243.571
2010 02 21 22 00 00 1 3243.656
2010 02 21 22 15 00 1 3243.742
2010 02 21 22 30 00 1 3243.828
2010 02 21 22 45 00 1 3243.916
2010 02 21 23 00 00 1 3243.999
2010 02 21 23 15 00 1 3244.078
2010 02 21 23 30 00 1 3244.152
2010 02 21 23 45 00 1 3244.224
2010 02 22 00 00 00 1 3244.283
2010 02 22 00 15 00 1 3244.336
2010 02 22 00 30 00 1 3244.381
2010 02 22 00 45 00 1 3244.418
2010 02 22 01 00 00 1 3244.444
2010 02 22 01 15 00 1 3244.461
2010 02 22 01 30 00 1 3244.467
2010 02 22 01 45 00 1 3244.460
2010 02 22 02 00 00 1 3244.441
2010 02 22 02 15 00 1 3244.417
2010 02 22 02 30 00 1 3244.382
2010 02 22 02 45 00 1 3244.337
2010 02 22 03 00 00 1 3244.284
2010 02 22 03 15 00 1 3244.221
2010 02 22 03 30 00 1 3244.157
2010 02 22 03 45 00 1 3244.082
2010 02 22 04 00 00 1 3244.002
2010 02 22 04 15 00 1 3243.919
2010 02 22 04 30 00 1 3243.834
2010 02 22 04 45 00 1 3243.751
2010 02 22 05 00 00 1 3243.664
2010 02 22 05 15 00 1 3243.579
2010 02 22 05 30 00 1 3243.498
2010 02 22 05 45 00 1 3243.422
2010 02 22 06 00 00 1 3243.355
2010 02 22 06 15 00 1 3243.290
2010 02 22 06 30 00 1 3243.232
2010 02 22 06 45 00 1 3243.184
2010 02 22 07 00 00 1 3243.146
2010 02 22 07 15 00 1 3243.114
2010 02 22 07 30 00 1 3243.093
2010 02 22 07 45 00 1 3243.082
2010 02 22 08 00 00 1 3243.082
2010 02 22 08 15 00 1 3243.088
2010 02 22 08 30 00 1 3243.107
2010 02 22 08 45 00 1 3243.137
2010 02 22 09 00 00 1 3243.175
2010 02 22 09 15 00 1 3243.220
2010 02 22 09 30 00 1 3243.273
2010 02 22 09 45 00 1 3243.335
2010 02 22 10 00 00 1 3243.401
2010 02 22 10 15 00 1 3243.473
2010 02 22 10 30 00 1 3243.543
2010 02 22 10 45 00 1 3243.614
2010 02 22 11 00 00 1 3243.690
2010 02 22 11 15 00 1 3243.764
2010 02 22 11 30 00 1 3243.838
2010 02 22 11 45 00 1 3243.906
2010 02 22 12 00 00 1 3243.973
2010 02 22 12 15 00 1 3244.034
2010 02 22 12 30 00 1 3244.087
2010 02 22 12 45 00 1 3244.137
2010 02 22 13 00 00 1 3244.179
2010 02 22 13 15 00 1 3244.212
2010 02 22 13 30 00 1 3244.233
2010 02 22 13 45 00 1 3244.249
2010 02 22 14 00 00 1 3244.254
2010 02 22 14 15 00 1 3244.249
2010 02 22 14 30 00 1 3244.234
2010 02 22 14 45 00 1 3244.211
2010 02 22 15 00 00 1 3244.177
2010 02 22 15 15 00 1 3244.140
2010 02 22 15 30 00 1 3244.090
2010 02 22 15 45 00 1 3244.036
2010 02 22 16 00 00 1 3243.979
2010 02 22 16 15 00 1 3243.915
2010 02 22 16 30 00 1 3243.847
2010 02 22 16 45 00 1 3243.778
2010 02 22 17 00 00 1 3243.705
2010 02 22 17 15 00 1 3243.630
2010 02 22 17 30 00 1 3243.560
2010 02 22 17 45 00 1 3243.491
2010 02 22 18 00 00 1 3243.425
2010 02 22 18 15 00 1 3243.364
2010 02 22 18 30 00 1 3243.304
2010 02 22 18 45 00 1 3243.251
2010 02 22 19 00 00 1 3243.207
2010 02 22 19 15 00 1 3243.176
2010 02 22 19 30 00 1 3243.149
2010 02 22 19 45 00 1 3243.129
2010 02 22 20 00 00 1 3243.120
2010 02 22 20 15 00 1 3243.122
2010 02 22 20 30 00 1 3243.130
2010 02 22 20 45 00 1 3243.152
2010 02 22 21 00 00 1 3243.182
2010 02 22 21 15 00 1 3243.223
2010 02 22 21 30 00 1 3243.268
2010 02 22 21 45 00 1 3243.321
2010 02 22 22 00 00 1 3243.381
2010 02 22 22 15 00 1 3243.447
2010 02 22 22 30 00 1 3243.518
2010 02 22 22 45 00 1 3243.594
2010 02 22 23 00 00 1 3243.669
2010 02 22 23 15 00 1 3243.747
2010 02 22 23 30 00 1 3243.828
2010 02 22 23 45 00 1 3243.907
2010 02 23 00 00 00 1 3243.984
2010 02 23 00 15 00 1 3244.054
2010 02 23 00 30 00 1 3244.120
2010 02 23 00 45 00 1 3244.182
2010 02 23 01 00 00 1 3244.236
2010 02 23 01 15 00 1 3244.287
2010 02 23 01 30 00 1 3244.329
2010 02 23 01 45 00 1 3244.363
2010 02 23 02 00 00 1 3244.385
2010 02 23 02 15 00 1 3244.397
2010 02 23 02 30 00 1 3244.401
2010 02 23 02 45 00 1 3244.393
2010 02 23 03 00 00 1 3244.374
2010 02 23 03 15 00 1 3244.351
2010 02 23 03 30 00 1 3244.319
2010 02 23 03 45 00 1 3244.277
2010 02 23 04 00 00 1 3244.230
2010 02 23 04 15 00 1 3244.172
2010 02 23 04 30 00 1 3244.107
2010 02 23 04 45 00 1 3244.038
2010 02 23 05 00 00 1 3243.964
2010 02 23 05 15 00 1 3243.886
2010 02 23 05 30 00 1 3243.807
2010 02 23 05 45 00 1 3243.728
2010 02 23 06 00 00 1 3243.648
2010 02 23 06 15 00 1 3243.569
2010 02 23 06 30 00 1 3243.497
2010 02 23 06 45 00 1 3243.428
2010 02 23 07 00 00 1 3243.363
2010 02 23 07 15 00 1 3243.304
2010 02 23 07 30 00 1 3243.249
2010 02 23 07 45 00 1 3243.202
2010 02 23 08 00 00 1 3243.164
2010 02 23 08 15 00 1 3243.135
2010 02 23 08 30 00 1 3243.115
2010 02 23 08 45 00 1 3243.107
2010 02 23 09 00 00 1 3243.106
2010 02 23 09 15 00 1 3243.112
2010 02 23 09 30 00 1 3243.129
2010 02 23 09 45 00 1 3243.154
2010 02 23 10 00 00 1 3243.189
2010 02 23 10 15 00 1 3243.233
2010 02 23 10 30 00 1 3243.283
2010 02 23 10 45 00 1 3243.336
2010 02 23 11 00 00 1 3243.396
2010 02 23 11 15 00 1 3243.462
2010 02 23 11 30 00 1 3243.525
2010 02 23 11 45 00 1 3243.595
2010 02 23 12 00 00 1 3243.669
2010 02 23 12 15 00 1 3243.741
2010 02 23 12 30 00 1 3243.808
2010 02 23 12 45 00 1 3243.874
2010 02 23 13 00 00 1 3243.935
2010 02 23 13 15 00 1 3243.993
2010 02 23 13 30 00 1 3244.046
2010 02 23 13 45 00 1 3244.091
2010 02 23 14 00 00 1 3244.132
2010 02 23 14 15 00 1 3244.166
2010 02 23 14 30 00 1 3244.187
2010 02 23 14 45 00 1 3244.202
2010 02 23 15 00 00 1 3244.209
2010 02 23 15 15 00 1 3244.207
2010 02 23 15 30 00 1 3244.199
2010 02 23 15 45 00 1 3244.179
2010 02 23 16 00 00 1 3244.153
2010 02 23 16 15 00 1 3244.119
2010 02 23 16 30 00 1 3244.075
2010 02 23 16 45 00 1 3244.027
2010 02 23 17 00 00 1 3243.974
2010 02 23 17 15 00 1 3243.913
2010 02 23 17 30 00 1 3243.856
2010 02 23 17 45 00 1 3243.790
2010 02 23 18 00 00 1 3243.724
2010 02 23 18 15 00 1 3243.656
2010 02 23 18 30 00 1 3243.590
2010 02 23 18 45 00 1 3243.526
2010 02 23 19 00 00 1 3243.466
2010 02 23 19 15 00 1 3243.407
2010 02 23 19 30 00 1 3243.352
2010 02 23 19 45 00 1 3243.304
2010 02 23 20 00 00 1 3243.261
2010 02 23 20 15 00 1 3243.225
2010 02 23 20 30 00 1 3243.198
2010 02 23 20 45 00 1 3243.178
2010 02 23 21 00 00 1 3243.168
2010 02 23 21 15 00 1 3243.165
2010 02 23 21 30 00 1 3243.172
2010 02 23 21 45 00 1 3243.189
2010 02 23 22 00 00 1 3243.210
2010 02 23 22 15 00 1 3243.239
2010 02 23 22 30 00 1 3243.277
2010 02 23 22 45 00 1 3243.326
2010 02 23 23 00 00 1 3243.380
2010 02 23 23 15 00 1 3243.440
2010 02 23 23 30 00 1 3243.501
2010 02 23 23 45 00 1 3243.572
2010 02 24 00 00 00 1 3243.642
2010 02 24 00 15 00 1 3243.715
2010 02 24 00 30 00 1 3243.787
2010 02 24 00 45 00 1 3243.859
2010 02 24 01 00 00 1 3243.934
2010 02 24 01 15 00 1 3244.005
2010 02 24 01 30 00 1 3244.070
2010 02 24 01 45 00 1 3244.133
2010 02 24 02 00 00 1 3244.188
2010 02 24 02 15 00 1 3244.239
2010 02 24 02 30 00 1 3244.283
2010 02 24 02 45 00 1 3244.318
2010 02 24 03 00 00 1 3244.345
2010 02 24 03 15 00 1 3244.363
2010 02 24 03 30 00 1 3244.372
2010 02 24 03 45 00 1 3244.369
2010 02 24 04 00 00 1 3244.358
2010 02 24 04 15 00 1 3244.336
2010 02 24 04 30 00 1 3244.309
2010 02 24 04 45 00 1 3244.272
2010 02 24 05 00 00 1 3244.227
2010 02 24 05 15 00 1 3244.176
2010 02 24 05 30 00 1 3244.115
2010 02 24 05 45 00 1 3244.049
2010 02 24 06 00 00 1 3243.981
2010 02 24 06 15 00 1 3243.909
2010 02 24 06 30 00 1 3243.832
2010 02 24 06 45 00 1 3243.755
2010 02 24 07 00 00 1 3243.677
2010 02 24 07 15 00 1 3243.596
2010 02 24 07 30 00 1 3243.527
2010 02 24 07 45 00 1 3243.457
2010 02 24 08 00 00 1 3243.390
2010 02 24 08 15 00 1 3243.329
2010 02 24 08 30 00 1 3243.273
2010 02 24 08 45 00 1 3243.224
2010 02 24 09 00 00 1 3243.184
2010 02 24 09 15 00 1 3243.149
2010 02 24 09 30 00 1 3243.122
2010 02 24 09 45 00 1 3243.105
2010 02 24 10 00 00 1 3243.100
2010 02 24 10 15 00 1 3243.103
2010 02 24 10 30 00 1 3243.115
2010 02 24 10 45 00 1 3243.138
2010 02 24 11 00 00 1 3243.168
2010 02 24 11 15 00 1 3243.207
2010 02 24 11 30 00 1 3243.252
2010 02 24 11 45 00 1 3243.301
2010 02 24 12 00 00 1 3243.359
2010 02 24 12 15 00 1 3243.421
2010 02 24 12 30 00 1 3243.488
2010 02 24 12 45 00 1 3243.557
2010 02 24 13 00 00 1 3243.630
2010 02 24 13 15 00 1 3243.702
2010 02 24 13 30 00 1 3243.771
2010 02 24 13 45 00 1 3243.840
2010 02 24 14 00 00 1 3243.905
2010 02 24 14 15 00 1 3243.966
2010 02 24 14 30 00 1 3244.022
2010 02 24 14 45 00 1 3244.072
2010 02 24 15 00 00 1 3244.118
2010 02 24 15 15 00 1 3244.158
2010 02 24 15 30 00 1 3244.188
2010 02 24 15 45 00 1 3244.209
2010 02 24 16 00 00 1 3244.224
2010 02 24 16 15 00 1 3244.229
2010 02 24 16 30 00 1 3244.225
2010 02 24 16 45 00 1 3244.212
2010 02 24 17 00 00 1 3244.189
2010 02 24 17 15 00 1 3244.156
2010 02 24 17 30 00 1 3244.118
2010 02 24 17 45 00 1 3244.073
2010 02 24 18 00 00 1 3244.021
2010 02 24 18 15 00 1 3243.965
2010 02 24 18 30 00 1 3243.903
2010 02 24 18 45 00 1 3243.839
2010 02 24 19 00 00 1 3243.768
2010 02 24 19 15 00 1 3243.700
2010 02 24 19 30 00 1 3243.631
2010 02 24 19 45 00 1 3243.559
2010 02 24 20 00 00 1 3243.493
2010 02 24 20 15 00 1 3243.427
2010 02 24 20 30 00 1 3243.367
2010 02 24 20 45 00 1 3243.312
2010 02 24 21 00 00 1 3243.261
2010 02 24 21 15 00 1 3243.214
2010 02 24 21 30 00 1 3243.176
2010 02 24 21 45 00 1 3243.150
2010 02 24 22 00 00 1 3243.130
2010 02 24 22 15 00 1 3243.120
2010 02 24 22 30 00 1 3243.120
2010 02 24 22 45 00 1 3243.127
2010 02 24 23 00 00 1 3243.145
2010 02 24 23 15 00 1 3243.170
2010 02 24 23 30 00 1 3243.206
2010 02 24 23 45 00 1 3243.250
2010 02 25 00 00 00 1 3243.300
2010 02 25 00 15 00 1 3243.357
2010 02 25 00 30 00 1 3243.420
2010 02 25 00 45 00 1 3243.487
2010 02 25 01 00 00 1 3243.561
2010 02 25 01 15 00 1 3243.640
2010 02 25 01 30 00 1 3243.720
2010 02 25 01 45 00 1 3243.800
2010 02 25 02 00 00 1 3243.880
2010 02 25 02 15 00 1 3243.957
2010 02 25 02 30 00 1 3244.032
2010 02 25 02 45 00 1 3244.103
2010 02 25 03 00 00 1 3244.168
2010 02 25 03 15 00 1 3244.227
2010 02 25 03 30 00 1 3244.279
2010 02 25 03 45 00 1 3244.324
2010 02 25 04 00 00 1 3244.357
2010 02 25 04 15 00 1 3244.383
2010 02 25 04 30 00 1 3244.400
2010 02 25 04 45 00 1 3244.405
2010 02 25 05 00 00 1 3244.399
2010 02 25 05 15 00 1 3244.383
2010 02 25 05 30 00 1 3244.362
2010 02 25 05 45 00 1 3244.329
2010 02 25 06 00 00 1 3244.287
2010 02 25 06 15 00 1 3244.234
2010 02 25 06 30 00 1 3244.176
2010 02 25 06 45 00 1 3244.109
2010 02 25 07 00 00 1 3244.039
2010 02 25 07 15 00 1 3243.959
2010 02 25 07 30 00 1 3243.881
2010 02 25 07 45 00 1 3243.797
2010 02 25 08 00 00 1 3243.713
2010 02 25 08 15 00 1 3243.630
2010 02 25 08 30 00 1 3243.549
2010 02 25 08 45 00 1 3243.469
2010 02 25 09 00 00 1 3243.394
2010 02 25 09 15 00 1 3243.323
2010 02 25 09 30 00 1 3243.260
2010 02 25 09 45 00 1 3243.200
2010 02 25 10 00 00 1 3243.150
2010 02 25 10 15 00 1 3243.108
2010 02 25 10 30 00 1 3243.073
2010 02 25 10 45 00 1 3243.048
2010 02 25 11 00 00 1 3243.034
2010 02 25 11 15 00 1 3243.031
2010 02 25 11 30 00 1 3243.038
2010 02 25 11 45 00 1 3243.056
2010 02 25 12 00 00 1 3243.084
2010 02 25 12 15 00 1 3243.122
2010 02 25 12 30 00 1 3243.168
2010 02 25 12 45 00 1 3243.220
2010 02 25 13 00 00 1 3243.279
2010 02 25 13 15 00 1 3243.343
2010 02 25 13 30 00 1 3243.417
2010 02 25 13 45 00 1 3243.495
2010 02 25 14 00 00 1 3243.577
2010 02 25 14 15 00 1 3243.656
2010 02 25 14 30 00 1 3243.737
2010 02 25 14 45 00 1 3243.814
2010 02 25 15 00 00 1 3243.891
2010 02 25 15 15 00 1 3243.967
2010 02 25 15 30 00 1 3244.036
2010 02 25 15 45 00 1 3244.099
2010 02 25 16 00 00 1 3244.162
2010 02 25 16 15 00 1 3244.214
2010 02 25 16 30 00 1 3244.256
2010 02 25 16 45 00 1 3244.290
2010 02 25 17 00 00 1 3244.312
2010 02 25 17 15 00 1 3244.324
2010 02 25 17 30 00 1 3244.326
2010 02 25 17 45 00 1 3244.317
2010 02 25 18 00 00 1 3244.299
2010 02 25 18 15 00 1 3244.271
2010 02 25 18 30 00 1 3244.233
2010 02 25 18 45 00 1 3244.188
2010 02 25 19 00 00 1 3244.133
2010 02 25 19 15 00 1 3244.072
2010 02 25 19 30 00 1 3244.005
2010 02 25 19 45 00 1 3243.932
2010 02 25 20 00 00 1 3243.854
2010 02 25 20 15 00 1 3243.776
2010 02 25 20 30 00 1 3243.694
2010 02 25 20 45 00 1 3243.612
2010 02 25 21 00 00 1 3243.533
2010 02 25 21 15 00 1 3243.455
2010 02 25 21 30 00 1 3243.382
2010 02 25 21 45 00 1 3243.313
2010 02 25 22 00 00 1 3243.244
2010 02 25 22 15 00 1 3243.189
2010 02 25 22 30 00 1 3243.140
2010 02 25 22 45 00 1 3243.101
2010 02 25 23 00 00 1 3243.070
2010 02 25 23 15 00 1 3243.050
2010 02 25 23 30 00 1 3243.041
2010 02 25 23 45 00 1 3243.040
2010 02 26 00 00 00 1 3243.053
2010 02 26 00 15 00 1 3243.072
2010 02 26 00 30 00 1 3243.104
2010 02 26 00 45 00 1 3243.147
2010 02 26 01 00 00 1 3243.201
2010 02 26 01 15 00 1 3243.262
2010 02 26 01 30 00 1 3243.331
2010 02 26 01 45 00 1 3243.407
2010 02 26 02 00 00 1 3243.490
2010 02 26 02 15 00 1 3243.575
2010 02 26 02 30 00 1 3243.667
2010 02 26 02 45 00 1 3243.761
2010 02 26 03 00 00 1 3243.853
2010 02 26 03 15 00 1 3243.947
2010 02 26 03 30 00 1 3244.037
2010 02 26 03 45 00 1 3244.120
2010 02 26 04 00 00 1 3244.200
2010 02 26 04 15 00 1 3244.272
2010 02 26 04 30 00 1 3244.334
2010 02 26 04 45 00 1 3244.388
2010 02 26 05 00 00 1 3244.433
2010 02 26 05 15 00 1 3244.470
2010 02 26 05 30 00 1 3244.491
2010 02 26 05 45 00 1 3244.505
2010 02 26 06 00 00 1 3244.505
2010 02 26 06 15 00 1 3244.494
2010 02 26 06 30 00 1 3244.472
2010 02 26 06 45 00 1 3244.438
2010 02 26 07 00 00 1 3244.392
2010 02 26 07 15 00 1 3244.339
2010 02 26 07 30 00 1 3244.272
2010 02 26 07 45 00 1 3244.196
2010 02 26 08 00 00 1 3244.116
2010 02 26 08 15 00 1 3244.030
2010 02 26 08 30 00 1 3243.939
2010 02 26 08 45 00 1 3243.844
2010 02 26 09 00 00 1 3243.747
2010 02 26 09 15 00 1 3243.649
2010 02 26 09 30 00 1 3243.552
2010 02 26 09 45 00 1 3243.459
2010 02 26 10 00 00 1 3243.366
2010 02 26 10 15 00 1 3243.283
2010 02 26 10 30 00 1 3243.204
2010 02 26 10 45 00 1 3243.131
2010 02 26 11 00 00 1 3243.070
2010 02 26 11 15 00 1 3243.018
2010 02 26 11 30 00 1 3242.978
2010 02 26 11 45 00 1 3242.947
2010 02 26 12 00 00 1 3242.931
2010 02 26 12 15 00 1 3242.925
2010 02 26 12 30 00 1 3242.931
2010 02 26 12 45 00 1 3242.950
2010 02 26 13 00 00 1 3242.980
2010 02 26 13 15 00 1 3243.025
2010 02 26 13 30 00 1 3243.079
2010 02 26 13 45 00 1 3243.141
2010 02 26 14 00 00 1 3243.214
2010 02 26 14 15 00 1 3243.292
2010 02 26 14 30 00 1 3243.378
2010 02 26 14 45 00 1 3243.472
2010 02 26 15 00 00 1 3243.570
2010 02 26 15 15 00 1 3243.667
2010 02 26 15 30 00 1 3243.764
2010 02 26 15 45 00 1 3243.861
2010 02 26 16 00 00 1 3243.960
2010 02 26 16 15 00 1 3244.051
2010 02 26 16 30 00 1 3244.139
2010 02 26 16 45 00 1 3244.218
2010 02 26 17 00 00 1 3244.290
2010 02 26 17 15 00 1 3244.353
2010 02 26 17 30 00 1 3244.406
2010 02 26 17 45 00 1 3244.447
2010 02 26 18 00 00 1 3244.479
2010 02 26 18 15 00 1 3244.498
2010 02 26 18 30 00 1 3244.505
2010 02 26 18 45 00 1 3244.500
2010 02 26 19 00 00 1 3244.481
2010 02 26 19 15 00 1 3244.450
2010 02 26 19 30 00 1 3244.405
2010 02 26 19 45 00 1 3244.351
2010 02 26 20 00 00 1 3244.285
2010 02 26 20 15 00 1 3244.213
2010 02 26 20 30 00 1 3244.133
2010 02 26 20 45 00 1 3244.047
2010 02 26 21 00 00 1 3243.954
2010 02 26 21 15 00 1 3243.858
2010 02 26 21 30 00 1 3243.761
2010 02 26 21 45 00 1 3243.661
2010 02 26 22 00 00 1 3243.563
2010 02 26 22 15 00 1 3243.465
2010 02 26 22 30 00 1 3243.372
2010 02 26 22 45 00 1 3243.282
2010 02 26 23 00 00 1 3243.202
2010 02 26 23 15 00 1 3243.129
2010 02 26 23 30 00 1 3243.068
2010 02 26 23 45 00 1 3243.017
2010 02 27 00 00 00 1 3242.975
2010 02 27 00 15 00 1 3242.945
2010 02 27 00 30 00 1 3242.927
2010 02 27 00 45 00 1 3242.925
2010 02 27 01 00 00 1 3242.935
2010 02 27 01 15 00 1 3242.957
2010 02 27 01 30 00 1 3242.995
2010 02 27 01 45 00 1 3243.043
2010 02 27 02 00 00 1 3243.106
2010 02 27 02 15 00 1 3243.177
2010 02 27 02 30 00 1 3243.261
2010 02 27 02 45 00 1 3243.352
2010 02 27 03 00 00 1 3243.448
2010 02 27 03 15 00 1 3243.551
2010 02 27 03 30 00 1 3243.657
2010 02 27 03 45 00 1 3243.766
2010 02 27 04 00 00 1 3243.874
2010 02 27 04 15 00 1 3243.982
2010 02 27 04 30 00 1 3244.089
2010 02 27 04 45 00 1 3244.189
2010 02 27 05 00 00 1 3244.283
2010 02 27 05 00 00 2 3244.287
2010 02 27 05 01 00 2 3244.292
2010 02 27 05 02 00 2 3244.298
2010 02 27 05 03 00 2 3244.305
2010 02 27 05 04 00 2 3244.310
2010 02 27 05 05 00 2 3244.316
2010 02 27 05 06 00 2 3244.322
2010 02 27 05 07 00 2 3244.327
2010 02 27 05 08 00 2 3244.334
2010 02 27 05 09 00 2 3244.340
2010 02 27 05 10 00 2 3244.347
2010 02 27 05 11 00 2 3244.351
2010 02 27 05 12 00 2 3244.357
2010 02 27 05 13 00 2 3244.363
2010 02 27 05 14 00 2 3244.368
2010 02 27 05 15 00 1 3244.372
2010 02 27 05 15 00 2 3244.374
2010 02 27 05 16 00 2 3244.378
2010 02 27 05 17 00 2 3244.384
2010 02 27 05 18 00 2 3244.389
2010 02 27 05 19 00 2 3244.395
2010 02 27 05 20 00 2 3244.401
2010 02 27 05 21 00 2 3244.405
2010 02 27 05 22 00 2 3244.410
2010 02 27 05 23 00 2 3244.416
2010 02 27 05 24 00 2 3244.421
2010 02 27 05 25 00 2 3244.426
2010 02 27 05 26 00 2 3244.431
2010 02 27 05 27 00 2 3244.436
2010 02 27 05 28 00 2 3244.439
2010 02 27 05 29 00 2 3244.445
2010 02 27 05 30 00 1 3244.448
2010 02 27 05 30 00 2 3244.451
2010 02 27 05 31 00 2 3244.455
2010 02 27 05 32 00 2 3244.459
2010 02 27 05 33 00 2 3244.465
2010 02 27 05 34 00 2 3244.468
2010 02 27 05 35 00 2 3244.472
2010 02 27 05 36 00 2 3244.476
2010 02 27 05 37 00 2 3244.482
2010 02 27 05 38 00 2 3244.485
2010 02 27 05 39 00 2 3244.490
2010 02 27 05 40 00 2 3244.494
2010 02 27 05 41 00 2 3244.498
2010 02 27 05 42 00 2 3244.502
2010 02 27 05 43 00 2 3244.505
2010 02 27 05 44 00 2 3244.510
2010 02 27 05 45 00 1 3244.513
2010 02 27 05 45 00 2 3244.514
2010 02 27 05 46 00 2 3244.518
2010 02 27 05 47 00 2 3244.522
2010 02 27 05 48 00 2 3244.525
2010 02 27 05 49 00 2 3244.529
2010 02 27 05 50 00 2 3244.533
2010 02 27 05 51 00 2 3244.537
2010 02 27 05 52 00 2 3244.540
2010 02 27 05 53 00 2 3244.543
2010 02 27 05 54 00 2 3244.547
2010 02 27 05 55 00 2 3244.550
2010 02 27 05 56 00 2 3244.554
2010 02 27 05 57 00 2 3244.556
2010 02 27 05 58 00 2 3244.561
2010 02 27 05 59 00 2 3244.563
2010 02 27 06 00 00 1 3244.565
2010 02 27 06 00 00 2 3244.566
2010 02 27 06 01 00 2 3244.570
2010 02 27 06 02 00 2 3244.574
2010 02 27 06 03 00 2 3244.576
2010 02 27 06 04 00 2 3244.580
2010 02 27 06 05 00 2 3244.582
2010 02 27 06 06 00 2 3244.585
2010 02 27 06 07 00 2 3244.588
2010 02 27 06 08 00 2 3244.590
2010 02 27 06 09 00 2 3244.592
2010 02 27 06 10 00 2 3244.595
2010 02 27 06 11 00 2 3244.596
2010 02 27 06 12 00 2 3244.599
2010 02 27 06 13 00 2 3244.603
2010 02 27 06 14 00 2 3244.605
2010 02 27 06 15 00 1 9999.000
2010 02 27 06 15 00 2 3244.607
2010 02 27 06 16 00 2 3244.609
2010 02 27 06 17 00 2 3244.611
2010 02 27 06 18 00 2 3244.614
2010 02 27 06 19 00 2 3244.615
2010 02 27 06 20 00 2 3244.616
2010 02 27 06 21 00 2 3244.618
2010 02 27 06 22 00 2 3244.621
2010 02 27 06 23 00 2 3244.621
2010 02 27 06 24 00 2 3244.624
2010 02 27 06 25 00 2 3244.625
2010 02 27 06 26 00 2 3244.626
2010 02 27 06 27 00 2 3244.628
2010 02 27 06 28 00 2 3244.629
2010 02 27 06 29 00 2 3244.630
2010 02 27 06 30 00 1 9999.000
2010 02 27 06 30 00 2 3244.631
2010 02 27 06 31 00 2 3244.633
2010 02 27 06 32 00 2 3244.634
2010 02 27 06 33 00 2 3244.634
2010 02 27 06 34 00 2 3244.636
2010 02 27 06 35 00 2 3244.637
2010 02 27 06 36 00 2 3244.638
2010 02 27 06 37 00 2 3244.640
2010 02 27 06 38 00 2 3244.639
2010 02 27 06 39 00 2 3244.640
2010 02 27 06 40 00 2 3244.640
2010 02 27 06 41 00 2 3244.640
2010 02 27 06 42 00 2 3244.641
2010 02 27 06 43 00 2 3244.642
2010 02 27 06 44 00 2 3244.643
2010 02 27 06 45 00 1 9999.000
2010 02 27 06 45 00 2 3244.643
2010 02 27 06 46 00 2 3244.643
2010 02 27 06 47 00 2 3244.644
2010 02 27 06 48 00 2 3244.645
2010 02 27 06 49 00 2 3244.642
2010 02 27 06 50 00 2 3244.646
2010 02 27 06 51 00 2 3244.644
2010 02 27 06 52 00 2 3244.646
2010 02 27 06 53 00 2 3244.647
2010 02 27 06 54 00 2 3244.647
2010 02 27 06 55 00 2 3244.644
2010 02 27 06 55 30 3 3244.648
2010 02 27 06 55 45 3 3244.636
2010 02 27 06 56 00 2 3244.652
2010 02 27 06 56 00 3 3244.676
2010 02 27 06 56 15 3 3244.647
2010 02 27 06 57 00 2 3244.645
2010 02 27 06 58 00 2 3244.649
2010 02 27 06 59 00 2 3244.646
2010 02 27 07 00 00 1 9999.000
2010 02 27 07 00 00 2 3244.646
2010 02 27 07 01 00 2 3244.648
2010 02 27 07 02 00 2 3244.638
2010 02 27 07 03 00 2 3244.637
2010 02 27 07 04 00 2 3244.653
2010 02 27 07 05 00 2 3244.636
2010 02 27 07 06 00 2 3244.644
2010 02 27 07 07 00 2 3244.632
2010 02 27 07 08 00 2 3244.646
2010 02 27 07 09 00 2 3244.636
2010 02 27 07 10 00 2 3244.636
2010 02 27 07 11 00 2 3244.641
2010 02 27 07 12 00 2 3244.635
2010 02 27 07 13 00 2 3244.630
2010 02 27 07 14 00 2 3244.633
2010 02 27 07 15 00 1 9999.000
2010 02 27 07 15 00 2 3244.634
2010 02 27 07 16 00 2 3244.626
2010 02 27 07 17 00 2 3244.625
2010 02 27 07 18 00 2 3244.628
2010 02 27 07 19 00 2 3244.624
2010 02 27 07 20 00 2 3244.626
2010 02 27 07 21 00 2 3244.620
2010 02 27 07 22 00 2 3244.620
2010 02 27 07 23 00 2 3244.619
2010 02 27 07 24 00 2 3244.617
2010 02 27 07 25 00 2 3244.613
2010 02 27 07 26 00 2 3244.610
2010 02 27 07 27 00 2 3244.610
2010 02 27 07 28 00 2 3244.609
2010 02 27 07 29 00 2 3244.606
2010 02 27 07 30 00 1 9999.000
2010 02 27 07 30 00 2 3244.605
2010 02 27 07 31 00 2 3244.602
2010 02 27 07 32 00 2 3244.598
2010 02 27 07 33 00 2 3244.599
2010 02 27 07 34 00 2 3244.595
2010 02 27 07 35 00 2 3244.593
2010 02 27 07 36 00 2 3244.591
2010 02 27 07 37 00 2 3244.588
2010 02 27 07 38 00 2 3244.585
2010 02 27 07 39 00 2 3244.582
2010 02 27 07 40 00 2 3244.580
2010 02 27 07 41 00 2 3244.576
2010 02 27 07 42 00 2 3244.575
2010 02 27 07 43 00 2 3244.572
2010 02 27 07 44 00 2 3244.568
2010 02 27 07 45 00 1 9999.000
2010 02 27 07 45 00 2 3244.566
2010 02 27 07 46 00 2 3244.560
2010 02 27 07 47 00 2 3244.560
2010 02 27 07 48 00 2 3244.555
2010 02 27 07 49 00 2 3244.552
2010 02 27 07 50 00 2 3244.548
2010 02 27 07 51 00 2 3244.546
2010 02 27 07 52 00 2 3244.542
2010 02 27 07 53 00 2 3244.538
2010 02 27 07 54 00 2 3244.533
2010 02 27 07 55 00 2 3244.530
2010 02 27 07 56 00 2 3244.527
2010 02 27 07 57 00 2 3244.523
2010 02 27 07 58 00 2 3244.518
2010 02 27 07 59 00 2 3244.514
2010 02 27 08 00 00 1 9999.000
2010 02 27 08 00 00 2 3244.511
2010 02 27 08 01 00 2 3244.507
2010 02 27 08 02 00 2 3244.501
2010 02 27 08 03 00 2 3244.500
2010 02 27 08 04 00 2 3244.494
2010 02 27 08 05 00 2 3244.489
2010 02 27 08 06 00 2 3244.486
2010 02 27 08 07 00 2 3244.483
2010 02 27 08 08 00 2 3244.479
2010 02 27 08 09 00 2 3244.472
2010 02 27 08 10 00 2 3244.469
2010 02 27 08 11 00 2 3244.463
2010 02 27 08 12 00 2 3244.459
2010 02 27 08 13 00 2 3244.456
2010 02 27 08 14 00 2 3244.449
2010 02 27 08 15 00 1 9999.000
2010 02 27 08 15 00 2 3244.446
2010 02 27 08 16 00 2 3244.440
2010 02 27 08 17 00 2 3244.434
2010 02 27 08 18 00 2 3244.431
2010 02 27 08 19 00 2 3244.427
2010 02 27 08 20 00 2 3244.418
2010 02 27 08 21 00 2 3244.416
2010 02 27 08 22 00 2 3244.412
2010 02 27 08 23 00 2 3244.405
2010 02 27 08 24 00 2 3244.399
2010 02 27 08 25 00 2 3244.396
2010 02 27 08 26 00 2 3244.389
2010 02 27 08 27 00 2 3244.385
2010 02 27 08 28 00 2 3244.380
2010 02 27 08 29 00 2 3244.373
2010 02 27 08 30 00 1 9999.000
2010 02 27 08 30 00 2 3244.369
2010 02 27 08 31 00 2 3244.363
2010 02 27 08 32 00 2 3244.357
2010 02 27 08 33 00 2 3244.353
2010 02 27 08 34 00 2 3244.346
2010 02 27 08 35 00 2 3244.340
2010 02 27 08 36 00 2 3244.335
2010 02 27 08 37 00 2 3244.330
2010 02 27 08 38 00 2 3244.323
2010 02 27 08 39 00 2 3244.317
2010 02 27 08 40 00 2 3244.312
2010 02 27 08 41 00 2 3244.306
2010 02 27 08 42 00 2 3244.299
2010 02 27 08 43 00 2 3244.294
2010 02 27 08 44 00 2 3244.288
2010 02 27 08 45 00 1 9999.000
2010 02 27 08 45 00 2 3244.280
2010 02 27 08 46 00 2 3244.274
2010 02 27 08 47 00 2 3244.270
2010 02 27 08 48 00 2 3244.262
2010 02 27 08 49 00 2 3244.257
2010 02 27 08 50 00 2 3244.251
2010 02 27 08 51 00 2 3244.243
2010 02 27 08 52 00 2 3244.238
2010 02 27 08 53 00 2 3244.231
2010 02 27 08 54 00 2 3244.225
2010 02 27 08 55 00 2 3244.219
2010 02 27 08 56 00 2 3244.211
2010 02 27 08 57 00 2 3244.206
2010 02 27 08 58 00 2 3244.200
2010 02 27 08 59 00 2 3244.192
2010 02 27 09 00 00 1 9999.000
2010 02 27 09 00 00 2 3244.185
2010 02 27 09 01 00 2 3244.179
2010 02 27 09 02 00 2 3244.170
2010 02 27 09 03 00 2 3244.165
2010 02 27 09 04 00 2 3244.156
2010 02 27 09 05 00 2 3244.150
2010 02 27 09 06 00 2 3244.144
2010 02 27 09 07 00 2 3244.137
2010 02 27 09 08 00 2 3244.129
2010 02 27 09 09 00 2 3244.123
2010 02 27 09 10 00 2 3244.117
2010 02 27 09 11 00 2 3244.111
2010 02 27 09 12 00 2 3244.102
2010 02 27 09 13 00 2 3244.096
2010 02 27 09 14 00 2 3244.089
2010 02 27 09 15 00 1 9999.000
2010 02 27 09 15 00 2 3244.082
2010 02 27 09 16 00 2 3244.074
2010 02 27 09 17 00 2 3244.066
2010 02 27 09 18 00 2 3244.060
2010 02 27 09 19 00 2 3244.052
2010 02 27 09 20 00 2 3244.045
2010 02 27 09 21 00 2 3244.038
2010 02 27 09 22 00 2 3244.029
2010 02 27 09 23 00 2 3244.022
2010 02 27 09 24 00 2 3244.015
2010 02 27 09 25 00 2 3244.007
2010 02 27 09 26 00 2 3244.001
2010 02 27 09 27 00 2 3243.995
2010 02 27 09 28 00 2 3243.986
2010 02 27 09 29 00 2 3243.978
2010 02 27 09 30 00 1 9999.000
2010 02 27 09 30 00 2 3243.971
2010 02 27 09 31 00 2 3243.962
2010 02 27 09 32 00 2 3243.956
2010 02 27 09 33 00 2 3243.948
2010 02 27 09 34 00 2 3243.940
2010 02 27 09 35 00 2 3243.934
2010 02 27 09 36 00 2 3243.925
2010 02 27 09 37 00 2 3243.917
2010 02 27 09 38 00 2 3243.911
2010 02 27 09 39 00 2 3243.902
2010 02 27 09 40 00 2 3243.894
2010 02 27 09 41 00 2 3243.887
2010 02 27 09 42 00 2 3243.880
2010 02 27 09 43 00 2 3243.871
2010 02 27 09 44 00 2 3243.864
2010 02 27 09 45 00 1 9999.000
2010 02 27 09 45 00 2 3243.856
2010 02 27 09 46 00 2 3243.849
2010 02 27 09 47 00 2 3243.841
2010 02 27 09 48 00 2 3243.832
2010 02 27 09 49 00 2 3243.825
2010 02 27 09 50 00 2 3243.817
2010 02 27 09 51 00 2 3243.808
2010 02 27 09 52 00 2 3243.800
2010 02 27 09 53 00 2 3243.793
2010 02 27 09 54 00 2 3243.784
2010 02 27 09 55 00 2 3243.777
2010 02 27 09 56 00 2 3243.769
2010 02 27 09 57 00 2 3243.763
2010 02 27 09 58 00 2 3243.754
2010 02 27 09 59 00 2 3243.748
2010 02 27 10 00 00 1 9999.000
2010 02 27 10 00 00 2 3243.740
2010 02 27 10 01 00 2 3243.731
2010 02 27 10 02 00 2 3243.725
2010 02 27 10 03 00 2 3243.716
2010 02 27 10 04 00 2 3243.710
2010 02 27 10 05 00 2 3243.702
2010 02 27 10 06 00 2 3243.695
2010 02 27 10 07 00 2 3243.684
2010 02 27 10 08 00 2 3243.678
2010 02 27 10 09 00 2 3243.670
2010 02 27 10 10 00 2 3243.663
2010 02 27 10 11 00 2 3243.655
2010 02 27 10 12 00 2 3243.647
2010 02 27 10 13 00 2 3243.639
2010 02 27 10 14 00 2 3243.632
2010 02 27 10 15 00 1 9999.000
2010 02 27 10 15 00 2 3243.624
2010 02 27 10 16 00 2 3243.616
2010 02 27 10 17 00 2 3243.608
2010 02 27 10 18 00 2 3243.601
2010 02 27 10 19 00 2 3243.594
2010 02 27 10 20 00 2 3243.586
2010 02 27 10 21 00 2 3243.577
2010 02 27 10 22 00 2 3243.571
2010 02 27 10 23 00 2 3243.564
2010 02 27 10 24 00 2 3243.556
2010 02 27 10 25 00 2 3243.548
2010 02 27 10 26 00 2 3243.541
2010 02 27 10 27 00 2 3243.533
2010 02 27 10 28 00 2 3243.523
2010 02 27 10 29 00 2 3243.516
2010 02 27 10 30 00 1 9999.000
2010 02 27 10 30 00 2 3243.510
2010 02 27 10 31 00 2 3243.502
2010 02 27 10 32 00 2 3243.495
2010 02 27 10 33 00 2 3243.485
2010 02 27 10 34 00 2 3243.479
2010 02 27 10 35 00 2 3243.471
2010 02 27 10 36 00 2 3243.464
2010 02 27 10 37 00 2 3243.457
2010 02 27 10 38 00 2 3243.450
2010 02 27 10 39 00 2 3243.442
2010 02 27 10 40 00 2 3243.435
2010 02 27 10 41 00 2 3243.428
2010 02 27 10 42 00 2 3243.420
2010 02 27 10 43 00 2 3243.414
2010 02 27 10 44 00 2 3243.406
2010 02 27 10 45 00 1 9999.000
2010 02 27 10 45 00 2 3243.398
2010 02 27 10 46 00 2 3243.391
2010 02 27 10 47 00 2 3243.385
2010 02 27 10 48 00 2 3243.378
2010 02 27 10 49 00 2 3243.371
2010 02 27 10 50 00 2 3243.363
2010 02 27 10 51 00 2 3243.357
2010 02 27 10 52 00 2 3243.349
2010 02 27 10 53 00 2 3243.343
2010 02 27 10 54 00 2 3243.335
2010 02 27 10 55 00 2 3243.328
2010 02 27 10 56 00 2 3243.321
2010 02 27 10 57 00 2 3243.314
2010 02 27 10 58 00 2 3243.305
2010 02 27 10 59 00 2 3243.302
2010 02 27 11 00 00 1 9999.000
2010 02 27 11 15 00 1 3243.198
2010 02 27 11 30 00 1 3243.103
2010 02 27 11 45 00 1 3243.020
2010 02 27 12 00 00 1 3242.948
2010 02 27 12 14 00 2 3242.890
2010 02 27 12 15 00 1 9999.000
2010 02 27 12 15 00 2 3242.887
2010 02 27 12 16 00 2 3242.881
2010 02 27 12 17 00 2 3242.878
2010 02 27 12 18 00 2 3242.877
2010 02 27 12 19 00 2 3242.873
2010 02 27 12 20 00 2 3242.869
2010 02 27 12 21 00 2 3242.867
2010 02 27 12 22 00 2 3242.863
2010 02 27 12 22 45 3 3242.862
2010 02 27 12 23 00 2 3242.860
2010 02 27 12 23 00 3 3242.862
2010 02 27 12 23 15 3 3242.860
2010 02 27 12 23 30 3 3242.859
2010 02 27 12 23 45 3 3211.263
2010 02 27 12 24 00 2 3242.856
2010 02 27 12 24 00 3 3242.858
2010 02 27 12 24 15 3 3242.857
2010 02 27 12 24 30 3 3242.856
2010 02 27 12 24 45 3 3242.856
2010 02 27 12 25 00 2 3242.856
2010 02 27 12 25 00 3 3242.856
2010 02 27 12 25 15 3 3242.856
2010 02 27 12 25 30 3 3242.856
2010 02 27 12 25 45 3 3242.856
2010 02 27 12 26 00 2 3242.851
2010 02 27 12 26 00 3 3242.854
2010 02 27 12 26 15 3 3242.853
2010 02 27 12 26 30 3 3242.851
2010 02 27 12 27 00 2 3242.849
2010 02 27 12 28 00 2 3242.845
2010 02 27 12 29 00 2 3242.843
2010 02 27 12 30 00 1 9999.000
2010 02 27 12 45 00 1 3242.811
2010 02 27 13 00 00 1 3242.790
2010 02 27 13 15 00 1 3242.787
2010 02 27 13 30 00 1 3242.800
2010 02 27 13 45 00 1 3242.877
2010 02 27 14 00 00 1 3242.912
2010 02 27 14 15 00 1 3242.896
2010 02 27 14 30 00 1 3242.955
2010 02 27 14 45 00 1 3243.027
2010 02 27 15 00 00 1 3243.139
2010 02 27 15 15 00 1 3243.217
2010 02 27 15 30 00 1 3243.361
2010 02 27 15 45 00 1 3243.492
2010 02 27 16 00 00 1 3243.604
2010 02 27 16 15 00 1 3243.729
2010 02 27 16 30 00 1 3243.842
2010 02 27 16 45 00 1 3243.959
2010 02 27 17 00 00 1 3244.072
2010 02 27 17 15 00 1 3244.165
2010 02 27 17 30 00 1 3244.290
2010 02 27 17 45 00 1 3244.365
2010 02 27 18 00 00 1 3244.438
2010 02 27 18 15 00 1 3244.525
2010 02 27 18 30 00 1 3244.593
2010 02 27 18 45 00 1 3244.645
2010 02 27 19 00 00 1 3244.678
2010 02 27 19 15 00 1 3244.685
2010 02 27 19 30 00 1 3244.700
2010 02 27 19 45 00 1 3244.645
2010 02 27 20 00 00 1 3244.676
2010 02 27 20 15 00 1 3244.625
2010 02 27 20 30 00 1 3244.565
2010 02 27 20 45 00 1 3244.502
2010 02 27 21 00 00 1 3244.414
2010 02 27 21 15 00 1 3244.330
2010 02 27 21 30 00 1 3244.239
2010 02 27 21 45 00 1 3244.128
2010 02 27 22 00 00 1 3244.024
2010 02 27 22 15 00 1 3243.900
2010 02 27 22 30 00 1 3243.775
2010 02 27 22 45 00 1 3243.653
2010 02 27 23 00 00 1 3243.537
2010 02 27 23 15 00 1 3243.412
2010 02 27 23 30 00 1 3243.293
2010 02 27 23 45 00 1 3243.196
2010 02 28 00 00 00 1 3243.101
2010 02 28 00 00 00 2 3243.104
2010 02 28 00 01 00 2 3243.100
2010 02 28 00 02 00 2 3243.093
2010 02 28 00 03 00 2 3243.091
2010 02 28 00 04 00 2 3243.093
2010 02 28 00 05 00 2 3243.091
2010 02 28 00 06 00 2 3243.075
2010 02 28 00 07 00 2 3243.071
2010 02 28 00 08 00 2 3243.063
2010 02 28 00 09 00 2 3243.063
2010 02 28 00 10 00 2 3243.066
2010 02 28 00 11 00 2 3243.060
2010 02 28 00 12 00 2 3243.053
2010 02 28 00 13 00 2 3243.044
2010 02 28 00 14 00 2 3243.042
2010 02 28 00 15 00 1 3243.027
2010 02 28 00 15 00 2 3243.038
2010 02 28 00 16 00 2 3243.025
2010 02 28 00 17 00 2 3243.010
2010 02 28 00 18 00 2 3243.011
2010 02 28 00 19 00 2 3243.000
2010 02 28 00 20 00 2 3243.003
2010 02 28 00 21 00 2 3243.001
2010 02 28 00 22 00 2 3242.996
2010 02 28 00 23 00 2 3242.994
2010 02 28 00 24 00 2 3242.996
2010 02 28 00 25 00 2 3242.992
2010 02 28 00 26 00 2 3242.973
2010 02 28 00 27 00 2 3242.970
2010 02 28 00 28 00 2 3242.965
2010 02 28 00 29 00 2 3242.956
2010 02 28 00 30 00 1 3242.943
2010 02 28 00 30 00 2 3242.950
2010 02 28 00 31 00 2 3242.941
2010 02 28 00 32 00 2 3242.931
2010 02 28 00 33 00 2 3242.931
2010 02 28 00 34 00 2 3242.938
2010 02 28 00 35 00 2 3242.932
2010 02 28 00 36 00 2 3242.932
2010 02 28 00 37 00 2 3242.923
2010 02 28 00 38 00 2 3242.914
2010 02 28 00 39 00 2 3242.905
2010 02 28 00 40 00 2 3242.911
2010 02 28 00 41 00 2 3242.916
2010 02 28 00 42 00 2 3242.918
2010 02 28 00 43 00 2 3242.906
2010 02 28 00 44 00 2 3242.891
2010 02 28 00 45 00 1 3242.891
2010 02 28 00 45 00 2 3242.886
2010 02 28 00 46 00 2 3242.891
2010 02 28 00 47 00 2 3242.893
2010 02 28 00 48 00 2 3242.889
2010 02 28 00 49 00 2 3242.879
2010 02 28 00 50 00 2 3242.870
2010 02 28 00 51 00 2 3242.867
2010 02 28 00 52 00 2 3242.857
2010 02 28 00 53 00 2 3242.855
2010 02 28 00 54 00 2 3242.853
2010 02 28 00 55 00 2 3242.859
2010 02 28 00 56 00 2 3242.860
2010 02 28 00 57 00 2 3242.846
2010 02 28 00 58 00 2 3242.835
2010 02 28 00 59 00 2 3242.824
2010 02 28 01 00 00 1 3242.826
2010 02 28 01 00 00 2 3242.824
2010 02 28 01 01 00 2 3242.825
2010 02 28 01 02 00 2 3242.825
2010 02 28 01 03 00 2 3242.827
2010 02 28 01 04 00 2 3242.825
2010 02 28 01 05 00 2 3242.827
2010 02 28 01 06 00 2 3242.831
2010 02 28 01 07 00 2 3242.824
2010 02 28 01 08 00 2 3242.812
2010 02 28 01 09 00 2 3242.804
2010 02 28 01 10 00 2 3242.808
2010 02 28 01 11 00 2 3242.807
2010 02 28 01 12 00 2 3242.813
2010 02 28 01 13 00 2 3242.815
2010 02 28 01 14 00 2 3242.800
2010 02 28 01 15 00 1 9999.000
2010 02 28 01 15 00 2 3242.794
2010 02 28 01 16 00 2 3242.799
2010 02 28 01 17 00 2 3242.798
2010 02 28 01 18 00 2 3242.802
2010 02 28 01 19 00 2 3242.794
2010 02 28 01 20 00 2 3242.788
2010 02 28 01 21 00 2 3242.791
2010 02 28 01 22 00 2 3242.792
2010 02 28 01 23 00 2 3242.785
2010 02 28 01 24 00 2 3242.782
2010 02 28 01 25 00 2 3242.782
2010 02 28 01 26 00 2 3242.787
2010 02 28 01 26 15 3 3242.777
2010 02 28 01 26 30 3 3242.777
2010 02 28 01 26 45 3 3242.814
2010 02 28 01 27 00 2 3242.783
2010 02 28 01 27 00 3 3242.775
2010 02 28 01 27 15 3 3242.774
2010 02 28 01 27 30 3 3242.774
2010 02 28 01 27 45 3 3242.810
2010 02 28 01 28 00 2 3242.777
2010 02 28 01 28 00 3 3242.776
2010 02 28 01 28 15 3 3242.776
2010 02 28 01 28 30 3 3242.777
2010 02 28 01 28 45 3 3242.778
2010 02 28 01 29 00 2 3242.779
2010 02 28 01 29 00 3 3242.779
2010 02 28 01 29 15 3 3242.779
2010 02 28 01 29 30 3 3242.779
2010 02 28 01 29 45 3 3242.780
2010 02 28 01 30 00 1 9999.000
2010 02 28 01 30 00 2 3242.783
2010 02 28 01 30 00 3 3242.808
2010 02 28 01 31 00 2 3242.784
2010 02 28 01 32 00 2 3242.779
2010 02 28 01 33 00 2 3242.782
2010 02 28 01 34 00 2 3242.788
2010 02 28 01 35 00 2 3242.781
2010 02 28 01 36 00 2 3242.782
2010 02 28 01 37 00 2 3242.784
2010 02 28 01 38 00 2 3242.794
2010 02 28 01 39 00 2 3242.791
2010 02 28 01 40 00 2 3242.781
2010 02 28 01 41 00 2 3243.673
2010 02 28 01 42 00 2 3242.779
2010 02 28 01 43 00 2 3242.787
2010 02 28 01 44 00 2 3242.786
2010 02 28 01 45 00 1 9999.000
2010 02 28 01 45 00 2 3242.787
2010 02 28 01 46 00 2 3242.784
2010 02 28 01 47 00 2 3242.787
2010 02 28 01 48 00 2 3242.784
2010 02 28 01 49 00 2 3243.631
2010 02 28 01 50 00 2 3242.787
2010 02 28 01 51 00 2 3242.784
2010 02 28 01 52 00 2 3242.786
2010 02 28 01 53 00 2 3242.786
2010 02 28 01 54 00 2 3242.794
2010 02 28 01 55 00 2 3242.796
2010 02 28 01 56 00 2 3242.800
2010 02 28 01 57 00 2 3243.551
2010 02 28 01 58 00 2 3242.792
2010 02 28 01 59 00 2 3242.796
2010 02 28 02 00 00 1 9999.000
2010 02 28 02 00 00 2 3242.807
2010 02 28 02 01 00 2 3242.812
2010 02 28 02 02 00 2 3242.813
2010 02 28 02 03 00 2 3242.812
2010 02 28 02 04 00 2 3242.815
2010 02 28 02 05 00 2 3243.485
2010 02 28 02 06 00 2 3242.836
2010 02 28 02 07 00 2 3242.823
2010 02 28 02 08 00 2 3242.817
2010 02 28 02 09 00 2 3242.822
2010 02 28 02 10 00 2 3242.828
2010 02 28 02 11 00 2 3242.832
2010 02 28 02 12 00 2 3242.837
2010 02 28 02 13 00 2 3243.430
2010 02 28 02 14 00 2 3242.843
2010 02 28 02 15 00 1 9999.000
2010 02 28 02 15 00 2 3242.841
2010 02 28 02 16 00 2 3242.843
2010 02 28 02 17 00 2 3242.853
2010 02 28 02 18 00 2 3242.854
2010 02 28 02 19 00 2 3242.859
2010 02 28 02 20 00 2 3242.859
2010 02 28 02 21 00 2 3243.369
2010 02 28 02 22 00 2 3242.853
2010 02 28 02 23 00 2 3242.863
2010 02 28 02 24 00 2 3242.872
2010 02 28 02 25 00 2 3242.875
2010 02 28 02 26 00 2 3242.876
2010 02 28 02 27 00 2 3242.885
2010 02 28 02 28 00 2 3242.894
2010 02 28 02 29 00 2 3243.309
2010 02 28 02 30 00 1 9999.000
2010 02 28 02 30 00 2 3242.885
2010 02 28 02 31 00 2 3242.878
2010 02 28 02 32 00 2 3242.890
2010 02 28 02 33 00 2 3242.900
2010 02 28 02 34 00 2 3242.907
2010 02 28 02 35 00 2 3242.911
2010 02 28 02 36 00 2 3242.918
2010 02 28 02 37 00 2 3243.252
2010 02 28 02 38 00 2 3242.931
2010 02 28 02 39 00 2 3242.925
2010 02 28 02 40 00 2 3242.929
2010 02 28 02 41 00 2 3242.933
2010 02 28 02 42 00 2 3242.937
2010 02 28 02 43 00 2 3242.940
2010 02 28 02 44 00 2 3242.946
2010 02 28 02 45 00 1 9999.000
2010 02 28 02 45 00 2 3242.953
2010 02 28 02 46 00 2 3242.957
2010 02 28 02 47 00 2 3242.955
2010 02 28 02 48 00 2 3242.957
2010 02 28 02 49 00 2 3242.961
2010 02 28 02 50 00 2 3242.964
2010 02 28 02 51 00 2 3242.983
2010 02 28 02 52 00 2 3243.158
2010 02 28 02 53 00 2 3243.152
2010 02 28 02 54 00 2 3242.994
2010 02 28 02 55 00 2 3242.990
2010 02 28 02 56 00 2 3243.003
2010 02 28 02 57 00 2 3243.005
2010 02 28 02 58 00 2 3243.018
2010 02 28 02 59 00 2 3243.023
2010 02 28 03 00 00 1 9999.000
2010 02 28 03 00 00 2 3243.027
2010 02 28 03 01 00 2 3243.033
2010 02 28 03 02 00 2 3243.037
2010 02 28 03 03 00 2 3243.045
2010 02 28 03 04 00 2 3243.050
2010 02 28 03 05 00 2 3243.059
2010 02 28 03 06 00 2 3243.076
2010 02 28 03 07 00 2 3243.079
2010 02 28 03 08 00 2 3243.063
2010 02 28 03 09 00 2 3243.066
2010 02 28 03 10 00 2 3243.085
2010 02 28 03 11 00 2 3243.091
2010 02 28 03 12 00 2 3243.100
2010 02 28 03 13 00 2 3243.105
2010 02 28 03 14 00 2 3243.113
2010 02 28 03 15 00 1 9999.000
2010 02 28 03 15 00 2 3243.123
2010 02 28 03 16 00 2 3243.122
2010 02 28 03 17 00 2 3243.130
2010 02 28 03 18 00 2 3243.136
2010 02 28 03 19 00 2 3243.145
2010 02 28 03 20 00 2 3243.152
2010 02 28 03 21 00 2 3243.165
2010 02 28 03 22 00 2 3243.166
2010 02 28 03 23 00 2 3243.168
2010 02 28 03 24 00 2 3242.992
2010 02 28 03 25 00 2 3242.973
2010 02 28 03 26 00 2 3243.190
2010 02 28 03 27 00 2 3243.201
2010 02 28 03 28 00 2 3243.208
2010 02 28 03 29 00 2 3243.214
2010 02 28 03 30 00 1 9999.000
2010 02 28 03 30 00 2 3243.219
2010 02 28 03 31 00 2 3243.226
2010 02 28 03 32 00 2 3243.232
2010 02 28 03 33 00 2 3243.231
2010 02 28 03 34 00 2 3243.244
2010 02 28 03 35 00 2 3243.255
2010 02 28 03 36 00 2 3243.265
2010 02 28 03 37 00 2 3243.270
2010 02 28 03 38 00 2 3243.269
2010 02 28 03 39 00 2 3243.277
2010 02 28 03 40 00 2 3242.916
2010 02 28 03 41 00 2 3242.918
2010 02 28 03 42 00 2 3243.304
2010 02 28 03 43 00 2 3243.309
2010 02 28 03 44 00 2 3243.318
2010 02 28 03 45 00 1 9999.000
2010 02 28 03 45 00 2 3243.332
2010 02 28 03 46 00 2 3243.336
2010 02 28 03 47 00 2 3243.334
2010 02 28 03 48 00 2 3243.338
2010 02 28 03 49 00 2 3243.347
2010 02 28 03 50 00 2 3243.360
2010 02 28 03 51 00 2 3243.371
2010 02 28 03 52 00 2 3243.378
2010 02 28 03 53 00 2 3243.386
2010 02 28 03 54 00 2 3243.385
2010 02 28 03 55 00 2 3242.860
2010 02 28 03 56 00 2 3242.846
2010 02 28 03 57 00 2 3242.835
2010 02 28 03 58 00 2 3243.420
2010 02 28 03 59 00 2 3243.426
2010 02 28 04 00 00 1 9999.000
2010 02 28 04 00 00 2 3243.437
2010 02 28 04 01 00 2 3243.466
2010 02 28 04 02 00 2 3243.449
2010 02 28 04 03 00 2 3243.459
2010 02 28 04 04 00 2 3243.467
2010 02 28 04 05 00 2 3243.472
2010 02 28 04 06 00 2 3243.485
2010 02 28 04 07 00 2 3243.496
2010 02 28 04 08 00 2 3243.511
2010 02 28 04 09 00 2 3243.514
2010 02 28 04 10 00 2 3243.522
2010 02 28 04 11 00 2 3242.815
2010 02 28 04 12 00 2 3242.800
2010 02 28 04 13 00 2 3242.794
2010 02 28 04 14 00 2 3243.541
2010 02 28 04 15 00 1 9999.000
2010 02 28 04 15 00 2 3243.554
2010 02 28 04 16 00 2 3243.563
2010 02 28 04 17 00 2 3243.574
2010 02 28 04 18 00 2 3243.587
2010 02 28 04 19 00 2 3243.596
2010 02 28 04 20 00 2 3243.602
2010 02 28 04 21 00 2 3243.606
2010 02 28 04 22 00 2 3243.621
2010 02 28 04 23 00 2 3243.628
2010 02 28 04 24 00 2 3243.642
2010 02 28 04 25 00 2 3243.645
2010 02 28 04 26 00 2 3243.648
2010 02 28 04 27 00 2 3242.783
2010 02 28 04 28 00 2 3242.777
2010 02 28 04 29 00 2 3242.779
2010 02 28 04 30 00 1 9999.000
2010 02 28 04 30 00 2 3243.648
2010 02 28 04 31 00 2 3243.657
2010 02 28 04 32 00 2 3243.671
2010 02 28 04 33 00 2 3243.685
2010 02 28 04 34 00 2 3243.698
2010 02 28 04 35 00 2 3243.709
2010 02 28 04 36 00 2 3243.719
2010 02 28 04 37 00 2 3243.751
2010 02 28 04 38 00 2 3243.733
2010 02 28 04 39 00 2 3243.744
2010 02 28 04 40 00 2 3243.751
2010 02 28 04 41 00 2 3243.760
2010 02 28 04 42 00 2 3243.774
2010 02 28 04 43 00 2 3243.785
2010 02 28 04 44 00 2 3243.790
2010 02 28 04 45 00 1 9999.000
2010 02 28 04 45 00 2 3243.794
2010 02 28 04 46 00 2 3243.792
2010 02 28 04 47 00 2 3243.806
2010 02 28 04 48 00 2 3243.821
2010 02 28 04 49 00 2 3243.831
2010 02 28 04 50 00 2 3243.837
2010 02 28 04 51 00 2 3243.838
2010 02 28 04 52 00 2 3243.846
2010 02 28 04 53 00 2 3243.853
2010 02 28 04 54 00 2 3243.864
2010 02 28 04 55 00 2 3243.876
2010 02 28 04 56 00 2 3243.886
2010 02 28 04 57 00 2 3243.898
2010 02 28 04 58 00 2 3243.905
2010 02 28 04 59 00 2 3243.915
2010 02 28 05 00 00 1 9999.000
2010 02 28 05 00 00 2 3243.926
2010 02 28 05 01 00 2 3243.951
2010 02 28 05 02 00 2 3243.935
2010 02 28 05 03 00 2 3243.936
2010 02 28 05 04 00 2 3243.953
2010 02 28 05 05 00 2 3243.967
2010 02 28 05 06 00 2 3243.974
2010 02 28 05 07 00 2 3243.984
2010 02 28 05 08 00 2 3243.986
2010 02 28 05 09 00 2 3244.019
2010 02 28 05 10 00 2 3243.986
2010 02 28 05 11 00 2 3243.997
2010 02 28 05 12 00 2 3244.010
2010 02 28 05 13 00 2 3244.033
2010 02 28 05 14 00 2 3244.045
2010 02 28 05 15 00 1 9999.000
2010 02 28 05 15 00 2 3244.046
2010 02 28 05 16 00 2 3244.051
2010 02 28 05 17 00 2 3244.049
2010 02 28 05 18 00 2 3244.053
2010 02 28 05 19 00 2 3244.062
2010 02 28 05 20 00 2 3244.078
2010 02 28 05 21 00 2 3244.087
2010 02 28 05 22 00 2 3244.095
2010 02 28 05 23 00 2 3244.109
2010 02 28 05 24 00 2 3244.118
2010 02 28 05 25 00 2 3244.123
2010 02 28 05 26 00 2 3244.137
2010 02 28 05 27 00 2 3244.150
2010 02 28 05 28 00 2 3244.151
2010 02 28 05 29 00 2 3244.161
2010 02 28 05 30 00 1 9999.000
2010 02 28 05 30 00 2 3244.169
2010 02 28 05 31 00 2 3244.179
2010 02 28 05 32 00 2 3244.177
2010 02 28 05 33 00 2 3244.189
2010 02 28 05 34 00 2 3244.199
2010 02 28 05 35 00 2 3244.206
2010 02 28 05 36 00 2 3244.216
2010 02 28 05 37 00 2 3244.225
2010 02 28 05 38 00 2 3244.220
2010 02 28 05 39 00 2 3244.225
2010 02 28 05 40 00 2 3244.230
2010 02 28 05 41 00 2 3244.254
2010 02 28 05 42 00 2 3244.270
2010 02 28 05 43 00 2 3244.261
2010 02 28 05 44 00 2 3244.272
2010 02 28 05 45 00 1 9999.000
2010 02 28 05 45 00 2 3244.279
2010 02 28 05 46 00 2 3244.284
2010 02 28 05 47 00 2 3244.295
2010 02 28 05 48 00 2 3244.311
2010 02 28 05 49 00 2 3244.318
2010 02 28 05 50 00 2 3244.318
2010 02 28 05 51 00 2 3244.318
2010 02 28 05 52 00 2 3244.330
2010 02 28 05 53 00 2 3244.342
2010 02 28 05 54 00 2 3244.355
2010 02 28 05 55 00 2 3244.365
2010 02 28 05 56 00 2 3244.368
2010 02 28 05 57 00 2 3244.375
2010 02 28 05 58 00 2 3244.378
2010 02 28 05 59 00 2 3244.381
2010 02 28 06 00 00 1 9999.000
2010 02 28 06 00 00 2 3244.381
2010 02 28 06 01 00 2 3244.390
2010 02 28 06 02 00 2 3244.392
2010 02 28 06 03 00 2 3244.409
2010 02 28 06 04 00 2 3244.420
2010 02 28 06 05 00 2 3244.425
2010 02 28 06 06 00 2 3244.423
2010 02 28 06 07 00 2 3244.430
2010 02 28 06 08 00 2 3244.439
2010 02 28 06 09 00 2 3244.444
2010 02 28 06 10 00 2 3244.447
2010 02 28 06 11 00 2 3244.458
2010 02 28 06 12 00 2 3244.461
2010 02 28 06 13 00 2 3244.465
2010 02 28 06 14 00 2 3244.462
2010 02 28 06 15 00 1 9999.000
2010 02 28 06 15 00 2 3244.471
2010 02 28 06 16 00 2 3244.483
2010 02 28 06 17 00 2 3244.491
2010 02 28 06 18 00 2 3244.499
2010 02 28 06 19 00 2 3244.503
2010 02 28 06 20 00 2 3244.505
2010 02 28 06 21 00 2 3244.516
2010 02 28 06 22 00 2 3244.519
2010 02 28 06 23 00 2 3244.527
2010 02 28 06 24 00 2 3244.545
2010 02 28 06 25 00 2 3244.539
2010 02 28 06 26 00 2 3244.544
2010 02 28 06 27 00 2 3244.551
2010 02 28 06 28 00 2 3244.554
2010 02 28 06 29 00 2 3244.559
2010 02 28 06 30 00 1 9999.000
2010 02 28 06 30 00 2 3244.563
2010 02 28 06 31 00 2 3244.569
2010 02 28 06 32 00 2 3244.578
2010 02 28 06 33 00 2 3244.579
2010 02 28 06 34 00 2 3244.576
2010 02 28 06 35 00 2 3244.579
2010 02 28 06 36 00 2 3244.586
2010 02 28 06 37 00 2 3244.594
2010 02 28 06 38 00 2 3244.600
2010 02 28 06 39 00 2 3244.609
2010 02 28 06 40 00 2 3244.611
2010 02 28 06 41 00 2 3244.614
2010 02 28 06 42 00 2 3244.614
2010 02 28 06 43 00 2 3244.617
2010 02 28 06 44 00 2 3244.626
2010 02 28 06 45 00 1 9999.000
2010 02 28 06 45 00 2 3244.633
2010 02 28 06 46 00 2 3244.643
2010 02 28 06 47 00 2 3244.647
2010 02 28 06 48 00 2 3244.650
2010 02 28 06 49 00 2 3244.649
2010 02 28 06 50 00 2 3244.665
2010 02 28 06 51 00 2 3244.665
2010 02 28 06 52 00 2 3244.668
2010 02 28 06 53 00 2 3244.676
2010 02 28 06 54 00 2 3244.684
2010 02 28 06 55 00 2 3244.691
2010 02 28 06 56 00 2 3244.687
2010 02 28 06 57 00 2 3244.679
2010 02 28 06 58 00 2 3244.702
2010 02 28 06 59 00 2 3244.684
2010 02 28 07 00 00 1 9999.000
2010 02 28 07 00 00 2 3244.684
2010 02 28 07 01 00 2 3244.689
2010 02 28 07 02 00 2 3244.717
2010 02 28 07 03 00 2 3244.702
2010 02 28 07 04 00 2 3244.700
2010 02 28 07 05 00 2 3244.703
2010 02 28 07 06 00 2 3244.715
2010 02 28 07 07 00 2 3244.720
2010 02 28 07 08 00 2 3244.743
2010 02 28 07 09 00 2 3244.728
2010 02 28 07 10 00 2 3244.730
2010 02 28 07 11 00 2 3244.725
2010 02 28 07 12 00 2 3244.728
2010 02 28 07 13 00 2 3244.731
2010 02 28 07 14 00 2 3244.735
2010 02 28 07 15 00 1 9999.000
2010 02 28 07 15 00 2 3244.738
2010 02 28 07 16 00 2 3244.739
2010 02 28 07 17 00 2 3244.741
2010 02 28 07 18 00 2 3244.749
2010 02 28 07 19 00 2 3244.749
2010 02 28 07 20 00 2 3244.747
2010 02 28 07 21 00 2 3244.745
2010 02 28 07 22 00 2 3244.780
2010 02 28 07 23 00 2 3244.746
2010 02 28 07 24 00 2 3244.737
2010 02 28 07 25 00 2 3244.746
2010 02 28 07 26 00 2 3244.743
2010 02 28 07 27 00 2 3244.772
2010 02 28 07 28 00 2 3244.741
2010 02 28 07 29 00 2 3244.742
2010 02 28 07 30 00 1 9999.000
2010 02 28 07 30 00 2 3244.742
2010 02 28 07 31 00 2 3244.742
2010 02 28 07 32 00 2 3244.745
2010 02 28 07 33 00 2 3244.751
2010 02 28 07 34 00 2 3244.756
2010 02 28 07 35 00 2 3244.759
2010 02 28 07 36 00 2 3244.754
2010 02 28 07 37 00 2 3244.751
2010 02 28 07 38 00 2 3244.747
2010 02 28 07 39 00 2 3244.749
2010 02 28 07 40 00 2 3244.757
2010 02 28 07 41 00 2 3244.792
2010 02 28 07 42 00 2 3244.757
2010 02 28 07 43 00 2 3244.765
2010 02 28 07 44 00 2 3244.767
2010 02 28 07 45 00 1 9999.000
2010 02 28 07 45 00 2 3244.763
2010 02 28 07 46 00 2 3244.762
2010 02 28 07 47 00 2 3244.756
2010 02 28 07 48 00 2 3244.762
2010 02 28 07 49 00 2 3244.765
2010 02 28 07 50 00 2 3244.764
2010 02 28 07 51 00 2 3244.766
2010 02 28 07 52 00 2 3244.767
2010 02 28 07 53 00 2 3244.766
2010 02 28 07 54 00 2 3244.762
2010 02 28 07 55 00 2 3244.756
2010 02 28 07 56 00 2 3244.754
2010 02 28 07 57 00 2 3244.757
2010 02 28 07 58 00 2 3244.766
2010 02 28 07 59 00 2 3244.777
2010 02 28 08 00 00 1 9999.000
2010 02 28 08 00 00 2 3244.777
2010 02 28 08 01 00 2 3244.776
2010 02 28 08 02 00 2 3244.764
2010 02 28 08 03 00 2 3244.760
2010 02 28 08 04 00 2 3244.758
2010 02 28 08 05 00 2 3244.758
2010 02 28 08 06 00 2 3244.753
2010 02 28 08 07 00 2 3244.747
2010 02 28 08 08 00 2 3244.781
2010 02 28 08 09 00 2 3244.745
2010 02 28 08 10 00 2 3244.778
2010 02 28 08 11 00 2 3244.746
2010 02 28 08 12 00 2 3244.741
2010 02 28 08 13 00 2 3244.779
2010 02 28 08 14 00 2 3244.749
2010 02 28 08 15 00 1 9999.000
2010 02 28 08 15 00 2 3244.745
2010 02 28 08 16 00 2 3244.738
2010 02 28 08 17 00 2 3244.730
2010 02 28 08 18 00 2 3244.735
2010 02 28 08 19 00 2 3244.739
2010 02 28 08 20 00 2 3244.745
2010 02 28 08 21 00 2 3244.737
2010 02 28 08 22 00 2 3244.725
2010 02 28 08 23 00 2 3244.726
2010 02 28 08 24 00 2 3244.725
2010 02 28 08 25 00 2 3244.717
2010 02 28 08 26 00 2 3244.718
2010 02 28 08 27 00 2 3244.721
2010 02 28 08 28 00 2 3244.721
2010 02 28 08 29 00 2 3244.716
2010 02 28 08 30 00 1 9999.000
2010 02 28 08 30 00 2 3244.711
2010 02 28 08 31 00 2 3244.716
2010 02 28 08 32 00 2 3244.717
2010 02 28 08 33 00 2 3244.716
2010 02 28 08 34 00 2 3244.707
2010 02 28 08 35 00 2 3244.695
2010 02 28 08 36 00 2 3244.689
2010 02 28 08 37 00 2 3244.689
2010 02 28 08 38 00 2 3244.688
2010 02 28 08 39 00 2 3244.675
2010 02 28 08 40 00 2 3244.670
2010 02 28 08 41 00 2 3244.671
2010 02 28 08 42 00 2 3244.671
2010 02 28 08 43 00 2 3244.663
2010 02 28 08 44 00 2 3244.648
2010 02 28 08 45 00 1 9999.000
2010 02 28 08 45 00 2 3244.645
2010 02 28 08 46 00 2 3244.646
2010 02 28 08 47 00 2 3244.638
2010 02 28 08 48 00 2 3244.635
2010 02 28 08 49 00 2 3244.630
2010 02 28 08 50 00 2 3244.622
2010 02 28 08 51 00 2 3244.623
2010 02 28 08 52 00 2 3244.623
2010 02 28 08 53 00 2 3244.614
2010 02 28 08 54 00 2 3244.608
2010 02 28 08 55 00 2 3244.601
2010 02 28 08 56 00 2 3244.593
2010 02 28 08 57 00 2 3244.592
2010 02 28 08 58 00 2 3244.588
2010 02 28 08 59 00 2 3244.578
2010 02 28 09 00 00 1 9999.000
2010 02 28 09 00 00 2 3244.578
2010 02 28 09 01 00 2 3244.578
2010 02 28 09 02 00 2 3244.584
2010 02 28 09 03 00 2 3244.571
2010 02 28 09 04 00 2 3244.564
2010 02 28 09 05 00 2 3244.565
2010 02 28 09 06 00 2 3244.545
2010 02 28 09 07 00 2 3244.550
2010 02 28 09 08 00 2 3244.548
2010 02 28 09 09 00 2 3244.539
2010 02 28 09 10 00 2 3244.529
2010 02 28 09 11 00 2 3244.522
2010 02 28 09 12 00 2 3244.517
2010 02 28 09 13 00 2 3244.513
2010 02 28 09 14 00 2 3244.512
2010 02 28 09 15 00 1 9999.000
2010 02 28 09 15 00 2 3244.507
2010 02 28 09 16 00 2 3244.500
2010 02 28 09 17 00 2 3244.499
2010 02 28 09 18 00 2 3244.492
2010 02 28 09 19 00 2 3244.481
2010 02 28 09 20 00 2 3244.470
2010 02 28 09 21 00 2 3244.465
2010 02 28 09 22 00 2 3244.460
2010 02 28 09 23 00 2 3244.455
2010 02 28 09 24 00 2 3244.451
2010 02 28 09 25 00 2 3244.442
2010 02 28 09 26 00 2 3244.451
2010 02 28 09 27 00 2 3244.420
2010 02 28 09 28 00 2 3244.414
2010 02 28 09 29 00 2 3244.414
2010 02 28 09 30 00 1 9999.000
2010 02 28 09 30 00 2 3244.412
2010 02 28 09 31 00 2 3244.396
2010 02 28 09 32 00 2 3244.385
2010 02 28 09 33 00 2 3244.380
2010 02 28 09 34 00 2 3244.375
2010 02 28 09 35 00 2 3244.367
2010 02 28 09 36 00 2 3244.354
2010 02 28 09 37 00 2 3244.350
2010 02 28 09 38 00 2 3244.342
2010 02 28 09 39 00 2 3244.332
2010 02 28 09 40 00 2 3244.323
2010 02 28 09 41 00 2 3244.315
2010 02 28 09 42 00 2 3244.312
2010 02 28 09 43 00 2 3244.306
2010 02 28 09 44 00 2 3244.295
2010 02 28 09 45 00 1 9999.000
2010 02 28 09 45 00 2 3244.288
2010 02 28 09 46 00 2 3244.283
2010 02 28 09 47 00 2 3244.276
2010 02 28 09 48 00 2 3244.274
2010 02 28 09 49 00 2 3244.265
2010 02 28 09 50 00 2 3244.259
2010 02 28 09 51 00 2 3244.255
2010 02 28 09 52 00 2 3244.249
2010 02 28 09 53 00 2 3244.241
2010 02 28 09 54 00 2 3244.236
2010 02 28 09 55 00 2 3244.258
2010 02 28 09 56 00 2 3244.215
2010 02 28 09 57 00 2 3244.218
2010 02 28 09 58 00 2 3244.216
2010 02 28 09 59 00 2 3244.205
2010 02 28 10 00 00 1 9999.000
2010 02 28 10 00 00 2 3244.205
2010 02 28 10 01 00 2 3244.191
2010 02 28 10 02 00 2 3244.181
2010 02 28 10 03 00 2 3244.176
2010 02 28 10 04 00 2 3244.170
2010 02 28 10 05 00 2 3244.169
2010 02 28 10 06 00 2 3244.145
2010 02 28 10 07 00 2 3244.131
2010 02 28 10 08 00 2 3244.156
2010 02 28 10 09 00 2 3244.107
2010 02 28 10 10 00 2 3244.096
2010 02 28 10 11 00 2 3244.093
2010 02 28 10 12 00 2 3244.093
2010 02 28 10 13 00 2 3244.088
2010 02 28 10 14 00 2 3244.078
2010 02 28 10 15 00 1 9999.000
2010 02 28 10 15 00 2 3244.062
2010 02 28 10 16 00 2 3244.053
2010 02 28 10 17 00 2 3244.048
2010 02 28 10 18 00 2 3244.044
2010 02 28 10 19 00 2 3244.038
2010 02 28 10 20 00 2 3244.026
2010 02 28 10 21 00 2 3244.021
2010 02 28 10 22 00 2 3244.014
2010 02 28 10 23 00 2 3244.000
2010 02 28 10 24 00 2 3243.992
2010 02 28 10 25 00 2 3243.996
2010 02 28 10 26 00 2 3243.966
2010 02 28 10 27 00 2 3243.959
2010 02 28 10 28 00 2 3243.948
2010 02 28 10 29 00 2 3243.940
2010 02 28 10 30 00 1 9999.000
2010 02 28 10 30 00 2 3243.949
2010 02 28 10 31 00 2 3243.920
2010 02 28 10 32 00 2 3243.908
2010 02 28 10 33 00 2 3243.902
2010 02 28 10 34 00 2 3243.900
2010 02 28 10 35 00 2 3243.893
2010 02 28 10 36 00 2 3243.885
2010 02 28 10 37 00 2 3243.878
2010 02 28 10 38 00 2 3243.872
2010 02 28 10 39 00 2 3243.867
2010 02 28 10 40 00 2 3243.877
2010 02 28 10 41 00 2 3243.848
2010 02 28 10 42 00 2 3243.846
2010 02 28 10 43 00 2 3243.847
2010 02 28 10 44 00 2 3243.834
2010 02 28 10 45 00 1 9999.000
2010 02 28 10 45 00 2 3243.819
2010 02 28 10 46 00 2 3243.805
2010 02 28 10 47 00 2 3243.791
2010 02 28 10 48 00 2 3243.780
2010 02 28 10 49 00 2 3243.771
2010 02 28 10 50 00 2 3243.759
2010 02 28 10 51 00 2 3243.749
2010 02 28 10 52 00 2 3243.737
2010 02 28 10 53 00 2 3243.734
2010 02 28 10 54 00 2 3243.728
2010 02 28 10 55 00 2 3243.713
2010 02 28 10 56 00 2 3243.697
2010 02 28 10 57 00 2 3243.688
2010 02 28 10 58 00 2 3243.674
2010 02 28 10 59 00 2 3243.667
2010 02 28 11 00 00 1 9999.000
2010 02 28 11 00 00 2 3243.667
2010 02 28 11 01 00 2 3243.656
2010 02 28 11 02 00 2 3243.649
2010 02 28 11 03 00 2 3243.637
2010 02 28 11 04 00 2 3243.633
2010 02 28 11 05 00 2 3243.622
2010 02 28 11 06 00 2 3243.617
2010 02 28 11 07 00 2 3243.606
2010 02 28 11 08 00 2 3243.597
2010 02 28 11 09 00 2 3243.585
2010 02 28 11 10 00 2 3243.580
2010 02 28 11 11 00 2 3243.575
2010 02 28 11 12 00 2 3243.569
2010 02 28 11 13 00 2 3243.561
2010 02 28 11 14 00 2 3243.550
2010 02 28 11 15 00 1 9999.000
2010 02 28 11 15 00 2 3243.538
2010 02 28 11 16 00 2 3243.531
2010 02 28 11 17 00 2 3243.523
2010 02 28 11 18 00 2 3243.513
2010 02 28 11 19 00 2 3243.503
2010 02 28 11 20 00 2 3243.492
2010 02 28 11 21 00 2 3243.486
2010 02 28 11 22 00 2 3243.474
2010 02 28 11 23 00 2 3243.461
2010 02 28 11 24 00 2 3243.451
2010 02 28 11 25 00 2 3243.444
2010 02 28 11 26 00 2 3243.438
2010 02 28 11 27 00 2 3243.430
2010 02 28 11 28 00 2 3243.419
2010 02 28 11 29 00 2 3243.409
2010 02 28 11 30 00 1 9999.000
2010 02 28 11 30 00 2 3243.397
2010 02 28 11 31 00 2 3243.388
2010 02 28 11 32 00 2 3243.377
2010 02 28 11 33 00 2 3243.375
2010 02 28 11 34 00 2 3243.373
2010 02 28 11 35 00 2 3243.363
2010 02 28 11 36 00 2 3243.352
2010 02 28 11 37 00 2 3243.342
2010 02 28 11 38 00 2 3243.338
2010 02 28 11 39 00 2 3243.333
2010 02 28 11 40 00 2 3243.323
2010 02 28 11 41 00 2 3243.315
2010 02 28 11 42 00 2 3243.333
2010 02 28 11 43 00 2 3243.312
2010 02 28 11 44 00 2 3243.306
2010 02 28 11 45 00 1 9999.000
2010 02 28 11 45 00 2 3243.294
2010 02 28 11 46 00 2 3243.284
2010 02 28 11 47 00 2 3243.288
2010 02 28 11 48 00 2 3243.269
2010 02 28 11 49 00 2 3243.261
2010 02 28 11 50 00 2 3243.255
2010 02 28 11 51 00 2 3243.245
2010 02 28 11 52 00 2 3243.238
2010 02 28 11 53 00 2 3243.231
2010 02 28 11 54 00 2 3243.221
2010 02 28 11 55 00 2 3243.208
2010 02 28 11 56 00 2 3243.201
2010 02 28 11 57 00 2 3243.192
2010 02 28 11 58 00 2 3243.183
2010 02 28 11 59 00 2 3243.173
2010 02 28 12 00 00 1 9999.000
2010 02 28 12 00 00 2 3243.179
2010 02 28 12 01 00 2 3243.186
2010 02 28 12 02 00 2 3243.156
2010 02 28 12 03 00 2 3243.143
2010 02 28 12 04 00 2 3243.143
2010 02 28 12 05 00 2 3243.140
2010 02 28 12 06 00 2 3243.127
2010 02 28 12 07 00 2 3243.110
2010 02 28 12 08 00 2 3243.098
2010 02 28 12 09 00 2 3243.092
2010 02 28 12 10 00 2 3243.083
2010 02 28 12 11 00 2 3243.073
2010 02 28 12 12 00 2 3243.062
2010 02 28 12 13 00 2 3243.059
2010 02 28 12 14 00 2 3243.055
2010 02 28 12 15 00 1 9999.000
2010 02 28 12 15 00 2 3243.053
2010 02 28 12 16 00 2 3243.053
2010 02 28 12 17 00 2 3243.041
2010 02 28 12 18 00 2 3243.029
2010 02 28 12 19 00 2 3243.019
2010 02 28 12 20 00 2 3243.015
2010 02 28 12 21 00 2 3243.007
2010 02 28 12 22 00 2 3243.003
2010 02 28 12 23 00 2 3242.996
2010 02 28 12 24 00 2 3242.994
2010 02 28 12 25 00 2 3242.983
2010 02 28 12 26 00 2 3242.975
2010 02 28 12 27 00 2 3242.971
2010 02 28 12 28 00 2 3242.962
2010 02 28 12 29 00 2 3242.958
2010 02 28 12 30 00 1 9999.000
2010 02 28 12 30 00 2 3242.955
2010 02 28 12 31 00 2 3242.942
2010 02 28 12 32 00 2 3242.932
2010 02 28 12 33 00 2 3242.926
2010 02 28 12 34 00 2 3242.922
2010 02 28 12 35 00 2 3242.913
2010 02 28 12 36 00 2 3242.909
2010 02 28 12 37 00 2 3242.899
2010 02 28 12 38 00 2 3242.895
2010 02 28 12 39 00 2 3242.895
2010 02 28 12 40 00 2 3242.888
2010 02 28 12 41 00 2 3242.887
2010 02 28 12 42 00 2 3242.884
2010 02 28 12 43 00 2 3242.879
2010 02 28 12 44 00 2 3242.872
2010 02 28 12 45 00 1 9999.000
2010 02 28 12 45 00 2 3242.863
2010 02 28 12 46 00 2 3242.860
2010 02 28 12 47 00 2 3242.851
2010 02 28 12 48 00 2 3242.843
2010 02 28 12 49 00 2 3242.832
2010 02 28 12 50 00 2 3242.831
2010 02 28 12 51 00 2 3242.826
2010 02 28 12 52 00 2 3242.820
2010 02 28 12 53 00 2 3242.818
2010 02 28 12 54 00 2 3242.815
2010 02 28 12 55 00 2 3242.807
2010 02 28 12 56 00 2 3242.802
2010 02 28 12 57 00 2 3242.804
2010 02 28 12 58 00 2 3242.804
2010 02 28 12 59 00 2 3242.797
2010 02 28 13 00 00 1 9999.000
2010 02 28 13 00 00 2 3242.797
2010 02 28 13 01 00 2 3242.790
2010 02 28 13 02 00 2 3242.784
2010 02 28 13 03 00 2 3242.786
2010 02 28 13 04 00 2 3242.780
2010 02 28 13 05 00 2 3242.771
2010 02 28 13 06 00 2 3242.770
2010 02 28 13 07 00 2 3242.764
2010 02 28 13 08 00 2 3242.758
2010 02 28 13 09 00 2 3242.754
2010 02 28 13 10 00 2 3242.746
2010 02 28 13 11 00 2 3242.733
2010 02 28 13 12 00 2 3242.730
2010 02 28 13 13 00 2 3242.734
2010 02 28 13 14 00 2 3242.732
2010 02 28 13 15 00 1 9999.000
2010 02 28 13 15 00 2 3242.724
2010 02 28 13 16 00 2 3242.715
2010 02 28 13 17 00 2 3242.716
2010 02 28 13 18 00 2 3242.715
2010 02 28 13 19 00 2 3242.710
2010 02 28 13 20 00 2 3242.710
2010 02 28 13 21 00 2 3242.712
2010 02 28 13 22 00 2 3242.706
2010 02 28 13 23 00 2 3242.703
2010 02 28 13 24 00 2 3242.693
2010 02 28 13 25 00 2 3242.691
2010 02 28 13 26 00 2 3242.694
2010 02 28 13 27 00 2 3242.691
2010 02 28 13 28 00 2 3242.692
2010 02 28 13 29 00 2 3242.693
2010 02 28 13 30 00 1 9999.000
2010 02 28 13 30 00 2 3242.690
2010 02 28 13 31 00 2 3242.686
2010 02 28 13 32 00 2 3242.687
2010 02 28 13 33 00 2 3242.683
2010 02 28 13 34 00 2 3242.678
2010 02 28 13 35 00 2 3242.669
2010 02 28 13 36 00 2 3242.665
2010 02 28 13 37 00 2 3242.670
2010 02 28 13 38 00 2 3242.670
2010 02 28 13 39 00 2 3242.665
2010 02 28 13 40 00 2 3242.663
2010 02 28 13 41 00 2 3242.662
2010 02 28 13 42 00 2 3242.657
2010 02 28 13 43 00 2 3242.650
2010 02 28 13 44 00 2 3242.653
2010 02 28 13 45 00 1 9999.000
2010 02 28 13 45 00 2 3242.655
2010 02 28 13 46 00 2 3242.654
2010 02 28 13 47 00 2 3242.653
2010 02 28 13 48 00 2 3242.656
2010 02 28 13 49 00 2 3242.661
2010 02 28 13 50 00 2 3242.660
2010 02 28 13 51 00 2 3242.660
2010 02 28 13 52 00 2 3242.661
2010 02 28 13 53 00 2 3242.656
2010 02 28 13 54 00 2 3242.651
2010 02 28 13 55 00 2 3242.647
2010 02 28 13 56 00 2 3242.650
2010 02 28 13 57 00 2 3242.669
2010 02 28 13 58 00 2 3242.665
2010 02 28 13 59 00 2 3242.658
2010 02 28 14 00 00 1 9999.000
2010 02 28 14 00 00 2 3242.657
2010 02 28 14 01 00 2 3242.662
2010 02 28 14 02 00 2 3242.665
2010 02 28 14 03 00 2 3242.660
2010 02 28 14 04 00 2 3242.664
2010 02 28 14 05 00 2 3242.664
2010 02 28 14 06 00 2 3242.657
2010 02 28 14 07 00 2 3242.655
2010 02 28 14 08 00 2 3242.649
2010 02 28 14 09 00 2 3242.643
2010 02 28 14 10 00 2 3242.645
2010 02 28 14 11 00 2 3242.651
2010 02 28 14 12 00 2 3242.652
2010 02 28 14 13 00 2 3242.654
2010 02 28 14 14 00 2 3242.656
2010 02 28 14 15 00 1 9999.000
2010 02 28 14 15 00 2 3242.656
2010 02 28 14 16 00 2 3242.662
2010 02 28 14 17 00 2 3242.662
2010 02 28 14 18 00 2 3242.657
2010 02 28 14 19 00 2 3242.658
2010 02 28 14 20 00 2 3242.660
2010 02 28 14 21 00 2 3242.659
2010 02 28 14 22 00 2 3242.677
2010 02 28 14 23 00 2 3242.669
2010 02 28 14 24 00 2 3242.670
2010 02 28 14 25 00 2 3242.674
2010 02 28 14 26 00 2 3242.682
2010 02 28 14 27 00 2 3242.677
2010 02 28 14 28 00 2 3242.676
2010 02 28 14 29 00 2 3242.682
2010 02 28 14 30 00 1 9999.000
2010 02 28 14 30 00 2 3242.685
2010 02 28 14 31 00 2 3242.683
2010 02 28 14 32 00 2 3242.686
2010 02 28 14 33 00 2 3242.692
2010 02 28 14 34 00 2 3242.699
2010 02 28 14 35 00 2 3242.704
2010 02 28 14 36 00 2 3242.703
2010 02 28 14 37 00 2 3242.701
2010 02 28 14 38 00 2 3242.705
2010 02 28 14 39 00 2 3242.717
2010 02 28 14 40 00 2 3242.726
2010 02 28 14 41 00 2 3242.732
2010 02 28 14 42 00 2 3242.731
2010 02 28 14 43 00 2 3242.733
2010 02 28 14 44 00 2 3242.733
2010 02 28 14 45 00 1 9999.000
2010 02 28 14 45 00 2 3242.739
2010 02 28 14 46 00 2 3242.739
2010 02 28 14 47 00 2 3242.741
2010 02 28 14 48 00 2 3242.745
2010 02 28 14 49 00 2 3242.739
2010 02 28 14 50 00 2 3242.739
2010 02 28 14 51 00 2 3242.744
2010 02 28 14 52 00 2 3242.748
2010 02 28 14 53 00 2 3242.752
2010 02 28 14 54 00 2 3242.758
2010 02 28 14 55 00 2 3242.763
2010 02 28 14 56 00 2 3242.764
2010 02 28 14 57 00 2 3242.763
2010 02 28 14 58 00 2 3242.763
2010 02 28 14 59 00 2 3242.763
2010 02 28 15 00 00 1 9999.000
2010 02 28 15 00 00 2 3242.763
2010 02 28 15 01 00 2 3242.760
2010 02 28 15 02 00 2 3242.767
2010 02 28 15 03 00 2 3242.780
2010 02 28 15 04 00 2 3242.790
2010 02 28 15 05 00 2 3242.800
2010 02 28 15 06 00 2 3242.807
2010 02 28 15 07 00 2 3242.815
2010 02 28 15 08 00 2 3242.818
2010 02 28 15 09 00 2 3242.831
2010 02 28 15 10 00 2 3242.834
2010 02 28 15 11 00 2 3242.836
2010 02 28 15 12 00 2 3242.841
2010 02 28 15 13 00 2 3242.845
2010 02 28 15 14 00 2 3242.850
2010 02 28 15 15 00 1 9999.000
2010 02 28 15 15 00 2 3242.860
2010 02 28 15 16 00 2 3242.866
2010 02 28 15 17 00 2 3242.865
2010 02 28 15 18 00 2 3242.869
2010 02 28 15 19 00 2 3242.883
2010 02 28 15 20 00 2 3242.884
2010 02 28 15 21 00 2 3242.885
2010 02 28 15 22 00 2 3242.894
2010 02 28 15 23 00 2 3242.907
2010 02 28 15 24 00 2 3242.911
2010 02 28 15 25 00 2 3242.915
2010 02 28 15 26 00 2 3242.913
2010 02 28 15 27 00 2 3242.925
2010 02 28 15 28 00 2 3242.943
2010 02 28 15 29 00 2 3242.940
2010 02 28 15 30 00 1 9999.000
2010 02 28 15 30 00 2 3242.949
2010 02 28 15 31 00 2 3242.953
2010 02 28 15 32 00 2 3242.955
2010 02 28 15 33 00 2 3242.952
2010 02 28 15 34 00 2 3242.957
2010 02 28 15 35 00 2 3242.961
2010 02 28 15 36 00 2 3242.965
2010 02 28 15 37 00 2 3242.996
2010 02 28 15 38 00 2 3242.975
2010 02 28 15 39 00 2 3242.979
2010 02 28 15 40 00 2 3242.988
2010 02 28 15 41 00 2 3243.000
2010 02 28 15 42 00 2 3243.011
2010 02 28 15 43 00 2 3243.015
2010 02 28 15 44 00 2 3243.021
2010 02 28 15 45 00 1 9999.000
2010 02 28 15 45 00 2 3243.028
2010 02 28 15 46 00 2 3243.029
2010 02 28 15 47 00 2 3243.031
2010 02 28 15 48 00 2 3243.042
2010 02 28 15 49 00 2 3243.056
2010 02 28 15 50 00 2 3243.063
2010 02 28 15 51 00 2 3243.080
2010 02 28 15 52 00 2 3243.063
2010 02 28 15 53 00 2 3243.065
2010 02 28 15 54 00 2 3243.069
2010 02 28 15 55 00 2 3243.082
2010 02 28 15 56 00 2 3243.096
2010 02 28 15 57 00 2 3243.105
2010 02 28 15 58 00 2 3243.109
2010 02 28 15 59 00 2 3243.118
2010 02 28 16 00 00 1 9999.000
2010 02 28 16 00 00 2 3243.118
2010 02 28 16 01 00 2 3243.128
2010 02 28 16 02 00 2 3243.140
2010 02 28 16 03 00 2 3243.145
2010 02 28 16 04 00 2 3243.151
2010 02 28 16 05 00 2 3243.165
2010 02 28 16 06 00 2 3243.170
2010 02 28 16 07 00 2 3243.182
2010 02 28 16 08 00 2 3243.191
2010 02 28 16 09 00 2 3243.201
2010 02 28 16 10 00 2 3243.209
2010 02 28 16 11 00 2 3243.222
2010 02 28 16 12 00 2 3243.235
2010 02 28 16 13 00 2 3243.244
2010 02 28 16 14 00 2 3243.249
2010 02 28 16 15 00 1 9999.000
2010 02 28 16 15 00 2 3243.255
2010 02 28 16 16 00 2 3243.265
2010 02 28 16 17 00 2 3243.277
2010 02 28 16 18 00 2 3243.287
2010 02 28 16 19 00 2 3243.296
2010 02 28 16 20 00 2 3243.309
2010 02 28 16 21 00 2 3243.320
2010 02 28 16 22 00 2 3243.328
2010 02 28 16 23 00 2 3243.337
2010 02 28 16 24 00 2 3243.343
2010 02 28 16 25 00 2 3243.352
2010 02 28 16 26 00 2 3243.355
2010 02 28 16 27 00 2 3243.364
2010 02 28 16 28 00 2 3243.383
2010 02 28 16 29 00 2 3243.399
2010 02 28 16 30 00 1 9999.000
2010 02 28 16 30 00 2 3243.406
2010 02 28 16 31 00 2 3243.410
2010 02 28 16 32 00 2 3243.413
2010 02 28 16 33 00 2 3243.424
2010 02 28 16 34 00 2 3243.443
2010 02 28 16 35 00 2 3243.452
2010 02 28 16 36 00 2 3243.458
2010 02 28 16 37 00 2 3243.460
2010 02 28 16 38 00 2 3243.469
2010 02 28 16 39 00 2 3243.505
2010 02 28 16 40 00 2 3243.485
2010 02 28 16 41 00 2 3243.491
2010 02 28 16 42 00 2 3243.499
2010 02 28 16 43 00 2 3243.507
2010 02 28 16 44 00 2 3243.520
2010 02 28 16 45 00 1 9999.000
2010 02 28 16 45 00 2 3243.537
2010 02 28 16 46 00 2 3243.553
2010 02 28 16 47 00 2 3243.557
2010 02 28 16 48 00 2 3243.563
2010 02 28 16 49 00 2 3243.575
2010 02 28 16 50 00 2 3243.588
2010 02 28 16 51 00 2 3243.632
2010 02 28 16 52 00 2 3243.611
2010 02 28 16 53 00 2 3243.610
2010 02 28 16 54 00 2 3243.614
2010 02 28 16 55 00 2 3243.634
2010 02 28 16 56 00 2 3243.657
2010 02 28 16 57 00 2 3243.674
2010 02 28 16 58 00 2 3243.694
2010 02 28 16 59 00 2 3243.682
2010 02 28 17 00 00 1 9999.000
2010 02 28 17 00 00 2 3243.682
2010 02 28 17 01 00 2 3243.690
2010 02 28 17 02 00 2 3243.723
2010 02 28 17 03 00 2 3243.706
2010 02 28 17 04 00 2 3243.715
2010 02 28 17 05 00 2 3243.755
2010 02 28 17 06 00 2 3243.740
2010 02 28 17 07 00 2 3243.748
2010 02 28 17 08 00 2 3243.760
2010 02 28 17 09 00 2 3243.764
2010 02 28 17 10 00 2 3243.767
2010 02 28 17 11 00 2 3243.786
2010 02 28 17 12 00 2 3243.783
2010 02 28 17 13 00 2 3243.789
2010 02 28 17 14 00 2 3243.795
2010 02 28 17 15 00 1 9999.000
2010 02 28 17 15 00 2 3243.808
2010 02 28 17 16 00 2 3243.817
2010 02 28 17 17 00 2 3243.824
2010 02 28 17 18 00 2 3243.834
2010 02 28 17 19 00 2 3243.842
2010 02 28 17 20 00 2 3243.847
2010 02 28 17 21 00 2 3243.856
2010 02 28 17 22 00 2 3243.871
2010 02 28 17 23 00 2 3243.884
2010 02 28 17 24 00 2 3243.898
2010 02 28 17 25 00 2 3243.912
2010 02 28 17 26 00 2 3243.915
2010 02 28 17 27 00 2 3243.919
2010 02 28 17 28 00 2 3243.930
2010 02 28 17 29 00 2 3243.946
2010 02 28 17 30 00 1 9999.000
2010 02 28 17 30 00 2 3243.953
2010 02 28 17 31 00 2 3243.959
2010 02 28 17 32 00 2 3243.966
2010 02 28 17 33 00 2 3243.979
2010 02 28 17 34 00 2 3243.994
2010 02 28 17 35 00 2 3244.002
2010 02 28 17 36 00 2 3244.010
2010 02 28 17 37 00 2 3244.015
2010 02 28 17 38 00 2 3244.028
2010 02 28 17 39 00 2 3244.038
2010 02 28 17 40 00 2 3244.045
2010 02 28 17 41 00 2 3244.049
2010 02 28 17 42 00 2 3244.051
2010 02 28 17 43 00 2 3244.090
2010 02 28 17 44 00 2 3244.072
2010 02 28 17 45 00 1 9999.000
2010 02 28 17 45 00 2 3244.078
2010 02 28 17 46 00 2 3244.086
2010 02 28 17 47 00 2 3244.091
2010 02 28 17 48 00 2 3244.099
2010 02 28 17 49 00 2 3244.104
2010 02 28 17 50 00 2 3244.113
2010 02 28 17 51 00 2 3244.120
2010 02 28 17 52 00 2 3244.133
2010 02 28 17 53 00 2 3244.143
2010 02 28 17 54 00 2 3244.146
2010 02 28 17 55 00 2 3244.158
2010 02 28 17 56 00 2 3244.167
2010 02 28 17 57 00 2 3244.176
2010 02 28 17 58 00 2 3244.187
2010 02 28 17 59 00 2 3244.191
2010 02 28 18 00 00 1 9999.000
2010 02 28 18 00 00 2 3244.194
2010 02 28 18 01 00 2 3244.202
2010 02 28 18 02 00 2 3244.215
2010 02 28 18 03 00 2 3244.233
2010 02 28 18 04 00 2 3244.244
2010 02 28 18 05 00 2 3244.253
2010 02 28 18 06 00 2 3244.265
2010 02 28 18 07 00 2 3244.272
2010 02 28 18 08 00 2 3244.282
2010 02 28 18 09 00 2 3244.292
2010 02 28 18 10 00 2 3244.302
2010 02 28 18 11 00 2 3244.308
2010 02 28 18 12 00 2 3244.315
2010 02 28 18 13 00 2 3244.324
2010 02 28 18 14 00 2 3244.325
2010 02 28 18 15 00 1 9999.000
2010 02 28 18 15 00 2 3244.332
2010 02 28 18 16 00 2 3244.340
2010 02 28 18 17 00 2 3244.352
2010 02 28 18 18 00 2 3244.362
2010 02 28 18 19 00 2 3244.369
2010 02 28 18 20 00 2 3244.375
2010 02 28 18 21 00 2 3244.380
2010 02 28 18 22 00 2 3244.391
2010 02 28 18 23 00 2 3244.402
2010 02 28 18 24 00 2 3244.412
2010 02 28 18 25 00 2 3244.420
2010 02 28 18 26 00 2 3244.425
2010 02 28 18 27 00 2 3244.437
2010 02 28 18 28 00 2 3244.445
2010 02 28 18 29 00 2 3244.450
2010 02 28 18 30 00 1 9999.000
2010 02 28 18 30 00 2 3244.462
2010 02 28 18 31 00 2 3244.473
2010 02 28 18 32 00 2 3244.487
2010 02 28 18 33 00 2 3244.493
2010 02 28 18 34 00 2 3244.496
2010 02 28 18 35 00 2 3244.500
2010 02 28 18 36 00 2 3244.509
2010 02 28 18 37 00 2 3244.526
2010 02 28 18 38 00 2 3244.526
2010 02 28 18 39 00 2 3244.534
2010 02 28 18 40 00 2 3244.542
2010 02 28 18 41 00 2 3244.553
2010 02 28 18 42 00 2 3244.558
2010 02 28 18 43 00 2 3244.561
2010 02 28 18 44 00 2 3244.567
2010 02 28 18 45 00 1 9999.000
2010 02 28 18 45 00 2 3244.577
2010 02 28 18 46 00 2 3244.589
2010 02 28 18 47 00 2 3244.593
2010 02 28 18 48 00 2 3244.596
2010 02 28 18 49 00 2 3244.599
2010 02 28 18 50 00 2 3244.606
2010 02 28 18 51 00 2 3244.617
2010 02 28 18 52 00 2 3244.627
2010 02 28 18 53 00 2 3244.636
2010 02 28 18 54 00 2 3244.645
2010 02 28 18 55 00 2 3244.649
2010 02 28 18 56 00 2 3244.668
2010 02 28 18 57 00 2 3244.658
2010 02 28 18 58 00 2 3244.659
2010 02 28 18 59 00 2 3244.669
2010 02 28 19 00 00 1 9999.000
2010 02 28 19 00 00 2 3244.669
2010 02 28 19 01 00 2 3244.673
2010 02 28 19 02 00 2 3244.680
2010 02 28 19 03 00 2 3244.675
2010 02 28 19 04 00 2 3244.675
2010 02 28 19 05 00 2 3244.687
2010 02 28 19 06 00 2 3244.698
2010 02 28 19 07 00 2 3244.702
2010 02 28 19 08 00 2 3244.704
2010 02 28 19 09 00 2 3244.711
2010 02 28 19 10 00 2 3244.718
2010 02 28 19 11 00 2 3244.720
2010 02 28 19 12 00 2 3244.721
2010 02 28 19 13 00 2 3244.726
2010 02 28 19 14 00 2 3244.731
2010 02 28 19 15 00 1 9999.000
2010 02 28 19 15 00 2 3244.738
2010 02 28 19 16 00 2 3244.742
2010 02 28 19 17 00 2 3244.743
2010 02 28 19 18 00 2 3244.750
2010 02 28 19 19 00 2 3244.753
2010 02 28 19 20 00 2 3244.758
2010 02 28 19 21 00 2 3244.761
2010 02 28 19 22 00 2 3244.764
2010 02 28 19 23 00 2 3244.759
2010 02 28 19 24 00 2 3244.756
2010 02 28 19 25 00 2 3244.763
2010 02 28 19 26 00 2 3244.768
2010 02 28 19 27 00 2 3244.777
2010 02 28 19 28 00 2 3244.787
2010 02 28 19 29 00 2 3244.789
2010 02 28 19 30 00 1 9999.000
2010 02 28 19 30 00 2 3244.798
2010 02 28 19 31 00 2 3244.804
2010 02 28 19 32 00 2 3244.801
2010 02 28 19 33 00 2 3244.803
2010 02 28 19 34 00 2 3244.805
2010 02 28 19 35 00 2 3244.811
2010 02 28 19 36 00 2 3244.817
2010 02 28 19 37 00 2 3244.820
2010 02 28 19 38 00 2 3244.826
2010 02 28 19 39 00 2 3244.829
2010 02 28 19 40 00 2 3244.847
2010 02 28 19 41 00 2 3244.828
2010 02 28 19 42 00 2 3244.833
2010 02 28 19 43 00 2 3244.840
2010 02 28 19 44 00 2 3244.843
2010 02 28 19 45 00 1 9999.000
2010 02 28 19 45 00 2 3244.845
2010 02 28 19 46 00 2 3244.851
2010 02 28 19 47 00 2 3244.861
2010 02 28 19 48 00 2 3244.869
2010 02 28 19 49 00 2 3244.874
2010 02 28 19 50 00 2 3244.878
2010 02 28 19 51 00 2 3244.871
2010 02 28 19 52 00 2 3244.871
2010 02 28 19 53 00 2 3244.868
2010 02 28 19 54 00 2 3244.869
2010 02 28 19 55 00 2 3244.871
2010 02 28 19 56 00 2 3244.870
2010 02 28 19 57 00 2 3244.870
2010 02 28 19 58 00 2 3244.867
2010 02 28 19 59 00 2 3244.870
2010 02 28 20 00 00 1 9999.000
2010 02 28 20 00 00 2 3244.867
2010 02 28 20 01 00 2 3244.870
2010 02 28 20 02 00 2 3244.879
2010 02 28 20 03 00 2 3244.873
2010 02 28 20 04 00 2 3244.869
2010 02 28 20 05 00 2 3244.866
2010 02 28 20 06 00 2 3244.872
2010 02 28 20 07 00 2 3244.876
2010 02 28 20 08 00 2 3244.879
2010 02 28 20 09 00 2 3244.883
2010 02 28 20 10 00 2 3244.884
2010 02 28 20 11 00 2 3244.883
2010 02 28 20 12 00 2 3244.877
2010 02 28 20 13 00 2 3244.873
2010 02 28 20 14 00 2 3244.870
2010 02 28 20 15 00 1 9999.000
2010 02 28 20 15 00 2 3244.863
2010 02 28 20 16 00 2 3244.862
2010 02 28 20 17 00 2 3244.864
2010 02 28 20 18 00 2 3244.860
2010 02 28 20 19 00 2 3244.861
2010 02 28 20 20 00 2 3244.866
2010 02 28 20 21 00 2 3244.866
2010 02 28 20 22 00 2 3244.864
2010 02 28 20 23 00 2 3244.896
2010 02 28 20 24 00 2 3244.902
2010 02 28 20 25 00 2 3244.868
2010 02 28 20 26 00 2 3244.864
2010 02 28 20 27 00 2 3244.858
2010 02 28 20 28 00 2 3244.856
2010 02 28 20 29 00 2 3244.860
2010 02 28 20 30 00 1 9999.000
2010 02 28 20 30 00 2 3244.859
2010 02 28 20 31 00 2 3244.861
2010 02 28 20 32 00 2 3244.860
2010 02 28 20 33 00 2 3244.885
2010 02 28 20 34 00 2 3244.854
2010 02 28 20 35 00 2 3244.855
2010 02 28 20 36 00 2 3244.858
2010 02 28 20 37 00 2 3244.859
2010 02 28 20 38 00 2 3244.858
2010 02 28 20 39 00 2 3244.859
2010 02 28 20 40 00 2 3244.858
2010 02 28 20 41 00 2 3244.853
2010 02 28 20 42 00 2 3244.848
2010 02 28 20 43 00 2 3244.849
2010 02 28 20 44 00 2 3244.849
2010 02 28 20 45 00 1 9999.000
2010 02 28 20 45 00 2 3244.851
2010 02 28 20 46 00 2 3244.847
2010 02 28 20 47 00 2 3244.871
2010 02 28 20 48 00 2 3244.842
2010 02 28 20 49 00 2 3244.833
2010 02 28 20 50 00 2 3244.827
2010 02 28 20 51 00 2 3244.829
2010 02 28 20 52 00 2 3244.826
2010 02 28 20 53 00 2 3244.842
2010 02 28 20 54 00 2 3244.819
2010 02 28 20 55 00 2 3244.816
2010 02 28 20 56 00 2 3244.811
2010 02 28 20 57 00 2 3244.801
2010 02 28 20 58 00 2 3244.798
2010 02 28 20 59 00 2 3244.795
2010 02 28 21 00 00 1 9999.000
2010 02 28 21 00 00 2 3244.795
2010 02 28 21 01 00 2 3244.795
2010 02 28 21 02 00 2 3244.789
2010 02 28 21 03 00 2 3244.784
2010 02 28 21 04 00 2 3244.784
2010 02 28 21 05 00 2 3244.790
2010 02 28 21 06 00 2 3244.780
2010 02 28 21 07 00 2 3244.777
2010 02 28 21 08 00 2 3244.768
2010 02 28 21 09 00 2 3244.763
2010 02 28 21 10 00 2 3244.761
2010 02 28 21 11 00 2 3244.762
2010 02 28 21 12 00 2 3244.760
2010 02 28 21 13 00 2 3244.761
2010 02 28 21 14 00 2 3244.760
2010 02 28 21 15 00 1 9999.000
2010 02 28 21 15 00 2 3244.761
2010 02 28 21 16 00 2 3244.755
2010 02 28 21 17 00 2 3244.756
2010 02 28 21 18 00 2 3244.757
2010 02 28 21 19 00 2 3244.753
2010 02 28 21 20 00 2 3244.770
2010 02 28 21 21 00 2 3244.734
2010 02 28 21 22 00 2 3244.726
2010 02 28 21 23 00 2 3244.722
2010 02 28 21 24 00 2 3244.723
2010 02 28 21 25 00 2 3244.719
2010 02 28 21 26 00 2 3244.713
2010 02 28 21 27 00 2 3244.710
2010 02 28 21 28 00 2 3244.705
2010 02 28 21 29 00 2 3244.699
2010 02 28 21 30 00 1 9999.000
2010 02 28 21 30 00 2 3244.692
2010 02 28 21 31 00 2 3244.702
2010 02 28 21 32 00 2 3244.678
2010 02 28 21 33 00 2 3244.671
2010 02 28 21 34 00 2 3244.664
2010 02 28 21 35 00 2 3244.654
2010 02 28 21 36 00 2 3244.653
2010 02 28 21 37 00 2 3244.644
2010 02 28 21 38 00 2 3244.641
2010 02 28 21 39 00 2 3244.632
2010 02 28 21 40 00 2 3244.625
2010 02 28 21 41 00 2 3244.622
2010 02 28 21 42 00 2 3244.616
2010 02 28 21 43 00 2 3244.609
2010 02 28 21 44 00 2 3244.627
2010 02 28 21 45 00 1 9999.000
2010 02 28 21 45 00 2 3244.593
2010 02 28 21 46 00 2 3244.583
2010 02 28 21 47 00 2 3244.576
2010 02 28 21 48 00 2 3244.574
2010 02 28 21 49 00 2 3244.565
2010 02 28 21 50 00 2 3244.556
2010 02 28 21 51 00 2 3244.548
2010 02 28 21 52 00 2 3244.542
2010 02 28 21 53 00 2 3244.533
2010 02 28 21 54 00 2 3244.532
2010 02 28 21 55 00 2 3244.531
2010 02 28 21 56 00 2 3244.523
2010 02 28 21 57 00 2 3244.516
2010 02 28 21 58 00 2 3244.512
2010 02 28 21 59 00 2 3244.505
2010 02 28 22 00 00 1 9999.000
2010 02 28 22 00 00 2 3244.505
2010 02 28 22 01 00 2 3244.495
2010 02 28 22 02 00 2 3244.489
2010 02 28 22 03 00 2 3244.481
2010 02 28 22 04 00 2 3244.471
2010 02 28 22 05 00 2 3244.463
2010 02 28 22 06 00 2 3244.456
2010 02 28 22 07 00 2 3244.447
2010 02 28 22 08 00 2 3244.441
2010 02 28 22 09 00 2 3244.436
2010 02 28 22 10 00 2 3244.435
2010 02 28 22 11 00 2 3244.429
2010 02 28 22 12 00 2 3244.418
2010 02 28 22 13 00 2 3244.412
2010 02 28 22 14 00 2 3244.411
2010 02 28 22 15 00 1 9999.000
2010 02 28 22 15 00 2 3244.404
2010 02 28 22 16 00 2 3244.389
2010 02 28 22 17 00 2 3244.375
2010 02 28 22 18 00 2 3244.364
2010 02 28 22 19 00 2 3244.359
2010 02 28 22 20 00 2 3244.348
2010 02 28 22 21 00 2 3244.338
2010 02 28 22 22 00 2 3244.330
2010 02 28 22 23 00 2 3244.327
2010 02 28 22 24 00 2 3244.325
2010 02 28 22 25 00 2 3244.311
2010 02 28 22 26 00 2 3244.304
2010 02 28 22 27 00 2 3244.298
2010 02 28 22 28 00 2 3244.286
2010 02 28 22 29 00 2 3244.279
2010 02 28 22 30 00 1 9999.000
2010 02 28 22 30 00 2 3244.270
2010 02 28 22 31 00 2 3244.261
2010 02 28 22 32 00 2 3244.248
2010 02 28 22 33 00 2 3244.238
2010 02 28 22 34 00 2 3244.233
2010 02 28 22 35 00 2 3244.225
2010 02 28 22 36 00 2 3244.240
2010 02 28 22 37 00 2 3244.198
2010 02 28 22 38 00 2 3244.195
2010 02 28 22 39 00 2 3244.191
2010 02 28 22 40 00 2 3244.180
2010 02 28 22 41 00 2 3244.167
2010 02 28 22 42 00 2 3244.160
2010 02 28 22 43 00 2 3244.153
2010 02 28 22 44 00 2 3244.142
2010 02 28 22 45 00 1 9999.000
2010 02 28 22 45 00 2 3244.128
2010 02 28 22 46 00 2 3244.113
2010 02 28 22 47 00 2 3244.106
2010 02 28 22 48 00 2 3244.094
2010 02 28 22 49 00 2 3244.082
2010 02 28 22 50 00 2 3244.078
2010 02 28 22 51 00 2 3244.074
2010 02 28 22 52 00 2 3244.067
2010 02 28 22 53 00 2 3244.059
2010 02 28 22 54 00 2 3244.049
2010 02 28 22 55 00 2 3244.038
2010 02 28 22 56 00 2 3244.030
2010 02 28 22 57 00 2 3244.018
2010 02 28 22 58 00 2 3244.019
2010 02 28 22 59 00 2 3244.005
2010 02 28 23 00 00 1 9999.000
2010 02 28 23 00 00 2 3244.005
2010 02 28 23 01 00 2 3243.991
2010 02 28 23 02 00 2 3243.981
2010 02 28 23 03 00 2 3243.973
2010 02 28 23 04 00 2 3243.961
2010 02 28 23 05 00 2 3243.971
2010 02 28 23 06 00 2 3243.942
2010 02 28 23 07 00 2 3243.936
2010 02 28 23 08 00 2 3243.931
2010 02 28 23 09 00 2 3243.923
2010 02 28 23 10 00 2 3243.909
2010 02 28 23 11 00 2 3243.901
2010 02 28 23 12 00 2 3243.895
2010 02 28 23 13 00 2 3243.884
2010 02 28 23 14 00 2 3243.874
2010 02 28 23 15 00 1 9999.000
2010 02 28 23 15 00 2 3243.867
2010 02 28 23 16 00 2 3243.855
2010 02 28 23 17 00 2 3243.843
2010 02 28 23 18 00 2 3243.839
2010 02 28 23 19 00 2 3243.835
2010 02 28 23 20 00 2 3243.822
2010 02 28 23 21 00 2 3243.812
2010 02 28 23 22 00 2 3243.804
2010 02 28 23 23 00 2 3243.795
2010 02 28 23 24 00 2 3243.787
2010 02 28 23 25 00 2 3243.775
2010 02 28 23 26 00 2 3243.764
2010 02 28 23 27 00 2 3243.756
2010 02 28 23 28 00 2 3243.749
2010 02 28 23 29 00 2 3243.734
2010 02 28 23 30 00 1 9999.000
2010 02 28 23 30 00 2 3243.715
2010 02 28 23 31 00 2 3243.701
2010 02 28 23 32 00 2 3243.690
2010 02 28 23 33 00 2 3243.681
2010 02 28 23 34 00 2 3243.675
2010 02 28 23 35 00 2 3243.665
2010 02 28 23 36 00 2 3243.651
2010 02 28 23 37 00 2 3243.640
2010 02 28 23 38 00 2 3243.627
2010 02 28 23 39 00 2 3243.617
2010 02 28 23 40 00 2 3243.606
2010 02 28 23 41 00 2 3243.596
2010 02 28 23 42 00 2 3243.614
2010 02 28 23 43 00 2 3243.579
2010 02 28 23 44 00 2 3243.571
2010 02 28 23 45 00 1 9999.000
2010 02 28 23 45 00 2 3243.560
2010 02 28 23 46 00 2 3243.551
2010 02 28 23 47 00 2 3243.546
2010 02 28 23 48 00 2 3243.545
2010 02 28 23 49 00 2 3243.537
2010 02 28 23 50 00 2 3243.527
2010 02 28 23 51 00 2 3243.525
2010 02 28 23 52 00 2 3243.506
2010 02 28 23 53 00 2 3243.494
2010 02 28 23 54 00 2 3243.488
2010 02 28 23 55 00 2 3243.509
2010 02 28 23 56 00 2 3243.473
2010 02 28 23 57 00 2 3243.463
2010 02 28 23 58 00 2 3243.451
2010 02 28 23 59 00 2 3243.440
2010 03 01 00 00 00 1 9999.000
2010 03 01 00 00 00 2 3243.440
2010 03 01 00 01 00 2 3243.431
2010 03 01 00 02 00 2 3243.425
2010 03 01 00 03 00 2 3243.421
2010 03 01 00 04 00 2 3243.412
2010 03 01 00 05 00 2 3243.402
2010 03 01 00 06 00 2 3243.399
2010 03 01 00 07 00 2 3243.395
2010 03 01 00 08 00 2 3243.388
2010 03 01 00 09 00 2 3243.374
2010 03 01 00 10 00 2 3243.364
2010 03 01 00 11 00 2 3243.359
2010 03 01 00 12 00 2 3243.348
2010 03 01 00 13 00 2 3243.341
2010 03 01 00 14 00 2 3243.334
2010 03 01 00 15 00 1 9999.000
2010 03 01 00 15 00 2 3243.325
2010 03 01 00 16 00 2 3243.314
2010 03 01 00 17 00 2 3243.305
2010 03 01 00 18 00 2 3243.292
2010 03 01 00 19 00 2 3243.276
2010 03 01 00 20 00 2 3243.270
2010 03 01 00 21 00 2 3243.268
2010 03 01 00 22 00 2 3243.260
2010 03 01 00 23 00 2 3243.251
2010 03 01 00 24 00 2 3243.272
2010 03 01 00 25 00 2 3243.227
2010 03 01 00 26 00 2 3243.220
2010 03 01 00 27 00 2 3243.213
2010 03 01 00 28 00 2 3243.206
2010 03 01 00 29 00 2 3243.201
2010 03 01 00 30 00 1 9999.000
2010 03 01 00 30 00 2 3243.187
2010 03 01 00 31 00 2 3243.172
2010 03 01 00 32 00 2 3243.163
2010 03 01 00 33 00 2 3243.165
2010 03 01 00 34 00 2 3243.164
2010 03 01 00 35 00 2 3243.156
2010 03 01 00 36 00 2 3243.150
2010 03 01 00 37 00 2 3243.144
2010 03 01 00 38 00 2 3243.139
2010 03 01 00 39 00 2 3243.131
2010 03 01 00 40 00 2 3243.122
2010 03 01 00 41 00 2 3243.109
2010 03 01 00 42 00 2 3243.096
2010 03 01 00 43 00 2 3243.088
2010 03 01 00 44 00 2 3243.076
2010 03 01 00 45 00 1 9999.000
2010 03 01 00 45 00 2 3243.066
2010 03 01 00 46 00 2 3243.063
2010 03 01 00 47 00 2 3243.061
2010 03 01 00 48 00 2 3243.053
2010 03 01 00 49 00 2 3243.042
2010 03 01 00 50 00 2 3243.034
2010 03 01 00 51 00 2 3243.027
2010 03 01 00 52 00 2 3243.018
2010 03 01 00 53 00 2 3243.008
2010 03 01 00 54 00 2 3243.004
2010 03 01 00 55 00 2 3243.002
2010 03 01 00 56 00 2 3242.994
2010 03 01 00 57 00 2 3242.985
2010 03 01 00 58 00 2 3242.973
2010 03 01 00 59 00 2 3242.961
2010 03 01 01 00 00 1 9999.000
2010 03 01 01 00 00 2 3242.973
2010 03 01 01 01 00 2 3242.961
2010 03 01 01 02 00 2 3242.954
2010 03 01 01 03 00 2 3242.948
2010 03 01 01 04 00 2 3242.941
2010 03 01 01 05 00 2 3242.936
2010 03 01 01 06 00 2 3242.932
2010 03 01 01 07 00 2 3242.928
2010 03 01 01 08 00 2 3242.924
2010 03 01 01 09 00 2 3242.926
2010 03 01 01 10 00 2 3242.909
2010 03 01 01 11 00 2 3242.905
2010 03 01 01 12 00 2 3242.897
2010 03 01 01 13 00 2 3242.889
2010 03 01 01 14 00 2 3242.880
2010 03 01 01 15 00 1 9999.000
2010 03 01 01 15 00 2 3242.873
2010 03 01 01 16 00 2 3242.868
2010 03 01 01 17 00 2 3242.864
2010 03 01 01 18 00 2 3242.861
2010 03 01 01 19 00 2 3242.855
2010 03 01 01 20 00 2 3242.848
2010 03 01 01 21 00 2 3242.842
2010 03 01 01 22 00 2 3242.840
2010 03 01 01 23 00 2 3242.838
2010 03 01 01 24 00 2 3242.847
2010 03 01 01 25 00 2 3242.827
2010 03 01 01 26 00 2 3242.827
2010 03 01 01 27 00 2 3242.821
2010 03 01 01 28 00 2 3242.814
2010 03 01 01 29 00 2 3242.808
2010 03 01 01 30 00 1 9999.000
2010 03 01 01 30 00 2 3242.822
2010 03 01 01 31 00 2 3242.807
2010 03 01 01 32 00 2 3242.801
2010 03 01 01 33 00 2 3242.801
2010 03 01 01 34 00 2 3242.775
2010 03 01 01 35 00 2 3242.768
2010 03 01 01 36 00 2 3242.768
2010 03 01 01 37 00 2 3242.767
2010 03 01 01 38 00 2 3242.787
2010 03 01 01 39 00 2 3242.756
2010 03 01 01 40 00 2 3242.756
2010 03 01 01 41 00 2 3242.750
2010 03 01 01 42 00 2 3242.748
2010 03 01 01 43 00 2 3242.778
2010 03 01 01 44 00 2 3242.741
2010 03 01 01 45 00 1 9999.000
2010 03 01 01 45 00 2 3242.735
2010 03 01 01 46 00 2 3242.731
2010 03 01 01 47 00 2 3242.731
2010 03 01 01 48 00 2 3242.730
2010 03 01 01 49 00 2 3242.750
2010 03 01 01 50 00 2 3242.720
2010 03 01 01 51 00 2 3242.719
2010 03 01 01 52 00 2 3242.714
2010 03 01 01 53 00 2 3242.709
2010 03 01 01 54 00 2 3242.707
2010 03 01 01 55 00 2 3242.708
2010 03 01 01 56 00 2 3242.728
2010 03 01 01 57 00 2 3242.699
2010 03 01 01 58 00 2 3242.694
2010 03 01 01 59 00 2 3242.690
2010 03 01 02 00 00 1 9999.000
2010 03 01 02 15 00 1 3242.656
2010 03 01 02 30 00 1 3242.664
2010 03 01 02 45 00 1 3242.659
2010 03 01 03 00 00 1 3242.683
2010 03 01 03 15 00 1 3242.729
2010 03 01 03 30 00 1 3242.786
2010 03 01 03 45 00 1 3242.870
2010 03 01 04 00 00 1 3242.968
2010 03 01 04 15 00 1 3243.056
2010 03 01 04 30 00 1 3243.185
2010 03 01 04 45 00 1 3243.297
2010 03 01 05 00 00 1 3243.432
2010 03 01 05 15 00 1 3243.567
2010 03 01 05 30 00 1 3243.702
2010 03 01 05 45 00 1 3243.846
2010 03 01 06 00 00 1 3243.975
2010 03 01 06 15 00 1 3244.141
2010 03 01 06 30 00 1 3244.257
2010 03 01 06 45 00 1 3244.378
2010 03 01 07 00 00 1 3244.493
2010 03 01 07 15 00 1 3244.582
2010 03 01 07 30 00 1 3244.687
2010 03 01 07 45 00 1 3244.741
2010 03 01 08 00 00 1 3244.798
2010 03 01 08 15 00 1 3244.830
2010 03 01 08 30 00 1 3244.841
2010 03 01 08 45 00 1 3244.859
2010 03 01 09 00 00 1 3244.826
2010 03 01 09 15 00 1 3244.787
2010 03 01 09 30 00 1 3244.743
2010 03 01 09 45 00 1 3244.678
2010 03 01 10 00 00 1 3244.590
2010 03 01 10 15 00 1 3244.486
2010 03 01 10 30 00 1 3244.378
2010 03 01 10 45 00 1 3244.250
2010 03 01 11 00 00 1 3244.122
2010 03 01 11 15 00 1 3243.978
2010 03 01 11 30 00 1 3243.837
2010 03 01 11 45 00 1 3243.684
2010 03 01 12 00 00 1 3243.558
2010 03 01 12 15 00 1 3243.407
2010 03 01 12 30 00 1 3243.252
2010 03 01 12 45 00 1 3243.134
2010 03 01 13 00 00 1 3243.014
2010 03 01 13 15 00 1 3242.898
2010 03 01 13 30 00 1 3242.799
2010 03 01 13 45 00 1 3242.717
2010 03 01 14 00 00 1 3242.637
2010 03 01 14 15 00 1 3242.586
2010 03 01 14 30 00 1 3242.553
2010 03 01 14 45 00 1 3242.546
2010 03 01 15 00 00 1 3242.561
2010 03 01 15 15 00 1 3242.580
2010 03 01 15 30 00 1 3242.616
2010 03 01 15 45 00 1 3242.664
2010 03 01 16 00 00 1 3242.742
2010 03 01 16 15 00 1 3242.843
2010 03 01 16 30 00 1 3242.951
2010 03 01 16 45 00 1 3243.072
2010 03 01 17 00 00 1 3243.192
2010 03 01 17 15 00 1 3243.329
2010 03 01 17 30 00 1 3243.474
2010 03 01 17 45 00 1 3243.638
2010 03 01 18 00 00 1 3243.793
2010 03 01 18 15 00 1 3243.943
2010 03 01 18 30 00 1 3244.110
2010 03 01 18 45 00 1 3244.257
2010 03 01 19 00 00 1 3244.392
2010 03 01 19 15 00 1 3244.511
2010 03 01 19 30 00 1 3244.628
2010 03 01 19 45 00 1 3244.726
2010 03 01 20 00 00 1 3244.826
2010 03 01 20 15 00 1 3244.901
2010 03 01 20 30 00 1 3244.952
2010 03 01 20 45 00 1 3245.004
2010 03 01 21 00 00 1 3245.019
2010 03 01 21 15 00 1 3245.016
2010 03 01 21 30 00 1 3244.996
2010 03 01 21 45 00 1 3244.944
2010 03 01 22 00 00 1 3244.891
2010 03 01 22 15 00 1 3244.814
2010 03 01 22 30 00 1 3244.723
2010 03 01 22 45 00 1 3244.619
2010 03 01 23 00 00 1 3244.502
2010 03 01 23 15 00 1 3244.358
2010 03 01 23 30 00 1 3244.214
2010 03 01 23 45 00 1 3244.075
2010 03 02 00 00 00 1 3243.926
2010 03 02 00 15 00 1 3243.775
2010 03 02 00 30 00 1 3243.623
2010 03 02 00 45 00 1 3243.470
2010 03 02 01 00 00 1 3243.320
2010 03 02 01 15 00 1 3243.187
2010 03 02 01 30 00 1 3243.045
2010 03 02 01 45 00 1 3242.939
2010 03 02 02 00 00 1 3242.834
2010 03 02 02 15 00 1 3242.744
2010 03 02 02 30 00 1 3242.674
2010 03 02 02 45 00 1 3242.623
2010 03 02 03 00 00 1 3242.582
2010 03 02 03 15 00 1 3242.564
2010 03 02 03 30 00 1 3242.559
2010 03 02 03 45 00 1 3242.577
2010 03 02 04 00 00 1 3242.621
2010 03 02 04 15 00 1 3242.677
2010 03 02 04 30 00 1 3242.751
2010 03 02 04 45 00 1 3242.848
2010 03 02 05 00 00 1 3242.955
2010 03 02 05 15 00 1 3243.067
2010 03 02 05 30 00 1 3243.201
2010 03 02 05 45 00 1 3243.336
2010 03 02 06 00 00 1 3243.480
2010 03 02 06 15 00 1 3243.632
2010 03 02 06 30 00 1 3243.783
2010 03 02 06 45 00 1 3243.922
2010 03 02 07 00 00 1 3244.070
2010 03 02 07 15 00 1 3244.217
2010 03 02 07 30 00 1 3244.344
2010 03 02 07 45 00 1 3244.464
2010 03 02 08 00 00 1 3244.574
2010 03 02 08 15 00 1 3244.663
2010 03 02 08 30 00 1 3244.741
2010 03 02 08 45 00 1 3244.799
2010 03 02 09 00 00 1 3244.846
2010 03 02 09 15 00 1 3244.868
2010 03 02 09 30 00 1 3244.884
2010 03 02 09 45 00 1 3244.876
2010 03 02 10 00 00 1 3244.844
2010 03 02 10 15 00 1 3244.784
2010 03 02 10 30 00 1 3244.713
2010 03 02 10 45 00 1 3244.625
2010 03 02 11 00 00 1 3244.531
2010 03 02 11 15 00 1 3244.418
2010 03 02 11 30 00 1 3244.294
2010 03 02 11 45 00 1 3244.159
2010 03 02 12 00 00 1 3244.008
2010 03 02 12 15 00 1 3243.870
2010 03 02 12 30 00 1 3243.715
2010 03 02 12 45 00 1 3243.564
2010 03 02 13 00 00 1 3243.410
2010 03 02 13 15 00 1 3243.270
2010 03 02 13 30 00 1 3243.136
2010 03 02 13 45 00 1 3243.009
2010 03 02 14 00 00 1 3242.890
2010 03 02 14 15 00 1 3242.783
2010 03 02 14 30 00 1 3242.682
2010 03 02 14 45 00 1 3242.609
2010 03 02 15 00 00 1 3242.549
2010 03 02 15 15 00 1 3242.512
2010 03 02 15 30 00 1 3242.497
2010 03 02 15 45 00 1 3242.504
2010 03 02 16 00 00 1 3242.527
2010 03 02 16 15 00 1 3242.569
2010 03 02 16 30 00 1 3242.627
2010 03 02 16 45 00 1 3242.703
2010 03 02 17 00 00 1 3242.795
2010 03 02 17 15 00 1 3242.906
2010 03 02 17 30 00 1 3243.030
2010 03 02 17 45 00 1 3243.166
2010 03 02 18 00 00 1 3243.306
2010 03 02 18 15 00 1 3243.460
2010 03 02 18 30 00 1 3243.616
2010 03 02 18 45 00 1 3243.779
2010 03 02 19 00 00 1 3243.934
2010 03 02 19 15 00 1 3244.091
2010 03 02 19 30 00 1 3244.242
2010 03 02 19 45 00 1 3244.386
2010 03 02 20 00 00 1 3244.527
2010 03 02 20 15 00 1 3244.655
2010 03 02 20 30 00 1 3244.764
2010 03 02 20 45 00 1 3244.854
2010 03 02 21 00 00 1 3244.928
2010 03 02 21 15 00 1 3244.981
2010 03 02 21 30 00 1 3245.022
2010 03 02 21 45 00 1 3245.044
2010 03 02 22 00 00 1 3245.050
2010 03 02 22 15 00 1 3245.032
2010 03 02 22 30 00 1 3244.988
2010 03 02 22 45 00 1 3244.931
2010 03 02 23 00 00 1 3244.862
2010 03 02 23 15 00 1 3244.768
2010 03 02 23 30 00 1 3244.653
2010 03 02 23 45 00 1 3244.528
2010 03 03 00 00 00 1 3244.400
2010 03 03 00 15 00 1 3244.252
2010 03 03 00 30 00 1 3244.107
2010 03 03 00 45 00 1 3243.953
2010 03 03 01 00 00 1 3243.802
2010 03 03 01 15 00 1 3243.642
2010 03 03 01 30 00 1 3243.488
2010 03 03 01 45 00 1 3243.331
2010 03 03 02 00 00 1 3243.185
2010 03 03 02 15 00 1 3243.053
2010 03 03 02 30 00 1 3242.938
2010 03 03 02 45 00 1 3242.831
2010 03 03 03 00 00 1 3242.744
2010 03 03 03 15 00 1 3242.665
2010 03 03 03 30 00 1 3242.602
2010 03 03 03 45 00 1 3242.557
2010 03 03 04 00 00 1 3242.537
2010 03 03 04 15 00 1 3242.539
2010 03 03 04 30 00 1 3242.554
2010 03 03 04 45 00 1 3242.595
2010 03 03 05 00 00 1 3242.651
2010 03 03 05 15 00 1 3242.718
2010 03 03 05 30 00 1 3242.804
2010 03 03 05 45 00 1 3242.910
2010 03 03 06 00 00 1 3243.030
2010 03 03 06 15 00 1 3243.156
2010 03 03 06 30 00 1 3243.295
2010 03 03 06 45 00 1 3243.438
2010 03 03 07 00 00 1 3243.587
2010 03 03 07 15 00 1 3243.728
2010 03 03 07 30 00 1 3243.879
2010 03 03 07 45 00 1 3244.029
2010 03 03 08 00 00 1 3244.170
2010 03 03 08 15 00 1 3244.304
2010 03 03 08 30 00 1 3244.428
2010 03 03 08 45 00 1 3244.538
2010 03 03 09 00 00 1 3244.635
2010 03 03 09 15 00 1 3244.713
2010 03 03 09 30 00 1 3244.781
2010 03 03 09 45 00 1 3244.828
2010 03 03 10 00 00 1 3244.856
2010 03 03 10 15 00 1 3244.868
2010 03 03 10 30 00 1 3244.853
2010 03 03 10 45 00 1 3244.823
2010 03 03 11 00 00 1 3244.775
2010 03 03 11 15 00 1 3244.713
2010 03 03 11 30 00 1 3244.631
2010 03 03 11 45 00 1 3244.535
2010 03 03 12 00 00 1 3244.424
2010 03 03 12 15 00 1 3244.302
2010 03 03 12 30 00 1 3244.173
2010 03 03 12 45 00 1 3244.037
2010 03 03 13 00 00 1 3243.892
2010 03 03 13 15 00 1 3243.737
2010 03 03 13 30 00 1 3243.585
2010 03 03 13 45 00 1 3243.439
2010 03 03 14 00 00 1 3243.295
2010 03 03 14 15 00 1 3243.160
2010 03 03 14 30 00 1 3243.039
2010 03 03 14 45 00 1 3242.919
2010 03 03 15 00 00 1 3242.811
2010 03 03 15 15 00 1 3242.715
2010 03 03 15 30 00 1 3242.641
2010 03 03 15 45 00 1 3242.590
2010 03 03 16 00 00 1 3242.547
2010 03 03 16 15 00 1 3242.532
2010 03 03 16 30 00 1 3242.526
2010 03 03 16 45 00 1 3242.545
2010 03 03 17 00 00 1 3242.582
2010 03 03 17 15 00 1 3242.633
2010 03 03 17 30 00 1 3242.704
2010 03 03 17 45 00 1 3242.792
2010 03 03 18 00 00 1 3242.903
2010 03 03 18 15 00 1 3243.022
2010 03 03 18 30 00 1 3243.153
2010 03 03 18 45 00 1 3243.297
2010 03 03 19 00 00 1 3243.443
2010 03 03 19 15 00 1 3243.595
2010 03 03 19 30 00 1 3243.756
2010 03 03 19 45 00 1 3243.912
2010 03 03 20 00 00 1 3244.062
2010 03 03 20 15 00 1 3244.214
2010 03 03 20 30 00 1 3244.355
2010 03 03 20 45 00 1 3244.488
2010 03 03 21 00 00 1 3244.610
2010 03 03 21 15 00 1 3244.718
2010 03 03 21 30 00 1 3244.811
2010 03 03 21 45 00 1 3244.890
2010 03 03 22 00 00 1 3244.949
2010 03 03 22 15 00 1 3244.994
2010 03 03 22 30 00 1 3245.018
2010 03 03 22 45 00 1 3245.024
2010 03 03 23 00 00 1 3245.009
2010 03 03 23 15 00 1 3244.972
2010 03 03 23 30 00 1 3244.912
2010 03 03 23 45 00 1 3244.842
2010 03 04 00 00 00 1 3244.748
2010 03 04 00 15 00 1 3244.642
2010 03 04 00 30 00 1 3244.526
2010 03 04 00 45 00 1 3244.395
2010 03 04 01 00 00 1 3244.258
2010 03 04 01 15 00 1 3244.114
2010 03 04 01 30 00 1 3243.964
2010 03 04 01 45 00 1 3243.813
2010 03 04 02 00 00 1 3243.664
2010 03 04 02 15 00 1 3243.516
2010 03 04 02 30 00 1 3243.369
2010 03 04 02 45 00 1 3243.226
2010 03 04 03 00 00 1 3243.102
2010 03 04 03 15 00 1 3242.979
2010 03 04 03 30 00 1 3242.871
2010 03 04 03 45 00 1 3242.779
2010 03 04 04 00 00 1 3242.706
2010 03 04 04 15 00 1 3242.645
2010 03 04 04 30 00 1 3242.606
2010 03 04 04 45 00 1 3242.576
2010 03 04 05 00 00 1 3242.568
2010 03 04 05 15 00 1 3242.578
2010 03 04 05 30 00 1 3242.613
2010 03 04 05 45 00 1 3242.659
2010 03 04 06 00 00 1 3242.726
2010 03 04 06 15 00 1 3242.807
2010 03 04 06 30 00 1 3242.903
2010 03 04 06 45 00 1 3243.012
2010 03 04 07 00 00 1 3243.131
2010 03 04 07 15 00 1 3243.261
2010 03 04 07 30 00 1 3243.394
2010 03 04 07 45 00 1 3243.536
2010 03 04 08 00 00 1 3243.681
2010 03 04 08 15 00 1 3243.820
2010 03 04 08 30 00 1 3243.960
2010 03 04 08 45 00 1 3244.095
2010 03 04 09 00 00 1 3244.225
2010 03 04 09 15 00 1 3244.344
2010 03 04 09 30 00 1 3244.452
2010 03 04 09 45 00 1 3244.546
2010 03 04 10 00 00 1 3244.629
2010 03 04 10 15 00 1 3244.690
2010 03 04 10 30 00 1 3244.741
2010 03 04 10 45 00 1 3244.771
2010 03 04 11 00 00 1 3244.786
2010 03 04 11 15 00 1 3244.784
2010 03 04 11 30 00 1 3244.762
2010 03 04 11 45 00 1 3244.719
2010 03 04 12 00 00 1 3244.663
2010 03 04 12 15 00 1 3244.594
2010 03 04 12 30 00 1 3244.506
2010 03 04 12 45 00 1 3244.402
2010 03 04 13 00 00 1 3244.289
2010 03 04 13 15 00 1 3244.172
2010 03 04 13 30 00 1 3244.039
2010 03 04 13 45 00 1 3243.906
2010 03 04 14 00 00 1 3243.768
2010 03 04 14 15 00 1 3243.630
2010 03 04 14 30 00 1 3243.493
2010 03 04 14 45 00 1 3243.358
2010 03 04 15 00 00 1 3243.228
2010 03 04 15 15 00 1 3243.105
2010 03 04 15 30 00 1 3242.998
2010 03 04 15 45 00 1 3242.901
2010 03 04 16 00 00 1 3242.814
2010 03 04 16 15 00 1 3242.743
2010 03 04 16 30 00 1 3242.690
2010 03 04 16 45 00 1 3242.654
2010 03 04 17 00 00 1 3242.631
2010 03 04 17 15 00 1 3242.628
2010 03 04 17 30 00 1 3242.641
2010 03 04 17 45 00 1 3242.669
2010 03 04 18 00 00 1 3242.717
2010 03 04 18 15 00 1 3242.785
2010 03 04 18 30 00 1 3242.870
2010 03 04 18 45 00 1 3242.966
2010 03 04 19 00 00 1 3243.079
2010 03 04 19 15 00 1 3243.200
2010 03 04 19 30 00 1 3243.328
2010 03 04 19 45 00 1 3243.463
2010 03 04 20 00 00 1 3243.604
2010 03 04 20 15 00 1 3243.749
2010 03 04 20 30 00 1 3243.889
2010 03 04 20 45 00 1 3244.029
2010 03 04 21 00 00 1 3244.167
2010 03 04 21 15 00 1 3244.296
2010 03 04 21 30 00 1 3244.415
2010 03 04 21 45 00 1 3244.529
2010 03 04 22 00 00 1 3244.630
2010 03 04 22 15 00 1 3244.721
2010 03 04 22 30 00 1 3244.790
2010 03 04 22 45 00 1 3244.844
2010 03 04 23 00 00 1 3244.884
2010 03 04 23 15 00 1 3244.902
2010 03 04 23 30 00 1 3244.901
2010 03 04 23 45 00 1 3244.882
2010 03 05 00 00 00 1 3244.848
2010 03 05 00 15 00 1 3244.798
2010 03 05 00 30 00 1 3244.730
2010 03 05 00 45 00 1 3244.653
2010 03 05 01 00 00 1 3244.559
2010 03 05 01 15 00 1 3244.451
2010 03 05 01 30 00 1 3244.336
2010 03 05 01 45 00 1 3244.211
2010 03 05 02 00 00 1 3244.081
2010 03 05 02 15 00 1 3243.938
2010 03 05 02 30 00 1 3243.802
2010 03 05 02 45 00 1 3243.665
2010 03 05 03 00 00 1 3243.527
2010 03 05 03 15 00 1 3243.394
2010 03 05 03 30 00 1 3243.267
2010 03 05 03 45 00 1 3243.149
2010 03 05 04 00 00 1 3243.040
2010 03 05 04 15 00 1 3242.943
2010 03 05 04 30 00 1 3242.858
2010 03 05 04 45 00 1 3242.786
2010 03 05 05 00 00 1 3242.730
2010 03 05 05 15 00 1 3242.690
2010 03 05 05 30 00 1 3242.665
2010 03 05 05 45 00 1 3242.657
2010 03 05 06 00 00 1 3242.670
2010 03 05 06 15 00 1 3242.696
2010 03 05 06 30 00 1 3242.738
2010 03 05 06 45 00 1 3242.800
2010 03 05 07 00 00 1 3242.875
2010 03 05 07 15 00 1 3242.961
2010 03 05 07 30 00 1 3243.059
2010 03 05 07 45 00 1 3243.166
2010 03 05 08 00 00 1 3243.282
2010 03 05 08 15 00 1 3243.406
2010 03 05 08 30 00 1 3243.533
2010 03 05 08 45 00 1 3243.664
2010 03 05 09 00 00 1 3243.794
2010 03 05 09 15 00 1 3243.923
2010 03 05 09 30 00 1 3244.043
2010 03 05 09 45 00 1 3244.162
2010 03 05 10 00 00 1 3244.272
2010 03 05 10 15 00 1 3244.369
2010 03 05 10 30 00 1 3244.457
2010 03 05 10 45 00 1 3244.532
2010 03 05 11 00 00 1 3244.596
2010 03 05 11 15 00 1 3244.643
2010 03 05 11 30 00 1 3244.675
2010 03 05 11 45 00 1 3244.690
2010 03 05 12 00 00 1 3244.686
2010 03 05 12 15 00 1 3244.671
2010 03 05 12 30 00 1 3244.637
2010 03 05 12 45 00 1 3244.594
2010 03 05 13 00 00 1 3244.532
2010 03 05 13 15 00 1 3244.454
2010 03 05 13 30 00 1 3244.369
2010 03 05 13 45 00 1 3244.268
2010 03 05 14 00 00 1 3244.158
2010 03 05 14 15 00 1 3244.040
2010 03 05 14 30 00 1 3243.920
2010 03 05 14 45 00 1 3243.798
2010 03 05 15 00 00 1 3243.670
2010 03 05 15 15 00 1 3243.546
2010 03 05 15 30 00 1 3243.428
2010 03 05 15 45 00 1 3243.312
2010 03 05 16 00 00 1 3243.206
2010 03 05 16 15 00 1 3243.106
2010 03 05 16 30 00 1 3243.016
2010 03 05 16 45 00 1 3242.938
2010 03 05 17 00 00 1 3242.872
2010 03 05 17 15 00 1 3242.821
2010 03 05 17 30 00 1 3242.782
2010 03 05 17 45 00 1 3242.758
2010 03 05 18 00 00 1 3242.752
2010 03 05 18 15 00 1 3242.760
2010 03 05 18 30 00 1 3242.786
2010 03 05 18 45 00 1 3242.828
2010 03 05 19 00 00 1 3242.886
2010 03 05 19 15 00 1 3242.953
2010 03 05 19 30 00 1 3243.035
2010 03 05 19 45 00 1 3243.132
2010 03 05 20 00 00 1 3243.234
2010 03 05 20 15 00 1 3243.349
2010 03 05 20 30 00 1 3243.467
2010 03 05 20 45 00 1 3243.590
2010 03 05 21 00 00 1 3243.714
2010 03 05 21 15 00 1 3243.840
2010 03 05 21 30 00 1 3243.961
2010 03 05 21 45 00 1 3244.079
2010 03 05 22 00 00 1 3244.197
2010 03 05 22 15 00 1 3244.307
2010 03 05 22 30 00 1 3244.405
2010 03 05 22 45 00 1 3244.491
2010 03 05 23 00 00 1 3244.571
2010 03 05 23 15 00 1 3244.634
2010 03 05 23 30 00 1 3244.681
2010 03 05 23 45 00 1 3244.719
2010 03 06 00 00 00 1 3244.735
2010 03 06 00 15 00 1 3244.741
2010 03 06 00 30 00 1 3244.730
2010 03 06 00 45 00 1 3244.704
2010 03 06 01 00 00 1 3244.662
2010 03 06 01 15 00 1 3244.608
2010 03 06 01 30 00 1 3244.538
2010 03 06 01 45 00 1 3244.458
2010 03 06 02 00 00 1 3244.367
2010 03 06 02 15 00 1 3244.268
2010 03 06 02 30 00 1 3244.162
2010 03 06 02 45 00 1 3244.050
2010 03 06 03 00 00 1 3243.936
2010 03 06 03 15 00 1 3243.816
2010 03 06 03 30 00 1 3243.696
2010 03 06 03 45 00 1 3243.577
2010 03 06 04 00 00 1 3243.462
2010 03 06 04 15 00 1 3243.347
2010 03 06 04 30 00 1 3243.242
2010 03 06 04 45 00 1 3243.148
2010 03 06 05 00 00 1 3243.062
2010 03 06 05 15 00 1 3242.986
2010 03 06 05 30 00 1 3242.918
2010 03 06 05 45 00 1 3242.867
2010 03 06 06 00 00 1 3242.826
2010 03 06 06 15 00 1 3242.803
2010 03 06 06 30 00 1 3242.792
