#YY  MM DD hh mm ss T   HEIGHT
#yr  mo dy hr mn  s -        m
2010 01 27 06 45 00 1 4682.456
2010 01 27 07 00 00 1 4682.489
2010 01 27 07 15 00 1 4682.524
2010 01 27 07 30 00 1 4682.564
2010 01 27 07 45 00 1 4682.608
2010 01 27 08 00 00 1 4682.650
2010 01 27 08 15 00 1 4682.697
2010 01 27 08 30 00 1 4682.744
2010 01 27 08 45 00 1 4682.792
2010 01 27 09 00 00 1 4682.837
2010 01 27 09 15 00 1 4682.881
2010 01 27 09 30 00 1 4682.921
2010 01 27 09 45 00 1 4682.960
2010 01 27 10 00 00 1 4682.997
2010 01 27 10 15 00 1 4683.028
2010 01 27 10 30 00 1 4683.055
2010 01 27 10 45 00 1 4683.080
2010 01 27 11 00 00 1 4683.103
2010 01 27 11 15 00 1 4683.122
2010 01 27 11 30 00 1 4683.134
2010 01 27 11 45 00 1 4683.139
2010 01 27 12 00 00 1 4683.137
2010 01 27 12 15 00 1 4683.136
2010 01 27 12 30 00 1 4683.135
2010 01 27 12 45 00 1 4683.124
2010 01 27 13 00 00 1 4683.109
2010 01 27 13 15 00 1 4683.092
2010 01 27 13 30 00 1 4683.071
2010 01 27 13 45 00 1 4683.045
2010 01 27 14 00 00 1 4683.014
2010 01 27 14 15 00 1 4682.980
2010 01 27 14 30 00 1 4682.943
2010 01 27 14 45 00 1 4682.902
2010 01 27 15 00 00 1 4682.864
2010 01 27 15 15 00 1 4682.824
2010 01 27 15 30 00 1 4682.783
2010 01 27 15 45 00 1 4682.745
2010 01 27 16 00 00 1 4682.708
2010 01 27 16 15 00 1 4682.671
2010 01 27 16 30 00 1 4682.635
2010 01 27 16 45 00 1 4682.603
2010 01 27 17 00 00 1 4682.569
2010 01 27 17 15 00 1 4682.543
2010 01 27 17 30 00 1 4682.517
2010 01 27 17 45 00 1 4682.495
2010 01 27 18 00 00 1 4682.483
2010 01 27 18 15 00 1 4682.473
2010 01 27 18 30 00 1 4682.464
2010 01 27 18 45 00 1 4682.456
2010 01 27 19 00 00 1 4682.450
2010 01 27 19 15 00 1 4682.446
2010 01 27 19 30 00 1 4682.446
2010 01 27 19 45 00 1 4682.449
2010 01 27 20 00 00 1 4682.453
2010 01 27 20 15 00 1 4682.461
2010 01 27 20 30 00 1 4682.473
2010 01 27 20 45 00 1 4682.484
2010 01 27 21 00 00 1 4682.495
2010 01 27 21 15 00 1 4682.509
2010 01 27 21 30 00 1 4682.524
2010 01 27 21 45 00 1 4682.541
2010 01 27 22 00 00 1 4682.558
2010 01 27 22 15 00 1 4682.571
2010 01 27 22 30 00 1 4682.580
2010 01 27 22 45 00 1 4682.589
2010 01 27 23 00 00 1 4682.596
2010 01 27 23 15 00 1 4682.603
2010 01 27 23 30 00 1 4682.608
2010 01 27 23 45 00 1 4682.608
2010 01 28 00 00 00 1 4682.607
2010 01 28 00 15 00 1 4682.600
2010 01 28 00 30 00 1 4682.592
2010 01 28 00 45 00 1 4682.584
2010 01 28 01 00 00 1 4682.573
2010 01 28 01 15 00 1 4682.561
2010 01 28 01 30 00 1 4682.545
2010 01 28 01 45 00 1 4682.527
2010 01 28 02 00 00 1 4682.510
2010 01 28 02 15 00 1 4682.486
2010 01 28 02 30 00 1 4682.463
2010 01 28 02 45 00 1 4682.440
2010 01 28 03 00 00 1 4682.418
2010 01 28 03 15 00 1 4682.394
2010 01 28 03 30 00 1 4682.371
2010 01 28 03 45 00 1 4682.349
2010 01 28 04 00 00 1 4682.329
2010 01 28 04 15 00 1 4682.311
2010 01 28 04 30 00 1 4682.297
2010 01 28 04 45 00 1 4682.284
2010 01 28 05 00 00 1 4682.274
2010 01 28 05 15 00 1 4682.271
2010 01 28 05 30 00 1 4682.272
2010 01 28 05 45 00 1 4682.275
2010 01 28 06 00 00 1 4682.285
2010 01 28 06 15 00 1 4682.300
2010 01 28 06 30 00 1 4682.316
2010 01 28 06 45 00 1 4682.339
2010 01 28 07 00 00 1 4682.364
2010 01 28 07 15 00 1 4682.389
2010 01 28 07 30 00 1 4682.424
2010 01 28 07 45 00 1 4682.462
2010 01 28 08 00 00 1 4682.508
2010 01 28 08 15 00 1 4682.554
2010 01 28 08 30 00 1 4682.602
2010 01 28 08 45 00 1 4682.652
2010 01 28 09 00 00 1 4682.700
2010 01 28 09 15 00 1 4682.750
2010 01 28 09 30 00 1 4682.800
2010 01 28 09 45 00 1 4682.848
2010 01 28 10 00 00 1 4682.896
2010 01 28 10 15 00 1 4682.942
2010 01 28 10 30 00 1 4682.990
2010 01 28 10 45 00 1 4683.032
2010 01 28 11 00 00 1 4683.068
2010 01 28 11 15 00 1 4683.099
2010 01 28 11 30 00 1 4683.129
2010 01 28 11 45 00 1 4683.158
2010 01 28 12 00 00 1 4683.178
2010 01 28 12 15 00 1 4683.192
2010 01 28 12 30 00 1 4683.203
2010 01 28 12 45 00 1 4683.211
2010 01 28 13 00 00 1 4683.206
2010 01 28 13 15 00 1 4683.199
2010 01 28 13 30 00 1 4683.188
2010 01 28 13 45 00 1 4683.170
2010 01 28 14 00 00 1 4683.143
2010 01 28 14 15 00 1 4683.119
2010 01 28 14 30 00 1 4683.086
2010 01 28 14 45 00 1 4683.052
2010 01 28 15 00 00 1 4683.012
2010 01 28 15 15 00 1 4682.965
2010 01 28 15 30 00 1 4682.922
2010 01 28 15 45 00 1 4682.876
2010 01 28 16 00 00 1 4682.833
2010 01 28 16 15 00 1 4682.786
2010 01 28 16 30 00 1 4682.741
2010 01 28 16 45 00 1 4682.696
2010 01 28 17 00 00 1 4682.651
2010 01 28 17 15 00 1 4682.613
2010 01 28 17 30 00 1 4682.576
2010 01 28 17 45 00 1 4682.542
2010 01 28 18 00 00 1 4682.512
2010 01 28 18 15 00 1 4682.487
2010 01 28 18 30 00 1 4682.461
2010 01 28 18 45 00 1 4682.445
2010 01 28 19 00 00 1 4682.432
2010 01 28 19 15 00 1 4682.424
2010 01 28 19 30 00 1 4682.418
2010 01 28 19 45 00 1 4682.413
2010 01 28 20 00 00 1 4682.413
2010 01 28 20 15 00 1 4682.420
2010 01 28 20 30 00 1 4682.425
2010 01 28 20 45 00 1 4682.434
2010 01 28 21 00 00 1 4682.449
2010 01 28 21 15 00 1 4682.464
2010 01 28 21 30 00 1 4682.478
2010 01 28 21 45 00 1 4682.495
2010 01 28 22 00 00 1 4682.513
2010 01 28 22 15 00 1 4682.532
2010 01 28 22 30 00 1 4682.550
2010 01 28 22 45 00 1 4682.566
2010 01 28 23 00 00 1 4682.581
2010 01 28 23 15 00 1 4682.601
2010 01 28 23 30 00 1 4682.614
2010 01 28 23 45 00 1 4682.626
2010 01 29 00 00 00 1 4682.639
2010 01 29 00 15 00 1 4682.651
2010 01 29 00 30 00 1 4682.658
2010 01 29 00 45 00 1 4682.657
2010 01 29 01 00 00 1 4682.656
2010 01 29 01 15 00 1 4682.652
2010 01 29 01 30 00 1 4682.644
2010 01 29 01 45 00 1 4682.636
2010 01 29 02 00 00 1 4682.628
2010 01 29 02 15 00 1 4682.608
2010 01 29 02 30 00 1 4682.588
2010 01 29 02 45 00 1 4682.564
2010 01 29 03 00 00 1 4682.541
2010 01 29 03 15 00 1 4682.515
2010 01 29 03 30 00 1 4682.487
2010 01 29 03 45 00 1 4682.457
2010 01 29 04 00 00 1 4682.431
2010 01 29 04 15 00 1 4682.402
2010 01 29 04 30 00 1 4682.370
2010 01 29 04 45 00 1 4682.342
2010 01 29 05 00 00 1 4682.320
2010 01 29 05 15 00 1 4682.297
2010 01 29 05 30 00 1 4682.281
2010 01 29 05 45 00 1 4682.269
2010 01 29 06 00 00 1 4682.260
2010 01 29 06 15 00 1 4682.255
2010 01 29 06 30 00 1 4682.260
2010 01 29 06 45 00 1 4682.267
2010 01 29 07 00 00 1 4682.277
2010 01 29 07 15 00 1 4682.292
2010 01 29 07 30 00 1 4682.316
2010 01 29 07 45 00 1 4682.342
2010 01 29 08 00 00 1 4682.374
2010 01 29 08 15 00 1 4682.411
2010 01 29 08 30 00 1 4682.451
2010 01 29 08 45 00 1 4682.496
2010 01 29 09 00 00 1 4682.544
2010 01 29 09 15 00 1 4682.591
2010 01 29 09 30 00 1 4682.641
2010 01 29 09 45 00 1 4682.696
2010 01 29 10 00 00 1 4682.751
2010 01 29 10 15 00 1 4682.806
2010 01 29 10 30 00 1 4682.862
2010 01 29 10 45 00 1 4682.914
2010 01 29 11 00 00 1 4682.964
2010 01 29 11 15 00 1 4683.012
2010 01 29 11 30 00 1 4683.057
2010 01 29 11 45 00 1 4683.100
2010 01 29 12 00 00 1 4683.137
2010 01 29 12 15 00 1 4683.172
2010 01 29 12 30 00 1 4683.196
2010 01 29 12 45 00 1 4683.216
2010 01 29 13 00 00 1 4683.231
2010 01 29 13 15 00 1 4683.241
2010 01 29 13 30 00 1 4683.247
2010 01 29 13 45 00 1 4683.246
2010 01 29 14 00 00 1 4683.232
2010 01 29 14 15 00 1 4683.215
2010 01 29 14 30 00 1 4683.190
2010 01 29 14 45 00 1 4683.166
2010 01 29 15 00 00 1 4683.133
2010 01 29 15 15 00 1 4683.101
2010 01 29 15 30 00 1 4683.061
2010 01 29 15 45 00 1 4683.015
2010 01 29 16 00 00 1 4682.967
2010 01 29 16 15 00 1 4682.919
2010 01 29 16 30 00 1 4682.870
2010 01 29 16 45 00 1 4682.825
2010 01 29 17 00 00 1 4682.779
2010 01 29 17 15 00 1 4682.728
2010 01 29 17 30 00 1 4682.683
2010 01 29 17 45 00 1 4682.641
2010 01 29 18 00 00 1 4682.597
2010 01 29 18 15 00 1 4682.560
2010 01 29 18 30 00 1 4682.524
2010 01 29 18 45 00 1 4682.492
2010 01 29 19 00 00 1 4682.462
2010 01 29 19 15 00 1 4682.439
2010 01 29 19 30 00 1 4682.421
2010 01 29 19 45 00 1 4682.406
2010 01 29 20 00 00 1 4682.391
2010 01 29 20 15 00 1 4682.384
2010 01 29 20 30 00 1 4682.384
2010 01 29 20 45 00 1 4682.385
2010 01 29 21 00 00 1 4682.388
2010 01 29 21 15 00 1 4682.397
2010 01 29 21 30 00 1 4682.412
2010 01 29 21 45 00 1 4682.427
2010 01 29 22 00 00 1 4682.447
2010 01 29 22 15 00 1 4682.468
2010 01 29 22 30 00 1 4682.488
2010 01 29 22 45 00 1 4682.510
2010 01 29 23 00 00 1 4682.534
2010 01 29 23 15 00 1 4682.556
2010 01 29 23 30 00 1 4682.580
2010 01 29 23 45 00 1 4682.604
2010 01 30 00 00 00 1 4682.624
2010 01 30 00 15 00 1 4682.641
2010 01 30 00 30 00 1 4682.657
2010 01 30 00 45 00 1 4682.672
2010 01 30 01 00 00 1 4682.689
2010 01 30 01 15 00 1 4682.701
2010 01 30 01 30 00 1 4682.708
2010 01 30 01 45 00 1 4682.710
2010 01 30 02 00 00 1 4682.706
2010 01 30 02 15 00 1 4682.699
2010 01 30 02 30 00 1 4682.689
2010 01 30 02 45 00 1 4682.676
2010 01 30 03 00 00 1 4682.659
2010 01 30 03 15 00 1 4682.637
2010 01 30 03 30 00 1 4682.615
2010 01 30 03 45 00 1 4682.586
2010 01 30 04 00 00 1 4682.555
2010 01 30 04 15 00 1 4682.522
2010 01 30 04 30 00 1 4682.489
2010 01 30 04 45 00 1 4682.455
2010 01 30 05 00 00 1 4682.423
2010 01 30 05 15 00 1 4682.393
2010 01 30 05 30 00 1 4682.361
2010 01 30 05 45 00 1 4682.334
2010 01 30 06 00 00 1 4682.309
2010 01 30 06 15 00 1 4682.285
2010 01 30 06 30 00 1 4682.268
2010 01 30 06 45 00 1 4682.256
2010 01 30 07 00 00 1 4682.248
2010 01 30 07 15 00 1 4682.243
2010 01 30 07 30 00 1 4682.250
2010 01 30 07 45 00 1 4682.258
2010 01 30 08 00 00 1 4682.274
2010 01 30 08 15 00 1 4682.295
2010 01 30 08 30 00 1 4682.324
2010 01 30 08 45 00 1 4682.354
2010 01 30 09 00 00 1 4682.392
2010 01 30 09 15 00 1 4682.430
2010 01 30 09 30 00 1 4682.475
2010 01 30 09 45 00 1 4682.523
2010 01 30 10 00 00 1 4682.572
2010 01 30 10 15 00 1 4682.624
2010 01 30 10 30 00 1 4682.679
2010 01 30 10 45 00 1 4682.733
2010 01 30 11 00 00 1 4682.792
2010 01 30 11 15 00 1 4682.847
2010 01 30 11 30 00 1 4682.901
2010 01 30 11 45 00 1 4682.955
2010 01 30 12 00 00 1 4683.008
2010 01 30 12 15 00 1 4683.053
2010 01 30 12 30 00 1 4683.093
2010 01 30 12 45 00 1 4683.129
2010 01 30 13 00 00 1 4683.162
2010 01 30 13 15 00 1 4683.189
2010 01 30 13 30 00 1 4683.210
2010 01 30 13 45 00 1 4683.220
2010 01 30 14 00 00 1 4683.225
2010 01 30 14 15 00 1 4683.224
2010 01 30 14 30 00 1 4683.220
2010 01 30 14 45 00 1 4683.208
2010 01 30 15 00 00 1 4683.193
2010 01 30 15 15 00 1 4683.175
2010 01 30 15 30 00 1 4683.144
2010 01 30 15 45 00 1 4683.113
2010 01 30 16 00 00 1 4683.077
2010 01 30 16 15 00 1 4683.036
2010 01 30 16 30 00 1 4682.990
2010 01 30 16 45 00 1 4682.940
2010 01 30 17 00 00 1 4682.892
2010 01 30 17 15 00 1 4682.842
2010 01 30 17 30 00 1 4682.788
2010 01 30 17 45 00 1 4682.737
2010 01 30 18 00 00 1 4682.691
2010 01 30 18 15 00 1 4682.643
2010 01 30 18 30 00 1 4682.595
2010 01 30 18 45 00 1 4682.550
2010 01 30 19 00 00 1 4682.509
2010 01 30 19 15 00 1 4682.470
2010 01 30 19 30 00 1 4682.439
2010 01 30 19 45 00 1 4682.413
2010 01 30 20 00 00 1 4682.393
2010 01 30 20 15 00 1 4682.372
2010 01 30 20 30 00 1 4682.357
2010 01 30 20 45 00 1 4682.349
2010 01 30 21 00 00 1 4682.344
2010 01 30 21 15 00 1 4682.345
2010 01 30 21 30 00 1 4682.349
2010 01 30 21 45 00 1 4682.358
2010 01 30 22 00 00 1 4682.371
2010 01 30 22 15 00 1 4682.390
2010 01 30 22 30 00 1 4682.411
2010 01 30 22 45 00 1 4682.435
2010 01 30 23 00 00 1 4682.459
2010 01 30 23 15 00 1 4682.488
2010 01 30 23 30 00 1 4682.522
2010 01 30 23 45 00 1 4682.552
2010 01 31 00 00 00 1 4682.582
2010 01 31 00 15 00 1 4682.612
2010 01 31 00 30 00 1 4682.638
2010 01 31 00 45 00 1 4682.665
2010 01 31 01 00 00 1 4682.689
2010 01 31 01 15 00 1 4682.712
2010 01 31 01 30 00 1 4682.730
2010 01 31 01 45 00 1 4682.742
2010 01 31 02 00 00 1 4682.754
2010 01 31 02 15 00 1 4682.765
2010 01 31 02 30 00 1 4682.769
2010 01 31 02 45 00 1 4682.768
2010 01 31 03 00 00 1 4682.762
2010 01 31 03 15 00 1 4682.754
2010 01 31 03 30 00 1 4682.737
2010 01 31 03 45 00 1 4682.718
2010 01 31 04 00 00 1 4682.696
2010 01 31 04 15 00 1 4682.670
2010 01 31 04 30 00 1 4682.638
2010 01 31 04 45 00 1 4682.605
2010 01 31 05 00 00 1 4682.570
2010 01 31 05 15 00 1 4682.536
2010 01 31 05 30 00 1 4682.504
2010 01 31 05 45 00 1 4682.468
2010 01 31 06 00 00 1 4682.432
2010 01 31 06 15 00 1 4682.400
2010 01 31 06 30 00 1 4682.370
2010 01 31 06 45 00 1 4682.343
2010 01 31 07 00 00 1 4682.320
2010 01 31 07 15 00 1 4682.299
2010 01 31 07 30 00 1 4682.282
2010 01 31 07 45 00 1 4682.272
2010 01 31 08 00 00 1 4682.266
2010 01 31 08 15 00 1 4682.271
2010 01 31 08 30 00 1 4682.278
2010 01 31 08 45 00 1 4682.290
2010 01 31 09 00 00 1 4682.311
2010 01 31 09 15 00 1 4682.334
2010 01 31 09 30 00 1 4682.361
2010 01 31 09 45 00 1 4682.394
2010 01 31 10 00 00 1 4682.433
2010 01 31 10 15 00 1 4682.474
2010 01 31 10 30 00 1 4682.522
2010 01 31 10 45 00 1 4682.576
2010 01 31 11 00 00 1 4682.628
2010 01 31 11 15 00 1 4682.679
2010 01 31 11 30 00 1 4682.732
2010 01 31 11 45 00 1 4682.785
2010 01 31 12 00 00 1 4682.836
2010 01 31 12 15 00 1 4682.892
2010 01 31 12 30 00 1 4682.944
2010 01 31 12 45 00 1 4682.992
2010 01 31 13 00 00 1 4683.034
2010 01 31 13 15 00 1 4683.071
2010 01 31 13 30 00 1 4683.103
2010 01 31 13 45 00 1 4683.130
2010 01 31 14 00 00 1 4683.153
2010 01 31 14 15 00 1 4683.172
2010 01 31 14 30 00 1 4683.182
2010 01 31 14 45 00 1 4683.185
2010 01 31 15 00 00 1 4683.185
2010 01 31 15 15 00 1 4683.177
2010 01 31 15 30 00 1 4683.161
2010 01 31 15 45 00 1 4683.145
2010 01 31 16 00 00 1 4683.120
2010 01 31 16 15 00 1 4683.089
2010 01 31 16 30 00 1 4683.056
2010 01 31 16 45 00 1 4683.018
2010 01 31 17 00 00 1 4682.976
2010 01 31 17 15 00 1 4682.929
2010 01 31 17 30 00 1 4682.887
2010 01 31 17 45 00 1 4682.839
2010 01 31 18 00 00 1 4682.792
2010 01 31 18 15 00 1 4682.741
2010 01 31 18 30 00 1 4682.687
2010 01 31 18 45 00 1 4682.639
2010 01 31 19 00 00 1 4682.589
2010 01 31 19 15 00 1 4682.542
2010 01 31 19 30 00 1 4682.502
2010 01 31 19 45 00 1 4682.465
2010 01 31 20 00 00 1 4682.428
2010 01 31 20 15 00 1 4682.397
2010 01 31 20 30 00 1 4682.369
2010 01 31 20 45 00 1 4682.347
2010 01 31 21 00 00 1 4682.333
2010 01 31 21 15 00 1 4682.324
2010 01 31 21 30 00 1 4682.318
2010 01 31 21 45 00 1 4682.317
2010 01 31 22 00 00 1 4682.321
2010 01 31 22 15 00 1 4682.329
2010 01 31 22 30 00 1 4682.346
2010 01 31 22 45 00 1 4682.362
2010 01 31 23 00 00 1 4682.385
2010 01 31 23 15 00 1 4682.408
2010 01 31 23 30 00 1 4682.437
2010 01 31 23 45 00 1 4682.468
2010 02 01 00 00 00 1 4682.499
2010 02 01 00 15 00 1 4682.535
2010 02 01 00 30 00 1 4682.573
2010 02 01 00 45 00 1 4682.607
2010 02 01 01 00 00 1 4682.640
2010 02 01 01 15 00 1 4682.674
2010 02 01 01 30 00 1 4682.706
2010 02 01 01 45 00 1 4682.736
2010 02 01 02 00 00 1 4682.760
2010 02 01 02 15 00 1 4682.783
2010 02 01 02 30 00 1 4682.805
2010 02 01 02 45 00 1 4682.820
2010 02 01 03 00 00 1 4682.831
2010 02 01 03 15 00 1 4682.837
2010 02 01 03 30 00 1 4682.836
2010 02 01 03 45 00 1 4682.829
2010 02 01 04 00 00 1 4682.821
2010 02 01 04 15 00 1 4682.809
2010 02 01 04 30 00 1 4682.788
2010 02 01 04 45 00 1 4682.764
2010 02 01 05 00 00 1 4682.740
2010 02 01 05 15 00 1 4682.713
2010 02 01 05 30 00 1 4682.681
2010 02 01 05 45 00 1 4682.648
2010 02 01 06 00 00 1 4682.613
2010 02 01 06 15 00 1 4682.579
2010 02 01 06 30 00 1 4682.541
2010 02 01 06 45 00 1 4682.502
2010 02 01 07 00 00 1 4682.469
2010 02 01 07 15 00 1 4682.439
2010 02 01 07 30 00 1 4682.412
2010 02 01 07 45 00 1 4682.388
2010 02 01 08 00 00 1 4682.367
2010 02 01 08 15 00 1 4682.350
2010 02 01 08 30 00 1 4682.341
2010 02 01 08 45 00 1 4682.339
2010 02 01 09 00 00 1 4682.337
2010 02 01 09 15 00 1 4682.341
2010 02 01 09 30 00 1 4682.353
2010 02 01 09 45 00 1 4682.370
2010 02 01 10 00 00 1 4682.391
2010 02 01 10 15 00 1 4682.417
2010 02 01 10 30 00 1 4682.450
2010 02 01 10 45 00 1 4682.489
2010 02 01 11 00 00 1 4682.527
2010 02 01 11 15 00 1 4682.566
2010 02 01 11 30 00 1 4682.607
2010 02 01 11 45 00 1 4682.654
2010 02 01 12 00 00 1 4682.700
2010 02 01 12 15 00 1 4682.748
2010 02 01 12 30 00 1 4682.795
2010 02 01 12 45 00 1 4682.841
2010 02 01 13 00 00 1 4682.883
2010 02 01 13 15 00 1 4682.925
2010 02 01 13 30 00 1 4682.968
2010 02 01 13 45 00 1 4683.001
2010 02 01 14 00 00 1 4683.036
2010 02 01 14 15 00 1 4683.061
2010 02 01 14 30 00 1 4683.079
2010 02 01 14 45 00 1 4683.098
2010 02 01 15 00 00 1 4683.111
2010 02 01 15 15 00 1 4683.118
2010 02 01 15 30 00 1 4683.117
2010 02 01 15 45 00 1 4683.114
2010 02 01 16 00 00 1 4683.104
2010 02 01 16 15 00 1 4683.087
2010 02 01 16 30 00 1 4683.065
2010 02 01 16 45 00 1 4683.041
2010 02 01 17 00 00 1 4683.011
2010 02 01 17 15 00 1 4682.981
2010 02 01 17 30 00 1 4682.946
2010 02 01 17 45 00 1 4682.905
2010 02 01 18 00 00 1 4682.862
2010 02 01 18 15 00 1 4682.816
2010 02 01 18 30 00 1 4682.771
2010 02 01 18 45 00 1 4682.728
2010 02 01 19 00 00 1 4682.678
2010 02 01 19 15 00 1 4682.631
2010 02 01 19 30 00 1 4682.587
2010 02 01 19 45 00 1 4682.545
2010 02 01 20 00 00 1 4682.508
2010 02 01 20 15 00 1 4682.470
2010 02 01 20 30 00 1 4682.433
2010 02 01 20 45 00 1 4682.400
2010 02 01 21 00 00 1 4682.372
2010 02 01 21 15 00 1 4682.351
2010 02 01 21 30 00 1 4682.335
2010 02 01 21 45 00 1 4682.324
2010 02 01 22 00 00 1 4682.317
2010 02 01 22 15 00 1 4682.319
2010 02 01 22 30 00 1 4682.323
2010 02 01 22 45 00 1 4682.335
2010 02 01 23 00 00 1 4682.350
2010 02 01 23 15 00 1 4682.368
2010 02 01 23 30 00 1 4682.389
2010 02 01 23 45 00 1 4682.414
2010 02 02 00 00 00 1 4682.443
2010 02 02 00 15 00 1 4682.476
2010 02 02 00 30 00 1 4682.510
2010 02 02 00 45 00 1 4682.546
2010 02 02 01 00 00 1 4682.585
2010 02 02 01 15 00 1 4682.620
2010 02 02 01 30 00 1 4682.656
2010 02 02 01 45 00 1 4682.692
2010 02 02 02 00 00 1 4682.731
2010 02 02 02 15 00 1 4682.764
2010 02 02 02 30 00 1 4682.796
2010 02 02 02 45 00 1 4682.823
2010 02 02 03 00 00 1 4682.847
2010 02 02 03 15 00 1 4682.866
2010 02 02 03 30 00 1 4682.881
2010 02 02 03 45 00 1 4682.891
2010 02 02 04 00 00 1 4682.901
2010 02 02 04 15 00 1 4682.899
2010 02 02 04 30 00 1 4682.892
2010 02 02 04 45 00 1 4682.881
2010 02 02 05 00 00 1 4682.869
2010 02 02 05 15 00 1 4682.853
2010 02 02 05 30 00 1 4682.832
2010 02 02 05 45 00 1 4682.812
2010 02 02 06 00 00 1 4682.787
2010 02 02 06 15 00 1 4682.761
2010 02 02 06 30 00 1 4682.730
2010 02 02 06 45 00 1 4682.697
2010 02 02 07 00 00 1 4682.666
2010 02 02 07 15 00 1 4682.634
2010 02 02 07 30 00 1 4682.602
2010 02 02 07 45 00 1 4682.571
2010 02 02 08 00 00 1 4682.542
2010 02 02 08 15 00 1 4682.516
2010 02 02 08 30 00 1 4682.494
2010 02 02 08 45 00 1 4682.477
2010 02 02 09 00 00 1 4682.462
2010 02 02 09 15 00 1 4682.449
2010 02 02 09 30 00 1 4682.439
2010 02 02 09 45 00 1 4682.438
2010 02 02 10 00 00 1 4682.440
2010 02 02 10 15 00 1 4682.446
2010 02 02 10 30 00 1 4682.459
2010 02 02 10 45 00 1 4682.479
2010 02 02 11 00 00 1 4682.499
2010 02 02 11 15 00 1 4682.521
2010 02 02 11 30 00 1 4682.548
2010 02 02 11 45 00 1 4682.579
2010 02 02 12 00 00 1 4682.613
2010 02 02 12 15 00 1 4682.649
2010 02 02 12 30 00 1 4682.687
2010 02 02 12 45 00 1 4682.725
2010 02 02 13 00 00 1 4682.761
2010 02 02 13 15 00 1 4682.800
2010 02 02 13 30 00 1 4682.839
2010 02 02 13 45 00 1 4682.874
2010 02 02 14 00 00 1 4682.907
2010 02 02 14 15 00 1 4682.936
2010 02 02 14 30 00 1 4682.965
2010 02 02 14 45 00 1 4682.989
2010 02 02 15 00 00 1 4683.004
2010 02 02 15 15 00 1 4683.018
2010 02 02 15 30 00 1 4683.028
2010 02 02 15 45 00 1 4683.036
2010 02 02 16 00 00 1 4683.038
2010 02 02 16 15 00 1 4683.036
2010 02 02 16 30 00 1 4683.029
2010 02 02 16 45 00 1 4683.018
2010 02 02 17 00 00 1 4683.002
2010 02 02 17 15 00 1 4682.982
2010 02 02 17 30 00 1 4682.958
2010 02 02 17 45 00 1 4682.932
2010 02 02 18 00 00 1 4682.905
2010 02 02 18 15 00 1 4682.873
2010 02 02 18 30 00 1 4682.836
2010 02 02 18 45 00 1 4682.795
2010 02 02 19 00 00 1 4682.757
2010 02 02 19 15 00 1 4682.719
2010 02 02 19 30 00 1 4682.676
2010 02 02 19 45 00 1 4682.631
2010 02 02 20 00 00 1 4682.592
2010 02 02 20 15 00 1 4682.550
2010 02 02 20 30 00 1 4682.513
2010 02 02 20 45 00 1 4682.475
2010 02 02 21 00 00 1 4682.441
2010 02 02 21 15 00 1 4682.412
2010 02 02 21 30 00 1 4682.385
2010 02 02 21 45 00 1 4682.361
2010 02 02 22 00 00 1 4682.343
2010 02 02 22 15 00 1 4682.331
2010 02 02 22 30 00 1 4682.323
2010 02 02 22 45 00 1 4682.322
2010 02 02 23 00 00 1 4682.326
2010 02 02 23 15 00 1 4682.335
2010 02 02 23 30 00 1 4682.347
2010 02 02 23 45 00 1 4682.363
2010 02 03 00 00 00 1 4682.381
2010 02 03 00 15 00 1 4682.404
2010 02 03 00 30 00 1 4682.435
2010 02 03 00 45 00 1 4682.466
2010 02 03 01 00 00 1 4682.496
2010 02 03 01 15 00 1 4682.531
2010 02 03 01 30 00 1 4682.567
2010 02 03 01 45 00 1 4682.607
2010 02 03 02 00 00 1 4682.643
2010 02 03 02 15 00 1 4682.678
2010 02 03 02 30 00 1 4682.713
2010 02 03 02 45 00 1 4682.748
2010 02 03 03 00 00 1 4682.782
2010 02 03 03 15 00 1 4682.812
2010 02 03 03 30 00 1 4682.837
2010 02 03 03 45 00 1 4682.861
2010 02 03 04 00 00 1 4682.879
2010 02 03 04 15 00 1 4682.894
2010 02 03 04 30 00 1 4682.905
2010 02 03 04 45 00 1 4682.911
2010 02 03 05 00 00 1 4682.913
2010 02 03 05 15 00 1 4682.909
2010 02 03 05 30 00 1 4682.905
2010 02 03 05 45 00 1 4682.895
2010 02 03 06 00 00 1 4682.882
2010 02 03 06 15 00 1 4682.866
2010 02 03 06 30 00 1 4682.849
2010 02 03 06 45 00 1 4682.823
2010 02 03 07 00 00 1 4682.795
2010 02 03 07 15 00 1 4682.766
2010 02 03 07 30 00 1 4682.741
2010 02 03 07 45 00 1 4682.712
2010 02 03 08 00 00 1 4682.685
2010 02 03 08 15 00 1 4682.659
2010 02 03 08 30 00 1 4682.634
2010 02 03 08 45 00 1 4682.609
2010 02 03 09 00 00 1 4682.587
2010 02 03 09 15 00 1 4682.567
2010 02 03 09 30 00 1 4682.548
2010 02 03 09 45 00 1 4682.529
2010 02 03 10 00 00 1 4682.516
2010 02 03 10 15 00 1 4682.507
2010 02 03 10 30 00 1 4682.505
2010 02 03 10 45 00 1 4682.506
2010 02 03 11 00 00 1 4682.508
2010 02 03 11 15 00 1 4682.515
2010 02 03 11 30 00 1 4682.529
2010 02 03 11 45 00 1 4682.545
2010 02 03 12 00 00 1 4682.562
2010 02 03 12 15 00 1 4682.581
2010 02 03 12 30 00 1 4682.600
2010 02 03 12 45 00 1 4682.624
2010 02 03 13 00 00 1 4682.651
2010 02 03 13 15 00 1 4682.676
2010 02 03 13 30 00 1 4682.705
2010 02 03 13 45 00 1 4682.731
2010 02 03 14 00 00 1 4682.759
2010 02 03 14 15 00 1 4682.783
2010 02 03 14 30 00 1 4682.805
2010 02 03 14 45 00 1 4682.827
2010 02 03 15 00 00 1 4682.848
2010 02 03 15 15 00 1 4682.865
2010 02 03 15 30 00 1 4682.880
2010 02 03 15 45 00 1 4682.889
2010 02 03 16 00 00 1 4682.900
2010 02 03 16 15 00 1 4682.909
2010 02 03 16 30 00 1 4682.913
2010 02 03 16 45 00 1 4682.914
2010 02 03 17 00 00 1 4682.911
2010 02 03 17 15 00 1 4682.904
2010 02 03 17 30 00 1 4682.892
2010 02 03 17 45 00 1 4682.876
2010 02 03 18 00 00 1 4682.857
2010 02 03 18 15 00 1 4682.833
2010 02 03 18 30 00 1 4682.814
2010 02 03 18 45 00 1 4682.787
2010 02 03 19 00 00 1 4682.758
2010 02 03 19 15 00 1 4682.730
2010 02 03 19 30 00 1 4682.695
2010 02 03 19 45 00 1 4682.658
2010 02 03 20 00 00 1 4682.624
2010 02 03 20 15 00 1 4682.591
2010 02 03 20 30 00 1 4682.555
2010 02 03 20 45 00 1 4682.520
2010 02 03 21 00 00 1 4682.488
2010 02 03 21 15 00 1 4682.455
2010 02 03 21 30 00 1 4682.425
2010 02 03 21 45 00 1 4682.398
2010 02 03 22 00 00 1 4682.374
2010 02 03 22 15 00 1 4682.352
2010 02 03 22 30 00 1 4682.338
2010 02 03 22 45 00 1 4682.329
2010 02 03 23 00 00 1 4682.320
2010 02 03 23 15 00 1 4682.320
2010 02 03 23 30 00 1 4682.320
2010 02 03 23 45 00 1 4682.326
2010 02 04 00 00 00 1 4682.335
2010 02 04 00 15 00 1 4682.349
2010 02 04 00 30 00 1 4682.369
2010 02 04 00 45 00 1 4682.392
2010 02 04 01 00 00 1 4682.412
2010 02 04 01 15 00 1 4682.442
2010 02 04 01 30 00 1 4682.473
2010 02 04 01 45 00 1 4682.505
2010 02 04 02 00 00 1 4682.537
2010 02 04 02 15 00 1 4682.572
2010 02 04 02 30 00 1 4682.607
2010 02 04 02 45 00 1 4682.644
2010 02 04 03 00 00 1 4682.680
2010 02 04 03 15 00 1 4682.717
2010 02 04 03 30 00 1 4682.751
2010 02 04 03 45 00 1 4682.779
2010 02 04 04 00 00 1 4682.806
2010 02 04 04 15 00 1 4682.831
2010 02 04 04 30 00 1 4682.851
2010 02 04 04 45 00 1 4682.872
2010 02 04 05 00 00 1 4682.887
2010 02 04 05 15 00 1 4682.901
2010 02 04 05 30 00 1 4682.908
2010 02 04 05 45 00 1 4682.913
2010 02 04 06 00 00 1 4682.913
2010 02 04 06 15 00 1 4682.906
2010 02 04 06 30 00 1 4682.899
2010 02 04 06 45 00 1 4682.892
2010 02 04 07 00 00 1 4682.879
2010 02 04 07 15 00 1 4682.866
2010 02 04 07 30 00 1 4682.849
2010 02 04 07 45 00 1 4682.829
2010 02 04 08 00 00 1 4682.809
2010 02 04 08 15 00 1 4682.788
2010 02 04 08 30 00 1 4682.763
2010 02 04 08 45 00 1 4682.740
2010 02 04 09 00 00 1 4682.721
2010 02 04 09 15 00 1 4682.702
2010 02 04 09 30 00 1 4682.683
2010 02 04 09 45 00 1 4682.661
2010 02 04 10 00 00 1 4682.639
2010 02 04 10 15 00 1 4682.621
2010 02 04 10 30 00 1 4682.604
2010 02 04 10 45 00 1 4682.590
2010 02 04 11 00 00 1 4682.580
2010 02 04 11 15 00 1 4682.571
2010 02 04 11 30 00 1 4682.564
2010 02 04 11 45 00 1 4682.561
2010 02 04 12 00 00 1 4682.564
2010 02 04 12 15 00 1 4682.567
2010 02 04 12 30 00 1 4682.573
2010 02 04 12 45 00 1 4682.583
2010 02 04 13 00 00 1 4682.593
2010 02 04 13 15 00 1 4682.607
2010 02 04 13 30 00 1 4682.622
2010 02 04 13 45 00 1 4682.637
2010 02 04 14 00 00 1 4682.654
2010 02 04 14 15 00 1 4682.670
2010 02 04 14 30 00 1 4682.686
2010 02 04 14 45 00 1 4682.702
2010 02 04 15 00 00 1 4682.717
2010 02 04 15 15 00 1 4682.733
2010 02 04 15 30 00 1 4682.746
2010 02 04 15 45 00 1 4682.758
2010 02 04 16 00 00 1 4682.768
2010 02 04 16 15 00 1 4682.777
2010 02 04 16 30 00 1 4682.780
2010 02 04 16 45 00 1 4682.781
2010 02 04 17 00 00 1 4682.784
2010 02 04 17 15 00 1 4682.784
2010 02 04 17 30 00 1 4682.783
2010 02 04 17 45 00 1 4682.779
2010 02 04 18 00 00 1 4682.770
2010 02 04 18 15 00 1 4682.757
2010 02 04 18 30 00 1 4682.743
2010 02 04 18 45 00 1 4682.729
2010 02 04 19 00 00 1 4682.713
2010 02 04 19 15 00 1 4682.697
2010 02 04 19 30 00 1 4682.678
2010 02 04 19 45 00 1 4682.654
2010 02 04 20 00 00 1 4682.630
2010 02 04 20 15 00 1 4682.605
2010 02 04 20 30 00 1 4682.577
2010 02 04 20 45 00 1 4682.549
2010 02 04 21 00 00 1 4682.520
2010 02 04 21 15 00 1 4682.492
2010 02 04 21 30 00 1 4682.466
2010 02 04 21 45 00 1 4682.440
2010 02 04 22 00 00 1 4682.416
2010 02 04 22 15 00 1 4682.395
2010 02 04 22 30 00 1 4682.377
2010 02 04 22 45 00 1 4682.360
2010 02 04 23 00 00 1 4682.345
2010 02 04 23 15 00 1 4682.335
2010 02 04 23 30 00 1 4682.329
2010 02 04 23 45 00 1 4682.325
2010 02 05 00 00 00 1 4682.322
2010 02 05 00 15 00 1 4682.327
2010 02 05 00 30 00 1 4682.338
2010 02 05 00 45 00 1 4682.349
2010 02 05 01 00 00 1 4682.365
2010 02 05 01 15 00 1 4682.388
2010 02 05 01 30 00 1 4682.407
2010 02 05 01 45 00 1 4682.429
2010 02 05 02 00 00 1 4682.454
2010 02 05 02 15 00 1 4682.481
2010 02 05 02 30 00 1 4682.509
2010 02 05 02 45 00 1 4682.546
2010 02 05 03 00 00 1 4682.581
2010 02 05 03 15 00 1 4682.614
2010 02 05 03 30 00 1 4682.643
2010 02 05 03 45 00 1 4682.676
2010 02 05 04 00 00 1 4682.709
2010 02 05 04 15 00 1 4682.739
2010 02 05 04 30 00 1 4682.767
2010 02 05 04 45 00 1 4682.792
2010 02 05 05 00 00 1 4682.816
2010 02 05 05 15 00 1 4682.840
2010 02 05 05 30 00 1 4682.860
2010 02 05 05 45 00 1 4682.880
2010 02 05 06 00 00 1 4682.894
2010 02 05 06 15 00 1 4682.911
2010 02 05 06 30 00 1 4682.917
2010 02 05 06 45 00 1 4682.924
2010 02 05 07 00 00 1 4682.923
2010 02 05 07 15 00 1 4682.922
2010 02 05 07 30 00 1 4682.918
2010 02 05 07 45 00 1 4682.911
2010 02 05 08 00 00 1 4682.905
2010 02 05 08 15 00 1 4682.896
2010 02 05 08 30 00 1 4682.887
2010 02 05 08 45 00 1 4682.877
2010 02 05 09 00 00 1 4682.861
2010 02 05 09 15 00 1 4682.845
2010 02 05 09 30 00 1 4682.829
2010 02 05 09 45 00 1 4682.813
2010 02 05 10 00 00 1 4682.791
2010 02 05 10 15 00 1 4682.770
2010 02 05 10 30 00 1 4682.752
2010 02 05 10 45 00 1 4682.737
2010 02 05 11 00 00 1 4682.720
2010 02 05 11 15 00 1 4682.700
2010 02 05 11 30 00 1 4682.680
2010 02 05 11 45 00 1 4682.666
2010 02 05 12 00 00 1 4682.655
2010 02 05 12 15 00 1 4682.645
2010 02 05 12 30 00 1 4682.636
2010 02 05 12 45 00 1 4682.626
2010 02 05 13 00 00 1 4682.621
2010 02 05 13 15 00 1 4682.621
2010 02 05 13 30 00 1 4682.622
2010 02 05 13 45 00 1 4682.625
2010 02 05 14 00 00 1 4682.629
2010 02 05 14 15 00 1 4682.634
2010 02 05 14 30 00 1 4682.639
2010 02 05 14 45 00 1 4682.645
2010 02 05 15 00 00 1 4682.648
2010 02 05 15 15 00 1 4682.655
2010 02 05 15 30 00 1 4682.662
2010 02 05 15 45 00 1 4682.669
2010 02 05 16 00 00 1 4682.674
2010 02 05 16 15 00 1 4682.679
2010 02 05 16 30 00 1 4682.686
2010 02 05 16 45 00 1 4682.693
2010 02 05 17 00 00 1 4682.693
2010 02 05 17 15 00 1 4682.693
2010 02 05 17 30 00 1 4682.694
2010 02 05 17 45 00 1 4682.696
2010 02 05 18 00 00 1 4682.700
2010 02 05 18 15 00 1 4682.699
2010 02 05 18 30 00 1 4682.695
2010 02 05 18 45 00 1 4682.691
2010 02 05 19 00 00 1 4682.688
2010 02 05 19 15 00 1 4682.682
2010 02 05 19 30 00 1 4682.671
2010 02 05 19 45 00 1 4682.659
2010 02 05 20 00 00 1 4682.644
2010 02 05 20 15 00 1 4682.627
2010 02 05 20 30 00 1 4682.609
2010 02 05 20 45 00 1 4682.587
2010 02 05 21 00 00 1 4682.567
2010 02 05 21 15 00 1 4682.548
2010 02 05 21 30 00 1 4682.525
2010 02 05 21 45 00 1 4682.504
2010 02 05 22 00 00 1 4682.486
2010 02 05 22 15 00 1 4682.468
2010 02 05 22 30 00 1 4682.453
2010 02 05 22 45 00 1 4682.435
2010 02 05 23 00 00 1 4682.416
2010 02 05 23 15 00 1 4682.402
2010 02 05 23 30 00 1 4682.392
2010 02 05 23 45 00 1 4682.384
2010 02 06 00 00 00 1 4682.378
2010 02 06 00 15 00 1 4682.370
2010 02 06 00 30 00 1 4682.367
2010 02 06 00 45 00 1 4682.370
2010 02 06 01 00 00 1 4682.375
2010 02 06 01 15 00 1 4682.384
2010 02 06 01 30 00 1 4682.398
2010 02 06 01 45 00 1 4682.412
2010 02 06 02 00 00 1 4682.426
2010 02 06 02 15 00 1 4682.445
2010 02 06 02 30 00 1 4682.465
2010 02 06 02 45 00 1 4682.489
2010 02 06 03 00 00 1 4682.515
2010 02 06 03 15 00 1 4682.540
2010 02 06 03 30 00 1 4682.567
2010 02 06 03 45 00 1 4682.591
2010 02 06 04 00 00 1 4682.618
2010 02 06 04 15 00 1 4682.646
2010 02 06 04 30 00 1 4682.674
2010 02 06 04 45 00 1 4682.700
2010 02 06 05 00 00 1 4682.729
2010 02 06 05 15 00 1 4682.759
2010 02 06 05 30 00 1 4682.788
2010 02 06 05 45 00 1 4682.810
2010 02 06 06 00 00 1 4682.830
2010 02 06 06 15 00 1 4682.850
2010 02 06 06 30 00 1 4682.870
2010 02 06 06 45 00 1 4682.887
2010 02 06 07 00 00 1 4682.904
2010 02 06 07 15 00 1 4682.915
2010 02 06 07 30 00 1 4682.925
2010 02 06 07 45 00 1 4682.931
2010 02 06 08 00 00 1 4682.937
2010 02 06 08 15 00 1 4682.943
2010 02 06 08 30 00 1 4682.943
2010 02 06 08 45 00 1 4682.943
2010 02 06 09 00 00 1 4682.942
2010 02 06 09 15 00 1 4682.941
2010 02 06 09 30 00 1 4682.933
2010 02 06 09 45 00 1 4682.922
2010 02 06 10 00 00 1 4682.909
2010 02 06 10 15 00 1 4682.893
2010 02 06 10 30 00 1 4682.879
2010 02 06 10 45 00 1 4682.863
2010 02 06 11 00 00 1 4682.848
2010 02 06 11 15 00 1 4682.831
2010 02 06 11 30 00 1 4682.809
2010 02 06 11 45 00 1 4682.792
2010 02 06 12 00 00 1 4682.771
2010 02 06 12 15 00 1 4682.751
2010 02 06 12 30 00 1 4682.732
2010 02 06 12 45 00 1 4682.715
2010 02 06 13 00 00 1 4682.700
2010 02 06 13 15 00 1 4682.688
2010 02 06 13 30 00 1 4682.676
2010 02 06 13 45 00 1 4682.669
2010 02 06 14 00 00 1 4682.659
2010 02 06 14 15 00 1 4682.651
2010 02 06 14 30 00 1 4682.643
2010 02 06 14 45 00 1 4682.639
2010 02 06 15 00 00 1 4682.631
2010 02 06 15 15 00 1 4682.628
2010 02 06 15 30 00 1 4682.623
2010 02 06 15 45 00 1 4682.623
2010 02 06 16 00 00 1 4682.626
2010 02 06 16 15 00 1 4682.626
2010 02 06 16 30 00 1 4682.628
2010 02 06 16 45 00 1 4682.628
2010 02 06 17 00 00 1 4682.627
2010 02 06 17 15 00 1 4682.628
2010 02 06 17 30 00 1 4682.634
2010 02 06 17 45 00 1 4682.636
2010 02 06 18 00 00 1 4682.636
2010 02 06 18 15 00 1 4682.639
2010 02 06 18 30 00 1 4682.640
2010 02 06 18 45 00 1 4682.639
2010 02 06 19 00 00 1 4682.637
2010 02 06 19 15 00 1 4682.638
2010 02 06 19 30 00 1 4682.638
2010 02 06 19 45 00 1 4682.635
2010 02 06 20 00 00 1 4682.631
2010 02 06 20 15 00 1 4682.626
2010 02 06 20 30 00 1 4682.618
2010 02 06 20 45 00 1 4682.605
2010 02 06 21 00 00 1 4682.598
2010 02 06 21 15 00 1 4682.586
2010 02 06 21 30 00 1 4682.573
2010 02 06 21 45 00 1 4682.562
2010 02 06 22 00 00 1 4682.549
2010 02 06 22 15 00 1 4682.535
2010 02 06 22 30 00 1 4682.520
2010 02 06 22 45 00 1 4682.505
2010 02 06 23 00 00 1 4682.490
2010 02 06 23 15 00 1 4682.474
2010 02 06 23 30 00 1 4682.460
2010 02 06 23 45 00 1 4682.449
2010 02 07 00 00 00 1 4682.438
2010 02 07 00 15 00 1 4682.426
2010 02 07 00 30 00 1 4682.413
2010 02 07 00 45 00 1 4682.407
2010 02 07 01 00 00 1 4682.401
2010 02 07 01 15 00 1 4682.400
2010 02 07 01 30 00 1 4682.400
2010 02 07 01 45 00 1 4682.401
2010 02 07 02 00 00 1 4682.403
2010 02 07 02 15 00 1 4682.409
2010 02 07 02 30 00 1 4682.421
2010 02 07 02 45 00 1 4682.430
2010 02 07 03 00 00 1 4682.445
2010 02 07 03 15 00 1 4682.463
2010 02 07 03 30 00 1 4682.481
2010 02 07 03 45 00 1 4682.504
2010 02 07 04 00 00 1 4682.523
2010 02 07 04 15 00 1 4682.546
2010 02 07 04 30 00 1 4682.571
2010 02 07 04 45 00 1 4682.595
2010 02 07 05 00 00 1 4682.621
2010 02 07 05 15 00 1 4682.648
2010 02 07 05 30 00 1 4682.674
2010 02 07 05 45 00 1 4682.699
2010 02 07 06 00 00 1 4682.726
2010 02 07 06 15 00 1 4682.750
2010 02 07 06 30 00 1 4682.773
2010 02 07 06 45 00 1 4682.796
2010 02 07 07 00 00 1 4682.819
2010 02 07 07 15 00 1 4682.844
2010 02 07 07 30 00 1 4682.867
2010 02 07 07 45 00 1 4682.884
2010 02 07 08 00 00 1 4682.898
2010 02 07 08 15 00 1 4682.909
2010 02 07 08 30 00 1 4682.921
2010 02 07 08 45 00 1 4682.939
2010 02 07 09 00 00 1 4682.951
2010 02 07 09 15 00 1 4682.955
2010 02 07 09 30 00 1 4682.959
2010 02 07 09 45 00 1 4682.958
2010 02 07 10 00 00 1 4682.957
2010 02 07 10 15 00 1 4682.953
2010 02 07 10 30 00 1 4682.944
2010 02 07 10 45 00 1 4682.941
2010 02 07 11 00 00 1 4682.932
2010 02 07 11 15 00 1 4682.919
2010 02 07 11 30 00 1 4682.901
2010 02 07 11 45 00 1 4682.885
2010 02 07 12 00 00 1 4682.867
2010 02 07 12 15 00 1 4682.848
2010 02 07 12 30 00 1 4682.826
2010 02 07 12 45 00 1 4682.804
2010 02 07 13 00 00 1 4682.783
2010 02 07 13 15 00 1 4682.763
2010 02 07 13 30 00 1 4682.741
2010 02 07 13 45 00 1 4682.719
2010 02 07 14 00 00 1 4682.700
2010 02 07 14 15 00 1 4682.679
2010 02 07 14 30 00 1 4682.660
2010 02 07 14 45 00 1 4682.643
2010 02 07 15 00 00 1 4682.630
2010 02 07 15 15 00 1 4682.614
2010 02 07 15 30 00 1 4682.603
2010 02 07 15 45 00 1 4682.593
2010 02 07 16 00 00 1 4682.581
2010 02 07 16 15 00 1 4682.574
2010 02 07 16 30 00 1 4682.567
2010 02 07 16 45 00 1 4682.562
2010 02 07 17 00 00 1 4682.554
2010 02 07 17 15 00 1 4682.551
2010 02 07 17 30 00 1 4682.550
2010 02 07 17 45 00 1 4682.551
2010 02 07 18 00 00 1 4682.553
2010 02 07 18 15 00 1 4682.553
2010 02 07 18 30 00 1 4682.557
2010 02 07 18 45 00 1 4682.562
2010 02 07 19 00 00 1 4682.562
2010 02 07 19 15 00 1 4682.563
2010 02 07 19 30 00 1 4682.566
2010 02 07 19 45 00 1 4682.572
2010 02 07 20 00 00 1 4682.576
2010 02 07 20 15 00 1 4682.578
2010 02 07 20 30 00 1 4682.575
2010 02 07 20 45 00 1 4682.577
2010 02 07 21 00 00 1 4682.578
2010 02 07 21 15 00 1 4682.578
2010 02 07 21 30 00 1 4682.573
2010 02 07 21 45 00 1 4682.570
2010 02 07 22 00 00 1 4682.566
2010 02 07 22 15 00 1 4682.559
2010 02 07 22 30 00 1 4682.550
2010 02 07 22 45 00 1 4682.541
2010 02 07 23 00 00 1 4682.529
2010 02 07 23 15 00 1 4682.518
2010 02 07 23 30 00 1 4682.506
2010 02 07 23 45 00 1 4682.494
2010 02 08 00 00 00 1 4682.484
2010 02 08 00 15 00 1 4682.471
2010 02 08 00 30 00 1 4682.457
2010 02 08 00 45 00 1 4682.448
2010 02 08 01 00 00 1 4682.435
2010 02 08 01 15 00 1 4682.424
2010 02 08 01 30 00 1 4682.415
2010 02 08 01 45 00 1 4682.411
2010 02 08 02 00 00 1 4682.405
2010 02 08 02 15 00 1 4682.404
2010 02 08 02 30 00 1 4682.405
2010 02 08 02 45 00 1 4682.407
2010 02 08 03 00 00 1 4682.413
2010 02 08 03 15 00 1 4682.416
2010 02 08 03 30 00 1 4682.423
2010 02 08 03 45 00 1 4682.434
2010 02 08 04 00 00 1 4682.445
2010 02 08 04 15 00 1 4682.457
2010 02 08 04 30 00 1 4682.470
2010 02 08 04 45 00 1 4682.484
2010 02 08 05 00 00 1 4682.508
2010 02 08 05 15 00 1 4682.531
2010 02 08 05 30 00 1 4682.557
2010 02 08 05 45 00 1 4682.582
2010 02 08 06 00 00 1 4682.609
2010 02 08 06 15 00 1 4682.637
2010 02 08 06 30 00 1 4682.665
2010 02 08 06 45 00 1 4682.691
2010 02 08 07 00 00 1 4682.717
2010 02 08 07 15 00 1 4682.742
2010 02 08 07 30 00 1 4682.768
2010 02 08 07 45 00 1 4682.796
2010 02 08 08 00 00 1 4682.818
2010 02 08 08 15 00 1 4682.845
2010 02 08 08 30 00 1 4682.874
2010 02 08 08 45 00 1 4682.899
2010 02 08 09 00 00 1 4682.918
2010 02 08 09 15 00 1 4682.938
2010 02 08 09 30 00 1 4682.949
2010 02 08 09 45 00 1 4682.964
2010 02 08 10 00 00 1 4682.982
2010 02 08 10 15 00 1 4682.991
2010 02 08 10 30 00 1 4682.996
2010 02 08 10 45 00 1 4682.999
2010 02 08 11 00 00 1 4683.002
2010 02 08 11 15 00 1 4682.997
2010 02 08 11 30 00 1 4682.989
2010 02 08 11 45 00 1 4682.981
2010 02 08 12 00 00 1 4682.969
2010 02 08 12 15 00 1 4682.954
2010 02 08 12 30 00 1 4682.935
2010 02 08 12 45 00 1 4682.915
2010 02 08 13 00 00 1 4682.893
2010 02 08 13 15 00 1 4682.869
2010 02 08 13 30 00 1 4682.847
2010 02 08 13 45 00 1 4682.823
2010 02 08 14 00 00 1 4682.797
2010 02 08 14 15 00 1 4682.768
2010 02 08 14 30 00 1 4682.740
2010 02 08 14 45 00 1 4682.715
2010 02 08 15 00 00 1 4682.690
2010 02 08 15 15 00 1 4682.666
2010 02 08 15 30 00 1 4682.648
2010 02 08 15 45 00 1 4682.629
2010 02 08 16 00 00 1 4682.610
2010 02 08 16 15 00 1 4682.593
2010 02 08 16 30 00 1 4682.577
2010 02 08 16 45 00 1 4682.562
2010 02 08 17 00 00 1 4682.553
2010 02 08 17 15 00 1 4682.543
2010 02 08 17 30 00 1 4682.534
2010 02 08 17 45 00 1 4682.528
2010 02 08 18 00 00 1 4682.523
2010 02 08 18 15 00 1 4682.522
2010 02 08 18 30 00 1 4682.520
2010 02 08 18 45 00 1 4682.520
2010 02 08 19 00 00 1 4682.525
2010 02 08 19 15 00 1 4682.528
2010 02 08 19 30 00 1 4682.532
2010 02 08 19 45 00 1 4682.541
2010 02 08 20 00 00 1 4682.547
2010 02 08 20 15 00 1 4682.556
2010 02 08 20 30 00 1 4682.563
2010 02 08 20 45 00 1 4682.568
2010 02 08 21 00 00 1 4682.575
2010 02 08 21 15 00 1 4682.581
2010 02 08 21 30 00 1 4682.586
2010 02 08 21 45 00 1 4682.589
2010 02 08 22 00 00 1 4682.589
2010 02 08 22 15 00 1 4682.586
2010 02 08 22 30 00 1 4682.584
2010 02 08 22 45 00 1 4682.583
2010 02 08 23 00 00 1 4682.580
2010 02 08 23 15 00 1 4682.574
2010 02 08 23 30 00 1 4682.568
2010 02 08 23 45 00 1 4682.559
2010 02 09 00 00 00 1 4682.549
2010 02 09 00 15 00 1 4682.539
2010 02 09 00 30 00 1 4682.524
2010 02 09 00 45 00 1 4682.510
2010 02 09 01 00 00 1 4682.497
2010 02 09 01 15 00 1 4682.488
2010 02 09 01 30 00 1 4682.475
2010 02 09 01 45 00 1 4682.464
2010 02 09 02 00 00 1 4682.450
2010 02 09 02 15 00 1 4682.436
2010 02 09 02 30 00 1 4682.427
2010 02 09 02 45 00 1 4682.419
2010 02 09 03 00 00 1 4682.414
2010 02 09 03 15 00 1 4682.415
2010 02 09 03 30 00 1 4682.414
2010 02 09 03 45 00 1 4682.411
2010 02 09 04 00 00 1 4682.415
2010 02 09 04 15 00 1 4682.418
2010 02 09 04 30 00 1 4682.420
2010 02 09 04 45 00 1 4682.425
2010 02 09 05 00 00 1 4682.432
2010 02 09 05 15 00 1 4682.450
2010 02 09 05 30 00 1 4682.465
2010 02 09 05 45 00 1 4682.486
2010 02 09 06 00 00 1 4682.509
2010 02 09 06 15 00 1 4682.531
2010 02 09 06 30 00 1 4682.555
2010 02 09 06 45 00 1 4682.582
2010 02 09 07 00 00 1 4682.609
2010 02 09 07 15 00 1 4682.639
2010 02 09 07 30 00 1 4682.667
2010 02 09 07 45 00 1 4682.694
2010 02 09 08 00 00 1 4682.724
2010 02 09 08 15 00 1 4682.758
2010 02 09 08 30 00 1 4682.791
2010 02 09 08 45 00 1 4682.826
2010 02 09 09 00 00 1 4682.858
2010 02 09 09 15 00 1 4682.884
2010 02 09 09 30 00 1 4682.911
2010 02 09 09 45 00 1 4682.937
2010 02 09 10 00 00 1 4682.958
2010 02 09 10 15 00 1 4682.981
2010 02 09 10 30 00 1 4683.002
2010 02 09 10 45 00 1 4683.016
2010 02 09 11 00 00 1 4683.027
2010 02 09 11 15 00 1 4683.035
2010 02 09 11 30 00 1 4683.039
2010 02 09 11 45 00 1 4683.034
2010 02 09 12 00 00 1 4683.029
2010 02 09 12 15 00 1 4683.021
2010 02 09 12 30 00 1 4683.010
2010 02 09 12 45 00 1 4682.998
2010 02 09 13 00 00 1 4682.983
2010 02 09 13 15 00 1 4682.963
2010 02 09 13 30 00 1 4682.941
2010 02 09 13 45 00 1 4682.913
2010 02 09 14 00 00 1 4682.886
2010 02 09 14 15 00 1 4682.860
2010 02 09 14 30 00 1 4682.830
2010 02 09 14 45 00 1 4682.799
2010 02 09 15 00 00 1 4682.770
2010 02 09 15 15 00 1 4682.739
2010 02 09 15 30 00 1 4682.710
2010 02 09 15 45 00 1 4682.685
2010 02 09 16 00 00 1 4682.659
2010 02 09 16 15 00 1 4682.632
2010 02 09 16 30 00 1 4682.610
2010 02 09 16 45 00 1 4682.589
2010 02 09 17 00 00 1 4682.571
2010 02 09 17 15 00 1 4682.555
2010 02 09 17 30 00 1 4682.538
2010 02 09 17 45 00 1 4682.526
2010 02 09 18 00 00 1 4682.519
2010 02 09 18 15 00 1 4682.510
2010 02 09 18 30 00 1 4682.505
2010 02 09 18 45 00 1 4682.501
2010 02 09 19 00 00 1 4682.499
2010 02 09 19 15 00 1 4682.500
2010 02 09 19 30 00 1 4682.504
2010 02 09 19 45 00 1 4682.511
2010 02 09 20 00 00 1 4682.518
2010 02 09 20 15 00 1 4682.523
2010 02 09 20 30 00 1 4682.529
2010 02 09 20 45 00 1 4682.537
2010 02 09 21 00 00 1 4682.546
2010 02 09 21 15 00 1 4682.555
2010 02 09 21 30 00 1 4682.567
2010 02 09 21 45 00 1 4682.576
2010 02 09 22 00 00 1 4682.585
2010 02 09 22 15 00 1 4682.592
2010 02 09 22 30 00 1 4682.597
2010 02 09 22 45 00 1 4682.598
2010 02 09 23 00 00 1 4682.602
2010 02 09 23 15 00 1 4682.604
2010 02 09 23 30 00 1 4682.604
2010 02 09 23 45 00 1 4682.601
2010 02 10 00 00 00 1 4682.596
2010 02 10 00 15 00 1 4682.590
2010 02 10 00 30 00 1 4682.581
2010 02 10 00 45 00 1 4682.572
2010 02 10 01 00 00 1 4682.560
2010 02 10 01 15 00 1 4682.547
2010 02 10 01 30 00 1 4682.528
2010 02 10 01 45 00 1 4682.513
2010 02 10 02 00 00 1 4682.498
2010 02 10 02 15 00 1 4682.487
2010 02 10 02 30 00 1 4682.471
2010 02 10 02 45 00 1 4682.455
2010 02 10 03 00 00 1 4682.442
2010 02 10 03 15 00 1 4682.429
2010 02 10 03 30 00 1 4682.418
2010 02 10 03 45 00 1 4682.407
2010 02 10 04 00 00 1 4682.397
2010 02 10 04 15 00 1 4682.388
2010 02 10 04 30 00 1 4682.387
2010 02 10 04 45 00 1 4682.385
2010 02 10 05 00 00 1 4682.388
2010 02 10 05 15 00 1 4682.390
2010 02 10 05 30 00 1 4682.398
2010 02 10 05 45 00 1 4682.409
2010 02 10 06 00 00 1 4682.421
2010 02 10 06 15 00 1 4682.439
2010 02 10 06 30 00 1 4682.459
2010 02 10 06 45 00 1 4682.477
2010 02 10 07 00 00 1 4682.502
2010 02 10 07 15 00 1 4682.527
2010 02 10 07 30 00 1 4682.554
2010 02 10 07 45 00 1 4682.579
2010 02 10 08 00 00 1 4682.611
2010 02 10 08 15 00 1 4682.649
2010 02 10 08 30 00 1 4682.685
2010 02 10 08 45 00 1 4682.722
2010 02 10 09 00 00 1 4682.758
2010 02 10 09 15 00 1 4682.791
2010 02 10 09 30 00 1 4682.829
2010 02 10 09 45 00 1 4682.860
2010 02 10 10 00 00 1 4682.888
2010 02 10 10 15 00 1 4682.916
2010 02 10 10 30 00 1 4682.946
2010 02 10 10 45 00 1 4682.975
2010 02 10 11 00 00 1 4683.001
2010 02 10 11 15 00 1 4683.016
2010 02 10 11 30 00 1 4683.030
2010 02 10 11 45 00 1 4683.039
2010 02 10 12 00 00 1 4683.044
2010 02 10 12 15 00 1 4683.050
2010 02 10 12 30 00 1 4683.047
2010 02 10 12 45 00 1 4683.044
2010 02 10 13 00 00 1 4683.033
2010 02 10 13 15 00 1 4683.018
2010 02 10 13 30 00 1 4683.000
2010 02 10 13 45 00 1 4682.978
2010 02 10 14 00 00 1 4682.955
2010 02 10 14 15 00 1 4682.930
2010 02 10 14 30 00 1 4682.903
2010 02 10 14 45 00 1 4682.870
2010 02 10 15 00 00 1 4682.839
2010 02 10 15 15 00 1 4682.806
2010 02 10 15 30 00 1 4682.775
2010 02 10 15 45 00 1 4682.745
2010 02 10 16 00 00 1 4682.712
2010 02 10 16 15 00 1 4682.683
2010 02 10 16 30 00 1 4682.651
2010 02 10 16 45 00 1 4682.622
2010 02 10 17 00 00 1 4682.594
2010 02 10 17 15 00 1 4682.570
2010 02 10 17 30 00 1 4682.546
2010 02 10 17 45 00 1 4682.525
2010 02 10 18 00 00 1 4682.507
2010 02 10 18 15 00 1 4682.495
2010 02 10 18 30 00 1 4682.486
2010 02 10 18 45 00 1 4682.479
2010 02 10 19 00 00 1 4682.472
2010 02 10 19 15 00 1 4682.470
2010 02 10 19 30 00 1 4682.472
2010 02 10 19 45 00 1 4682.479
2010 02 10 20 00 00 1 4682.487
2010 02 10 20 15 00 1 4682.493
2010 02 10 20 30 00 1 4682.501
2010 02 10 20 45 00 1 4682.510
2010 02 10 21 00 00 1 4682.521
2010 02 10 21 15 00 1 4682.534
2010 02 10 21 30 00 1 4682.545
2010 02 10 21 45 00 1 4682.556
2010 02 10 22 00 00 1 4682.567
2010 02 10 22 15 00 1 4682.579
2010 02 10 22 30 00 1 4682.591
2010 02 10 22 45 00 1 4682.605
2010 02 10 23 00 00 1 4682.612
2010 02 10 23 15 00 1 4682.620
2010 02 10 23 30 00 1 4682.629
2010 02 10 23 45 00 1 4682.632
2010 02 11 00 00 00 1 4682.633
2010 02 11 00 15 00 1 4682.632
2010 02 11 00 30 00 1 4682.627
2010 02 11 00 45 00 1 4682.622
2010 02 11 01 00 00 1 4682.612
2010 02 11 01 15 00 1 4682.603
2010 02 11 01 30 00 1 4682.595
2010 02 11 01 45 00 1 4682.580
2010 02 11 02 00 00 1 4682.566
2010 02 11 02 15 00 1 4682.550
2010 02 11 02 30 00 1 4682.534
2010 02 11 02 45 00 1 4682.513
2010 02 11 03 00 00 1 4682.497
2010 02 11 03 15 00 1 4682.480
2010 02 11 03 30 00 1 4682.465
2010 02 11 03 45 00 1 4682.450
2010 02 11 04 00 00 1 4682.434
2010 02 11 04 15 00 1 4682.416
2010 02 11 04 30 00 1 4682.399
2010 02 11 04 45 00 1 4682.387
2010 02 11 05 00 00 1 4682.377
2010 02 11 05 15 00 1 4682.372
2010 02 11 05 30 00 1 4682.369
2010 02 11 05 45 00 1 4682.369
2010 02 11 06 00 00 1 4682.371
2010 02 11 06 15 00 1 4682.379
2010 02 11 06 30 00 1 4682.391
2010 02 11 06 45 00 1 4682.404
2010 02 11 07 00 00 1 4682.421
2010 02 11 07 15 00 1 4682.438
2010 02 11 07 30 00 1 4682.463
2010 02 11 07 45 00 1 4682.493
2010 02 11 08 00 00 1 4682.522
2010 02 11 08 15 00 1 4682.552
2010 02 11 08 30 00 1 4682.588
2010 02 11 08 45 00 1 4682.623
2010 02 11 09 00 00 1 4682.661
2010 02 11 09 15 00 1 4682.699
2010 02 11 09 30 00 1 4682.740
2010 02 11 09 45 00 1 4682.779
2010 02 11 10 00 00 1 4682.814
2010 02 11 10 15 00 1 4682.852
2010 02 11 10 30 00 1 4682.891
2010 02 11 10 45 00 1 4682.924
2010 02 11 11 00 00 1 4682.952
2010 02 11 11 15 00 1 4682.981
2010 02 11 11 30 00 1 4683.006
2010 02 11 11 45 00 1 4683.025
2010 02 11 12 00 00 1 4683.037
2010 02 11 12 15 00 1 4683.049
2010 02 11 12 30 00 1 4683.058
2010 02 11 12 45 00 1 4683.061
2010 02 11 13 00 00 1 4683.061
2010 02 11 13 15 00 1 4683.056
2010 02 11 13 30 00 1 4683.046
2010 02 11 13 45 00 1 4683.033
2010 02 11 14 00 00 1 4683.018
2010 02 11 14 15 00 1 4682.999
2010 02 11 14 30 00 1 4682.975
2010 02 11 14 45 00 1 4682.947
2010 02 11 15 00 00 1 4682.913
2010 02 11 15 15 00 1 4682.877
2010 02 11 15 30 00 1 4682.844
2010 02 11 15 45 00 1 4682.808
2010 02 11 16 00 00 1 4682.771
2010 02 11 16 15 00 1 4682.733
2010 02 11 16 30 00 1 4682.697
2010 02 11 16 45 00 1 4682.667
2010 02 11 17 00 00 1 4682.635
2010 02 11 17 15 00 1 4682.605
2010 02 11 17 30 00 1 4682.575
2010 02 11 17 45 00 1 4682.544
2010 02 11 18 00 00 1 4682.516
2010 02 11 18 15 00 1 4682.498
2010 02 11 18 30 00 1 4682.482
2010 02 11 18 45 00 1 4682.471
2010 02 11 19 00 00 1 4682.460
2010 02 11 19 15 00 1 4682.456
2010 02 11 19 30 00 1 4682.446
2010 02 11 19 45 00 1 4682.445
2010 02 11 20 00 00 1 4682.447
2010 02 11 20 15 00 1 4682.454
2010 02 11 20 30 00 1 4682.460
2010 02 11 20 45 00 1 4682.467
2010 02 11 21 00 00 1 4682.473
2010 02 11 21 15 00 1 4682.481
2010 02 11 21 30 00 1 4682.496
2010 02 11 21 45 00 1 4682.510
2010 02 11 22 00 00 1 4682.526
2010 02 11 22 15 00 1 4682.548
2010 02 11 22 30 00 1 4682.563
2010 02 11 22 45 00 1 4682.579
2010 02 11 23 00 00 1 4682.593
2010 02 11 23 15 00 1 4682.604
2010 02 11 23 30 00 1 4682.618
2010 02 11 23 45 00 1 4682.634
2010 02 12 00 00 00 1 4682.647
2010 02 12 00 15 00 1 4682.653
2010 02 12 00 30 00 1 4682.659
2010 02 12 00 45 00 1 4682.657
2010 02 12 01 00 00 1 4682.656
2010 02 12 01 15 00 1 4682.651
2010 02 12 01 30 00 1 4682.645
2010 02 12 01 45 00 1 4682.633
2010 02 12 02 00 00 1 4682.619
2010 02 12 02 15 00 1 4682.606
2010 02 12 02 30 00 1 4682.590
2010 02 12 02 45 00 1 4682.574
2010 02 12 03 00 00 1 4682.556
2010 02 12 03 15 00 1 4682.537
2010 02 12 03 30 00 1 4682.516
2010 02 12 03 45 00 1 4682.495
2010 02 12 04 00 00 1 4682.472
2010 02 12 04 15 00 1 4682.455
2010 02 12 04 30 00 1 4682.434
2010 02 12 04 45 00 1 4682.413
2010 02 12 05 00 00 1 4682.393
2010 02 12 05 15 00 1 4682.378
2010 02 12 05 30 00 1 4682.369
2010 02 12 05 45 00 1 4682.361
2010 02 12 06 00 00 1 4682.356
2010 02 12 06 15 00 1 4682.353
2010 02 12 06 30 00 1 4682.358
2010 02 12 06 45 00 1 4682.360
2010 02 12 07 00 00 1 4682.365
2010 02 12 07 15 00 1 4682.378
2010 02 12 07 30 00 1 4682.395
2010 02 12 07 45 00 1 4682.413
2010 02 12 08 00 00 1 4682.436
2010 02 12 08 15 00 1 4682.462
2010 02 12 08 30 00 1 4682.492
2010 02 12 08 45 00 1 4682.526
2010 02 12 09 00 00 1 4682.560
2010 02 12 09 15 00 1 4682.597
2010 02 12 09 30 00 1 4682.640
2010 02 12 09 45 00 1 4682.679
2010 02 12 10 00 00 1 4682.724
2010 02 12 10 15 00 1 4682.762
2010 02 12 10 30 00 1 4682.803
2010 02 12 10 45 00 1 4682.842
2010 02 12 11 00 00 1 4682.879
2010 02 12 11 15 00 1 4682.913
2010 02 12 11 30 00 1 4682.943
2010 02 12 11 45 00 1 4682.972
2010 02 12 12 00 00 1 4682.998
2010 02 12 12 15 00 1 4683.022
2010 02 12 12 30 00 1 4683.038
2010 02 12 12 45 00 1 4683.049
2010 02 12 13 00 00 1 4683.059
2010 02 12 13 15 00 1 4683.060
2010 02 12 13 30 00 1 4683.058
2010 02 12 13 45 00 1 4683.055
2010 02 12 14 00 00 1 4683.049
2010 02 12 14 15 00 1 4683.033
2010 02 12 14 30 00 1 4683.014
2010 02 12 14 45 00 1 4682.992
2010 02 12 15 00 00 1 4682.966
2010 02 12 15 15 00 1 4682.935
2010 02 12 15 30 00 1 4682.900
2010 02 12 15 45 00 1 4682.867
2010 02 12 16 00 00 1 4682.831
2010 02 12 16 15 00 1 4682.791
2010 02 12 16 30 00 1 4682.753
2010 02 12 16 45 00 1 4682.719
2010 02 12 17 00 00 1 4682.685
2010 02 12 17 15 00 1 4682.648
2010 02 12 17 30 00 1 4682.611
2010 02 12 17 45 00 1 4682.576
2010 02 12 18 00 00 1 4682.546
2010 02 12 18 15 00 1 4682.518
2010 02 12 18 30 00 1 4682.496
2010 02 12 18 45 00 1 4682.477
2010 02 12 19 00 00 1 4682.459
2010 02 12 19 15 00 1 4682.446
2010 02 12 19 30 00 1 4682.437
2010 02 12 19 45 00 1 4682.433
2010 02 12 20 00 00 1 4682.433
2010 02 12 20 15 00 1 4682.436
2010 02 12 20 30 00 1 4682.434
2010 02 12 20 45 00 1 4682.440
2010 02 12 21 00 00 1 4682.446
2010 02 12 21 15 00 1 4682.456
2010 02 12 21 30 00 1 4682.470
2010 02 12 21 45 00 1 4682.487
2010 02 12 22 00 00 1 4682.504
2010 02 12 22 15 00 1 4682.523
2010 02 12 22 30 00 1 4682.543
2010 02 12 22 45 00 1 4682.566
2010 02 12 23 00 00 1 4682.587
2010 02 12 23 15 00 1 4682.604
2010 02 12 23 30 00 1 4682.620
2010 02 12 23 45 00 1 4682.635
2010 02 13 00 00 00 1 4682.650
2010 02 13 00 15 00 1 4682.661
2010 02 13 00 30 00 1 4682.671
2010 02 13 00 45 00 1 4682.681
2010 02 13 01 00 00 1 4682.686
2010 02 13 01 15 00 1 4682.689
2010 02 13 01 30 00 1 4682.690
2010 02 13 01 45 00 1 4682.692
2010 02 13 02 00 00 1 4682.686
2010 02 13 02 15 00 1 4682.677
2010 02 13 02 30 00 1 4682.665
2010 02 13 02 45 00 1 4682.648
2010 02 13 03 00 00 1 4682.632
2010 02 13 03 15 00 1 4682.616
2010 02 13 03 30 00 1 4682.595
2010 02 13 03 45 00 1 4682.576
2010 02 13 04 00 00 1 4682.555
2010 02 13 04 15 00 1 4682.531
2010 02 13 04 30 00 1 4682.505
2010 02 13 04 45 00 1 4682.478
2010 02 13 05 00 00 1 4682.452
2010 02 13 05 15 00 1 4682.429
2010 02 13 05 30 00 1 4682.412
2010 02 13 05 45 00 1 4682.396
2010 02 13 06 00 00 1 4682.382
2010 02 13 06 15 00 1 4682.368
2010 02 13 06 30 00 1 4682.357
2010 02 13 06 45 00 1 4682.350
2010 02 13 07 00 00 1 4682.350
2010 02 13 07 15 00 1 4682.351
2010 02 13 07 30 00 1 4682.356
2010 02 13 07 45 00 1 4682.365
2010 02 13 08 00 00 1 4682.382
2010 02 13 08 15 00 1 4682.400
2010 02 13 08 30 00 1 4682.422
2010 02 13 08 45 00 1 4682.452
2010 02 13 09 00 00 1 4682.486
2010 02 13 09 15 00 1 4682.518
2010 02 13 09 30 00 1 4682.554
2010 02 13 09 45 00 1 4682.595
2010 02 13 10 00 00 1 4682.637
2010 02 13 10 15 00 1 4682.679
2010 02 13 10 30 00 1 4682.719
2010 02 13 10 45 00 1 4682.760
2010 02 13 11 00 00 1 4682.800
2010 02 13 11 15 00 1 4682.842
2010 02 13 11 30 00 1 4682.883
2010 02 13 11 45 00 1 4682.917
2010 02 13 12 00 00 1 4682.948
2010 02 13 12 15 00 1 4682.977
2010 02 13 12 30 00 1 4683.005
2010 02 13 12 45 00 1 4683.024
2010 02 13 13 00 00 1 4683.042
2010 02 13 13 15 00 1 4683.051
2010 02 13 13 30 00 1 4683.063
2010 02 13 13 45 00 1 4683.069
2010 02 13 14 00 00 1 4683.064
2010 02 13 14 15 00 1 4683.059
2010 02 13 14 30 00 1 4683.049
2010 02 13 14 45 00 1 4683.030
2010 02 13 15 00 00 1 4683.010
2010 02 13 15 15 00 1 4682.985
2010 02 13 15 30 00 1 4682.958
2010 02 13 15 45 00 1 4682.930
2010 02 13 16 00 00 1 4682.899
2010 02 13 16 15 00 1 4682.865
2010 02 13 16 30 00 1 4682.827
2010 02 13 16 45 00 1 4682.792
2010 02 13 17 00 00 1 4682.753
2010 02 13 17 15 00 1 4682.718
2010 02 13 17 30 00 1 4682.681
2010 02 13 17 45 00 1 4682.643
2010 02 13 18 00 00 1 4682.611
2010 02 13 18 15 00 1 4682.576
2010 02 13 18 30 00 1 4682.545
2010 02 13 18 45 00 1 4682.517
2010 02 13 19 00 00 1 4682.494
2010 02 13 19 15 00 1 4682.472
2010 02 13 19 30 00 1 4682.457
2010 02 13 19 45 00 1 4682.447
2010 02 13 20 00 00 1 4682.436
2010 02 13 20 15 00 1 4682.432
2010 02 13 20 30 00 1 4682.426
2010 02 13 20 45 00 1 4682.427
2010 02 13 21 00 00 1 4682.431
2010 02 13 21 15 00 1 4682.441
2010 02 13 21 30 00 1 4682.452
2010 02 13 21 45 00 1 4682.468
2010 02 13 22 00 00 1 4682.485
2010 02 13 22 15 00 1 4682.502
2010 02 13 22 30 00 1 4682.525
2010 02 13 22 45 00 1 4682.543
2010 02 13 23 00 00 1 4682.571
2010 02 13 23 15 00 1 4682.596
2010 02 13 23 30 00 1 4682.618
2010 02 13 23 45 00 1 4682.641
2010 02 14 00 00 00 1 4682.664
2010 02 14 00 15 00 1 4682.680
2010 02 14 00 30 00 1 4682.695
2010 02 14 00 45 00 1 4682.708
2010 02 14 01 00 00 1 4682.723
2010 02 14 01 15 00 1 4682.735
2010 02 14 01 30 00 1 4682.740
2010 02 14 01 45 00 1 4682.744
2010 02 14 02 00 00 1 4682.748
2010 02 14 02 15 00 1 4682.746
2010 02 14 02 30 00 1 4682.741
2010 02 14 02 45 00 1 4682.730
2010 02 14 03 00 00 1 4682.718
2010 02 14 03 15 00 1 4682.707
2010 02 14 03 30 00 1 4682.687
2010 02 14 03 45 00 1 4682.667
2010 02 14 04 00 00 1 4682.643
2010 02 14 04 15 00 1 4682.619
2010 02 14 04 30 00 1 4682.594
2010 02 14 04 45 00 1 4682.570
2010 02 14 05 00 00 1 4682.542
2010 02 14 05 15 00 1 4682.514
2010 02 14 05 30 00 1 4682.487
2010 02 14 05 45 00 1 4682.464
2010 02 14 06 00 00 1 4682.440
2010 02 14 06 15 00 1 4682.421
2010 02 14 06 30 00 1 4682.404
2010 02 14 06 45 00 1 4682.392
2010 02 14 07 00 00 1 4682.381
2010 02 14 07 15 00 1 4682.373
2010 02 14 07 30 00 1 4682.368
2010 02 14 07 45 00 1 4682.366
2010 02 14 08 00 00 1 4682.374
2010 02 14 08 15 00 1 4682.379
2010 02 14 08 30 00 1 4682.395
2010 02 14 08 45 00 1 4682.412
2010 02 14 09 00 00 1 4682.438
2010 02 14 09 15 00 1 4682.464
2010 02 14 09 30 00 1 4682.491
2010 02 14 09 45 00 1 4682.524
2010 02 14 10 00 00 1 4682.562
2010 02 14 10 15 00 1 4682.600
2010 02 14 10 30 00 1 4682.638
2010 02 14 10 45 00 1 4682.677
2010 02 14 11 00 00 1 4682.715
2010 02 14 11 15 00 1 4682.754
2010 02 14 11 30 00 1 4682.793
2010 02 14 11 45 00 1 4682.830
2010 02 14 12 00 00 1 4682.864
2010 02 14 12 15 00 1 4682.894
2010 02 14 12 30 00 1 4682.923
2010 02 14 12 45 00 1 4682.953
2010 02 14 13 00 00 1 4682.982
2010 02 14 13 15 00 1 4683.002
2010 02 14 13 30 00 1 4683.015
2010 02 14 13 45 00 1 4683.028
2010 02 14 14 00 00 1 4683.038
2010 02 14 14 15 00 1 4683.041
2010 02 14 14 30 00 1 4683.038
2010 02 14 14 45 00 1 4683.033
2010 02 14 15 00 00 1 4683.021
2010 02 14 15 15 00 1 4683.004
2010 02 14 15 30 00 1 4682.984
2010 02 14 15 45 00 1 4682.960
2010 02 14 16 00 00 1 4682.935
2010 02 14 16 15 00 1 4682.907
2010 02 14 16 30 00 1 4682.876
2010 02 14 16 45 00 1 4682.843
2010 02 14 17 00 00 1 4682.808
2010 02 14 17 15 00 1 4682.769
2010 02 14 17 30 00 1 4682.730
2010 02 14 17 45 00 1 4682.692
2010 02 14 18 00 00 1 4682.655
2010 02 14 18 15 00 1 4682.620
2010 02 14 18 30 00 1 4682.588
2010 02 14 18 45 00 1 4682.557
2010 02 14 19 00 00 1 4682.528
2010 02 14 19 15 00 1 4682.501
2010 02 14 19 30 00 1 4682.477
2010 02 14 19 45 00 1 4682.455
2010 02 14 20 00 00 1 4682.438
2010 02 14 20 15 00 1 4682.427
2010 02 14 20 30 00 1 4682.418
2010 02 14 20 45 00 1 4682.408
2010 02 14 21 00 00 1 4682.408
2010 02 14 21 15 00 1 4682.411
2010 02 14 21 30 00 1 4682.417
2010 02 14 21 45 00 1 4682.431
2010 02 14 22 00 00 1 4682.445
2010 02 14 22 15 00 1 4682.458
2010 02 14 22 30 00 1 4682.482
2010 02 14 22 45 00 1 4682.508
2010 02 14 23 00 00 1 4682.529
2010 02 14 23 15 00 1 4682.552
2010 02 14 23 30 00 1 4682.579
2010 02 14 23 45 00 1 4682.605
2010 02 15 00 00 00 1 4682.634
2010 02 15 00 15 00 1 4682.660
2010 02 15 00 30 00 1 4682.683
2010 02 15 00 45 00 1 4682.707
2010 02 15 01 00 00 1 4682.727
2010 02 15 01 15 00 1 4682.744
2010 02 15 01 30 00 1 4682.761
2010 02 15 01 45 00 1 4682.773
2010 02 15 02 00 00 1 4682.785
2010 02 15 02 15 00 1 4682.789
2010 02 15 02 30 00 1 4682.790
2010 02 15 02 45 00 1 4682.790
2010 02 15 03 00 00 1 4682.787
2010 02 15 03 15 00 1 4682.783
2010 02 15 03 30 00 1 4682.770
2010 02 15 03 45 00 1 4682.753
2010 02 15 04 00 00 1 4682.733
2010 02 15 04 15 00 1 4682.711
2010 02 15 04 30 00 1 4682.691
2010 02 15 04 45 00 1 4682.663
2010 02 15 05 00 00 1 4682.638
2010 02 15 05 15 00 1 4682.612
2010 02 15 05 30 00 1 4682.580
2010 02 15 05 45 00 1 4682.549
2010 02 15 06 00 00 1 4682.525
2010 02 15 06 15 00 1 4682.505
2010 02 15 06 30 00 1 4682.482
2010 02 15 06 45 00 1 4682.459
2010 02 15 07 00 00 1 4682.442
2010 02 15 07 15 00 1 4682.421
2010 02 15 07 30 00 1 4682.410
2010 02 15 07 45 00 1 4682.403
2010 02 15 08 00 00 1 4682.394
2010 02 15 08 15 00 1 4682.390
2010 02 15 08 30 00 1 4682.396
2010 02 15 08 45 00 1 4682.406
2010 02 15 09 00 00 1 4682.418
2010 02 15 09 15 00 1 4682.435
2010 02 15 09 30 00 1 4682.453
2010 02 15 09 45 00 1 4682.476
2010 02 15 10 00 00 1 4682.500
2010 02 15 10 15 00 1 4682.530
2010 02 15 10 30 00 1 4682.565
2010 02 15 10 45 00 1 4682.603
2010 02 15 11 00 00 1 4682.641
2010 02 15 11 15 00 1 4682.678
2010 02 15 11 30 00 1 4682.714
2010 02 15 11 45 00 1 4682.748
2010 02 15 12 00 00 1 4682.779
2010 02 15 12 15 00 1 4682.816
2010 02 15 12 30 00 1 4682.851
2010 02 15 12 45 00 1 4682.886
2010 02 15 13 00 00 1 4682.916
2010 02 15 13 15 00 1 4682.944
2010 02 15 13 30 00 1 4682.966
2010 02 15 13 45 00 1 4682.987
2010 02 15 14 00 00 1 4683.003
2010 02 15 14 15 00 1 4683.008
2010 02 15 14 30 00 1 4683.011
2010 02 15 14 45 00 1 4683.012
2010 02 15 15 00 00 1 4683.007
2010 02 15 15 15 00 1 4682.997
2010 02 15 15 30 00 1 4682.990
2010 02 15 15 45 00 1 4682.974
2010 02 15 16 00 00 1 4682.954
2010 02 15 16 15 00 1 4682.927
2010 02 15 16 30 00 1 4682.900
2010 02 15 16 45 00 1 4682.867
2010 02 15 17 00 00 1 4682.834
2010 02 15 17 15 00 1 4682.805
2010 02 15 17 30 00 1 4682.772
2010 02 15 17 45 00 1 4682.734
2010 02 15 18 00 00 1 4682.694
2010 02 15 18 15 00 1 4682.659
2010 02 15 18 30 00 1 4682.623
2010 02 15 18 45 00 1 4682.588
2010 02 15 19 00 00 1 4682.554
2010 02 15 19 15 00 1 4682.527
2010 02 15 19 30 00 1 4682.497
2010 02 15 19 45 00 1 4682.471
2010 02 15 20 00 00 1 4682.447
2010 02 15 20 15 00 1 4682.428
2010 02 15 20 30 00 1 4682.412
2010 02 15 20 45 00 1 4682.402
2010 02 15 21 00 00 1 4682.394
2010 02 15 21 15 00 1 4682.390
2010 02 15 21 30 00 1 4682.391
2010 02 15 21 45 00 1 4682.396
2010 02 15 22 00 00 1 4682.408
2010 02 15 22 15 00 1 4682.420
2010 02 15 22 30 00 1 4682.433
2010 02 15 22 45 00 1 4682.457
2010 02 15 23 00 00 1 4682.481
2010 02 15 23 15 00 1 4682.504
2010 02 15 23 30 00 1 4682.529
2010 02 15 23 45 00 1 4682.559
2010 02 16 00 00 00 1 4682.589
2010 02 16 00 15 00 1 4682.616
2010 02 16 00 30 00 1 4682.641
2010 02 16 00 45 00 1 4682.666
2010 02 16 01 00 00 1 4682.692
2010 02 16 01 15 00 1 4682.718
2010 02 16 01 30 00 1 4682.739
2010 02 16 01 45 00 1 4682.761
2010 02 16 02 00 00 1 4682.779
2010 02 16 02 15 00 1 4682.791
2010 02 16 02 30 00 1 4682.801
2010 02 16 02 45 00 1 4682.813
2010 02 16 03 00 00 1 4682.817
2010 02 16 03 15 00 1 4682.811
2010 02 16 03 30 00 1 4682.808
2010 02 16 03 45 00 1 4682.802
2010 02 16 04 00 00 1 4682.790
2010 02 16 04 15 00 1 4682.774
2010 02 16 04 30 00 1 4682.755
2010 02 16 04 45 00 1 4682.736
2010 02 16 05 00 00 1 4682.710
2010 02 16 05 15 00 1 4682.688
2010 02 16 05 30 00 1 4682.664
2010 02 16 05 45 00 1 4682.637
2010 02 16 06 00 00 1 4682.611
2010 02 16 06 15 00 1 4682.584
2010 02 16 06 30 00 1 4682.558
2010 02 16 06 45 00 1 4682.534
2010 02 16 07 00 00 1 4682.508
2010 02 16 07 15 00 1 4682.488
2010 02 16 07 30 00 1 4682.470
2010 02 16 07 45 00 1 4682.456
2010 02 16 08 00 00 1 4682.439
2010 02 16 08 15 00 1 4682.428
2010 02 16 08 30 00 1 4682.422
2010 02 16 08 45 00 1 4682.418
2010 02 16 09 00 00 1 4682.417
2010 02 16 09 15 00 1 4682.422
2010 02 16 09 30 00 1 4682.432
2010 02 16 09 45 00 1 4682.447
2010 02 16 10 00 00 1 4682.465
2010 02 16 10 15 00 1 4682.485
2010 02 16 10 30 00 1 4682.511
2010 02 16 10 45 00 1 4682.541
2010 02 16 11 00 00 1 4682.570
2010 02 16 11 15 00 1 4682.598
2010 02 16 11 30 00 1 4682.630
2010 02 16 11 45 00 1 4682.663
2010 02 16 12 00 00 1 4682.696
2010 02 16 12 15 00 1 4682.723
2010 02 16 12 30 00 1 4682.756
2010 02 16 12 45 00 1 4682.787
2010 02 16 13 00 00 1 4682.818
2010 02 16 13 15 00 1 4682.847
2010 02 16 13 30 00 1 4682.877
2010 02 16 13 45 00 1 4682.899
2010 02 16 14 00 00 1 4682.922
2010 02 16 14 15 00 1 4682.939
2010 02 16 14 30 00 1 4682.950
2010 02 16 14 45 00 1 4682.957
2010 02 16 15 00 00 1 4682.962
2010 02 16 15 15 00 1 4682.963
2010 02 16 15 30 00 1 4682.957
2010 02 16 15 45 00 1 4682.949
2010 02 16 16 00 00 1 4682.937
2010 02 16 16 15 00 1 4682.921
2010 02 16 16 30 00 1 4682.897
2010 02 16 16 45 00 1 4682.873
2010 02 16 17 00 00 1 4682.851
2010 02 16 17 15 00 1 4682.824
2010 02 16 17 30 00 1 4682.797
2010 02 16 17 45 00 1 4682.764
2010 02 16 18 00 00 1 4682.726
2010 02 16 18 15 00 1 4682.689
2010 02 16 18 30 00 1 4682.654
2010 02 16 18 45 00 1 4682.617
2010 02 16 19 00 00 1 4682.585
2010 02 16 19 15 00 1 4682.550
2010 02 16 19 30 00 1 4682.520
2010 02 16 19 45 00 1 4682.493
2010 02 16 20 00 00 1 4682.469
2010 02 16 20 15 00 1 4682.448
2010 02 16 20 30 00 1 4682.432
2010 02 16 20 45 00 1 4682.412
2010 02 16 21 00 00 1 4682.396
2010 02 16 21 15 00 1 4682.386
2010 02 16 21 30 00 1 4682.381
2010 02 16 21 45 00 1 4682.379
2010 02 16 22 00 00 1 4682.379
2010 02 16 22 15 00 1 4682.386
2010 02 16 22 30 00 1 4682.395
2010 02 16 22 45 00 1 4682.411
2010 02 16 23 00 00 1 4682.430
2010 02 16 23 15 00 1 4682.453
2010 02 16 23 30 00 1 4682.477
2010 02 16 23 45 00 1 4682.503
2010 02 17 00 00 00 1 4682.533
2010 02 17 00 15 00 1 4682.564
2010 02 17 00 30 00 1 4682.591
2010 02 17 00 45 00 1 4682.618
2010 02 17 01 00 00 1 4682.649
2010 02 17 01 15 00 1 4682.678
2010 02 17 01 30 00 1 4682.708
2010 02 17 01 45 00 1 4682.737
2010 02 17 02 00 00 1 4682.762
2010 02 17 02 15 00 1 4682.782
2010 02 17 02 30 00 1 4682.802
2010 02 17 02 45 00 1 4682.822
2010 02 17 03 00 00 1 4682.833
2010 02 17 03 15 00 1 4682.840
2010 02 17 03 30 00 1 4682.845
2010 02 17 03 45 00 1 4682.844
2010 02 17 04 00 00 1 4682.839
2010 02 17 04 15 00 1 4682.833
2010 02 17 04 30 00 1 4682.824
2010 02 17 04 45 00 1 4682.807
2010 02 17 05 00 00 1 4682.789
2010 02 17 05 15 00 1 4682.770
2010 02 17 05 30 00 1 4682.745
2010 02 17 05 45 00 1 4682.720
2010 02 17 06 00 00 1 4682.698
2010 02 17 06 15 00 1 4682.675
2010 02 17 06 30 00 1 4682.651
2010 02 17 06 45 00 1 4682.626
2010 02 17 07 00 00 1 4682.600
2010 02 17 07 15 00 1 4682.574
2010 02 17 07 30 00 1 4682.549
2010 02 17 07 45 00 1 4682.528
2010 02 17 08 00 00 1 4682.509
2010 02 17 08 15 00 1 4682.491
2010 02 17 08 30 00 1 4682.477
2010 02 17 08 45 00 1 4682.465
2010 02 17 09 00 00 1 4682.457
2010 02 17 09 15 00 1 4682.452
2010 02 17 09 30 00 1 4682.449
2010 02 17 09 45 00 1 4682.450
2010 02 17 10 00 00 1 4682.455
2010 02 17 10 15 00 1 4682.468
2010 02 17 10 30 00 1 4682.483
2010 02 17 10 45 00 1 4682.499
2010 02 17 11 00 00 1 4682.519
2010 02 17 11 15 00 1 4682.542
2010 02 17 11 30 00 1 4682.565
2010 02 17 11 45 00 1 4682.588
2010 02 17 12 00 00 1 4682.617
2010 02 17 12 15 00 1 4682.648
2010 02 17 12 30 00 1 4682.676
2010 02 17 12 45 00 1 4682.704
2010 02 17 13 00 00 1 4682.732
2010 02 17 13 15 00 1 4682.757
2010 02 17 13 30 00 1 4682.786
2010 02 17 13 45 00 1 4682.811
2010 02 17 14 00 00 1 4682.835
2010 02 17 14 15 00 1 4682.856
2010 02 17 14 30 00 1 4682.869
2010 02 17 14 45 00 1 4682.880
2010 02 17 15 00 00 1 4682.887
2010 02 17 15 15 00 1 4682.895
2010 02 17 15 30 00 1 4682.896
2010 02 17 15 45 00 1 4682.895
2010 02 17 16 00 00 1 4682.890
2010 02 17 16 15 00 1 4682.879
2010 02 17 16 30 00 1 4682.867
2010 02 17 16 45 00 1 4682.852
2010 02 17 17 00 00 1 4682.833
2010 02 17 17 15 00 1 4682.810
2010 02 17 17 30 00 1 4682.787
2010 02 17 17 45 00 1 4682.764
2010 02 17 18 00 00 1 4682.737
2010 02 17 18 15 00 1 4682.706
2010 02 17 18 30 00 1 4682.675
2010 02 17 18 45 00 1 4682.643
2010 02 17 19 00 00 1 4682.612
2010 02 17 19 15 00 1 4682.582
2010 02 17 19 30 00 1 4682.551
2010 02 17 19 45 00 1 4682.519
2010 02 17 20 00 00 1 4682.491
2010 02 17 20 15 00 1 4682.467
2010 02 17 20 30 00 1 4682.444
2010 02 17 20 45 00 1 4682.419
2010 02 17 21 00 00 1 4682.401
2010 02 17 21 15 00 1 4682.387
2010 02 17 21 30 00 1 4682.376
2010 02 17 21 45 00 1 4682.363
2010 02 17 22 00 00 1 4682.359
2010 02 17 22 15 00 1 4682.360
2010 02 17 22 30 00 1 4682.368
2010 02 17 22 45 00 1 4682.381
2010 02 17 23 00 00 1 4682.395
2010 02 17 23 15 00 1 4682.413
2010 02 17 23 30 00 1 4682.431
2010 02 17 23 45 00 1 4682.451
2010 02 18 00 00 00 1 4682.476
2010 02 18 00 15 00 1 4682.500
2010 02 18 00 30 00 1 4682.529
2010 02 18 00 45 00 1 4682.559
2010 02 18 01 00 00 1 4682.593
2010 02 18 01 15 00 1 4682.623
2010 02 18 01 30 00 1 4682.655
2010 02 18 01 45 00 1 4682.685
2010 02 18 02 00 00 1 4682.712
2010 02 18 02 15 00 1 4682.740
2010 02 18 02 30 00 1 4682.767
2010 02 18 02 45 00 1 4682.792
2010 02 18 03 00 00 1 4682.815
2010 02 18 03 15 00 1 4682.834
2010 02 18 03 30 00 1 4682.845
2010 02 18 03 45 00 1 4682.853
2010 02 18 04 00 00 1 4682.856
2010 02 18 04 15 00 1 4682.858
2010 02 18 04 30 00 1 4682.858
2010 02 18 04 45 00 1 4682.856
2010 02 18 05 00 00 1 4682.847
2010 02 18 05 15 00 1 4682.837
2010 02 18 05 30 00 1 4682.824
2010 02 18 05 45 00 1 4682.808
2010 02 18 06 00 00 1 4682.793
2010 02 18 06 15 00 1 4682.780
2010 02 18 06 30 00 1 4682.759
2010 02 18 06 45 00 1 4682.732
2010 02 18 07 00 00 1 4682.709
2010 02 18 07 15 00 1 4682.683
2010 02 18 07 30 00 1 4682.661
2010 02 18 07 45 00 1 4682.636
2010 02 18 08 00 00 1 4682.611
2010 02 18 08 15 00 1 4682.587
2010 02 18 08 30 00 1 4682.569
2010 02 18 08 45 00 1 4682.553
2010 02 18 09 00 00 1 4682.538
2010 02 18 09 15 00 1 4682.526
2010 02 18 09 30 00 1 4682.518
2010 02 18 09 45 00 1 4682.512
2010 02 18 10 00 00 1 4682.510
2010 02 18 10 15 00 1 4682.510
2010 02 18 10 30 00 1 4682.513
2010 02 18 10 45 00 1 4682.515
2010 02 18 11 00 00 1 4682.523
2010 02 18 11 15 00 1 4682.535
2010 02 18 11 30 00 1 4682.550
2010 02 18 11 45 00 1 4682.564
2010 02 18 12 00 00 1 4682.580
2010 02 18 12 15 00 1 4682.598
2010 02 18 12 30 00 1 4682.618
2010 02 18 12 45 00 1 4682.641
2010 02 18 13 00 00 1 4682.666
2010 02 18 13 15 00 1 4682.690
2010 02 18 13 30 00 1 4682.711
2010 02 18 13 45 00 1 4682.732
2010 02 18 14 00 00 1 4682.754
2010 02 18 14 15 00 1 4682.777
2010 02 18 14 30 00 1 4682.792
2010 02 18 14 45 00 1 4682.808
2010 02 18 15 00 00 1 4682.821
2010 02 18 15 15 00 1 4682.829
2010 02 18 15 30 00 1 4682.835
2010 02 18 15 45 00 1 4682.838
2010 02 18 16 00 00 1 4682.836
2010 02 18 16 15 00 1 4682.836
2010 02 18 16 30 00 1 4682.832
2010 02 18 16 45 00 1 4682.827
2010 02 18 17 00 00 1 4682.812
2010 02 18 17 15 00 1 4682.798
2010 02 18 17 30 00 1 4682.782
2010 02 18 17 45 00 1 4682.760
2010 02 18 18 00 00 1 4682.735
2010 02 18 18 15 00 1 4682.709
2010 02 18 18 30 00 1 4682.687
2010 02 18 18 45 00 1 4682.663
2010 02 18 19 00 00 1 4682.637
2010 02 18 19 15 00 1 4682.608
2010 02 18 19 30 00 1 4682.578
2010 02 18 19 45 00 1 4682.552
2010 02 18 20 00 00 1 4682.524
2010 02 18 20 15 00 1 4682.497
2010 02 18 20 30 00 1 4682.474
2010 02 18 20 45 00 1 4682.450
2010 02 18 21 00 00 1 4682.428
2010 02 18 21 15 00 1 4682.409
2010 02 18 21 30 00 1 4682.395
2010 02 18 21 45 00 1 4682.382
2010 02 18 22 00 00 1 4682.372
2010 02 18 22 15 00 1 4682.368
2010 02 18 22 30 00 1 4682.368
2010 02 18 22 45 00 1 4682.371
2010 02 18 23 00 00 1 4682.376
2010 02 18 23 15 00 1 4682.386
2010 02 18 23 30 00 1 4682.398
2010 02 18 23 45 00 1 4682.414
2010 02 19 00 00 00 1 4682.433
2010 02 19 00 15 00 1 4682.457
2010 02 19 00 30 00 1 4682.480
2010 02 19 00 45 00 1 4682.506
2010 02 19 01 00 00 1 4682.533
2010 02 19 01 15 00 1 4682.563
2010 02 19 01 30 00 1 4682.593
2010 02 19 01 45 00 1 4682.619
2010 02 19 02 00 00 1 4682.653
2010 02 19 02 15 00 1 4682.682
2010 02 19 02 30 00 1 4682.710
2010 02 19 02 45 00 1 4682.742
2010 02 19 03 00 00 1 4682.769
2010 02 19 03 15 00 1 4682.794
2010 02 19 03 30 00 1 4682.817
2010 02 19 03 45 00 1 4682.837
2010 02 19 04 00 00 1 4682.854
2010 02 19 04 15 00 1 4682.869
2010 02 19 04 30 00 1 4682.878
2010 02 19 04 45 00 1 4682.879
2010 02 19 05 00 00 1 4682.882
2010 02 19 05 15 00 1 4682.882
2010 02 19 05 30 00 1 4682.879
2010 02 19 05 45 00 1 4682.870
2010 02 19 06 00 00 1 4682.863
2010 02 19 06 15 00 1 4682.856
2010 02 19 06 30 00 1 4682.844
2010 02 19 06 45 00 1 4682.825
2010 02 19 07 00 00 1 4682.807
2010 02 19 07 15 00 1 4682.788
2010 02 19 07 30 00 1 4682.768
2010 02 19 07 45 00 1 4682.748
2010 02 19 08 00 00 1 4682.730
2010 02 19 08 15 00 1 4682.709
2010 02 19 08 30 00 1 4682.688
2010 02 19 08 45 00 1 4682.670
2010 02 19 09 00 00 1 4682.650
2010 02 19 09 15 00 1 4682.629
2010 02 19 09 30 00 1 4682.616
2010 02 19 09 45 00 1 4682.602
2010 02 19 10 00 00 1 4682.588
2010 02 19 10 15 00 1 4682.579
2010 02 19 10 30 00 1 4682.569
2010 02 19 10 45 00 1 4682.565
2010 02 19 11 00 00 1 4682.566
2010 02 19 11 15 00 1 4682.562
2010 02 19 11 30 00 1 4682.563
2010 02 19 11 45 00 1 4682.569
2010 02 19 12 00 00 1 4682.573
2010 02 19 12 15 00 1 4682.585
2010 02 19 12 30 00 1 4682.598
2010 02 19 12 45 00 1 4682.607
2010 02 19 13 00 00 1 4682.619
2010 02 19 13 15 00 1 4682.637
2010 02 19 13 30 00 1 4682.657
2010 02 19 13 45 00 1 4682.676
2010 02 19 14 00 00 1 4682.695
2010 02 19 14 15 00 1 4682.711
2010 02 19 14 30 00 1 4682.725
2010 02 19 14 45 00 1 4682.739
2010 02 19 15 00 00 1 4682.752
2010 02 19 15 15 00 1 4682.760
2010 02 19 15 30 00 1 4682.772
2010 02 19 15 45 00 1 4682.778
2010 02 19 16 00 00 1 4682.783
2010 02 19 16 15 00 1 4682.786
2010 02 19 16 30 00 1 4682.782
2010 02 19 16 45 00 1 4682.781
2010 02 19 17 00 00 1 4682.777
2010 02 19 17 15 00 1 4682.772
2010 02 19 17 30 00 1 4682.767
2010 02 19 17 45 00 1 4682.756
2010 02 19 18 00 00 1 4682.739
2010 02 19 18 15 00 1 4682.725
2010 02 19 18 30 00 1 4682.708
2010 02 19 18 45 00 1 4682.687
2010 02 19 19 00 00 1 4682.670
2010 02 19 19 15 00 1 4682.649
2010 02 19 19 30 00 1 4682.628
2010 02 19 19 45 00 1 4682.603
2010 02 19 20 00 00 1 4682.582
2010 02 19 20 15 00 1 4682.559
2010 02 19 20 30 00 1 4682.536
2010 02 19 20 45 00 1 4682.510
2010 02 19 21 00 00 1 4682.488
2010 02 19 21 15 00 1 4682.468
2010 02 19 21 30 00 1 4682.451
2010 02 19 21 45 00 1 4682.432
2010 02 19 22 00 00 1 4682.417
2010 02 19 22 15 00 1 4682.406
2010 02 19 22 30 00 1 4682.398
2010 02 19 22 45 00 1 4682.395
2010 02 19 23 00 00 1 4682.396
2010 02 19 23 15 00 1 4682.398
2010 02 19 23 30 00 1 4682.401
2010 02 19 23 45 00 1 4682.409
2010 02 20 00 00 00 1 4682.419
2010 02 20 00 15 00 1 4682.434
2010 02 20 00 30 00 1 4682.453
2010 02 20 00 45 00 1 4682.471
2010 02 20 01 00 00 1 4682.494
2010 02 20 01 15 00 1 4682.522
2010 02 20 01 30 00 1 4682.550
2010 02 20 01 45 00 1 4682.577
2010 02 20 02 00 00 1 4682.606
2010 02 20 02 15 00 1 4682.638
2010 02 20 02 30 00 1 4682.667
2010 02 20 02 45 00 1 4682.699
2010 02 20 03 00 00 1 4682.731
2010 02 20 03 15 00 1 4682.762
2010 02 20 03 30 00 1 4682.791
2010 02 20 03 45 00 1 4682.819
2010 02 20 04 00 00 1 4682.841
2010 02 20 04 15 00 1 4682.862
2010 02 20 04 30 00 1 4682.880
2010 02 20 04 45 00 1 4682.892
2010 02 20 05 00 00 1 4682.904
2010 02 20 05 15 00 1 4682.914
2010 02 20 05 30 00 1 4682.919
2010 02 20 05 45 00 1 4682.926
2010 02 20 06 00 00 1 4682.930
2010 02 20 06 15 00 1 4682.929
2010 02 20 06 30 00 1 4682.926
2010 02 20 06 45 00 1 4682.922
2010 02 20 07 00 00 1 4682.914
2010 02 20 07 15 00 1 4682.904
2010 02 20 07 30 00 1 4682.890
2010 02 20 07 45 00 1 4682.873
2010 02 20 08 00 00 1 4682.859
2010 02 20 08 15 00 1 4682.839
2010 02 20 08 30 00 1 4682.821
2010 02 20 08 45 00 1 4682.803
2010 02 20 09 00 00 1 4682.785
2010 02 20 09 15 00 1 4682.766
2010 02 20 09 30 00 1 4682.749
2010 02 20 09 45 00 1 4682.732
2010 02 20 10 00 00 1 4682.716
2010 02 20 10 15 00 1 4682.701
2010 02 20 10 30 00 1 4682.686
2010 02 20 10 45 00 1 4682.671
2010 02 20 11 00 00 1 4682.660
2010 02 20 11 15 00 1 4682.648
2010 02 20 11 30 00 1 4682.637
2010 02 20 11 45 00 1 4682.630
2010 02 20 12 00 00 1 4682.625
2010 02 20 12 15 00 1 4682.622
2010 02 20 12 30 00 1 4682.624
2010 02 20 12 45 00 1 4682.626
2010 02 20 13 00 00 1 4682.632
2010 02 20 13 15 00 1 4682.638
2010 02 20 13 30 00 1 4682.642
2010 02 20 13 45 00 1 4682.654
2010 02 20 14 00 00 1 4682.666
2010 02 20 14 15 00 1 4682.679
2010 02 20 14 30 00 1 4682.689
2010 02 20 14 45 00 1 4682.697
2010 02 20 15 00 00 1 4682.706
2010 02 20 15 15 00 1 4682.714
2010 02 20 15 30 00 1 4682.720
2010 02 20 15 45 00 1 4682.726
2010 02 20 16 00 00 1 4682.732
2010 02 20 16 15 00 1 4682.740
2010 02 20 16 30 00 1 4682.742
2010 02 20 16 45 00 1 4682.742
2010 02 20 17 00 00 1 4682.746
2010 02 20 17 15 00 1 4682.743
2010 02 20 17 30 00 1 4682.739
2010 02 20 17 45 00 1 4682.734
2010 02 20 18 00 00 1 4682.728
2010 02 20 18 15 00 1 4682.717
2010 02 20 18 30 00 1 4682.707
2010 02 20 18 45 00 1 4682.694
2010 02 20 19 00 00 1 4682.679
2010 02 20 19 15 00 1 4682.663
2010 02 20 19 30 00 1 4682.648
2010 02 20 19 45 00 1 4682.631
2010 02 20 20 00 00 1 4682.614
2010 02 20 20 15 00 1 4682.596
2010 02 20 20 30 00 1 4682.575
2010 02 20 20 45 00 1 4682.556
2010 02 20 21 00 00 1 4682.536
2010 02 20 21 15 00 1 4682.515
2010 02 20 21 30 00 1 4682.498
2010 02 20 21 45 00 1 4682.483
2010 02 20 22 00 00 1 4682.469
2010 02 20 22 15 00 1 4682.455
2010 02 20 22 30 00 1 4682.440
2010 02 20 22 45 00 1 4682.429
2010 02 20 23 00 00 1 4682.425
2010 02 20 23 15 00 1 4682.418
2010 02 20 23 30 00 1 4682.415
2010 02 20 23 45 00 1 4682.415
2010 02 21 00 00 00 1 4682.417
2010 02 21 00 15 00 1 4682.426
2010 02 21 00 30 00 1 4682.435
2010 02 21 00 45 00 1 4682.445
2010 02 21 01 00 00 1 4682.461
2010 02 21 01 15 00 1 4682.478
2010 02 21 01 30 00 1 4682.495
2010 02 21 01 45 00 1 4682.515
2010 02 21 02 00 00 1 4682.537
2010 02 21 02 15 00 1 4682.561
2010 02 21 02 30 00 1 4682.592
2010 02 21 02 45 00 1 4682.621
2010 02 21 03 00 00 1 4682.652
2010 02 21 03 15 00 1 4682.680
2010 02 21 03 30 00 1 4682.710
2010 02 21 03 45 00 1 4682.737
2010 02 21 04 00 00 1 4682.764
2010 02 21 04 15 00 1 4682.788
2010 02 21 04 30 00 1 4682.809
2010 02 21 04 45 00 1 4682.831
2010 02 21 05 00 00 1 4682.853
2010 02 21 05 15 00 1 4682.872
2010 02 21 05 30 00 1 4682.888
2010 02 21 05 45 00 1 4682.904
2010 02 21 06 00 00 1 4682.917
2010 02 21 06 15 00 1 4682.930
2010 02 21 06 30 00 1 4682.941
2010 02 21 06 45 00 1 4682.948
2010 02 21 07 00 00 1 4682.949
2010 02 21 07 15 00 1 4682.949
2010 02 21 07 30 00 1 4682.942
2010 02 21 07 45 00 1 4682.940
2010 02 21 08 00 00 1 4682.935
2010 02 21 08 15 00 1 4682.926
2010 02 21 08 30 00 1 4682.917
2010 02 21 08 45 00 1 4682.903
2010 02 21 09 00 00 1 4682.889
2010 02 21 09 15 00 1 4682.876
2010 02 21 09 30 00 1 4682.858
2010 02 21 09 45 00 1 4682.843
2010 02 21 10 00 00 1 4682.828
2010 02 21 10 15 00 1 4682.809
2010 02 21 10 30 00 1 4682.792
2010 02 21 10 45 00 1 4682.776
2010 02 21 11 00 00 1 4682.762
2010 02 21 11 15 00 1 4682.746
2010 02 21 11 30 00 1 4682.728
2010 02 21 11 45 00 1 4682.712
2010 02 21 12 00 00 1 4682.697
2010 02 21 12 15 00 1 4682.682
2010 02 21 12 30 00 1 4682.670
2010 02 21 12 45 00 1 4682.665
2010 02 21 13 00 00 1 4682.659
2010 02 21 13 15 00 1 4682.652
2010 02 21 13 30 00 1 4682.649
2010 02 21 13 45 00 1 4682.647
2010 02 21 14 00 00 1 4682.646
2010 02 21 14 15 00 1 4682.644
2010 02 21 14 30 00 1 4682.644
2010 02 21 14 45 00 1 4682.643
2010 02 21 15 00 00 1 4682.643
2010 02 21 15 15 00 1 4682.644
2010 02 21 15 30 00 1 4682.648
2010 02 21 15 45 00 1 4682.653
2010 02 21 16 00 00 1 4682.655
2010 02 21 16 15 00 1 4682.659
2010 02 21 16 30 00 1 4682.663
2010 02 21 16 45 00 1 4682.668
2010 02 21 17 00 00 1 4682.672
2010 02 21 17 15 00 1 4682.676
2010 02 21 17 30 00 1 4682.676
2010 02 21 17 45 00 1 4682.676
2010 02 21 18 00 00 1 4682.676
2010 02 21 18 15 00 1 4682.671
2010 02 21 18 30 00 1 4682.667
2010 02 21 18 45 00 1 4682.663
2010 02 21 19 00 00 1 4682.658
2010 02 21 19 15 00 1 4682.654
2010 02 21 19 30 00 1 4682.647
2010 02 21 19 45 00 1 4682.637
2010 02 21 20 00 00 1 4682.624
2010 02 21 20 15 00 1 4682.608
2010 02 21 20 30 00 1 4682.594
2010 02 21 20 45 00 1 4682.582
2010 02 21 21 00 00 1 4682.566
2010 02 21 21 15 00 1 4682.549
2010 02 21 21 30 00 1 4682.532
2010 02 21 21 45 00 1 4682.515
2010 02 21 22 00 00 1 4682.500
2010 02 21 22 15 00 1 4682.486
2010 02 21 22 30 00 1 4682.473
2010 02 21 22 45 00 1 4682.459
2010 02 21 23 00 00 1 4682.451
2010 02 21 23 15 00 1 4682.440
2010 02 21 23 30 00 1 4682.430
2010 02 21 23 45 00 1 4682.424
2010 02 22 00 00 00 1 4682.421
2010 02 22 00 15 00 1 4682.416
2010 02 22 00 30 00 1 4682.414
2010 02 22 00 45 00 1 4682.414
2010 02 22 01 00 00 1 4682.417
2010 02 22 01 15 00 1 4682.422
2010 02 22 01 30 00 1 4682.433
2010 02 22 01 45 00 1 4682.447
2010 02 22 02 00 00 1 4682.459
2010 02 22 02 15 00 1 4682.476
2010 02 22 02 30 00 1 4682.495
2010 02 22 02 45 00 1 4682.518
2010 02 22 03 00 00 1 4682.540
2010 02 22 03 15 00 1 4682.567
2010 02 22 03 30 00 1 4682.592
2010 02 22 03 45 00 1 4682.619
2010 02 22 04 00 00 1 4682.645
2010 02 22 04 15 00 1 4682.672
2010 02 22 04 30 00 1 4682.698
2010 02 22 04 45 00 1 4682.728
2010 02 22 05 00 00 1 4682.754
2010 02 22 05 15 00 1 4682.778
2010 02 22 05 30 00 1 4682.803
2010 02 22 05 45 00 1 4682.826
2010 02 22 06 00 00 1 4682.849
2010 02 22 06 15 00 1 4682.873
2010 02 22 06 30 00 1 4682.893
2010 02 22 06 45 00 1 4682.910
2010 02 22 07 00 00 1 4682.926
2010 02 22 07 15 00 1 4682.941
2010 02 22 07 30 00 1 4682.952
2010 02 22 07 45 00 1 4682.961
2010 02 22 08 00 00 1 4682.967
2010 02 22 08 15 00 1 4682.971
2010 02 22 08 30 00 1 4682.973
2010 02 22 08 45 00 1 4682.973
2010 02 22 09 00 00 1 4682.970
2010 02 22 09 15 00 1 4682.966
2010 02 22 09 30 00 1 4682.956
2010 02 22 09 45 00 1 4682.949
2010 02 22 10 00 00 1 4682.937
2010 02 22 10 15 00 1 4682.925
2010 02 22 10 30 00 1 4682.912
2010 02 22 10 45 00 1 4682.896
2010 02 22 11 00 00 1 4682.879
2010 02 22 11 15 00 1 4682.859
2010 02 22 11 30 00 1 4682.838
2010 02 22 11 45 00 1 4682.816
2010 02 22 12 00 00 1 4682.800
2010 02 22 12 15 00 1 4682.780
2010 02 22 12 30 00 1 4682.760
2010 02 22 12 45 00 1 4682.744
2010 02 22 13 00 00 1 4682.725
2010 02 22 13 15 00 1 4682.707
2010 02 22 13 30 00 1 4682.693
2010 02 22 13 45 00 1 4682.678
2010 02 22 14 00 00 1 4682.667
2010 02 22 14 15 00 1 4682.656
2010 02 22 14 30 00 1 4682.646
2010 02 22 14 45 00 1 4682.636
2010 02 22 15 00 00 1 4682.628
2010 02 22 15 15 00 1 4682.620
2010 02 22 15 30 00 1 4682.612
2010 02 22 15 45 00 1 4682.609
2010 02 22 16 00 00 1 4682.606
2010 02 22 16 15 00 1 4682.603
2010 02 22 16 30 00 1 4682.601
2010 02 22 16 45 00 1 4682.601
2010 02 22 17 00 00 1 4682.606
2010 02 22 17 15 00 1 4682.607
2010 02 22 17 30 00 1 4682.608
2010 02 22 17 45 00 1 4682.610
2010 02 22 18 00 00 1 4682.613
2010 02 22 18 15 00 1 4682.613
2010 02 22 18 30 00 1 4682.613
2010 02 22 18 45 00 1 4682.618
2010 02 22 19 00 00 1 4682.621
2010 02 22 19 15 00 1 4682.621
2010 02 22 19 30 00 1 4682.623
2010 02 22 19 45 00 1 4682.625
2010 02 22 20 00 00 1 4682.625
2010 02 22 20 15 00 1 4682.622
2010 02 22 20 30 00 1 4682.616
2010 02 22 20 45 00 1 4682.609
2010 02 22 21 00 00 1 4682.599
2010 02 22 21 15 00 1 4682.589
2010 02 22 21 30 00 1 4682.581
2010 02 22 21 45 00 1 4682.569
2010 02 22 22 00 00 1 4682.556
2010 02 22 22 15 00 1 4682.544
2010 02 22 22 30 00 1 4682.534
2010 02 22 22 45 00 1 4682.519
2010 02 22 23 00 00 1 4682.504
2010 02 22 23 15 00 1 4682.493
2010 02 22 23 30 00 1 4682.481
2010 02 22 23 45 00 1 4682.469
2010 02 23 00 00 00 1 4682.456
2010 02 23 00 15 00 1 4682.447
2010 02 23 00 30 00 1 4682.439
2010 02 23 00 45 00 1 4682.431
2010 02 23 01 00 00 1 4682.426
2010 02 23 01 15 00 1 4682.419
2010 02 23 01 30 00 1 4682.415
2010 02 23 01 45 00 1 4682.415
2010 02 23 02 00 00 1 4682.422
2010 02 23 02 15 00 1 4682.426
2010 02 23 02 30 00 1 4682.434
2010 02 23 02 45 00 1 4682.443
2010 02 23 03 00 00 1 4682.457
2010 02 23 03 15 00 1 4682.472
2010 02 23 03 30 00 1 4682.490
2010 02 23 03 45 00 1 4682.509
2010 02 23 04 00 00 1 4682.528
2010 02 23 04 15 00 1 4682.550
2010 02 23 04 30 00 1 4682.572
2010 02 23 04 45 00 1 4682.595
2010 02 23 05 00 00 1 4682.624
2010 02 23 05 15 00 1 4682.650
2010 02 23 05 30 00 1 4682.684
2010 02 23 05 45 00 1 4682.715
2010 02 23 06 00 00 1 4682.743
2010 02 23 06 15 00 1 4682.772
2010 02 23 06 30 00 1 4682.803
2010 02 23 06 45 00 1 4682.832
2010 02 23 07 00 00 1 4682.859
2010 02 23 07 15 00 1 4682.884
2010 02 23 07 30 00 1 4682.911
2010 02 23 07 45 00 1 4682.931
2010 02 23 08 00 00 1 4682.953
2010 02 23 08 15 00 1 4682.970
2010 02 23 08 30 00 1 4682.986
2010 02 23 08 45 00 1 4683.000
2010 02 23 09 00 00 1 4683.009
2010 02 23 09 15 00 1 4683.018
2010 02 23 09 30 00 1 4683.022
2010 02 23 09 45 00 1 4683.025
2010 02 23 10 00 00 1 4683.026
2010 02 23 10 15 00 1 4683.020
2010 02 23 10 30 00 1 4683.016
2010 02 23 10 45 00 1 4683.005
2010 02 23 11 00 00 1 4682.993
2010 02 23 11 15 00 1 4682.976
2010 02 23 11 30 00 1 4682.955
2010 02 23 11 45 00 1 4682.936
2010 02 23 12 00 00 1 4682.914
2010 02 23 12 15 00 1 4682.892
2010 02 23 12 30 00 1 4682.869
2010 02 23 12 45 00 1 4682.841
2010 02 23 13 00 00 1 4682.818
2010 02 23 13 15 00 1 4682.794
2010 02 23 13 30 00 1 4682.767
2010 02 23 13 45 00 1 4682.744
2010 02 23 14 00 00 1 4682.720
2010 02 23 14 15 00 1 4682.693
2010 02 23 14 30 00 1 4682.671
2010 02 23 14 45 00 1 4682.649
2010 02 23 15 00 00 1 4682.629
2010 02 23 15 15 00 1 4682.610
2010 02 23 15 30 00 1 4682.593
2010 02 23 15 45 00 1 4682.577
2010 02 23 16 00 00 1 4682.564
2010 02 23 16 15 00 1 4682.552
2010 02 23 16 30 00 1 4682.544
2010 02 23 16 45 00 1 4682.540
2010 02 23 17 00 00 1 4682.538
2010 02 23 17 15 00 1 4682.539
2010 02 23 17 30 00 1 4682.538
2010 02 23 17 45 00 1 4682.539
2010 02 23 18 00 00 1 4682.540
2010 02 23 18 15 00 1 4682.543
2010 02 23 18 30 00 1 4682.547
2010 02 23 18 45 00 1 4682.553
2010 02 23 19 00 00 1 4682.557
2010 02 23 19 15 00 1 4682.561
2010 02 23 19 30 00 1 4682.566
2010 02 23 19 45 00 1 4682.573
2010 02 23 20 00 00 1 4682.583
2010 02 23 20 15 00 1 4682.590
2010 02 23 20 30 00 1 4682.595
2010 02 23 20 45 00 1 4682.597
2010 02 23 21 00 00 1 4682.595
2010 02 23 21 15 00 1 4682.595
2010 02 23 21 30 00 1 4682.595
2010 02 23 21 45 00 1 4682.596
2010 02 23 22 00 00 1 4682.590
2010 02 23 22 15 00 1 4682.588
2010 02 23 22 30 00 1 4682.582
2010 02 23 22 45 00 1 4682.577
2010 02 23 23 00 00 1 4682.568
2010 02 23 23 15 00 1 4682.553
2010 02 23 23 30 00 1 4682.542
2010 02 23 23 45 00 1 4682.529
2010 02 24 00 00 00 1 4682.514
2010 02 24 00 15 00 1 4682.502
2010 02 24 00 30 00 1 4682.486
2010 02 24 00 45 00 1 4682.474
2010 02 24 01 00 00 1 4682.460
2010 02 24 01 15 00 1 4682.445
2010 02 24 01 30 00 1 4682.434
2010 02 24 01 45 00 1 4682.424
2010 02 24 02 00 00 1 4682.415
2010 02 24 02 15 00 1 4682.407
2010 02 24 02 30 00 1 4682.402
2010 02 24 02 45 00 1 4682.398
2010 02 24 03 00 00 1 4682.399
2010 02 24 03 15 00 1 4682.401
2010 02 24 03 30 00 1 4682.406
2010 02 24 03 45 00 1 4682.412
2010 02 24 04 00 00 1 4682.420
2010 02 24 04 15 00 1 4682.431
2010 02 24 04 30 00 1 4682.448
2010 02 24 04 45 00 1 4682.465
2010 02 24 05 00 00 1 4682.484
2010 02 24 05 15 00 1 4682.510
2010 02 24 05 30 00 1 4682.535
2010 02 24 05 45 00 1 4682.563
2010 02 24 06 00 00 1 4682.596
2010 02 24 06 15 00 1 4682.630
2010 02 24 06 30 00 1 4682.663
2010 02 24 06 45 00 1 4682.697
2010 02 24 07 00 00 1 4682.734
2010 02 24 07 15 00 1 4682.768
2010 02 24 07 30 00 1 4682.801
2010 02 24 07 45 00 1 4682.834
2010 02 24 08 00 00 1 4682.867
2010 02 24 08 15 00 1 4682.896
2010 02 24 08 30 00 1 4682.926
2010 02 24 08 45 00 1 4682.954
2010 02 24 09 00 00 1 4682.979
2010 02 24 09 15 00 1 4683.004
2010 02 24 09 30 00 1 4683.022
2010 02 24 09 45 00 1 4683.039
2010 02 24 10 00 00 1 4683.053
2010 02 24 10 15 00 1 4683.064
2010 02 24 10 30 00 1 4683.072
2010 02 24 10 45 00 1 4683.078
2010 02 24 11 00 00 1 4683.076
2010 02 24 11 15 00 1 4683.071
2010 02 24 11 30 00 1 4683.060
2010 02 24 11 45 00 1 4683.046
2010 02 24 12 00 00 1 4683.029
2010 02 24 12 15 00 1 4683.011
2010 02 24 12 30 00 1 4682.990
2010 02 24 12 45 00 1 4682.965
2010 02 24 13 00 00 1 4682.938
2010 02 24 13 15 00 1 4682.912
2010 02 24 13 30 00 1 4682.884
2010 02 24 13 45 00 1 4682.852
2010 02 24 14 00 00 1 4682.822
2010 02 24 14 15 00 1 4682.791
2010 02 24 14 30 00 1 4682.757
2010 02 24 14 45 00 1 4682.725
2010 02 24 15 00 00 1 4682.694
2010 02 24 15 15 00 1 4682.664
2010 02 24 15 30 00 1 4682.634
2010 02 24 15 45 00 1 4682.608
2010 02 24 16 00 00 1 4682.582
2010 02 24 16 15 00 1 4682.557
2010 02 24 16 30 00 1 4682.537
2010 02 24 16 45 00 1 4682.524
2010 02 24 17 00 00 1 4682.512
2010 02 24 17 15 00 1 4682.500
2010 02 24 17 30 00 1 4682.491
2010 02 24 17 45 00 1 4682.487
2010 02 24 18 00 00 1 4682.486
2010 02 24 18 15 00 1 4682.487
2010 02 24 18 30 00 1 4682.488
2010 02 24 18 45 00 1 4682.494
2010 02 24 19 00 00 1 4682.503
2010 02 24 19 15 00 1 4682.515
2010 02 24 19 30 00 1 4682.525
2010 02 24 19 45 00 1 4682.535
2010 02 24 20 00 00 1 4682.549
2010 02 24 20 15 00 1 4682.563
2010 02 24 20 30 00 1 4682.576
2010 02 24 20 45 00 1 4682.588
2010 02 24 21 00 00 1 4682.598
2010 02 24 21 15 00 1 4682.608
2010 02 24 21 30 00 1 4682.617
2010 02 24 21 45 00 1 4682.620
2010 02 24 22 00 00 1 4682.625
2010 02 24 22 15 00 1 4682.631
2010 02 24 22 30 00 1 4682.632
2010 02 24 22 45 00 1 4682.633
2010 02 24 23 00 00 1 4682.630
2010 02 24 23 15 00 1 4682.625
2010 02 24 23 30 00 1 4682.616
2010 02 24 23 45 00 1 4682.607
2010 02 25 00 00 00 1 4682.596
2010 02 25 00 15 00 1 4682.580
2010 02 25 00 30 00 1 4682.567
2010 02 25 00 45 00 1 4682.550
2010 02 25 01 00 00 1 4682.532
2010 02 25 01 15 00 1 4682.513
2010 02 25 01 30 00 1 4682.492
2010 02 25 01 45 00 1 4682.477
2010 02 25 02 00 00 1 4682.459
2010 02 25 02 15 00 1 4682.444
2010 02 25 02 30 00 1 4682.424
2010 02 25 02 45 00 1 4682.406
2010 02 25 03 00 00 1 4682.394
2010 02 25 03 15 00 1 4682.380
2010 02 25 03 30 00 1 4682.370
2010 02 25 03 45 00 1 4682.364
2010 02 25 04 00 00 1 4682.361
2010 02 25 04 15 00 1 4682.358
2010 02 25 04 30 00 1 4682.360
2010 02 25 04 45 00 1 4682.364
2010 02 25 05 00 00 1 4682.374
2010 02 25 05 15 00 1 4682.387
2010 02 25 05 30 00 1 4682.401
2010 02 25 05 45 00 1 4682.423
2010 02 25 06 00 00 1 4682.448
2010 02 25 06 15 00 1 4682.480
2010 02 25 06 30 00 1 4682.512
2010 02 25 06 45 00 1 4682.545
2010 02 25 07 00 00 1 4682.580
2010 02 25 07 15 00 1 4682.620
2010 02 25 07 30 00 1 4682.660
2010 02 25 07 45 00 1 4682.704
2010 02 25 08 00 00 1 4682.746
2010 02 25 08 15 00 1 4682.787
2010 02 25 08 30 00 1 4682.825
2010 02 25 08 45 00 1 4682.866
2010 02 25 09 00 00 1 4682.904
2010 02 25 09 15 00 1 4682.939
2010 02 25 09 30 00 1 4682.974
2010 02 25 09 45 00 1 4683.007
2010 02 25 10 00 00 1 4683.037
2010 02 25 10 15 00 1 4683.065
2010 02 25 10 30 00 1 4683.089
2010 02 25 10 45 00 1 4683.109
2010 02 25 11 00 00 1 4683.121
2010 02 25 11 15 00 1 4683.129
2010 02 25 11 30 00 1 4683.131
2010 02 25 11 45 00 1 4683.132
2010 02 25 12 00 00 1 4683.130
2010 02 25 12 15 00 1 4683.122
2010 02 25 12 30 00 1 4683.109
2010 02 25 12 45 00 1 4683.090
2010 02 25 13 00 00 1 4683.068
2010 02 25 13 15 00 1 4683.041
2010 02 25 13 30 00 1 4683.012
2010 02 25 13 45 00 1 4682.981
2010 02 25 14 00 00 1 4682.949
2010 02 25 14 15 00 1 4682.913
2010 02 25 14 30 00 1 4682.877
2010 02 25 14 45 00 1 4682.840
2010 02 25 15 00 00 1 4682.801
2010 02 25 15 15 00 1 4682.757
2010 02 25 15 30 00 1 4682.713
2010 02 25 15 45 00 1 4682.673
2010 02 25 16 00 00 1 4682.637
2010 02 25 16 15 00 1 4682.603
2010 02 25 16 30 00 1 4682.577
2010 02 25 16 45 00 1 4682.551
2010 02 25 17 00 00 1 4682.526
2010 02 25 17 15 00 1 4682.501
2010 02 25 17 30 00 1 4682.484
2010 02 25 17 45 00 1 4682.467
2010 02 25 18 00 00 1 4682.454
2010 02 25 18 15 00 1 4682.447
2010 02 25 18 30 00 1 4682.442
2010 02 25 18 45 00 1 4682.444
2010 02 25 19 00 00 1 4682.445
2010 02 25 19 15 00 1 4682.450
2010 02 25 19 30 00 1 4682.460
2010 02 25 19 45 00 1 4682.474
2010 02 25 20 00 00 1 4682.490
2010 02 25 20 15 00 1 4682.510
2010 02 25 20 30 00 1 4682.527
2010 02 25 20 45 00 1 4682.543
2010 02 25 21 00 00 1 4682.557
2010 02 25 21 15 00 1 4682.576
2010 02 25 21 30 00 1 4682.595
2010 02 25 21 45 00 1 4682.612
2010 02 25 22 00 00 1 4682.627
2010 02 25 22 15 00 1 4682.645
2010 02 25 22 30 00 1 4682.660
2010 02 25 22 45 00 1 4682.672
2010 02 25 23 00 00 1 4682.678
2010 02 25 23 15 00 1 4682.684
2010 02 25 23 30 00 1 4682.690
2010 02 25 23 45 00 1 4682.692
2010 02 26 00 00 00 1 4682.690
2010 02 26 00 15 00 1 4682.688
2010 02 26 00 30 00 1 4682.678
2010 02 26 00 45 00 1 4682.664
2010 02 26 01 00 00 1 4682.648
2010 02 26 01 15 00 1 4682.632
2010 02 26 01 30 00 1 4682.610
2010 02 26 01 45 00 1 4682.587
2010 02 26 02 00 00 1 4682.563
2010 02 26 02 15 00 1 4682.541
2010 02 26 02 30 00 1 4682.518
2010 02 26 02 45 00 1 4682.491
2010 02 26 03 00 00 1 4682.466
2010 02 26 03 15 00 1 4682.446
2010 02 26 03 30 00 1 4682.426
2010 02 26 03 45 00 1 4682.404
2010 02 26 04 00 00 1 4682.381
2010 02 26 04 15 00 1 4682.361
2010 02 26 04 30 00 1 4682.346
2010 02 26 04 45 00 1 4682.339
2010 02 26 05 00 00 1 4682.334
2010 02 26 05 15 00 1 4682.331
2010 02 26 05 30 00 1 4682.335
2010 02 26 05 45 00 1 4682.342
2010 02 26 06 00 00 1 4682.355
2010 02 26 06 15 00 1 4682.373
2010 02 26 06 30 00 1 4682.389
2010 02 26 06 45 00 1 4682.414
2010 02 26 07 00 00 1 4682.445
2010 02 26 07 15 00 1 4682.477
2010 02 26 07 30 00 1 4682.512
2010 02 26 07 45 00 1 4682.550
2010 02 26 08 00 00 1 4682.592
2010 02 26 08 15 00 1 4682.633
2010 02 26 08 30 00 1 4682.681
2010 02 26 08 45 00 1 4682.726
2010 02 26 09 00 00 1 4682.772
2010 02 26 09 15 00 1 4682.819
2010 02 26 09 30 00 1 4682.863
2010 02 26 09 45 00 1 4682.903
2010 02 26 10 00 00 1 4682.947
2010 02 26 10 15 00 1 4682.987
2010 02 26 10 30 00 1 4683.025
2010 02 26 10 45 00 1 4683.060
2010 02 26 11 00 00 1 4683.085
2010 02 26 11 15 00 1 4683.111
2010 02 26 11 30 00 1 4683.134
2010 02 26 11 45 00 1 4683.150
2010 02 26 12 00 00 1 4683.162
2010 02 26 12 15 00 1 4683.166
2010 02 26 12 30 00 1 4683.167
2010 02 26 12 45 00 1 4683.160
2010 02 26 13 00 00 1 4683.152
2010 02 26 13 15 00 1 4683.136
2010 02 26 13 30 00 1 4683.117
2010 02 26 13 45 00 1 4683.096
2010 02 26 14 00 00 1 4683.068
2010 02 26 14 15 00 1 4683.033
2010 02 26 14 30 00 1 4682.995
2010 02 26 14 45 00 1 4682.954
2010 02 26 15 00 00 1 4682.910
2010 02 26 15 15 00 1 4682.864
2010 02 26 15 30 00 1 4682.818
2010 02 26 15 45 00 1 4682.774
2010 02 26 16 00 00 1 4682.732
2010 02 26 16 15 00 1 4682.687
2010 02 26 16 30 00 1 4682.646
2010 02 26 16 45 00 1 4682.607
2010 02 26 17 00 00 1 4682.572
2010 02 26 17 15 00 1 4682.542
2010 02 26 17 30 00 1 4682.510
2010 02 26 17 45 00 1 4682.483
2010 02 26 18 00 00 1 4682.458
2010 02 26 18 15 00 1 4682.440
2010 02 26 18 30 00 1 4682.426
2010 02 26 18 45 00 1 4682.415
2010 02 26 19 00 00 1 4682.410
2010 02 26 19 15 00 1 4682.407
2010 02 26 19 30 00 1 4682.410
2010 02 26 19 45 00 1 4682.418
2010 02 26 20 00 00 1 4682.430
2010 02 26 20 15 00 1 4682.444
2010 02 26 20 30 00 1 4682.463
2010 02 26 20 45 00 1 4682.482
2010 02 26 21 00 00 1 4682.503
2010 02 26 21 15 00 1 4682.526
2010 02 26 21 30 00 1 4682.552
2010 02 26 21 45 00 1 4682.576
2010 02 26 22 00 00 1 4682.597
2010 02 26 22 15 00 1 4682.623
2010 02 26 22 30 00 1 4682.647
2010 02 26 22 45 00 1 4682.673
2010 02 26 23 00 00 1 4682.693
2010 02 26 23 15 00 1 4682.716
2010 02 26 23 30 00 1 4682.738
2010 02 26 23 45 00 1 4682.754
2010 02 27 00 00 00 1 4682.762
2010 02 27 00 15 00 1 4682.774
2010 02 27 00 30 00 1 4682.778
2010 02 27 00 45 00 1 4682.776
2010 02 27 01 00 00 1 4682.773
2010 02 27 01 15 00 1 4682.764
2010 02 27 01 30 00 1 4682.750
2010 02 27 01 45 00 1 4682.734
2010 02 27 02 00 00 1 4682.713
2010 02 27 02 15 00 1 4682.691
2010 02 27 02 30 00 1 4682.665
2010 02 27 02 45 00 1 4682.639
2010 02 27 03 00 00 1 4682.612
2010 02 27 03 15 00 1 4682.583
2010 02 27 03 30 00 1 4682.554
2010 02 27 03 45 00 1 4682.522
2010 02 27 04 00 00 1 4682.492
2010 02 27 04 15 00 1 4682.461
2010 02 27 04 30 00 1 4682.435
2010 02 27 04 45 00 1 4682.411
2010 02 27 05 00 00 1 4682.385
2010 02 27 05 15 00 1 4682.364
2010 02 27 05 30 00 1 4682.348
2010 02 27 05 45 00 1 4682.337
2010 02 27 06 00 00 1 4682.329
2010 02 27 06 15 00 1 4682.330
2010 02 27 06 30 00 1 4682.337
2010 02 27 06 45 00 1 4682.344
2010 02 27 07 00 00 1 4682.357
2010 02 27 07 15 00 1 4682.377
2010 02 27 07 30 00 1 4682.399
2010 02 27 07 45 00 1 4682.430
2010 02 27 08 00 00 1 4682.461
2010 02 27 08 15 00 1 4682.500
2010 02 27 08 30 00 1 4682.527
2010 02 27 08 45 00 1 4682.576
2010 02 27 09 00 00 1 4682.625
2010 02 27 09 15 00 1 4682.667
2010 02 27 09 30 00 1 4682.720
2010 02 27 09 45 00 1 4682.773
2010 02 27 10 00 00 1 4682.823
2010 02 27 10 15 00 1 4682.869
2010 02 27 10 30 00 1 4682.919
2010 02 27 10 45 00 1 4682.963
2010 02 27 11 00 00 1 4683.006
2010 02 27 11 15 00 1 4683.045
2010 02 27 11 30 00 1 4683.080
2010 02 27 11 45 00 1 4683.108
2010 02 27 12 00 00 1 4683.134
2010 02 27 12 15 00 1 4683.153
2010 02 27 12 30 00 1 4683.169
2010 02 27 12 45 00 1 4683.181
2010 02 27 13 00 00 1 4683.181
2010 02 27 13 15 00 1 4683.182
2010 02 27 13 30 00 1 4683.178
2010 02 27 13 45 00 1 4683.163
2010 02 27 14 00 00 1 4683.147
2010 02 27 14 15 00 1 4683.127
2010 02 27 14 30 00 1 4683.100
2010 02 27 14 45 00 1 4683.066
2010 02 27 15 00 00 1 4683.023
2010 02 27 15 15 00 1 4682.978
2010 02 27 15 30 00 1 4682.927
2010 02 27 15 45 00 1 4682.884
2010 02 27 16 00 00 1 4682.834
2010 02 27 16 15 00 1 4682.785
2010 02 27 16 30 00 1 4682.738
2010 02 27 16 45 00 1 4682.692
2010 02 27 17 00 00 1 4682.650
2010 02 27 17 15 00 1 4682.606
2010 02 27 17 30 00 1 4682.564
2010 02 27 17 45 00 1 4682.526
2010 02 27 18 00 00 1 4682.490
2010 02 27 18 15 00 1 9999.000
2010 02 27 18 30 00 1 9999.000
2010 02 27 18 45 00 1 9999.000
2010 02 27 19 00 00 1 9999.000
2010 02 27 19 15 00 1 9999.000
2010 02 27 19 30 00 1 9999.000
2010 02 27 19 45 00 1 9999.000
2010 02 27 20 00 00 1 9999.000
2010 02 27 20 15 00 1 9999.000
2010 02 27 20 30 00 1 9999.000
2010 02 27 20 45 00 1 9999.000
2010 02 27 21 00 00 1 9999.000
2010 02 27 21 15 00 1 9999.000
2010 02 27 21 30 00 1 9999.000
2010 02 27 21 45 00 1 9999.000
2010 02 27 22 00 00 1 9999.000
2010 02 27 22 15 00 1 9999.000
2010 02 27 22 30 00 1 9999.000
2010 02 27 22 45 00 1 9999.000
2010 02 27 23 00 00 1 9999.000
2010 02 27 23 15 00 1 9999.000
2010 02 27 23 30 00 1 9999.000
2010 02 27 23 45 00 1 9999.000
2010 02 28 00 00 00 1 9999.000
2010 02 28 00 15 00 1 9999.000
2010 02 28 00 30 00 1 9999.000
2010 02 28 00 45 00 1 9999.000
2010 02 28 01 00 00 1 9999.000
2010 02 28 01 15 00 1 9999.000
2010 02 28 01 30 00 1 9999.000
2010 02 28 01 45 00 1 9999.000
2010 02 28 02 00 00 1 9999.000
2010 02 28 02 15 00 1 9999.000
2010 02 28 02 30 00 1 9999.000
2010 02 28 02 45 00 1 9999.000
2010 02 28 03 00 00 1 9999.000
2010 02 28 03 15 00 1 9999.000
2010 02 28 03 30 00 1 9999.000
2010 02 28 03 45 00 1 9999.000
2010 02 28 04 00 00 1 9999.000
2010 02 28 04 15 00 1 9999.000
2010 02 28 04 30 00 1 9999.000
2010 02 28 04 45 00 1 9999.000
2010 02 28 05 00 00 1 9999.000
2010 02 28 05 15 00 1 9999.000
2010 02 28 05 30 00 1 9999.000
2010 02 28 05 45 00 1 4682.430
2010 02 28 06 00 00 1 9999.000
2010 02 28 06 15 00 1 4682.368
2010 02 28 06 30 00 1 9999.000
2010 02 28 06 45 00 1 4682.330
2010 02 28 07 00 00 1 9999.000
2010 02 28 07 15 00 1 4682.351
2010 02 28 07 30 00 1 9999.000
2010 02 28 07 45 00 1 4682.369
2010 02 28 08 00 00 1 9999.000
2010 02 28 08 15 00 1 4682.408
2010 02 28 08 30 00 1 9999.000
2010 02 28 08 45 00 1 4682.440
2010 02 28 09 00 00 1 4682.476
2010 02 28 09 15 00 1 4682.532
2010 02 28 09 30 00 1 4682.560
2010 02 28 09 45 00 1 4682.602
2010 02 28 10 00 00 1 4682.661
2010 02 28 10 15 00 1 4682.717
2010 02 28 10 30 00 1 4682.773
2010 02 28 10 45 00 1 4682.824
2010 02 28 11 00 00 1 4682.862
2010 02 28 11 15 00 1 4682.892
2010 02 28 11 30 00 1 4682.940
2010 02 28 11 45 00 1 4682.995
2010 02 28 12 00 00 1 4683.040
2010 02 28 12 15 00 1 4683.066
2010 02 28 12 30 00 1 4683.099
2010 02 28 12 45 00 1 4683.108
2010 02 28 13 00 00 1 4683.119
2010 02 28 13 15 00 1 4683.111
2010 02 28 13 30 00 1 4683.183
2010 02 28 13 45 00 1 4683.176
2010 02 28 14 00 00 1 4683.140
2010 02 28 14 15 00 1 4683.133
2010 02 28 14 30 00 1 4683.157
2010 02 28 14 45 00 1 4683.081
2010 02 28 15 00 00 1 4683.084
2010 02 28 15 15 00 1 9999.000
2010 02 28 15 30 00 1 9999.000
2010 02 28 15 45 00 1 9999.000
2010 02 28 16 00 00 1 9999.000
2010 02 28 16 15 00 1 9999.000
2010 02 28 16 15 45 3 4682.876
2010 02 28 16 16 00 3 4682.878
2010 02 28 16 16 15 3 4682.880
2010 02 28 16 16 30 3 4682.881
2010 02 28 16 30 00 1 9999.000
2010 02 28 16 45 00 1 4682.810
2010 02 28 17 00 00 1 9999.000
2010 02 28 17 15 00 1 4682.688
2010 02 28 17 30 00 1 9999.000
2010 02 28 17 45 00 1 4682.565
2010 02 28 18 00 00 1 9999.000
2010 02 28 18 15 00 1 4682.516
2010 02 28 18 30 00 1 9999.000
2010 02 28 18 45 00 1 4682.453
2010 02 28 19 00 00 1 9999.000
2010 02 28 19 15 00 1 4682.373
2010 02 28 19 30 00 1 9999.000
2010 02 28 19 45 00 1 4682.347
2010 02 28 20 00 00 1 4682.331
2010 02 28 20 15 00 1 4682.341
2010 02 28 20 30 00 1 4682.352
2010 02 28 20 45 00 1 4682.353
2010 02 28 21 00 00 1 4682.367
2010 02 28 21 15 00 1 4682.383
2010 02 28 21 30 00 1 4682.387
2010 02 28 21 45 00 1 4682.432
2010 02 28 22 00 00 1 4682.461
2010 02 28 22 15 00 1 4682.486
2010 02 28 22 30 00 1 4682.530
2010 02 28 22 45 00 1 4682.568
2010 02 28 23 00 00 1 4682.601
2010 02 28 23 15 00 1 9999.000
2010 02 28 23 30 00 1 9999.000
2010 02 28 23 45 00 1 9999.000
2010 03 01 00 00 00 1 9999.000
2010 03 01 00 15 00 1 9999.000
2010 03 01 00 30 00 1 9999.000
2010 03 01 00 45 00 1 9999.000
2010 03 01 01 00 00 1 9999.000
2010 03 01 01 15 00 1 9999.000
2010 03 01 01 30 00 1 9999.000
2010 03 01 01 45 00 1 9999.000
2010 03 01 02 00 00 1 9999.000
2010 03 01 02 15 00 1 9999.000
2010 03 01 02 30 00 1 9999.000
2010 03 01 02 45 00 1 9999.000
2010 03 01 03 00 00 1 9999.000
2010 03 01 03 15 00 1 9999.000
2010 03 01 03 30 00 1 9999.000
2010 03 01 03 45 00 1 9999.000
2010 03 01 04 00 00 1 9999.000
2010 03 01 04 15 00 1 4682.769
2010 03 01 04 30 00 1 4682.755
2010 03 01 04 45 00 1 4682.688
2010 03 01 05 00 00 1 4682.673
2010 03 01 05 15 00 1 4682.632
2010 03 01 05 30 00 1 4682.580
2010 03 01 05 45 00 1 4682.554
2010 03 01 06 00 00 1 4682.524
2010 03 01 06 15 00 1 9999.000
2010 03 01 06 30 00 1 9999.000
2010 03 01 06 45 00 1 9999.000
2010 03 01 07 00 00 1 9999.000
2010 03 01 07 15 00 1 9999.000
2010 03 01 07 30 00 1 9999.000
2010 03 01 07 45 00 1 9999.000
2010 03 01 08 00 00 1 9999.000
2010 03 01 08 15 00 1 9999.000
2010 03 01 08 30 00 1 9999.000
2010 03 01 08 45 00 1 9999.000
2010 03 01 09 00 00 1 9999.000
2010 03 01 09 15 00 1 9999.000
2010 03 01 09 30 00 1 9999.000
2010 03 01 09 45 00 1 9999.000
2010 03 01 10 00 00 1 9999.000
2010 03 01 10 15 00 1 9999.000
2010 03 01 10 30 00 1 9999.000
2010 03 01 10 45 00 1 9999.000
2010 03 01 11 00 00 1 9999.000
2010 03 01 11 15 00 1 9999.000
2010 03 01 11 30 00 1 9999.000
2010 03 01 11 45 00 1 9999.000
2010 03 01 12 00 00 1 9999.000
2010 03 01 12 15 00 1 9999.000
2010 03 01 12 30 00 1 9999.000
2010 03 01 12 45 00 1 9999.000
2010 03 01 13 00 00 1 9999.000
2010 03 01 13 15 00 1 9999.000
2010 03 01 13 30 00 1 9999.000
2010 03 01 13 45 00 1 9999.000
2010 03 01 14 00 00 1 9999.000
2010 03 01 14 15 00 1 9999.000
2010 03 01 14 30 00 1 9999.000
2010 03 01 14 45 00 1 9999.000
2010 03 01 15 00 00 1 9999.000
2010 03 01 15 15 00 1 9999.000
2010 03 01 15 30 00 1 9999.000
2010 03 01 15 45 00 1 9999.000
2010 03 01 16 00 00 1 9999.000
2010 03 01 16 15 00 1 9999.000
2010 03 01 16 30 00 1 9999.000
2010 03 01 16 45 00 1 9999.000
2010 03 01 17 00 00 1 9999.000
2010 03 01 17 15 00 1 9999.000
2010 03 01 17 30 00 1 9999.000
2010 03 01 17 45 00 1 9999.000
2010 03 01 18 00 00 1 9999.000
2010 03 01 18 15 00 1 9999.000
2010 03 01 18 30 00 1 9999.000
2010 03 01 18 45 00 1 9999.000
2010 03 01 19 00 00 1 9999.000
2010 03 01 19 15 00 1 9999.000
2010 03 01 19 30 00 1 9999.000
2010 03 01 19 45 00 1 9999.000
2010 03 01 20 00 00 1 9999.000
2010 03 01 20 15 00 1 9999.000
2010 03 01 20 30 00 1 9999.000
2010 03 01 20 45 00 1 9999.000
2010 03 01 21 00 00 1 9999.000
2010 03 01 21 15 00 1 4682.317
2010 03 01 21 30 00 1 4682.335
2010 03 01 21 45 00 1 4682.342
2010 03 01 22 00 00 1 4682.377
2010 03 01 22 15 00 1 4682.407
2010 03 01 22 30 00 1 4682.432
2010 03 01 22 45 00 1 4682.460
2010 03 01 23 00 00 1 4682.492
2010 03 01 23 15 00 1 4682.529
2010 03 01 23 30 00 1 4682.576
2010 03 01 23 45 00 1 4682.629
2010 03 02 00 00 00 1 4682.670
2010 03 02 00 15 00 1 4682.711
2010 03 02 00 30 00 1 4682.749
2010 03 02 00 45 00 1 4682.780
2010 03 02 01 00 00 1 4682.813
2010 03 02 01 15 00 1 4682.854
2010 03 02 01 30 00 1 4682.889
2010 03 02 01 45 00 1 4682.911
2010 03 02 02 00 00 1 4682.923
2010 03 02 02 15 00 1 4682.948
2010 03 02 02 30 00 1 4682.968
2010 03 02 02 45 00 1 4682.968
2010 03 02 03 00 00 1 4682.967
2010 03 02 03 15 00 1 9999.000
2010 03 02 03 30 00 1 9999.000
2010 03 02 03 45 00 1 9999.000
2010 03 02 04 00 00 1 9999.000
2010 03 02 04 15 00 1 4682.926
2010 03 02 04 30 00 1 4682.891
2010 03 02 04 45 00 1 4682.869
2010 03 02 05 00 00 1 4682.829
2010 03 02 05 15 00 1 9999.000
2010 03 02 05 30 00 1 9999.000
2010 03 02 05 45 00 1 9999.000
2010 03 02 06 00 00 1 9999.000
2010 03 02 06 15 00 1 9999.000
2010 03 02 06 30 00 1 9999.000
2010 03 02 06 45 00 1 9999.000
2010 03 02 07 00 00 1 9999.000
2010 03 02 07 15 00 1 9999.000
2010 03 02 07 30 00 1 9999.000
2010 03 02 07 45 00 1 9999.000
2010 03 02 08 00 00 1 9999.000
2010 03 02 08 15 00 1 9999.000
2010 03 02 08 30 00 1 9999.000
2010 03 02 08 45 00 1 9999.000
2010 03 02 09 00 00 1 9999.000
2010 03 02 09 15 00 1 9999.000
2010 03 02 09 30 00 1 9999.000
2010 03 02 09 45 00 1 9999.000
2010 03 02 10 00 00 1 9999.000
2010 03 02 10 15 00 1 9999.000
2010 03 02 10 30 00 1 9999.000
2010 03 02 10 45 00 1 9999.000
2010 03 02 11 00 00 1 9999.000
2010 03 02 11 15 00 1 4682.612
2010 03 02 11 30 00 1 4682.647
2010 03 02 11 45 00 1 4682.679
2010 03 02 12 00 00 1 4682.723
2010 03 02 12 15 00 1 4682.759
2010 03 02 12 30 00 1 4682.795
2010 03 02 12 45 00 1 4682.834
2010 03 02 13 00 00 1 4682.877
2010 03 02 13 15 00 1 9999.000
2010 03 02 13 30 00 1 9999.000
2010 03 02 13 45 00 1 9999.000
2010 03 02 14 00 00 1 9999.000
2010 03 02 14 15 00 1 9999.000
2010 03 02 14 30 00 1 9999.000
2010 03 02 14 45 00 1 9999.000
2010 03 02 15 00 00 1 9999.000
2010 03 02 15 15 00 1 9999.000
2010 03 02 15 30 00 1 9999.000
2010 03 02 15 45 00 1 9999.000
2010 03 02 16 00 00 1 9999.000
2010 03 02 16 15 00 1 9999.000
2010 03 02 16 30 00 1 9999.000
2010 03 02 16 45 00 1 9999.000
2010 03 02 17 00 00 1 9999.000
2010 03 02 17 15 00 1 9999.000
2010 03 02 17 30 00 1 9999.000
2010 03 02 17 45 00 1 9999.000
2010 03 02 18 00 00 1 9999.000
2010 03 02 18 15 00 1 9999.000
2010 03 02 18 30 00 1 9999.000
2010 03 02 18 45 00 1 9999.000
2010 03 02 19 00 00 1 9999.000
2010 03 02 19 15 00 1 9999.000
2010 03 02 19 30 00 1 9999.000
2010 03 02 19 45 00 1 9999.000
2010 03 02 20 00 00 1 9999.000
2010 03 02 20 15 00 1 9999.000
2010 03 02 20 30 00 1 9999.000
2010 03 02 20 45 00 1 9999.000
2010 03 02 21 00 00 1 9999.000
2010 03 02 21 15 00 1 4682.319
2010 03 02 21 30 00 1 4682.324
2010 03 02 21 45 00 1 4682.330
2010 03 02 22 00 00 1 4682.336
2010 03 02 22 15 00 1 9999.000
2010 03 02 22 30 00 1 9999.000
2010 03 02 22 45 00 1 9999.000
2010 03 02 23 00 00 1 9999.000
2010 03 02 23 15 00 1 9999.000
2010 03 02 23 30 00 1 9999.000
2010 03 02 23 45 00 1 9999.000
2010 03 03 00 00 00 1 9999.000
2010 03 03 00 15 00 1 9999.000
2010 03 03 00 30 00 1 9999.000
2010 03 03 00 45 00 1 9999.000
2010 03 03 01 00 00 1 9999.000
2010 03 03 01 15 00 1 9999.000
2010 03 03 01 30 00 1 9999.000
2010 03 03 01 45 00 1 9999.000
2010 03 03 02 00 00 1 9999.000
2010 03 03 02 15 00 1 9999.000
2010 03 03 02 30 00 1 9999.000
2010 03 03 02 45 00 1 9999.000
2010 03 03 03 00 00 1 9999.000
2010 03 03 03 15 00 1 9999.000
2010 03 03 03 30 00 1 9999.000
2010 03 03 03 45 00 1 9999.000
2010 03 03 04 00 00 1 9999.000
2010 03 03 04 15 00 1 9999.000
2010 03 03 04 30 00 1 9999.000
2010 03 03 04 45 00 1 9999.000
2010 03 03 05 00 00 1 9999.000
2010 03 03 05 15 00 1 9999.000
2010 03 03 05 30 00 1 9999.000
2010 03 03 05 45 00 1 9999.000
2010 03 03 06 00 00 1 9999.000
2010 03 03 06 15 00 1 9999.000
2010 03 03 06 30 00 1 9999.000
2010 03 03 06 45 00 1 9999.000
2010 03 03 07 00 00 1 9999.000
2010 03 03 07 15 00 1 4682.673
2010 03 03 07 30 00 1 4682.641
2010 03 03 07 45 00 1 4682.603
2010 03 03 08 00 00 1 4682.574
2010 03 03 08 15 00 1 9999.000
2010 03 03 08 30 00 1 9999.000
2010 03 03 08 45 00 1 9999.000
2010 03 03 09 00 00 1 9999.000
2010 03 03 09 15 00 1 9999.000
2010 03 03 09 30 00 1 9999.000
2010 03 03 09 45 00 1 9999.000
2010 03 03 10 00 00 1 9999.000
2010 03 03 10 15 00 1 9999.000
2010 03 03 10 30 00 1 9999.000
2010 03 03 10 45 00 1 9999.000
2010 03 03 11 00 00 1 9999.000
2010 03 03 11 15 00 1 4682.534
2010 03 03 11 30 00 1 4682.560
2010 03 03 11 45 00 1 4682.578
2010 03 03 12 00 00 1 4682.612
2010 03 03 12 15 00 1 9999.000
2010 03 03 12 30 00 1 9999.000
2010 03 03 12 45 00 1 9999.000
2010 03 03 13 00 00 1 9999.000
2010 03 03 13 15 00 1 9999.000
2010 03 03 13 30 00 1 9999.000
2010 03 03 13 45 00 1 9999.000
2010 03 03 14 00 00 1 9999.000
2010 03 03 14 15 00 1 9999.000
2010 03 03 14 30 00 1 9999.000
2010 03 03 14 45 00 1 9999.000
2010 03 03 15 00 00 1 9999.000
2010 03 03 15 15 00 1 9999.000
2010 03 03 15 30 00 1 9999.000
2010 03 03 15 45 00 1 9999.000
2010 03 03 16 00 00 1 9999.000
2010 03 03 16 15 00 1 9999.000
2010 03 03 16 30 00 1 9999.000
2010 03 03 16 45 00 1 9999.000
2010 03 03 17 00 00 1 9999.000
2010 03 03 17 15 00 1 9999.000
2010 03 03 17 30 00 1 9999.000
2010 03 03 17 45 00 1 9999.000
2010 03 03 18 00 00 1 9999.000
2010 03 03 18 15 00 1 4682.680
2010 03 03 18 30 00 1 4682.643
2010 03 03 18 45 00 1 4682.604
2010 03 03 19 00 00 1 4682.573
2010 03 03 19 15 00 1 4682.535
2010 03 03 19 30 00 1 4682.500
2010 03 03 19 45 00 1 4682.465
2010 03 03 20 00 00 1 4682.435
2010 03 03 20 15 00 1 4682.414
2010 03 03 20 30 00 1 4682.389
2010 03 03 20 45 00 1 4682.363
2010 03 03 21 00 00 1 4682.349
2010 03 03 21 15 00 1 4682.337
2010 03 03 21 30 00 1 4682.329
2010 03 03 21 45 00 1 4682.322
2010 03 03 22 00 00 1 4682.318
2010 03 03 22 15 00 1 4682.322
2010 03 03 22 30 00 1 4682.334
2010 03 03 22 45 00 1 4682.352
2010 03 03 23 00 00 1 4682.373
2010 03 03 23 15 00 1 4682.397
2010 03 03 23 30 00 1 4682.426
2010 03 03 23 45 00 1 4682.461
2010 03 04 00 00 00 1 4682.495
2010 03 04 00 15 00 1 4682.531
2010 03 04 00 30 00 1 4682.573
2010 03 04 00 45 00 1 4682.621
2010 03 04 01 00 00 1 4682.665
2010 03 04 01 15 00 1 4682.699
2010 03 04 01 30 00 1 4682.735
2010 03 04 01 45 00 1 4682.766
2010 03 04 02 00 00 1 4682.802
2010 03 04 02 15 00 1 4682.846
2010 03 04 02 30 00 1 4682.884
2010 03 04 02 45 00 1 4682.917
2010 03 04 03 00 00 1 4682.946
2010 03 04 03 15 00 1 4682.968
2010 03 04 03 30 00 1 4682.995
2010 03 04 03 45 00 1 4683.010
2010 03 04 04 00 00 1 4683.017
2010 03 04 04 15 00 1 4683.023
2010 03 04 04 30 00 1 4683.022
2010 03 04 04 45 00 1 4683.017
2010 03 04 05 00 00 1 4683.007
2010 03 04 05 15 00 1 4682.994
2010 03 04 05 30 00 1 4682.983
2010 03 04 05 45 00 1 4682.970
2010 03 04 06 00 00 1 4682.947
2010 03 04 06 15 00 1 4682.920
2010 03 04 06 30 00 1 4682.895
2010 03 04 06 45 00 1 4682.866
2010 03 04 07 00 00 1 4682.837
2010 03 04 07 15 00 1 4682.807
2010 03 04 07 30 00 1 4682.777
2010 03 04 07 45 00 1 4682.741
2010 03 04 08 00 00 1 4682.707
2010 03 04 08 15 00 1 4682.673
2010 03 04 08 30 00 1 4682.641
2010 03 04 08 45 00 1 4682.617
2010 03 04 09 00 00 1 4682.591
2010 03 04 09 15 00 1 4682.570
2010 03 04 09 30 00 1 4682.554
2010 03 04 09 45 00 1 4682.536
2010 03 04 10 00 00 1 4682.525
2010 03 04 10 15 00 1 4682.519
2010 03 04 10 30 00 1 4682.512
2010 03 04 10 45 00 1 4682.511
2010 03 04 11 00 00 1 4682.510
2010 03 04 11 15 00 1 4682.518
2010 03 04 11 30 00 1 4682.534
2010 03 04 11 45 00 1 4682.545
2010 03 04 12 00 00 1 4682.554
2010 03 04 12 15 00 1 4682.567
2010 03 04 12 30 00 1 4682.584
2010 03 04 12 45 00 1 4682.606
2010 03 04 13 00 00 1 4682.629
2010 03 04 13 15 00 1 4682.657
2010 03 04 13 30 00 1 4682.680
2010 03 04 13 45 00 1 4682.696
2010 03 04 14 00 00 1 4682.717
2010 03 04 14 15 00 1 4682.737
2010 03 04 14 30 00 1 4682.757
2010 03 04 14 45 00 1 4682.772
2010 03 04 15 00 00 1 4682.783
2010 03 04 15 15 00 1 4682.796
2010 03 04 15 30 00 1 4682.798
2010 03 04 15 45 00 1 4682.800
2010 03 04 16 00 00 1 4682.805
2010 03 04 16 15 00 1 4682.802
2010 03 04 16 30 00 1 4682.794
2010 03 04 16 45 00 1 4682.790
2010 03 04 17 00 00 1 4682.777
2010 03 04 17 15 00 1 4682.764
2010 03 04 17 30 00 1 4682.748
2010 03 04 17 45 00 1 4682.730
2010 03 04 18 00 00 1 4682.705
2010 03 04 18 15 00 1 4682.683
2010 03 04 18 30 00 1 4682.659
2010 03 04 18 45 00 1 4682.633
2010 03 04 19 00 00 1 4682.604
2010 03 04 19 15 00 1 4682.578
2010 03 04 19 30 00 1 4682.547
2010 03 04 19 45 00 1 4682.513
2010 03 04 20 00 00 1 4682.486
2010 03 04 20 15 00 1 4682.463
2010 03 04 20 30 00 1 4682.442
2010 03 04 20 45 00 1 4682.424
2010 03 04 21 00 00 1 4682.405
2010 03 04 21 15 00 1 4682.383
2010 03 04 21 30 00 1 4682.368
2010 03 04 21 45 00 1 4682.359
2010 03 04 22 00 00 1 4682.354
2010 03 04 22 15 00 1 4682.350
2010 03 04 22 30 00 1 4682.352
2010 03 04 22 45 00 1 4682.356
2010 03 04 23 00 00 1 4682.360
2010 03 04 23 15 00 1 4682.374
2010 03 04 23 30 00 1 4682.392
2010 03 04 23 45 00 1 4682.418
2010 03 05 00 00 00 1 4682.440
2010 03 05 00 15 00 1 4682.467
2010 03 05 00 30 00 1 4682.504
2010 03 05 00 45 00 1 4682.539
2010 03 05 01 00 00 1 4682.570
2010 03 05 01 15 00 1 4682.605
2010 03 05 01 30 00 1 4682.643
2010 03 05 01 45 00 1 4682.675
2010 03 05 02 00 00 1 4682.706
2010 03 05 02 15 00 1 4682.741
2010 03 05 02 30 00 1 4682.777
2010 03 05 02 45 00 1 4682.810
2010 03 05 03 00 00 1 4682.846
2010 03 05 03 15 00 1 4682.873
2010 03 05 03 30 00 1 4682.901
2010 03 05 03 45 00 1 4682.929
2010 03 05 04 00 00 1 4682.953
2010 03 05 04 15 00 1 4682.970
2010 03 05 04 30 00 1 4682.983
2010 03 05 04 45 00 1 4682.991
2010 03 05 05 00 00 1 4682.999
2010 03 05 05 15 00 1 4683.003
2010 03 05 05 30 00 1 4683.001
2010 03 05 05 45 00 1 4682.997
2010 03 05 06 00 00 1 4682.985
2010 03 05 06 15 00 1 4682.977
2010 03 05 06 30 00 1 4682.969
2010 03 05 06 45 00 1 4682.956
2010 03 05 07 00 00 1 4682.934
2010 03 05 07 15 00 1 4682.912
2010 03 05 07 30 00 1 4682.890
2010 03 05 07 45 00 1 4682.863
2010 03 05 08 00 00 1 4682.836
2010 03 05 08 15 00 1 4682.811
2010 03 05 08 30 00 1 4682.784
2010 03 05 08 45 00 1 4682.756
2010 03 05 09 00 00 1 4682.725
2010 03 05 09 15 00 1 4682.700
2010 03 05 09 30 00 1 4682.676
2010 03 05 09 45 00 1 4682.654
2010 03 05 10 00 00 1 4682.635
2010 03 05 10 15 00 1 4682.618
2010 03 05 10 30 00 1 4682.599
2010 03 05 10 45 00 1 4682.586
2010 03 05 11 00 00 1 4682.573
2010 03 05 11 15 00 1 4682.568
2010 03 05 11 30 00 1 4682.566
2010 03 05 11 45 00 1 4682.561
2010 03 05 12 00 00 1 4682.554
2010 03 05 12 15 00 1 4682.553
2010 03 05 12 30 00 1 4682.560
2010 03 05 12 45 00 1 4682.571
2010 03 05 13 00 00 1 4682.584
2010 03 05 13 15 00 1 4682.598
2010 03 05 13 30 00 1 4682.608
2010 03 05 13 45 00 1 4682.623
2010 03 05 14 00 00 1 4682.634
2010 03 05 14 15 00 1 4682.650
2010 03 05 14 30 00 1 4682.662
2010 03 05 14 45 00 1 4682.677
2010 03 05 15 00 00 1 4682.685
2010 03 05 15 15 00 1 4682.696
2010 03 05 15 30 00 1 4682.707
2010 03 05 15 45 00 1 4682.714
2010 03 05 16 00 00 1 4682.720
2010 03 05 16 15 00 1 4682.724
2010 03 05 16 30 00 1 4682.729
2010 03 05 16 45 00 1 4682.728
2010 03 05 17 00 00 1 4682.725
2010 03 05 17 15 00 1 4682.721
2010 03 05 17 30 00 1 4682.716
2010 03 05 17 45 00 1 4682.710
2010 03 05 18 00 00 1 4682.697
2010 03 05 18 15 00 1 4682.683
2010 03 05 18 30 00 1 4682.668
2010 03 05 18 45 00 1 4682.652
2010 03 05 19 00 00 1 4682.634
2010 03 05 19 15 00 1 4682.616
2010 03 05 19 30 00 1 4682.596
2010 03 05 19 45 00 1 4682.579
2010 03 05 20 00 00 1 4682.560
2010 03 05 20 15 00 1 4682.537
2010 03 05 20 30 00 1 4682.511
2010 03 05 20 45 00 1 4682.492
2010 03 05 21 00 00 1 4682.473
2010 03 05 21 15 00 1 4682.456
2010 03 05 21 30 00 1 4682.444
2010 03 05 21 45 00 1 4682.427
2010 03 05 22 00 00 1 4682.415
2010 03 05 22 15 00 1 4682.399
2010 03 05 22 30 00 1 4682.393
2010 03 05 22 45 00 1 4682.388
2010 03 05 23 00 00 1 4682.389
2010 03 05 23 15 00 1 4682.395
2010 03 05 23 30 00 1 4682.401
2010 03 05 23 45 00 1 4682.414
2010 03 06 00 00 00 1 4682.423
2010 03 06 00 15 00 1 4682.438
2010 03 06 00 30 00 1 4682.463
2010 03 06 00 45 00 1 4682.484
2010 03 06 01 00 00 1 4682.510
2010 03 06 01 15 00 1 4682.534
2010 03 06 01 30 00 1 4682.558
2010 03 06 01 45 00 1 4682.585
2010 03 06 02 00 00 1 4682.615
2010 03 06 02 15 00 1 4682.650
2010 03 06 02 30 00 1 4682.684
2010 03 06 02 45 00 1 4682.717
2010 03 06 03 00 00 1 4682.745
2010 03 06 03 15 00 1 4682.774
2010 03 06 03 30 00 1 4682.799
2010 03 06 03 45 00 1 4682.833
2010 03 06 04 00 00 1 4682.858
2010 03 06 04 15 00 1 4682.881
2010 03 06 04 30 00 1 4682.903
2010 03 06 04 45 00 1 4682.922
2010 03 06 05 00 00 1 4682.934
2010 03 06 05 15 00 1 4682.950
2010 03 06 05 30 00 1 4682.969
2010 03 06 05 45 00 1 4682.978
2010 03 06 06 00 00 1 4682.982
2010 03 06 06 15 00 1 4682.982
2010 03 06 06 30 00 1 4682.982
