station_id,timestamp_utc,seconds_from_origin,height_m
46403,2009-08-30T18:00:00+00:00,-2591290,4511.692
46403,2009-08-30T18:15:00+00:00,-2590390,4511.752
46403,2009-08-30T18:30:00+00:00,-2589490,4511.807
46403,2009-08-30T18:45:00+00:00,-2588590,4511.858
46403,2009-08-30T19:00:00+00:00,-2587690,4511.906
46403,2009-08-30T19:15:00+00:00,-2586790,4511.949
46403,2009-08-30T19:30:00+00:00,-2585890,4511.984
46403,2009-08-30T19:45:00+00:00,-2584990,4512.016
46403,2009-08-30T20:00:00+00:00,-2584090,4512.041
46403,2009-08-30T20:15:00+00:00,-2583190,4512.061
46403,2009-08-30T20:30:00+00:00,-2582290,4512.077
46403,2009-08-30T20:45:00+00:00,-2581390,4512.086
46403,2009-08-30T21:00:00+00:00,-2580490,4512.089
46403,2009-08-30T21:15:00+00:00,-2579590,4512.087
46403,2009-08-30T21:30:00+00:00,-2578690,4512.080
46403,2009-08-30T21:45:00+00:00,-2577790,4512.070
46403,2009-08-30T22:00:00+00:00,-2576890,4512.057
46403,2009-08-30T22:15:00+00:00,-2575990,4512.039
46403,2009-08-30T22:30:00+00:00,-2575090,4512.022
46403,2009-08-30T22:45:00+00:00,-2574190,4512.006
46403,2009-08-30T23:00:00+00:00,-2573290,4511.986
46403,2009-08-30T23:15:00+00:00,-2572390,4511.965
46403,2009-08-30T23:30:00+00:00,-2571490,4511.946
46403,2009-08-30T23:45:00+00:00,-2570590,4511.928
46403,2009-08-31T00:00:00+00:00,-2569690,4511.910
46403,2009-08-31T00:15:00+00:00,-2568790,4511.896
46403,2009-08-31T00:30:00+00:00,-2567890,4511.883
46403,2009-08-31T00:45:00+00:00,-2566990,4511.874
46403,2009-08-31T01:00:00+00:00,-2566090,4511.867
46403,2009-08-31T01:15:00+00:00,-2565190,4511.864
46403,2009-08-31T01:30:00+00:00,-2564290,4511.864
46403,2009-08-31T01:45:00+00:00,-2563390,4511.871
46403,2009-08-31T02:00:00+00:00,-2562490,4511.883
46403,2009-08-31T02:15:00+00:00,-2561590,4511.899
46403,2009-08-31T02:30:00+00:00,-2560690,4511.924
46403,2009-08-31T02:45:00+00:00,-2559790,4511.949
46403,2009-08-31T03:00:00+00:00,-2558890,4511.981
46403,2009-08-31T03:15:00+00:00,-2557990,4512.015
46403,2009-08-31T03:30:00+00:00,-2557090,4512.055
46403,2009-08-31T03:45:00+00:00,-2556190,4512.094
46403,2009-08-31T04:00:00+00:00,-2555290,4512.136
46403,2009-08-31T04:15:00+00:00,-2554390,4512.177
46403,2009-08-31T04:30:00+00:00,-2553490,4512.217
46403,2009-08-31T04:45:00+00:00,-2552590,4512.257
46403,2009-08-31T05:00:00+00:00,-2551690,4512.296
46403,2009-08-31T05:15:00+00:00,-2550790,4512.333
46403,2009-08-31T05:30:00+00:00,-2549890,4512.372
46403,2009-08-31T05:45:00+00:00,-2548990,4512.405
46403,2009-08-31T06:00:00+00:00,-2548090,4512.434
46403,2009-08-31T06:15:00+00:00,-2547190,4512.461
46403,2009-08-31T06:30:00+00:00,-2546290,4512.476
46403,2009-08-31T06:45:00+00:00,-2545390,4512.488
46403,2009-08-31T07:00:00+00:00,-2544490,4512.493
46403,2009-08-31T07:15:00+00:00,-2543590,4512.492
46403,2009-08-31T07:30:00+00:00,-2542690,4512.482
46403,2009-08-31T07:45:00+00:00,-2541790,4512.464
46403,2009-08-31T08:00:00+00:00,-2540890,4512.442
46403,2009-08-31T08:15:00+00:00,-2539990,4512.406
46403,2009-08-31T08:30:00+00:00,-2539090,4512.364
46403,2009-08-31T08:45:00+00:00,-2538190,4512.312
46403,2009-08-31T09:00:00+00:00,-2537290,4512.254
46403,2009-08-31T09:15:00+00:00,-2536390,4512.190
46403,2009-08-31T09:30:00+00:00,-2535490,4512.121
46403,2009-08-31T09:45:00+00:00,-2534590,4512.047
46403,2009-08-31T10:00:00+00:00,-2533690,4511.968
46403,2009-08-31T10:15:00+00:00,-2532790,4511.888
46403,2009-08-31T10:30:00+00:00,-2531890,4511.806
46403,2009-08-31T10:45:00+00:00,-2530990,4511.719
46403,2009-08-31T11:00:00+00:00,-2530090,4511.629
46403,2009-08-31T11:15:00+00:00,-2529190,4511.539
46403,2009-08-31T11:30:00+00:00,-2528290,4511.451
46403,2009-08-31T11:45:00+00:00,-2527390,4511.363
46403,2009-08-31T12:00:00+00:00,-2526490,4511.279
46403,2009-08-31T12:15:00+00:00,-2525590,4511.201
46403,2009-08-31T12:30:00+00:00,-2524690,4511.128
46403,2009-08-31T12:45:00+00:00,-2523790,4511.059
46403,2009-08-31T13:00:00+00:00,-2522890,4511.001
46403,2009-08-31T13:15:00+00:00,-2521990,4510.951
46403,2009-08-31T13:30:00+00:00,-2521090,4510.910
46403,2009-08-31T13:45:00+00:00,-2520190,4510.877
46403,2009-08-31T14:00:00+00:00,-2519290,4510.853
46403,2009-08-31T14:15:00+00:00,-2518390,4510.838
46403,2009-08-31T14:30:00+00:00,-2517490,4510.833
46403,2009-08-31T14:45:00+00:00,-2516590,4510.837
46403,2009-08-31T15:00:00+00:00,-2515690,4510.851
46403,2009-08-31T15:15:00+00:00,-2514790,4510.874
46403,2009-08-31T15:30:00+00:00,-2513890,4510.907
46403,2009-08-31T15:45:00+00:00,-2512990,4510.947
46403,2009-08-31T16:00:00+00:00,-2512090,4510.994
46403,2009-08-31T16:15:00+00:00,-2511190,4511.050
46403,2009-08-31T16:30:00+00:00,-2510290,4511.111
46403,2009-08-31T16:45:00+00:00,-2509390,4511.179
46403,2009-08-31T17:00:00+00:00,-2508490,4511.247
46403,2009-08-31T17:15:00+00:00,-2507590,4511.320
46403,2009-08-31T17:30:00+00:00,-2506690,4511.398
46403,2009-08-31T17:45:00+00:00,-2505790,4511.477
46403,2009-08-31T18:00:00+00:00,-2504890,4511.555
46403,2009-08-31T18:15:00+00:00,-2503990,4511.631
46403,2009-08-31T18:30:00+00:00,-2503090,4511.706
46403,2009-08-31T18:45:00+00:00,-2502190,4511.778
46403,2009-08-31T19:00:00+00:00,-2501290,4511.843
46403,2009-08-31T19:15:00+00:00,-2500390,4511.910
46403,2009-08-31T19:30:00+00:00,-2499490,4511.967
46403,2009-08-31T19:45:00+00:00,-2498590,4512.018
46403,2009-08-31T20:00:00+00:00,-2497690,4512.067
46403,2009-08-31T20:15:00+00:00,-2496790,4512.105
46403,2009-08-31T20:30:00+00:00,-2495890,4512.139
46403,2009-08-31T20:45:00+00:00,-2494990,4512.164
46403,2009-08-31T21:00:00+00:00,-2494090,4512.179
46403,2009-08-31T21:15:00+00:00,-2493190,4512.188
46403,2009-08-31T21:30:00+00:00,-2492290,4512.188
46403,2009-08-31T21:45:00+00:00,-2491390,4512.182
46403,2009-08-31T22:00:00+00:00,-2490490,4512.173
46403,2009-08-31T22:15:00+00:00,-2489590,4512.155
46403,2009-08-31T22:30:00+00:00,-2488690,4512.135
46403,2009-08-31T22:45:00+00:00,-2487790,4512.110
46403,2009-08-31T23:00:00+00:00,-2486890,4512.079
46403,2009-08-31T23:15:00+00:00,-2485990,4512.051
46403,2009-08-31T23:30:00+00:00,-2485090,4512.016
46403,2009-08-31T23:45:00+00:00,-2484190,4511.983
46403,2009-09-01T00:00:00+00:00,-2483290,4511.950
46403,2009-09-01T00:15:00+00:00,-2482390,4511.916
46403,2009-09-01T00:30:00+00:00,-2481490,4511.882
46403,2009-09-01T00:45:00+00:00,-2480590,4511.850
46403,2009-09-01T01:00:00+00:00,-2479690,4511.824
46403,2009-09-01T01:15:00+00:00,-2478790,4511.801
46403,2009-09-01T01:30:00+00:00,-2477890,4511.781
46403,2009-09-01T01:45:00+00:00,-2476990,4511.771
46403,2009-09-01T02:00:00+00:00,-2476090,4511.760
46403,2009-09-01T02:15:00+00:00,-2475190,4511.758
46403,2009-09-01T02:30:00+00:00,-2474290,4511.765
46403,2009-09-01T02:45:00+00:00,-2473390,4511.775
46403,2009-09-01T03:00:00+00:00,-2472490,4511.793
46403,2009-09-01T03:15:00+00:00,-2471590,4511.818
46403,2009-09-01T03:30:00+00:00,-2470690,4511.847
46403,2009-09-01T03:45:00+00:00,-2469790,4511.882
46403,2009-09-01T04:00:00+00:00,-2468890,4511.923
46403,2009-09-01T04:15:00+00:00,-2467990,4511.964
46403,2009-09-01T04:30:00+00:00,-2467090,4512.013
46403,2009-09-01T04:45:00+00:00,-2466190,4512.064
46403,2009-09-01T05:00:00+00:00,-2465290,4512.114
46403,2009-09-01T05:15:00+00:00,-2464390,4512.167
46403,2009-09-01T05:30:00+00:00,-2463490,4512.222
46403,2009-09-01T05:45:00+00:00,-2462590,4512.276
46403,2009-09-01T06:00:00+00:00,-2461690,4512.330
46403,2009-09-01T06:15:00+00:00,-2460790,4512.377
46403,2009-09-01T06:30:00+00:00,-2459890,4512.422
46403,2009-09-01T06:45:00+00:00,-2458990,4512.462
46403,2009-09-01T07:00:00+00:00,-2458090,4512.494
46403,2009-09-01T07:15:00+00:00,-2457190,4512.521
46403,2009-09-01T07:30:00+00:00,-2456290,4512.541
46403,2009-09-01T07:45:00+00:00,-2455390,4512.550
46403,2009-09-01T08:00:00+00:00,-2454490,4512.552
46403,2009-09-01T08:15:00+00:00,-2453590,4512.546
46403,2009-09-01T08:30:00+00:00,-2452690,4512.528
46403,2009-09-01T08:45:00+00:00,-2451790,4512.504
46403,2009-09-01T09:00:00+00:00,-2450890,4512.471
46403,2009-09-01T09:15:00+00:00,-2449990,4512.427
46403,2009-09-01T09:30:00+00:00,-2449090,4512.372
46403,2009-09-01T09:45:00+00:00,-2448190,4512.309
46403,2009-09-01T10:00:00+00:00,-2447290,4512.238
46403,2009-09-01T10:15:00+00:00,-2446390,4512.164
46403,2009-09-01T10:30:00+00:00,-2445490,4512.082
46403,2009-09-01T10:45:00+00:00,-2444590,4511.993
46403,2009-09-01T11:00:00+00:00,-2443690,4511.899
46403,2009-09-01T11:15:00+00:00,-2442790,4511.800
46403,2009-09-01T11:30:00+00:00,-2441890,4511.702
46403,2009-09-01T11:45:00+00:00,-2440990,4511.603
46403,2009-09-01T12:00:00+00:00,-2440090,4511.502
46403,2009-09-01T12:15:00+00:00,-2439190,4511.402
46403,2009-09-01T12:30:00+00:00,-2438290,4511.307
46403,2009-09-01T12:45:00+00:00,-2437390,4511.217
46403,2009-09-01T13:00:00+00:00,-2436490,4511.135
46403,2009-09-01T13:15:00+00:00,-2435590,4511.058
46403,2009-09-01T13:30:00+00:00,-2434690,4510.987
46403,2009-09-01T13:45:00+00:00,-2433790,4510.928
46403,2009-09-01T14:00:00+00:00,-2432890,4510.876
46403,2009-09-01T14:15:00+00:00,-2431990,4510.835
46403,2009-09-01T14:30:00+00:00,-2431090,4510.803
46403,2009-09-01T14:45:00+00:00,-2430190,4510.781
46403,2009-09-01T15:00:00+00:00,-2429290,4510.770
46403,2009-09-01T15:15:00+00:00,-2428390,4510.769
46403,2009-09-01T15:30:00+00:00,-2427490,4510.778
46403,2009-09-01T15:45:00+00:00,-2426590,4510.801
46403,2009-09-01T16:00:00+00:00,-2425690,4510.834
46403,2009-09-01T16:15:00+00:00,-2424790,4510.878
46403,2009-09-01T16:30:00+00:00,-2423890,4510.929
46403,2009-09-01T16:45:00+00:00,-2422990,4510.990
46403,2009-09-01T17:00:00+00:00,-2422090,4511.058
46403,2009-09-01T17:15:00+00:00,-2421190,4511.132
46403,2009-09-01T17:30:00+00:00,-2420290,4511.211
46403,2009-09-01T17:45:00+00:00,-2419390,4511.295
46403,2009-09-01T18:00:00+00:00,-2418490,4511.380
46403,2009-09-01T18:15:00+00:00,-2417590,4511.467
46403,2009-09-01T18:30:00+00:00,-2416690,4511.555
46403,2009-09-01T18:45:00+00:00,-2415790,4511.642
46403,2009-09-01T19:00:00+00:00,-2414890,4511.726
46403,2009-09-01T19:15:00+00:00,-2413990,4511.811
46403,2009-09-01T19:30:00+00:00,-2413090,4511.889
46403,2009-09-01T19:45:00+00:00,-2412190,4511.963
46403,2009-09-01T20:00:00+00:00,-2411290,4512.031
46403,2009-09-01T20:15:00+00:00,-2410390,4512.088
46403,2009-09-01T20:30:00+00:00,-2409490,4512.142
46403,2009-09-01T20:45:00+00:00,-2408590,4512.183
46403,2009-09-01T21:00:00+00:00,-2407690,4512.213
46403,2009-09-01T21:15:00+00:00,-2406790,4512.236
46403,2009-09-01T21:30:00+00:00,-2405890,4512.252
46403,2009-09-01T21:45:00+00:00,-2404990,4512.259
46403,2009-09-01T22:00:00+00:00,-2404090,4512.256
46403,2009-09-01T22:15:00+00:00,-2403190,4512.244
46403,2009-09-01T22:30:00+00:00,-2402290,4512.225
46403,2009-09-01T22:45:00+00:00,-2401390,4512.198
46403,2009-09-01T23:00:00+00:00,-2400490,4512.166
46403,2009-09-01T23:15:00+00:00,-2399590,4512.127
46403,2009-09-01T23:30:00+00:00,-2398690,4512.084
46403,2009-09-01T23:45:00+00:00,-2397790,4512.039
46403,2009-09-02T00:00:00+00:00,-2396890,4511.991
46403,2009-09-02T00:15:00+00:00,-2395990,4511.941
46403,2009-09-02T00:30:00+00:00,-2395090,4511.889
46403,2009-09-02T00:45:00+00:00,-2394190,4511.836
46403,2009-09-02T01:00:00+00:00,-2393290,4511.789
46403,2009-09-02T01:15:00+00:00,-2392390,4511.745
46403,2009-09-02T01:30:00+00:00,-2391490,4511.702
46403,2009-09-02T01:45:00+00:00,-2390590,4511.667
46403,2009-09-02T02:00:00+00:00,-2389690,4511.638
46403,2009-09-02T02:15:00+00:00,-2388790,4511.613
46403,2009-09-02T02:30:00+00:00,-2387890,4511.597
46403,2009-09-02T02:45:00+00:00,-2386990,4511.592
46403,2009-09-02T03:00:00+00:00,-2386090,4511.592
46403,2009-09-02T03:15:00+00:00,-2385190,4511.601
46403,2009-09-02T03:30:00+00:00,-2384290,4511.618
46403,2009-09-02T03:45:00+00:00,-2383390,4511.643
46403,2009-09-02T04:00:00+00:00,-2382490,4511.675
46403,2009-09-02T04:15:00+00:00,-2381590,4511.712
46403,2009-09-02T04:30:00+00:00,-2380690,4511.757
46403,2009-09-02T04:45:00+00:00,-2379790,4511.808
46403,2009-09-02T05:00:00+00:00,-2378890,4511.865
46403,2009-09-02T05:15:00+00:00,-2377990,4511.928
46403,2009-09-02T05:30:00+00:00,-2377090,4511.991
46403,2009-09-02T05:45:00+00:00,-2376190,4512.057
46403,2009-09-02T06:00:00+00:00,-2375290,4512.125
46403,2009-09-02T06:15:00+00:00,-2374390,4512.189
46403,2009-09-02T06:30:00+00:00,-2373490,4512.254
46403,2009-09-02T06:45:00+00:00,-2372590,4512.318
46403,2009-09-02T07:00:00+00:00,-2371690,4512.378
46403,2009-09-02T07:15:00+00:00,-2370790,4512.434
46403,2009-09-02T07:30:00+00:00,-2369890,4512.479
46403,2009-09-02T07:45:00+00:00,-2368990,4512.520
46403,2009-09-02T08:00:00+00:00,-2368090,4512.550
46403,2009-09-02T08:15:00+00:00,-2367190,4512.574
46403,2009-09-02T08:30:00+00:00,-2366290,4512.588
46403,2009-09-02T08:45:00+00:00,-2365390,4512.588
46403,2009-09-02T09:00:00+00:00,-2364490,4512.580
46403,2009-09-02T09:15:00+00:00,-2363590,4512.561
46403,2009-09-02T09:30:00+00:00,-2362690,4512.532
46403,2009-09-02T09:45:00+00:00,-2361790,4512.496
46403,2009-09-02T10:00:00+00:00,-2360890,4512.448
46403,2009-09-02T10:15:00+00:00,-2359990,4512.388
46403,2009-09-02T10:30:00+00:00,-2359090,4512.316
46403,2009-09-02T10:45:00+00:00,-2358190,4512.238
46403,2009-09-02T11:00:00+00:00,-2357290,4512.151
46403,2009-09-02T11:15:00+00:00,-2356390,4512.059
46403,2009-09-02T11:30:00+00:00,-2355490,4511.960
46403,2009-09-02T11:45:00+00:00,-2354590,4511.856
46403,2009-09-02T12:00:00+00:00,-2353690,4511.752
46403,2009-09-02T12:15:00+00:00,-2352790,4511.645
46403,2009-09-02T12:30:00+00:00,-2351890,4511.540
46403,2009-09-02T12:45:00+00:00,-2350990,4511.434
46403,2009-09-02T13:00:00+00:00,-2350090,4511.334
46403,2009-09-02T13:15:00+00:00,-2349190,4511.235
46403,2009-09-02T13:30:00+00:00,-2348290,4511.141
46403,2009-09-02T13:45:00+00:00,-2347390,4511.055
46403,2009-09-02T14:00:00+00:00,-2346490,4510.980
46403,2009-09-02T14:15:00+00:00,-2345590,4510.911
46403,2009-09-02T14:30:00+00:00,-2344690,4510.853
46403,2009-09-02T14:45:00+00:00,-2343790,4510.804
46403,2009-09-02T15:00:00+00:00,-2342890,4510.767
46403,2009-09-02T15:15:00+00:00,-2341990,4510.743
46403,2009-09-02T15:30:00+00:00,-2341090,4510.730
46403,2009-09-02T15:45:00+00:00,-2340190,4510.732
46403,2009-09-02T16:00:00+00:00,-2339290,4510.744
46403,2009-09-02T16:15:00+00:00,-2338390,4510.772
46403,2009-09-02T16:30:00+00:00,-2337490,4510.813
46403,2009-09-02T16:45:00+00:00,-2336590,4510.865
46403,2009-09-02T17:00:00+00:00,-2335690,4510.925
46403,2009-09-02T17:15:00+00:00,-2334790,4510.992
46403,2009-09-02T17:30:00+00:00,-2333890,4511.068
46403,2009-09-02T17:45:00+00:00,-2332990,4511.148
46403,2009-09-02T18:00:00+00:00,-2332090,4511.234
46403,2009-09-02T18:15:00+00:00,-2331190,4511.329
46403,2009-09-02T18:30:00+00:00,-2330290,4511.425
46403,2009-09-02T18:45:00+00:00,-2329390,4511.521
46403,2009-09-02T19:00:00+00:00,-2328490,4511.618
46403,2009-09-02T19:15:00+00:00,-2327590,4511.715
46403,2009-09-02T19:30:00+00:00,-2326690,4511.810
46403,2009-09-02T19:45:00+00:00,-2325790,4511.899
46403,2009-09-02T20:00:00+00:00,-2324890,4511.984
46403,2009-09-02T20:15:00+00:00,-2323990,4512.060
46403,2009-09-02T20:30:00+00:00,-2323090,4512.131
46403,2009-09-02T20:45:00+00:00,-2322190,4512.189
46403,2009-09-02T21:00:00+00:00,-2321290,4512.241
46403,2009-09-02T21:15:00+00:00,-2320390,4512.283
46403,2009-09-02T21:30:00+00:00,-2319490,4512.314
46403,2009-09-02T21:45:00+00:00,-2318590,4512.334
46403,2009-09-02T22:00:00+00:00,-2317690,4512.343
46403,2009-09-02T22:15:00+00:00,-2316790,4512.342
46403,2009-09-02T22:30:00+00:00,-2315890,4512.331
46403,2009-09-02T22:45:00+00:00,-2314990,4512.311
46403,2009-09-02T23:00:00+00:00,-2314090,4512.282
46403,2009-09-02T23:15:00+00:00,-2313190,4512.245
46403,2009-09-02T23:30:00+00:00,-2312290,4512.200
46403,2009-09-02T23:45:00+00:00,-2311390,4512.147
46403,2009-09-03T00:00:00+00:00,-2310490,4512.091
46403,2009-09-03T00:15:00+00:00,-2309590,4512.034
46403,2009-09-03T00:30:00+00:00,-2308690,4511.968
46403,2009-09-03T00:45:00+00:00,-2307790,4511.901
46403,2009-09-03T01:00:00+00:00,-2306890,4511.831
46403,2009-09-03T01:15:00+00:00,-2305990,4511.769
46403,2009-09-03T01:30:00+00:00,-2305090,4511.704
46403,2009-09-03T01:45:00+00:00,-2304190,4511.646
46403,2009-09-03T02:00:00+00:00,-2303290,4511.592
46403,2009-09-03T02:15:00+00:00,-2302390,4511.543
46403,2009-09-03T02:30:00+00:00,-2301490,4511.502
46403,2009-09-03T02:45:00+00:00,-2300590,4511.470
46403,2009-09-03T03:00:00+00:00,-2299690,4511.446
46403,2009-09-03T03:15:00+00:00,-2298790,4511.431
46403,2009-09-03T03:30:00+00:00,-2297890,4511.427
46403,2009-09-03T03:45:00+00:00,-2296990,4511.430
46403,2009-09-03T04:00:00+00:00,-2296090,4511.445
46403,2009-09-03T04:15:00+00:00,-2295190,4511.467
46403,2009-09-03T04:30:00+00:00,-2294290,4511.498
46403,2009-09-03T04:45:00+00:00,-2293390,4511.542
46403,2009-09-03T05:00:00+00:00,-2292490,4511.590
46403,2009-09-03T05:15:00+00:00,-2291590,4511.647
46403,2009-09-03T05:30:00+00:00,-2290690,4511.711
46403,2009-09-03T05:45:00+00:00,-2289790,4511.784
46403,2009-09-03T06:00:00+00:00,-2288890,4511.862
46403,2009-09-03T06:15:00+00:00,-2287990,4511.939
46403,2009-09-03T06:30:00+00:00,-2287090,4512.021
46403,2009-09-03T06:45:00+00:00,-2286190,4512.099
46403,2009-09-03T07:00:00+00:00,-2285290,4512.178
46403,2009-09-03T07:15:00+00:00,-2284390,4512.252
46403,2009-09-03T07:30:00+00:00,-2283490,4512.322
46403,2009-09-03T07:45:00+00:00,-2282590,4512.390
46403,2009-09-03T08:00:00+00:00,-2281690,4512.449
46403,2009-09-03T08:15:00+00:00,-2280790,4512.500
46403,2009-09-03T08:30:00+00:00,-2279890,4512.544
46403,2009-09-03T08:45:00+00:00,-2278990,4512.579
46403,2009-09-03T09:00:00+00:00,-2278090,4512.601
46403,2009-09-03T09:15:00+00:00,-2277190,4512.612
46403,2009-09-03T09:30:00+00:00,-2276290,4512.614
46403,2009-09-03T09:45:00+00:00,-2275390,4512.603
46403,2009-09-03T10:00:00+00:00,-2274490,4512.581
46403,2009-09-03T10:15:00+00:00,-2273590,4512.547
46403,2009-09-03T10:30:00+00:00,-2272690,4512.502
46403,2009-09-03T10:45:00+00:00,-2271790,4512.444
46403,2009-09-03T11:00:00+00:00,-2270890,4512.373
46403,2009-09-03T11:15:00+00:00,-2269990,4512.295
46403,2009-09-03T11:30:00+00:00,-2269090,4512.207
46403,2009-09-03T11:45:00+00:00,-2268190,4512.112
46403,2009-09-03T12:00:00+00:00,-2267290,4512.011
46403,2009-09-03T12:15:00+00:00,-2266390,4511.906
46403,2009-09-03T12:30:00+00:00,-2265490,4511.798
46403,2009-09-03T12:45:00+00:00,-2264590,4511.687
46403,2009-09-03T13:00:00+00:00,-2263690,4511.575
46403,2009-09-03T13:15:00+00:00,-2262790,4511.466
46403,2009-09-03T13:30:00+00:00,-2261890,4511.356
46403,2009-09-03T13:45:00+00:00,-2260990,4511.254
46403,2009-09-03T14:00:00+00:00,-2260090,4511.154
46403,2009-09-03T14:15:00+00:00,-2259190,4511.064
46403,2009-09-03T14:30:00+00:00,-2258290,4510.982
46403,2009-09-03T14:45:00+00:00,-2257390,4510.911
46403,2009-09-03T15:00:00+00:00,-2256490,4510.848
46403,2009-09-03T15:15:00+00:00,-2255590,4510.800
46403,2009-09-03T15:30:00+00:00,-2254690,4510.763
46403,2009-09-03T15:45:00+00:00,-2253790,4510.738
46403,2009-09-03T16:00:00+00:00,-2252890,4510.727
46403,2009-09-03T16:15:00+00:00,-2251990,4510.731
46403,2009-09-03T16:30:00+00:00,-2251090,4510.746
46403,2009-09-03T16:45:00+00:00,-2250190,4510.772
46403,2009-09-03T17:00:00+00:00,-2249290,4510.813
46403,2009-09-03T17:15:00+00:00,-2248390,4510.866
46403,2009-09-03T17:30:00+00:00,-2247490,4510.931
46403,2009-09-03T17:45:00+00:00,-2246590,4511.004
46403,2009-09-03T18:00:00+00:00,-2245690,4511.088
46403,2009-09-03T18:15:00+00:00,-2244790,4511.177
46403,2009-09-03T18:30:00+00:00,-2243890,4511.271
46403,2009-09-03T18:45:00+00:00,-2242990,4511.371
46403,2009-09-03T19:00:00+00:00,-2242090,4511.474
46403,2009-09-03T19:15:00+00:00,-2241190,4511.578
46403,2009-09-03T19:30:00+00:00,-2240290,4511.684
46403,2009-09-03T19:45:00+00:00,-2239390,4511.786
46403,2009-09-03T20:00:00+00:00,-2238490,4511.886
46403,2009-09-03T20:15:00+00:00,-2237590,4511.981
46403,2009-09-03T20:30:00+00:00,-2236690,4512.070
46403,2009-09-03T20:45:00+00:00,-2235790,4512.151
46403,2009-09-03T21:00:00+00:00,-2234890,4512.223
46403,2009-09-03T21:15:00+00:00,-2233990,4512.285
46403,2009-09-03T21:30:00+00:00,-2233090,4512.334
46403,2009-09-03T21:45:00+00:00,-2232190,4512.375
46403,2009-09-03T22:00:00+00:00,-2231290,4512.400
46403,2009-09-03T22:15:00+00:00,-2230390,4512.417
46403,2009-09-03T22:30:00+00:00,-2229490,4512.422
46403,2009-09-03T22:45:00+00:00,-2228590,4512.412
46403,2009-09-03T23:00:00+00:00,-2227690,4512.393
46403,2009-09-03T23:15:00+00:00,-2226790,4512.363
46403,2009-09-03T23:30:00+00:00,-2225890,4512.323
46403,2009-09-03T23:45:00+00:00,-2224990,4512.275
46403,2009-09-04T00:00:00+00:00,-2224090,4512.217
46403,2009-09-04T00:15:00+00:00,-2223190,4512.153
46403,2009-09-04T00:30:00+00:00,-2222290,4512.082
46403,2009-09-04T00:45:00+00:00,-2221390,4512.008
46403,2009-09-04T01:00:00+00:00,-2220490,4511.930
46403,2009-09-04T01:15:00+00:00,-2219590,4511.853
46403,2009-09-04T01:30:00+00:00,-2218690,4511.774
46403,2009-09-04T01:45:00+00:00,-2217790,4511.695
46403,2009-09-04T02:00:00+00:00,-2216890,4511.622
46403,2009-09-04T02:15:00+00:00,-2215990,4511.553
46403,2009-09-04T02:30:00+00:00,-2215090,4511.488
46403,2009-09-04T02:45:00+00:00,-2214190,4511.429
46403,2009-09-04T03:00:00+00:00,-2213290,4511.382
46403,2009-09-04T03:15:00+00:00,-2212390,4511.341
46403,2009-09-04T03:30:00+00:00,-2211490,4511.308
46403,2009-09-04T03:45:00+00:00,-2210590,4511.288
46403,2009-09-04T04:00:00+00:00,-2209690,4511.279
46403,2009-09-04T04:15:00+00:00,-2208790,4511.280
46403,2009-09-04T04:30:00+00:00,-2207890,4511.294
46403,2009-09-04T04:45:00+00:00,-2206990,4511.316
46403,2009-09-04T05:00:00+00:00,-2206090,4511.352
46403,2009-09-04T05:15:00+00:00,-2205190,4511.394
46403,2009-09-04T05:30:00+00:00,-2204290,4511.448
46403,2009-09-04T05:45:00+00:00,-2203390,4511.511
46403,2009-09-04T06:00:00+00:00,-2202490,4511.581
46403,2009-09-04T06:15:00+00:00,-2201590,4511.657
46403,2009-09-04T06:30:00+00:00,-2200690,4511.737
46403,2009-09-04T06:45:00+00:00,-2199790,4511.822
46403,2009-09-04T07:00:00+00:00,-2198890,4511.911
46403,2009-09-04T07:15:00+00:00,-2197990,4511.998
46403,2009-09-04T07:30:00+00:00,-2197090,4512.087
46403,2009-09-04T07:45:00+00:00,-2196190,4512.173
46403,2009-09-04T08:00:00+00:00,-2195290,4512.257
46403,2009-09-04T08:15:00+00:00,-2194390,4512.333
46403,2009-09-04T08:30:00+00:00,-2193490,4512.401
46403,2009-09-04T08:45:00+00:00,-2192590,4512.461
46403,2009-09-04T09:00:00+00:00,-2191690,4512.514
46403,2009-09-04T09:15:00+00:00,-2190790,4512.556
46403,2009-09-04T09:30:00+00:00,-2189890,4512.588
46403,2009-09-04T09:45:00+00:00,-2188990,4512.606
46403,2009-09-04T10:00:00+00:00,-2188090,4512.612
46403,2009-09-04T10:15:00+00:00,-2187190,4512.608
46403,2009-09-04T10:30:00+00:00,-2186290,4512.589
46403,2009-09-04T10:45:00+00:00,-2185390,4512.557
46403,2009-09-04T11:00:00+00:00,-2184490,4512.510
46403,2009-09-04T11:15:00+00:00,-2183590,4512.454
46403,2009-09-04T11:30:00+00:00,-2182690,4512.386
46403,2009-09-04T11:45:00+00:00,-2181790,4512.307
46403,2009-09-04T12:00:00+00:00,-2180890,4512.218
46403,2009-09-04T12:15:00+00:00,-2179990,4512.123
46403,2009-09-04T12:30:00+00:00,-2179090,4512.021
46403,2009-09-04T12:45:00+00:00,-2178190,4511.914
46403,2009-09-04T13:00:00+00:00,-2177290,4511.803
46403,2009-09-04T13:15:00+00:00,-2176390,4511.689
46403,2009-09-04T13:30:00+00:00,-2175490,4511.577
46403,2009-09-04T13:45:00+00:00,-2174590,4511.466
46403,2009-09-04T14:00:00+00:00,-2173690,4511.358
46403,2009-09-04T14:15:00+00:00,-2172790,4511.252
46403,2009-09-04T14:30:00+00:00,-2171890,4511.152
46403,2009-09-04T14:45:00+00:00,-2170990,4511.060
46403,2009-09-04T15:00:00+00:00,-2170090,4510.978
46403,2009-09-04T15:15:00+00:00,-2169190,4510.906
46403,2009-09-04T15:30:00+00:00,-2168290,4510.848
46403,2009-09-04T15:45:00+00:00,-2167390,4510.802
46403,2009-09-04T16:00:00+00:00,-2166490,4510.765
46403,2009-09-04T16:15:00+00:00,-2165590,4510.746
46403,2009-09-04T16:30:00+00:00,-2164690,4510.737
46403,2009-09-04T16:45:00+00:00,-2163790,4510.743
46403,2009-09-04T17:00:00+00:00,-2162890,4510.761
46403,2009-09-04T17:15:00+00:00,-2161990,4510.795
46403,2009-09-04T17:30:00+00:00,-2161090,4510.840
46403,2009-09-04T17:45:00+00:00,-2160190,4510.899
46403,2009-09-04T18:00:00+00:00,-2159290,4510.969
46403,2009-09-04T18:15:00+00:00,-2158390,4511.051
46403,2009-09-04T18:30:00+00:00,-2157490,4511.142
46403,2009-09-04T18:45:00+00:00,-2156590,4511.238
46403,2009-09-04T19:00:00+00:00,-2155690,4511.341
46403,2009-09-04T19:15:00+00:00,-2154790,4511.450
46403,2009-09-04T19:30:00+00:00,-2153890,4511.558
46403,2009-09-04T19:45:00+00:00,-2152990,4511.668
46403,2009-09-04T20:00:00+00:00,-2152090,4511.776
46403,2009-09-04T20:15:00+00:00,-2151190,4511.881
46403,2009-09-04T20:30:00+00:00,-2150290,4511.982
46403,2009-09-04T20:45:00+00:00,-2149390,4512.079
46403,2009-09-04T21:00:00+00:00,-2148490,4512.167
46403,2009-09-04T21:15:00+00:00,-2147590,4512.245
46403,2009-09-04T21:30:00+00:00,-2146690,4512.316
46403,2009-09-04T21:45:00+00:00,-2145790,4512.374
46403,2009-09-04T22:00:00+00:00,-2144890,4512.421
46403,2009-09-04T22:15:00+00:00,-2143990,4512.458
46403,2009-09-04T22:30:00+00:00,-2143090,4512.479
46403,2009-09-04T22:45:00+00:00,-2142190,4512.489
46403,2009-09-04T23:00:00+00:00,-2141290,4512.488
46403,2009-09-04T23:15:00+00:00,-2140390,4512.471
46403,2009-09-04T23:30:00+00:00,-2139490,4512.446
46403,2009-09-04T23:45:00+00:00,-2138590,4512.405
46403,2009-09-05T00:00:00+00:00,-2137690,4512.356
46403,2009-09-05T00:15:00+00:00,-2136790,4512.294
46403,2009-09-05T00:30:00+00:00,-2135890,4512.225
46403,2009-09-05T00:45:00+00:00,-2134990,4512.147
46403,2009-09-05T01:00:00+00:00,-2134090,4512.064
46403,2009-09-05T01:15:00+00:00,-2133190,4511.975
46403,2009-09-05T01:30:00+00:00,-2132290,4511.884
46403,2009-09-05T01:45:00+00:00,-2131390,4511.793
46403,2009-09-05T02:00:00+00:00,-2130490,4511.700
46403,2009-09-05T02:15:00+00:00,-2129590,4511.610
46403,2009-09-05T02:30:00+00:00,-2128690,4511.523
46403,2009-09-05T02:45:00+00:00,-2127790,4511.443
46403,2009-09-05T03:00:00+00:00,-2126890,4511.367
46403,2009-09-05T03:15:00+00:00,-2125990,4511.299
46403,2009-09-05T03:30:00+00:00,-2125090,4511.241
46403,2009-09-05T03:45:00+00:00,-2124190,4511.194
46403,2009-09-05T04:00:00+00:00,-2123290,4511.157
46403,2009-09-05T04:15:00+00:00,-2122390,4511.132
46403,2009-09-05T04:30:00+00:00,-2121490,4511.118
46403,2009-09-05T04:45:00+00:00,-2120590,4511.117
46403,2009-09-05T05:00:00+00:00,-2119690,4511.128
46403,2009-09-05T05:15:00+00:00,-2118790,4511.151
46403,2009-09-05T05:30:00+00:00,-2117890,4511.187
46403,2009-09-05T05:45:00+00:00,-2116990,4511.232
46403,2009-09-05T06:00:00+00:00,-2116090,4511.289
46403,2009-09-05T06:15:00+00:00,-2115190,4511.355
46403,2009-09-05T06:30:00+00:00,-2114290,4511.429
46403,2009-09-05T06:45:00+00:00,-2113390,4511.511
46403,2009-09-05T07:00:00+00:00,-2112490,4511.600
46403,2009-09-05T07:15:00+00:00,-2111590,4511.693
46403,2009-09-05T07:30:00+00:00,-2110690,4511.786
46403,2009-09-05T07:45:00+00:00,-2109790,4511.882
46403,2009-09-05T08:00:00+00:00,-2108890,4511.976
46403,2009-09-05T08:15:00+00:00,-2107990,4512.070
46403,2009-09-05T08:30:00+00:00,-2107090,4512.158
46403,2009-09-05T08:45:00+00:00,-2106190,4512.243
46403,2009-09-05T09:00:00+00:00,-2105290,4512.321
46403,2009-09-05T09:15:00+00:00,-2104390,4512.392
46403,2009-09-05T09:30:00+00:00,-2103490,4512.454
46403,2009-09-05T09:45:00+00:00,-2102590,4512.504
46403,2009-09-05T10:00:00+00:00,-2101690,4512.545
46403,2009-09-05T10:15:00+00:00,-2100790,4512.571
46403,2009-09-05T10:30:00+00:00,-2099890,4512.585
46403,2009-09-05T10:45:00+00:00,-2098990,4512.586
46403,2009-09-05T11:00:00+00:00,-2098090,4512.573
46403,2009-09-05T11:15:00+00:00,-2097190,4512.545
46403,2009-09-05T11:30:00+00:00,-2096290,4512.504
46403,2009-09-05T11:45:00+00:00,-2095390,4512.451
46403,2009-09-05T12:00:00+00:00,-2094490,4512.384
46403,2009-09-05T12:15:00+00:00,-2093590,4512.313
46403,2009-09-05T12:30:00+00:00,-2092690,4512.226
46403,2009-09-05T12:45:00+00:00,-2091790,4512.137
46403,2009-09-05T13:00:00+00:00,-2090890,4512.039
46403,2009-09-05T13:15:00+00:00,-2089990,4511.937
46403,2009-09-05T13:30:00+00:00,-2089090,4511.830
46403,2009-09-05T13:45:00+00:00,-2088190,4511.721
46403,2009-09-05T14:00:00+00:00,-2087290,4511.611
46403,2009-09-05T14:15:00+00:00,-2086390,4511.501
46403,2009-09-05T14:30:00+00:00,-2085490,4511.396
46403,2009-09-05T14:45:00+00:00,-2084590,4511.296
46403,2009-09-05T15:00:00+00:00,-2083690,4511.202
46403,2009-09-05T15:15:00+00:00,-2082790,4511.116
46403,2009-09-05T15:30:00+00:00,-2081890,4511.040
46403,2009-09-05T15:45:00+00:00,-2080990,4510.971
46403,2009-09-05T16:00:00+00:00,-2080090,4510.914
46403,2009-09-05T16:15:00+00:00,-2079190,4510.869
46403,2009-09-05T16:30:00+00:00,-2078290,4510.838
46403,2009-09-05T16:45:00+00:00,-2077390,4510.822
46403,2009-09-05T17:00:00+00:00,-2076490,4510.822
46403,2009-09-05T17:15:00+00:00,-2075590,4510.834
46403,2009-09-05T17:30:00+00:00,-2074690,4510.860
46403,2009-09-05T17:45:00+00:00,-2073790,4510.900
46403,2009-09-05T18:00:00+00:00,-2072890,4510.952
46403,2009-09-05T18:15:00+00:00,-2071990,4511.016
46403,2009-09-05T18:30:00+00:00,-2071090,4511.091
46403,2009-09-05T18:45:00+00:00,-2070190,4511.177
46403,2009-09-05T19:00:00+00:00,-2069290,4511.271
46403,2009-09-05T19:15:00+00:00,-2068390,4511.370
46403,2009-09-05T19:30:00+00:00,-2067490,4511.479
46403,2009-09-05T19:45:00+00:00,-2066590,4511.589
46403,2009-09-05T20:00:00+00:00,-2065690,4511.701
46403,2009-09-05T20:15:00+00:00,-2064790,4511.815
46403,2009-09-05T20:30:00+00:00,-2063890,4511.925
46403,2009-09-05T20:45:00+00:00,-2062990,4512.031
46403,2009-09-05T21:00:00+00:00,-2062090,4512.132
46403,2009-09-05T21:15:00+00:00,-2061190,4512.224
46403,2009-09-05T21:30:00+00:00,-2060290,4512.310
46403,2009-09-05T21:45:00+00:00,-2059390,4512.385
46403,2009-09-05T22:00:00+00:00,-2058490,4512.451
46403,2009-09-05T22:15:00+00:00,-2057590,4512.504
46403,2009-09-05T22:30:00+00:00,-2056690,4512.548
46403,2009-09-05T22:45:00+00:00,-2055790,4512.577
46403,2009-09-05T23:00:00+00:00,-2054890,4512.592
46403,2009-09-05T23:15:00+00:00,-2053990,4512.596
46403,2009-09-05T23:30:00+00:00,-2053090,4512.584
46403,2009-09-05T23:45:00+00:00,-2052190,4512.558
46403,2009-09-06T00:00:00+00:00,-2051290,4512.521
46403,2009-09-06T00:15:00+00:00,-2050390,4512.469
46403,2009-09-06T00:30:00+00:00,-2049490,4512.409
46403,2009-09-06T00:45:00+00:00,-2048590,4512.336
46403,2009-09-06T01:00:00+00:00,-2047690,4512.256
46403,2009-09-06T01:15:00+00:00,-2046790,4512.164
46403,2009-09-06T01:30:00+00:00,-2045890,4512.068
46403,2009-09-06T01:45:00+00:00,-2044990,4511.966
46403,2009-09-06T02:00:00+00:00,-2044090,4511.863
46403,2009-09-06T02:15:00+00:00,-2043190,4511.757
46403,2009-09-06T02:30:00+00:00,-2042290,4511.656
46403,2009-09-06T02:45:00+00:00,-2041390,4511.553
46403,2009-09-06T03:00:00+00:00,-2040490,4511.457
46403,2009-09-06T03:15:00+00:00,-2039590,4511.365
46403,2009-09-06T03:30:00+00:00,-2038690,4511.282
46403,2009-09-06T03:45:00+00:00,-2037790,4511.209
46403,2009-09-06T04:00:00+00:00,-2036890,4511.146
46403,2009-09-06T04:15:00+00:00,-2035990,4511.093
46403,2009-09-06T04:30:00+00:00,-2035090,4511.050
46403,2009-09-06T04:45:00+00:00,-2034190,4511.019
46403,2009-09-06T05:00:00+00:00,-2033290,4511.000
46403,2009-09-06T05:15:00+00:00,-2032390,4510.994
46403,2009-09-06T05:30:00+00:00,-2031490,4511.001
46403,2009-09-06T05:45:00+00:00,-2030590,4511.021
46403,2009-09-06T06:00:00+00:00,-2029690,4511.052
46403,2009-09-06T06:15:00+00:00,-2028790,4511.097
46403,2009-09-06T06:30:00+00:00,-2027890,4511.156
46403,2009-09-06T06:45:00+00:00,-2026990,4511.223
46403,2009-09-06T07:00:00+00:00,-2026090,4511.302
46403,2009-09-06T07:15:00+00:00,-2025190,4511.386
46403,2009-09-06T07:30:00+00:00,-2024290,4511.474
46403,2009-09-06T07:45:00+00:00,-2023390,4511.570
46403,2009-09-06T08:00:00+00:00,-2022490,4511.668
46403,2009-09-06T08:15:00+00:00,-2021590,4511.769
46403,2009-09-06T08:30:00+00:00,-2020690,4511.868
46403,2009-09-06T08:45:00+00:00,-2019790,4511.965
46403,2009-09-06T09:00:00+00:00,-2018890,4512.058
46403,2009-09-06T09:15:00+00:00,-2017990,4512.146
46403,2009-09-06T09:30:00+00:00,-2017090,4512.229
46403,2009-09-06T09:45:00+00:00,-2016190,4512.304
46403,2009-09-06T10:00:00+00:00,-2015290,4512.370
46403,2009-09-06T10:15:00+00:00,-2014390,4512.426
46403,2009-09-06T10:30:00+00:00,-2013490,4512.472
46403,2009-09-06T10:45:00+00:00,-2012590,4512.504
46403,2009-09-06T11:00:00+00:00,-2011690,4512.524
46403,2009-09-06T11:15:00+00:00,-2010790,4512.531
46403,2009-09-06T11:30:00+00:00,-2009890,4512.524
46403,2009-09-06T11:45:00+00:00,-2008990,4512.505
46403,2009-09-06T12:00:00+00:00,-2008090,4512.470
46403,2009-09-06T12:15:00+00:00,-2007190,4512.425
46403,2009-09-06T12:30:00+00:00,-2006290,4512.371
46403,2009-09-06T12:45:00+00:00,-2005390,4512.302
46403,2009-09-06T13:00:00+00:00,-2004490,4512.228
46403,2009-09-06T13:15:00+00:00,-2003590,4512.147
46403,2009-09-06T13:30:00+00:00,-2002690,4512.056
46403,2009-09-06T13:45:00+00:00,-2001790,4511.963
46403,2009-09-06T14:00:00+00:00,-2000890,4511.862
46403,2009-09-06T14:15:00+00:00,-1999990,4511.758
46403,2009-09-06T14:30:00+00:00,-1999090,4511.655
46403,2009-09-06T14:45:00+00:00,-1998190,4511.553
46403,2009-09-06T15:00:00+00:00,-1997290,4511.453
46403,2009-09-06T15:15:00+00:00,-1996390,4511.359
46403,2009-09-06T15:30:00+00:00,-1995490,4511.270
46403,2009-09-06T15:45:00+00:00,-1994590,4511.190
46403,2009-09-06T16:00:00+00:00,-1993690,4511.117
46403,2009-09-06T16:15:00+00:00,-1992790,4511.057
46403,2009-09-06T16:30:00+00:00,-1991890,4511.009
46403,2009-09-06T16:45:00+00:00,-1990990,4510.971
46403,2009-09-06T17:00:00+00:00,-1990090,4510.948
46403,2009-09-06T17:15:00+00:00,-1989190,4510.937
46403,2009-09-06T17:30:00+00:00,-1988290,4510.942
46403,2009-09-06T17:45:00+00:00,-1987390,4510.957
46403,2009-09-06T18:00:00+00:00,-1986490,4510.987
46403,2009-09-06T18:15:00+00:00,-1985590,4511.031
46403,2009-09-06T18:30:00+00:00,-1984690,4511.087
46403,2009-09-06T18:45:00+00:00,-1983790,4511.156
46403,2009-09-06T19:00:00+00:00,-1982890,4511.233
46403,2009-09-06T19:15:00+00:00,-1981990,4511.318
46403,2009-09-06T19:30:00+00:00,-1981090,4511.412
46403,2009-09-06T19:45:00+00:00,-1980190,4511.513
46403,2009-09-06T20:00:00+00:00,-1979290,4511.619
46403,2009-09-06T20:15:00+00:00,-1978390,4511.728
46403,2009-09-06T20:30:00+00:00,-1977490,4511.839
46403,2009-09-06T20:45:00+00:00,-1976590,4511.949
46403,2009-09-06T21:00:00+00:00,-1975690,4512.057
46403,2009-09-06T21:15:00+00:00,-1974790,4512.160
46403,2009-09-06T21:30:00+00:00,-1973890,4512.257
46403,2009-09-06T21:45:00+00:00,-1972990,4512.348
46403,2009-09-06T22:00:00+00:00,-1972090,4512.428
46403,2009-09-06T22:15:00+00:00,-1971190,4512.500
46403,2009-09-06T22:30:00+00:00,-1970290,4512.560
46403,2009-09-06T22:45:00+00:00,-1969390,4512.609
46403,2009-09-06T23:00:00+00:00,-1968490,4512.644
46403,2009-09-06T23:15:00+00:00,-1967590,4512.666
46403,2009-09-06T23:30:00+00:00,-1966690,4512.675
46403,2009-09-06T23:45:00+00:00,-1965790,4512.671
46403,2009-09-07T00:00:00+00:00,-1964890,4512.651
46403,2009-09-07T00:15:00+00:00,-1963990,4512.619
46403,2009-09-07T00:30:00+00:00,-1963090,4512.574
46403,2009-09-07T00:45:00+00:00,-1962190,4512.516
46403,2009-09-07T01:00:00+00:00,-1961290,4512.446
46403,2009-09-07T01:15:00+00:00,-1960390,4512.365
46403,2009-09-07T01:30:00+00:00,-1959490,4512.276
46403,2009-09-07T01:45:00+00:00,-1958590,4512.177
46403,2009-09-07T02:00:00+00:00,-1957690,4512.073
46403,2009-09-07T02:15:00+00:00,-1956790,4511.964
46403,2009-09-07T02:30:00+00:00,-1955890,4511.855
46403,2009-09-07T02:45:00+00:00,-1954990,4511.743
46403,2009-09-07T03:00:00+00:00,-1954090,4511.632
46403,2009-09-07T03:15:00+00:00,-1953190,4511.524
46403,2009-09-07T03:30:00+00:00,-1952290,4511.419
46403,2009-09-07T03:45:00+00:00,-1951390,4511.322
46403,2009-09-07T04:00:00+00:00,-1950490,4511.229
46403,2009-09-07T04:15:00+00:00,-1949590,4511.148
46403,2009-09-07T04:30:00+00:00,-1948690,4511.075
46403,2009-09-07T04:45:00+00:00,-1947790,4511.013
46403,2009-09-07T05:00:00+00:00,-1946890,4510.963
46403,2009-09-07T05:15:00+00:00,-1945990,4510.926
46403,2009-09-07T05:30:00+00:00,-1945090,4510.901
46403,2009-09-07T05:45:00+00:00,-1944190,4510.893
46403,2009-09-07T06:00:00+00:00,-1943290,4510.896
46403,2009-09-07T06:15:00+00:00,-1942390,4510.912
46403,2009-09-07T06:30:00+00:00,-1941490,4510.941
46403,2009-09-07T06:45:00+00:00,-1940590,4510.981
46403,2009-09-07T07:00:00+00:00,-1939690,4511.036
46403,2009-09-07T07:15:00+00:00,-1938790,4511.099
46403,2009-09-07T07:30:00+00:00,-1937890,4511.172
46403,2009-09-07T07:45:00+00:00,-1936990,4511.253
46403,2009-09-07T08:00:00+00:00,-1936090,4511.340
46403,2009-09-07T08:15:00+00:00,-1935190,4511.433
46403,2009-09-07T08:30:00+00:00,-1934290,4511.532
46403,2009-09-07T08:45:00+00:00,-1933390,4511.632
46403,2009-09-07T09:00:00+00:00,-1932490,4511.733
46403,2009-09-07T09:15:00+00:00,-1931590,4511.834
46403,2009-09-07T09:30:00+00:00,-1930690,4511.929
46403,2009-09-07T09:45:00+00:00,-1929790,4512.023
46403,2009-09-07T10:00:00+00:00,-1928890,4512.109
46403,2009-09-07T10:15:00+00:00,-1927990,4512.186
46403,2009-09-07T10:30:00+00:00,-1927090,4512.254
46403,2009-09-07T10:45:00+00:00,-1926190,4512.312
46403,2009-09-07T11:00:00+00:00,-1925290,4512.359
46403,2009-09-07T11:15:00+00:00,-1924390,4512.396
46403,2009-09-07T11:30:00+00:00,-1923490,4512.421
46403,2009-09-07T11:45:00+00:00,-1922590,4512.436
46403,2009-09-07T12:00:00+00:00,-1921690,4512.436
46403,2009-09-07T12:15:00+00:00,-1920790,4512.425
46403,2009-09-07T12:30:00+00:00,-1919890,4512.403
46403,2009-09-07T12:45:00+00:00,-1918990,4512.367
46403,2009-09-07T13:00:00+00:00,-1918090,4512.323
46403,2009-09-07T13:15:00+00:00,-1917190,4512.270
46403,2009-09-07T13:30:00+00:00,-1916290,4512.206
46403,2009-09-07T13:45:00+00:00,-1915390,4512.134
46403,2009-09-07T14:00:00+00:00,-1914490,4512.053
46403,2009-09-07T14:15:00+00:00,-1913590,4511.970
46403,2009-09-07T14:30:00+00:00,-1912690,4511.879
46403,2009-09-07T14:45:00+00:00,-1911790,4511.788
46403,2009-09-07T15:00:00+00:00,-1910890,4511.694
46403,2009-09-07T15:15:00+00:00,-1909990,4511.599
46403,2009-09-07T15:30:00+00:00,-1909090,4511.512
46403,2009-09-07T15:45:00+00:00,-1908190,4511.428
46403,2009-09-07T16:00:00+00:00,-1907290,4511.347
46403,2009-09-07T16:15:00+00:00,-1906390,4511.277
46403,2009-09-07T16:30:00+00:00,-1905490,4511.215
46403,2009-09-07T16:45:00+00:00,-1904590,4511.162
46403,2009-09-07T17:00:00+00:00,-1903690,4511.121
46403,2009-09-07T17:15:00+00:00,-1902790,4511.092
46403,2009-09-07T17:30:00+00:00,-1901890,4511.073
46403,2009-09-07T17:45:00+00:00,-1900990,4511.068
46403,2009-09-07T18:00:00+00:00,-1900090,4511.072
46403,2009-09-07T18:15:00+00:00,-1899190,4511.092
46403,2009-09-07T18:30:00+00:00,-1898290,4511.124
46403,2009-09-07T18:45:00+00:00,-1897390,4511.168
46403,2009-09-07T19:00:00+00:00,-1896490,4511.225
46403,2009-09-07T19:15:00+00:00,-1895590,4511.293
46403,2009-09-07T19:30:00+00:00,-1894690,4511.369
46403,2009-09-07T19:45:00+00:00,-1893790,4511.454
46403,2009-09-07T20:00:00+00:00,-1892890,4511.546
46403,2009-09-07T20:15:00+00:00,-1891990,4511.644
46403,2009-09-07T20:30:00+00:00,-1891090,4511.748
46403,2009-09-07T20:45:00+00:00,-1890190,4511.851
46403,2009-09-07T21:00:00+00:00,-1889290,4511.958
46403,2009-09-07T21:15:00+00:00,-1888390,4512.063
46403,2009-09-07T21:30:00+00:00,-1887490,4512.164
46403,2009-09-07T21:45:00+00:00,-1886590,4512.260
46403,2009-09-07T22:00:00+00:00,-1885690,4512.353
46403,2009-09-07T22:15:00+00:00,-1884790,4512.436
46403,2009-09-07T22:30:00+00:00,-1883890,4512.511
46403,2009-09-07T22:45:00+00:00,-1882990,4512.577
46403,2009-09-07T23:00:00+00:00,-1882090,4512.631
46403,2009-09-07T23:15:00+00:00,-1881190,4512.670
46403,2009-09-07T23:30:00+00:00,-1880290,4512.702
46403,2009-09-07T23:45:00+00:00,-1879390,4512.716
46403,2009-09-08T00:00:00+00:00,-1878490,4512.717
46403,2009-09-08T00:15:00+00:00,-1877590,4512.706
46403,2009-09-08T00:30:00+00:00,-1876690,4512.681
46403,2009-09-08T00:45:00+00:00,-1875790,4512.644
46403,2009-09-08T01:00:00+00:00,-1874890,4512.592
46403,2009-09-08T01:15:00+00:00,-1873990,4512.528
46403,2009-09-08T01:30:00+00:00,-1873090,4512.454
46403,2009-09-08T01:45:00+00:00,-1872190,4512.367
46403,2009-09-08T02:00:00+00:00,-1871290,4512.272
46403,2009-09-08T02:15:00+00:00,-1870390,4512.173
46403,2009-09-08T02:30:00+00:00,-1869490,4512.067
46403,2009-09-08T02:45:00+00:00,-1868590,4511.954
46403,2009-09-08T03:00:00+00:00,-1867690,4511.841
46403,2009-09-08T03:15:00+00:00,-1866790,4511.725
46403,2009-09-08T03:30:00+00:00,-1865890,4511.612
46403,2009-09-08T03:45:00+00:00,-1864990,4511.498
46403,2009-09-08T04:00:00+00:00,-1864090,4511.391
46403,2009-09-08T04:15:00+00:00,-1863190,4511.287
46403,2009-09-08T04:30:00+00:00,-1862290,4511.190
46403,2009-09-08T04:45:00+00:00,-1861390,4511.104
46403,2009-09-08T05:00:00+00:00,-1860490,4511.026
46403,2009-09-08T05:15:00+00:00,-1859590,4510.960
46403,2009-09-08T05:30:00+00:00,-1858690,4510.905
46403,2009-09-08T05:45:00+00:00,-1857790,4510.862
46403,2009-09-08T06:00:00+00:00,-1856890,4510.831
46403,2009-09-08T06:15:00+00:00,-1855990,4510.813
46403,2009-09-08T06:30:00+00:00,-1855090,4510.808
46403,2009-09-08T06:45:00+00:00,-1854190,4510.817
46403,2009-09-08T07:00:00+00:00,-1853290,4510.839
46403,2009-09-08T07:15:00+00:00,-1852390,4510.871
46403,2009-09-08T07:30:00+00:00,-1851490,4510.914
46403,2009-09-08T07:45:00+00:00,-1850590,4510.970
46403,2009-09-08T08:00:00+00:00,-1849690,4511.036
46403,2009-09-08T08:15:00+00:00,-1848790,4511.110
46403,2009-09-08T08:30:00+00:00,-1847890,4511.191
46403,2009-09-08T08:45:00+00:00,-1846990,4511.278
46403,2009-09-08T09:00:00+00:00,-1846090,4511.372
46403,2009-09-08T09:15:00+00:00,-1845190,4511.468
46403,2009-09-08T09:30:00+00:00,-1844290,4511.565
46403,2009-09-08T09:45:00+00:00,-1843390,4511.661
46403,2009-09-08T10:00:00+00:00,-1842490,4511.754
46403,2009-09-08T10:15:00+00:00,-1841590,4511.843
46403,2009-09-08T10:30:00+00:00,-1840690,4511.928
46403,2009-09-08T10:45:00+00:00,-1839790,4512.006
46403,2009-09-08T11:00:00+00:00,-1838890,4512.076
46403,2009-09-08T11:15:00+00:00,-1837990,4512.140
46403,2009-09-08T11:30:00+00:00,-1837090,4512.191
46403,2009-09-08T11:45:00+00:00,-1836190,4512.234
46403,2009-09-08T12:00:00+00:00,-1835290,4512.267
46403,2009-09-08T12:15:00+00:00,-1834390,4512.288
46403,2009-09-08T12:30:00+00:00,-1833490,4512.297
46403,2009-09-08T12:45:00+00:00,-1832590,4512.298
46403,2009-09-08T13:00:00+00:00,-1831690,4512.286
46403,2009-09-08T13:15:00+00:00,-1830790,4512.265
46403,2009-09-08T13:30:00+00:00,-1829890,4512.235
46403,2009-09-08T13:45:00+00:00,-1828990,4512.195
46403,2009-09-08T14:00:00+00:00,-1828090,4512.145
46403,2009-09-08T14:15:00+00:00,-1827190,4512.088
46403,2009-09-08T14:30:00+00:00,-1826290,4512.023
46403,2009-09-08T14:45:00+00:00,-1825390,4511.952
46403,2009-09-08T15:00:00+00:00,-1824490,4511.877
46403,2009-09-08T15:15:00+00:00,-1823590,4511.799
46403,2009-09-08T15:30:00+00:00,-1822690,4511.721
46403,2009-09-08T15:45:00+00:00,-1821790,4511.644
46403,2009-09-08T16:00:00+00:00,-1820890,4511.571
46403,2009-09-08T16:15:00+00:00,-1819990,4511.500
46403,2009-09-08T16:30:00+00:00,-1819090,4511.437
46403,2009-09-08T16:45:00+00:00,-1818190,4511.381
46403,2009-09-08T17:00:00+00:00,-1817290,4511.332
46403,2009-09-08T17:15:00+00:00,-1816390,4511.291
46403,2009-09-08T17:30:00+00:00,-1815490,4511.257
46403,2009-09-08T17:45:00+00:00,-1814590,4511.236
46403,2009-09-08T18:00:00+00:00,-1813690,4511.223
46403,2009-09-08T18:15:00+00:00,-1812790,4511.219
46403,2009-09-08T18:30:00+00:00,-1811890,4511.228
46403,2009-09-08T18:45:00+00:00,-1810990,4511.247
46403,2009-09-08T19:00:00+00:00,-1810090,4511.279
46403,2009-09-08T19:15:00+00:00,-1809190,4511.323
46403,2009-09-08T19:30:00+00:00,-1808290,4511.375
46403,2009-09-08T19:45:00+00:00,-1807390,4511.438
46403,2009-09-08T20:00:00+00:00,-1806490,4511.510
46403,2009-09-08T20:15:00+00:00,-1805590,4511.589
46403,2009-09-08T20:30:00+00:00,-1804690,4511.674
46403,2009-09-08T20:45:00+00:00,-1803790,4511.764
46403,2009-09-08T21:00:00+00:00,-1802890,4511.857
46403,2009-09-08T21:15:00+00:00,-1801990,4511.952
46403,2009-09-08T21:30:00+00:00,-1801090,4512.047
46403,2009-09-08T21:45:00+00:00,-1800190,4512.143
46403,2009-09-08T22:00:00+00:00,-1799290,4512.236
46403,2009-09-08T22:15:00+00:00,-1798390,4512.327
46403,2009-09-08T22:30:00+00:00,-1797490,4512.410
46403,2009-09-08T22:45:00+00:00,-1796590,4512.486
46403,2009-09-08T23:00:00+00:00,-1795690,4512.555
46403,2009-09-08T23:15:00+00:00,-1794790,4512.616
46403,2009-09-08T23:30:00+00:00,-1793890,4512.664
46403,2009-09-08T23:45:00+00:00,-1792990,4512.705
46403,2009-09-09T00:00:00+00:00,-1792090,4512.734
46403,2009-09-09T00:15:00+00:00,-1791190,4512.749
46403,2009-09-09T00:30:00+00:00,-1790290,4512.750
46403,2009-09-09T00:45:00+00:00,-1789390,4512.739
46403,2009-09-09T01:00:00+00:00,-1788490,4512.711
46403,2009-09-09T01:15:00+00:00,-1787590,4512.672
46403,2009-09-09T01:30:00+00:00,-1786690,4512.620
46403,2009-09-09T01:45:00+00:00,-1785790,4512.558
46403,2009-09-09T02:00:00+00:00,-1784890,4512.484
46403,2009-09-09T02:15:00+00:00,-1783990,4512.401
46403,2009-09-09T02:30:00+00:00,-1783090,4512.308
46403,2009-09-09T02:45:00+00:00,-1782190,4512.209
46403,2009-09-09T03:00:00+00:00,-1781290,4512.105
46403,2009-09-09T03:15:00+00:00,-1780390,4511.992
46403,2009-09-09T03:30:00+00:00,-1779490,4511.880
46403,2009-09-09T03:45:00+00:00,-1778590,4511.765
46403,2009-09-09T04:00:00+00:00,-1777690,4511.651
46403,2009-09-09T04:15:00+00:00,-1776790,4511.537
46403,2009-09-09T04:30:00+00:00,-1775890,4511.428
46403,2009-09-09T04:45:00+00:00,-1774990,4511.323
46403,2009-09-09T05:00:00+00:00,-1774090,4511.224
46403,2009-09-09T05:15:00+00:00,-1773190,4511.135
46403,2009-09-09T05:30:00+00:00,-1772290,4511.052
46403,2009-09-09T05:45:00+00:00,-1771390,4510.980
46403,2009-09-09T06:00:00+00:00,-1770490,4510.917
46403,2009-09-09T06:15:00+00:00,-1769590,4510.868
46403,2009-09-09T06:30:00+00:00,-1768690,4510.827
46403,2009-09-09T06:45:00+00:00,-1767790,4510.799
46403,2009-09-09T07:00:00+00:00,-1766890,4510.786
46403,2009-09-09T07:15:00+00:00,-1765990,4510.781
46403,2009-09-09T07:30:00+00:00,-1765090,4510.791
46403,2009-09-09T07:45:00+00:00,-1764190,4510.810
46403,2009-09-09T08:00:00+00:00,-1763290,4510.841
46403,2009-09-09T08:15:00+00:00,-1762390,4510.883
46403,2009-09-09T08:30:00+00:00,-1761490,4510.938
46403,2009-09-09T08:45:00+00:00,-1760590,4511.000
46403,2009-09-09T09:00:00+00:00,-1759690,4511.069
46403,2009-09-09T09:15:00+00:00,-1758790,4511.147
46403,2009-09-09T09:30:00+00:00,-1757890,4511.228
46403,2009-09-09T09:45:00+00:00,-1756990,4511.312
46403,2009-09-09T10:00:00+00:00,-1756090,4511.401
46403,2009-09-09T10:15:00+00:00,-1755190,4511.491
46403,2009-09-09T10:30:00+00:00,-1754290,4511.577
46403,2009-09-09T10:45:00+00:00,-1753390,4511.661
46403,2009-09-09T11:00:00+00:00,-1752490,4511.742
46403,2009-09-09T11:15:00+00:00,-1751590,4511.818
46403,2009-09-09T11:30:00+00:00,-1750690,4511.889
46403,2009-09-09T11:45:00+00:00,-1749790,4511.953
46403,2009-09-09T12:00:00+00:00,-1748890,4512.010
46403,2009-09-09T12:15:00+00:00,-1747990,4512.060
46403,2009-09-09T12:30:00+00:00,-1747090,4512.099
46403,2009-09-09T12:45:00+00:00,-1746190,4512.132
46403,2009-09-09T13:00:00+00:00,-1745290,4512.155
46403,2009-09-09T13:15:00+00:00,-1744390,4512.166
46403,2009-09-09T13:30:00+00:00,-1743490,4512.168
46403,2009-09-09T13:45:00+00:00,-1742590,4512.162
46403,2009-09-09T14:00:00+00:00,-1741690,4512.147
46403,2009-09-09T14:15:00+00:00,-1740790,4512.123
46403,2009-09-09T14:30:00+00:00,-1739890,4512.089
46403,2009-09-09T14:45:00+00:00,-1738990,4512.049
46403,2009-09-09T15:00:00+00:00,-1738090,4512.002
46403,2009-09-09T15:15:00+00:00,-1737190,4511.949
46403,2009-09-09T15:30:00+00:00,-1736290,4511.894
46403,2009-09-09T15:45:00+00:00,-1735390,4511.837
46403,2009-09-09T16:00:00+00:00,-1734490,4511.777
46403,2009-09-09T16:15:00+00:00,-1733590,4511.719
46403,2009-09-09T16:30:00+00:00,-1732690,4511.662
46403,2009-09-09T16:45:00+00:00,-1731790,4511.610
46403,2009-09-09T17:00:00+00:00,-1730890,4511.560
46403,2009-09-09T17:15:00+00:00,-1729990,4511.517
46403,2009-09-09T17:30:00+00:00,-1729090,4511.479
46403,2009-09-09T17:45:00+00:00,-1728190,4511.445
46403,2009-09-09T18:00:00+00:00,-1727290,4511.418
46403,2009-09-09T18:15:00+00:00,-1726390,4511.397
46403,2009-09-09T18:30:00+00:00,-1725490,4511.386
46403,2009-09-09T18:45:00+00:00,-1724590,4511.386
46403,2009-09-09T19:00:00+00:00,-1723690,4511.396
46403,2009-09-09T19:15:00+00:00,-1722790,4511.417
46403,2009-09-09T19:30:00+00:00,-1721890,4511.445
46403,2009-09-09T19:45:00+00:00,-1720990,4511.484
46403,2009-09-09T20:00:00+00:00,-1720090,4511.531
46403,2009-09-09T20:15:00+00:00,-1719190,4511.587
46403,2009-09-09T20:30:00+00:00,-1718290,4511.649
46403,2009-09-09T20:45:00+00:00,-1717390,4511.719
46403,2009-09-09T21:00:00+00:00,-1716490,4511.793
46403,2009-09-09T21:15:00+00:00,-1715590,4511.875
46403,2009-09-09T21:30:00+00:00,-1714690,4511.958
46403,2009-09-09T21:45:00+00:00,-1713790,4512.043
46403,2009-09-09T22:00:00+00:00,-1712890,4512.133
46403,2009-09-09T22:15:00+00:00,-1711990,4512.219
46403,2009-09-09T22:30:00+00:00,-1711090,4512.302
46403,2009-09-09T22:45:00+00:00,-1710190,4512.379
46403,2009-09-09T23:00:00+00:00,-1709290,4512.457
46403,2009-09-09T23:15:00+00:00,-1708390,4512.525
46403,2009-09-09T23:30:00+00:00,-1707490,4512.585
46403,2009-09-09T23:45:00+00:00,-1706590,4512.639
46403,2009-09-10T00:00:00+00:00,-1705690,4512.682
46403,2009-09-10T00:15:00+00:00,-1704790,4512.714
46403,2009-09-10T00:30:00+00:00,-1703890,4512.735
46403,2009-09-10T00:45:00+00:00,-1702990,4512.748
46403,2009-09-10T01:00:00+00:00,-1702090,4512.749
46403,2009-09-10T01:15:00+00:00,-1701190,4512.738
46403,2009-09-10T01:30:00+00:00,-1700290,4512.714
46403,2009-09-10T01:45:00+00:00,-1699390,4512.678
46403,2009-09-10T02:00:00+00:00,-1698490,4512.634
46403,2009-09-10T02:15:00+00:00,-1697590,4512.580
46403,2009-09-10T02:30:00+00:00,-1696690,4512.513
46403,2009-09-10T02:45:00+00:00,-1695790,4512.435
46403,2009-09-10T03:00:00+00:00,-1694890,4512.349
46403,2009-09-10T03:15:00+00:00,-1693990,4512.256
46403,2009-09-10T03:30:00+00:00,-1693090,4512.158
46403,2009-09-10T03:45:00+00:00,-1692190,4512.056
46403,2009-09-10T04:00:00+00:00,-1691290,4511.951
46403,2009-09-10T04:15:00+00:00,-1690390,4511.845
46403,2009-09-10T04:30:00+00:00,-1689490,4511.733
46403,2009-09-10T04:45:00+00:00,-1688590,4511.623
46403,2009-09-10T05:00:00+00:00,-1687690,4511.511
46403,2009-09-10T05:15:00+00:00,-1686790,4511.408
46403,2009-09-10T05:30:00+00:00,-1685890,4511.309
46403,2009-09-10T05:45:00+00:00,-1684990,4511.216
46403,2009-09-10T06:00:00+00:00,-1684090,4511.130
46403,2009-09-10T06:15:00+00:00,-1683190,4511.048
46403,2009-09-10T06:30:00+00:00,-1682290,4510.981
46403,2009-09-10T06:45:00+00:00,-1681390,4510.920
46403,2009-09-10T07:00:00+00:00,-1680490,4510.870
46403,2009-09-10T07:15:00+00:00,-1679590,4510.831
46403,2009-09-10T07:30:00+00:00,-1678690,4510.802
46403,2009-09-10T07:45:00+00:00,-1677790,4510.783
46403,2009-09-10T08:00:00+00:00,-1676890,4510.774
46403,2009-09-10T08:15:00+00:00,-1675990,4510.778
46403,2009-09-10T08:30:00+00:00,-1675090,4510.792
46403,2009-09-10T08:45:00+00:00,-1674190,4510.816
46403,2009-09-10T09:00:00+00:00,-1673290,4510.850
46403,2009-09-10T09:15:00+00:00,-1672390,4510.894
46403,2009-09-10T09:30:00+00:00,-1671490,4510.946
46403,2009-09-10T09:45:00+00:00,-1670590,4511.004
46403,2009-09-10T10:00:00+00:00,-1669690,4511.069
46403,2009-09-10T10:15:00+00:00,-1668790,4511.140
46403,2009-09-10T10:30:00+00:00,-1667890,4511.214
46403,2009-09-10T10:45:00+00:00,-1666990,4511.287
46403,2009-09-10T11:00:00+00:00,-1666090,4511.363
46403,2009-09-10T11:15:00+00:00,-1665190,4511.438
46403,2009-09-10T11:30:00+00:00,-1664290,4511.512
46403,2009-09-10T11:45:00+00:00,-1663390,4511.585
46403,2009-09-10T12:00:00+00:00,-1662490,4511.653
46403,2009-09-10T12:15:00+00:00,-1661590,4511.713
46403,2009-09-10T12:30:00+00:00,-1660690,4511.775
46403,2009-09-10T12:45:00+00:00,-1659790,4511.828
46403,2009-09-10T13:00:00+00:00,-1658890,4511.875
46403,2009-09-10T13:15:00+00:00,-1657990,4511.916
46403,2009-09-10T13:30:00+00:00,-1657090,4511.949
46403,2009-09-10T13:45:00+00:00,-1656190,4511.975
46403,2009-09-10T14:00:00+00:00,-1655290,4511.990
46403,2009-09-10T14:15:00+00:00,-1654390,4511.998
46403,2009-09-10T14:30:00+00:00,-1653490,4511.998
46403,2009-09-10T14:45:00+00:00,-1652590,4511.992
46403,2009-09-10T15:00:00+00:00,-1651690,4511.978
46403,2009-09-10T15:15:00+00:00,-1650790,4511.957
46403,2009-09-10T15:30:00+00:00,-1649890,4511.931
46403,2009-09-10T15:45:00+00:00,-1648990,4511.903
46403,2009-09-10T16:00:00+00:00,-1648090,4511.871
46403,2009-09-10T16:15:00+00:00,-1647190,4511.835
46403,2009-09-10T16:30:00+00:00,-1646290,4511.801
46403,2009-09-10T16:45:00+00:00,-1645390,4511.762
46403,2009-09-10T17:00:00+00:00,-1644490,4511.723
46403,2009-09-10T17:15:00+00:00,-1643590,4511.685
46403,2009-09-10T17:30:00+00:00,-1642690,4511.650
46403,2009-09-10T17:45:00+00:00,-1641790,4511.619
46403,2009-09-10T18:00:00+00:00,-1640890,4511.590
46403,2009-09-10T18:15:00+00:00,-1639990,4511.566
46403,2009-09-10T18:30:00+00:00,-1639090,4511.548
46403,2009-09-10T18:45:00+00:00,-1638190,4511.535
46403,2009-09-10T19:00:00+00:00,-1637290,4511.529
46403,2009-09-10T19:15:00+00:00,-1636390,4511.529
46403,2009-09-10T19:30:00+00:00,-1635490,4511.537
46403,2009-09-10T19:45:00+00:00,-1634590,4511.550
46403,2009-09-10T20:00:00+00:00,-1633690,4511.574
46403,2009-09-10T20:15:00+00:00,-1632790,4511.603
46403,2009-09-10T20:30:00+00:00,-1631890,4511.639
46403,2009-09-10T20:45:00+00:00,-1630990,4511.683
46403,2009-09-10T21:00:00+00:00,-1630090,4511.732
46403,2009-09-10T21:15:00+00:00,-1629190,4511.787
46403,2009-09-10T21:30:00+00:00,-1628290,4511.850
46403,2009-09-10T21:45:00+00:00,-1627390,4511.915
46403,2009-09-10T22:00:00+00:00,-1626490,4511.986
46403,2009-09-10T22:15:00+00:00,-1625590,4512.057
46403,2009-09-10T22:30:00+00:00,-1624690,4512.130
46403,2009-09-10T22:45:00+00:00,-1623790,4512.201
46403,2009-09-10T23:00:00+00:00,-1622890,4512.275
46403,2009-09-10T23:15:00+00:00,-1621990,4512.347
46403,2009-09-10T23:30:00+00:00,-1621090,4512.415
46403,2009-09-10T23:45:00+00:00,-1620190,4512.474
46403,2009-09-11T00:00:00+00:00,-1619290,4512.532
46403,2009-09-11T00:15:00+00:00,-1618390,4512.580
46403,2009-09-11T00:30:00+00:00,-1617490,4512.624
46403,2009-09-11T00:45:00+00:00,-1616590,4512.659
46403,2009-09-11T01:00:00+00:00,-1615690,4512.685
46403,2009-09-11T01:15:00+00:00,-1614790,4512.704
46403,2009-09-11T01:30:00+00:00,-1613890,4512.709
46403,2009-09-11T01:45:00+00:00,-1612990,4512.706
46403,2009-09-11T02:00:00+00:00,-1612090,4512.693
46403,2009-09-11T02:15:00+00:00,-1611190,4512.671
46403,2009-09-11T02:30:00+00:00,-1610290,4512.638
46403,2009-09-11T02:45:00+00:00,-1609390,4512.600
46403,2009-09-11T03:00:00+00:00,-1608490,4512.546
46403,2009-09-11T03:15:00+00:00,-1607590,4512.486
46403,2009-09-11T03:30:00+00:00,-1606690,4512.416
46403,2009-09-11T03:45:00+00:00,-1605790,4512.338
46403,2009-09-11T04:00:00+00:00,-1604890,4512.252
46403,2009-09-11T04:15:00+00:00,-1603990,4512.162
46403,2009-09-11T04:30:00+00:00,-1603090,4512.066
46403,2009-09-11T04:45:00+00:00,-1602190,4511.968
46403,2009-09-11T05:00:00+00:00,-1601290,4511.868
46403,2009-09-11T05:15:00+00:00,-1600390,4511.768
46403,2009-09-11T05:30:00+00:00,-1599490,4511.666
46403,2009-09-11T05:45:00+00:00,-1598590,4511.567
46403,2009-09-11T06:00:00+00:00,-1597690,4511.471
46403,2009-09-11T06:15:00+00:00,-1596790,4511.379
46403,2009-09-11T06:30:00+00:00,-1595890,4511.290
46403,2009-09-11T06:45:00+00:00,-1594990,4511.206
46403,2009-09-11T07:00:00+00:00,-1594090,4511.127
46403,2009-09-11T07:15:00+00:00,-1593190,4511.056
46403,2009-09-11T07:30:00+00:00,-1592290,4510.995
46403,2009-09-11T07:45:00+00:00,-1591390,4510.939
46403,2009-09-11T08:00:00+00:00,-1590490,4510.893
46403,2009-09-11T08:15:00+00:00,-1589590,4510.857
46403,2009-09-11T08:30:00+00:00,-1588690,4510.828
46403,2009-09-11T08:45:00+00:00,-1587790,4510.814
46403,2009-09-11T09:00:00+00:00,-1586890,4510.805
46403,2009-09-11T09:15:00+00:00,-1585990,4510.809
46403,2009-09-11T09:30:00+00:00,-1585090,4510.821
46403,2009-09-11T09:45:00+00:00,-1584190,4510.840
46403,2009-09-11T10:00:00+00:00,-1583290,4510.867
46403,2009-09-11T10:15:00+00:00,-1582390,4510.902
46403,2009-09-11T10:30:00+00:00,-1581490,4510.944
46403,2009-09-11T10:45:00+00:00,-1580590,4510.993
46403,2009-09-11T11:00:00+00:00,-1579690,4511.044
46403,2009-09-11T11:15:00+00:00,-1578790,4511.101
46403,2009-09-11T11:30:00+00:00,-1577890,4511.159
46403,2009-09-11T11:45:00+00:00,-1576990,4511.219
46403,2009-09-11T12:00:00+00:00,-1576090,4511.284
46403,2009-09-11T12:15:00+00:00,-1575190,4511.350
46403,2009-09-11T12:30:00+00:00,-1574290,4511.414
46403,2009-09-11T12:45:00+00:00,-1573390,4511.475
46403,2009-09-11T13:00:00+00:00,-1572490,4511.539
46403,2009-09-11T13:15:00+00:00,-1571590,4511.594
46403,2009-09-11T13:30:00+00:00,-1570690,4511.649
46403,2009-09-11T13:45:00+00:00,-1569790,4511.700
46403,2009-09-11T14:00:00+00:00,-1568890,4511.744
46403,2009-09-11T14:15:00+00:00,-1567990,4511.784
46403,2009-09-11T14:30:00+00:00,-1567090,4511.812
46403,2009-09-11T14:45:00+00:00,-1566190,4511.836
46403,2009-09-11T15:00:00+00:00,-1565290,4511.850
46403,2009-09-11T15:15:00+00:00,-1564390,4511.871
46403,2009-09-11T15:30:00+00:00,-1563490,4511.874
46403,2009-09-11T15:45:00+00:00,-1562590,4511.880
46403,2009-09-11T16:00:00+00:00,-1561690,4511.877
46403,2009-09-11T16:15:00+00:00,-1560790,4511.872
46403,2009-09-11T16:30:00+00:00,-1559890,4511.865
46403,2009-09-11T16:45:00+00:00,-1558990,4511.853
46403,2009-09-11T17:00:00+00:00,-1558090,4511.839
46403,2009-09-11T17:15:00+00:00,-1557190,4511.819
46403,2009-09-11T17:30:00+00:00,-1556290,4511.797
46403,2009-09-11T17:45:00+00:00,-1555390,4511.780
46403,2009-09-11T18:00:00+00:00,-1554490,4511.762
46403,2009-09-11T18:15:00+00:00,-1553590,4511.744
46403,2009-09-11T18:30:00+00:00,-1552690,4511.725
46403,2009-09-11T18:45:00+00:00,-1551790,4511.707
46403,2009-09-11T19:00:00+00:00,-1550890,4511.694
46403,2009-09-11T19:15:00+00:00,-1549990,4511.686
46403,2009-09-11T19:30:00+00:00,-1549090,4511.682
46403,2009-09-11T19:45:00+00:00,-1548190,4511.681
46403,2009-09-11T20:00:00+00:00,-1547290,4511.686
46403,2009-09-11T20:15:00+00:00,-1546390,4511.694
46403,2009-09-11T20:30:00+00:00,-1545490,4511.711
46403,2009-09-11T20:45:00+00:00,-1544590,4511.725
46403,2009-09-11T21:00:00+00:00,-1543690,4511.753
46403,2009-09-11T21:15:00+00:00,-1542790,4511.779
46403,2009-09-11T21:30:00+00:00,-1541890,4511.817
46403,2009-09-11T21:45:00+00:00,-1540990,4511.852
46403,2009-09-11T22:00:00+00:00,-1540090,4511.899
46403,2009-09-11T22:15:00+00:00,-1539190,4511.942
46403,2009-09-11T22:30:00+00:00,-1538290,4512.003
46403,2009-09-11T22:45:00+00:00,-1537390,4512.057
46403,2009-09-11T23:00:00+00:00,-1536490,4512.114
46403,2009-09-11T23:15:00+00:00,-1535590,4512.167
46403,2009-09-11T23:30:00+00:00,-1534690,4512.228
46403,2009-09-11T23:45:00+00:00,-1533790,4512.283
46403,2009-09-12T00:00:00+00:00,-1532890,4512.341
46403,2009-09-12T00:15:00+00:00,-1531990,4512.395
46403,2009-09-12T00:30:00+00:00,-1531090,4512.448
46403,2009-09-12T00:45:00+00:00,-1530190,4512.495
46403,2009-09-12T01:00:00+00:00,-1529290,4512.538
46403,2009-09-12T01:15:00+00:00,-1528390,4512.576
46403,2009-09-12T01:30:00+00:00,-1527490,4512.606
46403,2009-09-12T01:45:00+00:00,-1526590,4512.634
46403,2009-09-12T02:00:00+00:00,-1525690,4512.649
46403,2009-09-12T02:15:00+00:00,-1524790,4512.660
46403,2009-09-12T02:30:00+00:00,-1523890,4512.663
46403,2009-09-12T02:45:00+00:00,-1522990,4512.657
46403,2009-09-12T03:00:00+00:00,-1522090,4512.643
46403,2009-09-12T03:15:00+00:00,-1521190,4512.615
46403,2009-09-12T03:30:00+00:00,-1520290,4512.588
46403,2009-09-12T03:45:00+00:00,-1519390,4512.542
46403,2009-09-12T04:00:00+00:00,-1518490,4512.495
46403,2009-09-12T04:15:00+00:00,-1517590,4512.441
46403,2009-09-12T04:30:00+00:00,-1516690,4512.375
46403,2009-09-12T04:45:00+00:00,-1515790,4512.305
46403,2009-09-12T05:00:00+00:00,-1514890,4512.228
46403,2009-09-12T05:15:00+00:00,-1513990,4512.150
46403,2009-09-12T05:30:00+00:00,-1513090,4512.068
46403,2009-09-12T05:45:00+00:00,-1512190,4511.979
46403,2009-09-12T06:00:00+00:00,-1511290,4511.890
46403,2009-09-12T06:15:00+00:00,-1510390,4511.799
46403,2009-09-12T06:30:00+00:00,-1509490,4511.704
46403,2009-09-12T06:45:00+00:00,-1508590,4511.615
46403,2009-09-12T07:00:00+00:00,-1507690,4511.525
46403,2009-09-12T07:15:00+00:00,-1506790,4511.437
46403,2009-09-12T07:30:00+00:00,-1505890,4511.353
46403,2009-09-12T07:45:00+00:00,-1504990,4511.274
46403,2009-09-12T08:00:00+00:00,-1504090,4511.200
46403,2009-09-12T08:15:00+00:00,-1503190,4511.132
46403,2009-09-12T08:30:00+00:00,-1502290,4511.067
46403,2009-09-12T08:45:00+00:00,-1501390,4511.014
46403,2009-09-12T09:00:00+00:00,-1500490,4510.968
46403,2009-09-12T09:15:00+00:00,-1499590,4510.927
46403,2009-09-12T09:30:00+00:00,-1498690,4510.895
46403,2009-09-12T09:45:00+00:00,-1497790,4510.871
46403,2009-09-12T10:00:00+00:00,-1496890,4510.854
46403,2009-09-12T10:15:00+00:00,-1495990,4510.846
46403,2009-09-12T10:30:00+00:00,-1495090,4510.846
46403,2009-09-12T10:45:00+00:00,-1494190,4510.854
46403,2009-09-12T11:00:00+00:00,-1493290,4510.872
46403,2009-09-12T11:15:00+00:00,-1492390,4510.894
46403,2009-09-12T11:30:00+00:00,-1491490,4510.921
46403,2009-09-12T11:45:00+00:00,-1490590,4510.960
46403,2009-09-12T12:00:00+00:00,-1489690,4510.996
46403,2009-09-12T12:15:00+00:00,-1488790,4511.040
46403,2009-09-12T12:30:00+00:00,-1487890,4511.093
46403,2009-09-12T12:45:00+00:00,-1486990,4511.142
46403,2009-09-12T13:00:00+00:00,-1486090,4511.197
46403,2009-09-12T13:15:00+00:00,-1485190,4511.251
46403,2009-09-12T13:30:00+00:00,-1484290,4511.307
46403,2009-09-12T13:45:00+00:00,-1483390,4511.366
46403,2009-09-12T14:00:00+00:00,-1482490,4511.425
46403,2009-09-12T14:15:00+00:00,-1481590,4511.481
46403,2009-09-12T14:30:00+00:00,-1480690,4511.536
46403,2009-09-12T14:45:00+00:00,-1479790,4511.589
46403,2009-09-12T15:00:00+00:00,-1478890,4511.639
46403,2009-09-12T15:15:00+00:00,-1477990,4511.680
46403,2009-09-12T15:30:00+00:00,-1477090,4511.721
46403,2009-09-12T15:45:00+00:00,-1476190,4511.758
46403,2009-09-12T16:00:00+00:00,-1475290,4511.791
46403,2009-09-12T16:15:00+00:00,-1474390,4511.816
46403,2009-09-12T16:30:00+00:00,-1473490,4511.840
46403,2009-09-12T16:45:00+00:00,-1472590,4511.858
46403,2009-09-12T17:00:00+00:00,-1471690,4511.868
46403,2009-09-12T17:15:00+00:00,-1470790,4511.876
46403,2009-09-12T17:30:00+00:00,-1469890,4511.884
46403,2009-09-12T17:45:00+00:00,-1468990,4511.887
46403,2009-09-12T18:00:00+00:00,-1468090,4511.887
46403,2009-09-12T18:15:00+00:00,-1467190,4511.882
46403,2009-09-12T18:30:00+00:00,-1466290,4511.877
46403,2009-09-12T18:45:00+00:00,-1465390,4511.871
46403,2009-09-12T19:00:00+00:00,-1464490,4511.863
46403,2009-09-12T19:15:00+00:00,-1463590,4511.852
46403,2009-09-12T19:30:00+00:00,-1462690,4511.845
46403,2009-09-12T19:45:00+00:00,-1461790,4511.836
46403,2009-09-12T20:00:00+00:00,-1460890,4511.829
46403,2009-09-12T20:15:00+00:00,-1459990,4511.825
46403,2009-09-12T20:30:00+00:00,-1459090,4511.822
46403,2009-09-12T20:45:00+00:00,-1458190,4511.820
46403,2009-09-12T21:00:00+00:00,-1457290,4511.822
46403,2009-09-12T21:15:00+00:00,-1456390,4511.825
46403,2009-09-12T21:30:00+00:00,-1455490,4511.834
46403,2009-09-12T21:45:00+00:00,-1454590,4511.846
46403,2009-09-12T22:00:00+00:00,-1453690,4511.863
46403,2009-09-12T22:15:00+00:00,-1452790,4511.882
46403,2009-09-12T22:30:00+00:00,-1451890,4511.908
46403,2009-09-12T22:45:00+00:00,-1450990,4511.934
46403,2009-09-12T23:00:00+00:00,-1450090,4511.966
46403,2009-09-12T23:15:00+00:00,-1449190,4512.001
46403,2009-09-12T23:30:00+00:00,-1448290,4512.039
46403,2009-09-12T23:45:00+00:00,-1447390,4512.078
46403,2009-09-13T00:00:00+00:00,-1446490,4512.121
46403,2009-09-13T00:15:00+00:00,-1445590,4512.167
46403,2009-09-13T00:30:00+00:00,-1444690,4512.212
46403,2009-09-13T00:45:00+00:00,-1443790,4512.256
46403,2009-09-13T01:00:00+00:00,-1442890,4512.303
46403,2009-09-13T01:15:00+00:00,-1441990,4512.344
46403,2009-09-13T01:30:00+00:00,-1441090,4512.385
46403,2009-09-13T01:45:00+00:00,-1440190,4512.423
46403,2009-09-13T02:00:00+00:00,-1439290,4512.461
46403,2009-09-13T02:15:00+00:00,-1438390,4512.493
46403,2009-09-13T02:30:00+00:00,-1437490,4512.526
46403,2009-09-13T02:45:00+00:00,-1436590,4512.552
46403,2009-09-13T03:00:00+00:00,-1435690,4512.571
46403,2009-09-13T03:15:00+00:00,-1434790,4512.586
46403,2009-09-13T03:30:00+00:00,-1433890,4512.594
46403,2009-09-13T03:45:00+00:00,-1432990,4512.594
46403,2009-09-13T04:00:00+00:00,-1432090,4512.587
46403,2009-09-13T04:15:00+00:00,-1431190,4512.572
46403,2009-09-13T04:30:00+00:00,-1430290,4512.549
46403,2009-09-13T04:45:00+00:00,-1429390,4512.517
46403,2009-09-13T05:00:00+00:00,-1428490,4512.478
46403,2009-09-13T05:15:00+00:00,-1427590,4512.433
46403,2009-09-13T05:30:00+00:00,-1426690,4512.383
46403,2009-09-13T05:45:00+00:00,-1425790,4512.325
46403,2009-09-13T06:00:00+00:00,-1424890,4512.262
46403,2009-09-13T06:15:00+00:00,-1423990,4512.191
46403,2009-09-13T06:30:00+00:00,-1423090,4512.117
46403,2009-09-13T06:45:00+00:00,-1422190,4512.039
46403,2009-09-13T07:00:00+00:00,-1421290,4511.957
46403,2009-09-13T07:15:00+00:00,-1420390,4511.871
46403,2009-09-13T07:30:00+00:00,-1419490,4511.785
46403,2009-09-13T07:45:00+00:00,-1418590,4511.696
46403,2009-09-13T08:00:00+00:00,-1417690,4511.605
46403,2009-09-13T08:15:00+00:00,-1416790,4511.519
46403,2009-09-13T08:30:00+00:00,-1415890,4511.434
46403,2009-09-13T08:45:00+00:00,-1414990,4511.354
46403,2009-09-13T09:00:00+00:00,-1414090,4511.276
46403,2009-09-13T09:15:00+00:00,-1413190,4511.201
46403,2009-09-13T09:30:00+00:00,-1412290,4511.125
46403,2009-09-13T09:45:00+00:00,-1411390,4511.063
46403,2009-09-13T10:00:00+00:00,-1410490,4511.002
46403,2009-09-13T10:15:00+00:00,-1409590,4510.950
46403,2009-09-13T10:30:00+00:00,-1408690,4510.902
46403,2009-09-13T10:45:00+00:00,-1407790,4510.863
46403,2009-09-13T11:00:00+00:00,-1406890,4510.834
46403,2009-09-13T11:15:00+00:00,-1405990,4510.809
46403,2009-09-13T11:30:00+00:00,-1405090,4510.795
46403,2009-09-13T11:45:00+00:00,-1404190,4510.790
46403,2009-09-13T12:00:00+00:00,-1403290,4510.793
46403,2009-09-13T12:15:00+00:00,-1402390,4510.804
46403,2009-09-13T12:30:00+00:00,-1401490,4510.820
46403,2009-09-13T12:45:00+00:00,-1400590,4510.847
46403,2009-09-13T13:00:00+00:00,-1399690,4510.879
46403,2009-09-13T13:15:00+00:00,-1398790,4510.919
46403,2009-09-13T13:30:00+00:00,-1397890,4510.964
46403,2009-09-13T13:45:00+00:00,-1396990,4511.014
46403,2009-09-13T14:00:00+00:00,-1396090,4511.068
46403,2009-09-13T14:15:00+00:00,-1395190,4511.122
46403,2009-09-13T14:30:00+00:00,-1394290,4511.184
46403,2009-09-13T14:45:00+00:00,-1393390,4511.245
46403,2009-09-13T15:00:00+00:00,-1392490,4511.308
46403,2009-09-13T15:15:00+00:00,-1391590,4511.372
46403,2009-09-13T15:30:00+00:00,-1390690,4511.437
46403,2009-09-13T15:45:00+00:00,-1389790,4511.499
46403,2009-09-13T16:00:00+00:00,-1388890,4511.559
46403,2009-09-13T16:15:00+00:00,-1387990,4511.616
46403,2009-09-13T16:30:00+00:00,-1387090,4511.675
46403,2009-09-13T16:45:00+00:00,-1386190,4511.724
46403,2009-09-13T17:00:00+00:00,-1385290,4511.772
46403,2009-09-13T17:15:00+00:00,-1384390,4511.816
46403,2009-09-13T17:30:00+00:00,-1383490,4511.854
46403,2009-09-13T17:45:00+00:00,-1382590,4511.888
46403,2009-09-13T18:00:00+00:00,-1381690,4511.916
46403,2009-09-13T18:15:00+00:00,-1380790,4511.942
46403,2009-09-13T18:30:00+00:00,-1379890,4511.962
46403,2009-09-13T18:45:00+00:00,-1378990,4511.976
46403,2009-09-13T19:00:00+00:00,-1378090,4511.983
46403,2009-09-13T19:15:00+00:00,-1377190,4511.990
46403,2009-09-13T19:30:00+00:00,-1376290,4511.986
46403,2009-09-13T19:45:00+00:00,-1375390,4511.985
46403,2009-09-13T20:00:00+00:00,-1374490,4511.981
46403,2009-09-13T20:15:00+00:00,-1373590,4511.973
46403,2009-09-13T20:30:00+00:00,-1372690,4511.960
46403,2009-09-13T20:45:00+00:00,-1371790,4511.947
46403,2009-09-13T21:00:00+00:00,-1370890,4511.931
46403,2009-09-13T21:15:00+00:00,-1369990,4511.920
46403,2009-09-13T21:30:00+00:00,-1369090,4511.905
46403,2009-09-13T21:45:00+00:00,-1368190,4511.891
46403,2009-09-13T22:00:00+00:00,-1367290,4511.882
46403,2009-09-13T22:15:00+00:00,-1366390,4511.870
46403,2009-09-13T22:30:00+00:00,-1365490,4511.865
46403,2009-09-13T22:45:00+00:00,-1364590,4511.859
46403,2009-09-13T23:00:00+00:00,-1363690,4511.858
46403,2009-09-13T23:15:00+00:00,-1362790,4511.862
46403,2009-09-13T23:30:00+00:00,-1361890,4511.869
46403,2009-09-13T23:45:00+00:00,-1360990,4511.877
46403,2009-09-14T00:00:00+00:00,-1360090,4511.893
46403,2009-09-14T00:15:00+00:00,-1359190,4511.912
46403,2009-09-14T00:30:00+00:00,-1358290,4511.935
46403,2009-09-14T00:45:00+00:00,-1357390,4511.962
46403,2009-09-14T01:00:00+00:00,-1356490,4511.993
46403,2009-09-14T01:15:00+00:00,-1355590,4512.029
46403,2009-09-14T01:30:00+00:00,-1354690,4512.066
46403,2009-09-14T01:45:00+00:00,-1353790,4512.107
46403,2009-09-14T02:00:00+00:00,-1352890,4512.151
46403,2009-09-14T02:15:00+00:00,-1351990,4512.197
46403,2009-09-14T02:30:00+00:00,-1351090,4512.244
46403,2009-09-14T02:45:00+00:00,-1350190,4512.288
46403,2009-09-14T03:00:00+00:00,-1349290,4512.332
46403,2009-09-14T03:15:00+00:00,-1348390,4512.373
46403,2009-09-14T03:30:00+00:00,-1347490,4512.413
46403,2009-09-14T03:45:00+00:00,-1346590,4512.450
46403,2009-09-14T04:00:00+00:00,-1345690,4512.484
46403,2009-09-14T04:15:00+00:00,-1344790,4512.507
46403,2009-09-14T04:30:00+00:00,-1343890,4512.526
46403,2009-09-14T04:45:00+00:00,-1342990,4512.542
46403,2009-09-14T05:00:00+00:00,-1342090,4512.550
46403,2009-09-14T05:15:00+00:00,-1341190,4512.550
46403,2009-09-14T05:30:00+00:00,-1340290,4512.543
46403,2009-09-14T05:45:00+00:00,-1339390,4512.528
46403,2009-09-14T06:00:00+00:00,-1338490,4512.505
46403,2009-09-14T06:15:00+00:00,-1337590,4512.472
46403,2009-09-14T06:30:00+00:00,-1336690,4512.431
46403,2009-09-14T06:45:00+00:00,-1335790,4512.387
46403,2009-09-14T07:00:00+00:00,-1334890,4512.332
46403,2009-09-14T07:15:00+00:00,-1333990,4512.270
46403,2009-09-14T07:30:00+00:00,-1333090,4512.202
46403,2009-09-14T07:45:00+00:00,-1332190,4512.127
46403,2009-09-14T08:00:00+00:00,-1331290,4512.046
46403,2009-09-14T08:15:00+00:00,-1330390,4511.960
46403,2009-09-14T08:30:00+00:00,-1329490,4511.870
46403,2009-09-14T08:45:00+00:00,-1328590,4511.777
46403,2009-09-14T09:00:00+00:00,-1327690,4511.681
46403,2009-09-14T09:15:00+00:00,-1326790,4511.586
46403,2009-09-14T09:30:00+00:00,-1325890,4511.493
46403,2009-09-14T09:45:00+00:00,-1324990,4511.400
46403,2009-09-14T10:00:00+00:00,-1324090,4511.306
46403,2009-09-14T10:15:00+00:00,-1323190,4511.216
46403,2009-09-14T10:30:00+00:00,-1322290,4511.130
46403,2009-09-14T10:45:00+00:00,-1321390,4511.047
46403,2009-09-14T11:00:00+00:00,-1320490,4510.972
46403,2009-09-14T11:15:00+00:00,-1319590,4510.900
46403,2009-09-14T11:30:00+00:00,-1318690,4510.839
46403,2009-09-14T11:45:00+00:00,-1317790,4510.787
46403,2009-09-14T12:00:00+00:00,-1316890,4510.742
46403,2009-09-14T12:15:00+00:00,-1315990,4510.705
46403,2009-09-14T12:30:00+00:00,-1315090,4510.678
46403,2009-09-14T12:45:00+00:00,-1314190,4510.664
46403,2009-09-14T13:00:00+00:00,-1313290,4510.657
46403,2009-09-14T13:15:00+00:00,-1312390,4510.665
46403,2009-09-14T13:30:00+00:00,-1311490,4510.680
46403,2009-09-14T13:45:00+00:00,-1310590,4510.704
46403,2009-09-14T14:00:00+00:00,-1309690,4510.738
46403,2009-09-14T14:15:00+00:00,-1308790,4510.780
46403,2009-09-14T14:30:00+00:00,-1307890,4510.828
46403,2009-09-14T14:45:00+00:00,-1306990,4510.886
46403,2009-09-14T15:00:00+00:00,-1306090,4510.947
46403,2009-09-14T15:15:00+00:00,-1305190,4511.014
46403,2009-09-14T15:30:00+00:00,-1304290,4511.088
46403,2009-09-14T15:45:00+00:00,-1303390,4511.165
46403,2009-09-14T16:00:00+00:00,-1302490,4511.242
46403,2009-09-14T16:15:00+00:00,-1301590,4511.321
46403,2009-09-14T16:30:00+00:00,-1300690,4511.399
46403,2009-09-14T16:45:00+00:00,-1299790,4511.483
46403,2009-09-14T17:00:00+00:00,-1298890,4511.563
46403,2009-09-14T17:15:00+00:00,-1297990,4511.637
46403,2009-09-14T17:30:00+00:00,-1297090,4511.711
46403,2009-09-14T17:45:00+00:00,-1296190,4511.782
46403,2009-09-14T18:00:00+00:00,-1295290,4511.844
46403,2009-09-14T18:15:00+00:00,-1294390,4511.901
46403,2009-09-14T18:30:00+00:00,-1293490,4511.956
46403,2009-09-14T18:45:00+00:00,-1292590,4512.002
46403,2009-09-14T19:00:00+00:00,-1291690,4512.039
46403,2009-09-14T19:15:00+00:00,-1290790,4512.071
46403,2009-09-14T19:30:00+00:00,-1289890,4512.094
46403,2009-09-14T19:45:00+00:00,-1288990,4512.110
46403,2009-09-14T20:00:00+00:00,-1288090,4512.121
46403,2009-09-14T20:15:00+00:00,-1287190,4512.122
46403,2009-09-14T20:30:00+00:00,-1286290,4512.117
46403,2009-09-14T20:45:00+00:00,-1285390,4512.105
46403,2009-09-14T21:00:00+00:00,-1284490,4512.090
46403,2009-09-14T21:15:00+00:00,-1283590,4512.067
46403,2009-09-14T21:30:00+00:00,-1282690,4512.043
46403,2009-09-14T21:45:00+00:00,-1281790,4512.014
46403,2009-09-14T22:00:00+00:00,-1280890,4511.984
46403,2009-09-14T22:15:00+00:00,-1279990,4511.951
46403,2009-09-14T22:30:00+00:00,-1279090,4511.919
46403,2009-09-14T22:45:00+00:00,-1278190,4511.886
46403,2009-09-14T23:00:00+00:00,-1277290,4511.853
46403,2009-09-14T23:15:00+00:00,-1276390,4511.823
46403,2009-09-14T23:30:00+00:00,-1275490,4511.796
46403,2009-09-14T23:45:00+00:00,-1274590,4511.772
46403,2009-09-15T00:00:00+00:00,-1273690,4511.749
46403,2009-09-15T00:15:00+00:00,-1272790,4511.734
46403,2009-09-15T00:30:00+00:00,-1271890,4511.723
46403,2009-09-15T00:45:00+00:00,-1270990,4511.719
46403,2009-09-15T01:00:00+00:00,-1270090,4511.720
46403,2009-09-15T01:15:00+00:00,-1269190,4511.729
46403,2009-09-15T01:30:00+00:00,-1268290,4511.745
46403,2009-09-15T01:45:00+00:00,-1267390,4511.766
46403,2009-09-15T02:00:00+00:00,-1266490,4511.794
46403,2009-09-15T02:15:00+00:00,-1265590,4511.831
46403,2009-09-15T02:30:00+00:00,-1264690,4511.872
46403,2009-09-15T02:45:00+00:00,-1263790,4511.923
46403,2009-09-15T03:00:00+00:00,-1262890,4511.973
46403,2009-09-15T03:15:00+00:00,-1261990,4512.026
46403,2009-09-15T03:30:00+00:00,-1261090,4512.084
46403,2009-09-15T03:45:00+00:00,-1260190,4512.145
46403,2009-09-15T04:00:00+00:00,-1259290,4512.204
46403,2009-09-15T04:15:00+00:00,-1258390,4512.263
46403,2009-09-15T04:30:00+00:00,-1257490,4512.319
46403,2009-09-15T04:45:00+00:00,-1256590,4512.374
46403,2009-09-15T05:00:00+00:00,-1255690,4512.426
46403,2009-09-15T05:15:00+00:00,-1254790,4512.470
46403,2009-09-15T05:30:00+00:00,-1253890,4512.513
46403,2009-09-15T05:45:00+00:00,-1252990,4512.546
46403,2009-09-15T06:00:00+00:00,-1252090,4512.575
46403,2009-09-15T06:15:00+00:00,-1251190,4512.591
46403,2009-09-15T06:30:00+00:00,-1250290,4512.600
46403,2009-09-15T06:45:00+00:00,-1249390,4512.600
46403,2009-09-15T07:00:00+00:00,-1248490,4512.591
46403,2009-09-15T07:15:00+00:00,-1247590,4512.572
46403,2009-09-15T07:30:00+00:00,-1246690,4512.542
46403,2009-09-15T07:45:00+00:00,-1245790,4512.504
46403,2009-09-15T08:00:00+00:00,-1244890,4512.454
46403,2009-09-15T08:15:00+00:00,-1243990,4512.394
46403,2009-09-15T08:30:00+00:00,-1243090,4512.324
46403,2009-09-15T08:45:00+00:00,-1242190,4512.247
46403,2009-09-15T09:00:00+00:00,-1241290,4512.161
46403,2009-09-15T09:15:00+00:00,-1240390,4512.069
46403,2009-09-15T09:30:00+00:00,-1239490,4511.970
46403,2009-09-15T09:45:00+00:00,-1238590,4511.868
46403,2009-09-15T10:00:00+00:00,-1237690,4511.758
46403,2009-09-15T10:15:00+00:00,-1236790,4511.651
46403,2009-09-15T10:30:00+00:00,-1235890,4511.538
46403,2009-09-15T10:45:00+00:00,-1234990,4511.428
46403,2009-09-15T11:00:00+00:00,-1234090,4511.318
46403,2009-09-15T11:15:00+00:00,-1233190,4511.211
46403,2009-09-15T11:30:00+00:00,-1232290,4511.106
46403,2009-09-15T11:45:00+00:00,-1231390,4511.009
46403,2009-09-15T12:00:00+00:00,-1230490,4510.919
46403,2009-09-15T12:15:00+00:00,-1229590,4510.837
46403,2009-09-15T12:30:00+00:00,-1228690,4510.764
46403,2009-09-15T12:45:00+00:00,-1227790,4510.704
46403,2009-09-15T13:00:00+00:00,-1226890,4510.651
46403,2009-09-15T13:15:00+00:00,-1225990,4510.609
46403,2009-09-15T13:30:00+00:00,-1225090,4510.581
46403,2009-09-15T13:45:00+00:00,-1224190,4510.564
46403,2009-09-15T14:00:00+00:00,-1223290,4510.558
46403,2009-09-15T14:15:00+00:00,-1222390,4510.565
46403,2009-09-15T14:30:00+00:00,-1221490,4510.584
46403,2009-09-15T14:45:00+00:00,-1220590,4510.615
46403,2009-09-15T15:00:00+00:00,-1219690,4510.659
46403,2009-09-15T15:15:00+00:00,-1218790,4510.711
46403,2009-09-15T15:30:00+00:00,-1217890,4510.773
46403,2009-09-15T15:45:00+00:00,-1216990,4510.845
46403,2009-09-15T16:00:00+00:00,-1216090,4510.925
46403,2009-09-15T16:15:00+00:00,-1215190,4511.013
46403,2009-09-15T16:30:00+00:00,-1214290,4511.106
46403,2009-09-15T16:45:00+00:00,-1213390,4511.203
46403,2009-09-15T17:00:00+00:00,-1212490,4511.302
46403,2009-09-15T17:15:00+00:00,-1211590,4511.402
46403,2009-09-15T17:30:00+00:00,-1210690,4511.502
46403,2009-09-15T17:45:00+00:00,-1209790,4511.602
46403,2009-09-15T18:00:00+00:00,-1208890,4511.696
46403,2009-09-15T18:15:00+00:00,-1207990,4511.789
46403,2009-09-15T18:30:00+00:00,-1207090,4511.875
46403,2009-09-15T18:45:00+00:00,-1206190,4511.956
46403,2009-09-15T19:00:00+00:00,-1205290,4512.029
46403,2009-09-15T19:15:00+00:00,-1204390,4512.094
46403,2009-09-15T19:30:00+00:00,-1203490,4512.151
46403,2009-09-15T19:45:00+00:00,-1202590,4512.194
46403,2009-09-15T20:00:00+00:00,-1201690,4512.231
46403,2009-09-15T20:15:00+00:00,-1200790,4512.254
46403,2009-09-15T20:30:00+00:00,-1199890,4512.269
46403,2009-09-15T20:45:00+00:00,-1198990,4512.274
46403,2009-09-15T21:00:00+00:00,-1198090,4512.268
46403,2009-09-15T21:15:00+00:00,-1197190,4512.250
46403,2009-09-15T21:30:00+00:00,-1196290,4512.227
46403,2009-09-15T21:45:00+00:00,-1195390,4512.194
46403,2009-09-15T22:00:00+00:00,-1194490,4512.152
46403,2009-09-15T22:15:00+00:00,-1193590,4512.106
46403,2009-09-15T22:30:00+00:00,-1192690,4512.054
46403,2009-09-15T22:45:00+00:00,-1191790,4512.000
46403,2009-09-15T23:00:00+00:00,-1190890,4511.943
46403,2009-09-15T23:15:00+00:00,-1189990,4511.885
46403,2009-09-15T23:30:00+00:00,-1189090,4511.825
46403,2009-09-15T23:45:00+00:00,-1188190,4511.765
46403,2009-09-16T00:00:00+00:00,-1187290,4511.708
46403,2009-09-16T00:15:00+00:00,-1186390,4511.654
46403,2009-09-16T00:30:00+00:00,-1185490,4511.604
46403,2009-09-16T00:45:00+00:00,-1184590,4511.561
46403,2009-09-16T01:00:00+00:00,-1183690,4511.525
46403,2009-09-16T01:15:00+00:00,-1182790,4511.497
46403,2009-09-16T01:30:00+00:00,-1181890,4511.475
46403,2009-09-16T01:45:00+00:00,-1180990,4511.462
46403,2009-09-16T02:00:00+00:00,-1180090,4511.460
46403,2009-09-16T02:15:00+00:00,-1179190,4511.467
46403,2009-09-16T02:30:00+00:00,-1178290,4511.483
46403,2009-09-16T02:45:00+00:00,-1177390,4511.509
46403,2009-09-16T03:00:00+00:00,-1176490,4511.546
46403,2009-09-16T03:15:00+00:00,-1175590,4511.591
46403,2009-09-16T03:30:00+00:00,-1174690,4511.643
46403,2009-09-16T03:45:00+00:00,-1173790,4511.706
46403,2009-09-16T04:00:00+00:00,-1172890,4511.775
46403,2009-09-16T04:15:00+00:00,-1171990,4511.847
46403,2009-09-16T04:30:00+00:00,-1171090,4511.924
46403,2009-09-16T04:45:00+00:00,-1170190,4512.000
46403,2009-09-16T05:00:00+00:00,-1169290,4512.082
46403,2009-09-16T05:15:00+00:00,-1168390,4512.161
46403,2009-09-16T05:30:00+00:00,-1167490,4512.241
46403,2009-09-16T05:45:00+00:00,-1166590,4512.317
46403,2009-09-16T06:00:00+00:00,-1165690,4512.389
46403,2009-09-16T06:15:00+00:00,-1164790,4512.455
46403,2009-09-16T06:30:00+00:00,-1163890,4512.513
46403,2009-09-16T06:45:00+00:00,-1162990,4512.564
46403,2009-09-16T07:00:00+00:00,-1162090,4512.607
46403,2009-09-16T07:15:00+00:00,-1161190,4512.639
46403,2009-09-16T07:30:00+00:00,-1160290,4512.663
46403,2009-09-16T07:45:00+00:00,-1159390,4512.671
46403,2009-09-16T08:00:00+00:00,-1158490,4512.670
46403,2009-09-16T08:15:00+00:00,-1157590,4512.658
46403,2009-09-16T08:30:00+00:00,-1156690,4512.629
46403,2009-09-16T08:45:00+00:00,-1155790,4512.589
46403,2009-09-16T09:00:00+00:00,-1154890,4512.534
46403,2009-09-16T09:15:00+00:00,-1153990,4512.469
46403,2009-09-16T09:30:00+00:00,-1153090,4512.393
46403,2009-09-16T09:45:00+00:00,-1152190,4512.305
46403,2009-09-16T10:00:00+00:00,-1151290,4512.210
46403,2009-09-16T10:15:00+00:00,-1150390,4512.103
46403,2009-09-16T10:30:00+00:00,-1149490,4511.990
46403,2009-09-16T10:45:00+00:00,-1148590,4511.873
46403,2009-09-16T11:00:00+00:00,-1147690,4511.748
46403,2009-09-16T11:15:00+00:00,-1146790,4511.624
46403,2009-09-16T11:30:00+00:00,-1145890,4511.500
46403,2009-09-16T11:45:00+00:00,-1144990,4511.375
46403,2009-09-16T12:00:00+00:00,-1144090,4511.254
46403,2009-09-16T12:15:00+00:00,-1143190,4511.137
46403,2009-09-16T12:30:00+00:00,-1142290,4511.026
46403,2009-09-16T12:45:00+00:00,-1141390,4510.923
46403,2009-09-16T13:00:00+00:00,-1140490,4510.830
46403,2009-09-16T13:15:00+00:00,-1139590,4510.745
46403,2009-09-16T13:30:00+00:00,-1138690,4510.671
46403,2009-09-16T13:45:00+00:00,-1137790,4510.609
46403,2009-09-16T14:00:00+00:00,-1136890,4510.559
46403,2009-09-16T14:15:00+00:00,-1135990,4510.523
46403,2009-09-16T14:30:00+00:00,-1135090,4510.501
46403,2009-09-16T14:45:00+00:00,-1134190,4510.495
46403,2009-09-16T15:00:00+00:00,-1133290,4510.501
46403,2009-09-16T15:15:00+00:00,-1132390,4510.521
46403,2009-09-16T15:30:00+00:00,-1131490,4510.557
46403,2009-09-16T15:45:00+00:00,-1130590,4510.609
46403,2009-09-16T16:00:00+00:00,-1129690,4510.671
46403,2009-09-16T16:15:00+00:00,-1128790,4510.745
46403,2009-09-16T16:30:00+00:00,-1127890,4510.828
46403,2009-09-16T16:45:00+00:00,-1126990,4510.920
46403,2009-09-16T17:00:00+00:00,-1126090,4511.024
46403,2009-09-16T17:15:00+00:00,-1125190,4511.133
46403,2009-09-16T17:30:00+00:00,-1124290,4511.246
46403,2009-09-16T17:45:00+00:00,-1123390,4511.363
46403,2009-09-16T18:00:00+00:00,-1122490,4511.477
46403,2009-09-16T18:15:00+00:00,-1121590,4511.592
46403,2009-09-16T18:30:00+00:00,-1120690,4511.709
46403,2009-09-16T18:45:00+00:00,-1119790,4511.818
46403,2009-09-16T19:00:00+00:00,-1118890,4511.924
46403,2009-09-16T19:15:00+00:00,-1117990,4512.019
46403,2009-09-16T19:30:00+00:00,-1117090,4512.110
46403,2009-09-16T19:45:00+00:00,-1116190,4512.192
46403,2009-09-16T20:00:00+00:00,-1115290,4512.261
46403,2009-09-16T20:15:00+00:00,-1114390,4512.320
46403,2009-09-16T20:30:00+00:00,-1113490,4512.366
46403,2009-09-16T20:45:00+00:00,-1112590,4512.398
46403,2009-09-16T21:00:00+00:00,-1111690,4512.422
46403,2009-09-16T21:15:00+00:00,-1110790,4512.428
46403,2009-09-16T21:30:00+00:00,-1109890,4512.425
46403,2009-09-16T21:45:00+00:00,-1108990,4512.406
46403,2009-09-16T22:00:00+00:00,-1108090,4512.376
46403,2009-09-16T22:15:00+00:00,-1107190,4512.336
46403,2009-09-16T22:30:00+00:00,-1106290,4512.285
46403,2009-09-16T22:45:00+00:00,-1105390,4512.223
46403,2009-09-16T23:00:00+00:00,-1104490,4512.152
46403,2009-09-16T23:15:00+00:00,-1103590,4512.075
46403,2009-09-16T23:30:00+00:00,-1102690,4511.996
46403,2009-09-16T23:45:00+00:00,-1101790,4511.912
46403,2009-09-17T00:00:00+00:00,-1100890,4511.823
46403,2009-09-17T00:15:00+00:00,-1099990,4511.737
46403,2009-09-17T00:30:00+00:00,-1099090,4511.650
46403,2009-09-17T00:45:00+00:00,-1098190,4511.569
46403,2009-09-17T01:00:00+00:00,-1097290,4511.490
46403,2009-09-17T01:15:00+00:00,-1096390,4511.419
46403,2009-09-17T01:30:00+00:00,-1095490,4511.352
46403,2009-09-17T01:45:00+00:00,-1094590,4511.292
46403,2009-09-17T02:00:00+00:00,-1093690,4511.245
46403,2009-09-17T02:15:00+00:00,-1092790,4511.209
46403,2009-09-17T02:30:00+00:00,-1091890,4511.186
46403,2009-09-17T02:45:00+00:00,-1090990,4511.172
46403,2009-09-17T03:00:00+00:00,-1090090,4511.173
46403,2009-09-17T03:15:00+00:00,-1089190,4511.183
46403,2009-09-17T03:30:00+00:00,-1088290,4511.212
46403,2009-09-17T03:45:00+00:00,-1087390,4511.249
46403,2009-09-17T04:00:00+00:00,-1086490,4511.299
46403,2009-09-17T04:15:00+00:00,-1085590,4511.360
46403,2009-09-17T04:30:00+00:00,-1084690,4511.431
46403,2009-09-17T04:45:00+00:00,-1083790,4511.508
46403,2009-09-17T05:00:00+00:00,-1082890,4511.594
46403,2009-09-17T05:15:00+00:00,-1081990,4511.690
46403,2009-09-17T05:30:00+00:00,-1081090,4511.787
46403,2009-09-17T05:45:00+00:00,-1080190,4511.891
46403,2009-09-17T06:00:00+00:00,-1079290,4511.993
46403,2009-09-17T06:15:00+00:00,-1078390,4512.092
46403,2009-09-17T06:30:00+00:00,-1077490,4512.192
46403,2009-09-17T06:45:00+00:00,-1076590,4512.287
46403,2009-09-17T07:00:00+00:00,-1075690,4512.376
46403,2009-09-17T07:15:00+00:00,-1074790,4512.457
46403,2009-09-17T07:30:00+00:00,-1073890,4512.531
46403,2009-09-17T07:45:00+00:00,-1072990,4512.595
46403,2009-09-17T08:00:00+00:00,-1072090,4512.647
46403,2009-09-17T08:15:00+00:00,-1071190,4512.688
46403,2009-09-17T08:30:00+00:00,-1070290,4512.713
46403,2009-09-17T08:45:00+00:00,-1069390,4512.727
46403,2009-09-17T09:00:00+00:00,-1068490,4512.723
46403,2009-09-17T09:15:00+00:00,-1067590,4512.706
46403,2009-09-17T09:30:00+00:00,-1066690,4512.673
46403,2009-09-17T09:45:00+00:00,-1065790,4512.625
46403,2009-09-17T10:00:00+00:00,-1064890,4512.563
46403,2009-09-17T10:15:00+00:00,-1063990,4512.490
46403,2009-09-17T10:30:00+00:00,-1063090,4512.405
46403,2009-09-17T10:45:00+00:00,-1062190,4512.307
46403,2009-09-17T11:00:00+00:00,-1061290,4512.200
46403,2009-09-17T11:15:00+00:00,-1060390,4512.083
46403,2009-09-17T11:30:00+00:00,-1059490,4511.959
46403,2009-09-17T11:45:00+00:00,-1058590,4511.831
46403,2009-09-17T12:00:00+00:00,-1057690,4511.698
46403,2009-09-17T12:15:00+00:00,-1056790,4511.566
46403,2009-09-17T12:30:00+00:00,-1055890,4511.433
46403,2009-09-17T12:45:00+00:00,-1054990,4511.308
46403,2009-09-17T13:00:00+00:00,-1054090,4511.184
46403,2009-09-17T13:15:00+00:00,-1053190,4511.067
46403,2009-09-17T13:30:00+00:00,-1052290,4510.957
46403,2009-09-17T13:45:00+00:00,-1051390,4510.854
46403,2009-09-17T14:00:00+00:00,-1050490,4510.765
46403,2009-09-17T14:15:00+00:00,-1049590,4510.684
46403,2009-09-17T14:30:00+00:00,-1048690,4510.618
46403,2009-09-17T14:45:00+00:00,-1047790,4510.569
46403,2009-09-17T15:00:00+00:00,-1046890,4510.533
46403,2009-09-17T15:15:00+00:00,-1045990,4510.512
46403,2009-09-17T15:30:00+00:00,-1045090,4510.506
46403,2009-09-17T15:45:00+00:00,-1044190,4510.521
46403,2009-09-17T16:00:00+00:00,-1043290,4510.549
46403,2009-09-17T16:15:00+00:00,-1042390,4510.593
46403,2009-09-17T16:30:00+00:00,-1041490,4510.654
46403,2009-09-17T16:45:00+00:00,-1040590,4510.727
46403,2009-09-17T17:00:00+00:00,-1039690,4510.813
46403,2009-09-17T17:15:00+00:00,-1038790,4510.910
46403,2009-09-17T17:30:00+00:00,-1037890,4511.016
46403,2009-09-17T17:45:00+00:00,-1036990,4511.130
46403,2009-09-17T18:00:00+00:00,-1036090,4511.248
46403,2009-09-17T18:15:00+00:00,-1035190,4511.374
46403,2009-09-17T18:30:00+00:00,-1034290,4511.501
46403,2009-09-17T18:45:00+00:00,-1033390,4511.630
46403,2009-09-17T19:00:00+00:00,-1032490,4511.756
46403,2009-09-17T19:15:00+00:00,-1031590,4511.881
46403,2009-09-17T19:30:00+00:00,-1030690,4512.000
46403,2009-09-17T19:45:00+00:00,-1029790,4512.111
46403,2009-09-17T20:00:00+00:00,-1028890,4512.215
46403,2009-09-17T20:15:00+00:00,-1027990,4512.309
46403,2009-09-17T20:30:00+00:00,-1027090,4512.393
46403,2009-09-17T20:45:00+00:00,-1026190,4512.462
46403,2009-09-17T21:00:00+00:00,-1025290,4512.518
46403,2009-09-17T21:15:00+00:00,-1024390,4512.556
46403,2009-09-17T21:30:00+00:00,-1023490,4512.582
46403,2009-09-17T21:45:00+00:00,-1022590,4512.594
46403,2009-09-17T22:00:00+00:00,-1021690,4512.588
46403,2009-09-17T22:15:00+00:00,-1020790,4512.567
46403,2009-09-17T22:30:00+00:00,-1019890,4512.531
46403,2009-09-17T22:45:00+00:00,-1018990,4512.480
46403,2009-09-17T23:00:00+00:00,-1018090,4512.416
46403,2009-09-17T23:15:00+00:00,-1017190,4512.343
46403,2009-09-17T23:30:00+00:00,-1016290,4512.258
46403,2009-09-17T23:45:00+00:00,-1015390,4512.166
46403,2009-09-18T00:00:00+00:00,-1014490,4512.065
46403,2009-09-18T00:15:00+00:00,-1013590,4511.958
46403,2009-09-18T00:30:00+00:00,-1012690,4511.850
46403,2009-09-18T00:45:00+00:00,-1011790,4511.736
46403,2009-09-18T01:00:00+00:00,-1010890,4511.625
46403,2009-09-18T01:15:00+00:00,-1009990,4511.516
46403,2009-09-18T01:30:00+00:00,-1009090,4511.409
46403,2009-09-18T01:45:00+00:00,-1008190,4511.308
46403,2009-09-18T02:00:00+00:00,-1007290,4511.217
46403,2009-09-18T02:15:00+00:00,-1006390,4511.136
46403,2009-09-18T02:30:00+00:00,-1005490,4511.064
46403,2009-09-18T02:45:00+00:00,-1004590,4511.004
46403,2009-09-18T03:00:00+00:00,-1003690,4510.955
46403,2009-09-18T03:15:00+00:00,-1002790,4510.925
46403,2009-09-18T03:30:00+00:00,-1001890,4510.905
46403,2009-09-18T03:45:00+00:00,-1000990,4510.904
46403,2009-09-18T04:00:00+00:00,-1000090,4510.914
46403,2009-09-18T04:15:00+00:00,-999190,4510.938
46403,2009-09-18T04:30:00+00:00,-998290,4510.978
46403,2009-09-18T04:45:00+00:00,-997390,4511.031
46403,2009-09-18T05:00:00+00:00,-996490,4511.097
46403,2009-09-18T05:15:00+00:00,-995590,4511.177
46403,2009-09-18T05:30:00+00:00,-994690,4511.265
46403,2009-09-18T05:45:00+00:00,-993790,4511.364
46403,2009-09-18T06:00:00+00:00,-992890,4511.470
46403,2009-09-18T06:15:00+00:00,-991990,4511.582
46403,2009-09-18T06:30:00+00:00,-991090,4511.699
46403,2009-09-18T06:45:00+00:00,-990190,4511.818
46403,2009-09-18T07:00:00+00:00,-989290,4511.937
46403,2009-09-18T07:15:00+00:00,-988390,4512.055
46403,2009-09-18T07:30:00+00:00,-987490,4512.167
46403,2009-09-18T07:45:00+00:00,-986590,4512.273
46403,2009-09-18T08:00:00+00:00,-985690,4512.371
46403,2009-09-18T08:15:00+00:00,-984790,4512.462
46403,2009-09-18T08:30:00+00:00,-983890,4512.540
46403,2009-09-18T08:45:00+00:00,-982990,4512.605
46403,2009-09-18T09:00:00+00:00,-982090,4512.660
46403,2009-09-18T09:15:00+00:00,-981190,4512.698
46403,2009-09-18T09:30:00+00:00,-980290,4512.722
46403,2009-09-18T09:45:00+00:00,-979390,4512.730
46403,2009-09-18T10:00:00+00:00,-978490,4512.722
46403,2009-09-18T10:15:00+00:00,-977590,4512.697
46403,2009-09-18T10:30:00+00:00,-976690,4512.658
46403,2009-09-18T10:45:00+00:00,-975790,4512.602
46403,2009-09-18T11:00:00+00:00,-974890,4512.531
46403,2009-09-18T11:15:00+00:00,-973990,4512.447
46403,2009-09-18T11:30:00+00:00,-973090,4512.353
46403,2009-09-18T11:45:00+00:00,-972190,4512.247
46403,2009-09-18T12:00:00+00:00,-971290,4512.130
46403,2009-09-18T12:15:00+00:00,-970390,4512.007
46403,2009-09-18T12:30:00+00:00,-969490,4511.877
46403,2009-09-18T12:45:00+00:00,-968590,4511.745
46403,2009-09-18T13:00:00+00:00,-967690,4511.613
46403,2009-09-18T13:15:00+00:00,-966790,4511.483
46403,2009-09-18T13:30:00+00:00,-965890,4511.353
46403,2009-09-18T13:45:00+00:00,-964990,4511.229
46403,2009-09-18T14:00:00+00:00,-964090,4511.112
46403,2009-09-18T14:15:00+00:00,-963190,4511.003
46403,2009-09-18T14:30:00+00:00,-962290,4510.902
46403,2009-09-18T14:45:00+00:00,-961390,4510.815
46403,2009-09-18T15:00:00+00:00,-960490,4510.738
46403,2009-09-18T15:15:00+00:00,-959590,4510.679
46403,2009-09-18T15:30:00+00:00,-958690,4510.634
46403,2009-09-18T15:45:00+00:00,-957790,4510.604
46403,2009-09-18T16:00:00+00:00,-956890,4510.593
46403,2009-09-18T16:15:00+00:00,-955990,4510.599
46403,2009-09-18T16:30:00+00:00,-955090,4510.621
46403,2009-09-18T16:45:00+00:00,-954190,4510.660
46403,2009-09-18T17:00:00+00:00,-953290,4510.715
46403,2009-09-18T17:15:00+00:00,-952390,4510.787
46403,2009-09-18T17:30:00+00:00,-951490,4510.869
46403,2009-09-18T17:45:00+00:00,-950590,4510.964
46403,2009-09-18T18:00:00+00:00,-949690,4511.072
46403,2009-09-18T18:15:00+00:00,-948790,4511.187
46403,2009-09-18T18:30:00+00:00,-947890,4511.313
46403,2009-09-18T18:45:00+00:00,-946990,4511.443
46403,2009-09-18T19:00:00+00:00,-946090,4511.578
46403,2009-09-18T19:15:00+00:00,-945190,4511.713
46403,2009-09-18T19:30:00+00:00,-944290,4511.847
46403,2009-09-18T19:45:00+00:00,-943390,4511.980
46403,2009-09-18T20:00:00+00:00,-942490,4512.107
46403,2009-09-18T20:15:00+00:00,-941590,4512.228
46403,2009-09-18T20:30:00+00:00,-940690,4512.339
46403,2009-09-18T20:45:00+00:00,-939790,4512.438
46403,2009-09-18T21:00:00+00:00,-938890,4512.527
46403,2009-09-18T21:15:00+00:00,-937990,4512.602
46403,2009-09-18T21:30:00+00:00,-937090,4512.662
46403,2009-09-18T21:45:00+00:00,-936190,4512.706
46403,2009-09-18T22:00:00+00:00,-935290,4512.733
46403,2009-09-18T22:15:00+00:00,-934390,4512.745
46403,2009-09-18T22:30:00+00:00,-933490,4512.743
46403,2009-09-18T22:45:00+00:00,-932590,4512.723
46403,2009-09-18T23:00:00+00:00,-931690,4512.686
46403,2009-09-18T23:15:00+00:00,-930790,4512.632
46403,2009-09-18T23:30:00+00:00,-929890,4512.563
46403,2009-09-18T23:45:00+00:00,-928990,4512.482
46403,2009-09-19T00:00:00+00:00,-928090,4512.387
46403,2009-09-19T00:15:00+00:00,-927190,4512.285
46403,2009-09-19T00:30:00+00:00,-926290,4512.172
46403,2009-09-19T00:45:00+00:00,-925390,4512.050
46403,2009-09-19T01:00:00+00:00,-924490,4511.926
46403,2009-09-19T01:15:00+00:00,-923590,4511.795
46403,2009-09-19T01:30:00+00:00,-922690,4511.667
46403,2009-09-19T01:45:00+00:00,-921790,4511.536
46403,2009-09-19T02:00:00+00:00,-920890,4511.410
46403,2009-09-19T02:15:00+00:00,-919990,4511.289
46403,2009-09-19T02:30:00+00:00,-919090,4511.175
46403,2009-09-19T02:45:00+00:00,-918190,4511.070
46403,2009-09-19T03:00:00+00:00,-917290,4510.975
46403,2009-09-19T03:15:00+00:00,-916390,4510.894
46403,2009-09-19T03:30:00+00:00,-915490,4510.826
46403,2009-09-19T03:45:00+00:00,-914590,4510.774
46403,2009-09-19T04:00:00+00:00,-913690,4510.736
46403,2009-09-19T04:15:00+00:00,-912790,4510.714
46403,2009-09-19T04:30:00+00:00,-911890,4510.709
46403,2009-09-19T04:45:00+00:00,-910990,4510.717
46403,2009-09-19T05:00:00+00:00,-910090,4510.743
46403,2009-09-19T05:15:00+00:00,-909190,4510.787
46403,2009-09-19T05:30:00+00:00,-908290,4510.845
46403,2009-09-19T05:45:00+00:00,-907390,4510.918
46403,2009-09-19T06:00:00+00:00,-906490,4511.004
46403,2009-09-19T06:15:00+00:00,-905590,4511.099
46403,2009-09-19T06:30:00+00:00,-904690,4511.207
46403,2009-09-19T06:45:00+00:00,-903790,4511.323
46403,2009-09-19T07:00:00+00:00,-902890,4511.445
46403,2009-09-19T07:15:00+00:00,-901990,4511.571
46403,2009-09-19T07:30:00+00:00,-901090,4511.697
46403,2009-09-19T07:45:00+00:00,-900190,4511.826
46403,2009-09-19T08:00:00+00:00,-899290,4511.954
46403,2009-09-19T08:15:00+00:00,-898390,4512.077
46403,2009-09-19T08:30:00+00:00,-897490,4512.193
46403,2009-09-19T08:45:00+00:00,-896590,4512.299
46403,2009-09-19T09:00:00+00:00,-895690,4512.398
46403,2009-09-19T09:15:00+00:00,-894790,4512.484
46403,2009-09-19T09:30:00+00:00,-893890,4512.558
46403,2009-09-19T09:45:00+00:00,-892990,4512.617
46403,2009-09-19T10:00:00+00:00,-892090,4512.663
46403,2009-09-19T10:15:00+00:00,-891190,4512.693
46403,2009-09-19T10:30:00+00:00,-890290,4512.703
46403,2009-09-19T10:45:00+00:00,-889390,4512.699
46403,2009-09-19T11:00:00+00:00,-888490,4512.680
46403,2009-09-19T11:15:00+00:00,-887590,4512.648
46403,2009-09-19T11:30:00+00:00,-886690,4512.598
46403,2009-09-19T11:45:00+00:00,-885790,4512.533
46403,2009-09-19T12:00:00+00:00,-884890,4512.454
46403,2009-09-19T12:15:00+00:00,-883990,4512.364
46403,2009-09-19T12:30:00+00:00,-883090,4512.259
46403,2009-09-19T12:45:00+00:00,-882190,4512.152
46403,2009-09-19T13:00:00+00:00,-881290,4512.035
46403,2009-09-19T13:15:00+00:00,-880390,4511.912
46403,2009-09-19T13:30:00+00:00,-879490,4511.788
46403,2009-09-19T13:45:00+00:00,-878590,4511.662
46403,2009-09-19T14:00:00+00:00,-877690,4511.536
46403,2009-09-19T14:15:00+00:00,-876790,4511.415
46403,2009-09-19T14:30:00+00:00,-875890,4511.298
46403,2009-09-19T14:45:00+00:00,-874990,4511.190
46403,2009-09-19T15:00:00+00:00,-874090,4511.090
46403,2009-09-19T15:15:00+00:00,-873190,4511.001
46403,2009-09-19T15:30:00+00:00,-872290,4510.921
46403,2009-09-19T15:45:00+00:00,-871390,4510.857
46403,2009-09-19T16:00:00+00:00,-870490,4510.810
46403,2009-09-19T16:15:00+00:00,-869590,4510.778
46403,2009-09-19T16:30:00+00:00,-868690,4510.762
46403,2009-09-19T16:45:00+00:00,-867790,4510.764
46403,2009-09-19T17:00:00+00:00,-866890,4510.783
46403,2009-09-19T17:15:00+00:00,-865990,4510.817
46403,2009-09-19T17:30:00+00:00,-865090,4510.868
46403,2009-09-19T17:45:00+00:00,-864190,4510.934
46403,2009-09-19T18:00:00+00:00,-863290,4511.014
46403,2009-09-19T18:15:00+00:00,-862390,4511.106
46403,2009-09-19T18:30:00+00:00,-861490,4511.209
46403,2009-09-19T18:45:00+00:00,-860590,4511.321
46403,2009-09-19T19:00:00+00:00,-859690,4511.443
46403,2009-09-19T19:15:00+00:00,-858790,4511.571
46403,2009-09-19T19:30:00+00:00,-857890,4511.701
46403,2009-09-19T19:45:00+00:00,-856990,4511.837
46403,2009-09-19T20:00:00+00:00,-856090,4511.969
46403,2009-09-19T20:15:00+00:00,-855190,4512.099
46403,2009-09-19T20:30:00+00:00,-854290,4512.224
46403,2009-09-19T20:45:00+00:00,-853390,4512.343
46403,2009-09-19T21:00:00+00:00,-852490,4512.456
46403,2009-09-19T21:15:00+00:00,-851590,4512.557
46403,2009-09-19T21:30:00+00:00,-850690,4512.644
46403,2009-09-19T21:45:00+00:00,-849790,4512.722
46403,2009-09-19T22:00:00+00:00,-848890,4512.785
46403,2009-09-19T22:15:00+00:00,-847990,4512.831
46403,2009-09-19T22:30:00+00:00,-847090,4512.863
46403,2009-09-19T22:45:00+00:00,-846190,4512.874
46403,2009-09-19T23:00:00+00:00,-845290,4512.871
46403,2009-09-19T23:15:00+00:00,-844390,4512.848
46403,2009-09-19T23:30:00+00:00,-843490,4512.809
46403,2009-09-19T23:45:00+00:00,-842590,4512.752
46403,2009-09-20T00:00:00+00:00,-841690,4512.680
46403,2009-09-20T00:15:00+00:00,-840790,4512.593
46403,2009-09-20T00:30:00+00:00,-839890,4512.495
46403,2009-09-20T00:45:00+00:00,-838990,4512.384
46403,2009-09-20T01:00:00+00:00,-838090,4512.264
46403,2009-09-20T01:15:00+00:00,-837190,4512.134
46403,2009-09-20T01:30:00+00:00,-836290,4511.998
46403,2009-09-20T01:45:00+00:00,-835390,4511.859
46403,2009-09-20T02:00:00+00:00,-834490,4511.716
46403,2009-09-20T02:15:00+00:00,-833590,4511.573
46403,2009-09-20T02:30:00+00:00,-832690,4511.433
46403,2009-09-20T02:45:00+00:00,-831790,4511.297
46403,2009-09-20T03:00:00+00:00,-830890,4511.167
46403,2009-09-20T03:15:00+00:00,-829990,4511.046
46403,2009-09-20T03:30:00+00:00,-829090,4510.936
46403,2009-09-20T03:45:00+00:00,-828190,4510.838
46403,2009-09-20T04:00:00+00:00,-827290,4510.753
46403,2009-09-20T04:15:00+00:00,-826390,4510.682
46403,2009-09-20T04:30:00+00:00,-825490,4510.626
46403,2009-09-20T04:45:00+00:00,-824590,4510.586
46403,2009-09-20T05:00:00+00:00,-823690,4510.564
46403,2009-09-20T05:15:00+00:00,-822790,4510.558
46403,2009-09-20T05:30:00+00:00,-821890,4510.570
46403,2009-09-20T05:45:00+00:00,-820990,4510.599
46403,2009-09-20T06:00:00+00:00,-820090,4510.645
46403,2009-09-20T06:15:00+00:00,-819190,4510.707
46403,2009-09-20T06:30:00+00:00,-818290,4510.783
46403,2009-09-20T06:45:00+00:00,-817390,4510.871
46403,2009-09-20T07:00:00+00:00,-816490,4510.969
46403,2009-09-20T07:15:00+00:00,-815590,4511.078
46403,2009-09-20T07:30:00+00:00,-814690,4511.196
46403,2009-09-20T07:45:00+00:00,-813790,4511.318
46403,2009-09-20T08:00:00+00:00,-812890,4511.445
46403,2009-09-20T08:15:00+00:00,-811990,4511.576
46403,2009-09-20T08:30:00+00:00,-811090,4511.703
46403,2009-09-20T08:45:00+00:00,-810190,4511.833
46403,2009-09-20T09:00:00+00:00,-809290,4511.955
46403,2009-09-20T09:15:00+00:00,-808390,4512.075
46403,2009-09-20T09:30:00+00:00,-807490,4512.180
46403,2009-09-20T09:45:00+00:00,-806590,4512.279
46403,2009-09-20T10:00:00+00:00,-805690,4512.364
46403,2009-09-20T10:15:00+00:00,-804790,4512.439
46403,2009-09-20T10:30:00+00:00,-803890,4512.500
46403,2009-09-20T10:45:00+00:00,-802990,4512.544
46403,2009-09-20T11:00:00+00:00,-802090,4512.577
46403,2009-09-20T11:15:00+00:00,-801190,4512.595
46403,2009-09-20T11:30:00+00:00,-800290,4512.598
46403,2009-09-20T11:45:00+00:00,-799390,4512.581
46403,2009-09-20T12:00:00+00:00,-798490,4512.551
46403,2009-09-20T12:15:00+00:00,-797590,4512.507
46403,2009-09-20T12:30:00+00:00,-796690,4512.448
46403,2009-09-20T12:45:00+00:00,-795790,4512.377
46403,2009-09-20T13:00:00+00:00,-794890,4512.296
46403,2009-09-20T13:15:00+00:00,-793990,4512.208
46403,2009-09-20T13:30:00+00:00,-793090,4512.111
46403,2009-09-20T13:45:00+00:00,-792190,4512.007
46403,2009-09-20T14:00:00+00:00,-791290,4511.900
46403,2009-09-20T14:15:00+00:00,-790390,4511.787
46403,2009-09-20T14:30:00+00:00,-789490,4511.674
46403,2009-09-20T14:45:00+00:00,-788590,4511.563
46403,2009-09-20T15:00:00+00:00,-787690,4511.455
46403,2009-09-20T15:15:00+00:00,-786790,4511.355
46403,2009-09-20T15:30:00+00:00,-785890,4511.260
46403,2009-09-20T15:45:00+00:00,-784990,4511.176
46403,2009-09-20T16:00:00+00:00,-784090,4511.105
46403,2009-09-20T16:15:00+00:00,-783190,4511.047
46403,2009-09-20T16:30:00+00:00,-782290,4510.999
46403,2009-09-20T16:45:00+00:00,-781390,4510.965
46403,2009-09-20T17:00:00+00:00,-780490,4510.946
46403,2009-09-20T17:15:00+00:00,-779590,4510.944
46403,2009-09-20T17:30:00+00:00,-778690,4510.957
46403,2009-09-20T17:45:00+00:00,-777790,4510.983
46403,2009-09-20T18:00:00+00:00,-776890,4511.026
46403,2009-09-20T18:15:00+00:00,-775990,4511.083
46403,2009-09-20T18:30:00+00:00,-775090,4511.154
46403,2009-09-20T18:45:00+00:00,-774190,4511.238
46403,2009-09-20T19:00:00+00:00,-773290,4511.332
46403,2009-09-20T19:15:00+00:00,-772390,4511.437
46403,2009-09-20T19:30:00+00:00,-771490,4511.549
46403,2009-09-20T19:45:00+00:00,-770590,4511.669
46403,2009-09-20T20:00:00+00:00,-769690,4511.790
46403,2009-09-20T20:15:00+00:00,-768790,4511.918
46403,2009-09-20T20:30:00+00:00,-767890,4512.041
46403,2009-09-20T20:45:00+00:00,-766990,4512.165
46403,2009-09-20T21:00:00+00:00,-766090,4512.285
46403,2009-09-20T21:15:00+00:00,-765190,4512.399
46403,2009-09-20T21:30:00+00:00,-764290,4512.503
46403,2009-09-20T21:45:00+00:00,-763390,4512.600
46403,2009-09-20T22:00:00+00:00,-762490,4512.687
46403,2009-09-20T22:15:00+00:00,-761590,4512.762
46403,2009-09-20T22:30:00+00:00,-760690,4512.819
46403,2009-09-20T22:45:00+00:00,-759790,4512.865
46403,2009-09-20T23:00:00+00:00,-758890,4512.890
46403,2009-09-20T23:15:00+00:00,-757990,4512.903
46403,2009-09-20T23:30:00+00:00,-757090,4512.901
46403,2009-09-20T23:45:00+00:00,-756190,4512.878
46403,2009-09-21T00:00:00+00:00,-755290,4512.843
46403,2009-09-21T00:15:00+00:00,-754390,4512.790
46403,2009-09-21T00:30:00+00:00,-753490,4512.723
46403,2009-09-21T00:45:00+00:00,-752590,4512.638
46403,2009-09-21T01:00:00+00:00,-751690,4512.541
46403,2009-09-21T01:15:00+00:00,-750790,4512.430
46403,2009-09-21T01:30:00+00:00,-749890,4512.308
46403,2009-09-21T01:45:00+00:00,-748990,4512.183
46403,2009-09-21T02:00:00+00:00,-748090,4512.045
46403,2009-09-21T02:15:00+00:00,-747190,4511.905
46403,2009-09-21T02:30:00+00:00,-746290,4511.761
46403,2009-09-21T02:45:00+00:00,-745390,4511.617
46403,2009-09-21T03:00:00+00:00,-744490,4511.472
46403,2009-09-21T03:15:00+00:00,-743590,4511.335
46403,2009-09-21T03:30:00+00:00,-742690,4511.201
46403,2009-09-21T03:45:00+00:00,-741790,4511.075
46403,2009-09-21T04:00:00+00:00,-740890,4510.957
46403,2009-09-21T04:15:00+00:00,-739990,4510.847
46403,2009-09-21T04:30:00+00:00,-739090,4510.752
46403,2009-09-21T04:45:00+00:00,-738190,4510.671
46403,2009-09-21T05:00:00+00:00,-737290,4510.606
46403,2009-09-21T05:15:00+00:00,-736390,4510.555
46403,2009-09-21T05:30:00+00:00,-735490,4510.520
46403,2009-09-21T05:45:00+00:00,-734590,4510.504
46403,2009-09-21T06:00:00+00:00,-733690,4510.500
46403,2009-09-21T06:15:00+00:00,-732790,4510.518
46403,2009-09-21T06:30:00+00:00,-731890,4510.548
46403,2009-09-21T06:45:00+00:00,-730990,4510.595
46403,2009-09-21T07:00:00+00:00,-730090,4510.655
46403,2009-09-21T07:15:00+00:00,-729190,4510.731
46403,2009-09-21T07:30:00+00:00,-728290,4510.819
46403,2009-09-21T07:45:00+00:00,-727390,4510.915
46403,2009-09-21T08:00:00+00:00,-726490,4511.021
46403,2009-09-21T08:15:00+00:00,-725590,4511.137
46403,2009-09-21T08:30:00+00:00,-724690,4511.254
46403,2009-09-21T08:45:00+00:00,-723790,4511.377
46403,2009-09-21T09:00:00+00:00,-722890,4511.499
46403,2009-09-21T09:15:00+00:00,-721990,4511.622
46403,2009-09-21T09:30:00+00:00,-721090,4511.743
46403,2009-09-21T09:45:00+00:00,-720190,4511.858
46403,2009-09-21T10:00:00+00:00,-719290,4511.967
46403,2009-09-21T10:15:00+00:00,-718390,4512.069
46403,2009-09-21T10:30:00+00:00,-717490,4512.160
46403,2009-09-21T10:45:00+00:00,-716590,4512.244
46403,2009-09-21T11:00:00+00:00,-715690,4512.316
46403,2009-09-21T11:15:00+00:00,-714790,4512.375
46403,2009-09-21T11:30:00+00:00,-713890,4512.419
46403,2009-09-21T11:45:00+00:00,-712990,4512.449
46403,2009-09-21T12:00:00+00:00,-712090,4512.467
46403,2009-09-21T12:15:00+00:00,-711190,4512.468
46403,2009-09-21T12:30:00+00:00,-710290,4512.458
46403,2009-09-21T12:45:00+00:00,-709390,4512.434
46403,2009-09-21T13:00:00+00:00,-708490,4512.393
46403,2009-09-21T13:15:00+00:00,-707590,4512.350
46403,2009-09-21T13:30:00+00:00,-706690,4512.288
46403,2009-09-21T13:45:00+00:00,-705790,4512.220
46403,2009-09-21T14:00:00+00:00,-704890,4512.145
46403,2009-09-21T14:15:00+00:00,-703990,4512.062
46403,2009-09-21T14:30:00+00:00,-703090,4511.970
46403,2009-09-21T14:45:00+00:00,-702190,4511.879
46403,2009-09-21T15:00:00+00:00,-701290,4511.784
46403,2009-09-21T15:15:00+00:00,-700390,4511.694
46403,2009-09-21T15:30:00+00:00,-699490,4511.607
46403,2009-09-21T15:45:00+00:00,-698590,4511.520
46403,2009-09-21T16:00:00+00:00,-697690,4511.437
46403,2009-09-21T16:15:00+00:00,-696790,4511.368
46403,2009-09-21T16:30:00+00:00,-695890,4511.309
46403,2009-09-21T16:45:00+00:00,-694990,4511.252
46403,2009-09-21T17:00:00+00:00,-694090,4511.209
46403,2009-09-21T17:15:00+00:00,-693190,4511.182
46403,2009-09-21T17:30:00+00:00,-692290,4511.162
46403,2009-09-21T17:45:00+00:00,-691390,4511.152
46403,2009-09-21T18:00:00+00:00,-690490,4511.163
46403,2009-09-21T18:15:00+00:00,-689590,4511.183
46403,2009-09-21T18:30:00+00:00,-688690,4511.219
46403,2009-09-21T18:45:00+00:00,-687790,4511.262
46403,2009-09-21T19:00:00+00:00,-686890,4511.325
46403,2009-09-21T19:15:00+00:00,-685990,4511.397
46403,2009-09-21T19:30:00+00:00,-685090,4511.477
46403,2009-09-21T19:45:00+00:00,-684190,4511.570
46403,2009-09-21T20:00:00+00:00,-683290,4511.667
46403,2009-09-21T20:15:00+00:00,-682390,4511.773
46403,2009-09-21T20:30:00+00:00,-681490,4511.881
46403,2009-09-21T20:45:00+00:00,-680590,4511.990
46403,2009-09-21T21:00:00+00:00,-679690,4512.102
46403,2009-09-21T21:15:00+00:00,-678790,4512.214
46403,2009-09-21T21:30:00+00:00,-677890,4512.325
46403,2009-09-21T21:45:00+00:00,-676990,4512.426
46403,2009-09-21T22:00:00+00:00,-676090,4512.523
46403,2009-09-21T22:15:00+00:00,-675190,4512.607
46403,2009-09-21T22:30:00+00:00,-674290,4512.685
46403,2009-09-21T22:45:00+00:00,-673390,4512.750
46403,2009-09-21T23:00:00+00:00,-672490,4512.806
46403,2009-09-21T23:15:00+00:00,-671590,4512.848
46403,2009-09-21T23:30:00+00:00,-670690,4512.876
46403,2009-09-21T23:45:00+00:00,-669790,4512.889
46403,2009-09-22T00:00:00+00:00,-668890,4512.888
46403,2009-09-22T00:15:00+00:00,-667990,4512.872
46403,2009-09-22T00:30:00+00:00,-667090,4512.837
46403,2009-09-22T00:45:00+00:00,-666190,4512.791
46403,2009-09-22T01:00:00+00:00,-665290,4512.730
46403,2009-09-22T01:15:00+00:00,-664390,4512.654
46403,2009-09-22T01:30:00+00:00,-663490,4512.563
46403,2009-09-22T01:45:00+00:00,-662590,4512.464
46403,2009-09-22T02:00:00+00:00,-661690,4512.351
46403,2009-09-22T02:15:00+00:00,-660790,4512.238
46403,2009-09-22T02:30:00+00:00,-659890,4512.111
46403,2009-09-22T02:45:00+00:00,-658990,4511.979
46403,2009-09-22T03:00:00+00:00,-658090,4511.848
46403,2009-09-22T03:15:00+00:00,-657190,4511.712
46403,2009-09-22T03:30:00+00:00,-656290,4511.576
46403,2009-09-22T03:45:00+00:00,-655390,4511.440
46403,2009-09-22T04:00:00+00:00,-654490,4511.309
46403,2009-09-22T04:15:00+00:00,-653590,4511.188
46403,2009-09-22T04:30:00+00:00,-652690,4511.069
46403,2009-09-22T04:45:00+00:00,-651790,4510.961
46403,2009-09-22T05:00:00+00:00,-650890,4510.866
46403,2009-09-22T05:15:00+00:00,-649990,4510.782
46403,2009-09-22T05:30:00+00:00,-649090,4510.705
46403,2009-09-22T05:45:00+00:00,-648190,4510.647
46403,2009-09-22T06:00:00+00:00,-647290,4510.605
46403,2009-09-22T06:15:00+00:00,-646390,4510.576
46403,2009-09-22T06:30:00+00:00,-645490,4510.561
46403,2009-09-22T06:45:00+00:00,-644590,4510.565
46403,2009-09-22T07:00:00+00:00,-643690,4510.579
46403,2009-09-22T07:15:00+00:00,-642790,4510.606
46403,2009-09-22T07:30:00+00:00,-641890,4510.652
46403,2009-09-22T07:45:00+00:00,-640990,4510.709
46403,2009-09-22T08:00:00+00:00,-640090,4510.778
46403,2009-09-22T08:15:00+00:00,-639190,4510.856
46403,2009-09-22T08:30:00+00:00,-638290,4510.944
46403,2009-09-22T08:45:00+00:00,-637390,4511.039
46403,2009-09-22T09:00:00+00:00,-636490,4511.143
46403,2009-09-22T09:15:00+00:00,-635590,4511.246
46403,2009-09-22T09:30:00+00:00,-634690,4511.357
46403,2009-09-22T09:45:00+00:00,-633790,4511.466
46403,2009-09-22T10:00:00+00:00,-632890,4511.578
46403,2009-09-22T10:15:00+00:00,-631990,4511.685
46403,2009-09-22T10:30:00+00:00,-631090,4511.787
46403,2009-09-22T10:45:00+00:00,-630190,4511.885
46403,2009-09-22T11:00:00+00:00,-629290,4511.975
46403,2009-09-22T11:15:00+00:00,-628390,4512.059
46403,2009-09-22T11:30:00+00:00,-627490,4512.133
46403,2009-09-22T11:45:00+00:00,-626590,4512.196
46403,2009-09-22T12:00:00+00:00,-625690,4512.249
46403,2009-09-22T12:15:00+00:00,-624790,4512.288
46403,2009-09-22T12:30:00+00:00,-623890,4512.320
46403,2009-09-22T12:45:00+00:00,-622990,4512.337
46403,2009-09-22T13:00:00+00:00,-622090,4512.343
46403,2009-09-22T13:15:00+00:00,-621190,4512.338
46403,2009-09-22T13:30:00+00:00,-620290,4512.321
46403,2009-09-22T13:45:00+00:00,-619390,4512.294
46403,2009-09-22T14:00:00+00:00,-618490,4512.255
46403,2009-09-22T14:15:00+00:00,-617590,4512.209
46403,2009-09-22T14:30:00+00:00,-616690,4512.155
46403,2009-09-22T14:45:00+00:00,-615790,4512.095
46403,2009-09-22T15:00:00+00:00,-614890,4512.029
46403,2009-09-22T15:15:00+00:00,-613990,4511.958
46403,2009-09-22T15:30:00+00:00,-613090,4511.887
46403,2009-09-22T15:45:00+00:00,-612190,4511.814
46403,2009-09-22T16:00:00+00:00,-611290,4511.740
46403,2009-09-22T16:15:00+00:00,-610390,4511.673
46403,2009-09-22T16:30:00+00:00,-609490,4511.610
46403,2009-09-22T16:45:00+00:00,-608590,4511.549
46403,2009-09-22T17:00:00+00:00,-607690,4511.499
46403,2009-09-22T17:15:00+00:00,-606790,4511.454
46403,2009-09-22T17:30:00+00:00,-605890,4511.416
46403,2009-09-22T17:45:00+00:00,-604990,4511.391
46403,2009-09-22T18:00:00+00:00,-604090,4511.376
46403,2009-09-22T18:15:00+00:00,-603190,4511.369
46403,2009-09-22T18:30:00+00:00,-602290,4511.375
46403,2009-09-22T18:45:00+00:00,-601390,4511.391
46403,2009-09-22T19:00:00+00:00,-600490,4511.421
46403,2009-09-22T19:15:00+00:00,-599590,4511.460
46403,2009-09-22T19:30:00+00:00,-598690,4511.508
46403,2009-09-22T19:45:00+00:00,-597790,4511.565
46403,2009-09-22T20:00:00+00:00,-596890,4511.633
46403,2009-09-22T20:15:00+00:00,-595990,4511.709
46403,2009-09-22T20:30:00+00:00,-595090,4511.790
46403,2009-09-22T20:45:00+00:00,-594190,4511.879
46403,2009-09-22T21:00:00+00:00,-593290,4511.969
46403,2009-09-22T21:15:00+00:00,-592390,4512.063
46403,2009-09-22T21:30:00+00:00,-591490,4512.157
46403,2009-09-22T21:45:00+00:00,-590590,4512.249
46403,2009-09-22T22:00:00+00:00,-589690,4512.339
46403,2009-09-22T22:15:00+00:00,-588790,4512.425
46403,2009-09-22T22:30:00+00:00,-587890,4512.506
46403,2009-09-22T22:45:00+00:00,-586990,4512.581
46403,2009-09-22T23:00:00+00:00,-586090,4512.647
46403,2009-09-22T23:15:00+00:00,-585190,4512.704
46403,2009-09-22T23:30:00+00:00,-584290,4512.750
46403,2009-09-22T23:45:00+00:00,-583390,4512.790
46403,2009-09-23T00:00:00+00:00,-582490,4512.815
46403,2009-09-23T00:15:00+00:00,-581590,4512.827
46403,2009-09-23T00:30:00+00:00,-580690,4512.826
46403,2009-09-23T00:45:00+00:00,-579790,4512.810
46403,2009-09-23T01:00:00+00:00,-578890,4512.785
46403,2009-09-23T01:15:00+00:00,-577990,4512.744
46403,2009-09-23T01:30:00+00:00,-577090,4512.693
46403,2009-09-23T01:45:00+00:00,-576190,4512.629
46403,2009-09-23T02:00:00+00:00,-575290,4512.550
46403,2009-09-23T02:15:00+00:00,-574390,4512.464
46403,2009-09-23T02:30:00+00:00,-573490,4512.368
46403,2009-09-23T02:45:00+00:00,-572590,4512.262
46403,2009-09-23T03:00:00+00:00,-571690,4512.152
46403,2009-09-23T03:15:00+00:00,-570790,4512.036
46403,2009-09-23T03:30:00+00:00,-569890,4511.916
46403,2009-09-23T03:45:00+00:00,-568990,4511.795
46403,2009-09-23T04:00:00+00:00,-568090,4511.673
46403,2009-09-23T04:15:00+00:00,-567190,4511.550
46403,2009-09-23T04:30:00+00:00,-566290,4511.431
46403,2009-09-23T04:45:00+00:00,-565390,4511.315
46403,2009-09-23T05:00:00+00:00,-564490,4511.205
46403,2009-09-23T05:15:00+00:00,-563590,4511.101
46403,2009-09-23T05:30:00+00:00,-562690,4511.005
46403,2009-09-23T05:45:00+00:00,-561790,4510.918
46403,2009-09-23T06:00:00+00:00,-560890,4510.845
46403,2009-09-23T06:15:00+00:00,-559990,4510.777
46403,2009-09-23T06:30:00+00:00,-559090,4510.725
46403,2009-09-23T06:45:00+00:00,-558190,4510.682
46403,2009-09-23T07:00:00+00:00,-557290,4510.655
46403,2009-09-23T07:15:00+00:00,-556390,4510.643
46403,2009-09-23T07:30:00+00:00,-555490,4510.644
46403,2009-09-23T07:45:00+00:00,-554590,4510.658
46403,2009-09-23T08:00:00+00:00,-553690,4510.681
46403,2009-09-23T08:15:00+00:00,-552790,4510.719
46403,2009-09-23T08:30:00+00:00,-551890,4510.769
46403,2009-09-23T08:45:00+00:00,-550990,4510.826
46403,2009-09-23T09:00:00+00:00,-550090,4510.894
46403,2009-09-23T09:15:00+00:00,-549190,4510.965
46403,2009-09-23T09:30:00+00:00,-548290,4511.047
46403,2009-09-23T09:45:00+00:00,-547390,4511.132
46403,2009-09-23T10:00:00+00:00,-546490,4511.223
46403,2009-09-23T10:15:00+00:00,-545590,4511.318
46403,2009-09-23T10:30:00+00:00,-544690,4511.408
46403,2009-09-23T10:45:00+00:00,-543790,4511.506
46403,2009-09-23T11:00:00+00:00,-542890,4511.596
46403,2009-09-23T11:15:00+00:00,-541990,4511.686
46403,2009-09-23T11:30:00+00:00,-541090,4511.769
46403,2009-09-23T11:45:00+00:00,-540190,4511.846
46403,2009-09-23T12:00:00+00:00,-539290,4511.918
46403,2009-09-23T12:15:00+00:00,-538390,4511.983
46403,2009-09-23T12:30:00+00:00,-537490,4512.038
46403,2009-09-23T12:45:00+00:00,-536590,4512.084
46403,2009-09-23T13:00:00+00:00,-535690,4512.122
46403,2009-09-23T13:15:00+00:00,-534790,4512.153
46403,2009-09-23T13:30:00+00:00,-533890,4512.172
46403,2009-09-23T13:45:00+00:00,-532990,4512.181
46403,2009-09-23T14:00:00+00:00,-532090,4512.183
46403,2009-09-23T14:15:00+00:00,-531190,4512.175
46403,2009-09-23T14:30:00+00:00,-530290,4512.158
46403,2009-09-23T14:45:00+00:00,-529390,4512.133
46403,2009-09-23T15:00:00+00:00,-528490,4512.099
46403,2009-09-23T15:15:00+00:00,-527590,4512.061
46403,2009-09-23T15:30:00+00:00,-526690,4512.019
46403,2009-09-23T15:45:00+00:00,-525790,4511.974
46403,2009-09-23T16:00:00+00:00,-524890,4511.925
46403,2009-09-23T16:15:00+00:00,-523990,4511.878
46403,2009-09-23T16:30:00+00:00,-523090,4511.829
46403,2009-09-23T16:45:00+00:00,-522190,4511.781
46403,2009-09-23T17:00:00+00:00,-521290,4511.738
46403,2009-09-23T17:15:00+00:00,-520390,4511.695
46403,2009-09-23T17:30:00+00:00,-519490,4511.659
46403,2009-09-23T17:45:00+00:00,-518590,4511.624
46403,2009-09-23T18:00:00+00:00,-517690,4511.597
46403,2009-09-23T18:15:00+00:00,-516790,4511.576
46403,2009-09-23T18:30:00+00:00,-515890,4511.561
46403,2009-09-23T18:45:00+00:00,-514990,4511.557
46403,2009-09-23T19:00:00+00:00,-514090,4511.562
46403,2009-09-23T19:15:00+00:00,-513190,4511.575
46403,2009-09-23T19:30:00+00:00,-512290,4511.597
46403,2009-09-23T19:45:00+00:00,-511390,4511.626
46403,2009-09-23T20:00:00+00:00,-510490,4511.666
46403,2009-09-23T20:15:00+00:00,-509590,4511.711
46403,2009-09-23T20:30:00+00:00,-508690,4511.761
46403,2009-09-23T20:45:00+00:00,-507790,4511.820
46403,2009-09-23T21:00:00+00:00,-506890,4511.882
46403,2009-09-23T21:15:00+00:00,-505990,4511.949
46403,2009-09-23T21:30:00+00:00,-505090,4512.022
46403,2009-09-23T21:45:00+00:00,-504190,4512.096
46403,2009-09-23T22:00:00+00:00,-503290,4512.172
46403,2009-09-23T22:15:00+00:00,-502390,4512.250
46403,2009-09-23T22:30:00+00:00,-501490,4512.325
46403,2009-09-23T22:45:00+00:00,-500590,4512.399
46403,2009-09-23T23:00:00+00:00,-499690,4512.466
46403,2009-09-23T23:15:00+00:00,-498790,4512.528
46403,2009-09-23T23:30:00+00:00,-497890,4512.585
46403,2009-09-23T23:45:00+00:00,-496990,4512.635
46403,2009-09-24T00:00:00+00:00,-496090,4512.675
46403,2009-09-24T00:15:00+00:00,-495190,4512.707
46403,2009-09-24T00:30:00+00:00,-494290,4512.729
46403,2009-09-24T00:45:00+00:00,-493390,4512.740
46403,2009-09-24T01:00:00+00:00,-492490,4512.741
46403,2009-09-24T01:15:00+00:00,-491590,4512.730
46403,2009-09-24T01:30:00+00:00,-490690,4512.710
46403,2009-09-24T01:45:00+00:00,-489790,4512.682
46403,2009-09-24T02:00:00+00:00,-488890,4512.641
46403,2009-09-24T02:15:00+00:00,-487990,4512.591
46403,2009-09-24T02:30:00+00:00,-487090,4512.528
46403,2009-09-24T02:45:00+00:00,-486190,4512.457
46403,2009-09-24T03:00:00+00:00,-485290,4512.378
46403,2009-09-24T03:15:00+00:00,-484390,4512.290
46403,2009-09-24T03:30:00+00:00,-483490,4512.200
46403,2009-09-24T03:45:00+00:00,-482590,4512.102
46403,2009-09-24T04:00:00+00:00,-481690,4511.998
46403,2009-09-24T04:15:00+00:00,-480790,4511.894
46403,2009-09-24T04:30:00+00:00,-479890,4511.790
46403,2009-09-24T04:45:00+00:00,-478990,4511.683
46403,2009-09-24T05:00:00+00:00,-478090,4511.578
46403,2009-09-24T05:15:00+00:00,-477190,4511.475
46403,2009-09-24T05:30:00+00:00,-476290,4511.373
46403,2009-09-24T05:45:00+00:00,-475390,4511.278
46403,2009-09-24T06:00:00+00:00,-474490,4511.188
46403,2009-09-24T06:15:00+00:00,-473590,4511.105
46403,2009-09-24T06:30:00+00:00,-472690,4511.031
46403,2009-09-24T06:45:00+00:00,-471790,4510.966
46403,2009-09-24T07:00:00+00:00,-470890,4510.909
46403,2009-09-24T07:15:00+00:00,-469990,4510.862
46403,2009-09-24T07:30:00+00:00,-469090,4510.826
46403,2009-09-24T07:45:00+00:00,-468190,4510.797
46403,2009-09-24T08:00:00+00:00,-467290,4510.781
46403,2009-09-24T08:15:00+00:00,-466390,4510.775
46403,2009-09-24T08:30:00+00:00,-465490,4510.781
46403,2009-09-24T08:45:00+00:00,-464590,4510.797
46403,2009-09-24T09:00:00+00:00,-463690,4510.824
46403,2009-09-24T09:15:00+00:00,-462790,4510.859
46403,2009-09-24T09:30:00+00:00,-461890,4510.903
46403,2009-09-24T09:45:00+00:00,-460990,4510.955
46403,2009-09-24T10:00:00+00:00,-460090,4511.011
46403,2009-09-24T10:15:00+00:00,-459190,4511.074
46403,2009-09-24T10:30:00+00:00,-458290,4511.141
46403,2009-09-24T10:45:00+00:00,-457390,4511.214
46403,2009-09-24T11:00:00+00:00,-456490,4511.287
46403,2009-09-24T11:15:00+00:00,-455590,4511.362
46403,2009-09-24T11:30:00+00:00,-454690,4511.434
46403,2009-09-24T11:45:00+00:00,-453790,4511.506
46403,2009-09-24T12:00:00+00:00,-452890,4511.572
46403,2009-09-24T12:15:00+00:00,-451990,4511.638
46403,2009-09-24T12:30:00+00:00,-451090,4511.703
46403,2009-09-24T12:45:00+00:00,-450190,4511.761
46403,2009-09-24T13:00:00+00:00,-449290,4511.816
46403,2009-09-24T13:15:00+00:00,-448390,4511.864
46403,2009-09-24T13:30:00+00:00,-447490,4511.907
46403,2009-09-24T13:45:00+00:00,-446590,4511.946
46403,2009-09-24T14:00:00+00:00,-445690,4511.977
46403,2009-09-24T14:15:00+00:00,-444790,4512.000
46403,2009-09-24T14:30:00+00:00,-443890,4512.016
46403,2009-09-24T14:45:00+00:00,-442990,4512.023
46403,2009-09-24T15:00:00+00:00,-442090,4512.025
46403,2009-09-24T15:15:00+00:00,-441190,4512.019
46403,2009-09-24T15:30:00+00:00,-440290,4512.008
46403,2009-09-24T15:45:00+00:00,-439390,4511.991
46403,2009-09-24T16:00:00+00:00,-438490,4511.971
46403,2009-09-24T16:15:00+00:00,-437590,4511.951
46403,2009-09-24T16:30:00+00:00,-436690,4511.926
46403,2009-09-24T16:45:00+00:00,-435790,4511.898
46403,2009-09-24T17:00:00+00:00,-434890,4511.871
46403,2009-09-24T17:15:00+00:00,-433990,4511.841
46403,2009-09-24T17:30:00+00:00,-433090,4511.812
46403,2009-09-24T17:45:00+00:00,-432190,4511.784
46403,2009-09-24T18:00:00+00:00,-431290,4511.759
46403,2009-09-24T18:15:00+00:00,-430390,4511.739
46403,2009-09-24T18:30:00+00:00,-429490,4511.722
46403,2009-09-24T18:45:00+00:00,-428590,4511.709
46403,2009-09-24T19:00:00+00:00,-427690,4511.698
46403,2009-09-24T19:15:00+00:00,-426790,4511.694
46403,2009-09-24T19:30:00+00:00,-425890,4511.695
46403,2009-09-24T19:45:00+00:00,-424990,4511.704
46403,2009-09-24T20:00:00+00:00,-424090,4511.717
46403,2009-09-24T20:15:00+00:00,-423190,4511.735
46403,2009-09-24T20:30:00+00:00,-422290,4511.761
46403,2009-09-24T20:45:00+00:00,-421390,4511.791
46403,2009-09-24T21:00:00+00:00,-420490,4511.826
46403,2009-09-24T21:15:00+00:00,-419590,4511.867
46403,2009-09-24T21:30:00+00:00,-418690,4511.911
46403,2009-09-24T21:45:00+00:00,-417790,4511.959
46403,2009-09-24T22:00:00+00:00,-416890,4512.012
46403,2009-09-24T22:15:00+00:00,-415990,4512.067
46403,2009-09-24T22:30:00+00:00,-415090,4512.124
46403,2009-09-24T22:45:00+00:00,-414190,4512.185
46403,2009-09-24T23:00:00+00:00,-413290,4512.242
46403,2009-09-24T23:15:00+00:00,-412390,4512.299
46403,2009-09-24T23:30:00+00:00,-411490,4512.351
46403,2009-09-24T23:45:00+00:00,-410590,4512.400
46403,2009-09-25T00:00:00+00:00,-409690,4512.446
46403,2009-09-25T00:15:00+00:00,-408790,4512.487
46403,2009-09-25T00:30:00+00:00,-407890,4512.522
46403,2009-09-25T00:45:00+00:00,-406990,4512.548
46403,2009-09-25T01:00:00+00:00,-406090,4512.567
46403,2009-09-25T01:15:00+00:00,-405190,4512.581
46403,2009-09-25T01:30:00+00:00,-404290,4512.586
46403,2009-09-25T01:45:00+00:00,-403390,4512.584
46403,2009-09-25T02:00:00+00:00,-402490,4512.572
46403,2009-09-25T02:15:00+00:00,-401590,4512.556
46403,2009-09-25T02:30:00+00:00,-400690,4512.528
46403,2009-09-25T02:45:00+00:00,-399790,4512.494
46403,2009-09-25T03:00:00+00:00,-398890,4512.451
46403,2009-09-25T03:15:00+00:00,-397990,4512.403
46403,2009-09-25T03:30:00+00:00,-397090,4512.346
46403,2009-09-25T03:45:00+00:00,-396190,4512.280
46403,2009-09-25T04:00:00+00:00,-395290,4512.210
46403,2009-09-25T04:15:00+00:00,-394390,4512.136
46403,2009-09-25T04:30:00+00:00,-393490,4512.057
46403,2009-09-25T04:45:00+00:00,-392590,4511.975
46403,2009-09-25T05:00:00+00:00,-391690,4511.890
46403,2009-09-25T05:15:00+00:00,-390790,4511.803
46403,2009-09-25T05:30:00+00:00,-389890,4511.715
46403,2009-09-25T05:45:00+00:00,-388990,4511.629
46403,2009-09-25T06:00:00+00:00,-388090,4511.544
46403,2009-09-25T06:15:00+00:00,-387190,4511.461
46403,2009-09-25T06:30:00+00:00,-386290,4511.380
46403,2009-09-25T06:45:00+00:00,-385390,4511.304
46403,2009-09-25T07:00:00+00:00,-384490,4511.232
46403,2009-09-25T07:15:00+00:00,-383590,4511.166
46403,2009-09-25T07:30:00+00:00,-382690,4511.109
46403,2009-09-25T07:45:00+00:00,-381790,4511.054
46403,2009-09-25T08:00:00+00:00,-380890,4511.012
46403,2009-09-25T08:15:00+00:00,-379990,4510.976
46403,2009-09-25T08:30:00+00:00,-379090,4510.948
46403,2009-09-25T08:45:00+00:00,-378190,4510.930
46403,2009-09-25T09:00:00+00:00,-377290,4510.921
46403,2009-09-25T09:15:00+00:00,-376390,4510.919
46403,2009-09-25T09:30:00+00:00,-375490,4510.927
46403,2009-09-25T09:45:00+00:00,-374590,4510.939
46403,2009-09-25T10:00:00+00:00,-373690,4510.962
46403,2009-09-25T10:15:00+00:00,-372790,4510.989
46403,2009-09-25T10:30:00+00:00,-371890,4511.023
46403,2009-09-25T10:45:00+00:00,-370990,4511.062
46403,2009-09-25T11:00:00+00:00,-370090,4511.105
46403,2009-09-25T11:15:00+00:00,-369190,4511.155
46403,2009-09-25T11:30:00+00:00,-368290,4511.208
46403,2009-09-25T11:45:00+00:00,-367390,4511.262
46403,2009-09-25T12:00:00+00:00,-366490,4511.319
46403,2009-09-25T12:15:00+00:00,-365590,4511.380
46403,2009-09-25T12:30:00+00:00,-364690,4511.439
46403,2009-09-25T12:45:00+00:00,-363790,4511.497
46403,2009-09-25T13:00:00+00:00,-362890,4511.557
46403,2009-09-25T13:15:00+00:00,-361990,4511.614
46403,2009-09-25T13:30:00+00:00,-361090,4511.668
46403,2009-09-25T13:45:00+00:00,-360190,4511.719
46403,2009-09-25T14:00:00+00:00,-359290,4511.765
46403,2009-09-25T14:15:00+00:00,-358390,4511.807
46403,2009-09-25T14:30:00+00:00,-357490,4511.846
46403,2009-09-25T14:45:00+00:00,-356590,4511.877
46403,2009-09-25T15:00:00+00:00,-355690,4511.904
46403,2009-09-25T15:15:00+00:00,-354790,4511.927
46403,2009-09-25T15:30:00+00:00,-353890,4511.941
46403,2009-09-25T15:45:00+00:00,-352990,4511.952
46403,2009-09-25T16:00:00+00:00,-352090,4511.960
46403,2009-09-25T16:15:00+00:00,-351190,4511.967
46403,2009-09-25T16:30:00+00:00,-350290,4511.968
46403,2009-09-25T16:45:00+00:00,-349390,4511.964
46403,2009-09-25T17:00:00+00:00,-348490,4511.960
46403,2009-09-25T17:15:00+00:00,-347590,4511.951
46403,2009-09-25T17:30:00+00:00,-346690,4511.944
46403,2009-09-25T17:45:00+00:00,-345790,4511.932
46403,2009-09-25T18:00:00+00:00,-344890,4511.919
46403,2009-09-25T18:15:00+00:00,-343990,4511.905
46403,2009-09-25T18:30:00+00:00,-343090,4511.890
46403,2009-09-25T18:45:00+00:00,-342190,4511.879
46403,2009-09-25T19:00:00+00:00,-341290,4511.870
46403,2009-09-25T19:15:00+00:00,-340390,4511.861
46403,2009-09-25T19:30:00+00:00,-339490,4511.855
46403,2009-09-25T19:45:00+00:00,-338590,4511.851
46403,2009-09-25T20:00:00+00:00,-337690,4511.854
46403,2009-09-25T20:15:00+00:00,-336790,4511.857
46403,2009-09-25T20:30:00+00:00,-335890,4511.865
46403,2009-09-25T20:45:00+00:00,-334990,4511.876
46403,2009-09-25T21:00:00+00:00,-334090,4511.891
46403,2009-09-25T21:15:00+00:00,-333190,4511.909
46403,2009-09-25T21:30:00+00:00,-332290,4511.929
46403,2009-09-25T21:45:00+00:00,-331390,4511.953
46403,2009-09-25T22:00:00+00:00,-330490,4511.981
46403,2009-09-25T22:15:00+00:00,-329590,4512.011
46403,2009-09-25T22:30:00+00:00,-328690,4512.042
46403,2009-09-25T22:45:00+00:00,-327790,4512.080
46403,2009-09-25T23:00:00+00:00,-326890,4512.118
46403,2009-09-25T23:15:00+00:00,-325990,4512.154
46403,2009-09-25T23:30:00+00:00,-325090,4512.194
46403,2009-09-25T23:45:00+00:00,-324190,4512.231
46403,2009-09-26T00:00:00+00:00,-323290,4512.270
46403,2009-09-26T00:15:00+00:00,-322390,4512.309
46403,2009-09-26T00:30:00+00:00,-321490,4512.344
46403,2009-09-26T00:45:00+00:00,-320590,4512.376
46403,2009-09-26T01:00:00+00:00,-319690,4512.406
46403,2009-09-26T01:15:00+00:00,-318790,4512.431
46403,2009-09-26T01:30:00+00:00,-317890,4512.449
46403,2009-09-26T01:45:00+00:00,-316990,4512.465
46403,2009-09-26T02:00:00+00:00,-316090,4512.477
46403,2009-09-26T02:15:00+00:00,-315190,4512.482
46403,2009-09-26T02:30:00+00:00,-314290,4512.486
46403,2009-09-26T02:45:00+00:00,-313390,4512.483
46403,2009-09-26T03:00:00+00:00,-312490,4512.472
46403,2009-09-26T03:15:00+00:00,-311590,4512.450
46403,2009-09-26T03:30:00+00:00,-310690,4512.424
46403,2009-09-26T03:45:00+00:00,-309790,4512.392
46403,2009-09-26T04:00:00+00:00,-308890,4512.357
46403,2009-09-26T04:15:00+00:00,-307990,4512.315
46403,2009-09-26T04:30:00+00:00,-307090,4512.267
46403,2009-09-26T04:45:00+00:00,-306190,4512.216
46403,2009-09-26T05:00:00+00:00,-305290,4512.159
46403,2009-09-26T05:15:00+00:00,-304390,4512.100
46403,2009-09-26T05:30:00+00:00,-303490,4512.037
46403,2009-09-26T05:45:00+00:00,-302590,4511.972
46403,2009-09-26T06:00:00+00:00,-301690,4511.903
46403,2009-09-26T06:15:00+00:00,-300790,4511.833
46403,2009-09-26T06:30:00+00:00,-299890,4511.764
46403,2009-09-26T06:45:00+00:00,-298990,4511.693
46403,2009-09-26T07:00:00+00:00,-298090,4511.620
46403,2009-09-26T07:15:00+00:00,-297190,4511.552
46403,2009-09-26T07:30:00+00:00,-296290,4511.485
46403,2009-09-26T07:45:00+00:00,-295390,4511.419
46403,2009-09-26T08:00:00+00:00,-294490,4511.359
46403,2009-09-26T08:15:00+00:00,-293590,4511.304
46403,2009-09-26T08:30:00+00:00,-292690,4511.255
46403,2009-09-26T08:45:00+00:00,-291790,4511.208
46403,2009-09-26T09:00:00+00:00,-290890,4511.168
46403,2009-09-26T09:15:00+00:00,-289990,4511.132
46403,2009-09-26T09:30:00+00:00,-289090,4511.107
46403,2009-09-26T09:45:00+00:00,-288190,4511.083
46403,2009-09-26T10:00:00+00:00,-287290,4511.069
46403,2009-09-26T10:15:00+00:00,-286390,4511.060
46403,2009-09-26T10:30:00+00:00,-285490,4511.057
46403,2009-09-26T10:45:00+00:00,-284590,4511.062
46403,2009-09-26T11:00:00+00:00,-283690,4511.072
46403,2009-09-26T11:15:00+00:00,-282790,4511.089
46403,2009-09-26T11:30:00+00:00,-281890,4511.112
46403,2009-09-26T11:45:00+00:00,-280990,4511.139
46403,2009-09-26T12:00:00+00:00,-280090,4511.170
46403,2009-09-26T12:15:00+00:00,-279190,4511.206
46403,2009-09-26T12:30:00+00:00,-278290,4511.245
46403,2009-09-26T12:45:00+00:00,-277390,4511.287
46403,2009-09-26T13:00:00+00:00,-276490,4511.331
46403,2009-09-26T13:15:00+00:00,-275590,4511.380
46403,2009-09-26T13:30:00+00:00,-274690,4511.432
46403,2009-09-26T13:45:00+00:00,-273790,4511.481
46403,2009-09-26T14:00:00+00:00,-272890,4511.535
46403,2009-09-26T14:15:00+00:00,-271990,4511.588
46403,2009-09-26T14:30:00+00:00,-271090,4511.634
46403,2009-09-26T14:45:00+00:00,-270190,4511.681
46403,2009-09-26T15:00:00+00:00,-269290,4511.726
46403,2009-09-26T15:15:00+00:00,-268390,4511.766
46403,2009-09-26T15:30:00+00:00,-267490,4511.806
46403,2009-09-26T15:45:00+00:00,-266590,4511.839
46403,2009-09-26T16:00:00+00:00,-265690,4511.871
46403,2009-09-26T16:15:00+00:00,-264790,4511.901
46403,2009-09-26T16:30:00+00:00,-263890,4511.926
46403,2009-09-26T16:45:00+00:00,-262990,4511.947
46403,2009-09-26T17:00:00+00:00,-262090,4511.966
46403,2009-09-26T17:15:00+00:00,-261190,4511.985
46403,2009-09-26T17:30:00+00:00,-260290,4511.996
46403,2009-09-26T17:45:00+00:00,-259390,4512.006
46403,2009-09-26T18:00:00+00:00,-258490,4512.010
46403,2009-09-26T18:15:00+00:00,-257590,4512.013
46403,2009-09-26T18:30:00+00:00,-256690,4512.012
46403,2009-09-26T18:45:00+00:00,-255790,4512.010
46403,2009-09-26T19:00:00+00:00,-254890,4512.005
46403,2009-09-26T19:15:00+00:00,-253990,4512.002
46403,2009-09-26T19:30:00+00:00,-253090,4511.999
46403,2009-09-26T19:45:00+00:00,-252190,4511.992
46403,2009-09-26T20:00:00+00:00,-251290,4511.988
46403,2009-09-26T20:15:00+00:00,-250390,4511.982
46403,2009-09-26T20:30:00+00:00,-249490,4511.975
46403,2009-09-26T20:45:00+00:00,-248590,4511.971
46403,2009-09-26T21:00:00+00:00,-247690,4511.968
46403,2009-09-26T21:15:00+00:00,-246790,4511.968
46403,2009-09-26T21:30:00+00:00,-245890,4511.969
46403,2009-09-26T21:45:00+00:00,-244990,4511.972
46403,2009-09-26T22:00:00+00:00,-244090,4511.977
46403,2009-09-26T22:15:00+00:00,-243190,4511.982
46403,2009-09-26T22:30:00+00:00,-242290,4511.994
46403,2009-09-26T22:45:00+00:00,-241390,4512.003
46403,2009-09-26T23:00:00+00:00,-240490,4512.016
46403,2009-09-26T23:15:00+00:00,-239590,4512.033
46403,2009-09-26T23:30:00+00:00,-238690,4512.054
46403,2009-09-26T23:45:00+00:00,-237790,4512.073
46403,2009-09-27T00:00:00+00:00,-236890,4512.093
46403,2009-09-27T00:15:00+00:00,-235990,4512.116
46403,2009-09-27T00:30:00+00:00,-235090,4512.139
46403,2009-09-27T00:45:00+00:00,-234190,4512.161
46403,2009-09-27T01:00:00+00:00,-233290,4512.186
46403,2009-09-27T01:15:00+00:00,-232390,4512.209
46403,2009-09-27T01:30:00+00:00,-231490,4512.232
46403,2009-09-27T01:45:00+00:00,-230590,4512.255
46403,2009-09-27T02:00:00+00:00,-229690,4512.278
46403,2009-09-27T02:15:00+00:00,-228790,4512.296
46403,2009-09-27T02:30:00+00:00,-227890,4512.314
46403,2009-09-27T02:45:00+00:00,-226990,4512.330
46403,2009-09-27T03:00:00+00:00,-226090,4512.344
46403,2009-09-27T03:15:00+00:00,-225190,4512.353
46403,2009-09-27T03:30:00+00:00,-224290,4512.359
46403,2009-09-27T03:45:00+00:00,-223390,4512.357
46403,2009-09-27T04:00:00+00:00,-222490,4512.349
46403,2009-09-27T04:15:00+00:00,-221590,4512.336
46403,2009-09-27T04:30:00+00:00,-220690,4512.322
46403,2009-09-27T04:45:00+00:00,-219790,4512.301
46403,2009-09-27T05:00:00+00:00,-218890,4512.272
46403,2009-09-27T05:15:00+00:00,-217990,4512.243
46403,2009-09-27T05:30:00+00:00,-217090,4512.205
46403,2009-09-27T05:45:00+00:00,-216190,4512.164
46403,2009-09-27T06:00:00+00:00,-215290,4512.116
46403,2009-09-27T06:15:00+00:00,-214390,4512.070
46403,2009-09-27T06:30:00+00:00,-213490,4512.019
46403,2009-09-27T06:45:00+00:00,-212590,4511.963
46403,2009-09-27T07:00:00+00:00,-211690,4511.906
46403,2009-09-27T07:15:00+00:00,-210790,4511.847
46403,2009-09-27T07:30:00+00:00,-209890,4511.784
46403,2009-09-27T07:45:00+00:00,-208990,4511.721
46403,2009-09-27T08:00:00+00:00,-208090,4511.658
46403,2009-09-27T08:15:00+00:00,-207190,4511.598
46403,2009-09-27T08:30:00+00:00,-206290,4511.533
46403,2009-09-27T08:45:00+00:00,-205390,4511.477
46403,2009-09-27T09:00:00+00:00,-204490,4511.417
46403,2009-09-27T09:15:00+00:00,-203590,4511.363
46403,2009-09-27T09:30:00+00:00,-202690,4511.312
46403,2009-09-27T09:45:00+00:00,-201790,4511.265
46403,2009-09-27T10:00:00+00:00,-200890,4511.220
46403,2009-09-27T10:15:00+00:00,-199990,4511.182
46403,2009-09-27T10:30:00+00:00,-199090,4511.151
46403,2009-09-27T10:45:00+00:00,-198190,4511.123
46403,2009-09-27T11:00:00+00:00,-197290,4511.102
46403,2009-09-27T11:15:00+00:00,-196390,4511.088
46403,2009-09-27T11:30:00+00:00,-195490,4511.077
46403,2009-09-27T11:45:00+00:00,-194590,4511.074
46403,2009-09-27T12:00:00+00:00,-193690,4511.076
46403,2009-09-27T12:15:00+00:00,-192790,4511.082
46403,2009-09-27T12:30:00+00:00,-191890,4511.098
46403,2009-09-27T12:45:00+00:00,-190990,4511.118
46403,2009-09-27T13:00:00+00:00,-190090,4511.144
46403,2009-09-27T13:15:00+00:00,-189190,4511.174
46403,2009-09-27T13:30:00+00:00,-188290,4511.212
46403,2009-09-27T13:45:00+00:00,-187390,4511.252
46403,2009-09-27T14:00:00+00:00,-186490,4511.298
46403,2009-09-27T14:15:00+00:00,-185590,4511.344
46403,2009-09-27T14:30:00+00:00,-184690,4511.394
46403,2009-09-27T14:45:00+00:00,-183790,4511.444
46403,2009-09-27T15:00:00+00:00,-182890,4511.497
46403,2009-09-27T15:15:00+00:00,-181990,4511.548
46403,2009-09-27T15:30:00+00:00,-181090,4511.601
46403,2009-09-27T15:45:00+00:00,-180190,4511.653
46403,2009-09-27T16:00:00+00:00,-179290,4511.702
46403,2009-09-27T16:15:00+00:00,-178390,4511.748
46403,2009-09-27T16:30:00+00:00,-177490,4511.794
46403,2009-09-27T16:45:00+00:00,-176590,4511.838
46403,2009-09-27T17:00:00+00:00,-175690,4511.878
46403,2009-09-27T17:15:00+00:00,-174790,4511.917
46403,2009-09-27T17:30:00+00:00,-173890,4511.948
46403,2009-09-27T17:45:00+00:00,-172990,4511.978
46403,2009-09-27T18:00:00+00:00,-172090,4512.002
46403,2009-09-27T18:15:00+00:00,-171190,4512.023
46403,2009-09-27T18:30:00+00:00,-170290,4512.041
46403,2009-09-27T18:45:00+00:00,-169390,4512.057
46403,2009-09-27T19:00:00+00:00,-168490,4512.068
46403,2009-09-27T19:15:00+00:00,-167590,4512.076
46403,2009-09-27T19:30:00+00:00,-166690,4512.076
46403,2009-09-27T19:45:00+00:00,-165790,4512.075
46403,2009-09-27T20:00:00+00:00,-164890,4512.069
46403,2009-09-27T20:15:00+00:00,-163990,4512.061
46403,2009-09-27T20:30:00+00:00,-163090,4512.051
46403,2009-09-27T20:45:00+00:00,-162190,4512.040
46403,2009-09-27T21:00:00+00:00,-161290,4512.027
46403,2009-09-27T21:15:00+00:00,-160390,4512.015
46403,2009-09-27T21:30:00+00:00,-159490,4512.004
46403,2009-09-27T21:45:00+00:00,-158590,4511.988
46403,2009-09-27T22:00:00+00:00,-157690,4511.978
46403,2009-09-27T22:15:00+00:00,-156790,4511.966
46403,2009-09-27T22:30:00+00:00,-155890,4511.953
46403,2009-09-27T22:45:00+00:00,-154990,4511.941
46403,2009-09-27T23:00:00+00:00,-154090,4511.933
46403,2009-09-27T23:15:00+00:00,-153190,4511.927
46403,2009-09-27T23:30:00+00:00,-152290,4511.924
46403,2009-09-27T23:45:00+00:00,-151390,4511.923
46403,2009-09-28T00:00:00+00:00,-150490,4511.925
46403,2009-09-28T00:15:00+00:00,-149590,4511.931
46403,2009-09-28T00:30:00+00:00,-148690,4511.943
46403,2009-09-28T00:45:00+00:00,-147790,4511.956
46403,2009-09-28T01:00:00+00:00,-146890,4511.971
46403,2009-09-28T01:15:00+00:00,-145990,4511.987
46403,2009-09-28T01:30:00+00:00,-145090,4512.007
46403,2009-09-28T01:45:00+00:00,-144190,4512.025
46403,2009-09-28T02:00:00+00:00,-143290,4512.051
46403,2009-09-28T02:15:00+00:00,-142390,4512.073
46403,2009-09-28T02:30:00+00:00,-141490,4512.098
46403,2009-09-28T02:45:00+00:00,-140590,4512.121
46403,2009-09-28T03:00:00+00:00,-139690,4512.145
46403,2009-09-28T03:15:00+00:00,-138790,4512.171
46403,2009-09-28T03:30:00+00:00,-137890,4512.192
46403,2009-09-28T03:45:00+00:00,-136990,4512.211
46403,2009-09-28T04:00:00+00:00,-136090,4512.232
46403,2009-09-28T04:15:00+00:00,-135190,4512.247
46403,2009-09-28T04:30:00+00:00,-134290,4512.262
46403,2009-09-28T04:45:00+00:00,-133390,4512.272
46403,2009-09-28T05:00:00+00:00,-132490,4512.278
46403,2009-09-28T05:15:00+00:00,-131590,4512.277
46403,2009-09-28T05:30:00+00:00,-130690,4512.274
46403,2009-09-28T05:45:00+00:00,-129790,4512.264
46403,2009-09-28T06:00:00+00:00,-128890,4512.248
46403,2009-09-28T06:15:00+00:00,-127990,4512.230
46403,2009-09-28T06:30:00+00:00,-127090,4512.206
46403,2009-09-28T06:45:00+00:00,-126190,4512.174
46403,2009-09-28T07:00:00+00:00,-125290,4512.142
46403,2009-09-28T07:15:00+00:00,-124390,4512.102
46403,2009-09-28T07:30:00+00:00,-123490,4512.055
46403,2009-09-28T07:45:00+00:00,-122590,4512.006
46403,2009-09-28T08:00:00+00:00,-121690,4511.955
46403,2009-09-28T08:15:00+00:00,-120790,4511.900
46403,2009-09-28T08:30:00+00:00,-119890,4511.841
46403,2009-09-28T08:45:00+00:00,-118990,4511.779
46403,2009-09-28T09:00:00+00:00,-118090,4511.716
46403,2009-09-28T09:15:00+00:00,-117190,4511.655
46403,2009-09-28T09:30:00+00:00,-116290,4511.589
46403,2009-09-28T09:45:00+00:00,-115390,4511.523
46403,2009-09-28T10:00:00+00:00,-114490,4511.461
46403,2009-09-28T10:15:00+00:00,-113590,4511.402
46403,2009-09-28T10:30:00+00:00,-112690,4511.344
46403,2009-09-28T10:45:00+00:00,-111790,4511.293
46403,2009-09-28T11:00:00+00:00,-110890,4511.241
46403,2009-09-28T11:15:00+00:00,-109990,4511.195
46403,2009-09-28T11:30:00+00:00,-109090,4511.158
46403,2009-09-28T11:45:00+00:00,-108190,4511.124
46403,2009-09-28T12:00:00+00:00,-107290,4511.099
46403,2009-09-28T12:15:00+00:00,-106390,4511.077
46403,2009-09-28T12:30:00+00:00,-105490,4511.065
46403,2009-09-28T12:45:00+00:00,-104590,4511.058
46403,2009-09-28T13:00:00+00:00,-103690,4511.059
46403,2009-09-28T13:15:00+00:00,-102790,4511.068
46403,2009-09-28T13:30:00+00:00,-101890,4511.082
46403,2009-09-28T13:45:00+00:00,-100990,4511.106
46403,2009-09-28T14:00:00+00:00,-100090,4511.136
46403,2009-09-28T14:15:00+00:00,-99190,4511.172
46403,2009-09-28T14:30:00+00:00,-98290,4511.211
46403,2009-09-28T14:45:00+00:00,-97390,4511.255
46403,2009-09-28T15:00:00+00:00,-96490,4511.304
46403,2009-09-28T15:15:00+00:00,-95590,4511.357
46403,2009-09-28T15:30:00+00:00,-94690,4511.416
46403,2009-09-28T15:45:00+00:00,-93790,4511.473
46403,2009-09-28T16:00:00+00:00,-92890,4511.534
46403,2009-09-28T16:15:00+00:00,-91990,4511.597
46403,2009-09-28T16:30:00+00:00,-91090,4511.660
46403,2009-09-28T16:45:00+00:00,-90190,4511.720
46403,2009-09-28T17:00:00+00:00,-89290,4511.779
46403,2009-09-28T17:15:00+00:00,-88390,4511.839
46403,2009-09-28T17:30:00+00:00,-87490,4511.895
46403,2009-09-28T17:45:00+00:00,-86590,4511.946
46403,2009-09-28T18:00:00+00:00,-85690,4511.995
46403,2009-09-28T18:15:00+00:00,-84790,4512.040
46403,2009-09-28T18:30:00+00:00,-83890,4512.075
46403,2009-09-28T18:45:00+00:00,-82990,4512.110
46403,2009-09-28T19:00:00+00:00,-82090,4512.136
46403,2009-09-28T19:15:00+00:00,-81190,4512.157
46403,2009-09-28T19:30:00+00:00,-80290,4512.174
46403,2009-09-28T19:45:00+00:00,-79390,4512.183
46403,2009-09-28T20:00:00+00:00,-78490,4512.188
46403,2009-09-28T20:15:00+00:00,-77590,4512.186
46403,2009-09-28T20:30:00+00:00,-76690,4512.177
46403,2009-09-28T20:45:00+00:00,-75790,4512.166
46403,2009-09-28T21:00:00+00:00,-74890,4512.153
46403,2009-09-28T21:15:00+00:00,-73990,4512.133
46403,2009-09-28T21:30:00+00:00,-73090,4512.108
46403,2009-09-28T21:45:00+00:00,-72190,4512.085
46403,2009-09-28T22:00:00+00:00,-71290,4512.058
46403,2009-09-28T22:15:00+00:00,-70390,4512.029
46403,2009-09-28T22:30:00+00:00,-69490,4511.999
46403,2009-09-28T22:45:00+00:00,-68590,4511.973
46403,2009-09-28T23:00:00+00:00,-67690,4511.948
46403,2009-09-28T23:15:00+00:00,-66790,4511.923
46403,2009-09-28T23:30:00+00:00,-65890,4511.899
46403,2009-09-28T23:45:00+00:00,-64990,4511.876
46403,2009-09-29T00:00:00+00:00,-64090,4511.856
46403,2009-09-29T00:15:00+00:00,-63190,4511.838
46403,2009-09-29T00:30:00+00:00,-62290,4511.826
46403,2009-09-29T00:45:00+00:00,-61390,4511.820
46403,2009-09-29T01:00:00+00:00,-60490,4511.817
46403,2009-09-29T01:15:00+00:00,-59590,4511.818
46403,2009-09-29T01:30:00+00:00,-58690,4511.824
46403,2009-09-29T01:45:00+00:00,-57790,4511.833
46403,2009-09-29T02:00:00+00:00,-56890,4511.847
46403,2009-09-29T02:15:00+00:00,-55990,4511.864
46403,2009-09-29T02:30:00+00:00,-55090,4511.888
46403,2009-09-29T02:45:00+00:00,-54190,4511.918
46403,2009-09-29T03:00:00+00:00,-53290,4511.943
46403,2009-09-29T03:15:00+00:00,-52390,4511.977
46403,2009-09-29T03:30:00+00:00,-51490,4512.013
46403,2009-09-29T03:45:00+00:00,-50590,4512.047
46403,2009-09-29T04:00:00+00:00,-49690,4512.083
46403,2009-09-29T04:15:00+00:00,-48790,4512.119
46403,2009-09-29T04:30:00+00:00,-47890,4512.154
46403,2009-09-29T04:45:00+00:00,-46990,4512.189
46403,2009-09-29T05:00:00+00:00,-46090,4512.219
46403,2009-09-29T05:15:00+00:00,-45190,4512.248
46403,2009-09-29T05:30:00+00:00,-44290,4512.273
46403,2009-09-29T05:45:00+00:00,-43390,4512.296
46403,2009-09-29T06:00:00+00:00,-42490,4512.311
46403,2009-09-29T06:15:00+00:00,-41590,4512.323
46403,2009-09-29T06:30:00+00:00,-40690,4512.328
46403,2009-09-29T06:45:00+00:00,-39790,4512.327
46403,2009-09-29T07:00:00+00:00,-38890,4512.317
46403,2009-09-29T07:15:00+00:00,-37990,4512.302
46403,2009-09-29T07:30:00+00:00,-37090,4512.280
46403,2009-09-29T07:45:00+00:00,-36190,4512.253
46403,2009-09-29T08:00:00+00:00,-35290,4512.218
46403,2009-09-29T08:15:00+00:00,-34390,4512.175
46403,2009-09-29T08:30:00+00:00,-33490,4512.127
46403,2009-09-29T08:45:00+00:00,-32590,4512.076
46403,2009-09-29T09:00:00+00:00,-31690,4512.016
46403,2009-09-29T09:15:00+00:00,-30790,4511.956
46403,2009-09-29T09:30:00+00:00,-29890,4511.893
46403,2009-09-29T09:45:00+00:00,-28990,4511.823
46403,2009-09-29T10:00:00+00:00,-28090,4511.752
46403,2009-09-29T10:15:00+00:00,-27190,4511.680
46403,2009-09-29T10:30:00+00:00,-26290,4511.607
46403,2009-09-29T10:45:00+00:00,-25390,4511.533
46403,2009-09-29T11:00:00+00:00,-24490,4511.464
46403,2009-09-29T11:15:00+00:00,-23590,4511.398
46403,2009-09-29T11:30:00+00:00,-22690,4511.333
46403,2009-09-29T11:45:00+00:00,-21790,4511.274
46403,2009-09-29T12:00:00+00:00,-20890,4511.220
46403,2009-09-29T12:15:00+00:00,-19990,4511.170
46403,2009-09-29T12:30:00+00:00,-19090,4511.128
46403,2009-09-29T12:45:00+00:00,-18190,4511.093
46403,2009-09-29T13:00:00+00:00,-17290,4511.064
46403,2009-09-29T13:15:00+00:00,-16390,4511.046
46403,2009-09-29T13:30:00+00:00,-15490,4511.040
46403,2009-09-29T13:45:00+00:00,-14590,4511.037
46403,2009-09-29T14:00:00+00:00,-13690,4511.045
46403,2009-09-29T14:15:00+00:00,-12790,4511.059
46403,2009-09-29T14:30:00+00:00,-11890,4511.082
46403,2009-09-29T14:45:00+00:00,-10990,4511.112
46403,2009-09-29T15:00:00+00:00,-10090,4511.153
46403,2009-09-29T15:15:00+00:00,-9190,4511.197
46403,2009-09-29T15:30:00+00:00,-8290,4511.249
46403,2009-09-29T15:45:00+00:00,-7390,4511.307
46403,2009-09-29T16:00:00+00:00,-6490,4511.370
46403,2009-09-29T16:15:00+00:00,-5590,4511.437
46403,2009-09-29T16:30:00+00:00,-4690,4511.507
46403,2009-09-29T16:45:00+00:00,-3790,4511.579
