station_id,timestamp_utc,seconds_from_origin,height_m
46411,2009-08-30T18:00:00+00:00,-2591290,4266.660
46411,2009-08-30T18:15:00+00:00,-2590390,4266.649
46411,2009-08-30T18:30:00+00:00,-2589490,4266.633
46411,2009-08-30T18:45:00+00:00,-2588590,4266.616
46411,2009-08-30T19:00:00+00:00,-2587690,4266.595
46411,2009-08-30T19:15:00+00:00,-2586790,4266.577
46411,2009-08-30T19:30:00+00:00,-2585890,4266.555
46411,2009-08-30T19:45:00+00:00,-2584990,4266.535
46411,2009-08-30T20:00:00+00:00,-2584090,4266.515
46411,2009-08-30T20:15:00+00:00,-2583190,4266.500
46411,2009-08-30T20:30:00+00:00,-2582290,4266.482
46411,2009-08-30T20:45:00+00:00,-2581390,4266.469
46411,2009-08-30T21:00:00+00:00,-2580490,4266.458
46411,2009-08-30T21:15:00+00:00,-2579590,4266.451
46411,2009-08-30T21:30:00+00:00,-2578690,4266.448
46411,2009-08-30T21:45:00+00:00,-2577790,4266.450
46411,2009-08-30T22:00:00+00:00,-2576890,4266.457
46411,2009-08-30T22:15:00+00:00,-2575990,4266.467
46411,2009-08-30T22:30:00+00:00,-2575090,4266.482
46411,2009-08-30T22:45:00+00:00,-2574190,4266.503
46411,2009-08-30T23:00:00+00:00,-2573290,4266.527
46411,2009-08-30T23:15:00+00:00,-2572390,4266.558
46411,2009-08-30T23:30:00+00:00,-2571490,4266.590
46411,2009-08-30T23:45:00+00:00,-2570590,4266.626
46411,2009-08-31T00:00:00+00:00,-2569690,4266.666
46411,2009-08-31T00:15:00+00:00,-2568790,4266.706
46411,2009-08-31T00:30:00+00:00,-2567890,4266.749
46411,2009-08-31T00:45:00+00:00,-2566990,4266.790
46411,2009-08-31T01:00:00+00:00,-2566090,4266.832
46411,2009-08-31T01:15:00+00:00,-2565190,4266.874
46411,2009-08-31T01:30:00+00:00,-2564290,4266.917
46411,2009-08-31T01:45:00+00:00,-2563390,4266.957
46411,2009-08-31T02:00:00+00:00,-2562490,4266.991
46411,2009-08-31T02:15:00+00:00,-2561590,4267.029
46411,2009-08-31T02:30:00+00:00,-2560690,4267.057
46411,2009-08-31T02:45:00+00:00,-2559790,4267.078
46411,2009-08-31T03:00:00+00:00,-2558890,4267.099
46411,2009-08-31T03:15:00+00:00,-2557990,4267.111
46411,2009-08-31T03:30:00+00:00,-2557090,4267.115
46411,2009-08-31T03:45:00+00:00,-2556190,4267.112
46411,2009-08-31T04:00:00+00:00,-2555290,4267.102
46411,2009-08-31T04:15:00+00:00,-2554390,4267.082
46411,2009-08-31T04:30:00+00:00,-2553490,4267.054
46411,2009-08-31T04:45:00+00:00,-2552590,4267.015
46411,2009-08-31T05:00:00+00:00,-2551690,4266.973
46411,2009-08-31T05:15:00+00:00,-2550790,4266.923
46411,2009-08-31T05:30:00+00:00,-2549890,4266.864
46411,2009-08-31T05:45:00+00:00,-2548990,4266.803
46411,2009-08-31T06:00:00+00:00,-2548090,4266.733
46411,2009-08-31T06:15:00+00:00,-2547190,4266.664
46411,2009-08-31T06:30:00+00:00,-2546290,4266.586
46411,2009-08-31T06:45:00+00:00,-2545390,4266.506
46411,2009-08-31T07:00:00+00:00,-2544490,4266.427
46411,2009-08-31T07:15:00+00:00,-2543590,4266.344
46411,2009-08-31T07:30:00+00:00,-2542690,4266.259
46411,2009-08-31T07:45:00+00:00,-2541790,4266.175
46411,2009-08-31T08:00:00+00:00,-2540890,4266.096
46411,2009-08-31T08:15:00+00:00,-2539990,4266.019
46411,2009-08-31T08:30:00+00:00,-2539090,4265.945
46411,2009-08-31T08:45:00+00:00,-2538190,4265.877
46411,2009-08-31T09:00:00+00:00,-2537290,4265.815
46411,2009-08-31T09:15:00+00:00,-2536390,4265.757
46411,2009-08-31T09:30:00+00:00,-2535490,4265.706
46411,2009-08-31T09:45:00+00:00,-2534590,4265.663
46411,2009-08-31T10:00:00+00:00,-2533690,4265.628
46411,2009-08-31T10:15:00+00:00,-2532790,4265.600
46411,2009-08-31T10:30:00+00:00,-2531890,4265.583
46411,2009-08-31T10:45:00+00:00,-2530990,4265.573
46411,2009-08-31T11:00:00+00:00,-2530090,4265.573
46411,2009-08-31T11:15:00+00:00,-2529190,4265.582
46411,2009-08-31T11:30:00+00:00,-2528290,4265.595
46411,2009-08-31T11:45:00+00:00,-2527390,4265.618
46411,2009-08-31T12:00:00+00:00,-2526490,4265.645
46411,2009-08-31T12:15:00+00:00,-2525590,4265.679
46411,2009-08-31T12:30:00+00:00,-2524690,4265.721
46411,2009-08-31T12:45:00+00:00,-2523790,4265.771
46411,2009-08-31T13:00:00+00:00,-2522890,4265.823
46411,2009-08-31T13:15:00+00:00,-2521990,4265.881
46411,2009-08-31T13:30:00+00:00,-2521090,4265.944
46411,2009-08-31T13:45:00+00:00,-2520190,4266.009
46411,2009-08-31T14:00:00+00:00,-2519290,4266.077
46411,2009-08-31T14:15:00+00:00,-2518390,4266.146
46411,2009-08-31T14:30:00+00:00,-2517490,4266.213
46411,2009-08-31T14:45:00+00:00,-2516590,4266.280
46411,2009-08-31T15:00:00+00:00,-2515690,4266.343
46411,2009-08-31T15:15:00+00:00,-2514790,4266.402
46411,2009-08-31T15:30:00+00:00,-2513890,4266.460
46411,2009-08-31T15:45:00+00:00,-2512990,4266.511
46411,2009-08-31T16:00:00+00:00,-2512090,4266.557
46411,2009-08-31T16:15:00+00:00,-2511190,4266.600
46411,2009-08-31T16:30:00+00:00,-2510290,4266.637
46411,2009-08-31T16:45:00+00:00,-2509390,4266.667
46411,2009-08-31T17:00:00+00:00,-2508490,4266.695
46411,2009-08-31T17:15:00+00:00,-2507590,4266.716
46411,2009-08-31T17:30:00+00:00,-2506690,4266.726
46411,2009-08-31T17:45:00+00:00,-2505790,4266.733
46411,2009-08-31T18:00:00+00:00,-2504890,4266.735
46411,2009-08-31T18:15:00+00:00,-2503990,4266.729
46411,2009-08-31T18:30:00+00:00,-2503090,4266.718
46411,2009-08-31T18:45:00+00:00,-2502190,4266.701
46411,2009-08-31T19:00:00+00:00,-2501290,4266.683
46411,2009-08-31T19:15:00+00:00,-2500390,4266.659
46411,2009-08-31T19:30:00+00:00,-2499490,4266.637
46411,2009-08-31T19:45:00+00:00,-2498590,4266.611
46411,2009-08-31T20:00:00+00:00,-2497690,4266.586
46411,2009-08-31T20:15:00+00:00,-2496790,4266.556
46411,2009-08-31T20:30:00+00:00,-2495890,4266.524
46411,2009-08-31T20:45:00+00:00,-2494990,4266.498
46411,2009-08-31T21:00:00+00:00,-2494090,4266.473
46411,2009-08-31T21:15:00+00:00,-2493190,4266.449
46411,2009-08-31T21:30:00+00:00,-2492290,4266.429
46411,2009-08-31T21:45:00+00:00,-2491390,4266.415
46411,2009-08-31T22:00:00+00:00,-2490490,4266.403
46411,2009-08-31T22:15:00+00:00,-2489590,4266.395
46411,2009-08-31T22:30:00+00:00,-2488690,4266.393
46411,2009-08-31T22:45:00+00:00,-2487790,4266.397
46411,2009-08-31T23:00:00+00:00,-2486890,4266.407
46411,2009-08-31T23:15:00+00:00,-2485990,4266.421
46411,2009-08-31T23:30:00+00:00,-2485090,4266.444
46411,2009-08-31T23:45:00+00:00,-2484190,4266.468
46411,2009-09-01T00:00:00+00:00,-2483290,4266.499
46411,2009-09-01T00:15:00+00:00,-2482390,4266.533
46411,2009-09-01T00:30:00+00:00,-2481490,4266.574
46411,2009-09-01T00:45:00+00:00,-2480590,4266.615
46411,2009-09-01T01:00:00+00:00,-2479690,4266.660
46411,2009-09-01T01:15:00+00:00,-2478790,4266.707
46411,2009-09-01T01:30:00+00:00,-2477890,4266.752
46411,2009-09-01T01:45:00+00:00,-2476990,4266.800
46411,2009-09-01T02:00:00+00:00,-2476090,4266.847
46411,2009-09-01T02:15:00+00:00,-2475190,4266.895
46411,2009-09-01T02:30:00+00:00,-2474290,4266.938
46411,2009-09-01T02:45:00+00:00,-2473390,4266.980
46411,2009-09-01T03:00:00+00:00,-2472490,4267.020
46411,2009-09-01T03:15:00+00:00,-2471590,4267.052
46411,2009-09-01T03:30:00+00:00,-2470690,4267.078
46411,2009-09-01T03:45:00+00:00,-2469790,4267.097
46411,2009-09-01T04:00:00+00:00,-2468890,4267.109
46411,2009-09-01T04:15:00+00:00,-2467990,4267.113
46411,2009-09-01T04:30:00+00:00,-2467090,4267.110
46411,2009-09-01T04:45:00+00:00,-2466190,4267.096
46411,2009-09-01T05:00:00+00:00,-2465290,4267.077
46411,2009-09-01T05:15:00+00:00,-2464390,4267.049
46411,2009-09-01T05:30:00+00:00,-2463490,4267.014
46411,2009-09-01T05:45:00+00:00,-2462590,4266.971
46411,2009-09-01T06:00:00+00:00,-2461690,4266.919
46411,2009-09-01T06:15:00+00:00,-2460790,4266.864
46411,2009-09-01T06:30:00+00:00,-2459890,4266.801
46411,2009-09-01T06:45:00+00:00,-2458990,4266.731
46411,2009-09-01T07:00:00+00:00,-2458090,4266.657
46411,2009-09-01T07:15:00+00:00,-2457190,4266.577
46411,2009-09-01T07:30:00+00:00,-2456290,4266.495
46411,2009-09-01T07:45:00+00:00,-2455390,4266.411
46411,2009-09-01T08:00:00+00:00,-2454490,4266.323
46411,2009-09-01T08:15:00+00:00,-2453590,4266.235
46411,2009-09-01T08:30:00+00:00,-2452690,4266.149
46411,2009-09-01T08:45:00+00:00,-2451790,4266.065
46411,2009-09-01T09:00:00+00:00,-2450890,4265.985
46411,2009-09-01T09:15:00+00:00,-2449990,4265.911
46411,2009-09-01T09:30:00+00:00,-2449090,4265.844
46411,2009-09-01T09:45:00+00:00,-2448190,4265.777
46411,2009-09-01T10:00:00+00:00,-2447290,4265.719
46411,2009-09-01T10:15:00+00:00,-2446390,4265.668
46411,2009-09-01T10:30:00+00:00,-2445490,4265.627
46411,2009-09-01T10:45:00+00:00,-2444590,4265.593
46411,2009-09-01T11:00:00+00:00,-2443690,4265.567
46411,2009-09-01T11:15:00+00:00,-2442790,4265.549
46411,2009-09-01T11:30:00+00:00,-2441890,4265.541
46411,2009-09-01T11:45:00+00:00,-2440990,4265.541
46411,2009-09-01T12:00:00+00:00,-2440090,4265.553
46411,2009-09-01T12:15:00+00:00,-2439190,4265.571
46411,2009-09-01T12:30:00+00:00,-2438290,4265.597
46411,2009-09-01T12:45:00+00:00,-2437390,4265.637
46411,2009-09-01T13:00:00+00:00,-2436490,4265.679
46411,2009-09-01T13:15:00+00:00,-2435590,4265.729
46411,2009-09-01T13:30:00+00:00,-2434690,4265.787
46411,2009-09-01T13:45:00+00:00,-2433790,4265.848
46411,2009-09-01T14:00:00+00:00,-2432890,4265.914
46411,2009-09-01T14:15:00+00:00,-2431990,4265.983
46411,2009-09-01T14:30:00+00:00,-2431090,4266.055
46411,2009-09-01T14:45:00+00:00,-2430190,4266.124
46411,2009-09-01T15:00:00+00:00,-2429290,4266.197
46411,2009-09-01T15:15:00+00:00,-2428390,4266.270
46411,2009-09-01T15:30:00+00:00,-2427490,4266.339
46411,2009-09-01T15:45:00+00:00,-2426590,4266.403
46411,2009-09-01T16:00:00+00:00,-2425690,4266.467
46411,2009-09-01T16:15:00+00:00,-2424790,4266.526
46411,2009-09-01T16:30:00+00:00,-2423890,4266.578
46411,2009-09-01T16:45:00+00:00,-2422990,4266.626
46411,2009-09-01T17:00:00+00:00,-2422090,4266.668
46411,2009-09-01T17:15:00+00:00,-2421190,4266.701
46411,2009-09-01T17:30:00+00:00,-2420290,4266.728
46411,2009-09-01T17:45:00+00:00,-2419390,4266.750
46411,2009-09-01T18:00:00+00:00,-2418490,4266.764
46411,2009-09-01T18:15:00+00:00,-2417590,4266.768
46411,2009-09-01T18:30:00+00:00,-2416690,4266.768
46411,2009-09-01T18:45:00+00:00,-2415790,4266.758
46411,2009-09-01T19:00:00+00:00,-2414890,4266.745
46411,2009-09-01T19:15:00+00:00,-2413990,4266.725
46411,2009-09-01T19:30:00+00:00,-2413090,4266.700
46411,2009-09-01T19:45:00+00:00,-2412190,4266.670
46411,2009-09-01T20:00:00+00:00,-2411290,4266.635
46411,2009-09-01T20:15:00+00:00,-2410390,4266.602
46411,2009-09-01T20:30:00+00:00,-2409490,4266.564
46411,2009-09-01T20:45:00+00:00,-2408590,4266.526
46411,2009-09-01T21:00:00+00:00,-2407690,4266.492
46411,2009-09-01T21:15:00+00:00,-2406790,4266.453
46411,2009-09-01T21:30:00+00:00,-2405890,4266.418
46411,2009-09-01T21:45:00+00:00,-2404990,4266.387
46411,2009-09-01T22:00:00+00:00,-2404090,4266.359
46411,2009-09-01T22:15:00+00:00,-2403190,4266.333
46411,2009-09-01T22:30:00+00:00,-2402290,4266.314
46411,2009-09-01T22:45:00+00:00,-2401390,4266.300
46411,2009-09-01T23:00:00+00:00,-2400490,4266.291
46411,2009-09-01T23:15:00+00:00,-2399590,4266.290
46411,2009-09-01T23:30:00+00:00,-2398690,4266.292
46411,2009-09-01T23:45:00+00:00,-2397790,4266.303
46411,2009-09-02T00:00:00+00:00,-2396890,4266.320
46411,2009-09-02T00:15:00+00:00,-2395990,4266.342
46411,2009-09-02T00:30:00+00:00,-2395090,4266.370
46411,2009-09-02T00:45:00+00:00,-2394190,4266.405
46411,2009-09-02T01:00:00+00:00,-2393290,4266.443
46411,2009-09-02T01:15:00+00:00,-2392390,4266.487
46411,2009-09-02T01:30:00+00:00,-2391490,4266.537
46411,2009-09-02T01:45:00+00:00,-2390590,4266.586
46411,2009-09-02T02:00:00+00:00,-2389690,4266.640
46411,2009-09-02T02:15:00+00:00,-2388790,4266.695
46411,2009-09-02T02:30:00+00:00,-2387890,4266.752
46411,2009-09-02T02:45:00+00:00,-2386990,4266.804
46411,2009-09-02T03:00:00+00:00,-2386090,4266.857
46411,2009-09-02T03:15:00+00:00,-2385190,4266.906
46411,2009-09-02T03:30:00+00:00,-2384290,4266.953
46411,2009-09-02T03:45:00+00:00,-2383390,4266.994
46411,2009-09-02T04:00:00+00:00,-2382490,4267.030
46411,2009-09-02T04:15:00+00:00,-2381590,4267.061
46411,2009-09-02T04:30:00+00:00,-2380690,4267.085
46411,2009-09-02T04:45:00+00:00,-2379790,4267.100
46411,2009-09-02T05:00:00+00:00,-2378890,4267.107
46411,2009-09-02T05:15:00+00:00,-2377990,4267.109
46411,2009-09-02T05:30:00+00:00,-2377090,4267.097
46411,2009-09-02T05:45:00+00:00,-2376190,4267.079
46411,2009-09-02T06:00:00+00:00,-2375290,4267.051
46411,2009-09-02T06:15:00+00:00,-2374390,4267.016
46411,2009-09-02T06:30:00+00:00,-2373490,4266.971
46411,2009-09-02T06:45:00+00:00,-2372590,4266.918
46411,2009-09-02T07:00:00+00:00,-2371690,4266.859
46411,2009-09-02T07:15:00+00:00,-2370790,4266.791
46411,2009-09-02T07:30:00+00:00,-2369890,4266.719
46411,2009-09-02T07:45:00+00:00,-2368990,4266.640
46411,2009-09-02T08:00:00+00:00,-2368090,4266.559
46411,2009-09-02T08:15:00+00:00,-2367190,4266.474
46411,2009-09-02T08:30:00+00:00,-2366290,4266.386
46411,2009-09-02T08:45:00+00:00,-2365390,4266.300
46411,2009-09-02T09:00:00+00:00,-2364490,4266.211
46411,2009-09-02T09:15:00+00:00,-2363590,4266.124
46411,2009-09-02T09:30:00+00:00,-2362690,4266.040
46411,2009-09-02T09:45:00+00:00,-2361790,4265.958
46411,2009-09-02T10:00:00+00:00,-2360890,4265.883
46411,2009-09-02T10:15:00+00:00,-2359990,4265.813
46411,2009-09-02T10:30:00+00:00,-2359090,4265.751
46411,2009-09-02T10:45:00+00:00,-2358190,4265.692
46411,2009-09-02T11:00:00+00:00,-2357290,4265.642
46411,2009-09-02T11:15:00+00:00,-2356390,4265.605
46411,2009-09-02T11:30:00+00:00,-2355490,4265.574
46411,2009-09-02T11:45:00+00:00,-2354590,4265.554
46411,2009-09-02T12:00:00+00:00,-2353690,4265.544
46411,2009-09-02T12:15:00+00:00,-2352790,4265.545
46411,2009-09-02T12:30:00+00:00,-2351890,4265.555
46411,2009-09-02T12:45:00+00:00,-2350990,4265.576
46411,2009-09-02T13:00:00+00:00,-2350090,4265.604
46411,2009-09-02T13:15:00+00:00,-2349190,4265.642
46411,2009-09-02T13:30:00+00:00,-2348290,4265.687
46411,2009-09-02T13:45:00+00:00,-2347390,4265.739
46411,2009-09-02T14:00:00+00:00,-2346490,4265.799
46411,2009-09-02T14:15:00+00:00,-2345590,4265.864
46411,2009-09-02T14:30:00+00:00,-2344690,4265.934
46411,2009-09-02T14:45:00+00:00,-2343790,4266.005
46411,2009-09-02T15:00:00+00:00,-2342890,4266.084
46411,2009-09-02T15:15:00+00:00,-2341990,4266.160
46411,2009-09-02T15:30:00+00:00,-2341090,4266.237
46411,2009-09-02T15:45:00+00:00,-2340190,4266.316
46411,2009-09-02T16:00:00+00:00,-2339290,4266.393
46411,2009-09-02T16:15:00+00:00,-2338390,4266.464
46411,2009-09-02T16:30:00+00:00,-2337490,4266.535
46411,2009-09-02T16:45:00+00:00,-2336590,4266.598
46411,2009-09-02T17:00:00+00:00,-2335690,4266.653
46411,2009-09-02T17:15:00+00:00,-2334790,4266.701
46411,2009-09-02T17:30:00+00:00,-2333890,4266.744
46411,2009-09-02T17:45:00+00:00,-2332990,4266.776
46411,2009-09-02T18:00:00+00:00,-2332090,4266.805
46411,2009-09-02T18:15:00+00:00,-2331190,4266.825
46411,2009-09-02T18:30:00+00:00,-2330290,4266.835
46411,2009-09-02T18:45:00+00:00,-2329390,4266.841
46411,2009-09-02T19:00:00+00:00,-2328490,4266.837
46411,2009-09-02T19:15:00+00:00,-2327590,4266.828
46411,2009-09-02T19:30:00+00:00,-2326690,4266.810
46411,2009-09-02T19:45:00+00:00,-2325790,4266.785
46411,2009-09-02T20:00:00+00:00,-2324890,4266.754
46411,2009-09-02T20:15:00+00:00,-2323990,4266.717
46411,2009-09-02T20:30:00+00:00,-2323090,4266.674
46411,2009-09-02T20:45:00+00:00,-2322190,4266.630
46411,2009-09-02T21:00:00+00:00,-2321290,4266.582
46411,2009-09-02T21:15:00+00:00,-2320390,4266.532
46411,2009-09-02T21:30:00+00:00,-2319490,4266.485
46411,2009-09-02T21:45:00+00:00,-2318590,4266.437
46411,2009-09-02T22:00:00+00:00,-2317690,4266.389
46411,2009-09-02T22:15:00+00:00,-2316790,4266.347
46411,2009-09-02T22:30:00+00:00,-2315890,4266.311
46411,2009-09-02T22:45:00+00:00,-2314990,4266.276
46411,2009-09-02T23:00:00+00:00,-2314090,4266.248
46411,2009-09-02T23:15:00+00:00,-2313190,4266.227
46411,2009-09-02T23:30:00+00:00,-2312290,4266.211
46411,2009-09-02T23:45:00+00:00,-2311390,4266.201
46411,2009-09-03T00:00:00+00:00,-2310490,4266.196
46411,2009-09-03T00:15:00+00:00,-2309590,4266.199
46411,2009-09-03T00:30:00+00:00,-2308690,4266.208
46411,2009-09-03T00:45:00+00:00,-2307790,4266.225
46411,2009-09-03T01:00:00+00:00,-2306890,4266.250
46411,2009-09-03T01:15:00+00:00,-2305990,4266.282
46411,2009-09-03T01:30:00+00:00,-2305090,4266.323
46411,2009-09-03T01:45:00+00:00,-2304190,4266.369
46411,2009-09-03T02:00:00+00:00,-2303290,4266.419
46411,2009-09-03T02:15:00+00:00,-2302390,4266.476
46411,2009-09-03T02:30:00+00:00,-2301490,4266.534
46411,2009-09-03T02:45:00+00:00,-2300590,4266.595
46411,2009-09-03T03:00:00+00:00,-2299690,4266.654
46411,2009-09-03T03:15:00+00:00,-2298790,4266.715
46411,2009-09-03T03:30:00+00:00,-2297890,4266.779
46411,2009-09-03T03:45:00+00:00,-2296990,4266.839
46411,2009-09-03T04:00:00+00:00,-2296090,4266.895
46411,2009-09-03T04:15:00+00:00,-2295190,4266.947
46411,2009-09-03T04:30:00+00:00,-2294290,4266.991
46411,2009-09-03T04:45:00+00:00,-2293390,4267.030
46411,2009-09-03T05:00:00+00:00,-2292490,4267.063
46411,2009-09-03T05:15:00+00:00,-2291590,4267.088
46411,2009-09-03T05:30:00+00:00,-2290690,4267.104
46411,2009-09-03T05:45:00+00:00,-2289790,4267.110
46411,2009-09-03T06:00:00+00:00,-2288890,4267.108
46411,2009-09-03T06:15:00+00:00,-2287990,4267.099
46411,2009-09-03T06:30:00+00:00,-2287090,4267.080
46411,2009-09-03T06:45:00+00:00,-2286190,4267.052
46411,2009-09-03T07:00:00+00:00,-2285290,4267.012
46411,2009-09-03T07:15:00+00:00,-2284390,4266.964
46411,2009-09-03T07:30:00+00:00,-2283490,4266.909
46411,2009-09-03T07:45:00+00:00,-2282590,4266.844
46411,2009-09-03T08:00:00+00:00,-2281690,4266.773
46411,2009-09-03T08:15:00+00:00,-2280790,4266.698
46411,2009-09-03T08:30:00+00:00,-2279890,4266.617
46411,2009-09-03T08:45:00+00:00,-2278990,4266.534
46411,2009-09-03T09:00:00+00:00,-2278090,4266.447
46411,2009-09-03T09:15:00+00:00,-2277190,4266.359
46411,2009-09-03T09:30:00+00:00,-2276290,4266.269
46411,2009-09-03T09:45:00+00:00,-2275390,4266.181
46411,2009-09-03T10:00:00+00:00,-2274490,4266.096
46411,2009-09-03T10:15:00+00:00,-2273590,4266.014
46411,2009-09-03T10:30:00+00:00,-2272690,4265.937
46411,2009-09-03T10:45:00+00:00,-2271790,4265.864
46411,2009-09-03T11:00:00+00:00,-2270890,4265.798
46411,2009-09-03T11:15:00+00:00,-2269990,4265.740
46411,2009-09-03T11:30:00+00:00,-2269090,4265.691
46411,2009-09-03T11:45:00+00:00,-2268190,4265.647
46411,2009-09-03T12:00:00+00:00,-2267290,4265.615
46411,2009-09-03T12:15:00+00:00,-2266390,4265.590
46411,2009-09-03T12:30:00+00:00,-2265490,4265.576
46411,2009-09-03T12:45:00+00:00,-2264590,4265.571
46411,2009-09-03T13:00:00+00:00,-2263690,4265.578
46411,2009-09-03T13:15:00+00:00,-2262790,4265.597
46411,2009-09-03T13:30:00+00:00,-2261890,4265.626
46411,2009-09-03T13:45:00+00:00,-2260990,4265.664
46411,2009-09-03T14:00:00+00:00,-2260090,4265.708
46411,2009-09-03T14:15:00+00:00,-2259190,4265.763
46411,2009-09-03T14:30:00+00:00,-2258290,4265.825
46411,2009-09-03T14:45:00+00:00,-2257390,4265.894
46411,2009-09-03T15:00:00+00:00,-2256490,4265.966
46411,2009-09-03T15:15:00+00:00,-2255590,4266.046
46411,2009-09-03T15:30:00+00:00,-2254690,4266.123
46411,2009-09-03T15:45:00+00:00,-2253790,4266.204
46411,2009-09-03T16:00:00+00:00,-2252890,4266.285
46411,2009-09-03T16:15:00+00:00,-2251990,4266.363
46411,2009-09-03T16:30:00+00:00,-2251090,4266.442
46411,2009-09-03T16:45:00+00:00,-2250190,4266.515
46411,2009-09-03T17:00:00+00:00,-2249290,4266.585
46411,2009-09-03T17:15:00+00:00,-2248390,4266.650
46411,2009-09-03T17:30:00+00:00,-2247490,4266.707
46411,2009-09-03T17:45:00+00:00,-2246590,4266.758
46411,2009-09-03T18:00:00+00:00,-2245690,4266.799
46411,2009-09-03T18:15:00+00:00,-2244790,4266.834
46411,2009-09-03T18:30:00+00:00,-2243890,4266.859
46411,2009-09-03T18:45:00+00:00,-2242990,4266.878
46411,2009-09-03T19:00:00+00:00,-2242090,4266.887
46411,2009-09-03T19:15:00+00:00,-2241190,4266.888
46411,2009-09-03T19:30:00+00:00,-2240290,4266.881
46411,2009-09-03T19:45:00+00:00,-2239390,4266.865
46411,2009-09-03T20:00:00+00:00,-2238490,4266.841
46411,2009-09-03T20:15:00+00:00,-2237590,4266.811
46411,2009-09-03T20:30:00+00:00,-2236690,4266.770
46411,2009-09-03T20:45:00+00:00,-2235790,4266.726
46411,2009-09-03T21:00:00+00:00,-2234890,4266.681
46411,2009-09-03T21:15:00+00:00,-2233990,4266.628
46411,2009-09-03T21:30:00+00:00,-2233090,4266.575
46411,2009-09-03T21:45:00+00:00,-2232190,4266.521
46411,2009-09-03T22:00:00+00:00,-2231290,4266.466
46411,2009-09-03T22:15:00+00:00,-2230390,4266.410
46411,2009-09-03T22:30:00+00:00,-2229490,4266.356
46411,2009-09-03T22:45:00+00:00,-2228590,4266.305
46411,2009-09-03T23:00:00+00:00,-2227690,4266.257
46411,2009-09-03T23:15:00+00:00,-2226790,4266.216
46411,2009-09-03T23:30:00+00:00,-2225890,4266.180
46411,2009-09-03T23:45:00+00:00,-2224990,4266.151
46411,2009-09-04T00:00:00+00:00,-2224090,4266.128
46411,2009-09-04T00:15:00+00:00,-2223190,4266.111
46411,2009-09-04T00:30:00+00:00,-2222290,4266.101
46411,2009-09-04T00:45:00+00:00,-2221390,4266.100
46411,2009-09-04T01:00:00+00:00,-2220490,4266.106
46411,2009-09-04T01:15:00+00:00,-2219590,4266.119
46411,2009-09-04T01:30:00+00:00,-2218690,4266.141
46411,2009-09-04T01:45:00+00:00,-2217790,4266.173
46411,2009-09-04T02:00:00+00:00,-2216890,4266.212
46411,2009-09-04T02:15:00+00:00,-2215990,4266.259
46411,2009-09-04T02:30:00+00:00,-2215090,4266.313
46411,2009-09-04T02:45:00+00:00,-2214190,4266.370
46411,2009-09-04T03:00:00+00:00,-2213290,4266.432
46411,2009-09-04T03:15:00+00:00,-2212390,4266.498
46411,2009-09-04T03:30:00+00:00,-2211490,4266.563
46411,2009-09-04T03:45:00+00:00,-2210590,4266.630
46411,2009-09-04T04:00:00+00:00,-2209690,4266.699
46411,2009-09-04T04:15:00+00:00,-2208790,4266.763
46411,2009-09-04T04:30:00+00:00,-2207890,4266.825
46411,2009-09-04T04:45:00+00:00,-2206990,4266.883
46411,2009-09-04T05:00:00+00:00,-2206090,4266.935
46411,2009-09-04T05:15:00+00:00,-2205190,4266.979
46411,2009-09-04T05:30:00+00:00,-2204290,4267.017
46411,2009-09-04T05:45:00+00:00,-2203390,4267.050
46411,2009-09-04T06:00:00+00:00,-2202490,4267.071
46411,2009-09-04T06:15:00+00:00,-2201590,4267.084
46411,2009-09-04T06:30:00+00:00,-2200690,4267.086
46411,2009-09-04T06:45:00+00:00,-2199790,4267.081
46411,2009-09-04T07:00:00+00:00,-2198890,4267.066
46411,2009-09-04T07:15:00+00:00,-2197990,4267.041
46411,2009-09-04T07:30:00+00:00,-2197090,4267.007
46411,2009-09-04T07:45:00+00:00,-2196190,4266.964
46411,2009-09-04T08:00:00+00:00,-2195290,4266.914
46411,2009-09-04T08:15:00+00:00,-2194390,4266.856
46411,2009-09-04T08:30:00+00:00,-2193490,4266.787
46411,2009-09-04T08:45:00+00:00,-2192590,4266.715
46411,2009-09-04T09:00:00+00:00,-2191690,4266.633
46411,2009-09-04T09:15:00+00:00,-2190790,4266.550
46411,2009-09-04T09:30:00+00:00,-2189890,4266.463
46411,2009-09-04T09:45:00+00:00,-2188990,4266.375
46411,2009-09-04T10:00:00+00:00,-2188090,4266.287
46411,2009-09-04T10:15:00+00:00,-2187190,4266.201
46411,2009-09-04T10:30:00+00:00,-2186290,4266.114
46411,2009-09-04T10:45:00+00:00,-2185390,4266.031
46411,2009-09-04T11:00:00+00:00,-2184490,4265.954
46411,2009-09-04T11:15:00+00:00,-2183590,4265.881
46411,2009-09-04T11:30:00+00:00,-2182690,4265.813
46411,2009-09-04T11:45:00+00:00,-2181790,4265.753
46411,2009-09-04T12:00:00+00:00,-2180890,4265.703
46411,2009-09-04T12:15:00+00:00,-2179990,4265.662
46411,2009-09-04T12:30:00+00:00,-2179090,4265.631
46411,2009-09-04T12:45:00+00:00,-2178190,4265.609
46411,2009-09-04T13:00:00+00:00,-2177290,4265.600
46411,2009-09-04T13:15:00+00:00,-2176390,4265.599
46411,2009-09-04T13:30:00+00:00,-2175490,4265.609
46411,2009-09-04T13:45:00+00:00,-2174590,4265.629
46411,2009-09-04T14:00:00+00:00,-2173690,4265.659
46411,2009-09-04T14:15:00+00:00,-2172790,4265.700
46411,2009-09-04T14:30:00+00:00,-2171890,4265.750
46411,2009-09-04T14:45:00+00:00,-2170990,4265.808
46411,2009-09-04T15:00:00+00:00,-2170090,4265.872
46411,2009-09-04T15:15:00+00:00,-2169190,4265.944
46411,2009-09-04T15:30:00+00:00,-2168290,4266.019
46411,2009-09-04T15:45:00+00:00,-2167390,4266.100
46411,2009-09-04T16:00:00+00:00,-2166490,4266.182
46411,2009-09-04T16:15:00+00:00,-2165590,4266.266
46411,2009-09-04T16:30:00+00:00,-2164690,4266.353
46411,2009-09-04T16:45:00+00:00,-2163790,4266.434
46411,2009-09-04T17:00:00+00:00,-2162890,4266.513
46411,2009-09-04T17:15:00+00:00,-2161990,4266.591
46411,2009-09-04T17:30:00+00:00,-2161090,4266.661
46411,2009-09-04T17:45:00+00:00,-2160190,4266.725
46411,2009-09-04T18:00:00+00:00,-2159290,4266.780
46411,2009-09-04T18:15:00+00:00,-2158390,4266.831
46411,2009-09-04T18:30:00+00:00,-2157490,4266.871
46411,2009-09-04T18:45:00+00:00,-2156590,4266.906
46411,2009-09-04T19:00:00+00:00,-2155690,4266.930
46411,2009-09-04T19:15:00+00:00,-2154790,4266.945
46411,2009-09-04T19:30:00+00:00,-2153890,4266.949
46411,2009-09-04T19:45:00+00:00,-2152990,4266.944
46411,2009-09-04T20:00:00+00:00,-2152090,4266.931
46411,2009-09-04T20:15:00+00:00,-2151190,4266.907
46411,2009-09-04T20:30:00+00:00,-2150290,4266.878
46411,2009-09-04T20:45:00+00:00,-2149390,4266.841
46411,2009-09-04T21:00:00+00:00,-2148490,4266.794
46411,2009-09-04T21:15:00+00:00,-2147590,4266.743
46411,2009-09-04T21:30:00+00:00,-2146690,4266.686
46411,2009-09-04T21:45:00+00:00,-2145790,4266.628
46411,2009-09-04T22:00:00+00:00,-2144890,4266.563
46411,2009-09-04T22:15:00+00:00,-2143990,4266.500
46411,2009-09-04T22:30:00+00:00,-2143090,4266.434
46411,2009-09-04T22:45:00+00:00,-2142190,4266.368
46411,2009-09-04T23:00:00+00:00,-2141290,4266.304
46411,2009-09-04T23:15:00+00:00,-2140390,4266.245
46411,2009-09-04T23:30:00+00:00,-2139490,4266.189
46411,2009-09-04T23:45:00+00:00,-2138590,4266.138
46411,2009-09-05T00:00:00+00:00,-2137690,4266.092
46411,2009-09-05T00:15:00+00:00,-2136790,4266.051
46411,2009-09-05T00:30:00+00:00,-2135890,4266.019
46411,2009-09-05T00:45:00+00:00,-2134990,4265.996
46411,2009-09-05T01:00:00+00:00,-2134090,4265.982
46411,2009-09-05T01:15:00+00:00,-2133190,4265.976
46411,2009-09-05T01:30:00+00:00,-2132290,4265.981
46411,2009-09-05T01:45:00+00:00,-2131390,4265.992
46411,2009-09-05T02:00:00+00:00,-2130490,4266.015
46411,2009-09-05T02:15:00+00:00,-2129590,4266.045
46411,2009-09-05T02:30:00+00:00,-2128690,4266.083
46411,2009-09-05T02:45:00+00:00,-2127790,4266.132
46411,2009-09-05T03:00:00+00:00,-2126890,4266.186
46411,2009-09-05T03:15:00+00:00,-2125990,4266.244
46411,2009-09-05T03:30:00+00:00,-2125090,4266.309
46411,2009-09-05T03:45:00+00:00,-2124190,4266.375
46411,2009-09-05T04:00:00+00:00,-2123290,4266.441
46411,2009-09-05T04:15:00+00:00,-2122390,4266.510
46411,2009-09-05T04:30:00+00:00,-2121490,4266.583
46411,2009-09-05T04:45:00+00:00,-2120590,4266.653
46411,2009-09-05T05:00:00+00:00,-2119690,4266.720
46411,2009-09-05T05:15:00+00:00,-2118790,4266.783
46411,2009-09-05T05:30:00+00:00,-2117890,4266.843
46411,2009-09-05T05:45:00+00:00,-2116990,4266.897
46411,2009-09-05T06:00:00+00:00,-2116090,4266.942
46411,2009-09-05T06:15:00+00:00,-2115190,4266.980
46411,2009-09-05T06:30:00+00:00,-2114290,4267.007
46411,2009-09-05T06:45:00+00:00,-2113390,4267.029
46411,2009-09-05T07:00:00+00:00,-2112490,4267.040
46411,2009-09-05T07:15:00+00:00,-2111590,4267.042
46411,2009-09-05T07:30:00+00:00,-2110690,4267.035
46411,2009-09-05T07:45:00+00:00,-2109790,4267.019
46411,2009-09-05T08:00:00+00:00,-2108890,4266.992
46411,2009-09-05T08:15:00+00:00,-2107990,4266.956
46411,2009-09-05T08:30:00+00:00,-2107090,4266.913
46411,2009-09-05T08:45:00+00:00,-2106190,4266.861
46411,2009-09-05T09:00:00+00:00,-2105290,4266.802
46411,2009-09-05T09:15:00+00:00,-2104390,4266.738
46411,2009-09-05T09:30:00+00:00,-2103490,4266.662
46411,2009-09-05T09:45:00+00:00,-2102590,4266.587
46411,2009-09-05T10:00:00+00:00,-2101690,4266.504
46411,2009-09-05T10:15:00+00:00,-2100790,4266.421
46411,2009-09-05T10:30:00+00:00,-2099890,4266.338
46411,2009-09-05T10:45:00+00:00,-2098990,4266.252
46411,2009-09-05T11:00:00+00:00,-2098090,4266.171
46411,2009-09-05T11:15:00+00:00,-2097190,4266.092
46411,2009-09-05T11:30:00+00:00,-2096290,4266.017
46411,2009-09-05T11:45:00+00:00,-2095390,4265.943
46411,2009-09-05T12:00:00+00:00,-2094490,4265.881
46411,2009-09-05T12:15:00+00:00,-2093590,4265.824
46411,2009-09-05T12:30:00+00:00,-2092690,4265.775
46411,2009-09-05T12:45:00+00:00,-2091790,4265.740
46411,2009-09-05T13:00:00+00:00,-2090890,4265.714
46411,2009-09-05T13:15:00+00:00,-2089990,4265.698
46411,2009-09-05T13:30:00+00:00,-2089090,4265.692
46411,2009-09-05T13:45:00+00:00,-2088190,4265.698
46411,2009-09-05T14:00:00+00:00,-2087290,4265.710
46411,2009-09-05T14:15:00+00:00,-2086390,4265.735
46411,2009-09-05T14:30:00+00:00,-2085490,4265.768
46411,2009-09-05T14:45:00+00:00,-2084590,4265.812
46411,2009-09-05T15:00:00+00:00,-2083690,4265.863
46411,2009-09-05T15:15:00+00:00,-2082790,4265.923
46411,2009-09-05T15:30:00+00:00,-2081890,4265.987
46411,2009-09-05T15:45:00+00:00,-2080990,4266.059
46411,2009-09-05T16:00:00+00:00,-2080090,4266.135
46411,2009-09-05T16:15:00+00:00,-2079190,4266.213
46411,2009-09-05T16:30:00+00:00,-2078290,4266.294
46411,2009-09-05T16:45:00+00:00,-2077390,4266.378
46411,2009-09-05T17:00:00+00:00,-2076490,4266.462
46411,2009-09-05T17:15:00+00:00,-2075590,4266.543
46411,2009-09-05T17:30:00+00:00,-2074690,4266.623
46411,2009-09-05T17:45:00+00:00,-2073790,4266.697
46411,2009-09-05T18:00:00+00:00,-2072890,4266.769
46411,2009-09-05T18:15:00+00:00,-2071990,4266.831
46411,2009-09-05T18:30:00+00:00,-2071090,4266.886
46411,2009-09-05T18:45:00+00:00,-2070190,4266.936
46411,2009-09-05T19:00:00+00:00,-2069290,4266.974
46411,2009-09-05T19:15:00+00:00,-2068390,4267.001
46411,2009-09-05T19:30:00+00:00,-2067490,4267.023
46411,2009-09-05T19:45:00+00:00,-2066590,4267.032
46411,2009-09-05T20:00:00+00:00,-2065690,4267.033
46411,2009-09-05T20:15:00+00:00,-2064790,4267.021
46411,2009-09-05T20:30:00+00:00,-2063890,4267.002
46411,2009-09-05T20:45:00+00:00,-2062990,4266.970
46411,2009-09-05T21:00:00+00:00,-2062090,4266.931
46411,2009-09-05T21:15:00+00:00,-2061190,4266.884
46411,2009-09-05T21:30:00+00:00,-2060290,4266.833
46411,2009-09-05T21:45:00+00:00,-2059390,4266.771
46411,2009-09-05T22:00:00+00:00,-2058490,4266.704
46411,2009-09-05T22:15:00+00:00,-2057590,4266.636
46411,2009-09-05T22:30:00+00:00,-2056690,4266.564
46411,2009-09-05T22:45:00+00:00,-2055790,4266.490
46411,2009-09-05T23:00:00+00:00,-2054890,4266.418
46411,2009-09-05T23:15:00+00:00,-2053990,4266.344
46411,2009-09-05T23:30:00+00:00,-2053090,4266.273
46411,2009-09-05T23:45:00+00:00,-2052190,4266.205
46411,2009-09-06T00:00:00+00:00,-2051290,4266.142
46411,2009-09-06T00:15:00+00:00,-2050390,4266.083
46411,2009-09-06T00:30:00+00:00,-2049490,4266.030
46411,2009-09-06T00:45:00+00:00,-2048590,4265.982
46411,2009-09-06T01:00:00+00:00,-2047690,4265.943
46411,2009-09-06T01:15:00+00:00,-2046790,4265.913
46411,2009-09-06T01:30:00+00:00,-2045890,4265.892
46411,2009-09-06T01:45:00+00:00,-2044990,4265.880
46411,2009-09-06T02:00:00+00:00,-2044090,4265.878
46411,2009-09-06T02:15:00+00:00,-2043190,4265.885
46411,2009-09-06T02:30:00+00:00,-2042290,4265.904
46411,2009-09-06T02:45:00+00:00,-2041390,4265.932
46411,2009-09-06T03:00:00+00:00,-2040490,4265.967
46411,2009-09-06T03:15:00+00:00,-2039590,4266.012
46411,2009-09-06T03:30:00+00:00,-2038690,4266.064
46411,2009-09-06T03:45:00+00:00,-2037790,4266.122
46411,2009-09-06T04:00:00+00:00,-2036890,4266.181
46411,2009-09-06T04:15:00+00:00,-2035990,4266.248
46411,2009-09-06T04:30:00+00:00,-2035090,4266.316
46411,2009-09-06T04:45:00+00:00,-2034190,4266.386
46411,2009-09-06T05:00:00+00:00,-2033290,4266.457
46411,2009-09-06T05:15:00+00:00,-2032390,4266.528
46411,2009-09-06T05:30:00+00:00,-2031490,4266.597
46411,2009-09-06T05:45:00+00:00,-2030590,4266.663
46411,2009-09-06T06:00:00+00:00,-2029690,4266.726
46411,2009-09-06T06:15:00+00:00,-2028790,4266.784
46411,2009-09-06T06:30:00+00:00,-2027890,4266.839
46411,2009-09-06T06:45:00+00:00,-2026990,4266.882
46411,2009-09-06T07:00:00+00:00,-2026090,4266.919
46411,2009-09-06T07:15:00+00:00,-2025190,4266.949
46411,2009-09-06T07:30:00+00:00,-2024290,4266.969
46411,2009-09-06T07:45:00+00:00,-2023390,4266.979
46411,2009-09-06T08:00:00+00:00,-2022490,4266.982
46411,2009-09-06T08:15:00+00:00,-2021590,4266.974
46411,2009-09-06T08:30:00+00:00,-2020690,4266.957
46411,2009-09-06T08:45:00+00:00,-2019790,4266.932
46411,2009-09-06T09:00:00+00:00,-2018890,4266.897
46411,2009-09-06T09:15:00+00:00,-2017990,4266.853
46411,2009-09-06T09:30:00+00:00,-2017090,4266.804
46411,2009-09-06T09:45:00+00:00,-2016190,4266.746
46411,2009-09-06T10:00:00+00:00,-2015290,4266.684
46411,2009-09-06T10:15:00+00:00,-2014390,4266.616
46411,2009-09-06T10:30:00+00:00,-2013490,4266.542
46411,2009-09-06T10:45:00+00:00,-2012590,4266.465
46411,2009-09-06T11:00:00+00:00,-2011690,4266.389
46411,2009-09-06T11:15:00+00:00,-2010790,4266.310
46411,2009-09-06T11:30:00+00:00,-2009890,4266.236
46411,2009-09-06T11:45:00+00:00,-2008990,4266.163
46411,2009-09-06T12:00:00+00:00,-2008090,4266.092
46411,2009-09-06T12:15:00+00:00,-2007190,4266.025
46411,2009-09-06T12:30:00+00:00,-2006290,4265.966
46411,2009-09-06T12:45:00+00:00,-2005390,4265.916
46411,2009-09-06T13:00:00+00:00,-2004490,4265.871
46411,2009-09-06T13:15:00+00:00,-2003590,4265.836
46411,2009-09-06T13:30:00+00:00,-2002690,4265.811
46411,2009-09-06T13:45:00+00:00,-2001790,4265.797
46411,2009-09-06T14:00:00+00:00,-2000890,4265.791
46411,2009-09-06T14:15:00+00:00,-1999990,4265.794
46411,2009-09-06T14:30:00+00:00,-1999090,4265.809
46411,2009-09-06T14:45:00+00:00,-1998190,4265.835
46411,2009-09-06T15:00:00+00:00,-1997290,4265.868
46411,2009-09-06T15:15:00+00:00,-1996390,4265.912
46411,2009-09-06T15:30:00+00:00,-1995490,4265.965
46411,2009-09-06T15:45:00+00:00,-1994590,4266.024
46411,2009-09-06T16:00:00+00:00,-1993690,4266.090
46411,2009-09-06T16:15:00+00:00,-1992790,4266.163
46411,2009-09-06T16:30:00+00:00,-1991890,4266.238
46411,2009-09-06T16:45:00+00:00,-1990990,4266.319
46411,2009-09-06T17:00:00+00:00,-1990090,4266.401
46411,2009-09-06T17:15:00+00:00,-1989190,4266.483
46411,2009-09-06T17:30:00+00:00,-1988290,4266.565
46411,2009-09-06T17:45:00+00:00,-1987390,4266.643
46411,2009-09-06T18:00:00+00:00,-1986490,4266.718
46411,2009-09-06T18:15:00+00:00,-1985590,4266.791
46411,2009-09-06T18:30:00+00:00,-1984690,4266.858
46411,2009-09-06T18:45:00+00:00,-1983790,4266.918
46411,2009-09-06T19:00:00+00:00,-1982890,4266.972
46411,2009-09-06T19:15:00+00:00,-1981990,4267.018
46411,2009-09-06T19:30:00+00:00,-1981090,4267.052
46411,2009-09-06T19:45:00+00:00,-1980190,4267.080
46411,2009-09-06T20:00:00+00:00,-1979290,4267.100
46411,2009-09-06T20:15:00+00:00,-1978390,4267.105
46411,2009-09-06T20:30:00+00:00,-1977490,4267.099
46411,2009-09-06T20:45:00+00:00,-1976590,4267.084
46411,2009-09-06T21:00:00+00:00,-1975690,4267.057
46411,2009-09-06T21:15:00+00:00,-1974790,4267.024
46411,2009-09-06T21:30:00+00:00,-1973890,4266.979
46411,2009-09-06T21:45:00+00:00,-1972990,4266.930
46411,2009-09-06T22:00:00+00:00,-1972090,4266.869
46411,2009-09-06T22:15:00+00:00,-1971190,4266.806
46411,2009-09-06T22:30:00+00:00,-1970290,4266.735
46411,2009-09-06T22:45:00+00:00,-1969390,4266.659
46411,2009-09-06T23:00:00+00:00,-1968490,4266.583
46411,2009-09-06T23:15:00+00:00,-1967590,4266.501
46411,2009-09-06T23:30:00+00:00,-1966690,4266.419
46411,2009-09-06T23:45:00+00:00,-1965790,4266.340
46411,2009-09-07T00:00:00+00:00,-1964890,4266.263
46411,2009-09-07T00:15:00+00:00,-1963990,4266.189
46411,2009-09-07T00:30:00+00:00,-1963090,4266.113
46411,2009-09-07T00:45:00+00:00,-1962190,4266.045
46411,2009-09-07T01:00:00+00:00,-1961290,4265.982
46411,2009-09-07T01:15:00+00:00,-1960390,4265.930
46411,2009-09-07T01:30:00+00:00,-1959490,4265.881
46411,2009-09-07T01:45:00+00:00,-1958590,4265.844
46411,2009-09-07T02:00:00+00:00,-1957690,4265.816
46411,2009-09-07T02:15:00+00:00,-1956790,4265.800
46411,2009-09-07T02:30:00+00:00,-1955890,4265.792
46411,2009-09-07T02:45:00+00:00,-1954990,4265.794
46411,2009-09-07T03:00:00+00:00,-1954090,4265.805
46411,2009-09-07T03:15:00+00:00,-1953190,4265.825
46411,2009-09-07T03:30:00+00:00,-1952290,4265.855
46411,2009-09-07T03:45:00+00:00,-1951390,4265.895
46411,2009-09-07T04:00:00+00:00,-1950490,4265.943
46411,2009-09-07T04:15:00+00:00,-1949590,4265.997
46411,2009-09-07T04:30:00+00:00,-1948690,4266.053
46411,2009-09-07T04:45:00+00:00,-1947790,4266.118
46411,2009-09-07T05:00:00+00:00,-1946890,4266.184
46411,2009-09-07T05:15:00+00:00,-1945990,4266.254
46411,2009-09-07T05:30:00+00:00,-1945090,4266.327
46411,2009-09-07T05:45:00+00:00,-1944190,4266.400
46411,2009-09-07T06:00:00+00:00,-1943290,4266.471
46411,2009-09-07T06:15:00+00:00,-1942390,4266.539
46411,2009-09-07T06:30:00+00:00,-1941490,4266.608
46411,2009-09-07T06:45:00+00:00,-1940590,4266.671
46411,2009-09-07T07:00:00+00:00,-1939690,4266.724
46411,2009-09-07T07:15:00+00:00,-1938790,4266.774
46411,2009-09-07T07:30:00+00:00,-1937890,4266.817
46411,2009-09-07T07:45:00+00:00,-1936990,4266.852
46411,2009-09-07T08:00:00+00:00,-1936090,4266.878
46411,2009-09-07T08:15:00+00:00,-1935190,4266.895
46411,2009-09-07T08:30:00+00:00,-1934290,4266.903
46411,2009-09-07T08:45:00+00:00,-1933390,4266.906
46411,2009-09-07T09:00:00+00:00,-1932490,4266.899
46411,2009-09-07T09:15:00+00:00,-1931590,4266.882
46411,2009-09-07T09:30:00+00:00,-1930690,4266.856
46411,2009-09-07T09:45:00+00:00,-1929790,4266.826
46411,2009-09-07T10:00:00+00:00,-1928890,4266.787
46411,2009-09-07T10:15:00+00:00,-1927990,4266.741
46411,2009-09-07T10:30:00+00:00,-1927090,4266.690
46411,2009-09-07T10:45:00+00:00,-1926190,4266.629
46411,2009-09-07T11:00:00+00:00,-1925290,4266.570
46411,2009-09-07T11:15:00+00:00,-1924390,4266.503
46411,2009-09-07T11:30:00+00:00,-1923490,4266.439
46411,2009-09-07T11:45:00+00:00,-1922590,4266.373
46411,2009-09-07T12:00:00+00:00,-1921690,4266.305
46411,2009-09-07T12:15:00+00:00,-1920790,4266.244
46411,2009-09-07T12:30:00+00:00,-1919890,4266.182
46411,2009-09-07T12:45:00+00:00,-1918990,4266.122
46411,2009-09-07T13:00:00+00:00,-1918090,4266.073
46411,2009-09-07T13:15:00+00:00,-1917190,4266.029
46411,2009-09-07T13:30:00+00:00,-1916290,4265.990
46411,2009-09-07T13:45:00+00:00,-1915390,4265.957
46411,2009-09-07T14:00:00+00:00,-1914490,4265.934
46411,2009-09-07T14:15:00+00:00,-1913590,4265.918
46411,2009-09-07T14:30:00+00:00,-1912690,4265.915
46411,2009-09-07T14:45:00+00:00,-1911790,4265.918
46411,2009-09-07T15:00:00+00:00,-1910890,4265.932
46411,2009-09-07T15:15:00+00:00,-1909990,4265.957
46411,2009-09-07T15:30:00+00:00,-1909090,4265.993
46411,2009-09-07T15:45:00+00:00,-1908190,4266.036
46411,2009-09-07T16:00:00+00:00,-1907290,4266.084
46411,2009-09-07T16:15:00+00:00,-1906390,4266.142
46411,2009-09-07T16:30:00+00:00,-1905490,4266.207
46411,2009-09-07T16:45:00+00:00,-1904590,4266.274
46411,2009-09-07T17:00:00+00:00,-1903690,4266.350
46411,2009-09-07T17:15:00+00:00,-1902790,4266.429
46411,2009-09-07T17:30:00+00:00,-1901890,4266.505
46411,2009-09-07T17:45:00+00:00,-1900990,4266.585
46411,2009-09-07T18:00:00+00:00,-1900090,4266.660
46411,2009-09-07T18:15:00+00:00,-1899190,4266.735
46411,2009-09-07T18:30:00+00:00,-1898290,4266.808
46411,2009-09-07T18:45:00+00:00,-1897390,4266.875
46411,2009-09-07T19:00:00+00:00,-1896490,4266.939
46411,2009-09-07T19:15:00+00:00,-1895590,4266.996
46411,2009-09-07T19:30:00+00:00,-1894690,4267.045
46411,2009-09-07T19:45:00+00:00,-1893790,4267.085
46411,2009-09-07T20:00:00+00:00,-1892890,4267.116
46411,2009-09-07T20:15:00+00:00,-1891990,4267.139
46411,2009-09-07T20:30:00+00:00,-1891090,4267.153
46411,2009-09-07T20:45:00+00:00,-1890190,4267.154
46411,2009-09-07T21:00:00+00:00,-1889290,4267.148
46411,2009-09-07T21:15:00+00:00,-1888390,4267.131
46411,2009-09-07T21:30:00+00:00,-1887490,4267.104
46411,2009-09-07T21:45:00+00:00,-1886590,4267.067
46411,2009-09-07T22:00:00+00:00,-1885690,4267.022
46411,2009-09-07T22:15:00+00:00,-1884790,4266.969
46411,2009-09-07T22:30:00+00:00,-1883890,4266.910
46411,2009-09-07T22:45:00+00:00,-1882990,4266.840
46411,2009-09-07T23:00:00+00:00,-1882090,4266.768
46411,2009-09-07T23:15:00+00:00,-1881190,4266.692
46411,2009-09-07T23:30:00+00:00,-1880290,4266.610
46411,2009-09-07T23:45:00+00:00,-1879390,4266.527
46411,2009-09-08T00:00:00+00:00,-1878490,4266.442
46411,2009-09-08T00:15:00+00:00,-1877590,4266.358
46411,2009-09-08T00:30:00+00:00,-1876690,4266.274
46411,2009-09-08T00:45:00+00:00,-1875790,4266.191
46411,2009-09-08T01:00:00+00:00,-1874890,4266.112
46411,2009-09-08T01:15:00+00:00,-1873990,4266.037
46411,2009-09-08T01:30:00+00:00,-1873090,4265.967
46411,2009-09-08T01:45:00+00:00,-1872190,4265.907
46411,2009-09-08T02:00:00+00:00,-1871290,4265.852
46411,2009-09-08T02:15:00+00:00,-1870390,4265.807
46411,2009-09-08T02:30:00+00:00,-1869490,4265.769
46411,2009-09-08T02:45:00+00:00,-1868590,4265.742
46411,2009-09-08T03:00:00+00:00,-1867690,4265.725
46411,2009-09-08T03:15:00+00:00,-1866790,4265.717
46411,2009-09-08T03:30:00+00:00,-1865890,4265.721
46411,2009-09-08T03:45:00+00:00,-1864990,4265.732
46411,2009-09-08T04:00:00+00:00,-1864090,4265.754
46411,2009-09-08T04:15:00+00:00,-1863190,4265.784
46411,2009-09-08T04:30:00+00:00,-1862290,4265.825
46411,2009-09-08T04:45:00+00:00,-1861390,4265.868
46411,2009-09-08T05:00:00+00:00,-1860490,4265.918
46411,2009-09-08T05:15:00+00:00,-1859590,4265.975
46411,2009-09-08T05:30:00+00:00,-1858690,4266.036
46411,2009-09-08T05:45:00+00:00,-1857790,4266.100
46411,2009-09-08T06:00:00+00:00,-1856890,4266.166
46411,2009-09-08T06:15:00+00:00,-1855990,4266.236
46411,2009-09-08T06:30:00+00:00,-1855090,4266.305
46411,2009-09-08T06:45:00+00:00,-1854190,4266.373
46411,2009-09-08T07:00:00+00:00,-1853290,4266.440
46411,2009-09-08T07:15:00+00:00,-1852390,4266.504
46411,2009-09-08T07:30:00+00:00,-1851490,4266.565
46411,2009-09-08T07:45:00+00:00,-1850590,4266.622
46411,2009-09-08T08:00:00+00:00,-1849690,4266.673
46411,2009-09-08T08:15:00+00:00,-1848790,4266.720
46411,2009-09-08T08:30:00+00:00,-1847890,4266.758
46411,2009-09-08T08:45:00+00:00,-1846990,4266.788
46411,2009-09-08T09:00:00+00:00,-1846090,4266.809
46411,2009-09-08T09:15:00+00:00,-1845190,4266.822
46411,2009-09-08T09:30:00+00:00,-1844290,4266.828
46411,2009-09-08T09:45:00+00:00,-1843390,4266.826
46411,2009-09-08T10:00:00+00:00,-1842490,4266.815
46411,2009-09-08T10:15:00+00:00,-1841590,4266.797
46411,2009-09-08T10:30:00+00:00,-1840690,4266.770
46411,2009-09-08T10:45:00+00:00,-1839790,4266.737
46411,2009-09-08T11:00:00+00:00,-1838890,4266.695
46411,2009-09-08T11:15:00+00:00,-1837990,4266.650
46411,2009-09-08T11:30:00+00:00,-1837090,4266.599
46411,2009-09-08T11:45:00+00:00,-1836190,4266.548
46411,2009-09-08T12:00:00+00:00,-1835290,4266.493
46411,2009-09-08T12:15:00+00:00,-1834390,4266.440
46411,2009-09-08T12:30:00+00:00,-1833490,4266.385
46411,2009-09-08T12:45:00+00:00,-1832590,4266.331
46411,2009-09-08T13:00:00+00:00,-1831690,4266.280
46411,2009-09-08T13:15:00+00:00,-1830790,4266.233
46411,2009-09-08T13:30:00+00:00,-1829890,4266.191
46411,2009-09-08T13:45:00+00:00,-1828990,4266.152
46411,2009-09-08T14:00:00+00:00,-1828090,4266.118
46411,2009-09-08T14:15:00+00:00,-1827190,4266.089
46411,2009-09-08T14:30:00+00:00,-1826290,4266.072
46411,2009-09-08T14:45:00+00:00,-1825390,4266.064
46411,2009-09-08T15:00:00+00:00,-1824490,4266.060
46411,2009-09-08T15:15:00+00:00,-1823590,4266.064
46411,2009-09-08T15:30:00+00:00,-1822690,4266.078
46411,2009-09-08T15:45:00+00:00,-1821790,4266.100
46411,2009-09-08T16:00:00+00:00,-1820890,4266.130
46411,2009-09-08T16:15:00+00:00,-1819990,4266.171
46411,2009-09-08T16:30:00+00:00,-1819090,4266.214
46411,2009-09-08T16:45:00+00:00,-1818190,4266.266
46411,2009-09-08T17:00:00+00:00,-1817290,4266.325
46411,2009-09-08T17:15:00+00:00,-1816390,4266.388
46411,2009-09-08T17:30:00+00:00,-1815490,4266.454
46411,2009-09-08T17:45:00+00:00,-1814590,4266.527
46411,2009-09-08T18:00:00+00:00,-1813690,4266.598
46411,2009-09-08T18:15:00+00:00,-1812790,4266.669
46411,2009-09-08T18:30:00+00:00,-1811890,4266.740
46411,2009-09-08T18:45:00+00:00,-1810990,4266.810
46411,2009-09-08T19:00:00+00:00,-1810090,4266.877
46411,2009-09-08T19:15:00+00:00,-1809190,4266.940
46411,2009-09-08T19:30:00+00:00,-1808290,4267.001
46411,2009-09-08T19:45:00+00:00,-1807390,4267.057
46411,2009-09-08T20:00:00+00:00,-1806490,4267.105
46411,2009-09-08T20:15:00+00:00,-1805590,4267.144
46411,2009-09-08T20:30:00+00:00,-1804690,4267.175
46411,2009-09-08T20:45:00+00:00,-1803790,4267.196
46411,2009-09-08T21:00:00+00:00,-1802890,4267.209
46411,2009-09-08T21:15:00+00:00,-1801990,4267.215
46411,2009-09-08T21:30:00+00:00,-1801090,4267.209
46411,2009-09-08T21:45:00+00:00,-1800190,4267.192
46411,2009-09-08T22:00:00+00:00,-1799290,4267.168
46411,2009-09-08T22:15:00+00:00,-1798390,4267.134
46411,2009-09-08T22:30:00+00:00,-1797490,4267.090
46411,2009-09-08T22:45:00+00:00,-1796590,4267.038
46411,2009-09-08T23:00:00+00:00,-1795690,4266.979
46411,2009-09-08T23:15:00+00:00,-1794790,4266.912
46411,2009-09-08T23:30:00+00:00,-1793890,4266.839
46411,2009-09-08T23:45:00+00:00,-1792990,4266.763
46411,2009-09-09T00:00:00+00:00,-1792090,4266.681
46411,2009-09-09T00:15:00+00:00,-1791190,4266.592
46411,2009-09-09T00:30:00+00:00,-1790290,4266.501
46411,2009-09-09T00:45:00+00:00,-1789390,4266.412
46411,2009-09-09T01:00:00+00:00,-1788490,4266.323
46411,2009-09-09T01:15:00+00:00,-1787590,4266.236
46411,2009-09-09T01:30:00+00:00,-1786690,4266.152
46411,2009-09-09T01:45:00+00:00,-1785790,4266.071
46411,2009-09-09T02:00:00+00:00,-1784890,4265.996
46411,2009-09-09T02:15:00+00:00,-1783990,4265.927
46411,2009-09-09T02:30:00+00:00,-1783090,4265.865
46411,2009-09-09T02:45:00+00:00,-1782190,4265.810
46411,2009-09-09T03:00:00+00:00,-1781290,4265.764
46411,2009-09-09T03:15:00+00:00,-1780390,4265.730
46411,2009-09-09T03:30:00+00:00,-1779490,4265.702
46411,2009-09-09T03:45:00+00:00,-1778590,4265.686
46411,2009-09-09T04:00:00+00:00,-1777690,4265.676
46411,2009-09-09T04:15:00+00:00,-1776790,4265.675
46411,2009-09-09T04:30:00+00:00,-1775890,4265.681
46411,2009-09-09T04:45:00+00:00,-1774990,4265.695
46411,2009-09-09T05:00:00+00:00,-1774090,4265.721
46411,2009-09-09T05:15:00+00:00,-1773190,4265.753
46411,2009-09-09T05:30:00+00:00,-1772290,4265.794
46411,2009-09-09T05:45:00+00:00,-1771390,4265.842
46411,2009-09-09T06:00:00+00:00,-1770490,4265.896
46411,2009-09-09T06:15:00+00:00,-1769590,4265.954
46411,2009-09-09T06:30:00+00:00,-1768690,4266.016
46411,2009-09-09T06:45:00+00:00,-1767790,4266.083
46411,2009-09-09T07:00:00+00:00,-1766890,4266.151
46411,2009-09-09T07:15:00+00:00,-1765990,4266.217
46411,2009-09-09T07:30:00+00:00,-1765090,4266.285
46411,2009-09-09T07:45:00+00:00,-1764190,4266.351
46411,2009-09-09T08:00:00+00:00,-1763290,4266.412
46411,2009-09-09T08:15:00+00:00,-1762390,4266.473
46411,2009-09-09T08:30:00+00:00,-1761490,4266.530
46411,2009-09-09T08:45:00+00:00,-1760590,4266.580
46411,2009-09-09T09:00:00+00:00,-1759690,4266.626
46411,2009-09-09T09:15:00+00:00,-1758790,4266.665
46411,2009-09-09T09:30:00+00:00,-1757890,4266.697
46411,2009-09-09T09:45:00+00:00,-1756990,4266.722
46411,2009-09-09T10:00:00+00:00,-1756090,4266.738
46411,2009-09-09T10:15:00+00:00,-1755190,4266.749
46411,2009-09-09T10:30:00+00:00,-1754290,4266.753
46411,2009-09-09T10:45:00+00:00,-1753390,4266.746
46411,2009-09-09T11:00:00+00:00,-1752490,4266.735
46411,2009-09-09T11:15:00+00:00,-1751590,4266.720
46411,2009-09-09T11:30:00+00:00,-1750690,4266.695
46411,2009-09-09T11:45:00+00:00,-1749790,4266.665
46411,2009-09-09T12:00:00+00:00,-1748890,4266.634
46411,2009-09-09T12:15:00+00:00,-1747990,4266.598
46411,2009-09-09T12:30:00+00:00,-1747090,4266.556
46411,2009-09-09T12:45:00+00:00,-1746190,4266.514
46411,2009-09-09T13:00:00+00:00,-1745290,4266.470
46411,2009-09-09T13:15:00+00:00,-1744390,4266.429
46411,2009-09-09T13:30:00+00:00,-1743490,4266.389
46411,2009-09-09T13:45:00+00:00,-1742590,4266.351
46411,2009-09-09T14:00:00+00:00,-1741690,4266.314
46411,2009-09-09T14:15:00+00:00,-1740790,4266.282
46411,2009-09-09T14:30:00+00:00,-1739890,4266.256
46411,2009-09-09T14:45:00+00:00,-1738990,4266.233
46411,2009-09-09T15:00:00+00:00,-1738090,4266.219
46411,2009-09-09T15:15:00+00:00,-1737190,4266.207
46411,2009-09-09T15:30:00+00:00,-1736290,4266.203
46411,2009-09-09T15:45:00+00:00,-1735390,4266.202
46411,2009-09-09T16:00:00+00:00,-1734490,4266.211
46411,2009-09-09T16:15:00+00:00,-1733590,4266.228
46411,2009-09-09T16:30:00+00:00,-1732690,4266.249
46411,2009-09-09T16:45:00+00:00,-1731790,4266.283
46411,2009-09-09T17:00:00+00:00,-1730890,4266.323
46411,2009-09-09T17:15:00+00:00,-1729990,4266.366
46411,2009-09-09T17:30:00+00:00,-1729090,4266.418
46411,2009-09-09T17:45:00+00:00,-1728190,4266.476
46411,2009-09-09T18:00:00+00:00,-1727290,4266.533
46411,2009-09-09T18:15:00+00:00,-1726390,4266.595
46411,2009-09-09T18:30:00+00:00,-1725490,4266.658
46411,2009-09-09T18:45:00+00:00,-1724590,4266.724
46411,2009-09-09T19:00:00+00:00,-1723690,4266.788
46411,2009-09-09T19:15:00+00:00,-1722790,4266.853
46411,2009-09-09T19:30:00+00:00,-1721890,4266.915
46411,2009-09-09T19:45:00+00:00,-1720990,4266.973
46411,2009-09-09T20:00:00+00:00,-1720090,4267.030
46411,2009-09-09T20:15:00+00:00,-1719190,4267.081
46411,2009-09-09T20:30:00+00:00,-1718290,4267.127
46411,2009-09-09T20:45:00+00:00,-1717390,4267.166
46411,2009-09-09T21:00:00+00:00,-1716490,4267.197
46411,2009-09-09T21:15:00+00:00,-1715590,4267.220
46411,2009-09-09T21:30:00+00:00,-1714690,4267.234
46411,2009-09-09T21:45:00+00:00,-1713790,4267.241
46411,2009-09-09T22:00:00+00:00,-1712890,4267.235
46411,2009-09-09T22:15:00+00:00,-1711990,4267.220
46411,2009-09-09T22:30:00+00:00,-1711090,4267.199
46411,2009-09-09T22:45:00+00:00,-1710190,4267.171
46411,2009-09-09T23:00:00+00:00,-1709290,4267.132
46411,2009-09-09T23:15:00+00:00,-1708390,4267.086
46411,2009-09-09T23:30:00+00:00,-1707490,4267.034
46411,2009-09-09T23:45:00+00:00,-1706590,4266.973
46411,2009-09-10T00:00:00+00:00,-1705690,4266.904
46411,2009-09-10T00:15:00+00:00,-1704790,4266.830
46411,2009-09-10T00:30:00+00:00,-1703890,4266.750
46411,2009-09-10T00:45:00+00:00,-1702990,4266.666
46411,2009-09-10T01:00:00+00:00,-1702090,4266.578
46411,2009-09-10T01:15:00+00:00,-1701190,4266.490
46411,2009-09-10T01:30:00+00:00,-1700290,4266.402
46411,2009-09-10T01:45:00+00:00,-1699390,4266.313
46411,2009-09-10T02:00:00+00:00,-1698490,4266.226
46411,2009-09-10T02:15:00+00:00,-1697590,4266.141
46411,2009-09-10T02:30:00+00:00,-1696690,4266.060
46411,2009-09-10T02:45:00+00:00,-1695790,4265.984
46411,2009-09-10T03:00:00+00:00,-1694890,4265.912
46411,2009-09-10T03:15:00+00:00,-1693990,4265.847
46411,2009-09-10T03:30:00+00:00,-1693090,4265.789
46411,2009-09-10T03:45:00+00:00,-1692190,4265.737
46411,2009-09-10T04:00:00+00:00,-1691290,4265.696
46411,2009-09-10T04:15:00+00:00,-1690390,4265.663
46411,2009-09-10T04:30:00+00:00,-1689490,4265.637
46411,2009-09-10T04:45:00+00:00,-1688590,4265.623
46411,2009-09-10T05:00:00+00:00,-1687690,4265.616
46411,2009-09-10T05:15:00+00:00,-1686790,4265.617
46411,2009-09-10T05:30:00+00:00,-1685890,4265.628
46411,2009-09-10T05:45:00+00:00,-1684990,4265.649
46411,2009-09-10T06:00:00+00:00,-1684090,4265.676
46411,2009-09-10T06:15:00+00:00,-1683190,4265.709
46411,2009-09-10T06:30:00+00:00,-1682290,4265.752
46411,2009-09-10T06:45:00+00:00,-1681390,4265.798
46411,2009-09-10T07:00:00+00:00,-1680490,4265.850
46411,2009-09-10T07:15:00+00:00,-1679590,4265.903
46411,2009-09-10T07:30:00+00:00,-1678690,4265.962
46411,2009-09-10T07:45:00+00:00,-1677790,4266.024
46411,2009-09-10T08:00:00+00:00,-1676890,4266.085
46411,2009-09-10T08:15:00+00:00,-1675990,4266.148
46411,2009-09-10T08:30:00+00:00,-1675090,4266.213
46411,2009-09-10T08:45:00+00:00,-1674190,4266.272
46411,2009-09-10T09:00:00+00:00,-1673290,4266.334
46411,2009-09-10T09:15:00+00:00,-1672390,4266.391
46411,2009-09-10T09:30:00+00:00,-1671490,4266.442
46411,2009-09-10T09:45:00+00:00,-1670590,4266.489
46411,2009-09-10T10:00:00+00:00,-1669690,4266.532
46411,2009-09-10T10:15:00+00:00,-1668790,4266.567
46411,2009-09-10T10:30:00+00:00,-1667890,4266.600
46411,2009-09-10T10:45:00+00:00,-1666990,4266.626
46411,2009-09-10T11:00:00+00:00,-1666090,4266.644
46411,2009-09-10T11:15:00+00:00,-1665190,4266.654
46411,2009-09-10T11:30:00+00:00,-1664290,4266.660
46411,2009-09-10T11:45:00+00:00,-1663390,4266.656
46411,2009-09-10T12:00:00+00:00,-1662490,4266.647
46411,2009-09-10T12:15:00+00:00,-1661590,4266.635
46411,2009-09-10T12:30:00+00:00,-1660690,4266.619
46411,2009-09-10T12:45:00+00:00,-1659790,4266.596
46411,2009-09-10T13:00:00+00:00,-1658890,4266.576
46411,2009-09-10T13:15:00+00:00,-1657990,4266.549
46411,2009-09-10T13:30:00+00:00,-1657090,4266.521
46411,2009-09-10T13:45:00+00:00,-1656190,4266.490
46411,2009-09-10T14:00:00+00:00,-1655290,4266.463
46411,2009-09-10T14:15:00+00:00,-1654390,4266.434
46411,2009-09-10T14:30:00+00:00,-1653490,4266.408
46411,2009-09-10T14:45:00+00:00,-1652590,4266.380
46411,2009-09-10T15:00:00+00:00,-1651690,4266.357
46411,2009-09-10T15:15:00+00:00,-1650790,4266.335
46411,2009-09-10T15:30:00+00:00,-1649890,4266.319
46411,2009-09-10T15:45:00+00:00,-1648990,4266.308
46411,2009-09-10T16:00:00+00:00,-1648090,4266.301
46411,2009-09-10T16:15:00+00:00,-1647190,4266.300
46411,2009-09-10T16:30:00+00:00,-1646290,4266.304
46411,2009-09-10T16:45:00+00:00,-1645390,4266.315
46411,2009-09-10T17:00:00+00:00,-1644490,4266.331
46411,2009-09-10T17:15:00+00:00,-1643590,4266.353
46411,2009-09-10T17:30:00+00:00,-1642690,4266.384
46411,2009-09-10T17:45:00+00:00,-1641790,4266.421
46411,2009-09-10T18:00:00+00:00,-1640890,4266.461
46411,2009-09-10T18:15:00+00:00,-1639990,4266.507
46411,2009-09-10T18:30:00+00:00,-1639090,4266.556
46411,2009-09-10T18:45:00+00:00,-1638190,4266.608
46411,2009-09-10T19:00:00+00:00,-1637290,4266.660
46411,2009-09-10T19:15:00+00:00,-1636390,4266.718
46411,2009-09-10T19:30:00+00:00,-1635490,4266.776
46411,2009-09-10T19:45:00+00:00,-1634590,4266.835
46411,2009-09-10T20:00:00+00:00,-1633690,4266.892
46411,2009-09-10T20:15:00+00:00,-1632790,4266.950
46411,2009-09-10T20:30:00+00:00,-1631890,4267.004
46411,2009-09-10T20:45:00+00:00,-1630990,4267.055
46411,2009-09-10T21:00:00+00:00,-1630090,4267.101
46411,2009-09-10T21:15:00+00:00,-1629190,4267.139
46411,2009-09-10T21:30:00+00:00,-1628290,4267.172
46411,2009-09-10T21:45:00+00:00,-1627390,4267.201
46411,2009-09-10T22:00:00+00:00,-1626490,4267.218
46411,2009-09-10T22:15:00+00:00,-1625590,4267.232
46411,2009-09-10T22:30:00+00:00,-1624690,4267.237
46411,2009-09-10T22:45:00+00:00,-1623790,4267.234
46411,2009-09-10T23:00:00+00:00,-1622890,4267.224
46411,2009-09-10T23:15:00+00:00,-1621990,4267.203
46411,2009-09-10T23:30:00+00:00,-1621090,4267.176
46411,2009-09-10T23:45:00+00:00,-1620190,4267.139
46411,2009-09-11T00:00:00+00:00,-1619290,4267.094
46411,2009-09-11T00:15:00+00:00,-1618390,4267.042
46411,2009-09-11T00:30:00+00:00,-1617490,4266.985
46411,2009-09-11T00:45:00+00:00,-1616590,4266.920
46411,2009-09-11T01:00:00+00:00,-1615690,4266.846
46411,2009-09-11T01:15:00+00:00,-1614790,4266.769
46411,2009-09-11T01:30:00+00:00,-1613890,4266.688
46411,2009-09-11T01:45:00+00:00,-1612990,4266.604
46411,2009-09-11T02:00:00+00:00,-1612090,4266.518
46411,2009-09-11T02:15:00+00:00,-1611190,4266.432
46411,2009-09-11T02:30:00+00:00,-1610290,4266.345
46411,2009-09-11T02:45:00+00:00,-1609390,4266.259
46411,2009-09-11T03:00:00+00:00,-1608490,4266.176
46411,2009-09-11T03:15:00+00:00,-1607590,4266.099
46411,2009-09-11T03:30:00+00:00,-1606690,4266.021
46411,2009-09-11T03:45:00+00:00,-1605790,4265.946
46411,2009-09-11T04:00:00+00:00,-1604890,4265.878
46411,2009-09-11T04:15:00+00:00,-1603990,4265.816
46411,2009-09-11T04:30:00+00:00,-1603090,4265.761
46411,2009-09-11T04:45:00+00:00,-1602190,4265.709
46411,2009-09-11T05:00:00+00:00,-1601290,4265.665
46411,2009-09-11T05:15:00+00:00,-1600390,4265.635
46411,2009-09-11T05:30:00+00:00,-1599490,4265.609
46411,2009-09-11T05:45:00+00:00,-1598590,4265.592
46411,2009-09-11T06:00:00+00:00,-1597690,4265.586
46411,2009-09-11T06:15:00+00:00,-1596790,4265.586
46411,2009-09-11T06:30:00+00:00,-1595890,4265.594
46411,2009-09-11T06:45:00+00:00,-1594990,4265.611
46411,2009-09-11T07:00:00+00:00,-1594090,4265.634
46411,2009-09-11T07:15:00+00:00,-1593190,4265.663
46411,2009-09-11T07:30:00+00:00,-1592290,4265.701
46411,2009-09-11T07:45:00+00:00,-1591390,4265.742
46411,2009-09-11T08:00:00+00:00,-1590490,4265.790
46411,2009-09-11T08:15:00+00:00,-1589590,4265.840
46411,2009-09-11T08:30:00+00:00,-1588690,4265.895
46411,2009-09-11T08:45:00+00:00,-1587790,4265.954
46411,2009-09-11T09:00:00+00:00,-1586890,4266.015
46411,2009-09-11T09:15:00+00:00,-1585990,4266.074
46411,2009-09-11T09:30:00+00:00,-1585090,4266.135
46411,2009-09-11T09:45:00+00:00,-1584190,4266.193
46411,2009-09-11T10:00:00+00:00,-1583290,4266.250
46411,2009-09-11T10:15:00+00:00,-1582390,4266.304
46411,2009-09-11T10:30:00+00:00,-1581490,4266.355
46411,2009-09-11T10:45:00+00:00,-1580590,4266.402
46411,2009-09-11T11:00:00+00:00,-1579690,4266.448
46411,2009-09-11T11:15:00+00:00,-1578790,4266.486
46411,2009-09-11T11:30:00+00:00,-1577890,4266.518
46411,2009-09-11T11:45:00+00:00,-1576990,4266.547
46411,2009-09-11T12:00:00+00:00,-1576090,4266.571
46411,2009-09-11T12:15:00+00:00,-1575190,4266.587
46411,2009-09-11T12:30:00+00:00,-1574290,4266.597
46411,2009-09-11T12:45:00+00:00,-1573390,4266.603
46411,2009-09-11T13:00:00+00:00,-1572490,4266.605
46411,2009-09-11T13:15:00+00:00,-1571590,4266.600
46411,2009-09-11T13:30:00+00:00,-1570690,4266.593
46411,2009-09-11T13:45:00+00:00,-1569790,4266.582
46411,2009-09-11T14:00:00+00:00,-1568890,4266.567
46411,2009-09-11T14:15:00+00:00,-1567990,4266.552
46411,2009-09-11T14:30:00+00:00,-1567090,4266.533
46411,2009-09-11T14:45:00+00:00,-1566190,4266.517
46411,2009-09-11T15:00:00+00:00,-1565290,4266.501
46411,2009-09-11T15:15:00+00:00,-1564390,4266.480
46411,2009-09-11T15:30:00+00:00,-1563490,4266.462
46411,2009-09-11T15:45:00+00:00,-1562590,4266.443
46411,2009-09-11T16:00:00+00:00,-1561690,4266.427
46411,2009-09-11T16:15:00+00:00,-1560790,4266.415
46411,2009-09-11T16:30:00+00:00,-1559890,4266.407
46411,2009-09-11T16:45:00+00:00,-1558990,4266.405
46411,2009-09-11T17:00:00+00:00,-1558090,4266.404
46411,2009-09-11T17:15:00+00:00,-1557190,4266.411
46411,2009-09-11T17:30:00+00:00,-1556290,4266.418
46411,2009-09-11T17:45:00+00:00,-1555390,4266.430
46411,2009-09-11T18:00:00+00:00,-1554490,4266.449
46411,2009-09-11T18:15:00+00:00,-1553590,4266.469
46411,2009-09-11T18:30:00+00:00,-1552690,4266.495
46411,2009-09-11T18:45:00+00:00,-1551790,4266.527
46411,2009-09-11T19:00:00+00:00,-1550890,4266.564
46411,2009-09-11T19:15:00+00:00,-1549990,4266.604
46411,2009-09-11T19:30:00+00:00,-1549090,4266.646
46411,2009-09-11T19:45:00+00:00,-1548190,4266.691
46411,2009-09-11T20:00:00+00:00,-1547290,4266.740
46411,2009-09-11T20:15:00+00:00,-1546390,4266.790
46411,2009-09-11T20:30:00+00:00,-1545490,4266.839
46411,2009-09-11T20:45:00+00:00,-1544590,4266.891
46411,2009-09-11T21:00:00+00:00,-1543690,4266.940
46411,2009-09-11T21:15:00+00:00,-1542790,4266.990
46411,2009-09-11T21:30:00+00:00,-1541890,4267.035
46411,2009-09-11T21:45:00+00:00,-1540990,4267.079
46411,2009-09-11T22:00:00+00:00,-1540090,4267.118
46411,2009-09-11T22:15:00+00:00,-1539190,4267.154
46411,2009-09-11T22:30:00+00:00,-1538290,4267.185
46411,2009-09-11T22:45:00+00:00,-1537390,4267.206
46411,2009-09-11T23:00:00+00:00,-1536490,4267.227
46411,2009-09-11T23:15:00+00:00,-1535590,4267.239
46411,2009-09-11T23:30:00+00:00,-1534690,4267.239
46411,2009-09-11T23:45:00+00:00,-1533790,4267.237
46411,2009-09-12T00:00:00+00:00,-1532890,4267.224
46411,2009-09-12T00:15:00+00:00,-1531990,4267.204
46411,2009-09-12T00:30:00+00:00,-1531090,4267.172
46411,2009-09-12T00:45:00+00:00,-1530190,4267.133
46411,2009-09-12T01:00:00+00:00,-1529290,4267.088
46411,2009-09-12T01:15:00+00:00,-1528390,4267.038
46411,2009-09-12T01:30:00+00:00,-1527490,4266.981
46411,2009-09-12T01:45:00+00:00,-1526590,4266.914
46411,2009-09-12T02:00:00+00:00,-1525690,4266.843
46411,2009-09-12T02:15:00+00:00,-1524790,4266.772
46411,2009-09-12T02:30:00+00:00,-1523890,4266.693
46411,2009-09-12T02:45:00+00:00,-1522990,4266.609
46411,2009-09-12T03:00:00+00:00,-1522090,4266.523
46411,2009-09-12T03:15:00+00:00,-1521190,4266.436
46411,2009-09-12T03:30:00+00:00,-1520290,4266.353
46411,2009-09-12T03:45:00+00:00,-1519390,4266.270
46411,2009-09-12T04:00:00+00:00,-1518490,4266.187
46411,2009-09-12T04:15:00+00:00,-1517590,4266.107
46411,2009-09-12T04:30:00+00:00,-1516690,4266.030
46411,2009-09-12T04:45:00+00:00,-1515790,4265.955
46411,2009-09-12T05:00:00+00:00,-1514890,4265.887
46411,2009-09-12T05:15:00+00:00,-1513990,4265.820
46411,2009-09-12T05:30:00+00:00,-1513090,4265.762
46411,2009-09-12T05:45:00+00:00,-1512190,4265.715
46411,2009-09-12T06:00:00+00:00,-1511290,4265.672
46411,2009-09-12T06:15:00+00:00,-1510390,4265.633
46411,2009-09-12T06:30:00+00:00,-1509490,4265.602
46411,2009-09-12T06:45:00+00:00,-1508590,4265.586
46411,2009-09-12T07:00:00+00:00,-1507690,4265.571
46411,2009-09-12T07:15:00+00:00,-1506790,4265.568
46411,2009-09-12T07:30:00+00:00,-1505890,4265.569
46411,2009-09-12T07:45:00+00:00,-1504990,4265.583
46411,2009-09-12T08:00:00+00:00,-1504090,4265.601
46411,2009-09-12T08:15:00+00:00,-1503190,4265.623
46411,2009-09-12T08:30:00+00:00,-1502290,4265.658
46411,2009-09-12T08:45:00+00:00,-1501390,4265.697
46411,2009-09-12T09:00:00+00:00,-1500490,4265.737
46411,2009-09-12T09:15:00+00:00,-1499590,4265.783
46411,2009-09-12T09:30:00+00:00,-1498690,4265.836
46411,2009-09-12T09:45:00+00:00,-1497790,4265.895
46411,2009-09-12T10:00:00+00:00,-1496890,4265.954
46411,2009-09-12T10:15:00+00:00,-1495990,4266.015
46411,2009-09-12T10:30:00+00:00,-1495090,4266.071
46411,2009-09-12T10:45:00+00:00,-1494190,4266.131
46411,2009-09-12T11:00:00+00:00,-1493290,4266.192
46411,2009-09-12T11:15:00+00:00,-1492390,4266.248
46411,2009-09-12T11:30:00+00:00,-1491490,4266.301
46411,2009-09-12T11:45:00+00:00,-1490590,4266.352
46411,2009-09-12T12:00:00+00:00,-1489690,4266.399
46411,2009-09-12T12:15:00+00:00,-1488790,4266.452
46411,2009-09-12T12:30:00+00:00,-1487890,4266.490
46411,2009-09-12T12:45:00+00:00,-1486990,4266.528
46411,2009-09-12T13:00:00+00:00,-1486090,4266.559
46411,2009-09-12T13:15:00+00:00,-1485190,4266.585
46411,2009-09-12T13:30:00+00:00,-1484290,4266.608
46411,2009-09-12T13:45:00+00:00,-1483390,4266.621
46411,2009-09-12T14:00:00+00:00,-1482490,4266.631
46411,2009-09-12T14:15:00+00:00,-1481590,4266.635
46411,2009-09-12T14:30:00+00:00,-1480690,4266.638
46411,2009-09-12T14:45:00+00:00,-1479790,4266.635
46411,2009-09-12T15:00:00+00:00,-1478890,4266.629
46411,2009-09-12T15:15:00+00:00,-1477990,4266.617
46411,2009-09-12T15:30:00+00:00,-1477090,4266.603
46411,2009-09-12T15:45:00+00:00,-1476190,4266.589
46411,2009-09-12T16:00:00+00:00,-1475290,4266.572
46411,2009-09-12T16:15:00+00:00,-1474390,4266.559
46411,2009-09-12T16:30:00+00:00,-1473490,4266.544
46411,2009-09-12T16:45:00+00:00,-1472590,4266.529
46411,2009-09-12T17:00:00+00:00,-1471690,4266.513
46411,2009-09-12T17:15:00+00:00,-1470790,4266.500
46411,2009-09-12T17:30:00+00:00,-1469890,4266.488
46411,2009-09-12T17:45:00+00:00,-1468990,4266.483
46411,2009-09-12T18:00:00+00:00,-1468090,4266.477
46411,2009-09-12T18:15:00+00:00,-1467190,4266.473
46411,2009-09-12T18:30:00+00:00,-1466290,4266.478
46411,2009-09-12T18:45:00+00:00,-1465390,4266.489
46411,2009-09-12T19:00:00+00:00,-1464490,4266.496
46411,2009-09-12T19:15:00+00:00,-1463590,4266.517
46411,2009-09-12T19:30:00+00:00,-1462690,4266.539
46411,2009-09-12T19:45:00+00:00,-1461790,4266.559
46411,2009-09-12T20:00:00+00:00,-1460890,4266.586
46411,2009-09-12T20:15:00+00:00,-1459990,4266.615
46411,2009-09-12T20:30:00+00:00,-1459090,4266.653
46411,2009-09-12T20:45:00+00:00,-1458190,4266.692
46411,2009-09-12T21:00:00+00:00,-1457290,4266.734
46411,2009-09-12T21:15:00+00:00,-1456390,4266.775
46411,2009-09-12T21:30:00+00:00,-1455490,4266.823
46411,2009-09-12T21:45:00+00:00,-1454590,4266.866
46411,2009-09-12T22:00:00+00:00,-1453690,4266.916
46411,2009-09-12T22:15:00+00:00,-1452790,4266.960
46411,2009-09-12T22:30:00+00:00,-1451890,4267.011
46411,2009-09-12T22:45:00+00:00,-1450990,4267.052
46411,2009-09-12T23:00:00+00:00,-1450090,4267.093
46411,2009-09-12T23:15:00+00:00,-1449190,4267.132
46411,2009-09-12T23:30:00+00:00,-1448290,4267.163
46411,2009-09-12T23:45:00+00:00,-1447390,4267.186
46411,2009-09-13T00:00:00+00:00,-1446490,4267.206
46411,2009-09-13T00:15:00+00:00,-1445590,4267.219
46411,2009-09-13T00:30:00+00:00,-1444690,4267.224
46411,2009-09-13T00:45:00+00:00,-1443790,4267.222
46411,2009-09-13T01:00:00+00:00,-1442890,4267.214
46411,2009-09-13T01:15:00+00:00,-1441990,4267.193
46411,2009-09-13T01:30:00+00:00,-1441090,4267.171
46411,2009-09-13T01:45:00+00:00,-1440190,4267.139
46411,2009-09-13T02:00:00+00:00,-1439290,4267.099
46411,2009-09-13T02:15:00+00:00,-1438390,4267.046
46411,2009-09-13T02:30:00+00:00,-1437490,4266.992
46411,2009-09-13T02:45:00+00:00,-1436590,4266.933
46411,2009-09-13T03:00:00+00:00,-1435690,4266.866
46411,2009-09-13T03:15:00+00:00,-1434790,4266.791
46411,2009-09-13T03:30:00+00:00,-1433890,4266.719
46411,2009-09-13T03:45:00+00:00,-1432990,4266.641
46411,2009-09-13T04:00:00+00:00,-1432090,4266.555
46411,2009-09-13T04:15:00+00:00,-1431190,4266.472
46411,2009-09-13T04:30:00+00:00,-1430290,4266.387
46411,2009-09-13T04:45:00+00:00,-1429390,4266.297
46411,2009-09-13T05:00:00+00:00,-1428490,4266.208
46411,2009-09-13T05:15:00+00:00,-1427590,4266.125
46411,2009-09-13T05:30:00+00:00,-1426690,4266.038
46411,2009-09-13T05:45:00+00:00,-1425790,4265.958
46411,2009-09-13T06:00:00+00:00,-1424890,4265.885
46411,2009-09-13T06:15:00+00:00,-1423990,4265.810
46411,2009-09-13T06:30:00+00:00,-1423090,4265.748
46411,2009-09-13T06:45:00+00:00,-1422190,4265.688
46411,2009-09-13T07:00:00+00:00,-1421290,4265.635
46411,2009-09-13T07:15:00+00:00,-1420390,4265.590
46411,2009-09-13T07:30:00+00:00,-1419490,4265.554
46411,2009-09-13T07:45:00+00:00,-1418590,4265.528
46411,2009-09-13T08:00:00+00:00,-1417690,4265.507
46411,2009-09-13T08:15:00+00:00,-1416790,4265.500
46411,2009-09-13T08:30:00+00:00,-1415890,4265.496
46411,2009-09-13T08:45:00+00:00,-1414990,4265.502
46411,2009-09-13T09:00:00+00:00,-1414090,4265.512
46411,2009-09-13T09:15:00+00:00,-1413190,4265.537
46411,2009-09-13T09:30:00+00:00,-1412290,4265.567
46411,2009-09-13T09:45:00+00:00,-1411390,4265.603
46411,2009-09-13T10:00:00+00:00,-1410490,4265.647
46411,2009-09-13T10:15:00+00:00,-1409590,4265.694
46411,2009-09-13T10:30:00+00:00,-1408690,4265.750
46411,2009-09-13T10:45:00+00:00,-1407790,4265.804
46411,2009-09-13T11:00:00+00:00,-1406890,4265.872
46411,2009-09-13T11:15:00+00:00,-1405990,4265.934
46411,2009-09-13T11:30:00+00:00,-1405090,4266.002
46411,2009-09-13T11:45:00+00:00,-1404190,4266.067
46411,2009-09-13T12:00:00+00:00,-1403290,4266.136
46411,2009-09-13T12:15:00+00:00,-1402390,4266.204
46411,2009-09-13T12:30:00+00:00,-1401490,4266.269
46411,2009-09-13T12:45:00+00:00,-1400590,4266.328
46411,2009-09-13T13:00:00+00:00,-1399690,4266.388
46411,2009-09-13T13:15:00+00:00,-1398790,4266.439
46411,2009-09-13T13:30:00+00:00,-1397890,4266.489
46411,2009-09-13T13:45:00+00:00,-1396990,4266.531
46411,2009-09-13T14:00:00+00:00,-1396090,4266.573
46411,2009-09-13T14:15:00+00:00,-1395190,4266.605
46411,2009-09-13T14:30:00+00:00,-1394290,4266.636
46411,2009-09-13T14:45:00+00:00,-1393390,4266.657
46411,2009-09-13T15:00:00+00:00,-1392490,4266.675
46411,2009-09-13T15:15:00+00:00,-1391590,4266.684
46411,2009-09-13T15:30:00+00:00,-1390690,4266.689
46411,2009-09-13T15:45:00+00:00,-1389790,4266.691
46411,2009-09-13T16:00:00+00:00,-1388890,4266.683
46411,2009-09-13T16:15:00+00:00,-1387990,4266.672
46411,2009-09-13T16:30:00+00:00,-1387090,4266.662
46411,2009-09-13T16:45:00+00:00,-1386190,4266.642
46411,2009-09-13T17:00:00+00:00,-1385290,4266.624
46411,2009-09-13T17:15:00+00:00,-1384390,4266.602
46411,2009-09-13T17:30:00+00:00,-1383490,4266.583
46411,2009-09-13T17:45:00+00:00,-1382590,4266.561
46411,2009-09-13T18:00:00+00:00,-1381690,4266.536
46411,2009-09-13T18:15:00+00:00,-1380790,4266.516
46411,2009-09-13T18:30:00+00:00,-1379890,4266.495
46411,2009-09-13T18:45:00+00:00,-1378990,4266.479
46411,2009-09-13T19:00:00+00:00,-1378090,4266.462
46411,2009-09-13T19:15:00+00:00,-1377190,4266.454
46411,2009-09-13T19:30:00+00:00,-1376290,4266.447
46411,2009-09-13T19:45:00+00:00,-1375390,4266.446
46411,2009-09-13T20:00:00+00:00,-1374490,4266.447
46411,2009-09-13T20:15:00+00:00,-1373590,4266.457
46411,2009-09-13T20:30:00+00:00,-1372690,4266.468
46411,2009-09-13T20:45:00+00:00,-1371790,4266.484
46411,2009-09-13T21:00:00+00:00,-1370890,4266.506
46411,2009-09-13T21:15:00+00:00,-1369990,4266.534
46411,2009-09-13T21:30:00+00:00,-1369090,4266.568
46411,2009-09-13T21:45:00+00:00,-1368190,4266.605
46411,2009-09-13T22:00:00+00:00,-1367290,4266.644
46411,2009-09-13T22:15:00+00:00,-1366390,4266.689
46411,2009-09-13T22:30:00+00:00,-1365490,4266.740
46411,2009-09-13T22:45:00+00:00,-1364590,4266.791
46411,2009-09-13T23:00:00+00:00,-1363690,4266.843
46411,2009-09-13T23:15:00+00:00,-1362790,4266.896
46411,2009-09-13T23:30:00+00:00,-1361890,4266.944
46411,2009-09-13T23:45:00+00:00,-1360990,4266.993
46411,2009-09-14T00:00:00+00:00,-1360090,4267.037
46411,2009-09-14T00:15:00+00:00,-1359190,4267.078
46411,2009-09-14T00:30:00+00:00,-1358290,4267.119
46411,2009-09-14T00:45:00+00:00,-1357390,4267.147
46411,2009-09-14T01:00:00+00:00,-1356490,4267.172
46411,2009-09-14T01:15:00+00:00,-1355590,4265.774
46411,2009-09-14T01:30:00+00:00,-1354690,4265.787
46411,2009-09-14T01:45:00+00:00,-1353790,4265.787
46411,2009-09-14T02:00:00+00:00,-1352890,4265.785
46411,2009-09-14T02:15:00+00:00,-1351990,4267.191
46411,2009-09-14T02:30:00+00:00,-1351090,4267.172
46411,2009-09-14T02:45:00+00:00,-1350190,4267.147
46411,2009-09-14T03:00:00+00:00,-1349290,4267.111
46411,2009-09-14T03:15:00+00:00,-1348390,4267.064
46411,2009-09-14T03:30:00+00:00,-1347490,4267.016
46411,2009-09-14T03:45:00+00:00,-1346590,4266.959
46411,2009-09-14T04:00:00+00:00,-1345690,4266.894
46411,2009-09-14T04:15:00+00:00,-1344790,4266.825
46411,2009-09-14T04:30:00+00:00,-1343890,4266.747
46411,2009-09-14T04:45:00+00:00,-1342990,4266.664
46411,2009-09-14T05:00:00+00:00,-1342090,4266.577
46411,2009-09-14T05:15:00+00:00,-1341190,4266.489
46411,2009-09-14T05:30:00+00:00,-1340290,4266.391
46411,2009-09-14T05:45:00+00:00,-1339390,4266.296
46411,2009-09-14T06:00:00+00:00,-1338490,4266.201
46411,2009-09-14T06:15:00+00:00,-1337590,4266.108
46411,2009-09-14T06:30:00+00:00,-1336690,4266.015
46411,2009-09-14T06:45:00+00:00,-1335790,4265.927
46411,2009-09-14T07:00:00+00:00,-1334890,4265.842
46411,2009-09-14T07:15:00+00:00,-1333990,4265.762
46411,2009-09-14T07:30:00+00:00,-1333090,4265.690
46411,2009-09-14T07:45:00+00:00,-1332190,4265.621
46411,2009-09-14T08:00:00+00:00,-1331290,4265.566
46411,2009-09-14T08:15:00+00:00,-1330390,4265.515
46411,2009-09-14T08:30:00+00:00,-1329490,4265.473
46411,2009-09-14T08:45:00+00:00,-1328590,4265.441
46411,2009-09-14T09:00:00+00:00,-1327690,4265.416
46411,2009-09-14T09:15:00+00:00,-1326790,4265.403
46411,2009-09-14T09:30:00+00:00,-1325890,4265.396
46411,2009-09-14T09:45:00+00:00,-1324990,4265.402
46411,2009-09-14T10:00:00+00:00,-1324090,4265.417
46411,2009-09-14T10:15:00+00:00,-1323190,4265.441
46411,2009-09-14T10:30:00+00:00,-1322290,4265.475
46411,2009-09-14T10:45:00+00:00,-1321390,4265.515
46411,2009-09-14T11:00:00+00:00,-1320490,4265.562
46411,2009-09-14T11:15:00+00:00,-1319590,4265.618
46411,2009-09-14T11:30:00+00:00,-1318690,4265.679
46411,2009-09-14T11:45:00+00:00,-1317790,4265.747
46411,2009-09-14T12:00:00+00:00,-1316890,4265.816
46411,2009-09-14T12:15:00+00:00,-1315990,4265.887
46411,2009-09-14T12:30:00+00:00,-1315090,4265.966
46411,2009-09-14T12:45:00+00:00,-1314190,4266.042
46411,2009-09-14T13:00:00+00:00,-1313290,4266.121
46411,2009-09-14T13:15:00+00:00,-1312390,4266.197
46411,2009-09-14T13:30:00+00:00,-1311490,4266.272
46411,2009-09-14T13:45:00+00:00,-1310590,4266.347
46411,2009-09-14T14:00:00+00:00,-1309690,4266.416
46411,2009-09-14T14:15:00+00:00,-1308790,4266.480
46411,2009-09-14T14:30:00+00:00,-1307890,4266.538
46411,2009-09-14T14:45:00+00:00,-1306990,4266.592
46411,2009-09-14T15:00:00+00:00,-1306090,4266.635
46411,2009-09-14T15:15:00+00:00,-1305190,4266.670
46411,2009-09-14T15:30:00+00:00,-1304290,4266.701
46411,2009-09-14T15:45:00+00:00,-1303390,4266.726
46411,2009-09-14T16:00:00+00:00,-1302490,4266.742
46411,2009-09-14T16:15:00+00:00,-1301590,4266.753
46411,2009-09-14T16:30:00+00:00,-1300690,4266.755
46411,2009-09-14T16:45:00+00:00,-1299790,4266.755
46411,2009-09-14T17:00:00+00:00,-1298890,4266.746
46411,2009-09-14T17:15:00+00:00,-1297990,4266.734
46411,2009-09-14T17:30:00+00:00,-1297090,4266.715
46411,2009-09-14T17:45:00+00:00,-1296190,4266.689
46411,2009-09-14T18:00:00+00:00,-1295290,4266.663
46411,2009-09-14T18:15:00+00:00,-1294390,4266.633
46411,2009-09-14T18:30:00+00:00,-1293490,4266.597
46411,2009-09-14T18:45:00+00:00,-1292590,4266.563
46411,2009-09-14T19:00:00+00:00,-1291690,4266.528
46411,2009-09-14T19:15:00+00:00,-1290790,4266.494
46411,2009-09-14T19:30:00+00:00,-1289890,4266.462
46411,2009-09-14T19:45:00+00:00,-1288990,4266.433
46411,2009-09-14T20:00:00+00:00,-1288090,4266.406
46411,2009-09-14T20:15:00+00:00,-1287190,4266.384
46411,2009-09-14T20:30:00+00:00,-1286290,4266.367
46411,2009-09-14T20:45:00+00:00,-1285390,4266.355
46411,2009-09-14T21:00:00+00:00,-1284490,4266.351
46411,2009-09-14T21:15:00+00:00,-1283590,4266.353
46411,2009-09-14T21:30:00+00:00,-1282690,4266.357
46411,2009-09-14T21:45:00+00:00,-1281790,4266.369
46411,2009-09-14T22:00:00+00:00,-1280890,4266.388
46411,2009-09-14T22:15:00+00:00,-1279990,4266.414
46411,2009-09-14T22:30:00+00:00,-1279090,4266.449
46411,2009-09-14T22:45:00+00:00,-1278190,4266.491
46411,2009-09-14T23:00:00+00:00,-1277290,4266.537
46411,2009-09-14T23:15:00+00:00,-1276390,4266.586
46411,2009-09-14T23:30:00+00:00,-1275490,4266.638
46411,2009-09-14T23:45:00+00:00,-1274590,4266.694
46411,2009-09-15T00:00:00+00:00,-1273690,4266.751
46411,2009-09-15T00:15:00+00:00,-1272790,4266.811
46411,2009-09-15T00:30:00+00:00,-1271890,4266.870
46411,2009-09-15T00:45:00+00:00,-1270990,4266.928
46411,2009-09-15T01:00:00+00:00,-1270090,4266.983
46411,2009-09-15T01:15:00+00:00,-1269190,4267.038
46411,2009-09-15T01:30:00+00:00,-1268290,4267.088
46411,2009-09-15T01:45:00+00:00,-1267390,4267.130
46411,2009-09-15T02:00:00+00:00,-1266490,4267.168
46411,2009-09-15T02:15:00+00:00,-1265590,4267.196
46411,2009-09-15T02:30:00+00:00,-1264690,4267.219
46411,2009-09-15T02:45:00+00:00,-1263790,4267.233
46411,2009-09-15T03:00:00+00:00,-1262890,4267.241
46411,2009-09-15T03:15:00+00:00,-1261990,4267.238
46411,2009-09-15T03:30:00+00:00,-1261090,4267.227
46411,2009-09-15T03:45:00+00:00,-1260190,4267.207
46411,2009-09-15T04:00:00+00:00,-1259290,4267.174
46411,2009-09-15T04:15:00+00:00,-1258390,4267.136
46411,2009-09-15T04:30:00+00:00,-1257490,4267.087
46411,2009-09-15T04:45:00+00:00,-1256590,4267.029
46411,2009-09-15T05:00:00+00:00,-1255690,4266.962
46411,2009-09-15T05:15:00+00:00,-1254790,4266.886
46411,2009-09-15T05:30:00+00:00,-1253890,4266.804
46411,2009-09-15T05:45:00+00:00,-1252990,4266.717
46411,2009-09-15T06:00:00+00:00,-1252090,4266.625
46411,2009-09-15T06:15:00+00:00,-1251190,4266.528
46411,2009-09-15T06:30:00+00:00,-1250290,4266.429
46411,2009-09-15T06:45:00+00:00,-1249390,4266.326
46411,2009-09-15T07:00:00+00:00,-1248490,4266.220
46411,2009-09-15T07:15:00+00:00,-1247590,4266.121
46411,2009-09-15T07:30:00+00:00,-1246690,4266.021
46411,2009-09-15T07:45:00+00:00,-1245790,4265.923
46411,2009-09-15T08:00:00+00:00,-1244890,4265.832
46411,2009-09-15T08:15:00+00:00,-1243990,4265.746
46411,2009-09-15T08:30:00+00:00,-1243090,4265.665
46411,2009-09-15T08:45:00+00:00,-1242190,4265.592
46411,2009-09-15T09:00:00+00:00,-1241290,4265.529
46411,2009-09-15T09:15:00+00:00,-1240390,4265.475
46411,2009-09-15T09:30:00+00:00,-1239490,4265.429
46411,2009-09-15T09:45:00+00:00,-1238590,4265.393
46411,2009-09-15T10:00:00+00:00,-1237690,4265.370
46411,2009-09-15T10:15:00+00:00,-1236790,4265.355
46411,2009-09-15T10:30:00+00:00,-1235890,4265.352
46411,2009-09-15T10:45:00+00:00,-1234990,4265.364
46411,2009-09-15T11:00:00+00:00,-1234090,4265.385
46411,2009-09-15T11:15:00+00:00,-1233190,4265.417
46411,2009-09-15T11:30:00+00:00,-1232290,4265.457
46411,2009-09-15T11:45:00+00:00,-1231390,4265.510
46411,2009-09-15T12:00:00+00:00,-1230490,4265.569
46411,2009-09-15T12:15:00+00:00,-1229590,4265.638
46411,2009-09-15T12:30:00+00:00,-1228690,4265.713
46411,2009-09-15T12:45:00+00:00,-1227790,4265.791
46411,2009-09-15T13:00:00+00:00,-1226890,4265.874
46411,2009-09-15T13:15:00+00:00,-1225990,4265.960
46411,2009-09-15T13:30:00+00:00,-1225090,4266.047
46411,2009-09-15T13:45:00+00:00,-1224190,4266.138
46411,2009-09-15T14:00:00+00:00,-1223290,4266.226
46411,2009-09-15T14:15:00+00:00,-1222390,4266.308
46411,2009-09-15T14:30:00+00:00,-1221490,4266.391
46411,2009-09-15T14:45:00+00:00,-1220590,4266.470
46411,2009-09-15T15:00:00+00:00,-1219690,4266.545
46411,2009-09-15T15:15:00+00:00,-1218790,4266.612
46411,2009-09-15T15:30:00+00:00,-1217890,4266.672
46411,2009-09-15T15:45:00+00:00,-1216990,4266.724
46411,2009-09-15T16:00:00+00:00,-1216090,4266.769
46411,2009-09-15T16:15:00+00:00,-1215190,4266.806
46411,2009-09-15T16:30:00+00:00,-1214290,4266.835
46411,2009-09-15T16:45:00+00:00,-1213390,4266.852
46411,2009-09-15T17:00:00+00:00,-1212490,4266.860
46411,2009-09-15T17:15:00+00:00,-1211590,4266.859
46411,2009-09-15T17:30:00+00:00,-1210690,4266.853
46411,2009-09-15T17:45:00+00:00,-1209790,4266.835
46411,2009-09-15T18:00:00+00:00,-1208890,4266.814
46411,2009-09-15T18:15:00+00:00,-1207990,4266.784
46411,2009-09-15T18:30:00+00:00,-1207090,4266.749
46411,2009-09-15T18:45:00+00:00,-1206190,4266.708
46411,2009-09-15T19:00:00+00:00,-1205290,4266.664
46411,2009-09-15T19:15:00+00:00,-1204390,4266.618
46411,2009-09-15T19:30:00+00:00,-1203490,4266.566
46411,2009-09-15T19:45:00+00:00,-1202590,4266.516
46411,2009-09-15T20:00:00+00:00,-1201690,4266.466
46411,2009-09-15T20:15:00+00:00,-1200790,4266.416
46411,2009-09-15T20:30:00+00:00,-1199890,4266.372
46411,2009-09-15T20:45:00+00:00,-1198990,4266.327
46411,2009-09-15T21:00:00+00:00,-1198090,4266.291
46411,2009-09-15T21:15:00+00:00,-1197190,4266.260
46411,2009-09-15T21:30:00+00:00,-1196290,4266.233
46411,2009-09-15T21:45:00+00:00,-1195390,4266.214
46411,2009-09-15T22:00:00+00:00,-1194490,4266.204
46411,2009-09-15T22:15:00+00:00,-1193590,4266.201
46411,2009-09-15T22:30:00+00:00,-1192690,4266.206
46411,2009-09-15T22:45:00+00:00,-1191790,4266.222
46411,2009-09-15T23:00:00+00:00,-1190890,4266.244
46411,2009-09-15T23:15:00+00:00,-1189990,4266.274
46411,2009-09-15T23:30:00+00:00,-1189090,4266.313
46411,2009-09-15T23:45:00+00:00,-1188190,4266.355
46411,2009-09-16T00:00:00+00:00,-1187290,4266.406
46411,2009-09-16T00:15:00+00:00,-1186390,4266.463
46411,2009-09-16T00:30:00+00:00,-1185490,4266.526
46411,2009-09-16T00:45:00+00:00,-1184590,4266.592
46411,2009-09-16T01:00:00+00:00,-1183690,4266.659
46411,2009-09-16T01:15:00+00:00,-1182790,4266.729
46411,2009-09-16T01:30:00+00:00,-1181890,4266.798
46411,2009-09-16T01:45:00+00:00,-1180990,4266.868
46411,2009-09-16T02:00:00+00:00,-1180090,4266.936
46411,2009-09-16T02:15:00+00:00,-1179190,4267.000
46411,2009-09-16T02:30:00+00:00,-1178290,4267.056
46411,2009-09-16T02:45:00+00:00,-1177390,4267.110
46411,2009-09-16T03:00:00+00:00,-1176490,4267.155
46411,2009-09-16T03:15:00+00:00,-1175590,4267.198
46411,2009-09-16T03:30:00+00:00,-1174690,4267.228
46411,2009-09-16T03:45:00+00:00,-1173790,4267.249
46411,2009-09-16T04:00:00+00:00,-1172890,4267.261
46411,2009-09-16T04:15:00+00:00,-1171990,4267.262
46411,2009-09-16T04:30:00+00:00,-1171090,4267.253
46411,2009-09-16T04:45:00+00:00,-1170190,4267.232
46411,2009-09-16T05:00:00+00:00,-1169290,4267.201
46411,2009-09-16T05:15:00+00:00,-1168390,4267.160
46411,2009-09-16T05:30:00+00:00,-1167490,4267.109
46411,2009-09-16T05:45:00+00:00,-1166590,4267.050
46411,2009-09-16T06:00:00+00:00,-1165690,4266.980
46411,2009-09-16T06:15:00+00:00,-1164790,4266.901
46411,2009-09-16T06:30:00+00:00,-1163890,4266.813
46411,2009-09-16T06:45:00+00:00,-1162990,4266.721
46411,2009-09-16T07:00:00+00:00,-1162090,4266.622
46411,2009-09-16T07:15:00+00:00,-1161190,4266.521
46411,2009-09-16T07:30:00+00:00,-1160290,4266.416
46411,2009-09-16T07:45:00+00:00,-1159390,4266.309
46411,2009-09-16T08:00:00+00:00,-1158490,4266.203
46411,2009-09-16T08:15:00+00:00,-1157590,4266.098
46411,2009-09-16T08:30:00+00:00,-1156690,4265.995
46411,2009-09-16T08:45:00+00:00,-1155790,4265.896
46411,2009-09-16T09:00:00+00:00,-1154890,4265.800
46411,2009-09-16T09:15:00+00:00,-1153990,4265.712
46411,2009-09-16T09:30:00+00:00,-1153090,4265.634
46411,2009-09-16T09:45:00+00:00,-1152190,4265.561
46411,2009-09-16T10:00:00+00:00,-1151290,4265.496
46411,2009-09-16T10:15:00+00:00,-1150390,4265.443
46411,2009-09-16T10:30:00+00:00,-1149490,4265.402
46411,2009-09-16T10:45:00+00:00,-1148590,4265.371
46411,2009-09-16T11:00:00+00:00,-1147690,4265.355
46411,2009-09-16T11:15:00+00:00,-1146790,4265.349
46411,2009-09-16T11:30:00+00:00,-1145890,4265.358
46411,2009-09-16T11:45:00+00:00,-1144990,4265.378
46411,2009-09-16T12:00:00+00:00,-1144090,4265.406
46411,2009-09-16T12:15:00+00:00,-1143190,4265.452
46411,2009-09-16T12:30:00+00:00,-1142290,4265.506
46411,2009-09-16T12:45:00+00:00,-1141390,4265.567
46411,2009-09-16T13:00:00+00:00,-1140490,4265.639
46411,2009-09-16T13:15:00+00:00,-1139590,4265.719
46411,2009-09-16T13:30:00+00:00,-1138690,4265.803
46411,2009-09-16T13:45:00+00:00,-1137790,4265.894
46411,2009-09-16T14:00:00+00:00,-1136890,4265.989
46411,2009-09-16T14:15:00+00:00,-1135990,4266.087
46411,2009-09-16T14:30:00+00:00,-1135090,4266.187
46411,2009-09-16T14:45:00+00:00,-1134190,4266.285
46411,2009-09-16T15:00:00+00:00,-1133290,4266.380
46411,2009-09-16T15:15:00+00:00,-1132390,4266.471
46411,2009-09-16T15:30:00+00:00,-1131490,4266.558
46411,2009-09-16T15:45:00+00:00,-1130590,4266.636
46411,2009-09-16T16:00:00+00:00,-1129690,4266.709
46411,2009-09-16T16:15:00+00:00,-1128790,4266.775
46411,2009-09-16T16:30:00+00:00,-1127890,4266.834
46411,2009-09-16T16:45:00+00:00,-1126990,4266.883
46411,2009-09-16T17:00:00+00:00,-1126090,4266.924
46411,2009-09-16T17:15:00+00:00,-1125190,4266.951
46411,2009-09-16T17:30:00+00:00,-1124290,4266.969
46411,2009-09-16T17:45:00+00:00,-1123390,4266.975
46411,2009-09-16T18:00:00+00:00,-1122490,4266.972
46411,2009-09-16T18:15:00+00:00,-1121590,4266.957
46411,2009-09-16T18:30:00+00:00,-1120690,4266.931
46411,2009-09-16T18:45:00+00:00,-1119790,4266.898
46411,2009-09-16T19:00:00+00:00,-1118890,4266.858
46411,2009-09-16T19:15:00+00:00,-1117990,4266.808
46411,2009-09-16T19:30:00+00:00,-1117090,4266.754
46411,2009-09-16T19:45:00+00:00,-1116190,4266.694
46411,2009-09-16T20:00:00+00:00,-1115290,4266.627
46411,2009-09-16T20:15:00+00:00,-1114390,4266.557
46411,2009-09-16T20:30:00+00:00,-1113490,4266.490
46411,2009-09-16T20:45:00+00:00,-1112590,4266.422
46411,2009-09-16T21:00:00+00:00,-1111690,4266.356
46411,2009-09-16T21:15:00+00:00,-1110790,4266.292
46411,2009-09-16T21:30:00+00:00,-1109890,4266.232
46411,2009-09-16T21:45:00+00:00,-1108990,4266.175
46411,2009-09-16T22:00:00+00:00,-1108090,4266.128
46411,2009-09-16T22:15:00+00:00,-1107190,4266.084
46411,2009-09-16T22:30:00+00:00,-1106290,4266.051
46411,2009-09-16T22:45:00+00:00,-1105390,4266.029
46411,2009-09-16T23:00:00+00:00,-1104490,4266.012
46411,2009-09-16T23:15:00+00:00,-1103590,4266.006
46411,2009-09-16T23:30:00+00:00,-1102690,4266.013
46411,2009-09-16T23:45:00+00:00,-1101790,4266.027
46411,2009-09-17T00:00:00+00:00,-1100890,4266.048
46411,2009-09-17T00:15:00+00:00,-1099990,4266.084
46411,2009-09-17T00:30:00+00:00,-1099090,4266.130
46411,2009-09-17T00:45:00+00:00,-1098190,4266.185
46411,2009-09-17T01:00:00+00:00,-1097290,4266.244
46411,2009-09-17T01:15:00+00:00,-1096390,4266.313
46411,2009-09-17T01:30:00+00:00,-1095490,4266.385
46411,2009-09-17T01:45:00+00:00,-1094590,4266.461
46411,2009-09-17T02:00:00+00:00,-1093690,4266.539
46411,2009-09-17T02:15:00+00:00,-1092790,4266.622
46411,2009-09-17T02:30:00+00:00,-1091890,4266.706
46411,2009-09-17T02:45:00+00:00,-1090990,4266.786
46411,2009-09-17T03:00:00+00:00,-1090090,4266.865
46411,2009-09-17T03:15:00+00:00,-1089190,4266.941
46411,2009-09-17T03:30:00+00:00,-1088290,4267.012
46411,2009-09-17T03:45:00+00:00,-1087390,4267.075
46411,2009-09-17T04:00:00+00:00,-1086490,4267.130
46411,2009-09-17T04:15:00+00:00,-1085590,4267.177
46411,2009-09-17T04:30:00+00:00,-1084690,4267.210
46411,2009-09-17T04:45:00+00:00,-1083790,4267.236
46411,2009-09-17T05:00:00+00:00,-1082890,4267.253
46411,2009-09-17T05:15:00+00:00,-1081990,4267.255
46411,2009-09-17T05:30:00+00:00,-1081090,4267.246
46411,2009-09-17T05:45:00+00:00,-1080190,4267.227
46411,2009-09-17T06:00:00+00:00,-1079290,4267.196
46411,2009-09-17T06:15:00+00:00,-1078390,4267.153
46411,2009-09-17T06:30:00+00:00,-1077490,4267.099
46411,2009-09-17T06:45:00+00:00,-1076590,4267.036
46411,2009-09-17T07:00:00+00:00,-1075690,4266.964
46411,2009-09-17T07:15:00+00:00,-1074790,4266.883
46411,2009-09-17T07:30:00+00:00,-1073890,4266.793
46411,2009-09-17T07:45:00+00:00,-1072990,4266.697
46411,2009-09-17T08:00:00+00:00,-1072090,4266.598
46411,2009-09-17T08:15:00+00:00,-1071190,4266.493
46411,2009-09-17T08:30:00+00:00,-1070290,4266.387
46411,2009-09-17T08:45:00+00:00,-1069390,4266.280
46411,2009-09-17T09:00:00+00:00,-1068490,4266.170
46411,2009-09-17T09:15:00+00:00,-1067590,4266.066
46411,2009-09-17T09:30:00+00:00,-1066690,4265.962
46411,2009-09-17T09:45:00+00:00,-1065790,4265.863
46411,2009-09-17T10:00:00+00:00,-1064890,4265.768
46411,2009-09-17T10:15:00+00:00,-1063990,4265.687
46411,2009-09-17T10:30:00+00:00,-1063090,4265.608
46411,2009-09-17T10:45:00+00:00,-1062190,4265.543
46411,2009-09-17T11:00:00+00:00,-1061290,4265.491
46411,2009-09-17T11:15:00+00:00,-1060390,4265.448
46411,2009-09-17T11:30:00+00:00,-1059490,4265.417
46411,2009-09-17T11:45:00+00:00,-1058590,4265.404
46411,2009-09-17T12:00:00+00:00,-1057690,4265.404
46411,2009-09-17T12:15:00+00:00,-1056790,4265.413
46411,2009-09-17T12:30:00+00:00,-1055890,4265.434
46411,2009-09-17T12:45:00+00:00,-1054990,4265.471
46411,2009-09-17T13:00:00+00:00,-1054090,4265.518
46411,2009-09-17T13:15:00+00:00,-1053190,4265.576
46411,2009-09-17T13:30:00+00:00,-1052290,4265.647
46411,2009-09-17T13:45:00+00:00,-1051390,4265.724
46411,2009-09-17T14:00:00+00:00,-1050490,4265.811
46411,2009-09-17T14:15:00+00:00,-1049590,4265.903
46411,2009-09-17T14:30:00+00:00,-1048690,4266.002
46411,2009-09-17T14:45:00+00:00,-1047790,4266.105
46411,2009-09-17T15:00:00+00:00,-1046890,4266.207
46411,2009-09-17T15:15:00+00:00,-1045990,4266.310
46411,2009-09-17T15:30:00+00:00,-1045090,4266.415
46411,2009-09-17T15:45:00+00:00,-1044190,4266.516
46411,2009-09-17T16:00:00+00:00,-1043290,4266.613
46411,2009-09-17T16:15:00+00:00,-1042390,4266.703
46411,2009-09-17T16:30:00+00:00,-1041490,4266.787
46411,2009-09-17T16:45:00+00:00,-1040590,4266.862
46411,2009-09-17T17:00:00+00:00,-1039690,4266.932
46411,2009-09-17T17:15:00+00:00,-1038790,4266.989
46411,2009-09-17T17:30:00+00:00,-1037890,4267.036
46411,2009-09-17T17:45:00+00:00,-1036990,4267.068
46411,2009-09-17T18:00:00+00:00,-1036090,4267.091
46411,2009-09-17T18:15:00+00:00,-1035190,4267.099
46411,2009-09-17T18:30:00+00:00,-1034290,4267.096
46411,2009-09-17T18:45:00+00:00,-1033390,4267.084
46411,2009-09-17T19:00:00+00:00,-1032490,4267.057
46411,2009-09-17T19:15:00+00:00,-1031590,4267.023
46411,2009-09-17T19:30:00+00:00,-1030690,4266.976
46411,2009-09-17T19:45:00+00:00,-1029790,4266.922
46411,2009-09-17T20:00:00+00:00,-1028890,4266.856
46411,2009-09-17T20:15:00+00:00,-1027990,4266.784
46411,2009-09-17T20:30:00+00:00,-1027090,4266.705
46411,2009-09-17T20:45:00+00:00,-1026190,4266.622
46411,2009-09-17T21:00:00+00:00,-1025290,4266.538
46411,2009-09-17T21:15:00+00:00,-1024390,4266.456
46411,2009-09-17T21:30:00+00:00,-1023490,4266.371
46411,2009-09-17T21:45:00+00:00,-1022590,4266.287
46411,2009-09-17T22:00:00+00:00,-1021690,4266.208
46411,2009-09-17T22:15:00+00:00,-1020790,4266.131
46411,2009-09-17T22:30:00+00:00,-1019890,4266.061
46411,2009-09-17T22:45:00+00:00,-1018990,4265.998
46411,2009-09-17T23:00:00+00:00,-1018090,4265.942
46411,2009-09-17T23:15:00+00:00,-1017190,4265.897
46411,2009-09-17T23:30:00+00:00,-1016290,4265.861
46411,2009-09-17T23:45:00+00:00,-1015390,4265.835
46411,2009-09-18T00:00:00+00:00,-1014490,4265.819
46411,2009-09-18T00:15:00+00:00,-1013590,4265.816
46411,2009-09-18T00:30:00+00:00,-1012690,4265.826
46411,2009-09-18T00:45:00+00:00,-1011790,4265.849
46411,2009-09-18T01:00:00+00:00,-1010890,4265.881
46411,2009-09-18T01:15:00+00:00,-1009990,4265.924
46411,2009-09-18T01:30:00+00:00,-1009090,4265.977
46411,2009-09-18T01:45:00+00:00,-1008190,4266.038
46411,2009-09-18T02:00:00+00:00,-1007290,4266.112
46411,2009-09-18T02:15:00+00:00,-1006390,4266.187
46411,2009-09-18T02:30:00+00:00,-1005490,4266.270
46411,2009-09-18T02:45:00+00:00,-1004590,4266.360
46411,2009-09-18T03:00:00+00:00,-1003690,4266.453
46411,2009-09-18T03:15:00+00:00,-1002790,4266.546
46411,2009-09-18T03:30:00+00:00,-1001890,4266.636
46411,2009-09-18T03:45:00+00:00,-1000990,4266.725
46411,2009-09-18T04:00:00+00:00,-1000090,4266.811
46411,2009-09-18T04:15:00+00:00,-999190,4266.895
46411,2009-09-18T04:30:00+00:00,-998290,4266.971
46411,2009-09-18T04:45:00+00:00,-997390,4267.037
46411,2009-09-18T05:00:00+00:00,-996490,4267.099
46411,2009-09-18T05:15:00+00:00,-995590,4267.148
46411,2009-09-18T05:30:00+00:00,-994690,4267.186
46411,2009-09-18T05:45:00+00:00,-993790,4267.214
46411,2009-09-18T06:00:00+00:00,-992890,4267.228
46411,2009-09-18T06:15:00+00:00,-991990,4267.237
46411,2009-09-18T06:30:00+00:00,-991090,4267.227
46411,2009-09-18T06:45:00+00:00,-990190,4267.207
46411,2009-09-18T07:00:00+00:00,-989290,4267.171
46411,2009-09-18T07:15:00+00:00,-988390,4267.127
46411,2009-09-18T07:30:00+00:00,-987490,4267.071
46411,2009-09-18T07:45:00+00:00,-986590,4267.005
46411,2009-09-18T08:00:00+00:00,-985690,4266.928
46411,2009-09-18T08:15:00+00:00,-984790,4266.842
46411,2009-09-18T08:30:00+00:00,-983890,4266.749
46411,2009-09-18T08:45:00+00:00,-982990,4266.651
46411,2009-09-18T09:00:00+00:00,-982090,4266.550
46411,2009-09-18T09:15:00+00:00,-981190,4266.445
46411,2009-09-18T09:30:00+00:00,-980290,4266.340
46411,2009-09-18T09:45:00+00:00,-979390,4266.235
46411,2009-09-18T10:00:00+00:00,-978490,4266.131
46411,2009-09-18T10:15:00+00:00,-977590,4266.031
46411,2009-09-18T10:30:00+00:00,-976690,4265.937
46411,2009-09-18T10:45:00+00:00,-975790,4265.850
46411,2009-09-18T11:00:00+00:00,-974890,4265.772
46411,2009-09-18T11:15:00+00:00,-973990,4265.699
46411,2009-09-18T11:30:00+00:00,-973090,4265.636
46411,2009-09-18T11:45:00+00:00,-972190,4265.585
46411,2009-09-18T12:00:00+00:00,-971290,4265.546
46411,2009-09-18T12:15:00+00:00,-970390,4265.519
46411,2009-09-18T12:30:00+00:00,-969490,4265.508
46411,2009-09-18T12:45:00+00:00,-968590,4265.509
46411,2009-09-18T13:00:00+00:00,-967690,4265.525
46411,2009-09-18T13:15:00+00:00,-966790,4265.555
46411,2009-09-18T13:30:00+00:00,-965890,4265.594
46411,2009-09-18T13:45:00+00:00,-964990,4265.649
46411,2009-09-18T14:00:00+00:00,-964090,4265.716
46411,2009-09-18T14:15:00+00:00,-963190,4265.790
46411,2009-09-18T14:30:00+00:00,-962290,4265.873
46411,2009-09-18T14:45:00+00:00,-961390,4265.966
46411,2009-09-18T15:00:00+00:00,-960490,4266.065
46411,2009-09-18T15:15:00+00:00,-959590,4266.168
46411,2009-09-18T15:30:00+00:00,-958690,4266.274
46411,2009-09-18T15:45:00+00:00,-957790,4266.380
46411,2009-09-18T16:00:00+00:00,-956890,4266.489
46411,2009-09-18T16:15:00+00:00,-955990,4266.592
46411,2009-09-18T16:30:00+00:00,-955090,4266.694
46411,2009-09-18T16:45:00+00:00,-954190,4266.788
46411,2009-09-18T17:00:00+00:00,-953290,4266.878
46411,2009-09-18T17:15:00+00:00,-952390,4266.961
46411,2009-09-18T17:30:00+00:00,-951490,4267.034
46411,2009-09-18T17:45:00+00:00,-950590,4267.098
46411,2009-09-18T18:00:00+00:00,-949690,4267.149
46411,2009-09-18T18:15:00+00:00,-948790,4267.190
46411,2009-09-18T18:30:00+00:00,-947890,4267.214
46411,2009-09-18T18:45:00+00:00,-946990,4267.229
46411,2009-09-18T19:00:00+00:00,-946090,4267.231
46411,2009-09-18T19:15:00+00:00,-945190,4267.218
46411,2009-09-18T19:30:00+00:00,-944290,4267.194
46411,2009-09-18T19:45:00+00:00,-943390,4267.159
46411,2009-09-18T20:00:00+00:00,-942490,4267.107
46411,2009-09-18T20:15:00+00:00,-941590,4267.047
46411,2009-09-18T20:30:00+00:00,-940690,4266.980
46411,2009-09-18T20:45:00+00:00,-939790,4266.903
46411,2009-09-18T21:00:00+00:00,-938890,4266.818
46411,2009-09-18T21:15:00+00:00,-937990,4266.729
46411,2009-09-18T21:30:00+00:00,-937090,4266.630
46411,2009-09-18T21:45:00+00:00,-936190,4266.532
46411,2009-09-18T22:00:00+00:00,-935290,4266.433
46411,2009-09-18T22:15:00+00:00,-934390,4266.333
46411,2009-09-18T22:30:00+00:00,-933490,4266.235
46411,2009-09-18T22:45:00+00:00,-932590,4266.139
46411,2009-09-18T23:00:00+00:00,-931690,4266.050
46411,2009-09-18T23:15:00+00:00,-930790,4265.966
46411,2009-09-18T23:30:00+00:00,-929890,4265.891
46411,2009-09-18T23:45:00+00:00,-928990,4265.825
46411,2009-09-19T00:00:00+00:00,-928090,4265.769
46411,2009-09-19T00:15:00+00:00,-927190,4265.727
46411,2009-09-19T00:30:00+00:00,-926290,4265.696
46411,2009-09-19T00:45:00+00:00,-925390,4265.673
46411,2009-09-19T01:00:00+00:00,-924490,4265.668
46411,2009-09-19T01:15:00+00:00,-923590,4265.673
46411,2009-09-19T01:30:00+00:00,-922690,4265.692
46411,2009-09-19T01:45:00+00:00,-921790,4265.720
46411,2009-09-19T02:00:00+00:00,-920890,4265.761
46411,2009-09-19T02:15:00+00:00,-919990,4265.813
46411,2009-09-19T02:30:00+00:00,-919090,4265.879
46411,2009-09-19T02:45:00+00:00,-918190,4265.951
46411,2009-09-19T03:00:00+00:00,-917290,4266.033
46411,2009-09-19T03:15:00+00:00,-916390,4266.122
46411,2009-09-19T03:30:00+00:00,-915490,4266.214
46411,2009-09-19T03:45:00+00:00,-914590,4266.311
46411,2009-09-19T04:00:00+00:00,-913690,4266.408
46411,2009-09-19T04:15:00+00:00,-912790,4266.506
46411,2009-09-19T04:30:00+00:00,-911890,4266.600
46411,2009-09-19T04:45:00+00:00,-910990,4266.695
46411,2009-09-19T05:00:00+00:00,-910090,4266.783
46411,2009-09-19T05:15:00+00:00,-909190,4266.866
46411,2009-09-19T05:30:00+00:00,-908290,4266.942
46411,2009-09-19T05:45:00+00:00,-907390,4267.009
46411,2009-09-19T06:00:00+00:00,-906490,4267.063
46411,2009-09-19T06:15:00+00:00,-905590,4267.112
46411,2009-09-19T06:30:00+00:00,-904690,4267.148
46411,2009-09-19T06:45:00+00:00,-903790,4267.171
46411,2009-09-19T07:00:00+00:00,-902890,4267.180
46411,2009-09-19T07:15:00+00:00,-901990,4267.180
46411,2009-09-19T07:30:00+00:00,-901090,4267.163
46411,2009-09-19T07:45:00+00:00,-900190,4267.135
46411,2009-09-19T08:00:00+00:00,-899290,4267.098
46411,2009-09-19T08:15:00+00:00,-898390,4267.048
46411,2009-09-19T08:30:00+00:00,-897490,4266.990
46411,2009-09-19T08:45:00+00:00,-896590,4266.922
46411,2009-09-19T09:00:00+00:00,-895690,4266.846
46411,2009-09-19T09:15:00+00:00,-894790,4266.762
46411,2009-09-19T09:30:00+00:00,-893890,4266.674
46411,2009-09-19T09:45:00+00:00,-892990,4266.580
46411,2009-09-19T10:00:00+00:00,-892090,4266.486
46411,2009-09-19T10:15:00+00:00,-891190,4266.391
46411,2009-09-19T10:30:00+00:00,-890290,4266.295
46411,2009-09-19T10:45:00+00:00,-889390,4266.201
46411,2009-09-19T11:00:00+00:00,-888490,4266.109
46411,2009-09-19T11:15:00+00:00,-887590,4266.022
46411,2009-09-19T11:30:00+00:00,-886690,4265.941
46411,2009-09-19T11:45:00+00:00,-885790,4265.870
46411,2009-09-19T12:00:00+00:00,-884890,4265.809
46411,2009-09-19T12:15:00+00:00,-883990,4265.756
46411,2009-09-19T12:30:00+00:00,-883090,4265.711
46411,2009-09-19T12:45:00+00:00,-882190,4265.680
46411,2009-09-19T13:00:00+00:00,-881290,4265.665
46411,2009-09-19T13:15:00+00:00,-880390,4265.661
46411,2009-09-19T13:30:00+00:00,-879490,4265.671
46411,2009-09-19T13:45:00+00:00,-878590,4265.693
46411,2009-09-19T14:00:00+00:00,-877690,4265.726
46411,2009-09-19T14:15:00+00:00,-876790,4265.773
46411,2009-09-19T14:30:00+00:00,-875890,4265.834
46411,2009-09-19T14:45:00+00:00,-874990,4265.903
46411,2009-09-19T15:00:00+00:00,-874090,4265.981
46411,2009-09-19T15:15:00+00:00,-873190,4266.065
46411,2009-09-19T15:30:00+00:00,-872290,4266.156
46411,2009-09-19T15:45:00+00:00,-871390,4266.254
46411,2009-09-19T16:00:00+00:00,-870490,4266.354
46411,2009-09-19T16:15:00+00:00,-869590,4266.458
46411,2009-09-19T16:30:00+00:00,-868690,4266.564
46411,2009-09-19T16:45:00+00:00,-867790,4266.667
46411,2009-09-19T17:00:00+00:00,-866890,4266.767
46411,2009-09-19T17:15:00+00:00,-865990,4266.864
46411,2009-09-19T17:30:00+00:00,-865090,4266.954
46411,2009-09-19T17:45:00+00:00,-864190,4267.038
46411,2009-09-19T18:00:00+00:00,-863290,4267.111
46411,2009-09-19T18:15:00+00:00,-862390,4267.175
46411,2009-09-19T18:30:00+00:00,-861490,4267.226
46411,2009-09-19T18:45:00+00:00,-860590,4267.271
46411,2009-09-19T19:00:00+00:00,-859690,4267.297
46411,2009-09-19T19:15:00+00:00,-858790,4267.311
46411,2009-09-19T19:30:00+00:00,-857890,4267.315
46411,2009-09-19T19:45:00+00:00,-856990,4267.305
46411,2009-09-19T20:00:00+00:00,-856090,4267.282
46411,2009-09-19T20:15:00+00:00,-855190,4267.246
46411,2009-09-19T20:30:00+00:00,-854290,4267.197
46411,2009-09-19T20:45:00+00:00,-853390,4267.138
46411,2009-09-19T21:00:00+00:00,-852490,4267.068
46411,2009-09-19T21:15:00+00:00,-851590,4266.992
46411,2009-09-19T21:30:00+00:00,-850690,4266.902
46411,2009-09-19T21:45:00+00:00,-849790,4266.807
46411,2009-09-19T22:00:00+00:00,-848890,4266.705
46411,2009-09-19T22:15:00+00:00,-847990,4266.601
46411,2009-09-19T22:30:00+00:00,-847090,4266.493
46411,2009-09-19T22:45:00+00:00,-846190,4266.384
46411,2009-09-19T23:00:00+00:00,-845290,4266.277
46411,2009-09-19T23:15:00+00:00,-844390,4266.171
46411,2009-09-19T23:30:00+00:00,-843490,4266.068
46411,2009-09-19T23:45:00+00:00,-842590,4265.971
46411,2009-09-20T00:00:00+00:00,-841690,4265.881
46411,2009-09-20T00:15:00+00:00,-840790,4265.798
46411,2009-09-20T00:30:00+00:00,-839890,4265.725
46411,2009-09-20T00:45:00+00:00,-838990,4265.660
46411,2009-09-20T01:00:00+00:00,-838090,4265.609
46411,2009-09-20T01:15:00+00:00,-837190,4265.571
46411,2009-09-20T01:30:00+00:00,-836290,4265.544
46411,2009-09-20T01:45:00+00:00,-835390,4265.532
46411,2009-09-20T02:00:00+00:00,-834490,4265.533
46411,2009-09-20T02:15:00+00:00,-833590,4265.547
46411,2009-09-20T02:30:00+00:00,-832690,4265.572
46411,2009-09-20T02:45:00+00:00,-831790,4265.611
46411,2009-09-20T03:00:00+00:00,-830890,4265.663
46411,2009-09-20T03:15:00+00:00,-829990,4265.726
46411,2009-09-20T03:30:00+00:00,-829090,4265.799
46411,2009-09-20T03:45:00+00:00,-828190,4265.881
46411,2009-09-20T04:00:00+00:00,-827290,4265.968
46411,2009-09-20T04:15:00+00:00,-826390,4266.062
46411,2009-09-20T04:30:00+00:00,-825490,4266.155
46411,2009-09-20T04:45:00+00:00,-824590,4266.252
46411,2009-09-20T05:00:00+00:00,-823690,4266.349
46411,2009-09-20T05:15:00+00:00,-822790,4266.449
46411,2009-09-20T05:30:00+00:00,-821890,4266.542
46411,2009-09-20T05:45:00+00:00,-820990,4266.634
46411,2009-09-20T06:00:00+00:00,-820090,4266.722
46411,2009-09-20T06:15:00+00:00,-819190,4266.800
46411,2009-09-20T06:30:00+00:00,-818290,4266.869
46411,2009-09-20T06:45:00+00:00,-817390,4266.932
46411,2009-09-20T07:00:00+00:00,-816490,4266.984
46411,2009-09-20T07:15:00+00:00,-815590,4267.027
46411,2009-09-20T07:30:00+00:00,-814690,4267.056
46411,2009-09-20T07:45:00+00:00,-813790,4267.076
46411,2009-09-20T08:00:00+00:00,-812890,4267.082
46411,2009-09-20T08:15:00+00:00,-811990,4267.074
46411,2009-09-20T08:30:00+00:00,-811090,4267.062
46411,2009-09-20T08:45:00+00:00,-810190,4267.036
46411,2009-09-20T09:00:00+00:00,-809290,4267.000
46411,2009-09-20T09:15:00+00:00,-808390,4266.951
46411,2009-09-20T09:30:00+00:00,-807490,4266.896
46411,2009-09-20T09:45:00+00:00,-806590,4266.831
46411,2009-09-20T10:00:00+00:00,-805690,4266.760
46411,2009-09-20T10:15:00+00:00,-804790,4266.684
46411,2009-09-20T10:30:00+00:00,-803890,4266.603
46411,2009-09-20T10:45:00+00:00,-802990,4266.520
46411,2009-09-20T11:00:00+00:00,-802090,4266.435
46411,2009-09-20T11:15:00+00:00,-801190,4266.353
46411,2009-09-20T11:30:00+00:00,-800290,4266.272
46411,2009-09-20T11:45:00+00:00,-799390,4266.197
46411,2009-09-20T12:00:00+00:00,-798490,4266.121
46411,2009-09-20T12:15:00+00:00,-797590,4266.053
46411,2009-09-20T12:30:00+00:00,-796690,4265.993
46411,2009-09-20T12:45:00+00:00,-795790,4265.941
46411,2009-09-20T13:00:00+00:00,-794890,4265.896
46411,2009-09-20T13:15:00+00:00,-793990,4265.865
46411,2009-09-20T13:30:00+00:00,-793090,4265.843
46411,2009-09-20T13:45:00+00:00,-792190,4265.833
46411,2009-09-20T14:00:00+00:00,-791290,4265.837
46411,2009-09-20T14:15:00+00:00,-790390,4265.853
46411,2009-09-20T14:30:00+00:00,-789490,4265.878
46411,2009-09-20T14:45:00+00:00,-788590,4265.917
46411,2009-09-20T15:00:00+00:00,-787690,4265.969
46411,2009-09-20T15:15:00+00:00,-786790,4266.026
46411,2009-09-20T15:30:00+00:00,-785890,4266.095
46411,2009-09-20T15:45:00+00:00,-784990,4266.171
46411,2009-09-20T16:00:00+00:00,-784090,4266.255
46411,2009-09-20T16:15:00+00:00,-783190,4266.346
46411,2009-09-20T16:30:00+00:00,-782290,4266.439
46411,2009-09-20T16:45:00+00:00,-781390,4266.534
46411,2009-09-20T17:00:00+00:00,-780490,4266.631
46411,2009-09-20T17:15:00+00:00,-779590,4266.726
46411,2009-09-20T17:30:00+00:00,-778690,4266.821
46411,2009-09-20T17:45:00+00:00,-777790,4266.914
46411,2009-09-20T18:00:00+00:00,-776890,4266.998
46411,2009-09-20T18:15:00+00:00,-775990,4267.079
46411,2009-09-20T18:30:00+00:00,-775090,4267.151
46411,2009-09-20T18:45:00+00:00,-774190,4267.214
46411,2009-09-20T19:00:00+00:00,-773290,4267.271
46411,2009-09-20T19:15:00+00:00,-772390,4267.315
46411,2009-09-20T19:30:00+00:00,-771490,4267.346
46411,2009-09-20T19:45:00+00:00,-770590,4267.364
46411,2009-09-20T20:00:00+00:00,-769690,4267.369
46411,2009-09-20T20:15:00+00:00,-768790,4267.358
46411,2009-09-20T20:30:00+00:00,-767890,4267.338
46411,2009-09-20T20:45:00+00:00,-766990,4267.302
46411,2009-09-20T21:00:00+00:00,-766090,4267.254
46411,2009-09-20T21:15:00+00:00,-765190,4267.197
46411,2009-09-20T21:30:00+00:00,-764290,4267.130
46411,2009-09-20T21:45:00+00:00,-763390,4267.054
46411,2009-09-20T22:00:00+00:00,-762490,4266.969
46411,2009-09-20T22:15:00+00:00,-761590,4266.875
46411,2009-09-20T22:30:00+00:00,-760690,4266.776
46411,2009-09-20T22:45:00+00:00,-759790,4266.672
46411,2009-09-20T23:00:00+00:00,-758890,4266.562
46411,2009-09-20T23:15:00+00:00,-757990,4266.450
46411,2009-09-20T23:30:00+00:00,-757090,4266.336
46411,2009-09-20T23:45:00+00:00,-756190,4266.224
46411,2009-09-21T00:00:00+00:00,-755290,4266.112
46411,2009-09-21T00:15:00+00:00,-754390,4266.006
46411,2009-09-21T00:30:00+00:00,-753490,4265.907
46411,2009-09-21T00:45:00+00:00,-752590,4265.814
46411,2009-09-21T01:00:00+00:00,-751690,4265.727
46411,2009-09-21T01:15:00+00:00,-750790,4265.653
46411,2009-09-21T01:30:00+00:00,-749890,4265.588
46411,2009-09-21T01:45:00+00:00,-748990,4265.536
46411,2009-09-21T02:00:00+00:00,-748090,4265.495
46411,2009-09-21T02:15:00+00:00,-747190,4265.466
46411,2009-09-21T02:30:00+00:00,-746290,4265.451
46411,2009-09-21T02:45:00+00:00,-745390,4265.448
46411,2009-09-21T03:00:00+00:00,-744490,4265.462
46411,2009-09-21T03:15:00+00:00,-743590,4265.487
46411,2009-09-21T03:30:00+00:00,-742690,4265.525
46411,2009-09-21T03:45:00+00:00,-741790,4265.577
46411,2009-09-21T04:00:00+00:00,-740890,4265.638
46411,2009-09-21T04:15:00+00:00,-739990,4265.709
46411,2009-09-21T04:30:00+00:00,-739090,4265.784
46411,2009-09-21T04:45:00+00:00,-738190,4265.867
46411,2009-09-21T05:00:00+00:00,-737290,4265.951
46411,2009-09-21T05:15:00+00:00,-736390,4266.043
46411,2009-09-21T05:30:00+00:00,-735490,4266.137
46411,2009-09-21T05:45:00+00:00,-734590,4266.229
46411,2009-09-21T06:00:00+00:00,-733690,4266.324
46411,2009-09-21T06:15:00+00:00,-732790,4266.415
46411,2009-09-21T06:30:00+00:00,-731890,4266.503
46411,2009-09-21T06:45:00+00:00,-730990,4266.587
46411,2009-09-21T07:00:00+00:00,-730090,4266.666
46411,2009-09-21T07:15:00+00:00,-729190,4266.738
46411,2009-09-21T07:30:00+00:00,-728290,4266.802
46411,2009-09-21T07:45:00+00:00,-727390,4266.858
46411,2009-09-21T08:00:00+00:00,-726490,4266.903
46411,2009-09-21T08:15:00+00:00,-725590,4266.939
46411,2009-09-21T08:30:00+00:00,-724690,4266.965
46411,2009-09-21T08:45:00+00:00,-723790,4266.978
46411,2009-09-21T09:00:00+00:00,-722890,4266.982
46411,2009-09-21T09:15:00+00:00,-721990,4266.977
46411,2009-09-21T09:30:00+00:00,-721090,4266.958
46411,2009-09-21T09:45:00+00:00,-720190,4266.932
46411,2009-09-21T10:00:00+00:00,-719290,4266.896
46411,2009-09-21T10:15:00+00:00,-718390,4266.851
46411,2009-09-21T10:30:00+00:00,-717490,4266.801
46411,2009-09-21T10:45:00+00:00,-716590,4266.743
46411,2009-09-21T11:00:00+00:00,-715690,4266.682
46411,2009-09-21T11:15:00+00:00,-714790,4266.614
46411,2009-09-21T11:30:00+00:00,-713890,4266.544
46411,2009-09-21T11:45:00+00:00,-712990,4266.477
46411,2009-09-21T12:00:00+00:00,-712090,4266.407
46411,2009-09-21T12:15:00+00:00,-711190,4266.337
46411,2009-09-21T12:30:00+00:00,-710290,4266.271
46411,2009-09-21T12:45:00+00:00,-709390,4266.211
46411,2009-09-21T13:00:00+00:00,-708490,4266.152
46411,2009-09-21T13:15:00+00:00,-707590,4266.104
46411,2009-09-21T13:30:00+00:00,-706690,4266.063
46411,2009-09-21T13:45:00+00:00,-705790,4266.030
46411,2009-09-21T14:00:00+00:00,-704890,4266.007
46411,2009-09-21T14:15:00+00:00,-703990,4265.993
46411,2009-09-21T14:30:00+00:00,-703090,4265.990
46411,2009-09-21T14:45:00+00:00,-702190,4265.998
46411,2009-09-21T15:00:00+00:00,-701290,4266.017
46411,2009-09-21T15:15:00+00:00,-700390,4266.042
46411,2009-09-21T15:30:00+00:00,-699490,4266.081
46411,2009-09-21T15:45:00+00:00,-698590,4266.127
46411,2009-09-21T16:00:00+00:00,-697690,4266.181
46411,2009-09-21T16:15:00+00:00,-696790,4266.245
46411,2009-09-21T16:30:00+00:00,-695890,4266.315
46411,2009-09-21T16:45:00+00:00,-694990,4266.392
46411,2009-09-21T17:00:00+00:00,-694090,4266.474
46411,2009-09-21T17:15:00+00:00,-693190,4266.558
46411,2009-09-21T17:30:00+00:00,-692290,4266.644
46411,2009-09-21T17:45:00+00:00,-691390,4266.736
46411,2009-09-21T18:00:00+00:00,-690490,4266.823
46411,2009-09-21T18:15:00+00:00,-689590,4266.909
46411,2009-09-21T18:30:00+00:00,-688690,4266.989
46411,2009-09-21T18:45:00+00:00,-687790,4267.064
46411,2009-09-21T19:00:00+00:00,-686890,4267.133
46411,2009-09-21T19:15:00+00:00,-685990,4267.193
46411,2009-09-21T19:30:00+00:00,-685090,4267.245
46411,2009-09-21T19:45:00+00:00,-684190,4267.287
46411,2009-09-21T20:00:00+00:00,-683290,4267.317
46411,2009-09-21T20:15:00+00:00,-682390,4267.335
46411,2009-09-21T20:30:00+00:00,-681490,4267.343
46411,2009-09-21T20:45:00+00:00,-680590,4267.342
46411,2009-09-21T21:00:00+00:00,-679690,4267.326
46411,2009-09-21T21:15:00+00:00,-678790,4267.302
46411,2009-09-21T21:30:00+00:00,-677890,4267.263
46411,2009-09-21T21:45:00+00:00,-676990,4267.215
46411,2009-09-21T22:00:00+00:00,-676090,4267.157
46411,2009-09-21T22:15:00+00:00,-675190,4267.088
46411,2009-09-21T22:30:00+00:00,-674290,4267.009
46411,2009-09-21T22:45:00+00:00,-673390,4266.926
46411,2009-09-21T23:00:00+00:00,-672490,4266.831
46411,2009-09-21T23:15:00+00:00,-671590,4266.729
46411,2009-09-21T23:30:00+00:00,-670690,4266.620
46411,2009-09-21T23:45:00+00:00,-669790,4266.515
46411,2009-09-22T00:00:00+00:00,-668890,4266.407
46411,2009-09-22T00:15:00+00:00,-667990,4266.299
46411,2009-09-22T00:30:00+00:00,-667090,4266.194
46411,2009-09-22T00:45:00+00:00,-666190,4266.090
46411,2009-09-22T01:00:00+00:00,-665290,4265.987
46411,2009-09-22T01:15:00+00:00,-664390,4265.894
46411,2009-09-22T01:30:00+00:00,-663490,4265.802
46411,2009-09-22T01:45:00+00:00,-662590,4265.717
46411,2009-09-22T02:00:00+00:00,-661690,4265.646
46411,2009-09-22T02:15:00+00:00,-660790,4265.583
46411,2009-09-22T02:30:00+00:00,-659890,4265.533
46411,2009-09-22T02:45:00+00:00,-658990,4265.492
46411,2009-09-22T03:00:00+00:00,-658090,4265.462
46411,2009-09-22T03:15:00+00:00,-657190,4265.448
46411,2009-09-22T03:30:00+00:00,-656290,4265.443
46411,2009-09-22T03:45:00+00:00,-655390,4265.453
46411,2009-09-22T04:00:00+00:00,-654490,4265.474
46411,2009-09-22T04:15:00+00:00,-653590,4265.508
46411,2009-09-22T04:30:00+00:00,-652690,4265.549
46411,2009-09-22T04:45:00+00:00,-651790,4265.604
46411,2009-09-22T05:00:00+00:00,-650890,4265.664
46411,2009-09-22T05:15:00+00:00,-649990,4265.731
46411,2009-09-22T05:30:00+00:00,-649090,4265.805
46411,2009-09-22T05:45:00+00:00,-648190,4265.883
46411,2009-09-22T06:00:00+00:00,-647290,4265.965
46411,2009-09-22T06:15:00+00:00,-646390,4266.051
46411,2009-09-22T06:30:00+00:00,-645490,4266.137
46411,2009-09-22T06:45:00+00:00,-644590,4266.226
46411,2009-09-22T07:00:00+00:00,-643690,4266.312
46411,2009-09-22T07:15:00+00:00,-642790,4266.396
46411,2009-09-22T07:30:00+00:00,-641890,4266.476
46411,2009-09-22T07:45:00+00:00,-640990,4266.552
46411,2009-09-22T08:00:00+00:00,-640090,4266.619
46411,2009-09-22T08:15:00+00:00,-639190,4266.685
46411,2009-09-22T08:30:00+00:00,-638290,4266.737
46411,2009-09-22T08:45:00+00:00,-637390,4266.779
46411,2009-09-22T09:00:00+00:00,-636490,4266.816
46411,2009-09-22T09:15:00+00:00,-635590,4266.841
46411,2009-09-22T09:30:00+00:00,-634690,4266.861
46411,2009-09-22T09:45:00+00:00,-633790,4266.867
46411,2009-09-22T10:00:00+00:00,-632890,4266.868
46411,2009-09-22T10:15:00+00:00,-631990,4266.859
46411,2009-09-22T10:30:00+00:00,-631090,4266.840
46411,2009-09-22T10:45:00+00:00,-630190,4266.818
46411,2009-09-22T11:00:00+00:00,-629290,4266.789
46411,2009-09-22T11:15:00+00:00,-628390,4266.753
46411,2009-09-22T11:30:00+00:00,-627490,4266.710
46411,2009-09-22T11:45:00+00:00,-626590,4266.665
46411,2009-09-22T12:00:00+00:00,-625690,4266.615
46411,2009-09-22T12:15:00+00:00,-624790,4266.562
46411,2009-09-22T12:30:00+00:00,-623890,4266.507
46411,2009-09-22T12:45:00+00:00,-622990,4266.453
46411,2009-09-22T13:00:00+00:00,-622090,4266.400
46411,2009-09-22T13:15:00+00:00,-621190,4266.348
46411,2009-09-22T13:30:00+00:00,-620290,4266.307
46411,2009-09-22T13:45:00+00:00,-619390,4266.264
46411,2009-09-22T14:00:00+00:00,-618490,4266.230
46411,2009-09-22T14:15:00+00:00,-617590,4266.201
46411,2009-09-22T14:30:00+00:00,-616690,4266.177
46411,2009-09-22T14:45:00+00:00,-615790,4266.163
46411,2009-09-22T15:00:00+00:00,-614890,4266.157
46411,2009-09-22T15:15:00+00:00,-613990,4266.156
46411,2009-09-22T15:30:00+00:00,-613090,4266.169
46411,2009-09-22T15:45:00+00:00,-612190,4266.186
46411,2009-09-22T16:00:00+00:00,-611290,4266.215
46411,2009-09-22T16:15:00+00:00,-610390,4266.250
46411,2009-09-22T16:30:00+00:00,-609490,4266.292
46411,2009-09-22T16:45:00+00:00,-608590,4266.342
46411,2009-09-22T17:00:00+00:00,-607690,4266.399
46411,2009-09-22T17:15:00+00:00,-606790,4266.460
46411,2009-09-22T17:30:00+00:00,-605890,4266.527
46411,2009-09-22T17:45:00+00:00,-604990,4266.598
46411,2009-09-22T18:00:00+00:00,-604090,4266.668
46411,2009-09-22T18:15:00+00:00,-603190,4266.742
46411,2009-09-22T18:30:00+00:00,-602290,4266.817
46411,2009-09-22T18:45:00+00:00,-601390,4266.889
46411,2009-09-22T19:00:00+00:00,-600490,4266.961
46411,2009-09-22T19:15:00+00:00,-599590,4267.028
46411,2009-09-22T19:30:00+00:00,-598690,4267.087
46411,2009-09-22T19:45:00+00:00,-597790,4267.143
46411,2009-09-22T20:00:00+00:00,-596890,4267.192
46411,2009-09-22T20:15:00+00:00,-595990,4267.236
46411,2009-09-22T20:30:00+00:00,-595090,4267.264
46411,2009-09-22T20:45:00+00:00,-594190,4267.284
46411,2009-09-22T21:00:00+00:00,-593290,4267.298
46411,2009-09-22T21:15:00+00:00,-592390,4267.303
46411,2009-09-22T21:30:00+00:00,-591490,4267.295
46411,2009-09-22T21:45:00+00:00,-590590,4267.279
46411,2009-09-22T22:00:00+00:00,-589690,4267.248
46411,2009-09-22T22:15:00+00:00,-588790,4267.211
46411,2009-09-22T22:30:00+00:00,-587890,4267.164
46411,2009-09-22T22:45:00+00:00,-586990,4267.103
46411,2009-09-22T23:00:00+00:00,-586090,4267.034
46411,2009-09-22T23:15:00+00:00,-585190,4266.959
46411,2009-09-22T23:30:00+00:00,-584290,4266.875
46411,2009-09-22T23:45:00+00:00,-583390,4266.785
46411,2009-09-23T00:00:00+00:00,-582490,4266.689
46411,2009-09-23T00:15:00+00:00,-581590,4266.587
46411,2009-09-23T00:30:00+00:00,-580690,4266.486
46411,2009-09-23T00:45:00+00:00,-579790,4266.385
46411,2009-09-23T01:00:00+00:00,-578890,4266.282
46411,2009-09-23T01:15:00+00:00,-577990,4266.182
46411,2009-09-23T01:30:00+00:00,-577090,4266.083
46411,2009-09-23T01:45:00+00:00,-576190,4265.990
46411,2009-09-23T02:00:00+00:00,-575290,4265.899
46411,2009-09-23T02:15:00+00:00,-574390,4265.814
46411,2009-09-23T02:30:00+00:00,-573490,4265.738
46411,2009-09-23T02:45:00+00:00,-572590,4265.669
46411,2009-09-23T03:00:00+00:00,-571690,4265.607
46411,2009-09-23T03:15:00+00:00,-570790,4265.557
46411,2009-09-23T03:30:00+00:00,-569890,4265.515
46411,2009-09-23T03:45:00+00:00,-568990,4265.484
46411,2009-09-23T04:00:00+00:00,-568090,4265.468
46411,2009-09-23T04:15:00+00:00,-567190,4265.462
46411,2009-09-23T04:30:00+00:00,-566290,4265.466
46411,2009-09-23T04:45:00+00:00,-565390,4265.481
46411,2009-09-23T05:00:00+00:00,-564490,4265.504
46411,2009-09-23T05:15:00+00:00,-563590,4265.541
46411,2009-09-23T05:30:00+00:00,-562690,4265.584
46411,2009-09-23T05:45:00+00:00,-561790,4265.631
46411,2009-09-23T06:00:00+00:00,-560890,4265.688
46411,2009-09-23T06:15:00+00:00,-559990,4265.751
46411,2009-09-23T06:30:00+00:00,-559090,4265.820
46411,2009-09-23T06:45:00+00:00,-558190,4265.894
46411,2009-09-23T07:00:00+00:00,-557290,4265.972
46411,2009-09-23T07:15:00+00:00,-556390,4266.047
46411,2009-09-23T07:30:00+00:00,-555490,4266.128
46411,2009-09-23T07:45:00+00:00,-554590,4266.206
46411,2009-09-23T08:00:00+00:00,-553690,4266.284
46411,2009-09-23T08:15:00+00:00,-552790,4266.357
46411,2009-09-23T08:30:00+00:00,-551890,4266.424
46411,2009-09-23T08:45:00+00:00,-550990,4266.487
46411,2009-09-23T09:00:00+00:00,-550090,4266.545
46411,2009-09-23T09:15:00+00:00,-549190,4266.600
46411,2009-09-23T09:30:00+00:00,-548290,4266.644
46411,2009-09-23T09:45:00+00:00,-547390,4266.684
46411,2009-09-23T10:00:00+00:00,-546490,4266.719
46411,2009-09-23T10:15:00+00:00,-545590,4266.741
46411,2009-09-23T10:30:00+00:00,-544690,4266.759
46411,2009-09-23T10:45:00+00:00,-543790,4266.766
46411,2009-09-23T11:00:00+00:00,-542890,4266.769
46411,2009-09-23T11:15:00+00:00,-541990,4266.762
46411,2009-09-23T11:30:00+00:00,-541090,4266.751
46411,2009-09-23T11:45:00+00:00,-540190,4266.732
46411,2009-09-23T12:00:00+00:00,-539290,4266.707
46411,2009-09-23T12:15:00+00:00,-538390,4266.676
46411,2009-09-23T12:30:00+00:00,-537490,4266.644
46411,2009-09-23T12:45:00+00:00,-536590,4266.610
46411,2009-09-23T13:00:00+00:00,-535690,4266.572
46411,2009-09-23T13:15:00+00:00,-534790,4266.531
46411,2009-09-23T13:30:00+00:00,-533890,4266.494
46411,2009-09-23T13:45:00+00:00,-532990,4266.458
46411,2009-09-23T14:00:00+00:00,-532090,4266.420
46411,2009-09-23T14:15:00+00:00,-531190,4266.390
46411,2009-09-23T14:30:00+00:00,-530290,4266.362
46411,2009-09-23T14:45:00+00:00,-529390,4266.338
46411,2009-09-23T15:00:00+00:00,-528490,4266.318
46411,2009-09-23T15:15:00+00:00,-527590,4266.304
46411,2009-09-23T15:30:00+00:00,-526690,4266.291
46411,2009-09-23T15:45:00+00:00,-525790,4266.288
46411,2009-09-23T16:00:00+00:00,-524890,4266.291
46411,2009-09-23T16:15:00+00:00,-523990,4266.301
46411,2009-09-23T16:30:00+00:00,-523090,4266.320
46411,2009-09-23T16:45:00+00:00,-522190,4266.344
46411,2009-09-23T17:00:00+00:00,-521290,4266.375
46411,2009-09-23T17:15:00+00:00,-520390,4266.410
46411,2009-09-23T17:30:00+00:00,-519490,4266.455
46411,2009-09-23T17:45:00+00:00,-518590,4266.505
46411,2009-09-23T18:00:00+00:00,-517690,4266.559
46411,2009-09-23T18:15:00+00:00,-516790,4266.612
46411,2009-09-23T18:30:00+00:00,-515890,4266.671
46411,2009-09-23T18:45:00+00:00,-514990,4266.733
46411,2009-09-23T19:00:00+00:00,-514090,4266.790
46411,2009-09-23T19:15:00+00:00,-513190,4266.853
46411,2009-09-23T19:30:00+00:00,-512290,4266.910
46411,2009-09-23T19:45:00+00:00,-511390,4266.968
46411,2009-09-23T20:00:00+00:00,-510490,4267.020
46411,2009-09-23T20:15:00+00:00,-509590,4267.071
46411,2009-09-23T20:30:00+00:00,-508690,4267.116
46411,2009-09-23T20:45:00+00:00,-507790,4267.155
46411,2009-09-23T21:00:00+00:00,-506890,4267.185
46411,2009-09-23T21:15:00+00:00,-505990,4267.209
46411,2009-09-23T21:30:00+00:00,-505090,4267.226
46411,2009-09-23T21:45:00+00:00,-504190,4267.234
46411,2009-09-23T22:00:00+00:00,-503290,4267.231
46411,2009-09-23T22:15:00+00:00,-502390,4267.223
46411,2009-09-23T22:30:00+00:00,-501490,4267.207
46411,2009-09-23T22:45:00+00:00,-500590,4267.177
46411,2009-09-23T23:00:00+00:00,-499690,4267.138
46411,2009-09-23T23:15:00+00:00,-498790,4267.091
46411,2009-09-23T23:30:00+00:00,-497890,4267.039
46411,2009-09-23T23:45:00+00:00,-496990,4266.978
46411,2009-09-24T00:00:00+00:00,-496090,4266.909
46411,2009-09-24T00:15:00+00:00,-495190,4266.835
46411,2009-09-24T00:30:00+00:00,-494290,4266.755
46411,2009-09-24T00:45:00+00:00,-493390,4266.670
46411,2009-09-24T01:00:00+00:00,-492490,4266.579
46411,2009-09-24T01:15:00+00:00,-491590,4266.488
46411,2009-09-24T01:30:00+00:00,-490690,4266.397
46411,2009-09-24T01:45:00+00:00,-489790,4266.305
46411,2009-09-24T02:00:00+00:00,-488890,4266.212
46411,2009-09-24T02:15:00+00:00,-487990,4266.124
46411,2009-09-24T02:30:00+00:00,-487090,4266.039
46411,2009-09-24T02:45:00+00:00,-486190,4265.957
46411,2009-09-24T03:00:00+00:00,-485290,4265.881
46411,2009-09-24T03:15:00+00:00,-484390,4265.809
46411,2009-09-24T03:30:00+00:00,-483490,4265.747
46411,2009-09-24T03:45:00+00:00,-482590,4265.692
46411,2009-09-24T04:00:00+00:00,-481690,4265.645
46411,2009-09-24T04:15:00+00:00,-480790,4265.603
46411,2009-09-24T04:30:00+00:00,-479890,4265.573
46411,2009-09-24T04:45:00+00:00,-478990,4265.549
46411,2009-09-24T05:00:00+00:00,-478090,4265.535
46411,2009-09-24T05:15:00+00:00,-477190,4265.528
46411,2009-09-24T05:30:00+00:00,-476290,4265.535
46411,2009-09-24T05:45:00+00:00,-475390,4265.549
46411,2009-09-24T06:00:00+00:00,-474490,4265.574
46411,2009-09-24T06:15:00+00:00,-473590,4265.606
46411,2009-09-24T06:30:00+00:00,-472690,4265.645
46411,2009-09-24T06:45:00+00:00,-471790,4265.690
46411,2009-09-24T07:00:00+00:00,-470890,4265.741
46411,2009-09-24T07:15:00+00:00,-469990,4265.797
46411,2009-09-24T07:30:00+00:00,-469090,4265.855
46411,2009-09-24T07:45:00+00:00,-468190,4265.918
46411,2009-09-24T08:00:00+00:00,-467290,4265.983
46411,2009-09-24T08:15:00+00:00,-466390,4266.051
46411,2009-09-24T08:30:00+00:00,-465490,4266.118
46411,2009-09-24T08:45:00+00:00,-464590,4266.187
46411,2009-09-24T09:00:00+00:00,-463690,4266.253
46411,2009-09-24T09:15:00+00:00,-462790,4266.315
46411,2009-09-24T09:30:00+00:00,-461890,4266.376
46411,2009-09-24T09:45:00+00:00,-460990,4266.433
46411,2009-09-24T10:00:00+00:00,-460090,4266.486
46411,2009-09-24T10:15:00+00:00,-459190,4266.530
46411,2009-09-24T10:30:00+00:00,-458290,4266.573
46411,2009-09-24T10:45:00+00:00,-457390,4266.608
46411,2009-09-24T11:00:00+00:00,-456490,4266.636
46411,2009-09-24T11:15:00+00:00,-455590,4266.658
46411,2009-09-24T11:30:00+00:00,-454690,4266.672
46411,2009-09-24T11:45:00+00:00,-453790,4266.681
46411,2009-09-24T12:00:00+00:00,-452890,4266.687
46411,2009-09-24T12:15:00+00:00,-451990,4266.686
46411,2009-09-24T12:30:00+00:00,-451090,4266.685
46411,2009-09-24T12:45:00+00:00,-450190,4266.673
46411,2009-09-24T13:00:00+00:00,-449290,4266.658
46411,2009-09-24T13:15:00+00:00,-448390,4266.641
46411,2009-09-24T13:30:00+00:00,-447490,4266.618
46411,2009-09-24T13:45:00+00:00,-446590,4266.594
46411,2009-09-24T14:00:00+00:00,-445690,4266.568
46411,2009-09-24T14:15:00+00:00,-444790,4266.542
46411,2009-09-24T14:30:00+00:00,-443890,4266.518
46411,2009-09-24T14:45:00+00:00,-442990,4266.495
46411,2009-09-24T15:00:00+00:00,-442090,4266.473
46411,2009-09-24T15:15:00+00:00,-441190,4266.451
46411,2009-09-24T15:30:00+00:00,-440290,4266.433
46411,2009-09-24T15:45:00+00:00,-439390,4266.418
46411,2009-09-24T16:00:00+00:00,-438490,4266.405
46411,2009-09-24T16:15:00+00:00,-437590,4266.398
46411,2009-09-24T16:30:00+00:00,-436690,4266.397
46411,2009-09-24T16:45:00+00:00,-435790,4266.400
46411,2009-09-24T17:00:00+00:00,-434890,4266.408
46411,2009-09-24T17:15:00+00:00,-433990,4266.421
46411,2009-09-24T17:30:00+00:00,-433090,4266.440
46411,2009-09-24T17:45:00+00:00,-432190,4266.460
46411,2009-09-24T18:00:00+00:00,-431290,4266.489
46411,2009-09-24T18:15:00+00:00,-430390,4266.521
46411,2009-09-24T18:30:00+00:00,-429490,4266.559
46411,2009-09-24T18:45:00+00:00,-428590,4266.602
46411,2009-09-24T19:00:00+00:00,-427690,4266.646
46411,2009-09-24T19:15:00+00:00,-426790,4266.695
46411,2009-09-24T19:30:00+00:00,-425890,4266.741
46411,2009-09-24T19:45:00+00:00,-424990,4266.791
46411,2009-09-24T20:00:00+00:00,-424090,4266.839
46411,2009-09-24T20:15:00+00:00,-423190,4266.889
46411,2009-09-24T20:30:00+00:00,-422290,4266.935
46411,2009-09-24T20:45:00+00:00,-421390,4266.977
46411,2009-09-24T21:00:00+00:00,-420490,4267.015
46411,2009-09-24T21:15:00+00:00,-419590,4267.052
46411,2009-09-24T21:30:00+00:00,-418690,4267.080
46411,2009-09-24T21:45:00+00:00,-417790,4267.105
46411,2009-09-24T22:00:00+00:00,-416890,4267.124
46411,2009-09-24T22:15:00+00:00,-415990,4267.138
46411,2009-09-24T22:30:00+00:00,-415090,4267.146
46411,2009-09-24T22:45:00+00:00,-414190,4267.147
46411,2009-09-24T23:00:00+00:00,-413290,4267.139
46411,2009-09-24T23:15:00+00:00,-412390,4267.124
46411,2009-09-24T23:30:00+00:00,-411490,4267.101
46411,2009-09-24T23:45:00+00:00,-410590,4267.071
46411,2009-09-25T00:00:00+00:00,-409690,4267.033
46411,2009-09-25T00:15:00+00:00,-408790,4266.989
46411,2009-09-25T00:30:00+00:00,-407890,4266.936
46411,2009-09-25T00:45:00+00:00,-406990,4266.879
46411,2009-09-25T01:00:00+00:00,-406090,4266.817
46411,2009-09-25T01:15:00+00:00,-405190,4266.749
46411,2009-09-25T01:30:00+00:00,-404290,4266.676
46411,2009-09-25T01:45:00+00:00,-403390,4266.597
46411,2009-09-25T02:00:00+00:00,-402490,4266.519
46411,2009-09-25T02:15:00+00:00,-401590,4266.437
46411,2009-09-25T02:30:00+00:00,-400690,4266.354
46411,2009-09-25T02:45:00+00:00,-399790,4266.273
46411,2009-09-25T03:00:00+00:00,-398890,4266.197
46411,2009-09-25T03:15:00+00:00,-397990,4266.121
46411,2009-09-25T03:30:00+00:00,-397090,4266.051
46411,2009-09-25T03:45:00+00:00,-396190,4265.981
46411,2009-09-25T04:00:00+00:00,-395290,4265.918
46411,2009-09-25T04:15:00+00:00,-394390,4265.859
46411,2009-09-25T04:30:00+00:00,-393490,4265.806
46411,2009-09-25T04:45:00+00:00,-392590,4265.755
46411,2009-09-25T05:00:00+00:00,-391690,4265.714
46411,2009-09-25T05:15:00+00:00,-390790,4265.680
46411,2009-09-25T05:30:00+00:00,-389890,4265.652
46411,2009-09-25T05:45:00+00:00,-388990,4265.634
46411,2009-09-25T06:00:00+00:00,-388090,4265.623
46411,2009-09-25T06:15:00+00:00,-387190,4265.622
46411,2009-09-25T06:30:00+00:00,-386290,4265.626
46411,2009-09-25T06:45:00+00:00,-385390,4265.637
46411,2009-09-25T07:00:00+00:00,-384490,4265.656
46411,2009-09-25T07:15:00+00:00,-383590,4265.685
46411,2009-09-25T07:30:00+00:00,-382690,4265.719
46411,2009-09-25T07:45:00+00:00,-381790,4265.755
46411,2009-09-25T08:00:00+00:00,-380890,4265.802
46411,2009-09-25T08:15:00+00:00,-379990,4265.850
46411,2009-09-25T08:30:00+00:00,-379090,4265.904
46411,2009-09-25T08:45:00+00:00,-378190,4265.962
46411,2009-09-25T09:00:00+00:00,-377290,4266.022
46411,2009-09-25T09:15:00+00:00,-376390,4266.080
46411,2009-09-25T09:30:00+00:00,-375490,4266.141
46411,2009-09-25T09:45:00+00:00,-374590,4266.200
46411,2009-09-25T10:00:00+00:00,-373690,4266.257
46411,2009-09-25T10:15:00+00:00,-372790,4266.312
46411,2009-09-25T10:30:00+00:00,-371890,4266.365
46411,2009-09-25T10:45:00+00:00,-370990,4266.416
46411,2009-09-25T11:00:00+00:00,-370090,4266.461
46411,2009-09-25T11:15:00+00:00,-369190,4266.506
46411,2009-09-25T11:30:00+00:00,-368290,4266.544
46411,2009-09-25T11:45:00+00:00,-367390,4266.580
46411,2009-09-25T12:00:00+00:00,-366490,4266.610
46411,2009-09-25T12:15:00+00:00,-365590,4266.630
46411,2009-09-25T12:30:00+00:00,-364690,4266.651
46411,2009-09-25T12:45:00+00:00,-363790,4266.663
46411,2009-09-25T13:00:00+00:00,-362890,4266.673
46411,2009-09-25T13:15:00+00:00,-361990,4266.677
46411,2009-09-25T13:30:00+00:00,-361090,4266.676
46411,2009-09-25T13:45:00+00:00,-360190,4266.672
46411,2009-09-25T14:00:00+00:00,-359290,4266.668
46411,2009-09-25T14:15:00+00:00,-358390,4266.656
46411,2009-09-25T14:30:00+00:00,-357490,4266.644
46411,2009-09-25T14:45:00+00:00,-356590,4266.628
46411,2009-09-25T15:00:00+00:00,-355690,4266.611
46411,2009-09-25T15:15:00+00:00,-354790,4266.591
46411,2009-09-25T15:30:00+00:00,-353890,4266.574
46411,2009-09-25T15:45:00+00:00,-352990,4266.557
46411,2009-09-25T16:00:00+00:00,-352090,4266.539
46411,2009-09-25T16:15:00+00:00,-351190,4266.526
46411,2009-09-25T16:30:00+00:00,-350290,4266.515
46411,2009-09-25T16:45:00+00:00,-349390,4266.504
46411,2009-09-25T17:00:00+00:00,-348490,4266.497
46411,2009-09-25T17:15:00+00:00,-347590,4266.495
46411,2009-09-25T17:30:00+00:00,-346690,4266.496
46411,2009-09-25T17:45:00+00:00,-345790,4266.497
46411,2009-09-25T18:00:00+00:00,-344890,4266.504
46411,2009-09-25T18:15:00+00:00,-343990,4266.511
46411,2009-09-25T18:30:00+00:00,-343090,4266.526
46411,2009-09-25T18:45:00+00:00,-342190,4266.543
46411,2009-09-25T19:00:00+00:00,-341290,4266.565
46411,2009-09-25T19:15:00+00:00,-340390,4266.589
46411,2009-09-25T19:30:00+00:00,-339490,4266.616
46411,2009-09-25T19:45:00+00:00,-338590,4266.645
46411,2009-09-25T20:00:00+00:00,-337690,4266.678
46411,2009-09-25T20:15:00+00:00,-336790,4266.713
46411,2009-09-25T20:30:00+00:00,-335890,4266.751
46411,2009-09-25T20:45:00+00:00,-334990,4266.790
46411,2009-09-25T21:00:00+00:00,-334090,4266.827
46411,2009-09-25T21:15:00+00:00,-333190,4266.863
46411,2009-09-25T21:30:00+00:00,-332290,4266.901
46411,2009-09-25T21:45:00+00:00,-331390,4266.933
46411,2009-09-25T22:00:00+00:00,-330490,4266.963
46411,2009-09-25T22:15:00+00:00,-329590,4266.994
46411,2009-09-25T22:30:00+00:00,-328690,4267.018
46411,2009-09-25T22:45:00+00:00,-327790,4267.040
46411,2009-09-25T23:00:00+00:00,-326890,4267.051
46411,2009-09-25T23:15:00+00:00,-325990,4267.061
46411,2009-09-25T23:30:00+00:00,-325090,4267.064
46411,2009-09-25T23:45:00+00:00,-324190,4267.061
46411,2009-09-26T00:00:00+00:00,-323290,4267.053
46411,2009-09-26T00:15:00+00:00,-322390,4267.036
46411,2009-09-26T00:30:00+00:00,-321490,4267.017
46411,2009-09-26T00:45:00+00:00,-320590,4266.991
46411,2009-09-26T01:00:00+00:00,-319690,4266.953
46411,2009-09-26T01:15:00+00:00,-318790,4266.914
46411,2009-09-26T01:30:00+00:00,-317890,4266.865
46411,2009-09-26T01:45:00+00:00,-316990,4266.811
46411,2009-09-26T02:00:00+00:00,-316090,4266.751
46411,2009-09-26T02:15:00+00:00,-315190,4266.690
46411,2009-09-26T02:30:00+00:00,-314290,4266.623
46411,2009-09-26T02:45:00+00:00,-313390,4266.556
46411,2009-09-26T03:00:00+00:00,-312490,4266.489
46411,2009-09-26T03:15:00+00:00,-311590,4266.418
46411,2009-09-26T03:30:00+00:00,-310690,4266.349
46411,2009-09-26T03:45:00+00:00,-309790,4266.280
46411,2009-09-26T04:00:00+00:00,-308890,4266.209
46411,2009-09-26T04:15:00+00:00,-307990,4266.141
46411,2009-09-26T04:30:00+00:00,-307090,4266.077
46411,2009-09-26T04:45:00+00:00,-306190,4266.015
46411,2009-09-26T05:00:00+00:00,-305290,4265.956
46411,2009-09-26T05:15:00+00:00,-304390,4265.901
46411,2009-09-26T05:30:00+00:00,-303490,4265.850
46411,2009-09-26T05:45:00+00:00,-302590,4265.806
46411,2009-09-26T06:00:00+00:00,-301690,4265.769
46411,2009-09-26T06:15:00+00:00,-300790,4265.735
46411,2009-09-26T06:30:00+00:00,-299890,4265.707
46411,2009-09-26T06:45:00+00:00,-298990,4265.690
46411,2009-09-26T07:00:00+00:00,-298090,4265.676
46411,2009-09-26T07:15:00+00:00,-297190,4265.669
46411,2009-09-26T07:30:00+00:00,-296290,4265.672
46411,2009-09-26T07:45:00+00:00,-295390,4265.679
46411,2009-09-26T08:00:00+00:00,-294490,4265.692
46411,2009-09-26T08:15:00+00:00,-293590,4265.711
46411,2009-09-26T08:30:00+00:00,-292690,4265.743
46411,2009-09-26T08:45:00+00:00,-291790,4265.775
46411,2009-09-26T09:00:00+00:00,-290890,4265.814
46411,2009-09-26T09:15:00+00:00,-289990,4265.854
46411,2009-09-26T09:30:00+00:00,-289090,4265.900
46411,2009-09-26T09:45:00+00:00,-288190,4265.953
46411,2009-09-26T10:00:00+00:00,-287290,4266.005
46411,2009-09-26T10:15:00+00:00,-286390,4266.059
46411,2009-09-26T10:30:00+00:00,-285490,4266.114
46411,2009-09-26T10:45:00+00:00,-284590,4266.167
46411,2009-09-26T11:00:00+00:00,-283690,4266.223
46411,2009-09-26T11:15:00+00:00,-282790,4266.276
46411,2009-09-26T11:30:00+00:00,-281890,4266.327
46411,2009-09-26T11:45:00+00:00,-280990,4266.379
46411,2009-09-26T12:00:00+00:00,-280090,4266.425
46411,2009-09-26T12:15:00+00:00,-279190,4266.469
46411,2009-09-26T12:30:00+00:00,-278290,4266.510
46411,2009-09-26T12:45:00+00:00,-277390,4266.544
46411,2009-09-26T13:00:00+00:00,-276490,4266.574
46411,2009-09-26T13:15:00+00:00,-275590,4266.603
46411,2009-09-26T13:30:00+00:00,-274690,4266.624
46411,2009-09-26T13:45:00+00:00,-273790,4266.644
46411,2009-09-26T14:00:00+00:00,-272890,4266.656
46411,2009-09-26T14:15:00+00:00,-271990,4266.665
46411,2009-09-26T14:30:00+00:00,-271090,4266.669
46411,2009-09-26T14:45:00+00:00,-270190,4266.672
46411,2009-09-26T15:00:00+00:00,-269290,4266.667
46411,2009-09-26T15:15:00+00:00,-268390,4266.659
46411,2009-09-26T15:30:00+00:00,-267490,4266.650
46411,2009-09-26T15:45:00+00:00,-266590,4266.635
46411,2009-09-26T16:00:00+00:00,-265690,4266.623
46411,2009-09-26T16:15:00+00:00,-264790,4266.610
46411,2009-09-26T16:30:00+00:00,-263890,4266.595
46411,2009-09-26T16:45:00+00:00,-262990,4266.579
46411,2009-09-26T17:00:00+00:00,-262090,4266.567
46411,2009-09-26T17:15:00+00:00,-261190,4266.556
46411,2009-09-26T17:30:00+00:00,-260290,4266.542
46411,2009-09-26T17:45:00+00:00,-259390,4266.532
46411,2009-09-26T18:00:00+00:00,-258490,4266.522
46411,2009-09-26T18:15:00+00:00,-257590,4266.511
46411,2009-09-26T18:30:00+00:00,-256690,4266.509
46411,2009-09-26T18:45:00+00:00,-255790,4266.509
46411,2009-09-26T19:00:00+00:00,-254890,4266.508
46411,2009-09-26T19:15:00+00:00,-253990,4266.510
46411,2009-09-26T19:30:00+00:00,-253090,4266.518
46411,2009-09-26T19:45:00+00:00,-252190,4266.528
46411,2009-09-26T20:00:00+00:00,-251290,4266.542
46411,2009-09-26T20:15:00+00:00,-250390,4266.560
46411,2009-09-26T20:30:00+00:00,-249490,4266.577
46411,2009-09-26T20:45:00+00:00,-248590,4266.603
46411,2009-09-26T21:00:00+00:00,-247690,4266.628
46411,2009-09-26T21:15:00+00:00,-246790,4266.655
46411,2009-09-26T21:30:00+00:00,-245890,4266.687
46411,2009-09-26T21:45:00+00:00,-244990,4266.718
46411,2009-09-26T22:00:00+00:00,-244090,4266.748
46411,2009-09-26T22:15:00+00:00,-243190,4266.781
46411,2009-09-26T22:30:00+00:00,-242290,4266.815
46411,2009-09-26T22:45:00+00:00,-241390,4266.846
46411,2009-09-26T23:00:00+00:00,-240490,4266.874
46411,2009-09-26T23:15:00+00:00,-239590,4266.899
46411,2009-09-26T23:30:00+00:00,-238690,4266.921
46411,2009-09-26T23:45:00+00:00,-237790,4266.940
46411,2009-09-27T00:00:00+00:00,-236890,4266.952
46411,2009-09-27T00:15:00+00:00,-235990,4266.964
46411,2009-09-27T00:30:00+00:00,-235090,4266.970
46411,2009-09-27T00:45:00+00:00,-234190,4266.967
46411,2009-09-27T01:00:00+00:00,-233290,4266.964
46411,2009-09-27T01:15:00+00:00,-232390,4266.950
46411,2009-09-27T01:30:00+00:00,-231490,4266.932
46411,2009-09-27T01:45:00+00:00,-230590,4266.910
46411,2009-09-27T02:00:00+00:00,-229690,4266.879
46411,2009-09-27T02:15:00+00:00,-228790,4266.842
46411,2009-09-27T02:30:00+00:00,-227890,4266.803
46411,2009-09-27T02:45:00+00:00,-226990,4266.762
46411,2009-09-27T03:00:00+00:00,-226090,4266.710
46411,2009-09-27T03:15:00+00:00,-225190,4266.655
46411,2009-09-27T03:30:00+00:00,-224290,4266.599
46411,2009-09-27T03:45:00+00:00,-223390,4266.538
46411,2009-09-27T04:00:00+00:00,-222490,4266.476
46411,2009-09-27T04:15:00+00:00,-221590,4266.412
46411,2009-09-27T04:30:00+00:00,-220690,4266.348
46411,2009-09-27T04:45:00+00:00,-219790,4266.278
46411,2009-09-27T05:00:00+00:00,-218890,4266.212
46411,2009-09-27T05:15:00+00:00,-217990,4266.145
46411,2009-09-27T05:30:00+00:00,-217090,4266.082
46411,2009-09-27T05:45:00+00:00,-216190,4266.022
46411,2009-09-27T06:00:00+00:00,-215290,4265.967
46411,2009-09-27T06:15:00+00:00,-214390,4265.911
46411,2009-09-27T06:30:00+00:00,-213490,4265.863
46411,2009-09-27T06:45:00+00:00,-212590,4265.818
46411,2009-09-27T07:00:00+00:00,-211690,4265.778
46411,2009-09-27T07:15:00+00:00,-210790,4265.746
46411,2009-09-27T07:30:00+00:00,-209890,4265.718
46411,2009-09-27T07:45:00+00:00,-208990,4265.698
46411,2009-09-27T08:00:00+00:00,-208090,4265.683
46411,2009-09-27T08:15:00+00:00,-207190,4265.680
46411,2009-09-27T08:30:00+00:00,-206290,4265.682
46411,2009-09-27T08:45:00+00:00,-205390,4265.690
46411,2009-09-27T09:00:00+00:00,-204490,4265.707
46411,2009-09-27T09:15:00+00:00,-203590,4265.727
46411,2009-09-27T09:30:00+00:00,-202690,4265.754
46411,2009-09-27T09:45:00+00:00,-201790,4265.787
46411,2009-09-27T10:00:00+00:00,-200890,4265.824
46411,2009-09-27T10:15:00+00:00,-199990,4265.867
46411,2009-09-27T10:30:00+00:00,-199090,4265.913
46411,2009-09-27T10:45:00+00:00,-198190,4265.963
46411,2009-09-27T11:00:00+00:00,-197290,4266.013
46411,2009-09-27T11:15:00+00:00,-196390,4266.068
46411,2009-09-27T11:30:00+00:00,-195490,4266.122
46411,2009-09-27T11:45:00+00:00,-194590,4266.179
46411,2009-09-27T12:00:00+00:00,-193690,4266.235
46411,2009-09-27T12:15:00+00:00,-192790,4266.291
46411,2009-09-27T12:30:00+00:00,-191890,4266.345
46411,2009-09-27T12:45:00+00:00,-190990,4266.395
46411,2009-09-27T13:00:00+00:00,-190090,4266.445
46411,2009-09-27T13:15:00+00:00,-189190,4266.491
46411,2009-09-27T13:30:00+00:00,-188290,4266.537
46411,2009-09-27T13:45:00+00:00,-187390,4266.572
46411,2009-09-27T14:00:00+00:00,-186490,4266.607
46411,2009-09-27T14:15:00+00:00,-185590,4266.635
46411,2009-09-27T14:30:00+00:00,-184690,4266.659
46411,2009-09-27T14:45:00+00:00,-183790,4266.676
46411,2009-09-27T15:00:00+00:00,-182890,4266.693
46411,2009-09-27T15:15:00+00:00,-181990,4266.701
46411,2009-09-27T15:30:00+00:00,-181090,4266.704
46411,2009-09-27T15:45:00+00:00,-180190,4266.708
46411,2009-09-27T16:00:00+00:00,-179290,4266.700
46411,2009-09-27T16:15:00+00:00,-178390,4266.693
46411,2009-09-27T16:30:00+00:00,-177490,4266.683
46411,2009-09-27T16:45:00+00:00,-176590,4266.672
46411,2009-09-27T17:00:00+00:00,-175690,4266.656
46411,2009-09-27T17:15:00+00:00,-174790,4266.638
46411,2009-09-27T17:30:00+00:00,-173890,4266.620
46411,2009-09-27T17:45:00+00:00,-172990,4266.599
46411,2009-09-27T18:00:00+00:00,-172090,4266.578
46411,2009-09-27T18:15:00+00:00,-171190,4266.557
46411,2009-09-27T18:30:00+00:00,-170290,4266.537
46411,2009-09-27T18:45:00+00:00,-169390,4266.519
46411,2009-09-27T19:00:00+00:00,-168490,4266.500
46411,2009-09-27T19:15:00+00:00,-167590,4266.487
46411,2009-09-27T19:30:00+00:00,-166690,4266.475
46411,2009-09-27T19:45:00+00:00,-165790,4266.466
46411,2009-09-27T20:00:00+00:00,-164890,4266.458
46411,2009-09-27T20:15:00+00:00,-163990,4266.458
46411,2009-09-27T20:30:00+00:00,-163090,4266.460
46411,2009-09-27T20:45:00+00:00,-162190,4266.466
46411,2009-09-27T21:00:00+00:00,-161290,4266.478
46411,2009-09-27T21:15:00+00:00,-160390,4266.492
46411,2009-09-27T21:30:00+00:00,-159490,4266.509
46411,2009-09-27T21:45:00+00:00,-158590,4266.533
46411,2009-09-27T22:00:00+00:00,-157690,4266.558
46411,2009-09-27T22:15:00+00:00,-156790,4266.581
46411,2009-09-27T22:30:00+00:00,-155890,4266.610
46411,2009-09-27T22:45:00+00:00,-154990,4266.640
46411,2009-09-27T23:00:00+00:00,-154090,4266.674
46411,2009-09-27T23:15:00+00:00,-153190,4266.703
46411,2009-09-27T23:30:00+00:00,-152290,4266.737
46411,2009-09-27T23:45:00+00:00,-151390,4266.766
46411,2009-09-28T00:00:00+00:00,-150490,4266.797
46411,2009-09-28T00:15:00+00:00,-149590,4266.826
46411,2009-09-28T00:30:00+00:00,-148690,4266.852
46411,2009-09-28T00:45:00+00:00,-147790,4266.876
46411,2009-09-28T01:00:00+00:00,-146890,4266.894
46411,2009-09-28T01:15:00+00:00,-145990,4266.912
46411,2009-09-28T01:30:00+00:00,-145090,4266.919
46411,2009-09-28T01:45:00+00:00,-144190,4266.925
46411,2009-09-28T02:00:00+00:00,-143290,4266.922
46411,2009-09-28T02:15:00+00:00,-142390,4266.916
46411,2009-09-28T02:30:00+00:00,-141490,4266.901
46411,2009-09-28T02:45:00+00:00,-140590,4266.883
46411,2009-09-28T03:00:00+00:00,-139690,4266.859
46411,2009-09-28T03:15:00+00:00,-138790,4266.828
46411,2009-09-28T03:30:00+00:00,-137890,4266.793
46411,2009-09-28T03:45:00+00:00,-136990,4266.754
46411,2009-09-28T04:00:00+00:00,-136090,4266.708
46411,2009-09-28T04:15:00+00:00,-135190,4266.657
46411,2009-09-28T04:30:00+00:00,-134290,4266.602
46411,2009-09-28T04:45:00+00:00,-133390,4266.545
46411,2009-09-28T05:00:00+00:00,-132490,4266.482
46411,2009-09-28T05:15:00+00:00,-131590,4266.416
46411,2009-09-28T05:30:00+00:00,-130690,4266.352
46411,2009-09-28T05:45:00+00:00,-129790,4266.287
46411,2009-09-28T06:00:00+00:00,-128890,4266.220
46411,2009-09-28T06:15:00+00:00,-127990,4266.157
46411,2009-09-28T06:30:00+00:00,-127090,4266.094
46411,2009-09-28T06:45:00+00:00,-126190,4266.036
46411,2009-09-28T07:00:00+00:00,-125290,4265.979
46411,2009-09-28T07:15:00+00:00,-124390,4265.925
46411,2009-09-28T07:30:00+00:00,-123490,4265.874
46411,2009-09-28T07:45:00+00:00,-122590,4265.829
46411,2009-09-28T08:00:00+00:00,-121690,4265.790
46411,2009-09-28T08:15:00+00:00,-120790,4265.758
46411,2009-09-28T08:30:00+00:00,-119890,4265.730
46411,2009-09-28T08:45:00+00:00,-118990,4265.711
46411,2009-09-28T09:00:00+00:00,-118090,4265.701
46411,2009-09-28T09:15:00+00:00,-117190,4265.698
46411,2009-09-28T09:30:00+00:00,-116290,4265.703
46411,2009-09-28T09:45:00+00:00,-115390,4265.718
46411,2009-09-28T10:00:00+00:00,-114490,4265.736
46411,2009-09-28T10:15:00+00:00,-113590,4265.762
46411,2009-09-28T10:30:00+00:00,-112690,4265.790
46411,2009-09-28T10:45:00+00:00,-111790,4265.824
46411,2009-09-28T11:00:00+00:00,-110890,4265.867
46411,2009-09-28T11:15:00+00:00,-109990,4265.911
46411,2009-09-28T11:30:00+00:00,-109090,4265.963
46411,2009-09-28T11:45:00+00:00,-108190,4266.017
46411,2009-09-28T12:00:00+00:00,-107290,4266.075
46411,2009-09-28T12:15:00+00:00,-106390,4266.134
46411,2009-09-28T12:30:00+00:00,-105490,4266.192
46411,2009-09-28T12:45:00+00:00,-104590,4266.252
46411,2009-09-28T13:00:00+00:00,-103690,4266.312
46411,2009-09-28T13:15:00+00:00,-102790,4266.373
46411,2009-09-28T13:30:00+00:00,-101890,4266.430
46411,2009-09-28T13:45:00+00:00,-100990,4266.484
46411,2009-09-28T14:00:00+00:00,-100090,4266.534
46411,2009-09-28T14:15:00+00:00,-99190,4266.580
46411,2009-09-28T14:30:00+00:00,-98290,4266.623
46411,2009-09-28T14:45:00+00:00,-97390,4266.660
46411,2009-09-28T15:00:00+00:00,-96490,4266.693
46411,2009-09-28T15:15:00+00:00,-95590,4266.720
46411,2009-09-28T15:30:00+00:00,-94690,4266.742
46411,2009-09-28T15:45:00+00:00,-93790,4266.756
46411,2009-09-28T16:00:00+00:00,-92890,4266.766
46411,2009-09-28T16:15:00+00:00,-91990,4266.770
46411,2009-09-28T16:30:00+00:00,-91090,4266.764
46411,2009-09-28T16:45:00+00:00,-90190,4266.761
46411,2009-09-28T17:00:00+00:00,-89290,4266.751
46411,2009-09-28T17:15:00+00:00,-88390,4266.735
46411,2009-09-28T17:30:00+00:00,-87490,4266.718
46411,2009-09-28T17:45:00+00:00,-86590,4266.699
46411,2009-09-28T18:00:00+00:00,-85690,4266.674
46411,2009-09-28T18:15:00+00:00,-84790,4266.651
46411,2009-09-28T18:30:00+00:00,-83890,4266.625
46411,2009-09-28T18:45:00+00:00,-82990,4266.598
46411,2009-09-28T19:00:00+00:00,-82090,4266.571
46411,2009-09-28T19:15:00+00:00,-81190,4266.545
46411,2009-09-28T19:30:00+00:00,-80290,4266.514
46411,2009-09-28T19:45:00+00:00,-79390,4266.490
46411,2009-09-28T20:00:00+00:00,-78490,4266.463
46411,2009-09-28T20:15:00+00:00,-77590,4266.442
46411,2009-09-28T20:30:00+00:00,-76690,4266.424
46411,2009-09-28T20:45:00+00:00,-75790,4266.413
46411,2009-09-28T21:00:00+00:00,-74890,4266.403
46411,2009-09-28T21:15:00+00:00,-73990,4266.399
46411,2009-09-28T21:30:00+00:00,-73090,4266.401
46411,2009-09-28T21:45:00+00:00,-72190,4266.405
46411,2009-09-28T22:00:00+00:00,-71290,4266.417
46411,2009-09-28T22:15:00+00:00,-70390,4266.431
46411,2009-09-28T22:30:00+00:00,-69490,4266.451
46411,2009-09-28T22:45:00+00:00,-68590,4266.473
46411,2009-09-28T23:00:00+00:00,-67690,4266.497
46411,2009-09-28T23:15:00+00:00,-66790,4266.528
46411,2009-09-28T23:30:00+00:00,-65890,4266.558
46411,2009-09-28T23:45:00+00:00,-64990,4266.593
46411,2009-09-29T00:00:00+00:00,-64090,4266.628
46411,2009-09-29T00:15:00+00:00,-63190,4266.663
46411,2009-09-29T00:30:00+00:00,-62290,4266.702
46411,2009-09-29T00:45:00+00:00,-61390,4266.740
46411,2009-09-29T01:00:00+00:00,-60490,4266.780
46411,2009-09-29T01:15:00+00:00,-59590,4266.812
46411,2009-09-29T01:30:00+00:00,-58690,4266.845
46411,2009-09-29T01:45:00+00:00,-57790,4266.871
46411,2009-09-29T02:00:00+00:00,-56890,4266.894
46411,2009-09-29T02:15:00+00:00,-55990,4266.914
46411,2009-09-29T02:30:00+00:00,-55090,4266.928
46411,2009-09-29T02:45:00+00:00,-54190,4266.937
46411,2009-09-29T03:00:00+00:00,-53290,4266.939
46411,2009-09-29T03:15:00+00:00,-52390,4266.936
46411,2009-09-29T03:30:00+00:00,-51490,4266.925
46411,2009-09-29T03:45:00+00:00,-50590,4266.908
46411,2009-09-29T04:00:00+00:00,-49690,4266.884
46411,2009-09-29T04:15:00+00:00,-48790,4266.855
46411,2009-09-29T04:30:00+00:00,-47890,4266.817
46411,2009-09-29T04:45:00+00:00,-46990,4266.775
46411,2009-09-29T05:00:00+00:00,-46090,4266.727
46411,2009-09-29T05:15:00+00:00,-45190,4266.675
46411,2009-09-29T05:30:00+00:00,-44290,4266.616
46411,2009-09-29T05:45:00+00:00,-43390,4266.555
46411,2009-09-29T06:00:00+00:00,-42490,4266.492
46411,2009-09-29T06:15:00+00:00,-41590,4266.424
46411,2009-09-29T06:30:00+00:00,-40690,4266.356
46411,2009-09-29T06:45:00+00:00,-39790,4266.289
46411,2009-09-29T07:00:00+00:00,-38890,4266.221
46411,2009-09-29T07:15:00+00:00,-37990,4266.155
46411,2009-09-29T07:30:00+00:00,-37090,4266.089
46411,2009-09-29T07:45:00+00:00,-36190,4266.025
46411,2009-09-29T08:00:00+00:00,-35290,4265.967
46411,2009-09-29T08:15:00+00:00,-34390,4265.915
46411,2009-09-29T08:30:00+00:00,-33490,4265.866
46411,2009-09-29T08:45:00+00:00,-32590,4265.822
46411,2009-09-29T09:00:00+00:00,-31690,4265.786
46411,2009-09-29T09:15:00+00:00,-30790,4265.757
46411,2009-09-29T09:30:00+00:00,-29890,4265.737
46411,2009-09-29T09:45:00+00:00,-28990,4265.723
46411,2009-09-29T10:00:00+00:00,-28090,4265.718
46411,2009-09-29T10:15:00+00:00,-27190,4265.721
46411,2009-09-29T10:30:00+00:00,-26290,4265.732
46411,2009-09-29T10:45:00+00:00,-25390,4265.751
46411,2009-09-29T11:00:00+00:00,-24490,4265.773
46411,2009-09-29T11:15:00+00:00,-23590,4265.805
46411,2009-09-29T11:30:00+00:00,-22690,4265.842
46411,2009-09-29T11:45:00+00:00,-21790,4265.885
46411,2009-09-29T12:00:00+00:00,-20890,4265.935
46411,2009-09-29T12:15:00+00:00,-19990,4265.986
46411,2009-09-29T12:30:00+00:00,-19090,4266.043
46411,2009-09-29T12:45:00+00:00,-18190,4266.105
46411,2009-09-29T13:00:00+00:00,-17290,4266.167
46411,2009-09-29T13:15:00+00:00,-16390,4266.232
46411,2009-09-29T13:30:00+00:00,-15490,4266.296
46411,2009-09-29T13:45:00+00:00,-14590,4266.361
46411,2009-09-29T14:00:00+00:00,-13690,4266.427
46411,2009-09-29T14:15:00+00:00,-12790,4266.488
46411,2009-09-29T14:30:00+00:00,-11890,4266.548
46411,2009-09-29T14:45:00+00:00,-10990,4266.599
46411,2009-09-29T15:00:00+00:00,-10090,4266.647
46411,2009-09-29T15:15:00+00:00,-9190,4266.690
46411,2009-09-29T15:30:00+00:00,-8290,4266.726
46411,2009-09-29T15:45:00+00:00,-7390,4266.759
46411,2009-09-29T16:00:00+00:00,-6490,4266.787
46411,2009-09-29T16:15:00+00:00,-5590,4266.808
46411,2009-09-29T16:30:00+00:00,-4690,4266.823
46411,2009-09-29T16:45:00+00:00,-3790,4266.832
