station_id,timestamp_utc,seconds_from_origin,height_m
51425,2009-08-30T19:15:00+00:00,-2586790,4962.347
51425,2009-08-30T19:30:00+00:00,-2585890,4962.311
51425,2009-08-30T19:45:00+00:00,-2584990,4962.280
51425,2009-08-30T20:00:00+00:00,-2584090,4962.254
51425,2009-08-30T20:15:00+00:00,-2583190,4962.237
51425,2009-08-30T20:30:00+00:00,-2582290,4962.225
51425,2009-08-30T20:45:00+00:00,-2581390,4962.220
51425,2009-08-30T21:00:00+00:00,-2580490,4962.223
51425,2009-08-30T21:15:00+00:00,-2579590,4962.227
51425,2009-08-30T21:30:00+00:00,-2578690,4962.240
51425,2009-08-30T21:45:00+00:00,-2577790,4962.258
51425,2009-08-30T22:00:00+00:00,-2576890,4962.281
51425,2009-08-30T22:15:00+00:00,-2575990,4962.310
51425,2009-08-30T22:30:00+00:00,-2575090,4962.345
51425,2009-08-30T22:45:00+00:00,-2574190,4962.379
51425,2009-08-30T23:00:00+00:00,-2573290,4962.419
51425,2009-08-30T23:15:00+00:00,-2572390,4962.463
51425,2009-08-30T23:30:00+00:00,-2571490,4962.510
51425,2009-08-30T23:45:00+00:00,-2570590,4962.561
51425,2009-08-31T00:00:00+00:00,-2569690,4962.612
51425,2009-08-31T00:15:00+00:00,-2568790,4962.662
51425,2009-08-31T00:30:00+00:00,-2567890,4962.712
51425,2009-08-31T00:45:00+00:00,-2566990,4962.763
51425,2009-08-31T01:00:00+00:00,-2566090,4962.807
51425,2009-08-31T01:15:00+00:00,-2565190,4962.850
51425,2009-08-31T01:30:00+00:00,-2564290,4962.884
51425,2009-08-31T01:45:00+00:00,-2563390,4962.916
51425,2009-08-31T02:00:00+00:00,-2562490,4962.940
51425,2009-08-31T02:15:00+00:00,-2561590,4962.960
51425,2009-08-31T02:30:00+00:00,-2560690,4962.972
51425,2009-08-31T02:45:00+00:00,-2559790,4962.980
51425,2009-08-31T03:00:00+00:00,-2558890,4962.984
51425,2009-08-31T03:15:00+00:00,-2557990,4962.979
51425,2009-08-31T03:30:00+00:00,-2557090,4962.967
51425,2009-08-31T03:45:00+00:00,-2556190,4962.954
51425,2009-08-31T04:00:00+00:00,-2555290,4962.929
51425,2009-08-31T04:15:00+00:00,-2554390,4962.903
51425,2009-08-31T04:30:00+00:00,-2553490,4962.870
51425,2009-08-31T04:45:00+00:00,-2552590,4962.833
51425,2009-08-31T05:00:00+00:00,-2551690,4962.792
51425,2009-08-31T05:15:00+00:00,-2550790,4962.746
51425,2009-08-31T05:30:00+00:00,-2549890,4962.702
51425,2009-08-31T05:45:00+00:00,-2548990,4962.653
51425,2009-08-31T06:00:00+00:00,-2548090,4962.604
51425,2009-08-31T06:15:00+00:00,-2547190,4962.554
51425,2009-08-31T06:30:00+00:00,-2546290,4962.506
51425,2009-08-31T06:45:00+00:00,-2545390,4962.461
51425,2009-08-31T07:00:00+00:00,-2544490,4962.419
51425,2009-08-31T07:15:00+00:00,-2543590,4962.379
51425,2009-08-31T07:30:00+00:00,-2542690,4962.343
51425,2009-08-31T07:45:00+00:00,-2541790,4962.315
51425,2009-08-31T08:00:00+00:00,-2540890,4962.293
51425,2009-08-31T08:15:00+00:00,-2539990,4962.275
51425,2009-08-31T08:30:00+00:00,-2539090,4962.265
51425,2009-08-31T08:45:00+00:00,-2538190,4962.257
51425,2009-08-31T09:00:00+00:00,-2537290,4962.258
51425,2009-08-31T09:15:00+00:00,-2536390,4962.265
51425,2009-08-31T09:30:00+00:00,-2535490,4962.281
51425,2009-08-31T09:45:00+00:00,-2534590,4962.303
51425,2009-08-31T10:00:00+00:00,-2533690,4962.332
51425,2009-08-31T10:15:00+00:00,-2532790,4962.365
51425,2009-08-31T10:30:00+00:00,-2531890,4962.404
51425,2009-08-31T10:45:00+00:00,-2530990,4962.449
51425,2009-08-31T11:00:00+00:00,-2530090,4962.498
51425,2009-08-31T11:15:00+00:00,-2529190,4962.550
51425,2009-08-31T11:30:00+00:00,-2528290,4962.605
51425,2009-08-31T11:45:00+00:00,-2527390,4962.663
51425,2009-08-31T12:00:00+00:00,-2526490,4962.723
51425,2009-08-31T12:15:00+00:00,-2525590,4962.780
51425,2009-08-31T12:30:00+00:00,-2524690,4962.838
51425,2009-08-31T12:45:00+00:00,-2523790,4962.895
51425,2009-08-31T13:00:00+00:00,-2522890,4962.946
51425,2009-08-31T13:15:00+00:00,-2521990,4962.994
51425,2009-08-31T13:30:00+00:00,-2521090,4963.039
51425,2009-08-31T13:45:00+00:00,-2520190,4963.077
51425,2009-08-31T14:00:00+00:00,-2519290,4963.109
51425,2009-08-31T14:15:00+00:00,-2518390,4963.136
51425,2009-08-31T14:30:00+00:00,-2517490,4963.155
51425,2009-08-31T14:45:00+00:00,-2516590,4963.168
51425,2009-08-31T15:00:00+00:00,-2515690,4963.174
51425,2009-08-31T15:15:00+00:00,-2514790,4963.172
51425,2009-08-31T15:30:00+00:00,-2513890,4963.163
51425,2009-08-31T15:45:00+00:00,-2512990,4963.145
51425,2009-08-31T16:00:00+00:00,-2512090,4963.121
51425,2009-08-31T16:15:00+00:00,-2511190,4963.091
51425,2009-08-31T16:30:00+00:00,-2510290,4963.053
51425,2009-08-31T16:45:00+00:00,-2509390,4963.008
51425,2009-08-31T17:00:00+00:00,-2508490,4962.959
51425,2009-08-31T17:15:00+00:00,-2507590,4962.906
51425,2009-08-31T17:30:00+00:00,-2506690,4962.850
51425,2009-08-31T17:45:00+00:00,-2505790,4962.787
51425,2009-08-31T18:00:00+00:00,-2504890,4962.722
51425,2009-08-31T18:15:00+00:00,-2503990,4962.659
51425,2009-08-31T18:30:00+00:00,-2503090,4962.593
51425,2009-08-31T18:45:00+00:00,-2502190,4962.527
51425,2009-08-31T19:00:00+00:00,-2501290,4962.466
51425,2009-08-31T19:15:00+00:00,-2500390,4962.407
51425,2009-08-31T19:30:00+00:00,-2499490,4962.353
51425,2009-08-31T19:45:00+00:00,-2498590,4962.305
51425,2009-08-31T20:00:00+00:00,-2497690,4962.260
51425,2009-08-31T20:15:00+00:00,-2496790,4962.223
51425,2009-08-31T20:30:00+00:00,-2495890,4962.191
51425,2009-08-31T20:45:00+00:00,-2494990,4962.167
51425,2009-08-31T21:00:00+00:00,-2494090,4962.151
51425,2009-08-31T21:15:00+00:00,-2493190,4962.143
51425,2009-08-31T21:30:00+00:00,-2492290,4962.145
51425,2009-08-31T21:45:00+00:00,-2491390,4962.149
51425,2009-08-31T22:00:00+00:00,-2490490,4962.161
51425,2009-08-31T22:15:00+00:00,-2489590,4962.181
51425,2009-08-31T22:30:00+00:00,-2488690,4962.209
51425,2009-08-31T22:45:00+00:00,-2487790,4962.242
51425,2009-08-31T23:00:00+00:00,-2486890,4962.280
51425,2009-08-31T23:15:00+00:00,-2485990,4962.325
51425,2009-08-31T23:30:00+00:00,-2485090,4962.373
51425,2009-08-31T23:45:00+00:00,-2484190,4962.427
51425,2009-09-01T00:00:00+00:00,-2483290,4962.483
51425,2009-09-01T00:15:00+00:00,-2482390,4962.543
51425,2009-09-01T00:30:00+00:00,-2481490,4962.604
51425,2009-09-01T00:45:00+00:00,-2480590,4962.666
51425,2009-09-01T01:00:00+00:00,-2479690,4962.726
51425,2009-09-01T01:15:00+00:00,-2478790,4962.783
51425,2009-09-01T01:30:00+00:00,-2477890,4962.839
51425,2009-09-01T01:45:00+00:00,-2476990,4962.886
51425,2009-09-01T02:00:00+00:00,-2476090,4962.932
51425,2009-09-01T02:15:00+00:00,-2475190,4962.973
51425,2009-09-01T02:30:00+00:00,-2474290,4963.007
51425,2009-09-01T02:45:00+00:00,-2473390,4963.033
51425,2009-09-01T03:00:00+00:00,-2472490,4963.055
51425,2009-09-01T03:15:00+00:00,-2471590,4963.067
51425,2009-09-01T03:30:00+00:00,-2470690,4963.074
51425,2009-09-01T03:45:00+00:00,-2469790,4963.072
51425,2009-09-01T04:00:00+00:00,-2468890,4963.062
51425,2009-09-01T04:15:00+00:00,-2467990,4963.043
51425,2009-09-01T04:30:00+00:00,-2467090,4963.018
51425,2009-09-01T04:45:00+00:00,-2466190,4962.984
51425,2009-09-01T05:00:00+00:00,-2465290,4962.945
51425,2009-09-01T05:15:00+00:00,-2464390,4962.900
51425,2009-09-01T05:30:00+00:00,-2463490,4962.850
51425,2009-09-01T05:45:00+00:00,-2462590,4962.798
51425,2009-09-01T06:00:00+00:00,-2461690,4962.741
51425,2009-09-01T06:15:00+00:00,-2460790,4962.683
51425,2009-09-01T06:30:00+00:00,-2459890,4962.623
51425,2009-09-01T06:45:00+00:00,-2458990,4962.563
51425,2009-09-01T07:00:00+00:00,-2458090,4962.501
51425,2009-09-01T07:15:00+00:00,-2457190,4962.442
51425,2009-09-01T07:30:00+00:00,-2456290,4962.388
51425,2009-09-01T07:45:00+00:00,-2455390,4962.339
51425,2009-09-01T08:00:00+00:00,-2454490,4962.296
51425,2009-09-01T08:15:00+00:00,-2453590,4962.257
51425,2009-09-01T08:30:00+00:00,-2452690,4962.223
51425,2009-09-01T08:45:00+00:00,-2451790,4962.199
51425,2009-09-01T09:00:00+00:00,-2450890,4962.183
51425,2009-09-01T09:15:00+00:00,-2449990,4962.173
51425,2009-09-01T09:30:00+00:00,-2449090,4962.168
51425,2009-09-01T09:45:00+00:00,-2448190,4962.176
51425,2009-09-01T10:00:00+00:00,-2447290,4962.194
51425,2009-09-01T10:15:00+00:00,-2446390,4962.217
51425,2009-09-01T10:30:00+00:00,-2445490,4962.248
51425,2009-09-01T10:45:00+00:00,-2444590,4962.286
51425,2009-09-01T11:00:00+00:00,-2443690,4962.331
51425,2009-09-01T11:15:00+00:00,-2442790,4962.382
51425,2009-09-01T11:30:00+00:00,-2441890,4962.435
51425,2009-09-01T11:45:00+00:00,-2440990,4962.494
51425,2009-09-01T12:00:00+00:00,-2440090,4962.556
51425,2009-09-01T12:15:00+00:00,-2439190,4962.622
51425,2009-09-01T12:30:00+00:00,-2438290,4962.687
51425,2009-09-01T12:45:00+00:00,-2437390,4962.755
51425,2009-09-01T13:00:00+00:00,-2436490,4962.820
51425,2009-09-01T13:15:00+00:00,-2435590,4962.885
51425,2009-09-01T13:30:00+00:00,-2434690,4962.946
51425,2009-09-01T13:45:00+00:00,-2433790,4963.001
51425,2009-09-01T14:00:00+00:00,-2432890,4963.055
51425,2009-09-01T14:15:00+00:00,-2431990,4963.103
51425,2009-09-01T14:30:00+00:00,-2431090,4963.145
51425,2009-09-01T14:45:00+00:00,-2430190,4963.180
51425,2009-09-01T15:00:00+00:00,-2429290,4963.206
51425,2009-09-01T15:15:00+00:00,-2428390,4963.225
51425,2009-09-01T15:30:00+00:00,-2427490,4963.234
51425,2009-09-01T15:45:00+00:00,-2426590,4963.234
51425,2009-09-01T16:00:00+00:00,-2425690,4963.224
51425,2009-09-01T16:15:00+00:00,-2424790,4963.205
51425,2009-09-01T16:30:00+00:00,-2423890,4963.178
51425,2009-09-01T16:45:00+00:00,-2422990,4963.143
51425,2009-09-01T17:00:00+00:00,-2422090,4963.102
51425,2009-09-01T17:15:00+00:00,-2421190,4963.053
51425,2009-09-01T17:30:00+00:00,-2420290,4962.996
51425,2009-09-01T17:45:00+00:00,-2419390,4962.935
51425,2009-09-01T18:00:00+00:00,-2418490,4962.870
51425,2009-09-01T18:15:00+00:00,-2417590,4962.804
51425,2009-09-01T18:30:00+00:00,-2416690,4962.730
51425,2009-09-01T18:45:00+00:00,-2415790,4962.659
51425,2009-09-01T19:00:00+00:00,-2414890,4962.584
51425,2009-09-01T19:15:00+00:00,-2413990,4962.516
51425,2009-09-01T19:30:00+00:00,-2413090,4962.446
51425,2009-09-01T19:45:00+00:00,-2412190,4962.382
51425,2009-09-01T20:00:00+00:00,-2411290,4962.321
51425,2009-09-01T20:15:00+00:00,-2410390,4962.265
51425,2009-09-01T20:30:00+00:00,-2409490,4962.215
51425,2009-09-01T20:45:00+00:00,-2408590,4962.172
51425,2009-09-01T21:00:00+00:00,-2407690,4962.138
51425,2009-09-01T21:15:00+00:00,-2406790,4962.111
51425,2009-09-01T21:30:00+00:00,-2405890,4962.089
51425,2009-09-01T21:45:00+00:00,-2404990,4962.079
51425,2009-09-01T22:00:00+00:00,-2404090,4962.078
51425,2009-09-01T22:15:00+00:00,-2403190,4962.086
51425,2009-09-01T22:30:00+00:00,-2402290,4962.100
51425,2009-09-01T22:45:00+00:00,-2401390,4962.123
51425,2009-09-01T23:00:00+00:00,-2400490,4962.152
51425,2009-09-01T23:15:00+00:00,-2399590,4962.191
51425,2009-09-01T23:30:00+00:00,-2398690,4962.233
51425,2009-09-01T23:45:00+00:00,-2397790,4962.285
51425,2009-09-02T00:00:00+00:00,-2396890,4962.344
51425,2009-09-02T00:15:00+00:00,-2395990,4962.406
51425,2009-09-02T00:30:00+00:00,-2395090,4962.473
51425,2009-09-02T00:45:00+00:00,-2394190,4962.542
51425,2009-09-02T01:00:00+00:00,-2393290,4962.612
51425,2009-09-02T01:15:00+00:00,-2392390,4962.685
51425,2009-09-02T01:30:00+00:00,-2391490,4962.752
51425,2009-09-02T01:45:00+00:00,-2390590,4962.817
51425,2009-09-02T02:00:00+00:00,-2389690,4962.876
51425,2009-09-02T02:15:00+00:00,-2388790,4962.932
51425,2009-09-02T02:30:00+00:00,-2387890,4962.986
51425,2009-09-02T02:45:00+00:00,-2386990,4963.033
51425,2009-09-02T03:00:00+00:00,-2386090,4963.072
51425,2009-09-02T03:15:00+00:00,-2385190,4963.102
51425,2009-09-02T03:30:00+00:00,-2384290,4963.122
51425,2009-09-02T03:45:00+00:00,-2383390,4963.132
51425,2009-09-02T04:00:00+00:00,-2382490,4963.136
51425,2009-09-02T04:15:00+00:00,-2381590,4963.132
51425,2009-09-02T04:30:00+00:00,-2380690,4963.121
51425,2009-09-02T04:45:00+00:00,-2379790,4963.101
51425,2009-09-02T05:00:00+00:00,-2378890,4963.070
51425,2009-09-02T05:15:00+00:00,-2377990,4963.032
51425,2009-09-02T05:30:00+00:00,-2377090,4962.990
51425,2009-09-02T05:45:00+00:00,-2376190,4962.938
51425,2009-09-02T06:00:00+00:00,-2375290,4962.882
51425,2009-09-02T06:15:00+00:00,-2374390,4962.817
51425,2009-09-02T06:30:00+00:00,-2373490,4962.755
51425,2009-09-02T06:45:00+00:00,-2372590,4962.687
51425,2009-09-02T07:00:00+00:00,-2371690,4962.619
51425,2009-09-02T07:15:00+00:00,-2370790,4962.556
51425,2009-09-02T07:30:00+00:00,-2369890,4962.491
51425,2009-09-02T07:45:00+00:00,-2368990,4962.424
51425,2009-09-02T08:00:00+00:00,-2368090,4962.364
51425,2009-09-02T08:15:00+00:00,-2367190,4962.307
51425,2009-09-02T08:30:00+00:00,-2366290,4962.257
51425,2009-09-02T08:45:00+00:00,-2365390,4962.214
51425,2009-09-02T09:00:00+00:00,-2364490,4962.177
51425,2009-09-02T09:15:00+00:00,-2363590,4962.152
51425,2009-09-02T09:30:00+00:00,-2362690,4962.133
51425,2009-09-02T09:45:00+00:00,-2361790,4962.120
51425,2009-09-02T10:00:00+00:00,-2360890,4962.120
51425,2009-09-02T10:15:00+00:00,-2359990,4962.127
51425,2009-09-02T10:30:00+00:00,-2359090,4962.144
51425,2009-09-02T10:45:00+00:00,-2358190,4962.174
51425,2009-09-02T11:00:00+00:00,-2357290,4962.207
51425,2009-09-02T11:15:00+00:00,-2356390,4962.248
51425,2009-09-02T11:30:00+00:00,-2355490,4962.296
51425,2009-09-02T11:45:00+00:00,-2354590,4962.351
51425,2009-09-02T12:00:00+00:00,-2353690,4962.413
51425,2009-09-02T12:15:00+00:00,-2352790,4962.480
51425,2009-09-02T12:30:00+00:00,-2351890,4962.550
51425,2009-09-02T12:45:00+00:00,-2350990,4962.624
51425,2009-09-02T13:00:00+00:00,-2350090,4962.698
51425,2009-09-02T13:15:00+00:00,-2349190,4962.770
51425,2009-09-02T13:30:00+00:00,-2348290,4962.846
51425,2009-09-02T13:45:00+00:00,-2347390,4962.916
51425,2009-09-02T14:00:00+00:00,-2346490,4962.983
51425,2009-09-02T14:15:00+00:00,-2345590,4963.049
51425,2009-09-02T14:30:00+00:00,-2344690,4963.111
51425,2009-09-02T14:45:00+00:00,-2343790,4963.163
51425,2009-09-02T15:00:00+00:00,-2342890,4963.209
51425,2009-09-02T15:15:00+00:00,-2341990,4963.245
51425,2009-09-02T15:30:00+00:00,-2341090,4963.272
51425,2009-09-02T15:45:00+00:00,-2340190,4963.287
51425,2009-09-02T16:00:00+00:00,-2339290,4963.295
51425,2009-09-02T16:15:00+00:00,-2338390,4963.292
51425,2009-09-02T16:30:00+00:00,-2337490,4963.282
51425,2009-09-02T16:45:00+00:00,-2336590,4963.265
51425,2009-09-02T17:00:00+00:00,-2335690,4963.237
51425,2009-09-02T17:15:00+00:00,-2334790,4963.199
51425,2009-09-02T17:30:00+00:00,-2333890,4963.152
51425,2009-09-02T17:45:00+00:00,-2332990,4963.098
51425,2009-09-02T18:00:00+00:00,-2332090,4963.038
51425,2009-09-02T21:15:00+00:00,-2320390,4962.122
51425,2009-09-02T21:30:00+00:00,-2319490,4962.086
51425,2009-09-02T21:45:00+00:00,-2318590,4962.057
51425,2009-09-02T22:00:00+00:00,-2317690,4962.036
51425,2009-09-02T22:15:00+00:00,-2316790,4962.026
51425,2009-09-02T22:30:00+00:00,-2315890,4962.023
51425,2009-09-02T22:45:00+00:00,-2314990,4962.035
51425,2009-09-02T23:00:00+00:00,-2314090,4962.053
51425,2009-09-02T23:15:00+00:00,-2313190,4962.083
51425,2009-09-02T23:30:00+00:00,-2312290,4962.122
51425,2009-09-02T23:45:00+00:00,-2311390,4962.170
51425,2009-09-03T00:00:00+00:00,-2310490,4962.225
51425,2009-09-03T00:15:00+00:00,-2309590,4962.285
51425,2009-09-03T00:30:00+00:00,-2308690,4962.352
51425,2009-09-03T00:45:00+00:00,-2307790,4962.425
51425,2009-09-03T01:00:00+00:00,-2306890,4962.498
51425,2009-09-03T01:15:00+00:00,-2305990,4962.576
51425,2009-09-03T01:30:00+00:00,-2305090,4962.653
51425,2009-09-03T01:45:00+00:00,-2304190,4962.730
51425,2009-09-03T02:00:00+00:00,-2303290,4962.803
51425,2009-09-03T02:15:00+00:00,-2302390,4962.878
51425,2009-09-03T02:30:00+00:00,-2301490,4962.944
51425,2009-09-03T02:45:00+00:00,-2300590,4963.003
51425,2009-09-03T03:00:00+00:00,-2299690,4963.059
51425,2009-09-03T03:15:00+00:00,-2298790,4963.105
51425,2009-09-03T03:30:00+00:00,-2297890,4963.146
51425,2009-09-03T03:45:00+00:00,-2296990,4963.178
51425,2009-09-03T04:00:00+00:00,-2296090,4963.200
51425,2009-09-03T04:15:00+00:00,-2295190,4963.215
51425,2009-09-03T04:30:00+00:00,-2294290,4963.216
51425,2009-09-03T04:45:00+00:00,-2293390,4963.209
51425,2009-09-03T05:00:00+00:00,-2292490,4963.194
51425,2009-09-03T05:15:00+00:00,-2291590,4963.168
51425,2009-09-03T05:30:00+00:00,-2290690,4963.133
51425,2009-09-03T05:45:00+00:00,-2289790,4963.091
51425,2009-09-03T06:00:00+00:00,-2288890,4963.039
51425,2009-09-03T06:15:00+00:00,-2287990,4962.980
51425,2009-09-03T06:30:00+00:00,-2287090,4962.915
51425,2009-09-03T06:45:00+00:00,-2286190,4962.847
51425,2009-09-03T07:00:00+00:00,-2285290,4962.774
51425,2009-09-03T07:15:00+00:00,-2284390,4962.698
51425,2009-09-03T07:30:00+00:00,-2283490,4962.622
51425,2009-09-03T07:45:00+00:00,-2282590,4962.547
51425,2009-09-03T08:00:00+00:00,-2281690,4962.474
51425,2009-09-03T08:15:00+00:00,-2280790,4962.404
51425,2009-09-03T08:30:00+00:00,-2279890,4962.334
51425,2009-09-03T08:45:00+00:00,-2278990,4962.270
51425,2009-09-03T09:00:00+00:00,-2278090,4962.214
51425,2009-09-03T09:15:00+00:00,-2277190,4962.166
51425,2009-09-03T09:30:00+00:00,-2276290,4962.125
51425,2009-09-03T09:45:00+00:00,-2275390,4962.094
51425,2009-09-03T10:00:00+00:00,-2274490,4962.072
51425,2009-09-03T10:15:00+00:00,-2273590,4962.059
51425,2009-09-03T10:30:00+00:00,-2272690,4962.061
51425,2009-09-03T10:45:00+00:00,-2271790,4962.071
51425,2009-09-03T11:00:00+00:00,-2270890,4962.091
51425,2009-09-03T11:15:00+00:00,-2269990,4962.121
51425,2009-09-03T11:30:00+00:00,-2269090,4962.159
51425,2009-09-03T11:45:00+00:00,-2268190,4962.204
51425,2009-09-03T12:00:00+00:00,-2267290,4962.257
51425,2009-09-03T12:15:00+00:00,-2266390,4962.318
51425,2009-09-03T12:30:00+00:00,-2265490,4962.384
51425,2009-09-03T12:45:00+00:00,-2264590,4962.457
51425,2009-09-03T13:00:00+00:00,-2263690,4962.530
51425,2009-09-03T13:15:00+00:00,-2262790,4962.609
51425,2009-09-03T13:30:00+00:00,-2261890,4962.689
51425,2009-09-03T13:45:00+00:00,-2260990,4962.772
51425,2009-09-03T14:00:00+00:00,-2260090,4962.854
51425,2009-09-03T14:15:00+00:00,-2259190,4962.934
51425,2009-09-03T14:30:00+00:00,-2258290,4963.010
51425,2009-09-03T14:45:00+00:00,-2257390,4963.080
51425,2009-09-03T15:00:00+00:00,-2256490,4963.145
51425,2009-09-03T15:15:00+00:00,-2255590,4963.199
51425,2009-09-03T15:30:00+00:00,-2254690,4963.249
51425,2009-09-03T15:45:00+00:00,-2253790,4963.289
51425,2009-09-03T16:00:00+00:00,-2252890,4963.321
51425,2009-09-03T16:15:00+00:00,-2251990,4963.340
51425,2009-09-03T16:30:00+00:00,-2251090,4963.349
51425,2009-09-03T16:45:00+00:00,-2250190,4963.348
51425,2009-09-03T17:00:00+00:00,-2249290,4963.337
51425,2009-09-03T17:15:00+00:00,-2248390,4963.313
51425,2009-09-03T17:30:00+00:00,-2247490,4963.281
51425,2009-09-03T17:45:00+00:00,-2246590,4963.238
51425,2009-09-03T18:00:00+00:00,-2245690,4963.187
51425,2009-09-03T18:15:00+00:00,-2244790,4963.125
51425,2009-09-03T18:30:00+00:00,-2243890,4963.057
51425,2009-09-03T18:45:00+00:00,-2242990,4962.984
51425,2009-09-03T19:00:00+00:00,-2242090,4962.907
51425,2009-09-03T19:15:00+00:00,-2241190,4962.823
51425,2009-09-03T19:30:00+00:00,-2240290,4962.739
51425,2009-09-03T19:45:00+00:00,-2239390,4962.655
51425,2009-09-03T20:00:00+00:00,-2238490,4962.570
51425,2009-09-03T20:15:00+00:00,-2237590,4962.490
51425,2009-09-03T20:30:00+00:00,-2236690,4962.408
51425,2009-09-03T20:45:00+00:00,-2235790,4962.336
51425,2009-09-03T21:00:00+00:00,-2234890,4962.265
51425,2009-09-03T21:15:00+00:00,-2233990,4962.200
51425,2009-09-03T21:30:00+00:00,-2233090,4962.143
51425,2009-09-03T21:45:00+00:00,-2232190,4962.094
51425,2009-09-03T22:00:00+00:00,-2231290,4962.053
51425,2009-09-03T22:15:00+00:00,-2230390,4962.023
51425,2009-09-03T22:30:00+00:00,-2229490,4962.005
51425,2009-09-03T22:45:00+00:00,-2228590,4961.998
51425,2009-09-03T23:00:00+00:00,-2227690,4962.001
51425,2009-09-03T23:15:00+00:00,-2226790,4962.014
51425,2009-09-03T23:30:00+00:00,-2225890,4962.037
51425,2009-09-03T23:45:00+00:00,-2224990,4962.070
51425,2009-09-04T00:00:00+00:00,-2224090,4962.110
51425,2009-09-04T00:15:00+00:00,-2223190,4962.163
51425,2009-09-04T00:30:00+00:00,-2222290,4962.226
51425,2009-09-04T00:45:00+00:00,-2221390,4962.293
51425,2009-09-04T01:00:00+00:00,-2220490,4962.366
51425,2009-09-04T01:15:00+00:00,-2219590,4962.442
51425,2009-09-04T01:30:00+00:00,-2218690,4962.520
51425,2009-09-04T01:45:00+00:00,-2217790,4962.600
51425,2009-09-04T02:00:00+00:00,-2216890,4962.681
51425,2009-09-04T02:15:00+00:00,-2215990,4962.763
51425,2009-09-04T02:30:00+00:00,-2215090,4962.843
51425,2009-09-04T02:45:00+00:00,-2214190,4962.920
51425,2009-09-04T03:00:00+00:00,-2213290,4962.990
51425,2009-09-04T03:15:00+00:00,-2212390,4963.056
51425,2009-09-04T03:30:00+00:00,-2211490,4963.114
51425,2009-09-04T03:45:00+00:00,-2210590,4963.164
51425,2009-09-04T04:00:00+00:00,-2209690,4963.206
51425,2009-09-04T04:15:00+00:00,-2208790,4963.239
51425,2009-09-04T04:30:00+00:00,-2207890,4963.260
51425,2009-09-04T04:45:00+00:00,-2206990,4963.271
51425,2009-09-04T05:00:00+00:00,-2206090,4963.274
51425,2009-09-04T05:15:00+00:00,-2205190,4963.265
51425,2009-09-04T05:30:00+00:00,-2204290,4963.247
51425,2009-09-04T05:45:00+00:00,-2203390,4963.218
51425,2009-09-04T06:00:00+00:00,-2202490,4963.177
51425,2009-09-04T06:15:00+00:00,-2201590,4963.129
51425,2009-09-04T06:30:00+00:00,-2200690,4963.072
51425,2009-09-04T06:45:00+00:00,-2199790,4963.006
51425,2009-09-04T07:00:00+00:00,-2198890,4962.936
51425,2009-09-04T07:15:00+00:00,-2197990,4962.863
51425,2009-09-04T07:30:00+00:00,-2197090,4962.785
51425,2009-09-04T07:45:00+00:00,-2196190,4962.703
51425,2009-09-04T08:00:00+00:00,-2195290,4962.622
51425,2009-09-04T08:15:00+00:00,-2194390,4962.541
51425,2009-09-04T08:30:00+00:00,-2193490,4962.460
51425,2009-09-04T08:45:00+00:00,-2192590,4962.383
51425,2009-09-04T09:00:00+00:00,-2191690,4962.309
51425,2009-09-04T09:15:00+00:00,-2190790,4962.240
51425,2009-09-04T09:30:00+00:00,-2189890,4962.180
51425,2009-09-04T09:45:00+00:00,-2188990,4962.131
51425,2009-09-04T10:00:00+00:00,-2188090,4962.090
51425,2009-09-04T10:15:00+00:00,-2187190,4962.058
51425,2009-09-04T10:30:00+00:00,-2186290,4962.038
51425,2009-09-04T10:45:00+00:00,-2185390,4962.026
51425,2009-09-04T11:00:00+00:00,-2184490,4962.022
51425,2009-09-04T11:15:00+00:00,-2183590,4962.031
51425,2009-09-04T11:30:00+00:00,-2182690,4962.050
51425,2009-09-04T11:45:00+00:00,-2181790,4962.080
51425,2009-09-04T12:00:00+00:00,-2180890,4962.120
51425,2009-09-04T12:15:00+00:00,-2179990,4962.167
51425,2009-09-04T12:30:00+00:00,-2179090,4962.223
51425,2009-09-04T12:45:00+00:00,-2178190,4962.286
51425,2009-09-04T13:00:00+00:00,-2177290,4962.356
51425,2009-09-04T13:15:00+00:00,-2176390,4962.435
51425,2009-09-04T13:30:00+00:00,-2175490,4962.515
51425,2009-09-04T13:45:00+00:00,-2174590,4962.599
51425,2009-09-04T14:00:00+00:00,-2173690,4962.684
51425,2009-09-04T14:15:00+00:00,-2172790,4962.768
51425,2009-09-04T14:30:00+00:00,-2171890,4962.851
51425,2009-09-04T14:45:00+00:00,-2170990,4962.933
51425,2009-09-04T15:00:00+00:00,-2170090,4963.011
51425,2009-09-04T15:15:00+00:00,-2169190,4963.087
51425,2009-09-04T15:30:00+00:00,-2168290,4963.154
51425,2009-09-04T15:45:00+00:00,-2167390,4963.213
51425,2009-09-04T16:00:00+00:00,-2166490,4963.265
51425,2009-09-04T16:15:00+00:00,-2165590,4963.302
51425,2009-09-04T16:30:00+00:00,-2164690,4963.331
51425,2009-09-04T16:45:00+00:00,-2163790,4963.349
51425,2009-09-04T17:00:00+00:00,-2162890,4963.357
51425,2009-09-04T17:15:00+00:00,-2161990,4963.352
51425,2009-09-04T17:30:00+00:00,-2161090,4963.340
51425,2009-09-04T17:45:00+00:00,-2160190,4963.317
51425,2009-09-04T18:00:00+00:00,-2159290,4963.281
51425,2009-09-04T18:15:00+00:00,-2158390,4963.235
51425,2009-09-04T18:30:00+00:00,-2157490,4963.179
51425,2009-09-04T18:45:00+00:00,-2156590,4963.120
51425,2009-09-04T19:00:00+00:00,-2155690,4963.049
51425,2009-09-04T19:15:00+00:00,-2154790,4962.974
51425,2009-09-04T19:30:00+00:00,-2153890,4962.893
51425,2009-09-04T19:45:00+00:00,-2152990,4962.811
51425,2009-09-04T20:00:00+00:00,-2152090,4962.722
51425,2009-09-04T20:15:00+00:00,-2151190,4962.636
51425,2009-09-04T20:30:00+00:00,-2150290,4962.550
51425,2009-09-04T20:45:00+00:00,-2149390,4962.466
51425,2009-09-04T21:00:00+00:00,-2148490,4962.384
51425,2009-09-04T21:15:00+00:00,-2147590,4962.306
51425,2009-09-04T21:30:00+00:00,-2146690,4962.236
51425,2009-09-04T21:45:00+00:00,-2145790,4962.168
51425,2009-09-04T22:00:00+00:00,-2144890,4962.111
51425,2009-09-04T22:15:00+00:00,-2143990,4962.063
51425,2009-09-04T22:30:00+00:00,-2143090,4962.023
51425,2009-09-04T22:45:00+00:00,-2142190,4961.995
51425,2009-09-04T23:00:00+00:00,-2141290,4961.978
51425,2009-09-04T23:15:00+00:00,-2140390,4961.971
51425,2009-09-04T23:30:00+00:00,-2139490,4961.976
51425,2009-09-04T23:45:00+00:00,-2138590,4961.994
51425,2009-09-05T00:00:00+00:00,-2137690,4962.019
51425,2009-09-05T00:15:00+00:00,-2136790,4962.054
51425,2009-09-05T00:30:00+00:00,-2135890,4962.101
51425,2009-09-05T00:45:00+00:00,-2134990,4962.156
51425,2009-09-05T01:00:00+00:00,-2134090,4962.220
51425,2009-09-05T01:15:00+00:00,-2133190,4962.292
51425,2009-09-05T01:30:00+00:00,-2132290,4962.371
51425,2009-09-05T01:45:00+00:00,-2131390,4962.452
51425,2009-09-05T02:00:00+00:00,-2130490,4962.536
51425,2009-09-05T02:15:00+00:00,-2129590,4962.618
51425,2009-09-05T02:30:00+00:00,-2128690,4962.704
51425,2009-09-05T02:45:00+00:00,-2127790,4962.789
51425,2009-09-05T03:00:00+00:00,-2126890,4962.869
51425,2009-09-05T03:15:00+00:00,-2125990,4962.945
51425,2009-09-05T03:30:00+00:00,-2125090,4963.017
51425,2009-09-05T03:45:00+00:00,-2124190,4963.084
51425,2009-09-05T04:00:00+00:00,-2123290,4963.143
51425,2009-09-05T04:15:00+00:00,-2122390,4963.196
51425,2009-09-05T04:30:00+00:00,-2121490,4963.236
51425,2009-09-05T04:45:00+00:00,-2120590,4963.268
51425,2009-09-05T05:00:00+00:00,-2119690,4963.290
51425,2009-09-05T05:15:00+00:00,-2118790,4963.303
51425,2009-09-05T05:30:00+00:00,-2117890,4963.303
51425,2009-09-05T05:45:00+00:00,-2116990,4963.292
51425,2009-09-05T06:00:00+00:00,-2116090,4963.268
51425,2009-09-05T06:15:00+00:00,-2115190,4963.237
51425,2009-09-05T06:30:00+00:00,-2114290,4963.195
51425,2009-09-05T06:45:00+00:00,-2113390,4963.144
51425,2009-09-05T07:00:00+00:00,-2112490,4963.088
51425,2009-09-05T07:15:00+00:00,-2111590,4963.022
51425,2009-09-05T07:30:00+00:00,-2110690,4962.949
51425,2009-09-05T07:45:00+00:00,-2109790,4962.874
51425,2009-09-05T08:00:00+00:00,-2108890,4962.795
51425,2009-09-05T08:15:00+00:00,-2107990,4962.712
51425,2009-09-05T08:30:00+00:00,-2107090,4962.627
51425,2009-09-05T08:45:00+00:00,-2106190,4962.541
51425,2009-09-05T09:00:00+00:00,-2105290,4962.460
51425,2009-09-05T09:15:00+00:00,-2104390,4962.380
51425,2009-09-05T09:30:00+00:00,-2103490,4962.303
51425,2009-09-05T09:45:00+00:00,-2102590,4962.234
51425,2009-09-05T10:00:00+00:00,-2101690,4962.172
51425,2009-09-05T10:15:00+00:00,-2100790,4962.116
51425,2009-09-05T10:30:00+00:00,-2099890,4962.072
51425,2009-09-05T10:45:00+00:00,-2098990,4962.040
51425,2009-09-05T11:00:00+00:00,-2098090,4962.015
51425,2009-09-05T11:15:00+00:00,-2097190,4962.000
51425,2009-09-05T11:30:00+00:00,-2096290,4961.994
51425,2009-09-05T11:45:00+00:00,-2095390,4962.002
51425,2009-09-05T12:00:00+00:00,-2094490,4962.023
51425,2009-09-05T12:15:00+00:00,-2093590,4962.053
51425,2009-09-05T12:30:00+00:00,-2092690,4962.090
51425,2009-09-05T12:45:00+00:00,-2091790,4962.137
51425,2009-09-05T13:00:00+00:00,-2090890,4962.198
51425,2009-09-05T13:15:00+00:00,-2089990,4962.263
51425,2009-09-05T13:30:00+00:00,-2089090,4962.332
51425,2009-09-05T13:45:00+00:00,-2088190,4962.409
51425,2009-09-05T14:00:00+00:00,-2087290,4962.489
51425,2009-09-05T14:15:00+00:00,-2086390,4962.573
51425,2009-09-05T14:30:00+00:00,-2085490,4962.661
51425,2009-09-05T14:45:00+00:00,-2084590,4962.746
51425,2009-09-05T15:00:00+00:00,-2083690,4962.831
51425,2009-09-05T15:15:00+00:00,-2082790,4962.914
51425,2009-09-05T15:30:00+00:00,-2081890,4962.993
51425,2009-09-05T15:45:00+00:00,-2080990,4963.065
51425,2009-09-05T16:00:00+00:00,-2080090,4963.129
51425,2009-09-05T16:15:00+00:00,-2079190,4963.187
51425,2009-09-05T16:30:00+00:00,-2078290,4963.239
51425,2009-09-05T16:45:00+00:00,-2077390,4963.281
51425,2009-09-05T17:00:00+00:00,-2076490,4963.312
51425,2009-09-05T17:15:00+00:00,-2075590,4963.328
51425,2009-09-05T17:30:00+00:00,-2074690,4963.336
51425,2009-09-05T17:45:00+00:00,-2073790,4963.332
51425,2009-09-05T18:00:00+00:00,-2072890,4963.319
51425,2009-09-05T18:15:00+00:00,-2071990,4963.296
51425,2009-09-05T18:30:00+00:00,-2071090,4963.261
51425,2009-09-05T18:45:00+00:00,-2070190,4963.218
51425,2009-09-05T19:00:00+00:00,-2069290,4963.165
51425,2009-09-05T19:15:00+00:00,-2068390,4963.102
51425,2009-09-05T19:30:00+00:00,-2067490,4963.035
51425,2009-09-05T19:45:00+00:00,-2066590,4962.959
51425,2009-09-05T20:00:00+00:00,-2065690,4962.880
51425,2009-09-05T20:15:00+00:00,-2064790,4962.798
51425,2009-09-05T20:30:00+00:00,-2063890,4962.715
51425,2009-09-05T20:45:00+00:00,-2062990,4962.630
51425,2009-09-05T21:00:00+00:00,-2062090,4962.542
51425,2009-09-05T21:15:00+00:00,-2061190,4962.458
51425,2009-09-05T21:30:00+00:00,-2060290,4962.378
51425,2009-09-05T21:45:00+00:00,-2059390,4962.302
51425,2009-09-05T22:00:00+00:00,-2058490,4962.226
51425,2009-09-05T22:15:00+00:00,-2057590,4962.164
51425,2009-09-05T22:30:00+00:00,-2056690,4962.107
51425,2009-09-05T22:45:00+00:00,-2055790,4962.061
51425,2009-09-05T23:00:00+00:00,-2054890,4962.021
51425,2009-09-05T23:15:00+00:00,-2053990,4961.991
51425,2009-09-05T23:30:00+00:00,-2053090,4961.976
51425,2009-09-05T23:45:00+00:00,-2052190,4961.972
51425,2009-09-06T00:00:00+00:00,-2051290,4961.979
51425,2009-09-06T00:15:00+00:00,-2050390,4961.997
51425,2009-09-06T00:30:00+00:00,-2049490,4962.026
51425,2009-09-06T00:45:00+00:00,-2048590,4962.067
51425,2009-09-06T01:00:00+00:00,-2047690,4962.116
51425,2009-09-06T01:15:00+00:00,-2046790,4962.174
51425,2009-09-06T01:30:00+00:00,-2045890,4962.240
51425,2009-09-06T01:45:00+00:00,-2044990,4962.309
51425,2009-09-06T02:00:00+00:00,-2044090,4962.385
51425,2009-09-06T02:15:00+00:00,-2043190,4962.467
51425,2009-09-06T02:30:00+00:00,-2042290,4962.550
51425,2009-09-06T02:45:00+00:00,-2041390,4962.635
51425,2009-09-06T03:00:00+00:00,-2040490,4962.718
51425,2009-09-06T03:15:00+00:00,-2039590,4962.804
51425,2009-09-06T03:30:00+00:00,-2038690,4962.882
51425,2009-09-06T03:45:00+00:00,-2037790,4962.962
51425,2009-09-06T04:00:00+00:00,-2036890,4963.037
51425,2009-09-06T04:15:00+00:00,-2035990,4963.105
51425,2009-09-06T04:30:00+00:00,-2035090,4963.165
51425,2009-09-06T04:45:00+00:00,-2034190,4963.218
51425,2009-09-06T05:00:00+00:00,-2033290,4963.257
51425,2009-09-06T05:15:00+00:00,-2032390,4963.289
51425,2009-09-06T05:30:00+00:00,-2031490,4963.308
51425,2009-09-06T05:45:00+00:00,-2030590,4963.315
51425,2009-09-06T06:00:00+00:00,-2029690,4963.315
51425,2009-09-06T06:15:00+00:00,-2028790,4963.301
51425,2009-09-06T06:30:00+00:00,-2027890,4963.279
51425,2009-09-06T06:45:00+00:00,-2026990,4963.247
51425,2009-09-06T07:00:00+00:00,-2026090,4963.205
51425,2009-09-06T07:15:00+00:00,-2025190,4963.156
51425,2009-09-06T07:30:00+00:00,-2024290,4963.100
51425,2009-09-06T07:45:00+00:00,-2023390,4963.038
51425,2009-09-06T08:00:00+00:00,-2022490,4962.968
51425,2009-09-06T08:15:00+00:00,-2021590,4962.893
51425,2009-09-06T08:30:00+00:00,-2020690,4962.813
51425,2009-09-06T08:45:00+00:00,-2019790,4962.731
51425,2009-09-06T09:00:00+00:00,-2018890,4962.645
51425,2009-09-06T09:15:00+00:00,-2017990,4962.562
51425,2009-09-06T09:30:00+00:00,-2017090,4962.483
51425,2009-09-06T09:45:00+00:00,-2016190,4962.401
51425,2009-09-06T10:00:00+00:00,-2015290,4962.328
51425,2009-09-06T10:15:00+00:00,-2014390,4962.260
51425,2009-09-06T10:30:00+00:00,-2013490,4962.198
51425,2009-09-06T10:45:00+00:00,-2012590,4962.143
51425,2009-09-06T11:00:00+00:00,-2011690,4962.101
51425,2009-09-06T11:15:00+00:00,-2010790,4962.064
51425,2009-09-06T11:30:00+00:00,-2009890,4962.037
51425,2009-09-06T11:45:00+00:00,-2008990,4962.024
51425,2009-09-06T12:00:00+00:00,-2008090,4962.022
51425,2009-09-06T12:15:00+00:00,-2007190,4962.030
51425,2009-09-06T12:30:00+00:00,-2006290,4962.044
51425,2009-09-06T12:45:00+00:00,-2005390,4962.069
51425,2009-09-06T13:00:00+00:00,-2004490,4962.105
51425,2009-09-06T13:15:00+00:00,-2003590,4962.151
51425,2009-09-06T13:30:00+00:00,-2002690,4962.206
51425,2009-09-06T13:45:00+00:00,-2001790,4962.269
51425,2009-09-06T14:00:00+00:00,-2000890,4962.337
51425,2009-09-06T14:15:00+00:00,-1999990,4962.413
51425,2009-09-06T14:30:00+00:00,-1999090,4962.491
51425,2009-09-06T14:45:00+00:00,-1998190,4962.573
51425,2009-09-06T15:00:00+00:00,-1997290,4962.660
51425,2009-09-06T15:15:00+00:00,-1996390,4962.747
51425,2009-09-06T15:30:00+00:00,-1995490,4962.830
51425,2009-09-06T15:45:00+00:00,-1994590,4962.908
51425,2009-09-06T16:00:00+00:00,-1993690,4962.986
51425,2009-09-06T16:15:00+00:00,-1992790,4963.059
51425,2009-09-06T16:30:00+00:00,-1991890,4963.123
51425,2009-09-06T16:45:00+00:00,-1990990,4963.183
51425,2009-09-06T17:00:00+00:00,-1990090,4963.233
51425,2009-09-06T17:15:00+00:00,-1989190,4963.275
51425,2009-09-06T17:30:00+00:00,-1988290,4963.306
51425,2009-09-06T17:45:00+00:00,-1987390,4963.325
51425,2009-09-06T18:00:00+00:00,-1986490,4963.335
51425,2009-09-06T18:15:00+00:00,-1985590,4963.334
51425,2009-09-06T18:30:00+00:00,-1984690,4963.323
51425,2009-09-06T18:45:00+00:00,-1983790,4963.299
51425,2009-09-06T19:00:00+00:00,-1982890,4963.266
51425,2009-09-06T19:15:00+00:00,-1981990,4963.224
51425,2009-09-06T19:30:00+00:00,-1981090,4963.173
51425,2009-09-06T19:45:00+00:00,-1980190,4963.116
51425,2009-09-06T20:00:00+00:00,-1979290,4963.050
51425,2009-09-06T20:15:00+00:00,-1978390,4962.978
51425,2009-09-06T20:30:00+00:00,-1977490,4962.901
51425,2009-09-06T20:45:00+00:00,-1976590,4962.821
51425,2009-09-06T21:00:00+00:00,-1975690,4962.738
51425,2009-09-06T21:15:00+00:00,-1974790,4962.656
51425,2009-09-06T21:30:00+00:00,-1973890,4962.574
51425,2009-09-06T21:45:00+00:00,-1972990,4962.489
51425,2009-09-06T22:00:00+00:00,-1972090,4962.407
51425,2009-09-06T22:15:00+00:00,-1971190,4962.329
51425,2009-09-06T22:30:00+00:00,-1970290,4962.260
51425,2009-09-06T22:45:00+00:00,-1969390,4962.197
51425,2009-09-06T23:00:00+00:00,-1968490,4962.142
51425,2009-09-06T23:15:00+00:00,-1967590,4962.096
51425,2009-09-06T23:30:00+00:00,-1966690,4962.059
51425,2009-09-06T23:45:00+00:00,-1965790,4962.034
51425,2009-09-07T00:00:00+00:00,-1964890,4962.019
51425,2009-09-07T00:15:00+00:00,-1963990,4962.014
51425,2009-09-07T00:30:00+00:00,-1963090,4962.022
51425,2009-09-07T00:45:00+00:00,-1962190,4962.042
51425,2009-09-07T01:00:00+00:00,-1961290,4962.071
51425,2009-09-07T01:15:00+00:00,-1960390,4962.109
51425,2009-09-07T01:30:00+00:00,-1959490,4962.158
51425,2009-09-07T01:45:00+00:00,-1958590,4962.211
51425,2009-09-07T02:00:00+00:00,-1957690,4962.273
51425,2009-09-07T02:15:00+00:00,-1956790,4962.342
51425,2009-09-07T02:30:00+00:00,-1955890,4962.416
51425,2009-09-07T02:45:00+00:00,-1954990,4962.491
51425,2009-09-07T03:00:00+00:00,-1954090,4962.575
51425,2009-09-07T03:15:00+00:00,-1953190,4962.656
51425,2009-09-07T03:30:00+00:00,-1952290,4962.739
51425,2009-09-07T03:45:00+00:00,-1951390,4962.820
51425,2009-09-07T04:00:00+00:00,-1950490,4962.901
51425,2009-09-07T04:15:00+00:00,-1949590,4962.976
51425,2009-09-07T04:30:00+00:00,-1948690,4963.046
51425,2009-09-07T04:45:00+00:00,-1947790,4963.112
51425,2009-09-07T05:00:00+00:00,-1946890,4963.168
51425,2009-09-07T05:15:00+00:00,-1945990,4963.217
51425,2009-09-07T05:30:00+00:00,-1945090,4963.256
51425,2009-09-07T05:45:00+00:00,-1944190,4963.286
51425,2009-09-07T06:00:00+00:00,-1943290,4963.305
51425,2009-09-07T06:15:00+00:00,-1942390,4963.317
51425,2009-09-07T06:30:00+00:00,-1941490,4963.318
51425,2009-09-07T06:45:00+00:00,-1940590,4963.307
51425,2009-09-07T07:00:00+00:00,-1939690,4963.287
51425,2009-09-07T07:15:00+00:00,-1938790,4963.260
51425,2009-09-07T07:30:00+00:00,-1937890,4963.221
51425,2009-09-07T07:45:00+00:00,-1936990,4963.176
51425,2009-09-07T08:00:00+00:00,-1936090,4963.124
51425,2009-09-07T08:15:00+00:00,-1935190,4963.063
51425,2009-09-07T08:30:00+00:00,-1934290,4962.993
51425,2009-09-07T08:45:00+00:00,-1933390,4962.924
51425,2009-09-07T09:00:00+00:00,-1932490,4962.849
51425,2009-09-07T09:15:00+00:00,-1931590,4962.771
51425,2009-09-07T09:30:00+00:00,-1930690,4962.692
51425,2009-09-07T09:45:00+00:00,-1929790,4962.612
51425,2009-09-07T10:00:00+00:00,-1928890,4962.535
51425,2009-09-07T10:15:00+00:00,-1927990,4962.457
51425,2009-09-07T10:30:00+00:00,-1927090,4962.384
51425,2009-09-07T10:45:00+00:00,-1926190,4962.317
51425,2009-09-07T11:00:00+00:00,-1925290,4962.258
51425,2009-09-07T11:15:00+00:00,-1924390,4962.203
51425,2009-09-07T11:30:00+00:00,-1923490,4962.154
51425,2009-09-07T11:45:00+00:00,-1922590,4962.116
51425,2009-09-07T12:00:00+00:00,-1921690,4962.088
51425,2009-09-07T12:15:00+00:00,-1920790,4962.070
51425,2009-09-07T12:30:00+00:00,-1919890,4962.063
51425,2009-09-07T12:45:00+00:00,-1918990,4962.064
51425,2009-09-07T13:00:00+00:00,-1918090,4962.074
51425,2009-09-07T13:15:00+00:00,-1917190,4962.096
51425,2009-09-07T13:30:00+00:00,-1916290,4962.128
51425,2009-09-07T13:45:00+00:00,-1915390,4962.168
51425,2009-09-07T14:00:00+00:00,-1914490,4962.216
51425,2009-09-07T14:15:00+00:00,-1913590,4962.277
51425,2009-09-07T14:30:00+00:00,-1912690,4962.341
51425,2009-09-07T14:45:00+00:00,-1911790,4962.411
51425,2009-09-07T15:00:00+00:00,-1910890,4962.484
51425,2009-09-07T15:15:00+00:00,-1909990,4962.560
51425,2009-09-07T15:30:00+00:00,-1909090,4962.636
51425,2009-09-07T15:45:00+00:00,-1908190,4962.715
51425,2009-09-07T16:00:00+00:00,-1907290,4962.795
51425,2009-09-07T16:15:00+00:00,-1906390,4962.870
51425,2009-09-07T16:30:00+00:00,-1905490,4962.942
51425,2009-09-07T16:45:00+00:00,-1904590,4963.007
51425,2009-09-07T17:00:00+00:00,-1903690,4963.069
51425,2009-09-07T17:15:00+00:00,-1902790,4963.125
51425,2009-09-07T17:30:00+00:00,-1901890,4963.172
51425,2009-09-07T17:45:00+00:00,-1900990,4963.209
51425,2009-09-07T18:00:00+00:00,-1900090,4963.240
51425,2009-09-07T18:15:00+00:00,-1899190,4963.258
51425,2009-09-07T18:30:00+00:00,-1898290,4963.272
51425,2009-09-07T18:45:00+00:00,-1897390,4963.271
51425,2009-09-07T19:00:00+00:00,-1896490,4963.262
51425,2009-09-07T19:15:00+00:00,-1895590,4963.245
51425,2009-09-07T19:30:00+00:00,-1894690,4963.221
51425,2009-09-07T19:45:00+00:00,-1893790,4963.182
51425,2009-09-07T20:00:00+00:00,-1892890,4963.139
51425,2009-09-07T20:15:00+00:00,-1891990,4963.088
51425,2009-09-07T20:30:00+00:00,-1891090,4963.031
51425,2009-09-07T20:45:00+00:00,-1890190,4962.969
51425,2009-09-07T21:00:00+00:00,-1889290,4962.897
51425,2009-09-07T21:15:00+00:00,-1888390,4962.826
51425,2009-09-07T21:30:00+00:00,-1887490,4962.751
51425,2009-09-07T21:45:00+00:00,-1886590,4962.674
51425,2009-09-07T22:00:00+00:00,-1885690,4962.599
51425,2009-09-07T22:15:00+00:00,-1884790,4962.522
51425,2009-09-07T22:30:00+00:00,-1883890,4962.451
51425,2009-09-07T22:45:00+00:00,-1882990,4962.381
51425,2009-09-07T23:00:00+00:00,-1882090,4962.318
51425,2009-09-07T23:15:00+00:00,-1881190,4962.259
51425,2009-09-07T23:30:00+00:00,-1880290,4962.208
51425,2009-09-07T23:45:00+00:00,-1879390,4962.166
51425,2009-09-08T00:00:00+00:00,-1878490,4962.127
51425,2009-09-08T00:15:00+00:00,-1877590,4962.103
51425,2009-09-08T00:30:00+00:00,-1876690,4962.086
51425,2009-09-08T00:45:00+00:00,-1875790,4962.080
51425,2009-09-08T01:00:00+00:00,-1874890,4962.082
51425,2009-09-08T01:15:00+00:00,-1873990,4962.098
51425,2009-09-08T01:30:00+00:00,-1873090,4962.120
51425,2009-09-08T01:45:00+00:00,-1872190,4962.154
51425,2009-09-08T02:00:00+00:00,-1871290,4962.195
51425,2009-09-08T02:15:00+00:00,-1870390,4962.243
51425,2009-09-08T02:30:00+00:00,-1869490,4962.298
51425,2009-09-08T02:45:00+00:00,-1868590,4962.360
51425,2009-09-08T03:00:00+00:00,-1867690,4962.427
51425,2009-09-08T03:15:00+00:00,-1866790,4962.501
51425,2009-09-08T03:30:00+00:00,-1865890,4962.574
51425,2009-09-08T03:45:00+00:00,-1864990,4962.651
51425,2009-09-08T04:00:00+00:00,-1864090,4962.727
51425,2009-09-08T04:15:00+00:00,-1863190,4962.803
51425,2009-09-08T04:30:00+00:00,-1862290,4962.878
51425,2009-09-08T04:45:00+00:00,-1861390,4962.951
51425,2009-09-08T05:00:00+00:00,-1860490,4963.021
51425,2009-09-08T05:15:00+00:00,-1859590,4963.081
51425,2009-09-08T05:30:00+00:00,-1858690,4963.138
51425,2009-09-08T05:45:00+00:00,-1857790,4963.185
51425,2009-09-08T06:00:00+00:00,-1856890,4963.223
51425,2009-09-08T06:15:00+00:00,-1855990,4963.253
51425,2009-09-08T06:30:00+00:00,-1855090,4963.277
51425,2009-09-08T06:45:00+00:00,-1854190,4963.290
51425,2009-09-08T07:00:00+00:00,-1853290,4963.291
51425,2009-09-08T07:15:00+00:00,-1852390,4963.284
51425,2009-09-08T07:30:00+00:00,-1851490,4963.266
51425,2009-09-08T07:45:00+00:00,-1850590,4963.242
51425,2009-09-08T08:00:00+00:00,-1849690,4963.212
51425,2009-09-08T08:15:00+00:00,-1848790,4963.172
51425,2009-09-08T08:30:00+00:00,-1847890,4963.124
51425,2009-09-08T08:45:00+00:00,-1846990,4963.069
51425,2009-09-08T09:00:00+00:00,-1846090,4963.008
51425,2009-09-08T09:15:00+00:00,-1845190,4962.945
51425,2009-09-08T09:30:00+00:00,-1844290,4962.878
51425,2009-09-08T09:45:00+00:00,-1843390,4962.807
51425,2009-09-08T10:00:00+00:00,-1842490,4962.734
51425,2009-09-08T10:15:00+00:00,-1841590,4962.661
51425,2009-09-08T10:30:00+00:00,-1840690,4962.591
51425,2009-09-08T10:45:00+00:00,-1839790,4962.521
51425,2009-09-08T11:00:00+00:00,-1838890,4962.453
51425,2009-09-08T11:15:00+00:00,-1837990,4962.389
51425,2009-09-08T11:30:00+00:00,-1837090,4962.328
51425,2009-09-08T11:45:00+00:00,-1836190,4962.272
51425,2009-09-08T12:00:00+00:00,-1835290,4962.224
51425,2009-09-08T12:15:00+00:00,-1834390,4962.185
51425,2009-09-08T12:30:00+00:00,-1833490,4962.156
51425,2009-09-08T12:45:00+00:00,-1832590,4962.133
51425,2009-09-08T13:00:00+00:00,-1831690,4962.119
51425,2009-09-08T13:15:00+00:00,-1830790,4962.115
51425,2009-09-08T13:30:00+00:00,-1829890,4962.121
51425,2009-09-08T13:45:00+00:00,-1828990,4962.136
51425,2009-09-08T14:00:00+00:00,-1828090,4962.157
51425,2009-09-08T14:15:00+00:00,-1827190,4962.187
51425,2009-09-08T14:30:00+00:00,-1826290,4962.224
51425,2009-09-08T14:45:00+00:00,-1825390,4962.272
51425,2009-09-08T15:00:00+00:00,-1824490,4962.324
51425,2009-09-08T15:15:00+00:00,-1823590,4962.383
51425,2009-09-08T15:30:00+00:00,-1822690,4962.444
51425,2009-09-08T15:45:00+00:00,-1821790,4962.505
51425,2009-09-08T16:00:00+00:00,-1820890,4962.571
51425,2009-09-08T16:15:00+00:00,-1819990,4962.638
51425,2009-09-08T16:30:00+00:00,-1819090,4962.705
51425,2009-09-08T16:45:00+00:00,-1818190,4962.775
51425,2009-09-08T17:00:00+00:00,-1817290,4962.837
51425,2009-09-08T17:15:00+00:00,-1816390,4962.899
51425,2009-09-08T17:30:00+00:00,-1815490,4962.959
51425,2009-09-08T17:45:00+00:00,-1814590,4963.014
51425,2009-09-08T18:00:00+00:00,-1813690,4963.057
51425,2009-09-08T18:15:00+00:00,-1812790,4963.095
51425,2009-09-08T18:30:00+00:00,-1811890,4963.124
51425,2009-09-08T18:45:00+00:00,-1810990,4963.147
51425,2009-09-08T19:00:00+00:00,-1810090,4963.160
51425,2009-09-08T19:15:00+00:00,-1809190,4963.163
51425,2009-09-08T19:30:00+00:00,-1808290,4963.158
51425,2009-09-08T19:45:00+00:00,-1807390,4963.145
51425,2009-09-08T20:00:00+00:00,-1806490,4963.130
51425,2009-09-08T20:15:00+00:00,-1805590,4963.104
51425,2009-09-08T20:30:00+00:00,-1804690,4963.072
51425,2009-09-08T20:45:00+00:00,-1803790,4963.035
51425,2009-09-08T21:00:00+00:00,-1802890,4962.985
51425,2009-09-08T21:15:00+00:00,-1801990,4962.933
51425,2009-09-08T21:30:00+00:00,-1801090,4962.875
51425,2009-09-08T21:45:00+00:00,-1800190,4962.811
51425,2009-09-08T22:00:00+00:00,-1799290,4962.746
51425,2009-09-08T22:15:00+00:00,-1798390,4962.682
51425,2009-09-08T22:30:00+00:00,-1797490,4962.614
51425,2009-09-08T22:45:00+00:00,-1796590,4962.547
51425,2009-09-08T23:00:00+00:00,-1795690,4962.482
51425,2009-09-08T23:15:00+00:00,-1794790,4962.421
51425,2009-09-08T23:30:00+00:00,-1793890,4962.361
51425,2009-09-08T23:45:00+00:00,-1792990,4962.307
51425,2009-09-09T00:00:00+00:00,-1792090,4962.261
51425,2009-09-09T00:15:00+00:00,-1791190,4962.222
51425,2009-09-09T00:30:00+00:00,-1790290,4962.189
51425,2009-09-09T00:45:00+00:00,-1789390,4962.162
51425,2009-09-09T01:00:00+00:00,-1788490,4962.144
51425,2009-09-09T01:15:00+00:00,-1787590,4962.133
51425,2009-09-09T01:30:00+00:00,-1786690,4962.135
51425,2009-09-09T01:45:00+00:00,-1785790,4962.144
51425,2009-09-09T02:00:00+00:00,-1784890,4962.160
51425,2009-09-09T02:15:00+00:00,-1783990,4962.184
51425,2009-09-09T02:30:00+00:00,-1783090,4962.216
51425,2009-09-09T02:45:00+00:00,-1782190,4962.256
51425,2009-09-09T03:00:00+00:00,-1781290,4962.305
51425,2009-09-09T03:15:00+00:00,-1780390,4962.356
51425,2009-09-09T03:30:00+00:00,-1779490,4962.412
51425,2009-09-09T03:45:00+00:00,-1778590,4962.474
51425,2009-09-09T04:00:00+00:00,-1777690,4962.537
51425,2009-09-09T04:15:00+00:00,-1776790,4962.602
51425,2009-09-09T04:30:00+00:00,-1775890,4962.671
51425,2009-09-09T04:45:00+00:00,-1774990,4962.739
51425,2009-09-09T05:00:00+00:00,-1774090,4962.804
51425,2009-09-09T05:15:00+00:00,-1773190,4962.867
51425,2009-09-09T05:30:00+00:00,-1772290,4962.928
51425,2009-09-09T05:45:00+00:00,-1771390,4962.985
51425,2009-09-09T06:00:00+00:00,-1770490,4963.037
51425,2009-09-09T06:15:00+00:00,-1769590,4963.081
51425,2009-09-09T06:30:00+00:00,-1768690,4963.121
51425,2009-09-09T06:45:00+00:00,-1767790,4963.154
51425,2009-09-09T07:00:00+00:00,-1766890,4963.178
51425,2009-09-09T07:15:00+00:00,-1765990,4963.195
51425,2009-09-09T07:30:00+00:00,-1765090,4963.203
51425,2009-09-09T07:45:00+00:00,-1764190,4963.206
51425,2009-09-09T08:00:00+00:00,-1763290,4963.198
51425,2009-09-09T08:15:00+00:00,-1762390,4963.183
51425,2009-09-09T08:30:00+00:00,-1761490,4963.163
51425,2009-09-09T08:45:00+00:00,-1760590,4963.132
51425,2009-09-09T09:00:00+00:00,-1759690,4963.096
51425,2009-09-09T09:15:00+00:00,-1758790,4963.053
51425,2009-09-09T09:30:00+00:00,-1757890,4963.006
51425,2009-09-09T09:45:00+00:00,-1756990,4962.956
51425,2009-09-09T10:00:00+00:00,-1756090,4962.901
51425,2009-09-09T10:15:00+00:00,-1755190,4962.841
51425,2009-09-09T10:30:00+00:00,-1754290,4962.779
51425,2009-09-09T10:45:00+00:00,-1753390,4962.716
51425,2009-09-09T11:00:00+00:00,-1752490,4962.652
51425,2009-09-09T11:15:00+00:00,-1751590,4962.588
51425,2009-09-09T11:30:00+00:00,-1750690,4962.525
51425,2009-09-09T11:45:00+00:00,-1749790,4962.466
51425,2009-09-09T12:00:00+00:00,-1748890,4962.411
51425,2009-09-09T12:15:00+00:00,-1747990,4962.360
51425,2009-09-09T12:30:00+00:00,-1747090,4962.315
51425,2009-09-09T12:45:00+00:00,-1746190,4962.273
51425,2009-09-09T13:00:00+00:00,-1745290,4962.239
51425,2009-09-09T13:15:00+00:00,-1744390,4962.211
51425,2009-09-09T13:30:00+00:00,-1743490,4962.192
51425,2009-09-09T13:45:00+00:00,-1742590,4962.181
51425,2009-09-09T14:00:00+00:00,-1741690,4962.177
51425,2009-09-09T14:15:00+00:00,-1740790,4962.182
51425,2009-09-09T14:30:00+00:00,-1739890,4962.191
51425,2009-09-09T14:45:00+00:00,-1738990,4962.211
51425,2009-09-09T15:00:00+00:00,-1738090,4962.235
51425,2009-09-09T15:15:00+00:00,-1737190,4962.263
51425,2009-09-09T15:30:00+00:00,-1736290,4962.299
51425,2009-09-09T15:45:00+00:00,-1735390,4962.342
51425,2009-09-09T16:00:00+00:00,-1734490,4962.389
51425,2009-09-09T16:15:00+00:00,-1733590,4962.439
51425,2009-09-09T16:30:00+00:00,-1732690,4962.490
51425,2009-09-09T16:45:00+00:00,-1731790,4962.544
51425,2009-09-09T17:00:00+00:00,-1730890,4962.600
51425,2009-09-09T17:15:00+00:00,-1729990,4962.658
51425,2009-09-09T17:30:00+00:00,-1729090,4962.717
51425,2009-09-09T17:45:00+00:00,-1728190,4962.772
51425,2009-09-09T18:00:00+00:00,-1727290,4962.826
51425,2009-09-09T18:15:00+00:00,-1726390,4962.874
51425,2009-09-09T18:30:00+00:00,-1725490,4962.919
51425,2009-09-09T18:45:00+00:00,-1724590,4962.956
51425,2009-09-09T19:00:00+00:00,-1723690,4962.985
51425,2009-09-09T19:15:00+00:00,-1722790,4963.008
51425,2009-09-09T19:30:00+00:00,-1721890,4963.028
51425,2009-09-09T19:45:00+00:00,-1720990,4963.041
51425,2009-09-09T20:00:00+00:00,-1720090,4963.044
51425,2009-09-09T20:15:00+00:00,-1719190,4963.043
51425,2009-09-09T20:30:00+00:00,-1718290,4963.035
51425,2009-09-09T20:45:00+00:00,-1717390,4963.022
51425,2009-09-09T21:00:00+00:00,-1716490,4963.001
51425,2009-09-09T21:15:00+00:00,-1715590,4962.971
51425,2009-09-09T21:30:00+00:00,-1714690,4962.938
51425,2009-09-09T21:45:00+00:00,-1713790,4962.898
51425,2009-09-09T22:00:00+00:00,-1712890,4962.857
51425,2009-09-09T22:15:00+00:00,-1711990,4962.809
51425,2009-09-09T22:30:00+00:00,-1711090,4962.760
51425,2009-09-09T22:45:00+00:00,-1710190,4962.708
51425,2009-09-09T23:00:00+00:00,-1709290,4962.656
51425,2009-09-09T23:15:00+00:00,-1708390,4962.602
51425,2009-09-09T23:30:00+00:00,-1707490,4962.547
51425,2009-09-09T23:45:00+00:00,-1706590,4962.493
51425,2009-09-10T00:00:00+00:00,-1705690,4962.441
51425,2009-09-10T00:15:00+00:00,-1704790,4962.394
51425,2009-09-10T00:30:00+00:00,-1703890,4962.355
51425,2009-09-10T00:45:00+00:00,-1702990,4962.317
51425,2009-09-10T01:00:00+00:00,-1702090,4962.283
51425,2009-09-10T01:15:00+00:00,-1701190,4962.255
51425,2009-09-10T01:30:00+00:00,-1700290,4962.236
51425,2009-09-10T01:45:00+00:00,-1699390,4962.221
51425,2009-09-10T02:00:00+00:00,-1698490,4962.214
51425,2009-09-10T02:15:00+00:00,-1697590,4962.213
51425,2009-09-10T02:30:00+00:00,-1696690,4962.220
51425,2009-09-10T02:45:00+00:00,-1695790,4962.232
51425,2009-09-10T03:00:00+00:00,-1694890,4962.252
51425,2009-09-10T03:15:00+00:00,-1693990,4962.280
51425,2009-09-10T03:30:00+00:00,-1693090,4962.315
51425,2009-09-10T03:45:00+00:00,-1692190,4962.354
51425,2009-09-10T04:00:00+00:00,-1691290,4962.399
51425,2009-09-10T04:15:00+00:00,-1690390,4962.448
51425,2009-09-10T04:30:00+00:00,-1689490,4962.498
51425,2009-09-10T04:45:00+00:00,-1688590,4962.554
51425,2009-09-10T05:00:00+00:00,-1687690,4962.608
51425,2009-09-10T05:15:00+00:00,-1686790,4962.664
51425,2009-09-10T05:30:00+00:00,-1685890,4962.722
51425,2009-09-10T05:45:00+00:00,-1684990,4962.778
51425,2009-09-10T06:00:00+00:00,-1684090,4962.833
51425,2009-09-10T06:15:00+00:00,-1683190,4962.884
51425,2009-09-10T06:30:00+00:00,-1682290,4962.933
51425,2009-09-10T06:45:00+00:00,-1681390,4962.977
51425,2009-09-10T07:00:00+00:00,-1680490,4963.018
51425,2009-09-10T07:15:00+00:00,-1679590,4963.052
51425,2009-09-10T07:30:00+00:00,-1678690,4963.080
51425,2009-09-10T07:45:00+00:00,-1677790,4963.103
51425,2009-09-10T08:00:00+00:00,-1676890,4963.118
51425,2009-09-10T08:15:00+00:00,-1675990,4963.125
51425,2009-09-10T08:30:00+00:00,-1675090,4963.132
51425,2009-09-10T08:45:00+00:00,-1674190,4963.130
51425,2009-09-10T09:00:00+00:00,-1673290,4963.118
51425,2009-09-10T09:15:00+00:00,-1672390,4963.105
51425,2009-09-10T09:30:00+00:00,-1671490,4963.085
51425,2009-09-10T09:45:00+00:00,-1670590,4963.059
51425,2009-09-10T10:00:00+00:00,-1669690,4963.030
51425,2009-09-10T10:15:00+00:00,-1668790,4962.994
51425,2009-09-10T10:30:00+00:00,-1667890,4962.955
51425,2009-09-10T10:45:00+00:00,-1666990,4962.910
51425,2009-09-10T11:00:00+00:00,-1666090,4962.862
51425,2009-09-10T11:15:00+00:00,-1665190,4962.808
51425,2009-09-10T11:30:00+00:00,-1664290,4962.755
51425,2009-09-10T11:45:00+00:00,-1663390,4962.699
51425,2009-09-10T12:00:00+00:00,-1662490,4962.646
51425,2009-09-10T12:15:00+00:00,-1661590,4962.595
51425,2009-09-10T12:30:00+00:00,-1660690,4962.544
51425,2009-09-10T12:45:00+00:00,-1659790,4962.496
51425,2009-09-10T13:00:00+00:00,-1658890,4962.451
51425,2009-09-10T13:15:00+00:00,-1657990,4962.409
51425,2009-09-10T13:30:00+00:00,-1657090,4962.370
51425,2009-09-10T13:45:00+00:00,-1656190,4962.337
51425,2009-09-10T14:00:00+00:00,-1655290,4962.311
51425,2009-09-10T14:15:00+00:00,-1654390,4962.288
51425,2009-09-10T14:30:00+00:00,-1653490,4962.272
51425,2009-09-10T14:45:00+00:00,-1652590,4962.263
51425,2009-09-10T15:00:00+00:00,-1651690,4962.260
51425,2009-09-10T15:15:00+00:00,-1650790,4962.261
51425,2009-09-10T15:30:00+00:00,-1649890,4962.269
51425,2009-09-10T15:45:00+00:00,-1648990,4962.281
51425,2009-09-10T16:00:00+00:00,-1648090,4962.301
51425,2009-09-10T16:15:00+00:00,-1647190,4962.325
51425,2009-09-10T16:30:00+00:00,-1646290,4962.359
51425,2009-09-10T16:45:00+00:00,-1645390,4962.391
51425,2009-09-10T17:00:00+00:00,-1644490,4962.428
51425,2009-09-10T17:15:00+00:00,-1643590,4962.470
51425,2009-09-10T17:30:00+00:00,-1642690,4962.511
51425,2009-09-10T17:45:00+00:00,-1641790,4962.556
51425,2009-09-10T18:00:00+00:00,-1640890,4962.601
51425,2009-09-10T18:15:00+00:00,-1639990,4962.648
51425,2009-09-10T18:30:00+00:00,-1639090,4962.693
51425,2009-09-10T18:45:00+00:00,-1638190,4962.735
51425,2009-09-10T19:00:00+00:00,-1637290,4962.775
51425,2009-09-10T19:15:00+00:00,-1636390,4962.812
51425,2009-09-10T19:30:00+00:00,-1635490,4962.844
51425,2009-09-10T19:45:00+00:00,-1634590,4962.873
51425,2009-09-10T20:00:00+00:00,-1633690,4962.898
51425,2009-09-10T20:15:00+00:00,-1632790,4962.916
51425,2009-09-10T20:30:00+00:00,-1631890,4962.931
51425,2009-09-10T20:45:00+00:00,-1630990,4962.941
51425,2009-09-10T21:00:00+00:00,-1630090,4962.947
51425,2009-09-10T21:15:00+00:00,-1629190,4962.949
51425,2009-09-10T21:30:00+00:00,-1628290,4962.941
51425,2009-09-10T21:45:00+00:00,-1627390,4962.931
51425,2009-09-10T22:00:00+00:00,-1626490,4962.913
51425,2009-09-10T22:15:00+00:00,-1625590,4962.892
51425,2009-09-10T22:30:00+00:00,-1624690,4962.865
51425,2009-09-10T22:45:00+00:00,-1623790,4962.835
51425,2009-09-10T23:00:00+00:00,-1622890,4962.801
51425,2009-09-10T23:15:00+00:00,-1621990,4962.766
51425,2009-09-10T23:30:00+00:00,-1621090,4962.728
51425,2009-09-10T23:45:00+00:00,-1620190,4962.686
51425,2009-09-11T00:00:00+00:00,-1619290,4962.647
51425,2009-09-11T00:15:00+00:00,-1618390,4962.607
51425,2009-09-11T00:30:00+00:00,-1617490,4962.568
51425,2009-09-11T00:45:00+00:00,-1616590,4962.533
51425,2009-09-11T01:00:00+00:00,-1615690,4962.494
51425,2009-09-11T01:15:00+00:00,-1614790,4962.459
51425,2009-09-11T01:30:00+00:00,-1613890,4962.424
51425,2009-09-11T01:45:00+00:00,-1612990,4962.397
51425,2009-09-11T02:00:00+00:00,-1612090,4962.374
51425,2009-09-11T02:15:00+00:00,-1611190,4962.354
51425,2009-09-11T02:30:00+00:00,-1610290,4962.334
51425,2009-09-11T02:45:00+00:00,-1609390,4962.324
51425,2009-09-11T03:00:00+00:00,-1608490,4962.317
51425,2009-09-11T03:15:00+00:00,-1607590,4962.318
51425,2009-09-11T03:30:00+00:00,-1606690,4962.320
51425,2009-09-11T03:45:00+00:00,-1605790,4962.329
51425,2009-09-11T04:00:00+00:00,-1604890,4962.347
51425,2009-09-11T04:15:00+00:00,-1603990,4962.367
51425,2009-09-11T04:30:00+00:00,-1603090,4962.392
51425,2009-09-11T04:45:00+00:00,-1602190,4962.420
51425,2009-09-11T05:00:00+00:00,-1601290,4962.454
51425,2009-09-11T05:15:00+00:00,-1600390,4962.489
51425,2009-09-11T05:30:00+00:00,-1599490,4962.530
51425,2009-09-11T05:45:00+00:00,-1598590,4962.572
51425,2009-09-11T06:00:00+00:00,-1597690,4962.613
51425,2009-09-11T06:15:00+00:00,-1596790,4962.657
51425,2009-09-11T06:30:00+00:00,-1595890,4962.702
51425,2009-09-11T06:45:00+00:00,-1594990,4962.747
51425,2009-09-11T07:00:00+00:00,-1594090,4962.791
51425,2009-09-11T07:15:00+00:00,-1593190,4962.835
51425,2009-09-11T07:30:00+00:00,-1592290,4962.875
51425,2009-09-11T07:45:00+00:00,-1591390,4962.913
51425,2009-09-11T08:00:00+00:00,-1590490,4962.945
51425,2009-09-11T08:15:00+00:00,-1589590,4962.974
51425,2009-09-11T08:30:00+00:00,-1588690,4963.001
51425,2009-09-11T08:45:00+00:00,-1587790,4963.023
51425,2009-09-11T09:00:00+00:00,-1586890,4963.040
51425,2009-09-11T09:15:00+00:00,-1585990,4963.055
51425,2009-09-11T09:30:00+00:00,-1585090,4963.063
51425,2009-09-11T09:45:00+00:00,-1584190,4963.066
51425,2009-09-11T10:00:00+00:00,-1583290,4963.066
51425,2009-09-11T10:15:00+00:00,-1582390,4963.059
51425,2009-09-11T10:30:00+00:00,-1581490,4963.050
51425,2009-09-11T10:45:00+00:00,-1580590,4963.033
51425,2009-09-11T11:00:00+00:00,-1579690,4963.013
51425,2009-09-11T11:15:00+00:00,-1578790,4962.986
51425,2009-09-11T11:30:00+00:00,-1577890,4962.958
51425,2009-09-11T11:45:00+00:00,-1576990,4962.921
51425,2009-09-11T12:00:00+00:00,-1576090,4962.883
51425,2009-09-11T12:15:00+00:00,-1575190,4962.843
51425,2009-09-11T12:30:00+00:00,-1574290,4962.801
51425,2009-09-11T12:45:00+00:00,-1573390,4962.759
51425,2009-09-11T13:00:00+00:00,-1572490,4962.714
51425,2009-09-11T13:15:00+00:00,-1571590,4962.669
51425,2009-09-11T13:30:00+00:00,-1570690,4962.625
51425,2009-09-11T13:45:00+00:00,-1569790,4962.581
51425,2009-09-11T14:00:00+00:00,-1568890,4962.540
51425,2009-09-11T14:15:00+00:00,-1567990,4962.500
51425,2009-09-11T14:30:00+00:00,-1567090,4962.463
51425,2009-09-11T14:45:00+00:00,-1566190,4962.431
51425,2009-09-11T15:00:00+00:00,-1565290,4962.404
51425,2009-09-11T15:15:00+00:00,-1564390,4962.380
51425,2009-09-11T15:30:00+00:00,-1563490,4962.360
51425,2009-09-11T15:45:00+00:00,-1562590,4962.342
51425,2009-09-11T16:00:00+00:00,-1561690,4962.329
51425,2009-09-11T16:15:00+00:00,-1560790,4962.322
51425,2009-09-11T16:30:00+00:00,-1559890,4962.317
51425,2009-09-11T16:45:00+00:00,-1558990,4962.319
51425,2009-09-11T17:00:00+00:00,-1558090,4962.326
51425,2009-09-11T17:15:00+00:00,-1557190,4962.339
51425,2009-09-11T17:30:00+00:00,-1556290,4962.357
51425,2009-09-11T17:45:00+00:00,-1555390,4962.379
51425,2009-09-11T18:00:00+00:00,-1554490,4962.404
51425,2009-09-11T18:15:00+00:00,-1553590,4962.433
51425,2009-09-11T18:30:00+00:00,-1552690,4962.467
51425,2009-09-11T18:45:00+00:00,-1551790,4962.499
51425,2009-09-11T19:00:00+00:00,-1550890,4962.539
51425,2009-09-11T19:15:00+00:00,-1549990,4962.578
51425,2009-09-11T19:30:00+00:00,-1549090,4962.616
51425,2009-09-11T19:45:00+00:00,-1548190,4962.650
51425,2009-09-11T20:00:00+00:00,-1547290,4962.684
51425,2009-09-11T20:15:00+00:00,-1546390,4962.720
51425,2009-09-11T20:30:00+00:00,-1545490,4962.757
51425,2009-09-11T20:45:00+00:00,-1544590,4962.785
51425,2009-09-11T21:00:00+00:00,-1543690,4962.810
51425,2009-09-11T21:15:00+00:00,-1542790,4962.835
51425,2009-09-11T21:30:00+00:00,-1541890,4962.859
51425,2009-09-11T21:45:00+00:00,-1540990,4962.875
51425,2009-09-11T22:00:00+00:00,-1540090,4962.890
51425,2009-09-11T22:15:00+00:00,-1539190,4962.895
51425,2009-09-11T22:30:00+00:00,-1538290,4962.900
51425,2009-09-11T22:45:00+00:00,-1537390,4962.900
51425,2009-09-11T23:00:00+00:00,-1536490,4962.897
51425,2009-09-11T23:15:00+00:00,-1535590,4962.889
51425,2009-09-11T23:30:00+00:00,-1534690,4962.879
51425,2009-09-11T23:45:00+00:00,-1533790,4962.865
51425,2009-09-12T00:00:00+00:00,-1532890,4962.847
51425,2009-09-12T00:15:00+00:00,-1531990,4962.822
51425,2009-09-12T00:30:00+00:00,-1531090,4962.796
51425,2009-09-12T00:45:00+00:00,-1530190,4962.768
51425,2009-09-12T01:00:00+00:00,-1529290,4962.738
51425,2009-09-12T01:15:00+00:00,-1528390,4962.708
51425,2009-09-12T01:30:00+00:00,-1527490,4962.674
51425,2009-09-12T01:45:00+00:00,-1526590,4962.638
51425,2009-09-12T02:00:00+00:00,-1525690,4962.603
51425,2009-09-12T02:15:00+00:00,-1524790,4962.569
51425,2009-09-12T02:30:00+00:00,-1523890,4962.537
51425,2009-09-12T02:45:00+00:00,-1522990,4962.506
51425,2009-09-12T03:00:00+00:00,-1522090,4962.478
51425,2009-09-12T03:15:00+00:00,-1521190,4962.454
51425,2009-09-12T03:30:00+00:00,-1520290,4962.432
51425,2009-09-12T03:45:00+00:00,-1519390,4962.414
51425,2009-09-12T04:00:00+00:00,-1518490,4962.400
51425,2009-09-12T04:15:00+00:00,-1517590,4962.391
51425,2009-09-12T04:30:00+00:00,-1516690,4962.387
51425,2009-09-12T04:45:00+00:00,-1515790,4962.386
51425,2009-09-12T05:00:00+00:00,-1514890,4962.389
51425,2009-09-12T05:15:00+00:00,-1513990,4962.396
51425,2009-09-12T05:30:00+00:00,-1513090,4962.414
51425,2009-09-12T05:45:00+00:00,-1512190,4962.432
51425,2009-09-12T06:00:00+00:00,-1511290,4962.454
51425,2009-09-12T06:15:00+00:00,-1510390,4962.480
51425,2009-09-12T06:30:00+00:00,-1509490,4962.510
51425,2009-09-12T06:45:00+00:00,-1508590,4962.545
51425,2009-09-12T07:00:00+00:00,-1507690,4962.580
51425,2009-09-12T07:15:00+00:00,-1506790,4962.617
51425,2009-09-12T07:30:00+00:00,-1505890,4962.655
51425,2009-09-12T07:45:00+00:00,-1504990,4962.695
51425,2009-09-12T08:00:00+00:00,-1504090,4962.735
51425,2009-09-12T08:15:00+00:00,-1503190,4962.778
51425,2009-09-12T08:30:00+00:00,-1502290,4962.822
51425,2009-09-12T08:45:00+00:00,-1501390,4962.861
51425,2009-09-12T09:00:00+00:00,-1500490,4962.896
51425,2009-09-12T09:15:00+00:00,-1499590,4962.927
51425,2009-09-12T09:30:00+00:00,-1498690,4962.960
51425,2009-09-12T09:45:00+00:00,-1497790,4962.990
51425,2009-09-12T10:00:00+00:00,-1496890,4963.013
51425,2009-09-12T10:15:00+00:00,-1495990,4963.036
51425,2009-09-12T10:30:00+00:00,-1495090,4963.055
51425,2009-09-12T10:45:00+00:00,-1494190,4963.068
51425,2009-09-12T11:00:00+00:00,-1493290,4963.077
51425,2009-09-12T11:15:00+00:00,-1492390,4963.081
51425,2009-09-12T11:30:00+00:00,-1491490,4963.076
51425,2009-09-12T11:45:00+00:00,-1490590,4963.069
51425,2009-09-12T12:00:00+00:00,-1489690,4963.061
51425,2009-09-12T12:15:00+00:00,-1488790,4963.044
51425,2009-09-12T12:30:00+00:00,-1487890,4963.025
51425,2009-09-12T12:45:00+00:00,-1486990,4962.999
51425,2009-09-12T13:00:00+00:00,-1486090,4962.967
51425,2009-09-12T13:15:00+00:00,-1485190,4962.931
51425,2009-09-12T13:30:00+00:00,-1484290,4962.894
51425,2009-09-12T13:45:00+00:00,-1483390,4962.855
51425,2009-09-12T14:00:00+00:00,-1482490,4962.811
51425,2009-09-12T14:15:00+00:00,-1481590,4962.766
51425,2009-09-12T14:30:00+00:00,-1480690,4962.724
51425,2009-09-12T14:45:00+00:00,-1479790,4962.680
51425,2009-09-12T15:00:00+00:00,-1478890,4962.635
51425,2009-09-12T15:15:00+00:00,-1477990,4962.590
51425,2009-09-12T15:30:00+00:00,-1477090,4962.548
51425,2009-09-12T15:45:00+00:00,-1476190,4962.507
51425,2009-09-12T16:00:00+00:00,-1475290,4962.465
51425,2009-09-12T16:15:00+00:00,-1474390,4962.428
51425,2009-09-12T16:30:00+00:00,-1473490,4962.396
51425,2009-09-12T16:45:00+00:00,-1472590,4962.370
51425,2009-09-12T17:00:00+00:00,-1471690,4962.338
51425,2009-09-12T17:15:00+00:00,-1470790,4962.317
51425,2009-09-12T17:30:00+00:00,-1469890,4962.302
51425,2009-09-12T17:45:00+00:00,-1468990,4962.293
51425,2009-09-12T18:00:00+00:00,-1468090,4962.287
51425,2009-09-12T18:15:00+00:00,-1467190,4962.288
51425,2009-09-12T18:30:00+00:00,-1466290,4962.293
51425,2009-09-12T18:45:00+00:00,-1465390,4962.304
51425,2009-09-12T19:00:00+00:00,-1464490,4962.317
51425,2009-09-12T19:15:00+00:00,-1463590,4962.337
51425,2009-09-12T19:30:00+00:00,-1462690,4962.364
51425,2009-09-12T19:45:00+00:00,-1461790,4962.390
51425,2009-09-12T20:00:00+00:00,-1460890,4962.421
51425,2009-09-12T20:15:00+00:00,-1459990,4962.457
51425,2009-09-12T20:30:00+00:00,-1459090,4962.494
51425,2009-09-12T20:45:00+00:00,-1458190,4962.537
51425,2009-09-12T21:00:00+00:00,-1457290,4962.575
51425,2009-09-12T21:15:00+00:00,-1456390,4962.615
51425,2009-09-12T21:30:00+00:00,-1455490,4962.658
51425,2009-09-12T21:45:00+00:00,-1454590,4962.697
51425,2009-09-12T22:00:00+00:00,-1453690,4962.732
51425,2009-09-12T22:15:00+00:00,-1452790,4962.770
51425,2009-09-12T22:30:00+00:00,-1451890,4962.802
51425,2009-09-12T22:45:00+00:00,-1450990,4962.832
51425,2009-09-12T23:00:00+00:00,-1450090,4962.856
51425,2009-09-12T23:15:00+00:00,-1449190,4962.880
51425,2009-09-12T23:30:00+00:00,-1448290,4962.897
51425,2009-09-12T23:45:00+00:00,-1447390,4962.911
51425,2009-09-13T00:00:00+00:00,-1446490,4962.921
51425,2009-09-13T00:15:00+00:00,-1445590,4962.927
51425,2009-09-13T00:30:00+00:00,-1444690,4962.929
51425,2009-09-13T00:45:00+00:00,-1443790,4962.924
51425,2009-09-13T01:00:00+00:00,-1442890,4962.915
51425,2009-09-13T01:15:00+00:00,-1441990,4962.900
51425,2009-09-13T01:30:00+00:00,-1441090,4962.876
51425,2009-09-13T01:45:00+00:00,-1440190,4962.853
51425,2009-09-13T02:00:00+00:00,-1439290,4962.824
51425,2009-09-13T02:15:00+00:00,-1438390,4962.792
51425,2009-09-13T02:30:00+00:00,-1437490,4962.761
51425,2009-09-13T02:45:00+00:00,-1436590,4962.724
51425,2009-09-13T03:00:00+00:00,-1435690,4962.685
51425,2009-09-13T03:15:00+00:00,-1434790,4962.646
51425,2009-09-13T03:30:00+00:00,-1433890,4962.606
51425,2009-09-13T03:45:00+00:00,-1432990,4962.568
51425,2009-09-13T04:00:00+00:00,-1432090,4962.527
51425,2009-09-13T04:15:00+00:00,-1431190,4962.488
51425,2009-09-13T04:30:00+00:00,-1430290,4962.453
51425,2009-09-13T04:45:00+00:00,-1429390,4962.425
51425,2009-09-13T05:00:00+00:00,-1428490,4962.397
51425,2009-09-13T05:15:00+00:00,-1427590,4962.371
51425,2009-09-13T05:30:00+00:00,-1426690,4962.352
51425,2009-09-13T05:45:00+00:00,-1425790,4962.338
51425,2009-09-13T06:00:00+00:00,-1424890,4962.327
51425,2009-09-13T06:15:00+00:00,-1423990,4962.328
51425,2009-09-13T06:30:00+00:00,-1423090,4962.330
51425,2009-09-13T06:45:00+00:00,-1422190,4962.337
51425,2009-09-13T07:00:00+00:00,-1421290,4962.345
51425,2009-09-13T07:15:00+00:00,-1420390,4962.363
51425,2009-09-13T07:30:00+00:00,-1419490,4962.388
51425,2009-09-13T07:45:00+00:00,-1418590,4962.417
51425,2009-09-13T08:00:00+00:00,-1417690,4962.447
51425,2009-09-13T08:15:00+00:00,-1416790,4962.481
51425,2009-09-13T08:30:00+00:00,-1415890,4962.520
51425,2009-09-13T08:45:00+00:00,-1414990,4962.563
51425,2009-09-13T09:00:00+00:00,-1414090,4962.608
51425,2009-09-13T09:15:00+00:00,-1413190,4962.655
51425,2009-09-13T09:30:00+00:00,-1412290,4962.701
51425,2009-09-13T09:45:00+00:00,-1411390,4962.752
51425,2009-09-13T10:00:00+00:00,-1410490,4962.802
51425,2009-09-13T10:15:00+00:00,-1409590,4962.851
51425,2009-09-13T10:30:00+00:00,-1408690,4962.896
51425,2009-09-13T10:45:00+00:00,-1407790,4962.941
51425,2009-09-13T11:00:00+00:00,-1406890,4962.983
51425,2009-09-13T11:15:00+00:00,-1405990,4963.018
51425,2009-09-13T11:30:00+00:00,-1405090,4963.050
51425,2009-09-13T11:45:00+00:00,-1404190,4963.076
51425,2009-09-13T12:00:00+00:00,-1403290,4963.100
51425,2009-09-13T12:15:00+00:00,-1402390,4963.111
51425,2009-09-13T12:30:00+00:00,-1401490,4963.125
51425,2009-09-13T12:45:00+00:00,-1400590,4963.130
51425,2009-09-13T13:00:00+00:00,-1399690,4963.127
51425,2009-09-13T13:15:00+00:00,-1398790,4963.119
51425,2009-09-13T13:30:00+00:00,-1397890,4963.103
51425,2009-09-13T13:45:00+00:00,-1396990,4963.082
51425,2009-09-13T14:00:00+00:00,-1396090,4963.052
51425,2009-09-13T14:15:00+00:00,-1395190,4963.019
51425,2009-09-13T14:30:00+00:00,-1394290,4962.983
51425,2009-09-13T14:45:00+00:00,-1393390,4962.939
51425,2009-09-13T15:00:00+00:00,-1392490,4962.891
51425,2009-09-13T15:15:00+00:00,-1391590,4962.840
51425,2009-09-13T15:30:00+00:00,-1390690,4962.782
51425,2009-09-13T15:45:00+00:00,-1389790,4962.724
51425,2009-09-13T16:00:00+00:00,-1388890,4962.666
51425,2009-09-13T16:15:00+00:00,-1387990,4962.603
51425,2009-09-13T16:30:00+00:00,-1387090,4962.544
51425,2009-09-13T16:45:00+00:00,-1386190,4962.486
51425,2009-09-13T17:00:00+00:00,-1385290,4962.428
51425,2009-09-13T17:15:00+00:00,-1384390,4962.378
51425,2009-09-13T17:30:00+00:00,-1383490,4962.331
51425,2009-09-13T17:45:00+00:00,-1382590,4962.285
51425,2009-09-13T18:00:00+00:00,-1381690,4962.246
51425,2009-09-13T18:15:00+00:00,-1380790,4962.212
51425,2009-09-13T18:30:00+00:00,-1379890,4962.188
51425,2009-09-13T18:45:00+00:00,-1378990,4962.166
51425,2009-09-13T19:00:00+00:00,-1378090,4962.154
51425,2009-09-13T19:15:00+00:00,-1377190,4962.148
51425,2009-09-13T19:30:00+00:00,-1376290,4962.147
51425,2009-09-13T19:45:00+00:00,-1375390,4962.154
51425,2009-09-13T20:00:00+00:00,-1374490,4962.171
51425,2009-09-13T20:15:00+00:00,-1373590,4962.193
51425,2009-09-13T20:30:00+00:00,-1372690,4962.219
51425,2009-09-13T20:45:00+00:00,-1371790,4962.254
51425,2009-09-13T21:00:00+00:00,-1370890,4962.291
51425,2009-09-13T21:15:00+00:00,-1369990,4962.333
51425,2009-09-13T21:30:00+00:00,-1369090,4962.380
51425,2009-09-13T21:45:00+00:00,-1368190,4962.431
51425,2009-09-13T22:00:00+00:00,-1367290,4962.482
51425,2009-09-13T22:15:00+00:00,-1366390,4962.537
51425,2009-09-13T22:30:00+00:00,-1365490,4962.591
51425,2009-09-13T22:45:00+00:00,-1364590,4962.643
51425,2009-09-13T23:00:00+00:00,-1363690,4962.697
51425,2009-09-13T23:15:00+00:00,-1362790,4962.750
51425,2009-09-13T23:30:00+00:00,-1361890,4962.798
51425,2009-09-13T23:45:00+00:00,-1360990,4962.845
51425,2009-09-14T00:00:00+00:00,-1360090,4962.885
51425,2009-09-14T00:15:00+00:00,-1359190,4962.922
51425,2009-09-14T00:30:00+00:00,-1358290,4962.953
51425,2009-09-14T00:45:00+00:00,-1357390,4962.982
51425,2009-09-14T01:00:00+00:00,-1356490,4962.999
51425,2009-09-14T01:15:00+00:00,-1355590,4963.014
51425,2009-09-14T01:30:00+00:00,-1354690,4963.018
51425,2009-09-14T01:45:00+00:00,-1353790,4963.014
51425,2009-09-14T02:00:00+00:00,-1352890,4963.007
51425,2009-09-14T02:15:00+00:00,-1351990,4962.989
51425,2009-09-14T02:30:00+00:00,-1351090,4962.965
51425,2009-09-14T02:45:00+00:00,-1350190,4962.937
51425,2009-09-14T03:00:00+00:00,-1349290,4962.902
51425,2009-09-14T03:15:00+00:00,-1348390,4962.865
51425,2009-09-14T03:30:00+00:00,-1347490,4962.818
51425,2009-09-14T03:45:00+00:00,-1346590,4962.770
51425,2009-09-14T04:00:00+00:00,-1345690,4962.721
51425,2009-09-14T04:15:00+00:00,-1344790,4962.670
51425,2009-09-14T04:30:00+00:00,-1343890,4962.617
51425,2009-09-14T04:45:00+00:00,-1342990,4962.562
51425,2009-09-14T05:00:00+00:00,-1342090,4962.509
51425,2009-09-14T05:15:00+00:00,-1341190,4962.458
51425,2009-09-14T05:30:00+00:00,-1340290,4962.405
51425,2009-09-14T05:45:00+00:00,-1339390,4962.362
51425,2009-09-14T06:00:00+00:00,-1338490,4962.319
51425,2009-09-14T06:15:00+00:00,-1337590,4962.283
51425,2009-09-14T06:30:00+00:00,-1336690,4962.250
51425,2009-09-14T06:45:00+00:00,-1335790,4962.224
51425,2009-09-14T07:00:00+00:00,-1334890,4962.202
51425,2009-09-14T07:15:00+00:00,-1333990,4962.190
51425,2009-09-14T07:30:00+00:00,-1333090,4962.187
51425,2009-09-14T07:45:00+00:00,-1332190,4962.192
51425,2009-09-14T08:00:00+00:00,-1331290,4962.201
51425,2009-09-14T08:15:00+00:00,-1330390,4962.219
51425,2009-09-14T08:30:00+00:00,-1329490,4962.246
51425,2009-09-14T08:45:00+00:00,-1328590,4962.281
51425,2009-09-14T09:00:00+00:00,-1327690,4962.321
51425,2009-09-14T09:15:00+00:00,-1326790,4962.368
51425,2009-09-14T09:30:00+00:00,-1325890,4962.419
51425,2009-09-14T09:45:00+00:00,-1324990,4962.475
51425,2009-09-14T10:00:00+00:00,-1324090,4962.537
51425,2009-09-14T10:15:00+00:00,-1323190,4962.599
51425,2009-09-14T10:30:00+00:00,-1322290,4962.663
51425,2009-09-14T10:45:00+00:00,-1321390,4962.728
51425,2009-09-14T11:00:00+00:00,-1320490,4962.793
51425,2009-09-14T11:15:00+00:00,-1319590,4962.857
51425,2009-09-14T11:30:00+00:00,-1318690,4962.917
51425,2009-09-14T11:45:00+00:00,-1317790,4962.977
51425,2009-09-14T12:00:00+00:00,-1316890,4963.035
51425,2009-09-14T12:15:00+00:00,-1315990,4963.089
51425,2009-09-14T12:30:00+00:00,-1315090,4963.133
51425,2009-09-14T12:45:00+00:00,-1314190,4963.173
51425,2009-09-14T13:00:00+00:00,-1313290,4963.207
51425,2009-09-14T13:15:00+00:00,-1312390,4963.233
51425,2009-09-14T13:30:00+00:00,-1311490,4963.250
51425,2009-09-14T13:45:00+00:00,-1310590,4963.258
51425,2009-09-14T14:00:00+00:00,-1309690,4963.258
51425,2009-09-14T14:15:00+00:00,-1308790,4963.250
51425,2009-09-14T14:30:00+00:00,-1307890,4963.231
51425,2009-09-14T14:45:00+00:00,-1306990,4963.205
51425,2009-09-14T15:00:00+00:00,-1306090,4963.172
51425,2009-09-14T15:15:00+00:00,-1305190,4963.130
51425,2009-09-14T15:30:00+00:00,-1304290,4963.082
51425,2009-09-14T15:45:00+00:00,-1303390,4963.027
51425,2009-09-14T16:00:00+00:00,-1302490,4962.965
51425,2009-09-14T16:15:00+00:00,-1301590,4962.898
51425,2009-09-14T16:30:00+00:00,-1300690,4962.825
51425,2009-09-14T16:45:00+00:00,-1299790,4962.750
51425,2009-09-14T17:00:00+00:00,-1298890,4962.671
51425,2009-09-14T17:15:00+00:00,-1297990,4962.595
51425,2009-09-14T17:30:00+00:00,-1297090,4962.519
51425,2009-09-14T17:45:00+00:00,-1296190,4962.444
51425,2009-09-14T18:00:00+00:00,-1295290,4962.375
51425,2009-09-14T18:15:00+00:00,-1294390,4962.306
51425,2009-09-14T18:30:00+00:00,-1293490,4962.246
51425,2009-09-14T18:45:00+00:00,-1292590,4962.188
51425,2009-09-14T19:00:00+00:00,-1291690,4962.138
51425,2009-09-14T19:15:00+00:00,-1290790,4962.097
51425,2009-09-14T19:30:00+00:00,-1289890,4962.063
51425,2009-09-14T19:45:00+00:00,-1288990,4962.040
51425,2009-09-14T20:00:00+00:00,-1288090,4962.022
51425,2009-09-14T20:15:00+00:00,-1287190,4962.015
51425,2009-09-14T20:30:00+00:00,-1286290,4962.018
51425,2009-09-14T20:45:00+00:00,-1285390,4962.029
51425,2009-09-14T21:00:00+00:00,-1284490,4962.049
51425,2009-09-14T21:15:00+00:00,-1283590,4962.080
51425,2009-09-14T21:30:00+00:00,-1282690,4962.116
51425,2009-09-14T21:45:00+00:00,-1281790,4962.161
51425,2009-09-14T22:00:00+00:00,-1280890,4962.210
51425,2009-09-14T22:15:00+00:00,-1279990,4962.269
51425,2009-09-14T22:30:00+00:00,-1279090,4962.331
51425,2009-09-14T22:45:00+00:00,-1278190,4962.398
51425,2009-09-14T23:00:00+00:00,-1277290,4962.469
51425,2009-09-14T23:15:00+00:00,-1276390,4962.539
51425,2009-09-14T23:30:00+00:00,-1275490,4962.612
51425,2009-09-14T23:45:00+00:00,-1274590,4962.685
51425,2009-09-15T00:00:00+00:00,-1273690,4962.756
51425,2009-09-15T00:15:00+00:00,-1272790,4962.826
51425,2009-09-15T00:30:00+00:00,-1271890,4962.891
51425,2009-09-15T00:45:00+00:00,-1270990,4962.954
51425,2009-09-15T01:00:00+00:00,-1270090,4963.004
51425,2009-09-15T01:15:00+00:00,-1269190,4963.053
51425,2009-09-15T01:30:00+00:00,-1268290,4963.093
51425,2009-09-15T01:45:00+00:00,-1267390,4963.124
51425,2009-09-15T02:00:00+00:00,-1266490,4963.149
51425,2009-09-15T02:15:00+00:00,-1265590,4963.163
51425,2009-09-15T02:30:00+00:00,-1264690,4963.166
51425,2009-09-15T02:45:00+00:00,-1263790,4963.163
51425,2009-09-15T03:00:00+00:00,-1262890,4963.149
51425,2009-09-15T03:15:00+00:00,-1261990,4963.123
51425,2009-09-15T03:30:00+00:00,-1261090,4963.094
51425,2009-09-15T03:45:00+00:00,-1260190,4963.051
51425,2009-09-15T04:00:00+00:00,-1259290,4963.003
51425,2009-09-15T04:15:00+00:00,-1258390,4962.946
51425,2009-09-15T04:30:00+00:00,-1257490,4962.885
51425,2009-09-15T04:45:00+00:00,-1256590,4962.820
51425,2009-09-15T05:00:00+00:00,-1255690,4962.752
51425,2009-09-15T05:15:00+00:00,-1254790,4962.679
51425,2009-09-15T05:30:00+00:00,-1253890,4962.605
51425,2009-09-15T05:45:00+00:00,-1252990,4962.531
51425,2009-09-15T06:00:00+00:00,-1252090,4962.459
51425,2009-09-15T06:15:00+00:00,-1251190,4962.389
51425,2009-09-15T06:30:00+00:00,-1250290,4962.324
51425,2009-09-15T06:45:00+00:00,-1249390,4962.261
51425,2009-09-15T07:00:00+00:00,-1248490,4962.205
51425,2009-09-15T07:15:00+00:00,-1247590,4962.156
51425,2009-09-15T07:30:00+00:00,-1246690,4962.117
51425,2009-09-15T07:45:00+00:00,-1245790,4962.084
51425,2009-09-15T08:00:00+00:00,-1244890,4962.062
51425,2009-09-15T08:15:00+00:00,-1243990,4962.050
51425,2009-09-15T08:30:00+00:00,-1243090,4962.046
51425,2009-09-15T08:45:00+00:00,-1242190,4962.051
51425,2009-09-15T09:00:00+00:00,-1241290,4962.069
51425,2009-09-15T09:15:00+00:00,-1240390,4962.097
51425,2009-09-15T09:30:00+00:00,-1239490,4962.131
51425,2009-09-15T09:45:00+00:00,-1238590,4962.177
51425,2009-09-15T10:00:00+00:00,-1237690,4962.229
51425,2009-09-15T10:15:00+00:00,-1236790,4962.289
51425,2009-09-15T10:30:00+00:00,-1235890,4962.355
51425,2009-09-15T10:45:00+00:00,-1234990,4962.429
51425,2009-09-15T11:00:00+00:00,-1234090,4962.505
51425,2009-09-15T11:15:00+00:00,-1233190,4962.584
51425,2009-09-15T11:30:00+00:00,-1232290,4962.665
51425,2009-09-15T11:45:00+00:00,-1231390,4962.747
51425,2009-09-15T12:00:00+00:00,-1230490,4962.830
51425,2009-09-15T12:15:00+00:00,-1229590,4962.911
51425,2009-09-15T12:30:00+00:00,-1228690,4962.992
51425,2009-09-15T12:45:00+00:00,-1227790,4963.068
51425,2009-09-15T13:00:00+00:00,-1226890,4963.139
51425,2009-09-15T13:15:00+00:00,-1225990,4963.204
51425,2009-09-15T13:30:00+00:00,-1225090,4963.260
51425,2009-09-15T13:45:00+00:00,-1224190,4963.307
51425,2009-09-15T14:00:00+00:00,-1223290,4963.345
51425,2009-09-15T14:15:00+00:00,-1222390,4963.373
51425,2009-09-15T14:30:00+00:00,-1221490,4963.392
51425,2009-09-15T14:45:00+00:00,-1220590,4963.402
51425,2009-09-15T15:00:00+00:00,-1219690,4963.398
51425,2009-09-15T15:15:00+00:00,-1218790,4963.385
51425,2009-09-15T15:30:00+00:00,-1217890,4963.360
51425,2009-09-15T15:45:00+00:00,-1216990,4963.327
51425,2009-09-15T16:00:00+00:00,-1216090,4963.278
51425,2009-09-15T16:15:00+00:00,-1215190,4963.220
51425,2009-09-15T16:30:00+00:00,-1214290,4963.155
51425,2009-09-15T16:45:00+00:00,-1213390,4963.079
51425,2009-09-15T17:00:00+00:00,-1212490,4962.998
51425,2009-09-15T17:15:00+00:00,-1211590,4962.912
51425,2009-09-15T17:30:00+00:00,-1210690,4962.822
51425,2009-09-15T17:45:00+00:00,-1209790,4962.730
51425,2009-09-15T18:00:00+00:00,-1208890,4962.637
51425,2009-09-15T18:15:00+00:00,-1207990,4962.544
51425,2009-09-15T18:30:00+00:00,-1207090,4962.453
51425,2009-09-15T18:45:00+00:00,-1206190,4962.365
51425,2009-09-15T19:00:00+00:00,-1205290,4962.279
51425,2009-09-15T19:15:00+00:00,-1204390,4962.203
51425,2009-09-15T19:30:00+00:00,-1203490,4962.132
51425,2009-09-15T19:45:00+00:00,-1202590,4962.067
51425,2009-09-15T20:00:00+00:00,-1201690,4962.012
51425,2009-09-15T20:15:00+00:00,-1200790,4961.970
51425,2009-09-15T20:30:00+00:00,-1199890,4961.941
51425,2009-09-15T20:45:00+00:00,-1198990,4961.919
51425,2009-09-15T21:00:00+00:00,-1198090,4961.909
51425,2009-09-15T21:15:00+00:00,-1197190,4961.909
51425,2009-09-15T21:30:00+00:00,-1196290,4961.919
51425,2009-09-15T21:45:00+00:00,-1195390,4961.941
51425,2009-09-15T22:00:00+00:00,-1194490,4961.975
51425,2009-09-15T22:15:00+00:00,-1193590,4962.018
51425,2009-09-15T22:30:00+00:00,-1192690,4962.072
51425,2009-09-15T22:45:00+00:00,-1191790,4962.135
51425,2009-09-15T23:00:00+00:00,-1190890,4962.207
51425,2009-09-15T23:15:00+00:00,-1189990,4962.287
51425,2009-09-15T23:30:00+00:00,-1189090,4962.374
51425,2009-09-15T23:45:00+00:00,-1188190,4962.464
51425,2009-09-16T00:00:00+00:00,-1187290,4962.555
51425,2009-09-16T00:15:00+00:00,-1186390,4962.645
51425,2009-09-16T00:30:00+00:00,-1185490,4962.736
51425,2009-09-16T00:45:00+00:00,-1184590,4962.827
51425,2009-09-16T01:00:00+00:00,-1183690,4962.914
51425,2009-09-16T01:15:00+00:00,-1182790,4962.997
51425,2009-09-16T01:30:00+00:00,-1181890,4963.073
51425,2009-09-16T01:45:00+00:00,-1180990,4963.142
51425,2009-09-16T02:00:00+00:00,-1180090,4963.202
51425,2009-09-16T02:15:00+00:00,-1179190,4963.253
51425,2009-09-16T02:30:00+00:00,-1178290,4963.294
51425,2009-09-16T02:45:00+00:00,-1177390,4963.320
51425,2009-09-16T03:00:00+00:00,-1176490,4963.335
51425,2009-09-16T03:15:00+00:00,-1175590,4963.338
51425,2009-09-16T03:30:00+00:00,-1174690,4963.333
51425,2009-09-16T03:45:00+00:00,-1173790,4963.315
51425,2009-09-16T04:00:00+00:00,-1172890,4963.287
51425,2009-09-16T04:15:00+00:00,-1171990,4963.250
51425,2009-09-16T04:30:00+00:00,-1171090,4963.202
51425,2009-09-16T04:45:00+00:00,-1170190,4963.144
51425,2009-09-16T05:00:00+00:00,-1169290,4963.078
51425,2009-09-16T05:15:00+00:00,-1168390,4963.003
51425,2009-09-16T05:30:00+00:00,-1167490,4962.923
51425,2009-09-16T05:45:00+00:00,-1166590,4962.836
51425,2009-09-16T06:00:00+00:00,-1165690,4962.746
51425,2009-09-16T06:15:00+00:00,-1164790,4962.653
51425,2009-09-16T06:30:00+00:00,-1163890,4962.560
51425,2009-09-16T06:45:00+00:00,-1162990,4962.469
51425,2009-09-16T07:00:00+00:00,-1162090,4962.381
51425,2009-09-16T07:15:00+00:00,-1161190,4962.298
51425,2009-09-16T07:30:00+00:00,-1160290,4962.218
51425,2009-09-16T07:45:00+00:00,-1159390,4962.147
51425,2009-09-16T08:00:00+00:00,-1158490,4962.084
51425,2009-09-16T08:15:00+00:00,-1157590,4962.033
51425,2009-09-16T08:30:00+00:00,-1156690,4961.990
51425,2009-09-16T08:45:00+00:00,-1155790,4961.960
51425,2009-09-16T09:00:00+00:00,-1154890,4961.943
51425,2009-09-16T09:15:00+00:00,-1153990,4961.933
51425,2009-09-16T09:30:00+00:00,-1153090,4961.939
51425,2009-09-16T09:45:00+00:00,-1152190,4961.953
51425,2009-09-16T10:00:00+00:00,-1151290,4961.985
51425,2009-09-16T10:15:00+00:00,-1150390,4962.024
51425,2009-09-16T10:30:00+00:00,-1149490,4962.075
51425,2009-09-16T10:45:00+00:00,-1148590,4962.135
51425,2009-09-16T11:00:00+00:00,-1147690,4962.207
51425,2009-09-16T11:15:00+00:00,-1146790,4962.284
51425,2009-09-16T11:30:00+00:00,-1145890,4962.372
51425,2009-09-16T11:45:00+00:00,-1144990,4962.467
51425,2009-09-16T12:00:00+00:00,-1144090,4962.559
51425,2009-09-16T12:15:00+00:00,-1143190,4962.656
51425,2009-09-16T12:30:00+00:00,-1142290,4962.755
51425,2009-09-16T12:45:00+00:00,-1141390,4962.854
51425,2009-09-16T13:00:00+00:00,-1140490,4962.950
51425,2009-09-16T13:15:00+00:00,-1139590,4963.042
51425,2009-09-16T13:30:00+00:00,-1138690,4963.132
51425,2009-09-16T13:45:00+00:00,-1137790,4963.215
51425,2009-09-16T14:00:00+00:00,-1136890,4963.290
51425,2009-09-16T14:15:00+00:00,-1135990,4963.357
51425,2009-09-16T14:30:00+00:00,-1135090,4963.413
51425,2009-09-16T14:45:00+00:00,-1134190,4963.459
51425,2009-09-16T15:00:00+00:00,-1133290,4963.492
51425,2009-09-16T15:15:00+00:00,-1132390,4963.513
51425,2009-09-16T15:30:00+00:00,-1131490,4963.523
51425,2009-09-16T15:45:00+00:00,-1130590,4963.519
51425,2009-09-16T16:00:00+00:00,-1129690,4963.501
51425,2009-09-16T16:15:00+00:00,-1128790,4963.470
51425,2009-09-16T16:30:00+00:00,-1127890,4963.428
51425,2009-09-16T16:45:00+00:00,-1126990,4963.376
51425,2009-09-16T17:00:00+00:00,-1126090,4963.313
51425,2009-09-16T17:15:00+00:00,-1125190,4963.240
51425,2009-09-16T17:30:00+00:00,-1124290,4963.155
51425,2009-09-16T17:45:00+00:00,-1123390,4963.065
51425,2009-09-16T18:00:00+00:00,-1122490,4962.970
51425,2009-09-16T18:15:00+00:00,-1121590,4962.869
51425,2009-09-16T18:30:00+00:00,-1120690,4962.763
51425,2009-09-16T18:45:00+00:00,-1119790,4962.655
51425,2009-09-16T19:00:00+00:00,-1118890,4962.549
51425,2009-09-16T19:15:00+00:00,-1117990,4962.445
51425,2009-09-16T19:30:00+00:00,-1117090,4962.344
51425,2009-09-16T19:45:00+00:00,-1116190,4962.251
51425,2009-09-16T20:00:00+00:00,-1115290,4962.160
51425,2009-09-16T20:15:00+00:00,-1114390,4962.082
51425,2009-09-16T20:30:00+00:00,-1113490,4962.011
51425,2009-09-16T20:45:00+00:00,-1112590,4961.953
51425,2009-09-16T21:00:00+00:00,-1111690,4961.904
51425,2009-09-16T21:15:00+00:00,-1110790,4961.868
51425,2009-09-16T21:30:00+00:00,-1109890,4961.846
51425,2009-09-16T21:45:00+00:00,-1108990,4961.836
51425,2009-09-16T22:00:00+00:00,-1108090,4961.838
51425,2009-09-16T22:15:00+00:00,-1107190,4961.856
51425,2009-09-16T22:30:00+00:00,-1106290,4961.884
51425,2009-09-16T22:45:00+00:00,-1105390,4961.924
51425,2009-09-16T23:00:00+00:00,-1104490,4961.980
51425,2009-09-16T23:15:00+00:00,-1103590,4962.043
51425,2009-09-16T23:30:00+00:00,-1102690,4962.120
51425,2009-09-16T23:45:00+00:00,-1101790,4962.201
51425,2009-09-17T00:00:00+00:00,-1100890,4962.293
51425,2009-09-17T00:15:00+00:00,-1099990,4962.389
51425,2009-09-17T00:30:00+00:00,-1099090,4962.487
51425,2009-09-17T00:45:00+00:00,-1098190,4962.591
51425,2009-09-17T01:00:00+00:00,-1097290,4962.696
51425,2009-09-17T01:15:00+00:00,-1096390,4962.802
51425,2009-09-17T01:30:00+00:00,-1095490,4962.904
51425,2009-09-17T01:45:00+00:00,-1094590,4963.004
51425,2009-09-17T02:00:00+00:00,-1093690,4963.096
51425,2009-09-17T02:15:00+00:00,-1092790,4963.180
51425,2009-09-17T02:30:00+00:00,-1091890,4963.254
51425,2009-09-17T02:45:00+00:00,-1090990,4963.319
51425,2009-09-17T03:00:00+00:00,-1090090,4963.377
51425,2009-09-17T03:15:00+00:00,-1089190,4963.422
51425,2009-09-17T03:30:00+00:00,-1088290,4963.452
51425,2009-09-17T03:45:00+00:00,-1087390,4963.468
51425,2009-09-17T04:00:00+00:00,-1086490,4963.474
51425,2009-09-17T04:15:00+00:00,-1085590,4963.467
51425,2009-09-17T04:30:00+00:00,-1084690,4963.445
51425,2009-09-17T04:45:00+00:00,-1083790,4963.411
51425,2009-09-17T05:00:00+00:00,-1082890,4963.366
51425,2009-09-17T05:15:00+00:00,-1081990,4963.306
51425,2009-09-17T05:30:00+00:00,-1081090,4963.235
51425,2009-09-17T05:45:00+00:00,-1080190,4963.154
51425,2009-09-17T06:00:00+00:00,-1079290,4963.067
51425,2009-09-17T06:15:00+00:00,-1078390,4962.972
51425,2009-09-17T06:30:00+00:00,-1077490,4962.871
51425,2009-09-17T06:45:00+00:00,-1076590,4962.771
51425,2009-09-17T07:00:00+00:00,-1075690,4962.666
51425,2009-09-17T07:15:00+00:00,-1074790,4962.558
51425,2009-09-17T07:30:00+00:00,-1073890,4962.454
51425,2009-09-17T07:45:00+00:00,-1072990,4962.355
51425,2009-09-17T08:00:00+00:00,-1072090,4962.261
51425,2009-09-17T08:15:00+00:00,-1071190,4962.170
51425,2009-09-17T08:30:00+00:00,-1070290,4962.091
51425,2009-09-17T08:45:00+00:00,-1069390,4962.023
51425,2009-09-17T09:00:00+00:00,-1068490,4961.966
51425,2009-09-17T09:15:00+00:00,-1067590,4961.920
51425,2009-09-17T09:30:00+00:00,-1066690,4961.887
51425,2009-09-17T09:45:00+00:00,-1065790,4961.867
51425,2009-09-17T10:00:00+00:00,-1064890,4961.863
51425,2009-09-17T10:15:00+00:00,-1063990,4961.869
51425,2009-09-17T10:30:00+00:00,-1063090,4961.888
51425,2009-09-17T10:45:00+00:00,-1062190,4961.919
51425,2009-09-17T11:00:00+00:00,-1061290,4961.962
51425,2009-09-17T11:15:00+00:00,-1060390,4962.019
51425,2009-09-17T11:30:00+00:00,-1059490,4962.085
51425,2009-09-17T11:45:00+00:00,-1058590,4962.163
51425,2009-09-17T12:00:00+00:00,-1057690,4962.249
51425,2009-09-17T12:15:00+00:00,-1056790,4962.345
51425,2009-09-17T12:30:00+00:00,-1055890,4962.442
51425,2009-09-17T12:45:00+00:00,-1054990,4962.548
51425,2009-09-17T13:00:00+00:00,-1054090,4962.657
51425,2009-09-17T13:15:00+00:00,-1053190,4962.764
51425,2009-09-17T13:30:00+00:00,-1052290,4962.872
51425,2009-09-17T13:45:00+00:00,-1051390,4962.977
51425,2009-09-17T14:00:00+00:00,-1050490,4963.081
51425,2009-09-17T14:15:00+00:00,-1049590,4963.179
51425,2009-09-17T14:30:00+00:00,-1048690,4963.268
51425,2009-09-17T14:45:00+00:00,-1047790,4963.350
51425,2009-09-17T15:00:00+00:00,-1046890,4963.422
51425,2009-09-17T15:15:00+00:00,-1045990,4963.482
51425,2009-09-17T15:30:00+00:00,-1045090,4963.531
51425,2009-09-17T15:45:00+00:00,-1044190,4963.563
51425,2009-09-17T16:00:00+00:00,-1043290,4963.586
51425,2009-09-17T16:15:00+00:00,-1042390,4963.591
51425,2009-09-17T16:30:00+00:00,-1041490,4963.584
51425,2009-09-17T16:45:00+00:00,-1040590,4963.561
51425,2009-09-17T17:00:00+00:00,-1039690,4963.529
51425,2009-09-17T17:15:00+00:00,-1038790,4963.483
51425,2009-09-17T17:30:00+00:00,-1037890,4963.424
51425,2009-09-17T17:45:00+00:00,-1036990,4963.354
51425,2009-09-17T18:00:00+00:00,-1036090,4963.272
51425,2009-09-17T18:15:00+00:00,-1035190,4963.182
51425,2009-09-17T18:30:00+00:00,-1034290,4963.088
51425,2009-09-17T18:45:00+00:00,-1033390,4962.983
51425,2009-09-17T19:00:00+00:00,-1032490,4962.873
51425,2009-09-17T19:15:00+00:00,-1031590,4962.760
51425,2009-09-17T19:30:00+00:00,-1030690,4962.647
51425,2009-09-17T19:45:00+00:00,-1029790,4962.533
51425,2009-09-17T20:00:00+00:00,-1028890,4962.424
51425,2009-09-17T20:15:00+00:00,-1027990,4962.315
51425,2009-09-17T20:30:00+00:00,-1027090,4962.215
51425,2009-09-17T20:45:00+00:00,-1026190,4962.123
51425,2009-09-17T21:00:00+00:00,-1025290,4962.041
51425,2009-09-17T21:15:00+00:00,-1024390,4961.972
51425,2009-09-17T21:30:00+00:00,-1023490,4961.912
51425,2009-09-17T21:45:00+00:00,-1022590,4961.864
51425,2009-09-17T22:00:00+00:00,-1021690,4961.828
51425,2009-09-17T22:15:00+00:00,-1020790,4961.806
51425,2009-09-17T22:30:00+00:00,-1019890,4961.798
51425,2009-09-17T22:45:00+00:00,-1018990,4961.805
51425,2009-09-17T23:00:00+00:00,-1018090,4961.826
51425,2009-09-17T23:15:00+00:00,-1017190,4961.858
51425,2009-09-17T23:30:00+00:00,-1016290,4961.907
51425,2009-09-17T23:45:00+00:00,-1015390,4961.967
51425,2009-09-18T00:00:00+00:00,-1014490,4962.041
51425,2009-09-18T00:15:00+00:00,-1013590,4962.124
51425,2009-09-18T00:30:00+00:00,-1012690,4962.219
51425,2009-09-18T00:45:00+00:00,-1011790,4962.317
51425,2009-09-18T01:00:00+00:00,-1010890,4962.423
51425,2009-09-18T01:15:00+00:00,-1009990,4962.531
51425,2009-09-18T01:30:00+00:00,-1009090,4962.640
51425,2009-09-18T01:45:00+00:00,-1008190,4962.753
51425,2009-09-18T02:00:00+00:00,-1007290,4962.862
51425,2009-09-18T02:15:00+00:00,-1006390,4962.971
51425,2009-09-18T02:30:00+00:00,-1005490,4963.071
51425,2009-09-18T02:45:00+00:00,-1004590,4963.167
51425,2009-09-18T03:00:00+00:00,-1003690,4963.255
51425,2009-09-18T03:15:00+00:00,-1002790,4963.331
51425,2009-09-18T03:30:00+00:00,-1001890,4963.399
51425,2009-09-18T03:45:00+00:00,-1000990,4963.449
51425,2009-09-18T04:00:00+00:00,-1000090,4963.489
51425,2009-09-18T04:15:00+00:00,-999190,4963.518
51425,2009-09-18T04:30:00+00:00,-998290,4963.531
51425,2009-09-18T04:45:00+00:00,-997390,4963.531
51425,2009-09-18T05:00:00+00:00,-996490,4963.516
51425,2009-09-18T05:15:00+00:00,-995590,4963.490
51425,2009-09-18T05:30:00+00:00,-994690,4963.450
51425,2009-09-18T05:45:00+00:00,-993790,4963.396
51425,2009-09-18T06:00:00+00:00,-992890,4963.330
51425,2009-09-18T06:15:00+00:00,-991990,4963.253
51425,2009-09-18T06:30:00+00:00,-991090,4963.165
51425,2009-09-18T06:45:00+00:00,-990190,4963.073
51425,2009-09-18T07:00:00+00:00,-989290,4962.973
51425,2009-09-18T07:15:00+00:00,-988390,4962.869
51425,2009-09-18T07:30:00+00:00,-987490,4962.762
51425,2009-09-18T07:45:00+00:00,-986590,4962.652
51425,2009-09-18T08:00:00+00:00,-985690,4962.541
51425,2009-09-18T08:15:00+00:00,-984790,4962.431
51425,2009-09-18T08:30:00+00:00,-983890,4962.327
51425,2009-09-18T08:45:00+00:00,-982990,4962.232
51425,2009-09-18T09:00:00+00:00,-982090,4962.143
51425,2009-09-18T09:15:00+00:00,-981190,4962.062
51425,2009-09-18T09:30:00+00:00,-980290,4961.991
51425,2009-09-18T09:45:00+00:00,-979390,4961.930
51425,2009-09-18T10:00:00+00:00,-978490,4961.884
51425,2009-09-18T10:15:00+00:00,-977590,4961.850
51425,2009-09-18T10:30:00+00:00,-976690,4961.829
51425,2009-09-18T10:45:00+00:00,-975790,4961.823
51425,2009-09-18T11:00:00+00:00,-974890,4961.828
51425,2009-09-18T11:15:00+00:00,-973990,4961.847
51425,2009-09-18T11:30:00+00:00,-973090,4961.884
51425,2009-09-18T11:45:00+00:00,-972190,4961.932
51425,2009-09-18T12:00:00+00:00,-971290,4961.991
51425,2009-09-18T12:15:00+00:00,-970390,4962.065
51425,2009-09-18T12:30:00+00:00,-969490,4962.149
51425,2009-09-18T12:45:00+00:00,-968590,4962.238
51425,2009-09-18T13:00:00+00:00,-967690,4962.335
51425,2009-09-18T13:15:00+00:00,-966790,4962.436
51425,2009-09-18T13:30:00+00:00,-965890,4962.544
51425,2009-09-18T13:45:00+00:00,-964990,4962.653
51425,2009-09-18T14:00:00+00:00,-964090,4962.765
51425,2009-09-18T14:15:00+00:00,-963190,4962.874
51425,2009-09-18T14:30:00+00:00,-962290,4962.982
51425,2009-09-18T14:45:00+00:00,-961390,4963.084
51425,2009-09-18T15:00:00+00:00,-960490,4963.183
51425,2009-09-18T15:15:00+00:00,-959590,4963.271
51425,2009-09-18T15:30:00+00:00,-958690,4963.348
51425,2009-09-18T15:45:00+00:00,-957790,4963.416
51425,2009-09-18T16:00:00+00:00,-956890,4963.474
51425,2009-09-18T16:15:00+00:00,-955990,4963.517
51425,2009-09-18T16:30:00+00:00,-955090,4963.551
51425,2009-09-18T16:45:00+00:00,-954190,4963.568
51425,2009-09-18T17:00:00+00:00,-953290,4963.572
51425,2009-09-18T17:15:00+00:00,-952390,4963.561
51425,2009-09-18T17:30:00+00:00,-951490,4963.540
51425,2009-09-18T17:45:00+00:00,-950590,4963.502
51425,2009-09-18T18:00:00+00:00,-949690,4963.453
51425,2009-09-18T18:15:00+00:00,-948790,4963.395
51425,2009-09-18T18:30:00+00:00,-947890,4963.321
51425,2009-09-18T18:45:00+00:00,-946990,4963.238
51425,2009-09-18T19:00:00+00:00,-946090,4963.143
51425,2009-09-18T19:15:00+00:00,-945190,4963.042
51425,2009-09-18T19:30:00+00:00,-944290,4962.937
51425,2009-09-18T19:45:00+00:00,-943390,4962.829
51425,2009-09-18T20:00:00+00:00,-942490,4962.718
51425,2009-09-18T20:15:00+00:00,-941590,4962.603
51425,2009-09-18T20:30:00+00:00,-940690,4962.491
51425,2009-09-18T20:45:00+00:00,-939790,4962.384
51425,2009-09-18T21:00:00+00:00,-938890,4962.283
51425,2009-09-18T21:15:00+00:00,-937990,4962.188
51425,2009-09-18T21:30:00+00:00,-937090,4962.102
51425,2009-09-18T21:45:00+00:00,-936190,4962.025
51425,2009-09-18T22:00:00+00:00,-935290,4961.957
51425,2009-09-18T22:15:00+00:00,-934390,4961.898
51425,2009-09-18T22:30:00+00:00,-933490,4961.852
51425,2009-09-18T22:45:00+00:00,-932590,4961.824
51425,2009-09-18T23:00:00+00:00,-931690,4961.809
51425,2009-09-18T23:15:00+00:00,-930790,4961.808
51425,2009-09-18T23:30:00+00:00,-929890,4961.819
51425,2009-09-18T23:45:00+00:00,-928990,4961.846
51425,2009-09-19T00:00:00+00:00,-928090,4961.888
51425,2009-09-19T00:15:00+00:00,-927190,4961.943
51425,2009-09-19T00:30:00+00:00,-926290,4962.009
51425,2009-09-19T00:45:00+00:00,-925390,4962.083
51425,2009-09-19T01:00:00+00:00,-924490,4962.172
51425,2009-09-19T01:15:00+00:00,-923590,4962.267
51425,2009-09-19T01:30:00+00:00,-922690,4962.370
51425,2009-09-19T01:45:00+00:00,-921790,4962.475
51425,2009-09-19T02:00:00+00:00,-920890,4962.582
51425,2009-09-19T02:15:00+00:00,-919990,4962.694
51425,2009-09-19T02:30:00+00:00,-919090,4962.804
51425,2009-09-19T02:45:00+00:00,-918190,4962.911
51425,2009-09-19T03:00:00+00:00,-917290,4963.013
51425,2009-09-19T03:15:00+00:00,-916390,4963.112
51425,2009-09-19T03:30:00+00:00,-915490,4963.206
51425,2009-09-19T03:45:00+00:00,-914590,4963.290
51425,2009-09-19T04:00:00+00:00,-913690,4963.362
51425,2009-09-19T04:15:00+00:00,-912790,4963.424
51425,2009-09-19T04:30:00+00:00,-911890,4963.474
51425,2009-09-19T04:45:00+00:00,-910990,4963.510
51425,2009-09-19T05:00:00+00:00,-910090,4963.532
51425,2009-09-19T05:15:00+00:00,-909190,4963.539
51425,2009-09-19T05:30:00+00:00,-908290,4963.534
51425,2009-09-19T05:45:00+00:00,-907390,4963.516
51425,2009-09-19T06:00:00+00:00,-906490,4963.483
51425,2009-09-19T06:15:00+00:00,-905590,4963.440
51425,2009-09-19T06:30:00+00:00,-904690,4963.383
51425,2009-09-19T06:45:00+00:00,-903790,4963.313
51425,2009-09-19T07:00:00+00:00,-902890,4963.235
51425,2009-09-19T07:15:00+00:00,-901990,4963.147
51425,2009-09-19T07:30:00+00:00,-901090,4963.054
51425,2009-09-19T07:45:00+00:00,-900190,4962.951
51425,2009-09-19T08:00:00+00:00,-899290,4962.844
51425,2009-09-19T08:15:00+00:00,-898390,4962.736
51425,2009-09-19T08:30:00+00:00,-897490,4962.625
51425,2009-09-19T08:45:00+00:00,-896590,4962.516
51425,2009-09-19T09:00:00+00:00,-895690,4962.410
51425,2009-09-19T09:15:00+00:00,-894790,4962.309
51425,2009-09-19T09:30:00+00:00,-893890,4962.214
51425,2009-09-19T09:45:00+00:00,-892990,4962.129
51425,2009-09-19T10:00:00+00:00,-892090,4962.052
51425,2009-09-19T10:15:00+00:00,-891190,4961.986
51425,2009-09-19T10:30:00+00:00,-890290,4961.931
51425,2009-09-19T10:45:00+00:00,-889390,4961.890
51425,2009-09-19T11:00:00+00:00,-888490,4961.860
51425,2009-09-19T11:15:00+00:00,-887590,4961.838
51425,2009-09-19T11:30:00+00:00,-886690,4961.835
51425,2009-09-19T11:45:00+00:00,-885790,4961.842
51425,2009-09-19T12:00:00+00:00,-884890,4961.867
51425,2009-09-19T12:15:00+00:00,-883990,4961.904
51425,2009-09-19T12:30:00+00:00,-883090,4961.954
51425,2009-09-19T12:45:00+00:00,-882190,4962.014
51425,2009-09-19T13:00:00+00:00,-881290,4962.083
51425,2009-09-19T13:15:00+00:00,-880390,4962.163
51425,2009-09-19T13:30:00+00:00,-879490,4962.249
51425,2009-09-19T13:45:00+00:00,-878590,4962.341
51425,2009-09-19T14:00:00+00:00,-877690,4962.443
51425,2009-09-19T14:15:00+00:00,-876790,4962.547
51425,2009-09-19T14:30:00+00:00,-875890,4962.655
51425,2009-09-19T14:45:00+00:00,-874990,4962.760
51425,2009-09-19T15:00:00+00:00,-874090,4962.866
51425,2009-09-19T15:15:00+00:00,-873190,4962.966
51425,2009-09-19T15:30:00+00:00,-872290,4963.064
51425,2009-09-19T15:45:00+00:00,-871390,4963.151
51425,2009-09-19T16:00:00+00:00,-870490,4963.232
51425,2009-09-19T16:15:00+00:00,-869590,4963.304
51425,2009-09-19T16:30:00+00:00,-868690,4963.361
51425,2009-09-19T16:45:00+00:00,-867790,4963.412
51425,2009-09-19T17:00:00+00:00,-866890,4963.450
51425,2009-09-19T17:15:00+00:00,-865990,4963.474
51425,2009-09-19T17:30:00+00:00,-865090,4963.487
51425,2009-09-19T17:45:00+00:00,-864190,4963.488
51425,2009-09-19T18:00:00+00:00,-863290,4963.472
51425,2009-09-19T18:15:00+00:00,-862390,4963.449
51425,2009-09-19T18:30:00+00:00,-861490,4963.408
51425,2009-09-19T18:45:00+00:00,-860590,4963.358
51425,2009-09-19T19:00:00+00:00,-859690,4963.297
51425,2009-09-19T19:15:00+00:00,-858790,4963.224
51425,2009-09-19T19:30:00+00:00,-857890,4963.142
51425,2009-09-19T19:45:00+00:00,-856990,4963.055
51425,2009-09-19T20:00:00+00:00,-856090,4962.963
51425,2009-09-19T20:15:00+00:00,-855190,4962.865
51425,2009-09-19T20:30:00+00:00,-854290,4962.762
51425,2009-09-19T20:45:00+00:00,-853390,4962.659
51425,2009-09-19T21:00:00+00:00,-852490,4962.558
51425,2009-09-19T21:15:00+00:00,-851590,4962.456
51425,2009-09-19T21:30:00+00:00,-850690,4962.359
51425,2009-09-19T21:45:00+00:00,-849790,4962.267
51425,2009-09-19T22:00:00+00:00,-848890,4962.184
51425,2009-09-19T22:15:00+00:00,-847990,4962.103
51425,2009-09-19T22:30:00+00:00,-847090,4962.036
51425,2009-09-19T22:45:00+00:00,-846190,4961.978
51425,2009-09-19T23:00:00+00:00,-845290,4961.933
51425,2009-09-19T23:15:00+00:00,-844390,4961.900
51425,2009-09-19T23:30:00+00:00,-843490,4961.880
51425,2009-09-19T23:45:00+00:00,-842590,4961.873
51425,2009-09-20T00:00:00+00:00,-841690,4961.880
51425,2009-09-20T00:15:00+00:00,-840790,4961.899
51425,2009-09-20T00:30:00+00:00,-839890,4961.930
51425,2009-09-20T00:45:00+00:00,-838990,4961.976
51425,2009-09-20T01:00:00+00:00,-838090,4962.031
51425,2009-09-20T01:15:00+00:00,-837190,4962.097
51425,2009-09-20T01:30:00+00:00,-836290,4962.174
51425,2009-09-20T01:45:00+00:00,-835390,4962.259
51425,2009-09-20T02:00:00+00:00,-834490,4962.350
51425,2009-09-20T02:15:00+00:00,-833590,4962.445
51425,2009-09-20T02:30:00+00:00,-832690,4962.543
51425,2009-09-20T02:45:00+00:00,-831790,4962.645
51425,2009-09-20T03:00:00+00:00,-830890,4962.748
51425,2009-09-20T03:15:00+00:00,-829990,4962.849
51425,2009-09-20T03:30:00+00:00,-829090,4962.949
51425,2009-09-20T03:45:00+00:00,-828190,4963.045
51425,2009-09-20T04:00:00+00:00,-827290,4963.135
51425,2009-09-20T04:15:00+00:00,-826390,4963.215
51425,2009-09-20T04:30:00+00:00,-825490,4963.291
51425,2009-09-20T04:45:00+00:00,-824590,4963.355
51425,2009-09-20T05:00:00+00:00,-823690,4963.409
51425,2009-09-20T05:15:00+00:00,-822790,4963.451
51425,2009-09-20T05:30:00+00:00,-821890,4963.480
51425,2009-09-20T05:45:00+00:00,-820990,4963.496
51425,2009-09-20T06:00:00+00:00,-820090,4963.499
51425,2009-09-20T06:15:00+00:00,-819190,4963.489
51425,2009-09-20T06:30:00+00:00,-818290,4963.467
51425,2009-09-20T06:45:00+00:00,-817390,4963.432
51425,2009-09-20T07:00:00+00:00,-816490,4963.388
51425,2009-09-20T07:15:00+00:00,-815590,4963.331
51425,2009-09-20T07:30:00+00:00,-814690,4963.261
51425,2009-09-20T07:45:00+00:00,-813790,4963.187
51425,2009-09-20T08:00:00+00:00,-812890,4963.100
51425,2009-09-20T08:15:00+00:00,-811990,4963.010
51425,2009-09-20T08:30:00+00:00,-811090,4962.911
51425,2009-09-20T08:45:00+00:00,-810190,4962.815
51425,2009-09-20T09:00:00+00:00,-809290,4962.714
51425,2009-09-20T09:15:00+00:00,-808390,4962.616
51425,2009-09-20T09:30:00+00:00,-807490,4962.517
51425,2009-09-20T09:45:00+00:00,-806590,4962.422
51425,2009-09-20T10:00:00+00:00,-805690,4962.330
51425,2009-09-20T10:15:00+00:00,-804790,4962.244
51425,2009-09-20T10:30:00+00:00,-803890,4962.167
51425,2009-09-20T10:45:00+00:00,-802990,4962.099
51425,2009-09-20T11:00:00+00:00,-802090,4962.039
51425,2009-09-20T11:15:00+00:00,-801190,4961.991
51425,2009-09-20T11:30:00+00:00,-800290,4961.955
51425,2009-09-20T11:45:00+00:00,-799390,4961.927
51425,2009-09-20T12:00:00+00:00,-798490,4961.915
51425,2009-09-20T12:15:00+00:00,-797590,4961.917
51425,2009-09-20T12:30:00+00:00,-796690,4961.929
51425,2009-09-20T12:45:00+00:00,-795790,4961.949
51425,2009-09-20T13:00:00+00:00,-794890,4961.984
51425,2009-09-20T13:15:00+00:00,-793990,4962.030
51425,2009-09-20T13:30:00+00:00,-793090,4962.084
51425,2009-09-20T13:45:00+00:00,-792190,4962.147
51425,2009-09-20T14:00:00+00:00,-791290,4962.217
51425,2009-09-20T14:15:00+00:00,-790390,4962.299
51425,2009-09-20T14:30:00+00:00,-789490,4962.385
51425,2009-09-20T14:45:00+00:00,-788590,4962.478
51425,2009-09-20T15:00:00+00:00,-787690,4962.568
51425,2009-09-20T15:15:00+00:00,-786790,4962.664
51425,2009-09-20T15:30:00+00:00,-785890,4962.758
51425,2009-09-20T15:45:00+00:00,-784990,4962.852
51425,2009-09-20T16:00:00+00:00,-784090,4962.941
51425,2009-09-20T16:15:00+00:00,-783190,4963.025
51425,2009-09-20T16:30:00+00:00,-782290,4963.101
51425,2009-09-20T16:45:00+00:00,-781390,4963.170
51425,2009-09-20T17:00:00+00:00,-780490,4963.233
51425,2009-09-20T17:15:00+00:00,-779590,4963.283
51425,2009-09-20T17:30:00+00:00,-778690,4963.327
51425,2009-09-20T17:45:00+00:00,-777790,4963.353
51425,2009-09-20T18:00:00+00:00,-776890,4963.370
51425,2009-09-20T18:15:00+00:00,-775990,4963.380
51425,2009-09-20T18:30:00+00:00,-775090,4963.373
51425,2009-09-20T18:45:00+00:00,-774190,4963.356
51425,2009-09-20T19:00:00+00:00,-773290,4963.327
51425,2009-09-20T19:15:00+00:00,-772390,4963.288
51425,2009-09-20T19:30:00+00:00,-771490,4963.240
51425,2009-09-20T19:45:00+00:00,-770590,4963.182
51425,2009-09-20T20:00:00+00:00,-769690,4963.117
51425,2009-09-20T20:15:00+00:00,-768790,4963.047
51425,2009-09-20T20:30:00+00:00,-767890,4962.969
51425,2009-09-20T20:45:00+00:00,-766990,4962.888
51425,2009-09-20T21:00:00+00:00,-766090,4962.799
51425,2009-09-20T21:15:00+00:00,-765190,4962.713
51425,2009-09-20T21:30:00+00:00,-764290,4962.622
51425,2009-09-20T21:45:00+00:00,-763390,4962.529
51425,2009-09-20T22:00:00+00:00,-762490,4962.441
51425,2009-09-20T22:15:00+00:00,-761590,4962.360
51425,2009-09-20T22:30:00+00:00,-760690,4962.279
51425,2009-09-20T22:45:00+00:00,-759790,4962.208
51425,2009-09-20T23:00:00+00:00,-758890,4962.143
51425,2009-09-20T23:15:00+00:00,-757990,4962.087
51425,2009-09-20T23:30:00+00:00,-757090,4962.042
51425,2009-09-20T23:45:00+00:00,-756190,4962.005
51425,2009-09-21T00:00:00+00:00,-755290,4961.982
51425,2009-09-21T00:15:00+00:00,-754390,4961.970
51425,2009-09-21T00:30:00+00:00,-753490,4961.970
51425,2009-09-21T00:45:00+00:00,-752590,4961.978
51425,2009-09-21T01:00:00+00:00,-751690,4962.000
51425,2009-09-21T01:15:00+00:00,-750790,4962.033
51425,2009-09-21T01:30:00+00:00,-749890,4962.078
51425,2009-09-21T01:45:00+00:00,-748990,4962.131
51425,2009-09-21T02:00:00+00:00,-748090,4962.197
51425,2009-09-21T02:15:00+00:00,-747190,4962.270
51425,2009-09-21T02:30:00+00:00,-746290,4962.350
51425,2009-09-21T02:45:00+00:00,-745390,4962.433
51425,2009-09-21T03:00:00+00:00,-744490,4962.518
51425,2009-09-21T03:15:00+00:00,-743590,4962.610
51425,2009-09-21T03:30:00+00:00,-742690,4962.699
51425,2009-09-21T03:45:00+00:00,-741790,4962.790
51425,2009-09-21T04:00:00+00:00,-740890,4962.880
51425,2009-09-21T04:15:00+00:00,-739990,4962.967
51425,2009-09-21T04:30:00+00:00,-739090,4963.047
51425,2009-09-21T04:45:00+00:00,-738190,4963.121
51425,2009-09-21T05:00:00+00:00,-737290,4963.189
51425,2009-09-21T05:15:00+00:00,-736390,4963.248
51425,2009-09-21T05:30:00+00:00,-735490,4963.297
51425,2009-09-21T05:45:00+00:00,-734590,4963.339
51425,2009-09-21T06:00:00+00:00,-733690,4963.370
51425,2009-09-21T06:15:00+00:00,-732790,4963.389
51425,2009-09-21T06:30:00+00:00,-731890,4963.396
51425,2009-09-21T06:45:00+00:00,-730990,4963.394
51425,2009-09-21T07:00:00+00:00,-730090,4963.382
51425,2009-09-21T07:15:00+00:00,-729190,4963.361
51425,2009-09-21T07:30:00+00:00,-728290,4963.327
51425,2009-09-21T07:45:00+00:00,-727390,4963.284
51425,2009-09-21T08:00:00+00:00,-726490,4963.230
51425,2009-09-21T08:15:00+00:00,-725590,4963.168
51425,2009-09-21T08:30:00+00:00,-724690,4963.100
51425,2009-09-21T08:45:00+00:00,-723790,4963.024
51425,2009-09-21T09:00:00+00:00,-722890,4962.941
51425,2009-09-21T09:15:00+00:00,-721990,4962.856
51425,2009-09-21T09:30:00+00:00,-721090,4962.770
51425,2009-09-21T09:45:00+00:00,-720190,4962.682
51425,2009-09-21T10:00:00+00:00,-719290,4962.596
51425,2009-09-21T10:15:00+00:00,-718390,4962.510
51425,2009-09-21T10:30:00+00:00,-717490,4962.427
51425,2009-09-21T10:45:00+00:00,-716590,4962.348
51425,2009-09-21T11:00:00+00:00,-715690,4962.277
51425,2009-09-21T11:15:00+00:00,-714790,4962.210
51425,2009-09-21T11:30:00+00:00,-713890,4962.149
51425,2009-09-21T11:45:00+00:00,-712990,4962.098
51425,2009-09-21T12:00:00+00:00,-712090,4962.059
51425,2009-09-21T12:15:00+00:00,-711190,4962.029
51425,2009-09-21T12:30:00+00:00,-710290,4962.011
51425,2009-09-21T12:45:00+00:00,-709390,4962.003
51425,2009-09-21T13:00:00+00:00,-708490,4962.004
51425,2009-09-21T13:15:00+00:00,-707590,4962.015
51425,2009-09-21T13:30:00+00:00,-706690,4962.037
51425,2009-09-21T13:45:00+00:00,-705790,4962.070
51425,2009-09-21T14:00:00+00:00,-704890,4962.111
51425,2009-09-21T14:15:00+00:00,-703990,4962.164
51425,2009-09-21T14:30:00+00:00,-703090,4962.225
51425,2009-09-21T14:45:00+00:00,-702190,4962.293
51425,2009-09-21T15:00:00+00:00,-701290,4962.362
51425,2009-09-21T15:15:00+00:00,-700390,4962.435
51425,2009-09-21T15:30:00+00:00,-699490,4962.512
51425,2009-09-21T15:45:00+00:00,-698590,4962.588
51425,2009-09-21T16:00:00+00:00,-697690,4962.669
51425,2009-09-21T16:15:00+00:00,-696790,4962.745
51425,2009-09-21T16:30:00+00:00,-695890,4962.820
51425,2009-09-21T16:45:00+00:00,-694990,4962.894
51425,2009-09-21T17:00:00+00:00,-694090,4962.963
51425,2009-09-21T17:15:00+00:00,-693190,4963.022
51425,2009-09-21T17:30:00+00:00,-692290,4963.078
51425,2009-09-21T17:45:00+00:00,-691390,4963.124
51425,2009-09-21T18:00:00+00:00,-690490,4963.163
51425,2009-09-21T18:15:00+00:00,-689590,4963.194
51425,2009-09-21T18:30:00+00:00,-688690,4963.216
51425,2009-09-21T18:45:00+00:00,-687790,4963.228
51425,2009-09-21T19:00:00+00:00,-686890,4963.232
51425,2009-09-21T19:15:00+00:00,-685990,4963.223
51425,2009-09-21T19:30:00+00:00,-685090,4963.209
51425,2009-09-21T19:45:00+00:00,-684190,4963.183
51425,2009-09-21T20:00:00+00:00,-683290,4963.148
51425,2009-09-21T20:15:00+00:00,-682390,4963.104
51425,2009-09-21T20:30:00+00:00,-681490,4963.057
51425,2009-09-21T20:45:00+00:00,-680590,4963.001
51425,2009-09-21T21:00:00+00:00,-679690,4962.937
51425,2009-09-21T21:15:00+00:00,-678790,4962.872
51425,2009-09-21T21:30:00+00:00,-677890,4962.800
51425,2009-09-21T21:45:00+00:00,-676990,4962.727
51425,2009-09-21T22:00:00+00:00,-676090,4962.650
51425,2009-09-21T22:15:00+00:00,-675190,4962.575
51425,2009-09-21T22:30:00+00:00,-674290,4962.502
51425,2009-09-21T22:45:00+00:00,-673390,4962.430
51425,2009-09-21T23:00:00+00:00,-672490,4962.365
51425,2009-09-21T23:15:00+00:00,-671590,4962.303
51425,2009-09-21T23:30:00+00:00,-670690,4962.247
51425,2009-09-21T23:45:00+00:00,-669790,4962.197
51425,2009-09-22T00:00:00+00:00,-668890,4962.155
51425,2009-09-22T00:15:00+00:00,-667990,4962.124
51425,2009-09-22T00:30:00+00:00,-667090,4962.097
51425,2009-09-22T00:45:00+00:00,-666190,4962.086
51425,2009-09-22T01:00:00+00:00,-665290,4962.082
51425,2009-09-22T01:15:00+00:00,-664390,4962.085
51425,2009-09-22T01:30:00+00:00,-663490,4962.099
51425,2009-09-22T01:45:00+00:00,-662590,4962.123
51425,2009-09-22T02:00:00+00:00,-661690,4962.153
51425,2009-09-22T02:15:00+00:00,-660790,4962.192
51425,2009-09-22T02:30:00+00:00,-659890,4962.241
51425,2009-09-22T02:45:00+00:00,-658990,4962.299
51425,2009-09-22T03:00:00+00:00,-658090,4962.361
51425,2009-09-22T03:15:00+00:00,-657190,4962.426
51425,2009-09-22T03:30:00+00:00,-656290,4962.494
51425,2009-09-22T03:45:00+00:00,-655390,4962.566
51425,2009-09-22T04:00:00+00:00,-654490,4962.644
51425,2009-09-22T04:15:00+00:00,-653590,4962.722
51425,2009-09-22T04:30:00+00:00,-652690,4962.801
51425,2009-09-22T04:45:00+00:00,-651790,4962.878
51425,2009-09-22T05:00:00+00:00,-650890,4962.947
51425,2009-09-22T05:15:00+00:00,-649990,4963.016
51425,2009-09-22T05:30:00+00:00,-649090,4963.078
51425,2009-09-22T05:45:00+00:00,-648190,4963.133
51425,2009-09-22T06:00:00+00:00,-647290,4963.181
51425,2009-09-22T06:15:00+00:00,-646390,4963.219
51425,2009-09-22T06:30:00+00:00,-645490,4963.252
51425,2009-09-22T06:45:00+00:00,-644590,4963.273
51425,2009-09-22T07:00:00+00:00,-643690,4963.288
51425,2009-09-22T07:15:00+00:00,-642790,4963.291
51425,2009-09-22T07:30:00+00:00,-641890,4963.283
51425,2009-09-22T07:45:00+00:00,-640990,4963.267
51425,2009-09-22T08:00:00+00:00,-640090,4963.243
51425,2009-09-22T08:15:00+00:00,-639190,4963.210
51425,2009-09-22T08:30:00+00:00,-638290,4963.169
51425,2009-09-22T08:45:00+00:00,-637390,4963.121
51425,2009-09-22T09:00:00+00:00,-636490,4963.068
51425,2009-09-22T09:15:00+00:00,-635590,4963.013
51425,2009-09-22T09:30:00+00:00,-634690,4962.953
51425,2009-09-22T09:45:00+00:00,-633790,4962.888
51425,2009-09-22T10:00:00+00:00,-632890,4962.821
51425,2009-09-22T10:15:00+00:00,-631990,4962.750
51425,2009-09-22T10:30:00+00:00,-631090,4962.677
51425,2009-09-22T10:45:00+00:00,-630190,4962.607
51425,2009-09-22T11:00:00+00:00,-629290,4962.536
51425,2009-09-22T11:15:00+00:00,-628390,4962.467
51425,2009-09-22T11:30:00+00:00,-627490,4962.404
51425,2009-09-22T11:45:00+00:00,-626590,4962.345
51425,2009-09-22T12:00:00+00:00,-625690,4962.292
51425,2009-09-22T12:15:00+00:00,-624790,4962.245
51425,2009-09-22T12:30:00+00:00,-623890,4962.203
51425,2009-09-22T12:45:00+00:00,-622990,4962.173
51425,2009-09-22T13:00:00+00:00,-622090,4962.148
51425,2009-09-22T13:15:00+00:00,-621190,4962.132
51425,2009-09-22T13:30:00+00:00,-620290,4962.127
51425,2009-09-22T13:45:00+00:00,-619390,4962.124
51425,2009-09-22T14:00:00+00:00,-618490,4962.135
51425,2009-09-22T14:15:00+00:00,-617590,4962.153
51425,2009-09-22T14:30:00+00:00,-616690,4962.181
51425,2009-09-22T14:45:00+00:00,-615790,4962.211
51425,2009-09-22T15:00:00+00:00,-614890,4962.255
51425,2009-09-22T15:15:00+00:00,-613990,4962.301
51425,2009-09-22T15:30:00+00:00,-613090,4962.351
51425,2009-09-22T15:45:00+00:00,-612190,4962.406
51425,2009-09-22T16:00:00+00:00,-611290,4962.465
51425,2009-09-22T16:15:00+00:00,-610390,4962.528
51425,2009-09-22T16:30:00+00:00,-609490,4962.588
51425,2009-09-22T16:45:00+00:00,-608590,4962.652
51425,2009-09-22T17:00:00+00:00,-607690,4962.711
51425,2009-09-22T17:15:00+00:00,-606790,4962.769
51425,2009-09-22T17:30:00+00:00,-605890,4962.820
51425,2009-09-22T17:45:00+00:00,-604990,4962.871
51425,2009-09-22T18:00:00+00:00,-604090,4962.915
51425,2009-09-22T18:15:00+00:00,-603190,4962.957
51425,2009-09-22T18:30:00+00:00,-602290,4962.995
51425,2009-09-22T18:45:00+00:00,-601390,4963.024
51425,2009-09-22T19:00:00+00:00,-600490,4963.047
51425,2009-09-22T19:15:00+00:00,-599590,4963.062
51425,2009-09-22T19:30:00+00:00,-598690,4963.071
51425,2009-09-22T19:45:00+00:00,-597790,4963.071
51425,2009-09-22T20:00:00+00:00,-596890,4963.065
51425,2009-09-22T20:15:00+00:00,-595990,4963.051
51425,2009-09-22T20:30:00+00:00,-595090,4963.031
51425,2009-09-22T20:45:00+00:00,-594190,4963.002
51425,2009-09-22T21:00:00+00:00,-593290,4962.967
51425,2009-09-22T21:15:00+00:00,-592390,4962.924
51425,2009-09-22T21:30:00+00:00,-591490,4962.881
51425,2009-09-22T21:45:00+00:00,-590590,4962.832
51425,2009-09-22T22:00:00+00:00,-589690,4962.779
51425,2009-09-22T22:15:00+00:00,-588790,4962.723
51425,2009-09-22T22:30:00+00:00,-587890,4962.668
51425,2009-09-22T22:45:00+00:00,-586990,4962.609
51425,2009-09-22T23:00:00+00:00,-586090,4962.553
51425,2009-09-22T23:15:00+00:00,-585190,4962.497
51425,2009-09-22T23:30:00+00:00,-584290,4962.444
51425,2009-09-22T23:45:00+00:00,-583390,4962.398
51425,2009-09-23T00:00:00+00:00,-582490,4962.352
51425,2009-09-23T00:15:00+00:00,-581590,4962.314
51425,2009-09-23T00:30:00+00:00,-580690,4962.278
51425,2009-09-23T00:45:00+00:00,-579790,4962.248
51425,2009-09-23T01:00:00+00:00,-578890,4962.223
51425,2009-09-23T01:15:00+00:00,-577990,4962.212
51425,2009-09-23T01:30:00+00:00,-577090,4962.201
51425,2009-09-23T01:45:00+00:00,-576190,4962.202
51425,2009-09-23T02:00:00+00:00,-575290,4962.210
51425,2009-09-23T02:15:00+00:00,-574390,4962.224
51425,2009-09-23T02:30:00+00:00,-573490,4962.243
51425,2009-09-23T02:45:00+00:00,-572590,4962.268
51425,2009-09-23T03:00:00+00:00,-571690,4962.301
51425,2009-09-23T03:15:00+00:00,-570790,4962.340
51425,2009-09-23T03:30:00+00:00,-569890,4962.386
51425,2009-09-23T03:45:00+00:00,-568990,4962.437
51425,2009-09-23T04:00:00+00:00,-568090,4962.495
51425,2009-09-23T04:15:00+00:00,-567190,4962.552
51425,2009-09-23T04:30:00+00:00,-566290,4962.611
51425,2009-09-23T04:45:00+00:00,-565390,4962.670
51425,2009-09-23T05:00:00+00:00,-564490,4962.725
51425,2009-09-23T05:15:00+00:00,-563590,4962.783
51425,2009-09-23T05:30:00+00:00,-562690,4962.841
51425,2009-09-23T05:45:00+00:00,-561790,4962.896
51425,2009-09-23T06:00:00+00:00,-560890,4962.945
51425,2009-09-23T06:15:00+00:00,-559990,4962.989
51425,2009-09-23T06:30:00+00:00,-559090,4963.033
51425,2009-09-23T06:45:00+00:00,-558190,4963.069
51425,2009-09-23T07:00:00+00:00,-557290,4963.098
51425,2009-09-23T07:15:00+00:00,-556390,4963.121
51425,2009-09-23T07:30:00+00:00,-555490,4963.137
51425,2009-09-23T07:45:00+00:00,-554590,4963.147
51425,2009-09-23T08:00:00+00:00,-553690,4963.149
51425,2009-09-23T08:15:00+00:00,-552790,4963.145
51425,2009-09-23T08:30:00+00:00,-551890,4963.136
51425,2009-09-23T08:45:00+00:00,-550990,4963.121
51425,2009-09-23T09:00:00+00:00,-550090,4963.095
51425,2009-09-23T09:15:00+00:00,-549190,4963.064
51425,2009-09-23T09:30:00+00:00,-548290,4963.031
51425,2009-09-23T09:45:00+00:00,-547390,4962.990
51425,2009-09-23T10:00:00+00:00,-546490,4962.946
51425,2009-09-23T10:15:00+00:00,-545590,4962.899
51425,2009-09-23T10:30:00+00:00,-544690,4962.848
51425,2009-09-23T10:45:00+00:00,-543790,4962.792
51425,2009-09-23T11:00:00+00:00,-542890,4962.737
51425,2009-09-23T11:15:00+00:00,-541990,4962.677
51425,2009-09-23T11:30:00+00:00,-541090,4962.618
51425,2009-09-23T11:45:00+00:00,-540190,4962.561
51425,2009-09-23T12:00:00+00:00,-539290,4962.507
51425,2009-09-23T12:15:00+00:00,-538390,4962.456
51425,2009-09-23T12:30:00+00:00,-537490,4962.409
51425,2009-09-23T12:45:00+00:00,-536590,4962.365
51425,2009-09-23T13:00:00+00:00,-535690,4962.330
51425,2009-09-23T13:15:00+00:00,-534790,4962.299
51425,2009-09-23T13:30:00+00:00,-533890,4962.271
51425,2009-09-23T13:45:00+00:00,-532990,4962.253
51425,2009-09-23T14:00:00+00:00,-532090,4962.239
51425,2009-09-23T14:15:00+00:00,-531190,4962.233
51425,2009-09-23T14:30:00+00:00,-530290,4962.236
51425,2009-09-23T14:45:00+00:00,-529390,4962.242
51425,2009-09-23T15:00:00+00:00,-528490,4962.260
51425,2009-09-23T15:15:00+00:00,-527590,4962.278
51425,2009-09-23T15:30:00+00:00,-526690,4962.303
51425,2009-09-23T15:45:00+00:00,-525790,4962.331
51425,2009-09-23T16:00:00+00:00,-524890,4962.363
51425,2009-09-23T16:15:00+00:00,-523990,4962.401
51425,2009-09-23T16:30:00+00:00,-523090,4962.440
51425,2009-09-23T16:45:00+00:00,-522190,4962.483
51425,2009-09-23T17:00:00+00:00,-521290,4962.527
51425,2009-09-23T17:15:00+00:00,-520390,4962.571
51425,2009-09-23T17:30:00+00:00,-519490,4962.615
51425,2009-09-23T17:45:00+00:00,-518590,4962.658
51425,2009-09-23T18:00:00+00:00,-517690,4962.702
51425,2009-09-23T18:15:00+00:00,-516790,4962.742
51425,2009-09-23T18:30:00+00:00,-515890,4962.780
51425,2009-09-23T18:45:00+00:00,-514990,4962.815
51425,2009-09-23T19:00:00+00:00,-514090,4962.848
51425,2009-09-23T19:15:00+00:00,-513190,4962.875
51425,2009-09-23T19:30:00+00:00,-512290,4962.896
51425,2009-09-23T19:45:00+00:00,-511390,4962.914
51425,2009-09-23T20:00:00+00:00,-510490,4962.925
51425,2009-09-23T20:15:00+00:00,-509590,4962.931
51425,2009-09-23T20:30:00+00:00,-508690,4962.930
51425,2009-09-23T20:45:00+00:00,-507790,4962.926
51425,2009-09-23T21:00:00+00:00,-506890,4962.917
51425,2009-09-23T21:15:00+00:00,-505990,4962.904
51425,2009-09-23T21:30:00+00:00,-505090,4962.882
51425,2009-09-23T21:45:00+00:00,-504190,4962.860
51425,2009-09-23T22:00:00+00:00,-503290,4962.834
51425,2009-09-23T22:15:00+00:00,-502390,4962.805
51425,2009-09-23T22:30:00+00:00,-501490,4962.771
51425,2009-09-23T22:45:00+00:00,-500590,4962.737
51425,2009-09-23T23:00:00+00:00,-499690,4962.698
51425,2009-09-23T23:15:00+00:00,-498790,4962.658
51425,2009-09-23T23:30:00+00:00,-497890,4962.618
51425,2009-09-23T23:45:00+00:00,-496990,4962.578
51425,2009-09-24T00:00:00+00:00,-496090,4962.539
51425,2009-09-24T00:15:00+00:00,-495190,4962.503
51425,2009-09-24T00:30:00+00:00,-494290,4962.470
51425,2009-09-24T00:45:00+00:00,-493390,4962.438
51425,2009-09-24T01:00:00+00:00,-492490,4962.407
51425,2009-09-24T01:15:00+00:00,-491590,4962.382
51425,2009-09-24T01:30:00+00:00,-490690,4962.360
51425,2009-09-24T01:45:00+00:00,-489790,4962.343
51425,2009-09-24T02:00:00+00:00,-488890,4962.331
51425,2009-09-24T02:15:00+00:00,-487990,4962.327
51425,2009-09-24T02:30:00+00:00,-487090,4962.325
51425,2009-09-24T02:45:00+00:00,-486190,4962.326
51425,2009-09-24T03:00:00+00:00,-485290,4962.340
51425,2009-09-24T03:15:00+00:00,-484390,4962.354
51425,2009-09-24T03:30:00+00:00,-483490,4962.373
51425,2009-09-24T03:45:00+00:00,-482590,4962.396
51425,2009-09-24T04:00:00+00:00,-481690,4962.424
51425,2009-09-24T04:15:00+00:00,-480790,4962.458
51425,2009-09-24T04:30:00+00:00,-479890,4962.495
51425,2009-09-24T04:45:00+00:00,-478990,4962.535
51425,2009-09-24T05:00:00+00:00,-478090,4962.576
51425,2009-09-24T05:15:00+00:00,-477190,4962.620
51425,2009-09-24T05:30:00+00:00,-476290,4962.665
51425,2009-09-24T05:45:00+00:00,-475390,4962.708
51425,2009-09-24T06:00:00+00:00,-474490,4962.752
51425,2009-09-24T06:15:00+00:00,-473590,4962.792
51425,2009-09-24T06:30:00+00:00,-472690,4962.837
51425,2009-09-24T06:45:00+00:00,-471790,4962.871
51425,2009-09-24T07:00:00+00:00,-470890,4962.906
51425,2009-09-24T07:15:00+00:00,-469990,4962.940
51425,2009-09-24T07:30:00+00:00,-469090,4962.969
51425,2009-09-24T07:45:00+00:00,-468190,4962.993
51425,2009-09-24T08:00:00+00:00,-467290,4963.015
51425,2009-09-24T08:15:00+00:00,-466390,4963.029
51425,2009-09-24T08:30:00+00:00,-465490,4963.039
51425,2009-09-24T08:45:00+00:00,-464590,4963.044
51425,2009-09-24T09:00:00+00:00,-463690,4963.042
51425,2009-09-24T09:15:00+00:00,-462790,4963.034
51425,2009-09-24T09:30:00+00:00,-461890,4963.026
51425,2009-09-24T09:45:00+00:00,-460990,4963.011
51425,2009-09-24T10:00:00+00:00,-460090,4962.993
51425,2009-09-24T10:15:00+00:00,-459190,4962.971
51425,2009-09-24T10:30:00+00:00,-458290,4962.944
51425,2009-09-24T10:45:00+00:00,-457390,4962.912
51425,2009-09-24T11:00:00+00:00,-456490,4962.878
51425,2009-09-24T11:15:00+00:00,-455590,4962.839
51425,2009-09-24T11:30:00+00:00,-454690,4962.797
51425,2009-09-24T11:45:00+00:00,-453790,4962.754
51425,2009-09-24T12:00:00+00:00,-452890,4962.710
51425,2009-09-24T12:15:00+00:00,-451990,4962.667
51425,2009-09-24T12:30:00+00:00,-451090,4962.627
51425,2009-09-24T12:45:00+00:00,-450190,4962.586
51425,2009-09-24T13:00:00+00:00,-449290,4962.546
51425,2009-09-24T13:15:00+00:00,-448390,4962.510
51425,2009-09-24T13:30:00+00:00,-447490,4962.477
51425,2009-09-24T13:45:00+00:00,-446590,4962.448
51425,2009-09-24T14:00:00+00:00,-445690,4962.420
51425,2009-09-24T14:15:00+00:00,-444790,4962.396
51425,2009-09-24T14:30:00+00:00,-443890,4962.380
51425,2009-09-24T14:45:00+00:00,-442990,4962.368
51425,2009-09-24T15:00:00+00:00,-442090,4962.360
51425,2009-09-24T15:15:00+00:00,-441190,4962.355
51425,2009-09-24T15:30:00+00:00,-440290,4962.351
51425,2009-09-24T15:45:00+00:00,-439390,4962.355
51425,2009-09-24T16:00:00+00:00,-438490,4962.363
51425,2009-09-24T16:15:00+00:00,-437590,4962.375
51425,2009-09-24T16:30:00+00:00,-436690,4962.391
51425,2009-09-24T16:45:00+00:00,-435790,4962.408
51425,2009-09-24T17:00:00+00:00,-434890,4962.427
51425,2009-09-24T17:15:00+00:00,-433990,4962.453
51425,2009-09-24T17:30:00+00:00,-433090,4962.478
51425,2009-09-24T17:45:00+00:00,-432190,4962.504
51425,2009-09-24T18:00:00+00:00,-431290,4962.533
51425,2009-09-24T18:15:00+00:00,-430390,4962.565
51425,2009-09-24T18:30:00+00:00,-429490,4962.595
51425,2009-09-24T18:45:00+00:00,-428590,4962.627
51425,2009-09-24T19:00:00+00:00,-427690,4962.659
51425,2009-09-24T19:15:00+00:00,-426790,4962.688
51425,2009-09-24T19:30:00+00:00,-425890,4962.714
51425,2009-09-24T19:45:00+00:00,-424990,4962.737
51425,2009-09-24T20:00:00+00:00,-424090,4962.759
51425,2009-09-24T20:15:00+00:00,-423190,4962.775
51425,2009-09-24T20:30:00+00:00,-422290,4962.793
51425,2009-09-24T20:45:00+00:00,-421390,4962.807
51425,2009-09-24T21:00:00+00:00,-420490,4962.817
51425,2009-09-24T21:15:00+00:00,-419590,4962.824
51425,2009-09-24T21:30:00+00:00,-418690,4962.826
51425,2009-09-24T21:45:00+00:00,-417790,4962.828
51425,2009-09-24T22:00:00+00:00,-416890,4962.824
51425,2009-09-24T22:15:00+00:00,-415990,4962.815
51425,2009-09-24T22:30:00+00:00,-415090,4962.803
51425,2009-09-24T22:45:00+00:00,-414190,4962.790
51425,2009-09-24T23:00:00+00:00,-413290,4962.772
51425,2009-09-24T23:15:00+00:00,-412390,4962.753
51425,2009-09-24T23:30:00+00:00,-411490,4962.731
51425,2009-09-24T23:45:00+00:00,-410590,4962.707
51425,2009-09-25T00:00:00+00:00,-409690,4962.684
51425,2009-09-25T00:15:00+00:00,-408790,4962.659
51425,2009-09-25T00:30:00+00:00,-407890,4962.636
51425,2009-09-25T00:45:00+00:00,-406990,4962.608
51425,2009-09-25T01:00:00+00:00,-406090,4962.585
51425,2009-09-25T01:15:00+00:00,-405190,4962.560
51425,2009-09-25T01:30:00+00:00,-404290,4962.538
51425,2009-09-25T01:45:00+00:00,-403390,4962.515
51425,2009-09-25T02:00:00+00:00,-402490,4962.494
51425,2009-09-25T02:15:00+00:00,-401590,4962.477
51425,2009-09-25T02:30:00+00:00,-400690,4962.462
51425,2009-09-25T02:45:00+00:00,-399790,4962.450
51425,2009-09-25T03:00:00+00:00,-398890,4962.439
51425,2009-09-25T03:15:00+00:00,-397990,4962.434
51425,2009-09-25T03:30:00+00:00,-397090,4962.433
51425,2009-09-25T03:45:00+00:00,-396190,4962.434
51425,2009-09-25T04:00:00+00:00,-395290,4962.436
51425,2009-09-25T04:15:00+00:00,-394390,4962.448
51425,2009-09-25T04:30:00+00:00,-393490,4962.462
51425,2009-09-25T04:45:00+00:00,-392590,4962.482
51425,2009-09-25T05:00:00+00:00,-391690,4962.503
51425,2009-09-25T05:15:00+00:00,-390790,4962.526
51425,2009-09-25T05:30:00+00:00,-389890,4962.552
51425,2009-09-25T05:45:00+00:00,-388990,4962.577
51425,2009-09-25T06:00:00+00:00,-388090,4962.603
51425,2009-09-25T06:15:00+00:00,-387190,4962.631
51425,2009-09-25T06:30:00+00:00,-386290,4962.663
51425,2009-09-25T06:45:00+00:00,-385390,4962.691
51425,2009-09-25T07:00:00+00:00,-384490,4962.720
51425,2009-09-25T07:15:00+00:00,-383590,4962.747
51425,2009-09-25T07:30:00+00:00,-382690,4962.777
51425,2009-09-25T07:45:00+00:00,-381790,4962.802
51425,2009-09-25T08:00:00+00:00,-380890,4962.826
51425,2009-09-25T08:15:00+00:00,-379990,4962.849
51425,2009-09-25T08:30:00+00:00,-379090,4962.871
51425,2009-09-25T08:45:00+00:00,-378190,4962.893
51425,2009-09-25T09:00:00+00:00,-377290,4962.908
51425,2009-09-25T09:15:00+00:00,-376390,4962.921
51425,2009-09-25T09:30:00+00:00,-375490,4962.933
51425,2009-09-25T09:45:00+00:00,-374590,4962.942
51425,2009-09-25T10:00:00+00:00,-373690,4962.944
51425,2009-09-25T10:15:00+00:00,-372790,4962.945
51425,2009-09-25T10:30:00+00:00,-371890,4962.941
51425,2009-09-25T10:45:00+00:00,-370990,4962.938
51425,2009-09-25T11:00:00+00:00,-370090,4962.928
51425,2009-09-25T11:15:00+00:00,-369190,4962.913
51425,2009-09-25T11:30:00+00:00,-368290,4962.896
51425,2009-09-25T11:45:00+00:00,-367390,4962.874
51425,2009-09-25T12:00:00+00:00,-366490,4962.850
51425,2009-09-25T12:15:00+00:00,-365590,4962.824
51425,2009-09-25T12:30:00+00:00,-364690,4962.798
51425,2009-09-25T12:45:00+00:00,-363790,4962.767
51425,2009-09-25T13:00:00+00:00,-362890,4962.735
51425,2009-09-25T13:15:00+00:00,-361990,4962.700
51425,2009-09-25T13:30:00+00:00,-361090,4962.664
51425,2009-09-25T13:45:00+00:00,-360190,4962.628
51425,2009-09-25T14:00:00+00:00,-359290,4962.594
51425,2009-09-25T14:15:00+00:00,-358390,4962.564
51425,2009-09-25T14:30:00+00:00,-357490,4962.534
51425,2009-09-25T14:45:00+00:00,-356590,4962.508
51425,2009-09-25T15:00:00+00:00,-355690,4962.483
51425,2009-09-25T15:15:00+00:00,-354790,4962.461
51425,2009-09-25T15:30:00+00:00,-353890,4962.443
51425,2009-09-25T15:45:00+00:00,-352990,4962.427
51425,2009-09-25T16:00:00+00:00,-352090,4962.414
51425,2009-09-25T16:15:00+00:00,-351190,4962.398
51425,2009-09-25T16:30:00+00:00,-350290,4962.390
51425,2009-09-25T16:45:00+00:00,-349390,4962.384
51425,2009-09-25T17:00:00+00:00,-348490,4962.383
51425,2009-09-25T17:15:00+00:00,-347590,4962.382
51425,2009-09-25T17:30:00+00:00,-346690,4962.388
51425,2009-09-25T17:45:00+00:00,-345790,4962.398
51425,2009-09-25T18:00:00+00:00,-344890,4962.409
51425,2009-09-25T18:15:00+00:00,-343990,4962.428
51425,2009-09-25T18:30:00+00:00,-343090,4962.445
51425,2009-09-25T18:45:00+00:00,-342190,4962.462
51425,2009-09-25T19:00:00+00:00,-341290,4962.483
51425,2009-09-25T19:15:00+00:00,-340390,4962.506
51425,2009-09-25T19:30:00+00:00,-339490,4962.531
51425,2009-09-25T19:45:00+00:00,-338590,4962.559
51425,2009-09-25T20:00:00+00:00,-337690,4962.583
51425,2009-09-25T20:15:00+00:00,-336790,4962.606
51425,2009-09-25T20:30:00+00:00,-335890,4962.629
51425,2009-09-25T20:45:00+00:00,-334990,4962.651
51425,2009-09-25T21:00:00+00:00,-334090,4962.673
51425,2009-09-25T21:15:00+00:00,-333190,4962.691
51425,2009-09-25T21:30:00+00:00,-332290,4962.709
51425,2009-09-25T21:45:00+00:00,-331390,4962.725
51425,2009-09-25T22:00:00+00:00,-330490,4962.738
51425,2009-09-25T22:15:00+00:00,-329590,4962.748
51425,2009-09-25T22:30:00+00:00,-328690,4962.756
51425,2009-09-25T22:45:00+00:00,-327790,4962.765
51425,2009-09-25T23:00:00+00:00,-326890,4962.769
51425,2009-09-25T23:15:00+00:00,-325990,4962.771
51425,2009-09-25T23:30:00+00:00,-325090,4962.771
51425,2009-09-25T23:45:00+00:00,-324190,4962.767
51425,2009-09-26T00:00:00+00:00,-323290,4962.760
51425,2009-09-26T00:15:00+00:00,-322390,4962.748
51425,2009-09-26T00:30:00+00:00,-321490,4962.735
51425,2009-09-26T00:45:00+00:00,-320590,4962.722
51425,2009-09-26T01:00:00+00:00,-319690,4962.705
51425,2009-09-26T01:15:00+00:00,-318790,4962.689
51425,2009-09-26T01:30:00+00:00,-317890,4962.669
51425,2009-09-26T01:45:00+00:00,-316990,4962.650
51425,2009-09-26T02:00:00+00:00,-316090,4962.630
51425,2009-09-26T02:15:00+00:00,-315190,4962.609
51425,2009-09-26T02:30:00+00:00,-314290,4962.591
51425,2009-09-26T02:45:00+00:00,-313390,4962.571
51425,2009-09-26T03:00:00+00:00,-312490,4962.552
51425,2009-09-26T03:15:00+00:00,-311590,4962.533
51425,2009-09-26T03:30:00+00:00,-310690,4962.517
51425,2009-09-26T03:45:00+00:00,-309790,4962.505
51425,2009-09-26T04:00:00+00:00,-308890,4962.491
51425,2009-09-26T04:15:00+00:00,-307990,4962.480
51425,2009-09-26T04:30:00+00:00,-307090,4962.475
51425,2009-09-26T04:45:00+00:00,-306190,4962.471
51425,2009-09-26T05:00:00+00:00,-305290,4962.474
51425,2009-09-26T05:15:00+00:00,-304390,4962.474
51425,2009-09-26T05:30:00+00:00,-303490,4962.481
51425,2009-09-26T05:45:00+00:00,-302590,4962.486
51425,2009-09-26T06:00:00+00:00,-301690,4962.495
51425,2009-09-26T06:15:00+00:00,-300790,4962.511
51425,2009-09-26T06:30:00+00:00,-299890,4962.528
51425,2009-09-26T06:45:00+00:00,-298990,4962.545
51425,2009-09-26T07:00:00+00:00,-298090,4962.565
51425,2009-09-26T07:15:00+00:00,-297190,4962.587
51425,2009-09-26T07:30:00+00:00,-296290,4962.612
51425,2009-09-26T07:45:00+00:00,-295390,4962.636
51425,2009-09-26T08:00:00+00:00,-294490,4962.659
51425,2009-09-26T08:15:00+00:00,-293590,4962.684
51425,2009-09-26T08:30:00+00:00,-292690,4962.710
51425,2009-09-26T08:45:00+00:00,-291790,4962.735
51425,2009-09-26T09:00:00+00:00,-290890,4962.758
51425,2009-09-26T09:15:00+00:00,-289990,4962.784
51425,2009-09-26T09:30:00+00:00,-289090,4962.808
51425,2009-09-26T09:45:00+00:00,-288190,4962.831
51425,2009-09-26T10:00:00+00:00,-287290,4962.852
51425,2009-09-26T10:15:00+00:00,-286390,4962.871
51425,2009-09-26T10:30:00+00:00,-285490,4962.888
51425,2009-09-26T10:45:00+00:00,-284590,4962.902
51425,2009-09-26T11:00:00+00:00,-283690,4962.912
51425,2009-09-26T11:15:00+00:00,-282790,4962.919
51425,2009-09-26T11:30:00+00:00,-281890,4962.923
51425,2009-09-26T11:45:00+00:00,-280990,4962.922
51425,2009-09-26T12:00:00+00:00,-280090,4962.921
51425,2009-09-26T12:15:00+00:00,-279190,4962.914
51425,2009-09-26T12:30:00+00:00,-278290,4962.905
51425,2009-09-26T12:45:00+00:00,-277390,4962.890
51425,2009-09-26T13:00:00+00:00,-276490,4962.874
51425,2009-09-26T13:15:00+00:00,-275590,4962.852
51425,2009-09-26T13:30:00+00:00,-274690,4962.827
51425,2009-09-26T13:45:00+00:00,-273790,4962.802
51425,2009-09-26T14:00:00+00:00,-272890,4962.773
51425,2009-09-26T14:15:00+00:00,-271990,4962.743
51425,2009-09-26T14:30:00+00:00,-271090,4962.715
51425,2009-09-26T14:45:00+00:00,-270190,4962.685
51425,2009-09-26T15:00:00+00:00,-269290,4962.656
51425,2009-09-26T15:15:00+00:00,-268390,4962.625
51425,2009-09-26T15:30:00+00:00,-267490,4962.594
51425,2009-09-26T15:45:00+00:00,-266590,4962.563
51425,2009-09-26T16:00:00+00:00,-265690,4962.534
51425,2009-09-26T16:15:00+00:00,-264790,4962.504
51425,2009-09-26T16:30:00+00:00,-263890,4962.479
51425,2009-09-26T16:45:00+00:00,-262990,4962.453
51425,2009-09-26T17:00:00+00:00,-262090,4962.431
51425,2009-09-26T17:15:00+00:00,-261190,4962.413
51425,2009-09-26T17:30:00+00:00,-260290,4962.400
51425,2009-09-26T17:45:00+00:00,-259390,4962.389
51425,2009-09-26T18:00:00+00:00,-258490,4962.384
51425,2009-09-26T18:15:00+00:00,-257590,4962.380
51425,2009-09-26T18:30:00+00:00,-256690,4962.384
51425,2009-09-26T18:45:00+00:00,-255790,4962.387
51425,2009-09-26T19:00:00+00:00,-254890,4962.393
51425,2009-09-26T19:15:00+00:00,-253990,4962.401
51425,2009-09-26T19:30:00+00:00,-253090,4962.411
51425,2009-09-26T19:45:00+00:00,-252190,4962.428
51425,2009-09-26T20:00:00+00:00,-251290,4962.443
51425,2009-09-26T20:15:00+00:00,-250390,4962.464
51425,2009-09-26T20:30:00+00:00,-249490,4962.487
51425,2009-09-26T20:45:00+00:00,-248590,4962.509
51425,2009-09-26T21:00:00+00:00,-247690,4962.531
51425,2009-09-26T21:15:00+00:00,-246790,4962.557
51425,2009-09-26T21:30:00+00:00,-245890,4962.584
51425,2009-09-26T21:45:00+00:00,-244990,4962.612
51425,2009-09-26T22:00:00+00:00,-244090,4962.640
51425,2009-09-26T22:15:00+00:00,-243190,4962.666
51425,2009-09-26T22:30:00+00:00,-242290,4962.694
51425,2009-09-26T22:45:00+00:00,-241390,4962.717
51425,2009-09-26T23:00:00+00:00,-240490,4962.740
51425,2009-09-26T23:15:00+00:00,-239590,4962.763
51425,2009-09-26T23:30:00+00:00,-238690,4962.781
51425,2009-09-26T23:45:00+00:00,-237790,4962.793
51425,2009-09-27T00:00:00+00:00,-236890,4962.804
51425,2009-09-27T00:15:00+00:00,-235990,4962.814
51425,2009-09-27T00:30:00+00:00,-235090,4962.818
51425,2009-09-27T00:45:00+00:00,-234190,4962.819
51425,2009-09-27T01:00:00+00:00,-233290,4962.818
51425,2009-09-27T01:15:00+00:00,-232390,4962.813
51425,2009-09-27T01:30:00+00:00,-231490,4962.808
51425,2009-09-27T01:45:00+00:00,-230590,4962.795
51425,2009-09-27T02:00:00+00:00,-229690,4962.783
51425,2009-09-27T02:15:00+00:00,-228790,4962.765
51425,2009-09-27T02:30:00+00:00,-227890,4962.746
51425,2009-09-27T02:45:00+00:00,-226990,4962.724
51425,2009-09-27T03:00:00+00:00,-226090,4962.704
51425,2009-09-27T03:15:00+00:00,-225190,4962.678
51425,2009-09-27T03:30:00+00:00,-224290,4962.651
51425,2009-09-27T03:45:00+00:00,-223390,4962.628
51425,2009-09-27T04:00:00+00:00,-222490,4962.603
51425,2009-09-27T04:15:00+00:00,-221590,4962.577
51425,2009-09-27T04:30:00+00:00,-220690,4962.555
51425,2009-09-27T04:45:00+00:00,-219790,4962.536
51425,2009-09-27T05:00:00+00:00,-218890,4962.519
51425,2009-09-27T05:15:00+00:00,-217990,4962.503
51425,2009-09-27T05:30:00+00:00,-217090,4962.486
51425,2009-09-27T05:45:00+00:00,-216190,4962.474
51425,2009-09-27T06:00:00+00:00,-215290,4962.468
51425,2009-09-27T06:15:00+00:00,-214390,4962.462
51425,2009-09-27T06:30:00+00:00,-213490,4962.458
51425,2009-09-27T06:45:00+00:00,-212590,4962.457
51425,2009-09-27T07:00:00+00:00,-211690,4962.461
51425,2009-09-27T07:15:00+00:00,-210790,4962.470
51425,2009-09-27T07:30:00+00:00,-209890,4962.481
51425,2009-09-27T07:45:00+00:00,-208990,4962.495
51425,2009-09-27T08:00:00+00:00,-208090,4962.514
51425,2009-09-27T08:15:00+00:00,-207190,4962.535
51425,2009-09-27T08:30:00+00:00,-206290,4962.559
51425,2009-09-27T08:45:00+00:00,-205390,4962.587
51425,2009-09-27T09:00:00+00:00,-204490,4962.614
51425,2009-09-27T09:15:00+00:00,-203590,4962.644
51425,2009-09-27T09:30:00+00:00,-202690,4962.674
51425,2009-09-27T09:45:00+00:00,-201790,4962.708
51425,2009-09-27T10:00:00+00:00,-200890,4962.741
51425,2009-09-27T10:15:00+00:00,-199990,4962.773
51425,2009-09-27T10:30:00+00:00,-199090,4962.805
51425,2009-09-27T10:45:00+00:00,-198190,4962.836
51425,2009-09-27T11:00:00+00:00,-197290,4962.865
51425,2009-09-27T11:15:00+00:00,-196390,4962.889
51425,2009-09-27T11:30:00+00:00,-195490,4962.912
51425,2009-09-27T11:45:00+00:00,-194590,4962.933
51425,2009-09-27T12:00:00+00:00,-193690,4962.950
51425,2009-09-27T12:15:00+00:00,-192790,4962.963
51425,2009-09-27T12:30:00+00:00,-191890,4962.969
51425,2009-09-27T12:45:00+00:00,-190990,4962.975
51425,2009-09-27T13:00:00+00:00,-190090,4962.977
51425,2009-09-27T13:15:00+00:00,-189190,4962.975
51425,2009-09-27T13:30:00+00:00,-188290,4962.966
51425,2009-09-27T13:45:00+00:00,-187390,4962.951
51425,2009-09-27T14:00:00+00:00,-186490,4962.934
51425,2009-09-27T14:15:00+00:00,-185590,4962.915
51425,2009-09-27T14:30:00+00:00,-184690,4962.888
51425,2009-09-27T14:45:00+00:00,-183790,4962.858
51425,2009-09-27T15:00:00+00:00,-182890,4962.827
51425,2009-09-27T15:15:00+00:00,-181990,4962.795
51425,2009-09-27T15:30:00+00:00,-181090,4962.759
51425,2009-09-27T15:45:00+00:00,-180190,4962.726
51425,2009-09-27T16:00:00+00:00,-179290,4962.687
51425,2009-09-27T16:15:00+00:00,-178390,4962.648
51425,2009-09-27T16:30:00+00:00,-177490,4962.609
51425,2009-09-27T16:45:00+00:00,-176590,4962.568
51425,2009-09-27T17:00:00+00:00,-175690,4962.532
51425,2009-09-27T17:15:00+00:00,-174790,4962.497
51425,2009-09-27T17:30:00+00:00,-173890,4962.466
51425,2009-09-27T17:45:00+00:00,-172990,4962.434
51425,2009-09-27T18:00:00+00:00,-172090,4962.406
51425,2009-09-27T18:15:00+00:00,-171190,4962.383
51425,2009-09-27T18:30:00+00:00,-170290,4962.361
51425,2009-09-27T18:45:00+00:00,-169390,4962.347
51425,2009-09-27T19:00:00+00:00,-168490,4962.335
51425,2009-09-27T19:15:00+00:00,-167590,4962.328
51425,2009-09-27T19:30:00+00:00,-166690,4962.324
51425,2009-09-27T19:45:00+00:00,-165790,4962.328
51425,2009-09-27T20:00:00+00:00,-164890,4962.335
51425,2009-09-27T20:15:00+00:00,-163990,4962.349
51425,2009-09-27T20:30:00+00:00,-163090,4962.364
51425,2009-09-27T20:45:00+00:00,-162190,4962.386
51425,2009-09-27T21:00:00+00:00,-161290,4962.409
51425,2009-09-27T21:15:00+00:00,-160390,4962.439
51425,2009-09-27T21:30:00+00:00,-159490,4962.469
51425,2009-09-27T21:45:00+00:00,-158590,4962.504
51425,2009-09-27T22:00:00+00:00,-157690,4962.540
51425,2009-09-27T22:15:00+00:00,-156790,4962.573
51425,2009-09-27T22:30:00+00:00,-155890,4962.609
51425,2009-09-27T22:45:00+00:00,-154990,4962.645
51425,2009-09-27T23:00:00+00:00,-154090,4962.683
51425,2009-09-27T23:15:00+00:00,-153190,4962.717
51425,2009-09-27T23:30:00+00:00,-152290,4962.753
51425,2009-09-27T23:45:00+00:00,-151390,4962.786
51425,2009-09-28T00:00:00+00:00,-150490,4962.815
51425,2009-09-28T00:15:00+00:00,-149590,4962.842
51425,2009-09-28T00:30:00+00:00,-148690,4962.867
51425,2009-09-28T00:45:00+00:00,-147790,4962.886
51425,2009-09-28T01:00:00+00:00,-146890,4962.899
51425,2009-09-28T01:15:00+00:00,-145990,4962.911
51425,2009-09-28T01:30:00+00:00,-145090,4962.919
51425,2009-09-28T01:45:00+00:00,-144190,4962.920
51425,2009-09-28T02:00:00+00:00,-143290,4962.918
51425,2009-09-28T02:15:00+00:00,-142390,4962.911
51425,2009-09-28T02:30:00+00:00,-141490,4962.899
51425,2009-09-28T02:45:00+00:00,-140590,4962.883
51425,2009-09-28T03:00:00+00:00,-139690,4962.861
51425,2009-09-28T03:15:00+00:00,-138790,4962.835
51425,2009-09-28T03:30:00+00:00,-137890,4962.810
51425,2009-09-28T03:45:00+00:00,-136990,4962.782
51425,2009-09-28T04:00:00+00:00,-136090,4962.747
51425,2009-09-28T04:15:00+00:00,-135190,4962.716
51425,2009-09-28T04:30:00+00:00,-134290,4962.678
51425,2009-09-28T04:45:00+00:00,-133390,4962.642
51425,2009-09-28T05:00:00+00:00,-132490,4962.607
51425,2009-09-28T05:15:00+00:00,-131590,4962.572
51425,2009-09-28T05:30:00+00:00,-130690,4962.539
51425,2009-09-28T05:45:00+00:00,-129790,4962.507
51425,2009-09-28T06:00:00+00:00,-128890,4962.480
51425,2009-09-28T06:15:00+00:00,-127990,4962.453
51425,2009-09-28T06:30:00+00:00,-127090,4962.429
51425,2009-09-28T06:45:00+00:00,-126190,4962.411
51425,2009-09-28T07:00:00+00:00,-125290,4962.399
51425,2009-09-28T07:15:00+00:00,-124390,4962.391
51425,2009-09-28T07:30:00+00:00,-123490,4962.387
51425,2009-09-28T07:45:00+00:00,-122590,4962.386
51425,2009-09-28T08:00:00+00:00,-121690,4962.391
51425,2009-09-28T08:15:00+00:00,-120790,4962.402
51425,2009-09-28T08:30:00+00:00,-119890,4962.418
51425,2009-09-28T08:45:00+00:00,-118990,4962.439
51425,2009-09-28T09:00:00+00:00,-118090,4962.464
51425,2009-09-28T09:15:00+00:00,-117190,4962.494
51425,2009-09-28T09:30:00+00:00,-116290,4962.533
51425,2009-09-28T09:45:00+00:00,-115390,4962.571
51425,2009-09-28T10:00:00+00:00,-114490,4962.613
51425,2009-09-28T10:15:00+00:00,-113590,4962.653
51425,2009-09-28T10:30:00+00:00,-112690,4962.693
51425,2009-09-28T10:45:00+00:00,-111790,4962.734
51425,2009-09-28T11:00:00+00:00,-110890,4962.776
51425,2009-09-28T11:15:00+00:00,-109990,4962.814
51425,2009-09-28T11:30:00+00:00,-109090,4962.852
51425,2009-09-28T11:45:00+00:00,-108190,4962.892
51425,2009-09-28T12:00:00+00:00,-107290,4962.929
51425,2009-09-28T12:15:00+00:00,-106390,4962.963
51425,2009-09-28T12:30:00+00:00,-105490,4962.992
51425,2009-09-28T12:45:00+00:00,-104590,4963.018
51425,2009-09-28T13:00:00+00:00,-103690,4963.039
51425,2009-09-28T13:15:00+00:00,-102790,4963.055
51425,2009-09-28T13:30:00+00:00,-101890,4963.063
51425,2009-09-28T13:45:00+00:00,-100990,4963.067
51425,2009-09-28T14:00:00+00:00,-100090,4963.066
51425,2009-09-28T14:15:00+00:00,-99190,4963.058
51425,2009-09-28T14:30:00+00:00,-98290,4963.044
51425,2009-09-28T14:45:00+00:00,-97390,4963.027
51425,2009-09-28T15:00:00+00:00,-96490,4963.003
51425,2009-09-28T15:15:00+00:00,-95590,4962.976
51425,2009-09-28T15:30:00+00:00,-94690,4962.944
51425,2009-09-28T15:45:00+00:00,-93790,4962.906
51425,2009-09-28T16:00:00+00:00,-92890,4962.862
51425,2009-09-28T16:15:00+00:00,-91990,4962.814
51425,2009-09-28T16:30:00+00:00,-91090,4962.767
51425,2009-09-28T16:45:00+00:00,-90190,4962.719
51425,2009-09-28T17:00:00+00:00,-89290,4962.667
51425,2009-09-28T17:15:00+00:00,-88390,4962.618
51425,2009-09-28T17:30:00+00:00,-87490,4962.567
51425,2009-09-28T17:45:00+00:00,-86590,4962.520
51425,2009-09-28T18:00:00+00:00,-85690,4962.471
51425,2009-09-28T18:15:00+00:00,-84790,4962.428
51425,2009-09-28T18:30:00+00:00,-83890,4962.387
51425,2009-09-28T18:45:00+00:00,-82990,4962.352
51425,2009-09-28T19:00:00+00:00,-82090,4962.322
51425,2009-09-28T19:15:00+00:00,-81190,4962.295
51425,2009-09-28T19:30:00+00:00,-80290,4962.278
51425,2009-09-28T19:45:00+00:00,-79390,4962.265
51425,2009-09-28T20:00:00+00:00,-78490,4962.259
51425,2009-09-28T20:15:00+00:00,-77590,4962.259
51425,2009-09-28T20:30:00+00:00,-76690,4962.268
51425,2009-09-28T20:45:00+00:00,-75790,4962.278
51425,2009-09-28T21:00:00+00:00,-74890,4962.294
51425,2009-09-28T21:15:00+00:00,-73990,4962.316
51425,2009-09-28T21:30:00+00:00,-73090,4962.340
51425,2009-09-28T21:45:00+00:00,-72190,4962.370
51425,2009-09-28T22:00:00+00:00,-71290,4962.405
51425,2009-09-28T22:15:00+00:00,-70390,4962.444
51425,2009-09-28T22:30:00+00:00,-69490,4962.486
51425,2009-09-28T22:45:00+00:00,-68590,4962.531
51425,2009-09-28T23:00:00+00:00,-67690,4962.579
51425,2009-09-28T23:15:00+00:00,-66790,4962.628
51425,2009-09-28T23:30:00+00:00,-65890,4962.677
51425,2009-09-28T23:45:00+00:00,-64990,4962.723
51425,2009-09-29T00:00:00+00:00,-64090,4962.767
51425,2009-09-29T00:15:00+00:00,-63190,4962.811
51425,2009-09-29T00:30:00+00:00,-62290,4962.854
51425,2009-09-29T00:45:00+00:00,-61390,4962.893
51425,2009-09-29T01:00:00+00:00,-60490,4962.927
51425,2009-09-29T01:15:00+00:00,-59590,4962.955
51425,2009-09-29T01:30:00+00:00,-58690,4962.979
51425,2009-09-29T01:45:00+00:00,-57790,4962.998
51425,2009-09-29T02:00:00+00:00,-56890,4963.012
51425,2009-09-29T02:15:00+00:00,-55990,4963.019
51425,2009-09-29T02:30:00+00:00,-55090,4963.022
51425,2009-09-29T02:45:00+00:00,-54190,4963.015
51425,2009-09-29T03:00:00+00:00,-53290,4963.003
51425,2009-09-29T03:15:00+00:00,-52390,4962.985
51425,2009-09-29T03:30:00+00:00,-51490,4962.962
51425,2009-09-29T03:45:00+00:00,-50590,4962.935
51425,2009-09-29T04:00:00+00:00,-49690,4962.902
51425,2009-09-29T04:15:00+00:00,-48790,4962.863
51425,2009-09-29T04:30:00+00:00,-47890,4962.822
51425,2009-09-29T04:45:00+00:00,-46990,4962.781
51425,2009-09-29T05:00:00+00:00,-46090,4962.737
51425,2009-09-29T05:15:00+00:00,-45190,4962.691
51425,2009-09-29T05:30:00+00:00,-44290,4962.645
51425,2009-09-29T05:45:00+00:00,-43390,4962.596
51425,2009-09-29T06:00:00+00:00,-42490,4962.550
51425,2009-09-29T06:15:00+00:00,-41590,4962.503
51425,2009-09-29T06:30:00+00:00,-40690,4962.462
51425,2009-09-29T06:45:00+00:00,-39790,4962.423
51425,2009-09-29T07:00:00+00:00,-38890,4962.388
51425,2009-09-29T07:15:00+00:00,-37990,4962.361
51425,2009-09-29T07:30:00+00:00,-37090,4962.339
51425,2009-09-29T07:45:00+00:00,-36190,4962.321
51425,2009-09-29T08:00:00+00:00,-35290,4962.308
51425,2009-09-29T08:15:00+00:00,-34390,4962.302
51425,2009-09-29T08:30:00+00:00,-33490,4962.302
51425,2009-09-29T08:45:00+00:00,-32590,4962.309
51425,2009-09-29T09:00:00+00:00,-31690,4962.325
51425,2009-09-29T09:15:00+00:00,-30790,4962.349
51425,2009-09-29T09:30:00+00:00,-29890,4962.379
51425,2009-09-29T09:45:00+00:00,-28990,4962.411
51425,2009-09-29T10:00:00+00:00,-28090,4962.448
51425,2009-09-29T10:15:00+00:00,-27190,4962.494
51425,2009-09-29T10:30:00+00:00,-26290,4962.541
51425,2009-09-29T10:45:00+00:00,-25390,4962.588
51425,2009-09-29T11:00:00+00:00,-24490,4962.641
51425,2009-09-29T11:15:00+00:00,-23590,4962.695
51425,2009-09-29T11:30:00+00:00,-22690,4962.752
51425,2009-09-29T11:45:00+00:00,-21790,4962.806
51425,2009-09-29T12:00:00+00:00,-20890,4962.859
51425,2009-09-29T12:15:00+00:00,-19990,4962.910
51425,2009-09-29T12:30:00+00:00,-19090,4962.960
51425,2009-09-29T12:45:00+00:00,-18190,4963.003
51425,2009-09-29T13:00:00+00:00,-17290,4963.045
51425,2009-09-29T13:15:00+00:00,-16390,4963.081
51425,2009-09-29T13:30:00+00:00,-15490,4963.112
51425,2009-09-29T13:45:00+00:00,-14590,4963.133
51425,2009-09-29T14:00:00+00:00,-13690,4963.153
51425,2009-09-29T14:15:00+00:00,-12790,4963.162
51425,2009-09-29T14:30:00+00:00,-11890,4963.167
51425,2009-09-29T14:45:00+00:00,-10990,4963.162
51425,2009-09-29T15:00:00+00:00,-10090,4963.151
51425,2009-09-29T15:15:00+00:00,-9190,4963.131
51425,2009-09-29T15:30:00+00:00,-8290,4963.104
51425,2009-09-29T15:45:00+00:00,-7390,4963.070
51425,2009-09-29T16:00:00+00:00,-6490,4963.034
51425,2009-09-29T16:15:00+00:00,-5590,4962.992
51425,2009-09-29T16:30:00+00:00,-4690,4962.943
51425,2009-09-29T16:45:00+00:00,-3790,4962.889
