station_id,timestamp_utc,seconds_from_origin,height_m
51426,2009-08-30T18:00:00+00:00,-2591290,5680.720
51426,2009-08-30T18:15:00+00:00,-2590390,5680.684
51426,2009-08-30T18:30:00+00:00,-2589490,5680.648
51426,2009-08-30T18:45:00+00:00,-2588590,5680.617
51426,2009-08-30T19:00:00+00:00,-2587690,5680.581
51426,2009-08-30T19:15:00+00:00,-2586790,5680.548
51426,2009-08-30T19:30:00+00:00,-2585890,5680.515
51426,2009-08-30T19:45:00+00:00,-2584990,5680.487
51426,2009-08-30T20:00:00+00:00,-2584090,5680.466
51426,2009-08-30T20:15:00+00:00,-2583190,5680.446
51426,2009-08-30T20:30:00+00:00,-2582290,5680.429
51426,2009-08-30T20:45:00+00:00,-2581390,5680.412
51426,2009-08-30T21:00:00+00:00,-2580490,5680.401
51426,2009-08-30T21:15:00+00:00,-2579590,5680.395
51426,2009-08-30T21:30:00+00:00,-2578690,5680.391
51426,2009-08-30T21:45:00+00:00,-2577790,5680.393
51426,2009-08-30T22:00:00+00:00,-2576890,5680.398
51426,2009-08-30T22:15:00+00:00,-2575990,5680.406
51426,2009-08-30T22:30:00+00:00,-2575090,5680.419
51426,2009-08-30T22:45:00+00:00,-2574190,5680.436
51426,2009-08-30T23:00:00+00:00,-2573290,5680.456
51426,2009-08-30T23:15:00+00:00,-2572390,5680.478
51426,2009-08-30T23:30:00+00:00,-2571490,5680.505
51426,2009-08-30T23:45:00+00:00,-2570590,5680.532
51426,2009-08-31T00:00:00+00:00,-2569690,5680.563
51426,2009-08-31T00:15:00+00:00,-2568790,5680.593
51426,2009-08-31T00:30:00+00:00,-2567890,5680.623
51426,2009-08-31T00:45:00+00:00,-2566990,5680.655
51426,2009-08-31T01:00:00+00:00,-2566090,5680.683
51426,2009-08-31T01:15:00+00:00,-2565190,5680.712
51426,2009-08-31T01:30:00+00:00,-2564290,5680.742
51426,2009-08-31T01:45:00+00:00,-2563390,5680.767
51426,2009-08-31T02:00:00+00:00,-2562490,5680.792
51426,2009-08-31T02:15:00+00:00,-2561590,5680.812
51426,2009-08-31T02:30:00+00:00,-2560690,5680.831
51426,2009-08-31T02:45:00+00:00,-2559790,5680.848
51426,2009-08-31T03:00:00+00:00,-2558890,5680.859
51426,2009-08-31T03:15:00+00:00,-2557990,5680.870
51426,2009-08-31T03:30:00+00:00,-2557090,5680.873
51426,2009-08-31T03:45:00+00:00,-2556190,5680.877
51426,2009-08-31T04:00:00+00:00,-2555290,5680.874
51426,2009-08-31T04:15:00+00:00,-2554390,5680.868
51426,2009-08-31T04:30:00+00:00,-2553490,5680.858
51426,2009-08-31T04:45:00+00:00,-2552590,5680.844
51426,2009-08-31T05:00:00+00:00,-2551690,5680.822
51426,2009-08-31T05:15:00+00:00,-2550790,5680.802
51426,2009-08-31T05:30:00+00:00,-2549890,5680.780
51426,2009-08-31T05:45:00+00:00,-2548990,5680.756
51426,2009-08-31T06:00:00+00:00,-2548090,5680.731
51426,2009-08-31T06:15:00+00:00,-2547190,5680.701
51426,2009-08-31T06:30:00+00:00,-2546290,5680.676
51426,2009-08-31T06:45:00+00:00,-2545390,5680.646
51426,2009-08-31T07:00:00+00:00,-2544490,5680.615
51426,2009-08-31T07:15:00+00:00,-2543590,5680.587
51426,2009-08-31T07:30:00+00:00,-2542690,5680.559
51426,2009-08-31T07:45:00+00:00,-2541790,5680.537
51426,2009-08-31T08:00:00+00:00,-2540890,5680.513
51426,2009-08-31T08:15:00+00:00,-2539990,5680.493
51426,2009-08-31T08:30:00+00:00,-2539090,5680.478
51426,2009-08-31T08:45:00+00:00,-2538190,5680.464
51426,2009-08-31T09:00:00+00:00,-2537290,5680.452
51426,2009-08-31T09:15:00+00:00,-2536390,5680.445
51426,2009-08-31T09:30:00+00:00,-2535490,5680.444
51426,2009-08-31T09:45:00+00:00,-2534590,5680.447
51426,2009-08-31T10:00:00+00:00,-2533690,5680.453
51426,2009-08-31T10:15:00+00:00,-2532790,5680.465
51426,2009-08-31T10:30:00+00:00,-2531890,5680.482
51426,2009-08-31T10:45:00+00:00,-2530990,5680.501
51426,2009-08-31T11:00:00+00:00,-2530090,5680.524
51426,2009-08-31T11:15:00+00:00,-2529190,5680.547
51426,2009-08-31T11:30:00+00:00,-2528290,5680.572
51426,2009-08-31T11:45:00+00:00,-2527390,5680.602
51426,2009-08-31T12:00:00+00:00,-2526490,5680.631
51426,2009-08-31T12:15:00+00:00,-2525590,5680.660
51426,2009-08-31T12:30:00+00:00,-2524690,5680.690
51426,2009-08-31T12:45:00+00:00,-2523790,5680.722
51426,2009-08-31T13:00:00+00:00,-2522890,5680.754
51426,2009-08-31T13:15:00+00:00,-2521990,5680.786
51426,2009-08-31T13:30:00+00:00,-2521090,5680.816
51426,2009-08-31T13:45:00+00:00,-2520190,5680.847
51426,2009-08-31T14:00:00+00:00,-2519290,5680.874
51426,2009-08-31T14:15:00+00:00,-2518390,5680.896
51426,2009-08-31T14:30:00+00:00,-2517490,5680.915
51426,2009-08-31T14:45:00+00:00,-2516590,5680.931
51426,2009-08-31T15:00:00+00:00,-2515690,5680.946
51426,2009-08-31T15:15:00+00:00,-2514790,5680.957
51426,2009-08-31T15:30:00+00:00,-2513890,5680.966
51426,2009-08-31T15:45:00+00:00,-2512990,5680.966
51426,2009-08-31T16:00:00+00:00,-2512090,5680.968
51426,2009-08-31T16:15:00+00:00,-2511190,5680.963
51426,2009-08-31T16:30:00+00:00,-2510290,5680.951
51426,2009-08-31T16:45:00+00:00,-2509390,5680.940
51426,2009-08-31T17:00:00+00:00,-2508490,5680.926
51426,2009-08-31T17:15:00+00:00,-2507590,5680.906
51426,2009-08-31T17:30:00+00:00,-2506690,5680.886
51426,2009-08-31T17:45:00+00:00,-2505790,5680.859
51426,2009-08-31T18:00:00+00:00,-2504890,5680.832
51426,2009-08-31T18:15:00+00:00,-2503990,5680.803
51426,2009-08-31T18:30:00+00:00,-2503090,5680.772
51426,2009-08-31T18:45:00+00:00,-2502190,5680.736
51426,2009-08-31T19:00:00+00:00,-2501290,5680.702
51426,2009-08-31T19:15:00+00:00,-2500390,5680.669
51426,2009-08-31T19:30:00+00:00,-2499490,5680.635
51426,2009-08-31T19:45:00+00:00,-2498590,5680.602
51426,2009-08-31T20:00:00+00:00,-2497690,5680.568
51426,2009-08-31T20:15:00+00:00,-2496790,5680.537
51426,2009-08-31T20:30:00+00:00,-2495890,5680.509
51426,2009-08-31T20:45:00+00:00,-2494990,5680.481
51426,2009-08-31T21:00:00+00:00,-2494090,5680.457
51426,2009-08-31T21:15:00+00:00,-2493190,5680.439
51426,2009-08-31T21:30:00+00:00,-2492290,5680.420
51426,2009-08-31T21:45:00+00:00,-2491390,5680.407
51426,2009-08-31T22:00:00+00:00,-2490490,5680.398
51426,2009-08-31T22:15:00+00:00,-2489590,5680.390
51426,2009-08-31T22:30:00+00:00,-2488690,5680.388
51426,2009-08-31T22:45:00+00:00,-2487790,5680.393
51426,2009-08-31T23:00:00+00:00,-2486890,5680.400
51426,2009-08-31T23:15:00+00:00,-2485990,5680.410
51426,2009-08-31T23:30:00+00:00,-2485090,5680.426
51426,2009-08-31T23:45:00+00:00,-2484190,5680.442
51426,2009-09-01T00:00:00+00:00,-2483290,5680.463
51426,2009-09-01T00:15:00+00:00,-2482390,5680.488
51426,2009-09-01T00:30:00+00:00,-2481490,5680.515
51426,2009-09-01T00:45:00+00:00,-2480590,5680.540
51426,2009-09-01T01:00:00+00:00,-2479690,5680.572
51426,2009-09-01T01:15:00+00:00,-2478790,5680.602
51426,2009-09-01T01:30:00+00:00,-2477890,5680.633
51426,2009-09-01T01:45:00+00:00,-2476990,5680.669
51426,2009-09-01T02:00:00+00:00,-2476090,5680.701
51426,2009-09-01T02:15:00+00:00,-2475190,5680.732
51426,2009-09-01T02:30:00+00:00,-2474290,5680.765
51426,2009-09-01T02:45:00+00:00,-2473390,5680.792
51426,2009-09-01T03:00:00+00:00,-2472490,5680.815
51426,2009-09-01T03:15:00+00:00,-2471590,5680.839
51426,2009-09-01T03:30:00+00:00,-2470690,5680.858
51426,2009-09-01T03:45:00+00:00,-2469790,5680.874
51426,2009-09-01T04:00:00+00:00,-2468890,5680.890
51426,2009-09-01T04:15:00+00:00,-2467990,5680.898
51426,2009-09-01T04:30:00+00:00,-2467090,5680.902
51426,2009-09-01T04:45:00+00:00,-2466190,5680.901
51426,2009-09-01T05:00:00+00:00,-2465290,5680.893
51426,2009-09-01T05:15:00+00:00,-2464390,5680.885
51426,2009-09-01T05:30:00+00:00,-2463490,5680.874
51426,2009-09-01T05:45:00+00:00,-2462590,5680.856
51426,2009-09-01T06:00:00+00:00,-2461690,5680.838
51426,2009-09-01T06:15:00+00:00,-2460790,5680.815
51426,2009-09-01T06:30:00+00:00,-2459890,5680.792
51426,2009-09-01T06:45:00+00:00,-2458990,5680.762
51426,2009-09-01T07:00:00+00:00,-2458090,5680.733
51426,2009-09-01T07:15:00+00:00,-2457190,5680.704
51426,2009-09-01T07:30:00+00:00,-2456290,5680.673
51426,2009-09-01T07:45:00+00:00,-2455390,5680.641
51426,2009-09-01T08:00:00+00:00,-2454490,5680.610
51426,2009-09-01T08:15:00+00:00,-2453590,5680.582
51426,2009-09-01T08:30:00+00:00,-2452690,5680.553
51426,2009-09-01T08:45:00+00:00,-2451790,5680.528
51426,2009-09-01T09:00:00+00:00,-2450890,5680.506
51426,2009-09-01T09:15:00+00:00,-2449990,5680.485
51426,2009-09-01T09:30:00+00:00,-2449090,5680.466
51426,2009-09-01T09:45:00+00:00,-2448190,5680.453
51426,2009-09-01T10:00:00+00:00,-2447290,5680.446
51426,2009-09-01T10:15:00+00:00,-2446390,5680.437
51426,2009-09-01T10:30:00+00:00,-2445490,5680.434
51426,2009-09-01T10:45:00+00:00,-2444590,5680.439
51426,2009-09-01T11:00:00+00:00,-2443690,5680.447
51426,2009-09-01T11:15:00+00:00,-2442790,5680.458
51426,2009-09-01T11:30:00+00:00,-2441890,5680.472
51426,2009-09-01T11:45:00+00:00,-2440990,5680.489
51426,2009-09-01T12:00:00+00:00,-2440090,5680.507
51426,2009-09-01T12:15:00+00:00,-2439190,5680.531
51426,2009-09-01T12:30:00+00:00,-2438290,5680.555
51426,2009-09-01T12:45:00+00:00,-2437390,5680.583
51426,2009-09-01T13:00:00+00:00,-2436490,5680.610
51426,2009-09-01T13:15:00+00:00,-2435590,5680.646
51426,2009-09-01T13:30:00+00:00,-2434690,5680.681
51426,2009-09-01T13:45:00+00:00,-2433790,5680.713
51426,2009-09-01T14:00:00+00:00,-2432890,5680.746
51426,2009-09-01T14:15:00+00:00,-2431990,5680.778
51426,2009-09-01T14:30:00+00:00,-2431090,5680.808
51426,2009-09-01T14:45:00+00:00,-2430190,5680.837
51426,2009-09-01T15:00:00+00:00,-2429290,5680.866
51426,2009-09-01T15:15:00+00:00,-2428390,5680.892
51426,2009-09-01T15:30:00+00:00,-2427490,5680.912
51426,2009-09-01T15:45:00+00:00,-2426590,5680.932
51426,2009-09-01T16:00:00+00:00,-2425690,5680.946
51426,2009-09-01T16:15:00+00:00,-2424790,5680.959
51426,2009-09-01T16:30:00+00:00,-2423890,5680.967
51426,2009-09-01T16:45:00+00:00,-2422990,5680.972
51426,2009-09-01T17:00:00+00:00,-2422090,5680.969
51426,2009-09-01T17:15:00+00:00,-2421190,5680.967
51426,2009-09-01T17:30:00+00:00,-2420290,5680.956
51426,2009-09-01T17:45:00+00:00,-2419390,5680.944
51426,2009-09-01T18:00:00+00:00,-2418490,5680.927
51426,2009-09-01T18:15:00+00:00,-2417590,5680.907
51426,2009-09-01T18:30:00+00:00,-2416690,5680.883
51426,2009-09-01T18:45:00+00:00,-2415790,5680.855
51426,2009-09-01T19:00:00+00:00,-2414890,5680.826
51426,2009-09-01T19:15:00+00:00,-2413990,5680.794
51426,2009-09-01T19:30:00+00:00,-2413090,5680.762
51426,2009-09-01T19:45:00+00:00,-2412190,5680.727
51426,2009-09-01T20:00:00+00:00,-2411290,5680.691
51426,2009-09-01T20:15:00+00:00,-2410390,5680.653
51426,2009-09-01T20:30:00+00:00,-2409490,5680.616
51426,2009-09-01T20:45:00+00:00,-2408590,5680.580
51426,2009-09-01T21:00:00+00:00,-2407690,5680.547
51426,2009-09-01T21:15:00+00:00,-2406790,5680.517
51426,2009-09-01T21:30:00+00:00,-2405890,5680.488
51426,2009-09-01T21:45:00+00:00,-2404990,5680.463
51426,2009-09-01T22:00:00+00:00,-2404090,5680.438
51426,2009-09-01T22:15:00+00:00,-2403190,5680.416
51426,2009-09-01T22:30:00+00:00,-2402290,5680.400
51426,2009-09-01T22:45:00+00:00,-2401390,5680.387
51426,2009-09-01T23:00:00+00:00,-2400490,5680.381
51426,2009-09-01T23:15:00+00:00,-2399590,5680.378
51426,2009-09-01T23:30:00+00:00,-2398690,5680.376
51426,2009-09-01T23:45:00+00:00,-2397790,5680.384
51426,2009-09-02T00:00:00+00:00,-2396890,5680.392
51426,2009-09-02T00:15:00+00:00,-2395990,5680.406
51426,2009-09-02T00:30:00+00:00,-2395090,5680.421
51426,2009-09-02T00:45:00+00:00,-2394190,5680.445
51426,2009-09-02T01:00:00+00:00,-2393290,5680.468
51426,2009-09-02T01:15:00+00:00,-2392390,5680.495
51426,2009-09-02T01:30:00+00:00,-2391490,5680.526
51426,2009-09-02T01:45:00+00:00,-2390590,5680.556
51426,2009-09-02T02:00:00+00:00,-2389690,5680.588
51426,2009-09-02T02:15:00+00:00,-2388790,5680.621
51426,2009-09-02T02:30:00+00:00,-2387890,5680.657
51426,2009-09-02T02:45:00+00:00,-2386990,5680.691
51426,2009-09-02T03:00:00+00:00,-2386090,5680.726
51426,2009-09-02T03:15:00+00:00,-2385190,5680.759
51426,2009-09-02T03:30:00+00:00,-2384290,5680.789
51426,2009-09-02T03:45:00+00:00,-2383390,5680.821
51426,2009-09-02T04:00:00+00:00,-2382490,5680.846
51426,2009-09-02T04:15:00+00:00,-2381590,5680.868
51426,2009-09-02T04:30:00+00:00,-2380690,5680.891
51426,2009-09-02T04:45:00+00:00,-2379790,5680.905
51426,2009-09-02T05:00:00+00:00,-2378890,5680.916
51426,2009-09-02T05:15:00+00:00,-2377990,5680.922
51426,2009-09-02T05:30:00+00:00,-2377090,5680.923
51426,2009-09-02T05:45:00+00:00,-2376190,5680.925
51426,2009-09-02T06:00:00+00:00,-2375290,5680.919
51426,2009-09-02T06:15:00+00:00,-2374390,5680.910
51426,2009-09-02T06:30:00+00:00,-2373490,5680.895
51426,2009-09-02T06:45:00+00:00,-2372590,5680.876
51426,2009-09-02T07:00:00+00:00,-2371690,5680.857
51426,2009-09-02T07:15:00+00:00,-2370790,5680.829
51426,2009-09-02T07:30:00+00:00,-2369890,5680.800
51426,2009-09-02T07:45:00+00:00,-2368990,5680.772
51426,2009-09-02T08:00:00+00:00,-2368090,5680.744
51426,2009-09-02T08:15:00+00:00,-2367190,5680.711
51426,2009-09-02T08:30:00+00:00,-2366290,5680.678
51426,2009-09-02T08:45:00+00:00,-2365390,5680.645
51426,2009-09-02T09:00:00+00:00,-2364490,5680.617
51426,2009-09-02T09:15:00+00:00,-2363590,5680.581
51426,2009-09-02T09:30:00+00:00,-2362690,5680.551
51426,2009-09-02T09:45:00+00:00,-2361790,5680.523
51426,2009-09-02T10:00:00+00:00,-2360890,5680.500
51426,2009-09-02T10:15:00+00:00,-2359990,5680.480
51426,2009-09-02T10:30:00+00:00,-2359090,5680.461
51426,2009-09-02T10:45:00+00:00,-2358190,5680.448
51426,2009-09-02T11:00:00+00:00,-2357290,5680.439
51426,2009-09-02T11:15:00+00:00,-2356390,5680.434
51426,2009-09-02T11:30:00+00:00,-2355490,5680.431
51426,2009-09-02T11:45:00+00:00,-2354590,5680.432
51426,2009-09-02T12:00:00+00:00,-2353690,5680.441
51426,2009-09-02T12:15:00+00:00,-2352790,5680.452
51426,2009-09-02T12:30:00+00:00,-2351890,5680.468
51426,2009-09-02T12:45:00+00:00,-2350990,5680.486
51426,2009-09-02T13:00:00+00:00,-2350090,5680.508
51426,2009-09-02T13:15:00+00:00,-2349190,5680.532
51426,2009-09-02T13:30:00+00:00,-2348290,5680.562
51426,2009-09-02T13:45:00+00:00,-2347390,5680.595
51426,2009-09-02T14:00:00+00:00,-2346490,5680.629
51426,2009-09-02T14:15:00+00:00,-2345590,5680.665
51426,2009-09-02T14:30:00+00:00,-2344690,5680.699
51426,2009-09-02T14:45:00+00:00,-2343790,5680.734
51426,2009-09-02T15:00:00+00:00,-2342890,5680.770
51426,2009-09-02T15:15:00+00:00,-2341990,5680.802
51426,2009-09-02T15:30:00+00:00,-2341090,5680.836
51426,2009-09-02T15:45:00+00:00,-2340190,5680.869
51426,2009-09-02T16:00:00+00:00,-2339290,5680.897
51426,2009-09-02T16:15:00+00:00,-2338390,5680.921
51426,2009-09-02T16:30:00+00:00,-2337490,5680.944
51426,2009-09-02T16:45:00+00:00,-2336590,5680.962
51426,2009-09-02T17:00:00+00:00,-2335690,5680.976
51426,2009-09-02T17:15:00+00:00,-2334790,5680.987
51426,2009-09-02T17:30:00+00:00,-2333890,5680.995
51426,2009-09-02T17:45:00+00:00,-2332990,5680.994
51426,2009-09-02T18:00:00+00:00,-2332090,5680.990
51426,2009-09-02T18:15:00+00:00,-2331190,5680.978
51426,2009-09-02T18:30:00+00:00,-2330290,5680.964
51426,2009-09-02T18:45:00+00:00,-2329390,5680.948
51426,2009-09-02T19:00:00+00:00,-2328490,5680.927
51426,2009-09-02T19:15:00+00:00,-2327590,5680.903
51426,2009-09-02T19:30:00+00:00,-2326690,5680.877
51426,2009-09-02T19:45:00+00:00,-2325790,5680.845
51426,2009-09-02T20:00:00+00:00,-2324890,5680.813
51426,2009-09-02T20:15:00+00:00,-2323990,5680.773
51426,2009-09-02T20:30:00+00:00,-2323090,5680.733
51426,2009-09-02T20:45:00+00:00,-2322190,5680.699
51426,2009-09-02T21:00:00+00:00,-2321290,5680.664
51426,2009-09-02T21:15:00+00:00,-2320390,5680.626
51426,2009-09-02T21:30:00+00:00,-2319490,5680.586
51426,2009-09-02T21:45:00+00:00,-2318590,5680.550
51426,2009-09-02T22:00:00+00:00,-2317690,5680.515
51426,2009-09-02T22:15:00+00:00,-2316790,5680.484
51426,2009-09-02T22:30:00+00:00,-2315890,5680.453
51426,2009-09-02T22:45:00+00:00,-2314990,5680.426
51426,2009-09-02T23:00:00+00:00,-2314090,5680.403
51426,2009-09-02T23:15:00+00:00,-2313190,5680.386
51426,2009-09-02T23:30:00+00:00,-2312290,5680.372
51426,2009-09-02T23:45:00+00:00,-2311390,5680.363
51426,2009-09-03T00:00:00+00:00,-2310490,5680.358
51426,2009-09-03T00:15:00+00:00,-2309590,5680.360
51426,2009-09-03T00:30:00+00:00,-2308690,5680.366
51426,2009-09-03T00:45:00+00:00,-2307790,5680.376
51426,2009-09-03T01:00:00+00:00,-2306890,5680.387
51426,2009-09-03T01:15:00+00:00,-2305990,5680.406
51426,2009-09-03T01:30:00+00:00,-2305090,5680.428
51426,2009-09-03T01:45:00+00:00,-2304190,5680.452
51426,2009-09-03T02:00:00+00:00,-2303290,5680.482
51426,2009-09-03T02:15:00+00:00,-2302390,5680.515
51426,2009-09-03T02:30:00+00:00,-2301490,5680.550
51426,2009-09-03T02:45:00+00:00,-2300590,5680.589
51426,2009-09-03T03:00:00+00:00,-2299690,5680.628
51426,2009-09-03T03:15:00+00:00,-2298790,5680.667
51426,2009-09-03T03:30:00+00:00,-2297890,5680.706
51426,2009-09-03T03:45:00+00:00,-2296990,5680.745
51426,2009-09-03T04:00:00+00:00,-2296090,5680.781
51426,2009-09-03T04:15:00+00:00,-2295190,5680.818
51426,2009-09-03T04:30:00+00:00,-2294290,5680.850
51426,2009-09-03T04:45:00+00:00,-2293390,5680.878
51426,2009-09-03T05:00:00+00:00,-2292490,5680.902
51426,2009-09-03T05:15:00+00:00,-2291590,5680.923
51426,2009-09-03T05:30:00+00:00,-2290690,5680.941
51426,2009-09-03T05:45:00+00:00,-2289790,5680.956
51426,2009-09-03T06:00:00+00:00,-2288890,5680.962
51426,2009-09-03T06:15:00+00:00,-2287990,5680.967
51426,2009-09-03T06:30:00+00:00,-2287090,5680.964
51426,2009-09-03T06:45:00+00:00,-2286190,5680.956
51426,2009-09-03T07:00:00+00:00,-2285290,5680.944
51426,2009-09-03T07:15:00+00:00,-2284390,5680.929
51426,2009-09-03T07:30:00+00:00,-2283490,5680.906
51426,2009-09-03T07:45:00+00:00,-2282590,5680.878
51426,2009-09-03T08:00:00+00:00,-2281690,5680.851
51426,2009-09-03T08:15:00+00:00,-2280790,5680.820
51426,2009-09-03T08:30:00+00:00,-2279890,5680.785
51426,2009-09-03T08:45:00+00:00,-2278990,5680.748
51426,2009-09-03T09:00:00+00:00,-2278090,5680.712
51426,2009-09-03T09:15:00+00:00,-2277190,5680.672
51426,2009-09-03T09:30:00+00:00,-2276290,5680.632
51426,2009-09-03T09:45:00+00:00,-2275390,5680.596
51426,2009-09-03T10:00:00+00:00,-2274490,5680.562
51426,2009-09-03T10:15:00+00:00,-2273590,5680.530
51426,2009-09-03T10:30:00+00:00,-2272690,5680.499
51426,2009-09-03T10:45:00+00:00,-2271790,5680.472
51426,2009-09-03T11:00:00+00:00,-2270890,5680.447
51426,2009-09-03T11:15:00+00:00,-2269990,5680.427
51426,2009-09-03T11:30:00+00:00,-2269090,5680.412
51426,2009-09-03T11:45:00+00:00,-2268190,5680.401
51426,2009-09-03T12:00:00+00:00,-2267290,5680.394
51426,2009-09-03T12:15:00+00:00,-2266390,5680.390
51426,2009-09-03T12:30:00+00:00,-2265490,5680.391
51426,2009-09-03T12:45:00+00:00,-2264590,5680.398
51426,2009-09-03T13:00:00+00:00,-2263690,5680.411
51426,2009-09-03T13:15:00+00:00,-2262790,5680.427
51426,2009-09-03T13:30:00+00:00,-2261890,5680.445
51426,2009-09-03T13:45:00+00:00,-2260990,5680.470
51426,2009-09-03T14:00:00+00:00,-2260090,5680.498
51426,2009-09-03T14:15:00+00:00,-2259190,5680.531
51426,2009-09-03T14:30:00+00:00,-2258290,5680.567
51426,2009-09-03T14:45:00+00:00,-2257390,5680.604
51426,2009-09-03T15:00:00+00:00,-2256490,5680.645
51426,2009-09-03T15:15:00+00:00,-2255590,5680.685
51426,2009-09-03T15:30:00+00:00,-2254690,5680.727
51426,2009-09-03T15:45:00+00:00,-2253790,5680.768
51426,2009-09-03T16:00:00+00:00,-2252890,5680.810
51426,2009-09-03T16:15:00+00:00,-2251990,5680.849
51426,2009-09-03T16:30:00+00:00,-2251090,5680.884
51426,2009-09-03T16:45:00+00:00,-2250190,5680.917
51426,2009-09-03T17:00:00+00:00,-2249290,5680.945
51426,2009-09-03T17:15:00+00:00,-2248390,5680.971
51426,2009-09-03T17:30:00+00:00,-2247490,5680.990
51426,2009-09-03T17:45:00+00:00,-2246590,5681.007
51426,2009-09-03T18:00:00+00:00,-2245690,5681.018
51426,2009-09-03T18:15:00+00:00,-2244790,5681.025
51426,2009-09-03T18:30:00+00:00,-2243890,5681.025
51426,2009-09-03T18:45:00+00:00,-2242990,5681.019
51426,2009-09-03T19:00:00+00:00,-2242090,5681.008
51426,2009-09-03T19:15:00+00:00,-2241190,5680.992
51426,2009-09-03T19:30:00+00:00,-2240290,5680.971
51426,2009-09-03T19:45:00+00:00,-2239390,5680.943
51426,2009-09-03T20:00:00+00:00,-2238490,5680.914
51426,2009-09-03T20:15:00+00:00,-2237590,5680.881
51426,2009-09-03T20:30:00+00:00,-2236690,5680.848
51426,2009-09-03T20:45:00+00:00,-2235790,5680.809
51426,2009-09-03T21:00:00+00:00,-2234890,5680.768
51426,2009-09-03T21:15:00+00:00,-2233990,5680.725
51426,2009-09-03T21:30:00+00:00,-2233090,5680.678
51426,2009-09-03T21:45:00+00:00,-2232190,5680.638
51426,2009-09-03T22:00:00+00:00,-2231290,5680.596
51426,2009-09-03T22:15:00+00:00,-2230390,5680.557
51426,2009-09-03T22:30:00+00:00,-2229490,5680.515
51426,2009-09-03T22:45:00+00:00,-2228590,5680.476
51426,2009-09-03T23:00:00+00:00,-2227690,5680.442
51426,2009-09-03T23:15:00+00:00,-2226790,5680.412
51426,2009-09-03T23:30:00+00:00,-2225890,5680.387
51426,2009-09-03T23:45:00+00:00,-2224990,5680.365
51426,2009-09-04T00:00:00+00:00,-2224090,5680.345
51426,2009-09-04T00:15:00+00:00,-2223190,5680.330
51426,2009-09-04T00:30:00+00:00,-2222290,5680.321
51426,2009-09-04T00:45:00+00:00,-2221390,5680.321
51426,2009-09-04T01:00:00+00:00,-2220490,5680.319
51426,2009-09-04T01:15:00+00:00,-2219590,5680.326
51426,2009-09-04T01:30:00+00:00,-2218690,5680.339
51426,2009-09-04T01:45:00+00:00,-2217790,5680.356
51426,2009-09-04T02:00:00+00:00,-2216890,5680.380
51426,2009-09-04T02:15:00+00:00,-2215990,5680.403
51426,2009-09-04T02:30:00+00:00,-2215090,5680.433
51426,2009-09-04T02:45:00+00:00,-2214190,5680.467
51426,2009-09-04T03:00:00+00:00,-2213290,5680.506
51426,2009-09-04T03:15:00+00:00,-2212390,5680.545
51426,2009-09-04T03:30:00+00:00,-2211490,5680.586
51426,2009-09-04T03:45:00+00:00,-2210590,5680.630
51426,2009-09-04T04:00:00+00:00,-2209690,5680.673
51426,2009-09-04T04:15:00+00:00,-2208790,5680.716
51426,2009-09-04T04:30:00+00:00,-2207890,5680.758
51426,2009-09-04T04:45:00+00:00,-2206990,5680.799
51426,2009-09-04T05:00:00+00:00,-2206090,5680.837
51426,2009-09-04T05:15:00+00:00,-2205190,5680.871
51426,2009-09-04T05:30:00+00:00,-2204290,5680.900
51426,2009-09-04T05:45:00+00:00,-2203390,5680.928
51426,2009-09-04T06:00:00+00:00,-2202490,5680.950
51426,2009-09-04T06:15:00+00:00,-2201590,5680.968
51426,2009-09-04T06:30:00+00:00,-2200690,5680.983
51426,2009-09-04T06:45:00+00:00,-2199790,5680.987
51426,2009-09-04T07:00:00+00:00,-2198890,5680.991
51426,2009-09-04T07:15:00+00:00,-2197990,5680.986
51426,2009-09-04T07:30:00+00:00,-2197090,5680.975
51426,2009-09-04T07:45:00+00:00,-2196190,5680.963
51426,2009-09-04T08:00:00+00:00,-2195290,5680.941
51426,2009-09-04T08:15:00+00:00,-2194390,5680.916
51426,2009-09-04T08:30:00+00:00,-2193490,5680.888
51426,2009-09-04T08:45:00+00:00,-2192590,5680.852
51426,2009-09-04T09:00:00+00:00,-2191690,5680.816
51426,2009-09-04T09:15:00+00:00,-2190790,5680.777
51426,2009-09-04T09:30:00+00:00,-2189890,5680.735
51426,2009-09-04T09:45:00+00:00,-2188990,5680.690
51426,2009-09-04T10:00:00+00:00,-2188090,5680.650
51426,2009-09-04T10:15:00+00:00,-2187190,5680.606
51426,2009-09-04T10:30:00+00:00,-2186290,5680.568
51426,2009-09-04T10:45:00+00:00,-2185390,5680.531
51426,2009-09-04T11:00:00+00:00,-2184490,5680.493
51426,2009-09-04T11:15:00+00:00,-2183590,5680.459
51426,2009-09-04T11:30:00+00:00,-2182690,5680.426
51426,2009-09-04T11:45:00+00:00,-2181790,5680.401
51426,2009-09-04T12:00:00+00:00,-2180890,5680.376
51426,2009-09-04T12:15:00+00:00,-2179990,5680.357
51426,2009-09-04T12:30:00+00:00,-2179090,5680.345
51426,2009-09-04T12:45:00+00:00,-2178190,5680.335
51426,2009-09-04T13:00:00+00:00,-2177290,5680.330
51426,2009-09-04T13:15:00+00:00,-2176390,5680.334
51426,2009-09-04T13:30:00+00:00,-2175490,5680.343
51426,2009-09-04T13:45:00+00:00,-2174590,5680.354
51426,2009-09-04T14:00:00+00:00,-2173690,5680.371
51426,2009-09-04T14:15:00+00:00,-2172790,5680.392
51426,2009-09-04T14:30:00+00:00,-2171890,5680.419
51426,2009-09-04T14:45:00+00:00,-2170990,5680.451
51426,2009-09-04T15:00:00+00:00,-2170090,5680.486
51426,2009-09-04T15:15:00+00:00,-2169190,5680.524
51426,2009-09-04T15:30:00+00:00,-2168290,5680.568
51426,2009-09-04T15:45:00+00:00,-2167390,5680.614
51426,2009-09-04T16:00:00+00:00,-2166490,5680.660
51426,2009-09-04T16:15:00+00:00,-2165590,5680.705
51426,2009-09-04T16:30:00+00:00,-2164690,5680.748
51426,2009-09-04T16:45:00+00:00,-2163790,5680.791
51426,2009-09-04T17:00:00+00:00,-2162890,5680.833
51426,2009-09-04T17:15:00+00:00,-2161990,5680.874
51426,2009-09-04T17:30:00+00:00,-2161090,5680.909
51426,2009-09-04T17:45:00+00:00,-2160190,5680.942
51426,2009-09-04T18:00:00+00:00,-2159290,5680.969
51426,2009-09-04T18:15:00+00:00,-2158390,5680.991
51426,2009-09-04T18:30:00+00:00,-2157490,5681.009
51426,2009-09-04T18:45:00+00:00,-2156590,5681.021
51426,2009-09-04T19:00:00+00:00,-2155690,5681.028
51426,2009-09-04T19:15:00+00:00,-2154790,5681.026
51426,2009-09-04T19:30:00+00:00,-2153890,5681.020
51426,2009-09-04T19:45:00+00:00,-2152990,5681.006
51426,2009-09-04T20:00:00+00:00,-2152090,5680.987
51426,2009-09-04T20:15:00+00:00,-2151190,5680.965
51426,2009-09-04T20:30:00+00:00,-2150290,5680.938
51426,2009-09-04T20:45:00+00:00,-2149390,5680.904
51426,2009-09-04T21:00:00+00:00,-2148490,5680.868
51426,2009-09-04T21:15:00+00:00,-2147590,5680.827
51426,2009-09-04T21:30:00+00:00,-2146690,5680.784
51426,2009-09-04T21:45:00+00:00,-2145790,5680.741
51426,2009-09-04T22:00:00+00:00,-2144890,5680.693
51426,2009-09-04T22:15:00+00:00,-2143990,5680.648
51426,2009-09-04T22:30:00+00:00,-2143090,5680.601
51426,2009-09-04T22:45:00+00:00,-2142190,5680.556
51426,2009-09-04T23:00:00+00:00,-2141290,5680.512
51426,2009-09-04T23:15:00+00:00,-2140390,5680.471
51426,2009-09-04T23:30:00+00:00,-2139490,5680.434
51426,2009-09-04T23:45:00+00:00,-2138590,5680.399
51426,2009-09-05T00:00:00+00:00,-2137690,5680.370
51426,2009-09-05T00:15:00+00:00,-2136790,5680.343
51426,2009-09-05T00:30:00+00:00,-2135890,5680.321
51426,2009-09-05T00:45:00+00:00,-2134990,5680.305
51426,2009-09-05T01:00:00+00:00,-2134090,5680.290
51426,2009-09-05T01:15:00+00:00,-2133190,5680.285
51426,2009-09-05T01:30:00+00:00,-2132290,5680.284
51426,2009-09-05T01:45:00+00:00,-2131390,5680.286
51426,2009-09-05T02:00:00+00:00,-2130490,5680.298
51426,2009-09-05T02:15:00+00:00,-2129590,5680.316
51426,2009-09-05T02:30:00+00:00,-2128690,5680.340
51426,2009-09-05T02:45:00+00:00,-2127790,5680.369
51426,2009-09-05T03:00:00+00:00,-2126890,5680.401
51426,2009-09-05T03:15:00+00:00,-2125990,5680.435
51426,2009-09-05T03:30:00+00:00,-2125090,5680.476
51426,2009-09-05T03:45:00+00:00,-2124190,5680.520
51426,2009-09-05T04:00:00+00:00,-2123290,5680.564
51426,2009-09-05T04:15:00+00:00,-2122390,5680.610
51426,2009-09-05T04:30:00+00:00,-2121490,5680.660
51426,2009-09-05T04:45:00+00:00,-2120590,5680.707
51426,2009-09-05T05:00:00+00:00,-2119690,5680.753
51426,2009-09-05T05:15:00+00:00,-2118790,5680.797
51426,2009-09-05T05:30:00+00:00,-2117890,5680.838
51426,2009-09-05T05:45:00+00:00,-2116990,5680.881
51426,2009-09-05T06:00:00+00:00,-2116090,5680.920
51426,2009-09-05T06:15:00+00:00,-2115190,5680.952
51426,2009-09-05T06:30:00+00:00,-2114290,5680.979
51426,2009-09-05T06:45:00+00:00,-2113390,5681.000
51426,2009-09-05T07:00:00+00:00,-2112490,5681.015
51426,2009-09-05T07:15:00+00:00,-2111590,5681.025
51426,2009-09-05T07:30:00+00:00,-2110690,5681.030
51426,2009-09-05T07:45:00+00:00,-2109790,5681.029
51426,2009-09-05T08:00:00+00:00,-2108890,5681.023
51426,2009-09-05T08:15:00+00:00,-2107990,5681.010
51426,2009-09-05T08:30:00+00:00,-2107090,5680.990
51426,2009-09-05T08:45:00+00:00,-2106190,5680.965
51426,2009-09-05T09:00:00+00:00,-2105290,5680.932
51426,2009-09-05T09:15:00+00:00,-2104390,5680.894
51426,2009-09-05T09:30:00+00:00,-2103490,5680.855
51426,2009-09-05T09:45:00+00:00,-2102590,5680.813
51426,2009-09-05T10:00:00+00:00,-2101690,5680.770
51426,2009-09-05T10:15:00+00:00,-2100790,5680.721
51426,2009-09-05T10:30:00+00:00,-2099890,5680.674
51426,2009-09-05T10:45:00+00:00,-2098990,5680.625
51426,2009-09-05T11:00:00+00:00,-2098090,5680.579
51426,2009-09-05T11:15:00+00:00,-2097190,5680.534
51426,2009-09-05T11:30:00+00:00,-2096290,5680.489
51426,2009-09-05T11:45:00+00:00,-2095390,5680.449
51426,2009-09-05T12:00:00+00:00,-2094490,5680.414
51426,2009-09-05T12:15:00+00:00,-2093590,5680.378
51426,2009-09-05T12:30:00+00:00,-2092690,5680.350
51426,2009-09-05T12:45:00+00:00,-2091790,5680.325
51426,2009-09-05T13:00:00+00:00,-2090890,5680.303
51426,2009-09-05T13:15:00+00:00,-2089990,5680.289
51426,2009-09-05T13:30:00+00:00,-2089090,5680.278
51426,2009-09-05T13:45:00+00:00,-2088190,5680.275
51426,2009-09-05T14:00:00+00:00,-2087290,5680.278
51426,2009-09-05T14:15:00+00:00,-2086390,5680.287
51426,2009-09-05T14:30:00+00:00,-2085490,5680.303
51426,2009-09-05T14:45:00+00:00,-2084590,5680.327
51426,2009-09-05T15:00:00+00:00,-2083690,5680.356
51426,2009-09-05T15:15:00+00:00,-2082790,5680.388
51426,2009-09-05T15:30:00+00:00,-2081890,5680.426
51426,2009-09-05T15:45:00+00:00,-2080990,5680.467
51426,2009-09-05T16:00:00+00:00,-2080090,5680.511
51426,2009-09-05T16:15:00+00:00,-2079190,5680.556
51426,2009-09-05T16:30:00+00:00,-2078290,5680.604
51426,2009-09-05T16:45:00+00:00,-2077390,5680.655
51426,2009-09-05T17:00:00+00:00,-2076490,5680.705
51426,2009-09-05T17:15:00+00:00,-2075590,5680.757
51426,2009-09-05T17:30:00+00:00,-2074690,5680.804
51426,2009-09-05T17:45:00+00:00,-2073790,5680.848
51426,2009-09-05T18:00:00+00:00,-2072890,5680.893
51426,2009-09-05T18:15:00+00:00,-2071990,5680.930
51426,2009-09-05T18:30:00+00:00,-2071090,5680.966
51426,2009-09-05T18:45:00+00:00,-2070190,5680.992
51426,2009-09-05T19:00:00+00:00,-2069290,5681.016
51426,2009-09-05T19:15:00+00:00,-2068390,5681.034
51426,2009-09-05T19:30:00+00:00,-2067490,5681.041
51426,2009-09-05T19:45:00+00:00,-2066590,5681.043
51426,2009-09-05T20:00:00+00:00,-2065690,5681.042
51426,2009-09-05T20:15:00+00:00,-2064790,5681.031
51426,2009-09-05T20:30:00+00:00,-2063890,5681.018
51426,2009-09-05T20:45:00+00:00,-2062990,5680.997
51426,2009-09-05T21:00:00+00:00,-2062090,5680.969
51426,2009-09-05T21:15:00+00:00,-2061190,5680.937
51426,2009-09-05T21:30:00+00:00,-2060290,5680.902
51426,2009-09-05T21:45:00+00:00,-2059390,5680.859
51426,2009-09-05T22:00:00+00:00,-2058490,5680.816
51426,2009-09-05T22:15:00+00:00,-2057590,5680.769
51426,2009-09-05T22:30:00+00:00,-2056690,5680.719
51426,2009-09-05T22:45:00+00:00,-2055790,5680.672
51426,2009-09-05T23:00:00+00:00,-2054890,5680.624
51426,2009-09-05T23:15:00+00:00,-2053990,5680.578
51426,2009-09-05T23:30:00+00:00,-2053090,5680.533
51426,2009-09-05T23:45:00+00:00,-2052190,5680.484
51426,2009-09-06T00:00:00+00:00,-2051290,5680.443
51426,2009-09-06T00:15:00+00:00,-2050390,5680.401
51426,2009-09-06T00:30:00+00:00,-2049490,5680.365
51426,2009-09-06T00:45:00+00:00,-2048590,5680.336
51426,2009-09-06T01:00:00+00:00,-2047690,5680.310
51426,2009-09-06T01:15:00+00:00,-2046790,5680.290
51426,2009-09-06T01:30:00+00:00,-2045890,5680.276
51426,2009-09-06T01:45:00+00:00,-2044990,5680.263
51426,2009-09-06T02:00:00+00:00,-2044090,5680.261
51426,2009-09-06T02:15:00+00:00,-2043190,5680.265
51426,2009-09-06T02:30:00+00:00,-2042290,5680.275
51426,2009-09-06T02:45:00+00:00,-2041390,5680.290
51426,2009-09-06T03:00:00+00:00,-2040490,5680.312
51426,2009-09-06T03:15:00+00:00,-2039590,5680.338
51426,2009-09-06T03:30:00+00:00,-2038690,5680.372
51426,2009-09-06T03:45:00+00:00,-2037790,5680.407
51426,2009-09-06T04:00:00+00:00,-2036890,5680.451
51426,2009-09-06T04:15:00+00:00,-2035990,5680.497
51426,2009-09-06T04:30:00+00:00,-2035090,5680.544
51426,2009-09-06T04:45:00+00:00,-2034190,5680.595
51426,2009-09-06T05:00:00+00:00,-2033290,5680.646
51426,2009-09-06T05:15:00+00:00,-2032390,5680.697
51426,2009-09-06T05:30:00+00:00,-2031490,5680.749
51426,2009-09-06T05:45:00+00:00,-2030590,5680.799
51426,2009-09-06T06:00:00+00:00,-2029690,5680.847
51426,2009-09-06T06:15:00+00:00,-2028790,5680.891
51426,2009-09-06T06:30:00+00:00,-2027890,5680.936
51426,2009-09-06T06:45:00+00:00,-2026990,5680.975
51426,2009-09-06T07:00:00+00:00,-2026090,5681.011
51426,2009-09-06T07:15:00+00:00,-2025190,5681.036
51426,2009-09-06T07:30:00+00:00,-2024290,5681.056
51426,2009-09-06T07:45:00+00:00,-2023390,5681.069
51426,2009-09-06T08:00:00+00:00,-2022490,5681.080
51426,2009-09-06T08:15:00+00:00,-2021590,5681.082
51426,2009-09-06T08:30:00+00:00,-2020690,5681.076
51426,2009-09-06T08:45:00+00:00,-2019790,5681.064
51426,2009-09-06T09:00:00+00:00,-2018890,5681.043
51426,2009-09-06T09:15:00+00:00,-2017990,5681.015
51426,2009-09-06T09:30:00+00:00,-2017090,5680.983
51426,2009-09-06T09:45:00+00:00,-2016190,5680.947
51426,2009-09-06T10:00:00+00:00,-2015290,5680.906
51426,2009-09-06T10:15:00+00:00,-2014390,5680.865
51426,2009-09-06T10:30:00+00:00,-2013490,5680.817
51426,2009-09-06T10:45:00+00:00,-2012590,5680.765
51426,2009-09-06T11:00:00+00:00,-2011690,5680.717
51426,2009-09-06T11:15:00+00:00,-2010790,5680.666
51426,2009-09-06T11:30:00+00:00,-2009890,5680.618
51426,2009-09-06T11:45:00+00:00,-2008990,5680.568
51426,2009-09-06T12:00:00+00:00,-2008090,5680.518
51426,2009-09-06T12:15:00+00:00,-2007190,5680.471
51426,2009-09-06T12:30:00+00:00,-2006290,5680.430
51426,2009-09-06T12:45:00+00:00,-2005390,5680.390
51426,2009-09-06T13:00:00+00:00,-2004490,5680.357
51426,2009-09-06T13:15:00+00:00,-2003590,5680.327
51426,2009-09-06T13:30:00+00:00,-2002690,5680.302
51426,2009-09-06T13:45:00+00:00,-2001790,5680.283
51426,2009-09-06T14:00:00+00:00,-2000890,5680.268
51426,2009-09-06T14:15:00+00:00,-1999990,5680.262
51426,2009-09-06T14:30:00+00:00,-1999090,5680.259
51426,2009-09-06T14:45:00+00:00,-1998190,5680.267
51426,2009-09-06T15:00:00+00:00,-1997290,5680.281
51426,2009-09-06T15:15:00+00:00,-1996390,5680.303
51426,2009-09-06T15:30:00+00:00,-1995490,5680.332
51426,2009-09-06T15:45:00+00:00,-1994590,5680.363
51426,2009-09-06T16:00:00+00:00,-1993690,5680.400
51426,2009-09-06T16:15:00+00:00,-1992790,5680.446
51426,2009-09-06T16:30:00+00:00,-1991890,5680.493
51426,2009-09-06T16:45:00+00:00,-1990990,5680.542
51426,2009-09-06T17:00:00+00:00,-1990090,5680.593
51426,2009-09-06T17:15:00+00:00,-1989190,5680.644
51426,2009-09-06T17:30:00+00:00,-1988290,5680.701
51426,2009-09-06T17:45:00+00:00,-1987390,5680.750
51426,2009-09-06T18:00:00+00:00,-1986490,5680.802
51426,2009-09-06T18:15:00+00:00,-1985590,5680.851
51426,2009-09-06T18:30:00+00:00,-1984690,5680.897
51426,2009-09-06T18:45:00+00:00,-1983790,5680.941
51426,2009-09-06T19:00:00+00:00,-1982890,5680.980
51426,2009-09-06T19:15:00+00:00,-1981990,5681.015
51426,2009-09-06T19:30:00+00:00,-1981090,5681.042
51426,2009-09-06T19:45:00+00:00,-1980190,5681.063
51426,2009-09-06T20:00:00+00:00,-1979290,5681.079
51426,2009-09-06T20:15:00+00:00,-1978390,5681.086
51426,2009-09-06T20:30:00+00:00,-1977490,5681.084
51426,2009-09-06T20:45:00+00:00,-1976590,5681.078
51426,2009-09-06T21:00:00+00:00,-1975690,5681.068
51426,2009-09-06T21:15:00+00:00,-1974790,5681.050
51426,2009-09-06T21:30:00+00:00,-1973890,5681.027
51426,2009-09-06T21:45:00+00:00,-1972990,5680.995
51426,2009-09-06T22:00:00+00:00,-1972090,5680.958
51426,2009-09-06T22:15:00+00:00,-1971190,5680.921
51426,2009-09-06T22:30:00+00:00,-1970290,5680.873
51426,2009-09-06T22:45:00+00:00,-1969390,5680.826
51426,2009-09-06T23:00:00+00:00,-1968490,5680.778
51426,2009-09-06T23:15:00+00:00,-1967590,5680.725
51426,2009-09-06T23:30:00+00:00,-1966690,5680.677
51426,2009-09-06T23:45:00+00:00,-1965790,5680.629
51426,2009-09-07T00:00:00+00:00,-1964890,5680.577
51426,2009-09-07T00:15:00+00:00,-1963990,5680.528
51426,2009-09-07T00:30:00+00:00,-1963090,5680.483
51426,2009-09-07T00:45:00+00:00,-1962190,5680.439
51426,2009-09-07T01:00:00+00:00,-1961290,5680.400
51426,2009-09-07T01:15:00+00:00,-1960390,5680.366
51426,2009-09-07T01:30:00+00:00,-1959490,5680.335
51426,2009-09-07T01:45:00+00:00,-1958590,5680.311
51426,2009-09-07T02:00:00+00:00,-1957690,5680.289
51426,2009-09-07T02:15:00+00:00,-1956790,5680.280
51426,2009-09-07T02:30:00+00:00,-1955890,5680.272
51426,2009-09-07T02:45:00+00:00,-1954990,5680.272
51426,2009-09-07T03:00:00+00:00,-1954090,5680.282
51426,2009-09-07T03:15:00+00:00,-1953190,5680.295
51426,2009-09-07T03:30:00+00:00,-1952290,5680.316
51426,2009-09-07T03:45:00+00:00,-1951390,5680.343
51426,2009-09-07T04:00:00+00:00,-1950490,5680.376
51426,2009-09-07T04:15:00+00:00,-1949590,5680.411
51426,2009-09-07T04:30:00+00:00,-1948690,5680.450
51426,2009-09-07T04:45:00+00:00,-1947790,5680.496
51426,2009-09-07T05:00:00+00:00,-1946890,5680.547
51426,2009-09-07T05:15:00+00:00,-1945990,5680.598
51426,2009-09-07T05:30:00+00:00,-1945090,5680.651
51426,2009-09-07T05:45:00+00:00,-1944190,5680.705
51426,2009-09-07T06:00:00+00:00,-1943290,5680.760
51426,2009-09-07T06:15:00+00:00,-1942390,5680.810
51426,2009-09-07T06:30:00+00:00,-1941490,5680.864
51426,2009-09-07T06:45:00+00:00,-1940590,5680.915
51426,2009-09-07T07:00:00+00:00,-1939690,5680.961
51426,2009-09-07T07:15:00+00:00,-1938790,5681.001
51426,2009-09-07T07:30:00+00:00,-1937890,5681.038
51426,2009-09-07T07:45:00+00:00,-1936990,5681.070
51426,2009-09-07T08:00:00+00:00,-1936090,5681.093
51426,2009-09-07T08:15:00+00:00,-1935190,5681.114
51426,2009-09-07T08:30:00+00:00,-1934290,5681.124
51426,2009-09-07T08:45:00+00:00,-1933390,5681.128
51426,2009-09-07T09:00:00+00:00,-1932490,5681.124
51426,2009-09-07T09:15:00+00:00,-1931590,5681.117
51426,2009-09-07T09:30:00+00:00,-1930690,5681.099
51426,2009-09-07T09:45:00+00:00,-1929790,5681.074
51426,2009-09-07T10:00:00+00:00,-1928890,5681.045
51426,2009-09-07T10:15:00+00:00,-1927990,5681.011
51426,2009-09-07T10:30:00+00:00,-1927090,5680.969
51426,2009-09-07T10:45:00+00:00,-1926190,5680.923
51426,2009-09-07T11:00:00+00:00,-1925290,5680.875
51426,2009-09-07T11:15:00+00:00,-1924390,5680.825
51426,2009-09-07T11:30:00+00:00,-1923490,5680.773
51426,2009-09-07T11:45:00+00:00,-1922590,5680.718
51426,2009-09-07T12:00:00+00:00,-1921690,5680.664
51426,2009-09-07T12:15:00+00:00,-1920790,5680.610
51426,2009-09-07T12:30:00+00:00,-1919890,5680.555
51426,2009-09-07T12:45:00+00:00,-1918990,5680.504
51426,2009-09-07T13:00:00+00:00,-1918090,5680.454
51426,2009-09-07T13:15:00+00:00,-1917190,5680.408
51426,2009-09-07T13:30:00+00:00,-1916290,5680.367
51426,2009-09-07T13:45:00+00:00,-1915390,5680.330
51426,2009-09-07T14:00:00+00:00,-1914490,5680.299
51426,2009-09-07T14:15:00+00:00,-1913590,5680.273
51426,2009-09-07T14:30:00+00:00,-1912690,5680.254
51426,2009-09-07T14:45:00+00:00,-1911790,5680.243
51426,2009-09-07T15:00:00+00:00,-1910890,5680.240
51426,2009-09-07T15:15:00+00:00,-1909990,5680.243
51426,2009-09-07T15:30:00+00:00,-1909090,5680.250
51426,2009-09-07T15:45:00+00:00,-1908190,5680.271
51426,2009-09-07T16:00:00+00:00,-1907290,5680.295
51426,2009-09-07T16:15:00+00:00,-1906390,5680.326
51426,2009-09-07T16:30:00+00:00,-1905490,5680.363
51426,2009-09-07T16:45:00+00:00,-1904590,5680.402
51426,2009-09-07T17:00:00+00:00,-1903690,5680.450
51426,2009-09-07T17:15:00+00:00,-1902790,5680.504
51426,2009-09-07T17:30:00+00:00,-1901890,5680.556
51426,2009-09-07T17:45:00+00:00,-1900990,5680.611
51426,2009-09-07T18:00:00+00:00,-1900090,5680.667
51426,2009-09-07T18:15:00+00:00,-1899190,5680.723
51426,2009-09-07T18:30:00+00:00,-1898290,5680.779
51426,2009-09-07T18:45:00+00:00,-1897390,5680.831
51426,2009-09-07T19:00:00+00:00,-1896490,5680.885
51426,2009-09-07T19:15:00+00:00,-1895590,5680.932
51426,2009-09-07T19:30:00+00:00,-1894690,5680.971
51426,2009-09-07T19:45:00+00:00,-1893790,5681.008
51426,2009-09-07T20:00:00+00:00,-1892890,5681.041
51426,2009-09-07T20:15:00+00:00,-1891990,5681.066
51426,2009-09-07T20:30:00+00:00,-1891090,5681.087
51426,2009-09-07T20:45:00+00:00,-1890190,5681.100
51426,2009-09-07T21:00:00+00:00,-1889290,5681.106
51426,2009-09-07T21:15:00+00:00,-1888390,5681.105
51426,2009-09-07T21:30:00+00:00,-1887490,5681.097
51426,2009-09-07T21:45:00+00:00,-1886590,5681.082
51426,2009-09-07T22:00:00+00:00,-1885690,5681.058
51426,2009-09-07T22:15:00+00:00,-1884790,5681.027
51426,2009-09-07T22:30:00+00:00,-1883890,5680.992
51426,2009-09-07T22:45:00+00:00,-1882990,5680.952
51426,2009-09-07T23:00:00+00:00,-1882090,5680.912
51426,2009-09-07T23:15:00+00:00,-1881190,5680.864
51426,2009-09-07T23:30:00+00:00,-1880290,5680.817
51426,2009-09-07T23:45:00+00:00,-1879390,5680.768
51426,2009-09-08T00:00:00+00:00,-1878490,5680.717
51426,2009-09-08T00:15:00+00:00,-1877590,5680.667
51426,2009-09-08T00:30:00+00:00,-1876690,5680.612
51426,2009-09-08T00:45:00+00:00,-1875790,5680.562
51426,2009-09-08T01:00:00+00:00,-1874890,5680.512
51426,2009-09-08T01:15:00+00:00,-1873990,5680.466
51426,2009-09-08T01:30:00+00:00,-1873090,5680.423
51426,2009-09-08T01:45:00+00:00,-1872190,5680.384
51426,2009-09-08T02:00:00+00:00,-1871290,5680.352
51426,2009-09-08T02:15:00+00:00,-1870390,5680.326
51426,2009-09-08T02:30:00+00:00,-1869490,5680.303
51426,2009-09-08T02:45:00+00:00,-1868590,5680.285
51426,2009-09-08T03:00:00+00:00,-1867690,5680.276
51426,2009-09-08T03:15:00+00:00,-1866790,5680.273
51426,2009-09-08T03:30:00+00:00,-1865890,5680.275
51426,2009-09-08T03:45:00+00:00,-1864990,5680.288
51426,2009-09-08T04:00:00+00:00,-1864090,5680.304
51426,2009-09-08T04:15:00+00:00,-1863190,5680.327
51426,2009-09-08T04:30:00+00:00,-1862290,5680.360
51426,2009-09-08T04:45:00+00:00,-1861390,5680.395
51426,2009-09-08T05:00:00+00:00,-1860490,5680.435
51426,2009-09-08T05:15:00+00:00,-1859590,5680.480
51426,2009-09-08T05:30:00+00:00,-1858690,5680.527
51426,2009-09-08T05:45:00+00:00,-1857790,5680.577
51426,2009-09-08T06:00:00+00:00,-1856890,5680.631
51426,2009-09-08T06:15:00+00:00,-1855990,5680.685
51426,2009-09-08T06:30:00+00:00,-1855090,5680.740
51426,2009-09-08T06:45:00+00:00,-1854190,5680.798
51426,2009-09-08T07:00:00+00:00,-1853290,5680.851
51426,2009-09-08T07:15:00+00:00,-1852390,5680.905
51426,2009-09-08T07:30:00+00:00,-1851490,5680.953
51426,2009-09-08T07:45:00+00:00,-1850590,5680.995
51426,2009-09-08T08:00:00+00:00,-1849690,5681.037
51426,2009-09-08T08:15:00+00:00,-1848790,5681.071
51426,2009-09-08T08:30:00+00:00,-1847890,5681.101
51426,2009-09-08T08:45:00+00:00,-1846990,5681.123
51426,2009-09-08T09:00:00+00:00,-1846090,5681.138
51426,2009-09-08T09:15:00+00:00,-1845190,5681.147
51426,2009-09-08T09:30:00+00:00,-1844290,5681.147
51426,2009-09-08T09:45:00+00:00,-1843390,5681.141
51426,2009-09-08T10:00:00+00:00,-1842490,5681.126
51426,2009-09-08T10:15:00+00:00,-1841590,5681.105
51426,2009-09-08T10:30:00+00:00,-1840690,5681.079
51426,2009-09-08T10:45:00+00:00,-1839790,5681.047
51426,2009-09-08T11:00:00+00:00,-1838890,5681.005
51426,2009-09-08T11:15:00+00:00,-1837990,5680.959
51426,2009-09-08T11:30:00+00:00,-1837090,5680.912
51426,2009-09-08T11:45:00+00:00,-1836190,5680.857
51426,2009-09-08T12:00:00+00:00,-1835290,5680.802
51426,2009-09-08T12:15:00+00:00,-1834390,5680.747
51426,2009-09-08T12:30:00+00:00,-1833490,5680.687
51426,2009-09-08T12:45:00+00:00,-1832590,5680.629
51426,2009-09-08T13:00:00+00:00,-1831690,5680.571
51426,2009-09-08T13:15:00+00:00,-1830790,5680.513
51426,2009-09-08T13:30:00+00:00,-1829890,5680.459
51426,2009-09-08T13:45:00+00:00,-1828990,5680.407
51426,2009-09-08T14:00:00+00:00,-1828090,5680.359
51426,2009-09-08T14:15:00+00:00,-1827190,5680.315
51426,2009-09-08T14:30:00+00:00,-1826290,5680.281
51426,2009-09-08T14:45:00+00:00,-1825390,5680.249
51426,2009-09-08T15:00:00+00:00,-1824490,5680.226
51426,2009-09-08T15:15:00+00:00,-1823590,5680.210
51426,2009-09-08T15:30:00+00:00,-1822690,5680.203
51426,2009-09-08T15:45:00+00:00,-1821790,5680.203
51426,2009-09-08T16:00:00+00:00,-1820890,5680.208
51426,2009-09-08T16:15:00+00:00,-1819990,5680.220
51426,2009-09-08T16:30:00+00:00,-1819090,5680.242
51426,2009-09-08T16:45:00+00:00,-1818190,5680.269
51426,2009-09-08T17:00:00+00:00,-1817290,5680.305
51426,2009-09-08T17:15:00+00:00,-1816390,5680.343
51426,2009-09-08T17:30:00+00:00,-1815490,5680.386
51426,2009-09-08T17:45:00+00:00,-1814590,5680.435
51426,2009-09-08T18:00:00+00:00,-1813690,5680.486
51426,2009-09-08T18:15:00+00:00,-1812790,5680.540
51426,2009-09-08T18:30:00+00:00,-1811890,5680.597
51426,2009-09-08T18:45:00+00:00,-1810990,5680.653
51426,2009-09-08T19:00:00+00:00,-1810090,5680.711
51426,2009-09-08T19:15:00+00:00,-1809190,5680.765
51426,2009-09-08T19:30:00+00:00,-1808290,5680.821
51426,2009-09-08T19:45:00+00:00,-1807390,5680.872
51426,2009-09-08T20:00:00+00:00,-1806490,5680.921
51426,2009-09-08T20:15:00+00:00,-1805590,5680.963
51426,2009-09-08T20:30:00+00:00,-1804690,5680.999
51426,2009-09-08T20:45:00+00:00,-1803790,5681.030
51426,2009-09-08T21:00:00+00:00,-1802890,5681.053
51426,2009-09-08T21:15:00+00:00,-1801990,5681.072
51426,2009-09-08T21:30:00+00:00,-1801090,5681.080
51426,2009-09-08T21:45:00+00:00,-1800190,5681.082
51426,2009-09-08T22:00:00+00:00,-1799290,5681.076
51426,2009-09-08T22:15:00+00:00,-1798390,5681.064
51426,2009-09-08T22:30:00+00:00,-1797490,5681.043
51426,2009-09-08T22:45:00+00:00,-1796590,5681.016
51426,2009-09-08T23:00:00+00:00,-1795690,5680.985
51426,2009-09-08T23:15:00+00:00,-1794790,5680.950
51426,2009-09-08T23:30:00+00:00,-1793890,5680.910
51426,2009-09-08T23:45:00+00:00,-1792990,5680.867
51426,2009-09-09T00:00:00+00:00,-1792090,5680.818
51426,2009-09-09T00:15:00+00:00,-1791190,5680.771
51426,2009-09-09T00:30:00+00:00,-1790290,5680.718
51426,2009-09-09T00:45:00+00:00,-1789390,5680.664
51426,2009-09-09T01:00:00+00:00,-1788490,5680.611
51426,2009-09-09T01:15:00+00:00,-1787590,5680.558
51426,2009-09-09T01:30:00+00:00,-1786690,5680.510
51426,2009-09-09T01:45:00+00:00,-1785790,5680.464
51426,2009-09-09T02:00:00+00:00,-1784890,5680.419
51426,2009-09-09T02:15:00+00:00,-1783990,5680.378
51426,2009-09-09T02:30:00+00:00,-1783090,5680.342
51426,2009-09-09T02:45:00+00:00,-1782190,5680.307
51426,2009-09-09T03:00:00+00:00,-1781290,5680.282
51426,2009-09-09T03:15:00+00:00,-1780390,5680.258
51426,2009-09-09T03:30:00+00:00,-1779490,5680.244
51426,2009-09-09T03:45:00+00:00,-1778590,5680.238
51426,2009-09-09T04:00:00+00:00,-1777690,5680.239
51426,2009-09-09T04:15:00+00:00,-1776790,5680.247
51426,2009-09-09T04:30:00+00:00,-1775890,5680.261
51426,2009-09-09T04:45:00+00:00,-1774990,5680.281
51426,2009-09-09T05:00:00+00:00,-1774090,5680.307
51426,2009-09-09T05:15:00+00:00,-1773190,5680.340
51426,2009-09-09T05:30:00+00:00,-1772290,5680.377
51426,2009-09-09T05:45:00+00:00,-1771390,5680.422
51426,2009-09-09T06:00:00+00:00,-1770490,5680.468
51426,2009-09-09T06:15:00+00:00,-1769590,5680.518
51426,2009-09-09T06:30:00+00:00,-1768690,5680.571
51426,2009-09-09T06:45:00+00:00,-1767790,5680.627
51426,2009-09-09T07:00:00+00:00,-1766890,5680.683
51426,2009-09-09T07:15:00+00:00,-1765990,5680.742
51426,2009-09-09T07:30:00+00:00,-1765090,5680.799
51426,2009-09-09T07:45:00+00:00,-1764190,5680.856
51426,2009-09-09T08:00:00+00:00,-1763290,5680.908
51426,2009-09-09T08:15:00+00:00,-1762390,5680.955
51426,2009-09-09T08:30:00+00:00,-1761490,5681.001
51426,2009-09-09T08:45:00+00:00,-1760590,5681.040
51426,2009-09-09T09:00:00+00:00,-1759690,5681.072
51426,2009-09-09T09:15:00+00:00,-1758790,5681.099
51426,2009-09-09T09:30:00+00:00,-1757890,5681.117
51426,2009-09-09T09:45:00+00:00,-1756990,5681.127
51426,2009-09-09T10:00:00+00:00,-1756090,5681.134
51426,2009-09-09T10:15:00+00:00,-1755190,5681.132
51426,2009-09-09T10:30:00+00:00,-1754290,5681.122
51426,2009-09-09T10:45:00+00:00,-1753390,5681.104
51426,2009-09-09T11:00:00+00:00,-1752490,5681.080
51426,2009-09-09T11:15:00+00:00,-1751590,5681.052
51426,2009-09-09T11:30:00+00:00,-1750690,5681.015
51426,2009-09-09T11:45:00+00:00,-1749790,5680.970
51426,2009-09-09T12:00:00+00:00,-1748890,5680.923
51426,2009-09-09T12:15:00+00:00,-1747990,5680.870
51426,2009-09-09T12:30:00+00:00,-1747090,5680.817
51426,2009-09-09T12:45:00+00:00,-1746190,5680.760
51426,2009-09-09T13:00:00+00:00,-1745290,5680.704
51426,2009-09-09T13:15:00+00:00,-1744390,5680.645
51426,2009-09-09T13:30:00+00:00,-1743490,5680.585
51426,2009-09-09T13:45:00+00:00,-1742590,5680.528
51426,2009-09-09T14:00:00+00:00,-1741690,5680.471
51426,2009-09-09T14:15:00+00:00,-1740790,5680.415
51426,2009-09-09T14:30:00+00:00,-1739890,5680.364
51426,2009-09-09T14:45:00+00:00,-1738990,5680.316
51426,2009-09-09T15:00:00+00:00,-1738090,5680.276
51426,2009-09-09T15:15:00+00:00,-1737190,5680.242
51426,2009-09-09T15:30:00+00:00,-1736290,5680.213
51426,2009-09-09T15:45:00+00:00,-1735390,5680.191
51426,2009-09-09T16:00:00+00:00,-1734490,5680.175
51426,2009-09-09T16:15:00+00:00,-1733590,5680.169
51426,2009-09-09T16:30:00+00:00,-1732690,5680.172
51426,2009-09-09T16:45:00+00:00,-1731790,5680.179
51426,2009-09-09T17:00:00+00:00,-1730890,5680.195
51426,2009-09-09T17:15:00+00:00,-1729990,5680.217
51426,2009-09-09T17:30:00+00:00,-1729090,5680.247
51426,2009-09-09T17:45:00+00:00,-1728190,5680.281
51426,2009-09-09T18:00:00+00:00,-1727290,5680.320
51426,2009-09-09T18:15:00+00:00,-1726390,5680.366
51426,2009-09-09T18:30:00+00:00,-1725490,5680.416
51426,2009-09-09T18:45:00+00:00,-1724590,5680.469
51426,2009-09-09T19:00:00+00:00,-1723690,5680.526
51426,2009-09-09T19:15:00+00:00,-1722790,5680.582
51426,2009-09-09T19:30:00+00:00,-1721890,5680.639
51426,2009-09-09T19:45:00+00:00,-1720990,5680.697
51426,2009-09-09T20:00:00+00:00,-1720090,5680.751
51426,2009-09-09T20:15:00+00:00,-1719190,5680.801
51426,2009-09-09T20:30:00+00:00,-1718290,5680.852
51426,2009-09-09T20:45:00+00:00,-1717390,5680.899
51426,2009-09-09T21:00:00+00:00,-1716490,5680.941
51426,2009-09-09T21:15:00+00:00,-1715590,5680.972
51426,2009-09-09T21:30:00+00:00,-1714690,5681.002
51426,2009-09-09T21:45:00+00:00,-1713790,5681.021
51426,2009-09-09T22:00:00+00:00,-1712890,5681.036
51426,2009-09-09T22:15:00+00:00,-1711990,5681.041
51426,2009-09-09T22:30:00+00:00,-1711090,5681.044
51426,2009-09-09T22:45:00+00:00,-1710190,5681.037
51426,2009-09-09T23:00:00+00:00,-1709290,5681.023
51426,2009-09-09T23:15:00+00:00,-1708390,5681.005
51426,2009-09-09T23:30:00+00:00,-1707490,5680.983
51426,2009-09-09T23:45:00+00:00,-1706590,5680.952
51426,2009-09-10T00:00:00+00:00,-1705690,5680.915
51426,2009-09-10T00:15:00+00:00,-1704790,5680.878
51426,2009-09-10T00:30:00+00:00,-1703890,5680.833
51426,2009-09-10T00:45:00+00:00,-1702990,5680.787
51426,2009-09-10T01:00:00+00:00,-1702090,5680.738
51426,2009-09-10T01:15:00+00:00,-1701190,5680.687
51426,2009-09-10T01:30:00+00:00,-1700290,5680.636
51426,2009-09-10T01:45:00+00:00,-1699390,5680.585
51426,2009-09-10T02:00:00+00:00,-1698490,5680.536
51426,2009-09-10T02:15:00+00:00,-1697590,5680.486
51426,2009-09-10T02:30:00+00:00,-1696690,5680.440
51426,2009-09-10T02:45:00+00:00,-1695790,5680.396
51426,2009-09-10T03:00:00+00:00,-1694890,5680.358
51426,2009-09-10T03:15:00+00:00,-1693990,5680.323
51426,2009-09-10T03:30:00+00:00,-1693090,5680.296
51426,2009-09-10T03:45:00+00:00,-1692190,5680.273
51426,2009-09-10T04:00:00+00:00,-1691290,5680.256
51426,2009-09-10T04:15:00+00:00,-1690390,5680.246
51426,2009-09-10T04:30:00+00:00,-1689490,5680.239
51426,2009-09-10T04:45:00+00:00,-1688590,5680.243
51426,2009-09-10T05:00:00+00:00,-1687690,5680.251
51426,2009-09-10T05:15:00+00:00,-1686790,5680.266
51426,2009-09-10T05:30:00+00:00,-1685890,5680.290
51426,2009-09-10T05:45:00+00:00,-1684990,5680.319
51426,2009-09-10T06:00:00+00:00,-1684090,5680.352
51426,2009-09-10T06:15:00+00:00,-1683190,5680.394
51426,2009-09-10T06:30:00+00:00,-1682290,5680.439
51426,2009-09-10T06:45:00+00:00,-1681390,5680.489
51426,2009-09-10T07:00:00+00:00,-1680490,5680.539
51426,2009-09-10T07:15:00+00:00,-1679590,5680.595
51426,2009-09-10T07:30:00+00:00,-1678690,5680.650
51426,2009-09-10T07:45:00+00:00,-1677790,5680.706
51426,2009-09-10T08:00:00+00:00,-1676890,5680.763
51426,2009-09-10T08:15:00+00:00,-1675990,5680.818
51426,2009-09-10T08:30:00+00:00,-1675090,5680.870
51426,2009-09-10T08:45:00+00:00,-1674190,5680.922
51426,2009-09-10T09:00:00+00:00,-1673290,5680.969
51426,2009-09-10T09:15:00+00:00,-1672390,5681.009
51426,2009-09-10T09:30:00+00:00,-1671490,5681.045
51426,2009-09-10T09:45:00+00:00,-1670590,5681.076
51426,2009-09-10T10:00:00+00:00,-1669690,5681.099
51426,2009-09-10T10:15:00+00:00,-1668790,5681.118
51426,2009-09-10T10:30:00+00:00,-1667890,5681.129
51426,2009-09-10T10:45:00+00:00,-1666990,5681.132
51426,2009-09-10T11:00:00+00:00,-1666090,5681.130
51426,2009-09-10T11:15:00+00:00,-1665190,5681.120
51426,2009-09-10T11:30:00+00:00,-1664290,5681.104
51426,2009-09-10T11:45:00+00:00,-1663390,5681.081
51426,2009-09-10T12:00:00+00:00,-1662490,5681.049
51426,2009-09-10T12:15:00+00:00,-1661590,5681.012
51426,2009-09-10T12:30:00+00:00,-1660690,5680.966
51426,2009-09-10T12:45:00+00:00,-1659790,5680.918
51426,2009-09-10T13:00:00+00:00,-1658890,5680.868
51426,2009-09-10T13:15:00+00:00,-1657990,5680.813
51426,2009-09-10T13:30:00+00:00,-1657090,5680.755
51426,2009-09-10T13:45:00+00:00,-1656190,5680.696
51426,2009-09-10T14:00:00+00:00,-1655290,5680.637
51426,2009-09-10T14:15:00+00:00,-1654390,5680.577
51426,2009-09-10T14:30:00+00:00,-1653490,5680.518
51426,2009-09-10T14:45:00+00:00,-1652590,5680.462
51426,2009-09-10T15:00:00+00:00,-1651690,5680.414
51426,2009-09-10T15:15:00+00:00,-1650790,5680.365
51426,2009-09-10T15:30:00+00:00,-1649890,5680.321
51426,2009-09-10T15:45:00+00:00,-1648990,5680.281
51426,2009-09-10T16:00:00+00:00,-1648090,5680.249
51426,2009-09-10T16:15:00+00:00,-1647190,5680.223
51426,2009-09-10T16:30:00+00:00,-1646290,5680.205
51426,2009-09-10T16:45:00+00:00,-1645390,5680.191
51426,2009-09-10T17:00:00+00:00,-1644490,5680.187
51426,2009-09-10T17:15:00+00:00,-1643590,5680.190
51426,2009-09-10T17:30:00+00:00,-1642690,5680.198
51426,2009-09-10T17:45:00+00:00,-1641790,5680.213
51426,2009-09-10T18:00:00+00:00,-1640890,5680.238
51426,2009-09-10T18:15:00+00:00,-1639990,5680.264
51426,2009-09-10T18:30:00+00:00,-1639090,5680.299
51426,2009-09-10T18:45:00+00:00,-1638190,5680.337
51426,2009-09-10T19:00:00+00:00,-1637290,5680.381
51426,2009-09-10T19:15:00+00:00,-1636390,5680.429
51426,2009-09-10T19:30:00+00:00,-1635490,5680.478
51426,2009-09-10T19:45:00+00:00,-1634590,5680.533
51426,2009-09-10T20:00:00+00:00,-1633690,5680.587
51426,2009-09-10T20:15:00+00:00,-1632790,5680.642
51426,2009-09-10T20:30:00+00:00,-1631890,5680.697
51426,2009-09-10T20:45:00+00:00,-1630990,5680.751
51426,2009-09-10T21:00:00+00:00,-1630090,5680.803
51426,2009-09-10T21:15:00+00:00,-1629190,5680.852
51426,2009-09-10T21:30:00+00:00,-1628290,5680.895
51426,2009-09-10T21:45:00+00:00,-1627390,5680.934
51426,2009-09-10T22:00:00+00:00,-1626490,5680.967
51426,2009-09-10T22:15:00+00:00,-1625590,5680.993
51426,2009-09-10T22:30:00+00:00,-1624690,5681.016
51426,2009-09-10T22:45:00+00:00,-1623790,5681.029
51426,2009-09-10T23:00:00+00:00,-1622890,5681.035
51426,2009-09-10T23:15:00+00:00,-1621990,5681.035
51426,2009-09-10T23:30:00+00:00,-1621090,5681.032
51426,2009-09-10T23:45:00+00:00,-1620190,5681.018
51426,2009-09-11T00:00:00+00:00,-1619290,5681.002
51426,2009-09-11T00:15:00+00:00,-1618390,5680.980
51426,2009-09-11T00:30:00+00:00,-1617490,5680.952
51426,2009-09-11T00:45:00+00:00,-1616590,5680.918
51426,2009-09-11T01:00:00+00:00,-1615690,5680.880
51426,2009-09-11T01:15:00+00:00,-1614790,5680.838
51426,2009-09-11T01:30:00+00:00,-1613890,5680.793
51426,2009-09-11T01:45:00+00:00,-1612990,5680.744
51426,2009-09-11T02:00:00+00:00,-1612090,5680.696
51426,2009-09-11T02:15:00+00:00,-1611190,5680.648
51426,2009-09-11T02:30:00+00:00,-1610290,5680.601
51426,2009-09-11T02:45:00+00:00,-1609390,5680.553
51426,2009-09-11T03:00:00+00:00,-1608490,5680.506
51426,2009-09-11T03:15:00+00:00,-1607590,5680.463
51426,2009-09-11T03:30:00+00:00,-1606690,5680.421
51426,2009-09-11T03:45:00+00:00,-1605790,5680.383
51426,2009-09-11T04:00:00+00:00,-1604890,5680.352
51426,2009-09-11T04:15:00+00:00,-1603990,5680.324
51426,2009-09-11T04:30:00+00:00,-1603090,5680.301
51426,2009-09-11T04:45:00+00:00,-1602190,5680.282
51426,2009-09-11T05:00:00+00:00,-1601290,5680.273
51426,2009-09-11T05:15:00+00:00,-1600390,5680.268
51426,2009-09-11T05:30:00+00:00,-1599490,5680.271
51426,2009-09-11T05:45:00+00:00,-1598590,5680.280
51426,2009-09-11T06:00:00+00:00,-1597690,5680.293
51426,2009-09-11T06:15:00+00:00,-1596790,5680.316
51426,2009-09-11T06:30:00+00:00,-1595890,5680.345
51426,2009-09-11T06:45:00+00:00,-1594990,5680.381
51426,2009-09-11T07:00:00+00:00,-1594090,5680.420
51426,2009-09-11T07:15:00+00:00,-1593190,5680.464
51426,2009-09-11T07:30:00+00:00,-1592290,5680.512
51426,2009-09-11T07:45:00+00:00,-1591390,5680.563
51426,2009-09-11T08:00:00+00:00,-1590490,5680.618
51426,2009-09-11T08:15:00+00:00,-1589590,5680.669
51426,2009-09-11T08:30:00+00:00,-1588690,5680.726
51426,2009-09-11T08:45:00+00:00,-1587790,5680.781
51426,2009-09-11T09:00:00+00:00,-1586890,5680.834
51426,2009-09-11T09:15:00+00:00,-1585990,5680.887
51426,2009-09-11T09:30:00+00:00,-1585090,5680.934
51426,2009-09-11T09:45:00+00:00,-1584190,5680.981
51426,2009-09-11T10:00:00+00:00,-1583290,5681.020
51426,2009-09-11T10:15:00+00:00,-1582390,5681.055
51426,2009-09-11T10:30:00+00:00,-1581490,5681.089
51426,2009-09-11T10:45:00+00:00,-1580590,5681.114
51426,2009-09-11T11:00:00+00:00,-1579690,5681.134
51426,2009-09-11T11:15:00+00:00,-1578790,5681.143
51426,2009-09-11T11:30:00+00:00,-1577890,5681.149
51426,2009-09-11T11:45:00+00:00,-1576990,5681.144
51426,2009-09-11T12:00:00+00:00,-1576090,5681.134
51426,2009-09-11T12:15:00+00:00,-1575190,5681.115
51426,2009-09-11T12:30:00+00:00,-1574290,5681.091
51426,2009-09-11T12:45:00+00:00,-1573390,5681.062
51426,2009-09-11T13:00:00+00:00,-1572490,5681.030
51426,2009-09-11T13:15:00+00:00,-1571590,5680.991
51426,2009-09-11T13:30:00+00:00,-1570690,5680.947
51426,2009-09-11T13:45:00+00:00,-1569790,5680.901
51426,2009-09-11T14:00:00+00:00,-1568890,5680.846
51426,2009-09-11T14:15:00+00:00,-1567990,5680.789
51426,2009-09-11T14:30:00+00:00,-1567090,5680.732
51426,2009-09-11T14:45:00+00:00,-1566190,5680.672
51426,2009-09-11T15:00:00+00:00,-1565290,5680.617
51426,2009-09-11T15:15:00+00:00,-1564390,5680.560
51426,2009-09-11T15:30:00+00:00,-1563490,5680.504
51426,2009-09-11T15:45:00+00:00,-1562590,5680.452
51426,2009-09-11T16:00:00+00:00,-1561690,5680.402
51426,2009-09-11T16:15:00+00:00,-1560790,5680.361
51426,2009-09-11T16:30:00+00:00,-1559890,5680.322
51426,2009-09-11T16:45:00+00:00,-1558990,5680.289
51426,2009-09-11T17:00:00+00:00,-1558090,5680.264
51426,2009-09-11T17:15:00+00:00,-1557190,5680.243
51426,2009-09-11T17:30:00+00:00,-1556290,5680.231
51426,2009-09-11T17:45:00+00:00,-1555390,5680.222
51426,2009-09-11T18:00:00+00:00,-1554490,5680.223
51426,2009-09-11T18:15:00+00:00,-1553590,5680.231
51426,2009-09-11T18:30:00+00:00,-1552690,5680.243
51426,2009-09-11T18:45:00+00:00,-1551790,5680.263
51426,2009-09-11T19:00:00+00:00,-1550890,5680.289
51426,2009-09-11T19:15:00+00:00,-1549990,5680.317
51426,2009-09-11T19:30:00+00:00,-1549090,5680.354
51426,2009-09-11T19:45:00+00:00,-1548190,5680.394
51426,2009-09-11T20:00:00+00:00,-1547290,5680.441
51426,2009-09-11T20:15:00+00:00,-1546390,5680.490
51426,2009-09-11T20:30:00+00:00,-1545490,5680.541
51426,2009-09-11T20:45:00+00:00,-1544590,5680.596
51426,2009-09-11T21:00:00+00:00,-1543690,5680.648
51426,2009-09-11T21:15:00+00:00,-1542790,5680.701
51426,2009-09-11T21:30:00+00:00,-1541890,5680.750
51426,2009-09-11T21:45:00+00:00,-1540990,5680.801
51426,2009-09-11T22:00:00+00:00,-1540090,5680.846
51426,2009-09-11T22:15:00+00:00,-1539190,5680.886
51426,2009-09-11T22:30:00+00:00,-1538290,5680.923
51426,2009-09-11T22:45:00+00:00,-1537390,5680.956
51426,2009-09-11T23:00:00+00:00,-1536490,5680.986
51426,2009-09-11T23:15:00+00:00,-1535590,5681.008
51426,2009-09-11T23:30:00+00:00,-1534690,5681.022
51426,2009-09-11T23:45:00+00:00,-1533790,5681.035
51426,2009-09-12T00:00:00+00:00,-1532890,5681.036
51426,2009-09-12T00:15:00+00:00,-1531990,5681.035
51426,2009-09-12T00:30:00+00:00,-1531090,5681.026
51426,2009-09-12T00:45:00+00:00,-1530190,5681.010
51426,2009-09-12T01:00:00+00:00,-1529290,5680.989
51426,2009-09-12T01:15:00+00:00,-1528390,5680.965
51426,2009-09-12T01:30:00+00:00,-1527490,5680.936
51426,2009-09-12T01:45:00+00:00,-1526590,5680.904
51426,2009-09-12T02:00:00+00:00,-1525690,5680.863
51426,2009-09-12T02:15:00+00:00,-1524790,5680.819
51426,2009-09-12T02:30:00+00:00,-1523890,5680.780
51426,2009-09-12T02:45:00+00:00,-1522990,5680.732
51426,2009-09-12T03:00:00+00:00,-1522090,5680.686
51426,2009-09-12T03:15:00+00:00,-1521190,5680.638
51426,2009-09-12T03:30:00+00:00,-1520290,5680.592
51426,2009-09-12T03:45:00+00:00,-1519390,5680.545
51426,2009-09-12T04:00:00+00:00,-1518490,5680.503
51426,2009-09-12T04:15:00+00:00,-1517590,5680.462
51426,2009-09-12T04:30:00+00:00,-1516690,5680.426
51426,2009-09-12T04:45:00+00:00,-1515790,5680.392
51426,2009-09-12T05:00:00+00:00,-1514890,5680.363
51426,2009-09-12T05:15:00+00:00,-1513990,5680.339
51426,2009-09-12T05:30:00+00:00,-1513090,5680.324
51426,2009-09-12T05:45:00+00:00,-1512190,5680.313
51426,2009-09-12T06:00:00+00:00,-1511290,5680.309
51426,2009-09-12T06:15:00+00:00,-1510390,5680.308
51426,2009-09-12T06:30:00+00:00,-1509490,5680.317
51426,2009-09-12T06:45:00+00:00,-1508590,5680.329
51426,2009-09-12T07:00:00+00:00,-1507690,5680.351
51426,2009-09-12T07:15:00+00:00,-1506790,5680.378
51426,2009-09-12T07:30:00+00:00,-1505890,5680.409
51426,2009-09-12T07:45:00+00:00,-1504990,5680.440
51426,2009-09-12T08:00:00+00:00,-1504090,5680.480
51426,2009-09-12T08:15:00+00:00,-1503190,5680.522
51426,2009-09-12T08:30:00+00:00,-1502290,5680.570
51426,2009-09-12T08:45:00+00:00,-1501390,5680.617
51426,2009-09-12T09:00:00+00:00,-1500490,5680.667
51426,2009-09-12T09:15:00+00:00,-1499590,5680.720
51426,2009-09-12T09:30:00+00:00,-1498690,5680.770
51426,2009-09-12T09:45:00+00:00,-1497790,5680.821
51426,2009-09-12T10:00:00+00:00,-1496890,5680.873
51426,2009-09-12T10:15:00+00:00,-1495990,5680.919
51426,2009-09-12T10:30:00+00:00,-1495090,5680.963
51426,2009-09-12T10:45:00+00:00,-1494190,5681.005
51426,2009-09-12T11:00:00+00:00,-1493290,5681.045
51426,2009-09-12T11:15:00+00:00,-1492390,5681.072
51426,2009-09-12T11:30:00+00:00,-1491490,5681.097
51426,2009-09-12T11:45:00+00:00,-1490590,5681.113
51426,2009-09-12T12:00:00+00:00,-1489690,5681.126
51426,2009-09-12T12:15:00+00:00,-1488790,5681.132
51426,2009-09-12T12:30:00+00:00,-1487890,5681.131
51426,2009-09-12T12:45:00+00:00,-1486990,5681.124
51426,2009-09-12T13:00:00+00:00,-1486090,5681.110
51426,2009-09-12T13:15:00+00:00,-1485190,5681.093
51426,2009-09-12T13:30:00+00:00,-1484290,5681.067
51426,2009-09-12T13:45:00+00:00,-1483390,5681.036
51426,2009-09-12T14:00:00+00:00,-1482490,5681.000
51426,2009-09-12T14:15:00+00:00,-1481590,5680.960
51426,2009-09-12T14:30:00+00:00,-1480690,5680.915
51426,2009-09-12T14:45:00+00:00,-1479790,5680.864
51426,2009-09-12T15:00:00+00:00,-1478890,5680.811
51426,2009-09-12T15:15:00+00:00,-1477990,5680.757
51426,2009-09-12T15:30:00+00:00,-1477090,5680.702
51426,2009-09-12T15:45:00+00:00,-1476190,5680.643
51426,2009-09-12T16:00:00+00:00,-1475290,5680.592
51426,2009-09-12T16:15:00+00:00,-1474390,5680.539
51426,2009-09-12T16:30:00+00:00,-1473490,5680.487
51426,2009-09-12T16:45:00+00:00,-1472590,5680.440
51426,2009-09-12T17:00:00+00:00,-1471690,5680.395
51426,2009-09-12T17:15:00+00:00,-1470790,5680.356
51426,2009-09-12T17:30:00+00:00,-1469890,5680.320
51426,2009-09-12T17:45:00+00:00,-1468990,5680.292
51426,2009-09-12T18:00:00+00:00,-1468090,5680.267
51426,2009-09-12T18:15:00+00:00,-1467190,5680.247
51426,2009-09-12T18:30:00+00:00,-1466290,5680.237
51426,2009-09-12T18:45:00+00:00,-1465390,5680.232
51426,2009-09-12T19:00:00+00:00,-1464490,5680.234
51426,2009-09-12T19:15:00+00:00,-1463590,5680.240
51426,2009-09-12T19:30:00+00:00,-1462690,5680.253
51426,2009-09-12T19:45:00+00:00,-1461790,5680.270
51426,2009-09-12T20:00:00+00:00,-1460890,5680.300
51426,2009-09-12T20:15:00+00:00,-1459990,5680.332
51426,2009-09-12T20:30:00+00:00,-1459090,5680.365
51426,2009-09-12T20:45:00+00:00,-1458190,5680.404
51426,2009-09-12T21:00:00+00:00,-1457290,5680.445
51426,2009-09-12T21:15:00+00:00,-1456390,5680.491
51426,2009-09-12T21:30:00+00:00,-1455490,5680.541
51426,2009-09-12T21:45:00+00:00,-1454590,5680.590
51426,2009-09-12T22:00:00+00:00,-1453690,5680.638
51426,2009-09-12T22:15:00+00:00,-1452790,5680.686
51426,2009-09-12T22:30:00+00:00,-1451890,5680.735
51426,2009-09-12T22:45:00+00:00,-1450990,5680.778
51426,2009-09-12T23:00:00+00:00,-1450090,5680.822
51426,2009-09-12T23:15:00+00:00,-1449190,5680.862
51426,2009-09-12T23:30:00+00:00,-1448290,5680.898
51426,2009-09-12T23:45:00+00:00,-1447390,5680.931
51426,2009-09-13T00:00:00+00:00,-1446490,5680.960
51426,2009-09-13T00:15:00+00:00,-1445590,5680.979
51426,2009-09-13T00:30:00+00:00,-1444690,5680.990
51426,2009-09-13T00:45:00+00:00,-1443790,5681.004
51426,2009-09-13T01:00:00+00:00,-1442890,5681.003
51426,2009-09-13T01:15:00+00:00,-1441990,5680.998
51426,2009-09-13T01:30:00+00:00,-1441090,5680.988
51426,2009-09-13T01:45:00+00:00,-1440190,5680.972
51426,2009-09-13T02:00:00+00:00,-1439290,5680.950
51426,2009-09-13T02:15:00+00:00,-1438390,5680.922
51426,2009-09-13T02:30:00+00:00,-1437490,5680.894
51426,2009-09-13T02:45:00+00:00,-1436590,5680.859
51426,2009-09-13T03:00:00+00:00,-1435690,5680.819
51426,2009-09-13T03:15:00+00:00,-1434790,5680.779
51426,2009-09-13T03:30:00+00:00,-1433890,5680.736
51426,2009-09-13T03:45:00+00:00,-1432990,5680.694
51426,2009-09-13T04:00:00+00:00,-1432090,5680.650
51426,2009-09-13T04:15:00+00:00,-1431190,5680.605
51426,2009-09-13T04:30:00+00:00,-1430290,5680.560
51426,2009-09-13T04:45:00+00:00,-1429390,5680.516
51426,2009-09-13T05:00:00+00:00,-1428490,5680.476
51426,2009-09-13T05:15:00+00:00,-1427590,5680.438
51426,2009-09-13T05:30:00+00:00,-1426690,5680.401
51426,2009-09-13T05:45:00+00:00,-1425790,5680.371
51426,2009-09-13T06:00:00+00:00,-1424890,5680.343
51426,2009-09-13T06:15:00+00:00,-1423990,5680.323
51426,2009-09-13T06:30:00+00:00,-1423090,5680.309
51426,2009-09-13T06:45:00+00:00,-1422190,5680.300
51426,2009-09-13T07:00:00+00:00,-1421290,5680.295
51426,2009-09-13T07:15:00+00:00,-1420390,5680.298
51426,2009-09-13T07:30:00+00:00,-1419490,5680.308
51426,2009-09-13T07:45:00+00:00,-1418590,5680.322
51426,2009-09-13T08:00:00+00:00,-1417690,5680.343
51426,2009-09-13T08:15:00+00:00,-1416790,5680.369
51426,2009-09-13T08:30:00+00:00,-1415890,5680.399
51426,2009-09-13T08:45:00+00:00,-1414990,5680.432
51426,2009-09-13T09:00:00+00:00,-1414090,5680.469
51426,2009-09-13T09:15:00+00:00,-1413190,5680.508
51426,2009-09-13T09:30:00+00:00,-1412290,5680.552
51426,2009-09-13T09:45:00+00:00,-1411390,5680.600
51426,2009-09-13T10:00:00+00:00,-1410490,5680.649
51426,2009-09-13T10:15:00+00:00,-1409590,5680.699
51426,2009-09-13T10:30:00+00:00,-1408690,5680.749
51426,2009-09-13T10:45:00+00:00,-1407790,5680.799
51426,2009-09-13T11:00:00+00:00,-1406890,5680.846
51426,2009-09-13T11:15:00+00:00,-1405990,5680.891
51426,2009-09-13T11:30:00+00:00,-1405090,5680.934
51426,2009-09-13T11:45:00+00:00,-1404190,5680.974
51426,2009-09-13T12:00:00+00:00,-1403290,5681.006
51426,2009-09-13T12:15:00+00:00,-1402390,5681.034
51426,2009-09-13T12:30:00+00:00,-1401490,5681.059
51426,2009-09-13T12:45:00+00:00,-1400590,5681.076
51426,2009-09-13T13:00:00+00:00,-1399690,5681.085
51426,2009-09-13T13:15:00+00:00,-1398790,5681.090
51426,2009-09-13T13:30:00+00:00,-1397890,5681.089
51426,2009-09-13T13:45:00+00:00,-1396990,5681.079
51426,2009-09-13T14:00:00+00:00,-1396090,5681.065
51426,2009-09-13T14:15:00+00:00,-1395190,5681.047
51426,2009-09-13T14:30:00+00:00,-1394290,5681.018
51426,2009-09-13T14:45:00+00:00,-1393390,5680.986
51426,2009-09-13T15:00:00+00:00,-1392490,5680.955
51426,2009-09-13T15:15:00+00:00,-1391590,5680.912
51426,2009-09-13T15:30:00+00:00,-1390690,5680.868
51426,2009-09-13T15:45:00+00:00,-1389790,5680.819
51426,2009-09-13T16:00:00+00:00,-1388890,5680.769
51426,2009-09-13T16:15:00+00:00,-1387990,5680.714
51426,2009-09-13T16:30:00+00:00,-1387090,5680.662
51426,2009-09-13T16:45:00+00:00,-1386190,5680.610
51426,2009-09-13T17:00:00+00:00,-1385290,5680.558
51426,2009-09-13T17:15:00+00:00,-1384390,5680.506
51426,2009-09-13T17:30:00+00:00,-1383490,5680.454
51426,2009-09-13T17:45:00+00:00,-1382590,5680.409
51426,2009-09-13T18:00:00+00:00,-1381690,5680.367
51426,2009-09-13T18:15:00+00:00,-1380790,5680.327
51426,2009-09-13T18:30:00+00:00,-1379890,5680.292
51426,2009-09-13T18:45:00+00:00,-1378990,5680.263
51426,2009-09-13T19:00:00+00:00,-1378090,5680.236
51426,2009-09-13T19:15:00+00:00,-1377190,5680.219
51426,2009-09-13T19:30:00+00:00,-1376290,5680.206
51426,2009-09-13T19:45:00+00:00,-1375390,5680.200
51426,2009-09-13T20:00:00+00:00,-1374490,5680.201
51426,2009-09-13T20:15:00+00:00,-1373590,5680.209
51426,2009-09-13T20:30:00+00:00,-1372690,5680.222
51426,2009-09-13T20:45:00+00:00,-1371790,5680.241
51426,2009-09-13T21:00:00+00:00,-1370890,5680.267
51426,2009-09-13T21:15:00+00:00,-1369990,5680.296
51426,2009-09-13T21:30:00+00:00,-1369090,5680.332
51426,2009-09-13T21:45:00+00:00,-1368190,5680.371
51426,2009-09-13T22:00:00+00:00,-1367290,5680.414
51426,2009-09-13T22:15:00+00:00,-1366390,5680.457
51426,2009-09-13T22:30:00+00:00,-1365490,5680.501
51426,2009-09-13T22:45:00+00:00,-1364590,5680.549
51426,2009-09-13T23:00:00+00:00,-1363690,5680.599
51426,2009-09-13T23:15:00+00:00,-1362790,5680.645
51426,2009-09-13T23:30:00+00:00,-1361890,5680.692
51426,2009-09-13T23:45:00+00:00,-1360990,5680.735
51426,2009-09-14T00:00:00+00:00,-1360090,5680.779
51426,2009-09-14T00:15:00+00:00,-1359190,5680.818
51426,2009-09-14T00:30:00+00:00,-1358290,5680.850
51426,2009-09-14T00:45:00+00:00,-1357390,5680.883
51426,2009-09-14T01:00:00+00:00,-1356490,5680.909
51426,2009-09-14T01:15:00+00:00,-1355590,5680.927
51426,2009-09-14T01:30:00+00:00,-1354690,5680.940
51426,2009-09-14T01:45:00+00:00,-1353790,5680.946
51426,2009-09-14T02:00:00+00:00,-1352890,5680.948
51426,2009-09-14T02:15:00+00:00,-1351990,5680.945
51426,2009-09-14T02:30:00+00:00,-1351090,5680.937
51426,2009-09-14T02:45:00+00:00,-1350190,5680.923
51426,2009-09-14T03:00:00+00:00,-1349290,5680.904
51426,2009-09-14T03:15:00+00:00,-1348390,5680.880
51426,2009-09-14T03:30:00+00:00,-1347490,5680.847
51426,2009-09-14T03:45:00+00:00,-1346590,5680.814
51426,2009-09-14T04:00:00+00:00,-1345690,5680.776
51426,2009-09-14T04:15:00+00:00,-1344790,5680.737
51426,2009-09-14T04:30:00+00:00,-1343890,5680.697
51426,2009-09-14T04:45:00+00:00,-1342990,5680.653
51426,2009-09-14T05:00:00+00:00,-1342090,5680.610
51426,2009-09-14T05:15:00+00:00,-1341190,5680.567
51426,2009-09-14T05:30:00+00:00,-1340290,5680.524
51426,2009-09-14T05:45:00+00:00,-1339390,5680.483
51426,2009-09-14T06:00:00+00:00,-1338490,5680.439
51426,2009-09-14T06:15:00+00:00,-1337590,5680.403
51426,2009-09-14T06:30:00+00:00,-1336690,5680.370
51426,2009-09-14T06:45:00+00:00,-1335790,5680.341
51426,2009-09-14T07:00:00+00:00,-1334890,5680.318
51426,2009-09-14T07:15:00+00:00,-1333990,5680.299
51426,2009-09-14T07:30:00+00:00,-1333090,5680.285
51426,2009-09-14T07:45:00+00:00,-1332190,5680.278
51426,2009-09-14T08:00:00+00:00,-1331290,5680.274
51426,2009-09-14T08:15:00+00:00,-1330390,5680.276
51426,2009-09-14T08:30:00+00:00,-1329490,5680.284
51426,2009-09-14T08:45:00+00:00,-1328590,5680.297
51426,2009-09-14T09:00:00+00:00,-1327690,5680.315
51426,2009-09-14T09:15:00+00:00,-1326790,5680.338
51426,2009-09-14T09:30:00+00:00,-1325890,5680.366
51426,2009-09-14T09:45:00+00:00,-1324990,5680.402
51426,2009-09-14T10:00:00+00:00,-1324090,5680.439
51426,2009-09-14T10:15:00+00:00,-1323190,5680.481
51426,2009-09-14T10:30:00+00:00,-1322290,5680.527
51426,2009-09-14T10:45:00+00:00,-1321390,5680.578
51426,2009-09-14T11:00:00+00:00,-1320490,5680.624
51426,2009-09-14T11:15:00+00:00,-1319590,5680.674
51426,2009-09-14T11:30:00+00:00,-1318690,5680.723
51426,2009-09-14T11:45:00+00:00,-1317790,5680.773
51426,2009-09-14T12:00:00+00:00,-1316890,5680.822
51426,2009-09-14T12:15:00+00:00,-1315990,5680.864
51426,2009-09-14T12:30:00+00:00,-1315090,5680.908
51426,2009-09-14T12:45:00+00:00,-1314190,5680.945
51426,2009-09-14T13:00:00+00:00,-1313290,5680.979
51426,2009-09-14T13:15:00+00:00,-1312390,5681.005
51426,2009-09-14T13:30:00+00:00,-1311490,5681.029
51426,2009-09-14T13:45:00+00:00,-1310590,5681.048
51426,2009-09-14T14:00:00+00:00,-1309690,5681.061
51426,2009-09-14T14:15:00+00:00,-1308790,5681.066
51426,2009-09-14T14:30:00+00:00,-1307890,5681.065
51426,2009-09-14T14:45:00+00:00,-1306990,5681.057
51426,2009-09-14T15:00:00+00:00,-1306090,5681.043
51426,2009-09-14T15:15:00+00:00,-1305190,5681.026
51426,2009-09-14T15:30:00+00:00,-1304290,5681.002
51426,2009-09-14T15:45:00+00:00,-1303390,5680.973
51426,2009-09-14T16:00:00+00:00,-1302490,5680.940
51426,2009-09-14T16:15:00+00:00,-1301590,5680.902
51426,2009-09-14T16:30:00+00:00,-1300690,5680.862
51426,2009-09-14T16:45:00+00:00,-1299790,5680.815
51426,2009-09-14T17:00:00+00:00,-1298890,5680.767
51426,2009-09-14T17:15:00+00:00,-1297990,5680.715
51426,2009-09-14T17:30:00+00:00,-1297090,5680.666
51426,2009-09-14T17:45:00+00:00,-1296190,5680.612
51426,2009-09-14T18:00:00+00:00,-1295290,5680.559
51426,2009-09-14T18:15:00+00:00,-1294390,5680.509
51426,2009-09-14T18:30:00+00:00,-1293490,5680.459
51426,2009-09-14T18:45:00+00:00,-1292590,5680.414
51426,2009-09-14T19:00:00+00:00,-1291690,5680.367
51426,2009-09-14T19:15:00+00:00,-1290790,5680.327
51426,2009-09-14T19:30:00+00:00,-1289890,5680.291
51426,2009-09-14T19:45:00+00:00,-1288990,5680.261
51426,2009-09-14T20:00:00+00:00,-1288090,5680.237
51426,2009-09-14T20:15:00+00:00,-1287190,5680.216
51426,2009-09-14T20:30:00+00:00,-1286290,5680.204
51426,2009-09-14T20:45:00+00:00,-1285390,5680.200
51426,2009-09-14T21:00:00+00:00,-1284490,5680.200
51426,2009-09-14T21:15:00+00:00,-1283590,5680.205
51426,2009-09-14T21:30:00+00:00,-1282690,5680.220
51426,2009-09-14T21:45:00+00:00,-1281790,5680.237
51426,2009-09-14T22:00:00+00:00,-1280890,5680.261
51426,2009-09-14T22:15:00+00:00,-1279990,5680.288
51426,2009-09-14T22:30:00+00:00,-1279090,5680.322
51426,2009-09-14T22:45:00+00:00,-1278190,5680.360
51426,2009-09-14T23:00:00+00:00,-1277290,5680.401
51426,2009-09-14T23:15:00+00:00,-1276390,5680.444
51426,2009-09-14T23:30:00+00:00,-1275490,5680.490
51426,2009-09-14T23:45:00+00:00,-1274590,5680.537
51426,2009-09-15T00:00:00+00:00,-1273690,5680.584
51426,2009-09-15T00:15:00+00:00,-1272790,5680.637
51426,2009-09-15T00:30:00+00:00,-1271890,5680.683
51426,2009-09-15T00:45:00+00:00,-1270990,5680.729
51426,2009-09-15T01:00:00+00:00,-1270090,5680.771
51426,2009-09-15T01:15:00+00:00,-1269190,5680.810
51426,2009-09-15T01:30:00+00:00,-1268290,5680.847
51426,2009-09-15T01:45:00+00:00,-1267390,5680.878
51426,2009-09-15T02:00:00+00:00,-1266490,5680.908
51426,2009-09-15T02:15:00+00:00,-1265590,5680.930
51426,2009-09-15T02:30:00+00:00,-1264690,5680.947
51426,2009-09-15T02:45:00+00:00,-1263790,5680.957
51426,2009-09-15T03:00:00+00:00,-1262890,5680.965
51426,2009-09-15T03:15:00+00:00,-1261990,5680.963
51426,2009-09-15T03:30:00+00:00,-1261090,5680.953
51426,2009-09-15T03:45:00+00:00,-1260190,5680.940
51426,2009-09-15T04:00:00+00:00,-1259290,5680.920
51426,2009-09-15T04:15:00+00:00,-1258390,5680.896
51426,2009-09-15T04:30:00+00:00,-1257490,5680.870
51426,2009-09-15T04:45:00+00:00,-1256590,5680.837
51426,2009-09-15T05:00:00+00:00,-1255690,5680.801
51426,2009-09-15T05:15:00+00:00,-1254790,5680.763
51426,2009-09-15T05:30:00+00:00,-1253890,5680.721
51426,2009-09-15T05:45:00+00:00,-1252990,5680.677
51426,2009-09-15T06:00:00+00:00,-1252090,5680.636
51426,2009-09-15T06:15:00+00:00,-1251190,5680.590
51426,2009-09-15T06:30:00+00:00,-1250290,5680.546
51426,2009-09-15T06:45:00+00:00,-1249390,5680.503
51426,2009-09-15T07:00:00+00:00,-1248490,5680.462
51426,2009-09-15T07:15:00+00:00,-1247590,5680.421
51426,2009-09-15T07:30:00+00:00,-1246690,5680.387
51426,2009-09-15T07:45:00+00:00,-1245790,5680.357
51426,2009-09-15T08:00:00+00:00,-1244890,5680.330
51426,2009-09-15T08:15:00+00:00,-1243990,5680.308
51426,2009-09-15T08:30:00+00:00,-1243090,5680.289
51426,2009-09-15T08:45:00+00:00,-1242190,5680.276
51426,2009-09-15T09:00:00+00:00,-1241290,5680.267
51426,2009-09-15T09:15:00+00:00,-1240390,5680.263
51426,2009-09-15T09:30:00+00:00,-1239490,5680.270
51426,2009-09-15T09:45:00+00:00,-1238590,5680.281
51426,2009-09-15T10:00:00+00:00,-1237690,5680.300
51426,2009-09-15T10:15:00+00:00,-1236790,5680.323
51426,2009-09-15T10:30:00+00:00,-1235890,5680.348
51426,2009-09-15T10:45:00+00:00,-1234990,5680.382
51426,2009-09-15T11:00:00+00:00,-1234090,5680.417
51426,2009-09-15T11:15:00+00:00,-1233190,5680.457
51426,2009-09-15T11:30:00+00:00,-1232290,5680.501
51426,2009-09-15T11:45:00+00:00,-1231390,5680.545
51426,2009-09-15T12:00:00+00:00,-1230490,5680.595
51426,2009-09-15T12:15:00+00:00,-1229590,5680.646
51426,2009-09-15T12:30:00+00:00,-1228690,5680.695
51426,2009-09-15T12:45:00+00:00,-1227790,5680.747
51426,2009-09-15T13:00:00+00:00,-1226890,5680.795
51426,2009-09-15T13:15:00+00:00,-1225990,5680.842
51426,2009-09-15T13:30:00+00:00,-1225090,5680.888
51426,2009-09-15T13:45:00+00:00,-1224190,5680.929
51426,2009-09-15T14:00:00+00:00,-1223290,5680.967
51426,2009-09-15T14:15:00+00:00,-1222390,5680.998
51426,2009-09-15T14:30:00+00:00,-1221490,5681.025
51426,2009-09-15T14:45:00+00:00,-1220590,5681.048
51426,2009-09-15T15:00:00+00:00,-1219690,5681.064
51426,2009-09-15T15:15:00+00:00,-1218790,5681.073
51426,2009-09-15T15:30:00+00:00,-1217890,5681.078
51426,2009-09-15T15:45:00+00:00,-1216990,5681.078
51426,2009-09-15T16:00:00+00:00,-1216090,5681.070
51426,2009-09-15T16:15:00+00:00,-1215190,5681.055
51426,2009-09-15T16:30:00+00:00,-1214290,5681.036
51426,2009-09-15T16:45:00+00:00,-1213390,5681.009
51426,2009-09-15T17:00:00+00:00,-1212490,5680.978
51426,2009-09-15T17:15:00+00:00,-1211590,5680.942
51426,2009-09-15T17:30:00+00:00,-1210690,5680.901
51426,2009-09-15T17:45:00+00:00,-1209790,5680.858
51426,2009-09-15T18:00:00+00:00,-1208890,5680.808
51426,2009-09-15T18:15:00+00:00,-1207990,5680.754
51426,2009-09-15T18:30:00+00:00,-1207090,5680.700
51426,2009-09-15T18:45:00+00:00,-1206190,5680.644
51426,2009-09-15T19:00:00+00:00,-1205290,5680.589
51426,2009-09-15T19:15:00+00:00,-1204390,5680.534
51426,2009-09-15T19:30:00+00:00,-1203490,5680.481
51426,2009-09-15T19:45:00+00:00,-1202590,5680.430
51426,2009-09-15T20:00:00+00:00,-1201690,5680.384
51426,2009-09-15T20:15:00+00:00,-1200790,5680.342
51426,2009-09-15T20:30:00+00:00,-1199890,5680.301
51426,2009-09-15T20:45:00+00:00,-1198990,5680.270
51426,2009-09-15T21:00:00+00:00,-1198090,5680.245
51426,2009-09-15T21:15:00+00:00,-1197190,5680.222
51426,2009-09-15T21:30:00+00:00,-1196290,5680.207
51426,2009-09-15T21:45:00+00:00,-1195390,5680.198
51426,2009-09-15T22:00:00+00:00,-1194490,5680.197
51426,2009-09-15T22:15:00+00:00,-1193590,5680.201
51426,2009-09-15T22:30:00+00:00,-1192690,5680.212
51426,2009-09-15T22:45:00+00:00,-1191790,5680.228
51426,2009-09-15T23:00:00+00:00,-1190890,5680.253
51426,2009-09-15T23:15:00+00:00,-1189990,5680.281
51426,2009-09-15T23:30:00+00:00,-1189090,5680.316
51426,2009-09-15T23:45:00+00:00,-1188190,5680.355
51426,2009-09-16T00:00:00+00:00,-1187290,5680.397
51426,2009-09-16T00:15:00+00:00,-1186390,5680.445
51426,2009-09-16T00:30:00+00:00,-1185490,5680.492
51426,2009-09-16T00:45:00+00:00,-1184590,5680.543
51426,2009-09-16T01:00:00+00:00,-1183690,5680.596
51426,2009-09-16T01:15:00+00:00,-1182790,5680.646
51426,2009-09-16T01:30:00+00:00,-1181890,5680.698
51426,2009-09-16T01:45:00+00:00,-1180990,5680.746
51426,2009-09-16T02:00:00+00:00,-1180090,5680.794
51426,2009-09-16T02:15:00+00:00,-1179190,5680.839
51426,2009-09-16T02:30:00+00:00,-1178290,5680.880
51426,2009-09-16T02:45:00+00:00,-1177390,5680.918
51426,2009-09-16T03:00:00+00:00,-1176490,5680.950
51426,2009-09-16T03:15:00+00:00,-1175590,5680.975
51426,2009-09-16T03:30:00+00:00,-1174690,5680.996
51426,2009-09-16T03:45:00+00:00,-1173790,5681.010
51426,2009-09-16T04:00:00+00:00,-1172890,5681.015
51426,2009-09-16T04:15:00+00:00,-1171990,5681.016
51426,2009-09-16T04:30:00+00:00,-1171090,5681.014
51426,2009-09-16T04:45:00+00:00,-1170190,5680.999
51426,2009-09-16T05:00:00+00:00,-1169290,5680.982
51426,2009-09-16T05:15:00+00:00,-1168390,5680.958
51426,2009-09-16T05:30:00+00:00,-1167490,5680.926
51426,2009-09-16T05:45:00+00:00,-1166590,5680.896
51426,2009-09-16T06:00:00+00:00,-1165690,5680.859
51426,2009-09-16T06:15:00+00:00,-1164790,5680.818
51426,2009-09-16T06:30:00+00:00,-1163890,5680.774
51426,2009-09-16T06:45:00+00:00,-1162990,5680.726
51426,2009-09-16T07:00:00+00:00,-1162090,5680.680
51426,2009-09-16T07:15:00+00:00,-1161190,5680.634
51426,2009-09-16T07:30:00+00:00,-1160290,5680.584
51426,2009-09-16T07:45:00+00:00,-1159390,5680.537
51426,2009-09-16T08:00:00+00:00,-1158490,5680.489
51426,2009-09-16T08:15:00+00:00,-1157590,5680.445
51426,2009-09-16T08:30:00+00:00,-1156690,5680.404
51426,2009-09-16T08:45:00+00:00,-1155790,5680.368
51426,2009-09-16T09:00:00+00:00,-1154890,5680.333
51426,2009-09-16T09:15:00+00:00,-1153990,5680.303
51426,2009-09-16T09:30:00+00:00,-1153090,5680.279
51426,2009-09-16T09:45:00+00:00,-1152190,5680.263
51426,2009-09-16T10:00:00+00:00,-1151290,5680.251
51426,2009-09-16T10:15:00+00:00,-1150390,5680.248
51426,2009-09-16T10:30:00+00:00,-1149490,5680.247
51426,2009-09-16T10:45:00+00:00,-1148590,5680.254
51426,2009-09-16T11:00:00+00:00,-1147690,5680.269
51426,2009-09-16T11:15:00+00:00,-1146790,5680.288
51426,2009-09-16T11:30:00+00:00,-1145890,5680.316
51426,2009-09-16T11:45:00+00:00,-1144990,5680.346
51426,2009-09-16T12:00:00+00:00,-1144090,5680.381
51426,2009-09-16T12:15:00+00:00,-1143190,5680.421
51426,2009-09-16T12:30:00+00:00,-1142290,5680.465
51426,2009-09-16T12:45:00+00:00,-1141390,5680.514
51426,2009-09-16T13:00:00+00:00,-1140490,5680.567
51426,2009-09-16T13:15:00+00:00,-1139590,5680.619
51426,2009-09-16T13:30:00+00:00,-1138690,5680.674
51426,2009-09-16T13:45:00+00:00,-1137790,5680.729
51426,2009-09-16T14:00:00+00:00,-1136890,5680.783
51426,2009-09-16T14:15:00+00:00,-1135990,5680.834
51426,2009-09-16T14:30:00+00:00,-1135090,5680.884
51426,2009-09-16T14:45:00+00:00,-1134190,5680.930
51426,2009-09-16T15:00:00+00:00,-1133290,5680.973
51426,2009-09-16T15:15:00+00:00,-1132390,5681.014
51426,2009-09-16T15:30:00+00:00,-1131490,5681.047
51426,2009-09-16T15:45:00+00:00,-1130590,5681.073
51426,2009-09-16T16:00:00+00:00,-1129690,5681.095
51426,2009-09-16T16:15:00+00:00,-1128790,5681.110
51426,2009-09-16T16:30:00+00:00,-1127890,5681.119
51426,2009-09-16T16:45:00+00:00,-1126990,5681.119
51426,2009-09-16T17:00:00+00:00,-1126090,5681.113
51426,2009-09-16T17:15:00+00:00,-1125190,5681.101
51426,2009-09-16T17:30:00+00:00,-1124290,5681.082
51426,2009-09-16T17:45:00+00:00,-1123390,5681.057
51426,2009-09-16T18:00:00+00:00,-1122490,5681.026
51426,2009-09-16T18:15:00+00:00,-1121590,5680.987
51426,2009-09-16T18:30:00+00:00,-1120690,5680.944
51426,2009-09-16T18:45:00+00:00,-1119790,5680.893
51426,2009-09-16T19:00:00+00:00,-1118890,5680.843
51426,2009-09-16T19:15:00+00:00,-1117990,5680.788
51426,2009-09-16T19:30:00+00:00,-1117090,5680.730
51426,2009-09-16T19:45:00+00:00,-1116190,5680.671
51426,2009-09-16T20:00:00+00:00,-1115290,5680.615
51426,2009-09-16T20:15:00+00:00,-1114390,5680.556
51426,2009-09-16T20:30:00+00:00,-1113490,5680.501
51426,2009-09-16T20:45:00+00:00,-1112590,5680.446
51426,2009-09-16T21:00:00+00:00,-1111690,5680.394
51426,2009-09-16T21:15:00+00:00,-1110790,5680.348
51426,2009-09-16T21:30:00+00:00,-1109890,5680.307
51426,2009-09-16T21:45:00+00:00,-1108990,5680.269
51426,2009-09-16T22:00:00+00:00,-1108090,5680.238
51426,2009-09-16T22:15:00+00:00,-1107190,5680.216
51426,2009-09-16T22:30:00+00:00,-1106290,5680.196
51426,2009-09-16T22:45:00+00:00,-1105390,5680.185
51426,2009-09-16T23:00:00+00:00,-1104490,5680.181
51426,2009-09-16T23:15:00+00:00,-1103590,5680.184
51426,2009-09-16T23:30:00+00:00,-1102690,5680.196
51426,2009-09-16T23:45:00+00:00,-1101790,5680.215
51426,2009-09-17T00:00:00+00:00,-1100890,5680.240
51426,2009-09-17T00:15:00+00:00,-1099990,5680.270
51426,2009-09-17T00:30:00+00:00,-1099090,5680.307
51426,2009-09-17T00:45:00+00:00,-1098190,5680.348
51426,2009-09-17T01:00:00+00:00,-1097290,5680.399
51426,2009-09-17T01:15:00+00:00,-1096390,5680.449
51426,2009-09-17T01:30:00+00:00,-1095490,5680.503
51426,2009-09-17T01:45:00+00:00,-1094590,5680.560
51426,2009-09-17T02:00:00+00:00,-1093690,5680.614
51426,2009-09-17T02:15:00+00:00,-1092790,5680.671
51426,2009-09-17T02:30:00+00:00,-1091890,5680.729
51426,2009-09-17T02:45:00+00:00,-1090990,5680.782
51426,2009-09-17T03:00:00+00:00,-1090090,5680.839
51426,2009-09-17T03:15:00+00:00,-1089190,5680.889
51426,2009-09-17T03:30:00+00:00,-1088290,5680.935
51426,2009-09-17T03:45:00+00:00,-1087390,5680.978
51426,2009-09-17T04:00:00+00:00,-1086490,5681.016
51426,2009-09-17T04:15:00+00:00,-1085590,5681.044
51426,2009-09-17T04:30:00+00:00,-1084690,5681.067
51426,2009-09-17T04:45:00+00:00,-1083790,5681.083
51426,2009-09-17T05:00:00+00:00,-1082890,5681.091
51426,2009-09-17T05:15:00+00:00,-1081990,5681.094
51426,2009-09-17T05:30:00+00:00,-1081090,5681.090
51426,2009-09-17T05:45:00+00:00,-1080190,5681.077
51426,2009-09-17T06:00:00+00:00,-1079290,5681.061
51426,2009-09-17T06:15:00+00:00,-1078390,5681.035
51426,2009-09-17T06:30:00+00:00,-1077490,5681.004
51426,2009-09-17T06:45:00+00:00,-1076590,5680.969
51426,2009-09-17T07:00:00+00:00,-1075690,5680.929
51426,2009-09-17T07:15:00+00:00,-1074790,5680.883
51426,2009-09-17T07:30:00+00:00,-1073890,5680.834
51426,2009-09-17T07:45:00+00:00,-1072990,5680.784
51426,2009-09-17T08:00:00+00:00,-1072090,5680.728
51426,2009-09-17T08:15:00+00:00,-1071190,5680.674
51426,2009-09-17T08:30:00+00:00,-1070290,5680.621
51426,2009-09-17T08:45:00+00:00,-1069390,5680.564
51426,2009-09-17T09:00:00+00:00,-1068490,5680.510
51426,2009-09-17T09:15:00+00:00,-1067590,5680.460
51426,2009-09-17T09:30:00+00:00,-1066690,5680.412
51426,2009-09-17T09:45:00+00:00,-1065790,5680.365
51426,2009-09-17T10:00:00+00:00,-1064890,5680.326
51426,2009-09-17T10:15:00+00:00,-1063990,5680.294
51426,2009-09-17T10:30:00+00:00,-1063090,5680.267
51426,2009-09-17T10:45:00+00:00,-1062190,5680.247
51426,2009-09-17T11:00:00+00:00,-1061290,5680.232
51426,2009-09-17T11:15:00+00:00,-1060390,5680.223
51426,2009-09-17T11:30:00+00:00,-1059490,5680.223
51426,2009-09-17T11:45:00+00:00,-1058590,5680.231
51426,2009-09-17T12:00:00+00:00,-1057690,5680.239
51426,2009-09-17T12:15:00+00:00,-1056790,5680.262
51426,2009-09-17T12:30:00+00:00,-1055890,5680.287
51426,2009-09-17T12:45:00+00:00,-1054990,5680.320
51426,2009-09-17T13:00:00+00:00,-1054090,5680.354
51426,2009-09-17T13:15:00+00:00,-1053190,5680.398
51426,2009-09-17T13:30:00+00:00,-1052290,5680.446
51426,2009-09-17T13:45:00+00:00,-1051390,5680.496
51426,2009-09-17T14:00:00+00:00,-1050490,5680.550
51426,2009-09-17T14:15:00+00:00,-1049590,5680.610
51426,2009-09-17T14:30:00+00:00,-1048690,5680.668
51426,2009-09-17T14:45:00+00:00,-1047790,5680.726
51426,2009-09-17T15:00:00+00:00,-1046890,5680.783
51426,2009-09-17T15:15:00+00:00,-1045990,5680.839
51426,2009-09-17T15:30:00+00:00,-1045090,5680.898
51426,2009-09-17T15:45:00+00:00,-1044190,5680.951
51426,2009-09-17T16:00:00+00:00,-1043290,5681.001
51426,2009-09-17T16:15:00+00:00,-1042390,5681.045
51426,2009-09-17T16:30:00+00:00,-1041490,5681.083
51426,2009-09-17T16:45:00+00:00,-1040590,5681.117
51426,2009-09-17T17:00:00+00:00,-1039690,5681.141
51426,2009-09-17T17:15:00+00:00,-1038790,5681.159
51426,2009-09-17T17:30:00+00:00,-1037890,5681.172
51426,2009-09-17T17:45:00+00:00,-1036990,5681.174
51426,2009-09-17T18:00:00+00:00,-1036090,5681.171
51426,2009-09-17T18:15:00+00:00,-1035190,5681.159
51426,2009-09-17T18:30:00+00:00,-1034290,5681.137
51426,2009-09-17T18:45:00+00:00,-1033390,5681.106
51426,2009-09-17T19:00:00+00:00,-1032490,5681.069
51426,2009-09-17T19:15:00+00:00,-1031590,5681.030
51426,2009-09-17T19:30:00+00:00,-1030690,5680.981
51426,2009-09-17T19:45:00+00:00,-1029790,5680.930
51426,2009-09-17T20:00:00+00:00,-1028890,5680.870
51426,2009-09-17T20:15:00+00:00,-1027990,5680.811
51426,2009-09-17T20:30:00+00:00,-1027090,5680.746
51426,2009-09-17T20:45:00+00:00,-1026190,5680.684
51426,2009-09-17T21:00:00+00:00,-1025290,5680.621
51426,2009-09-17T21:15:00+00:00,-1024390,5680.558
51426,2009-09-17T21:30:00+00:00,-1023490,5680.496
51426,2009-09-17T21:45:00+00:00,-1022590,5680.436
51426,2009-09-17T22:00:00+00:00,-1021690,5680.383
51426,2009-09-17T22:15:00+00:00,-1020790,5680.332
51426,2009-09-17T22:30:00+00:00,-1019890,5680.287
51426,2009-09-17T22:45:00+00:00,-1018990,5680.248
51426,2009-09-17T23:00:00+00:00,-1018090,5680.217
51426,2009-09-17T23:15:00+00:00,-1017190,5680.193
51426,2009-09-17T23:30:00+00:00,-1016290,5680.176
51426,2009-09-17T23:45:00+00:00,-1015390,5680.164
51426,2009-09-18T00:00:00+00:00,-1014490,5680.164
51426,2009-09-18T00:15:00+00:00,-1013590,5680.170
51426,2009-09-18T00:30:00+00:00,-1012690,5680.184
51426,2009-09-18T00:45:00+00:00,-1011790,5680.205
51426,2009-09-18T01:00:00+00:00,-1010890,5680.230
51426,2009-09-18T01:15:00+00:00,-1009990,5680.264
51426,2009-09-18T01:30:00+00:00,-1009090,5680.302
51426,2009-09-18T01:45:00+00:00,-1008190,5680.345
51426,2009-09-18T02:00:00+00:00,-1007290,5680.400
51426,2009-09-18T02:15:00+00:00,-1006390,5680.455
51426,2009-09-18T02:30:00+00:00,-1005490,5680.516
51426,2009-09-18T02:45:00+00:00,-1004590,5680.579
51426,2009-09-18T03:00:00+00:00,-1003690,5680.645
51426,2009-09-18T03:15:00+00:00,-1002790,5680.708
51426,2009-09-18T03:30:00+00:00,-1001890,5680.773
51426,2009-09-18T03:45:00+00:00,-1000990,5680.836
51426,2009-09-18T04:00:00+00:00,-1000090,5680.894
51426,2009-09-18T04:15:00+00:00,-999190,5680.946
51426,2009-09-18T04:30:00+00:00,-998290,5680.996
51426,2009-09-18T04:45:00+00:00,-997390,5681.038
51426,2009-09-18T05:00:00+00:00,-996490,5681.078
51426,2009-09-18T05:15:00+00:00,-995590,5681.109
51426,2009-09-18T05:30:00+00:00,-994690,5681.135
51426,2009-09-18T05:45:00+00:00,-993790,5681.151
51426,2009-09-18T06:00:00+00:00,-992890,5681.160
51426,2009-09-18T06:15:00+00:00,-991990,5681.160
51426,2009-09-18T06:30:00+00:00,-991090,5681.154
51426,2009-09-18T06:45:00+00:00,-990190,5681.140
51426,2009-09-18T07:00:00+00:00,-989290,5681.119
51426,2009-09-18T07:15:00+00:00,-988390,5681.089
51426,2009-09-18T07:30:00+00:00,-987490,5681.055
51426,2009-09-18T07:45:00+00:00,-986590,5681.012
51426,2009-09-18T08:00:00+00:00,-985690,5680.967
51426,2009-09-18T08:15:00+00:00,-984790,5680.916
51426,2009-09-18T08:30:00+00:00,-983890,5680.858
51426,2009-09-18T08:45:00+00:00,-982990,5680.801
51426,2009-09-18T09:00:00+00:00,-982090,5680.738
51426,2009-09-18T09:15:00+00:00,-981190,5680.676
51426,2009-09-18T09:30:00+00:00,-980290,5680.616
51426,2009-09-18T09:45:00+00:00,-979390,5680.556
51426,2009-09-18T10:00:00+00:00,-978490,5680.496
51426,2009-09-18T10:15:00+00:00,-977590,5680.440
51426,2009-09-18T10:30:00+00:00,-976690,5680.390
51426,2009-09-18T10:45:00+00:00,-975790,5680.344
51426,2009-09-18T11:00:00+00:00,-974890,5680.301
51426,2009-09-18T11:15:00+00:00,-973990,5680.264
51426,2009-09-18T11:30:00+00:00,-973090,5680.233
51426,2009-09-18T11:45:00+00:00,-972190,5680.209
51426,2009-09-18T12:00:00+00:00,-971290,5680.191
51426,2009-09-18T12:15:00+00:00,-970390,5680.180
51426,2009-09-18T12:30:00+00:00,-969490,5680.179
51426,2009-09-18T12:45:00+00:00,-968590,5680.184
51426,2009-09-18T13:00:00+00:00,-967690,5680.196
51426,2009-09-18T13:15:00+00:00,-966790,5680.215
51426,2009-09-18T13:30:00+00:00,-965890,5680.243
51426,2009-09-18T13:45:00+00:00,-964990,5680.274
51426,2009-09-18T14:00:00+00:00,-964090,5680.318
51426,2009-09-18T14:15:00+00:00,-963190,5680.363
51426,2009-09-18T14:30:00+00:00,-962290,5680.415
51426,2009-09-18T14:45:00+00:00,-961390,5680.472
51426,2009-09-18T15:00:00+00:00,-960490,5680.531
51426,2009-09-18T15:15:00+00:00,-959590,5680.592
51426,2009-09-18T15:30:00+00:00,-958690,5680.656
51426,2009-09-18T15:45:00+00:00,-957790,5680.723
51426,2009-09-18T16:00:00+00:00,-956890,5680.790
51426,2009-09-18T16:15:00+00:00,-955990,5680.855
51426,2009-09-18T16:30:00+00:00,-955090,5680.915
51426,2009-09-18T16:45:00+00:00,-954190,5680.970
51426,2009-09-18T17:00:00+00:00,-953290,5681.025
51426,2009-09-18T17:15:00+00:00,-952390,5681.073
51426,2009-09-18T17:30:00+00:00,-951490,5681.115
51426,2009-09-18T17:45:00+00:00,-950590,5681.149
51426,2009-09-18T18:00:00+00:00,-949690,5681.175
51426,2009-09-18T18:15:00+00:00,-948790,5681.192
51426,2009-09-18T18:30:00+00:00,-947890,5681.200
51426,2009-09-18T18:45:00+00:00,-946990,5681.201
51426,2009-09-18T19:00:00+00:00,-946090,5681.196
51426,2009-09-18T19:15:00+00:00,-945190,5681.182
51426,2009-09-18T19:30:00+00:00,-944290,5681.156
51426,2009-09-18T19:45:00+00:00,-943390,5681.124
51426,2009-09-18T20:00:00+00:00,-942490,5681.086
51426,2009-09-18T20:15:00+00:00,-941590,5681.039
51426,2009-09-18T20:30:00+00:00,-940690,5680.987
51426,2009-09-18T20:45:00+00:00,-939790,5680.931
51426,2009-09-18T21:00:00+00:00,-938890,5680.869
51426,2009-09-18T21:15:00+00:00,-937990,5680.802
51426,2009-09-18T21:30:00+00:00,-937090,5680.734
51426,2009-09-18T21:45:00+00:00,-936190,5680.667
51426,2009-09-18T22:00:00+00:00,-935290,5680.601
51426,2009-09-18T22:15:00+00:00,-934390,5680.536
51426,2009-09-18T22:30:00+00:00,-933490,5680.474
51426,2009-09-18T22:45:00+00:00,-932590,5680.414
51426,2009-09-18T23:00:00+00:00,-931690,5680.355
51426,2009-09-18T23:15:00+00:00,-930790,5680.304
51426,2009-09-18T23:30:00+00:00,-929890,5680.256
51426,2009-09-18T23:45:00+00:00,-928990,5680.218
51426,2009-09-19T00:00:00+00:00,-928090,5680.187
51426,2009-09-19T00:15:00+00:00,-927190,5680.165
51426,2009-09-19T00:30:00+00:00,-926290,5680.150
51426,2009-09-19T00:45:00+00:00,-925390,5680.141
51426,2009-09-19T01:00:00+00:00,-924490,5680.140
51426,2009-09-19T01:15:00+00:00,-923590,5680.149
51426,2009-09-19T01:30:00+00:00,-922690,5680.166
51426,2009-09-19T01:45:00+00:00,-921790,5680.188
51426,2009-09-19T02:00:00+00:00,-920890,5680.223
51426,2009-09-19T02:15:00+00:00,-919990,5680.265
51426,2009-09-19T02:30:00+00:00,-919090,5680.315
51426,2009-09-19T02:45:00+00:00,-918190,5680.367
51426,2009-09-19T03:00:00+00:00,-917290,5680.427
51426,2009-09-19T03:15:00+00:00,-916390,5680.489
51426,2009-09-19T03:30:00+00:00,-915490,5680.553
51426,2009-09-19T03:45:00+00:00,-914590,5680.618
51426,2009-09-19T04:00:00+00:00,-913690,5680.687
51426,2009-09-19T04:15:00+00:00,-912790,5680.754
51426,2009-09-19T04:30:00+00:00,-911890,5680.819
51426,2009-09-19T04:45:00+00:00,-910990,5680.882
51426,2009-09-19T05:00:00+00:00,-910090,5680.940
51426,2009-09-19T05:15:00+00:00,-909190,5680.996
51426,2009-09-19T05:30:00+00:00,-908290,5681.048
51426,2009-09-19T05:45:00+00:00,-907390,5681.093
51426,2009-09-19T06:00:00+00:00,-906490,5681.135
51426,2009-09-19T06:15:00+00:00,-905590,5681.162
51426,2009-09-19T06:30:00+00:00,-904690,5681.185
51426,2009-09-19T06:45:00+00:00,-903790,5681.199
51426,2009-09-19T07:00:00+00:00,-902890,5681.205
51426,2009-09-19T07:15:00+00:00,-901990,5681.206
51426,2009-09-19T07:30:00+00:00,-901090,5681.195
51426,2009-09-19T07:45:00+00:00,-900190,5681.178
51426,2009-09-19T08:00:00+00:00,-899290,5681.149
51426,2009-09-19T08:15:00+00:00,-898390,5681.116
51426,2009-09-19T08:30:00+00:00,-897490,5681.071
51426,2009-09-19T08:45:00+00:00,-896590,5681.022
51426,2009-09-19T09:00:00+00:00,-895690,5680.968
51426,2009-09-19T09:15:00+00:00,-894790,5680.909
51426,2009-09-19T09:30:00+00:00,-893890,5680.848
51426,2009-09-19T09:45:00+00:00,-892990,5680.784
51426,2009-09-19T10:00:00+00:00,-892090,5680.719
51426,2009-09-19T10:15:00+00:00,-891190,5680.650
51426,2009-09-19T10:30:00+00:00,-890290,5680.584
51426,2009-09-19T10:45:00+00:00,-889390,5680.520
51426,2009-09-19T11:00:00+00:00,-888490,5680.459
51426,2009-09-19T11:15:00+00:00,-887590,5680.402
51426,2009-09-19T11:30:00+00:00,-886690,5680.346
51426,2009-09-19T11:45:00+00:00,-885790,5680.295
51426,2009-09-19T12:00:00+00:00,-884890,5680.248
51426,2009-09-19T12:15:00+00:00,-883990,5680.211
51426,2009-09-19T12:30:00+00:00,-883090,5680.179
51426,2009-09-19T12:45:00+00:00,-882190,5680.157
51426,2009-09-19T13:00:00+00:00,-881290,5680.139
51426,2009-09-19T13:15:00+00:00,-880390,5680.128
51426,2009-09-19T13:30:00+00:00,-879490,5680.129
51426,2009-09-19T13:45:00+00:00,-878590,5680.134
51426,2009-09-19T14:00:00+00:00,-877690,5680.151
51426,2009-09-19T14:15:00+00:00,-876790,5680.176
51426,2009-09-19T14:30:00+00:00,-875890,5680.209
51426,2009-09-19T14:45:00+00:00,-874990,5680.243
51426,2009-09-19T15:00:00+00:00,-874090,5680.292
51426,2009-09-19T15:15:00+00:00,-873190,5680.344
51426,2009-09-19T15:30:00+00:00,-872290,5680.399
51426,2009-09-19T15:45:00+00:00,-871390,5680.462
51426,2009-09-19T16:00:00+00:00,-870490,5680.527
51426,2009-09-19T16:15:00+00:00,-869590,5680.594
51426,2009-09-19T16:30:00+00:00,-868690,5680.664
51426,2009-09-19T16:45:00+00:00,-867790,5680.733
51426,2009-09-19T17:00:00+00:00,-866890,5680.801
51426,2009-09-19T17:15:00+00:00,-865990,5680.866
51426,2009-09-19T17:30:00+00:00,-865090,5680.928
51426,2009-09-19T17:45:00+00:00,-864190,5680.989
51426,2009-09-19T18:00:00+00:00,-863290,5681.043
51426,2009-09-19T18:15:00+00:00,-862390,5681.091
51426,2009-09-19T18:30:00+00:00,-861490,5681.131
51426,2009-09-19T18:45:00+00:00,-860590,5681.162
51426,2009-09-19T19:00:00+00:00,-859690,5681.183
51426,2009-09-19T19:15:00+00:00,-858790,5681.199
51426,2009-09-19T19:30:00+00:00,-857890,5681.208
51426,2009-09-19T19:45:00+00:00,-856990,5681.208
51426,2009-09-19T20:00:00+00:00,-856090,5681.195
51426,2009-09-19T20:15:00+00:00,-855190,5681.175
51426,2009-09-19T20:30:00+00:00,-854290,5681.149
51426,2009-09-19T20:45:00+00:00,-853390,5681.113
51426,2009-09-19T21:00:00+00:00,-852490,5681.069
51426,2009-09-19T21:15:00+00:00,-851590,5681.019
51426,2009-09-19T21:30:00+00:00,-850690,5680.960
51426,2009-09-19T21:45:00+00:00,-849790,5680.903
51426,2009-09-19T22:00:00+00:00,-848890,5680.838
51426,2009-09-19T22:15:00+00:00,-847990,5680.773
51426,2009-09-19T22:30:00+00:00,-847090,5680.704
51426,2009-09-19T22:45:00+00:00,-846190,5680.633
51426,2009-09-19T23:00:00+00:00,-845290,5680.567
51426,2009-09-19T23:15:00+00:00,-844390,5680.503
51426,2009-09-19T23:30:00+00:00,-843490,5680.442
51426,2009-09-19T23:45:00+00:00,-842590,5680.383
51426,2009-09-20T00:00:00+00:00,-841690,5680.327
51426,2009-09-20T00:15:00+00:00,-840790,5680.279
51426,2009-09-20T00:30:00+00:00,-839890,5680.235
51426,2009-09-20T00:45:00+00:00,-838990,5680.202
51426,2009-09-20T01:00:00+00:00,-838090,5680.177
51426,2009-09-20T01:15:00+00:00,-837190,5680.156
51426,2009-09-20T01:30:00+00:00,-836290,5680.145
51426,2009-09-20T01:45:00+00:00,-835390,5680.139
51426,2009-09-20T02:00:00+00:00,-834490,5680.146
51426,2009-09-20T02:15:00+00:00,-833590,5680.162
51426,2009-09-20T02:30:00+00:00,-832690,5680.186
51426,2009-09-20T02:45:00+00:00,-831790,5680.218
51426,2009-09-20T03:00:00+00:00,-830890,5680.257
51426,2009-09-20T03:15:00+00:00,-829990,5680.306
51426,2009-09-20T03:30:00+00:00,-829090,5680.359
51426,2009-09-20T03:45:00+00:00,-828190,5680.417
51426,2009-09-20T04:00:00+00:00,-827290,5680.480
51426,2009-09-20T04:15:00+00:00,-826390,5680.546
51426,2009-09-20T04:30:00+00:00,-825490,5680.613
51426,2009-09-20T04:45:00+00:00,-824590,5680.683
51426,2009-09-20T05:00:00+00:00,-823690,5680.751
51426,2009-09-20T05:15:00+00:00,-822790,5680.819
51426,2009-09-20T05:30:00+00:00,-821890,5680.888
51426,2009-09-20T05:45:00+00:00,-820990,5680.953
51426,2009-09-20T06:00:00+00:00,-820090,5681.012
51426,2009-09-20T06:15:00+00:00,-819190,5681.066
51426,2009-09-20T06:30:00+00:00,-818290,5681.114
51426,2009-09-20T06:45:00+00:00,-817390,5681.159
51426,2009-09-20T07:00:00+00:00,-816490,5681.192
51426,2009-09-20T07:15:00+00:00,-815590,5681.218
51426,2009-09-20T07:30:00+00:00,-814690,5681.237
51426,2009-09-20T07:45:00+00:00,-813790,5681.245
51426,2009-09-20T08:00:00+00:00,-812890,5681.243
51426,2009-09-20T08:15:00+00:00,-811990,5681.235
51426,2009-09-20T08:30:00+00:00,-811090,5681.218
51426,2009-09-20T08:45:00+00:00,-810190,5681.193
51426,2009-09-20T09:00:00+00:00,-809290,5681.159
51426,2009-09-20T09:15:00+00:00,-808390,5681.117
51426,2009-09-20T09:30:00+00:00,-807490,5681.070
51426,2009-09-20T09:45:00+00:00,-806590,5681.016
51426,2009-09-20T10:00:00+00:00,-805690,5680.956
51426,2009-09-20T10:15:00+00:00,-804790,5680.895
51426,2009-09-20T10:30:00+00:00,-803890,5680.828
51426,2009-09-20T10:45:00+00:00,-802990,5680.763
51426,2009-09-20T11:00:00+00:00,-802090,5680.693
51426,2009-09-20T11:15:00+00:00,-801190,5680.626
51426,2009-09-20T11:30:00+00:00,-800290,5680.561
51426,2009-09-20T11:45:00+00:00,-799390,5680.495
51426,2009-09-20T12:00:00+00:00,-798490,5680.430
51426,2009-09-20T12:15:00+00:00,-797590,5680.366
51426,2009-09-20T12:30:00+00:00,-796690,5680.312
51426,2009-09-20T12:45:00+00:00,-795790,5680.261
51426,2009-09-20T13:00:00+00:00,-794890,5680.217
51426,2009-09-20T13:15:00+00:00,-793990,5680.179
51426,2009-09-20T13:30:00+00:00,-793090,5680.153
51426,2009-09-20T13:45:00+00:00,-792190,5680.130
51426,2009-09-20T14:00:00+00:00,-791290,5680.119
51426,2009-09-20T14:15:00+00:00,-790390,5680.113
51426,2009-09-20T14:30:00+00:00,-789490,5680.118
51426,2009-09-20T14:45:00+00:00,-788590,5680.131
51426,2009-09-20T15:00:00+00:00,-787690,5680.153
51426,2009-09-20T15:15:00+00:00,-786790,5680.184
51426,2009-09-20T15:30:00+00:00,-785890,5680.223
51426,2009-09-20T15:45:00+00:00,-784990,5680.268
51426,2009-09-20T16:00:00+00:00,-784090,5680.320
51426,2009-09-20T16:15:00+00:00,-783190,5680.380
51426,2009-09-20T16:30:00+00:00,-782290,5680.441
51426,2009-09-20T16:45:00+00:00,-781390,5680.506
51426,2009-09-20T17:00:00+00:00,-780490,5680.575
51426,2009-09-20T17:15:00+00:00,-779590,5680.646
51426,2009-09-20T17:30:00+00:00,-778690,5680.717
51426,2009-09-20T17:45:00+00:00,-777790,5680.783
51426,2009-09-20T18:00:00+00:00,-776890,5680.852
51426,2009-09-20T18:15:00+00:00,-775990,5680.919
51426,2009-09-20T18:30:00+00:00,-775090,5680.979
51426,2009-09-20T18:45:00+00:00,-774190,5681.037
51426,2009-09-20T19:00:00+00:00,-773290,5681.085
51426,2009-09-20T19:15:00+00:00,-772390,5681.124
51426,2009-09-20T19:30:00+00:00,-771490,5681.158
51426,2009-09-20T19:45:00+00:00,-770590,5681.187
51426,2009-09-20T20:00:00+00:00,-769690,5681.208
51426,2009-09-20T20:15:00+00:00,-768790,5681.217
51426,2009-09-20T20:30:00+00:00,-767890,5681.218
51426,2009-09-20T20:45:00+00:00,-766990,5681.210
51426,2009-09-20T21:00:00+00:00,-766090,5681.193
51426,2009-09-20T21:15:00+00:00,-765190,5681.167
51426,2009-09-20T21:30:00+00:00,-764290,5681.132
51426,2009-09-20T21:45:00+00:00,-763390,5681.090
51426,2009-09-20T22:00:00+00:00,-762490,5681.040
51426,2009-09-20T22:15:00+00:00,-761590,5680.989
51426,2009-09-20T22:30:00+00:00,-760690,5680.930
51426,2009-09-20T22:45:00+00:00,-759790,5680.864
51426,2009-09-20T23:00:00+00:00,-758890,5680.804
51426,2009-09-20T23:15:00+00:00,-757990,5680.735
51426,2009-09-20T23:30:00+00:00,-757090,5680.668
51426,2009-09-20T23:45:00+00:00,-756190,5680.599
51426,2009-09-21T00:00:00+00:00,-755290,5680.532
51426,2009-09-21T00:15:00+00:00,-754390,5680.470
51426,2009-09-21T00:30:00+00:00,-753490,5680.411
51426,2009-09-21T00:45:00+00:00,-752590,5680.356
51426,2009-09-21T01:00:00+00:00,-751690,5680.307
51426,2009-09-21T01:15:00+00:00,-750790,5680.261
51426,2009-09-21T01:30:00+00:00,-749890,5680.225
51426,2009-09-21T01:45:00+00:00,-748990,5680.194
51426,2009-09-21T02:00:00+00:00,-748090,5680.174
51426,2009-09-21T02:15:00+00:00,-747190,5680.158
51426,2009-09-21T02:30:00+00:00,-746290,5680.153
51426,2009-09-21T02:45:00+00:00,-745390,5680.160
51426,2009-09-21T03:00:00+00:00,-744490,5680.173
51426,2009-09-21T03:15:00+00:00,-743590,5680.193
51426,2009-09-21T03:30:00+00:00,-742690,5680.225
51426,2009-09-21T03:45:00+00:00,-741790,5680.260
51426,2009-09-21T04:00:00+00:00,-740890,5680.304
51426,2009-09-21T04:15:00+00:00,-739990,5680.355
51426,2009-09-21T04:30:00+00:00,-739090,5680.410
51426,2009-09-21T04:45:00+00:00,-738190,5680.474
51426,2009-09-21T05:00:00+00:00,-737290,5680.539
51426,2009-09-21T05:15:00+00:00,-736390,5680.606
51426,2009-09-21T05:30:00+00:00,-735490,5680.676
51426,2009-09-21T05:45:00+00:00,-734590,5680.745
51426,2009-09-21T06:00:00+00:00,-733690,5680.815
51426,2009-09-21T06:15:00+00:00,-732790,5680.881
51426,2009-09-21T06:30:00+00:00,-731890,5680.944
51426,2009-09-21T06:45:00+00:00,-730990,5681.005
51426,2009-09-21T07:00:00+00:00,-730090,5681.061
51426,2009-09-21T07:15:00+00:00,-729190,5681.109
51426,2009-09-21T07:30:00+00:00,-728290,5681.154
51426,2009-09-21T07:45:00+00:00,-727390,5681.190
51426,2009-09-21T08:00:00+00:00,-726490,5681.215
51426,2009-09-21T08:15:00+00:00,-725590,5681.235
51426,2009-09-21T08:30:00+00:00,-724690,5681.242
51426,2009-09-21T08:45:00+00:00,-723790,5681.245
51426,2009-09-21T09:00:00+00:00,-722890,5681.240
51426,2009-09-21T09:15:00+00:00,-721990,5681.223
51426,2009-09-21T09:30:00+00:00,-721090,5681.198
51426,2009-09-21T09:45:00+00:00,-720190,5681.164
51426,2009-09-21T10:00:00+00:00,-719290,5681.123
51426,2009-09-21T10:15:00+00:00,-718390,5681.080
51426,2009-09-21T10:30:00+00:00,-717490,5681.026
51426,2009-09-21T10:45:00+00:00,-716590,5680.966
51426,2009-09-21T11:00:00+00:00,-715690,5680.906
51426,2009-09-21T11:15:00+00:00,-714790,5680.841
51426,2009-09-21T11:30:00+00:00,-713890,5680.775
51426,2009-09-21T11:45:00+00:00,-712990,5680.707
51426,2009-09-21T12:00:00+00:00,-712090,5680.638
51426,2009-09-21T12:15:00+00:00,-711190,5680.568
51426,2009-09-21T12:30:00+00:00,-710290,5680.504
51426,2009-09-21T12:45:00+00:00,-709390,5680.438
51426,2009-09-21T13:00:00+00:00,-708490,5680.380
51426,2009-09-21T13:15:00+00:00,-707590,5680.324
51426,2009-09-21T13:30:00+00:00,-706690,5680.273
51426,2009-09-21T13:45:00+00:00,-705790,5680.230
51426,2009-09-21T14:00:00+00:00,-704890,5680.191
51426,2009-09-21T14:15:00+00:00,-703990,5680.161
51426,2009-09-21T14:30:00+00:00,-703090,5680.139
51426,2009-09-21T14:45:00+00:00,-702190,5680.126
51426,2009-09-21T15:00:00+00:00,-701290,5680.123
51426,2009-09-21T15:15:00+00:00,-700390,5680.128
51426,2009-09-21T15:30:00+00:00,-699490,5680.137
51426,2009-09-21T15:45:00+00:00,-698590,5680.160
51426,2009-09-21T16:00:00+00:00,-697690,5680.188
51426,2009-09-21T16:15:00+00:00,-696790,5680.224
51426,2009-09-21T16:30:00+00:00,-695890,5680.269
51426,2009-09-21T16:45:00+00:00,-694990,5680.319
51426,2009-09-21T17:00:00+00:00,-694090,5680.374
51426,2009-09-21T17:15:00+00:00,-693190,5680.435
51426,2009-09-21T17:30:00+00:00,-692290,5680.501
51426,2009-09-21T17:45:00+00:00,-691390,5680.569
51426,2009-09-21T18:00:00+00:00,-690490,5680.635
51426,2009-09-21T18:15:00+00:00,-689590,5680.704
51426,2009-09-21T18:30:00+00:00,-688690,5680.770
51426,2009-09-21T18:45:00+00:00,-687790,5680.837
51426,2009-09-21T19:00:00+00:00,-686890,5680.901
51426,2009-09-21T19:15:00+00:00,-685990,5680.960
51426,2009-09-21T19:30:00+00:00,-685090,5681.011
51426,2009-09-21T19:45:00+00:00,-684190,5681.060
51426,2009-09-21T20:00:00+00:00,-683290,5681.102
51426,2009-09-21T20:15:00+00:00,-682390,5681.135
51426,2009-09-21T20:30:00+00:00,-681490,5681.161
51426,2009-09-21T20:45:00+00:00,-680590,5681.179
51426,2009-09-21T21:00:00+00:00,-679690,5681.188
51426,2009-09-21T21:15:00+00:00,-678790,5681.189
51426,2009-09-21T21:30:00+00:00,-677890,5681.180
51426,2009-09-21T21:45:00+00:00,-676990,5681.164
51426,2009-09-21T22:00:00+00:00,-676090,5681.138
51426,2009-09-21T22:15:00+00:00,-675190,5681.107
51426,2009-09-21T22:30:00+00:00,-674290,5681.068
51426,2009-09-21T22:45:00+00:00,-673390,5681.021
51426,2009-09-21T23:00:00+00:00,-672490,5680.973
51426,2009-09-21T23:15:00+00:00,-671590,5680.916
51426,2009-09-21T23:30:00+00:00,-670690,5680.856
51426,2009-09-21T23:45:00+00:00,-669790,5680.798
51426,2009-09-22T00:00:00+00:00,-668890,5680.734
51426,2009-09-22T00:15:00+00:00,-667990,5680.671
51426,2009-09-22T00:30:00+00:00,-667090,5680.607
51426,2009-09-22T00:45:00+00:00,-666190,5680.545
51426,2009-09-22T01:00:00+00:00,-665290,5680.485
51426,2009-09-22T01:15:00+00:00,-664390,5680.429
51426,2009-09-22T01:30:00+00:00,-663490,5680.376
51426,2009-09-22T01:45:00+00:00,-662590,5680.325
51426,2009-09-22T02:00:00+00:00,-661690,5680.281
51426,2009-09-22T02:15:00+00:00,-660790,5680.247
51426,2009-09-22T02:30:00+00:00,-659890,5680.220
51426,2009-09-22T02:45:00+00:00,-658990,5680.199
51426,2009-09-22T03:00:00+00:00,-658090,5680.186
51426,2009-09-22T03:15:00+00:00,-657190,5680.183
51426,2009-09-22T03:30:00+00:00,-656290,5680.186
51426,2009-09-22T03:45:00+00:00,-655390,5680.198
51426,2009-09-22T04:00:00+00:00,-654490,5680.218
51426,2009-09-22T04:15:00+00:00,-653590,5680.250
51426,2009-09-22T04:30:00+00:00,-652690,5680.283
51426,2009-09-22T04:45:00+00:00,-651790,5680.326
51426,2009-09-22T05:00:00+00:00,-650890,5680.377
51426,2009-09-22T05:15:00+00:00,-649990,5680.433
51426,2009-09-22T05:30:00+00:00,-649090,5680.494
51426,2009-09-22T05:45:00+00:00,-648190,5680.557
51426,2009-09-22T06:00:00+00:00,-647290,5680.623
51426,2009-09-22T06:15:00+00:00,-646390,5680.692
51426,2009-09-22T06:30:00+00:00,-645490,5680.758
51426,2009-09-22T06:45:00+00:00,-644590,5680.826
51426,2009-09-22T07:00:00+00:00,-643690,5680.890
51426,2009-09-22T07:15:00+00:00,-642790,5680.951
51426,2009-09-22T07:30:00+00:00,-641890,5681.007
51426,2009-09-22T07:45:00+00:00,-640990,5681.061
51426,2009-09-22T08:00:00+00:00,-640090,5681.109
51426,2009-09-22T08:15:00+00:00,-639190,5681.147
51426,2009-09-22T08:30:00+00:00,-638290,5681.180
51426,2009-09-22T08:45:00+00:00,-637390,5681.204
51426,2009-09-22T09:00:00+00:00,-636490,5681.223
51426,2009-09-22T09:15:00+00:00,-635590,5681.233
51426,2009-09-22T09:30:00+00:00,-634690,5681.234
51426,2009-09-22T09:45:00+00:00,-633790,5681.227
51426,2009-09-22T10:00:00+00:00,-632890,5681.211
51426,2009-09-22T10:15:00+00:00,-631990,5681.189
51426,2009-09-22T10:30:00+00:00,-631090,5681.157
51426,2009-09-22T10:45:00+00:00,-630190,5681.117
51426,2009-09-22T11:00:00+00:00,-629290,5681.070
51426,2009-09-22T11:15:00+00:00,-628390,5681.021
51426,2009-09-22T11:30:00+00:00,-627490,5680.965
51426,2009-09-22T11:45:00+00:00,-626590,5680.909
51426,2009-09-22T12:00:00+00:00,-625690,5680.846
51426,2009-09-22T12:15:00+00:00,-624790,5680.781
51426,2009-09-22T12:30:00+00:00,-623890,5680.716
51426,2009-09-22T12:45:00+00:00,-622990,5680.645
51426,2009-09-22T13:00:00+00:00,-622090,5680.578
51426,2009-09-22T13:15:00+00:00,-621190,5680.515
51426,2009-09-22T13:30:00+00:00,-620290,5680.454
51426,2009-09-22T13:45:00+00:00,-619390,5680.394
51426,2009-09-22T14:00:00+00:00,-618490,5680.336
51426,2009-09-22T14:15:00+00:00,-617590,5680.286
51426,2009-09-22T14:30:00+00:00,-616690,5680.242
51426,2009-09-22T14:45:00+00:00,-615790,5680.207
51426,2009-09-22T15:00:00+00:00,-614890,5680.180
51426,2009-09-22T15:15:00+00:00,-613990,5680.158
51426,2009-09-22T15:30:00+00:00,-613090,5680.143
51426,2009-09-22T15:45:00+00:00,-612190,5680.138
51426,2009-09-22T16:00:00+00:00,-611290,5680.142
51426,2009-09-22T16:15:00+00:00,-610390,5680.152
51426,2009-09-22T16:30:00+00:00,-609490,5680.170
51426,2009-09-22T16:45:00+00:00,-608590,5680.198
51426,2009-09-22T17:00:00+00:00,-607690,5680.234
51426,2009-09-22T17:15:00+00:00,-606790,5680.273
51426,2009-09-22T17:30:00+00:00,-605890,5680.322
51426,2009-09-22T17:45:00+00:00,-604990,5680.373
51426,2009-09-22T18:00:00+00:00,-604090,5680.430
51426,2009-09-22T18:15:00+00:00,-603190,5680.488
51426,2009-09-22T18:30:00+00:00,-602290,5680.551
51426,2009-09-22T18:45:00+00:00,-601390,5680.612
51426,2009-09-22T19:00:00+00:00,-600490,5680.677
51426,2009-09-22T19:15:00+00:00,-599590,5680.741
51426,2009-09-22T19:30:00+00:00,-598690,5680.803
51426,2009-09-22T19:45:00+00:00,-597790,5680.862
51426,2009-09-22T20:00:00+00:00,-596890,5680.914
51426,2009-09-22T20:15:00+00:00,-595990,5680.963
51426,2009-09-22T20:30:00+00:00,-595090,5681.008
51426,2009-09-22T20:45:00+00:00,-594190,5681.044
51426,2009-09-22T21:00:00+00:00,-593290,5681.075
51426,2009-09-22T21:15:00+00:00,-592390,5681.100
51426,2009-09-22T21:30:00+00:00,-591490,5681.118
51426,2009-09-22T21:45:00+00:00,-590590,5681.127
51426,2009-09-22T22:00:00+00:00,-589690,5681.126
51426,2009-09-22T22:15:00+00:00,-588790,5681.120
51426,2009-09-22T22:30:00+00:00,-587890,5681.105
51426,2009-09-22T22:45:00+00:00,-586990,5681.084
51426,2009-09-22T23:00:00+00:00,-586090,5681.054
51426,2009-09-22T23:15:00+00:00,-585190,5681.022
51426,2009-09-22T23:30:00+00:00,-584290,5680.981
51426,2009-09-22T23:45:00+00:00,-583390,5680.936
51426,2009-09-23T00:00:00+00:00,-582490,5680.886
51426,2009-09-23T00:15:00+00:00,-581590,5680.835
51426,2009-09-23T00:30:00+00:00,-580690,5680.783
51426,2009-09-23T00:45:00+00:00,-579790,5680.724
51426,2009-09-23T01:00:00+00:00,-578890,5680.667
51426,2009-09-23T01:15:00+00:00,-577990,5680.608
51426,2009-09-23T01:30:00+00:00,-577090,5680.548
51426,2009-09-23T01:45:00+00:00,-576190,5680.494
51426,2009-09-23T02:00:00+00:00,-575290,5680.441
51426,2009-09-23T02:15:00+00:00,-574390,5680.392
51426,2009-09-23T02:30:00+00:00,-573490,5680.349
51426,2009-09-23T02:45:00+00:00,-572590,5680.308
51426,2009-09-23T03:00:00+00:00,-571690,5680.276
51426,2009-09-23T03:15:00+00:00,-570790,5680.253
51426,2009-09-23T03:30:00+00:00,-569890,5680.233
51426,2009-09-23T03:45:00+00:00,-568990,5680.223
51426,2009-09-23T04:00:00+00:00,-568090,5680.215
51426,2009-09-23T04:15:00+00:00,-567190,5680.217
51426,2009-09-23T04:30:00+00:00,-566290,5680.228
51426,2009-09-23T04:45:00+00:00,-565390,5680.249
51426,2009-09-23T05:00:00+00:00,-564490,5680.276
51426,2009-09-23T05:15:00+00:00,-563590,5680.309
51426,2009-09-23T05:30:00+00:00,-562690,5680.350
51426,2009-09-23T05:45:00+00:00,-561790,5680.397
51426,2009-09-23T06:00:00+00:00,-560890,5680.450
51426,2009-09-23T06:15:00+00:00,-559990,5680.507
51426,2009-09-23T06:30:00+00:00,-559090,5680.567
51426,2009-09-23T06:45:00+00:00,-558190,5680.627
51426,2009-09-23T07:00:00+00:00,-557290,5680.690
51426,2009-09-23T07:15:00+00:00,-556390,5680.754
51426,2009-09-23T07:30:00+00:00,-555490,5680.816
51426,2009-09-23T07:45:00+00:00,-554590,5680.875
51426,2009-09-23T08:00:00+00:00,-553690,5680.937
51426,2009-09-23T08:15:00+00:00,-552790,5680.989
51426,2009-09-23T08:30:00+00:00,-551890,5681.039
51426,2009-09-23T08:45:00+00:00,-550990,5681.083
51426,2009-09-23T09:00:00+00:00,-550090,5681.119
51426,2009-09-23T09:15:00+00:00,-549190,5681.148
51426,2009-09-23T09:30:00+00:00,-548290,5681.172
51426,2009-09-23T09:45:00+00:00,-547390,5681.185
51426,2009-09-23T10:00:00+00:00,-546490,5681.193
51426,2009-09-23T10:15:00+00:00,-545590,5681.192
51426,2009-09-23T10:30:00+00:00,-544690,5681.185
51426,2009-09-23T10:45:00+00:00,-543790,5681.169
51426,2009-09-23T11:00:00+00:00,-542890,5681.145
51426,2009-09-23T11:15:00+00:00,-541990,5681.113
51426,2009-09-23T11:30:00+00:00,-541090,5681.078
51426,2009-09-23T11:45:00+00:00,-540190,5681.037
51426,2009-09-23T12:00:00+00:00,-539290,5680.993
51426,2009-09-23T12:15:00+00:00,-538390,5680.941
51426,2009-09-23T12:30:00+00:00,-537490,5680.889
51426,2009-09-23T12:45:00+00:00,-536590,5680.832
51426,2009-09-23T13:00:00+00:00,-535690,5680.771
51426,2009-09-23T13:15:00+00:00,-534790,5680.710
51426,2009-09-23T13:30:00+00:00,-533890,5680.652
51426,2009-09-23T13:45:00+00:00,-532990,5680.587
51426,2009-09-23T14:00:00+00:00,-532090,5680.525
51426,2009-09-23T14:15:00+00:00,-531190,5680.472
51426,2009-09-23T14:30:00+00:00,-530290,5680.414
51426,2009-09-23T14:45:00+00:00,-529390,5680.363
51426,2009-09-23T15:00:00+00:00,-528490,5680.316
51426,2009-09-23T15:15:00+00:00,-527590,5680.277
51426,2009-09-23T15:30:00+00:00,-526690,5680.242
51426,2009-09-23T15:45:00+00:00,-525790,5680.217
51426,2009-09-23T16:00:00+00:00,-524890,5680.198
51426,2009-09-23T16:15:00+00:00,-523990,5680.186
51426,2009-09-23T16:30:00+00:00,-523090,5680.181
51426,2009-09-23T16:45:00+00:00,-522190,5680.184
51426,2009-09-23T17:00:00+00:00,-521290,5680.197
51426,2009-09-23T17:15:00+00:00,-520390,5680.214
51426,2009-09-23T17:30:00+00:00,-519490,5680.241
51426,2009-09-23T17:45:00+00:00,-518590,5680.271
51426,2009-09-23T18:00:00+00:00,-517690,5680.306
51426,2009-09-23T18:15:00+00:00,-516790,5680.345
51426,2009-09-23T18:30:00+00:00,-515890,5680.391
51426,2009-09-23T18:45:00+00:00,-514990,5680.446
51426,2009-09-23T19:00:00+00:00,-514090,5680.500
51426,2009-09-23T19:15:00+00:00,-513190,5680.555
51426,2009-09-23T19:30:00+00:00,-512290,5680.612
51426,2009-09-23T19:45:00+00:00,-511390,5680.671
51426,2009-09-23T20:00:00+00:00,-510490,5680.728
51426,2009-09-23T20:15:00+00:00,-509590,5680.782
51426,2009-09-23T20:30:00+00:00,-508690,5680.833
51426,2009-09-23T20:45:00+00:00,-507790,5680.881
51426,2009-09-23T21:00:00+00:00,-506890,5680.928
51426,2009-09-23T21:15:00+00:00,-505990,5680.967
51426,2009-09-23T21:30:00+00:00,-505090,5681.005
51426,2009-09-23T21:45:00+00:00,-504190,5681.032
51426,2009-09-23T22:00:00+00:00,-503290,5681.053
51426,2009-09-23T22:15:00+00:00,-502390,5681.069
51426,2009-09-23T22:30:00+00:00,-501490,5681.079
51426,2009-09-23T22:45:00+00:00,-500590,5681.080
51426,2009-09-23T23:00:00+00:00,-499690,5681.075
51426,2009-09-23T23:15:00+00:00,-498790,5681.063
51426,2009-09-23T23:30:00+00:00,-497890,5681.048
51426,2009-09-23T23:45:00+00:00,-496990,5681.020
51426,2009-09-24T00:00:00+00:00,-496090,5680.990
51426,2009-09-24T00:15:00+00:00,-495190,5680.954
51426,2009-09-24T00:30:00+00:00,-494290,5680.915
51426,2009-09-24T00:45:00+00:00,-493390,5680.870
51426,2009-09-24T01:00:00+00:00,-492490,5680.821
51426,2009-09-24T01:15:00+00:00,-491590,5680.771
51426,2009-09-24T01:30:00+00:00,-490690,5680.715
51426,2009-09-24T01:45:00+00:00,-489790,5680.662
51426,2009-09-24T02:00:00+00:00,-488890,5680.611
51426,2009-09-24T02:15:00+00:00,-487990,5680.557
51426,2009-09-24T02:30:00+00:00,-487090,5680.506
51426,2009-09-24T02:45:00+00:00,-486190,5680.459
51426,2009-09-24T03:00:00+00:00,-485290,5680.415
51426,2009-09-24T03:15:00+00:00,-484390,5680.377
51426,2009-09-24T03:30:00+00:00,-483490,5680.343
51426,2009-09-24T03:45:00+00:00,-482590,5680.315
51426,2009-09-24T04:00:00+00:00,-481690,5680.292
51426,2009-09-24T04:15:00+00:00,-480790,5680.277
51426,2009-09-24T04:30:00+00:00,-479890,5680.265
51426,2009-09-24T04:45:00+00:00,-478990,5680.263
51426,2009-09-24T05:00:00+00:00,-478090,5680.268
51426,2009-09-24T05:15:00+00:00,-477190,5680.280
51426,2009-09-24T05:30:00+00:00,-476290,5680.299
51426,2009-09-24T05:45:00+00:00,-475390,5680.324
51426,2009-09-24T06:00:00+00:00,-474490,5680.355
51426,2009-09-24T06:15:00+00:00,-473590,5680.392
51426,2009-09-24T06:30:00+00:00,-472690,5680.436
51426,2009-09-24T06:45:00+00:00,-471790,5680.484
51426,2009-09-24T07:00:00+00:00,-470890,5680.535
51426,2009-09-24T07:15:00+00:00,-469990,5680.587
51426,2009-09-24T07:30:00+00:00,-469090,5680.642
51426,2009-09-24T07:45:00+00:00,-468190,5680.702
51426,2009-09-24T08:00:00+00:00,-467290,5680.757
51426,2009-09-24T08:15:00+00:00,-466390,5680.813
51426,2009-09-24T08:30:00+00:00,-465490,5680.866
51426,2009-09-24T08:45:00+00:00,-464590,5680.918
51426,2009-09-24T09:00:00+00:00,-463690,5680.964
51426,2009-09-24T09:15:00+00:00,-462790,5681.008
51426,2009-09-24T09:30:00+00:00,-461890,5681.044
51426,2009-09-24T09:45:00+00:00,-460990,5681.073
51426,2009-09-24T10:00:00+00:00,-460090,5681.100
51426,2009-09-24T10:15:00+00:00,-459190,5681.120
51426,2009-09-24T10:30:00+00:00,-458290,5681.133
51426,2009-09-24T10:45:00+00:00,-457390,5681.138
51426,2009-09-24T11:00:00+00:00,-456490,5681.137
51426,2009-09-24T11:15:00+00:00,-455590,5681.131
51426,2009-09-24T11:30:00+00:00,-454690,5681.118
51426,2009-09-24T11:45:00+00:00,-453790,5681.098
51426,2009-09-24T12:00:00+00:00,-452890,5681.072
51426,2009-09-24T12:15:00+00:00,-451990,5681.038
51426,2009-09-24T12:30:00+00:00,-451090,5680.999
51426,2009-09-24T12:45:00+00:00,-450190,5680.956
51426,2009-09-24T13:00:00+00:00,-449290,5680.909
51426,2009-09-24T13:15:00+00:00,-448390,5680.858
51426,2009-09-24T13:30:00+00:00,-447490,5680.805
51426,2009-09-24T13:45:00+00:00,-446590,5680.750
51426,2009-09-24T14:00:00+00:00,-445690,5680.695
51426,2009-09-24T14:15:00+00:00,-444790,5680.639
51426,2009-09-24T14:30:00+00:00,-443890,5680.584
51426,2009-09-24T14:45:00+00:00,-442990,5680.530
51426,2009-09-24T15:00:00+00:00,-442090,5680.479
51426,2009-09-24T15:15:00+00:00,-441190,5680.432
51426,2009-09-24T15:30:00+00:00,-440290,5680.389
51426,2009-09-24T15:45:00+00:00,-439390,5680.352
51426,2009-09-24T16:00:00+00:00,-438490,5680.316
51426,2009-09-24T16:15:00+00:00,-437590,5680.288
51426,2009-09-24T16:30:00+00:00,-436690,5680.266
51426,2009-09-24T16:45:00+00:00,-435790,5680.249
51426,2009-09-24T17:00:00+00:00,-434890,5680.237
51426,2009-09-24T17:15:00+00:00,-433990,5680.235
51426,2009-09-24T17:30:00+00:00,-433090,5680.235
51426,2009-09-24T17:45:00+00:00,-432190,5680.246
51426,2009-09-24T18:00:00+00:00,-431290,5680.262
51426,2009-09-24T18:15:00+00:00,-430390,5680.281
51426,2009-09-24T18:30:00+00:00,-429490,5680.304
51426,2009-09-24T18:45:00+00:00,-428590,5680.337
51426,2009-09-24T19:00:00+00:00,-427690,5680.372
51426,2009-09-24T19:15:00+00:00,-426790,5680.413
51426,2009-09-24T19:30:00+00:00,-425890,5680.455
51426,2009-09-24T19:45:00+00:00,-424990,5680.501
51426,2009-09-24T20:00:00+00:00,-424090,5680.549
51426,2009-09-24T20:15:00+00:00,-423190,5680.600
51426,2009-09-24T20:30:00+00:00,-422290,5680.653
51426,2009-09-24T20:45:00+00:00,-421390,5680.703
51426,2009-09-24T21:00:00+00:00,-420490,5680.753
51426,2009-09-24T21:15:00+00:00,-419590,5680.800
51426,2009-09-24T21:30:00+00:00,-418690,5680.847
51426,2009-09-24T21:45:00+00:00,-417790,5680.888
51426,2009-09-24T22:00:00+00:00,-416890,5680.922
51426,2009-09-24T22:15:00+00:00,-415990,5680.953
51426,2009-09-24T22:30:00+00:00,-415090,5680.979
51426,2009-09-24T22:45:00+00:00,-414190,5680.998
51426,2009-09-24T23:00:00+00:00,-413290,5681.010
51426,2009-09-24T23:15:00+00:00,-412390,5681.016
51426,2009-09-24T23:30:00+00:00,-411490,5681.019
51426,2009-09-24T23:45:00+00:00,-410590,5681.016
51426,2009-09-25T00:00:00+00:00,-409690,5681.006
51426,2009-09-25T00:15:00+00:00,-408790,5680.989
51426,2009-09-25T00:30:00+00:00,-407890,5680.968
51426,2009-09-25T00:45:00+00:00,-406990,5680.940
51426,2009-09-25T01:00:00+00:00,-406090,5680.908
51426,2009-09-25T01:15:00+00:00,-405190,5680.874
51426,2009-09-25T01:30:00+00:00,-404290,5680.837
51426,2009-09-25T01:45:00+00:00,-403390,5680.792
51426,2009-09-25T02:00:00+00:00,-402490,5680.749
51426,2009-09-25T02:15:00+00:00,-401590,5680.705
51426,2009-09-25T02:30:00+00:00,-400690,5680.661
51426,2009-09-25T02:45:00+00:00,-399790,5680.614
51426,2009-09-25T03:00:00+00:00,-398890,5680.571
51426,2009-09-25T03:15:00+00:00,-397990,5680.528
51426,2009-09-25T03:30:00+00:00,-397090,5680.486
51426,2009-09-25T03:45:00+00:00,-396190,5680.446
51426,2009-09-25T04:00:00+00:00,-395290,5680.409
51426,2009-09-25T04:15:00+00:00,-394390,5680.380
51426,2009-09-25T04:30:00+00:00,-393490,5680.353
51426,2009-09-25T04:45:00+00:00,-392590,5680.334
51426,2009-09-25T05:00:00+00:00,-391690,5680.320
51426,2009-09-25T05:15:00+00:00,-390790,5680.312
51426,2009-09-25T05:30:00+00:00,-389890,5680.312
51426,2009-09-25T05:45:00+00:00,-388990,5680.318
51426,2009-09-25T06:00:00+00:00,-388090,5680.327
51426,2009-09-25T06:15:00+00:00,-387190,5680.344
51426,2009-09-25T06:30:00+00:00,-386290,5680.366
51426,2009-09-25T06:45:00+00:00,-385390,5680.392
51426,2009-09-25T07:00:00+00:00,-384490,5680.425
51426,2009-09-25T07:15:00+00:00,-383590,5680.462
51426,2009-09-25T07:30:00+00:00,-382690,5680.503
51426,2009-09-25T07:45:00+00:00,-381790,5680.548
51426,2009-09-25T08:00:00+00:00,-380890,5680.593
51426,2009-09-25T08:15:00+00:00,-379990,5680.642
51426,2009-09-25T08:30:00+00:00,-379090,5680.690
51426,2009-09-25T08:45:00+00:00,-378190,5680.737
51426,2009-09-25T09:00:00+00:00,-377290,5680.788
51426,2009-09-25T09:15:00+00:00,-376390,5680.836
51426,2009-09-25T09:30:00+00:00,-375490,5680.877
51426,2009-09-25T09:45:00+00:00,-374590,5680.921
51426,2009-09-25T10:00:00+00:00,-373690,5680.957
51426,2009-09-25T10:15:00+00:00,-372790,5680.988
51426,2009-09-25T10:30:00+00:00,-371890,5681.017
51426,2009-09-25T10:45:00+00:00,-370990,5681.042
51426,2009-09-25T11:00:00+00:00,-370090,5681.059
51426,2009-09-25T11:15:00+00:00,-369190,5681.070
51426,2009-09-25T11:30:00+00:00,-368290,5681.077
51426,2009-09-25T11:45:00+00:00,-367390,5681.075
51426,2009-09-25T12:00:00+00:00,-366490,5681.068
51426,2009-09-25T12:15:00+00:00,-365590,5681.057
51426,2009-09-25T12:30:00+00:00,-364690,5681.036
51426,2009-09-25T12:45:00+00:00,-363790,5681.014
51426,2009-09-25T13:00:00+00:00,-362890,5680.985
51426,2009-09-25T13:15:00+00:00,-361990,5680.952
51426,2009-09-25T13:30:00+00:00,-361090,5680.913
51426,2009-09-25T13:45:00+00:00,-360190,5680.874
51426,2009-09-25T14:00:00+00:00,-359290,5680.830
51426,2009-09-25T14:15:00+00:00,-358390,5680.783
51426,2009-09-25T14:30:00+00:00,-357490,5680.736
51426,2009-09-25T14:45:00+00:00,-356590,5680.685
51426,2009-09-25T15:00:00+00:00,-355690,5680.637
51426,2009-09-25T15:15:00+00:00,-354790,5680.587
51426,2009-09-25T15:30:00+00:00,-353890,5680.542
51426,2009-09-25T15:45:00+00:00,-352990,5680.498
51426,2009-09-25T16:00:00+00:00,-352090,5680.455
51426,2009-09-25T16:15:00+00:00,-351190,5680.416
51426,2009-09-25T16:30:00+00:00,-350290,5680.381
51426,2009-09-25T16:45:00+00:00,-349390,5680.348
51426,2009-09-25T17:00:00+00:00,-348490,5680.323
51426,2009-09-25T17:15:00+00:00,-347590,5680.305
51426,2009-09-25T17:30:00+00:00,-346690,5680.290
51426,2009-09-25T17:45:00+00:00,-345790,5680.279
51426,2009-09-25T18:00:00+00:00,-344890,5680.276
51426,2009-09-25T18:15:00+00:00,-343990,5680.274
51426,2009-09-25T18:30:00+00:00,-343090,5680.281
51426,2009-09-25T18:45:00+00:00,-342190,5680.291
51426,2009-09-25T19:00:00+00:00,-341290,5680.307
51426,2009-09-25T19:15:00+00:00,-340390,5680.330
51426,2009-09-25T19:30:00+00:00,-339490,5680.356
51426,2009-09-25T19:45:00+00:00,-338590,5680.385
51426,2009-09-25T20:00:00+00:00,-337690,5680.419
51426,2009-09-25T20:15:00+00:00,-336790,5680.460
51426,2009-09-25T20:30:00+00:00,-335890,5680.500
51426,2009-09-25T20:45:00+00:00,-334990,5680.544
51426,2009-09-25T21:00:00+00:00,-334090,5680.586
51426,2009-09-25T21:15:00+00:00,-333190,5680.632
51426,2009-09-25T21:30:00+00:00,-332290,5680.676
51426,2009-09-25T21:45:00+00:00,-331390,5680.718
51426,2009-09-25T22:00:00+00:00,-330490,5680.755
51426,2009-09-25T22:15:00+00:00,-329590,5680.794
51426,2009-09-25T22:30:00+00:00,-328690,5680.827
51426,2009-09-25T22:45:00+00:00,-327790,5680.856
51426,2009-09-25T23:00:00+00:00,-326890,5680.886
51426,2009-09-25T23:15:00+00:00,-325990,5680.911
51426,2009-09-25T23:30:00+00:00,-325090,5680.927
51426,2009-09-25T23:45:00+00:00,-324190,5680.938
51426,2009-09-26T00:00:00+00:00,-323290,5680.945
51426,2009-09-26T00:15:00+00:00,-322390,5680.948
51426,2009-09-26T00:30:00+00:00,-321490,5680.944
51426,2009-09-26T00:45:00+00:00,-320590,5680.933
51426,2009-09-26T01:00:00+00:00,-319690,5680.919
51426,2009-09-26T01:15:00+00:00,-318790,5680.904
51426,2009-09-26T01:30:00+00:00,-317890,5680.883
51426,2009-09-26T01:45:00+00:00,-316990,5680.858
51426,2009-09-26T02:00:00+00:00,-316090,5680.829
51426,2009-09-26T02:15:00+00:00,-315190,5680.795
51426,2009-09-26T02:30:00+00:00,-314290,5680.761
51426,2009-09-26T02:45:00+00:00,-313390,5680.725
51426,2009-09-26T03:00:00+00:00,-312490,5680.686
51426,2009-09-26T03:15:00+00:00,-311590,5680.647
51426,2009-09-26T03:30:00+00:00,-310690,5680.605
51426,2009-09-26T03:45:00+00:00,-309790,5680.567
51426,2009-09-26T04:00:00+00:00,-308890,5680.529
51426,2009-09-26T04:15:00+00:00,-307990,5680.492
51426,2009-09-26T04:30:00+00:00,-307090,5680.462
51426,2009-09-26T04:45:00+00:00,-306190,5680.434
51426,2009-09-26T05:00:00+00:00,-305290,5680.406
51426,2009-09-26T05:15:00+00:00,-304390,5680.383
51426,2009-09-26T05:30:00+00:00,-303490,5680.367
51426,2009-09-26T05:45:00+00:00,-302590,5680.352
51426,2009-09-26T06:00:00+00:00,-301690,5680.346
51426,2009-09-26T06:15:00+00:00,-300790,5680.343
51426,2009-09-26T06:30:00+00:00,-299890,5680.346
51426,2009-09-26T06:45:00+00:00,-298990,5680.355
51426,2009-09-26T07:00:00+00:00,-298090,5680.368
51426,2009-09-26T07:15:00+00:00,-297190,5680.389
51426,2009-09-26T07:30:00+00:00,-296290,5680.415
51426,2009-09-26T07:45:00+00:00,-295390,5680.445
51426,2009-09-26T08:00:00+00:00,-294490,5680.478
51426,2009-09-26T08:15:00+00:00,-293590,5680.513
51426,2009-09-26T08:30:00+00:00,-292690,5680.553
51426,2009-09-26T08:45:00+00:00,-291790,5680.593
51426,2009-09-26T09:00:00+00:00,-290890,5680.632
51426,2009-09-26T09:15:00+00:00,-289990,5680.675
51426,2009-09-26T09:30:00+00:00,-289090,5680.716
51426,2009-09-26T09:45:00+00:00,-288190,5680.760
51426,2009-09-26T10:00:00+00:00,-287290,5680.797
51426,2009-09-26T10:15:00+00:00,-286390,5680.836
51426,2009-09-26T10:30:00+00:00,-285490,5680.874
51426,2009-09-26T10:45:00+00:00,-284590,5680.907
51426,2009-09-26T11:00:00+00:00,-283690,5680.932
51426,2009-09-26T11:15:00+00:00,-282790,5680.958
51426,2009-09-26T11:30:00+00:00,-281890,5680.979
51426,2009-09-26T11:45:00+00:00,-280990,5680.995
51426,2009-09-26T12:00:00+00:00,-280090,5681.006
51426,2009-09-26T12:15:00+00:00,-279190,5681.011
51426,2009-09-26T12:30:00+00:00,-278290,5681.013
51426,2009-09-26T12:45:00+00:00,-277390,5681.008
51426,2009-09-26T13:00:00+00:00,-276490,5680.999
51426,2009-09-26T13:15:00+00:00,-275590,5680.984
51426,2009-09-26T13:30:00+00:00,-274690,5680.966
51426,2009-09-26T13:45:00+00:00,-273790,5680.940
51426,2009-09-26T14:00:00+00:00,-272890,5680.910
51426,2009-09-26T14:15:00+00:00,-271990,5680.877
51426,2009-09-26T14:30:00+00:00,-271090,5680.842
51426,2009-09-26T14:45:00+00:00,-270190,5680.804
51426,2009-09-26T15:00:00+00:00,-269290,5680.765
51426,2009-09-26T15:15:00+00:00,-268390,5680.723
51426,2009-09-26T15:30:00+00:00,-267490,5680.684
51426,2009-09-26T15:45:00+00:00,-266590,5680.643
51426,2009-09-26T16:00:00+00:00,-265690,5680.602
51426,2009-09-26T16:15:00+00:00,-264790,5680.564
51426,2009-09-26T16:30:00+00:00,-263890,5680.526
51426,2009-09-26T16:45:00+00:00,-262990,5680.492
51426,2009-09-26T17:00:00+00:00,-262090,5680.457
51426,2009-09-26T17:15:00+00:00,-261190,5680.425
51426,2009-09-26T17:30:00+00:00,-260290,5680.399
51426,2009-09-26T17:45:00+00:00,-259390,5680.376
51426,2009-09-26T18:00:00+00:00,-258490,5680.357
51426,2009-09-26T18:15:00+00:00,-257590,5680.342
51426,2009-09-26T18:30:00+00:00,-256690,5680.333
51426,2009-09-26T18:45:00+00:00,-255790,5680.329
51426,2009-09-26T19:00:00+00:00,-254890,5680.328
51426,2009-09-26T19:15:00+00:00,-253990,5680.332
51426,2009-09-26T19:30:00+00:00,-253090,5680.342
51426,2009-09-26T19:45:00+00:00,-252190,5680.356
51426,2009-09-26T20:00:00+00:00,-251290,5680.373
51426,2009-09-26T20:15:00+00:00,-250390,5680.396
51426,2009-09-26T20:30:00+00:00,-249490,5680.421
51426,2009-09-26T20:45:00+00:00,-248590,5680.450
51426,2009-09-26T21:00:00+00:00,-247690,5680.480
51426,2009-09-26T21:15:00+00:00,-246790,5680.515
51426,2009-09-26T21:30:00+00:00,-245890,5680.549
51426,2009-09-26T21:45:00+00:00,-244990,5680.586
51426,2009-09-26T22:00:00+00:00,-244090,5680.625
51426,2009-09-26T22:15:00+00:00,-243190,5680.661
51426,2009-09-26T22:30:00+00:00,-242290,5680.695
51426,2009-09-26T22:45:00+00:00,-241390,5680.733
51426,2009-09-26T23:00:00+00:00,-240490,5680.766
51426,2009-09-26T23:15:00+00:00,-239590,5680.798
51426,2009-09-26T23:30:00+00:00,-238690,5680.827
51426,2009-09-26T23:45:00+00:00,-237790,5680.854
51426,2009-09-27T00:00:00+00:00,-236890,5680.877
51426,2009-09-27T00:15:00+00:00,-235990,5680.892
51426,2009-09-27T00:30:00+00:00,-235090,5680.908
51426,2009-09-27T00:45:00+00:00,-234190,5680.916
51426,2009-09-27T01:00:00+00:00,-233290,5680.921
51426,2009-09-27T01:15:00+00:00,-232390,5680.920
51426,2009-09-27T01:30:00+00:00,-231490,5680.913
51426,2009-09-27T01:45:00+00:00,-230590,5680.904
51426,2009-09-27T02:00:00+00:00,-229690,5680.888
51426,2009-09-27T02:15:00+00:00,-228790,5680.870
51426,2009-09-27T02:30:00+00:00,-227890,5680.850
51426,2009-09-27T02:45:00+00:00,-226990,5680.827
51426,2009-09-27T03:00:00+00:00,-226090,5680.799
51426,2009-09-27T03:15:00+00:00,-225190,5680.769
51426,2009-09-27T03:30:00+00:00,-224290,5680.738
51426,2009-09-27T03:45:00+00:00,-223390,5680.708
51426,2009-09-27T04:00:00+00:00,-222490,5680.674
51426,2009-09-27T04:15:00+00:00,-221590,5680.640
51426,2009-09-27T04:30:00+00:00,-220690,5680.606
51426,2009-09-27T04:45:00+00:00,-219790,5680.572
51426,2009-09-27T05:00:00+00:00,-218890,5680.544
51426,2009-09-27T05:15:00+00:00,-217990,5680.516
51426,2009-09-27T05:30:00+00:00,-217090,5680.489
51426,2009-09-27T05:45:00+00:00,-216190,5680.466
51426,2009-09-27T06:00:00+00:00,-215290,5680.446
51426,2009-09-27T06:15:00+00:00,-214390,5680.430
51426,2009-09-27T06:30:00+00:00,-213490,5680.416
51426,2009-09-27T06:45:00+00:00,-212590,5680.409
51426,2009-09-27T07:00:00+00:00,-211690,5680.409
51426,2009-09-27T07:15:00+00:00,-210790,5680.411
51426,2009-09-27T07:30:00+00:00,-209890,5680.415
51426,2009-09-27T07:45:00+00:00,-208990,5680.428
51426,2009-09-27T08:00:00+00:00,-208090,5680.443
51426,2009-09-27T08:15:00+00:00,-207190,5680.464
51426,2009-09-27T08:30:00+00:00,-206290,5680.486
51426,2009-09-27T08:45:00+00:00,-205390,5680.511
51426,2009-09-27T09:00:00+00:00,-204490,5680.541
51426,2009-09-27T09:15:00+00:00,-203590,5680.572
51426,2009-09-27T09:30:00+00:00,-202690,5680.605
51426,2009-09-27T09:45:00+00:00,-201790,5680.644
51426,2009-09-27T10:00:00+00:00,-200890,5680.681
51426,2009-09-27T10:15:00+00:00,-199990,5680.718
51426,2009-09-27T10:30:00+00:00,-199090,5680.755
51426,2009-09-27T10:45:00+00:00,-198190,5680.791
51426,2009-09-27T11:00:00+00:00,-197290,5680.823
51426,2009-09-27T11:15:00+00:00,-196390,5680.855
51426,2009-09-27T11:30:00+00:00,-195490,5680.885
51426,2009-09-27T11:45:00+00:00,-194590,5680.912
51426,2009-09-27T12:00:00+00:00,-193690,5680.935
51426,2009-09-27T12:15:00+00:00,-192790,5680.955
51426,2009-09-27T12:30:00+00:00,-191890,5680.969
51426,2009-09-27T12:45:00+00:00,-190990,5680.981
51426,2009-09-27T13:00:00+00:00,-190090,5680.989
51426,2009-09-27T13:15:00+00:00,-189190,5680.990
51426,2009-09-27T13:30:00+00:00,-188290,5680.985
51426,2009-09-27T13:45:00+00:00,-187390,5680.979
51426,2009-09-27T14:00:00+00:00,-186490,5680.968
51426,2009-09-27T14:15:00+00:00,-185590,5680.952
51426,2009-09-27T14:30:00+00:00,-184690,5680.932
51426,2009-09-27T14:45:00+00:00,-183790,5680.908
51426,2009-09-27T15:00:00+00:00,-182890,5680.882
51426,2009-09-27T15:15:00+00:00,-181990,5680.853
51426,2009-09-27T15:30:00+00:00,-181090,5680.822
51426,2009-09-27T15:45:00+00:00,-180190,5680.790
51426,2009-09-27T16:00:00+00:00,-179290,5680.757
51426,2009-09-27T16:15:00+00:00,-178390,5680.721
51426,2009-09-27T16:30:00+00:00,-177490,5680.684
51426,2009-09-27T16:45:00+00:00,-176590,5680.650
51426,2009-09-27T17:00:00+00:00,-175690,5680.614
51426,2009-09-27T17:15:00+00:00,-174790,5680.579
51426,2009-09-27T17:30:00+00:00,-173890,5680.546
51426,2009-09-27T17:45:00+00:00,-172990,5680.514
51426,2009-09-27T18:00:00+00:00,-172090,5680.487
51426,2009-09-27T18:15:00+00:00,-171190,5680.464
51426,2009-09-27T18:30:00+00:00,-170290,5680.443
51426,2009-09-27T18:45:00+00:00,-169390,5680.423
51426,2009-09-27T19:00:00+00:00,-168490,5680.407
51426,2009-09-27T19:15:00+00:00,-167590,5680.394
51426,2009-09-27T19:30:00+00:00,-166690,5680.387
51426,2009-09-27T19:45:00+00:00,-165790,5680.384
51426,2009-09-27T20:00:00+00:00,-164890,5680.388
51426,2009-09-27T20:15:00+00:00,-163990,5680.395
51426,2009-09-27T20:30:00+00:00,-163090,5680.405
51426,2009-09-27T20:45:00+00:00,-162190,5680.421
51426,2009-09-27T21:00:00+00:00,-161290,5680.438
51426,2009-09-27T21:15:00+00:00,-160390,5680.458
51426,2009-09-27T21:30:00+00:00,-159490,5680.483
51426,2009-09-27T21:45:00+00:00,-158590,5680.512
51426,2009-09-27T22:00:00+00:00,-157690,5680.539
51426,2009-09-27T22:15:00+00:00,-156790,5680.570
51426,2009-09-27T22:30:00+00:00,-155890,5680.604
51426,2009-09-27T22:45:00+00:00,-154990,5680.637
51426,2009-09-27T23:00:00+00:00,-154090,5680.670
51426,2009-09-27T23:15:00+00:00,-153190,5680.704
51426,2009-09-27T23:30:00+00:00,-152290,5680.736
51426,2009-09-27T23:45:00+00:00,-151390,5680.765
51426,2009-09-28T00:00:00+00:00,-150490,5680.796
51426,2009-09-28T00:15:00+00:00,-149590,5680.821
51426,2009-09-28T00:30:00+00:00,-148690,5680.848
51426,2009-09-28T00:45:00+00:00,-147790,5680.868
51426,2009-09-28T01:00:00+00:00,-146890,5680.884
51426,2009-09-28T01:15:00+00:00,-145990,5680.895
51426,2009-09-28T01:30:00+00:00,-145090,5680.906
51426,2009-09-28T01:45:00+00:00,-144190,5680.914
51426,2009-09-28T02:00:00+00:00,-143290,5680.916
51426,2009-09-28T02:15:00+00:00,-142390,5680.913
51426,2009-09-28T02:30:00+00:00,-141490,5680.906
51426,2009-09-28T02:45:00+00:00,-140590,5680.896
51426,2009-09-28T03:00:00+00:00,-139690,5680.883
51426,2009-09-28T03:15:00+00:00,-138790,5680.866
51426,2009-09-28T03:30:00+00:00,-137890,5680.844
51426,2009-09-28T03:45:00+00:00,-136990,5680.821
51426,2009-09-28T04:00:00+00:00,-136090,5680.795
51426,2009-09-28T04:15:00+00:00,-135190,5680.766
51426,2009-09-28T04:30:00+00:00,-134290,5680.737
51426,2009-09-28T04:45:00+00:00,-133390,5680.708
51426,2009-09-28T05:00:00+00:00,-132490,5680.677
51426,2009-09-28T05:15:00+00:00,-131590,5680.648
51426,2009-09-28T05:30:00+00:00,-130690,5680.619
51426,2009-09-28T05:45:00+00:00,-129790,5680.590
51426,2009-09-28T06:00:00+00:00,-128890,5680.564
51426,2009-09-28T06:15:00+00:00,-127990,5680.537
51426,2009-09-28T06:30:00+00:00,-127090,5680.514
51426,2009-09-28T06:45:00+00:00,-126190,5680.493
51426,2009-09-28T07:00:00+00:00,-125290,5680.478
51426,2009-09-28T07:15:00+00:00,-124390,5680.464
51426,2009-09-28T07:30:00+00:00,-123490,5680.456
51426,2009-09-28T07:45:00+00:00,-122590,5680.452
51426,2009-09-28T08:00:00+00:00,-121690,5680.453
51426,2009-09-28T08:15:00+00:00,-120790,5680.457
51426,2009-09-28T08:30:00+00:00,-119890,5680.466
51426,2009-09-28T08:45:00+00:00,-118990,5680.475
51426,2009-09-28T09:00:00+00:00,-118090,5680.491
51426,2009-09-28T09:15:00+00:00,-117190,5680.510
51426,2009-09-28T09:30:00+00:00,-116290,5680.535
51426,2009-09-28T09:45:00+00:00,-115390,5680.558
51426,2009-09-28T10:00:00+00:00,-114490,5680.583
51426,2009-09-28T10:15:00+00:00,-113590,5680.611
51426,2009-09-28T10:30:00+00:00,-112690,5680.644
51426,2009-09-28T10:45:00+00:00,-111790,5680.674
51426,2009-09-28T11:00:00+00:00,-110890,5680.708
51426,2009-09-28T11:15:00+00:00,-109990,5680.742
51426,2009-09-28T11:30:00+00:00,-109090,5680.775
51426,2009-09-28T11:45:00+00:00,-108190,5680.807
51426,2009-09-28T12:00:00+00:00,-107290,5680.834
51426,2009-09-28T12:15:00+00:00,-106390,5680.862
51426,2009-09-28T12:30:00+00:00,-105490,5680.887
51426,2009-09-28T12:45:00+00:00,-104590,5680.909
51426,2009-09-28T13:00:00+00:00,-103690,5680.929
51426,2009-09-28T13:15:00+00:00,-102790,5680.947
51426,2009-09-28T13:30:00+00:00,-101890,5680.956
51426,2009-09-28T13:45:00+00:00,-100990,5680.964
51426,2009-09-28T14:00:00+00:00,-100090,5680.966
51426,2009-09-28T14:15:00+00:00,-99190,5680.967
51426,2009-09-28T14:30:00+00:00,-98290,5680.962
51426,2009-09-28T14:45:00+00:00,-97390,5680.953
51426,2009-09-28T15:00:00+00:00,-96490,5680.942
51426,2009-09-28T15:15:00+00:00,-95590,5680.927
51426,2009-09-28T15:30:00+00:00,-94690,5680.907
51426,2009-09-28T15:45:00+00:00,-93790,5680.884
51426,2009-09-28T16:00:00+00:00,-92890,5680.859
51426,2009-09-28T16:15:00+00:00,-91990,5680.836
51426,2009-09-28T16:30:00+00:00,-91090,5680.809
51426,2009-09-28T16:45:00+00:00,-90190,5680.776
51426,2009-09-28T17:00:00+00:00,-89290,5680.745
51426,2009-09-28T17:15:00+00:00,-88390,5680.713
51426,2009-09-28T17:30:00+00:00,-87490,5680.684
51426,2009-09-28T17:45:00+00:00,-86590,5680.654
51426,2009-09-28T18:00:00+00:00,-85690,5680.623
51426,2009-09-28T18:15:00+00:00,-84790,5680.592
51426,2009-09-28T18:30:00+00:00,-83890,5680.563
51426,2009-09-28T18:45:00+00:00,-82990,5680.534
51426,2009-09-28T19:00:00+00:00,-82090,5680.510
51426,2009-09-28T19:15:00+00:00,-81190,5680.487
51426,2009-09-28T19:30:00+00:00,-80290,5680.467
51426,2009-09-28T19:45:00+00:00,-79390,5680.447
51426,2009-09-28T20:00:00+00:00,-78490,5680.432
51426,2009-09-28T20:15:00+00:00,-77590,5680.423
51426,2009-09-28T20:30:00+00:00,-76690,5680.416
51426,2009-09-28T20:45:00+00:00,-75790,5680.413
51426,2009-09-28T21:00:00+00:00,-74890,5680.416
51426,2009-09-28T21:15:00+00:00,-73990,5680.421
51426,2009-09-28T21:30:00+00:00,-73090,5680.427
51426,2009-09-28T21:45:00+00:00,-72190,5680.441
51426,2009-09-28T22:00:00+00:00,-71290,5680.459
51426,2009-09-28T22:15:00+00:00,-70390,5680.481
51426,2009-09-28T22:30:00+00:00,-69490,5680.503
51426,2009-09-28T22:45:00+00:00,-68590,5680.527
51426,2009-09-28T23:00:00+00:00,-67690,5680.555
51426,2009-09-28T23:15:00+00:00,-66790,5680.582
51426,2009-09-28T23:30:00+00:00,-65890,5680.611
51426,2009-09-28T23:45:00+00:00,-64990,5680.644
51426,2009-09-29T00:00:00+00:00,-64090,5680.673
51426,2009-09-29T00:15:00+00:00,-63190,5680.700
51426,2009-09-29T00:30:00+00:00,-62290,5680.732
51426,2009-09-29T00:45:00+00:00,-61390,5680.761
51426,2009-09-29T01:00:00+00:00,-60490,5680.786
51426,2009-09-29T01:15:00+00:00,-59590,5680.810
51426,2009-09-29T01:30:00+00:00,-58690,5680.833
51426,2009-09-29T01:45:00+00:00,-57790,5680.851
51426,2009-09-29T02:00:00+00:00,-56890,5680.866
51426,2009-09-29T02:15:00+00:00,-55990,5680.879
51426,2009-09-29T02:30:00+00:00,-55090,5680.891
51426,2009-09-29T02:45:00+00:00,-54190,5680.897
51426,2009-09-29T03:00:00+00:00,-53290,5680.899
51426,2009-09-29T03:15:00+00:00,-52390,5680.897
51426,2009-09-29T03:30:00+00:00,-51490,5680.891
51426,2009-09-29T03:45:00+00:00,-50590,5680.881
51426,2009-09-29T04:00:00+00:00,-49690,5680.867
51426,2009-09-29T04:15:00+00:00,-48790,5680.853
51426,2009-09-29T04:30:00+00:00,-47890,5680.833
51426,2009-09-29T04:45:00+00:00,-46990,5680.812
51426,2009-09-29T05:00:00+00:00,-46090,5680.787
51426,2009-09-29T05:15:00+00:00,-45190,5680.763
51426,2009-09-29T05:30:00+00:00,-44290,5680.734
51426,2009-09-29T05:45:00+00:00,-43390,5680.705
51426,2009-09-29T06:00:00+00:00,-42490,5680.674
51426,2009-09-29T06:15:00+00:00,-41590,5680.643
51426,2009-09-29T06:30:00+00:00,-40690,5680.615
51426,2009-09-29T06:45:00+00:00,-39790,5680.587
51426,2009-09-29T07:00:00+00:00,-38890,5680.559
51426,2009-09-29T07:15:00+00:00,-37990,5680.538
51426,2009-09-29T07:30:00+00:00,-37090,5680.517
51426,2009-09-29T07:45:00+00:00,-36190,5680.501
51426,2009-09-29T08:00:00+00:00,-35290,5680.486
51426,2009-09-29T08:15:00+00:00,-34390,5680.471
51426,2009-09-29T08:30:00+00:00,-33490,5680.462
51426,2009-09-29T08:45:00+00:00,-32590,5680.458
51426,2009-09-29T09:00:00+00:00,-31690,5680.458
51426,2009-09-29T09:15:00+00:00,-30790,5680.463
51426,2009-09-29T09:30:00+00:00,-29890,5680.468
51426,2009-09-29T09:45:00+00:00,-28990,5680.479
51426,2009-09-29T10:00:00+00:00,-28090,5680.493
51426,2009-09-29T10:15:00+00:00,-27190,5680.507
51426,2009-09-29T10:30:00+00:00,-26290,5680.529
51426,2009-09-29T10:45:00+00:00,-25390,5680.552
51426,2009-09-29T11:00:00+00:00,-24490,5680.578
51426,2009-09-29T11:15:00+00:00,-23590,5680.603
51426,2009-09-29T11:30:00+00:00,-22690,5680.635
51426,2009-09-29T11:45:00+00:00,-21790,5680.666
51426,2009-09-29T12:00:00+00:00,-20890,5680.693
51426,2009-09-29T12:15:00+00:00,-19990,5680.724
51426,2009-09-29T12:30:00+00:00,-19090,5680.756
51426,2009-09-29T12:45:00+00:00,-18190,5680.783
51426,2009-09-29T13:00:00+00:00,-17290,5680.812
51426,2009-09-29T13:15:00+00:00,-16390,5680.836
51426,2009-09-29T13:30:00+00:00,-15490,5680.858
51426,2009-09-29T13:45:00+00:00,-14590,5680.880
51426,2009-09-29T14:00:00+00:00,-13690,5680.896
51426,2009-09-29T14:15:00+00:00,-12790,5680.911
51426,2009-09-29T14:30:00+00:00,-11890,5680.920
51426,2009-09-29T14:45:00+00:00,-10990,5680.931
51426,2009-09-29T15:00:00+00:00,-10090,5680.937
51426,2009-09-29T15:15:00+00:00,-9190,5680.939
51426,2009-09-29T15:30:00+00:00,-8290,5680.938
51426,2009-09-29T15:45:00+00:00,-7390,5680.931
51426,2009-09-29T16:00:00+00:00,-6490,5680.921
51426,2009-09-29T16:15:00+00:00,-5590,5680.908
51426,2009-09-29T16:30:00+00:00,-4690,5680.890
51426,2009-09-29T16:45:00+00:00,-3790,5680.870
