station_id,timestamp_utc,seconds_from_origin,height_m
54401,2009-08-30T18:00:00+00:00,-2591290,5836.259
54401,2009-08-30T18:15:00+00:00,-2590390,5836.218
54401,2009-08-30T18:30:00+00:00,-2589490,5836.179
54401,2009-08-30T18:45:00+00:00,-2588590,5836.138
54401,2009-08-30T19:00:00+00:00,-2587690,5836.098
54401,2009-08-30T19:15:00+00:00,-2586790,5836.062
54401,2009-08-30T19:30:00+00:00,-2585890,5836.028
54401,2009-08-30T19:45:00+00:00,-2584990,5835.997
54401,2009-08-30T20:00:00+00:00,-2584090,5835.971
54401,2009-08-30T20:15:00+00:00,-2583190,5835.952
54401,2009-08-30T20:30:00+00:00,-2582290,5835.934
54401,2009-08-30T20:45:00+00:00,-2581390,5835.920
54401,2009-08-30T21:00:00+00:00,-2580490,5835.916
54401,2009-08-30T21:15:00+00:00,-2579590,5835.915
54401,2009-08-30T21:30:00+00:00,-2578690,5835.918
54401,2009-08-30T21:45:00+00:00,-2577790,5835.927
54401,2009-08-30T22:00:00+00:00,-2576890,5835.944
54401,2009-08-30T22:15:00+00:00,-2575990,5835.961
54401,2009-08-30T22:30:00+00:00,-2575090,5835.983
54401,2009-08-30T22:45:00+00:00,-2574190,5836.004
54401,2009-08-30T23:00:00+00:00,-2573290,5836.030
54401,2009-08-30T23:15:00+00:00,-2572390,5836.062
54401,2009-08-30T23:30:00+00:00,-2571490,5836.099
54401,2009-08-30T23:45:00+00:00,-2570590,5836.134
54401,2009-08-31T00:00:00+00:00,-2569690,5836.173
54401,2009-08-31T00:15:00+00:00,-2568790,5836.211
54401,2009-08-31T00:30:00+00:00,-2567890,5836.251
54401,2009-08-31T00:45:00+00:00,-2566990,5836.289
54401,2009-08-31T01:00:00+00:00,-2566090,5836.326
54401,2009-08-31T01:15:00+00:00,-2565190,5836.364
54401,2009-08-31T01:30:00+00:00,-2564290,5836.397
54401,2009-08-31T01:45:00+00:00,-2563390,5836.427
54401,2009-08-31T02:00:00+00:00,-2562490,5836.453
54401,2009-08-31T02:15:00+00:00,-2561590,5836.477
54401,2009-08-31T02:30:00+00:00,-2560690,5836.494
54401,2009-08-31T02:45:00+00:00,-2559790,5836.508
54401,2009-08-31T03:00:00+00:00,-2558890,5836.520
54401,2009-08-31T03:15:00+00:00,-2557990,5836.528
54401,2009-08-31T03:30:00+00:00,-2557090,5836.531
54401,2009-08-31T03:45:00+00:00,-2556190,5836.529
54401,2009-08-31T04:00:00+00:00,-2555290,5836.523
54401,2009-08-31T04:15:00+00:00,-2554390,5836.510
54401,2009-08-31T04:30:00+00:00,-2553490,5836.493
54401,2009-08-31T04:45:00+00:00,-2552590,5836.475
54401,2009-08-31T05:00:00+00:00,-2551690,5836.453
54401,2009-08-31T05:15:00+00:00,-2550790,5836.428
54401,2009-08-31T05:30:00+00:00,-2549890,5836.397
54401,2009-08-31T05:45:00+00:00,-2548990,5836.366
54401,2009-08-31T06:00:00+00:00,-2548090,5836.330
54401,2009-08-31T06:15:00+00:00,-2547190,5836.295
54401,2009-08-31T06:30:00+00:00,-2546290,5836.258
54401,2009-08-31T06:45:00+00:00,-2545390,5836.220
54401,2009-08-31T07:00:00+00:00,-2544490,5836.187
54401,2009-08-31T07:15:00+00:00,-2543590,5836.152
54401,2009-08-31T07:30:00+00:00,-2542690,5836.118
54401,2009-08-31T07:45:00+00:00,-2541790,5836.087
54401,2009-08-31T08:00:00+00:00,-2540890,5836.063
54401,2009-08-31T08:15:00+00:00,-2539990,5836.036
54401,2009-08-31T08:30:00+00:00,-2539090,5836.016
54401,2009-08-31T08:45:00+00:00,-2538190,5836.000
54401,2009-08-31T09:00:00+00:00,-2537290,5835.990
54401,2009-08-31T09:15:00+00:00,-2536390,5835.983
54401,2009-08-31T09:30:00+00:00,-2535490,5835.980
54401,2009-08-31T09:45:00+00:00,-2534590,5835.982
54401,2009-08-31T10:00:00+00:00,-2533690,5835.990
54401,2009-08-31T10:15:00+00:00,-2532790,5836.003
54401,2009-08-31T10:30:00+00:00,-2531890,5836.019
54401,2009-08-31T10:45:00+00:00,-2530990,5836.039
54401,2009-08-31T11:00:00+00:00,-2530090,5836.066
54401,2009-08-31T11:15:00+00:00,-2529190,5836.095
54401,2009-08-31T11:30:00+00:00,-2528290,5836.128
54401,2009-08-31T11:45:00+00:00,-2527390,5836.165
54401,2009-08-31T12:00:00+00:00,-2526490,5836.203
54401,2009-08-31T12:15:00+00:00,-2525590,5836.243
54401,2009-08-31T12:30:00+00:00,-2524690,5836.281
54401,2009-08-31T12:45:00+00:00,-2523790,5836.324
54401,2009-08-31T13:00:00+00:00,-2522890,5836.363
54401,2009-08-31T13:15:00+00:00,-2521990,5836.397
54401,2009-08-31T13:30:00+00:00,-2521090,5836.430
54401,2009-08-31T13:45:00+00:00,-2520190,5836.460
54401,2009-08-31T14:00:00+00:00,-2519290,5836.488
54401,2009-08-31T14:15:00+00:00,-2518390,5836.513
54401,2009-08-31T14:30:00+00:00,-2517490,5836.538
54401,2009-08-31T14:45:00+00:00,-2516590,5836.555
54401,2009-08-31T15:00:00+00:00,-2515690,5836.569
54401,2009-08-31T15:15:00+00:00,-2514790,5836.581
54401,2009-08-31T15:30:00+00:00,-2513890,5836.587
54401,2009-08-31T15:45:00+00:00,-2512990,5836.587
54401,2009-08-31T16:00:00+00:00,-2512090,5836.586
54401,2009-08-31T16:15:00+00:00,-2511190,5836.576
54401,2009-08-31T16:30:00+00:00,-2510290,5836.563
54401,2009-08-31T16:45:00+00:00,-2509390,5836.547
54401,2009-08-31T17:00:00+00:00,-2508490,5836.525
54401,2009-08-31T17:15:00+00:00,-2507590,5836.501
54401,2009-08-31T17:30:00+00:00,-2506690,5836.472
54401,2009-08-31T17:45:00+00:00,-2505790,5836.442
54401,2009-08-31T18:00:00+00:00,-2504890,5836.408
54401,2009-08-31T18:15:00+00:00,-2503990,5836.372
54401,2009-08-31T18:30:00+00:00,-2503090,5836.333
54401,2009-08-31T18:45:00+00:00,-2502190,5836.291
54401,2009-08-31T19:00:00+00:00,-2501290,5836.253
54401,2009-08-31T19:15:00+00:00,-2500390,5836.214
54401,2009-08-31T19:30:00+00:00,-2499490,5836.175
54401,2009-08-31T19:45:00+00:00,-2498590,5836.134
54401,2009-08-31T20:00:00+00:00,-2497690,5836.099
54401,2009-08-31T20:15:00+00:00,-2496790,5836.065
54401,2009-08-31T20:30:00+00:00,-2495890,5836.033
54401,2009-08-31T20:45:00+00:00,-2494990,5836.005
54401,2009-08-31T21:00:00+00:00,-2494090,5835.983
54401,2009-08-31T21:15:00+00:00,-2493190,5835.963
54401,2009-08-31T21:30:00+00:00,-2492290,5835.951
54401,2009-08-31T21:45:00+00:00,-2491390,5835.941
54401,2009-08-31T22:00:00+00:00,-2490490,5835.933
54401,2009-08-31T22:15:00+00:00,-2489590,5835.932
54401,2009-08-31T22:30:00+00:00,-2488690,5835.934
54401,2009-08-31T22:45:00+00:00,-2487790,5835.945
54401,2009-08-31T23:00:00+00:00,-2486890,5835.956
54401,2009-08-31T23:15:00+00:00,-2485990,5835.972
54401,2009-08-31T23:30:00+00:00,-2485090,5835.993
54401,2009-08-31T23:45:00+00:00,-2484190,5836.020
54401,2009-09-01T00:00:00+00:00,-2483290,5836.045
54401,2009-09-01T00:15:00+00:00,-2482390,5836.077
54401,2009-09-01T00:30:00+00:00,-2481490,5836.114
54401,2009-09-01T00:45:00+00:00,-2480590,5836.150
54401,2009-09-01T01:00:00+00:00,-2479690,5836.190
54401,2009-09-01T01:15:00+00:00,-2478790,5836.231
54401,2009-09-01T01:30:00+00:00,-2477890,5836.273
54401,2009-09-01T01:45:00+00:00,-2476990,5836.310
54401,2009-09-01T02:00:00+00:00,-2476090,5836.345
54401,2009-09-01T02:15:00+00:00,-2475190,5836.384
54401,2009-09-01T02:30:00+00:00,-2474290,5836.416
54401,2009-09-01T02:45:00+00:00,-2473390,5836.447
54401,2009-09-01T03:00:00+00:00,-2472490,5836.474
54401,2009-09-01T03:15:00+00:00,-2471590,5836.498
54401,2009-09-01T03:30:00+00:00,-2470690,5836.516
54401,2009-09-01T03:45:00+00:00,-2469790,5836.533
54401,2009-09-01T04:00:00+00:00,-2468890,5836.546
54401,2009-09-01T04:15:00+00:00,-2467990,5836.556
54401,2009-09-01T04:30:00+00:00,-2467090,5836.559
54401,2009-09-01T04:45:00+00:00,-2466190,5836.555
54401,2009-09-01T05:00:00+00:00,-2465290,5836.551
54401,2009-09-01T05:15:00+00:00,-2464390,5836.540
54401,2009-09-01T05:30:00+00:00,-2463490,5836.522
54401,2009-09-01T05:45:00+00:00,-2462590,5836.501
54401,2009-09-01T06:00:00+00:00,-2461690,5836.475
54401,2009-09-01T06:15:00+00:00,-2460790,5836.447
54401,2009-09-01T06:30:00+00:00,-2459890,5836.416
54401,2009-09-01T06:45:00+00:00,-2458990,5836.381
54401,2009-09-01T07:00:00+00:00,-2458090,5836.346
54401,2009-09-01T07:15:00+00:00,-2457190,5836.310
54401,2009-09-01T07:30:00+00:00,-2456290,5836.273
54401,2009-09-01T07:45:00+00:00,-2455390,5836.238
54401,2009-09-01T08:00:00+00:00,-2454490,5836.200
54401,2009-09-01T08:15:00+00:00,-2453590,5836.164
54401,2009-09-01T08:30:00+00:00,-2452690,5836.129
54401,2009-09-01T08:45:00+00:00,-2451790,5836.095
54401,2009-09-01T09:00:00+00:00,-2450890,5836.064
54401,2009-09-01T09:15:00+00:00,-2449990,5836.038
54401,2009-09-01T09:30:00+00:00,-2449090,5836.017
54401,2009-09-01T09:45:00+00:00,-2448190,5836.001
54401,2009-09-01T10:00:00+00:00,-2447290,5835.987
54401,2009-09-01T10:15:00+00:00,-2446390,5835.979
54401,2009-09-01T10:30:00+00:00,-2445490,5835.976
54401,2009-09-01T10:45:00+00:00,-2444590,5835.978
54401,2009-09-01T11:00:00+00:00,-2443690,5835.985
54401,2009-09-01T11:15:00+00:00,-2442790,5835.997
54401,2009-09-01T11:30:00+00:00,-2441890,5836.014
54401,2009-09-01T11:45:00+00:00,-2440990,5836.032
54401,2009-09-01T12:00:00+00:00,-2440090,5836.061
54401,2009-09-01T12:15:00+00:00,-2439190,5836.092
54401,2009-09-01T12:30:00+00:00,-2438290,5836.122
54401,2009-09-01T12:45:00+00:00,-2437390,5836.157
54401,2009-09-01T13:00:00+00:00,-2436490,5836.195
54401,2009-09-01T13:15:00+00:00,-2435590,5836.233
54401,2009-09-01T13:30:00+00:00,-2434690,5836.271
54401,2009-09-01T13:45:00+00:00,-2433790,5836.310
54401,2009-09-01T14:00:00+00:00,-2432890,5836.349
54401,2009-09-01T14:15:00+00:00,-2431990,5836.388
54401,2009-09-01T14:30:00+00:00,-2431090,5836.427
54401,2009-09-01T14:45:00+00:00,-2430190,5836.460
54401,2009-09-01T15:00:00+00:00,-2429290,5836.490
54401,2009-09-01T15:15:00+00:00,-2428390,5836.516
54401,2009-09-01T15:30:00+00:00,-2427490,5836.541
54401,2009-09-01T15:45:00+00:00,-2426590,5836.563
54401,2009-09-01T16:00:00+00:00,-2425690,5836.577
54401,2009-09-01T16:15:00+00:00,-2424790,5836.587
54401,2009-09-01T16:30:00+00:00,-2423890,5836.594
54401,2009-09-01T16:45:00+00:00,-2422990,5836.595
54401,2009-09-01T17:00:00+00:00,-2422090,5836.593
54401,2009-09-01T17:15:00+00:00,-2421190,5836.585
54401,2009-09-01T17:30:00+00:00,-2420290,5836.578
54401,2009-09-01T17:45:00+00:00,-2419390,5836.559
54401,2009-09-01T18:00:00+00:00,-2418490,5836.539
54401,2009-09-01T18:15:00+00:00,-2417590,5836.518
54401,2009-09-01T18:30:00+00:00,-2416690,5836.489
54401,2009-09-01T18:45:00+00:00,-2415790,5836.458
54401,2009-09-01T19:00:00+00:00,-2414890,5836.421
54401,2009-09-01T19:15:00+00:00,-2413990,5836.380
54401,2009-09-01T19:30:00+00:00,-2413090,5836.337
54401,2009-09-01T19:45:00+00:00,-2412190,5836.292
54401,2009-09-01T20:00:00+00:00,-2411290,5836.253
54401,2009-09-01T20:15:00+00:00,-2410390,5836.211
54401,2009-09-01T20:30:00+00:00,-2409490,5836.168
54401,2009-09-01T20:45:00+00:00,-2408590,5836.127
54401,2009-09-01T21:00:00+00:00,-2407690,5836.089
54401,2009-09-01T21:15:00+00:00,-2406790,5836.060
54401,2009-09-01T21:30:00+00:00,-2405890,5836.027
54401,2009-09-01T21:45:00+00:00,-2404990,5835.997
54401,2009-09-01T22:00:00+00:00,-2404090,5835.972
54401,2009-09-01T22:15:00+00:00,-2403190,5835.952
54401,2009-09-01T22:30:00+00:00,-2402290,5835.938
54401,2009-09-01T22:45:00+00:00,-2401390,5835.926
54401,2009-09-01T23:00:00+00:00,-2400490,5835.918
54401,2009-09-01T23:15:00+00:00,-2399590,5835.918
54401,2009-09-01T23:30:00+00:00,-2398690,5835.921
54401,2009-09-01T23:45:00+00:00,-2397790,5835.931
54401,2009-09-02T00:00:00+00:00,-2396890,5835.946
54401,2009-09-02T00:15:00+00:00,-2395990,5835.963
54401,2009-09-02T00:30:00+00:00,-2395090,5835.987
54401,2009-09-02T00:45:00+00:00,-2394190,5836.018
54401,2009-09-02T01:00:00+00:00,-2393290,5836.051
54401,2009-09-02T01:15:00+00:00,-2392390,5836.087
54401,2009-09-02T01:30:00+00:00,-2391490,5836.125
54401,2009-09-02T01:45:00+00:00,-2390590,5836.165
54401,2009-09-02T02:00:00+00:00,-2389690,5836.205
54401,2009-09-02T02:15:00+00:00,-2388790,5836.249
54401,2009-09-02T02:30:00+00:00,-2387890,5836.290
54401,2009-09-02T02:45:00+00:00,-2386990,5836.329
54401,2009-09-02T03:00:00+00:00,-2386090,5836.371
54401,2009-09-02T03:15:00+00:00,-2385190,5836.407
54401,2009-09-02T03:30:00+00:00,-2384290,5836.443
54401,2009-09-02T03:45:00+00:00,-2383390,5836.478
54401,2009-09-02T04:00:00+00:00,-2382490,5836.508
54401,2009-09-02T04:15:00+00:00,-2381590,5836.536
54401,2009-09-02T04:30:00+00:00,-2380690,5836.559
54401,2009-09-02T04:45:00+00:00,-2379790,5836.580
54401,2009-09-02T05:00:00+00:00,-2378890,5836.588
54401,2009-09-02T05:15:00+00:00,-2377990,5836.598
54401,2009-09-02T05:30:00+00:00,-2377090,5836.601
54401,2009-09-02T05:45:00+00:00,-2376190,5836.598
54401,2009-09-02T06:00:00+00:00,-2375290,5836.591
54401,2009-09-02T06:15:00+00:00,-2374390,5836.579
54401,2009-09-02T06:30:00+00:00,-2373490,5836.561
54401,2009-09-02T06:45:00+00:00,-2372590,5836.539
54401,2009-09-02T07:00:00+00:00,-2371690,5836.514
54401,2009-09-02T07:15:00+00:00,-2370790,5836.480
54401,2009-09-02T07:30:00+00:00,-2369890,5836.446
54401,2009-09-02T07:45:00+00:00,-2368990,5836.413
54401,2009-09-02T08:00:00+00:00,-2368090,5836.370
54401,2009-09-02T08:15:00+00:00,-2367190,5836.328
54401,2009-09-02T08:30:00+00:00,-2366290,5836.287
54401,2009-09-02T08:45:00+00:00,-2365390,5836.246
54401,2009-09-02T09:00:00+00:00,-2364490,5836.204
54401,2009-09-02T09:15:00+00:00,-2363590,5836.162
54401,2009-09-02T09:30:00+00:00,-2362690,5836.126
54401,2009-09-02T09:45:00+00:00,-2361790,5836.089
54401,2009-09-02T10:00:00+00:00,-2360890,5836.059
54401,2009-09-02T10:15:00+00:00,-2359990,5836.034
54401,2009-09-02T10:30:00+00:00,-2359090,5836.011
54401,2009-09-02T10:45:00+00:00,-2358190,5835.992
54401,2009-09-02T11:00:00+00:00,-2357290,5835.979
54401,2009-09-02T11:15:00+00:00,-2356390,5835.972
54401,2009-09-02T11:30:00+00:00,-2355490,5835.969
54401,2009-09-02T11:45:00+00:00,-2354590,5835.974
54401,2009-09-02T12:00:00+00:00,-2353690,5835.982
54401,2009-09-02T12:15:00+00:00,-2352790,5835.995
54401,2009-09-02T12:30:00+00:00,-2351890,5836.013
54401,2009-09-02T12:45:00+00:00,-2350990,5836.037
54401,2009-09-02T13:00:00+00:00,-2350090,5836.062
54401,2009-09-02T13:15:00+00:00,-2349190,5836.094
54401,2009-09-02T13:30:00+00:00,-2348290,5836.130
54401,2009-09-02T13:45:00+00:00,-2347390,5836.167
54401,2009-09-02T14:00:00+00:00,-2346490,5836.207
54401,2009-09-02T14:15:00+00:00,-2345590,5836.249
54401,2009-09-02T14:30:00+00:00,-2344690,5836.292
54401,2009-09-02T14:45:00+00:00,-2343790,5836.335
54401,2009-09-02T15:00:00+00:00,-2342890,5836.376
54401,2009-09-02T15:15:00+00:00,-2341990,5836.414
54401,2009-09-02T15:30:00+00:00,-2341090,5836.453
54401,2009-09-02T15:45:00+00:00,-2340190,5836.487
54401,2009-09-02T16:00:00+00:00,-2339290,5836.518
54401,2009-09-02T16:15:00+00:00,-2338390,5836.544
54401,2009-09-02T16:30:00+00:00,-2337490,5836.570
54401,2009-09-02T16:45:00+00:00,-2336590,5836.590
54401,2009-09-02T17:00:00+00:00,-2335690,5836.607
54401,2009-09-02T17:15:00+00:00,-2334790,5836.617
54401,2009-09-02T17:30:00+00:00,-2333890,5836.625
54401,2009-09-02T17:45:00+00:00,-2332990,5836.629
54401,2009-09-02T18:00:00+00:00,-2332090,5836.625
54401,2009-09-02T18:15:00+00:00,-2331190,5836.615
54401,2009-09-02T18:30:00+00:00,-2330290,5836.601
54401,2009-09-02T18:45:00+00:00,-2329390,5836.584
54401,2009-09-02T19:00:00+00:00,-2328490,5836.559
54401,2009-09-02T19:15:00+00:00,-2327590,5836.527
54401,2009-09-02T19:30:00+00:00,-2326690,5836.491
54401,2009-09-02T19:45:00+00:00,-2325790,5836.455
54401,2009-09-02T20:00:00+00:00,-2324890,5836.415
54401,2009-09-02T20:15:00+00:00,-2323990,5836.369
54401,2009-09-02T20:30:00+00:00,-2323090,5836.323
54401,2009-09-02T20:45:00+00:00,-2322190,5836.281
54401,2009-09-02T21:00:00+00:00,-2321290,5836.236
54401,2009-09-02T21:15:00+00:00,-2320390,5836.193
54401,2009-09-02T21:30:00+00:00,-2319490,5836.152
54401,2009-09-02T21:45:00+00:00,-2318590,5836.110
54401,2009-09-02T22:00:00+00:00,-2317690,5836.068
54401,2009-09-02T22:15:00+00:00,-2316790,5836.031
54401,2009-09-02T22:30:00+00:00,-2315890,5835.997
54401,2009-09-02T22:45:00+00:00,-2314990,5835.966
54401,2009-09-02T23:00:00+00:00,-2314090,5835.943
54401,2009-09-02T23:15:00+00:00,-2313190,5835.920
54401,2009-09-02T23:30:00+00:00,-2312290,5835.902
54401,2009-09-02T23:45:00+00:00,-2311390,5835.893
54401,2009-09-03T00:00:00+00:00,-2310490,5835.887
54401,2009-09-03T00:15:00+00:00,-2309590,5835.890
54401,2009-09-03T00:30:00+00:00,-2308690,5835.896
54401,2009-09-03T00:45:00+00:00,-2307790,5835.913
54401,2009-09-03T01:00:00+00:00,-2306890,5835.928
54401,2009-09-03T01:15:00+00:00,-2305990,5835.955
54401,2009-09-03T01:30:00+00:00,-2305090,5835.983
54401,2009-09-03T01:45:00+00:00,-2304190,5836.021
54401,2009-09-03T02:00:00+00:00,-2303290,5836.057
54401,2009-09-03T02:15:00+00:00,-2302390,5836.100
54401,2009-09-03T02:30:00+00:00,-2301490,5836.141
54401,2009-09-03T02:45:00+00:00,-2300590,5836.189
54401,2009-09-03T03:00:00+00:00,-2299690,5836.232
54401,2009-09-03T03:15:00+00:00,-2298790,5836.280
54401,2009-09-03T03:30:00+00:00,-2297890,5836.327
54401,2009-09-03T03:45:00+00:00,-2296990,5836.377
54401,2009-09-03T04:00:00+00:00,-2296090,5836.421
54401,2009-09-03T04:15:00+00:00,-2295190,5836.464
54401,2009-09-03T04:30:00+00:00,-2294290,5836.505
54401,2009-09-03T04:45:00+00:00,-2293390,5836.540
54401,2009-09-03T05:00:00+00:00,-2292490,5836.573
54401,2009-09-03T05:15:00+00:00,-2291590,5836.595
54401,2009-09-03T05:30:00+00:00,-2290690,5836.614
54401,2009-09-03T05:45:00+00:00,-2289790,5836.630
54401,2009-09-03T06:00:00+00:00,-2288890,5836.637
54401,2009-09-03T06:15:00+00:00,-2287990,5836.639
54401,2009-09-03T06:30:00+00:00,-2287090,5836.637
54401,2009-09-03T06:45:00+00:00,-2286190,5836.632
54401,2009-09-03T07:00:00+00:00,-2285290,5836.617
54401,2009-09-03T07:15:00+00:00,-2284390,5836.598
54401,2009-09-03T07:30:00+00:00,-2283490,5836.575
54401,2009-09-03T07:45:00+00:00,-2282590,5836.543
54401,2009-09-03T08:00:00+00:00,-2281690,5836.511
54401,2009-09-03T08:15:00+00:00,-2280790,5836.469
54401,2009-09-03T08:30:00+00:00,-2279890,5836.426
54401,2009-09-03T08:45:00+00:00,-2278990,5836.382
54401,2009-09-03T09:00:00+00:00,-2278090,5836.336
54401,2009-09-03T09:15:00+00:00,-2277190,5836.286
54401,2009-09-03T09:30:00+00:00,-2276290,5836.239
54401,2009-09-03T09:45:00+00:00,-2275390,5836.188
54401,2009-09-03T10:00:00+00:00,-2274490,5836.144
54401,2009-09-03T10:15:00+00:00,-2273590,5836.099
54401,2009-09-03T10:30:00+00:00,-2272690,5836.059
54401,2009-09-03T10:45:00+00:00,-2271790,5836.023
54401,2009-09-03T11:00:00+00:00,-2270890,5835.990
54401,2009-09-03T12:15:00+00:00,-2266390,5835.913
54401,2009-09-03T12:30:00+00:00,-2265490,5835.916
54401,2009-09-03T12:45:00+00:00,-2264590,5835.926
54401,2009-09-03T13:00:00+00:00,-2263690,5835.938
54401,2009-09-03T13:15:00+00:00,-2262790,5835.955
54401,2009-09-03T13:30:00+00:00,-2261890,5835.981
54401,2009-09-03T13:45:00+00:00,-2260990,5836.010
54401,2009-09-03T14:00:00+00:00,-2260090,5836.046
54401,2009-09-03T14:15:00+00:00,-2259190,5836.084
54401,2009-09-03T14:30:00+00:00,-2258290,5836.127
54401,2009-09-03T14:45:00+00:00,-2257390,5836.171
54401,2009-09-03T15:00:00+00:00,-2256490,5836.219
54401,2009-09-03T15:15:00+00:00,-2255590,5836.267
54401,2009-09-03T15:30:00+00:00,-2254690,5836.318
54401,2009-09-03T15:45:00+00:00,-2253790,5836.365
54401,2009-09-03T16:00:00+00:00,-2252890,5836.410
54401,2009-09-03T16:15:00+00:00,-2251990,5836.454
54401,2009-09-03T16:30:00+00:00,-2251090,5836.497
54401,2009-09-03T16:45:00+00:00,-2250190,5836.534
54401,2009-09-03T17:00:00+00:00,-2249290,5836.568
54401,2009-09-03T17:15:00+00:00,-2248390,5836.598
54401,2009-09-03T17:30:00+00:00,-2247490,5836.625
54401,2009-09-03T17:45:00+00:00,-2246590,5836.643
54401,2009-09-03T18:00:00+00:00,-2245690,5836.658
54401,2009-09-03T18:15:00+00:00,-2244790,5836.665
54401,2009-09-03T18:30:00+00:00,-2243890,5836.665
54401,2009-09-03T18:45:00+00:00,-2242990,5836.660
54401,2009-09-03T19:00:00+00:00,-2242090,5836.649
54401,2009-09-03T19:15:00+00:00,-2241190,5836.633
54401,2009-09-03T19:30:00+00:00,-2240290,5836.608
54401,2009-09-03T19:45:00+00:00,-2239390,5836.579
54401,2009-09-03T20:00:00+00:00,-2238490,5836.547
54401,2009-09-03T20:15:00+00:00,-2237590,5836.505
54401,2009-09-03T20:30:00+00:00,-2236690,5836.463
54401,2009-09-03T20:45:00+00:00,-2235790,5836.417
54401,2009-09-03T21:00:00+00:00,-2234890,5836.370
54401,2009-09-03T21:15:00+00:00,-2233990,5836.321
54401,2009-09-03T21:30:00+00:00,-2233090,5836.269
54401,2009-09-03T21:45:00+00:00,-2232190,5836.216
54401,2009-09-03T22:00:00+00:00,-2231290,5836.166
54401,2009-09-03T22:15:00+00:00,-2230390,5836.118
54401,2009-09-03T22:30:00+00:00,-2229490,5836.068
54401,2009-09-03T22:45:00+00:00,-2228590,5836.023
54401,2009-09-03T23:00:00+00:00,-2227690,5835.982
54401,2009-09-03T23:15:00+00:00,-2226790,5835.947
54401,2009-09-03T23:30:00+00:00,-2225890,5835.916
54401,2009-09-03T23:45:00+00:00,-2224990,5835.887
54401,2009-09-04T00:00:00+00:00,-2224090,5835.865
54401,2009-09-04T00:15:00+00:00,-2223190,5835.849
54401,2009-09-04T00:30:00+00:00,-2222290,5835.839
54401,2009-09-04T00:45:00+00:00,-2221390,5835.831
54401,2009-09-04T01:00:00+00:00,-2220490,5835.836
54401,2009-09-04T01:15:00+00:00,-2219590,5835.845
54401,2009-09-04T01:30:00+00:00,-2218690,5835.864
54401,2009-09-04T01:45:00+00:00,-2217790,5835.883
54401,2009-09-04T02:00:00+00:00,-2216890,5835.911
54401,2009-09-04T02:15:00+00:00,-2215990,5835.943
54401,2009-09-04T02:30:00+00:00,-2215090,5835.982
54401,2009-09-04T02:45:00+00:00,-2214190,5836.026
54401,2009-09-04T03:00:00+00:00,-2213290,5836.077
54401,2009-09-04T03:15:00+00:00,-2212390,5836.126
54401,2009-09-04T03:30:00+00:00,-2211490,5836.179
54401,2009-09-04T03:45:00+00:00,-2210590,5836.234
54401,2009-09-04T04:00:00+00:00,-2209690,5836.287
54401,2009-09-04T04:15:00+00:00,-2208790,5836.340
54401,2009-09-04T04:30:00+00:00,-2207890,5836.390
54401,2009-09-04T04:45:00+00:00,-2206990,5836.440
54401,2009-09-04T05:00:00+00:00,-2206090,5836.486
54401,2009-09-04T05:15:00+00:00,-2205190,5836.531
54401,2009-09-04T05:30:00+00:00,-2204290,5836.565
54401,2009-09-04T05:45:00+00:00,-2203390,5836.595
54401,2009-09-04T06:00:00+00:00,-2202490,5836.622
54401,2009-09-04T06:15:00+00:00,-2201590,5836.645
54401,2009-09-04T06:30:00+00:00,-2200690,5836.657
54401,2009-09-04T06:45:00+00:00,-2199790,5836.666
54401,2009-09-04T07:00:00+00:00,-2198890,5836.672
54401,2009-09-04T07:15:00+00:00,-2197990,5836.666
54401,2009-09-04T07:30:00+00:00,-2197090,5836.656
54401,2009-09-04T07:45:00+00:00,-2196190,5836.639
54401,2009-09-04T08:00:00+00:00,-2195290,5836.615
54401,2009-09-04T08:15:00+00:00,-2194390,5836.582
54401,2009-09-04T08:30:00+00:00,-2193490,5836.546
54401,2009-09-04T08:45:00+00:00,-2192590,5836.505
54401,2009-09-04T09:00:00+00:00,-2191690,5836.461
54401,2009-09-04T09:15:00+00:00,-2190790,5836.411
54401,2009-09-04T09:30:00+00:00,-2189890,5836.360
54401,2009-09-04T09:45:00+00:00,-2188990,5836.306
54401,2009-09-04T10:00:00+00:00,-2188090,5836.251
54401,2009-09-04T10:15:00+00:00,-2187190,5836.199
54401,2009-09-04T10:30:00+00:00,-2186290,5836.145
54401,2009-09-04T10:45:00+00:00,-2185390,5836.094
54401,2009-09-04T11:00:00+00:00,-2184490,5836.047
54401,2009-09-04T11:15:00+00:00,-2183590,5836.004
54401,2009-09-04T11:30:00+00:00,-2182690,5835.962
54401,2009-09-04T11:45:00+00:00,-2181790,5835.927
54401,2009-09-04T12:00:00+00:00,-2180890,5835.897
54401,2009-09-04T12:15:00+00:00,-2179990,5835.873
54401,2009-09-04T12:30:00+00:00,-2179090,5835.852
54401,2009-09-04T12:45:00+00:00,-2178190,5835.838
54401,2009-09-04T13:00:00+00:00,-2177290,5835.833
54401,2009-09-04T13:15:00+00:00,-2176390,5835.832
54401,2009-09-04T13:30:00+00:00,-2175490,5835.841
54401,2009-09-04T13:45:00+00:00,-2174590,5835.852
54401,2009-09-04T14:00:00+00:00,-2173690,5835.872
54401,2009-09-04T14:15:00+00:00,-2172790,5835.900
54401,2009-09-04T14:30:00+00:00,-2171890,5835.937
54401,2009-09-04T14:45:00+00:00,-2170990,5835.974
54401,2009-09-04T15:00:00+00:00,-2170090,5836.017
54401,2009-09-04T15:15:00+00:00,-2169190,5836.064
54401,2009-09-04T15:30:00+00:00,-2168290,5836.115
54401,2009-09-04T15:45:00+00:00,-2167390,5836.170
54401,2009-09-04T16:00:00+00:00,-2166490,5836.223
54401,2009-09-04T16:15:00+00:00,-2165590,5836.277
54401,2009-09-04T16:30:00+00:00,-2164690,5836.331
54401,2009-09-04T16:45:00+00:00,-2163790,5836.384
54401,2009-09-04T17:00:00+00:00,-2162890,5836.436
54401,2009-09-04T17:15:00+00:00,-2161990,5836.482
54401,2009-09-04T17:30:00+00:00,-2161090,5836.525
54401,2009-09-04T17:45:00+00:00,-2160190,5836.564
54401,2009-09-04T18:00:00+00:00,-2159290,5836.594
54401,2009-09-04T18:15:00+00:00,-2158390,5836.621
54401,2009-09-04T18:30:00+00:00,-2157490,5836.640
54401,2009-09-04T18:45:00+00:00,-2156590,5836.656
54401,2009-09-04T19:00:00+00:00,-2155690,5836.666
54401,2009-09-04T19:15:00+00:00,-2154790,5836.666
54401,2009-09-04T19:30:00+00:00,-2153890,5836.659
54401,2009-09-04T19:45:00+00:00,-2152990,5836.645
54401,2009-09-04T20:00:00+00:00,-2152090,5836.625
54401,2009-09-04T20:15:00+00:00,-2151190,5836.598
54401,2009-09-04T20:30:00+00:00,-2150290,5836.569
54401,2009-09-04T20:45:00+00:00,-2149390,5836.530
54401,2009-09-04T21:00:00+00:00,-2148490,5836.487
54401,2009-09-04T21:15:00+00:00,-2147590,5836.441
54401,2009-09-04T21:30:00+00:00,-2146690,5836.392
54401,2009-09-04T21:45:00+00:00,-2145790,5836.339
54401,2009-09-04T22:00:00+00:00,-2144890,5836.285
54401,2009-09-04T22:15:00+00:00,-2143990,5836.230
54401,2009-09-04T22:30:00+00:00,-2143090,5836.171
54401,2009-09-04T22:45:00+00:00,-2142190,5836.115
54401,2009-09-04T23:00:00+00:00,-2141290,5836.060
54401,2009-09-04T23:15:00+00:00,-2140390,5836.009
54401,2009-09-04T23:30:00+00:00,-2139490,5835.959
54401,2009-09-04T23:45:00+00:00,-2138590,5835.912
54401,2009-09-05T00:00:00+00:00,-2137690,5835.873
54401,2009-09-05T01:15:00+00:00,-2133190,5835.765
54401,2009-09-05T01:30:00+00:00,-2132290,5835.766
54401,2009-09-05T01:45:00+00:00,-2131390,5835.774
54401,2009-09-05T02:00:00+00:00,-2130490,5835.788
54401,2009-09-05T02:15:00+00:00,-2129590,5835.810
54401,2009-09-05T02:30:00+00:00,-2128690,5835.840
54401,2009-09-05T02:45:00+00:00,-2127790,5835.874
54401,2009-09-05T03:00:00+00:00,-2126890,5835.915
54401,2009-09-05T08:15:00+00:00,-2107990,5836.665
54401,2009-09-05T08:30:00+00:00,-2107090,5836.641
54401,2009-09-05T08:45:00+00:00,-2106190,5836.609
54401,2009-09-05T09:00:00+00:00,-2105290,5836.573
54401,2009-09-05T12:15:00+00:00,-2093590,5835.874
54401,2009-09-05T12:30:00+00:00,-2092690,5835.834
54401,2009-09-05T12:45:00+00:00,-2091790,5835.801
54401,2009-09-05T13:00:00+00:00,-2090890,5835.775
54401,2009-09-05T13:15:00+00:00,-2089990,5835.756
54401,2009-09-05T13:30:00+00:00,-2089090,5835.739
54401,2009-09-05T13:45:00+00:00,-2088190,5835.733
54401,2009-09-05T14:00:00+00:00,-2087290,5835.736
54401,2009-09-05T14:15:00+00:00,-2086390,5835.743
54401,2009-09-05T14:30:00+00:00,-2085490,5835.763
54401,2009-09-05T14:45:00+00:00,-2084590,5835.786
54401,2009-09-05T15:00:00+00:00,-2083690,5835.818
54401,2009-09-05T15:15:00+00:00,-2082790,5835.859
54401,2009-09-05T15:30:00+00:00,-2081890,5835.905
54401,2009-09-05T15:45:00+00:00,-2080990,5835.956
54401,2009-09-05T16:00:00+00:00,-2080090,5836.013
54401,2009-09-05T16:15:00+00:00,-2079190,5836.070
54401,2009-09-05T16:30:00+00:00,-2078290,5836.129
54401,2009-09-05T16:45:00+00:00,-2077390,5836.192
54401,2009-09-05T17:00:00+00:00,-2076490,5836.250
54401,2009-09-05T17:15:00+00:00,-2075590,5836.310
54401,2009-09-05T17:30:00+00:00,-2074690,5836.366
54401,2009-09-05T17:45:00+00:00,-2073790,5836.421
54401,2009-09-05T18:00:00+00:00,-2072890,5836.473
54401,2009-09-05T18:15:00+00:00,-2071990,5836.519
54401,2009-09-05T18:30:00+00:00,-2071090,5836.559
54401,2009-09-05T18:45:00+00:00,-2070190,5836.594
54401,2009-09-05T19:00:00+00:00,-2069290,5836.626
54401,2009-09-05T19:15:00+00:00,-2068390,5836.648
54401,2009-09-05T19:30:00+00:00,-2067490,5836.662
54401,2009-09-05T19:45:00+00:00,-2066590,5836.671
54401,2009-09-05T20:00:00+00:00,-2065690,5836.669
54401,2009-09-05T20:15:00+00:00,-2064790,5836.660
54401,2009-09-05T20:30:00+00:00,-2063890,5836.642
54401,2009-09-05T20:45:00+00:00,-2062990,5836.617
54401,2009-09-05T21:00:00+00:00,-2062090,5836.587
54401,2009-09-05T21:15:00+00:00,-2061190,5836.547
54401,2009-09-05T21:30:00+00:00,-2060290,5836.505
54401,2009-09-05T21:45:00+00:00,-2059390,5836.457
54401,2009-09-05T22:00:00+00:00,-2058490,5836.407
54401,2009-09-05T23:15:00+00:00,-2053990,5836.107
54401,2009-09-05T23:30:00+00:00,-2053090,5836.049
54401,2009-09-05T23:45:00+00:00,-2052190,5835.993
54401,2009-09-06T00:00:00+00:00,-2051290,5835.936
54401,2009-09-06T02:15:00+00:00,-2043190,5835.709
54401,2009-09-06T02:30:00+00:00,-2042290,5835.721
54401,2009-09-06T02:45:00+00:00,-2041390,5835.741
54401,2009-09-06T03:00:00+00:00,-2040490,5835.770
54401,2009-09-06T04:15:00+00:00,-2035990,5836.009
54401,2009-09-06T04:30:00+00:00,-2035090,5836.072
54401,2009-09-06T04:45:00+00:00,-2034190,5836.137
54401,2009-09-06T05:00:00+00:00,-2033290,5836.203
54401,2009-09-06T05:15:00+00:00,-2032390,5836.265
54401,2009-09-06T05:30:00+00:00,-2031490,5836.332
54401,2009-09-06T05:45:00+00:00,-2030590,5836.395
54401,2009-09-06T06:00:00+00:00,-2029690,5836.454
54401,2009-09-06T06:15:00+00:00,-2028790,5836.511
54401,2009-09-06T06:30:00+00:00,-2027890,5836.564
54401,2009-09-06T06:45:00+00:00,-2026990,5836.608
54401,2009-09-06T07:00:00+00:00,-2026090,5836.648
54401,2009-09-06T07:15:00+00:00,-2025190,5836.685
54401,2009-09-06T07:30:00+00:00,-2024290,5836.711
54401,2009-09-06T07:45:00+00:00,-2023390,5836.729
54401,2009-09-06T08:00:00+00:00,-2022490,5836.742
54401,2009-09-06T08:15:00+00:00,-2021590,5836.745
54401,2009-09-06T08:30:00+00:00,-2020690,5836.741
54401,2009-09-06T08:45:00+00:00,-2019790,5836.729
54401,2009-09-06T09:00:00+00:00,-2018890,5836.706
54401,2009-09-06T09:15:00+00:00,-2017990,5836.674
54401,2009-09-06T09:30:00+00:00,-2017090,5836.637
54401,2009-09-06T09:45:00+00:00,-2016190,5836.594
54401,2009-09-06T10:00:00+00:00,-2015290,5836.542
54401,2009-09-06T10:15:00+00:00,-2014390,5836.486
54401,2009-09-06T10:30:00+00:00,-2013490,5836.427
54401,2009-09-06T10:45:00+00:00,-2012590,5836.365
54401,2009-09-06T11:00:00+00:00,-2011690,5836.301
54401,2009-09-06T11:15:00+00:00,-2010790,5836.240
54401,2009-09-06T11:30:00+00:00,-2009890,5836.173
54401,2009-09-06T11:45:00+00:00,-2008990,5836.111
54401,2009-09-06T12:00:00+00:00,-2008090,5836.051
54401,2009-09-06T12:15:00+00:00,-2007190,5835.991
54401,2009-09-06T12:30:00+00:00,-2006290,5835.936
54401,2009-09-06T12:45:00+00:00,-2005390,5835.883
54401,2009-09-06T13:00:00+00:00,-2004490,5835.839
54401,2009-09-06T13:15:00+00:00,-2003590,5835.800
54401,2009-09-06T13:30:00+00:00,-2002690,5835.768
54401,2009-09-06T13:45:00+00:00,-2001790,5835.742
54401,2009-09-06T14:00:00+00:00,-2000890,5835.728
54401,2009-09-06T14:15:00+00:00,-1999990,5835.718
54401,2009-09-06T14:30:00+00:00,-1999090,5835.717
54401,2009-09-06T14:45:00+00:00,-1998190,5835.726
54401,2009-09-06T15:00:00+00:00,-1997290,5835.738
54401,2009-09-06T15:15:00+00:00,-1996390,5835.766
54401,2009-09-06T15:30:00+00:00,-1995490,5835.799
54401,2009-09-06T15:45:00+00:00,-1994590,5835.838
54401,2009-09-06T16:00:00+00:00,-1993690,5835.885
54401,2009-09-06T16:15:00+00:00,-1992790,5835.934
54401,2009-09-06T16:30:00+00:00,-1991890,5835.990
54401,2009-09-06T16:45:00+00:00,-1990990,5836.052
54401,2009-09-06T17:00:00+00:00,-1990090,5836.113
54401,2009-09-06T17:15:00+00:00,-1989190,5836.179
54401,2009-09-06T17:30:00+00:00,-1988290,5836.245
54401,2009-09-06T17:45:00+00:00,-1987390,5836.313
54401,2009-09-06T18:00:00+00:00,-1986490,5836.377
54401,2009-09-06T18:15:00+00:00,-1985590,5836.439
54401,2009-09-06T18:30:00+00:00,-1984690,5836.498
54401,2009-09-06T18:45:00+00:00,-1983790,5836.551
54401,2009-09-06T19:00:00+00:00,-1982890,5836.596
54401,2009-09-06T19:15:00+00:00,-1981990,5836.639
54401,2009-09-06T19:30:00+00:00,-1981090,5836.676
54401,2009-09-06T19:45:00+00:00,-1980190,5836.705
54401,2009-09-06T20:00:00+00:00,-1979290,5836.725
54401,2009-09-06T20:15:00+00:00,-1978390,5836.736
54401,2009-09-06T20:30:00+00:00,-1977490,5836.740
54401,2009-09-06T20:45:00+00:00,-1976590,5836.736
54401,2009-09-06T21:00:00+00:00,-1975690,5836.727
54401,2009-09-06T21:15:00+00:00,-1974790,5836.706
54401,2009-09-06T21:30:00+00:00,-1973890,5836.678
54401,2009-09-06T21:45:00+00:00,-1972990,5836.644
54401,2009-09-06T22:00:00+00:00,-1972090,5836.606
54401,2009-09-06T22:15:00+00:00,-1971190,5836.557
54401,2009-09-06T22:30:00+00:00,-1970290,5836.506
54401,2009-09-06T22:45:00+00:00,-1969390,5836.449
54401,2009-09-06T23:00:00+00:00,-1968490,5836.387
54401,2009-09-06T23:15:00+00:00,-1967590,5836.325
54401,2009-09-06T23:30:00+00:00,-1966690,5836.258
54401,2009-09-06T23:45:00+00:00,-1965790,5836.193
54401,2009-09-07T00:00:00+00:00,-1964890,5836.128
54401,2009-09-07T00:15:00+00:00,-1963990,5836.065
54401,2009-09-07T00:30:00+00:00,-1963090,5836.005
54401,2009-09-07T00:45:00+00:00,-1962190,5835.952
54401,2009-09-07T01:00:00+00:00,-1961290,5835.899
54401,2009-09-07T01:15:00+00:00,-1960390,5835.857
54401,2009-09-07T01:30:00+00:00,-1959490,5835.815
54401,2009-09-07T01:45:00+00:00,-1958590,5835.784
54401,2009-09-07T02:00:00+00:00,-1957690,5835.756
54401,2009-09-07T02:15:00+00:00,-1956790,5835.741
54401,2009-09-07T02:30:00+00:00,-1955890,5835.731
54401,2009-09-07T02:45:00+00:00,-1954990,5835.729
54401,2009-09-07T03:00:00+00:00,-1954090,5835.742
54401,2009-09-07T03:15:00+00:00,-1953190,5835.758
54401,2009-09-07T03:30:00+00:00,-1952290,5835.785
54401,2009-09-07T03:45:00+00:00,-1951390,5835.819
54401,2009-09-07T04:00:00+00:00,-1950490,5835.861
54401,2009-09-07T04:15:00+00:00,-1949590,5835.912
54401,2009-09-07T04:30:00+00:00,-1948690,5835.964
54401,2009-09-07T04:45:00+00:00,-1947790,5836.026
54401,2009-09-07T05:00:00+00:00,-1946890,5836.091
54401,2009-09-07T05:15:00+00:00,-1945990,5836.157
54401,2009-09-07T05:30:00+00:00,-1945090,5836.224
54401,2009-09-07T05:45:00+00:00,-1944190,5836.289
54401,2009-09-07T06:00:00+00:00,-1943290,5836.360
54401,2009-09-07T06:15:00+00:00,-1942390,5836.429
54401,2009-09-07T06:30:00+00:00,-1941490,5836.491
54401,2009-09-07T06:45:00+00:00,-1940590,5836.553
54401,2009-09-07T07:00:00+00:00,-1939690,5836.609
54401,2009-09-07T07:15:00+00:00,-1938790,5836.660
54401,2009-09-07T07:30:00+00:00,-1937890,5836.705
54401,2009-09-07T07:45:00+00:00,-1936990,5836.746
54401,2009-09-07T08:00:00+00:00,-1936090,5836.777
54401,2009-09-07T08:15:00+00:00,-1935190,5836.801
54401,2009-09-07T08:30:00+00:00,-1934290,5836.816
54401,2009-09-07T08:45:00+00:00,-1933390,5836.822
54401,2009-09-07T09:00:00+00:00,-1932490,5836.818
54401,2009-09-07T09:15:00+00:00,-1931590,5836.807
54401,2009-09-07T09:30:00+00:00,-1930690,5836.788
54401,2009-09-07T09:45:00+00:00,-1929790,5836.758
54401,2009-09-07T10:00:00+00:00,-1928890,5836.722
54401,2009-09-07T10:15:00+00:00,-1927990,5836.678
54401,2009-09-07T10:30:00+00:00,-1927090,5836.628
54401,2009-09-07T10:45:00+00:00,-1926190,5836.572
54401,2009-09-07T11:00:00+00:00,-1925290,5836.512
54401,2009-09-07T11:15:00+00:00,-1924390,5836.449
54401,2009-09-07T11:30:00+00:00,-1923490,5836.382
54401,2009-09-07T11:45:00+00:00,-1922590,5836.314
54401,2009-09-07T12:00:00+00:00,-1921690,5836.245
54401,2009-09-07T12:15:00+00:00,-1920790,5836.178
54401,2009-09-07T12:30:00+00:00,-1919890,5836.110
54401,2009-09-07T12:45:00+00:00,-1918990,5836.047
54401,2009-09-07T13:00:00+00:00,-1918090,5835.983
54401,2009-09-07T13:15:00+00:00,-1917190,5835.924
54401,2009-09-07T13:30:00+00:00,-1916290,5835.873
54401,2009-09-07T13:45:00+00:00,-1915390,5835.824
54401,2009-09-07T14:00:00+00:00,-1914490,5835.784
54401,2009-09-07T14:15:00+00:00,-1913590,5835.752
54401,2009-09-07T14:30:00+00:00,-1912690,5835.726
54401,2009-09-07T14:45:00+00:00,-1911790,5835.712
54401,2009-09-07T15:00:00+00:00,-1910890,5835.704
54401,2009-09-07T15:15:00+00:00,-1909990,5835.707
54401,2009-09-07T15:30:00+00:00,-1909090,5835.718
54401,2009-09-07T15:45:00+00:00,-1908190,5835.740
54401,2009-09-07T16:00:00+00:00,-1907290,5835.771
54401,2009-09-07T16:15:00+00:00,-1906390,5835.810
54401,2009-09-07T16:30:00+00:00,-1905490,5835.856
54401,2009-09-07T16:45:00+00:00,-1904590,5835.910
54401,2009-09-07T17:00:00+00:00,-1903690,5835.968
54401,2009-09-07T17:15:00+00:00,-1902790,5836.033
54401,2009-09-07T17:30:00+00:00,-1901890,5836.098
54401,2009-09-07T17:45:00+00:00,-1900990,5836.169
54401,2009-09-07T18:00:00+00:00,-1900090,5836.243
54401,2009-09-07T18:15:00+00:00,-1899190,5836.313
54401,2009-09-07T18:30:00+00:00,-1898290,5836.382
54401,2009-09-07T18:45:00+00:00,-1897390,5836.451
54401,2009-09-07T19:00:00+00:00,-1896490,5836.514
54401,2009-09-07T19:15:00+00:00,-1895590,5836.571
54401,2009-09-07T19:30:00+00:00,-1894690,5836.626
54401,2009-09-07T19:45:00+00:00,-1893790,5836.676
54401,2009-09-07T20:00:00+00:00,-1892890,5836.717
54401,2009-09-07T20:15:00+00:00,-1891990,5836.749
54401,2009-09-07T20:30:00+00:00,-1891090,5836.774
54401,2009-09-07T20:45:00+00:00,-1890190,5836.793
54401,2009-09-07T21:00:00+00:00,-1889290,5836.802
54401,2009-09-07T21:15:00+00:00,-1888390,5836.800
54401,2009-09-07T21:30:00+00:00,-1887490,5836.793
54401,2009-09-07T21:45:00+00:00,-1886590,5836.776
54401,2009-09-07T22:00:00+00:00,-1885690,5836.752
54401,2009-09-07T22:15:00+00:00,-1884790,5836.719
54401,2009-09-07T22:30:00+00:00,-1883890,5836.680
54401,2009-09-07T22:45:00+00:00,-1882990,5836.634
54401,2009-09-07T23:00:00+00:00,-1882090,5836.580
54401,2009-09-07T23:15:00+00:00,-1881190,5836.523
54401,2009-09-07T23:30:00+00:00,-1880290,5836.462
54401,2009-09-07T23:45:00+00:00,-1879390,5836.398
54401,2009-09-08T00:00:00+00:00,-1878490,5836.335
54401,2009-09-08T00:15:00+00:00,-1877590,5836.268
54401,2009-09-08T00:30:00+00:00,-1876690,5836.199
54401,2009-09-08T00:45:00+00:00,-1875790,5836.137
54401,2009-09-08T01:00:00+00:00,-1874890,5836.075
54401,2009-09-08T01:15:00+00:00,-1873990,5836.013
54401,2009-09-08T01:30:00+00:00,-1873090,5835.959
54401,2009-09-08T01:45:00+00:00,-1872190,5835.912
54401,2009-09-08T02:00:00+00:00,-1871290,5835.868
54401,2009-09-08T02:15:00+00:00,-1870390,5835.828
54401,2009-09-08T02:30:00+00:00,-1869490,5835.797
54401,2009-09-08T02:45:00+00:00,-1868590,5835.774
54401,2009-09-08T03:00:00+00:00,-1867690,5835.763
54401,2009-09-08T03:15:00+00:00,-1866790,5835.758
54401,2009-09-08T03:30:00+00:00,-1865890,5835.761
54401,2009-09-08T03:45:00+00:00,-1864990,5835.778
54401,2009-09-08T04:00:00+00:00,-1864090,5835.798
54401,2009-09-08T04:15:00+00:00,-1863190,5835.829
54401,2009-09-08T04:30:00+00:00,-1862290,5835.871
54401,2009-09-08T04:45:00+00:00,-1861390,5835.915
54401,2009-09-08T05:00:00+00:00,-1860490,5835.967
54401,2009-09-08T05:15:00+00:00,-1859590,5836.025
54401,2009-09-08T05:30:00+00:00,-1858690,5836.085
54401,2009-09-08T05:45:00+00:00,-1857790,5836.150
54401,2009-09-08T06:00:00+00:00,-1856890,5836.218
54401,2009-09-08T06:15:00+00:00,-1855990,5836.288
54401,2009-09-08T06:30:00+00:00,-1855090,5836.356
54401,2009-09-08T06:45:00+00:00,-1854190,5836.426
54401,2009-09-08T07:00:00+00:00,-1853290,5836.493
54401,2009-09-08T07:15:00+00:00,-1852390,5836.561
54401,2009-09-08T07:30:00+00:00,-1851490,5836.623
54401,2009-09-08T07:45:00+00:00,-1850590,5836.679
54401,2009-09-08T08:00:00+00:00,-1849690,5836.728
54401,2009-09-08T08:15:00+00:00,-1848790,5836.772
54401,2009-09-08T08:30:00+00:00,-1847890,5836.809
54401,2009-09-08T08:45:00+00:00,-1846990,5836.838
54401,2009-09-08T09:00:00+00:00,-1846090,5836.857
54401,2009-09-08T09:15:00+00:00,-1845190,5836.866
54401,2009-09-08T09:30:00+00:00,-1844290,5836.866
54401,2009-09-08T09:45:00+00:00,-1843390,5836.858
54401,2009-09-08T10:00:00+00:00,-1842490,5836.839
54401,2009-09-08T10:15:00+00:00,-1841590,5836.811
54401,2009-09-08T10:30:00+00:00,-1840690,5836.776
54401,2009-09-08T10:45:00+00:00,-1839790,5836.736
54401,2009-09-08T11:00:00+00:00,-1838890,5836.688
54401,2009-09-08T11:15:00+00:00,-1837990,5836.634
54401,2009-09-08T11:30:00+00:00,-1837090,5836.574
54401,2009-09-08T11:45:00+00:00,-1836190,5836.510
54401,2009-09-08T12:00:00+00:00,-1835290,5836.440
54401,2009-09-08T18:15:00+00:00,-1812790,5836.124
54401,2009-09-08T18:30:00+00:00,-1811890,5836.193
54401,2009-09-08T18:45:00+00:00,-1810990,5836.267
54401,2009-09-08T19:00:00+00:00,-1810090,5836.340
54401,2009-09-08T19:15:00+00:00,-1809190,5836.411
54401,2009-09-08T19:30:00+00:00,-1808290,5836.477
54401,2009-09-08T19:45:00+00:00,-1807390,5836.542
54401,2009-09-08T20:00:00+00:00,-1806490,5836.600
54401,2009-09-08T20:15:00+00:00,-1805590,5836.651
54401,2009-09-08T20:30:00+00:00,-1804690,5836.700
54401,2009-09-08T20:45:00+00:00,-1803790,5836.738
54401,2009-09-08T21:00:00+00:00,-1802890,5836.771
54401,2009-09-08T21:15:00+00:00,-1801990,5836.794
54401,2009-09-08T21:30:00+00:00,-1801090,5836.807
54401,2009-09-08T21:45:00+00:00,-1800190,5836.814
54401,2009-09-08T22:00:00+00:00,-1799290,5836.811
54401,2009-09-08T22:15:00+00:00,-1798390,5836.799
54401,2009-09-08T22:30:00+00:00,-1797490,5836.777
54401,2009-09-08T22:45:00+00:00,-1796590,5836.746
54401,2009-09-08T23:00:00+00:00,-1795690,5836.706
54401,2009-09-08T23:15:00+00:00,-1794790,5836.661
54401,2009-09-08T23:30:00+00:00,-1793890,5836.609
54401,2009-09-08T23:45:00+00:00,-1792990,5836.550
54401,2009-09-09T00:00:00+00:00,-1792090,5836.491
54401,2009-09-09T00:15:00+00:00,-1791190,5836.428
54401,2009-09-09T00:30:00+00:00,-1790290,5836.362
54401,2009-09-09T00:45:00+00:00,-1789390,5836.293
54401,2009-09-09T01:00:00+00:00,-1788490,5836.228
54401,2009-09-09T01:15:00+00:00,-1787590,5836.156
54401,2009-09-09T01:30:00+00:00,-1786690,5836.091
54401,2009-09-09T01:45:00+00:00,-1785790,5836.031
54401,2009-09-09T02:00:00+00:00,-1784890,5835.971
54401,2009-09-09T02:15:00+00:00,-1783990,5835.917
54401,2009-09-09T02:30:00+00:00,-1783090,5835.870
54401,2009-09-09T02:45:00+00:00,-1782190,5835.827
54401,2009-09-09T03:00:00+00:00,-1781290,5835.793
54401,2009-09-09T03:15:00+00:00,-1780390,5835.769
54401,2009-09-09T03:30:00+00:00,-1779490,5835.749
54401,2009-09-09T03:45:00+00:00,-1778590,5835.741
54401,2009-09-09T04:00:00+00:00,-1777690,5835.740
54401,2009-09-09T04:15:00+00:00,-1776790,5835.752
54401,2009-09-09T04:30:00+00:00,-1775890,5835.770
54401,2009-09-09T04:45:00+00:00,-1774990,5835.795
54401,2009-09-09T05:00:00+00:00,-1774090,5835.832
54401,2009-09-09T05:15:00+00:00,-1773190,5835.873
54401,2009-09-09T05:30:00+00:00,-1772290,5835.922
54401,2009-09-09T05:45:00+00:00,-1771390,5835.977
54401,2009-09-09T06:00:00+00:00,-1770490,5836.038
54401,2009-09-09T06:15:00+00:00,-1769590,5836.102
54401,2009-09-09T06:30:00+00:00,-1768690,5836.169
54401,2009-09-09T06:45:00+00:00,-1767790,5836.240
54401,2009-09-09T07:00:00+00:00,-1766890,5836.313
54401,2009-09-09T07:15:00+00:00,-1765990,5836.386
54401,2009-09-09T07:30:00+00:00,-1765090,5836.456
54401,2009-09-09T07:45:00+00:00,-1764190,5836.523
54401,2009-09-09T08:00:00+00:00,-1763290,5836.587
54401,2009-09-09T08:15:00+00:00,-1762390,5836.647
54401,2009-09-09T08:30:00+00:00,-1761490,5836.703
54401,2009-09-09T08:45:00+00:00,-1760590,5836.749
54401,2009-09-09T09:00:00+00:00,-1759690,5836.792
54401,2009-09-09T09:15:00+00:00,-1758790,5836.825
54401,2009-09-09T09:30:00+00:00,-1757890,5836.849
54401,2009-09-09T09:45:00+00:00,-1756990,5836.864
54401,2009-09-09T10:00:00+00:00,-1756090,5836.868
54401,2009-09-09T10:15:00+00:00,-1755190,5836.866
54401,2009-09-09T10:30:00+00:00,-1754290,5836.853
54401,2009-09-09T10:45:00+00:00,-1753390,5836.830
54401,2009-09-09T11:00:00+00:00,-1752490,5836.803
54401,2009-09-09T11:15:00+00:00,-1751590,5836.765
54401,2009-09-09T11:30:00+00:00,-1750690,5836.720
54401,2009-09-09T11:45:00+00:00,-1749790,5836.670
54401,2009-09-09T12:00:00+00:00,-1748890,5836.611
54401,2009-09-09T12:15:00+00:00,-1747990,5836.547
54401,2009-09-09T12:30:00+00:00,-1747090,5836.478
54401,2009-09-09T12:45:00+00:00,-1746190,5836.407
54401,2009-09-09T13:00:00+00:00,-1745290,5836.335
54401,2009-09-09T13:15:00+00:00,-1744390,5836.258
54401,2009-09-09T13:30:00+00:00,-1743490,5836.182
54401,2009-09-09T13:45:00+00:00,-1742590,5836.109
54401,2009-09-09T14:00:00+00:00,-1741690,5836.039
54401,2009-09-09T14:15:00+00:00,-1740790,5835.969
54401,2009-09-09T14:30:00+00:00,-1739890,5835.908
54401,2009-09-09T14:45:00+00:00,-1738990,5835.851
54401,2009-09-09T15:00:00+00:00,-1738090,5835.802
54401,2009-09-09T15:15:00+00:00,-1737190,5835.758
54401,2009-09-09T15:30:00+00:00,-1736290,5835.722
54401,2009-09-09T15:45:00+00:00,-1735390,5835.699
54401,2009-09-09T16:00:00+00:00,-1734490,5835.681
54401,2009-09-09T16:15:00+00:00,-1733590,5835.672
54401,2009-09-09T16:30:00+00:00,-1732690,5835.672
54401,2009-09-09T16:45:00+00:00,-1731790,5835.683
54401,2009-09-09T17:00:00+00:00,-1730890,5835.701
54401,2009-09-09T17:15:00+00:00,-1729990,5835.730
54401,2009-09-09T17:30:00+00:00,-1729090,5835.769
54401,2009-09-09T17:45:00+00:00,-1728190,5835.817
54401,2009-09-09T18:00:00+00:00,-1727290,5835.871
54401,2009-09-09T18:15:00+00:00,-1726390,5835.931
54401,2009-09-09T18:30:00+00:00,-1725490,5835.997
54401,2009-09-09T18:45:00+00:00,-1724590,5836.065
54401,2009-09-09T19:00:00+00:00,-1723690,5836.136
54401,2009-09-09T19:15:00+00:00,-1722790,5836.210
54401,2009-09-09T19:30:00+00:00,-1721890,5836.283
54401,2009-09-09T19:45:00+00:00,-1720990,5836.353
54401,2009-09-09T20:00:00+00:00,-1720090,5836.424
54401,2009-09-09T20:15:00+00:00,-1719190,5836.489
54401,2009-09-09T20:30:00+00:00,-1718290,5836.554
54401,2009-09-09T20:45:00+00:00,-1717390,5836.610
54401,2009-09-09T21:00:00+00:00,-1716490,5836.661
54401,2009-09-09T21:15:00+00:00,-1715590,5836.706
54401,2009-09-09T21:30:00+00:00,-1714690,5836.742
54401,2009-09-09T21:45:00+00:00,-1713790,5836.773
54401,2009-09-09T22:00:00+00:00,-1712890,5836.794
54401,2009-09-09T22:15:00+00:00,-1711990,5836.803
54401,2009-09-09T22:30:00+00:00,-1711090,5836.805
54401,2009-09-09T22:45:00+00:00,-1710190,5836.797
54401,2009-09-09T23:00:00+00:00,-1709290,5836.781
54401,2009-09-09T23:15:00+00:00,-1708390,5836.756
54401,2009-09-09T23:30:00+00:00,-1707490,5836.724
54401,2009-09-09T23:45:00+00:00,-1706590,5836.686
54401,2009-09-10T00:00:00+00:00,-1705690,5836.637
54401,2009-09-10T00:15:00+00:00,-1704790,5836.587
54401,2009-09-10T00:30:00+00:00,-1703890,5836.532
54401,2009-09-10T00:45:00+00:00,-1702990,5836.470
54401,2009-09-10T01:00:00+00:00,-1702090,5836.406
54401,2009-09-10T01:15:00+00:00,-1701190,5836.339
54401,2009-09-10T01:30:00+00:00,-1700290,5836.273
54401,2009-09-10T01:45:00+00:00,-1699390,5836.206
54401,2009-09-10T02:00:00+00:00,-1698490,5836.140
54401,2009-09-10T02:15:00+00:00,-1697590,5836.078
54401,2009-09-10T02:30:00+00:00,-1696690,5836.017
54401,2009-09-10T02:45:00+00:00,-1695790,5835.961
54401,2009-09-10T03:00:00+00:00,-1694890,5835.910
54401,2009-09-10T03:15:00+00:00,-1693990,5835.868
54401,2009-09-10T03:30:00+00:00,-1693090,5835.831
54401,2009-09-10T03:45:00+00:00,-1692190,5835.798
54401,2009-09-10T04:00:00+00:00,-1691290,5835.776
54401,2009-09-10T04:15:00+00:00,-1690390,5835.762
54401,2009-09-10T04:30:00+00:00,-1689490,5835.756
54401,2009-09-10T04:45:00+00:00,-1688590,5835.760
54401,2009-09-10T05:00:00+00:00,-1687690,5835.771
54401,2009-09-10T05:15:00+00:00,-1686790,5835.792
54401,2009-09-10T05:30:00+00:00,-1685890,5835.821
54401,2009-09-10T05:45:00+00:00,-1684990,5835.861
54401,2009-09-10T06:00:00+00:00,-1684090,5835.904
54401,2009-09-10T06:15:00+00:00,-1683190,5835.956
54401,2009-09-10T06:30:00+00:00,-1682290,5836.013
54401,2009-09-10T06:45:00+00:00,-1681390,5836.074
54401,2009-09-10T07:00:00+00:00,-1680490,5836.141
54401,2009-09-10T07:15:00+00:00,-1679590,5836.213
54401,2009-09-10T07:30:00+00:00,-1678690,5836.283
54401,2009-09-10T07:45:00+00:00,-1677790,5836.353
54401,2009-09-10T08:00:00+00:00,-1676890,5836.425
54401,2009-09-10T08:15:00+00:00,-1675990,5836.493
54401,2009-09-10T08:30:00+00:00,-1675090,5836.563
54401,2009-09-10T08:45:00+00:00,-1674190,5836.623
54401,2009-09-10T09:00:00+00:00,-1673290,5836.680
54401,2009-09-10T09:15:00+00:00,-1672390,5836.733
54401,2009-09-10T09:30:00+00:00,-1671490,5836.777
54401,2009-09-10T09:45:00+00:00,-1670590,5836.813
54401,2009-09-10T10:00:00+00:00,-1669690,5836.842
54401,2009-09-10T10:15:00+00:00,-1668790,5836.861
54401,2009-09-10T10:30:00+00:00,-1667890,5836.875
54401,2009-09-10T10:45:00+00:00,-1666990,5836.879
54401,2009-09-10T11:00:00+00:00,-1666090,5836.873
54401,2009-09-10T11:15:00+00:00,-1665190,5836.859
54401,2009-09-10T11:30:00+00:00,-1664290,5836.835
54401,2009-09-10T11:45:00+00:00,-1663390,5836.804
54401,2009-09-10T12:00:00+00:00,-1662490,5836.766
54401,2009-09-10T12:15:00+00:00,-1661590,5836.720
54401,2009-09-10T12:30:00+00:00,-1660690,5836.669
54401,2009-09-10T12:45:00+00:00,-1659790,5836.612
54401,2009-09-10T13:00:00+00:00,-1658890,5836.549
54401,2009-09-10T13:15:00+00:00,-1657990,5836.481
54401,2009-09-10T13:30:00+00:00,-1657090,5836.408
54401,2009-09-10T13:45:00+00:00,-1656190,5836.335
54401,2009-09-10T14:00:00+00:00,-1655290,5836.259
54401,2009-09-10T14:15:00+00:00,-1654390,5836.186
54401,2009-09-10T14:30:00+00:00,-1653490,5836.116
54401,2009-09-10T14:45:00+00:00,-1652590,5836.047
54401,2009-09-10T15:00:00+00:00,-1651690,5835.980
54401,2009-09-10T15:15:00+00:00,-1650790,5835.922
54401,2009-09-10T15:30:00+00:00,-1649890,5835.865
54401,2009-09-10T15:45:00+00:00,-1648990,5835.819
54401,2009-09-10T16:00:00+00:00,-1648090,5835.778
54401,2009-09-10T16:15:00+00:00,-1647190,5835.746
54401,2009-09-10T16:30:00+00:00,-1646290,5835.723
54401,2009-09-10T16:45:00+00:00,-1645390,5835.709
54401,2009-09-10T17:00:00+00:00,-1644490,5835.703
54401,2009-09-10T17:15:00+00:00,-1643590,5835.706
54401,2009-09-10T17:30:00+00:00,-1642690,5835.721
54401,2009-09-10T17:45:00+00:00,-1641790,5835.745
54401,2009-09-10T18:00:00+00:00,-1640890,5835.776
54401,2009-09-10T18:15:00+00:00,-1639990,5835.817
54401,2009-09-10T18:30:00+00:00,-1639090,5835.864
54401,2009-09-10T18:45:00+00:00,-1638190,5835.917
54401,2009-09-10T19:00:00+00:00,-1637290,5835.973
54401,2009-09-10T19:15:00+00:00,-1636390,5836.038
54401,2009-09-10T19:30:00+00:00,-1635490,5836.106
54401,2009-09-10T19:45:00+00:00,-1634590,5836.176
54401,2009-09-10T20:00:00+00:00,-1633690,5836.246
54401,2009-09-10T20:15:00+00:00,-1632790,5836.318
54401,2009-09-10T20:30:00+00:00,-1631890,5836.385
54401,2009-09-10T20:45:00+00:00,-1630990,5836.456
54401,2009-09-10T21:00:00+00:00,-1630090,5836.518
54401,2009-09-10T21:15:00+00:00,-1629190,5836.580
54401,2009-09-10T21:30:00+00:00,-1628290,5836.636
54401,2009-09-10T21:45:00+00:00,-1627390,5836.684
54401,2009-09-10T22:00:00+00:00,-1626490,5836.728
54401,2009-09-10T22:15:00+00:00,-1625590,5836.763
54401,2009-09-10T22:30:00+00:00,-1624690,5836.790
54401,2009-09-10T22:45:00+00:00,-1623790,5836.807
54401,2009-09-10T23:00:00+00:00,-1622890,5836.816
54401,2009-09-10T23:15:00+00:00,-1621990,5836.817
54401,2009-09-10T23:30:00+00:00,-1621090,5836.809
54401,2009-09-10T23:45:00+00:00,-1620190,5836.790
54401,2009-09-11T00:00:00+00:00,-1619290,5836.767
54401,2009-09-11T00:15:00+00:00,-1618390,5836.735
54401,2009-09-11T00:30:00+00:00,-1617490,5836.698
54401,2009-09-11T00:45:00+00:00,-1616590,5836.655
54401,2009-09-11T01:00:00+00:00,-1615690,5836.603
54401,2009-09-11T01:15:00+00:00,-1614790,5836.548
54401,2009-09-11T01:30:00+00:00,-1613890,5836.490
54401,2009-09-11T01:45:00+00:00,-1612990,5836.427
54401,2009-09-11T02:00:00+00:00,-1612090,5836.365
54401,2009-09-11T02:15:00+00:00,-1611190,5836.301
54401,2009-09-11T02:30:00+00:00,-1610290,5836.235
54401,2009-09-11T02:45:00+00:00,-1609390,5836.175
54401,2009-09-11T03:00:00+00:00,-1608490,5836.112
54401,2009-09-11T03:15:00+00:00,-1607590,5836.053
54401,2009-09-11T03:30:00+00:00,-1606690,5836.001
54401,2009-09-11T03:45:00+00:00,-1605790,5835.955
54401,2009-09-11T04:00:00+00:00,-1604890,5835.913
54401,2009-09-11T04:15:00+00:00,-1603990,5835.879
54401,2009-09-11T04:30:00+00:00,-1603090,5835.852
54401,2009-09-11T04:45:00+00:00,-1602190,5835.831
54401,2009-09-11T05:00:00+00:00,-1601290,5835.814
54401,2009-09-11T05:15:00+00:00,-1600390,5835.812
54401,2009-09-11T05:30:00+00:00,-1599490,5835.816
54401,2009-09-11T05:45:00+00:00,-1598590,5835.829
54401,2009-09-11T06:00:00+00:00,-1597690,5835.850
54401,2009-09-11T06:15:00+00:00,-1596790,5835.879
54401,2009-09-11T06:30:00+00:00,-1595890,5835.916
54401,2009-09-11T06:45:00+00:00,-1594990,5835.957
54401,2009-09-11T07:00:00+00:00,-1594090,5836.010
54401,2009-09-11T07:15:00+00:00,-1593190,5836.065
54401,2009-09-11T07:30:00+00:00,-1592290,5836.128
54401,2009-09-11T07:45:00+00:00,-1591390,5836.193
54401,2009-09-11T08:00:00+00:00,-1590490,5836.258
54401,2009-09-11T08:15:00+00:00,-1589590,5836.329
54401,2009-09-11T08:30:00+00:00,-1588690,5836.397
54401,2009-09-11T08:45:00+00:00,-1587790,5836.466
54401,2009-09-11T09:00:00+00:00,-1586890,5836.531
54401,2009-09-11T09:15:00+00:00,-1585990,5836.594
54401,2009-09-11T09:30:00+00:00,-1585090,5836.653
54401,2009-09-11T09:45:00+00:00,-1584190,5836.708
54401,2009-09-11T10:00:00+00:00,-1583290,5836.756
54401,2009-09-11T10:15:00+00:00,-1582390,5836.799
54401,2009-09-11T10:30:00+00:00,-1581490,5836.838
54401,2009-09-11T10:45:00+00:00,-1580590,5836.865
54401,2009-09-11T11:00:00+00:00,-1579690,5836.887
54401,2009-09-11T11:15:00+00:00,-1578790,5836.900
54401,2009-09-11T11:30:00+00:00,-1577890,5836.903
54401,2009-09-11T11:45:00+00:00,-1576990,5836.897
54401,2009-09-11T12:00:00+00:00,-1576090,5836.887
54401,2009-09-11T12:15:00+00:00,-1575190,5836.867
54401,2009-09-11T12:30:00+00:00,-1574290,5836.837
54401,2009-09-11T12:45:00+00:00,-1573390,5836.799
54401,2009-09-11T13:00:00+00:00,-1572490,5836.756
54401,2009-09-11T13:15:00+00:00,-1571590,5836.702
54401,2009-09-11T13:30:00+00:00,-1570690,5836.642
54401,2009-09-11T13:45:00+00:00,-1569790,5836.582
54401,2009-09-11T14:00:00+00:00,-1568890,5836.518
54401,2009-09-11T14:15:00+00:00,-1567990,5836.448
54401,2009-09-11T14:30:00+00:00,-1567090,5836.374
54401,2009-09-11T14:45:00+00:00,-1566190,5836.302
54401,2009-09-11T15:00:00+00:00,-1565290,5836.233
54401,2009-09-11T15:15:00+00:00,-1564390,5836.162
54401,2009-09-11T15:30:00+00:00,-1563490,5836.096
54401,2009-09-11T15:45:00+00:00,-1562590,5836.034
54401,2009-09-11T16:00:00+00:00,-1561690,5835.974
54401,2009-09-11T16:15:00+00:00,-1560790,5835.923
54401,2009-09-11T16:30:00+00:00,-1559890,5835.876
54401,2009-09-11T16:45:00+00:00,-1558990,5835.838
54401,2009-09-11T17:00:00+00:00,-1558090,5835.805
54401,2009-09-11T17:15:00+00:00,-1557190,5835.783
54401,2009-09-11T17:30:00+00:00,-1556290,5835.768
54401,2009-09-11T17:45:00+00:00,-1555390,5835.763
54401,2009-09-11T18:00:00+00:00,-1554490,5835.767
54401,2009-09-11T18:15:00+00:00,-1553590,5835.779
54401,2009-09-11T18:30:00+00:00,-1552690,5835.800
54401,2009-09-11T18:45:00+00:00,-1551790,5835.829
54401,2009-09-11T19:00:00+00:00,-1550890,5835.865
54401,2009-09-13T00:15:00+00:00,-1445590,5837.017
54401,2009-09-13T00:30:00+00:00,-1444690,5837.033
54401,2009-09-13T00:45:00+00:00,-1443790,5837.038
54401,2009-09-13T01:00:00+00:00,-1442890,5837.039
54401,2009-09-13T01:15:00+00:00,-1441990,5837.028
54401,2009-09-13T01:30:00+00:00,-1441090,5837.014
54401,2009-09-13T01:45:00+00:00,-1440190,5836.990
54401,2009-09-13T02:00:00+00:00,-1439290,5836.962
54401,2009-09-13T02:15:00+00:00,-1438390,5836.930
54401,2009-09-13T02:30:00+00:00,-1437490,5836.885
54401,2009-09-13T02:45:00+00:00,-1436590,5836.837
54401,2009-09-13T03:00:00+00:00,-1435690,5836.790
54401,2009-09-13T03:15:00+00:00,-1434790,5836.740
54401,2009-09-13T03:30:00+00:00,-1433890,5836.684
54401,2009-09-13T03:45:00+00:00,-1432990,5836.627
54401,2009-09-13T04:00:00+00:00,-1432090,5836.570
54401,2009-09-13T04:15:00+00:00,-1431190,5836.513
54401,2009-09-13T04:30:00+00:00,-1430290,5836.456
54401,2009-09-13T04:45:00+00:00,-1429390,5836.401
54401,2009-09-13T05:00:00+00:00,-1428490,5836.351
54401,2009-09-13T05:15:00+00:00,-1427590,5836.303
54401,2009-09-13T05:30:00+00:00,-1426690,5836.256
54401,2009-09-13T05:45:00+00:00,-1425790,5836.222
54401,2009-09-13T06:00:00+00:00,-1424890,5836.190
54401,2009-09-13T06:15:00+00:00,-1423990,5836.163
54401,2009-09-13T06:30:00+00:00,-1423090,5836.147
54401,2009-09-13T06:45:00+00:00,-1422190,5836.136
54401,2009-09-13T07:00:00+00:00,-1421290,5836.132
54401,2009-09-13T07:15:00+00:00,-1420390,5836.136
54401,2009-09-13T07:30:00+00:00,-1419490,5836.149
54401,2009-09-13T07:45:00+00:00,-1418590,5836.165
54401,2009-09-13T08:00:00+00:00,-1417690,5836.191
54401,2009-09-13T08:15:00+00:00,-1416790,5836.222
54401,2009-09-13T08:30:00+00:00,-1415890,5836.262
54401,2009-09-13T08:45:00+00:00,-1414990,5836.308
54401,2009-09-13T09:00:00+00:00,-1414090,5836.354
54401,2009-09-13T09:15:00+00:00,-1413190,5836.406
54401,2009-09-13T09:30:00+00:00,-1412290,5836.463
54401,2009-09-13T09:45:00+00:00,-1411390,5836.521
54401,2009-09-13T10:00:00+00:00,-1410490,5836.578
54401,2009-09-13T10:15:00+00:00,-1409590,5836.637
54401,2009-09-13T10:30:00+00:00,-1408690,5836.697
54401,2009-09-13T10:45:00+00:00,-1407790,5836.754
54401,2009-09-13T11:00:00+00:00,-1406890,5836.812
54401,2009-09-13T11:15:00+00:00,-1405990,5836.868
54401,2009-09-13T11:30:00+00:00,-1405090,5836.917
54401,2009-09-13T11:45:00+00:00,-1404190,5836.964
54401,2009-09-13T12:00:00+00:00,-1403290,5837.005
54401,2009-09-13T12:15:00+00:00,-1402390,5837.034
54401,2009-09-13T12:30:00+00:00,-1401490,5837.059
54401,2009-09-13T12:45:00+00:00,-1400590,5837.078
54401,2009-09-13T13:00:00+00:00,-1399690,5837.089
54401,2009-09-13T13:15:00+00:00,-1398790,5837.091
54401,2009-09-13T13:30:00+00:00,-1397890,5837.085
54401,2009-09-13T13:45:00+00:00,-1396990,5837.074
54401,2009-09-13T14:00:00+00:00,-1396090,5837.050
54401,2009-09-13T14:15:00+00:00,-1395190,5837.021
54401,2009-09-13T14:30:00+00:00,-1394290,5836.985
54401,2009-09-13T14:45:00+00:00,-1393390,5836.943
54401,2009-09-13T15:00:00+00:00,-1392490,5836.895
54401,2009-09-13T15:15:00+00:00,-1391590,5836.844
54401,2009-09-13T15:30:00+00:00,-1390690,5836.785
54401,2009-09-13T15:45:00+00:00,-1389790,5836.725
54401,2009-09-13T16:00:00+00:00,-1388890,5836.666
54401,2009-09-13T16:15:00+00:00,-1387990,5836.603
54401,2009-09-13T16:30:00+00:00,-1387090,5836.541
54401,2009-09-13T16:45:00+00:00,-1386190,5836.477
54401,2009-09-13T17:00:00+00:00,-1385290,5836.415
54401,2009-09-13T17:15:00+00:00,-1384390,5836.355
54401,2009-09-13T17:30:00+00:00,-1383490,5836.296
54401,2009-09-13T17:45:00+00:00,-1382590,5836.240
54401,2009-09-13T18:00:00+00:00,-1381690,5836.192
54401,2009-09-13T18:15:00+00:00,-1380790,5836.148
54401,2009-09-13T18:30:00+00:00,-1379890,5836.110
54401,2009-09-13T18:45:00+00:00,-1378990,5836.083
54401,2009-09-13T19:00:00+00:00,-1378090,5836.056
54401,2009-09-13T19:15:00+00:00,-1377190,5836.042
54401,2009-09-13T19:30:00+00:00,-1376290,5836.032
54401,2009-09-13T19:45:00+00:00,-1375390,5836.031
54401,2009-09-13T20:00:00+00:00,-1374490,5836.036
54401,2009-09-13T20:15:00+00:00,-1373590,5836.050
54401,2009-09-13T20:30:00+00:00,-1372690,5836.072
54401,2009-09-13T20:45:00+00:00,-1371790,5836.104
54401,2009-09-13T21:00:00+00:00,-1370890,5836.137
54401,2009-09-13T21:15:00+00:00,-1369990,5836.178
54401,2009-09-13T21:30:00+00:00,-1369090,5836.225
54401,2009-09-13T21:45:00+00:00,-1368190,5836.277
54401,2009-09-13T22:00:00+00:00,-1367290,5836.333
54401,2009-09-13T22:15:00+00:00,-1366390,5836.390
54401,2009-09-13T22:30:00+00:00,-1365490,5836.447
54401,2009-09-13T22:45:00+00:00,-1364590,5836.507
54401,2009-09-13T23:00:00+00:00,-1363690,5836.565
54401,2009-09-13T23:15:00+00:00,-1362790,5836.624
54401,2009-09-13T23:30:00+00:00,-1361890,5836.683
54401,2009-09-13T23:45:00+00:00,-1360990,5836.737
54401,2009-09-14T00:00:00+00:00,-1360090,5836.790
54401,2009-09-14T00:15:00+00:00,-1359190,5836.834
54401,2009-09-14T00:30:00+00:00,-1358290,5836.875
54401,2009-09-14T00:45:00+00:00,-1357390,5836.909
54401,2009-09-14T01:00:00+00:00,-1356490,5836.937
54401,2009-09-14T01:15:00+00:00,-1355590,5836.956
54401,2009-09-14T01:30:00+00:00,-1354690,5836.967
54401,2009-09-14T01:45:00+00:00,-1353790,5836.976
54401,2009-09-14T02:00:00+00:00,-1352890,5836.973
54401,2009-09-14T02:15:00+00:00,-1351990,5836.965
54401,2009-09-14T02:30:00+00:00,-1351090,5836.950
54401,2009-09-14T02:45:00+00:00,-1350190,5836.929
54401,2009-09-14T03:00:00+00:00,-1349290,5836.899
54401,2009-09-14T03:15:00+00:00,-1348390,5836.867
54401,2009-09-14T03:30:00+00:00,-1347490,5836.833
54401,2009-09-14T03:45:00+00:00,-1346590,5836.788
54401,2009-09-14T04:00:00+00:00,-1345690,5836.742
54401,2009-09-14T04:15:00+00:00,-1344790,5836.693
54401,2009-09-14T04:30:00+00:00,-1343890,5836.641
54401,2009-09-14T04:45:00+00:00,-1342990,5836.582
54401,2009-09-14T05:00:00+00:00,-1342090,5836.529
54401,2009-09-14T05:15:00+00:00,-1341190,5836.472
54401,2009-09-14T05:30:00+00:00,-1340290,5836.420
54401,2009-09-14T05:45:00+00:00,-1339390,5836.368
54401,2009-09-14T06:00:00+00:00,-1338490,5836.319
54401,2009-09-14T06:15:00+00:00,-1337590,5836.271
54401,2009-09-14T06:30:00+00:00,-1336690,5836.231
54401,2009-09-14T06:45:00+00:00,-1335790,5836.198
54401,2009-09-14T07:00:00+00:00,-1334890,5836.169
54401,2009-09-14T07:15:00+00:00,-1333990,5836.141
54401,2009-09-14T07:30:00+00:00,-1333090,5836.126
54401,2009-09-14T07:45:00+00:00,-1332190,5836.114
54401,2009-09-14T08:00:00+00:00,-1331290,5836.111
54401,2009-09-14T08:15:00+00:00,-1330390,5836.114
54401,2009-09-14T08:30:00+00:00,-1329490,5836.127
54401,2009-09-14T08:45:00+00:00,-1328590,5836.146
54401,2009-09-14T09:00:00+00:00,-1327690,5836.167
54401,2009-09-14T09:15:00+00:00,-1326790,5836.200
54401,2009-09-14T09:30:00+00:00,-1325890,5836.238
54401,2009-09-14T09:45:00+00:00,-1324990,5836.279
54401,2009-09-14T10:00:00+00:00,-1324090,5836.325
54401,2009-09-14T10:15:00+00:00,-1323190,5836.375
54401,2009-09-14T10:30:00+00:00,-1322290,5836.431
54401,2009-09-14T10:45:00+00:00,-1321390,5836.487
54401,2009-09-14T11:00:00+00:00,-1320490,5836.546
54401,2009-09-14T11:15:00+00:00,-1319590,5836.605
54401,2009-09-14T11:30:00+00:00,-1318690,5836.663
54401,2009-09-14T11:45:00+00:00,-1317790,5836.720
54401,2009-09-14T12:00:00+00:00,-1316890,5836.776
54401,2009-09-14T12:15:00+00:00,-1315990,5836.831
54401,2009-09-14T12:30:00+00:00,-1315090,5836.876
54401,2009-09-14T12:45:00+00:00,-1314190,5836.918
54401,2009-09-14T13:00:00+00:00,-1313290,5836.957
54401,2009-09-14T13:15:00+00:00,-1312390,5836.988
54401,2009-09-14T13:30:00+00:00,-1311490,5837.008
54401,2009-09-14T13:45:00+00:00,-1310590,5837.027
54401,2009-09-14T14:00:00+00:00,-1309690,5837.035
54401,2009-09-14T14:15:00+00:00,-1308790,5837.035
54401,2009-09-14T14:30:00+00:00,-1307890,5837.029
54401,2009-09-14T14:45:00+00:00,-1306990,5837.017
54401,2009-09-14T15:00:00+00:00,-1306090,5837.001
54401,2009-09-14T15:15:00+00:00,-1305190,5836.977
54401,2009-09-14T15:30:00+00:00,-1304290,5836.943
54401,2009-09-14T15:45:00+00:00,-1303390,5836.906
54401,2009-09-14T16:00:00+00:00,-1302490,5836.864
54401,2009-09-14T16:15:00+00:00,-1301590,5836.815
54401,2009-09-14T16:30:00+00:00,-1300690,5836.765
54401,2009-09-14T16:45:00+00:00,-1299790,5836.711
54401,2009-09-14T17:00:00+00:00,-1298890,5836.655
54401,2009-09-14T17:15:00+00:00,-1297990,5836.594
54401,2009-09-14T17:30:00+00:00,-1297090,5836.531
54401,2009-09-14T17:45:00+00:00,-1296190,5836.471
54401,2009-09-14T18:00:00+00:00,-1295290,5836.411
54401,2009-09-14T18:15:00+00:00,-1294390,5836.353
54401,2009-09-14T18:30:00+00:00,-1293490,5836.300
54401,2009-09-14T18:45:00+00:00,-1292590,5836.246
54401,2009-09-14T19:00:00+00:00,-1291690,5836.198
54401,2009-09-14T19:15:00+00:00,-1290790,5836.156
54401,2009-09-14T19:30:00+00:00,-1289890,5836.118
54401,2009-09-14T19:45:00+00:00,-1288990,5836.087
54401,2009-09-14T20:00:00+00:00,-1288090,5836.064
54401,2009-09-14T20:15:00+00:00,-1287190,5836.049
54401,2009-09-14T20:30:00+00:00,-1286290,5836.036
54401,2009-09-14T20:45:00+00:00,-1285390,5836.033
54401,2009-09-14T21:00:00+00:00,-1284490,5836.041
54401,2009-09-14T21:15:00+00:00,-1283590,5836.052
54401,2009-09-14T21:30:00+00:00,-1282690,5836.073
54401,2009-09-14T21:45:00+00:00,-1281790,5836.099
54401,2009-09-14T22:00:00+00:00,-1280890,5836.132
54401,2009-09-14T22:15:00+00:00,-1279990,5836.175
54401,2009-09-14T22:30:00+00:00,-1279090,5836.218
54401,2009-09-14T22:45:00+00:00,-1278190,5836.268
54401,2009-09-14T23:00:00+00:00,-1277290,5836.318
54401,2009-09-14T23:15:00+00:00,-1276390,5836.372
54401,2009-09-14T23:30:00+00:00,-1275490,5836.429
54401,2009-09-14T23:45:00+00:00,-1274590,5836.487
54401,2009-09-15T00:00:00+00:00,-1273690,5836.547
54401,2009-09-15T00:15:00+00:00,-1272790,5836.605
54401,2009-09-15T00:30:00+00:00,-1271890,5836.663
54401,2009-09-15T00:45:00+00:00,-1270990,5836.715
54401,2009-09-15T01:00:00+00:00,-1270090,5836.766
54401,2009-09-15T01:15:00+00:00,-1269190,5836.809
54401,2009-09-15T01:30:00+00:00,-1268290,5836.849
54401,2009-09-15T01:45:00+00:00,-1267390,5836.886
54401,2009-09-15T02:00:00+00:00,-1266490,5836.917
54401,2009-09-15T02:15:00+00:00,-1265590,5836.941
54401,2009-09-15T02:30:00+00:00,-1264690,5836.959
54401,2009-09-15T02:45:00+00:00,-1263790,5836.963
54401,2009-09-15T03:00:00+00:00,-1262890,5836.966
54401,2009-09-15T03:15:00+00:00,-1261990,5836.963
54401,2009-09-15T03:30:00+00:00,-1261090,5836.950
54401,2009-09-15T03:45:00+00:00,-1260190,5836.929
54401,2009-09-15T04:00:00+00:00,-1259290,5836.903
54401,2009-09-15T04:15:00+00:00,-1258390,5836.873
54401,2009-09-15T04:30:00+00:00,-1257490,5836.840
54401,2009-09-15T04:45:00+00:00,-1256590,5836.798
54401,2009-09-15T05:00:00+00:00,-1255690,5836.752
54401,2009-09-15T05:15:00+00:00,-1254790,5836.703
54401,2009-09-15T05:30:00+00:00,-1253890,5836.651
54401,2009-09-15T05:45:00+00:00,-1252990,5836.598
54401,2009-09-15T06:00:00+00:00,-1252090,5836.546
54401,2009-09-15T06:15:00+00:00,-1251190,5836.493
54401,2009-09-15T06:30:00+00:00,-1250290,5836.438
54401,2009-09-15T06:45:00+00:00,-1249390,5836.384
54401,2009-09-15T07:00:00+00:00,-1248490,5836.336
54401,2009-09-15T07:15:00+00:00,-1247590,5836.291
54401,2009-09-15T07:30:00+00:00,-1246690,5836.246
54401,2009-09-15T07:45:00+00:00,-1245790,5836.209
54401,2009-09-15T08:00:00+00:00,-1244890,5836.176
54401,2009-09-15T08:15:00+00:00,-1243990,5836.150
54401,2009-09-15T08:30:00+00:00,-1243090,5836.126
54401,2009-09-15T08:45:00+00:00,-1242190,5836.112
54401,2009-09-15T09:00:00+00:00,-1241290,5836.104
54401,2009-09-15T09:15:00+00:00,-1240390,5836.105
54401,2009-09-15T09:30:00+00:00,-1239490,5836.111
54401,2009-09-15T09:45:00+00:00,-1238590,5836.123
54401,2009-09-15T10:00:00+00:00,-1237690,5836.144
54401,2009-09-15T10:15:00+00:00,-1236790,5836.170
54401,2009-09-15T10:30:00+00:00,-1235890,5836.200
54401,2009-09-15T10:45:00+00:00,-1234990,5836.237
54401,2009-09-15T11:00:00+00:00,-1234090,5836.282
54401,2009-09-15T11:15:00+00:00,-1233190,5836.330
54401,2009-09-15T11:30:00+00:00,-1232290,5836.384
54401,2009-09-15T11:45:00+00:00,-1231390,5836.440
54401,2009-09-15T12:00:00+00:00,-1230490,5836.496
54401,2009-09-15T12:15:00+00:00,-1229590,5836.556
54401,2009-09-15T12:30:00+00:00,-1228690,5836.618
54401,2009-09-15T12:45:00+00:00,-1227790,5836.676
54401,2009-09-15T13:00:00+00:00,-1226890,5836.729
54401,2009-09-15T13:15:00+00:00,-1225990,5836.783
54401,2009-09-15T13:30:00+00:00,-1225090,5836.835
54401,2009-09-15T13:45:00+00:00,-1224190,5836.880
54401,2009-09-15T14:00:00+00:00,-1223290,5836.917
54401,2009-09-15T14:15:00+00:00,-1222390,5836.953
54401,2009-09-15T14:30:00+00:00,-1221490,5836.979
54401,2009-09-15T14:45:00+00:00,-1220590,5836.999
54401,2009-09-15T15:00:00+00:00,-1219690,5837.014
54401,2009-09-15T15:15:00+00:00,-1218790,5837.020
54401,2009-09-15T15:30:00+00:00,-1217890,5837.021
54401,2009-09-15T15:45:00+00:00,-1216990,5837.014
54401,2009-09-15T16:00:00+00:00,-1216090,5837.002
54401,2009-09-15T16:15:00+00:00,-1215190,5836.982
54401,2009-09-15T16:30:00+00:00,-1214290,5836.959
54401,2009-09-15T16:45:00+00:00,-1213390,5836.924
54401,2009-09-15T17:00:00+00:00,-1212490,5836.884
54401,2009-09-15T17:15:00+00:00,-1211590,5836.840
54401,2009-09-15T17:30:00+00:00,-1210690,5836.793
54401,2009-09-15T17:45:00+00:00,-1209790,5836.739
54401,2009-09-15T18:00:00+00:00,-1208890,5836.683
54401,2009-09-15T18:15:00+00:00,-1207990,5836.625
54401,2009-09-15T18:30:00+00:00,-1207090,5836.563
54401,2009-09-15T18:45:00+00:00,-1206190,5836.502
54401,2009-09-15T19:00:00+00:00,-1205290,5836.440
54401,2009-09-15T19:15:00+00:00,-1204390,5836.383
54401,2009-09-15T19:30:00+00:00,-1203490,5836.325
54401,2009-09-15T19:45:00+00:00,-1202590,5836.270
54401,2009-09-15T20:00:00+00:00,-1201690,5836.217
54401,2009-09-15T20:15:00+00:00,-1200790,5836.171
54401,2009-09-15T20:30:00+00:00,-1199890,5836.129
54401,2009-09-15T20:45:00+00:00,-1198990,5836.094
54401,2009-09-15T21:00:00+00:00,-1198090,5836.067
54401,2009-09-15T21:15:00+00:00,-1197190,5836.045
54401,2009-09-15T21:30:00+00:00,-1196290,5836.030
54401,2009-09-15T21:45:00+00:00,-1195390,5836.022
54401,2009-09-15T22:00:00+00:00,-1194490,5836.026
54401,2009-09-15T22:15:00+00:00,-1193590,5836.033
54401,2009-09-15T22:30:00+00:00,-1192690,5836.048
54401,2009-09-15T22:45:00+00:00,-1191790,5836.073
54401,2009-09-15T23:00:00+00:00,-1190890,5836.103
54401,2009-09-15T23:15:00+00:00,-1189990,5836.143
54401,2009-09-15T23:30:00+00:00,-1189090,5836.187
54401,2009-09-15T23:45:00+00:00,-1188190,5836.236
54401,2009-09-16T00:00:00+00:00,-1187290,5836.288
54401,2009-09-16T00:15:00+00:00,-1186390,5836.344
54401,2009-09-16T00:30:00+00:00,-1185490,5836.404
54401,2009-09-16T00:45:00+00:00,-1184590,5836.464
54401,2009-09-16T01:00:00+00:00,-1183690,5836.528
54401,2009-09-16T01:15:00+00:00,-1182790,5836.589
54401,2009-09-16T01:30:00+00:00,-1181890,5836.648
54401,2009-09-16T01:45:00+00:00,-1180990,5836.706
54401,2009-09-16T02:00:00+00:00,-1180090,5836.763
54401,2009-09-16T02:15:00+00:00,-1179190,5836.812
54401,2009-09-16T02:30:00+00:00,-1178290,5836.855
54401,2009-09-16T02:45:00+00:00,-1177390,5836.896
54401,2009-09-16T03:00:00+00:00,-1176490,5836.930
54401,2009-09-16T03:15:00+00:00,-1175590,5836.957
54401,2009-09-16T03:30:00+00:00,-1174690,5836.978
54401,2009-09-16T03:45:00+00:00,-1173790,5836.990
54401,2009-09-16T04:00:00+00:00,-1172890,5836.995
54401,2009-09-16T04:15:00+00:00,-1171990,5836.994
54401,2009-09-16T04:30:00+00:00,-1171090,5836.986
54401,2009-09-16T04:45:00+00:00,-1170190,5836.971
54401,2009-09-16T05:00:00+00:00,-1169290,5836.948
54401,2009-09-16T05:15:00+00:00,-1168390,5836.922
54401,2009-09-16T05:30:00+00:00,-1167490,5836.890
54401,2009-09-16T05:45:00+00:00,-1166590,5836.848
54401,2009-09-16T06:00:00+00:00,-1165690,5836.805
54401,2009-09-16T06:15:00+00:00,-1164790,5836.756
54401,2009-09-16T06:30:00+00:00,-1163890,5836.704
54401,2009-09-16T06:45:00+00:00,-1162990,5836.647
54401,2009-09-16T07:00:00+00:00,-1162090,5836.588
54401,2009-09-16T07:15:00+00:00,-1161190,5836.527
54401,2009-09-16T07:30:00+00:00,-1160290,5836.468
54401,2009-09-16T07:45:00+00:00,-1159390,5836.412
54401,2009-09-16T08:00:00+00:00,-1158490,5836.354
54401,2009-09-16T08:15:00+00:00,-1157590,5836.299
54401,2009-09-16T08:30:00+00:00,-1156690,5836.251
54401,2009-09-16T08:45:00+00:00,-1155790,5836.203
54401,2009-09-16T09:00:00+00:00,-1154890,5836.162
54401,2009-09-16T09:15:00+00:00,-1153990,5836.128
54401,2009-09-16T09:30:00+00:00,-1153090,5836.101
54401,2009-09-16T09:45:00+00:00,-1152190,5836.078
54401,2009-09-16T10:00:00+00:00,-1151290,5836.066
54401,2009-09-16T10:15:00+00:00,-1150390,5836.060
54401,2009-09-16T10:30:00+00:00,-1149490,5836.060
54401,2009-09-16T10:45:00+00:00,-1148590,5836.071
54401,2009-09-16T11:00:00+00:00,-1147690,5836.084
54401,2009-09-16T11:15:00+00:00,-1146790,5836.108
54401,2009-09-16T11:30:00+00:00,-1145890,5836.139
54401,2009-09-16T11:45:00+00:00,-1144990,5836.179
54401,2009-09-16T12:00:00+00:00,-1144090,5836.221
54401,2009-09-16T12:15:00+00:00,-1143190,5836.270
54401,2009-09-16T12:30:00+00:00,-1142290,5836.323
54401,2009-09-16T12:45:00+00:00,-1141390,5836.381
54401,2009-09-16T13:00:00+00:00,-1140490,5836.440
54401,2009-09-16T13:15:00+00:00,-1139590,5836.503
54401,2009-09-16T13:30:00+00:00,-1138690,5836.563
54401,2009-09-16T13:45:00+00:00,-1137790,5836.626
54401,2009-09-16T14:00:00+00:00,-1136890,5836.684
54401,2009-09-16T14:15:00+00:00,-1135990,5836.743
54401,2009-09-16T14:30:00+00:00,-1135090,5836.801
54401,2009-09-16T14:45:00+00:00,-1134190,5836.850
54401,2009-09-16T15:00:00+00:00,-1133290,5836.895
54401,2009-09-16T15:15:00+00:00,-1132390,5836.936
54401,2009-09-16T15:30:00+00:00,-1131490,5836.974
54401,2009-09-16T15:45:00+00:00,-1130590,5837.003
54401,2009-09-16T16:00:00+00:00,-1129690,5837.023
54401,2009-09-16T16:15:00+00:00,-1128790,5837.037
54401,2009-09-16T16:30:00+00:00,-1127890,5837.048
54401,2009-09-16T16:45:00+00:00,-1126990,5837.048
54401,2009-09-16T17:00:00+00:00,-1126090,5837.036
54401,2009-09-16T17:15:00+00:00,-1125190,5837.023
54401,2009-09-16T17:30:00+00:00,-1124290,5837.000
54401,2009-09-16T17:45:00+00:00,-1123390,5836.966
54401,2009-09-16T18:00:00+00:00,-1122490,5836.931
54401,2009-09-16T18:15:00+00:00,-1121590,5836.885
54401,2009-09-16T18:30:00+00:00,-1120690,5836.834
54401,2009-09-16T18:45:00+00:00,-1119790,5836.780
54401,2009-09-16T19:00:00+00:00,-1118890,5836.720
54401,2009-09-16T19:15:00+00:00,-1117990,5836.657
54401,2009-09-16T19:30:00+00:00,-1117090,5836.593
54401,2009-09-16T19:45:00+00:00,-1116190,5836.525
54401,2009-09-16T20:00:00+00:00,-1115290,5836.457
54401,2009-09-16T20:15:00+00:00,-1114390,5836.393
54401,2009-09-16T20:30:00+00:00,-1113490,5836.328
54401,2009-09-16T20:45:00+00:00,-1112590,5836.271
54401,2009-09-16T21:00:00+00:00,-1111690,5836.214
54401,2009-09-16T21:15:00+00:00,-1110790,5836.166
54401,2009-09-16T21:30:00+00:00,-1109890,5836.119
54401,2009-09-16T21:45:00+00:00,-1108990,5836.080
54401,2009-09-16T22:00:00+00:00,-1108090,5836.044
54401,2009-09-16T22:15:00+00:00,-1107190,5836.018
54401,2009-09-16T22:30:00+00:00,-1106290,5836.001
54401,2009-09-16T22:45:00+00:00,-1105390,5835.992
54401,2009-09-16T23:00:00+00:00,-1104490,5835.990
54401,2009-09-16T23:15:00+00:00,-1103590,5835.996
54401,2009-09-16T23:30:00+00:00,-1102690,5836.012
54401,2009-09-16T23:45:00+00:00,-1101790,5836.036
54401,2009-09-17T00:00:00+00:00,-1100890,5836.068
54401,2009-09-17T00:15:00+00:00,-1099990,5836.105
54401,2009-09-17T00:30:00+00:00,-1099090,5836.149
54401,2009-09-17T00:45:00+00:00,-1098190,5836.201
54401,2009-09-17T01:00:00+00:00,-1097290,5836.256
54401,2009-09-17T01:15:00+00:00,-1096390,5836.319
54401,2009-09-17T01:30:00+00:00,-1095490,5836.384
54401,2009-09-17T01:45:00+00:00,-1094590,5836.451
54401,2009-09-17T02:00:00+00:00,-1093690,5836.520
54401,2009-09-17T02:15:00+00:00,-1092790,5836.586
54401,2009-09-17T02:30:00+00:00,-1091890,5836.654
54401,2009-09-17T02:45:00+00:00,-1090990,5836.718
54401,2009-09-17T03:00:00+00:00,-1090090,5836.781
54401,2009-09-17T03:15:00+00:00,-1089190,5836.837
54401,2009-09-17T03:30:00+00:00,-1088290,5836.891
54401,2009-09-17T03:45:00+00:00,-1087390,5836.937
54401,2009-09-17T04:00:00+00:00,-1086490,5836.975
54401,2009-09-17T04:15:00+00:00,-1085590,5837.007
54401,2009-09-17T04:30:00+00:00,-1084690,5837.033
54401,2009-09-17T04:45:00+00:00,-1083790,5837.053
54401,2009-09-17T05:00:00+00:00,-1082890,5837.064
54401,2009-09-17T05:15:00+00:00,-1081990,5837.066
54401,2009-09-17T05:30:00+00:00,-1081090,5837.061
54401,2009-09-17T05:45:00+00:00,-1080190,5837.046
54401,2009-09-17T06:00:00+00:00,-1079290,5837.025
54401,2009-09-17T06:15:00+00:00,-1078390,5836.996
54401,2009-09-17T06:30:00+00:00,-1077490,5836.959
54401,2009-09-17T06:45:00+00:00,-1076590,5836.920
54401,2009-09-17T07:00:00+00:00,-1075690,5836.871
54401,2009-09-17T07:15:00+00:00,-1074790,5836.815
54401,2009-09-17T07:30:00+00:00,-1073890,5836.758
54401,2009-09-17T07:45:00+00:00,-1072990,5836.693
54401,2009-09-17T08:00:00+00:00,-1072090,5836.629
54401,2009-09-17T08:15:00+00:00,-1071190,5836.564
54401,2009-09-17T08:30:00+00:00,-1070290,5836.498
54401,2009-09-17T08:45:00+00:00,-1069390,5836.433
54401,2009-09-17T09:00:00+00:00,-1068490,5836.370
54401,2009-09-17T09:15:00+00:00,-1067590,5836.310
54401,2009-09-17T09:30:00+00:00,-1066690,5836.254
54401,2009-09-17T09:45:00+00:00,-1065790,5836.201
54401,2009-09-17T10:00:00+00:00,-1064890,5836.151
54401,2009-09-17T10:15:00+00:00,-1063990,5836.111
54401,2009-09-17T10:30:00+00:00,-1063090,5836.074
54401,2009-09-17T10:45:00+00:00,-1062190,5836.046
54401,2009-09-17T11:00:00+00:00,-1061290,5836.026
54401,2009-09-17T11:15:00+00:00,-1060390,5836.015
54401,2009-09-17T11:30:00+00:00,-1059490,5836.016
54401,2009-09-17T11:45:00+00:00,-1058590,5836.022
54401,2009-09-17T12:00:00+00:00,-1057690,5836.034
54401,2009-09-17T12:15:00+00:00,-1056790,5836.059
54401,2009-09-17T12:30:00+00:00,-1055890,5836.088
54401,2009-09-17T12:45:00+00:00,-1054990,5836.128
54401,2009-09-17T13:00:00+00:00,-1054090,5836.172
54401,2009-09-17T13:15:00+00:00,-1053190,5836.224
54401,2009-09-17T13:30:00+00:00,-1052290,5836.279
54401,2009-09-17T13:45:00+00:00,-1051390,5836.338
54401,2009-09-17T14:00:00+00:00,-1050490,5836.400
54401,2009-09-17T14:15:00+00:00,-1049590,5836.467
54401,2009-09-17T14:30:00+00:00,-1048690,5836.537
54401,2009-09-17T14:45:00+00:00,-1047790,5836.605
54401,2009-09-17T15:00:00+00:00,-1046890,5836.674
54401,2009-09-17T15:15:00+00:00,-1045990,5836.738
54401,2009-09-17T15:30:00+00:00,-1045090,5836.800
54401,2009-09-17T15:45:00+00:00,-1044190,5836.861
54401,2009-09-17T16:00:00+00:00,-1043290,5836.914
54401,2009-09-17T16:15:00+00:00,-1042390,5836.963
54401,2009-09-17T16:30:00+00:00,-1041490,5837.002
54401,2009-09-17T16:45:00+00:00,-1040590,5837.037
54401,2009-09-17T17:00:00+00:00,-1039690,5837.064
54401,2009-09-17T17:15:00+00:00,-1038790,5837.080
54401,2009-09-17T17:30:00+00:00,-1037890,5837.088
54401,2009-09-17T17:45:00+00:00,-1036990,5837.092
54401,2009-09-17T18:00:00+00:00,-1036090,5837.084
54401,2009-09-17T18:15:00+00:00,-1035190,5837.071
54401,2009-09-17T18:30:00+00:00,-1034290,5837.049
54401,2009-09-17T18:45:00+00:00,-1033390,5837.015
54401,2009-09-17T19:00:00+00:00,-1032490,5836.973
54401,2009-09-17T19:15:00+00:00,-1031590,5836.928
54401,2009-09-17T19:30:00+00:00,-1030690,5836.876
54401,2009-09-17T19:45:00+00:00,-1029790,5836.815
54401,2009-09-17T20:00:00+00:00,-1028890,5836.751
54401,2009-09-17T20:15:00+00:00,-1027990,5836.682
54401,2009-09-17T20:30:00+00:00,-1027090,5836.610
54401,2009-09-17T20:45:00+00:00,-1026190,5836.535
54401,2009-09-17T21:00:00+00:00,-1025290,5836.459
54401,2009-09-17T21:15:00+00:00,-1024390,5836.389
54401,2009-09-17T21:30:00+00:00,-1023490,5836.319
54401,2009-09-17T21:45:00+00:00,-1022590,5836.252
54401,2009-09-17T22:00:00+00:00,-1021690,5836.192
54401,2009-09-17T22:15:00+00:00,-1020790,5836.133
54401,2009-09-17T22:30:00+00:00,-1019890,5836.085
54401,2009-09-17T22:45:00+00:00,-1018990,5836.038
54401,2009-09-17T23:00:00+00:00,-1018090,5836.000
54401,2009-09-17T23:15:00+00:00,-1017190,5835.971
54401,2009-09-17T23:30:00+00:00,-1016290,5835.952
54401,2009-09-17T23:45:00+00:00,-1015390,5835.941
54401,2009-09-18T00:00:00+00:00,-1014490,5835.941
54401,2009-09-18T00:15:00+00:00,-1013590,5835.949
54401,2009-09-18T00:30:00+00:00,-1012690,5835.967
54401,2009-09-18T00:45:00+00:00,-1011790,5835.990
54401,2009-09-18T01:00:00+00:00,-1010890,5836.029
54401,2009-09-18T01:15:00+00:00,-1009990,5836.073
54401,2009-09-18T01:30:00+00:00,-1009090,5836.125
54401,2009-09-18T01:45:00+00:00,-1008190,5836.178
54401,2009-09-18T02:00:00+00:00,-1007290,5836.242
54401,2009-09-18T02:15:00+00:00,-1006390,5836.312
54401,2009-09-18T02:30:00+00:00,-1005490,5836.385
54401,2009-09-18T02:45:00+00:00,-1004590,5836.458
54401,2009-09-18T03:00:00+00:00,-1003690,5836.534
54401,2009-09-18T03:15:00+00:00,-1002790,5836.608
54401,2009-09-18T03:30:00+00:00,-1001890,5836.685
54401,2009-09-18T03:45:00+00:00,-1000990,5836.759
54401,2009-09-18T04:00:00+00:00,-1000090,5836.822
54401,2009-09-18T04:15:00+00:00,-999190,5836.886
54401,2009-09-18T04:30:00+00:00,-998290,5836.943
54401,2009-09-18T04:45:00+00:00,-997390,5836.994
54401,2009-09-18T05:00:00+00:00,-996490,5837.040
54401,2009-09-18T05:15:00+00:00,-995590,5837.076
54401,2009-09-18T05:30:00+00:00,-994690,5837.107
54401,2009-09-18T05:45:00+00:00,-993790,5837.125
54401,2009-09-18T06:00:00+00:00,-992890,5837.135
54401,2009-09-18T06:15:00+00:00,-991990,5837.136
54401,2009-09-18T06:30:00+00:00,-991090,5837.128
54401,2009-09-18T06:45:00+00:00,-990190,5837.113
54401,2009-09-18T07:00:00+00:00,-989290,5837.087
54401,2009-09-18T07:15:00+00:00,-988390,5837.054
54401,2009-09-18T07:30:00+00:00,-987490,5837.010
54401,2009-09-18T07:45:00+00:00,-986590,5836.961
54401,2009-09-18T08:00:00+00:00,-985690,5836.902
54401,2009-09-18T08:15:00+00:00,-984790,5836.841
54401,2009-09-18T08:30:00+00:00,-983890,5836.772
54401,2009-09-18T08:45:00+00:00,-982990,5836.704
54401,2009-09-18T09:00:00+00:00,-982090,5836.629
54401,2009-09-18T09:15:00+00:00,-981190,5836.551
54401,2009-09-18T09:30:00+00:00,-980290,5836.479
54401,2009-09-18T09:45:00+00:00,-979390,5836.405
54401,2009-09-18T10:00:00+00:00,-978490,5836.336
54401,2009-09-18T10:15:00+00:00,-977590,5836.267
54401,2009-09-18T10:30:00+00:00,-976690,5836.203
54401,2009-09-18T10:45:00+00:00,-975790,5836.147
54401,2009-09-18T11:00:00+00:00,-974890,5836.095
54401,2009-09-18T11:15:00+00:00,-973990,5836.047
54401,2009-09-18T11:30:00+00:00,-973090,5836.010
54401,2009-09-18T11:45:00+00:00,-972190,5835.983
54401,2009-09-18T12:00:00+00:00,-971290,5835.961
54401,2009-09-18T12:15:00+00:00,-970390,5835.952
54401,2009-09-18T12:30:00+00:00,-969490,5835.951
54401,2009-09-18T12:45:00+00:00,-968590,5835.958
54401,2009-09-18T13:00:00+00:00,-967690,5835.973
54401,2009-09-18T13:15:00+00:00,-966790,5835.997
54401,2009-09-18T13:30:00+00:00,-965890,5836.029
54401,2009-09-18T13:45:00+00:00,-964990,5836.074
54401,2009-09-18T14:00:00+00:00,-964090,5836.122
54401,2009-09-18T14:15:00+00:00,-963190,5836.179
54401,2009-09-18T14:30:00+00:00,-962290,5836.243
54401,2009-09-18T14:45:00+00:00,-961390,5836.311
54401,2009-09-18T15:00:00+00:00,-960490,5836.382
54401,2009-09-18T15:15:00+00:00,-959590,5836.456
54401,2009-09-18T15:30:00+00:00,-958690,5836.532
54401,2009-09-18T15:45:00+00:00,-957790,5836.606
54401,2009-09-18T16:00:00+00:00,-956890,5836.680
54401,2009-09-18T16:15:00+00:00,-955990,5836.751
54401,2009-09-18T16:30:00+00:00,-955090,5836.820
54401,2009-09-18T16:45:00+00:00,-954190,5836.887
54401,2009-09-18T17:00:00+00:00,-953290,5836.942
54401,2009-09-18T17:15:00+00:00,-952390,5836.994
54401,2009-09-18T17:30:00+00:00,-951490,5837.038
54401,2009-09-18T17:45:00+00:00,-950590,5837.076
54401,2009-09-18T18:00:00+00:00,-949690,5837.106
54401,2009-09-18T18:15:00+00:00,-948790,5837.127
54401,2009-09-18T18:30:00+00:00,-947890,5837.137
54401,2009-09-18T18:45:00+00:00,-946990,5837.137
54401,2009-09-18T19:00:00+00:00,-946090,5837.129
54401,2009-09-18T19:15:00+00:00,-945190,5837.110
54401,2009-09-18T19:30:00+00:00,-944290,5837.081
54401,2009-09-18T19:45:00+00:00,-943390,5837.042
54401,2009-09-18T20:00:00+00:00,-942490,5836.997
54401,2009-09-18T20:15:00+00:00,-941590,5836.942
54401,2009-09-18T20:30:00+00:00,-940690,5836.880
54401,2009-09-18T20:45:00+00:00,-939790,5836.816
54401,2009-09-18T21:00:00+00:00,-938890,5836.746
54401,2009-09-18T21:15:00+00:00,-937990,5836.671
54401,2009-09-18T21:30:00+00:00,-937090,5836.594
54401,2009-09-18T21:45:00+00:00,-936190,5836.518
54401,2009-09-18T22:00:00+00:00,-935290,5836.437
54401,2009-09-18T22:15:00+00:00,-934390,5836.359
54401,2009-09-18T22:30:00+00:00,-933490,5836.284
54401,2009-09-18T22:45:00+00:00,-932590,5836.216
54401,2009-09-18T23:00:00+00:00,-931690,5836.149
54401,2009-09-18T23:15:00+00:00,-930790,5836.090
54401,2009-09-18T23:30:00+00:00,-929890,5836.036
54401,2009-09-18T23:45:00+00:00,-928990,5835.989
54401,2009-09-19T00:00:00+00:00,-928090,5835.955
54401,2009-09-19T00:15:00+00:00,-927190,5835.928
54401,2009-09-19T00:30:00+00:00,-926290,5835.909
54401,2009-09-19T00:45:00+00:00,-925390,5835.902
54401,2009-09-19T01:00:00+00:00,-924490,5835.905
54401,2009-09-19T01:15:00+00:00,-923590,5835.920
54401,2009-09-19T01:30:00+00:00,-922690,5835.944
54401,2009-09-19T01:45:00+00:00,-921790,5835.975
54401,2009-09-19T02:00:00+00:00,-920890,5836.016
54401,2009-09-19T02:15:00+00:00,-919990,5836.065
54401,2009-09-19T02:30:00+00:00,-919090,5836.124
54401,2009-09-19T02:45:00+00:00,-918190,5836.189
54401,2009-09-19T03:00:00+00:00,-917290,5836.262
54401,2009-09-19T03:15:00+00:00,-916390,5836.335
54401,2009-09-19T03:30:00+00:00,-915490,5836.414
54401,2009-09-19T03:45:00+00:00,-914590,5836.495
54401,2009-09-19T04:00:00+00:00,-913690,5836.577
54401,2009-09-19T04:15:00+00:00,-912790,5836.657
54401,2009-09-19T04:30:00+00:00,-911890,5836.735
54401,2009-09-19T04:45:00+00:00,-910990,5836.810
54401,2009-09-19T05:00:00+00:00,-910090,5836.879
54401,2009-09-19T05:15:00+00:00,-909190,5836.943
54401,2009-09-19T05:30:00+00:00,-908290,5836.999
54401,2009-09-19T05:45:00+00:00,-907390,5837.053
54401,2009-09-19T06:00:00+00:00,-906490,5837.099
54401,2009-09-19T06:15:00+00:00,-905590,5837.133
54401,2009-09-19T06:30:00+00:00,-904690,5837.158
54401,2009-09-19T06:45:00+00:00,-903790,5837.175
54401,2009-09-19T07:00:00+00:00,-902890,5837.179
54401,2009-09-19T07:15:00+00:00,-901990,5837.176
54401,2009-09-19T07:30:00+00:00,-901090,5837.162
54401,2009-09-19T07:45:00+00:00,-900190,5837.139
54401,2009-09-19T08:00:00+00:00,-899290,5837.105
54401,2009-09-19T08:15:00+00:00,-898390,5837.067
54401,2009-09-19T08:30:00+00:00,-897490,5837.016
54401,2009-09-19T08:45:00+00:00,-896590,5836.959
54401,2009-09-19T09:00:00+00:00,-895690,5836.894
54401,2009-09-19T09:15:00+00:00,-894790,5836.823
54401,2009-09-19T09:30:00+00:00,-893890,5836.750
54401,2009-09-19T09:45:00+00:00,-892990,5836.670
54401,2009-09-19T10:00:00+00:00,-892090,5836.589
54401,2009-09-19T10:15:00+00:00,-891190,5836.506
54401,2009-09-19T10:30:00+00:00,-890290,5836.426
54401,2009-09-19T10:45:00+00:00,-889390,5836.345
54401,2009-09-19T11:00:00+00:00,-888490,5836.270
54401,2009-09-19T11:15:00+00:00,-887590,5836.199
54401,2009-09-19T11:30:00+00:00,-886690,5836.133
54401,2009-09-19T11:45:00+00:00,-885790,5836.073
54401,2009-09-19T12:00:00+00:00,-884890,5836.020
54401,2009-09-19T12:15:00+00:00,-883990,5835.973
54401,2009-09-19T12:30:00+00:00,-883090,5835.936
54401,2009-09-19T12:45:00+00:00,-882190,5835.907
54401,2009-09-19T13:00:00+00:00,-881290,5835.888
54401,2009-09-19T13:15:00+00:00,-880390,5835.877
54401,2009-09-19T13:30:00+00:00,-879490,5835.877
54401,2009-09-19T13:45:00+00:00,-878590,5835.886
54401,2009-09-19T14:00:00+00:00,-877690,5835.907
54401,2009-09-19T14:15:00+00:00,-876790,5835.939
54401,2009-09-19T14:30:00+00:00,-875890,5835.976
54401,2009-09-19T14:45:00+00:00,-874990,5836.028
54401,2009-09-19T15:00:00+00:00,-874090,5836.083
54401,2009-09-19T15:15:00+00:00,-873190,5836.148
54401,2009-09-19T15:30:00+00:00,-872290,5836.219
54401,2009-09-19T15:45:00+00:00,-871390,5836.293
54401,2009-09-19T16:00:00+00:00,-870490,5836.371
54401,2009-09-19T16:15:00+00:00,-869590,5836.454
54401,2009-09-19T16:30:00+00:00,-868690,5836.535
54401,2009-09-19T16:45:00+00:00,-867790,5836.614
54401,2009-09-19T17:00:00+00:00,-866890,5836.696
54401,2009-09-19T17:15:00+00:00,-865990,5836.773
54401,2009-09-19T17:30:00+00:00,-865090,5836.845
54401,2009-09-19T17:45:00+00:00,-864190,5836.911
54401,2009-09-19T18:00:00+00:00,-863290,5836.970
54401,2009-09-19T18:15:00+00:00,-862390,5837.023
54401,2009-09-19T18:30:00+00:00,-861490,5837.069
54401,2009-09-19T18:45:00+00:00,-860590,5837.107
54401,2009-09-19T19:00:00+00:00,-859690,5837.135
54401,2009-09-19T19:15:00+00:00,-858790,5837.153
54401,2009-09-19T19:30:00+00:00,-857890,5837.157
54401,2009-09-19T19:45:00+00:00,-856990,5837.154
54401,2009-09-19T20:00:00+00:00,-856090,5837.138
54401,2009-09-19T20:15:00+00:00,-855190,5837.114
54401,2009-09-19T20:30:00+00:00,-854290,5837.080
54401,2009-09-19T20:45:00+00:00,-853390,5837.036
54401,2009-09-19T21:00:00+00:00,-852490,5836.982
54401,2009-09-19T21:15:00+00:00,-851590,5836.921
54401,2009-09-19T21:30:00+00:00,-850690,5836.855
54401,2009-09-19T21:45:00+00:00,-849790,5836.784
54401,2009-09-19T22:00:00+00:00,-848890,5836.708
54401,2009-09-19T22:15:00+00:00,-847990,5836.627
54401,2009-09-19T22:30:00+00:00,-847090,5836.546
54401,2009-09-19T22:45:00+00:00,-846190,5836.467
54401,2009-09-19T23:00:00+00:00,-845290,5836.386
54401,2009-09-19T23:15:00+00:00,-844390,5836.308
54401,2009-09-19T23:30:00+00:00,-843490,5836.237
54401,2009-09-19T23:45:00+00:00,-842590,5836.167
54401,2009-09-20T00:00:00+00:00,-841690,5836.102
54401,2009-09-20T00:15:00+00:00,-840790,5836.044
54401,2009-09-20T00:30:00+00:00,-839890,5835.994
54401,2009-09-20T00:45:00+00:00,-838990,5835.954
54401,2009-09-20T01:00:00+00:00,-838090,5835.921
54401,2009-09-20T01:15:00+00:00,-837190,5835.899
54401,2009-09-20T01:30:00+00:00,-836290,5835.886
54401,2009-09-20T01:45:00+00:00,-835390,5835.882
54401,2009-09-20T02:00:00+00:00,-834490,5835.891
54401,2009-09-20T02:15:00+00:00,-833590,5835.914
54401,2009-09-20T02:30:00+00:00,-832690,5835.944
54401,2009-09-20T02:45:00+00:00,-831790,5835.987
54401,2009-09-20T03:00:00+00:00,-830890,5836.036
54401,2009-09-20T03:15:00+00:00,-829990,5836.098
54401,2009-09-20T03:30:00+00:00,-829090,5836.162
54401,2009-09-20T03:45:00+00:00,-828190,5836.235
54401,2009-09-20T04:00:00+00:00,-827290,5836.312
54401,2009-09-20T04:15:00+00:00,-826390,5836.394
54401,2009-09-20T04:30:00+00:00,-825490,5836.477
54401,2009-09-20T04:45:00+00:00,-824590,5836.563
54401,2009-09-20T05:00:00+00:00,-823690,5836.646
54401,2009-09-20T05:15:00+00:00,-822790,5836.727
54401,2009-09-20T05:30:00+00:00,-821890,5836.807
54401,2009-09-20T05:45:00+00:00,-820990,5836.883
54401,2009-09-20T06:00:00+00:00,-820090,5836.952
54401,2009-09-20T06:15:00+00:00,-819190,5837.014
54401,2009-09-20T06:30:00+00:00,-818290,5837.069
54401,2009-09-20T06:45:00+00:00,-817390,5837.117
54401,2009-09-20T07:00:00+00:00,-816490,5837.159
54401,2009-09-20T07:15:00+00:00,-815590,5837.190
54401,2009-09-20T07:30:00+00:00,-814690,5837.208
54401,2009-09-20T07:45:00+00:00,-813790,5837.217
54401,2009-09-20T08:00:00+00:00,-812890,5837.219
54401,2009-09-20T08:15:00+00:00,-811990,5837.205
54401,2009-09-20T08:30:00+00:00,-811090,5837.183
54401,2009-09-20T08:45:00+00:00,-810190,5837.150
54401,2009-09-20T09:00:00+00:00,-809290,5837.106
54401,2009-09-20T09:15:00+00:00,-808390,5837.054
54401,2009-09-20T09:30:00+00:00,-807490,5836.997
54401,2009-09-20T09:45:00+00:00,-806590,5836.931
54401,2009-09-20T10:00:00+00:00,-805690,5836.857
54401,2009-09-20T10:15:00+00:00,-804790,5836.780
54401,2009-09-20T10:30:00+00:00,-803890,5836.701
54401,2009-09-20T10:45:00+00:00,-802990,5836.618
54401,2009-09-20T11:00:00+00:00,-802090,5836.537
54401,2009-09-20T11:15:00+00:00,-801190,5836.455
54401,2009-09-20T11:30:00+00:00,-800290,5836.372
54401,2009-09-20T11:45:00+00:00,-799390,5836.294
54401,2009-09-20T12:00:00+00:00,-798490,5836.217
54401,2009-09-20T12:15:00+00:00,-797590,5836.145
54401,2009-09-20T12:30:00+00:00,-796690,5836.081
54401,2009-09-20T12:45:00+00:00,-795790,5836.022
54401,2009-09-20T13:00:00+00:00,-794890,5835.967
54401,2009-09-20T13:15:00+00:00,-793990,5835.926
54401,2009-09-20T13:30:00+00:00,-793090,5835.892
54401,2009-09-20T13:45:00+00:00,-792190,5835.867
54401,2009-09-20T14:00:00+00:00,-791290,5835.855
54401,2009-09-20T14:15:00+00:00,-790390,5835.851
54401,2009-09-20T14:30:00+00:00,-789490,5835.858
54401,2009-09-20T14:45:00+00:00,-788590,5835.877
54401,2009-09-20T15:00:00+00:00,-787690,5835.908
54401,2009-09-20T15:15:00+00:00,-786790,5835.946
54401,2009-09-20T15:30:00+00:00,-785890,5835.996
54401,2009-09-20T15:45:00+00:00,-784990,5836.054
54401,2009-09-20T16:00:00+00:00,-784090,5836.120
54401,2009-09-20T16:15:00+00:00,-783190,5836.190
54401,2009-09-20T16:30:00+00:00,-782290,5836.270
54401,2009-09-20T16:45:00+00:00,-781390,5836.352
54401,2009-09-20T17:00:00+00:00,-780490,5836.437
54401,2009-09-20T17:15:00+00:00,-779590,5836.523
54401,2009-09-20T17:30:00+00:00,-778690,5836.606
54401,2009-09-20T17:45:00+00:00,-777790,5836.692
54401,2009-09-20T18:00:00+00:00,-776890,5836.770
54401,2009-09-20T18:15:00+00:00,-775990,5836.845
54401,2009-09-20T18:30:00+00:00,-775090,5836.919
54401,2009-09-20T18:45:00+00:00,-774190,5836.986
54401,2009-09-20T19:00:00+00:00,-773290,5837.043
54401,2009-09-20T19:15:00+00:00,-772390,5837.094
54401,2009-09-20T19:30:00+00:00,-771490,5837.132
54401,2009-09-20T19:45:00+00:00,-770590,5837.161
54401,2009-09-20T20:00:00+00:00,-769690,5837.180
54401,2009-09-20T20:15:00+00:00,-768790,5837.190
54401,2009-09-20T20:30:00+00:00,-767890,5837.186
54401,2009-09-20T20:45:00+00:00,-766990,5837.174
54401,2009-09-20T21:00:00+00:00,-766090,5837.152
54401,2009-09-20T21:15:00+00:00,-765190,5837.120
54401,2009-09-20T21:30:00+00:00,-764290,5837.079
54401,2009-09-20T21:45:00+00:00,-763390,5837.028
54401,2009-09-20T22:00:00+00:00,-762490,5836.970
54401,2009-09-20T22:15:00+00:00,-761590,5836.904
54401,2009-09-20T22:30:00+00:00,-760690,5836.832
54401,2009-09-20T22:45:00+00:00,-759790,5836.756
54401,2009-09-20T23:00:00+00:00,-758890,5836.678
54401,2009-09-20T23:15:00+00:00,-757990,5836.592
54401,2009-09-20T23:30:00+00:00,-757090,5836.510
54401,2009-09-20T23:45:00+00:00,-756190,5836.430
54401,2009-09-21T00:00:00+00:00,-755290,5836.349
54401,2009-09-21T00:15:00+00:00,-754390,5836.274
54401,2009-09-21T00:30:00+00:00,-753490,5836.200
54401,2009-09-21T00:45:00+00:00,-752590,5836.135
54401,2009-09-21T01:00:00+00:00,-751690,5836.072
54401,2009-09-21T01:15:00+00:00,-750790,5836.017
54401,2009-09-21T01:30:00+00:00,-749890,5835.972
54401,2009-09-21T01:45:00+00:00,-748990,5835.935
54401,2009-09-21T02:00:00+00:00,-748090,5835.912
54401,2009-09-21T02:15:00+00:00,-747190,5835.897
54401,2009-09-21T02:30:00+00:00,-746290,5835.895
54401,2009-09-21T02:45:00+00:00,-745390,5835.902
54401,2009-09-21T03:00:00+00:00,-744490,5835.920
54401,2009-09-21T03:15:00+00:00,-743590,5835.950
54401,2009-09-21T03:30:00+00:00,-742690,5835.989
54401,2009-09-21T03:45:00+00:00,-741790,5836.037
54401,2009-09-21T04:00:00+00:00,-740890,5836.095
54401,2009-09-21T04:15:00+00:00,-739990,5836.158
54401,2009-09-21T04:30:00+00:00,-739090,5836.228
54401,2009-09-21T04:45:00+00:00,-738190,5836.305
54401,2009-09-21T05:00:00+00:00,-737290,5836.387
54401,2009-09-21T05:15:00+00:00,-736390,5836.471
54401,2009-09-21T05:30:00+00:00,-735490,5836.557
54401,2009-09-21T05:45:00+00:00,-734590,5836.643
54401,2009-09-21T06:00:00+00:00,-733690,5836.725
54401,2009-09-21T06:15:00+00:00,-732790,5836.808
54401,2009-09-21T06:30:00+00:00,-731890,5836.884
54401,2009-09-21T06:45:00+00:00,-730990,5836.955
54401,2009-09-21T07:00:00+00:00,-730090,5837.021
54401,2009-09-21T07:15:00+00:00,-729190,5837.074
54401,2009-09-21T07:30:00+00:00,-728290,5837.126
54401,2009-09-21T07:45:00+00:00,-727390,5837.165
54401,2009-09-21T08:00:00+00:00,-726490,5837.197
54401,2009-09-21T08:15:00+00:00,-725590,5837.217
54401,2009-09-21T08:30:00+00:00,-724690,5837.227
54401,2009-09-21T08:45:00+00:00,-723790,5837.225
54401,2009-09-21T09:00:00+00:00,-722890,5837.211
54401,2009-09-21T09:15:00+00:00,-721990,5837.189
54401,2009-09-21T09:30:00+00:00,-721090,5837.156
54401,2009-09-21T09:45:00+00:00,-720190,5837.112
54401,2009-09-21T10:00:00+00:00,-719290,5837.061
54401,2009-09-21T10:15:00+00:00,-718390,5837.003
54401,2009-09-21T10:30:00+00:00,-717490,5836.935
54401,2009-09-21T10:45:00+00:00,-716590,5836.860
54401,2009-09-21T11:00:00+00:00,-715690,5836.785
54401,2009-09-21T11:15:00+00:00,-714790,5836.708
54401,2009-09-21T11:30:00+00:00,-713890,5836.627
54401,2009-09-21T11:45:00+00:00,-712990,5836.544
54401,2009-09-21T12:00:00+00:00,-712090,5836.460
54401,2009-09-21T12:15:00+00:00,-711190,5836.378
54401,2009-09-21T12:30:00+00:00,-710290,5836.299
54401,2009-09-21T12:45:00+00:00,-709390,5836.221
54401,2009-09-21T13:00:00+00:00,-708490,5836.149
54401,2009-09-21T13:15:00+00:00,-707590,5836.081
54401,2009-09-21T13:30:00+00:00,-706690,5836.022
54401,2009-09-21T13:45:00+00:00,-705790,5835.970
54401,2009-09-21T14:00:00+00:00,-704890,5835.926
54401,2009-09-21T14:15:00+00:00,-703990,5835.891
54401,2009-09-21T14:30:00+00:00,-703090,5835.862
54401,2009-09-21T14:45:00+00:00,-702190,5835.848
54401,2009-09-21T15:00:00+00:00,-701290,5835.848
54401,2009-09-21T15:15:00+00:00,-700390,5835.856
54401,2009-09-21T15:30:00+00:00,-699490,5835.874
54401,2009-09-21T15:45:00+00:00,-698590,5835.902
54401,2009-09-21T16:00:00+00:00,-697690,5835.943
54401,2009-09-21T16:15:00+00:00,-696790,5835.991
54401,2009-09-21T16:30:00+00:00,-695890,5836.050
54401,2009-09-21T16:45:00+00:00,-694990,5836.117
54401,2009-09-21T17:00:00+00:00,-694090,5836.190
54401,2009-09-21T17:15:00+00:00,-693190,5836.265
54401,2009-09-21T17:30:00+00:00,-692290,5836.346
54401,2009-09-21T17:45:00+00:00,-691390,5836.429
54401,2009-09-21T18:00:00+00:00,-690490,5836.513
54401,2009-09-21T18:15:00+00:00,-689590,5836.598
54401,2009-09-21T18:30:00+00:00,-688690,5836.684
54401,2009-09-21T18:45:00+00:00,-687790,5836.765
54401,2009-09-21T19:00:00+00:00,-686890,5836.840
54401,2009-09-21T19:15:00+00:00,-685990,5836.911
54401,2009-09-21T19:30:00+00:00,-685090,5836.975
54401,2009-09-21T19:45:00+00:00,-684190,5837.032
54401,2009-09-21T20:00:00+00:00,-683290,5837.079
54401,2009-09-21T20:15:00+00:00,-682390,5837.119
54401,2009-09-21T20:30:00+00:00,-681490,5837.148
54401,2009-09-21T20:45:00+00:00,-680590,5837.167
54401,2009-09-21T21:00:00+00:00,-679690,5837.175
54401,2009-09-21T21:15:00+00:00,-678790,5837.175
54401,2009-09-21T21:30:00+00:00,-677890,5837.162
54401,2009-09-21T21:45:00+00:00,-676990,5837.140
54401,2009-09-21T22:00:00+00:00,-676090,5837.106
54401,2009-09-21T22:15:00+00:00,-675190,5837.063
54401,2009-09-21T22:30:00+00:00,-674290,5837.014
54401,2009-09-21T22:45:00+00:00,-673390,5836.957
54401,2009-09-21T23:00:00+00:00,-672490,5836.893
54401,2009-09-21T23:15:00+00:00,-671590,5836.822
54401,2009-09-21T23:30:00+00:00,-670690,5836.749
54401,2009-09-21T23:45:00+00:00,-669790,5836.673
54401,2009-09-22T00:00:00+00:00,-668890,5836.596
54401,2009-09-22T00:15:00+00:00,-667990,5836.515
54401,2009-09-22T00:30:00+00:00,-667090,5836.437
54401,2009-09-22T00:45:00+00:00,-666190,5836.357
54401,2009-09-22T01:00:00+00:00,-665290,5836.283
54401,2009-09-22T01:15:00+00:00,-664390,5836.211
54401,2009-09-22T01:30:00+00:00,-663490,5836.142
54401,2009-09-22T01:45:00+00:00,-662590,5836.085
54401,2009-09-22T02:00:00+00:00,-661690,5836.035
54401,2009-09-22T02:15:00+00:00,-660790,5835.992
54401,2009-09-22T02:30:00+00:00,-659890,5835.959
54401,2009-09-22T02:45:00+00:00,-658990,5835.935
54401,2009-09-22T03:00:00+00:00,-658090,5835.921
54401,2009-09-22T03:15:00+00:00,-657190,5835.917
54401,2009-09-22T03:30:00+00:00,-656290,5835.923
54401,2009-09-22T03:45:00+00:00,-655390,5835.943
54401,2009-09-22T04:00:00+00:00,-654490,5835.975
54401,2009-09-22T04:15:00+00:00,-653590,5836.012
54401,2009-09-22T04:30:00+00:00,-652690,5836.059
54401,2009-09-22T04:45:00+00:00,-651790,5836.117
54401,2009-09-22T05:00:00+00:00,-650890,5836.179
54401,2009-09-22T05:15:00+00:00,-649990,5836.250
54401,2009-09-22T05:30:00+00:00,-649090,5836.327
54401,2009-09-22T05:45:00+00:00,-648190,5836.407
54401,2009-09-22T06:00:00+00:00,-647290,5836.488
54401,2009-09-22T06:15:00+00:00,-646390,5836.570
54401,2009-09-22T06:30:00+00:00,-645490,5836.652
54401,2009-09-22T06:45:00+00:00,-644590,5836.736
54401,2009-09-22T07:00:00+00:00,-643690,5836.813
54401,2009-09-22T07:15:00+00:00,-642790,5836.890
54401,2009-09-22T07:30:00+00:00,-641890,5836.961
54401,2009-09-22T07:45:00+00:00,-640990,5837.022
54401,2009-09-22T08:00:00+00:00,-640090,5837.078
54401,2009-09-22T08:15:00+00:00,-639190,5837.124
54401,2009-09-22T08:30:00+00:00,-638290,5837.163
54401,2009-09-22T08:45:00+00:00,-637390,5837.190
54401,2009-09-22T09:00:00+00:00,-636490,5837.207
54401,2009-09-22T09:15:00+00:00,-635590,5837.213
54401,2009-09-22T09:30:00+00:00,-634690,5837.211
54401,2009-09-22T09:45:00+00:00,-633790,5837.198
54401,2009-09-22T10:00:00+00:00,-632890,5837.175
54401,2009-09-22T10:15:00+00:00,-631990,5837.141
54401,2009-09-22T10:30:00+00:00,-631090,5837.100
54401,2009-09-22T10:45:00+00:00,-630190,5837.048
54401,2009-09-22T11:00:00+00:00,-629290,5836.988
54401,2009-09-22T11:15:00+00:00,-628390,5836.924
54401,2009-09-22T11:30:00+00:00,-627490,5836.853
54401,2009-09-22T11:45:00+00:00,-626590,5836.782
54401,2009-09-22T12:00:00+00:00,-625690,5836.703
54401,2009-09-22T12:15:00+00:00,-624790,5836.623
54401,2009-09-22T12:30:00+00:00,-623890,5836.541
54401,2009-09-22T12:45:00+00:00,-622990,5836.458
54401,2009-09-22T13:00:00+00:00,-622090,5836.374
54401,2009-09-22T13:15:00+00:00,-621190,5836.297
54401,2009-09-22T13:30:00+00:00,-620290,5836.223
54401,2009-09-22T13:45:00+00:00,-619390,5836.156
54401,2009-09-22T14:00:00+00:00,-618490,5836.089
54401,2009-09-22T14:15:00+00:00,-617590,5836.028
54401,2009-09-22T14:30:00+00:00,-616690,5835.977
54401,2009-09-22T14:45:00+00:00,-615790,5835.934
54401,2009-09-22T15:00:00+00:00,-614890,5835.901
54401,2009-09-22T15:15:00+00:00,-613990,5835.877
54401,2009-09-22T15:30:00+00:00,-613090,5835.866
54401,2009-09-22T15:45:00+00:00,-612190,5835.863
54401,2009-09-22T16:00:00+00:00,-611290,5835.874
54401,2009-09-22T16:15:00+00:00,-610390,5835.896
54401,2009-09-22T16:30:00+00:00,-609490,5835.924
54401,2009-09-22T16:45:00+00:00,-608590,5835.963
54401,2009-09-22T17:00:00+00:00,-607690,5836.012
54401,2009-09-22T17:15:00+00:00,-606790,5836.067
54401,2009-09-22T17:30:00+00:00,-605890,5836.130
54401,2009-09-22T17:45:00+00:00,-604990,5836.197
54401,2009-09-22T18:00:00+00:00,-604090,5836.270
54401,2009-09-22T18:15:00+00:00,-603190,5836.347
54401,2009-09-22T18:30:00+00:00,-602290,5836.427
54401,2009-09-22T18:45:00+00:00,-601390,5836.508
54401,2009-09-22T19:00:00+00:00,-600490,5836.590
54401,2009-09-22T19:15:00+00:00,-599590,5836.667
54401,2009-09-22T19:30:00+00:00,-598690,5836.746
54401,2009-09-22T19:45:00+00:00,-597790,5836.817
54401,2009-09-22T20:00:00+00:00,-596890,5836.885
54401,2009-09-22T20:15:00+00:00,-595990,5836.944
54401,2009-09-22T20:30:00+00:00,-595090,5836.997
54401,2009-09-22T20:45:00+00:00,-594190,5837.041
54401,2009-09-22T21:00:00+00:00,-593290,5837.074
54401,2009-09-22T21:15:00+00:00,-592390,5837.101
54401,2009-09-22T21:30:00+00:00,-591490,5837.117
54401,2009-09-22T21:45:00+00:00,-590590,5837.126
54401,2009-09-22T22:00:00+00:00,-589690,5837.126
54401,2009-09-22T22:15:00+00:00,-588790,5837.115
54401,2009-09-22T22:30:00+00:00,-587890,5837.094
54401,2009-09-22T22:45:00+00:00,-586990,5837.064
54401,2009-09-22T23:00:00+00:00,-586090,5837.024
54401,2009-09-22T23:15:00+00:00,-585190,5836.978
54401,2009-09-22T23:30:00+00:00,-584290,5836.921
54401,2009-09-22T23:45:00+00:00,-583390,5836.860
54401,2009-09-23T00:00:00+00:00,-582490,5836.797
54401,2009-09-23T00:15:00+00:00,-581590,5836.726
54401,2009-09-23T00:30:00+00:00,-580690,5836.655
54401,2009-09-23T00:45:00+00:00,-579790,5836.581
54401,2009-09-23T01:00:00+00:00,-578890,5836.505
54401,2009-09-23T01:15:00+00:00,-577990,5836.431
54401,2009-09-23T01:30:00+00:00,-577090,5836.359
54401,2009-09-23T01:45:00+00:00,-576190,5836.289
54401,2009-09-23T02:00:00+00:00,-575290,5836.224
54401,2009-09-23T02:15:00+00:00,-574390,5836.164
54401,2009-09-23T02:30:00+00:00,-573490,5836.111
54401,2009-09-23T02:45:00+00:00,-572590,5836.062
54401,2009-09-23T03:00:00+00:00,-571690,5836.021
54401,2009-09-23T03:15:00+00:00,-570790,5835.992
54401,2009-09-23T03:30:00+00:00,-569890,5835.969
54401,2009-09-23T03:45:00+00:00,-568990,5835.960
54401,2009-09-23T04:00:00+00:00,-568090,5835.958
54401,2009-09-23T04:15:00+00:00,-567190,5835.965
54401,2009-09-23T04:30:00+00:00,-566290,5835.983
54401,2009-09-23T04:45:00+00:00,-565390,5836.011
54401,2009-09-23T05:00:00+00:00,-564490,5836.050
54401,2009-09-23T05:15:00+00:00,-563590,5836.093
54401,2009-09-23T05:30:00+00:00,-562690,5836.146
54401,2009-09-23T05:45:00+00:00,-561790,5836.209
54401,2009-09-23T06:00:00+00:00,-560890,5836.274
54401,2009-09-23T06:15:00+00:00,-559990,5836.345
54401,2009-09-23T06:30:00+00:00,-559090,5836.420
54401,2009-09-23T06:45:00+00:00,-558190,5836.496
54401,2009-09-23T07:00:00+00:00,-557290,5836.575
54401,2009-09-23T07:15:00+00:00,-556390,5836.655
54401,2009-09-23T07:30:00+00:00,-555490,5836.731
54401,2009-09-23T07:45:00+00:00,-554590,5836.803
54401,2009-09-23T08:00:00+00:00,-553690,5836.873
54401,2009-09-23T08:15:00+00:00,-552790,5836.938
54401,2009-09-23T08:30:00+00:00,-551890,5836.993
54401,2009-09-23T08:45:00+00:00,-550990,5837.042
54401,2009-09-23T09:00:00+00:00,-550090,5837.085
54401,2009-09-23T09:15:00+00:00,-549190,5837.119
54401,2009-09-23T09:30:00+00:00,-548290,5837.143
54401,2009-09-23T09:45:00+00:00,-547390,5837.159
54401,2009-09-23T10:00:00+00:00,-546490,5837.167
54401,2009-09-23T10:15:00+00:00,-545590,5837.160
54401,2009-09-23T10:30:00+00:00,-544690,5837.148
54401,2009-09-23T10:45:00+00:00,-543790,5837.124
54401,2009-09-23T11:00:00+00:00,-542890,5837.094
54401,2009-09-23T11:15:00+00:00,-541990,5837.055
54401,2009-09-23T11:30:00+00:00,-541090,5837.011
54401,2009-09-23T11:45:00+00:00,-540190,5836.957
54401,2009-09-23T12:00:00+00:00,-539290,5836.895
54401,2009-09-23T12:15:00+00:00,-538390,5836.829
54401,2009-09-23T12:30:00+00:00,-537490,5836.761
54401,2009-09-23T12:45:00+00:00,-536590,5836.688
54401,2009-09-23T13:00:00+00:00,-535690,5836.609
54401,2009-09-23T13:15:00+00:00,-534790,5836.534
54401,2009-09-23T13:30:00+00:00,-533890,5836.454
54401,2009-09-23T13:45:00+00:00,-532990,5836.380
54401,2009-09-23T14:00:00+00:00,-532090,5836.307
54401,2009-09-23T14:15:00+00:00,-531190,5836.238
54401,2009-09-23T14:30:00+00:00,-530290,5836.171
54401,2009-09-23T14:45:00+00:00,-529390,5836.109
54401,2009-09-23T15:00:00+00:00,-528490,5836.056
54401,2009-09-23T15:15:00+00:00,-527590,5836.010
54401,2009-09-23T15:30:00+00:00,-526690,5835.973
54401,2009-09-23T15:45:00+00:00,-525790,5835.945
54401,2009-09-23T16:00:00+00:00,-524890,5835.925
54401,2009-09-23T16:15:00+00:00,-523990,5835.917
54401,2009-09-23T16:30:00+00:00,-523090,5835.918
54401,2009-09-23T16:45:00+00:00,-522190,5835.925
54401,2009-09-23T17:00:00+00:00,-521290,5835.945
54401,2009-09-23T17:15:00+00:00,-520390,5835.971
54401,2009-09-23T17:30:00+00:00,-519490,5836.010
54401,2009-09-23T17:45:00+00:00,-518590,5836.056
54401,2009-09-23T18:00:00+00:00,-517690,5836.106
54401,2009-09-23T18:15:00+00:00,-516790,5836.167
54401,2009-09-23T18:30:00+00:00,-515890,5836.232
54401,2009-09-23T18:45:00+00:00,-514990,5836.301
54401,2009-09-23T19:00:00+00:00,-514090,5836.370
54401,2009-09-23T19:15:00+00:00,-513190,5836.444
54401,2009-09-23T19:30:00+00:00,-512290,5836.515
54401,2009-09-23T19:45:00+00:00,-511390,5836.590
54401,2009-09-23T20:00:00+00:00,-510490,5836.661
54401,2009-09-23T20:15:00+00:00,-509590,5836.730
54401,2009-09-23T20:30:00+00:00,-508690,5836.795
54401,2009-09-23T20:45:00+00:00,-507790,5836.855
54401,2009-09-23T21:00:00+00:00,-506890,5836.910
54401,2009-09-23T21:15:00+00:00,-505990,5836.958
54401,2009-09-23T21:30:00+00:00,-505090,5837.001
54401,2009-09-23T21:45:00+00:00,-504190,5837.035
54401,2009-09-23T22:00:00+00:00,-503290,5837.060
54401,2009-09-23T22:15:00+00:00,-502390,5837.076
54401,2009-09-23T22:30:00+00:00,-501490,5837.083
54401,2009-09-23T22:45:00+00:00,-500590,5837.082
54401,2009-09-23T23:00:00+00:00,-499690,5837.069
54401,2009-09-23T23:15:00+00:00,-498790,5837.049
54401,2009-09-23T23:30:00+00:00,-497890,5837.017
54401,2009-09-23T23:45:00+00:00,-496990,5836.981
54401,2009-09-24T00:00:00+00:00,-496090,5836.938
54401,2009-09-24T00:15:00+00:00,-495190,5836.889
54401,2009-09-24T00:30:00+00:00,-494290,5836.835
54401,2009-09-24T00:45:00+00:00,-493390,5836.774
54401,2009-09-24T01:00:00+00:00,-492490,5836.710
54401,2009-09-24T01:15:00+00:00,-491590,5836.643
54401,2009-09-24T01:30:00+00:00,-490690,5836.574
54401,2009-09-24T01:45:00+00:00,-489790,5836.503
54401,2009-09-24T02:00:00+00:00,-488890,5836.436
54401,2009-09-24T02:15:00+00:00,-487990,5836.371
54401,2009-09-24T02:30:00+00:00,-487090,5836.308
54401,2009-09-24T02:45:00+00:00,-486190,5836.247
54401,2009-09-24T03:00:00+00:00,-485290,5836.195
54401,2009-09-24T03:15:00+00:00,-484390,5836.149
54401,2009-09-24T03:30:00+00:00,-483490,5836.106
54401,2009-09-24T03:45:00+00:00,-482590,5836.069
54401,2009-09-24T04:00:00+00:00,-481690,5836.040
54401,2009-09-24T04:15:00+00:00,-480790,5836.023
54401,2009-09-24T04:30:00+00:00,-479890,5836.016
54401,2009-09-24T04:45:00+00:00,-478990,5836.016
54401,2009-09-24T05:00:00+00:00,-478090,5836.023
54401,2009-09-24T05:15:00+00:00,-477190,5836.042
54401,2009-09-24T05:30:00+00:00,-476290,5836.069
54401,2009-09-24T05:45:00+00:00,-475390,5836.104
54401,2009-09-24T06:00:00+00:00,-474490,5836.144
54401,2009-09-24T06:15:00+00:00,-473590,5836.193
54401,2009-09-24T06:30:00+00:00,-472690,5836.250
54401,2009-09-24T06:45:00+00:00,-471790,5836.311
54401,2009-09-24T07:00:00+00:00,-470890,5836.377
54401,2009-09-24T07:15:00+00:00,-469990,5836.444
54401,2009-09-24T07:30:00+00:00,-469090,5836.511
54401,2009-09-24T07:45:00+00:00,-468190,5836.584
54401,2009-09-24T08:00:00+00:00,-467290,5836.658
54401,2009-09-24T08:15:00+00:00,-466390,5836.724
54401,2009-09-24T08:30:00+00:00,-465490,5836.787
54401,2009-09-24T08:45:00+00:00,-464590,5836.848
54401,2009-09-24T09:00:00+00:00,-463690,5836.905
54401,2009-09-24T09:15:00+00:00,-462790,5836.953
54401,2009-09-24T09:30:00+00:00,-461890,5836.996
54401,2009-09-24T09:45:00+00:00,-460990,5837.036
54401,2009-09-24T10:00:00+00:00,-460090,5837.064
54401,2009-09-24T10:15:00+00:00,-459190,5837.085
54401,2009-09-24T10:30:00+00:00,-458290,5837.097
54401,2009-09-24T10:45:00+00:00,-457390,5837.101
54401,2009-09-24T11:00:00+00:00,-456490,5837.099
54401,2009-09-24T11:15:00+00:00,-455590,5837.085
54401,2009-09-24T11:30:00+00:00,-454690,5837.066
54401,2009-09-24T11:45:00+00:00,-453790,5837.039
54401,2009-09-24T12:00:00+00:00,-452890,5837.002
54401,2009-09-24T12:15:00+00:00,-451990,5836.955
54401,2009-09-24T12:30:00+00:00,-451090,5836.907
54401,2009-09-24T12:45:00+00:00,-450190,5836.850
54401,2009-09-24T13:00:00+00:00,-449290,5836.789
54401,2009-09-24T13:15:00+00:00,-448390,5836.726
54401,2009-09-24T13:30:00+00:00,-447490,5836.655
54401,2009-09-24T13:45:00+00:00,-446590,5836.587
54401,2009-09-24T14:00:00+00:00,-445690,5836.515
54401,2009-09-24T14:15:00+00:00,-444790,5836.443
54401,2009-09-24T14:30:00+00:00,-443890,5836.374
54401,2009-09-24T14:45:00+00:00,-442990,5836.308
54401,2009-09-24T15:00:00+00:00,-442090,5836.248
54401,2009-09-24T15:15:00+00:00,-441190,5836.190
54401,2009-09-24T15:30:00+00:00,-440290,5836.137
54401,2009-09-24T15:45:00+00:00,-439390,5836.092
54401,2009-09-24T16:00:00+00:00,-438490,5836.051
54401,2009-09-24T16:15:00+00:00,-437590,5836.019
54401,2009-09-24T16:30:00+00:00,-436690,5836.000
54401,2009-09-24T16:45:00+00:00,-435790,5835.984
54401,2009-09-24T17:00:00+00:00,-434890,5835.979
54401,2009-09-24T17:15:00+00:00,-433990,5835.981
54401,2009-09-24T17:30:00+00:00,-433090,5835.989
54401,2009-09-24T17:45:00+00:00,-432190,5836.005
54401,2009-09-24T18:00:00+00:00,-431290,5836.031
54401,2009-09-24T18:15:00+00:00,-430390,5836.063
54401,2009-09-24T18:30:00+00:00,-429490,5836.104
54401,2009-09-24T18:45:00+00:00,-428590,5836.149
54401,2009-09-24T19:00:00+00:00,-427690,5836.202
54401,2009-09-24T19:15:00+00:00,-426790,5836.262
54401,2009-09-24T19:30:00+00:00,-425890,5836.321
54401,2009-09-24T19:45:00+00:00,-424990,5836.386
54401,2009-09-24T20:00:00+00:00,-424090,5836.452
54401,2009-09-24T20:15:00+00:00,-423190,5836.518
54401,2009-09-24T20:30:00+00:00,-422290,5836.584
54401,2009-09-24T20:45:00+00:00,-421390,5836.648
54401,2009-09-24T21:00:00+00:00,-420490,5836.708
54401,2009-09-24T21:15:00+00:00,-419590,5836.765
54401,2009-09-24T21:30:00+00:00,-418690,5836.820
54401,2009-09-24T21:45:00+00:00,-417790,5836.868
54401,2009-09-24T22:00:00+00:00,-416890,5836.912
54401,2009-09-24T22:15:00+00:00,-415990,5836.947
54401,2009-09-24T22:30:00+00:00,-415090,5836.976
54401,2009-09-24T22:45:00+00:00,-414190,5836.997
54401,2009-09-24T23:00:00+00:00,-413290,5837.013
54401,2009-09-24T23:15:00+00:00,-412390,5837.018
54401,2009-09-24T23:30:00+00:00,-411490,5837.014
54401,2009-09-24T23:45:00+00:00,-410590,5837.003
54401,2009-09-25T00:00:00+00:00,-409690,5836.984
54401,2009-09-25T00:15:00+00:00,-408790,5836.958
54401,2009-09-25T00:30:00+00:00,-407890,5836.927
54401,2009-09-25T00:45:00+00:00,-406990,5836.892
54401,2009-09-25T01:00:00+00:00,-406090,5836.847
54401,2009-09-25T01:15:00+00:00,-405190,5836.798
54401,2009-09-25T01:30:00+00:00,-404290,5836.743
54401,2009-09-25T01:45:00+00:00,-403390,5836.686
54401,2009-09-25T02:00:00+00:00,-402490,5836.627
54401,2009-09-25T02:15:00+00:00,-401590,5836.568
54401,2009-09-25T02:30:00+00:00,-400690,5836.509
54401,2009-09-25T02:45:00+00:00,-399790,5836.448
54401,2009-09-25T03:00:00+00:00,-398890,5836.387
54401,2009-09-25T03:15:00+00:00,-397990,5836.329
54401,2009-09-25T03:30:00+00:00,-397090,5836.277
54401,2009-09-25T03:45:00+00:00,-396190,5836.231
54401,2009-09-25T04:00:00+00:00,-395290,5836.189
54401,2009-09-25T04:15:00+00:00,-394390,5836.153
54401,2009-09-25T04:30:00+00:00,-393490,5836.121
54401,2009-09-25T04:45:00+00:00,-392590,5836.098
54401,2009-09-25T05:00:00+00:00,-391690,5836.081
54401,2009-09-25T05:15:00+00:00,-390790,5836.070
54401,2009-09-25T05:30:00+00:00,-389890,5836.072
54401,2009-09-25T05:45:00+00:00,-388990,5836.082
54401,2009-09-25T06:00:00+00:00,-388090,5836.097
54401,2009-09-25T06:15:00+00:00,-387190,5836.120
54401,2009-09-25T06:30:00+00:00,-386290,5836.153
54401,2009-09-25T06:45:00+00:00,-385390,5836.188
54401,2009-09-25T07:00:00+00:00,-384490,5836.232
54401,2009-09-25T07:15:00+00:00,-383590,5836.283
54401,2009-09-25T07:30:00+00:00,-382690,5836.336
54401,2009-09-25T07:45:00+00:00,-381790,5836.394
54401,2009-09-25T08:00:00+00:00,-380890,5836.454
54401,2009-09-25T08:15:00+00:00,-379990,5836.516
54401,2009-09-25T08:30:00+00:00,-379090,5836.577
54401,2009-09-25T08:45:00+00:00,-378190,5836.636
54401,2009-09-25T09:00:00+00:00,-377290,5836.694
54401,2009-09-25T09:15:00+00:00,-376390,5836.751
54401,2009-09-25T09:30:00+00:00,-375490,5836.802
54401,2009-09-25T09:45:00+00:00,-374590,5836.852
54401,2009-09-25T10:00:00+00:00,-373690,5836.898
54401,2009-09-25T10:15:00+00:00,-372790,5836.936
54401,2009-09-25T10:30:00+00:00,-371890,5836.967
54401,2009-09-25T10:45:00+00:00,-370990,5836.992
54401,2009-09-25T11:00:00+00:00,-370090,5837.009
54401,2009-09-25T11:15:00+00:00,-369190,5837.020
54401,2009-09-25T11:30:00+00:00,-368290,5837.023
54401,2009-09-25T11:45:00+00:00,-367390,5837.021
54401,2009-09-25T12:00:00+00:00,-366490,5837.011
54401,2009-09-25T12:15:00+00:00,-365590,5836.992
54401,2009-09-25T12:30:00+00:00,-364690,5836.966
54401,2009-09-25T12:45:00+00:00,-363790,5836.933
54401,2009-09-25T13:00:00+00:00,-362890,5836.891
54401,2009-09-25T13:15:00+00:00,-361990,5836.848
54401,2009-09-25T13:30:00+00:00,-361090,5836.799
54401,2009-09-25T13:45:00+00:00,-360190,5836.742
54401,2009-09-25T14:00:00+00:00,-359290,5836.684
54401,2009-09-25T14:15:00+00:00,-358390,5836.621
54401,2009-09-25T14:30:00+00:00,-357490,5836.561
54401,2009-09-25T14:45:00+00:00,-356590,5836.499
54401,2009-09-25T15:00:00+00:00,-355690,5836.438
54401,2009-09-25T15:15:00+00:00,-354790,5836.380
54401,2009-09-25T15:30:00+00:00,-353890,5836.323
54401,2009-09-25T15:45:00+00:00,-352990,5836.270
54401,2009-09-25T16:00:00+00:00,-352090,5836.221
54401,2009-09-25T16:15:00+00:00,-351190,5836.177
54401,2009-09-25T16:30:00+00:00,-350290,5836.138
54401,2009-09-25T16:45:00+00:00,-349390,5836.102
54401,2009-09-25T17:00:00+00:00,-348490,5836.079
54401,2009-09-25T17:15:00+00:00,-347590,5836.057
54401,2009-09-25T17:30:00+00:00,-346690,5836.044
54401,2009-09-25T17:45:00+00:00,-345790,5836.038
54401,2009-09-25T18:00:00+00:00,-344890,5836.037
54401,2009-09-25T18:15:00+00:00,-343990,5836.044
54401,2009-09-25T18:30:00+00:00,-343090,5836.062
54401,2009-09-25T18:45:00+00:00,-342190,5836.084
54401,2009-09-25T19:00:00+00:00,-341290,5836.110
54401,2009-09-25T19:15:00+00:00,-340390,5836.143
54401,2009-09-25T19:30:00+00:00,-339490,5836.183
54401,2009-09-25T19:45:00+00:00,-338590,5836.229
54401,2009-09-25T20:00:00+00:00,-337690,5836.281
54401,2009-09-25T20:15:00+00:00,-336790,5836.329
54401,2009-09-25T20:30:00+00:00,-335890,5836.385
54401,2009-09-25T20:45:00+00:00,-334990,5836.442
54401,2009-09-25T21:00:00+00:00,-334090,5836.498
54401,2009-09-25T21:15:00+00:00,-333190,5836.557
54401,2009-09-25T21:30:00+00:00,-332290,5836.612
54401,2009-09-25T21:45:00+00:00,-331390,5836.667
54401,2009-09-25T22:00:00+00:00,-330490,5836.717
54401,2009-09-25T22:15:00+00:00,-329590,5836.767
54401,2009-09-25T22:30:00+00:00,-328690,5836.805
54401,2009-09-25T22:45:00+00:00,-327790,5836.842
54401,2009-09-25T23:00:00+00:00,-326890,5836.873
54401,2009-09-25T23:15:00+00:00,-325990,5836.896
54401,2009-09-25T23:30:00+00:00,-325090,5836.913
54401,2009-09-25T23:45:00+00:00,-324190,5836.926
54401,2009-09-26T00:00:00+00:00,-323290,5836.930
54401,2009-09-26T00:15:00+00:00,-322390,5836.928
54401,2009-09-26T00:30:00+00:00,-321490,5836.921
54401,2009-09-26T00:45:00+00:00,-320590,5836.906
54401,2009-09-26T01:00:00+00:00,-319690,5836.885
54401,2009-09-26T01:15:00+00:00,-318790,5836.856
54401,2009-09-26T01:30:00+00:00,-317890,5836.821
54401,2009-09-26T01:45:00+00:00,-316990,5836.781
54401,2009-09-26T02:00:00+00:00,-316090,5836.741
54401,2009-09-26T02:15:00+00:00,-315190,5836.698
54401,2009-09-26T02:30:00+00:00,-314290,5836.648
54401,2009-09-26T02:45:00+00:00,-313390,5836.596
54401,2009-09-26T03:00:00+00:00,-312490,5836.545
54401,2009-09-26T03:15:00+00:00,-311590,5836.493
54401,2009-09-26T03:30:00+00:00,-310690,5836.439
54401,2009-09-26T03:45:00+00:00,-309790,5836.389
54401,2009-09-26T04:00:00+00:00,-308890,5836.341
54401,2009-09-26T04:15:00+00:00,-307990,5836.295
54401,2009-09-26T04:30:00+00:00,-307090,5836.254
54401,2009-09-26T04:45:00+00:00,-306190,5836.215
54401,2009-09-26T05:00:00+00:00,-305290,5836.180
54401,2009-09-26T05:15:00+00:00,-304390,5836.154
54401,2009-09-26T05:30:00+00:00,-303490,5836.134
54401,2009-09-26T05:45:00+00:00,-302590,5836.121
54401,2009-09-26T06:00:00+00:00,-301690,5836.115
54401,2009-09-26T06:15:00+00:00,-300790,5836.115
54401,2009-09-26T06:30:00+00:00,-299890,5836.121
54401,2009-09-26T06:45:00+00:00,-298990,5836.135
54401,2009-09-26T07:00:00+00:00,-298090,5836.158
54401,2009-09-26T07:15:00+00:00,-297190,5836.187
54401,2009-09-26T07:30:00+00:00,-296290,5836.218
54401,2009-09-26T07:45:00+00:00,-295390,5836.256
54401,2009-09-26T08:00:00+00:00,-294490,5836.297
54401,2009-09-26T08:15:00+00:00,-293590,5836.343
54401,2009-09-26T08:30:00+00:00,-292690,5836.391
54401,2009-09-26T08:45:00+00:00,-291790,5836.440
54401,2009-09-26T09:00:00+00:00,-290890,5836.494
54401,2009-09-26T09:15:00+00:00,-289990,5836.547
54401,2009-09-26T09:30:00+00:00,-289090,5836.597
54401,2009-09-26T09:45:00+00:00,-288190,5836.651
54401,2009-09-26T10:00:00+00:00,-287290,5836.699
54401,2009-09-26T10:15:00+00:00,-286390,5836.745
54401,2009-09-26T10:30:00+00:00,-285490,5836.787
54401,2009-09-26T10:45:00+00:00,-284590,5836.823
54401,2009-09-26T11:00:00+00:00,-283690,5836.862
54401,2009-09-26T11:15:00+00:00,-282790,5836.893
54401,2009-09-26T11:30:00+00:00,-281890,5836.917
54401,2009-09-26T11:45:00+00:00,-280990,5836.933
54401,2009-09-26T12:00:00+00:00,-280090,5836.943
54401,2009-09-26T12:15:00+00:00,-279190,5836.945
54401,2009-09-26T12:30:00+00:00,-278290,5836.941
54401,2009-09-26T12:45:00+00:00,-277390,5836.930
54401,2009-09-26T13:00:00+00:00,-276490,5836.914
54401,2009-09-26T13:15:00+00:00,-275590,5836.889
54401,2009-09-26T13:30:00+00:00,-274690,5836.860
54401,2009-09-26T13:45:00+00:00,-273790,5836.827
54401,2009-09-26T14:00:00+00:00,-272890,5836.787
54401,2009-09-26T14:15:00+00:00,-271990,5836.745
54401,2009-09-26T14:30:00+00:00,-271090,5836.699
54401,2009-09-26T14:45:00+00:00,-270190,5836.652
54401,2009-09-26T15:00:00+00:00,-269290,5836.600
54401,2009-09-26T15:15:00+00:00,-268390,5836.549
54401,2009-09-26T15:30:00+00:00,-267490,5836.499
54401,2009-09-26T15:45:00+00:00,-266590,5836.446
54401,2009-09-26T16:00:00+00:00,-265690,5836.393
54401,2009-09-26T16:15:00+00:00,-264790,5836.347
54401,2009-09-26T16:30:00+00:00,-263890,5836.301
54401,2009-09-26T16:45:00+00:00,-262990,5836.261
54401,2009-09-26T17:00:00+00:00,-262090,5836.221
54401,2009-09-26T17:15:00+00:00,-261190,5836.190
54401,2009-09-26T17:30:00+00:00,-260290,5836.158
54401,2009-09-26T17:45:00+00:00,-259390,5836.132
54401,2009-09-26T18:00:00+00:00,-258490,5836.115
54401,2009-09-26T18:15:00+00:00,-257590,5836.103
54401,2009-09-26T18:30:00+00:00,-256690,5836.098
54401,2009-09-26T18:45:00+00:00,-255790,5836.097
54401,2009-09-26T19:00:00+00:00,-254890,5836.105
54401,2009-09-26T19:15:00+00:00,-253990,5836.118
54401,2009-09-26T19:30:00+00:00,-253090,5836.137
54401,2009-09-26T19:45:00+00:00,-252190,5836.162
54401,2009-09-26T20:00:00+00:00,-251290,5836.192
54401,2009-09-26T20:15:00+00:00,-250390,5836.225
54401,2009-09-26T20:30:00+00:00,-249490,5836.263
54401,2009-09-26T20:45:00+00:00,-248590,5836.305
54401,2009-09-26T21:00:00+00:00,-247690,5836.349
54401,2009-09-26T21:15:00+00:00,-246790,5836.396
54401,2009-09-26T21:30:00+00:00,-245890,5836.443
54401,2009-09-26T21:45:00+00:00,-244990,5836.492
54401,2009-09-26T22:00:00+00:00,-244090,5836.542
54401,2009-09-26T22:15:00+00:00,-243190,5836.589
54401,2009-09-26T22:30:00+00:00,-242290,5836.635
54401,2009-09-26T22:45:00+00:00,-241390,5836.676
54401,2009-09-26T23:00:00+00:00,-240490,5836.717
54401,2009-09-26T23:15:00+00:00,-239590,5836.753
54401,2009-09-26T23:30:00+00:00,-238690,5836.785
54401,2009-09-26T23:45:00+00:00,-237790,5836.816
54401,2009-09-27T00:00:00+00:00,-236890,5836.840
54401,2009-09-27T00:15:00+00:00,-235990,5836.860
54401,2009-09-27T00:30:00+00:00,-235090,5836.871
54401,2009-09-27T00:45:00+00:00,-234190,5836.877
54401,2009-09-27T01:00:00+00:00,-233290,5836.879
54401,2009-09-27T01:15:00+00:00,-232390,5836.874
54401,2009-09-27T01:30:00+00:00,-231490,5836.864
54401,2009-09-27T01:45:00+00:00,-230590,5836.849
54401,2009-09-27T02:00:00+00:00,-229690,5836.824
54401,2009-09-27T02:15:00+00:00,-228790,5836.799
54401,2009-09-27T02:30:00+00:00,-227890,5836.769
54401,2009-09-27T02:45:00+00:00,-226990,5836.733
54401,2009-09-27T03:00:00+00:00,-226090,5836.694
54401,2009-09-27T03:15:00+00:00,-225190,5836.653
54401,2009-09-27T03:30:00+00:00,-224290,5836.608
54401,2009-09-27T03:45:00+00:00,-223390,5836.567
54401,2009-09-27T04:00:00+00:00,-222490,5836.522
54401,2009-09-27T04:15:00+00:00,-221590,5836.477
54401,2009-09-27T04:30:00+00:00,-220690,5836.433
54401,2009-09-27T04:45:00+00:00,-219790,5836.392
54401,2009-09-27T05:00:00+00:00,-218890,5836.354
54401,2009-09-27T05:15:00+00:00,-217990,5836.317
54401,2009-09-27T05:30:00+00:00,-217090,5836.285
54401,2009-09-27T05:45:00+00:00,-216190,5836.259
54401,2009-09-27T06:00:00+00:00,-215290,5836.237
54401,2009-09-27T06:15:00+00:00,-214390,5836.216
54401,2009-09-27T06:30:00+00:00,-213490,5836.203
54401,2009-09-27T06:45:00+00:00,-212590,5836.200
54401,2009-09-27T07:00:00+00:00,-211690,5836.196
54401,2009-09-27T07:15:00+00:00,-210790,5836.202
54401,2009-09-27T07:30:00+00:00,-209890,5836.214
54401,2009-09-27T07:45:00+00:00,-208990,5836.230
54401,2009-09-27T08:00:00+00:00,-208090,5836.249
54401,2009-09-27T08:15:00+00:00,-207190,5836.276
54401,2009-09-27T08:30:00+00:00,-206290,5836.305
54401,2009-09-27T08:45:00+00:00,-205390,5836.342
54401,2009-09-27T09:00:00+00:00,-204490,5836.378
54401,2009-09-27T09:15:00+00:00,-203590,5836.418
54401,2009-09-27T09:30:00+00:00,-202690,5836.459
54401,2009-09-27T09:45:00+00:00,-201790,5836.502
54401,2009-09-27T10:00:00+00:00,-200890,5836.547
54401,2009-09-27T10:15:00+00:00,-199990,5836.594
54401,2009-09-27T10:30:00+00:00,-199090,5836.638
54401,2009-09-27T10:45:00+00:00,-198190,5836.683
54401,2009-09-27T11:00:00+00:00,-197290,5836.728
54401,2009-09-27T11:15:00+00:00,-196390,5836.768
54401,2009-09-27T11:30:00+00:00,-195490,5836.805
54401,2009-09-27T11:45:00+00:00,-194590,5836.838
54401,2009-09-27T12:00:00+00:00,-193690,5836.863
54401,2009-09-27T12:15:00+00:00,-192790,5836.885
54401,2009-09-27T12:30:00+00:00,-191890,5836.899
54401,2009-09-27T12:45:00+00:00,-190990,5836.910
54401,2009-09-27T13:00:00+00:00,-190090,5836.912
54401,2009-09-27T13:15:00+00:00,-189190,5836.909
54401,2009-09-27T13:30:00+00:00,-188290,5836.903
54401,2009-09-27T13:45:00+00:00,-187390,5836.890
54401,2009-09-27T14:00:00+00:00,-186490,5836.874
54401,2009-09-27T14:15:00+00:00,-185590,5836.853
54401,2009-09-27T14:30:00+00:00,-184690,5836.826
54401,2009-09-27T14:45:00+00:00,-183790,5836.795
54401,2009-09-27T15:00:00+00:00,-182890,5836.758
54401,2009-09-27T15:15:00+00:00,-181990,5836.720
54401,2009-09-27T15:30:00+00:00,-181090,5836.677
54401,2009-09-27T15:45:00+00:00,-180190,5836.633
54401,2009-09-27T16:00:00+00:00,-179290,5836.588
54401,2009-09-27T16:15:00+00:00,-178390,5836.546
54401,2009-09-27T16:30:00+00:00,-177490,5836.502
54401,2009-09-27T16:45:00+00:00,-176590,5836.457
54401,2009-09-27T17:00:00+00:00,-175690,5836.415
54401,2009-09-27T17:15:00+00:00,-174790,5836.373
54401,2009-09-27T17:30:00+00:00,-173890,5836.334
54401,2009-09-27T17:45:00+00:00,-172990,5836.301
54401,2009-09-27T18:00:00+00:00,-172090,5836.270
54401,2009-09-27T18:15:00+00:00,-171190,5836.244
54401,2009-09-27T18:30:00+00:00,-170290,5836.223
54401,2009-09-27T18:45:00+00:00,-169390,5836.205
54401,2009-09-27T19:00:00+00:00,-168490,5836.194
54401,2009-09-27T19:15:00+00:00,-167590,5836.186
54401,2009-09-27T19:30:00+00:00,-166690,5836.184
54401,2009-09-27T19:45:00+00:00,-165790,5836.187
54401,2009-09-27T20:00:00+00:00,-164890,5836.194
54401,2009-09-27T20:15:00+00:00,-163990,5836.209
54401,2009-09-27T20:30:00+00:00,-163090,5836.229
54401,2009-09-27T20:45:00+00:00,-162190,5836.249
54401,2009-09-27T21:00:00+00:00,-161290,5836.279
54401,2009-09-27T21:15:00+00:00,-160390,5836.311
54401,2009-09-27T21:30:00+00:00,-159490,5836.347
54401,2009-09-27T21:45:00+00:00,-158590,5836.384
54401,2009-09-27T22:00:00+00:00,-157690,5836.421
54401,2009-09-27T22:15:00+00:00,-156790,5836.464
54401,2009-09-27T22:30:00+00:00,-155890,5836.505
54401,2009-09-27T22:45:00+00:00,-154990,5836.548
54401,2009-09-27T23:00:00+00:00,-154090,5836.593
54401,2009-09-27T23:15:00+00:00,-153190,5836.636
54401,2009-09-27T23:30:00+00:00,-152290,5836.675
54401,2009-09-27T23:45:00+00:00,-151390,5836.713
54401,2009-09-28T00:00:00+00:00,-150490,5836.747
54401,2009-09-28T00:15:00+00:00,-149590,5836.781
54401,2009-09-28T00:30:00+00:00,-148690,5836.808
54401,2009-09-28T00:45:00+00:00,-147790,5836.828
54401,2009-09-28T01:00:00+00:00,-146890,5836.844
54401,2009-09-28T01:15:00+00:00,-145990,5836.856
54401,2009-09-28T01:30:00+00:00,-145090,5836.863
54401,2009-09-28T01:45:00+00:00,-144190,5836.866
54401,2009-09-28T02:00:00+00:00,-143290,5836.865
54401,2009-09-28T02:15:00+00:00,-142390,5836.856
54401,2009-09-28T02:30:00+00:00,-141490,5836.840
54401,2009-09-28T02:45:00+00:00,-140590,5836.823
54401,2009-09-28T03:00:00+00:00,-139690,5836.803
54401,2009-09-28T03:15:00+00:00,-138790,5836.776
54401,2009-09-28T03:30:00+00:00,-137890,5836.749
54401,2009-09-28T03:45:00+00:00,-136990,5836.715
54401,2009-09-28T04:00:00+00:00,-136090,5836.682
54401,2009-09-28T04:15:00+00:00,-135190,5836.645
54401,2009-09-28T04:30:00+00:00,-134290,5836.607
54401,2009-09-28T04:45:00+00:00,-133390,5836.568
54401,2009-09-28T05:00:00+00:00,-132490,5836.530
54401,2009-09-28T05:15:00+00:00,-131590,5836.492
54401,2009-09-28T05:30:00+00:00,-130690,5836.453
54401,2009-09-28T05:45:00+00:00,-129790,5836.415
54401,2009-09-28T06:00:00+00:00,-128890,5836.383
54401,2009-09-28T06:15:00+00:00,-127990,5836.351
54401,2009-09-28T06:30:00+00:00,-127090,5836.322
54401,2009-09-28T06:45:00+00:00,-126190,5836.301
54401,2009-09-28T07:00:00+00:00,-125290,5836.283
54401,2009-09-28T07:15:00+00:00,-124390,5836.269
54401,2009-09-28T07:30:00+00:00,-123490,5836.260
54401,2009-09-28T07:45:00+00:00,-122590,5836.254
54401,2009-09-28T08:00:00+00:00,-121690,5836.256
54401,2009-09-28T08:15:00+00:00,-120790,5836.262
54401,2009-09-28T08:30:00+00:00,-119890,5836.273
54401,2009-09-28T08:45:00+00:00,-118990,5836.288
54401,2009-09-28T09:00:00+00:00,-118090,5836.308
54401,2009-09-28T09:15:00+00:00,-117190,5836.332
54401,2009-09-28T09:30:00+00:00,-116290,5836.360
54401,2009-09-28T09:45:00+00:00,-115390,5836.388
54401,2009-09-28T10:00:00+00:00,-114490,5836.422
54401,2009-09-28T10:15:00+00:00,-113590,5836.460
54401,2009-09-28T10:30:00+00:00,-112690,5836.499
54401,2009-09-28T10:45:00+00:00,-111790,5836.541
54401,2009-09-28T11:00:00+00:00,-110890,5836.582
54401,2009-09-28T11:15:00+00:00,-109990,5836.621
54401,2009-09-28T11:30:00+00:00,-109090,5836.661
54401,2009-09-28T11:45:00+00:00,-108190,5836.699
54401,2009-09-28T12:00:00+00:00,-107290,5836.736
54401,2009-09-28T12:15:00+00:00,-106390,5836.766
54401,2009-09-28T12:30:00+00:00,-105490,5836.795
54401,2009-09-28T12:45:00+00:00,-104590,5836.819
54401,2009-09-28T13:00:00+00:00,-103690,5836.840
54401,2009-09-28T13:15:00+00:00,-102790,5836.855
54401,2009-09-28T13:30:00+00:00,-101890,5836.869
54401,2009-09-28T13:45:00+00:00,-100990,5836.877
54401,2009-09-28T14:00:00+00:00,-100090,5836.877
54401,2009-09-28T14:15:00+00:00,-99190,5836.871
54401,2009-09-28T14:30:00+00:00,-98290,5836.861
54401,2009-09-28T14:45:00+00:00,-97390,5836.850
54401,2009-09-28T15:00:00+00:00,-96490,5836.832
54401,2009-09-28T15:15:00+00:00,-95590,5836.808
54401,2009-09-28T15:30:00+00:00,-94690,5836.784
54401,2009-09-28T15:45:00+00:00,-93790,5836.756
54401,2009-09-28T16:00:00+00:00,-92890,5836.724
54401,2009-09-28T16:15:00+00:00,-91990,5836.688
54401,2009-09-28T16:30:00+00:00,-91090,5836.653
54401,2009-09-28T16:45:00+00:00,-90190,5836.616
54401,2009-09-28T17:00:00+00:00,-89290,5836.576
54401,2009-09-28T17:15:00+00:00,-88390,5836.537
54401,2009-09-28T17:30:00+00:00,-87490,5836.498
54401,2009-09-28T17:45:00+00:00,-86590,5836.461
54401,2009-09-28T18:00:00+00:00,-85690,5836.425
54401,2009-09-28T18:15:00+00:00,-84790,5836.390
54401,2009-09-28T18:30:00+00:00,-83890,5836.355
54401,2009-09-28T18:45:00+00:00,-82990,5836.324
54401,2009-09-28T19:00:00+00:00,-82090,5836.300
54401,2009-09-28T19:15:00+00:00,-81190,5836.275
54401,2009-09-28T19:30:00+00:00,-80290,5836.256
54401,2009-09-28T19:45:00+00:00,-79390,5836.242
54401,2009-09-28T20:00:00+00:00,-78490,5836.230
54401,2009-09-28T20:15:00+00:00,-77590,5836.220
54401,2009-09-28T20:30:00+00:00,-76690,5836.217
54401,2009-09-28T20:45:00+00:00,-75790,5836.219
54401,2009-09-28T21:00:00+00:00,-74890,5836.227
54401,2009-09-28T21:15:00+00:00,-73990,5836.239
54401,2009-09-28T21:30:00+00:00,-73090,5836.254
54401,2009-09-28T21:45:00+00:00,-72190,5836.274
54401,2009-09-28T22:00:00+00:00,-71290,5836.298
54401,2009-09-28T22:15:00+00:00,-70390,5836.328
54401,2009-09-28T22:30:00+00:00,-69490,5836.361
54401,2009-09-28T22:45:00+00:00,-68590,5836.392
54401,2009-09-28T23:00:00+00:00,-67690,5836.428
54401,2009-09-28T23:15:00+00:00,-66790,5836.466
54401,2009-09-28T23:30:00+00:00,-65890,5836.506
54401,2009-09-28T23:45:00+00:00,-64990,5836.544
54401,2009-09-29T00:00:00+00:00,-64090,5836.583
54401,2009-09-29T00:15:00+00:00,-63190,5836.622
54401,2009-09-29T00:30:00+00:00,-62290,5836.655
54401,2009-09-29T00:45:00+00:00,-61390,5836.687
54401,2009-09-29T01:00:00+00:00,-60490,5836.717
54401,2009-09-29T01:15:00+00:00,-59590,5836.745
54401,2009-09-29T01:30:00+00:00,-58690,5836.771
54401,2009-09-29T01:45:00+00:00,-57790,5836.791
54401,2009-09-29T02:00:00+00:00,-56890,5836.807
54401,2009-09-29T02:15:00+00:00,-55990,5836.815
54401,2009-09-29T02:30:00+00:00,-55090,5836.822
54401,2009-09-29T02:45:00+00:00,-54190,5836.824
54401,2009-09-29T03:00:00+00:00,-53290,5836.822
54401,2009-09-29T03:15:00+00:00,-52390,5836.816
54401,2009-09-29T03:30:00+00:00,-51490,5836.806
54401,2009-09-29T03:45:00+00:00,-50590,5836.791
54401,2009-09-29T04:00:00+00:00,-49690,5836.772
54401,2009-09-29T04:15:00+00:00,-48790,5836.749
54401,2009-09-29T04:30:00+00:00,-47890,5836.723
54401,2009-09-29T04:45:00+00:00,-46990,5836.692
54401,2009-09-29T05:00:00+00:00,-46090,5836.659
54401,2009-09-29T05:15:00+00:00,-45190,5836.626
54401,2009-09-29T05:30:00+00:00,-44290,5836.592
54401,2009-09-29T05:45:00+00:00,-43390,5836.557
54401,2009-09-29T06:00:00+00:00,-42490,5836.519
54401,2009-09-29T06:15:00+00:00,-41590,5836.484
54401,2009-09-29T06:30:00+00:00,-40690,5836.446
54401,2009-09-29T06:45:00+00:00,-39790,5836.412
54401,2009-09-29T07:00:00+00:00,-38890,5836.381
54401,2009-09-29T07:15:00+00:00,-37990,5836.352
54401,2009-09-29T07:30:00+00:00,-37090,5836.330
54401,2009-09-29T07:45:00+00:00,-36190,5836.309
54401,2009-09-29T08:00:00+00:00,-35290,5836.291
54401,2009-09-29T08:15:00+00:00,-34390,5836.275
54401,2009-09-29T08:30:00+00:00,-33490,5836.264
54401,2009-09-29T08:45:00+00:00,-32590,5836.259
54401,2009-09-29T09:00:00+00:00,-31690,5836.256
54401,2009-09-29T09:15:00+00:00,-30790,5836.263
54401,2009-09-29T09:30:00+00:00,-29890,5836.271
54401,2009-09-29T09:45:00+00:00,-28990,5836.278
54401,2009-09-29T10:00:00+00:00,-28090,5836.297
54401,2009-09-29T10:15:00+00:00,-27190,5836.319
54401,2009-09-29T10:30:00+00:00,-26290,5836.345
54401,2009-09-29T10:45:00+00:00,-25390,5836.374
54401,2009-09-29T11:00:00+00:00,-24490,5836.405
54401,2009-09-29T11:15:00+00:00,-23590,5836.439
54401,2009-09-29T11:30:00+00:00,-22690,5836.475
54401,2009-09-29T11:45:00+00:00,-21790,5836.511
54401,2009-09-29T12:00:00+00:00,-20890,5836.549
54401,2009-09-29T12:15:00+00:00,-19990,5836.587
54401,2009-09-29T12:30:00+00:00,-19090,5836.622
54401,2009-09-29T12:45:00+00:00,-18190,5836.656
54401,2009-09-29T13:00:00+00:00,-17290,5836.688
54401,2009-09-29T13:15:00+00:00,-16390,5836.716
54401,2009-09-29T13:30:00+00:00,-15490,5836.747
54401,2009-09-29T13:45:00+00:00,-14590,5836.769
54401,2009-09-29T14:00:00+00:00,-13690,5836.789
54401,2009-09-29T14:15:00+00:00,-12790,5836.807
54401,2009-09-29T14:30:00+00:00,-11890,5836.816
54401,2009-09-29T14:45:00+00:00,-10990,5836.821
54401,2009-09-29T15:00:00+00:00,-10090,5836.823
54401,2009-09-29T15:15:00+00:00,-9190,5836.823
54401,2009-09-29T15:30:00+00:00,-8290,5836.815
54401,2009-09-29T15:45:00+00:00,-7390,5836.805
54401,2009-09-29T16:00:00+00:00,-6490,5836.789
54401,2009-09-29T16:15:00+00:00,-5590,5836.772
54401,2009-09-29T16:30:00+00:00,-4690,5836.751
54401,2009-09-29T16:45:00+00:00,-3790,5836.727
