station_id,timestamp_utc,seconds_from_origin,height_m
32402,2014-03-03T00:00:00+00:00,-2591207,4067.756
32402,2014-03-03T00:15:00+00:00,-2590307,4067.841
32402,2014-03-03T00:30:00+00:00,-2589407,4067.918
32402,2014-03-03T00:45:00+00:00,-2588507,4067.989
32402,2014-03-03T01:00:00+00:00,-2587607,4068.059
32402,2014-03-03T01:15:00+00:00,-2586707,4068.118
32402,2014-03-03T01:30:00+00:00,-2585807,4068.173
32402,2014-03-03T01:45:00+00:00,-2584907,4068.221
32402,2014-03-03T02:00:00+00:00,-2584007,4068.259
32402,2014-03-03T02:15:00+00:00,-2583107,4068.289
32402,2014-03-03T02:30:00+00:00,-2582207,4068.310
32402,2014-03-03T02:45:00+00:00,-2581307,4068.317
32402,2014-03-03T03:00:00+00:00,-2580407,4068.312
32402,2014-03-03T03:15:00+00:00,-2579507,4068.300
32402,2014-03-03T03:30:00+00:00,-2578607,4068.278
32402,2014-03-03T03:45:00+00:00,-2577707,4068.247
32402,2014-03-03T04:00:00+00:00,-2576807,4068.206
32402,2014-03-03T04:15:00+00:00,-2575907,4068.157
32402,2014-03-03T04:30:00+00:00,-2575007,4068.099
32402,2014-03-03T04:45:00+00:00,-2574107,4068.033
32402,2014-03-03T05:00:00+00:00,-2573207,4067.966
32402,2014-03-03T05:15:00+00:00,-2572307,4067.888
32402,2014-03-03T05:30:00+00:00,-2571407,4067.806
32402,2014-03-03T05:45:00+00:00,-2570507,4067.725
32402,2014-03-03T06:00:00+00:00,-2569607,4067.641
32402,2014-03-03T06:15:00+00:00,-2568707,4067.558
32402,2014-03-03T06:30:00+00:00,-2567807,4067.478
32402,2014-03-03T06:45:00+00:00,-2566907,4067.400
32402,2014-03-03T07:00:00+00:00,-2566007,4067.325
32402,2014-03-03T07:15:00+00:00,-2565107,4067.256
32402,2014-03-03T07:30:00+00:00,-2564207,4067.192
32402,2014-03-03T07:45:00+00:00,-2563307,4067.138
32402,2014-03-03T08:00:00+00:00,-2562407,4067.090
32402,2014-03-03T08:15:00+00:00,-2561507,4067.050
32402,2014-03-03T08:30:00+00:00,-2560607,4067.019
32402,2014-03-03T08:45:00+00:00,-2559707,4066.998
32402,2014-03-03T09:00:00+00:00,-2558807,4066.991
32402,2014-03-03T09:15:00+00:00,-2557907,4066.991
32402,2014-03-03T09:30:00+00:00,-2557007,4067.000
32402,2014-03-03T09:45:00+00:00,-2556107,4067.019
32402,2014-03-03T10:00:00+00:00,-2555207,4067.051
32402,2014-03-03T10:15:00+00:00,-2554307,4067.089
32402,2014-03-03T10:30:00+00:00,-2553407,4067.137
32402,2014-03-03T10:45:00+00:00,-2552507,4067.193
32402,2014-03-03T11:00:00+00:00,-2551607,4067.255
32402,2014-03-03T11:15:00+00:00,-2550707,4067.322
32402,2014-03-03T11:30:00+00:00,-2549807,4067.392
32402,2014-03-03T11:45:00+00:00,-2548907,4067.464
32402,2014-03-03T12:00:00+00:00,-2548007,4067.541
32402,2014-03-03T12:15:00+00:00,-2547107,4067.616
32402,2014-03-03T12:30:00+00:00,-2546207,4067.692
32402,2014-03-03T12:45:00+00:00,-2545307,4067.767
32402,2014-03-03T13:00:00+00:00,-2544407,4067.839
32402,2014-03-03T13:15:00+00:00,-2543507,4067.902
32402,2014-03-03T13:30:00+00:00,-2542607,4067.964
32402,2014-03-03T13:45:00+00:00,-2541707,4068.019
32402,2014-03-03T14:00:00+00:00,-2540807,4068.067
32402,2014-03-03T14:15:00+00:00,-2539907,4068.106
32402,2014-03-03T14:30:00+00:00,-2539007,4068.137
32402,2014-03-03T14:45:00+00:00,-2538107,4068.158
32402,2014-03-03T15:00:00+00:00,-2537207,4068.172
32402,2014-03-03T15:15:00+00:00,-2536307,4068.176
32402,2014-03-03T15:30:00+00:00,-2535407,4068.169
32402,2014-03-03T15:45:00+00:00,-2534507,4068.154
32402,2014-03-03T16:00:00+00:00,-2533607,4068.130
32402,2014-03-03T16:15:00+00:00,-2532707,4068.097
32402,2014-03-03T16:30:00+00:00,-2531807,4068.059
32402,2014-03-03T16:45:00+00:00,-2530907,4068.013
32402,2014-03-03T17:00:00+00:00,-2530007,4067.960
32402,2014-03-03T17:15:00+00:00,-2529107,4067.904
32402,2014-03-03T17:30:00+00:00,-2528207,4067.842
32402,2014-03-03T17:45:00+00:00,-2527307,4067.776
32402,2014-03-03T18:00:00+00:00,-2526407,4067.710
32402,2014-03-03T18:15:00+00:00,-2525507,4067.637
32402,2014-03-03T18:30:00+00:00,-2524607,4067.568
32402,2014-03-03T18:45:00+00:00,-2523707,4067.494
32402,2014-03-03T19:00:00+00:00,-2522807,4067.424
32402,2014-03-03T19:15:00+00:00,-2521907,4067.358
32402,2014-03-03T19:30:00+00:00,-2521007,4067.294
32402,2014-03-03T19:45:00+00:00,-2520107,4067.237
32402,2014-03-03T20:00:00+00:00,-2519207,4067.186
32402,2014-03-03T20:15:00+00:00,-2518307,4067.140
32402,2014-03-03T20:30:00+00:00,-2517407,4067.103
32402,2014-03-03T20:45:00+00:00,-2516507,4067.078
32402,2014-03-03T21:00:00+00:00,-2515607,4067.056
32402,2014-03-03T21:15:00+00:00,-2514707,4067.045
32402,2014-03-03T21:30:00+00:00,-2513807,4067.044
32402,2014-03-03T21:45:00+00:00,-2512907,4067.051
32402,2014-03-03T22:00:00+00:00,-2512007,4067.066
32402,2014-03-03T22:15:00+00:00,-2511107,4067.092
32402,2014-03-03T22:30:00+00:00,-2510207,4067.127
32402,2014-03-03T22:45:00+00:00,-2509307,4067.168
32402,2014-03-03T23:00:00+00:00,-2508407,4067.220
32402,2014-03-03T23:15:00+00:00,-2507507,4067.278
32402,2014-03-03T23:30:00+00:00,-2506607,4067.346
32402,2014-03-03T23:45:00+00:00,-2505707,4067.414
32402,2014-03-04T00:00:00+00:00,-2504807,4067.485
32402,2014-03-04T00:15:00+00:00,-2503907,4067.562
32402,2014-03-04T00:30:00+00:00,-2503007,4067.638
32402,2014-03-04T00:45:00+00:00,-2502107,4067.715
32402,2014-03-04T01:00:00+00:00,-2501207,4067.791
32402,2014-03-04T01:15:00+00:00,-2500307,4067.862
32402,2014-03-04T01:30:00+00:00,-2499407,4067.929
32402,2014-03-04T01:45:00+00:00,-2498507,4067.996
32402,2014-03-04T02:00:00+00:00,-2497607,4068.054
32402,2014-03-04T02:15:00+00:00,-2496707,4068.109
32402,2014-03-04T02:30:00+00:00,-2495807,4068.153
32402,2014-03-04T02:45:00+00:00,-2494907,4068.190
32402,2014-03-04T03:00:00+00:00,-2494007,4068.218
32402,2014-03-04T03:15:00+00:00,-2493107,4068.238
32402,2014-03-04T03:30:00+00:00,-2492207,4068.245
32402,2014-03-04T03:45:00+00:00,-2491307,4068.241
32402,2014-03-04T04:00:00+00:00,-2490407,4068.230
32402,2014-03-04T04:15:00+00:00,-2489507,4068.211
32402,2014-03-04T04:30:00+00:00,-2488607,4068.179
32402,2014-03-04T04:45:00+00:00,-2487707,4068.139
32402,2014-03-04T05:00:00+00:00,-2486807,4068.092
32402,2014-03-04T05:15:00+00:00,-2485907,4068.037
32402,2014-03-04T05:30:00+00:00,-2485007,4067.974
32402,2014-03-04T05:45:00+00:00,-2484107,4067.908
32402,2014-03-04T06:00:00+00:00,-2483207,4067.837
32402,2014-03-04T06:15:00+00:00,-2482307,4067.762
32402,2014-03-04T06:30:00+00:00,-2481407,4067.684
32402,2014-03-04T06:45:00+00:00,-2480507,4067.608
32402,2014-03-04T07:00:00+00:00,-2479607,4067.531
32402,2014-03-04T07:15:00+00:00,-2478707,4067.455
32402,2014-03-04T07:30:00+00:00,-2477807,4067.385
32402,2014-03-04T07:45:00+00:00,-2476907,4067.316
32402,2014-03-04T08:00:00+00:00,-2476007,4067.255
32402,2014-03-04T08:15:00+00:00,-2475107,4067.202
32402,2014-03-04T08:30:00+00:00,-2474207,4067.154
32402,2014-03-04T08:45:00+00:00,-2473307,4067.110
32402,2014-03-04T09:00:00+00:00,-2472407,4067.080
32402,2014-03-04T09:15:00+00:00,-2471507,4067.055
32402,2014-03-04T09:30:00+00:00,-2470607,4067.040
32402,2014-03-04T09:45:00+00:00,-2469707,4067.033
32402,2014-03-04T10:00:00+00:00,-2468807,4067.034
32402,2014-03-04T10:15:00+00:00,-2467907,4067.049
32402,2014-03-04T10:30:00+00:00,-2467007,4067.068
32402,2014-03-04T10:45:00+00:00,-2466107,4067.095
32402,2014-03-04T11:00:00+00:00,-2465207,4067.134
32402,2014-03-04T11:15:00+00:00,-2464307,4067.180
32402,2014-03-04T11:30:00+00:00,-2463407,4067.233
32402,2014-03-04T11:45:00+00:00,-2462507,4067.295
32402,2014-03-04T12:00:00+00:00,-2461607,4067.358
32402,2014-03-04T12:15:00+00:00,-2460707,4067.429
32402,2014-03-04T12:30:00+00:00,-2459807,4067.503
32402,2014-03-04T12:45:00+00:00,-2458907,4067.577
32402,2014-03-04T13:00:00+00:00,-2458007,4067.648
32402,2014-03-04T13:15:00+00:00,-2457107,4067.719
32402,2014-03-04T13:30:00+00:00,-2456207,4067.791
32402,2014-03-04T13:45:00+00:00,-2455307,4067.858
32402,2014-03-04T14:00:00+00:00,-2454407,4067.918
32402,2014-03-04T14:15:00+00:00,-2453507,4067.979
32402,2014-03-04T14:30:00+00:00,-2452607,4068.033
32402,2014-03-04T14:45:00+00:00,-2451707,4068.080
32402,2014-03-04T15:00:00+00:00,-2450807,4068.118
32402,2014-03-04T15:15:00+00:00,-2449907,4068.149
32402,2014-03-04T15:30:00+00:00,-2449007,4068.169
32402,2014-03-04T15:45:00+00:00,-2448107,4068.179
32402,2014-03-04T16:00:00+00:00,-2447207,4068.180
32402,2014-03-04T16:15:00+00:00,-2446307,4068.175
32402,2014-03-04T16:30:00+00:00,-2445407,4068.161
32402,2014-03-04T16:45:00+00:00,-2444507,4068.139
32402,2014-03-04T17:00:00+00:00,-2443607,4068.110
32402,2014-03-04T17:15:00+00:00,-2442707,4068.074
32402,2014-03-04T17:30:00+00:00,-2441807,4068.028
32402,2014-03-04T17:45:00+00:00,-2440907,4067.978
32402,2014-03-04T18:00:00+00:00,-2440007,4067.925
32402,2014-03-04T18:15:00+00:00,-2439107,4067.862
32402,2014-03-04T18:30:00+00:00,-2438207,4067.800
32402,2014-03-04T18:45:00+00:00,-2437307,4067.736
32402,2014-03-04T19:00:00+00:00,-2436407,4067.671
32402,2014-03-04T19:15:00+00:00,-2435507,4067.605
32402,2014-03-04T19:30:00+00:00,-2434607,4067.536
32402,2014-03-04T19:45:00+00:00,-2433707,4067.473
32402,2014-03-04T20:00:00+00:00,-2432807,4067.412
32402,2014-03-04T20:15:00+00:00,-2431907,4067.351
32402,2014-03-04T20:30:00+00:00,-2431007,4067.296
32402,2014-03-04T20:45:00+00:00,-2430107,4067.249
32402,2014-03-04T21:00:00+00:00,-2429207,4067.203
32402,2014-03-04T21:15:00+00:00,-2428307,4067.163
32402,2014-03-04T21:30:00+00:00,-2427407,4067.133
32402,2014-03-04T21:45:00+00:00,-2426507,4067.107
32402,2014-03-04T22:00:00+00:00,-2425607,4067.093
32402,2014-03-04T22:15:00+00:00,-2424707,4067.085
32402,2014-03-04T22:30:00+00:00,-2423807,4067.085
32402,2014-03-04T22:45:00+00:00,-2422907,4067.095
32402,2014-03-04T23:00:00+00:00,-2422007,4067.115
32402,2014-03-04T23:15:00+00:00,-2421107,4067.141
32402,2014-03-04T23:30:00+00:00,-2420207,4067.177
32402,2014-03-04T23:45:00+00:00,-2419307,4067.219
32402,2014-03-05T00:00:00+00:00,-2418407,4067.270
32402,2014-03-05T00:15:00+00:00,-2417507,4067.324
32402,2014-03-05T00:30:00+00:00,-2416607,4067.383
32402,2014-03-05T00:45:00+00:00,-2415707,4067.447
32402,2014-03-05T01:00:00+00:00,-2414807,4067.510
32402,2014-03-05T01:15:00+00:00,-2413907,4067.577
32402,2014-03-05T01:30:00+00:00,-2413007,4067.645
32402,2014-03-05T01:45:00+00:00,-2412107,4067.710
32402,2014-03-05T02:00:00+00:00,-2411207,4067.774
32402,2014-03-05T02:15:00+00:00,-2410307,4067.833
32402,2014-03-05T02:30:00+00:00,-2409407,4067.890
32402,2014-03-05T02:45:00+00:00,-2408507,4067.939
32402,2014-03-05T03:00:00+00:00,-2407607,4067.982
32402,2014-03-05T03:15:00+00:00,-2406707,4068.020
32402,2014-03-05T03:30:00+00:00,-2405807,4068.052
32402,2014-03-05T03:45:00+00:00,-2404907,4068.075
32402,2014-03-05T04:00:00+00:00,-2404007,4068.091
32402,2014-03-05T04:15:00+00:00,-2403107,4068.096
32402,2014-03-05T04:30:00+00:00,-2402207,4068.095
32402,2014-03-05T04:45:00+00:00,-2401307,4068.083
32402,2014-03-05T05:00:00+00:00,-2400407,4068.064
32402,2014-03-05T05:15:00+00:00,-2399507,4068.037
32402,2014-03-05T05:30:00+00:00,-2398607,4068.004
32402,2014-03-05T05:45:00+00:00,-2397707,4067.964
32402,2014-03-05T06:00:00+00:00,-2396807,4067.917
32402,2014-03-05T06:15:00+00:00,-2395907,4067.865
32402,2014-03-05T06:30:00+00:00,-2395007,4067.807
32402,2014-03-05T06:45:00+00:00,-2394107,4067.747
32402,2014-03-05T07:00:00+00:00,-2393207,4067.685
32402,2014-03-05T07:15:00+00:00,-2392307,4067.618
32402,2014-03-05T07:30:00+00:00,-2391407,4067.553
32402,2014-03-05T07:45:00+00:00,-2390507,4067.486
32402,2014-03-05T08:00:00+00:00,-2389607,4067.422
32402,2014-03-05T08:15:00+00:00,-2388707,4067.363
32402,2014-03-05T08:30:00+00:00,-2387807,4067.304
32402,2014-03-05T08:45:00+00:00,-2386907,4067.252
32402,2014-03-05T09:00:00+00:00,-2386007,4067.206
32402,2014-03-05T09:15:00+00:00,-2385107,4067.166
32402,2014-03-05T09:30:00+00:00,-2384207,4067.134
32402,2014-03-05T09:45:00+00:00,-2383307,4067.106
32402,2014-03-05T10:00:00+00:00,-2382407,4067.089
32402,2014-03-05T10:15:00+00:00,-2381507,4067.079
32402,2014-03-05T10:30:00+00:00,-2380607,4067.078
32402,2014-03-05T10:45:00+00:00,-2379707,4067.087
32402,2014-03-05T11:00:00+00:00,-2378807,4067.101
32402,2014-03-05T11:15:00+00:00,-2377907,4067.124
32402,2014-03-05T11:30:00+00:00,-2377007,4067.154
32402,2014-03-05T11:45:00+00:00,-2376107,4067.191
32402,2014-03-05T12:00:00+00:00,-2375207,4067.238
32402,2014-03-05T12:15:00+00:00,-2374307,4067.287
32402,2014-03-05T12:30:00+00:00,-2373407,4067.343
32402,2014-03-05T12:45:00+00:00,-2372507,4067.403
32402,2014-03-05T13:00:00+00:00,-2371607,4067.468
32402,2014-03-05T13:15:00+00:00,-2370707,4067.533
32402,2014-03-05T13:30:00+00:00,-2369807,4067.600
32402,2014-03-05T13:45:00+00:00,-2368907,4067.666
32402,2014-03-05T14:00:00+00:00,-2368007,4067.732
32402,2014-03-05T14:15:00+00:00,-2367107,4067.796
32402,2014-03-05T14:30:00+00:00,-2366207,4067.855
32402,2014-03-05T14:45:00+00:00,-2365307,4067.910
32402,2014-03-05T15:00:00+00:00,-2364407,4067.963
32402,2014-03-05T15:15:00+00:00,-2363507,4068.009
32402,2014-03-05T15:30:00+00:00,-2362607,4068.051
32402,2014-03-05T15:45:00+00:00,-2361707,4068.081
32402,2014-03-05T16:00:00+00:00,-2360807,4068.107
32402,2014-03-05T16:15:00+00:00,-2359907,4068.129
32402,2014-03-05T16:30:00+00:00,-2359007,4068.140
32402,2014-03-05T16:45:00+00:00,-2358107,4068.145
32402,2014-03-05T17:00:00+00:00,-2357207,4068.144
32402,2014-03-05T17:15:00+00:00,-2356307,4068.133
32402,2014-03-05T17:30:00+00:00,-2355407,4068.113
32402,2014-03-05T17:45:00+00:00,-2354507,4068.089
32402,2014-03-05T18:00:00+00:00,-2353607,4068.061
32402,2014-03-05T18:15:00+00:00,-2352707,4068.024
32402,2014-03-05T18:30:00+00:00,-2351807,4067.983
32402,2014-03-05T18:45:00+00:00,-2350907,4067.938
32402,2014-03-05T19:00:00+00:00,-2350007,4067.887
32402,2014-03-05T19:15:00+00:00,-2349107,4067.832
32402,2014-03-05T19:30:00+00:00,-2348207,4067.776
32402,2014-03-05T19:45:00+00:00,-2347307,4067.718
32402,2014-03-05T20:00:00+00:00,-2346407,4067.658
32402,2014-03-05T20:15:00+00:00,-2345507,4067.599
32402,2014-03-05T20:30:00+00:00,-2344607,4067.539
32402,2014-03-05T20:45:00+00:00,-2343707,4067.484
32402,2014-03-05T21:00:00+00:00,-2342807,4067.429
32402,2014-03-05T21:15:00+00:00,-2341907,4067.384
32402,2014-03-05T21:30:00+00:00,-2341007,4067.339
32402,2014-03-05T21:45:00+00:00,-2340107,4067.299
32402,2014-03-05T22:00:00+00:00,-2339207,4067.265
32402,2014-03-05T22:15:00+00:00,-2338307,4067.236
32402,2014-03-05T22:30:00+00:00,-2337407,4067.216
32402,2014-03-05T22:45:00+00:00,-2336507,4067.200
32402,2014-03-05T23:00:00+00:00,-2335607,4067.190
32402,2014-03-05T23:15:00+00:00,-2334707,4067.187
32402,2014-03-05T23:30:00+00:00,-2333807,4067.190
32402,2014-03-05T23:45:00+00:00,-2332907,4067.204
32402,2014-03-06T00:00:00+00:00,-2332007,4067.223
32402,2014-03-06T00:15:00+00:00,-2331107,4067.246
32402,2014-03-06T00:30:00+00:00,-2330207,4067.278
32402,2014-03-06T00:45:00+00:00,-2329307,4067.316
32402,2014-03-06T01:00:00+00:00,-2328407,4067.353
32402,2014-03-06T01:15:00+00:00,-2327507,4067.397
32402,2014-03-06T01:30:00+00:00,-2326607,4067.447
32402,2014-03-06T01:45:00+00:00,-2325707,4067.498
32402,2014-03-06T02:00:00+00:00,-2324807,4067.551
32402,2014-03-06T02:15:00+00:00,-2323907,4067.604
32402,2014-03-06T02:30:00+00:00,-2323007,4067.657
32402,2014-03-06T02:45:00+00:00,-2322107,4067.705
32402,2014-03-06T03:00:00+00:00,-2321207,4067.754
32402,2014-03-06T03:15:00+00:00,-2320307,4067.797
32402,2014-03-06T03:30:00+00:00,-2319407,4067.836
32402,2014-03-06T03:45:00+00:00,-2318507,4067.871
32402,2014-03-06T04:00:00+00:00,-2317607,4067.903
32402,2014-03-06T04:15:00+00:00,-2316707,4067.927
32402,2014-03-06T04:30:00+00:00,-2315807,4067.948
32402,2014-03-06T04:45:00+00:00,-2314907,4067.960
32402,2014-03-06T05:00:00+00:00,-2314007,4067.964
32402,2014-03-06T05:15:00+00:00,-2313107,4067.964
32402,2014-03-06T05:30:00+00:00,-2312207,4067.955
32402,2014-03-06T05:45:00+00:00,-2311307,4067.940
32402,2014-03-06T06:00:00+00:00,-2310407,4067.919
32402,2014-03-06T06:15:00+00:00,-2309507,4067.894
32402,2014-03-06T06:30:00+00:00,-2308607,4067.862
32402,2014-03-06T06:45:00+00:00,-2307707,4067.827
32402,2014-03-06T07:00:00+00:00,-2306807,4067.785
32402,2014-03-06T07:15:00+00:00,-2305907,4067.740
32402,2014-03-06T07:30:00+00:00,-2305007,4067.693
32402,2014-03-06T07:45:00+00:00,-2304107,4067.645
32402,2014-03-06T08:00:00+00:00,-2303207,4067.592
32402,2014-03-06T08:15:00+00:00,-2302307,4067.539
32402,2014-03-06T08:30:00+00:00,-2301407,4067.486
32402,2014-03-06T08:45:00+00:00,-2300507,4067.437
32402,2014-03-06T09:00:00+00:00,-2299607,4067.390
32402,2014-03-06T09:15:00+00:00,-2298707,4067.345
32402,2014-03-06T09:30:00+00:00,-2297807,4067.307
32402,2014-03-06T09:45:00+00:00,-2296907,4067.271
32402,2014-03-06T10:00:00+00:00,-2296007,4067.241
32402,2014-03-06T10:15:00+00:00,-2295107,4067.218
32402,2014-03-06T10:30:00+00:00,-2294207,4067.197
32402,2014-03-06T10:45:00+00:00,-2293307,4067.182
32402,2014-03-06T11:00:00+00:00,-2292407,4067.176
32402,2014-03-06T11:15:00+00:00,-2291507,4067.174
32402,2014-03-06T11:30:00+00:00,-2290607,4067.181
32402,2014-03-06T11:45:00+00:00,-2289707,4067.194
32402,2014-03-06T12:00:00+00:00,-2288807,4067.212
32402,2014-03-06T12:15:00+00:00,-2287907,4067.238
32402,2014-03-06T12:30:00+00:00,-2287007,4067.270
32402,2014-03-06T12:45:00+00:00,-2286107,4067.312
32402,2014-03-06T13:00:00+00:00,-2285207,4067.356
32402,2014-03-06T13:15:00+00:00,-2284307,4067.404
32402,2014-03-06T13:30:00+00:00,-2283407,4067.453
32402,2014-03-06T13:45:00+00:00,-2282507,4067.507
32402,2014-03-06T14:00:00+00:00,-2281607,4067.562
32402,2014-03-06T14:15:00+00:00,-2280707,4067.617
32402,2014-03-06T14:30:00+00:00,-2279807,4067.674
32402,2014-03-06T14:45:00+00:00,-2278907,4067.732
32402,2014-03-06T15:00:00+00:00,-2278007,4067.785
32402,2014-03-06T15:15:00+00:00,-2277107,4067.836
32402,2014-03-06T15:30:00+00:00,-2276207,4067.885
32402,2014-03-06T15:45:00+00:00,-2275307,4067.929
32402,2014-03-06T16:00:00+00:00,-2274407,4067.970
32402,2014-03-06T16:15:00+00:00,-2273507,4068.002
32402,2014-03-06T16:30:00+00:00,-2272607,4068.032
32402,2014-03-06T16:45:00+00:00,-2271707,4068.056
32402,2014-03-06T17:00:00+00:00,-2270807,4068.074
32402,2014-03-06T17:15:00+00:00,-2269907,4068.083
32402,2014-03-06T17:30:00+00:00,-2269007,4068.088
32402,2014-03-06T17:45:00+00:00,-2268107,4068.087
32402,2014-03-06T18:00:00+00:00,-2267207,4068.081
32402,2014-03-06T18:15:00+00:00,-2266307,4068.068
32402,2014-03-06T18:30:00+00:00,-2265407,4068.051
32402,2014-03-06T18:45:00+00:00,-2264507,4068.028
32402,2014-03-06T19:00:00+00:00,-2263607,4068.003
32402,2014-03-06T19:15:00+00:00,-2262707,4067.969
32402,2014-03-06T19:30:00+00:00,-2261807,4067.930
32402,2014-03-06T19:45:00+00:00,-2260907,4067.888
32402,2014-03-06T20:00:00+00:00,-2260007,4067.845
32402,2014-03-06T20:15:00+00:00,-2259107,4067.797
32402,2014-03-06T20:30:00+00:00,-2258207,4067.748
32402,2014-03-06T20:45:00+00:00,-2257307,4067.699
32402,2014-03-06T21:00:00+00:00,-2256407,4067.649
32402,2014-03-06T21:15:00+00:00,-2255507,4067.604
32402,2014-03-06T21:30:00+00:00,-2254607,4067.556
32402,2014-03-06T21:45:00+00:00,-2253707,4067.512
32402,2014-03-06T22:00:00+00:00,-2252807,4067.467
32402,2014-03-06T22:15:00+00:00,-2251907,4067.426
32402,2014-03-06T22:30:00+00:00,-2251007,4067.389
32402,2014-03-06T22:45:00+00:00,-2250107,4067.355
32402,2014-03-06T23:00:00+00:00,-2249207,4067.331
32402,2014-03-06T23:15:00+00:00,-2248307,4067.307
32402,2014-03-06T23:30:00+00:00,-2247407,4067.289
32402,2014-03-06T23:45:00+00:00,-2246507,4067.278
32402,2014-03-07T00:00:00+00:00,-2245607,4067.270
32402,2014-03-07T00:15:00+00:00,-2244707,4067.265
32402,2014-03-07T00:30:00+00:00,-2243807,4067.269
32402,2014-03-07T00:45:00+00:00,-2242907,4067.279
32402,2014-03-07T01:00:00+00:00,-2242007,4067.294
32402,2014-03-07T01:15:00+00:00,-2241107,4067.311
32402,2014-03-07T01:30:00+00:00,-2240207,4067.335
32402,2014-03-07T01:45:00+00:00,-2239307,4067.362
32402,2014-03-07T02:00:00+00:00,-2238407,4067.395
32402,2014-03-07T02:15:00+00:00,-2237507,4067.431
32402,2014-03-07T02:30:00+00:00,-2236607,4067.466
32402,2014-03-07T02:45:00+00:00,-2235707,4067.505
32402,2014-03-07T03:00:00+00:00,-2234807,4067.542
32402,2014-03-07T03:15:00+00:00,-2233907,4067.582
32402,2014-03-07T03:30:00+00:00,-2233007,4067.622
32402,2014-03-07T03:45:00+00:00,-2232107,4067.659
32402,2014-03-07T04:00:00+00:00,-2231207,4067.695
32402,2014-03-07T04:15:00+00:00,-2230307,4067.728
32402,2014-03-07T04:30:00+00:00,-2229407,4067.758
32402,2014-03-07T04:45:00+00:00,-2228507,4067.787
32402,2014-03-07T05:00:00+00:00,-2227607,4067.808
32402,2014-03-07T05:15:00+00:00,-2226707,4067.825
32402,2014-03-07T05:30:00+00:00,-2225807,4067.836
32402,2014-03-07T05:45:00+00:00,-2224907,4067.842
32402,2014-03-07T06:00:00+00:00,-2224007,4067.845
32402,2014-03-07T06:15:00+00:00,-2223107,4067.841
32402,2014-03-07T06:30:00+00:00,-2222207,4067.833
32402,2014-03-07T06:45:00+00:00,-2221307,4067.819
32402,2014-03-07T07:00:00+00:00,-2220407,4067.802
32402,2014-03-07T07:15:00+00:00,-2219507,4067.781
32402,2014-03-07T07:30:00+00:00,-2218607,4067.755
32402,2014-03-07T07:45:00+00:00,-2217707,4067.727
32402,2014-03-07T08:00:00+00:00,-2216807,4067.696
32402,2014-03-07T08:15:00+00:00,-2215907,4067.661
32402,2014-03-07T08:30:00+00:00,-2215007,4067.625
32402,2014-03-07T08:45:00+00:00,-2214107,4067.585
32402,2014-03-07T09:00:00+00:00,-2213207,4067.547
32402,2014-03-07T09:15:00+00:00,-2212307,4067.507
32402,2014-03-07T09:30:00+00:00,-2211407,4067.470
32402,2014-03-07T09:45:00+00:00,-2210507,4067.434
32402,2014-03-07T10:00:00+00:00,-2209607,4067.401
32402,2014-03-07T10:15:00+00:00,-2208707,4067.374
32402,2014-03-07T10:30:00+00:00,-2207807,4067.345
32402,2014-03-07T10:45:00+00:00,-2206907,4067.320
32402,2014-03-07T11:00:00+00:00,-2206007,4067.300
32402,2014-03-07T11:15:00+00:00,-2205107,4067.285
32402,2014-03-07T11:30:00+00:00,-2204207,4067.274
32402,2014-03-07T11:45:00+00:00,-2203307,4067.268
32402,2014-03-07T12:00:00+00:00,-2202407,4067.266
32402,2014-03-07T12:15:00+00:00,-2201507,4067.272
32402,2014-03-07T12:30:00+00:00,-2200607,4067.282
32402,2014-03-07T12:45:00+00:00,-2199707,4067.296
32402,2014-03-07T13:00:00+00:00,-2198807,4067.315
32402,2014-03-07T13:15:00+00:00,-2197907,4067.340
32402,2014-03-07T13:30:00+00:00,-2197007,4067.370
32402,2014-03-07T13:45:00+00:00,-2196107,4067.405
32402,2014-03-07T14:00:00+00:00,-2195207,4067.443
32402,2014-03-07T14:15:00+00:00,-2194307,4067.483
32402,2014-03-07T14:30:00+00:00,-2193407,4067.530
32402,2014-03-07T14:45:00+00:00,-2192507,4067.574
32402,2014-03-07T15:00:00+00:00,-2191607,4067.621
32402,2014-03-07T15:15:00+00:00,-2190707,4067.665
32402,2014-03-07T15:30:00+00:00,-2189807,4067.710
32402,2014-03-07T15:45:00+00:00,-2188907,4067.753
32402,2014-03-07T16:00:00+00:00,-2188007,4067.794
32402,2014-03-07T16:15:00+00:00,-2187107,4067.833
32402,2014-03-07T16:30:00+00:00,-2186207,4067.873
32402,2014-03-07T16:45:00+00:00,-2185307,4067.909
32402,2014-03-07T17:00:00+00:00,-2184407,4067.944
32402,2014-03-07T17:15:00+00:00,-2183507,4067.970
32402,2014-03-07T17:30:00+00:00,-2182607,4067.992
32402,2014-03-07T17:45:00+00:00,-2181707,4068.012
32402,2014-03-07T18:00:00+00:00,-2180807,4068.026
32402,2014-03-07T18:15:00+00:00,-2179907,4068.033
32402,2014-03-07T18:30:00+00:00,-2179007,4068.036
32402,2014-03-07T18:45:00+00:00,-2178107,4068.035
32402,2014-03-07T19:00:00+00:00,-2177207,4068.030
32402,2014-03-07T19:15:00+00:00,-2176307,4068.020
32402,2014-03-07T19:30:00+00:00,-2175407,4068.006
32402,2014-03-07T19:45:00+00:00,-2174507,4067.987
32402,2014-03-07T20:00:00+00:00,-2173607,4067.964
32402,2014-03-07T20:15:00+00:00,-2172707,4067.937
32402,2014-03-07T20:30:00+00:00,-2171807,4067.908
32402,2014-03-07T20:45:00+00:00,-2170907,4067.876
32402,2014-03-07T21:00:00+00:00,-2170007,4067.840
32402,2014-03-07T21:15:00+00:00,-2169107,4067.803
32402,2014-03-07T21:30:00+00:00,-2168207,4067.766
32402,2014-03-07T21:45:00+00:00,-2167307,4067.730
32402,2014-03-07T22:00:00+00:00,-2166407,4067.690
32402,2014-03-07T22:15:00+00:00,-2165507,4067.653
32402,2014-03-07T22:30:00+00:00,-2164607,4067.613
32402,2014-03-07T22:45:00+00:00,-2163707,4067.576
32402,2014-03-07T23:00:00+00:00,-2162807,4067.543
32402,2014-03-07T23:15:00+00:00,-2161907,4067.507
32402,2014-03-07T23:30:00+00:00,-2161007,4067.477
32402,2014-03-07T23:45:00+00:00,-2160107,4067.446
32402,2014-03-08T00:00:00+00:00,-2159207,4067.420
32402,2014-03-08T00:15:00+00:00,-2158307,4067.397
32402,2014-03-08T00:30:00+00:00,-2157407,4067.383
32402,2014-03-08T00:45:00+00:00,-2156507,4067.365
32402,2014-03-08T01:00:00+00:00,-2155607,4067.357
32402,2014-03-08T01:15:00+00:00,-2154707,4067.353
32402,2014-03-08T01:30:00+00:00,-2153807,4067.351
32402,2014-03-08T01:45:00+00:00,-2152907,4067.353
32402,2014-03-08T02:00:00+00:00,-2152007,4067.359
32402,2014-03-08T02:15:00+00:00,-2151107,4067.370
32402,2014-03-08T02:30:00+00:00,-2150207,4067.385
32402,2014-03-08T02:45:00+00:00,-2149307,4067.403
32402,2014-03-08T03:00:00+00:00,-2148407,4067.426
32402,2014-03-08T03:15:00+00:00,-2147507,4067.452
32402,2014-03-08T03:30:00+00:00,-2146607,4067.477
32402,2014-03-08T03:45:00+00:00,-2145707,4067.503
32402,2014-03-08T04:00:00+00:00,-2144807,4067.531
32402,2014-03-08T04:15:00+00:00,-2143907,4067.559
32402,2014-03-08T04:30:00+00:00,-2143007,4067.586
32402,2014-03-08T04:45:00+00:00,-2142107,4067.613
32402,2014-03-08T05:00:00+00:00,-2141207,4067.638
32402,2014-03-08T05:15:00+00:00,-2140307,4067.663
32402,2014-03-08T05:30:00+00:00,-2139407,4067.685
32402,2014-03-08T05:45:00+00:00,-2138507,4067.702
32402,2014-03-08T06:00:00+00:00,-2137607,4067.718
32402,2014-03-08T06:15:00+00:00,-2136707,4067.729
32402,2014-03-08T06:30:00+00:00,-2135807,4067.739
32402,2014-03-08T06:45:00+00:00,-2134907,4067.744
32402,2014-03-08T07:00:00+00:00,-2134007,4067.745
32402,2014-03-08T07:15:00+00:00,-2133107,4067.742
32402,2014-03-08T07:30:00+00:00,-2132207,4067.737
32402,2014-03-08T07:45:00+00:00,-2131307,4067.730
32402,2014-03-08T08:00:00+00:00,-2130407,4067.719
32402,2014-03-08T08:15:00+00:00,-2129507,4067.704
32402,2014-03-08T08:30:00+00:00,-2128607,4067.688
32402,2014-03-08T08:45:00+00:00,-2127707,4067.666
32402,2014-03-08T09:00:00+00:00,-2126807,4067.643
32402,2014-03-08T09:15:00+00:00,-2125907,4067.618
32402,2014-03-08T09:30:00+00:00,-2125007,4067.594
32402,2014-03-08T09:45:00+00:00,-2124107,4067.563
32402,2014-03-08T10:00:00+00:00,-2123207,4067.536
32402,2014-03-08T10:15:00+00:00,-2122307,4067.508
32402,2014-03-08T10:30:00+00:00,-2121407,4067.482
32402,2014-03-08T10:45:00+00:00,-2120507,4067.459
32402,2014-03-08T11:00:00+00:00,-2119607,4067.434
32402,2014-03-08T11:15:00+00:00,-2118707,4067.411
32402,2014-03-08T11:30:00+00:00,-2117807,4067.391
32402,2014-03-08T11:45:00+00:00,-2116907,4067.375
32402,2014-03-08T12:00:00+00:00,-2116007,4067.360
32402,2014-03-08T12:15:00+00:00,-2115107,4067.350
32402,2014-03-08T12:30:00+00:00,-2114207,4067.342
32402,2014-03-08T12:45:00+00:00,-2113307,4067.339
32402,2014-03-08T13:00:00+00:00,-2112407,4067.340
32402,2014-03-08T13:15:00+00:00,-2111507,4067.347
32402,2014-03-08T13:30:00+00:00,-2110607,4067.355
32402,2014-03-08T13:45:00+00:00,-2109707,4067.371
32402,2014-03-08T14:00:00+00:00,-2108807,4067.387
32402,2014-03-08T14:15:00+00:00,-2107907,4067.408
32402,2014-03-08T14:30:00+00:00,-2107007,4067.430
32402,2014-03-08T14:45:00+00:00,-2106107,4067.456
32402,2014-03-08T15:00:00+00:00,-2105207,4067.486
32402,2014-03-08T15:15:00+00:00,-2104307,4067.515
32402,2014-03-08T15:30:00+00:00,-2103407,4067.550
32402,2014-03-08T15:45:00+00:00,-2102507,4067.588
32402,2014-03-08T16:00:00+00:00,-2101607,4067.624
32402,2014-03-08T16:15:00+00:00,-2100707,4067.661
32402,2014-03-08T16:30:00+00:00,-2099807,4067.696
32402,2014-03-08T16:45:00+00:00,-2098907,4067.731
32402,2014-03-08T17:00:00+00:00,-2098007,4067.764
32402,2014-03-08T17:15:00+00:00,-2097107,4067.796
32402,2014-03-08T17:30:00+00:00,-2096207,4067.826
32402,2014-03-08T17:45:00+00:00,-2095307,4067.854
32402,2014-03-08T18:00:00+00:00,-2094407,4067.883
32402,2014-03-08T18:15:00+00:00,-2093507,4067.903
32402,2014-03-08T18:30:00+00:00,-2092607,4067.924
32402,2014-03-08T18:45:00+00:00,-2091707,4067.943
32402,2014-03-08T19:00:00+00:00,-2090807,4067.957
32402,2014-03-08T19:15:00+00:00,-2089907,4067.965
32402,2014-03-08T19:30:00+00:00,-2089007,4067.971
32402,2014-03-08T19:45:00+00:00,-2088107,4067.976
32402,2014-03-08T20:00:00+00:00,-2087207,4067.976
32402,2014-03-08T20:15:00+00:00,-2086307,4067.970
32402,2014-03-08T20:30:00+00:00,-2085407,4067.962
32402,2014-03-08T20:45:00+00:00,-2084507,4067.948
32402,2014-03-08T21:00:00+00:00,-2083607,4067.931
32402,2014-03-08T21:15:00+00:00,-2082707,4067.909
32402,2014-03-08T21:30:00+00:00,-2081807,4067.885
32402,2014-03-08T21:45:00+00:00,-2080907,4067.857
32402,2014-03-08T22:00:00+00:00,-2080007,4067.829
32402,2014-03-08T22:15:00+00:00,-2079107,4067.800
32402,2014-03-08T22:30:00+00:00,-2078207,4067.767
32402,2014-03-08T22:45:00+00:00,-2077307,4067.734
32402,2014-03-08T23:00:00+00:00,-2076407,4067.700
32402,2014-03-08T23:15:00+00:00,-2075507,4067.667
32402,2014-03-08T23:30:00+00:00,-2074607,4067.630
32402,2014-03-08T23:45:00+00:00,-2073707,4067.599
32402,2014-03-09T00:00:00+00:00,-2072807,4067.564
32402,2014-03-09T00:15:00+00:00,-2071907,4067.533
32402,2014-03-09T00:30:00+00:00,-2071007,4067.504
32402,2014-03-09T00:45:00+00:00,-2070107,4067.472
32402,2014-03-09T01:00:00+00:00,-2069207,4067.446
32402,2014-03-09T01:15:00+00:00,-2068307,4067.422
32402,2014-03-09T01:30:00+00:00,-2067407,4067.401
32402,2014-03-09T01:45:00+00:00,-2066507,4067.381
32402,2014-03-09T02:00:00+00:00,-2065607,4067.369
32402,2014-03-09T02:15:00+00:00,-2064707,4067.356
32402,2014-03-09T02:30:00+00:00,-2063807,4067.347
32402,2014-03-09T02:45:00+00:00,-2062907,4067.343
32402,2014-03-09T03:00:00+00:00,-2062007,4067.339
32402,2014-03-09T03:15:00+00:00,-2061107,4067.343
32402,2014-03-09T03:30:00+00:00,-2060207,4067.352
32402,2014-03-09T03:45:00+00:00,-2059307,4067.362
32402,2014-03-09T04:00:00+00:00,-2058407,4067.377
32402,2014-03-09T04:15:00+00:00,-2057507,4067.392
32402,2014-03-09T04:30:00+00:00,-2056607,4067.411
32402,2014-03-09T04:45:00+00:00,-2055707,4067.429
32402,2014-03-09T05:00:00+00:00,-2054807,4067.450
32402,2014-03-09T05:15:00+00:00,-2053907,4067.472
32402,2014-03-09T05:30:00+00:00,-2053007,4067.493
32402,2014-03-09T05:45:00+00:00,-2052107,4067.514
32402,2014-03-09T06:00:00+00:00,-2051207,4067.536
32402,2014-03-09T06:15:00+00:00,-2050307,4067.555
32402,2014-03-09T06:30:00+00:00,-2049407,4067.576
32402,2014-03-09T06:45:00+00:00,-2048507,4067.595
32402,2014-03-09T07:00:00+00:00,-2047607,4067.611
32402,2014-03-09T07:15:00+00:00,-2046707,4067.625
32402,2014-03-09T07:30:00+00:00,-2045807,4067.638
32402,2014-03-09T07:45:00+00:00,-2044907,4067.646
32402,2014-03-09T08:00:00+00:00,-2044007,4067.651
32402,2014-03-09T08:15:00+00:00,-2043107,4067.659
32402,2014-03-09T08:30:00+00:00,-2042207,4067.659
32402,2014-03-09T08:45:00+00:00,-2041307,4067.657
32402,2014-03-09T09:00:00+00:00,-2040407,4067.650
32402,2014-03-09T09:15:00+00:00,-2039507,4067.643
32402,2014-03-09T09:30:00+00:00,-2038607,4067.633
32402,2014-03-09T09:45:00+00:00,-2037707,4067.622
32402,2014-03-09T10:00:00+00:00,-2036807,4067.605
32402,2014-03-09T10:15:00+00:00,-2035907,4067.591
32402,2014-03-09T10:30:00+00:00,-2035007,4067.571
32402,2014-03-09T10:45:00+00:00,-2034107,4067.553
32402,2014-03-09T11:00:00+00:00,-2033207,4067.535
32402,2014-03-09T11:15:00+00:00,-2032307,4067.515
32402,2014-03-09T11:30:00+00:00,-2031407,4067.497
32402,2014-03-09T11:45:00+00:00,-2030507,4067.479
32402,2014-03-09T12:00:00+00:00,-2029607,4067.463
32402,2014-03-09T12:15:00+00:00,-2028707,4067.448
32402,2014-03-09T12:30:00+00:00,-2027807,4067.433
32402,2014-03-09T12:45:00+00:00,-2026907,4067.417
32402,2014-03-09T13:00:00+00:00,-2026007,4067.404
32402,2014-03-09T13:15:00+00:00,-2025107,4067.396
32402,2014-03-09T13:30:00+00:00,-2024207,4067.390
32402,2014-03-09T13:45:00+00:00,-2023307,4067.386
32402,2014-03-09T14:00:00+00:00,-2022407,4067.389
32402,2014-03-09T14:15:00+00:00,-2021507,4067.392
32402,2014-03-09T14:30:00+00:00,-2020607,4067.398
32402,2014-03-09T14:45:00+00:00,-2019707,4067.408
32402,2014-03-09T15:00:00+00:00,-2018807,4067.420
32402,2014-03-09T15:15:00+00:00,-2017907,4067.437
32402,2014-03-09T15:30:00+00:00,-2017007,4067.452
32402,2014-03-09T15:45:00+00:00,-2016107,4067.473
32402,2014-03-09T16:00:00+00:00,-2015207,4067.496
32402,2014-03-09T16:15:00+00:00,-2014307,4067.525
32402,2014-03-09T16:30:00+00:00,-2013407,4067.553
32402,2014-03-09T16:45:00+00:00,-2012507,4067.580
32402,2014-03-09T17:00:00+00:00,-2011607,4067.611
32402,2014-03-09T17:15:00+00:00,-2010707,4067.642
32402,2014-03-09T17:30:00+00:00,-2009807,4067.671
32402,2014-03-09T17:45:00+00:00,-2008907,4067.702
32402,2014-03-09T18:00:00+00:00,-2008007,4067.736
32402,2014-03-09T18:15:00+00:00,-2007107,4067.763
32402,2014-03-09T18:30:00+00:00,-2006207,4067.793
32402,2014-03-09T18:45:00+00:00,-2005307,4067.822
32402,2014-03-09T19:00:00+00:00,-2004407,4067.848
32402,2014-03-09T19:15:00+00:00,-2003507,4067.870
32402,2014-03-09T19:30:00+00:00,-2002607,4067.894
32402,2014-03-09T19:45:00+00:00,-2001707,4067.913
32402,2014-03-09T20:00:00+00:00,-2000807,4067.927
32402,2014-03-09T20:15:00+00:00,-1999907,4067.939
32402,2014-03-09T20:30:00+00:00,-1999007,4067.945
32402,2014-03-09T20:45:00+00:00,-1998107,4067.950
32402,2014-03-09T21:00:00+00:00,-1997207,4067.949
32402,2014-03-09T21:15:00+00:00,-1996307,4067.948
32402,2014-03-09T21:30:00+00:00,-1995407,4067.946
32402,2014-03-09T21:45:00+00:00,-1994507,4067.934
32402,2014-03-09T22:00:00+00:00,-1993607,4067.922
32402,2014-03-09T22:15:00+00:00,-1992707,4067.904
32402,2014-03-09T22:30:00+00:00,-1991807,4067.888
32402,2014-03-09T22:45:00+00:00,-1990907,4067.868
32402,2014-03-09T23:00:00+00:00,-1990007,4067.843
32402,2014-03-09T23:15:00+00:00,-1989107,4067.817
32402,2014-03-09T23:30:00+00:00,-1988207,4067.792
32402,2014-03-09T23:45:00+00:00,-1987307,4067.762
32402,2014-03-10T00:00:00+00:00,-1986407,4067.733
32402,2014-03-10T00:15:00+00:00,-1985507,4067.698
32402,2014-03-10T00:30:00+00:00,-1984607,4067.664
32402,2014-03-10T00:45:00+00:00,-1983707,4067.632
32402,2014-03-10T01:00:00+00:00,-1982807,4067.599
32402,2014-03-10T01:15:00+00:00,-1981907,4067.565
32402,2014-03-10T01:30:00+00:00,-1981007,4067.532
32402,2014-03-10T01:45:00+00:00,-1980107,4067.503
32402,2014-03-10T02:00:00+00:00,-1979207,4067.473
32402,2014-03-10T02:15:00+00:00,-1978307,4067.443
32402,2014-03-10T02:30:00+00:00,-1977407,4067.420
32402,2014-03-10T02:45:00+00:00,-1976507,4067.397
32402,2014-03-10T03:00:00+00:00,-1975607,4067.377
32402,2014-03-10T03:15:00+00:00,-1974707,4067.360
32402,2014-03-10T03:30:00+00:00,-1973807,4067.348
32402,2014-03-10T03:45:00+00:00,-1972907,4067.336
32402,2014-03-10T04:00:00+00:00,-1972007,4067.332
32402,2014-03-10T04:15:00+00:00,-1971107,4067.332
32402,2014-03-10T04:30:00+00:00,-1970207,4067.337
32402,2014-03-10T04:45:00+00:00,-1969307,4067.343
32402,2014-03-10T05:00:00+00:00,-1968407,4067.355
32402,2014-03-10T05:15:00+00:00,-1967507,4067.367
32402,2014-03-10T05:30:00+00:00,-1966607,4067.380
32402,2014-03-10T05:45:00+00:00,-1965707,4067.394
32402,2014-03-10T06:00:00+00:00,-1964807,4067.414
32402,2014-03-10T06:15:00+00:00,-1963907,4067.431
32402,2014-03-10T06:30:00+00:00,-1963007,4067.454
32402,2014-03-10T06:45:00+00:00,-1962107,4067.477
32402,2014-03-10T07:00:00+00:00,-1961207,4067.497
32402,2014-03-10T07:15:00+00:00,-1960307,4067.520
32402,2014-03-10T07:30:00+00:00,-1959407,4067.543
32402,2014-03-10T07:45:00+00:00,-1958507,4067.563
32402,2014-03-10T08:00:00+00:00,-1957607,4067.582
32402,2014-03-10T08:15:00+00:00,-1956707,4067.599
32402,2014-03-10T08:30:00+00:00,-1955807,4067.616
32402,2014-03-10T08:45:00+00:00,-1954907,4067.634
32402,2014-03-10T09:00:00+00:00,-1954007,4067.650
32402,2014-03-10T09:15:00+00:00,-1953107,4067.661
32402,2014-03-10T09:30:00+00:00,-1952207,4067.670
32402,2014-03-10T09:45:00+00:00,-1951307,4067.673
32402,2014-03-10T10:00:00+00:00,-1950407,4067.673
32402,2014-03-10T10:15:00+00:00,-1949507,4067.672
32402,2014-03-10T10:30:00+00:00,-1948607,4067.666
32402,2014-03-10T10:45:00+00:00,-1947707,4067.663
32402,2014-03-10T11:00:00+00:00,-1946807,4067.654
32402,2014-03-10T11:15:00+00:00,-1945907,4067.643
32402,2014-03-10T11:30:00+00:00,-1945007,4067.632
32402,2014-03-10T11:45:00+00:00,-1944107,4067.619
32402,2014-03-10T12:00:00+00:00,-1943207,4067.603
32402,2014-03-10T12:15:00+00:00,-1942307,4067.585
32402,2014-03-10T12:30:00+00:00,-1941407,4067.566
32402,2014-03-10T12:45:00+00:00,-1940507,4067.547
32402,2014-03-10T13:00:00+00:00,-1939607,4067.529
32402,2014-03-10T13:15:00+00:00,-1938707,4067.511
32402,2014-03-10T13:30:00+00:00,-1937807,4067.495
32402,2014-03-10T13:45:00+00:00,-1936907,4067.480
32402,2014-03-10T14:00:00+00:00,-1936007,4067.467
32402,2014-03-10T14:15:00+00:00,-1935107,4067.456
32402,2014-03-10T14:30:00+00:00,-1934207,4067.445
32402,2014-03-10T14:45:00+00:00,-1933307,4067.438
32402,2014-03-10T15:00:00+00:00,-1932407,4067.430
32402,2014-03-10T15:15:00+00:00,-1931507,4067.428
32402,2014-03-10T15:30:00+00:00,-1930607,4067.429
32402,2014-03-10T15:45:00+00:00,-1929707,4067.432
32402,2014-03-10T16:00:00+00:00,-1928807,4067.439
32402,2014-03-10T16:15:00+00:00,-1927907,4067.450
32402,2014-03-10T16:30:00+00:00,-1927007,4067.465
32402,2014-03-10T16:45:00+00:00,-1926107,4067.478
32402,2014-03-10T17:00:00+00:00,-1925207,4067.500
32402,2014-03-10T17:15:00+00:00,-1924307,4067.524
32402,2014-03-10T17:30:00+00:00,-1923407,4067.550
32402,2014-03-10T17:45:00+00:00,-1922507,4067.578
32402,2014-03-10T18:00:00+00:00,-1921607,4067.607
32402,2014-03-10T18:15:00+00:00,-1920707,4067.636
32402,2014-03-10T18:30:00+00:00,-1919807,4067.671
32402,2014-03-10T18:45:00+00:00,-1918907,4067.701
32402,2014-03-10T19:00:00+00:00,-1918007,4067.734
32402,2014-03-10T19:15:00+00:00,-1917107,4067.767
32402,2014-03-10T19:30:00+00:00,-1916207,4067.798
32402,2014-03-10T19:45:00+00:00,-1915307,4067.828
32402,2014-03-10T20:00:00+00:00,-1914407,4067.855
32402,2014-03-10T20:15:00+00:00,-1913507,4067.883
32402,2014-03-10T20:30:00+00:00,-1912607,4067.906
32402,2014-03-10T20:45:00+00:00,-1911707,4067.927
32402,2014-03-10T21:00:00+00:00,-1910807,4067.944
32402,2014-03-10T21:15:00+00:00,-1909907,4067.961
32402,2014-03-10T21:30:00+00:00,-1909007,4067.971
32402,2014-03-10T21:45:00+00:00,-1908107,4067.977
32402,2014-03-10T22:00:00+00:00,-1907207,4067.981
32402,2014-03-10T22:15:00+00:00,-1906307,4067.984
32402,2014-03-10T22:30:00+00:00,-1905407,4067.980
32402,2014-03-10T22:45:00+00:00,-1904507,4067.971
32402,2014-03-10T23:00:00+00:00,-1903607,4067.962
32402,2014-03-10T23:15:00+00:00,-1902707,4067.942
32402,2014-03-10T23:30:00+00:00,-1901807,4067.925
32402,2014-03-10T23:45:00+00:00,-1900907,4067.904
32402,2014-03-11T00:00:00+00:00,-1900007,4067.876
32402,2014-03-11T00:15:00+00:00,-1899107,4067.849
32402,2014-03-11T00:30:00+00:00,-1898207,4067.820
32402,2014-03-11T00:45:00+00:00,-1897307,4067.789
32402,2014-03-11T01:00:00+00:00,-1896407,4067.757
32402,2014-03-11T01:15:00+00:00,-1895507,4067.721
32402,2014-03-11T01:30:00+00:00,-1894607,4067.682
32402,2014-03-11T01:45:00+00:00,-1893707,4067.646
32402,2014-03-11T02:00:00+00:00,-1892807,4067.608
32402,2014-03-11T02:15:00+00:00,-1891907,4067.570
32402,2014-03-11T02:30:00+00:00,-1891007,4067.535
32402,2014-03-11T02:45:00+00:00,-1890107,4067.499
32402,2014-03-11T03:00:00+00:00,-1889207,4067.465
32402,2014-03-11T03:15:00+00:00,-1888307,4067.435
32402,2014-03-11T03:30:00+00:00,-1887407,4067.404
32402,2014-03-11T03:45:00+00:00,-1886507,4067.380
32402,2014-03-11T04:00:00+00:00,-1885607,4067.357
32402,2014-03-11T04:15:00+00:00,-1884707,4067.339
32402,2014-03-11T04:30:00+00:00,-1883807,4067.322
32402,2014-03-11T04:45:00+00:00,-1882907,4067.312
32402,2014-03-11T05:00:00+00:00,-1882007,4067.307
32402,2014-03-11T05:15:00+00:00,-1881107,4067.304
32402,2014-03-11T05:30:00+00:00,-1880207,4067.305
32402,2014-03-11T05:45:00+00:00,-1879307,4067.313
32402,2014-03-11T06:00:00+00:00,-1878407,4067.322
32402,2014-03-11T06:15:00+00:00,-1877507,4067.335
32402,2014-03-11T06:30:00+00:00,-1876607,4067.350
32402,2014-03-11T06:45:00+00:00,-1875707,4067.368
32402,2014-03-11T07:00:00+00:00,-1874807,4067.389
32402,2014-03-11T07:15:00+00:00,-1873907,4067.411
32402,2014-03-11T07:30:00+00:00,-1873007,4067.434
32402,2014-03-11T07:45:00+00:00,-1872107,4067.463
32402,2014-03-11T08:00:00+00:00,-1871207,4067.491
32402,2014-03-11T08:15:00+00:00,-1870307,4067.518
32402,2014-03-11T08:30:00+00:00,-1869407,4067.544
32402,2014-03-11T08:45:00+00:00,-1868507,4067.569
32402,2014-03-11T09:00:00+00:00,-1867607,4067.593
32402,2014-03-11T09:15:00+00:00,-1866707,4067.616
32402,2014-03-11T09:30:00+00:00,-1865807,4067.637
32402,2014-03-11T09:45:00+00:00,-1864907,4067.653
32402,2014-03-11T10:00:00+00:00,-1864007,4067.668
32402,2014-03-11T10:15:00+00:00,-1863107,4067.678
32402,2014-03-11T10:30:00+00:00,-1862207,4067.689
32402,2014-03-11T10:45:00+00:00,-1861307,4067.696
32402,2014-03-11T11:00:00+00:00,-1860407,4067.700
32402,2014-03-11T11:15:00+00:00,-1859507,4067.700
32402,2014-03-11T11:30:00+00:00,-1858607,4067.695
32402,2014-03-11T11:45:00+00:00,-1857707,4067.688
32402,2014-03-11T12:00:00+00:00,-1856807,4067.677
32402,2014-03-11T12:15:00+00:00,-1855907,4067.667
32402,2014-03-11T12:30:00+00:00,-1855007,4067.650
32402,2014-03-11T12:45:00+00:00,-1854107,4067.630
32402,2014-03-11T13:00:00+00:00,-1853207,4067.612
32402,2014-03-11T13:15:00+00:00,-1852307,4067.592
32402,2014-03-11T13:30:00+00:00,-1851407,4067.569
32402,2014-03-11T13:45:00+00:00,-1850507,4067.546
32402,2014-03-11T14:00:00+00:00,-1849607,4067.520
32402,2014-03-11T14:15:00+00:00,-1848707,4067.499
32402,2014-03-11T14:30:00+00:00,-1847807,4067.476
32402,2014-03-11T14:45:00+00:00,-1846907,4067.454
32402,2014-03-11T15:00:00+00:00,-1846007,4067.435
32402,2014-03-11T15:15:00+00:00,-1845107,4067.419
32402,2014-03-11T15:30:00+00:00,-1844207,4067.402
32402,2014-03-11T15:45:00+00:00,-1843307,4067.391
32402,2014-03-11T16:00:00+00:00,-1842407,4067.381
32402,2014-03-11T16:15:00+00:00,-1841507,4067.373
32402,2014-03-11T16:30:00+00:00,-1840607,4067.371
32402,2014-03-11T16:45:00+00:00,-1839707,4067.373
32402,2014-03-11T17:00:00+00:00,-1838807,4067.381
32402,2014-03-11T17:15:00+00:00,-1837907,4067.390
32402,2014-03-11T17:30:00+00:00,-1837007,4067.403
32402,2014-03-11T17:45:00+00:00,-1836107,4067.421
32402,2014-03-11T18:00:00+00:00,-1835207,4067.444
32402,2014-03-11T18:15:00+00:00,-1834307,4067.470
32402,2014-03-11T18:30:00+00:00,-1833407,4067.500
32402,2014-03-11T18:45:00+00:00,-1832507,4067.529
32402,2014-03-11T19:00:00+00:00,-1831607,4067.563
32402,2014-03-11T19:15:00+00:00,-1830707,4067.593
32402,2014-03-11T19:30:00+00:00,-1829807,4067.631
32402,2014-03-11T19:45:00+00:00,-1828907,4067.669
32402,2014-03-11T20:00:00+00:00,-1828007,4067.710
32402,2014-03-11T20:15:00+00:00,-1827107,4067.743
32402,2014-03-11T20:30:00+00:00,-1826207,4067.780
32402,2014-03-11T20:45:00+00:00,-1825307,4067.812
32402,2014-03-11T21:00:00+00:00,-1824407,4067.843
32402,2014-03-11T21:15:00+00:00,-1823507,4067.872
32402,2014-03-11T21:30:00+00:00,-1822607,4067.897
32402,2014-03-11T21:45:00+00:00,-1821707,4067.923
32402,2014-03-11T22:00:00+00:00,-1820807,4067.945
32402,2014-03-11T22:15:00+00:00,-1819907,4067.963
32402,2014-03-11T22:30:00+00:00,-1819007,4067.980
32402,2014-03-11T22:45:00+00:00,-1818107,4067.986
32402,2014-03-11T23:00:00+00:00,-1817207,4067.992
32402,2014-03-11T23:15:00+00:00,-1816307,4067.993
32402,2014-03-11T23:30:00+00:00,-1815407,4067.985
32402,2014-03-11T23:45:00+00:00,-1814507,4067.977
32402,2014-03-12T00:00:00+00:00,-1813607,4067.962
32402,2014-03-12T00:15:00+00:00,-1812707,4067.942
32402,2014-03-12T00:30:00+00:00,-1811807,4067.919
32402,2014-03-12T00:45:00+00:00,-1810907,4067.893
32402,2014-03-12T01:00:00+00:00,-1810007,4067.861
32402,2014-03-12T01:15:00+00:00,-1809107,4067.825
32402,2014-03-12T01:30:00+00:00,-1808207,4067.789
32402,2014-03-12T01:45:00+00:00,-1807307,4067.752
32402,2014-03-12T02:00:00+00:00,-1806407,4067.712
32402,2014-03-12T02:15:00+00:00,-1805507,4067.666
32402,2014-03-12T02:30:00+00:00,-1804607,4067.626
32402,2014-03-12T02:45:00+00:00,-1803707,4067.583
32402,2014-03-12T03:00:00+00:00,-1802807,4067.540
32402,2014-03-12T03:15:00+00:00,-1801907,4067.497
32402,2014-03-12T03:30:00+00:00,-1801007,4067.457
32402,2014-03-12T03:45:00+00:00,-1800107,4067.423
32402,2014-03-12T04:00:00+00:00,-1799207,4067.383
32402,2014-03-12T04:15:00+00:00,-1798307,4067.353
32402,2014-03-12T04:30:00+00:00,-1797407,4067.322
32402,2014-03-12T04:45:00+00:00,-1796507,4067.299
32402,2014-03-12T05:00:00+00:00,-1795607,4067.279
32402,2014-03-12T05:15:00+00:00,-1794707,4067.262
32402,2014-03-12T05:30:00+00:00,-1793807,4067.253
32402,2014-03-12T05:45:00+00:00,-1792907,4067.246
32402,2014-03-12T06:00:00+00:00,-1792007,4067.245
32402,2014-03-12T06:15:00+00:00,-1791107,4067.248
32402,2014-03-12T06:30:00+00:00,-1790207,4067.257
32402,2014-03-12T06:45:00+00:00,-1789307,4067.269
32402,2014-03-12T07:00:00+00:00,-1788407,4067.286
32402,2014-03-12T07:15:00+00:00,-1787507,4067.306
32402,2014-03-12T07:30:00+00:00,-1786607,4067.329
32402,2014-03-12T07:45:00+00:00,-1785707,4067.359
32402,2014-03-12T08:00:00+00:00,-1784807,4067.387
32402,2014-03-12T08:15:00+00:00,-1783907,4067.415
32402,2014-03-12T08:30:00+00:00,-1783007,4067.449
32402,2014-03-12T08:45:00+00:00,-1782107,4067.483
32402,2014-03-12T09:00:00+00:00,-1781207,4067.518
32402,2014-03-12T09:15:00+00:00,-1780307,4067.552
32402,2014-03-12T09:30:00+00:00,-1779407,4067.586
32402,2014-03-12T09:45:00+00:00,-1778507,4067.616
32402,2014-03-12T10:00:00+00:00,-1777607,4067.643
32402,2014-03-12T10:15:00+00:00,-1776707,4067.670
32402,2014-03-12T10:30:00+00:00,-1775807,4067.692
32402,2014-03-12T10:45:00+00:00,-1774907,4067.711
32402,2014-03-12T11:00:00+00:00,-1774007,4067.726
32402,2014-03-12T11:15:00+00:00,-1773107,4067.736
32402,2014-03-12T11:30:00+00:00,-1772207,4067.744
32402,2014-03-12T11:45:00+00:00,-1771307,4067.749
32402,2014-03-12T12:00:00+00:00,-1770407,4067.746
32402,2014-03-12T12:15:00+00:00,-1769507,4067.743
32402,2014-03-12T12:30:00+00:00,-1768607,4067.737
32402,2014-03-12T12:45:00+00:00,-1767707,4067.725
32402,2014-03-12T13:00:00+00:00,-1766807,4067.704
32402,2014-03-12T13:15:00+00:00,-1765907,4067.686
32402,2014-03-12T13:30:00+00:00,-1765007,4067.664
32402,2014-03-12T13:45:00+00:00,-1764107,4067.638
32402,2014-03-12T14:00:00+00:00,-1763207,4067.614
32402,2014-03-12T14:15:00+00:00,-1762307,4067.585
32402,2014-03-12T14:30:00+00:00,-1761407,4067.556
32402,2014-03-12T14:45:00+00:00,-1760507,4067.530
32402,2014-03-12T15:00:00+00:00,-1759607,4067.500
32402,2014-03-12T15:15:00+00:00,-1758707,4067.473
32402,2014-03-12T15:30:00+00:00,-1757807,4067.447
32402,2014-03-12T15:45:00+00:00,-1756907,4067.421
32402,2014-03-12T16:00:00+00:00,-1756007,4067.393
32402,2014-03-12T16:15:00+00:00,-1755107,4067.374
32402,2014-03-12T16:30:00+00:00,-1754207,4067.357
32402,2014-03-12T16:45:00+00:00,-1753307,4067.344
32402,2014-03-12T17:00:00+00:00,-1752407,4067.336
32402,2014-03-12T17:15:00+00:00,-1751507,4067.333
32402,2014-03-12T17:30:00+00:00,-1750607,4067.332
32402,2014-03-12T17:45:00+00:00,-1749707,4067.335
32402,2014-03-12T18:00:00+00:00,-1748807,4067.346
32402,2014-03-12T18:15:00+00:00,-1747907,4067.361
32402,2014-03-12T18:30:00+00:00,-1747007,4067.378
32402,2014-03-12T18:45:00+00:00,-1746107,4067.405
32402,2014-03-12T19:00:00+00:00,-1745207,4067.434
32402,2014-03-12T19:15:00+00:00,-1744307,4067.467
32402,2014-03-12T19:30:00+00:00,-1743407,4067.501
32402,2014-03-12T19:45:00+00:00,-1742507,4067.538
32402,2014-03-12T20:00:00+00:00,-1741607,4067.581
32402,2014-03-12T20:15:00+00:00,-1740707,4067.623
32402,2014-03-12T20:30:00+00:00,-1739807,4067.665
32402,2014-03-12T20:45:00+00:00,-1738907,4067.706
32402,2014-03-12T21:00:00+00:00,-1738007,4067.748
32402,2014-03-12T21:15:00+00:00,-1737107,4067.790
32402,2014-03-12T21:30:00+00:00,-1736207,4067.831
32402,2014-03-12T21:45:00+00:00,-1735307,4067.867
32402,2014-03-12T22:00:00+00:00,-1734407,4067.902
32402,2014-03-12T22:15:00+00:00,-1733507,4067.932
32402,2014-03-12T22:30:00+00:00,-1732607,4067.963
32402,2014-03-12T22:45:00+00:00,-1731707,4067.985
32402,2014-03-12T23:00:00+00:00,-1730807,4068.006
32402,2014-03-12T23:15:00+00:00,-1729907,4068.022
32402,2014-03-12T23:30:00+00:00,-1729007,4068.030
32402,2014-03-12T23:45:00+00:00,-1728107,4068.035
32402,2014-03-13T00:00:00+00:00,-1727207,4068.034
32402,2014-03-13T00:15:00+00:00,-1726307,4068.029
32402,2014-03-13T00:30:00+00:00,-1725407,4068.017
32402,2014-03-13T00:45:00+00:00,-1724507,4067.997
32402,2014-03-13T01:00:00+00:00,-1723607,4067.975
32402,2014-03-13T01:15:00+00:00,-1722707,4067.949
32402,2014-03-13T01:30:00+00:00,-1721807,4067.916
32402,2014-03-13T01:45:00+00:00,-1720907,4067.880
32402,2014-03-13T02:00:00+00:00,-1720007,4067.842
32402,2014-03-13T02:15:00+00:00,-1719107,4067.800
32402,2014-03-13T02:30:00+00:00,-1718207,4067.754
32402,2014-03-13T02:45:00+00:00,-1717307,4067.707
32402,2014-03-13T03:00:00+00:00,-1716407,4067.659
32402,2014-03-13T03:15:00+00:00,-1715507,4067.609
32402,2014-03-13T03:30:00+00:00,-1714607,4067.564
32402,2014-03-13T03:45:00+00:00,-1713707,4067.514
32402,2014-03-13T04:00:00+00:00,-1712807,4067.469
32402,2014-03-13T04:15:00+00:00,-1711907,4067.426
32402,2014-03-13T04:30:00+00:00,-1711007,4067.384
32402,2014-03-13T04:45:00+00:00,-1710107,4067.344
32402,2014-03-13T05:00:00+00:00,-1709207,4067.308
32402,2014-03-13T05:15:00+00:00,-1708307,4067.277
32402,2014-03-13T05:30:00+00:00,-1707407,4067.251
32402,2014-03-13T05:45:00+00:00,-1706507,4067.229
32402,2014-03-13T06:00:00+00:00,-1705607,4067.214
32402,2014-03-13T06:15:00+00:00,-1704707,4067.204
32402,2014-03-13T06:30:00+00:00,-1703807,4067.200
32402,2014-03-13T06:45:00+00:00,-1702907,4067.202
32402,2014-03-13T07:00:00+00:00,-1702007,4067.210
32402,2014-03-13T07:15:00+00:00,-1701107,4067.225
32402,2014-03-13T07:30:00+00:00,-1700207,4067.242
32402,2014-03-13T07:45:00+00:00,-1699307,4067.266
32402,2014-03-13T08:00:00+00:00,-1698407,4067.296
32402,2014-03-13T08:15:00+00:00,-1697507,4067.326
32402,2014-03-13T08:30:00+00:00,-1696607,4067.363
32402,2014-03-13T08:45:00+00:00,-1695707,4067.400
32402,2014-03-13T09:00:00+00:00,-1694807,4067.442
32402,2014-03-13T09:15:00+00:00,-1693907,4067.490
32402,2014-03-13T09:30:00+00:00,-1693007,4067.528
32402,2014-03-13T09:45:00+00:00,-1692107,4067.572
32402,2014-03-13T10:00:00+00:00,-1691207,4067.613
32402,2014-03-13T10:15:00+00:00,-1690307,4067.652
32402,2014-03-13T10:30:00+00:00,-1689407,4067.687
32402,2014-03-13T10:45:00+00:00,-1688507,4067.722
32402,2014-03-13T11:00:00+00:00,-1687607,4067.750
32402,2014-03-13T11:15:00+00:00,-1686707,4067.776
32402,2014-03-13T11:30:00+00:00,-1685807,4067.798
32402,2014-03-13T11:45:00+00:00,-1684907,4067.811
32402,2014-03-13T12:00:00+00:00,-1684007,4067.825
32402,2014-03-13T12:15:00+00:00,-1683107,4067.830
32402,2014-03-13T12:30:00+00:00,-1682207,4067.829
32402,2014-03-13T12:45:00+00:00,-1681307,4067.823
32402,2014-03-13T13:00:00+00:00,-1680407,4067.812
32402,2014-03-13T13:15:00+00:00,-1679507,4067.798
32402,2014-03-13T13:30:00+00:00,-1678607,4067.778
32402,2014-03-13T13:45:00+00:00,-1677707,4067.755
32402,2014-03-13T14:00:00+00:00,-1676807,4067.729
32402,2014-03-13T14:15:00+00:00,-1675907,4067.700
32402,2014-03-13T14:30:00+00:00,-1675007,4067.668
32402,2014-03-13T14:45:00+00:00,-1674107,4067.634
32402,2014-03-13T15:00:00+00:00,-1673207,4067.597
32402,2014-03-13T15:15:00+00:00,-1672307,4067.562
32402,2014-03-13T15:30:00+00:00,-1671407,4067.527
32402,2014-03-13T15:45:00+00:00,-1670507,4067.489
32402,2014-03-13T16:00:00+00:00,-1669607,4067.454
32402,2014-03-13T16:15:00+00:00,-1668707,4067.421
32402,2014-03-13T16:30:00+00:00,-1667807,4067.388
32402,2014-03-13T16:45:00+00:00,-1666907,4067.365
32402,2014-03-13T17:00:00+00:00,-1666007,4067.341
32402,2014-03-13T17:15:00+00:00,-1665107,4067.322
32402,2014-03-13T17:30:00+00:00,-1664207,4067.306
32402,2014-03-13T17:45:00+00:00,-1663307,4067.296
32402,2014-03-13T18:00:00+00:00,-1662407,4067.288
32402,2014-03-13T18:15:00+00:00,-1661507,4067.291
32402,2014-03-13T18:30:00+00:00,-1660607,4067.300
32402,2014-03-13T18:45:00+00:00,-1659707,4067.314
32402,2014-03-13T19:00:00+00:00,-1658807,4067.335
32402,2014-03-13T19:15:00+00:00,-1657907,4067.355
32402,2014-03-13T19:30:00+00:00,-1657007,4067.387
32402,2014-03-13T19:45:00+00:00,-1656107,4067.421
32402,2014-03-13T20:00:00+00:00,-1655207,4067.458
32402,2014-03-13T20:15:00+00:00,-1654307,4067.499
32402,2014-03-13T20:30:00+00:00,-1653407,4067.543
32402,2014-03-13T20:45:00+00:00,-1652507,4067.589
32402,2014-03-13T21:00:00+00:00,-1651607,4067.635
32402,2014-03-13T21:15:00+00:00,-1650707,4067.684
32402,2014-03-13T21:30:00+00:00,-1649807,4067.732
32402,2014-03-13T21:45:00+00:00,-1648907,4067.779
32402,2014-03-13T22:00:00+00:00,-1648007,4067.828
32402,2014-03-13T22:15:00+00:00,-1647107,4067.874
32402,2014-03-13T22:30:00+00:00,-1646207,4067.917
32402,2014-03-13T22:45:00+00:00,-1645307,4067.958
32402,2014-03-13T23:00:00+00:00,-1644407,4067.990
32402,2014-03-13T23:15:00+00:00,-1643507,4068.020
32402,2014-03-13T23:30:00+00:00,-1642607,4068.044
32402,2014-03-13T23:45:00+00:00,-1641707,4068.061
32402,2014-03-14T00:00:00+00:00,-1640807,4068.074
32402,2014-03-14T00:15:00+00:00,-1639907,4068.083
32402,2014-03-14T00:30:00+00:00,-1639007,4068.085
32402,2014-03-14T00:45:00+00:00,-1638107,4068.082
32402,2014-03-14T01:00:00+00:00,-1637207,4068.069
32402,2014-03-14T01:15:00+00:00,-1636307,4068.052
32402,2014-03-14T01:30:00+00:00,-1635407,4068.031
32402,2014-03-14T01:45:00+00:00,-1634507,4068.001
32402,2014-03-14T02:00:00+00:00,-1633607,4067.969
32402,2014-03-14T02:15:00+00:00,-1632707,4067.928
32402,2014-03-14T02:30:00+00:00,-1631807,4067.886
32402,2014-03-14T02:45:00+00:00,-1630907,4067.840
32402,2014-03-14T03:00:00+00:00,-1630007,4067.793
32402,2014-03-14T03:15:00+00:00,-1629107,4067.738
32402,2014-03-14T03:30:00+00:00,-1628207,4067.684
32402,2014-03-14T03:45:00+00:00,-1627307,4067.634
32402,2014-03-14T04:00:00+00:00,-1626407,4067.579
32402,2014-03-14T04:15:00+00:00,-1625507,4067.528
32402,2014-03-14T04:30:00+00:00,-1624607,4067.476
32402,2014-03-14T04:45:00+00:00,-1623707,4067.427
32402,2014-03-14T05:00:00+00:00,-1622807,4067.380
32402,2014-03-14T05:15:00+00:00,-1621907,4067.338
32402,2014-03-14T05:30:00+00:00,-1621007,4067.299
32402,2014-03-14T05:45:00+00:00,-1620107,4067.264
32402,2014-03-14T06:00:00+00:00,-1619207,4067.238
32402,2014-03-14T06:15:00+00:00,-1618307,4067.212
32402,2014-03-14T06:30:00+00:00,-1617407,4067.199
32402,2014-03-14T06:45:00+00:00,-1616507,4067.189
32402,2014-03-14T07:00:00+00:00,-1615607,4067.185
32402,2014-03-14T07:15:00+00:00,-1614707,4067.186
32402,2014-03-14T07:30:00+00:00,-1613807,4067.193
32402,2014-03-14T07:45:00+00:00,-1612907,4067.208
32402,2014-03-14T08:00:00+00:00,-1612007,4067.229
32402,2014-03-14T08:15:00+00:00,-1611107,4067.257
32402,2014-03-14T08:30:00+00:00,-1610207,4067.289
32402,2014-03-14T08:45:00+00:00,-1609307,4067.329
32402,2014-03-14T09:00:00+00:00,-1608407,4067.370
32402,2014-03-14T09:15:00+00:00,-1607507,4067.417
32402,2014-03-14T09:30:00+00:00,-1606607,4067.463
32402,2014-03-14T09:45:00+00:00,-1605707,4067.510
32402,2014-03-14T10:00:00+00:00,-1604807,4067.559
32402,2014-03-14T10:15:00+00:00,-1603907,4067.607
32402,2014-03-14T10:30:00+00:00,-1603007,4067.652
32402,2014-03-14T10:45:00+00:00,-1602107,4067.696
32402,2014-03-14T11:00:00+00:00,-1601207,4067.735
32402,2014-03-14T11:15:00+00:00,-1600307,4067.773
32402,2014-03-14T11:30:00+00:00,-1599407,4067.808
32402,2014-03-14T11:45:00+00:00,-1598507,4067.838
32402,2014-03-14T12:00:00+00:00,-1597607,4067.863
32402,2014-03-14T12:15:00+00:00,-1596707,4067.881
32402,2014-03-14T12:30:00+00:00,-1595807,4067.892
32402,2014-03-14T12:45:00+00:00,-1594907,4067.897
32402,2014-03-14T13:00:00+00:00,-1594007,4067.898
32402,2014-03-14T13:15:00+00:00,-1593107,4067.892
32402,2014-03-14T13:30:00+00:00,-1592207,4067.882
32402,2014-03-14T13:45:00+00:00,-1591307,4067.865
32402,2014-03-14T14:00:00+00:00,-1590407,4067.841
32402,2014-03-14T14:15:00+00:00,-1589507,4067.813
32402,2014-03-14T14:30:00+00:00,-1588607,4067.782
32402,2014-03-14T14:45:00+00:00,-1587707,4067.747
32402,2014-03-14T15:00:00+00:00,-1586807,4067.710
32402,2014-03-14T15:15:00+00:00,-1585907,4067.667
32402,2014-03-14T15:30:00+00:00,-1585007,4067.624
32402,2014-03-14T15:45:00+00:00,-1584107,4067.582
32402,2014-03-14T16:00:00+00:00,-1583207,4067.542
32402,2014-03-14T16:15:00+00:00,-1582307,4067.497
32402,2014-03-14T16:30:00+00:00,-1581407,4067.457
32402,2014-03-14T16:45:00+00:00,-1580507,4067.417
32402,2014-03-14T17:00:00+00:00,-1579607,4067.380
32402,2014-03-14T17:15:00+00:00,-1578707,4067.346
32402,2014-03-14T17:30:00+00:00,-1577807,4067.318
32402,2014-03-14T17:45:00+00:00,-1576907,4067.289
32402,2014-03-14T18:00:00+00:00,-1576007,4067.268
32402,2014-03-14T18:15:00+00:00,-1575107,4067.251
32402,2014-03-14T18:30:00+00:00,-1574207,4067.244
32402,2014-03-14T18:45:00+00:00,-1573307,4067.238
32402,2014-03-14T19:00:00+00:00,-1572407,4067.244
32402,2014-03-14T19:15:00+00:00,-1571507,4067.255
32402,2014-03-14T19:30:00+00:00,-1570607,4067.270
32402,2014-03-14T19:45:00+00:00,-1569707,4067.295
32402,2014-03-14T20:00:00+00:00,-1568807,4067.324
32402,2014-03-14T20:15:00+00:00,-1567907,4067.360
32402,2014-03-14T20:30:00+00:00,-1567007,4067.399
32402,2014-03-14T20:45:00+00:00,-1566107,4067.441
32402,2014-03-14T21:00:00+00:00,-1565207,4067.487
32402,2014-03-14T21:15:00+00:00,-1564307,4067.537
32402,2014-03-14T21:30:00+00:00,-1563407,4067.592
32402,2014-03-14T21:45:00+00:00,-1562507,4067.644
32402,2014-03-14T22:00:00+00:00,-1561607,4067.699
32402,2014-03-14T22:15:00+00:00,-1560707,4067.752
32402,2014-03-14T22:30:00+00:00,-1559807,4067.804
32402,2014-03-14T22:45:00+00:00,-1558907,4067.855
32402,2014-03-14T23:00:00+00:00,-1558007,4067.902
32402,2014-03-14T23:15:00+00:00,-1557107,4067.944
32402,2014-03-14T23:30:00+00:00,-1556207,4067.983
32402,2014-03-14T23:45:00+00:00,-1555307,4068.016
32402,2014-03-15T00:00:00+00:00,-1554407,4068.043
32402,2014-03-15T00:15:00+00:00,-1553507,4068.066
32402,2014-03-15T00:30:00+00:00,-1552607,4068.083
32402,2014-03-15T00:45:00+00:00,-1551707,4068.092
32402,2014-03-15T01:00:00+00:00,-1550807,4068.095
32402,2014-03-15T01:15:00+00:00,-1549907,4068.094
32402,2014-03-15T01:30:00+00:00,-1549007,4068.082
32402,2014-03-15T01:45:00+00:00,-1548107,4068.064
32402,2014-03-15T02:00:00+00:00,-1547207,4068.039
32402,2014-03-15T02:15:00+00:00,-1546307,4068.009
32402,2014-03-15T02:30:00+00:00,-1545407,4067.974
32402,2014-03-15T02:45:00+00:00,-1544507,4067.932
32402,2014-03-15T03:00:00+00:00,-1543607,4067.889
32402,2014-03-15T03:15:00+00:00,-1542707,4067.842
32402,2014-03-15T03:30:00+00:00,-1541807,4067.792
32402,2014-03-15T03:45:00+00:00,-1540907,4067.734
32402,2014-03-15T04:00:00+00:00,-1540007,4067.677
32402,2014-03-15T04:15:00+00:00,-1539107,4067.620
32402,2014-03-15T04:30:00+00:00,-1538207,4067.563
32402,2014-03-15T04:45:00+00:00,-1537307,4067.503
32402,2014-03-15T05:00:00+00:00,-1536407,4067.448
32402,2014-03-15T05:15:00+00:00,-1535507,4067.397
32402,2014-03-15T05:30:00+00:00,-1534607,4067.346
32402,2014-03-15T05:45:00+00:00,-1533707,4067.301
32402,2014-03-15T06:00:00+00:00,-1532807,4067.260
32402,2014-03-15T06:15:00+00:00,-1531907,4067.223
32402,2014-03-15T06:30:00+00:00,-1531007,4067.193
32402,2014-03-15T06:45:00+00:00,-1530107,4067.168
32402,2014-03-15T07:00:00+00:00,-1529207,4067.151
32402,2014-03-15T07:15:00+00:00,-1528307,4067.142
32402,2014-03-15T07:30:00+00:00,-1527407,4067.139
32402,2014-03-15T07:45:00+00:00,-1526507,4067.144
32402,2014-03-15T08:00:00+00:00,-1525607,4067.155
32402,2014-03-15T08:15:00+00:00,-1524707,4067.174
32402,2014-03-15T08:30:00+00:00,-1523807,4067.196
32402,2014-03-15T08:45:00+00:00,-1522907,4067.226
32402,2014-03-15T09:00:00+00:00,-1522007,4067.265
32402,2014-03-15T09:15:00+00:00,-1521107,4067.304
32402,2014-03-15T09:30:00+00:00,-1520207,4067.352
32402,2014-03-15T09:45:00+00:00,-1519307,4067.398
32402,2014-03-15T10:00:00+00:00,-1518407,4067.451
32402,2014-03-15T10:15:00+00:00,-1517507,4067.503
32402,2014-03-15T10:30:00+00:00,-1516607,4067.554
32402,2014-03-15T10:45:00+00:00,-1515707,4067.610
32402,2014-03-15T11:00:00+00:00,-1514807,4067.662
32402,2014-03-15T11:15:00+00:00,-1513907,4067.708
32402,2014-03-15T11:30:00+00:00,-1513007,4067.754
32402,2014-03-15T11:45:00+00:00,-1512107,4067.795
32402,2014-03-15T12:00:00+00:00,-1511207,4067.834
32402,2014-03-15T12:15:00+00:00,-1510307,4067.869
32402,2014-03-15T12:30:00+00:00,-1509407,4067.894
32402,2014-03-15T12:45:00+00:00,-1508507,4067.919
32402,2014-03-15T13:00:00+00:00,-1507607,4067.932
32402,2014-03-15T13:15:00+00:00,-1506707,4067.938
32402,2014-03-15T13:30:00+00:00,-1505807,4067.937
32402,2014-03-15T13:45:00+00:00,-1504907,4067.931
32402,2014-03-15T14:00:00+00:00,-1504007,4067.920
32402,2014-03-15T14:15:00+00:00,-1503107,4067.901
32402,2014-03-15T14:30:00+00:00,-1502207,4067.875
32402,2014-03-15T14:45:00+00:00,-1501307,4067.846
32402,2014-03-15T15:00:00+00:00,-1500407,4067.809
32402,2014-03-15T15:15:00+00:00,-1499507,4067.769
32402,2014-03-15T15:30:00+00:00,-1498607,4067.725
32402,2014-03-15T15:45:00+00:00,-1497707,4067.677
32402,2014-03-15T16:00:00+00:00,-1496807,4067.628
32402,2014-03-15T16:15:00+00:00,-1495907,4067.578
32402,2014-03-15T16:30:00+00:00,-1495007,4067.530
32402,2014-03-15T16:45:00+00:00,-1494107,4067.482
32402,2014-03-15T17:00:00+00:00,-1493207,4067.433
32402,2014-03-15T17:15:00+00:00,-1492307,4067.390
32402,2014-03-15T17:30:00+00:00,-1491407,4067.349
32402,2014-03-15T17:45:00+00:00,-1490507,4067.307
32402,2014-03-15T18:00:00+00:00,-1489607,4067.274
32402,2014-03-15T18:15:00+00:00,-1488707,4067.242
32402,2014-03-15T18:30:00+00:00,-1487807,4067.217
32402,2014-03-15T18:45:00+00:00,-1486907,4067.199
32402,2014-03-15T19:00:00+00:00,-1486007,4067.188
32402,2014-03-15T19:15:00+00:00,-1485107,4067.184
32402,2014-03-15T19:30:00+00:00,-1484207,4067.186
32402,2014-03-15T19:45:00+00:00,-1483307,4067.195
32402,2014-03-15T20:00:00+00:00,-1482407,4067.215
32402,2014-03-15T20:15:00+00:00,-1481507,4067.237
32402,2014-03-15T20:30:00+00:00,-1480607,4067.264
32402,2014-03-15T20:45:00+00:00,-1479707,4067.300
32402,2014-03-15T21:00:00+00:00,-1478807,4067.340
32402,2014-03-15T21:15:00+00:00,-1477907,4067.385
32402,2014-03-15T21:30:00+00:00,-1477007,4067.436
32402,2014-03-15T21:45:00+00:00,-1476107,4067.488
32402,2014-03-15T22:00:00+00:00,-1475207,4067.546
32402,2014-03-15T22:15:00+00:00,-1474307,4067.603
32402,2014-03-15T22:30:00+00:00,-1473407,4067.659
32402,2014-03-15T22:45:00+00:00,-1472507,4067.717
32402,2014-03-15T23:00:00+00:00,-1471607,4067.771
32402,2014-03-15T23:15:00+00:00,-1470707,4067.824
32402,2014-03-15T23:30:00+00:00,-1469807,4067.874
32402,2014-03-15T23:45:00+00:00,-1468907,4067.923
32402,2014-03-16T00:00:00+00:00,-1468007,4067.965
32402,2014-03-16T00:15:00+00:00,-1467107,4068.000
32402,2014-03-16T00:30:00+00:00,-1466207,4068.033
32402,2014-03-16T00:45:00+00:00,-1465307,4068.059
32402,2014-03-16T01:00:00+00:00,-1464407,4068.078
32402,2014-03-16T01:15:00+00:00,-1463507,4068.093
32402,2014-03-16T01:30:00+00:00,-1462607,4068.097
32402,2014-03-16T01:45:00+00:00,-1461707,4068.096
32402,2014-03-16T02:00:00+00:00,-1460807,4068.084
32402,2014-03-16T02:15:00+00:00,-1459907,4068.069
32402,2014-03-16T02:30:00+00:00,-1459007,4068.047
32402,2014-03-16T02:45:00+00:00,-1458107,4068.017
32402,2014-03-16T03:00:00+00:00,-1457207,4067.979
32402,2014-03-16T03:15:00+00:00,-1456307,4067.936
32402,2014-03-16T03:30:00+00:00,-1455407,4067.889
32402,2014-03-16T03:45:00+00:00,-1454507,4067.838
32402,2014-03-16T04:00:00+00:00,-1453607,4067.785
32402,2014-03-16T04:15:00+00:00,-1452707,4067.726
32402,2014-03-16T04:30:00+00:00,-1451807,4067.668
32402,2014-03-16T04:45:00+00:00,-1450907,4067.609
32402,2014-03-16T05:00:00+00:00,-1450007,4067.552
32402,2014-03-16T05:15:00+00:00,-1449107,4067.493
32402,2014-03-16T05:30:00+00:00,-1448207,4067.435
32402,2014-03-16T05:45:00+00:00,-1447307,4067.378
32402,2014-03-16T06:00:00+00:00,-1446407,4067.328
32402,2014-03-16T06:15:00+00:00,-1445507,4067.282
32402,2014-03-16T06:30:00+00:00,-1444607,4067.238
32402,2014-03-16T06:45:00+00:00,-1443707,4067.201
32402,2014-03-16T07:00:00+00:00,-1442807,4067.172
32402,2014-03-16T07:15:00+00:00,-1441907,4067.149
32402,2014-03-16T07:30:00+00:00,-1441007,4067.133
32402,2014-03-16T07:45:00+00:00,-1440107,4067.125
32402,2014-03-16T08:00:00+00:00,-1439207,4067.127
32402,2014-03-16T08:15:00+00:00,-1438307,4067.133
32402,2014-03-16T08:30:00+00:00,-1437407,4067.147
32402,2014-03-16T08:45:00+00:00,-1436507,4067.170
32402,2014-03-16T09:00:00+00:00,-1435607,4067.196
32402,2014-03-16T09:15:00+00:00,-1434707,4067.230
32402,2014-03-16T09:30:00+00:00,-1433807,4067.270
32402,2014-03-16T09:45:00+00:00,-1432907,4067.314
32402,2014-03-16T10:00:00+00:00,-1432007,4067.362
32402,2014-03-16T10:15:00+00:00,-1431107,4067.418
32402,2014-03-16T10:30:00+00:00,-1430207,4067.473
32402,2014-03-16T10:45:00+00:00,-1429307,4067.529
32402,2014-03-16T11:00:00+00:00,-1428407,4067.587
32402,2014-03-16T11:15:00+00:00,-1427507,4067.646
32402,2014-03-16T11:30:00+00:00,-1426607,4067.700
32402,2014-03-16T11:45:00+00:00,-1425707,4067.754
32402,2014-03-16T12:00:00+00:00,-1424807,4067.804
32402,2014-03-16T12:15:00+00:00,-1423907,4067.850
32402,2014-03-16T12:30:00+00:00,-1423007,4067.891
32402,2014-03-16T12:45:00+00:00,-1422107,4067.925
32402,2014-03-16T13:00:00+00:00,-1421207,4067.954
32402,2014-03-16T13:15:00+00:00,-1420307,4067.975
32402,2014-03-16T13:30:00+00:00,-1419407,4067.991
32402,2014-03-16T13:45:00+00:00,-1418507,4067.997
32402,2014-03-16T14:00:00+00:00,-1417607,4067.997
32402,2014-03-16T14:15:00+00:00,-1416707,4067.989
32402,2014-03-16T14:30:00+00:00,-1415807,4067.977
32402,2014-03-16T14:45:00+00:00,-1414907,4067.955
32402,2014-03-16T15:00:00+00:00,-1414007,4067.926
32402,2014-03-16T15:15:00+00:00,-1413107,4067.893
32402,2014-03-16T15:30:00+00:00,-1412207,4067.855
32402,2014-03-16T15:45:00+00:00,-1411307,4067.810
32402,2014-03-16T16:00:00+00:00,-1410407,4067.764
32402,2014-03-16T16:15:00+00:00,-1409507,4067.715
32402,2014-03-16T16:30:00+00:00,-1408607,4067.662
32402,2014-03-16T16:45:00+00:00,-1407707,4067.611
32402,2014-03-16T17:00:00+00:00,-1406807,4067.557
32402,2014-03-16T17:15:00+00:00,-1405907,4067.503
32402,2014-03-16T17:30:00+00:00,-1405007,4067.452
32402,2014-03-16T17:45:00+00:00,-1404107,4067.401
32402,2014-03-16T18:00:00+00:00,-1403207,4067.351
32402,2014-03-16T18:15:00+00:00,-1402307,4067.312
32402,2014-03-16T18:30:00+00:00,-1401407,4067.274
32402,2014-03-16T18:45:00+00:00,-1400507,4067.238
32402,2014-03-16T19:00:00+00:00,-1399607,4067.213
32402,2014-03-16T19:15:00+00:00,-1398707,4067.191
32402,2014-03-16T19:30:00+00:00,-1397807,4067.177
32402,2014-03-16T19:45:00+00:00,-1396907,4067.172
32402,2014-03-16T20:00:00+00:00,-1396007,4067.170
32402,2014-03-16T20:15:00+00:00,-1395107,4067.177
32402,2014-03-16T20:30:00+00:00,-1394207,4067.192
32402,2014-03-16T20:45:00+00:00,-1393307,4067.212
32402,2014-03-16T21:00:00+00:00,-1392407,4067.238
32402,2014-03-17T01:15:00+00:00,-1377107,4068.050
32402,2014-03-17T01:30:00+00:00,-1376207,4068.071
32402,2014-03-17T01:45:00+00:00,-1375307,4068.086
32402,2014-03-17T02:00:00+00:00,-1374407,4068.093
32402,2014-03-17T02:15:00+00:00,-1373507,4068.090
32402,2014-03-17T02:30:00+00:00,-1372607,4068.081
32402,2014-03-17T02:45:00+00:00,-1371707,4068.064
32402,2014-03-17T03:00:00+00:00,-1370807,4068.040
32402,2014-03-17T03:15:00+00:00,-1369907,4068.011
32402,2014-03-17T03:30:00+00:00,-1369007,4067.974
32402,2014-03-17T03:45:00+00:00,-1368107,4067.933
32402,2014-03-17T04:00:00+00:00,-1367207,4067.888
32402,2014-03-17T04:15:00+00:00,-1366307,4067.840
32402,2014-03-17T04:30:00+00:00,-1365407,4067.782
32402,2014-03-17T04:45:00+00:00,-1364507,4067.725
32402,2014-03-17T05:00:00+00:00,-1363607,4067.666
32402,2014-03-17T05:15:00+00:00,-1362707,4067.605
32402,2014-03-17T05:30:00+00:00,-1361807,4067.542
32402,2014-03-17T05:45:00+00:00,-1360907,4067.484
32402,2014-03-17T06:00:00+00:00,-1360007,4067.425
32402,2014-03-17T06:15:00+00:00,-1359107,4067.373
32402,2014-03-17T06:30:00+00:00,-1358207,4067.319
32402,2014-03-17T06:45:00+00:00,-1357307,4067.270
32402,2014-03-17T07:00:00+00:00,-1356407,4067.229
32402,2014-03-17T07:15:00+00:00,-1355507,4067.194
32402,2014-03-17T07:30:00+00:00,-1354607,4067.162
32402,2014-03-17T07:45:00+00:00,-1353707,4067.142
32402,2014-03-17T08:00:00+00:00,-1352807,4067.129
32402,2014-03-17T08:15:00+00:00,-1351907,4067.119
32402,2014-03-17T08:30:00+00:00,-1351007,4067.121
32402,2014-03-17T08:45:00+00:00,-1350107,4067.131
32402,2014-03-17T09:00:00+00:00,-1349207,4067.149
32402,2014-03-17T09:15:00+00:00,-1348307,4067.173
32402,2014-03-17T09:30:00+00:00,-1347407,4067.205
32402,2014-03-17T09:45:00+00:00,-1346507,4067.240
32402,2014-03-17T10:00:00+00:00,-1345607,4067.280
32402,2014-03-17T10:15:00+00:00,-1344707,4067.329
32402,2014-03-17T10:30:00+00:00,-1343807,4067.382
32402,2014-03-17T10:45:00+00:00,-1342907,4067.435
32402,2014-03-17T11:00:00+00:00,-1342007,4067.493
32402,2014-03-17T11:15:00+00:00,-1341107,4067.554
32402,2014-03-17T11:30:00+00:00,-1340207,4067.616
32402,2014-03-17T11:45:00+00:00,-1339307,4067.678
32402,2014-03-17T12:00:00+00:00,-1338407,4067.735
32402,2014-03-17T12:15:00+00:00,-1337507,4067.793
32402,2014-03-17T12:30:00+00:00,-1336607,4067.843
32402,2014-03-17T12:45:00+00:00,-1335707,4067.886
32402,2014-03-17T13:00:00+00:00,-1334807,4067.929
32402,2014-03-17T13:15:00+00:00,-1333907,4067.962
32402,2014-03-17T13:30:00+00:00,-1333007,4067.992
32402,2014-03-17T13:45:00+00:00,-1332107,4068.016
32402,2014-03-17T14:00:00+00:00,-1331207,4068.032
32402,2014-03-17T14:15:00+00:00,-1330307,4068.043
32402,2014-03-17T14:30:00+00:00,-1329407,4068.041
32402,2014-03-17T14:45:00+00:00,-1328507,4068.035
32402,2014-03-17T15:00:00+00:00,-1327607,4068.021
32402,2014-03-17T15:15:00+00:00,-1326707,4068.002
32402,2014-03-17T15:30:00+00:00,-1325807,4067.972
32402,2014-03-17T15:45:00+00:00,-1324907,4067.939
32402,2014-03-17T16:00:00+00:00,-1324007,4067.899
32402,2014-03-17T16:15:00+00:00,-1323107,4067.853
32402,2014-03-17T16:30:00+00:00,-1322207,4067.803
32402,2014-03-17T16:45:00+00:00,-1321307,4067.750
32402,2014-03-17T17:00:00+00:00,-1320407,4067.694
32402,2014-03-17T17:15:00+00:00,-1319507,4067.637
32402,2014-03-17T17:30:00+00:00,-1318607,4067.579
32402,2014-03-17T17:45:00+00:00,-1317707,4067.525
32402,2014-03-17T18:00:00+00:00,-1316807,4067.470
32402,2014-03-17T18:15:00+00:00,-1315907,4067.413
32402,2014-03-17T18:30:00+00:00,-1315007,4067.361
32402,2014-03-17T18:45:00+00:00,-1314107,4067.311
32402,2014-03-17T19:00:00+00:00,-1313207,4067.269
32402,2014-03-17T19:15:00+00:00,-1312307,4067.231
32402,2014-03-17T19:30:00+00:00,-1311407,4067.205
32402,2014-03-17T19:45:00+00:00,-1310507,4067.180
32402,2014-03-17T20:00:00+00:00,-1309607,4067.163
32402,2014-03-17T20:15:00+00:00,-1308707,4067.153
32402,2014-03-17T20:30:00+00:00,-1307807,4067.152
32402,2014-03-17T20:45:00+00:00,-1306907,4067.157
32402,2014-03-17T21:00:00+00:00,-1306007,4067.172
32402,2014-03-17T21:15:00+00:00,-1305107,4067.190
32402,2014-03-17T21:30:00+00:00,-1304207,4067.215
32402,2014-03-17T21:45:00+00:00,-1303307,4067.247
32402,2014-03-17T22:00:00+00:00,-1302407,4067.285
32402,2014-03-17T22:15:00+00:00,-1301507,4067.332
32402,2014-03-17T22:30:00+00:00,-1300607,4067.379
32402,2014-03-17T22:45:00+00:00,-1299707,4067.435
32402,2014-03-17T23:00:00+00:00,-1298807,4067.493
32402,2014-03-17T23:15:00+00:00,-1297907,4067.551
32402,2014-03-17T23:30:00+00:00,-1297007,4067.608
32402,2014-03-17T23:45:00+00:00,-1296107,4067.666
32402,2014-03-18T00:00:00+00:00,-1295207,4067.722
32402,2014-03-18T00:15:00+00:00,-1294307,4067.781
32402,2014-03-18T00:30:00+00:00,-1293407,4067.835
32402,2014-03-18T00:45:00+00:00,-1292507,4067.885
32402,2014-03-18T01:00:00+00:00,-1291607,4067.933
32402,2014-03-18T01:15:00+00:00,-1290707,4067.975
32402,2014-03-18T01:30:00+00:00,-1289807,4068.009
32402,2014-03-18T01:45:00+00:00,-1288907,4068.039
32402,2014-03-18T02:00:00+00:00,-1288007,4068.059
32402,2014-03-18T02:15:00+00:00,-1287107,4068.072
32402,2014-03-18T02:30:00+00:00,-1286207,4068.077
32402,2014-03-18T02:45:00+00:00,-1285307,4068.081
32402,2014-03-18T03:00:00+00:00,-1284407,4068.072
32402,2014-03-18T03:15:00+00:00,-1283507,4068.054
32402,2014-03-18T03:30:00+00:00,-1282607,4068.034
32402,2014-03-18T03:45:00+00:00,-1281707,4068.004
32402,2014-03-18T04:00:00+00:00,-1280807,4067.969
32402,2014-03-18T04:15:00+00:00,-1279907,4067.930
32402,2014-03-18T04:30:00+00:00,-1279007,4067.885
32402,2014-03-18T04:45:00+00:00,-1278107,4067.837
32402,2014-03-18T05:00:00+00:00,-1277207,4067.784
32402,2014-03-18T05:15:00+00:00,-1276307,4067.727
32402,2014-03-18T05:30:00+00:00,-1275407,4067.672
32402,2014-03-18T05:45:00+00:00,-1274507,4067.612
32402,2014-03-18T06:00:00+00:00,-1273607,4067.553
32402,2014-03-18T06:15:00+00:00,-1272707,4067.495
32402,2014-03-18T06:30:00+00:00,-1271807,4067.437
32402,2014-03-18T06:45:00+00:00,-1270907,4067.384
32402,2014-03-18T07:00:00+00:00,-1270007,4067.332
32402,2014-03-18T07:15:00+00:00,-1269107,4067.285
32402,2014-03-18T07:30:00+00:00,-1268207,4067.243
32402,2014-03-18T07:45:00+00:00,-1267307,4067.210
32402,2014-03-18T08:00:00+00:00,-1266407,4067.178
32402,2014-03-18T08:15:00+00:00,-1265507,4067.156
32402,2014-03-18T08:30:00+00:00,-1264607,4067.143
32402,2014-03-18T08:45:00+00:00,-1263707,4067.137
32402,2014-03-18T09:00:00+00:00,-1262807,4067.139
32402,2014-03-18T09:15:00+00:00,-1261907,4067.147
32402,2014-03-18T09:30:00+00:00,-1261007,4067.167
32402,2014-03-18T09:45:00+00:00,-1260107,4067.193
32402,2014-03-18T10:00:00+00:00,-1259207,4067.221
32402,2014-03-18T10:15:00+00:00,-1258307,4067.258
32402,2014-03-18T10:30:00+00:00,-1257407,4067.299
32402,2014-03-18T10:45:00+00:00,-1256507,4067.347
32402,2014-03-18T11:00:00+00:00,-1255607,4067.400
32402,2014-03-18T11:15:00+00:00,-1254707,4067.457
32402,2014-03-18T11:30:00+00:00,-1253807,4067.518
32402,2014-03-18T11:45:00+00:00,-1252907,4067.579
32402,2014-03-18T12:00:00+00:00,-1252007,4067.642
32402,2014-03-18T12:15:00+00:00,-1251107,4067.706
32402,2014-03-18T12:30:00+00:00,-1250207,4067.766
32402,2014-03-18T12:45:00+00:00,-1249307,4067.821
32402,2014-03-18T13:00:00+00:00,-1248407,4067.877
32402,2014-03-18T13:15:00+00:00,-1247507,4067.923
32402,2014-03-18T13:30:00+00:00,-1246607,4067.967
32402,2014-03-18T13:45:00+00:00,-1245707,4068.008
32402,2014-03-18T14:00:00+00:00,-1244807,4068.042
32402,2014-03-18T14:15:00+00:00,-1243907,4068.068
32402,2014-03-18T14:30:00+00:00,-1243007,4068.087
32402,2014-03-18T14:45:00+00:00,-1242107,4068.098
32402,2014-03-18T15:00:00+00:00,-1241207,4068.100
32402,2014-03-18T15:15:00+00:00,-1240307,4068.093
32402,2014-03-18T15:30:00+00:00,-1239407,4068.076
32402,2014-03-18T15:45:00+00:00,-1238507,4068.054
32402,2014-03-18T16:00:00+00:00,-1237607,4068.025
32402,2014-03-18T16:15:00+00:00,-1236707,4067.987
32402,2014-03-18T16:30:00+00:00,-1235807,4067.946
32402,2014-03-18T16:45:00+00:00,-1234907,4067.902
32402,2014-03-18T17:00:00+00:00,-1234007,4067.852
32402,2014-03-18T17:15:00+00:00,-1233107,4067.799
32402,2014-03-18T17:30:00+00:00,-1232207,4067.745
32402,2014-03-18T17:45:00+00:00,-1231307,4067.688
32402,2014-03-18T18:00:00+00:00,-1230407,4067.628
32402,2014-03-18T18:15:00+00:00,-1229507,4067.571
32402,2014-03-18T18:30:00+00:00,-1228607,4067.512
32402,2014-03-18T18:45:00+00:00,-1227707,4067.455
32402,2014-03-18T19:00:00+00:00,-1226807,4067.402
32402,2014-03-18T19:15:00+00:00,-1225907,4067.351
32402,2014-03-18T19:30:00+00:00,-1225007,4067.306
32402,2014-03-18T19:45:00+00:00,-1224107,4067.266
32402,2014-03-18T20:00:00+00:00,-1223207,4067.233
32402,2014-03-18T20:15:00+00:00,-1222307,4067.208
32402,2014-03-18T20:30:00+00:00,-1221407,4067.185
32402,2014-03-18T20:45:00+00:00,-1220507,4067.172
32402,2014-03-18T21:00:00+00:00,-1219607,4067.165
32402,2014-03-18T21:15:00+00:00,-1218707,4067.166
32402,2014-03-18T21:30:00+00:00,-1217807,4067.176
32402,2014-03-18T21:45:00+00:00,-1216907,4067.189
32402,2014-03-18T22:00:00+00:00,-1216007,4067.210
32402,2014-03-18T22:15:00+00:00,-1215107,4067.235
32402,2014-03-18T22:30:00+00:00,-1214207,4067.270
32402,2014-03-18T22:45:00+00:00,-1213307,4067.310
32402,2014-03-18T23:00:00+00:00,-1212407,4067.356
32402,2014-03-18T23:15:00+00:00,-1211507,4067.405
32402,2014-03-18T23:30:00+00:00,-1210607,4067.459
32402,2014-03-18T23:45:00+00:00,-1209707,4067.515
32402,2014-03-19T00:00:00+00:00,-1208807,4067.571
32402,2014-03-19T00:15:00+00:00,-1207907,4067.629
32402,2014-03-19T00:30:00+00:00,-1207007,4067.684
32402,2014-03-19T00:45:00+00:00,-1206107,4067.739
32402,2014-03-19T01:00:00+00:00,-1205207,4067.791
32402,2014-03-19T01:15:00+00:00,-1204307,4067.841
32402,2014-03-19T01:30:00+00:00,-1203407,4067.888
32402,2014-03-19T01:45:00+00:00,-1202507,4067.927
32402,2014-03-19T02:00:00+00:00,-1201607,4067.962
32402,2014-03-19T02:15:00+00:00,-1200707,4067.988
32402,2014-03-19T02:30:00+00:00,-1199807,4068.008
32402,2014-03-19T02:45:00+00:00,-1198907,4068.022
32402,2014-03-19T03:00:00+00:00,-1198007,4068.028
32402,2014-03-19T03:15:00+00:00,-1197107,4068.028
32402,2014-03-19T03:30:00+00:00,-1196207,4068.022
32402,2014-03-19T03:45:00+00:00,-1195307,4068.010
32402,2014-03-19T04:00:00+00:00,-1194407,4067.993
32402,2014-03-19T04:15:00+00:00,-1193507,4067.965
32402,2014-03-19T04:30:00+00:00,-1192607,4067.934
32402,2014-03-19T04:45:00+00:00,-1191707,4067.897
32402,2014-03-19T05:00:00+00:00,-1190807,4067.853
32402,2014-03-19T05:15:00+00:00,-1189907,4067.807
32402,2014-03-19T05:30:00+00:00,-1189007,4067.755
32402,2014-03-19T05:45:00+00:00,-1188107,4067.699
32402,2014-03-19T06:00:00+00:00,-1187207,4067.644
32402,2014-03-19T06:15:00+00:00,-1186307,4067.585
32402,2014-03-19T06:30:00+00:00,-1185407,4067.528
32402,2014-03-19T06:45:00+00:00,-1184507,4067.469
32402,2014-03-19T07:00:00+00:00,-1183607,4067.417
32402,2014-03-19T07:15:00+00:00,-1182707,4067.362
32402,2014-03-19T07:30:00+00:00,-1181807,4067.309
32402,2014-03-19T07:45:00+00:00,-1180907,4067.265
32402,2014-03-19T08:00:00+00:00,-1180007,4067.226
32402,2014-03-19T08:15:00+00:00,-1179107,4067.194
32402,2014-03-19T08:30:00+00:00,-1178207,4067.168
32402,2014-03-19T08:45:00+00:00,-1177307,4067.147
32402,2014-03-19T09:00:00+00:00,-1176407,4067.137
32402,2014-03-19T09:15:00+00:00,-1175507,4067.133
32402,2014-03-19T09:30:00+00:00,-1174607,4067.132
32402,2014-03-19T09:45:00+00:00,-1173707,4067.143
32402,2014-03-19T10:00:00+00:00,-1172807,4067.159
32402,2014-03-19T10:15:00+00:00,-1171907,4067.182
32402,2014-03-19T10:30:00+00:00,-1171007,4067.213
32402,2014-03-19T10:45:00+00:00,-1170107,4067.248
32402,2014-03-19T11:00:00+00:00,-1169207,4067.291
32402,2014-03-19T11:15:00+00:00,-1168307,4067.340
32402,2014-03-19T11:30:00+00:00,-1167407,4067.394
32402,2014-03-19T11:45:00+00:00,-1166507,4067.449
32402,2014-03-19T12:00:00+00:00,-1165607,4067.510
32402,2014-03-19T12:15:00+00:00,-1164707,4067.572
32402,2014-03-19T12:30:00+00:00,-1163807,4067.632
32402,2014-03-19T12:45:00+00:00,-1162907,4067.693
32402,2014-03-19T13:00:00+00:00,-1162007,4067.752
32402,2014-03-19T13:15:00+00:00,-1161107,4067.811
32402,2014-03-19T13:30:00+00:00,-1160207,4067.862
32402,2014-03-19T13:45:00+00:00,-1159307,4067.914
32402,2014-03-19T14:00:00+00:00,-1158407,4067.964
32402,2014-03-19T14:15:00+00:00,-1157507,4068.004
32402,2014-03-19T14:30:00+00:00,-1156607,4068.039
32402,2014-03-19T14:45:00+00:00,-1155707,4068.065
32402,2014-03-19T15:00:00+00:00,-1154807,4068.086
32402,2014-03-19T15:15:00+00:00,-1153907,4068.097
32402,2014-03-19T15:30:00+00:00,-1153007,4068.101
32402,2014-03-19T15:45:00+00:00,-1152107,4068.096
32402,2014-03-19T16:00:00+00:00,-1151207,4068.088
32402,2014-03-19T16:15:00+00:00,-1150307,4068.066
32402,2014-03-19T16:30:00+00:00,-1149407,4068.039
32402,2014-03-19T16:45:00+00:00,-1148507,4068.007
32402,2014-03-19T17:00:00+00:00,-1147607,4067.968
32402,2014-03-19T17:15:00+00:00,-1146707,4067.925
32402,2014-03-19T17:30:00+00:00,-1145807,4067.879
32402,2014-03-19T17:45:00+00:00,-1144907,4067.823
32402,2014-03-19T18:00:00+00:00,-1144007,4067.770
32402,2014-03-19T18:15:00+00:00,-1143107,4067.713
32402,2014-03-19T18:30:00+00:00,-1142207,4067.652
32402,2014-03-19T18:45:00+00:00,-1141307,4067.591
32402,2014-03-19T19:00:00+00:00,-1140407,4067.536
32402,2014-03-19T19:15:00+00:00,-1139507,4067.477
32402,2014-03-19T19:30:00+00:00,-1138607,4067.423
32402,2014-03-19T19:45:00+00:00,-1137707,4067.374
32402,2014-03-19T20:00:00+00:00,-1136807,4067.324
32402,2014-03-19T20:15:00+00:00,-1135907,4067.283
32402,2014-03-19T20:30:00+00:00,-1135007,4067.248
32402,2014-03-19T20:45:00+00:00,-1134107,4067.219
32402,2014-03-19T21:00:00+00:00,-1133207,4067.197
32402,2014-03-19T21:15:00+00:00,-1132307,4067.182
32402,2014-03-19T21:30:00+00:00,-1131407,4067.173
32402,2014-03-19T21:45:00+00:00,-1130507,4067.171
32402,2014-03-19T22:00:00+00:00,-1129607,4067.177
32402,2014-03-19T22:15:00+00:00,-1128707,4067.187
32402,2014-03-19T22:30:00+00:00,-1127807,4067.202
32402,2014-03-19T22:45:00+00:00,-1126907,4067.227
32402,2014-03-19T23:00:00+00:00,-1126007,4067.257
32402,2014-03-19T23:15:00+00:00,-1125107,4067.289
32402,2014-03-19T23:30:00+00:00,-1124207,4067.332
32402,2014-03-19T23:45:00+00:00,-1123307,4067.377
32402,2014-03-20T00:00:00+00:00,-1122407,4067.424
32402,2014-03-20T00:15:00+00:00,-1121507,4067.473
32402,2014-03-20T00:30:00+00:00,-1120607,4067.523
32402,2014-03-20T00:45:00+00:00,-1119707,4067.576
32402,2014-03-20T01:00:00+00:00,-1118807,4067.631
32402,2014-03-20T01:15:00+00:00,-1117907,4067.682
32402,2014-03-20T01:30:00+00:00,-1117007,4067.734
32402,2014-03-20T01:45:00+00:00,-1116107,4067.778
32402,2014-03-20T02:00:00+00:00,-1115207,4067.819
32402,2014-03-20T02:15:00+00:00,-1114307,4067.857
32402,2014-03-20T02:30:00+00:00,-1113407,4067.889
32402,2014-03-20T02:45:00+00:00,-1112507,4067.916
32402,2014-03-20T03:00:00+00:00,-1111607,4067.938
32402,2014-03-20T03:15:00+00:00,-1110707,4067.955
32402,2014-03-20T03:30:00+00:00,-1109807,4067.964
32402,2014-03-20T03:45:00+00:00,-1108907,4067.966
32402,2014-03-20T04:00:00+00:00,-1108007,4067.963
32402,2014-03-20T04:15:00+00:00,-1107107,4067.949
32402,2014-03-20T04:30:00+00:00,-1106207,4067.933
32402,2014-03-20T04:45:00+00:00,-1105307,4067.909
32402,2014-03-20T05:00:00+00:00,-1104407,4067.880
32402,2014-03-20T05:15:00+00:00,-1103507,4067.843
32402,2014-03-20T05:30:00+00:00,-1102607,4067.803
32402,2014-03-20T05:45:00+00:00,-1101707,4067.761
32402,2014-03-20T06:00:00+00:00,-1100807,4067.714
32402,2014-03-20T06:15:00+00:00,-1099907,4067.669
32402,2014-03-20T06:30:00+00:00,-1099007,4067.616
32402,2014-03-20T06:45:00+00:00,-1098107,4067.565
32402,2014-03-20T07:00:00+00:00,-1097207,4067.512
32402,2014-03-20T07:15:00+00:00,-1096307,4067.462
32402,2014-03-20T07:30:00+00:00,-1095407,4067.409
32402,2014-03-20T07:45:00+00:00,-1094507,4067.361
32402,2014-03-20T08:00:00+00:00,-1093607,4067.315
32402,2014-03-20T08:15:00+00:00,-1092707,4067.273
32402,2014-03-20T08:30:00+00:00,-1091807,4067.238
32402,2014-03-20T08:45:00+00:00,-1090907,4067.209
32402,2014-03-20T09:00:00+00:00,-1090007,4067.185
32402,2014-03-20T09:15:00+00:00,-1089107,4067.168
32402,2014-03-20T09:30:00+00:00,-1088207,4067.157
32402,2014-03-20T09:45:00+00:00,-1087307,4067.153
32402,2014-03-20T10:00:00+00:00,-1086407,4067.158
32402,2014-03-20T10:15:00+00:00,-1085507,4067.169
32402,2014-03-20T10:30:00+00:00,-1084607,4067.184
32402,2014-03-20T10:45:00+00:00,-1083707,4067.210
32402,2014-03-20T11:00:00+00:00,-1082807,4067.238
32402,2014-03-20T11:15:00+00:00,-1081907,4067.273
32402,2014-03-20T11:30:00+00:00,-1081007,4067.310
32402,2014-03-20T11:45:00+00:00,-1080107,4067.359
32402,2014-03-20T12:00:00+00:00,-1079207,4067.411
32402,2014-03-20T12:15:00+00:00,-1078307,4067.466
32402,2014-03-20T12:30:00+00:00,-1077407,4067.523
32402,2014-03-20T12:45:00+00:00,-1076507,4067.585
32402,2014-03-20T13:00:00+00:00,-1075607,4067.646
32402,2014-03-20T13:15:00+00:00,-1074707,4067.703
32402,2014-03-20T13:30:00+00:00,-1073807,4067.763
32402,2014-03-20T13:45:00+00:00,-1072907,4067.822
32402,2014-03-20T14:00:00+00:00,-1072007,4067.874
32402,2014-03-20T14:15:00+00:00,-1071107,4067.926
32402,2014-03-20T14:30:00+00:00,-1070207,4067.969
32402,2014-03-20T14:45:00+00:00,-1069307,4068.010
32402,2014-03-20T15:00:00+00:00,-1068407,4068.044
32402,2014-03-20T15:15:00+00:00,-1067507,4068.072
32402,2014-03-20T15:30:00+00:00,-1066607,4068.093
32402,2014-03-20T15:45:00+00:00,-1065707,4068.108
32402,2014-03-20T16:00:00+00:00,-1064807,4068.113
32402,2014-03-20T16:15:00+00:00,-1063907,4068.109
32402,2014-03-20T16:30:00+00:00,-1063007,4068.102
32402,2014-03-20T16:45:00+00:00,-1062107,4068.086
32402,2014-03-20T17:00:00+00:00,-1061207,4068.061
32402,2014-03-20T17:15:00+00:00,-1060307,4068.034
32402,2014-03-20T17:30:00+00:00,-1059407,4068.001
32402,2014-03-20T17:45:00+00:00,-1058507,4067.962
32402,2014-03-20T18:00:00+00:00,-1057607,4067.917
32402,2014-03-20T18:15:00+00:00,-1056707,4067.869
32402,2014-03-20T18:30:00+00:00,-1055807,4067.820
32402,2014-03-20T18:45:00+00:00,-1054907,4067.764
32402,2014-03-20T19:00:00+00:00,-1054007,4067.709
32402,2014-03-20T19:15:00+00:00,-1053107,4067.652
32402,2014-03-20T19:30:00+00:00,-1052207,4067.596
32402,2014-03-20T19:45:00+00:00,-1051307,4067.543
32402,2014-03-20T20:00:00+00:00,-1050407,4067.487
32402,2014-03-20T20:15:00+00:00,-1049507,4067.437
32402,2014-03-20T20:30:00+00:00,-1048607,4067.389
32402,2014-03-20T20:45:00+00:00,-1047707,4067.347
32402,2014-03-20T21:00:00+00:00,-1046807,4067.311
32402,2014-03-20T21:15:00+00:00,-1045907,4067.276
32402,2014-03-20T21:30:00+00:00,-1045007,4067.253
32402,2014-03-20T21:45:00+00:00,-1044107,4067.230
32402,2014-03-20T22:00:00+00:00,-1043207,4067.216
32402,2014-03-20T22:15:00+00:00,-1042307,4067.210
32402,2014-03-20T22:30:00+00:00,-1041407,4067.210
32402,2014-03-20T22:45:00+00:00,-1040507,4067.213
32402,2014-03-20T23:00:00+00:00,-1039607,4067.223
32402,2014-03-20T23:15:00+00:00,-1038707,4067.240
32402,2014-03-20T23:30:00+00:00,-1037807,4067.263
32402,2014-03-20T23:45:00+00:00,-1036907,4067.290
32402,2014-03-21T00:00:00+00:00,-1036007,4067.324
32402,2014-03-21T00:15:00+00:00,-1035107,4067.361
32402,2014-03-21T00:30:00+00:00,-1034207,4067.404
32402,2014-03-21T00:45:00+00:00,-1033307,4067.445
32402,2014-03-21T01:00:00+00:00,-1032407,4067.491
32402,2014-03-21T01:15:00+00:00,-1031507,4067.537
32402,2014-03-21T01:30:00+00:00,-1030607,4067.583
32402,2014-03-21T01:45:00+00:00,-1029707,4067.626
32402,2014-03-21T02:00:00+00:00,-1028807,4067.668
32402,2014-03-21T02:15:00+00:00,-1027907,4067.708
32402,2014-03-21T02:30:00+00:00,-1027007,4067.749
32402,2014-03-21T02:45:00+00:00,-1026107,4067.783
32402,2014-03-21T03:00:00+00:00,-1025207,4067.813
32402,2014-03-21T03:15:00+00:00,-1024307,4067.839
32402,2014-03-21T03:30:00+00:00,-1023407,4067.861
32402,2014-03-21T03:45:00+00:00,-1022507,4067.878
32402,2014-03-21T04:00:00+00:00,-1021607,4067.891
32402,2014-03-21T04:15:00+00:00,-1020707,4067.895
32402,2014-03-21T04:30:00+00:00,-1019807,4067.894
32402,2014-03-21T04:45:00+00:00,-1018907,4067.891
32402,2014-03-21T05:00:00+00:00,-1018007,4067.878
32402,2014-03-21T05:15:00+00:00,-1017107,4067.862
32402,2014-03-21T05:30:00+00:00,-1016207,4067.842
32402,2014-03-21T05:45:00+00:00,-1015307,4067.813
32402,2014-03-21T06:00:00+00:00,-1014407,4067.781
32402,2014-03-21T06:15:00+00:00,-1013507,4067.743
32402,2014-03-21T06:30:00+00:00,-1012607,4067.707
32402,2014-03-21T06:45:00+00:00,-1011707,4067.666
32402,2014-03-21T07:00:00+00:00,-1010807,4067.622
32402,2014-03-21T07:15:00+00:00,-1009907,4067.580
32402,2014-03-21T07:30:00+00:00,-1009007,4067.533
32402,2014-03-21T07:45:00+00:00,-1008107,4067.488
32402,2014-03-21T08:00:00+00:00,-1007207,4067.443
32402,2014-03-21T08:15:00+00:00,-1006307,4067.399
32402,2014-03-21T08:30:00+00:00,-1005407,4067.359
32402,2014-03-21T08:45:00+00:00,-1004507,4067.323
32402,2014-03-21T09:00:00+00:00,-1003607,4067.290
32402,2014-03-21T09:15:00+00:00,-1002707,4067.265
32402,2014-03-21T09:30:00+00:00,-1001807,4067.243
32402,2014-03-21T09:45:00+00:00,-1000907,4067.226
32402,2014-03-21T10:00:00+00:00,-1000007,4067.216
32402,2014-03-21T10:15:00+00:00,-999107,4067.213
32402,2014-03-21T10:30:00+00:00,-998207,4067.212
32402,2014-03-21T10:45:00+00:00,-997307,4067.219
32402,2014-03-21T11:00:00+00:00,-996407,4067.233
32402,2014-03-21T11:15:00+00:00,-995507,4067.250
32402,2014-03-21T11:30:00+00:00,-994607,4067.275
32402,2014-03-21T11:45:00+00:00,-993707,4067.307
32402,2014-03-21T12:00:00+00:00,-992807,4067.343
32402,2014-03-21T12:15:00+00:00,-991907,4067.385
32402,2014-03-21T12:30:00+00:00,-991007,4067.428
32402,2014-03-21T12:45:00+00:00,-990107,4067.478
32402,2014-03-21T13:00:00+00:00,-989207,4067.531
32402,2014-03-21T13:15:00+00:00,-988307,4067.585
32402,2014-03-21T13:30:00+00:00,-987407,4067.640
32402,2014-03-21T13:45:00+00:00,-986507,4067.693
32402,2014-03-21T14:00:00+00:00,-985607,4067.746
32402,2014-03-21T14:15:00+00:00,-984707,4067.801
32402,2014-03-21T14:30:00+00:00,-983807,4067.852
32402,2014-03-21T14:45:00+00:00,-982907,4067.902
32402,2014-03-21T15:00:00+00:00,-982007,4067.948
32402,2014-03-21T15:15:00+00:00,-981107,4067.991
32402,2014-03-21T15:30:00+00:00,-980207,4068.026
32402,2014-03-21T15:45:00+00:00,-979307,4068.057
32402,2014-03-21T16:00:00+00:00,-978407,4068.084
32402,2014-03-21T16:15:00+00:00,-977507,4068.101
32402,2014-03-21T16:30:00+00:00,-976607,4068.110
32402,2014-03-21T16:45:00+00:00,-975707,4068.115
32402,2014-03-21T17:00:00+00:00,-974807,4068.111
32402,2014-03-21T17:15:00+00:00,-973907,4068.105
32402,2014-03-21T17:30:00+00:00,-973007,4068.091
32402,2014-03-21T17:45:00+00:00,-972107,4068.069
32402,2014-03-21T18:00:00+00:00,-971207,4068.044
32402,2014-03-21T18:15:00+00:00,-970307,4068.009
32402,2014-03-21T18:30:00+00:00,-969407,4067.971
32402,2014-03-21T18:45:00+00:00,-968507,4067.926
32402,2014-03-21T19:00:00+00:00,-967607,4067.883
32402,2014-03-21T19:15:00+00:00,-966707,4067.831
32402,2014-03-21T19:30:00+00:00,-965807,4067.783
32402,2014-03-21T19:45:00+00:00,-964907,4067.733
32402,2014-03-21T20:00:00+00:00,-964007,4067.681
32402,2014-03-21T20:15:00+00:00,-963107,4067.632
32402,2014-03-21T20:30:00+00:00,-962207,4067.581
32402,2014-03-21T20:45:00+00:00,-961307,4067.532
32402,2014-03-21T21:00:00+00:00,-960407,4067.486
32402,2014-03-21T21:15:00+00:00,-959507,4067.442
32402,2014-03-21T21:30:00+00:00,-958607,4067.402
32402,2014-03-21T21:45:00+00:00,-957707,4067.368
32402,2014-03-21T22:00:00+00:00,-956807,4067.335
32402,2014-03-21T22:15:00+00:00,-955907,4067.309
32402,2014-03-21T22:30:00+00:00,-955007,4067.291
32402,2014-03-21T22:45:00+00:00,-954107,4067.274
32402,2014-03-21T23:00:00+00:00,-953207,4067.264
32402,2014-03-21T23:15:00+00:00,-952307,4067.259
32402,2014-03-21T23:30:00+00:00,-951407,4067.262
32402,2014-03-21T23:45:00+00:00,-950507,4067.269
32402,2014-03-22T00:00:00+00:00,-949607,4067.281
32402,2014-03-22T00:15:00+00:00,-948707,4067.298
32402,2014-03-22T00:30:00+00:00,-947807,4067.322
32402,2014-03-22T00:45:00+00:00,-946907,4067.348
32402,2014-03-22T01:00:00+00:00,-946007,4067.379
32402,2014-03-22T01:15:00+00:00,-945107,4067.410
32402,2014-03-22T01:30:00+00:00,-944207,4067.448
32402,2014-03-22T01:45:00+00:00,-943307,4067.483
32402,2014-03-22T02:00:00+00:00,-942407,4067.518
32402,2014-03-22T02:15:00+00:00,-941507,4067.557
32402,2014-03-22T02:30:00+00:00,-940607,4067.592
32402,2014-03-22T02:45:00+00:00,-939707,4067.629
32402,2014-03-22T03:00:00+00:00,-938807,4067.665
32402,2014-03-22T03:15:00+00:00,-937907,4067.699
32402,2014-03-22T03:30:00+00:00,-937007,4067.730
32402,2014-03-22T03:45:00+00:00,-936107,4067.756
32402,2014-03-22T04:00:00+00:00,-935207,4067.778
32402,2014-03-22T04:15:00+00:00,-934307,4067.795
32402,2014-03-22T04:30:00+00:00,-933407,4067.807
32402,2014-03-22T04:45:00+00:00,-932507,4067.816
32402,2014-03-22T05:00:00+00:00,-931607,4067.818
32402,2014-03-22T05:15:00+00:00,-930707,4067.815
32402,2014-03-22T05:30:00+00:00,-929807,4067.809
32402,2014-03-22T05:45:00+00:00,-928907,4067.798
32402,2014-03-22T06:00:00+00:00,-928007,4067.780
32402,2014-03-22T06:15:00+00:00,-927107,4067.760
32402,2014-03-22T06:30:00+00:00,-926207,4067.736
32402,2014-03-22T06:45:00+00:00,-925307,4067.709
32402,2014-03-22T07:00:00+00:00,-924407,4067.680
32402,2014-03-22T07:15:00+00:00,-923507,4067.648
32402,2014-03-22T07:30:00+00:00,-922607,4067.612
32402,2014-03-22T07:45:00+00:00,-921707,4067.577
32402,2014-03-22T08:00:00+00:00,-920807,4067.542
32402,2014-03-22T08:15:00+00:00,-919907,4067.508
32402,2014-03-22T08:30:00+00:00,-919007,4067.471
32402,2014-03-22T08:45:00+00:00,-918107,4067.437
32402,2014-03-22T09:00:00+00:00,-917207,4067.405
32402,2014-03-22T09:15:00+00:00,-916307,4067.371
32402,2014-03-22T09:30:00+00:00,-915407,4067.343
32402,2014-03-22T09:45:00+00:00,-914507,4067.316
32402,2014-03-22T10:00:00+00:00,-913607,4067.294
32402,2014-03-22T10:15:00+00:00,-912707,4067.278
32402,2014-03-22T10:30:00+00:00,-911807,4067.263
32402,2014-03-22T10:45:00+00:00,-910907,4067.253
32402,2014-03-22T11:00:00+00:00,-910007,4067.248
32402,2014-03-22T11:15:00+00:00,-909107,4067.251
32402,2014-03-22T11:30:00+00:00,-908207,4067.257
32402,2014-03-22T11:45:00+00:00,-907307,4067.268
32402,2014-03-22T12:00:00+00:00,-906407,4067.287
32402,2014-03-22T12:15:00+00:00,-905507,4067.314
32402,2014-03-22T12:30:00+00:00,-904607,4067.341
32402,2014-03-22T12:45:00+00:00,-903707,4067.373
32402,2014-03-22T13:00:00+00:00,-902807,4067.412
32402,2014-03-22T13:15:00+00:00,-901907,4067.454
32402,2014-03-22T13:30:00+00:00,-901007,4067.495
32402,2014-03-22T13:45:00+00:00,-900107,4067.545
32402,2014-03-22T14:00:00+00:00,-899207,4067.592
32402,2014-03-22T14:15:00+00:00,-898307,4067.643
32402,2014-03-22T14:30:00+00:00,-897407,4067.694
32402,2014-03-22T14:45:00+00:00,-896507,4067.743
32402,2014-03-22T15:00:00+00:00,-895607,4067.789
32402,2014-03-22T15:15:00+00:00,-894707,4067.835
32402,2014-03-22T15:30:00+00:00,-893807,4067.878
32402,2014-03-22T15:45:00+00:00,-892907,4067.920
32402,2014-03-22T16:00:00+00:00,-892007,4067.956
32402,2014-03-22T16:15:00+00:00,-891107,4067.990
32402,2014-03-22T16:30:00+00:00,-890207,4068.020
32402,2014-03-22T16:45:00+00:00,-889307,4068.039
32402,2014-03-22T17:00:00+00:00,-888407,4068.057
32402,2014-03-22T17:15:00+00:00,-887507,4068.067
32402,2014-03-22T17:30:00+00:00,-886607,4068.073
32402,2014-03-22T17:45:00+00:00,-885707,4068.076
32402,2014-03-22T18:00:00+00:00,-884807,4068.070
32402,2014-03-22T18:15:00+00:00,-883907,4068.061
32402,2014-03-22T18:30:00+00:00,-883007,4068.045
32402,2014-03-22T18:45:00+00:00,-882107,4068.024
32402,2014-03-22T19:00:00+00:00,-881207,4067.999
32402,2014-03-22T19:15:00+00:00,-880307,4067.969
32402,2014-03-22T19:30:00+00:00,-879407,4067.932
32402,2014-03-22T19:45:00+00:00,-878507,4067.894
32402,2014-03-22T20:00:00+00:00,-877607,4067.850
32402,2014-03-22T20:15:00+00:00,-876707,4067.807
32402,2014-03-22T20:30:00+00:00,-875807,4067.763
32402,2014-03-22T20:45:00+00:00,-874907,4067.717
32402,2014-03-22T21:00:00+00:00,-874007,4067.670
32402,2014-03-22T21:15:00+00:00,-873107,4067.625
32402,2014-03-22T21:30:00+00:00,-872207,4067.585
32402,2014-03-22T21:45:00+00:00,-871307,4067.541
32402,2014-03-22T22:00:00+00:00,-870407,4067.502
32402,2014-03-22T22:15:00+00:00,-869507,4067.467
32402,2014-03-22T22:30:00+00:00,-868607,4067.435
32402,2014-03-22T22:45:00+00:00,-867707,4067.405
32402,2014-03-22T23:00:00+00:00,-866807,4067.380
32402,2014-03-22T23:15:00+00:00,-865907,4067.358
32402,2014-03-22T23:30:00+00:00,-865007,4067.343
32402,2014-03-22T23:45:00+00:00,-864107,4067.330
32402,2014-03-23T00:00:00+00:00,-863207,4067.320
32402,2014-03-23T00:15:00+00:00,-862307,4067.316
32402,2014-03-23T00:30:00+00:00,-861407,4067.315
32402,2014-03-23T00:45:00+00:00,-860507,4067.319
32402,2014-03-23T01:00:00+00:00,-859607,4067.328
32402,2014-03-23T01:15:00+00:00,-858707,4067.341
32402,2014-03-23T01:30:00+00:00,-857807,4067.358
32402,2014-03-23T01:45:00+00:00,-856907,4067.380
32402,2014-03-23T02:00:00+00:00,-856007,4067.400
32402,2014-03-23T02:15:00+00:00,-855107,4067.425
32402,2014-03-23T02:30:00+00:00,-854207,4067.450
32402,2014-03-23T02:45:00+00:00,-853307,4067.476
32402,2014-03-23T03:00:00+00:00,-852407,4067.506
32402,2014-03-23T03:15:00+00:00,-851507,4067.535
32402,2014-03-23T03:30:00+00:00,-850607,4067.565
32402,2014-03-23T03:45:00+00:00,-849707,4067.595
32402,2014-03-23T04:00:00+00:00,-848807,4067.622
32402,2014-03-23T04:15:00+00:00,-847907,4067.648
32402,2014-03-23T04:30:00+00:00,-847007,4067.670
32402,2014-03-23T04:45:00+00:00,-846107,4067.689
32402,2014-03-23T05:00:00+00:00,-845207,4067.705
32402,2014-03-23T05:15:00+00:00,-844307,4067.719
32402,2014-03-23T05:30:00+00:00,-843407,4067.726
32402,2014-03-23T05:45:00+00:00,-842507,4067.732
32402,2014-03-23T06:00:00+00:00,-841607,4067.731
32402,2014-03-23T06:15:00+00:00,-840707,4067.729
32402,2014-03-23T06:30:00+00:00,-839807,4067.723
32402,2014-03-23T06:45:00+00:00,-838907,4067.712
32402,2014-03-23T07:00:00+00:00,-838007,4067.702
32402,2014-03-23T07:15:00+00:00,-837107,4067.683
32402,2014-03-23T07:30:00+00:00,-836207,4067.663
32402,2014-03-23T07:45:00+00:00,-835307,4067.641
32402,2014-03-23T08:00:00+00:00,-834407,4067.616
32402,2014-03-23T08:15:00+00:00,-833507,4067.592
32402,2014-03-23T08:30:00+00:00,-832607,4067.564
32402,2014-03-23T08:45:00+00:00,-831707,4067.539
32402,2014-03-23T09:00:00+00:00,-830807,4067.514
32402,2014-03-23T09:15:00+00:00,-829907,4067.490
32402,2014-03-23T09:30:00+00:00,-829007,4067.462
32402,2014-03-23T09:45:00+00:00,-828107,4067.435
32402,2014-03-23T10:00:00+00:00,-827207,4067.409
32402,2014-03-23T10:15:00+00:00,-826307,4067.385
32402,2014-03-23T10:30:00+00:00,-825407,4067.362
32402,2014-03-23T10:45:00+00:00,-824507,4067.345
32402,2014-03-23T11:00:00+00:00,-823607,4067.330
32402,2014-03-23T11:15:00+00:00,-822707,4067.319
32402,2014-03-23T11:30:00+00:00,-821807,4067.313
32402,2014-03-23T11:45:00+00:00,-820907,4067.311
32402,2014-03-23T12:00:00+00:00,-820007,4067.310
32402,2014-03-23T12:15:00+00:00,-819107,4067.316
32402,2014-03-23T12:30:00+00:00,-818207,4067.325
32402,2014-03-23T12:45:00+00:00,-817307,4067.338
32402,2014-03-23T13:00:00+00:00,-816407,4067.355
32402,2014-03-23T13:15:00+00:00,-815507,4067.378
32402,2014-03-23T13:30:00+00:00,-814607,4067.405
32402,2014-03-23T13:45:00+00:00,-813707,4067.435
32402,2014-03-23T14:00:00+00:00,-812807,4067.469
32402,2014-03-23T14:15:00+00:00,-811907,4067.505
32402,2014-03-23T14:30:00+00:00,-811007,4067.544
32402,2014-03-23T14:45:00+00:00,-810107,4067.583
32402,2014-03-23T15:00:00+00:00,-809207,4067.622
32402,2014-03-23T15:15:00+00:00,-808307,4067.666
32402,2014-03-23T15:30:00+00:00,-807407,4067.709
32402,2014-03-23T15:45:00+00:00,-806507,4067.750
32402,2014-03-23T16:00:00+00:00,-805607,4067.792
32402,2014-03-23T16:15:00+00:00,-804707,4067.832
32402,2014-03-23T16:30:00+00:00,-803807,4067.869
32402,2014-03-23T16:45:00+00:00,-802907,4067.902
32402,2014-03-23T17:00:00+00:00,-802007,4067.935
32402,2014-03-23T17:15:00+00:00,-801107,4067.961
32402,2014-03-23T17:30:00+00:00,-800207,4067.985
32402,2014-03-23T17:45:00+00:00,-799307,4068.007
32402,2014-03-23T18:00:00+00:00,-798407,4068.024
32402,2014-03-23T18:15:00+00:00,-797507,4068.033
32402,2014-03-23T18:30:00+00:00,-796607,4068.037
32402,2014-03-23T18:45:00+00:00,-795707,4068.040
32402,2014-03-23T19:00:00+00:00,-794807,4068.035
32402,2014-03-23T19:15:00+00:00,-793907,4068.024
32402,2014-03-23T19:30:00+00:00,-793007,4068.009
32402,2014-03-23T19:45:00+00:00,-792107,4067.992
32402,2014-03-23T20:00:00+00:00,-791207,4067.971
32402,2014-03-23T20:15:00+00:00,-790307,4067.943
32402,2014-03-23T20:30:00+00:00,-789407,4067.912
32402,2014-03-23T20:45:00+00:00,-788507,4067.880
32402,2014-03-23T21:00:00+00:00,-787607,4067.845
32402,2014-03-23T21:15:00+00:00,-786707,4067.807
32402,2014-03-23T21:30:00+00:00,-785807,4067.767
32402,2014-03-23T21:45:00+00:00,-784907,4067.725
32402,2014-03-23T22:00:00+00:00,-784007,4067.683
32402,2014-03-23T22:15:00+00:00,-783107,4067.643
32402,2014-03-23T22:30:00+00:00,-782207,4067.604
32402,2014-03-23T22:45:00+00:00,-781307,4067.564
32402,2014-03-23T23:00:00+00:00,-780407,4067.527
32402,2014-03-23T23:15:00+00:00,-779507,4067.493
32402,2014-03-23T23:30:00+00:00,-778607,4067.459
32402,2014-03-23T23:45:00+00:00,-777707,4067.432
32402,2014-03-24T00:00:00+00:00,-776807,4067.405
32402,2014-03-24T00:15:00+00:00,-775907,4067.383
32402,2014-03-24T00:30:00+00:00,-775007,4067.363
32402,2014-03-24T00:45:00+00:00,-774107,4067.349
32402,2014-03-24T01:00:00+00:00,-773207,4067.334
32402,2014-03-24T01:15:00+00:00,-772307,4067.328
32402,2014-03-24T01:30:00+00:00,-771407,4067.325
32402,2014-03-24T01:45:00+00:00,-770507,4067.325
32402,2014-03-24T02:00:00+00:00,-769607,4067.331
32402,2014-03-24T02:15:00+00:00,-768707,4067.338
32402,2014-03-24T02:30:00+00:00,-767807,4067.349
32402,2014-03-24T02:45:00+00:00,-766907,4067.366
32402,2014-03-24T03:00:00+00:00,-766007,4067.382
32402,2014-03-24T03:15:00+00:00,-765107,4067.402
32402,2014-03-24T03:30:00+00:00,-764207,4067.421
32402,2014-03-24T03:45:00+00:00,-763307,4067.445
32402,2014-03-24T04:00:00+00:00,-762407,4067.467
32402,2014-03-24T04:15:00+00:00,-761507,4067.488
32402,2014-03-24T04:30:00+00:00,-760607,4067.511
32402,2014-03-24T04:45:00+00:00,-759707,4067.533
32402,2014-03-24T05:00:00+00:00,-758807,4067.553
32402,2014-03-24T05:15:00+00:00,-757907,4067.572
32402,2014-03-24T05:30:00+00:00,-757007,4067.589
32402,2014-03-24T05:45:00+00:00,-756107,4067.607
32402,2014-03-24T06:00:00+00:00,-755207,4067.620
32402,2014-03-24T06:15:00+00:00,-754307,4067.634
32402,2014-03-24T06:30:00+00:00,-753407,4067.644
32402,2014-03-24T06:45:00+00:00,-752507,4067.651
32402,2014-03-24T07:00:00+00:00,-751607,4067.657
32402,2014-03-24T07:15:00+00:00,-750707,4067.661
32402,2014-03-24T07:30:00+00:00,-749807,4067.658
32402,2014-03-24T07:45:00+00:00,-748907,4067.652
32402,2014-03-24T08:00:00+00:00,-748007,4067.645
32402,2014-03-24T08:15:00+00:00,-747107,4067.637
32402,2014-03-24T08:30:00+00:00,-746207,4067.625
32402,2014-03-24T08:45:00+00:00,-745307,4067.613
32402,2014-03-24T09:00:00+00:00,-744407,4067.601
32402,2014-03-24T09:15:00+00:00,-743507,4067.587
32402,2014-03-24T09:30:00+00:00,-742607,4067.571
32402,2014-03-24T09:45:00+00:00,-741707,4067.551
32402,2014-03-24T10:00:00+00:00,-740807,4067.533
32402,2014-03-24T10:15:00+00:00,-739907,4067.511
32402,2014-03-24T10:30:00+00:00,-739007,4067.491
32402,2014-03-24T10:45:00+00:00,-738107,4067.466
32402,2014-03-24T11:00:00+00:00,-737207,4067.445
32402,2014-03-24T11:15:00+00:00,-736307,4067.425
32402,2014-03-24T11:30:00+00:00,-735407,4067.407
32402,2014-03-24T11:45:00+00:00,-734507,4067.393
32402,2014-03-24T12:00:00+00:00,-733607,4067.380
32402,2014-03-24T12:15:00+00:00,-732707,4067.374
32402,2014-03-24T12:30:00+00:00,-731807,4067.364
32402,2014-03-24T12:45:00+00:00,-730907,4067.357
32402,2014-03-24T13:00:00+00:00,-730007,4067.357
32402,2014-03-24T13:15:00+00:00,-729107,4067.356
32402,2014-03-24T13:30:00+00:00,-728207,4067.362
32402,2014-03-24T13:45:00+00:00,-727307,4067.370
32402,2014-03-24T14:00:00+00:00,-726407,4067.386
32402,2014-03-24T14:15:00+00:00,-725507,4067.404
32402,2014-03-24T14:30:00+00:00,-724607,4067.429
32402,2014-03-24T14:45:00+00:00,-723707,4067.456
32402,2014-03-24T15:00:00+00:00,-722807,4067.484
32402,2014-03-24T15:15:00+00:00,-721907,4067.516
32402,2014-03-24T15:30:00+00:00,-721007,4067.547
32402,2014-03-24T15:45:00+00:00,-720107,4067.582
32402,2014-03-24T16:00:00+00:00,-719207,4067.615
32402,2014-03-24T16:15:00+00:00,-718307,4067.650
32402,2014-03-24T16:30:00+00:00,-717407,4067.687
32402,2014-03-24T16:45:00+00:00,-716507,4067.723
32402,2014-03-24T17:00:00+00:00,-715607,4067.760
32402,2014-03-24T17:15:00+00:00,-714707,4067.795
32402,2014-03-24T17:30:00+00:00,-713807,4067.833
32402,2014-03-24T17:45:00+00:00,-712907,4067.869
32402,2014-03-24T18:00:00+00:00,-712007,4067.898
32402,2014-03-24T18:15:00+00:00,-711107,4067.926
32402,2014-03-24T18:30:00+00:00,-710207,4067.951
32402,2014-03-24T18:45:00+00:00,-709307,4067.972
32402,2014-03-24T19:00:00+00:00,-708407,4067.989
32402,2014-03-24T19:15:00+00:00,-707507,4068.002
32402,2014-03-24T19:30:00+00:00,-706607,4068.014
32402,2014-03-24T19:45:00+00:00,-705707,4068.019
32402,2014-03-24T20:00:00+00:00,-704807,4068.018
32402,2014-03-24T20:15:00+00:00,-703907,4068.014
32402,2014-03-24T20:30:00+00:00,-703007,4068.005
32402,2014-03-24T20:45:00+00:00,-702107,4067.992
32402,2014-03-24T21:00:00+00:00,-701207,4067.975
32402,2014-03-24T21:15:00+00:00,-700307,4067.953
32402,2014-03-24T21:30:00+00:00,-699407,4067.927
32402,2014-03-24T21:45:00+00:00,-698507,4067.898
32402,2014-03-24T22:00:00+00:00,-697607,4067.866
32402,2014-03-24T22:15:00+00:00,-696707,4067.831
32402,2014-03-24T22:30:00+00:00,-695807,4067.797
32402,2014-03-24T22:45:00+00:00,-694907,4067.762
32402,2014-03-24T23:00:00+00:00,-694007,4067.725
32402,2014-03-24T23:15:00+00:00,-693107,4067.685
32402,2014-03-24T23:30:00+00:00,-692207,4067.645
32402,2014-03-24T23:45:00+00:00,-691307,4067.609
32402,2014-03-25T00:00:00+00:00,-690407,4067.570
32402,2014-03-25T00:15:00+00:00,-689507,4067.534
32402,2014-03-25T00:30:00+00:00,-688607,4067.501
32402,2014-03-25T00:45:00+00:00,-687707,4067.470
32402,2014-03-25T01:00:00+00:00,-686807,4067.441
32402,2014-03-25T01:15:00+00:00,-685907,4067.418
32402,2014-03-25T01:30:00+00:00,-685007,4067.395
32402,2014-03-25T01:45:00+00:00,-684107,4067.373
32402,2014-03-25T02:00:00+00:00,-683207,4067.356
32402,2014-03-25T02:15:00+00:00,-682307,4067.341
32402,2014-03-25T02:30:00+00:00,-681407,4067.328
32402,2014-03-25T02:45:00+00:00,-680507,4067.322
32402,2014-03-25T03:00:00+00:00,-679607,4067.318
32402,2014-03-25T03:15:00+00:00,-678707,4067.318
32402,2014-03-25T03:30:00+00:00,-677807,4067.326
32402,2014-03-25T03:45:00+00:00,-676907,4067.334
32402,2014-03-25T04:00:00+00:00,-676007,4067.346
32402,2014-03-25T04:15:00+00:00,-675107,4067.362
32402,2014-03-25T04:30:00+00:00,-674207,4067.381
32402,2014-03-25T04:45:00+00:00,-673307,4067.399
32402,2014-03-25T05:00:00+00:00,-672407,4067.420
32402,2014-03-25T05:15:00+00:00,-671507,4067.439
32402,2014-03-25T05:30:00+00:00,-670607,4067.461
32402,2014-03-25T05:45:00+00:00,-669707,4067.482
32402,2014-03-25T06:00:00+00:00,-668807,4067.506
32402,2014-03-25T06:15:00+00:00,-667907,4067.529
32402,2014-03-25T06:30:00+00:00,-667007,4067.553
32402,2014-03-25T06:45:00+00:00,-666107,4067.574
32402,2014-03-25T07:00:00+00:00,-665207,4067.594
32402,2014-03-25T07:15:00+00:00,-664307,4067.613
32402,2014-03-25T07:30:00+00:00,-663407,4067.629
32402,2014-03-25T07:45:00+00:00,-662507,4067.643
32402,2014-03-25T08:00:00+00:00,-661607,4067.652
32402,2014-03-25T08:15:00+00:00,-660707,4067.659
32402,2014-03-25T08:30:00+00:00,-659807,4067.666
32402,2014-03-25T08:45:00+00:00,-658907,4067.670
32402,2014-03-25T09:00:00+00:00,-658007,4067.672
32402,2014-03-25T09:15:00+00:00,-657107,4067.668
32402,2014-03-25T09:30:00+00:00,-656207,4067.665
32402,2014-03-25T09:45:00+00:00,-655307,4067.658
32402,2014-03-25T10:00:00+00:00,-654407,4067.649
32402,2014-03-25T10:15:00+00:00,-653507,4067.638
32402,2014-03-25T10:30:00+00:00,-652607,4067.625
32402,2014-03-25T10:45:00+00:00,-651707,4067.609
32402,2014-03-25T11:00:00+00:00,-650807,4067.593
32402,2014-03-25T11:15:00+00:00,-649907,4067.573
32402,2014-03-25T11:30:00+00:00,-649007,4067.552
32402,2014-03-25T11:45:00+00:00,-648107,4067.534
32402,2014-03-25T12:00:00+00:00,-647207,4067.513
32402,2014-03-25T12:15:00+00:00,-646307,4067.495
32402,2014-03-25T12:30:00+00:00,-645407,4067.475
32402,2014-03-25T12:45:00+00:00,-644507,4067.455
32402,2014-03-25T13:00:00+00:00,-643607,4067.438
32402,2014-03-25T13:15:00+00:00,-642707,4067.419
32402,2014-03-25T13:30:00+00:00,-641807,4067.409
32402,2014-03-25T13:45:00+00:00,-640907,4067.398
32402,2014-03-25T14:00:00+00:00,-640007,4067.392
32402,2014-03-25T14:15:00+00:00,-639107,4067.389
32402,2014-03-25T14:30:00+00:00,-638207,4067.389
32402,2014-03-25T14:45:00+00:00,-637307,4067.391
32402,2014-03-25T15:00:00+00:00,-636407,4067.399
32402,2014-03-25T15:15:00+00:00,-635507,4067.409
32402,2014-03-25T15:30:00+00:00,-634607,4067.423
32402,2014-03-25T15:45:00+00:00,-633707,4067.441
32402,2014-03-25T16:00:00+00:00,-632807,4067.462
32402,2014-03-25T16:15:00+00:00,-631907,4067.486
32402,2014-03-25T16:30:00+00:00,-631007,4067.513
32402,2014-03-25T16:45:00+00:00,-630107,4067.545
32402,2014-03-25T17:00:00+00:00,-629207,4067.579
32402,2014-03-25T17:15:00+00:00,-628307,4067.613
32402,2014-03-25T17:30:00+00:00,-627407,4067.651
32402,2014-03-25T17:45:00+00:00,-626507,4067.689
32402,2014-03-25T18:00:00+00:00,-625607,4067.727
32402,2014-03-25T18:15:00+00:00,-624707,4067.764
32402,2014-03-25T18:30:00+00:00,-623807,4067.801
32402,2014-03-25T18:45:00+00:00,-622907,4067.837
32402,2014-03-25T19:00:00+00:00,-622007,4067.871
32402,2014-03-25T19:15:00+00:00,-621107,4067.907
32402,2014-03-25T19:30:00+00:00,-620207,4067.938
32402,2014-03-25T19:45:00+00:00,-619307,4067.969
32402,2014-03-25T20:00:00+00:00,-618407,4067.995
32402,2014-03-25T20:15:00+00:00,-617507,4068.018
32402,2014-03-25T20:30:00+00:00,-616607,4068.032
32402,2014-03-25T20:45:00+00:00,-615707,4068.041
32402,2014-03-25T21:00:00+00:00,-614807,4068.045
32402,2014-03-25T21:15:00+00:00,-613907,4068.046
32402,2014-03-25T21:30:00+00:00,-613007,4068.040
32402,2014-03-25T21:45:00+00:00,-612107,4068.030
32402,2014-03-25T22:00:00+00:00,-611207,4068.017
32402,2014-03-25T22:15:00+00:00,-610307,4067.999
32402,2014-03-25T22:30:00+00:00,-609407,4067.974
32402,2014-03-25T22:45:00+00:00,-608507,4067.950
32402,2014-03-25T23:00:00+00:00,-607607,4067.919
32402,2014-03-25T23:15:00+00:00,-606707,4067.884
32402,2014-03-25T23:30:00+00:00,-605807,4067.847
32402,2014-03-25T23:45:00+00:00,-604907,4067.808
32402,2014-03-26T00:00:00+00:00,-604007,4067.764
32402,2014-03-26T00:15:00+00:00,-603107,4067.724
32402,2014-03-26T00:30:00+00:00,-602207,4067.682
32402,2014-03-26T00:45:00+00:00,-601307,4067.637
32402,2014-03-26T01:00:00+00:00,-600407,4067.595
32402,2014-03-26T01:15:00+00:00,-599507,4067.552
32402,2014-03-26T01:30:00+00:00,-598607,4067.512
32402,2014-03-26T01:45:00+00:00,-597707,4067.473
32402,2014-03-26T02:00:00+00:00,-596807,4067.434
32402,2014-03-26T02:15:00+00:00,-595907,4067.399
32402,2014-03-26T02:30:00+00:00,-595007,4067.367
32402,2014-03-26T02:45:00+00:00,-594107,4067.336
32402,2014-03-26T03:00:00+00:00,-593207,4067.315
32402,2014-03-26T03:15:00+00:00,-592307,4067.295
32402,2014-03-26T03:30:00+00:00,-591407,4067.280
32402,2014-03-26T03:45:00+00:00,-590507,4067.268
32402,2014-03-26T04:00:00+00:00,-589607,4067.261
32402,2014-03-26T04:15:00+00:00,-588707,4067.258
32402,2014-03-26T04:30:00+00:00,-587807,4067.260
32402,2014-03-26T04:45:00+00:00,-586907,4067.265
32402,2014-03-26T05:00:00+00:00,-586007,4067.273
32402,2014-03-26T05:15:00+00:00,-585107,4067.285
32402,2014-03-26T05:30:00+00:00,-584207,4067.301
32402,2014-03-26T05:45:00+00:00,-583307,4067.320
32402,2014-03-26T06:00:00+00:00,-582407,4067.342
32402,2014-03-26T06:15:00+00:00,-581507,4067.366
32402,2014-03-26T06:30:00+00:00,-580607,4067.394
32402,2014-03-26T06:45:00+00:00,-579707,4067.423
32402,2014-03-26T07:00:00+00:00,-578807,4067.453
32402,2014-03-26T07:15:00+00:00,-577907,4067.480
32402,2014-03-26T07:30:00+00:00,-577007,4067.511
32402,2014-03-26T07:45:00+00:00,-576107,4067.540
32402,2014-03-26T08:00:00+00:00,-575207,4067.567
32402,2014-03-26T08:15:00+00:00,-574307,4067.591
32402,2014-03-26T08:30:00+00:00,-573407,4067.614
32402,2014-03-26T08:45:00+00:00,-572507,4067.638
32402,2014-03-26T09:00:00+00:00,-571607,4067.659
32402,2014-03-26T09:15:00+00:00,-570707,4067.673
32402,2014-03-26T09:30:00+00:00,-569807,4067.687
32402,2014-03-26T09:45:00+00:00,-568907,4067.697
32402,2014-03-26T10:00:00+00:00,-568007,4067.702
32402,2014-03-26T10:15:00+00:00,-567107,4067.706
32402,2014-03-26T10:30:00+00:00,-566207,4067.703
32402,2014-03-26T10:45:00+00:00,-565307,4067.698
32402,2014-03-26T11:00:00+00:00,-564407,4067.689
32402,2014-03-26T11:15:00+00:00,-563507,4067.680
32402,2014-03-26T11:30:00+00:00,-562607,4067.664
32402,2014-03-26T11:45:00+00:00,-561707,4067.645
32402,2014-03-26T12:00:00+00:00,-560807,4067.625
32402,2014-03-26T12:15:00+00:00,-559907,4067.603
32402,2014-03-26T12:30:00+00:00,-559007,4067.578
32402,2014-03-26T12:45:00+00:00,-558107,4067.553
32402,2014-03-26T13:00:00+00:00,-557207,4067.528
32402,2014-03-26T13:15:00+00:00,-556307,4067.500
32402,2014-03-26T13:30:00+00:00,-555407,4067.476
32402,2014-03-26T13:45:00+00:00,-554507,4067.450
32402,2014-03-26T14:00:00+00:00,-553607,4067.429
32402,2014-03-26T14:15:00+00:00,-552707,4067.405
32402,2014-03-26T14:30:00+00:00,-551807,4067.386
32402,2014-03-26T14:45:00+00:00,-550907,4067.367
32402,2014-03-26T15:00:00+00:00,-550007,4067.353
32402,2014-03-26T15:15:00+00:00,-549107,4067.340
32402,2014-03-26T15:30:00+00:00,-548207,4067.332
32402,2014-03-26T15:45:00+00:00,-547307,4067.328
32402,2014-03-26T16:00:00+00:00,-546407,4067.329
32402,2014-03-26T16:15:00+00:00,-545507,4067.332
32402,2014-03-26T16:30:00+00:00,-544607,4067.341
32402,2014-03-26T16:45:00+00:00,-543707,4067.355
32402,2014-03-26T17:00:00+00:00,-542807,4067.374
32402,2014-03-26T17:15:00+00:00,-541907,4067.399
32402,2014-03-26T17:30:00+00:00,-541007,4067.427
32402,2014-03-26T17:45:00+00:00,-540107,4067.460
32402,2014-03-26T18:00:00+00:00,-539207,4067.497
32402,2014-03-26T18:15:00+00:00,-538307,4067.536
32402,2014-03-26T18:30:00+00:00,-537407,4067.577
32402,2014-03-26T18:45:00+00:00,-536507,4067.620
32402,2014-03-26T19:00:00+00:00,-535607,4067.666
32402,2014-03-26T19:15:00+00:00,-534707,4067.713
32402,2014-03-26T19:30:00+00:00,-533807,4067.757
32402,2014-03-26T19:45:00+00:00,-532907,4067.801
32402,2014-03-26T20:00:00+00:00,-532007,4067.843
32402,2014-03-26T20:15:00+00:00,-531107,4067.885
32402,2014-03-26T20:30:00+00:00,-530207,4067.922
32402,2014-03-26T20:45:00+00:00,-529307,4067.953
32402,2014-03-26T21:00:00+00:00,-528407,4067.986
32402,2014-03-26T21:15:00+00:00,-527507,4068.014
32402,2014-03-26T21:30:00+00:00,-526607,4068.035
32402,2014-03-26T21:45:00+00:00,-525707,4068.052
32402,2014-03-26T22:00:00+00:00,-524807,4068.063
32402,2014-03-26T22:15:00+00:00,-523907,4068.067
32402,2014-03-26T22:30:00+00:00,-523007,4068.067
32402,2014-03-26T22:45:00+00:00,-522107,4068.059
32402,2014-03-26T23:00:00+00:00,-521207,4068.049
32402,2014-03-26T23:15:00+00:00,-520307,4068.028
32402,2014-03-26T23:30:00+00:00,-519407,4068.004
32402,2014-03-26T23:45:00+00:00,-518507,4067.976
32402,2014-03-27T00:00:00+00:00,-517607,4067.944
32402,2014-03-27T00:15:00+00:00,-516707,4067.908
32402,2014-03-27T00:30:00+00:00,-515807,4067.868
32402,2014-03-27T00:45:00+00:00,-514907,4067.828
32402,2014-03-27T01:00:00+00:00,-514007,4067.783
32402,2014-03-27T01:15:00+00:00,-513107,4067.734
32402,2014-03-27T01:30:00+00:00,-512207,4067.684
32402,2014-03-27T01:45:00+00:00,-511307,4067.632
32402,2014-03-27T02:00:00+00:00,-510407,4067.580
32402,2014-03-27T02:15:00+00:00,-509507,4067.526
32402,2014-03-27T02:30:00+00:00,-508607,4067.477
32402,2014-03-27T02:45:00+00:00,-507707,4067.427
32402,2014-03-27T03:00:00+00:00,-506807,4067.383
32402,2014-03-27T03:15:00+00:00,-505907,4067.342
32402,2014-03-27T03:30:00+00:00,-505007,4067.302
32402,2014-03-27T03:45:00+00:00,-504107,4067.268
32402,2014-03-27T04:00:00+00:00,-503207,4067.238
32402,2014-03-27T04:15:00+00:00,-502307,4067.214
32402,2014-03-27T04:30:00+00:00,-501407,4067.198
32402,2014-03-27T04:45:00+00:00,-500507,4067.187
32402,2014-03-27T05:00:00+00:00,-499607,4067.178
32402,2014-03-27T05:15:00+00:00,-498707,4067.178
32402,2014-03-27T05:30:00+00:00,-497807,4067.180
32402,2014-03-27T05:45:00+00:00,-496907,4067.190
32402,2014-03-27T06:00:00+00:00,-496007,4067.203
32402,2014-03-27T06:15:00+00:00,-495107,4067.222
32402,2014-03-27T06:30:00+00:00,-494207,4067.245
32402,2014-03-27T06:45:00+00:00,-493307,4067.274
32402,2014-03-27T07:00:00+00:00,-492407,4067.305
32402,2014-03-27T07:15:00+00:00,-491507,4067.340
32402,2014-03-27T07:30:00+00:00,-490607,4067.377
32402,2014-03-27T07:45:00+00:00,-489707,4067.414
32402,2014-03-27T08:00:00+00:00,-488807,4067.453
32402,2014-03-27T08:15:00+00:00,-487907,4067.492
32402,2014-03-27T08:30:00+00:00,-487007,4067.528
32402,2014-03-27T08:45:00+00:00,-486107,4067.567
32402,2014-03-27T09:00:00+00:00,-485207,4067.607
32402,2014-03-27T09:15:00+00:00,-484307,4067.641
32402,2014-03-27T09:30:00+00:00,-483407,4067.675
32402,2014-03-27T09:45:00+00:00,-482507,4067.704
32402,2014-03-27T10:00:00+00:00,-481607,4067.728
32402,2014-03-27T10:15:00+00:00,-480707,4067.747
32402,2014-03-27T10:30:00+00:00,-479807,4067.764
32402,2014-03-27T10:45:00+00:00,-478907,4067.775
32402,2014-03-27T11:00:00+00:00,-478007,4067.780
32402,2014-03-27T11:15:00+00:00,-477107,4067.784
32402,2014-03-27T11:30:00+00:00,-476207,4067.781
32402,2014-03-27T11:45:00+00:00,-475307,4067.773
32402,2014-03-27T12:00:00+00:00,-474407,4067.763
32402,2014-03-27T12:15:00+00:00,-473507,4067.745
32402,2014-03-27T12:30:00+00:00,-472607,4067.727
32402,2014-03-27T12:45:00+00:00,-471707,4067.702
32402,2014-03-27T13:00:00+00:00,-470807,4067.675
32402,2014-03-27T13:15:00+00:00,-469907,4067.642
32402,2014-03-27T13:30:00+00:00,-469007,4067.607
32402,2014-03-27T13:45:00+00:00,-468107,4067.572
32402,2014-03-27T14:00:00+00:00,-467207,4067.536
32402,2014-03-27T14:15:00+00:00,-466307,4067.500
32402,2014-03-27T14:30:00+00:00,-465407,4067.463
32402,2014-03-27T14:45:00+00:00,-464507,4067.425
32402,2014-03-27T15:00:00+00:00,-463607,4067.392
32402,2014-03-27T15:15:00+00:00,-462707,4067.358
32402,2014-03-27T15:30:00+00:00,-461807,4067.326
32402,2014-03-27T15:45:00+00:00,-460907,4067.299
32402,2014-03-27T16:00:00+00:00,-460007,4067.275
32402,2014-03-27T16:15:00+00:00,-459107,4067.256
32402,2014-03-27T16:30:00+00:00,-458207,4067.240
32402,2014-03-27T16:45:00+00:00,-457307,4067.233
32402,2014-03-27T17:00:00+00:00,-456407,4067.231
32402,2014-03-27T17:15:00+00:00,-455507,4067.233
32402,2014-03-27T17:30:00+00:00,-454607,4067.244
32402,2014-03-27T17:45:00+00:00,-453707,4067.260
32402,2014-03-27T18:00:00+00:00,-452807,4067.281
32402,2014-03-27T18:15:00+00:00,-451907,4067.307
32402,2014-03-27T18:30:00+00:00,-451007,4067.341
32402,2014-03-27T18:45:00+00:00,-450107,4067.378
32402,2014-03-27T19:00:00+00:00,-449207,4067.419
32402,2014-03-27T19:15:00+00:00,-448307,4067.465
32402,2014-03-27T19:30:00+00:00,-447407,4067.515
32402,2014-03-27T19:45:00+00:00,-446507,4067.565
32402,2014-03-27T20:00:00+00:00,-445607,4067.616
32402,2014-03-27T20:15:00+00:00,-444707,4067.671
32402,2014-03-27T20:30:00+00:00,-443807,4067.726
32402,2014-03-27T20:45:00+00:00,-442907,4067.780
32402,2014-03-27T21:00:00+00:00,-442007,4067.832
32402,2014-03-27T21:15:00+00:00,-441107,4067.882
32402,2014-03-27T21:30:00+00:00,-440207,4067.927
32402,2014-03-27T21:45:00+00:00,-439307,4067.969
32402,2014-03-27T22:00:00+00:00,-438407,4068.007
32402,2014-03-27T22:15:00+00:00,-437507,4068.038
32402,2014-03-27T22:30:00+00:00,-436607,4068.065
32402,2014-03-27T22:45:00+00:00,-435707,4068.085
32402,2014-03-27T23:00:00+00:00,-434807,4068.100
32402,2014-03-27T23:15:00+00:00,-433907,4068.107
32402,2014-03-27T23:30:00+00:00,-433007,4068.107
32402,2014-03-27T23:45:00+00:00,-432107,4068.099
32402,2014-03-28T00:00:00+00:00,-431207,4068.083
32402,2014-03-28T00:15:00+00:00,-430307,4068.064
32402,2014-03-28T00:30:00+00:00,-429407,4068.038
32402,2014-03-28T00:45:00+00:00,-428507,4068.004
32402,2014-03-28T01:00:00+00:00,-427607,4067.966
32402,2014-03-28T01:15:00+00:00,-426707,4067.922
32402,2014-03-28T01:30:00+00:00,-425807,4067.872
32402,2014-03-28T01:45:00+00:00,-424907,4067.819
32402,2014-03-28T02:00:00+00:00,-424007,4067.763
32402,2014-03-28T02:15:00+00:00,-423107,4067.704
32402,2014-03-28T02:30:00+00:00,-422207,4067.644
32402,2014-03-28T02:45:00+00:00,-421307,4067.582
32402,2014-03-28T03:00:00+00:00,-420407,4067.524
32402,2014-03-28T03:15:00+00:00,-419507,4067.466
32402,2014-03-28T03:30:00+00:00,-418607,4067.408
32402,2014-03-28T03:45:00+00:00,-417707,4067.354
32402,2014-03-28T04:00:00+00:00,-416807,4067.304
32402,2014-03-28T04:15:00+00:00,-415907,4067.258
32402,2014-03-28T04:30:00+00:00,-415007,4067.216
32402,2014-03-28T04:45:00+00:00,-414107,4067.179
32402,2014-03-28T05:00:00+00:00,-413207,4067.151
32402,2014-03-28T05:15:00+00:00,-412307,4067.129
32402,2014-03-28T05:30:00+00:00,-411407,4067.114
32402,2014-03-28T05:45:00+00:00,-410507,4067.105
32402,2014-03-28T06:00:00+00:00,-409607,4067.103
32402,2014-03-28T06:15:00+00:00,-408707,4067.112
32402,2014-03-28T06:30:00+00:00,-407807,4067.124
32402,2014-03-28T06:45:00+00:00,-406907,4067.144
32402,2014-03-28T07:00:00+00:00,-406007,4067.171
32402,2014-03-28T07:15:00+00:00,-405107,4067.200
32402,2014-03-28T07:30:00+00:00,-404207,4067.238
32402,2014-03-28T07:45:00+00:00,-403307,4067.279
32402,2014-03-28T08:00:00+00:00,-402407,4067.324
32402,2014-03-28T08:15:00+00:00,-401507,4067.374
32402,2014-03-28T08:30:00+00:00,-400607,4067.423
32402,2014-03-28T08:45:00+00:00,-399707,4067.474
32402,2014-03-28T09:00:00+00:00,-398807,4067.527
32402,2014-03-28T09:15:00+00:00,-397907,4067.579
32402,2014-03-28T09:30:00+00:00,-397007,4067.629
32402,2014-03-28T09:45:00+00:00,-396107,4067.679
32402,2014-03-28T10:00:00+00:00,-395207,4067.723
32402,2014-03-28T10:15:00+00:00,-394307,4067.764
32402,2014-03-28T10:30:00+00:00,-393407,4067.805
32402,2014-03-28T10:45:00+00:00,-392507,4067.839
32402,2014-03-28T11:00:00+00:00,-391607,4067.866
32402,2014-03-28T11:15:00+00:00,-390707,4067.888
32402,2014-03-28T11:30:00+00:00,-389807,4067.905
32402,2014-03-28T11:45:00+00:00,-388907,4067.916
32402,2014-03-28T12:00:00+00:00,-388007,4067.918
32402,2014-03-28T12:15:00+00:00,-387107,4067.913
32402,2014-03-28T12:30:00+00:00,-386207,4067.903
32402,2014-03-28T12:45:00+00:00,-385307,4067.888
32402,2014-03-28T13:00:00+00:00,-384407,4067.867
32402,2014-03-28T13:15:00+00:00,-383507,4067.841
32402,2014-03-28T13:30:00+00:00,-382607,4067.811
32402,2014-03-28T13:45:00+00:00,-381707,4067.777
32402,2014-03-28T14:00:00+00:00,-380807,4067.738
32402,2014-03-28T14:15:00+00:00,-379907,4067.694
32402,2014-03-28T14:30:00+00:00,-379007,4067.647
32402,2014-03-28T14:45:00+00:00,-378107,4067.602
32402,2014-03-28T15:00:00+00:00,-377207,4067.553
32402,2014-03-28T15:15:00+00:00,-376307,4067.506
32402,2014-03-28T15:30:00+00:00,-375407,4067.458
32402,2014-03-28T15:45:00+00:00,-374507,4067.409
32402,2014-03-28T16:00:00+00:00,-373607,4067.363
32402,2014-03-28T16:15:00+00:00,-372707,4067.320
32402,2014-03-28T16:30:00+00:00,-371807,4067.283
32402,2014-03-28T16:45:00+00:00,-370907,4067.249
32402,2014-03-28T17:00:00+00:00,-370007,4067.219
32402,2014-03-28T17:15:00+00:00,-369107,4067.196
32402,2014-03-28T17:30:00+00:00,-368207,4067.179
32402,2014-03-28T17:45:00+00:00,-367307,4067.173
32402,2014-03-28T18:00:00+00:00,-366407,4067.169
32402,2014-03-28T18:15:00+00:00,-365507,4067.176
32402,2014-03-28T18:30:00+00:00,-364607,4067.186
32402,2014-03-28T18:45:00+00:00,-363707,4067.206
32402,2014-03-28T19:00:00+00:00,-362807,4067.235
32402,2014-03-28T19:15:00+00:00,-361907,4067.271
32402,2014-03-28T19:30:00+00:00,-361007,4067.312
32402,2014-03-28T19:45:00+00:00,-360107,4067.360
32402,2014-03-28T20:00:00+00:00,-359207,4067.414
32402,2014-03-28T20:15:00+00:00,-358307,4067.469
32402,2014-03-28T20:30:00+00:00,-357407,4067.529
32402,2014-03-28T20:45:00+00:00,-356507,4067.590
32402,2014-03-28T21:00:00+00:00,-355607,4067.652
32402,2014-03-28T21:15:00+00:00,-354707,4067.716
32402,2014-03-28T21:30:00+00:00,-353807,4067.777
32402,2014-03-28T21:45:00+00:00,-352907,4067.838
32402,2014-03-28T22:00:00+00:00,-352007,4067.900
32402,2014-03-28T22:15:00+00:00,-351107,4067.955
32402,2014-03-28T22:30:00+00:00,-350207,4068.006
32402,2014-03-28T22:45:00+00:00,-349307,4068.053
32402,2014-03-28T23:00:00+00:00,-348407,4068.096
32402,2014-03-28T23:15:00+00:00,-347507,4068.128
32402,2014-03-28T23:30:00+00:00,-346607,4068.155
32402,2014-03-28T23:45:00+00:00,-345707,4068.171
32402,2014-03-29T00:00:00+00:00,-344807,4068.182
32402,2014-03-29T00:15:00+00:00,-343907,4068.181
32402,2014-03-29T00:30:00+00:00,-343007,4068.177
32402,2014-03-29T00:45:00+00:00,-342107,4068.160
32402,2014-03-29T01:00:00+00:00,-341207,4068.137
32402,2014-03-29T01:15:00+00:00,-340307,4068.106
32402,2014-03-29T01:30:00+00:00,-339407,4068.067
32402,2014-03-29T01:45:00+00:00,-338507,4068.025
32402,2014-03-29T02:00:00+00:00,-337607,4067.973
32402,2014-03-29T02:15:00+00:00,-336707,4067.916
32402,2014-03-29T02:30:00+00:00,-335807,4067.858
32402,2014-03-29T02:45:00+00:00,-334907,4067.793
32402,2014-03-29T03:00:00+00:00,-334007,4067.729
32402,2014-03-29T03:15:00+00:00,-333107,4067.662
32402,2014-03-29T03:30:00+00:00,-332207,4067.594
32402,2014-03-29T03:45:00+00:00,-331307,4067.525
32402,2014-03-29T04:00:00+00:00,-330407,4067.456
32402,2014-03-29T04:15:00+00:00,-329507,4067.393
32402,2014-03-29T04:30:00+00:00,-328607,4067.333
32402,2014-03-29T04:45:00+00:00,-327707,4067.274
32402,2014-03-29T05:00:00+00:00,-326807,4067.225
32402,2014-03-29T05:15:00+00:00,-325907,4067.178
32402,2014-03-29T05:30:00+00:00,-325007,4067.138
32402,2014-03-29T05:45:00+00:00,-324107,4067.106
32402,2014-03-29T06:00:00+00:00,-323207,4067.083
32402,2014-03-29T06:15:00+00:00,-322307,4067.065
32402,2014-03-29T06:30:00+00:00,-321407,4067.056
32402,2014-03-29T06:45:00+00:00,-320507,4067.058
32402,2014-03-29T07:00:00+00:00,-319607,4067.067
32402,2014-03-29T07:15:00+00:00,-318707,4067.085
32402,2014-03-29T07:30:00+00:00,-317807,4067.107
32402,2014-03-29T07:45:00+00:00,-316907,4067.138
32402,2014-03-29T08:00:00+00:00,-316007,4067.177
32402,2014-03-29T08:15:00+00:00,-315107,4067.225
32402,2014-03-29T08:30:00+00:00,-314207,4067.274
32402,2014-03-29T08:45:00+00:00,-313307,4067.329
32402,2014-03-29T09:00:00+00:00,-312407,4067.388
32402,2014-03-29T09:15:00+00:00,-311507,4067.448
32402,2014-03-29T09:30:00+00:00,-310607,4067.511
32402,2014-03-29T09:45:00+00:00,-309707,4067.575
32402,2014-03-29T10:00:00+00:00,-308807,4067.637
32402,2014-03-29T10:15:00+00:00,-307907,4067.695
32402,2014-03-29T10:30:00+00:00,-307007,4067.754
32402,2014-03-29T10:45:00+00:00,-306107,4067.809
32402,2014-03-29T11:00:00+00:00,-305207,4067.857
32402,2014-03-29T11:15:00+00:00,-304307,4067.901
32402,2014-03-29T11:30:00+00:00,-303407,4067.941
32402,2014-03-29T11:45:00+00:00,-302507,4067.973
32402,2014-03-29T12:00:00+00:00,-301607,4067.997
32402,2014-03-29T12:15:00+00:00,-300707,4068.018
32402,2014-03-29T12:30:00+00:00,-299807,4068.027
32402,2014-03-29T12:45:00+00:00,-298907,4068.030
32402,2014-03-29T13:00:00+00:00,-298007,4068.021
32402,2014-03-29T13:15:00+00:00,-297107,4068.012
32402,2014-03-29T13:30:00+00:00,-296207,4067.994
32402,2014-03-29T13:45:00+00:00,-295307,4067.965
32402,2014-03-29T14:00:00+00:00,-294407,4067.932
32402,2014-03-29T14:15:00+00:00,-293507,4067.893
32402,2014-03-29T14:30:00+00:00,-292607,4067.850
32402,2014-03-29T14:45:00+00:00,-291707,4067.800
32402,2014-03-29T15:00:00+00:00,-290807,4067.746
32402,2014-03-29T15:15:00+00:00,-289907,4067.690
32402,2014-03-29T15:30:00+00:00,-289007,4067.632
32402,2014-03-29T15:45:00+00:00,-288107,4067.571
32402,2014-03-29T16:00:00+00:00,-287207,4067.513
32402,2014-03-29T16:15:00+00:00,-286307,4067.453
32402,2014-03-29T16:30:00+00:00,-285407,4067.393
32402,2014-03-29T16:45:00+00:00,-284507,4067.338
32402,2014-03-29T17:00:00+00:00,-283607,4067.288
32402,2014-03-29T17:15:00+00:00,-282707,4067.238
32402,2014-03-29T17:30:00+00:00,-281807,4067.195
32402,2014-03-29T17:45:00+00:00,-280907,4067.160
32402,2014-03-29T18:00:00+00:00,-280007,4067.129
32402,2014-03-29T18:15:00+00:00,-279107,4067.108
32402,2014-03-29T18:30:00+00:00,-278207,4067.094
32402,2014-03-29T18:45:00+00:00,-277307,4067.088
32402,2014-03-29T19:00:00+00:00,-276407,4067.090
32402,2014-03-29T19:15:00+00:00,-275507,4067.104
32402,2014-03-29T19:30:00+00:00,-274607,4067.124
32402,2014-03-29T19:45:00+00:00,-273707,4067.152
32402,2014-03-29T20:00:00+00:00,-272807,4067.187
32402,2014-03-29T20:15:00+00:00,-271907,4067.231
32402,2014-03-29T20:30:00+00:00,-271007,4067.282
32402,2014-03-29T20:45:00+00:00,-270107,4067.338
32402,2014-03-29T21:00:00+00:00,-269207,4067.400
32402,2014-03-29T21:15:00+00:00,-268307,4067.465
32402,2014-03-29T21:30:00+00:00,-267407,4067.535
32402,2014-03-29T21:45:00+00:00,-266507,4067.605
32402,2014-03-29T22:00:00+00:00,-265607,4067.677
32402,2014-03-29T22:15:00+00:00,-264707,4067.748
32402,2014-03-29T22:30:00+00:00,-263807,4067.816
32402,2014-03-29T22:45:00+00:00,-262907,4067.878
32402,2014-03-29T23:00:00+00:00,-262007,4067.940
32402,2014-03-29T23:15:00+00:00,-261107,4067.997
32402,2014-03-29T23:30:00+00:00,-260207,4068.050
32402,2014-03-29T23:45:00+00:00,-259307,4068.096
32402,2014-03-30T00:00:00+00:00,-258407,4068.133
32402,2014-03-30T00:15:00+00:00,-257507,4068.161
32402,2014-03-30T00:30:00+00:00,-256607,4068.180
32402,2014-03-30T00:45:00+00:00,-255707,4068.192
32402,2014-03-30T01:00:00+00:00,-254807,4068.192
32402,2014-03-30T01:15:00+00:00,-253907,4068.188
32402,2014-03-30T01:30:00+00:00,-253007,4068.172
32402,2014-03-30T01:45:00+00:00,-252107,4068.149
32402,2014-03-30T02:00:00+00:00,-251207,4068.112
32402,2014-03-30T02:15:00+00:00,-250307,4068.074
32402,2014-03-30T02:30:00+00:00,-249407,4068.025
32402,2014-03-30T02:45:00+00:00,-248507,4067.971
32402,2014-03-30T03:00:00+00:00,-247607,4067.913
32402,2014-03-30T03:15:00+00:00,-246707,4067.849
32402,2014-03-30T03:30:00+00:00,-245807,4067.781
32402,2014-03-30T03:45:00+00:00,-244907,4067.710
32402,2014-03-30T04:00:00+00:00,-244007,4067.636
32402,2014-03-30T04:15:00+00:00,-243107,4067.563
32402,2014-03-30T04:30:00+00:00,-242207,4067.490
32402,2014-03-30T04:45:00+00:00,-241307,4067.419
32402,2014-03-30T05:00:00+00:00,-240407,4067.352
32402,2014-03-30T05:15:00+00:00,-239507,4067.287
32402,2014-03-30T05:30:00+00:00,-238607,4067.229
32402,2014-03-30T05:45:00+00:00,-237707,4067.177
32402,2014-03-30T06:00:00+00:00,-236807,4067.132
32402,2014-03-30T06:15:00+00:00,-235907,4067.091
32402,2014-03-30T06:30:00+00:00,-235007,4067.058
32402,2014-03-30T06:45:00+00:00,-234107,4067.034
32402,2014-03-30T07:00:00+00:00,-233207,4067.020
32402,2014-03-30T07:15:00+00:00,-232307,4067.013
32402,2014-03-30T07:30:00+00:00,-231407,4067.015
32402,2014-03-30T07:45:00+00:00,-230507,4067.026
32402,2014-03-30T08:00:00+00:00,-229607,4067.049
32402,2014-03-30T08:15:00+00:00,-228707,4067.079
32402,2014-03-30T08:30:00+00:00,-227807,4067.113
32402,2014-03-30T08:45:00+00:00,-226907,4067.159
32402,2014-03-30T09:00:00+00:00,-226007,4067.213
32402,2014-03-30T09:15:00+00:00,-225107,4067.274
32402,2014-03-30T09:30:00+00:00,-224207,4067.338
32402,2014-03-30T09:45:00+00:00,-223307,4067.406
32402,2014-03-30T10:00:00+00:00,-222407,4067.476
32402,2014-03-30T10:15:00+00:00,-221507,4067.549
32402,2014-03-30T10:30:00+00:00,-220607,4067.621
32402,2014-03-30T10:45:00+00:00,-219707,4067.689
32402,2014-03-30T11:00:00+00:00,-218807,4067.757
32402,2014-03-30T11:15:00+00:00,-217907,4067.824
32402,2014-03-30T11:30:00+00:00,-217007,4067.885
32402,2014-03-30T11:45:00+00:00,-216107,4067.943
32402,2014-03-30T12:00:00+00:00,-215207,4067.991
32402,2014-03-30T12:15:00+00:00,-214307,4068.037
32402,2014-03-30T12:30:00+00:00,-213407,4068.074
32402,2014-03-30T12:45:00+00:00,-212507,4068.104
32402,2014-03-30T13:00:00+00:00,-211607,4068.124
32402,2014-03-30T13:15:00+00:00,-210707,4068.136
32402,2014-03-30T13:30:00+00:00,-209807,4068.140
32402,2014-03-30T13:45:00+00:00,-208907,4068.133
32402,2014-03-30T14:00:00+00:00,-208007,4068.119
32402,2014-03-30T14:15:00+00:00,-207107,4068.098
32402,2014-03-30T14:30:00+00:00,-206207,4068.069
32402,2014-03-30T14:45:00+00:00,-205307,4068.030
32402,2014-03-30T15:00:00+00:00,-204407,4067.985
32402,2014-03-30T15:15:00+00:00,-203507,4067.934
32402,2014-03-30T15:30:00+00:00,-202607,4067.879
32402,2014-03-30T15:45:00+00:00,-201707,4067.818
32402,2014-03-30T16:00:00+00:00,-200807,4067.754
32402,2014-03-30T16:15:00+00:00,-199907,4067.687
32402,2014-03-30T16:30:00+00:00,-199007,4067.620
32402,2014-03-30T16:45:00+00:00,-198107,4067.552
32402,2014-03-30T17:00:00+00:00,-197207,4067.483
32402,2014-03-30T17:15:00+00:00,-196307,4067.419
32402,2014-03-30T17:30:00+00:00,-195407,4067.355
32402,2014-03-30T17:45:00+00:00,-194507,4067.295
32402,2014-03-30T18:00:00+00:00,-193607,4067.238
32402,2014-03-30T18:15:00+00:00,-192707,4067.192
32402,2014-03-30T18:30:00+00:00,-191807,4067.148
32402,2014-03-30T18:45:00+00:00,-190907,4067.113
32402,2014-03-30T19:00:00+00:00,-190007,4067.081
32402,2014-03-30T19:15:00+00:00,-189107,4067.063
32402,2014-03-30T19:30:00+00:00,-188207,4067.051
32402,2014-03-30T19:45:00+00:00,-187307,4067.051
32402,2014-03-30T20:00:00+00:00,-186407,4067.057
32402,2014-03-30T20:15:00+00:00,-185507,4067.074
32402,2014-03-30T20:30:00+00:00,-184607,4067.100
32402,2014-03-30T20:45:00+00:00,-183707,4067.137
32402,2014-03-30T21:00:00+00:00,-182807,4067.179
32402,2014-03-30T21:15:00+00:00,-181907,4067.231
32402,2014-03-30T21:30:00+00:00,-181007,4067.288
32402,2014-03-30T21:45:00+00:00,-180107,4067.351
32402,2014-03-30T22:00:00+00:00,-179207,4067.418
32402,2014-03-30T22:15:00+00:00,-178307,4067.493
32402,2014-03-30T22:30:00+00:00,-177407,4067.565
32402,2014-03-30T22:45:00+00:00,-176507,4067.638
32402,2014-03-30T23:00:00+00:00,-175607,4067.711
32402,2014-03-30T23:15:00+00:00,-174707,4067.782
32402,2014-03-30T23:30:00+00:00,-173807,4067.849
32402,2014-03-30T23:45:00+00:00,-172907,4067.912
32402,2014-03-31T00:00:00+00:00,-172007,4067.971
32402,2014-03-31T00:15:00+00:00,-171107,4068.025
32402,2014-03-31T00:30:00+00:00,-170207,4068.073
32402,2014-03-31T00:45:00+00:00,-169307,4068.115
32402,2014-03-31T01:00:00+00:00,-168407,4068.144
32402,2014-03-31T01:15:00+00:00,-167507,4068.163
32402,2014-03-31T01:30:00+00:00,-166607,4068.177
32402,2014-03-31T01:45:00+00:00,-165707,4068.181
32402,2014-03-31T02:00:00+00:00,-164807,4068.176
32402,2014-03-31T02:15:00+00:00,-163907,4068.158
32402,2014-03-31T02:30:00+00:00,-163007,4068.132
32402,2014-03-31T02:45:00+00:00,-162107,4068.097
32402,2014-03-31T03:00:00+00:00,-161207,4068.053
32402,2014-03-31T03:15:00+00:00,-160307,4068.006
32402,2014-03-31T03:30:00+00:00,-159407,4067.951
32402,2014-03-31T03:45:00+00:00,-158507,4067.892
32402,2014-03-31T04:00:00+00:00,-157607,4067.829
32402,2014-03-31T04:15:00+00:00,-156707,4067.762
32402,2014-03-31T04:30:00+00:00,-155807,4067.689
32402,2014-03-31T04:45:00+00:00,-154907,4067.617
32402,2014-03-31T05:00:00+00:00,-154007,4067.543
32402,2014-03-31T05:15:00+00:00,-153107,4067.468
32402,2014-03-31T05:30:00+00:00,-152207,4067.397
32402,2014-03-31T05:45:00+00:00,-151307,4067.328
32402,2014-03-31T06:00:00+00:00,-150407,4067.263
32402,2014-03-31T06:15:00+00:00,-149507,4067.206
32402,2014-03-31T06:30:00+00:00,-148607,4067.150
32402,2014-03-31T06:45:00+00:00,-147707,4067.104
32402,2014-03-31T07:00:00+00:00,-146807,4067.065
32402,2014-03-31T07:15:00+00:00,-145907,4067.032
32402,2014-03-31T07:30:00+00:00,-145007,4067.011
32402,2014-03-31T07:45:00+00:00,-144107,4066.998
32402,2014-03-31T08:00:00+00:00,-143207,4066.995
32402,2014-03-31T08:15:00+00:00,-142307,4066.999
32402,2014-03-31T08:30:00+00:00,-141407,4067.017
32402,2014-03-31T08:45:00+00:00,-140507,4067.043
32402,2014-03-31T09:00:00+00:00,-139607,4067.077
32402,2014-03-31T09:15:00+00:00,-138707,4067.120
32402,2014-03-31T09:30:00+00:00,-137807,4067.171
32402,2014-03-31T09:45:00+00:00,-136907,4067.230
32402,2014-03-31T10:00:00+00:00,-136007,4067.292
32402,2014-03-31T10:15:00+00:00,-135107,4067.360
32402,2014-03-31T10:30:00+00:00,-134207,4067.433
32402,2014-03-31T10:45:00+00:00,-133307,4067.509
32402,2014-03-31T11:00:00+00:00,-132407,4067.584
32402,2014-03-31T11:15:00+00:00,-131507,4067.661
32402,2014-03-31T11:30:00+00:00,-130607,4067.736
32402,2014-03-31T11:45:00+00:00,-129707,4067.810
32402,2014-03-31T12:00:00+00:00,-128807,4067.879
32402,2014-03-31T12:15:00+00:00,-127907,4067.944
32402,2014-03-31T12:30:00+00:00,-127007,4068.001
32402,2014-03-31T12:45:00+00:00,-126107,4068.056
32402,2014-03-31T13:00:00+00:00,-125207,4068.098
32402,2014-03-31T13:15:00+00:00,-124307,4068.136
32402,2014-03-31T13:30:00+00:00,-123407,4068.165
32402,2014-03-31T13:45:00+00:00,-122507,4068.186
32402,2014-03-31T14:00:00+00:00,-121607,4068.195
32402,2014-03-31T14:15:00+00:00,-120707,4068.196
32402,2014-03-31T14:30:00+00:00,-119807,4068.190
32402,2014-03-31T14:45:00+00:00,-118907,4068.172
32402,2014-03-31T15:00:00+00:00,-118007,4068.146
32402,2014-03-31T15:15:00+00:00,-117107,4068.116
32402,2014-03-31T15:30:00+00:00,-116207,4068.074
32402,2014-03-31T15:45:00+00:00,-115307,4068.027
32402,2014-03-31T16:00:00+00:00,-114407,4067.971
32402,2014-03-31T16:15:00+00:00,-113507,4067.908
32402,2014-03-31T16:30:00+00:00,-112607,4067.844
32402,2014-03-31T16:45:00+00:00,-111707,4067.774
32402,2014-03-31T17:00:00+00:00,-110807,4067.702
32402,2014-03-31T17:15:00+00:00,-109907,4067.631
32402,2014-03-31T17:30:00+00:00,-109007,4067.558
32402,2014-03-31T17:45:00+00:00,-108107,4067.486
32402,2014-03-31T18:00:00+00:00,-107207,4067.415
32402,2014-03-31T18:15:00+00:00,-106307,4067.346
32402,2014-03-31T18:30:00+00:00,-105407,4067.283
32402,2014-03-31T18:45:00+00:00,-104507,4067.222
32402,2014-03-31T19:00:00+00:00,-103607,4067.170
32402,2014-03-31T19:15:00+00:00,-102707,4067.123
32402,2014-03-31T19:30:00+00:00,-101807,4067.086
32402,2014-03-31T19:45:00+00:00,-100907,4067.056
32402,2014-03-31T20:00:00+00:00,-100007,4067.032
32402,2014-03-31T20:15:00+00:00,-99107,4067.017
32402,2014-03-31T20:30:00+00:00,-98207,4067.017
32402,2014-03-31T20:45:00+00:00,-97307,4067.022
32402,2014-03-31T21:00:00+00:00,-96407,4067.036
32402,2014-03-31T21:15:00+00:00,-95507,4067.061
32402,2014-03-31T21:30:00+00:00,-94607,4067.093
32402,2014-03-31T21:45:00+00:00,-93707,4067.132
32402,2014-03-31T22:00:00+00:00,-92807,4067.181
32402,2014-03-31T22:15:00+00:00,-91907,4067.238
32402,2014-03-31T22:30:00+00:00,-91007,4067.298
32402,2014-03-31T22:45:00+00:00,-90107,4067.364
32402,2014-03-31T23:00:00+00:00,-89207,4067.435
32402,2014-03-31T23:15:00+00:00,-88307,4067.506
32402,2014-03-31T23:30:00+00:00,-87407,4067.577
32402,2014-03-31T23:45:00+00:00,-86507,4067.647
32402,2014-04-01T00:00:00+00:00,-85607,4067.716
32402,2014-04-01T00:15:00+00:00,-84707,4067.784
32402,2014-04-01T00:30:00+00:00,-83807,4067.848
32402,2014-04-01T00:45:00+00:00,-82907,4067.908
32402,2014-04-01T01:00:00+00:00,-82007,4067.961
32402,2014-04-01T01:15:00+00:00,-81107,4068.008
32402,2014-04-01T01:30:00+00:00,-80207,4068.047
32402,2014-04-01T01:45:00+00:00,-79307,4068.080
32402,2014-04-01T02:00:00+00:00,-78407,4068.099
32402,2014-04-01T02:15:00+00:00,-77507,4068.109
32402,2014-04-01T02:30:00+00:00,-76607,4068.110
32402,2014-04-01T02:45:00+00:00,-75707,4068.104
32402,2014-04-01T03:00:00+00:00,-74807,4068.085
32402,2014-04-01T03:15:00+00:00,-73907,4068.063
32402,2014-04-01T03:30:00+00:00,-73007,4068.031
32402,2014-04-01T03:45:00+00:00,-72107,4067.989
32402,2014-04-01T04:00:00+00:00,-71207,4067.946
32402,2014-04-01T04:15:00+00:00,-70307,4067.895
32402,2014-04-01T04:30:00+00:00,-69407,4067.836
32402,2014-04-01T04:45:00+00:00,-68507,4067.774
32402,2014-04-01T05:00:00+00:00,-67607,4067.706
32402,2014-04-01T05:15:00+00:00,-66707,4067.634
32402,2014-04-01T05:30:00+00:00,-65807,4067.566
32402,2014-04-01T05:45:00+00:00,-64907,4067.493
32402,2014-04-01T06:00:00+00:00,-64007,4067.425
32402,2014-04-01T06:15:00+00:00,-63107,4067.359
32402,2014-04-01T06:30:00+00:00,-62207,4067.296
32402,2014-04-01T06:45:00+00:00,-61307,4067.233
32402,2014-04-01T07:00:00+00:00,-60407,4067.179
32402,2014-04-01T07:15:00+00:00,-59507,4067.133
32402,2014-04-01T07:30:00+00:00,-58607,4067.091
32402,2014-04-01T07:45:00+00:00,-57707,4067.059
32402,2014-04-01T08:00:00+00:00,-56807,4067.037
32402,2014-04-01T08:15:00+00:00,-55907,4067.021
32402,2014-04-01T08:30:00+00:00,-55007,4067.014
32402,2014-04-01T08:45:00+00:00,-54107,4067.018
32402,2014-04-01T09:00:00+00:00,-53207,4067.028
32402,2014-04-01T09:15:00+00:00,-52307,4067.050
32402,2014-04-01T09:30:00+00:00,-51407,4067.078
32402,2014-04-01T09:45:00+00:00,-50507,4067.114
32402,2014-04-01T10:00:00+00:00,-49607,4067.160
32402,2014-04-01T10:15:00+00:00,-48707,4067.212
32402,2014-04-01T10:30:00+00:00,-47807,4067.271
32402,2014-04-01T10:45:00+00:00,-46907,4067.334
32402,2014-04-01T11:00:00+00:00,-46007,4067.403
32402,2014-04-01T11:15:00+00:00,-45107,4067.475
32402,2014-04-01T11:30:00+00:00,-44207,4067.553
32402,2014-04-01T11:45:00+00:00,-43307,4067.631
32402,2014-04-01T12:00:00+00:00,-42407,4067.709
32402,2014-04-01T12:15:00+00:00,-41507,4067.785
32402,2014-04-01T12:30:00+00:00,-40607,4067.860
32402,2014-04-01T12:45:00+00:00,-39707,4067.932
32402,2014-04-01T13:00:00+00:00,-38807,4067.994
32402,2014-04-01T13:15:00+00:00,-37907,4068.053
32402,2014-04-01T13:30:00+00:00,-37007,4068.105
32402,2014-04-01T13:45:00+00:00,-36107,4068.148
32402,2014-04-01T14:00:00+00:00,-35207,4068.189
32402,2014-04-01T14:15:00+00:00,-34307,4068.214
32402,2014-04-01T14:30:00+00:00,-33407,4068.234
32402,2014-04-01T14:45:00+00:00,-32507,4068.244
32402,2014-04-01T15:00:00+00:00,-31607,4068.246
32402,2014-04-01T15:15:00+00:00,-30707,4068.238
32402,2014-04-01T15:30:00+00:00,-29807,4068.218
32402,2014-04-01T15:45:00+00:00,-28907,4068.194
32402,2014-04-01T16:00:00+00:00,-28007,4068.156
32402,2014-04-01T16:15:00+00:00,-27107,4068.113
32402,2014-04-01T16:30:00+00:00,-26207,4068.063
32402,2014-04-01T16:45:00+00:00,-25307,4068.006
32402,2014-04-01T17:00:00+00:00,-24407,4067.944
32402,2014-04-01T17:15:00+00:00,-23507,4067.880
32402,2014-04-01T17:30:00+00:00,-22607,4067.811
32402,2014-04-01T17:45:00+00:00,-21707,4067.738
32402,2014-04-01T18:00:00+00:00,-20807,4067.665
32402,2014-04-01T18:15:00+00:00,-19907,4067.592
32402,2014-04-01T18:30:00+00:00,-19007,4067.520
32402,2014-04-01T18:45:00+00:00,-18107,4067.449
32402,2014-04-01T19:00:00+00:00,-17207,4067.382
32402,2014-04-01T19:15:00+00:00,-16307,4067.319
32402,2014-04-01T19:30:00+00:00,-15407,4067.263
32402,2014-04-01T19:45:00+00:00,-14507,4067.208
32402,2014-04-01T20:00:00+00:00,-13607,4067.160
32402,2014-04-01T20:15:00+00:00,-12707,4067.119
32402,2014-04-01T20:30:00+00:00,-11807,4067.090
32402,2014-04-01T20:45:00+00:00,-10907,4067.068
32402,2014-04-01T21:00:00+00:00,-10007,4067.052
32402,2014-04-01T21:15:00+00:00,-9107,4067.047
32402,2014-04-01T21:30:00+00:00,-8207,4067.046
32402,2014-04-01T21:45:00+00:00,-7307,4067.058
32402,2014-04-01T22:00:00+00:00,-6407,4067.078
32402,2014-04-01T22:15:00+00:00,-5507,4067.106
32402,2014-04-01T22:30:00+00:00,-4607,4067.140
32402,2014-04-01T22:45:00+00:00,-3707,4067.181
