station_id,timestamp_utc,seconds_from_origin,height_m
51426,2014-03-03T00:00:00+00:00,-2591207,5658.544
51426,2014-03-03T00:15:00+00:00,-2590307,5658.477
51426,2014-03-03T00:30:00+00:00,-2589407,5658.415
51426,2014-03-03T00:45:00+00:00,-2588507,5658.356
51426,2014-03-03T01:00:00+00:00,-2587607,5658.304
51426,2014-03-03T01:15:00+00:00,-2586707,5658.259
51426,2014-03-03T01:30:00+00:00,-2585807,5658.225
51426,2014-03-03T01:45:00+00:00,-2584907,5658.196
51426,2014-03-03T02:00:00+00:00,-2584007,5658.174
51426,2014-03-03T02:15:00+00:00,-2583107,5658.163
51426,2014-03-03T02:30:00+00:00,-2582207,5658.161
51426,2014-03-03T02:45:00+00:00,-2581307,5658.170
51426,2014-03-03T03:00:00+00:00,-2580407,5658.188
51426,2014-03-03T03:15:00+00:00,-2579507,5658.218
51426,2014-03-03T03:30:00+00:00,-2578607,5658.252
51426,2014-03-03T03:45:00+00:00,-2577707,5658.297
51426,2014-03-03T04:00:00+00:00,-2576807,5658.348
51426,2014-03-03T04:15:00+00:00,-2575907,5658.408
51426,2014-03-03T04:30:00+00:00,-2575007,5658.472
51426,2014-03-03T04:45:00+00:00,-2574107,5658.542
51426,2014-03-03T05:00:00+00:00,-2573207,5658.615
51426,2014-03-03T05:15:00+00:00,-2572307,5658.690
51426,2014-03-03T05:30:00+00:00,-2571407,5658.766
51426,2014-03-03T05:45:00+00:00,-2570507,5658.840
51426,2014-03-03T06:00:00+00:00,-2569607,5658.914
51426,2014-03-03T06:15:00+00:00,-2568707,5658.987
51426,2014-03-03T06:30:00+00:00,-2567807,5659.053
51426,2014-03-03T06:45:00+00:00,-2566907,5659.116
51426,2014-03-03T07:00:00+00:00,-2566007,5659.174
51426,2014-03-03T07:15:00+00:00,-2565107,5659.226
51426,2014-03-03T07:30:00+00:00,-2564207,5659.268
51426,2014-03-03T07:45:00+00:00,-2563307,5659.300
51426,2014-03-03T08:00:00+00:00,-2562407,5659.325
51426,2014-03-03T08:15:00+00:00,-2561507,5659.339
51426,2014-03-03T08:30:00+00:00,-2560607,5659.343
51426,2014-03-03T08:45:00+00:00,-2559707,5659.338
51426,2014-03-03T09:00:00+00:00,-2558807,5659.323
51426,2014-03-03T09:15:00+00:00,-2557907,5659.300
51426,2014-03-03T09:30:00+00:00,-2557007,5659.269
51426,2014-03-03T09:45:00+00:00,-2556107,5659.227
51426,2014-03-03T10:00:00+00:00,-2555207,5659.180
51426,2014-03-03T10:15:00+00:00,-2554307,5659.126
51426,2014-03-03T10:30:00+00:00,-2553407,5659.067
51426,2014-03-03T10:45:00+00:00,-2552507,5659.004
51426,2014-03-03T11:00:00+00:00,-2551607,5658.936
51426,2014-03-03T11:15:00+00:00,-2550707,5658.867
51426,2014-03-03T11:30:00+00:00,-2549807,5658.793
51426,2014-03-03T11:45:00+00:00,-2548907,5658.723
51426,2014-03-03T12:00:00+00:00,-2548007,5658.650
51426,2014-03-03T12:15:00+00:00,-2547107,5658.580
51426,2014-03-03T12:30:00+00:00,-2546207,5658.515
51426,2014-03-03T12:45:00+00:00,-2545307,5658.451
51426,2014-03-03T13:00:00+00:00,-2544407,5658.390
51426,2014-03-03T13:15:00+00:00,-2543507,5658.337
51426,2014-03-03T13:30:00+00:00,-2542607,5658.289
51426,2014-03-03T13:45:00+00:00,-2541707,5658.247
51426,2014-03-03T14:00:00+00:00,-2540807,5658.213
51426,2014-03-03T14:15:00+00:00,-2539907,5658.192
51426,2014-03-03T14:30:00+00:00,-2539007,5658.178
51426,2014-03-03T14:45:00+00:00,-2538107,5658.171
51426,2014-03-03T15:00:00+00:00,-2537207,5658.173
51426,2014-03-03T15:15:00+00:00,-2536307,5658.183
51426,2014-03-03T15:30:00+00:00,-2535407,5658.209
51426,2014-03-03T15:45:00+00:00,-2534507,5658.237
51426,2014-03-03T16:00:00+00:00,-2533607,5658.276
51426,2014-03-03T16:15:00+00:00,-2532707,5658.324
51426,2014-03-03T16:30:00+00:00,-2531807,5658.376
51426,2014-03-03T16:45:00+00:00,-2530907,5658.434
51426,2014-03-03T17:00:00+00:00,-2530007,5658.499
51426,2014-03-03T17:15:00+00:00,-2529107,5658.569
51426,2014-03-03T17:30:00+00:00,-2528207,5658.640
51426,2014-03-03T17:45:00+00:00,-2527307,5658.716
51426,2014-03-03T18:00:00+00:00,-2526407,5658.792
51426,2014-03-03T18:15:00+00:00,-2525507,5658.869
51426,2014-03-03T18:30:00+00:00,-2524607,5658.943
51426,2014-03-03T18:45:00+00:00,-2523707,5659.017
51426,2014-03-03T19:00:00+00:00,-2522807,5659.086
51426,2014-03-03T19:15:00+00:00,-2521907,5659.150
51426,2014-03-03T19:30:00+00:00,-2521007,5659.205
51426,2014-03-03T19:45:00+00:00,-2520107,5659.256
51426,2014-03-03T20:00:00+00:00,-2519207,5659.297
51426,2014-03-03T20:15:00+00:00,-2518307,5659.330
51426,2014-03-03T20:30:00+00:00,-2517407,5659.351
51426,2014-03-03T20:45:00+00:00,-2516507,5659.364
51426,2014-03-03T21:00:00+00:00,-2515607,5659.368
51426,2014-03-03T21:15:00+00:00,-2514707,5659.360
51426,2014-03-03T21:30:00+00:00,-2513807,5659.346
51426,2014-03-03T21:45:00+00:00,-2512907,5659.320
51426,2014-03-03T22:00:00+00:00,-2512007,5659.286
51426,2014-03-03T22:15:00+00:00,-2511107,5659.243
51426,2014-03-03T22:30:00+00:00,-2510207,5659.193
51426,2014-03-03T22:45:00+00:00,-2509307,5659.134
51426,2014-03-03T23:00:00+00:00,-2508407,5659.073
51426,2014-03-03T23:15:00+00:00,-2507507,5659.007
51426,2014-03-03T23:30:00+00:00,-2506607,5658.938
51426,2014-03-03T23:45:00+00:00,-2505707,5658.864
51426,2014-03-04T00:00:00+00:00,-2504807,5658.789
51426,2014-03-04T00:15:00+00:00,-2503907,5658.714
51426,2014-03-04T00:30:00+00:00,-2503007,5658.638
51426,2014-03-04T00:45:00+00:00,-2502107,5658.565
51426,2014-03-04T01:00:00+00:00,-2501207,5658.493
51426,2014-03-04T01:15:00+00:00,-2500307,5658.425
51426,2014-03-04T01:30:00+00:00,-2499407,5658.362
51426,2014-03-04T01:45:00+00:00,-2498507,5658.304
51426,2014-03-04T02:00:00+00:00,-2497607,5658.257
51426,2014-03-04T02:15:00+00:00,-2496707,5658.215
51426,2014-03-04T02:30:00+00:00,-2495807,5658.184
51426,2014-03-04T02:45:00+00:00,-2494907,5658.161
51426,2014-03-04T03:00:00+00:00,-2494007,5658.144
51426,2014-03-04T03:15:00+00:00,-2493107,5658.139
51426,2014-03-04T03:30:00+00:00,-2492207,5658.143
51426,2014-03-04T03:45:00+00:00,-2491307,5658.157
51426,2014-03-04T04:00:00+00:00,-2490407,5658.179
51426,2014-03-04T04:15:00+00:00,-2489507,5658.212
51426,2014-03-04T04:30:00+00:00,-2488607,5658.252
51426,2014-03-04T04:45:00+00:00,-2487707,5658.300
51426,2014-03-04T05:00:00+00:00,-2486807,5658.355
51426,2014-03-04T05:15:00+00:00,-2485907,5658.413
51426,2014-03-04T05:30:00+00:00,-2485007,5658.481
51426,2014-03-04T05:45:00+00:00,-2484107,5658.550
51426,2014-03-04T06:00:00+00:00,-2483207,5658.622
51426,2014-03-04T06:15:00+00:00,-2482307,5658.698
51426,2014-03-04T06:30:00+00:00,-2481407,5658.773
51426,2014-03-04T06:45:00+00:00,-2480507,5658.850
51426,2014-03-04T07:00:00+00:00,-2479607,5658.921
51426,2014-03-04T07:15:00+00:00,-2478707,5658.992
51426,2014-03-04T07:30:00+00:00,-2477807,5659.056
51426,2014-03-04T07:45:00+00:00,-2476907,5659.119
51426,2014-03-04T08:00:00+00:00,-2476007,5659.172
51426,2014-03-04T08:15:00+00:00,-2475107,5659.218
51426,2014-03-04T08:30:00+00:00,-2474207,5659.254
51426,2014-03-04T08:45:00+00:00,-2473307,5659.283
51426,2014-03-04T09:00:00+00:00,-2472407,5659.299
51426,2014-03-04T09:15:00+00:00,-2471507,5659.308
51426,2014-03-04T09:30:00+00:00,-2470607,5659.305
51426,2014-03-04T09:45:00+00:00,-2469707,5659.296
51426,2014-03-04T10:00:00+00:00,-2468807,5659.278
51426,2014-03-04T10:15:00+00:00,-2467907,5659.253
51426,2014-03-04T10:30:00+00:00,-2467007,5659.216
51426,2014-03-04T10:45:00+00:00,-2466107,5659.171
51426,2014-03-04T11:00:00+00:00,-2465207,5659.121
51426,2014-03-04T11:15:00+00:00,-2464307,5659.065
51426,2014-03-04T11:30:00+00:00,-2463407,5659.002
51426,2014-03-04T11:45:00+00:00,-2462507,5658.936
51426,2014-03-04T12:00:00+00:00,-2461607,5658.871
51426,2014-03-04T12:15:00+00:00,-2460707,5658.800
51426,2014-03-04T12:30:00+00:00,-2459807,5658.729
51426,2014-03-04T12:45:00+00:00,-2458907,5658.659
51426,2014-03-04T13:00:00+00:00,-2458007,5658.591
51426,2014-03-04T13:15:00+00:00,-2457107,5658.522
51426,2014-03-04T13:30:00+00:00,-2456207,5658.457
51426,2014-03-04T13:45:00+00:00,-2455307,5658.397
51426,2014-03-04T14:00:00+00:00,-2454407,5658.344
51426,2014-03-04T14:15:00+00:00,-2453507,5658.295
51426,2014-03-04T14:30:00+00:00,-2452607,5658.256
51426,2014-03-04T14:45:00+00:00,-2451707,5658.227
51426,2014-03-04T15:00:00+00:00,-2450807,5658.198
51426,2014-03-04T15:15:00+00:00,-2449907,5658.186
51426,2014-03-04T15:30:00+00:00,-2449007,5658.177
51426,2014-03-04T15:45:00+00:00,-2448107,5658.176
51426,2014-03-04T16:00:00+00:00,-2447207,5658.186
51426,2014-03-04T16:15:00+00:00,-2446307,5658.202
51426,2014-03-04T16:30:00+00:00,-2445407,5658.228
51426,2014-03-04T16:45:00+00:00,-2444507,5658.264
51426,2014-03-04T17:00:00+00:00,-2443607,5658.307
51426,2014-03-04T17:15:00+00:00,-2442707,5658.356
51426,2014-03-04T17:30:00+00:00,-2441807,5658.413
51426,2014-03-04T17:45:00+00:00,-2440907,5658.473
51426,2014-03-04T18:00:00+00:00,-2440007,5658.542
51426,2014-03-04T18:15:00+00:00,-2439107,5658.610
51426,2014-03-04T18:30:00+00:00,-2438207,5658.684
51426,2014-03-04T18:45:00+00:00,-2437307,5658.758
51426,2014-03-04T19:00:00+00:00,-2436407,5658.833
51426,2014-03-04T19:15:00+00:00,-2435507,5658.907
51426,2014-03-04T19:30:00+00:00,-2434607,5658.978
51426,2014-03-04T19:45:00+00:00,-2433707,5659.045
51426,2014-03-04T20:00:00+00:00,-2432807,5659.110
51426,2014-03-04T20:15:00+00:00,-2431907,5659.166
51426,2014-03-04T20:30:00+00:00,-2431007,5659.216
51426,2014-03-04T20:45:00+00:00,-2430107,5659.259
51426,2014-03-04T21:00:00+00:00,-2429207,5659.291
51426,2014-03-04T21:15:00+00:00,-2428307,5659.316
51426,2014-03-04T21:30:00+00:00,-2427407,5659.334
51426,2014-03-04T21:45:00+00:00,-2426507,5659.339
51426,2014-03-04T22:00:00+00:00,-2425607,5659.334
51426,2014-03-04T22:15:00+00:00,-2424707,5659.323
51426,2014-03-04T22:30:00+00:00,-2423807,5659.301
51426,2014-03-04T22:45:00+00:00,-2422907,5659.271
51426,2014-03-04T23:00:00+00:00,-2422007,5659.233
51426,2014-03-04T23:15:00+00:00,-2421107,5659.188
51426,2014-03-04T23:30:00+00:00,-2420207,5659.142
51426,2014-03-04T23:45:00+00:00,-2419307,5659.081
51426,2014-03-05T00:00:00+00:00,-2418407,5659.017
51426,2014-03-05T00:15:00+00:00,-2417507,5658.948
51426,2014-03-05T00:30:00+00:00,-2416607,5658.878
51426,2014-03-05T00:45:00+00:00,-2415707,5658.805
51426,2014-03-05T01:00:00+00:00,-2414807,5658.727
51426,2014-03-05T01:15:00+00:00,-2413907,5658.651
51426,2014-03-05T01:30:00+00:00,-2413007,5658.578
51426,2014-03-05T01:45:00+00:00,-2412107,5658.507
51426,2014-03-05T02:00:00+00:00,-2411207,5658.440
51426,2014-03-05T02:15:00+00:00,-2410307,5658.380
51426,2014-03-05T02:30:00+00:00,-2409407,5658.326
51426,2014-03-05T02:45:00+00:00,-2408507,5658.275
51426,2014-03-05T03:00:00+00:00,-2407607,5658.230
51426,2014-03-05T03:15:00+00:00,-2406707,5658.197
51426,2014-03-05T03:30:00+00:00,-2405807,5658.169
51426,2014-03-05T03:45:00+00:00,-2404907,5658.152
51426,2014-03-05T04:00:00+00:00,-2404007,5658.144
51426,2014-03-05T04:15:00+00:00,-2403107,5658.144
51426,2014-03-05T04:30:00+00:00,-2402207,5658.155
51426,2014-03-05T04:45:00+00:00,-2401307,5658.171
51426,2014-03-05T05:00:00+00:00,-2400407,5658.201
51426,2014-03-05T05:15:00+00:00,-2399507,5658.238
51426,2014-03-05T05:30:00+00:00,-2398607,5658.283
51426,2014-03-05T05:45:00+00:00,-2397707,5658.334
51426,2014-03-05T06:00:00+00:00,-2396807,5658.390
51426,2014-03-05T06:15:00+00:00,-2395907,5658.451
51426,2014-03-05T06:30:00+00:00,-2395007,5658.516
51426,2014-03-05T06:45:00+00:00,-2394107,5658.586
51426,2014-03-05T07:00:00+00:00,-2393207,5658.661
51426,2014-03-05T07:15:00+00:00,-2392307,5658.734
51426,2014-03-05T07:30:00+00:00,-2391407,5658.806
51426,2014-03-05T07:45:00+00:00,-2390507,5658.878
51426,2014-03-05T08:00:00+00:00,-2389607,5658.944
51426,2014-03-05T08:15:00+00:00,-2388707,5659.006
51426,2014-03-05T08:30:00+00:00,-2387807,5659.065
51426,2014-03-05T08:45:00+00:00,-2386907,5659.118
51426,2014-03-05T09:00:00+00:00,-2386007,5659.163
51426,2014-03-05T09:15:00+00:00,-2385107,5659.200
51426,2014-03-05T09:30:00+00:00,-2384207,5659.230
51426,2014-03-05T09:45:00+00:00,-2383307,5659.248
51426,2014-03-05T10:00:00+00:00,-2382407,5659.262
51426,2014-03-05T10:15:00+00:00,-2381507,5659.263
51426,2014-03-05T10:30:00+00:00,-2380607,5659.257
51426,2014-03-05T10:45:00+00:00,-2379707,5659.243
51426,2014-03-05T11:00:00+00:00,-2378807,5659.220
51426,2014-03-05T11:15:00+00:00,-2377907,5659.189
51426,2014-03-05T11:30:00+00:00,-2377007,5659.148
51426,2014-03-05T11:45:00+00:00,-2376107,5659.104
51426,2014-03-05T12:00:00+00:00,-2375207,5659.052
51426,2014-03-05T12:15:00+00:00,-2374307,5658.996
51426,2014-03-05T12:30:00+00:00,-2373407,5658.935
51426,2014-03-05T12:45:00+00:00,-2372507,5658.870
51426,2014-03-05T13:00:00+00:00,-2371607,5658.807
51426,2014-03-05T13:15:00+00:00,-2370707,5658.738
51426,2014-03-05T13:30:00+00:00,-2369807,5658.674
51426,2014-03-05T13:45:00+00:00,-2368907,5658.606
51426,2014-03-05T14:00:00+00:00,-2368007,5658.540
51426,2014-03-05T14:15:00+00:00,-2367107,5658.476
51426,2014-03-05T14:30:00+00:00,-2366207,5658.420
51426,2014-03-05T14:45:00+00:00,-2365307,5658.366
51426,2014-03-05T15:00:00+00:00,-2364407,5658.321
51426,2014-03-05T15:15:00+00:00,-2363507,5658.284
51426,2014-03-05T15:30:00+00:00,-2362607,5658.252
51426,2014-03-05T15:45:00+00:00,-2361707,5658.228
51426,2014-03-05T16:00:00+00:00,-2360807,5658.213
51426,2014-03-05T16:15:00+00:00,-2359907,5658.208
51426,2014-03-05T16:30:00+00:00,-2359007,5658.208
51426,2014-03-05T16:45:00+00:00,-2358107,5658.216
51426,2014-03-05T17:00:00+00:00,-2357207,5658.231
51426,2014-03-05T17:15:00+00:00,-2356307,5658.253
51426,2014-03-05T17:30:00+00:00,-2355407,5658.287
51426,2014-03-05T17:45:00+00:00,-2354507,5658.327
51426,2014-03-05T18:00:00+00:00,-2353607,5658.373
51426,2014-03-05T18:15:00+00:00,-2352707,5658.424
51426,2014-03-05T18:30:00+00:00,-2351807,5658.483
51426,2014-03-05T18:45:00+00:00,-2350907,5658.546
51426,2014-03-05T19:00:00+00:00,-2350007,5658.613
51426,2014-03-05T19:15:00+00:00,-2349107,5658.682
51426,2014-03-05T19:30:00+00:00,-2348207,5658.753
51426,2014-03-05T19:45:00+00:00,-2347307,5658.823
51426,2014-03-05T20:00:00+00:00,-2346407,5658.892
51426,2014-03-05T20:15:00+00:00,-2345507,5658.958
51426,2014-03-05T20:30:00+00:00,-2344607,5659.020
51426,2014-03-05T20:45:00+00:00,-2343707,5659.078
51426,2014-03-05T21:00:00+00:00,-2342807,5659.132
51426,2014-03-05T21:15:00+00:00,-2341907,5659.179
51426,2014-03-05T21:30:00+00:00,-2341007,5659.218
51426,2014-03-05T21:45:00+00:00,-2340107,5659.249
51426,2014-03-05T22:00:00+00:00,-2339207,5659.272
51426,2014-03-05T22:15:00+00:00,-2338307,5659.287
51426,2014-03-05T22:30:00+00:00,-2337407,5659.295
51426,2014-03-05T22:45:00+00:00,-2336507,5659.296
51426,2014-03-05T23:00:00+00:00,-2335607,5659.288
51426,2014-03-05T23:15:00+00:00,-2334707,5659.271
51426,2014-03-05T23:30:00+00:00,-2333807,5659.244
51426,2014-03-05T23:45:00+00:00,-2332907,5659.211
51426,2014-03-06T00:00:00+00:00,-2332007,5659.169
51426,2014-03-06T00:15:00+00:00,-2331107,5659.122
51426,2014-03-06T00:30:00+00:00,-2330207,5659.067
51426,2014-03-06T00:45:00+00:00,-2329307,5659.007
51426,2014-03-06T01:00:00+00:00,-2328407,5658.941
51426,2014-03-06T01:15:00+00:00,-2327507,5658.876
51426,2014-03-06T01:30:00+00:00,-2326607,5658.805
51426,2014-03-06T01:45:00+00:00,-2325707,5658.737
51426,2014-03-06T02:00:00+00:00,-2324807,5658.668
51426,2014-03-06T02:15:00+00:00,-2323907,5658.598
51426,2014-03-06T02:30:00+00:00,-2323007,5658.530
51426,2014-03-06T02:45:00+00:00,-2322107,5658.467
51426,2014-03-06T03:00:00+00:00,-2321207,5658.406
51426,2014-03-06T03:15:00+00:00,-2320307,5658.350
51426,2014-03-06T03:30:00+00:00,-2319407,5658.302
51426,2014-03-06T03:45:00+00:00,-2318507,5658.260
51426,2014-03-06T04:00:00+00:00,-2317607,5658.223
51426,2014-03-06T04:15:00+00:00,-2316707,5658.199
51426,2014-03-06T04:30:00+00:00,-2315807,5658.180
51426,2014-03-06T04:45:00+00:00,-2314907,5658.173
51426,2014-03-06T05:00:00+00:00,-2314007,5658.169
51426,2014-03-06T05:15:00+00:00,-2313107,5658.176
51426,2014-03-06T05:30:00+00:00,-2312207,5658.193
51426,2014-03-06T05:45:00+00:00,-2311307,5658.217
51426,2014-03-06T06:00:00+00:00,-2310407,5658.251
51426,2014-03-06T06:15:00+00:00,-2309507,5658.294
51426,2014-03-06T06:30:00+00:00,-2308607,5658.340
51426,2014-03-06T06:45:00+00:00,-2307707,5658.392
51426,2014-03-06T07:00:00+00:00,-2306807,5658.450
51426,2014-03-06T07:15:00+00:00,-2305907,5658.512
51426,2014-03-06T07:30:00+00:00,-2305007,5658.578
51426,2014-03-06T07:45:00+00:00,-2304107,5658.648
51426,2014-03-06T08:00:00+00:00,-2303207,5658.716
51426,2014-03-06T08:15:00+00:00,-2302307,5658.784
51426,2014-03-06T08:30:00+00:00,-2301407,5658.850
51426,2014-03-06T08:45:00+00:00,-2300507,5658.913
51426,2014-03-06T09:00:00+00:00,-2299607,5658.971
51426,2014-03-06T09:15:00+00:00,-2298707,5659.025
51426,2014-03-06T09:30:00+00:00,-2297807,5659.073
51426,2014-03-06T09:45:00+00:00,-2296907,5659.115
51426,2014-03-06T10:00:00+00:00,-2296007,5659.151
51426,2014-03-06T10:15:00+00:00,-2295107,5659.177
51426,2014-03-06T10:30:00+00:00,-2294207,5659.198
51426,2014-03-06T10:45:00+00:00,-2293307,5659.209
51426,2014-03-06T11:00:00+00:00,-2292407,5659.211
51426,2014-03-06T11:15:00+00:00,-2291507,5659.207
51426,2014-03-06T11:30:00+00:00,-2290607,5659.195
51426,2014-03-06T11:45:00+00:00,-2289707,5659.177
51426,2014-03-06T12:00:00+00:00,-2288807,5659.150
51426,2014-03-06T12:15:00+00:00,-2287907,5659.118
51426,2014-03-06T12:30:00+00:00,-2287007,5659.079
51426,2014-03-06T12:45:00+00:00,-2286107,5659.033
51426,2014-03-06T13:00:00+00:00,-2285207,5658.981
51426,2014-03-06T13:15:00+00:00,-2284307,5658.929
51426,2014-03-06T13:30:00+00:00,-2283407,5658.872
51426,2014-03-06T13:45:00+00:00,-2282507,5658.809
51426,2014-03-06T14:00:00+00:00,-2281607,5658.746
51426,2014-03-06T14:15:00+00:00,-2280707,5658.683
51426,2014-03-06T14:30:00+00:00,-2279807,5658.623
51426,2014-03-06T14:45:00+00:00,-2278907,5658.564
51426,2014-03-06T15:00:00+00:00,-2278007,5658.507
51426,2014-03-06T15:15:00+00:00,-2277107,5658.459
51426,2014-03-06T15:30:00+00:00,-2276207,5658.409
51426,2014-03-06T15:45:00+00:00,-2275307,5658.369
51426,2014-03-06T16:00:00+00:00,-2274407,5658.333
51426,2014-03-06T16:15:00+00:00,-2273507,5658.306
51426,2014-03-06T16:30:00+00:00,-2272607,5658.283
51426,2014-03-06T16:45:00+00:00,-2271707,5658.265
51426,2014-03-06T17:00:00+00:00,-2270807,5658.257
51426,2014-03-06T17:15:00+00:00,-2269907,5658.258
51426,2014-03-06T17:30:00+00:00,-2269007,5658.265
51426,2014-03-06T17:45:00+00:00,-2268107,5658.277
51426,2014-03-06T18:00:00+00:00,-2267207,5658.299
51426,2014-03-06T18:15:00+00:00,-2266307,5658.329
51426,2014-03-06T18:30:00+00:00,-2265407,5658.362
51426,2014-03-06T18:45:00+00:00,-2264507,5658.404
51426,2014-03-06T19:00:00+00:00,-2263607,5658.452
51426,2014-03-06T19:15:00+00:00,-2262707,5658.505
51426,2014-03-06T19:30:00+00:00,-2261807,5658.561
51426,2014-03-06T19:45:00+00:00,-2260907,5658.621
51426,2014-03-06T20:00:00+00:00,-2260007,5658.681
51426,2014-03-06T20:15:00+00:00,-2259107,5658.745
51426,2014-03-06T20:30:00+00:00,-2258207,5658.810
51426,2014-03-06T20:45:00+00:00,-2257307,5658.869
51426,2014-03-06T21:00:00+00:00,-2256407,5658.932
51426,2014-03-06T21:15:00+00:00,-2255507,5658.989
51426,2014-03-06T21:30:00+00:00,-2254607,5659.043
51426,2014-03-06T21:45:00+00:00,-2253707,5659.090
51426,2014-03-06T22:00:00+00:00,-2252807,5659.137
51426,2014-03-06T22:15:00+00:00,-2251907,5659.174
51426,2014-03-06T22:30:00+00:00,-2251007,5659.203
51426,2014-03-06T22:45:00+00:00,-2250107,5659.229
51426,2014-03-06T23:00:00+00:00,-2249207,5659.247
51426,2014-03-06T23:15:00+00:00,-2248307,5659.254
51426,2014-03-06T23:30:00+00:00,-2247407,5659.255
51426,2014-03-06T23:45:00+00:00,-2246507,5659.250
51426,2014-03-07T00:00:00+00:00,-2245607,5659.236
51426,2014-03-07T00:15:00+00:00,-2244707,5659.215
51426,2014-03-07T00:30:00+00:00,-2243807,5659.185
51426,2014-03-07T00:45:00+00:00,-2242907,5659.147
51426,2014-03-07T01:00:00+00:00,-2242007,5659.105
51426,2014-03-07T01:15:00+00:00,-2241107,5659.056
51426,2014-03-07T01:30:00+00:00,-2240207,5658.998
51426,2014-03-07T01:45:00+00:00,-2239307,5658.942
51426,2014-03-07T02:00:00+00:00,-2238407,5658.882
51426,2014-03-07T02:15:00+00:00,-2237507,5658.816
51426,2014-03-07T02:30:00+00:00,-2236607,5658.753
51426,2014-03-07T02:45:00+00:00,-2235707,5658.686
51426,2014-03-07T03:00:00+00:00,-2234807,5658.620
51426,2014-03-07T03:15:00+00:00,-2233907,5658.558
51426,2014-03-07T03:30:00+00:00,-2233007,5658.498
51426,2014-03-07T03:45:00+00:00,-2232107,5658.440
51426,2014-03-07T04:00:00+00:00,-2231207,5658.388
51426,2014-03-07T04:15:00+00:00,-2230307,5658.342
51426,2014-03-07T04:30:00+00:00,-2229407,5658.302
51426,2014-03-07T04:45:00+00:00,-2228507,5658.271
51426,2014-03-07T05:00:00+00:00,-2227607,5658.245
51426,2014-03-07T05:15:00+00:00,-2226707,5658.226
51426,2014-03-07T05:30:00+00:00,-2225807,5658.216
51426,2014-03-07T05:45:00+00:00,-2224907,5658.213
51426,2014-03-07T06:00:00+00:00,-2224007,5658.219
51426,2014-03-07T06:15:00+00:00,-2223107,5658.233
51426,2014-03-07T06:30:00+00:00,-2222207,5658.254
51426,2014-03-07T06:45:00+00:00,-2221307,5658.282
51426,2014-03-07T07:00:00+00:00,-2220407,5658.319
51426,2014-03-07T07:15:00+00:00,-2219507,5658.360
51426,2014-03-07T07:30:00+00:00,-2218607,5658.407
51426,2014-03-07T07:45:00+00:00,-2217707,5658.460
51426,2014-03-07T08:00:00+00:00,-2216807,5658.516
51426,2014-03-07T08:15:00+00:00,-2215907,5658.573
51426,2014-03-07T08:30:00+00:00,-2215007,5658.635
51426,2014-03-07T08:45:00+00:00,-2214107,5658.693
51426,2014-03-07T09:00:00+00:00,-2213207,5658.755
51426,2014-03-07T09:15:00+00:00,-2212307,5658.812
51426,2014-03-07T09:30:00+00:00,-2211407,5658.869
51426,2014-03-07T09:45:00+00:00,-2210507,5658.921
51426,2014-03-07T10:00:00+00:00,-2209607,5658.970
51426,2014-03-07T10:15:00+00:00,-2208707,5659.016
51426,2014-03-07T10:30:00+00:00,-2207807,5659.053
51426,2014-03-07T10:45:00+00:00,-2206907,5659.086
51426,2014-03-07T11:00:00+00:00,-2206007,5659.114
51426,2014-03-07T11:15:00+00:00,-2205107,5659.133
51426,2014-03-07T11:30:00+00:00,-2204207,5659.144
51426,2014-03-07T11:45:00+00:00,-2203307,5659.152
51426,2014-03-07T12:00:00+00:00,-2202407,5659.150
51426,2014-03-07T12:15:00+00:00,-2201507,5659.141
51426,2014-03-07T12:30:00+00:00,-2200607,5659.126
51426,2014-03-07T12:45:00+00:00,-2199707,5659.102
51426,2014-03-07T13:00:00+00:00,-2198807,5659.072
51426,2014-03-07T13:15:00+00:00,-2197907,5659.035
51426,2014-03-07T13:30:00+00:00,-2197007,5658.993
51426,2014-03-07T13:45:00+00:00,-2196107,5658.948
51426,2014-03-07T14:00:00+00:00,-2195207,5658.900
51426,2014-03-07T14:15:00+00:00,-2194307,5658.850
51426,2014-03-07T14:30:00+00:00,-2193407,5658.794
51426,2014-03-07T14:45:00+00:00,-2192507,5658.741
51426,2014-03-07T15:00:00+00:00,-2191607,5658.689
51426,2014-03-07T15:15:00+00:00,-2190707,5658.634
51426,2014-03-07T15:30:00+00:00,-2189807,5658.583
51426,2014-03-07T15:45:00+00:00,-2188907,5658.535
51426,2014-03-07T16:00:00+00:00,-2188007,5658.490
51426,2014-03-07T16:15:00+00:00,-2187107,5658.448
51426,2014-03-07T16:30:00+00:00,-2186207,5658.408
51426,2014-03-07T16:45:00+00:00,-2185307,5658.375
51426,2014-03-07T17:00:00+00:00,-2184407,5658.348
51426,2014-03-07T17:15:00+00:00,-2183507,5658.326
51426,2014-03-07T17:30:00+00:00,-2182607,5658.313
51426,2014-03-07T17:45:00+00:00,-2181707,5658.307
51426,2014-03-07T18:00:00+00:00,-2180807,5658.305
51426,2014-03-07T18:15:00+00:00,-2179907,5658.312
51426,2014-03-07T18:30:00+00:00,-2179007,5658.323
51426,2014-03-07T18:45:00+00:00,-2178107,5658.342
51426,2014-03-07T19:00:00+00:00,-2177207,5658.364
51426,2014-03-07T19:15:00+00:00,-2176307,5658.397
51426,2014-03-07T19:30:00+00:00,-2175407,5658.432
51426,2014-03-07T19:45:00+00:00,-2174507,5658.474
51426,2014-03-07T20:00:00+00:00,-2173607,5658.517
51426,2014-03-07T20:15:00+00:00,-2172707,5658.566
51426,2014-03-07T20:30:00+00:00,-2171807,5658.616
51426,2014-03-07T20:45:00+00:00,-2170907,5658.671
51426,2014-03-07T21:00:00+00:00,-2170007,5658.728
51426,2014-03-07T21:15:00+00:00,-2169107,5658.784
51426,2014-03-07T21:30:00+00:00,-2168207,5658.838
51426,2014-03-07T21:45:00+00:00,-2167307,5658.893
51426,2014-03-07T22:00:00+00:00,-2166407,5658.946
51426,2014-03-07T22:15:00+00:00,-2165507,5658.995
51426,2014-03-07T22:30:00+00:00,-2164607,5659.039
51426,2014-03-07T22:45:00+00:00,-2163707,5659.080
51426,2014-03-07T23:00:00+00:00,-2162807,5659.116
51426,2014-03-07T23:15:00+00:00,-2161907,5659.145
51426,2014-03-07T23:30:00+00:00,-2161007,5659.168
51426,2014-03-07T23:45:00+00:00,-2160107,5659.182
51426,2014-03-08T00:00:00+00:00,-2159207,5659.191
51426,2014-03-08T00:15:00+00:00,-2158307,5659.191
51426,2014-03-08T00:30:00+00:00,-2157407,5659.185
51426,2014-03-08T00:45:00+00:00,-2156507,5659.174
51426,2014-03-08T01:00:00+00:00,-2155607,5659.154
51426,2014-03-08T01:15:00+00:00,-2154707,5659.127
51426,2014-03-08T01:30:00+00:00,-2153807,5659.096
51426,2014-03-08T01:45:00+00:00,-2152907,5659.058
51426,2014-03-08T02:00:00+00:00,-2152007,5659.017
51426,2014-03-08T02:15:00+00:00,-2151107,5658.969
51426,2014-03-08T02:30:00+00:00,-2150207,5658.921
51426,2014-03-08T02:45:00+00:00,-2149307,5658.865
51426,2014-03-08T03:00:00+00:00,-2148407,5658.808
51426,2014-03-08T03:15:00+00:00,-2147507,5658.750
51426,2014-03-08T03:30:00+00:00,-2146607,5658.695
51426,2014-03-08T03:45:00+00:00,-2145707,5658.632
51426,2014-03-08T04:00:00+00:00,-2144807,5658.573
51426,2014-03-08T04:15:00+00:00,-2143907,5658.520
51426,2014-03-08T04:30:00+00:00,-2143007,5658.471
51426,2014-03-08T04:45:00+00:00,-2142107,5658.421
51426,2014-03-08T05:00:00+00:00,-2141207,5658.384
51426,2014-03-08T05:15:00+00:00,-2140307,5658.345
51426,2014-03-08T05:30:00+00:00,-2139407,5658.317
51426,2014-03-08T05:45:00+00:00,-2138507,5658.293
51426,2014-03-08T06:00:00+00:00,-2137607,5658.276
51426,2014-03-08T06:15:00+00:00,-2136707,5658.265
51426,2014-03-08T06:30:00+00:00,-2135807,5658.260
51426,2014-03-08T06:45:00+00:00,-2134907,5658.260
51426,2014-03-08T07:00:00+00:00,-2134007,5658.273
51426,2014-03-08T07:15:00+00:00,-2133107,5658.291
51426,2014-03-08T07:30:00+00:00,-2132207,5658.314
51426,2014-03-08T07:45:00+00:00,-2131307,5658.347
51426,2014-03-08T08:00:00+00:00,-2130407,5658.382
51426,2014-03-08T08:15:00+00:00,-2129507,5658.424
51426,2014-03-08T08:30:00+00:00,-2128607,5658.467
51426,2014-03-08T08:45:00+00:00,-2127707,5658.513
51426,2014-03-08T09:00:00+00:00,-2126807,5658.565
51426,2014-03-08T09:15:00+00:00,-2125907,5658.617
51426,2014-03-08T09:30:00+00:00,-2125007,5658.668
51426,2014-03-08T09:45:00+00:00,-2124107,5658.720
51426,2014-03-08T10:00:00+00:00,-2123207,5658.771
51426,2014-03-08T10:15:00+00:00,-2122307,5658.820
51426,2014-03-08T10:30:00+00:00,-2121407,5658.865
51426,2014-03-08T10:45:00+00:00,-2120507,5658.910
51426,2014-03-08T11:00:00+00:00,-2119607,5658.953
51426,2014-03-08T11:15:00+00:00,-2118707,5658.987
51426,2014-03-08T11:30:00+00:00,-2117807,5659.018
51426,2014-03-08T11:45:00+00:00,-2116907,5659.042
51426,2014-03-08T12:00:00+00:00,-2116007,5659.061
51426,2014-03-08T12:15:00+00:00,-2115107,5659.074
51426,2014-03-08T12:30:00+00:00,-2114207,5659.078
51426,2014-03-08T12:45:00+00:00,-2113307,5659.078
51426,2014-03-08T13:00:00+00:00,-2112407,5659.071
51426,2014-03-08T13:15:00+00:00,-2111507,5659.058
51426,2014-03-08T13:30:00+00:00,-2110607,5659.040
51426,2014-03-08T13:45:00+00:00,-2109707,5659.015
51426,2014-03-08T14:00:00+00:00,-2108807,5658.984
51426,2014-03-08T14:15:00+00:00,-2107907,5658.952
51426,2014-03-08T14:30:00+00:00,-2107007,5658.915
51426,2014-03-08T14:45:00+00:00,-2106107,5658.872
51426,2014-03-08T15:00:00+00:00,-2105207,5658.831
51426,2014-03-08T15:15:00+00:00,-2104307,5658.785
51426,2014-03-08T15:30:00+00:00,-2103407,5658.740
51426,2014-03-08T15:45:00+00:00,-2102507,5658.694
51426,2014-03-08T16:00:00+00:00,-2101607,5658.648
51426,2014-03-08T16:15:00+00:00,-2100707,5658.603
51426,2014-03-08T16:30:00+00:00,-2099807,5658.560
51426,2014-03-08T16:45:00+00:00,-2098907,5658.519
51426,2014-03-08T17:00:00+00:00,-2098007,5658.479
51426,2014-03-08T17:15:00+00:00,-2097107,5658.450
51426,2014-03-08T17:30:00+00:00,-2096207,5658.421
51426,2014-03-08T17:45:00+00:00,-2095307,5658.398
51426,2014-03-08T18:00:00+00:00,-2094407,5658.377
51426,2014-03-08T18:15:00+00:00,-2093507,5658.363
51426,2014-03-08T18:30:00+00:00,-2092607,5658.355
51426,2014-03-08T18:45:00+00:00,-2091707,5658.357
51426,2014-03-08T19:00:00+00:00,-2090807,5658.360
51426,2014-03-08T19:15:00+00:00,-2089907,5658.374
51426,2014-03-08T19:30:00+00:00,-2089007,5658.389
51426,2014-03-08T19:45:00+00:00,-2088107,5658.415
51426,2014-03-08T20:00:00+00:00,-2087207,5658.439
51426,2014-03-08T20:15:00+00:00,-2086307,5658.470
51426,2014-03-08T20:30:00+00:00,-2085407,5658.507
51426,2014-03-08T20:45:00+00:00,-2084507,5658.547
51426,2014-03-08T21:00:00+00:00,-2083607,5658.590
51426,2014-03-08T21:15:00+00:00,-2082707,5658.632
51426,2014-03-08T21:30:00+00:00,-2081807,5658.681
51426,2014-03-08T21:45:00+00:00,-2080907,5658.730
51426,2014-03-08T22:00:00+00:00,-2080007,5658.778
51426,2014-03-08T22:15:00+00:00,-2079107,5658.826
51426,2014-03-08T22:30:00+00:00,-2078207,5658.872
51426,2014-03-08T22:45:00+00:00,-2077307,5658.918
51426,2014-03-08T23:00:00+00:00,-2076407,5658.961
51426,2014-03-08T23:15:00+00:00,-2075507,5659.001
51426,2014-03-08T23:30:00+00:00,-2074607,5659.037
51426,2014-03-08T23:45:00+00:00,-2073707,5659.066
51426,2014-03-09T00:00:00+00:00,-2072807,5659.091
51426,2014-03-09T00:15:00+00:00,-2071907,5659.111
51426,2014-03-09T00:30:00+00:00,-2071007,5659.122
51426,2014-03-09T00:45:00+00:00,-2070107,5659.132
51426,2014-03-09T01:00:00+00:00,-2069207,5659.134
51426,2014-03-09T01:15:00+00:00,-2068307,5659.129
51426,2014-03-09T01:30:00+00:00,-2067407,5659.120
51426,2014-03-09T01:45:00+00:00,-2066507,5659.103
51426,2014-03-09T02:00:00+00:00,-2065607,5659.085
51426,2014-03-09T02:15:00+00:00,-2064707,5659.059
51426,2014-03-09T02:30:00+00:00,-2063807,5659.026
51426,2014-03-09T02:45:00+00:00,-2062907,5658.990
51426,2014-03-09T03:00:00+00:00,-2062007,5658.950
51426,2014-03-09T03:15:00+00:00,-2061107,5658.906
51426,2014-03-09T03:30:00+00:00,-2060207,5658.861
51426,2014-03-09T03:45:00+00:00,-2059307,5658.813
51426,2014-03-09T04:00:00+00:00,-2058407,5658.764
51426,2014-03-09T04:15:00+00:00,-2057507,5658.715
51426,2014-03-09T04:30:00+00:00,-2056607,5658.664
51426,2014-03-09T04:45:00+00:00,-2055707,5658.611
51426,2014-03-09T05:00:00+00:00,-2054807,5658.566
51426,2014-03-09T05:15:00+00:00,-2053907,5658.521
51426,2014-03-09T05:30:00+00:00,-2053007,5658.480
51426,2014-03-09T05:45:00+00:00,-2052107,5658.443
51426,2014-03-09T06:00:00+00:00,-2051207,5658.411
51426,2014-03-09T06:15:00+00:00,-2050307,5658.385
51426,2014-03-09T06:30:00+00:00,-2049407,5658.362
51426,2014-03-09T06:45:00+00:00,-2048507,5658.346
51426,2014-03-09T07:00:00+00:00,-2047607,5658.337
51426,2014-03-09T07:15:00+00:00,-2046707,5658.331
51426,2014-03-09T07:30:00+00:00,-2045807,5658.330
51426,2014-03-09T07:45:00+00:00,-2044907,5658.338
51426,2014-03-09T08:00:00+00:00,-2044007,5658.354
51426,2014-03-09T08:15:00+00:00,-2043107,5658.375
51426,2014-03-09T08:30:00+00:00,-2042207,5658.400
51426,2014-03-09T08:45:00+00:00,-2041307,5658.428
51426,2014-03-09T09:00:00+00:00,-2040407,5658.459
51426,2014-03-09T09:15:00+00:00,-2039507,5658.496
51426,2014-03-09T09:30:00+00:00,-2038607,5658.534
51426,2014-03-09T09:45:00+00:00,-2037707,5658.576
51426,2014-03-09T10:00:00+00:00,-2036807,5658.621
51426,2014-03-09T10:15:00+00:00,-2035907,5658.666
51426,2014-03-09T10:30:00+00:00,-2035007,5658.713
51426,2014-03-09T10:45:00+00:00,-2034107,5658.756
51426,2014-03-09T11:00:00+00:00,-2033207,5658.801
51426,2014-03-09T11:15:00+00:00,-2032307,5658.841
51426,2014-03-09T11:30:00+00:00,-2031407,5658.878
51426,2014-03-09T11:45:00+00:00,-2030507,5658.913
51426,2014-03-09T12:00:00+00:00,-2029607,5658.948
51426,2014-03-09T12:15:00+00:00,-2028707,5658.976
51426,2014-03-09T12:30:00+00:00,-2027807,5658.999
51426,2014-03-09T12:45:00+00:00,-2026907,5659.017
51426,2014-03-09T13:00:00+00:00,-2026007,5659.027
51426,2014-03-09T13:15:00+00:00,-2025107,5659.033
51426,2014-03-09T13:30:00+00:00,-2024207,5659.036
51426,2014-03-09T13:45:00+00:00,-2023307,5659.030
51426,2014-03-09T14:00:00+00:00,-2022407,5659.019
51426,2014-03-09T14:15:00+00:00,-2021507,5659.004
51426,2014-03-09T14:30:00+00:00,-2020607,5658.984
51426,2014-03-09T14:45:00+00:00,-2019707,5658.959
51426,2014-03-09T15:00:00+00:00,-2018807,5658.932
51426,2014-03-09T15:15:00+00:00,-2017907,5658.903
51426,2014-03-09T15:30:00+00:00,-2017007,5658.869
51426,2014-03-09T15:45:00+00:00,-2016107,5658.834
51426,2014-03-09T16:00:00+00:00,-2015207,5658.798
51426,2014-03-09T16:15:00+00:00,-2014307,5658.758
51426,2014-03-09T16:30:00+00:00,-2013407,5658.721
51426,2014-03-09T16:45:00+00:00,-2012507,5658.681
51426,2014-03-09T17:00:00+00:00,-2011607,5658.642
51426,2014-03-09T17:15:00+00:00,-2010707,5658.604
51426,2014-03-09T17:30:00+00:00,-2009807,5658.567
51426,2014-03-09T17:45:00+00:00,-2008907,5658.536
51426,2014-03-09T18:00:00+00:00,-2008007,5658.503
51426,2014-03-09T18:15:00+00:00,-2007107,5658.480
51426,2014-03-09T18:30:00+00:00,-2006207,5658.460
51426,2014-03-09T18:45:00+00:00,-2005307,5658.445
51426,2014-03-09T19:00:00+00:00,-2004407,5658.433
51426,2014-03-09T19:15:00+00:00,-2003507,5658.423
51426,2014-03-09T19:30:00+00:00,-2002607,5658.419
51426,2014-03-09T19:45:00+00:00,-2001707,5658.423
51426,2014-03-09T20:00:00+00:00,-2000807,5658.429
51426,2014-03-09T20:15:00+00:00,-1999907,5658.440
51426,2014-03-09T20:30:00+00:00,-1999007,5658.457
51426,2014-03-09T20:45:00+00:00,-1998107,5658.477
51426,2014-03-09T21:00:00+00:00,-1997207,5658.500
51426,2014-03-09T21:15:00+00:00,-1996307,5658.529
51426,2014-03-09T21:30:00+00:00,-1995407,5658.560
51426,2014-03-09T21:45:00+00:00,-1994507,5658.594
51426,2014-03-09T22:00:00+00:00,-1993607,5658.635
51426,2014-03-09T22:15:00+00:00,-1992707,5658.673
51426,2014-03-09T22:30:00+00:00,-1991807,5658.715
51426,2014-03-09T22:45:00+00:00,-1990907,5658.759
51426,2014-03-09T23:00:00+00:00,-1990007,5658.801
51426,2014-03-09T23:15:00+00:00,-1989107,5658.841
51426,2014-03-09T23:30:00+00:00,-1988207,5658.880
51426,2014-03-09T23:45:00+00:00,-1987307,5658.918
51426,2014-03-10T00:00:00+00:00,-1986407,5658.952
51426,2014-03-10T00:15:00+00:00,-1985507,5658.986
51426,2014-03-10T00:30:00+00:00,-1984607,5659.013
51426,2014-03-10T00:45:00+00:00,-1983707,5659.038
51426,2014-03-10T01:00:00+00:00,-1982807,5659.057
51426,2014-03-10T01:15:00+00:00,-1981907,5659.072
51426,2014-03-10T01:30:00+00:00,-1981007,5659.081
51426,2014-03-10T01:45:00+00:00,-1980107,5659.085
51426,2014-03-10T02:00:00+00:00,-1979207,5659.082
51426,2014-03-10T02:15:00+00:00,-1978307,5659.077
51426,2014-03-10T02:30:00+00:00,-1977407,5659.066
51426,2014-03-10T02:45:00+00:00,-1976507,5659.048
51426,2014-03-10T03:00:00+00:00,-1975607,5659.025
51426,2014-03-10T03:15:00+00:00,-1974707,5659.001
51426,2014-03-10T03:30:00+00:00,-1973807,5658.967
51426,2014-03-10T03:45:00+00:00,-1972907,5658.930
51426,2014-03-10T04:00:00+00:00,-1972007,5658.890
51426,2014-03-10T04:15:00+00:00,-1971107,5658.854
51426,2014-03-10T04:30:00+00:00,-1970207,5658.813
51426,2014-03-10T04:45:00+00:00,-1969307,5658.770
51426,2014-03-10T05:00:00+00:00,-1968407,5658.724
51426,2014-03-10T05:15:00+00:00,-1967507,5658.678
51426,2014-03-10T05:30:00+00:00,-1966607,5658.639
51426,2014-03-10T05:45:00+00:00,-1965707,5658.596
51426,2014-03-10T06:00:00+00:00,-1964807,5658.555
51426,2014-03-10T06:15:00+00:00,-1963907,5658.517
51426,2014-03-10T06:30:00+00:00,-1963007,5658.484
51426,2014-03-10T06:45:00+00:00,-1962107,5658.455
51426,2014-03-10T07:00:00+00:00,-1961207,5658.432
51426,2014-03-10T07:15:00+00:00,-1960307,5658.409
51426,2014-03-10T07:30:00+00:00,-1959407,5658.392
51426,2014-03-10T07:45:00+00:00,-1958507,5658.381
51426,2014-03-10T08:00:00+00:00,-1957607,5658.378
51426,2014-03-10T08:15:00+00:00,-1956707,5658.378
51426,2014-03-10T08:30:00+00:00,-1955807,5658.382
51426,2014-03-10T08:45:00+00:00,-1954907,5658.389
51426,2014-03-10T09:00:00+00:00,-1954007,5658.402
51426,2014-03-10T09:15:00+00:00,-1953107,5658.419
51426,2014-03-10T09:30:00+00:00,-1952207,5658.441
51426,2014-03-10T09:45:00+00:00,-1951307,5658.467
51426,2014-03-10T10:00:00+00:00,-1950407,5658.497
51426,2014-03-10T10:15:00+00:00,-1949507,5658.531
51426,2014-03-10T10:30:00+00:00,-1948607,5658.567
51426,2014-03-10T10:45:00+00:00,-1947707,5658.603
51426,2014-03-10T11:00:00+00:00,-1946807,5658.641
51426,2014-03-10T11:15:00+00:00,-1945907,5658.680
51426,2014-03-10T11:30:00+00:00,-1945007,5658.717
51426,2014-03-10T11:45:00+00:00,-1944107,5658.758
51426,2014-03-10T12:00:00+00:00,-1943207,5658.796
51426,2014-03-10T12:15:00+00:00,-1942307,5658.832
51426,2014-03-10T12:30:00+00:00,-1941407,5658.865
51426,2014-03-10T12:45:00+00:00,-1940507,5658.893
51426,2014-03-10T13:00:00+00:00,-1939607,5658.919
51426,2014-03-10T13:15:00+00:00,-1938707,5658.941
51426,2014-03-10T13:30:00+00:00,-1937807,5658.955
51426,2014-03-10T13:45:00+00:00,-1936907,5658.967
51426,2014-03-10T14:00:00+00:00,-1936007,5658.974
51426,2014-03-10T14:15:00+00:00,-1935107,5658.979
51426,2014-03-10T14:30:00+00:00,-1934207,5658.977
51426,2014-03-10T14:45:00+00:00,-1933307,5658.970
51426,2014-03-10T15:00:00+00:00,-1932407,5658.959
51426,2014-03-10T15:15:00+00:00,-1931507,5658.945
51426,2014-03-10T15:30:00+00:00,-1930607,5658.929
51426,2014-03-10T15:45:00+00:00,-1929707,5658.907
51426,2014-03-10T16:00:00+00:00,-1928807,5658.885
51426,2014-03-10T16:15:00+00:00,-1927907,5658.854
51426,2014-03-10T16:30:00+00:00,-1927007,5658.823
51426,2014-03-10T16:45:00+00:00,-1926107,5658.791
51426,2014-03-10T17:00:00+00:00,-1925207,5658.757
51426,2014-03-10T17:15:00+00:00,-1924307,5658.724
51426,2014-03-10T17:30:00+00:00,-1923407,5658.687
51426,2014-03-10T17:45:00+00:00,-1922507,5658.653
51426,2014-03-10T18:00:00+00:00,-1921607,5658.621
51426,2014-03-10T18:15:00+00:00,-1920707,5658.589
51426,2014-03-10T18:30:00+00:00,-1919807,5658.561
51426,2014-03-10T18:45:00+00:00,-1918907,5658.534
51426,2014-03-10T19:00:00+00:00,-1918007,5658.511
51426,2014-03-10T19:15:00+00:00,-1917107,5658.489
51426,2014-03-10T19:30:00+00:00,-1916207,5658.474
51426,2014-03-10T19:45:00+00:00,-1915307,5658.457
51426,2014-03-10T20:00:00+00:00,-1914407,5658.448
51426,2014-03-10T20:15:00+00:00,-1913507,5658.440
51426,2014-03-10T20:30:00+00:00,-1912607,5658.438
51426,2014-03-10T20:45:00+00:00,-1911707,5658.442
51426,2014-03-10T21:00:00+00:00,-1910807,5658.449
51426,2014-03-10T21:15:00+00:00,-1909907,5658.461
51426,2014-03-10T21:30:00+00:00,-1909007,5658.478
51426,2014-03-10T21:45:00+00:00,-1908107,5658.497
51426,2014-03-10T22:00:00+00:00,-1907207,5658.521
51426,2014-03-10T22:15:00+00:00,-1906307,5658.547
51426,2014-03-10T22:30:00+00:00,-1905407,5658.579
51426,2014-03-10T22:45:00+00:00,-1904507,5658.611
51426,2014-03-10T23:00:00+00:00,-1903607,5658.645
51426,2014-03-10T23:15:00+00:00,-1902707,5658.682
51426,2014-03-10T23:30:00+00:00,-1901807,5658.717
51426,2014-03-10T23:45:00+00:00,-1900907,5658.752
51426,2014-03-11T00:00:00+00:00,-1900007,5658.789
51426,2014-03-11T00:15:00+00:00,-1899107,5658.827
51426,2014-03-11T00:30:00+00:00,-1898207,5658.861
51426,2014-03-11T00:45:00+00:00,-1897307,5658.894
51426,2014-03-11T01:00:00+00:00,-1896407,5658.922
51426,2014-03-11T01:15:00+00:00,-1895507,5658.948
51426,2014-03-11T01:30:00+00:00,-1894607,5658.972
51426,2014-03-11T01:45:00+00:00,-1893707,5658.991
51426,2014-03-11T02:00:00+00:00,-1892807,5659.005
51426,2014-03-11T02:15:00+00:00,-1891907,5659.015
51426,2014-03-11T02:30:00+00:00,-1891007,5659.020
51426,2014-03-11T02:45:00+00:00,-1890107,5659.019
51426,2014-03-11T03:00:00+00:00,-1889207,5659.017
51426,2014-03-11T03:15:00+00:00,-1888307,5659.009
51426,2014-03-11T03:30:00+00:00,-1887407,5658.996
51426,2014-03-11T03:45:00+00:00,-1886507,5658.978
51426,2014-03-11T04:00:00+00:00,-1885607,5658.959
51426,2014-03-11T04:15:00+00:00,-1884707,5658.933
51426,2014-03-11T04:30:00+00:00,-1883807,5658.905
51426,2014-03-11T04:45:00+00:00,-1882907,5658.874
51426,2014-03-11T05:00:00+00:00,-1882007,5658.839
51426,2014-03-11T05:15:00+00:00,-1881107,5658.805
51426,2014-03-11T05:30:00+00:00,-1880207,5658.768
51426,2014-03-11T05:45:00+00:00,-1879307,5658.729
51426,2014-03-11T06:00:00+00:00,-1878407,5658.688
51426,2014-03-11T06:15:00+00:00,-1877507,5658.648
51426,2014-03-11T06:30:00+00:00,-1876607,5658.607
51426,2014-03-11T06:45:00+00:00,-1875707,5658.569
51426,2014-03-11T07:00:00+00:00,-1874807,5658.534
51426,2014-03-11T07:15:00+00:00,-1873907,5658.503
51426,2014-03-11T07:30:00+00:00,-1873007,5658.473
51426,2014-03-11T07:45:00+00:00,-1872107,5658.447
51426,2014-03-11T08:00:00+00:00,-1871207,5658.426
51426,2014-03-11T08:15:00+00:00,-1870307,5658.409
51426,2014-03-11T08:30:00+00:00,-1869407,5658.394
51426,2014-03-11T08:45:00+00:00,-1868507,5658.385
51426,2014-03-11T09:00:00+00:00,-1867607,5658.378
51426,2014-03-11T09:15:00+00:00,-1866707,5658.379
51426,2014-03-11T09:30:00+00:00,-1865807,5658.384
51426,2014-03-11T09:45:00+00:00,-1864907,5658.394
51426,2014-03-11T10:00:00+00:00,-1864007,5658.404
51426,2014-03-11T10:15:00+00:00,-1863107,5658.423
51426,2014-03-11T10:30:00+00:00,-1862207,5658.444
51426,2014-03-11T10:45:00+00:00,-1861307,5658.468
51426,2014-03-11T11:00:00+00:00,-1860407,5658.497
51426,2014-03-11T11:15:00+00:00,-1859507,5658.529
51426,2014-03-11T11:30:00+00:00,-1858607,5658.561
51426,2014-03-11T11:45:00+00:00,-1857707,5658.598
51426,2014-03-11T12:00:00+00:00,-1856807,5658.632
51426,2014-03-11T12:15:00+00:00,-1855907,5658.669
51426,2014-03-11T12:30:00+00:00,-1855007,5658.703
51426,2014-03-11T12:45:00+00:00,-1854107,5658.741
51426,2014-03-11T13:00:00+00:00,-1853207,5658.772
51426,2014-03-11T13:15:00+00:00,-1852307,5658.803
51426,2014-03-11T13:30:00+00:00,-1851407,5658.831
51426,2014-03-11T13:45:00+00:00,-1850507,5658.856
51426,2014-03-11T14:00:00+00:00,-1849607,5658.879
51426,2014-03-11T14:15:00+00:00,-1848707,5658.900
51426,2014-03-11T14:30:00+00:00,-1847807,5658.916
51426,2014-03-11T14:45:00+00:00,-1846907,5658.928
51426,2014-03-11T15:00:00+00:00,-1846007,5658.937
51426,2014-03-11T15:15:00+00:00,-1845107,5658.941
51426,2014-03-11T15:30:00+00:00,-1844207,5658.940
51426,2014-03-11T15:45:00+00:00,-1843307,5658.934
51426,2014-03-11T16:00:00+00:00,-1842407,5658.923
51426,2014-03-11T16:15:00+00:00,-1841507,5658.910
51426,2014-03-11T16:30:00+00:00,-1840607,5658.892
51426,2014-03-11T16:45:00+00:00,-1839707,5658.871
51426,2014-03-11T17:00:00+00:00,-1838807,5658.847
51426,2014-03-11T17:15:00+00:00,-1837907,5658.819
51426,2014-03-11T17:30:00+00:00,-1837007,5658.789
51426,2014-03-11T17:45:00+00:00,-1836107,5658.759
51426,2014-03-11T18:00:00+00:00,-1835207,5658.725
51426,2014-03-11T18:15:00+00:00,-1834307,5658.693
51426,2014-03-11T18:30:00+00:00,-1833407,5658.663
51426,2014-03-11T18:45:00+00:00,-1832507,5658.633
51426,2014-03-11T19:00:00+00:00,-1831607,5658.603
51426,2014-03-11T19:15:00+00:00,-1830707,5658.575
51426,2014-03-11T19:30:00+00:00,-1829807,5658.549
51426,2014-03-11T19:45:00+00:00,-1828907,5658.522
51426,2014-03-11T20:00:00+00:00,-1828007,5658.502
51426,2014-03-11T20:15:00+00:00,-1827107,5658.484
51426,2014-03-11T20:30:00+00:00,-1826207,5658.468
51426,2014-03-11T20:45:00+00:00,-1825307,5658.453
51426,2014-03-11T21:00:00+00:00,-1824407,5658.446
51426,2014-03-11T21:15:00+00:00,-1823507,5658.441
51426,2014-03-11T21:30:00+00:00,-1822607,5658.440
51426,2014-03-11T21:45:00+00:00,-1821707,5658.445
51426,2014-03-11T22:00:00+00:00,-1820807,5658.452
51426,2014-03-11T22:15:00+00:00,-1819907,5658.465
51426,2014-03-11T22:30:00+00:00,-1819007,5658.479
51426,2014-03-11T22:45:00+00:00,-1818107,5658.498
51426,2014-03-11T23:00:00+00:00,-1817207,5658.520
51426,2014-03-11T23:15:00+00:00,-1816307,5658.547
51426,2014-03-11T23:30:00+00:00,-1815407,5658.573
51426,2014-03-11T23:45:00+00:00,-1814507,5658.606
51426,2014-03-12T00:00:00+00:00,-1813607,5658.638
51426,2014-03-12T00:15:00+00:00,-1812707,5658.675
51426,2014-03-12T00:30:00+00:00,-1811807,5658.708
51426,2014-03-12T00:45:00+00:00,-1810907,5658.741
51426,2014-03-12T01:00:00+00:00,-1810007,5658.778
51426,2014-03-12T01:15:00+00:00,-1809107,5658.810
51426,2014-03-12T01:30:00+00:00,-1808207,5658.842
51426,2014-03-12T01:45:00+00:00,-1807307,5658.872
51426,2014-03-12T02:00:00+00:00,-1806407,5658.899
51426,2014-03-12T02:15:00+00:00,-1805507,5658.925
51426,2014-03-12T02:30:00+00:00,-1804607,5658.947
51426,2014-03-12T02:45:00+00:00,-1803707,5658.965
51426,2014-03-12T03:00:00+00:00,-1802807,5658.978
51426,2014-03-12T03:15:00+00:00,-1801907,5658.988
51426,2014-03-12T03:30:00+00:00,-1801007,5658.994
51426,2014-03-12T03:45:00+00:00,-1800107,5658.995
51426,2014-03-12T04:00:00+00:00,-1799207,5658.990
51426,2014-03-12T04:15:00+00:00,-1798307,5658.985
51426,2014-03-12T04:30:00+00:00,-1797407,5658.970
51426,2014-03-12T04:45:00+00:00,-1796507,5658.953
51426,2014-03-12T05:00:00+00:00,-1795607,5658.932
51426,2014-03-12T05:15:00+00:00,-1794707,5658.906
51426,2014-03-12T05:30:00+00:00,-1793807,5658.880
51426,2014-03-12T05:45:00+00:00,-1792907,5658.852
51426,2014-03-12T06:00:00+00:00,-1792007,5658.819
51426,2014-03-12T06:15:00+00:00,-1791107,5658.783
51426,2014-03-12T06:30:00+00:00,-1790207,5658.745
51426,2014-03-12T06:45:00+00:00,-1789307,5658.708
51426,2014-03-12T07:00:00+00:00,-1788407,5658.671
51426,2014-03-12T07:15:00+00:00,-1787507,5658.635
51426,2014-03-12T07:30:00+00:00,-1786607,5658.600
51426,2014-03-12T07:45:00+00:00,-1785707,5658.564
51426,2014-03-12T08:00:00+00:00,-1784807,5658.531
51426,2014-03-12T08:15:00+00:00,-1783907,5658.501
51426,2014-03-12T08:30:00+00:00,-1783007,5658.473
51426,2014-03-12T08:45:00+00:00,-1782107,5658.449
51426,2014-03-12T09:00:00+00:00,-1781207,5658.428
51426,2014-03-12T09:15:00+00:00,-1780307,5658.411
51426,2014-03-12T09:30:00+00:00,-1779407,5658.397
51426,2014-03-12T09:45:00+00:00,-1778507,5658.387
51426,2014-03-12T10:00:00+00:00,-1777607,5658.383
51426,2014-03-12T10:15:00+00:00,-1776707,5658.387
51426,2014-03-12T10:30:00+00:00,-1775807,5658.389
51426,2014-03-12T10:45:00+00:00,-1774907,5658.400
51426,2014-03-12T11:00:00+00:00,-1774007,5658.414
51426,2014-03-12T11:15:00+00:00,-1773107,5658.433
51426,2014-03-12T11:30:00+00:00,-1772207,5658.453
51426,2014-03-12T11:45:00+00:00,-1771307,5658.479
51426,2014-03-12T12:00:00+00:00,-1770407,5658.507
51426,2014-03-12T12:15:00+00:00,-1769507,5658.538
51426,2014-03-12T12:30:00+00:00,-1768607,5658.572
51426,2014-03-12T12:45:00+00:00,-1767707,5658.607
51426,2014-03-12T13:00:00+00:00,-1766807,5658.641
51426,2014-03-12T13:15:00+00:00,-1765907,5658.674
51426,2014-03-12T13:30:00+00:00,-1765007,5658.708
51426,2014-03-12T13:45:00+00:00,-1764107,5658.742
51426,2014-03-12T14:00:00+00:00,-1763207,5658.777
51426,2014-03-12T14:15:00+00:00,-1762307,5658.808
51426,2014-03-12T14:30:00+00:00,-1761407,5658.835
51426,2014-03-12T14:45:00+00:00,-1760507,5658.862
51426,2014-03-12T15:00:00+00:00,-1759607,5658.883
51426,2014-03-12T15:15:00+00:00,-1758707,5658.903
51426,2014-03-12T15:30:00+00:00,-1757807,5658.916
51426,2014-03-12T15:45:00+00:00,-1756907,5658.928
51426,2014-03-12T16:00:00+00:00,-1756007,5658.938
51426,2014-03-12T16:15:00+00:00,-1755107,5658.943
51426,2014-03-12T16:30:00+00:00,-1754207,5658.943
51426,2014-03-12T16:45:00+00:00,-1753307,5658.941
51426,2014-03-12T17:00:00+00:00,-1752407,5658.929
51426,2014-03-12T17:15:00+00:00,-1751507,5658.917
51426,2014-03-12T17:30:00+00:00,-1750607,5658.896
51426,2014-03-12T17:45:00+00:00,-1749707,5658.876
51426,2014-03-12T18:00:00+00:00,-1748807,5658.850
51426,2014-03-12T18:15:00+00:00,-1747907,5658.825
51426,2014-03-12T18:30:00+00:00,-1747007,5658.796
51426,2014-03-12T18:45:00+00:00,-1746107,5658.767
51426,2014-03-12T19:00:00+00:00,-1745207,5658.739
51426,2014-03-12T19:15:00+00:00,-1744307,5658.706
51426,2014-03-12T19:30:00+00:00,-1743407,5658.674
51426,2014-03-12T19:45:00+00:00,-1742507,5658.644
51426,2014-03-12T20:00:00+00:00,-1741607,5658.611
51426,2014-03-12T20:15:00+00:00,-1740707,5658.580
51426,2014-03-12T20:30:00+00:00,-1739807,5658.553
51426,2014-03-12T20:45:00+00:00,-1738907,5658.525
51426,2014-03-12T21:00:00+00:00,-1738007,5658.501
51426,2014-03-12T21:15:00+00:00,-1737107,5658.483
51426,2014-03-12T21:30:00+00:00,-1736207,5658.467
51426,2014-03-12T21:45:00+00:00,-1735307,5658.455
51426,2014-03-12T22:00:00+00:00,-1734407,5658.446
51426,2014-03-12T22:15:00+00:00,-1733507,5658.444
51426,2014-03-12T22:30:00+00:00,-1732607,5658.445
51426,2014-03-12T22:45:00+00:00,-1731707,5658.448
51426,2014-03-12T23:00:00+00:00,-1730807,5658.456
51426,2014-03-12T23:15:00+00:00,-1729907,5658.468
51426,2014-03-12T23:30:00+00:00,-1729007,5658.484
51426,2014-03-12T23:45:00+00:00,-1728107,5658.504
51426,2014-03-13T00:00:00+00:00,-1727207,5658.530
51426,2014-03-13T00:15:00+00:00,-1726307,5658.557
51426,2014-03-13T00:30:00+00:00,-1725407,5658.586
51426,2014-03-13T00:45:00+00:00,-1724507,5658.618
51426,2014-03-13T01:00:00+00:00,-1723607,5658.650
51426,2014-03-13T01:15:00+00:00,-1722707,5658.686
51426,2014-03-13T01:30:00+00:00,-1721807,5658.720
51426,2014-03-13T01:45:00+00:00,-1720907,5658.754
51426,2014-03-13T02:00:00+00:00,-1720007,5658.789
51426,2014-03-13T02:15:00+00:00,-1719107,5658.827
51426,2014-03-13T02:30:00+00:00,-1718207,5658.859
51426,2014-03-13T02:45:00+00:00,-1717307,5658.888
51426,2014-03-13T03:00:00+00:00,-1716407,5658.915
51426,2014-03-13T03:15:00+00:00,-1715507,5658.944
51426,2014-03-13T03:30:00+00:00,-1714607,5658.963
51426,2014-03-13T03:45:00+00:00,-1713707,5658.980
51426,2014-03-13T04:00:00+00:00,-1712807,5658.994
51426,2014-03-13T04:15:00+00:00,-1711907,5659.004
51426,2014-03-13T04:30:00+00:00,-1711007,5659.007
51426,2014-03-13T04:45:00+00:00,-1710107,5659.007
51426,2014-03-13T05:00:00+00:00,-1709207,5658.999
51426,2014-03-13T05:15:00+00:00,-1708307,5658.991
51426,2014-03-13T05:30:00+00:00,-1707407,5658.980
51426,2014-03-13T05:45:00+00:00,-1706507,5658.964
51426,2014-03-13T06:00:00+00:00,-1705607,5658.944
51426,2014-03-13T06:15:00+00:00,-1704707,5658.920
51426,2014-03-13T06:30:00+00:00,-1703807,5658.891
51426,2014-03-13T06:45:00+00:00,-1702907,5658.862
51426,2014-03-13T07:00:00+00:00,-1702007,5658.826
51426,2014-03-13T07:15:00+00:00,-1701107,5658.791
51426,2014-03-13T07:30:00+00:00,-1700207,5658.757
51426,2014-03-13T07:45:00+00:00,-1699307,5658.716
51426,2014-03-13T08:00:00+00:00,-1698407,5658.679
51426,2014-03-13T08:15:00+00:00,-1697507,5658.638
51426,2014-03-13T08:30:00+00:00,-1696607,5658.605
51426,2014-03-13T08:45:00+00:00,-1695707,5658.569
51426,2014-03-13T09:00:00+00:00,-1694807,5658.537
51426,2014-03-13T09:15:00+00:00,-1693907,5658.506
51426,2014-03-13T09:30:00+00:00,-1693007,5658.478
51426,2014-03-13T09:45:00+00:00,-1692107,5658.453
51426,2014-03-13T10:00:00+00:00,-1691207,5658.433
51426,2014-03-13T10:15:00+00:00,-1690307,5658.417
51426,2014-03-13T10:30:00+00:00,-1689407,5658.407
51426,2014-03-13T10:45:00+00:00,-1688507,5658.400
51426,2014-03-13T11:00:00+00:00,-1687607,5658.397
51426,2014-03-13T11:15:00+00:00,-1686707,5658.400
51426,2014-03-13T11:30:00+00:00,-1685807,5658.407
51426,2014-03-13T11:45:00+00:00,-1684907,5658.418
51426,2014-03-13T12:00:00+00:00,-1684007,5658.436
51426,2014-03-13T12:15:00+00:00,-1683107,5658.456
51426,2014-03-13T12:30:00+00:00,-1682207,5658.480
51426,2014-03-13T12:45:00+00:00,-1681307,5658.506
51426,2014-03-13T13:00:00+00:00,-1680407,5658.534
51426,2014-03-13T13:15:00+00:00,-1679507,5658.570
51426,2014-03-13T13:30:00+00:00,-1678607,5658.606
51426,2014-03-13T13:45:00+00:00,-1677707,5658.638
51426,2014-03-13T14:00:00+00:00,-1676807,5658.672
51426,2014-03-13T14:15:00+00:00,-1675907,5658.710
51426,2014-03-13T14:30:00+00:00,-1675007,5658.746
51426,2014-03-13T14:45:00+00:00,-1674107,5658.783
51426,2014-03-13T15:00:00+00:00,-1673207,5658.818
51426,2014-03-13T15:15:00+00:00,-1672307,5658.851
51426,2014-03-13T15:30:00+00:00,-1671407,5658.884
51426,2014-03-13T15:45:00+00:00,-1670507,5658.910
51426,2014-03-13T16:00:00+00:00,-1669607,5658.932
51426,2014-03-13T16:15:00+00:00,-1668707,5658.953
51426,2014-03-13T16:30:00+00:00,-1667807,5658.968
51426,2014-03-13T16:45:00+00:00,-1666907,5658.978
51426,2014-03-13T17:00:00+00:00,-1666007,5658.983
51426,2014-03-13T17:15:00+00:00,-1665107,5658.982
51426,2014-03-13T17:30:00+00:00,-1664207,5658.979
51426,2014-03-13T17:45:00+00:00,-1663307,5658.969
51426,2014-03-13T18:00:00+00:00,-1662407,5658.955
51426,2014-03-13T18:15:00+00:00,-1661507,5658.941
51426,2014-03-13T18:30:00+00:00,-1660607,5658.922
51426,2014-03-13T18:45:00+00:00,-1659707,5658.898
51426,2014-03-13T19:00:00+00:00,-1658807,5658.872
51426,2014-03-13T19:15:00+00:00,-1657907,5658.839
51426,2014-03-13T19:30:00+00:00,-1657007,5658.811
51426,2014-03-13T19:45:00+00:00,-1656107,5658.777
51426,2014-03-13T20:00:00+00:00,-1655207,5658.744
51426,2014-03-13T20:15:00+00:00,-1654307,5658.708
51426,2014-03-13T20:30:00+00:00,-1653407,5658.674
51426,2014-03-13T20:45:00+00:00,-1652507,5658.640
51426,2014-03-13T21:00:00+00:00,-1651607,5658.608
51426,2014-03-13T21:15:00+00:00,-1650707,5658.577
51426,2014-03-13T21:30:00+00:00,-1649807,5658.549
51426,2014-03-13T21:45:00+00:00,-1648907,5658.523
51426,2014-03-13T22:00:00+00:00,-1648007,5658.502
51426,2014-03-13T22:15:00+00:00,-1647107,5658.483
51426,2014-03-13T22:30:00+00:00,-1646207,5658.468
51426,2014-03-13T22:45:00+00:00,-1645307,5658.455
51426,2014-03-13T23:00:00+00:00,-1644407,5658.445
51426,2014-03-13T23:15:00+00:00,-1643507,5658.441
51426,2014-03-13T23:30:00+00:00,-1642607,5658.441
51426,2014-03-13T23:45:00+00:00,-1641707,5658.448
51426,2014-03-14T00:00:00+00:00,-1640807,5658.460
51426,2014-03-14T00:15:00+00:00,-1639907,5658.475
51426,2014-03-14T00:30:00+00:00,-1639007,5658.491
51426,2014-03-14T00:45:00+00:00,-1638107,5658.514
51426,2014-03-14T01:00:00+00:00,-1637207,5658.539
51426,2014-03-14T01:15:00+00:00,-1636307,5658.568
51426,2014-03-14T01:30:00+00:00,-1635407,5658.599
51426,2014-03-14T01:45:00+00:00,-1634507,5658.635
51426,2014-03-14T02:00:00+00:00,-1633607,5658.668
51426,2014-03-14T02:15:00+00:00,-1632707,5658.704
51426,2014-03-14T02:30:00+00:00,-1631807,5658.744
51426,2014-03-14T02:45:00+00:00,-1630907,5658.783
51426,2014-03-14T03:00:00+00:00,-1630007,5658.822
51426,2014-03-14T03:15:00+00:00,-1629107,5658.858
51426,2014-03-14T03:30:00+00:00,-1628207,5658.895
51426,2014-03-14T03:45:00+00:00,-1627307,5658.927
51426,2014-03-14T04:00:00+00:00,-1626407,5658.957
51426,2014-03-14T04:15:00+00:00,-1625507,5658.978
51426,2014-03-14T04:30:00+00:00,-1624607,5659.001
51426,2014-03-14T04:45:00+00:00,-1623707,5659.017
51426,2014-03-14T05:00:00+00:00,-1622807,5659.030
51426,2014-03-14T05:15:00+00:00,-1621907,5659.038
51426,2014-03-14T05:30:00+00:00,-1621007,5659.041
51426,2014-03-14T05:45:00+00:00,-1620107,5659.040
51426,2014-03-14T06:00:00+00:00,-1619207,5659.033
51426,2014-03-14T06:15:00+00:00,-1618307,5659.020
51426,2014-03-14T06:30:00+00:00,-1617407,5659.005
51426,2014-03-14T06:45:00+00:00,-1616507,5658.981
51426,2014-03-14T07:00:00+00:00,-1615607,5658.955
51426,2014-03-14T07:15:00+00:00,-1614707,5658.929
51426,2014-03-14T07:30:00+00:00,-1613807,5658.898
51426,2014-03-14T07:45:00+00:00,-1612907,5658.865
51426,2014-03-14T08:00:00+00:00,-1612007,5658.828
51426,2014-03-14T08:15:00+00:00,-1611107,5658.788
51426,2014-03-14T08:30:00+00:00,-1610207,5658.749
51426,2014-03-14T08:45:00+00:00,-1609307,5658.709
51426,2014-03-14T09:00:00+00:00,-1608407,5658.668
51426,2014-03-14T09:15:00+00:00,-1607507,5658.627
51426,2014-03-14T09:30:00+00:00,-1606607,5658.588
51426,2014-03-14T09:45:00+00:00,-1605707,5658.553
51426,2014-03-14T10:00:00+00:00,-1604807,5658.519
51426,2014-03-14T10:15:00+00:00,-1603907,5658.488
51426,2014-03-14T10:30:00+00:00,-1603007,5658.461
51426,2014-03-14T10:45:00+00:00,-1602107,5658.438
51426,2014-03-14T11:00:00+00:00,-1601207,5658.420
51426,2014-03-14T11:15:00+00:00,-1600307,5658.408
51426,2014-03-14T11:30:00+00:00,-1599407,5658.399
51426,2014-03-14T11:45:00+00:00,-1598507,5658.395
51426,2014-03-14T12:00:00+00:00,-1597607,5658.397
51426,2014-03-14T12:15:00+00:00,-1596707,5658.405
51426,2014-03-14T12:30:00+00:00,-1595807,5658.417
51426,2014-03-14T12:45:00+00:00,-1594907,5658.434
51426,2014-03-14T13:00:00+00:00,-1594007,5658.454
51426,2014-03-14T13:15:00+00:00,-1593107,5658.479
51426,2014-03-14T13:30:00+00:00,-1592207,5658.507
51426,2014-03-14T13:45:00+00:00,-1591307,5658.540
51426,2014-03-14T14:00:00+00:00,-1590407,5658.572
51426,2014-03-14T14:15:00+00:00,-1589507,5658.607
51426,2014-03-14T14:30:00+00:00,-1588607,5658.647
51426,2014-03-14T14:45:00+00:00,-1587707,5658.685
51426,2014-03-14T15:00:00+00:00,-1586807,5658.727
51426,2014-03-14T15:15:00+00:00,-1585907,5658.770
51426,2014-03-14T15:30:00+00:00,-1585007,5658.810
51426,2014-03-14T15:45:00+00:00,-1584107,5658.847
51426,2014-03-14T16:00:00+00:00,-1583207,5658.882
51426,2014-03-14T16:15:00+00:00,-1582307,5658.917
51426,2014-03-14T16:30:00+00:00,-1581407,5658.946
51426,2014-03-14T16:45:00+00:00,-1580507,5658.971
51426,2014-03-14T17:00:00+00:00,-1579607,5658.991
51426,2014-03-14T17:15:00+00:00,-1578707,5659.009
51426,2014-03-14T17:30:00+00:00,-1577807,5659.021
51426,2014-03-14T17:45:00+00:00,-1576907,5659.025
51426,2014-03-14T18:00:00+00:00,-1576007,5659.027
51426,2014-03-14T18:15:00+00:00,-1575107,5659.022
51426,2014-03-14T18:30:00+00:00,-1574207,5659.015
51426,2014-03-14T18:45:00+00:00,-1573307,5659.004
51426,2014-03-14T19:00:00+00:00,-1572407,5658.987
51426,2014-03-14T19:15:00+00:00,-1571507,5658.966
51426,2014-03-14T19:30:00+00:00,-1570607,5658.942
51426,2014-03-14T19:45:00+00:00,-1569707,5658.911
51426,2014-03-14T20:00:00+00:00,-1568807,5658.879
51426,2014-03-14T20:15:00+00:00,-1567907,5658.842
51426,2014-03-14T20:30:00+00:00,-1567007,5658.805
51426,2014-03-14T20:45:00+00:00,-1566107,5658.766
51426,2014-03-14T21:00:00+00:00,-1565207,5658.726
51426,2014-03-14T21:15:00+00:00,-1564307,5658.689
51426,2014-03-14T21:30:00+00:00,-1563407,5658.651
51426,2014-03-14T21:45:00+00:00,-1562507,5658.615
51426,2014-03-14T22:00:00+00:00,-1561607,5658.579
51426,2014-03-14T22:15:00+00:00,-1560707,5658.546
51426,2014-03-14T22:30:00+00:00,-1559807,5658.519
51426,2014-03-14T22:45:00+00:00,-1558907,5658.493
51426,2014-03-14T23:00:00+00:00,-1558007,5658.470
51426,2014-03-14T23:15:00+00:00,-1557107,5658.450
51426,2014-03-14T23:30:00+00:00,-1556207,5658.436
51426,2014-03-14T23:45:00+00:00,-1555307,5658.424
51426,2014-03-15T00:00:00+00:00,-1554407,5658.418
51426,2014-03-15T00:15:00+00:00,-1553507,5658.417
51426,2014-03-15T00:30:00+00:00,-1552607,5658.425
51426,2014-03-15T00:45:00+00:00,-1551707,5658.434
51426,2014-03-15T01:00:00+00:00,-1550807,5658.450
51426,2014-03-15T01:15:00+00:00,-1549907,5658.471
51426,2014-03-15T01:30:00+00:00,-1549007,5658.493
51426,2014-03-15T01:45:00+00:00,-1548107,5658.522
51426,2014-03-15T02:00:00+00:00,-1547207,5658.549
51426,2014-03-15T02:15:00+00:00,-1546307,5658.586
51426,2014-03-15T02:30:00+00:00,-1545407,5658.623
51426,2014-03-15T02:45:00+00:00,-1544507,5658.663
51426,2014-03-15T03:00:00+00:00,-1543607,5658.703
51426,2014-03-15T03:15:00+00:00,-1542707,5658.743
51426,2014-03-15T03:30:00+00:00,-1541807,5658.781
51426,2014-03-15T03:45:00+00:00,-1540907,5658.824
51426,2014-03-15T04:00:00+00:00,-1540007,5658.864
51426,2014-03-15T04:15:00+00:00,-1539107,5658.899
51426,2014-03-15T04:30:00+00:00,-1538207,5658.936
51426,2014-03-15T04:45:00+00:00,-1537307,5658.965
51426,2014-03-15T05:00:00+00:00,-1536407,5658.993
51426,2014-03-15T05:15:00+00:00,-1535507,5659.017
51426,2014-03-15T05:30:00+00:00,-1534607,5659.036
51426,2014-03-15T05:45:00+00:00,-1533707,5659.052
51426,2014-03-15T06:00:00+00:00,-1532807,5659.061
51426,2014-03-15T06:15:00+00:00,-1531907,5659.064
51426,2014-03-15T06:30:00+00:00,-1531007,5659.064
51426,2014-03-15T06:45:00+00:00,-1530107,5659.055
51426,2014-03-15T07:00:00+00:00,-1529207,5659.043
51426,2014-03-15T07:15:00+00:00,-1528307,5659.025
51426,2014-03-15T07:30:00+00:00,-1527407,5659.005
51426,2014-03-15T07:45:00+00:00,-1526507,5658.978
51426,2014-03-15T08:00:00+00:00,-1525607,5658.947
51426,2014-03-15T08:15:00+00:00,-1524707,5658.911
51426,2014-03-15T08:30:00+00:00,-1523807,5658.876
51426,2014-03-15T08:45:00+00:00,-1522907,5658.837
51426,2014-03-15T09:00:00+00:00,-1522007,5658.793
51426,2014-03-15T09:15:00+00:00,-1521107,5658.750
51426,2014-03-15T09:30:00+00:00,-1520207,5658.706
51426,2014-03-15T09:45:00+00:00,-1519307,5658.664
51426,2014-03-15T10:00:00+00:00,-1518407,5658.618
51426,2014-03-15T10:15:00+00:00,-1517507,5658.579
51426,2014-03-15T10:30:00+00:00,-1516607,5658.539
51426,2014-03-15T10:45:00+00:00,-1515707,5658.505
51426,2014-03-15T11:00:00+00:00,-1514807,5658.471
51426,2014-03-15T11:15:00+00:00,-1513907,5658.444
51426,2014-03-15T11:30:00+00:00,-1513007,5658.420
51426,2014-03-15T11:45:00+00:00,-1512107,5658.400
51426,2014-03-15T12:00:00+00:00,-1511207,5658.389
51426,2014-03-15T12:15:00+00:00,-1510307,5658.378
51426,2014-03-15T12:30:00+00:00,-1509407,5658.377
51426,2014-03-15T12:45:00+00:00,-1508507,5658.381
51426,2014-03-15T13:00:00+00:00,-1507607,5658.388
51426,2014-03-15T13:15:00+00:00,-1506707,5658.400
51426,2014-03-15T13:30:00+00:00,-1505807,5658.417
51426,2014-03-15T13:45:00+00:00,-1504907,5658.441
51426,2014-03-15T14:00:00+00:00,-1504007,5658.466
51426,2014-03-15T14:15:00+00:00,-1503107,5658.497
51426,2014-03-15T14:30:00+00:00,-1502207,5658.533
51426,2014-03-15T14:45:00+00:00,-1501307,5658.572
51426,2014-03-15T15:00:00+00:00,-1500407,5658.612
51426,2014-03-15T15:15:00+00:00,-1499507,5658.654
51426,2014-03-15T15:30:00+00:00,-1498607,5658.701
51426,2014-03-15T15:45:00+00:00,-1497707,5658.745
51426,2014-03-15T16:00:00+00:00,-1496807,5658.790
51426,2014-03-15T16:15:00+00:00,-1495907,5658.834
51426,2014-03-15T16:30:00+00:00,-1495007,5658.873
51426,2014-03-15T16:45:00+00:00,-1494107,5658.912
51426,2014-03-15T17:00:00+00:00,-1493207,5658.947
51426,2014-03-15T17:15:00+00:00,-1492307,5658.977
51426,2014-03-15T17:30:00+00:00,-1491407,5659.003
51426,2014-03-15T17:45:00+00:00,-1490507,5659.025
51426,2014-03-15T18:00:00+00:00,-1489607,5659.041
51426,2014-03-15T18:15:00+00:00,-1488707,5659.054
51426,2014-03-15T18:30:00+00:00,-1487807,5659.059
51426,2014-03-15T18:45:00+00:00,-1486907,5659.063
51426,2014-03-15T19:00:00+00:00,-1486007,5659.058
51426,2014-03-15T19:15:00+00:00,-1485107,5659.050
51426,2014-03-15T19:30:00+00:00,-1484207,5659.037
51426,2014-03-15T19:45:00+00:00,-1483307,5659.015
51426,2014-03-15T20:00:00+00:00,-1482407,5658.988
51426,2014-03-15T20:15:00+00:00,-1481507,5658.960
51426,2014-03-15T20:30:00+00:00,-1480607,5658.926
51426,2014-03-15T20:45:00+00:00,-1479707,5658.887
51426,2014-03-15T21:00:00+00:00,-1478807,5658.849
51426,2014-03-15T21:15:00+00:00,-1477907,5658.807
51426,2014-03-15T21:30:00+00:00,-1477007,5658.765
51426,2014-03-15T21:45:00+00:00,-1476107,5658.722
51426,2014-03-15T22:00:00+00:00,-1475207,5658.678
51426,2014-03-15T22:15:00+00:00,-1474307,5658.633
51426,2014-03-15T22:30:00+00:00,-1473407,5658.594
51426,2014-03-15T22:45:00+00:00,-1472507,5658.557
51426,2014-03-15T23:00:00+00:00,-1471607,5658.519
51426,2014-03-15T23:15:00+00:00,-1470707,5658.487
51426,2014-03-15T23:30:00+00:00,-1469807,5658.458
51426,2014-03-15T23:45:00+00:00,-1468907,5658.432
51426,2014-03-16T00:00:00+00:00,-1468007,5658.410
51426,2014-03-16T00:15:00+00:00,-1467107,5658.394
51426,2014-03-16T00:30:00+00:00,-1466207,5658.382
51426,2014-03-16T00:45:00+00:00,-1465307,5658.377
51426,2014-03-16T01:00:00+00:00,-1464407,5658.375
51426,2014-03-16T01:15:00+00:00,-1463507,5658.382
51426,2014-03-16T01:30:00+00:00,-1462607,5658.394
51426,2014-03-16T01:45:00+00:00,-1461707,5658.409
51426,2014-03-16T02:00:00+00:00,-1460807,5658.434
51426,2014-03-16T02:15:00+00:00,-1459907,5658.459
51426,2014-03-16T02:30:00+00:00,-1459007,5658.488
51426,2014-03-16T02:45:00+00:00,-1458107,5658.522
51426,2014-03-16T03:00:00+00:00,-1457207,5658.557
51426,2014-03-16T03:15:00+00:00,-1456307,5658.599
51426,2014-03-16T03:30:00+00:00,-1455407,5658.641
51426,2014-03-16T03:45:00+00:00,-1454507,5658.687
51426,2014-03-16T04:00:00+00:00,-1453607,5658.733
51426,2014-03-16T04:15:00+00:00,-1452707,5658.777
51426,2014-03-16T04:30:00+00:00,-1451807,5658.821
51426,2014-03-16T04:45:00+00:00,-1450907,5658.861
51426,2014-03-16T05:00:00+00:00,-1450007,5658.904
51426,2014-03-16T05:15:00+00:00,-1449107,5658.944
51426,2014-03-16T05:30:00+00:00,-1448207,5658.981
51426,2014-03-16T05:45:00+00:00,-1447307,5659.011
51426,2014-03-16T06:00:00+00:00,-1446407,5659.039
51426,2014-03-16T06:15:00+00:00,-1445507,5659.062
51426,2014-03-16T06:30:00+00:00,-1444607,5659.076
51426,2014-03-16T06:45:00+00:00,-1443707,5659.085
51426,2014-03-16T07:00:00+00:00,-1442807,5659.090
51426,2014-03-16T07:15:00+00:00,-1441907,5659.087
51426,2014-03-16T07:30:00+00:00,-1441007,5659.080
51426,2014-03-16T07:45:00+00:00,-1440107,5659.067
51426,2014-03-16T08:00:00+00:00,-1439207,5659.047
51426,2014-03-16T08:15:00+00:00,-1438307,5659.022
51426,2014-03-16T08:30:00+00:00,-1437407,5658.994
51426,2014-03-16T08:45:00+00:00,-1436507,5658.961
51426,2014-03-16T09:00:00+00:00,-1435607,5658.922
51426,2014-03-16T09:15:00+00:00,-1434707,5658.878
51426,2014-03-16T09:30:00+00:00,-1433807,5658.836
51426,2014-03-16T09:45:00+00:00,-1432907,5658.791
51426,2014-03-16T10:00:00+00:00,-1432007,5658.746
51426,2014-03-16T10:15:00+00:00,-1431107,5658.696
51426,2014-03-16T10:30:00+00:00,-1430207,5658.648
51426,2014-03-16T10:45:00+00:00,-1429307,5658.605
51426,2014-03-16T11:00:00+00:00,-1428407,5658.563
51426,2014-03-16T11:15:00+00:00,-1427507,5658.524
51426,2014-03-16T11:30:00+00:00,-1426607,5658.489
51426,2014-03-16T11:45:00+00:00,-1425707,5658.453
51426,2014-03-16T12:00:00+00:00,-1424807,5658.426
51426,2014-03-16T12:15:00+00:00,-1423907,5658.402
51426,2014-03-16T12:30:00+00:00,-1423007,5658.385
51426,2014-03-16T12:45:00+00:00,-1422107,5658.372
51426,2014-03-16T13:00:00+00:00,-1421207,5658.364
51426,2014-03-16T13:15:00+00:00,-1420307,5658.357
51426,2014-03-16T13:30:00+00:00,-1419407,5658.361
51426,2014-03-16T13:45:00+00:00,-1418507,5658.370
51426,2014-03-16T14:00:00+00:00,-1417607,5658.386
51426,2014-03-16T14:15:00+00:00,-1416707,5658.405
51426,2014-03-16T14:30:00+00:00,-1415807,5658.433
51426,2014-03-16T14:45:00+00:00,-1414907,5658.463
51426,2014-03-16T15:00:00+00:00,-1414007,5658.497
51426,2014-03-16T15:15:00+00:00,-1413107,5658.538
51426,2014-03-16T15:30:00+00:00,-1412207,5658.581
51426,2014-03-16T15:45:00+00:00,-1411307,5658.628
51426,2014-03-16T16:00:00+00:00,-1410407,5658.675
51426,2014-03-16T16:15:00+00:00,-1409507,5658.724
51426,2014-03-16T16:30:00+00:00,-1408607,5658.774
51426,2014-03-16T16:45:00+00:00,-1407707,5658.820
51426,2014-03-16T17:00:00+00:00,-1406807,5658.867
51426,2014-03-16T17:15:00+00:00,-1405907,5658.913
51426,2014-03-16T17:30:00+00:00,-1405007,5658.954
51426,2014-03-16T17:45:00+00:00,-1404107,5658.990
51426,2014-03-16T18:00:00+00:00,-1403207,5659.022
51426,2014-03-16T18:15:00+00:00,-1402307,5659.051
51426,2014-03-16T18:30:00+00:00,-1401407,5659.075
51426,2014-03-16T18:45:00+00:00,-1400507,5659.094
51426,2014-03-16T19:00:00+00:00,-1399607,5659.107
51426,2014-03-16T19:15:00+00:00,-1398707,5659.114
51426,2014-03-16T19:30:00+00:00,-1397807,5659.109
51426,2014-03-16T19:45:00+00:00,-1396907,5659.101
51426,2014-03-16T20:00:00+00:00,-1396007,5659.086
51426,2014-03-16T20:15:00+00:00,-1395107,5659.066
51426,2014-03-16T20:30:00+00:00,-1394207,5659.039
51426,2014-03-16T20:45:00+00:00,-1393307,5659.012
51426,2014-03-16T21:00:00+00:00,-1392407,5658.975
51426,2014-03-16T21:15:00+00:00,-1391507,5658.936
51426,2014-03-16T21:30:00+00:00,-1390607,5658.895
51426,2014-03-16T21:45:00+00:00,-1389707,5658.850
51426,2014-03-16T22:00:00+00:00,-1388807,5658.803
51426,2014-03-16T22:15:00+00:00,-1387907,5658.757
51426,2014-03-16T22:30:00+00:00,-1387007,5658.708
51426,2014-03-16T22:45:00+00:00,-1386107,5658.659
51426,2014-03-16T23:00:00+00:00,-1385207,5658.614
51426,2014-03-16T23:15:00+00:00,-1384307,5658.569
51426,2014-03-16T23:30:00+00:00,-1383407,5658.527
51426,2014-03-16T23:45:00+00:00,-1382507,5658.487
51426,2014-03-17T00:00:00+00:00,-1381607,5658.449
51426,2014-03-17T00:15:00+00:00,-1380707,5658.417
51426,2014-03-17T00:30:00+00:00,-1379807,5658.390
51426,2014-03-17T00:45:00+00:00,-1378907,5658.368
51426,2014-03-17T01:00:00+00:00,-1378007,5658.353
51426,2014-03-17T01:15:00+00:00,-1377107,5658.344
51426,2014-03-17T01:30:00+00:00,-1376207,5658.339
51426,2014-03-17T01:45:00+00:00,-1375307,5658.340
51426,2014-03-17T02:00:00+00:00,-1374407,5658.348
51426,2014-03-17T02:15:00+00:00,-1373507,5658.361
51426,2014-03-17T02:30:00+00:00,-1372607,5658.381
51426,2014-03-17T02:45:00+00:00,-1371707,5658.408
51426,2014-03-17T03:00:00+00:00,-1370807,5658.438
51426,2014-03-17T03:15:00+00:00,-1369907,5658.474
51426,2014-03-17T03:30:00+00:00,-1369007,5658.512
51426,2014-03-17T03:45:00+00:00,-1368107,5658.556
51426,2014-03-17T04:00:00+00:00,-1367207,5658.601
51426,2014-03-17T04:15:00+00:00,-1366307,5658.645
51426,2014-03-17T04:30:00+00:00,-1365407,5658.696
51426,2014-03-17T04:45:00+00:00,-1364507,5658.747
51426,2014-03-17T05:00:00+00:00,-1363607,5658.794
51426,2014-03-17T05:15:00+00:00,-1362707,5658.844
51426,2014-03-17T05:30:00+00:00,-1361807,5658.891
51426,2014-03-17T05:45:00+00:00,-1360907,5658.937
51426,2014-03-17T06:00:00+00:00,-1360007,5658.978
51426,2014-03-17T06:15:00+00:00,-1359107,5659.013
51426,2014-03-17T06:30:00+00:00,-1358207,5659.045
51426,2014-03-17T06:45:00+00:00,-1357307,5659.070
51426,2014-03-17T07:00:00+00:00,-1356407,5659.093
51426,2014-03-17T07:15:00+00:00,-1355507,5659.112
51426,2014-03-17T07:30:00+00:00,-1354607,5659.116
51426,2014-03-17T07:45:00+00:00,-1353707,5659.120
51426,2014-03-17T08:00:00+00:00,-1352807,5659.114
51426,2014-03-17T08:15:00+00:00,-1351907,5659.104
51426,2014-03-17T08:30:00+00:00,-1351007,5659.087
51426,2014-03-17T08:45:00+00:00,-1350107,5659.066
51426,2014-03-17T09:00:00+00:00,-1349207,5659.037
51426,2014-03-17T09:15:00+00:00,-1348307,5659.003
51426,2014-03-17T09:30:00+00:00,-1347407,5658.964
51426,2014-03-17T09:45:00+00:00,-1346507,5658.922
51426,2014-03-17T10:00:00+00:00,-1345607,5658.876
51426,2014-03-17T10:15:00+00:00,-1344707,5658.828
51426,2014-03-17T10:30:00+00:00,-1343807,5658.778
51426,2014-03-17T10:45:00+00:00,-1342907,5658.726
51426,2014-03-17T11:00:00+00:00,-1342007,5658.677
51426,2014-03-17T11:15:00+00:00,-1341107,5658.630
51426,2014-03-17T11:30:00+00:00,-1340207,5658.582
51426,2014-03-17T11:45:00+00:00,-1339307,5658.538
51426,2014-03-17T12:00:00+00:00,-1338407,5658.498
51426,2014-03-17T12:15:00+00:00,-1337507,5658.461
51426,2014-03-17T12:30:00+00:00,-1336607,5658.428
51426,2014-03-17T12:45:00+00:00,-1335707,5658.398
51426,2014-03-17T13:00:00+00:00,-1334807,5658.371
51426,2014-03-17T13:15:00+00:00,-1333907,5658.353
51426,2014-03-17T13:30:00+00:00,-1333007,5658.345
51426,2014-03-17T13:45:00+00:00,-1332107,5658.334
51426,2014-03-17T14:00:00+00:00,-1331207,5658.335
51426,2014-03-17T14:15:00+00:00,-1330307,5658.344
51426,2014-03-17T14:30:00+00:00,-1329407,5658.356
51426,2014-03-17T14:45:00+00:00,-1328507,5658.380
51426,2014-03-17T15:00:00+00:00,-1327607,5658.404
51426,2014-03-17T15:15:00+00:00,-1326707,5658.435
51426,2014-03-17T15:30:00+00:00,-1325807,5658.475
51426,2014-03-17T15:45:00+00:00,-1324907,5658.515
51426,2014-03-17T16:00:00+00:00,-1324007,5658.562
51426,2014-03-17T16:15:00+00:00,-1323107,5658.610
51426,2014-03-17T16:30:00+00:00,-1322207,5658.662
51426,2014-03-17T16:45:00+00:00,-1321307,5658.714
51426,2014-03-17T17:00:00+00:00,-1320407,5658.768
51426,2014-03-17T17:15:00+00:00,-1319507,5658.821
51426,2014-03-17T17:30:00+00:00,-1318607,5658.868
51426,2014-03-17T17:45:00+00:00,-1317707,5658.918
51426,2014-03-17T18:00:00+00:00,-1316807,5658.964
51426,2014-03-17T18:15:00+00:00,-1315907,5659.004
51426,2014-03-17T18:30:00+00:00,-1315007,5659.045
51426,2014-03-17T18:45:00+00:00,-1314107,5659.078
51426,2014-03-17T19:00:00+00:00,-1313207,5659.107
51426,2014-03-17T19:15:00+00:00,-1312307,5659.125
51426,2014-03-17T19:30:00+00:00,-1311407,5659.140
51426,2014-03-17T19:45:00+00:00,-1310507,5659.152
51426,2014-03-17T20:00:00+00:00,-1309607,5659.151
51426,2014-03-17T20:15:00+00:00,-1308707,5659.149
51426,2014-03-17T20:30:00+00:00,-1307807,5659.138
51426,2014-03-17T20:45:00+00:00,-1306907,5659.120
51426,2014-03-17T21:00:00+00:00,-1306007,5659.096
51426,2014-03-17T21:15:00+00:00,-1305107,5659.066
51426,2014-03-17T21:30:00+00:00,-1304207,5659.032
51426,2014-03-17T21:45:00+00:00,-1303307,5658.991
51426,2014-03-17T22:00:00+00:00,-1302407,5658.946
51426,2014-03-17T22:15:00+00:00,-1301507,5658.899
51426,2014-03-17T22:30:00+00:00,-1300607,5658.847
51426,2014-03-17T22:45:00+00:00,-1299707,5658.798
51426,2014-03-17T23:00:00+00:00,-1298807,5658.743
51426,2014-03-17T23:15:00+00:00,-1297907,5658.689
51426,2014-03-17T23:30:00+00:00,-1297007,5658.638
51426,2014-03-17T23:45:00+00:00,-1296107,5658.588
51426,2014-03-18T00:00:00+00:00,-1295207,5658.541
51426,2014-03-18T00:15:00+00:00,-1294307,5658.495
51426,2014-03-18T00:30:00+00:00,-1293407,5658.451
51426,2014-03-18T00:45:00+00:00,-1292507,5658.415
51426,2014-03-18T01:00:00+00:00,-1291607,5658.382
51426,2014-03-18T01:15:00+00:00,-1290707,5658.351
51426,2014-03-18T01:30:00+00:00,-1289807,5658.327
51426,2014-03-18T01:45:00+00:00,-1288907,5658.314
51426,2014-03-18T02:00:00+00:00,-1288007,5658.303
51426,2014-03-18T02:15:00+00:00,-1287107,5658.299
51426,2014-03-18T02:30:00+00:00,-1286207,5658.304
51426,2014-03-18T02:45:00+00:00,-1285307,5658.313
51426,2014-03-18T03:00:00+00:00,-1284407,5658.328
51426,2014-03-18T03:15:00+00:00,-1283507,5658.351
51426,2014-03-18T03:30:00+00:00,-1282607,5658.381
51426,2014-03-18T03:45:00+00:00,-1281707,5658.415
51426,2014-03-18T04:00:00+00:00,-1280807,5658.455
51426,2014-03-18T04:15:00+00:00,-1279907,5658.498
51426,2014-03-18T04:30:00+00:00,-1279007,5658.546
51426,2014-03-18T04:45:00+00:00,-1278107,5658.599
51426,2014-03-18T05:00:00+00:00,-1277207,5658.654
51426,2014-03-18T05:15:00+00:00,-1276307,5658.709
51426,2014-03-18T05:30:00+00:00,-1275407,5658.763
51426,2014-03-18T05:45:00+00:00,-1274507,5658.815
51426,2014-03-18T06:00:00+00:00,-1273607,5658.864
51426,2014-03-18T06:15:00+00:00,-1272707,5658.914
51426,2014-03-18T06:30:00+00:00,-1271807,5658.959
51426,2014-03-18T06:45:00+00:00,-1270907,5659.000
51426,2014-03-18T07:00:00+00:00,-1270007,5659.039
51426,2014-03-18T07:15:00+00:00,-1269107,5659.070
51426,2014-03-18T07:30:00+00:00,-1268207,5659.095
51426,2014-03-18T07:45:00+00:00,-1267307,5659.112
51426,2014-03-18T08:00:00+00:00,-1266407,5659.128
51426,2014-03-18T08:15:00+00:00,-1265507,5659.135
51426,2014-03-18T08:30:00+00:00,-1264607,5659.137
51426,2014-03-18T08:45:00+00:00,-1263707,5659.127
51426,2014-03-18T09:00:00+00:00,-1262807,5659.112
51426,2014-03-18T09:15:00+00:00,-1261907,5659.091
51426,2014-03-18T09:30:00+00:00,-1261007,5659.063
51426,2014-03-18T09:45:00+00:00,-1260107,5659.027
51426,2014-03-18T10:00:00+00:00,-1259207,5658.986
51426,2014-03-18T10:15:00+00:00,-1258307,5658.944
51426,2014-03-18T10:30:00+00:00,-1257407,5658.901
51426,2014-03-18T10:45:00+00:00,-1256507,5658.851
51426,2014-03-18T11:00:00+00:00,-1255607,5658.800
51426,2014-03-18T11:15:00+00:00,-1254707,5658.745
51426,2014-03-18T11:30:00+00:00,-1253807,5658.693
51426,2014-03-18T11:45:00+00:00,-1252907,5658.642
51426,2014-03-18T12:00:00+00:00,-1252007,5658.591
51426,2014-03-18T12:15:00+00:00,-1251107,5658.542
51426,2014-03-18T12:30:00+00:00,-1250207,5658.495
51426,2014-03-18T12:45:00+00:00,-1249307,5658.449
51426,2014-03-18T13:00:00+00:00,-1248407,5658.412
51426,2014-03-18T13:15:00+00:00,-1247507,5658.378
51426,2014-03-18T13:30:00+00:00,-1246607,5658.349
51426,2014-03-18T13:45:00+00:00,-1245707,5658.328
51426,2014-03-18T14:00:00+00:00,-1244807,5658.311
51426,2014-03-18T14:15:00+00:00,-1243907,5658.298
51426,2014-03-18T14:30:00+00:00,-1243007,5658.296
51426,2014-03-18T14:45:00+00:00,-1242107,5658.296
51426,2014-03-18T15:00:00+00:00,-1241207,5658.307
51426,2014-03-18T15:15:00+00:00,-1240307,5658.325
51426,2014-03-18T15:30:00+00:00,-1239407,5658.351
51426,2014-03-18T15:45:00+00:00,-1238507,5658.384
51426,2014-03-18T16:00:00+00:00,-1237607,5658.423
51426,2014-03-18T16:15:00+00:00,-1236707,5658.465
51426,2014-03-18T16:30:00+00:00,-1235807,5658.516
51426,2014-03-18T16:45:00+00:00,-1234907,5658.566
51426,2014-03-18T17:00:00+00:00,-1234007,5658.618
51426,2014-03-18T17:15:00+00:00,-1233107,5658.672
51426,2014-03-18T17:30:00+00:00,-1232207,5658.729
51426,2014-03-18T17:45:00+00:00,-1231307,5658.786
51426,2014-03-18T18:00:00+00:00,-1230407,5658.841
51426,2014-03-18T18:15:00+00:00,-1229507,5658.892
51426,2014-03-18T18:30:00+00:00,-1228607,5658.946
51426,2014-03-18T18:45:00+00:00,-1227707,5658.994
51426,2014-03-18T19:00:00+00:00,-1226807,5659.036
51426,2014-03-18T19:15:00+00:00,-1225907,5659.073
51426,2014-03-18T19:30:00+00:00,-1225007,5659.103
51426,2014-03-18T19:45:00+00:00,-1224107,5659.127
51426,2014-03-18T20:00:00+00:00,-1223207,5659.146
51426,2014-03-18T20:15:00+00:00,-1222307,5659.154
51426,2014-03-18T20:30:00+00:00,-1221407,5659.159
51426,2014-03-18T20:45:00+00:00,-1220507,5659.156
51426,2014-03-18T21:00:00+00:00,-1219607,5659.148
51426,2014-03-18T21:15:00+00:00,-1218707,5659.133
51426,2014-03-18T21:30:00+00:00,-1217807,5659.109
51426,2014-03-18T21:45:00+00:00,-1216907,5659.080
51426,2014-03-18T22:00:00+00:00,-1216007,5659.047
51426,2014-03-18T22:15:00+00:00,-1215107,5659.005
51426,2014-03-18T22:30:00+00:00,-1214207,5658.958
51426,2014-03-18T22:45:00+00:00,-1213307,5658.910
51426,2014-03-18T23:00:00+00:00,-1212407,5658.858
51426,2014-03-18T23:15:00+00:00,-1211507,5658.803
51426,2014-03-18T23:30:00+00:00,-1210607,5658.747
51426,2014-03-18T23:45:00+00:00,-1209707,5658.697
51426,2014-03-19T00:00:00+00:00,-1208807,5658.641
51426,2014-03-19T00:15:00+00:00,-1207907,5658.588
51426,2014-03-19T00:30:00+00:00,-1207007,5658.534
51426,2014-03-19T00:45:00+00:00,-1206107,5658.487
51426,2014-03-19T01:00:00+00:00,-1205207,5658.439
51426,2014-03-19T01:15:00+00:00,-1204307,5658.393
51426,2014-03-19T01:30:00+00:00,-1203407,5658.355
51426,2014-03-19T01:45:00+00:00,-1202507,5658.321
51426,2014-03-19T02:00:00+00:00,-1201607,5658.293
51426,2014-03-19T02:15:00+00:00,-1200707,5658.271
51426,2014-03-19T02:30:00+00:00,-1199807,5658.257
51426,2014-03-19T02:45:00+00:00,-1198907,5658.251
51426,2014-03-19T03:00:00+00:00,-1198007,5658.249
51426,2014-03-19T03:15:00+00:00,-1197107,5658.255
51426,2014-03-19T03:30:00+00:00,-1196207,5658.269
51426,2014-03-19T03:45:00+00:00,-1195307,5658.289
51426,2014-03-19T04:00:00+00:00,-1194407,5658.318
51426,2014-03-19T04:15:00+00:00,-1193507,5658.353
51426,2014-03-19T04:30:00+00:00,-1192607,5658.393
51426,2014-03-19T04:45:00+00:00,-1191707,5658.436
51426,2014-03-19T05:00:00+00:00,-1190807,5658.483
51426,2014-03-19T05:15:00+00:00,-1189907,5658.534
51426,2014-03-19T05:30:00+00:00,-1189007,5658.590
51426,2014-03-19T05:45:00+00:00,-1188107,5658.642
51426,2014-03-19T06:00:00+00:00,-1187207,5658.698
51426,2014-03-19T06:15:00+00:00,-1186307,5658.755
51426,2014-03-19T06:30:00+00:00,-1185407,5658.809
51426,2014-03-19T06:45:00+00:00,-1184507,5658.860
51426,2014-03-19T07:00:00+00:00,-1183607,5658.909
51426,2014-03-19T07:15:00+00:00,-1182707,5658.954
51426,2014-03-19T07:30:00+00:00,-1181807,5658.996
51426,2014-03-19T07:45:00+00:00,-1180907,5659.035
51426,2014-03-19T08:00:00+00:00,-1180007,5659.066
51426,2014-03-19T08:15:00+00:00,-1179107,5659.094
51426,2014-03-19T08:30:00+00:00,-1178207,5659.112
51426,2014-03-19T08:45:00+00:00,-1177307,5659.123
51426,2014-03-19T09:00:00+00:00,-1176407,5659.126
51426,2014-03-19T09:15:00+00:00,-1175507,5659.122
51426,2014-03-19T09:30:00+00:00,-1174607,5659.110
51426,2014-03-19T09:45:00+00:00,-1173707,5659.091
51426,2014-03-19T10:00:00+00:00,-1172807,5659.068
51426,2014-03-19T10:15:00+00:00,-1171907,5659.034
51426,2014-03-19T10:30:00+00:00,-1171007,5658.997
51426,2014-03-19T10:45:00+00:00,-1170107,5658.954
51426,2014-03-19T11:00:00+00:00,-1169207,5658.910
51426,2014-03-19T11:15:00+00:00,-1168307,5658.862
51426,2014-03-19T11:30:00+00:00,-1167407,5658.812
51426,2014-03-19T11:45:00+00:00,-1166507,5658.758
51426,2014-03-19T12:00:00+00:00,-1165607,5658.703
51426,2014-03-19T12:15:00+00:00,-1164707,5658.649
51426,2014-03-19T12:30:00+00:00,-1163807,5658.595
51426,2014-03-19T12:45:00+00:00,-1162907,5658.541
51426,2014-03-19T13:00:00+00:00,-1162007,5658.489
51426,2014-03-19T13:15:00+00:00,-1161107,5658.444
51426,2014-03-19T13:30:00+00:00,-1160207,5658.398
51426,2014-03-19T13:45:00+00:00,-1159307,5658.360
51426,2014-03-19T14:00:00+00:00,-1158407,5658.328
51426,2014-03-19T14:15:00+00:00,-1157507,5658.301
51426,2014-03-19T14:30:00+00:00,-1156607,5658.282
51426,2014-03-19T14:45:00+00:00,-1155707,5658.266
51426,2014-03-19T15:00:00+00:00,-1154807,5658.259
51426,2014-03-19T15:15:00+00:00,-1153907,5658.261
51426,2014-03-19T15:30:00+00:00,-1153007,5658.271
51426,2014-03-19T15:45:00+00:00,-1152107,5658.286
51426,2014-03-19T16:00:00+00:00,-1151207,5658.311
51426,2014-03-19T16:15:00+00:00,-1150307,5658.342
51426,2014-03-19T16:30:00+00:00,-1149407,5658.378
51426,2014-03-19T16:45:00+00:00,-1148507,5658.419
51426,2014-03-19T17:00:00+00:00,-1147607,5658.466
51426,2014-03-19T17:15:00+00:00,-1146707,5658.517
51426,2014-03-19T17:30:00+00:00,-1145807,5658.572
51426,2014-03-19T17:45:00+00:00,-1144907,5658.626
51426,2014-03-19T18:00:00+00:00,-1144007,5658.684
51426,2014-03-19T18:15:00+00:00,-1143107,5658.746
51426,2014-03-19T18:30:00+00:00,-1142207,5658.803
51426,2014-03-19T18:45:00+00:00,-1141307,5658.862
51426,2014-03-19T19:00:00+00:00,-1140407,5658.917
51426,2014-03-19T19:15:00+00:00,-1139507,5658.967
51426,2014-03-19T19:30:00+00:00,-1138607,5659.013
51426,2014-03-19T19:45:00+00:00,-1137707,5659.053
51426,2014-03-19T20:00:00+00:00,-1136807,5659.090
51426,2014-03-19T20:15:00+00:00,-1135907,5659.120
51426,2014-03-19T20:30:00+00:00,-1135007,5659.142
51426,2014-03-19T20:45:00+00:00,-1134107,5659.157
51426,2014-03-19T21:00:00+00:00,-1133207,5659.167
51426,2014-03-19T21:15:00+00:00,-1132307,5659.170
51426,2014-03-19T21:30:00+00:00,-1131407,5659.167
51426,2014-03-19T21:45:00+00:00,-1130507,5659.153
51426,2014-03-19T22:00:00+00:00,-1129607,5659.133
51426,2014-03-19T22:15:00+00:00,-1128707,5659.107
51426,2014-03-19T22:30:00+00:00,-1127807,5659.074
51426,2014-03-19T22:45:00+00:00,-1126907,5659.035
51426,2014-03-19T23:00:00+00:00,-1126007,5658.992
51426,2014-03-19T23:15:00+00:00,-1125107,5658.942
51426,2014-03-19T23:30:00+00:00,-1124207,5658.891
51426,2014-03-19T23:45:00+00:00,-1123307,5658.835
51426,2014-03-20T00:00:00+00:00,-1122407,5658.779
51426,2014-03-20T00:15:00+00:00,-1121507,5658.720
51426,2014-03-20T00:30:00+00:00,-1120607,5658.664
51426,2014-03-20T00:45:00+00:00,-1119707,5658.604
51426,2014-03-20T01:00:00+00:00,-1118807,5658.547
51426,2014-03-20T01:15:00+00:00,-1117907,5658.491
51426,2014-03-20T01:30:00+00:00,-1117007,5658.439
51426,2014-03-20T01:45:00+00:00,-1116107,5658.392
51426,2014-03-20T02:00:00+00:00,-1115207,5658.348
51426,2014-03-20T02:15:00+00:00,-1114307,5658.314
51426,2014-03-20T02:30:00+00:00,-1113407,5658.280
51426,2014-03-20T02:45:00+00:00,-1112507,5658.254
51426,2014-03-20T03:00:00+00:00,-1111607,5658.232
51426,2014-03-20T03:15:00+00:00,-1110707,5658.220
51426,2014-03-20T03:30:00+00:00,-1109807,5658.214
51426,2014-03-20T03:45:00+00:00,-1108907,5658.214
51426,2014-03-20T04:00:00+00:00,-1108007,5658.223
51426,2014-03-20T04:15:00+00:00,-1107107,5658.236
51426,2014-03-20T04:30:00+00:00,-1106207,5658.257
51426,2014-03-20T04:45:00+00:00,-1105307,5658.287
51426,2014-03-20T05:00:00+00:00,-1104407,5658.324
51426,2014-03-20T05:15:00+00:00,-1103507,5658.364
51426,2014-03-20T05:30:00+00:00,-1102607,5658.413
51426,2014-03-20T05:45:00+00:00,-1101707,5658.464
51426,2014-03-20T06:00:00+00:00,-1100807,5658.518
51426,2014-03-20T06:15:00+00:00,-1099907,5658.571
51426,2014-03-20T06:30:00+00:00,-1099007,5658.632
51426,2014-03-20T06:45:00+00:00,-1098107,5658.694
51426,2014-03-20T07:00:00+00:00,-1097207,5658.752
51426,2014-03-20T07:15:00+00:00,-1096307,5658.808
51426,2014-03-20T07:30:00+00:00,-1095407,5658.862
51426,2014-03-20T07:45:00+00:00,-1094507,5658.912
51426,2014-03-20T08:00:00+00:00,-1093607,5658.962
51426,2014-03-20T08:15:00+00:00,-1092707,5659.001
51426,2014-03-20T08:30:00+00:00,-1091807,5659.036
51426,2014-03-20T08:45:00+00:00,-1090907,5659.068
51426,2014-03-20T09:00:00+00:00,-1090007,5659.091
51426,2014-03-20T09:15:00+00:00,-1089107,5659.107
51426,2014-03-20T09:30:00+00:00,-1088207,5659.112
51426,2014-03-20T09:45:00+00:00,-1087307,5659.114
51426,2014-03-20T10:00:00+00:00,-1086407,5659.105
51426,2014-03-20T10:15:00+00:00,-1085507,5659.093
51426,2014-03-20T10:30:00+00:00,-1084607,5659.073
51426,2014-03-20T10:45:00+00:00,-1083707,5659.047
51426,2014-03-20T11:00:00+00:00,-1082807,5659.014
51426,2014-03-20T11:15:00+00:00,-1081907,5658.976
51426,2014-03-20T11:30:00+00:00,-1081007,5658.933
51426,2014-03-20T11:45:00+00:00,-1080107,5658.885
51426,2014-03-20T12:00:00+00:00,-1079207,5658.834
51426,2014-03-20T12:15:00+00:00,-1078307,5658.782
51426,2014-03-20T12:30:00+00:00,-1077407,5658.727
51426,2014-03-20T12:45:00+00:00,-1076507,5658.670
51426,2014-03-20T13:00:00+00:00,-1075607,5658.617
51426,2014-03-20T13:15:00+00:00,-1074707,5658.563
51426,2014-03-20T13:30:00+00:00,-1073807,5658.511
51426,2014-03-20T13:45:00+00:00,-1072907,5658.457
51426,2014-03-20T14:00:00+00:00,-1072007,5658.412
51426,2014-03-20T14:15:00+00:00,-1071107,5658.367
51426,2014-03-20T14:30:00+00:00,-1070207,5658.327
51426,2014-03-20T14:45:00+00:00,-1069307,5658.295
51426,2014-03-20T15:00:00+00:00,-1068407,5658.271
51426,2014-03-20T15:15:00+00:00,-1067507,5658.256
51426,2014-03-20T15:30:00+00:00,-1066607,5658.242
51426,2014-03-20T15:45:00+00:00,-1065707,5658.240
51426,2014-03-20T16:00:00+00:00,-1064807,5658.247
51426,2014-03-20T16:15:00+00:00,-1063907,5658.257
51426,2014-03-20T16:30:00+00:00,-1063007,5658.277
51426,2014-03-20T16:45:00+00:00,-1062107,5658.303
51426,2014-03-20T17:00:00+00:00,-1061207,5658.337
51426,2014-03-20T17:15:00+00:00,-1060307,5658.377
51426,2014-03-20T17:30:00+00:00,-1059407,5658.423
51426,2014-03-20T17:45:00+00:00,-1058507,5658.474
51426,2014-03-20T18:00:00+00:00,-1057607,5658.528
51426,2014-03-20T18:15:00+00:00,-1056707,5658.584
51426,2014-03-20T18:30:00+00:00,-1055807,5658.646
51426,2014-03-20T18:45:00+00:00,-1054907,5658.706
51426,2014-03-20T19:00:00+00:00,-1054007,5658.767
51426,2014-03-20T19:15:00+00:00,-1053107,5658.828
51426,2014-03-20T19:30:00+00:00,-1052207,5658.887
51426,2014-03-20T19:45:00+00:00,-1051307,5658.941
51426,2014-03-20T20:00:00+00:00,-1050407,5658.992
51426,2014-03-20T20:15:00+00:00,-1049507,5659.034
51426,2014-03-20T20:30:00+00:00,-1048607,5659.074
51426,2014-03-20T20:45:00+00:00,-1047707,5659.107
51426,2014-03-20T21:00:00+00:00,-1046807,5659.135
51426,2014-03-20T21:15:00+00:00,-1045907,5659.156
51426,2014-03-20T21:30:00+00:00,-1045007,5659.172
51426,2014-03-20T21:45:00+00:00,-1044107,5659.181
51426,2014-03-20T22:00:00+00:00,-1043207,5659.178
51426,2014-03-20T22:15:00+00:00,-1042307,5659.168
51426,2014-03-20T22:30:00+00:00,-1041407,5659.154
51426,2014-03-20T22:45:00+00:00,-1040507,5659.131
51426,2014-03-20T23:00:00+00:00,-1039607,5659.101
51426,2014-03-20T23:15:00+00:00,-1038707,5659.065
51426,2014-03-20T23:30:00+00:00,-1037807,5659.025
51426,2014-03-20T23:45:00+00:00,-1036907,5658.981
51426,2014-03-21T00:00:00+00:00,-1036007,5658.931
51426,2014-03-21T00:15:00+00:00,-1035107,5658.878
51426,2014-03-21T00:30:00+00:00,-1034207,5658.823
51426,2014-03-21T00:45:00+00:00,-1033307,5658.763
51426,2014-03-21T01:00:00+00:00,-1032407,5658.703
51426,2014-03-21T01:15:00+00:00,-1031507,5658.641
51426,2014-03-21T01:30:00+00:00,-1030607,5658.581
51426,2014-03-21T01:45:00+00:00,-1029707,5658.522
51426,2014-03-21T02:00:00+00:00,-1028807,5658.466
51426,2014-03-21T02:15:00+00:00,-1027907,5658.411
51426,2014-03-21T02:30:00+00:00,-1027007,5658.365
51426,2014-03-21T02:45:00+00:00,-1026107,5658.324
51426,2014-03-21T03:00:00+00:00,-1025207,5658.287
51426,2014-03-21T03:15:00+00:00,-1024307,5658.255
51426,2014-03-21T03:30:00+00:00,-1023407,5658.229
51426,2014-03-21T03:45:00+00:00,-1022507,5658.210
51426,2014-03-21T04:00:00+00:00,-1021607,5658.202
51426,2014-03-21T04:15:00+00:00,-1020707,5658.198
51426,2014-03-21T04:30:00+00:00,-1019807,5658.205
51426,2014-03-21T04:45:00+00:00,-1018907,5658.214
51426,2014-03-21T05:00:00+00:00,-1018007,5658.234
51426,2014-03-21T05:15:00+00:00,-1017107,5658.260
51426,2014-03-21T05:30:00+00:00,-1016207,5658.291
51426,2014-03-21T05:45:00+00:00,-1015307,5658.327
51426,2014-03-21T06:00:00+00:00,-1014407,5658.371
51426,2014-03-21T06:15:00+00:00,-1013507,5658.420
51426,2014-03-21T06:30:00+00:00,-1012607,5658.473
51426,2014-03-21T06:45:00+00:00,-1011707,5658.528
51426,2014-03-21T07:00:00+00:00,-1010807,5658.587
51426,2014-03-21T07:15:00+00:00,-1009907,5658.647
51426,2014-03-21T07:30:00+00:00,-1009007,5658.705
51426,2014-03-21T07:45:00+00:00,-1008107,5658.767
51426,2014-03-21T08:00:00+00:00,-1007207,5658.825
51426,2014-03-21T08:15:00+00:00,-1006307,5658.881
51426,2014-03-21T08:30:00+00:00,-1005407,5658.928
51426,2014-03-21T08:45:00+00:00,-1004507,5658.975
51426,2014-03-21T09:00:00+00:00,-1003607,5659.019
51426,2014-03-21T09:15:00+00:00,-1002707,5659.050
51426,2014-03-21T09:30:00+00:00,-1001807,5659.076
51426,2014-03-21T09:45:00+00:00,-1000907,5659.096
51426,2014-03-21T10:00:00+00:00,-1000007,5659.112
51426,2014-03-21T10:15:00+00:00,-999107,5659.118
51426,2014-03-21T10:30:00+00:00,-998207,5659.118
51426,2014-03-21T10:45:00+00:00,-997307,5659.112
51426,2014-03-21T11:00:00+00:00,-996407,5659.095
51426,2014-03-21T11:15:00+00:00,-995507,5659.077
51426,2014-03-21T11:30:00+00:00,-994607,5659.050
51426,2014-03-21T11:45:00+00:00,-993707,5659.015
51426,2014-03-21T12:00:00+00:00,-992807,5658.977
51426,2014-03-21T12:15:00+00:00,-991907,5658.932
51426,2014-03-21T12:30:00+00:00,-991007,5658.881
51426,2014-03-21T12:45:00+00:00,-990107,5658.827
51426,2014-03-21T13:00:00+00:00,-989207,5658.776
51426,2014-03-21T13:15:00+00:00,-988307,5658.715
51426,2014-03-21T13:30:00+00:00,-987407,5658.660
51426,2014-03-21T13:45:00+00:00,-986507,5658.603
51426,2014-03-21T14:00:00+00:00,-985607,5658.547
51426,2014-03-21T14:15:00+00:00,-984707,5658.495
51426,2014-03-21T14:30:00+00:00,-983807,5658.444
51426,2014-03-21T14:45:00+00:00,-982907,5658.397
51426,2014-03-21T15:00:00+00:00,-982007,5658.354
51426,2014-03-21T15:15:00+00:00,-981107,5658.320
51426,2014-03-21T15:30:00+00:00,-980207,5658.294
51426,2014-03-21T15:45:00+00:00,-979307,5658.274
51426,2014-03-21T16:00:00+00:00,-978407,5658.261
51426,2014-03-21T16:15:00+00:00,-977507,5658.253
51426,2014-03-21T16:30:00+00:00,-976607,5658.250
51426,2014-03-21T16:45:00+00:00,-975707,5658.255
51426,2014-03-21T17:00:00+00:00,-974807,5658.266
51426,2014-03-21T17:15:00+00:00,-973907,5658.287
51426,2014-03-21T17:30:00+00:00,-973007,5658.317
51426,2014-03-21T17:45:00+00:00,-972107,5658.348
51426,2014-03-21T18:00:00+00:00,-971207,5658.392
51426,2014-03-21T18:15:00+00:00,-970307,5658.437
51426,2014-03-21T18:30:00+00:00,-969407,5658.488
51426,2014-03-21T18:45:00+00:00,-968507,5658.546
51426,2014-03-21T19:00:00+00:00,-967607,5658.602
51426,2014-03-21T19:15:00+00:00,-966707,5658.660
51426,2014-03-21T19:30:00+00:00,-965807,5658.721
51426,2014-03-21T19:45:00+00:00,-964907,5658.780
51426,2014-03-21T20:00:00+00:00,-964007,5658.835
51426,2014-03-21T20:15:00+00:00,-963107,5658.894
51426,2014-03-21T20:30:00+00:00,-962207,5658.947
51426,2014-03-21T20:45:00+00:00,-961307,5658.995
51426,2014-03-21T21:00:00+00:00,-960407,5659.040
51426,2014-03-21T21:15:00+00:00,-959507,5659.081
51426,2014-03-21T21:30:00+00:00,-958607,5659.115
51426,2014-03-21T21:45:00+00:00,-957707,5659.142
51426,2014-03-21T22:00:00+00:00,-956807,5659.162
51426,2014-03-21T22:15:00+00:00,-955907,5659.173
51426,2014-03-21T22:30:00+00:00,-955007,5659.177
51426,2014-03-21T22:45:00+00:00,-954107,5659.174
51426,2014-03-21T23:00:00+00:00,-953207,5659.168
51426,2014-03-21T23:15:00+00:00,-952307,5659.150
51426,2014-03-21T23:30:00+00:00,-951407,5659.128
51426,2014-03-21T23:45:00+00:00,-950507,5659.100
51426,2014-03-22T00:00:00+00:00,-949607,5659.068
51426,2014-03-22T00:15:00+00:00,-948707,5659.024
51426,2014-03-22T00:30:00+00:00,-947807,5658.977
51426,2014-03-22T00:45:00+00:00,-946907,5658.927
51426,2014-03-22T01:00:00+00:00,-946007,5658.873
51426,2014-03-22T01:15:00+00:00,-945107,5658.813
51426,2014-03-22T01:30:00+00:00,-944207,5658.755
51426,2014-03-22T01:45:00+00:00,-943307,5658.696
51426,2014-03-22T02:00:00+00:00,-942407,5658.635
51426,2014-03-22T02:15:00+00:00,-941507,5658.577
51426,2014-03-22T02:30:00+00:00,-940607,5658.520
51426,2014-03-22T02:45:00+00:00,-939707,5658.464
51426,2014-03-22T03:00:00+00:00,-938807,5658.415
51426,2014-03-22T03:15:00+00:00,-937907,5658.367
51426,2014-03-22T03:30:00+00:00,-937007,5658.326
51426,2014-03-22T03:45:00+00:00,-936107,5658.291
51426,2014-03-22T04:00:00+00:00,-935207,5658.260
51426,2014-03-22T04:15:00+00:00,-934307,5658.236
51426,2014-03-22T04:30:00+00:00,-933407,5658.218
51426,2014-03-22T04:45:00+00:00,-932507,5658.209
51426,2014-03-22T05:00:00+00:00,-931607,5658.207
51426,2014-03-22T05:15:00+00:00,-930707,5658.211
51426,2014-03-22T05:30:00+00:00,-929807,5658.222
51426,2014-03-22T05:45:00+00:00,-928907,5658.241
51426,2014-03-22T06:00:00+00:00,-928007,5658.267
51426,2014-03-22T06:15:00+00:00,-927107,5658.298
51426,2014-03-22T06:30:00+00:00,-926207,5658.336
51426,2014-03-22T06:45:00+00:00,-925307,5658.378
51426,2014-03-22T07:00:00+00:00,-924407,5658.429
51426,2014-03-22T07:15:00+00:00,-923507,5658.483
51426,2014-03-22T07:30:00+00:00,-922607,5658.538
51426,2014-03-22T07:45:00+00:00,-921707,5658.595
51426,2014-03-22T08:00:00+00:00,-920807,5658.654
51426,2014-03-22T08:15:00+00:00,-919907,5658.710
51426,2014-03-22T08:30:00+00:00,-919007,5658.767
51426,2014-03-22T08:45:00+00:00,-918107,5658.822
51426,2014-03-22T09:00:00+00:00,-917207,5658.872
51426,2014-03-22T09:15:00+00:00,-916307,5658.921
51426,2014-03-22T09:30:00+00:00,-915407,5658.963
51426,2014-03-22T09:45:00+00:00,-914507,5659.002
51426,2014-03-22T10:00:00+00:00,-913607,5659.034
51426,2014-03-22T10:15:00+00:00,-912707,5659.064
51426,2014-03-22T10:30:00+00:00,-911807,5659.085
51426,2014-03-22T10:45:00+00:00,-910907,5659.100
51426,2014-03-22T11:00:00+00:00,-910007,5659.110
51426,2014-03-22T11:15:00+00:00,-909107,5659.111
51426,2014-03-22T11:30:00+00:00,-908207,5659.104
51426,2014-03-22T11:45:00+00:00,-907307,5659.091
51426,2014-03-22T12:00:00+00:00,-906407,5659.071
51426,2014-03-22T12:15:00+00:00,-905507,5659.046
51426,2014-03-22T12:30:00+00:00,-904607,5659.012
51426,2014-03-22T12:45:00+00:00,-903707,5658.971
51426,2014-03-22T13:00:00+00:00,-902807,5658.928
51426,2014-03-22T13:15:00+00:00,-901907,5658.881
51426,2014-03-22T13:30:00+00:00,-901007,5658.829
51426,2014-03-22T13:45:00+00:00,-900107,5658.776
51426,2014-03-22T14:00:00+00:00,-899207,5658.721
51426,2014-03-22T14:15:00+00:00,-898307,5658.666
51426,2014-03-22T14:30:00+00:00,-897407,5658.609
51426,2014-03-22T14:45:00+00:00,-896507,5658.556
51426,2014-03-22T15:00:00+00:00,-895607,5658.506
51426,2014-03-22T15:15:00+00:00,-894707,5658.455
51426,2014-03-22T15:30:00+00:00,-893807,5658.411
51426,2014-03-22T15:45:00+00:00,-892907,5658.373
51426,2014-03-22T16:00:00+00:00,-892007,5658.341
51426,2014-03-22T16:15:00+00:00,-891107,5658.312
51426,2014-03-22T16:30:00+00:00,-890207,5658.289
51426,2014-03-22T16:45:00+00:00,-889307,5658.275
51426,2014-03-22T17:00:00+00:00,-888407,5658.267
51426,2014-03-22T17:15:00+00:00,-887507,5658.265
51426,2014-03-22T17:30:00+00:00,-886607,5658.272
51426,2014-03-22T17:45:00+00:00,-885707,5658.283
51426,2014-03-22T18:00:00+00:00,-884807,5658.302
51426,2014-03-22T18:15:00+00:00,-883907,5658.333
51426,2014-03-22T18:30:00+00:00,-883007,5658.365
51426,2014-03-22T18:45:00+00:00,-882107,5658.405
51426,2014-03-22T19:00:00+00:00,-881207,5658.449
51426,2014-03-22T19:15:00+00:00,-880307,5658.499
51426,2014-03-22T19:30:00+00:00,-879407,5658.551
51426,2014-03-22T19:45:00+00:00,-878507,5658.609
51426,2014-03-22T20:00:00+00:00,-877607,5658.668
51426,2014-03-22T20:15:00+00:00,-876707,5658.726
51426,2014-03-22T20:30:00+00:00,-875807,5658.787
51426,2014-03-22T20:45:00+00:00,-874907,5658.845
51426,2014-03-22T21:00:00+00:00,-874007,5658.900
51426,2014-03-22T21:15:00+00:00,-873107,5658.957
51426,2014-03-22T21:30:00+00:00,-872207,5659.005
51426,2014-03-22T21:45:00+00:00,-871307,5659.047
51426,2014-03-22T22:00:00+00:00,-870407,5659.085
51426,2014-03-22T22:15:00+00:00,-869507,5659.118
51426,2014-03-22T22:30:00+00:00,-868607,5659.144
51426,2014-03-22T22:45:00+00:00,-867707,5659.165
51426,2014-03-22T23:00:00+00:00,-866807,5659.179
51426,2014-03-22T23:15:00+00:00,-865907,5659.183
51426,2014-03-22T23:30:00+00:00,-865007,5659.184
51426,2014-03-22T23:45:00+00:00,-864107,5659.174
51426,2014-03-23T00:00:00+00:00,-863207,5659.159
51426,2014-03-23T00:15:00+00:00,-862307,5659.135
51426,2014-03-23T00:30:00+00:00,-861407,5659.107
51426,2014-03-23T00:45:00+00:00,-860507,5659.071
51426,2014-03-23T01:00:00+00:00,-859607,5659.028
51426,2014-03-23T01:15:00+00:00,-858707,5658.983
51426,2014-03-23T01:30:00+00:00,-857807,5658.934
51426,2014-03-23T01:45:00+00:00,-856907,5658.880
51426,2014-03-23T02:00:00+00:00,-856007,5658.823
51426,2014-03-23T02:15:00+00:00,-855107,5658.768
51426,2014-03-23T02:30:00+00:00,-854207,5658.708
51426,2014-03-23T02:45:00+00:00,-853307,5658.650
51426,2014-03-23T03:00:00+00:00,-852407,5658.593
51426,2014-03-23T03:15:00+00:00,-851507,5658.533
51426,2014-03-23T03:30:00+00:00,-850607,5658.477
51426,2014-03-23T03:45:00+00:00,-849707,5658.428
51426,2014-03-23T04:00:00+00:00,-848807,5658.379
51426,2014-03-23T04:15:00+00:00,-847907,5658.338
51426,2014-03-23T04:30:00+00:00,-847007,5658.300
51426,2014-03-23T04:45:00+00:00,-846107,5658.272
51426,2014-03-23T05:00:00+00:00,-845207,5658.250
51426,2014-03-23T05:15:00+00:00,-844307,5658.235
51426,2014-03-23T05:30:00+00:00,-843407,5658.226
51426,2014-03-23T05:45:00+00:00,-842507,5658.224
51426,2014-03-23T06:00:00+00:00,-841607,5658.227
51426,2014-03-23T06:15:00+00:00,-840707,5658.239
51426,2014-03-23T06:30:00+00:00,-839807,5658.256
51426,2014-03-23T06:45:00+00:00,-838907,5658.282
51426,2014-03-23T07:00:00+00:00,-838007,5658.312
51426,2014-03-23T07:15:00+00:00,-837107,5658.348
51426,2014-03-23T07:30:00+00:00,-836207,5658.390
51426,2014-03-23T07:45:00+00:00,-835307,5658.438
51426,2014-03-23T08:00:00+00:00,-834407,5658.489
51426,2014-03-23T08:15:00+00:00,-833507,5658.542
51426,2014-03-23T08:30:00+00:00,-832607,5658.594
51426,2014-03-23T08:45:00+00:00,-831707,5658.650
51426,2014-03-23T09:00:00+00:00,-830807,5658.702
51426,2014-03-23T09:15:00+00:00,-829907,5658.759
51426,2014-03-23T09:30:00+00:00,-829007,5658.809
51426,2014-03-23T09:45:00+00:00,-828107,5658.859
51426,2014-03-23T10:00:00+00:00,-827207,5658.908
51426,2014-03-23T10:15:00+00:00,-826307,5658.952
51426,2014-03-23T10:30:00+00:00,-825407,5658.990
51426,2014-03-23T10:45:00+00:00,-824507,5659.026
51426,2014-03-23T11:00:00+00:00,-823607,5659.053
51426,2014-03-23T11:15:00+00:00,-822707,5659.075
51426,2014-03-23T11:30:00+00:00,-821807,5659.091
51426,2014-03-23T11:45:00+00:00,-820907,5659.100
51426,2014-03-23T12:00:00+00:00,-820007,5659.103
51426,2014-03-23T12:15:00+00:00,-819107,5659.100
51426,2014-03-23T12:30:00+00:00,-818207,5659.088
51426,2014-03-23T12:45:00+00:00,-817307,5659.071
51426,2014-03-23T13:00:00+00:00,-816407,5659.045
51426,2014-03-23T13:15:00+00:00,-815507,5659.015
51426,2014-03-23T13:30:00+00:00,-814607,5658.979
51426,2014-03-23T13:45:00+00:00,-813707,5658.939
51426,2014-03-23T14:00:00+00:00,-812807,5658.893
51426,2014-03-23T14:15:00+00:00,-811907,5658.845
51426,2014-03-23T14:30:00+00:00,-811007,5658.795
51426,2014-03-23T14:45:00+00:00,-810107,5658.741
51426,2014-03-23T15:00:00+00:00,-809207,5658.688
51426,2014-03-23T15:15:00+00:00,-808307,5658.635
51426,2014-03-23T15:30:00+00:00,-807407,5658.584
51426,2014-03-23T15:45:00+00:00,-806507,5658.535
51426,2014-03-23T16:00:00+00:00,-805607,5658.487
51426,2014-03-23T16:15:00+00:00,-804707,5658.444
51426,2014-03-23T16:30:00+00:00,-803807,5658.404
51426,2014-03-23T16:45:00+00:00,-802907,5658.370
51426,2014-03-23T17:00:00+00:00,-802007,5658.342
51426,2014-03-23T17:15:00+00:00,-801107,5658.318
51426,2014-03-23T17:30:00+00:00,-800207,5658.303
51426,2014-03-23T17:45:00+00:00,-799307,5658.295
51426,2014-03-23T18:00:00+00:00,-798407,5658.292
51426,2014-03-23T18:15:00+00:00,-797507,5658.296
51426,2014-03-23T18:30:00+00:00,-796607,5658.309
51426,2014-03-23T18:45:00+00:00,-795707,5658.331
51426,2014-03-23T19:00:00+00:00,-794807,5658.357
51426,2014-03-23T19:15:00+00:00,-793907,5658.388
51426,2014-03-23T19:30:00+00:00,-793007,5658.426
51426,2014-03-23T19:45:00+00:00,-792107,5658.469
51426,2014-03-23T20:00:00+00:00,-791207,5658.517
51426,2014-03-23T20:15:00+00:00,-790307,5658.568
51426,2014-03-23T20:30:00+00:00,-789407,5658.622
51426,2014-03-23T20:45:00+00:00,-788507,5658.680
51426,2014-03-23T21:00:00+00:00,-787607,5658.736
51426,2014-03-23T21:15:00+00:00,-786707,5658.792
51426,2014-03-23T21:30:00+00:00,-785807,5658.849
51426,2014-03-23T21:45:00+00:00,-784907,5658.902
51426,2014-03-23T22:00:00+00:00,-784007,5658.952
51426,2014-03-23T22:15:00+00:00,-783107,5658.998
51426,2014-03-23T22:30:00+00:00,-782207,5659.042
51426,2014-03-23T22:45:00+00:00,-781307,5659.080
51426,2014-03-23T23:00:00+00:00,-780407,5659.113
51426,2014-03-23T23:15:00+00:00,-779507,5659.141
51426,2014-03-23T23:30:00+00:00,-778607,5659.160
51426,2014-03-23T23:45:00+00:00,-777707,5659.175
51426,2014-03-24T00:00:00+00:00,-776807,5659.182
51426,2014-03-24T00:15:00+00:00,-775907,5659.185
51426,2014-03-24T00:30:00+00:00,-775007,5659.178
51426,2014-03-24T00:45:00+00:00,-774107,5659.164
51426,2014-03-24T01:00:00+00:00,-773207,5659.143
51426,2014-03-24T01:15:00+00:00,-772307,5659.118
51426,2014-03-24T01:30:00+00:00,-771407,5659.086
51426,2014-03-24T01:45:00+00:00,-770507,5659.048
51426,2014-03-24T02:00:00+00:00,-769607,5659.007
51426,2014-03-24T02:15:00+00:00,-768707,5658.960
51426,2014-03-24T02:30:00+00:00,-767807,5658.910
51426,2014-03-24T02:45:00+00:00,-766907,5658.858
51426,2014-03-24T03:00:00+00:00,-766007,5658.803
51426,2014-03-24T03:15:00+00:00,-765107,5658.746
51426,2014-03-24T03:30:00+00:00,-764207,5658.692
51426,2014-03-24T03:45:00+00:00,-763307,5658.633
51426,2014-03-24T04:00:00+00:00,-762407,5658.577
51426,2014-03-24T04:15:00+00:00,-761507,5658.524
51426,2014-03-24T04:30:00+00:00,-760607,5658.474
51426,2014-03-24T04:45:00+00:00,-759707,5658.428
51426,2014-03-24T05:00:00+00:00,-758807,5658.387
51426,2014-03-24T05:15:00+00:00,-757907,5658.350
51426,2014-03-24T05:30:00+00:00,-757007,5658.322
51426,2014-03-24T05:45:00+00:00,-756107,5658.296
51426,2014-03-24T06:00:00+00:00,-755207,5658.278
51426,2014-03-24T06:15:00+00:00,-754307,5658.263
51426,2014-03-24T06:30:00+00:00,-753407,5658.260
51426,2014-03-24T06:45:00+00:00,-752507,5658.260
51426,2014-03-24T07:00:00+00:00,-751607,5658.268
51426,2014-03-24T07:15:00+00:00,-750707,5658.285
51426,2014-03-24T07:30:00+00:00,-749807,5658.304
51426,2014-03-24T07:45:00+00:00,-748907,5658.332
51426,2014-03-24T08:00:00+00:00,-748007,5658.362
51426,2014-03-24T08:15:00+00:00,-747107,5658.400
51426,2014-03-24T08:30:00+00:00,-746207,5658.442
51426,2014-03-24T08:45:00+00:00,-745307,5658.486
51426,2014-03-24T09:00:00+00:00,-744407,5658.533
51426,2014-03-24T09:15:00+00:00,-743507,5658.583
51426,2014-03-24T09:30:00+00:00,-742607,5658.634
51426,2014-03-24T09:45:00+00:00,-741707,5658.686
51426,2014-03-24T10:00:00+00:00,-740807,5658.741
51426,2014-03-24T10:15:00+00:00,-739907,5658.794
51426,2014-03-24T10:30:00+00:00,-739007,5658.844
51426,2014-03-24T10:45:00+00:00,-738107,5658.894
51426,2014-03-24T11:00:00+00:00,-737207,5658.938
51426,2014-03-24T11:15:00+00:00,-736307,5658.979
51426,2014-03-24T11:30:00+00:00,-735407,5659.014
51426,2014-03-24T11:45:00+00:00,-734507,5659.045
51426,2014-03-24T12:00:00+00:00,-733607,5659.069
51426,2014-03-24T12:15:00+00:00,-732707,5659.088
51426,2014-03-24T12:30:00+00:00,-731807,5659.098
51426,2014-03-24T12:45:00+00:00,-730907,5659.105
51426,2014-03-24T13:00:00+00:00,-730007,5659.105
51426,2014-03-24T13:15:00+00:00,-729107,5659.096
51426,2014-03-24T13:30:00+00:00,-728207,5659.081
51426,2014-03-24T13:45:00+00:00,-727307,5659.062
51426,2014-03-24T14:00:00+00:00,-726407,5659.035
51426,2014-03-24T14:15:00+00:00,-725507,5659.003
51426,2014-03-24T14:30:00+00:00,-724607,5658.965
51426,2014-03-24T14:45:00+00:00,-723707,5658.924
51426,2014-03-24T15:00:00+00:00,-722807,5658.881
51426,2014-03-24T15:15:00+00:00,-721907,5658.834
51426,2014-03-24T15:30:00+00:00,-721007,5658.784
51426,2014-03-24T15:45:00+00:00,-720107,5658.735
51426,2014-03-24T16:00:00+00:00,-719207,5658.685
51426,2014-03-24T16:15:00+00:00,-718307,5658.635
51426,2014-03-24T16:30:00+00:00,-717407,5658.587
51426,2014-03-24T16:45:00+00:00,-716507,5658.540
51426,2014-03-24T17:00:00+00:00,-715607,5658.496
51426,2014-03-24T17:15:00+00:00,-714707,5658.456
51426,2014-03-24T17:30:00+00:00,-713807,5658.421
51426,2014-03-24T17:45:00+00:00,-712907,5658.391
51426,2014-03-24T18:00:00+00:00,-712007,5658.365
51426,2014-03-24T18:15:00+00:00,-711107,5658.348
51426,2014-03-24T18:30:00+00:00,-710207,5658.335
51426,2014-03-24T18:45:00+00:00,-709307,5658.330
51426,2014-03-24T19:00:00+00:00,-708407,5658.331
51426,2014-03-24T19:15:00+00:00,-707507,5658.341
51426,2014-03-24T19:30:00+00:00,-706607,5658.355
51426,2014-03-24T19:45:00+00:00,-705707,5658.375
51426,2014-03-24T20:00:00+00:00,-704807,5658.401
51426,2014-03-24T20:15:00+00:00,-703907,5658.431
51426,2014-03-24T20:30:00+00:00,-703007,5658.469
51426,2014-03-24T20:45:00+00:00,-702107,5658.510
51426,2014-03-24T21:00:00+00:00,-701207,5658.555
51426,2014-03-24T21:15:00+00:00,-700307,5658.607
51426,2014-03-24T21:30:00+00:00,-699407,5658.659
51426,2014-03-24T21:45:00+00:00,-698507,5658.712
51426,2014-03-24T22:00:00+00:00,-697607,5658.766
51426,2014-03-24T22:15:00+00:00,-696707,5658.821
51426,2014-03-24T22:30:00+00:00,-695807,5658.873
51426,2014-03-24T22:45:00+00:00,-694907,5658.923
51426,2014-03-24T23:00:00+00:00,-694007,5658.970
51426,2014-03-24T23:15:00+00:00,-693107,5659.012
51426,2014-03-24T23:30:00+00:00,-692207,5659.053
51426,2014-03-24T23:45:00+00:00,-691307,5659.087
51426,2014-03-25T00:00:00+00:00,-690407,5659.118
51426,2014-03-25T00:15:00+00:00,-689507,5659.143
51426,2014-03-25T00:30:00+00:00,-688607,5659.163
51426,2014-03-25T00:45:00+00:00,-687707,5659.177
51426,2014-03-25T01:00:00+00:00,-686807,5659.182
51426,2014-03-25T01:15:00+00:00,-685907,5659.179
51426,2014-03-25T01:30:00+00:00,-685007,5659.172
51426,2014-03-25T01:45:00+00:00,-684107,5659.158
51426,2014-03-25T02:00:00+00:00,-683207,5659.136
51426,2014-03-25T02:15:00+00:00,-682307,5659.109
51426,2014-03-25T02:30:00+00:00,-681407,5659.080
51426,2014-03-25T02:45:00+00:00,-680507,5659.045
51426,2014-03-25T03:00:00+00:00,-679607,5659.004
51426,2014-03-25T03:15:00+00:00,-678707,5658.959
51426,2014-03-25T03:30:00+00:00,-677807,5658.911
51426,2014-03-25T03:45:00+00:00,-676907,5658.857
51426,2014-03-25T04:00:00+00:00,-676007,5658.805
51426,2014-03-25T04:15:00+00:00,-675107,5658.751
51426,2014-03-25T04:30:00+00:00,-674207,5658.696
51426,2014-03-25T04:45:00+00:00,-673307,5658.643
51426,2014-03-25T05:00:00+00:00,-672407,5658.590
51426,2014-03-25T05:15:00+00:00,-671507,5658.542
51426,2014-03-25T05:30:00+00:00,-670607,5658.497
51426,2014-03-25T05:45:00+00:00,-669707,5658.451
51426,2014-03-25T06:00:00+00:00,-668807,5658.413
51426,2014-03-25T06:15:00+00:00,-667907,5658.380
51426,2014-03-25T06:30:00+00:00,-667007,5658.352
51426,2014-03-25T06:45:00+00:00,-666107,5658.331
51426,2014-03-25T07:00:00+00:00,-665207,5658.313
51426,2014-03-25T07:15:00+00:00,-664307,5658.302
51426,2014-03-25T07:30:00+00:00,-663407,5658.299
51426,2014-03-25T07:45:00+00:00,-662507,5658.303
51426,2014-03-25T08:00:00+00:00,-661607,5658.309
51426,2014-03-25T08:15:00+00:00,-660707,5658.322
51426,2014-03-25T08:30:00+00:00,-659807,5658.340
51426,2014-03-25T08:45:00+00:00,-658907,5658.364
51426,2014-03-25T09:00:00+00:00,-658007,5658.392
51426,2014-03-25T09:15:00+00:00,-657107,5658.425
51426,2014-03-25T09:30:00+00:00,-656207,5658.465
51426,2014-03-25T09:45:00+00:00,-655307,5658.508
51426,2014-03-25T10:00:00+00:00,-654407,5658.553
51426,2014-03-25T10:15:00+00:00,-653507,5658.600
51426,2014-03-25T10:30:00+00:00,-652607,5658.651
51426,2014-03-25T10:45:00+00:00,-651707,5658.703
51426,2014-03-25T11:00:00+00:00,-650807,5658.753
51426,2014-03-25T11:15:00+00:00,-649907,5658.805
51426,2014-03-25T11:30:00+00:00,-649007,5658.853
51426,2014-03-25T11:45:00+00:00,-648107,5658.900
51426,2014-03-25T12:00:00+00:00,-647207,5658.943
51426,2014-03-25T12:15:00+00:00,-646307,5658.979
51426,2014-03-25T12:30:00+00:00,-645407,5659.014
51426,2014-03-25T12:45:00+00:00,-644507,5659.043
51426,2014-03-25T13:00:00+00:00,-643607,5659.065
51426,2014-03-25T13:15:00+00:00,-642707,5659.079
51426,2014-03-25T13:30:00+00:00,-641807,5659.090
51426,2014-03-25T13:45:00+00:00,-640907,5659.093
51426,2014-03-25T14:00:00+00:00,-640007,5659.092
51426,2014-03-25T14:15:00+00:00,-639107,5659.081
51426,2014-03-25T14:30:00+00:00,-638207,5659.066
51426,2014-03-25T14:45:00+00:00,-637307,5659.044
51426,2014-03-25T15:00:00+00:00,-636407,5659.018
51426,2014-03-25T15:15:00+00:00,-635507,5658.988
51426,2014-03-25T15:30:00+00:00,-634607,5658.954
51426,2014-03-25T15:45:00+00:00,-633707,5658.915
51426,2014-03-25T16:00:00+00:00,-632807,5658.874
51426,2014-03-25T16:15:00+00:00,-631907,5658.829
51426,2014-03-25T16:30:00+00:00,-631007,5658.779
51426,2014-03-25T16:45:00+00:00,-630107,5658.732
51426,2014-03-25T17:00:00+00:00,-629207,5658.684
51426,2014-03-25T17:15:00+00:00,-628307,5658.637
51426,2014-03-25T17:30:00+00:00,-627407,5658.593
51426,2014-03-25T17:45:00+00:00,-626507,5658.549
51426,2014-03-25T18:00:00+00:00,-625607,5658.506
51426,2014-03-25T18:15:00+00:00,-624707,5658.468
51426,2014-03-25T18:30:00+00:00,-623807,5658.436
51426,2014-03-25T18:45:00+00:00,-622907,5658.407
51426,2014-03-25T19:00:00+00:00,-622007,5658.383
51426,2014-03-25T19:15:00+00:00,-621107,5658.366
51426,2014-03-25T19:30:00+00:00,-620207,5658.354
51426,2014-03-25T19:45:00+00:00,-619307,5658.348
51426,2014-03-25T20:00:00+00:00,-618407,5658.347
51426,2014-03-25T20:15:00+00:00,-617507,5658.354
51426,2014-03-25T20:30:00+00:00,-616607,5658.366
51426,2014-03-25T20:45:00+00:00,-615707,5658.383
51426,2014-03-25T21:00:00+00:00,-614807,5658.409
51426,2014-03-25T21:15:00+00:00,-613907,5658.441
51426,2014-03-25T21:30:00+00:00,-613007,5658.475
51426,2014-03-25T21:45:00+00:00,-612107,5658.514
51426,2014-03-25T22:00:00+00:00,-611207,5658.557
51426,2014-03-25T22:15:00+00:00,-610307,5658.602
51426,2014-03-25T22:30:00+00:00,-609407,5658.654
51426,2014-03-25T22:45:00+00:00,-608507,5658.701
51426,2014-03-25T23:00:00+00:00,-607607,5658.751
51426,2014-03-25T23:15:00+00:00,-606707,5658.802
51426,2014-03-25T23:30:00+00:00,-605807,5658.850
51426,2014-03-25T23:45:00+00:00,-604907,5658.898
51426,2014-03-26T00:00:00+00:00,-604007,5658.945
51426,2014-03-26T00:15:00+00:00,-603107,5658.990
51426,2014-03-26T00:30:00+00:00,-602207,5659.029
51426,2014-03-26T00:45:00+00:00,-601307,5659.065
51426,2014-03-26T01:00:00+00:00,-600407,5659.095
51426,2014-03-26T01:15:00+00:00,-599507,5659.119
51426,2014-03-26T01:30:00+00:00,-598607,5659.136
51426,2014-03-26T01:45:00+00:00,-597707,5659.148
51426,2014-03-26T02:00:00+00:00,-596807,5659.155
51426,2014-03-26T02:15:00+00:00,-595907,5659.155
51426,2014-03-26T02:30:00+00:00,-595007,5659.149
51426,2014-03-26T02:45:00+00:00,-594107,5659.138
51426,2014-03-26T03:00:00+00:00,-593207,5659.118
51426,2014-03-26T03:15:00+00:00,-592307,5659.097
51426,2014-03-26T03:30:00+00:00,-591407,5659.065
51426,2014-03-26T03:45:00+00:00,-590507,5659.028
51426,2014-03-26T04:00:00+00:00,-589607,5658.992
51426,2014-03-26T04:15:00+00:00,-588707,5658.951
51426,2014-03-26T04:30:00+00:00,-587807,5658.906
51426,2014-03-26T04:45:00+00:00,-586907,5658.855
51426,2014-03-26T05:00:00+00:00,-586007,5658.805
51426,2014-03-26T05:15:00+00:00,-585107,5658.752
51426,2014-03-26T05:30:00+00:00,-584207,5658.701
51426,2014-03-26T05:45:00+00:00,-583307,5658.651
51426,2014-03-26T06:00:00+00:00,-582407,5658.599
51426,2014-03-26T06:15:00+00:00,-581507,5658.550
51426,2014-03-26T06:30:00+00:00,-580607,5658.506
51426,2014-03-26T06:45:00+00:00,-579707,5658.464
51426,2014-03-26T07:00:00+00:00,-578807,5658.426
51426,2014-03-26T07:15:00+00:00,-577907,5658.394
51426,2014-03-26T07:30:00+00:00,-577007,5658.365
51426,2014-03-26T07:45:00+00:00,-576107,5658.344
51426,2014-03-26T08:00:00+00:00,-575207,5658.326
51426,2014-03-26T08:15:00+00:00,-574307,5658.315
51426,2014-03-26T08:30:00+00:00,-573407,5658.312
51426,2014-03-26T08:45:00+00:00,-572507,5658.314
51426,2014-03-26T09:00:00+00:00,-571607,5658.318
51426,2014-03-26T09:15:00+00:00,-570707,5658.330
51426,2014-03-26T09:30:00+00:00,-569807,5658.349
51426,2014-03-26T09:45:00+00:00,-568907,5658.372
51426,2014-03-26T10:00:00+00:00,-568007,5658.403
51426,2014-03-26T10:15:00+00:00,-567107,5658.435
51426,2014-03-26T10:30:00+00:00,-566207,5658.473
51426,2014-03-26T10:45:00+00:00,-565307,5658.516
51426,2014-03-26T11:00:00+00:00,-564407,5658.561
51426,2014-03-26T11:15:00+00:00,-563507,5658.611
51426,2014-03-26T11:30:00+00:00,-562607,5658.659
51426,2014-03-26T11:45:00+00:00,-561707,5658.710
51426,2014-03-26T12:00:00+00:00,-560807,5658.760
51426,2014-03-26T12:15:00+00:00,-559907,5658.810
51426,2014-03-26T12:30:00+00:00,-559007,5658.857
51426,2014-03-26T12:45:00+00:00,-558107,5658.906
51426,2014-03-26T13:00:00+00:00,-557207,5658.947
51426,2014-03-26T13:15:00+00:00,-556307,5658.987
51426,2014-03-26T13:30:00+00:00,-555407,5659.022
51426,2014-03-26T13:45:00+00:00,-554507,5659.050
51426,2014-03-26T14:00:00+00:00,-553607,5659.072
51426,2014-03-26T14:15:00+00:00,-552707,5659.089
51426,2014-03-26T14:30:00+00:00,-551807,5659.100
51426,2014-03-26T14:45:00+00:00,-550907,5659.104
51426,2014-03-26T15:00:00+00:00,-550007,5659.104
51426,2014-03-26T15:15:00+00:00,-549107,5659.096
51426,2014-03-26T15:30:00+00:00,-548207,5659.081
51426,2014-03-26T15:45:00+00:00,-547307,5659.064
51426,2014-03-26T16:00:00+00:00,-546407,5659.040
51426,2014-03-26T16:15:00+00:00,-545507,5659.013
51426,2014-03-26T16:30:00+00:00,-544607,5658.980
51426,2014-03-26T16:45:00+00:00,-543707,5658.942
51426,2014-03-26T17:00:00+00:00,-542807,5658.901
51426,2014-03-26T17:15:00+00:00,-541907,5658.857
51426,2014-03-26T17:30:00+00:00,-541007,5658.811
51426,2014-03-26T17:45:00+00:00,-540107,5658.764
51426,2014-03-26T18:00:00+00:00,-539207,5658.716
51426,2014-03-26T18:15:00+00:00,-538307,5658.667
51426,2014-03-26T18:30:00+00:00,-537407,5658.620
51426,2014-03-26T18:45:00+00:00,-536507,5658.575
51426,2014-03-26T19:00:00+00:00,-535607,5658.531
51426,2014-03-26T19:15:00+00:00,-534707,5658.493
51426,2014-03-26T19:30:00+00:00,-533807,5658.458
51426,2014-03-26T19:45:00+00:00,-532907,5658.426
51426,2014-03-26T20:00:00+00:00,-532007,5658.400
51426,2014-03-26T20:15:00+00:00,-531107,5658.380
51426,2014-03-26T20:30:00+00:00,-530207,5658.366
51426,2014-03-26T20:45:00+00:00,-529307,5658.357
51426,2014-03-26T21:00:00+00:00,-528407,5658.355
51426,2014-03-26T21:15:00+00:00,-527507,5658.359
51426,2014-03-26T21:30:00+00:00,-526607,5658.366
51426,2014-03-26T21:45:00+00:00,-525707,5658.382
51426,2014-03-26T22:00:00+00:00,-524807,5658.407
51426,2014-03-26T22:15:00+00:00,-523907,5658.433
51426,2014-03-26T22:30:00+00:00,-523007,5658.466
51426,2014-03-26T22:45:00+00:00,-522107,5658.500
51426,2014-03-26T23:00:00+00:00,-521207,5658.541
51426,2014-03-26T23:15:00+00:00,-520307,5658.585
51426,2014-03-26T23:30:00+00:00,-519407,5658.633
51426,2014-03-26T23:45:00+00:00,-518507,5658.682
51426,2014-03-27T00:00:00+00:00,-517607,5658.732
51426,2014-03-27T00:15:00+00:00,-516707,5658.784
51426,2014-03-27T00:30:00+00:00,-515807,5658.837
51426,2014-03-27T00:45:00+00:00,-514907,5658.888
51426,2014-03-27T01:00:00+00:00,-514007,5658.936
51426,2014-03-27T01:15:00+00:00,-513107,5658.980
51426,2014-03-27T01:30:00+00:00,-512207,5659.023
51426,2014-03-27T01:45:00+00:00,-511307,5659.058
51426,2014-03-27T02:00:00+00:00,-510407,5659.091
51426,2014-03-27T02:15:00+00:00,-509507,5659.119
51426,2014-03-27T02:30:00+00:00,-508607,5659.141
51426,2014-03-27T02:45:00+00:00,-507707,5659.158
51426,2014-03-27T03:00:00+00:00,-506807,5659.167
51426,2014-03-27T03:15:00+00:00,-505907,5659.169
51426,2014-03-27T03:30:00+00:00,-505007,5659.169
51426,2014-03-27T03:45:00+00:00,-504107,5659.155
51426,2014-03-27T04:00:00+00:00,-503207,5659.136
51426,2014-03-27T04:15:00+00:00,-502307,5659.113
51426,2014-03-27T04:30:00+00:00,-501407,5659.087
51426,2014-03-27T04:45:00+00:00,-500507,5659.052
51426,2014-03-27T05:00:00+00:00,-499607,5659.014
51426,2014-03-27T05:15:00+00:00,-498707,5658.975
51426,2014-03-27T05:30:00+00:00,-497807,5658.932
51426,2014-03-27T05:45:00+00:00,-496907,5658.884
51426,2014-03-27T06:00:00+00:00,-496007,5658.836
51426,2014-03-27T06:15:00+00:00,-495107,5658.785
51426,2014-03-27T06:30:00+00:00,-494207,5658.733
51426,2014-03-27T06:45:00+00:00,-493307,5658.679
51426,2014-03-27T07:00:00+00:00,-492407,5658.630
51426,2014-03-27T07:15:00+00:00,-491507,5658.583
51426,2014-03-27T07:30:00+00:00,-490607,5658.536
51426,2014-03-27T07:45:00+00:00,-489707,5658.493
51426,2014-03-27T08:00:00+00:00,-488807,5658.454
51426,2014-03-27T08:15:00+00:00,-487907,5658.420
51426,2014-03-27T08:30:00+00:00,-487007,5658.389
51426,2014-03-27T08:45:00+00:00,-486107,5658.363
51426,2014-03-27T09:00:00+00:00,-485207,5658.344
51426,2014-03-27T09:15:00+00:00,-484307,5658.330
51426,2014-03-27T09:30:00+00:00,-483407,5658.323
51426,2014-03-27T09:45:00+00:00,-482507,5658.321
51426,2014-03-27T10:00:00+00:00,-481607,5658.327
51426,2014-03-27T10:15:00+00:00,-480707,5658.339
51426,2014-03-27T10:30:00+00:00,-479807,5658.358
51426,2014-03-27T10:45:00+00:00,-478907,5658.382
51426,2014-03-27T11:00:00+00:00,-478007,5658.412
51426,2014-03-27T11:15:00+00:00,-477107,5658.447
51426,2014-03-27T11:30:00+00:00,-476207,5658.486
51426,2014-03-27T11:45:00+00:00,-475307,5658.529
51426,2014-03-27T12:00:00+00:00,-474407,5658.574
51426,2014-03-27T12:15:00+00:00,-473507,5658.623
51426,2014-03-27T12:30:00+00:00,-472607,5658.673
51426,2014-03-27T12:45:00+00:00,-471707,5658.723
51426,2014-03-27T13:00:00+00:00,-470807,5658.776
51426,2014-03-27T13:15:00+00:00,-469907,5658.826
51426,2014-03-27T13:30:00+00:00,-469007,5658.876
51426,2014-03-27T13:45:00+00:00,-468107,5658.922
51426,2014-03-27T14:00:00+00:00,-467207,5658.966
51426,2014-03-27T14:15:00+00:00,-466307,5659.008
51426,2014-03-27T14:30:00+00:00,-465407,5659.044
51426,2014-03-27T14:45:00+00:00,-464507,5659.075
51426,2014-03-27T15:00:00+00:00,-463607,5659.101
51426,2014-03-27T15:15:00+00:00,-462707,5659.122
51426,2014-03-27T15:30:00+00:00,-461807,5659.136
51426,2014-03-27T15:45:00+00:00,-460907,5659.147
51426,2014-03-27T16:00:00+00:00,-460007,5659.150
51426,2014-03-27T16:15:00+00:00,-459107,5659.147
51426,2014-03-27T16:30:00+00:00,-458207,5659.136
51426,2014-03-27T16:45:00+00:00,-457307,5659.118
51426,2014-03-27T17:00:00+00:00,-456407,5659.096
51426,2014-03-27T17:15:00+00:00,-455507,5659.069
51426,2014-03-27T17:30:00+00:00,-454607,5659.035
51426,2014-03-27T17:45:00+00:00,-453707,5658.999
51426,2014-03-27T18:00:00+00:00,-452807,5658.956
51426,2014-03-27T18:15:00+00:00,-451907,5658.910
51426,2014-03-27T18:30:00+00:00,-451007,5658.862
51426,2014-03-27T18:45:00+00:00,-450107,5658.813
51426,2014-03-27T19:00:00+00:00,-449207,5658.764
51426,2014-03-27T19:15:00+00:00,-448307,5658.715
51426,2014-03-27T19:30:00+00:00,-447407,5658.665
51426,2014-03-27T19:45:00+00:00,-446507,5658.613
51426,2014-03-27T20:00:00+00:00,-445607,5658.565
51426,2014-03-27T20:15:00+00:00,-444707,5658.520
51426,2014-03-27T20:30:00+00:00,-443807,5658.479
51426,2014-03-27T20:45:00+00:00,-442907,5658.442
51426,2014-03-27T21:00:00+00:00,-442007,5658.412
51426,2014-03-27T21:15:00+00:00,-441107,5658.386
51426,2014-03-27T21:30:00+00:00,-440207,5658.368
51426,2014-03-27T21:45:00+00:00,-439307,5658.355
51426,2014-03-27T22:00:00+00:00,-438407,5658.349
51426,2014-03-27T22:15:00+00:00,-437507,5658.350
51426,2014-03-27T22:30:00+00:00,-436607,5658.355
51426,2014-03-27T22:45:00+00:00,-435707,5658.367
51426,2014-03-27T23:00:00+00:00,-434807,5658.385
51426,2014-03-27T23:15:00+00:00,-433907,5658.411
51426,2014-03-27T23:30:00+00:00,-433007,5658.441
51426,2014-03-27T23:45:00+00:00,-432107,5658.478
51426,2014-03-28T00:00:00+00:00,-431207,5658.520
51426,2014-03-28T00:15:00+00:00,-430307,5658.565
51426,2014-03-28T00:30:00+00:00,-429407,5658.613
51426,2014-03-28T00:45:00+00:00,-428507,5658.665
51426,2014-03-28T01:00:00+00:00,-427607,5658.717
51426,2014-03-28T01:15:00+00:00,-426707,5658.770
51426,2014-03-28T01:30:00+00:00,-425807,5658.822
51426,2014-03-28T01:45:00+00:00,-424907,5658.876
51426,2014-03-28T02:00:00+00:00,-424007,5658.927
51426,2014-03-28T02:15:00+00:00,-423107,5658.975
51426,2014-03-28T02:30:00+00:00,-422207,5659.022
51426,2014-03-28T02:45:00+00:00,-421307,5659.067
51426,2014-03-28T03:00:00+00:00,-420407,5659.103
51426,2014-03-28T03:15:00+00:00,-419507,5659.136
51426,2014-03-28T03:30:00+00:00,-418607,5659.160
51426,2014-03-28T03:45:00+00:00,-417707,5659.179
51426,2014-03-28T04:00:00+00:00,-416807,5659.189
51426,2014-03-28T04:15:00+00:00,-415907,5659.195
51426,2014-03-28T04:30:00+00:00,-415007,5659.191
51426,2014-03-28T04:45:00+00:00,-414107,5659.183
51426,2014-03-28T05:00:00+00:00,-413207,5659.169
51426,2014-03-28T05:15:00+00:00,-412307,5659.148
51426,2014-03-28T05:30:00+00:00,-411407,5659.123
51426,2014-03-28T05:45:00+00:00,-410507,5659.091
51426,2014-03-28T06:00:00+00:00,-409607,5659.055
51426,2014-03-28T06:15:00+00:00,-408707,5659.014
51426,2014-03-28T06:30:00+00:00,-407807,5658.969
51426,2014-03-28T06:45:00+00:00,-406907,5658.922
51426,2014-03-28T07:00:00+00:00,-406007,5658.873
51426,2014-03-28T07:15:00+00:00,-405107,5658.823
51426,2014-03-28T07:30:00+00:00,-404207,5658.768
51426,2014-03-28T07:45:00+00:00,-403307,5658.715
51426,2014-03-28T08:00:00+00:00,-402407,5658.660
51426,2014-03-28T08:15:00+00:00,-401507,5658.609
51426,2014-03-28T08:30:00+00:00,-400607,5658.558
51426,2014-03-28T08:45:00+00:00,-399707,5658.512
51426,2014-03-28T09:00:00+00:00,-398807,5658.465
51426,2014-03-28T09:15:00+00:00,-397907,5658.428
51426,2014-03-28T09:30:00+00:00,-397007,5658.395
51426,2014-03-28T09:45:00+00:00,-396107,5658.366
51426,2014-03-28T10:00:00+00:00,-395207,5658.344
51426,2014-03-28T10:15:00+00:00,-394307,5658.329
51426,2014-03-28T10:30:00+00:00,-393407,5658.316
51426,2014-03-28T10:45:00+00:00,-392507,5658.313
51426,2014-03-28T11:00:00+00:00,-391607,5658.320
51426,2014-03-28T11:15:00+00:00,-390707,5658.331
51426,2014-03-28T11:30:00+00:00,-389807,5658.350
51426,2014-03-28T11:45:00+00:00,-388907,5658.373
51426,2014-03-28T12:00:00+00:00,-388007,5658.399
51426,2014-03-28T12:15:00+00:00,-387107,5658.432
51426,2014-03-28T12:30:00+00:00,-386207,5658.471
51426,2014-03-28T12:45:00+00:00,-385307,5658.513
51426,2014-03-28T13:00:00+00:00,-384407,5658.559
51426,2014-03-28T13:15:00+00:00,-383507,5658.608
51426,2014-03-28T13:30:00+00:00,-382607,5658.661
51426,2014-03-28T13:45:00+00:00,-381707,5658.717
51426,2014-03-28T14:00:00+00:00,-380807,5658.772
51426,2014-03-28T14:15:00+00:00,-379907,5658.826
51426,2014-03-28T14:30:00+00:00,-379007,5658.881
51426,2014-03-28T14:45:00+00:00,-378107,5658.931
51426,2014-03-28T15:00:00+00:00,-377207,5658.979
51426,2014-03-28T15:15:00+00:00,-376307,5659.024
51426,2014-03-28T15:30:00+00:00,-375407,5659.069
51426,2014-03-28T15:45:00+00:00,-374507,5659.106
51426,2014-03-28T16:00:00+00:00,-373607,5659.136
51426,2014-03-28T16:15:00+00:00,-372707,5659.161
51426,2014-03-28T16:30:00+00:00,-371807,5659.182
51426,2014-03-28T16:45:00+00:00,-370907,5659.194
51426,2014-03-28T17:00:00+00:00,-370007,5659.198
51426,2014-03-28T17:15:00+00:00,-369107,5659.194
51426,2014-03-28T17:30:00+00:00,-368207,5659.183
51426,2014-03-28T17:45:00+00:00,-367307,5659.165
51426,2014-03-28T18:00:00+00:00,-366407,5659.144
51426,2014-03-28T18:15:00+00:00,-365507,5659.113
51426,2014-03-28T18:30:00+00:00,-364607,5659.077
51426,2014-03-28T18:45:00+00:00,-363707,5659.034
51426,2014-03-28T19:00:00+00:00,-362807,5658.991
51426,2014-03-28T19:15:00+00:00,-361907,5658.941
51426,2014-03-28T19:30:00+00:00,-361007,5658.888
51426,2014-03-28T19:45:00+00:00,-360107,5658.833
51426,2014-03-28T20:00:00+00:00,-359207,5658.776
51426,2014-03-28T20:15:00+00:00,-358307,5658.718
51426,2014-03-28T20:30:00+00:00,-357407,5658.662
51426,2014-03-28T20:45:00+00:00,-356507,5658.606
51426,2014-03-28T21:00:00+00:00,-355607,5658.554
51426,2014-03-28T21:15:00+00:00,-354707,5658.506
51426,2014-03-28T21:30:00+00:00,-353807,5658.458
51426,2014-03-28T21:45:00+00:00,-352907,5658.419
51426,2014-03-28T22:00:00+00:00,-352007,5658.382
51426,2014-03-28T22:15:00+00:00,-351107,5658.351
51426,2014-03-28T22:30:00+00:00,-350207,5658.326
51426,2014-03-28T22:45:00+00:00,-349307,5658.305
51426,2014-03-28T23:00:00+00:00,-348407,5658.292
51426,2014-03-28T23:15:00+00:00,-347507,5658.289
51426,2014-03-28T23:30:00+00:00,-346607,5658.294
51426,2014-03-28T23:45:00+00:00,-345707,5658.306
51426,2014-03-29T00:00:00+00:00,-344807,5658.325
51426,2014-03-29T00:15:00+00:00,-343907,5658.351
51426,2014-03-29T00:30:00+00:00,-343007,5658.381
51426,2014-03-29T00:45:00+00:00,-342107,5658.419
51426,2014-03-29T01:00:00+00:00,-341207,5658.463
51426,2014-03-29T01:15:00+00:00,-340307,5658.510
51426,2014-03-29T01:30:00+00:00,-339407,5658.560
51426,2014-03-29T01:45:00+00:00,-338507,5658.613
51426,2014-03-29T02:00:00+00:00,-337607,5658.670
51426,2014-03-29T02:15:00+00:00,-336707,5658.729
51426,2014-03-29T02:30:00+00:00,-335807,5658.785
51426,2014-03-29T02:45:00+00:00,-334907,5658.842
51426,2014-03-29T03:00:00+00:00,-334007,5658.900
51426,2014-03-29T03:15:00+00:00,-333107,5658.955
51426,2014-03-29T03:30:00+00:00,-332207,5659.004
51426,2014-03-29T03:45:00+00:00,-331307,5659.048
51426,2014-03-29T04:00:00+00:00,-330407,5659.091
51426,2014-03-29T04:15:00+00:00,-329507,5659.128
51426,2014-03-29T04:30:00+00:00,-328607,5659.157
51426,2014-03-29T04:45:00+00:00,-327707,5659.179
51426,2014-03-29T05:00:00+00:00,-326807,5659.197
51426,2014-03-29T05:15:00+00:00,-325907,5659.205
51426,2014-03-29T05:30:00+00:00,-325007,5659.206
51426,2014-03-29T05:45:00+00:00,-324107,5659.201
51426,2014-03-29T06:00:00+00:00,-323207,5659.187
51426,2014-03-29T06:15:00+00:00,-322307,5659.167
51426,2014-03-29T06:30:00+00:00,-321407,5659.140
51426,2014-03-29T06:45:00+00:00,-320507,5659.109
51426,2014-03-29T07:00:00+00:00,-319607,5659.071
51426,2014-03-29T07:15:00+00:00,-318707,5659.030
51426,2014-03-29T07:30:00+00:00,-317807,5658.983
51426,2014-03-29T07:45:00+00:00,-316907,5658.933
51426,2014-03-29T08:00:00+00:00,-316007,5658.878
51426,2014-03-29T08:15:00+00:00,-315107,5658.821
51426,2014-03-29T08:30:00+00:00,-314207,5658.764
51426,2014-03-29T08:45:00+00:00,-313307,5658.705
51426,2014-03-29T09:00:00+00:00,-312407,5658.648
51426,2014-03-29T09:15:00+00:00,-311507,5658.590
51426,2014-03-29T09:30:00+00:00,-310607,5658.536
51426,2014-03-29T09:45:00+00:00,-309707,5658.482
51426,2014-03-29T10:00:00+00:00,-308807,5658.436
51426,2014-03-29T10:15:00+00:00,-307907,5658.394
51426,2014-03-29T10:30:00+00:00,-307007,5658.358
51426,2014-03-29T10:45:00+00:00,-306107,5658.326
51426,2014-03-29T11:00:00+00:00,-305207,5658.301
51426,2014-03-29T11:15:00+00:00,-304307,5658.284
51426,2014-03-29T11:30:00+00:00,-303407,5658.274
51426,2014-03-29T11:45:00+00:00,-302507,5658.274
51426,2014-03-29T12:00:00+00:00,-301607,5658.273
51426,2014-03-29T12:15:00+00:00,-300707,5658.283
51426,2014-03-29T12:30:00+00:00,-299807,5658.299
51426,2014-03-29T12:45:00+00:00,-298907,5658.322
51426,2014-03-29T13:00:00+00:00,-298007,5658.355
51426,2014-03-29T13:15:00+00:00,-297107,5658.391
51426,2014-03-29T13:30:00+00:00,-296207,5658.433
51426,2014-03-29T13:45:00+00:00,-295307,5658.480
51426,2014-03-29T14:00:00+00:00,-294407,5658.531
51426,2014-03-29T14:15:00+00:00,-293507,5658.585
51426,2014-03-29T14:30:00+00:00,-292607,5658.642
51426,2014-03-29T14:45:00+00:00,-291707,5658.701
51426,2014-03-29T15:00:00+00:00,-290807,5658.758
51426,2014-03-29T15:15:00+00:00,-289907,5658.820
51426,2014-03-29T15:30:00+00:00,-289007,5658.881
51426,2014-03-29T15:45:00+00:00,-288107,5658.938
51426,2014-03-29T16:00:00+00:00,-287207,5658.994
51426,2014-03-29T16:15:00+00:00,-286307,5659.046
51426,2014-03-29T16:30:00+00:00,-285407,5659.093
51426,2014-03-29T16:45:00+00:00,-284507,5659.132
51426,2014-03-29T17:00:00+00:00,-283607,5659.166
51426,2014-03-29T17:15:00+00:00,-282707,5659.194
51426,2014-03-29T17:30:00+00:00,-281807,5659.213
51426,2014-03-29T17:45:00+00:00,-280907,5659.223
51426,2014-03-29T18:00:00+00:00,-280007,5659.226
51426,2014-03-29T18:15:00+00:00,-279107,5659.221
51426,2014-03-29T18:30:00+00:00,-278207,5659.211
51426,2014-03-29T18:45:00+00:00,-277307,5659.194
51426,2014-03-29T19:00:00+00:00,-276407,5659.168
51426,2014-03-29T19:15:00+00:00,-275507,5659.137
51426,2014-03-29T19:30:00+00:00,-274607,5659.100
51426,2014-03-29T19:45:00+00:00,-273707,5659.053
51426,2014-03-29T20:00:00+00:00,-272807,5659.005
51426,2014-03-29T20:15:00+00:00,-271907,5658.949
51426,2014-03-29T20:30:00+00:00,-271007,5658.890
51426,2014-03-29T20:45:00+00:00,-270107,5658.826
51426,2014-03-29T21:00:00+00:00,-269207,5658.763
51426,2014-03-29T21:15:00+00:00,-268307,5658.700
51426,2014-03-29T21:30:00+00:00,-267407,5658.638
51426,2014-03-29T21:45:00+00:00,-266507,5658.572
51426,2014-03-29T22:00:00+00:00,-265607,5658.509
51426,2014-03-29T22:15:00+00:00,-264707,5658.455
51426,2014-03-29T22:30:00+00:00,-263807,5658.405
51426,2014-03-29T22:45:00+00:00,-262907,5658.356
51426,2014-03-29T23:00:00+00:00,-262007,5658.314
51426,2014-03-29T23:15:00+00:00,-261107,5658.280
51426,2014-03-29T23:30:00+00:00,-260207,5658.253
51426,2014-03-29T23:45:00+00:00,-259307,5658.233
51426,2014-03-30T00:00:00+00:00,-258407,5658.221
51426,2014-03-30T00:15:00+00:00,-257507,5658.219
51426,2014-03-30T00:30:00+00:00,-256607,5658.222
51426,2014-03-30T00:45:00+00:00,-255707,5658.231
51426,2014-03-30T01:00:00+00:00,-254807,5658.250
51426,2014-03-30T01:15:00+00:00,-253907,5658.276
51426,2014-03-30T01:30:00+00:00,-253007,5658.308
51426,2014-03-30T01:45:00+00:00,-252107,5658.344
51426,2014-03-30T02:00:00+00:00,-251207,5658.391
51426,2014-03-30T02:15:00+00:00,-250307,5658.440
51426,2014-03-30T02:30:00+00:00,-249407,5658.495
51426,2014-03-30T02:45:00+00:00,-248507,5658.556
51426,2014-03-30T03:00:00+00:00,-247607,5658.619
51426,2014-03-30T03:15:00+00:00,-246707,5658.683
51426,2014-03-30T03:30:00+00:00,-245807,5658.745
51426,2014-03-30T03:45:00+00:00,-244907,5658.809
51426,2014-03-30T04:00:00+00:00,-244007,5658.868
51426,2014-03-30T04:15:00+00:00,-243107,5658.927
51426,2014-03-30T04:30:00+00:00,-242207,5658.980
51426,2014-03-30T04:45:00+00:00,-241307,5659.032
51426,2014-03-30T05:00:00+00:00,-240407,5659.077
51426,2014-03-30T05:15:00+00:00,-239507,5659.117
51426,2014-03-30T05:30:00+00:00,-238607,5659.150
51426,2014-03-30T05:45:00+00:00,-237707,5659.176
51426,2014-03-30T06:00:00+00:00,-236807,5659.192
51426,2014-03-30T06:15:00+00:00,-235907,5659.202
51426,2014-03-30T06:30:00+00:00,-235007,5659.206
51426,2014-03-30T06:45:00+00:00,-234107,5659.199
51426,2014-03-30T07:00:00+00:00,-233207,5659.189
51426,2014-03-30T07:15:00+00:00,-232307,5659.169
51426,2014-03-30T07:30:00+00:00,-231407,5659.141
51426,2014-03-30T07:45:00+00:00,-230507,5659.107
51426,2014-03-30T08:00:00+00:00,-229607,5659.069
51426,2014-03-30T08:15:00+00:00,-228707,5659.019
51426,2014-03-30T08:30:00+00:00,-227807,5658.968
51426,2014-03-30T08:45:00+00:00,-226907,5658.911
51426,2014-03-30T09:00:00+00:00,-226007,5658.852
51426,2014-03-30T09:15:00+00:00,-225107,5658.789
51426,2014-03-30T09:30:00+00:00,-224207,5658.728
51426,2014-03-30T09:45:00+00:00,-223307,5658.667
51426,2014-03-30T10:00:00+00:00,-222407,5658.604
51426,2014-03-30T10:15:00+00:00,-221507,5658.544
51426,2014-03-30T10:30:00+00:00,-220607,5658.487
51426,2014-03-30T10:45:00+00:00,-219707,5658.434
51426,2014-03-30T11:00:00+00:00,-218807,5658.382
51426,2014-03-30T11:15:00+00:00,-217907,5658.339
51426,2014-03-30T11:30:00+00:00,-217007,5658.302
51426,2014-03-30T11:45:00+00:00,-216107,5658.268
51426,2014-03-30T12:00:00+00:00,-215207,5658.241
51426,2014-03-30T12:15:00+00:00,-214307,5658.223
51426,2014-03-30T12:30:00+00:00,-213407,5658.213
51426,2014-03-30T12:45:00+00:00,-212507,5658.212
51426,2014-03-30T13:00:00+00:00,-211607,5658.215
51426,2014-03-30T13:15:00+00:00,-210707,5658.228
51426,2014-03-30T13:30:00+00:00,-209807,5658.248
51426,2014-03-30T13:45:00+00:00,-208907,5658.275
51426,2014-03-30T14:00:00+00:00,-208007,5658.308
51426,2014-03-30T14:15:00+00:00,-207107,5658.350
51426,2014-03-30T14:30:00+00:00,-206207,5658.396
51426,2014-03-30T14:45:00+00:00,-205307,5658.448
51426,2014-03-30T15:00:00+00:00,-204407,5658.504
51426,2014-03-30T15:15:00+00:00,-203507,5658.567
51426,2014-03-30T15:30:00+00:00,-202607,5658.631
51426,2014-03-30T15:45:00+00:00,-201707,5658.698
51426,2014-03-30T16:00:00+00:00,-200807,5658.765
51426,2014-03-30T16:15:00+00:00,-199907,5658.830
51426,2014-03-30T16:30:00+00:00,-199007,5658.893
51426,2014-03-30T16:45:00+00:00,-198107,5658.957
51426,2014-03-30T17:00:00+00:00,-197207,5659.012
51426,2014-03-30T17:15:00+00:00,-196307,5659.065
51426,2014-03-30T17:30:00+00:00,-195407,5659.115
51426,2014-03-30T17:45:00+00:00,-194507,5659.155
51426,2014-03-30T18:00:00+00:00,-193607,5659.190
51426,2014-03-30T18:15:00+00:00,-192707,5659.218
51426,2014-03-30T18:30:00+00:00,-191807,5659.236
51426,2014-03-30T18:45:00+00:00,-190907,5659.245
51426,2014-03-30T19:00:00+00:00,-190007,5659.250
51426,2014-03-30T19:15:00+00:00,-189107,5659.241
51426,2014-03-30T19:30:00+00:00,-188207,5659.226
51426,2014-03-30T19:45:00+00:00,-187307,5659.204
51426,2014-03-30T20:00:00+00:00,-186407,5659.173
51426,2014-03-30T20:15:00+00:00,-185507,5659.132
51426,2014-03-30T20:30:00+00:00,-184607,5659.089
51426,2014-03-30T20:45:00+00:00,-183707,5659.035
51426,2014-03-30T21:00:00+00:00,-182807,5658.978
51426,2014-03-30T21:15:00+00:00,-181907,5658.914
51426,2014-03-30T21:30:00+00:00,-181007,5658.847
51426,2014-03-30T21:45:00+00:00,-180107,5658.779
51426,2014-03-30T22:00:00+00:00,-179207,5658.709
51426,2014-03-30T22:15:00+00:00,-178307,5658.639
51426,2014-03-30T22:30:00+00:00,-177407,5658.569
51426,2014-03-30T22:45:00+00:00,-176507,5658.503
51426,2014-03-30T23:00:00+00:00,-175607,5658.437
51426,2014-03-30T23:15:00+00:00,-174707,5658.376
51426,2014-03-30T23:30:00+00:00,-173807,5658.321
51426,2014-03-30T23:45:00+00:00,-172907,5658.271
51426,2014-03-31T00:00:00+00:00,-172007,5658.228
51426,2014-03-31T00:15:00+00:00,-171107,5658.193
51426,2014-03-31T00:30:00+00:00,-170207,5658.165
51426,2014-03-31T00:45:00+00:00,-169307,5658.144
51426,2014-03-31T01:00:00+00:00,-168407,5658.132
51426,2014-03-31T01:15:00+00:00,-167507,5658.125
51426,2014-03-31T01:30:00+00:00,-166607,5658.133
51426,2014-03-31T01:45:00+00:00,-165707,5658.145
51426,2014-03-31T02:00:00+00:00,-164807,5658.168
51426,2014-03-31T02:15:00+00:00,-163907,5658.198
51426,2014-03-31T02:30:00+00:00,-163007,5658.237
51426,2014-03-31T02:45:00+00:00,-162107,5658.282
51426,2014-03-31T03:00:00+00:00,-161207,5658.333
51426,2014-03-31T03:15:00+00:00,-160307,5658.389
51426,2014-03-31T03:30:00+00:00,-159407,5658.449
51426,2014-03-31T03:45:00+00:00,-158507,5658.513
51426,2014-03-31T04:00:00+00:00,-157607,5658.581
51426,2014-03-31T04:15:00+00:00,-156707,5658.651
51426,2014-03-31T04:30:00+00:00,-155807,5658.717
51426,2014-03-31T04:45:00+00:00,-154907,5658.784
51426,2014-03-31T05:00:00+00:00,-154007,5658.849
51426,2014-03-31T05:15:00+00:00,-153107,5658.915
51426,2014-03-31T05:30:00+00:00,-152207,5658.970
51426,2014-03-31T05:45:00+00:00,-151307,5659.022
51426,2014-03-31T06:00:00+00:00,-150407,5659.067
51426,2014-03-31T06:15:00+00:00,-149507,5659.107
51426,2014-03-31T06:30:00+00:00,-148607,5659.137
51426,2014-03-31T06:45:00+00:00,-147707,5659.164
51426,2014-03-31T07:00:00+00:00,-146807,5659.178
51426,2014-03-31T07:15:00+00:00,-145907,5659.187
51426,2014-03-31T07:30:00+00:00,-145007,5659.191
51426,2014-03-31T07:45:00+00:00,-144107,5659.183
51426,2014-03-31T08:00:00+00:00,-143207,5659.166
51426,2014-03-31T08:15:00+00:00,-142307,5659.139
51426,2014-03-31T08:30:00+00:00,-141407,5659.106
51426,2014-03-31T08:45:00+00:00,-140507,5659.067
51426,2014-03-31T09:00:00+00:00,-139607,5659.020
51426,2014-03-31T09:15:00+00:00,-138707,5658.970
51426,2014-03-31T09:30:00+00:00,-137807,5658.913
51426,2014-03-31T09:45:00+00:00,-136907,5658.856
51426,2014-03-31T10:00:00+00:00,-136007,5658.795
51426,2014-03-31T10:15:00+00:00,-135107,5658.733
51426,2014-03-31T10:30:00+00:00,-134207,5658.668
51426,2014-03-31T10:45:00+00:00,-133307,5658.599
51426,2014-03-31T11:00:00+00:00,-132407,5658.538
51426,2014-03-31T11:15:00+00:00,-131507,5658.478
51426,2014-03-31T11:30:00+00:00,-130607,5658.419
51426,2014-03-31T11:45:00+00:00,-129707,5658.365
51426,2014-03-31T12:00:00+00:00,-128807,5658.317
51426,2014-03-31T12:15:00+00:00,-127907,5658.274
51426,2014-03-31T12:30:00+00:00,-127007,5658.236
51426,2014-03-31T12:45:00+00:00,-126107,5658.207
51426,2014-03-31T13:00:00+00:00,-125207,5658.183
51426,2014-03-31T13:15:00+00:00,-124307,5658.167
51426,2014-03-31T13:30:00+00:00,-123407,5658.160
51426,2014-03-31T13:45:00+00:00,-122507,5658.161
51426,2014-03-31T14:00:00+00:00,-121607,5658.168
51426,2014-03-31T14:15:00+00:00,-120707,5658.185
51426,2014-03-31T14:30:00+00:00,-119807,5658.210
51426,2014-03-31T14:45:00+00:00,-118907,5658.241
51426,2014-03-31T15:00:00+00:00,-118007,5658.282
51426,2014-03-31T15:15:00+00:00,-117107,5658.329
51426,2014-03-31T15:30:00+00:00,-116207,5658.384
51426,2014-03-31T15:45:00+00:00,-115307,5658.445
51426,2014-03-31T16:00:00+00:00,-114407,5658.512
51426,2014-03-31T16:15:00+00:00,-113507,5658.577
51426,2014-03-31T16:30:00+00:00,-112607,5658.647
51426,2014-03-31T16:45:00+00:00,-111707,5658.721
51426,2014-03-31T17:00:00+00:00,-110807,5658.789
51426,2014-03-31T17:15:00+00:00,-109907,5658.859
51426,2014-03-31T17:30:00+00:00,-109007,5658.925
51426,2014-03-31T17:45:00+00:00,-108107,5658.988
51426,2014-03-31T18:00:00+00:00,-107207,5659.047
51426,2014-03-31T18:15:00+00:00,-106307,5659.103
51426,2014-03-31T18:30:00+00:00,-105407,5659.150
51426,2014-03-31T18:45:00+00:00,-104507,5659.188
51426,2014-03-31T19:00:00+00:00,-103607,5659.219
51426,2014-03-31T19:15:00+00:00,-102707,5659.243
51426,2014-03-31T19:30:00+00:00,-101807,5659.257
51426,2014-03-31T19:45:00+00:00,-100907,5659.262
51426,2014-03-31T20:00:00+00:00,-100007,5659.259
51426,2014-03-31T20:15:00+00:00,-99107,5659.246
51426,2014-03-31T20:30:00+00:00,-98207,5659.223
51426,2014-03-31T20:45:00+00:00,-97307,5659.194
51426,2014-03-31T21:00:00+00:00,-96407,5659.155
51426,2014-03-31T21:15:00+00:00,-95507,5659.108
51426,2014-03-31T21:30:00+00:00,-94607,5659.055
51426,2014-03-31T21:45:00+00:00,-93707,5658.997
51426,2014-03-31T22:00:00+00:00,-92807,5658.935
51426,2014-03-31T22:15:00+00:00,-91907,5658.867
51426,2014-03-31T22:30:00+00:00,-91007,5658.800
51426,2014-03-31T22:45:00+00:00,-90107,5658.727
51426,2014-03-31T23:00:00+00:00,-89207,5658.653
51426,2014-03-31T23:15:00+00:00,-88307,5658.579
51426,2014-03-31T23:30:00+00:00,-87407,5658.510
51426,2014-03-31T23:45:00+00:00,-86507,5658.442
51426,2014-04-01T00:00:00+00:00,-85607,5658.379
51426,2014-04-01T00:15:00+00:00,-84707,5658.318
51426,2014-04-01T00:30:00+00:00,-83807,5658.265
51426,2014-04-01T00:45:00+00:00,-82907,5658.217
51426,2014-04-01T01:00:00+00:00,-82007,5658.178
51426,2014-04-01T01:15:00+00:00,-81107,5658.142
51426,2014-04-01T01:30:00+00:00,-80207,5658.117
51426,2014-04-01T01:45:00+00:00,-79307,5658.103
51426,2014-04-01T02:00:00+00:00,-78407,5658.097
51426,2014-04-01T02:15:00+00:00,-77507,5658.098
51426,2014-04-01T02:30:00+00:00,-76607,5658.111
51426,2014-04-01T02:45:00+00:00,-75707,5658.130
51426,2014-04-01T03:00:00+00:00,-74807,5658.159
51426,2014-04-01T03:15:00+00:00,-73907,5658.193
51426,2014-04-01T03:30:00+00:00,-73007,5658.238
51426,2014-04-01T03:45:00+00:00,-72107,5658.287
51426,2014-04-01T04:00:00+00:00,-71207,5658.343
51426,2014-04-01T04:15:00+00:00,-70307,5658.403
51426,2014-04-01T04:30:00+00:00,-69407,5658.467
51426,2014-04-01T04:45:00+00:00,-68507,5658.535
51426,2014-04-01T05:00:00+00:00,-67607,5658.602
51426,2014-04-01T05:15:00+00:00,-66707,5658.673
51426,2014-04-01T05:30:00+00:00,-65807,5658.743
51426,2014-04-01T05:45:00+00:00,-64907,5658.811
51426,2014-04-01T06:00:00+00:00,-64007,5658.876
51426,2014-04-01T06:15:00+00:00,-63107,5658.941
51426,2014-04-01T06:30:00+00:00,-62207,5658.998
51426,2014-04-01T06:45:00+00:00,-61307,5659.047
51426,2014-04-01T07:00:00+00:00,-60407,5659.091
51426,2014-04-01T07:15:00+00:00,-59507,5659.132
51426,2014-04-01T07:30:00+00:00,-58607,5659.163
51426,2014-04-01T07:45:00+00:00,-57707,5659.185
51426,2014-04-01T08:00:00+00:00,-56807,5659.196
51426,2014-04-01T08:15:00+00:00,-55907,5659.200
51426,2014-04-01T08:30:00+00:00,-55007,5659.196
51426,2014-04-01T08:45:00+00:00,-54107,5659.183
51426,2014-04-01T09:00:00+00:00,-53207,5659.163
51426,2014-04-01T09:15:00+00:00,-52307,5659.132
51426,2014-04-01T09:30:00+00:00,-51407,5659.093
51426,2014-04-01T09:45:00+00:00,-50507,5659.047
51426,2014-04-01T10:00:00+00:00,-49607,5658.998
51426,2014-04-01T10:15:00+00:00,-48707,5658.944
51426,2014-04-01T10:30:00+00:00,-47807,5658.883
51426,2014-04-01T10:45:00+00:00,-46907,5658.822
51426,2014-04-01T11:00:00+00:00,-46007,5658.760
51426,2014-04-01T11:15:00+00:00,-45107,5658.695
51426,2014-04-01T11:30:00+00:00,-44207,5658.630
51426,2014-04-01T11:45:00+00:00,-43307,5658.565
51426,2014-04-01T12:00:00+00:00,-42407,5658.502
51426,2014-04-01T12:15:00+00:00,-41507,5658.440
51426,2014-04-01T12:30:00+00:00,-40607,5658.385
51426,2014-04-01T12:45:00+00:00,-39707,5658.336
51426,2014-04-01T13:00:00+00:00,-38807,5658.290
51426,2014-04-01T13:15:00+00:00,-37907,5658.250
51426,2014-04-01T13:30:00+00:00,-37007,5658.218
51426,2014-04-01T13:45:00+00:00,-36107,5658.192
51426,2014-04-01T14:00:00+00:00,-35207,5658.171
51426,2014-04-01T14:15:00+00:00,-34307,5658.162
51426,2014-04-01T14:30:00+00:00,-33407,5658.160
51426,2014-04-01T14:45:00+00:00,-32507,5658.165
51426,2014-04-01T15:00:00+00:00,-31607,5658.179
51426,2014-04-01T15:15:00+00:00,-30707,5658.203
51426,2014-04-01T15:30:00+00:00,-29807,5658.235
51426,2014-04-01T15:45:00+00:00,-28907,5658.277
51426,2014-04-01T16:00:00+00:00,-28007,5658.326
51426,2014-04-01T16:15:00+00:00,-27107,5658.381
51426,2014-04-01T16:30:00+00:00,-26207,5658.438
51426,2014-04-01T16:45:00+00:00,-25307,5658.499
51426,2014-04-01T17:00:00+00:00,-24407,5658.566
51426,2014-04-01T17:15:00+00:00,-23507,5658.633
51426,2014-04-01T17:30:00+00:00,-22607,5658.705
51426,2014-04-01T17:45:00+00:00,-21707,5658.776
51426,2014-04-01T18:00:00+00:00,-20807,5658.844
51426,2014-04-01T18:15:00+00:00,-19907,5658.910
51426,2014-04-01T18:30:00+00:00,-19007,5658.975
51426,2014-04-01T18:45:00+00:00,-18107,5659.038
51426,2014-04-01T19:00:00+00:00,-17207,5659.095
51426,2014-04-01T19:15:00+00:00,-16307,5659.143
51426,2014-04-01T19:30:00+00:00,-15407,5659.184
51426,2014-04-01T19:45:00+00:00,-14507,5659.219
51426,2014-04-01T20:00:00+00:00,-13607,5659.246
51426,2014-04-01T20:15:00+00:00,-12707,5659.263
51426,2014-04-01T20:30:00+00:00,-11807,5659.274
51426,2014-04-01T20:45:00+00:00,-10907,5659.272
51426,2014-04-01T21:00:00+00:00,-10007,5659.262
51426,2014-04-01T21:15:00+00:00,-9107,5659.244
51426,2014-04-01T21:30:00+00:00,-8207,5659.216
51426,2014-04-01T21:45:00+00:00,-7307,5659.181
51426,2014-04-01T22:00:00+00:00,-6407,5659.133
51426,2014-04-01T22:15:00+00:00,-5507,5659.083
51426,2014-04-01T22:30:00+00:00,-4607,5659.026
51426,2014-04-01T22:45:00+00:00,-3707,5658.965
