#YY  MM DD hh mm ss T   HEIGHT
#yr  mo dy hr mn  s -        m
2009 08 29 18 00 00 1 4962.471
2009 08 29 18 15 00 1 4962.437
2009 08 29 18 30 00 1 4962.408
2009 08 29 18 45 00 1 4962.378
2009 08 29 19 00 00 1 4962.352
2009 08 29 19 15 00 1 4962.332
2009 08 29 19 30 00 1 4962.314
2009 08 29 19 45 00 1 4962.303
2009 08 29 20 00 00 1 4962.297
2009 08 29 20 15 00 1 4962.295
2009 08 29 20 30 00 1 4962.298
2009 08 29 20 45 00 1 4962.307
2009 08 29 21 00 00 1 4962.322
2009 08 29 21 15 00 1 4962.338
2009 08 29 21 30 00 1 4962.363
2009 08 29 21 45 00 1 4962.388
2009 08 29 22 00 00 1 4962.416
2009 08 29 22 15 00 1 4962.446
2009 08 29 22 30 00 1 4962.481
2009 08 29 22 45 00 1 4962.520
2009 08 29 23 00 00 1 4962.558
2009 08 29 23 15 00 1 4962.600
2009 08 29 23 30 00 1 4962.638
2009 08 29 23 45 00 1 4962.676
2009 08 30 00 00 00 1 4962.714
2009 08 30 00 15 00 1 4962.747
2009 08 30 00 30 00 1 4962.781
2009 08 30 00 45 00 1 4962.812
2009 08 30 01 00 00 1 4962.839
2009 08 30 01 15 00 1 4962.862
2009 08 30 01 30 00 1 4962.882
2009 08 30 01 45 00 1 4962.893
2009 08 30 02 00 00 1 4962.901
2009 08 30 02 15 00 1 4962.906
2009 08 30 02 30 00 1 4962.903
2009 08 30 02 45 00 1 4962.896
2009 08 30 03 00 00 1 4962.889
2009 08 30 03 15 00 1 4962.874
2009 08 30 03 30 00 1 4962.857
2009 08 30 03 45 00 1 4962.830
2009 08 30 04 00 00 1 4962.803
2009 08 30 04 15 00 1 4962.774
2009 08 30 04 30 00 1 4962.739
2009 08 30 04 45 00 1 4962.704
2009 08 30 05 00 00 1 4962.665
2009 08 30 05 15 00 1 4962.628
2009 08 30 05 30 00 1 4962.591
2009 08 30 05 45 00 1 4962.553
2009 08 30 06 00 00 1 4962.518
2009 08 30 06 15 00 1 4962.485
2009 08 30 06 30 00 1 4962.455
2009 08 30 06 45 00 1 4962.426
2009 08 30 07 00 00 1 4962.405
2009 08 30 07 15 00 1 4962.382
2009 08 30 07 30 00 1 4962.364
2009 08 30 07 45 00 1 4962.355
2009 08 30 08 00 00 1 4962.350
2009 08 30 08 15 00 1 4962.350
2009 08 30 08 30 00 1 4962.357
2009 08 30 08 45 00 1 4962.369
2009 08 30 09 00 00 1 4962.383
2009 08 30 09 15 00 1 4962.403
2009 08 30 09 30 00 1 4962.431
2009 08 30 09 45 00 1 4962.459
2009 08 30 10 00 00 1 4962.495
2009 08 30 10 15 00 1 4962.531
2009 08 30 10 30 00 1 4962.575
2009 08 30 10 45 00 1 4962.619
2009 08 30 11 00 00 1 4962.666
2009 08 30 11 15 00 1 4962.712
2009 08 30 11 30 00 1 4962.760
2009 08 30 11 45 00 1 4962.808
2009 08 30 12 00 00 1 4962.854
2009 08 30 12 15 00 1 4962.896
2009 08 30 12 30 00 1 4962.938
2009 08 30 12 45 00 1 4962.975
2009 08 30 13 00 00 1 4963.012
2009 08 30 13 15 00 1 4963.045
2009 08 30 13 30 00 1 4963.069
2009 08 30 13 45 00 1 4963.087
2009 08 30 14 00 00 1 4963.097
2009 08 30 14 00 00 2 4963.097
2009 08 30 14 01 00 2 4963.097
2009 08 30 14 02 00 2 4963.098
2009 08 30 14 03 00 2 4963.100
2009 08 30 14 04 00 2 4963.099
2009 08 30 14 05 00 2 4963.100
2009 08 30 14 06 00 2 4963.100
2009 08 30 14 07 00 2 4963.100
2009 08 30 14 08 00 2 4963.102
2009 08 30 14 09 00 2 4963.102
2009 08 30 14 10 00 2 4963.103
2009 08 30 14 11 00 2 4963.103
2009 08 30 14 12 00 2 4963.103
2009 08 30 14 13 00 2 4963.103
2009 08 30 14 14 00 2 4963.105
2009 08 30 14 15 00 1 4963.105
2009 08 30 14 15 00 2 4963.105
2009 08 30 14 16 00 2 4963.104
2009 08 30 14 17 00 2 4963.104
2009 08 30 14 18 00 2 4963.104
2009 08 30 14 19 00 2 4963.104
2009 08 30 14 20 00 2 4963.105
2009 08 30 14 21 00 2 4963.105
2009 08 30 14 22 00 2 4963.105
2009 08 30 14 23 00 2 4963.105
2009 08 30 14 24 00 2 4963.106
2009 08 30 14 25 00 2 4963.106
2009 08 30 14 26 00 2 4963.105
2009 08 30 14 27 00 2 4963.106
2009 08 30 14 28 00 2 4963.105
2009 08 30 14 29 00 2 4963.105
2009 08 30 14 30 00 1 4963.105
2009 08 30 14 30 00 2 4963.105
2009 08 30 14 31 00 2 4963.104
2009 08 30 14 32 00 2 4963.104
2009 08 30 14 33 00 2 4963.105
2009 08 30 14 34 00 2 4963.105
2009 08 30 14 35 00 2 4963.106
2009 08 30 14 36 00 2 4963.105
2009 08 30 14 37 00 2 4963.105
2009 08 30 14 38 00 2 4963.105
2009 08 30 14 39 00 2 4963.105
2009 08 30 14 40 00 2 4963.104
2009 08 30 14 41 00 2 4963.104
2009 08 30 14 42 00 2 4963.103
2009 08 30 14 43 00 2 4963.103
2009 08 30 14 44 00 2 4963.103
2009 08 30 14 45 00 1 4963.103
2009 08 30 14 45 00 2 4963.104
2009 08 30 14 46 00 2 4963.102
2009 08 30 14 47 00 2 4963.103
2009 08 30 14 48 00 2 4963.102
2009 08 30 14 49 00 2 4963.101
2009 08 30 14 50 00 2 4963.100
2009 08 30 14 51 00 2 4963.099
2009 08 30 14 52 00 2 4963.098
2009 08 30 14 53 00 2 4963.097
2009 08 30 14 54 00 2 4963.096
2009 08 30 14 55 00 2 4963.096
2009 08 30 14 56 00 2 4963.097
2009 08 30 14 57 00 2 4963.087
2009 08 30 14 58 00 2 4963.094
2009 08 30 14 59 00 2 4963.093
2009 08 30 15 00 00 1 4963.092
2009 08 30 15 00 00 2 4963.088
2009 08 30 15 01 00 2 4963.095
2009 08 30 15 02 00 2 4963.082
2009 08 30 15 03 00 2 4963.090
2009 08 30 15 04 00 2 4963.078
2009 08 30 15 05 00 2 4963.083
2009 08 30 15 05 30 3 4963.074
2009 08 30 15 05 45 3 4963.068
2009 08 30 15 06 00 2 4963.086
2009 08 30 15 06 00 3 4963.115
2009 08 30 15 06 15 3 4963.079
2009 08 30 15 07 00 2 4963.082
2009 08 30 15 08 00 2 4963.085
2009 08 30 15 09 00 2 4963.078
2009 08 30 15 10 00 2 4963.076
2009 08 30 15 11 00 2 4963.081
2009 08 30 15 12 00 2 4963.075
2009 08 30 15 13 00 2 4963.074
2009 08 30 15 14 00 2 4963.073
2009 08 30 15 15 00 1 9999.000
2009 08 30 15 15 00 2 4963.070
2009 08 30 15 16 00 2 4963.070
2009 08 30 15 17 00 2 4963.069
2009 08 30 15 18 00 2 4963.067
2009 08 30 15 19 00 2 4963.066
2009 08 30 15 20 00 2 4963.064
2009 08 30 15 21 00 2 4963.065
2009 08 30 15 22 00 2 4963.059
2009 08 30 15 23 00 2 4963.058
2009 08 30 15 24 00 2 4963.056
2009 08 30 15 25 00 2 4963.056
2009 08 30 15 26 00 2 4963.053
2009 08 30 15 27 00 2 4963.052
2009 08 30 15 28 00 2 4963.050
2009 08 30 15 29 00 2 4963.048
2009 08 30 15 30 00 1 9999.000
2009 08 30 15 30 00 2 4963.045
2009 08 30 15 31 00 2 4963.046
2009 08 30 15 32 00 2 4963.042
2009 08 30 15 33 00 2 4963.039
2009 08 30 15 34 00 2 4963.038
2009 08 30 15 35 00 2 4963.035
2009 08 30 15 36 00 2 4963.033
2009 08 30 15 37 00 2 4963.030
2009 08 30 15 38 00 2 4963.027
2009 08 30 15 39 00 2 4963.026
2009 08 30 15 40 00 2 4963.023
2009 08 30 15 41 00 2 4963.021
2009 08 30 15 42 00 2 4963.020
2009 08 30 15 43 00 2 4963.018
2009 08 30 15 44 00 2 4963.017
2009 08 30 15 45 00 1 9999.000
2009 08 30 15 45 00 2 4963.012
2009 08 30 15 46 00 2 4963.012
2009 08 30 15 47 00 2 4963.011
2009 08 30 15 48 00 2 4963.010
2009 08 30 15 49 00 2 4963.005
2009 08 30 15 50 00 2 4963.003
2009 08 30 15 51 00 2 4963.001
2009 08 30 15 52 00 2 4962.998
2009 08 30 15 53 00 2 4962.995
2009 08 30 15 54 00 2 4962.993
2009 08 30 15 55 00 2 4962.990
2009 08 30 15 56 00 2 4962.989
2009 08 30 15 57 00 2 4962.987
2009 08 30 15 58 00 2 4962.985
2009 08 30 15 59 00 2 4962.983
2009 08 30 16 00 00 1 9999.000
2009 08 30 16 00 00 2 4962.980
2009 08 30 16 01 00 2 4962.975
2009 08 30 16 02 00 2 4962.973
2009 08 30 16 03 00 2 4962.972
2009 08 30 16 04 00 2 4962.968
2009 08 30 16 05 00 2 4962.965
2009 08 30 16 06 00 2 4962.962
2009 08 30 16 07 00 2 4962.960
2009 08 30 16 08 00 2 4962.958
2009 08 30 16 09 00 2 4962.955
2009 08 30 16 10 00 2 4962.952
2009 08 30 16 11 00 2 4962.950
2009 08 30 16 12 00 2 4962.948
2009 08 30 16 13 00 2 4962.945
2009 08 30 16 14 00 2 4962.942
2009 08 30 16 15 00 1 9999.000
2009 08 30 16 15 00 2 4962.939
2009 08 30 16 16 00 2 4962.936
2009 08 30 16 17 00 2 4962.932
2009 08 30 16 18 00 2 4962.929
2009 08 30 16 19 00 2 4962.926
2009 08 30 16 20 00 2 4962.923
2009 08 30 16 21 00 2 4962.921
2009 08 30 16 22 00 2 4962.918
2009 08 30 16 23 00 2 4962.914
2009 08 30 16 24 00 2 4962.912
2009 08 30 16 25 00 2 4962.910
2009 08 30 16 26 00 2 4962.907
2009 08 30 16 27 00 2 4962.904
2009 08 30 16 28 00 2 4962.901
2009 08 30 16 29 00 2 4962.898
2009 08 30 16 30 00 1 9999.000
2009 08 30 16 30 00 2 4962.896
2009 08 30 16 31 00 2 4962.893
2009 08 30 16 32 00 2 4962.890
2009 08 30 16 33 00 2 4962.886
2009 08 30 16 34 00 2 4962.882
2009 08 30 16 35 00 2 4962.879
2009 08 30 16 36 00 2 4962.877
2009 08 30 16 37 00 2 4962.873
2009 08 30 16 38 00 2 4962.870
2009 08 30 16 39 00 2 4962.867
2009 08 30 16 40 00 2 4962.863
2009 08 30 16 41 00 2 4962.859
2009 08 30 16 42 00 2 4962.856
2009 08 30 16 43 00 2 4962.853
2009 08 30 16 44 00 2 4962.851
2009 08 30 16 45 00 1 9999.000
2009 08 30 16 45 00 2 4962.846
2009 08 30 16 46 00 2 4962.844
2009 08 30 16 47 00 2 4962.841
2009 08 30 16 48 00 2 4962.838
2009 08 30 16 49 00 2 4962.835
2009 08 30 16 50 00 2 4962.831
2009 08 30 16 51 00 2 4962.828
2009 08 30 16 52 00 2 4962.825
2009 08 30 16 53 00 2 4962.821
2009 08 30 16 54 00 2 4962.818
2009 08 30 16 55 00 2 4962.815
2009 08 30 16 56 00 2 4962.811
2009 08 30 16 57 00 2 4962.808
2009 08 30 16 58 00 2 4962.805
2009 08 30 16 59 00 2 4962.802
2009 08 30 17 00 00 1 9999.000
2009 08 30 17 00 00 2 4962.798
2009 08 30 17 01 00 2 4962.793
2009 08 30 17 02 00 2 4962.791
2009 08 30 17 03 00 2 4962.788
2009 08 30 17 04 00 2 4962.783
2009 08 30 17 05 00 2 4962.781
2009 08 30 17 06 00 2 4962.777
2009 08 30 17 07 00 2 4962.773
2009 08 30 17 08 00 2 4962.770
2009 08 30 17 09 00 2 4962.767
2009 08 30 17 10 00 2 4962.763
2009 08 30 17 11 00 2 4962.760
2009 08 30 17 12 00 2 4962.756
2009 08 30 17 13 00 2 4962.753
2009 08 30 17 14 00 2 4962.749
2009 08 30 17 15 00 1 9999.000
2009 08 30 17 15 00 2 4962.746
2009 08 30 17 16 00 2 4962.742
2009 08 30 17 17 00 2 4962.739
2009 08 30 17 18 00 2 4962.735
2009 08 30 17 19 00 2 4962.732
2009 08 30 17 20 00 2 4962.729
2009 08 30 17 21 00 2 4962.724
2009 08 30 17 22 00 2 4962.721
2009 08 30 17 23 00 2 4962.718
2009 08 30 17 24 00 2 4962.714
2009 08 30 17 25 00 2 4962.711
2009 08 30 17 26 00 2 4962.708
2009 08 30 17 27 00 2 4962.704
2009 08 30 17 28 00 2 4962.701
2009 08 30 17 29 00 2 4962.697
2009 08 30 17 30 00 1 9999.000
2009 08 30 17 30 00 2 4962.693
2009 08 30 17 31 00 2 4962.689
2009 08 30 17 32 00 2 4962.686
2009 08 30 17 33 00 2 4962.682
2009 08 30 17 34 00 2 4962.678
2009 08 30 17 35 00 2 4962.674
2009 08 30 17 36 00 2 4962.670
2009 08 30 17 37 00 2 4962.666
2009 08 30 17 38 00 2 4962.663
2009 08 30 17 39 00 2 4962.660
2009 08 30 17 40 00 2 4962.657
2009 08 30 17 41 00 2 4962.653
2009 08 30 17 42 00 2 4962.650
2009 08 30 17 43 00 2 4962.646
2009 08 30 17 44 00 2 4962.642
2009 08 30 17 45 00 1 9999.000
2009 08 30 17 45 00 2 4962.638
2009 08 30 17 46 00 2 4962.636
2009 08 30 17 47 00 2 4962.631
2009 08 30 17 48 00 2 4962.627
2009 08 30 17 49 00 2 4962.623
2009 08 30 17 50 00 2 4962.620
2009 08 30 17 51 00 2 4962.616
2009 08 30 17 52 00 2 4962.612
2009 08 30 17 53 00 2 4962.609
2009 08 30 17 54 00 2 4962.604
2009 08 30 17 55 00 2 4962.600
2009 08 30 17 56 00 2 4962.597
2009 08 30 17 57 00 2 4962.595
2009 08 30 17 58 00 2 4962.590
2009 08 30 17 59 00 2 4962.587
2009 08 30 18 00 00 1 9999.000
2009 08 30 18 00 00 2 4962.583
2009 08 30 18 01 00 2 4962.579
2009 08 30 18 02 00 2 4962.576
2009 08 30 18 03 00 2 4962.573
2009 08 30 18 04 00 2 4962.567
2009 08 30 18 05 00 2 4962.564
2009 08 30 18 06 00 2 4962.561
2009 08 30 18 07 00 2 4962.555
2009 08 30 18 08 00 2 4962.553
2009 08 30 18 09 00 2 4962.549
2009 08 30 18 10 00 2 4962.545
2009 08 30 18 11 00 2 4962.542
2009 08 30 18 12 00 2 4962.539
2009 08 30 18 13 00 2 4962.536
2009 08 30 18 14 00 2 4962.532
2009 08 30 18 15 00 1 9999.000
2009 08 30 18 15 00 2 4962.529
2009 08 30 18 16 00 2 4962.525
2009 08 30 18 17 00 2 4962.522
2009 08 30 18 18 00 2 4962.519
2009 08 30 18 19 00 2 4962.516
2009 08 30 18 20 00 2 4962.513
2009 08 30 18 21 00 2 4962.510
2009 08 30 18 22 00 2 4962.505
2009 08 30 18 23 00 2 4962.502
2009 08 30 18 24 00 2 4962.498
2009 08 30 18 25 00 2 4962.494
2009 08 30 18 26 00 2 4962.490
2009 08 30 18 27 00 2 4962.487
2009 08 30 18 28 00 2 4962.483
2009 08 30 18 29 00 2 4962.480
2009 08 30 18 30 00 1 9999.000
2009 08 30 18 30 00 2 4962.477
2009 08 30 18 31 00 2 4962.474
2009 08 30 18 32 00 2 4962.471
2009 08 30 18 33 00 2 4962.467
2009 08 30 18 34 00 2 4962.465
2009 08 30 18 35 00 2 4962.462
2009 08 30 18 36 00 2 4962.459
2009 08 30 18 37 00 2 4962.456
2009 08 30 18 38 00 2 4962.453
2009 08 30 18 39 00 2 4962.449
2009 08 30 18 40 00 2 4962.446
2009 08 30 18 41 00 2 4962.443
2009 08 30 18 42 00 2 4962.441
2009 08 30 18 43 00 2 4962.438
2009 08 30 18 44 00 2 4962.434
2009 08 30 18 45 00 1 9999.000
2009 08 30 18 45 00 2 4962.430
2009 08 30 18 46 00 2 4962.428
2009 08 30 18 47 00 2 4962.425
2009 08 30 18 48 00 2 4962.422
2009 08 30 18 49 00 2 4962.419
2009 08 30 18 50 00 2 4962.416
2009 08 30 18 51 00 2 4962.413
2009 08 30 18 52 00 2 4962.409
2009 08 30 18 53 00 2 4962.407
2009 08 30 18 54 00 2 4962.405
2009 08 30 18 55 00 2 4962.401
2009 08 30 18 56 00 2 4962.398
2009 08 30 18 57 00 2 4962.395
2009 08 30 18 58 00 2 4962.392
2009 08 30 18 59 00 2 4962.390
2009 08 30 19 00 00 1 9999.000
2009 08 30 19 15 00 1 4962.347
2009 08 30 19 30 00 1 4962.311
2009 08 30 19 45 00 1 4962.280
2009 08 30 20 00 00 1 4962.254
2009 08 30 20 15 00 1 4962.237
2009 08 30 20 30 00 1 4962.225
2009 08 30 20 45 00 1 4962.220
2009 08 30 21 00 00 1 4962.223
2009 08 30 21 15 00 1 4962.227
2009 08 30 21 30 00 1 4962.240
2009 08 30 21 45 00 1 4962.258
2009 08 30 22 00 00 1 4962.281
2009 08 30 22 15 00 1 4962.310
2009 08 30 22 30 00 1 4962.345
2009 08 30 22 45 00 1 4962.379
2009 08 30 23 00 00 1 4962.419
2009 08 30 23 15 00 1 4962.463
2009 08 30 23 30 00 1 4962.510
2009 08 30 23 45 00 1 4962.561
2009 08 31 00 00 00 1 4962.612
2009 08 31 00 15 00 1 4962.662
2009 08 31 00 30 00 1 4962.712
2009 08 31 00 45 00 1 4962.763
2009 08 31 01 00 00 1 4962.807
2009 08 31 01 15 00 1 4962.850
2009 08 31 01 30 00 1 4962.884
2009 08 31 01 45 00 1 4962.916
2009 08 31 02 00 00 1 4962.940
2009 08 31 02 15 00 1 4962.960
2009 08 31 02 30 00 1 4962.972
2009 08 31 02 45 00 1 4962.980
2009 08 31 03 00 00 1 4962.984
2009 08 31 03 15 00 1 4962.979
2009 08 31 03 30 00 1 4962.967
2009 08 31 03 45 00 1 4962.954
2009 08 31 04 00 00 1 4962.929
2009 08 31 04 15 00 1 4962.903
2009 08 31 04 30 00 1 4962.870
2009 08 31 04 45 00 1 4962.833
2009 08 31 05 00 00 1 4962.792
2009 08 31 05 15 00 1 4962.746
2009 08 31 05 30 00 1 4962.702
2009 08 31 05 45 00 1 4962.653
2009 08 31 06 00 00 1 4962.604
2009 08 31 06 15 00 1 4962.554
2009 08 31 06 30 00 1 4962.506
2009 08 31 06 45 00 1 4962.461
2009 08 31 07 00 00 1 4962.419
2009 08 31 07 15 00 1 4962.379
2009 08 31 07 30 00 1 4962.343
2009 08 31 07 45 00 1 4962.315
2009 08 31 08 00 00 1 4962.293
2009 08 31 08 15 00 1 4962.275
2009 08 31 08 30 00 1 4962.265
2009 08 31 08 45 00 1 4962.257
2009 08 31 09 00 00 1 4962.258
2009 08 31 09 15 00 1 4962.265
2009 08 31 09 30 00 1 4962.281
2009 08 31 09 45 00 1 4962.303
2009 08 31 10 00 00 1 4962.332
2009 08 31 10 15 00 1 4962.365
2009 08 31 10 30 00 1 4962.404
2009 08 31 10 45 00 1 4962.449
2009 08 31 11 00 00 1 4962.498
2009 08 31 11 15 00 1 4962.550
2009 08 31 11 30 00 1 4962.605
2009 08 31 11 45 00 1 4962.663
2009 08 31 12 00 00 1 4962.723
2009 08 31 12 15 00 1 4962.780
2009 08 31 12 30 00 1 4962.838
2009 08 31 12 45 00 1 4962.895
2009 08 31 13 00 00 1 4962.946
2009 08 31 13 15 00 1 4962.994
2009 08 31 13 30 00 1 4963.039
2009 08 31 13 45 00 1 4963.077
2009 08 31 14 00 00 1 4963.109
2009 08 31 14 15 00 1 4963.136
2009 08 31 14 30 00 1 4963.155
2009 08 31 14 45 00 1 4963.168
2009 08 31 15 00 00 1 4963.174
2009 08 31 15 15 00 1 4963.172
2009 08 31 15 30 00 1 4963.163
2009 08 31 15 45 00 1 4963.145
2009 08 31 16 00 00 1 4963.121
2009 08 31 16 15 00 1 4963.091
2009 08 31 16 30 00 1 4963.053
2009 08 31 16 45 00 1 4963.008
2009 08 31 17 00 00 1 4962.959
2009 08 31 17 15 00 1 4962.906
2009 08 31 17 30 00 1 4962.850
2009 08 31 17 45 00 1 4962.787
2009 08 31 18 00 00 1 4962.722
2009 08 31 18 15 00 1 4962.659
2009 08 31 18 30 00 1 4962.593
2009 08 31 18 45 00 1 4962.527
2009 08 31 19 00 00 1 4962.466
2009 08 31 19 15 00 1 4962.407
2009 08 31 19 30 00 1 4962.353
2009 08 31 19 45 00 1 4962.305
2009 08 31 20 00 00 1 4962.260
2009 08 31 20 15 00 1 4962.223
2009 08 31 20 30 00 1 4962.191
2009 08 31 20 45 00 1 4962.167
2009 08 31 21 00 00 1 4962.151
2009 08 31 21 15 00 1 4962.143
2009 08 31 21 30 00 1 4962.145
2009 08 31 21 45 00 1 4962.149
2009 08 31 22 00 00 1 4962.161
2009 08 31 22 15 00 1 4962.181
2009 08 31 22 30 00 1 4962.209
2009 08 31 22 45 00 1 4962.242
2009 08 31 23 00 00 1 4962.280
2009 08 31 23 15 00 1 4962.325
2009 08 31 23 30 00 1 4962.373
2009 08 31 23 45 00 1 4962.427
2009 09 01 00 00 00 1 4962.483
2009 09 01 00 15 00 1 4962.543
2009 09 01 00 30 00 1 4962.604
2009 09 01 00 45 00 1 4962.666
2009 09 01 01 00 00 1 4962.726
2009 09 01 01 15 00 1 4962.783
2009 09 01 01 30 00 1 4962.839
2009 09 01 01 45 00 1 4962.886
2009 09 01 02 00 00 1 4962.932
2009 09 01 02 15 00 1 4962.973
2009 09 01 02 30 00 1 4963.007
2009 09 01 02 45 00 1 4963.033
2009 09 01 03 00 00 1 4963.055
2009 09 01 03 15 00 1 4963.067
2009 09 01 03 30 00 1 4963.074
2009 09 01 03 45 00 1 4963.072
2009 09 01 04 00 00 1 4963.062
2009 09 01 04 15 00 1 4963.043
2009 09 01 04 30 00 1 4963.018
2009 09 01 04 45 00 1 4962.984
2009 09 01 05 00 00 1 4962.945
2009 09 01 05 15 00 1 4962.900
2009 09 01 05 30 00 1 4962.850
2009 09 01 05 45 00 1 4962.798
2009 09 01 06 00 00 1 4962.741
2009 09 01 06 15 00 1 4962.683
2009 09 01 06 30 00 1 4962.623
2009 09 01 06 45 00 1 4962.563
2009 09 01 07 00 00 1 4962.501
2009 09 01 07 15 00 1 4962.442
2009 09 01 07 30 00 1 4962.388
2009 09 01 07 45 00 1 4962.339
2009 09 01 08 00 00 1 4962.296
2009 09 01 08 15 00 1 4962.257
2009 09 01 08 30 00 1 4962.223
2009 09 01 08 45 00 1 4962.199
2009 09 01 09 00 00 1 4962.183
2009 09 01 09 15 00 1 4962.173
2009 09 01 09 30 00 1 4962.168
2009 09 01 09 45 00 1 4962.176
2009 09 01 10 00 00 1 4962.194
2009 09 01 10 15 00 1 4962.217
2009 09 01 10 30 00 1 4962.248
2009 09 01 10 45 00 1 4962.286
2009 09 01 11 00 00 1 4962.331
2009 09 01 11 15 00 1 4962.382
2009 09 01 11 30 00 1 4962.435
2009 09 01 11 45 00 1 4962.494
2009 09 01 12 00 00 1 4962.556
2009 09 01 12 15 00 1 4962.622
2009 09 01 12 30 00 1 4962.687
2009 09 01 12 45 00 1 4962.755
2009 09 01 13 00 00 1 4962.820
2009 09 01 13 15 00 1 4962.885
2009 09 01 13 30 00 1 4962.946
2009 09 01 13 45 00 1 4963.001
2009 09 01 14 00 00 1 4963.055
2009 09 01 14 15 00 1 4963.103
2009 09 01 14 30 00 1 4963.145
2009 09 01 14 45 00 1 4963.180
2009 09 01 15 00 00 1 4963.206
2009 09 01 15 15 00 1 4963.225
2009 09 01 15 30 00 1 4963.234
2009 09 01 15 45 00 1 4963.234
2009 09 01 16 00 00 1 4963.224
2009 09 01 16 15 00 1 4963.205
2009 09 01 16 30 00 1 4963.178
2009 09 01 16 45 00 1 4963.143
2009 09 01 17 00 00 1 4963.102
2009 09 01 17 15 00 1 4963.053
2009 09 01 17 30 00 1 4962.996
2009 09 01 17 45 00 1 4962.935
2009 09 01 18 00 00 1 4962.870
2009 09 01 18 15 00 1 4962.804
2009 09 01 18 30 00 1 4962.730
2009 09 01 18 45 00 1 4962.659
2009 09 01 19 00 00 1 4962.584
2009 09 01 19 15 00 1 4962.516
2009 09 01 19 30 00 1 4962.446
2009 09 01 19 45 00 1 4962.382
2009 09 01 20 00 00 1 4962.321
2009 09 01 20 15 00 1 4962.265
2009 09 01 20 30 00 1 4962.215
2009 09 01 20 45 00 1 4962.172
2009 09 01 21 00 00 1 4962.138
2009 09 01 21 15 00 1 4962.111
2009 09 01 21 30 00 1 4962.089
2009 09 01 21 45 00 1 4962.079
2009 09 01 22 00 00 1 4962.078
2009 09 01 22 15 00 1 4962.086
2009 09 01 22 30 00 1 4962.100
2009 09 01 22 45 00 1 4962.123
2009 09 01 23 00 00 1 4962.152
2009 09 01 23 15 00 1 4962.191
2009 09 01 23 30 00 1 4962.233
2009 09 01 23 45 00 1 4962.285
2009 09 02 00 00 00 1 4962.344
2009 09 02 00 15 00 1 4962.406
2009 09 02 00 30 00 1 4962.473
2009 09 02 00 45 00 1 4962.542
2009 09 02 01 00 00 1 4962.612
2009 09 02 01 15 00 1 4962.685
2009 09 02 01 30 00 1 4962.752
2009 09 02 01 45 00 1 4962.817
2009 09 02 02 00 00 1 4962.876
2009 09 02 02 15 00 1 4962.932
2009 09 02 02 30 00 1 4962.986
2009 09 02 02 45 00 1 4963.033
2009 09 02 03 00 00 1 4963.072
2009 09 02 03 15 00 1 4963.102
2009 09 02 03 30 00 1 4963.122
2009 09 02 03 45 00 1 4963.132
2009 09 02 04 00 00 1 4963.136
2009 09 02 04 15 00 1 4963.132
2009 09 02 04 30 00 1 4963.121
2009 09 02 04 45 00 1 4963.101
2009 09 02 05 00 00 1 4963.070
2009 09 02 05 15 00 1 4963.032
2009 09 02 05 30 00 1 4962.990
2009 09 02 05 45 00 1 4962.938
2009 09 02 06 00 00 1 4962.882
2009 09 02 06 15 00 1 4962.817
2009 09 02 06 30 00 1 4962.755
2009 09 02 06 45 00 1 4962.687
2009 09 02 07 00 00 1 4962.619
2009 09 02 07 15 00 1 4962.556
2009 09 02 07 30 00 1 4962.491
2009 09 02 07 45 00 1 4962.424
2009 09 02 08 00 00 1 4962.364
2009 09 02 08 15 00 1 4962.307
2009 09 02 08 30 00 1 4962.257
2009 09 02 08 45 00 1 4962.214
2009 09 02 09 00 00 1 4962.177
2009 09 02 09 15 00 1 4962.152
2009 09 02 09 30 00 1 4962.133
2009 09 02 09 45 00 1 4962.120
2009 09 02 10 00 00 1 4962.120
2009 09 02 10 15 00 1 4962.127
2009 09 02 10 30 00 1 4962.144
2009 09 02 10 45 00 1 4962.174
2009 09 02 11 00 00 1 4962.207
2009 09 02 11 15 00 1 4962.248
2009 09 02 11 30 00 1 4962.296
2009 09 02 11 45 00 1 4962.351
2009 09 02 12 00 00 1 4962.413
2009 09 02 12 15 00 1 4962.480
2009 09 02 12 30 00 1 4962.550
2009 09 02 12 45 00 1 4962.624
2009 09 02 13 00 00 1 4962.698
2009 09 02 13 15 00 1 4962.770
2009 09 02 13 30 00 1 4962.846
2009 09 02 13 45 00 1 4962.916
2009 09 02 14 00 00 1 4962.983
2009 09 02 14 15 00 1 4963.049
2009 09 02 14 30 00 1 4963.111
2009 09 02 14 45 00 1 4963.163
2009 09 02 15 00 00 1 4963.209
2009 09 02 15 15 00 1 4963.245
2009 09 02 15 30 00 1 4963.272
2009 09 02 15 45 00 1 4963.287
2009 09 02 16 00 00 1 4963.295
2009 09 02 16 15 00 1 4963.292
2009 09 02 16 30 00 1 4963.282
2009 09 02 16 45 00 1 4963.265
2009 09 02 17 00 00 1 4963.237
2009 09 02 17 15 00 1 4963.199
2009 09 02 17 30 00 1 4963.152
2009 09 02 17 45 00 1 4963.098
2009 09 02 18 00 00 1 4963.038
2009 09 02 18 15 00 1 9999.000
2009 09 02 18 30 00 1 9999.000
2009 09 02 18 45 00 1 9999.000
2009 09 02 19 00 00 1 9999.000
2009 09 02 19 15 00 1 9999.000
2009 09 02 19 30 00 1 9999.000
2009 09 02 19 45 00 1 9999.000
2009 09 02 20 00 00 1 9999.000
2009 09 02 20 15 00 1 9999.000
2009 09 02 20 30 00 1 9999.000
2009 09 02 20 45 00 1 9999.000
2009 09 02 21 00 00 1 9999.000
2009 09 02 21 15 00 1 4962.122
2009 09 02 21 30 00 1 4962.086
2009 09 02 21 45 00 1 4962.057
2009 09 02 22 00 00 1 4962.036
2009 09 02 22 15 00 1 4962.026
2009 09 02 22 30 00 1 4962.023
2009 09 02 22 45 00 1 4962.035
2009 09 02 23 00 00 1 4962.053
2009 09 02 23 15 00 1 4962.083
2009 09 02 23 30 00 1 4962.122
2009 09 02 23 45 00 1 4962.170
2009 09 03 00 00 00 1 4962.225
2009 09 03 00 15 00 1 4962.285
2009 09 03 00 30 00 1 4962.352
2009 09 03 00 45 00 1 4962.425
2009 09 03 01 00 00 1 4962.498
2009 09 03 01 15 00 1 4962.576
2009 09 03 01 30 00 1 4962.653
2009 09 03 01 45 00 1 4962.730
2009 09 03 02 00 00 1 4962.803
2009 09 03 02 15 00 1 4962.878
2009 09 03 02 30 00 1 4962.944
2009 09 03 02 45 00 1 4963.003
2009 09 03 03 00 00 1 4963.059
2009 09 03 03 15 00 1 4963.105
2009 09 03 03 30 00 1 4963.146
2009 09 03 03 45 00 1 4963.178
2009 09 03 04 00 00 1 4963.200
2009 09 03 04 15 00 1 4963.215
2009 09 03 04 30 00 1 4963.216
2009 09 03 04 45 00 1 4963.209
2009 09 03 05 00 00 1 4963.194
2009 09 03 05 15 00 1 4963.168
2009 09 03 05 30 00 1 4963.133
2009 09 03 05 45 00 1 4963.091
2009 09 03 06 00 00 1 4963.039
2009 09 03 06 15 00 1 4962.980
2009 09 03 06 30 00 1 4962.915
2009 09 03 06 45 00 1 4962.847
2009 09 03 07 00 00 1 4962.774
2009 09 03 07 15 00 1 4962.698
2009 09 03 07 30 00 1 4962.622
2009 09 03 07 45 00 1 4962.547
2009 09 03 08 00 00 1 4962.474
2009 09 03 08 15 00 1 4962.404
2009 09 03 08 30 00 1 4962.334
2009 09 03 08 45 00 1 4962.270
2009 09 03 09 00 00 1 4962.214
2009 09 03 09 15 00 1 4962.166
2009 09 03 09 30 00 1 4962.125
2009 09 03 09 45 00 1 4962.094
2009 09 03 10 00 00 1 4962.072
2009 09 03 10 15 00 1 4962.059
2009 09 03 10 30 00 1 4962.061
2009 09 03 10 45 00 1 4962.071
2009 09 03 11 00 00 1 4962.091
2009 09 03 11 15 00 1 4962.121
2009 09 03 11 30 00 1 4962.159
2009 09 03 11 45 00 1 4962.204
2009 09 03 12 00 00 1 4962.257
2009 09 03 12 15 00 1 4962.318
2009 09 03 12 30 00 1 4962.384
2009 09 03 12 45 00 1 4962.457
2009 09 03 13 00 00 1 4962.530
2009 09 03 13 15 00 1 4962.609
2009 09 03 13 30 00 1 4962.689
2009 09 03 13 45 00 1 4962.772
2009 09 03 14 00 00 1 4962.854
2009 09 03 14 15 00 1 4962.934
2009 09 03 14 30 00 1 4963.010
2009 09 03 14 45 00 1 4963.080
2009 09 03 15 00 00 1 4963.145
2009 09 03 15 15 00 1 4963.199
2009 09 03 15 30 00 1 4963.249
2009 09 03 15 45 00 1 4963.289
2009 09 03 16 00 00 1 4963.321
2009 09 03 16 15 00 1 4963.340
2009 09 03 16 30 00 1 4963.349
2009 09 03 16 45 00 1 4963.348
2009 09 03 17 00 00 1 4963.337
2009 09 03 17 15 00 1 4963.313
2009 09 03 17 30 00 1 4963.281
2009 09 03 17 45 00 1 4963.238
2009 09 03 18 00 00 1 4963.187
2009 09 03 18 15 00 1 4963.125
2009 09 03 18 30 00 1 4963.057
2009 09 03 18 45 00 1 4962.984
2009 09 03 19 00 00 1 4962.907
2009 09 03 19 15 00 1 4962.823
2009 09 03 19 30 00 1 4962.739
2009 09 03 19 45 00 1 4962.655
2009 09 03 20 00 00 1 4962.570
2009 09 03 20 15 00 1 4962.490
2009 09 03 20 30 00 1 4962.408
2009 09 03 20 45 00 1 4962.336
2009 09 03 21 00 00 1 4962.265
2009 09 03 21 15 00 1 4962.200
2009 09 03 21 30 00 1 4962.143
2009 09 03 21 45 00 1 4962.094
2009 09 03 22 00 00 1 4962.053
2009 09 03 22 15 00 1 4962.023
2009 09 03 22 30 00 1 4962.005
2009 09 03 22 45 00 1 4961.998
2009 09 03 23 00 00 1 4962.001
2009 09 03 23 15 00 1 4962.014
2009 09 03 23 30 00 1 4962.037
2009 09 03 23 45 00 1 4962.070
2009 09 04 00 00 00 1 4962.110
2009 09 04 00 15 00 1 4962.163
2009 09 04 00 30 00 1 4962.226
2009 09 04 00 45 00 1 4962.293
2009 09 04 01 00 00 1 4962.366
2009 09 04 01 15 00 1 4962.442
2009 09 04 01 30 00 1 4962.520
2009 09 04 01 45 00 1 4962.600
2009 09 04 02 00 00 1 4962.681
2009 09 04 02 15 00 1 4962.763
2009 09 04 02 30 00 1 4962.843
2009 09 04 02 45 00 1 4962.920
2009 09 04 03 00 00 1 4962.990
2009 09 04 03 15 00 1 4963.056
2009 09 04 03 30 00 1 4963.114
2009 09 04 03 45 00 1 4963.164
2009 09 04 04 00 00 1 4963.206
2009 09 04 04 15 00 1 4963.239
2009 09 04 04 30 00 1 4963.260
2009 09 04 04 45 00 1 4963.271
2009 09 04 05 00 00 1 4963.274
2009 09 04 05 15 00 1 4963.265
2009 09 04 05 30 00 1 4963.247
2009 09 04 05 45 00 1 4963.218
2009 09 04 06 00 00 1 4963.177
2009 09 04 06 15 00 1 4963.129
2009 09 04 06 30 00 1 4963.072
2009 09 04 06 45 00 1 4963.006
2009 09 04 07 00 00 1 4962.936
2009 09 04 07 15 00 1 4962.863
2009 09 04 07 30 00 1 4962.785
2009 09 04 07 45 00 1 4962.703
2009 09 04 08 00 00 1 4962.622
2009 09 04 08 15 00 1 4962.541
2009 09 04 08 30 00 1 4962.460
2009 09 04 08 45 00 1 4962.383
2009 09 04 09 00 00 1 4962.309
2009 09 04 09 15 00 1 4962.240
2009 09 04 09 30 00 1 4962.180
2009 09 04 09 45 00 1 4962.131
2009 09 04 10 00 00 1 4962.090
2009 09 04 10 15 00 1 4962.058
2009 09 04 10 30 00 1 4962.038
2009 09 04 10 45 00 1 4962.026
2009 09 04 11 00 00 1 4962.022
2009 09 04 11 15 00 1 4962.031
2009 09 04 11 30 00 1 4962.050
2009 09 04 11 45 00 1 4962.080
2009 09 04 12 00 00 1 4962.120
2009 09 04 12 15 00 1 4962.167
2009 09 04 12 30 00 1 4962.223
2009 09 04 12 45 00 1 4962.286
2009 09 04 13 00 00 1 4962.356
2009 09 04 13 15 00 1 4962.435
2009 09 04 13 30 00 1 4962.515
2009 09 04 13 45 00 1 4962.599
2009 09 04 14 00 00 1 4962.684
2009 09 04 14 15 00 1 4962.768
2009 09 04 14 30 00 1 4962.851
2009 09 04 14 45 00 1 4962.933
2009 09 04 15 00 00 1 4963.011
2009 09 04 15 15 00 1 4963.087
2009 09 04 15 30 00 1 4963.154
2009 09 04 15 45 00 1 4963.213
2009 09 04 16 00 00 1 4963.265
2009 09 04 16 15 00 1 4963.302
2009 09 04 16 30 00 1 4963.331
2009 09 04 16 45 00 1 4963.349
2009 09 04 17 00 00 1 4963.357
2009 09 04 17 15 00 1 4963.352
2009 09 04 17 30 00 1 4963.340
2009 09 04 17 45 00 1 4963.317
2009 09 04 18 00 00 1 4963.281
2009 09 04 18 15 00 1 4963.235
2009 09 04 18 30 00 1 4963.179
2009 09 04 18 45 00 1 4963.120
2009 09 04 19 00 00 1 4963.049
2009 09 04 19 15 00 1 4962.974
2009 09 04 19 30 00 1 4962.893
2009 09 04 19 45 00 1 4962.811
2009 09 04 20 00 00 1 4962.722
2009 09 04 20 15 00 1 4962.636
2009 09 04 20 30 00 1 4962.550
2009 09 04 20 45 00 1 4962.466
2009 09 04 21 00 00 1 4962.384
2009 09 04 21 15 00 1 4962.306
2009 09 04 21 30 00 1 4962.236
2009 09 04 21 45 00 1 4962.168
2009 09 04 22 00 00 1 4962.111
2009 09 04 22 15 00 1 4962.063
2009 09 04 22 30 00 1 4962.023
2009 09 04 22 45 00 1 4961.995
2009 09 04 23 00 00 1 4961.978
2009 09 04 23 15 00 1 4961.971
2009 09 04 23 30 00 1 4961.976
2009 09 04 23 45 00 1 4961.994
2009 09 05 00 00 00 1 4962.019
2009 09 05 00 15 00 1 4962.054
2009 09 05 00 30 00 1 4962.101
2009 09 05 00 45 00 1 4962.156
2009 09 05 01 00 00 1 4962.220
2009 09 05 01 15 00 1 4962.292
2009 09 05 01 30 00 1 4962.371
2009 09 05 01 45 00 1 4962.452
2009 09 05 02 00 00 1 4962.536
2009 09 05 02 15 00 1 4962.618
2009 09 05 02 30 00 1 4962.704
2009 09 05 02 45 00 1 4962.789
2009 09 05 03 00 00 1 4962.869
2009 09 05 03 15 00 1 4962.945
2009 09 05 03 30 00 1 4963.017
2009 09 05 03 45 00 1 4963.084
2009 09 05 04 00 00 1 4963.143
2009 09 05 04 15 00 1 4963.196
2009 09 05 04 30 00 1 4963.236
2009 09 05 04 45 00 1 4963.268
2009 09 05 05 00 00 1 4963.290
2009 09 05 05 15 00 1 4963.303
2009 09 05 05 30 00 1 4963.303
2009 09 05 05 45 00 1 4963.292
2009 09 05 06 00 00 1 4963.268
2009 09 05 06 15 00 1 4963.237
2009 09 05 06 30 00 1 4963.195
2009 09 05 06 45 00 1 4963.144
2009 09 05 07 00 00 1 4963.088
2009 09 05 07 15 00 1 4963.022
2009 09 05 07 30 00 1 4962.949
2009 09 05 07 45 00 1 4962.874
2009 09 05 08 00 00 1 4962.795
2009 09 05 08 15 00 1 4962.712
2009 09 05 08 30 00 1 4962.627
2009 09 05 08 45 00 1 4962.541
2009 09 05 09 00 00 1 4962.460
2009 09 05 09 15 00 1 4962.380
2009 09 05 09 30 00 1 4962.303
2009 09 05 09 45 00 1 4962.234
2009 09 05 10 00 00 1 4962.172
2009 09 05 10 15 00 1 4962.116
2009 09 05 10 30 00 1 4962.072
2009 09 05 10 45 00 1 4962.040
2009 09 05 11 00 00 1 4962.015
2009 09 05 11 15 00 1 4962.000
2009 09 05 11 30 00 1 4961.994
2009 09 05 11 45 00 1 4962.002
2009 09 05 12 00 00 1 4962.023
2009 09 05 12 15 00 1 4962.053
2009 09 05 12 30 00 1 4962.090
2009 09 05 12 45 00 1 4962.137
2009 09 05 13 00 00 1 4962.198
2009 09 05 13 15 00 1 4962.263
2009 09 05 13 30 00 1 4962.332
2009 09 05 13 45 00 1 4962.409
2009 09 05 14 00 00 1 4962.489
2009 09 05 14 15 00 1 4962.573
2009 09 05 14 30 00 1 4962.661
2009 09 05 14 45 00 1 4962.746
2009 09 05 15 00 00 1 4962.831
2009 09 05 15 15 00 1 4962.914
2009 09 05 15 30 00 1 4962.993
2009 09 05 15 45 00 1 4963.065
2009 09 05 16 00 00 1 4963.129
2009 09 05 16 15 00 1 4963.187
2009 09 05 16 30 00 1 4963.239
2009 09 05 16 45 00 1 4963.281
2009 09 05 17 00 00 1 4963.312
2009 09 05 17 15 00 1 4963.328
2009 09 05 17 30 00 1 4963.336
2009 09 05 17 45 00 1 4963.332
2009 09 05 18 00 00 1 4963.319
2009 09 05 18 15 00 1 4963.296
2009 09 05 18 30 00 1 4963.261
2009 09 05 18 45 00 1 4963.218
2009 09 05 19 00 00 1 4963.165
2009 09 05 19 15 00 1 4963.102
2009 09 05 19 30 00 1 4963.035
2009 09 05 19 45 00 1 4962.959
2009 09 05 20 00 00 1 4962.880
2009 09 05 20 15 00 1 4962.798
2009 09 05 20 30 00 1 4962.715
2009 09 05 20 45 00 1 4962.630
2009 09 05 21 00 00 1 4962.542
2009 09 05 21 15 00 1 4962.458
2009 09 05 21 30 00 1 4962.378
2009 09 05 21 45 00 1 4962.302
2009 09 05 22 00 00 1 4962.226
2009 09 05 22 15 00 1 4962.164
2009 09 05 22 30 00 1 4962.107
2009 09 05 22 45 00 1 4962.061
2009 09 05 23 00 00 1 4962.021
2009 09 05 23 15 00 1 4961.991
2009 09 05 23 30 00 1 4961.976
2009 09 05 23 45 00 1 4961.972
2009 09 06 00 00 00 1 4961.979
2009 09 06 00 15 00 1 4961.997
2009 09 06 00 30 00 1 4962.026
2009 09 06 00 45 00 1 4962.067
2009 09 06 01 00 00 1 4962.116
2009 09 06 01 15 00 1 4962.174
2009 09 06 01 30 00 1 4962.240
2009 09 06 01 45 00 1 4962.309
2009 09 06 02 00 00 1 4962.385
2009 09 06 02 15 00 1 4962.467
2009 09 06 02 30 00 1 4962.550
2009 09 06 02 45 00 1 4962.635
2009 09 06 03 00 00 1 4962.718
2009 09 06 03 15 00 1 4962.804
2009 09 06 03 30 00 1 4962.882
2009 09 06 03 45 00 1 4962.962
2009 09 06 04 00 00 1 4963.037
2009 09 06 04 15 00 1 4963.105
2009 09 06 04 30 00 1 4963.165
2009 09 06 04 45 00 1 4963.218
2009 09 06 05 00 00 1 4963.257
2009 09 06 05 15 00 1 4963.289
2009 09 06 05 30 00 1 4963.308
2009 09 06 05 45 00 1 4963.315
2009 09 06 06 00 00 1 4963.315
2009 09 06 06 15 00 1 4963.301
2009 09 06 06 30 00 1 4963.279
2009 09 06 06 45 00 1 4963.247
2009 09 06 07 00 00 1 4963.205
2009 09 06 07 15 00 1 4963.156
2009 09 06 07 30 00 1 4963.100
2009 09 06 07 45 00 1 4963.038
2009 09 06 08 00 00 1 4962.968
2009 09 06 08 15 00 1 4962.893
2009 09 06 08 30 00 1 4962.813
2009 09 06 08 45 00 1 4962.731
2009 09 06 09 00 00 1 4962.645
2009 09 06 09 15 00 1 4962.562
2009 09 06 09 30 00 1 4962.483
2009 09 06 09 45 00 1 4962.401
2009 09 06 10 00 00 1 4962.328
2009 09 06 10 15 00 1 4962.260
2009 09 06 10 30 00 1 4962.198
2009 09 06 10 45 00 1 4962.143
2009 09 06 11 00 00 1 4962.101
2009 09 06 11 15 00 1 4962.064
2009 09 06 11 30 00 1 4962.037
2009 09 06 11 45 00 1 4962.024
2009 09 06 12 00 00 1 4962.022
2009 09 06 12 15 00 1 4962.030
2009 09 06 12 30 00 1 4962.044
2009 09 06 12 45 00 1 4962.069
2009 09 06 13 00 00 1 4962.105
2009 09 06 13 15 00 1 4962.151
2009 09 06 13 30 00 1 4962.206
2009 09 06 13 45 00 1 4962.269
2009 09 06 14 00 00 1 4962.337
2009 09 06 14 15 00 1 4962.413
2009 09 06 14 30 00 1 4962.491
2009 09 06 14 45 00 1 4962.573
2009 09 06 15 00 00 1 4962.660
2009 09 06 15 15 00 1 4962.747
2009 09 06 15 30 00 1 4962.830
2009 09 06 15 45 00 1 4962.908
2009 09 06 16 00 00 1 4962.986
2009 09 06 16 15 00 1 4963.059
2009 09 06 16 30 00 1 4963.123
2009 09 06 16 45 00 1 4963.183
2009 09 06 17 00 00 1 4963.233
2009 09 06 17 15 00 1 4963.275
2009 09 06 17 30 00 1 4963.306
2009 09 06 17 45 00 1 4963.325
2009 09 06 18 00 00 1 4963.335
2009 09 06 18 15 00 1 4963.334
2009 09 06 18 30 00 1 4963.323
2009 09 06 18 45 00 1 4963.299
2009 09 06 19 00 00 1 4963.266
2009 09 06 19 15 00 1 4963.224
2009 09 06 19 30 00 1 4963.173
2009 09 06 19 45 00 1 4963.116
2009 09 06 20 00 00 1 4963.050
2009 09 06 20 15 00 1 4962.978
2009 09 06 20 30 00 1 4962.901
2009 09 06 20 45 00 1 4962.821
2009 09 06 21 00 00 1 4962.738
2009 09 06 21 15 00 1 4962.656
2009 09 06 21 30 00 1 4962.574
2009 09 06 21 45 00 1 4962.489
2009 09 06 22 00 00 1 4962.407
2009 09 06 22 15 00 1 4962.329
2009 09 06 22 30 00 1 4962.260
2009 09 06 22 45 00 1 4962.197
2009 09 06 23 00 00 1 4962.142
2009 09 06 23 15 00 1 4962.096
2009 09 06 23 30 00 1 4962.059
2009 09 06 23 45 00 1 4962.034
2009 09 07 00 00 00 1 4962.019
2009 09 07 00 15 00 1 4962.014
2009 09 07 00 30 00 1 4962.022
2009 09 07 00 45 00 1 4962.042
2009 09 07 01 00 00 1 4962.071
2009 09 07 01 15 00 1 4962.109
2009 09 07 01 30 00 1 4962.158
2009 09 07 01 45 00 1 4962.211
2009 09 07 02 00 00 1 4962.273
2009 09 07 02 15 00 1 4962.342
2009 09 07 02 30 00 1 4962.416
2009 09 07 02 45 00 1 4962.491
2009 09 07 03 00 00 1 4962.575
2009 09 07 03 15 00 1 4962.656
2009 09 07 03 30 00 1 4962.739
2009 09 07 03 45 00 1 4962.820
2009 09 07 04 00 00 1 4962.901
2009 09 07 04 15 00 1 4962.976
2009 09 07 04 30 00 1 4963.046
2009 09 07 04 45 00 1 4963.112
2009 09 07 05 00 00 1 4963.168
2009 09 07 05 15 00 1 4963.217
2009 09 07 05 30 00 1 4963.256
2009 09 07 05 45 00 1 4963.286
2009 09 07 06 00 00 1 4963.305
2009 09 07 06 15 00 1 4963.317
2009 09 07 06 30 00 1 4963.318
2009 09 07 06 45 00 1 4963.307
2009 09 07 07 00 00 1 4963.287
2009 09 07 07 15 00 1 4963.260
2009 09 07 07 30 00 1 4963.221
2009 09 07 07 45 00 1 4963.176
2009 09 07 08 00 00 1 4963.124
2009 09 07 08 15 00 1 4963.063
2009 09 07 08 30 00 1 4962.993
2009 09 07 08 45 00 1 4962.924
2009 09 07 09 00 00 1 4962.849
2009 09 07 09 15 00 1 4962.771
2009 09 07 09 30 00 1 4962.692
2009 09 07 09 45 00 1 4962.612
2009 09 07 10 00 00 1 4962.535
2009 09 07 10 15 00 1 4962.457
2009 09 07 10 30 00 1 4962.384
2009 09 07 10 45 00 1 4962.317
2009 09 07 11 00 00 1 4962.258
2009 09 07 11 15 00 1 4962.203
2009 09 07 11 30 00 1 4962.154
2009 09 07 11 45 00 1 4962.116
2009 09 07 12 00 00 1 4962.088
2009 09 07 12 15 00 1 4962.070
2009 09 07 12 30 00 1 4962.063
2009 09 07 12 45 00 1 4962.064
2009 09 07 13 00 00 1 4962.074
2009 09 07 13 15 00 1 4962.096
2009 09 07 13 30 00 1 4962.128
2009 09 07 13 45 00 1 4962.168
2009 09 07 14 00 00 1 4962.216
2009 09 07 14 15 00 1 4962.277
2009 09 07 14 30 00 1 4962.341
2009 09 07 14 45 00 1 4962.411
2009 09 07 15 00 00 1 4962.484
2009 09 07 15 15 00 1 4962.560
2009 09 07 15 30 00 1 4962.636
2009 09 07 15 45 00 1 4962.715
2009 09 07 16 00 00 1 4962.795
2009 09 07 16 15 00 1 4962.870
2009 09 07 16 30 00 1 4962.942
2009 09 07 16 45 00 1 4963.007
2009 09 07 17 00 00 1 4963.069
2009 09 07 17 15 00 1 4963.125
2009 09 07 17 30 00 1 4963.172
2009 09 07 17 45 00 1 4963.209
2009 09 07 18 00 00 1 4963.240
2009 09 07 18 15 00 1 4963.258
2009 09 07 18 30 00 1 4963.272
2009 09 07 18 45 00 1 4963.271
2009 09 07 19 00 00 1 4963.262
2009 09 07 19 15 00 1 4963.245
2009 09 07 19 30 00 1 4963.221
2009 09 07 19 45 00 1 4963.182
2009 09 07 20 00 00 1 4963.139
2009 09 07 20 15 00 1 4963.088
2009 09 07 20 30 00 1 4963.031
2009 09 07 20 45 00 1 4962.969
2009 09 07 21 00 00 1 4962.897
2009 09 07 21 15 00 1 4962.826
2009 09 07 21 30 00 1 4962.751
2009 09 07 21 45 00 1 4962.674
2009 09 07 22 00 00 1 4962.599
2009 09 07 22 15 00 1 4962.522
2009 09 07 22 30 00 1 4962.451
2009 09 07 22 45 00 1 4962.381
2009 09 07 23 00 00 1 4962.318
2009 09 07 23 15 00 1 4962.259
2009 09 07 23 30 00 1 4962.208
2009 09 07 23 45 00 1 4962.166
2009 09 08 00 00 00 1 4962.127
2009 09 08 00 15 00 1 4962.103
2009 09 08 00 30 00 1 4962.086
2009 09 08 00 45 00 1 4962.080
2009 09 08 01 00 00 1 4962.082
2009 09 08 01 15 00 1 4962.098
2009 09 08 01 30 00 1 4962.120
2009 09 08 01 45 00 1 4962.154
2009 09 08 02 00 00 1 4962.195
2009 09 08 02 15 00 1 4962.243
2009 09 08 02 30 00 1 4962.298
2009 09 08 02 45 00 1 4962.360
2009 09 08 03 00 00 1 4962.427
2009 09 08 03 15 00 1 4962.501
2009 09 08 03 30 00 1 4962.574
2009 09 08 03 45 00 1 4962.651
2009 09 08 04 00 00 1 4962.727
2009 09 08 04 15 00 1 4962.803
2009 09 08 04 30 00 1 4962.878
2009 09 08 04 45 00 1 4962.951
2009 09 08 05 00 00 1 4963.021
2009 09 08 05 15 00 1 4963.081
2009 09 08 05 30 00 1 4963.138
2009 09 08 05 45 00 1 4963.185
2009 09 08 06 00 00 1 4963.223
2009 09 08 06 15 00 1 4963.253
2009 09 08 06 30 00 1 4963.277
2009 09 08 06 45 00 1 4963.290
2009 09 08 07 00 00 1 4963.291
2009 09 08 07 15 00 1 4963.284
2009 09 08 07 30 00 1 4963.266
2009 09 08 07 45 00 1 4963.242
2009 09 08 08 00 00 1 4963.212
2009 09 08 08 15 00 1 4963.172
2009 09 08 08 30 00 1 4963.124
2009 09 08 08 45 00 1 4963.069
2009 09 08 09 00 00 1 4963.008
2009 09 08 09 15 00 1 4962.945
2009 09 08 09 30 00 1 4962.878
2009 09 08 09 45 00 1 4962.807
2009 09 08 10 00 00 1 4962.734
2009 09 08 10 15 00 1 4962.661
2009 09 08 10 30 00 1 4962.591
2009 09 08 10 45 00 1 4962.521
2009 09 08 11 00 00 1 4962.453
2009 09 08 11 15 00 1 4962.389
2009 09 08 11 30 00 1 4962.328
2009 09 08 11 45 00 1 4962.272
2009 09 08 12 00 00 1 4962.224
2009 09 08 12 15 00 1 4962.185
2009 09 08 12 30 00 1 4962.156
2009 09 08 12 45 00 1 4962.133
2009 09 08 13 00 00 1 4962.119
2009 09 08 13 15 00 1 4962.115
2009 09 08 13 30 00 1 4962.121
2009 09 08 13 45 00 1 4962.136
2009 09 08 14 00 00 1 4962.157
2009 09 08 14 15 00 1 4962.187
2009 09 08 14 30 00 1 4962.224
2009 09 08 14 45 00 1 4962.272
2009 09 08 15 00 00 1 4962.324
2009 09 08 15 15 00 1 4962.383
2009 09 08 15 30 00 1 4962.444
2009 09 08 15 45 00 1 4962.505
2009 09 08 16 00 00 1 4962.571
2009 09 08 16 15 00 1 4962.638
2009 09 08 16 30 00 1 4962.705
2009 09 08 16 45 00 1 4962.775
2009 09 08 17 00 00 1 4962.837
2009 09 08 17 15 00 1 4962.899
2009 09 08 17 30 00 1 4962.959
2009 09 08 17 45 00 1 4963.014
2009 09 08 18 00 00 1 4963.057
2009 09 08 18 15 00 1 4963.095
2009 09 08 18 30 00 1 4963.124
2009 09 08 18 45 00 1 4963.147
2009 09 08 19 00 00 1 4963.160
2009 09 08 19 15 00 1 4963.163
2009 09 08 19 30 00 1 4963.158
2009 09 08 19 45 00 1 4963.145
2009 09 08 20 00 00 1 4963.130
2009 09 08 20 15 00 1 4963.104
2009 09 08 20 30 00 1 4963.072
2009 09 08 20 45 00 1 4963.035
2009 09 08 21 00 00 1 4962.985
2009 09 08 21 15 00 1 4962.933
2009 09 08 21 30 00 1 4962.875
2009 09 08 21 45 00 1 4962.811
2009 09 08 22 00 00 1 4962.746
2009 09 08 22 15 00 1 4962.682
2009 09 08 22 30 00 1 4962.614
2009 09 08 22 45 00 1 4962.547
2009 09 08 23 00 00 1 4962.482
2009 09 08 23 15 00 1 4962.421
2009 09 08 23 30 00 1 4962.361
2009 09 08 23 45 00 1 4962.307
2009 09 09 00 00 00 1 4962.261
2009 09 09 00 15 00 1 4962.222
2009 09 09 00 30 00 1 4962.189
2009 09 09 00 45 00 1 4962.162
2009 09 09 01 00 00 1 4962.144
2009 09 09 01 15 00 1 4962.133
2009 09 09 01 30 00 1 4962.135
2009 09 09 01 45 00 1 4962.144
2009 09 09 02 00 00 1 4962.160
2009 09 09 02 15 00 1 4962.184
2009 09 09 02 30 00 1 4962.216
2009 09 09 02 45 00 1 4962.256
2009 09 09 03 00 00 1 4962.305
2009 09 09 03 15 00 1 4962.356
2009 09 09 03 30 00 1 4962.412
2009 09 09 03 45 00 1 4962.474
2009 09 09 04 00 00 1 4962.537
2009 09 09 04 15 00 1 4962.602
2009 09 09 04 30 00 1 4962.671
2009 09 09 04 45 00 1 4962.739
2009 09 09 05 00 00 1 4962.804
2009 09 09 05 15 00 1 4962.867
2009 09 09 05 30 00 1 4962.928
2009 09 09 05 45 00 1 4962.985
2009 09 09 06 00 00 1 4963.037
2009 09 09 06 15 00 1 4963.081
2009 09 09 06 30 00 1 4963.121
2009 09 09 06 45 00 1 4963.154
2009 09 09 07 00 00 1 4963.178
2009 09 09 07 15 00 1 4963.195
2009 09 09 07 30 00 1 4963.203
2009 09 09 07 45 00 1 4963.206
2009 09 09 08 00 00 1 4963.198
2009 09 09 08 15 00 1 4963.183
2009 09 09 08 30 00 1 4963.163
2009 09 09 08 45 00 1 4963.132
2009 09 09 09 00 00 1 4963.096
2009 09 09 09 15 00 1 4963.053
2009 09 09 09 30 00 1 4963.006
2009 09 09 09 45 00 1 4962.956
2009 09 09 10 00 00 1 4962.901
2009 09 09 10 15 00 1 4962.841
2009 09 09 10 30 00 1 4962.779
2009 09 09 10 45 00 1 4962.716
2009 09 09 11 00 00 1 4962.652
2009 09 09 11 15 00 1 4962.588
2009 09 09 11 30 00 1 4962.525
2009 09 09 11 45 00 1 4962.466
2009 09 09 12 00 00 1 4962.411
2009 09 09 12 15 00 1 4962.360
2009 09 09 12 30 00 1 4962.315
2009 09 09 12 45 00 1 4962.273
2009 09 09 13 00 00 1 4962.239
2009 09 09 13 15 00 1 4962.211
2009 09 09 13 30 00 1 4962.192
2009 09 09 13 45 00 1 4962.181
2009 09 09 14 00 00 1 4962.177
2009 09 09 14 15 00 1 4962.182
2009 09 09 14 30 00 1 4962.191
2009 09 09 14 45 00 1 4962.211
2009 09 09 15 00 00 1 4962.235
2009 09 09 15 15 00 1 4962.263
2009 09 09 15 30 00 1 4962.299
2009 09 09 15 45 00 1 4962.342
2009 09 09 16 00 00 1 4962.389
2009 09 09 16 15 00 1 4962.439
2009 09 09 16 30 00 1 4962.490
2009 09 09 16 45 00 1 4962.544
2009 09 09 17 00 00 1 4962.600
2009 09 09 17 15 00 1 4962.658
2009 09 09 17 30 00 1 4962.717
2009 09 09 17 45 00 1 4962.772
2009 09 09 18 00 00 1 4962.826
2009 09 09 18 15 00 1 4962.874
2009 09 09 18 30 00 1 4962.919
2009 09 09 18 45 00 1 4962.956
2009 09 09 19 00 00 1 4962.985
2009 09 09 19 15 00 1 4963.008
2009 09 09 19 30 00 1 4963.028
2009 09 09 19 45 00 1 4963.041
2009 09 09 20 00 00 1 4963.044
2009 09 09 20 15 00 1 4963.043
2009 09 09 20 30 00 1 4963.035
2009 09 09 20 45 00 1 4963.022
2009 09 09 21 00 00 1 4963.001
2009 09 09 21 15 00 1 4962.971
2009 09 09 21 30 00 1 4962.938
2009 09 09 21 45 00 1 4962.898
2009 09 09 22 00 00 1 4962.857
2009 09 09 22 15 00 1 4962.809
2009 09 09 22 30 00 1 4962.760
2009 09 09 22 45 00 1 4962.708
2009 09 09 23 00 00 1 4962.656
2009 09 09 23 15 00 1 4962.602
2009 09 09 23 30 00 1 4962.547
2009 09 09 23 45 00 1 4962.493
2009 09 10 00 00 00 1 4962.441
2009 09 10 00 15 00 1 4962.394
2009 09 10 00 30 00 1 4962.355
2009 09 10 00 45 00 1 4962.317
2009 09 10 01 00 00 1 4962.283
2009 09 10 01 15 00 1 4962.255
2009 09 10 01 30 00 1 4962.236
2009 09 10 01 45 00 1 4962.221
2009 09 10 02 00 00 1 4962.214
2009 09 10 02 15 00 1 4962.213
2009 09 10 02 30 00 1 4962.220
2009 09 10 02 45 00 1 4962.232
2009 09 10 03 00 00 1 4962.252
2009 09 10 03 15 00 1 4962.280
2009 09 10 03 30 00 1 4962.315
2009 09 10 03 45 00 1 4962.354
2009 09 10 04 00 00 1 4962.399
2009 09 10 04 15 00 1 4962.448
2009 09 10 04 30 00 1 4962.498
2009 09 10 04 45 00 1 4962.554
2009 09 10 05 00 00 1 4962.608
2009 09 10 05 15 00 1 4962.664
2009 09 10 05 30 00 1 4962.722
2009 09 10 05 45 00 1 4962.778
2009 09 10 06 00 00 1 4962.833
2009 09 10 06 15 00 1 4962.884
2009 09 10 06 30 00 1 4962.933
2009 09 10 06 45 00 1 4962.977
2009 09 10 07 00 00 1 4963.018
2009 09 10 07 15 00 1 4963.052
2009 09 10 07 30 00 1 4963.080
2009 09 10 07 45 00 1 4963.103
2009 09 10 08 00 00 1 4963.118
2009 09 10 08 15 00 1 4963.125
2009 09 10 08 30 00 1 4963.132
2009 09 10 08 45 00 1 4963.130
2009 09 10 09 00 00 1 4963.118
2009 09 10 09 15 00 1 4963.105
2009 09 10 09 30 00 1 4963.085
2009 09 10 09 45 00 1 4963.059
2009 09 10 10 00 00 1 4963.030
2009 09 10 10 15 00 1 4962.994
2009 09 10 10 30 00 1 4962.955
2009 09 10 10 45 00 1 4962.910
2009 09 10 11 00 00 1 4962.862
2009 09 10 11 15 00 1 4962.808
2009 09 10 11 30 00 1 4962.755
2009 09 10 11 45 00 1 4962.699
2009 09 10 12 00 00 1 4962.646
2009 09 10 12 15 00 1 4962.595
2009 09 10 12 30 00 1 4962.544
2009 09 10 12 45 00 1 4962.496
2009 09 10 13 00 00 1 4962.451
2009 09 10 13 15 00 1 4962.409
2009 09 10 13 30 00 1 4962.370
2009 09 10 13 45 00 1 4962.337
2009 09 10 14 00 00 1 4962.311
2009 09 10 14 15 00 1 4962.288
2009 09 10 14 30 00 1 4962.272
2009 09 10 14 45 00 1 4962.263
2009 09 10 15 00 00 1 4962.260
2009 09 10 15 15 00 1 4962.261
2009 09 10 15 30 00 1 4962.269
2009 09 10 15 45 00 1 4962.281
2009 09 10 16 00 00 1 4962.301
2009 09 10 16 15 00 1 4962.325
2009 09 10 16 30 00 1 4962.359
2009 09 10 16 45 00 1 4962.391
2009 09 10 17 00 00 1 4962.428
2009 09 10 17 15 00 1 4962.470
2009 09 10 17 30 00 1 4962.511
2009 09 10 17 45 00 1 4962.556
2009 09 10 18 00 00 1 4962.601
2009 09 10 18 15 00 1 4962.648
2009 09 10 18 30 00 1 4962.693
2009 09 10 18 45 00 1 4962.735
2009 09 10 19 00 00 1 4962.775
2009 09 10 19 15 00 1 4962.812
2009 09 10 19 30 00 1 4962.844
2009 09 10 19 45 00 1 4962.873
2009 09 10 20 00 00 1 4962.898
2009 09 10 20 15 00 1 4962.916
2009 09 10 20 30 00 1 4962.931
2009 09 10 20 45 00 1 4962.941
2009 09 10 21 00 00 1 4962.947
2009 09 10 21 15 00 1 4962.949
2009 09 10 21 30 00 1 4962.941
2009 09 10 21 45 00 1 4962.931
2009 09 10 22 00 00 1 4962.913
2009 09 10 22 15 00 1 4962.892
2009 09 10 22 30 00 1 4962.865
2009 09 10 22 45 00 1 4962.835
2009 09 10 23 00 00 1 4962.801
2009 09 10 23 15 00 1 4962.766
2009 09 10 23 30 00 1 4962.728
2009 09 10 23 45 00 1 4962.686
2009 09 11 00 00 00 1 4962.647
2009 09 11 00 15 00 1 4962.607
2009 09 11 00 30 00 1 4962.568
2009 09 11 00 45 00 1 4962.533
2009 09 11 01 00 00 1 4962.494
2009 09 11 01 15 00 1 4962.459
2009 09 11 01 30 00 1 4962.424
2009 09 11 01 45 00 1 4962.397
2009 09 11 02 00 00 1 4962.374
2009 09 11 02 15 00 1 4962.354
2009 09 11 02 30 00 1 4962.334
2009 09 11 02 45 00 1 4962.324
2009 09 11 03 00 00 1 4962.317
2009 09 11 03 15 00 1 4962.318
2009 09 11 03 30 00 1 4962.320
2009 09 11 03 45 00 1 4962.329
2009 09 11 04 00 00 1 4962.347
2009 09 11 04 15 00 1 4962.367
2009 09 11 04 30 00 1 4962.392
2009 09 11 04 45 00 1 4962.420
2009 09 11 05 00 00 1 4962.454
2009 09 11 05 15 00 1 4962.489
2009 09 11 05 30 00 1 4962.530
2009 09 11 05 45 00 1 4962.572
2009 09 11 06 00 00 1 4962.613
2009 09 11 06 15 00 1 4962.657
2009 09 11 06 30 00 1 4962.702
2009 09 11 06 45 00 1 4962.747
2009 09 11 07 00 00 1 4962.791
2009 09 11 07 15 00 1 4962.835
2009 09 11 07 30 00 1 4962.875
2009 09 11 07 45 00 1 4962.913
2009 09 11 08 00 00 1 4962.945
2009 09 11 08 15 00 1 4962.974
2009 09 11 08 30 00 1 4963.001
2009 09 11 08 45 00 1 4963.023
2009 09 11 09 00 00 1 4963.040
2009 09 11 09 15 00 1 4963.055
2009 09 11 09 30 00 1 4963.063
2009 09 11 09 45 00 1 4963.066
2009 09 11 10 00 00 1 4963.066
2009 09 11 10 15 00 1 4963.059
2009 09 11 10 30 00 1 4963.050
2009 09 11 10 45 00 1 4963.033
2009 09 11 11 00 00 1 4963.013
2009 09 11 11 15 00 1 4962.986
2009 09 11 11 30 00 1 4962.958
2009 09 11 11 45 00 1 4962.921
2009 09 11 12 00 00 1 4962.883
2009 09 11 12 15 00 1 4962.843
2009 09 11 12 30 00 1 4962.801
2009 09 11 12 45 00 1 4962.759
2009 09 11 13 00 00 1 4962.714
2009 09 11 13 15 00 1 4962.669
2009 09 11 13 30 00 1 4962.625
2009 09 11 13 45 00 1 4962.581
2009 09 11 14 00 00 1 4962.540
2009 09 11 14 15 00 1 4962.500
2009 09 11 14 30 00 1 4962.463
2009 09 11 14 45 00 1 4962.431
2009 09 11 15 00 00 1 4962.404
2009 09 11 15 15 00 1 4962.380
2009 09 11 15 30 00 1 4962.360
2009 09 11 15 45 00 1 4962.342
2009 09 11 16 00 00 1 4962.329
2009 09 11 16 15 00 1 4962.322
2009 09 11 16 30 00 1 4962.317
2009 09 11 16 45 00 1 4962.319
2009 09 11 17 00 00 1 4962.326
2009 09 11 17 15 00 1 4962.339
2009 09 11 17 30 00 1 4962.357
2009 09 11 17 45 00 1 4962.379
2009 09 11 18 00 00 1 4962.404
2009 09 11 18 15 00 1 4962.433
2009 09 11 18 30 00 1 4962.467
2009 09 11 18 45 00 1 4962.499
2009 09 11 19 00 00 1 4962.539
2009 09 11 19 15 00 1 4962.578
2009 09 11 19 30 00 1 4962.616
2009 09 11 19 45 00 1 4962.650
2009 09 11 20 00 00 1 4962.684
2009 09 11 20 15 00 1 4962.720
2009 09 11 20 30 00 1 4962.757
2009 09 11 20 45 00 1 4962.785
2009 09 11 21 00 00 1 4962.810
2009 09 11 21 15 00 1 4962.835
2009 09 11 21 30 00 1 4962.859
2009 09 11 21 45 00 1 4962.875
2009 09 11 22 00 00 1 4962.890
2009 09 11 22 15 00 1 4962.895
2009 09 11 22 30 00 1 4962.900
2009 09 11 22 45 00 1 4962.900
2009 09 11 23 00 00 1 4962.897
2009 09 11 23 15 00 1 4962.889
2009 09 11 23 30 00 1 4962.879
2009 09 11 23 45 00 1 4962.865
2009 09 12 00 00 00 1 4962.847
2009 09 12 00 15 00 1 4962.822
2009 09 12 00 30 00 1 4962.796
2009 09 12 00 45 00 1 4962.768
2009 09 12 01 00 00 1 4962.738
2009 09 12 01 15 00 1 4962.708
2009 09 12 01 30 00 1 4962.674
2009 09 12 01 45 00 1 4962.638
2009 09 12 02 00 00 1 4962.603
2009 09 12 02 15 00 1 4962.569
2009 09 12 02 30 00 1 4962.537
2009 09 12 02 45 00 1 4962.506
2009 09 12 03 00 00 1 4962.478
2009 09 12 03 15 00 1 4962.454
2009 09 12 03 30 00 1 4962.432
2009 09 12 03 45 00 1 4962.414
2009 09 12 04 00 00 1 4962.400
2009 09 12 04 15 00 1 4962.391
2009 09 12 04 30 00 1 4962.387
2009 09 12 04 45 00 1 4962.386
2009 09 12 05 00 00 1 4962.389
2009 09 12 05 15 00 1 4962.396
2009 09 12 05 30 00 1 4962.414
2009 09 12 05 45 00 1 4962.432
2009 09 12 06 00 00 1 4962.454
2009 09 12 06 15 00 1 4962.480
2009 09 12 06 30 00 1 4962.510
2009 09 12 06 45 00 1 4962.545
2009 09 12 07 00 00 1 4962.580
2009 09 12 07 15 00 1 4962.617
2009 09 12 07 30 00 1 4962.655
2009 09 12 07 45 00 1 4962.695
2009 09 12 08 00 00 1 4962.735
2009 09 12 08 15 00 1 4962.778
2009 09 12 08 30 00 1 4962.822
2009 09 12 08 45 00 1 4962.861
2009 09 12 09 00 00 1 4962.896
2009 09 12 09 15 00 1 4962.927
2009 09 12 09 30 00 1 4962.960
2009 09 12 09 45 00 1 4962.990
2009 09 12 10 00 00 1 4963.013
2009 09 12 10 15 00 1 4963.036
2009 09 12 10 30 00 1 4963.055
2009 09 12 10 45 00 1 4963.068
2009 09 12 11 00 00 1 4963.077
2009 09 12 11 15 00 1 4963.081
2009 09 12 11 30 00 1 4963.076
2009 09 12 11 45 00 1 4963.069
2009 09 12 12 00 00 1 4963.061
2009 09 12 12 15 00 1 4963.044
2009 09 12 12 30 00 1 4963.025
2009 09 12 12 45 00 1 4962.999
2009 09 12 13 00 00 1 4962.967
2009 09 12 13 15 00 1 4962.931
2009 09 12 13 30 00 1 4962.894
2009 09 12 13 45 00 1 4962.855
2009 09 12 14 00 00 1 4962.811
2009 09 12 14 15 00 1 4962.766
2009 09 12 14 30 00 1 4962.724
2009 09 12 14 45 00 1 4962.680
2009 09 12 15 00 00 1 4962.635
2009 09 12 15 15 00 1 4962.590
2009 09 12 15 30 00 1 4962.548
2009 09 12 15 45 00 1 4962.507
2009 09 12 16 00 00 1 4962.465
2009 09 12 16 15 00 1 4962.428
2009 09 12 16 30 00 1 4962.396
2009 09 12 16 45 00 1 4962.370
2009 09 12 17 00 00 1 4962.338
2009 09 12 17 15 00 1 4962.317
2009 09 12 17 30 00 1 4962.302
2009 09 12 17 45 00 1 4962.293
2009 09 12 18 00 00 1 4962.287
2009 09 12 18 15 00 1 4962.288
2009 09 12 18 30 00 1 4962.293
2009 09 12 18 45 00 1 4962.304
2009 09 12 19 00 00 1 4962.317
2009 09 12 19 15 00 1 4962.337
2009 09 12 19 30 00 1 4962.364
2009 09 12 19 45 00 1 4962.390
2009 09 12 20 00 00 1 4962.421
2009 09 12 20 15 00 1 4962.457
2009 09 12 20 30 00 1 4962.494
2009 09 12 20 45 00 1 4962.537
2009 09 12 21 00 00 1 4962.575
2009 09 12 21 15 00 1 4962.615
2009 09 12 21 30 00 1 4962.658
2009 09 12 21 45 00 1 4962.697
2009 09 12 22 00 00 1 4962.732
2009 09 12 22 15 00 1 4962.770
2009 09 12 22 30 00 1 4962.802
2009 09 12 22 45 00 1 4962.832
2009 09 12 23 00 00 1 4962.856
2009 09 12 23 15 00 1 4962.880
2009 09 12 23 30 00 1 4962.897
2009 09 12 23 45 00 1 4962.911
2009 09 13 00 00 00 1 4962.921
2009 09 13 00 15 00 1 4962.927
2009 09 13 00 30 00 1 4962.929
2009 09 13 00 45 00 1 4962.924
2009 09 13 01 00 00 1 4962.915
2009 09 13 01 15 00 1 4962.900
2009 09 13 01 30 00 1 4962.876
2009 09 13 01 45 00 1 4962.853
2009 09 13 02 00 00 1 4962.824
2009 09 13 02 15 00 1 4962.792
2009 09 13 02 30 00 1 4962.761
2009 09 13 02 45 00 1 4962.724
2009 09 13 03 00 00 1 4962.685
2009 09 13 03 15 00 1 4962.646
2009 09 13 03 30 00 1 4962.606
2009 09 13 03 45 00 1 4962.568
2009 09 13 04 00 00 1 4962.527
2009 09 13 04 15 00 1 4962.488
2009 09 13 04 30 00 1 4962.453
2009 09 13 04 45 00 1 4962.425
2009 09 13 05 00 00 1 4962.397
2009 09 13 05 15 00 1 4962.371
2009 09 13 05 30 00 1 4962.352
2009 09 13 05 45 00 1 4962.338
2009 09 13 06 00 00 1 4962.327
2009 09 13 06 15 00 1 4962.328
2009 09 13 06 30 00 1 4962.330
2009 09 13 06 45 00 1 4962.337
2009 09 13 07 00 00 1 4962.345
2009 09 13 07 15 00 1 4962.363
2009 09 13 07 30 00 1 4962.388
2009 09 13 07 45 00 1 4962.417
2009 09 13 08 00 00 1 4962.447
2009 09 13 08 15 00 1 4962.481
2009 09 13 08 30 00 1 4962.520
2009 09 13 08 45 00 1 4962.563
2009 09 13 09 00 00 1 4962.608
2009 09 13 09 15 00 1 4962.655
2009 09 13 09 30 00 1 4962.701
2009 09 13 09 45 00 1 4962.752
2009 09 13 10 00 00 1 4962.802
2009 09 13 10 15 00 1 4962.851
2009 09 13 10 30 00 1 4962.896
2009 09 13 10 45 00 1 4962.941
2009 09 13 11 00 00 1 4962.983
2009 09 13 11 15 00 1 4963.018
2009 09 13 11 30 00 1 4963.050
2009 09 13 11 45 00 1 4963.076
2009 09 13 12 00 00 1 4963.100
2009 09 13 12 15 00 1 4963.111
2009 09 13 12 30 00 1 4963.125
2009 09 13 12 45 00 1 4963.130
2009 09 13 13 00 00 1 4963.127
2009 09 13 13 15 00 1 4963.119
2009 09 13 13 30 00 1 4963.103
2009 09 13 13 45 00 1 4963.082
2009 09 13 14 00 00 1 4963.052
2009 09 13 14 15 00 1 4963.019
2009 09 13 14 30 00 1 4962.983
2009 09 13 14 45 00 1 4962.939
2009 09 13 15 00 00 1 4962.891
2009 09 13 15 15 00 1 4962.840
2009 09 13 15 30 00 1 4962.782
2009 09 13 15 45 00 1 4962.724
2009 09 13 16 00 00 1 4962.666
2009 09 13 16 15 00 1 4962.603
2009 09 13 16 30 00 1 4962.544
2009 09 13 16 45 00 1 4962.486
2009 09 13 17 00 00 1 4962.428
2009 09 13 17 15 00 1 4962.378
2009 09 13 17 30 00 1 4962.331
2009 09 13 17 45 00 1 4962.285
2009 09 13 18 00 00 1 4962.246
2009 09 13 18 15 00 1 4962.212
2009 09 13 18 30 00 1 4962.188
2009 09 13 18 45 00 1 4962.166
2009 09 13 19 00 00 1 4962.154
2009 09 13 19 15 00 1 4962.148
2009 09 13 19 30 00 1 4962.147
2009 09 13 19 45 00 1 4962.154
2009 09 13 20 00 00 1 4962.171
2009 09 13 20 15 00 1 4962.193
2009 09 13 20 30 00 1 4962.219
2009 09 13 20 45 00 1 4962.254
2009 09 13 21 00 00 1 4962.291
2009 09 13 21 15 00 1 4962.333
2009 09 13 21 30 00 1 4962.380
2009 09 13 21 45 00 1 4962.431
2009 09 13 22 00 00 1 4962.482
2009 09 13 22 15 00 1 4962.537
2009 09 13 22 30 00 1 4962.591
2009 09 13 22 45 00 1 4962.643
2009 09 13 23 00 00 1 4962.697
2009 09 13 23 15 00 1 4962.750
2009 09 13 23 30 00 1 4962.798
2009 09 13 23 45 00 1 4962.845
2009 09 14 00 00 00 1 4962.885
2009 09 14 00 15 00 1 4962.922
2009 09 14 00 30 00 1 4962.953
2009 09 14 00 45 00 1 4962.982
2009 09 14 01 00 00 1 4962.999
2009 09 14 01 15 00 1 4963.014
2009 09 14 01 30 00 1 4963.018
2009 09 14 01 45 00 1 4963.014
2009 09 14 02 00 00 1 4963.007
2009 09 14 02 15 00 1 4962.989
2009 09 14 02 30 00 1 4962.965
2009 09 14 02 45 00 1 4962.937
2009 09 14 03 00 00 1 4962.902
2009 09 14 03 15 00 1 4962.865
2009 09 14 03 30 00 1 4962.818
2009 09 14 03 45 00 1 4962.770
2009 09 14 04 00 00 1 4962.721
2009 09 14 04 15 00 1 4962.670
2009 09 14 04 30 00 1 4962.617
2009 09 14 04 45 00 1 4962.562
2009 09 14 05 00 00 1 4962.509
2009 09 14 05 15 00 1 4962.458
2009 09 14 05 30 00 1 4962.405
2009 09 14 05 45 00 1 4962.362
2009 09 14 06 00 00 1 4962.319
2009 09 14 06 15 00 1 4962.283
2009 09 14 06 30 00 1 4962.250
2009 09 14 06 45 00 1 4962.224
2009 09 14 07 00 00 1 4962.202
2009 09 14 07 15 00 1 4962.190
2009 09 14 07 30 00 1 4962.187
2009 09 14 07 45 00 1 4962.192
2009 09 14 08 00 00 1 4962.201
2009 09 14 08 15 00 1 4962.219
2009 09 14 08 30 00 1 4962.246
2009 09 14 08 45 00 1 4962.281
2009 09 14 09 00 00 1 4962.321
2009 09 14 09 15 00 1 4962.368
2009 09 14 09 30 00 1 4962.419
2009 09 14 09 45 00 1 4962.475
2009 09 14 10 00 00 1 4962.537
2009 09 14 10 15 00 1 4962.599
2009 09 14 10 30 00 1 4962.663
2009 09 14 10 45 00 1 4962.728
2009 09 14 11 00 00 1 4962.793
2009 09 14 11 15 00 1 4962.857
2009 09 14 11 30 00 1 4962.917
2009 09 14 11 45 00 1 4962.977
2009 09 14 12 00 00 1 4963.035
2009 09 14 12 15 00 1 4963.089
2009 09 14 12 30 00 1 4963.133
2009 09 14 12 45 00 1 4963.173
2009 09 14 13 00 00 1 4963.207
2009 09 14 13 15 00 1 4963.233
2009 09 14 13 30 00 1 4963.250
2009 09 14 13 45 00 1 4963.258
2009 09 14 14 00 00 1 4963.258
2009 09 14 14 15 00 1 4963.250
2009 09 14 14 30 00 1 4963.231
2009 09 14 14 45 00 1 4963.205
2009 09 14 15 00 00 1 4963.172
2009 09 14 15 15 00 1 4963.130
2009 09 14 15 30 00 1 4963.082
2009 09 14 15 45 00 1 4963.027
2009 09 14 16 00 00 1 4962.965
2009 09 14 16 15 00 1 4962.898
2009 09 14 16 30 00 1 4962.825
2009 09 14 16 45 00 1 4962.750
2009 09 14 17 00 00 1 4962.671
2009 09 14 17 15 00 1 4962.595
2009 09 14 17 30 00 1 4962.519
2009 09 14 17 45 00 1 4962.444
2009 09 14 18 00 00 1 4962.375
2009 09 14 18 15 00 1 4962.306
2009 09 14 18 30 00 1 4962.246
2009 09 14 18 45 00 1 4962.188
2009 09 14 19 00 00 1 4962.138
2009 09 14 19 15 00 1 4962.097
2009 09 14 19 30 00 1 4962.063
2009 09 14 19 45 00 1 4962.040
2009 09 14 20 00 00 1 4962.022
2009 09 14 20 15 00 1 4962.015
2009 09 14 20 30 00 1 4962.018
2009 09 14 20 45 00 1 4962.029
2009 09 14 21 00 00 1 4962.049
2009 09 14 21 15 00 1 4962.080
2009 09 14 21 30 00 1 4962.116
2009 09 14 21 45 00 1 4962.161
2009 09 14 22 00 00 1 4962.210
2009 09 14 22 15 00 1 4962.269
2009 09 14 22 30 00 1 4962.331
2009 09 14 22 45 00 1 4962.398
2009 09 14 23 00 00 1 4962.469
2009 09 14 23 15 00 1 4962.539
2009 09 14 23 30 00 1 4962.612
2009 09 14 23 45 00 1 4962.685
2009 09 15 00 00 00 1 4962.756
2009 09 15 00 15 00 1 4962.826
2009 09 15 00 30 00 1 4962.891
2009 09 15 00 45 00 1 4962.954
2009 09 15 01 00 00 1 4963.004
2009 09 15 01 15 00 1 4963.053
2009 09 15 01 30 00 1 4963.093
2009 09 15 01 45 00 1 4963.124
2009 09 15 02 00 00 1 4963.149
2009 09 15 02 15 00 1 4963.163
2009 09 15 02 30 00 1 4963.166
2009 09 15 02 45 00 1 4963.163
2009 09 15 03 00 00 1 4963.149
2009 09 15 03 15 00 1 4963.123
2009 09 15 03 30 00 1 4963.094
2009 09 15 03 45 00 1 4963.051
2009 09 15 04 00 00 1 4963.003
2009 09 15 04 15 00 1 4962.946
2009 09 15 04 30 00 1 4962.885
2009 09 15 04 45 00 1 4962.820
2009 09 15 05 00 00 1 4962.752
2009 09 15 05 15 00 1 4962.679
2009 09 15 05 30 00 1 4962.605
2009 09 15 05 45 00 1 4962.531
2009 09 15 06 00 00 1 4962.459
2009 09 15 06 15 00 1 4962.389
2009 09 15 06 30 00 1 4962.324
2009 09 15 06 45 00 1 4962.261
2009 09 15 07 00 00 1 4962.205
2009 09 15 07 15 00 1 4962.156
2009 09 15 07 30 00 1 4962.117
2009 09 15 07 45 00 1 4962.084
2009 09 15 08 00 00 1 4962.062
2009 09 15 08 15 00 1 4962.050
2009 09 15 08 30 00 1 4962.046
2009 09 15 08 45 00 1 4962.051
2009 09 15 09 00 00 1 4962.069
2009 09 15 09 15 00 1 4962.097
2009 09 15 09 30 00 1 4962.131
2009 09 15 09 45 00 1 4962.177
2009 09 15 10 00 00 1 4962.229
2009 09 15 10 15 00 1 4962.289
2009 09 15 10 30 00 1 4962.355
2009 09 15 10 45 00 1 4962.429
2009 09 15 11 00 00 1 4962.505
2009 09 15 11 15 00 1 4962.584
2009 09 15 11 30 00 1 4962.665
2009 09 15 11 45 00 1 4962.747
2009 09 15 12 00 00 1 4962.830
2009 09 15 12 15 00 1 4962.911
2009 09 15 12 30 00 1 4962.992
2009 09 15 12 45 00 1 4963.068
2009 09 15 13 00 00 1 4963.139
2009 09 15 13 15 00 1 4963.204
2009 09 15 13 30 00 1 4963.260
2009 09 15 13 45 00 1 4963.307
2009 09 15 14 00 00 1 4963.345
2009 09 15 14 15 00 1 4963.373
2009 09 15 14 30 00 1 4963.392
2009 09 15 14 45 00 1 4963.402
2009 09 15 15 00 00 1 4963.398
2009 09 15 15 15 00 1 4963.385
2009 09 15 15 30 00 1 4963.360
2009 09 15 15 45 00 1 4963.327
2009 09 15 16 00 00 1 4963.278
2009 09 15 16 15 00 1 4963.220
2009 09 15 16 30 00 1 4963.155
2009 09 15 16 45 00 1 4963.079
2009 09 15 17 00 00 1 4962.998
2009 09 15 17 15 00 1 4962.912
2009 09 15 17 30 00 1 4962.822
2009 09 15 17 45 00 1 4962.730
2009 09 15 18 00 00 1 4962.637
2009 09 15 18 15 00 1 4962.544
2009 09 15 18 30 00 1 4962.453
2009 09 15 18 45 00 1 4962.365
2009 09 15 19 00 00 1 4962.279
2009 09 15 19 15 00 1 4962.203
2009 09 15 19 30 00 1 4962.132
2009 09 15 19 45 00 1 4962.067
2009 09 15 20 00 00 1 4962.012
2009 09 15 20 15 00 1 4961.970
2009 09 15 20 30 00 1 4961.941
2009 09 15 20 45 00 1 4961.919
2009 09 15 21 00 00 1 4961.909
2009 09 15 21 15 00 1 4961.909
2009 09 15 21 30 00 1 4961.919
2009 09 15 21 45 00 1 4961.941
2009 09 15 22 00 00 1 4961.975
2009 09 15 22 15 00 1 4962.018
2009 09 15 22 30 00 1 4962.072
2009 09 15 22 45 00 1 4962.135
2009 09 15 23 00 00 1 4962.207
2009 09 15 23 15 00 1 4962.287
2009 09 15 23 30 00 1 4962.374
2009 09 15 23 45 00 1 4962.464
2009 09 16 00 00 00 1 4962.555
2009 09 16 00 15 00 1 4962.645
2009 09 16 00 30 00 1 4962.736
2009 09 16 00 45 00 1 4962.827
2009 09 16 01 00 00 1 4962.914
2009 09 16 01 15 00 1 4962.997
2009 09 16 01 30 00 1 4963.073
2009 09 16 01 45 00 1 4963.142
2009 09 16 02 00 00 1 4963.202
2009 09 16 02 15 00 1 4963.253
2009 09 16 02 30 00 1 4963.294
2009 09 16 02 45 00 1 4963.320
2009 09 16 03 00 00 1 4963.335
2009 09 16 03 15 00 1 4963.338
2009 09 16 03 30 00 1 4963.333
2009 09 16 03 45 00 1 4963.315
2009 09 16 04 00 00 1 4963.287
2009 09 16 04 15 00 1 4963.250
2009 09 16 04 30 00 1 4963.202
2009 09 16 04 45 00 1 4963.144
2009 09 16 05 00 00 1 4963.078
2009 09 16 05 15 00 1 4963.003
2009 09 16 05 30 00 1 4962.923
2009 09 16 05 45 00 1 4962.836
2009 09 16 06 00 00 1 4962.746
2009 09 16 06 15 00 1 4962.653
2009 09 16 06 30 00 1 4962.560
2009 09 16 06 45 00 1 4962.469
2009 09 16 07 00 00 1 4962.381
2009 09 16 07 15 00 1 4962.298
2009 09 16 07 30 00 1 4962.218
2009 09 16 07 45 00 1 4962.147
2009 09 16 08 00 00 1 4962.084
2009 09 16 08 15 00 1 4962.033
2009 09 16 08 30 00 1 4961.990
2009 09 16 08 45 00 1 4961.960
2009 09 16 09 00 00 1 4961.943
2009 09 16 09 15 00 1 4961.933
2009 09 16 09 30 00 1 4961.939
2009 09 16 09 45 00 1 4961.953
2009 09 16 10 00 00 1 4961.985
2009 09 16 10 15 00 1 4962.024
2009 09 16 10 30 00 1 4962.075
2009 09 16 10 45 00 1 4962.135
2009 09 16 11 00 00 1 4962.207
2009 09 16 11 15 00 1 4962.284
2009 09 16 11 30 00 1 4962.372
2009 09 16 11 45 00 1 4962.467
2009 09 16 12 00 00 1 4962.559
2009 09 16 12 15 00 1 4962.656
2009 09 16 12 30 00 1 4962.755
2009 09 16 12 45 00 1 4962.854
2009 09 16 13 00 00 1 4962.950
2009 09 16 13 15 00 1 4963.042
2009 09 16 13 30 00 1 4963.132
2009 09 16 13 45 00 1 4963.215
2009 09 16 14 00 00 1 4963.290
2009 09 16 14 15 00 1 4963.357
2009 09 16 14 30 00 1 4963.413
2009 09 16 14 45 00 1 4963.459
2009 09 16 15 00 00 1 4963.492
2009 09 16 15 15 00 1 4963.513
2009 09 16 15 30 00 1 4963.523
2009 09 16 15 45 00 1 4963.519
2009 09 16 16 00 00 1 4963.501
2009 09 16 16 15 00 1 4963.470
2009 09 16 16 30 00 1 4963.428
2009 09 16 16 45 00 1 4963.376
2009 09 16 17 00 00 1 4963.313
2009 09 16 17 15 00 1 4963.240
2009 09 16 17 30 00 1 4963.155
2009 09 16 17 45 00 1 4963.065
2009 09 16 18 00 00 1 4962.970
2009 09 16 18 15 00 1 4962.869
2009 09 16 18 30 00 1 4962.763
2009 09 16 18 45 00 1 4962.655
2009 09 16 19 00 00 1 4962.549
2009 09 16 19 15 00 1 4962.445
2009 09 16 19 30 00 1 4962.344
2009 09 16 19 45 00 1 4962.251
2009 09 16 20 00 00 1 4962.160
2009 09 16 20 15 00 1 4962.082
2009 09 16 20 30 00 1 4962.011
2009 09 16 20 45 00 1 4961.953
2009 09 16 21 00 00 1 4961.904
2009 09 16 21 15 00 1 4961.868
2009 09 16 21 30 00 1 4961.846
2009 09 16 21 45 00 1 4961.836
2009 09 16 22 00 00 1 4961.838
2009 09 16 22 15 00 1 4961.856
2009 09 16 22 30 00 1 4961.884
2009 09 16 22 45 00 1 4961.924
2009 09 16 23 00 00 1 4961.980
2009 09 16 23 15 00 1 4962.043
2009 09 16 23 30 00 1 4962.120
2009 09 16 23 45 00 1 4962.201
2009 09 17 00 00 00 1 4962.293
2009 09 17 00 15 00 1 4962.389
2009 09 17 00 30 00 1 4962.487
2009 09 17 00 45 00 1 4962.591
2009 09 17 01 00 00 1 4962.696
2009 09 17 01 15 00 1 4962.802
2009 09 17 01 30 00 1 4962.904
2009 09 17 01 45 00 1 4963.004
2009 09 17 02 00 00 1 4963.096
2009 09 17 02 15 00 1 4963.180
2009 09 17 02 30 00 1 4963.254
2009 09 17 02 45 00 1 4963.319
2009 09 17 03 00 00 1 4963.377
2009 09 17 03 15 00 1 4963.422
2009 09 17 03 30 00 1 4963.452
2009 09 17 03 45 00 1 4963.468
2009 09 17 04 00 00 1 4963.474
2009 09 17 04 15 00 1 4963.467
2009 09 17 04 30 00 1 4963.445
2009 09 17 04 45 00 1 4963.411
2009 09 17 05 00 00 1 4963.366
2009 09 17 05 15 00 1 4963.306
2009 09 17 05 30 00 1 4963.235
2009 09 17 05 45 00 1 4963.154
2009 09 17 06 00 00 1 4963.067
2009 09 17 06 15 00 1 4962.972
2009 09 17 06 30 00 1 4962.871
2009 09 17 06 45 00 1 4962.771
2009 09 17 07 00 00 1 4962.666
2009 09 17 07 15 00 1 4962.558
2009 09 17 07 30 00 1 4962.454
2009 09 17 07 45 00 1 4962.355
2009 09 17 08 00 00 1 4962.261
2009 09 17 08 15 00 1 4962.170
2009 09 17 08 30 00 1 4962.091
2009 09 17 08 45 00 1 4962.023
2009 09 17 09 00 00 1 4961.966
2009 09 17 09 15 00 1 4961.920
2009 09 17 09 30 00 1 4961.887
2009 09 17 09 45 00 1 4961.867
2009 09 17 10 00 00 1 4961.863
2009 09 17 10 15 00 1 4961.869
2009 09 17 10 30 00 1 4961.888
2009 09 17 10 45 00 1 4961.919
2009 09 17 11 00 00 1 4961.962
2009 09 17 11 15 00 1 4962.019
2009 09 17 11 30 00 1 4962.085
2009 09 17 11 45 00 1 4962.163
2009 09 17 12 00 00 1 4962.249
2009 09 17 12 15 00 1 4962.345
2009 09 17 12 30 00 1 4962.442
2009 09 17 12 45 00 1 4962.548
2009 09 17 13 00 00 1 4962.657
2009 09 17 13 15 00 1 4962.764
2009 09 17 13 30 00 1 4962.872
2009 09 17 13 45 00 1 4962.977
2009 09 17 14 00 00 1 4963.081
2009 09 17 14 15 00 1 4963.179
2009 09 17 14 30 00 1 4963.268
2009 09 17 14 45 00 1 4963.350
2009 09 17 15 00 00 1 4963.422
2009 09 17 15 15 00 1 4963.482
2009 09 17 15 30 00 1 4963.531
2009 09 17 15 45 00 1 4963.563
2009 09 17 16 00 00 1 4963.586
2009 09 17 16 15 00 1 4963.591
2009 09 17 16 30 00 1 4963.584
2009 09 17 16 45 00 1 4963.561
2009 09 17 17 00 00 1 4963.529
2009 09 17 17 15 00 1 4963.483
2009 09 17 17 30 00 1 4963.424
2009 09 17 17 45 00 1 4963.354
2009 09 17 18 00 00 1 4963.272
2009 09 17 18 15 00 1 4963.182
2009 09 17 18 30 00 1 4963.088
2009 09 17 18 45 00 1 4962.983
2009 09 17 19 00 00 1 4962.873
2009 09 17 19 15 00 1 4962.760
2009 09 17 19 30 00 1 4962.647
2009 09 17 19 45 00 1 4962.533
2009 09 17 20 00 00 1 4962.424
2009 09 17 20 15 00 1 4962.315
2009 09 17 20 30 00 1 4962.215
2009 09 17 20 45 00 1 4962.123
2009 09 17 21 00 00 1 4962.041
2009 09 17 21 15 00 1 4961.972
2009 09 17 21 30 00 1 4961.912
2009 09 17 21 45 00 1 4961.864
2009 09 17 22 00 00 1 4961.828
2009 09 17 22 15 00 1 4961.806
2009 09 17 22 30 00 1 4961.798
2009 09 17 22 45 00 1 4961.805
2009 09 17 23 00 00 1 4961.826
2009 09 17 23 15 00 1 4961.858
2009 09 17 23 30 00 1 4961.907
2009 09 17 23 45 00 1 4961.967
2009 09 18 00 00 00 1 4962.041
2009 09 18 00 15 00 1 4962.124
2009 09 18 00 30 00 1 4962.219
2009 09 18 00 45 00 1 4962.317
2009 09 18 01 00 00 1 4962.423
2009 09 18 01 15 00 1 4962.531
2009 09 18 01 30 00 1 4962.640
2009 09 18 01 45 00 1 4962.753
2009 09 18 02 00 00 1 4962.862
2009 09 18 02 15 00 1 4962.971
2009 09 18 02 30 00 1 4963.071
2009 09 18 02 45 00 1 4963.167
2009 09 18 03 00 00 1 4963.255
2009 09 18 03 15 00 1 4963.331
2009 09 18 03 30 00 1 4963.399
2009 09 18 03 45 00 1 4963.449
2009 09 18 04 00 00 1 4963.489
2009 09 18 04 15 00 1 4963.518
2009 09 18 04 30 00 1 4963.531
2009 09 18 04 45 00 1 4963.531
2009 09 18 05 00 00 1 4963.516
2009 09 18 05 15 00 1 4963.490
2009 09 18 05 30 00 1 4963.450
2009 09 18 05 45 00 1 4963.396
2009 09 18 06 00 00 1 4963.330
2009 09 18 06 15 00 1 4963.253
2009 09 18 06 30 00 1 4963.165
2009 09 18 06 45 00 1 4963.073
2009 09 18 07 00 00 1 4962.973
2009 09 18 07 15 00 1 4962.869
2009 09 18 07 30 00 1 4962.762
2009 09 18 07 45 00 1 4962.652
2009 09 18 08 00 00 1 4962.541
2009 09 18 08 15 00 1 4962.431
2009 09 18 08 30 00 1 4962.327
2009 09 18 08 45 00 1 4962.232
2009 09 18 09 00 00 1 4962.143
2009 09 18 09 15 00 1 4962.062
2009 09 18 09 30 00 1 4961.991
2009 09 18 09 45 00 1 4961.930
2009 09 18 10 00 00 1 4961.884
2009 09 18 10 15 00 1 4961.850
2009 09 18 10 30 00 1 4961.829
2009 09 18 10 45 00 1 4961.823
2009 09 18 11 00 00 1 4961.828
2009 09 18 11 15 00 1 4961.847
2009 09 18 11 30 00 1 4961.884
2009 09 18 11 45 00 1 4961.932
2009 09 18 12 00 00 1 4961.991
2009 09 18 12 15 00 1 4962.065
2009 09 18 12 30 00 1 4962.149
2009 09 18 12 45 00 1 4962.238
2009 09 18 13 00 00 1 4962.335
2009 09 18 13 15 00 1 4962.436
2009 09 18 13 30 00 1 4962.544
2009 09 18 13 45 00 1 4962.653
2009 09 18 14 00 00 1 4962.765
2009 09 18 14 15 00 1 4962.874
2009 09 18 14 30 00 1 4962.982
2009 09 18 14 45 00 1 4963.084
2009 09 18 15 00 00 1 4963.183
2009 09 18 15 15 00 1 4963.271
2009 09 18 15 30 00 1 4963.348
2009 09 18 15 45 00 1 4963.416
2009 09 18 16 00 00 1 4963.474
2009 09 18 16 15 00 1 4963.517
2009 09 18 16 30 00 1 4963.551
2009 09 18 16 45 00 1 4963.568
2009 09 18 17 00 00 1 4963.572
2009 09 18 17 15 00 1 4963.561
2009 09 18 17 30 00 1 4963.540
2009 09 18 17 45 00 1 4963.502
2009 09 18 18 00 00 1 4963.453
2009 09 18 18 15 00 1 4963.395
2009 09 18 18 30 00 1 4963.321
2009 09 18 18 45 00 1 4963.238
2009 09 18 19 00 00 1 4963.143
2009 09 18 19 15 00 1 4963.042
2009 09 18 19 30 00 1 4962.937
2009 09 18 19 45 00 1 4962.829
2009 09 18 20 00 00 1 4962.718
2009 09 18 20 15 00 1 4962.603
2009 09 18 20 30 00 1 4962.491
2009 09 18 20 45 00 1 4962.384
2009 09 18 21 00 00 1 4962.283
2009 09 18 21 15 00 1 4962.188
2009 09 18 21 30 00 1 4962.102
2009 09 18 21 45 00 1 4962.025
2009 09 18 22 00 00 1 4961.957
2009 09 18 22 15 00 1 4961.898
2009 09 18 22 30 00 1 4961.852
2009 09 18 22 45 00 1 4961.824
2009 09 18 23 00 00 1 4961.809
2009 09 18 23 15 00 1 4961.808
2009 09 18 23 30 00 1 4961.819
2009 09 18 23 45 00 1 4961.846
2009 09 19 00 00 00 1 4961.888
2009 09 19 00 15 00 1 4961.943
2009 09 19 00 30 00 1 4962.009
2009 09 19 00 45 00 1 4962.083
2009 09 19 01 00 00 1 4962.172
2009 09 19 01 15 00 1 4962.267
2009 09 19 01 30 00 1 4962.370
2009 09 19 01 45 00 1 4962.475
2009 09 19 02 00 00 1 4962.582
2009 09 19 02 15 00 1 4962.694
2009 09 19 02 30 00 1 4962.804
2009 09 19 02 45 00 1 4962.911
2009 09 19 03 00 00 1 4963.013
2009 09 19 03 15 00 1 4963.112
2009 09 19 03 30 00 1 4963.206
2009 09 19 03 45 00 1 4963.290
2009 09 19 04 00 00 1 4963.362
2009 09 19 04 15 00 1 4963.424
2009 09 19 04 30 00 1 4963.474
2009 09 19 04 45 00 1 4963.510
2009 09 19 05 00 00 1 4963.532
2009 09 19 05 15 00 1 4963.539
2009 09 19 05 30 00 1 4963.534
2009 09 19 05 45 00 1 4963.516
2009 09 19 06 00 00 1 4963.483
2009 09 19 06 15 00 1 4963.440
2009 09 19 06 30 00 1 4963.383
2009 09 19 06 45 00 1 4963.313
2009 09 19 07 00 00 1 4963.235
2009 09 19 07 15 00 1 4963.147
2009 09 19 07 30 00 1 4963.054
2009 09 19 07 45 00 1 4962.951
2009 09 19 08 00 00 1 4962.844
2009 09 19 08 15 00 1 4962.736
2009 09 19 08 30 00 1 4962.625
2009 09 19 08 45 00 1 4962.516
2009 09 19 09 00 00 1 4962.410
2009 09 19 09 15 00 1 4962.309
2009 09 19 09 30 00 1 4962.214
2009 09 19 09 45 00 1 4962.129
2009 09 19 10 00 00 1 4962.052
2009 09 19 10 15 00 1 4961.986
2009 09 19 10 30 00 1 4961.931
2009 09 19 10 45 00 1 4961.890
2009 09 19 11 00 00 1 4961.860
2009 09 19 11 15 00 1 4961.838
2009 09 19 11 30 00 1 4961.835
2009 09 19 11 45 00 1 4961.842
2009 09 19 12 00 00 1 4961.867
2009 09 19 12 15 00 1 4961.904
2009 09 19 12 30 00 1 4961.954
2009 09 19 12 45 00 1 4962.014
2009 09 19 13 00 00 1 4962.083
2009 09 19 13 15 00 1 4962.163
2009 09 19 13 30 00 1 4962.249
2009 09 19 13 45 00 1 4962.341
2009 09 19 14 00 00 1 4962.443
2009 09 19 14 15 00 1 4962.547
2009 09 19 14 30 00 1 4962.655
2009 09 19 14 45 00 1 4962.760
2009 09 19 15 00 00 1 4962.866
2009 09 19 15 15 00 1 4962.966
2009 09 19 15 30 00 1 4963.064
2009 09 19 15 45 00 1 4963.151
2009 09 19 16 00 00 1 4963.232
2009 09 19 16 15 00 1 4963.304
2009 09 19 16 30 00 1 4963.361
2009 09 19 16 45 00 1 4963.412
2009 09 19 17 00 00 1 4963.450
2009 09 19 17 15 00 1 4963.474
2009 09 19 17 30 00 1 4963.487
2009 09 19 17 45 00 1 4963.488
2009 09 19 18 00 00 1 4963.472
2009 09 19 18 15 00 1 4963.449
2009 09 19 18 30 00 1 4963.408
2009 09 19 18 45 00 1 4963.358
2009 09 19 19 00 00 1 4963.297
2009 09 19 19 15 00 1 4963.224
2009 09 19 19 30 00 1 4963.142
2009 09 19 19 45 00 1 4963.055
2009 09 19 20 00 00 1 4962.963
2009 09 19 20 15 00 1 4962.865
2009 09 19 20 30 00 1 4962.762
2009 09 19 20 45 00 1 4962.659
2009 09 19 21 00 00 1 4962.558
2009 09 19 21 15 00 1 4962.456
2009 09 19 21 30 00 1 4962.359
2009 09 19 21 45 00 1 4962.267
2009 09 19 22 00 00 1 4962.184
2009 09 19 22 15 00 1 4962.103
2009 09 19 22 30 00 1 4962.036
2009 09 19 22 45 00 1 4961.978
2009 09 19 23 00 00 1 4961.933
2009 09 19 23 15 00 1 4961.900
2009 09 19 23 30 00 1 4961.880
2009 09 19 23 45 00 1 4961.873
2009 09 20 00 00 00 1 4961.880
2009 09 20 00 15 00 1 4961.899
2009 09 20 00 30 00 1 4961.930
2009 09 20 00 45 00 1 4961.976
2009 09 20 01 00 00 1 4962.031
2009 09 20 01 15 00 1 4962.097
2009 09 20 01 30 00 1 4962.174
2009 09 20 01 45 00 1 4962.259
2009 09 20 02 00 00 1 4962.350
2009 09 20 02 15 00 1 4962.445
2009 09 20 02 30 00 1 4962.543
2009 09 20 02 45 00 1 4962.645
2009 09 20 03 00 00 1 4962.748
2009 09 20 03 15 00 1 4962.849
2009 09 20 03 30 00 1 4962.949
2009 09 20 03 45 00 1 4963.045
2009 09 20 04 00 00 1 4963.135
2009 09 20 04 15 00 1 4963.215
2009 09 20 04 30 00 1 4963.291
2009 09 20 04 45 00 1 4963.355
2009 09 20 05 00 00 1 4963.409
2009 09 20 05 15 00 1 4963.451
2009 09 20 05 30 00 1 4963.480
2009 09 20 05 45 00 1 4963.496
2009 09 20 06 00 00 1 4963.499
2009 09 20 06 15 00 1 4963.489
2009 09 20 06 30 00 1 4963.467
2009 09 20 06 45 00 1 4963.432
2009 09 20 07 00 00 1 4963.388
2009 09 20 07 15 00 1 4963.331
2009 09 20 07 30 00 1 4963.261
2009 09 20 07 45 00 1 4963.187
2009 09 20 08 00 00 1 4963.100
2009 09 20 08 15 00 1 4963.010
2009 09 20 08 30 00 1 4962.911
2009 09 20 08 45 00 1 4962.815
2009 09 20 09 00 00 1 4962.714
2009 09 20 09 15 00 1 4962.616
2009 09 20 09 30 00 1 4962.517
2009 09 20 09 45 00 1 4962.422
2009 09 20 10 00 00 1 4962.330
2009 09 20 10 15 00 1 4962.244
2009 09 20 10 30 00 1 4962.167
2009 09 20 10 45 00 1 4962.099
2009 09 20 11 00 00 1 4962.039
2009 09 20 11 15 00 1 4961.991
2009 09 20 11 30 00 1 4961.955
2009 09 20 11 45 00 1 4961.927
2009 09 20 12 00 00 1 4961.915
2009 09 20 12 15 00 1 4961.917
2009 09 20 12 30 00 1 4961.929
2009 09 20 12 45 00 1 4961.949
2009 09 20 13 00 00 1 4961.984
2009 09 20 13 15 00 1 4962.030
2009 09 20 13 30 00 1 4962.084
2009 09 20 13 45 00 1 4962.147
2009 09 20 14 00 00 1 4962.217
2009 09 20 14 15 00 1 4962.299
2009 09 20 14 30 00 1 4962.385
2009 09 20 14 45 00 1 4962.478
2009 09 20 15 00 00 1 4962.568
2009 09 20 15 15 00 1 4962.664
2009 09 20 15 30 00 1 4962.758
2009 09 20 15 45 00 1 4962.852
2009 09 20 16 00 00 1 4962.941
2009 09 20 16 15 00 1 4963.025
2009 09 20 16 30 00 1 4963.101
2009 09 20 16 45 00 1 4963.170
2009 09 20 17 00 00 1 4963.233
2009 09 20 17 15 00 1 4963.283
2009 09 20 17 30 00 1 4963.327
2009 09 20 17 45 00 1 4963.353
2009 09 20 18 00 00 1 4963.370
2009 09 20 18 15 00 1 4963.380
2009 09 20 18 30 00 1 4963.373
2009 09 20 18 45 00 1 4963.356
2009 09 20 19 00 00 1 4963.327
2009 09 20 19 15 00 1 4963.288
2009 09 20 19 30 00 1 4963.240
2009 09 20 19 45 00 1 4963.182
2009 09 20 20 00 00 1 4963.117
2009 09 20 20 15 00 1 4963.047
2009 09 20 20 30 00 1 4962.969
2009 09 20 20 45 00 1 4962.888
2009 09 20 21 00 00 1 4962.799
2009 09 20 21 15 00 1 4962.713
2009 09 20 21 30 00 1 4962.622
2009 09 20 21 45 00 1 4962.529
2009 09 20 22 00 00 1 4962.441
2009 09 20 22 15 00 1 4962.360
2009 09 20 22 30 00 1 4962.279
2009 09 20 22 45 00 1 4962.208
2009 09 20 23 00 00 1 4962.143
2009 09 20 23 15 00 1 4962.087
2009 09 20 23 30 00 1 4962.042
2009 09 20 23 45 00 1 4962.005
2009 09 21 00 00 00 1 4961.982
2009 09 21 00 15 00 1 4961.970
2009 09 21 00 30 00 1 4961.970
2009 09 21 00 45 00 1 4961.978
2009 09 21 01 00 00 1 4962.000
2009 09 21 01 15 00 1 4962.033
2009 09 21 01 30 00 1 4962.078
2009 09 21 01 45 00 1 4962.131
2009 09 21 02 00 00 1 4962.197
2009 09 21 02 15 00 1 4962.270
2009 09 21 02 30 00 1 4962.350
2009 09 21 02 45 00 1 4962.433
2009 09 21 03 00 00 1 4962.518
2009 09 21 03 15 00 1 4962.610
2009 09 21 03 30 00 1 4962.699
2009 09 21 03 45 00 1 4962.790
2009 09 21 04 00 00 1 4962.880
2009 09 21 04 15 00 1 4962.967
2009 09 21 04 30 00 1 4963.047
2009 09 21 04 45 00 1 4963.121
2009 09 21 05 00 00 1 4963.189
2009 09 21 05 15 00 1 4963.248
2009 09 21 05 30 00 1 4963.297
2009 09 21 05 45 00 1 4963.339
2009 09 21 06 00 00 1 4963.370
2009 09 21 06 15 00 1 4963.389
2009 09 21 06 30 00 1 4963.396
2009 09 21 06 45 00 1 4963.394
2009 09 21 07 00 00 1 4963.382
2009 09 21 07 15 00 1 4963.361
2009 09 21 07 30 00 1 4963.327
2009 09 21 07 45 00 1 4963.284
2009 09 21 08 00 00 1 4963.230
2009 09 21 08 15 00 1 4963.168
2009 09 21 08 30 00 1 4963.100
2009 09 21 08 45 00 1 4963.024
2009 09 21 09 00 00 1 4962.941
2009 09 21 09 15 00 1 4962.856
2009 09 21 09 30 00 1 4962.770
2009 09 21 09 45 00 1 4962.682
2009 09 21 10 00 00 1 4962.596
2009 09 21 10 15 00 1 4962.510
2009 09 21 10 30 00 1 4962.427
2009 09 21 10 45 00 1 4962.348
2009 09 21 11 00 00 1 4962.277
2009 09 21 11 15 00 1 4962.210
2009 09 21 11 30 00 1 4962.149
2009 09 21 11 45 00 1 4962.098
2009 09 21 12 00 00 1 4962.059
2009 09 21 12 15 00 1 4962.029
2009 09 21 12 30 00 1 4962.011
2009 09 21 12 45 00 1 4962.003
2009 09 21 13 00 00 1 4962.004
2009 09 21 13 15 00 1 4962.015
2009 09 21 13 30 00 1 4962.037
2009 09 21 13 45 00 1 4962.070
2009 09 21 14 00 00 1 4962.111
2009 09 21 14 15 00 1 4962.164
2009 09 21 14 30 00 1 4962.225
2009 09 21 14 45 00 1 4962.293
2009 09 21 15 00 00 1 4962.362
2009 09 21 15 15 00 1 4962.435
2009 09 21 15 30 00 1 4962.512
2009 09 21 15 45 00 1 4962.588
2009 09 21 16 00 00 1 4962.669
2009 09 21 16 15 00 1 4962.745
2009 09 21 16 30 00 1 4962.820
2009 09 21 16 45 00 1 4962.894
2009 09 21 17 00 00 1 4962.963
2009 09 21 17 15 00 1 4963.022
2009 09 21 17 30 00 1 4963.078
2009 09 21 17 45 00 1 4963.124
2009 09 21 18 00 00 1 4963.163
2009 09 21 18 15 00 1 4963.194
2009 09 21 18 30 00 1 4963.216
2009 09 21 18 45 00 1 4963.228
2009 09 21 19 00 00 1 4963.232
2009 09 21 19 15 00 1 4963.223
2009 09 21 19 30 00 1 4963.209
2009 09 21 19 45 00 1 4963.183
2009 09 21 20 00 00 1 4963.148
2009 09 21 20 15 00 1 4963.104
2009 09 21 20 30 00 1 4963.057
2009 09 21 20 45 00 1 4963.001
2009 09 21 21 00 00 1 4962.937
2009 09 21 21 15 00 1 4962.872
2009 09 21 21 30 00 1 4962.800
2009 09 21 21 45 00 1 4962.727
2009 09 21 22 00 00 1 4962.650
2009 09 21 22 15 00 1 4962.575
2009 09 21 22 30 00 1 4962.502
2009 09 21 22 45 00 1 4962.430
2009 09 21 23 00 00 1 4962.365
2009 09 21 23 15 00 1 4962.303
2009 09 21 23 30 00 1 4962.247
2009 09 21 23 45 00 1 4962.197
2009 09 22 00 00 00 1 4962.155
2009 09 22 00 15 00 1 4962.124
2009 09 22 00 30 00 1 4962.097
2009 09 22 00 45 00 1 4962.086
2009 09 22 01 00 00 1 4962.082
2009 09 22 01 15 00 1 4962.085
2009 09 22 01 30 00 1 4962.099
2009 09 22 01 45 00 1 4962.123
2009 09 22 02 00 00 1 4962.153
2009 09 22 02 15 00 1 4962.192
2009 09 22 02 30 00 1 4962.241
2009 09 22 02 45 00 1 4962.299
2009 09 22 03 00 00 1 4962.361
2009 09 22 03 15 00 1 4962.426
2009 09 22 03 30 00 1 4962.494
2009 09 22 03 45 00 1 4962.566
2009 09 22 04 00 00 1 4962.644
2009 09 22 04 15 00 1 4962.722
2009 09 22 04 30 00 1 4962.801
2009 09 22 04 45 00 1 4962.878
2009 09 22 05 00 00 1 4962.947
2009 09 22 05 15 00 1 4963.016
2009 09 22 05 30 00 1 4963.078
2009 09 22 05 45 00 1 4963.133
2009 09 22 06 00 00 1 4963.181
2009 09 22 06 15 00 1 4963.219
2009 09 22 06 30 00 1 4963.252
2009 09 22 06 45 00 1 4963.273
2009 09 22 07 00 00 1 4963.288
2009 09 22 07 15 00 1 4963.291
2009 09 22 07 30 00 1 4963.283
2009 09 22 07 45 00 1 4963.267
2009 09 22 08 00 00 1 4963.243
2009 09 22 08 15 00 1 4963.210
2009 09 22 08 30 00 1 4963.169
2009 09 22 08 45 00 1 4963.121
2009 09 22 09 00 00 1 4963.068
2009 09 22 09 15 00 1 4963.013
2009 09 22 09 30 00 1 4962.953
2009 09 22 09 45 00 1 4962.888
2009 09 22 10 00 00 1 4962.821
2009 09 22 10 15 00 1 4962.750
2009 09 22 10 30 00 1 4962.677
2009 09 22 10 45 00 1 4962.607
2009 09 22 11 00 00 1 4962.536
2009 09 22 11 15 00 1 4962.467
2009 09 22 11 30 00 1 4962.404
2009 09 22 11 45 00 1 4962.345
2009 09 22 12 00 00 1 4962.292
2009 09 22 12 15 00 1 4962.245
2009 09 22 12 30 00 1 4962.203
2009 09 22 12 45 00 1 4962.173
2009 09 22 13 00 00 1 4962.148
2009 09 22 13 15 00 1 4962.132
2009 09 22 13 30 00 1 4962.127
2009 09 22 13 45 00 1 4962.124
2009 09 22 14 00 00 1 4962.135
2009 09 22 14 15 00 1 4962.153
2009 09 22 14 30 00 1 4962.181
2009 09 22 14 45 00 1 4962.211
2009 09 22 15 00 00 1 4962.255
2009 09 22 15 15 00 1 4962.301
2009 09 22 15 30 00 1 4962.351
2009 09 22 15 45 00 1 4962.406
2009 09 22 16 00 00 1 4962.465
2009 09 22 16 15 00 1 4962.528
2009 09 22 16 30 00 1 4962.588
2009 09 22 16 45 00 1 4962.652
2009 09 22 17 00 00 1 4962.711
2009 09 22 17 15 00 1 4962.769
2009 09 22 17 30 00 1 4962.820
2009 09 22 17 45 00 1 4962.871
2009 09 22 18 00 00 1 4962.915
2009 09 22 18 15 00 1 4962.957
2009 09 22 18 30 00 1 4962.995
2009 09 22 18 45 00 1 4963.024
2009 09 22 19 00 00 1 4963.047
2009 09 22 19 15 00 1 4963.062
2009 09 22 19 30 00 1 4963.071
2009 09 22 19 45 00 1 4963.071
2009 09 22 20 00 00 1 4963.065
2009 09 22 20 15 00 1 4963.051
2009 09 22 20 30 00 1 4963.031
2009 09 22 20 45 00 1 4963.002
2009 09 22 21 00 00 1 4962.967
2009 09 22 21 15 00 1 4962.924
2009 09 22 21 30 00 1 4962.881
2009 09 22 21 45 00 1 4962.832
2009 09 22 22 00 00 1 4962.779
2009 09 22 22 15 00 1 4962.723
2009 09 22 22 30 00 1 4962.668
2009 09 22 22 45 00 1 4962.609
2009 09 22 23 00 00 1 4962.553
2009 09 22 23 15 00 1 4962.497
2009 09 22 23 30 00 1 4962.444
2009 09 22 23 45 00 1 4962.398
2009 09 23 00 00 00 1 4962.352
2009 09 23 00 15 00 1 4962.314
2009 09 23 00 30 00 1 4962.278
2009 09 23 00 45 00 1 4962.248
2009 09 23 01 00 00 1 4962.223
2009 09 23 01 15 00 1 4962.212
2009 09 23 01 30 00 1 4962.201
2009 09 23 01 45 00 1 4962.202
2009 09 23 02 00 00 1 4962.210
2009 09 23 02 15 00 1 4962.224
2009 09 23 02 30 00 1 4962.243
2009 09 23 02 45 00 1 4962.268
2009 09 23 03 00 00 1 4962.301
2009 09 23 03 15 00 1 4962.340
2009 09 23 03 30 00 1 4962.386
2009 09 23 03 45 00 1 4962.437
2009 09 23 04 00 00 1 4962.495
2009 09 23 04 15 00 1 4962.552
2009 09 23 04 30 00 1 4962.611
2009 09 23 04 45 00 1 4962.670
2009 09 23 05 00 00 1 4962.725
2009 09 23 05 15 00 1 4962.783
2009 09 23 05 30 00 1 4962.841
2009 09 23 05 45 00 1 4962.896
2009 09 23 06 00 00 1 4962.945
2009 09 23 06 15 00 1 4962.989
2009 09 23 06 30 00 1 4963.033
2009 09 23 06 45 00 1 4963.069
2009 09 23 07 00 00 1 4963.098
2009 09 23 07 15 00 1 4963.121
2009 09 23 07 30 00 1 4963.137
2009 09 23 07 45 00 1 4963.147
2009 09 23 08 00 00 1 4963.149
2009 09 23 08 15 00 1 4963.145
2009 09 23 08 30 00 1 4963.136
2009 09 23 08 45 00 1 4963.121
2009 09 23 09 00 00 1 4963.095
2009 09 23 09 15 00 1 4963.064
2009 09 23 09 30 00 1 4963.031
2009 09 23 09 45 00 1 4962.990
2009 09 23 10 00 00 1 4962.946
2009 09 23 10 15 00 1 4962.899
2009 09 23 10 30 00 1 4962.848
2009 09 23 10 45 00 1 4962.792
2009 09 23 11 00 00 1 4962.737
2009 09 23 11 15 00 1 4962.677
2009 09 23 11 30 00 1 4962.618
2009 09 23 11 45 00 1 4962.561
2009 09 23 12 00 00 1 4962.507
2009 09 23 12 15 00 1 4962.456
2009 09 23 12 30 00 1 4962.409
2009 09 23 12 45 00 1 4962.365
2009 09 23 13 00 00 1 4962.330
2009 09 23 13 15 00 1 4962.299
2009 09 23 13 30 00 1 4962.271
2009 09 23 13 45 00 1 4962.253
2009 09 23 14 00 00 1 4962.239
2009 09 23 14 15 00 1 4962.233
2009 09 23 14 30 00 1 4962.236
2009 09 23 14 45 00 1 4962.242
2009 09 23 15 00 00 1 4962.260
2009 09 23 15 15 00 1 4962.278
2009 09 23 15 30 00 1 4962.303
2009 09 23 15 45 00 1 4962.331
2009 09 23 16 00 00 1 4962.363
2009 09 23 16 15 00 1 4962.401
2009 09 23 16 30 00 1 4962.440
2009 09 23 16 45 00 1 4962.483
2009 09 23 17 00 00 1 4962.527
2009 09 23 17 15 00 1 4962.571
2009 09 23 17 30 00 1 4962.615
2009 09 23 17 45 00 1 4962.658
2009 09 23 18 00 00 1 4962.702
2009 09 23 18 15 00 1 4962.742
2009 09 23 18 30 00 1 4962.780
2009 09 23 18 45 00 1 4962.815
2009 09 23 19 00 00 1 4962.848
2009 09 23 19 15 00 1 4962.875
2009 09 23 19 30 00 1 4962.896
2009 09 23 19 45 00 1 4962.914
2009 09 23 20 00 00 1 4962.925
2009 09 23 20 15 00 1 4962.931
2009 09 23 20 30 00 1 4962.930
2009 09 23 20 45 00 1 4962.926
2009 09 23 21 00 00 1 4962.917
2009 09 23 21 15 00 1 4962.904
2009 09 23 21 30 00 1 4962.882
2009 09 23 21 45 00 1 4962.860
2009 09 23 22 00 00 1 4962.834
2009 09 23 22 15 00 1 4962.805
2009 09 23 22 30 00 1 4962.771
2009 09 23 22 45 00 1 4962.737
2009 09 23 23 00 00 1 4962.698
2009 09 23 23 15 00 1 4962.658
2009 09 23 23 30 00 1 4962.618
2009 09 23 23 45 00 1 4962.578
2009 09 24 00 00 00 1 4962.539
2009 09 24 00 15 00 1 4962.503
2009 09 24 00 30 00 1 4962.470
2009 09 24 00 45 00 1 4962.438
2009 09 24 01 00 00 1 4962.407
2009 09 24 01 15 00 1 4962.382
2009 09 24 01 30 00 1 4962.360
2009 09 24 01 45 00 1 4962.343
2009 09 24 02 00 00 1 4962.331
2009 09 24 02 15 00 1 4962.327
2009 09 24 02 30 00 1 4962.325
2009 09 24 02 45 00 1 4962.326
2009 09 24 03 00 00 1 4962.340
2009 09 24 03 15 00 1 4962.354
2009 09 24 03 30 00 1 4962.373
2009 09 24 03 45 00 1 4962.396
2009 09 24 04 00 00 1 4962.424
2009 09 24 04 15 00 1 4962.458
2009 09 24 04 30 00 1 4962.495
2009 09 24 04 45 00 1 4962.535
2009 09 24 05 00 00 1 4962.576
2009 09 24 05 15 00 1 4962.620
2009 09 24 05 30 00 1 4962.665
2009 09 24 05 45 00 1 4962.708
2009 09 24 06 00 00 1 4962.752
2009 09 24 06 15 00 1 4962.792
2009 09 24 06 30 00 1 4962.837
2009 09 24 06 45 00 1 4962.871
2009 09 24 07 00 00 1 4962.906
2009 09 24 07 15 00 1 4962.940
2009 09 24 07 30 00 1 4962.969
2009 09 24 07 45 00 1 4962.993
2009 09 24 08 00 00 1 4963.015
2009 09 24 08 15 00 1 4963.029
2009 09 24 08 30 00 1 4963.039
2009 09 24 08 45 00 1 4963.044
2009 09 24 09 00 00 1 4963.042
2009 09 24 09 15 00 1 4963.034
2009 09 24 09 30 00 1 4963.026
2009 09 24 09 45 00 1 4963.011
2009 09 24 10 00 00 1 4962.993
2009 09 24 10 15 00 1 4962.971
2009 09 24 10 30 00 1 4962.944
2009 09 24 10 45 00 1 4962.912
2009 09 24 11 00 00 1 4962.878
2009 09 24 11 15 00 1 4962.839
2009 09 24 11 30 00 1 4962.797
2009 09 24 11 45 00 1 4962.754
2009 09 24 12 00 00 1 4962.710
2009 09 24 12 15 00 1 4962.667
2009 09 24 12 30 00 1 4962.627
2009 09 24 12 45 00 1 4962.586
2009 09 24 13 00 00 1 4962.546
2009 09 24 13 15 00 1 4962.510
2009 09 24 13 30 00 1 4962.477
2009 09 24 13 45 00 1 4962.448
2009 09 24 14 00 00 1 4962.420
2009 09 24 14 15 00 1 4962.396
2009 09 24 14 30 00 1 4962.380
2009 09 24 14 45 00 1 4962.368
2009 09 24 15 00 00 1 4962.360
2009 09 24 15 15 00 1 4962.355
2009 09 24 15 30 00 1 4962.351
2009 09 24 15 45 00 1 4962.355
2009 09 24 16 00 00 1 4962.363
2009 09 24 16 15 00 1 4962.375
2009 09 24 16 30 00 1 4962.391
2009 09 24 16 45 00 1 4962.408
2009 09 24 17 00 00 1 4962.427
2009 09 24 17 15 00 1 4962.453
2009 09 24 17 30 00 1 4962.478
2009 09 24 17 45 00 1 4962.504
2009 09 24 18 00 00 1 4962.533
2009 09 24 18 15 00 1 4962.565
2009 09 24 18 30 00 1 4962.595
2009 09 24 18 45 00 1 4962.627
2009 09 24 19 00 00 1 4962.659
2009 09 24 19 15 00 1 4962.688
2009 09 24 19 30 00 1 4962.714
2009 09 24 19 45 00 1 4962.737
2009 09 24 20 00 00 1 4962.759
2009 09 24 20 15 00 1 4962.775
2009 09 24 20 30 00 1 4962.793
2009 09 24 20 45 00 1 4962.807
2009 09 24 21 00 00 1 4962.817
2009 09 24 21 15 00 1 4962.824
2009 09 24 21 30 00 1 4962.826
2009 09 24 21 45 00 1 4962.828
2009 09 24 22 00 00 1 4962.824
2009 09 24 22 15 00 1 4962.815
2009 09 24 22 30 00 1 4962.803
2009 09 24 22 45 00 1 4962.790
2009 09 24 23 00 00 1 4962.772
2009 09 24 23 15 00 1 4962.753
2009 09 24 23 30 00 1 4962.731
2009 09 24 23 45 00 1 4962.707
2009 09 25 00 00 00 1 4962.684
2009 09 25 00 15 00 1 4962.659
2009 09 25 00 30 00 1 4962.636
2009 09 25 00 45 00 1 4962.608
2009 09 25 01 00 00 1 4962.585
2009 09 25 01 15 00 1 4962.560
2009 09 25 01 30 00 1 4962.538
2009 09 25 01 45 00 1 4962.515
2009 09 25 02 00 00 1 4962.494
2009 09 25 02 15 00 1 4962.477
2009 09 25 02 30 00 1 4962.462
2009 09 25 02 45 00 1 4962.450
2009 09 25 03 00 00 1 4962.439
2009 09 25 03 15 00 1 4962.434
2009 09 25 03 30 00 1 4962.433
2009 09 25 03 45 00 1 4962.434
2009 09 25 04 00 00 1 4962.436
2009 09 25 04 15 00 1 4962.448
2009 09 25 04 30 00 1 4962.462
2009 09 25 04 45 00 1 4962.482
2009 09 25 05 00 00 1 4962.503
2009 09 25 05 15 00 1 4962.526
2009 09 25 05 30 00 1 4962.552
2009 09 25 05 45 00 1 4962.577
2009 09 25 06 00 00 1 4962.603
2009 09 25 06 15 00 1 4962.631
2009 09 25 06 30 00 1 4962.663
2009 09 25 06 45 00 1 4962.691
2009 09 25 07 00 00 1 4962.720
2009 09 25 07 15 00 1 4962.747
2009 09 25 07 30 00 1 4962.777
2009 09 25 07 45 00 1 4962.802
2009 09 25 08 00 00 1 4962.826
2009 09 25 08 15 00 1 4962.849
2009 09 25 08 30 00 1 4962.871
2009 09 25 08 45 00 1 4962.893
2009 09 25 09 00 00 1 4962.908
2009 09 25 09 15 00 1 4962.921
2009 09 25 09 30 00 1 4962.933
2009 09 25 09 45 00 1 4962.942
2009 09 25 10 00 00 1 4962.944
2009 09 25 10 15 00 1 4962.945
2009 09 25 10 30 00 1 4962.941
2009 09 25 10 45 00 1 4962.938
2009 09 25 11 00 00 1 4962.928
2009 09 25 11 15 00 1 4962.913
2009 09 25 11 30 00 1 4962.896
2009 09 25 11 45 00 1 4962.874
2009 09 25 12 00 00 1 4962.850
2009 09 25 12 15 00 1 4962.824
2009 09 25 12 30 00 1 4962.798
2009 09 25 12 45 00 1 4962.767
2009 09 25 13 00 00 1 4962.735
2009 09 25 13 15 00 1 4962.700
2009 09 25 13 30 00 1 4962.664
2009 09 25 13 45 00 1 4962.628
2009 09 25 14 00 00 1 4962.594
2009 09 25 14 15 00 1 4962.564
2009 09 25 14 30 00 1 4962.534
2009 09 25 14 45 00 1 4962.508
2009 09 25 15 00 00 1 4962.483
2009 09 25 15 15 00 1 4962.461
2009 09 25 15 30 00 1 4962.443
2009 09 25 15 45 00 1 4962.427
2009 09 25 16 00 00 1 4962.414
2009 09 25 16 15 00 1 4962.398
2009 09 25 16 30 00 1 4962.390
2009 09 25 16 45 00 1 4962.384
2009 09 25 17 00 00 1 4962.383
2009 09 25 17 15 00 1 4962.382
2009 09 25 17 30 00 1 4962.388
2009 09 25 17 45 00 1 4962.398
2009 09 25 18 00 00 1 4962.409
2009 09 25 18 15 00 1 4962.428
2009 09 25 18 30 00 1 4962.445
2009 09 25 18 45 00 1 4962.462
2009 09 25 19 00 00 1 4962.483
2009 09 25 19 15 00 1 4962.506
2009 09 25 19 30 00 1 4962.531
2009 09 25 19 45 00 1 4962.559
2009 09 25 20 00 00 1 4962.583
2009 09 25 20 15 00 1 4962.606
2009 09 25 20 30 00 1 4962.629
2009 09 25 20 45 00 1 4962.651
2009 09 25 21 00 00 1 4962.673
2009 09 25 21 15 00 1 4962.691
2009 09 25 21 30 00 1 4962.709
2009 09 25 21 45 00 1 4962.725
2009 09 25 22 00 00 1 4962.738
2009 09 25 22 15 00 1 4962.748
2009 09 25 22 30 00 1 4962.756
2009 09 25 22 45 00 1 4962.765
2009 09 25 23 00 00 1 4962.769
2009 09 25 23 15 00 1 4962.771
2009 09 25 23 30 00 1 4962.771
2009 09 25 23 45 00 1 4962.767
2009 09 26 00 00 00 1 4962.760
2009 09 26 00 15 00 1 4962.748
2009 09 26 00 30 00 1 4962.735
2009 09 26 00 45 00 1 4962.722
2009 09 26 01 00 00 1 4962.705
2009 09 26 01 15 00 1 4962.689
2009 09 26 01 30 00 1 4962.669
2009 09 26 01 45 00 1 4962.650
2009 09 26 02 00 00 1 4962.630
2009 09 26 02 15 00 1 4962.609
2009 09 26 02 30 00 1 4962.591
2009 09 26 02 45 00 1 4962.571
2009 09 26 03 00 00 1 4962.552
2009 09 26 03 15 00 1 4962.533
2009 09 26 03 30 00 1 4962.517
2009 09 26 03 45 00 1 4962.505
2009 09 26 04 00 00 1 4962.491
2009 09 26 04 15 00 1 4962.480
2009 09 26 04 30 00 1 4962.475
2009 09 26 04 45 00 1 4962.471
2009 09 26 05 00 00 1 4962.474
2009 09 26 05 15 00 1 4962.474
2009 09 26 05 30 00 1 4962.481
2009 09 26 05 45 00 1 4962.486
2009 09 26 06 00 00 1 4962.495
2009 09 26 06 15 00 1 4962.511
2009 09 26 06 30 00 1 4962.528
2009 09 26 06 45 00 1 4962.545
2009 09 26 07 00 00 1 4962.565
2009 09 26 07 15 00 1 4962.587
2009 09 26 07 30 00 1 4962.612
2009 09 26 07 45 00 1 4962.636
2009 09 26 08 00 00 1 4962.659
2009 09 26 08 15 00 1 4962.684
2009 09 26 08 30 00 1 4962.710
2009 09 26 08 45 00 1 4962.735
2009 09 26 09 00 00 1 4962.758
2009 09 26 09 15 00 1 4962.784
2009 09 26 09 30 00 1 4962.808
2009 09 26 09 45 00 1 4962.831
2009 09 26 10 00 00 1 4962.852
2009 09 26 10 15 00 1 4962.871
2009 09 26 10 30 00 1 4962.888
2009 09 26 10 45 00 1 4962.902
2009 09 26 11 00 00 1 4962.912
2009 09 26 11 15 00 1 4962.919
2009 09 26 11 30 00 1 4962.923
2009 09 26 11 45 00 1 4962.922
2009 09 26 12 00 00 1 4962.921
2009 09 26 12 15 00 1 4962.914
2009 09 26 12 30 00 1 4962.905
2009 09 26 12 45 00 1 4962.890
2009 09 26 13 00 00 1 4962.874
2009 09 26 13 15 00 1 4962.852
2009 09 26 13 30 00 1 4962.827
2009 09 26 13 45 00 1 4962.802
2009 09 26 14 00 00 1 4962.773
2009 09 26 14 15 00 1 4962.743
2009 09 26 14 30 00 1 4962.715
2009 09 26 14 45 00 1 4962.685
2009 09 26 15 00 00 1 4962.656
2009 09 26 15 15 00 1 4962.625
2009 09 26 15 30 00 1 4962.594
2009 09 26 15 45 00 1 4962.563
2009 09 26 16 00 00 1 4962.534
2009 09 26 16 15 00 1 4962.504
2009 09 26 16 30 00 1 4962.479
2009 09 26 16 45 00 1 4962.453
2009 09 26 17 00 00 1 4962.431
2009 09 26 17 15 00 1 4962.413
2009 09 26 17 30 00 1 4962.400
2009 09 26 17 45 00 1 4962.389
2009 09 26 18 00 00 1 4962.384
2009 09 26 18 15 00 1 4962.380
2009 09 26 18 30 00 1 4962.384
2009 09 26 18 45 00 1 4962.387
2009 09 26 19 00 00 1 4962.393
2009 09 26 19 15 00 1 4962.401
2009 09 26 19 30 00 1 4962.411
2009 09 26 19 45 00 1 4962.428
2009 09 26 20 00 00 1 4962.443
2009 09 26 20 15 00 1 4962.464
2009 09 26 20 30 00 1 4962.487
2009 09 26 20 45 00 1 4962.509
2009 09 26 21 00 00 1 4962.531
2009 09 26 21 15 00 1 4962.557
2009 09 26 21 30 00 1 4962.584
2009 09 26 21 45 00 1 4962.612
2009 09 26 22 00 00 1 4962.640
2009 09 26 22 15 00 1 4962.666
2009 09 26 22 30 00 1 4962.694
2009 09 26 22 45 00 1 4962.717
2009 09 26 23 00 00 1 4962.740
2009 09 26 23 15 00 1 4962.763
2009 09 26 23 30 00 1 4962.781
2009 09 26 23 45 00 1 4962.793
2009 09 27 00 00 00 1 4962.804
2009 09 27 00 15 00 1 4962.814
2009 09 27 00 30 00 1 4962.818
2009 09 27 00 45 00 1 4962.819
2009 09 27 01 00 00 1 4962.818
2009 09 27 01 15 00 1 4962.813
2009 09 27 01 30 00 1 4962.808
2009 09 27 01 45 00 1 4962.795
2009 09 27 02 00 00 1 4962.783
2009 09 27 02 15 00 1 4962.765
2009 09 27 02 30 00 1 4962.746
2009 09 27 02 45 00 1 4962.724
2009 09 27 03 00 00 1 4962.704
2009 09 27 03 15 00 1 4962.678
2009 09 27 03 30 00 1 4962.651
2009 09 27 03 45 00 1 4962.628
2009 09 27 04 00 00 1 4962.603
2009 09 27 04 15 00 1 4962.577
2009 09 27 04 30 00 1 4962.555
2009 09 27 04 45 00 1 4962.536
2009 09 27 05 00 00 1 4962.519
2009 09 27 05 15 00 1 4962.503
2009 09 27 05 30 00 1 4962.486
2009 09 27 05 45 00 1 4962.474
2009 09 27 06 00 00 1 4962.468
2009 09 27 06 15 00 1 4962.462
2009 09 27 06 30 00 1 4962.458
2009 09 27 06 45 00 1 4962.457
2009 09 27 07 00 00 1 4962.461
2009 09 27 07 15 00 1 4962.470
2009 09 27 07 30 00 1 4962.481
2009 09 27 07 45 00 1 4962.495
2009 09 27 08 00 00 1 4962.514
2009 09 27 08 15 00 1 4962.535
2009 09 27 08 30 00 1 4962.559
2009 09 27 08 45 00 1 4962.587
2009 09 27 09 00 00 1 4962.614
2009 09 27 09 15 00 1 4962.644
2009 09 27 09 30 00 1 4962.674
2009 09 27 09 45 00 1 4962.708
2009 09 27 10 00 00 1 4962.741
2009 09 27 10 15 00 1 4962.773
2009 09 27 10 30 00 1 4962.805
2009 09 27 10 45 00 1 4962.836
2009 09 27 11 00 00 1 4962.865
2009 09 27 11 15 00 1 4962.889
2009 09 27 11 30 00 1 4962.912
2009 09 27 11 45 00 1 4962.933
2009 09 27 12 00 00 1 4962.950
2009 09 27 12 15 00 1 4962.963
2009 09 27 12 30 00 1 4962.969
2009 09 27 12 45 00 1 4962.975
2009 09 27 13 00 00 1 4962.977
2009 09 27 13 15 00 1 4962.975
2009 09 27 13 30 00 1 4962.966
2009 09 27 13 45 00 1 4962.951
2009 09 27 14 00 00 1 4962.934
2009 09 27 14 15 00 1 4962.915
2009 09 27 14 30 00 1 4962.888
2009 09 27 14 45 00 1 4962.858
2009 09 27 15 00 00 1 4962.827
2009 09 27 15 15 00 1 4962.795
2009 09 27 15 30 00 1 4962.759
2009 09 27 15 45 00 1 4962.726
2009 09 27 16 00 00 1 4962.687
2009 09 27 16 15 00 1 4962.648
2009 09 27 16 30 00 1 4962.609
2009 09 27 16 45 00 1 4962.568
2009 09 27 17 00 00 1 4962.532
2009 09 27 17 15 00 1 4962.497
2009 09 27 17 30 00 1 4962.466
2009 09 27 17 45 00 1 4962.434
2009 09 27 18 00 00 1 4962.406
2009 09 27 18 15 00 1 4962.383
2009 09 27 18 30 00 1 4962.361
2009 09 27 18 45 00 1 4962.347
2009 09 27 19 00 00 1 4962.335
2009 09 27 19 15 00 1 4962.328
2009 09 27 19 30 00 1 4962.324
2009 09 27 19 45 00 1 4962.328
2009 09 27 20 00 00 1 4962.335
2009 09 27 20 15 00 1 4962.349
2009 09 27 20 30 00 1 4962.364
2009 09 27 20 45 00 1 4962.386
2009 09 27 21 00 00 1 4962.409
2009 09 27 21 15 00 1 4962.439
2009 09 27 21 30 00 1 4962.469
2009 09 27 21 45 00 1 4962.504
2009 09 27 22 00 00 1 4962.540
2009 09 27 22 15 00 1 4962.573
2009 09 27 22 30 00 1 4962.609
2009 09 27 22 45 00 1 4962.645
2009 09 27 23 00 00 1 4962.683
2009 09 27 23 15 00 1 4962.717
2009 09 27 23 30 00 1 4962.753
2009 09 27 23 45 00 1 4962.786
2009 09 28 00 00 00 1 4962.815
2009 09 28 00 15 00 1 4962.842
2009 09 28 00 30 00 1 4962.867
2009 09 28 00 45 00 1 4962.886
2009 09 28 01 00 00 1 4962.899
2009 09 28 01 15 00 1 4962.911
2009 09 28 01 30 00 1 4962.919
2009 09 28 01 45 00 1 4962.920
2009 09 28 02 00 00 1 4962.918
2009 09 28 02 15 00 1 4962.911
2009 09 28 02 30 00 1 4962.899
2009 09 28 02 45 00 1 4962.883
2009 09 28 03 00 00 1 4962.861
2009 09 28 03 15 00 1 4962.835
2009 09 28 03 30 00 1 4962.810
2009 09 28 03 45 00 1 4962.782
2009 09 28 04 00 00 1 4962.747
2009 09 28 04 15 00 1 4962.716
2009 09 28 04 30 00 1 4962.678
2009 09 28 04 45 00 1 4962.642
2009 09 28 05 00 00 1 4962.607
2009 09 28 05 15 00 1 4962.572
2009 09 28 05 30 00 1 4962.539
2009 09 28 05 45 00 1 4962.507
2009 09 28 06 00 00 1 4962.480
2009 09 28 06 15 00 1 4962.453
2009 09 28 06 30 00 1 4962.429
2009 09 28 06 45 00 1 4962.411
2009 09 28 07 00 00 1 4962.399
2009 09 28 07 15 00 1 4962.391
2009 09 28 07 30 00 1 4962.387
2009 09 28 07 45 00 1 4962.386
2009 09 28 08 00 00 1 4962.391
2009 09 28 08 15 00 1 4962.402
2009 09 28 08 30 00 1 4962.418
2009 09 28 08 45 00 1 4962.439
2009 09 28 09 00 00 1 4962.464
2009 09 28 09 15 00 1 4962.494
2009 09 28 09 30 00 1 4962.533
2009 09 28 09 45 00 1 4962.571
2009 09 28 10 00 00 1 4962.613
2009 09 28 10 15 00 1 4962.653
2009 09 28 10 30 00 1 4962.693
2009 09 28 10 45 00 1 4962.734
2009 09 28 11 00 00 1 4962.776
2009 09 28 11 15 00 1 4962.814
2009 09 28 11 30 00 1 4962.852
2009 09 28 11 45 00 1 4962.892
2009 09 28 12 00 00 1 4962.929
2009 09 28 12 15 00 1 4962.963
2009 09 28 12 30 00 1 4962.992
2009 09 28 12 45 00 1 4963.018
2009 09 28 13 00 00 1 4963.039
2009 09 28 13 15 00 1 4963.055
2009 09 28 13 30 00 1 4963.063
2009 09 28 13 45 00 1 4963.067
2009 09 28 14 00 00 1 4963.066
2009 09 28 14 15 00 1 4963.058
2009 09 28 14 30 00 1 4963.044
2009 09 28 14 45 00 1 4963.027
2009 09 28 15 00 00 1 4963.003
2009 09 28 15 15 00 1 4962.976
2009 09 28 15 30 00 1 4962.944
2009 09 28 15 45 00 1 4962.906
2009 09 28 16 00 00 1 4962.862
2009 09 28 16 15 00 1 4962.814
2009 09 28 16 30 00 1 4962.767
2009 09 28 16 45 00 1 4962.719
2009 09 28 17 00 00 1 4962.667
2009 09 28 17 15 00 1 4962.618
2009 09 28 17 30 00 1 4962.567
2009 09 28 17 45 00 1 4962.520
2009 09 28 18 00 00 1 4962.471
2009 09 28 18 15 00 1 4962.428
2009 09 28 18 30 00 1 4962.387
2009 09 28 18 45 00 1 4962.352
2009 09 28 19 00 00 1 4962.322
2009 09 28 19 15 00 1 4962.295
2009 09 28 19 30 00 1 4962.278
2009 09 28 19 45 00 1 4962.265
2009 09 28 20 00 00 1 4962.259
2009 09 28 20 15 00 1 4962.259
2009 09 28 20 30 00 1 4962.268
2009 09 28 20 45 00 1 4962.278
2009 09 28 21 00 00 1 4962.294
2009 09 28 21 15 00 1 4962.316
2009 09 28 21 30 00 1 4962.340
2009 09 28 21 45 00 1 4962.370
2009 09 28 22 00 00 1 4962.405
2009 09 28 22 15 00 1 4962.444
2009 09 28 22 30 00 1 4962.486
2009 09 28 22 45 00 1 4962.531
2009 09 28 23 00 00 1 4962.579
2009 09 28 23 15 00 1 4962.628
2009 09 28 23 30 00 1 4962.677
2009 09 28 23 45 00 1 4962.723
2009 09 29 00 00 00 1 4962.767
2009 09 29 00 15 00 1 4962.811
2009 09 29 00 30 00 1 4962.854
2009 09 29 00 45 00 1 4962.893
2009 09 29 01 00 00 1 4962.927
2009 09 29 01 15 00 1 4962.955
2009 09 29 01 30 00 1 4962.979
2009 09 29 01 45 00 1 4962.998
2009 09 29 02 00 00 1 4963.012
2009 09 29 02 15 00 1 4963.019
2009 09 29 02 30 00 1 4963.022
2009 09 29 02 45 00 1 4963.015
2009 09 29 03 00 00 1 4963.003
2009 09 29 03 15 00 1 4962.985
2009 09 29 03 30 00 1 4962.962
2009 09 29 03 45 00 1 4962.935
2009 09 29 04 00 00 1 4962.902
2009 09 29 04 15 00 1 4962.863
2009 09 29 04 30 00 1 4962.822
2009 09 29 04 45 00 1 4962.781
2009 09 29 05 00 00 1 4962.737
2009 09 29 05 15 00 1 4962.691
2009 09 29 05 30 00 1 4962.645
2009 09 29 05 45 00 1 4962.596
2009 09 29 06 00 00 1 4962.550
2009 09 29 06 15 00 1 4962.503
2009 09 29 06 30 00 1 4962.462
2009 09 29 06 45 00 1 4962.423
2009 09 29 07 00 00 1 4962.388
2009 09 29 07 15 00 1 4962.361
2009 09 29 07 30 00 1 4962.339
2009 09 29 07 45 00 1 4962.321
2009 09 29 08 00 00 1 4962.308
2009 09 29 08 15 00 1 4962.302
2009 09 29 08 30 00 1 4962.302
2009 09 29 08 45 00 1 4962.309
2009 09 29 09 00 00 1 4962.325
2009 09 29 09 15 00 1 4962.349
2009 09 29 09 30 00 1 4962.379
2009 09 29 09 45 00 1 4962.411
2009 09 29 10 00 00 1 4962.448
2009 09 29 10 15 00 1 4962.494
2009 09 29 10 30 00 1 4962.541
2009 09 29 10 45 00 1 4962.588
2009 09 29 11 00 00 1 4962.641
2009 09 29 11 15 00 1 4962.695
2009 09 29 11 30 00 1 4962.752
2009 09 29 11 45 00 1 4962.806
2009 09 29 12 00 00 1 4962.859
2009 09 29 12 15 00 1 4962.910
2009 09 29 12 30 00 1 4962.960
2009 09 29 12 45 00 1 4963.003
2009 09 29 13 00 00 1 4963.045
2009 09 29 13 15 00 1 4963.081
2009 09 29 13 30 00 1 4963.112
2009 09 29 13 45 00 1 4963.133
2009 09 29 14 00 00 1 4963.153
2009 09 29 14 15 00 1 4963.162
2009 09 29 14 30 00 1 4963.167
2009 09 29 14 45 00 1 4963.162
2009 09 29 15 00 00 1 4963.151
2009 09 29 15 15 00 1 4963.131
2009 09 29 15 30 00 1 4963.104
2009 09 29 15 45 00 1 4963.070
2009 09 29 16 00 00 1 4963.034
2009 09 29 16 00 00 2 4963.034
2009 09 29 16 01 00 2 4963.031
2009 09 29 16 02 00 2 4963.029
2009 09 29 16 03 00 2 4963.026
2009 09 29 16 04 00 2 4963.023
2009 09 29 16 05 00 2 4963.020
2009 09 29 16 06 00 2 4963.016
2009 09 29 16 07 00 2 4963.014
2009 09 29 16 08 00 2 4963.011
2009 09 29 16 09 00 2 4963.008
2009 09 29 16 10 00 2 4963.005
2009 09 29 16 11 00 2 4963.003
2009 09 29 16 12 00 2 4962.999
2009 09 29 16 13 00 2 4962.996
2009 09 29 16 14 00 2 4962.994
2009 09 29 16 15 00 1 4962.992
2009 09 29 16 15 00 2 4962.990
2009 09 29 16 16 00 2 4962.987
2009 09 29 16 17 00 2 4962.984
2009 09 29 16 18 00 2 4962.981
2009 09 29 16 19 00 2 4962.978
2009 09 29 16 20 00 2 4962.974
2009 09 29 16 21 00 2 4962.972
2009 09 29 16 22 00 2 4962.969
2009 09 29 16 23 00 2 4962.966
2009 09 29 16 24 00 2 4962.961
2009 09 29 16 25 00 2 4962.958
2009 09 29 16 26 00 2 4962.955
2009 09 29 16 27 00 2 4962.952
2009 09 29 16 28 00 2 4962.949
2009 09 29 16 29 00 2 4962.945
2009 09 29 16 30 00 1 4962.943
2009 09 29 16 30 00 2 4962.942
2009 09 29 16 31 00 2 4962.939
2009 09 29 16 32 00 2 4962.935
2009 09 29 16 33 00 2 4962.932
2009 09 29 16 34 00 2 4962.929
2009 09 29 16 35 00 2 4962.925
2009 09 29 16 36 00 2 4962.921
2009 09 29 16 37 00 2 4962.918
2009 09 29 16 38 00 2 4962.913
2009 09 29 16 39 00 2 4962.910
2009 09 29 16 40 00 2 4962.907
2009 09 29 16 41 00 2 4962.903
2009 09 29 16 42 00 2 4962.900
2009 09 29 16 43 00 2 4962.895
2009 09 29 16 44 00 2 4962.892
2009 09 29 16 45 00 1 4962.889
2009 09 29 16 45 00 2 4962.888
2009 09 29 16 46 00 2 4962.884
2009 09 29 16 47 00 2 4962.880
2009 09 29 16 48 00 2 4962.877
2009 09 29 16 49 00 2 4962.873
2009 09 29 16 50 00 2 4962.869
2009 09 29 16 51 00 2 4962.865
2009 09 29 16 52 00 2 4962.861
2009 09 29 16 53 00 2 4962.857
2009 09 29 16 54 00 2 4962.854
2009 09 29 16 55 00 2 4962.850
2009 09 29 16 56 00 2 4962.846
2009 09 29 16 57 00 2 4962.842
2009 09 29 16 58 00 2 4962.839
2009 09 29 16 59 00 2 4962.834
2009 09 29 17 00 00 1 4962.832
2009 09 29 17 00 00 2 4962.831
2009 09 29 17 01 00 2 4962.826
2009 09 29 17 02 00 2 4962.822
2009 09 29 17 03 00 2 4962.819
2009 09 29 17 04 00 2 4962.815
2009 09 29 17 05 00 2 4962.811
2009 09 29 17 06 00 2 4962.807
2009 09 29 17 07 00 2 4962.804
2009 09 29 17 08 00 2 4962.800
2009 09 29 17 09 00 2 4962.796
2009 09 29 17 10 00 2 4962.793
2009 09 29 17 11 00 2 4962.788
2009 09 29 17 12 00 2 4962.784
2009 09 29 17 13 00 2 4962.780
2009 09 29 17 14 00 2 4962.777
2009 09 29 17 15 00 1 9999.000
2009 09 29 17 15 00 2 4962.772
2009 09 29 17 16 00 2 4962.768
2009 09 29 17 17 00 2 4962.763
2009 09 29 17 18 00 2 4962.759
2009 09 29 17 19 00 2 4962.755
2009 09 29 17 20 00 2 4962.751
2009 09 29 17 21 00 2 4962.747
2009 09 29 17 22 00 2 4962.742
2009 09 29 17 23 00 2 4962.737
2009 09 29 17 24 00 2 4962.734
2009 09 29 17 25 00 2 4962.730
2009 09 29 17 26 00 2 4962.725
2009 09 29 17 27 00 2 4962.721
2009 09 29 17 28 00 2 4962.718
2009 09 29 17 29 00 2 4962.714
2009 09 29 17 30 00 1 9999.000
2009 09 29 17 30 00 2 4962.709
2009 09 29 17 31 00 2 4962.705
2009 09 29 17 32 00 2 4962.701
2009 09 29 17 33 00 2 4962.696
2009 09 29 17 34 00 2 4962.693
2009 09 29 17 35 00 2 4962.689
2009 09 29 17 36 00 2 4962.685
2009 09 29 17 37 00 2 4962.679
2009 09 29 17 38 00 2 4962.676
2009 09 29 17 39 00 2 4962.672
2009 09 29 17 40 00 2 4962.668
2009 09 29 17 41 00 2 4962.664
2009 09 29 17 42 00 2 4962.660
2009 09 29 17 43 00 2 4962.656
2009 09 29 17 44 00 2 4962.650
2009 09 29 17 45 00 1 9999.000
2009 09 29 17 45 00 2 4962.646
2009 09 29 17 46 00 2 4962.642
2009 09 29 17 47 00 2 4962.638
2009 09 29 17 48 00 2 4962.633
2009 09 29 17 49 00 2 4962.630
2009 09 29 17 50 00 2 4962.626
2009 09 29 17 51 00 2 4962.622
2009 09 29 17 52 00 2 4962.634
2009 09 29 17 52 00 3 4962.628
2009 09 29 17 52 15 3 4962.596
2009 09 29 17 52 30 3 4962.653
2009 09 29 17 52 45 3 4962.657
2009 09 29 17 53 00 2 4962.604
2009 09 29 17 53 00 3 4962.380
2009 09 29 17 53 15 3 4962.821
2009 09 29 17 53 30 3 4962.693
2009 09 29 17 53 45 3 4962.523
2009 09 29 17 54 00 2 4962.611
2009 09 29 17 54 00 3 4962.592
2009 09 29 17 54 15 3 4962.577
2009 09 29 17 54 30 3 4962.562
2009 09 29 17 54 45 3 4962.590
2009 09 29 17 55 00 2 4962.623
2009 09 29 17 55 00 3 4962.583
2009 09 29 17 55 15 3 4962.620
2009 09 29 17 55 30 3 4962.704
2009 09 29 17 55 45 3 4962.587
2009 09 29 17 56 00 2 4962.553
2009 09 29 17 57 00 2 4962.679
2009 09 29 17 58 00 2 4962.488
2009 09 29 17 59 00 2 4962.646
2009 09 29 18 00 00 1 9999.000
2009 09 29 18 00 00 2 4962.555
2009 09 29 18 01 00 2 4962.609
2009 09 29 18 02 00 2 4962.642
2009 09 29 18 03 00 2 4962.532
2009 09 29 18 04 00 2 4962.551
2009 09 29 18 05 00 2 4962.544
2009 09 29 18 06 00 2 4962.568
2009 09 29 18 07 00 2 4962.569
2009 09 29 18 08 00 2 4962.528
2009 09 29 18 09 00 2 4962.584
2009 09 29 18 10 00 2 4962.509
2009 09 29 18 11 00 2 4962.541
2009 09 29 18 12 00 2 4962.552
2009 09 29 18 13 00 2 4962.532
2009 09 29 18 14 00 2 4962.554
2009 09 29 18 15 00 1 9999.000
2009 09 29 18 15 00 2 4962.508
2009 09 29 18 16 00 2 4962.469
2009 09 29 18 17 00 2 4962.545
2009 09 29 18 18 00 2 4962.504
2009 09 29 18 19 00 2 4962.528
2009 09 29 18 20 00 2 4962.485
2009 09 29 18 21 00 2 4962.505
2009 09 29 18 22 00 2 4962.478
2009 09 29 18 23 00 2 4962.500
2009 09 29 18 24 00 2 4962.476
2009 09 29 18 25 00 2 4962.500
2009 09 29 18 26 00 2 4962.481
2009 09 29 18 27 00 2 4962.474
2009 09 29 18 28 00 2 4962.473
2009 09 29 18 29 00 2 4962.438
2009 09 29 18 30 00 1 9999.000
2009 09 29 18 30 00 2 4962.504
2009 09 29 18 31 00 2 4962.437
2009 09 29 18 32 00 2 4962.466
2009 09 29 18 33 00 2 4962.471
2009 09 29 18 34 00 2 4962.428
2009 09 29 18 35 00 2 4962.457
2009 09 29 18 36 00 2 4962.435
2009 09 29 18 37 00 2 4962.454
2009 09 29 18 38 00 2 4962.435
2009 09 29 18 39 00 2 4962.431
2009 09 29 18 40 00 2 4962.434
2009 09 29 18 41 00 2 4962.410
2009 09 29 18 42 00 2 4962.423
2009 09 29 18 43 00 2 4962.425
2009 09 29 18 44 00 2 4962.415
2009 09 29 18 45 00 1 9999.000
2009 09 29 18 45 00 2 4962.403
2009 09 29 18 46 00 2 4962.414
2009 09 29 18 47 00 2 4962.405
2009 09 29 18 48 00 2 4962.401
2009 09 29 18 49 00 2 4962.390
2009 09 29 18 50 00 2 4962.391
2009 09 29 18 51 00 2 4962.395
2009 09 29 18 52 00 2 4962.373
2009 09 29 18 53 00 2 4962.361
2009 09 29 18 54 00 2 4962.355
2009 09 29 18 55 00 2 4962.376
2009 09 29 18 56 00 2 4962.387
2009 09 29 18 57 00 2 4962.397
2009 09 29 18 58 00 2 4962.395
2009 09 29 18 59 00 2 4962.403
2009 09 29 19 00 00 1 9999.000
2009 09 29 19 00 00 2 4962.377
2009 09 29 19 01 00 2 4962.364
2009 09 29 19 02 00 2 4962.360
2009 09 29 19 03 00 2 4962.363
2009 09 29 19 04 00 2 4962.349
2009 09 29 19 05 00 2 4962.331
2009 09 29 19 06 00 2 4962.334
2009 09 29 19 07 00 2 4962.351
2009 09 29 19 08 00 2 4962.363
2009 09 29 19 09 00 2 4962.342
2009 09 29 19 10 00 2 4962.335
2009 09 29 19 11 00 2 4962.335
2009 09 29 19 12 00 2 4962.325
2009 09 29 19 13 00 2 4962.319
2009 09 29 19 14 00 2 4962.319
2009 09 29 19 15 00 1 9999.000
2009 09 29 19 15 00 2 4962.339
2009 09 29 19 16 00 2 4962.324
2009 09 29 19 17 00 2 4962.306
2009 09 29 19 18 00 2 4962.316
2009 09 29 19 19 00 2 4962.311
2009 09 29 19 20 00 2 4962.306
2009 09 29 19 21 00 2 4962.315
2009 09 29 19 22 00 2 4962.300
2009 09 29 19 23 00 2 4962.296
2009 09 29 19 24 00 2 4962.281
2009 09 29 19 25 00 2 4962.279
2009 09 29 19 26 00 2 4962.288
2009 09 29 19 27 00 2 4962.279
2009 09 29 19 28 00 2 4962.274
2009 09 29 19 29 00 2 4962.286
2009 09 29 19 30 00 1 9999.000
2009 09 29 19 30 00 2 4962.270
2009 09 29 19 31 00 2 4962.285
2009 09 29 19 32 00 2 4962.285
2009 09 29 19 33 00 2 4962.271
2009 09 29 19 34 00 2 4962.251
2009 09 29 19 35 00 2 4962.259
2009 09 29 19 36 00 2 4962.278
2009 09 29 19 37 00 2 4962.263
2009 09 29 19 38 00 2 4962.261
2009 09 29 19 39 00 2 4962.255
2009 09 29 19 40 00 2 4962.241
2009 09 29 19 41 00 2 4962.251
2009 09 29 19 42 00 2 4962.256
2009 09 29 19 43 00 2 4962.260
2009 09 29 19 44 00 2 4962.261
2009 09 29 19 45 00 1 9999.000
2009 09 29 19 45 00 2 4962.249
2009 09 29 19 46 00 2 4962.249
2009 09 29 19 47 00 2 4962.250
2009 09 29 19 48 00 2 4962.235
2009 09 29 19 49 00 2 4962.222
2009 09 29 19 50 00 2 4962.213
2009 09 29 19 51 00 2 4962.235
2009 09 29 19 52 00 2 4962.248
2009 09 29 19 53 00 2 4962.220
2009 09 29 19 54 00 2 4962.208
2009 09 29 19 55 00 2 4962.232
2009 09 29 19 56 00 2 4962.244
2009 09 29 19 57 00 2 4962.245
2009 09 29 19 58 00 2 4962.220
2009 09 29 19 59 00 2 4962.217
2009 09 29 20 00 00 1 9999.000
2009 09 29 20 00 00 2 4962.228
2009 09 29 20 01 00 2 4962.217
2009 09 29 20 02 00 2 4962.206
2009 09 29 20 03 00 2 4962.201
2009 09 29 20 04 00 2 4962.203
2009 09 29 20 05 00 2 4962.216
2009 09 29 20 06 00 2 4962.231
2009 09 29 20 07 00 2 4962.218
2009 09 29 20 08 00 2 4962.218
2009 09 29 20 09 00 2 4962.215
2009 09 29 20 10 00 2 4962.194
2009 09 29 20 11 00 2 4962.176
2009 09 29 20 12 00 2 4962.198
2009 09 29 20 13 00 2 4962.232
2009 09 29 20 14 00 2 4962.201
2009 09 29 20 15 00 1 9999.000
2009 09 29 20 15 00 2 4962.172
2009 09 29 20 16 00 2 4962.188
2009 09 29 20 17 00 2 4962.202
2009 09 29 20 18 00 2 4962.199
2009 09 29 20 19 00 2 4962.193
2009 09 29 20 20 00 2 4962.194
2009 09 29 20 21 00 2 4962.177
2009 09 29 20 22 00 2 4962.202
2009 09 29 20 23 00 2 4962.204
2009 09 29 20 24 00 2 4962.184
2009 09 29 20 25 00 2 4962.209
2009 09 29 20 26 00 2 4962.194
2009 09 29 20 27 00 2 4962.182
2009 09 29 20 28 00 2 4962.189
2009 09 29 20 29 00 2 4962.207
2009 09 29 20 30 00 1 9999.000
2009 09 29 20 30 00 2 4962.225
2009 09 29 20 31 00 2 4962.196
2009 09 29 20 32 00 2 4962.162
2009 09 29 20 33 00 2 4962.152
2009 09 29 20 34 00 2 4962.163
2009 09 29 20 35 00 2 4962.176
2009 09 29 20 36 00 2 4962.193
2009 09 29 20 37 00 2 4962.204
2009 09 29 20 38 00 2 4962.184
2009 09 29 20 39 00 2 4962.172
2009 09 29 20 40 00 2 4962.182
2009 09 29 20 41 00 2 4962.194
2009 09 29 20 42 00 2 4962.195
2009 09 29 20 43 00 2 4962.183
2009 09 29 20 44 00 2 4962.183
2009 09 29 20 45 00 1 9999.000
2009 09 29 20 45 00 2 4962.186
2009 09 29 20 46 00 2 4962.182
2009 09 29 20 47 00 2 4962.190
2009 09 29 20 48 00 2 4962.190
2009 09 29 20 49 00 2 4962.171
2009 09 29 20 50 00 2 4962.177
2009 09 29 20 51 00 2 4962.194
2009 09 29 20 52 00 2 4962.186
2009 09 29 20 53 00 2 4962.176
2009 09 29 20 54 00 2 4962.172
2009 09 29 20 55 00 2 4962.182
2009 09 29 20 56 00 2 4962.180
2009 09 29 20 57 00 2 4962.185
2009 09 29 20 58 00 2 4962.205
2009 09 29 20 59 00 2 4962.201
2009 09 29 21 00 00 1 9999.000
2009 09 29 21 00 00 2 4962.184
2009 09 29 21 01 00 2 4962.166
2009 09 29 21 02 00 2 4962.174
2009 09 29 21 03 00 2 4962.199
2009 09 29 21 04 00 2 4962.207
2009 09 29 21 05 00 2 4962.199
2009 09 29 21 06 00 2 4962.179
2009 09 29 21 07 00 2 4962.175
2009 09 29 21 08 00 2 4962.194
2009 09 29 21 09 00 2 4962.199
2009 09 29 21 10 00 2 4962.184
2009 09 29 21 11 00 2 4962.182
2009 09 29 21 12 00 2 4962.189
2009 09 29 21 13 00 2 4962.203
2009 09 29 21 14 00 2 4962.207
2009 09 29 21 15 00 1 9999.000
2009 09 29 21 15 00 2 4962.196
2009 09 29 21 16 00 2 4962.196
2009 09 29 21 17 00 2 4962.203
2009 09 29 21 18 00 2 4962.212
2009 09 29 21 19 00 2 4962.230
2009 09 29 21 20 00 2 4962.228
2009 09 29 21 21 00 2 4962.201
2009 09 29 21 22 00 2 4962.188
2009 09 29 21 23 00 2 4962.191
2009 09 29 21 24 00 2 4962.207
2009 09 29 21 25 00 2 4962.221
2009 09 29 21 26 00 2 4962.220
2009 09 29 21 27 00 2 4962.221
2009 09 29 21 28 00 2 4962.202
2009 09 29 21 29 00 2 4962.189
2009 09 29 21 30 00 1 9999.000
2009 09 29 21 30 00 2 4962.195
2009 09 29 21 31 00 2 4962.214
2009 09 29 21 32 00 2 4962.233
2009 09 29 21 33 00 2 4962.233
2009 09 29 21 34 00 2 4962.225
2009 09 29 21 35 00 2 4962.235
2009 09 29 21 36 00 2 4962.246
2009 09 29 21 37 00 2 4962.247
2009 09 29 21 38 00 2 4962.235
2009 09 29 21 39 00 2 4962.218
2009 09 29 21 40 00 2 4962.212
2009 09 29 21 41 00 2 4962.228
2009 09 29 21 42 00 2 4962.244
2009 09 29 21 43 00 2 4962.253
2009 09 29 21 44 00 2 4962.248
2009 09 29 21 45 00 1 9999.000
2009 09 29 21 45 00 2 4962.252
2009 09 29 21 46 00 2 4962.263
2009 09 29 21 47 00 2 4962.262
2009 09 29 21 48 00 2 4962.243
2009 09 29 21 49 00 2 4962.241
2009 09 29 21 50 00 2 4962.250
2009 09 29 21 51 00 2 4962.266
2009 09 29 21 52 00 2 4962.274
2009 09 29 21 53 00 2 4962.264
2009 09 29 21 54 00 2 4962.251
2009 09 29 21 55 00 2 4962.248
2009 09 29 21 56 00 2 4962.269
2009 09 29 21 57 00 2 4962.278
2009 09 29 21 58 00 2 4962.266
2009 09 29 21 59 00 2 4962.277
2009 09 29 22 00 00 1 9999.000
2009 09 29 22 00 00 2 4962.305
2009 09 29 22 01 00 2 4962.309
2009 09 29 22 02 00 2 4962.289
2009 09 29 22 03 00 2 4962.273
2009 09 29 22 04 00 2 4962.280
2009 09 29 22 05 00 2 4962.292
2009 09 29 22 06 00 2 4962.296
2009 09 29 22 07 00 2 4962.291
2009 09 29 22 08 00 2 4962.292
2009 09 29 22 09 00 2 4962.302
2009 09 29 22 10 00 2 4962.308
2009 09 29 22 11 00 2 4962.299
2009 09 29 22 12 00 2 4962.310
2009 09 29 22 13 00 2 4962.313
2009 09 29 22 14 00 2 4962.299
2009 09 29 22 15 00 1 9999.000
2009 09 29 22 15 00 2 4962.303
2009 09 29 22 16 00 2 4962.325
2009 09 29 22 17 00 2 4962.338
2009 09 29 22 18 00 2 4962.341
2009 09 29 22 19 00 2 4962.326
2009 09 29 22 20 00 2 4962.318
2009 09 29 22 21 00 2 4962.317
2009 09 29 22 22 00 2 4962.332
2009 09 29 22 23 00 2 4962.338
2009 09 29 22 24 00 2 4962.338
2009 09 29 22 25 00 2 4962.347
2009 09 29 22 26 00 2 4962.348
2009 09 29 22 27 00 2 4962.354
2009 09 29 22 28 00 2 4962.359
2009 09 29 22 29 00 2 4962.347
2009 09 29 22 30 00 1 9999.000
2009 09 29 22 30 00 2 4962.338
2009 09 29 22 31 00 2 4962.341
2009 09 29 22 32 00 2 4962.367
2009 09 29 22 33 00 2 4962.386
2009 09 29 22 34 00 2 4962.386
2009 09 29 22 35 00 2 4962.377
2009 09 29 22 36 00 2 4962.373
2009 09 29 22 37 00 2 4962.380
2009 09 29 22 38 00 2 4962.390
2009 09 29 22 39 00 2 4962.403
2009 09 29 22 40 00 2 4962.395
2009 09 29 22 41 00 2 4962.384
2009 09 29 22 42 00 2 4962.383
2009 09 29 22 43 00 2 4962.399
2009 09 29 22 44 00 2 4962.408
2009 09 29 22 45 00 1 9999.000
2009 09 29 22 45 00 2 4962.418
2009 09 29 22 46 00 2 4962.425
2009 09 29 22 47 00 2 4962.407
2009 09 29 22 48 00 2 4962.397
2009 09 29 22 49 00 2 4962.403
2009 09 29 22 50 00 2 4962.427
2009 09 29 22 51 00 2 4962.439
2009 09 29 22 52 00 2 4962.430
2009 09 29 22 53 00 2 4962.425
2009 09 29 22 54 00 2 4962.441
2009 09 29 22 55 00 2 4962.446
2009 09 29 22 56 00 2 4962.447
2009 09 29 22 57 00 2 4962.448
2009 09 29 22 58 00 2 4962.452
2009 09 29 22 59 00 2 4962.446
2009 09 29 23 00 00 1 9999.000
2009 09 29 23 00 00 2 4962.435
2009 09 29 23 01 00 2 4962.440
2009 09 29 23 02 00 2 4962.462
2009 09 29 23 03 00 2 4962.479
2009 09 29 23 04 00 2 4962.480
2009 09 29 23 05 00 2 4962.473
2009 09 29 23 06 00 2 4962.482
2009 09 29 23 07 00 2 4962.489
2009 09 29 23 08 00 2 4962.492
2009 09 29 23 09 00 2 4962.495
2009 09 29 23 10 00 2 4962.506
2009 09 29 23 11 00 2 4962.509
2009 09 29 23 12 00 2 4962.509
2009 09 29 23 13 00 2 4962.499
2009 09 29 23 14 00 2 4962.498
2009 09 29 23 15 00 1 9999.000
2009 09 29 23 15 00 2 4962.502
2009 09 29 23 16 00 2 4962.507
2009 09 29 23 17 00 2 4962.515
2009 09 29 23 18 00 2 4962.534
2009 09 29 23 19 00 2 4962.544
2009 09 29 23 20 00 2 4962.546
2009 09 29 23 21 00 2 4962.543
2009 09 29 23 22 00 2 4962.540
2009 09 29 23 23 00 2 4962.536
2009 09 29 23 24 00 2 4962.540
2009 09 29 23 25 00 2 4962.549
2009 09 29 23 26 00 2 4962.558
2009 09 29 23 27 00 2 4962.562
2009 09 29 23 28 00 2 4962.555
2009 09 29 23 29 00 2 4962.559
2009 09 29 23 30 00 1 9999.000
2009 09 29 23 30 00 2 4962.567
2009 09 29 23 31 00 2 4962.587
2009 09 29 23 32 00 2 4962.597
2009 09 29 23 33 00 2 4962.599
2009 09 29 23 34 00 2 4962.590
2009 09 29 23 35 00 2 4962.584
2009 09 29 23 36 00 2 4962.588
2009 09 29 23 37 00 2 4962.600
2009 09 29 23 38 00 2 4962.611
2009 09 29 23 39 00 2 4962.615
2009 09 29 23 40 00 2 4962.623
2009 09 29 23 41 00 2 4962.624
2009 09 29 23 42 00 2 4962.615
2009 09 29 23 43 00 2 4962.622
2009 09 29 23 44 00 2 4962.622
2009 09 29 23 45 00 1 9999.000
2009 09 29 23 45 00 2 4962.623
2009 09 29 23 46 00 2 4962.634
2009 09 29 23 47 00 2 4962.643
2009 09 29 23 48 00 2 4962.647
2009 09 29 23 49 00 2 4962.654
2009 09 29 23 50 00 2 4962.652
2009 09 29 23 51 00 2 4962.657
2009 09 29 23 52 00 2 4962.669
2009 09 29 23 53 00 2 4962.677
2009 09 29 23 54 00 2 4962.670
2009 09 29 23 55 00 2 4962.665
2009 09 29 23 56 00 2 4962.673
2009 09 29 23 57 00 2 4962.687
2009 09 29 23 58 00 2 4962.685
2009 09 29 23 59 00 2 4962.680
2009 09 30 00 00 00 1 9999.000
2009 09 30 00 00 00 2 4962.700
2009 09 30 00 01 00 2 4962.707
2009 09 30 00 02 00 2 4962.704
2009 09 30 00 03 00 2 4962.700
2009 09 30 00 04 00 2 4962.706
2009 09 30 00 05 00 2 4962.717
2009 09 30 00 06 00 2 4962.731
2009 09 30 00 07 00 2 4962.728
2009 09 30 00 08 00 2 4962.725
2009 09 30 00 09 00 2 4962.727
2009 09 30 00 10 00 2 4962.734
2009 09 30 00 11 00 2 4962.747
2009 09 30 00 12 00 2 4962.747
2009 09 30 00 13 00 2 4962.743
2009 09 30 00 14 00 2 4962.751
2009 09 30 00 15 00 1 9999.000
2009 09 30 00 15 00 2 4962.759
2009 09 30 00 16 00 2 4962.754
2009 09 30 00 17 00 2 4962.758
2009 09 30 00 18 00 2 4962.769
2009 09 30 00 19 00 2 4962.770
2009 09 30 00 20 00 2 4962.764
2009 09 30 00 21 00 2 4962.775
2009 09 30 00 22 00 2 4962.788
2009 09 30 00 23 00 2 4962.801
2009 09 30 00 24 00 2 4962.804
2009 09 30 00 25 00 2 4962.792
2009 09 30 00 26 00 2 4962.784
2009 09 30 00 27 00 2 4962.794
2009 09 30 00 28 00 2 4962.797
2009 09 30 00 29 00 2 4962.794
2009 09 30 00 30 00 1 9999.000
2009 09 30 00 30 00 2 4962.804
2009 09 30 00 31 00 2 4962.816
2009 09 30 00 32 00 2 4962.826
2009 09 30 00 33 00 2 4962.827
2009 09 30 00 34 00 2 4962.823
2009 09 30 00 35 00 2 4962.822
2009 09 30 00 36 00 2 4962.838
2009 09 30 00 37 00 2 4962.850
2009 09 30 00 38 00 2 4962.854
2009 09 30 00 39 00 2 4962.855
2009 09 30 00 40 00 2 4962.851
2009 09 30 00 41 00 2 4962.841
2009 09 30 00 42 00 2 4962.832
2009 09 30 00 43 00 2 4962.847
2009 09 30 00 44 00 2 4962.867
2009 09 30 00 45 00 1 9999.000
2009 09 30 00 45 00 2 4962.877
2009 09 30 00 46 00 2 4962.866
2009 09 30 00 47 00 2 4962.863
2009 09 30 00 48 00 2 4962.879
2009 09 30 00 49 00 2 4962.886
2009 09 30 00 50 00 2 4962.881
2009 09 30 00 51 00 2 4962.884
2009 09 30 00 52 00 2 4962.893
2009 09 30 00 53 00 2 4962.889
2009 09 30 00 54 00 2 4962.881
2009 09 30 00 55 00 2 4962.891
2009 09 30 00 56 00 2 4962.913
2009 09 30 00 57 00 2 4962.920
2009 09 30 00 58 00 2 4962.915
2009 09 30 00 59 00 2 4962.915
2009 09 30 01 00 00 1 9999.000
2009 09 30 01 15 00 1 4962.969
2009 09 30 01 30 00 1 4963.007
2009 09 30 01 45 00 1 4963.039
2009 09 30 02 00 00 1 4963.069
2009 09 30 02 15 00 1 4963.105
2009 09 30 02 30 00 1 4963.121
2009 09 30 02 45 00 1 4963.123
2009 09 30 03 00 00 1 4963.125
2009 09 30 03 15 00 1 4963.115
2009 09 30 03 30 00 1 4963.101
2009 09 30 03 45 00 1 4963.082
2009 09 30 04 00 00 1 4963.063
2009 09 30 04 15 00 1 4963.023
2009 09 30 04 30 00 1 4962.976
2009 09 30 04 45 00 1 4962.922
2009 09 30 05 00 00 1 4962.877
2009 09 30 05 15 00 1 4962.821
2009 09 30 05 30 00 1 4962.771
2009 09 30 05 45 00 1 4962.699
2009 09 30 06 00 00 1 4962.649
2009 09 30 06 15 00 1 4962.583
2009 09 30 06 30 00 1 4962.525
2009 09 30 06 45 00 1 4962.462
2009 09 30 07 00 00 1 4962.416
2009 09 30 07 15 00 1 4962.362
2009 09 30 07 30 00 1 4962.324
2009 09 30 07 45 00 1 4962.286
2009 09 30 08 00 00 1 4962.256
2009 09 30 08 15 00 1 4962.229
2009 09 30 08 30 00 1 4962.217
2009 09 30 08 45 00 1 4962.207
2009 09 30 09 00 00 1 4962.209
2009 09 30 09 15 00 1 4962.221
2009 09 30 09 30 00 1 4962.239
2009 09 30 09 45 00 1 4962.267
2009 09 30 10 00 00 1 4962.296
2009 09 30 10 15 00 1 4962.333
2009 09 30 10 30 00 1 4962.376
2009 09 30 10 45 00 1 4962.426
2009 09 30 11 00 00 1 4962.488
2009 09 30 11 15 00 1 4962.541
2009 09 30 11 30 00 1 4962.602
2009 09 30 11 45 00 1 4962.669
2009 09 30 12 00 00 1 4962.734
2009 09 30 12 15 00 1 4962.793
2009 09 30 12 30 00 1 4962.860
2009 09 30 12 45 00 1 4962.921
2009 09 30 13 00 00 1 4962.980
2009 09 30 13 15 00 1 4963.034
2009 09 30 13 30 00 1 4963.088
2009 09 30 13 45 00 1 4963.130
2009 09 30 14 00 00 1 4963.163
2009 09 30 14 15 00 1 4963.199
2009 09 30 14 30 00 1 4963.222
2009 09 30 14 45 00 1 4963.233
2009 09 30 15 00 00 1 4963.243
2009 09 30 15 15 00 1 4963.237
2009 09 30 15 30 00 1 4963.222
2009 09 30 15 45 00 1 4963.205
2009 09 30 16 00 00 1 4963.174
2009 09 30 16 15 00 1 4963.139
2009 09 30 16 30 00 1 4963.091
2009 09 30 16 45 00 1 4963.036
2009 09 30 17 00 00 1 4962.980
2009 09 30 17 15 00 1 4962.923
2009 09 30 17 30 00 1 4962.855
2009 09 30 17 45 00 1 4962.790
2009 09 30 18 00 00 1 4962.715
2009 09 30 18 15 00 1 4962.643
2009 09 30 18 30 00 1 4962.565
2009 09 30 18 45 00 1 4962.503
2009 09 30 19 00 00 1 4962.432
2009 09 30 19 15 00 1 4962.372
2009 09 30 19 30 00 1 4962.313
2009 09 30 19 45 00 1 4962.263
2009 09 30 20 00 00 1 4962.214
2009 09 30 20 15 00 1 4962.174
2009 09 30 20 30 00 1 4962.144
2009 09 30 20 45 00 1 4962.122
2009 09 30 21 00 00 1 4962.111
2009 09 30 21 15 00 1 4962.101
2009 09 30 21 30 00 1 4962.108
2009 09 30 21 45 00 1 4962.122
2009 09 30 22 00 00 1 4962.143
2009 09 30 22 15 00 1 4962.169
2009 09 30 22 30 00 1 4962.204
2009 09 30 22 45 00 1 4962.253
2009 09 30 23 00 00 1 4962.301
2009 09 30 23 15 00 1 4962.356
2009 09 30 23 30 00 1 4962.418
2009 09 30 23 45 00 1 4962.478
2009 10 01 00 00 00 1 4962.548
2009 10 01 00 15 00 1 4962.624
2009 10 01 00 30 00 1 4962.692
2009 10 01 00 45 00 1 4962.752
2009 10 01 01 00 00 1 4962.830
2009 10 01 01 15 00 1 4962.893
2009 10 01 01 30 00 1 4962.961
2009 10 01 01 45 00 1 4963.019
2009 10 01 02 00 00 1 4963.067
2009 10 01 02 15 00 1 4963.112
2009 10 01 02 30 00 1 4963.150
2009 10 01 02 45 00 1 4963.173
2009 10 01 03 00 00 1 4963.192
2009 10 01 03 15 00 1 4963.199
2009 10 01 03 30 00 1 4963.202
2009 10 01 03 45 00 1 4963.193
2009 10 01 04 00 00 1 4963.175
2009 10 01 04 15 00 1 4963.151
2009 10 01 04 30 00 1 4963.116
2009 10 01 04 45 00 1 4963.077
2009 10 01 05 00 00 1 4963.029
2009 10 01 05 15 00 1 4962.973
2009 10 01 05 30 00 1 4962.914
2009 10 01 05 45 00 1 4962.844
2009 10 01 06 00 00 1 4962.779
2009 10 01 06 15 00 1 4962.705
2009 10 01 06 30 00 1 4962.636
2009 10 01 06 45 00 1 4962.567
2009 10 01 07 00 00 1 4962.495
2009 10 01 07 15 00 1 4962.432
2009 10 01 07 30 00 1 4962.368
2009 10 01 07 45 00 1 4962.307
2009 10 01 08 00 00 1 4962.257
2009 10 01 08 15 00 1 4962.210
2009 10 01 08 30 00 1 4962.178
2009 10 01 08 45 00 1 4962.146
2009 10 01 09 00 00 1 4962.128
2009 10 01 09 15 00 1 4962.116
2009 10 01 09 30 00 1 4962.117
2009 10 01 09 45 00 1 4962.124
2009 10 01 10 00 00 1 4962.140
2009 10 01 10 15 00 1 4962.168
2009 10 01 10 30 00 1 4962.204
2009 10 01 10 45 00 1 4962.244
2009 10 01 11 00 00 1 4962.292
2009 10 01 11 15 00 1 4962.347
2009 10 01 11 30 00 1 4962.407
2009 10 01 11 45 00 1 4962.474
2009 10 01 12 00 00 1 4962.541
2009 10 01 12 15 00 1 4962.612
2009 10 01 12 30 00 1 4962.688
2009 10 01 12 45 00 1 4962.763
2009 10 01 13 00 00 1 4962.837
2009 10 01 13 15 00 1 4962.910
2009 10 01 13 30 00 1 4962.976
2009 10 01 13 45 00 1 4963.039
2009 10 01 14 00 00 1 4963.099
2009 10 01 14 15 00 1 4963.149
2009 10 01 14 30 00 1 4963.194
2009 10 01 14 45 00 1 4963.229
2009 10 01 15 00 00 1 4963.259
2009 10 01 15 15 00 1 4963.278
2009 10 01 15 30 00 1 4963.286
2009 10 01 15 45 00 1 4963.284
2009 10 01 16 00 00 1 4963.271
2009 10 01 16 15 00 1 4963.250
2009 10 01 16 30 00 1 4963.216
2009 10 01 16 45 00 1 4963.178
2009 10 01 17 00 00 1 4963.127
2009 10 01 17 15 00 1 4963.072
2009 10 01 17 30 00 1 4963.010
2009 10 01 17 45 00 1 4962.941
2009 10 01 18 00 00 1 4962.871
2009 10 01 18 15 00 1 4962.795
2009 10 01 18 30 00 1 4962.715
2009 10 01 18 45 00 1 4962.637
2009 10 01 19 00 00 1 4962.555
2009 10 01 19 15 00 1 4962.477
2009 10 01 19 30 00 1 4962.405
2009 10 01 19 45 00 1 4962.335
2009 10 01 20 00 00 1 4962.271
2009 10 01 20 15 00 1 4962.212
2009 10 01 20 30 00 1 4962.161
2009 10 01 20 45 00 1 4962.119
2009 10 01 21 00 00 1 4962.088
2009 10 01 21 15 00 1 4962.066
2009 10 01 21 30 00 1 4962.050
2009 10 01 21 45 00 1 4962.044
2009 10 01 22 00 00 1 4962.050
2009 10 01 22 15 00 1 4962.065
2009 10 01 22 30 00 1 4962.089
2009 10 01 22 45 00 1 4962.123
2009 10 01 23 00 00 1 4962.167
2009 10 01 23 15 00 1 4962.216
2009 10 01 23 30 00 1 4962.277
2009 10 01 23 45 00 1 4962.341
2009 10 02 00 00 00 1 4962.409
2009 10 02 00 15 00 1 4962.481
2009 10 02 00 30 00 1 4962.557
2009 10 02 00 45 00 1 4962.635
2009 10 02 01 00 00 1 4962.713
2009 10 02 01 15 00 1 4962.790
2009 10 02 01 30 00 1 4962.869
2009 10 02 01 45 00 1 4962.943
2009 10 02 02 00 00 1 4963.012
2009 10 02 02 15 00 1 4963.077
2009 10 02 02 30 00 1 4963.130
2009 10 02 02 45 00 1 4963.176
2009 10 02 03 00 00 1 4963.213
2009 10 02 03 15 00 1 4963.240
2009 10 02 03 30 00 1 4963.259
2009 10 02 03 45 00 1 4963.273
2009 10 02 04 00 00 1 4963.273
2009 10 02 04 15 00 1 4963.260
2009 10 02 04 30 00 1 4963.243
2009 10 02 04 45 00 1 4963.216
2009 10 02 05 00 00 1 4963.177
2009 10 02 05 15 00 1 4963.130
2009 10 02 05 30 00 1 4963.075
2009 10 02 05 45 00 1 4963.014
2009 10 02 06 00 00 1 4962.946
2009 10 02 06 15 00 1 4962.871
2009 10 02 06 30 00 1 4962.796
2009 10 02 06 45 00 1 4962.716
2009 10 02 07 00 00 1 4962.639
2009 10 02 07 15 00 1 4962.556
2009 10 02 07 30 00 1 4962.476
2009 10 02 07 45 00 1 4962.400
2009 10 02 08 00 00 1 4962.329
2009 10 02 08 15 00 1 4962.263
2009 10 02 08 30 00 1 4962.202
2009 10 02 08 45 00 1 4962.151
2009 10 02 09 00 00 1 4962.112
2009 10 02 09 15 00 1 4962.082
2009 10 02 09 30 00 1 4962.062
2009 10 02 09 45 00 1 4962.053
2009 10 02 10 00 00 1 4962.050
2009 10 02 10 15 00 1 4962.058
2009 10 02 10 30 00 1 4962.077
2009 10 02 10 45 00 1 4962.107
2009 10 02 11 00 00 1 4962.142
2009 10 02 11 15 00 1 4962.186
2009 10 02 11 30 00 1 4962.238
2009 10 02 11 45 00 1 4962.297
2009 10 02 12 00 00 1 4962.367
2009 10 02 12 15 00 1 4962.438
2009 10 02 12 30 00 1 4962.513
2009 10 02 12 45 00 1 4962.591
2009 10 02 13 00 00 1 4962.669
2009 10 02 13 15 00 1 4962.749
2009 10 02 13 30 00 1 4962.832
2009 10 02 13 45 00 1 4962.906
2009 10 02 14 00 00 1 4962.984
2009 10 02 14 15 00 1 4963.055
2009 10 02 14 30 00 1 4963.120
2009 10 02 14 45 00 1 4963.179
2009 10 02 15 00 00 1 4963.229
2009 10 02 15 15 00 1 4963.266
2009 10 02 15 30 00 1 4963.294
2009 10 02 15 45 00 1 4963.316
2009 10 02 16 00 00 1 4963.325
2009 10 02 16 15 00 1 4963.321
2009 10 02 16 30 00 1 4963.307
2009 10 02 16 45 00 1 4963.284
2009 10 02 17 00 00 1 4963.249
2009 10 02 17 15 00 1 4963.205
2009 10 02 17 30 00 1 4963.154
2009 10 02 17 45 00 1 4963.094
2009 10 02 18 00 00 1 4963.027
2009 10 02 18 15 00 1 4962.953
2009 10 02 18 30 00 1 4962.872
2009 10 02 18 45 00 1 4962.790
2009 10 02 19 00 00 1 4962.705
2009 10 02 19 15 00 1 4962.622
2009 10 02 19 30 00 1 4962.539
2009 10 02 19 45 00 1 4962.456
2009 10 02 20 00 00 1 4962.379
2009 10 02 20 15 00 1 4962.306
2009 10 02 20 30 00 1 4962.236
2009 10 02 20 45 00 1 4962.175
2009 10 02 21 00 00 1 4962.125
2009 10 02 21 15 00 1 4962.079
2009 10 02 21 30 00 1 4962.042
2009 10 02 21 45 00 1 4962.018
2009 10 02 22 00 00 1 4962.006
2009 10 02 22 15 00 1 4961.999
2009 10 02 22 30 00 1 4962.008
2009 10 02 22 45 00 1 4962.025
2009 10 02 23 00 00 1 4962.052
2009 10 02 23 15 00 1 4962.088
2009 10 02 23 30 00 1 4962.136
2009 10 02 23 45 00 1 4962.193
2009 10 03 00 00 00 1 4962.256
2009 10 03 00 15 00 1 4962.328
2009 10 03 00 30 00 1 4962.407
2009 10 03 00 45 00 1 4962.490
2009 10 03 01 00 00 1 4962.573
2009 10 03 01 15 00 1 4962.657
2009 10 03 01 30 00 1 4962.739
2009 10 03 01 45 00 1 4962.824
2009 10 03 02 00 00 1 4962.907
2009 10 03 02 15 00 1 4962.986
2009 10 03 02 30 00 1 4963.060
2009 10 03 02 45 00 1 4963.129
2009 10 03 03 00 00 1 4963.189
2009 10 03 03 15 00 1 4963.240
2009 10 03 03 30 00 1 4963.281
2009 10 03 03 45 00 1 4963.315
2009 10 03 04 00 00 1 4963.338
2009 10 03 04 15 00 1 4963.350
2009 10 03 04 30 00 1 4963.351
2009 10 03 04 45 00 1 4963.342
2009 10 03 05 00 00 1 4963.318
2009 10 03 05 15 00 1 4963.283
2009 10 03 05 30 00 1 4963.239
2009 10 03 05 45 00 1 4963.188
2009 10 03 06 00 00 1 4963.128
2009 10 03 06 15 00 1 4963.059
2009 10 03 06 30 00 1 4962.987
2009 10 03 06 45 00 1 4962.905
2009 10 03 07 00 00 1 4962.825
2009 10 03 07 15 00 1 4962.740
2009 10 03 07 30 00 1 4962.655
2009 10 03 07 45 00 1 4962.569
2009 10 03 08 00 00 1 4962.483
2009 10 03 08 15 00 1 4962.400
2009 10 03 08 30 00 1 4962.322
2009 10 03 08 45 00 1 4962.251
2009 10 03 09 00 00 1 4962.189
2009 10 03 09 15 00 1 4962.130
2009 10 03 09 30 00 1 4962.087
2009 10 03 09 45 00 1 4962.051
2009 10 03 10 00 00 1 4962.024
2009 10 03 10 15 00 1 4962.011
2009 10 03 10 30 00 1 4962.005
2009 10 03 10 45 00 1 4962.012
2009 10 03 11 00 00 1 4962.030
2009 10 03 11 15 00 1 4962.060
2009 10 03 11 30 00 1 4962.097
2009 10 03 11 45 00 1 4962.142
2009 10 03 12 00 00 1 4962.198
2009 10 03 12 15 00 1 4962.260
2009 10 03 12 30 00 1 4962.329
2009 10 03 12 45 00 1 4962.405
2009 10 03 13 00 00 1 4962.486
2009 10 03 13 15 00 1 4962.567
2009 10 03 13 30 00 1 4962.654
2009 10 03 13 45 00 1 4962.739
2009 10 03 14 00 00 1 4962.827
2009 10 03 14 15 00 1 4962.909
2009 10 03 14 30 00 1 4962.989
2009 10 03 14 45 00 1 4963.063
2009 10 03 15 00 00 1 4963.128
2009 10 03 15 15 00 1 4963.191
2009 10 03 15 30 00 1 4963.242
2009 10 03 15 45 00 1 4963.286
2009 10 03 16 00 00 1 4963.315
2009 10 03 16 15 00 1 4963.336
2009 10 03 16 30 00 1 4963.346
2009 10 03 16 45 00 1 4963.343
2009 10 03 17 00 00 1 4963.333
2009 10 03 17 15 00 1 4963.309
2009 10 03 17 30 00 1 4963.276
2009 10 03 17 45 00 1 4963.232
2009 10 03 18 00 00 1 4963.177
2009 10 03 18 15 00 1 4963.112
2009 10 03 18 30 00 1 4963.042
2009 10 03 18 45 00 1 4962.966
2009 10 03 19 00 00 1 4962.884
2009 10 03 19 15 00 1 4962.798
2009 10 03 19 30 00 1 4962.713
2009 10 03 19 45 00 1 4962.625
2009 10 03 20 00 00 1 4962.541
2009 10 03 20 15 00 1 4962.455
2009 10 03 20 30 00 1 4962.375
2009 10 03 20 45 00 1 4962.296
2009 10 03 21 00 00 1 4962.225
2009 10 03 21 15 00 1 4962.163
2009 10 03 21 30 00 1 4962.110
2009 10 03 21 45 00 1 4962.063
2009 10 03 22 00 00 1 4962.025
2009 10 03 22 15 00 1 4961.998
2009 10 03 22 30 00 1 4961.982
2009 10 03 22 45 00 1 4961.978
2009 10 03 23 00 00 1 4961.982
2009 10 03 23 15 00 1 4962.003
2009 10 03 23 30 00 1 4962.032
2009 10 03 23 45 00 1 4962.072
2009 10 04 00 00 00 1 4962.122
2009 10 04 00 15 00 1 4962.183
2009 10 04 00 30 00 1 4962.253
2009 10 04 00 45 00 1 4962.328
2009 10 04 01 00 00 1 4962.408
2009 10 04 01 15 00 1 4962.491
2009 10 04 01 30 00 1 4962.580
2009 10 04 01 45 00 1 4962.669
2009 10 04 02 00 00 1 4962.761
2009 10 04 02 15 00 1 4962.849
2009 10 04 02 30 00 1 4962.935
2009 10 04 02 45 00 1 4963.018
2009 10 04 03 00 00 1 4963.096
2009 10 04 03 15 00 1 4963.163
2009 10 04 03 30 00 1 4963.223
2009 10 04 03 45 00 1 4963.273
2009 10 04 04 00 00 1 4963.315
2009 10 04 04 15 00 1 4963.347
2009 10 04 04 30 00 1 4963.372
2009 10 04 04 45 00 1 4963.386
2009 10 04 05 00 00 1 4963.386
2009 10 04 05 15 00 1 4963.377
2009 10 04 05 30 00 1 4963.355
2009 10 04 05 45 00 1 4963.319
2009 10 04 06 00 00 1 4963.274
2009 10 04 06 15 00 1 4963.218
2009 10 04 06 30 00 1 4963.152
2009 10 04 06 45 00 1 4963.083
2009 10 04 07 00 00 1 4963.006
2009 10 04 07 15 00 1 4962.923
2009 10 04 07 30 00 1 4962.839
2009 10 04 07 45 00 1 4962.749
2009 10 04 08 00 00 1 4962.656
2009 10 04 08 15 00 1 4962.567
2009 10 04 08 30 00 1 4962.479
2009 10 04 08 45 00 1 4962.392
2009 10 04 09 00 00 1 4962.312
2009 10 04 09 15 00 1 4962.239
2009 10 04 09 30 00 1 4962.172
2009 10 04 09 45 00 1 4962.116
2009 10 04 10 00 00 1 4962.068
2009 10 04 10 15 00 1 4962.027
2009 10 04 10 30 00 1 4961.996
2009 10 04 10 45 00 1 4961.975
2009 10 04 11 00 00 1 4961.965
2009 10 04 11 15 00 1 4961.965
2009 10 04 11 30 00 1 4961.981
2009 10 04 11 45 00 1 4962.006
2009 10 04 12 00 00 1 4962.042
2009 10 04 12 15 00 1 4962.088
2009 10 04 12 30 00 1 4962.142
2009 10 04 12 45 00 1 4962.209
2009 10 04 13 00 00 1 4962.284
2009 10 04 13 15 00 1 4962.362
2009 10 04 13 30 00 1 4962.446
2009 10 04 13 45 00 1 4962.530
2009 10 04 14 00 00 1 4962.620
2009 10 04 14 15 00 1 4962.708
2009 10 04 14 30 00 1 4962.794
2009 10 04 14 45 00 1 4962.884
2009 10 04 15 00 00 1 4962.963
2009 10 04 15 15 00 1 4963.041
2009 10 04 15 30 00 1 4963.112
2009 10 04 15 45 00 1 4963.175
2009 10 04 16 00 00 1 4963.229
2009 10 04 16 15 00 1 4963.273
2009 10 04 16 30 00 1 4963.307
2009 10 04 16 45 00 1 4963.329
2009 10 04 17 00 00 1 4963.339
2009 10 04 17 15 00 1 4963.340
2009 10 04 17 30 00 1 4963.327
2009 10 04 17 45 00 1 4963.303
2009 10 04 18 00 00 1 4963.268
2009 10 04 18 15 00 1 4963.224
2009 10 04 18 30 00 1 4963.168
2009 10 04 18 45 00 1 4963.105
2009 10 04 19 00 00 1 4963.037
2009 10 04 19 15 00 1 4962.961
2009 10 04 19 30 00 1 4962.880
2009 10 04 19 45 00 1 4962.795
2009 10 04 20 00 00 1 4962.709
2009 10 04 20 15 00 1 4962.621
2009 10 04 20 30 00 1 4962.534
2009 10 04 20 45 00 1 4962.446
2009 10 04 21 00 00 1 4962.365
2009 10 04 21 15 00 1 4962.287
2009 10 04 21 30 00 1 4962.214
2009 10 04 21 45 00 1 4962.153
2009 10 04 22 00 00 1 4962.092
2009 10 04 22 15 00 1 4962.042
2009 10 04 22 30 00 1 4962.006
2009 10 04 22 45 00 1 4961.977
2009 10 04 23 00 00 1 4961.961
2009 10 04 23 15 00 1 4961.955
2009 10 04 23 30 00 1 4961.964
2009 10 04 23 45 00 1 4961.983
2009 10 05 00 00 00 1 4962.015
2009 10 05 00 15 00 1 4962.059
2009 10 05 00 30 00 1 4962.110
2009 10 05 00 45 00 1 4962.170
2009 10 05 01 00 00 1 4962.235
2009 10 05 01 15 00 1 4962.313
2009 10 05 01 30 00 1 4962.393
2009 10 05 01 45 00 1 4962.479
2009 10 05 02 00 00 1 4962.570
2009 10 05 02 15 00 1 4962.661
2009 10 05 02 30 00 1 4962.755
2009 10 05 02 45 00 1 4962.847
2009 10 05 03 00 00 1 4962.936
2009 10 05 03 15 00 1 4963.017
2009 10 05 03 30 00 1 4963.093
2009 10 05 03 45 00 1 4963.164
2009 10 05 04 00 00 1 4963.228
2009 10 05 04 15 00 1 4963.282
2009 10 05 04 30 00 1 4963.328
2009 10 05 04 45 00 1 4963.364
2009 10 05 05 00 00 1 4963.387
2009 10 05 05 15 00 1 4963.400
2009 10 05 05 30 00 1 4963.401
2009 10 05 05 45 00 1 4963.391
2009 10 05 06 00 00 1 4963.372
2009 10 05 06 15 00 1 4963.339
2009 10 05 06 30 00 1 4963.297
2009 10 05 06 45 00 1 4963.244
2009 10 05 07 00 00 1 4963.184
2009 10 05 07 15 00 1 4963.113
2009 10 05 07 30 00 1 4963.037
2009 10 05 07 45 00 1 4962.956
2009 10 05 08 00 00 1 4962.868
2009 10 05 08 15 00 1 4962.778
2009 10 05 08 30 00 1 4962.686
2009 10 05 08 45 00 1 4962.598
2009 10 05 09 00 00 1 4962.507
2009 10 05 09 15 00 1 4962.421
2009 10 05 09 30 00 1 4962.341
2009 10 05 09 45 00 1 4962.265
2009 10 05 10 00 00 1 4962.193
2009 10 05 10 15 00 1 4962.129
2009 10 05 10 30 00 1 4962.076
2009 10 05 10 45 00 1 4962.032
2009 10 05 11 00 00 1 4962.001
2009 10 05 11 15 00 1 4961.977
2009 10 05 11 30 00 1 4961.962
2009 10 05 11 45 00 1 4961.961
2009 10 05 12 00 00 1 4961.969
2009 10 05 12 15 00 1 4961.992
2009 10 05 12 30 00 1 4962.023
2009 10 05 12 45 00 1 4962.063
2009 10 05 13 00 00 1 4962.114
2009 10 05 13 15 00 1 4962.173
2009 10 05 13 30 00 1 4962.240
2009 10 05 13 45 00 1 4962.316
2009 10 05 14 00 00 1 4962.396
2009 10 05 14 15 00 1 4962.480
2009 10 05 14 30 00 1 4962.564
2009 10 05 14 45 00 1 4962.651
2009 10 05 15 00 00 1 4962.739
2009 10 05 15 15 00 1 4962.826
2009 10 05 15 30 00 1 4962.912
2009 10 05 15 45 00 1 4962.990
2009 10 05 16 00 00 1 4963.061
2009 10 05 16 15 00 1 4963.126
2009 10 05 16 30 00 1 4963.180
2009 10 05 16 45 00 1 4963.223
2009 10 05 17 00 00 1 4963.259
2009 10 05 17 15 00 1 4963.286
2009 10 05 17 30 00 1 4963.298
2009 10 05 17 45 00 1 4963.301
2009 10 05 18 00 00 1 4963.292
2009 10 05 18 15 00 1 9999.000
2009 10 05 18 30 00 1 9999.000
2009 10 05 18 45 00 1 9999.000
2009 10 05 19 00 00 1 9999.000
2009 10 05 19 15 00 1 9999.000
2009 10 05 19 30 00 1 9999.000
2009 10 05 19 45 00 1 9999.000
2009 10 05 20 00 00 1 9999.000
2009 10 05 20 15 00 1 9999.000
2009 10 05 20 30 00 1 9999.000
2009 10 05 20 45 00 1 9999.000
2009 10 05 21 00 00 1 9999.000
2009 10 05 21 15 00 1 4962.481
2009 10 05 21 30 00 1 4962.400
2009 10 05 21 45 00 1 4962.321
2009 10 05 22 00 00 1 4962.251
2009 10 05 22 15 00 1 4962.187
2009 10 05 22 30 00 1 4962.130
2009 10 05 22 45 00 1 4962.082
2009 10 05 23 00 00 1 4962.044
2009 10 05 23 15 00 1 4962.014
2009 10 05 23 30 00 1 4961.994
2009 10 05 23 45 00 1 4961.986
2009 10 06 00 00 00 1 4961.990
2009 10 06 00 15 00 1 4962.006
2009 10 06 00 30 00 1 4962.032
2009 10 06 00 45 00 1 4962.069
2009 10 06 01 00 00 1 4962.118
2009 10 06 01 15 00 1 4962.174
2009 10 06 01 30 00 1 4962.240
2009 10 06 01 45 00 1 4962.311
2009 10 06 02 00 00 1 4962.392
2009 10 06 02 15 00 1 4962.476
2009 10 06 02 30 00 1 4962.564
2009 10 06 02 45 00 1 4962.652
2009 10 06 03 00 00 1 4962.743
2009 10 06 03 15 00 1 4962.834
2009 10 06 03 30 00 1 4962.916
2009 10 06 03 45 00 1 4962.995
2009 10 06 04 00 00 1 4963.071
2009 10 06 04 15 00 1 4963.141
2009 10 06 04 30 00 1 4963.204
2009 10 06 04 45 00 1 4963.259
2009 10 06 05 00 00 1 4963.305
2009 10 06 05 15 00 1 4963.343
2009 10 06 05 30 00 1 4963.368
2009 10 06 05 45 00 1 4963.383
2009 10 06 06 00 00 1 4963.386
2009 10 06 06 15 00 1 4963.378
2009 10 06 06 30 00 1 4963.359
2009 10 06 06 45 00 1 4963.330
2009 10 06 07 00 00 1 4963.291
2009 10 06 07 15 00 1 4963.244
2009 10 06 07 30 00 1 4963.188
2009 10 06 07 45 00 1 4963.123
2009 10 06 08 00 00 1 4963.051
2009 10 06 08 15 00 1 4962.974
2009 10 06 08 30 00 1 4962.895
2009 10 06 08 45 00 1 4962.811
2009 10 06 09 00 00 1 4962.725
2009 10 06 09 15 00 1 4962.640
2009 10 06 09 30 00 1 4962.555
2009 10 06 09 45 00 1 4962.471
2009 10 06 10 00 00 1 4962.392
2009 10 06 10 15 00 1 4962.316
2009 10 06 10 30 00 1 4962.246
2009 10 06 10 45 00 1 4962.182
2009 10 06 11 00 00 1 4962.122
2009 10 06 11 15 00 1 4962.074
2009 10 06 11 30 00 1 4962.034
2009 10 06 11 45 00 1 4962.007
2009 10 06 12 00 00 1 4961.991
2009 10 06 12 15 00 1 4961.982
2009 10 06 12 30 00 1 4961.984
2009 10 06 12 45 00 1 4961.997
2009 10 06 13 00 00 1 4962.021
2009 10 06 13 15 00 1 4962.052
2009 10 06 13 30 00 1 4962.095
2009 10 06 13 45 00 1 4962.148
2009 10 06 14 00 00 1 4962.206
2009 10 06 14 15 00 1 4962.275
2009 10 06 14 30 00 1 4962.346
2009 10 06 14 45 00 1 4962.421
2009 10 06 15 00 00 1 4962.503
2009 10 06 15 15 00 1 4962.583
2009 10 06 15 30 00 1 4962.665
2009 10 06 15 45 00 1 4962.747
2009 10 06 16 00 00 1 4962.821
2009 10 06 16 15 00 1 4962.894
2009 10 06 16 30 00 1 4962.961
2009 10 06 16 45 00 1 4963.021
2009 10 06 17 00 00 1 4963.074
2009 10 06 17 15 00 1 4963.118
2009 10 06 17 30 00 1 4963.156
2009 10 06 17 45 00 1 4963.184
