#YY  MM DD hh mm ss T   HEIGHT
#yr  mo dy hr mn  s -        m
2009 08 29 18 00 00 1 5836.081
2009 08 29 18 15 00 1 5836.041
2009 08 29 18 30 00 1 5836.005
2009 08 29 18 45 00 1 5835.972
2009 08 29 19 00 00 1 5835.944
2009 08 29 19 15 00 1 5835.921
2009 08 29 19 30 00 1 5835.903
2009 08 29 19 45 00 1 5835.888
2009 08 29 20 00 00 1 5835.882
2009 08 29 20 15 00 1 5835.876
2009 08 29 20 30 00 1 5835.883
2009 08 29 20 45 00 1 5835.894
2009 08 29 21 00 00 1 5835.907
2009 08 29 21 15 00 1 5835.930
2009 08 29 21 30 00 1 5835.957
2009 08 29 21 45 00 1 5835.984
2009 08 29 22 00 00 1 5836.017
2009 08 29 22 15 00 1 5836.054
2009 08 29 22 30 00 1 5836.093
2009 08 29 22 45 00 1 5836.135
2009 08 29 23 00 00 1 5836.176
2009 08 29 23 15 00 1 5836.216
2009 08 29 23 30 00 1 5836.260
2009 08 29 23 45 00 1 5836.305
2009 08 30 00 00 00 1 5836.345
2009 08 30 00 15 00 1 5836.380
2009 08 30 00 30 00 1 5836.418
2009 08 30 00 45 00 1 5836.453
2009 08 30 01 00 00 1 5836.483
2009 08 30 01 15 00 1 5836.511
2009 08 30 01 30 00 1 5836.534
2009 08 30 01 45 00 1 5836.550
2009 08 30 02 00 00 1 5836.561
2009 08 30 02 15 00 1 5836.570
2009 08 30 02 30 00 1 5836.573
2009 08 30 02 45 00 1 5836.569
2009 08 30 03 00 00 1 5836.563
2009 08 30 03 15 00 1 5836.551
2009 08 30 03 30 00 1 5836.534
2009 08 30 03 45 00 1 5836.514
2009 08 30 04 00 00 1 5836.489
2009 08 30 04 15 00 1 5836.461
2009 08 30 04 30 00 1 5836.430
2009 08 30 04 45 00 1 5836.397
2009 08 30 05 00 00 1 5836.359
2009 08 30 05 15 00 1 5836.317
2009 08 30 05 30 00 1 5836.275
2009 08 30 05 45 00 1 5836.236
2009 08 30 06 00 00 1 5836.197
2009 08 30 06 15 00 1 5836.160
2009 08 30 06 30 00 1 5836.118
2009 08 30 06 45 00 1 5836.087
2009 08 30 07 00 00 1 5836.054
2009 08 30 07 15 00 1 5836.024
2009 08 30 07 30 00 1 5836.003
2009 08 30 07 45 00 1 5835.990
2009 08 30 08 00 00 1 5835.977
2009 08 30 08 15 00 1 5835.967
2009 08 30 08 30 00 1 5835.965
2009 08 30 08 45 00 1 5835.966
2009 08 30 09 00 00 1 5835.972
2009 08 30 09 15 00 1 5835.985
2009 08 30 09 30 00 1 5836.005
2009 08 30 09 45 00 1 5836.030
2009 08 30 10 00 00 1 5836.055
2009 08 30 10 15 00 1 5836.088
2009 08 30 10 30 00 1 5836.118
2009 08 30 10 45 00 1 5836.160
2009 08 30 11 00 00 1 5836.201
2009 08 30 11 15 00 1 5836.242
2009 08 30 11 30 00 1 5836.288
2009 08 30 11 45 00 1 5836.333
2009 08 30 12 00 00 1 5836.374
2009 08 30 12 15 00 1 5836.415
2009 08 30 12 30 00 1 5836.453
2009 08 30 12 45 00 1 5836.490
2009 08 30 13 00 00 1 5836.520
2009 08 30 13 15 00 1 5836.550
2009 08 30 13 30 00 1 5836.574
2009 08 30 13 45 00 1 5836.593
2009 08 30 14 00 00 1 5836.607
2009 08 30 14 15 00 1 5836.617
2009 08 30 14 30 00 1 5836.627
2009 08 30 14 45 00 1 5836.625
2009 08 30 15 00 00 1 5836.619
2009 08 30 15 15 00 1 5836.614
2009 08 30 15 30 00 1 5836.604
2009 08 30 15 45 00 1 5836.576
2009 08 30 16 00 00 1 5836.548
2009 08 30 16 15 00 1 5836.524
2009 08 30 16 30 00 1 5836.494
2009 08 30 16 45 00 1 5836.459
2009 08 30 17 00 00 1 5836.422
2009 08 30 17 15 00 1 5836.383
2009 08 30 17 30 00 1 5836.343
2009 08 30 17 45 00 1 5836.299
2009 08 30 18 00 00 1 5836.259
2009 08 30 18 15 00 1 5836.218
2009 08 30 18 30 00 1 5836.179
2009 08 30 18 45 00 1 5836.138
2009 08 30 19 00 00 1 5836.098
2009 08 30 19 15 00 1 5836.062
2009 08 30 19 30 00 1 5836.028
2009 08 30 19 45 00 1 5835.997
2009 08 30 20 00 00 1 5835.971
2009 08 30 20 15 00 1 5835.952
2009 08 30 20 30 00 1 5835.934
2009 08 30 20 45 00 1 5835.920
2009 08 30 21 00 00 1 5835.916
2009 08 30 21 15 00 1 5835.915
2009 08 30 21 30 00 1 5835.918
2009 08 30 21 45 00 1 5835.927
2009 08 30 22 00 00 1 5835.944
2009 08 30 22 15 00 1 5835.961
2009 08 30 22 30 00 1 5835.983
2009 08 30 22 45 00 1 5836.004
2009 08 30 23 00 00 1 5836.030
2009 08 30 23 15 00 1 5836.062
2009 08 30 23 30 00 1 5836.099
2009 08 30 23 45 00 1 5836.134
2009 08 31 00 00 00 1 5836.173
2009 08 31 00 15 00 1 5836.211
2009 08 31 00 30 00 1 5836.251
2009 08 31 00 45 00 1 5836.289
2009 08 31 01 00 00 1 5836.326
2009 08 31 01 15 00 1 5836.364
2009 08 31 01 30 00 1 5836.397
2009 08 31 01 45 00 1 5836.427
2009 08 31 02 00 00 1 5836.453
2009 08 31 02 15 00 1 5836.477
2009 08 31 02 30 00 1 5836.494
2009 08 31 02 45 00 1 5836.508
2009 08 31 03 00 00 1 5836.520
2009 08 31 03 15 00 1 5836.528
2009 08 31 03 30 00 1 5836.531
2009 08 31 03 45 00 1 5836.529
2009 08 31 04 00 00 1 5836.523
2009 08 31 04 15 00 1 5836.510
2009 08 31 04 30 00 1 5836.493
2009 08 31 04 45 00 1 5836.475
2009 08 31 05 00 00 1 5836.453
2009 08 31 05 15 00 1 5836.428
2009 08 31 05 30 00 1 5836.397
2009 08 31 05 45 00 1 5836.366
2009 08 31 06 00 00 1 5836.330
2009 08 31 06 15 00 1 5836.295
2009 08 31 06 30 00 1 5836.258
2009 08 31 06 45 00 1 5836.220
2009 08 31 07 00 00 1 5836.187
2009 08 31 07 15 00 1 5836.152
2009 08 31 07 30 00 1 5836.118
2009 08 31 07 45 00 1 5836.087
2009 08 31 08 00 00 1 5836.063
2009 08 31 08 15 00 1 5836.036
2009 08 31 08 30 00 1 5836.016
2009 08 31 08 45 00 1 5836.000
2009 08 31 09 00 00 1 5835.990
2009 08 31 09 15 00 1 5835.983
2009 08 31 09 30 00 1 5835.980
2009 08 31 09 45 00 1 5835.982
2009 08 31 10 00 00 1 5835.990
2009 08 31 10 15 00 1 5836.003
2009 08 31 10 30 00 1 5836.019
2009 08 31 10 45 00 1 5836.039
2009 08 31 11 00 00 1 5836.066
2009 08 31 11 15 00 1 5836.095
2009 08 31 11 30 00 1 5836.128
2009 08 31 11 45 00 1 5836.165
2009 08 31 12 00 00 1 5836.203
2009 08 31 12 15 00 1 5836.243
2009 08 31 12 30 00 1 5836.281
2009 08 31 12 45 00 1 5836.324
2009 08 31 13 00 00 1 5836.363
2009 08 31 13 15 00 1 5836.397
2009 08 31 13 30 00 1 5836.430
2009 08 31 13 45 00 1 5836.460
2009 08 31 14 00 00 1 5836.488
2009 08 31 14 15 00 1 5836.513
2009 08 31 14 30 00 1 5836.538
2009 08 31 14 45 00 1 5836.555
2009 08 31 15 00 00 1 5836.569
2009 08 31 15 15 00 1 5836.581
2009 08 31 15 30 00 1 5836.587
2009 08 31 15 45 00 1 5836.587
2009 08 31 16 00 00 1 5836.586
2009 08 31 16 15 00 1 5836.576
2009 08 31 16 30 00 1 5836.563
2009 08 31 16 45 00 1 5836.547
2009 08 31 17 00 00 1 5836.525
2009 08 31 17 15 00 1 5836.501
2009 08 31 17 30 00 1 5836.472
2009 08 31 17 45 00 1 5836.442
2009 08 31 18 00 00 1 5836.408
2009 08 31 18 15 00 1 5836.372
2009 08 31 18 30 00 1 5836.333
2009 08 31 18 45 00 1 5836.291
2009 08 31 19 00 00 1 5836.253
2009 08 31 19 15 00 1 5836.214
2009 08 31 19 30 00 1 5836.175
2009 08 31 19 45 00 1 5836.134
2009 08 31 20 00 00 1 5836.099
2009 08 31 20 15 00 1 5836.065
2009 08 31 20 30 00 1 5836.033
2009 08 31 20 45 00 1 5836.005
2009 08 31 21 00 00 1 5835.983
2009 08 31 21 15 00 1 5835.963
2009 08 31 21 30 00 1 5835.951
2009 08 31 21 45 00 1 5835.941
2009 08 31 22 00 00 1 5835.933
2009 08 31 22 15 00 1 5835.932
2009 08 31 22 30 00 1 5835.934
2009 08 31 22 45 00 1 5835.945
2009 08 31 23 00 00 1 5835.956
2009 08 31 23 15 00 1 5835.972
2009 08 31 23 30 00 1 5835.993
2009 08 31 23 45 00 1 5836.020
2009 09 01 00 00 00 1 5836.045
2009 09 01 00 15 00 1 5836.077
2009 09 01 00 30 00 1 5836.114
2009 09 01 00 45 00 1 5836.150
2009 09 01 01 00 00 1 5836.190
2009 09 01 01 15 00 1 5836.231
2009 09 01 01 30 00 1 5836.273
2009 09 01 01 45 00 1 5836.310
2009 09 01 02 00 00 1 5836.345
2009 09 01 02 15 00 1 5836.384
2009 09 01 02 30 00 1 5836.416
2009 09 01 02 45 00 1 5836.447
2009 09 01 03 00 00 1 5836.474
2009 09 01 03 15 00 1 5836.498
2009 09 01 03 30 00 1 5836.516
2009 09 01 03 45 00 1 5836.533
2009 09 01 04 00 00 1 5836.546
2009 09 01 04 15 00 1 5836.556
2009 09 01 04 30 00 1 5836.559
2009 09 01 04 45 00 1 5836.555
2009 09 01 05 00 00 1 5836.551
2009 09 01 05 15 00 1 5836.540
2009 09 01 05 30 00 1 5836.522
2009 09 01 05 45 00 1 5836.501
2009 09 01 06 00 00 1 5836.475
2009 09 01 06 15 00 1 5836.447
2009 09 01 06 30 00 1 5836.416
2009 09 01 06 45 00 1 5836.381
2009 09 01 07 00 00 1 5836.346
2009 09 01 07 15 00 1 5836.310
2009 09 01 07 30 00 1 5836.273
2009 09 01 07 45 00 1 5836.238
2009 09 01 08 00 00 1 5836.200
2009 09 01 08 15 00 1 5836.164
2009 09 01 08 30 00 1 5836.129
2009 09 01 08 45 00 1 5836.095
2009 09 01 09 00 00 1 5836.064
2009 09 01 09 15 00 1 5836.038
2009 09 01 09 30 00 1 5836.017
2009 09 01 09 45 00 1 5836.001
2009 09 01 10 00 00 1 5835.987
2009 09 01 10 15 00 1 5835.979
2009 09 01 10 30 00 1 5835.976
2009 09 01 10 45 00 1 5835.978
2009 09 01 11 00 00 1 5835.985
2009 09 01 11 15 00 1 5835.997
2009 09 01 11 30 00 1 5836.014
2009 09 01 11 45 00 1 5836.032
2009 09 01 12 00 00 1 5836.061
2009 09 01 12 15 00 1 5836.092
2009 09 01 12 30 00 1 5836.122
2009 09 01 12 45 00 1 5836.157
2009 09 01 13 00 00 1 5836.195
2009 09 01 13 15 00 1 5836.233
2009 09 01 13 30 00 1 5836.271
2009 09 01 13 45 00 1 5836.310
2009 09 01 14 00 00 1 5836.349
2009 09 01 14 15 00 1 5836.388
2009 09 01 14 30 00 1 5836.427
2009 09 01 14 45 00 1 5836.460
2009 09 01 15 00 00 1 5836.490
2009 09 01 15 15 00 1 5836.516
2009 09 01 15 30 00 1 5836.541
2009 09 01 15 45 00 1 5836.563
2009 09 01 16 00 00 1 5836.577
2009 09 01 16 15 00 1 5836.587
2009 09 01 16 30 00 1 5836.594
2009 09 01 16 45 00 1 5836.595
2009 09 01 17 00 00 1 5836.593
2009 09 01 17 15 00 1 5836.585
2009 09 01 17 30 00 1 5836.578
2009 09 01 17 45 00 1 5836.559
2009 09 01 18 00 00 1 5836.539
2009 09 01 18 15 00 1 5836.518
2009 09 01 18 30 00 1 5836.489
2009 09 01 18 45 00 1 5836.458
2009 09 01 19 00 00 1 5836.421
2009 09 01 19 15 00 1 5836.380
2009 09 01 19 30 00 1 5836.337
2009 09 01 19 45 00 1 5836.292
2009 09 01 20 00 00 1 5836.253
2009 09 01 20 15 00 1 5836.211
2009 09 01 20 30 00 1 5836.168
2009 09 01 20 45 00 1 5836.127
2009 09 01 21 00 00 1 5836.089
2009 09 01 21 15 00 1 5836.060
2009 09 01 21 30 00 1 5836.027
2009 09 01 21 45 00 1 5835.997
2009 09 01 22 00 00 1 5835.972
2009 09 01 22 15 00 1 5835.952
2009 09 01 22 30 00 1 5835.938
2009 09 01 22 45 00 1 5835.926
2009 09 01 23 00 00 1 5835.918
2009 09 01 23 15 00 1 5835.918
2009 09 01 23 30 00 1 5835.921
2009 09 01 23 45 00 1 5835.931
2009 09 02 00 00 00 1 5835.946
2009 09 02 00 15 00 1 5835.963
2009 09 02 00 30 00 1 5835.987
2009 09 02 00 45 00 1 5836.018
2009 09 02 01 00 00 1 5836.051
2009 09 02 01 15 00 1 5836.087
2009 09 02 01 30 00 1 5836.125
2009 09 02 01 45 00 1 5836.165
2009 09 02 02 00 00 1 5836.205
2009 09 02 02 15 00 1 5836.249
2009 09 02 02 30 00 1 5836.290
2009 09 02 02 45 00 1 5836.329
2009 09 02 03 00 00 1 5836.371
2009 09 02 03 15 00 1 5836.407
2009 09 02 03 30 00 1 5836.443
2009 09 02 03 45 00 1 5836.478
2009 09 02 04 00 00 1 5836.508
2009 09 02 04 15 00 1 5836.536
2009 09 02 04 30 00 1 5836.559
2009 09 02 04 45 00 1 5836.580
2009 09 02 05 00 00 1 5836.588
2009 09 02 05 15 00 1 5836.598
2009 09 02 05 30 00 1 5836.601
2009 09 02 05 45 00 1 5836.598
2009 09 02 06 00 00 1 5836.591
2009 09 02 06 15 00 1 5836.579
2009 09 02 06 30 00 1 5836.561
2009 09 02 06 45 00 1 5836.539
2009 09 02 07 00 00 1 5836.514
2009 09 02 07 15 00 1 5836.480
2009 09 02 07 30 00 1 5836.446
2009 09 02 07 45 00 1 5836.413
2009 09 02 08 00 00 1 5836.370
2009 09 02 08 15 00 1 5836.328
2009 09 02 08 30 00 1 5836.287
2009 09 02 08 45 00 1 5836.246
2009 09 02 09 00 00 1 5836.204
2009 09 02 09 15 00 1 5836.162
2009 09 02 09 30 00 1 5836.126
2009 09 02 09 45 00 1 5836.089
2009 09 02 10 00 00 1 5836.059
2009 09 02 10 15 00 1 5836.034
2009 09 02 10 30 00 1 5836.011
2009 09 02 10 45 00 1 5835.992
2009 09 02 11 00 00 1 5835.979
2009 09 02 11 15 00 1 5835.972
2009 09 02 11 30 00 1 5835.969
2009 09 02 11 45 00 1 5835.974
2009 09 02 12 00 00 1 5835.982
2009 09 02 12 15 00 1 5835.995
2009 09 02 12 30 00 1 5836.013
2009 09 02 12 45 00 1 5836.037
2009 09 02 13 00 00 1 5836.062
2009 09 02 13 15 00 1 5836.094
2009 09 02 13 30 00 1 5836.130
2009 09 02 13 45 00 1 5836.167
2009 09 02 14 00 00 1 5836.207
2009 09 02 14 15 00 1 5836.249
2009 09 02 14 30 00 1 5836.292
2009 09 02 14 45 00 1 5836.335
2009 09 02 15 00 00 1 5836.376
2009 09 02 15 15 00 1 5836.414
2009 09 02 15 30 00 1 5836.453
2009 09 02 15 45 00 1 5836.487
2009 09 02 16 00 00 1 5836.518
2009 09 02 16 15 00 1 5836.544
2009 09 02 16 30 00 1 5836.570
2009 09 02 16 45 00 1 5836.590
2009 09 02 17 00 00 1 5836.607
2009 09 02 17 15 00 1 5836.617
2009 09 02 17 30 00 1 5836.625
2009 09 02 17 45 00 1 5836.629
2009 09 02 18 00 00 1 5836.625
2009 09 02 18 15 00 1 5836.615
2009 09 02 18 30 00 1 5836.601
2009 09 02 18 45 00 1 5836.584
2009 09 02 19 00 00 1 5836.559
2009 09 02 19 15 00 1 5836.527
2009 09 02 19 30 00 1 5836.491
2009 09 02 19 45 00 1 5836.455
2009 09 02 20 00 00 1 5836.415
2009 09 02 20 15 00 1 5836.369
2009 09 02 20 30 00 1 5836.323
2009 09 02 20 45 00 1 5836.281
2009 09 02 21 00 00 1 5836.236
2009 09 02 21 15 00 1 5836.193
2009 09 02 21 30 00 1 5836.152
2009 09 02 21 45 00 1 5836.110
2009 09 02 22 00 00 1 5836.068
2009 09 02 22 15 00 1 5836.031
2009 09 02 22 30 00 1 5835.997
2009 09 02 22 45 00 1 5835.966
2009 09 02 23 00 00 1 5835.943
2009 09 02 23 15 00 1 5835.920
2009 09 02 23 30 00 1 5835.902
2009 09 02 23 45 00 1 5835.893
2009 09 03 00 00 00 1 5835.887
2009 09 03 00 15 00 1 5835.890
2009 09 03 00 30 00 1 5835.896
2009 09 03 00 45 00 1 5835.913
2009 09 03 01 00 00 1 5835.928
2009 09 03 01 15 00 1 5835.955
2009 09 03 01 30 00 1 5835.983
2009 09 03 01 45 00 1 5836.021
2009 09 03 02 00 00 1 5836.057
2009 09 03 02 15 00 1 5836.100
2009 09 03 02 30 00 1 5836.141
2009 09 03 02 45 00 1 5836.189
2009 09 03 03 00 00 1 5836.232
2009 09 03 03 15 00 1 5836.280
2009 09 03 03 30 00 1 5836.327
2009 09 03 03 45 00 1 5836.377
2009 09 03 04 00 00 1 5836.421
2009 09 03 04 15 00 1 5836.464
2009 09 03 04 30 00 1 5836.505
2009 09 03 04 45 00 1 5836.540
2009 09 03 05 00 00 1 5836.573
2009 09 03 05 15 00 1 5836.595
2009 09 03 05 30 00 1 5836.614
2009 09 03 05 45 00 1 5836.630
2009 09 03 06 00 00 1 5836.637
2009 09 03 06 15 00 1 5836.639
2009 09 03 06 30 00 1 5836.637
2009 09 03 06 45 00 1 5836.632
2009 09 03 07 00 00 1 5836.617
2009 09 03 07 15 00 1 5836.598
2009 09 03 07 30 00 1 5836.575
2009 09 03 07 45 00 1 5836.543
2009 09 03 08 00 00 1 5836.511
2009 09 03 08 15 00 1 5836.469
2009 09 03 08 30 00 1 5836.426
2009 09 03 08 45 00 1 5836.382
2009 09 03 09 00 00 1 5836.336
2009 09 03 09 15 00 1 5836.286
2009 09 03 09 30 00 1 5836.239
2009 09 03 09 45 00 1 5836.188
2009 09 03 10 00 00 1 5836.144
2009 09 03 10 15 00 1 5836.099
2009 09 03 10 30 00 1 5836.059
2009 09 03 10 45 00 1 5836.023
2009 09 03 11 00 00 1 5835.990
2009 09 03 11 15 00 1 9999.000
2009 09 03 11 30 00 1 9999.000
2009 09 03 11 45 00 1 9999.000
2009 09 03 12 00 00 1 9999.000
2009 09 03 12 15 00 1 5835.913
2009 09 03 12 30 00 1 5835.916
2009 09 03 12 45 00 1 5835.926
2009 09 03 13 00 00 1 5835.938
2009 09 03 13 15 00 1 5835.955
2009 09 03 13 30 00 1 5835.981
2009 09 03 13 45 00 1 5836.010
2009 09 03 14 00 00 1 5836.046
2009 09 03 14 15 00 1 5836.084
2009 09 03 14 30 00 1 5836.127
2009 09 03 14 45 00 1 5836.171
2009 09 03 15 00 00 1 5836.219
2009 09 03 15 15 00 1 5836.267
2009 09 03 15 30 00 1 5836.318
2009 09 03 15 45 00 1 5836.365
2009 09 03 16 00 00 1 5836.410
2009 09 03 16 15 00 1 5836.454
2009 09 03 16 30 00 1 5836.497
2009 09 03 16 45 00 1 5836.534
2009 09 03 17 00 00 1 5836.568
2009 09 03 17 15 00 1 5836.598
2009 09 03 17 30 00 1 5836.625
2009 09 03 17 45 00 1 5836.643
2009 09 03 18 00 00 1 5836.658
2009 09 03 18 15 00 1 5836.665
2009 09 03 18 30 00 1 5836.665
2009 09 03 18 45 00 1 5836.660
2009 09 03 19 00 00 1 5836.649
2009 09 03 19 15 00 1 5836.633
2009 09 03 19 30 00 1 5836.608
2009 09 03 19 45 00 1 5836.579
2009 09 03 20 00 00 1 5836.547
2009 09 03 20 15 00 1 5836.505
2009 09 03 20 30 00 1 5836.463
2009 09 03 20 45 00 1 5836.417
2009 09 03 21 00 00 1 5836.370
2009 09 03 21 15 00 1 5836.321
2009 09 03 21 30 00 1 5836.269
2009 09 03 21 45 00 1 5836.216
2009 09 03 22 00 00 1 5836.166
2009 09 03 22 15 00 1 5836.118
2009 09 03 22 30 00 1 5836.068
2009 09 03 22 45 00 1 5836.023
2009 09 03 23 00 00 1 5835.982
2009 09 03 23 15 00 1 5835.947
2009 09 03 23 30 00 1 5835.916
2009 09 03 23 45 00 1 5835.887
2009 09 04 00 00 00 1 5835.865
2009 09 04 00 15 00 1 5835.849
2009 09 04 00 30 00 1 5835.839
2009 09 04 00 45 00 1 5835.831
2009 09 04 01 00 00 1 5835.836
2009 09 04 01 15 00 1 5835.845
2009 09 04 01 30 00 1 5835.864
2009 09 04 01 45 00 1 5835.883
2009 09 04 02 00 00 1 5835.911
2009 09 04 02 15 00 1 5835.943
2009 09 04 02 30 00 1 5835.982
2009 09 04 02 45 00 1 5836.026
2009 09 04 03 00 00 1 5836.077
2009 09 04 03 15 00 1 5836.126
2009 09 04 03 30 00 1 5836.179
2009 09 04 03 45 00 1 5836.234
2009 09 04 04 00 00 1 5836.287
2009 09 04 04 15 00 1 5836.340
2009 09 04 04 30 00 1 5836.390
2009 09 04 04 45 00 1 5836.440
2009 09 04 05 00 00 1 5836.486
2009 09 04 05 15 00 1 5836.531
2009 09 04 05 30 00 1 5836.565
2009 09 04 05 45 00 1 5836.595
2009 09 04 06 00 00 1 5836.622
2009 09 04 06 15 00 1 5836.645
2009 09 04 06 30 00 1 5836.657
2009 09 04 06 45 00 1 5836.666
2009 09 04 07 00 00 1 5836.672
2009 09 04 07 15 00 1 5836.666
2009 09 04 07 30 00 1 5836.656
2009 09 04 07 45 00 1 5836.639
2009 09 04 08 00 00 1 5836.615
2009 09 04 08 15 00 1 5836.582
2009 09 04 08 30 00 1 5836.546
2009 09 04 08 45 00 1 5836.505
2009 09 04 09 00 00 1 5836.461
2009 09 04 09 15 00 1 5836.411
2009 09 04 09 30 00 1 5836.360
2009 09 04 09 45 00 1 5836.306
2009 09 04 10 00 00 1 5836.251
2009 09 04 10 15 00 1 5836.199
2009 09 04 10 30 00 1 5836.145
2009 09 04 10 45 00 1 5836.094
2009 09 04 11 00 00 1 5836.047
2009 09 04 11 15 00 1 5836.004
2009 09 04 11 30 00 1 5835.962
2009 09 04 11 45 00 1 5835.927
2009 09 04 12 00 00 1 5835.897
2009 09 04 12 15 00 1 5835.873
2009 09 04 12 30 00 1 5835.852
2009 09 04 12 45 00 1 5835.838
2009 09 04 13 00 00 1 5835.833
2009 09 04 13 15 00 1 5835.832
2009 09 04 13 30 00 1 5835.841
2009 09 04 13 45 00 1 5835.852
2009 09 04 14 00 00 1 5835.872
2009 09 04 14 15 00 1 5835.900
2009 09 04 14 30 00 1 5835.937
2009 09 04 14 45 00 1 5835.974
2009 09 04 15 00 00 1 5836.017
2009 09 04 15 15 00 1 5836.064
2009 09 04 15 30 00 1 5836.115
2009 09 04 15 45 00 1 5836.170
2009 09 04 16 00 00 1 5836.223
2009 09 04 16 15 00 1 5836.277
2009 09 04 16 30 00 1 5836.331
2009 09 04 16 45 00 1 5836.384
2009 09 04 17 00 00 1 5836.436
2009 09 04 17 15 00 1 5836.482
2009 09 04 17 30 00 1 5836.525
2009 09 04 17 45 00 1 5836.564
2009 09 04 18 00 00 1 5836.594
2009 09 04 18 15 00 1 5836.621
2009 09 04 18 30 00 1 5836.640
2009 09 04 18 45 00 1 5836.656
2009 09 04 19 00 00 1 5836.666
2009 09 04 19 15 00 1 5836.666
2009 09 04 19 30 00 1 5836.659
2009 09 04 19 45 00 1 5836.645
2009 09 04 20 00 00 1 5836.625
2009 09 04 20 15 00 1 5836.598
2009 09 04 20 30 00 1 5836.569
2009 09 04 20 45 00 1 5836.530
2009 09 04 21 00 00 1 5836.487
2009 09 04 21 15 00 1 5836.441
2009 09 04 21 30 00 1 5836.392
2009 09 04 21 45 00 1 5836.339
2009 09 04 22 00 00 1 5836.285
2009 09 04 22 15 00 1 5836.230
2009 09 04 22 30 00 1 5836.171
2009 09 04 22 45 00 1 5836.115
2009 09 04 23 00 00 1 5836.060
2009 09 04 23 15 00 1 5836.009
2009 09 04 23 30 00 1 5835.959
2009 09 04 23 45 00 1 5835.912
2009 09 05 00 00 00 1 5835.873
2009 09 05 00 15 00 1 9999.000
2009 09 05 00 30 00 1 9999.000
2009 09 05 00 45 00 1 9999.000
2009 09 05 01 00 00 1 9999.000
2009 09 05 01 15 00 1 5835.765
2009 09 05 01 30 00 1 5835.766
2009 09 05 01 45 00 1 5835.774
2009 09 05 02 00 00 1 5835.788
2009 09 05 02 15 00 1 5835.810
2009 09 05 02 30 00 1 5835.840
2009 09 05 02 45 00 1 5835.874
2009 09 05 03 00 00 1 5835.915
2009 09 05 03 15 00 1 9999.000
2009 09 05 03 30 00 1 9999.000
2009 09 05 03 45 00 1 9999.000
2009 09 05 04 00 00 1 9999.000
2009 09 05 04 15 00 1 9999.000
2009 09 05 04 30 00 1 9999.000
2009 09 05 04 45 00 1 9999.000
2009 09 05 05 00 00 1 9999.000
2009 09 05 05 15 00 1 9999.000
2009 09 05 05 30 00 1 9999.000
2009 09 05 05 45 00 1 9999.000
2009 09 05 06 00 00 1 9999.000
2009 09 05 06 15 00 1 9999.000
2009 09 05 06 30 00 1 9999.000
2009 09 05 06 45 00 1 9999.000
2009 09 05 07 00 00 1 9999.000
2009 09 05 07 15 00 1 9999.000
2009 09 05 07 30 00 1 9999.000
2009 09 05 07 45 00 1 9999.000
2009 09 05 08 00 00 1 9999.000
2009 09 05 08 15 00 1 5836.665
2009 09 05 08 30 00 1 5836.641
2009 09 05 08 45 00 1 5836.609
2009 09 05 09 00 00 1 5836.573
2009 09 05 09 15 00 1 9999.000
2009 09 05 09 30 00 1 9999.000
2009 09 05 09 45 00 1 9999.000
2009 09 05 10 00 00 1 9999.000
2009 09 05 10 15 00 1 9999.000
2009 09 05 10 30 00 1 9999.000
2009 09 05 10 45 00 1 9999.000
2009 09 05 11 00 00 1 9999.000
2009 09 05 11 15 00 1 9999.000
2009 09 05 11 30 00 1 9999.000
2009 09 05 11 45 00 1 9999.000
2009 09 05 12 00 00 1 9999.000
2009 09 05 12 15 00 1 5835.874
2009 09 05 12 30 00 1 5835.834
2009 09 05 12 45 00 1 5835.801
2009 09 05 13 00 00 1 5835.775
2009 09 05 13 15 00 1 5835.756
2009 09 05 13 30 00 1 5835.739
2009 09 05 13 45 00 1 5835.733
2009 09 05 14 00 00 1 5835.736
2009 09 05 14 15 00 1 5835.743
2009 09 05 14 30 00 1 5835.763
2009 09 05 14 45 00 1 5835.786
2009 09 05 15 00 00 1 5835.818
2009 09 05 15 15 00 1 5835.859
2009 09 05 15 30 00 1 5835.905
2009 09 05 15 45 00 1 5835.956
2009 09 05 16 00 00 1 5836.013
2009 09 05 16 15 00 1 5836.070
2009 09 05 16 30 00 1 5836.129
2009 09 05 16 45 00 1 5836.192
2009 09 05 17 00 00 1 5836.250
2009 09 05 17 15 00 1 5836.310
2009 09 05 17 30 00 1 5836.366
2009 09 05 17 45 00 1 5836.421
2009 09 05 18 00 00 1 5836.473
2009 09 05 18 15 00 1 5836.519
2009 09 05 18 30 00 1 5836.559
2009 09 05 18 45 00 1 5836.594
2009 09 05 19 00 00 1 5836.626
2009 09 05 19 15 00 1 5836.648
2009 09 05 19 30 00 1 5836.662
2009 09 05 19 45 00 1 5836.671
2009 09 05 20 00 00 1 5836.669
2009 09 05 20 15 00 1 5836.660
2009 09 05 20 30 00 1 5836.642
2009 09 05 20 45 00 1 5836.617
2009 09 05 21 00 00 1 5836.587
2009 09 05 21 15 00 1 5836.547
2009 09 05 21 30 00 1 5836.505
2009 09 05 21 45 00 1 5836.457
2009 09 05 22 00 00 1 5836.407
2009 09 05 22 15 00 1 9999.000
2009 09 05 22 30 00 1 9999.000
2009 09 05 22 45 00 1 9999.000
2009 09 05 23 00 00 1 9999.000
2009 09 05 23 15 00 1 5836.107
2009 09 05 23 30 00 1 5836.049
2009 09 05 23 45 00 1 5835.993
2009 09 06 00 00 00 1 5835.936
2009 09 06 00 15 00 1 9999.000
2009 09 06 00 30 00 1 9999.000
2009 09 06 00 45 00 1 9999.000
2009 09 06 01 00 00 1 9999.000
2009 09 06 01 15 00 1 9999.000
2009 09 06 01 30 00 1 9999.000
2009 09 06 01 45 00 1 9999.000
2009 09 06 02 00 00 1 9999.000
2009 09 06 02 15 00 1 5835.709
2009 09 06 02 30 00 1 5835.721
2009 09 06 02 45 00 1 5835.741
2009 09 06 03 00 00 1 5835.770
2009 09 06 03 15 00 1 9999.000
2009 09 06 03 30 00 1 9999.000
2009 09 06 03 45 00 1 9999.000
2009 09 06 04 00 00 1 9999.000
2009 09 06 04 15 00 1 5836.009
2009 09 06 04 30 00 1 5836.072
2009 09 06 04 45 00 1 5836.137
2009 09 06 05 00 00 1 5836.203
2009 09 06 05 15 00 1 5836.265
2009 09 06 05 30 00 1 5836.332
2009 09 06 05 45 00 1 5836.395
2009 09 06 06 00 00 1 5836.454
2009 09 06 06 15 00 1 5836.511
2009 09 06 06 30 00 1 5836.564
2009 09 06 06 45 00 1 5836.608
2009 09 06 07 00 00 1 5836.648
2009 09 06 07 15 00 1 5836.685
2009 09 06 07 30 00 1 5836.711
2009 09 06 07 45 00 1 5836.729
2009 09 06 08 00 00 1 5836.742
2009 09 06 08 15 00 1 5836.745
2009 09 06 08 30 00 1 5836.741
2009 09 06 08 45 00 1 5836.729
2009 09 06 09 00 00 1 5836.706
2009 09 06 09 15 00 1 5836.674
2009 09 06 09 30 00 1 5836.637
2009 09 06 09 45 00 1 5836.594
2009 09 06 10 00 00 1 5836.542
2009 09 06 10 15 00 1 5836.486
2009 09 06 10 30 00 1 5836.427
2009 09 06 10 45 00 1 5836.365
2009 09 06 11 00 00 1 5836.301
2009 09 06 11 15 00 1 5836.240
2009 09 06 11 30 00 1 5836.173
2009 09 06 11 45 00 1 5836.111
2009 09 06 12 00 00 1 5836.051
2009 09 06 12 15 00 1 5835.991
2009 09 06 12 30 00 1 5835.936
2009 09 06 12 45 00 1 5835.883
2009 09 06 13 00 00 1 5835.839
2009 09 06 13 15 00 1 5835.800
2009 09 06 13 30 00 1 5835.768
2009 09 06 13 45 00 1 5835.742
2009 09 06 14 00 00 1 5835.728
2009 09 06 14 15 00 1 5835.718
2009 09 06 14 30 00 1 5835.717
2009 09 06 14 45 00 1 5835.726
2009 09 06 15 00 00 1 5835.738
2009 09 06 15 15 00 1 5835.766
2009 09 06 15 30 00 1 5835.799
2009 09 06 15 45 00 1 5835.838
2009 09 06 16 00 00 1 5835.885
2009 09 06 16 15 00 1 5835.934
2009 09 06 16 30 00 1 5835.990
2009 09 06 16 45 00 1 5836.052
2009 09 06 17 00 00 1 5836.113
2009 09 06 17 15 00 1 5836.179
2009 09 06 17 30 00 1 5836.245
2009 09 06 17 45 00 1 5836.313
2009 09 06 18 00 00 1 5836.377
2009 09 06 18 15 00 1 5836.439
2009 09 06 18 30 00 1 5836.498
2009 09 06 18 45 00 1 5836.551
2009 09 06 19 00 00 1 5836.596
2009 09 06 19 15 00 1 5836.639
2009 09 06 19 30 00 1 5836.676
2009 09 06 19 45 00 1 5836.705
2009 09 06 20 00 00 1 5836.725
2009 09 06 20 15 00 1 5836.736
2009 09 06 20 30 00 1 5836.740
2009 09 06 20 45 00 1 5836.736
2009 09 06 21 00 00 1 5836.727
2009 09 06 21 15 00 1 5836.706
2009 09 06 21 30 00 1 5836.678
2009 09 06 21 45 00 1 5836.644
2009 09 06 22 00 00 1 5836.606
2009 09 06 22 15 00 1 5836.557
2009 09 06 22 30 00 1 5836.506
2009 09 06 22 45 00 1 5836.449
2009 09 06 23 00 00 1 5836.387
2009 09 06 23 15 00 1 5836.325
2009 09 06 23 30 00 1 5836.258
2009 09 06 23 45 00 1 5836.193
2009 09 07 00 00 00 1 5836.128
2009 09 07 00 15 00 1 5836.065
2009 09 07 00 30 00 1 5836.005
2009 09 07 00 45 00 1 5835.952
2009 09 07 01 00 00 1 5835.899
2009 09 07 01 15 00 1 5835.857
2009 09 07 01 30 00 1 5835.815
2009 09 07 01 45 00 1 5835.784
2009 09 07 02 00 00 1 5835.756
2009 09 07 02 15 00 1 5835.741
2009 09 07 02 30 00 1 5835.731
2009 09 07 02 45 00 1 5835.729
2009 09 07 03 00 00 1 5835.742
2009 09 07 03 15 00 1 5835.758
2009 09 07 03 30 00 1 5835.785
2009 09 07 03 45 00 1 5835.819
2009 09 07 04 00 00 1 5835.861
2009 09 07 04 15 00 1 5835.912
2009 09 07 04 30 00 1 5835.964
2009 09 07 04 45 00 1 5836.026
2009 09 07 05 00 00 1 5836.091
2009 09 07 05 15 00 1 5836.157
2009 09 07 05 30 00 1 5836.224
2009 09 07 05 45 00 1 5836.289
2009 09 07 06 00 00 1 5836.360
2009 09 07 06 15 00 1 5836.429
2009 09 07 06 30 00 1 5836.491
2009 09 07 06 45 00 1 5836.553
2009 09 07 07 00 00 1 5836.609
2009 09 07 07 15 00 1 5836.660
2009 09 07 07 30 00 1 5836.705
2009 09 07 07 45 00 1 5836.746
2009 09 07 08 00 00 1 5836.777
2009 09 07 08 15 00 1 5836.801
2009 09 07 08 30 00 1 5836.816
2009 09 07 08 45 00 1 5836.822
2009 09 07 09 00 00 1 5836.818
2009 09 07 09 15 00 1 5836.807
2009 09 07 09 30 00 1 5836.788
2009 09 07 09 45 00 1 5836.758
2009 09 07 10 00 00 1 5836.722
2009 09 07 10 15 00 1 5836.678
2009 09 07 10 30 00 1 5836.628
2009 09 07 10 45 00 1 5836.572
2009 09 07 11 00 00 1 5836.512
2009 09 07 11 15 00 1 5836.449
2009 09 07 11 30 00 1 5836.382
2009 09 07 11 45 00 1 5836.314
2009 09 07 12 00 00 1 5836.245
2009 09 07 12 15 00 1 5836.178
2009 09 07 12 30 00 1 5836.110
2009 09 07 12 45 00 1 5836.047
2009 09 07 13 00 00 1 5835.983
2009 09 07 13 15 00 1 5835.924
2009 09 07 13 30 00 1 5835.873
2009 09 07 13 45 00 1 5835.824
2009 09 07 14 00 00 1 5835.784
2009 09 07 14 15 00 1 5835.752
2009 09 07 14 30 00 1 5835.726
2009 09 07 14 45 00 1 5835.712
2009 09 07 15 00 00 1 5835.704
2009 09 07 15 15 00 1 5835.707
2009 09 07 15 30 00 1 5835.718
2009 09 07 15 45 00 1 5835.740
2009 09 07 16 00 00 1 5835.771
2009 09 07 16 15 00 1 5835.810
2009 09 07 16 30 00 1 5835.856
2009 09 07 16 45 00 1 5835.910
2009 09 07 17 00 00 1 5835.968
2009 09 07 17 15 00 1 5836.033
2009 09 07 17 30 00 1 5836.098
2009 09 07 17 45 00 1 5836.169
2009 09 07 18 00 00 1 5836.243
2009 09 07 18 15 00 1 5836.313
2009 09 07 18 30 00 1 5836.382
2009 09 07 18 45 00 1 5836.451
2009 09 07 19 00 00 1 5836.514
2009 09 07 19 15 00 1 5836.571
2009 09 07 19 30 00 1 5836.626
2009 09 07 19 45 00 1 5836.676
2009 09 07 20 00 00 1 5836.717
2009 09 07 20 15 00 1 5836.749
2009 09 07 20 30 00 1 5836.774
2009 09 07 20 45 00 1 5836.793
2009 09 07 21 00 00 1 5836.802
2009 09 07 21 15 00 1 5836.800
2009 09 07 21 30 00 1 5836.793
2009 09 07 21 45 00 1 5836.776
2009 09 07 22 00 00 1 5836.752
2009 09 07 22 15 00 1 5836.719
2009 09 07 22 30 00 1 5836.680
2009 09 07 22 45 00 1 5836.634
2009 09 07 23 00 00 1 5836.580
2009 09 07 23 15 00 1 5836.523
2009 09 07 23 30 00 1 5836.462
2009 09 07 23 45 00 1 5836.398
2009 09 08 00 00 00 1 5836.335
2009 09 08 00 15 00 1 5836.268
2009 09 08 00 30 00 1 5836.199
2009 09 08 00 45 00 1 5836.137
2009 09 08 01 00 00 1 5836.075
2009 09 08 01 15 00 1 5836.013
2009 09 08 01 30 00 1 5835.959
2009 09 08 01 45 00 1 5835.912
2009 09 08 02 00 00 1 5835.868
2009 09 08 02 15 00 1 5835.828
2009 09 08 02 30 00 1 5835.797
2009 09 08 02 45 00 1 5835.774
2009 09 08 03 00 00 1 5835.763
2009 09 08 03 15 00 1 5835.758
2009 09 08 03 30 00 1 5835.761
2009 09 08 03 45 00 1 5835.778
2009 09 08 04 00 00 1 5835.798
2009 09 08 04 15 00 1 5835.829
2009 09 08 04 30 00 1 5835.871
2009 09 08 04 45 00 1 5835.915
2009 09 08 05 00 00 1 5835.967
2009 09 08 05 15 00 1 5836.025
2009 09 08 05 30 00 1 5836.085
2009 09 08 05 45 00 1 5836.150
2009 09 08 06 00 00 1 5836.218
2009 09 08 06 15 00 1 5836.288
2009 09 08 06 30 00 1 5836.356
2009 09 08 06 45 00 1 5836.426
2009 09 08 07 00 00 1 5836.493
2009 09 08 07 15 00 1 5836.561
2009 09 08 07 30 00 1 5836.623
2009 09 08 07 45 00 1 5836.679
2009 09 08 08 00 00 1 5836.728
2009 09 08 08 15 00 1 5836.772
2009 09 08 08 30 00 1 5836.809
2009 09 08 08 45 00 1 5836.838
2009 09 08 09 00 00 1 5836.857
2009 09 08 09 15 00 1 5836.866
2009 09 08 09 30 00 1 5836.866
2009 09 08 09 45 00 1 5836.858
2009 09 08 10 00 00 1 5836.839
2009 09 08 10 15 00 1 5836.811
2009 09 08 10 30 00 1 5836.776
2009 09 08 10 45 00 1 5836.736
2009 09 08 11 00 00 1 5836.688
2009 09 08 11 15 00 1 5836.634
2009 09 08 11 30 00 1 5836.574
2009 09 08 11 45 00 1 5836.510
2009 09 08 12 00 00 1 5836.440
2009 09 08 12 15 00 1 9999.000
2009 09 08 12 30 00 1 9999.000
2009 09 08 12 45 00 1 9999.000
2009 09 08 13 00 00 1 9999.000
2009 09 08 13 15 00 1 9999.000
2009 09 08 13 30 00 1 9999.000
2009 09 08 13 45 00 1 9999.000
2009 09 08 14 00 00 1 9999.000
2009 09 08 14 15 00 1 9999.000
2009 09 08 14 30 00 1 9999.000
2009 09 08 14 45 00 1 9999.000
2009 09 08 15 00 00 1 9999.000
2009 09 08 15 15 00 1 9999.000
2009 09 08 15 30 00 1 9999.000
2009 09 08 15 45 00 1 9999.000
2009 09 08 16 00 00 1 9999.000
2009 09 08 16 15 00 1 9999.000
2009 09 08 16 30 00 1 9999.000
2009 09 08 16 45 00 1 9999.000
2009 09 08 17 00 00 1 9999.000
2009 09 08 17 15 00 1 9999.000
2009 09 08 17 30 00 1 9999.000
2009 09 08 17 45 00 1 9999.000
2009 09 08 18 00 00 1 9999.000
2009 09 08 18 15 00 1 5836.124
2009 09 08 18 30 00 1 5836.193
2009 09 08 18 45 00 1 5836.267
2009 09 08 19 00 00 1 5836.340
2009 09 08 19 15 00 1 5836.411
2009 09 08 19 30 00 1 5836.477
2009 09 08 19 45 00 1 5836.542
2009 09 08 20 00 00 1 5836.600
2009 09 08 20 15 00 1 5836.651
2009 09 08 20 30 00 1 5836.700
2009 09 08 20 45 00 1 5836.738
2009 09 08 21 00 00 1 5836.771
2009 09 08 21 15 00 1 5836.794
2009 09 08 21 30 00 1 5836.807
2009 09 08 21 45 00 1 5836.814
2009 09 08 22 00 00 1 5836.811
2009 09 08 22 15 00 1 5836.799
2009 09 08 22 30 00 1 5836.777
2009 09 08 22 45 00 1 5836.746
2009 09 08 23 00 00 1 5836.706
2009 09 08 23 15 00 1 5836.661
2009 09 08 23 30 00 1 5836.609
2009 09 08 23 45 00 1 5836.550
2009 09 09 00 00 00 1 5836.491
2009 09 09 00 15 00 1 5836.428
2009 09 09 00 30 00 1 5836.362
2009 09 09 00 45 00 1 5836.293
2009 09 09 01 00 00 1 5836.228
2009 09 09 01 15 00 1 5836.156
2009 09 09 01 30 00 1 5836.091
2009 09 09 01 45 00 1 5836.031
2009 09 09 02 00 00 1 5835.971
2009 09 09 02 15 00 1 5835.917
2009 09 09 02 30 00 1 5835.870
2009 09 09 02 45 00 1 5835.827
2009 09 09 03 00 00 1 5835.793
2009 09 09 03 15 00 1 5835.769
2009 09 09 03 30 00 1 5835.749
2009 09 09 03 45 00 1 5835.741
2009 09 09 04 00 00 1 5835.740
2009 09 09 04 15 00 1 5835.752
2009 09 09 04 30 00 1 5835.770
2009 09 09 04 45 00 1 5835.795
2009 09 09 05 00 00 1 5835.832
2009 09 09 05 15 00 1 5835.873
2009 09 09 05 30 00 1 5835.922
2009 09 09 05 45 00 1 5835.977
2009 09 09 06 00 00 1 5836.038
2009 09 09 06 15 00 1 5836.102
2009 09 09 06 30 00 1 5836.169
2009 09 09 06 45 00 1 5836.240
2009 09 09 07 00 00 1 5836.313
2009 09 09 07 15 00 1 5836.386
2009 09 09 07 30 00 1 5836.456
2009 09 09 07 45 00 1 5836.523
2009 09 09 08 00 00 1 5836.587
2009 09 09 08 15 00 1 5836.647
2009 09 09 08 30 00 1 5836.703
2009 09 09 08 45 00 1 5836.749
2009 09 09 09 00 00 1 5836.792
2009 09 09 09 15 00 1 5836.825
2009 09 09 09 30 00 1 5836.849
2009 09 09 09 45 00 1 5836.864
2009 09 09 10 00 00 1 5836.868
2009 09 09 10 15 00 1 5836.866
2009 09 09 10 30 00 1 5836.853
2009 09 09 10 45 00 1 5836.830
2009 09 09 11 00 00 1 5836.803
2009 09 09 11 15 00 1 5836.765
2009 09 09 11 30 00 1 5836.720
2009 09 09 11 45 00 1 5836.670
2009 09 09 12 00 00 1 5836.611
2009 09 09 12 15 00 1 5836.547
2009 09 09 12 30 00 1 5836.478
2009 09 09 12 45 00 1 5836.407
2009 09 09 13 00 00 1 5836.335
2009 09 09 13 15 00 1 5836.258
2009 09 09 13 30 00 1 5836.182
2009 09 09 13 45 00 1 5836.109
2009 09 09 14 00 00 1 5836.039
2009 09 09 14 15 00 1 5835.969
2009 09 09 14 30 00 1 5835.908
2009 09 09 14 45 00 1 5835.851
2009 09 09 15 00 00 1 5835.802
2009 09 09 15 15 00 1 5835.758
2009 09 09 15 30 00 1 5835.722
2009 09 09 15 45 00 1 5835.699
2009 09 09 16 00 00 1 5835.681
2009 09 09 16 15 00 1 5835.672
2009 09 09 16 30 00 1 5835.672
2009 09 09 16 45 00 1 5835.683
2009 09 09 17 00 00 1 5835.701
2009 09 09 17 15 00 1 5835.730
2009 09 09 17 30 00 1 5835.769
2009 09 09 17 45 00 1 5835.817
2009 09 09 18 00 00 1 5835.871
2009 09 09 18 15 00 1 5835.931
2009 09 09 18 30 00 1 5835.997
2009 09 09 18 45 00 1 5836.065
2009 09 09 19 00 00 1 5836.136
2009 09 09 19 15 00 1 5836.210
2009 09 09 19 30 00 1 5836.283
2009 09 09 19 45 00 1 5836.353
2009 09 09 20 00 00 1 5836.424
2009 09 09 20 15 00 1 5836.489
2009 09 09 20 30 00 1 5836.554
2009 09 09 20 45 00 1 5836.610
2009 09 09 21 00 00 1 5836.661
2009 09 09 21 15 00 1 5836.706
2009 09 09 21 30 00 1 5836.742
2009 09 09 21 45 00 1 5836.773
2009 09 09 22 00 00 1 5836.794
2009 09 09 22 15 00 1 5836.803
2009 09 09 22 30 00 1 5836.805
2009 09 09 22 45 00 1 5836.797
2009 09 09 23 00 00 1 5836.781
2009 09 09 23 15 00 1 5836.756
2009 09 09 23 30 00 1 5836.724
2009 09 09 23 45 00 1 5836.686
2009 09 10 00 00 00 1 5836.637
2009 09 10 00 15 00 1 5836.587
2009 09 10 00 30 00 1 5836.532
2009 09 10 00 45 00 1 5836.470
2009 09 10 01 00 00 1 5836.406
2009 09 10 01 15 00 1 5836.339
2009 09 10 01 30 00 1 5836.273
2009 09 10 01 45 00 1 5836.206
2009 09 10 02 00 00 1 5836.140
2009 09 10 02 15 00 1 5836.078
2009 09 10 02 30 00 1 5836.017
2009 09 10 02 45 00 1 5835.961
2009 09 10 03 00 00 1 5835.910
2009 09 10 03 15 00 1 5835.868
2009 09 10 03 30 00 1 5835.831
2009 09 10 03 45 00 1 5835.798
2009 09 10 04 00 00 1 5835.776
2009 09 10 04 15 00 1 5835.762
2009 09 10 04 30 00 1 5835.756
2009 09 10 04 45 00 1 5835.760
2009 09 10 05 00 00 1 5835.771
2009 09 10 05 15 00 1 5835.792
2009 09 10 05 30 00 1 5835.821
2009 09 10 05 45 00 1 5835.861
2009 09 10 06 00 00 1 5835.904
2009 09 10 06 15 00 1 5835.956
2009 09 10 06 30 00 1 5836.013
2009 09 10 06 45 00 1 5836.074
2009 09 10 07 00 00 1 5836.141
2009 09 10 07 15 00 1 5836.213
2009 09 10 07 30 00 1 5836.283
2009 09 10 07 45 00 1 5836.353
2009 09 10 08 00 00 1 5836.425
2009 09 10 08 15 00 1 5836.493
2009 09 10 08 30 00 1 5836.563
2009 09 10 08 45 00 1 5836.623
2009 09 10 09 00 00 1 5836.680
2009 09 10 09 15 00 1 5836.733
2009 09 10 09 30 00 1 5836.777
2009 09 10 09 45 00 1 5836.813
2009 09 10 10 00 00 1 5836.842
2009 09 10 10 15 00 1 5836.861
2009 09 10 10 30 00 1 5836.875
2009 09 10 10 45 00 1 5836.879
2009 09 10 11 00 00 1 5836.873
2009 09 10 11 15 00 1 5836.859
2009 09 10 11 30 00 1 5836.835
2009 09 10 11 45 00 1 5836.804
2009 09 10 12 00 00 1 5836.766
2009 09 10 12 15 00 1 5836.720
2009 09 10 12 30 00 1 5836.669
2009 09 10 12 45 00 1 5836.612
2009 09 10 13 00 00 1 5836.549
2009 09 10 13 15 00 1 5836.481
2009 09 10 13 30 00 1 5836.408
2009 09 10 13 45 00 1 5836.335
2009 09 10 14 00 00 1 5836.259
2009 09 10 14 15 00 1 5836.186
2009 09 10 14 30 00 1 5836.116
2009 09 10 14 45 00 1 5836.047
2009 09 10 15 00 00 1 5835.980
2009 09 10 15 15 00 1 5835.922
2009 09 10 15 30 00 1 5835.865
2009 09 10 15 45 00 1 5835.819
2009 09 10 16 00 00 1 5835.778
2009 09 10 16 15 00 1 5835.746
2009 09 10 16 30 00 1 5835.723
2009 09 10 16 45 00 1 5835.709
2009 09 10 17 00 00 1 5835.703
2009 09 10 17 15 00 1 5835.706
2009 09 10 17 30 00 1 5835.721
2009 09 10 17 45 00 1 5835.745
2009 09 10 18 00 00 1 5835.776
2009 09 10 18 15 00 1 5835.817
2009 09 10 18 30 00 1 5835.864
2009 09 10 18 45 00 1 5835.917
2009 09 10 19 00 00 1 5835.973
2009 09 10 19 15 00 1 5836.038
2009 09 10 19 30 00 1 5836.106
2009 09 10 19 45 00 1 5836.176
2009 09 10 20 00 00 1 5836.246
2009 09 10 20 15 00 1 5836.318
2009 09 10 20 30 00 1 5836.385
2009 09 10 20 45 00 1 5836.456
2009 09 10 21 00 00 1 5836.518
2009 09 10 21 15 00 1 5836.580
2009 09 10 21 30 00 1 5836.636
2009 09 10 21 45 00 1 5836.684
2009 09 10 22 00 00 1 5836.728
2009 09 10 22 15 00 1 5836.763
2009 09 10 22 30 00 1 5836.790
2009 09 10 22 45 00 1 5836.807
2009 09 10 23 00 00 1 5836.816
2009 09 10 23 15 00 1 5836.817
2009 09 10 23 30 00 1 5836.809
2009 09 10 23 45 00 1 5836.790
2009 09 11 00 00 00 1 5836.767
2009 09 11 00 15 00 1 5836.735
2009 09 11 00 30 00 1 5836.698
2009 09 11 00 45 00 1 5836.655
2009 09 11 01 00 00 1 5836.603
2009 09 11 01 15 00 1 5836.548
2009 09 11 01 30 00 1 5836.490
2009 09 11 01 45 00 1 5836.427
2009 09 11 02 00 00 1 5836.365
2009 09 11 02 15 00 1 5836.301
2009 09 11 02 30 00 1 5836.235
2009 09 11 02 45 00 1 5836.175
2009 09 11 03 00 00 1 5836.112
2009 09 11 03 15 00 1 5836.053
2009 09 11 03 30 00 1 5836.001
2009 09 11 03 45 00 1 5835.955
2009 09 11 04 00 00 1 5835.913
2009 09 11 04 15 00 1 5835.879
2009 09 11 04 30 00 1 5835.852
2009 09 11 04 45 00 1 5835.831
2009 09 11 05 00 00 1 5835.814
2009 09 11 05 15 00 1 5835.812
2009 09 11 05 30 00 1 5835.816
2009 09 11 05 45 00 1 5835.829
2009 09 11 06 00 00 1 5835.850
2009 09 11 06 15 00 1 5835.879
2009 09 11 06 30 00 1 5835.916
2009 09 11 06 45 00 1 5835.957
2009 09 11 07 00 00 1 5836.010
2009 09 11 07 15 00 1 5836.065
2009 09 11 07 30 00 1 5836.128
2009 09 11 07 45 00 1 5836.193
2009 09 11 08 00 00 1 5836.258
2009 09 11 08 15 00 1 5836.329
2009 09 11 08 30 00 1 5836.397
2009 09 11 08 45 00 1 5836.466
2009 09 11 09 00 00 1 5836.531
2009 09 11 09 15 00 1 5836.594
2009 09 11 09 30 00 1 5836.653
2009 09 11 09 45 00 1 5836.708
2009 09 11 10 00 00 1 5836.756
2009 09 11 10 15 00 1 5836.799
2009 09 11 10 30 00 1 5836.838
2009 09 11 10 45 00 1 5836.865
2009 09 11 11 00 00 1 5836.887
2009 09 11 11 15 00 1 5836.900
2009 09 11 11 30 00 1 5836.903
2009 09 11 11 45 00 1 5836.897
2009 09 11 12 00 00 1 5836.887
2009 09 11 12 15 00 1 5836.867
2009 09 11 12 30 00 1 5836.837
2009 09 11 12 45 00 1 5836.799
2009 09 11 13 00 00 1 5836.756
2009 09 11 13 15 00 1 5836.702
2009 09 11 13 30 00 1 5836.642
2009 09 11 13 45 00 1 5836.582
2009 09 11 14 00 00 1 5836.518
2009 09 11 14 15 00 1 5836.448
2009 09 11 14 30 00 1 5836.374
2009 09 11 14 45 00 1 5836.302
2009 09 11 15 00 00 1 5836.233
2009 09 11 15 15 00 1 5836.162
2009 09 11 15 30 00 1 5836.096
2009 09 11 15 45 00 1 5836.034
2009 09 11 16 00 00 1 5835.974
2009 09 11 16 15 00 1 5835.923
2009 09 11 16 30 00 1 5835.876
2009 09 11 16 45 00 1 5835.838
2009 09 11 17 00 00 1 5835.805
2009 09 11 17 15 00 1 5835.783
2009 09 11 17 30 00 1 5835.768
2009 09 11 17 45 00 1 5835.763
2009 09 11 18 00 00 1 5835.767
2009 09 11 18 15 00 1 5835.779
2009 09 11 18 30 00 1 5835.800
2009 09 11 18 45 00 1 5835.829
2009 09 11 18 55 00 2 5835.853
2009 09 11 18 56 00 2 5835.854
2009 09 11 18 57 00 2 5835.857
2009 09 11 18 58 00 2 5835.860
2009 09 11 18 59 00 2 5835.863
2009 09 11 19 00 00 1 5835.865
2009 09 11 19 00 00 2 5835.866
2009 09 11 19 01 00 2 5826.436
2009 09 11 19 02 00 2 5835.870
2009 09 11 19 03 00 2 5835.874
2009 09 11 19 03 45 3 5835.875
2009 09 11 19 04 00 2 5817.488
2009 09 11 19 04 00 3 5835.875
2009 09 11 19 04 15 3 5854.541
2009 09 11 19 04 30 3 5822.623
2009 09 11 19 04 45 3 5822.451
2009 09 11 19 05 00 2 5849.162
2009 09 11 19 05 00 3 5858.314
2009 09 11 19 05 15 3 5831.353
2009 09 11 19 05 30 3 5828.300
2009 09 11 19 05 45 3 5813.145
2009 09 11 19 06 00 2 5829.881
2009 09 11 19 06 00 3 5822.473
2009 09 11 19 06 15 3 5847.769
2009 09 11 19 06 30 3 5832.395
2009 09 11 19 06 45 3 5816.886
2009 09 11 19 07 00 2 5822.502
2009 09 11 19 07 00 3 5866.905
2009 09 11 19 07 15 3 5846.075
2009 09 11 19 07 30 3 5835.854
2009 09 11 19 08 00 2 5825.836
2009 09 11 19 09 00 2 5830.723
2009 09 11 19 10 00 2 5856.413
2009 09 11 19 15 00 1 9999.000
2009 09 11 19 30 00 1 9999.000
2009 09 11 19 45 00 1 9999.000
2009 09 11 20 00 00 1 9999.000
2009 09 11 20 15 00 1 9999.000
2009 09 11 20 30 00 1 9999.000
2009 09 11 20 45 00 1 9999.000
2009 09 11 21 00 00 1 9999.000
2009 09 11 21 15 00 1 9999.000
2009 09 11 21 30 00 1 9999.000
2009 09 11 21 45 00 1 9999.000
2009 09 11 22 00 00 1 9999.000
2009 09 11 22 15 00 1 9999.000
2009 09 11 22 30 00 1 9999.000
2009 09 11 22 45 00 1 9999.000
2009 09 11 23 00 00 1 9999.000
2009 09 11 23 15 00 1 9999.000
2009 09 11 23 30 00 1 9999.000
2009 09 11 23 45 00 1 9999.000
2009 09 12 00 00 00 1 9999.000
2009 09 12 00 15 00 1 9999.000
2009 09 12 00 30 00 1 9999.000
2009 09 12 00 45 00 1 9999.000
2009 09 12 01 00 00 1 9999.000
2009 09 12 01 15 00 1 9999.000
2009 09 12 01 30 00 1 9999.000
2009 09 12 01 45 00 1 9999.000
2009 09 12 02 00 00 1 9999.000
2009 09 12 02 15 00 1 9999.000
2009 09 12 02 30 00 1 9999.000
2009 09 12 02 45 00 1 9999.000
2009 09 12 03 00 00 1 9999.000
2009 09 12 03 15 00 1 9999.000
2009 09 12 03 30 00 1 9999.000
2009 09 12 03 45 00 1 9999.000
2009 09 12 04 00 00 1 9999.000
2009 09 12 04 15 00 1 9999.000
2009 09 12 04 30 00 1 9999.000
2009 09 12 04 45 00 1 9999.000
2009 09 12 05 00 00 1 9999.000
2009 09 12 05 15 00 1 9999.000
2009 09 12 05 30 00 1 9999.000
2009 09 12 05 45 00 1 9999.000
2009 09 12 06 00 00 1 9999.000
2009 09 12 06 15 00 1 9999.000
2009 09 12 06 30 00 1 9999.000
2009 09 12 06 45 00 1 9999.000
2009 09 12 07 00 00 1 9999.000
2009 09 12 07 15 00 1 9999.000
2009 09 12 07 30 00 1 9999.000
2009 09 12 07 45 00 1 9999.000
2009 09 12 08 00 00 1 9999.000
2009 09 12 08 15 00 1 9999.000
2009 09 12 08 30 00 1 9999.000
2009 09 12 08 45 00 1 9999.000
2009 09 12 09 00 00 1 9999.000
2009 09 12 09 15 00 1 9999.000
2009 09 12 09 30 00 1 9999.000
2009 09 12 09 45 00 1 9999.000
2009 09 12 10 00 00 1 9999.000
2009 09 12 10 15 00 1 9999.000
2009 09 12 10 30 00 1 9999.000
2009 09 12 10 45 00 1 9999.000
2009 09 12 11 00 00 1 9999.000
2009 09 12 11 15 00 1 9999.000
2009 09 12 11 30 00 1 9999.000
2009 09 12 11 45 00 1 9999.000
2009 09 12 12 00 00 1 9999.000
2009 09 12 12 15 00 1 9999.000
2009 09 12 12 30 00 1 9999.000
2009 09 12 12 45 00 1 9999.000
2009 09 12 13 00 00 1 9999.000
2009 09 12 13 15 00 1 9999.000
2009 09 12 13 30 00 1 9999.000
2009 09 12 13 45 00 1 9999.000
2009 09 12 14 00 00 1 9999.000
2009 09 12 14 15 00 1 9999.000
2009 09 12 14 30 00 1 9999.000
2009 09 12 14 45 00 1 9999.000
2009 09 12 15 00 00 1 9999.000
2009 09 12 15 15 00 1 9999.000
2009 09 12 15 30 00 1 9999.000
2009 09 12 15 45 00 1 9999.000
2009 09 12 16 00 00 1 9999.000
2009 09 12 16 15 00 1 9999.000
2009 09 12 16 30 00 1 9999.000
2009 09 12 16 45 00 1 9999.000
2009 09 12 17 00 00 1 9999.000
2009 09 12 17 15 00 1 9999.000
2009 09 12 17 30 00 1 9999.000
2009 09 12 17 45 00 1 9999.000
2009 09 12 18 00 00 1 9999.000
2009 09 12 18 15 00 1 9999.000
2009 09 12 18 30 00 1 9999.000
2009 09 12 18 45 00 1 9999.000
2009 09 12 19 00 00 1 9999.000
2009 09 12 19 15 00 1 9999.000
2009 09 12 19 30 00 1 9999.000
2009 09 12 19 45 00 1 9999.000
2009 09 12 20 00 00 1 9999.000
2009 09 12 20 15 00 1 9999.000
2009 09 12 20 30 00 1 9999.000
2009 09 12 20 45 00 1 9999.000
2009 09 12 21 00 00 1 9999.000
2009 09 12 21 15 00 1 9999.000
2009 09 12 21 30 00 1 9999.000
2009 09 12 21 45 00 1 9999.000
2009 09 12 22 00 00 1 9999.000
2009 09 12 22 15 00 1 9999.000
2009 09 12 22 30 00 1 9999.000
2009 09 12 22 45 00 1 9999.000
2009 09 12 23 00 00 1 9999.000
2009 09 12 23 15 00 1 9999.000
2009 09 12 23 30 00 1 9999.000
2009 09 12 23 45 00 1 9999.000
2009 09 13 00 00 00 1 9999.000
2009 09 13 00 15 00 1 5837.017
2009 09 13 00 30 00 1 5837.033
2009 09 13 00 45 00 1 5837.038
2009 09 13 01 00 00 1 5837.039
2009 09 13 01 15 00 1 5837.028
2009 09 13 01 30 00 1 5837.014
2009 09 13 01 45 00 1 5836.990
2009 09 13 02 00 00 1 5836.962
2009 09 13 02 15 00 1 5836.930
2009 09 13 02 30 00 1 5836.885
2009 09 13 02 45 00 1 5836.837
2009 09 13 03 00 00 1 5836.790
2009 09 13 03 15 00 1 5836.740
2009 09 13 03 30 00 1 5836.684
2009 09 13 03 45 00 1 5836.627
2009 09 13 04 00 00 1 5836.570
2009 09 13 04 15 00 1 5836.513
2009 09 13 04 30 00 1 5836.456
2009 09 13 04 45 00 1 5836.401
2009 09 13 05 00 00 1 5836.351
2009 09 13 05 15 00 1 5836.303
2009 09 13 05 30 00 1 5836.256
2009 09 13 05 45 00 1 5836.222
2009 09 13 06 00 00 1 5836.190
2009 09 13 06 15 00 1 5836.163
2009 09 13 06 30 00 1 5836.147
2009 09 13 06 45 00 1 5836.136
2009 09 13 07 00 00 1 5836.132
2009 09 13 07 15 00 1 5836.136
2009 09 13 07 30 00 1 5836.149
2009 09 13 07 45 00 1 5836.165
2009 09 13 08 00 00 1 5836.191
2009 09 13 08 15 00 1 5836.222
2009 09 13 08 30 00 1 5836.262
2009 09 13 08 45 00 1 5836.308
2009 09 13 09 00 00 1 5836.354
2009 09 13 09 15 00 1 5836.406
2009 09 13 09 30 00 1 5836.463
2009 09 13 09 45 00 1 5836.521
2009 09 13 10 00 00 1 5836.578
2009 09 13 10 15 00 1 5836.637
2009 09 13 10 30 00 1 5836.697
2009 09 13 10 45 00 1 5836.754
2009 09 13 11 00 00 1 5836.812
2009 09 13 11 15 00 1 5836.868
2009 09 13 11 30 00 1 5836.917
2009 09 13 11 45 00 1 5836.964
2009 09 13 12 00 00 1 5837.005
2009 09 13 12 15 00 1 5837.034
2009 09 13 12 30 00 1 5837.059
2009 09 13 12 45 00 1 5837.078
2009 09 13 13 00 00 1 5837.089
2009 09 13 13 15 00 1 5837.091
2009 09 13 13 30 00 1 5837.085
2009 09 13 13 45 00 1 5837.074
2009 09 13 14 00 00 1 5837.050
2009 09 13 14 15 00 1 5837.021
2009 09 13 14 30 00 1 5836.985
2009 09 13 14 45 00 1 5836.943
2009 09 13 15 00 00 1 5836.895
2009 09 13 15 15 00 1 5836.844
2009 09 13 15 30 00 1 5836.785
2009 09 13 15 45 00 1 5836.725
2009 09 13 16 00 00 1 5836.666
2009 09 13 16 15 00 1 5836.603
2009 09 13 16 30 00 1 5836.541
2009 09 13 16 45 00 1 5836.477
2009 09 13 17 00 00 1 5836.415
2009 09 13 17 15 00 1 5836.355
2009 09 13 17 30 00 1 5836.296
2009 09 13 17 45 00 1 5836.240
2009 09 13 18 00 00 1 5836.192
2009 09 13 18 15 00 1 5836.148
2009 09 13 18 30 00 1 5836.110
2009 09 13 18 45 00 1 5836.083
2009 09 13 19 00 00 1 5836.056
2009 09 13 19 15 00 1 5836.042
2009 09 13 19 30 00 1 5836.032
2009 09 13 19 45 00 1 5836.031
2009 09 13 20 00 00 1 5836.036
2009 09 13 20 15 00 1 5836.050
2009 09 13 20 30 00 1 5836.072
2009 09 13 20 45 00 1 5836.104
2009 09 13 21 00 00 1 5836.137
2009 09 13 21 15 00 1 5836.178
2009 09 13 21 30 00 1 5836.225
2009 09 13 21 45 00 1 5836.277
2009 09 13 22 00 00 1 5836.333
2009 09 13 22 15 00 1 5836.390
2009 09 13 22 30 00 1 5836.447
2009 09 13 22 45 00 1 5836.507
2009 09 13 23 00 00 1 5836.565
2009 09 13 23 15 00 1 5836.624
2009 09 13 23 30 00 1 5836.683
2009 09 13 23 45 00 1 5836.737
2009 09 14 00 00 00 1 5836.790
2009 09 14 00 15 00 1 5836.834
2009 09 14 00 30 00 1 5836.875
2009 09 14 00 45 00 1 5836.909
2009 09 14 01 00 00 1 5836.937
2009 09 14 01 15 00 1 5836.956
2009 09 14 01 30 00 1 5836.967
2009 09 14 01 45 00 1 5836.976
2009 09 14 02 00 00 1 5836.973
2009 09 14 02 15 00 1 5836.965
2009 09 14 02 30 00 1 5836.950
2009 09 14 02 45 00 1 5836.929
2009 09 14 03 00 00 1 5836.899
2009 09 14 03 15 00 1 5836.867
2009 09 14 03 30 00 1 5836.833
2009 09 14 03 45 00 1 5836.788
2009 09 14 04 00 00 1 5836.742
2009 09 14 04 15 00 1 5836.693
2009 09 14 04 30 00 1 5836.641
2009 09 14 04 45 00 1 5836.582
2009 09 14 05 00 00 1 5836.529
2009 09 14 05 15 00 1 5836.472
2009 09 14 05 30 00 1 5836.420
2009 09 14 05 45 00 1 5836.368
2009 09 14 06 00 00 1 5836.319
2009 09 14 06 15 00 1 5836.271
2009 09 14 06 30 00 1 5836.231
2009 09 14 06 45 00 1 5836.198
2009 09 14 07 00 00 1 5836.169
2009 09 14 07 15 00 1 5836.141
2009 09 14 07 30 00 1 5836.126
2009 09 14 07 45 00 1 5836.114
2009 09 14 08 00 00 1 5836.111
2009 09 14 08 15 00 1 5836.114
2009 09 14 08 30 00 1 5836.127
2009 09 14 08 45 00 1 5836.146
2009 09 14 09 00 00 1 5836.167
2009 09 14 09 15 00 1 5836.200
2009 09 14 09 30 00 1 5836.238
2009 09 14 09 45 00 1 5836.279
2009 09 14 10 00 00 1 5836.325
2009 09 14 10 15 00 1 5836.375
2009 09 14 10 30 00 1 5836.431
2009 09 14 10 45 00 1 5836.487
2009 09 14 11 00 00 1 5836.546
2009 09 14 11 15 00 1 5836.605
2009 09 14 11 30 00 1 5836.663
2009 09 14 11 45 00 1 5836.720
2009 09 14 12 00 00 1 5836.776
2009 09 14 12 15 00 1 5836.831
2009 09 14 12 30 00 1 5836.876
2009 09 14 12 45 00 1 5836.918
2009 09 14 13 00 00 1 5836.957
2009 09 14 13 15 00 1 5836.988
2009 09 14 13 30 00 1 5837.008
2009 09 14 13 45 00 1 5837.027
2009 09 14 14 00 00 1 5837.035
2009 09 14 14 15 00 1 5837.035
2009 09 14 14 30 00 1 5837.029
2009 09 14 14 45 00 1 5837.017
2009 09 14 15 00 00 1 5837.001
2009 09 14 15 15 00 1 5836.977
2009 09 14 15 30 00 1 5836.943
2009 09 14 15 45 00 1 5836.906
2009 09 14 16 00 00 1 5836.864
2009 09 14 16 15 00 1 5836.815
2009 09 14 16 30 00 1 5836.765
2009 09 14 16 45 00 1 5836.711
2009 09 14 17 00 00 1 5836.655
2009 09 14 17 15 00 1 5836.594
2009 09 14 17 30 00 1 5836.531
2009 09 14 17 45 00 1 5836.471
2009 09 14 18 00 00 1 5836.411
2009 09 14 18 15 00 1 5836.353
2009 09 14 18 30 00 1 5836.300
2009 09 14 18 45 00 1 5836.246
2009 09 14 19 00 00 1 5836.198
2009 09 14 19 15 00 1 5836.156
2009 09 14 19 30 00 1 5836.118
2009 09 14 19 45 00 1 5836.087
2009 09 14 20 00 00 1 5836.064
2009 09 14 20 15 00 1 5836.049
2009 09 14 20 30 00 1 5836.036
2009 09 14 20 45 00 1 5836.033
2009 09 14 21 00 00 1 5836.041
2009 09 14 21 15 00 1 5836.052
2009 09 14 21 30 00 1 5836.073
2009 09 14 21 45 00 1 5836.099
2009 09 14 22 00 00 1 5836.132
2009 09 14 22 15 00 1 5836.175
2009 09 14 22 30 00 1 5836.218
2009 09 14 22 45 00 1 5836.268
2009 09 14 23 00 00 1 5836.318
2009 09 14 23 15 00 1 5836.372
2009 09 14 23 30 00 1 5836.429
2009 09 14 23 45 00 1 5836.487
2009 09 15 00 00 00 1 5836.547
2009 09 15 00 15 00 1 5836.605
2009 09 15 00 30 00 1 5836.663
2009 09 15 00 45 00 1 5836.715
2009 09 15 01 00 00 1 5836.766
2009 09 15 01 15 00 1 5836.809
2009 09 15 01 30 00 1 5836.849
2009 09 15 01 45 00 1 5836.886
2009 09 15 02 00 00 1 5836.917
2009 09 15 02 15 00 1 5836.941
2009 09 15 02 30 00 1 5836.959
2009 09 15 02 45 00 1 5836.963
2009 09 15 03 00 00 1 5836.966
2009 09 15 03 15 00 1 5836.963
2009 09 15 03 30 00 1 5836.950
2009 09 15 03 45 00 1 5836.929
2009 09 15 04 00 00 1 5836.903
2009 09 15 04 15 00 1 5836.873
2009 09 15 04 30 00 1 5836.840
2009 09 15 04 45 00 1 5836.798
2009 09 15 05 00 00 1 5836.752
2009 09 15 05 15 00 1 5836.703
2009 09 15 05 30 00 1 5836.651
2009 09 15 05 45 00 1 5836.598
2009 09 15 06 00 00 1 5836.546
2009 09 15 06 15 00 1 5836.493
2009 09 15 06 30 00 1 5836.438
2009 09 15 06 45 00 1 5836.384
2009 09 15 07 00 00 1 5836.336
2009 09 15 07 15 00 1 5836.291
2009 09 15 07 30 00 1 5836.246
2009 09 15 07 45 00 1 5836.209
2009 09 15 08 00 00 1 5836.176
2009 09 15 08 15 00 1 5836.150
2009 09 15 08 30 00 1 5836.126
2009 09 15 08 45 00 1 5836.112
2009 09 15 09 00 00 1 5836.104
2009 09 15 09 15 00 1 5836.105
2009 09 15 09 30 00 1 5836.111
2009 09 15 09 45 00 1 5836.123
2009 09 15 10 00 00 1 5836.144
2009 09 15 10 15 00 1 5836.170
2009 09 15 10 30 00 1 5836.200
2009 09 15 10 45 00 1 5836.237
2009 09 15 11 00 00 1 5836.282
2009 09 15 11 15 00 1 5836.330
2009 09 15 11 30 00 1 5836.384
2009 09 15 11 45 00 1 5836.440
2009 09 15 12 00 00 1 5836.496
2009 09 15 12 15 00 1 5836.556
2009 09 15 12 30 00 1 5836.618
2009 09 15 12 45 00 1 5836.676
2009 09 15 13 00 00 1 5836.729
2009 09 15 13 15 00 1 5836.783
2009 09 15 13 30 00 1 5836.835
2009 09 15 13 45 00 1 5836.880
2009 09 15 14 00 00 1 5836.917
2009 09 15 14 15 00 1 5836.953
2009 09 15 14 30 00 1 5836.979
2009 09 15 14 45 00 1 5836.999
2009 09 15 15 00 00 1 5837.014
2009 09 15 15 15 00 1 5837.020
2009 09 15 15 30 00 1 5837.021
2009 09 15 15 45 00 1 5837.014
2009 09 15 16 00 00 1 5837.002
2009 09 15 16 15 00 1 5836.982
2009 09 15 16 30 00 1 5836.959
2009 09 15 16 45 00 1 5836.924
2009 09 15 17 00 00 1 5836.884
2009 09 15 17 15 00 1 5836.840
2009 09 15 17 30 00 1 5836.793
2009 09 15 17 45 00 1 5836.739
2009 09 15 18 00 00 1 5836.683
2009 09 15 18 15 00 1 5836.625
2009 09 15 18 30 00 1 5836.563
2009 09 15 18 45 00 1 5836.502
2009 09 15 19 00 00 1 5836.440
2009 09 15 19 15 00 1 5836.383
2009 09 15 19 30 00 1 5836.325
2009 09 15 19 45 00 1 5836.270
2009 09 15 20 00 00 1 5836.217
2009 09 15 20 15 00 1 5836.171
2009 09 15 20 30 00 1 5836.129
2009 09 15 20 45 00 1 5836.094
2009 09 15 21 00 00 1 5836.067
2009 09 15 21 15 00 1 5836.045
2009 09 15 21 30 00 1 5836.030
2009 09 15 21 45 00 1 5836.022
2009 09 15 22 00 00 1 5836.026
2009 09 15 22 15 00 1 5836.033
2009 09 15 22 30 00 1 5836.048
2009 09 15 22 45 00 1 5836.073
2009 09 15 23 00 00 1 5836.103
2009 09 15 23 15 00 1 5836.143
2009 09 15 23 30 00 1 5836.187
2009 09 15 23 45 00 1 5836.236
2009 09 16 00 00 00 1 5836.288
2009 09 16 00 15 00 1 5836.344
2009 09 16 00 30 00 1 5836.404
2009 09 16 00 45 00 1 5836.464
2009 09 16 01 00 00 1 5836.528
2009 09 16 01 15 00 1 5836.589
2009 09 16 01 30 00 1 5836.648
2009 09 16 01 45 00 1 5836.706
2009 09 16 02 00 00 1 5836.763
2009 09 16 02 15 00 1 5836.812
2009 09 16 02 30 00 1 5836.855
2009 09 16 02 45 00 1 5836.896
2009 09 16 03 00 00 1 5836.930
2009 09 16 03 15 00 1 5836.957
2009 09 16 03 30 00 1 5836.978
2009 09 16 03 45 00 1 5836.990
2009 09 16 04 00 00 1 5836.995
2009 09 16 04 15 00 1 5836.994
2009 09 16 04 30 00 1 5836.986
2009 09 16 04 45 00 1 5836.971
2009 09 16 05 00 00 1 5836.948
2009 09 16 05 15 00 1 5836.922
2009 09 16 05 30 00 1 5836.890
2009 09 16 05 45 00 1 5836.848
2009 09 16 06 00 00 1 5836.805
2009 09 16 06 15 00 1 5836.756
2009 09 16 06 30 00 1 5836.704
2009 09 16 06 45 00 1 5836.647
2009 09 16 07 00 00 1 5836.588
2009 09 16 07 15 00 1 5836.527
2009 09 16 07 30 00 1 5836.468
2009 09 16 07 45 00 1 5836.412
2009 09 16 08 00 00 1 5836.354
2009 09 16 08 15 00 1 5836.299
2009 09 16 08 30 00 1 5836.251
2009 09 16 08 45 00 1 5836.203
2009 09 16 09 00 00 1 5836.162
2009 09 16 09 15 00 1 5836.128
2009 09 16 09 30 00 1 5836.101
2009 09 16 09 45 00 1 5836.078
2009 09 16 10 00 00 1 5836.066
2009 09 16 10 15 00 1 5836.060
2009 09 16 10 30 00 1 5836.060
2009 09 16 10 45 00 1 5836.071
2009 09 16 11 00 00 1 5836.084
2009 09 16 11 15 00 1 5836.108
2009 09 16 11 30 00 1 5836.139
2009 09 16 11 45 00 1 5836.179
2009 09 16 12 00 00 1 5836.221
2009 09 16 12 15 00 1 5836.270
2009 09 16 12 30 00 1 5836.323
2009 09 16 12 45 00 1 5836.381
2009 09 16 13 00 00 1 5836.440
2009 09 16 13 15 00 1 5836.503
2009 09 16 13 30 00 1 5836.563
2009 09 16 13 45 00 1 5836.626
2009 09 16 14 00 00 1 5836.684
2009 09 16 14 15 00 1 5836.743
2009 09 16 14 30 00 1 5836.801
2009 09 16 14 45 00 1 5836.850
2009 09 16 15 00 00 1 5836.895
2009 09 16 15 15 00 1 5836.936
2009 09 16 15 30 00 1 5836.974
2009 09 16 15 45 00 1 5837.003
2009 09 16 16 00 00 1 5837.023
2009 09 16 16 15 00 1 5837.037
2009 09 16 16 30 00 1 5837.048
2009 09 16 16 45 00 1 5837.048
2009 09 16 17 00 00 1 5837.036
2009 09 16 17 15 00 1 5837.023
2009 09 16 17 30 00 1 5837.000
2009 09 16 17 45 00 1 5836.966
2009 09 16 18 00 00 1 5836.931
2009 09 16 18 15 00 1 5836.885
2009 09 16 18 30 00 1 5836.834
2009 09 16 18 45 00 1 5836.780
2009 09 16 19 00 00 1 5836.720
2009 09 16 19 15 00 1 5836.657
2009 09 16 19 30 00 1 5836.593
2009 09 16 19 45 00 1 5836.525
2009 09 16 20 00 00 1 5836.457
2009 09 16 20 15 00 1 5836.393
2009 09 16 20 30 00 1 5836.328
2009 09 16 20 45 00 1 5836.271
2009 09 16 21 00 00 1 5836.214
2009 09 16 21 15 00 1 5836.166
2009 09 16 21 30 00 1 5836.119
2009 09 16 21 45 00 1 5836.080
2009 09 16 22 00 00 1 5836.044
2009 09 16 22 15 00 1 5836.018
2009 09 16 22 30 00 1 5836.001
2009 09 16 22 45 00 1 5835.992
2009 09 16 23 00 00 1 5835.990
2009 09 16 23 15 00 1 5835.996
2009 09 16 23 30 00 1 5836.012
2009 09 16 23 45 00 1 5836.036
2009 09 17 00 00 00 1 5836.068
2009 09 17 00 15 00 1 5836.105
2009 09 17 00 30 00 1 5836.149
2009 09 17 00 45 00 1 5836.201
2009 09 17 01 00 00 1 5836.256
2009 09 17 01 15 00 1 5836.319
2009 09 17 01 30 00 1 5836.384
2009 09 17 01 45 00 1 5836.451
2009 09 17 02 00 00 1 5836.520
2009 09 17 02 15 00 1 5836.586
2009 09 17 02 30 00 1 5836.654
2009 09 17 02 45 00 1 5836.718
2009 09 17 03 00 00 1 5836.781
2009 09 17 03 15 00 1 5836.837
2009 09 17 03 30 00 1 5836.891
2009 09 17 03 45 00 1 5836.937
2009 09 17 04 00 00 1 5836.975
2009 09 17 04 15 00 1 5837.007
2009 09 17 04 30 00 1 5837.033
2009 09 17 04 45 00 1 5837.053
2009 09 17 05 00 00 1 5837.064
2009 09 17 05 15 00 1 5837.066
2009 09 17 05 30 00 1 5837.061
2009 09 17 05 45 00 1 5837.046
2009 09 17 06 00 00 1 5837.025
2009 09 17 06 15 00 1 5836.996
2009 09 17 06 30 00 1 5836.959
2009 09 17 06 45 00 1 5836.920
2009 09 17 07 00 00 1 5836.871
2009 09 17 07 15 00 1 5836.815
2009 09 17 07 30 00 1 5836.758
2009 09 17 07 45 00 1 5836.693
2009 09 17 08 00 00 1 5836.629
2009 09 17 08 15 00 1 5836.564
2009 09 17 08 30 00 1 5836.498
2009 09 17 08 45 00 1 5836.433
2009 09 17 09 00 00 1 5836.370
2009 09 17 09 15 00 1 5836.310
2009 09 17 09 30 00 1 5836.254
2009 09 17 09 45 00 1 5836.201
2009 09 17 10 00 00 1 5836.151
2009 09 17 10 15 00 1 5836.111
2009 09 17 10 30 00 1 5836.074
2009 09 17 10 45 00 1 5836.046
2009 09 17 11 00 00 1 5836.026
2009 09 17 11 15 00 1 5836.015
2009 09 17 11 30 00 1 5836.016
2009 09 17 11 45 00 1 5836.022
2009 09 17 12 00 00 1 5836.034
2009 09 17 12 15 00 1 5836.059
2009 09 17 12 30 00 1 5836.088
2009 09 17 12 45 00 1 5836.128
2009 09 17 13 00 00 1 5836.172
2009 09 17 13 15 00 1 5836.224
2009 09 17 13 30 00 1 5836.279
2009 09 17 13 45 00 1 5836.338
2009 09 17 14 00 00 1 5836.400
2009 09 17 14 15 00 1 5836.467
2009 09 17 14 30 00 1 5836.537
2009 09 17 14 45 00 1 5836.605
2009 09 17 15 00 00 1 5836.674
2009 09 17 15 15 00 1 5836.738
2009 09 17 15 30 00 1 5836.800
2009 09 17 15 45 00 1 5836.861
2009 09 17 16 00 00 1 5836.914
2009 09 17 16 15 00 1 5836.963
2009 09 17 16 30 00 1 5837.002
2009 09 17 16 45 00 1 5837.037
2009 09 17 17 00 00 1 5837.064
2009 09 17 17 15 00 1 5837.080
2009 09 17 17 30 00 1 5837.088
2009 09 17 17 45 00 1 5837.092
2009 09 17 18 00 00 1 5837.084
2009 09 17 18 15 00 1 5837.071
2009 09 17 18 30 00 1 5837.049
2009 09 17 18 45 00 1 5837.015
2009 09 17 19 00 00 1 5836.973
2009 09 17 19 15 00 1 5836.928
2009 09 17 19 30 00 1 5836.876
2009 09 17 19 45 00 1 5836.815
2009 09 17 20 00 00 1 5836.751
2009 09 17 20 15 00 1 5836.682
2009 09 17 20 30 00 1 5836.610
2009 09 17 20 45 00 1 5836.535
2009 09 17 21 00 00 1 5836.459
2009 09 17 21 15 00 1 5836.389
2009 09 17 21 30 00 1 5836.319
2009 09 17 21 45 00 1 5836.252
2009 09 17 22 00 00 1 5836.192
2009 09 17 22 15 00 1 5836.133
2009 09 17 22 30 00 1 5836.085
2009 09 17 22 45 00 1 5836.038
2009 09 17 23 00 00 1 5836.000
2009 09 17 23 15 00 1 5835.971
2009 09 17 23 30 00 1 5835.952
2009 09 17 23 45 00 1 5835.941
2009 09 18 00 00 00 1 5835.941
2009 09 18 00 15 00 1 5835.949
2009 09 18 00 30 00 1 5835.967
2009 09 18 00 45 00 1 5835.990
2009 09 18 01 00 00 1 5836.029
2009 09 18 01 15 00 1 5836.073
2009 09 18 01 30 00 1 5836.125
2009 09 18 01 45 00 1 5836.178
2009 09 18 02 00 00 1 5836.242
2009 09 18 02 15 00 1 5836.312
2009 09 18 02 30 00 1 5836.385
2009 09 18 02 45 00 1 5836.458
2009 09 18 03 00 00 1 5836.534
2009 09 18 03 15 00 1 5836.608
2009 09 18 03 30 00 1 5836.685
2009 09 18 03 45 00 1 5836.759
2009 09 18 04 00 00 1 5836.822
2009 09 18 04 15 00 1 5836.886
2009 09 18 04 30 00 1 5836.943
2009 09 18 04 45 00 1 5836.994
2009 09 18 05 00 00 1 5837.040
2009 09 18 05 15 00 1 5837.076
2009 09 18 05 30 00 1 5837.107
2009 09 18 05 45 00 1 5837.125
2009 09 18 06 00 00 1 5837.135
2009 09 18 06 15 00 1 5837.136
2009 09 18 06 30 00 1 5837.128
2009 09 18 06 45 00 1 5837.113
2009 09 18 07 00 00 1 5837.087
2009 09 18 07 15 00 1 5837.054
2009 09 18 07 30 00 1 5837.010
2009 09 18 07 45 00 1 5836.961
2009 09 18 08 00 00 1 5836.902
2009 09 18 08 15 00 1 5836.841
2009 09 18 08 30 00 1 5836.772
2009 09 18 08 45 00 1 5836.704
2009 09 18 09 00 00 1 5836.629
2009 09 18 09 15 00 1 5836.551
2009 09 18 09 30 00 1 5836.479
2009 09 18 09 45 00 1 5836.405
2009 09 18 10 00 00 1 5836.336
2009 09 18 10 15 00 1 5836.267
2009 09 18 10 30 00 1 5836.203
2009 09 18 10 45 00 1 5836.147
2009 09 18 11 00 00 1 5836.095
2009 09 18 11 15 00 1 5836.047
2009 09 18 11 30 00 1 5836.010
2009 09 18 11 45 00 1 5835.983
2009 09 18 12 00 00 1 5835.961
2009 09 18 12 15 00 1 5835.952
2009 09 18 12 30 00 1 5835.951
2009 09 18 12 45 00 1 5835.958
2009 09 18 13 00 00 1 5835.973
2009 09 18 13 15 00 1 5835.997
2009 09 18 13 30 00 1 5836.029
2009 09 18 13 45 00 1 5836.074
2009 09 18 14 00 00 1 5836.122
2009 09 18 14 15 00 1 5836.179
2009 09 18 14 30 00 1 5836.243
2009 09 18 14 45 00 1 5836.311
2009 09 18 15 00 00 1 5836.382
2009 09 18 15 15 00 1 5836.456
2009 09 18 15 30 00 1 5836.532
2009 09 18 15 45 00 1 5836.606
2009 09 18 16 00 00 1 5836.680
2009 09 18 16 15 00 1 5836.751
2009 09 18 16 30 00 1 5836.820
2009 09 18 16 45 00 1 5836.887
2009 09 18 17 00 00 1 5836.942
2009 09 18 17 15 00 1 5836.994
2009 09 18 17 30 00 1 5837.038
2009 09 18 17 45 00 1 5837.076
2009 09 18 18 00 00 1 5837.106
2009 09 18 18 15 00 1 5837.127
2009 09 18 18 30 00 1 5837.137
2009 09 18 18 45 00 1 5837.137
2009 09 18 19 00 00 1 5837.129
2009 09 18 19 15 00 1 5837.110
2009 09 18 19 30 00 1 5837.081
2009 09 18 19 45 00 1 5837.042
2009 09 18 20 00 00 1 5836.997
2009 09 18 20 15 00 1 5836.942
2009 09 18 20 30 00 1 5836.880
2009 09 18 20 45 00 1 5836.816
2009 09 18 21 00 00 1 5836.746
2009 09 18 21 15 00 1 5836.671
2009 09 18 21 30 00 1 5836.594
2009 09 18 21 45 00 1 5836.518
2009 09 18 22 00 00 1 5836.437
2009 09 18 22 15 00 1 5836.359
2009 09 18 22 30 00 1 5836.284
2009 09 18 22 45 00 1 5836.216
2009 09 18 23 00 00 1 5836.149
2009 09 18 23 15 00 1 5836.090
2009 09 18 23 30 00 1 5836.036
2009 09 18 23 45 00 1 5835.989
2009 09 19 00 00 00 1 5835.955
2009 09 19 00 15 00 1 5835.928
2009 09 19 00 30 00 1 5835.909
2009 09 19 00 45 00 1 5835.902
2009 09 19 01 00 00 1 5835.905
2009 09 19 01 15 00 1 5835.920
2009 09 19 01 30 00 1 5835.944
2009 09 19 01 45 00 1 5835.975
2009 09 19 02 00 00 1 5836.016
2009 09 19 02 15 00 1 5836.065
2009 09 19 02 30 00 1 5836.124
2009 09 19 02 45 00 1 5836.189
2009 09 19 03 00 00 1 5836.262
2009 09 19 03 15 00 1 5836.335
2009 09 19 03 30 00 1 5836.414
2009 09 19 03 45 00 1 5836.495
2009 09 19 04 00 00 1 5836.577
2009 09 19 04 15 00 1 5836.657
2009 09 19 04 30 00 1 5836.735
2009 09 19 04 45 00 1 5836.810
2009 09 19 05 00 00 1 5836.879
2009 09 19 05 15 00 1 5836.943
2009 09 19 05 30 00 1 5836.999
2009 09 19 05 45 00 1 5837.053
2009 09 19 06 00 00 1 5837.099
2009 09 19 06 15 00 1 5837.133
2009 09 19 06 30 00 1 5837.158
2009 09 19 06 45 00 1 5837.175
2009 09 19 07 00 00 1 5837.179
2009 09 19 07 15 00 1 5837.176
2009 09 19 07 30 00 1 5837.162
2009 09 19 07 45 00 1 5837.139
2009 09 19 08 00 00 1 5837.105
2009 09 19 08 15 00 1 5837.067
2009 09 19 08 30 00 1 5837.016
2009 09 19 08 45 00 1 5836.959
2009 09 19 09 00 00 1 5836.894
2009 09 19 09 15 00 1 5836.823
2009 09 19 09 30 00 1 5836.750
2009 09 19 09 45 00 1 5836.670
2009 09 19 10 00 00 1 5836.589
2009 09 19 10 15 00 1 5836.506
2009 09 19 10 30 00 1 5836.426
2009 09 19 10 45 00 1 5836.345
2009 09 19 11 00 00 1 5836.270
2009 09 19 11 15 00 1 5836.199
2009 09 19 11 30 00 1 5836.133
2009 09 19 11 45 00 1 5836.073
2009 09 19 12 00 00 1 5836.020
2009 09 19 12 15 00 1 5835.973
2009 09 19 12 30 00 1 5835.936
2009 09 19 12 45 00 1 5835.907
2009 09 19 13 00 00 1 5835.888
2009 09 19 13 15 00 1 5835.877
2009 09 19 13 30 00 1 5835.877
2009 09 19 13 45 00 1 5835.886
2009 09 19 14 00 00 1 5835.907
2009 09 19 14 15 00 1 5835.939
2009 09 19 14 30 00 1 5835.976
2009 09 19 14 45 00 1 5836.028
2009 09 19 15 00 00 1 5836.083
2009 09 19 15 15 00 1 5836.148
2009 09 19 15 30 00 1 5836.219
2009 09 19 15 45 00 1 5836.293
2009 09 19 16 00 00 1 5836.371
2009 09 19 16 15 00 1 5836.454
2009 09 19 16 30 00 1 5836.535
2009 09 19 16 45 00 1 5836.614
2009 09 19 17 00 00 1 5836.696
2009 09 19 17 15 00 1 5836.773
2009 09 19 17 30 00 1 5836.845
2009 09 19 17 45 00 1 5836.911
2009 09 19 18 00 00 1 5836.970
2009 09 19 18 15 00 1 5837.023
2009 09 19 18 30 00 1 5837.069
2009 09 19 18 45 00 1 5837.107
2009 09 19 19 00 00 1 5837.135
2009 09 19 19 15 00 1 5837.153
2009 09 19 19 30 00 1 5837.157
2009 09 19 19 45 00 1 5837.154
2009 09 19 20 00 00 1 5837.138
2009 09 19 20 15 00 1 5837.114
2009 09 19 20 30 00 1 5837.080
2009 09 19 20 45 00 1 5837.036
2009 09 19 21 00 00 1 5836.982
2009 09 19 21 15 00 1 5836.921
2009 09 19 21 30 00 1 5836.855
2009 09 19 21 45 00 1 5836.784
2009 09 19 22 00 00 1 5836.708
2009 09 19 22 15 00 1 5836.627
2009 09 19 22 30 00 1 5836.546
2009 09 19 22 45 00 1 5836.467
2009 09 19 23 00 00 1 5836.386
2009 09 19 23 15 00 1 5836.308
2009 09 19 23 30 00 1 5836.237
2009 09 19 23 45 00 1 5836.167
2009 09 20 00 00 00 1 5836.102
2009 09 20 00 15 00 1 5836.044
2009 09 20 00 30 00 1 5835.994
2009 09 20 00 45 00 1 5835.954
2009 09 20 01 00 00 1 5835.921
2009 09 20 01 15 00 1 5835.899
2009 09 20 01 30 00 1 5835.886
2009 09 20 01 45 00 1 5835.882
2009 09 20 02 00 00 1 5835.891
2009 09 20 02 15 00 1 5835.914
2009 09 20 02 30 00 1 5835.944
2009 09 20 02 45 00 1 5835.987
2009 09 20 03 00 00 1 5836.036
2009 09 20 03 15 00 1 5836.098
2009 09 20 03 30 00 1 5836.162
2009 09 20 03 45 00 1 5836.235
2009 09 20 04 00 00 1 5836.312
2009 09 20 04 15 00 1 5836.394
2009 09 20 04 30 00 1 5836.477
2009 09 20 04 45 00 1 5836.563
2009 09 20 05 00 00 1 5836.646
2009 09 20 05 15 00 1 5836.727
2009 09 20 05 30 00 1 5836.807
2009 09 20 05 45 00 1 5836.883
2009 09 20 06 00 00 1 5836.952
2009 09 20 06 15 00 1 5837.014
2009 09 20 06 30 00 1 5837.069
2009 09 20 06 45 00 1 5837.117
2009 09 20 07 00 00 1 5837.159
2009 09 20 07 15 00 1 5837.190
2009 09 20 07 30 00 1 5837.208
2009 09 20 07 45 00 1 5837.217
2009 09 20 08 00 00 1 5837.219
2009 09 20 08 15 00 1 5837.205
2009 09 20 08 30 00 1 5837.183
2009 09 20 08 45 00 1 5837.150
2009 09 20 09 00 00 1 5837.106
2009 09 20 09 15 00 1 5837.054
2009 09 20 09 30 00 1 5836.997
2009 09 20 09 45 00 1 5836.931
2009 09 20 10 00 00 1 5836.857
2009 09 20 10 15 00 1 5836.780
2009 09 20 10 30 00 1 5836.701
2009 09 20 10 45 00 1 5836.618
2009 09 20 11 00 00 1 5836.537
2009 09 20 11 15 00 1 5836.455
2009 09 20 11 30 00 1 5836.372
2009 09 20 11 45 00 1 5836.294
2009 09 20 12 00 00 1 5836.217
2009 09 20 12 15 00 1 5836.145
2009 09 20 12 30 00 1 5836.081
2009 09 20 12 45 00 1 5836.022
2009 09 20 13 00 00 1 5835.967
2009 09 20 13 15 00 1 5835.926
2009 09 20 13 30 00 1 5835.892
2009 09 20 13 45 00 1 5835.867
2009 09 20 14 00 00 1 5835.855
2009 09 20 14 15 00 1 5835.851
2009 09 20 14 30 00 1 5835.858
2009 09 20 14 45 00 1 5835.877
2009 09 20 15 00 00 1 5835.908
2009 09 20 15 15 00 1 5835.946
2009 09 20 15 30 00 1 5835.996
2009 09 20 15 45 00 1 5836.054
2009 09 20 16 00 00 1 5836.120
2009 09 20 16 15 00 1 5836.190
2009 09 20 16 30 00 1 5836.270
2009 09 20 16 45 00 1 5836.352
2009 09 20 17 00 00 1 5836.437
2009 09 20 17 15 00 1 5836.523
2009 09 20 17 30 00 1 5836.606
2009 09 20 17 45 00 1 5836.692
2009 09 20 18 00 00 1 5836.770
2009 09 20 18 15 00 1 5836.845
2009 09 20 18 30 00 1 5836.919
2009 09 20 18 45 00 1 5836.986
2009 09 20 19 00 00 1 5837.043
2009 09 20 19 15 00 1 5837.094
2009 09 20 19 30 00 1 5837.132
2009 09 20 19 45 00 1 5837.161
2009 09 20 20 00 00 1 5837.180
2009 09 20 20 15 00 1 5837.190
2009 09 20 20 30 00 1 5837.186
2009 09 20 20 45 00 1 5837.174
2009 09 20 21 00 00 1 5837.152
2009 09 20 21 15 00 1 5837.120
2009 09 20 21 30 00 1 5837.079
2009 09 20 21 45 00 1 5837.028
2009 09 20 22 00 00 1 5836.970
2009 09 20 22 15 00 1 5836.904
2009 09 20 22 30 00 1 5836.832
2009 09 20 22 45 00 1 5836.756
2009 09 20 23 00 00 1 5836.678
2009 09 20 23 15 00 1 5836.592
2009 09 20 23 30 00 1 5836.510
2009 09 20 23 45 00 1 5836.430
2009 09 21 00 00 00 1 5836.349
2009 09 21 00 15 00 1 5836.274
2009 09 21 00 30 00 1 5836.200
2009 09 21 00 45 00 1 5836.135
2009 09 21 01 00 00 1 5836.072
2009 09 21 01 15 00 1 5836.017
2009 09 21 01 30 00 1 5835.972
2009 09 21 01 45 00 1 5835.935
2009 09 21 02 00 00 1 5835.912
2009 09 21 02 15 00 1 5835.897
2009 09 21 02 30 00 1 5835.895
2009 09 21 02 45 00 1 5835.902
2009 09 21 03 00 00 1 5835.920
2009 09 21 03 15 00 1 5835.950
2009 09 21 03 30 00 1 5835.989
2009 09 21 03 45 00 1 5836.037
2009 09 21 04 00 00 1 5836.095
2009 09 21 04 15 00 1 5836.158
2009 09 21 04 30 00 1 5836.228
2009 09 21 04 45 00 1 5836.305
2009 09 21 05 00 00 1 5836.387
2009 09 21 05 15 00 1 5836.471
2009 09 21 05 30 00 1 5836.557
2009 09 21 05 45 00 1 5836.643
2009 09 21 06 00 00 1 5836.725
2009 09 21 06 15 00 1 5836.808
2009 09 21 06 30 00 1 5836.884
2009 09 21 06 45 00 1 5836.955
2009 09 21 07 00 00 1 5837.021
2009 09 21 07 15 00 1 5837.074
2009 09 21 07 30 00 1 5837.126
2009 09 21 07 45 00 1 5837.165
2009 09 21 08 00 00 1 5837.197
2009 09 21 08 15 00 1 5837.217
2009 09 21 08 30 00 1 5837.227
2009 09 21 08 45 00 1 5837.225
2009 09 21 09 00 00 1 5837.211
2009 09 21 09 15 00 1 5837.189
2009 09 21 09 30 00 1 5837.156
2009 09 21 09 45 00 1 5837.112
2009 09 21 10 00 00 1 5837.061
2009 09 21 10 15 00 1 5837.003
2009 09 21 10 30 00 1 5836.935
2009 09 21 10 45 00 1 5836.860
2009 09 21 11 00 00 1 5836.785
2009 09 21 11 15 00 1 5836.708
2009 09 21 11 30 00 1 5836.627
2009 09 21 11 45 00 1 5836.544
2009 09 21 12 00 00 1 5836.460
2009 09 21 12 15 00 1 5836.378
2009 09 21 12 30 00 1 5836.299
2009 09 21 12 45 00 1 5836.221
2009 09 21 13 00 00 1 5836.149
2009 09 21 13 15 00 1 5836.081
2009 09 21 13 30 00 1 5836.022
2009 09 21 13 45 00 1 5835.970
2009 09 21 14 00 00 1 5835.926
2009 09 21 14 15 00 1 5835.891
2009 09 21 14 30 00 1 5835.862
2009 09 21 14 45 00 1 5835.848
2009 09 21 15 00 00 1 5835.848
2009 09 21 15 15 00 1 5835.856
2009 09 21 15 30 00 1 5835.874
2009 09 21 15 45 00 1 5835.902
2009 09 21 16 00 00 1 5835.943
2009 09 21 16 15 00 1 5835.991
2009 09 21 16 30 00 1 5836.050
2009 09 21 16 45 00 1 5836.117
2009 09 21 17 00 00 1 5836.190
2009 09 21 17 15 00 1 5836.265
2009 09 21 17 30 00 1 5836.346
2009 09 21 17 45 00 1 5836.429
2009 09 21 18 00 00 1 5836.513
2009 09 21 18 15 00 1 5836.598
2009 09 21 18 30 00 1 5836.684
2009 09 21 18 45 00 1 5836.765
2009 09 21 19 00 00 1 5836.840
2009 09 21 19 15 00 1 5836.911
2009 09 21 19 30 00 1 5836.975
2009 09 21 19 45 00 1 5837.032
2009 09 21 20 00 00 1 5837.079
2009 09 21 20 15 00 1 5837.119
2009 09 21 20 30 00 1 5837.148
2009 09 21 20 45 00 1 5837.167
2009 09 21 21 00 00 1 5837.175
2009 09 21 21 15 00 1 5837.175
2009 09 21 21 30 00 1 5837.162
2009 09 21 21 45 00 1 5837.140
2009 09 21 22 00 00 1 5837.106
2009 09 21 22 15 00 1 5837.063
2009 09 21 22 30 00 1 5837.014
2009 09 21 22 45 00 1 5836.957
2009 09 21 23 00 00 1 5836.893
2009 09 21 23 15 00 1 5836.822
2009 09 21 23 30 00 1 5836.749
2009 09 21 23 45 00 1 5836.673
2009 09 22 00 00 00 1 5836.596
2009 09 22 00 15 00 1 5836.515
2009 09 22 00 30 00 1 5836.437
2009 09 22 00 45 00 1 5836.357
2009 09 22 01 00 00 1 5836.283
2009 09 22 01 15 00 1 5836.211
2009 09 22 01 30 00 1 5836.142
2009 09 22 01 45 00 1 5836.085
2009 09 22 02 00 00 1 5836.035
2009 09 22 02 15 00 1 5835.992
2009 09 22 02 30 00 1 5835.959
2009 09 22 02 45 00 1 5835.935
2009 09 22 03 00 00 1 5835.921
2009 09 22 03 15 00 1 5835.917
2009 09 22 03 30 00 1 5835.923
2009 09 22 03 45 00 1 5835.943
2009 09 22 04 00 00 1 5835.975
2009 09 22 04 15 00 1 5836.012
2009 09 22 04 30 00 1 5836.059
2009 09 22 04 45 00 1 5836.117
2009 09 22 05 00 00 1 5836.179
2009 09 22 05 15 00 1 5836.250
2009 09 22 05 30 00 1 5836.327
2009 09 22 05 45 00 1 5836.407
2009 09 22 06 00 00 1 5836.488
2009 09 22 06 15 00 1 5836.570
2009 09 22 06 30 00 1 5836.652
2009 09 22 06 45 00 1 5836.736
2009 09 22 07 00 00 1 5836.813
2009 09 22 07 15 00 1 5836.890
2009 09 22 07 30 00 1 5836.961
2009 09 22 07 45 00 1 5837.022
2009 09 22 08 00 00 1 5837.078
2009 09 22 08 15 00 1 5837.124
2009 09 22 08 30 00 1 5837.163
2009 09 22 08 45 00 1 5837.190
2009 09 22 09 00 00 1 5837.207
2009 09 22 09 15 00 1 5837.213
2009 09 22 09 30 00 1 5837.211
2009 09 22 09 45 00 1 5837.198
2009 09 22 10 00 00 1 5837.175
2009 09 22 10 15 00 1 5837.141
2009 09 22 10 30 00 1 5837.100
2009 09 22 10 45 00 1 5837.048
2009 09 22 11 00 00 1 5836.988
2009 09 22 11 15 00 1 5836.924
2009 09 22 11 30 00 1 5836.853
2009 09 22 11 45 00 1 5836.782
2009 09 22 12 00 00 1 5836.703
2009 09 22 12 15 00 1 5836.623
2009 09 22 12 30 00 1 5836.541
2009 09 22 12 45 00 1 5836.458
2009 09 22 13 00 00 1 5836.374
2009 09 22 13 15 00 1 5836.297
2009 09 22 13 30 00 1 5836.223
2009 09 22 13 45 00 1 5836.156
2009 09 22 14 00 00 1 5836.089
2009 09 22 14 15 00 1 5836.028
2009 09 22 14 30 00 1 5835.977
2009 09 22 14 45 00 1 5835.934
2009 09 22 15 00 00 1 5835.901
2009 09 22 15 15 00 1 5835.877
2009 09 22 15 30 00 1 5835.866
2009 09 22 15 45 00 1 5835.863
2009 09 22 16 00 00 1 5835.874
2009 09 22 16 15 00 1 5835.896
2009 09 22 16 30 00 1 5835.924
2009 09 22 16 45 00 1 5835.963
2009 09 22 17 00 00 1 5836.012
2009 09 22 17 15 00 1 5836.067
2009 09 22 17 30 00 1 5836.130
2009 09 22 17 45 00 1 5836.197
2009 09 22 18 00 00 1 5836.270
2009 09 22 18 15 00 1 5836.347
2009 09 22 18 30 00 1 5836.427
2009 09 22 18 45 00 1 5836.508
2009 09 22 19 00 00 1 5836.590
2009 09 22 19 15 00 1 5836.667
2009 09 22 19 30 00 1 5836.746
2009 09 22 19 45 00 1 5836.817
2009 09 22 20 00 00 1 5836.885
2009 09 22 20 15 00 1 5836.944
2009 09 22 20 30 00 1 5836.997
2009 09 22 20 45 00 1 5837.041
2009 09 22 21 00 00 1 5837.074
2009 09 22 21 15 00 1 5837.101
2009 09 22 21 30 00 1 5837.117
2009 09 22 21 45 00 1 5837.126
2009 09 22 22 00 00 1 5837.126
2009 09 22 22 15 00 1 5837.115
2009 09 22 22 30 00 1 5837.094
2009 09 22 22 45 00 1 5837.064
2009 09 22 23 00 00 1 5837.024
2009 09 22 23 15 00 1 5836.978
2009 09 22 23 30 00 1 5836.921
2009 09 22 23 45 00 1 5836.860
2009 09 23 00 00 00 1 5836.797
2009 09 23 00 15 00 1 5836.726
2009 09 23 00 30 00 1 5836.655
2009 09 23 00 45 00 1 5836.581
2009 09 23 01 00 00 1 5836.505
2009 09 23 01 15 00 1 5836.431
2009 09 23 01 30 00 1 5836.359
2009 09 23 01 45 00 1 5836.289
2009 09 23 02 00 00 1 5836.224
2009 09 23 02 15 00 1 5836.164
2009 09 23 02 30 00 1 5836.111
2009 09 23 02 45 00 1 5836.062
2009 09 23 03 00 00 1 5836.021
2009 09 23 03 15 00 1 5835.992
2009 09 23 03 30 00 1 5835.969
2009 09 23 03 45 00 1 5835.960
2009 09 23 04 00 00 1 5835.958
2009 09 23 04 15 00 1 5835.965
2009 09 23 04 30 00 1 5835.983
2009 09 23 04 45 00 1 5836.011
2009 09 23 05 00 00 1 5836.050
2009 09 23 05 15 00 1 5836.093
2009 09 23 05 30 00 1 5836.146
2009 09 23 05 45 00 1 5836.209
2009 09 23 06 00 00 1 5836.274
2009 09 23 06 15 00 1 5836.345
2009 09 23 06 30 00 1 5836.420
2009 09 23 06 45 00 1 5836.496
2009 09 23 07 00 00 1 5836.575
2009 09 23 07 15 00 1 5836.655
2009 09 23 07 30 00 1 5836.731
2009 09 23 07 45 00 1 5836.803
2009 09 23 08 00 00 1 5836.873
2009 09 23 08 15 00 1 5836.938
2009 09 23 08 30 00 1 5836.993
2009 09 23 08 45 00 1 5837.042
2009 09 23 09 00 00 1 5837.085
2009 09 23 09 15 00 1 5837.119
2009 09 23 09 30 00 1 5837.143
2009 09 23 09 45 00 1 5837.159
2009 09 23 10 00 00 1 5837.167
2009 09 23 10 15 00 1 5837.160
2009 09 23 10 30 00 1 5837.148
2009 09 23 10 45 00 1 5837.124
2009 09 23 11 00 00 1 5837.094
2009 09 23 11 15 00 1 5837.055
2009 09 23 11 30 00 1 5837.011
2009 09 23 11 45 00 1 5836.957
2009 09 23 12 00 00 1 5836.895
2009 09 23 12 15 00 1 5836.829
2009 09 23 12 30 00 1 5836.761
2009 09 23 12 45 00 1 5836.688
2009 09 23 13 00 00 1 5836.609
2009 09 23 13 15 00 1 5836.534
2009 09 23 13 30 00 1 5836.454
2009 09 23 13 45 00 1 5836.380
2009 09 23 14 00 00 1 5836.307
2009 09 23 14 15 00 1 5836.238
2009 09 23 14 30 00 1 5836.171
2009 09 23 14 45 00 1 5836.109
2009 09 23 15 00 00 1 5836.056
2009 09 23 15 15 00 1 5836.010
2009 09 23 15 30 00 1 5835.973
2009 09 23 15 45 00 1 5835.945
2009 09 23 16 00 00 1 5835.925
2009 09 23 16 15 00 1 5835.917
2009 09 23 16 30 00 1 5835.918
2009 09 23 16 45 00 1 5835.925
2009 09 23 17 00 00 1 5835.945
2009 09 23 17 15 00 1 5835.971
2009 09 23 17 30 00 1 5836.010
2009 09 23 17 45 00 1 5836.056
2009 09 23 18 00 00 1 5836.106
2009 09 23 18 15 00 1 5836.167
2009 09 23 18 30 00 1 5836.232
2009 09 23 18 45 00 1 5836.301
2009 09 23 19 00 00 1 5836.370
2009 09 23 19 15 00 1 5836.444
2009 09 23 19 30 00 1 5836.515
2009 09 23 19 45 00 1 5836.590
2009 09 23 20 00 00 1 5836.661
2009 09 23 20 15 00 1 5836.730
2009 09 23 20 30 00 1 5836.795
2009 09 23 20 45 00 1 5836.855
2009 09 23 21 00 00 1 5836.910
2009 09 23 21 15 00 1 5836.958
2009 09 23 21 30 00 1 5837.001
2009 09 23 21 45 00 1 5837.035
2009 09 23 22 00 00 1 5837.060
2009 09 23 22 15 00 1 5837.076
2009 09 23 22 30 00 1 5837.083
2009 09 23 22 45 00 1 5837.082
2009 09 23 23 00 00 1 5837.069
2009 09 23 23 15 00 1 5837.049
2009 09 23 23 30 00 1 5837.017
2009 09 23 23 45 00 1 5836.981
2009 09 24 00 00 00 1 5836.938
2009 09 24 00 15 00 1 5836.889
2009 09 24 00 30 00 1 5836.835
2009 09 24 00 45 00 1 5836.774
2009 09 24 01 00 00 1 5836.710
2009 09 24 01 15 00 1 5836.643
2009 09 24 01 30 00 1 5836.574
2009 09 24 01 45 00 1 5836.503
2009 09 24 02 00 00 1 5836.436
2009 09 24 02 15 00 1 5836.371
2009 09 24 02 30 00 1 5836.308
2009 09 24 02 45 00 1 5836.247
2009 09 24 03 00 00 1 5836.195
2009 09 24 03 15 00 1 5836.149
2009 09 24 03 30 00 1 5836.106
2009 09 24 03 45 00 1 5836.069
2009 09 24 04 00 00 1 5836.040
2009 09 24 04 15 00 1 5836.023
2009 09 24 04 30 00 1 5836.016
2009 09 24 04 45 00 1 5836.016
2009 09 24 05 00 00 1 5836.023
2009 09 24 05 15 00 1 5836.042
2009 09 24 05 30 00 1 5836.069
2009 09 24 05 45 00 1 5836.104
2009 09 24 06 00 00 1 5836.144
2009 09 24 06 15 00 1 5836.193
2009 09 24 06 30 00 1 5836.250
2009 09 24 06 45 00 1 5836.311
2009 09 24 07 00 00 1 5836.377
2009 09 24 07 15 00 1 5836.444
2009 09 24 07 30 00 1 5836.511
2009 09 24 07 45 00 1 5836.584
2009 09 24 08 00 00 1 5836.658
2009 09 24 08 15 00 1 5836.724
2009 09 24 08 30 00 1 5836.787
2009 09 24 08 45 00 1 5836.848
2009 09 24 09 00 00 1 5836.905
2009 09 24 09 15 00 1 5836.953
2009 09 24 09 30 00 1 5836.996
2009 09 24 09 45 00 1 5837.036
2009 09 24 10 00 00 1 5837.064
2009 09 24 10 15 00 1 5837.085
2009 09 24 10 30 00 1 5837.097
2009 09 24 10 45 00 1 5837.101
2009 09 24 11 00 00 1 5837.099
2009 09 24 11 15 00 1 5837.085
2009 09 24 11 30 00 1 5837.066
2009 09 24 11 45 00 1 5837.039
2009 09 24 12 00 00 1 5837.002
2009 09 24 12 15 00 1 5836.955
2009 09 24 12 30 00 1 5836.907
2009 09 24 12 45 00 1 5836.850
2009 09 24 13 00 00 1 5836.789
2009 09 24 13 15 00 1 5836.726
2009 09 24 13 30 00 1 5836.655
2009 09 24 13 45 00 1 5836.587
2009 09 24 14 00 00 1 5836.515
2009 09 24 14 15 00 1 5836.443
2009 09 24 14 30 00 1 5836.374
2009 09 24 14 45 00 1 5836.308
2009 09 24 15 00 00 1 5836.248
2009 09 24 15 15 00 1 5836.190
2009 09 24 15 30 00 1 5836.137
2009 09 24 15 45 00 1 5836.092
2009 09 24 16 00 00 1 5836.051
2009 09 24 16 15 00 1 5836.019
2009 09 24 16 30 00 1 5836.000
2009 09 24 16 45 00 1 5835.984
2009 09 24 17 00 00 1 5835.979
2009 09 24 17 15 00 1 5835.981
2009 09 24 17 30 00 1 5835.989
2009 09 24 17 45 00 1 5836.005
2009 09 24 18 00 00 1 5836.031
2009 09 24 18 15 00 1 5836.063
2009 09 24 18 30 00 1 5836.104
2009 09 24 18 45 00 1 5836.149
2009 09 24 19 00 00 1 5836.202
2009 09 24 19 15 00 1 5836.262
2009 09 24 19 30 00 1 5836.321
2009 09 24 19 45 00 1 5836.386
2009 09 24 20 00 00 1 5836.452
2009 09 24 20 15 00 1 5836.518
2009 09 24 20 30 00 1 5836.584
2009 09 24 20 45 00 1 5836.648
2009 09 24 21 00 00 1 5836.708
2009 09 24 21 15 00 1 5836.765
2009 09 24 21 30 00 1 5836.820
2009 09 24 21 45 00 1 5836.868
2009 09 24 22 00 00 1 5836.912
2009 09 24 22 15 00 1 5836.947
2009 09 24 22 30 00 1 5836.976
2009 09 24 22 45 00 1 5836.997
2009 09 24 23 00 00 1 5837.013
2009 09 24 23 15 00 1 5837.018
2009 09 24 23 30 00 1 5837.014
2009 09 24 23 45 00 1 5837.003
2009 09 25 00 00 00 1 5836.984
2009 09 25 00 15 00 1 5836.958
2009 09 25 00 30 00 1 5836.927
2009 09 25 00 45 00 1 5836.892
2009 09 25 01 00 00 1 5836.847
2009 09 25 01 15 00 1 5836.798
2009 09 25 01 30 00 1 5836.743
2009 09 25 01 45 00 1 5836.686
2009 09 25 02 00 00 1 5836.627
2009 09 25 02 15 00 1 5836.568
2009 09 25 02 30 00 1 5836.509
2009 09 25 02 45 00 1 5836.448
2009 09 25 03 00 00 1 5836.387
2009 09 25 03 15 00 1 5836.329
2009 09 25 03 30 00 1 5836.277
2009 09 25 03 45 00 1 5836.231
2009 09 25 04 00 00 1 5836.189
2009 09 25 04 15 00 1 5836.153
2009 09 25 04 30 00 1 5836.121
2009 09 25 04 45 00 1 5836.098
2009 09 25 05 00 00 1 5836.081
2009 09 25 05 15 00 1 5836.070
2009 09 25 05 30 00 1 5836.072
2009 09 25 05 45 00 1 5836.082
2009 09 25 06 00 00 1 5836.097
2009 09 25 06 15 00 1 5836.120
2009 09 25 06 30 00 1 5836.153
2009 09 25 06 45 00 1 5836.188
2009 09 25 07 00 00 1 5836.232
2009 09 25 07 15 00 1 5836.283
2009 09 25 07 30 00 1 5836.336
2009 09 25 07 45 00 1 5836.394
2009 09 25 08 00 00 1 5836.454
2009 09 25 08 15 00 1 5836.516
2009 09 25 08 30 00 1 5836.577
2009 09 25 08 45 00 1 5836.636
2009 09 25 09 00 00 1 5836.694
2009 09 25 09 15 00 1 5836.751
2009 09 25 09 30 00 1 5836.802
2009 09 25 09 45 00 1 5836.852
2009 09 25 10 00 00 1 5836.898
2009 09 25 10 15 00 1 5836.936
2009 09 25 10 30 00 1 5836.967
2009 09 25 10 45 00 1 5836.992
2009 09 25 11 00 00 1 5837.009
2009 09 25 11 15 00 1 5837.020
2009 09 25 11 30 00 1 5837.023
2009 09 25 11 45 00 1 5837.021
2009 09 25 12 00 00 1 5837.011
2009 09 25 12 15 00 1 5836.992
2009 09 25 12 30 00 1 5836.966
2009 09 25 12 45 00 1 5836.933
2009 09 25 13 00 00 1 5836.891
2009 09 25 13 15 00 1 5836.848
2009 09 25 13 30 00 1 5836.799
2009 09 25 13 45 00 1 5836.742
2009 09 25 14 00 00 1 5836.684
2009 09 25 14 15 00 1 5836.621
2009 09 25 14 30 00 1 5836.561
2009 09 25 14 45 00 1 5836.499
2009 09 25 15 00 00 1 5836.438
2009 09 25 15 15 00 1 5836.380
2009 09 25 15 30 00 1 5836.323
2009 09 25 15 45 00 1 5836.270
2009 09 25 16 00 00 1 5836.221
2009 09 25 16 15 00 1 5836.177
2009 09 25 16 30 00 1 5836.138
2009 09 25 16 45 00 1 5836.102
2009 09 25 17 00 00 1 5836.079
2009 09 25 17 15 00 1 5836.057
2009 09 25 17 30 00 1 5836.044
2009 09 25 17 45 00 1 5836.038
2009 09 25 18 00 00 1 5836.037
2009 09 25 18 15 00 1 5836.044
2009 09 25 18 30 00 1 5836.062
2009 09 25 18 45 00 1 5836.084
2009 09 25 19 00 00 1 5836.110
2009 09 25 19 15 00 1 5836.143
2009 09 25 19 30 00 1 5836.183
2009 09 25 19 45 00 1 5836.229
2009 09 25 20 00 00 1 5836.281
2009 09 25 20 15 00 1 5836.329
2009 09 25 20 30 00 1 5836.385
2009 09 25 20 45 00 1 5836.442
2009 09 25 21 00 00 1 5836.498
2009 09 25 21 15 00 1 5836.557
2009 09 25 21 30 00 1 5836.612
2009 09 25 21 45 00 1 5836.667
2009 09 25 22 00 00 1 5836.717
2009 09 25 22 15 00 1 5836.767
2009 09 25 22 30 00 1 5836.805
2009 09 25 22 45 00 1 5836.842
2009 09 25 23 00 00 1 5836.873
2009 09 25 23 15 00 1 5836.896
2009 09 25 23 30 00 1 5836.913
2009 09 25 23 45 00 1 5836.926
2009 09 26 00 00 00 1 5836.930
2009 09 26 00 15 00 1 5836.928
2009 09 26 00 30 00 1 5836.921
2009 09 26 00 45 00 1 5836.906
2009 09 26 01 00 00 1 5836.885
2009 09 26 01 15 00 1 5836.856
2009 09 26 01 30 00 1 5836.821
2009 09 26 01 45 00 1 5836.781
2009 09 26 02 00 00 1 5836.741
2009 09 26 02 15 00 1 5836.698
2009 09 26 02 30 00 1 5836.648
2009 09 26 02 45 00 1 5836.596
2009 09 26 03 00 00 1 5836.545
2009 09 26 03 15 00 1 5836.493
2009 09 26 03 30 00 1 5836.439
2009 09 26 03 45 00 1 5836.389
2009 09 26 04 00 00 1 5836.341
2009 09 26 04 15 00 1 5836.295
2009 09 26 04 30 00 1 5836.254
2009 09 26 04 45 00 1 5836.215
2009 09 26 05 00 00 1 5836.180
2009 09 26 05 15 00 1 5836.154
2009 09 26 05 30 00 1 5836.134
2009 09 26 05 45 00 1 5836.121
2009 09 26 06 00 00 1 5836.115
2009 09 26 06 15 00 1 5836.115
2009 09 26 06 30 00 1 5836.121
2009 09 26 06 45 00 1 5836.135
2009 09 26 07 00 00 1 5836.158
2009 09 26 07 15 00 1 5836.187
2009 09 26 07 30 00 1 5836.218
2009 09 26 07 45 00 1 5836.256
2009 09 26 08 00 00 1 5836.297
2009 09 26 08 15 00 1 5836.343
2009 09 26 08 30 00 1 5836.391
2009 09 26 08 45 00 1 5836.440
2009 09 26 09 00 00 1 5836.494
2009 09 26 09 15 00 1 5836.547
2009 09 26 09 30 00 1 5836.597
2009 09 26 09 45 00 1 5836.651
2009 09 26 10 00 00 1 5836.699
2009 09 26 10 15 00 1 5836.745
2009 09 26 10 30 00 1 5836.787
2009 09 26 10 45 00 1 5836.823
2009 09 26 11 00 00 1 5836.862
2009 09 26 11 15 00 1 5836.893
2009 09 26 11 30 00 1 5836.917
2009 09 26 11 45 00 1 5836.933
2009 09 26 12 00 00 1 5836.943
2009 09 26 12 15 00 1 5836.945
2009 09 26 12 30 00 1 5836.941
2009 09 26 12 45 00 1 5836.930
2009 09 26 13 00 00 1 5836.914
2009 09 26 13 15 00 1 5836.889
2009 09 26 13 30 00 1 5836.860
2009 09 26 13 45 00 1 5836.827
2009 09 26 14 00 00 1 5836.787
2009 09 26 14 15 00 1 5836.745
2009 09 26 14 30 00 1 5836.699
2009 09 26 14 45 00 1 5836.652
2009 09 26 15 00 00 1 5836.600
2009 09 26 15 15 00 1 5836.549
2009 09 26 15 30 00 1 5836.499
2009 09 26 15 45 00 1 5836.446
2009 09 26 16 00 00 1 5836.393
2009 09 26 16 15 00 1 5836.347
2009 09 26 16 30 00 1 5836.301
2009 09 26 16 45 00 1 5836.261
2009 09 26 17 00 00 1 5836.221
2009 09 26 17 15 00 1 5836.190
2009 09 26 17 30 00 1 5836.158
2009 09 26 17 45 00 1 5836.132
2009 09 26 18 00 00 1 5836.115
2009 09 26 18 15 00 1 5836.103
2009 09 26 18 30 00 1 5836.098
2009 09 26 18 45 00 1 5836.097
2009 09 26 19 00 00 1 5836.105
2009 09 26 19 15 00 1 5836.118
2009 09 26 19 30 00 1 5836.137
2009 09 26 19 45 00 1 5836.162
2009 09 26 20 00 00 1 5836.192
2009 09 26 20 15 00 1 5836.225
2009 09 26 20 30 00 1 5836.263
2009 09 26 20 45 00 1 5836.305
2009 09 26 21 00 00 1 5836.349
2009 09 26 21 15 00 1 5836.396
2009 09 26 21 30 00 1 5836.443
2009 09 26 21 45 00 1 5836.492
2009 09 26 22 00 00 1 5836.542
2009 09 26 22 15 00 1 5836.589
2009 09 26 22 30 00 1 5836.635
2009 09 26 22 45 00 1 5836.676
2009 09 26 23 00 00 1 5836.717
2009 09 26 23 15 00 1 5836.753
2009 09 26 23 30 00 1 5836.785
2009 09 26 23 45 00 1 5836.816
2009 09 27 00 00 00 1 5836.840
2009 09 27 00 15 00 1 5836.860
2009 09 27 00 30 00 1 5836.871
2009 09 27 00 45 00 1 5836.877
2009 09 27 01 00 00 1 5836.879
2009 09 27 01 15 00 1 5836.874
2009 09 27 01 30 00 1 5836.864
2009 09 27 01 45 00 1 5836.849
2009 09 27 02 00 00 1 5836.824
2009 09 27 02 15 00 1 5836.799
2009 09 27 02 30 00 1 5836.769
2009 09 27 02 45 00 1 5836.733
2009 09 27 03 00 00 1 5836.694
2009 09 27 03 15 00 1 5836.653
2009 09 27 03 30 00 1 5836.608
2009 09 27 03 45 00 1 5836.567
2009 09 27 04 00 00 1 5836.522
2009 09 27 04 15 00 1 5836.477
2009 09 27 04 30 00 1 5836.433
2009 09 27 04 45 00 1 5836.392
2009 09 27 05 00 00 1 5836.354
2009 09 27 05 15 00 1 5836.317
2009 09 27 05 30 00 1 5836.285
2009 09 27 05 45 00 1 5836.259
2009 09 27 06 00 00 1 5836.237
2009 09 27 06 15 00 1 5836.216
2009 09 27 06 30 00 1 5836.203
2009 09 27 06 45 00 1 5836.200
2009 09 27 07 00 00 1 5836.196
2009 09 27 07 15 00 1 5836.202
2009 09 27 07 30 00 1 5836.214
2009 09 27 07 45 00 1 5836.230
2009 09 27 08 00 00 1 5836.249
2009 09 27 08 15 00 1 5836.276
2009 09 27 08 30 00 1 5836.305
2009 09 27 08 45 00 1 5836.342
2009 09 27 09 00 00 1 5836.378
2009 09 27 09 15 00 1 5836.418
2009 09 27 09 30 00 1 5836.459
2009 09 27 09 45 00 1 5836.502
2009 09 27 10 00 00 1 5836.547
2009 09 27 10 15 00 1 5836.594
2009 09 27 10 30 00 1 5836.638
2009 09 27 10 45 00 1 5836.683
2009 09 27 11 00 00 1 5836.728
2009 09 27 11 15 00 1 5836.768
2009 09 27 11 30 00 1 5836.805
2009 09 27 11 45 00 1 5836.838
2009 09 27 12 00 00 1 5836.863
2009 09 27 12 15 00 1 5836.885
2009 09 27 12 30 00 1 5836.899
2009 09 27 12 45 00 1 5836.910
2009 09 27 13 00 00 1 5836.912
2009 09 27 13 15 00 1 5836.909
2009 09 27 13 30 00 1 5836.903
2009 09 27 13 45 00 1 5836.890
2009 09 27 14 00 00 1 5836.874
2009 09 27 14 15 00 1 5836.853
2009 09 27 14 30 00 1 5836.826
2009 09 27 14 45 00 1 5836.795
2009 09 27 15 00 00 1 5836.758
2009 09 27 15 15 00 1 5836.720
2009 09 27 15 30 00 1 5836.677
2009 09 27 15 45 00 1 5836.633
2009 09 27 16 00 00 1 5836.588
2009 09 27 16 15 00 1 5836.546
2009 09 27 16 30 00 1 5836.502
2009 09 27 16 45 00 1 5836.457
2009 09 27 17 00 00 1 5836.415
2009 09 27 17 15 00 1 5836.373
2009 09 27 17 30 00 1 5836.334
2009 09 27 17 45 00 1 5836.301
2009 09 27 18 00 00 1 5836.270
2009 09 27 18 15 00 1 5836.244
2009 09 27 18 30 00 1 5836.223
2009 09 27 18 45 00 1 5836.205
2009 09 27 19 00 00 1 5836.194
2009 09 27 19 15 00 1 5836.186
2009 09 27 19 30 00 1 5836.184
2009 09 27 19 45 00 1 5836.187
2009 09 27 20 00 00 1 5836.194
2009 09 27 20 15 00 1 5836.209
2009 09 27 20 30 00 1 5836.229
2009 09 27 20 45 00 1 5836.249
2009 09 27 21 00 00 1 5836.279
2009 09 27 21 15 00 1 5836.311
2009 09 27 21 30 00 1 5836.347
2009 09 27 21 45 00 1 5836.384
2009 09 27 22 00 00 1 5836.421
2009 09 27 22 15 00 1 5836.464
2009 09 27 22 30 00 1 5836.505
2009 09 27 22 45 00 1 5836.548
2009 09 27 23 00 00 1 5836.593
2009 09 27 23 15 00 1 5836.636
2009 09 27 23 30 00 1 5836.675
2009 09 27 23 45 00 1 5836.713
2009 09 28 00 00 00 1 5836.747
2009 09 28 00 15 00 1 5836.781
2009 09 28 00 30 00 1 5836.808
2009 09 28 00 45 00 1 5836.828
2009 09 28 01 00 00 1 5836.844
2009 09 28 01 15 00 1 5836.856
2009 09 28 01 30 00 1 5836.863
2009 09 28 01 45 00 1 5836.866
2009 09 28 02 00 00 1 5836.865
2009 09 28 02 15 00 1 5836.856
2009 09 28 02 30 00 1 5836.840
2009 09 28 02 45 00 1 5836.823
2009 09 28 03 00 00 1 5836.803
2009 09 28 03 15 00 1 5836.776
2009 09 28 03 30 00 1 5836.749
2009 09 28 03 45 00 1 5836.715
2009 09 28 04 00 00 1 5836.682
2009 09 28 04 15 00 1 5836.645
2009 09 28 04 30 00 1 5836.607
2009 09 28 04 45 00 1 5836.568
2009 09 28 05 00 00 1 5836.530
2009 09 28 05 15 00 1 5836.492
2009 09 28 05 30 00 1 5836.453
2009 09 28 05 45 00 1 5836.415
2009 09 28 06 00 00 1 5836.383
2009 09 28 06 15 00 1 5836.351
2009 09 28 06 30 00 1 5836.322
2009 09 28 06 45 00 1 5836.301
2009 09 28 07 00 00 1 5836.283
2009 09 28 07 15 00 1 5836.269
2009 09 28 07 30 00 1 5836.260
2009 09 28 07 45 00 1 5836.254
2009 09 28 08 00 00 1 5836.256
2009 09 28 08 15 00 1 5836.262
2009 09 28 08 30 00 1 5836.273
2009 09 28 08 45 00 1 5836.288
2009 09 28 09 00 00 1 5836.308
2009 09 28 09 15 00 1 5836.332
2009 09 28 09 30 00 1 5836.360
2009 09 28 09 45 00 1 5836.388
2009 09 28 10 00 00 1 5836.422
2009 09 28 10 15 00 1 5836.460
2009 09 28 10 30 00 1 5836.499
2009 09 28 10 45 00 1 5836.541
2009 09 28 11 00 00 1 5836.582
2009 09 28 11 15 00 1 5836.621
2009 09 28 11 30 00 1 5836.661
2009 09 28 11 45 00 1 5836.699
2009 09 28 12 00 00 1 5836.736
2009 09 28 12 15 00 1 5836.766
2009 09 28 12 30 00 1 5836.795
2009 09 28 12 45 00 1 5836.819
2009 09 28 13 00 00 1 5836.840
2009 09 28 13 15 00 1 5836.855
2009 09 28 13 30 00 1 5836.869
2009 09 28 13 45 00 1 5836.877
2009 09 28 14 00 00 1 5836.877
2009 09 28 14 15 00 1 5836.871
2009 09 28 14 30 00 1 5836.861
2009 09 28 14 45 00 1 5836.850
2009 09 28 15 00 00 1 5836.832
2009 09 28 15 15 00 1 5836.808
2009 09 28 15 30 00 1 5836.784
2009 09 28 15 45 00 1 5836.756
2009 09 28 16 00 00 1 5836.724
2009 09 28 16 15 00 1 5836.688
2009 09 28 16 30 00 1 5836.653
2009 09 28 16 45 00 1 5836.616
2009 09 28 17 00 00 1 5836.576
2009 09 28 17 15 00 1 5836.537
2009 09 28 17 30 00 1 5836.498
2009 09 28 17 45 00 1 5836.461
2009 09 28 18 00 00 1 5836.425
2009 09 28 18 15 00 1 5836.390
2009 09 28 18 30 00 1 5836.355
2009 09 28 18 45 00 1 5836.324
2009 09 28 19 00 00 1 5836.300
2009 09 28 19 15 00 1 5836.275
2009 09 28 19 30 00 1 5836.256
2009 09 28 19 45 00 1 5836.242
2009 09 28 20 00 00 1 5836.230
2009 09 28 20 15 00 1 5836.220
2009 09 28 20 30 00 1 5836.217
2009 09 28 20 45 00 1 5836.219
2009 09 28 21 00 00 1 5836.227
2009 09 28 21 15 00 1 5836.239
2009 09 28 21 30 00 1 5836.254
2009 09 28 21 45 00 1 5836.274
2009 09 28 22 00 00 1 5836.298
2009 09 28 22 15 00 1 5836.328
2009 09 28 22 30 00 1 5836.361
2009 09 28 22 45 00 1 5836.392
2009 09 28 23 00 00 1 5836.428
2009 09 28 23 15 00 1 5836.466
2009 09 28 23 30 00 1 5836.506
2009 09 28 23 45 00 1 5836.544
2009 09 29 00 00 00 1 5836.583
2009 09 29 00 15 00 1 5836.622
2009 09 29 00 30 00 1 5836.655
2009 09 29 00 45 00 1 5836.687
2009 09 29 01 00 00 1 5836.717
2009 09 29 01 15 00 1 5836.745
2009 09 29 01 30 00 1 5836.771
2009 09 29 01 45 00 1 5836.791
2009 09 29 02 00 00 1 5836.807
2009 09 29 02 15 00 1 5836.815
2009 09 29 02 30 00 1 5836.822
2009 09 29 02 45 00 1 5836.824
2009 09 29 03 00 00 1 5836.822
2009 09 29 03 15 00 1 5836.816
2009 09 29 03 30 00 1 5836.806
2009 09 29 03 45 00 1 5836.791
2009 09 29 04 00 00 1 5836.772
2009 09 29 04 15 00 1 5836.749
2009 09 29 04 30 00 1 5836.723
2009 09 29 04 45 00 1 5836.692
2009 09 29 05 00 00 1 5836.659
2009 09 29 05 15 00 1 5836.626
2009 09 29 05 30 00 1 5836.592
2009 09 29 05 45 00 1 5836.557
2009 09 29 06 00 00 1 5836.519
2009 09 29 06 15 00 1 5836.484
2009 09 29 06 30 00 1 5836.446
2009 09 29 06 45 00 1 5836.412
2009 09 29 07 00 00 1 5836.381
2009 09 29 07 15 00 1 5836.352
2009 09 29 07 30 00 1 5836.330
2009 09 29 07 45 00 1 5836.309
2009 09 29 08 00 00 1 5836.291
2009 09 29 08 15 00 1 5836.275
2009 09 29 08 30 00 1 5836.264
2009 09 29 08 45 00 1 5836.259
2009 09 29 09 00 00 1 5836.256
2009 09 29 09 15 00 1 5836.263
2009 09 29 09 30 00 1 5836.271
2009 09 29 09 45 00 1 5836.278
2009 09 29 10 00 00 1 5836.297
2009 09 29 10 15 00 1 5836.319
2009 09 29 10 30 00 1 5836.345
2009 09 29 10 45 00 1 5836.374
2009 09 29 11 00 00 1 5836.405
2009 09 29 11 15 00 1 5836.439
2009 09 29 11 30 00 1 5836.475
2009 09 29 11 45 00 1 5836.511
2009 09 29 12 00 00 1 5836.549
2009 09 29 12 15 00 1 5836.587
2009 09 29 12 30 00 1 5836.622
2009 09 29 12 45 00 1 5836.656
2009 09 29 13 00 00 1 5836.688
2009 09 29 13 15 00 1 5836.716
2009 09 29 13 30 00 1 5836.747
2009 09 29 13 45 00 1 5836.769
2009 09 29 14 00 00 1 5836.789
2009 09 29 14 15 00 1 5836.807
2009 09 29 14 30 00 1 5836.816
2009 09 29 14 45 00 1 5836.821
2009 09 29 15 00 00 1 5836.823
2009 09 29 15 15 00 1 5836.823
2009 09 29 15 30 00 1 5836.815
2009 09 29 15 45 00 1 5836.805
2009 09 29 16 00 00 1 5836.789
2009 09 29 16 00 00 2 5836.788
2009 09 29 16 01 00 2 5836.789
2009 09 29 16 02 00 2 5836.787
2009 09 29 16 03 00 2 5836.786
2009 09 29 16 04 00 2 5836.785
2009 09 29 16 05 00 2 5836.784
2009 09 29 16 06 00 2 5836.783
2009 09 29 16 07 00 2 5836.781
2009 09 29 16 08 00 2 5836.780
2009 09 29 16 09 00 2 5836.780
2009 09 29 16 10 00 2 5836.778
2009 09 29 16 11 00 2 5836.776
2009 09 29 16 12 00 2 5836.776
2009 09 29 16 13 00 2 5836.775
2009 09 29 16 14 00 2 5836.773
2009 09 29 16 15 00 1 5836.772
2009 09 29 16 15 00 2 5836.771
2009 09 29 16 16 00 2 5836.771
2009 09 29 16 17 00 2 5836.769
2009 09 29 16 18 00 2 5836.768
2009 09 29 16 19 00 2 5836.767
2009 09 29 16 20 00 2 5836.766
2009 09 29 16 21 00 2 5836.765
2009 09 29 16 22 00 2 5836.762
2009 09 29 16 23 00 2 5836.761
2009 09 29 16 24 00 2 5836.759
2009 09 29 16 25 00 2 5836.757
2009 09 29 16 26 00 2 5836.756
2009 09 29 16 27 00 2 5836.755
2009 09 29 16 28 00 2 5836.753
2009 09 29 16 29 00 2 5836.752
2009 09 29 16 30 00 1 5836.751
2009 09 29 16 30 00 2 5836.750
2009 09 29 16 31 00 2 5836.750
2009 09 29 16 32 00 2 5836.748
2009 09 29 16 33 00 2 5836.747
2009 09 29 16 34 00 2 5836.745
2009 09 29 16 35 00 2 5836.744
2009 09 29 16 36 00 2 5836.743
2009 09 29 16 37 00 2 5836.740
2009 09 29 16 38 00 2 5836.739
2009 09 29 16 39 00 2 5836.737
2009 09 29 16 40 00 2 5836.735
2009 09 29 16 41 00 2 5836.734
2009 09 29 16 42 00 2 5836.732
2009 09 29 16 43 00 2 5836.730
2009 09 29 16 44 00 2 5836.728
2009 09 29 16 45 00 1 5836.727
2009 09 29 16 45 00 2 5836.726
2009 09 29 16 46 00 2 5836.724
2009 09 29 16 47 00 2 5836.723
2009 09 29 16 48 00 2 5836.720
2009 09 29 16 49 00 2 5836.719
2009 09 29 16 50 00 2 5836.717
2009 09 29 16 51 00 2 5836.715
2009 09 29 16 52 00 2 5836.713
2009 09 29 16 53 00 2 5836.712
2009 09 29 16 54 00 2 5836.709
2009 09 29 16 55 00 2 5836.707
2009 09 29 16 56 00 2 5836.705
2009 09 29 16 57 00 2 5836.704
2009 09 29 16 58 00 2 5836.702
2009 09 29 16 59 00 2 5836.701
2009 09 29 17 00 00 1 5836.700
2009 09 29 17 00 00 2 5836.699
2009 09 29 17 01 00 2 5836.697
2009 09 29 17 02 00 2 5836.693
2009 09 29 17 03 00 2 5836.692
2009 09 29 17 04 00 2 5836.690
2009 09 29 17 05 00 2 5836.688
2009 09 29 17 06 00 2 5836.686
2009 09 29 17 07 00 2 5836.685
2009 09 29 17 08 00 2 5836.682
2009 09 29 17 09 00 2 5836.681
2009 09 29 17 10 00 2 5836.679
2009 09 29 17 11 00 2 5836.677
2009 09 29 17 12 00 2 5836.675
2009 09 29 17 13 00 2 5836.674
2009 09 29 17 14 00 2 5836.671
2009 09 29 17 15 00 1 9999.000
2009 09 29 17 15 00 2 5836.669
2009 09 29 17 16 00 2 5836.667
2009 09 29 17 17 00 2 5836.665
2009 09 29 17 18 00 2 5836.662
2009 09 29 17 19 00 2 5836.660
2009 09 29 17 20 00 2 5836.658
2009 09 29 17 21 00 2 5836.655
2009 09 29 17 22 00 2 5836.653
2009 09 29 17 23 00 2 5836.650
2009 09 29 17 24 00 2 5836.648
2009 09 29 17 25 00 2 5836.646
2009 09 29 17 26 00 2 5836.643
2009 09 29 17 27 00 2 5836.641
2009 09 29 17 28 00 2 5836.639
2009 09 29 17 29 00 2 5836.637
2009 09 29 17 30 00 1 9999.000
2009 09 29 17 30 00 2 5836.634
2009 09 29 17 31 00 2 5836.632
2009 09 29 17 32 00 2 5836.629
2009 09 29 17 33 00 2 5836.627
2009 09 29 17 34 00 2 5836.625
2009 09 29 17 35 00 2 5836.622
2009 09 29 17 36 00 2 5836.620
2009 09 29 17 37 00 2 5836.616
2009 09 29 17 38 00 2 5836.614
2009 09 29 17 39 00 2 5836.612
2009 09 29 17 40 00 2 5836.609
2009 09 29 17 41 00 2 5836.606
2009 09 29 17 42 00 2 5836.603
2009 09 29 17 43 00 2 5836.601
2009 09 29 17 44 00 2 5836.599
2009 09 29 17 45 00 1 9999.000
2009 09 29 17 45 00 2 5836.597
2009 09 29 17 46 00 2 5836.595
2009 09 29 17 47 00 2 5836.592
2009 09 29 17 48 00 2 5836.589
2009 09 29 17 49 00 2 5836.587
2009 09 29 17 50 00 2 5836.585
2009 09 29 17 51 00 2 5836.583
2009 09 29 17 52 00 2 5836.583
2009 09 29 17 53 00 2 5836.573
2009 09 29 17 54 00 2 5836.570
2009 09 29 17 55 00 2 5836.579
2009 09 29 17 56 00 2 5836.592
2009 09 29 17 56 00 3 5836.554
2009 09 29 17 56 15 3 5836.569
2009 09 29 17 56 30 3 5836.523
2009 09 29 17 56 45 3 5836.723
2009 09 29 17 57 00 2 5836.559
2009 09 29 17 57 00 3 5836.539
2009 09 29 17 57 15 3 5836.465
2009 09 29 17 57 30 3 5836.552
2009 09 29 17 57 45 3 5836.543
2009 09 29 17 58 00 2 5836.555
2009 09 29 17 58 00 3 5836.534
2009 09 29 17 58 15 3 5836.505
2009 09 29 17 58 30 3 5836.564
2009 09 29 17 58 45 3 5836.617
2009 09 29 17 59 00 2 5836.552
2009 09 29 17 59 00 3 5836.651
2009 09 29 17 59 15 3 5836.566
2009 09 29 17 59 30 3 5836.590
2009 09 29 17 59 45 3 5836.615
2009 09 29 18 00 00 1 9999.000
2009 09 29 18 00 00 2 5836.589
2009 09 29 18 01 00 2 5836.522
2009 09 29 18 02 00 2 5836.602
2009 09 29 18 03 00 2 5836.497
2009 09 29 18 04 00 2 5836.575
2009 09 29 18 05 00 2 5836.555
2009 09 29 18 06 00 2 5836.498
2009 09 29 18 07 00 2 5836.545
2009 09 29 18 08 00 2 5836.577
2009 09 29 18 09 00 2 5836.582
2009 09 29 18 10 00 2 5836.516
2009 09 29 18 11 00 2 5836.520
2009 09 29 18 12 00 2 5836.540
2009 09 29 18 13 00 2 5836.497
2009 09 29 18 14 00 2 5836.550
2009 09 29 18 15 00 1 9999.000
2009 09 29 18 15 00 2 5836.492
2009 09 29 18 16 00 2 5836.550
2009 09 29 18 17 00 2 5836.525
2009 09 29 18 18 00 2 5836.500
2009 09 29 18 19 00 2 5836.546
2009 09 29 18 20 00 2 5836.551
2009 09 29 18 21 00 2 5836.406
2009 09 29 18 22 00 2 5836.529
2009 09 29 18 23 00 2 5836.504
2009 09 29 18 24 00 2 5836.452
2009 09 29 18 25 00 2 5836.588
2009 09 29 18 26 00 2 5836.433
2009 09 29 18 27 00 2 5836.513
2009 09 29 18 28 00 2 5836.515
2009 09 29 18 29 00 2 5836.474
2009 09 29 18 30 00 1 9999.000
2009 09 29 18 30 00 2 5836.471
2009 09 29 18 31 00 2 5836.497
2009 09 29 18 32 00 2 5836.477
2009 09 29 18 33 00 2 5836.470
2009 09 29 18 34 00 2 5836.539
2009 09 29 18 35 00 2 5836.428
2009 09 29 18 36 00 2 5836.470
2009 09 29 18 37 00 2 5836.475
2009 09 29 18 38 00 2 5836.463
2009 09 29 18 39 00 2 5836.462
2009 09 29 18 40 00 2 5836.470
2009 09 29 18 41 00 2 5836.455
2009 09 29 18 42 00 2 5836.444
2009 09 29 18 43 00 2 5836.454
2009 09 29 18 44 00 2 5836.460
2009 09 29 18 45 00 1 9999.000
2009 09 29 18 45 00 2 5836.454
2009 09 29 18 46 00 2 5836.442
2009 09 29 18 47 00 2 5836.440
2009 09 29 18 48 00 2 5836.427
2009 09 29 18 49 00 2 5836.437
2009 09 29 18 50 00 2 5836.448
2009 09 29 18 51 00 2 5836.433
2009 09 29 18 52 00 2 5836.429
2009 09 29 18 53 00 2 5836.425
2009 09 29 18 54 00 2 5836.436
2009 09 29 18 55 00 2 5836.411
2009 09 29 18 56 00 2 5836.422
2009 09 29 18 57 00 2 5836.420
2009 09 29 18 58 00 2 5836.415
2009 09 29 18 59 00 2 5836.407
2009 09 29 19 00 00 1 9999.000
2009 09 29 19 00 00 2 5836.413
2009 09 29 19 01 00 2 5836.418
2009 09 29 19 02 00 2 5836.404
2009 09 29 19 03 00 2 5836.409
2009 09 29 19 04 00 2 5836.397
2009 09 29 19 05 00 2 5836.402
2009 09 29 19 06 00 2 5836.394
2009 09 29 19 07 00 2 5836.388
2009 09 29 19 08 00 2 5836.389
2009 09 29 19 09 00 2 5836.381
2009 09 29 19 10 00 2 5836.403
2009 09 29 19 11 00 2 5836.376
2009 09 29 19 12 00 2 5836.382
2009 09 29 19 13 00 2 5836.385
2009 09 29 19 14 00 2 5836.375
2009 09 29 19 15 00 1 9999.000
2009 09 29 19 15 00 2 5836.374
2009 09 29 19 16 00 2 5836.375
2009 09 29 19 17 00 2 5836.371
2009 09 29 19 18 00 2 5836.367
2009 09 29 19 19 00 2 5836.373
2009 09 29 19 20 00 2 5836.362
2009 09 29 19 21 00 2 5836.372
2009 09 29 19 22 00 2 5836.356
2009 09 29 19 23 00 2 5836.364
2009 09 29 19 24 00 2 5836.357
2009 09 29 19 25 00 2 5836.357
2009 09 29 19 26 00 2 5836.352
2009 09 29 19 27 00 2 5836.349
2009 09 29 19 28 00 2 5836.352
2009 09 29 19 29 00 2 5836.344
2009 09 29 19 30 00 1 9999.000
2009 09 29 19 30 00 2 5836.345
2009 09 29 19 31 00 2 5836.347
2009 09 29 19 32 00 2 5836.344
2009 09 29 19 33 00 2 5836.332
2009 09 29 19 34 00 2 5836.332
2009 09 29 19 35 00 2 5836.338
2009 09 29 19 36 00 2 5836.329
2009 09 29 19 37 00 2 5836.330
2009 09 29 19 38 00 2 5836.326
2009 09 29 19 39 00 2 5836.325
2009 09 29 19 40 00 2 5836.328
2009 09 29 19 41 00 2 5836.317
2009 09 29 19 42 00 2 5836.321
2009 09 29 19 43 00 2 5836.317
2009 09 29 19 44 00 2 5836.317
2009 09 29 19 45 00 1 9999.000
2009 09 29 19 45 00 2 5836.311
2009 09 29 19 46 00 2 5836.313
2009 09 29 19 47 00 2 5836.307
2009 09 29 19 48 00 2 5836.307
2009 09 29 19 49 00 2 5836.306
2009 09 29 19 50 00 2 5836.302
2009 09 29 19 51 00 2 5836.299
2009 09 29 19 52 00 2 5836.304
2009 09 29 19 53 00 2 5836.298
2009 09 29 19 54 00 2 5836.296
2009 09 29 19 55 00 2 5836.296
2009 09 29 19 56 00 2 5836.294
2009 09 29 19 57 00 2 5836.300
2009 09 29 19 58 00 2 5836.299
2009 09 29 19 59 00 2 5836.296
2009 09 29 20 00 00 1 9999.000
2009 09 29 20 00 00 2 5836.299
2009 09 29 20 01 00 2 5836.300
2009 09 29 20 02 00 2 5836.300
2009 09 29 20 03 00 2 5836.297
2009 09 29 20 04 00 2 5836.290
2009 09 29 20 05 00 2 5836.285
2009 09 29 20 06 00 2 5836.275
2009 09 29 20 07 00 2 5836.269
2009 09 29 20 08 00 2 5836.264
2009 09 29 20 09 00 2 5836.258
2009 09 29 20 10 00 2 5836.256
2009 09 29 20 11 00 2 5836.254
2009 09 29 20 12 00 2 5836.258
2009 09 29 20 13 00 2 5836.256
2009 09 29 20 14 00 2 5836.263
2009 09 29 20 15 00 1 9999.000
2009 09 29 20 15 00 2 5836.265
2009 09 29 20 16 00 2 5836.267
2009 09 29 20 17 00 2 5836.259
2009 09 29 20 18 00 2 5836.257
2009 09 29 20 19 00 2 5836.249
2009 09 29 20 20 00 2 5836.246
2009 09 29 20 21 00 2 5836.249
2009 09 29 20 22 00 2 5836.246
2009 09 29 20 23 00 2 5836.240
2009 09 29 20 24 00 2 5836.235
2009 09 29 20 25 00 2 5836.236
2009 09 29 20 26 00 2 5836.243
2009 09 29 20 27 00 2 5836.242
2009 09 29 20 28 00 2 5836.242
2009 09 29 20 29 00 2 5836.241
2009 09 29 20 30 00 1 9999.000
2009 09 29 20 30 00 2 5836.240
2009 09 29 20 31 00 2 5836.241
2009 09 29 20 32 00 2 5836.237
2009 09 29 20 33 00 2 5836.234
2009 09 29 20 34 00 2 5836.236
2009 09 29 20 35 00 2 5836.231
2009 09 29 20 36 00 2 5836.225
2009 09 29 20 37 00 2 5836.218
2009 09 29 20 38 00 2 5836.223
2009 09 29 20 39 00 2 5836.227
2009 09 29 20 40 00 2 5836.233
2009 09 29 20 41 00 2 5836.238
2009 09 29 20 42 00 2 5836.237
2009 09 29 20 43 00 2 5836.232
2009 09 29 20 44 00 2 5836.222
2009 09 29 20 45 00 1 9999.000
2009 09 29 20 45 00 2 5836.221
2009 09 29 20 46 00 2 5836.218
2009 09 29 20 47 00 2 5836.212
2009 09 29 20 48 00 2 5836.205
2009 09 29 20 49 00 2 5836.201
2009 09 29 20 50 00 2 5836.200
2009 09 29 20 51 00 2 5836.203
2009 09 29 20 52 00 2 5836.211
2009 09 29 20 53 00 2 5836.221
2009 09 29 20 54 00 2 5836.231
2009 09 29 20 55 00 2 5836.232
2009 09 29 20 56 00 2 5836.226
2009 09 29 20 57 00 2 5836.223
2009 09 29 20 58 00 2 5836.222
2009 09 29 20 59 00 2 5836.207
2009 09 29 21 00 00 1 9999.000
2009 09 29 21 00 00 2 5836.187
2009 09 29 21 01 00 2 5836.173
2009 09 29 21 02 00 2 5836.183
2009 09 29 21 03 00 2 5836.207
2009 09 29 21 04 00 2 5836.227
2009 09 29 21 05 00 2 5836.229
2009 09 29 21 06 00 2 5836.230
2009 09 29 21 07 00 2 5836.230
2009 09 29 21 08 00 2 5836.219
2009 09 29 21 09 00 2 5836.201
2009 09 29 21 10 00 2 5836.187
2009 09 29 21 11 00 2 5836.192
2009 09 29 21 12 00 2 5836.200
2009 09 29 21 13 00 2 5836.202
2009 09 29 21 14 00 2 5836.203
2009 09 29 21 15 00 1 9999.000
2009 09 29 21 15 00 2 5836.206
2009 09 29 21 16 00 2 5836.206
2009 09 29 21 17 00 2 5836.206
2009 09 29 21 18 00 2 5836.204
2009 09 29 21 19 00 2 5836.195
2009 09 29 21 20 00 2 5836.189
2009 09 29 21 21 00 2 5836.194
2009 09 29 21 22 00 2 5836.208
2009 09 29 21 23 00 2 5836.214
2009 09 29 21 24 00 2 5836.202
2009 09 29 21 25 00 2 5836.187
2009 09 29 21 26 00 2 5836.193
2009 09 29 21 27 00 2 5836.202
2009 09 29 21 28 00 2 5836.208
2009 09 29 21 29 00 2 5836.212
2009 09 29 21 30 00 1 9999.000
2009 09 29 21 30 00 2 5836.206
2009 09 29 21 31 00 2 5836.197
2009 09 29 21 32 00 2 5836.195
2009 09 29 21 33 00 2 5836.196
2009 09 29 21 34 00 2 5836.200
2009 09 29 21 35 00 2 5836.203
2009 09 29 21 36 00 2 5836.197
2009 09 29 21 37 00 2 5836.195
2009 09 29 21 38 00 2 5836.207
2009 09 29 21 39 00 2 5836.213
2009 09 29 21 40 00 2 5836.203
2009 09 29 21 41 00 2 5836.195
2009 09 29 21 42 00 2 5836.201
2009 09 29 21 43 00 2 5836.201
2009 09 29 21 44 00 2 5836.195
2009 09 29 21 45 00 1 9999.000
2009 09 29 21 45 00 2 5836.201
2009 09 29 21 46 00 2 5836.205
2009 09 29 21 47 00 2 5836.200
2009 09 29 21 48 00 2 5836.207
2009 09 29 21 49 00 2 5836.209
2009 09 29 21 50 00 2 5836.200
2009 09 29 21 51 00 2 5836.198
2009 09 29 21 52 00 2 5836.196
2009 09 29 21 53 00 2 5836.198
2009 09 29 21 54 00 2 5836.205
2009 09 29 21 55 00 2 5836.206
2009 09 29 21 56 00 2 5836.202
2009 09 29 21 57 00 2 5836.205
2009 09 29 21 58 00 2 5836.212
2009 09 29 21 59 00 2 5836.218
2009 09 29 22 00 00 1 9999.000
2009 09 29 22 00 00 2 5836.222
2009 09 29 22 01 00 2 5836.213
2009 09 29 22 02 00 2 5836.207
2009 09 29 22 03 00 2 5836.207
2009 09 29 22 04 00 2 5836.206
2009 09 29 22 05 00 2 5836.213
2009 09 29 22 06 00 2 5836.220
2009 09 29 22 07 00 2 5836.219
2009 09 29 22 08 00 2 5836.217
2009 09 29 22 09 00 2 5836.209
2009 09 29 22 10 00 2 5836.209
2009 09 29 22 11 00 2 5836.216
2009 09 29 22 12 00 2 5836.219
2009 09 29 22 13 00 2 5836.231
2009 09 29 22 14 00 2 5836.236
2009 09 29 22 15 00 1 9999.000
2009 09 29 22 15 00 2 5836.226
2009 09 29 22 16 00 2 5836.221
2009 09 29 22 17 00 2 5836.208
2009 09 29 22 18 00 2 5836.216
2009 09 29 22 19 00 2 5836.226
2009 09 29 22 20 00 2 5836.217
2009 09 29 22 21 00 2 5836.233
2009 09 29 22 22 00 2 5836.236
2009 09 29 22 23 00 2 5836.226
2009 09 29 22 24 00 2 5836.221
2009 09 29 22 25 00 2 5836.221
2009 09 29 22 26 00 2 5836.226
2009 09 29 22 27 00 2 5836.235
2009 09 29 22 28 00 2 5836.243
2009 09 29 22 29 00 2 5836.247
2009 09 29 22 30 00 1 9999.000
2009 09 29 22 30 00 2 5836.241
2009 09 29 22 31 00 2 5836.233
2009 09 29 22 32 00 2 5836.240
2009 09 29 22 33 00 2 5836.245
2009 09 29 22 34 00 2 5836.247
2009 09 29 22 35 00 2 5836.238
2009 09 29 22 36 00 2 5836.240
2009 09 29 22 37 00 2 5836.246
2009 09 29 22 38 00 2 5836.250
2009 09 29 22 39 00 2 5836.258
2009 09 29 22 40 00 2 5836.253
2009 09 29 22 41 00 2 5836.257
2009 09 29 22 42 00 2 5836.263
2009 09 29 22 43 00 2 5836.261
2009 09 29 22 44 00 2 5836.260
2009 09 29 22 45 00 1 9999.000
2009 09 29 22 45 00 2 5836.252
2009 09 29 22 46 00 2 5836.255
2009 09 29 22 47 00 2 5836.252
2009 09 29 22 48 00 2 5836.255
2009 09 29 22 49 00 2 5836.263
2009 09 29 22 50 00 2 5836.267
2009 09 29 22 51 00 2 5836.269
2009 09 29 22 52 00 2 5836.270
2009 09 29 22 53 00 2 5836.270
2009 09 29 22 54 00 2 5836.254
2009 09 29 22 55 00 2 5836.259
2009 09 29 22 56 00 2 5836.267
2009 09 29 22 57 00 2 5836.279
2009 09 29 22 58 00 2 5836.281
2009 09 29 22 59 00 2 5836.283
2009 09 29 23 00 00 1 9999.000
2009 09 29 23 00 00 2 5836.281
2009 09 29 23 01 00 2 5836.287
2009 09 29 23 02 00 2 5836.282
2009 09 29 23 03 00 2 5836.277
2009 09 29 23 04 00 2 5836.288
2009 09 29 23 05 00 2 5836.293
2009 09 29 23 06 00 2 5836.302
2009 09 29 23 07 00 2 5836.306
2009 09 29 23 08 00 2 5836.292
2009 09 29 23 09 00 2 5836.287
2009 09 29 23 10 00 2 5836.300
2009 09 29 23 11 00 2 5836.299
2009 09 29 23 12 00 2 5836.294
2009 09 29 23 13 00 2 5836.309
2009 09 29 23 14 00 2 5836.318
2009 09 29 23 15 00 1 9999.000
2009 09 29 23 15 00 2 5836.306
2009 09 29 23 16 00 2 5836.293
2009 09 29 23 17 00 2 5836.303
2009 09 29 23 18 00 2 5836.310
2009 09 29 23 19 00 2 5836.309
2009 09 29 23 20 00 2 5836.310
2009 09 29 23 21 00 2 5836.312
2009 09 29 23 22 00 2 5836.310
2009 09 29 23 23 00 2 5836.316
2009 09 29 23 24 00 2 5836.329
2009 09 29 23 25 00 2 5836.325
2009 09 29 23 26 00 2 5836.319
2009 09 29 23 27 00 2 5836.329
2009 09 29 23 28 00 2 5836.338
2009 09 29 23 29 00 2 5836.329
2009 09 29 23 30 00 1 9999.000
2009 09 29 23 30 00 2 5836.328
2009 09 29 23 31 00 2 5836.339
2009 09 29 23 32 00 2 5836.346
2009 09 29 23 33 00 2 5836.349
2009 09 29 23 34 00 2 5836.344
2009 09 29 23 35 00 2 5836.338
2009 09 29 23 36 00 2 5836.355
2009 09 29 23 37 00 2 5836.371
2009 09 29 23 38 00 2 5836.364
2009 09 29 23 39 00 2 5836.352
2009 09 29 23 40 00 2 5836.351
2009 09 29 23 41 00 2 5836.357
2009 09 29 23 42 00 2 5836.368
2009 09 29 23 43 00 2 5836.371
2009 09 29 23 44 00 2 5836.369
2009 09 29 23 45 00 1 9999.000
2009 09 29 23 45 00 2 5836.373
2009 09 29 23 46 00 2 5836.372
2009 09 29 23 47 00 2 5836.369
2009 09 29 23 48 00 2 5836.382
2009 09 29 23 49 00 2 5836.387
2009 09 29 23 50 00 2 5836.369
2009 09 29 23 51 00 2 5836.364
2009 09 29 23 52 00 2 5836.368
2009 09 29 23 53 00 2 5836.377
2009 09 29 23 54 00 2 5836.403
2009 09 29 23 55 00 2 5836.417
2009 09 29 23 56 00 2 5836.403
2009 09 29 23 57 00 2 5836.390
2009 09 29 23 58 00 2 5836.395
2009 09 29 23 59 00 2 5836.399
2009 09 30 00 00 00 1 9999.000
2009 09 30 00 00 00 2 5836.406
2009 09 30 00 00 45 2 5836.406
2009 09 30 00 01 00 2 5836.414
2009 09 30 00 01 45 2 5836.414
2009 09 30 00 02 00 2 5836.409
2009 09 30 00 02 45 2 5836.409
2009 09 30 00 03 00 2 5836.398
2009 09 30 00 03 45 2 5836.398
2009 09 30 00 04 00 2 5836.406
2009 09 30 00 04 45 2 5836.406
2009 09 30 00 05 00 2 5836.413
2009 09 30 00 05 45 2 5836.413
2009 09 30 00 06 00 2 5836.415
2009 09 30 00 06 45 2 5836.415
2009 09 30 00 07 00 2 5836.428
2009 09 30 00 07 45 2 5836.428
2009 09 30 00 08 00 2 5836.433
2009 09 30 00 08 45 2 5836.433
2009 09 30 00 09 00 2 5836.434
2009 09 30 00 09 45 2 5836.434
2009 09 30 00 10 00 2 5836.428
2009 09 30 00 10 45 2 5836.428
2009 09 30 00 11 00 2 5836.439
2009 09 30 00 11 45 2 5836.439
2009 09 30 00 12 00 2 5836.438
2009 09 30 00 12 45 2 5836.438
2009 09 30 00 13 00 2 5836.434
2009 09 30 00 13 45 2 5836.434
2009 09 30 00 14 00 2 5836.435
2009 09 30 00 14 45 2 5836.435
2009 09 30 00 15 00 1 9999.000
2009 09 30 00 15 00 2 5836.442
2009 09 30 00 15 45 2 5836.442
2009 09 30 00 16 00 2 5836.444
2009 09 30 00 16 45 2 5836.444
2009 09 30 00 17 00 2 5836.444
2009 09 30 00 17 45 2 5836.444
2009 09 30 00 18 00 2 5836.450
2009 09 30 00 18 45 2 5836.450
2009 09 30 00 19 00 2 5836.454
2009 09 30 00 19 45 2 5836.454
2009 09 30 00 20 00 2 5836.458
2009 09 30 00 20 45 2 5836.458
2009 09 30 00 21 00 2 5836.463
2009 09 30 00 21 45 2 5836.463
2009 09 30 00 22 00 2 5836.463
2009 09 30 00 22 45 2 5836.463
2009 09 30 00 23 00 2 5836.462
2009 09 30 00 23 45 2 5836.462
2009 09 30 00 24 00 2 5836.457
2009 09 30 00 24 45 2 5836.457
2009 09 30 00 25 00 2 5836.461
2009 09 30 00 25 45 2 5836.461
2009 09 30 00 26 00 2 5836.473
2009 09 30 00 26 45 2 5836.473
2009 09 30 00 27 00 2 5836.479
2009 09 30 00 27 45 2 5836.479
2009 09 30 00 28 00 2 5836.488
2009 09 30 00 28 45 2 5836.488
2009 09 30 00 29 00 2 5836.486
2009 09 30 00 29 45 2 5836.486
2009 09 30 00 30 00 1 9999.000
2009 09 30 00 30 00 2 5836.480
2009 09 30 00 30 45 2 5836.480
2009 09 30 00 31 00 2 5836.479
2009 09 30 00 31 45 2 5836.479
2009 09 30 00 32 00 2 5836.484
2009 09 30 00 32 45 2 5836.484
2009 09 30 00 33 00 2 5836.486
2009 09 30 00 33 45 2 5836.486
2009 09 30 00 34 00 2 5836.491
2009 09 30 00 34 45 2 5836.491
2009 09 30 00 35 00 2 5836.496
2009 09 30 00 35 45 2 5836.496
2009 09 30 00 36 00 2 5836.493
2009 09 30 00 36 45 2 5836.493
2009 09 30 00 37 00 2 5836.491
2009 09 30 00 37 45 2 5836.491
2009 09 30 00 38 00 2 5836.508
2009 09 30 00 38 45 2 5836.508
2009 09 30 00 39 00 2 5836.516
2009 09 30 00 39 45 2 5836.516
2009 09 30 00 40 00 2 5836.518
2009 09 30 00 40 45 2 5836.518
2009 09 30 00 41 00 2 5836.508
2009 09 30 00 41 45 2 5836.508
2009 09 30 00 42 00 2 5836.503
2009 09 30 00 42 45 2 5836.503
2009 09 30 00 43 00 2 5836.513
2009 09 30 00 43 45 2 5836.513
2009 09 30 00 44 00 2 5836.522
2009 09 30 00 44 45 2 5836.522
2009 09 30 00 45 00 1 9999.000
2009 09 30 00 45 00 2 5836.522
2009 09 30 00 45 45 2 5836.522
2009 09 30 00 46 00 2 5836.523
2009 09 30 00 46 45 2 5836.523
2009 09 30 00 47 00 2 5836.530
2009 09 30 00 47 45 2 5836.530
2009 09 30 00 48 00 2 5836.528
2009 09 30 00 48 45 2 5836.528
2009 09 30 00 49 00 2 5836.525
2009 09 30 00 49 45 2 5836.525
2009 09 30 00 50 00 2 5836.532
2009 09 30 00 50 45 2 5836.532
2009 09 30 00 51 00 2 5836.541
2009 09 30 00 51 45 2 5836.541
2009 09 30 00 52 00 2 5836.543
2009 09 30 00 52 45 2 5836.543
2009 09 30 00 53 00 2 5836.542
2009 09 30 00 53 45 2 5836.542
2009 09 30 00 54 00 2 5836.548
2009 09 30 00 54 45 2 5836.548
2009 09 30 00 55 00 2 5836.548
2009 09 30 00 55 45 2 5836.548
2009 09 30 00 56 00 2 5836.542
2009 09 30 00 56 45 2 5836.542
2009 09 30 00 57 00 2 5836.544
2009 09 30 00 57 45 2 5836.544
2009 09 30 00 58 00 2 5836.552
2009 09 30 00 58 45 2 5836.552
2009 09 30 00 59 00 2 5836.563
2009 09 30 00 59 45 2 5836.563
2009 09 30 01 00 00 1 9999.000
2009 09 30 01 00 00 2 5836.568
2009 09 30 01 00 45 2 5836.568
2009 09 30 01 01 00 2 5836.567
2009 09 30 01 01 45 2 5836.567
2009 09 30 01 02 00 2 5836.561
2009 09 30 01 02 45 2 5836.561
2009 09 30 01 03 00 2 5836.560
2009 09 30 01 03 45 2 5836.560
2009 09 30 01 04 00 2 5836.568
2009 09 30 01 04 45 2 5836.568
2009 09 30 01 05 00 2 5836.568
2009 09 30 01 05 45 2 5836.568
2009 09 30 01 06 00 2 5836.572
2009 09 30 01 06 45 2 5836.572
2009 09 30 01 07 00 2 5836.582
2009 09 30 01 07 45 2 5836.582
2009 09 30 01 08 00 2 5836.588
2009 09 30 01 08 45 2 5836.588
2009 09 30 01 09 00 2 5836.587
2009 09 30 01 09 45 2 5836.587
2009 09 30 01 10 00 2 5836.582
2009 09 30 01 10 45 2 5836.582
2009 09 30 01 11 00 2 5836.575
2009 09 30 01 11 45 2 5836.575
2009 09 30 01 12 00 2 5836.581
2009 09 30 01 12 45 2 5836.581
2009 09 30 01 13 00 2 5836.590
2009 09 30 01 13 45 2 5836.590
2009 09 30 01 14 00 2 5836.595
2009 09 30 01 14 45 2 5836.595
2009 09 30 01 15 00 1 9999.000
2009 09 30 01 15 00 2 5836.599
2009 09 30 01 15 45 2 5836.599
2009 09 30 01 16 00 2 5836.604
2009 09 30 01 16 45 2 5836.604
2009 09 30 01 17 00 2 5836.609
2009 09 30 01 17 45 2 5836.609
2009 09 30 01 18 00 2 5836.603
2009 09 30 01 18 45 2 5836.603
2009 09 30 01 19 00 2 5836.604
2009 09 30 01 19 45 2 5836.604
2009 09 30 01 20 00 2 5836.609
2009 09 30 01 20 45 2 5836.609
2009 09 30 01 21 00 2 5836.614
2009 09 30 01 21 45 2 5836.614
2009 09 30 01 22 00 2 5836.615
2009 09 30 01 22 45 2 5836.615
2009 09 30 01 23 00 2 5836.614
2009 09 30 01 23 45 2 5836.614
2009 09 30 01 24 00 2 5836.618
2009 09 30 01 24 45 2 5836.618
2009 09 30 01 25 00 2 5836.622
2009 09 30 01 25 45 2 5836.622
2009 09 30 01 26 00 2 5836.624
2009 09 30 01 26 45 2 5836.624
2009 09 30 01 27 00 2 5836.623
2009 09 30 01 27 45 2 5836.623
2009 09 30 01 28 00 2 5836.619
2009 09 30 01 28 45 2 5836.619
2009 09 30 01 29 00 2 5836.620
2009 09 30 01 29 45 2 5836.620
2009 09 30 01 30 00 1 9999.000
2009 09 30 01 30 00 2 5836.629
2009 09 30 01 30 45 2 5836.629
2009 09 30 01 31 00 2 5836.630
2009 09 30 01 31 45 2 5836.630
2009 09 30 01 32 00 2 5836.632
2009 09 30 01 32 45 2 5836.632
2009 09 30 01 33 00 2 5836.640
2009 09 30 01 33 45 2 5836.640
2009 09 30 01 34 00 2 5836.644
2009 09 30 01 34 45 2 5836.644
2009 09 30 01 35 00 2 5836.643
2009 09 30 01 35 45 2 5836.643
2009 09 30 01 36 00 2 5836.641
2009 09 30 01 36 45 2 5836.641
2009 09 30 01 37 00 2 5836.636
2009 09 30 01 37 45 2 5836.636
2009 09 30 01 38 00 2 5836.640
2009 09 30 01 38 45 2 5836.640
2009 09 30 01 39 00 2 5836.647
2009 09 30 01 39 45 2 5836.647
2009 09 30 01 40 00 2 5836.653
2009 09 30 01 40 45 2 5836.653
2009 09 30 01 41 00 2 5836.664
2009 09 30 01 41 45 2 5836.664
2009 09 30 01 42 00 2 5836.659
2009 09 30 01 42 45 2 5836.659
2009 09 30 01 43 00 2 5836.649
2009 09 30 01 43 45 2 5836.649
2009 09 30 01 44 00 2 5836.649
2009 09 30 01 44 45 2 5836.649
2009 09 30 01 45 00 1 9999.000
2009 09 30 01 45 00 2 5836.659
2009 09 30 01 45 45 2 5836.659
2009 09 30 01 46 00 2 5836.667
2009 09 30 01 46 45 2 5836.667
2009 09 30 01 47 00 2 5836.667
2009 09 30 01 47 45 2 5836.667
2009 09 30 01 48 00 2 5836.674
2009 09 30 01 48 45 2 5836.674
2009 09 30 01 49 00 2 5836.678
2009 09 30 01 49 45 2 5836.678
2009 09 30 01 50 00 2 5836.673
2009 09 30 01 50 45 2 5836.673
2009 09 30 01 51 00 2 5836.669
2009 09 30 01 51 45 2 5836.669
2009 09 30 01 52 00 2 5836.669
2009 09 30 01 52 45 2 5836.669
2009 09 30 01 53 00 2 5836.668
2009 09 30 01 53 45 2 5836.668
2009 09 30 01 54 00 2 5836.675
2009 09 30 01 54 45 2 5836.675
2009 09 30 01 55 00 2 5836.682
2009 09 30 01 55 45 2 5836.682
2009 09 30 01 56 00 2 5836.683
2009 09 30 01 56 45 2 5836.683
2009 09 30 01 57 00 2 5836.687
2009 09 30 01 57 45 2 5836.687
2009 09 30 01 58 00 2 5836.686
2009 09 30 01 58 45 2 5836.686
2009 09 30 01 59 00 2 5836.686
2009 09 30 01 59 45 2 5836.686
2009 09 30 02 00 00 1 9999.000
2009 09 30 02 00 00 2 5836.694
2009 09 30 02 01 00 2 5836.699
2009 09 30 02 02 00 2 5836.696
2009 09 30 02 03 00 2 5836.700
2009 09 30 02 04 00 2 5836.702
2009 09 30 02 05 00 2 5836.692
2009 09 30 02 06 00 2 5836.693
2009 09 30 02 07 00 2 5836.701
2009 09 30 02 08 00 2 5836.707
2009 09 30 02 09 00 2 5836.713
2009 09 30 02 10 00 2 5836.717
2009 09 30 02 11 00 2 5836.718
2009 09 30 02 12 00 2 5836.722
2009 09 30 02 13 00 2 5836.720
2009 09 30 02 14 00 2 5836.711
2009 09 30 02 15 00 1 9999.000
2009 09 30 02 15 00 2 5836.710
2009 09 30 02 16 00 2 5836.712
2009 09 30 02 17 00 2 5836.712
2009 09 30 02 18 00 2 5836.721
2009 09 30 02 19 00 2 5836.731
2009 09 30 02 20 00 2 5836.724
2009 09 30 02 21 00 2 5836.717
2009 09 30 02 22 00 2 5836.725
2009 09 30 02 23 00 2 5836.735
2009 09 30 02 24 00 2 5836.735
2009 09 30 02 25 00 2 5836.730
2009 09 30 02 26 00 2 5836.731
2009 09 30 02 27 00 2 5836.734
2009 09 30 02 28 00 2 5836.733
2009 09 30 02 29 00 2 5836.732
2009 09 30 02 30 00 1 9999.000
2009 09 30 02 30 00 2 5836.737
2009 09 30 02 31 00 2 5836.745
2009 09 30 02 32 00 2 5836.747
2009 09 30 02 33 00 2 5836.749
2009 09 30 02 34 00 2 5836.752
2009 09 30 02 35 00 2 5836.750
2009 09 30 02 36 00 2 5836.751
2009 09 30 02 37 00 2 5836.753
2009 09 30 02 38 00 2 5836.756
2009 09 30 02 39 00 2 5836.757
2009 09 30 02 40 00 2 5836.752
2009 09 30 02 41 00 2 5836.748
2009 09 30 02 42 00 2 5836.753
2009 09 30 02 43 00 2 5836.760
2009 09 30 02 44 00 2 5836.767
2009 09 30 02 45 00 1 9999.000
2009 09 30 02 45 00 2 5836.770
2009 09 30 02 46 00 2 5836.760
2009 09 30 02 47 00 2 5836.755
2009 09 30 02 48 00 2 5836.760
2009 09 30 02 49 00 2 5836.768
2009 09 30 02 50 00 2 5836.769
2009 09 30 02 51 00 2 5836.764
2009 09 30 02 52 00 2 5836.760
2009 09 30 02 53 00 2 5836.766
2009 09 30 02 54 00 2 5836.778
2009 09 30 02 55 00 2 5836.788
2009 09 30 02 56 00 2 5836.788
2009 09 30 02 57 00 2 5836.779
2009 09 30 02 58 00 2 5836.772
2009 09 30 02 59 00 2 5836.769
2009 09 30 03 00 00 1 9999.000
2009 09 30 03 15 00 1 5836.792
2009 09 30 03 30 00 1 5836.799
2009 09 30 03 45 00 1 5836.804
2009 09 30 04 00 00 1 5836.796
2009 09 30 04 15 00 1 5836.787
2009 09 30 04 30 00 1 5836.788
2009 09 30 04 45 00 1 5836.768
2009 09 30 05 00 00 1 5836.753
2009 09 30 05 15 00 1 5836.727
2009 09 30 05 30 00 1 5836.703
2009 09 30 05 45 00 1 5836.671
2009 09 30 06 00 00 1 5836.641
2009 09 30 06 15 00 1 5836.611
2009 09 30 06 30 00 1 5836.571
2009 09 30 06 45 00 1 5836.540
2009 09 30 07 00 00 1 5836.502
2009 09 30 07 15 00 1 5836.466
2009 09 30 07 30 00 1 5836.425
2009 09 30 07 45 00 1 5836.395
2009 09 30 08 00 00 1 5836.366
2009 09 30 08 15 00 1 5836.327
2009 09 30 08 30 00 1 5836.304
2009 09 30 08 45 00 1 5836.279
2009 09 30 09 00 00 1 5836.264
2009 09 30 09 15 00 1 5836.248
2009 09 30 09 30 00 1 5836.233
2009 09 30 09 45 00 1 5836.228
2009 09 30 10 00 00 1 5836.216
2009 09 30 10 15 00 1 5836.231
2009 09 30 10 30 00 1 5836.235
2009 09 30 10 45 00 1 5836.251
2009 09 30 11 00 00 1 5836.270
2009 09 30 11 15 00 1 5836.288
2009 09 30 11 30 00 1 5836.314
2009 09 30 11 45 00 1 5836.341
2009 09 30 12 00 00 1 5836.378
2009 09 30 12 15 00 1 5836.411
2009 09 30 12 30 00 1 5836.445
2009 09 30 12 45 00 1 5836.485
2009 09 30 13 00 00 1 5836.523
2009 09 30 13 15 00 1 5836.562
2009 09 30 13 30 00 1 5836.595
2009 09 30 13 45 00 1 5836.627
2009 09 30 14 00 00 1 5836.660
2009 09 30 14 15 00 1 5836.692
2009 09 30 14 30 00 1 5836.717
2009 09 30 14 45 00 1 5836.742
2009 09 30 15 00 00 1 5836.761
2009 09 30 15 15 00 1 5836.779
2009 09 30 15 30 00 1 5836.788
2009 09 30 15 45 00 1 5836.801
2009 09 30 16 00 00 1 5836.801
2009 09 30 16 15 00 1 5836.804
2009 09 30 16 30 00 1 5836.796
2009 09 30 16 45 00 1 5836.788
2009 09 30 17 00 00 1 5836.776
2009 09 30 17 15 00 1 5836.758
2009 09 30 17 30 00 1 5836.738
2009 09 30 17 45 00 1 5836.713
2009 09 30 18 00 00 1 5836.685
2009 09 30 18 15 00 1 5836.651
2009 09 30 18 30 00 1 5836.614
2009 09 30 18 45 00 1 5836.579
2009 09 30 19 00 00 1 5836.541
2009 09 30 19 15 00 1 5836.501
2009 09 30 19 30 00 1 5836.466
2009 09 30 19 45 00 1 5836.423
2009 09 30 20 00 00 1 5836.385
2009 09 30 20 15 00 1 5836.344
2009 09 30 20 30 00 1 5836.307
2009 09 30 20 45 00 1 5836.278
2009 09 30 21 00 00 1 5836.250
2009 09 30 21 15 00 1 5836.221
2009 09 30 21 30 00 1 5836.198
2009 09 30 21 45 00 1 5836.185
2009 09 30 22 00 00 1 5836.170
2009 09 30 22 15 00 1 5836.168
2009 09 30 22 30 00 1 5836.165
2009 09 30 22 45 00 1 5836.170
2009 09 30 23 00 00 1 5836.175
2009 09 30 23 15 00 1 5836.192
2009 09 30 23 30 00 1 5836.204
2009 09 30 23 45 00 1 5836.226
2009 10 01 00 00 00 1 5836.255
2009 10 01 00 15 00 1 5836.289
2009 10 01 00 30 00 1 5836.320
2009 10 01 00 45 00 1 5836.359
2009 10 01 01 00 00 1 5836.398
2009 10 01 01 15 00 1 5836.434
2009 10 01 01 30 00 1 5836.478
2009 10 01 01 45 00 1 5836.518
2009 10 01 02 00 00 1 5836.557
2009 10 01 02 15 00 1 5836.595
2009 10 01 02 30 00 1 5836.630
2009 10 01 02 45 00 1 5836.668
2009 10 01 03 00 00 1 5836.701
2009 10 01 03 15 00 1 5836.731
2009 10 01 03 30 00 1 5836.755
2009 10 01 03 45 00 1 5836.778
2009 10 01 04 00 00 1 5836.794
2009 10 01 04 15 00 1 5836.809
2009 10 01 04 30 00 1 5836.812
2009 10 01 04 45 00 1 5836.816
2009 10 01 05 00 00 1 5836.809
2009 10 01 05 15 00 1 5836.804
2009 10 01 05 30 00 1 5836.795
2009 10 01 05 45 00 1 5836.777
2009 10 01 06 00 00 1 5836.758
2009 10 01 06 15 00 1 5836.730
2009 10 01 06 30 00 1 5836.702
2009 10 01 06 45 00 1 5836.669
2009 10 01 07 00 00 1 5836.631
2009 10 01 07 15 00 1 5836.593
2009 10 01 07 30 00 1 5836.551
2009 10 01 07 45 00 1 5836.509
2009 10 01 08 00 00 1 5836.468
2009 10 01 08 15 00 1 5836.427
2009 10 01 08 30 00 1 5836.383
2009 10 01 08 45 00 1 5836.344
2009 10 01 09 00 00 1 5836.308
2009 10 01 09 15 00 1 5836.275
2009 10 01 09 30 00 1 5836.244
2009 10 01 09 45 00 1 5836.213
2009 10 01 10 00 00 1 5836.193
2009 10 01 10 15 00 1 5836.175
2009 10 01 10 30 00 1 5836.167
2009 10 01 10 45 00 1 5836.163
2009 10 01 11 00 00 1 5836.163
2009 10 01 11 15 00 1 5836.170
2009 10 01 11 30 00 1 5836.180
2009 10 01 11 45 00 1 5836.196
2009 10 01 12 00 00 1 5836.214
2009 10 01 12 15 00 1 5836.238
2009 10 01 12 30 00 1 5836.267
2009 10 01 12 45 00 1 5836.298
2009 10 01 13 00 00 1 5836.332
2009 10 01 13 15 00 1 5836.373
2009 10 01 13 30 00 1 5836.413
2009 10 01 13 45 00 1 5836.455
2009 10 01 14 00 00 1 5836.497
2009 10 01 14 15 00 1 5836.538
2009 10 01 14 30 00 1 5836.578
2009 10 01 14 45 00 1 5836.616
2009 10 01 15 00 00 1 5836.651
2009 10 01 15 15 00 1 5836.685
2009 10 01 15 30 00 1 5836.712
2009 10 01 15 45 00 1 5836.738
2009 10 01 16 00 00 1 5836.763
2009 10 01 16 15 00 1 5836.784
2009 10 01 16 30 00 1 5836.798
2009 10 01 16 45 00 1 5836.809
2009 10 01 17 00 00 1 5836.813
2009 10 01 17 15 00 1 5836.816
2009 10 01 17 30 00 1 5836.811
2009 10 01 17 45 00 1 5836.801
2009 10 01 18 00 00 1 5836.784
2009 10 01 18 15 00 1 5836.763
2009 10 01 18 30 00 1 5836.737
2009 10 01 18 45 00 1 5836.714
2009 10 01 19 00 00 1 5836.680
2009 10 01 19 15 00 1 5836.647
2009 10 01 19 30 00 1 5836.606
2009 10 01 19 45 00 1 5836.563
2009 10 01 20 00 00 1 5836.523
2009 10 01 20 15 00 1 5836.475
2009 10 01 20 30 00 1 5836.438
2009 10 01 20 45 00 1 5836.394
2009 10 01 21 00 00 1 5836.354
2009 10 01 21 15 00 1 5836.315
2009 10 01 21 30 00 1 5836.277
2009 10 01 21 45 00 1 5836.241
2009 10 01 22 00 00 1 5836.214
2009 10 01 22 15 00 1 5836.193
2009 10 01 22 30 00 1 5836.168
2009 10 01 22 45 00 1 5836.153
2009 10 01 23 00 00 1 5836.143
2009 10 01 23 15 00 1 5836.139
2009 10 01 23 30 00 1 5836.138
2009 10 01 23 45 00 1 5836.145
2009 10 02 00 00 00 1 5836.155
2009 10 02 00 15 00 1 5836.174
2009 10 02 00 30 00 1 5836.197
2009 10 02 00 45 00 1 5836.222
2009 10 02 01 00 00 1 5836.258
2009 10 02 01 15 00 1 5836.295
2009 10 02 01 30 00 1 5836.332
2009 10 02 01 45 00 1 5836.370
2009 10 02 02 00 00 1 5836.413
2009 10 02 02 15 00 1 5836.461
2009 10 02 02 30 00 1 5836.507
2009 10 02 02 45 00 1 5836.554
2009 10 02 03 00 00 1 5836.601
2009 10 02 03 15 00 1 5836.641
2009 10 02 03 30 00 1 5836.683
2009 10 02 03 45 00 1 5836.722
2009 10 02 04 00 00 1 5836.755
2009 10 02 04 15 00 1 5836.785
2009 10 02 04 30 00 1 5836.811
2009 10 02 04 45 00 1 5836.833
2009 10 02 05 00 00 1 5836.849
2009 10 02 05 15 00 1 5836.864
2009 10 02 05 30 00 1 5836.870
2009 10 02 05 45 00 1 5836.868
2009 10 02 06 00 00 1 5836.861
2009 10 02 06 15 00 1 5836.850
2009 10 02 06 30 00 1 5836.834
2009 10 02 06 45 00 1 5836.808
2009 10 02 07 00 00 1 5836.777
2009 10 02 07 15 00 1 5836.745
2009 10 02 07 30 00 1 5836.709
2009 10 02 07 45 00 1 5836.670
2009 10 02 08 00 00 1 5836.629
2009 10 02 08 15 00 1 5836.580
2009 10 02 08 30 00 1 5836.532
2009 10 02 08 45 00 1 5836.482
2009 10 02 09 00 00 1 5836.431
2009 10 02 09 15 00 1 5836.382
2009 10 02 09 30 00 1 5836.333
2009 10 02 09 45 00 1 5836.290
2009 10 02 10 00 00 1 5836.251
2009 10 02 10 15 00 1 5836.217
2009 10 02 10 30 00 1 5836.184
2009 10 02 10 45 00 1 5836.156
2009 10 02 11 00 00 1 5836.137
2009 10 02 11 15 00 1 5836.121
2009 10 02 11 30 00 1 5836.113
2009 10 02 11 45 00 1 5836.112
2009 10 02 12 00 00 1 5836.111
2009 10 02 12 15 00 1 5836.122
2009 10 02 12 30 00 1 5836.136
2009 10 02 12 45 00 1 5836.159
2009 10 02 13 00 00 1 5836.183
2009 10 02 13 15 00 1 5836.215
2009 10 02 13 30 00 1 5836.251
2009 10 02 13 45 00 1 5836.290
2009 10 02 14 00 00 1 5836.332
2009 10 02 14 15 00 1 5836.376
2009 10 02 14 30 00 1 5836.422
2009 10 02 14 45 00 1 5836.467
2009 10 02 15 00 00 1 5836.514
2009 10 02 15 15 00 1 5836.560
2009 10 02 15 30 00 1 5836.609
2009 10 02 15 45 00 1 5836.654
2009 10 02 16 00 00 1 5836.695
2009 10 02 16 15 00 1 5836.736
2009 10 02 16 30 00 1 5836.771
2009 10 02 16 45 00 1 5836.800
2009 10 02 17 00 00 1 5836.826
2009 10 02 17 15 00 1 5836.849
2009 10 02 17 30 00 1 5836.862
2009 10 02 17 45 00 1 5836.869
2009 10 02 18 00 00 1 5836.873
2009 10 02 18 15 00 1 5836.867
2009 10 02 18 30 00 1 5836.861
2009 10 02 18 45 00 1 5836.845
2009 10 02 19 00 00 1 5836.826
2009 10 02 19 15 00 1 5836.797
2009 10 02 19 30 00 1 5836.765
2009 10 02 19 45 00 1 5836.729
2009 10 02 20 00 00 1 5836.687
2009 10 02 20 15 00 1 5836.643
2009 10 02 20 30 00 1 5836.594
2009 10 02 20 45 00 1 5836.544
2009 10 02 21 00 00 1 5836.495
2009 10 02 21 15 00 1 5836.445
2009 10 02 21 30 00 1 5836.396
2009 10 02 21 45 00 1 5836.349
2009 10 02 22 00 00 1 5836.305
2009 10 02 22 15 00 1 5836.264
2009 10 02 22 30 00 1 5836.226
2009 10 02 22 45 00 1 5836.194
2009 10 02 23 00 00 1 5836.167
2009 10 02 23 15 00 1 5836.141
2009 10 02 23 30 00 1 5836.123
2009 10 02 23 45 00 1 5836.112
2009 10 03 00 00 00 1 5836.107
2009 10 03 00 15 00 1 5836.107
2009 10 03 00 30 00 1 5836.112
2009 10 03 00 45 00 1 5836.129
2009 10 03 01 00 00 1 5836.148
2009 10 03 01 15 00 1 5836.172
2009 10 03 01 30 00 1 5836.203
2009 10 03 01 45 00 1 5836.238
2009 10 03 02 00 00 1 5836.280
2009 10 03 02 15 00 1 5836.325
2009 10 03 02 30 00 1 5836.373
2009 10 03 02 45 00 1 5836.424
2009 10 03 03 00 00 1 5836.477
2009 10 03 03 15 00 1 5836.532
2009 10 03 03 30 00 1 5836.583
2009 10 03 03 45 00 1 5836.634
2009 10 03 04 00 00 1 5836.684
2009 10 03 04 15 00 1 5836.728
2009 10 03 04 30 00 1 5836.773
2009 10 03 04 45 00 1 5836.811
2009 10 03 05 00 00 1 5836.846
2009 10 03 05 15 00 1 5836.876
2009 10 03 05 30 00 1 5836.902
2009 10 03 05 45 00 1 5836.922
2009 10 03 06 00 00 1 5836.936
2009 10 03 06 15 00 1 5836.941
2009 10 03 06 30 00 1 5836.939
2009 10 03 06 45 00 1 5836.930
2009 10 03 07 00 00 1 5836.915
2009 10 03 07 15 00 1 5836.893
2009 10 03 07 30 00 1 5836.867
2009 10 03 07 45 00 1 5836.833
2009 10 03 08 00 00 1 5836.795
2009 10 03 08 15 00 1 5836.751
2009 10 03 08 30 00 1 5836.700
2009 10 03 08 45 00 1 5836.646
2009 10 03 09 00 00 1 5836.592
2009 10 03 09 15 00 1 5836.534
2009 10 03 09 30 00 1 5836.476
2009 10 03 09 45 00 1 5836.419
2009 10 03 10 00 00 1 5836.359
2009 10 03 10 15 00 1 5836.309
2009 10 03 10 30 00 1 5836.262
2009 10 03 10 45 00 1 5836.219
2009 10 03 11 00 00 1 5836.177
2009 10 03 11 15 00 1 5836.142
2009 10 03 11 30 00 1 5836.112
2009 10 03 11 45 00 1 5836.090
2009 10 03 12 00 00 1 5836.071
2009 10 03 12 15 00 1 5836.058
2009 10 03 12 30 00 1 5836.055
2009 10 03 12 45 00 1 5836.055
2009 10 03 13 00 00 1 5836.067
2009 10 03 13 15 00 1 5836.082
2009 10 03 13 30 00 1 5836.104
2009 10 03 13 45 00 1 5836.136
2009 10 03 14 00 00 1 5836.171
2009 10 03 14 15 00 1 5836.214
2009 10 03 14 30 00 1 5836.260
2009 10 03 14 45 00 1 5836.309
2009 10 03 15 00 00 1 5836.361
2009 10 03 15 15 00 1 5836.414
2009 10 03 15 30 00 1 5836.472
2009 10 03 15 45 00 1 5836.529
2009 10 03 16 00 00 1 5836.584
2009 10 03 16 15 00 1 5836.641
2009 10 03 16 30 00 1 5836.694
2009 10 03 16 45 00 1 5836.740
2009 10 03 17 00 00 1 5836.785
2009 10 03 17 15 00 1 5836.827
2009 10 03 17 30 00 1 5836.861
2009 10 03 17 45 00 1 5836.892
2009 10 03 18 00 00 1 5836.915
2009 10 03 18 15 00 1 5836.929
2009 10 03 18 30 00 1 5836.936
2009 10 03 18 45 00 1 5836.938
2009 10 03 19 00 00 1 5836.933
2009 10 03 19 15 00 1 5836.919
2009 10 03 19 30 00 1 5836.901
2009 10 03 19 45 00 1 5836.873
2009 10 03 20 00 00 1 5836.840
2009 10 03 20 15 00 1 5836.805
2009 10 03 20 30 00 1 5836.764
2009 10 03 20 45 00 1 5836.717
2009 10 03 21 00 00 1 5836.670
2009 10 03 21 15 00 1 5836.616
2009 10 03 21 30 00 1 5836.562
2009 10 03 21 45 00 1 5836.505
2009 10 03 22 00 00 1 5836.449
2009 10 03 22 15 00 1 5836.393
2009 10 03 22 30 00 1 5836.338
2009 10 03 22 45 00 1 5836.290
2009 10 03 23 00 00 1 5836.245
2009 10 03 23 15 00 1 5836.201
2009 10 03 23 30 00 1 5836.166
2009 10 03 23 45 00 1 5836.136
2009 10 04 00 00 00 1 5836.111
2009 10 04 00 15 00 1 5836.091
2009 10 04 00 30 00 1 5836.077
2009 10 04 00 45 00 1 5836.074
2009 10 04 01 00 00 1 5836.074
2009 10 04 01 15 00 1 5836.085
2009 10 04 01 30 00 1 5836.099
2009 10 04 01 45 00 1 5836.119
2009 10 04 02 00 00 1 5836.152
2009 10 04 02 15 00 1 5836.186
2009 10 04 02 30 00 1 5836.227
2009 10 04 02 45 00 1 5836.278
2009 10 04 03 00 00 1 5836.329
2009 10 04 03 15 00 1 5836.384
2009 10 04 03 30 00 1 5836.441
2009 10 04 03 45 00 1 5836.502
2009 10 04 04 00 00 1 5836.562
2009 10 04 04 15 00 1 5836.620
2009 10 04 04 30 00 1 5836.678
2009 10 04 04 45 00 1 5836.729
2009 10 04 05 00 00 1 5836.784
2009 10 04 05 15 00 1 5836.831
2009 10 04 05 30 00 1 5836.875
2009 10 04 05 45 00 1 5836.913
2009 10 04 06 00 00 1 5836.945
2009 10 04 06 15 00 1 5836.971
2009 10 04 06 30 00 1 5836.991
2009 10 04 06 45 00 1 5837.002
2009 10 04 07 00 00 1 5837.003
2009 10 04 07 15 00 1 5836.996
2009 10 04 07 30 00 1 5836.983
2009 10 04 07 45 00 1 5836.963
2009 10 04 08 00 00 1 5836.935
2009 10 04 08 15 00 1 5836.900
2009 10 04 08 30 00 1 5836.859
2009 10 04 08 45 00 1 5836.812
2009 10 04 09 00 00 1 5836.757
2009 10 04 09 15 00 1 5836.702
2009 10 04 09 30 00 1 5836.642
2009 10 04 09 45 00 1 5836.580
2009 10 04 10 00 00 1 5836.517
2009 10 04 10 15 00 1 5836.451
2009 10 04 10 30 00 1 5836.392
2009 10 04 10 45 00 1 5836.330
2009 10 04 11 00 00 1 5836.275
2009 10 04 11 15 00 1 5836.225
2009 10 04 11 30 00 1 5836.173
2009 10 04 11 45 00 1 5836.129
2009 10 04 12 00 00 1 5836.090
2009 10 04 12 15 00 1 5836.057
2009 10 04 12 30 00 1 5836.031
2009 10 04 12 45 00 1 5836.011
2009 10 04 13 00 00 1 5835.997
2009 10 04 13 15 00 1 5835.993
2009 10 04 13 30 00 1 5835.998
2009 10 04 13 45 00 1 5836.014
2009 10 04 14 00 00 1 5836.034
2009 10 04 14 15 00 1 5836.063
2009 10 04 14 30 00 1 5836.098
2009 10 04 14 45 00 1 5836.143
2009 10 04 15 00 00 1 5836.191
2009 10 04 15 15 00 1 5836.244
2009 10 04 15 30 00 1 5836.302
2009 10 04 15 45 00 1 5836.361
2009 10 04 16 00 00 1 5836.423
2009 10 04 16 15 00 1 5836.489
2009 10 04 16 30 00 1 5836.552
2009 10 04 16 45 00 1 5836.613
2009 10 04 17 00 00 1 5836.677
2009 10 04 17 15 00 1 5836.735
2009 10 04 17 30 00 1 5836.789
2009 10 04 17 45 00 1 5836.838
2009 10 04 18 00 00 1 5836.881
2009 10 04 18 15 00 1 5836.917
2009 10 04 18 30 00 1 5836.946
2009 10 04 18 45 00 1 5836.971
2009 10 04 19 00 00 1 5836.989
2009 10 04 19 15 00 1 5836.995
2009 10 04 19 30 00 1 5836.995
2009 10 04 19 45 00 1 5836.984
2009 10 04 20 00 00 1 5836.970
2009 10 04 20 15 00 1 5836.946
2009 10 04 20 30 00 1 5836.917
2009 10 04 20 45 00 1 5836.880
2009 10 04 21 00 00 1 5836.835
2009 10 04 21 15 00 1 5836.785
2009 10 04 21 30 00 1 5836.730
2009 10 04 21 45 00 1 5836.674
2009 10 04 22 00 00 1 5836.616
2009 10 04 22 15 00 1 5836.556
2009 10 04 22 30 00 1 5836.496
2009 10 04 22 45 00 1 5836.437
2009 10 04 23 00 00 1 5836.379
2009 10 04 23 15 00 1 5836.322
2009 10 04 23 30 00 1 5836.271
2009 10 04 23 45 00 1 5836.224
2009 10 05 00 00 00 1 5836.176
2009 10 05 00 15 00 1 5836.137
2009 10 05 00 30 00 1 5836.104
2009 10 05 00 45 00 1 5836.075
2009 10 05 01 00 00 1 5836.057
2009 10 05 01 15 00 1 5836.042
2009 10 05 01 30 00 1 5836.037
2009 10 05 01 45 00 1 5836.042
2009 10 05 02 00 00 1 5836.056
2009 10 05 02 15 00 1 5836.077
2009 10 05 02 30 00 1 5836.106
2009 10 05 02 45 00 1 5836.139
2009 10 05 03 00 00 1 5836.183
2009 10 05 03 15 00 1 5836.231
2009 10 05 03 30 00 1 5836.286
2009 10 05 03 45 00 1 5836.346
2009 10 05 04 00 00 1 5836.409
2009 10 05 04 15 00 1 5836.474
2009 10 05 04 30 00 1 5836.537
2009 10 05 04 45 00 1 5836.604
2009 10 05 05 00 00 1 5836.667
2009 10 05 05 15 00 1 5836.729
2009 10 05 05 30 00 1 5836.793
2009 10 05 05 45 00 1 5836.851
2009 10 05 06 00 00 1 5836.900
2009 10 05 06 15 00 1 5836.948
2009 10 05 06 30 00 1 5836.986
2009 10 05 06 45 00 1 5837.021
2009 10 05 07 00 00 1 5837.046
2009 10 05 07 15 00 1 5837.063
2009 10 05 07 30 00 1 5837.069
2009 10 05 07 45 00 1 5837.066
2009 10 05 08 00 00 1 5837.058
2009 10 05 08 15 00 1 5837.038
2009 10 05 08 30 00 1 5837.011
2009 10 05 08 45 00 1 5836.974
2009 10 05 09 00 00 1 5836.933
2009 10 05 09 15 00 1 5836.884
2009 10 05 09 30 00 1 5836.830
2009 10 05 09 45 00 1 5836.772
2009 10 05 10 00 00 1 5836.709
2009 10 05 10 15 00 1 5836.641
2009 10 05 10 30 00 1 5836.573
2009 10 05 10 45 00 1 5836.503
2009 10 05 11 00 00 1 5836.432
2009 10 05 11 15 00 1 5836.366
2009 10 05 11 30 00 1 5836.300
2009 10 05 11 45 00 1 5836.238
2009 10 05 12 00 00 1 5836.178
2009 10 05 12 15 00 1 5836.122
2009 10 05 12 30 00 1 5836.077
2009 10 05 12 45 00 1 5836.034
2009 10 05 13 00 00 1 5835.997
2009 10 05 13 15 00 1 5835.972
2009 10 05 13 30 00 1 5835.953
2009 10 05 13 45 00 1 5835.941
2009 10 05 14 00 00 1 5835.944
2009 10 05 14 15 00 1 5835.952
2009 10 05 14 30 00 1 5835.969
2009 10 05 14 45 00 1 5835.990
2009 10 05 15 00 00 1 5836.023
2009 10 05 15 15 00 1 5836.065
2009 10 05 15 30 00 1 5836.113
2009 10 05 15 45 00 1 5836.167
2009 10 05 16 00 00 1 5836.227
2009 10 05 16 15 00 1 5836.295
2009 10 05 16 30 00 1 5836.363
2009 10 05 16 45 00 1 5836.436
2009 10 05 17 00 00 1 5836.508
2009 10 05 17 15 00 1 5836.579
2009 10 05 17 30 00 1 5836.646
2009 10 05 17 45 00 1 5836.714
2009 10 05 18 00 00 1 5836.774
2009 10 05 18 15 00 1 5836.830
2009 10 05 18 30 00 1 5836.881
2009 10 05 18 45 00 1 5836.927
2009 10 05 19 00 00 1 5836.967
2009 10 05 19 15 00 1 5836.996
2009 10 05 19 30 00 1 5837.023
2009 10 05 19 45 00 1 5837.037
2009 10 05 20 00 00 1 5837.041
2009 10 05 20 15 00 1 5837.034
2009 10 05 20 30 00 1 5837.024
2009 10 05 20 45 00 1 5837.003
2009 10 05 21 00 00 1 5836.974
2009 10 05 21 15 00 1 5836.935
2009 10 05 21 30 00 1 5836.893
2009 10 05 21 45 00 1 5836.845
2009 10 05 22 00 00 1 5836.792
2009 10 05 22 15 00 1 5836.733
2009 10 05 22 30 00 1 5836.670
2009 10 05 22 45 00 1 5836.605
2009 10 05 23 00 00 1 5836.541
2009 10 05 23 15 00 1 5836.475
2009 10 05 23 30 00 1 5836.411
2009 10 05 23 45 00 1 5836.347
2009 10 06 00 00 00 1 5836.285
2009 10 06 00 15 00 1 5836.230
2009 10 06 00 30 00 1 5836.176
2009 10 06 00 45 00 1 5836.129
2009 10 06 01 00 00 1 5836.088
2009 10 06 01 15 00 1 5836.052
2009 10 06 01 30 00 1 5836.025
2009 10 06 01 45 00 1 5836.007
2009 10 06 02 00 00 1 5835.997
2009 10 06 02 15 00 1 5835.994
2009 10 06 02 30 00 1 5836.001
2009 10 06 02 45 00 1 5836.019
2009 10 06 03 00 00 1 5836.044
2009 10 06 03 15 00 1 5836.077
2009 10 06 03 30 00 1 5836.120
2009 10 06 03 45 00 1 5836.168
2009 10 06 04 00 00 1 5836.226
2009 10 06 04 15 00 1 5836.284
2009 10 06 04 30 00 1 5836.349
2009 10 06 04 45 00 1 5836.414
2009 10 06 05 00 00 1 5836.486
2009 10 06 05 15 00 1 5836.558
2009 10 06 05 30 00 1 5836.630
2009 10 06 05 45 00 1 5836.701
2009 10 06 06 00 00 1 5836.768
2009 10 06 06 15 00 1 5836.833
2009 10 06 06 30 00 1 5836.890
2009 10 06 06 45 00 1 5836.945
2009 10 06 07 00 00 1 5836.994
2009 10 06 07 15 00 1 5837.034
2009 10 06 07 30 00 1 5837.065
2009 10 06 07 45 00 1 5837.084
2009 10 06 08 00 00 1 5837.100
2009 10 06 08 15 00 1 5837.103
2009 10 06 08 30 00 1 5837.096
2009 10 06 08 45 00 1 5837.082
2009 10 06 09 00 00 1 5837.057
2009 10 06 09 15 00 1 5837.027
2009 10 06 09 30 00 1 5836.987
2009 10 06 09 45 00 1 5836.937
2009 10 06 10 00 00 1 5836.878
2009 10 06 10 15 00 1 5836.815
2009 10 06 10 30 00 1 5836.749
2009 10 06 10 45 00 1 5836.678
2009 10 06 11 00 00 1 5836.608
2009 10 06 11 15 00 1 5836.534
2009 10 06 11 30 00 1 5836.457
2009 10 06 11 45 00 1 5836.382
2009 10 06 12 00 00 1 5836.310
2009 10 06 12 15 00 1 5836.239
2009 10 06 12 30 00 1 5836.170
2009 10 06 12 45 00 1 5836.105
2009 10 06 13 00 00 1 5836.048
2009 10 06 13 15 00 1 5835.996
2009 10 06 13 30 00 1 5835.951
2009 10 06 13 45 00 1 5835.915
2009 10 06 14 00 00 1 5835.890
2009 10 06 14 15 00 1 5835.874
2009 10 06 14 30 00 1 5835.864
2009 10 06 14 45 00 1 5835.865
2009 10 06 15 00 00 1 5835.875
2009 10 06 15 15 00 1 5835.896
2009 10 06 15 30 00 1 5835.926
2009 10 06 15 45 00 1 5835.967
2009 10 06 16 00 00 1 5836.013
2009 10 06 16 15 00 1 5836.068
2009 10 06 16 30 00 1 5836.129
2009 10 06 16 45 00 1 5836.199
2009 10 06 17 00 00 1 5836.271
2009 10 06 17 15 00 1 5836.347
2009 10 06 17 30 00 1 5836.422
2009 10 06 17 45 00 1 5836.499
