#YY  MM DD hh mm ss T   HEIGHT
#yr  mo dy hr mn  s -        m
2009 08 29 18 00 00 1 5680.576
2009 08 29 18 15 00 1 5680.539
2009 08 29 18 30 00 1 5680.506
2009 08 29 18 45 00 1 5680.475
2009 08 29 19 00 00 1 5680.451
2009 08 29 19 15 00 1 5680.427
2009 08 29 19 30 00 1 5680.410
2009 08 29 19 45 00 1 5680.397
2009 08 29 20 00 00 1 5680.387
2009 08 29 20 15 00 1 5680.383
2009 08 29 20 30 00 1 5680.380
2009 08 29 20 45 00 1 5680.382
2009 08 29 21 00 00 1 5680.387
2009 08 29 21 15 00 1 5680.394
2009 08 29 21 30 00 1 5680.410
2009 08 29 21 45 00 1 5680.425
2009 08 29 22 00 00 1 5680.443
2009 08 29 22 15 00 1 5680.469
2009 08 29 22 30 00 1 5680.492
2009 08 29 22 45 00 1 5680.520
2009 08 29 23 00 00 1 5680.551
2009 08 29 23 15 00 1 5680.587
2009 08 29 23 30 00 1 5680.619
2009 08 29 23 45 00 1 5680.654
2009 08 30 00 00 00 1 5680.688
2009 08 30 00 15 00 1 5680.720
2009 08 30 00 30 00 1 5680.752
2009 08 30 00 45 00 1 5680.780
2009 08 30 01 00 00 1 5680.808
2009 08 30 01 15 00 1 5680.835
2009 08 30 01 30 00 1 5680.854
2009 08 30 01 45 00 1 5680.872
2009 08 30 02 00 00 1 5680.887
2009 08 30 02 15 00 1 5680.894
2009 08 30 02 30 00 1 5680.899
2009 08 30 02 45 00 1 5680.903
2009 08 30 03 00 00 1 5680.900
2009 08 30 03 15 00 1 5680.895
2009 08 30 03 30 00 1 5680.885
2009 08 30 03 45 00 1 5680.869
2009 08 30 04 00 00 1 5680.852
2009 08 30 04 15 00 1 5680.829
2009 08 30 04 30 00 1 5680.803
2009 08 30 04 45 00 1 5680.778
2009 08 30 05 00 00 1 5680.746
2009 08 30 05 15 00 1 5680.717
2009 08 30 05 30 00 1 5680.688
2009 08 30 05 45 00 1 5680.657
2009 08 30 06 00 00 1 5680.625
2009 08 30 06 15 00 1 5680.597
2009 08 30 06 30 00 1 5680.569
2009 08 30 06 45 00 1 5680.541
2009 08 30 07 00 00 1 5680.515
2009 08 30 07 15 00 1 5680.496
2009 08 30 07 30 00 1 5680.476
2009 08 30 07 45 00 1 5680.460
2009 08 30 08 00 00 1 5680.448
2009 08 30 08 15 00 1 5680.443
2009 08 30 08 30 00 1 5680.439
2009 08 30 08 45 00 1 5680.440
2009 08 30 09 00 00 1 5680.445
2009 08 30 09 15 00 1 5680.455
2009 08 30 09 30 00 1 5680.469
2009 08 30 09 45 00 1 5680.486
2009 08 30 10 00 00 1 5680.507
2009 08 30 10 15 00 1 5680.534
2009 08 30 10 30 00 1 5680.561
2009 08 30 10 45 00 1 5680.592
2009 08 30 11 00 00 1 5680.623
2009 08 30 11 15 00 1 5680.658
2009 08 30 11 30 00 1 5680.692
2009 08 30 11 45 00 1 5680.727
2009 08 30 12 00 00 1 5680.762
2009 08 30 12 15 00 1 5680.795
2009 08 30 12 30 00 1 5680.824
2009 08 30 12 45 00 1 5680.854
2009 08 30 13 00 00 1 5680.886
2009 08 30 13 15 00 1 5680.912
2009 08 30 13 30 00 1 5680.933
2009 08 30 13 45 00 1 5680.951
2009 08 30 14 00 00 1 5680.966
2009 08 30 14 15 00 1 5680.980
2009 08 30 14 30 00 1 5680.984
2009 08 30 14 45 00 1 5680.986
2009 08 30 15 00 00 1 5680.984
2009 08 30 15 15 00 1 5680.972
2009 08 30 15 30 00 1 5680.966
2009 08 30 15 45 00 1 5680.960
2009 08 30 16 00 00 1 5680.941
2009 08 30 16 15 00 1 5680.922
2009 08 30 16 30 00 1 5680.898
2009 08 30 16 45 00 1 5680.872
2009 08 30 17 00 00 1 5680.848
2009 08 30 17 15 00 1 5680.816
2009 08 30 17 30 00 1 5680.788
2009 08 30 17 45 00 1 5680.753
2009 08 30 18 00 00 1 5680.720
2009 08 30 18 15 00 1 5680.684
2009 08 30 18 30 00 1 5680.648
2009 08 30 18 45 00 1 5680.617
2009 08 30 19 00 00 1 5680.581
2009 08 30 19 15 00 1 5680.548
2009 08 30 19 30 00 1 5680.515
2009 08 30 19 45 00 1 5680.487
2009 08 30 20 00 00 1 5680.466
2009 08 30 20 15 00 1 5680.446
2009 08 30 20 30 00 1 5680.429
2009 08 30 20 45 00 1 5680.412
2009 08 30 21 00 00 1 5680.401
2009 08 30 21 15 00 1 5680.395
2009 08 30 21 30 00 1 5680.391
2009 08 30 21 45 00 1 5680.393
2009 08 30 22 00 00 1 5680.398
2009 08 30 22 15 00 1 5680.406
2009 08 30 22 30 00 1 5680.419
2009 08 30 22 45 00 1 5680.436
2009 08 30 23 00 00 1 5680.456
2009 08 30 23 15 00 1 5680.478
2009 08 30 23 30 00 1 5680.505
2009 08 30 23 45 00 1 5680.532
2009 08 31 00 00 00 1 5680.563
2009 08 31 00 15 00 1 5680.593
2009 08 31 00 30 00 1 5680.623
2009 08 31 00 45 00 1 5680.655
2009 08 31 01 00 00 1 5680.683
2009 08 31 01 15 00 1 5680.712
2009 08 31 01 30 00 1 5680.742
2009 08 31 01 45 00 1 5680.767
2009 08 31 02 00 00 1 5680.792
2009 08 31 02 15 00 1 5680.812
2009 08 31 02 30 00 1 5680.831
2009 08 31 02 45 00 1 5680.848
2009 08 31 03 00 00 1 5680.859
2009 08 31 03 15 00 1 5680.870
2009 08 31 03 30 00 1 5680.873
2009 08 31 03 45 00 1 5680.877
2009 08 31 04 00 00 1 5680.874
2009 08 31 04 15 00 1 5680.868
2009 08 31 04 30 00 1 5680.858
2009 08 31 04 45 00 1 5680.844
2009 08 31 05 00 00 1 5680.822
2009 08 31 05 15 00 1 5680.802
2009 08 31 05 30 00 1 5680.780
2009 08 31 05 45 00 1 5680.756
2009 08 31 06 00 00 1 5680.731
2009 08 31 06 15 00 1 5680.701
2009 08 31 06 30 00 1 5680.676
2009 08 31 06 45 00 1 5680.646
2009 08 31 07 00 00 1 5680.615
2009 08 31 07 15 00 1 5680.587
2009 08 31 07 30 00 1 5680.559
2009 08 31 07 45 00 1 5680.537
2009 08 31 08 00 00 1 5680.513
2009 08 31 08 15 00 1 5680.493
2009 08 31 08 30 00 1 5680.478
2009 08 31 08 45 00 1 5680.464
2009 08 31 09 00 00 1 5680.452
2009 08 31 09 15 00 1 5680.445
2009 08 31 09 30 00 1 5680.444
2009 08 31 09 45 00 1 5680.447
2009 08 31 10 00 00 1 5680.453
2009 08 31 10 15 00 1 5680.465
2009 08 31 10 30 00 1 5680.482
2009 08 31 10 45 00 1 5680.501
2009 08 31 11 00 00 1 5680.524
2009 08 31 11 15 00 1 5680.547
2009 08 31 11 30 00 1 5680.572
2009 08 31 11 45 00 1 5680.602
2009 08 31 12 00 00 1 5680.631
2009 08 31 12 15 00 1 5680.660
2009 08 31 12 30 00 1 5680.690
2009 08 31 12 45 00 1 5680.722
2009 08 31 13 00 00 1 5680.754
2009 08 31 13 15 00 1 5680.786
2009 08 31 13 30 00 1 5680.816
2009 08 31 13 45 00 1 5680.847
2009 08 31 14 00 00 1 5680.874
2009 08 31 14 15 00 1 5680.896
2009 08 31 14 30 00 1 5680.915
2009 08 31 14 45 00 1 5680.931
2009 08 31 15 00 00 1 5680.946
2009 08 31 15 15 00 1 5680.957
2009 08 31 15 30 00 1 5680.966
2009 08 31 15 45 00 1 5680.966
2009 08 31 16 00 00 1 5680.968
2009 08 31 16 15 00 1 5680.963
2009 08 31 16 30 00 1 5680.951
2009 08 31 16 45 00 1 5680.940
2009 08 31 17 00 00 1 5680.926
2009 08 31 17 15 00 1 5680.906
2009 08 31 17 30 00 1 5680.886
2009 08 31 17 45 00 1 5680.859
2009 08 31 18 00 00 1 5680.832
2009 08 31 18 15 00 1 5680.803
2009 08 31 18 30 00 1 5680.772
2009 08 31 18 45 00 1 5680.736
2009 08 31 19 00 00 1 5680.702
2009 08 31 19 15 00 1 5680.669
2009 08 31 19 30 00 1 5680.635
2009 08 31 19 45 00 1 5680.602
2009 08 31 20 00 00 1 5680.568
2009 08 31 20 15 00 1 5680.537
2009 08 31 20 30 00 1 5680.509
2009 08 31 20 45 00 1 5680.481
2009 08 31 21 00 00 1 5680.457
2009 08 31 21 15 00 1 5680.439
2009 08 31 21 30 00 1 5680.420
2009 08 31 21 45 00 1 5680.407
2009 08 31 22 00 00 1 5680.398
2009 08 31 22 15 00 1 5680.390
2009 08 31 22 30 00 1 5680.388
2009 08 31 22 45 00 1 5680.393
2009 08 31 23 00 00 1 5680.400
2009 08 31 23 15 00 1 5680.410
2009 08 31 23 30 00 1 5680.426
2009 08 31 23 45 00 1 5680.442
2009 09 01 00 00 00 1 5680.463
2009 09 01 00 15 00 1 5680.488
2009 09 01 00 30 00 1 5680.515
2009 09 01 00 45 00 1 5680.540
2009 09 01 01 00 00 1 5680.572
2009 09 01 01 15 00 1 5680.602
2009 09 01 01 30 00 1 5680.633
2009 09 01 01 45 00 1 5680.669
2009 09 01 02 00 00 1 5680.701
2009 09 01 02 15 00 1 5680.732
2009 09 01 02 30 00 1 5680.765
2009 09 01 02 45 00 1 5680.792
2009 09 01 03 00 00 1 5680.815
2009 09 01 03 15 00 1 5680.839
2009 09 01 03 30 00 1 5680.858
2009 09 01 03 45 00 1 5680.874
2009 09 01 04 00 00 1 5680.890
2009 09 01 04 15 00 1 5680.898
2009 09 01 04 30 00 1 5680.902
2009 09 01 04 45 00 1 5680.901
2009 09 01 05 00 00 1 5680.893
2009 09 01 05 15 00 1 5680.885
2009 09 01 05 30 00 1 5680.874
2009 09 01 05 45 00 1 5680.856
2009 09 01 06 00 00 1 5680.838
2009 09 01 06 15 00 1 5680.815
2009 09 01 06 30 00 1 5680.792
2009 09 01 06 45 00 1 5680.762
2009 09 01 07 00 00 1 5680.733
2009 09 01 07 15 00 1 5680.704
2009 09 01 07 30 00 1 5680.673
2009 09 01 07 45 00 1 5680.641
2009 09 01 08 00 00 1 5680.610
2009 09 01 08 15 00 1 5680.582
2009 09 01 08 30 00 1 5680.553
2009 09 01 08 45 00 1 5680.528
2009 09 01 09 00 00 1 5680.506
2009 09 01 09 15 00 1 5680.485
2009 09 01 09 30 00 1 5680.466
2009 09 01 09 45 00 1 5680.453
2009 09 01 10 00 00 1 5680.446
2009 09 01 10 15 00 1 5680.437
2009 09 01 10 30 00 1 5680.434
2009 09 01 10 45 00 1 5680.439
2009 09 01 11 00 00 1 5680.447
2009 09 01 11 15 00 1 5680.458
2009 09 01 11 30 00 1 5680.472
2009 09 01 11 45 00 1 5680.489
2009 09 01 12 00 00 1 5680.507
2009 09 01 12 15 00 1 5680.531
2009 09 01 12 30 00 1 5680.555
2009 09 01 12 45 00 1 5680.583
2009 09 01 13 00 00 1 5680.610
2009 09 01 13 15 00 1 5680.646
2009 09 01 13 30 00 1 5680.681
2009 09 01 13 45 00 1 5680.713
2009 09 01 14 00 00 1 5680.746
2009 09 01 14 15 00 1 5680.778
2009 09 01 14 30 00 1 5680.808
2009 09 01 14 45 00 1 5680.837
2009 09 01 15 00 00 1 5680.866
2009 09 01 15 15 00 1 5680.892
2009 09 01 15 30 00 1 5680.912
2009 09 01 15 45 00 1 5680.932
2009 09 01 16 00 00 1 5680.946
2009 09 01 16 15 00 1 5680.959
2009 09 01 16 30 00 1 5680.967
2009 09 01 16 45 00 1 5680.972
2009 09 01 17 00 00 1 5680.969
2009 09 01 17 15 00 1 5680.967
2009 09 01 17 30 00 1 5680.956
2009 09 01 17 45 00 1 5680.944
2009 09 01 18 00 00 1 5680.927
2009 09 01 18 15 00 1 5680.907
2009 09 01 18 30 00 1 5680.883
2009 09 01 18 45 00 1 5680.855
2009 09 01 19 00 00 1 5680.826
2009 09 01 19 15 00 1 5680.794
2009 09 01 19 30 00 1 5680.762
2009 09 01 19 45 00 1 5680.727
2009 09 01 20 00 00 1 5680.691
2009 09 01 20 15 00 1 5680.653
2009 09 01 20 30 00 1 5680.616
2009 09 01 20 45 00 1 5680.580
2009 09 01 21 00 00 1 5680.547
2009 09 01 21 15 00 1 5680.517
2009 09 01 21 30 00 1 5680.488
2009 09 01 21 45 00 1 5680.463
2009 09 01 22 00 00 1 5680.438
2009 09 01 22 15 00 1 5680.416
2009 09 01 22 30 00 1 5680.400
2009 09 01 22 45 00 1 5680.387
2009 09 01 23 00 00 1 5680.381
2009 09 01 23 15 00 1 5680.378
2009 09 01 23 30 00 1 5680.376
2009 09 01 23 45 00 1 5680.384
2009 09 02 00 00 00 1 5680.392
2009 09 02 00 15 00 1 5680.406
2009 09 02 00 30 00 1 5680.421
2009 09 02 00 45 00 1 5680.445
2009 09 02 01 00 00 1 5680.468
2009 09 02 01 15 00 1 5680.495
2009 09 02 01 30 00 1 5680.526
2009 09 02 01 45 00 1 5680.556
2009 09 02 02 00 00 1 5680.588
2009 09 02 02 15 00 1 5680.621
2009 09 02 02 30 00 1 5680.657
2009 09 02 02 45 00 1 5680.691
2009 09 02 03 00 00 1 5680.726
2009 09 02 03 15 00 1 5680.759
2009 09 02 03 30 00 1 5680.789
2009 09 02 03 45 00 1 5680.821
2009 09 02 04 00 00 1 5680.846
2009 09 02 04 15 00 1 5680.868
2009 09 02 04 30 00 1 5680.891
2009 09 02 04 45 00 1 5680.905
2009 09 02 05 00 00 1 5680.916
2009 09 02 05 15 00 1 5680.922
2009 09 02 05 30 00 1 5680.923
2009 09 02 05 45 00 1 5680.925
2009 09 02 06 00 00 1 5680.919
2009 09 02 06 15 00 1 5680.910
2009 09 02 06 30 00 1 5680.895
2009 09 02 06 45 00 1 5680.876
2009 09 02 07 00 00 1 5680.857
2009 09 02 07 15 00 1 5680.829
2009 09 02 07 30 00 1 5680.800
2009 09 02 07 45 00 1 5680.772
2009 09 02 08 00 00 1 5680.744
2009 09 02 08 15 00 1 5680.711
2009 09 02 08 30 00 1 5680.678
2009 09 02 08 45 00 1 5680.645
2009 09 02 09 00 00 1 5680.617
2009 09 02 09 15 00 1 5680.581
2009 09 02 09 30 00 1 5680.551
2009 09 02 09 45 00 1 5680.523
2009 09 02 10 00 00 1 5680.500
2009 09 02 10 15 00 1 5680.480
2009 09 02 10 30 00 1 5680.461
2009 09 02 10 45 00 1 5680.448
2009 09 02 11 00 00 1 5680.439
2009 09 02 11 15 00 1 5680.434
2009 09 02 11 30 00 1 5680.431
2009 09 02 11 45 00 1 5680.432
2009 09 02 12 00 00 1 5680.441
2009 09 02 12 15 00 1 5680.452
2009 09 02 12 30 00 1 5680.468
2009 09 02 12 45 00 1 5680.486
2009 09 02 13 00 00 1 5680.508
2009 09 02 13 15 00 1 5680.532
2009 09 02 13 30 00 1 5680.562
2009 09 02 13 45 00 1 5680.595
2009 09 02 14 00 00 1 5680.629
2009 09 02 14 15 00 1 5680.665
2009 09 02 14 30 00 1 5680.699
2009 09 02 14 45 00 1 5680.734
2009 09 02 15 00 00 1 5680.770
2009 09 02 15 15 00 1 5680.802
2009 09 02 15 30 00 1 5680.836
2009 09 02 15 45 00 1 5680.869
2009 09 02 16 00 00 1 5680.897
2009 09 02 16 15 00 1 5680.921
2009 09 02 16 30 00 1 5680.944
2009 09 02 16 45 00 1 5680.962
2009 09 02 17 00 00 1 5680.976
2009 09 02 17 15 00 1 5680.987
2009 09 02 17 30 00 1 5680.995
2009 09 02 17 45 00 1 5680.994
2009 09 02 18 00 00 1 5680.990
2009 09 02 18 15 00 1 5680.978
2009 09 02 18 30 00 1 5680.964
2009 09 02 18 45 00 1 5680.948
2009 09 02 19 00 00 1 5680.927
2009 09 02 19 15 00 1 5680.903
2009 09 02 19 30 00 1 5680.877
2009 09 02 19 45 00 1 5680.845
2009 09 02 20 00 00 1 5680.813
2009 09 02 20 15 00 1 5680.773
2009 09 02 20 30 00 1 5680.733
2009 09 02 20 45 00 1 5680.699
2009 09 02 21 00 00 1 5680.664
2009 09 02 21 15 00 1 5680.626
2009 09 02 21 30 00 1 5680.586
2009 09 02 21 45 00 1 5680.550
2009 09 02 22 00 00 1 5680.515
2009 09 02 22 15 00 1 5680.484
2009 09 02 22 30 00 1 5680.453
2009 09 02 22 45 00 1 5680.426
2009 09 02 23 00 00 1 5680.403
2009 09 02 23 15 00 1 5680.386
2009 09 02 23 30 00 1 5680.372
2009 09 02 23 45 00 1 5680.363
2009 09 03 00 00 00 1 5680.358
2009 09 03 00 15 00 1 5680.360
2009 09 03 00 30 00 1 5680.366
2009 09 03 00 45 00 1 5680.376
2009 09 03 01 00 00 1 5680.387
2009 09 03 01 15 00 1 5680.406
2009 09 03 01 30 00 1 5680.428
2009 09 03 01 45 00 1 5680.452
2009 09 03 02 00 00 1 5680.482
2009 09 03 02 15 00 1 5680.515
2009 09 03 02 30 00 1 5680.550
2009 09 03 02 45 00 1 5680.589
2009 09 03 03 00 00 1 5680.628
2009 09 03 03 15 00 1 5680.667
2009 09 03 03 30 00 1 5680.706
2009 09 03 03 45 00 1 5680.745
2009 09 03 04 00 00 1 5680.781
2009 09 03 04 15 00 1 5680.818
2009 09 03 04 30 00 1 5680.850
2009 09 03 04 45 00 1 5680.878
2009 09 03 05 00 00 1 5680.902
2009 09 03 05 15 00 1 5680.923
2009 09 03 05 30 00 1 5680.941
2009 09 03 05 45 00 1 5680.956
2009 09 03 06 00 00 1 5680.962
2009 09 03 06 15 00 1 5680.967
2009 09 03 06 30 00 1 5680.964
2009 09 03 06 45 00 1 5680.956
2009 09 03 07 00 00 1 5680.944
2009 09 03 07 15 00 1 5680.929
2009 09 03 07 30 00 1 5680.906
2009 09 03 07 45 00 1 5680.878
2009 09 03 08 00 00 1 5680.851
2009 09 03 08 15 00 1 5680.820
2009 09 03 08 30 00 1 5680.785
2009 09 03 08 45 00 1 5680.748
2009 09 03 09 00 00 1 5680.712
2009 09 03 09 15 00 1 5680.672
2009 09 03 09 30 00 1 5680.632
2009 09 03 09 45 00 1 5680.596
2009 09 03 10 00 00 1 5680.562
2009 09 03 10 15 00 1 5680.530
2009 09 03 10 30 00 1 5680.499
2009 09 03 10 45 00 1 5680.472
2009 09 03 11 00 00 1 5680.447
2009 09 03 11 15 00 1 5680.427
2009 09 03 11 30 00 1 5680.412
2009 09 03 11 45 00 1 5680.401
2009 09 03 12 00 00 1 5680.394
2009 09 03 12 15 00 1 5680.390
2009 09 03 12 30 00 1 5680.391
2009 09 03 12 45 00 1 5680.398
2009 09 03 13 00 00 1 5680.411
2009 09 03 13 15 00 1 5680.427
2009 09 03 13 30 00 1 5680.445
2009 09 03 13 45 00 1 5680.470
2009 09 03 14 00 00 1 5680.498
2009 09 03 14 15 00 1 5680.531
2009 09 03 14 30 00 1 5680.567
2009 09 03 14 45 00 1 5680.604
2009 09 03 15 00 00 1 5680.645
2009 09 03 15 15 00 1 5680.685
2009 09 03 15 30 00 1 5680.727
2009 09 03 15 45 00 1 5680.768
2009 09 03 16 00 00 1 5680.810
2009 09 03 16 15 00 1 5680.849
2009 09 03 16 30 00 1 5680.884
2009 09 03 16 45 00 1 5680.917
2009 09 03 17 00 00 1 5680.945
2009 09 03 17 15 00 1 5680.971
2009 09 03 17 30 00 1 5680.990
2009 09 03 17 45 00 1 5681.007
2009 09 03 18 00 00 1 5681.018
2009 09 03 18 15 00 1 5681.025
2009 09 03 18 30 00 1 5681.025
2009 09 03 18 45 00 1 5681.019
2009 09 03 19 00 00 1 5681.008
2009 09 03 19 15 00 1 5680.992
2009 09 03 19 30 00 1 5680.971
2009 09 03 19 45 00 1 5680.943
2009 09 03 20 00 00 1 5680.914
2009 09 03 20 15 00 1 5680.881
2009 09 03 20 30 00 1 5680.848
2009 09 03 20 45 00 1 5680.809
2009 09 03 21 00 00 1 5680.768
2009 09 03 21 15 00 1 5680.725
2009 09 03 21 30 00 1 5680.678
2009 09 03 21 45 00 1 5680.638
2009 09 03 22 00 00 1 5680.596
2009 09 03 22 15 00 1 5680.557
2009 09 03 22 30 00 1 5680.515
2009 09 03 22 45 00 1 5680.476
2009 09 03 23 00 00 1 5680.442
2009 09 03 23 15 00 1 5680.412
2009 09 03 23 30 00 1 5680.387
2009 09 03 23 45 00 1 5680.365
2009 09 04 00 00 00 1 5680.345
2009 09 04 00 15 00 1 5680.330
2009 09 04 00 30 00 1 5680.321
2009 09 04 00 45 00 1 5680.321
2009 09 04 01 00 00 1 5680.319
2009 09 04 01 15 00 1 5680.326
2009 09 04 01 30 00 1 5680.339
2009 09 04 01 45 00 1 5680.356
2009 09 04 02 00 00 1 5680.380
2009 09 04 02 15 00 1 5680.403
2009 09 04 02 30 00 1 5680.433
2009 09 04 02 45 00 1 5680.467
2009 09 04 03 00 00 1 5680.506
2009 09 04 03 15 00 1 5680.545
2009 09 04 03 30 00 1 5680.586
2009 09 04 03 45 00 1 5680.630
2009 09 04 04 00 00 1 5680.673
2009 09 04 04 15 00 1 5680.716
2009 09 04 04 30 00 1 5680.758
2009 09 04 04 45 00 1 5680.799
2009 09 04 05 00 00 1 5680.837
2009 09 04 05 15 00 1 5680.871
2009 09 04 05 30 00 1 5680.900
2009 09 04 05 45 00 1 5680.928
2009 09 04 06 00 00 1 5680.950
2009 09 04 06 15 00 1 5680.968
2009 09 04 06 30 00 1 5680.983
2009 09 04 06 45 00 1 5680.987
2009 09 04 07 00 00 1 5680.991
2009 09 04 07 15 00 1 5680.986
2009 09 04 07 30 00 1 5680.975
2009 09 04 07 45 00 1 5680.963
2009 09 04 08 00 00 1 5680.941
2009 09 04 08 15 00 1 5680.916
2009 09 04 08 30 00 1 5680.888
2009 09 04 08 45 00 1 5680.852
2009 09 04 09 00 00 1 5680.816
2009 09 04 09 15 00 1 5680.777
2009 09 04 09 30 00 1 5680.735
2009 09 04 09 45 00 1 5680.690
2009 09 04 10 00 00 1 5680.650
2009 09 04 10 15 00 1 5680.606
2009 09 04 10 30 00 1 5680.568
2009 09 04 10 45 00 1 5680.531
2009 09 04 11 00 00 1 5680.493
2009 09 04 11 15 00 1 5680.459
2009 09 04 11 30 00 1 5680.426
2009 09 04 11 45 00 1 5680.401
2009 09 04 12 00 00 1 5680.376
2009 09 04 12 15 00 1 5680.357
2009 09 04 12 30 00 1 5680.345
2009 09 04 12 45 00 1 5680.335
2009 09 04 13 00 00 1 5680.330
2009 09 04 13 15 00 1 5680.334
2009 09 04 13 30 00 1 5680.343
2009 09 04 13 45 00 1 5680.354
2009 09 04 14 00 00 1 5680.371
2009 09 04 14 15 00 1 5680.392
2009 09 04 14 30 00 1 5680.419
2009 09 04 14 45 00 1 5680.451
2009 09 04 15 00 00 1 5680.486
2009 09 04 15 15 00 1 5680.524
2009 09 04 15 30 00 1 5680.568
2009 09 04 15 45 00 1 5680.614
2009 09 04 16 00 00 1 5680.660
2009 09 04 16 15 00 1 5680.705
2009 09 04 16 30 00 1 5680.748
2009 09 04 16 45 00 1 5680.791
2009 09 04 17 00 00 1 5680.833
2009 09 04 17 15 00 1 5680.874
2009 09 04 17 30 00 1 5680.909
2009 09 04 17 45 00 1 5680.942
2009 09 04 18 00 00 1 5680.969
2009 09 04 18 15 00 1 5680.991
2009 09 04 18 30 00 1 5681.009
2009 09 04 18 45 00 1 5681.021
2009 09 04 19 00 00 1 5681.028
2009 09 04 19 15 00 1 5681.026
2009 09 04 19 30 00 1 5681.020
2009 09 04 19 45 00 1 5681.006
2009 09 04 20 00 00 1 5680.987
2009 09 04 20 15 00 1 5680.965
2009 09 04 20 30 00 1 5680.938
2009 09 04 20 45 00 1 5680.904
2009 09 04 21 00 00 1 5680.868
2009 09 04 21 15 00 1 5680.827
2009 09 04 21 30 00 1 5680.784
2009 09 04 21 45 00 1 5680.741
2009 09 04 22 00 00 1 5680.693
2009 09 04 22 15 00 1 5680.648
2009 09 04 22 30 00 1 5680.601
2009 09 04 22 45 00 1 5680.556
2009 09 04 23 00 00 1 5680.512
2009 09 04 23 15 00 1 5680.471
2009 09 04 23 30 00 1 5680.434
2009 09 04 23 45 00 1 5680.399
2009 09 05 00 00 00 1 5680.370
2009 09 05 00 15 00 1 5680.343
2009 09 05 00 30 00 1 5680.321
2009 09 05 00 45 00 1 5680.305
2009 09 05 01 00 00 1 5680.290
2009 09 05 01 15 00 1 5680.285
2009 09 05 01 30 00 1 5680.284
2009 09 05 01 45 00 1 5680.286
2009 09 05 02 00 00 1 5680.298
2009 09 05 02 15 00 1 5680.316
2009 09 05 02 30 00 1 5680.340
2009 09 05 02 45 00 1 5680.369
2009 09 05 03 00 00 1 5680.401
2009 09 05 03 15 00 1 5680.435
2009 09 05 03 30 00 1 5680.476
2009 09 05 03 45 00 1 5680.520
2009 09 05 04 00 00 1 5680.564
2009 09 05 04 15 00 1 5680.610
2009 09 05 04 30 00 1 5680.660
2009 09 05 04 45 00 1 5680.707
2009 09 05 05 00 00 1 5680.753
2009 09 05 05 15 00 1 5680.797
2009 09 05 05 30 00 1 5680.838
2009 09 05 05 45 00 1 5680.881
2009 09 05 06 00 00 1 5680.920
2009 09 05 06 15 00 1 5680.952
2009 09 05 06 30 00 1 5680.979
2009 09 05 06 45 00 1 5681.000
2009 09 05 07 00 00 1 5681.015
2009 09 05 07 15 00 1 5681.025
2009 09 05 07 30 00 1 5681.030
2009 09 05 07 45 00 1 5681.029
2009 09 05 08 00 00 1 5681.023
2009 09 05 08 15 00 1 5681.010
2009 09 05 08 30 00 1 5680.990
2009 09 05 08 45 00 1 5680.965
2009 09 05 09 00 00 1 5680.932
2009 09 05 09 15 00 1 5680.894
2009 09 05 09 30 00 1 5680.855
2009 09 05 09 45 00 1 5680.813
2009 09 05 10 00 00 1 5680.770
2009 09 05 10 15 00 1 5680.721
2009 09 05 10 30 00 1 5680.674
2009 09 05 10 45 00 1 5680.625
2009 09 05 11 00 00 1 5680.579
2009 09 05 11 15 00 1 5680.534
2009 09 05 11 30 00 1 5680.489
2009 09 05 11 45 00 1 5680.449
2009 09 05 12 00 00 1 5680.414
2009 09 05 12 15 00 1 5680.378
2009 09 05 12 30 00 1 5680.350
2009 09 05 12 45 00 1 5680.325
2009 09 05 13 00 00 1 5680.303
2009 09 05 13 15 00 1 5680.289
2009 09 05 13 30 00 1 5680.278
2009 09 05 13 45 00 1 5680.275
2009 09 05 14 00 00 1 5680.278
2009 09 05 14 15 00 1 5680.287
2009 09 05 14 30 00 1 5680.303
2009 09 05 14 45 00 1 5680.327
2009 09 05 15 00 00 1 5680.356
2009 09 05 15 15 00 1 5680.388
2009 09 05 15 30 00 1 5680.426
2009 09 05 15 45 00 1 5680.467
2009 09 05 16 00 00 1 5680.511
2009 09 05 16 15 00 1 5680.556
2009 09 05 16 30 00 1 5680.604
2009 09 05 16 45 00 1 5680.655
2009 09 05 17 00 00 1 5680.705
2009 09 05 17 15 00 1 5680.757
2009 09 05 17 30 00 1 5680.804
2009 09 05 17 45 00 1 5680.848
2009 09 05 18 00 00 1 5680.893
2009 09 05 18 15 00 1 5680.930
2009 09 05 18 30 00 1 5680.966
2009 09 05 18 45 00 1 5680.992
2009 09 05 19 00 00 1 5681.016
2009 09 05 19 15 00 1 5681.034
2009 09 05 19 30 00 1 5681.041
2009 09 05 19 45 00 1 5681.043
2009 09 05 20 00 00 1 5681.042
2009 09 05 20 15 00 1 5681.031
2009 09 05 20 30 00 1 5681.018
2009 09 05 20 45 00 1 5680.997
2009 09 05 21 00 00 1 5680.969
2009 09 05 21 15 00 1 5680.937
2009 09 05 21 30 00 1 5680.902
2009 09 05 21 45 00 1 5680.859
2009 09 05 22 00 00 1 5680.816
2009 09 05 22 15 00 1 5680.769
2009 09 05 22 30 00 1 5680.719
2009 09 05 22 45 00 1 5680.672
2009 09 05 23 00 00 1 5680.624
2009 09 05 23 15 00 1 5680.578
2009 09 05 23 30 00 1 5680.533
2009 09 05 23 45 00 1 5680.484
2009 09 06 00 00 00 1 5680.443
2009 09 06 00 15 00 1 5680.401
2009 09 06 00 30 00 1 5680.365
2009 09 06 00 45 00 1 5680.336
2009 09 06 01 00 00 1 5680.310
2009 09 06 01 15 00 1 5680.290
2009 09 06 01 30 00 1 5680.276
2009 09 06 01 45 00 1 5680.263
2009 09 06 02 00 00 1 5680.261
2009 09 06 02 15 00 1 5680.265
2009 09 06 02 30 00 1 5680.275
2009 09 06 02 45 00 1 5680.290
2009 09 06 03 00 00 1 5680.312
2009 09 06 03 15 00 1 5680.338
2009 09 06 03 30 00 1 5680.372
2009 09 06 03 45 00 1 5680.407
2009 09 06 04 00 00 1 5680.451
2009 09 06 04 15 00 1 5680.497
2009 09 06 04 30 00 1 5680.544
2009 09 06 04 45 00 1 5680.595
2009 09 06 05 00 00 1 5680.646
2009 09 06 05 15 00 1 5680.697
2009 09 06 05 30 00 1 5680.749
2009 09 06 05 45 00 1 5680.799
2009 09 06 06 00 00 1 5680.847
2009 09 06 06 15 00 1 5680.891
2009 09 06 06 30 00 1 5680.936
2009 09 06 06 45 00 1 5680.975
2009 09 06 07 00 00 1 5681.011
2009 09 06 07 15 00 1 5681.036
2009 09 06 07 30 00 1 5681.056
2009 09 06 07 45 00 1 5681.069
2009 09 06 08 00 00 1 5681.080
2009 09 06 08 15 00 1 5681.082
2009 09 06 08 30 00 1 5681.076
2009 09 06 08 45 00 1 5681.064
2009 09 06 09 00 00 1 5681.043
2009 09 06 09 15 00 1 5681.015
2009 09 06 09 30 00 1 5680.983
2009 09 06 09 45 00 1 5680.947
2009 09 06 10 00 00 1 5680.906
2009 09 06 10 15 00 1 5680.865
2009 09 06 10 30 00 1 5680.817
2009 09 06 10 45 00 1 5680.765
2009 09 06 11 00 00 1 5680.717
2009 09 06 11 15 00 1 5680.666
2009 09 06 11 30 00 1 5680.618
2009 09 06 11 45 00 1 5680.568
2009 09 06 12 00 00 1 5680.518
2009 09 06 12 15 00 1 5680.471
2009 09 06 12 30 00 1 5680.430
2009 09 06 12 45 00 1 5680.390
2009 09 06 13 00 00 1 5680.357
2009 09 06 13 15 00 1 5680.327
2009 09 06 13 30 00 1 5680.302
2009 09 06 13 45 00 1 5680.283
2009 09 06 14 00 00 1 5680.268
2009 09 06 14 15 00 1 5680.262
2009 09 06 14 30 00 1 5680.259
2009 09 06 14 45 00 1 5680.267
2009 09 06 15 00 00 1 5680.281
2009 09 06 15 15 00 1 5680.303
2009 09 06 15 30 00 1 5680.332
2009 09 06 15 45 00 1 5680.363
2009 09 06 16 00 00 1 5680.400
2009 09 06 16 15 00 1 5680.446
2009 09 06 16 30 00 1 5680.493
2009 09 06 16 45 00 1 5680.542
2009 09 06 17 00 00 1 5680.593
2009 09 06 17 15 00 1 5680.644
2009 09 06 17 30 00 1 5680.701
2009 09 06 17 45 00 1 5680.750
2009 09 06 18 00 00 1 5680.802
2009 09 06 18 15 00 1 5680.851
2009 09 06 18 30 00 1 5680.897
2009 09 06 18 45 00 1 5680.941
2009 09 06 19 00 00 1 5680.980
2009 09 06 19 15 00 1 5681.015
2009 09 06 19 30 00 1 5681.042
2009 09 06 19 45 00 1 5681.063
2009 09 06 20 00 00 1 5681.079
2009 09 06 20 15 00 1 5681.086
2009 09 06 20 30 00 1 5681.084
2009 09 06 20 45 00 1 5681.078
2009 09 06 21 00 00 1 5681.068
2009 09 06 21 15 00 1 5681.050
2009 09 06 21 30 00 1 5681.027
2009 09 06 21 45 00 1 5680.995
2009 09 06 22 00 00 1 5680.958
2009 09 06 22 15 00 1 5680.921
2009 09 06 22 30 00 1 5680.873
2009 09 06 22 45 00 1 5680.826
2009 09 06 23 00 00 1 5680.778
2009 09 06 23 15 00 1 5680.725
2009 09 06 23 30 00 1 5680.677
2009 09 06 23 45 00 1 5680.629
2009 09 07 00 00 00 1 5680.577
2009 09 07 00 15 00 1 5680.528
2009 09 07 00 30 00 1 5680.483
2009 09 07 00 45 00 1 5680.439
2009 09 07 01 00 00 1 5680.400
2009 09 07 01 15 00 1 5680.366
2009 09 07 01 30 00 1 5680.335
2009 09 07 01 45 00 1 5680.311
2009 09 07 02 00 00 1 5680.289
2009 09 07 02 15 00 1 5680.280
2009 09 07 02 30 00 1 5680.272
2009 09 07 02 45 00 1 5680.272
2009 09 07 03 00 00 1 5680.282
2009 09 07 03 15 00 1 5680.295
2009 09 07 03 30 00 1 5680.316
2009 09 07 03 45 00 1 5680.343
2009 09 07 04 00 00 1 5680.376
2009 09 07 04 15 00 1 5680.411
2009 09 07 04 30 00 1 5680.450
2009 09 07 04 45 00 1 5680.496
2009 09 07 05 00 00 1 5680.547
2009 09 07 05 15 00 1 5680.598
2009 09 07 05 30 00 1 5680.651
2009 09 07 05 45 00 1 5680.705
2009 09 07 06 00 00 1 5680.760
2009 09 07 06 15 00 1 5680.810
2009 09 07 06 30 00 1 5680.864
2009 09 07 06 45 00 1 5680.915
2009 09 07 07 00 00 1 5680.961
2009 09 07 07 15 00 1 5681.001
2009 09 07 07 30 00 1 5681.038
2009 09 07 07 45 00 1 5681.070
2009 09 07 08 00 00 1 5681.093
2009 09 07 08 15 00 1 5681.114
2009 09 07 08 30 00 1 5681.124
2009 09 07 08 45 00 1 5681.128
2009 09 07 09 00 00 1 5681.124
2009 09 07 09 15 00 1 5681.117
2009 09 07 09 30 00 1 5681.099
2009 09 07 09 45 00 1 5681.074
2009 09 07 10 00 00 1 5681.045
2009 09 07 10 15 00 1 5681.011
2009 09 07 10 30 00 1 5680.969
2009 09 07 10 45 00 1 5680.923
2009 09 07 11 00 00 1 5680.875
2009 09 07 11 15 00 1 5680.825
2009 09 07 11 30 00 1 5680.773
2009 09 07 11 45 00 1 5680.718
2009 09 07 12 00 00 1 5680.664
2009 09 07 12 15 00 1 5680.610
2009 09 07 12 30 00 1 5680.555
2009 09 07 12 45 00 1 5680.504
2009 09 07 13 00 00 1 5680.454
2009 09 07 13 15 00 1 5680.408
2009 09 07 13 30 00 1 5680.367
2009 09 07 13 45 00 1 5680.330
2009 09 07 14 00 00 1 5680.299
2009 09 07 14 15 00 1 5680.273
2009 09 07 14 30 00 1 5680.254
2009 09 07 14 45 00 1 5680.243
2009 09 07 15 00 00 1 5680.240
2009 09 07 15 15 00 1 5680.243
2009 09 07 15 30 00 1 5680.250
2009 09 07 15 45 00 1 5680.271
2009 09 07 16 00 00 1 5680.295
2009 09 07 16 15 00 1 5680.326
2009 09 07 16 30 00 1 5680.363
2009 09 07 16 45 00 1 5680.402
2009 09 07 17 00 00 1 5680.450
2009 09 07 17 15 00 1 5680.504
2009 09 07 17 30 00 1 5680.556
2009 09 07 17 45 00 1 5680.611
2009 09 07 18 00 00 1 5680.667
2009 09 07 18 15 00 1 5680.723
2009 09 07 18 30 00 1 5680.779
2009 09 07 18 45 00 1 5680.831
2009 09 07 19 00 00 1 5680.885
2009 09 07 19 15 00 1 5680.932
2009 09 07 19 30 00 1 5680.971
2009 09 07 19 45 00 1 5681.008
2009 09 07 20 00 00 1 5681.041
2009 09 07 20 15 00 1 5681.066
2009 09 07 20 30 00 1 5681.087
2009 09 07 20 45 00 1 5681.100
2009 09 07 21 00 00 1 5681.106
2009 09 07 21 15 00 1 5681.105
2009 09 07 21 30 00 1 5681.097
2009 09 07 21 45 00 1 5681.082
2009 09 07 22 00 00 1 5681.058
2009 09 07 22 15 00 1 5681.027
2009 09 07 22 30 00 1 5680.992
2009 09 07 22 45 00 1 5680.952
2009 09 07 23 00 00 1 5680.912
2009 09 07 23 15 00 1 5680.864
2009 09 07 23 30 00 1 5680.817
2009 09 07 23 45 00 1 5680.768
2009 09 08 00 00 00 1 5680.717
2009 09 08 00 15 00 1 5680.667
2009 09 08 00 30 00 1 5680.612
2009 09 08 00 45 00 1 5680.562
2009 09 08 01 00 00 1 5680.512
2009 09 08 01 15 00 1 5680.466
2009 09 08 01 30 00 1 5680.423
2009 09 08 01 45 00 1 5680.384
2009 09 08 02 00 00 1 5680.352
2009 09 08 02 15 00 1 5680.326
2009 09 08 02 30 00 1 5680.303
2009 09 08 02 45 00 1 5680.285
2009 09 08 03 00 00 1 5680.276
2009 09 08 03 15 00 1 5680.273
2009 09 08 03 30 00 1 5680.275
2009 09 08 03 45 00 1 5680.288
2009 09 08 04 00 00 1 5680.304
2009 09 08 04 15 00 1 5680.327
2009 09 08 04 30 00 1 5680.360
2009 09 08 04 45 00 1 5680.395
2009 09 08 05 00 00 1 5680.435
2009 09 08 05 15 00 1 5680.480
2009 09 08 05 30 00 1 5680.527
2009 09 08 05 45 00 1 5680.577
2009 09 08 06 00 00 1 5680.631
2009 09 08 06 15 00 1 5680.685
2009 09 08 06 30 00 1 5680.740
2009 09 08 06 45 00 1 5680.798
2009 09 08 07 00 00 1 5680.851
2009 09 08 07 15 00 1 5680.905
2009 09 08 07 30 00 1 5680.953
2009 09 08 07 45 00 1 5680.995
2009 09 08 08 00 00 1 5681.037
2009 09 08 08 15 00 1 5681.071
2009 09 08 08 30 00 1 5681.101
2009 09 08 08 45 00 1 5681.123
2009 09 08 09 00 00 1 5681.138
2009 09 08 09 15 00 1 5681.147
2009 09 08 09 30 00 1 5681.147
2009 09 08 09 45 00 1 5681.141
2009 09 08 10 00 00 1 5681.126
2009 09 08 10 15 00 1 5681.105
2009 09 08 10 30 00 1 5681.079
2009 09 08 10 45 00 1 5681.047
2009 09 08 11 00 00 1 5681.005
2009 09 08 11 15 00 1 5680.959
2009 09 08 11 30 00 1 5680.912
2009 09 08 11 45 00 1 5680.857
2009 09 08 12 00 00 1 5680.802
2009 09 08 12 15 00 1 5680.747
2009 09 08 12 30 00 1 5680.687
2009 09 08 12 45 00 1 5680.629
2009 09 08 13 00 00 1 5680.571
2009 09 08 13 15 00 1 5680.513
2009 09 08 13 30 00 1 5680.459
2009 09 08 13 45 00 1 5680.407
2009 09 08 14 00 00 1 5680.359
2009 09 08 14 15 00 1 5680.315
2009 09 08 14 30 00 1 5680.281
2009 09 08 14 45 00 1 5680.249
2009 09 08 15 00 00 1 5680.226
2009 09 08 15 15 00 1 5680.210
2009 09 08 15 30 00 1 5680.203
2009 09 08 15 45 00 1 5680.203
2009 09 08 16 00 00 1 5680.208
2009 09 08 16 15 00 1 5680.220
2009 09 08 16 30 00 1 5680.242
2009 09 08 16 45 00 1 5680.269
2009 09 08 17 00 00 1 5680.305
2009 09 08 17 15 00 1 5680.343
2009 09 08 17 30 00 1 5680.386
2009 09 08 17 45 00 1 5680.435
2009 09 08 18 00 00 1 5680.486
2009 09 08 18 15 00 1 5680.540
2009 09 08 18 30 00 1 5680.597
2009 09 08 18 45 00 1 5680.653
2009 09 08 19 00 00 1 5680.711
2009 09 08 19 15 00 1 5680.765
2009 09 08 19 30 00 1 5680.821
2009 09 08 19 45 00 1 5680.872
2009 09 08 20 00 00 1 5680.921
2009 09 08 20 15 00 1 5680.963
2009 09 08 20 30 00 1 5680.999
2009 09 08 20 45 00 1 5681.030
2009 09 08 21 00 00 1 5681.053
2009 09 08 21 15 00 1 5681.072
2009 09 08 21 30 00 1 5681.080
2009 09 08 21 45 00 1 5681.082
2009 09 08 22 00 00 1 5681.076
2009 09 08 22 15 00 1 5681.064
2009 09 08 22 30 00 1 5681.043
2009 09 08 22 45 00 1 5681.016
2009 09 08 23 00 00 1 5680.985
2009 09 08 23 15 00 1 5680.950
2009 09 08 23 30 00 1 5680.910
2009 09 08 23 45 00 1 5680.867
2009 09 09 00 00 00 1 5680.818
2009 09 09 00 15 00 1 5680.771
2009 09 09 00 30 00 1 5680.718
2009 09 09 00 45 00 1 5680.664
2009 09 09 01 00 00 1 5680.611
2009 09 09 01 15 00 1 5680.558
2009 09 09 01 30 00 1 5680.510
2009 09 09 01 45 00 1 5680.464
2009 09 09 02 00 00 1 5680.419
2009 09 09 02 15 00 1 5680.378
2009 09 09 02 30 00 1 5680.342
2009 09 09 02 45 00 1 5680.307
2009 09 09 03 00 00 1 5680.282
2009 09 09 03 15 00 1 5680.258
2009 09 09 03 30 00 1 5680.244
2009 09 09 03 45 00 1 5680.238
2009 09 09 04 00 00 1 5680.239
2009 09 09 04 15 00 1 5680.247
2009 09 09 04 30 00 1 5680.261
2009 09 09 04 45 00 1 5680.281
2009 09 09 05 00 00 1 5680.307
2009 09 09 05 15 00 1 5680.340
2009 09 09 05 30 00 1 5680.377
2009 09 09 05 45 00 1 5680.422
2009 09 09 06 00 00 1 5680.468
2009 09 09 06 15 00 1 5680.518
2009 09 09 06 30 00 1 5680.571
2009 09 09 06 45 00 1 5680.627
2009 09 09 07 00 00 1 5680.683
2009 09 09 07 15 00 1 5680.742
2009 09 09 07 30 00 1 5680.799
2009 09 09 07 45 00 1 5680.856
2009 09 09 08 00 00 1 5680.908
2009 09 09 08 15 00 1 5680.955
2009 09 09 08 30 00 1 5681.001
2009 09 09 08 45 00 1 5681.040
2009 09 09 09 00 00 1 5681.072
2009 09 09 09 15 00 1 5681.099
2009 09 09 09 30 00 1 5681.117
2009 09 09 09 45 00 1 5681.127
2009 09 09 10 00 00 1 5681.134
2009 09 09 10 15 00 1 5681.132
2009 09 09 10 30 00 1 5681.122
2009 09 09 10 45 00 1 5681.104
2009 09 09 11 00 00 1 5681.080
2009 09 09 11 15 00 1 5681.052
2009 09 09 11 30 00 1 5681.015
2009 09 09 11 45 00 1 5680.970
2009 09 09 12 00 00 1 5680.923
2009 09 09 12 15 00 1 5680.870
2009 09 09 12 30 00 1 5680.817
2009 09 09 12 45 00 1 5680.760
2009 09 09 13 00 00 1 5680.704
2009 09 09 13 15 00 1 5680.645
2009 09 09 13 30 00 1 5680.585
2009 09 09 13 45 00 1 5680.528
2009 09 09 14 00 00 1 5680.471
2009 09 09 14 15 00 1 5680.415
2009 09 09 14 30 00 1 5680.364
2009 09 09 14 45 00 1 5680.316
2009 09 09 15 00 00 1 5680.276
2009 09 09 15 15 00 1 5680.242
2009 09 09 15 30 00 1 5680.213
2009 09 09 15 45 00 1 5680.191
2009 09 09 16 00 00 1 5680.175
2009 09 09 16 15 00 1 5680.169
2009 09 09 16 30 00 1 5680.172
2009 09 09 16 45 00 1 5680.179
2009 09 09 17 00 00 1 5680.195
2009 09 09 17 15 00 1 5680.217
2009 09 09 17 30 00 1 5680.247
2009 09 09 17 45 00 1 5680.281
2009 09 09 18 00 00 1 5680.320
2009 09 09 18 15 00 1 5680.366
2009 09 09 18 30 00 1 5680.416
2009 09 09 18 45 00 1 5680.469
2009 09 09 19 00 00 1 5680.526
2009 09 09 19 15 00 1 5680.582
2009 09 09 19 30 00 1 5680.639
2009 09 09 19 45 00 1 5680.697
2009 09 09 20 00 00 1 5680.751
2009 09 09 20 15 00 1 5680.801
2009 09 09 20 30 00 1 5680.852
2009 09 09 20 45 00 1 5680.899
2009 09 09 21 00 00 1 5680.941
2009 09 09 21 15 00 1 5680.972
2009 09 09 21 30 00 1 5681.002
2009 09 09 21 45 00 1 5681.021
2009 09 09 22 00 00 1 5681.036
2009 09 09 22 15 00 1 5681.041
2009 09 09 22 30 00 1 5681.044
2009 09 09 22 45 00 1 5681.037
2009 09 09 23 00 00 1 5681.023
2009 09 09 23 15 00 1 5681.005
2009 09 09 23 30 00 1 5680.983
2009 09 09 23 45 00 1 5680.952
2009 09 10 00 00 00 1 5680.915
2009 09 10 00 15 00 1 5680.878
2009 09 10 00 30 00 1 5680.833
2009 09 10 00 45 00 1 5680.787
2009 09 10 01 00 00 1 5680.738
2009 09 10 01 15 00 1 5680.687
2009 09 10 01 30 00 1 5680.636
2009 09 10 01 45 00 1 5680.585
2009 09 10 02 00 00 1 5680.536
2009 09 10 02 15 00 1 5680.486
2009 09 10 02 30 00 1 5680.440
2009 09 10 02 45 00 1 5680.396
2009 09 10 03 00 00 1 5680.358
2009 09 10 03 15 00 1 5680.323
2009 09 10 03 30 00 1 5680.296
2009 09 10 03 45 00 1 5680.273
2009 09 10 04 00 00 1 5680.256
2009 09 10 04 15 00 1 5680.246
2009 09 10 04 30 00 1 5680.239
2009 09 10 04 45 00 1 5680.243
2009 09 10 05 00 00 1 5680.251
2009 09 10 05 15 00 1 5680.266
2009 09 10 05 30 00 1 5680.290
2009 09 10 05 45 00 1 5680.319
2009 09 10 06 00 00 1 5680.352
2009 09 10 06 15 00 1 5680.394
2009 09 10 06 30 00 1 5680.439
2009 09 10 06 45 00 1 5680.489
2009 09 10 07 00 00 1 5680.539
2009 09 10 07 15 00 1 5680.595
2009 09 10 07 30 00 1 5680.650
2009 09 10 07 45 00 1 5680.706
2009 09 10 08 00 00 1 5680.763
2009 09 10 08 15 00 1 5680.818
2009 09 10 08 30 00 1 5680.870
2009 09 10 08 45 00 1 5680.922
2009 09 10 09 00 00 1 5680.969
2009 09 10 09 15 00 1 5681.009
2009 09 10 09 30 00 1 5681.045
2009 09 10 09 45 00 1 5681.076
2009 09 10 10 00 00 1 5681.099
2009 09 10 10 15 00 1 5681.118
2009 09 10 10 30 00 1 5681.129
2009 09 10 10 45 00 1 5681.132
2009 09 10 11 00 00 1 5681.130
2009 09 10 11 15 00 1 5681.120
2009 09 10 11 30 00 1 5681.104
2009 09 10 11 45 00 1 5681.081
2009 09 10 12 00 00 1 5681.049
2009 09 10 12 15 00 1 5681.012
2009 09 10 12 30 00 1 5680.966
2009 09 10 12 45 00 1 5680.918
2009 09 10 13 00 00 1 5680.868
2009 09 10 13 15 00 1 5680.813
2009 09 10 13 30 00 1 5680.755
2009 09 10 13 45 00 1 5680.696
2009 09 10 14 00 00 1 5680.637
2009 09 10 14 15 00 1 5680.577
2009 09 10 14 30 00 1 5680.518
2009 09 10 14 45 00 1 5680.462
2009 09 10 15 00 00 1 5680.414
2009 09 10 15 15 00 1 5680.365
2009 09 10 15 30 00 1 5680.321
2009 09 10 15 45 00 1 5680.281
2009 09 10 16 00 00 1 5680.249
2009 09 10 16 15 00 1 5680.223
2009 09 10 16 30 00 1 5680.205
2009 09 10 16 45 00 1 5680.191
2009 09 10 17 00 00 1 5680.187
2009 09 10 17 15 00 1 5680.190
2009 09 10 17 30 00 1 5680.198
2009 09 10 17 45 00 1 5680.213
2009 09 10 18 00 00 1 5680.238
2009 09 10 18 15 00 1 5680.264
2009 09 10 18 30 00 1 5680.299
2009 09 10 18 45 00 1 5680.337
2009 09 10 19 00 00 1 5680.381
2009 09 10 19 15 00 1 5680.429
2009 09 10 19 30 00 1 5680.478
2009 09 10 19 45 00 1 5680.533
2009 09 10 20 00 00 1 5680.587
2009 09 10 20 15 00 1 5680.642
2009 09 10 20 30 00 1 5680.697
2009 09 10 20 45 00 1 5680.751
2009 09 10 21 00 00 1 5680.803
2009 09 10 21 15 00 1 5680.852
2009 09 10 21 30 00 1 5680.895
2009 09 10 21 45 00 1 5680.934
2009 09 10 22 00 00 1 5680.967
2009 09 10 22 15 00 1 5680.993
2009 09 10 22 30 00 1 5681.016
2009 09 10 22 45 00 1 5681.029
2009 09 10 23 00 00 1 5681.035
2009 09 10 23 15 00 1 5681.035
2009 09 10 23 30 00 1 5681.032
2009 09 10 23 45 00 1 5681.018
2009 09 11 00 00 00 1 5681.002
2009 09 11 00 15 00 1 5680.980
2009 09 11 00 30 00 1 5680.952
2009 09 11 00 45 00 1 5680.918
2009 09 11 01 00 00 1 5680.880
2009 09 11 01 15 00 1 5680.838
2009 09 11 01 30 00 1 5680.793
2009 09 11 01 45 00 1 5680.744
2009 09 11 02 00 00 1 5680.696
2009 09 11 02 15 00 1 5680.648
2009 09 11 02 30 00 1 5680.601
2009 09 11 02 45 00 1 5680.553
2009 09 11 03 00 00 1 5680.506
2009 09 11 03 15 00 1 5680.463
2009 09 11 03 30 00 1 5680.421
2009 09 11 03 45 00 1 5680.383
2009 09 11 04 00 00 1 5680.352
2009 09 11 04 15 00 1 5680.324
2009 09 11 04 30 00 1 5680.301
2009 09 11 04 45 00 1 5680.282
2009 09 11 05 00 00 1 5680.273
2009 09 11 05 15 00 1 5680.268
2009 09 11 05 30 00 1 5680.271
2009 09 11 05 45 00 1 5680.280
2009 09 11 06 00 00 1 5680.293
2009 09 11 06 15 00 1 5680.316
2009 09 11 06 30 00 1 5680.345
2009 09 11 06 45 00 1 5680.381
2009 09 11 07 00 00 1 5680.420
2009 09 11 07 15 00 1 5680.464
2009 09 11 07 30 00 1 5680.512
2009 09 11 07 45 00 1 5680.563
2009 09 11 08 00 00 1 5680.618
2009 09 11 08 15 00 1 5680.669
2009 09 11 08 30 00 1 5680.726
2009 09 11 08 45 00 1 5680.781
2009 09 11 09 00 00 1 5680.834
2009 09 11 09 15 00 1 5680.887
2009 09 11 09 30 00 1 5680.934
2009 09 11 09 45 00 1 5680.981
2009 09 11 10 00 00 1 5681.020
2009 09 11 10 15 00 1 5681.055
2009 09 11 10 30 00 1 5681.089
2009 09 11 10 45 00 1 5681.114
2009 09 11 11 00 00 1 5681.134
2009 09 11 11 15 00 1 5681.143
2009 09 11 11 30 00 1 5681.149
2009 09 11 11 45 00 1 5681.144
2009 09 11 12 00 00 1 5681.134
2009 09 11 12 15 00 1 5681.115
2009 09 11 12 30 00 1 5681.091
2009 09 11 12 45 00 1 5681.062
2009 09 11 13 00 00 1 5681.030
2009 09 11 13 15 00 1 5680.991
2009 09 11 13 30 00 1 5680.947
2009 09 11 13 45 00 1 5680.901
2009 09 11 14 00 00 1 5680.846
2009 09 11 14 15 00 1 5680.789
2009 09 11 14 30 00 1 5680.732
2009 09 11 14 45 00 1 5680.672
2009 09 11 15 00 00 1 5680.617
2009 09 11 15 15 00 1 5680.560
2009 09 11 15 30 00 1 5680.504
2009 09 11 15 45 00 1 5680.452
2009 09 11 16 00 00 1 5680.402
2009 09 11 16 15 00 1 5680.361
2009 09 11 16 30 00 1 5680.322
2009 09 11 16 45 00 1 5680.289
2009 09 11 17 00 00 1 5680.264
2009 09 11 17 15 00 1 5680.243
2009 09 11 17 30 00 1 5680.231
2009 09 11 17 45 00 1 5680.222
2009 09 11 18 00 00 1 5680.223
2009 09 11 18 15 00 1 5680.231
2009 09 11 18 30 00 1 5680.243
2009 09 11 18 45 00 1 5680.263
2009 09 11 19 00 00 1 5680.289
2009 09 11 19 15 00 1 5680.317
2009 09 11 19 30 00 1 5680.354
2009 09 11 19 45 00 1 5680.394
2009 09 11 20 00 00 1 5680.441
2009 09 11 20 15 00 1 5680.490
2009 09 11 20 30 00 1 5680.541
2009 09 11 20 45 00 1 5680.596
2009 09 11 21 00 00 1 5680.648
2009 09 11 21 15 00 1 5680.701
2009 09 11 21 30 00 1 5680.750
2009 09 11 21 45 00 1 5680.801
2009 09 11 22 00 00 1 5680.846
2009 09 11 22 15 00 1 5680.886
2009 09 11 22 30 00 1 5680.923
2009 09 11 22 45 00 1 5680.956
2009 09 11 23 00 00 1 5680.986
2009 09 11 23 15 00 1 5681.008
2009 09 11 23 30 00 1 5681.022
2009 09 11 23 45 00 1 5681.035
2009 09 12 00 00 00 1 5681.036
2009 09 12 00 15 00 1 5681.035
2009 09 12 00 30 00 1 5681.026
2009 09 12 00 45 00 1 5681.010
2009 09 12 01 00 00 1 5680.989
2009 09 12 01 15 00 1 5680.965
2009 09 12 01 30 00 1 5680.936
2009 09 12 01 45 00 1 5680.904
2009 09 12 02 00 00 1 5680.863
2009 09 12 02 15 00 1 5680.819
2009 09 12 02 30 00 1 5680.780
2009 09 12 02 45 00 1 5680.732
2009 09 12 03 00 00 1 5680.686
2009 09 12 03 15 00 1 5680.638
2009 09 12 03 30 00 1 5680.592
2009 09 12 03 45 00 1 5680.545
2009 09 12 04 00 00 1 5680.503
2009 09 12 04 15 00 1 5680.462
2009 09 12 04 30 00 1 5680.426
2009 09 12 04 45 00 1 5680.392
2009 09 12 05 00 00 1 5680.363
2009 09 12 05 15 00 1 5680.339
2009 09 12 05 30 00 1 5680.324
2009 09 12 05 45 00 1 5680.313
2009 09 12 06 00 00 1 5680.309
2009 09 12 06 15 00 1 5680.308
2009 09 12 06 30 00 1 5680.317
2009 09 12 06 45 00 1 5680.329
2009 09 12 07 00 00 1 5680.351
2009 09 12 07 15 00 1 5680.378
2009 09 12 07 30 00 1 5680.409
2009 09 12 07 45 00 1 5680.440
2009 09 12 08 00 00 1 5680.480
2009 09 12 08 15 00 1 5680.522
2009 09 12 08 30 00 1 5680.570
2009 09 12 08 45 00 1 5680.617
2009 09 12 09 00 00 1 5680.667
2009 09 12 09 15 00 1 5680.720
2009 09 12 09 30 00 1 5680.770
2009 09 12 09 45 00 1 5680.821
2009 09 12 10 00 00 1 5680.873
2009 09 12 10 15 00 1 5680.919
2009 09 12 10 30 00 1 5680.963
2009 09 12 10 45 00 1 5681.005
2009 09 12 11 00 00 1 5681.045
2009 09 12 11 15 00 1 5681.072
2009 09 12 11 30 00 1 5681.097
2009 09 12 11 45 00 1 5681.113
2009 09 12 12 00 00 1 5681.126
2009 09 12 12 15 00 1 5681.132
2009 09 12 12 30 00 1 5681.131
2009 09 12 12 45 00 1 5681.124
2009 09 12 13 00 00 1 5681.110
2009 09 12 13 15 00 1 5681.093
2009 09 12 13 30 00 1 5681.067
2009 09 12 13 45 00 1 5681.036
2009 09 12 14 00 00 1 5681.000
2009 09 12 14 15 00 1 5680.960
2009 09 12 14 30 00 1 5680.915
2009 09 12 14 45 00 1 5680.864
2009 09 12 15 00 00 1 5680.811
2009 09 12 15 15 00 1 5680.757
2009 09 12 15 30 00 1 5680.702
2009 09 12 15 45 00 1 5680.643
2009 09 12 16 00 00 1 5680.592
2009 09 12 16 15 00 1 5680.539
2009 09 12 16 30 00 1 5680.487
2009 09 12 16 45 00 1 5680.440
2009 09 12 17 00 00 1 5680.395
2009 09 12 17 15 00 1 5680.356
2009 09 12 17 30 00 1 5680.320
2009 09 12 17 45 00 1 5680.292
2009 09 12 18 00 00 1 5680.267
2009 09 12 18 15 00 1 5680.247
2009 09 12 18 30 00 1 5680.237
2009 09 12 18 45 00 1 5680.232
2009 09 12 19 00 00 1 5680.234
2009 09 12 19 15 00 1 5680.240
2009 09 12 19 30 00 1 5680.253
2009 09 12 19 45 00 1 5680.270
2009 09 12 20 00 00 1 5680.300
2009 09 12 20 15 00 1 5680.332
2009 09 12 20 30 00 1 5680.365
2009 09 12 20 45 00 1 5680.404
2009 09 12 21 00 00 1 5680.445
2009 09 12 21 15 00 1 5680.491
2009 09 12 21 30 00 1 5680.541
2009 09 12 21 45 00 1 5680.590
2009 09 12 22 00 00 1 5680.638
2009 09 12 22 15 00 1 5680.686
2009 09 12 22 30 00 1 5680.735
2009 09 12 22 45 00 1 5680.778
2009 09 12 23 00 00 1 5680.822
2009 09 12 23 15 00 1 5680.862
2009 09 12 23 30 00 1 5680.898
2009 09 12 23 45 00 1 5680.931
2009 09 13 00 00 00 1 5680.960
2009 09 13 00 15 00 1 5680.979
2009 09 13 00 30 00 1 5680.990
2009 09 13 00 45 00 1 5681.004
2009 09 13 01 00 00 1 5681.003
2009 09 13 01 15 00 1 5680.998
2009 09 13 01 30 00 1 5680.988
2009 09 13 01 45 00 1 5680.972
2009 09 13 02 00 00 1 5680.950
2009 09 13 02 15 00 1 5680.922
2009 09 13 02 30 00 1 5680.894
2009 09 13 02 45 00 1 5680.859
2009 09 13 03 00 00 1 5680.819
2009 09 13 03 15 00 1 5680.779
2009 09 13 03 30 00 1 5680.736
2009 09 13 03 45 00 1 5680.694
2009 09 13 04 00 00 1 5680.650
2009 09 13 04 15 00 1 5680.605
2009 09 13 04 30 00 1 5680.560
2009 09 13 04 45 00 1 5680.516
2009 09 13 05 00 00 1 5680.476
2009 09 13 05 15 00 1 5680.438
2009 09 13 05 30 00 1 5680.401
2009 09 13 05 45 00 1 5680.371
2009 09 13 06 00 00 1 5680.343
2009 09 13 06 15 00 1 5680.323
2009 09 13 06 30 00 1 5680.309
2009 09 13 06 45 00 1 5680.300
2009 09 13 07 00 00 1 5680.295
2009 09 13 07 15 00 1 5680.298
2009 09 13 07 30 00 1 5680.308
2009 09 13 07 45 00 1 5680.322
2009 09 13 08 00 00 1 5680.343
2009 09 13 08 15 00 1 5680.369
2009 09 13 08 30 00 1 5680.399
2009 09 13 08 45 00 1 5680.432
2009 09 13 09 00 00 1 5680.469
2009 09 13 09 15 00 1 5680.508
2009 09 13 09 30 00 1 5680.552
2009 09 13 09 45 00 1 5680.600
2009 09 13 10 00 00 1 5680.649
2009 09 13 10 15 00 1 5680.699
2009 09 13 10 30 00 1 5680.749
2009 09 13 10 45 00 1 5680.799
2009 09 13 11 00 00 1 5680.846
2009 09 13 11 15 00 1 5680.891
2009 09 13 11 30 00 1 5680.934
2009 09 13 11 45 00 1 5680.974
2009 09 13 12 00 00 1 5681.006
2009 09 13 12 15 00 1 5681.034
2009 09 13 12 30 00 1 5681.059
2009 09 13 12 45 00 1 5681.076
2009 09 13 13 00 00 1 5681.085
2009 09 13 13 15 00 1 5681.090
2009 09 13 13 30 00 1 5681.089
2009 09 13 13 45 00 1 5681.079
2009 09 13 14 00 00 1 5681.065
2009 09 13 14 15 00 1 5681.047
2009 09 13 14 30 00 1 5681.018
2009 09 13 14 45 00 1 5680.986
2009 09 13 15 00 00 1 5680.955
2009 09 13 15 15 00 1 5680.912
2009 09 13 15 30 00 1 5680.868
2009 09 13 15 45 00 1 5680.819
2009 09 13 16 00 00 1 5680.769
2009 09 13 16 15 00 1 5680.714
2009 09 13 16 30 00 1 5680.662
2009 09 13 16 45 00 1 5680.610
2009 09 13 17 00 00 1 5680.558
2009 09 13 17 15 00 1 5680.506
2009 09 13 17 30 00 1 5680.454
2009 09 13 17 45 00 1 5680.409
2009 09 13 18 00 00 1 5680.367
2009 09 13 18 15 00 1 5680.327
2009 09 13 18 30 00 1 5680.292
2009 09 13 18 45 00 1 5680.263
2009 09 13 19 00 00 1 5680.236
2009 09 13 19 15 00 1 5680.219
2009 09 13 19 30 00 1 5680.206
2009 09 13 19 45 00 1 5680.200
2009 09 13 20 00 00 1 5680.201
2009 09 13 20 15 00 1 5680.209
2009 09 13 20 30 00 1 5680.222
2009 09 13 20 45 00 1 5680.241
2009 09 13 21 00 00 1 5680.267
2009 09 13 21 15 00 1 5680.296
2009 09 13 21 30 00 1 5680.332
2009 09 13 21 45 00 1 5680.371
2009 09 13 22 00 00 1 5680.414
2009 09 13 22 15 00 1 5680.457
2009 09 13 22 30 00 1 5680.501
2009 09 13 22 45 00 1 5680.549
2009 09 13 23 00 00 1 5680.599
2009 09 13 23 15 00 1 5680.645
2009 09 13 23 30 00 1 5680.692
2009 09 13 23 45 00 1 5680.735
2009 09 14 00 00 00 1 5680.779
2009 09 14 00 15 00 1 5680.818
2009 09 14 00 30 00 1 5680.850
2009 09 14 00 45 00 1 5680.883
2009 09 14 01 00 00 1 5680.909
2009 09 14 01 15 00 1 5680.927
2009 09 14 01 30 00 1 5680.940
2009 09 14 01 45 00 1 5680.946
2009 09 14 02 00 00 1 5680.948
2009 09 14 02 15 00 1 5680.945
2009 09 14 02 30 00 1 5680.937
2009 09 14 02 45 00 1 5680.923
2009 09 14 03 00 00 1 5680.904
2009 09 14 03 15 00 1 5680.880
2009 09 14 03 30 00 1 5680.847
2009 09 14 03 45 00 1 5680.814
2009 09 14 04 00 00 1 5680.776
2009 09 14 04 15 00 1 5680.737
2009 09 14 04 30 00 1 5680.697
2009 09 14 04 45 00 1 5680.653
2009 09 14 05 00 00 1 5680.610
2009 09 14 05 15 00 1 5680.567
2009 09 14 05 30 00 1 5680.524
2009 09 14 05 45 00 1 5680.483
2009 09 14 06 00 00 1 5680.439
2009 09 14 06 15 00 1 5680.403
2009 09 14 06 30 00 1 5680.370
2009 09 14 06 45 00 1 5680.341
2009 09 14 07 00 00 1 5680.318
2009 09 14 07 15 00 1 5680.299
2009 09 14 07 30 00 1 5680.285
2009 09 14 07 45 00 1 5680.278
2009 09 14 08 00 00 1 5680.274
2009 09 14 08 15 00 1 5680.276
2009 09 14 08 30 00 1 5680.284
2009 09 14 08 45 00 1 5680.297
2009 09 14 09 00 00 1 5680.315
2009 09 14 09 15 00 1 5680.338
2009 09 14 09 30 00 1 5680.366
2009 09 14 09 45 00 1 5680.402
2009 09 14 10 00 00 1 5680.439
2009 09 14 10 15 00 1 5680.481
2009 09 14 10 30 00 1 5680.527
2009 09 14 10 45 00 1 5680.578
2009 09 14 11 00 00 1 5680.624
2009 09 14 11 15 00 1 5680.674
2009 09 14 11 30 00 1 5680.723
2009 09 14 11 45 00 1 5680.773
2009 09 14 12 00 00 1 5680.822
2009 09 14 12 15 00 1 5680.864
2009 09 14 12 30 00 1 5680.908
2009 09 14 12 45 00 1 5680.945
2009 09 14 13 00 00 1 5680.979
2009 09 14 13 15 00 1 5681.005
2009 09 14 13 30 00 1 5681.029
2009 09 14 13 45 00 1 5681.048
2009 09 14 14 00 00 1 5681.061
2009 09 14 14 15 00 1 5681.066
2009 09 14 14 30 00 1 5681.065
2009 09 14 14 45 00 1 5681.057
2009 09 14 15 00 00 1 5681.043
2009 09 14 15 15 00 1 5681.026
2009 09 14 15 30 00 1 5681.002
2009 09 14 15 45 00 1 5680.973
2009 09 14 16 00 00 1 5680.940
2009 09 14 16 15 00 1 5680.902
2009 09 14 16 30 00 1 5680.862
2009 09 14 16 45 00 1 5680.815
2009 09 14 17 00 00 1 5680.767
2009 09 14 17 15 00 1 5680.715
2009 09 14 17 30 00 1 5680.666
2009 09 14 17 45 00 1 5680.612
2009 09 14 18 00 00 1 5680.559
2009 09 14 18 15 00 1 5680.509
2009 09 14 18 30 00 1 5680.459
2009 09 14 18 45 00 1 5680.414
2009 09 14 19 00 00 1 5680.367
2009 09 14 19 15 00 1 5680.327
2009 09 14 19 30 00 1 5680.291
2009 09 14 19 45 00 1 5680.261
2009 09 14 20 00 00 1 5680.237
2009 09 14 20 15 00 1 5680.216
2009 09 14 20 30 00 1 5680.204
2009 09 14 20 45 00 1 5680.200
2009 09 14 21 00 00 1 5680.200
2009 09 14 21 15 00 1 5680.205
2009 09 14 21 30 00 1 5680.220
2009 09 14 21 45 00 1 5680.237
2009 09 14 22 00 00 1 5680.261
2009 09 14 22 15 00 1 5680.288
2009 09 14 22 30 00 1 5680.322
2009 09 14 22 45 00 1 5680.360
2009 09 14 23 00 00 1 5680.401
2009 09 14 23 15 00 1 5680.444
2009 09 14 23 30 00 1 5680.490
2009 09 14 23 45 00 1 5680.537
2009 09 15 00 00 00 1 5680.584
2009 09 15 00 15 00 1 5680.637
2009 09 15 00 30 00 1 5680.683
2009 09 15 00 45 00 1 5680.729
2009 09 15 01 00 00 1 5680.771
2009 09 15 01 15 00 1 5680.810
2009 09 15 01 30 00 1 5680.847
2009 09 15 01 45 00 1 5680.878
2009 09 15 02 00 00 1 5680.908
2009 09 15 02 15 00 1 5680.930
2009 09 15 02 30 00 1 5680.947
2009 09 15 02 45 00 1 5680.957
2009 09 15 03 00 00 1 5680.965
2009 09 15 03 15 00 1 5680.963
2009 09 15 03 30 00 1 5680.953
2009 09 15 03 45 00 1 5680.940
2009 09 15 04 00 00 1 5680.920
2009 09 15 04 15 00 1 5680.896
2009 09 15 04 30 00 1 5680.870
2009 09 15 04 45 00 1 5680.837
2009 09 15 05 00 00 1 5680.801
2009 09 15 05 15 00 1 5680.763
2009 09 15 05 30 00 1 5680.721
2009 09 15 05 45 00 1 5680.677
2009 09 15 06 00 00 1 5680.636
2009 09 15 06 15 00 1 5680.590
2009 09 15 06 30 00 1 5680.546
2009 09 15 06 45 00 1 5680.503
2009 09 15 07 00 00 1 5680.462
2009 09 15 07 15 00 1 5680.421
2009 09 15 07 30 00 1 5680.387
2009 09 15 07 45 00 1 5680.357
2009 09 15 08 00 00 1 5680.330
2009 09 15 08 15 00 1 5680.308
2009 09 15 08 30 00 1 5680.289
2009 09 15 08 45 00 1 5680.276
2009 09 15 09 00 00 1 5680.267
2009 09 15 09 15 00 1 5680.263
2009 09 15 09 30 00 1 5680.270
2009 09 15 09 45 00 1 5680.281
2009 09 15 10 00 00 1 5680.300
2009 09 15 10 15 00 1 5680.323
2009 09 15 10 30 00 1 5680.348
2009 09 15 10 45 00 1 5680.382
2009 09 15 11 00 00 1 5680.417
2009 09 15 11 15 00 1 5680.457
2009 09 15 11 30 00 1 5680.501
2009 09 15 11 45 00 1 5680.545
2009 09 15 12 00 00 1 5680.595
2009 09 15 12 15 00 1 5680.646
2009 09 15 12 30 00 1 5680.695
2009 09 15 12 45 00 1 5680.747
2009 09 15 13 00 00 1 5680.795
2009 09 15 13 15 00 1 5680.842
2009 09 15 13 30 00 1 5680.888
2009 09 15 13 45 00 1 5680.929
2009 09 15 14 00 00 1 5680.967
2009 09 15 14 15 00 1 5680.998
2009 09 15 14 30 00 1 5681.025
2009 09 15 14 45 00 1 5681.048
2009 09 15 15 00 00 1 5681.064
2009 09 15 15 15 00 1 5681.073
2009 09 15 15 30 00 1 5681.078
2009 09 15 15 45 00 1 5681.078
2009 09 15 16 00 00 1 5681.070
2009 09 15 16 15 00 1 5681.055
2009 09 15 16 30 00 1 5681.036
2009 09 15 16 45 00 1 5681.009
2009 09 15 17 00 00 1 5680.978
2009 09 15 17 15 00 1 5680.942
2009 09 15 17 30 00 1 5680.901
2009 09 15 17 45 00 1 5680.858
2009 09 15 18 00 00 1 5680.808
2009 09 15 18 15 00 1 5680.754
2009 09 15 18 30 00 1 5680.700
2009 09 15 18 45 00 1 5680.644
2009 09 15 19 00 00 1 5680.589
2009 09 15 19 15 00 1 5680.534
2009 09 15 19 30 00 1 5680.481
2009 09 15 19 45 00 1 5680.430
2009 09 15 20 00 00 1 5680.384
2009 09 15 20 15 00 1 5680.342
2009 09 15 20 30 00 1 5680.301
2009 09 15 20 45 00 1 5680.270
2009 09 15 21 00 00 1 5680.245
2009 09 15 21 15 00 1 5680.222
2009 09 15 21 30 00 1 5680.207
2009 09 15 21 45 00 1 5680.198
2009 09 15 22 00 00 1 5680.197
2009 09 15 22 15 00 1 5680.201
2009 09 15 22 30 00 1 5680.212
2009 09 15 22 45 00 1 5680.228
2009 09 15 23 00 00 1 5680.253
2009 09 15 23 15 00 1 5680.281
2009 09 15 23 30 00 1 5680.316
2009 09 15 23 45 00 1 5680.355
2009 09 16 00 00 00 1 5680.397
2009 09 16 00 15 00 1 5680.445
2009 09 16 00 30 00 1 5680.492
2009 09 16 00 45 00 1 5680.543
2009 09 16 01 00 00 1 5680.596
2009 09 16 01 15 00 1 5680.646
2009 09 16 01 30 00 1 5680.698
2009 09 16 01 45 00 1 5680.746
2009 09 16 02 00 00 1 5680.794
2009 09 16 02 15 00 1 5680.839
2009 09 16 02 30 00 1 5680.880
2009 09 16 02 45 00 1 5680.918
2009 09 16 03 00 00 1 5680.950
2009 09 16 03 15 00 1 5680.975
2009 09 16 03 30 00 1 5680.996
2009 09 16 03 45 00 1 5681.010
2009 09 16 04 00 00 1 5681.015
2009 09 16 04 15 00 1 5681.016
2009 09 16 04 30 00 1 5681.014
2009 09 16 04 45 00 1 5680.999
2009 09 16 05 00 00 1 5680.982
2009 09 16 05 15 00 1 5680.958
2009 09 16 05 30 00 1 5680.926
2009 09 16 05 45 00 1 5680.896
2009 09 16 06 00 00 1 5680.859
2009 09 16 06 15 00 1 5680.818
2009 09 16 06 30 00 1 5680.774
2009 09 16 06 45 00 1 5680.726
2009 09 16 07 00 00 1 5680.680
2009 09 16 07 15 00 1 5680.634
2009 09 16 07 30 00 1 5680.584
2009 09 16 07 45 00 1 5680.537
2009 09 16 08 00 00 1 5680.489
2009 09 16 08 15 00 1 5680.445
2009 09 16 08 30 00 1 5680.404
2009 09 16 08 45 00 1 5680.368
2009 09 16 09 00 00 1 5680.333
2009 09 16 09 15 00 1 5680.303
2009 09 16 09 30 00 1 5680.279
2009 09 16 09 45 00 1 5680.263
2009 09 16 10 00 00 1 5680.251
2009 09 16 10 15 00 1 5680.248
2009 09 16 10 30 00 1 5680.247
2009 09 16 10 45 00 1 5680.254
2009 09 16 11 00 00 1 5680.269
2009 09 16 11 15 00 1 5680.288
2009 09 16 11 30 00 1 5680.316
2009 09 16 11 45 00 1 5680.346
2009 09 16 12 00 00 1 5680.381
2009 09 16 12 15 00 1 5680.421
2009 09 16 12 30 00 1 5680.465
2009 09 16 12 45 00 1 5680.514
2009 09 16 13 00 00 1 5680.567
2009 09 16 13 15 00 1 5680.619
2009 09 16 13 30 00 1 5680.674
2009 09 16 13 45 00 1 5680.729
2009 09 16 14 00 00 1 5680.783
2009 09 16 14 15 00 1 5680.834
2009 09 16 14 30 00 1 5680.884
2009 09 16 14 45 00 1 5680.930
2009 09 16 15 00 00 1 5680.973
2009 09 16 15 15 00 1 5681.014
2009 09 16 15 30 00 1 5681.047
2009 09 16 15 45 00 1 5681.073
2009 09 16 16 00 00 1 5681.095
2009 09 16 16 15 00 1 5681.110
2009 09 16 16 30 00 1 5681.119
2009 09 16 16 45 00 1 5681.119
2009 09 16 17 00 00 1 5681.113
2009 09 16 17 15 00 1 5681.101
2009 09 16 17 30 00 1 5681.082
2009 09 16 17 45 00 1 5681.057
2009 09 16 18 00 00 1 5681.026
2009 09 16 18 15 00 1 5680.987
2009 09 16 18 30 00 1 5680.944
2009 09 16 18 45 00 1 5680.893
2009 09 16 19 00 00 1 5680.843
2009 09 16 19 15 00 1 5680.788
2009 09 16 19 30 00 1 5680.730
2009 09 16 19 45 00 1 5680.671
2009 09 16 20 00 00 1 5680.615
2009 09 16 20 15 00 1 5680.556
2009 09 16 20 30 00 1 5680.501
2009 09 16 20 45 00 1 5680.446
2009 09 16 21 00 00 1 5680.394
2009 09 16 21 15 00 1 5680.348
2009 09 16 21 30 00 1 5680.307
2009 09 16 21 45 00 1 5680.269
2009 09 16 22 00 00 1 5680.238
2009 09 16 22 15 00 1 5680.216
2009 09 16 22 30 00 1 5680.196
2009 09 16 22 45 00 1 5680.185
2009 09 16 23 00 00 1 5680.181
2009 09 16 23 15 00 1 5680.184
2009 09 16 23 30 00 1 5680.196
2009 09 16 23 45 00 1 5680.215
2009 09 17 00 00 00 1 5680.240
2009 09 17 00 15 00 1 5680.270
2009 09 17 00 30 00 1 5680.307
2009 09 17 00 45 00 1 5680.348
2009 09 17 01 00 00 1 5680.399
2009 09 17 01 15 00 1 5680.449
2009 09 17 01 30 00 1 5680.503
2009 09 17 01 45 00 1 5680.560
2009 09 17 02 00 00 1 5680.614
2009 09 17 02 15 00 1 5680.671
2009 09 17 02 30 00 1 5680.729
2009 09 17 02 45 00 1 5680.782
2009 09 17 03 00 00 1 5680.839
2009 09 17 03 15 00 1 5680.889
2009 09 17 03 30 00 1 5680.935
2009 09 17 03 45 00 1 5680.978
2009 09 17 04 00 00 1 5681.016
2009 09 17 04 15 00 1 5681.044
2009 09 17 04 30 00 1 5681.067
2009 09 17 04 45 00 1 5681.083
2009 09 17 05 00 00 1 5681.091
2009 09 17 05 15 00 1 5681.094
2009 09 17 05 30 00 1 5681.090
2009 09 17 05 45 00 1 5681.077
2009 09 17 06 00 00 1 5681.061
2009 09 17 06 15 00 1 5681.035
2009 09 17 06 30 00 1 5681.004
2009 09 17 06 45 00 1 5680.969
2009 09 17 07 00 00 1 5680.929
2009 09 17 07 15 00 1 5680.883
2009 09 17 07 30 00 1 5680.834
2009 09 17 07 45 00 1 5680.784
2009 09 17 08 00 00 1 5680.728
2009 09 17 08 15 00 1 5680.674
2009 09 17 08 30 00 1 5680.621
2009 09 17 08 45 00 1 5680.564
2009 09 17 09 00 00 1 5680.510
2009 09 17 09 15 00 1 5680.460
2009 09 17 09 30 00 1 5680.412
2009 09 17 09 45 00 1 5680.365
2009 09 17 10 00 00 1 5680.326
2009 09 17 10 15 00 1 5680.294
2009 09 17 10 30 00 1 5680.267
2009 09 17 10 45 00 1 5680.247
2009 09 17 11 00 00 1 5680.232
2009 09 17 11 15 00 1 5680.223
2009 09 17 11 30 00 1 5680.223
2009 09 17 11 45 00 1 5680.231
2009 09 17 12 00 00 1 5680.239
2009 09 17 12 15 00 1 5680.262
2009 09 17 12 30 00 1 5680.287
2009 09 17 12 45 00 1 5680.320
2009 09 17 13 00 00 1 5680.354
2009 09 17 13 15 00 1 5680.398
2009 09 17 13 30 00 1 5680.446
2009 09 17 13 45 00 1 5680.496
2009 09 17 14 00 00 1 5680.550
2009 09 17 14 15 00 1 5680.610
2009 09 17 14 30 00 1 5680.668
2009 09 17 14 45 00 1 5680.726
2009 09 17 15 00 00 1 5680.783
2009 09 17 15 15 00 1 5680.839
2009 09 17 15 30 00 1 5680.898
2009 09 17 15 45 00 1 5680.951
2009 09 17 16 00 00 1 5681.001
2009 09 17 16 15 00 1 5681.045
2009 09 17 16 30 00 1 5681.083
2009 09 17 16 45 00 1 5681.117
2009 09 17 17 00 00 1 5681.141
2009 09 17 17 15 00 1 5681.159
2009 09 17 17 30 00 1 5681.172
2009 09 17 17 45 00 1 5681.174
2009 09 17 18 00 00 1 5681.171
2009 09 17 18 15 00 1 5681.159
2009 09 17 18 30 00 1 5681.137
2009 09 17 18 45 00 1 5681.106
2009 09 17 19 00 00 1 5681.069
2009 09 17 19 15 00 1 5681.030
2009 09 17 19 30 00 1 5680.981
2009 09 17 19 45 00 1 5680.930
2009 09 17 20 00 00 1 5680.870
2009 09 17 20 15 00 1 5680.811
2009 09 17 20 30 00 1 5680.746
2009 09 17 20 45 00 1 5680.684
2009 09 17 21 00 00 1 5680.621
2009 09 17 21 15 00 1 5680.558
2009 09 17 21 30 00 1 5680.496
2009 09 17 21 45 00 1 5680.436
2009 09 17 22 00 00 1 5680.383
2009 09 17 22 15 00 1 5680.332
2009 09 17 22 30 00 1 5680.287
2009 09 17 22 45 00 1 5680.248
2009 09 17 23 00 00 1 5680.217
2009 09 17 23 15 00 1 5680.193
2009 09 17 23 30 00 1 5680.176
2009 09 17 23 45 00 1 5680.164
2009 09 18 00 00 00 1 5680.164
2009 09 18 00 15 00 1 5680.170
2009 09 18 00 30 00 1 5680.184
2009 09 18 00 45 00 1 5680.205
2009 09 18 01 00 00 1 5680.230
2009 09 18 01 15 00 1 5680.264
2009 09 18 01 30 00 1 5680.302
2009 09 18 01 45 00 1 5680.345
2009 09 18 02 00 00 1 5680.400
2009 09 18 02 15 00 1 5680.455
2009 09 18 02 30 00 1 5680.516
2009 09 18 02 45 00 1 5680.579
2009 09 18 03 00 00 1 5680.645
2009 09 18 03 15 00 1 5680.708
2009 09 18 03 30 00 1 5680.773
2009 09 18 03 45 00 1 5680.836
2009 09 18 04 00 00 1 5680.894
2009 09 18 04 15 00 1 5680.946
2009 09 18 04 30 00 1 5680.996
2009 09 18 04 45 00 1 5681.038
2009 09 18 05 00 00 1 5681.078
2009 09 18 05 15 00 1 5681.109
2009 09 18 05 30 00 1 5681.135
2009 09 18 05 45 00 1 5681.151
2009 09 18 06 00 00 1 5681.160
2009 09 18 06 15 00 1 5681.160
2009 09 18 06 30 00 1 5681.154
2009 09 18 06 45 00 1 5681.140
2009 09 18 07 00 00 1 5681.119
2009 09 18 07 15 00 1 5681.089
2009 09 18 07 30 00 1 5681.055
2009 09 18 07 45 00 1 5681.012
2009 09 18 08 00 00 1 5680.967
2009 09 18 08 15 00 1 5680.916
2009 09 18 08 30 00 1 5680.858
2009 09 18 08 45 00 1 5680.801
2009 09 18 09 00 00 1 5680.738
2009 09 18 09 15 00 1 5680.676
2009 09 18 09 30 00 1 5680.616
2009 09 18 09 45 00 1 5680.556
2009 09 18 10 00 00 1 5680.496
2009 09 18 10 15 00 1 5680.440
2009 09 18 10 30 00 1 5680.390
2009 09 18 10 45 00 1 5680.344
2009 09 18 11 00 00 1 5680.301
2009 09 18 11 15 00 1 5680.264
2009 09 18 11 30 00 1 5680.233
2009 09 18 11 45 00 1 5680.209
2009 09 18 12 00 00 1 5680.191
2009 09 18 12 15 00 1 5680.180
2009 09 18 12 30 00 1 5680.179
2009 09 18 12 45 00 1 5680.184
2009 09 18 13 00 00 1 5680.196
2009 09 18 13 15 00 1 5680.215
2009 09 18 13 30 00 1 5680.243
2009 09 18 13 45 00 1 5680.274
2009 09 18 14 00 00 1 5680.318
2009 09 18 14 15 00 1 5680.363
2009 09 18 14 30 00 1 5680.415
2009 09 18 14 45 00 1 5680.472
2009 09 18 15 00 00 1 5680.531
2009 09 18 15 15 00 1 5680.592
2009 09 18 15 30 00 1 5680.656
2009 09 18 15 45 00 1 5680.723
2009 09 18 16 00 00 1 5680.790
2009 09 18 16 15 00 1 5680.855
2009 09 18 16 30 00 1 5680.915
2009 09 18 16 45 00 1 5680.970
2009 09 18 17 00 00 1 5681.025
2009 09 18 17 15 00 1 5681.073
2009 09 18 17 30 00 1 5681.115
2009 09 18 17 45 00 1 5681.149
2009 09 18 18 00 00 1 5681.175
2009 09 18 18 15 00 1 5681.192
2009 09 18 18 30 00 1 5681.200
2009 09 18 18 45 00 1 5681.201
2009 09 18 19 00 00 1 5681.196
2009 09 18 19 15 00 1 5681.182
2009 09 18 19 30 00 1 5681.156
2009 09 18 19 45 00 1 5681.124
2009 09 18 20 00 00 1 5681.086
2009 09 18 20 15 00 1 5681.039
2009 09 18 20 30 00 1 5680.987
2009 09 18 20 45 00 1 5680.931
2009 09 18 21 00 00 1 5680.869
2009 09 18 21 15 00 1 5680.802
2009 09 18 21 30 00 1 5680.734
2009 09 18 21 45 00 1 5680.667
2009 09 18 22 00 00 1 5680.601
2009 09 18 22 15 00 1 5680.536
2009 09 18 22 30 00 1 5680.474
2009 09 18 22 45 00 1 5680.414
2009 09 18 23 00 00 1 5680.355
2009 09 18 23 15 00 1 5680.304
2009 09 18 23 30 00 1 5680.256
2009 09 18 23 45 00 1 5680.218
2009 09 19 00 00 00 1 5680.187
2009 09 19 00 15 00 1 5680.165
2009 09 19 00 30 00 1 5680.150
2009 09 19 00 45 00 1 5680.141
2009 09 19 01 00 00 1 5680.140
2009 09 19 01 15 00 1 5680.149
2009 09 19 01 30 00 1 5680.166
2009 09 19 01 45 00 1 5680.188
2009 09 19 02 00 00 1 5680.223
2009 09 19 02 15 00 1 5680.265
2009 09 19 02 30 00 1 5680.315
2009 09 19 02 45 00 1 5680.367
2009 09 19 03 00 00 1 5680.427
2009 09 19 03 15 00 1 5680.489
2009 09 19 03 30 00 1 5680.553
2009 09 19 03 45 00 1 5680.618
2009 09 19 04 00 00 1 5680.687
2009 09 19 04 15 00 1 5680.754
2009 09 19 04 30 00 1 5680.819
2009 09 19 04 45 00 1 5680.882
2009 09 19 05 00 00 1 5680.940
2009 09 19 05 15 00 1 5680.996
2009 09 19 05 30 00 1 5681.048
2009 09 19 05 45 00 1 5681.093
2009 09 19 06 00 00 1 5681.135
2009 09 19 06 15 00 1 5681.162
2009 09 19 06 30 00 1 5681.185
2009 09 19 06 45 00 1 5681.199
2009 09 19 07 00 00 1 5681.205
2009 09 19 07 15 00 1 5681.206
2009 09 19 07 30 00 1 5681.195
2009 09 19 07 45 00 1 5681.178
2009 09 19 08 00 00 1 5681.149
2009 09 19 08 15 00 1 5681.116
2009 09 19 08 30 00 1 5681.071
2009 09 19 08 45 00 1 5681.022
2009 09 19 09 00 00 1 5680.968
2009 09 19 09 15 00 1 5680.909
2009 09 19 09 30 00 1 5680.848
2009 09 19 09 45 00 1 5680.784
2009 09 19 10 00 00 1 5680.719
2009 09 19 10 15 00 1 5680.650
2009 09 19 10 30 00 1 5680.584
2009 09 19 10 45 00 1 5680.520
2009 09 19 11 00 00 1 5680.459
2009 09 19 11 15 00 1 5680.402
2009 09 19 11 30 00 1 5680.346
2009 09 19 11 45 00 1 5680.295
2009 09 19 12 00 00 1 5680.248
2009 09 19 12 15 00 1 5680.211
2009 09 19 12 30 00 1 5680.179
2009 09 19 12 45 00 1 5680.157
2009 09 19 13 00 00 1 5680.139
2009 09 19 13 15 00 1 5680.128
2009 09 19 13 30 00 1 5680.129
2009 09 19 13 45 00 1 5680.134
2009 09 19 14 00 00 1 5680.151
2009 09 19 14 15 00 1 5680.176
2009 09 19 14 30 00 1 5680.209
2009 09 19 14 45 00 1 5680.243
2009 09 19 15 00 00 1 5680.292
2009 09 19 15 15 00 1 5680.344
2009 09 19 15 30 00 1 5680.399
2009 09 19 15 45 00 1 5680.462
2009 09 19 16 00 00 1 5680.527
2009 09 19 16 15 00 1 5680.594
2009 09 19 16 30 00 1 5680.664
2009 09 19 16 45 00 1 5680.733
2009 09 19 17 00 00 1 5680.801
2009 09 19 17 15 00 1 5680.866
2009 09 19 17 30 00 1 5680.928
2009 09 19 17 45 00 1 5680.989
2009 09 19 18 00 00 1 5681.043
2009 09 19 18 15 00 1 5681.091
2009 09 19 18 30 00 1 5681.131
2009 09 19 18 45 00 1 5681.162
2009 09 19 19 00 00 1 5681.183
2009 09 19 19 15 00 1 5681.199
2009 09 19 19 30 00 1 5681.208
2009 09 19 19 45 00 1 5681.208
2009 09 19 20 00 00 1 5681.195
2009 09 19 20 15 00 1 5681.175
2009 09 19 20 30 00 1 5681.149
2009 09 19 20 45 00 1 5681.113
2009 09 19 21 00 00 1 5681.069
2009 09 19 21 15 00 1 5681.019
2009 09 19 21 30 00 1 5680.960
2009 09 19 21 45 00 1 5680.903
2009 09 19 22 00 00 1 5680.838
2009 09 19 22 15 00 1 5680.773
2009 09 19 22 30 00 1 5680.704
2009 09 19 22 45 00 1 5680.633
2009 09 19 23 00 00 1 5680.567
2009 09 19 23 15 00 1 5680.503
2009 09 19 23 30 00 1 5680.442
2009 09 19 23 45 00 1 5680.383
2009 09 20 00 00 00 1 5680.327
2009 09 20 00 15 00 1 5680.279
2009 09 20 00 30 00 1 5680.235
2009 09 20 00 45 00 1 5680.202
2009 09 20 01 00 00 1 5680.177
2009 09 20 01 15 00 1 5680.156
2009 09 20 01 30 00 1 5680.145
2009 09 20 01 45 00 1 5680.139
2009 09 20 02 00 00 1 5680.146
2009 09 20 02 15 00 1 5680.162
2009 09 20 02 30 00 1 5680.186
2009 09 20 02 45 00 1 5680.218
2009 09 20 03 00 00 1 5680.257
2009 09 20 03 15 00 1 5680.306
2009 09 20 03 30 00 1 5680.359
2009 09 20 03 45 00 1 5680.417
2009 09 20 04 00 00 1 5680.480
2009 09 20 04 15 00 1 5680.546
2009 09 20 04 30 00 1 5680.613
2009 09 20 04 45 00 1 5680.683
2009 09 20 05 00 00 1 5680.751
2009 09 20 05 15 00 1 5680.819
2009 09 20 05 30 00 1 5680.888
2009 09 20 05 45 00 1 5680.953
2009 09 20 06 00 00 1 5681.012
2009 09 20 06 15 00 1 5681.066
2009 09 20 06 30 00 1 5681.114
2009 09 20 06 45 00 1 5681.159
2009 09 20 07 00 00 1 5681.192
2009 09 20 07 15 00 1 5681.218
2009 09 20 07 30 00 1 5681.237
2009 09 20 07 45 00 1 5681.245
2009 09 20 08 00 00 1 5681.243
2009 09 20 08 15 00 1 5681.235
2009 09 20 08 30 00 1 5681.218
2009 09 20 08 45 00 1 5681.193
2009 09 20 09 00 00 1 5681.159
2009 09 20 09 15 00 1 5681.117
2009 09 20 09 30 00 1 5681.070
2009 09 20 09 45 00 1 5681.016
2009 09 20 10 00 00 1 5680.956
2009 09 20 10 15 00 1 5680.895
2009 09 20 10 30 00 1 5680.828
2009 09 20 10 45 00 1 5680.763
2009 09 20 11 00 00 1 5680.693
2009 09 20 11 15 00 1 5680.626
2009 09 20 11 30 00 1 5680.561
2009 09 20 11 45 00 1 5680.495
2009 09 20 12 00 00 1 5680.430
2009 09 20 12 15 00 1 5680.366
2009 09 20 12 30 00 1 5680.312
2009 09 20 12 45 00 1 5680.261
2009 09 20 13 00 00 1 5680.217
2009 09 20 13 15 00 1 5680.179
2009 09 20 13 30 00 1 5680.153
2009 09 20 13 45 00 1 5680.130
2009 09 20 14 00 00 1 5680.119
2009 09 20 14 15 00 1 5680.113
2009 09 20 14 30 00 1 5680.118
2009 09 20 14 45 00 1 5680.131
2009 09 20 15 00 00 1 5680.153
2009 09 20 15 15 00 1 5680.184
2009 09 20 15 30 00 1 5680.223
2009 09 20 15 45 00 1 5680.268
2009 09 20 16 00 00 1 5680.320
2009 09 20 16 15 00 1 5680.380
2009 09 20 16 30 00 1 5680.441
2009 09 20 16 45 00 1 5680.506
2009 09 20 17 00 00 1 5680.575
2009 09 20 17 15 00 1 5680.646
2009 09 20 17 30 00 1 5680.717
2009 09 20 17 45 00 1 5680.783
2009 09 20 18 00 00 1 5680.852
2009 09 20 18 15 00 1 5680.919
2009 09 20 18 30 00 1 5680.979
2009 09 20 18 45 00 1 5681.037
2009 09 20 19 00 00 1 5681.085
2009 09 20 19 15 00 1 5681.124
2009 09 20 19 30 00 1 5681.158
2009 09 20 19 45 00 1 5681.187
2009 09 20 20 00 00 1 5681.208
2009 09 20 20 15 00 1 5681.217
2009 09 20 20 30 00 1 5681.218
2009 09 20 20 45 00 1 5681.210
2009 09 20 21 00 00 1 5681.193
2009 09 20 21 15 00 1 5681.167
2009 09 20 21 30 00 1 5681.132
2009 09 20 21 45 00 1 5681.090
2009 09 20 22 00 00 1 5681.040
2009 09 20 22 15 00 1 5680.989
2009 09 20 22 30 00 1 5680.930
2009 09 20 22 45 00 1 5680.864
2009 09 20 23 00 00 1 5680.804
2009 09 20 23 15 00 1 5680.735
2009 09 20 23 30 00 1 5680.668
2009 09 20 23 45 00 1 5680.599
2009 09 21 00 00 00 1 5680.532
2009 09 21 00 15 00 1 5680.470
2009 09 21 00 30 00 1 5680.411
2009 09 21 00 45 00 1 5680.356
2009 09 21 01 00 00 1 5680.307
2009 09 21 01 15 00 1 5680.261
2009 09 21 01 30 00 1 5680.225
2009 09 21 01 45 00 1 5680.194
2009 09 21 02 00 00 1 5680.174
2009 09 21 02 15 00 1 5680.158
2009 09 21 02 30 00 1 5680.153
2009 09 21 02 45 00 1 5680.160
2009 09 21 03 00 00 1 5680.173
2009 09 21 03 15 00 1 5680.193
2009 09 21 03 30 00 1 5680.225
2009 09 21 03 45 00 1 5680.260
2009 09 21 04 00 00 1 5680.304
2009 09 21 04 15 00 1 5680.355
2009 09 21 04 30 00 1 5680.410
2009 09 21 04 45 00 1 5680.474
2009 09 21 05 00 00 1 5680.539
2009 09 21 05 15 00 1 5680.606
2009 09 21 05 30 00 1 5680.676
2009 09 21 05 45 00 1 5680.745
2009 09 21 06 00 00 1 5680.815
2009 09 21 06 15 00 1 5680.881
2009 09 21 06 30 00 1 5680.944
2009 09 21 06 45 00 1 5681.005
2009 09 21 07 00 00 1 5681.061
2009 09 21 07 15 00 1 5681.109
2009 09 21 07 30 00 1 5681.154
2009 09 21 07 45 00 1 5681.190
2009 09 21 08 00 00 1 5681.215
2009 09 21 08 15 00 1 5681.235
2009 09 21 08 30 00 1 5681.242
2009 09 21 08 45 00 1 5681.245
2009 09 21 09 00 00 1 5681.240
2009 09 21 09 15 00 1 5681.223
2009 09 21 09 30 00 1 5681.198
2009 09 21 09 45 00 1 5681.164
2009 09 21 10 00 00 1 5681.123
2009 09 21 10 15 00 1 5681.080
2009 09 21 10 30 00 1 5681.026
2009 09 21 10 45 00 1 5680.966
2009 09 21 11 00 00 1 5680.906
2009 09 21 11 15 00 1 5680.841
2009 09 21 11 30 00 1 5680.775
2009 09 21 11 45 00 1 5680.707
2009 09 21 12 00 00 1 5680.638
2009 09 21 12 15 00 1 5680.568
2009 09 21 12 30 00 1 5680.504
2009 09 21 12 45 00 1 5680.438
2009 09 21 13 00 00 1 5680.380
2009 09 21 13 15 00 1 5680.324
2009 09 21 13 30 00 1 5680.273
2009 09 21 13 45 00 1 5680.230
2009 09 21 14 00 00 1 5680.191
2009 09 21 14 15 00 1 5680.161
2009 09 21 14 30 00 1 5680.139
2009 09 21 14 45 00 1 5680.126
2009 09 21 15 00 00 1 5680.123
2009 09 21 15 15 00 1 5680.128
2009 09 21 15 30 00 1 5680.137
2009 09 21 15 45 00 1 5680.160
2009 09 21 16 00 00 1 5680.188
2009 09 21 16 15 00 1 5680.224
2009 09 21 16 30 00 1 5680.269
2009 09 21 16 45 00 1 5680.319
2009 09 21 17 00 00 1 5680.374
2009 09 21 17 15 00 1 5680.435
2009 09 21 17 30 00 1 5680.501
2009 09 21 17 45 00 1 5680.569
2009 09 21 18 00 00 1 5680.635
2009 09 21 18 15 00 1 5680.704
2009 09 21 18 30 00 1 5680.770
2009 09 21 18 45 00 1 5680.837
2009 09 21 19 00 00 1 5680.901
2009 09 21 19 15 00 1 5680.960
2009 09 21 19 30 00 1 5681.011
2009 09 21 19 45 00 1 5681.060
2009 09 21 20 00 00 1 5681.102
2009 09 21 20 15 00 1 5681.135
2009 09 21 20 30 00 1 5681.161
2009 09 21 20 45 00 1 5681.179
2009 09 21 21 00 00 1 5681.188
2009 09 21 21 15 00 1 5681.189
2009 09 21 21 30 00 1 5681.180
2009 09 21 21 45 00 1 5681.164
2009 09 21 22 00 00 1 5681.138
2009 09 21 22 15 00 1 5681.107
2009 09 21 22 30 00 1 5681.068
2009 09 21 22 45 00 1 5681.021
2009 09 21 23 00 00 1 5680.973
2009 09 21 23 15 00 1 5680.916
2009 09 21 23 30 00 1 5680.856
2009 09 21 23 45 00 1 5680.798
2009 09 22 00 00 00 1 5680.734
2009 09 22 00 15 00 1 5680.671
2009 09 22 00 30 00 1 5680.607
2009 09 22 00 45 00 1 5680.545
2009 09 22 01 00 00 1 5680.485
2009 09 22 01 15 00 1 5680.429
2009 09 22 01 30 00 1 5680.376
2009 09 22 01 45 00 1 5680.325
2009 09 22 02 00 00 1 5680.281
2009 09 22 02 15 00 1 5680.247
2009 09 22 02 30 00 1 5680.220
2009 09 22 02 45 00 1 5680.199
2009 09 22 03 00 00 1 5680.186
2009 09 22 03 15 00 1 5680.183
2009 09 22 03 30 00 1 5680.186
2009 09 22 03 45 00 1 5680.198
2009 09 22 04 00 00 1 5680.218
2009 09 22 04 15 00 1 5680.250
2009 09 22 04 30 00 1 5680.283
2009 09 22 04 45 00 1 5680.326
2009 09 22 05 00 00 1 5680.377
2009 09 22 05 15 00 1 5680.433
2009 09 22 05 30 00 1 5680.494
2009 09 22 05 45 00 1 5680.557
2009 09 22 06 00 00 1 5680.623
2009 09 22 06 15 00 1 5680.692
2009 09 22 06 30 00 1 5680.758
2009 09 22 06 45 00 1 5680.826
2009 09 22 07 00 00 1 5680.890
2009 09 22 07 15 00 1 5680.951
2009 09 22 07 30 00 1 5681.007
2009 09 22 07 45 00 1 5681.061
2009 09 22 08 00 00 1 5681.109
2009 09 22 08 15 00 1 5681.147
2009 09 22 08 30 00 1 5681.180
2009 09 22 08 45 00 1 5681.204
2009 09 22 09 00 00 1 5681.223
2009 09 22 09 15 00 1 5681.233
2009 09 22 09 30 00 1 5681.234
2009 09 22 09 45 00 1 5681.227
2009 09 22 10 00 00 1 5681.211
2009 09 22 10 15 00 1 5681.189
2009 09 22 10 30 00 1 5681.157
2009 09 22 10 45 00 1 5681.117
2009 09 22 11 00 00 1 5681.070
2009 09 22 11 15 00 1 5681.021
2009 09 22 11 30 00 1 5680.965
2009 09 22 11 45 00 1 5680.909
2009 09 22 12 00 00 1 5680.846
2009 09 22 12 15 00 1 5680.781
2009 09 22 12 30 00 1 5680.716
2009 09 22 12 45 00 1 5680.645
2009 09 22 13 00 00 1 5680.578
2009 09 22 13 15 00 1 5680.515
2009 09 22 13 30 00 1 5680.454
2009 09 22 13 45 00 1 5680.394
2009 09 22 14 00 00 1 5680.336
2009 09 22 14 15 00 1 5680.286
2009 09 22 14 30 00 1 5680.242
2009 09 22 14 45 00 1 5680.207
2009 09 22 15 00 00 1 5680.180
2009 09 22 15 15 00 1 5680.158
2009 09 22 15 30 00 1 5680.143
2009 09 22 15 45 00 1 5680.138
2009 09 22 16 00 00 1 5680.142
2009 09 22 16 15 00 1 5680.152
2009 09 22 16 30 00 1 5680.170
2009 09 22 16 45 00 1 5680.198
2009 09 22 17 00 00 1 5680.234
2009 09 22 17 15 00 1 5680.273
2009 09 22 17 30 00 1 5680.322
2009 09 22 17 45 00 1 5680.373
2009 09 22 18 00 00 1 5680.430
2009 09 22 18 15 00 1 5680.488
2009 09 22 18 30 00 1 5680.551
2009 09 22 18 45 00 1 5680.612
2009 09 22 19 00 00 1 5680.677
2009 09 22 19 15 00 1 5680.741
2009 09 22 19 30 00 1 5680.803
2009 09 22 19 45 00 1 5680.862
2009 09 22 20 00 00 1 5680.914
2009 09 22 20 15 00 1 5680.963
2009 09 22 20 30 00 1 5681.008
2009 09 22 20 45 00 1 5681.044
2009 09 22 21 00 00 1 5681.075
2009 09 22 21 15 00 1 5681.100
2009 09 22 21 30 00 1 5681.118
2009 09 22 21 45 00 1 5681.127
2009 09 22 22 00 00 1 5681.126
2009 09 22 22 15 00 1 5681.120
2009 09 22 22 30 00 1 5681.105
2009 09 22 22 45 00 1 5681.084
2009 09 22 23 00 00 1 5681.054
2009 09 22 23 15 00 1 5681.022
2009 09 22 23 30 00 1 5680.981
2009 09 22 23 45 00 1 5680.936
2009 09 23 00 00 00 1 5680.886
2009 09 23 00 15 00 1 5680.835
2009 09 23 00 30 00 1 5680.783
2009 09 23 00 45 00 1 5680.724
2009 09 23 01 00 00 1 5680.667
2009 09 23 01 15 00 1 5680.608
2009 09 23 01 30 00 1 5680.548
2009 09 23 01 45 00 1 5680.494
2009 09 23 02 00 00 1 5680.441
2009 09 23 02 15 00 1 5680.392
2009 09 23 02 30 00 1 5680.349
2009 09 23 02 45 00 1 5680.308
2009 09 23 03 00 00 1 5680.276
2009 09 23 03 15 00 1 5680.253
2009 09 23 03 30 00 1 5680.233
2009 09 23 03 45 00 1 5680.223
2009 09 23 04 00 00 1 5680.215
2009 09 23 04 15 00 1 5680.217
2009 09 23 04 30 00 1 5680.228
2009 09 23 04 45 00 1 5680.249
2009 09 23 05 00 00 1 5680.276
2009 09 23 05 15 00 1 5680.309
2009 09 23 05 30 00 1 5680.350
2009 09 23 05 45 00 1 5680.397
2009 09 23 06 00 00 1 5680.450
2009 09 23 06 15 00 1 5680.507
2009 09 23 06 30 00 1 5680.567
2009 09 23 06 45 00 1 5680.627
2009 09 23 07 00 00 1 5680.690
2009 09 23 07 15 00 1 5680.754
2009 09 23 07 30 00 1 5680.816
2009 09 23 07 45 00 1 5680.875
2009 09 23 08 00 00 1 5680.937
2009 09 23 08 15 00 1 5680.989
2009 09 23 08 30 00 1 5681.039
2009 09 23 08 45 00 1 5681.083
2009 09 23 09 00 00 1 5681.119
2009 09 23 09 15 00 1 5681.148
2009 09 23 09 30 00 1 5681.172
2009 09 23 09 45 00 1 5681.185
2009 09 23 10 00 00 1 5681.193
2009 09 23 10 15 00 1 5681.192
2009 09 23 10 30 00 1 5681.185
2009 09 23 10 45 00 1 5681.169
2009 09 23 11 00 00 1 5681.145
2009 09 23 11 15 00 1 5681.113
2009 09 23 11 30 00 1 5681.078
2009 09 23 11 45 00 1 5681.037
2009 09 23 12 00 00 1 5680.993
2009 09 23 12 15 00 1 5680.941
2009 09 23 12 30 00 1 5680.889
2009 09 23 12 45 00 1 5680.832
2009 09 23 13 00 00 1 5680.771
2009 09 23 13 15 00 1 5680.710
2009 09 23 13 30 00 1 5680.652
2009 09 23 13 45 00 1 5680.587
2009 09 23 14 00 00 1 5680.525
2009 09 23 14 15 00 1 5680.472
2009 09 23 14 30 00 1 5680.414
2009 09 23 14 45 00 1 5680.363
2009 09 23 15 00 00 1 5680.316
2009 09 23 15 15 00 1 5680.277
2009 09 23 15 30 00 1 5680.242
2009 09 23 15 45 00 1 5680.217
2009 09 23 16 00 00 1 5680.198
2009 09 23 16 15 00 1 5680.186
2009 09 23 16 30 00 1 5680.181
2009 09 23 16 45 00 1 5680.184
2009 09 23 17 00 00 1 5680.197
2009 09 23 17 15 00 1 5680.214
2009 09 23 17 30 00 1 5680.241
2009 09 23 17 45 00 1 5680.271
2009 09 23 18 00 00 1 5680.306
2009 09 23 18 15 00 1 5680.345
2009 09 23 18 30 00 1 5680.391
2009 09 23 18 45 00 1 5680.446
2009 09 23 19 00 00 1 5680.500
2009 09 23 19 15 00 1 5680.555
2009 09 23 19 30 00 1 5680.612
2009 09 23 19 45 00 1 5680.671
2009 09 23 20 00 00 1 5680.728
2009 09 23 20 15 00 1 5680.782
2009 09 23 20 30 00 1 5680.833
2009 09 23 20 45 00 1 5680.881
2009 09 23 21 00 00 1 5680.928
2009 09 23 21 15 00 1 5680.967
2009 09 23 21 30 00 1 5681.005
2009 09 23 21 45 00 1 5681.032
2009 09 23 22 00 00 1 5681.053
2009 09 23 22 15 00 1 5681.069
2009 09 23 22 30 00 1 5681.079
2009 09 23 22 45 00 1 5681.080
2009 09 23 23 00 00 1 5681.075
2009 09 23 23 15 00 1 5681.063
2009 09 23 23 30 00 1 5681.048
2009 09 23 23 45 00 1 5681.020
2009 09 24 00 00 00 1 5680.990
2009 09 24 00 15 00 1 5680.954
2009 09 24 00 30 00 1 5680.915
2009 09 24 00 45 00 1 5680.870
2009 09 24 01 00 00 1 5680.821
2009 09 24 01 15 00 1 5680.771
2009 09 24 01 30 00 1 5680.715
2009 09 24 01 45 00 1 5680.662
2009 09 24 02 00 00 1 5680.611
2009 09 24 02 15 00 1 5680.557
2009 09 24 02 30 00 1 5680.506
2009 09 24 02 45 00 1 5680.459
2009 09 24 03 00 00 1 5680.415
2009 09 24 03 15 00 1 5680.377
2009 09 24 03 30 00 1 5680.343
2009 09 24 03 45 00 1 5680.315
2009 09 24 04 00 00 1 5680.292
2009 09 24 04 15 00 1 5680.277
2009 09 24 04 30 00 1 5680.265
2009 09 24 04 45 00 1 5680.263
2009 09 24 05 00 00 1 5680.268
2009 09 24 05 15 00 1 5680.280
2009 09 24 05 30 00 1 5680.299
2009 09 24 05 45 00 1 5680.324
2009 09 24 06 00 00 1 5680.355
2009 09 24 06 15 00 1 5680.392
2009 09 24 06 30 00 1 5680.436
2009 09 24 06 45 00 1 5680.484
2009 09 24 07 00 00 1 5680.535
2009 09 24 07 15 00 1 5680.587
2009 09 24 07 30 00 1 5680.642
2009 09 24 07 45 00 1 5680.702
2009 09 24 08 00 00 1 5680.757
2009 09 24 08 15 00 1 5680.813
2009 09 24 08 30 00 1 5680.866
2009 09 24 08 45 00 1 5680.918
2009 09 24 09 00 00 1 5680.964
2009 09 24 09 15 00 1 5681.008
2009 09 24 09 30 00 1 5681.044
2009 09 24 09 45 00 1 5681.073
2009 09 24 10 00 00 1 5681.100
2009 09 24 10 15 00 1 5681.120
2009 09 24 10 30 00 1 5681.133
2009 09 24 10 45 00 1 5681.138
2009 09 24 11 00 00 1 5681.137
2009 09 24 11 15 00 1 5681.131
2009 09 24 11 30 00 1 5681.118
2009 09 24 11 45 00 1 5681.098
2009 09 24 12 00 00 1 5681.072
2009 09 24 12 15 00 1 5681.038
2009 09 24 12 30 00 1 5680.999
2009 09 24 12 45 00 1 5680.956
2009 09 24 13 00 00 1 5680.909
2009 09 24 13 15 00 1 5680.858
2009 09 24 13 30 00 1 5680.805
2009 09 24 13 45 00 1 5680.750
2009 09 24 14 00 00 1 5680.695
2009 09 24 14 15 00 1 5680.639
2009 09 24 14 30 00 1 5680.584
2009 09 24 14 45 00 1 5680.530
2009 09 24 15 00 00 1 5680.479
2009 09 24 15 15 00 1 5680.432
2009 09 24 15 30 00 1 5680.389
2009 09 24 15 45 00 1 5680.352
2009 09 24 16 00 00 1 5680.316
2009 09 24 16 15 00 1 5680.288
2009 09 24 16 30 00 1 5680.266
2009 09 24 16 45 00 1 5680.249
2009 09 24 17 00 00 1 5680.237
2009 09 24 17 15 00 1 5680.235
2009 09 24 17 30 00 1 5680.235
2009 09 24 17 45 00 1 5680.246
2009 09 24 18 00 00 1 5680.262
2009 09 24 18 15 00 1 5680.281
2009 09 24 18 30 00 1 5680.304
2009 09 24 18 45 00 1 5680.337
2009 09 24 19 00 00 1 5680.372
2009 09 24 19 15 00 1 5680.413
2009 09 24 19 30 00 1 5680.455
2009 09 24 19 45 00 1 5680.501
2009 09 24 20 00 00 1 5680.549
2009 09 24 20 15 00 1 5680.600
2009 09 24 20 30 00 1 5680.653
2009 09 24 20 45 00 1 5680.703
2009 09 24 21 00 00 1 5680.753
2009 09 24 21 15 00 1 5680.800
2009 09 24 21 30 00 1 5680.847
2009 09 24 21 45 00 1 5680.888
2009 09 24 22 00 00 1 5680.922
2009 09 24 22 15 00 1 5680.953
2009 09 24 22 30 00 1 5680.979
2009 09 24 22 45 00 1 5680.998
2009 09 24 23 00 00 1 5681.010
2009 09 24 23 15 00 1 5681.016
2009 09 24 23 30 00 1 5681.019
2009 09 24 23 45 00 1 5681.016
2009 09 25 00 00 00 1 5681.006
2009 09 25 00 15 00 1 5680.989
2009 09 25 00 30 00 1 5680.968
2009 09 25 00 45 00 1 5680.940
2009 09 25 01 00 00 1 5680.908
2009 09 25 01 15 00 1 5680.874
2009 09 25 01 30 00 1 5680.837
2009 09 25 01 45 00 1 5680.792
2009 09 25 02 00 00 1 5680.749
2009 09 25 02 15 00 1 5680.705
2009 09 25 02 30 00 1 5680.661
2009 09 25 02 45 00 1 5680.614
2009 09 25 03 00 00 1 5680.571
2009 09 25 03 15 00 1 5680.528
2009 09 25 03 30 00 1 5680.486
2009 09 25 03 45 00 1 5680.446
2009 09 25 04 00 00 1 5680.409
2009 09 25 04 15 00 1 5680.380
2009 09 25 04 30 00 1 5680.353
2009 09 25 04 45 00 1 5680.334
2009 09 25 05 00 00 1 5680.320
2009 09 25 05 15 00 1 5680.312
2009 09 25 05 30 00 1 5680.312
2009 09 25 05 45 00 1 5680.318
2009 09 25 06 00 00 1 5680.327
2009 09 25 06 15 00 1 5680.344
2009 09 25 06 30 00 1 5680.366
2009 09 25 06 45 00 1 5680.392
2009 09 25 07 00 00 1 5680.425
2009 09 25 07 15 00 1 5680.462
2009 09 25 07 30 00 1 5680.503
2009 09 25 07 45 00 1 5680.548
2009 09 25 08 00 00 1 5680.593
2009 09 25 08 15 00 1 5680.642
2009 09 25 08 30 00 1 5680.690
2009 09 25 08 45 00 1 5680.737
2009 09 25 09 00 00 1 5680.788
2009 09 25 09 15 00 1 5680.836
2009 09 25 09 30 00 1 5680.877
2009 09 25 09 45 00 1 5680.921
2009 09 25 10 00 00 1 5680.957
2009 09 25 10 15 00 1 5680.988
2009 09 25 10 30 00 1 5681.017
2009 09 25 10 45 00 1 5681.042
2009 09 25 11 00 00 1 5681.059
2009 09 25 11 15 00 1 5681.070
2009 09 25 11 30 00 1 5681.077
2009 09 25 11 45 00 1 5681.075
2009 09 25 12 00 00 1 5681.068
2009 09 25 12 15 00 1 5681.057
2009 09 25 12 30 00 1 5681.036
2009 09 25 12 45 00 1 5681.014
2009 09 25 13 00 00 1 5680.985
2009 09 25 13 15 00 1 5680.952
2009 09 25 13 30 00 1 5680.913
2009 09 25 13 45 00 1 5680.874
2009 09 25 14 00 00 1 5680.830
2009 09 25 14 15 00 1 5680.783
2009 09 25 14 30 00 1 5680.736
2009 09 25 14 45 00 1 5680.685
2009 09 25 15 00 00 1 5680.637
2009 09 25 15 15 00 1 5680.587
2009 09 25 15 30 00 1 5680.542
2009 09 25 15 45 00 1 5680.498
2009 09 25 16 00 00 1 5680.455
2009 09 25 16 15 00 1 5680.416
2009 09 25 16 30 00 1 5680.381
2009 09 25 16 45 00 1 5680.348
2009 09 25 17 00 00 1 5680.323
2009 09 25 17 15 00 1 5680.305
2009 09 25 17 30 00 1 5680.290
2009 09 25 17 45 00 1 5680.279
2009 09 25 18 00 00 1 5680.276
2009 09 25 18 15 00 1 5680.274
2009 09 25 18 30 00 1 5680.281
2009 09 25 18 45 00 1 5680.291
2009 09 25 19 00 00 1 5680.307
2009 09 25 19 15 00 1 5680.330
2009 09 25 19 30 00 1 5680.356
2009 09 25 19 45 00 1 5680.385
2009 09 25 20 00 00 1 5680.419
2009 09 25 20 15 00 1 5680.460
2009 09 25 20 30 00 1 5680.500
2009 09 25 20 45 00 1 5680.544
2009 09 25 21 00 00 1 5680.586
2009 09 25 21 15 00 1 5680.632
2009 09 25 21 30 00 1 5680.676
2009 09 25 21 45 00 1 5680.718
2009 09 25 22 00 00 1 5680.755
2009 09 25 22 15 00 1 5680.794
2009 09 25 22 30 00 1 5680.827
2009 09 25 22 45 00 1 5680.856
2009 09 25 23 00 00 1 5680.886
2009 09 25 23 15 00 1 5680.911
2009 09 25 23 30 00 1 5680.927
2009 09 25 23 45 00 1 5680.938
2009 09 26 00 00 00 1 5680.945
2009 09 26 00 15 00 1 5680.948
2009 09 26 00 30 00 1 5680.944
2009 09 26 00 45 00 1 5680.933
2009 09 26 01 00 00 1 5680.919
2009 09 26 01 15 00 1 5680.904
2009 09 26 01 30 00 1 5680.883
2009 09 26 01 45 00 1 5680.858
2009 09 26 02 00 00 1 5680.829
2009 09 26 02 15 00 1 5680.795
2009 09 26 02 30 00 1 5680.761
2009 09 26 02 45 00 1 5680.725
2009 09 26 03 00 00 1 5680.686
2009 09 26 03 15 00 1 5680.647
2009 09 26 03 30 00 1 5680.605
2009 09 26 03 45 00 1 5680.567
2009 09 26 04 00 00 1 5680.529
2009 09 26 04 15 00 1 5680.492
2009 09 26 04 30 00 1 5680.462
2009 09 26 04 45 00 1 5680.434
2009 09 26 05 00 00 1 5680.406
2009 09 26 05 15 00 1 5680.383
2009 09 26 05 30 00 1 5680.367
2009 09 26 05 45 00 1 5680.352
2009 09 26 06 00 00 1 5680.346
2009 09 26 06 15 00 1 5680.343
2009 09 26 06 30 00 1 5680.346
2009 09 26 06 45 00 1 5680.355
2009 09 26 07 00 00 1 5680.368
2009 09 26 07 15 00 1 5680.389
2009 09 26 07 30 00 1 5680.415
2009 09 26 07 45 00 1 5680.445
2009 09 26 08 00 00 1 5680.478
2009 09 26 08 15 00 1 5680.513
2009 09 26 08 30 00 1 5680.553
2009 09 26 08 45 00 1 5680.593
2009 09 26 09 00 00 1 5680.632
2009 09 26 09 15 00 1 5680.675
2009 09 26 09 30 00 1 5680.716
2009 09 26 09 45 00 1 5680.760
2009 09 26 10 00 00 1 5680.797
2009 09 26 10 15 00 1 5680.836
2009 09 26 10 30 00 1 5680.874
2009 09 26 10 45 00 1 5680.907
2009 09 26 11 00 00 1 5680.932
2009 09 26 11 15 00 1 5680.958
2009 09 26 11 30 00 1 5680.979
2009 09 26 11 45 00 1 5680.995
2009 09 26 12 00 00 1 5681.006
2009 09 26 12 15 00 1 5681.011
2009 09 26 12 30 00 1 5681.013
2009 09 26 12 45 00 1 5681.008
2009 09 26 13 00 00 1 5680.999
2009 09 26 13 15 00 1 5680.984
2009 09 26 13 30 00 1 5680.966
2009 09 26 13 45 00 1 5680.940
2009 09 26 14 00 00 1 5680.910
2009 09 26 14 15 00 1 5680.877
2009 09 26 14 30 00 1 5680.842
2009 09 26 14 45 00 1 5680.804
2009 09 26 15 00 00 1 5680.765
2009 09 26 15 15 00 1 5680.723
2009 09 26 15 30 00 1 5680.684
2009 09 26 15 45 00 1 5680.643
2009 09 26 16 00 00 1 5680.602
2009 09 26 16 15 00 1 5680.564
2009 09 26 16 30 00 1 5680.526
2009 09 26 16 45 00 1 5680.492
2009 09 26 17 00 00 1 5680.457
2009 09 26 17 15 00 1 5680.425
2009 09 26 17 30 00 1 5680.399
2009 09 26 17 45 00 1 5680.376
2009 09 26 18 00 00 1 5680.357
2009 09 26 18 15 00 1 5680.342
2009 09 26 18 30 00 1 5680.333
2009 09 26 18 45 00 1 5680.329
2009 09 26 19 00 00 1 5680.328
2009 09 26 19 15 00 1 5680.332
2009 09 26 19 30 00 1 5680.342
2009 09 26 19 45 00 1 5680.356
2009 09 26 20 00 00 1 5680.373
2009 09 26 20 15 00 1 5680.396
2009 09 26 20 30 00 1 5680.421
2009 09 26 20 45 00 1 5680.450
2009 09 26 21 00 00 1 5680.480
2009 09 26 21 15 00 1 5680.515
2009 09 26 21 30 00 1 5680.549
2009 09 26 21 45 00 1 5680.586
2009 09 26 22 00 00 1 5680.625
2009 09 26 22 15 00 1 5680.661
2009 09 26 22 30 00 1 5680.695
2009 09 26 22 45 00 1 5680.733
2009 09 26 23 00 00 1 5680.766
2009 09 26 23 15 00 1 5680.798
2009 09 26 23 30 00 1 5680.827
2009 09 26 23 45 00 1 5680.854
2009 09 27 00 00 00 1 5680.877
2009 09 27 00 15 00 1 5680.892
2009 09 27 00 30 00 1 5680.908
2009 09 27 00 45 00 1 5680.916
2009 09 27 01 00 00 1 5680.921
2009 09 27 01 15 00 1 5680.920
2009 09 27 01 30 00 1 5680.913
2009 09 27 01 45 00 1 5680.904
2009 09 27 02 00 00 1 5680.888
2009 09 27 02 15 00 1 5680.870
2009 09 27 02 30 00 1 5680.850
2009 09 27 02 45 00 1 5680.827
2009 09 27 03 00 00 1 5680.799
2009 09 27 03 15 00 1 5680.769
2009 09 27 03 30 00 1 5680.738
2009 09 27 03 45 00 1 5680.708
2009 09 27 04 00 00 1 5680.674
2009 09 27 04 15 00 1 5680.640
2009 09 27 04 30 00 1 5680.606
2009 09 27 04 45 00 1 5680.572
2009 09 27 05 00 00 1 5680.544
2009 09 27 05 15 00 1 5680.516
2009 09 27 05 30 00 1 5680.489
2009 09 27 05 45 00 1 5680.466
2009 09 27 06 00 00 1 5680.446
2009 09 27 06 15 00 1 5680.430
2009 09 27 06 30 00 1 5680.416
2009 09 27 06 45 00 1 5680.409
2009 09 27 07 00 00 1 5680.409
2009 09 27 07 15 00 1 5680.411
2009 09 27 07 30 00 1 5680.415
2009 09 27 07 45 00 1 5680.428
2009 09 27 08 00 00 1 5680.443
2009 09 27 08 15 00 1 5680.464
2009 09 27 08 30 00 1 5680.486
2009 09 27 08 45 00 1 5680.511
2009 09 27 09 00 00 1 5680.541
2009 09 27 09 15 00 1 5680.572
2009 09 27 09 30 00 1 5680.605
2009 09 27 09 45 00 1 5680.644
2009 09 27 10 00 00 1 5680.681
2009 09 27 10 15 00 1 5680.718
2009 09 27 10 30 00 1 5680.755
2009 09 27 10 45 00 1 5680.791
2009 09 27 11 00 00 1 5680.823
2009 09 27 11 15 00 1 5680.855
2009 09 27 11 30 00 1 5680.885
2009 09 27 11 45 00 1 5680.912
2009 09 27 12 00 00 1 5680.935
2009 09 27 12 15 00 1 5680.955
2009 09 27 12 30 00 1 5680.969
2009 09 27 12 45 00 1 5680.981
2009 09 27 13 00 00 1 5680.989
2009 09 27 13 15 00 1 5680.990
2009 09 27 13 30 00 1 5680.985
2009 09 27 13 45 00 1 5680.979
2009 09 27 14 00 00 1 5680.968
2009 09 27 14 15 00 1 5680.952
2009 09 27 14 30 00 1 5680.932
2009 09 27 14 45 00 1 5680.908
2009 09 27 15 00 00 1 5680.882
2009 09 27 15 15 00 1 5680.853
2009 09 27 15 30 00 1 5680.822
2009 09 27 15 45 00 1 5680.790
2009 09 27 16 00 00 1 5680.757
2009 09 27 16 15 00 1 5680.721
2009 09 27 16 30 00 1 5680.684
2009 09 27 16 45 00 1 5680.650
2009 09 27 17 00 00 1 5680.614
2009 09 27 17 15 00 1 5680.579
2009 09 27 17 30 00 1 5680.546
2009 09 27 17 45 00 1 5680.514
2009 09 27 18 00 00 1 5680.487
2009 09 27 18 15 00 1 5680.464
2009 09 27 18 30 00 1 5680.443
2009 09 27 18 45 00 1 5680.423
2009 09 27 19 00 00 1 5680.407
2009 09 27 19 15 00 1 5680.394
2009 09 27 19 30 00 1 5680.387
2009 09 27 19 45 00 1 5680.384
2009 09 27 20 00 00 1 5680.388
2009 09 27 20 15 00 1 5680.395
2009 09 27 20 30 00 1 5680.405
2009 09 27 20 45 00 1 5680.421
2009 09 27 21 00 00 1 5680.438
2009 09 27 21 15 00 1 5680.458
2009 09 27 21 30 00 1 5680.483
2009 09 27 21 45 00 1 5680.512
2009 09 27 22 00 00 1 5680.539
2009 09 27 22 15 00 1 5680.570
2009 09 27 22 30 00 1 5680.604
2009 09 27 22 45 00 1 5680.637
2009 09 27 23 00 00 1 5680.670
2009 09 27 23 15 00 1 5680.704
2009 09 27 23 30 00 1 5680.736
2009 09 27 23 45 00 1 5680.765
2009 09 28 00 00 00 1 5680.796
2009 09 28 00 15 00 1 5680.821
2009 09 28 00 30 00 1 5680.848
2009 09 28 00 45 00 1 5680.868
2009 09 28 01 00 00 1 5680.884
2009 09 28 01 15 00 1 5680.895
2009 09 28 01 30 00 1 5680.906
2009 09 28 01 45 00 1 5680.914
2009 09 28 02 00 00 1 5680.916
2009 09 28 02 15 00 1 5680.913
2009 09 28 02 30 00 1 5680.906
2009 09 28 02 45 00 1 5680.896
2009 09 28 03 00 00 1 5680.883
2009 09 28 03 15 00 1 5680.866
2009 09 28 03 30 00 1 5680.844
2009 09 28 03 45 00 1 5680.821
2009 09 28 04 00 00 1 5680.795
2009 09 28 04 15 00 1 5680.766
2009 09 28 04 30 00 1 5680.737
2009 09 28 04 45 00 1 5680.708
2009 09 28 05 00 00 1 5680.677
2009 09 28 05 15 00 1 5680.648
2009 09 28 05 30 00 1 5680.619
2009 09 28 05 45 00 1 5680.590
2009 09 28 06 00 00 1 5680.564
2009 09 28 06 15 00 1 5680.537
2009 09 28 06 30 00 1 5680.514
2009 09 28 06 45 00 1 5680.493
2009 09 28 07 00 00 1 5680.478
2009 09 28 07 15 00 1 5680.464
2009 09 28 07 30 00 1 5680.456
2009 09 28 07 45 00 1 5680.452
2009 09 28 08 00 00 1 5680.453
2009 09 28 08 15 00 1 5680.457
2009 09 28 08 30 00 1 5680.466
2009 09 28 08 45 00 1 5680.475
2009 09 28 09 00 00 1 5680.491
2009 09 28 09 15 00 1 5680.510
2009 09 28 09 30 00 1 5680.535
2009 09 28 09 45 00 1 5680.558
2009 09 28 10 00 00 1 5680.583
2009 09 28 10 15 00 1 5680.611
2009 09 28 10 30 00 1 5680.644
2009 09 28 10 45 00 1 5680.674
2009 09 28 11 00 00 1 5680.708
2009 09 28 11 15 00 1 5680.742
2009 09 28 11 30 00 1 5680.775
2009 09 28 11 45 00 1 5680.807
2009 09 28 12 00 00 1 5680.834
2009 09 28 12 15 00 1 5680.862
2009 09 28 12 30 00 1 5680.887
2009 09 28 12 45 00 1 5680.909
2009 09 28 13 00 00 1 5680.929
2009 09 28 13 15 00 1 5680.947
2009 09 28 13 30 00 1 5680.956
2009 09 28 13 45 00 1 5680.964
2009 09 28 14 00 00 1 5680.966
2009 09 28 14 15 00 1 5680.967
2009 09 28 14 30 00 1 5680.962
2009 09 28 14 45 00 1 5680.953
2009 09 28 15 00 00 1 5680.942
2009 09 28 15 15 00 1 5680.927
2009 09 28 15 30 00 1 5680.907
2009 09 28 15 45 00 1 5680.884
2009 09 28 16 00 00 1 5680.859
2009 09 28 16 15 00 1 5680.836
2009 09 28 16 30 00 1 5680.809
2009 09 28 16 45 00 1 5680.776
2009 09 28 17 00 00 1 5680.745
2009 09 28 17 15 00 1 5680.713
2009 09 28 17 30 00 1 5680.684
2009 09 28 17 45 00 1 5680.654
2009 09 28 18 00 00 1 5680.623
2009 09 28 18 15 00 1 5680.592
2009 09 28 18 30 00 1 5680.563
2009 09 28 18 45 00 1 5680.534
2009 09 28 19 00 00 1 5680.510
2009 09 28 19 15 00 1 5680.487
2009 09 28 19 30 00 1 5680.467
2009 09 28 19 45 00 1 5680.447
2009 09 28 20 00 00 1 5680.432
2009 09 28 20 15 00 1 5680.423
2009 09 28 20 30 00 1 5680.416
2009 09 28 20 45 00 1 5680.413
2009 09 28 21 00 00 1 5680.416
2009 09 28 21 15 00 1 5680.421
2009 09 28 21 30 00 1 5680.427
2009 09 28 21 45 00 1 5680.441
2009 09 28 22 00 00 1 5680.459
2009 09 28 22 15 00 1 5680.481
2009 09 28 22 30 00 1 5680.503
2009 09 28 22 45 00 1 5680.527
2009 09 28 23 00 00 1 5680.555
2009 09 28 23 15 00 1 5680.582
2009 09 28 23 30 00 1 5680.611
2009 09 28 23 45 00 1 5680.644
2009 09 29 00 00 00 1 5680.673
2009 09 29 00 15 00 1 5680.700
2009 09 29 00 30 00 1 5680.732
2009 09 29 00 45 00 1 5680.761
2009 09 29 01 00 00 1 5680.786
2009 09 29 01 15 00 1 5680.810
2009 09 29 01 30 00 1 5680.833
2009 09 29 01 45 00 1 5680.851
2009 09 29 02 00 00 1 5680.866
2009 09 29 02 15 00 1 5680.879
2009 09 29 02 30 00 1 5680.891
2009 09 29 02 45 00 1 5680.897
2009 09 29 03 00 00 1 5680.899
2009 09 29 03 15 00 1 5680.897
2009 09 29 03 30 00 1 5680.891
2009 09 29 03 45 00 1 5680.881
2009 09 29 04 00 00 1 5680.867
2009 09 29 04 15 00 1 5680.853
2009 09 29 04 30 00 1 5680.833
2009 09 29 04 45 00 1 5680.812
2009 09 29 05 00 00 1 5680.787
2009 09 29 05 15 00 1 5680.763
2009 09 29 05 30 00 1 5680.734
2009 09 29 05 45 00 1 5680.705
2009 09 29 06 00 00 1 5680.674
2009 09 29 06 15 00 1 5680.643
2009 09 29 06 30 00 1 5680.615
2009 09 29 06 45 00 1 5680.587
2009 09 29 07 00 00 1 5680.559
2009 09 29 07 15 00 1 5680.538
2009 09 29 07 30 00 1 5680.517
2009 09 29 07 45 00 1 5680.501
2009 09 29 08 00 00 1 5680.486
2009 09 29 08 15 00 1 5680.471
2009 09 29 08 30 00 1 5680.462
2009 09 29 08 45 00 1 5680.458
2009 09 29 09 00 00 1 5680.458
2009 09 29 09 15 00 1 5680.463
2009 09 29 09 30 00 1 5680.468
2009 09 29 09 45 00 1 5680.479
2009 09 29 10 00 00 1 5680.493
2009 09 29 10 15 00 1 5680.507
2009 09 29 10 30 00 1 5680.529
2009 09 29 10 45 00 1 5680.552
2009 09 29 11 00 00 1 5680.578
2009 09 29 11 15 00 1 5680.603
2009 09 29 11 30 00 1 5680.635
2009 09 29 11 45 00 1 5680.666
2009 09 29 12 00 00 1 5680.693
2009 09 29 12 15 00 1 5680.724
2009 09 29 12 30 00 1 5680.756
2009 09 29 12 45 00 1 5680.783
2009 09 29 13 00 00 1 5680.812
2009 09 29 13 15 00 1 5680.836
2009 09 29 13 30 00 1 5680.858
2009 09 29 13 45 00 1 5680.880
2009 09 29 14 00 00 1 5680.896
2009 09 29 14 15 00 1 5680.911
2009 09 29 14 30 00 1 5680.920
2009 09 29 14 45 00 1 5680.931
2009 09 29 15 00 00 1 5680.937
2009 09 29 15 15 00 1 5680.939
2009 09 29 15 30 00 1 5680.938
2009 09 29 15 45 00 1 5680.931
2009 09 29 16 00 00 1 5680.921
2009 09 29 16 00 00 2 5680.921
2009 09 29 16 01 00 2 5680.921
2009 09 29 16 02 00 2 5680.919
2009 09 29 16 03 00 2 5680.919
2009 09 29 16 04 00 2 5680.918
2009 09 29 16 05 00 2 5680.916
2009 09 29 16 06 00 2 5680.915
2009 09 29 16 07 00 2 5680.915
2009 09 29 16 08 00 2 5680.914
2009 09 29 16 09 00 2 5680.913
2009 09 29 16 10 00 2 5680.913
2009 09 29 16 11 00 2 5680.912
2009 09 29 16 12 00 2 5680.909
2009 09 29 16 13 00 2 5680.909
2009 09 29 16 14 00 2 5680.909
2009 09 29 16 15 00 1 5680.908
2009 09 29 16 15 00 2 5680.907
2009 09 29 16 16 00 2 5680.906
2009 09 29 16 17 00 2 5680.906
2009 09 29 16 18 00 2 5680.904
2009 09 29 16 19 00 2 5680.903
2009 09 29 16 20 00 2 5680.902
2009 09 29 16 21 00 2 5680.901
2009 09 29 16 22 00 2 5680.900
2009 09 29 16 23 00 2 5680.899
2009 09 29 16 24 00 2 5680.898
2009 09 29 16 25 00 2 5680.897
2009 09 29 16 26 00 2 5680.895
2009 09 29 16 27 00 2 5680.894
2009 09 29 16 28 00 2 5680.893
2009 09 29 16 29 00 2 5680.891
2009 09 29 16 30 00 1 5680.890
2009 09 29 16 30 00 2 5680.891
2009 09 29 16 31 00 2 5680.889
2009 09 29 16 32 00 2 5680.888
2009 09 29 16 33 00 2 5680.887
2009 09 29 16 34 00 2 5680.884
2009 09 29 16 35 00 2 5680.884
2009 09 29 16 36 00 2 5680.883
2009 09 29 16 37 00 2 5680.881
2009 09 29 16 38 00 2 5680.879
2009 09 29 16 39 00 2 5680.879
2009 09 29 16 40 00 2 5680.877
2009 09 29 16 41 00 2 5680.876
2009 09 29 16 42 00 2 5680.875
2009 09 29 16 43 00 2 5680.873
2009 09 29 16 44 00 2 5680.871
2009 09 29 16 45 00 1 5680.870
2009 09 29 16 45 00 2 5680.870
2009 09 29 16 46 00 2 5680.868
2009 09 29 16 47 00 2 5680.867
2009 09 29 16 48 00 2 5680.865
2009 09 29 16 49 00 2 5680.864
2009 09 29 16 50 00 2 5680.863
2009 09 29 16 51 00 2 5680.862
2009 09 29 16 52 00 2 5680.861
2009 09 29 16 53 00 2 5680.858
2009 09 29 16 54 00 2 5680.857
2009 09 29 16 55 00 2 5680.855
2009 09 29 16 56 00 2 5680.854
2009 09 29 16 57 00 2 5680.853
2009 09 29 16 58 00 2 5680.851
2009 09 29 16 59 00 2 5680.849
2009 09 29 17 00 00 1 5680.847
2009 09 29 17 00 00 2 5680.847
2009 09 29 17 01 00 2 5680.845
2009 09 29 17 02 00 2 5680.845
2009 09 29 17 03 00 2 5680.842
2009 09 29 17 04 00 2 5680.841
2009 09 29 17 05 00 2 5680.838
2009 09 29 17 06 00 2 5680.836
2009 09 29 17 07 00 2 5680.835
2009 09 29 17 08 00 2 5680.833
2009 09 29 17 09 00 2 5680.833
2009 09 29 17 10 00 2 5680.831
2009 09 29 17 11 00 2 5680.829
2009 09 29 17 12 00 2 5680.827
2009 09 29 17 13 00 2 5680.825
2009 09 29 17 14 00 2 5680.825
2009 09 29 17 15 00 1 9999.000
2009 09 29 17 15 00 2 5680.822
2009 09 29 17 16 00 2 5680.821
2009 09 29 17 17 00 2 5680.820
2009 09 29 17 18 00 2 5680.817
2009 09 29 17 19 00 2 5680.815
2009 09 29 17 20 00 2 5680.814
2009 09 29 17 21 00 2 5680.811
2009 09 29 17 22 00 2 5680.809
2009 09 29 17 23 00 2 5680.807
2009 09 29 17 24 00 2 5680.805
2009 09 29 17 25 00 2 5680.803
2009 09 29 17 26 00 2 5680.802
2009 09 29 17 27 00 2 5680.800
2009 09 29 17 28 00 2 5680.797
2009 09 29 17 29 00 2 5680.795
2009 09 29 17 30 00 1 9999.000
2009 09 29 17 30 00 2 5680.794
2009 09 29 17 31 00 2 5680.792
2009 09 29 17 32 00 2 5680.790
2009 09 29 17 33 00 2 5680.788
2009 09 29 17 34 00 2 5680.786
2009 09 29 17 35 00 2 5680.785
2009 09 29 17 36 00 2 5680.783
2009 09 29 17 37 00 2 5680.782
2009 09 29 17 38 00 2 5680.779
2009 09 29 17 39 00 2 5680.777
2009 09 29 17 40 00 2 5680.776
2009 09 29 17 41 00 2 5680.774
2009 09 29 17 42 00 2 5680.771
2009 09 29 17 43 00 2 5680.770
2009 09 29 17 44 00 2 5680.768
2009 09 29 17 45 00 1 9999.000
2009 09 29 17 45 00 2 5680.765
2009 09 29 17 46 00 2 5680.763
2009 09 29 17 47 00 2 5680.761
2009 09 29 17 48 00 2 5680.760
2009 09 29 17 49 00 2 5680.758
2009 09 29 17 50 00 2 5680.755
2009 09 29 17 51 00 2 5680.749
2009 09 29 17 52 00 2 5680.736
2009 09 29 17 52 15 3 5680.762
2009 09 29 17 52 30 3 5680.780
2009 09 29 17 52 45 3 5680.654
2009 09 29 17 53 00 2 5680.684
2009 09 29 17 53 00 3 5680.895
2009 09 29 17 53 15 3 5680.817
2009 09 29 17 53 30 3 5680.485
2009 09 29 17 53 45 3 5680.540
2009 09 29 17 54 00 2 5680.883
2009 09 29 17 54 00 3 5680.870
2009 09 29 17 54 15 3 5680.803
2009 09 29 17 54 30 3 5680.917
2009 09 29 17 54 45 3 5680.943
2009 09 29 17 55 00 2 5680.815
2009 09 29 17 55 00 3 5680.923
2009 09 29 17 55 15 3 5680.904
2009 09 29 17 55 30 3 5680.811
2009 09 29 17 55 45 3 5680.764
2009 09 29 17 56 00 2 5680.697
2009 09 29 17 56 00 3 5680.635
2009 09 29 17 57 00 2 5680.760
2009 09 29 17 58 00 2 5680.719
2009 09 29 17 59 00 2 5680.643
2009 09 29 18 00 00 1 9999.000
2009 09 29 18 00 00 2 5680.681
2009 09 29 18 01 00 2 5680.908
2009 09 29 18 02 00 2 5680.524
2009 09 29 18 03 00 2 5680.832
2009 09 29 18 04 00 2 5680.739
2009 09 29 18 05 00 2 5680.689
2009 09 29 18 06 00 2 5680.671
2009 09 29 18 07 00 2 5680.767
2009 09 29 18 08 00 2 5680.772
2009 09 29 18 09 00 2 5680.750
2009 09 29 18 10 00 2 5680.636
2009 09 29 18 11 00 2 5680.703
2009 09 29 18 12 00 2 5680.750
2009 09 29 18 13 00 2 5680.655
2009 09 29 18 14 00 2 5680.733
2009 09 29 18 15 00 1 9999.000
2009 09 29 18 15 00 2 5680.728
2009 09 29 18 16 00 2 5680.684
2009 09 29 18 17 00 2 5680.749
2009 09 29 18 18 00 2 5680.675
2009 09 29 18 19 00 2 5680.660
2009 09 29 18 20 00 2 5680.710
2009 09 29 18 21 00 2 5680.654
2009 09 29 18 22 00 2 5680.740
2009 09 29 18 23 00 2 5680.642
2009 09 29 18 24 00 2 5680.709
2009 09 29 18 25 00 2 5680.670
2009 09 29 18 26 00 2 5680.683
2009 09 29 18 27 00 2 5680.702
2009 09 29 18 28 00 2 5680.665
2009 09 29 18 29 00 2 5680.681
2009 09 29 18 30 00 1 9999.000
2009 09 29 18 30 00 2 5680.668
2009 09 29 18 31 00 2 5680.671
2009 09 29 18 32 00 2 5680.655
2009 09 29 18 33 00 2 5680.664
2009 09 29 18 34 00 2 5680.670
2009 09 29 18 35 00 2 5680.662
2009 09 29 18 36 00 2 5680.662
2009 09 29 18 37 00 2 5680.672
2009 09 29 18 38 00 2 5680.650
2009 09 29 18 39 00 2 5680.613
2009 09 29 18 40 00 2 5680.682
2009 09 29 18 41 00 2 5680.649
2009 09 29 18 42 00 2 5680.628
2009 09 29 18 43 00 2 5680.661
2009 09 29 18 44 00 2 5680.646
2009 09 29 18 45 00 1 9999.000
2009 09 29 18 45 00 2 5680.658
2009 09 29 18 46 00 2 5680.614
2009 09 29 18 47 00 2 5680.644
2009 09 29 18 48 00 2 5680.667
2009 09 29 18 49 00 2 5680.633
2009 09 29 18 50 00 2 5680.687
2009 09 29 18 51 00 2 5680.654
2009 09 29 18 52 00 2 5680.659
2009 09 29 18 53 00 2 5680.661
2009 09 29 18 54 00 2 5680.635
2009 09 29 18 55 00 2 5680.615
2009 09 29 18 56 00 2 5680.615
2009 09 29 18 57 00 2 5680.587
2009 09 29 18 58 00 2 5680.568
2009 09 29 18 59 00 2 5680.550
2009 09 29 19 00 00 1 9999.000
2009 09 29 19 00 00 2 5680.544
2009 09 29 19 01 00 2 5680.574
2009 09 29 19 02 00 2 5680.613
2009 09 29 19 03 00 2 5680.622
2009 09 29 19 04 00 2 5680.611
2009 09 29 19 05 00 2 5680.600
2009 09 29 19 06 00 2 5680.588
2009 09 29 19 07 00 2 5680.615
2009 09 29 19 08 00 2 5680.607
2009 09 29 19 09 00 2 5680.563
2009 09 29 19 10 00 2 5680.554
2009 09 29 19 11 00 2 5680.584
2009 09 29 19 12 00 2 5680.595
2009 09 29 19 13 00 2 5680.595
2009 09 29 19 14 00 2 5680.571
2009 09 29 19 15 00 1 9999.000
2009 09 29 19 15 00 2 5680.580
2009 09 29 19 16 00 2 5680.568
2009 09 29 19 17 00 2 5680.564
2009 09 29 19 18 00 2 5680.566
2009 09 29 19 19 00 2 5680.570
2009 09 29 19 20 00 2 5680.575
2009 09 29 19 21 00 2 5680.571
2009 09 29 19 22 00 2 5680.531
2009 09 29 19 23 00 2 5680.564
2009 09 29 19 24 00 2 5680.580
2009 09 29 19 25 00 2 5680.578
2009 09 29 19 26 00 2 5680.615
2009 09 29 19 27 00 2 5680.598
2009 09 29 19 28 00 2 5680.527
2009 09 29 19 29 00 2 5680.478
2009 09 29 19 30 00 1 9999.000
2009 09 29 19 30 00 2 5680.480
2009 09 29 19 31 00 2 5680.513
2009 09 29 19 32 00 2 5680.563
2009 09 29 19 33 00 2 5680.598
2009 09 29 19 34 00 2 5680.566
2009 09 29 19 35 00 2 5680.497
2009 09 29 19 36 00 2 5680.459
2009 09 29 19 37 00 2 5680.484
2009 09 29 19 38 00 2 5680.529
2009 09 29 19 39 00 2 5680.547
2009 09 29 19 40 00 2 5680.549
2009 09 29 19 41 00 2 5680.532
2009 09 29 19 42 00 2 5680.524
2009 09 29 19 43 00 2 5680.537
2009 09 29 19 44 00 2 5680.524
2009 09 29 19 45 00 1 9999.000
2009 09 29 19 45 00 2 5680.525
2009 09 29 19 46 00 2 5680.535
2009 09 29 19 47 00 2 5680.537
2009 09 29 19 48 00 2 5680.503
2009 09 29 19 49 00 2 5680.495
2009 09 29 19 50 00 2 5680.491
2009 09 29 19 51 00 2 5680.486
2009 09 29 19 52 00 2 5680.500
2009 09 29 19 53 00 2 5680.514
2009 09 29 19 54 00 2 5680.500
2009 09 29 19 55 00 2 5680.511
2009 09 29 19 56 00 2 5680.538
2009 09 29 19 57 00 2 5680.528
2009 09 29 19 58 00 2 5680.484
2009 09 29 19 59 00 2 5680.463
2009 09 29 20 00 00 1 9999.000
2009 09 29 20 00 00 2 5680.471
2009 09 29 20 01 00 2 5680.478
2009 09 29 20 02 00 2 5680.476
2009 09 29 20 03 00 2 5680.484
2009 09 29 20 04 00 2 5680.496
2009 09 29 20 05 00 2 5680.483
2009 09 29 20 06 00 2 5680.491
2009 09 29 20 07 00 2 5680.503
2009 09 29 20 08 00 2 5680.505
2009 09 29 20 09 00 2 5680.494
2009 09 29 20 10 00 2 5680.472
2009 09 29 20 11 00 2 5680.462
2009 09 29 20 12 00 2 5680.460
2009 09 29 20 13 00 2 5680.448
2009 09 29 20 14 00 2 5680.457
2009 09 29 20 15 00 1 9999.000
2009 09 29 20 15 00 2 5680.485
2009 09 29 20 16 00 2 5680.473
2009 09 29 20 17 00 2 5680.458
2009 09 29 20 18 00 2 5680.460
2009 09 29 20 19 00 2 5680.468
2009 09 29 20 20 00 2 5680.462
2009 09 29 20 21 00 2 5680.452
2009 09 29 20 22 00 2 5680.453
2009 09 29 20 23 00 2 5680.456
2009 09 29 20 24 00 2 5680.463
2009 09 29 20 25 00 2 5680.463
2009 09 29 20 26 00 2 5680.443
2009 09 29 20 27 00 2 5680.448
2009 09 29 20 28 00 2 5680.459
2009 09 29 20 29 00 2 5680.476
2009 09 29 20 30 00 1 9999.000
2009 09 29 20 30 00 2 5680.456
2009 09 29 20 31 00 2 5680.433
2009 09 29 20 32 00 2 5680.449
2009 09 29 20 33 00 2 5680.433
2009 09 29 20 34 00 2 5680.441
2009 09 29 20 35 00 2 5680.450
2009 09 29 20 36 00 2 5680.450
2009 09 29 20 37 00 2 5680.428
2009 09 29 20 38 00 2 5680.436
2009 09 29 20 39 00 2 5680.449
2009 09 29 20 40 00 2 5680.426
2009 09 29 20 41 00 2 5680.414
2009 09 29 20 42 00 2 5680.426
2009 09 29 20 43 00 2 5680.424
2009 09 29 20 44 00 2 5680.422
2009 09 29 20 45 00 1 9999.000
2009 09 29 20 45 00 2 5680.436
2009 09 29 20 46 00 2 5680.445
2009 09 29 20 47 00 2 5680.436
2009 09 29 20 48 00 2 5680.417
2009 09 29 20 49 00 2 5680.430
2009 09 29 20 50 00 2 5680.436
2009 09 29 20 51 00 2 5680.435
2009 09 29 20 52 00 2 5680.430
2009 09 29 20 53 00 2 5680.436
2009 09 29 20 54 00 2 5680.421
2009 09 29 20 55 00 2 5680.410
2009 09 29 20 56 00 2 5680.418
2009 09 29 20 57 00 2 5680.424
2009 09 29 20 58 00 2 5680.441
2009 09 29 20 59 00 2 5680.443
2009 09 29 21 00 00 1 9999.000
2009 09 29 21 00 00 2 5680.431
2009 09 29 21 01 00 2 5680.426
2009 09 29 21 02 00 2 5680.404
2009 09 29 21 03 00 2 5680.402
2009 09 29 21 04 00 2 5680.417
2009 09 29 21 05 00 2 5680.421
2009 09 29 21 06 00 2 5680.427
2009 09 29 21 07 00 2 5680.421
2009 09 29 21 08 00 2 5680.420
2009 09 29 21 09 00 2 5680.418
2009 09 29 21 10 00 2 5680.414
2009 09 29 21 11 00 2 5680.395
2009 09 29 21 12 00 2 5680.410
2009 09 29 21 13 00 2 5680.420
2009 09 29 21 14 00 2 5680.410
2009 09 29 21 15 00 1 9999.000
2009 09 29 21 15 00 2 5680.388
2009 09 29 21 16 00 2 5680.401
2009 09 29 21 17 00 2 5680.411
2009 09 29 21 18 00 2 5680.406
2009 09 29 21 19 00 2 5680.402
2009 09 29 21 20 00 2 5680.413
2009 09 29 21 21 00 2 5680.422
2009 09 29 21 22 00 2 5680.405
2009 09 29 21 23 00 2 5680.402
2009 09 29 21 24 00 2 5680.405
2009 09 29 21 25 00 2 5680.405
2009 09 29 21 26 00 2 5680.410
2009 09 29 21 27 00 2 5680.419
2009 09 29 21 28 00 2 5680.411
2009 09 29 21 29 00 2 5680.408
2009 09 29 21 30 00 1 9999.000
2009 09 29 21 30 00 2 5680.421
2009 09 29 21 31 00 2 5680.409
2009 09 29 21 32 00 2 5680.398
2009 09 29 21 33 00 2 5680.405
2009 09 29 21 34 00 2 5680.411
2009 09 29 21 35 00 2 5680.400
2009 09 29 21 36 00 2 5680.404
2009 09 29 21 37 00 2 5680.409
2009 09 29 21 38 00 2 5680.406
2009 09 29 21 39 00 2 5680.394
2009 09 29 21 40 00 2 5680.414
2009 09 29 21 41 00 2 5680.418
2009 09 29 21 42 00 2 5680.408
2009 09 29 21 43 00 2 5680.408
2009 09 29 21 44 00 2 5680.388
2009 09 29 21 45 00 1 9999.000
2009 09 29 21 45 00 2 5680.392
2009 09 29 21 46 00 2 5680.411
2009 09 29 21 47 00 2 5680.418
2009 09 29 21 48 00 2 5680.405
2009 09 29 21 49 00 2 5680.399
2009 09 29 21 50 00 2 5680.394
2009 09 29 21 51 00 2 5680.399
2009 09 29 21 52 00 2 5680.408
2009 09 29 21 53 00 2 5680.408
2009 09 29 21 54 00 2 5680.412
2009 09 29 21 55 00 2 5680.415
2009 09 29 21 56 00 2 5680.405
2009 09 29 21 57 00 2 5680.395
2009 09 29 21 58 00 2 5680.398
2009 09 29 21 59 00 2 5680.404
2009 09 29 22 00 00 1 9999.000
2009 09 29 22 00 00 2 5680.409
2009 09 29 22 01 00 2 5680.417
2009 09 29 22 02 00 2 5680.419
2009 09 29 22 03 00 2 5680.420
2009 09 29 22 04 00 2 5680.410
2009 09 29 22 05 00 2 5680.395
2009 09 29 22 06 00 2 5680.395
2009 09 29 22 07 00 2 5680.409
2009 09 29 22 08 00 2 5680.410
2009 09 29 22 09 00 2 5680.411
2009 09 29 22 10 00 2 5680.409
2009 09 29 22 11 00 2 5680.412
2009 09 29 22 12 00 2 5680.409
2009 09 29 22 13 00 2 5680.409
2009 09 29 22 14 00 2 5680.421
2009 09 29 22 15 00 1 9999.000
2009 09 29 22 15 00 2 5680.428
2009 09 29 22 16 00 2 5680.418
2009 09 29 22 17 00 2 5680.409
2009 09 29 22 18 00 2 5680.404
2009 09 29 22 19 00 2 5680.414
2009 09 29 22 20 00 2 5680.412
2009 09 29 22 21 00 2 5680.408
2009 09 29 22 22 00 2 5680.417
2009 09 29 22 23 00 2 5680.418
2009 09 29 22 24 00 2 5680.425
2009 09 29 22 25 00 2 5680.422
2009 09 29 22 26 00 2 5680.409
2009 09 29 22 27 00 2 5680.405
2009 09 29 22 28 00 2 5680.415
2009 09 29 22 29 00 2 5680.433
2009 09 29 22 30 00 1 9999.000
2009 09 29 22 30 00 2 5680.444
2009 09 29 22 31 00 2 5680.434
2009 09 29 22 32 00 2 5680.424
2009 09 29 22 33 00 2 5680.423
2009 09 29 22 34 00 2 5680.428
2009 09 29 22 35 00 2 5680.427
2009 09 29 22 36 00 2 5680.423
2009 09 29 22 37 00 2 5680.420
2009 09 29 22 38 00 2 5680.408
2009 09 29 22 39 00 2 5680.417
2009 09 29 22 40 00 2 5680.427
2009 09 29 22 41 00 2 5680.432
2009 09 29 22 42 00 2 5680.443
2009 09 29 22 43 00 2 5680.438
2009 09 29 22 44 00 2 5680.437
2009 09 29 22 45 00 1 9999.000
2009 09 29 22 45 00 2 5680.448
2009 09 29 22 46 00 2 5680.443
2009 09 29 22 47 00 2 5680.427
2009 09 29 22 48 00 2 5680.432
2009 09 29 22 49 00 2 5680.437
2009 09 29 22 50 00 2 5680.440
2009 09 29 22 51 00 2 5680.445
2009 09 29 22 52 00 2 5680.448
2009 09 29 22 53 00 2 5680.454
2009 09 29 22 54 00 2 5680.450
2009 09 29 22 55 00 2 5680.438
2009 09 29 22 56 00 2 5680.438
2009 09 29 22 57 00 2 5680.445
2009 09 29 22 58 00 2 5680.448
2009 09 29 22 59 00 2 5680.450
2009 09 29 23 00 00 1 9999.000
2009 09 29 23 00 00 2 5680.452
2009 09 29 23 01 00 2 5680.447
2009 09 29 23 02 00 2 5680.449
2009 09 29 23 03 00 2 5680.460
2009 09 29 23 04 00 2 5680.457
2009 09 29 23 05 00 2 5680.456
2009 09 29 23 06 00 2 5680.462
2009 09 29 23 07 00 2 5680.467
2009 09 29 23 08 00 2 5680.474
2009 09 29 23 09 00 2 5680.472
2009 09 29 23 10 00 2 5680.463
2009 09 29 23 11 00 2 5680.465
2009 09 29 23 12 00 2 5680.473
2009 09 29 23 13 00 2 5680.462
2009 09 29 23 14 00 2 5680.453
2009 09 29 23 15 00 1 9999.000
2009 09 29 23 15 00 2 5680.463
2009 09 29 23 16 00 2 5680.485
2009 09 29 23 17 00 2 5680.488
2009 09 29 23 18 00 2 5680.482
2009 09 29 23 19 00 2 5680.473
2009 09 29 23 20 00 2 5680.474
2009 09 29 23 21 00 2 5680.490
2009 09 29 23 22 00 2 5680.500
2009 09 29 23 23 00 2 5680.491
2009 09 29 23 24 00 2 5680.481
2009 09 29 23 25 00 2 5680.490
2009 09 29 23 26 00 2 5680.493
2009 09 29 23 27 00 2 5680.501
2009 09 29 23 28 00 2 5680.507
2009 09 29 23 29 00 2 5680.491
2009 09 29 23 30 00 1 9999.000
2009 09 29 23 30 00 2 5680.480
2009 09 29 23 31 00 2 5680.490
2009 09 29 23 32 00 2 5680.500
2009 09 29 23 33 00 2 5680.504
2009 09 29 23 34 00 2 5680.508
2009 09 29 23 35 00 2 5680.515
2009 09 29 23 36 00 2 5680.522
2009 09 29 23 37 00 2 5680.517
2009 09 29 23 38 00 2 5680.507
2009 09 29 23 39 00 2 5680.505
2009 09 29 23 40 00 2 5680.506
2009 09 29 23 41 00 2 5680.515
2009 09 29 23 42 00 2 5680.528
2009 09 29 23 43 00 2 5680.526
2009 09 29 23 44 00 2 5680.515
2009 09 29 23 45 00 1 9999.000
2009 09 29 23 45 00 2 5680.519
2009 09 29 23 46 00 2 5680.526
2009 09 29 23 47 00 2 5680.525
2009 09 29 23 48 00 2 5680.527
2009 09 29 23 49 00 2 5680.534
2009 09 29 23 50 00 2 5680.535
2009 09 29 23 51 00 2 5680.532
2009 09 29 23 52 00 2 5680.533
2009 09 29 23 53 00 2 5680.539
2009 09 29 23 54 00 2 5680.538
2009 09 29 23 55 00 2 5680.538
2009 09 29 23 56 00 2 5680.553
2009 09 29 23 57 00 2 5680.548
2009 09 29 23 58 00 2 5680.544
2009 09 29 23 59 00 2 5680.559
2009 09 30 00 00 00 1 9999.000
2009 09 30 00 15 00 1 5680.574
2009 09 30 00 30 00 1 5680.604
2009 09 30 00 45 00 1 5680.643
2009 09 30 01 00 00 1 5680.668
2009 09 30 01 15 00 1 5680.702
2009 09 30 01 30 00 1 5680.734
2009 09 30 01 45 00 1 5680.763
2009 09 30 02 00 00 1 5680.791
2009 09 30 02 15 00 1 5680.806
2009 09 30 02 30 00 1 5680.837
2009 09 30 02 45 00 1 5680.846
2009 09 30 03 00 00 1 5680.860
2009 09 30 03 15 00 1 5680.877
2009 09 30 03 30 00 1 5680.891
2009 09 30 03 45 00 1 5680.891
2009 09 30 04 00 00 1 5680.892
2009 09 30 04 15 00 1 5680.895
2009 09 30 04 30 00 1 5680.891
2009 09 30 04 45 00 1 5680.874
2009 09 30 05 00 00 1 5680.857
2009 09 30 05 15 00 1 5680.841
2009 09 30 05 30 00 1 5680.822
2009 09 30 05 45 00 1 5680.800
2009 09 30 06 00 00 1 5680.769
2009 09 30 06 15 00 1 5680.744
2009 09 30 06 30 00 1 5680.718
2009 09 30 06 45 00 1 5680.687
2009 09 30 07 00 00 1 5680.656
2009 09 30 07 15 00 1 5680.632
2009 09 30 07 30 00 1 5680.598
2009 09 30 07 45 00 1 5680.576
2009 09 30 08 00 00 1 5680.548
2009 09 30 08 15 00 1 5680.523
2009 09 30 08 30 00 1 5680.501
2009 09 30 08 45 00 1 5680.482
2009 09 30 09 00 00 1 5680.469
2009 09 30 09 15 00 1 5680.449
2009 09 30 09 30 00 1 5680.438
2009 09 30 09 45 00 1 5680.438
2009 09 30 10 00 00 1 5680.439
2009 09 30 10 15 00 1 5680.435
2009 09 30 10 30 00 1 5680.447
2009 09 30 10 45 00 1 5680.457
2009 09 30 11 00 00 1 5680.469
2009 09 30 11 15 00 1 5680.489
2009 09 30 11 30 00 1 5680.509
2009 09 30 11 45 00 1 5680.529
2009 09 30 12 00 00 1 5680.559
2009 09 30 12 15 00 1 5680.584
2009 09 30 12 30 00 1 5680.622
2009 09 30 12 45 00 1 5680.651
2009 09 30 13 00 00 1 5680.682
2009 09 30 13 15 00 1 5680.715
2009 09 30 13 30 00 1 5680.742
2009 09 30 13 45 00 1 5680.775
2009 09 30 14 00 00 1 5680.798
2009 09 30 14 15 00 1 5680.825
2009 09 30 14 30 00 1 5680.853
2009 09 30 14 45 00 1 5680.870
2009 09 30 15 00 00 1 5680.892
2009 09 30 15 15 00 1 5680.904
2009 09 30 15 30 00 1 5680.922
2009 09 30 15 45 00 1 5680.928
2009 09 30 16 00 00 1 5680.928
2009 09 30 16 15 00 1 5680.931
2009 09 30 16 30 00 1 5680.930
2009 09 30 16 45 00 1 5680.915
2009 09 30 17 00 00 1 5680.915
2009 09 30 17 15 00 1 5680.898
2009 09 30 17 30 00 1 5680.875
2009 09 30 17 45 00 1 5680.853
2009 09 30 18 00 00 1 5680.826
2009 09 30 18 15 00 1 5680.804
2009 09 30 18 30 00 1 5680.782
2009 09 30 18 45 00 1 5680.742
2009 09 30 19 00 00 1 5680.715
2009 09 30 19 15 00 1 5680.680
2009 09 30 19 30 00 1 5680.644
2009 09 30 19 45 00 1 5680.608
2009 09 30 20 00 00 1 5680.571
2009 09 30 20 15 00 1 5680.546
2009 09 30 20 30 00 1 5680.509
2009 09 30 20 45 00 1 5680.484
2009 09 30 21 00 00 1 5680.456
2009 09 30 21 15 00 1 5680.439
2009 09 30 21 30 00 1 5680.415
2009 09 30 21 45 00 1 5680.400
2009 09 30 22 00 00 1 5680.386
2009 09 30 22 15 00 1 5680.381
2009 09 30 22 30 00 1 5680.371
2009 09 30 22 45 00 1 5680.378
2009 09 30 23 00 00 1 5680.387
2009 09 30 23 15 00 1 5680.394
2009 09 30 23 30 00 1 5680.402
2009 09 30 23 45 00 1 5680.424
2009 10 01 00 00 00 1 5680.446
2009 10 01 00 15 00 1 5680.474
2009 10 01 00 30 00 1 5680.497
2009 10 01 00 45 00 1 5680.521
2009 10 01 01 00 00 1 5680.553
2009 10 01 01 15 00 1 5680.582
2009 10 01 01 30 00 1 5680.618
2009 10 01 01 45 00 1 5680.651
2009 10 01 02 00 00 1 5680.685
2009 10 01 02 15 00 1 5680.720
2009 10 01 02 30 00 1 5680.752
2009 10 01 02 45 00 1 5680.783
2009 10 01 03 00 00 1 5680.813
2009 10 01 03 15 00 1 5680.836
2009 10 01 03 30 00 1 5680.859
2009 10 01 03 45 00 1 5680.878
2009 10 01 04 00 00 1 5680.892
2009 10 01 04 15 00 1 5680.907
2009 10 01 04 30 00 1 5680.915
2009 10 01 04 45 00 1 5680.917
2009 10 01 05 00 00 1 5680.914
2009 10 01 05 15 00 1 5680.908
2009 10 01 05 30 00 1 5680.893
2009 10 01 05 45 00 1 5680.885
2009 10 01 06 00 00 1 5680.868
2009 10 01 06 15 00 1 5680.841
2009 10 01 06 30 00 1 5680.817
2009 10 01 06 45 00 1 5680.790
2009 10 01 07 00 00 1 5680.761
2009 10 01 07 15 00 1 5680.729
2009 10 01 07 30 00 1 5680.703
2009 10 01 07 45 00 1 5680.673
2009 10 01 08 00 00 1 5680.635
2009 10 01 08 15 00 1 5680.604
2009 10 01 08 30 00 1 5680.570
2009 10 01 08 45 00 1 5680.536
2009 10 01 09 00 00 1 5680.506
2009 10 01 09 15 00 1 5680.477
2009 10 01 09 30 00 1 5680.456
2009 10 01 09 45 00 1 5680.437
2009 10 01 10 00 00 1 5680.422
2009 10 01 10 15 00 1 5680.406
2009 10 01 10 30 00 1 5680.397
2009 10 01 10 45 00 1 5680.392
2009 10 01 11 00 00 1 5680.389
2009 10 01 11 15 00 1 5680.390
2009 10 01 11 30 00 1 5680.402
2009 10 01 11 45 00 1 5680.413
2009 10 01 12 00 00 1 5680.429
2009 10 01 12 15 00 1 5680.453
2009 10 01 12 30 00 1 5680.476
2009 10 01 12 45 00 1 5680.502
2009 10 01 13 00 00 1 5680.531
2009 10 01 13 15 00 1 5680.562
2009 10 01 13 30 00 1 5680.593
2009 10 01 13 45 00 1 5680.627
2009 10 01 14 00 00 1 5680.666
2009 10 01 14 15 00 1 5680.698
2009 10 01 14 30 00 1 5680.735
2009 10 01 14 45 00 1 5680.768
2009 10 01 15 00 00 1 5680.802
2009 10 01 15 15 00 1 5680.831
2009 10 01 15 30 00 1 5680.863
2009 10 01 15 45 00 1 5680.887
2009 10 01 16 00 00 1 5680.901
2009 10 01 16 15 00 1 5680.921
2009 10 01 16 30 00 1 5680.933
2009 10 01 16 45 00 1 5680.939
2009 10 01 17 00 00 1 5680.945
2009 10 01 17 15 00 1 5680.942
2009 10 01 17 30 00 1 5680.939
2009 10 01 17 45 00 1 5680.932
2009 10 01 18 00 00 1 5680.920
2009 10 01 18 15 00 1 5680.902
2009 10 01 18 30 00 1 5680.879
2009 10 01 18 45 00 1 5680.856
2009 10 01 19 00 00 1 5680.828
2009 10 01 19 15 00 1 5680.795
2009 10 01 19 30 00 1 5680.760
2009 10 01 19 45 00 1 5680.727
2009 10 01 20 00 00 1 5680.691
2009 10 01 20 15 00 1 5680.657
2009 10 01 20 30 00 1 5680.619
2009 10 01 20 45 00 1 5680.582
2009 10 01 21 00 00 1 5680.549
2009 10 01 21 15 00 1 5680.515
2009 10 01 21 30 00 1 5680.486
2009 10 01 21 45 00 1 5680.456
2009 10 01 22 00 00 1 5680.430
2009 10 01 22 15 00 1 5680.407
2009 10 01 22 30 00 1 5680.392
2009 10 01 22 45 00 1 5680.378
2009 10 01 23 00 00 1 5680.369
2009 10 01 23 15 00 1 5680.363
2009 10 01 23 30 00 1 5680.361
2009 10 01 23 45 00 1 5680.364
2009 10 02 00 00 00 1 5680.375
2009 10 02 00 15 00 1 5680.389
2009 10 02 00 30 00 1 5680.404
2009 10 02 00 45 00 1 5680.425
2009 10 02 01 00 00 1 5680.451
2009 10 02 01 15 00 1 5680.482
2009 10 02 01 30 00 1 5680.506
2009 10 02 01 45 00 1 5680.541
2009 10 02 02 00 00 1 5680.582
2009 10 02 02 15 00 1 5680.623
2009 10 02 02 30 00 1 5680.662
2009 10 02 02 45 00 1 5680.700
2009 10 02 03 00 00 1 5680.738
2009 10 02 03 15 00 1 5680.773
2009 10 02 03 30 00 1 5680.808
2009 10 02 03 45 00 1 5680.840
2009 10 02 04 00 00 1 5680.868
2009 10 02 04 15 00 1 5680.895
2009 10 02 04 30 00 1 5680.918
2009 10 02 04 45 00 1 5680.934
2009 10 02 05 00 00 1 5680.945
2009 10 02 05 15 00 1 5680.957
2009 10 02 05 30 00 1 5680.959
2009 10 02 05 45 00 1 5680.959
2009 10 02 06 00 00 1 5680.952
2009 10 02 06 15 00 1 5680.941
2009 10 02 06 30 00 1 5680.927
2009 10 02 06 45 00 1 5680.909
2009 10 02 07 00 00 1 5680.886
2009 10 02 07 15 00 1 5680.860
2009 10 02 07 30 00 1 5680.829
2009 10 02 07 45 00 1 5680.796
2009 10 02 08 00 00 1 5680.761
2009 10 02 08 15 00 1 5680.722
2009 10 02 08 30 00 1 5680.684
2009 10 02 08 45 00 1 5680.647
2009 10 02 09 00 00 1 5680.606
2009 10 02 09 15 00 1 5680.568
2009 10 02 09 30 00 1 5680.531
2009 10 02 09 45 00 1 5680.498
2009 10 02 10 00 00 1 5680.464
2009 10 02 10 15 00 1 5680.437
2009 10 02 10 30 00 1 5680.410
2009 10 02 10 45 00 1 5680.389
2009 10 02 11 00 00 1 5680.372
2009 10 02 11 15 00 1 5680.360
2009 10 02 11 30 00 1 5680.354
2009 10 02 11 45 00 1 5680.355
2009 10 02 12 00 00 1 5680.357
2009 10 02 12 15 00 1 5680.363
2009 10 02 12 30 00 1 5680.376
2009 10 02 12 45 00 1 5680.391
2009 10 02 13 00 00 1 5680.411
2009 10 02 13 15 00 1 5680.435
2009 10 02 13 30 00 1 5680.463
2009 10 02 13 45 00 1 5680.492
2009 10 02 14 00 00 1 5680.526
2009 10 02 14 15 00 1 5680.563
2009 10 02 14 30 00 1 5680.606
2009 10 02 14 45 00 1 5680.647
2009 10 02 15 00 00 1 5680.686
2009 10 02 15 15 00 1 5680.729
2009 10 02 15 30 00 1 5680.767
2009 10 02 15 45 00 1 5680.806
2009 10 02 16 00 00 1 5680.839
2009 10 02 16 15 00 1 5680.874
2009 10 02 16 30 00 1 5680.902
2009 10 02 16 45 00 1 5680.926
2009 10 02 17 00 00 1 5680.948
2009 10 02 17 15 00 1 5680.964
2009 10 02 17 30 00 1 5680.975
2009 10 02 17 45 00 1 5680.980
2009 10 02 18 00 00 1 5680.982
2009 10 02 18 15 00 1 5680.979
2009 10 02 18 30 00 1 5680.970
2009 10 02 18 45 00 1 5680.954
2009 10 02 19 00 00 1 5680.937
2009 10 02 19 15 00 1 5680.912
2009 10 02 19 30 00 1 5680.884
2009 10 02 19 45 00 1 5680.853
2009 10 02 20 00 00 1 5680.817
2009 10 02 20 15 00 1 5680.779
2009 10 02 20 30 00 1 5680.738
2009 10 02 20 45 00 1 5680.694
2009 10 02 21 00 00 1 5680.652
2009 10 02 21 15 00 1 5680.612
2009 10 02 21 30 00 1 5680.573
2009 10 02 21 45 00 1 5680.535
2009 10 02 22 00 00 1 5680.498
2009 10 02 22 15 00 1 5680.465
2009 10 02 22 30 00 1 5680.438
2009 10 02 22 45 00 1 5680.410
2009 10 02 23 00 00 1 5680.387
2009 10 02 23 15 00 1 5680.367
2009 10 02 23 30 00 1 5680.351
2009 10 02 23 45 00 1 5680.343
2009 10 03 00 00 00 1 5680.337
2009 10 03 00 15 00 1 5680.336
2009 10 03 00 30 00 1 5680.341
2009 10 03 00 45 00 1 5680.352
2009 10 03 01 00 00 1 5680.371
2009 10 03 01 15 00 1 5680.392
2009 10 03 01 30 00 1 5680.415
2009 10 03 01 45 00 1 5680.446
2009 10 03 02 00 00 1 5680.478
2009 10 03 02 15 00 1 5680.516
2009 10 03 02 30 00 1 5680.555
2009 10 03 02 45 00 1 5680.596
2009 10 03 03 00 00 1 5680.638
2009 10 03 03 15 00 1 5680.683
2009 10 03 03 30 00 1 5680.727
2009 10 03 03 45 00 1 5680.768
2009 10 03 04 00 00 1 5680.809
2009 10 03 04 15 00 1 5680.850
2009 10 03 04 30 00 1 5680.888
2009 10 03 04 45 00 1 5680.920
2009 10 03 05 00 00 1 5680.950
2009 10 03 05 15 00 1 5680.973
2009 10 03 05 30 00 1 5680.990
2009 10 03 05 45 00 1 5681.008
2009 10 03 06 00 00 1 5681.017
2009 10 03 06 15 00 1 5681.021
2009 10 03 06 30 00 1 5681.020
2009 10 03 06 45 00 1 5681.012
2009 10 03 07 00 00 1 5681.001
2009 10 03 07 15 00 1 5680.980
2009 10 03 07 30 00 1 5680.960
2009 10 03 07 45 00 1 5680.931
2009 10 03 08 00 00 1 5680.898
2009 10 03 08 15 00 1 5680.863
2009 10 03 08 30 00 1 5680.822
2009 10 03 08 45 00 1 5680.778
2009 10 03 09 00 00 1 5680.733
2009 10 03 09 15 00 1 5680.689
2009 10 03 09 30 00 1 5680.644
2009 10 03 09 45 00 1 5680.600
2009 10 03 10 00 00 1 5680.555
2009 10 03 10 15 00 1 5680.512
2009 10 03 10 30 00 1 5680.470
2009 10 03 10 45 00 1 5680.435
2009 10 03 11 00 00 1 5680.402
2009 10 03 11 15 00 1 5680.370
2009 10 03 11 30 00 1 5680.345
2009 10 03 11 45 00 1 5680.326
2009 10 03 12 00 00 1 5680.312
2009 10 03 12 15 00 1 5680.301
2009 10 03 12 30 00 1 5680.299
2009 10 03 12 45 00 1 5680.303
2009 10 03 13 00 00 1 5680.309
2009 10 03 13 15 00 1 5680.324
2009 10 03 13 30 00 1 5680.344
2009 10 03 13 45 00 1 5680.367
2009 10 03 14 00 00 1 5680.395
2009 10 03 14 15 00 1 5680.427
2009 10 03 14 30 00 1 5680.467
2009 10 03 14 45 00 1 5680.508
2009 10 03 15 00 00 1 5680.552
2009 10 03 15 15 00 1 5680.599
2009 10 03 15 30 00 1 5680.648
2009 10 03 15 45 00 1 5680.697
2009 10 03 16 00 00 1 5680.744
2009 10 03 16 15 00 1 5680.789
2009 10 03 16 30 00 1 5680.834
2009 10 03 16 45 00 1 5680.873
2009 10 03 17 00 00 1 5680.908
2009 10 03 17 15 00 1 5680.940
2009 10 03 17 30 00 1 5680.967
2009 10 03 17 45 00 1 5680.991
2009 10 03 18 00 00 1 5681.010
2009 10 03 18 15 00 1 5681.019
2009 10 03 18 30 00 1 5681.024
2009 10 03 18 45 00 1 5681.027
2009 10 03 19 00 00 1 5681.022
2009 10 03 19 15 00 1 5681.008
2009 10 03 19 30 00 1 5680.989
2009 10 03 19 45 00 1 5680.965
2009 10 03 20 00 00 1 5680.938
2009 10 03 20 15 00 1 5680.902
2009 10 03 20 30 00 1 5680.865
2009 10 03 20 45 00 1 5680.823
2009 10 03 21 00 00 1 5680.780
2009 10 03 21 15 00 1 5680.738
2009 10 03 21 30 00 1 5680.693
2009 10 03 21 45 00 1 5680.651
2009 10 03 22 00 00 1 5680.607
2009 10 03 22 15 00 1 5680.565
2009 10 03 22 30 00 1 5680.522
2009 10 03 22 45 00 1 5680.481
2009 10 03 23 00 00 1 5680.445
2009 10 03 23 15 00 1 5680.413
2009 10 03 23 30 00 1 5680.384
2009 10 03 23 45 00 1 5680.357
2009 10 04 00 00 00 1 5680.335
2009 10 04 00 15 00 1 5680.319
2009 10 04 00 30 00 1 5680.315
2009 10 04 00 45 00 1 5680.310
2009 10 04 01 00 00 1 5680.311
2009 10 04 01 15 00 1 5680.317
2009 10 04 01 30 00 1 5680.330
2009 10 04 01 45 00 1 5680.348
2009 10 04 02 00 00 1 5680.371
2009 10 04 02 15 00 1 5680.403
2009 10 04 02 30 00 1 5680.438
2009 10 04 02 45 00 1 5680.480
2009 10 04 03 00 00 1 5680.521
2009 10 04 03 15 00 1 5680.564
2009 10 04 03 30 00 1 5680.613
2009 10 04 03 45 00 1 5680.660
2009 10 04 04 00 00 1 5680.709
2009 10 04 04 15 00 1 5680.757
2009 10 04 04 30 00 1 5680.806
2009 10 04 04 45 00 1 5680.850
2009 10 04 05 00 00 1 5680.895
2009 10 04 05 15 00 1 5680.933
2009 10 04 05 30 00 1 5680.970
2009 10 04 05 45 00 1 5680.999
2009 10 04 06 00 00 1 5681.023
2009 10 04 06 15 00 1 5681.043
2009 10 04 06 30 00 1 5681.056
2009 10 04 06 45 00 1 5681.064
2009 10 04 07 00 00 1 5681.066
2009 10 04 07 15 00 1 5681.062
2009 10 04 07 30 00 1 5681.053
2009 10 04 07 45 00 1 5681.036
2009 10 04 08 00 00 1 5681.012
2009 10 04 08 15 00 1 5680.981
2009 10 04 08 30 00 1 5680.946
2009 10 04 08 45 00 1 5680.905
2009 10 04 09 00 00 1 5680.859
2009 10 04 09 15 00 1 5680.812
2009 10 04 09 30 00 1 5680.763
2009 10 04 09 45 00 1 5680.712
2009 10 04 10 00 00 1 5680.665
2009 10 04 10 15 00 1 5680.610
2009 10 04 10 30 00 1 5680.562
2009 10 04 10 45 00 1 5680.514
2009 10 04 11 00 00 1 5680.468
2009 10 04 11 15 00 1 5680.424
2009 10 04 11 30 00 1 5680.386
2009 10 04 11 45 00 1 5680.349
2009 10 04 12 00 00 1 5680.318
2009 10 04 12 15 00 1 5680.291
2009 10 04 12 30 00 1 5680.270
2009 10 04 12 45 00 1 5680.257
2009 10 04 13 00 00 1 5680.247
2009 10 04 13 15 00 1 5680.246
2009 10 04 13 30 00 1 5680.246
2009 10 04 13 45 00 1 5680.257
2009 10 04 14 00 00 1 5680.275
2009 10 04 14 15 00 1 5680.300
2009 10 04 14 30 00 1 5680.330
2009 10 04 14 45 00 1 5680.365
2009 10 04 15 00 00 1 5680.405
2009 10 04 15 15 00 1 5680.450
2009 10 04 15 30 00 1 5680.501
2009 10 04 15 45 00 1 5680.549
2009 10 04 16 00 00 1 5680.600
2009 10 04 16 15 00 1 5680.650
2009 10 04 16 30 00 1 5680.701
2009 10 04 16 45 00 1 5680.753
2009 10 04 17 00 00 1 5680.804
2009 10 04 17 15 00 1 5680.849
2009 10 04 17 30 00 1 5680.894
2009 10 04 17 45 00 1 5680.935
2009 10 04 18 00 00 1 5680.972
2009 10 04 18 15 00 1 5680.998
2009 10 04 18 30 00 1 5681.024
2009 10 04 18 45 00 1 5681.041
2009 10 04 19 00 00 1 5681.052
2009 10 04 19 15 00 1 5681.056
2009 10 04 19 30 00 1 5681.054
2009 10 04 19 45 00 1 5681.043
2009 10 04 20 00 00 1 5681.027
2009 10 04 20 15 00 1 5681.005
2009 10 04 20 30 00 1 5680.976
2009 10 04 20 45 00 1 5680.944
2009 10 04 21 00 00 1 5680.905
2009 10 04 21 15 00 1 5680.866
2009 10 04 21 30 00 1 5680.821
2009 10 04 21 45 00 1 5680.776
2009 10 04 22 00 00 1 5680.730
2009 10 04 22 15 00 1 5680.682
2009 10 04 22 30 00 1 5680.634
2009 10 04 22 45 00 1 5680.585
2009 10 04 23 00 00 1 5680.540
2009 10 04 23 15 00 1 5680.496
2009 10 04 23 30 00 1 5680.456
2009 10 04 23 45 00 1 5680.421
2009 10 05 00 00 00 1 5680.384
2009 10 05 00 15 00 1 5680.353
2009 10 05 00 30 00 1 5680.325
2009 10 05 00 45 00 1 5680.306
2009 10 05 01 00 00 1 5680.290
2009 10 05 01 15 00 1 5680.284
2009 10 05 01 30 00 1 5680.281
2009 10 05 01 45 00 1 5680.285
2009 10 05 02 00 00 1 5680.297
2009 10 05 02 15 00 1 5680.312
2009 10 05 02 30 00 1 5680.336
2009 10 05 02 45 00 1 5680.368
2009 10 05 03 00 00 1 5680.401
2009 10 05 03 15 00 1 5680.441
2009 10 05 03 30 00 1 5680.487
2009 10 05 03 45 00 1 5680.535
2009 10 05 04 00 00 1 5680.585
2009 10 05 04 15 00 1 5680.635
2009 10 05 04 30 00 1 5680.690
2009 10 05 04 45 00 1 5680.745
2009 10 05 05 00 00 1 5680.799
2009 10 05 05 15 00 1 5680.851
2009 10 05 05 30 00 1 5680.901
2009 10 05 05 45 00 1 5680.950
2009 10 05 06 00 00 1 5680.988
2009 10 05 06 15 00 1 5681.027
2009 10 05 06 30 00 1 5681.062
2009 10 05 06 45 00 1 5681.087
2009 10 05 07 00 00 1 5681.108
2009 10 05 07 15 00 1 5681.118
2009 10 05 07 30 00 1 5681.125
2009 10 05 07 45 00 1 5681.123
2009 10 05 08 00 00 1 5681.114
2009 10 05 08 15 00 1 5681.098
2009 10 05 08 30 00 1 5681.077
2009 10 05 08 45 00 1 5681.048
2009 10 05 09 00 00 1 5681.014
2009 10 05 09 15 00 1 5680.970
2009 10 05 09 30 00 1 5680.923
2009 10 05 09 45 00 1 5680.872
2009 10 05 10 00 00 1 5680.818
2009 10 05 10 15 00 1 5680.765
2009 10 05 10 30 00 1 5680.709
2009 10 05 10 45 00 1 5680.651
2009 10 05 11 00 00 1 5680.593
2009 10 05 11 15 00 1 5680.539
2009 10 05 11 30 00 1 5680.483
2009 10 05 11 45 00 1 5680.433
2009 10 05 12 00 00 1 5680.385
2009 10 05 12 15 00 1 5680.341
2009 10 05 12 30 00 1 5680.302
2009 10 05 12 45 00 1 5680.272
2009 10 05 13 00 00 1 5680.246
2009 10 05 13 15 00 1 5680.224
2009 10 05 13 30 00 1 5680.207
2009 10 05 13 45 00 1 5680.199
2009 10 05 14 00 00 1 5680.200
2009 10 05 14 15 00 1 5680.209
2009 10 05 14 30 00 1 5680.221
2009 10 05 14 45 00 1 5680.238
2009 10 05 15 00 00 1 5680.266
2009 10 05 15 15 00 1 5680.300
2009 10 05 15 30 00 1 5680.340
2009 10 05 15 45 00 1 5680.388
2009 10 05 16 00 00 1 5680.439
2009 10 05 16 15 00 1 5680.490
2009 10 05 16 30 00 1 5680.542
2009 10 05 16 45 00 1 5680.599
2009 10 05 17 00 00 1 5680.652
2009 10 05 17 15 00 1 5680.710
2009 10 05 17 30 00 1 5680.766
2009 10 05 17 45 00 1 5680.819
2009 10 05 18 00 00 1 5680.871
2009 10 05 18 15 00 1 5680.921
2009 10 05 18 30 00 1 5680.966
2009 10 05 18 45 00 1 5681.002
2009 10 05 19 00 00 1 5681.031
2009 10 05 19 15 00 1 5681.056
2009 10 05 19 30 00 1 5681.073
2009 10 05 19 45 00 1 5681.083
2009 10 05 20 00 00 1 5681.085
2009 10 05 20 15 00 1 5681.081
2009 10 05 20 30 00 1 5681.069
2009 10 05 20 45 00 1 5681.052
2009 10 05 21 00 00 1 5681.029
2009 10 05 21 15 00 1 5681.001
2009 10 05 21 30 00 1 5680.959
2009 10 05 21 45 00 1 5680.917
2009 10 05 22 00 00 1 5680.872
2009 10 05 22 15 00 1 5680.822
2009 10 05 22 30 00 1 5680.771
2009 10 05 22 45 00 1 5680.720
2009 10 05 23 00 00 1 5680.669
2009 10 05 23 15 00 1 5680.618
2009 10 05 23 30 00 1 5680.566
2009 10 05 23 45 00 1 5680.518
2009 10 06 00 00 00 1 5680.473
2009 10 06 00 15 00 1 5680.429
2009 10 06 00 30 00 1 5680.390
2009 10 06 00 45 00 1 5680.355
2009 10 06 01 00 00 1 5680.322
2009 10 06 01 15 00 1 5680.297
2009 10 06 01 30 00 1 5680.277
2009 10 06 01 45 00 1 5680.264
2009 10 06 02 00 00 1 5680.258
2009 10 06 02 15 00 1 5680.258
2009 10 06 02 30 00 1 5680.266
2009 10 06 02 45 00 1 5680.278
2009 10 06 03 00 00 1 5680.302
2009 10 06 03 15 00 1 5680.328
2009 10 06 03 30 00 1 5680.361
2009 10 06 03 45 00 1 5680.401
2009 10 06 04 00 00 1 5680.444
2009 10 06 04 15 00 1 5680.493
2009 10 06 04 30 00 1 5680.545
2009 10 06 04 45 00 1 5680.598
2009 10 06 05 00 00 1 5680.656
2009 10 06 05 15 00 1 5680.715
2009 10 06 05 30 00 1 5680.773
2009 10 06 05 45 00 1 5680.829
2009 10 06 06 00 00 1 5680.883
2009 10 06 06 15 00 1 5680.935
2009 10 06 06 30 00 1 5680.983
2009 10 06 06 45 00 1 5681.027
2009 10 06 07 00 00 1 5681.067
2009 10 06 07 15 00 1 5681.099
2009 10 06 07 30 00 1 5681.125
2009 10 06 07 45 00 1 5681.145
2009 10 06 08 00 00 1 5681.154
2009 10 06 08 15 00 1 5681.158
2009 10 06 08 30 00 1 5681.155
2009 10 06 08 45 00 1 5681.142
2009 10 06 09 00 00 1 5681.121
2009 10 06 09 15 00 1 5681.091
2009 10 06 09 30 00 1 5681.059
2009 10 06 09 45 00 1 5681.017
2009 10 06 10 00 00 1 5680.968
2009 10 06 10 15 00 1 5680.917
2009 10 06 10 30 00 1 5680.862
2009 10 06 10 45 00 1 5680.804
2009 10 06 11 00 00 1 5680.746
2009 10 06 11 15 00 1 5680.684
2009 10 06 11 30 00 1 5680.625
2009 10 06 11 45 00 1 5680.562
2009 10 06 12 00 00 1 5680.501
2009 10 06 12 15 00 1 5680.444
2009 10 06 12 30 00 1 5680.391
2009 10 06 12 45 00 1 5680.340
2009 10 06 13 00 00 1 5680.294
2009 10 06 13 15 00 1 5680.250
2009 10 06 13 30 00 1 5680.214
2009 10 06 13 45 00 1 5680.185
2009 10 06 14 00 00 1 5680.163
2009 10 06 14 15 00 1 5680.148
2009 10 06 14 30 00 1 5680.142
2009 10 06 14 45 00 1 5680.142
2009 10 06 15 00 00 1 5680.151
2009 10 06 15 15 00 1 5680.169
2009 10 06 15 30 00 1 5680.195
2009 10 06 15 45 00 1 5680.226
2009 10 06 16 00 00 1 5680.264
2009 10 06 16 15 00 1 5680.307
2009 10 06 16 30 00 1 5680.357
2009 10 06 16 45 00 1 5680.411
2009 10 06 17 00 00 1 5680.468
2009 10 06 17 15 00 1 5680.527
2009 10 06 17 30 00 1 5680.587
2009 10 06 17 45 00 1 5680.648
