#YY  MM DD hh mm ss T   HEIGHT
#yr  mo dy hr mn  s -        m
2009 08 29 18 00 00 1 4266.569
2009 08 29 18 15 00 1 4266.552
2009 08 29 18 30 00 1 4266.536
2009 08 29 18 45 00 1 4266.518
2009 08 29 19 00 00 1 4266.502
2009 08 29 19 15 00 1 4266.486
2009 08 29 19 30 00 1 4266.474
2009 08 29 19 45 00 1 4266.466
2009 08 29 20 00 00 1 4266.456
2009 08 29 20 15 00 1 4266.451
2009 08 29 20 30 00 1 4266.450
2009 08 29 20 45 00 1 4266.457
2009 08 29 21 00 00 1 4266.466
2009 08 29 21 15 00 1 4266.476
2009 08 29 21 30 00 1 4266.497
2009 08 29 21 45 00 1 4266.521
2009 08 29 22 00 00 1 4266.545
2009 08 29 22 15 00 1 4266.572
2009 08 29 22 30 00 1 4266.603
2009 08 29 22 45 00 1 4266.638
2009 08 29 23 00 00 1 4266.674
2009 08 29 23 15 00 1 4266.713
2009 08 29 23 30 00 1 4266.756
2009 08 29 23 45 00 1 4266.797
2009 08 30 00 00 00 1 4266.836
2009 08 30 00 15 00 1 4266.876
2009 08 30 00 30 00 1 4266.915
2009 08 30 00 45 00 1 4266.951
2009 08 30 01 00 00 1 4266.981
2009 08 30 01 15 00 1 4267.006
2009 08 30 01 30 00 1 4267.030
2009 08 30 01 45 00 1 4267.051
2009 08 30 02 00 00 1 4267.066
2009 08 30 02 15 00 1 4267.075
2009 08 30 02 30 00 1 4267.079
2009 08 30 02 45 00 1 4267.075
2009 08 30 03 00 00 1 4267.064
2009 08 30 03 15 00 1 4267.049
2009 08 30 03 30 00 1 4267.026
2009 08 30 03 45 00 1 4266.999
2009 08 30 04 00 00 1 4266.965
2009 08 30 04 15 00 1 4266.921
2009 08 30 04 30 00 1 4266.872
2009 08 30 04 45 00 1 4266.816
2009 08 30 05 00 00 1 4266.756
2009 08 30 05 15 00 1 4266.692
2009 08 30 05 30 00 1 4266.622
2009 08 30 05 45 00 1 4266.547
2009 08 30 06 00 00 1 4266.472
2009 08 30 06 15 00 1 4266.394
2009 08 30 06 30 00 1 4266.317
2009 08 30 06 45 00 1 4266.240
2009 08 30 07 00 00 1 4266.162
2009 08 30 07 15 00 1 4266.089
2009 08 30 07 30 00 1 4266.015
2009 08 30 07 45 00 1 4265.944
2009 08 30 08 00 00 1 4265.881
2009 08 30 08 15 00 1 4265.821
2009 08 30 08 30 00 1 4265.770
2009 08 30 08 45 00 1 4265.720
2009 08 30 09 00 00 1 4265.680
2009 08 30 09 15 00 1 4265.646
2009 08 30 09 30 00 1 4265.620
2009 08 30 09 45 00 1 4265.604
2009 08 30 10 00 00 1 4265.597
2009 08 30 10 15 00 1 4265.597
2009 08 30 10 30 00 1 4265.603
2009 08 30 10 45 00 1 4265.617
2009 08 30 11 00 00 1 4265.640
2009 08 30 11 15 00 1 4265.668
2009 08 30 11 30 00 1 4265.708
2009 08 30 11 45 00 1 4265.750
2009 08 30 12 00 00 1 4265.796
2009 08 30 12 15 00 1 4265.847
2009 08 30 12 30 00 1 4265.903
2009 08 30 12 45 00 1 4265.957
2009 08 30 13 00 00 1 4266.015
2009 08 30 13 15 00 1 4266.074
2009 08 30 13 30 00 1 4266.138
2009 08 30 13 45 00 1 4266.198
2009 08 30 14 00 00 1 4266.255
2009 08 30 14 15 00 1 4266.314
2009 08 30 14 30 00 1 4266.368
2009 08 30 14 45 00 1 4266.418
2009 08 30 15 00 00 1 4266.465
2009 08 30 15 15 00 1 4266.510
2009 08 30 15 30 00 1 4266.549
2009 08 30 15 45 00 1 4266.582
2009 08 30 16 00 00 1 4266.612
2009 08 30 16 15 00 1 4266.637
2009 08 30 16 30 00 1 4266.655
2009 08 30 16 45 00 1 4266.667
2009 08 30 17 00 00 1 4266.672
2009 08 30 17 15 00 1 4266.675
2009 08 30 17 30 00 1 4266.673
2009 08 30 17 45 00 1 4266.670
2009 08 30 18 00 00 1 4266.660
2009 08 30 18 15 00 1 4266.649
2009 08 30 18 30 00 1 4266.633
2009 08 30 18 45 00 1 4266.616
2009 08 30 19 00 00 1 4266.595
2009 08 30 19 15 00 1 4266.577
2009 08 30 19 30 00 1 4266.555
2009 08 30 19 45 00 1 4266.535
2009 08 30 20 00 00 1 4266.515
2009 08 30 20 15 00 1 4266.500
2009 08 30 20 30 00 1 4266.482
2009 08 30 20 45 00 1 4266.469
2009 08 30 21 00 00 1 4266.458
2009 08 30 21 15 00 1 4266.451
2009 08 30 21 30 00 1 4266.448
2009 08 30 21 45 00 1 4266.450
2009 08 30 22 00 00 1 4266.457
2009 08 30 22 15 00 1 4266.467
2009 08 30 22 30 00 1 4266.482
2009 08 30 22 45 00 1 4266.503
2009 08 30 23 00 00 1 4266.527
2009 08 30 23 15 00 1 4266.558
2009 08 30 23 30 00 1 4266.590
2009 08 30 23 45 00 1 4266.626
2009 08 31 00 00 00 1 4266.666
2009 08 31 00 15 00 1 4266.706
2009 08 31 00 30 00 1 4266.749
2009 08 31 00 45 00 1 4266.790
2009 08 31 01 00 00 1 4266.832
2009 08 31 01 15 00 1 4266.874
2009 08 31 01 30 00 1 4266.917
2009 08 31 01 45 00 1 4266.957
2009 08 31 02 00 00 1 4266.991
2009 08 31 02 15 00 1 4267.029
2009 08 31 02 30 00 1 4267.057
2009 08 31 02 45 00 1 4267.078
2009 08 31 03 00 00 1 4267.099
2009 08 31 03 15 00 1 4267.111
2009 08 31 03 30 00 1 4267.115
2009 08 31 03 45 00 1 4267.112
2009 08 31 04 00 00 1 4267.102
2009 08 31 04 15 00 1 4267.082
2009 08 31 04 30 00 1 4267.054
2009 08 31 04 45 00 1 4267.015
2009 08 31 05 00 00 1 4266.973
2009 08 31 05 15 00 1 4266.923
2009 08 31 05 30 00 1 4266.864
2009 08 31 05 45 00 1 4266.803
2009 08 31 06 00 00 1 4266.733
2009 08 31 06 15 00 1 4266.664
2009 08 31 06 30 00 1 4266.586
2009 08 31 06 45 00 1 4266.506
2009 08 31 07 00 00 1 4266.427
2009 08 31 07 15 00 1 4266.344
2009 08 31 07 30 00 1 4266.259
2009 08 31 07 45 00 1 4266.175
2009 08 31 08 00 00 1 4266.096
2009 08 31 08 15 00 1 4266.019
2009 08 31 08 30 00 1 4265.945
2009 08 31 08 45 00 1 4265.877
2009 08 31 09 00 00 1 4265.815
2009 08 31 09 15 00 1 4265.757
2009 08 31 09 30 00 1 4265.706
2009 08 31 09 45 00 1 4265.663
2009 08 31 10 00 00 1 4265.628
2009 08 31 10 15 00 1 4265.600
2009 08 31 10 30 00 1 4265.583
2009 08 31 10 45 00 1 4265.573
2009 08 31 11 00 00 1 4265.573
2009 08 31 11 15 00 1 4265.582
2009 08 31 11 30 00 1 4265.595
2009 08 31 11 45 00 1 4265.618
2009 08 31 12 00 00 1 4265.645
2009 08 31 12 15 00 1 4265.679
2009 08 31 12 30 00 1 4265.721
2009 08 31 12 45 00 1 4265.771
2009 08 31 13 00 00 1 4265.823
2009 08 31 13 15 00 1 4265.881
2009 08 31 13 30 00 1 4265.944
2009 08 31 13 45 00 1 4266.009
2009 08 31 14 00 00 1 4266.077
2009 08 31 14 15 00 1 4266.146
2009 08 31 14 30 00 1 4266.213
2009 08 31 14 45 00 1 4266.280
2009 08 31 15 00 00 1 4266.343
2009 08 31 15 15 00 1 4266.402
2009 08 31 15 30 00 1 4266.460
2009 08 31 15 45 00 1 4266.511
2009 08 31 16 00 00 1 4266.557
2009 08 31 16 15 00 1 4266.600
2009 08 31 16 30 00 1 4266.637
2009 08 31 16 45 00 1 4266.667
2009 08 31 17 00 00 1 4266.695
2009 08 31 17 15 00 1 4266.716
2009 08 31 17 30 00 1 4266.726
2009 08 31 17 45 00 1 4266.733
2009 08 31 18 00 00 1 4266.735
2009 08 31 18 15 00 1 4266.729
2009 08 31 18 30 00 1 4266.718
2009 08 31 18 45 00 1 4266.701
2009 08 31 19 00 00 1 4266.683
2009 08 31 19 15 00 1 4266.659
2009 08 31 19 30 00 1 4266.637
2009 08 31 19 45 00 1 4266.611
2009 08 31 20 00 00 1 4266.586
2009 08 31 20 15 00 1 4266.556
2009 08 31 20 30 00 1 4266.524
2009 08 31 20 45 00 1 4266.498
2009 08 31 21 00 00 1 4266.473
2009 08 31 21 15 00 1 4266.449
2009 08 31 21 30 00 1 4266.429
2009 08 31 21 45 00 1 4266.415
2009 08 31 22 00 00 1 4266.403
2009 08 31 22 15 00 1 4266.395
2009 08 31 22 30 00 1 4266.393
2009 08 31 22 45 00 1 4266.397
2009 08 31 23 00 00 1 4266.407
2009 08 31 23 15 00 1 4266.421
2009 08 31 23 30 00 1 4266.444
2009 08 31 23 45 00 1 4266.468
2009 09 01 00 00 00 1 4266.499
2009 09 01 00 15 00 1 4266.533
2009 09 01 00 30 00 1 4266.574
2009 09 01 00 45 00 1 4266.615
2009 09 01 01 00 00 1 4266.660
2009 09 01 01 15 00 1 4266.707
2009 09 01 01 30 00 1 4266.752
2009 09 01 01 45 00 1 4266.800
2009 09 01 02 00 00 1 4266.847
2009 09 01 02 15 00 1 4266.895
2009 09 01 02 30 00 1 4266.938
2009 09 01 02 45 00 1 4266.980
2009 09 01 03 00 00 1 4267.020
2009 09 01 03 15 00 1 4267.052
2009 09 01 03 30 00 1 4267.078
2009 09 01 03 45 00 1 4267.097
2009 09 01 04 00 00 1 4267.109
2009 09 01 04 15 00 1 4267.113
2009 09 01 04 30 00 1 4267.110
2009 09 01 04 45 00 1 4267.096
2009 09 01 05 00 00 1 4267.077
2009 09 01 05 15 00 1 4267.049
2009 09 01 05 30 00 1 4267.014
2009 09 01 05 45 00 1 4266.971
2009 09 01 06 00 00 1 4266.919
2009 09 01 06 15 00 1 4266.864
2009 09 01 06 30 00 1 4266.801
2009 09 01 06 45 00 1 4266.731
2009 09 01 07 00 00 1 4266.657
2009 09 01 07 15 00 1 4266.577
2009 09 01 07 30 00 1 4266.495
2009 09 01 07 45 00 1 4266.411
2009 09 01 08 00 00 1 4266.323
2009 09 01 08 15 00 1 4266.235
2009 09 01 08 30 00 1 4266.149
2009 09 01 08 45 00 1 4266.065
2009 09 01 09 00 00 1 4265.985
2009 09 01 09 15 00 1 4265.911
2009 09 01 09 30 00 1 4265.844
2009 09 01 09 45 00 1 4265.777
2009 09 01 10 00 00 1 4265.719
2009 09 01 10 15 00 1 4265.668
2009 09 01 10 30 00 1 4265.627
2009 09 01 10 45 00 1 4265.593
2009 09 01 11 00 00 1 4265.567
2009 09 01 11 15 00 1 4265.549
2009 09 01 11 30 00 1 4265.541
2009 09 01 11 45 00 1 4265.541
2009 09 01 12 00 00 1 4265.553
2009 09 01 12 15 00 1 4265.571
2009 09 01 12 30 00 1 4265.597
2009 09 01 12 45 00 1 4265.637
2009 09 01 13 00 00 1 4265.679
2009 09 01 13 15 00 1 4265.729
2009 09 01 13 30 00 1 4265.787
2009 09 01 13 45 00 1 4265.848
2009 09 01 14 00 00 1 4265.914
2009 09 01 14 15 00 1 4265.983
2009 09 01 14 30 00 1 4266.055
2009 09 01 14 45 00 1 4266.124
2009 09 01 15 00 00 1 4266.197
2009 09 01 15 15 00 1 4266.270
2009 09 01 15 30 00 1 4266.339
2009 09 01 15 45 00 1 4266.403
2009 09 01 16 00 00 1 4266.467
2009 09 01 16 15 00 1 4266.526
2009 09 01 16 30 00 1 4266.578
2009 09 01 16 45 00 1 4266.626
2009 09 01 17 00 00 1 4266.668
2009 09 01 17 15 00 1 4266.701
2009 09 01 17 30 00 1 4266.728
2009 09 01 17 45 00 1 4266.750
2009 09 01 18 00 00 1 4266.764
2009 09 01 18 15 00 1 4266.768
2009 09 01 18 30 00 1 4266.768
2009 09 01 18 45 00 1 4266.758
2009 09 01 19 00 00 1 4266.745
2009 09 01 19 15 00 1 4266.725
2009 09 01 19 30 00 1 4266.700
2009 09 01 19 45 00 1 4266.670
2009 09 01 20 00 00 1 4266.635
2009 09 01 20 15 00 1 4266.602
2009 09 01 20 30 00 1 4266.564
2009 09 01 20 45 00 1 4266.526
2009 09 01 21 00 00 1 4266.492
2009 09 01 21 15 00 1 4266.453
2009 09 01 21 30 00 1 4266.418
2009 09 01 21 45 00 1 4266.387
2009 09 01 22 00 00 1 4266.359
2009 09 01 22 15 00 1 4266.333
2009 09 01 22 30 00 1 4266.314
2009 09 01 22 45 00 1 4266.300
2009 09 01 23 00 00 1 4266.291
2009 09 01 23 15 00 1 4266.290
2009 09 01 23 30 00 1 4266.292
2009 09 01 23 45 00 1 4266.303
2009 09 02 00 00 00 1 4266.320
2009 09 02 00 15 00 1 4266.342
2009 09 02 00 30 00 1 4266.370
2009 09 02 00 45 00 1 4266.405
2009 09 02 01 00 00 1 4266.443
2009 09 02 01 15 00 1 4266.487
2009 09 02 01 30 00 1 4266.537
2009 09 02 01 45 00 1 4266.586
2009 09 02 02 00 00 1 4266.640
2009 09 02 02 15 00 1 4266.695
2009 09 02 02 30 00 1 4266.752
2009 09 02 02 45 00 1 4266.804
2009 09 02 03 00 00 1 4266.857
2009 09 02 03 15 00 1 4266.906
2009 09 02 03 30 00 1 4266.953
2009 09 02 03 45 00 1 4266.994
2009 09 02 04 00 00 1 4267.030
2009 09 02 04 15 00 1 4267.061
2009 09 02 04 30 00 1 4267.085
2009 09 02 04 45 00 1 4267.100
2009 09 02 05 00 00 1 4267.107
2009 09 02 05 15 00 1 4267.109
2009 09 02 05 30 00 1 4267.097
2009 09 02 05 45 00 1 4267.079
2009 09 02 06 00 00 1 4267.051
2009 09 02 06 15 00 1 4267.016
2009 09 02 06 30 00 1 4266.971
2009 09 02 06 45 00 1 4266.918
2009 09 02 07 00 00 1 4266.859
2009 09 02 07 15 00 1 4266.791
2009 09 02 07 30 00 1 4266.719
2009 09 02 07 45 00 1 4266.640
2009 09 02 08 00 00 1 4266.559
2009 09 02 08 15 00 1 4266.474
2009 09 02 08 30 00 1 4266.386
2009 09 02 08 45 00 1 4266.300
2009 09 02 09 00 00 1 4266.211
2009 09 02 09 15 00 1 4266.124
2009 09 02 09 30 00 1 4266.040
2009 09 02 09 45 00 1 4265.958
2009 09 02 10 00 00 1 4265.883
2009 09 02 10 15 00 1 4265.813
2009 09 02 10 30 00 1 4265.751
2009 09 02 10 45 00 1 4265.692
2009 09 02 11 00 00 1 4265.642
2009 09 02 11 15 00 1 4265.605
2009 09 02 11 30 00 1 4265.574
2009 09 02 11 45 00 1 4265.554
2009 09 02 12 00 00 1 4265.544
2009 09 02 12 15 00 1 4265.545
2009 09 02 12 30 00 1 4265.555
2009 09 02 12 45 00 1 4265.576
2009 09 02 13 00 00 1 4265.604
2009 09 02 13 15 00 1 4265.642
2009 09 02 13 30 00 1 4265.687
2009 09 02 13 45 00 1 4265.739
2009 09 02 14 00 00 1 4265.799
2009 09 02 14 15 00 1 4265.864
2009 09 02 14 30 00 1 4265.934
2009 09 02 14 45 00 1 4266.005
2009 09 02 15 00 00 1 4266.084
2009 09 02 15 15 00 1 4266.160
2009 09 02 15 30 00 1 4266.237
2009 09 02 15 45 00 1 4266.316
2009 09 02 16 00 00 1 4266.393
2009 09 02 16 15 00 1 4266.464
2009 09 02 16 30 00 1 4266.535
2009 09 02 16 45 00 1 4266.598
2009 09 02 17 00 00 1 4266.653
2009 09 02 17 15 00 1 4266.701
2009 09 02 17 30 00 1 4266.744
2009 09 02 17 45 00 1 4266.776
2009 09 02 18 00 00 1 4266.805
2009 09 02 18 15 00 1 4266.825
2009 09 02 18 30 00 1 4266.835
2009 09 02 18 45 00 1 4266.841
2009 09 02 19 00 00 1 4266.837
2009 09 02 19 15 00 1 4266.828
2009 09 02 19 30 00 1 4266.810
2009 09 02 19 45 00 1 4266.785
2009 09 02 20 00 00 1 4266.754
2009 09 02 20 15 00 1 4266.717
2009 09 02 20 30 00 1 4266.674
2009 09 02 20 45 00 1 4266.630
2009 09 02 21 00 00 1 4266.582
2009 09 02 21 15 00 1 4266.532
2009 09 02 21 30 00 1 4266.485
2009 09 02 21 45 00 1 4266.437
2009 09 02 22 00 00 1 4266.389
2009 09 02 22 15 00 1 4266.347
2009 09 02 22 30 00 1 4266.311
2009 09 02 22 45 00 1 4266.276
2009 09 02 23 00 00 1 4266.248
2009 09 02 23 15 00 1 4266.227
2009 09 02 23 30 00 1 4266.211
2009 09 02 23 45 00 1 4266.201
2009 09 03 00 00 00 1 4266.196
2009 09 03 00 15 00 1 4266.199
2009 09 03 00 30 00 1 4266.208
2009 09 03 00 45 00 1 4266.225
2009 09 03 01 00 00 1 4266.250
2009 09 03 01 15 00 1 4266.282
2009 09 03 01 30 00 1 4266.323
2009 09 03 01 45 00 1 4266.369
2009 09 03 02 00 00 1 4266.419
2009 09 03 02 15 00 1 4266.476
2009 09 03 02 30 00 1 4266.534
2009 09 03 02 45 00 1 4266.595
2009 09 03 03 00 00 1 4266.654
2009 09 03 03 15 00 1 4266.715
2009 09 03 03 30 00 1 4266.779
2009 09 03 03 45 00 1 4266.839
2009 09 03 04 00 00 1 4266.895
2009 09 03 04 15 00 1 4266.947
2009 09 03 04 30 00 1 4266.991
2009 09 03 04 45 00 1 4267.030
2009 09 03 05 00 00 1 4267.063
2009 09 03 05 15 00 1 4267.088
2009 09 03 05 30 00 1 4267.104
2009 09 03 05 45 00 1 4267.110
2009 09 03 06 00 00 1 4267.108
2009 09 03 06 15 00 1 4267.099
2009 09 03 06 30 00 1 4267.080
2009 09 03 06 45 00 1 4267.052
2009 09 03 07 00 00 1 4267.012
2009 09 03 07 15 00 1 4266.964
2009 09 03 07 30 00 1 4266.909
2009 09 03 07 45 00 1 4266.844
2009 09 03 08 00 00 1 4266.773
2009 09 03 08 15 00 1 4266.698
2009 09 03 08 30 00 1 4266.617
2009 09 03 08 45 00 1 4266.534
2009 09 03 09 00 00 1 4266.447
2009 09 03 09 15 00 1 4266.359
2009 09 03 09 30 00 1 4266.269
2009 09 03 09 45 00 1 4266.181
2009 09 03 10 00 00 1 4266.096
2009 09 03 10 15 00 1 4266.014
2009 09 03 10 30 00 1 4265.937
2009 09 03 10 45 00 1 4265.864
2009 09 03 11 00 00 1 4265.798
2009 09 03 11 15 00 1 4265.740
2009 09 03 11 30 00 1 4265.691
2009 09 03 11 45 00 1 4265.647
2009 09 03 12 00 00 1 4265.615
2009 09 03 12 15 00 1 4265.590
2009 09 03 12 30 00 1 4265.576
2009 09 03 12 45 00 1 4265.571
2009 09 03 13 00 00 1 4265.578
2009 09 03 13 15 00 1 4265.597
2009 09 03 13 30 00 1 4265.626
2009 09 03 13 45 00 1 4265.664
2009 09 03 14 00 00 1 4265.708
2009 09 03 14 15 00 1 4265.763
2009 09 03 14 30 00 1 4265.825
2009 09 03 14 45 00 1 4265.894
2009 09 03 15 00 00 1 4265.966
2009 09 03 15 15 00 1 4266.046
2009 09 03 15 30 00 1 4266.123
2009 09 03 15 45 00 1 4266.204
2009 09 03 16 00 00 1 4266.285
2009 09 03 16 15 00 1 4266.363
2009 09 03 16 30 00 1 4266.442
2009 09 03 16 45 00 1 4266.515
2009 09 03 17 00 00 1 4266.585
2009 09 03 17 15 00 1 4266.650
2009 09 03 17 30 00 1 4266.707
2009 09 03 17 45 00 1 4266.758
2009 09 03 18 00 00 1 4266.799
2009 09 03 18 15 00 1 4266.834
2009 09 03 18 30 00 1 4266.859
2009 09 03 18 45 00 1 4266.878
2009 09 03 19 00 00 1 4266.887
2009 09 03 19 15 00 1 4266.888
2009 09 03 19 30 00 1 4266.881
2009 09 03 19 45 00 1 4266.865
2009 09 03 20 00 00 1 4266.841
2009 09 03 20 15 00 1 4266.811
2009 09 03 20 30 00 1 4266.770
2009 09 03 20 45 00 1 4266.726
2009 09 03 21 00 00 1 4266.681
2009 09 03 21 15 00 1 4266.628
2009 09 03 21 30 00 1 4266.575
2009 09 03 21 45 00 1 4266.521
2009 09 03 22 00 00 1 4266.466
2009 09 03 22 15 00 1 4266.410
2009 09 03 22 30 00 1 4266.356
2009 09 03 22 45 00 1 4266.305
2009 09 03 23 00 00 1 4266.257
2009 09 03 23 15 00 1 4266.216
2009 09 03 23 30 00 1 4266.180
2009 09 03 23 45 00 1 4266.151
2009 09 04 00 00 00 1 4266.128
2009 09 04 00 15 00 1 4266.111
2009 09 04 00 30 00 1 4266.101
2009 09 04 00 45 00 1 4266.100
2009 09 04 01 00 00 1 4266.106
2009 09 04 01 15 00 1 4266.119
2009 09 04 01 30 00 1 4266.141
2009 09 04 01 45 00 1 4266.173
2009 09 04 02 00 00 1 4266.212
2009 09 04 02 15 00 1 4266.259
2009 09 04 02 30 00 1 4266.313
2009 09 04 02 45 00 1 4266.370
2009 09 04 03 00 00 1 4266.432
2009 09 04 03 15 00 1 4266.498
2009 09 04 03 30 00 1 4266.563
2009 09 04 03 45 00 1 4266.630
2009 09 04 04 00 00 1 4266.699
2009 09 04 04 15 00 1 4266.763
2009 09 04 04 30 00 1 4266.825
2009 09 04 04 45 00 1 4266.883
2009 09 04 05 00 00 1 4266.935
2009 09 04 05 15 00 1 4266.979
2009 09 04 05 30 00 1 4267.017
2009 09 04 05 45 00 1 4267.050
2009 09 04 06 00 00 1 4267.071
2009 09 04 06 15 00 1 4267.084
2009 09 04 06 30 00 1 4267.086
2009 09 04 06 45 00 1 4267.081
2009 09 04 07 00 00 1 4267.066
2009 09 04 07 15 00 1 4267.041
2009 09 04 07 30 00 1 4267.007
2009 09 04 07 45 00 1 4266.964
2009 09 04 08 00 00 1 4266.914
2009 09 04 08 15 00 1 4266.856
2009 09 04 08 30 00 1 4266.787
2009 09 04 08 45 00 1 4266.715
2009 09 04 09 00 00 1 4266.633
2009 09 04 09 15 00 1 4266.550
2009 09 04 09 30 00 1 4266.463
2009 09 04 09 45 00 1 4266.375
2009 09 04 10 00 00 1 4266.287
2009 09 04 10 15 00 1 4266.201
2009 09 04 10 30 00 1 4266.114
2009 09 04 10 45 00 1 4266.031
2009 09 04 11 00 00 1 4265.954
2009 09 04 11 15 00 1 4265.881
2009 09 04 11 30 00 1 4265.813
2009 09 04 11 45 00 1 4265.753
2009 09 04 12 00 00 1 4265.703
2009 09 04 12 15 00 1 4265.662
2009 09 04 12 30 00 1 4265.631
2009 09 04 12 45 00 1 4265.609
2009 09 04 13 00 00 1 4265.600
2009 09 04 13 15 00 1 4265.599
2009 09 04 13 30 00 1 4265.609
2009 09 04 13 45 00 1 4265.629
2009 09 04 14 00 00 1 4265.659
2009 09 04 14 15 00 1 4265.700
2009 09 04 14 30 00 1 4265.750
2009 09 04 14 45 00 1 4265.808
2009 09 04 15 00 00 1 4265.872
2009 09 04 15 15 00 1 4265.944
2009 09 04 15 30 00 1 4266.019
2009 09 04 15 45 00 1 4266.100
2009 09 04 16 00 00 1 4266.182
2009 09 04 16 15 00 1 4266.266
2009 09 04 16 30 00 1 4266.353
2009 09 04 16 45 00 1 4266.434
2009 09 04 17 00 00 1 4266.513
2009 09 04 17 15 00 1 4266.591
2009 09 04 17 30 00 1 4266.661
2009 09 04 17 45 00 1 4266.725
2009 09 04 18 00 00 1 4266.780
2009 09 04 18 15 00 1 4266.831
2009 09 04 18 30 00 1 4266.871
2009 09 04 18 45 00 1 4266.906
2009 09 04 19 00 00 1 4266.930
2009 09 04 19 15 00 1 4266.945
2009 09 04 19 30 00 1 4266.949
2009 09 04 19 45 00 1 4266.944
2009 09 04 20 00 00 1 4266.931
2009 09 04 20 15 00 1 4266.907
2009 09 04 20 30 00 1 4266.878
2009 09 04 20 45 00 1 4266.841
2009 09 04 21 00 00 1 4266.794
2009 09 04 21 15 00 1 4266.743
2009 09 04 21 30 00 1 4266.686
2009 09 04 21 45 00 1 4266.628
2009 09 04 22 00 00 1 4266.563
2009 09 04 22 15 00 1 4266.500
2009 09 04 22 30 00 1 4266.434
2009 09 04 22 45 00 1 4266.368
2009 09 04 23 00 00 1 4266.304
2009 09 04 23 15 00 1 4266.245
2009 09 04 23 30 00 1 4266.189
2009 09 04 23 45 00 1 4266.138
2009 09 05 00 00 00 1 4266.092
2009 09 05 00 15 00 1 4266.051
2009 09 05 00 30 00 1 4266.019
2009 09 05 00 45 00 1 4265.996
2009 09 05 01 00 00 1 4265.982
2009 09 05 01 15 00 1 4265.976
2009 09 05 01 30 00 1 4265.981
2009 09 05 01 45 00 1 4265.992
2009 09 05 02 00 00 1 4266.015
2009 09 05 02 15 00 1 4266.045
2009 09 05 02 30 00 1 4266.083
2009 09 05 02 45 00 1 4266.132
2009 09 05 03 00 00 1 4266.186
2009 09 05 03 15 00 1 4266.244
2009 09 05 03 30 00 1 4266.309
2009 09 05 03 45 00 1 4266.375
2009 09 05 04 00 00 1 4266.441
2009 09 05 04 15 00 1 4266.510
2009 09 05 04 30 00 1 4266.583
2009 09 05 04 45 00 1 4266.653
2009 09 05 05 00 00 1 4266.720
2009 09 05 05 15 00 1 4266.783
2009 09 05 05 30 00 1 4266.843
2009 09 05 05 45 00 1 4266.897
2009 09 05 06 00 00 1 4266.942
2009 09 05 06 15 00 1 4266.980
2009 09 05 06 30 00 1 4267.007
2009 09 05 06 45 00 1 4267.029
2009 09 05 07 00 00 1 4267.040
2009 09 05 07 15 00 1 4267.042
2009 09 05 07 30 00 1 4267.035
2009 09 05 07 45 00 1 4267.019
2009 09 05 08 00 00 1 4266.992
2009 09 05 08 15 00 1 4266.956
2009 09 05 08 30 00 1 4266.913
2009 09 05 08 45 00 1 4266.861
2009 09 05 09 00 00 1 4266.802
2009 09 05 09 15 00 1 4266.738
2009 09 05 09 30 00 1 4266.662
2009 09 05 09 45 00 1 4266.587
2009 09 05 10 00 00 1 4266.504
2009 09 05 10 15 00 1 4266.421
2009 09 05 10 30 00 1 4266.338
2009 09 05 10 45 00 1 4266.252
2009 09 05 11 00 00 1 4266.171
2009 09 05 11 15 00 1 4266.092
2009 09 05 11 30 00 1 4266.017
2009 09 05 11 45 00 1 4265.943
2009 09 05 12 00 00 1 4265.881
2009 09 05 12 15 00 1 4265.824
2009 09 05 12 30 00 1 4265.775
2009 09 05 12 45 00 1 4265.740
2009 09 05 13 00 00 1 4265.714
2009 09 05 13 15 00 1 4265.698
2009 09 05 13 30 00 1 4265.692
2009 09 05 13 45 00 1 4265.698
2009 09 05 14 00 00 1 4265.710
2009 09 05 14 15 00 1 4265.735
2009 09 05 14 30 00 1 4265.768
2009 09 05 14 45 00 1 4265.812
2009 09 05 15 00 00 1 4265.863
2009 09 05 15 15 00 1 4265.923
2009 09 05 15 30 00 1 4265.987
2009 09 05 15 45 00 1 4266.059
2009 09 05 16 00 00 1 4266.135
2009 09 05 16 15 00 1 4266.213
2009 09 05 16 30 00 1 4266.294
2009 09 05 16 45 00 1 4266.378
2009 09 05 17 00 00 1 4266.462
2009 09 05 17 15 00 1 4266.543
2009 09 05 17 30 00 1 4266.623
2009 09 05 17 45 00 1 4266.697
2009 09 05 18 00 00 1 4266.769
2009 09 05 18 15 00 1 4266.831
2009 09 05 18 30 00 1 4266.886
2009 09 05 18 45 00 1 4266.936
2009 09 05 19 00 00 1 4266.974
2009 09 05 19 15 00 1 4267.001
2009 09 05 19 30 00 1 4267.023
2009 09 05 19 45 00 1 4267.032
2009 09 05 20 00 00 1 4267.033
2009 09 05 20 15 00 1 4267.021
2009 09 05 20 30 00 1 4267.002
2009 09 05 20 45 00 1 4266.970
2009 09 05 21 00 00 1 4266.931
2009 09 05 21 15 00 1 4266.884
2009 09 05 21 30 00 1 4266.833
2009 09 05 21 45 00 1 4266.771
2009 09 05 22 00 00 1 4266.704
2009 09 05 22 15 00 1 4266.636
2009 09 05 22 30 00 1 4266.564
2009 09 05 22 45 00 1 4266.490
2009 09 05 23 00 00 1 4266.418
2009 09 05 23 15 00 1 4266.344
2009 09 05 23 30 00 1 4266.273
2009 09 05 23 45 00 1 4266.205
2009 09 06 00 00 00 1 4266.142
2009 09 06 00 15 00 1 4266.083
2009 09 06 00 30 00 1 4266.030
2009 09 06 00 45 00 1 4265.982
2009 09 06 01 00 00 1 4265.943
2009 09 06 01 15 00 1 4265.913
2009 09 06 01 30 00 1 4265.892
2009 09 06 01 45 00 1 4265.880
2009 09 06 02 00 00 1 4265.878
2009 09 06 02 15 00 1 4265.885
2009 09 06 02 30 00 1 4265.904
2009 09 06 02 45 00 1 4265.932
2009 09 06 03 00 00 1 4265.967
2009 09 06 03 15 00 1 4266.012
2009 09 06 03 30 00 1 4266.064
2009 09 06 03 45 00 1 4266.122
2009 09 06 04 00 00 1 4266.181
2009 09 06 04 15 00 1 4266.248
2009 09 06 04 30 00 1 4266.316
2009 09 06 04 45 00 1 4266.386
2009 09 06 05 00 00 1 4266.457
2009 09 06 05 15 00 1 4266.528
2009 09 06 05 30 00 1 4266.597
2009 09 06 05 45 00 1 4266.663
2009 09 06 06 00 00 1 4266.726
2009 09 06 06 15 00 1 4266.784
2009 09 06 06 30 00 1 4266.839
2009 09 06 06 45 00 1 4266.882
2009 09 06 07 00 00 1 4266.919
2009 09 06 07 15 00 1 4266.949
2009 09 06 07 30 00 1 4266.969
2009 09 06 07 45 00 1 4266.979
2009 09 06 08 00 00 1 4266.982
2009 09 06 08 15 00 1 4266.974
2009 09 06 08 30 00 1 4266.957
2009 09 06 08 45 00 1 4266.932
2009 09 06 09 00 00 1 4266.897
2009 09 06 09 15 00 1 4266.853
2009 09 06 09 30 00 1 4266.804
2009 09 06 09 45 00 1 4266.746
2009 09 06 10 00 00 1 4266.684
2009 09 06 10 15 00 1 4266.616
2009 09 06 10 30 00 1 4266.542
2009 09 06 10 45 00 1 4266.465
2009 09 06 11 00 00 1 4266.389
2009 09 06 11 15 00 1 4266.310
2009 09 06 11 30 00 1 4266.236
2009 09 06 11 45 00 1 4266.163
2009 09 06 12 00 00 1 4266.092
2009 09 06 12 15 00 1 4266.025
2009 09 06 12 30 00 1 4265.966
2009 09 06 12 45 00 1 4265.916
2009 09 06 13 00 00 1 4265.871
2009 09 06 13 15 00 1 4265.836
2009 09 06 13 30 00 1 4265.811
2009 09 06 13 45 00 1 4265.797
2009 09 06 14 00 00 1 4265.791
2009 09 06 14 15 00 1 4265.794
2009 09 06 14 30 00 1 4265.809
2009 09 06 14 45 00 1 4265.835
2009 09 06 15 00 00 1 4265.868
2009 09 06 15 15 00 1 4265.912
2009 09 06 15 30 00 1 4265.965
2009 09 06 15 45 00 1 4266.024
2009 09 06 16 00 00 1 4266.090
2009 09 06 16 15 00 1 4266.163
2009 09 06 16 30 00 1 4266.238
2009 09 06 16 45 00 1 4266.319
2009 09 06 17 00 00 1 4266.401
2009 09 06 17 15 00 1 4266.483
2009 09 06 17 30 00 1 4266.565
2009 09 06 17 45 00 1 4266.643
2009 09 06 18 00 00 1 4266.718
2009 09 06 18 15 00 1 4266.791
2009 09 06 18 30 00 1 4266.858
2009 09 06 18 45 00 1 4266.918
2009 09 06 19 00 00 1 4266.972
2009 09 06 19 15 00 1 4267.018
2009 09 06 19 30 00 1 4267.052
2009 09 06 19 45 00 1 4267.080
2009 09 06 20 00 00 1 4267.100
2009 09 06 20 15 00 1 4267.105
2009 09 06 20 30 00 1 4267.099
2009 09 06 20 45 00 1 4267.084
2009 09 06 21 00 00 1 4267.057
2009 09 06 21 15 00 1 4267.024
2009 09 06 21 30 00 1 4266.979
2009 09 06 21 45 00 1 4266.930
2009 09 06 22 00 00 1 4266.869
2009 09 06 22 15 00 1 4266.806
2009 09 06 22 30 00 1 4266.735
2009 09 06 22 45 00 1 4266.659
2009 09 06 23 00 00 1 4266.583
2009 09 06 23 15 00 1 4266.501
2009 09 06 23 30 00 1 4266.419
2009 09 06 23 45 00 1 4266.340
2009 09 07 00 00 00 1 4266.263
2009 09 07 00 15 00 1 4266.189
2009 09 07 00 30 00 1 4266.113
2009 09 07 00 45 00 1 4266.045
2009 09 07 01 00 00 1 4265.982
2009 09 07 01 15 00 1 4265.930
2009 09 07 01 30 00 1 4265.881
2009 09 07 01 45 00 1 4265.844
2009 09 07 02 00 00 1 4265.816
2009 09 07 02 15 00 1 4265.800
2009 09 07 02 30 00 1 4265.792
2009 09 07 02 45 00 1 4265.794
2009 09 07 03 00 00 1 4265.805
2009 09 07 03 15 00 1 4265.825
2009 09 07 03 30 00 1 4265.855
2009 09 07 03 45 00 1 4265.895
2009 09 07 04 00 00 1 4265.943
2009 09 07 04 15 00 1 4265.997
2009 09 07 04 30 00 1 4266.053
2009 09 07 04 45 00 1 4266.118
2009 09 07 05 00 00 1 4266.184
2009 09 07 05 15 00 1 4266.254
2009 09 07 05 30 00 1 4266.327
2009 09 07 05 45 00 1 4266.400
2009 09 07 06 00 00 1 4266.471
2009 09 07 06 15 00 1 4266.539
2009 09 07 06 30 00 1 4266.608
2009 09 07 06 45 00 1 4266.671
2009 09 07 07 00 00 1 4266.724
2009 09 07 07 15 00 1 4266.774
2009 09 07 07 30 00 1 4266.817
2009 09 07 07 45 00 1 4266.852
2009 09 07 08 00 00 1 4266.878
2009 09 07 08 15 00 1 4266.895
2009 09 07 08 30 00 1 4266.903
2009 09 07 08 45 00 1 4266.906
2009 09 07 09 00 00 1 4266.899
2009 09 07 09 15 00 1 4266.882
2009 09 07 09 30 00 1 4266.856
2009 09 07 09 45 00 1 4266.826
2009 09 07 10 00 00 1 4266.787
2009 09 07 10 15 00 1 4266.741
2009 09 07 10 30 00 1 4266.690
2009 09 07 10 45 00 1 4266.629
2009 09 07 11 00 00 1 4266.570
2009 09 07 11 15 00 1 4266.503
2009 09 07 11 30 00 1 4266.439
2009 09 07 11 45 00 1 4266.373
2009 09 07 12 00 00 1 4266.305
2009 09 07 12 15 00 1 4266.244
2009 09 07 12 30 00 1 4266.182
2009 09 07 12 45 00 1 4266.122
2009 09 07 13 00 00 1 4266.073
2009 09 07 13 15 00 1 4266.029
2009 09 07 13 30 00 1 4265.990
2009 09 07 13 45 00 1 4265.957
2009 09 07 14 00 00 1 4265.934
2009 09 07 14 15 00 1 4265.918
2009 09 07 14 30 00 1 4265.915
2009 09 07 14 45 00 1 4265.918
2009 09 07 15 00 00 1 4265.932
2009 09 07 15 15 00 1 4265.957
2009 09 07 15 30 00 1 4265.993
2009 09 07 15 45 00 1 4266.036
2009 09 07 16 00 00 1 4266.084
2009 09 07 16 15 00 1 4266.142
2009 09 07 16 30 00 1 4266.207
2009 09 07 16 45 00 1 4266.274
2009 09 07 17 00 00 1 4266.350
2009 09 07 17 15 00 1 4266.429
2009 09 07 17 30 00 1 4266.505
2009 09 07 17 45 00 1 4266.585
2009 09 07 18 00 00 1 4266.660
2009 09 07 18 15 00 1 4266.735
2009 09 07 18 30 00 1 4266.808
2009 09 07 18 45 00 1 4266.875
2009 09 07 19 00 00 1 4266.939
2009 09 07 19 15 00 1 4266.996
2009 09 07 19 30 00 1 4267.045
2009 09 07 19 45 00 1 4267.085
2009 09 07 20 00 00 1 4267.116
2009 09 07 20 15 00 1 4267.139
2009 09 07 20 30 00 1 4267.153
2009 09 07 20 45 00 1 4267.154
2009 09 07 21 00 00 1 4267.148
2009 09 07 21 15 00 1 4267.131
2009 09 07 21 30 00 1 4267.104
2009 09 07 21 45 00 1 4267.067
2009 09 07 22 00 00 1 4267.022
2009 09 07 22 15 00 1 4266.969
2009 09 07 22 30 00 1 4266.910
2009 09 07 22 45 00 1 4266.840
2009 09 07 23 00 00 1 4266.768
2009 09 07 23 15 00 1 4266.692
2009 09 07 23 30 00 1 4266.610
2009 09 07 23 45 00 1 4266.527
2009 09 08 00 00 00 1 4266.442
2009 09 08 00 15 00 1 4266.358
2009 09 08 00 30 00 1 4266.274
2009 09 08 00 45 00 1 4266.191
2009 09 08 01 00 00 1 4266.112
2009 09 08 01 15 00 1 4266.037
2009 09 08 01 30 00 1 4265.967
2009 09 08 01 45 00 1 4265.907
2009 09 08 02 00 00 1 4265.852
2009 09 08 02 15 00 1 4265.807
2009 09 08 02 30 00 1 4265.769
2009 09 08 02 45 00 1 4265.742
2009 09 08 03 00 00 1 4265.725
2009 09 08 03 15 00 1 4265.717
2009 09 08 03 30 00 1 4265.721
2009 09 08 03 45 00 1 4265.732
2009 09 08 04 00 00 1 4265.754
2009 09 08 04 15 00 1 4265.784
2009 09 08 04 30 00 1 4265.825
2009 09 08 04 45 00 1 4265.868
2009 09 08 05 00 00 1 4265.918
2009 09 08 05 15 00 1 4265.975
2009 09 08 05 30 00 1 4266.036
2009 09 08 05 45 00 1 4266.100
2009 09 08 06 00 00 1 4266.166
2009 09 08 06 15 00 1 4266.236
2009 09 08 06 30 00 1 4266.305
2009 09 08 06 45 00 1 4266.373
2009 09 08 07 00 00 1 4266.440
2009 09 08 07 15 00 1 4266.504
2009 09 08 07 30 00 1 4266.565
2009 09 08 07 45 00 1 4266.622
2009 09 08 08 00 00 1 4266.673
2009 09 08 08 15 00 1 4266.720
2009 09 08 08 30 00 1 4266.758
2009 09 08 08 45 00 1 4266.788
2009 09 08 09 00 00 1 4266.809
2009 09 08 09 15 00 1 4266.822
2009 09 08 09 30 00 1 4266.828
2009 09 08 09 45 00 1 4266.826
2009 09 08 10 00 00 1 4266.815
2009 09 08 10 15 00 1 4266.797
2009 09 08 10 30 00 1 4266.770
2009 09 08 10 45 00 1 4266.737
2009 09 08 11 00 00 1 4266.695
2009 09 08 11 15 00 1 4266.650
2009 09 08 11 30 00 1 4266.599
2009 09 08 11 45 00 1 4266.548
2009 09 08 12 00 00 1 4266.493
2009 09 08 12 15 00 1 4266.440
2009 09 08 12 30 00 1 4266.385
2009 09 08 12 45 00 1 4266.331
2009 09 08 13 00 00 1 4266.280
2009 09 08 13 15 00 1 4266.233
2009 09 08 13 30 00 1 4266.191
2009 09 08 13 45 00 1 4266.152
2009 09 08 14 00 00 1 4266.118
2009 09 08 14 15 00 1 4266.089
2009 09 08 14 30 00 1 4266.072
2009 09 08 14 45 00 1 4266.064
2009 09 08 15 00 00 1 4266.060
2009 09 08 15 15 00 1 4266.064
2009 09 08 15 30 00 1 4266.078
2009 09 08 15 45 00 1 4266.100
2009 09 08 16 00 00 1 4266.130
2009 09 08 16 15 00 1 4266.171
2009 09 08 16 30 00 1 4266.214
2009 09 08 16 45 00 1 4266.266
2009 09 08 17 00 00 1 4266.325
2009 09 08 17 15 00 1 4266.388
2009 09 08 17 30 00 1 4266.454
2009 09 08 17 45 00 1 4266.527
2009 09 08 18 00 00 1 4266.598
2009 09 08 18 15 00 1 4266.669
2009 09 08 18 30 00 1 4266.740
2009 09 08 18 45 00 1 4266.810
2009 09 08 19 00 00 1 4266.877
2009 09 08 19 15 00 1 4266.940
2009 09 08 19 30 00 1 4267.001
2009 09 08 19 45 00 1 4267.057
2009 09 08 20 00 00 1 4267.105
2009 09 08 20 15 00 1 4267.144
2009 09 08 20 30 00 1 4267.175
2009 09 08 20 45 00 1 4267.196
2009 09 08 21 00 00 1 4267.209
2009 09 08 21 15 00 1 4267.215
2009 09 08 21 30 00 1 4267.209
2009 09 08 21 45 00 1 4267.192
2009 09 08 22 00 00 1 4267.168
2009 09 08 22 15 00 1 4267.134
2009 09 08 22 30 00 1 4267.090
2009 09 08 22 45 00 1 4267.038
2009 09 08 23 00 00 1 4266.979
2009 09 08 23 15 00 1 4266.912
2009 09 08 23 30 00 1 4266.839
2009 09 08 23 45 00 1 4266.763
2009 09 09 00 00 00 1 4266.681
2009 09 09 00 15 00 1 4266.592
2009 09 09 00 30 00 1 4266.501
2009 09 09 00 45 00 1 4266.412
2009 09 09 01 00 00 1 4266.323
2009 09 09 01 15 00 1 4266.236
2009 09 09 01 30 00 1 4266.152
2009 09 09 01 45 00 1 4266.071
2009 09 09 02 00 00 1 4265.996
2009 09 09 02 15 00 1 4265.927
2009 09 09 02 30 00 1 4265.865
2009 09 09 02 45 00 1 4265.810
2009 09 09 03 00 00 1 4265.764
2009 09 09 03 15 00 1 4265.730
2009 09 09 03 30 00 1 4265.702
2009 09 09 03 45 00 1 4265.686
2009 09 09 04 00 00 1 4265.676
2009 09 09 04 15 00 1 4265.675
2009 09 09 04 30 00 1 4265.681
2009 09 09 04 45 00 1 4265.695
2009 09 09 05 00 00 1 4265.721
2009 09 09 05 15 00 1 4265.753
2009 09 09 05 30 00 1 4265.794
2009 09 09 05 45 00 1 4265.842
2009 09 09 06 00 00 1 4265.896
2009 09 09 06 15 00 1 4265.954
2009 09 09 06 30 00 1 4266.016
2009 09 09 06 45 00 1 4266.083
2009 09 09 07 00 00 1 4266.151
2009 09 09 07 15 00 1 4266.217
2009 09 09 07 30 00 1 4266.285
2009 09 09 07 45 00 1 4266.351
2009 09 09 08 00 00 1 4266.412
2009 09 09 08 15 00 1 4266.473
2009 09 09 08 30 00 1 4266.530
2009 09 09 08 45 00 1 4266.580
2009 09 09 09 00 00 1 4266.626
2009 09 09 09 15 00 1 4266.665
2009 09 09 09 30 00 1 4266.697
2009 09 09 09 45 00 1 4266.722
2009 09 09 10 00 00 1 4266.738
2009 09 09 10 15 00 1 4266.749
2009 09 09 10 30 00 1 4266.753
2009 09 09 10 45 00 1 4266.746
2009 09 09 11 00 00 1 4266.735
2009 09 09 11 15 00 1 4266.720
2009 09 09 11 30 00 1 4266.695
2009 09 09 11 45 00 1 4266.665
2009 09 09 12 00 00 1 4266.634
2009 09 09 12 15 00 1 4266.598
2009 09 09 12 30 00 1 4266.556
2009 09 09 12 45 00 1 4266.514
2009 09 09 13 00 00 1 4266.470
2009 09 09 13 15 00 1 4266.429
2009 09 09 13 30 00 1 4266.389
2009 09 09 13 45 00 1 4266.351
2009 09 09 14 00 00 1 4266.314
2009 09 09 14 15 00 1 4266.282
2009 09 09 14 30 00 1 4266.256
2009 09 09 14 45 00 1 4266.233
2009 09 09 15 00 00 1 4266.219
2009 09 09 15 15 00 1 4266.207
2009 09 09 15 30 00 1 4266.203
2009 09 09 15 45 00 1 4266.202
2009 09 09 16 00 00 1 4266.211
2009 09 09 16 15 00 1 4266.228
2009 09 09 16 30 00 1 4266.249
2009 09 09 16 45 00 1 4266.283
2009 09 09 17 00 00 1 4266.323
2009 09 09 17 15 00 1 4266.366
2009 09 09 17 30 00 1 4266.418
2009 09 09 17 45 00 1 4266.476
2009 09 09 18 00 00 1 4266.533
2009 09 09 18 15 00 1 4266.595
2009 09 09 18 30 00 1 4266.658
2009 09 09 18 45 00 1 4266.724
2009 09 09 19 00 00 1 4266.788
2009 09 09 19 15 00 1 4266.853
2009 09 09 19 30 00 1 4266.915
2009 09 09 19 45 00 1 4266.973
2009 09 09 20 00 00 1 4267.030
2009 09 09 20 15 00 1 4267.081
2009 09 09 20 30 00 1 4267.127
2009 09 09 20 45 00 1 4267.166
2009 09 09 21 00 00 1 4267.197
2009 09 09 21 15 00 1 4267.220
2009 09 09 21 30 00 1 4267.234
2009 09 09 21 45 00 1 4267.241
2009 09 09 22 00 00 1 4267.235
2009 09 09 22 15 00 1 4267.220
2009 09 09 22 30 00 1 4267.199
2009 09 09 22 45 00 1 4267.171
2009 09 09 23 00 00 1 4267.132
2009 09 09 23 15 00 1 4267.086
2009 09 09 23 30 00 1 4267.034
2009 09 09 23 45 00 1 4266.973
2009 09 10 00 00 00 1 4266.904
2009 09 10 00 15 00 1 4266.830
2009 09 10 00 30 00 1 4266.750
2009 09 10 00 45 00 1 4266.666
2009 09 10 01 00 00 1 4266.578
2009 09 10 01 15 00 1 4266.490
2009 09 10 01 30 00 1 4266.402
2009 09 10 01 45 00 1 4266.313
2009 09 10 02 00 00 1 4266.226
2009 09 10 02 15 00 1 4266.141
2009 09 10 02 30 00 1 4266.060
2009 09 10 02 45 00 1 4265.984
2009 09 10 03 00 00 1 4265.912
2009 09 10 03 15 00 1 4265.847
2009 09 10 03 30 00 1 4265.789
2009 09 10 03 45 00 1 4265.737
2009 09 10 04 00 00 1 4265.696
2009 09 10 04 15 00 1 4265.663
2009 09 10 04 30 00 1 4265.637
2009 09 10 04 45 00 1 4265.623
2009 09 10 05 00 00 1 4265.616
2009 09 10 05 15 00 1 4265.617
2009 09 10 05 30 00 1 4265.628
2009 09 10 05 45 00 1 4265.649
2009 09 10 06 00 00 1 4265.676
2009 09 10 06 15 00 1 4265.709
2009 09 10 06 30 00 1 4265.752
2009 09 10 06 45 00 1 4265.798
2009 09 10 07 00 00 1 4265.850
2009 09 10 07 15 00 1 4265.903
2009 09 10 07 30 00 1 4265.962
2009 09 10 07 45 00 1 4266.024
2009 09 10 08 00 00 1 4266.085
2009 09 10 08 15 00 1 4266.148
2009 09 10 08 30 00 1 4266.213
2009 09 10 08 45 00 1 4266.272
2009 09 10 09 00 00 1 4266.334
2009 09 10 09 15 00 1 4266.391
2009 09 10 09 30 00 1 4266.442
2009 09 10 09 45 00 1 4266.489
2009 09 10 10 00 00 1 4266.532
2009 09 10 10 15 00 1 4266.567
2009 09 10 10 30 00 1 4266.600
2009 09 10 10 45 00 1 4266.626
2009 09 10 11 00 00 1 4266.644
2009 09 10 11 15 00 1 4266.654
2009 09 10 11 30 00 1 4266.660
2009 09 10 11 45 00 1 4266.656
2009 09 10 12 00 00 1 4266.647
2009 09 10 12 15 00 1 4266.635
2009 09 10 12 30 00 1 4266.619
2009 09 10 12 45 00 1 4266.596
2009 09 10 13 00 00 1 4266.576
2009 09 10 13 15 00 1 4266.549
2009 09 10 13 30 00 1 4266.521
2009 09 10 13 45 00 1 4266.490
2009 09 10 14 00 00 1 4266.463
2009 09 10 14 15 00 1 4266.434
2009 09 10 14 30 00 1 4266.408
2009 09 10 14 45 00 1 4266.380
2009 09 10 15 00 00 1 4266.357
2009 09 10 15 15 00 1 4266.335
2009 09 10 15 30 00 1 4266.319
2009 09 10 15 45 00 1 4266.308
2009 09 10 16 00 00 1 4266.301
2009 09 10 16 15 00 1 4266.300
2009 09 10 16 30 00 1 4266.304
2009 09 10 16 45 00 1 4266.315
2009 09 10 17 00 00 1 4266.331
2009 09 10 17 15 00 1 4266.353
2009 09 10 17 30 00 1 4266.384
2009 09 10 17 45 00 1 4266.421
2009 09 10 18 00 00 1 4266.461
2009 09 10 18 15 00 1 4266.507
2009 09 10 18 30 00 1 4266.556
2009 09 10 18 45 00 1 4266.608
2009 09 10 19 00 00 1 4266.660
2009 09 10 19 15 00 1 4266.718
2009 09 10 19 30 00 1 4266.776
2009 09 10 19 45 00 1 4266.835
2009 09 10 20 00 00 1 4266.892
2009 09 10 20 15 00 1 4266.950
2009 09 10 20 30 00 1 4267.004
2009 09 10 20 45 00 1 4267.055
2009 09 10 21 00 00 1 4267.101
2009 09 10 21 15 00 1 4267.139
2009 09 10 21 30 00 1 4267.172
2009 09 10 21 45 00 1 4267.201
2009 09 10 22 00 00 1 4267.218
2009 09 10 22 15 00 1 4267.232
2009 09 10 22 30 00 1 4267.237
2009 09 10 22 45 00 1 4267.234
2009 09 10 23 00 00 1 4267.224
2009 09 10 23 15 00 1 4267.203
2009 09 10 23 30 00 1 4267.176
2009 09 10 23 45 00 1 4267.139
2009 09 11 00 00 00 1 4267.094
2009 09 11 00 15 00 1 4267.042
2009 09 11 00 30 00 1 4266.985
2009 09 11 00 45 00 1 4266.920
2009 09 11 01 00 00 1 4266.846
2009 09 11 01 15 00 1 4266.769
2009 09 11 01 30 00 1 4266.688
2009 09 11 01 45 00 1 4266.604
2009 09 11 02 00 00 1 4266.518
2009 09 11 02 15 00 1 4266.432
2009 09 11 02 30 00 1 4266.345
2009 09 11 02 45 00 1 4266.259
2009 09 11 03 00 00 1 4266.176
2009 09 11 03 15 00 1 4266.099
2009 09 11 03 30 00 1 4266.021
2009 09 11 03 45 00 1 4265.946
2009 09 11 04 00 00 1 4265.878
2009 09 11 04 15 00 1 4265.816
2009 09 11 04 30 00 1 4265.761
2009 09 11 04 45 00 1 4265.709
2009 09 11 05 00 00 1 4265.665
2009 09 11 05 15 00 1 4265.635
2009 09 11 05 30 00 1 4265.609
2009 09 11 05 45 00 1 4265.592
2009 09 11 06 00 00 1 4265.586
2009 09 11 06 15 00 1 4265.586
2009 09 11 06 30 00 1 4265.594
2009 09 11 06 45 00 1 4265.611
2009 09 11 07 00 00 1 4265.634
2009 09 11 07 15 00 1 4265.663
2009 09 11 07 30 00 1 4265.701
2009 09 11 07 45 00 1 4265.742
2009 09 11 08 00 00 1 4265.790
2009 09 11 08 15 00 1 4265.840
2009 09 11 08 30 00 1 4265.895
2009 09 11 08 45 00 1 4265.954
2009 09 11 09 00 00 1 4266.015
2009 09 11 09 15 00 1 4266.074
2009 09 11 09 30 00 1 4266.135
2009 09 11 09 45 00 1 4266.193
2009 09 11 10 00 00 1 4266.250
2009 09 11 10 15 00 1 4266.304
2009 09 11 10 30 00 1 4266.355
2009 09 11 10 45 00 1 4266.402
2009 09 11 11 00 00 1 4266.448
2009 09 11 11 15 00 1 4266.486
2009 09 11 11 30 00 1 4266.518
2009 09 11 11 45 00 1 4266.547
2009 09 11 12 00 00 1 4266.571
2009 09 11 12 15 00 1 4266.587
2009 09 11 12 30 00 1 4266.597
2009 09 11 12 45 00 1 4266.603
2009 09 11 13 00 00 1 4266.605
2009 09 11 13 15 00 1 4266.600
2009 09 11 13 30 00 1 4266.593
2009 09 11 13 45 00 1 4266.582
2009 09 11 14 00 00 1 4266.567
2009 09 11 14 15 00 1 4266.552
2009 09 11 14 30 00 1 4266.533
2009 09 11 14 45 00 1 4266.517
2009 09 11 15 00 00 1 4266.501
2009 09 11 15 15 00 1 4266.480
2009 09 11 15 30 00 1 4266.462
2009 09 11 15 45 00 1 4266.443
2009 09 11 16 00 00 1 4266.427
2009 09 11 16 15 00 1 4266.415
2009 09 11 16 30 00 1 4266.407
2009 09 11 16 45 00 1 4266.405
2009 09 11 17 00 00 1 4266.404
2009 09 11 17 15 00 1 4266.411
2009 09 11 17 30 00 1 4266.418
2009 09 11 17 45 00 1 4266.430
2009 09 11 18 00 00 1 4266.449
2009 09 11 18 15 00 1 4266.469
2009 09 11 18 30 00 1 4266.495
2009 09 11 18 45 00 1 4266.527
2009 09 11 19 00 00 1 4266.564
2009 09 11 19 15 00 1 4266.604
2009 09 11 19 30 00 1 4266.646
2009 09 11 19 45 00 1 4266.691
2009 09 11 20 00 00 1 4266.740
2009 09 11 20 15 00 1 4266.790
2009 09 11 20 30 00 1 4266.839
2009 09 11 20 45 00 1 4266.891
2009 09 11 21 00 00 1 4266.940
2009 09 11 21 15 00 1 4266.990
2009 09 11 21 30 00 1 4267.035
2009 09 11 21 45 00 1 4267.079
2009 09 11 22 00 00 1 4267.118
2009 09 11 22 15 00 1 4267.154
2009 09 11 22 30 00 1 4267.185
2009 09 11 22 45 00 1 4267.206
2009 09 11 23 00 00 1 4267.227
2009 09 11 23 15 00 1 4267.239
2009 09 11 23 30 00 1 4267.239
2009 09 11 23 45 00 1 4267.237
2009 09 12 00 00 00 1 4267.224
2009 09 12 00 15 00 1 4267.204
2009 09 12 00 30 00 1 4267.172
2009 09 12 00 45 00 1 4267.133
2009 09 12 01 00 00 1 4267.088
2009 09 12 01 15 00 1 4267.038
2009 09 12 01 30 00 1 4266.981
2009 09 12 01 45 00 1 4266.914
2009 09 12 02 00 00 1 4266.843
2009 09 12 02 15 00 1 4266.772
2009 09 12 02 30 00 1 4266.693
2009 09 12 02 45 00 1 4266.609
2009 09 12 03 00 00 1 4266.523
2009 09 12 03 15 00 1 4266.436
2009 09 12 03 30 00 1 4266.353
2009 09 12 03 45 00 1 4266.270
2009 09 12 04 00 00 1 4266.187
2009 09 12 04 15 00 1 4266.107
2009 09 12 04 30 00 1 4266.030
2009 09 12 04 45 00 1 4265.955
2009 09 12 05 00 00 1 4265.887
2009 09 12 05 15 00 1 4265.820
2009 09 12 05 30 00 1 4265.762
2009 09 12 05 45 00 1 4265.715
2009 09 12 06 00 00 1 4265.672
2009 09 12 06 15 00 1 4265.633
2009 09 12 06 30 00 1 4265.602
2009 09 12 06 45 00 1 4265.586
2009 09 12 07 00 00 1 4265.571
2009 09 12 07 15 00 1 4265.568
2009 09 12 07 30 00 1 4265.569
2009 09 12 07 45 00 1 4265.583
2009 09 12 08 00 00 1 4265.601
2009 09 12 08 15 00 1 4265.623
2009 09 12 08 30 00 1 4265.658
2009 09 12 08 45 00 1 4265.697
2009 09 12 09 00 00 1 4265.737
2009 09 12 09 15 00 1 4265.783
2009 09 12 09 30 00 1 4265.836
2009 09 12 09 45 00 1 4265.895
2009 09 12 10 00 00 1 4265.954
2009 09 12 10 15 00 1 4266.015
2009 09 12 10 30 00 1 4266.071
2009 09 12 10 45 00 1 4266.131
2009 09 12 11 00 00 1 4266.192
2009 09 12 11 15 00 1 4266.248
2009 09 12 11 30 00 1 4266.301
2009 09 12 11 45 00 1 4266.352
2009 09 12 12 00 00 1 4266.399
2009 09 12 12 15 00 1 4266.452
2009 09 12 12 30 00 1 4266.490
2009 09 12 12 45 00 1 4266.528
2009 09 12 13 00 00 1 4266.559
2009 09 12 13 15 00 1 4266.585
2009 09 12 13 30 00 1 4266.608
2009 09 12 13 45 00 1 4266.621
2009 09 12 14 00 00 1 4266.631
2009 09 12 14 15 00 1 4266.635
2009 09 12 14 30 00 1 4266.638
2009 09 12 14 45 00 1 4266.635
2009 09 12 15 00 00 1 4266.629
2009 09 12 15 15 00 1 4266.617
2009 09 12 15 30 00 1 4266.603
2009 09 12 15 45 00 1 4266.589
2009 09 12 16 00 00 1 4266.572
2009 09 12 16 15 00 1 4266.559
2009 09 12 16 30 00 1 4266.544
2009 09 12 16 45 00 1 4266.529
2009 09 12 17 00 00 1 4266.513
2009 09 12 17 15 00 1 4266.500
2009 09 12 17 30 00 1 4266.488
2009 09 12 17 45 00 1 4266.483
2009 09 12 18 00 00 1 4266.477
2009 09 12 18 15 00 1 4266.473
2009 09 12 18 30 00 1 4266.478
2009 09 12 18 45 00 1 4266.489
2009 09 12 19 00 00 1 4266.496
2009 09 12 19 15 00 1 4266.517
2009 09 12 19 30 00 1 4266.539
2009 09 12 19 45 00 1 4266.559
2009 09 12 20 00 00 1 4266.586
2009 09 12 20 15 00 1 4266.615
2009 09 12 20 30 00 1 4266.653
2009 09 12 20 45 00 1 4266.692
2009 09 12 21 00 00 1 4266.734
2009 09 12 21 15 00 1 4266.775
2009 09 12 21 30 00 1 4266.823
2009 09 12 21 45 00 1 4266.866
2009 09 12 22 00 00 1 4266.916
2009 09 12 22 15 00 1 4266.960
2009 09 12 22 30 00 1 4267.011
2009 09 12 22 45 00 1 4267.052
2009 09 12 23 00 00 1 4267.093
2009 09 12 23 15 00 1 4267.132
2009 09 12 23 30 00 1 4267.163
2009 09 12 23 45 00 1 4267.186
2009 09 13 00 00 00 1 4267.206
2009 09 13 00 15 00 1 4267.219
2009 09 13 00 30 00 1 4267.224
2009 09 13 00 45 00 1 4267.222
2009 09 13 01 00 00 1 4267.214
2009 09 13 01 15 00 1 4267.193
2009 09 13 01 30 00 1 4267.171
2009 09 13 01 45 00 1 4267.139
2009 09 13 02 00 00 1 4267.099
2009 09 13 02 15 00 1 4267.046
2009 09 13 02 30 00 1 4266.992
2009 09 13 02 45 00 1 4266.933
2009 09 13 03 00 00 1 4266.866
2009 09 13 03 15 00 1 4266.791
2009 09 13 03 30 00 1 4266.719
2009 09 13 03 45 00 1 4266.641
2009 09 13 04 00 00 1 4266.555
2009 09 13 04 15 00 1 4266.472
2009 09 13 04 30 00 1 4266.387
2009 09 13 04 45 00 1 4266.297
2009 09 13 05 00 00 1 4266.208
2009 09 13 05 15 00 1 4266.125
2009 09 13 05 30 00 1 4266.038
2009 09 13 05 45 00 1 4265.958
2009 09 13 06 00 00 1 4265.885
2009 09 13 06 15 00 1 4265.810
2009 09 13 06 30 00 1 4265.748
2009 09 13 06 45 00 1 4265.688
2009 09 13 07 00 00 1 4265.635
2009 09 13 07 15 00 1 4265.590
2009 09 13 07 30 00 1 4265.554
2009 09 13 07 45 00 1 4265.528
2009 09 13 08 00 00 1 4265.507
2009 09 13 08 15 00 1 4265.500
2009 09 13 08 30 00 1 4265.496
2009 09 13 08 45 00 1 4265.502
2009 09 13 09 00 00 1 4265.512
2009 09 13 09 15 00 1 4265.537
2009 09 13 09 30 00 1 4265.567
2009 09 13 09 45 00 1 4265.603
2009 09 13 10 00 00 1 4265.647
2009 09 13 10 15 00 1 4265.694
2009 09 13 10 30 00 1 4265.750
2009 09 13 10 45 00 1 4265.804
2009 09 13 11 00 00 1 4265.872
2009 09 13 11 15 00 1 4265.934
2009 09 13 11 30 00 1 4266.002
2009 09 13 11 45 00 1 4266.067
2009 09 13 12 00 00 1 4266.136
2009 09 13 12 15 00 1 4266.204
2009 09 13 12 30 00 1 4266.269
2009 09 13 12 45 00 1 4266.328
2009 09 13 13 00 00 1 4266.388
2009 09 13 13 15 00 1 4266.439
2009 09 13 13 30 00 1 4266.489
2009 09 13 13 45 00 1 4266.531
2009 09 13 14 00 00 1 4266.573
2009 09 13 14 15 00 1 4266.605
2009 09 13 14 30 00 1 4266.636
2009 09 13 14 45 00 1 4266.657
2009 09 13 15 00 00 1 4266.675
2009 09 13 15 15 00 1 4266.684
2009 09 13 15 30 00 1 4266.689
2009 09 13 15 45 00 1 4266.691
2009 09 13 16 00 00 1 4266.683
2009 09 13 16 15 00 1 4266.672
2009 09 13 16 30 00 1 4266.662
2009 09 13 16 45 00 1 4266.642
2009 09 13 17 00 00 1 4266.624
2009 09 13 17 15 00 1 4266.602
2009 09 13 17 30 00 1 4266.583
2009 09 13 17 45 00 1 4266.561
2009 09 13 18 00 00 1 4266.536
2009 09 13 18 15 00 1 4266.516
2009 09 13 18 30 00 1 4266.495
2009 09 13 18 45 00 1 4266.479
2009 09 13 19 00 00 1 4266.462
2009 09 13 19 15 00 1 4266.454
2009 09 13 19 30 00 1 4266.447
2009 09 13 19 45 00 1 4266.446
2009 09 13 20 00 00 1 4266.447
2009 09 13 20 15 00 1 4266.457
2009 09 13 20 30 00 1 4266.468
2009 09 13 20 45 00 1 4266.484
2009 09 13 21 00 00 1 4266.506
2009 09 13 21 15 00 1 4266.534
2009 09 13 21 30 00 1 4266.568
2009 09 13 21 45 00 1 4266.605
2009 09 13 22 00 00 1 4266.644
2009 09 13 22 15 00 1 4266.689
2009 09 13 22 30 00 1 4266.740
2009 09 13 22 45 00 1 4266.791
2009 09 13 23 00 00 1 4266.843
2009 09 13 23 15 00 1 4266.896
2009 09 13 23 30 00 1 4266.944
2009 09 13 23 45 00 1 4266.993
2009 09 14 00 00 00 1 4267.037
2009 09 14 00 15 00 1 4267.078
2009 09 14 00 30 00 1 4267.119
2009 09 14 00 45 00 1 4267.147
2009 09 14 01 00 00 1 4267.172
2009 09 14 01 15 00 1 4265.774
2009 09 14 01 30 00 1 4265.787
2009 09 14 01 45 00 1 4265.787
2009 09 14 02 00 00 1 4265.785
2009 09 14 02 15 00 1 4267.191
2009 09 14 02 30 00 1 4267.172
2009 09 14 02 45 00 1 4267.147
2009 09 14 03 00 00 1 4267.111
2009 09 14 03 15 00 1 4267.064
2009 09 14 03 30 00 1 4267.016
2009 09 14 03 45 00 1 4266.959
2009 09 14 04 00 00 1 4266.894
2009 09 14 04 15 00 1 4266.825
2009 09 14 04 30 00 1 4266.747
2009 09 14 04 45 00 1 4266.664
2009 09 14 05 00 00 1 4266.577
2009 09 14 05 15 00 1 4266.489
2009 09 14 05 30 00 1 4266.391
2009 09 14 05 45 00 1 4266.296
2009 09 14 06 00 00 1 4266.201
2009 09 14 06 15 00 1 4266.108
2009 09 14 06 30 00 1 4266.015
2009 09 14 06 45 00 1 4265.927
2009 09 14 07 00 00 1 4265.842
2009 09 14 07 15 00 1 4265.762
2009 09 14 07 30 00 1 4265.690
2009 09 14 07 45 00 1 4265.621
2009 09 14 08 00 00 1 4265.566
2009 09 14 08 15 00 1 4265.515
2009 09 14 08 30 00 1 4265.473
2009 09 14 08 45 00 1 4265.441
2009 09 14 09 00 00 1 4265.416
2009 09 14 09 15 00 1 4265.403
2009 09 14 09 30 00 1 4265.396
2009 09 14 09 45 00 1 4265.402
2009 09 14 10 00 00 1 4265.417
2009 09 14 10 15 00 1 4265.441
2009 09 14 10 30 00 1 4265.475
2009 09 14 10 45 00 1 4265.515
2009 09 14 11 00 00 1 4265.562
2009 09 14 11 15 00 1 4265.618
2009 09 14 11 30 00 1 4265.679
2009 09 14 11 45 00 1 4265.747
2009 09 14 12 00 00 1 4265.816
2009 09 14 12 15 00 1 4265.887
2009 09 14 12 30 00 1 4265.966
2009 09 14 12 45 00 1 4266.042
2009 09 14 13 00 00 1 4266.121
2009 09 14 13 15 00 1 4266.197
2009 09 14 13 30 00 1 4266.272
2009 09 14 13 45 00 1 4266.347
2009 09 14 14 00 00 1 4266.416
2009 09 14 14 15 00 1 4266.480
2009 09 14 14 30 00 1 4266.538
2009 09 14 14 45 00 1 4266.592
2009 09 14 15 00 00 1 4266.635
2009 09 14 15 15 00 1 4266.670
2009 09 14 15 30 00 1 4266.701
2009 09 14 15 45 00 1 4266.726
2009 09 14 16 00 00 1 4266.742
2009 09 14 16 15 00 1 4266.753
2009 09 14 16 30 00 1 4266.755
2009 09 14 16 45 00 1 4266.755
2009 09 14 17 00 00 1 4266.746
2009 09 14 17 15 00 1 4266.734
2009 09 14 17 30 00 1 4266.715
2009 09 14 17 45 00 1 4266.689
2009 09 14 18 00 00 1 4266.663
2009 09 14 18 15 00 1 4266.633
2009 09 14 18 30 00 1 4266.597
2009 09 14 18 45 00 1 4266.563
2009 09 14 19 00 00 1 4266.528
2009 09 14 19 15 00 1 4266.494
2009 09 14 19 30 00 1 4266.462
2009 09 14 19 45 00 1 4266.433
2009 09 14 20 00 00 1 4266.406
2009 09 14 20 15 00 1 4266.384
2009 09 14 20 30 00 1 4266.367
2009 09 14 20 45 00 1 4266.355
2009 09 14 21 00 00 1 4266.351
2009 09 14 21 15 00 1 4266.353
2009 09 14 21 30 00 1 4266.357
2009 09 14 21 45 00 1 4266.369
2009 09 14 22 00 00 1 4266.388
2009 09 14 22 15 00 1 4266.414
2009 09 14 22 30 00 1 4266.449
2009 09 14 22 45 00 1 4266.491
2009 09 14 23 00 00 1 4266.537
2009 09 14 23 15 00 1 4266.586
2009 09 14 23 30 00 1 4266.638
2009 09 14 23 45 00 1 4266.694
2009 09 15 00 00 00 1 4266.751
2009 09 15 00 15 00 1 4266.811
2009 09 15 00 30 00 1 4266.870
2009 09 15 00 45 00 1 4266.928
2009 09 15 01 00 00 1 4266.983
2009 09 15 01 15 00 1 4267.038
2009 09 15 01 30 00 1 4267.088
2009 09 15 01 45 00 1 4267.130
2009 09 15 02 00 00 1 4267.168
2009 09 15 02 15 00 1 4267.196
2009 09 15 02 30 00 1 4267.219
2009 09 15 02 45 00 1 4267.233
2009 09 15 03 00 00 1 4267.241
2009 09 15 03 15 00 1 4267.238
2009 09 15 03 30 00 1 4267.227
2009 09 15 03 45 00 1 4267.207
2009 09 15 04 00 00 1 4267.174
2009 09 15 04 15 00 1 4267.136
2009 09 15 04 30 00 1 4267.087
2009 09 15 04 45 00 1 4267.029
2009 09 15 05 00 00 1 4266.962
2009 09 15 05 15 00 1 4266.886
2009 09 15 05 30 00 1 4266.804
2009 09 15 05 45 00 1 4266.717
2009 09 15 06 00 00 1 4266.625
2009 09 15 06 15 00 1 4266.528
2009 09 15 06 30 00 1 4266.429
2009 09 15 06 45 00 1 4266.326
2009 09 15 07 00 00 1 4266.220
2009 09 15 07 15 00 1 4266.121
2009 09 15 07 30 00 1 4266.021
2009 09 15 07 45 00 1 4265.923
2009 09 15 08 00 00 1 4265.832
2009 09 15 08 15 00 1 4265.746
2009 09 15 08 30 00 1 4265.665
2009 09 15 08 45 00 1 4265.592
2009 09 15 09 00 00 1 4265.529
2009 09 15 09 15 00 1 4265.475
2009 09 15 09 30 00 1 4265.429
2009 09 15 09 45 00 1 4265.393
2009 09 15 10 00 00 1 4265.370
2009 09 15 10 15 00 1 4265.355
2009 09 15 10 30 00 1 4265.352
2009 09 15 10 45 00 1 4265.364
2009 09 15 11 00 00 1 4265.385
2009 09 15 11 15 00 1 4265.417
2009 09 15 11 30 00 1 4265.457
2009 09 15 11 45 00 1 4265.510
2009 09 15 12 00 00 1 4265.569
2009 09 15 12 15 00 1 4265.638
2009 09 15 12 30 00 1 4265.713
2009 09 15 12 45 00 1 4265.791
2009 09 15 13 00 00 1 4265.874
2009 09 15 13 15 00 1 4265.960
2009 09 15 13 30 00 1 4266.047
2009 09 15 13 45 00 1 4266.138
2009 09 15 14 00 00 1 4266.226
2009 09 15 14 15 00 1 4266.308
2009 09 15 14 30 00 1 4266.391
2009 09 15 14 45 00 1 4266.470
2009 09 15 15 00 00 1 4266.545
2009 09 15 15 15 00 1 4266.612
2009 09 15 15 30 00 1 4266.672
2009 09 15 15 45 00 1 4266.724
2009 09 15 16 00 00 1 4266.769
2009 09 15 16 15 00 1 4266.806
2009 09 15 16 30 00 1 4266.835
2009 09 15 16 45 00 1 4266.852
2009 09 15 17 00 00 1 4266.860
2009 09 15 17 15 00 1 4266.859
2009 09 15 17 30 00 1 4266.853
2009 09 15 17 45 00 1 4266.835
2009 09 15 18 00 00 1 4266.814
2009 09 15 18 15 00 1 4266.784
2009 09 15 18 30 00 1 4266.749
2009 09 15 18 45 00 1 4266.708
2009 09 15 19 00 00 1 4266.664
2009 09 15 19 15 00 1 4266.618
2009 09 15 19 30 00 1 4266.566
2009 09 15 19 45 00 1 4266.516
2009 09 15 20 00 00 1 4266.466
2009 09 15 20 15 00 1 4266.416
2009 09 15 20 30 00 1 4266.372
2009 09 15 20 45 00 1 4266.327
2009 09 15 21 00 00 1 4266.291
2009 09 15 21 15 00 1 4266.260
2009 09 15 21 30 00 1 4266.233
2009 09 15 21 45 00 1 4266.214
2009 09 15 22 00 00 1 4266.204
2009 09 15 22 15 00 1 4266.201
2009 09 15 22 30 00 1 4266.206
2009 09 15 22 45 00 1 4266.222
2009 09 15 23 00 00 1 4266.244
2009 09 15 23 15 00 1 4266.274
2009 09 15 23 30 00 1 4266.313
2009 09 15 23 45 00 1 4266.355
2009 09 16 00 00 00 1 4266.406
2009 09 16 00 15 00 1 4266.463
2009 09 16 00 30 00 1 4266.526
2009 09 16 00 45 00 1 4266.592
2009 09 16 01 00 00 1 4266.659
2009 09 16 01 15 00 1 4266.729
2009 09 16 01 30 00 1 4266.798
2009 09 16 01 45 00 1 4266.868
2009 09 16 02 00 00 1 4266.936
2009 09 16 02 15 00 1 4267.000
2009 09 16 02 30 00 1 4267.056
2009 09 16 02 45 00 1 4267.110
2009 09 16 03 00 00 1 4267.155
2009 09 16 03 15 00 1 4267.198
2009 09 16 03 30 00 1 4267.228
2009 09 16 03 45 00 1 4267.249
2009 09 16 04 00 00 1 4267.261
2009 09 16 04 15 00 1 4267.262
2009 09 16 04 30 00 1 4267.253
2009 09 16 04 45 00 1 4267.232
2009 09 16 05 00 00 1 4267.201
2009 09 16 05 15 00 1 4267.160
2009 09 16 05 30 00 1 4267.109
2009 09 16 05 45 00 1 4267.050
2009 09 16 06 00 00 1 4266.980
2009 09 16 06 15 00 1 4266.901
2009 09 16 06 30 00 1 4266.813
2009 09 16 06 45 00 1 4266.721
2009 09 16 07 00 00 1 4266.622
2009 09 16 07 15 00 1 4266.521
2009 09 16 07 30 00 1 4266.416
2009 09 16 07 45 00 1 4266.309
2009 09 16 08 00 00 1 4266.203
2009 09 16 08 15 00 1 4266.098
2009 09 16 08 30 00 1 4265.995
2009 09 16 08 45 00 1 4265.896
2009 09 16 09 00 00 1 4265.800
2009 09 16 09 15 00 1 4265.712
2009 09 16 09 30 00 1 4265.634
2009 09 16 09 45 00 1 4265.561
2009 09 16 10 00 00 1 4265.496
2009 09 16 10 15 00 1 4265.443
2009 09 16 10 30 00 1 4265.402
2009 09 16 10 45 00 1 4265.371
2009 09 16 11 00 00 1 4265.355
2009 09 16 11 15 00 1 4265.349
2009 09 16 11 30 00 1 4265.358
2009 09 16 11 45 00 1 4265.378
2009 09 16 12 00 00 1 4265.406
2009 09 16 12 15 00 1 4265.452
2009 09 16 12 30 00 1 4265.506
2009 09 16 12 45 00 1 4265.567
2009 09 16 13 00 00 1 4265.639
2009 09 16 13 15 00 1 4265.719
2009 09 16 13 30 00 1 4265.803
2009 09 16 13 45 00 1 4265.894
2009 09 16 14 00 00 1 4265.989
2009 09 16 14 15 00 1 4266.087
2009 09 16 14 30 00 1 4266.187
2009 09 16 14 45 00 1 4266.285
2009 09 16 15 00 00 1 4266.380
2009 09 16 15 15 00 1 4266.471
2009 09 16 15 30 00 1 4266.558
2009 09 16 15 45 00 1 4266.636
2009 09 16 16 00 00 1 4266.709
2009 09 16 16 15 00 1 4266.775
2009 09 16 16 30 00 1 4266.834
2009 09 16 16 45 00 1 4266.883
2009 09 16 17 00 00 1 4266.924
2009 09 16 17 15 00 1 4266.951
2009 09 16 17 30 00 1 4266.969
2009 09 16 17 45 00 1 4266.975
2009 09 16 18 00 00 1 4266.972
2009 09 16 18 15 00 1 4266.957
2009 09 16 18 30 00 1 4266.931
2009 09 16 18 45 00 1 4266.898
2009 09 16 19 00 00 1 4266.858
2009 09 16 19 15 00 1 4266.808
2009 09 16 19 30 00 1 4266.754
2009 09 16 19 45 00 1 4266.694
2009 09 16 20 00 00 1 4266.627
2009 09 16 20 15 00 1 4266.557
2009 09 16 20 30 00 1 4266.490
2009 09 16 20 45 00 1 4266.422
2009 09 16 21 00 00 1 4266.356
2009 09 16 21 15 00 1 4266.292
2009 09 16 21 30 00 1 4266.232
2009 09 16 21 45 00 1 4266.175
2009 09 16 22 00 00 1 4266.128
2009 09 16 22 15 00 1 4266.084
2009 09 16 22 30 00 1 4266.051
2009 09 16 22 45 00 1 4266.029
2009 09 16 23 00 00 1 4266.012
2009 09 16 23 15 00 1 4266.006
2009 09 16 23 30 00 1 4266.013
2009 09 16 23 45 00 1 4266.027
2009 09 17 00 00 00 1 4266.048
2009 09 17 00 15 00 1 4266.084
2009 09 17 00 30 00 1 4266.130
2009 09 17 00 45 00 1 4266.185
2009 09 17 01 00 00 1 4266.244
2009 09 17 01 15 00 1 4266.313
2009 09 17 01 30 00 1 4266.385
2009 09 17 01 45 00 1 4266.461
2009 09 17 02 00 00 1 4266.539
2009 09 17 02 15 00 1 4266.622
2009 09 17 02 30 00 1 4266.706
2009 09 17 02 45 00 1 4266.786
2009 09 17 03 00 00 1 4266.865
2009 09 17 03 15 00 1 4266.941
2009 09 17 03 30 00 1 4267.012
2009 09 17 03 45 00 1 4267.075
2009 09 17 04 00 00 1 4267.130
2009 09 17 04 15 00 1 4267.177
2009 09 17 04 30 00 1 4267.210
2009 09 17 04 45 00 1 4267.236
2009 09 17 05 00 00 1 4267.253
2009 09 17 05 15 00 1 4267.255
2009 09 17 05 30 00 1 4267.246
2009 09 17 05 45 00 1 4267.227
2009 09 17 06 00 00 1 4267.196
2009 09 17 06 15 00 1 4267.153
2009 09 17 06 30 00 1 4267.099
2009 09 17 06 45 00 1 4267.036
2009 09 17 07 00 00 1 4266.964
2009 09 17 07 15 00 1 4266.883
2009 09 17 07 30 00 1 4266.793
2009 09 17 07 45 00 1 4266.697
2009 09 17 08 00 00 1 4266.598
2009 09 17 08 15 00 1 4266.493
2009 09 17 08 30 00 1 4266.387
2009 09 17 08 45 00 1 4266.280
2009 09 17 09 00 00 1 4266.170
2009 09 17 09 15 00 1 4266.066
2009 09 17 09 30 00 1 4265.962
2009 09 17 09 45 00 1 4265.863
2009 09 17 10 00 00 1 4265.768
2009 09 17 10 15 00 1 4265.687
2009 09 17 10 30 00 1 4265.608
2009 09 17 10 45 00 1 4265.543
2009 09 17 11 00 00 1 4265.491
2009 09 17 11 15 00 1 4265.448
2009 09 17 11 30 00 1 4265.417
2009 09 17 11 45 00 1 4265.404
2009 09 17 12 00 00 1 4265.404
2009 09 17 12 15 00 1 4265.413
2009 09 17 12 30 00 1 4265.434
2009 09 17 12 45 00 1 4265.471
2009 09 17 13 00 00 1 4265.518
2009 09 17 13 15 00 1 4265.576
2009 09 17 13 30 00 1 4265.647
2009 09 17 13 45 00 1 4265.724
2009 09 17 14 00 00 1 4265.811
2009 09 17 14 15 00 1 4265.903
2009 09 17 14 30 00 1 4266.002
2009 09 17 14 45 00 1 4266.105
2009 09 17 15 00 00 1 4266.207
2009 09 17 15 15 00 1 4266.310
2009 09 17 15 30 00 1 4266.415
2009 09 17 15 45 00 1 4266.516
2009 09 17 16 00 00 1 4266.613
2009 09 17 16 15 00 1 4266.703
2009 09 17 16 30 00 1 4266.787
2009 09 17 16 45 00 1 4266.862
2009 09 17 17 00 00 1 4266.932
2009 09 17 17 15 00 1 4266.989
2009 09 17 17 30 00 1 4267.036
2009 09 17 17 45 00 1 4267.068
2009 09 17 18 00 00 1 4267.091
2009 09 17 18 15 00 1 4267.099
2009 09 17 18 30 00 1 4267.096
2009 09 17 18 45 00 1 4267.084
2009 09 17 19 00 00 1 4267.057
2009 09 17 19 15 00 1 4267.023
2009 09 17 19 30 00 1 4266.976
2009 09 17 19 45 00 1 4266.922
2009 09 17 20 00 00 1 4266.856
2009 09 17 20 15 00 1 4266.784
2009 09 17 20 30 00 1 4266.705
2009 09 17 20 45 00 1 4266.622
2009 09 17 21 00 00 1 4266.538
2009 09 17 21 15 00 1 4266.456
2009 09 17 21 30 00 1 4266.371
2009 09 17 21 45 00 1 4266.287
2009 09 17 22 00 00 1 4266.208
2009 09 17 22 15 00 1 4266.131
2009 09 17 22 30 00 1 4266.061
2009 09 17 22 45 00 1 4265.998
2009 09 17 23 00 00 1 4265.942
2009 09 17 23 15 00 1 4265.897
2009 09 17 23 30 00 1 4265.861
2009 09 17 23 45 00 1 4265.835
2009 09 18 00 00 00 1 4265.819
2009 09 18 00 15 00 1 4265.816
2009 09 18 00 30 00 1 4265.826
2009 09 18 00 45 00 1 4265.849
2009 09 18 01 00 00 1 4265.881
2009 09 18 01 15 00 1 4265.924
2009 09 18 01 30 00 1 4265.977
2009 09 18 01 45 00 1 4266.038
2009 09 18 02 00 00 1 4266.112
2009 09 18 02 15 00 1 4266.187
2009 09 18 02 30 00 1 4266.270
2009 09 18 02 45 00 1 4266.360
2009 09 18 03 00 00 1 4266.453
2009 09 18 03 15 00 1 4266.546
2009 09 18 03 30 00 1 4266.636
2009 09 18 03 45 00 1 4266.725
2009 09 18 04 00 00 1 4266.811
2009 09 18 04 15 00 1 4266.895
2009 09 18 04 30 00 1 4266.971
2009 09 18 04 45 00 1 4267.037
2009 09 18 05 00 00 1 4267.099
2009 09 18 05 15 00 1 4267.148
2009 09 18 05 30 00 1 4267.186
2009 09 18 05 45 00 1 4267.214
2009 09 18 06 00 00 1 4267.228
2009 09 18 06 15 00 1 4267.237
2009 09 18 06 30 00 1 4267.227
2009 09 18 06 45 00 1 4267.207
2009 09 18 07 00 00 1 4267.171
2009 09 18 07 15 00 1 4267.127
2009 09 18 07 30 00 1 4267.071
2009 09 18 07 45 00 1 4267.005
2009 09 18 08 00 00 1 4266.928
2009 09 18 08 15 00 1 4266.842
2009 09 18 08 30 00 1 4266.749
2009 09 18 08 45 00 1 4266.651
2009 09 18 09 00 00 1 4266.550
2009 09 18 09 15 00 1 4266.445
2009 09 18 09 30 00 1 4266.340
2009 09 18 09 45 00 1 4266.235
2009 09 18 10 00 00 1 4266.131
2009 09 18 10 15 00 1 4266.031
2009 09 18 10 30 00 1 4265.937
2009 09 18 10 45 00 1 4265.850
2009 09 18 11 00 00 1 4265.772
2009 09 18 11 15 00 1 4265.699
2009 09 18 11 30 00 1 4265.636
2009 09 18 11 45 00 1 4265.585
2009 09 18 12 00 00 1 4265.546
2009 09 18 12 15 00 1 4265.519
2009 09 18 12 30 00 1 4265.508
2009 09 18 12 45 00 1 4265.509
2009 09 18 13 00 00 1 4265.525
2009 09 18 13 15 00 1 4265.555
2009 09 18 13 30 00 1 4265.594
2009 09 18 13 45 00 1 4265.649
2009 09 18 14 00 00 1 4265.716
2009 09 18 14 15 00 1 4265.790
2009 09 18 14 30 00 1 4265.873
2009 09 18 14 45 00 1 4265.966
2009 09 18 15 00 00 1 4266.065
2009 09 18 15 15 00 1 4266.168
2009 09 18 15 30 00 1 4266.274
2009 09 18 15 45 00 1 4266.380
2009 09 18 16 00 00 1 4266.489
2009 09 18 16 15 00 1 4266.592
2009 09 18 16 30 00 1 4266.694
2009 09 18 16 45 00 1 4266.788
2009 09 18 17 00 00 1 4266.878
2009 09 18 17 15 00 1 4266.961
2009 09 18 17 30 00 1 4267.034
2009 09 18 17 45 00 1 4267.098
2009 09 18 18 00 00 1 4267.149
2009 09 18 18 15 00 1 4267.190
2009 09 18 18 30 00 1 4267.214
2009 09 18 18 45 00 1 4267.229
2009 09 18 19 00 00 1 4267.231
2009 09 18 19 15 00 1 4267.218
2009 09 18 19 30 00 1 4267.194
2009 09 18 19 45 00 1 4267.159
2009 09 18 20 00 00 1 4267.107
2009 09 18 20 15 00 1 4267.047
2009 09 18 20 30 00 1 4266.980
2009 09 18 20 45 00 1 4266.903
2009 09 18 21 00 00 1 4266.818
2009 09 18 21 15 00 1 4266.729
2009 09 18 21 30 00 1 4266.630
2009 09 18 21 45 00 1 4266.532
2009 09 18 22 00 00 1 4266.433
2009 09 18 22 15 00 1 4266.333
2009 09 18 22 30 00 1 4266.235
2009 09 18 22 45 00 1 4266.139
2009 09 18 23 00 00 1 4266.050
2009 09 18 23 15 00 1 4265.966
2009 09 18 23 30 00 1 4265.891
2009 09 18 23 45 00 1 4265.825
2009 09 19 00 00 00 1 4265.769
2009 09 19 00 15 00 1 4265.727
2009 09 19 00 30 00 1 4265.696
2009 09 19 00 45 00 1 4265.673
2009 09 19 01 00 00 1 4265.668
2009 09 19 01 15 00 1 4265.673
2009 09 19 01 30 00 1 4265.692
2009 09 19 01 45 00 1 4265.720
2009 09 19 02 00 00 1 4265.761
2009 09 19 02 15 00 1 4265.813
2009 09 19 02 30 00 1 4265.879
2009 09 19 02 45 00 1 4265.951
2009 09 19 03 00 00 1 4266.033
2009 09 19 03 15 00 1 4266.122
2009 09 19 03 30 00 1 4266.214
2009 09 19 03 45 00 1 4266.311
2009 09 19 04 00 00 1 4266.408
2009 09 19 04 15 00 1 4266.506
2009 09 19 04 30 00 1 4266.600
2009 09 19 04 45 00 1 4266.695
2009 09 19 05 00 00 1 4266.783
2009 09 19 05 15 00 1 4266.866
2009 09 19 05 30 00 1 4266.942
2009 09 19 05 45 00 1 4267.009
2009 09 19 06 00 00 1 4267.063
2009 09 19 06 15 00 1 4267.112
2009 09 19 06 30 00 1 4267.148
2009 09 19 06 45 00 1 4267.171
2009 09 19 07 00 00 1 4267.180
2009 09 19 07 15 00 1 4267.180
2009 09 19 07 30 00 1 4267.163
2009 09 19 07 45 00 1 4267.135
2009 09 19 08 00 00 1 4267.098
2009 09 19 08 15 00 1 4267.048
2009 09 19 08 30 00 1 4266.990
2009 09 19 08 45 00 1 4266.922
2009 09 19 09 00 00 1 4266.846
2009 09 19 09 15 00 1 4266.762
2009 09 19 09 30 00 1 4266.674
2009 09 19 09 45 00 1 4266.580
2009 09 19 10 00 00 1 4266.486
2009 09 19 10 15 00 1 4266.391
2009 09 19 10 30 00 1 4266.295
2009 09 19 10 45 00 1 4266.201
2009 09 19 11 00 00 1 4266.109
2009 09 19 11 15 00 1 4266.022
2009 09 19 11 30 00 1 4265.941
2009 09 19 11 45 00 1 4265.870
2009 09 19 12 00 00 1 4265.809
2009 09 19 12 15 00 1 4265.756
2009 09 19 12 30 00 1 4265.711
2009 09 19 12 45 00 1 4265.680
2009 09 19 13 00 00 1 4265.665
2009 09 19 13 15 00 1 4265.661
2009 09 19 13 30 00 1 4265.671
2009 09 19 13 45 00 1 4265.693
2009 09 19 14 00 00 1 4265.726
2009 09 19 14 15 00 1 4265.773
2009 09 19 14 30 00 1 4265.834
2009 09 19 14 45 00 1 4265.903
2009 09 19 15 00 00 1 4265.981
2009 09 19 15 15 00 1 4266.065
2009 09 19 15 30 00 1 4266.156
2009 09 19 15 45 00 1 4266.254
2009 09 19 16 00 00 1 4266.354
2009 09 19 16 15 00 1 4266.458
2009 09 19 16 30 00 1 4266.564
2009 09 19 16 45 00 1 4266.667
2009 09 19 17 00 00 1 4266.767
2009 09 19 17 15 00 1 4266.864
2009 09 19 17 30 00 1 4266.954
2009 09 19 17 45 00 1 4267.038
2009 09 19 18 00 00 1 4267.111
2009 09 19 18 15 00 1 4267.175
2009 09 19 18 30 00 1 4267.226
2009 09 19 18 45 00 1 4267.271
2009 09 19 19 00 00 1 4267.297
2009 09 19 19 15 00 1 4267.311
2009 09 19 19 30 00 1 4267.315
2009 09 19 19 45 00 1 4267.305
2009 09 19 20 00 00 1 4267.282
2009 09 19 20 15 00 1 4267.246
2009 09 19 20 30 00 1 4267.197
2009 09 19 20 45 00 1 4267.138
2009 09 19 21 00 00 1 4267.068
2009 09 19 21 15 00 1 4266.992
2009 09 19 21 30 00 1 4266.902
2009 09 19 21 45 00 1 4266.807
2009 09 19 22 00 00 1 4266.705
2009 09 19 22 15 00 1 4266.601
2009 09 19 22 30 00 1 4266.493
2009 09 19 22 45 00 1 4266.384
2009 09 19 23 00 00 1 4266.277
2009 09 19 23 15 00 1 4266.171
2009 09 19 23 30 00 1 4266.068
2009 09 19 23 45 00 1 4265.971
2009 09 20 00 00 00 1 4265.881
2009 09 20 00 15 00 1 4265.798
2009 09 20 00 30 00 1 4265.725
2009 09 20 00 45 00 1 4265.660
2009 09 20 01 00 00 1 4265.609
2009 09 20 01 15 00 1 4265.571
2009 09 20 01 30 00 1 4265.544
2009 09 20 01 45 00 1 4265.532
2009 09 20 02 00 00 1 4265.533
2009 09 20 02 15 00 1 4265.547
2009 09 20 02 30 00 1 4265.572
2009 09 20 02 45 00 1 4265.611
2009 09 20 03 00 00 1 4265.663
2009 09 20 03 15 00 1 4265.726
2009 09 20 03 30 00 1 4265.799
2009 09 20 03 45 00 1 4265.881
2009 09 20 04 00 00 1 4265.968
2009 09 20 04 15 00 1 4266.062
2009 09 20 04 30 00 1 4266.155
2009 09 20 04 45 00 1 4266.252
2009 09 20 05 00 00 1 4266.349
2009 09 20 05 15 00 1 4266.449
2009 09 20 05 30 00 1 4266.542
2009 09 20 05 45 00 1 4266.634
2009 09 20 06 00 00 1 4266.722
2009 09 20 06 15 00 1 4266.800
2009 09 20 06 30 00 1 4266.869
2009 09 20 06 45 00 1 4266.932
2009 09 20 07 00 00 1 4266.984
2009 09 20 07 15 00 1 4267.027
2009 09 20 07 30 00 1 4267.056
2009 09 20 07 45 00 1 4267.076
2009 09 20 08 00 00 1 4267.082
2009 09 20 08 15 00 1 4267.074
2009 09 20 08 30 00 1 4267.062
2009 09 20 08 45 00 1 4267.036
2009 09 20 09 00 00 1 4267.000
2009 09 20 09 15 00 1 4266.951
2009 09 20 09 30 00 1 4266.896
2009 09 20 09 45 00 1 4266.831
2009 09 20 10 00 00 1 4266.760
2009 09 20 10 15 00 1 4266.684
2009 09 20 10 30 00 1 4266.603
2009 09 20 10 45 00 1 4266.520
2009 09 20 11 00 00 1 4266.435
2009 09 20 11 15 00 1 4266.353
2009 09 20 11 30 00 1 4266.272
2009 09 20 11 45 00 1 4266.197
2009 09 20 12 00 00 1 4266.121
2009 09 20 12 15 00 1 4266.053
2009 09 20 12 30 00 1 4265.993
2009 09 20 12 45 00 1 4265.941
2009 09 20 13 00 00 1 4265.896
2009 09 20 13 15 00 1 4265.865
2009 09 20 13 30 00 1 4265.843
2009 09 20 13 45 00 1 4265.833
2009 09 20 14 00 00 1 4265.837
2009 09 20 14 15 00 1 4265.853
2009 09 20 14 30 00 1 4265.878
2009 09 20 14 45 00 1 4265.917
2009 09 20 15 00 00 1 4265.969
2009 09 20 15 15 00 1 4266.026
2009 09 20 15 30 00 1 4266.095
2009 09 20 15 45 00 1 4266.171
2009 09 20 16 00 00 1 4266.255
2009 09 20 16 15 00 1 4266.346
2009 09 20 16 30 00 1 4266.439
2009 09 20 16 45 00 1 4266.534
2009 09 20 17 00 00 1 4266.631
2009 09 20 17 15 00 1 4266.726
2009 09 20 17 30 00 1 4266.821
2009 09 20 17 45 00 1 4266.914
2009 09 20 18 00 00 1 4266.998
2009 09 20 18 15 00 1 4267.079
2009 09 20 18 30 00 1 4267.151
2009 09 20 18 45 00 1 4267.214
2009 09 20 19 00 00 1 4267.271
2009 09 20 19 15 00 1 4267.315
2009 09 20 19 30 00 1 4267.346
2009 09 20 19 45 00 1 4267.364
2009 09 20 20 00 00 1 4267.369
2009 09 20 20 15 00 1 4267.358
2009 09 20 20 30 00 1 4267.338
2009 09 20 20 45 00 1 4267.302
2009 09 20 21 00 00 1 4267.254
2009 09 20 21 15 00 1 4267.197
2009 09 20 21 30 00 1 4267.130
2009 09 20 21 45 00 1 4267.054
2009 09 20 22 00 00 1 4266.969
2009 09 20 22 15 00 1 4266.875
2009 09 20 22 30 00 1 4266.776
2009 09 20 22 45 00 1 4266.672
2009 09 20 23 00 00 1 4266.562
2009 09 20 23 15 00 1 4266.450
2009 09 20 23 30 00 1 4266.336
2009 09 20 23 45 00 1 4266.224
2009 09 21 00 00 00 1 4266.112
2009 09 21 00 15 00 1 4266.006
2009 09 21 00 30 00 1 4265.907
2009 09 21 00 45 00 1 4265.814
2009 09 21 01 00 00 1 4265.727
2009 09 21 01 15 00 1 4265.653
2009 09 21 01 30 00 1 4265.588
2009 09 21 01 45 00 1 4265.536
2009 09 21 02 00 00 1 4265.495
2009 09 21 02 15 00 1 4265.466
2009 09 21 02 30 00 1 4265.451
2009 09 21 02 45 00 1 4265.448
2009 09 21 03 00 00 1 4265.462
2009 09 21 03 15 00 1 4265.487
2009 09 21 03 30 00 1 4265.525
2009 09 21 03 45 00 1 4265.577
2009 09 21 04 00 00 1 4265.638
2009 09 21 04 15 00 1 4265.709
2009 09 21 04 30 00 1 4265.784
2009 09 21 04 45 00 1 4265.867
2009 09 21 05 00 00 1 4265.951
2009 09 21 05 15 00 1 4266.043
2009 09 21 05 30 00 1 4266.137
2009 09 21 05 45 00 1 4266.229
2009 09 21 06 00 00 1 4266.324
2009 09 21 06 15 00 1 4266.415
2009 09 21 06 30 00 1 4266.503
2009 09 21 06 45 00 1 4266.587
2009 09 21 07 00 00 1 4266.666
2009 09 21 07 15 00 1 4266.738
2009 09 21 07 30 00 1 4266.802
2009 09 21 07 45 00 1 4266.858
2009 09 21 08 00 00 1 4266.903
2009 09 21 08 15 00 1 4266.939
2009 09 21 08 30 00 1 4266.965
2009 09 21 08 45 00 1 4266.978
2009 09 21 09 00 00 1 4266.982
2009 09 21 09 15 00 1 4266.977
2009 09 21 09 30 00 1 4266.958
2009 09 21 09 45 00 1 4266.932
2009 09 21 10 00 00 1 4266.896
2009 09 21 10 15 00 1 4266.851
2009 09 21 10 30 00 1 4266.801
2009 09 21 10 45 00 1 4266.743
2009 09 21 11 00 00 1 4266.682
2009 09 21 11 15 00 1 4266.614
2009 09 21 11 30 00 1 4266.544
2009 09 21 11 45 00 1 4266.477
2009 09 21 12 00 00 1 4266.407
2009 09 21 12 15 00 1 4266.337
2009 09 21 12 30 00 1 4266.271
2009 09 21 12 45 00 1 4266.211
2009 09 21 13 00 00 1 4266.152
2009 09 21 13 15 00 1 4266.104
2009 09 21 13 30 00 1 4266.063
2009 09 21 13 45 00 1 4266.030
2009 09 21 14 00 00 1 4266.007
2009 09 21 14 15 00 1 4265.993
2009 09 21 14 30 00 1 4265.990
2009 09 21 14 45 00 1 4265.998
2009 09 21 15 00 00 1 4266.017
2009 09 21 15 15 00 1 4266.042
2009 09 21 15 30 00 1 4266.081
2009 09 21 15 45 00 1 4266.127
2009 09 21 16 00 00 1 4266.181
2009 09 21 16 15 00 1 4266.245
2009 09 21 16 30 00 1 4266.315
2009 09 21 16 45 00 1 4266.392
2009 09 21 17 00 00 1 4266.474
2009 09 21 17 15 00 1 4266.558
2009 09 21 17 30 00 1 4266.644
2009 09 21 17 45 00 1 4266.736
2009 09 21 18 00 00 1 4266.823
2009 09 21 18 15 00 1 4266.909
2009 09 21 18 30 00 1 4266.989
2009 09 21 18 45 00 1 4267.064
2009 09 21 19 00 00 1 4267.133
2009 09 21 19 15 00 1 4267.193
2009 09 21 19 30 00 1 4267.245
2009 09 21 19 45 00 1 4267.287
2009 09 21 20 00 00 1 4267.317
2009 09 21 20 15 00 1 4267.335
2009 09 21 20 30 00 1 4267.343
2009 09 21 20 45 00 1 4267.342
2009 09 21 21 00 00 1 4267.326
2009 09 21 21 15 00 1 4267.302
2009 09 21 21 30 00 1 4267.263
2009 09 21 21 45 00 1 4267.215
2009 09 21 22 00 00 1 4267.157
2009 09 21 22 15 00 1 4267.088
2009 09 21 22 30 00 1 4267.009
2009 09 21 22 45 00 1 4266.926
2009 09 21 23 00 00 1 4266.831
2009 09 21 23 15 00 1 4266.729
2009 09 21 23 30 00 1 4266.620
2009 09 21 23 45 00 1 4266.515
2009 09 22 00 00 00 1 4266.407
2009 09 22 00 15 00 1 4266.299
2009 09 22 00 30 00 1 4266.194
2009 09 22 00 45 00 1 4266.090
2009 09 22 01 00 00 1 4265.987
2009 09 22 01 15 00 1 4265.894
2009 09 22 01 30 00 1 4265.802
2009 09 22 01 45 00 1 4265.717
2009 09 22 02 00 00 1 4265.646
2009 09 22 02 15 00 1 4265.583
2009 09 22 02 30 00 1 4265.533
2009 09 22 02 45 00 1 4265.492
2009 09 22 03 00 00 1 4265.462
2009 09 22 03 15 00 1 4265.448
2009 09 22 03 30 00 1 4265.443
2009 09 22 03 45 00 1 4265.453
2009 09 22 04 00 00 1 4265.474
2009 09 22 04 15 00 1 4265.508
2009 09 22 04 30 00 1 4265.549
2009 09 22 04 45 00 1 4265.604
2009 09 22 05 00 00 1 4265.664
2009 09 22 05 15 00 1 4265.731
2009 09 22 05 30 00 1 4265.805
2009 09 22 05 45 00 1 4265.883
2009 09 22 06 00 00 1 4265.965
2009 09 22 06 15 00 1 4266.051
2009 09 22 06 30 00 1 4266.137
2009 09 22 06 45 00 1 4266.226
2009 09 22 07 00 00 1 4266.312
2009 09 22 07 15 00 1 4266.396
2009 09 22 07 30 00 1 4266.476
2009 09 22 07 45 00 1 4266.552
2009 09 22 08 00 00 1 4266.619
2009 09 22 08 15 00 1 4266.685
2009 09 22 08 30 00 1 4266.737
2009 09 22 08 45 00 1 4266.779
2009 09 22 09 00 00 1 4266.816
2009 09 22 09 15 00 1 4266.841
2009 09 22 09 30 00 1 4266.861
2009 09 22 09 45 00 1 4266.867
2009 09 22 10 00 00 1 4266.868
2009 09 22 10 15 00 1 4266.859
2009 09 22 10 30 00 1 4266.840
2009 09 22 10 45 00 1 4266.818
2009 09 22 11 00 00 1 4266.789
2009 09 22 11 15 00 1 4266.753
2009 09 22 11 30 00 1 4266.710
2009 09 22 11 45 00 1 4266.665
2009 09 22 12 00 00 1 4266.615
2009 09 22 12 15 00 1 4266.562
2009 09 22 12 30 00 1 4266.507
2009 09 22 12 45 00 1 4266.453
2009 09 22 13 00 00 1 4266.400
2009 09 22 13 15 00 1 4266.348
2009 09 22 13 30 00 1 4266.307
2009 09 22 13 45 00 1 4266.264
2009 09 22 14 00 00 1 4266.230
2009 09 22 14 15 00 1 4266.201
2009 09 22 14 30 00 1 4266.177
2009 09 22 14 45 00 1 4266.163
2009 09 22 15 00 00 1 4266.157
2009 09 22 15 15 00 1 4266.156
2009 09 22 15 30 00 1 4266.169
2009 09 22 15 45 00 1 4266.186
2009 09 22 16 00 00 1 4266.215
2009 09 22 16 15 00 1 4266.250
2009 09 22 16 30 00 1 4266.292
2009 09 22 16 45 00 1 4266.342
2009 09 22 17 00 00 1 4266.399
2009 09 22 17 15 00 1 4266.460
2009 09 22 17 30 00 1 4266.527
2009 09 22 17 45 00 1 4266.598
2009 09 22 18 00 00 1 4266.668
2009 09 22 18 15 00 1 4266.742
2009 09 22 18 30 00 1 4266.817
2009 09 22 18 45 00 1 4266.889
2009 09 22 19 00 00 1 4266.961
2009 09 22 19 15 00 1 4267.028
2009 09 22 19 30 00 1 4267.087
2009 09 22 19 45 00 1 4267.143
2009 09 22 20 00 00 1 4267.192
2009 09 22 20 15 00 1 4267.236
2009 09 22 20 30 00 1 4267.264
2009 09 22 20 45 00 1 4267.284
2009 09 22 21 00 00 1 4267.298
2009 09 22 21 15 00 1 4267.303
2009 09 22 21 30 00 1 4267.295
2009 09 22 21 45 00 1 4267.279
2009 09 22 22 00 00 1 4267.248
2009 09 22 22 15 00 1 4267.211
2009 09 22 22 30 00 1 4267.164
2009 09 22 22 45 00 1 4267.103
2009 09 22 23 00 00 1 4267.034
2009 09 22 23 15 00 1 4266.959
2009 09 22 23 30 00 1 4266.875
2009 09 22 23 45 00 1 4266.785
2009 09 23 00 00 00 1 4266.689
2009 09 23 00 15 00 1 4266.587
2009 09 23 00 30 00 1 4266.486
2009 09 23 00 45 00 1 4266.385
2009 09 23 01 00 00 1 4266.282
2009 09 23 01 15 00 1 4266.182
2009 09 23 01 30 00 1 4266.083
2009 09 23 01 45 00 1 4265.990
2009 09 23 02 00 00 1 4265.899
2009 09 23 02 15 00 1 4265.814
2009 09 23 02 30 00 1 4265.738
2009 09 23 02 45 00 1 4265.669
2009 09 23 03 00 00 1 4265.607
2009 09 23 03 15 00 1 4265.557
2009 09 23 03 30 00 1 4265.515
2009 09 23 03 45 00 1 4265.484
2009 09 23 04 00 00 1 4265.468
2009 09 23 04 15 00 1 4265.462
2009 09 23 04 30 00 1 4265.466
2009 09 23 04 45 00 1 4265.481
2009 09 23 05 00 00 1 4265.504
2009 09 23 05 15 00 1 4265.541
2009 09 23 05 30 00 1 4265.584
2009 09 23 05 45 00 1 4265.631
2009 09 23 06 00 00 1 4265.688
2009 09 23 06 15 00 1 4265.751
2009 09 23 06 30 00 1 4265.820
2009 09 23 06 45 00 1 4265.894
2009 09 23 07 00 00 1 4265.972
2009 09 23 07 15 00 1 4266.047
2009 09 23 07 30 00 1 4266.128
2009 09 23 07 45 00 1 4266.206
2009 09 23 08 00 00 1 4266.284
2009 09 23 08 15 00 1 4266.357
2009 09 23 08 30 00 1 4266.424
2009 09 23 08 45 00 1 4266.487
2009 09 23 09 00 00 1 4266.545
2009 09 23 09 15 00 1 4266.600
2009 09 23 09 30 00 1 4266.644
2009 09 23 09 45 00 1 4266.684
2009 09 23 10 00 00 1 4266.719
2009 09 23 10 15 00 1 4266.741
2009 09 23 10 30 00 1 4266.759
2009 09 23 10 45 00 1 4266.766
2009 09 23 11 00 00 1 4266.769
2009 09 23 11 15 00 1 4266.762
2009 09 23 11 30 00 1 4266.751
2009 09 23 11 45 00 1 4266.732
2009 09 23 12 00 00 1 4266.707
2009 09 23 12 15 00 1 4266.676
2009 09 23 12 30 00 1 4266.644
2009 09 23 12 45 00 1 4266.610
2009 09 23 13 00 00 1 4266.572
2009 09 23 13 15 00 1 4266.531
2009 09 23 13 30 00 1 4266.494
2009 09 23 13 45 00 1 4266.458
2009 09 23 14 00 00 1 4266.420
2009 09 23 14 15 00 1 4266.390
2009 09 23 14 30 00 1 4266.362
2009 09 23 14 45 00 1 4266.338
2009 09 23 15 00 00 1 4266.318
2009 09 23 15 15 00 1 4266.304
2009 09 23 15 30 00 1 4266.291
2009 09 23 15 45 00 1 4266.288
2009 09 23 16 00 00 1 4266.291
2009 09 23 16 15 00 1 4266.301
2009 09 23 16 30 00 1 4266.320
2009 09 23 16 45 00 1 4266.344
2009 09 23 17 00 00 1 4266.375
2009 09 23 17 15 00 1 4266.410
2009 09 23 17 30 00 1 4266.455
2009 09 23 17 45 00 1 4266.505
2009 09 23 18 00 00 1 4266.559
2009 09 23 18 15 00 1 4266.612
2009 09 23 18 30 00 1 4266.671
2009 09 23 18 45 00 1 4266.733
2009 09 23 19 00 00 1 4266.790
2009 09 23 19 15 00 1 4266.853
2009 09 23 19 30 00 1 4266.910
2009 09 23 19 45 00 1 4266.968
2009 09 23 20 00 00 1 4267.020
2009 09 23 20 15 00 1 4267.071
2009 09 23 20 30 00 1 4267.116
2009 09 23 20 45 00 1 4267.155
2009 09 23 21 00 00 1 4267.185
2009 09 23 21 15 00 1 4267.209
2009 09 23 21 30 00 1 4267.226
2009 09 23 21 45 00 1 4267.234
2009 09 23 22 00 00 1 4267.231
2009 09 23 22 15 00 1 4267.223
2009 09 23 22 30 00 1 4267.207
2009 09 23 22 45 00 1 4267.177
2009 09 23 23 00 00 1 4267.138
2009 09 23 23 15 00 1 4267.091
2009 09 23 23 30 00 1 4267.039
2009 09 23 23 45 00 1 4266.978
2009 09 24 00 00 00 1 4266.909
2009 09 24 00 15 00 1 4266.835
2009 09 24 00 30 00 1 4266.755
2009 09 24 00 45 00 1 4266.670
2009 09 24 01 00 00 1 4266.579
2009 09 24 01 15 00 1 4266.488
2009 09 24 01 30 00 1 4266.397
2009 09 24 01 45 00 1 4266.305
2009 09 24 02 00 00 1 4266.212
2009 09 24 02 15 00 1 4266.124
2009 09 24 02 30 00 1 4266.039
2009 09 24 02 45 00 1 4265.957
2009 09 24 03 00 00 1 4265.881
2009 09 24 03 15 00 1 4265.809
2009 09 24 03 30 00 1 4265.747
2009 09 24 03 45 00 1 4265.692
2009 09 24 04 00 00 1 4265.645
2009 09 24 04 15 00 1 4265.603
2009 09 24 04 30 00 1 4265.573
2009 09 24 04 45 00 1 4265.549
2009 09 24 05 00 00 1 4265.535
2009 09 24 05 15 00 1 4265.528
2009 09 24 05 30 00 1 4265.535
2009 09 24 05 45 00 1 4265.549
2009 09 24 06 00 00 1 4265.574
2009 09 24 06 15 00 1 4265.606
2009 09 24 06 30 00 1 4265.645
2009 09 24 06 45 00 1 4265.690
2009 09 24 07 00 00 1 4265.741
2009 09 24 07 15 00 1 4265.797
2009 09 24 07 30 00 1 4265.855
2009 09 24 07 45 00 1 4265.918
2009 09 24 08 00 00 1 4265.983
2009 09 24 08 15 00 1 4266.051
2009 09 24 08 30 00 1 4266.118
2009 09 24 08 45 00 1 4266.187
2009 09 24 09 00 00 1 4266.253
2009 09 24 09 15 00 1 4266.315
2009 09 24 09 30 00 1 4266.376
2009 09 24 09 45 00 1 4266.433
2009 09 24 10 00 00 1 4266.486
2009 09 24 10 15 00 1 4266.530
2009 09 24 10 30 00 1 4266.573
2009 09 24 10 45 00 1 4266.608
2009 09 24 11 00 00 1 4266.636
2009 09 24 11 15 00 1 4266.658
2009 09 24 11 30 00 1 4266.672
2009 09 24 11 45 00 1 4266.681
2009 09 24 12 00 00 1 4266.687
2009 09 24 12 15 00 1 4266.686
2009 09 24 12 30 00 1 4266.685
2009 09 24 12 45 00 1 4266.673
2009 09 24 13 00 00 1 4266.658
2009 09 24 13 15 00 1 4266.641
2009 09 24 13 30 00 1 4266.618
2009 09 24 13 45 00 1 4266.594
2009 09 24 14 00 00 1 4266.568
2009 09 24 14 15 00 1 4266.542
2009 09 24 14 30 00 1 4266.518
2009 09 24 14 45 00 1 4266.495
2009 09 24 15 00 00 1 4266.473
2009 09 24 15 15 00 1 4266.451
2009 09 24 15 30 00 1 4266.433
2009 09 24 15 45 00 1 4266.418
2009 09 24 16 00 00 1 4266.405
2009 09 24 16 15 00 1 4266.398
2009 09 24 16 30 00 1 4266.397
2009 09 24 16 45 00 1 4266.400
2009 09 24 17 00 00 1 4266.408
2009 09 24 17 15 00 1 4266.421
2009 09 24 17 30 00 1 4266.440
2009 09 24 17 45 00 1 4266.460
2009 09 24 18 00 00 1 4266.489
2009 09 24 18 15 00 1 4266.521
2009 09 24 18 30 00 1 4266.559
2009 09 24 18 45 00 1 4266.602
2009 09 24 19 00 00 1 4266.646
2009 09 24 19 15 00 1 4266.695
2009 09 24 19 30 00 1 4266.741
2009 09 24 19 45 00 1 4266.791
2009 09 24 20 00 00 1 4266.839
2009 09 24 20 15 00 1 4266.889
2009 09 24 20 30 00 1 4266.935
2009 09 24 20 45 00 1 4266.977
2009 09 24 21 00 00 1 4267.015
2009 09 24 21 15 00 1 4267.052
2009 09 24 21 30 00 1 4267.080
2009 09 24 21 45 00 1 4267.105
2009 09 24 22 00 00 1 4267.124
2009 09 24 22 15 00 1 4267.138
2009 09 24 22 30 00 1 4267.146
2009 09 24 22 45 00 1 4267.147
2009 09 24 23 00 00 1 4267.139
2009 09 24 23 15 00 1 4267.124
2009 09 24 23 30 00 1 4267.101
2009 09 24 23 45 00 1 4267.071
2009 09 25 00 00 00 1 4267.033
2009 09 25 00 15 00 1 4266.989
2009 09 25 00 30 00 1 4266.936
2009 09 25 00 45 00 1 4266.879
2009 09 25 01 00 00 1 4266.817
2009 09 25 01 15 00 1 4266.749
2009 09 25 01 30 00 1 4266.676
2009 09 25 01 45 00 1 4266.597
2009 09 25 02 00 00 1 4266.519
2009 09 25 02 15 00 1 4266.437
2009 09 25 02 30 00 1 4266.354
2009 09 25 02 45 00 1 4266.273
2009 09 25 03 00 00 1 4266.197
2009 09 25 03 15 00 1 4266.121
2009 09 25 03 30 00 1 4266.051
2009 09 25 03 45 00 1 4265.981
2009 09 25 04 00 00 1 4265.918
2009 09 25 04 15 00 1 4265.859
2009 09 25 04 30 00 1 4265.806
2009 09 25 04 45 00 1 4265.755
2009 09 25 05 00 00 1 4265.714
2009 09 25 05 15 00 1 4265.680
2009 09 25 05 30 00 1 4265.652
2009 09 25 05 45 00 1 4265.634
2009 09 25 06 00 00 1 4265.623
2009 09 25 06 15 00 1 4265.622
2009 09 25 06 30 00 1 4265.626
2009 09 25 06 45 00 1 4265.637
2009 09 25 07 00 00 1 4265.656
2009 09 25 07 15 00 1 4265.685
2009 09 25 07 30 00 1 4265.719
2009 09 25 07 45 00 1 4265.755
2009 09 25 08 00 00 1 4265.802
2009 09 25 08 15 00 1 4265.850
2009 09 25 08 30 00 1 4265.904
2009 09 25 08 45 00 1 4265.962
2009 09 25 09 00 00 1 4266.022
2009 09 25 09 15 00 1 4266.080
2009 09 25 09 30 00 1 4266.141
2009 09 25 09 45 00 1 4266.200
2009 09 25 10 00 00 1 4266.257
2009 09 25 10 15 00 1 4266.312
2009 09 25 10 30 00 1 4266.365
2009 09 25 10 45 00 1 4266.416
2009 09 25 11 00 00 1 4266.461
2009 09 25 11 15 00 1 4266.506
2009 09 25 11 30 00 1 4266.544
2009 09 25 11 45 00 1 4266.580
2009 09 25 12 00 00 1 4266.610
2009 09 25 12 15 00 1 4266.630
2009 09 25 12 30 00 1 4266.651
2009 09 25 12 45 00 1 4266.663
2009 09 25 13 00 00 1 4266.673
2009 09 25 13 15 00 1 4266.677
2009 09 25 13 30 00 1 4266.676
2009 09 25 13 45 00 1 4266.672
2009 09 25 14 00 00 1 4266.668
2009 09 25 14 15 00 1 4266.656
2009 09 25 14 30 00 1 4266.644
2009 09 25 14 45 00 1 4266.628
2009 09 25 15 00 00 1 4266.611
2009 09 25 15 15 00 1 4266.591
2009 09 25 15 30 00 1 4266.574
2009 09 25 15 45 00 1 4266.557
2009 09 25 16 00 00 1 4266.539
2009 09 25 16 15 00 1 4266.526
2009 09 25 16 30 00 1 4266.515
2009 09 25 16 45 00 1 4266.504
2009 09 25 17 00 00 1 4266.497
2009 09 25 17 15 00 1 4266.495
2009 09 25 17 30 00 1 4266.496
2009 09 25 17 45 00 1 4266.497
2009 09 25 18 00 00 1 4266.504
2009 09 25 18 15 00 1 4266.511
2009 09 25 18 30 00 1 4266.526
2009 09 25 18 45 00 1 4266.543
2009 09 25 19 00 00 1 4266.565
2009 09 25 19 15 00 1 4266.589
2009 09 25 19 30 00 1 4266.616
2009 09 25 19 45 00 1 4266.645
2009 09 25 20 00 00 1 4266.678
2009 09 25 20 15 00 1 4266.713
2009 09 25 20 30 00 1 4266.751
2009 09 25 20 45 00 1 4266.790
2009 09 25 21 00 00 1 4266.827
2009 09 25 21 15 00 1 4266.863
2009 09 25 21 30 00 1 4266.901
2009 09 25 21 45 00 1 4266.933
2009 09 25 22 00 00 1 4266.963
2009 09 25 22 15 00 1 4266.994
2009 09 25 22 30 00 1 4267.018
2009 09 25 22 45 00 1 4267.040
2009 09 25 23 00 00 1 4267.051
2009 09 25 23 15 00 1 4267.061
2009 09 25 23 30 00 1 4267.064
2009 09 25 23 45 00 1 4267.061
2009 09 26 00 00 00 1 4267.053
2009 09 26 00 15 00 1 4267.036
2009 09 26 00 30 00 1 4267.017
2009 09 26 00 45 00 1 4266.991
2009 09 26 01 00 00 1 4266.953
2009 09 26 01 15 00 1 4266.914
2009 09 26 01 30 00 1 4266.865
2009 09 26 01 45 00 1 4266.811
2009 09 26 02 00 00 1 4266.751
2009 09 26 02 15 00 1 4266.690
2009 09 26 02 30 00 1 4266.623
2009 09 26 02 45 00 1 4266.556
2009 09 26 03 00 00 1 4266.489
2009 09 26 03 15 00 1 4266.418
2009 09 26 03 30 00 1 4266.349
2009 09 26 03 45 00 1 4266.280
2009 09 26 04 00 00 1 4266.209
2009 09 26 04 15 00 1 4266.141
2009 09 26 04 30 00 1 4266.077
2009 09 26 04 45 00 1 4266.015
2009 09 26 05 00 00 1 4265.956
2009 09 26 05 15 00 1 4265.901
2009 09 26 05 30 00 1 4265.850
2009 09 26 05 45 00 1 4265.806
2009 09 26 06 00 00 1 4265.769
2009 09 26 06 15 00 1 4265.735
2009 09 26 06 30 00 1 4265.707
2009 09 26 06 45 00 1 4265.690
2009 09 26 07 00 00 1 4265.676
2009 09 26 07 15 00 1 4265.669
2009 09 26 07 30 00 1 4265.672
2009 09 26 07 45 00 1 4265.679
2009 09 26 08 00 00 1 4265.692
2009 09 26 08 15 00 1 4265.711
2009 09 26 08 30 00 1 4265.743
2009 09 26 08 45 00 1 4265.775
2009 09 26 09 00 00 1 4265.814
2009 09 26 09 15 00 1 4265.854
2009 09 26 09 30 00 1 4265.900
2009 09 26 09 45 00 1 4265.953
2009 09 26 10 00 00 1 4266.005
2009 09 26 10 15 00 1 4266.059
2009 09 26 10 30 00 1 4266.114
2009 09 26 10 45 00 1 4266.167
2009 09 26 11 00 00 1 4266.223
2009 09 26 11 15 00 1 4266.276
2009 09 26 11 30 00 1 4266.327
2009 09 26 11 45 00 1 4266.379
2009 09 26 12 00 00 1 4266.425
2009 09 26 12 15 00 1 4266.469
2009 09 26 12 30 00 1 4266.510
2009 09 26 12 45 00 1 4266.544
2009 09 26 13 00 00 1 4266.574
2009 09 26 13 15 00 1 4266.603
2009 09 26 13 30 00 1 4266.624
2009 09 26 13 45 00 1 4266.644
2009 09 26 14 00 00 1 4266.656
2009 09 26 14 15 00 1 4266.665
2009 09 26 14 30 00 1 4266.669
2009 09 26 14 45 00 1 4266.672
2009 09 26 15 00 00 1 4266.667
2009 09 26 15 15 00 1 4266.659
2009 09 26 15 30 00 1 4266.650
2009 09 26 15 45 00 1 4266.635
2009 09 26 16 00 00 1 4266.623
2009 09 26 16 15 00 1 4266.610
2009 09 26 16 30 00 1 4266.595
2009 09 26 16 45 00 1 4266.579
2009 09 26 17 00 00 1 4266.567
2009 09 26 17 15 00 1 4266.556
2009 09 26 17 30 00 1 4266.542
2009 09 26 17 45 00 1 4266.532
2009 09 26 18 00 00 1 4266.522
2009 09 26 18 15 00 1 4266.511
2009 09 26 18 30 00 1 4266.509
2009 09 26 18 45 00 1 4266.509
2009 09 26 19 00 00 1 4266.508
2009 09 26 19 15 00 1 4266.510
2009 09 26 19 30 00 1 4266.518
2009 09 26 19 45 00 1 4266.528
2009 09 26 20 00 00 1 4266.542
2009 09 26 20 15 00 1 4266.560
2009 09 26 20 30 00 1 4266.577
2009 09 26 20 45 00 1 4266.603
2009 09 26 21 00 00 1 4266.628
2009 09 26 21 15 00 1 4266.655
2009 09 26 21 30 00 1 4266.687
2009 09 26 21 45 00 1 4266.718
2009 09 26 22 00 00 1 4266.748
2009 09 26 22 15 00 1 4266.781
2009 09 26 22 30 00 1 4266.815
2009 09 26 22 45 00 1 4266.846
2009 09 26 23 00 00 1 4266.874
2009 09 26 23 15 00 1 4266.899
2009 09 26 23 30 00 1 4266.921
2009 09 26 23 45 00 1 4266.940
2009 09 27 00 00 00 1 4266.952
2009 09 27 00 15 00 1 4266.964
2009 09 27 00 30 00 1 4266.970
2009 09 27 00 45 00 1 4266.967
2009 09 27 01 00 00 1 4266.964
2009 09 27 01 15 00 1 4266.950
2009 09 27 01 30 00 1 4266.932
2009 09 27 01 45 00 1 4266.910
2009 09 27 02 00 00 1 4266.879
2009 09 27 02 15 00 1 4266.842
2009 09 27 02 30 00 1 4266.803
2009 09 27 02 45 00 1 4266.762
2009 09 27 03 00 00 1 4266.710
2009 09 27 03 15 00 1 4266.655
2009 09 27 03 30 00 1 4266.599
2009 09 27 03 45 00 1 4266.538
2009 09 27 04 00 00 1 4266.476
2009 09 27 04 15 00 1 4266.412
2009 09 27 04 30 00 1 4266.348
2009 09 27 04 45 00 1 4266.278
2009 09 27 05 00 00 1 4266.212
2009 09 27 05 15 00 1 4266.145
2009 09 27 05 30 00 1 4266.082
2009 09 27 05 45 00 1 4266.022
2009 09 27 06 00 00 1 4265.967
2009 09 27 06 15 00 1 4265.911
2009 09 27 06 30 00 1 4265.863
2009 09 27 06 45 00 1 4265.818
2009 09 27 07 00 00 1 4265.778
2009 09 27 07 15 00 1 4265.746
2009 09 27 07 30 00 1 4265.718
2009 09 27 07 45 00 1 4265.698
2009 09 27 08 00 00 1 4265.683
2009 09 27 08 15 00 1 4265.680
2009 09 27 08 30 00 1 4265.682
2009 09 27 08 45 00 1 4265.690
2009 09 27 09 00 00 1 4265.707
2009 09 27 09 15 00 1 4265.727
2009 09 27 09 30 00 1 4265.754
2009 09 27 09 45 00 1 4265.787
2009 09 27 10 00 00 1 4265.824
2009 09 27 10 15 00 1 4265.867
2009 09 27 10 30 00 1 4265.913
2009 09 27 10 45 00 1 4265.963
2009 09 27 11 00 00 1 4266.013
2009 09 27 11 15 00 1 4266.068
2009 09 27 11 30 00 1 4266.122
2009 09 27 11 45 00 1 4266.179
2009 09 27 12 00 00 1 4266.235
2009 09 27 12 15 00 1 4266.291
2009 09 27 12 30 00 1 4266.345
2009 09 27 12 45 00 1 4266.395
2009 09 27 13 00 00 1 4266.445
2009 09 27 13 15 00 1 4266.491
2009 09 27 13 30 00 1 4266.537
2009 09 27 13 45 00 1 4266.572
2009 09 27 14 00 00 1 4266.607
2009 09 27 14 15 00 1 4266.635
2009 09 27 14 30 00 1 4266.659
2009 09 27 14 45 00 1 4266.676
2009 09 27 15 00 00 1 4266.693
2009 09 27 15 15 00 1 4266.701
2009 09 27 15 30 00 1 4266.704
2009 09 27 15 45 00 1 4266.708
2009 09 27 16 00 00 1 4266.700
2009 09 27 16 15 00 1 4266.693
2009 09 27 16 30 00 1 4266.683
2009 09 27 16 45 00 1 4266.672
2009 09 27 17 00 00 1 4266.656
2009 09 27 17 15 00 1 4266.638
2009 09 27 17 30 00 1 4266.620
2009 09 27 17 45 00 1 4266.599
2009 09 27 18 00 00 1 4266.578
2009 09 27 18 15 00 1 4266.557
2009 09 27 18 30 00 1 4266.537
2009 09 27 18 45 00 1 4266.519
2009 09 27 19 00 00 1 4266.500
2009 09 27 19 15 00 1 4266.487
2009 09 27 19 30 00 1 4266.475
2009 09 27 19 45 00 1 4266.466
2009 09 27 20 00 00 1 4266.458
2009 09 27 20 15 00 1 4266.458
2009 09 27 20 30 00 1 4266.460
2009 09 27 20 45 00 1 4266.466
2009 09 27 21 00 00 1 4266.478
2009 09 27 21 15 00 1 4266.492
2009 09 27 21 30 00 1 4266.509
2009 09 27 21 45 00 1 4266.533
2009 09 27 22 00 00 1 4266.558
2009 09 27 22 15 00 1 4266.581
2009 09 27 22 30 00 1 4266.610
2009 09 27 22 45 00 1 4266.640
2009 09 27 23 00 00 1 4266.674
2009 09 27 23 15 00 1 4266.703
2009 09 27 23 30 00 1 4266.737
2009 09 27 23 45 00 1 4266.766
2009 09 28 00 00 00 1 4266.797
2009 09 28 00 15 00 1 4266.826
2009 09 28 00 30 00 1 4266.852
2009 09 28 00 45 00 1 4266.876
2009 09 28 01 00 00 1 4266.894
2009 09 28 01 15 00 1 4266.912
2009 09 28 01 30 00 1 4266.919
2009 09 28 01 45 00 1 4266.925
2009 09 28 02 00 00 1 4266.922
2009 09 28 02 15 00 1 4266.916
2009 09 28 02 30 00 1 4266.901
2009 09 28 02 45 00 1 4266.883
2009 09 28 03 00 00 1 4266.859
2009 09 28 03 15 00 1 4266.828
2009 09 28 03 30 00 1 4266.793
2009 09 28 03 45 00 1 4266.754
2009 09 28 04 00 00 1 4266.708
2009 09 28 04 15 00 1 4266.657
2009 09 28 04 30 00 1 4266.602
2009 09 28 04 45 00 1 4266.545
2009 09 28 05 00 00 1 4266.482
2009 09 28 05 15 00 1 4266.416
2009 09 28 05 30 00 1 4266.352
2009 09 28 05 45 00 1 4266.287
2009 09 28 06 00 00 1 4266.220
2009 09 28 06 15 00 1 4266.157
2009 09 28 06 30 00 1 4266.094
2009 09 28 06 45 00 1 4266.036
2009 09 28 07 00 00 1 4265.979
2009 09 28 07 15 00 1 4265.925
2009 09 28 07 30 00 1 4265.874
2009 09 28 07 45 00 1 4265.829
2009 09 28 08 00 00 1 4265.790
2009 09 28 08 15 00 1 4265.758
2009 09 28 08 30 00 1 4265.730
2009 09 28 08 45 00 1 4265.711
2009 09 28 09 00 00 1 4265.701
2009 09 28 09 15 00 1 4265.698
2009 09 28 09 30 00 1 4265.703
2009 09 28 09 45 00 1 4265.718
2009 09 28 10 00 00 1 4265.736
2009 09 28 10 15 00 1 4265.762
2009 09 28 10 30 00 1 4265.790
2009 09 28 10 45 00 1 4265.824
2009 09 28 11 00 00 1 4265.867
2009 09 28 11 15 00 1 4265.911
2009 09 28 11 30 00 1 4265.963
2009 09 28 11 45 00 1 4266.017
2009 09 28 12 00 00 1 4266.075
2009 09 28 12 15 00 1 4266.134
2009 09 28 12 30 00 1 4266.192
2009 09 28 12 45 00 1 4266.252
2009 09 28 13 00 00 1 4266.312
2009 09 28 13 15 00 1 4266.373
2009 09 28 13 30 00 1 4266.430
2009 09 28 13 45 00 1 4266.484
2009 09 28 14 00 00 1 4266.534
2009 09 28 14 15 00 1 4266.580
2009 09 28 14 30 00 1 4266.623
2009 09 28 14 45 00 1 4266.660
2009 09 28 15 00 00 1 4266.693
2009 09 28 15 15 00 1 4266.720
2009 09 28 15 30 00 1 4266.742
2009 09 28 15 45 00 1 4266.756
2009 09 28 16 00 00 1 4266.766
2009 09 28 16 15 00 1 4266.770
2009 09 28 16 30 00 1 4266.764
2009 09 28 16 45 00 1 4266.761
2009 09 28 17 00 00 1 4266.751
2009 09 28 17 15 00 1 4266.735
2009 09 28 17 30 00 1 4266.718
2009 09 28 17 45 00 1 4266.699
2009 09 28 18 00 00 1 4266.674
2009 09 28 18 15 00 1 4266.651
2009 09 28 18 30 00 1 4266.625
2009 09 28 18 45 00 1 4266.598
2009 09 28 19 00 00 1 4266.571
2009 09 28 19 15 00 1 4266.545
2009 09 28 19 30 00 1 4266.514
2009 09 28 19 45 00 1 4266.490
2009 09 28 20 00 00 1 4266.463
2009 09 28 20 15 00 1 4266.442
2009 09 28 20 30 00 1 4266.424
2009 09 28 20 45 00 1 4266.413
2009 09 28 21 00 00 1 4266.403
2009 09 28 21 15 00 1 4266.399
2009 09 28 21 30 00 1 4266.401
2009 09 28 21 45 00 1 4266.405
2009 09 28 22 00 00 1 4266.417
2009 09 28 22 15 00 1 4266.431
2009 09 28 22 30 00 1 4266.451
2009 09 28 22 45 00 1 4266.473
2009 09 28 23 00 00 1 4266.497
2009 09 28 23 15 00 1 4266.528
2009 09 28 23 30 00 1 4266.558
2009 09 28 23 45 00 1 4266.593
2009 09 29 00 00 00 1 4266.628
2009 09 29 00 15 00 1 4266.663
2009 09 29 00 30 00 1 4266.702
2009 09 29 00 45 00 1 4266.740
2009 09 29 01 00 00 1 4266.780
2009 09 29 01 15 00 1 4266.812
2009 09 29 01 30 00 1 4266.845
2009 09 29 01 45 00 1 4266.871
2009 09 29 02 00 00 1 4266.894
2009 09 29 02 15 00 1 4266.914
2009 09 29 02 30 00 1 4266.928
2009 09 29 02 45 00 1 4266.937
2009 09 29 03 00 00 1 4266.939
2009 09 29 03 15 00 1 4266.936
2009 09 29 03 30 00 1 4266.925
2009 09 29 03 45 00 1 4266.908
2009 09 29 04 00 00 1 4266.884
2009 09 29 04 15 00 1 4266.855
2009 09 29 04 30 00 1 4266.817
2009 09 29 04 45 00 1 4266.775
2009 09 29 05 00 00 1 4266.727
2009 09 29 05 15 00 1 4266.675
2009 09 29 05 30 00 1 4266.616
2009 09 29 05 45 00 1 4266.555
2009 09 29 06 00 00 1 4266.492
2009 09 29 06 15 00 1 4266.424
2009 09 29 06 30 00 1 4266.356
2009 09 29 06 45 00 1 4266.289
2009 09 29 07 00 00 1 4266.221
2009 09 29 07 15 00 1 4266.155
2009 09 29 07 30 00 1 4266.089
2009 09 29 07 45 00 1 4266.025
2009 09 29 08 00 00 1 4265.967
2009 09 29 08 15 00 1 4265.915
2009 09 29 08 30 00 1 4265.866
2009 09 29 08 45 00 1 4265.822
2009 09 29 09 00 00 1 4265.786
2009 09 29 09 15 00 1 4265.757
2009 09 29 09 30 00 1 4265.737
2009 09 29 09 45 00 1 4265.723
2009 09 29 10 00 00 1 4265.718
2009 09 29 10 15 00 1 4265.721
2009 09 29 10 30 00 1 4265.732
2009 09 29 10 45 00 1 4265.751
2009 09 29 11 00 00 1 4265.773
2009 09 29 11 15 00 1 4265.805
2009 09 29 11 30 00 1 4265.842
2009 09 29 11 45 00 1 4265.885
2009 09 29 12 00 00 1 4265.935
2009 09 29 12 15 00 1 4265.986
2009 09 29 12 30 00 1 4266.043
2009 09 29 12 45 00 1 4266.105
2009 09 29 13 00 00 1 4266.167
2009 09 29 13 15 00 1 4266.232
2009 09 29 13 30 00 1 4266.296
2009 09 29 13 45 00 1 4266.361
2009 09 29 14 00 00 1 4266.427
2009 09 29 14 15 00 1 4266.488
2009 09 29 14 30 00 1 4266.548
2009 09 29 14 45 00 1 4266.599
2009 09 29 15 00 00 1 4266.647
2009 09 29 15 15 00 1 4266.690
2009 09 29 15 30 00 1 4266.726
2009 09 29 15 45 00 1 4266.759
2009 09 29 16 00 00 1 4266.787
2009 09 29 16 15 00 1 4266.808
2009 09 29 16 30 00 1 4266.823
2009 09 29 16 45 00 1 4266.832
2009 09 29 17 00 00 1 4266.835
2009 09 29 17 15 00 1 4266.829
2009 09 29 17 30 00 1 4266.817
2009 09 29 17 45 00 1 4266.800
2009 09 29 18 00 00 1 4266.776
2009 09 29 18 15 00 1 4266.753
2009 09 29 18 30 00 1 4266.716
2009 09 29 18 45 00 1 4266.688
2009 09 29 19 00 00 1 4266.652
2009 09 29 19 15 00 1 4266.614
2009 09 29 19 30 00 1 4266.578
2009 09 29 19 45 00 1 4266.539
2009 09 29 20 00 00 1 4266.502
2009 09 29 20 15 00 1 4266.463
2009 09 29 20 30 00 1 4266.429
2009 09 29 20 45 00 1 4266.396
2009 09 29 21 00 00 1 4266.363
2009 09 29 21 15 00 1 4266.336
2009 09 29 21 30 00 1 4266.316
2009 09 29 21 45 00 1 4266.302
2009 09 29 22 00 00 1 4266.295
2009 09 29 22 15 00 1 4266.292
2009 09 29 22 30 00 1 4266.295
2009 09 29 22 45 00 1 4266.303
2009 09 29 23 00 00 1 4266.318
2009 09 29 23 15 00 1 4266.335
2009 09 29 23 30 00 1 4266.361
2009 09 29 23 45 00 1 4266.390
2009 09 30 00 00 00 1 4266.422
2009 09 30 00 15 00 1 4266.458
2009 09 30 00 30 00 1 4266.498
2009 09 30 00 45 00 1 4266.543
2009 09 30 01 00 00 1 4266.588
2009 09 30 01 15 00 1 4266.633
2009 09 30 01 30 00 1 4266.678
2009 09 30 01 45 00 1 4266.724
2009 09 30 02 00 00 1 4266.766
2009 09 30 02 15 00 1 4266.803
2009 09 30 02 30 00 1 4266.840
2009 09 30 02 45 00 1 4266.871
2009 09 30 03 00 00 1 4266.897
2009 09 30 03 15 00 1 4266.916
2009 09 30 03 30 00 1 4266.929
2009 09 30 03 45 00 1 4266.940
2009 09 30 04 00 00 1 4266.924
2009 09 30 04 15 00 1 4266.922
2009 09 30 04 30 00 1 4266.910
2009 09 30 04 45 00 1 4266.899
2009 09 30 05 00 00 1 4266.870
2009 09 30 05 15 00 1 4266.830
2009 09 30 05 30 00 1 4266.806
2009 09 30 05 45 00 1 4266.746
2009 09 30 06 00 00 1 4266.691
2009 09 30 06 15 00 1 4266.634
2009 09 30 06 30 00 1 4266.579
2009 09 30 06 45 00 1 4266.509
2009 09 30 07 00 00 1 4266.441
2009 09 30 07 15 00 1 4266.372
2009 09 30 07 30 00 1 4266.301
2009 09 30 07 45 00 1 4266.235
2009 09 30 08 00 00 1 4266.160
2009 09 30 08 15 00 1 4266.094
2009 09 30 08 30 00 1 4266.027
2009 09 30 08 45 00 1 4265.968
2009 09 30 09 00 00 1 4265.919
2009 09 30 09 15 00 1 4265.866
2009 09 30 09 30 00 1 4265.820
2009 09 30 09 45 00 1 4265.783
2009 09 30 10 00 00 1 4265.759
2009 09 30 10 15 00 1 4265.742
2009 09 30 10 30 00 1 4265.730
2009 09 30 10 45 00 1 4265.723
2009 09 30 11 00 00 1 4265.718
2009 09 30 11 15 00 1 4265.741
2009 09 30 11 30 00 1 4265.754
2009 09 30 11 45 00 1 4265.786
2009 09 30 12 00 00 1 4265.818
2009 09 30 12 15 00 1 4265.858
2009 09 30 12 30 00 1 4265.909
2009 09 30 12 45 00 1 4265.964
2009 09 30 13 00 00 1 4266.028
2009 09 30 13 15 00 1 4266.087
2009 09 30 13 30 00 1 4266.160
2009 09 30 13 45 00 1 4266.227
2009 09 30 14 00 00 1 4266.300
2009 09 30 14 15 00 1 4266.366
2009 09 30 14 30 00 1 4266.436
2009 09 30 14 45 00 1 4266.505
2009 09 30 15 00 00 1 4266.567
2009 09 30 15 15 00 1 4266.631
2009 09 30 15 30 00 1 4266.681
2009 09 30 15 45 00 1 4266.736
2009 09 30 16 00 00 1 4266.781
2009 09 30 16 15 00 1 4266.821
2009 09 30 16 30 00 1 4266.847
2009 09 30 16 45 00 1 4266.871
2009 09 30 17 00 00 1 4266.895
2009 09 30 17 15 00 1 4266.896
2009 09 30 17 30 00 1 4266.898
2009 09 30 17 45 00 1 4266.896
2009 09 30 18 00 00 1 4266.884
2009 09 30 18 15 00 1 4266.861
2009 09 30 18 30 00 1 4266.834
2009 09 30 18 45 00 1 4266.802
2009 09 30 19 00 00 1 4266.768
2009 09 30 19 15 00 1 4266.721
2009 09 30 19 30 00 1 4266.676
2009 09 30 19 45 00 1 4266.623
2009 09 30 20 00 00 1 4266.576
2009 09 30 20 15 00 1 4266.520
2009 09 30 20 30 00 1 4266.473
2009 09 30 20 45 00 1 4266.424
2009 09 30 21 00 00 1 4266.376
2009 09 30 21 15 00 1 4266.334
2009 09 30 21 30 00 1 4266.291
2009 09 30 21 45 00 1 4266.262
2009 09 30 22 00 00 1 4266.228
2009 09 30 22 15 00 1 4266.206
2009 09 30 22 30 00 1 4266.185
2009 09 30 22 45 00 1 4266.177
2009 09 30 23 00 00 1 4266.170
2009 09 30 23 15 00 1 4266.168
2009 09 30 23 30 00 1 4266.178
2009 09 30 23 45 00 1 4266.190
2009 10 01 00 00 00 1 4266.212
2009 10 01 00 15 00 1 4266.241
2009 10 01 00 30 00 1 4266.278
2009 10 01 00 45 00 1 4266.318
2009 10 01 01 00 00 1 4266.364
2009 10 01 01 15 00 1 4266.411
2009 10 01 01 30 00 1 4266.462
2009 10 01 01 45 00 1 4266.515
2009 10 01 02 00 00 1 4266.566
2009 10 01 02 15 00 1 4266.621
2009 10 01 02 30 00 1 4266.671
2009 10 01 02 45 00 1 4266.723
2009 10 01 03 00 00 1 4266.770
2009 10 01 03 15 00 1 4266.816
2009 10 01 03 30 00 1 4266.860
2009 10 01 03 45 00 1 4266.892
2009 10 01 04 00 00 1 4266.923
2009 10 01 04 15 00 1 4266.943
2009 10 01 04 30 00 1 4266.955
2009 10 01 04 45 00 1 4266.963
2009 10 01 05 00 00 1 4266.961
2009 10 01 05 15 00 1 4266.949
2009 10 01 05 30 00 1 4266.933
2009 10 01 05 45 00 1 4266.908
2009 10 01 06 00 00 1 4266.877
2009 10 01 06 15 00 1 4266.833
2009 10 01 06 30 00 1 4266.787
2009 10 01 06 45 00 1 4266.731
2009 10 01 07 00 00 1 4266.672
2009 10 01 07 15 00 1 4266.605
2009 10 01 07 30 00 1 4266.536
2009 10 01 07 45 00 1 4266.466
2009 10 01 08 00 00 1 4266.391
2009 10 01 08 15 00 1 4266.321
2009 10 01 08 30 00 1 4266.245
2009 10 01 08 45 00 1 4266.175
2009 10 01 09 00 00 1 4266.105
2009 10 01 09 15 00 1 4266.039
2009 10 01 09 30 00 1 4265.979
2009 10 01 09 45 00 1 4265.925
2009 10 01 10 00 00 1 4265.876
2009 10 01 10 15 00 1 4265.834
2009 10 01 10 30 00 1 4265.801
2009 10 01 10 45 00 1 4265.779
2009 10 01 11 00 00 1 4265.762
2009 10 01 11 15 00 1 4265.755
2009 10 01 11 30 00 1 4265.757
2009 10 01 11 45 00 1 4265.769
2009 10 01 12 00 00 1 4265.784
2009 10 01 12 15 00 1 4265.814
2009 10 01 12 30 00 1 4265.851
2009 10 01 12 45 00 1 4265.893
2009 10 01 13 00 00 1 4265.942
2009 10 01 13 15 00 1 4266.002
2009 10 01 13 30 00 1 4266.065
2009 10 01 13 45 00 1 4266.133
2009 10 01 14 00 00 1 4266.204
2009 10 01 14 15 00 1 4266.278
2009 10 01 14 30 00 1 4266.355
2009 10 01 14 45 00 1 4266.430
2009 10 01 15 00 00 1 4266.503
2009 10 01 15 15 00 1 4266.575
2009 10 01 15 30 00 1 4266.644
2009 10 01 15 45 00 1 4266.707
2009 10 01 16 00 00 1 4266.768
2009 10 01 16 15 00 1 4266.818
2009 10 01 16 30 00 1 4266.865
2009 10 01 16 45 00 1 4266.903
2009 10 01 17 00 00 1 4266.933
2009 10 01 17 15 00 1 4266.953
2009 10 01 17 30 00 1 4266.970
2009 10 01 17 45 00 1 4266.973
2009 10 01 18 00 00 1 4266.972
2009 10 01 18 15 00 1 4266.963
2009 10 01 18 30 00 1 4266.941
2009 10 01 18 45 00 1 4266.916
2009 10 01 19 00 00 1 4266.881
2009 10 01 19 15 00 1 4266.839
2009 10 01 19 30 00 1 4266.793
2009 10 01 19 45 00 1 4266.737
2009 10 01 20 00 00 1 4266.683
2009 10 01 20 15 00 1 4266.621
2009 10 01 20 30 00 1 4266.556
2009 10 01 20 45 00 1 4266.493
2009 10 01 21 00 00 1 4266.430
2009 10 01 21 15 00 1 4266.365
2009 10 01 21 30 00 1 4266.305
2009 10 01 21 45 00 1 4266.248
2009 10 01 22 00 00 1 4266.199
2009 10 01 22 15 00 1 4266.152
2009 10 01 22 30 00 1 4266.115
2009 10 01 22 45 00 1 4266.081
2009 10 01 23 00 00 1 4266.053
2009 10 01 23 15 00 1 4266.035
2009 10 01 23 30 00 1 4266.023
2009 10 01 23 45 00 1 4266.021
2009 10 02 00 00 00 1 4266.026
2009 10 02 00 15 00 1 4266.042
2009 10 02 00 30 00 1 4266.064
2009 10 02 00 45 00 1 4266.093
2009 10 02 01 00 00 1 4266.127
2009 10 02 01 15 00 1 4266.174
2009 10 02 01 30 00 1 4266.225
2009 10 02 01 45 00 1 4266.277
2009 10 02 02 00 00 1 4266.334
2009 10 02 02 15 00 1 4266.394
2009 10 02 02 30 00 1 4266.454
2009 10 02 02 45 00 1 4266.518
2009 10 02 03 00 00 1 4266.581
2009 10 02 03 15 00 1 4266.640
2009 10 02 03 30 00 1 4266.699
2009 10 02 03 45 00 1 4266.754
2009 10 02 04 00 00 1 4266.806
2009 10 02 04 15 00 1 4266.852
2009 10 02 04 30 00 1 4266.891
2009 10 02 04 45 00 1 4266.920
2009 10 02 05 00 00 1 4266.942
2009 10 02 05 15 00 1 4266.957
2009 10 02 05 30 00 1 4266.968
2009 10 02 05 45 00 1 4266.968
2009 10 02 06 00 00 1 4266.964
2009 10 02 06 15 00 1 4266.945
2009 10 02 06 30 00 1 4266.920
2009 10 02 06 45 00 1 4266.885
2009 10 02 07 00 00 1 4266.844
2009 10 02 07 15 00 1 4266.791
2009 10 02 07 30 00 1 4266.736
2009 10 02 07 45 00 1 4266.675
2009 10 02 08 00 00 1 4266.614
2009 10 02 08 15 00 1 4266.546
2009 10 02 08 30 00 1 4266.476
2009 10 02 08 45 00 1 4266.403
2009 10 02 09 00 00 1 4266.329
2009 10 02 09 15 00 1 4266.257
2009 10 02 09 30 00 1 4266.188
2009 10 02 09 45 00 1 4266.120
2009 10 02 10 00 00 1 4266.055
2009 10 02 10 15 00 1 4266.000
2009 10 02 10 30 00 1 4265.947
2009 10 02 10 45 00 1 4265.902
2009 10 02 11 00 00 1 4265.865
2009 10 02 11 15 00 1 4265.836
2009 10 02 11 30 00 1 4265.819
2009 10 02 11 45 00 1 4265.809
2009 10 02 12 00 00 1 4265.810
2009 10 02 12 15 00 1 4265.823
2009 10 02 12 30 00 1 4265.842
2009 10 02 12 45 00 1 4265.869
2009 10 02 13 00 00 1 4265.909
2009 10 02 13 15 00 1 4265.955
2009 10 02 13 30 00 1 4266.012
2009 10 02 13 45 00 1 4266.070
2009 10 02 14 00 00 1 4266.137
2009 10 02 14 15 00 1 4266.208
2009 10 02 14 30 00 1 4266.283
2009 10 02 14 45 00 1 4266.359
2009 10 02 15 00 00 1 4266.437
2009 10 02 15 15 00 1 4266.514
2009 10 02 15 30 00 1 4266.587
2009 10 02 15 45 00 1 4266.660
2009 10 02 16 00 00 1 4266.732
2009 10 02 16 15 00 1 4266.796
2009 10 02 16 30 00 1 4266.854
2009 10 02 16 45 00 1 4266.908
2009 10 02 17 00 00 1 4266.952
2009 10 02 17 15 00 1 4266.990
2009 10 02 17 30 00 1 4267.019
2009 10 02 17 45 00 1 4267.039
2009 10 02 18 00 00 1 4267.050
2009 10 02 18 15 00 1 4267.050
2009 10 02 18 30 00 1 4267.045
2009 10 02 18 45 00 1 4267.029
2009 10 02 19 00 00 1 4267.002
2009 10 02 19 15 00 1 4266.965
2009 10 02 19 30 00 1 4266.922
2009 10 02 19 45 00 1 4266.868
2009 10 02 20 00 00 1 4266.808
2009 10 02 20 15 00 1 4266.744
2009 10 02 20 30 00 1 4266.675
2009 10 02 20 45 00 1 4266.602
2009 10 02 21 00 00 1 4266.527
2009 10 02 21 15 00 1 4266.452
2009 10 02 21 30 00 1 4266.376
2009 10 02 21 45 00 1 4266.302
2009 10 02 22 00 00 1 4266.227
2009 10 02 22 15 00 1 4266.160
2009 10 02 22 30 00 1 4266.093
2009 10 02 22 45 00 1 4266.035
2009 10 02 23 00 00 1 4265.982
2009 10 02 23 15 00 1 4265.938
2009 10 02 23 30 00 1 4265.900
2009 10 02 23 45 00 1 4265.872
2009 10 03 00 00 00 1 4265.854
2009 10 03 00 15 00 1 4265.843
2009 10 03 00 30 00 1 4265.842
2009 10 03 00 45 00 1 4265.853
2009 10 03 01 00 00 1 4265.875
2009 10 03 01 15 00 1 4265.904
2009 10 03 01 30 00 1 4265.939
2009 10 03 01 45 00 1 4265.986
2009 10 03 02 00 00 1 4266.040
2009 10 03 02 15 00 1 4266.094
2009 10 03 02 30 00 1 4266.159
2009 10 03 02 45 00 1 4266.228
2009 10 03 03 00 00 1 4266.293
2009 10 03 03 15 00 1 4266.365
2009 10 03 03 30 00 1 4266.437
2009 10 03 03 45 00 1 4266.507
2009 10 03 04 00 00 1 4266.575
2009 10 03 04 15 00 1 4266.641
2009 10 03 04 30 00 1 4266.704
2009 10 03 04 45 00 1 4266.761
2009 10 03 05 00 00 1 4266.814
2009 10 03 05 15 00 1 4266.858
2009 10 03 05 30 00 1 4266.894
2009 10 03 05 45 00 1 4266.920
2009 10 03 06 00 00 1 4266.941
2009 10 03 06 15 00 1 4266.949
2009 10 03 06 30 00 1 4266.947
2009 10 03 06 45 00 1 4266.937
2009 10 03 07 00 00 1 4266.919
2009 10 03 07 15 00 1 4266.891
2009 10 03 07 30 00 1 4266.857
2009 10 03 07 45 00 1 4266.816
2009 10 03 08 00 00 1 4266.765
2009 10 03 08 15 00 1 4266.711
2009 10 03 08 30 00 1 4266.650
2009 10 03 08 45 00 1 4266.585
2009 10 03 09 00 00 1 4266.517
2009 10 03 09 15 00 1 4266.448
2009 10 03 09 30 00 1 4266.376
2009 10 03 09 45 00 1 4266.307
2009 10 03 10 00 00 1 4266.240
2009 10 03 10 15 00 1 4266.170
2009 10 03 10 30 00 1 4266.110
2009 10 03 10 45 00 1 4266.052
2009 10 03 11 00 00 1 4266.002
2009 10 03 11 15 00 1 4265.957
2009 10 03 11 30 00 1 4265.922
2009 10 03 11 45 00 1 4265.896
2009 10 03 12 00 00 1 4265.875
2009 10 03 12 15 00 1 4265.868
2009 10 03 12 30 00 1 4265.868
2009 10 03 12 45 00 1 4265.881
2009 10 03 13 00 00 1 4265.905
2009 10 03 13 15 00 1 4265.935
2009 10 03 13 30 00 1 4265.974
2009 10 03 13 45 00 1 4266.023
2009 10 03 14 00 00 1 4266.078
2009 10 03 14 15 00 1 4266.139
2009 10 03 14 30 00 1 4266.205
2009 10 03 14 45 00 1 4266.276
2009 10 03 15 00 00 1 4266.350
2009 10 03 15 15 00 1 4266.425
2009 10 03 15 30 00 1 4266.502
2009 10 03 15 45 00 1 4266.580
2009 10 03 16 00 00 1 4266.658
2009 10 03 16 15 00 1 4266.733
2009 10 03 16 30 00 1 4266.803
2009 10 03 16 45 00 1 4266.867
2009 10 03 17 00 00 1 4266.928
2009 10 03 17 15 00 1 4266.983
2009 10 03 17 30 00 1 4267.028
2009 10 03 17 45 00 1 4267.064
2009 10 03 18 00 00 1 4267.093
2009 10 03 18 15 00 1 4267.108
2009 10 03 18 30 00 1 4267.115
2009 10 03 18 45 00 1 4267.111
2009 10 03 19 00 00 1 4267.096
2009 10 03 19 15 00 1 4267.072
2009 10 03 19 30 00 1 4267.037
2009 10 03 19 45 00 1 4266.992
2009 10 03 20 00 00 1 4266.942
2009 10 03 20 15 00 1 4266.884
2009 10 03 20 30 00 1 4266.816
2009 10 03 20 45 00 1 4266.743
2009 10 03 21 00 00 1 4266.666
2009 10 03 21 15 00 1 4266.581
2009 10 03 21 30 00 1 4266.497
2009 10 03 21 45 00 1 4266.408
2009 10 03 22 00 00 1 4266.321
2009 10 03 22 15 00 1 4266.236
2009 10 03 22 30 00 1 4266.154
2009 10 03 22 45 00 1 4266.075
2009 10 03 23 00 00 1 4265.999
2009 10 03 23 15 00 1 4265.931
2009 10 03 23 30 00 1 4265.871
2009 10 03 23 45 00 1 4265.821
2009 10 04 00 00 00 1 4265.775
2009 10 04 00 15 00 1 4265.739
2009 10 04 00 30 00 1 4265.716
2009 10 04 00 45 00 1 4265.702
2009 10 04 01 00 00 1 4265.697
2009 10 04 01 15 00 1 4265.704
2009 10 04 01 30 00 1 4265.720
2009 10 04 01 45 00 1 4265.744
2009 10 04 02 00 00 1 4265.779
2009 10 04 02 15 00 1 4265.825
2009 10 04 02 30 00 1 4265.877
2009 10 04 02 45 00 1 4265.936
2009 10 04 03 00 00 1 4265.998
2009 10 04 03 15 00 1 4266.072
2009 10 04 03 30 00 1 4266.146
2009 10 04 03 45 00 1 4266.223
2009 10 04 04 00 00 1 4266.302
2009 10 04 04 15 00 1 4266.381
2009 10 04 04 30 00 1 4266.457
2009 10 04 04 45 00 1 4266.531
2009 10 04 05 00 00 1 4266.602
2009 10 04 05 15 00 1 4266.666
2009 10 04 05 30 00 1 4266.729
2009 10 04 05 45 00 1 4266.782
2009 10 04 06 00 00 1 4266.830
2009 10 04 06 15 00 1 4266.870
2009 10 04 06 30 00 1 4266.901
2009 10 04 06 45 00 1 4266.921
2009 10 04 07 00 00 1 4266.932
2009 10 04 07 15 00 1 4266.934
2009 10 04 07 30 00 1 4266.924
2009 10 04 07 45 00 1 4266.911
2009 10 04 08 00 00 1 4266.885
2009 10 04 08 15 00 1 4266.851
2009 10 04 08 30 00 1 4266.811
2009 10 04 08 45 00 1 4266.764
2009 10 04 09 00 00 1 4266.709
2009 10 04 09 15 00 1 4266.649
2009 10 04 09 30 00 1 4266.589
2009 10 04 09 45 00 1 4266.522
2009 10 04 10 00 00 1 4266.452
2009 10 04 10 15 00 1 4266.383
2009 10 04 10 30 00 1 4266.317
2009 10 04 10 45 00 1 4266.254
2009 10 04 11 00 00 1 4266.195
2009 10 04 11 15 00 1 4266.141
2009 10 04 11 30 00 1 4266.091
2009 10 04 11 45 00 1 4266.051
2009 10 04 12 00 00 1 4266.015
2009 10 04 12 15 00 1 4265.991
2009 10 04 12 30 00 1 4265.972
2009 10 04 12 45 00 1 4265.962
2009 10 04 13 00 00 1 4265.963
2009 10 04 13 15 00 1 4265.974
2009 10 04 13 30 00 1 4265.994
2009 10 04 13 45 00 1 4266.024
2009 10 04 14 00 00 1 4266.064
2009 10 04 14 15 00 1 4266.108
2009 10 04 14 30 00 1 4266.164
2009 10 04 14 45 00 1 4266.223
2009 10 04 15 00 00 1 4266.293
2009 10 04 15 15 00 1 4266.364
2009 10 04 15 30 00 1 4266.442
2009 10 04 15 45 00 1 4266.520
2009 10 04 16 00 00 1 4266.600
2009 10 04 16 15 00 1 4266.678
2009 10 04 16 30 00 1 4266.757
2009 10 04 16 45 00 1 4266.830
2009 10 04 17 00 00 1 4266.902
2009 10 04 17 15 00 1 4266.968
2009 10 04 17 30 00 1 4267.028
2009 10 04 17 45 00 1 4267.083
2009 10 04 18 00 00 1 4267.125
2009 10 04 18 15 00 1 4267.159
2009 10 04 18 30 00 1 4267.184
2009 10 04 18 45 00 1 4267.199
2009 10 04 19 00 00 1 4267.202
2009 10 04 19 15 00 1 4267.192
2009 10 04 19 30 00 1 4267.172
2009 10 04 19 45 00 1 4267.139
2009 10 04 20 00 00 1 4267.099
2009 10 04 20 15 00 1 4267.048
2009 10 04 20 30 00 1 4266.988
2009 10 04 20 45 00 1 4266.918
2009 10 04 21 00 00 1 4266.844
2009 10 04 21 15 00 1 4266.761
2009 10 04 21 30 00 1 4266.674
2009 10 04 21 45 00 1 4266.583
2009 10 04 22 00 00 1 4266.489
2009 10 04 22 15 00 1 4266.394
2009 10 04 22 30 00 1 4266.301
2009 10 04 22 45 00 1 4266.206
2009 10 04 23 00 00 1 4266.115
2009 10 04 23 15 00 1 4266.026
2009 10 04 23 30 00 1 4265.937
2009 10 04 23 45 00 1 4265.856
2009 10 05 00 00 00 1 4265.785
2009 10 05 00 15 00 1 4265.721
2009 10 05 00 30 00 1 4265.670
2009 10 05 00 45 00 1 4265.627
2009 10 05 01 00 00 1 4265.594
2009 10 05 01 15 00 1 4265.575
2009 10 05 01 30 00 1 4265.567
2009 10 05 01 45 00 1 4265.566
2009 10 05 02 00 00 1 4265.577
2009 10 05 02 15 00 1 4265.597
2009 10 05 02 30 00 1 4265.629
2009 10 05 02 45 00 1 4265.672
2009 10 05 03 00 00 1 4265.725
2009 10 05 03 15 00 1 4265.785
2009 10 05 03 30 00 1 4265.852
2009 10 05 03 45 00 1 4265.925
2009 10 05 04 00 00 1 4266.006
2009 10 05 04 15 00 1 4266.089
2009 10 05 04 30 00 1 4266.172
2009 10 05 04 45 00 1 4266.254
2009 10 05 05 00 00 1 4266.338
2009 10 05 05 15 00 1 4266.422
2009 10 05 05 30 00 1 4266.497
2009 10 05 05 45 00 1 4266.570
2009 10 05 06 00 00 1 4266.639
2009 10 05 06 15 00 1 4266.699
2009 10 05 06 30 00 1 4266.755
2009 10 05 06 45 00 1 4266.803
2009 10 05 07 00 00 1 4266.844
2009 10 05 07 15 00 1 4266.871
2009 10 05 07 30 00 1 4266.892
2009 10 05 07 45 00 1 4266.905
2009 10 05 08 00 00 1 4266.910
2009 10 05 08 15 00 1 4266.904
2009 10 05 08 30 00 1 4266.891
2009 10 05 08 45 00 1 4266.872
2009 10 05 09 00 00 1 4266.842
2009 10 05 09 15 00 1 4266.806
2009 10 05 09 30 00 1 4266.763
2009 10 05 09 45 00 1 4266.712
2009 10 05 10 00 00 1 4266.658
2009 10 05 10 15 00 1 4266.599
2009 10 05 10 30 00 1 4266.542
2009 10 05 10 45 00 1 4266.481
2009 10 05 11 00 00 1 4266.421
2009 10 05 11 15 00 1 4266.360
2009 10 05 11 30 00 1 4266.303
2009 10 05 11 45 00 1 4266.250
2009 10 05 12 00 00 1 4266.202
2009 10 05 12 15 00 1 4266.160
2009 10 05 12 30 00 1 4266.125
2009 10 05 12 45 00 1 4266.098
2009 10 05 13 00 00 1 4266.082
2009 10 05 13 15 00 1 4266.075
2009 10 05 13 30 00 1 4266.077
2009 10 05 13 45 00 1 4266.087
2009 10 05 14 00 00 1 4266.105
2009 10 05 14 15 00 1 4266.133
2009 10 05 14 30 00 1 4266.169
2009 10 05 14 45 00 1 4266.212
2009 10 05 15 00 00 1 4266.266
2009 10 05 15 15 00 1 4266.326
2009 10 05 15 30 00 1 4266.389
2009 10 05 15 45 00 1 4266.459
2009 10 05 16 00 00 1 4266.533
2009 10 05 16 15 00 1 4266.607
2009 10 05 16 30 00 1 4266.686
2009 10 05 16 45 00 1 4266.764
2009 10 05 17 00 00 1 4266.837
2009 10 05 17 15 00 1 4266.911
2009 10 05 17 30 00 1 4266.980
2009 10 05 17 45 00 1 4267.043
2009 10 05 18 00 00 1 4267.099
2009 10 05 18 15 00 1 4267.151
2009 10 05 18 30 00 1 4267.191
2009 10 05 18 45 00 1 4267.223
2009 10 05 19 00 00 1 4267.244
2009 10 05 19 15 00 1 4267.255
2009 10 05 19 30 00 1 4267.252
2009 10 05 19 45 00 1 4267.239
2009 10 05 20 00 00 1 4267.214
2009 10 05 20 15 00 1 4267.180
2009 10 05 20 30 00 1 4267.138
2009 10 05 20 45 00 1 4267.085
2009 10 05 21 00 00 1 4267.020
2009 10 05 21 15 00 1 4266.949
2009 10 05 21 30 00 1 4266.872
2009 10 05 21 45 00 1 4266.787
2009 10 05 22 00 00 1 4266.694
2009 10 05 22 15 00 1 4266.596
2009 10 05 22 30 00 1 4266.497
2009 10 05 22 45 00 1 4266.395
2009 10 05 23 00 00 1 4266.291
2009 10 05 23 15 00 1 4266.186
2009 10 05 23 30 00 1 4266.086
2009 10 05 23 45 00 1 4265.987
2009 10 06 00 00 00 1 4265.893
2009 10 06 00 15 00 1 4265.808
2009 10 06 00 30 00 1 4265.727
2009 10 06 00 45 00 1 4265.654
2009 10 06 01 00 00 1 4265.592
2009 10 06 01 15 00 1 4265.540
2009 10 06 01 30 00 1 4265.498
2009 10 06 01 45 00 1 4265.471
2009 10 06 02 00 00 1 4265.449
2009 10 06 02 15 00 1 4265.443
2009 10 06 02 30 00 1 4265.450
2009 10 06 02 45 00 1 4265.465
2009 10 06 03 00 00 1 4265.492
2009 10 06 03 15 00 1 4265.528
2009 10 06 03 30 00 1 4265.573
2009 10 06 03 45 00 1 4265.629
2009 10 06 04 00 00 1 4265.693
2009 10 06 04 15 00 1 4265.763
2009 10 06 04 30 00 1 4265.837
2009 10 06 04 45 00 1 4265.919
2009 10 06 05 00 00 1 4266.001
2009 10 06 05 15 00 1 4266.088
2009 10 06 05 30 00 1 4266.174
2009 10 06 05 45 00 1 4266.258
2009 10 06 06 00 00 1 4266.342
2009 10 06 06 15 00 1 4266.423
2009 10 06 06 30 00 1 4266.499
2009 10 06 06 45 00 1 4266.569
2009 10 06 07 00 00 1 4266.634
2009 10 06 07 15 00 1 4266.689
2009 10 06 07 30 00 1 4266.738
2009 10 06 07 45 00 1 4266.780
2009 10 06 08 00 00 1 4266.811
2009 10 06 08 15 00 1 4266.835
2009 10 06 08 30 00 1 4266.850
2009 10 06 08 45 00 1 4266.853
2009 10 06 09 00 00 1 4266.852
2009 10 06 09 15 00 1 4266.843
2009 10 06 09 30 00 1 4266.823
2009 10 06 09 45 00 1 4266.795
2009 10 06 10 00 00 1 4266.763
2009 10 06 10 15 00 1 4266.723
2009 10 06 10 30 00 1 4266.678
2009 10 06 10 45 00 1 4266.629
2009 10 06 11 00 00 1 4266.577
2009 10 06 11 15 00 1 4266.525
2009 10 06 11 30 00 1 4266.471
2009 10 06 11 45 00 1 4266.420
2009 10 06 12 00 00 1 4266.368
2009 10 06 12 15 00 1 4266.321
2009 10 06 12 30 00 1 4266.276
2009 10 06 12 45 00 1 4266.238
2009 10 06 13 00 00 1 4266.204
2009 10 06 13 15 00 1 4266.178
2009 10 06 13 30 00 1 4266.162
2009 10 06 13 45 00 1 4266.156
2009 10 06 14 00 00 1 4266.156
2009 10 06 14 15 00 1 4266.167
2009 10 06 14 30 00 1 4266.184
2009 10 06 14 45 00 1 4266.207
2009 10 06 15 00 00 1 4266.239
2009 10 06 15 15 00 1 4266.281
2009 10 06 15 30 00 1 4266.329
2009 10 06 15 45 00 1 4266.383
2009 10 06 16 00 00 1 4266.445
2009 10 06 16 15 00 1 4266.512
2009 10 06 16 30 00 1 4266.585
2009 10 06 16 45 00 1 4266.657
2009 10 06 17 00 00 1 4266.730
2009 10 06 17 15 00 1 4266.805
2009 10 06 17 30 00 1 4266.878
2009 10 06 17 45 00 1 4266.948
