#YY  MM DD hh mm ss T   HEIGHT
#yr  mo dy hr mn  s -        m
2009 08 29 18 00 00 1 4682.545
2009 08 29 18 15 00 1 4682.569
2009 08 29 18 30 00 1 4682.596
2009 08 29 18 45 00 1 4682.621
2009 08 29 19 00 00 1 4682.649
2009 08 29 19 15 00 1 4682.676
2009 08 29 19 30 00 1 4682.704
2009 08 29 19 45 00 1 4682.730
2009 08 29 20 00 00 1 4682.752
2009 08 29 20 15 00 1 4682.773
2009 08 29 20 30 00 1 4682.795
2009 08 29 20 45 00 1 4682.819
2009 08 29 21 00 00 1 4682.839
2009 08 29 21 15 00 1 4682.854
2009 08 29 21 30 00 1 4682.868
2009 08 29 21 45 00 1 4682.879
2009 08 29 22 00 00 1 4682.889
2009 08 29 22 15 00 1 4682.897
2009 08 29 22 30 00 1 4682.900
2009 08 29 22 45 00 1 4682.902
2009 08 29 23 00 00 1 4682.900
2009 08 29 23 15 00 1 4682.892
2009 08 29 23 30 00 1 4682.880
2009 08 29 23 45 00 1 4682.867
2009 08 30 00 00 00 1 4682.847
2009 08 30 00 15 00 1 4682.832
2009 08 30 00 30 00 1 4682.813
2009 08 30 00 45 00 1 4682.790
2009 08 30 01 00 00 1 4682.765
2009 08 30 01 15 00 1 4682.739
2009 08 30 01 30 00 1 4682.713
2009 08 30 01 45 00 1 4682.688
2009 08 30 02 00 00 1 4682.666
2009 08 30 02 15 00 1 4682.641
2009 08 30 02 30 00 1 4682.617
2009 08 30 02 45 00 1 4682.594
2009 08 30 03 00 00 1 4682.569
2009 08 30 03 15 00 1 4682.552
2009 08 30 03 30 00 1 4682.534
2009 08 30 03 45 00 1 4682.514
2009 08 30 04 00 00 1 4682.498
2009 08 30 04 15 00 1 4682.485
2009 08 30 04 30 00 1 4682.475
2009 08 30 04 45 00 1 4682.462
2009 08 30 05 00 00 1 4682.455
2009 08 30 05 15 00 1 4682.449
2009 08 30 05 30 00 1 4682.445
2009 08 30 05 45 00 1 4682.442
2009 08 30 06 00 00 1 4682.438
2009 08 30 06 15 00 1 4682.439
2009 08 30 06 30 00 1 4682.444
2009 08 30 06 45 00 1 4682.448
2009 08 30 07 00 00 1 4682.452
2009 08 30 07 15 00 1 4682.461
2009 08 30 07 30 00 1 4682.469
2009 08 30 07 45 00 1 4682.475
2009 08 30 08 00 00 1 4682.485
2009 08 30 08 15 00 1 4682.492
2009 08 30 08 30 00 1 4682.499
2009 08 30 08 45 00 1 4682.507
2009 08 30 09 00 00 1 4682.515
2009 08 30 09 15 00 1 4682.523
2009 08 30 09 30 00 1 4682.527
2009 08 30 09 45 00 1 4682.533
2009 08 30 10 00 00 1 4682.535
2009 08 30 10 15 00 1 4682.535
2009 08 30 10 30 00 1 4682.539
2009 08 30 10 45 00 1 4682.536
2009 08 30 11 00 00 1 4682.534
2009 08 30 11 15 00 1 4682.531
2009 08 30 11 30 00 1 4682.526
2009 08 30 11 45 00 1 4682.520
2009 08 30 12 00 00 1 4682.513
2009 08 30 12 15 00 1 4682.505
2009 08 30 12 30 00 1 4682.490
2009 08 30 12 45 00 1 4682.478
2009 08 30 13 00 00 1 4682.465
2009 08 30 13 15 00 1 4682.453
2009 08 30 13 30 00 1 4682.441
2009 08 30 13 45 00 1 4682.428
2009 08 30 14 00 00 1 4682.417
2009 08 30 14 15 00 1 4682.406
2009 08 30 14 30 00 1 4682.395
2009 08 30 14 45 00 1 4682.386
2009 08 30 15 00 00 1 4682.375
2009 08 30 15 15 00 1 4682.371
2009 08 30 15 30 00 1 4682.369
2009 08 30 15 45 00 1 4682.367
2009 08 30 16 00 00 1 4682.369
2009 08 30 16 15 00 1 4682.374
2009 08 30 16 30 00 1 4682.377
2009 08 30 16 45 00 1 4682.384
2009 08 30 17 00 00 1 4682.395
2009 08 30 17 15 00 1 4682.407
2009 08 30 17 30 00 1 4682.421
2009 08 30 17 45 00 1 4682.442
2009 08 30 18 00 00 1 4682.469
2009 08 30 18 15 00 1 4682.489
2009 08 30 18 30 00 1 4682.513
2009 08 30 18 45 00 1 4682.537
2009 08 30 19 00 00 1 4682.565
2009 08 30 19 15 00 1 4682.596
2009 08 30 19 30 00 1 4682.622
2009 08 30 19 45 00 1 4682.651
2009 08 30 20 00 00 1 4682.680
2009 08 30 20 15 00 1 4682.707
2009 08 30 20 30 00 1 4682.738
2009 08 30 20 45 00 1 4682.763
2009 08 30 21 00 00 1 4682.788
2009 08 30 21 15 00 1 4682.810
2009 08 30 21 30 00 1 4682.837
2009 08 30 21 45 00 1 4682.859
2009 08 30 22 00 00 1 4682.879
2009 08 30 22 15 00 1 4682.895
2009 08 30 22 30 00 1 4682.906
2009 08 30 22 45 00 1 4682.915
2009 08 30 23 00 00 1 4682.919
2009 08 30 23 15 00 1 4682.923
2009 08 30 23 30 00 1 4682.923
2009 08 30 23 45 00 1 4682.917
2009 08 31 00 00 00 1 4682.908
2009 08 31 00 15 00 1 4682.897
2009 08 31 00 30 00 1 4682.884
2009 08 31 00 45 00 1 4682.864
2009 08 31 01 00 00 1 4682.840
2009 08 31 01 15 00 1 4682.819
2009 08 31 01 30 00 1 4682.797
2009 08 31 01 45 00 1 4682.771
2009 08 31 02 00 00 1 4682.743
2009 08 31 02 15 00 1 4682.712
2009 08 31 02 30 00 1 4682.679
2009 08 31 02 45 00 1 4682.651
2009 08 31 03 00 00 1 4682.618
2009 08 31 03 15 00 1 4682.591
2009 08 31 03 30 00 1 4682.563
2009 08 31 03 45 00 1 4682.536
2009 08 31 04 00 00 1 4682.512
2009 08 31 04 15 00 1 4682.490
2009 08 31 04 30 00 1 4682.467
2009 08 31 04 45 00 1 4682.454
2009 08 31 05 00 00 1 4682.438
2009 08 31 05 15 00 1 4682.429
2009 08 31 05 30 00 1 4682.418
2009 08 31 05 45 00 1 4682.411
2009 08 31 06 00 00 1 4682.402
2009 08 31 06 15 00 1 4682.398
2009 08 31 06 30 00 1 4682.397
2009 08 31 06 45 00 1 4682.400
2009 08 31 07 00 00 1 4682.404
2009 08 31 07 15 00 1 4682.407
2009 08 31 07 30 00 1 4682.416
2009 08 31 07 45 00 1 4682.426
2009 08 31 08 00 00 1 4682.436
2009 08 31 08 15 00 1 4682.449
2009 08 31 08 30 00 1 4682.456
2009 08 31 08 45 00 1 4682.468
2009 08 31 09 00 00 1 4682.481
2009 08 31 09 15 00 1 4682.488
2009 08 31 09 30 00 1 4682.501
2009 08 31 09 45 00 1 4682.511
2009 08 31 10 00 00 1 4682.519
2009 08 31 10 15 00 1 4682.527
2009 08 31 10 30 00 1 4682.532
2009 08 31 10 45 00 1 4682.538
2009 08 31 11 00 00 1 4682.542
2009 08 31 11 15 00 1 4682.546
2009 08 31 11 30 00 1 4682.547
2009 08 31 11 45 00 1 4682.544
2009 08 31 12 00 00 1 4682.538
2009 08 31 12 15 00 1 4682.530
2009 08 31 12 30 00 1 4682.523
2009 08 31 12 45 00 1 4682.513
2009 08 31 13 00 00 1 4682.502
2009 08 31 13 15 00 1 4682.486
2009 08 31 13 30 00 1 4682.469
2009 08 31 13 45 00 1 4682.455
2009 08 31 14 00 00 1 4682.439
2009 08 31 14 15 00 1 4682.421
2009 08 31 14 30 00 1 4682.404
2009 08 31 14 45 00 1 4682.393
2009 08 31 15 00 00 1 4682.379
2009 08 31 15 15 00 1 4682.364
2009 08 31 15 30 00 1 4682.349
2009 08 31 15 45 00 1 4682.342
2009 08 31 16 00 00 1 4682.337
2009 08 31 16 15 00 1 4682.331
2009 08 31 16 30 00 1 4682.329
2009 08 31 16 45 00 1 4682.326
2009 08 31 17 00 00 1 4682.327
2009 08 31 17 15 00 1 4682.332
2009 08 31 17 30 00 1 4682.341
2009 08 31 17 45 00 1 4682.353
2009 08 31 18 00 00 1 4682.370
2009 08 31 18 15 00 1 4682.387
2009 08 31 18 30 00 1 4682.408
2009 08 31 18 45 00 1 4682.437
2009 08 31 19 00 00 1 4682.459
2009 08 31 19 15 00 1 4682.483
2009 08 31 19 30 00 1 4682.511
2009 08 31 19 45 00 1 4682.542
2009 08 31 20 00 00 1 4682.574
2009 08 31 20 15 00 1 4682.609
2009 08 31 20 30 00 1 4682.642
2009 08 31 20 45 00 1 4682.673
2009 08 31 21 00 00 1 4682.703
2009 08 31 21 15 00 1 4682.734
2009 08 31 21 30 00 1 4682.763
2009 08 31 21 45 00 1 4682.792
2009 08 31 22 00 00 1 4682.820
2009 08 31 22 15 00 1 4682.851
2009 08 31 22 30 00 1 4682.874
2009 08 31 22 45 00 1 4682.887
2009 08 31 23 00 00 1 4682.897
2009 08 31 23 15 00 1 4682.908
2009 08 31 23 30 00 1 4682.918
2009 08 31 23 45 00 1 4682.920
2009 09 01 00 00 00 1 4682.918
2009 09 01 00 15 00 1 4682.915
2009 09 01 00 30 00 1 4682.910
2009 09 01 00 45 00 1 4682.899
2009 09 01 01 00 00 1 4682.883
2009 09 01 01 15 00 1 4682.863
2009 09 01 01 30 00 1 4682.843
2009 09 01 01 45 00 1 4682.822
2009 09 01 02 00 00 1 4682.799
2009 09 01 02 15 00 1 4682.767
2009 09 01 02 30 00 1 4682.738
2009 09 01 02 45 00 1 4682.707
2009 09 01 03 00 00 1 4682.677
2009 09 01 03 15 00 1 4682.645
2009 09 01 03 30 00 1 4682.612
2009 09 01 03 45 00 1 4682.576
2009 09 01 04 00 00 1 4682.547
2009 09 01 04 15 00 1 4682.522
2009 09 01 04 30 00 1 4682.496
2009 09 01 04 45 00 1 4682.468
2009 09 01 05 00 00 1 4682.446
2009 09 01 05 15 00 1 4682.431
2009 09 01 05 30 00 1 4682.415
2009 09 01 05 45 00 1 4682.404
2009 09 01 06 00 00 1 4682.395
2009 09 01 06 15 00 1 4682.385
2009 09 01 06 30 00 1 4682.380
2009 09 01 06 45 00 1 4682.376
2009 09 01 07 00 00 1 4682.374
2009 09 01 07 15 00 1 4682.379
2009 09 01 07 30 00 1 4682.383
2009 09 01 07 45 00 1 4682.390
2009 09 01 08 00 00 1 4682.408
2009 09 01 08 15 00 1 4682.422
2009 09 01 08 30 00 1 4682.432
2009 09 01 08 45 00 1 4682.449
2009 09 01 09 00 00 1 4682.464
2009 09 01 09 15 00 1 4682.478
2009 09 01 09 30 00 1 4682.492
2009 09 01 09 45 00 1 4682.506
2009 09 01 10 00 00 1 4682.521
2009 09 01 10 15 00 1 4682.534
2009 09 01 10 30 00 1 4682.547
2009 09 01 10 45 00 1 4682.558
2009 09 01 11 00 00 1 4682.570
2009 09 01 11 15 00 1 4682.576
2009 09 01 11 30 00 1 4682.580
2009 09 01 11 45 00 1 4682.586
2009 09 01 12 00 00 1 4682.585
2009 09 01 12 15 00 1 4682.580
2009 09 01 12 30 00 1 4682.576
2009 09 01 12 45 00 1 4682.567
2009 09 01 13 00 00 1 4682.556
2009 09 01 13 15 00 1 4682.543
2009 09 01 13 30 00 1 4682.530
2009 09 01 13 45 00 1 4682.514
2009 09 01 14 00 00 1 4682.496
2009 09 01 14 15 00 1 4682.477
2009 09 01 14 30 00 1 4682.459
2009 09 01 14 45 00 1 4682.443
2009 09 01 15 00 00 1 4682.426
2009 09 01 15 15 00 1 4682.405
2009 09 01 15 30 00 1 4682.386
2009 09 01 15 45 00 1 4682.369
2009 09 01 16 00 00 1 4682.353
2009 09 01 16 15 00 1 4682.339
2009 09 01 16 30 00 1 4682.327
2009 09 01 16 45 00 1 4682.317
2009 09 01 17 00 00 1 4682.312
2009 09 01 17 15 00 1 4682.305
2009 09 01 17 30 00 1 4682.303
2009 09 01 17 45 00 1 4682.306
2009 09 01 18 00 00 1 4682.311
2009 09 01 18 15 00 1 4682.320
2009 09 01 18 30 00 1 4682.336
2009 09 01 18 45 00 1 4682.350
2009 09 01 19 00 00 1 4682.369
2009 09 01 19 15 00 1 4682.390
2009 09 01 19 30 00 1 4682.415
2009 09 01 19 45 00 1 4682.445
2009 09 01 20 00 00 1 4682.473
2009 09 01 20 15 00 1 4682.502
2009 09 01 20 30 00 1 4682.536
2009 09 01 20 45 00 1 4682.572
2009 09 01 21 00 00 1 4682.608
2009 09 01 21 15 00 1 4682.643
2009 09 01 21 30 00 1 4682.680
2009 09 01 21 45 00 1 4682.716
2009 09 01 22 00 00 1 4682.747
2009 09 01 22 15 00 1 4682.776
2009 09 01 22 30 00 1 4682.804
2009 09 01 22 45 00 1 4682.832
2009 09 01 23 00 00 1 4682.857
2009 09 01 23 15 00 1 4682.876
2009 09 01 23 30 00 1 4682.891
2009 09 01 23 45 00 1 4682.902
2009 09 02 00 00 00 1 4682.910
2009 09 02 00 15 00 1 4682.914
2009 09 02 00 30 00 1 4682.915
2009 09 02 00 45 00 1 4682.915
2009 09 02 01 00 00 1 4682.905
2009 09 02 01 15 00 1 4682.894
2009 09 02 01 30 00 1 4682.879
2009 09 02 01 45 00 1 4682.862
2009 09 02 02 00 00 1 4682.840
2009 09 02 02 15 00 1 4682.818
2009 09 02 02 30 00 1 4682.789
2009 09 02 02 45 00 1 4682.757
2009 09 02 03 00 00 1 4682.726
2009 09 02 03 15 00 1 4682.691
2009 09 02 03 30 00 1 4682.657
2009 09 02 03 45 00 1 4682.623
2009 09 02 04 00 00 1 4682.589
2009 09 02 04 15 00 1 4682.554
2009 09 02 04 30 00 1 4682.522
2009 09 02 04 45 00 1 4682.491
2009 09 02 05 00 00 1 4682.465
2009 09 02 05 15 00 1 4682.440
2009 09 02 05 30 00 1 4682.421
2009 09 02 05 45 00 1 4682.399
2009 09 02 06 00 00 1 4682.380
2009 09 02 06 15 00 1 4682.366
2009 09 02 06 30 00 1 4682.353
2009 09 02 06 45 00 1 4682.348
2009 09 02 07 00 00 1 4682.347
2009 09 02 07 15 00 1 4682.352
2009 09 02 07 30 00 1 4682.357
2009 09 02 07 45 00 1 4682.362
2009 09 02 08 00 00 1 4682.368
2009 09 02 08 15 00 1 4682.380
2009 09 02 08 30 00 1 4682.393
2009 09 02 08 45 00 1 4682.412
2009 09 02 09 00 00 1 4682.434
2009 09 02 09 15 00 1 4682.452
2009 09 02 09 30 00 1 4682.469
2009 09 02 09 45 00 1 4682.487
2009 09 02 10 00 00 1 4682.510
2009 09 02 10 15 00 1 4682.526
2009 09 02 10 30 00 1 4682.547
2009 09 02 10 45 00 1 4682.566
2009 09 02 11 00 00 1 4682.582
2009 09 02 11 15 00 1 4682.597
2009 09 02 11 30 00 1 4682.610
2009 09 02 11 45 00 1 4682.622
2009 09 02 12 00 00 1 4682.630
2009 09 02 12 15 00 1 4682.635
2009 09 02 12 30 00 1 4682.637
2009 09 02 12 45 00 1 4682.635
2009 09 02 13 00 00 1 4682.634
2009 09 02 13 15 00 1 4682.629
2009 09 02 13 30 00 1 4682.617
2009 09 02 13 45 00 1 4682.602
2009 09 02 14 00 00 1 4682.587
2009 09 02 14 15 00 1 4682.571
2009 09 02 14 30 00 1 4682.553
2009 09 02 14 45 00 1 4682.535
2009 09 02 15 00 00 1 4682.516
2009 09 02 15 15 00 1 4682.495
2009 09 02 15 30 00 1 4682.472
2009 09 02 15 45 00 1 4682.447
2009 09 02 16 00 00 1 4682.424
2009 09 02 16 15 00 1 4682.401
2009 09 02 16 30 00 1 4682.380
2009 09 02 16 45 00 1 4682.361
2009 09 02 17 00 00 1 4682.340
2009 09 02 17 15 00 1 4682.323
2009 09 02 17 30 00 1 4682.313
2009 09 02 17 45 00 1 4682.308
2009 09 02 18 00 00 1 4682.306
2009 09 02 18 15 00 1 4682.305
2009 09 02 18 30 00 1 4682.303
2009 09 02 18 45 00 1 4682.311
2009 09 02 19 00 00 1 4682.322
2009 09 02 19 15 00 1 4682.340
2009 09 02 19 30 00 1 4682.359
2009 09 02 19 45 00 1 4682.379
2009 09 02 20 00 00 1 4682.405
2009 09 02 20 15 00 1 4682.431
2009 09 02 20 30 00 1 4682.459
2009 09 02 20 45 00 1 4682.491
2009 09 02 21 00 00 1 4682.527
2009 09 02 21 15 00 1 4682.567
2009 09 02 21 30 00 1 4682.607
2009 09 02 21 45 00 1 4682.645
2009 09 02 22 00 00 1 4682.681
2009 09 02 22 15 00 1 4682.715
2009 09 02 22 30 00 1 4682.747
2009 09 02 22 45 00 1 4682.781
2009 09 02 23 00 00 1 4682.810
2009 09 02 23 15 00 1 4682.838
2009 09 02 23 30 00 1 4682.864
2009 09 02 23 45 00 1 4682.888
2009 09 03 00 00 00 1 4682.902
2009 09 03 00 15 00 1 4682.913
2009 09 03 00 30 00 1 4682.926
2009 09 03 00 45 00 1 4682.936
2009 09 03 01 00 00 1 4682.937
2009 09 03 01 15 00 1 4682.931
2009 09 03 01 30 00 1 4682.923
2009 09 03 01 45 00 1 4682.911
2009 09 03 02 00 00 1 4682.892
2009 09 03 02 15 00 1 4682.874
2009 09 03 02 30 00 1 4682.847
2009 09 03 02 45 00 1 4682.817
2009 09 03 03 00 00 1 4682.794
2009 09 03 03 15 00 1 4682.764
2009 09 03 03 30 00 1 4682.731
2009 09 03 03 45 00 1 4682.695
2009 09 03 04 00 00 1 4682.660
2009 09 03 04 15 00 1 4682.621
2009 09 03 04 30 00 1 4682.584
2009 09 03 04 45 00 1 4682.551
2009 09 03 05 00 00 1 4682.520
2009 09 03 05 15 00 1 4682.489
2009 09 03 05 30 00 1 4682.456
2009 09 03 05 45 00 1 4682.427
2009 09 03 06 00 00 1 4682.403
2009 09 03 06 15 00 1 4682.383
2009 09 03 06 30 00 1 4682.368
2009 09 03 06 45 00 1 4682.354
2009 09 03 07 00 00 1 4682.342
2009 09 03 07 15 00 1 4682.337
2009 09 03 07 30 00 1 4682.338
2009 09 03 07 45 00 1 4682.344
2009 09 03 08 00 00 1 4682.350
2009 09 03 08 15 00 1 4682.357
2009 09 03 08 30 00 1 4682.370
2009 09 03 08 45 00 1 4682.385
2009 09 03 09 00 00 1 4682.401
2009 09 03 09 15 00 1 4682.423
2009 09 03 09 30 00 1 4682.446
2009 09 03 09 45 00 1 4682.470
2009 09 03 10 00 00 1 4682.494
2009 09 03 10 15 00 1 4682.519
2009 09 03 10 30 00 1 4682.541
2009 09 03 10 45 00 1 4682.565
2009 09 03 11 00 00 1 4682.587
2009 09 03 11 15 00 1 4682.607
2009 09 03 11 30 00 1 4682.626
2009 09 03 11 45 00 1 4682.644
2009 09 03 12 00 00 1 4682.661
2009 09 03 12 15 00 1 4682.677
2009 09 03 12 30 00 1 4682.687
2009 09 03 12 45 00 1 4682.695
2009 09 03 13 00 00 1 4682.694
2009 09 03 13 15 00 1 4682.690
2009 09 03 13 30 00 1 4682.689
2009 09 03 13 45 00 1 4682.682
2009 09 03 14 00 00 1 4682.670
2009 09 03 14 15 00 1 4682.657
2009 09 03 14 30 00 1 4682.642
2009 09 03 14 45 00 1 4682.624
2009 09 03 15 00 00 1 4682.605
2009 09 03 15 15 00 1 4682.584
2009 09 03 15 30 00 1 4682.561
2009 09 03 15 45 00 1 4682.535
2009 09 03 16 00 00 1 4682.509
2009 09 03 16 15 00 1 4682.482
2009 09 03 16 30 00 1 4682.452
2009 09 03 16 45 00 1 4682.428
2009 09 03 17 00 00 1 4682.403
2009 09 03 17 15 00 1 4682.381
2009 09 03 17 30 00 1 4682.361
2009 09 03 17 45 00 1 4682.344
2009 09 03 18 00 00 1 4682.329
2009 09 03 18 15 00 1 4682.320
2009 09 03 18 30 00 1 4682.312
2009 09 03 18 45 00 1 4682.311
2009 09 03 19 00 00 1 4682.313
2009 09 03 19 15 00 1 4682.318
2009 09 03 19 30 00 1 4682.326
2009 09 03 19 45 00 1 4682.340
2009 09 03 20 00 00 1 4682.357
2009 09 03 20 15 00 1 4682.374
2009 09 03 20 30 00 1 4682.400
2009 09 03 20 45 00 1 4682.426
2009 09 03 21 00 00 1 4682.457
2009 09 03 21 15 00 1 4682.490
2009 09 03 21 30 00 1 4682.524
2009 09 03 21 45 00 1 4682.562
2009 09 03 22 00 00 1 4682.602
2009 09 03 22 15 00 1 4682.641
2009 09 03 22 30 00 1 4682.679
2009 09 03 22 45 00 1 4682.716
2009 09 03 23 00 00 1 4682.752
2009 09 03 23 15 00 1 4682.786
2009 09 03 23 30 00 1 4682.813
2009 09 03 23 45 00 1 4682.840
2009 09 04 00 00 00 1 4682.867
2009 09 04 00 15 00 1 4682.887
2009 09 04 00 30 00 1 4682.908
2009 09 04 00 45 00 1 4682.924
2009 09 04 01 00 00 1 4682.934
2009 09 04 01 15 00 1 4682.935
2009 09 04 01 30 00 1 4682.935
2009 09 04 01 45 00 1 4682.926
2009 09 04 02 00 00 1 4682.915
2009 09 04 02 15 00 1 4682.904
2009 09 04 02 30 00 1 4682.887
2009 09 04 02 45 00 1 4682.866
2009 09 04 03 00 00 1 4682.842
2009 09 04 03 15 00 1 4682.813
2009 09 04 03 30 00 1 4682.780
2009 09 04 03 45 00 1 4682.749
2009 09 04 04 00 00 1 4682.717
2009 09 04 04 15 00 1 4682.683
2009 09 04 04 30 00 1 4682.644
2009 09 04 04 45 00 1 4682.606
2009 09 04 05 00 00 1 4682.569
2009 09 04 05 15 00 1 4682.533
2009 09 04 05 30 00 1 4682.500
2009 09 04 05 45 00 1 4682.467
2009 09 04 06 00 00 1 4682.436
2009 09 04 06 15 00 1 4682.408
2009 09 04 06 30 00 1 4682.383
2009 09 04 06 45 00 1 4682.364
2009 09 04 07 00 00 1 4682.350
2009 09 04 07 15 00 1 4682.339
2009 09 04 07 30 00 1 4682.329
2009 09 04 07 45 00 1 4682.325
2009 09 04 08 00 00 1 4682.326
2009 09 04 08 15 00 1 4682.330
2009 09 04 08 30 00 1 4682.339
2009 09 04 08 45 00 1 4682.353
2009 09 04 09 00 00 1 4682.369
2009 09 04 09 15 00 1 4682.386
2009 09 04 09 30 00 1 4682.407
2009 09 04 09 45 00 1 4682.430
2009 09 04 10 00 00 1 4682.456
2009 09 04 10 15 00 1 4682.485
2009 09 04 10 30 00 1 4682.510
2009 09 04 10 45 00 1 4682.537
2009 09 04 11 00 00 1 4682.564
2009 09 04 11 15 00 1 4682.591
2009 09 04 11 30 00 1 4682.617
2009 09 04 11 45 00 1 4682.641
2009 09 04 12 00 00 1 4682.662
2009 09 04 12 15 00 1 4682.684
2009 09 04 12 30 00 1 4682.702
2009 09 04 12 45 00 1 4682.720
2009 09 04 13 00 00 1 4682.732
2009 09 04 13 15 00 1 4682.740
2009 09 04 13 30 00 1 4682.745
2009 09 04 13 45 00 1 4682.745
2009 09 04 14 00 00 1 4682.743
2009 09 04 14 15 00 1 4682.737
2009 09 04 14 30 00 1 4682.725
2009 09 04 14 45 00 1 4682.713
2009 09 04 15 00 00 1 4682.696
2009 09 04 15 15 00 1 4682.678
2009 09 04 15 30 00 1 4682.652
2009 09 04 15 45 00 1 4682.627
2009 09 04 16 00 00 1 4682.601
2009 09 04 16 15 00 1 4682.574
2009 09 04 16 30 00 1 4682.546
2009 09 04 16 45 00 1 4682.516
2009 09 04 17 00 00 1 4682.488
2009 09 04 17 15 00 1 4682.460
2009 09 04 17 30 00 1 4682.434
2009 09 04 17 45 00 1 4682.410
2009 09 04 18 00 00 1 4682.387
2009 09 04 18 15 00 1 4682.367
2009 09 04 18 30 00 1 4682.350
2009 09 04 18 45 00 1 4682.333
2009 09 04 19 00 00 1 4682.326
2009 09 04 19 15 00 1 4682.318
2009 09 04 19 30 00 1 4682.318
2009 09 04 19 45 00 1 4682.319
2009 09 04 20 00 00 1 4682.324
2009 09 04 20 15 00 1 4682.334
2009 09 04 20 30 00 1 4682.346
2009 09 04 20 45 00 1 4682.367
2009 09 04 21 00 00 1 4682.390
2009 09 04 21 15 00 1 4682.416
2009 09 04 21 30 00 1 4682.446
2009 09 04 21 45 00 1 4682.480
2009 09 04 22 00 00 1 4682.516
2009 09 04 22 15 00 1 4682.553
2009 09 04 22 30 00 1 4682.586
2009 09 04 22 45 00 1 4682.623
2009 09 04 23 00 00 1 4682.661
2009 09 04 23 15 00 1 4682.694
2009 09 04 23 30 00 1 4682.729
2009 09 04 23 45 00 1 4682.763
2009 09 05 00 00 00 1 4682.791
2009 09 05 00 15 00 1 4682.818
2009 09 05 00 30 00 1 4682.839
2009 09 05 00 45 00 1 4682.855
2009 09 05 01 00 00 1 4682.872
2009 09 05 01 15 00 1 4682.881
2009 09 05 01 30 00 1 4682.889
2009 09 05 01 45 00 1 4682.893
2009 09 05 02 00 00 1 4682.888
2009 09 05 02 15 00 1 4682.885
2009 09 05 02 30 00 1 4682.877
2009 09 05 02 45 00 1 4682.866
2009 09 05 03 00 00 1 4682.849
2009 09 05 03 15 00 1 4682.828
2009 09 05 03 30 00 1 4682.801
2009 09 05 03 45 00 1 4682.772
2009 09 05 04 00 00 1 4682.739
2009 09 05 04 15 00 1 4682.708
2009 09 05 04 30 00 1 4682.676
2009 09 05 04 45 00 1 4682.641
2009 09 05 05 00 00 1 4682.602
2009 09 05 05 15 00 1 4682.567
2009 09 05 05 30 00 1 4682.529
2009 09 05 05 45 00 1 4682.496
2009 09 05 06 00 00 1 4682.463
2009 09 05 06 15 00 1 4682.430
2009 09 05 06 30 00 1 4682.400
2009 09 05 06 45 00 1 4682.372
2009 09 05 07 00 00 1 4682.350
2009 09 05 07 15 00 1 4682.332
2009 09 05 07 30 00 1 4682.316
2009 09 05 07 45 00 1 4682.301
2009 09 05 08 00 00 1 4682.294
2009 09 05 08 15 00 1 4682.292
2009 09 05 08 30 00 1 4682.297
2009 09 05 08 45 00 1 4682.305
2009 09 05 09 00 00 1 4682.314
2009 09 05 09 15 00 1 4682.328
2009 09 05 09 30 00 1 4682.348
2009 09 05 09 45 00 1 4682.371
2009 09 05 10 00 00 1 4682.399
2009 09 05 10 15 00 1 4682.429
2009 09 05 10 30 00 1 4682.459
2009 09 05 10 45 00 1 4682.489
2009 09 05 11 00 00 1 4682.520
2009 09 05 11 15 00 1 4682.551
2009 09 05 11 30 00 1 4682.580
2009 09 05 11 45 00 1 4682.611
2009 09 05 12 00 00 1 4682.644
2009 09 05 12 15 00 1 4682.672
2009 09 05 12 30 00 1 4682.694
2009 09 05 12 45 00 1 4682.719
2009 09 05 13 00 00 1 4682.738
2009 09 05 13 15 00 1 4682.756
2009 09 05 13 30 00 1 4682.772
2009 09 05 13 45 00 1 4682.781
2009 09 05 14 00 00 1 4682.785
2009 09 05 14 15 00 1 4682.786
2009 09 05 14 30 00 1 4682.785
2009 09 05 14 45 00 1 4682.779
2009 09 05 15 00 00 1 4682.771
2009 09 05 15 15 00 1 4682.757
2009 09 05 15 30 00 1 4682.739
2009 09 05 15 45 00 1 4682.718
2009 09 05 16 00 00 1 4682.694
2009 09 05 16 15 00 1 4682.669
2009 09 05 16 30 00 1 4682.644
2009 09 05 16 45 00 1 4682.614
2009 09 05 17 00 00 1 4682.581
2009 09 05 17 15 00 1 4682.552
2009 09 05 17 30 00 1 4682.524
2009 09 05 17 45 00 1 4682.495
2009 09 05 18 00 00 1 4682.464
2009 09 05 18 15 00 1 4682.436
2009 09 05 18 30 00 1 4682.412
2009 09 05 18 45 00 1 4682.392
2009 09 05 19 00 00 1 4682.371
2009 09 05 19 15 00 1 4682.351
2009 09 05 19 30 00 1 4682.339
2009 09 05 19 45 00 1 4682.334
2009 09 05 20 00 00 1 4682.332
2009 09 05 20 15 00 1 4682.334
2009 09 05 20 30 00 1 4682.340
2009 09 05 20 45 00 1 4682.345
2009 09 05 21 00 00 1 4682.356
2009 09 05 21 15 00 1 4682.374
2009 09 05 21 30 00 1 4682.397
2009 09 05 21 45 00 1 4682.419
2009 09 05 22 00 00 1 4682.442
2009 09 05 22 15 00 1 4682.470
2009 09 05 22 30 00 1 4682.505
2009 09 05 22 45 00 1 4682.538
2009 09 05 23 00 00 1 4682.570
2009 09 05 23 15 00 1 4682.603
2009 09 05 23 30 00 1 4682.638
2009 09 05 23 45 00 1 4682.671
2009 09 06 00 00 00 1 4682.703
2009 09 06 00 15 00 1 4682.733
2009 09 06 00 30 00 1 4682.760
2009 09 06 00 45 00 1 4682.786
2009 09 06 01 00 00 1 4682.805
2009 09 06 01 15 00 1 4682.823
2009 09 06 01 30 00 1 4682.837
2009 09 06 01 45 00 1 4682.845
2009 09 06 02 00 00 1 4682.851
2009 09 06 02 15 00 1 4682.855
2009 09 06 02 30 00 1 4682.854
2009 09 06 02 45 00 1 4682.849
2009 09 06 03 00 00 1 4682.840
2009 09 06 03 15 00 1 4682.823
2009 09 06 03 30 00 1 4682.803
2009 09 06 03 45 00 1 4682.781
2009 09 06 04 00 00 1 4682.759
2009 09 06 04 15 00 1 4682.735
2009 09 06 04 30 00 1 4682.704
2009 09 06 04 45 00 1 4682.672
2009 09 06 05 00 00 1 4682.640
2009 09 06 05 15 00 1 4682.606
2009 09 06 05 30 00 1 4682.569
2009 09 06 05 45 00 1 4682.534
2009 09 06 06 00 00 1 4682.497
2009 09 06 06 15 00 1 4682.465
2009 09 06 06 30 00 1 4682.430
2009 09 06 06 45 00 1 4682.402
2009 09 06 07 00 00 1 4682.374
2009 09 06 07 15 00 1 4682.355
2009 09 06 07 30 00 1 4682.335
2009 09 06 07 45 00 1 4682.318
2009 09 06 08 00 00 1 4682.300
2009 09 06 08 15 00 1 4682.291
2009 09 06 08 30 00 1 4682.289
2009 09 06 08 45 00 1 4682.290
2009 09 06 09 00 00 1 4682.296
2009 09 06 09 15 00 1 4682.307
2009 09 06 09 30 00 1 4682.319
2009 09 06 09 45 00 1 4682.334
2009 09 06 10 00 00 1 4682.353
2009 09 06 10 15 00 1 4682.379
2009 09 06 10 30 00 1 4682.406
2009 09 06 10 45 00 1 4682.437
2009 09 06 11 00 00 1 4682.472
2009 09 06 11 15 00 1 4682.507
2009 09 06 11 30 00 1 4682.539
2009 09 06 11 45 00 1 4682.571
2009 09 06 12 00 00 1 4682.604
2009 09 06 12 15 00 1 4682.636
2009 09 06 12 30 00 1 4682.667
2009 09 06 12 45 00 1 4682.697
2009 09 06 13 00 00 1 4682.726
2009 09 06 13 15 00 1 4682.755
2009 09 06 13 30 00 1 4682.778
2009 09 06 13 45 00 1 4682.796
2009 09 06 14 00 00 1 4682.813
2009 09 06 14 15 00 1 4682.822
2009 09 06 14 30 00 1 4682.829
2009 09 06 14 45 00 1 4682.837
2009 09 06 15 00 00 1 4682.840
2009 09 06 15 15 00 1 4682.835
2009 09 06 15 30 00 1 4682.825
2009 09 06 15 45 00 1 4682.818
2009 09 06 16 00 00 1 4682.797
2009 09 06 16 15 00 1 4682.776
2009 09 06 16 30 00 1 4682.755
2009 09 06 16 45 00 1 4682.732
2009 09 06 17 00 00 1 4682.703
2009 09 06 17 15 00 1 4682.674
2009 09 06 17 30 00 1 4682.644
2009 09 06 17 45 00 1 4682.616
2009 09 06 18 00 00 1 4682.587
2009 09 06 18 15 00 1 4682.557
2009 09 06 18 30 00 1 4682.532
2009 09 06 18 45 00 1 4682.507
2009 09 06 19 00 00 1 4682.480
2009 09 06 19 15 00 1 4682.455
2009 09 06 19 30 00 1 4682.436
2009 09 06 19 45 00 1 4682.415
2009 09 06 20 00 00 1 4682.401
2009 09 06 20 15 00 1 4682.391
2009 09 06 20 30 00 1 4682.382
2009 09 06 20 45 00 1 4682.382
2009 09 06 21 00 00 1 4682.381
2009 09 06 21 15 00 1 4682.383
2009 09 06 21 30 00 1 4682.390
2009 09 06 21 45 00 1 4682.402
2009 09 06 22 00 00 1 4682.415
2009 09 06 22 15 00 1 4682.440
2009 09 06 22 30 00 1 4682.464
2009 09 06 22 45 00 1 4682.488
2009 09 06 23 00 00 1 4682.516
2009 09 06 23 15 00 1 4682.546
2009 09 06 23 30 00 1 4682.573
2009 09 06 23 45 00 1 4682.601
2009 09 07 00 00 00 1 4682.630
2009 09 07 00 15 00 1 4682.660
2009 09 07 00 30 00 1 4682.691
2009 09 07 00 45 00 1 4682.715
2009 09 07 01 00 00 1 4682.740
2009 09 07 01 15 00 1 4682.762
2009 09 07 01 30 00 1 4682.781
2009 09 07 01 45 00 1 4682.793
2009 09 07 02 00 00 1 4682.805
2009 09 07 02 15 00 1 4682.813
2009 09 07 02 30 00 1 4682.814
2009 09 07 02 45 00 1 4682.815
2009 09 07 03 00 00 1 4682.813
2009 09 07 03 15 00 1 4682.805
2009 09 07 03 30 00 1 4682.796
2009 09 07 03 45 00 1 4682.783
2009 09 07 04 00 00 1 4682.768
2009 09 07 04 15 00 1 4682.747
2009 09 07 04 30 00 1 4682.725
2009 09 07 04 45 00 1 4682.702
2009 09 07 05 00 00 1 4682.676
2009 09 07 05 15 00 1 4682.644
2009 09 07 05 30 00 1 4682.614
2009 09 07 05 45 00 1 4682.581
2009 09 07 06 00 00 1 4682.548
2009 09 07 06 15 00 1 4682.514
2009 09 07 06 30 00 1 4682.483
2009 09 07 06 45 00 1 4682.452
2009 09 07 07 00 00 1 4682.421
2009 09 07 07 15 00 1 4682.393
2009 09 07 07 30 00 1 4682.371
2009 09 07 07 45 00 1 4682.351
2009 09 07 08 00 00 1 4682.329
2009 09 07 08 15 00 1 4682.315
2009 09 07 08 30 00 1 4682.306
2009 09 07 08 45 00 1 4682.299
2009 09 07 09 00 00 1 4682.295
2009 09 07 09 15 00 1 4682.296
2009 09 07 09 30 00 1 4682.304
2009 09 07 09 45 00 1 4682.313
2009 09 07 10 00 00 1 4682.328
2009 09 07 10 15 00 1 4682.347
2009 09 07 10 30 00 1 4682.368
2009 09 07 10 45 00 1 4682.392
2009 09 07 11 00 00 1 4682.421
2009 09 07 11 15 00 1 4682.451
2009 09 07 11 30 00 1 4682.482
2009 09 07 11 45 00 1 4682.517
2009 09 07 12 00 00 1 4682.550
2009 09 07 12 15 00 1 4682.584
2009 09 07 12 30 00 1 4682.621
2009 09 07 12 45 00 1 4682.660
2009 09 07 13 00 00 1 4682.695
2009 09 07 13 15 00 1 4682.723
2009 09 07 13 30 00 1 4682.752
2009 09 07 13 45 00 1 4682.780
2009 09 07 14 00 00 1 4682.807
2009 09 07 14 15 00 1 4682.830
2009 09 07 14 30 00 1 4682.849
2009 09 07 14 45 00 1 4682.865
2009 09 07 15 00 00 1 4682.875
2009 09 07 15 15 00 1 4682.883
2009 09 07 15 30 00 1 4682.885
2009 09 07 15 45 00 1 4682.879
2009 09 07 16 00 00 1 4682.869
2009 09 07 16 15 00 1 4682.859
2009 09 07 16 30 00 1 4682.844
2009 09 07 16 45 00 1 4682.828
2009 09 07 17 00 00 1 4682.810
2009 09 07 17 15 00 1 4682.791
2009 09 07 17 30 00 1 4682.764
2009 09 07 17 45 00 1 4682.738
2009 09 07 18 00 00 1 4682.715
2009 09 07 18 15 00 1 4682.686
2009 09 07 18 30 00 1 4682.660
2009 09 07 18 45 00 1 4682.631
2009 09 07 19 00 00 1 4682.601
2009 09 07 19 15 00 1 4682.572
2009 09 07 19 30 00 1 4682.546
2009 09 07 19 45 00 1 4682.521
2009 09 07 20 00 00 1 4682.502
2009 09 07 20 15 00 1 4682.479
2009 09 07 20 30 00 1 4682.462
2009 09 07 20 45 00 1 4682.448
2009 09 07 21 00 00 1 4682.435
2009 09 07 21 15 00 1 4682.427
2009 09 07 21 30 00 1 4682.425
2009 09 07 21 45 00 1 4682.425
2009 09 07 22 00 00 1 4682.428
2009 09 07 22 15 00 1 4682.437
2009 09 07 22 30 00 1 4682.447
2009 09 07 22 45 00 1 4682.456
2009 09 07 23 00 00 1 4682.472
2009 09 07 23 15 00 1 4682.493
2009 09 07 23 30 00 1 4682.514
2009 09 07 23 45 00 1 4682.537
2009 09 08 00 00 00 1 4682.556
2009 09 08 00 15 00 1 4682.578
2009 09 08 00 30 00 1 4682.600
2009 09 08 00 45 00 1 4682.623
2009 09 08 01 00 00 1 4682.645
2009 09 08 01 15 00 1 4682.668
2009 09 08 01 30 00 1 4682.687
2009 09 08 01 45 00 1 4682.705
2009 09 08 02 00 00 1 4682.721
2009 09 08 02 15 00 1 4682.733
2009 09 08 02 30 00 1 4682.740
2009 09 08 02 45 00 1 4682.748
2009 09 08 03 00 00 1 4682.752
2009 09 08 03 15 00 1 4682.753
2009 09 08 03 30 00 1 4682.752
2009 09 08 03 45 00 1 4682.748
2009 09 08 04 00 00 1 4682.739
2009 09 08 04 15 00 1 4682.726
2009 09 08 04 30 00 1 4682.708
2009 09 08 04 45 00 1 4682.692
2009 09 08 05 00 00 1 4682.674
2009 09 08 05 15 00 1 4682.650
2009 09 08 05 30 00 1 4682.629
2009 09 08 05 45 00 1 4682.604
2009 09 08 06 00 00 1 4682.575
2009 09 08 06 15 00 1 4682.547
2009 09 08 06 30 00 1 4682.517
2009 09 08 06 45 00 1 4682.489
2009 09 08 07 00 00 1 4682.456
2009 09 08 07 15 00 1 4682.428
2009 09 08 07 30 00 1 4682.398
2009 09 08 07 45 00 1 4682.376
2009 09 08 08 00 00 1 4682.353
2009 09 08 08 15 00 1 4682.333
2009 09 08 08 30 00 1 4682.317
2009 09 08 08 45 00 1 4682.302
2009 09 08 09 00 00 1 4682.291
2009 09 08 09 15 00 1 4682.287
2009 09 08 09 30 00 1 4682.286
2009 09 08 09 45 00 1 4682.288
2009 09 08 10 00 00 1 4682.297
2009 09 08 10 15 00 1 4682.310
2009 09 08 10 30 00 1 4682.325
2009 09 08 10 45 00 1 4682.344
2009 09 08 11 00 00 1 4682.365
2009 09 08 11 15 00 1 4682.390
2009 09 08 11 30 00 1 4682.420
2009 09 08 11 45 00 1 4682.447
2009 09 08 12 00 00 1 4682.478
2009 09 08 12 15 00 1 4682.511
2009 09 08 12 30 00 1 4682.547
2009 09 08 12 45 00 1 4682.583
2009 09 08 13 00 00 1 4682.617
2009 09 08 13 15 00 1 4682.651
2009 09 08 13 30 00 1 4682.685
2009 09 08 13 45 00 1 4682.719
2009 09 08 14 00 00 1 4682.752
2009 09 08 14 15 00 1 4682.781
2009 09 08 14 30 00 1 4682.805
2009 09 08 14 45 00 1 4682.827
2009 09 08 15 00 00 1 4682.848
2009 09 08 15 15 00 1 4682.867
2009 09 08 15 30 00 1 4682.880
2009 09 08 15 45 00 1 4682.890
2009 09 08 16 00 00 1 4682.894
2009 09 08 16 15 00 1 4682.892
2009 09 08 16 30 00 1 4682.889
2009 09 08 16 45 00 1 4682.883
2009 09 08 17 00 00 1 4682.873
2009 09 08 17 15 00 1 4682.865
2009 09 08 17 30 00 1 4682.856
2009 09 08 17 45 00 1 4682.841
2009 09 08 18 00 00 1 4682.819
2009 09 08 18 15 00 1 4682.796
2009 09 08 18 30 00 1 4682.772
2009 09 08 18 45 00 1 4682.747
2009 09 08 19 00 00 1 4682.718
2009 09 08 19 15 00 1 4682.689
2009 09 08 19 30 00 1 4682.664
2009 09 08 19 45 00 1 4682.638
2009 09 08 20 00 00 1 4682.613
2009 09 08 20 15 00 1 4682.589
2009 09 08 20 30 00 1 4682.564
2009 09 08 20 45 00 1 4682.540
2009 09 08 21 00 00 1 4682.520
2009 09 08 21 15 00 1 4682.504
2009 09 08 21 30 00 1 4682.487
2009 09 08 21 45 00 1 4682.473
2009 09 08 22 00 00 1 4682.465
2009 09 08 22 15 00 1 4682.464
2009 09 08 22 30 00 1 4682.464
2009 09 08 22 45 00 1 4682.463
2009 09 08 23 00 00 1 4682.466
2009 09 08 23 15 00 1 4682.471
2009 09 08 23 30 00 1 4682.477
2009 09 08 23 45 00 1 4682.487
2009 09 09 00 00 00 1 4682.497
2009 09 09 00 15 00 1 4682.511
2009 09 09 00 30 00 1 4682.526
2009 09 09 00 45 00 1 4682.540
2009 09 09 01 00 00 1 4682.559
2009 09 09 01 15 00 1 4682.576
2009 09 09 01 30 00 1 4682.591
2009 09 09 01 45 00 1 4682.608
2009 09 09 02 00 00 1 4682.626
2009 09 09 02 15 00 1 4682.642
2009 09 09 02 30 00 1 4682.651
2009 09 09 02 45 00 1 4682.664
2009 09 09 03 00 00 1 4682.674
2009 09 09 03 15 00 1 4682.680
2009 09 09 03 30 00 1 4682.682
2009 09 09 03 45 00 1 4682.684
2009 09 09 04 00 00 1 4682.684
2009 09 09 04 15 00 1 4682.679
2009 09 09 04 30 00 1 4682.673
2009 09 09 04 45 00 1 4682.664
2009 09 09 05 00 00 1 4682.652
2009 09 09 05 15 00 1 4682.639
2009 09 09 05 30 00 1 4682.619
2009 09 09 05 45 00 1 4682.601
2009 09 09 06 00 00 1 4682.581
2009 09 09 06 15 00 1 4682.559
2009 09 09 06 30 00 1 4682.534
2009 09 09 06 45 00 1 4682.510
2009 09 09 07 00 00 1 4682.484
2009 09 09 07 15 00 1 4682.464
2009 09 09 07 30 00 1 4682.442
2009 09 09 07 45 00 1 4682.417
2009 09 09 08 00 00 1 4682.397
2009 09 09 08 15 00 1 4682.375
2009 09 09 08 30 00 1 4682.354
2009 09 09 08 45 00 1 4682.337
2009 09 09 09 00 00 1 4682.320
2009 09 09 09 15 00 1 4682.310
2009 09 09 09 30 00 1 4682.300
2009 09 09 09 45 00 1 4682.294
2009 09 09 10 00 00 1 4682.291
2009 09 09 10 15 00 1 4682.295
2009 09 09 10 30 00 1 4682.303
2009 09 09 10 45 00 1 4682.311
2009 09 09 11 00 00 1 4682.322
2009 09 09 11 15 00 1 4682.338
2009 09 09 11 30 00 1 4682.357
2009 09 09 11 45 00 1 4682.380
2009 09 09 12 00 00 1 4682.407
2009 09 09 12 15 00 1 4682.436
2009 09 09 12 30 00 1 4682.464
2009 09 09 12 45 00 1 4682.498
2009 09 09 13 00 00 1 4682.532
2009 09 09 13 15 00 1 4682.567
2009 09 09 13 30 00 1 4682.602
2009 09 09 13 45 00 1 4682.634
2009 09 09 14 00 00 1 4682.667
2009 09 09 14 15 00 1 4682.702
2009 09 09 14 30 00 1 4682.737
2009 09 09 14 45 00 1 4682.768
2009 09 09 15 00 00 1 4682.798
2009 09 09 15 15 00 1 4682.824
2009 09 09 15 30 00 1 4682.846
2009 09 09 15 45 00 1 4682.868
2009 09 09 16 00 00 1 4682.881
2009 09 09 16 15 00 1 4682.891
2009 09 09 16 30 00 1 4682.898
2009 09 09 16 45 00 1 4682.902
2009 09 09 17 00 00 1 4682.907
2009 09 09 17 15 00 1 4682.906
2009 09 09 17 30 00 1 4682.903
2009 09 09 17 45 00 1 4682.896
2009 09 09 18 00 00 1 4682.890
2009 09 09 18 15 00 1 4682.876
2009 09 09 18 30 00 1 4682.862
2009 09 09 18 45 00 1 4682.844
2009 09 09 19 00 00 1 4682.827
2009 09 09 19 15 00 1 4682.810
2009 09 09 19 30 00 1 4682.789
2009 09 09 19 45 00 1 4682.764
2009 09 09 20 00 00 1 4682.740
2009 09 09 20 15 00 1 4682.714
2009 09 09 20 30 00 1 4682.687
2009 09 09 20 45 00 1 4682.660
2009 09 09 21 00 00 1 4682.632
2009 09 09 21 15 00 1 4682.607
2009 09 09 21 30 00 1 4682.585
2009 09 09 21 45 00 1 4682.568
2009 09 09 22 00 00 1 4682.550
2009 09 09 22 15 00 1 4682.540
2009 09 09 22 30 00 1 4682.527
2009 09 09 22 45 00 1 4682.517
2009 09 09 23 00 00 1 4682.507
2009 09 09 23 15 00 1 4682.497
2009 09 09 23 30 00 1 4682.495
2009 09 09 23 45 00 1 4682.495
2009 09 10 00 00 00 1 4682.497
2009 09 10 00 15 00 1 4682.498
2009 09 10 00 30 00 1 4682.500
2009 09 10 00 45 00 1 4682.510
2009 09 10 01 00 00 1 4682.521
2009 09 10 01 15 00 1 4682.527
2009 09 10 01 30 00 1 4682.539
2009 09 10 01 45 00 1 4682.550
2009 09 10 02 00 00 1 4682.558
2009 09 10 02 15 00 1 4682.570
2009 09 10 02 30 00 1 4682.583
2009 09 10 02 45 00 1 4682.594
2009 09 10 03 00 00 1 4682.604
2009 09 10 03 15 00 1 4682.610
2009 09 10 03 30 00 1 4682.617
2009 09 10 03 45 00 1 4682.623
2009 09 10 04 00 00 1 4682.626
2009 09 10 04 15 00 1 4682.628
2009 09 10 04 30 00 1 4682.627
2009 09 10 04 45 00 1 4682.624
2009 09 10 05 00 00 1 4682.620
2009 09 10 05 15 00 1 4682.615
2009 09 10 05 30 00 1 4682.609
2009 09 10 05 45 00 1 4682.600
2009 09 10 06 00 00 1 4682.585
2009 09 10 06 15 00 1 4682.569
2009 09 10 06 30 00 1 4682.555
2009 09 10 06 45 00 1 4682.537
2009 09 10 07 00 00 1 4682.519
2009 09 10 07 15 00 1 4682.501
2009 09 10 07 30 00 1 4682.479
2009 09 10 07 45 00 1 4682.455
2009 09 10 08 00 00 1 4682.437
2009 09 10 08 15 00 1 4682.417
2009 09 10 08 30 00 1 4682.399
2009 09 10 08 45 00 1 4682.383
2009 09 10 09 00 00 1 4682.367
2009 09 10 09 15 00 1 4682.354
2009 09 10 09 30 00 1 4682.342
2009 09 10 09 45 00 1 4682.331
2009 09 10 10 00 00 1 4682.324
2009 09 10 10 15 00 1 4682.317
2009 09 10 10 30 00 1 4682.314
2009 09 10 10 45 00 1 4682.313
2009 09 10 11 00 00 1 4682.315
2009 09 10 11 15 00 1 4682.319
2009 09 10 11 30 00 1 4682.330
2009 09 10 11 45 00 1 4682.345
2009 09 10 12 00 00 1 4682.364
2009 09 10 12 15 00 1 4682.383
2009 09 10 12 30 00 1 4682.406
2009 09 10 12 45 00 1 4682.431
2009 09 10 13 00 00 1 4682.458
2009 09 10 13 15 00 1 4682.486
2009 09 10 13 30 00 1 4682.518
2009 09 10 13 45 00 1 4682.548
2009 09 10 14 00 00 1 4682.581
2009 09 10 14 15 00 1 4682.616
2009 09 10 14 30 00 1 4682.649
2009 09 10 14 45 00 1 4682.683
2009 09 10 15 00 00 1 4682.717
2009 09 10 15 15 00 1 4682.745
2009 09 10 15 30 00 1 4682.774
2009 09 10 15 45 00 1 4682.800
2009 09 10 16 00 00 1 4682.821
2009 09 10 16 15 00 1 4682.844
2009 09 10 16 30 00 1 4682.863
2009 09 10 16 45 00 1 4682.878
2009 09 10 17 00 00 1 4682.893
2009 09 10 17 15 00 1 4682.907
2009 09 10 17 30 00 1 4682.917
2009 09 10 17 45 00 1 4682.923
2009 09 10 18 00 00 1 4682.927
2009 09 10 18 15 00 1 4682.930
2009 09 10 18 30 00 1 4682.928
2009 09 10 18 45 00 1 4682.925
2009 09 10 19 00 00 1 4682.917
2009 09 10 19 15 00 1 4682.907
2009 09 10 19 30 00 1 4682.892
2009 09 10 19 45 00 1 4682.876
2009 09 10 20 00 00 1 4682.864
2009 09 10 20 15 00 1 4682.844
2009 09 10 20 30 00 1 4682.824
2009 09 10 20 45 00 1 4682.804
2009 09 10 21 00 00 1 4682.782
2009 09 10 21 15 00 1 4682.757
2009 09 10 21 30 00 1 4682.734
2009 09 10 21 45 00 1 4682.709
2009 09 10 22 00 00 1 4682.690
2009 09 10 22 15 00 1 4682.668
2009 09 10 22 30 00 1 4682.649
2009 09 10 22 45 00 1 4682.633
2009 09 10 23 00 00 1 4682.616
2009 09 10 23 15 00 1 4682.598
2009 09 10 23 30 00 1 4682.583
2009 09 10 23 45 00 1 4682.569
2009 09 11 00 00 00 1 4682.556
2009 09 11 00 15 00 1 4682.546
2009 09 11 00 30 00 1 4682.541
2009 09 11 00 45 00 1 4682.536
2009 09 11 01 00 00 1 4682.527
2009 09 11 01 15 00 1 4682.525
2009 09 11 01 30 00 1 4682.528
2009 09 11 01 45 00 1 4682.529
2009 09 11 02 00 00 1 4682.530
2009 09 11 02 15 00 1 4682.534
2009 09 11 02 30 00 1 4682.539
2009 09 11 02 45 00 1 4682.540
2009 09 11 03 00 00 1 4682.545
2009 09 11 03 15 00 1 4682.552
2009 09 11 03 30 00 1 4682.559
2009 09 11 03 45 00 1 4682.560
2009 09 11 04 00 00 1 4682.566
2009 09 11 04 15 00 1 4682.571
2009 09 11 04 30 00 1 4682.574
2009 09 11 04 45 00 1 4682.574
2009 09 11 05 00 00 1 4682.578
2009 09 11 05 15 00 1 4682.579
2009 09 11 05 30 00 1 4682.576
2009 09 11 05 45 00 1 4682.576
2009 09 11 06 00 00 1 4682.570
2009 09 11 06 15 00 1 4682.565
2009 09 11 06 30 00 1 4682.561
2009 09 11 06 45 00 1 4682.552
2009 09 11 07 00 00 1 4682.540
2009 09 11 07 15 00 1 4682.531
2009 09 11 07 30 00 1 4682.520
2009 09 11 07 45 00 1 4682.508
2009 09 11 08 00 00 1 4682.490
2009 09 11 08 15 00 1 4682.474
2009 09 11 08 30 00 1 4682.458
2009 09 11 08 45 00 1 4682.443
2009 09 11 09 00 00 1 4682.428
2009 09 11 09 15 00 1 4682.414
2009 09 11 09 30 00 1 4682.399
2009 09 11 09 45 00 1 4682.388
2009 09 11 10 00 00 1 4682.374
2009 09 11 10 15 00 1 4682.363
2009 09 11 10 30 00 1 4682.357
2009 09 11 10 45 00 1 4682.346
2009 09 11 11 00 00 1 4682.340
2009 09 11 11 15 00 1 4682.336
2009 09 11 11 30 00 1 4682.333
2009 09 11 11 45 00 1 4682.333
2009 09 11 12 00 00 1 4682.343
2009 09 11 12 15 00 1 4682.352
2009 09 11 12 30 00 1 4682.363
2009 09 11 12 45 00 1 4682.377
2009 09 11 13 00 00 1 4682.391
2009 09 11 13 15 00 1 4682.410
2009 09 11 13 30 00 1 4682.433
2009 09 11 13 45 00 1 4682.456
2009 09 11 14 00 00 1 4682.481
2009 09 11 14 15 00 1 4682.507
2009 09 11 14 30 00 1 4682.536
2009 09 11 14 45 00 1 4682.566
2009 09 11 15 00 00 1 4682.594
2009 09 11 15 15 00 1 4682.621
2009 09 11 15 30 00 1 4682.651
2009 09 11 15 45 00 1 4682.679
2009 09 11 16 00 00 1 4682.710
2009 09 11 16 15 00 1 4682.736
2009 09 11 16 30 00 1 4682.762
2009 09 11 16 45 00 1 4682.787
2009 09 11 17 00 00 1 4682.810
2009 09 11 17 15 00 1 4682.832
2009 09 11 17 30 00 1 4682.851
2009 09 11 17 45 00 1 4682.869
2009 09 11 18 00 00 1 4682.887
2009 09 11 18 15 00 1 4682.902
2009 09 11 18 30 00 1 4682.914
2009 09 11 18 45 00 1 4682.927
2009 09 11 19 00 00 1 4682.932
2009 09 11 19 15 00 1 4682.937
2009 09 11 19 30 00 1 4682.941
2009 09 11 19 45 00 1 4682.939
2009 09 11 20 00 00 1 4682.936
2009 09 11 20 15 00 1 4682.928
2009 09 11 20 30 00 1 4682.920
2009 09 11 20 45 00 1 4682.910
2009 09 11 21 00 00 1 4682.896
2009 09 11 21 15 00 1 4682.876
2009 09 11 21 30 00 1 4682.861
2009 09 11 21 45 00 1 4682.844
2009 09 11 22 00 00 1 4682.823
2009 09 11 22 15 00 1 4682.797
2009 09 11 22 30 00 1 4682.778
2009 09 11 22 45 00 1 4682.759
2009 09 11 23 00 00 1 4682.739
2009 09 11 23 15 00 1 4682.717
2009 09 11 23 30 00 1 4682.694
2009 09 11 23 45 00 1 4682.670
2009 09 12 00 00 00 1 4682.649
2009 09 12 00 15 00 1 4682.630
2009 09 12 00 30 00 1 4682.612
2009 09 12 00 45 00 1 4682.593
2009 09 12 01 00 00 1 4682.576
2009 09 12 01 15 00 1 4682.562
2009 09 12 01 30 00 1 4682.552
2009 09 12 01 45 00 1 4682.541
2009 09 12 02 00 00 1 4682.532
2009 09 12 02 15 00 1 4682.524
2009 09 12 02 30 00 1 4682.520
2009 09 12 02 45 00 1 4682.513
2009 09 12 03 00 00 1 4682.509
2009 09 12 03 15 00 1 4682.508
2009 09 12 03 30 00 1 4682.508
2009 09 12 03 45 00 1 4682.506
2009 09 12 04 00 00 1 4682.511
2009 09 12 04 15 00 1 4682.513
2009 09 12 04 30 00 1 4682.516
2009 09 12 04 45 00 1 4682.522
2009 09 12 05 00 00 1 4682.522
2009 09 12 05 15 00 1 4682.524
2009 09 12 05 30 00 1 4682.526
2009 09 12 05 45 00 1 4682.530
2009 09 12 06 00 00 1 4682.535
2009 09 12 06 15 00 1 4682.535
2009 09 12 06 30 00 1 4682.534
2009 09 12 06 45 00 1 4682.534
2009 09 12 07 00 00 1 4682.535
2009 09 12 07 15 00 1 4682.536
2009 09 12 07 30 00 1 4682.534
2009 09 12 07 45 00 1 4682.529
2009 09 12 08 00 00 1 4682.523
2009 09 12 08 15 00 1 4682.514
2009 09 12 08 30 00 1 4682.508
2009 09 12 08 45 00 1 4682.499
2009 09 12 09 00 00 1 4682.494
2009 09 12 09 15 00 1 4682.484
2009 09 12 09 30 00 1 4682.472
2009 09 12 09 45 00 1 4682.459
2009 09 12 10 00 00 1 4682.443
2009 09 12 10 15 00 1 4682.431
2009 09 12 10 30 00 1 4682.425
2009 09 12 10 45 00 1 4682.414
2009 09 12 11 00 00 1 4682.401
2009 09 12 11 15 00 1 4682.392
2009 09 12 11 30 00 1 4682.386
2009 09 12 11 45 00 1 4682.378
2009 09 12 12 00 00 1 4682.370
2009 09 12 12 15 00 1 4682.366
2009 09 12 12 30 00 1 4682.363
2009 09 12 12 45 00 1 4682.361
2009 09 12 13 00 00 1 4682.360
2009 09 12 13 15 00 1 4682.365
2009 09 12 13 30 00 1 4682.371
2009 09 12 13 45 00 1 4682.378
2009 09 12 14 00 00 1 4682.390
2009 09 12 14 15 00 1 4682.401
2009 09 12 14 30 00 1 4682.419
2009 09 12 14 45 00 1 4682.436
2009 09 12 15 00 00 1 4682.457
2009 09 12 15 15 00 1 4682.478
2009 09 12 15 30 00 1 4682.500
2009 09 12 15 45 00 1 4682.529
2009 09 12 16 00 00 1 4682.556
2009 09 12 16 15 00 1 4682.581
2009 09 12 16 30 00 1 4682.607
2009 09 12 16 45 00 1 4682.638
2009 09 12 17 00 00 1 4682.662
2009 09 12 17 15 00 1 4682.687
2009 09 12 17 30 00 1 4682.716
2009 09 12 17 45 00 1 4682.743
2009 09 12 18 00 00 1 4682.770
2009 09 12 18 15 00 1 4682.794
2009 09 12 18 30 00 1 4682.816
2009 09 12 18 45 00 1 4682.838
2009 09 12 19 00 00 1 4682.857
2009 09 12 19 15 00 1 4682.878
2009 09 12 19 30 00 1 4682.899
2009 09 12 19 45 00 1 4682.914
2009 09 12 20 00 00 1 4682.928
2009 09 12 20 15 00 1 4682.936
2009 09 12 20 30 00 1 4682.937
2009 09 12 20 45 00 1 4682.934
2009 09 12 21 00 00 1 4682.932
2009 09 12 21 15 00 1 4682.926
2009 09 12 21 30 00 1 4682.920
2009 09 12 21 45 00 1 4682.911
2009 09 12 22 00 00 1 4682.899
2009 09 12 22 15 00 1 4682.888
2009 09 12 22 30 00 1 4682.873
2009 09 12 22 45 00 1 4682.855
2009 09 12 23 00 00 1 4682.832
2009 09 12 23 15 00 1 4682.810
2009 09 12 23 30 00 1 4682.789
2009 09 12 23 45 00 1 4682.761
2009 09 13 00 00 00 1 4682.735
2009 09 13 00 15 00 1 4682.705
2009 09 13 00 30 00 1 4682.678
2009 09 13 00 45 00 1 4682.650
2009 09 13 01 00 00 1 4682.625
2009 09 13 01 15 00 1 4682.598
2009 09 13 01 30 00 1 4682.578
2009 09 13 01 45 00 1 4682.555
2009 09 13 02 00 00 1 4682.532
2009 09 13 02 15 00 1 4682.515
2009 09 13 02 30 00 1 4682.498
2009 09 13 02 45 00 1 4682.483
2009 09 13 03 00 00 1 4682.469
2009 09 13 03 15 00 1 4682.455
2009 09 13 03 30 00 1 4682.446
2009 09 13 03 45 00 1 4682.437
2009 09 13 04 00 00 1 4682.434
2009 09 13 04 15 00 1 4682.430
2009 09 13 04 30 00 1 4682.426
2009 09 13 04 45 00 1 4682.428
2009 09 13 05 00 00 1 4682.430
2009 09 13 05 15 00 1 4682.428
2009 09 13 05 30 00 1 4682.432
2009 09 13 05 45 00 1 4682.437
2009 09 13 06 00 00 1 4682.446
2009 09 13 06 15 00 1 4682.453
2009 09 13 06 30 00 1 4682.462
2009 09 13 06 45 00 1 4682.468
2009 09 13 07 00 00 1 4682.475
2009 09 13 07 15 00 1 4682.484
2009 09 13 07 30 00 1 4682.489
2009 09 13 07 45 00 1 4682.496
2009 09 13 08 00 00 1 4682.498
2009 09 13 08 15 00 1 4682.501
2009 09 13 08 30 00 1 4682.505
2009 09 13 08 45 00 1 4682.510
2009 09 13 09 00 00 1 4682.510
2009 09 13 09 15 00 1 4682.506
2009 09 13 09 30 00 1 4682.505
2009 09 13 09 45 00 1 4682.497
2009 09 13 10 00 00 1 4682.491
2009 09 13 10 15 00 1 4682.484
2009 09 13 10 30 00 1 4682.474
2009 09 13 10 45 00 1 4682.464
2009 09 13 11 00 00 1 4682.451
2009 09 13 11 15 00 1 4682.439
2009 09 13 11 30 00 1 4682.428
2009 09 13 11 45 00 1 4682.412
2009 09 13 12 00 00 1 4682.394
2009 09 13 12 15 00 1 4682.383
2009 09 13 12 30 00 1 4682.371
2009 09 13 12 45 00 1 4682.362
2009 09 13 13 00 00 1 4682.353
2009 09 13 13 15 00 1 4682.343
2009 09 13 13 30 00 1 4682.335
2009 09 13 13 45 00 1 4682.328
2009 09 13 14 00 00 1 4682.321
2009 09 13 14 15 00 1 4682.322
2009 09 13 14 30 00 1 4682.327
2009 09 13 14 45 00 1 4682.334
2009 09 13 15 00 00 1 4682.337
2009 09 13 15 15 00 1 4682.343
2009 09 13 15 30 00 1 4682.354
2009 09 13 15 45 00 1 4682.369
2009 09 13 16 00 00 1 4682.387
2009 09 13 16 15 00 1 4682.407
2009 09 13 16 30 00 1 4682.426
2009 09 13 16 45 00 1 4682.449
2009 09 13 17 00 00 1 4682.477
2009 09 13 17 15 00 1 4682.506
2009 09 13 17 30 00 1 4682.536
2009 09 13 17 45 00 1 4682.567
2009 09 13 18 00 00 1 4682.601
2009 09 13 18 15 00 1 4682.636
2009 09 13 18 30 00 1 4682.667
2009 09 13 18 45 00 1 4682.700
2009 09 13 19 00 00 1 4682.731
2009 09 13 19 15 00 1 4682.759
2009 09 13 19 30 00 1 4682.787
2009 09 13 19 45 00 1 4682.814
2009 09 13 20 00 00 1 4682.838
2009 09 13 20 15 00 1 4682.865
2009 09 13 20 30 00 1 4682.889
2009 09 13 20 45 00 1 4682.907
2009 09 13 21 00 00 1 4682.922
2009 09 13 21 15 00 1 4682.935
2009 09 13 21 30 00 1 4682.940
2009 09 13 21 45 00 1 4682.943
2009 09 13 22 00 00 1 4682.944
2009 09 13 22 15 00 1 4682.942
2009 09 13 22 30 00 1 4682.936
2009 09 13 22 45 00 1 4682.929
2009 09 13 23 00 00 1 4682.915
2009 09 13 23 15 00 1 4682.900
2009 09 13 23 30 00 1 4682.877
2009 09 13 23 45 00 1 4682.853
2009 09 14 00 00 00 1 4682.827
2009 09 14 00 15 00 1 4682.798
2009 09 14 00 30 00 1 4682.769
2009 09 14 00 45 00 1 4682.736
2009 09 14 01 00 00 1 4682.701
2009 09 14 01 15 00 1 4682.670
2009 09 14 01 30 00 1 4682.640
2009 09 14 01 45 00 1 4682.608
2009 09 14 02 00 00 1 4682.576
2009 09 14 02 15 00 1 4682.542
2009 09 14 02 30 00 1 4682.515
2009 09 14 02 45 00 1 4682.492
2009 09 14 03 00 00 1 4682.469
2009 09 14 03 15 00 1 4682.447
2009 09 14 03 30 00 1 4682.427
2009 09 14 03 45 00 1 4682.407
2009 09 14 04 00 00 1 4682.395
2009 09 14 04 15 00 1 4682.383
2009 09 14 04 30 00 1 4682.374
2009 09 14 04 45 00 1 4682.363
2009 09 14 05 00 00 1 4682.361
2009 09 14 05 15 00 1 4682.361
2009 09 14 05 30 00 1 4682.363
2009 09 14 05 45 00 1 4682.361
2009 09 14 06 00 00 1 4682.366
2009 09 14 06 15 00 1 4682.375
2009 09 14 06 30 00 1 4682.382
2009 09 14 06 45 00 1 4682.387
2009 09 14 07 00 00 1 4682.403
2009 09 14 07 15 00 1 4682.416
2009 09 14 07 30 00 1 4682.431
2009 09 14 07 45 00 1 4682.446
2009 09 14 08 00 00 1 4682.458
2009 09 14 08 15 00 1 4682.472
2009 09 14 08 30 00 1 4682.485
2009 09 14 08 45 00 1 4682.498
2009 09 14 09 00 00 1 4682.511
2009 09 14 09 15 00 1 4682.522
2009 09 14 09 30 00 1 4682.530
2009 09 14 09 45 00 1 4682.533
2009 09 14 10 00 00 1 4682.534
2009 09 14 10 15 00 1 4682.537
2009 09 14 10 30 00 1 4682.536
2009 09 14 10 45 00 1 4682.530
2009 09 14 11 00 00 1 4682.523
2009 09 14 11 15 00 1 4682.514
2009 09 14 11 30 00 1 4682.503
2009 09 14 11 45 00 1 4682.491
2009 09 14 12 00 00 1 4682.483
2009 09 14 12 15 00 1 4682.468
2009 09 14 12 30 00 1 4682.454
2009 09 14 12 45 00 1 4682.436
2009 09 14 13 00 00 1 4682.418
2009 09 14 13 15 00 1 4682.402
2009 09 14 13 30 00 1 4682.381
2009 09 14 13 45 00 1 4682.365
2009 09 14 14 00 00 1 4682.349
2009 09 14 14 15 00 1 4682.335
2009 09 14 14 30 00 1 4682.324
2009 09 14 14 45 00 1 4682.315
2009 09 14 15 00 00 1 4682.302
2009 09 14 15 15 00 1 4682.299
2009 09 14 15 30 00 1 4682.298
2009 09 14 15 45 00 1 4682.301
2009 09 14 16 00 00 1 4682.301
2009 09 14 16 15 00 1 4682.308
2009 09 14 16 30 00 1 4682.316
2009 09 14 16 45 00 1 4682.328
2009 09 14 17 00 00 1 4682.347
2009 09 14 17 15 00 1 4682.369
2009 09 14 17 30 00 1 4682.397
2009 09 14 17 45 00 1 4682.422
2009 09 14 18 00 00 1 4682.451
2009 09 14 18 15 00 1 4682.489
2009 09 14 18 30 00 1 4682.521
2009 09 14 18 45 00 1 4682.554
2009 09 14 19 00 00 1 4682.593
2009 09 14 19 15 00 1 4682.631
2009 09 14 19 30 00 1 4682.666
2009 09 14 19 45 00 1 4682.704
2009 09 14 20 00 00 1 4682.741
2009 09 14 20 15 00 1 4682.776
2009 09 14 20 30 00 1 4682.811
2009 09 14 20 45 00 1 4682.845
2009 09 14 21 00 00 1 4682.870
2009 09 14 21 15 00 1 4682.894
2009 09 14 21 30 00 1 4682.919
2009 09 14 21 45 00 1 4682.940
2009 09 14 22 00 00 1 4682.958
2009 09 14 22 15 00 1 4682.970
2009 09 14 22 30 00 1 4682.979
2009 09 14 22 45 00 1 4682.986
2009 09 14 23 00 00 1 4682.982
2009 09 14 23 15 00 1 4682.975
2009 09 14 23 30 00 1 4682.969
2009 09 14 23 45 00 1 4682.955
2009 09 15 00 00 00 1 4682.939
2009 09 15 00 15 00 1 4682.917
2009 09 15 00 30 00 1 4682.891
2009 09 15 00 45 00 1 4682.865
2009 09 15 01 00 00 1 4682.837
2009 09 15 01 15 00 1 4682.804
2009 09 15 01 30 00 1 4682.767
2009 09 15 01 45 00 1 4682.731
2009 09 15 02 00 00 1 4682.694
2009 09 15 02 15 00 1 4682.662
2009 09 15 02 30 00 1 4682.624
2009 09 15 02 45 00 1 4682.586
2009 09 15 03 00 00 1 4682.551
2009 09 15 03 15 00 1 4682.518
2009 09 15 03 30 00 1 4682.486
2009 09 15 03 45 00 1 4682.455
2009 09 15 04 00 00 1 4682.425
2009 09 15 04 15 00 1 4682.401
2009 09 15 04 30 00 1 4682.380
2009 09 15 04 45 00 1 4682.364
2009 09 15 05 00 00 1 4682.351
2009 09 15 05 15 00 1 4682.338
2009 09 15 05 30 00 1 4682.330
2009 09 15 05 45 00 1 4682.328
2009 09 15 06 00 00 1 4682.328
2009 09 15 06 15 00 1 4682.334
2009 09 15 06 30 00 1 4682.341
2009 09 15 06 45 00 1 4682.352
2009 09 15 07 00 00 1 4682.362
2009 09 15 07 15 00 1 4682.373
2009 09 15 07 30 00 1 4682.391
2009 09 15 07 45 00 1 4682.413
2009 09 15 08 00 00 1 4682.430
2009 09 15 08 15 00 1 4682.451
2009 09 15 08 30 00 1 4682.472
2009 09 15 08 45 00 1 4682.492
2009 09 15 09 00 00 1 4682.506
2009 09 15 09 15 00 1 4682.527
2009 09 15 09 30 00 1 4682.549
2009 09 15 09 45 00 1 4682.567
2009 09 15 10 00 00 1 4682.583
2009 09 15 10 15 00 1 4682.595
2009 09 15 10 30 00 1 4682.605
2009 09 15 10 45 00 1 4682.613
2009 09 15 11 00 00 1 4682.617
2009 09 15 11 15 00 1 4682.619
2009 09 15 11 30 00 1 4682.620
2009 09 15 11 45 00 1 4682.612
2009 09 15 12 00 00 1 4682.604
2009 09 15 12 15 00 1 4682.592
2009 09 15 12 30 00 1 4682.579
2009 09 15 12 45 00 1 4682.563
2009 09 15 13 00 00 1 4682.546
2009 09 15 13 15 00 1 4682.525
2009 09 15 13 30 00 1 4682.502
2009 09 15 13 45 00 1 4682.483
2009 09 15 14 00 00 1 4682.464
2009 09 15 14 15 00 1 4682.441
2009 09 15 14 30 00 1 4682.417
2009 09 15 14 45 00 1 4682.395
2009 09 15 15 00 00 1 4682.374
2009 09 15 15 15 00 1 4682.354
2009 09 15 15 30 00 1 4682.337
2009 09 15 15 45 00 1 4682.321
2009 09 15 16 00 00 1 4682.305
2009 09 15 16 15 00 1 4682.294
2009 09 15 16 30 00 1 4682.285
2009 09 15 16 45 00 1 4682.287
2009 09 15 17 00 00 1 4682.290
2009 09 15 17 15 00 1 4682.298
2009 09 15 17 30 00 1 4682.309
2009 09 15 17 45 00 1 4682.325
2009 09 15 18 00 00 1 4682.345
2009 09 15 18 15 00 1 4682.368
2009 09 15 18 30 00 1 4682.397
2009 09 15 18 45 00 1 4682.430
2009 09 15 19 00 00 1 4682.462
2009 09 15 19 15 00 1 4682.497
2009 09 15 19 30 00 1 4682.536
2009 09 15 19 45 00 1 4682.577
2009 09 15 20 00 00 1 4682.619
2009 09 15 20 15 00 1 4682.661
2009 09 15 20 30 00 1 4682.700
2009 09 15 20 45 00 1 4682.740
2009 09 15 21 00 00 1 4682.776
2009 09 15 21 15 00 1 4682.816
2009 09 15 21 30 00 1 4682.853
2009 09 15 21 45 00 1 4682.889
2009 09 15 22 00 00 1 4682.920
2009 09 15 22 15 00 1 4682.946
2009 09 15 22 30 00 1 4682.972
2009 09 15 22 45 00 1 4682.994
2009 09 15 23 00 00 1 4683.009
2009 09 15 23 15 00 1 4683.018
2009 09 15 23 30 00 1 4683.021
2009 09 15 23 45 00 1 4683.022
2009 09 16 00 00 00 1 4683.015
2009 09 16 00 15 00 1 4683.007
2009 09 16 00 30 00 1 4682.991
2009 09 16 00 45 00 1 4682.973
2009 09 16 01 00 00 1 4682.950
2009 09 16 01 15 00 1 4682.922
2009 09 16 01 30 00 1 4682.893
2009 09 16 01 45 00 1 4682.861
2009 09 16 02 00 00 1 4682.824
2009 09 16 02 15 00 1 4682.788
2009 09 16 02 30 00 1 4682.750
2009 09 16 02 45 00 1 4682.710
2009 09 16 03 00 00 1 4682.666
2009 09 16 03 15 00 1 4682.624
2009 09 16 03 30 00 1 4682.580
2009 09 16 03 45 00 1 4682.540
2009 09 16 04 00 00 1 4682.504
2009 09 16 04 15 00 1 4682.469
2009 09 16 04 30 00 1 4682.440
2009 09 16 04 45 00 1 4682.413
2009 09 16 05 00 00 1 4682.390
2009 09 16 05 15 00 1 4682.369
2009 09 16 05 30 00 1 4682.349
2009 09 16 05 45 00 1 4682.337
2009 09 16 06 00 00 1 4682.327
2009 09 16 06 15 00 1 4682.318
2009 09 16 06 30 00 1 4682.317
2009 09 16 06 45 00 1 4682.323
2009 09 16 07 00 00 1 4682.334
2009 09 16 07 15 00 1 4682.342
2009 09 16 07 30 00 1 4682.354
2009 09 16 07 45 00 1 4682.371
2009 09 16 08 00 00 1 4682.388
2009 09 16 08 15 00 1 4682.411
2009 09 16 08 30 00 1 4682.440
2009 09 16 08 45 00 1 4682.470
2009 09 16 09 00 00 1 4682.496
2009 09 16 09 15 00 1 4682.525
2009 09 16 09 30 00 1 4682.557
2009 09 16 09 45 00 1 4682.585
2009 09 16 10 00 00 1 4682.610
2009 09 16 10 15 00 1 4682.631
2009 09 16 10 30 00 1 4682.655
2009 09 16 10 45 00 1 4682.676
2009 09 16 11 00 00 1 4682.694
2009 09 16 11 15 00 1 4682.707
2009 09 16 11 30 00 1 4682.719
2009 09 16 11 45 00 1 4682.727
2009 09 16 12 00 00 1 4682.731
2009 09 16 12 15 00 1 4682.732
2009 09 16 12 30 00 1 4682.726
2009 09 16 12 45 00 1 4682.717
2009 09 16 13 00 00 1 4682.706
2009 09 16 13 15 00 1 4682.689
2009 09 16 13 30 00 1 4682.670
2009 09 16 13 45 00 1 4682.647
2009 09 16 14 00 00 1 4682.624
2009 09 16 14 15 00 1 4682.597
2009 09 16 14 30 00 1 4682.572
2009 09 16 14 45 00 1 4682.542
2009 09 16 15 00 00 1 4682.511
2009 09 16 15 15 00 1 4682.480
2009 09 16 15 30 00 1 4682.452
2009 09 16 15 45 00 1 4682.425
2009 09 16 16 00 00 1 4682.398
2009 09 16 16 15 00 1 4682.370
2009 09 16 16 30 00 1 4682.351
2009 09 16 16 45 00 1 4682.331
2009 09 16 17 00 00 1 4682.318
2009 09 16 17 15 00 1 4682.310
2009 09 16 17 30 00 1 4682.302
2009 09 16 17 45 00 1 4682.303
2009 09 16 18 00 00 1 4682.307
2009 09 16 18 15 00 1 4682.313
2009 09 16 18 30 00 1 4682.328
2009 09 16 18 45 00 1 4682.346
2009 09 16 19 00 00 1 4682.364
2009 09 16 19 15 00 1 4682.391
2009 09 16 19 30 00 1 4682.422
2009 09 16 19 45 00 1 4682.456
2009 09 16 20 00 00 1 4682.494
2009 09 16 20 15 00 1 4682.535
2009 09 16 20 30 00 1 4682.577
2009 09 16 20 45 00 1 4682.617
2009 09 16 21 00 00 1 4682.661
2009 09 16 21 15 00 1 4682.703
2009 09 16 21 30 00 1 4682.745
2009 09 16 21 45 00 1 4682.786
2009 09 16 22 00 00 1 4682.827
2009 09 16 22 15 00 1 4682.863
2009 09 16 22 30 00 1 4682.900
2009 09 16 22 45 00 1 4682.932
2009 09 16 23 00 00 1 4682.962
2009 09 16 23 15 00 1 4682.988
2009 09 16 23 30 00 1 4683.005
2009 09 16 23 45 00 1 4683.020
2009 09 17 00 00 00 1 4683.031
2009 09 17 00 15 00 1 4683.035
2009 09 17 00 30 00 1 4683.034
2009 09 17 00 45 00 1 4683.031
2009 09 17 01 00 00 1 4683.019
2009 09 17 01 15 00 1 4683.002
2009 09 17 01 30 00 1 4682.980
2009 09 17 01 45 00 1 4682.954
2009 09 17 02 00 00 1 4682.924
2009 09 17 02 15 00 1 4682.892
2009 09 17 02 30 00 1 4682.853
2009 09 17 02 45 00 1 4682.815
2009 09 17 03 00 00 1 4682.774
2009 09 17 03 15 00 1 4682.728
2009 09 17 03 30 00 1 4682.682
2009 09 17 03 45 00 1 4682.640
2009 09 17 04 00 00 1 4682.597
2009 09 17 04 15 00 1 4682.556
2009 09 17 04 30 00 1 4682.515
2009 09 17 04 45 00 1 4682.475
2009 09 17 05 00 00 1 4682.441
2009 09 17 05 15 00 1 4682.405
2009 09 17 05 30 00 1 4682.376
2009 09 17 05 45 00 1 4682.351
2009 09 17 06 00 00 1 4682.330
2009 09 17 06 15 00 1 4682.313
2009 09 17 06 30 00 1 4682.301
2009 09 17 06 45 00 1 4682.296
2009 09 17 07 00 00 1 4682.296
2009 09 17 07 15 00 1 4682.300
2009 09 17 07 30 00 1 4682.307
2009 09 17 07 45 00 1 4682.322
2009 09 17 08 00 00 1 4682.340
2009 09 17 08 15 00 1 4682.361
2009 09 17 08 30 00 1 4682.388
2009 09 17 08 45 00 1 4682.417
2009 09 17 09 00 00 1 4682.449
2009 09 17 09 15 00 1 4682.479
2009 09 17 09 30 00 1 4682.512
2009 09 17 09 45 00 1 4682.550
2009 09 17 10 00 00 1 4682.585
2009 09 17 10 15 00 1 4682.617
2009 09 17 10 30 00 1 4682.651
2009 09 17 10 45 00 1 4682.685
2009 09 17 11 00 00 1 4682.711
2009 09 17 11 15 00 1 4682.736
2009 09 17 11 30 00 1 4682.760
2009 09 17 11 45 00 1 4682.782
2009 09 17 12 00 00 1 4682.800
2009 09 17 12 15 00 1 4682.812
2009 09 17 12 30 00 1 4682.821
2009 09 17 12 45 00 1 4682.824
2009 09 17 13 00 00 1 4682.823
2009 09 17 13 15 00 1 4682.816
2009 09 17 13 30 00 1 4682.807
2009 09 17 13 45 00 1 4682.792
2009 09 17 14 00 00 1 4682.773
2009 09 17 14 15 00 1 4682.751
2009 09 17 14 30 00 1 4682.726
2009 09 17 14 45 00 1 4682.700
2009 09 17 15 00 00 1 4682.668
2009 09 17 15 15 00 1 4682.633
2009 09 17 15 30 00 1 4682.595
2009 09 17 15 45 00 1 4682.564
2009 09 17 16 00 00 1 4682.532
2009 09 17 16 15 00 1 4682.496
2009 09 17 16 30 00 1 4682.459
2009 09 17 16 45 00 1 4682.429
2009 09 17 17 00 00 1 4682.399
2009 09 17 17 15 00 1 4682.373
2009 09 17 17 30 00 1 4682.351
2009 09 17 17 45 00 1 4682.334
2009 09 17 18 00 00 1 4682.315
2009 09 17 18 15 00 1 4682.304
2009 09 17 18 30 00 1 4682.301
2009 09 17 18 45 00 1 4682.307
2009 09 17 19 00 00 1 4682.313
2009 09 17 19 15 00 1 4682.319
2009 09 17 19 30 00 1 4682.333
2009 09 17 19 45 00 1 4682.353
2009 09 17 20 00 00 1 4682.379
2009 09 17 20 15 00 1 4682.408
2009 09 17 20 30 00 1 4682.439
2009 09 17 20 45 00 1 4682.473
2009 09 17 21 00 00 1 4682.515
2009 09 17 21 15 00 1 4682.555
2009 09 17 21 30 00 1 4682.595
2009 09 17 21 45 00 1 4682.640
2009 09 17 22 00 00 1 4682.683
2009 09 17 22 15 00 1 4682.726
2009 09 17 22 30 00 1 4682.773
2009 09 17 22 45 00 1 4682.813
2009 09 17 23 00 00 1 4682.847
2009 09 17 23 15 00 1 4682.878
2009 09 17 23 30 00 1 4682.908
2009 09 17 23 45 00 1 4682.937
2009 09 18 00 00 00 1 4682.960
2009 09 18 00 15 00 1 4682.975
2009 09 18 00 30 00 1 4682.986
2009 09 18 00 45 00 1 4682.993
2009 09 18 01 00 00 1 4682.993
2009 09 18 01 15 00 1 4682.991
2009 09 18 01 30 00 1 4682.984
2009 09 18 01 45 00 1 4682.971
2009 09 18 02 00 00 1 4682.952
2009 09 18 02 15 00 1 4682.930
2009 09 18 02 30 00 1 4682.899
2009 09 18 02 45 00 1 4682.867
2009 09 18 03 00 00 1 4682.834
2009 09 18 03 15 00 1 4682.795
2009 09 18 03 30 00 1 4682.751
2009 09 18 03 45 00 1 4682.708
2009 09 18 04 00 00 1 4682.666
2009 09 18 04 15 00 1 4682.621
2009 09 18 04 30 00 1 4682.574
2009 09 18 04 45 00 1 4682.532
2009 09 18 05 00 00 1 4682.491
2009 09 18 05 15 00 1 4682.448
2009 09 18 05 30 00 1 4682.408
2009 09 18 05 45 00 1 4682.376
2009 09 18 06 00 00 1 4682.346
2009 09 18 06 15 00 1 4682.320
2009 09 18 06 30 00 1 4682.297
2009 09 18 06 45 00 1 4682.285
2009 09 18 07 00 00 1 4682.275
2009 09 18 07 15 00 1 4682.268
2009 09 18 07 30 00 1 4682.268
2009 09 18 07 45 00 1 4682.272
2009 09 18 08 00 00 1 4682.279
2009 09 18 08 15 00 1 4682.295
2009 09 18 08 30 00 1 4682.315
2009 09 18 08 45 00 1 4682.337
2009 09 18 09 00 00 1 4682.368
2009 09 18 09 15 00 1 4682.400
2009 09 18 09 30 00 1 4682.432
2009 09 18 09 45 00 1 4682.472
2009 09 18 10 00 00 1 4682.511
2009 09 18 10 15 00 1 4682.554
2009 09 18 10 30 00 1 4682.590
2009 09 18 10 45 00 1 4682.630
2009 09 18 11 00 00 1 4682.669
2009 09 18 11 15 00 1 4682.704
2009 09 18 11 30 00 1 4682.742
2009 09 18 11 45 00 1 4682.774
2009 09 18 12 00 00 1 4682.806
2009 09 18 12 15 00 1 4682.833
2009 09 18 12 30 00 1 4682.852
2009 09 18 12 45 00 1 4682.870
2009 09 18 13 00 00 1 4682.883
2009 09 18 13 15 00 1 4682.889
2009 09 18 13 30 00 1 4682.891
2009 09 18 13 45 00 1 4682.889
2009 09 18 14 00 00 1 4682.885
2009 09 18 14 15 00 1 4682.874
2009 09 18 14 30 00 1 4682.857
2009 09 18 14 45 00 1 4682.835
2009 09 18 15 00 00 1 4682.812
2009 09 18 15 15 00 1 4682.787
2009 09 18 15 30 00 1 4682.753
2009 09 18 15 45 00 1 4682.717
2009 09 18 16 00 00 1 4682.680
2009 09 18 16 15 00 1 4682.640
2009 09 18 16 30 00 1 4682.605
2009 09 18 16 45 00 1 4682.572
2009 09 18 17 00 00 1 4682.533
2009 09 18 17 15 00 1 4682.493
2009 09 18 17 30 00 1 4682.457
2009 09 18 17 45 00 1 4682.424
2009 09 18 18 00 00 1 4682.401
2009 09 18 18 15 00 1 4682.374
2009 09 18 18 30 00 1 4682.355
2009 09 18 18 45 00 1 4682.339
2009 09 18 19 00 00 1 4682.323
2009 09 18 19 15 00 1 4682.316
2009 09 18 19 30 00 1 4682.316
2009 09 18 19 45 00 1 4682.322
2009 09 18 20 00 00 1 4682.330
2009 09 18 20 15 00 1 4682.345
2009 09 18 20 30 00 1 4682.365
2009 09 18 20 45 00 1 4682.389
2009 09 18 21 00 00 1 4682.417
2009 09 18 21 15 00 1 4682.447
2009 09 18 21 30 00 1 4682.479
2009 09 18 21 45 00 1 4682.514
2009 09 18 22 00 00 1 4682.549
2009 09 18 22 15 00 1 4682.588
2009 09 18 22 30 00 1 4682.634
2009 09 18 22 45 00 1 4682.674
2009 09 18 23 00 00 1 4682.712
2009 09 18 23 15 00 1 4682.749
2009 09 18 23 30 00 1 4682.784
2009 09 18 23 45 00 1 4682.817
2009 09 19 00 00 00 1 4682.842
2009 09 19 00 15 00 1 4682.867
2009 09 19 00 30 00 1 4682.890
2009 09 19 00 45 00 1 4682.907
2009 09 19 01 00 00 1 4682.920
2009 09 19 01 15 00 1 4682.927
2009 09 19 01 30 00 1 4682.933
2009 09 19 01 45 00 1 4682.930
2009 09 19 02 00 00 1 4682.920
2009 09 19 02 15 00 1 4682.910
2009 09 19 02 30 00 1 4682.894
2009 09 19 02 45 00 1 4682.872
2009 09 19 03 00 00 1 4682.845
2009 09 19 03 15 00 1 4682.815
2009 09 19 03 30 00 1 4682.780
2009 09 19 03 45 00 1 4682.744
2009 09 19 04 00 00 1 4682.707
2009 09 19 04 15 00 1 4682.666
2009 09 19 04 30 00 1 4682.628
2009 09 19 04 45 00 1 4682.592
2009 09 19 05 00 00 1 4682.548
2009 09 19 05 15 00 1 4682.501
2009 09 19 05 30 00 1 4682.461
2009 09 19 05 45 00 1 4682.423
2009 09 19 06 00 00 1 4682.384
2009 09 19 06 15 00 1 4682.350
2009 09 19 06 30 00 1 4682.321
2009 09 19 06 45 00 1 4682.295
2009 09 19 07 00 00 1 4682.275
2009 09 19 07 15 00 1 4682.263
2009 09 19 07 30 00 1 4682.254
2009 09 19 07 45 00 1 4682.244
2009 09 19 08 00 00 1 4682.245
2009 09 19 08 15 00 1 4682.252
2009 09 19 08 30 00 1 4682.263
2009 09 19 08 45 00 1 4682.280
2009 09 19 09 00 00 1 4682.300
2009 09 19 09 15 00 1 4682.330
2009 09 19 09 30 00 1 4682.359
2009 09 19 09 45 00 1 4682.389
2009 09 19 10 00 00 1 4682.423
2009 09 19 10 15 00 1 4682.463
2009 09 19 10 30 00 1 4682.504
2009 09 19 10 45 00 1 4682.549
2009 09 19 11 00 00 1 4682.591
2009 09 19 11 15 00 1 4682.630
2009 09 19 11 30 00 1 4682.674
2009 09 19 11 45 00 1 4682.716
2009 09 19 12 00 00 1 4682.758
2009 09 19 12 15 00 1 4682.793
2009 09 19 12 30 00 1 4682.820
2009 09 19 12 45 00 1 4682.850
2009 09 19 13 00 00 1 4682.876
2009 09 19 13 15 00 1 4682.897
2009 09 19 13 30 00 1 4682.913
2009 09 19 13 45 00 1 4682.926
2009 09 19 14 00 00 1 4682.935
2009 09 19 14 15 00 1 4682.935
2009 09 19 14 30 00 1 4682.930
2009 09 19 14 45 00 1 4682.925
2009 09 19 15 00 00 1 4682.913
2009 09 19 15 15 00 1 4682.897
2009 09 19 15 30 00 1 4682.876
2009 09 19 15 45 00 1 4682.846
2009 09 19 16 00 00 1 4682.816
2009 09 19 16 15 00 1 4682.783
2009 09 19 16 30 00 1 4682.750
2009 09 19 16 45 00 1 4682.715
2009 09 19 17 00 00 1 4682.678
2009 09 19 17 15 00 1 4682.639
2009 09 19 17 30 00 1 4682.600
2009 09 19 17 45 00 1 4682.565
2009 09 19 18 00 00 1 4682.532
2009 09 19 18 15 00 1 4682.495
2009 09 19 18 30 00 1 4682.463
2009 09 19 18 45 00 1 4682.435
2009 09 19 19 00 00 1 4682.409
2009 09 19 19 15 00 1 4682.385
2009 09 19 19 30 00 1 4682.368
2009 09 19 19 45 00 1 4682.352
2009 09 19 20 00 00 1 4682.342
2009 09 19 20 15 00 1 4682.337
2009 09 19 20 30 00 1 4682.339
2009 09 19 20 45 00 1 4682.347
2009 09 19 21 00 00 1 4682.356
2009 09 19 21 15 00 1 4682.373
2009 09 19 21 30 00 1 4682.397
2009 09 19 21 45 00 1 4682.418
2009 09 19 22 00 00 1 4682.444
2009 09 19 22 15 00 1 4682.475
2009 09 19 22 30 00 1 4682.507
2009 09 19 22 45 00 1 4682.543
2009 09 19 23 00 00 1 4682.577
2009 09 19 23 15 00 1 4682.609
2009 09 19 23 30 00 1 4682.640
2009 09 19 23 45 00 1 4682.677
2009 09 20 00 00 00 1 4682.707
2009 09 20 00 15 00 1 4682.738
2009 09 20 00 30 00 1 4682.764
2009 09 20 00 45 00 1 4682.789
2009 09 20 01 00 00 1 4682.810
2009 09 20 01 15 00 1 4682.829
2009 09 20 01 30 00 1 4682.840
2009 09 20 01 45 00 1 4682.851
2009 09 20 02 00 00 1 4682.855
2009 09 20 02 15 00 1 4682.854
2009 09 20 02 30 00 1 4682.850
2009 09 20 02 45 00 1 4682.840
2009 09 20 03 00 00 1 4682.826
2009 09 20 03 15 00 1 4682.809
2009 09 20 03 30 00 1 4682.789
2009 09 20 03 45 00 1 4682.761
2009 09 20 04 00 00 1 4682.732
2009 09 20 04 15 00 1 4682.702
2009 09 20 04 30 00 1 4682.672
2009 09 20 04 45 00 1 4682.636
2009 09 20 05 00 00 1 4682.599
2009 09 20 05 15 00 1 4682.562
2009 09 20 05 30 00 1 4682.522
2009 09 20 05 45 00 1 4682.482
2009 09 20 06 00 00 1 4682.443
2009 09 20 06 15 00 1 4682.410
2009 09 20 06 30 00 1 4682.374
2009 09 20 06 45 00 1 4682.342
2009 09 20 07 00 00 1 4682.315
2009 09 20 07 15 00 1 4682.296
2009 09 20 07 30 00 1 4682.279
2009 09 20 07 45 00 1 4682.262
2009 09 20 08 00 00 1 4682.251
2009 09 20 08 15 00 1 4682.248
2009 09 20 08 30 00 1 4682.249
2009 09 20 08 45 00 1 4682.253
2009 09 20 09 00 00 1 4682.265
2009 09 20 09 15 00 1 4682.280
2009 09 20 09 30 00 1 4682.303
2009 09 20 09 45 00 1 4682.329
2009 09 20 10 00 00 1 4682.364
2009 09 20 10 15 00 1 4682.401
2009 09 20 10 30 00 1 4682.437
2009 09 20 10 45 00 1 4682.475
2009 09 20 11 00 00 1 4682.514
2009 09 20 11 15 00 1 4682.558
2009 09 20 11 30 00 1 4682.601
2009 09 20 11 45 00 1 4682.645
2009 09 20 12 00 00 1 4682.690
2009 09 20 12 15 00 1 4682.733
2009 09 20 12 30 00 1 4682.773
2009 09 20 12 45 00 1 4682.810
2009 09 20 13 00 00 1 4682.841
2009 09 20 13 15 00 1 4682.872
2009 09 20 13 30 00 1 4682.902
2009 09 20 13 45 00 1 4682.929
2009 09 20 14 00 00 1 4682.948
2009 09 20 14 15 00 1 4682.965
2009 09 20 14 30 00 1 4682.976
2009 09 20 14 45 00 1 4682.982
2009 09 20 15 00 00 1 4682.981
2009 09 20 15 15 00 1 4682.976
2009 09 20 15 30 00 1 4682.964
2009 09 20 15 45 00 1 4682.950
2009 09 20 16 00 00 1 4682.931
2009 09 20 16 15 00 1 4682.909
2009 09 20 16 30 00 1 4682.884
2009 09 20 16 45 00 1 4682.856
2009 09 20 17 00 00 1 4682.830
2009 09 20 17 15 00 1 4682.799
2009 09 20 17 30 00 1 4682.765
2009 09 20 17 45 00 1 4682.730
2009 09 20 18 00 00 1 4682.691
2009 09 20 18 15 00 1 4682.654
2009 09 20 18 30 00 1 4682.616
2009 09 20 18 45 00 1 4682.582
2009 09 20 19 00 00 1 4682.547
2009 09 20 19 15 00 1 4682.516
2009 09 20 19 30 00 1 4682.490
2009 09 20 19 45 00 1 4682.462
2009 09 20 20 00 00 1 4682.438
2009 09 20 20 15 00 1 4682.421
2009 09 20 20 30 00 1 4682.407
2009 09 20 20 45 00 1 4682.395
2009 09 20 21 00 00 1 4682.389
2009 09 20 21 15 00 1 4682.384
2009 09 20 21 30 00 1 4682.388
2009 09 20 21 45 00 1 4682.400
2009 09 20 22 00 00 1 4682.411
2009 09 20 22 15 00 1 4682.426
2009 09 20 22 30 00 1 4682.445
2009 09 20 22 45 00 1 4682.466
2009 09 20 23 00 00 1 4682.490
2009 09 20 23 15 00 1 4682.513
2009 09 20 23 30 00 1 4682.541
2009 09 20 23 45 00 1 4682.569
2009 09 21 00 00 00 1 4682.597
2009 09 21 00 15 00 1 4682.620
2009 09 21 00 30 00 1 4682.650
2009 09 21 00 45 00 1 4682.677
2009 09 21 01 00 00 1 4682.700
2009 09 21 01 15 00 1 4682.722
2009 09 21 01 30 00 1 4682.741
2009 09 21 01 45 00 1 4682.754
2009 09 21 02 00 00 1 4682.765
2009 09 21 02 15 00 1 4682.772
2009 09 21 02 30 00 1 4682.774
2009 09 21 02 45 00 1 4682.777
2009 09 21 03 00 00 1 4682.772
2009 09 21 03 15 00 1 4682.765
2009 09 21 03 30 00 1 4682.754
2009 09 21 03 45 00 1 4682.741
2009 09 21 04 00 00 1 4682.725
2009 09 21 04 15 00 1 4682.703
2009 09 21 04 30 00 1 4682.678
2009 09 21 04 45 00 1 4682.654
2009 09 21 05 00 00 1 4682.631
2009 09 21 05 15 00 1 4682.601
2009 09 21 05 30 00 1 4682.566
2009 09 21 05 45 00 1 4682.534
2009 09 21 06 00 00 1 4682.502
2009 09 21 06 15 00 1 4682.469
2009 09 21 06 30 00 1 4682.438
2009 09 21 06 45 00 1 4682.404
2009 09 21 07 00 00 1 4682.374
2009 09 21 07 15 00 1 4682.350
2009 09 21 07 30 00 1 4682.327
2009 09 21 07 45 00 1 4682.305
2009 09 21 08 00 00 1 4682.289
2009 09 21 08 15 00 1 4682.274
2009 09 21 08 30 00 1 4682.261
2009 09 21 08 45 00 1 4682.258
2009 09 21 09 00 00 1 4682.260
2009 09 21 09 15 00 1 4682.267
2009 09 21 09 30 00 1 4682.282
2009 09 21 09 45 00 1 4682.297
2009 09 21 10 00 00 1 4682.316
2009 09 21 10 15 00 1 4682.341
2009 09 21 10 30 00 1 4682.372
2009 09 21 10 45 00 1 4682.405
2009 09 21 11 00 00 1 4682.433
2009 09 21 11 15 00 1 4682.470
2009 09 21 11 30 00 1 4682.513
2009 09 21 11 45 00 1 4682.558
2009 09 21 12 00 00 1 4682.599
2009 09 21 12 15 00 1 4682.638
2009 09 21 12 30 00 1 4682.678
2009 09 21 12 45 00 1 4682.719
2009 09 21 13 00 00 1 4682.753
2009 09 21 13 15 00 1 4682.788
2009 09 21 13 30 00 1 4682.829
2009 09 21 13 45 00 1 4682.862
2009 09 21 14 00 00 1 4682.890
2009 09 21 14 15 00 1 4682.914
2009 09 21 14 30 00 1 4682.937
2009 09 21 14 45 00 1 4682.955
2009 09 21 15 00 00 1 4682.971
2009 09 21 15 15 00 1 4682.981
2009 09 21 15 30 00 1 4682.982
2009 09 21 15 45 00 1 4682.981
2009 09 21 16 00 00 1 4682.977
2009 09 21 16 15 00 1 4682.967
2009 09 21 16 30 00 1 4682.951
2009 09 21 16 45 00 1 4682.934
2009 09 21 17 00 00 1 4682.916
2009 09 21 17 15 00 1 4682.898
2009 09 21 17 30 00 1 4682.870
2009 09 21 17 45 00 1 4682.842
2009 09 21 18 00 00 1 4682.811
2009 09 21 18 15 00 1 4682.780
2009 09 21 18 30 00 1 4682.748
2009 09 21 18 45 00 1 4682.710
2009 09 21 19 00 00 1 4682.674
2009 09 21 19 15 00 1 4682.639
2009 09 21 19 30 00 1 4682.606
2009 09 21 19 45 00 1 4682.574
2009 09 21 20 00 00 1 4682.546
2009 09 21 20 15 00 1 4682.519
2009 09 21 20 30 00 1 4682.494
2009 09 21 20 45 00 1 4682.471
2009 09 21 21 00 00 1 4682.452
2009 09 21 21 15 00 1 4682.440
2009 09 21 21 30 00 1 4682.429
2009 09 21 21 45 00 1 4682.423
2009 09 21 22 00 00 1 4682.424
2009 09 21 22 15 00 1 4682.428
2009 09 21 22 30 00 1 4682.432
2009 09 21 22 45 00 1 4682.441
2009 09 21 23 00 00 1 4682.454
2009 09 21 23 15 00 1 4682.471
2009 09 21 23 30 00 1 4682.484
2009 09 21 23 45 00 1 4682.502
2009 09 22 00 00 00 1 4682.523
2009 09 22 00 15 00 1 4682.540
2009 09 22 00 30 00 1 4682.557
2009 09 22 00 45 00 1 4682.574
2009 09 22 01 00 00 1 4682.594
2009 09 22 01 15 00 1 4682.612
2009 09 22 01 30 00 1 4682.630
2009 09 22 01 45 00 1 4682.649
2009 09 22 02 00 00 1 4682.663
2009 09 22 02 15 00 1 4682.674
2009 09 22 02 30 00 1 4682.682
2009 09 22 02 45 00 1 4682.691
2009 09 22 03 00 00 1 4682.697
2009 09 22 03 15 00 1 4682.698
2009 09 22 03 30 00 1 4682.695
2009 09 22 03 45 00 1 4682.691
2009 09 22 04 00 00 1 4682.686
2009 09 22 04 15 00 1 4682.674
2009 09 22 04 30 00 1 4682.661
2009 09 22 04 45 00 1 4682.639
2009 09 22 05 00 00 1 4682.622
2009 09 22 05 15 00 1 4682.603
2009 09 22 05 30 00 1 4682.585
2009 09 22 05 45 00 1 4682.559
2009 09 22 06 00 00 1 4682.532
2009 09 22 06 15 00 1 4682.505
2009 09 22 06 30 00 1 4682.479
2009 09 22 06 45 00 1 4682.454
2009 09 22 07 00 00 1 4682.432
2009 09 22 07 15 00 1 4682.409
2009 09 22 07 30 00 1 4682.383
2009 09 22 07 45 00 1 4682.366
2009 09 22 08 00 00 1 4682.344
2009 09 22 08 15 00 1 4682.326
2009 09 22 08 30 00 1 4682.312
2009 09 22 08 45 00 1 4682.299
2009 09 22 09 00 00 1 4682.292
2009 09 22 09 15 00 1 4682.285
2009 09 22 09 30 00 1 4682.284
2009 09 22 09 45 00 1 4682.292
2009 09 22 10 00 00 1 4682.306
2009 09 22 10 15 00 1 4682.320
2009 09 22 10 30 00 1 4682.341
2009 09 22 10 45 00 1 4682.360
2009 09 22 11 00 00 1 4682.383
2009 09 22 11 15 00 1 4682.414
2009 09 22 11 30 00 1 4682.446
2009 09 22 11 45 00 1 4682.479
2009 09 22 12 00 00 1 4682.515
2009 09 22 12 15 00 1 4682.548
2009 09 22 12 30 00 1 4682.587
2009 09 22 12 45 00 1 4682.626
2009 09 22 13 00 00 1 4682.665
2009 09 22 13 15 00 1 4682.701
2009 09 22 13 30 00 1 4682.740
2009 09 22 13 45 00 1 4682.775
2009 09 22 14 00 00 1 4682.809
2009 09 22 14 15 00 1 4682.839
2009 09 22 14 30 00 1 4682.868
2009 09 22 14 45 00 1 4682.895
2009 09 22 15 00 00 1 4682.918
2009 09 22 15 15 00 1 4682.935
2009 09 22 15 30 00 1 4682.950
2009 09 22 15 45 00 1 4682.960
2009 09 22 16 00 00 1 4682.967
2009 09 22 16 15 00 1 4682.971
2009 09 22 16 30 00 1 4682.969
2009 09 22 16 45 00 1 4682.962
2009 09 22 17 00 00 1 4682.955
2009 09 22 17 15 00 1 4682.946
2009 09 22 17 30 00 1 4682.936
2009 09 22 17 45 00 1 4682.920
2009 09 22 18 00 00 1 4682.899
2009 09 22 18 15 00 1 4682.877
2009 09 22 18 30 00 1 4682.853
2009 09 22 18 45 00 1 4682.825
2009 09 22 19 00 00 1 4682.796
2009 09 22 19 15 00 1 4682.766
2009 09 22 19 30 00 1 4682.734
2009 09 22 19 45 00 1 4682.704
2009 09 22 20 00 00 1 4682.673
2009 09 22 20 15 00 1 4682.645
2009 09 22 20 30 00 1 4682.617
2009 09 22 20 45 00 1 4682.595
2009 09 22 21 00 00 1 4682.571
2009 09 22 21 15 00 1 4682.551
2009 09 22 21 30 00 1 4682.531
2009 09 22 21 45 00 1 4682.506
2009 09 22 22 00 00 1 4682.488
2009 09 22 22 15 00 1 4682.480
2009 09 22 22 30 00 1 4682.474
2009 09 22 22 45 00 1 4682.468
2009 09 22 23 00 00 1 4682.467
2009 09 22 23 15 00 1 4682.467
2009 09 22 23 30 00 1 4682.471
2009 09 22 23 45 00 1 4682.476
2009 09 23 00 00 00 1 4682.483
2009 09 23 00 15 00 1 4682.492
2009 09 23 00 30 00 1 4682.503
2009 09 23 00 45 00 1 4682.516
2009 09 23 01 00 00 1 4682.529
2009 09 23 01 15 00 1 4682.540
2009 09 23 01 30 00 1 4682.551
2009 09 23 01 45 00 1 4682.563
2009 09 23 02 00 00 1 4682.575
2009 09 23 02 15 00 1 4682.590
2009 09 23 02 30 00 1 4682.600
2009 09 23 02 45 00 1 4682.606
2009 09 23 03 00 00 1 4682.612
2009 09 23 03 15 00 1 4682.616
2009 09 23 03 30 00 1 4682.619
2009 09 23 03 45 00 1 4682.624
2009 09 23 04 00 00 1 4682.626
2009 09 23 04 15 00 1 4682.622
2009 09 23 04 30 00 1 4682.612
2009 09 23 04 45 00 1 4682.604
2009 09 23 05 00 00 1 4682.595
2009 09 23 05 15 00 1 4682.587
2009 09 23 05 30 00 1 4682.576
2009 09 23 05 45 00 1 4682.562
2009 09 23 06 00 00 1 4682.545
2009 09 23 06 15 00 1 4682.525
2009 09 23 06 30 00 1 4682.505
2009 09 23 06 45 00 1 4682.488
2009 09 23 07 00 00 1 4682.469
2009 09 23 07 15 00 1 4682.449
2009 09 23 07 30 00 1 4682.429
2009 09 23 07 45 00 1 4682.410
2009 09 23 08 00 00 1 4682.391
2009 09 23 08 15 00 1 4682.375
2009 09 23 08 30 00 1 4682.361
2009 09 23 08 45 00 1 4682.343
2009 09 23 09 00 00 1 4682.332
2009 09 23 09 15 00 1 4682.322
2009 09 23 09 30 00 1 4682.318
2009 09 23 09 45 00 1 4682.318
2009 09 23 10 00 00 1 4682.322
2009 09 23 10 15 00 1 4682.327
2009 09 23 10 30 00 1 4682.335
2009 09 23 10 45 00 1 4682.345
2009 09 23 11 00 00 1 4682.357
2009 09 23 11 15 00 1 4682.373
2009 09 23 11 30 00 1 4682.396
2009 09 23 11 45 00 1 4682.422
2009 09 23 12 00 00 1 4682.450
2009 09 23 12 15 00 1 4682.481
2009 09 23 12 30 00 1 4682.512
2009 09 23 12 45 00 1 4682.542
2009 09 23 13 00 00 1 4682.571
2009 09 23 13 15 00 1 4682.606
2009 09 23 13 30 00 1 4682.640
2009 09 23 13 45 00 1 4682.673
2009 09 23 14 00 00 1 4682.704
2009 09 23 14 15 00 1 4682.737
2009 09 23 14 30 00 1 4682.768
2009 09 23 14 45 00 1 4682.796
2009 09 23 15 00 00 1 4682.821
2009 09 23 15 15 00 1 4682.850
2009 09 23 15 30 00 1 4682.873
2009 09 23 15 45 00 1 4682.892
2009 09 23 16 00 00 1 4682.911
2009 09 23 16 15 00 1 4682.926
2009 09 23 16 30 00 1 4682.933
2009 09 23 16 45 00 1 4682.938
2009 09 23 17 00 00 1 4682.943
2009 09 23 17 15 00 1 4682.940
2009 09 23 17 30 00 1 4682.939
2009 09 23 17 45 00 1 4682.938
2009 09 23 18 00 00 1 4682.935
2009 09 23 18 15 00 1 4682.925
2009 09 23 18 30 00 1 4682.911
2009 09 23 18 45 00 1 4682.895
2009 09 23 19 00 00 1 4682.877
2009 09 23 19 15 00 1 4682.857
2009 09 23 19 30 00 1 4682.835
2009 09 23 19 45 00 1 4682.815
2009 09 23 20 00 00 1 4682.792
2009 09 23 20 15 00 1 4682.767
2009 09 23 20 30 00 1 4682.741
2009 09 23 20 45 00 1 4682.715
2009 09 23 21 00 00 1 4682.688
2009 09 23 21 15 00 1 4682.661
2009 09 23 21 30 00 1 4682.638
2009 09 23 21 45 00 1 4682.617
2009 09 23 22 00 00 1 4682.592
2009 09 23 22 15 00 1 4682.571
2009 09 23 22 30 00 1 4682.555
2009 09 23 22 45 00 1 4682.541
2009 09 23 23 00 00 1 4682.530
2009 09 23 23 15 00 1 4682.523
2009 09 23 23 30 00 1 4682.515
2009 09 23 23 45 00 1 4682.512
2009 09 24 00 00 00 1 4682.509
2009 09 24 00 15 00 1 4682.507
2009 09 24 00 30 00 1 4682.506
2009 09 24 00 45 00 1 4682.505
2009 09 24 01 00 00 1 4682.507
2009 09 24 01 15 00 1 4682.512
2009 09 24 01 30 00 1 4682.518
2009 09 24 01 45 00 1 4682.526
2009 09 24 02 00 00 1 4682.535
2009 09 24 02 15 00 1 4682.540
2009 09 24 02 30 00 1 4682.551
2009 09 24 02 45 00 1 4682.556
2009 09 24 03 00 00 1 4682.563
2009 09 24 03 15 00 1 4682.568
2009 09 24 03 30 00 1 4682.576
2009 09 24 03 45 00 1 4682.578
2009 09 24 04 00 00 1 4682.580
2009 09 24 04 15 00 1 4682.576
2009 09 24 04 30 00 1 4682.577
2009 09 24 04 45 00 1 4682.578
2009 09 24 05 00 00 1 4682.576
2009 09 24 05 15 00 1 4682.568
2009 09 24 05 30 00 1 4682.564
2009 09 24 05 45 00 1 4682.558
2009 09 24 06 00 00 1 4682.549
2009 09 24 06 15 00 1 4682.541
2009 09 24 06 30 00 1 4682.530
2009 09 24 06 45 00 1 4682.519
2009 09 24 07 00 00 1 4682.507
2009 09 24 07 15 00 1 4682.494
2009 09 24 07 30 00 1 4682.482
2009 09 24 07 45 00 1 4682.468
2009 09 24 08 00 00 1 4682.450
2009 09 24 08 15 00 1 4682.437
2009 09 24 08 30 00 1 4682.421
2009 09 24 08 45 00 1 4682.405
2009 09 24 09 00 00 1 4682.390
2009 09 24 09 15 00 1 4682.384
2009 09 24 09 30 00 1 4682.379
2009 09 24 09 45 00 1 4682.376
2009 09 24 10 00 00 1 4682.376
2009 09 24 10 15 00 1 4682.374
2009 09 24 10 30 00 1 4682.378
2009 09 24 10 45 00 1 4682.379
2009 09 24 11 00 00 1 4682.385
2009 09 24 11 15 00 1 4682.395
2009 09 24 11 30 00 1 4682.405
2009 09 24 11 45 00 1 4682.418
2009 09 24 12 00 00 1 4682.432
2009 09 24 12 15 00 1 4682.450
2009 09 24 12 30 00 1 4682.472
2009 09 24 12 45 00 1 4682.492
2009 09 24 13 00 00 1 4682.515
2009 09 24 13 15 00 1 4682.541
2009 09 24 13 30 00 1 4682.566
2009 09 24 13 45 00 1 4682.591
2009 09 24 14 00 00 1 4682.618
2009 09 24 14 15 00 1 4682.642
2009 09 24 14 30 00 1 4682.672
2009 09 24 14 45 00 1 4682.702
2009 09 24 15 00 00 1 4682.727
2009 09 24 15 15 00 1 4682.755
2009 09 24 15 30 00 1 4682.777
2009 09 24 15 45 00 1 4682.796
2009 09 24 16 00 00 1 4682.818
2009 09 24 16 15 00 1 4682.839
2009 09 24 16 30 00 1 4682.850
2009 09 24 16 45 00 1 4682.866
2009 09 24 17 00 00 1 4682.882
2009 09 24 17 15 00 1 4682.894
2009 09 24 17 30 00 1 4682.900
2009 09 24 17 45 00 1 4682.908
2009 09 24 18 00 00 1 4682.915
2009 09 24 18 15 00 1 4682.918
2009 09 24 18 30 00 1 4682.914
2009 09 24 18 45 00 1 4682.913
2009 09 24 19 00 00 1 4682.908
2009 09 24 19 15 00 1 4682.897
2009 09 24 19 30 00 1 4682.888
2009 09 24 19 45 00 1 4682.879
2009 09 24 20 00 00 1 4682.865
2009 09 24 20 15 00 1 4682.846
2009 09 24 20 30 00 1 4682.827
2009 09 24 20 45 00 1 4682.808
2009 09 24 21 00 00 1 4682.787
2009 09 24 21 15 00 1 4682.764
2009 09 24 21 30 00 1 4682.742
2009 09 24 21 45 00 1 4682.720
2009 09 24 22 00 00 1 4682.696
2009 09 24 22 15 00 1 4682.675
2009 09 24 22 30 00 1 4682.658
2009 09 24 22 45 00 1 4682.638
2009 09 24 23 00 00 1 4682.619
2009 09 24 23 15 00 1 4682.599
2009 09 24 23 30 00 1 4682.584
2009 09 24 23 45 00 1 4682.573
2009 09 25 00 00 00 1 4682.560
2009 09 25 00 15 00 1 4682.554
2009 09 25 00 30 00 1 4682.546
2009 09 25 00 45 00 1 4682.535
2009 09 25 01 00 00 1 4682.532
2009 09 25 01 15 00 1 4682.527
2009 09 25 01 30 00 1 4682.524
2009 09 25 01 45 00 1 4682.524
2009 09 25 02 00 00 1 4682.521
2009 09 25 02 15 00 1 4682.519
2009 09 25 02 30 00 1 4682.520
2009 09 25 02 45 00 1 4682.522
2009 09 25 03 00 00 1 4682.523
2009 09 25 03 15 00 1 4682.527
2009 09 25 03 30 00 1 4682.528
2009 09 25 03 45 00 1 4682.528
2009 09 25 04 00 00 1 4682.532
2009 09 25 04 15 00 1 4682.536
2009 09 25 04 30 00 1 4682.538
2009 09 25 04 45 00 1 4682.538
2009 09 25 05 00 00 1 4682.542
2009 09 25 05 15 00 1 4682.542
2009 09 25 05 30 00 1 4682.538
2009 09 25 05 45 00 1 4682.537
2009 09 25 06 00 00 1 4682.538
2009 09 25 06 15 00 1 4682.538
2009 09 25 06 30 00 1 4682.533
2009 09 25 06 45 00 1 4682.529
2009 09 25 07 00 00 1 4682.526
2009 09 25 07 15 00 1 4682.518
2009 09 25 07 30 00 1 4682.508
2009 09 25 07 45 00 1 4682.502
2009 09 25 08 00 00 1 4682.496
2009 09 25 08 15 00 1 4682.489
2009 09 25 08 30 00 1 4682.481
2009 09 25 08 45 00 1 4682.471
2009 09 25 09 00 00 1 4682.461
2009 09 25 09 15 00 1 4682.453
2009 09 25 09 30 00 1 4682.449
2009 09 25 09 45 00 1 4682.445
2009 09 25 10 00 00 1 4682.437
2009 09 25 10 15 00 1 4682.431
2009 09 25 10 30 00 1 4682.426
2009 09 25 10 45 00 1 4682.425
2009 09 25 11 00 00 1 4682.424
2009 09 25 11 15 00 1 4682.423
2009 09 25 11 30 00 1 4682.421
2009 09 25 11 45 00 1 4682.422
2009 09 25 12 00 00 1 4682.428
2009 09 25 12 15 00 1 4682.434
2009 09 25 12 30 00 1 4682.444
2009 09 25 12 45 00 1 4682.456
2009 09 25 13 00 00 1 4682.472
2009 09 25 13 15 00 1 4682.486
2009 09 25 13 30 00 1 4682.501
2009 09 25 13 45 00 1 4682.518
2009 09 25 14 00 00 1 4682.536
2009 09 25 14 15 00 1 4682.558
2009 09 25 14 30 00 1 4682.580
2009 09 25 14 45 00 1 4682.598
2009 09 25 15 00 00 1 4682.620
2009 09 25 15 15 00 1 4682.639
2009 09 25 15 30 00 1 4682.666
2009 09 25 15 45 00 1 4682.686
2009 09 25 16 00 00 1 4682.706
2009 09 25 16 15 00 1 4682.725
2009 09 25 16 30 00 1 4682.749
2009 09 25 16 45 00 1 4682.769
2009 09 25 17 00 00 1 4682.787
2009 09 25 17 15 00 1 4682.805
2009 09 25 17 30 00 1 4682.823
2009 09 25 17 45 00 1 4682.836
2009 09 25 18 00 00 1 4682.853
2009 09 25 18 15 00 1 4682.870
2009 09 25 18 30 00 1 4682.880
2009 09 25 18 45 00 1 4682.885
2009 09 25 19 00 00 1 4682.887
2009 09 25 19 15 00 1 4682.892
2009 09 25 19 30 00 1 4682.893
2009 09 25 19 45 00 1 4682.891
2009 09 25 20 00 00 1 4682.887
2009 09 25 20 15 00 1 4682.882
2009 09 25 20 30 00 1 4682.872
2009 09 25 20 45 00 1 4682.860
2009 09 25 21 00 00 1 4682.849
2009 09 25 21 15 00 1 4682.835
2009 09 25 21 30 00 1 4682.820
2009 09 25 21 45 00 1 4682.803
2009 09 25 22 00 00 1 4682.787
2009 09 25 22 15 00 1 4682.768
2009 09 25 22 30 00 1 4682.748
2009 09 25 22 45 00 1 4682.732
2009 09 25 23 00 00 1 4682.712
2009 09 25 23 15 00 1 4682.692
2009 09 25 23 30 00 1 4682.671
2009 09 25 23 45 00 1 4682.653
2009 09 26 00 00 00 1 4682.634
2009 09 26 00 15 00 1 4682.613
2009 09 26 00 30 00 1 4682.595
2009 09 26 00 45 00 1 4682.581
2009 09 26 01 00 00 1 4682.566
2009 09 26 01 15 00 1 4682.554
2009 09 26 01 30 00 1 4682.545
2009 09 26 01 45 00 1 4682.539
2009 09 26 02 00 00 1 4682.530
2009 09 26 02 15 00 1 4682.520
2009 09 26 02 30 00 1 4682.517
2009 09 26 02 45 00 1 4682.511
2009 09 26 03 00 00 1 4682.504
2009 09 26 03 15 00 1 4682.500
2009 09 26 03 30 00 1 4682.499
2009 09 26 03 45 00 1 4682.502
2009 09 26 04 00 00 1 4682.500
2009 09 26 04 15 00 1 4682.496
2009 09 26 04 30 00 1 4682.498
2009 09 26 04 45 00 1 4682.498
2009 09 26 05 00 00 1 4682.500
2009 09 26 05 15 00 1 4682.505
2009 09 26 05 30 00 1 4682.506
2009 09 26 05 45 00 1 4682.505
2009 09 26 06 00 00 1 4682.507
2009 09 26 06 15 00 1 4682.511
2009 09 26 06 30 00 1 4682.513
2009 09 26 06 45 00 1 4682.512
2009 09 26 07 00 00 1 4682.517
2009 09 26 07 15 00 1 4682.521
2009 09 26 07 30 00 1 4682.524
2009 09 26 07 45 00 1 4682.524
2009 09 26 08 00 00 1 4682.519
2009 09 26 08 15 00 1 4682.518
2009 09 26 08 30 00 1 4682.516
2009 09 26 08 45 00 1 4682.512
2009 09 26 09 00 00 1 4682.513
2009 09 26 09 15 00 1 4682.509
2009 09 26 09 30 00 1 4682.503
2009 09 26 09 45 00 1 4682.497
2009 09 26 10 00 00 1 4682.488
2009 09 26 10 15 00 1 4682.486
2009 09 26 10 30 00 1 4682.478
2009 09 26 10 45 00 1 4682.473
2009 09 26 11 00 00 1 4682.468
2009 09 26 11 15 00 1 4682.465
2009 09 26 11 30 00 1 4682.461
2009 09 26 11 45 00 1 4682.454
2009 09 26 12 00 00 1 4682.451
2009 09 26 12 15 00 1 4682.453
2009 09 26 12 30 00 1 4682.452
2009 09 26 12 45 00 1 4682.452
2009 09 26 13 00 00 1 4682.457
2009 09 26 13 15 00 1 4682.462
2009 09 26 13 30 00 1 4682.465
2009 09 26 13 45 00 1 4682.474
2009 09 26 14 00 00 1 4682.484
2009 09 26 14 15 00 1 4682.496
2009 09 26 14 30 00 1 4682.504
2009 09 26 14 45 00 1 4682.517
2009 09 26 15 00 00 1 4682.531
2009 09 26 15 15 00 1 4682.549
2009 09 26 15 30 00 1 4682.564
2009 09 26 15 45 00 1 4682.582
2009 09 26 16 00 00 1 4682.598
2009 09 26 16 15 00 1 4682.616
2009 09 26 16 30 00 1 4682.636
2009 09 26 16 45 00 1 4682.655
2009 09 26 17 00 00 1 4682.676
2009 09 26 17 15 00 1 4682.700
2009 09 26 17 30 00 1 4682.721
2009 09 26 17 45 00 1 4682.742
2009 09 26 18 00 00 1 4682.760
2009 09 26 18 15 00 1 4682.779
2009 09 26 18 30 00 1 4682.796
2009 09 26 18 45 00 1 4682.810
2009 09 26 19 00 00 1 4682.825
2009 09 26 19 15 00 1 4682.839
2009 09 26 19 30 00 1 4682.849
2009 09 26 19 45 00 1 4682.859
2009 09 26 20 00 00 1 4682.867
2009 09 26 20 15 00 1 4682.873
2009 09 26 20 30 00 1 4682.877
2009 09 26 20 45 00 1 4682.879
2009 09 26 21 00 00 1 4682.878
2009 09 26 21 15 00 1 4682.872
2009 09 26 21 30 00 1 4682.864
2009 09 26 21 45 00 1 4682.857
2009 09 26 22 00 00 1 4682.849
2009 09 26 22 15 00 1 4682.834
2009 09 26 22 30 00 1 4682.818
2009 09 26 22 45 00 1 4682.806
2009 09 26 23 00 00 1 4682.790
2009 09 26 23 15 00 1 4682.769
2009 09 26 23 30 00 1 4682.748
2009 09 26 23 45 00 1 4682.728
2009 09 27 00 00 00 1 4682.710
2009 09 27 00 15 00 1 4682.687
2009 09 27 00 30 00 1 4682.663
2009 09 27 00 45 00 1 4682.643
2009 09 27 01 00 00 1 4682.622
2009 09 27 01 15 00 1 4682.598
2009 09 27 01 30 00 1 4682.581
2009 09 27 01 45 00 1 4682.564
2009 09 27 02 00 00 1 4682.544
2009 09 27 02 15 00 1 4682.528
2009 09 27 02 30 00 1 4682.514
2009 09 27 02 45 00 1 4682.503
2009 09 27 03 00 00 1 4682.491
2009 09 27 03 15 00 1 4682.484
2009 09 27 03 30 00 1 4682.479
2009 09 27 03 45 00 1 4682.471
2009 09 27 04 00 00 1 4682.465
2009 09 27 04 15 00 1 4682.463
2009 09 27 04 30 00 1 4682.463
2009 09 27 04 45 00 1 4682.463
2009 09 27 05 00 00 1 4682.460
2009 09 27 05 15 00 1 4682.463
2009 09 27 05 30 00 1 4682.465
2009 09 27 05 45 00 1 4682.471
2009 09 27 06 00 00 1 4682.475
2009 09 27 06 15 00 1 4682.479
2009 09 27 06 30 00 1 4682.487
2009 09 27 06 45 00 1 4682.496
2009 09 27 07 00 00 1 4682.505
2009 09 27 07 15 00 1 4682.511
2009 09 27 07 30 00 1 4682.515
2009 09 27 07 45 00 1 4682.523
2009 09 27 08 00 00 1 4682.531
2009 09 27 08 15 00 1 4682.540
2009 09 27 08 30 00 1 4682.541
2009 09 27 08 45 00 1 4682.541
2009 09 27 09 00 00 1 4682.540
2009 09 27 09 15 00 1 4682.546
2009 09 27 09 30 00 1 4682.547
2009 09 27 09 45 00 1 4682.545
2009 09 27 10 00 00 1 4682.548
2009 09 27 10 15 00 1 4682.549
2009 09 27 10 30 00 1 4682.543
2009 09 27 10 45 00 1 4682.537
2009 09 27 11 00 00 1 4682.530
2009 09 27 11 15 00 1 4682.524
2009 09 27 11 30 00 1 4682.517
2009 09 27 11 45 00 1 4682.512
2009 09 27 12 00 00 1 4682.510
2009 09 27 12 15 00 1 4682.504
2009 09 27 12 30 00 1 4682.494
2009 09 27 12 45 00 1 4682.484
2009 09 27 13 00 00 1 4682.477
2009 09 27 13 15 00 1 4682.474
2009 09 27 13 30 00 1 4682.469
2009 09 27 13 45 00 1 4682.465
2009 09 27 14 00 00 1 4682.465
2009 09 27 14 15 00 1 4682.467
2009 09 27 14 30 00 1 4682.468
2009 09 27 14 45 00 1 4682.469
2009 09 27 15 00 00 1 4682.473
2009 09 27 15 15 00 1 4682.481
2009 09 27 15 30 00 1 4682.491
2009 09 27 15 45 00 1 4682.501
2009 09 27 16 00 00 1 4682.513
2009 09 27 16 15 00 1 4682.527
2009 09 27 16 30 00 1 4682.543
2009 09 27 16 45 00 1 4682.557
2009 09 27 17 00 00 1 4682.577
2009 09 27 17 15 00 1 4682.598
2009 09 27 17 30 00 1 4682.618
2009 09 27 17 45 00 1 4682.645
2009 09 27 18 00 00 1 4682.670
2009 09 27 18 15 00 1 4682.691
2009 09 27 18 30 00 1 4682.708
2009 09 27 18 45 00 1 4682.729
2009 09 27 19 00 00 1 4682.748
2009 09 27 19 15 00 1 4682.772
2009 09 27 19 30 00 1 4682.790
2009 09 27 19 45 00 1 4682.805
2009 09 27 20 00 00 1 4682.822
2009 09 27 20 15 00 1 4682.839
2009 09 27 20 30 00 1 4682.850
2009 09 27 20 45 00 1 4682.865
2009 09 27 21 00 00 1 4682.873
2009 09 27 21 15 00 1 4682.878
2009 09 27 21 30 00 1 4682.883
2009 09 27 21 45 00 1 4682.885
2009 09 27 22 00 00 1 4682.886
2009 09 27 22 15 00 1 4682.879
2009 09 27 22 30 00 1 4682.871
2009 09 27 22 45 00 1 4682.858
2009 09 27 23 00 00 1 4682.846
2009 09 27 23 15 00 1 4682.831
2009 09 27 23 30 00 1 4682.810
2009 09 27 23 45 00 1 4682.792
2009 09 28 00 00 00 1 4682.772
2009 09 28 00 15 00 1 4682.749
2009 09 28 00 30 00 1 4682.726
2009 09 28 00 45 00 1 4682.709
2009 09 28 01 00 00 1 4682.685
2009 09 28 01 15 00 1 4682.662
2009 09 28 01 30 00 1 4682.636
2009 09 28 01 45 00 1 4682.614
2009 09 28 02 00 00 1 4682.595
2009 09 28 02 15 00 1 4682.573
2009 09 28 02 30 00 1 4682.552
2009 09 28 02 45 00 1 4682.535
2009 09 28 03 00 00 1 4682.515
2009 09 28 03 15 00 1 4682.498
2009 09 28 03 30 00 1 4682.482
2009 09 28 03 45 00 1 4682.470
2009 09 28 04 00 00 1 4682.460
2009 09 28 04 15 00 1 4682.453
2009 09 28 04 30 00 1 4682.446
2009 09 28 04 45 00 1 4682.442
2009 09 28 05 00 00 1 4682.440
2009 09 28 05 15 00 1 4682.439
2009 09 28 05 30 00 1 4682.442
2009 09 28 05 45 00 1 4682.447
2009 09 28 06 00 00 1 4682.452
2009 09 28 06 15 00 1 4682.457
2009 09 28 06 30 00 1 4682.466
2009 09 28 06 45 00 1 4682.480
2009 09 28 07 00 00 1 4682.490
2009 09 28 07 15 00 1 4682.501
2009 09 28 07 30 00 1 4682.513
2009 09 28 07 45 00 1 4682.524
2009 09 28 08 00 00 1 4682.537
2009 09 28 08 15 00 1 4682.545
2009 09 28 08 30 00 1 4682.555
2009 09 28 08 45 00 1 4682.565
2009 09 28 09 00 00 1 4682.572
2009 09 28 09 15 00 1 4682.578
2009 09 28 09 30 00 1 4682.588
2009 09 28 09 45 00 1 4682.597
2009 09 28 10 00 00 1 4682.601
2009 09 28 10 15 00 1 4682.605
2009 09 28 10 30 00 1 4682.606
2009 09 28 10 45 00 1 4682.607
2009 09 28 11 00 00 1 4682.603
2009 09 28 11 15 00 1 4682.596
2009 09 28 11 30 00 1 4682.591
2009 09 28 11 45 00 1 4682.583
2009 09 28 12 00 00 1 4682.578
2009 09 28 12 15 00 1 4682.572
2009 09 28 12 30 00 1 4682.564
2009 09 28 12 45 00 1 4682.551
2009 09 28 13 00 00 1 4682.538
2009 09 28 13 15 00 1 4682.526
2009 09 28 13 30 00 1 4682.514
2009 09 28 13 45 00 1 4682.501
2009 09 28 14 00 00 1 4682.492
2009 09 28 14 15 00 1 4682.484
2009 09 28 14 30 00 1 4682.480
2009 09 28 14 45 00 1 4682.472
2009 09 28 15 00 00 1 4682.468
2009 09 28 15 15 00 1 4682.467
2009 09 28 15 30 00 1 4682.465
2009 09 28 15 45 00 1 4682.463
2009 09 28 16 00 00 1 4682.464
2009 09 28 16 15 00 1 4682.466
2009 09 28 16 30 00 1 4682.472
2009 09 28 16 45 00 1 4682.486
2009 09 28 17 00 00 1 4682.506
2009 09 28 17 15 00 1 4682.522
2009 09 28 17 30 00 1 4682.537
2009 09 28 17 45 00 1 4682.555
2009 09 28 18 00 00 1 4682.576
2009 09 28 18 15 00 1 4682.600
2009 09 28 18 30 00 1 4682.625
2009 09 28 18 45 00 1 4682.651
2009 09 28 19 00 00 1 4682.675
2009 09 28 19 15 00 1 4682.697
2009 09 28 19 30 00 1 4682.720
2009 09 28 19 45 00 1 4682.748
2009 09 28 20 00 00 1 4682.769
2009 09 28 20 15 00 1 4682.791
2009 09 28 20 30 00 1 4682.808
2009 09 28 20 45 00 1 4682.824
2009 09 28 21 00 00 1 4682.838
2009 09 28 21 15 00 1 4682.855
2009 09 28 21 30 00 1 4682.870
2009 09 28 21 45 00 1 4682.882
2009 09 28 22 00 00 1 4682.889
2009 09 28 22 15 00 1 4682.894
2009 09 28 22 30 00 1 4682.898
2009 09 28 22 45 00 1 4682.897
2009 09 28 23 00 00 1 4682.895
2009 09 28 23 15 00 1 4682.886
2009 09 28 23 30 00 1 4682.876
2009 09 28 23 45 00 1 4682.865
2009 09 29 00 00 00 1 4682.851
2009 09 29 00 15 00 1 4682.830
2009 09 29 00 30 00 1 4682.806
2009 09 29 00 45 00 1 4682.781
2009 09 29 01 00 00 1 4682.757
2009 09 29 01 15 00 1 4682.733
2009 09 29 01 30 00 1 4682.710
2009 09 29 01 45 00 1 4682.684
2009 09 29 02 00 00 1 4682.657
2009 09 29 02 15 00 1 4682.629
2009 09 29 02 30 00 1 4682.599
2009 09 29 02 45 00 1 4682.574
2009 09 29 03 00 00 1 4682.552
2009 09 29 03 15 00 1 4682.529
2009 09 29 03 30 00 1 4682.507
2009 09 29 03 45 00 1 4682.484
2009 09 29 04 00 00 1 4682.469
2009 09 29 04 15 00 1 4682.455
2009 09 29 04 30 00 1 4682.443
2009 09 29 04 45 00 1 4682.430
2009 09 29 05 00 00 1 4682.419
2009 09 29 05 15 00 1 4682.419
2009 09 29 05 30 00 1 4682.420
2009 09 29 05 45 00 1 4682.423
2009 09 29 06 00 00 1 4682.428
2009 09 29 06 15 00 1 4682.435
2009 09 29 06 30 00 1 4682.445
2009 09 29 06 45 00 1 4682.460
2009 09 29 07 00 00 1 4682.472
2009 09 29 07 15 00 1 4682.486
2009 09 29 07 30 00 1 4682.499
2009 09 29 07 45 00 1 4682.513
2009 09 29 08 00 00 1 4682.531
2009 09 29 08 15 00 1 4682.544
2009 09 29 08 30 00 1 4682.559
2009 09 29 08 45 00 1 4682.575
2009 09 29 09 00 00 1 4682.590
2009 09 29 09 15 00 1 4682.606
2009 09 29 09 30 00 1 4682.621
2009 09 29 09 45 00 1 4682.634
2009 09 29 10 00 00 1 4682.648
2009 09 29 10 15 00 1 4682.654
2009 09 29 10 30 00 1 4682.661
2009 09 29 10 45 00 1 4682.664
2009 09 29 11 00 00 1 4682.667
2009 09 29 11 15 00 1 4682.665
2009 09 29 11 30 00 1 4682.661
2009 09 29 11 45 00 1 4682.660
2009 09 29 12 00 00 1 4682.654
2009 09 29 12 15 00 1 4682.645
2009 09 29 12 30 00 1 4682.635
2009 09 29 12 45 00 1 4682.625
2009 09 29 13 00 00 1 4682.611
2009 09 29 13 15 00 1 4682.595
2009 09 29 13 30 00 1 4682.574
2009 09 29 13 45 00 1 4682.562
2009 09 29 14 00 00 1 4682.547
2009 09 29 14 15 00 1 4682.529
2009 09 29 14 30 00 1 4682.516
2009 09 29 14 45 00 1 4682.501
2009 09 29 15 00 00 1 4682.490
2009 09 29 15 15 00 1 4682.478
2009 09 29 15 30 00 1 4682.468
2009 09 29 15 45 00 1 4682.459
2009 09 29 16 00 00 1 4682.453
2009 09 29 16 15 00 1 4682.448
2009 09 29 16 30 00 1 4682.444
2009 09 29 16 45 00 1 4682.447
2009 09 29 17 00 00 1 4682.456
2009 09 29 17 15 00 1 4682.466
2009 09 29 17 30 00 1 4682.475
2009 09 29 17 45 00 1 4682.493
2009 09 29 18 00 00 1 4682.503
2009 09 29 18 15 00 1 4682.524
2009 09 29 18 30 00 1 4682.540
2009 09 29 18 45 00 1 4682.570
2009 09 29 19 00 00 1 4682.601
2009 09 29 19 15 00 1 4682.627
2009 09 29 19 30 00 1 4682.647
2009 09 29 19 45 00 1 4682.670
2009 09 29 20 00 00 1 4682.700
2009 09 29 20 15 00 1 4682.724
2009 09 29 20 30 00 1 4682.743
2009 09 29 20 45 00 1 4682.775
2009 09 29 21 00 00 1 4682.798
2009 09 29 21 15 00 1 4682.820
2009 09 29 21 30 00 1 4682.843
2009 09 29 21 45 00 1 4682.863
2009 09 29 22 00 00 1 4682.880
2009 09 29 22 15 00 1 4682.894
2009 09 29 22 30 00 1 4682.906
2009 09 29 22 45 00 1 4682.913
2009 09 29 23 00 00 1 4682.920
2009 09 29 23 15 00 1 4682.923
2009 09 29 23 30 00 1 4682.928
2009 09 29 23 45 00 1 4682.919
2009 09 30 12 15 00 1 9999.000
2009 09 30 12 30 00 1 9999.000
2009 09 30 12 45 00 1 9999.000
2009 09 30 13 00 00 1 9999.000
2009 09 30 13 15 00 1 4682.670
2009 09 30 13 30 00 1 9999.000
2009 09 30 13 45 00 1 4682.636
2009 09 30 14 00 00 1 9999.000
2009 09 30 14 15 00 1 4682.595
2009 09 30 14 30 00 1 9999.000
2009 09 30 14 45 00 1 4682.548
2009 09 30 15 00 00 1 9999.000
2009 09 30 15 15 00 1 4682.518
2009 09 30 15 30 00 1 9999.000
2009 09 30 15 45 00 1 4682.477
2009 09 30 16 00 00 1 9999.000
2009 09 30 16 15 00 1 4682.453
2009 09 30 16 30 00 1 4682.440
2009 09 30 16 45 00 1 4682.430
2009 09 30 17 00 00 1 4682.429
2009 09 30 17 15 00 1 4682.429
2009 09 30 17 30 00 1 4682.427
2009 09 30 17 45 00 1 4682.435
2009 09 30 18 00 00 1 4682.450
2009 09 30 18 15 00 1 4682.458
2009 09 30 18 30 00 1 4682.477
2009 09 30 18 45 00 1 4682.491
2009 09 30 19 00 00 1 4682.517
2009 09 30 19 15 00 1 4682.535
2009 09 30 19 30 00 1 4682.559
2009 09 30 19 45 00 1 4682.586
2009 09 30 20 00 00 1 4682.613
2009 09 30 20 15 00 1 4682.642
2009 09 30 20 30 00 1 4682.673
2009 09 30 20 45 00 1 4682.702
2009 09 30 21 00 00 1 4682.727
2009 09 30 21 15 00 1 4682.756
2009 09 30 21 30 00 1 4682.784
2009 09 30 21 45 00 1 4682.810
2009 09 30 22 00 00 1 4682.833
2009 09 30 22 15 00 1 4682.849
2009 09 30 22 30 00 1 4682.871
2009 09 30 22 45 00 1 4682.884
2009 09 30 23 00 00 1 4682.899
2009 09 30 23 15 00 1 4682.905
2009 09 30 23 30 00 1 4682.909
2009 09 30 23 45 00 1 4682.911
2009 10 01 00 00 00 1 4682.912
2009 10 01 00 15 00 1 4682.901
2009 10 01 00 30 00 1 4682.889
2009 10 01 00 45 00 1 4682.880
2009 10 01 01 00 00 1 4682.863
2009 10 01 01 15 00 1 4682.839
2009 10 01 01 30 00 1 4682.816
2009 10 01 01 45 00 1 4682.793
2009 10 01 02 00 00 1 4682.765
2009 10 01 02 15 00 1 4682.733
2009 10 01 02 30 00 1 4682.707
2009 10 01 02 45 00 1 4682.669
2009 10 01 03 00 00 1 4682.639
2009 10 01 03 15 00 1 4682.603
2009 10 01 03 30 00 1 4682.571
2009 10 01 03 45 00 1 4682.540
2009 10 01 04 00 00 1 4682.513
2009 10 01 04 15 00 1 4682.483
2009 10 01 04 30 00 1 4682.464
2009 10 01 04 45 00 1 4682.440
2009 10 01 05 00 00 1 4682.422
2009 10 01 05 15 00 1 4682.404
2009 10 01 05 30 00 1 4682.390
2009 10 01 05 45 00 1 4682.379
2009 10 01 06 00 00 1 4682.370
2009 10 01 06 15 00 1 4682.374
2009 10 01 06 30 00 1 4682.378
2009 10 01 06 45 00 1 4682.382
2009 10 01 07 00 00 1 4682.390
2009 10 01 07 15 00 1 4682.402
2009 10 01 07 30 00 1 4682.420
2009 10 01 07 45 00 1 4682.438
2009 10 01 08 00 00 1 4682.460
2009 10 01 08 15 00 1 4682.482
2009 10 01 08 30 00 1 4682.503
2009 10 01 08 45 00 1 4682.522
2009 10 01 09 00 00 1 4682.542
2009 10 01 09 15 00 1 4682.572
2009 10 01 09 30 00 1 4682.598
2009 10 01 09 45 00 1 4682.628
2009 10 01 10 00 00 1 4682.652
2009 10 01 10 15 00 1 4682.674
2009 10 01 10 30 00 1 4682.697
2009 10 01 10 45 00 1 4682.717
2009 10 01 11 00 00 1 4682.733
2009 10 01 11 15 00 1 4682.753
2009 10 01 11 30 00 1 4682.763
2009 10 01 11 45 00 1 4682.773
2009 10 01 12 00 00 1 4682.776
2009 10 01 12 15 00 1 4682.777
2009 10 01 12 30 00 1 4682.775
2009 10 01 12 45 00 1 4682.770
2009 10 01 13 00 00 1 4682.761
2009 10 01 13 15 00 1 4682.750
2009 10 01 13 30 00 1 4682.731
2009 10 01 13 45 00 1 4682.711
2009 10 01 14 00 00 1 4682.691
2009 10 01 14 15 00 1 4682.675
2009 10 01 14 30 00 1 4682.651
2009 10 01 14 45 00 1 4682.625
2009 10 01 15 00 00 1 4682.605
2009 10 01 15 15 00 1 4682.577
2009 10 01 15 30 00 1 4682.552
2009 10 01 15 45 00 1 4682.524
2009 10 01 16 00 00 1 4682.500
2009 10 01 16 15 00 1 4682.476
2009 10 01 16 30 00 1 4682.455
2009 10 01 16 45 00 1 4682.439
2009 10 01 17 00 00 1 4682.423
2009 10 01 17 15 00 1 4682.412
2009 10 01 17 30 00 1 4682.405
2009 10 01 17 45 00 1 4682.402
2009 10 01 18 00 00 1 4682.403
2009 10 01 18 15 00 1 4682.406
2009 10 01 18 30 00 1 4682.412
2009 10 01 18 45 00 1 4682.420
2009 10 01 19 00 00 1 4682.433
2009 10 01 19 15 00 1 4682.453
2009 10 01 19 30 00 1 4682.474
2009 10 01 19 45 00 1 4682.498
2009 10 01 20 00 00 1 4682.520
2009 10 01 20 15 00 1 4682.546
2009 10 01 20 30 00 1 4682.573
2009 10 01 20 45 00 1 4682.605
2009 10 01 21 00 00 1 4682.634
2009 10 01 21 15 00 1 4682.665
2009 10 01 21 30 00 1 4682.696
2009 10 01 21 45 00 1 4682.727
2009 10 01 22 00 00 1 4682.753
2009 10 01 22 15 00 1 4682.777
2009 10 01 22 30 00 1 4682.800
2009 10 01 22 45 00 1 4682.824
2009 10 01 23 00 00 1 4682.843
2009 10 01 23 15 00 1 4682.855
2009 10 01 23 30 00 1 4682.870
2009 10 01 23 45 00 1 4682.880
2009 10 02 00 00 00 1 4682.883
2009 10 02 00 15 00 1 4682.889
2009 10 02 00 30 00 1 4682.883
2009 10 02 00 45 00 1 4682.873
2009 10 02 01 00 00 1 4682.863
2009 10 02 01 15 00 1 4682.849
2009 10 02 01 30 00 1 4682.829
2009 10 02 01 45 00 1 4682.805
2009 10 02 02 00 00 1 4682.780
2009 10 02 02 15 00 1 4682.754
2009 10 02 02 30 00 1 4682.727
2009 10 02 02 45 00 1 4682.697
2009 10 02 03 00 00 1 4682.666
2009 10 02 03 15 00 1 4682.631
2009 10 02 03 30 00 1 4682.596
2009 10 02 03 45 00 1 4682.564
2009 10 02 04 00 00 1 4682.532
2009 10 02 04 15 00 1 4682.504
2009 10 02 04 30 00 1 4682.476
2009 10 02 04 45 00 1 4682.449
2009 10 02 05 00 00 1 4682.424
2009 10 02 05 15 00 1 4682.402
2009 10 02 05 30 00 1 4682.381
2009 10 02 05 45 00 1 4682.367
2009 10 02 06 00 00 1 4682.358
2009 10 02 06 15 00 1 4682.351
2009 10 02 06 30 00 1 4682.346
2009 10 02 06 45 00 1 4682.349
2009 10 02 07 00 00 1 4682.354
2009 10 02 07 15 00 1 4682.364
2009 10 02 07 30 00 1 4682.378
2009 10 02 07 45 00 1 4682.394
2009 10 02 08 00 00 1 4682.414
2009 10 02 08 15 00 1 4682.435
2009 10 02 08 30 00 1 4682.460
2009 10 02 08 45 00 1 4682.486
2009 10 02 09 00 00 1 4682.512
2009 10 02 09 15 00 1 4682.544
2009 10 02 09 30 00 1 4682.573
2009 10 02 09 45 00 1 4682.608
2009 10 02 10 00 00 1 4682.643
2009 10 02 10 15 00 1 4682.670
2009 10 02 10 30 00 1 4682.700
2009 10 02 10 45 00 1 4682.729
2009 10 02 11 00 00 1 4682.750
2009 10 02 11 15 00 1 4682.774
2009 10 02 11 30 00 1 4682.795
2009 10 02 11 45 00 1 4682.810
2009 10 02 12 00 00 1 4682.823
2009 10 02 12 15 00 1 4682.833
2009 10 02 12 30 00 1 4682.839
2009 10 02 12 45 00 1 4682.845
2009 10 02 13 00 00 1 4682.843
2009 10 02 13 15 00 1 4682.839
2009 10 02 13 30 00 1 4682.828
2009 10 02 13 45 00 1 4682.811
2009 10 02 14 00 00 1 4682.796
2009 10 02 14 15 00 1 4682.777
2009 10 02 14 30 00 1 4682.751
2009 10 02 14 45 00 1 4682.728
2009 10 02 15 00 00 1 4682.705
2009 10 02 15 15 00 1 4682.678
2009 10 02 15 30 00 1 4682.645
2009 10 02 15 45 00 1 4682.614
2009 10 02 16 00 00 1 4682.582
2009 10 02 16 15 00 1 4682.552
2009 10 02 16 30 00 1 4682.520
2009 10 02 16 45 00 1 4682.493
2009 10 02 17 00 00 1 4682.469
2009 10 02 17 15 00 1 4682.450
2009 10 02 17 30 00 1 4682.432
2009 10 02 17 45 00 1 4682.418
2009 10 02 18 00 00 1 4682.410
2009 10 02 18 15 00 1 4682.402
2009 10 02 18 30 00 1 4682.394
2009 10 02 18 45 00 1 4682.394
2009 10 02 19 00 00 1 4682.398
2009 10 02 19 15 00 1 4682.402
2009 10 02 19 30 00 1 4682.413
2009 10 02 19 45 00 1 4682.428
2009 10 02 20 00 00 1 4682.447
2009 10 02 20 15 00 1 4682.467
2009 10 02 20 30 00 1 4682.495
2009 10 02 20 45 00 1 4682.523
2009 10 02 21 00 00 1 4682.550
2009 10 02 21 15 00 1 4682.575
2009 10 02 21 30 00 1 4682.604
2009 10 02 21 45 00 1 4682.640
2009 10 02 22 00 00 1 4682.665
2009 10 02 22 15 00 1 4682.693
2009 10 02 22 30 00 1 4682.718
2009 10 02 22 45 00 1 4682.746
2009 10 02 23 00 00 1 4682.772
2009 10 02 23 15 00 1 4682.793
2009 10 02 23 30 00 1 4682.814
2009 10 02 23 45 00 1 4682.832
2009 10 03 00 00 00 1 4682.842
2009 10 03 00 15 00 1 4682.855
2009 10 03 00 30 00 1 4682.862
2009 10 03 00 45 00 1 4682.861
2009 10 03 01 00 00 1 4682.857
2009 10 03 01 15 00 1 4682.849
2009 10 03 01 30 00 1 4682.837
2009 10 03 01 45 00 1 4682.824
2009 10 03 02 00 00 1 4682.806
2009 10 03 02 15 00 1 4682.783
2009 10 03 02 30 00 1 4682.754
2009 10 03 02 45 00 1 4682.725
2009 10 03 03 00 00 1 4682.699
2009 10 03 03 15 00 1 4682.667
2009 10 03 03 30 00 1 4682.632
2009 10 03 03 45 00 1 4682.602
2009 10 03 04 00 00 1 4682.571
2009 10 03 04 15 00 1 4682.539
2009 10 03 04 30 00 1 4682.507
2009 10 03 04 45 00 1 4682.476
2009 10 03 05 00 00 1 4682.444
2009 10 03 05 15 00 1 4682.415
2009 10 03 05 30 00 1 4682.391
2009 10 03 05 45 00 1 4682.366
2009 10 03 06 00 00 1 4682.352
2009 10 03 06 15 00 1 4682.341
2009 10 03 06 30 00 1 4682.335
2009 10 03 06 45 00 1 4682.330
2009 10 03 07 00 00 1 4682.329
2009 10 03 07 15 00 1 4682.333
2009 10 03 07 30 00 1 4682.341
2009 10 03 07 45 00 1 4682.350
2009 10 03 08 00 00 1 4682.366
2009 10 03 08 15 00 1 4682.386
2009 10 03 08 30 00 1 4682.411
2009 10 03 08 45 00 1 4682.436
2009 10 03 09 00 00 1 4682.466
2009 10 03 09 15 00 1 4682.495
2009 10 03 09 30 00 1 4682.530
2009 10 03 09 45 00 1 4682.569
2009 10 03 10 00 00 1 4682.606
2009 10 03 10 15 00 1 4682.641
2009 10 03 10 30 00 1 4682.674
2009 10 03 10 45 00 1 4682.710
2009 10 03 11 00 00 1 4682.743
2009 10 03 11 15 00 1 4682.773
2009 10 03 11 30 00 1 4682.801
2009 10 03 11 45 00 1 4682.824
2009 10 03 12 00 00 1 4682.848
2009 10 03 12 15 00 1 4682.869
2009 10 03 12 30 00 1 4682.888
2009 10 03 12 45 00 1 4682.901
2009 10 03 13 00 00 1 4682.909
2009 10 03 13 15 00 1 4682.912
2009 10 03 13 30 00 1 4682.909
2009 10 03 13 45 00 1 4682.906
2009 10 03 14 00 00 1 4682.897
2009 10 03 14 15 00 1 4682.882
2009 10 03 14 30 00 1 4682.861
2009 10 03 14 45 00 1 4682.837
2009 10 03 15 00 00 1 4682.813
2009 10 03 15 15 00 1 4682.786
2009 10 03 15 30 00 1 4682.758
2009 10 03 15 45 00 1 4682.727
2009 10 03 16 00 00 1 4682.694
2009 10 03 16 15 00 1 4682.659
2009 10 03 16 30 00 1 4682.623
2009 10 03 16 45 00 1 4682.593
2009 10 03 17 00 00 1 4682.560
2009 10 03 17 15 00 1 4682.528
2009 10 03 17 30 00 1 4682.504
2009 10 03 17 45 00 1 4682.477
2009 10 03 18 00 00 1 4682.455
2009 10 03 18 15 00 1 4682.438
2009 10 03 18 30 00 1 4682.425
2009 10 03 18 45 00 1 4682.412
2009 10 03 19 00 00 1 4682.406
2009 10 03 19 15 00 1 4682.402
2009 10 03 19 30 00 1 4682.402
2009 10 03 19 45 00 1 4682.404
2009 10 03 20 00 00 1 4682.412
2009 10 03 20 15 00 1 4682.422
2009 10 03 20 30 00 1 4682.438
2009 10 03 20 45 00 1 4682.454
2009 10 03 21 00 00 1 4682.475
2009 10 03 21 15 00 1 4682.502
2009 10 03 21 30 00 1 4682.528
2009 10 03 21 45 00 1 4682.558
2009 10 03 22 00 00 1 4682.587
2009 10 03 22 15 00 1 4682.615
2009 10 03 22 30 00 1 4682.643
2009 10 03 22 45 00 1 4682.669
2009 10 03 23 00 00 1 4682.696
2009 10 03 23 15 00 1 4682.722
2009 10 03 23 30 00 1 4682.746
2009 10 03 23 45 00 1 4682.768
2009 10 04 00 00 00 1 4682.783
2009 10 04 00 15 00 1 4682.797
2009 10 04 00 30 00 1 4682.809
2009 10 04 00 45 00 1 4682.821
2009 10 04 01 00 00 1 4682.826
2009 10 04 01 15 00 1 4682.828
2009 10 04 01 30 00 1 4682.825
2009 10 04 01 45 00 1 4682.815
2009 10 04 02 00 00 1 4682.804
2009 10 04 02 15 00 1 4682.789
2009 10 04 02 30 00 1 4682.770
2009 10 04 02 45 00 1 4682.750
2009 10 04 03 00 00 1 4682.725
2009 10 04 03 15 00 1 4682.697
2009 10 04 03 30 00 1 4682.669
2009 10 04 03 45 00 1 4682.637
2009 10 04 04 00 00 1 4682.604
2009 10 04 04 15 00 1 4682.572
2009 10 04 04 30 00 1 4682.541
2009 10 04 04 45 00 1 4682.508
2009 10 04 05 00 00 1 4682.473
2009 10 04 05 15 00 1 4682.442
2009 10 04 05 30 00 1 4682.414
2009 10 04 05 45 00 1 4682.386
2009 10 04 06 00 00 1 4682.363
2009 10 04 06 15 00 1 4682.344
2009 10 04 06 30 00 1 4682.328
2009 10 04 06 45 00 1 4682.320
2009 10 04 07 00 00 1 4682.314
2009 10 04 07 15 00 1 4682.314
2009 10 04 07 30 00 1 4682.316
2009 10 04 07 45 00 1 4682.319
2009 10 04 08 00 00 1 4682.328
2009 10 04 08 15 00 1 4682.343
2009 10 04 08 30 00 1 4682.360
2009 10 04 08 45 00 1 4682.386
2009 10 04 09 00 00 1 4682.413
2009 10 04 09 15 00 1 4682.445
2009 10 04 09 30 00 1 4682.477
2009 10 04 09 45 00 1 4682.513
2009 10 04 10 00 00 1 4682.555
2009 10 04 10 15 00 1 4682.595
2009 10 04 10 30 00 1 4682.629
2009 10 04 10 45 00 1 4682.671
2009 10 04 11 00 00 1 4682.709
2009 10 04 11 15 00 1 4682.748
2009 10 04 11 30 00 1 4682.783
2009 10 04 11 45 00 1 4682.813
2009 10 04 12 00 00 1 4682.847
2009 10 04 12 15 00 1 4682.881
2009 10 04 12 30 00 1 4682.909
2009 10 04 12 45 00 1 4682.929
2009 10 04 13 00 00 1 4682.948
2009 10 04 13 15 00 1 4682.958
2009 10 04 13 30 00 1 4682.966
2009 10 04 13 45 00 1 4682.971
2009 10 04 14 00 00 1 4682.974
2009 10 04 14 15 00 1 4682.969
2009 10 04 14 30 00 1 4682.959
2009 10 04 14 45 00 1 4682.942
2009 10 04 15 00 00 1 4682.923
2009 10 04 15 15 00 1 4682.902
2009 10 04 15 30 00 1 4682.878
2009 10 04 15 45 00 1 4682.850
2009 10 04 16 00 00 1 4682.818
2009 10 04 16 15 00 1 4682.785
2009 10 04 16 30 00 1 4682.750
2009 10 04 16 45 00 1 4682.715
2009 10 04 17 00 00 1 4682.682
2009 10 04 17 15 00 1 4682.649
2009 10 04 17 30 00 1 4682.615
2009 10 04 17 45 00 1 4682.579
2009 10 04 18 00 00 1 4682.548
2009 10 04 18 15 00 1 4682.518
2009 10 04 18 30 00 1 4682.489
2009 10 04 18 45 00 1 4682.464
2009 10 04 19 00 00 1 4682.443
2009 10 04 19 15 00 1 4682.428
2009 10 04 19 30 00 1 4682.415
2009 10 04 19 45 00 1 4682.408
2009 10 04 20 00 00 1 4682.400
2009 10 04 20 15 00 1 4682.401
2009 10 04 20 30 00 1 4682.406
2009 10 04 20 45 00 1 4682.411
2009 10 04 21 00 00 1 4682.425
2009 10 04 21 15 00 1 4682.440
2009 10 04 21 30 00 1 4682.459
2009 10 04 21 45 00 1 4682.480
2009 10 04 22 00 00 1 4682.497
2009 10 04 22 15 00 1 4682.519
2009 10 04 22 30 00 1 4682.547
2009 10 04 22 45 00 1 4682.576
2009 10 04 23 00 00 1 4682.605
2009 10 04 23 15 00 1 4682.631
2009 10 04 23 30 00 1 4682.652
2009 10 04 23 45 00 1 4682.675
2009 10 05 00 00 00 1 4682.700
2009 10 05 00 15 00 1 4682.716
2009 10 05 00 30 00 1 4682.734
2009 10 05 00 45 00 1 4682.745
2009 10 05 01 00 00 1 4682.755
2009 10 05 01 15 00 1 4682.763
2009 10 05 01 30 00 1 4682.765
2009 10 05 01 45 00 1 4682.766
2009 10 05 02 00 00 1 4682.764
2009 10 05 02 15 00 1 4682.761
2009 10 05 02 30 00 1 4682.750
2009 10 05 02 45 00 1 4682.741
2009 10 05 03 00 00 1 4682.724
2009 10 05 03 15 00 1 4682.703
2009 10 05 03 30 00 1 4682.679
2009 10 05 03 45 00 1 4682.656
2009 10 05 04 00 00 1 4682.631
2009 10 05 04 15 00 1 4682.603
2009 10 05 04 30 00 1 4682.573
2009 10 05 04 45 00 1 4682.540
2009 10 05 05 00 00 1 4682.511
2009 10 05 05 15 00 1 4682.477
2009 10 05 05 30 00 1 4682.448
2009 10 05 05 45 00 1 4682.419
2009 10 05 06 00 00 1 4682.389
2009 10 05 06 15 00 1 4682.365
2009 10 05 06 30 00 1 4682.345
2009 10 05 06 45 00 1 4682.329
2009 10 05 07 00 00 1 4682.315
2009 10 05 07 15 00 1 4682.303
2009 10 05 07 30 00 1 4682.297
2009 10 05 07 45 00 1 4682.297
2009 10 05 08 00 00 1 4682.296
2009 10 05 08 15 00 1 4682.301
2009 10 05 08 30 00 1 4682.312
2009 10 05 08 45 00 1 4682.330
2009 10 05 09 00 00 1 4682.350
2009 10 05 09 15 00 1 4682.375
2009 10 05 09 30 00 1 4682.405
2009 10 05 09 45 00 1 4682.438
2009 10 05 10 00 00 1 4682.476
2009 10 05 10 15 00 1 4682.518
2009 10 05 10 30 00 1 4682.557
2009 10 05 10 45 00 1 4682.598
2009 10 05 11 00 00 1 4682.641
2009 10 05 11 15 00 1 4682.683
2009 10 05 11 30 00 1 4682.727
2009 10 05 11 45 00 1 4682.765
2009 10 05 12 00 00 1 4682.802
2009 10 05 12 15 00 1 4682.837
2009 10 05 12 30 00 1 4682.872
2009 10 05 12 45 00 1 4682.903
2009 10 05 13 00 00 1 4682.931
2009 10 05 13 15 00 1 4682.955
2009 10 05 13 30 00 1 4682.973
2009 10 05 13 45 00 1 4682.992
2009 10 05 14 00 00 1 4683.003
2009 10 05 14 15 00 1 4683.012
2009 10 05 14 30 00 1 4683.013
2009 10 05 14 45 00 1 4683.013
2009 10 05 15 00 00 1 4683.003
2009 10 05 15 15 00 1 4682.988
2009 10 05 15 30 00 1 4682.972
2009 10 05 15 45 00 1 4682.948
2009 10 05 16 00 00 1 4682.924
2009 10 05 16 15 00 1 4682.901
2009 10 05 16 30 00 1 4682.872
2009 10 05 16 45 00 1 4682.842
2009 10 05 17 00 00 1 4682.807
2009 10 05 17 15 00 1 4682.769
2009 10 05 17 30 00 1 4682.735
2009 10 05 17 45 00 1 4682.700
2009 10 05 18 00 00 1 4682.664
2009 10 05 18 15 00 1 4682.629
2009 10 05 18 30 00 1 4682.598
2009 10 05 18 45 00 1 4682.568
2009 10 05 19 00 00 1 4682.536
2009 10 05 19 15 00 1 4682.512
2009 10 05 19 30 00 1 4682.487
2009 10 05 19 45 00 1 4682.465
2009 10 05 20 00 00 1 4682.448
2009 10 05 20 15 00 1 4682.436
2009 10 05 20 30 00 1 4682.428
2009 10 05 20 45 00 1 4682.425
2009 10 05 21 00 00 1 4682.423
2009 10 05 21 15 00 1 4682.424
2009 10 05 21 30 00 1 4682.428
2009 10 05 21 45 00 1 4682.440
2009 10 05 22 00 00 1 4682.452
2009 10 05 22 15 00 1 4682.464
2009 10 05 22 30 00 1 4682.481
2009 10 05 22 45 00 1 4682.499
2009 10 05 23 00 00 1 4682.522
2009 10 05 23 15 00 1 4682.546
2009 10 05 23 30 00 1 4682.568
2009 10 05 23 45 00 1 4682.588
2009 10 06 00 00 00 1 4682.609
2009 10 06 00 15 00 1 4682.632
2009 10 06 00 30 00 1 4682.655
2009 10 06 00 45 00 1 4682.674
2009 10 06 01 00 00 1 4682.688
2009 10 06 01 15 00 1 4682.702
2009 10 06 01 30 00 1 4682.714
2009 10 06 01 45 00 1 4682.724
2009 10 06 02 00 00 1 4682.727
2009 10 06 02 15 00 1 4682.727
2009 10 06 02 30 00 1 4682.729
2009 10 06 02 45 00 1 4682.723
2009 10 06 03 00 00 1 4682.712
2009 10 06 03 15 00 1 4682.698
2009 10 06 03 30 00 1 4682.681
2009 10 06 03 45 00 1 4682.661
2009 10 06 04 00 00 1 4682.639
2009 10 06 04 15 00 1 4682.616
2009 10 06 04 30 00 1 4682.593
2009 10 06 04 45 00 1 4682.565
2009 10 06 05 00 00 1 4682.536
2009 10 06 05 15 00 1 4682.507
2009 10 06 05 30 00 1 4682.477
2009 10 06 05 45 00 1 4682.451
2009 10 06 06 00 00 1 4682.424
2009 10 06 06 15 00 1 4682.398
2009 10 06 06 30 00 1 4682.377
2009 10 06 06 45 00 1 4682.355
2009 10 06 07 00 00 1 4682.334
2009 10 06 07 15 00 1 4682.321
2009 10 06 07 30 00 1 4682.305
2009 10 06 07 45 00 1 4682.294
2009 10 06 08 00 00 1 4682.288
2009 10 06 08 15 00 1 4682.288
2009 10 06 08 30 00 1 4682.289
2009 10 06 08 45 00 1 4682.293
2009 10 06 09 00 00 1 4682.304
2009 10 06 09 15 00 1 4682.322
2009 10 06 09 30 00 1 4682.346
2009 10 06 09 45 00 1 4682.372
2009 10 06 10 00 00 1 4682.403
2009 10 06 10 15 00 1 4682.436
2009 10 06 10 30 00 1 4682.474
2009 10 06 10 45 00 1 4682.513
2009 10 06 11 00 00 1 4682.553
2009 10 06 11 15 00 1 4682.594
2009 10 06 11 30 00 1 4682.636
2009 10 06 11 45 00 1 4682.676
2009 10 06 12 00 00 1 4682.720
2009 10 06 12 15 00 1 4682.763
2009 10 06 12 30 00 1 4682.802
2009 10 06 12 45 00 1 4682.843
2009 10 06 13 00 00 1 4682.881
2009 10 06 13 15 00 1 4682.913
2009 10 06 13 30 00 1 4682.940
2009 10 06 13 45 00 1 4682.964
2009 10 06 14 00 00 1 4682.987
2009 10 06 14 15 00 1 4683.003
2009 10 06 14 30 00 1 4683.018
2009 10 06 14 45 00 1 4683.033
2009 10 06 15 00 00 1 4683.039
2009 10 06 15 15 00 1 4683.040
2009 10 06 15 30 00 1 4683.033
2009 10 06 15 45 00 1 4683.019
2009 10 06 16 00 00 1 4683.002
2009 10 06 16 15 00 1 4682.985
2009 10 06 16 30 00 1 4682.965
2009 10 06 16 45 00 1 4682.944
2009 10 06 17 00 00 1 4682.921
2009 10 06 17 15 00 1 4682.892
2009 10 06 17 30 00 1 4682.857
2009 10 06 17 45 00 1 4682.823
