#YY  MM DD hh mm ss T   HEIGHT
#yr  mo dy hr mn  s -        m
2009 08 29 18 00 00 1 4511.802
2009 08 29 18 15 00 1 4511.836
2009 08 29 18 30 00 1 4511.867
2009 08 29 18 45 00 1 4511.894
2009 08 29 19 00 00 1 4511.917
2009 08 29 19 15 00 1 4511.937
2009 08 29 19 30 00 1 4511.955
2009 08 29 19 45 00 1 4511.968
2009 08 29 20 00 00 1 4511.975
2009 08 29 20 15 00 1 4511.981
2009 08 29 20 30 00 1 4511.986
2009 08 29 20 45 00 1 4511.983
2009 08 29 21 00 00 1 4511.978
2009 08 29 21 15 00 1 4511.970
2009 08 29 21 30 00 1 4511.961
2009 08 29 21 45 00 1 4511.951
2009 08 29 22 00 00 1 4511.941
2009 08 29 22 15 00 1 4511.932
2009 08 29 22 30 00 1 4511.921
2009 08 29 22 45 00 1 4511.914
2009 08 29 23 00 00 1 4511.909
2009 08 29 23 15 00 1 4511.904
2009 08 29 23 30 00 1 4511.905
2009 08 29 23 45 00 1 4511.904
2009 08 30 00 00 00 1 4511.910
2009 08 30 00 15 00 1 4511.918
2009 08 30 00 30 00 1 4511.926
2009 08 30 00 45 00 1 4511.942
2009 08 30 01 00 00 1 4511.957
2009 08 30 01 15 00 1 4511.976
2009 08 30 01 30 00 1 4511.997
2009 08 30 01 45 00 1 4512.023
2009 08 30 02 00 00 1 4512.048
2009 08 30 02 15 00 1 4512.076
2009 08 30 02 30 00 1 4512.107
2009 08 30 02 45 00 1 4512.141
2009 08 30 03 00 00 1 4512.176
2009 08 30 03 15 00 1 4512.210
2009 08 30 03 30 00 1 4512.247
2009 08 30 03 45 00 1 4512.282
2009 08 30 04 00 00 1 4512.313
2009 08 30 04 15 00 1 4512.343
2009 08 30 04 30 00 1 4512.368
2009 08 30 04 45 00 1 4512.387
2009 08 30 05 00 00 1 4512.404
2009 08 30 05 15 00 1 4512.420
2009 08 30 05 30 00 1 4512.429
2009 08 30 05 45 00 1 4512.432
2009 08 30 06 00 00 1 4512.435
2009 08 30 06 15 00 1 4512.428
2009 08 30 06 30 00 1 4512.418
2009 08 30 06 45 00 1 4512.401
2009 08 30 07 00 00 1 4512.374
2009 08 30 07 15 00 1 4512.349
2009 08 30 07 30 00 1 4512.312
2009 08 30 07 45 00 1 4512.268
2009 08 30 08 00 00 1 4512.217
2009 08 30 08 15 00 1 4512.163
2009 08 30 08 30 00 1 4512.101
2009 08 30 08 45 00 1 4512.035
2009 08 30 09 00 00 1 4511.965
2009 08 30 09 15 00 1 4511.891
2009 08 30 09 30 00 1 4511.816
2009 08 30 09 45 00 1 4511.742
2009 08 30 10 00 00 1 4511.662
2009 08 30 10 15 00 1 4511.580
2009 08 30 10 30 00 1 4511.504
2009 08 30 10 45 00 1 4511.428
2009 08 30 11 00 00 1 4511.356
2009 08 30 11 15 00 1 4511.285
2009 08 30 11 30 00 1 4511.217
2009 08 30 11 45 00 1 4511.155
2009 08 30 12 00 00 1 4511.099
2009 08 30 12 15 00 1 4511.050
2009 08 30 12 30 00 1 4511.009
2009 08 30 12 45 00 1 4510.973
2009 08 30 13 00 00 1 4510.947
2009 08 30 13 15 00 1 4510.925
2009 08 30 13 30 00 1 4510.911
2009 08 30 13 45 00 1 4510.906
2009 08 30 14 00 00 1 4510.908
2009 08 30 14 15 00 1 4510.920
2009 08 30 14 30 00 1 4510.940
2009 08 30 14 45 00 1 4510.964
2009 08 30 15 00 00 1 4510.999
2009 08 30 15 15 00 1 4511.039
2009 08 30 15 30 00 1 4511.086
2009 08 30 15 45 00 1 4511.139
2009 08 30 16 00 00 1 4511.197
2009 08 30 16 15 00 1 4511.256
2009 08 30 16 30 00 1 4511.317
2009 08 30 16 45 00 1 4511.382
2009 08 30 17 00 00 1 4511.446
2009 08 30 17 15 00 1 4511.509
2009 08 30 17 30 00 1 4511.571
2009 08 30 17 45 00 1 4511.633
2009 08 30 18 00 00 1 4511.692
2009 08 30 18 15 00 1 4511.752
2009 08 30 18 30 00 1 4511.807
2009 08 30 18 45 00 1 4511.858
2009 08 30 19 00 00 1 4511.906
2009 08 30 19 15 00 1 4511.949
2009 08 30 19 30 00 1 4511.984
2009 08 30 19 45 00 1 4512.016
2009 08 30 20 00 00 1 4512.041
2009 08 30 20 15 00 1 4512.061
2009 08 30 20 30 00 1 4512.077
2009 08 30 20 45 00 1 4512.086
2009 08 30 21 00 00 1 4512.089
2009 08 30 21 15 00 1 4512.087
2009 08 30 21 30 00 1 4512.080
2009 08 30 21 45 00 1 4512.070
2009 08 30 22 00 00 1 4512.057
2009 08 30 22 15 00 1 4512.039
2009 08 30 22 30 00 1 4512.022
2009 08 30 22 45 00 1 4512.006
2009 08 30 23 00 00 1 4511.986
2009 08 30 23 15 00 1 4511.965
2009 08 30 23 30 00 1 4511.946
2009 08 30 23 45 00 1 4511.928
2009 08 31 00 00 00 1 4511.910
2009 08 31 00 15 00 1 4511.896
2009 08 31 00 30 00 1 4511.883
2009 08 31 00 45 00 1 4511.874
2009 08 31 01 00 00 1 4511.867
2009 08 31 01 15 00 1 4511.864
2009 08 31 01 30 00 1 4511.864
2009 08 31 01 45 00 1 4511.871
2009 08 31 02 00 00 1 4511.883
2009 08 31 02 15 00 1 4511.899
2009 08 31 02 30 00 1 4511.924
2009 08 31 02 45 00 1 4511.949
2009 08 31 03 00 00 1 4511.981
2009 08 31 03 15 00 1 4512.015
2009 08 31 03 30 00 1 4512.055
2009 08 31 03 45 00 1 4512.094
2009 08 31 04 00 00 1 4512.136
2009 08 31 04 15 00 1 4512.177
2009 08 31 04 30 00 1 4512.217
2009 08 31 04 45 00 1 4512.257
2009 08 31 05 00 00 1 4512.296
2009 08 31 05 15 00 1 4512.333
2009 08 31 05 30 00 1 4512.372
2009 08 31 05 45 00 1 4512.405
2009 08 31 06 00 00 1 4512.434
2009 08 31 06 15 00 1 4512.461
2009 08 31 06 30 00 1 4512.476
2009 08 31 06 45 00 1 4512.488
2009 08 31 07 00 00 1 4512.493
2009 08 31 07 15 00 1 4512.492
2009 08 31 07 30 00 1 4512.482
2009 08 31 07 45 00 1 4512.464
2009 08 31 08 00 00 1 4512.442
2009 08 31 08 15 00 1 4512.406
2009 08 31 08 30 00 1 4512.364
2009 08 31 08 45 00 1 4512.312
2009 08 31 09 00 00 1 4512.254
2009 08 31 09 15 00 1 4512.190
2009 08 31 09 30 00 1 4512.121
2009 08 31 09 45 00 1 4512.047
2009 08 31 10 00 00 1 4511.968
2009 08 31 10 15 00 1 4511.888
2009 08 31 10 30 00 1 4511.806
2009 08 31 10 45 00 1 4511.719
2009 08 31 11 00 00 1 4511.629
2009 08 31 11 15 00 1 4511.539
2009 08 31 11 30 00 1 4511.451
2009 08 31 11 45 00 1 4511.363
2009 08 31 12 00 00 1 4511.279
2009 08 31 12 15 00 1 4511.201
2009 08 31 12 30 00 1 4511.128
2009 08 31 12 45 00 1 4511.059
2009 08 31 13 00 00 1 4511.001
2009 08 31 13 15 00 1 4510.951
2009 08 31 13 30 00 1 4510.910
2009 08 31 13 45 00 1 4510.877
2009 08 31 14 00 00 1 4510.853
2009 08 31 14 15 00 1 4510.838
2009 08 31 14 30 00 1 4510.833
2009 08 31 14 45 00 1 4510.837
2009 08 31 15 00 00 1 4510.851
2009 08 31 15 15 00 1 4510.874
2009 08 31 15 30 00 1 4510.907
2009 08 31 15 45 00 1 4510.947
2009 08 31 16 00 00 1 4510.994
2009 08 31 16 15 00 1 4511.050
2009 08 31 16 30 00 1 4511.111
2009 08 31 16 45 00 1 4511.179
2009 08 31 17 00 00 1 4511.247
2009 08 31 17 15 00 1 4511.320
2009 08 31 17 30 00 1 4511.398
2009 08 31 17 45 00 1 4511.477
2009 08 31 18 00 00 1 4511.555
2009 08 31 18 15 00 1 4511.631
2009 08 31 18 30 00 1 4511.706
2009 08 31 18 45 00 1 4511.778
2009 08 31 19 00 00 1 4511.843
2009 08 31 19 15 00 1 4511.910
2009 08 31 19 30 00 1 4511.967
2009 08 31 19 45 00 1 4512.018
2009 08 31 20 00 00 1 4512.067
2009 08 31 20 15 00 1 4512.105
2009 08 31 20 30 00 1 4512.139
2009 08 31 20 45 00 1 4512.164
2009 08 31 21 00 00 1 4512.179
2009 08 31 21 15 00 1 4512.188
2009 08 31 21 30 00 1 4512.188
2009 08 31 21 45 00 1 4512.182
2009 08 31 22 00 00 1 4512.173
2009 08 31 22 15 00 1 4512.155
2009 08 31 22 30 00 1 4512.135
2009 08 31 22 45 00 1 4512.110
2009 08 31 23 00 00 1 4512.079
2009 08 31 23 15 00 1 4512.051
2009 08 31 23 30 00 1 4512.016
2009 08 31 23 45 00 1 4511.983
2009 09 01 00 00 00 1 4511.950
2009 09 01 00 15 00 1 4511.916
2009 09 01 00 30 00 1 4511.882
2009 09 01 00 45 00 1 4511.850
2009 09 01 01 00 00 1 4511.824
2009 09 01 01 15 00 1 4511.801
2009 09 01 01 30 00 1 4511.781
2009 09 01 01 45 00 1 4511.771
2009 09 01 02 00 00 1 4511.760
2009 09 01 02 15 00 1 4511.758
2009 09 01 02 30 00 1 4511.765
2009 09 01 02 45 00 1 4511.775
2009 09 01 03 00 00 1 4511.793
2009 09 01 03 15 00 1 4511.818
2009 09 01 03 30 00 1 4511.847
2009 09 01 03 45 00 1 4511.882
2009 09 01 04 00 00 1 4511.923
2009 09 01 04 15 00 1 4511.964
2009 09 01 04 30 00 1 4512.013
2009 09 01 04 45 00 1 4512.064
2009 09 01 05 00 00 1 4512.114
2009 09 01 05 15 00 1 4512.167
2009 09 01 05 30 00 1 4512.222
2009 09 01 05 45 00 1 4512.276
2009 09 01 06 00 00 1 4512.330
2009 09 01 06 15 00 1 4512.377
2009 09 01 06 30 00 1 4512.422
2009 09 01 06 45 00 1 4512.462
2009 09 01 07 00 00 1 4512.494
2009 09 01 07 15 00 1 4512.521
2009 09 01 07 30 00 1 4512.541
2009 09 01 07 45 00 1 4512.550
2009 09 01 08 00 00 1 4512.552
2009 09 01 08 15 00 1 4512.546
2009 09 01 08 30 00 1 4512.528
2009 09 01 08 45 00 1 4512.504
2009 09 01 09 00 00 1 4512.471
2009 09 01 09 15 00 1 4512.427
2009 09 01 09 30 00 1 4512.372
2009 09 01 09 45 00 1 4512.309
2009 09 01 10 00 00 1 4512.238
2009 09 01 10 15 00 1 4512.164
2009 09 01 10 30 00 1 4512.082
2009 09 01 10 45 00 1 4511.993
2009 09 01 11 00 00 1 4511.899
2009 09 01 11 15 00 1 4511.800
2009 09 01 11 30 00 1 4511.702
2009 09 01 11 45 00 1 4511.603
2009 09 01 12 00 00 1 4511.502
2009 09 01 12 15 00 1 4511.402
2009 09 01 12 30 00 1 4511.307
2009 09 01 12 45 00 1 4511.217
2009 09 01 13 00 00 1 4511.135
2009 09 01 13 15 00 1 4511.058
2009 09 01 13 30 00 1 4510.987
2009 09 01 13 45 00 1 4510.928
2009 09 01 14 00 00 1 4510.876
2009 09 01 14 15 00 1 4510.835
2009 09 01 14 30 00 1 4510.803
2009 09 01 14 45 00 1 4510.781
2009 09 01 15 00 00 1 4510.770
2009 09 01 15 15 00 1 4510.769
2009 09 01 15 30 00 1 4510.778
2009 09 01 15 45 00 1 4510.801
2009 09 01 16 00 00 1 4510.834
2009 09 01 16 15 00 1 4510.878
2009 09 01 16 30 00 1 4510.929
2009 09 01 16 45 00 1 4510.990
2009 09 01 17 00 00 1 4511.058
2009 09 01 17 15 00 1 4511.132
2009 09 01 17 30 00 1 4511.211
2009 09 01 17 45 00 1 4511.295
2009 09 01 18 00 00 1 4511.380
2009 09 01 18 15 00 1 4511.467
2009 09 01 18 30 00 1 4511.555
2009 09 01 18 45 00 1 4511.642
2009 09 01 19 00 00 1 4511.726
2009 09 01 19 15 00 1 4511.811
2009 09 01 19 30 00 1 4511.889
2009 09 01 19 45 00 1 4511.963
2009 09 01 20 00 00 1 4512.031
2009 09 01 20 15 00 1 4512.088
2009 09 01 20 30 00 1 4512.142
2009 09 01 20 45 00 1 4512.183
2009 09 01 21 00 00 1 4512.213
2009 09 01 21 15 00 1 4512.236
2009 09 01 21 30 00 1 4512.252
2009 09 01 21 45 00 1 4512.259
2009 09 01 22 00 00 1 4512.256
2009 09 01 22 15 00 1 4512.244
2009 09 01 22 30 00 1 4512.225
2009 09 01 22 45 00 1 4512.198
2009 09 01 23 00 00 1 4512.166
2009 09 01 23 15 00 1 4512.127
2009 09 01 23 30 00 1 4512.084
2009 09 01 23 45 00 1 4512.039
2009 09 02 00 00 00 1 4511.991
2009 09 02 00 15 00 1 4511.941
2009 09 02 00 30 00 1 4511.889
2009 09 02 00 45 00 1 4511.836
2009 09 02 01 00 00 1 4511.789
2009 09 02 01 15 00 1 4511.745
2009 09 02 01 30 00 1 4511.702
2009 09 02 01 45 00 1 4511.667
2009 09 02 02 00 00 1 4511.638
2009 09 02 02 15 00 1 4511.613
2009 09 02 02 30 00 1 4511.597
2009 09 02 02 45 00 1 4511.592
2009 09 02 03 00 00 1 4511.592
2009 09 02 03 15 00 1 4511.601
2009 09 02 03 30 00 1 4511.618
2009 09 02 03 45 00 1 4511.643
2009 09 02 04 00 00 1 4511.675
2009 09 02 04 15 00 1 4511.712
2009 09 02 04 30 00 1 4511.757
2009 09 02 04 45 00 1 4511.808
2009 09 02 05 00 00 1 4511.865
2009 09 02 05 15 00 1 4511.928
2009 09 02 05 30 00 1 4511.991
2009 09 02 05 45 00 1 4512.057
2009 09 02 06 00 00 1 4512.125
2009 09 02 06 15 00 1 4512.189
2009 09 02 06 30 00 1 4512.254
2009 09 02 06 45 00 1 4512.318
2009 09 02 07 00 00 1 4512.378
2009 09 02 07 15 00 1 4512.434
2009 09 02 07 30 00 1 4512.479
2009 09 02 07 45 00 1 4512.520
2009 09 02 08 00 00 1 4512.550
2009 09 02 08 15 00 1 4512.574
2009 09 02 08 30 00 1 4512.588
2009 09 02 08 45 00 1 4512.588
2009 09 02 09 00 00 1 4512.580
2009 09 02 09 15 00 1 4512.561
2009 09 02 09 30 00 1 4512.532
2009 09 02 09 45 00 1 4512.496
2009 09 02 10 00 00 1 4512.448
2009 09 02 10 15 00 1 4512.388
2009 09 02 10 30 00 1 4512.316
2009 09 02 10 45 00 1 4512.238
2009 09 02 11 00 00 1 4512.151
2009 09 02 11 15 00 1 4512.059
2009 09 02 11 30 00 1 4511.960
2009 09 02 11 45 00 1 4511.856
2009 09 02 12 00 00 1 4511.752
2009 09 02 12 15 00 1 4511.645
2009 09 02 12 30 00 1 4511.540
2009 09 02 12 45 00 1 4511.434
2009 09 02 13 00 00 1 4511.334
2009 09 02 13 15 00 1 4511.235
2009 09 02 13 30 00 1 4511.141
2009 09 02 13 45 00 1 4511.055
2009 09 02 14 00 00 1 4510.980
2009 09 02 14 15 00 1 4510.911
2009 09 02 14 30 00 1 4510.853
2009 09 02 14 45 00 1 4510.804
2009 09 02 15 00 00 1 4510.767
2009 09 02 15 15 00 1 4510.743
2009 09 02 15 30 00 1 4510.730
2009 09 02 15 45 00 1 4510.732
2009 09 02 16 00 00 1 4510.744
2009 09 02 16 15 00 1 4510.772
2009 09 02 16 30 00 1 4510.813
2009 09 02 16 45 00 1 4510.865
2009 09 02 17 00 00 1 4510.925
2009 09 02 17 15 00 1 4510.992
2009 09 02 17 30 00 1 4511.068
2009 09 02 17 45 00 1 4511.148
2009 09 02 18 00 00 1 4511.234
2009 09 02 18 15 00 1 4511.329
2009 09 02 18 30 00 1 4511.425
2009 09 02 18 45 00 1 4511.521
2009 09 02 19 00 00 1 4511.618
2009 09 02 19 15 00 1 4511.715
2009 09 02 19 30 00 1 4511.810
2009 09 02 19 45 00 1 4511.899
2009 09 02 20 00 00 1 4511.984
2009 09 02 20 15 00 1 4512.060
2009 09 02 20 30 00 1 4512.131
2009 09 02 20 45 00 1 4512.189
2009 09 02 21 00 00 1 4512.241
2009 09 02 21 15 00 1 4512.283
2009 09 02 21 30 00 1 4512.314
2009 09 02 21 45 00 1 4512.334
2009 09 02 22 00 00 1 4512.343
2009 09 02 22 15 00 1 4512.342
2009 09 02 22 30 00 1 4512.331
2009 09 02 22 45 00 1 4512.311
2009 09 02 23 00 00 1 4512.282
2009 09 02 23 15 00 1 4512.245
2009 09 02 23 30 00 1 4512.200
2009 09 02 23 45 00 1 4512.147
2009 09 03 00 00 00 1 4512.091
2009 09 03 00 15 00 1 4512.034
2009 09 03 00 30 00 1 4511.968
2009 09 03 00 45 00 1 4511.901
2009 09 03 01 00 00 1 4511.831
2009 09 03 01 15 00 1 4511.769
2009 09 03 01 30 00 1 4511.704
2009 09 03 01 45 00 1 4511.646
2009 09 03 02 00 00 1 4511.592
2009 09 03 02 15 00 1 4511.543
2009 09 03 02 30 00 1 4511.502
2009 09 03 02 45 00 1 4511.470
2009 09 03 03 00 00 1 4511.446
2009 09 03 03 15 00 1 4511.431
2009 09 03 03 30 00 1 4511.427
2009 09 03 03 45 00 1 4511.430
2009 09 03 04 00 00 1 4511.445
2009 09 03 04 15 00 1 4511.467
2009 09 03 04 30 00 1 4511.498
2009 09 03 04 45 00 1 4511.542
2009 09 03 05 00 00 1 4511.590
2009 09 03 05 15 00 1 4511.647
2009 09 03 05 30 00 1 4511.711
2009 09 03 05 45 00 1 4511.784
2009 09 03 06 00 00 1 4511.862
2009 09 03 06 15 00 1 4511.939
2009 09 03 06 30 00 1 4512.021
2009 09 03 06 45 00 1 4512.099
2009 09 03 07 00 00 1 4512.178
2009 09 03 07 15 00 1 4512.252
2009 09 03 07 30 00 1 4512.322
2009 09 03 07 45 00 1 4512.390
2009 09 03 08 00 00 1 4512.449
2009 09 03 08 15 00 1 4512.500
2009 09 03 08 30 00 1 4512.544
2009 09 03 08 45 00 1 4512.579
2009 09 03 09 00 00 1 4512.601
2009 09 03 09 15 00 1 4512.612
2009 09 03 09 30 00 1 4512.614
2009 09 03 09 45 00 1 4512.603
2009 09 03 10 00 00 1 4512.581
2009 09 03 10 15 00 1 4512.547
2009 09 03 10 30 00 1 4512.502
2009 09 03 10 45 00 1 4512.444
2009 09 03 11 00 00 1 4512.373
2009 09 03 11 15 00 1 4512.295
2009 09 03 11 30 00 1 4512.207
2009 09 03 11 45 00 1 4512.112
2009 09 03 12 00 00 1 4512.011
2009 09 03 12 15 00 1 4511.906
2009 09 03 12 30 00 1 4511.798
2009 09 03 12 45 00 1 4511.687
2009 09 03 13 00 00 1 4511.575
2009 09 03 13 15 00 1 4511.466
2009 09 03 13 30 00 1 4511.356
2009 09 03 13 45 00 1 4511.254
2009 09 03 14 00 00 1 4511.154
2009 09 03 14 15 00 1 4511.064
2009 09 03 14 30 00 1 4510.982
2009 09 03 14 45 00 1 4510.911
2009 09 03 15 00 00 1 4510.848
2009 09 03 15 15 00 1 4510.800
2009 09 03 15 30 00 1 4510.763
2009 09 03 15 45 00 1 4510.738
2009 09 03 16 00 00 1 4510.727
2009 09 03 16 15 00 1 4510.731
2009 09 03 16 30 00 1 4510.746
2009 09 03 16 45 00 1 4510.772
2009 09 03 17 00 00 1 4510.813
2009 09 03 17 15 00 1 4510.866
2009 09 03 17 30 00 1 4510.931
2009 09 03 17 45 00 1 4511.004
2009 09 03 18 00 00 1 4511.088
2009 09 03 18 15 00 1 4511.177
2009 09 03 18 30 00 1 4511.271
2009 09 03 18 45 00 1 4511.371
2009 09 03 19 00 00 1 4511.474
2009 09 03 19 15 00 1 4511.578
2009 09 03 19 30 00 1 4511.684
2009 09 03 19 45 00 1 4511.786
2009 09 03 20 00 00 1 4511.886
2009 09 03 20 15 00 1 4511.981
2009 09 03 20 30 00 1 4512.070
2009 09 03 20 45 00 1 4512.151
2009 09 03 21 00 00 1 4512.223
2009 09 03 21 15 00 1 4512.285
2009 09 03 21 30 00 1 4512.334
2009 09 03 21 45 00 1 4512.375
2009 09 03 22 00 00 1 4512.400
2009 09 03 22 15 00 1 4512.417
2009 09 03 22 30 00 1 4512.422
2009 09 03 22 45 00 1 4512.412
2009 09 03 23 00 00 1 4512.393
2009 09 03 23 15 00 1 4512.363
2009 09 03 23 30 00 1 4512.323
2009 09 03 23 45 00 1 4512.275
2009 09 04 00 00 00 1 4512.217
2009 09 04 00 15 00 1 4512.153
2009 09 04 00 30 00 1 4512.082
2009 09 04 00 45 00 1 4512.008
2009 09 04 01 00 00 1 4511.930
2009 09 04 01 15 00 1 4511.853
2009 09 04 01 30 00 1 4511.774
2009 09 04 01 45 00 1 4511.695
2009 09 04 02 00 00 1 4511.622
2009 09 04 02 15 00 1 4511.553
2009 09 04 02 30 00 1 4511.488
2009 09 04 02 45 00 1 4511.429
2009 09 04 03 00 00 1 4511.382
2009 09 04 03 15 00 1 4511.341
2009 09 04 03 30 00 1 4511.308
2009 09 04 03 45 00 1 4511.288
2009 09 04 04 00 00 1 4511.279
2009 09 04 04 15 00 1 4511.280
2009 09 04 04 30 00 1 4511.294
2009 09 04 04 45 00 1 4511.316
2009 09 04 05 00 00 1 4511.352
2009 09 04 05 15 00 1 4511.394
2009 09 04 05 30 00 1 4511.448
2009 09 04 05 45 00 1 4511.511
2009 09 04 06 00 00 1 4511.581
2009 09 04 06 15 00 1 4511.657
2009 09 04 06 30 00 1 4511.737
2009 09 04 06 45 00 1 4511.822
2009 09 04 07 00 00 1 4511.911
2009 09 04 07 15 00 1 4511.998
2009 09 04 07 30 00 1 4512.087
2009 09 04 07 45 00 1 4512.173
2009 09 04 08 00 00 1 4512.257
2009 09 04 08 15 00 1 4512.333
2009 09 04 08 30 00 1 4512.401
2009 09 04 08 45 00 1 4512.461
2009 09 04 09 00 00 1 4512.514
2009 09 04 09 15 00 1 4512.556
2009 09 04 09 30 00 1 4512.588
2009 09 04 09 45 00 1 4512.606
2009 09 04 10 00 00 1 4512.612
2009 09 04 10 15 00 1 4512.608
2009 09 04 10 30 00 1 4512.589
2009 09 04 10 45 00 1 4512.557
2009 09 04 11 00 00 1 4512.510
2009 09 04 11 15 00 1 4512.454
2009 09 04 11 30 00 1 4512.386
2009 09 04 11 45 00 1 4512.307
2009 09 04 12 00 00 1 4512.218
2009 09 04 12 15 00 1 4512.123
2009 09 04 12 30 00 1 4512.021
2009 09 04 12 45 00 1 4511.914
2009 09 04 13 00 00 1 4511.803
2009 09 04 13 15 00 1 4511.689
2009 09 04 13 30 00 1 4511.577
2009 09 04 13 45 00 1 4511.466
2009 09 04 14 00 00 1 4511.358
2009 09 04 14 15 00 1 4511.252
2009 09 04 14 30 00 1 4511.152
2009 09 04 14 45 00 1 4511.060
2009 09 04 15 00 00 1 4510.978
2009 09 04 15 15 00 1 4510.906
2009 09 04 15 30 00 1 4510.848
2009 09 04 15 45 00 1 4510.802
2009 09 04 16 00 00 1 4510.765
2009 09 04 16 15 00 1 4510.746
2009 09 04 16 30 00 1 4510.737
2009 09 04 16 45 00 1 4510.743
2009 09 04 17 00 00 1 4510.761
2009 09 04 17 15 00 1 4510.795
2009 09 04 17 30 00 1 4510.840
2009 09 04 17 45 00 1 4510.899
2009 09 04 18 00 00 1 4510.969
2009 09 04 18 15 00 1 4511.051
2009 09 04 18 30 00 1 4511.142
2009 09 04 18 45 00 1 4511.238
2009 09 04 19 00 00 1 4511.341
2009 09 04 19 15 00 1 4511.450
2009 09 04 19 30 00 1 4511.558
2009 09 04 19 45 00 1 4511.668
2009 09 04 20 00 00 1 4511.776
2009 09 04 20 15 00 1 4511.881
2009 09 04 20 30 00 1 4511.982
2009 09 04 20 45 00 1 4512.079
2009 09 04 21 00 00 1 4512.167
2009 09 04 21 15 00 1 4512.245
2009 09 04 21 30 00 1 4512.316
2009 09 04 21 45 00 1 4512.374
2009 09 04 22 00 00 1 4512.421
2009 09 04 22 15 00 1 4512.458
2009 09 04 22 30 00 1 4512.479
2009 09 04 22 45 00 1 4512.489
2009 09 04 23 00 00 1 4512.488
2009 09 04 23 15 00 1 4512.471
2009 09 04 23 30 00 1 4512.446
2009 09 04 23 45 00 1 4512.405
2009 09 05 00 00 00 1 4512.356
2009 09 05 00 15 00 1 4512.294
2009 09 05 00 30 00 1 4512.225
2009 09 05 00 45 00 1 4512.147
2009 09 05 01 00 00 1 4512.064
2009 09 05 01 15 00 1 4511.975
2009 09 05 01 30 00 1 4511.884
2009 09 05 01 45 00 1 4511.793
2009 09 05 02 00 00 1 4511.700
2009 09 05 02 15 00 1 4511.610
2009 09 05 02 30 00 1 4511.523
2009 09 05 02 45 00 1 4511.443
2009 09 05 03 00 00 1 4511.367
2009 09 05 03 15 00 1 4511.299
2009 09 05 03 30 00 1 4511.241
2009 09 05 03 45 00 1 4511.194
2009 09 05 04 00 00 1 4511.157
2009 09 05 04 15 00 1 4511.132
2009 09 05 04 30 00 1 4511.118
2009 09 05 04 45 00 1 4511.117
2009 09 05 05 00 00 1 4511.128
2009 09 05 05 15 00 1 4511.151
2009 09 05 05 30 00 1 4511.187
2009 09 05 05 45 00 1 4511.232
2009 09 05 06 00 00 1 4511.289
2009 09 05 06 15 00 1 4511.355
2009 09 05 06 30 00 1 4511.429
2009 09 05 06 45 00 1 4511.511
2009 09 05 07 00 00 1 4511.600
2009 09 05 07 15 00 1 4511.693
2009 09 05 07 30 00 1 4511.786
2009 09 05 07 45 00 1 4511.882
2009 09 05 08 00 00 1 4511.976
2009 09 05 08 15 00 1 4512.070
2009 09 05 08 30 00 1 4512.158
2009 09 05 08 45 00 1 4512.243
2009 09 05 09 00 00 1 4512.321
2009 09 05 09 15 00 1 4512.392
2009 09 05 09 30 00 1 4512.454
2009 09 05 09 45 00 1 4512.504
2009 09 05 10 00 00 1 4512.545
2009 09 05 10 15 00 1 4512.571
2009 09 05 10 30 00 1 4512.585
2009 09 05 10 45 00 1 4512.586
2009 09 05 11 00 00 1 4512.573
2009 09 05 11 15 00 1 4512.545
2009 09 05 11 30 00 1 4512.504
2009 09 05 11 45 00 1 4512.451
2009 09 05 12 00 00 1 4512.384
2009 09 05 12 15 00 1 4512.313
2009 09 05 12 30 00 1 4512.226
2009 09 05 12 45 00 1 4512.137
2009 09 05 13 00 00 1 4512.039
2009 09 05 13 15 00 1 4511.937
2009 09 05 13 30 00 1 4511.830
2009 09 05 13 45 00 1 4511.721
2009 09 05 14 00 00 1 4511.611
2009 09 05 14 15 00 1 4511.501
2009 09 05 14 30 00 1 4511.396
2009 09 05 14 45 00 1 4511.296
2009 09 05 15 00 00 1 4511.202
2009 09 05 15 15 00 1 4511.116
2009 09 05 15 30 00 1 4511.040
2009 09 05 15 45 00 1 4510.971
2009 09 05 16 00 00 1 4510.914
2009 09 05 16 15 00 1 4510.869
2009 09 05 16 30 00 1 4510.838
2009 09 05 16 45 00 1 4510.822
2009 09 05 17 00 00 1 4510.822
2009 09 05 17 15 00 1 4510.834
2009 09 05 17 30 00 1 4510.860
2009 09 05 17 45 00 1 4510.900
2009 09 05 18 00 00 1 4510.952
2009 09 05 18 15 00 1 4511.016
2009 09 05 18 30 00 1 4511.091
2009 09 05 18 45 00 1 4511.177
2009 09 05 19 00 00 1 4511.271
2009 09 05 19 15 00 1 4511.370
2009 09 05 19 30 00 1 4511.479
2009 09 05 19 45 00 1 4511.589
2009 09 05 20 00 00 1 4511.701
2009 09 05 20 15 00 1 4511.815
2009 09 05 20 30 00 1 4511.925
2009 09 05 20 45 00 1 4512.031
2009 09 05 21 00 00 1 4512.132
2009 09 05 21 15 00 1 4512.224
2009 09 05 21 30 00 1 4512.310
2009 09 05 21 45 00 1 4512.385
2009 09 05 22 00 00 1 4512.451
2009 09 05 22 15 00 1 4512.504
2009 09 05 22 30 00 1 4512.548
2009 09 05 22 45 00 1 4512.577
2009 09 05 23 00 00 1 4512.592
2009 09 05 23 15 00 1 4512.596
2009 09 05 23 30 00 1 4512.584
2009 09 05 23 45 00 1 4512.558
2009 09 06 00 00 00 1 4512.521
2009 09 06 00 15 00 1 4512.469
2009 09 06 00 30 00 1 4512.409
2009 09 06 00 45 00 1 4512.336
2009 09 06 01 00 00 1 4512.256
2009 09 06 01 15 00 1 4512.164
2009 09 06 01 30 00 1 4512.068
2009 09 06 01 45 00 1 4511.966
2009 09 06 02 00 00 1 4511.863
2009 09 06 02 15 00 1 4511.757
2009 09 06 02 30 00 1 4511.656
2009 09 06 02 45 00 1 4511.553
2009 09 06 03 00 00 1 4511.457
2009 09 06 03 15 00 1 4511.365
2009 09 06 03 30 00 1 4511.282
2009 09 06 03 45 00 1 4511.209
2009 09 06 04 00 00 1 4511.146
2009 09 06 04 15 00 1 4511.093
2009 09 06 04 30 00 1 4511.050
2009 09 06 04 45 00 1 4511.019
2009 09 06 05 00 00 1 4511.000
2009 09 06 05 15 00 1 4510.994
2009 09 06 05 30 00 1 4511.001
2009 09 06 05 45 00 1 4511.021
2009 09 06 06 00 00 1 4511.052
2009 09 06 06 15 00 1 4511.097
2009 09 06 06 30 00 1 4511.156
2009 09 06 06 45 00 1 4511.223
2009 09 06 07 00 00 1 4511.302
2009 09 06 07 15 00 1 4511.386
2009 09 06 07 30 00 1 4511.474
2009 09 06 07 45 00 1 4511.570
2009 09 06 08 00 00 1 4511.668
2009 09 06 08 15 00 1 4511.769
2009 09 06 08 30 00 1 4511.868
2009 09 06 08 45 00 1 4511.965
2009 09 06 09 00 00 1 4512.058
2009 09 06 09 15 00 1 4512.146
2009 09 06 09 30 00 1 4512.229
2009 09 06 09 45 00 1 4512.304
2009 09 06 10 00 00 1 4512.370
2009 09 06 10 15 00 1 4512.426
2009 09 06 10 30 00 1 4512.472
2009 09 06 10 45 00 1 4512.504
2009 09 06 11 00 00 1 4512.524
2009 09 06 11 15 00 1 4512.531
2009 09 06 11 30 00 1 4512.524
2009 09 06 11 45 00 1 4512.505
2009 09 06 12 00 00 1 4512.470
2009 09 06 12 15 00 1 4512.425
2009 09 06 12 30 00 1 4512.371
2009 09 06 12 45 00 1 4512.302
2009 09 06 13 00 00 1 4512.228
2009 09 06 13 15 00 1 4512.147
2009 09 06 13 30 00 1 4512.056
2009 09 06 13 45 00 1 4511.963
2009 09 06 14 00 00 1 4511.862
2009 09 06 14 15 00 1 4511.758
2009 09 06 14 30 00 1 4511.655
2009 09 06 14 45 00 1 4511.553
2009 09 06 15 00 00 1 4511.453
2009 09 06 15 15 00 1 4511.359
2009 09 06 15 30 00 1 4511.270
2009 09 06 15 45 00 1 4511.190
2009 09 06 16 00 00 1 4511.117
2009 09 06 16 15 00 1 4511.057
2009 09 06 16 30 00 1 4511.009
2009 09 06 16 45 00 1 4510.971
2009 09 06 17 00 00 1 4510.948
2009 09 06 17 15 00 1 4510.937
2009 09 06 17 30 00 1 4510.942
2009 09 06 17 45 00 1 4510.957
2009 09 06 18 00 00 1 4510.987
2009 09 06 18 15 00 1 4511.031
2009 09 06 18 30 00 1 4511.087
2009 09 06 18 45 00 1 4511.156
2009 09 06 19 00 00 1 4511.233
2009 09 06 19 15 00 1 4511.318
2009 09 06 19 30 00 1 4511.412
2009 09 06 19 45 00 1 4511.513
2009 09 06 20 00 00 1 4511.619
2009 09 06 20 15 00 1 4511.728
2009 09 06 20 30 00 1 4511.839
2009 09 06 20 45 00 1 4511.949
2009 09 06 21 00 00 1 4512.057
2009 09 06 21 15 00 1 4512.160
2009 09 06 21 30 00 1 4512.257
2009 09 06 21 45 00 1 4512.348
2009 09 06 22 00 00 1 4512.428
2009 09 06 22 15 00 1 4512.500
2009 09 06 22 30 00 1 4512.560
2009 09 06 22 45 00 1 4512.609
2009 09 06 23 00 00 1 4512.644
2009 09 06 23 15 00 1 4512.666
2009 09 06 23 30 00 1 4512.675
2009 09 06 23 45 00 1 4512.671
2009 09 07 00 00 00 1 4512.651
2009 09 07 00 15 00 1 4512.619
2009 09 07 00 30 00 1 4512.574
2009 09 07 00 45 00 1 4512.516
2009 09 07 01 00 00 1 4512.446
2009 09 07 01 15 00 1 4512.365
2009 09 07 01 30 00 1 4512.276
2009 09 07 01 45 00 1 4512.177
2009 09 07 02 00 00 1 4512.073
2009 09 07 02 15 00 1 4511.964
2009 09 07 02 30 00 1 4511.855
2009 09 07 02 45 00 1 4511.743
2009 09 07 03 00 00 1 4511.632
2009 09 07 03 15 00 1 4511.524
2009 09 07 03 30 00 1 4511.419
2009 09 07 03 45 00 1 4511.322
2009 09 07 04 00 00 1 4511.229
2009 09 07 04 15 00 1 4511.148
2009 09 07 04 30 00 1 4511.075
2009 09 07 04 45 00 1 4511.013
2009 09 07 05 00 00 1 4510.963
2009 09 07 05 15 00 1 4510.926
2009 09 07 05 30 00 1 4510.901
2009 09 07 05 45 00 1 4510.893
2009 09 07 06 00 00 1 4510.896
2009 09 07 06 15 00 1 4510.912
2009 09 07 06 30 00 1 4510.941
2009 09 07 06 45 00 1 4510.981
2009 09 07 07 00 00 1 4511.036
2009 09 07 07 15 00 1 4511.099
2009 09 07 07 30 00 1 4511.172
2009 09 07 07 45 00 1 4511.253
2009 09 07 08 00 00 1 4511.340
2009 09 07 08 15 00 1 4511.433
2009 09 07 08 30 00 1 4511.532
2009 09 07 08 45 00 1 4511.632
2009 09 07 09 00 00 1 4511.733
2009 09 07 09 15 00 1 4511.834
2009 09 07 09 30 00 1 4511.929
2009 09 07 09 45 00 1 4512.023
2009 09 07 10 00 00 1 4512.109
2009 09 07 10 15 00 1 4512.186
2009 09 07 10 30 00 1 4512.254
2009 09 07 10 45 00 1 4512.312
2009 09 07 11 00 00 1 4512.359
2009 09 07 11 15 00 1 4512.396
2009 09 07 11 30 00 1 4512.421
2009 09 07 11 45 00 1 4512.436
2009 09 07 12 00 00 1 4512.436
2009 09 07 12 15 00 1 4512.425
2009 09 07 12 30 00 1 4512.403
2009 09 07 12 45 00 1 4512.367
2009 09 07 13 00 00 1 4512.323
2009 09 07 13 15 00 1 4512.270
2009 09 07 13 30 00 1 4512.206
2009 09 07 13 45 00 1 4512.134
2009 09 07 14 00 00 1 4512.053
2009 09 07 14 15 00 1 4511.970
2009 09 07 14 30 00 1 4511.879
2009 09 07 14 45 00 1 4511.788
2009 09 07 15 00 00 1 4511.694
2009 09 07 15 15 00 1 4511.599
2009 09 07 15 30 00 1 4511.512
2009 09 07 15 45 00 1 4511.428
2009 09 07 16 00 00 1 4511.347
2009 09 07 16 15 00 1 4511.277
2009 09 07 16 30 00 1 4511.215
2009 09 07 16 45 00 1 4511.162
2009 09 07 17 00 00 1 4511.121
2009 09 07 17 15 00 1 4511.092
2009 09 07 17 30 00 1 4511.073
2009 09 07 17 45 00 1 4511.068
2009 09 07 18 00 00 1 4511.072
2009 09 07 18 15 00 1 4511.092
2009 09 07 18 30 00 1 4511.124
2009 09 07 18 45 00 1 4511.168
2009 09 07 19 00 00 1 4511.225
2009 09 07 19 15 00 1 4511.293
2009 09 07 19 30 00 1 4511.369
2009 09 07 19 45 00 1 4511.454
2009 09 07 20 00 00 1 4511.546
2009 09 07 20 15 00 1 4511.644
2009 09 07 20 30 00 1 4511.748
2009 09 07 20 45 00 1 4511.851
2009 09 07 21 00 00 1 4511.958
2009 09 07 21 15 00 1 4512.063
2009 09 07 21 30 00 1 4512.164
2009 09 07 21 45 00 1 4512.260
2009 09 07 22 00 00 1 4512.353
2009 09 07 22 15 00 1 4512.436
2009 09 07 22 30 00 1 4512.511
2009 09 07 22 45 00 1 4512.577
2009 09 07 23 00 00 1 4512.631
2009 09 07 23 15 00 1 4512.670
2009 09 07 23 30 00 1 4512.702
2009 09 07 23 45 00 1 4512.716
2009 09 08 00 00 00 1 4512.717
2009 09 08 00 15 00 1 4512.706
2009 09 08 00 30 00 1 4512.681
2009 09 08 00 45 00 1 4512.644
2009 09 08 01 00 00 1 4512.592
2009 09 08 01 15 00 1 4512.528
2009 09 08 01 30 00 1 4512.454
2009 09 08 01 45 00 1 4512.367
2009 09 08 02 00 00 1 4512.272
2009 09 08 02 15 00 1 4512.173
2009 09 08 02 30 00 1 4512.067
2009 09 08 02 45 00 1 4511.954
2009 09 08 03 00 00 1 4511.841
2009 09 08 03 15 00 1 4511.725
2009 09 08 03 30 00 1 4511.612
2009 09 08 03 45 00 1 4511.498
2009 09 08 04 00 00 1 4511.391
2009 09 08 04 15 00 1 4511.287
2009 09 08 04 30 00 1 4511.190
2009 09 08 04 45 00 1 4511.104
2009 09 08 05 00 00 1 4511.026
2009 09 08 05 15 00 1 4510.960
2009 09 08 05 30 00 1 4510.905
2009 09 08 05 45 00 1 4510.862
2009 09 08 06 00 00 1 4510.831
2009 09 08 06 15 00 1 4510.813
2009 09 08 06 30 00 1 4510.808
2009 09 08 06 45 00 1 4510.817
2009 09 08 07 00 00 1 4510.839
2009 09 08 07 15 00 1 4510.871
2009 09 08 07 30 00 1 4510.914
2009 09 08 07 45 00 1 4510.970
2009 09 08 08 00 00 1 4511.036
2009 09 08 08 15 00 1 4511.110
2009 09 08 08 30 00 1 4511.191
2009 09 08 08 45 00 1 4511.278
2009 09 08 09 00 00 1 4511.372
2009 09 08 09 15 00 1 4511.468
2009 09 08 09 30 00 1 4511.565
2009 09 08 09 45 00 1 4511.661
2009 09 08 10 00 00 1 4511.754
2009 09 08 10 15 00 1 4511.843
2009 09 08 10 30 00 1 4511.928
2009 09 08 10 45 00 1 4512.006
2009 09 08 11 00 00 1 4512.076
2009 09 08 11 15 00 1 4512.140
2009 09 08 11 30 00 1 4512.191
2009 09 08 11 45 00 1 4512.234
2009 09 08 12 00 00 1 4512.267
2009 09 08 12 15 00 1 4512.288
2009 09 08 12 30 00 1 4512.297
2009 09 08 12 45 00 1 4512.298
2009 09 08 13 00 00 1 4512.286
2009 09 08 13 15 00 1 4512.265
2009 09 08 13 30 00 1 4512.235
2009 09 08 13 45 00 1 4512.195
2009 09 08 14 00 00 1 4512.145
2009 09 08 14 15 00 1 4512.088
2009 09 08 14 30 00 1 4512.023
2009 09 08 14 45 00 1 4511.952
2009 09 08 15 00 00 1 4511.877
2009 09 08 15 15 00 1 4511.799
2009 09 08 15 30 00 1 4511.721
2009 09 08 15 45 00 1 4511.644
2009 09 08 16 00 00 1 4511.571
2009 09 08 16 15 00 1 4511.500
2009 09 08 16 30 00 1 4511.437
2009 09 08 16 45 00 1 4511.381
2009 09 08 17 00 00 1 4511.332
2009 09 08 17 15 00 1 4511.291
2009 09 08 17 30 00 1 4511.257
2009 09 08 17 45 00 1 4511.236
2009 09 08 18 00 00 1 4511.223
2009 09 08 18 15 00 1 4511.219
2009 09 08 18 30 00 1 4511.228
2009 09 08 18 45 00 1 4511.247
2009 09 08 19 00 00 1 4511.279
2009 09 08 19 15 00 1 4511.323
2009 09 08 19 30 00 1 4511.375
2009 09 08 19 45 00 1 4511.438
2009 09 08 20 00 00 1 4511.510
2009 09 08 20 15 00 1 4511.589
2009 09 08 20 30 00 1 4511.674
2009 09 08 20 45 00 1 4511.764
2009 09 08 21 00 00 1 4511.857
2009 09 08 21 15 00 1 4511.952
2009 09 08 21 30 00 1 4512.047
2009 09 08 21 45 00 1 4512.143
2009 09 08 22 00 00 1 4512.236
2009 09 08 22 15 00 1 4512.327
2009 09 08 22 30 00 1 4512.410
2009 09 08 22 45 00 1 4512.486
2009 09 08 23 00 00 1 4512.555
2009 09 08 23 15 00 1 4512.616
2009 09 08 23 30 00 1 4512.664
2009 09 08 23 45 00 1 4512.705
2009 09 09 00 00 00 1 4512.734
2009 09 09 00 15 00 1 4512.749
2009 09 09 00 30 00 1 4512.750
2009 09 09 00 45 00 1 4512.739
2009 09 09 01 00 00 1 4512.711
2009 09 09 01 15 00 1 4512.672
2009 09 09 01 30 00 1 4512.620
2009 09 09 01 45 00 1 4512.558
2009 09 09 02 00 00 1 4512.484
2009 09 09 02 15 00 1 4512.401
2009 09 09 02 30 00 1 4512.308
2009 09 09 02 45 00 1 4512.209
2009 09 09 03 00 00 1 4512.105
2009 09 09 03 15 00 1 4511.992
2009 09 09 03 30 00 1 4511.880
2009 09 09 03 45 00 1 4511.765
2009 09 09 04 00 00 1 4511.651
2009 09 09 04 15 00 1 4511.537
2009 09 09 04 30 00 1 4511.428
2009 09 09 04 45 00 1 4511.323
2009 09 09 05 00 00 1 4511.224
2009 09 09 05 15 00 1 4511.135
2009 09 09 05 30 00 1 4511.052
2009 09 09 05 45 00 1 4510.980
2009 09 09 06 00 00 1 4510.917
2009 09 09 06 15 00 1 4510.868
2009 09 09 06 30 00 1 4510.827
2009 09 09 06 45 00 1 4510.799
2009 09 09 07 00 00 1 4510.786
2009 09 09 07 15 00 1 4510.781
2009 09 09 07 30 00 1 4510.791
2009 09 09 07 45 00 1 4510.810
2009 09 09 08 00 00 1 4510.841
2009 09 09 08 15 00 1 4510.883
2009 09 09 08 30 00 1 4510.938
2009 09 09 08 45 00 1 4511.000
2009 09 09 09 00 00 1 4511.069
2009 09 09 09 15 00 1 4511.147
2009 09 09 09 30 00 1 4511.228
2009 09 09 09 45 00 1 4511.312
2009 09 09 10 00 00 1 4511.401
2009 09 09 10 15 00 1 4511.491
2009 09 09 10 30 00 1 4511.577
2009 09 09 10 45 00 1 4511.661
2009 09 09 11 00 00 1 4511.742
2009 09 09 11 15 00 1 4511.818
2009 09 09 11 30 00 1 4511.889
2009 09 09 11 45 00 1 4511.953
2009 09 09 12 00 00 1 4512.010
2009 09 09 12 15 00 1 4512.060
2009 09 09 12 30 00 1 4512.099
2009 09 09 12 45 00 1 4512.132
2009 09 09 13 00 00 1 4512.155
2009 09 09 13 15 00 1 4512.166
2009 09 09 13 30 00 1 4512.168
2009 09 09 13 45 00 1 4512.162
2009 09 09 14 00 00 1 4512.147
2009 09 09 14 15 00 1 4512.123
2009 09 09 14 30 00 1 4512.089
2009 09 09 14 45 00 1 4512.049
2009 09 09 15 00 00 1 4512.002
2009 09 09 15 15 00 1 4511.949
2009 09 09 15 30 00 1 4511.894
2009 09 09 15 45 00 1 4511.837
2009 09 09 16 00 00 1 4511.777
2009 09 09 16 15 00 1 4511.719
2009 09 09 16 30 00 1 4511.662
2009 09 09 16 45 00 1 4511.610
2009 09 09 17 00 00 1 4511.560
2009 09 09 17 15 00 1 4511.517
2009 09 09 17 30 00 1 4511.479
2009 09 09 17 45 00 1 4511.445
2009 09 09 18 00 00 1 4511.418
2009 09 09 18 15 00 1 4511.397
2009 09 09 18 30 00 1 4511.386
2009 09 09 18 45 00 1 4511.386
2009 09 09 19 00 00 1 4511.396
2009 09 09 19 15 00 1 4511.417
2009 09 09 19 30 00 1 4511.445
2009 09 09 19 45 00 1 4511.484
2009 09 09 20 00 00 1 4511.531
2009 09 09 20 15 00 1 4511.587
2009 09 09 20 30 00 1 4511.649
2009 09 09 20 45 00 1 4511.719
2009 09 09 21 00 00 1 4511.793
2009 09 09 21 15 00 1 4511.875
2009 09 09 21 30 00 1 4511.958
2009 09 09 21 45 00 1 4512.043
2009 09 09 22 00 00 1 4512.133
2009 09 09 22 15 00 1 4512.219
2009 09 09 22 30 00 1 4512.302
2009 09 09 22 45 00 1 4512.379
2009 09 09 23 00 00 1 4512.457
2009 09 09 23 15 00 1 4512.525
2009 09 09 23 30 00 1 4512.585
2009 09 09 23 45 00 1 4512.639
2009 09 10 00 00 00 1 4512.682
2009 09 10 00 15 00 1 4512.714
2009 09 10 00 30 00 1 4512.735
2009 09 10 00 45 00 1 4512.748
2009 09 10 01 00 00 1 4512.749
2009 09 10 01 15 00 1 4512.738
2009 09 10 01 30 00 1 4512.714
2009 09 10 01 45 00 1 4512.678
2009 09 10 02 00 00 1 4512.634
2009 09 10 02 15 00 1 4512.580
2009 09 10 02 30 00 1 4512.513
2009 09 10 02 45 00 1 4512.435
2009 09 10 03 00 00 1 4512.349
2009 09 10 03 15 00 1 4512.256
2009 09 10 03 30 00 1 4512.158
2009 09 10 03 45 00 1 4512.056
2009 09 10 04 00 00 1 4511.951
2009 09 10 04 15 00 1 4511.845
2009 09 10 04 30 00 1 4511.733
2009 09 10 04 45 00 1 4511.623
2009 09 10 05 00 00 1 4511.511
2009 09 10 05 15 00 1 4511.408
2009 09 10 05 30 00 1 4511.309
2009 09 10 05 45 00 1 4511.216
2009 09 10 06 00 00 1 4511.130
2009 09 10 06 15 00 1 4511.048
2009 09 10 06 30 00 1 4510.981
2009 09 10 06 45 00 1 4510.920
2009 09 10 07 00 00 1 4510.870
2009 09 10 07 15 00 1 4510.831
2009 09 10 07 30 00 1 4510.802
2009 09 10 07 45 00 1 4510.783
2009 09 10 08 00 00 1 4510.774
2009 09 10 08 15 00 1 4510.778
2009 09 10 08 30 00 1 4510.792
2009 09 10 08 45 00 1 4510.816
2009 09 10 09 00 00 1 4510.850
2009 09 10 09 15 00 1 4510.894
2009 09 10 09 30 00 1 4510.946
2009 09 10 09 45 00 1 4511.004
2009 09 10 10 00 00 1 4511.069
2009 09 10 10 15 00 1 4511.140
2009 09 10 10 30 00 1 4511.214
2009 09 10 10 45 00 1 4511.287
2009 09 10 11 00 00 1 4511.363
2009 09 10 11 15 00 1 4511.438
2009 09 10 11 30 00 1 4511.512
2009 09 10 11 45 00 1 4511.585
2009 09 10 12 00 00 1 4511.653
2009 09 10 12 15 00 1 4511.713
2009 09 10 12 30 00 1 4511.775
2009 09 10 12 45 00 1 4511.828
2009 09 10 13 00 00 1 4511.875
2009 09 10 13 15 00 1 4511.916
2009 09 10 13 30 00 1 4511.949
2009 09 10 13 45 00 1 4511.975
2009 09 10 14 00 00 1 4511.990
2009 09 10 14 15 00 1 4511.998
2009 09 10 14 30 00 1 4511.998
2009 09 10 14 45 00 1 4511.992
2009 09 10 15 00 00 1 4511.978
2009 09 10 15 15 00 1 4511.957
2009 09 10 15 30 00 1 4511.931
2009 09 10 15 45 00 1 4511.903
2009 09 10 16 00 00 1 4511.871
2009 09 10 16 15 00 1 4511.835
2009 09 10 16 30 00 1 4511.801
2009 09 10 16 45 00 1 4511.762
2009 09 10 17 00 00 1 4511.723
2009 09 10 17 15 00 1 4511.685
2009 09 10 17 30 00 1 4511.650
2009 09 10 17 45 00 1 4511.619
2009 09 10 18 00 00 1 4511.590
2009 09 10 18 15 00 1 4511.566
2009 09 10 18 30 00 1 4511.548
2009 09 10 18 45 00 1 4511.535
2009 09 10 19 00 00 1 4511.529
2009 09 10 19 15 00 1 4511.529
2009 09 10 19 30 00 1 4511.537
2009 09 10 19 45 00 1 4511.550
2009 09 10 20 00 00 1 4511.574
2009 09 10 20 15 00 1 4511.603
2009 09 10 20 30 00 1 4511.639
2009 09 10 20 45 00 1 4511.683
2009 09 10 21 00 00 1 4511.732
2009 09 10 21 15 00 1 4511.787
2009 09 10 21 30 00 1 4511.850
2009 09 10 21 45 00 1 4511.915
2009 09 10 22 00 00 1 4511.986
2009 09 10 22 15 00 1 4512.057
2009 09 10 22 30 00 1 4512.130
2009 09 10 22 45 00 1 4512.201
2009 09 10 23 00 00 1 4512.275
2009 09 10 23 15 00 1 4512.347
2009 09 10 23 30 00 1 4512.415
2009 09 10 23 45 00 1 4512.474
2009 09 11 00 00 00 1 4512.532
2009 09 11 00 15 00 1 4512.580
2009 09 11 00 30 00 1 4512.624
2009 09 11 00 45 00 1 4512.659
2009 09 11 01 00 00 1 4512.685
2009 09 11 01 15 00 1 4512.704
2009 09 11 01 30 00 1 4512.709
2009 09 11 01 45 00 1 4512.706
2009 09 11 02 00 00 1 4512.693
2009 09 11 02 15 00 1 4512.671
2009 09 11 02 30 00 1 4512.638
2009 09 11 02 45 00 1 4512.600
2009 09 11 03 00 00 1 4512.546
2009 09 11 03 15 00 1 4512.486
2009 09 11 03 30 00 1 4512.416
2009 09 11 03 45 00 1 4512.338
2009 09 11 04 00 00 1 4512.252
2009 09 11 04 15 00 1 4512.162
2009 09 11 04 30 00 1 4512.066
2009 09 11 04 45 00 1 4511.968
2009 09 11 05 00 00 1 4511.868
2009 09 11 05 15 00 1 4511.768
2009 09 11 05 30 00 1 4511.666
2009 09 11 05 45 00 1 4511.567
2009 09 11 06 00 00 1 4511.471
2009 09 11 06 15 00 1 4511.379
2009 09 11 06 30 00 1 4511.290
2009 09 11 06 45 00 1 4511.206
2009 09 11 07 00 00 1 4511.127
2009 09 11 07 15 00 1 4511.056
2009 09 11 07 30 00 1 4510.995
2009 09 11 07 45 00 1 4510.939
2009 09 11 08 00 00 1 4510.893
2009 09 11 08 15 00 1 4510.857
2009 09 11 08 30 00 1 4510.828
2009 09 11 08 45 00 1 4510.814
2009 09 11 09 00 00 1 4510.805
2009 09 11 09 15 00 1 4510.809
2009 09 11 09 30 00 1 4510.821
2009 09 11 09 45 00 1 4510.840
2009 09 11 10 00 00 1 4510.867
2009 09 11 10 15 00 1 4510.902
2009 09 11 10 30 00 1 4510.944
2009 09 11 10 45 00 1 4510.993
2009 09 11 11 00 00 1 4511.044
2009 09 11 11 15 00 1 4511.101
2009 09 11 11 30 00 1 4511.159
2009 09 11 11 45 00 1 4511.219
2009 09 11 12 00 00 1 4511.284
2009 09 11 12 15 00 1 4511.350
2009 09 11 12 30 00 1 4511.414
2009 09 11 12 45 00 1 4511.475
2009 09 11 13 00 00 1 4511.539
2009 09 11 13 15 00 1 4511.594
2009 09 11 13 30 00 1 4511.649
2009 09 11 13 45 00 1 4511.700
2009 09 11 14 00 00 1 4511.744
2009 09 11 14 15 00 1 4511.784
2009 09 11 14 30 00 1 4511.812
2009 09 11 14 45 00 1 4511.836
2009 09 11 15 00 00 1 4511.850
2009 09 11 15 15 00 1 4511.871
2009 09 11 15 30 00 1 4511.874
2009 09 11 15 45 00 1 4511.880
2009 09 11 16 00 00 1 4511.877
2009 09 11 16 15 00 1 4511.872
2009 09 11 16 30 00 1 4511.865
2009 09 11 16 45 00 1 4511.853
2009 09 11 17 00 00 1 4511.839
2009 09 11 17 15 00 1 4511.819
2009 09 11 17 30 00 1 4511.797
2009 09 11 17 45 00 1 4511.780
2009 09 11 18 00 00 1 4511.762
2009 09 11 18 15 00 1 4511.744
2009 09 11 18 30 00 1 4511.725
2009 09 11 18 45 00 1 4511.707
2009 09 11 19 00 00 1 4511.694
2009 09 11 19 15 00 1 4511.686
2009 09 11 19 30 00 1 4511.682
2009 09 11 19 45 00 1 4511.681
2009 09 11 20 00 00 1 4511.686
2009 09 11 20 15 00 1 4511.694
2009 09 11 20 30 00 1 4511.711
2009 09 11 20 45 00 1 4511.725
2009 09 11 21 00 00 1 4511.753
2009 09 11 21 15 00 1 4511.779
2009 09 11 21 30 00 1 4511.817
2009 09 11 21 45 00 1 4511.852
2009 09 11 22 00 00 1 4511.899
2009 09 11 22 15 00 1 4511.942
2009 09 11 22 30 00 1 4512.003
2009 09 11 22 45 00 1 4512.057
2009 09 11 23 00 00 1 4512.114
2009 09 11 23 15 00 1 4512.167
2009 09 11 23 30 00 1 4512.228
2009 09 11 23 45 00 1 4512.283
2009 09 12 00 00 00 1 4512.341
2009 09 12 00 15 00 1 4512.395
2009 09 12 00 30 00 1 4512.448
2009 09 12 00 45 00 1 4512.495
2009 09 12 01 00 00 1 4512.538
2009 09 12 01 15 00 1 4512.576
2009 09 12 01 30 00 1 4512.606
2009 09 12 01 45 00 1 4512.634
2009 09 12 02 00 00 1 4512.649
2009 09 12 02 15 00 1 4512.660
2009 09 12 02 30 00 1 4512.663
2009 09 12 02 45 00 1 4512.657
2009 09 12 03 00 00 1 4512.643
2009 09 12 03 15 00 1 4512.615
2009 09 12 03 30 00 1 4512.588
2009 09 12 03 45 00 1 4512.542
2009 09 12 04 00 00 1 4512.495
2009 09 12 04 15 00 1 4512.441
2009 09 12 04 30 00 1 4512.375
2009 09 12 04 45 00 1 4512.305
2009 09 12 05 00 00 1 4512.228
2009 09 12 05 15 00 1 4512.150
2009 09 12 05 30 00 1 4512.068
2009 09 12 05 45 00 1 4511.979
2009 09 12 06 00 00 1 4511.890
2009 09 12 06 15 00 1 4511.799
2009 09 12 06 30 00 1 4511.704
2009 09 12 06 45 00 1 4511.615
2009 09 12 07 00 00 1 4511.525
2009 09 12 07 15 00 1 4511.437
2009 09 12 07 30 00 1 4511.353
2009 09 12 07 45 00 1 4511.274
2009 09 12 08 00 00 1 4511.200
2009 09 12 08 15 00 1 4511.132
2009 09 12 08 30 00 1 4511.067
2009 09 12 08 45 00 1 4511.014
2009 09 12 09 00 00 1 4510.968
2009 09 12 09 15 00 1 4510.927
2009 09 12 09 30 00 1 4510.895
2009 09 12 09 45 00 1 4510.871
2009 09 12 10 00 00 1 4510.854
2009 09 12 10 15 00 1 4510.846
2009 09 12 10 30 00 1 4510.846
2009 09 12 10 45 00 1 4510.854
2009 09 12 11 00 00 1 4510.872
2009 09 12 11 15 00 1 4510.894
2009 09 12 11 30 00 1 4510.921
2009 09 12 11 45 00 1 4510.960
2009 09 12 12 00 00 1 4510.996
2009 09 12 12 15 00 1 4511.040
2009 09 12 12 30 00 1 4511.093
2009 09 12 12 45 00 1 4511.142
2009 09 12 13 00 00 1 4511.197
2009 09 12 13 15 00 1 4511.251
2009 09 12 13 30 00 1 4511.307
2009 09 12 13 45 00 1 4511.366
2009 09 12 14 00 00 1 4511.425
2009 09 12 14 15 00 1 4511.481
2009 09 12 14 30 00 1 4511.536
2009 09 12 14 45 00 1 4511.589
2009 09 12 15 00 00 1 4511.639
2009 09 12 15 15 00 1 4511.680
2009 09 12 15 30 00 1 4511.721
2009 09 12 15 45 00 1 4511.758
2009 09 12 16 00 00 1 4511.791
2009 09 12 16 15 00 1 4511.816
2009 09 12 16 30 00 1 4511.840
2009 09 12 16 45 00 1 4511.858
2009 09 12 17 00 00 1 4511.868
2009 09 12 17 15 00 1 4511.876
2009 09 12 17 30 00 1 4511.884
2009 09 12 17 45 00 1 4511.887
2009 09 12 18 00 00 1 4511.887
2009 09 12 18 15 00 1 4511.882
2009 09 12 18 30 00 1 4511.877
2009 09 12 18 45 00 1 4511.871
2009 09 12 19 00 00 1 4511.863
2009 09 12 19 15 00 1 4511.852
2009 09 12 19 30 00 1 4511.845
2009 09 12 19 45 00 1 4511.836
2009 09 12 20 00 00 1 4511.829
2009 09 12 20 15 00 1 4511.825
2009 09 12 20 30 00 1 4511.822
2009 09 12 20 45 00 1 4511.820
2009 09 12 21 00 00 1 4511.822
2009 09 12 21 15 00 1 4511.825
2009 09 12 21 30 00 1 4511.834
2009 09 12 21 45 00 1 4511.846
2009 09 12 22 00 00 1 4511.863
2009 09 12 22 15 00 1 4511.882
2009 09 12 22 30 00 1 4511.908
2009 09 12 22 45 00 1 4511.934
2009 09 12 23 00 00 1 4511.966
2009 09 12 23 15 00 1 4512.001
2009 09 12 23 30 00 1 4512.039
2009 09 12 23 45 00 1 4512.078
2009 09 13 00 00 00 1 4512.121
2009 09 13 00 15 00 1 4512.167
2009 09 13 00 30 00 1 4512.212
2009 09 13 00 45 00 1 4512.256
2009 09 13 01 00 00 1 4512.303
2009 09 13 01 15 00 1 4512.344
2009 09 13 01 30 00 1 4512.385
2009 09 13 01 45 00 1 4512.423
2009 09 13 02 00 00 1 4512.461
2009 09 13 02 15 00 1 4512.493
2009 09 13 02 30 00 1 4512.526
2009 09 13 02 45 00 1 4512.552
2009 09 13 03 00 00 1 4512.571
2009 09 13 03 15 00 1 4512.586
2009 09 13 03 30 00 1 4512.594
2009 09 13 03 45 00 1 4512.594
2009 09 13 04 00 00 1 4512.587
2009 09 13 04 15 00 1 4512.572
2009 09 13 04 30 00 1 4512.549
2009 09 13 04 45 00 1 4512.517
2009 09 13 05 00 00 1 4512.478
2009 09 13 05 15 00 1 4512.433
2009 09 13 05 30 00 1 4512.383
2009 09 13 05 45 00 1 4512.325
2009 09 13 06 00 00 1 4512.262
2009 09 13 06 15 00 1 4512.191
2009 09 13 06 30 00 1 4512.117
2009 09 13 06 45 00 1 4512.039
2009 09 13 07 00 00 1 4511.957
2009 09 13 07 15 00 1 4511.871
2009 09 13 07 30 00 1 4511.785
2009 09 13 07 45 00 1 4511.696
2009 09 13 08 00 00 1 4511.605
2009 09 13 08 15 00 1 4511.519
2009 09 13 08 30 00 1 4511.434
2009 09 13 08 45 00 1 4511.354
2009 09 13 09 00 00 1 4511.276
2009 09 13 09 15 00 1 4511.201
2009 09 13 09 30 00 1 4511.125
2009 09 13 09 45 00 1 4511.063
2009 09 13 10 00 00 1 4511.002
2009 09 13 10 15 00 1 4510.950
2009 09 13 10 30 00 1 4510.902
2009 09 13 10 45 00 1 4510.863
2009 09 13 11 00 00 1 4510.834
2009 09 13 11 15 00 1 4510.809
2009 09 13 11 30 00 1 4510.795
2009 09 13 11 45 00 1 4510.790
2009 09 13 12 00 00 1 4510.793
2009 09 13 12 15 00 1 4510.804
2009 09 13 12 30 00 1 4510.820
2009 09 13 12 45 00 1 4510.847
2009 09 13 13 00 00 1 4510.879
2009 09 13 13 15 00 1 4510.919
2009 09 13 13 30 00 1 4510.964
2009 09 13 13 45 00 1 4511.014
2009 09 13 14 00 00 1 4511.068
2009 09 13 14 15 00 1 4511.122
2009 09 13 14 30 00 1 4511.184
2009 09 13 14 45 00 1 4511.245
2009 09 13 15 00 00 1 4511.308
2009 09 13 15 15 00 1 4511.372
2009 09 13 15 30 00 1 4511.437
2009 09 13 15 45 00 1 4511.499
2009 09 13 16 00 00 1 4511.559
2009 09 13 16 15 00 1 4511.616
2009 09 13 16 30 00 1 4511.675
2009 09 13 16 45 00 1 4511.724
2009 09 13 17 00 00 1 4511.772
2009 09 13 17 15 00 1 4511.816
2009 09 13 17 30 00 1 4511.854
2009 09 13 17 45 00 1 4511.888
2009 09 13 18 00 00 1 4511.916
2009 09 13 18 15 00 1 4511.942
2009 09 13 18 30 00 1 4511.962
2009 09 13 18 45 00 1 4511.976
2009 09 13 19 00 00 1 4511.983
2009 09 13 19 15 00 1 4511.990
2009 09 13 19 30 00 1 4511.986
2009 09 13 19 45 00 1 4511.985
2009 09 13 20 00 00 1 4511.981
2009 09 13 20 15 00 1 4511.973
2009 09 13 20 30 00 1 4511.960
2009 09 13 20 45 00 1 4511.947
2009 09 13 21 00 00 1 4511.931
2009 09 13 21 15 00 1 4511.920
2009 09 13 21 30 00 1 4511.905
2009 09 13 21 45 00 1 4511.891
2009 09 13 22 00 00 1 4511.882
2009 09 13 22 15 00 1 4511.870
2009 09 13 22 30 00 1 4511.865
2009 09 13 22 45 00 1 4511.859
2009 09 13 23 00 00 1 4511.858
2009 09 13 23 15 00 1 4511.862
2009 09 13 23 30 00 1 4511.869
2009 09 13 23 45 00 1 4511.877
2009 09 14 00 00 00 1 4511.893
2009 09 14 00 15 00 1 4511.912
2009 09 14 00 30 00 1 4511.935
2009 09 14 00 45 00 1 4511.962
2009 09 14 01 00 00 1 4511.993
2009 09 14 01 15 00 1 4512.029
2009 09 14 01 30 00 1 4512.066
2009 09 14 01 45 00 1 4512.107
2009 09 14 02 00 00 1 4512.151
2009 09 14 02 15 00 1 4512.197
2009 09 14 02 30 00 1 4512.244
2009 09 14 02 45 00 1 4512.288
2009 09 14 03 00 00 1 4512.332
2009 09 14 03 15 00 1 4512.373
2009 09 14 03 30 00 1 4512.413
2009 09 14 03 45 00 1 4512.450
2009 09 14 04 00 00 1 4512.484
2009 09 14 04 15 00 1 4512.507
2009 09 14 04 30 00 1 4512.526
2009 09 14 04 45 00 1 4512.542
2009 09 14 05 00 00 1 4512.550
2009 09 14 05 15 00 1 4512.550
2009 09 14 05 30 00 1 4512.543
2009 09 14 05 45 00 1 4512.528
2009 09 14 06 00 00 1 4512.505
2009 09 14 06 15 00 1 4512.472
2009 09 14 06 30 00 1 4512.431
2009 09 14 06 45 00 1 4512.387
2009 09 14 07 00 00 1 4512.332
2009 09 14 07 15 00 1 4512.270
2009 09 14 07 30 00 1 4512.202
2009 09 14 07 45 00 1 4512.127
2009 09 14 08 00 00 1 4512.046
2009 09 14 08 15 00 1 4511.960
2009 09 14 08 30 00 1 4511.870
2009 09 14 08 45 00 1 4511.777
2009 09 14 09 00 00 1 4511.681
2009 09 14 09 15 00 1 4511.586
2009 09 14 09 30 00 1 4511.493
2009 09 14 09 45 00 1 4511.400
2009 09 14 10 00 00 1 4511.306
2009 09 14 10 15 00 1 4511.216
2009 09 14 10 30 00 1 4511.130
2009 09 14 10 45 00 1 4511.047
2009 09 14 11 00 00 1 4510.972
2009 09 14 11 15 00 1 4510.900
2009 09 14 11 30 00 1 4510.839
2009 09 14 11 45 00 1 4510.787
2009 09 14 12 00 00 1 4510.742
2009 09 14 12 15 00 1 4510.705
2009 09 14 12 30 00 1 4510.678
2009 09 14 12 45 00 1 4510.664
2009 09 14 13 00 00 1 4510.657
2009 09 14 13 15 00 1 4510.665
2009 09 14 13 30 00 1 4510.680
2009 09 14 13 45 00 1 4510.704
2009 09 14 14 00 00 1 4510.738
2009 09 14 14 15 00 1 4510.780
2009 09 14 14 30 00 1 4510.828
2009 09 14 14 45 00 1 4510.886
2009 09 14 15 00 00 1 4510.947
2009 09 14 15 15 00 1 4511.014
2009 09 14 15 30 00 1 4511.088
2009 09 14 15 45 00 1 4511.165
2009 09 14 16 00 00 1 4511.242
2009 09 14 16 15 00 1 4511.321
2009 09 14 16 30 00 1 4511.399
2009 09 14 16 45 00 1 4511.483
2009 09 14 17 00 00 1 4511.563
2009 09 14 17 15 00 1 4511.637
2009 09 14 17 30 00 1 4511.711
2009 09 14 17 45 00 1 4511.782
2009 09 14 18 00 00 1 4511.844
2009 09 14 18 15 00 1 4511.901
2009 09 14 18 30 00 1 4511.956
2009 09 14 18 45 00 1 4512.002
2009 09 14 19 00 00 1 4512.039
2009 09 14 19 15 00 1 4512.071
2009 09 14 19 30 00 1 4512.094
2009 09 14 19 45 00 1 4512.110
2009 09 14 20 00 00 1 4512.121
2009 09 14 20 15 00 1 4512.122
2009 09 14 20 30 00 1 4512.117
2009 09 14 20 45 00 1 4512.105
2009 09 14 21 00 00 1 4512.090
2009 09 14 21 15 00 1 4512.067
2009 09 14 21 30 00 1 4512.043
2009 09 14 21 45 00 1 4512.014
2009 09 14 22 00 00 1 4511.984
2009 09 14 22 15 00 1 4511.951
2009 09 14 22 30 00 1 4511.919
2009 09 14 22 45 00 1 4511.886
2009 09 14 23 00 00 1 4511.853
2009 09 14 23 15 00 1 4511.823
2009 09 14 23 30 00 1 4511.796
2009 09 14 23 45 00 1 4511.772
2009 09 15 00 00 00 1 4511.749
2009 09 15 00 15 00 1 4511.734
2009 09 15 00 30 00 1 4511.723
2009 09 15 00 45 00 1 4511.719
2009 09 15 01 00 00 1 4511.720
2009 09 15 01 15 00 1 4511.729
2009 09 15 01 30 00 1 4511.745
2009 09 15 01 45 00 1 4511.766
2009 09 15 02 00 00 1 4511.794
2009 09 15 02 15 00 1 4511.831
2009 09 15 02 30 00 1 4511.872
2009 09 15 02 45 00 1 4511.923
2009 09 15 03 00 00 1 4511.973
2009 09 15 03 15 00 1 4512.026
2009 09 15 03 30 00 1 4512.084
2009 09 15 03 45 00 1 4512.145
2009 09 15 04 00 00 1 4512.204
2009 09 15 04 15 00 1 4512.263
2009 09 15 04 30 00 1 4512.319
2009 09 15 04 45 00 1 4512.374
2009 09 15 05 00 00 1 4512.426
2009 09 15 05 15 00 1 4512.470
2009 09 15 05 30 00 1 4512.513
2009 09 15 05 45 00 1 4512.546
2009 09 15 06 00 00 1 4512.575
2009 09 15 06 15 00 1 4512.591
2009 09 15 06 30 00 1 4512.600
2009 09 15 06 45 00 1 4512.600
2009 09 15 07 00 00 1 4512.591
2009 09 15 07 15 00 1 4512.572
2009 09 15 07 30 00 1 4512.542
2009 09 15 07 45 00 1 4512.504
2009 09 15 08 00 00 1 4512.454
2009 09 15 08 15 00 1 4512.394
2009 09 15 08 30 00 1 4512.324
2009 09 15 08 45 00 1 4512.247
2009 09 15 09 00 00 1 4512.161
2009 09 15 09 15 00 1 4512.069
2009 09 15 09 30 00 1 4511.970
2009 09 15 09 45 00 1 4511.868
2009 09 15 10 00 00 1 4511.758
2009 09 15 10 15 00 1 4511.651
2009 09 15 10 30 00 1 4511.538
2009 09 15 10 45 00 1 4511.428
2009 09 15 11 00 00 1 4511.318
2009 09 15 11 15 00 1 4511.211
2009 09 15 11 30 00 1 4511.106
2009 09 15 11 45 00 1 4511.009
2009 09 15 12 00 00 1 4510.919
2009 09 15 12 15 00 1 4510.837
2009 09 15 12 30 00 1 4510.764
2009 09 15 12 45 00 1 4510.704
2009 09 15 13 00 00 1 4510.651
2009 09 15 13 15 00 1 4510.609
2009 09 15 13 30 00 1 4510.581
2009 09 15 13 45 00 1 4510.564
2009 09 15 14 00 00 1 4510.558
2009 09 15 14 15 00 1 4510.565
2009 09 15 14 30 00 1 4510.584
2009 09 15 14 45 00 1 4510.615
2009 09 15 15 00 00 1 4510.659
2009 09 15 15 15 00 1 4510.711
2009 09 15 15 30 00 1 4510.773
2009 09 15 15 45 00 1 4510.845
2009 09 15 16 00 00 1 4510.925
2009 09 15 16 15 00 1 4511.013
2009 09 15 16 30 00 1 4511.106
2009 09 15 16 45 00 1 4511.203
2009 09 15 17 00 00 1 4511.302
2009 09 15 17 15 00 1 4511.402
2009 09 15 17 30 00 1 4511.502
2009 09 15 17 45 00 1 4511.602
2009 09 15 18 00 00 1 4511.696
2009 09 15 18 15 00 1 4511.789
2009 09 15 18 30 00 1 4511.875
2009 09 15 18 45 00 1 4511.956
2009 09 15 19 00 00 1 4512.029
2009 09 15 19 15 00 1 4512.094
2009 09 15 19 30 00 1 4512.151
2009 09 15 19 45 00 1 4512.194
2009 09 15 20 00 00 1 4512.231
2009 09 15 20 15 00 1 4512.254
2009 09 15 20 30 00 1 4512.269
2009 09 15 20 45 00 1 4512.274
2009 09 15 21 00 00 1 4512.268
2009 09 15 21 15 00 1 4512.250
2009 09 15 21 30 00 1 4512.227
2009 09 15 21 45 00 1 4512.194
2009 09 15 22 00 00 1 4512.152
2009 09 15 22 15 00 1 4512.106
2009 09 15 22 30 00 1 4512.054
2009 09 15 22 45 00 1 4512.000
2009 09 15 23 00 00 1 4511.943
2009 09 15 23 15 00 1 4511.885
2009 09 15 23 30 00 1 4511.825
2009 09 15 23 45 00 1 4511.765
2009 09 16 00 00 00 1 4511.708
2009 09 16 00 15 00 1 4511.654
2009 09 16 00 30 00 1 4511.604
2009 09 16 00 45 00 1 4511.561
2009 09 16 01 00 00 1 4511.525
2009 09 16 01 15 00 1 4511.497
2009 09 16 01 30 00 1 4511.475
2009 09 16 01 45 00 1 4511.462
2009 09 16 02 00 00 1 4511.460
2009 09 16 02 15 00 1 4511.467
2009 09 16 02 30 00 1 4511.483
2009 09 16 02 45 00 1 4511.509
2009 09 16 03 00 00 1 4511.546
2009 09 16 03 15 00 1 4511.591
2009 09 16 03 30 00 1 4511.643
2009 09 16 03 45 00 1 4511.706
2009 09 16 04 00 00 1 4511.775
2009 09 16 04 15 00 1 4511.847
2009 09 16 04 30 00 1 4511.924
2009 09 16 04 45 00 1 4512.000
2009 09 16 05 00 00 1 4512.082
2009 09 16 05 15 00 1 4512.161
2009 09 16 05 30 00 1 4512.241
2009 09 16 05 45 00 1 4512.317
2009 09 16 06 00 00 1 4512.389
2009 09 16 06 15 00 1 4512.455
2009 09 16 06 30 00 1 4512.513
2009 09 16 06 45 00 1 4512.564
2009 09 16 07 00 00 1 4512.607
2009 09 16 07 15 00 1 4512.639
2009 09 16 07 30 00 1 4512.663
2009 09 16 07 45 00 1 4512.671
2009 09 16 08 00 00 1 4512.670
2009 09 16 08 15 00 1 4512.658
2009 09 16 08 30 00 1 4512.629
2009 09 16 08 45 00 1 4512.589
2009 09 16 09 00 00 1 4512.534
2009 09 16 09 15 00 1 4512.469
2009 09 16 09 30 00 1 4512.393
2009 09 16 09 45 00 1 4512.305
2009 09 16 10 00 00 1 4512.210
2009 09 16 10 15 00 1 4512.103
2009 09 16 10 30 00 1 4511.990
2009 09 16 10 45 00 1 4511.873
2009 09 16 11 00 00 1 4511.748
2009 09 16 11 15 00 1 4511.624
2009 09 16 11 30 00 1 4511.500
2009 09 16 11 45 00 1 4511.375
2009 09 16 12 00 00 1 4511.254
2009 09 16 12 15 00 1 4511.137
2009 09 16 12 30 00 1 4511.026
2009 09 16 12 45 00 1 4510.923
2009 09 16 13 00 00 1 4510.830
2009 09 16 13 15 00 1 4510.745
2009 09 16 13 30 00 1 4510.671
2009 09 16 13 45 00 1 4510.609
2009 09 16 14 00 00 1 4510.559
2009 09 16 14 15 00 1 4510.523
2009 09 16 14 30 00 1 4510.501
2009 09 16 14 45 00 1 4510.495
2009 09 16 15 00 00 1 4510.501
2009 09 16 15 15 00 1 4510.521
2009 09 16 15 30 00 1 4510.557
2009 09 16 15 45 00 1 4510.609
2009 09 16 16 00 00 1 4510.671
2009 09 16 16 15 00 1 4510.745
2009 09 16 16 30 00 1 4510.828
2009 09 16 16 45 00 1 4510.920
2009 09 16 17 00 00 1 4511.024
2009 09 16 17 15 00 1 4511.133
2009 09 16 17 30 00 1 4511.246
2009 09 16 17 45 00 1 4511.363
2009 09 16 18 00 00 1 4511.477
2009 09 16 18 15 00 1 4511.592
2009 09 16 18 30 00 1 4511.709
2009 09 16 18 45 00 1 4511.818
2009 09 16 19 00 00 1 4511.924
2009 09 16 19 15 00 1 4512.019
2009 09 16 19 30 00 1 4512.110
2009 09 16 19 45 00 1 4512.192
2009 09 16 20 00 00 1 4512.261
2009 09 16 20 15 00 1 4512.320
2009 09 16 20 30 00 1 4512.366
2009 09 16 20 45 00 1 4512.398
2009 09 16 21 00 00 1 4512.422
2009 09 16 21 15 00 1 4512.428
2009 09 16 21 30 00 1 4512.425
2009 09 16 21 45 00 1 4512.406
2009 09 16 22 00 00 1 4512.376
2009 09 16 22 15 00 1 4512.336
2009 09 16 22 30 00 1 4512.285
2009 09 16 22 45 00 1 4512.223
2009 09 16 23 00 00 1 4512.152
2009 09 16 23 15 00 1 4512.075
2009 09 16 23 30 00 1 4511.996
2009 09 16 23 45 00 1 4511.912
2009 09 17 00 00 00 1 4511.823
2009 09 17 00 15 00 1 4511.737
2009 09 17 00 30 00 1 4511.650
2009 09 17 00 45 00 1 4511.569
2009 09 17 01 00 00 1 4511.490
2009 09 17 01 15 00 1 4511.419
2009 09 17 01 30 00 1 4511.352
2009 09 17 01 45 00 1 4511.292
2009 09 17 02 00 00 1 4511.245
2009 09 17 02 15 00 1 4511.209
2009 09 17 02 30 00 1 4511.186
2009 09 17 02 45 00 1 4511.172
2009 09 17 03 00 00 1 4511.173
2009 09 17 03 15 00 1 4511.183
2009 09 17 03 30 00 1 4511.212
2009 09 17 03 45 00 1 4511.249
2009 09 17 04 00 00 1 4511.299
2009 09 17 04 15 00 1 4511.360
2009 09 17 04 30 00 1 4511.431
2009 09 17 04 45 00 1 4511.508
2009 09 17 05 00 00 1 4511.594
2009 09 17 05 15 00 1 4511.690
2009 09 17 05 30 00 1 4511.787
2009 09 17 05 45 00 1 4511.891
2009 09 17 06 00 00 1 4511.993
2009 09 17 06 15 00 1 4512.092
2009 09 17 06 30 00 1 4512.192
2009 09 17 06 45 00 1 4512.287
2009 09 17 07 00 00 1 4512.376
2009 09 17 07 15 00 1 4512.457
2009 09 17 07 30 00 1 4512.531
2009 09 17 07 45 00 1 4512.595
2009 09 17 08 00 00 1 4512.647
2009 09 17 08 15 00 1 4512.688
2009 09 17 08 30 00 1 4512.713
2009 09 17 08 45 00 1 4512.727
2009 09 17 09 00 00 1 4512.723
2009 09 17 09 15 00 1 4512.706
2009 09 17 09 30 00 1 4512.673
2009 09 17 09 45 00 1 4512.625
2009 09 17 10 00 00 1 4512.563
2009 09 17 10 15 00 1 4512.490
2009 09 17 10 30 00 1 4512.405
2009 09 17 10 45 00 1 4512.307
2009 09 17 11 00 00 1 4512.200
2009 09 17 11 15 00 1 4512.083
2009 09 17 11 30 00 1 4511.959
2009 09 17 11 45 00 1 4511.831
2009 09 17 12 00 00 1 4511.698
2009 09 17 12 15 00 1 4511.566
2009 09 17 12 30 00 1 4511.433
2009 09 17 12 45 00 1 4511.308
2009 09 17 13 00 00 1 4511.184
2009 09 17 13 15 00 1 4511.067
2009 09 17 13 30 00 1 4510.957
2009 09 17 13 45 00 1 4510.854
2009 09 17 14 00 00 1 4510.765
2009 09 17 14 15 00 1 4510.684
2009 09 17 14 30 00 1 4510.618
2009 09 17 14 45 00 1 4510.569
2009 09 17 15 00 00 1 4510.533
2009 09 17 15 15 00 1 4510.512
2009 09 17 15 30 00 1 4510.506
2009 09 17 15 45 00 1 4510.521
2009 09 17 16 00 00 1 4510.549
2009 09 17 16 15 00 1 4510.593
2009 09 17 16 30 00 1 4510.654
2009 09 17 16 45 00 1 4510.727
2009 09 17 17 00 00 1 4510.813
2009 09 17 17 15 00 1 4510.910
2009 09 17 17 30 00 1 4511.016
2009 09 17 17 45 00 1 4511.130
2009 09 17 18 00 00 1 4511.248
2009 09 17 18 15 00 1 4511.374
2009 09 17 18 30 00 1 4511.501
2009 09 17 18 45 00 1 4511.630
2009 09 17 19 00 00 1 4511.756
2009 09 17 19 15 00 1 4511.881
2009 09 17 19 30 00 1 4512.000
2009 09 17 19 45 00 1 4512.111
2009 09 17 20 00 00 1 4512.215
2009 09 17 20 15 00 1 4512.309
2009 09 17 20 30 00 1 4512.393
2009 09 17 20 45 00 1 4512.462
2009 09 17 21 00 00 1 4512.518
2009 09 17 21 15 00 1 4512.556
2009 09 17 21 30 00 1 4512.582
2009 09 17 21 45 00 1 4512.594
2009 09 17 22 00 00 1 4512.588
2009 09 17 22 15 00 1 4512.567
2009 09 17 22 30 00 1 4512.531
2009 09 17 22 45 00 1 4512.480
2009 09 17 23 00 00 1 4512.416
2009 09 17 23 15 00 1 4512.343
2009 09 17 23 30 00 1 4512.258
2009 09 17 23 45 00 1 4512.166
2009 09 18 00 00 00 1 4512.065
2009 09 18 00 15 00 1 4511.958
2009 09 18 00 30 00 1 4511.850
2009 09 18 00 45 00 1 4511.736
2009 09 18 01 00 00 1 4511.625
2009 09 18 01 15 00 1 4511.516
2009 09 18 01 30 00 1 4511.409
2009 09 18 01 45 00 1 4511.308
2009 09 18 02 00 00 1 4511.217
2009 09 18 02 15 00 1 4511.136
2009 09 18 02 30 00 1 4511.064
2009 09 18 02 45 00 1 4511.004
2009 09 18 03 00 00 1 4510.955
2009 09 18 03 15 00 1 4510.925
2009 09 18 03 30 00 1 4510.905
2009 09 18 03 45 00 1 4510.904
2009 09 18 04 00 00 1 4510.914
2009 09 18 04 15 00 1 4510.938
2009 09 18 04 30 00 1 4510.978
2009 09 18 04 45 00 1 4511.031
2009 09 18 05 00 00 1 4511.097
2009 09 18 05 15 00 1 4511.177
2009 09 18 05 30 00 1 4511.265
2009 09 18 05 45 00 1 4511.364
2009 09 18 06 00 00 1 4511.470
2009 09 18 06 15 00 1 4511.582
2009 09 18 06 30 00 1 4511.699
2009 09 18 06 45 00 1 4511.818
2009 09 18 07 00 00 1 4511.937
2009 09 18 07 15 00 1 4512.055
2009 09 18 07 30 00 1 4512.167
2009 09 18 07 45 00 1 4512.273
2009 09 18 08 00 00 1 4512.371
2009 09 18 08 15 00 1 4512.462
2009 09 18 08 30 00 1 4512.540
2009 09 18 08 45 00 1 4512.605
2009 09 18 09 00 00 1 4512.660
2009 09 18 09 15 00 1 4512.698
2009 09 18 09 30 00 1 4512.722
2009 09 18 09 45 00 1 4512.730
2009 09 18 10 00 00 1 4512.722
2009 09 18 10 15 00 1 4512.697
2009 09 18 10 30 00 1 4512.658
2009 09 18 10 45 00 1 4512.602
2009 09 18 11 00 00 1 4512.531
2009 09 18 11 15 00 1 4512.447
2009 09 18 11 30 00 1 4512.353
2009 09 18 11 45 00 1 4512.247
2009 09 18 12 00 00 1 4512.130
2009 09 18 12 15 00 1 4512.007
2009 09 18 12 30 00 1 4511.877
2009 09 18 12 45 00 1 4511.745
2009 09 18 13 00 00 1 4511.613
2009 09 18 13 15 00 1 4511.483
2009 09 18 13 30 00 1 4511.353
2009 09 18 13 45 00 1 4511.229
2009 09 18 14 00 00 1 4511.112
2009 09 18 14 15 00 1 4511.003
2009 09 18 14 30 00 1 4510.902
2009 09 18 14 45 00 1 4510.815
2009 09 18 15 00 00 1 4510.738
2009 09 18 15 15 00 1 4510.679
2009 09 18 15 30 00 1 4510.634
2009 09 18 15 45 00 1 4510.604
2009 09 18 16 00 00 1 4510.593
2009 09 18 16 15 00 1 4510.599
2009 09 18 16 30 00 1 4510.621
2009 09 18 16 45 00 1 4510.660
2009 09 18 17 00 00 1 4510.715
2009 09 18 17 15 00 1 4510.787
2009 09 18 17 30 00 1 4510.869
2009 09 18 17 45 00 1 4510.964
2009 09 18 18 00 00 1 4511.072
2009 09 18 18 15 00 1 4511.187
2009 09 18 18 30 00 1 4511.313
2009 09 18 18 45 00 1 4511.443
2009 09 18 19 00 00 1 4511.578
2009 09 18 19 15 00 1 4511.713
2009 09 18 19 30 00 1 4511.847
2009 09 18 19 45 00 1 4511.980
2009 09 18 20 00 00 1 4512.107
2009 09 18 20 15 00 1 4512.228
2009 09 18 20 30 00 1 4512.339
2009 09 18 20 45 00 1 4512.438
2009 09 18 21 00 00 1 4512.527
2009 09 18 21 15 00 1 4512.602
2009 09 18 21 30 00 1 4512.662
2009 09 18 21 45 00 1 4512.706
2009 09 18 22 00 00 1 4512.733
2009 09 18 22 15 00 1 4512.745
2009 09 18 22 30 00 1 4512.743
2009 09 18 22 45 00 1 4512.723
2009 09 18 23 00 00 1 4512.686
2009 09 18 23 15 00 1 4512.632
2009 09 18 23 30 00 1 4512.563
2009 09 18 23 45 00 1 4512.482
2009 09 19 00 00 00 1 4512.387
2009 09 19 00 15 00 1 4512.285
2009 09 19 00 30 00 1 4512.172
2009 09 19 00 45 00 1 4512.050
2009 09 19 01 00 00 1 4511.926
2009 09 19 01 15 00 1 4511.795
2009 09 19 01 30 00 1 4511.667
2009 09 19 01 45 00 1 4511.536
2009 09 19 02 00 00 1 4511.410
2009 09 19 02 15 00 1 4511.289
2009 09 19 02 30 00 1 4511.175
2009 09 19 02 45 00 1 4511.070
2009 09 19 03 00 00 1 4510.975
2009 09 19 03 15 00 1 4510.894
2009 09 19 03 30 00 1 4510.826
2009 09 19 03 45 00 1 4510.774
2009 09 19 04 00 00 1 4510.736
2009 09 19 04 15 00 1 4510.714
2009 09 19 04 30 00 1 4510.709
2009 09 19 04 45 00 1 4510.717
2009 09 19 05 00 00 1 4510.743
2009 09 19 05 15 00 1 4510.787
2009 09 19 05 30 00 1 4510.845
2009 09 19 05 45 00 1 4510.918
2009 09 19 06 00 00 1 4511.004
2009 09 19 06 15 00 1 4511.099
2009 09 19 06 30 00 1 4511.207
2009 09 19 06 45 00 1 4511.323
2009 09 19 07 00 00 1 4511.445
2009 09 19 07 15 00 1 4511.571
2009 09 19 07 30 00 1 4511.697
2009 09 19 07 45 00 1 4511.826
2009 09 19 08 00 00 1 4511.954
2009 09 19 08 15 00 1 4512.077
2009 09 19 08 30 00 1 4512.193
2009 09 19 08 45 00 1 4512.299
2009 09 19 09 00 00 1 4512.398
2009 09 19 09 15 00 1 4512.484
2009 09 19 09 30 00 1 4512.558
2009 09 19 09 45 00 1 4512.617
2009 09 19 10 00 00 1 4512.663
2009 09 19 10 15 00 1 4512.693
2009 09 19 10 30 00 1 4512.703
2009 09 19 10 45 00 1 4512.699
2009 09 19 11 00 00 1 4512.680
2009 09 19 11 15 00 1 4512.648
2009 09 19 11 30 00 1 4512.598
2009 09 19 11 45 00 1 4512.533
2009 09 19 12 00 00 1 4512.454
2009 09 19 12 15 00 1 4512.364
2009 09 19 12 30 00 1 4512.259
2009 09 19 12 45 00 1 4512.152
2009 09 19 13 00 00 1 4512.035
2009 09 19 13 15 00 1 4511.912
2009 09 19 13 30 00 1 4511.788
2009 09 19 13 45 00 1 4511.662
2009 09 19 14 00 00 1 4511.536
2009 09 19 14 15 00 1 4511.415
2009 09 19 14 30 00 1 4511.298
2009 09 19 14 45 00 1 4511.190
2009 09 19 15 00 00 1 4511.090
2009 09 19 15 15 00 1 4511.001
2009 09 19 15 30 00 1 4510.921
2009 09 19 15 45 00 1 4510.857
2009 09 19 16 00 00 1 4510.810
2009 09 19 16 15 00 1 4510.778
2009 09 19 16 30 00 1 4510.762
2009 09 19 16 45 00 1 4510.764
2009 09 19 17 00 00 1 4510.783
2009 09 19 17 15 00 1 4510.817
2009 09 19 17 30 00 1 4510.868
2009 09 19 17 45 00 1 4510.934
2009 09 19 18 00 00 1 4511.014
2009 09 19 18 15 00 1 4511.106
2009 09 19 18 30 00 1 4511.209
2009 09 19 18 45 00 1 4511.321
2009 09 19 19 00 00 1 4511.443
2009 09 19 19 15 00 1 4511.571
2009 09 19 19 30 00 1 4511.701
2009 09 19 19 45 00 1 4511.837
2009 09 19 20 00 00 1 4511.969
2009 09 19 20 15 00 1 4512.099
2009 09 19 20 30 00 1 4512.224
2009 09 19 20 45 00 1 4512.343
2009 09 19 21 00 00 1 4512.456
2009 09 19 21 15 00 1 4512.557
2009 09 19 21 30 00 1 4512.644
2009 09 19 21 45 00 1 4512.722
2009 09 19 22 00 00 1 4512.785
2009 09 19 22 15 00 1 4512.831
2009 09 19 22 30 00 1 4512.863
2009 09 19 22 45 00 1 4512.874
2009 09 19 23 00 00 1 4512.871
2009 09 19 23 15 00 1 4512.848
2009 09 19 23 30 00 1 4512.809
2009 09 19 23 45 00 1 4512.752
2009 09 20 00 00 00 1 4512.680
2009 09 20 00 15 00 1 4512.593
2009 09 20 00 30 00 1 4512.495
2009 09 20 00 45 00 1 4512.384
2009 09 20 01 00 00 1 4512.264
2009 09 20 01 15 00 1 4512.134
2009 09 20 01 30 00 1 4511.998
2009 09 20 01 45 00 1 4511.859
2009 09 20 02 00 00 1 4511.716
2009 09 20 02 15 00 1 4511.573
2009 09 20 02 30 00 1 4511.433
2009 09 20 02 45 00 1 4511.297
2009 09 20 03 00 00 1 4511.167
2009 09 20 03 15 00 1 4511.046
2009 09 20 03 30 00 1 4510.936
2009 09 20 03 45 00 1 4510.838
2009 09 20 04 00 00 1 4510.753
2009 09 20 04 15 00 1 4510.682
2009 09 20 04 30 00 1 4510.626
2009 09 20 04 45 00 1 4510.586
2009 09 20 05 00 00 1 4510.564
2009 09 20 05 15 00 1 4510.558
2009 09 20 05 30 00 1 4510.570
2009 09 20 05 45 00 1 4510.599
2009 09 20 06 00 00 1 4510.645
2009 09 20 06 15 00 1 4510.707
2009 09 20 06 30 00 1 4510.783
2009 09 20 06 45 00 1 4510.871
2009 09 20 07 00 00 1 4510.969
2009 09 20 07 15 00 1 4511.078
2009 09 20 07 30 00 1 4511.196
2009 09 20 07 45 00 1 4511.318
2009 09 20 08 00 00 1 4511.445
2009 09 20 08 15 00 1 4511.576
2009 09 20 08 30 00 1 4511.703
2009 09 20 08 45 00 1 4511.833
2009 09 20 09 00 00 1 4511.955
2009 09 20 09 15 00 1 4512.075
2009 09 20 09 30 00 1 4512.180
2009 09 20 09 45 00 1 4512.279
2009 09 20 10 00 00 1 4512.364
2009 09 20 10 15 00 1 4512.439
2009 09 20 10 30 00 1 4512.500
2009 09 20 10 45 00 1 4512.544
2009 09 20 11 00 00 1 4512.577
2009 09 20 11 15 00 1 4512.595
2009 09 20 11 30 00 1 4512.598
2009 09 20 11 45 00 1 4512.581
2009 09 20 12 00 00 1 4512.551
2009 09 20 12 15 00 1 4512.507
2009 09 20 12 30 00 1 4512.448
2009 09 20 12 45 00 1 4512.377
2009 09 20 13 00 00 1 4512.296
2009 09 20 13 15 00 1 4512.208
2009 09 20 13 30 00 1 4512.111
2009 09 20 13 45 00 1 4512.007
2009 09 20 14 00 00 1 4511.900
2009 09 20 14 15 00 1 4511.787
2009 09 20 14 30 00 1 4511.674
2009 09 20 14 45 00 1 4511.563
2009 09 20 15 00 00 1 4511.455
2009 09 20 15 15 00 1 4511.355
2009 09 20 15 30 00 1 4511.260
2009 09 20 15 45 00 1 4511.176
2009 09 20 16 00 00 1 4511.105
2009 09 20 16 15 00 1 4511.047
2009 09 20 16 30 00 1 4510.999
2009 09 20 16 45 00 1 4510.965
2009 09 20 17 00 00 1 4510.946
2009 09 20 17 15 00 1 4510.944
2009 09 20 17 30 00 1 4510.957
2009 09 20 17 45 00 1 4510.983
2009 09 20 18 00 00 1 4511.026
2009 09 20 18 15 00 1 4511.083
2009 09 20 18 30 00 1 4511.154
2009 09 20 18 45 00 1 4511.238
2009 09 20 19 00 00 1 4511.332
2009 09 20 19 15 00 1 4511.437
2009 09 20 19 30 00 1 4511.549
2009 09 20 19 45 00 1 4511.669
2009 09 20 20 00 00 1 4511.790
2009 09 20 20 15 00 1 4511.918
2009 09 20 20 30 00 1 4512.041
2009 09 20 20 45 00 1 4512.165
2009 09 20 21 00 00 1 4512.285
2009 09 20 21 15 00 1 4512.399
2009 09 20 21 30 00 1 4512.503
2009 09 20 21 45 00 1 4512.600
2009 09 20 22 00 00 1 4512.687
2009 09 20 22 15 00 1 4512.762
2009 09 20 22 30 00 1 4512.819
2009 09 20 22 45 00 1 4512.865
2009 09 20 23 00 00 1 4512.890
2009 09 20 23 15 00 1 4512.903
2009 09 20 23 30 00 1 4512.901
2009 09 20 23 45 00 1 4512.878
2009 09 21 00 00 00 1 4512.843
2009 09 21 00 15 00 1 4512.790
2009 09 21 00 30 00 1 4512.723
2009 09 21 00 45 00 1 4512.638
2009 09 21 01 00 00 1 4512.541
2009 09 21 01 15 00 1 4512.430
2009 09 21 01 30 00 1 4512.308
2009 09 21 01 45 00 1 4512.183
2009 09 21 02 00 00 1 4512.045
2009 09 21 02 15 00 1 4511.905
2009 09 21 02 30 00 1 4511.761
2009 09 21 02 45 00 1 4511.617
2009 09 21 03 00 00 1 4511.472
2009 09 21 03 15 00 1 4511.335
2009 09 21 03 30 00 1 4511.201
2009 09 21 03 45 00 1 4511.075
2009 09 21 04 00 00 1 4510.957
2009 09 21 04 15 00 1 4510.847
2009 09 21 04 30 00 1 4510.752
2009 09 21 04 45 00 1 4510.671
2009 09 21 05 00 00 1 4510.606
2009 09 21 05 15 00 1 4510.555
2009 09 21 05 30 00 1 4510.520
2009 09 21 05 45 00 1 4510.504
2009 09 21 06 00 00 1 4510.500
2009 09 21 06 15 00 1 4510.518
2009 09 21 06 30 00 1 4510.548
2009 09 21 06 45 00 1 4510.595
2009 09 21 07 00 00 1 4510.655
2009 09 21 07 15 00 1 4510.731
2009 09 21 07 30 00 1 4510.819
2009 09 21 07 45 00 1 4510.915
2009 09 21 08 00 00 1 4511.021
2009 09 21 08 15 00 1 4511.137
2009 09 21 08 30 00 1 4511.254
2009 09 21 08 45 00 1 4511.377
2009 09 21 09 00 00 1 4511.499
2009 09 21 09 15 00 1 4511.622
2009 09 21 09 30 00 1 4511.743
2009 09 21 09 45 00 1 4511.858
2009 09 21 10 00 00 1 4511.967
2009 09 21 10 15 00 1 4512.069
2009 09 21 10 30 00 1 4512.160
2009 09 21 10 45 00 1 4512.244
2009 09 21 11 00 00 1 4512.316
2009 09 21 11 15 00 1 4512.375
2009 09 21 11 30 00 1 4512.419
2009 09 21 11 45 00 1 4512.449
2009 09 21 12 00 00 1 4512.467
2009 09 21 12 15 00 1 4512.468
2009 09 21 12 30 00 1 4512.458
2009 09 21 12 45 00 1 4512.434
2009 09 21 13 00 00 1 4512.393
2009 09 21 13 15 00 1 4512.350
2009 09 21 13 30 00 1 4512.288
2009 09 21 13 45 00 1 4512.220
2009 09 21 14 00 00 1 4512.145
2009 09 21 14 15 00 1 4512.062
2009 09 21 14 30 00 1 4511.970
2009 09 21 14 45 00 1 4511.879
2009 09 21 15 00 00 1 4511.784
2009 09 21 15 15 00 1 4511.694
2009 09 21 15 30 00 1 4511.607
2009 09 21 15 45 00 1 4511.520
2009 09 21 16 00 00 1 4511.437
2009 09 21 16 15 00 1 4511.368
2009 09 21 16 30 00 1 4511.309
2009 09 21 16 45 00 1 4511.252
2009 09 21 17 00 00 1 4511.209
2009 09 21 17 15 00 1 4511.182
2009 09 21 17 30 00 1 4511.162
2009 09 21 17 45 00 1 4511.152
2009 09 21 18 00 00 1 4511.163
2009 09 21 18 15 00 1 4511.183
2009 09 21 18 30 00 1 4511.219
2009 09 21 18 45 00 1 4511.262
2009 09 21 19 00 00 1 4511.325
2009 09 21 19 15 00 1 4511.397
2009 09 21 19 30 00 1 4511.477
2009 09 21 19 45 00 1 4511.570
2009 09 21 20 00 00 1 4511.667
2009 09 21 20 15 00 1 4511.773
2009 09 21 20 30 00 1 4511.881
2009 09 21 20 45 00 1 4511.990
2009 09 21 21 00 00 1 4512.102
2009 09 21 21 15 00 1 4512.214
2009 09 21 21 30 00 1 4512.325
2009 09 21 21 45 00 1 4512.426
2009 09 21 22 00 00 1 4512.523
2009 09 21 22 15 00 1 4512.607
2009 09 21 22 30 00 1 4512.685
2009 09 21 22 45 00 1 4512.750
2009 09 21 23 00 00 1 4512.806
2009 09 21 23 15 00 1 4512.848
2009 09 21 23 30 00 1 4512.876
2009 09 21 23 45 00 1 4512.889
2009 09 22 00 00 00 1 4512.888
2009 09 22 00 15 00 1 4512.872
2009 09 22 00 30 00 1 4512.837
2009 09 22 00 45 00 1 4512.791
2009 09 22 01 00 00 1 4512.730
2009 09 22 01 15 00 1 4512.654
2009 09 22 01 30 00 1 4512.563
2009 09 22 01 45 00 1 4512.464
2009 09 22 02 00 00 1 4512.351
2009 09 22 02 15 00 1 4512.238
2009 09 22 02 30 00 1 4512.111
2009 09 22 02 45 00 1 4511.979
2009 09 22 03 00 00 1 4511.848
2009 09 22 03 15 00 1 4511.712
2009 09 22 03 30 00 1 4511.576
2009 09 22 03 45 00 1 4511.440
2009 09 22 04 00 00 1 4511.309
2009 09 22 04 15 00 1 4511.188
2009 09 22 04 30 00 1 4511.069
2009 09 22 04 45 00 1 4510.961
2009 09 22 05 00 00 1 4510.866
2009 09 22 05 15 00 1 4510.782
2009 09 22 05 30 00 1 4510.705
2009 09 22 05 45 00 1 4510.647
2009 09 22 06 00 00 1 4510.605
2009 09 22 06 15 00 1 4510.576
2009 09 22 06 30 00 1 4510.561
2009 09 22 06 45 00 1 4510.565
2009 09 22 07 00 00 1 4510.579
2009 09 22 07 15 00 1 4510.606
2009 09 22 07 30 00 1 4510.652
2009 09 22 07 45 00 1 4510.709
2009 09 22 08 00 00 1 4510.778
2009 09 22 08 15 00 1 4510.856
2009 09 22 08 30 00 1 4510.944
2009 09 22 08 45 00 1 4511.039
2009 09 22 09 00 00 1 4511.143
2009 09 22 09 15 00 1 4511.246
2009 09 22 09 30 00 1 4511.357
2009 09 22 09 45 00 1 4511.466
2009 09 22 10 00 00 1 4511.578
2009 09 22 10 15 00 1 4511.685
2009 09 22 10 30 00 1 4511.787
2009 09 22 10 45 00 1 4511.885
2009 09 22 11 00 00 1 4511.975
2009 09 22 11 15 00 1 4512.059
2009 09 22 11 30 00 1 4512.133
2009 09 22 11 45 00 1 4512.196
2009 09 22 12 00 00 1 4512.249
2009 09 22 12 15 00 1 4512.288
2009 09 22 12 30 00 1 4512.320
2009 09 22 12 45 00 1 4512.337
2009 09 22 13 00 00 1 4512.343
2009 09 22 13 15 00 1 4512.338
2009 09 22 13 30 00 1 4512.321
2009 09 22 13 45 00 1 4512.294
2009 09 22 14 00 00 1 4512.255
2009 09 22 14 15 00 1 4512.209
2009 09 22 14 30 00 1 4512.155
2009 09 22 14 45 00 1 4512.095
2009 09 22 15 00 00 1 4512.029
2009 09 22 15 15 00 1 4511.958
2009 09 22 15 30 00 1 4511.887
2009 09 22 15 45 00 1 4511.814
2009 09 22 16 00 00 1 4511.740
2009 09 22 16 15 00 1 4511.673
2009 09 22 16 30 00 1 4511.610
2009 09 22 16 45 00 1 4511.549
2009 09 22 17 00 00 1 4511.499
2009 09 22 17 15 00 1 4511.454
2009 09 22 17 30 00 1 4511.416
2009 09 22 17 45 00 1 4511.391
2009 09 22 18 00 00 1 4511.376
2009 09 22 18 15 00 1 4511.369
2009 09 22 18 30 00 1 4511.375
2009 09 22 18 45 00 1 4511.391
2009 09 22 19 00 00 1 4511.421
2009 09 22 19 15 00 1 4511.460
2009 09 22 19 30 00 1 4511.508
2009 09 22 19 45 00 1 4511.565
2009 09 22 20 00 00 1 4511.633
2009 09 22 20 15 00 1 4511.709
2009 09 22 20 30 00 1 4511.790
2009 09 22 20 45 00 1 4511.879
2009 09 22 21 00 00 1 4511.969
2009 09 22 21 15 00 1 4512.063
2009 09 22 21 30 00 1 4512.157
2009 09 22 21 45 00 1 4512.249
2009 09 22 22 00 00 1 4512.339
2009 09 22 22 15 00 1 4512.425
2009 09 22 22 30 00 1 4512.506
2009 09 22 22 45 00 1 4512.581
2009 09 22 23 00 00 1 4512.647
2009 09 22 23 15 00 1 4512.704
2009 09 22 23 30 00 1 4512.750
2009 09 22 23 45 00 1 4512.790
2009 09 23 00 00 00 1 4512.815
2009 09 23 00 15 00 1 4512.827
2009 09 23 00 30 00 1 4512.826
2009 09 23 00 45 00 1 4512.810
2009 09 23 01 00 00 1 4512.785
2009 09 23 01 15 00 1 4512.744
2009 09 23 01 30 00 1 4512.693
2009 09 23 01 45 00 1 4512.629
2009 09 23 02 00 00 1 4512.550
2009 09 23 02 15 00 1 4512.464
2009 09 23 02 30 00 1 4512.368
2009 09 23 02 45 00 1 4512.262
2009 09 23 03 00 00 1 4512.152
2009 09 23 03 15 00 1 4512.036
2009 09 23 03 30 00 1 4511.916
2009 09 23 03 45 00 1 4511.795
2009 09 23 04 00 00 1 4511.673
2009 09 23 04 15 00 1 4511.550
2009 09 23 04 30 00 1 4511.431
2009 09 23 04 45 00 1 4511.315
2009 09 23 05 00 00 1 4511.205
2009 09 23 05 15 00 1 4511.101
2009 09 23 05 30 00 1 4511.005
2009 09 23 05 45 00 1 4510.918
2009 09 23 06 00 00 1 4510.845
2009 09 23 06 15 00 1 4510.777
2009 09 23 06 30 00 1 4510.725
2009 09 23 06 45 00 1 4510.682
2009 09 23 07 00 00 1 4510.655
2009 09 23 07 15 00 1 4510.643
2009 09 23 07 30 00 1 4510.644
2009 09 23 07 45 00 1 4510.658
2009 09 23 08 00 00 1 4510.681
2009 09 23 08 15 00 1 4510.719
2009 09 23 08 30 00 1 4510.769
2009 09 23 08 45 00 1 4510.826
2009 09 23 09 00 00 1 4510.894
2009 09 23 09 15 00 1 4510.965
2009 09 23 09 30 00 1 4511.047
2009 09 23 09 45 00 1 4511.132
2009 09 23 10 00 00 1 4511.223
2009 09 23 10 15 00 1 4511.318
2009 09 23 10 30 00 1 4511.408
2009 09 23 10 45 00 1 4511.506
2009 09 23 11 00 00 1 4511.596
2009 09 23 11 15 00 1 4511.686
2009 09 23 11 30 00 1 4511.769
2009 09 23 11 45 00 1 4511.846
2009 09 23 12 00 00 1 4511.918
2009 09 23 12 15 00 1 4511.983
2009 09 23 12 30 00 1 4512.038
2009 09 23 12 45 00 1 4512.084
2009 09 23 13 00 00 1 4512.122
2009 09 23 13 15 00 1 4512.153
2009 09 23 13 30 00 1 4512.172
2009 09 23 13 45 00 1 4512.181
2009 09 23 14 00 00 1 4512.183
2009 09 23 14 15 00 1 4512.175
2009 09 23 14 30 00 1 4512.158
2009 09 23 14 45 00 1 4512.133
2009 09 23 15 00 00 1 4512.099
2009 09 23 15 15 00 1 4512.061
2009 09 23 15 30 00 1 4512.019
2009 09 23 15 45 00 1 4511.974
2009 09 23 16 00 00 1 4511.925
2009 09 23 16 15 00 1 4511.878
2009 09 23 16 30 00 1 4511.829
2009 09 23 16 45 00 1 4511.781
2009 09 23 17 00 00 1 4511.738
2009 09 23 17 15 00 1 4511.695
2009 09 23 17 30 00 1 4511.659
2009 09 23 17 45 00 1 4511.624
2009 09 23 18 00 00 1 4511.597
2009 09 23 18 15 00 1 4511.576
2009 09 23 18 30 00 1 4511.561
2009 09 23 18 45 00 1 4511.557
2009 09 23 19 00 00 1 4511.562
2009 09 23 19 15 00 1 4511.575
2009 09 23 19 30 00 1 4511.597
2009 09 23 19 45 00 1 4511.626
2009 09 23 20 00 00 1 4511.666
2009 09 23 20 15 00 1 4511.711
2009 09 23 20 30 00 1 4511.761
2009 09 23 20 45 00 1 4511.820
2009 09 23 21 00 00 1 4511.882
2009 09 23 21 15 00 1 4511.949
2009 09 23 21 30 00 1 4512.022
2009 09 23 21 45 00 1 4512.096
2009 09 23 22 00 00 1 4512.172
2009 09 23 22 15 00 1 4512.250
2009 09 23 22 30 00 1 4512.325
2009 09 23 22 45 00 1 4512.399
2009 09 23 23 00 00 1 4512.466
2009 09 23 23 15 00 1 4512.528
2009 09 23 23 30 00 1 4512.585
2009 09 23 23 45 00 1 4512.635
2009 09 24 00 00 00 1 4512.675
2009 09 24 00 15 00 1 4512.707
2009 09 24 00 30 00 1 4512.729
2009 09 24 00 45 00 1 4512.740
2009 09 24 01 00 00 1 4512.741
2009 09 24 01 15 00 1 4512.730
2009 09 24 01 30 00 1 4512.710
2009 09 24 01 45 00 1 4512.682
2009 09 24 02 00 00 1 4512.641
2009 09 24 02 15 00 1 4512.591
2009 09 24 02 30 00 1 4512.528
2009 09 24 02 45 00 1 4512.457
2009 09 24 03 00 00 1 4512.378
2009 09 24 03 15 00 1 4512.290
2009 09 24 03 30 00 1 4512.200
2009 09 24 03 45 00 1 4512.102
2009 09 24 04 00 00 1 4511.998
2009 09 24 04 15 00 1 4511.894
2009 09 24 04 30 00 1 4511.790
2009 09 24 04 45 00 1 4511.683
2009 09 24 05 00 00 1 4511.578
2009 09 24 05 15 00 1 4511.475
2009 09 24 05 30 00 1 4511.373
2009 09 24 05 45 00 1 4511.278
2009 09 24 06 00 00 1 4511.188
2009 09 24 06 15 00 1 4511.105
2009 09 24 06 30 00 1 4511.031
2009 09 24 06 45 00 1 4510.966
2009 09 24 07 00 00 1 4510.909
2009 09 24 07 15 00 1 4510.862
2009 09 24 07 30 00 1 4510.826
2009 09 24 07 45 00 1 4510.797
2009 09 24 08 00 00 1 4510.781
2009 09 24 08 15 00 1 4510.775
2009 09 24 08 30 00 1 4510.781
2009 09 24 08 45 00 1 4510.797
2009 09 24 09 00 00 1 4510.824
2009 09 24 09 15 00 1 4510.859
2009 09 24 09 30 00 1 4510.903
2009 09 24 09 45 00 1 4510.955
2009 09 24 10 00 00 1 4511.011
2009 09 24 10 15 00 1 4511.074
2009 09 24 10 30 00 1 4511.141
2009 09 24 10 45 00 1 4511.214
2009 09 24 11 00 00 1 4511.287
2009 09 24 11 15 00 1 4511.362
2009 09 24 11 30 00 1 4511.434
2009 09 24 11 45 00 1 4511.506
2009 09 24 12 00 00 1 4511.572
2009 09 24 12 15 00 1 4511.638
2009 09 24 12 30 00 1 4511.703
2009 09 24 12 45 00 1 4511.761
2009 09 24 13 00 00 1 4511.816
2009 09 24 13 15 00 1 4511.864
2009 09 24 13 30 00 1 4511.907
2009 09 24 13 45 00 1 4511.946
2009 09 24 14 00 00 1 4511.977
2009 09 24 14 15 00 1 4512.000
2009 09 24 14 30 00 1 4512.016
2009 09 24 14 45 00 1 4512.023
2009 09 24 15 00 00 1 4512.025
2009 09 24 15 15 00 1 4512.019
2009 09 24 15 30 00 1 4512.008
2009 09 24 15 45 00 1 4511.991
2009 09 24 16 00 00 1 4511.971
2009 09 24 16 15 00 1 4511.951
2009 09 24 16 30 00 1 4511.926
2009 09 24 16 45 00 1 4511.898
2009 09 24 17 00 00 1 4511.871
2009 09 24 17 15 00 1 4511.841
2009 09 24 17 30 00 1 4511.812
2009 09 24 17 45 00 1 4511.784
2009 09 24 18 00 00 1 4511.759
2009 09 24 18 15 00 1 4511.739
2009 09 24 18 30 00 1 4511.722
2009 09 24 18 45 00 1 4511.709
2009 09 24 19 00 00 1 4511.698
2009 09 24 19 15 00 1 4511.694
2009 09 24 19 30 00 1 4511.695
2009 09 24 19 45 00 1 4511.704
2009 09 24 20 00 00 1 4511.717
2009 09 24 20 15 00 1 4511.735
2009 09 24 20 30 00 1 4511.761
2009 09 24 20 45 00 1 4511.791
2009 09 24 21 00 00 1 4511.826
2009 09 24 21 15 00 1 4511.867
2009 09 24 21 30 00 1 4511.911
2009 09 24 21 45 00 1 4511.959
2009 09 24 22 00 00 1 4512.012
2009 09 24 22 15 00 1 4512.067
2009 09 24 22 30 00 1 4512.124
2009 09 24 22 45 00 1 4512.185
2009 09 24 23 00 00 1 4512.242
2009 09 24 23 15 00 1 4512.299
2009 09 24 23 30 00 1 4512.351
2009 09 24 23 45 00 1 4512.400
2009 09 25 00 00 00 1 4512.446
2009 09 25 00 15 00 1 4512.487
2009 09 25 00 30 00 1 4512.522
2009 09 25 00 45 00 1 4512.548
2009 09 25 01 00 00 1 4512.567
2009 09 25 01 15 00 1 4512.581
2009 09 25 01 30 00 1 4512.586
2009 09 25 01 45 00 1 4512.584
2009 09 25 02 00 00 1 4512.572
2009 09 25 02 15 00 1 4512.556
2009 09 25 02 30 00 1 4512.528
2009 09 25 02 45 00 1 4512.494
2009 09 25 03 00 00 1 4512.451
2009 09 25 03 15 00 1 4512.403
2009 09 25 03 30 00 1 4512.346
2009 09 25 03 45 00 1 4512.280
2009 09 25 04 00 00 1 4512.210
2009 09 25 04 15 00 1 4512.136
2009 09 25 04 30 00 1 4512.057
2009 09 25 04 45 00 1 4511.975
2009 09 25 05 00 00 1 4511.890
2009 09 25 05 15 00 1 4511.803
2009 09 25 05 30 00 1 4511.715
2009 09 25 05 45 00 1 4511.629
2009 09 25 06 00 00 1 4511.544
2009 09 25 06 15 00 1 4511.461
2009 09 25 06 30 00 1 4511.380
2009 09 25 06 45 00 1 4511.304
2009 09 25 07 00 00 1 4511.232
2009 09 25 07 15 00 1 4511.166
2009 09 25 07 30 00 1 4511.109
2009 09 25 07 45 00 1 4511.054
2009 09 25 08 00 00 1 4511.012
2009 09 25 08 15 00 1 4510.976
2009 09 25 08 30 00 1 4510.948
2009 09 25 08 45 00 1 4510.930
2009 09 25 09 00 00 1 4510.921
2009 09 25 09 15 00 1 4510.919
2009 09 25 09 30 00 1 4510.927
2009 09 25 09 45 00 1 4510.939
2009 09 25 10 00 00 1 4510.962
2009 09 25 10 15 00 1 4510.989
2009 09 25 10 30 00 1 4511.023
2009 09 25 10 45 00 1 4511.062
2009 09 25 11 00 00 1 4511.105
2009 09 25 11 15 00 1 4511.155
2009 09 25 11 30 00 1 4511.208
2009 09 25 11 45 00 1 4511.262
2009 09 25 12 00 00 1 4511.319
2009 09 25 12 15 00 1 4511.380
2009 09 25 12 30 00 1 4511.439
2009 09 25 12 45 00 1 4511.497
2009 09 25 13 00 00 1 4511.557
2009 09 25 13 15 00 1 4511.614
2009 09 25 13 30 00 1 4511.668
2009 09 25 13 45 00 1 4511.719
2009 09 25 14 00 00 1 4511.765
2009 09 25 14 15 00 1 4511.807
2009 09 25 14 30 00 1 4511.846
2009 09 25 14 45 00 1 4511.877
2009 09 25 15 00 00 1 4511.904
2009 09 25 15 15 00 1 4511.927
2009 09 25 15 30 00 1 4511.941
2009 09 25 15 45 00 1 4511.952
2009 09 25 16 00 00 1 4511.960
2009 09 25 16 15 00 1 4511.967
2009 09 25 16 30 00 1 4511.968
2009 09 25 16 45 00 1 4511.964
2009 09 25 17 00 00 1 4511.960
2009 09 25 17 15 00 1 4511.951
2009 09 25 17 30 00 1 4511.944
2009 09 25 17 45 00 1 4511.932
2009 09 25 18 00 00 1 4511.919
2009 09 25 18 15 00 1 4511.905
2009 09 25 18 30 00 1 4511.890
2009 09 25 18 45 00 1 4511.879
2009 09 25 19 00 00 1 4511.870
2009 09 25 19 15 00 1 4511.861
2009 09 25 19 30 00 1 4511.855
2009 09 25 19 45 00 1 4511.851
2009 09 25 20 00 00 1 4511.854
2009 09 25 20 15 00 1 4511.857
2009 09 25 20 30 00 1 4511.865
2009 09 25 20 45 00 1 4511.876
2009 09 25 21 00 00 1 4511.891
2009 09 25 21 15 00 1 4511.909
2009 09 25 21 30 00 1 4511.929
2009 09 25 21 45 00 1 4511.953
2009 09 25 22 00 00 1 4511.981
2009 09 25 22 15 00 1 4512.011
2009 09 25 22 30 00 1 4512.042
2009 09 25 22 45 00 1 4512.080
2009 09 25 23 00 00 1 4512.118
2009 09 25 23 15 00 1 4512.154
2009 09 25 23 30 00 1 4512.194
2009 09 25 23 45 00 1 4512.231
2009 09 26 00 00 00 1 4512.270
2009 09 26 00 15 00 1 4512.309
2009 09 26 00 30 00 1 4512.344
2009 09 26 00 45 00 1 4512.376
2009 09 26 01 00 00 1 4512.406
2009 09 26 01 15 00 1 4512.431
2009 09 26 01 30 00 1 4512.449
2009 09 26 01 45 00 1 4512.465
2009 09 26 02 00 00 1 4512.477
2009 09 26 02 15 00 1 4512.482
2009 09 26 02 30 00 1 4512.486
2009 09 26 02 45 00 1 4512.483
2009 09 26 03 00 00 1 4512.472
2009 09 26 03 15 00 1 4512.450
2009 09 26 03 30 00 1 4512.424
2009 09 26 03 45 00 1 4512.392
2009 09 26 04 00 00 1 4512.357
2009 09 26 04 15 00 1 4512.315
2009 09 26 04 30 00 1 4512.267
2009 09 26 04 45 00 1 4512.216
2009 09 26 05 00 00 1 4512.159
2009 09 26 05 15 00 1 4512.100
2009 09 26 05 30 00 1 4512.037
2009 09 26 05 45 00 1 4511.972
2009 09 26 06 00 00 1 4511.903
2009 09 26 06 15 00 1 4511.833
2009 09 26 06 30 00 1 4511.764
2009 09 26 06 45 00 1 4511.693
2009 09 26 07 00 00 1 4511.620
2009 09 26 07 15 00 1 4511.552
2009 09 26 07 30 00 1 4511.485
2009 09 26 07 45 00 1 4511.419
2009 09 26 08 00 00 1 4511.359
2009 09 26 08 15 00 1 4511.304
2009 09 26 08 30 00 1 4511.255
2009 09 26 08 45 00 1 4511.208
2009 09 26 09 00 00 1 4511.168
2009 09 26 09 15 00 1 4511.132
2009 09 26 09 30 00 1 4511.107
2009 09 26 09 45 00 1 4511.083
2009 09 26 10 00 00 1 4511.069
2009 09 26 10 15 00 1 4511.060
2009 09 26 10 30 00 1 4511.057
2009 09 26 10 45 00 1 4511.062
2009 09 26 11 00 00 1 4511.072
2009 09 26 11 15 00 1 4511.089
2009 09 26 11 30 00 1 4511.112
2009 09 26 11 45 00 1 4511.139
2009 09 26 12 00 00 1 4511.170
2009 09 26 12 15 00 1 4511.206
2009 09 26 12 30 00 1 4511.245
2009 09 26 12 45 00 1 4511.287
2009 09 26 13 00 00 1 4511.331
2009 09 26 13 15 00 1 4511.380
2009 09 26 13 30 00 1 4511.432
2009 09 26 13 45 00 1 4511.481
2009 09 26 14 00 00 1 4511.535
2009 09 26 14 15 00 1 4511.588
2009 09 26 14 30 00 1 4511.634
2009 09 26 14 45 00 1 4511.681
2009 09 26 15 00 00 1 4511.726
2009 09 26 15 15 00 1 4511.766
2009 09 26 15 30 00 1 4511.806
2009 09 26 15 45 00 1 4511.839
2009 09 26 16 00 00 1 4511.871
2009 09 26 16 15 00 1 4511.901
2009 09 26 16 30 00 1 4511.926
2009 09 26 16 45 00 1 4511.947
2009 09 26 17 00 00 1 4511.966
2009 09 26 17 15 00 1 4511.985
2009 09 26 17 30 00 1 4511.996
2009 09 26 17 45 00 1 4512.006
2009 09 26 18 00 00 1 4512.010
2009 09 26 18 15 00 1 4512.013
2009 09 26 18 30 00 1 4512.012
2009 09 26 18 45 00 1 4512.010
2009 09 26 19 00 00 1 4512.005
2009 09 26 19 15 00 1 4512.002
2009 09 26 19 30 00 1 4511.999
2009 09 26 19 45 00 1 4511.992
2009 09 26 20 00 00 1 4511.988
2009 09 26 20 15 00 1 4511.982
2009 09 26 20 30 00 1 4511.975
2009 09 26 20 45 00 1 4511.971
2009 09 26 21 00 00 1 4511.968
2009 09 26 21 15 00 1 4511.968
2009 09 26 21 30 00 1 4511.969
2009 09 26 21 45 00 1 4511.972
2009 09 26 22 00 00 1 4511.977
2009 09 26 22 15 00 1 4511.982
2009 09 26 22 30 00 1 4511.994
2009 09 26 22 45 00 1 4512.003
2009 09 26 23 00 00 1 4512.016
2009 09 26 23 15 00 1 4512.033
2009 09 26 23 30 00 1 4512.054
2009 09 26 23 45 00 1 4512.073
2009 09 27 00 00 00 1 4512.093
2009 09 27 00 15 00 1 4512.116
2009 09 27 00 30 00 1 4512.139
2009 09 27 00 45 00 1 4512.161
2009 09 27 01 00 00 1 4512.186
2009 09 27 01 15 00 1 4512.209
2009 09 27 01 30 00 1 4512.232
2009 09 27 01 45 00 1 4512.255
2009 09 27 02 00 00 1 4512.278
2009 09 27 02 15 00 1 4512.296
2009 09 27 02 30 00 1 4512.314
2009 09 27 02 45 00 1 4512.330
2009 09 27 03 00 00 1 4512.344
2009 09 27 03 15 00 1 4512.353
2009 09 27 03 30 00 1 4512.359
2009 09 27 03 45 00 1 4512.357
2009 09 27 04 00 00 1 4512.349
2009 09 27 04 15 00 1 4512.336
2009 09 27 04 30 00 1 4512.322
2009 09 27 04 45 00 1 4512.301
2009 09 27 05 00 00 1 4512.272
2009 09 27 05 15 00 1 4512.243
2009 09 27 05 30 00 1 4512.205
2009 09 27 05 45 00 1 4512.164
2009 09 27 06 00 00 1 4512.116
2009 09 27 06 15 00 1 4512.070
2009 09 27 06 30 00 1 4512.019
2009 09 27 06 45 00 1 4511.963
2009 09 27 07 00 00 1 4511.906
2009 09 27 07 15 00 1 4511.847
2009 09 27 07 30 00 1 4511.784
2009 09 27 07 45 00 1 4511.721
2009 09 27 08 00 00 1 4511.658
2009 09 27 08 15 00 1 4511.598
2009 09 27 08 30 00 1 4511.533
2009 09 27 08 45 00 1 4511.477
2009 09 27 09 00 00 1 4511.417
2009 09 27 09 15 00 1 4511.363
2009 09 27 09 30 00 1 4511.312
2009 09 27 09 45 00 1 4511.265
2009 09 27 10 00 00 1 4511.220
2009 09 27 10 15 00 1 4511.182
2009 09 27 10 30 00 1 4511.151
2009 09 27 10 45 00 1 4511.123
2009 09 27 11 00 00 1 4511.102
2009 09 27 11 15 00 1 4511.088
2009 09 27 11 30 00 1 4511.077
2009 09 27 11 45 00 1 4511.074
2009 09 27 12 00 00 1 4511.076
2009 09 27 12 15 00 1 4511.082
2009 09 27 12 30 00 1 4511.098
2009 09 27 12 45 00 1 4511.118
2009 09 27 13 00 00 1 4511.144
2009 09 27 13 15 00 1 4511.174
2009 09 27 13 30 00 1 4511.212
2009 09 27 13 45 00 1 4511.252
2009 09 27 14 00 00 1 4511.298
2009 09 27 14 15 00 1 4511.344
2009 09 27 14 30 00 1 4511.394
2009 09 27 14 45 00 1 4511.444
2009 09 27 15 00 00 1 4511.497
2009 09 27 15 15 00 1 4511.548
2009 09 27 15 30 00 1 4511.601
2009 09 27 15 45 00 1 4511.653
2009 09 27 16 00 00 1 4511.702
2009 09 27 16 15 00 1 4511.748
2009 09 27 16 30 00 1 4511.794
2009 09 27 16 45 00 1 4511.838
2009 09 27 17 00 00 1 4511.878
2009 09 27 17 15 00 1 4511.917
2009 09 27 17 30 00 1 4511.948
2009 09 27 17 45 00 1 4511.978
2009 09 27 18 00 00 1 4512.002
2009 09 27 18 15 00 1 4512.023
2009 09 27 18 30 00 1 4512.041
2009 09 27 18 45 00 1 4512.057
2009 09 27 19 00 00 1 4512.068
2009 09 27 19 15 00 1 4512.076
2009 09 27 19 30 00 1 4512.076
2009 09 27 19 45 00 1 4512.075
2009 09 27 20 00 00 1 4512.069
2009 09 27 20 15 00 1 4512.061
2009 09 27 20 30 00 1 4512.051
2009 09 27 20 45 00 1 4512.040
2009 09 27 21 00 00 1 4512.027
2009 09 27 21 15 00 1 4512.015
2009 09 27 21 30 00 1 4512.004
2009 09 27 21 45 00 1 4511.988
2009 09 27 22 00 00 1 4511.978
2009 09 27 22 15 00 1 4511.966
2009 09 27 22 30 00 1 4511.953
2009 09 27 22 45 00 1 4511.941
2009 09 27 23 00 00 1 4511.933
2009 09 27 23 15 00 1 4511.927
2009 09 27 23 30 00 1 4511.924
2009 09 27 23 45 00 1 4511.923
2009 09 28 00 00 00 1 4511.925
2009 09 28 00 15 00 1 4511.931
2009 09 28 00 30 00 1 4511.943
2009 09 28 00 45 00 1 4511.956
2009 09 28 01 00 00 1 4511.971
2009 09 28 01 15 00 1 4511.987
2009 09 28 01 30 00 1 4512.007
2009 09 28 01 45 00 1 4512.025
2009 09 28 02 00 00 1 4512.051
2009 09 28 02 15 00 1 4512.073
2009 09 28 02 30 00 1 4512.098
2009 09 28 02 45 00 1 4512.121
2009 09 28 03 00 00 1 4512.145
2009 09 28 03 15 00 1 4512.171
2009 09 28 03 30 00 1 4512.192
2009 09 28 03 45 00 1 4512.211
2009 09 28 04 00 00 1 4512.232
2009 09 28 04 15 00 1 4512.247
2009 09 28 04 30 00 1 4512.262
2009 09 28 04 45 00 1 4512.272
2009 09 28 05 00 00 1 4512.278
2009 09 28 05 15 00 1 4512.277
2009 09 28 05 30 00 1 4512.274
2009 09 28 05 45 00 1 4512.264
2009 09 28 06 00 00 1 4512.248
2009 09 28 06 15 00 1 4512.230
2009 09 28 06 30 00 1 4512.206
2009 09 28 06 45 00 1 4512.174
2009 09 28 07 00 00 1 4512.142
2009 09 28 07 15 00 1 4512.102
2009 09 28 07 30 00 1 4512.055
2009 09 28 07 45 00 1 4512.006
2009 09 28 08 00 00 1 4511.955
2009 09 28 08 15 00 1 4511.900
2009 09 28 08 30 00 1 4511.841
2009 09 28 08 45 00 1 4511.779
2009 09 28 09 00 00 1 4511.716
2009 09 28 09 15 00 1 4511.655
2009 09 28 09 30 00 1 4511.589
2009 09 28 09 45 00 1 4511.523
2009 09 28 10 00 00 1 4511.461
2009 09 28 10 15 00 1 4511.402
2009 09 28 10 30 00 1 4511.344
2009 09 28 10 45 00 1 4511.293
2009 09 28 11 00 00 1 4511.241
2009 09 28 11 15 00 1 4511.195
2009 09 28 11 30 00 1 4511.158
2009 09 28 11 45 00 1 4511.124
2009 09 28 12 00 00 1 4511.099
2009 09 28 12 15 00 1 4511.077
2009 09 28 12 30 00 1 4511.065
2009 09 28 12 45 00 1 4511.058
2009 09 28 13 00 00 1 4511.059
2009 09 28 13 15 00 1 4511.068
2009 09 28 13 30 00 1 4511.082
2009 09 28 13 45 00 1 4511.106
2009 09 28 14 00 00 1 4511.136
2009 09 28 14 15 00 1 4511.172
2009 09 28 14 30 00 1 4511.211
2009 09 28 14 45 00 1 4511.255
2009 09 28 15 00 00 1 4511.304
2009 09 28 15 15 00 1 4511.357
2009 09 28 15 30 00 1 4511.416
2009 09 28 15 45 00 1 4511.473
2009 09 28 16 00 00 1 4511.534
2009 09 28 16 15 00 1 4511.597
2009 09 28 16 30 00 1 4511.660
2009 09 28 16 45 00 1 4511.720
2009 09 28 17 00 00 1 4511.779
2009 09 28 17 15 00 1 4511.839
2009 09 28 17 30 00 1 4511.895
2009 09 28 17 45 00 1 4511.946
2009 09 28 18 00 00 1 4511.995
2009 09 28 18 15 00 1 4512.040
2009 09 28 18 30 00 1 4512.075
2009 09 28 18 45 00 1 4512.110
2009 09 28 19 00 00 1 4512.136
2009 09 28 19 15 00 1 4512.157
2009 09 28 19 30 00 1 4512.174
2009 09 28 19 45 00 1 4512.183
2009 09 28 20 00 00 1 4512.188
2009 09 28 20 15 00 1 4512.186
2009 09 28 20 30 00 1 4512.177
2009 09 28 20 45 00 1 4512.166
2009 09 28 21 00 00 1 4512.153
2009 09 28 21 15 00 1 4512.133
2009 09 28 21 30 00 1 4512.108
2009 09 28 21 45 00 1 4512.085
2009 09 28 22 00 00 1 4512.058
2009 09 28 22 15 00 1 4512.029
2009 09 28 22 30 00 1 4511.999
2009 09 28 22 45 00 1 4511.973
2009 09 28 23 00 00 1 4511.948
2009 09 28 23 15 00 1 4511.923
2009 09 28 23 30 00 1 4511.899
2009 09 28 23 45 00 1 4511.876
2009 09 29 00 00 00 1 4511.856
2009 09 29 00 15 00 1 4511.838
2009 09 29 00 30 00 1 4511.826
2009 09 29 00 45 00 1 4511.820
2009 09 29 01 00 00 1 4511.817
2009 09 29 01 15 00 1 4511.818
2009 09 29 01 30 00 1 4511.824
2009 09 29 01 45 00 1 4511.833
2009 09 29 02 00 00 1 4511.847
2009 09 29 02 15 00 1 4511.864
2009 09 29 02 30 00 1 4511.888
2009 09 29 02 45 00 1 4511.918
2009 09 29 03 00 00 1 4511.943
2009 09 29 03 15 00 1 4511.977
2009 09 29 03 30 00 1 4512.013
2009 09 29 03 45 00 1 4512.047
2009 09 29 04 00 00 1 4512.083
2009 09 29 04 15 00 1 4512.119
2009 09 29 04 30 00 1 4512.154
2009 09 29 04 45 00 1 4512.189
2009 09 29 05 00 00 1 4512.219
2009 09 29 05 15 00 1 4512.248
2009 09 29 05 30 00 1 4512.273
2009 09 29 05 45 00 1 4512.296
2009 09 29 06 00 00 1 4512.311
2009 09 29 06 15 00 1 4512.323
2009 09 29 06 30 00 1 4512.328
2009 09 29 06 45 00 1 4512.327
2009 09 29 07 00 00 1 4512.317
2009 09 29 07 15 00 1 4512.302
2009 09 29 07 30 00 1 4512.280
2009 09 29 07 45 00 1 4512.253
2009 09 29 08 00 00 1 4512.218
2009 09 29 08 15 00 1 4512.175
2009 09 29 08 30 00 1 4512.127
2009 09 29 08 45 00 1 4512.076
2009 09 29 09 00 00 1 4512.016
2009 09 29 09 15 00 1 4511.956
2009 09 29 09 30 00 1 4511.893
2009 09 29 09 45 00 1 4511.823
2009 09 29 10 00 00 1 4511.752
2009 09 29 10 15 00 1 4511.680
2009 09 29 10 30 00 1 4511.607
2009 09 29 10 45 00 1 4511.533
2009 09 29 11 00 00 1 4511.464
2009 09 29 11 15 00 1 4511.398
2009 09 29 11 30 00 1 4511.333
2009 09 29 11 45 00 1 4511.274
2009 09 29 12 00 00 1 4511.220
2009 09 29 12 15 00 1 4511.170
2009 09 29 12 30 00 1 4511.128
2009 09 29 12 45 00 1 4511.093
2009 09 29 13 00 00 1 4511.064
2009 09 29 13 15 00 1 4511.046
2009 09 29 13 30 00 1 4511.040
2009 09 29 13 45 00 1 4511.037
2009 09 29 14 00 00 1 4511.045
2009 09 29 14 15 00 1 4511.059
2009 09 29 14 30 00 1 4511.082
2009 09 29 14 45 00 1 4511.112
2009 09 29 15 00 00 1 4511.153
2009 09 29 15 15 00 1 4511.197
2009 09 29 15 30 00 1 4511.249
2009 09 29 15 45 00 1 4511.307
2009 09 29 16 00 00 1 4511.370
2009 09 29 16 15 00 1 4511.437
2009 09 29 16 30 00 1 4511.507
2009 09 29 16 45 00 1 4511.579
2009 09 29 17 00 00 1 4511.653
2009 09 29 17 15 00 1 4511.724
2009 09 29 17 30 00 1 4511.797
2009 09 29 17 45 00 1 4511.866
2009 09 29 18 00 00 1 4511.933
2009 09 29 18 15 00 1 4512.002
2009 09 29 18 30 00 1 4512.055
2009 09 29 18 45 00 1 4512.108
2009 09 29 19 00 00 1 4512.156
2009 09 29 19 15 00 1 4512.201
2009 09 29 19 30 00 1 4512.238
2009 09 29 19 45 00 1 4512.264
2009 09 29 20 00 00 1 4512.280
2009 09 29 20 15 00 1 4512.294
2009 09 29 20 30 00 1 4512.297
2009 09 29 20 45 00 1 4512.295
2009 09 29 21 00 00 1 4512.283
2009 09 29 21 15 00 1 4512.265
2009 09 29 21 30 00 1 4512.240
2009 09 29 21 45 00 1 4512.212
2009 09 29 22 00 00 1 4512.179
2009 09 29 22 15 00 1 4512.140
2009 09 29 22 30 00 1 4512.098
2009 09 29 22 45 00 1 4512.054
2009 09 29 23 00 00 1 4512.009
2009 09 29 23 15 00 1 4511.960
2009 09 29 23 30 00 1 4511.913
2009 09 29 23 45 00 1 4511.867
2009 09 30 00 00 00 1 4511.825
2009 09 30 00 15 00 1 4511.785
2009 09 30 00 30 00 1 4511.749
2009 09 30 00 45 00 1 4511.715
2009 09 30 01 00 00 1 4511.688
2009 09 30 01 00 00 2 4511.687
2009 09 30 01 01 00 2 4511.685
2009 09 30 01 02 00 2 4511.683
2009 09 30 01 03 00 2 4511.683
2009 09 30 01 04 00 2 4511.681
2009 09 30 01 05 00 2 4511.680
2009 09 30 01 06 00 2 4511.679
2009 09 30 01 07 00 2 4511.678
2009 09 30 01 08 00 2 4511.676
2009 09 30 01 09 00 2 4511.675
2009 09 30 01 10 00 2 4511.673
2009 09 30 01 11 00 2 4511.672
2009 09 30 01 12 00 2 4511.670
2009 09 30 01 13 00 2 4511.669
2009 09 30 01 14 00 2 4511.667
2009 09 30 01 15 00 1 4511.666
2009 09 30 01 15 00 2 4511.665
2009 09 30 01 16 00 2 4511.665
2009 09 30 01 17 00 2 4511.664
2009 09 30 01 18 00 2 4511.662
2009 09 30 01 19 00 2 4511.661
2009 09 30 01 20 00 2 4511.660
2009 09 30 01 21 00 2 4511.659
2009 09 30 01 22 00 2 4511.659
2009 09 30 01 23 00 2 4511.658
2009 09 30 01 24 00 2 4511.656
2009 09 30 01 25 00 2 4511.655
2009 09 30 01 26 00 2 4511.654
2009 09 30 01 27 00 2 4511.653
2009 09 30 01 28 00 2 4511.652
2009 09 30 01 29 00 2 4511.652
2009 09 30 01 30 00 1 4511.651
2009 09 30 01 30 00 2 4511.650
2009 09 30 01 31 00 2 4511.650
2009 09 30 01 32 00 2 4511.649
2009 09 30 01 33 00 2 4511.648
2009 09 30 01 34 00 2 4511.647
2009 09 30 01 35 00 2 4511.647
2009 09 30 01 36 00 2 4511.646
2009 09 30 01 37 00 2 4511.645
2009 09 30 01 38 00 2 4511.644
2009 09 30 01 39 00 2 4511.644
2009 09 30 01 40 00 2 4511.644
2009 09 30 01 41 00 2 4511.643
2009 09 30 01 42 00 2 4511.643
2009 09 30 01 43 00 2 4511.642
2009 09 30 01 44 00 2 4511.643
2009 09 30 01 45 00 1 4511.642
2009 09 30 01 45 00 2 4511.641
2009 09 30 01 46 00 2 4511.642
2009 09 30 01 47 00 2 4511.641
2009 09 30 01 48 00 2 4511.640
2009 09 30 01 49 00 2 4511.640
2009 09 30 01 50 00 2 4511.640
2009 09 30 01 51 00 2 4511.640
2009 09 30 01 52 00 2 4511.640
2009 09 30 01 53 00 2 4511.640
2009 09 30 01 54 00 2 4511.640
2009 09 30 01 55 00 2 4511.639
2009 09 30 01 56 00 2 4511.641
2009 09 30 01 57 00 2 4511.640
2009 09 30 01 58 00 2 4511.640
2009 09 30 01 59 00 2 4511.640
2009 09 30 02 00 00 1 4511.640
2009 09 30 02 00 00 2 4511.640
2009 09 30 02 01 00 2 4511.641
2009 09 30 02 02 00 2 4511.640
2009 09 30 02 02 30 3 4511.640
2009 09 30 02 02 45 3 4511.640
2009 09 30 02 03 00 2 4511.640
2009 09 30 02 03 00 3 4511.640
2009 09 30 02 03 15 3 4511.640
2009 09 30 02 03 30 3 4511.640
2009 09 30 02 03 45 3 4511.640
2009 09 30 02 04 00 2 4511.639
2009 09 30 02 04 00 3 4511.639
2009 09 30 02 04 15 3 4511.639
2009 09 30 02 04 30 3 4511.639
2009 09 30 02 04 45 3 4511.640
2009 09 30 02 05 00 2 4511.641
2009 09 30 02 05 00 3 4511.640
2009 09 30 02 05 15 3 4511.640
2009 09 30 02 05 30 3 4511.641
2009 09 30 02 05 45 3 4511.641
2009 09 30 02 06 00 2 4511.641
2009 09 30 02 06 00 3 4511.641
2009 09 30 02 06 15 3 4511.641
2009 09 30 02 07 00 2 4511.640
2009 09 30 02 07 30 3 4511.639
2009 09 30 02 07 45 3 4511.639
2009 09 30 02 08 00 2 4511.640
2009 09 30 02 08 00 3 4511.640
2009 09 30 02 08 15 3 4511.640
2009 09 30 02 08 30 3 4511.640
2009 09 30 02 08 45 3 4511.640
2009 09 30 02 09 00 2 4511.641
2009 09 30 02 09 00 3 4511.640
2009 09 30 02 09 15 3 4511.641
2009 09 30 02 09 30 3 4511.640
2009 09 30 02 09 45 3 4511.641
2009 09 30 02 10 00 2 4511.641
2009 09 30 02 10 00 3 4511.641
2009 09 30 02 10 15 3 4511.641
2009 09 30 02 10 30 3 4511.642
2009 09 30 02 10 45 3 4511.641
2009 09 30 02 11 00 2 4511.641
2009 09 30 02 11 00 3 4511.640
2009 09 30 02 11 15 3 4511.640
2009 09 30 02 12 00 2 4511.642
2009 09 30 02 13 00 2 4511.642
2009 09 30 02 14 00 2 4511.643
2009 09 30 02 15 00 1 9999.000
2009 09 30 02 15 00 2 4511.644
2009 09 30 02 16 00 2 4511.644
2009 09 30 02 17 00 2 4511.644
2009 09 30 02 18 00 2 4511.646
2009 09 30 02 19 00 2 4511.646
2009 09 30 02 20 00 2 4511.647
2009 09 30 02 21 00 2 4511.648
2009 09 30 02 22 00 2 4511.649
2009 09 30 02 23 00 2 4511.648
2009 09 30 02 24 00 2 4511.650
2009 09 30 02 25 00 2 4511.650
2009 09 30 02 26 00 2 4511.650
2009 09 30 02 27 00 2 4511.653
2009 09 30 02 28 00 2 4511.652
2009 09 30 02 29 00 2 4511.653
2009 09 30 02 30 00 1 9999.000
2009 09 30 02 30 00 2 4511.654
2009 09 30 02 31 00 2 4511.655
2009 09 30 02 32 00 2 4511.656
2009 09 30 02 33 00 2 4511.657
2009 09 30 02 34 00 2 4511.659
2009 09 30 02 35 00 2 4511.659
2009 09 30 02 36 00 2 4511.660
2009 09 30 02 37 00 2 4511.662
2009 09 30 02 38 00 2 4511.662
2009 09 30 02 39 00 2 4511.664
2009 09 30 02 40 00 2 4511.665
2009 09 30 02 41 00 2 4511.667
2009 09 30 02 42 00 2 4511.668
2009 09 30 02 43 00 2 4511.669
2009 09 30 02 44 00 2 4511.671
2009 09 30 02 45 00 1 9999.000
2009 09 30 02 45 00 2 4511.672
2009 09 30 02 46 00 2 4511.674
2009 09 30 02 47 00 2 4511.676
2009 09 30 02 48 00 2 4511.676
2009 09 30 02 49 00 2 4511.679
2009 09 30 02 50 00 2 4511.680
2009 09 30 02 51 00 2 4511.681
2009 09 30 02 52 00 2 4511.681
2009 09 30 02 53 00 2 4511.683
2009 09 30 02 54 00 2 4511.686
2009 09 30 02 55 00 2 4511.688
2009 09 30 02 56 00 2 4511.688
2009 09 30 02 57 00 2 4511.691
2009 09 30 02 58 00 2 4511.693
2009 09 30 02 59 00 2 4511.695
2009 09 30 03 00 00 1 9999.000
2009 09 30 03 00 00 2 4511.697
2009 09 30 03 01 00 2 4511.699
2009 09 30 03 02 00 2 4511.700
2009 09 30 03 03 00 2 4511.702
2009 09 30 03 04 00 2 4511.704
2009 09 30 03 05 00 2 4511.707
2009 09 30 03 06 00 2 4511.708
2009 09 30 03 07 00 2 4511.709
2009 09 30 03 08 00 2 4511.712
2009 09 30 03 09 00 2 4511.714
2009 09 30 03 10 00 2 4511.715
2009 09 30 03 11 00 2 4511.717
2009 09 30 03 12 00 2 4511.719
2009 09 30 03 13 00 2 4511.722
2009 09 30 03 14 00 2 4511.723
2009 09 30 03 15 00 1 9999.000
2009 09 30 03 15 00 2 4511.724
2009 09 30 03 16 00 2 4511.726
2009 09 30 03 17 00 2 4511.728
2009 09 30 03 18 00 2 4511.730
2009 09 30 03 19 00 2 4511.732
2009 09 30 03 20 00 2 4511.735
2009 09 30 03 21 00 2 4511.737
2009 09 30 03 22 00 2 4511.739
2009 09 30 03 23 00 2 4511.741
2009 09 30 03 24 00 2 4511.744
2009 09 30 03 25 00 2 4511.745
2009 09 30 03 26 00 2 4511.747
2009 09 30 03 27 00 2 4511.750
2009 09 30 03 28 00 2 4511.752
2009 09 30 03 29 00 2 4511.755
2009 09 30 03 30 00 1 9999.000
2009 09 30 03 30 00 2 4511.757
2009 09 30 03 31 00 2 4511.759
2009 09 30 03 32 00 2 4511.761
2009 09 30 03 33 00 2 4511.764
2009 09 30 03 34 00 2 4511.768
2009 09 30 03 35 00 2 4511.770
2009 09 30 03 36 00 2 4511.773
2009 09 30 03 37 00 2 4511.776
2009 09 30 03 38 00 2 4511.779
2009 09 30 03 39 00 2 4511.783
2009 09 30 03 40 00 2 4511.787
2009 09 30 03 41 00 2 4511.789
2009 09 30 03 42 00 2 4511.792
2009 09 30 03 43 00 2 4511.795
2009 09 30 03 44 00 2 4511.799
2009 09 30 03 45 00 1 9999.000
2009 09 30 03 45 00 2 4511.803
2009 09 30 03 46 00 2 4511.806
2009 09 30 03 47 00 2 4511.809
2009 09 30 03 48 00 2 4511.811
2009 09 30 03 49 00 2 4511.815
2009 09 30 03 50 00 2 4511.815
2009 09 30 03 51 00 2 4511.816
2009 09 30 03 52 00 2 4511.818
2009 09 30 03 53 00 2 4511.820
2009 09 30 03 54 00 2 4511.822
2009 09 30 03 55 00 2 4511.826
2009 09 30 03 56 00 2 4511.829
2009 09 30 03 57 00 2 4511.832
2009 09 30 03 58 00 2 4511.837
2009 09 30 03 59 00 2 4511.838
2009 09 30 04 00 00 1 9999.000
2009 09 30 04 00 00 2 4511.842
2009 09 30 04 01 00 2 4511.844
2009 09 30 04 02 00 2 4511.848
2009 09 30 04 03 00 2 4511.851
2009 09 30 04 04 00 2 4511.855
2009 09 30 04 05 00 2 4511.859
2009 09 30 04 06 00 2 4511.862
2009 09 30 04 07 00 2 4511.863
2009 09 30 04 08 00 2 4511.865
2009 09 30 04 09 00 2 4511.866
2009 09 30 04 10 00 2 4511.870
2009 09 30 04 11 00 2 4511.873
2009 09 30 04 12 00 2 4511.878
2009 09 30 04 13 00 2 4511.884
2009 09 30 04 14 00 2 4511.888
2009 09 30 04 15 00 1 9999.000
2009 09 30 04 15 00 2 4511.892
2009 09 30 04 16 00 2 4511.894
2009 09 30 04 17 00 2 4511.898
2009 09 30 04 18 00 2 4511.902
2009 09 30 04 19 00 2 4511.907
2009 09 30 04 20 00 2 4511.910
2009 09 30 04 21 00 2 4511.910
2009 09 30 04 22 00 2 4511.911
2009 09 30 04 23 00 2 4511.912
2009 09 30 04 24 00 2 4511.914
2009 09 30 04 25 00 2 4511.917
2009 09 30 04 26 00 2 4511.920
2009 09 30 04 27 00 2 4511.923
2009 09 30 04 28 00 2 4511.926
2009 09 30 04 29 00 2 4511.930
2009 09 30 04 30 00 1 9999.000
2009 09 30 04 30 00 2 4511.934
2009 09 30 04 31 00 2 4511.939
2009 09 30 04 32 00 2 4511.945
2009 09 30 04 33 00 2 4511.946
2009 09 30 04 34 00 2 4511.950
2009 09 30 04 35 00 2 4511.954
2009 09 30 04 36 00 2 4511.959
2009 09 30 04 37 00 2 4511.962
2009 09 30 04 38 00 2 4511.963
2009 09 30 04 39 00 2 4511.965
2009 09 30 04 40 00 2 4511.969
2009 09 30 04 41 00 2 4511.973
2009 09 30 04 42 00 2 4511.976
2009 09 30 04 43 00 2 4511.981
2009 09 30 04 44 00 2 4511.987
2009 09 30 04 45 00 1 9999.000
2009 09 30 04 45 00 2 4511.991
2009 09 30 04 46 00 2 4511.994
2009 09 30 04 47 00 2 4511.995
2009 09 30 04 48 00 2 4511.995
2009 09 30 04 49 00 2 4511.999
2009 09 30 04 50 00 2 4512.005
2009 09 30 04 51 00 2 4512.011
2009 09 30 04 52 00 2 4512.015
2009 09 30 04 53 00 2 4512.018
2009 09 30 04 54 00 2 4512.020
2009 09 30 04 55 00 2 4512.020
2009 09 30 04 56 00 2 4512.018
2009 09 30 04 57 00 2 4512.018
2009 09 30 04 58 00 2 4512.024
2009 09 30 04 59 00 2 4512.030
2009 09 30 05 00 00 1 9999.000
2009 09 30 05 00 00 2 4512.038
2009 09 30 05 01 00 2 4512.044
2009 09 30 05 02 00 2 4512.048
2009 09 30 05 03 00 2 4512.051
2009 09 30 05 04 00 2 4512.053
2009 09 30 05 05 00 2 4512.051
2009 09 30 05 06 00 2 4512.054
2009 09 30 05 07 00 2 4512.058
2009 09 30 05 08 00 2 4512.062
2009 09 30 05 09 00 2 4512.066
2009 09 30 05 10 00 2 4512.067
2009 09 30 05 15 00 1 4512.085
2009 09 30 05 30 00 1 4512.129
2009 09 30 05 45 00 1 4512.186
2009 09 30 06 00 00 1 4512.227
2009 09 30 06 15 00 1 4512.262
2009 09 30 06 30 00 1 4512.299
2009 09 30 06 45 00 1 4512.330
2009 09 30 07 00 00 1 4512.350
2009 09 30 07 15 00 1 4512.362
2009 09 30 07 30 00 1 4512.369
2009 09 30 07 45 00 1 4512.372
2009 09 30 08 00 00 1 4512.362
2009 09 30 08 15 00 1 4512.344
2009 09 30 08 30 00 1 4512.317
2009 09 30 08 45 00 1 4512.288
2009 09 30 09 00 00 1 4512.248
2009 09 30 09 15 00 1 4512.201
2009 09 30 09 30 00 1 4512.141
2009 09 30 09 45 00 1 4512.072
2009 09 30 10 00 00 1 4511.999
2009 09 30 10 15 00 1 4511.922
2009 09 30 10 30 00 1 4511.857
2009 09 30 10 45 00 1 4511.778
2009 09 30 11 00 00 1 4511.691
2009 09 30 11 15 00 1 4511.610
2009 09 30 11 30 00 1 4511.534
2009 09 30 11 45 00 1 4511.452
2009 09 30 12 00 00 1 4511.378
2009 09 30 12 15 00 1 4511.306
2009 09 30 12 30 00 1 4511.235
2009 09 30 12 45 00 1 4511.177
2009 09 30 13 00 00 1 4511.123
2009 09 30 13 15 00 1 4511.075
2009 09 30 13 30 00 1 4511.047
2009 09 30 13 45 00 1 4511.021
2009 09 30 14 00 00 1 4511.001
2009 09 30 14 15 00 1 4510.995
2009 09 30 14 30 00 1 4510.991
2009 09 30 14 45 00 1 4511.005
2009 09 30 15 00 00 1 4511.031
2009 09 30 15 15 00 1 4511.061
2009 09 30 15 30 00 1 4511.106
2009 09 30 15 45 00 1 4511.156
2009 09 30 16 00 00 1 4511.210
2009 09 30 16 15 00 1 4511.277
2009 09 30 16 30 00 1 4511.343
2009 09 30 16 45 00 1 4511.423
2009 09 30 17 00 00 1 4511.501
2009 09 30 17 15 00 1 4511.589
2009 09 30 17 30 00 1 4511.669
2009 09 30 17 45 00 1 4511.749
2009 09 30 18 00 00 1 4511.841
2009 09 30 18 15 00 1 4511.916
2009 09 30 18 30 00 1 4511.998
2009 09 30 18 45 00 1 4512.069
2009 09 30 19 00 00 1 4512.139
2009 09 30 19 15 00 1 4512.197
2009 09 30 19 30 00 1 4512.254
2009 09 30 19 45 00 1 4512.303
2009 09 30 20 00 00 1 4512.343
2009 09 30 20 15 00 1 4512.377
2009 09 30 20 30 00 1 4512.397
2009 09 30 20 45 00 1 4512.402
2009 09 30 21 00 00 1 4512.401
2009 09 30 21 15 00 1 4512.393
2009 09 30 21 30 00 1 4512.370
2009 09 30 21 45 00 1 4512.343
2009 09 30 22 00 00 1 4512.313
2009 09 30 22 15 00 1 4512.268
2009 09 30 22 30 00 1 4512.223
2009 09 30 22 45 00 1 4512.167
2009 09 30 23 00 00 1 4512.115
2009 09 30 23 15 00 1 4512.053
2009 09 30 23 30 00 1 4511.987
2009 09 30 23 45 00 1 4511.923
2009 10 01 00 00 00 1 4511.856
2009 10 01 00 15 00 1 4511.791
2009 10 01 00 30 00 1 4511.733
2009 10 01 00 45 00 1 4511.673
2009 10 01 01 00 00 1 4511.624
2009 10 01 01 15 00 1 4511.576
2009 10 01 01 30 00 1 4511.536
2009 10 01 01 45 00 1 4511.498
2009 10 01 02 00 00 1 4511.474
2009 10 01 02 15 00 1 4511.458
2009 10 01 02 30 00 1 4511.450
2009 10 01 02 45 00 1 4511.450
2009 10 01 03 00 00 1 4511.458
2009 10 01 03 15 00 1 4511.476
2009 10 01 03 30 00 1 4511.503
2009 10 01 03 45 00 1 4511.535
2009 10 01 04 00 00 1 4511.573
2009 10 01 04 15 00 1 4511.621
2009 10 01 04 30 00 1 4511.678
2009 10 01 04 45 00 1 4511.737
2009 10 01 05 00 00 1 4511.798
2009 10 01 05 15 00 1 4511.862
2009 10 01 05 30 00 1 4511.928
2009 10 01 05 45 00 1 4511.998
2009 10 01 06 00 00 1 4512.062
2009 10 01 06 15 00 1 4512.125
2009 10 01 06 30 00 1 4512.185
2009 10 01 06 45 00 1 4512.243
2009 10 01 07 00 00 1 4512.297
2009 10 01 07 15 00 1 4512.343
2009 10 01 07 30 00 1 4512.379
2009 10 01 07 45 00 1 4512.409
2009 10 01 08 00 00 1 4512.434
2009 10 01 08 15 00 1 4512.445
2009 10 01 08 30 00 1 4512.446
2009 10 01 08 45 00 1 4512.443
2009 10 01 09 00 00 1 4512.423
2009 10 01 09 15 00 1 4512.397
2009 10 01 09 30 00 1 4512.365
2009 10 01 09 45 00 1 4512.317
2009 10 01 10 00 00 1 4512.262
2009 10 01 10 15 00 1 4512.199
2009 10 01 10 30 00 1 4512.126
2009 10 01 10 45 00 1 4512.048
2009 10 01 11 00 00 1 4511.969
2009 10 01 11 15 00 1 4511.885
2009 10 01 11 30 00 1 4511.798
2009 10 01 11 45 00 1 4511.705
2009 10 01 12 00 00 1 4511.617
2009 10 01 12 15 00 1 4511.528
2009 10 01 12 30 00 1 4511.443
2009 10 01 12 45 00 1 4511.365
2009 10 01 13 00 00 1 4511.287
2009 10 01 13 15 00 1 4511.221
2009 10 01 13 30 00 1 4511.162
2009 10 01 13 45 00 1 4511.109
2009 10 01 14 00 00 1 4511.069
2009 10 01 14 15 00 1 4511.038
2009 10 01 14 30 00 1 4511.014
2009 10 01 14 45 00 1 4511.003
2009 10 01 15 00 00 1 4511.006
2009 10 01 15 15 00 1 4511.016
2009 10 01 15 30 00 1 4511.040
2009 10 01 15 45 00 1 4511.075
2009 10 01 16 00 00 1 4511.123
2009 10 01 16 15 00 1 4511.177
2009 10 01 16 30 00 1 4511.243
2009 10 01 16 45 00 1 4511.314
2009 10 01 17 00 00 1 4511.394
2009 10 01 17 15 00 1 4511.476
2009 10 01 17 30 00 1 4511.563
2009 10 01 17 45 00 1 4511.652
2009 10 01 18 00 00 1 4511.744
2009 10 01 18 15 00 1 4511.838
2009 10 01 18 30 00 1 4511.930
2009 10 01 18 45 00 1 4512.018
2009 10 01 19 00 00 1 4512.104
2009 10 01 19 15 00 1 4512.184
2009 10 01 19 30 00 1 4512.254
2009 10 01 19 45 00 1 4512.319
2009 10 01 20 00 00 1 4512.376
2009 10 01 20 15 00 1 4512.423
2009 10 01 20 30 00 1 4512.460
2009 10 01 20 45 00 1 4512.486
2009 10 01 21 00 00 1 4512.501
2009 10 01 21 15 00 1 4512.507
2009 10 01 21 30 00 1 4512.499
2009 10 01 21 45 00 1 4512.482
2009 10 01 22 00 00 1 4512.454
2009 10 01 22 15 00 1 4512.418
2009 10 01 22 30 00 1 4512.369
2009 10 01 22 45 00 1 4512.314
2009 10 01 23 00 00 1 4512.249
2009 10 01 23 15 00 1 4512.179
2009 10 01 23 30 00 1 4512.105
2009 10 01 23 45 00 1 4512.024
2009 10 02 00 00 00 1 4511.943
2009 10 02 00 15 00 1 4511.859
2009 10 02 00 30 00 1 4511.778
2009 10 02 00 45 00 1 4511.697
2009 10 02 01 00 00 1 4511.620
2009 10 02 01 15 00 1 4511.546
2009 10 02 01 30 00 1 4511.478
2009 10 02 01 45 00 1 4511.418
2009 10 02 02 00 00 1 4511.365
2009 10 02 02 15 00 1 4511.320
2009 10 02 02 30 00 1 4511.287
2009 10 02 02 45 00 1 4511.261
2009 10 02 03 00 00 1 4511.246
2009 10 02 03 15 00 1 4511.246
2009 10 02 03 30 00 1 4511.252
2009 10 02 03 45 00 1 4511.269
2009 10 02 04 00 00 1 4511.298
2009 10 02 04 15 00 1 4511.337
2009 10 02 04 30 00 1 4511.388
2009 10 02 04 45 00 1 4511.446
2009 10 02 05 00 00 1 4511.508
2009 10 02 05 15 00 1 4511.580
2009 10 02 05 30 00 1 4511.658
2009 10 02 05 45 00 1 4511.738
2009 10 02 06 00 00 1 4511.822
2009 10 02 06 15 00 1 4511.903
2009 10 02 06 30 00 1 4511.983
2009 10 02 06 45 00 1 4512.063
2009 10 02 07 00 00 1 4512.139
2009 10 02 07 15 00 1 4512.208
2009 10 02 07 30 00 1 4512.278
2009 10 02 07 45 00 1 4512.335
2009 10 02 08 00 00 1 4512.387
2009 10 02 08 15 00 1 4512.430
2009 10 02 08 30 00 1 4512.463
2009 10 02 08 45 00 1 4512.487
2009 10 02 09 00 00 1 4512.499
2009 10 02 09 15 00 1 4512.501
2009 10 02 09 30 00 1 4512.491
2009 10 02 09 45 00 1 4512.471
2009 10 02 10 00 00 1 4512.437
2009 10 02 10 15 00 1 4512.398
2009 10 02 10 30 00 1 4512.345
2009 10 02 10 45 00 1 4512.282
2009 10 02 11 00 00 1 4512.212
2009 10 02 11 15 00 1 4512.133
2009 10 02 11 30 00 1 4512.050
2009 10 02 11 45 00 1 4511.960
2009 10 02 12 00 00 1 4511.868
2009 10 02 12 15 00 1 4511.774
2009 10 02 12 30 00 1 4511.682
2009 10 02 12 45 00 1 4511.590
2009 10 02 13 00 00 1 4511.503
2009 10 02 13 15 00 1 4511.418
2009 10 02 13 30 00 1 4511.343
2009 10 02 13 45 00 1 4511.270
2009 10 02 14 00 00 1 4511.208
2009 10 02 14 15 00 1 4511.151
2009 10 02 14 30 00 1 4511.106
2009 10 02 14 45 00 1 4511.070
2009 10 02 15 00 00 1 4511.047
2009 10 02 15 15 00 1 4511.038
2009 10 02 15 30 00 1 4511.040
2009 10 02 15 45 00 1 4511.054
2009 10 02 16 00 00 1 4511.081
2009 10 02 16 15 00 1 4511.122
2009 10 02 16 30 00 1 4511.172
2009 10 02 16 45 00 1 4511.233
2009 10 02 17 00 00 1 4511.300
2009 10 02 17 15 00 1 4511.379
2009 10 02 17 30 00 1 4511.465
2009 10 02 17 45 00 1 4511.555
2009 10 02 18 00 00 1 4511.652
2009 10 02 18 15 00 1 4511.750
2009 10 02 18 30 00 1 4511.851
2009 10 02 18 45 00 1 4511.951
2009 10 02 19 00 00 1 4512.049
2009 10 02 19 15 00 1 4512.142
2009 10 02 19 30 00 1 4512.227
2009 10 02 19 45 00 1 4512.309
2009 10 02 20 00 00 1 4512.383
2009 10 02 20 15 00 1 4512.449
2009 10 02 20 30 00 1 4512.506
2009 10 02 20 45 00 1 4512.551
2009 10 02 21 00 00 1 4512.585
2009 10 02 21 15 00 1 4512.605
2009 10 02 21 30 00 1 4512.614
2009 10 02 21 45 00 1 4512.608
2009 10 02 22 00 00 1 4512.590
2009 10 02 22 15 00 1 4512.563
2009 10 02 22 30 00 1 4512.519
2009 10 02 22 45 00 1 4512.469
2009 10 02 23 00 00 1 4512.406
2009 10 02 23 15 00 1 4512.338
2009 10 02 23 30 00 1 4512.257
2009 10 02 23 45 00 1 4512.169
2009 10 03 00 00 00 1 4512.075
2009 10 03 00 15 00 1 4511.979
2009 10 03 00 30 00 1 4511.882
2009 10 03 00 45 00 1 4511.779
2009 10 03 01 00 00 1 4511.681
2009 10 03 01 15 00 1 4511.580
2009 10 03 01 30 00 1 4511.489
2009 10 03 01 45 00 1 4511.400
2009 10 03 02 00 00 1 4511.318
2009 10 03 02 15 00 1 4511.245
2009 10 03 02 30 00 1 4511.178
2009 10 03 02 45 00 1 4511.122
2009 10 03 03 00 00 1 4511.077
2009 10 03 03 15 00 1 4511.044
2009 10 03 03 30 00 1 4511.024
2009 10 03 03 45 00 1 4511.016
2009 10 03 04 00 00 1 4511.022
2009 10 03 04 15 00 1 4511.041
2009 10 03 04 30 00 1 4511.072
2009 10 03 04 45 00 1 4511.115
2009 10 03 05 00 00 1 4511.167
2009 10 03 05 15 00 1 4511.230
2009 10 03 05 30 00 1 4511.302
2009 10 03 05 45 00 1 4511.383
2009 10 03 06 00 00 1 4511.467
2009 10 03 06 15 00 1 4511.558
2009 10 03 06 30 00 1 4511.651
2009 10 03 06 45 00 1 4511.745
2009 10 03 07 00 00 1 4511.838
2009 10 03 07 15 00 1 4511.931
2009 10 03 07 30 00 1 4512.022
2009 10 03 07 45 00 1 4512.109
2009 10 03 08 00 00 1 4512.191
2009 10 03 08 15 00 1 4512.266
2009 10 03 08 30 00 1 4512.329
2009 10 03 08 45 00 1 4512.386
2009 10 03 09 00 00 1 4512.431
2009 10 03 09 15 00 1 4512.466
2009 10 03 09 30 00 1 4512.487
2009 10 03 09 45 00 1 4512.498
2009 10 03 10 00 00 1 4512.496
2009 10 03 10 15 00 1 4512.482
2009 10 03 10 30 00 1 4512.456
2009 10 03 10 45 00 1 4512.418
2009 10 03 11 00 00 1 4512.370
2009 10 03 11 15 00 1 4512.312
2009 10 03 11 30 00 1 4512.245
2009 10 03 11 45 00 1 4512.168
2009 10 03 12 00 00 1 4512.088
2009 10 03 12 15 00 1 4511.999
2009 10 03 12 30 00 1 4511.907
2009 10 03 12 45 00 1 4511.812
2009 10 03 13 00 00 1 4511.720
2009 10 03 13 15 00 1 4511.627
2009 10 03 13 30 00 1 4511.539
2009 10 03 13 45 00 1 4511.454
2009 10 03 14 00 00 1 4511.374
2009 10 03 14 15 00 1 4511.302
2009 10 03 14 30 00 1 4511.235
2009 10 03 14 45 00 1 4511.178
2009 10 03 15 00 00 1 4511.134
2009 10 03 15 15 00 1 4511.099
2009 10 03 15 30 00 1 4511.079
2009 10 03 15 45 00 1 4511.069
2009 10 03 16 00 00 1 4511.074
2009 10 03 16 15 00 1 4511.092
2009 10 03 16 30 00 1 4511.124
2009 10 03 16 45 00 1 4511.168
2009 10 03 17 00 00 1 4511.221
2009 10 03 17 15 00 1 4511.286
2009 10 03 17 30 00 1 4511.360
2009 10 03 17 45 00 1 4511.444
2009 10 03 18 00 00 1 4511.535
2009 10 03 18 15 00 1 4511.630
2009 10 03 18 30 00 1 4511.733
2009 10 03 18 45 00 1 4511.837
2009 10 03 19 00 00 1 4511.939
2009 10 03 19 15 00 1 4512.044
2009 10 03 19 30 00 1 4512.141
2009 10 03 19 45 00 1 4512.239
2009 10 03 20 00 00 1 4512.327
2009 10 03 20 15 00 1 4512.413
2009 10 03 20 30 00 1 4512.487
2009 10 03 20 45 00 1 4512.551
2009 10 03 21 00 00 1 4512.606
2009 10 03 21 15 00 1 4512.648
2009 10 03 21 30 00 1 4512.677
2009 10 03 21 45 00 1 4512.688
2009 10 03 22 00 00 1 4512.690
2009 10 03 22 15 00 1 4512.678
2009 10 03 22 30 00 1 4512.649
2009 10 03 22 45 00 1 4512.610
2009 10 03 23 00 00 1 4512.556
2009 10 03 23 15 00 1 4512.493
2009 10 03 23 30 00 1 4512.418
2009 10 03 23 45 00 1 4512.334
2009 10 04 00 00 00 1 4512.240
2009 10 04 00 15 00 1 4512.141
2009 10 04 00 30 00 1 4512.035
2009 10 04 00 45 00 1 4511.922
2009 10 04 01 00 00 1 4511.808
2009 10 04 01 15 00 1 4511.692
2009 10 04 01 30 00 1 4511.578
2009 10 04 01 45 00 1 4511.465
2009 10 04 02 00 00 1 4511.359
2009 10 04 02 15 00 1 4511.259
2009 10 04 02 30 00 1 4511.167
2009 10 04 02 45 00 1 4511.081
2009 10 04 03 00 00 1 4511.005
2009 10 04 03 15 00 1 4510.945
2009 10 04 03 30 00 1 4510.893
2009 10 04 03 45 00 1 4510.855
2009 10 04 04 00 00 1 4510.831
2009 10 04 04 15 00 1 4510.823
2009 10 04 04 30 00 1 4510.829
2009 10 04 04 45 00 1 4510.847
2009 10 04 05 00 00 1 4510.880
2009 10 04 05 15 00 1 4510.924
2009 10 04 05 30 00 1 4510.979
2009 10 04 05 45 00 1 4511.045
2009 10 04 06 00 00 1 4511.121
2009 10 04 06 15 00 1 4511.206
2009 10 04 06 30 00 1 4511.297
2009 10 04 06 45 00 1 4511.393
2009 10 04 07 00 00 1 4511.495
2009 10 04 07 15 00 1 4511.600
2009 10 04 07 30 00 1 4511.709
2009 10 04 07 45 00 1 4511.814
2009 10 04 08 00 00 1 4511.917
2009 10 04 08 15 00 1 4512.017
2009 10 04 08 30 00 1 4512.105
2009 10 04 08 45 00 1 4512.194
2009 10 04 09 00 00 1 4512.270
2009 10 04 09 15 00 1 4512.339
2009 10 04 09 30 00 1 4512.394
2009 10 04 09 45 00 1 4512.437
2009 10 04 10 00 00 1 4512.467
2009 10 04 10 15 00 1 4512.488
2009 10 04 10 30 00 1 4512.494
2009 10 04 10 45 00 1 4512.488
2009 10 04 11 00 00 1 4512.468
2009 10 04 11 15 00 1 4512.437
2009 10 04 11 30 00 1 4512.394
2009 10 04 11 45 00 1 4512.344
2009 10 04 12 00 00 1 4512.282
2009 10 04 12 15 00 1 4512.209
2009 10 04 12 30 00 1 4512.130
2009 10 04 12 45 00 1 4512.046
2009 10 04 13 00 00 1 4511.958
2009 10 04 13 15 00 1 4511.869
2009 10 04 13 30 00 1 4511.778
2009 10 04 13 45 00 1 4511.689
2009 10 04 14 00 00 1 4511.599
2009 10 04 14 15 00 1 4511.515
2009 10 04 14 30 00 1 4511.436
2009 10 04 14 45 00 1 4511.366
2009 10 04 15 00 00 1 4511.302
2009 10 04 15 15 00 1 4511.248
2009 10 04 15 30 00 1 4511.205
2009 10 04 15 45 00 1 4511.175
2009 10 04 16 00 00 1 4511.154
2009 10 04 16 15 00 1 4511.151
2009 10 04 16 30 00 1 4511.159
2009 10 04 16 45 00 1 4511.178
2009 10 04 17 00 00 1 4511.212
2009 10 04 17 15 00 1 4511.258
2009 10 04 17 30 00 1 4511.314
2009 10 04 17 45 00 1 4511.382
2009 10 04 18 00 00 1 4511.460
2009 10 04 18 15 00 1 4511.546
2009 10 04 18 30 00 1 4511.639
2009 10 04 18 45 00 1 4511.740
2009 10 04 19 00 00 1 4511.845
2009 10 04 19 15 00 1 4511.947
2009 10 04 19 30 00 1 4512.050
2009 10 04 19 45 00 1 4512.153
2009 10 04 20 00 00 1 4512.255
2009 10 04 20 15 00 1 4512.355
2009 10 04 20 30 00 1 4512.446
2009 10 04 20 45 00 1 4512.527
2009 10 04 21 00 00 1 4512.603
2009 10 04 21 15 00 1 4512.664
2009 10 04 21 30 00 1 4512.713
2009 10 04 21 45 00 1 4512.752
2009 10 04 22 00 00 1 4512.773
2009 10 04 22 15 00 1 4512.785
2009 10 04 22 30 00 1 4512.778
2009 10 04 22 45 00 1 4512.758
2009 10 04 23 00 00 1 4512.724
2009 10 04 23 15 00 1 4512.674
2009 10 04 23 30 00 1 4512.614
2009 10 04 23 45 00 1 4512.542
2009 10 05 00 00 00 1 4512.455
2009 10 05 00 15 00 1 4512.357
2009 10 05 00 30 00 1 4512.252
2009 10 05 00 45 00 1 4512.139
2009 10 05 01 00 00 1 4512.022
2009 10 05 01 15 00 1 4511.896
2009 10 05 01 30 00 1 4511.770
2009 10 05 01 45 00 1 4511.644
2009 10 05 02 00 00 1 4511.518
2009 10 05 02 15 00 1 4511.394
2009 10 05 02 30 00 1 4511.275
2009 10 05 02 45 00 1 4511.164
2009 10 05 03 00 00 1 4511.061
2009 10 05 03 15 00 1 4510.967
2009 10 05 03 30 00 1 4510.881
2009 10 05 03 45 00 1 4510.810
2009 10 05 04 00 00 1 4510.750
2009 10 05 04 15 00 1 4510.704
2009 10 05 04 30 00 1 4510.672
2009 10 05 04 45 00 1 4510.657
2009 10 05 05 00 00 1 4510.657
2009 10 05 05 15 00 1 4510.672
2009 10 05 05 30 00 1 4510.701
2009 10 05 05 45 00 1 4510.745
2009 10 05 06 00 00 1 4510.802
2009 10 05 06 15 00 1 4510.870
2009 10 05 06 30 00 1 4510.949
2009 10 05 06 45 00 1 4511.038
2009 10 05 07 00 00 1 4511.136
2009 10 05 07 15 00 1 4511.237
2009 10 05 07 30 00 1 4511.346
2009 10 05 07 45 00 1 4511.459
2009 10 05 08 00 00 1 4511.574
2009 10 05 08 15 00 1 4511.690
2009 10 05 08 30 00 1 4511.801
2009 10 05 08 45 00 1 4511.908
2009 10 05 09 00 00 1 4512.009
2009 10 05 09 15 00 1 4512.104
2009 10 05 09 30 00 1 4512.187
2009 10 05 09 45 00 1 4512.264
2009 10 05 10 00 00 1 4512.329
2009 10 05 10 15 00 1 4512.384
2009 10 05 10 30 00 1 4512.426
2009 10 05 10 45 00 1 4512.454
2009 10 05 11 00 00 1 4512.471
2009 10 05 11 15 00 1 4512.474
2009 10 05 11 30 00 1 4512.466
2009 10 05 11 45 00 1 4512.444
2009 10 05 12 00 00 1 4512.412
2009 10 05 12 15 00 1 4512.365
2009 10 05 12 30 00 1 4512.309
2009 10 05 12 45 00 1 4512.246
2009 10 05 13 00 00 1 4512.176
2009 10 05 13 15 00 1 4512.100
2009 10 05 13 30 00 1 4512.019
2009 10 05 13 45 00 1 4511.934
2009 10 05 14 00 00 1 4511.849
2009 10 05 14 15 00 1 4511.766
2009 10 05 14 30 00 1 4511.683
2009 10 05 14 45 00 1 4511.603
2009 10 05 15 00 00 1 4511.531
2009 10 05 15 15 00 1 4511.465
2009 10 05 15 30 00 1 4511.407
2009 10 05 15 45 00 1 4511.358
2009 10 05 16 00 00 1 4511.320
2009 10 05 16 15 00 1 4511.291
2009 10 05 16 30 00 1 4511.275
2009 10 05 16 45 00 1 4511.271
2009 10 05 17 00 00 1 4511.280
2009 10 05 17 15 00 1 4511.299
2009 10 05 17 30 00 1 4511.332
2009 10 05 17 45 00 1 4511.380
2009 10 05 18 00 00 1 4511.436
2009 10 05 18 15 00 1 4511.504
2009 10 05 18 30 00 1 4511.583
2009 10 05 18 45 00 1 4511.666
2009 10 05 19 00 00 1 4511.758
2009 10 05 19 15 00 1 4511.858
2009 10 05 19 30 00 1 4511.957
2009 10 05 19 45 00 1 4512.061
2009 10 05 20 00 00 1 4512.166
2009 10 05 20 15 00 1 4512.268
2009 10 05 20 30 00 1 4512.368
2009 10 05 20 45 00 1 4512.462
2009 10 05 21 00 00 1 4512.549
2009 10 05 21 15 00 1 4512.628
2009 10 05 21 30 00 1 4512.697
2009 10 05 21 45 00 1 4512.755
2009 10 05 22 00 00 1 4512.802
2009 10 05 22 15 00 1 4512.838
2009 10 05 22 30 00 1 4512.856
2009 10 05 22 45 00 1 4512.863
2009 10 05 23 00 00 1 4512.853
2009 10 05 23 15 00 1 4512.826
2009 10 05 23 30 00 1 4512.786
2009 10 05 23 45 00 1 4512.728
2009 10 06 00 00 00 1 4512.659
2009 10 06 00 15 00 1 4512.579
2009 10 06 00 30 00 1 4512.488
2009 10 06 00 45 00 1 4512.386
2009 10 06 01 00 00 1 4512.274
2009 10 06 01 15 00 1 4512.152
2009 10 06 01 30 00 1 4512.024
2009 10 06 01 45 00 1 4511.892
2009 10 06 02 00 00 1 4511.758
2009 10 06 02 15 00 1 4511.621
2009 10 06 02 30 00 1 4511.487
2009 10 06 02 45 00 1 4511.358
2009 10 06 03 00 00 1 4511.229
2009 10 06 03 15 00 1 4511.108
2009 10 06 03 30 00 1 4510.995
2009 10 06 03 45 00 1 4510.891
2009 10 06 04 00 00 1 4510.800
2009 10 06 04 15 00 1 4510.720
2009 10 06 04 30 00 1 4510.657
2009 10 06 04 45 00 1 4510.607
2009 10 06 05 00 00 1 4510.571
2009 10 06 05 15 00 1 4510.548
2009 10 06 05 30 00 1 4510.543
2009 10 06 05 45 00 1 4510.553
2009 10 06 06 00 00 1 4510.576
2009 10 06 06 15 00 1 4510.612
2009 10 06 06 30 00 1 4510.661
2009 10 06 06 45 00 1 4510.724
2009 10 06 07 00 00 1 4510.797
2009 10 06 07 15 00 1 4510.883
2009 10 06 07 30 00 1 4510.977
2009 10 06 07 45 00 1 4511.081
2009 10 06 08 00 00 1 4511.187
2009 10 06 08 15 00 1 4511.302
2009 10 06 08 30 00 1 4511.417
2009 10 06 08 45 00 1 4511.534
2009 10 06 09 00 00 1 4511.647
2009 10 06 09 15 00 1 4511.757
2009 10 06 09 30 00 1 4511.864
2009 10 06 09 45 00 1 4511.966
2009 10 06 10 00 00 1 4512.056
2009 10 06 10 15 00 1 4512.140
2009 10 06 10 30 00 1 4512.210
2009 10 06 10 45 00 1 4512.272
2009 10 06 11 00 00 1 4512.323
2009 10 06 11 15 00 1 4512.360
2009 10 06 11 30 00 1 4512.384
2009 10 06 11 45 00 1 4512.396
2009 10 06 12 00 00 1 4512.399
2009 10 06 12 15 00 1 4512.386
2009 10 06 12 30 00 1 4512.363
2009 10 06 12 45 00 1 4512.330
2009 10 06 13 00 00 1 4512.286
2009 10 06 13 15 00 1 4512.234
2009 10 06 13 30 00 1 4512.175
2009 10 06 13 45 00 1 4512.109
2009 10 06 14 00 00 1 4512.040
2009 10 06 14 15 00 1 4511.969
2009 10 06 14 30 00 1 4511.893
2009 10 06 14 45 00 1 4511.819
2009 10 06 15 00 00 1 4511.743
2009 10 06 15 15 00 1 4511.673
2009 10 06 15 30 00 1 4511.605
2009 10 06 15 45 00 1 4511.546
2009 10 06 16 00 00 1 4511.492
2009 10 06 16 15 00 1 4511.445
2009 10 06 16 30 00 1 4511.412
2009 10 06 16 45 00 1 4511.385
2009 10 06 17 00 00 1 4511.371
2009 10 06 17 15 00 1 4511.365
2009 10 06 17 30 00 1 4511.375
2009 10 06 17 45 00 1 4511.397
