station_id,timestamp_utc,seconds_from_origin,height_m
46412,2010-01-28T06:45:00+00:00,-2591354,3717.568
46412,2010-01-28T07:00:00+00:00,-2590454,3717.538
46412,2010-01-28T07:15:00+00:00,-2589554,3717.508
46412,2010-01-28T07:30:00+00:00,-2588654,3717.484
46412,2010-01-28T07:45:00+00:00,-2587754,3717.459
46412,2010-01-28T08:00:00+00:00,-2586854,3717.437
46412,2010-01-28T08:15:00+00:00,-2585954,3717.420
46412,2010-01-28T08:30:00+00:00,-2585054,3717.411
46412,2010-01-28T08:45:00+00:00,-2584154,3717.409
46412,2010-01-28T09:00:00+00:00,-2583254,3717.415
46412,2010-01-28T09:15:00+00:00,-2582354,3717.424
46412,2010-01-28T09:30:00+00:00,-2581454,3717.443
46412,2010-01-28T09:45:00+00:00,-2580554,3717.471
46412,2010-01-28T10:00:00+00:00,-2579654,3717.506
46412,2010-01-28T10:15:00+00:00,-2578754,3717.546
46412,2010-01-28T10:30:00+00:00,-2577854,3717.592
46412,2010-01-28T10:45:00+00:00,-2576954,3717.642
46412,2010-01-28T11:00:00+00:00,-2576054,3717.699
46412,2010-01-28T11:15:00+00:00,-2575154,3717.761
46412,2010-01-28T11:30:00+00:00,-2574254,3717.833
46412,2010-01-28T11:45:00+00:00,-2573354,3717.905
46412,2010-01-28T12:00:00+00:00,-2572454,3717.977
46412,2010-01-28T12:15:00+00:00,-2571554,3718.055
46412,2010-01-28T12:30:00+00:00,-2570654,3718.130
46412,2010-01-28T12:45:00+00:00,-2569754,3718.204
46412,2010-01-28T13:00:00+00:00,-2568854,3718.278
46412,2010-01-28T13:15:00+00:00,-2567954,3718.350
46412,2010-01-28T13:30:00+00:00,-2567054,3718.415
46412,2010-01-28T13:45:00+00:00,-2566154,3718.474
46412,2010-01-28T14:00:00+00:00,-2565254,3718.525
46412,2010-01-28T14:15:00+00:00,-2564354,3718.572
46412,2010-01-28T14:30:00+00:00,-2563454,3718.607
46412,2010-01-28T14:45:00+00:00,-2562554,3718.632
46412,2010-01-28T15:00:00+00:00,-2561654,3718.647
46412,2010-01-28T15:15:00+00:00,-2560754,3718.652
46412,2010-01-28T15:30:00+00:00,-2559854,3718.644
46412,2010-01-28T15:45:00+00:00,-2558954,3718.624
46412,2010-01-28T16:00:00+00:00,-2558054,3718.592
46412,2010-01-28T16:15:00+00:00,-2557154,3718.548
46412,2010-01-28T16:30:00+00:00,-2556254,3718.493
46412,2010-01-28T16:45:00+00:00,-2555354,3718.423
46412,2010-01-28T17:00:00+00:00,-2554454,3718.347
46412,2010-01-28T17:15:00+00:00,-2553554,3718.262
46412,2010-01-28T17:30:00+00:00,-2552654,3718.164
46412,2010-01-28T17:45:00+00:00,-2551754,3718.060
46412,2010-01-28T18:00:00+00:00,-2550854,3717.951
46412,2010-01-28T18:15:00+00:00,-2549954,3717.831
46412,2010-01-28T18:30:00+00:00,-2549054,3717.709
46412,2010-01-28T18:45:00+00:00,-2548154,3717.589
46412,2010-01-28T19:00:00+00:00,-2547254,3717.469
46412,2010-01-28T19:15:00+00:00,-2546354,3717.346
46412,2010-01-28T19:30:00+00:00,-2545454,3717.221
46412,2010-01-28T19:45:00+00:00,-2544554,3717.104
46412,2010-01-28T20:00:00+00:00,-2543654,3716.993
46412,2010-01-28T20:15:00+00:00,-2542754,3716.885
46412,2010-01-28T20:30:00+00:00,-2541854,3716.785
46412,2010-01-28T20:45:00+00:00,-2540954,3716.690
46412,2010-01-28T21:00:00+00:00,-2540054,3716.607
46412,2010-01-28T21:15:00+00:00,-2539154,3716.538
46412,2010-01-28T21:30:00+00:00,-2538254,3716.479
46412,2010-01-28T21:45:00+00:00,-2537354,3716.429
46412,2010-01-28T22:00:00+00:00,-2536454,3716.392
46412,2010-01-28T22:15:00+00:00,-2535554,3716.368
46412,2010-01-28T22:30:00+00:00,-2534654,3716.358
46412,2010-01-28T22:45:00+00:00,-2533754,3716.360
46412,2010-01-28T23:00:00+00:00,-2532854,3716.375
46412,2010-01-28T23:15:00+00:00,-2531954,3716.398
46412,2010-01-28T23:30:00+00:00,-2531054,3716.439
46412,2010-01-28T23:45:00+00:00,-2530154,3716.486
46412,2010-01-29T00:00:00+00:00,-2529254,3716.543
46412,2010-01-29T00:15:00+00:00,-2528354,3716.608
46412,2010-01-29T00:30:00+00:00,-2527454,3716.680
46412,2010-01-29T00:45:00+00:00,-2526554,3716.758
46412,2010-01-29T01:00:00+00:00,-2525654,3716.840
46412,2010-01-29T01:15:00+00:00,-2524754,3716.924
46412,2010-01-29T01:30:00+00:00,-2523854,3717.013
46412,2010-01-29T01:45:00+00:00,-2522954,3717.099
46412,2010-01-29T02:00:00+00:00,-2522054,3717.187
46412,2010-01-29T02:15:00+00:00,-2521154,3717.275
46412,2010-01-29T02:30:00+00:00,-2520254,3717.359
46412,2010-01-29T02:45:00+00:00,-2519354,3717.436
46412,2010-01-29T03:00:00+00:00,-2518454,3717.508
46412,2010-01-29T03:15:00+00:00,-2517554,3717.573
46412,2010-01-29T03:30:00+00:00,-2516654,3717.632
46412,2010-01-29T03:45:00+00:00,-2515754,3717.681
46412,2010-01-29T04:00:00+00:00,-2514854,3717.725
46412,2010-01-29T04:15:00+00:00,-2513954,3717.760
46412,2010-01-29T04:30:00+00:00,-2513054,3717.785
46412,2010-01-29T04:45:00+00:00,-2512154,3717.801
46412,2010-01-29T05:00:00+00:00,-2511254,3717.810
46412,2010-01-29T05:15:00+00:00,-2510354,3717.809
46412,2010-01-29T05:30:00+00:00,-2509454,3717.801
46412,2010-01-29T05:45:00+00:00,-2508554,3717.787
46412,2010-01-29T06:00:00+00:00,-2507654,3717.766
46412,2010-01-29T06:15:00+00:00,-2506754,3717.738
46412,2010-01-29T06:30:00+00:00,-2505854,3717.702
46412,2010-01-29T06:45:00+00:00,-2504954,3717.666
46412,2010-01-29T07:00:00+00:00,-2504054,3717.627
46412,2010-01-29T07:15:00+00:00,-2503154,3717.588
46412,2010-01-29T07:30:00+00:00,-2502254,3717.546
46412,2010-01-29T07:45:00+00:00,-2501354,3717.502
46412,2010-01-29T08:00:00+00:00,-2500454,3717.461
46412,2010-01-29T08:15:00+00:00,-2499554,3717.423
46412,2010-01-29T08:30:00+00:00,-2498654,3717.388
46412,2010-01-29T08:45:00+00:00,-2497754,3717.359
46412,2010-01-29T09:00:00+00:00,-2496854,3717.337
46412,2010-01-29T09:15:00+00:00,-2495954,3717.322
46412,2010-01-29T09:30:00+00:00,-2495054,3717.313
46412,2010-01-29T09:45:00+00:00,-2494154,3717.314
46412,2010-01-29T10:00:00+00:00,-2493254,3717.325
46412,2010-01-29T10:15:00+00:00,-2492354,3717.342
46412,2010-01-29T10:30:00+00:00,-2491454,3717.372
46412,2010-01-29T10:45:00+00:00,-2490554,3717.409
46412,2010-01-29T11:00:00+00:00,-2489654,3717.453
46412,2010-01-29T11:15:00+00:00,-2488754,3717.504
46412,2010-01-29T11:30:00+00:00,-2487854,3717.564
46412,2010-01-29T11:45:00+00:00,-2486954,3717.630
46412,2010-01-29T12:00:00+00:00,-2486054,3717.705
46412,2010-01-29T12:15:00+00:00,-2485154,3717.781
46412,2010-01-29T12:30:00+00:00,-2484254,3717.859
46412,2010-01-29T12:45:00+00:00,-2483354,3717.942
46412,2010-01-29T13:00:00+00:00,-2482454,3718.026
46412,2010-01-29T13:15:00+00:00,-2481554,3718.114
46412,2010-01-29T13:30:00+00:00,-2480654,3718.194
46412,2010-01-29T13:45:00+00:00,-2479754,3718.276
46412,2010-01-29T14:00:00+00:00,-2478854,3718.352
46412,2010-01-29T14:15:00+00:00,-2477954,3718.428
46412,2010-01-29T14:30:00+00:00,-2477054,3718.500
46412,2010-01-29T14:45:00+00:00,-2476154,3718.559
46412,2010-01-29T15:00:00+00:00,-2475254,3718.613
46412,2010-01-29T15:15:00+00:00,-2474354,3718.655
46412,2010-01-29T15:30:00+00:00,-2473454,3718.688
46412,2010-01-29T15:45:00+00:00,-2472554,3718.706
46412,2010-01-29T16:00:00+00:00,-2471654,3718.713
46412,2010-01-29T16:15:00+00:00,-2470754,3718.703
46412,2010-01-29T16:30:00+00:00,-2469854,3718.683
46412,2010-01-29T16:45:00+00:00,-2468954,3718.650
46412,2010-01-29T17:00:00+00:00,-2468054,3718.605
46412,2010-01-29T17:15:00+00:00,-2467154,3718.544
46412,2010-01-29T17:30:00+00:00,-2466254,3718.470
46412,2010-01-29T17:45:00+00:00,-2465354,3718.388
46412,2010-01-29T18:00:00+00:00,-2464454,3718.293
46412,2010-01-29T18:15:00+00:00,-2463554,3718.193
46412,2010-01-29T18:30:00+00:00,-2462654,3718.084
46412,2010-01-29T18:45:00+00:00,-2461754,3717.965
46412,2010-01-29T19:00:00+00:00,-2460854,3717.840
46412,2010-01-29T19:15:00+00:00,-2459954,3717.711
46412,2010-01-29T19:30:00+00:00,-2459054,3717.577
46412,2010-01-29T19:45:00+00:00,-2458154,3717.444
46412,2010-01-29T20:00:00+00:00,-2457254,3717.311
46412,2010-01-29T20:15:00+00:00,-2456354,3717.184
46412,2010-01-29T20:30:00+00:00,-2455454,3717.062
46412,2010-01-29T20:45:00+00:00,-2454554,3716.945
46412,2010-01-29T21:00:00+00:00,-2453654,3716.838
46412,2010-01-29T21:15:00+00:00,-2452754,3716.736
46412,2010-01-29T21:30:00+00:00,-2451854,3716.645
46412,2010-01-29T21:45:00+00:00,-2450954,3716.564
46412,2010-01-29T22:00:00+00:00,-2450054,3716.493
46412,2010-01-29T22:15:00+00:00,-2449154,3716.436
46412,2010-01-29T22:30:00+00:00,-2448254,3716.392
46412,2010-01-29T22:45:00+00:00,-2447354,3716.363
46412,2010-01-29T23:00:00+00:00,-2446454,3716.345
46412,2010-01-29T23:15:00+00:00,-2445554,3716.340
46412,2010-01-29T23:30:00+00:00,-2444654,3716.347
46412,2010-01-29T23:45:00+00:00,-2443754,3716.370
46412,2010-01-30T00:00:00+00:00,-2442854,3716.402
46412,2010-01-30T00:15:00+00:00,-2441954,3716.446
46412,2010-01-30T00:30:00+00:00,-2441054,3716.498
46412,2010-01-30T00:45:00+00:00,-2440154,3716.563
46412,2010-01-30T01:00:00+00:00,-2439254,3716.634
46412,2010-01-30T01:15:00+00:00,-2438354,3716.715
46412,2010-01-30T01:30:00+00:00,-2437454,3716.801
46412,2010-01-30T01:45:00+00:00,-2436554,3716.894
46412,2010-01-30T02:00:00+00:00,-2435654,3716.989
46412,2010-01-30T02:15:00+00:00,-2434754,3717.086
46412,2010-01-30T02:30:00+00:00,-2433854,3717.180
46412,2010-01-30T02:45:00+00:00,-2432954,3717.276
46412,2010-01-30T03:00:00+00:00,-2432054,3717.370
46412,2010-01-30T03:15:00+00:00,-2431154,3717.455
46412,2010-01-30T03:30:00+00:00,-2430254,3717.536
46412,2010-01-30T03:45:00+00:00,-2429354,3717.611
46412,2010-01-30T04:00:00+00:00,-2428454,3717.679
46412,2010-01-30T04:15:00+00:00,-2427554,3717.740
46412,2010-01-30T04:30:00+00:00,-2426654,3717.790
46412,2010-01-30T04:45:00+00:00,-2425754,3717.829
46412,2010-01-30T05:00:00+00:00,-2424854,3717.864
46412,2010-01-30T05:15:00+00:00,-2423954,3717.880
46412,2010-01-30T05:30:00+00:00,-2423054,3717.891
46412,2010-01-30T05:45:00+00:00,-2422154,3717.891
46412,2010-01-30T06:00:00+00:00,-2421254,3717.882
46412,2010-01-30T06:15:00+00:00,-2420354,3717.862
46412,2010-01-30T06:30:00+00:00,-2419454,3717.836
46412,2010-01-30T06:45:00+00:00,-2418554,3717.803
46412,2010-01-30T07:00:00+00:00,-2417654,3717.765
46412,2010-01-30T07:15:00+00:00,-2416754,3717.719
46412,2010-01-30T07:30:00+00:00,-2415854,3717.675
46412,2010-01-30T07:45:00+00:00,-2414954,3717.620
46412,2010-01-30T08:00:00+00:00,-2414054,3717.564
46412,2010-01-30T08:15:00+00:00,-2413154,3717.511
46412,2010-01-30T08:30:00+00:00,-2412254,3717.459
46412,2010-01-30T08:45:00+00:00,-2411354,3717.405
46412,2010-01-30T09:00:00+00:00,-2410454,3717.357
46412,2010-01-30T09:15:00+00:00,-2409554,3717.315
46412,2010-01-30T09:30:00+00:00,-2408654,3717.278
46412,2010-01-30T09:45:00+00:00,-2407754,3717.247
46412,2010-01-30T10:00:00+00:00,-2406854,3717.231
46412,2010-01-30T10:15:00+00:00,-2405954,3717.218
46412,2010-01-30T10:30:00+00:00,-2405054,3717.212
46412,2010-01-30T10:45:00+00:00,-2404154,3717.217
46412,2010-01-30T11:00:00+00:00,-2403254,3717.231
46412,2010-01-30T11:15:00+00:00,-2402354,3717.255
46412,2010-01-30T11:30:00+00:00,-2401454,3717.290
46412,2010-01-30T11:45:00+00:00,-2400554,3717.332
46412,2010-01-30T12:00:00+00:00,-2399654,3717.386
46412,2010-01-30T12:15:00+00:00,-2398754,3717.445
46412,2010-01-30T12:30:00+00:00,-2397854,3717.514
46412,2010-01-30T12:45:00+00:00,-2396954,3717.590
46412,2010-01-30T13:00:00+00:00,-2396054,3717.673
46412,2010-01-30T13:15:00+00:00,-2395154,3717.764
46412,2010-01-30T13:30:00+00:00,-2394254,3717.855
46412,2010-01-30T13:45:00+00:00,-2393354,3717.947
46412,2010-01-30T14:00:00+00:00,-2392454,3718.042
46412,2010-01-30T14:15:00+00:00,-2391554,3718.136
46412,2010-01-30T14:30:00+00:00,-2390654,3718.231
46412,2010-01-30T14:45:00+00:00,-2389754,3718.316
46412,2010-01-30T15:00:00+00:00,-2388854,3718.395
46412,2010-01-30T15:15:00+00:00,-2387954,3718.470
46412,2010-01-30T15:30:00+00:00,-2387054,3718.534
46412,2010-01-30T15:45:00+00:00,-2386154,3718.591
46412,2010-01-30T16:00:00+00:00,-2385254,3718.633
46412,2010-01-30T16:15:00+00:00,-2384354,3718.667
46412,2010-01-30T16:30:00+00:00,-2383454,3718.688
46412,2010-01-30T16:45:00+00:00,-2382554,3718.696
46412,2010-01-30T17:00:00+00:00,-2381654,3718.691
46412,2010-01-30T17:15:00+00:00,-2380754,3718.673
46412,2010-01-30T17:30:00+00:00,-2379854,3718.638
46412,2010-01-30T17:45:00+00:00,-2378954,3718.590
46412,2010-01-30T18:00:00+00:00,-2378054,3718.532
46412,2010-01-30T18:15:00+00:00,-2377154,3718.455
46412,2010-01-30T18:30:00+00:00,-2376254,3718.371
46412,2010-01-30T18:45:00+00:00,-2375354,3718.273
46412,2010-01-30T19:00:00+00:00,-2374454,3718.164
46412,2010-01-30T19:15:00+00:00,-2373554,3718.051
46412,2010-01-30T19:30:00+00:00,-2372654,3717.926
46412,2010-01-30T19:45:00+00:00,-2371754,3717.801
46412,2010-01-30T20:00:00+00:00,-2370854,3717.669
46412,2010-01-30T20:15:00+00:00,-2369954,3717.542
46412,2010-01-30T20:30:00+00:00,-2369054,3717.412
46412,2010-01-30T20:45:00+00:00,-2368154,3717.281
46412,2010-01-30T21:00:00+00:00,-2367254,3717.155
46412,2010-01-30T21:15:00+00:00,-2366354,3717.034
46412,2010-01-30T21:30:00+00:00,-2365454,3716.920
46412,2010-01-30T21:45:00+00:00,-2364554,3716.814
46412,2010-01-30T22:00:00+00:00,-2363654,3716.717
46412,2010-01-30T22:15:00+00:00,-2362754,3716.630
46412,2010-01-30T22:30:00+00:00,-2361854,3716.553
46412,2010-01-30T22:45:00+00:00,-2360954,3716.493
46412,2010-01-30T23:00:00+00:00,-2360054,3716.443
46412,2010-01-30T23:15:00+00:00,-2359154,3716.408
46412,2010-01-30T23:30:00+00:00,-2358254,3716.385
46412,2010-01-30T23:45:00+00:00,-2357354,3716.373
46412,2010-01-31T00:00:00+00:00,-2356454,3716.376
46412,2010-01-31T00:15:00+00:00,-2355554,3716.394
46412,2010-01-31T00:30:00+00:00,-2354654,3716.421
46412,2010-01-31T00:45:00+00:00,-2353754,3716.463
46412,2010-01-31T01:00:00+00:00,-2352854,3716.512
46412,2010-01-31T01:15:00+00:00,-2351954,3716.575
46412,2010-01-31T01:30:00+00:00,-2351054,3716.651
46412,2010-01-31T01:45:00+00:00,-2350154,3716.727
46412,2010-01-31T02:00:00+00:00,-2349254,3716.814
46412,2010-01-31T02:15:00+00:00,-2348354,3716.906
46412,2010-01-31T02:30:00+00:00,-2347454,3717.000
46412,2010-01-31T02:45:00+00:00,-2346554,3717.098
46412,2010-01-31T03:00:00+00:00,-2345654,3717.196
46412,2010-01-31T03:15:00+00:00,-2344754,3717.293
46412,2010-01-31T03:30:00+00:00,-2343854,3717.391
46412,2010-01-31T03:45:00+00:00,-2342954,3717.482
46412,2010-01-31T04:00:00+00:00,-2342054,3717.570
46412,2010-01-31T04:15:00+00:00,-2341154,3717.653
46412,2010-01-31T04:30:00+00:00,-2340254,3717.729
46412,2010-01-31T04:45:00+00:00,-2339354,3717.798
46412,2010-01-31T05:00:00+00:00,-2338454,3717.859
46412,2010-01-31T05:15:00+00:00,-2337554,3717.907
46412,2010-01-31T05:30:00+00:00,-2336654,3717.946
46412,2010-01-31T05:45:00+00:00,-2335754,3717.972
46412,2010-01-31T06:00:00+00:00,-2334854,3717.988
46412,2010-01-31T06:15:00+00:00,-2333954,3717.995
46412,2010-01-31T06:30:00+00:00,-2333054,3717.990
46412,2010-01-31T06:45:00+00:00,-2332154,3717.972
46412,2010-01-31T07:00:00+00:00,-2331254,3717.946
46412,2010-01-31T07:15:00+00:00,-2330354,3717.910
46412,2010-01-31T07:30:00+00:00,-2329454,3717.867
46412,2010-01-31T07:45:00+00:00,-2328554,3717.814
46412,2010-01-31T08:00:00+00:00,-2327654,3717.757
46412,2010-01-31T08:15:00+00:00,-2326754,3717.695
46412,2010-01-31T08:30:00+00:00,-2325854,3717.631
46412,2010-01-31T08:45:00+00:00,-2324954,3717.565
46412,2010-01-31T09:00:00+00:00,-2324054,3717.504
46412,2010-01-31T09:15:00+00:00,-2323154,3717.442
46412,2010-01-31T09:30:00+00:00,-2322254,3717.383
46412,2010-01-31T09:45:00+00:00,-2321354,3717.328
46412,2010-01-31T10:00:00+00:00,-2320454,3717.281
46412,2010-01-31T10:15:00+00:00,-2319554,3717.238
46412,2010-01-31T10:30:00+00:00,-2318654,3717.202
46412,2010-01-31T10:45:00+00:00,-2317754,3717.177
46412,2010-01-31T11:00:00+00:00,-2316854,3717.153
46412,2010-01-31T11:15:00+00:00,-2315954,3717.144
46412,2010-01-31T11:30:00+00:00,-2315054,3717.142
46412,2010-01-31T11:45:00+00:00,-2314154,3717.150
46412,2010-01-31T12:00:00+00:00,-2313254,3717.167
46412,2010-01-31T12:15:00+00:00,-2312354,3717.198
46412,2010-01-31T12:30:00+00:00,-2311454,3717.235
46412,2010-01-31T12:45:00+00:00,-2310554,3717.288
46412,2010-01-31T13:00:00+00:00,-2309654,3717.343
46412,2010-01-31T13:15:00+00:00,-2308754,3717.408
46412,2010-01-31T13:30:00+00:00,-2307854,3717.482
46412,2010-01-31T13:45:00+00:00,-2306954,3717.565
46412,2010-01-31T14:00:00+00:00,-2306054,3717.649
46412,2010-01-31T14:15:00+00:00,-2305154,3717.740
46412,2010-01-31T14:30:00+00:00,-2304254,3717.832
46412,2010-01-31T14:45:00+00:00,-2303354,3717.925
46412,2010-01-31T15:00:00+00:00,-2302454,3718.018
46412,2010-01-31T15:15:00+00:00,-2301554,3718.112
46412,2010-01-31T15:30:00+00:00,-2300654,3718.198
46412,2010-01-31T15:45:00+00:00,-2299754,3718.282
46412,2010-01-31T16:00:00+00:00,-2298854,3718.359
46412,2010-01-31T16:15:00+00:00,-2297954,3718.426
46412,2010-01-31T16:30:00+00:00,-2297054,3718.483
46412,2010-01-31T16:45:00+00:00,-2296154,3718.532
46412,2010-01-31T17:00:00+00:00,-2295254,3718.565
46412,2010-01-31T17:15:00+00:00,-2294354,3718.588
46412,2010-01-31T17:30:00+00:00,-2293454,3718.599
46412,2010-01-31T17:45:00+00:00,-2292554,3718.594
46412,2010-01-31T18:00:00+00:00,-2291654,3718.579
46412,2010-01-31T18:15:00+00:00,-2290754,3718.547
46412,2010-01-31T18:30:00+00:00,-2289854,3718.505
46412,2010-01-31T18:45:00+00:00,-2288954,3718.440
46412,2010-01-31T19:00:00+00:00,-2288054,3718.373
46412,2010-01-31T19:15:00+00:00,-2287154,3718.290
46412,2010-01-31T19:30:00+00:00,-2286254,3718.194
46412,2010-01-31T19:45:00+00:00,-2285354,3718.089
46412,2010-01-31T20:00:00+00:00,-2284454,3717.983
46412,2010-01-31T20:15:00+00:00,-2283554,3717.868
46412,2010-01-31T20:30:00+00:00,-2282654,3717.754
46412,2010-01-31T20:45:00+00:00,-2281754,3717.628
46412,2010-01-31T21:00:00+00:00,-2280854,3717.505
46412,2010-01-31T21:15:00+00:00,-2279954,3717.381
46412,2010-01-31T21:30:00+00:00,-2279054,3717.261
46412,2010-01-31T21:45:00+00:00,-2278154,3717.149
46412,2010-01-31T22:00:00+00:00,-2277254,3717.037
46412,2010-01-31T22:15:00+00:00,-2276354,3716.933
46412,2010-01-31T22:30:00+00:00,-2275454,3716.838
46412,2010-01-31T22:45:00+00:00,-2274554,3716.754
46412,2010-01-31T23:00:00+00:00,-2273654,3716.678
46412,2010-01-31T23:15:00+00:00,-2272754,3716.616
46412,2010-01-31T23:30:00+00:00,-2271854,3716.565
46412,2010-01-31T23:45:00+00:00,-2270954,3716.528
46412,2010-02-01T00:00:00+00:00,-2270054,3716.504
46412,2010-02-01T00:15:00+00:00,-2269154,3716.491
46412,2010-02-01T00:30:00+00:00,-2268254,3716.493
46412,2010-02-01T00:45:00+00:00,-2267354,3716.501
46412,2010-02-01T01:00:00+00:00,-2266454,3716.525
46412,2010-02-01T01:15:00+00:00,-2265554,3716.556
46412,2010-02-01T01:30:00+00:00,-2264654,3716.603
46412,2010-02-01T01:45:00+00:00,-2263754,3716.662
46412,2010-02-01T02:00:00+00:00,-2262854,3716.728
46412,2010-02-01T02:15:00+00:00,-2261954,3716.803
46412,2010-02-01T02:30:00+00:00,-2261054,3716.883
46412,2010-02-01T02:45:00+00:00,-2260154,3716.973
46412,2010-02-01T03:00:00+00:00,-2259254,3717.068
46412,2010-02-01T03:15:00+00:00,-2258354,3717.167
46412,2010-02-01T03:30:00+00:00,-2257454,3717.271
46412,2010-02-01T03:45:00+00:00,-2256554,3717.370
46412,2010-02-01T04:00:00+00:00,-2255654,3717.467
46412,2010-02-01T04:15:00+00:00,-2254754,3717.562
46412,2010-02-01T04:30:00+00:00,-2253854,3717.653
46412,2010-02-01T04:45:00+00:00,-2252954,3717.737
46412,2010-02-01T05:00:00+00:00,-2252054,3717.816
46412,2010-02-01T05:15:00+00:00,-2251154,3717.887
46412,2010-02-01T05:30:00+00:00,-2250254,3717.949
46412,2010-02-01T05:45:00+00:00,-2249354,3718.000
46412,2010-02-01T06:00:00+00:00,-2248454,3718.043
46412,2010-02-01T06:15:00+00:00,-2247554,3718.076
46412,2010-02-01T06:30:00+00:00,-2246654,3718.096
46412,2010-02-01T06:45:00+00:00,-2245754,3718.104
46412,2010-02-01T07:00:00+00:00,-2244854,3718.104
46412,2010-02-01T07:15:00+00:00,-2243954,3718.090
46412,2010-02-01T07:30:00+00:00,-2243054,3718.063
46412,2010-02-01T07:45:00+00:00,-2242154,3718.031
46412,2010-02-01T08:00:00+00:00,-2241254,3717.985
46412,2010-02-01T08:15:00+00:00,-2240354,3717.937
46412,2010-02-01T08:30:00+00:00,-2239454,3717.880
46412,2010-02-01T08:45:00+00:00,-2238554,3717.816
46412,2010-02-01T09:00:00+00:00,-2237654,3717.749
46412,2010-02-01T09:15:00+00:00,-2236754,3717.679
46412,2010-02-01T09:30:00+00:00,-2235854,3717.609
46412,2010-02-01T09:45:00+00:00,-2234954,3717.540
46412,2010-02-01T10:00:00+00:00,-2234054,3717.471
46412,2010-02-01T10:15:00+00:00,-2233154,3717.405
46412,2010-02-01T10:30:00+00:00,-2232254,3717.342
46412,2010-02-01T10:45:00+00:00,-2231354,3717.283
46412,2010-02-01T11:00:00+00:00,-2230454,3717.231
46412,2010-02-01T11:15:00+00:00,-2229554,3717.188
46412,2010-02-01T11:30:00+00:00,-2228654,3717.151
46412,2010-02-01T11:45:00+00:00,-2227754,3717.123
46412,2010-02-01T12:00:00+00:00,-2226854,3717.107
46412,2010-02-01T12:15:00+00:00,-2225954,3717.096
46412,2010-02-01T12:30:00+00:00,-2225054,3717.097
46412,2010-02-01T12:45:00+00:00,-2224154,3717.108
46412,2010-02-01T13:00:00+00:00,-2223254,3717.132
46412,2010-02-01T13:15:00+00:00,-2222354,3717.162
46412,2010-02-01T13:30:00+00:00,-2221454,3717.204
46412,2010-02-01T13:45:00+00:00,-2220554,3717.253
46412,2010-02-01T14:00:00+00:00,-2219654,3717.309
46412,2010-02-01T14:15:00+00:00,-2218754,3717.377
46412,2010-02-01T14:30:00+00:00,-2217854,3717.448
46412,2010-02-01T14:45:00+00:00,-2216954,3717.526
46412,2010-02-01T15:00:00+00:00,-2216054,3717.609
46412,2010-02-01T15:15:00+00:00,-2215154,3717.692
46412,2010-02-01T15:30:00+00:00,-2214254,3717.777
46412,2010-02-01T15:45:00+00:00,-2213354,3717.863
46412,2010-02-01T16:00:00+00:00,-2212454,3717.946
46412,2010-02-01T16:15:00+00:00,-2211554,3718.027
46412,2010-02-01T16:30:00+00:00,-2210654,3718.100
46412,2010-02-01T16:45:00+00:00,-2209754,3718.169
46412,2010-02-01T17:00:00+00:00,-2208854,3718.234
46412,2010-02-01T17:15:00+00:00,-2207954,3718.287
46412,2010-02-01T17:30:00+00:00,-2207054,3718.329
46412,2010-02-01T17:45:00+00:00,-2206154,3718.363
46412,2010-02-01T18:00:00+00:00,-2205254,3718.385
46412,2010-02-01T18:15:00+00:00,-2204354,3718.394
46412,2010-02-01T18:30:00+00:00,-2203454,3718.393
46412,2010-02-01T18:45:00+00:00,-2202554,3718.379
46412,2010-02-01T19:00:00+00:00,-2201654,3718.354
46412,2010-02-01T19:15:00+00:00,-2200754,3718.314
46412,2010-02-01T19:30:00+00:00,-2199854,3718.261
46412,2010-02-01T19:45:00+00:00,-2198954,3718.201
46412,2010-02-01T20:00:00+00:00,-2198054,3718.131
46412,2010-02-01T20:15:00+00:00,-2197154,3718.053
46412,2010-02-01T20:30:00+00:00,-2196254,3717.965
46412,2010-02-01T20:45:00+00:00,-2195354,3717.872
46412,2010-02-01T21:00:00+00:00,-2194454,3717.769
46412,2010-02-01T21:15:00+00:00,-2193554,3717.666
46412,2010-02-01T21:30:00+00:00,-2192654,3717.562
46412,2010-02-01T21:45:00+00:00,-2191754,3717.457
46412,2010-02-01T22:00:00+00:00,-2190854,3717.352
46412,2010-02-01T22:15:00+00:00,-2189954,3717.251
46412,2010-02-01T22:30:00+00:00,-2189054,3717.155
46412,2010-02-01T22:45:00+00:00,-2188154,3717.064
46412,2010-02-01T23:00:00+00:00,-2187254,3716.980
46412,2010-02-01T23:15:00+00:00,-2186354,3716.903
46412,2010-02-01T23:30:00+00:00,-2185454,3716.837
46412,2010-02-01T23:45:00+00:00,-2184554,3716.781
46412,2010-02-02T00:00:00+00:00,-2183654,3716.734
46412,2010-02-02T00:15:00+00:00,-2182754,3716.695
46412,2010-02-02T00:30:00+00:00,-2181854,3716.669
46412,2010-02-02T00:45:00+00:00,-2180954,3716.655
46412,2010-02-02T01:00:00+00:00,-2180054,3716.651
46412,2010-02-02T01:15:00+00:00,-2179154,3716.655
46412,2010-02-02T01:30:00+00:00,-2178254,3716.674
46412,2010-02-02T01:45:00+00:00,-2177354,3716.704
46412,2010-02-02T02:00:00+00:00,-2176454,3716.743
46412,2010-02-02T02:15:00+00:00,-2175554,3716.792
46412,2010-02-02T02:30:00+00:00,-2174654,3716.850
46412,2010-02-02T02:45:00+00:00,-2173754,3716.918
46412,2010-02-02T03:00:00+00:00,-2172854,3716.994
46412,2010-02-02T03:15:00+00:00,-2171954,3717.074
46412,2010-02-02T03:30:00+00:00,-2171054,3717.158
46412,2010-02-02T03:45:00+00:00,-2170154,3717.247
46412,2010-02-02T04:00:00+00:00,-2169254,3717.344
46412,2010-02-02T04:15:00+00:00,-2168354,3717.437
46412,2010-02-02T04:30:00+00:00,-2167454,3717.530
46412,2010-02-02T04:45:00+00:00,-2166554,3717.621
46412,2010-02-02T05:00:00+00:00,-2165654,3717.710
46412,2010-02-02T05:15:00+00:00,-2164754,3717.793
46412,2010-02-02T05:30:00+00:00,-2163854,3717.870
46412,2010-02-02T05:45:00+00:00,-2162954,3717.939
46412,2010-02-02T06:00:00+00:00,-2162054,3718.003
46412,2010-02-02T06:15:00+00:00,-2161154,3718.058
46412,2010-02-02T06:30:00+00:00,-2160254,3718.104
46412,2010-02-02T06:45:00+00:00,-2159354,3718.140
46412,2010-02-02T07:00:00+00:00,-2158454,3718.167
46412,2010-02-02T07:15:00+00:00,-2157554,3718.183
46412,2010-02-02T07:30:00+00:00,-2156654,3718.189
46412,2010-02-02T07:45:00+00:00,-2155754,3718.182
46412,2010-02-02T08:00:00+00:00,-2154854,3718.165
46412,2010-02-02T08:15:00+00:00,-2153954,3718.137
46412,2010-02-02T08:30:00+00:00,-2153054,3718.102
46412,2010-02-02T08:45:00+00:00,-2152154,3718.057
46412,2010-02-02T09:00:00+00:00,-2151254,3718.003
46412,2010-02-02T09:15:00+00:00,-2150354,3717.942
46412,2010-02-02T09:30:00+00:00,-2149454,3717.875
46412,2010-02-02T09:45:00+00:00,-2148554,3717.805
46412,2010-02-02T10:00:00+00:00,-2147654,3717.734
46412,2010-02-02T10:15:00+00:00,-2146754,3717.664
46412,2010-02-02T10:30:00+00:00,-2145854,3717.590
46412,2010-02-02T10:45:00+00:00,-2144954,3717.518
46412,2010-02-02T11:00:00+00:00,-2144054,3717.450
46412,2010-02-02T11:15:00+00:00,-2143154,3717.383
46412,2010-02-02T11:30:00+00:00,-2142254,3717.321
46412,2010-02-02T11:45:00+00:00,-2141354,3717.266
46412,2010-02-02T12:00:00+00:00,-2140454,3717.217
46412,2010-02-02T12:15:00+00:00,-2139554,3717.173
46412,2010-02-02T12:30:00+00:00,-2138654,3717.138
46412,2010-02-02T12:45:00+00:00,-2137754,3717.112
46412,2010-02-02T13:00:00+00:00,-2136854,3717.092
46412,2010-02-02T13:15:00+00:00,-2135954,3717.084
46412,2010-02-02T13:30:00+00:00,-2135054,3717.085
46412,2010-02-02T13:45:00+00:00,-2134154,3717.098
46412,2010-02-02T14:00:00+00:00,-2133254,3717.119
46412,2010-02-02T14:15:00+00:00,-2132354,3717.150
46412,2010-02-02T14:30:00+00:00,-2131454,3717.189
46412,2010-02-02T14:45:00+00:00,-2130554,3717.238
46412,2010-02-02T15:00:00+00:00,-2129654,3717.289
46412,2010-02-02T15:15:00+00:00,-2128754,3717.350
46412,2010-02-02T15:30:00+00:00,-2127854,3717.413
46412,2010-02-02T15:45:00+00:00,-2126954,3717.483
46412,2010-02-02T16:00:00+00:00,-2126054,3717.552
46412,2010-02-02T16:15:00+00:00,-2125154,3717.623
46412,2010-02-02T16:30:00+00:00,-2124254,3717.695
46412,2010-02-02T16:45:00+00:00,-2123354,3717.764
46412,2010-02-02T17:00:00+00:00,-2122454,3717.831
46412,2010-02-02T17:15:00+00:00,-2121554,3717.896
46412,2010-02-02T17:30:00+00:00,-2120654,3717.955
46412,2010-02-02T17:45:00+00:00,-2119754,3718.006
46412,2010-02-02T18:00:00+00:00,-2118854,3718.053
46412,2010-02-02T18:15:00+00:00,-2117954,3718.088
46412,2010-02-02T18:30:00+00:00,-2117054,3718.117
46412,2010-02-02T18:45:00+00:00,-2116154,3718.137
46412,2010-02-02T19:00:00+00:00,-2115254,3718.148
46412,2010-02-02T19:15:00+00:00,-2114354,3718.146
46412,2010-02-02T19:30:00+00:00,-2113454,3718.136
46412,2010-02-02T19:45:00+00:00,-2112554,3718.116
46412,2010-02-02T20:00:00+00:00,-2111654,3718.087
46412,2010-02-02T20:15:00+00:00,-2110754,3718.054
46412,2010-02-02T20:30:00+00:00,-2109854,3718.004
46412,2010-02-02T20:45:00+00:00,-2108954,3717.949
46412,2010-02-02T21:00:00+00:00,-2108054,3717.887
46412,2010-02-02T21:15:00+00:00,-2107154,3717.817
46412,2010-02-02T21:30:00+00:00,-2106254,3717.744
46412,2010-02-02T21:45:00+00:00,-2105354,3717.669
46412,2010-02-02T22:00:00+00:00,-2104454,3717.586
46412,2010-02-02T22:15:00+00:00,-2103554,3717.503
46412,2010-02-02T22:30:00+00:00,-2102654,3717.420
46412,2010-02-02T22:45:00+00:00,-2101754,3717.340
46412,2010-02-02T23:00:00+00:00,-2100854,3717.263
46412,2010-02-02T23:15:00+00:00,-2099954,3717.190
46412,2010-02-02T23:30:00+00:00,-2099054,3717.123
46412,2010-02-02T23:45:00+00:00,-2098154,3717.059
46412,2010-02-03T00:00:00+00:00,-2097254,3716.999
46412,2010-02-03T00:15:00+00:00,-2096354,3716.953
46412,2010-02-03T00:30:00+00:00,-2095454,3716.916
46412,2010-02-03T00:45:00+00:00,-2094554,3716.880
46412,2010-02-03T01:00:00+00:00,-2093654,3716.855
46412,2010-02-03T01:15:00+00:00,-2092754,3716.840
46412,2010-02-03T01:30:00+00:00,-2091854,3716.834
46412,2010-02-03T01:45:00+00:00,-2090954,3716.838
46412,2010-02-03T02:00:00+00:00,-2090054,3716.853
46412,2010-02-03T02:15:00+00:00,-2089154,3716.875
46412,2010-02-03T02:30:00+00:00,-2088254,3716.905
46412,2010-02-03T02:45:00+00:00,-2087354,3716.945
46412,2010-02-03T03:00:00+00:00,-2086454,3716.993
46412,2010-02-03T03:15:00+00:00,-2085554,3717.050
46412,2010-02-03T03:30:00+00:00,-2084654,3717.111
46412,2010-02-03T03:45:00+00:00,-2083754,3717.181
46412,2010-02-03T04:00:00+00:00,-2082854,3717.256
46412,2010-02-03T04:15:00+00:00,-2081954,3717.333
46412,2010-02-03T04:30:00+00:00,-2081054,3717.414
46412,2010-02-03T04:45:00+00:00,-2080154,3717.495
46412,2010-02-03T05:00:00+00:00,-2079254,3717.578
46412,2010-02-03T05:15:00+00:00,-2078354,3717.659
46412,2010-02-03T05:30:00+00:00,-2077454,3717.738
46412,2010-02-03T05:45:00+00:00,-2076554,3717.814
46412,2010-02-03T06:00:00+00:00,-2075654,3717.884
46412,2010-02-03T06:15:00+00:00,-2074754,3717.952
46412,2010-02-03T06:30:00+00:00,-2073854,3718.015
46412,2010-02-03T06:45:00+00:00,-2072954,3718.070
46412,2010-02-03T07:00:00+00:00,-2072054,3718.118
46412,2010-02-03T07:15:00+00:00,-2071154,3718.157
46412,2010-02-03T07:30:00+00:00,-2070254,3718.187
46412,2010-02-03T07:45:00+00:00,-2069354,3718.209
46412,2010-02-03T08:00:00+00:00,-2068454,3718.224
46412,2010-02-03T08:15:00+00:00,-2067554,3718.229
46412,2010-02-03T08:30:00+00:00,-2066654,3718.221
46412,2010-02-03T08:45:00+00:00,-2065754,3718.205
46412,2010-02-03T09:00:00+00:00,-2064854,3718.180
46412,2010-02-03T09:15:00+00:00,-2063954,3718.145
46412,2010-02-03T09:30:00+00:00,-2063054,3718.099
46412,2010-02-03T09:45:00+00:00,-2062154,3718.050
46412,2010-02-03T10:00:00+00:00,-2061254,3717.995
46412,2010-02-03T10:15:00+00:00,-2060354,3717.936
46412,2010-02-03T10:30:00+00:00,-2059454,3717.873
46412,2010-02-03T10:45:00+00:00,-2058554,3717.808
46412,2010-02-03T11:00:00+00:00,-2057654,3717.737
46412,2010-02-03T11:15:00+00:00,-2056754,3717.666
46412,2010-02-03T11:30:00+00:00,-2055854,3717.596
46412,2010-02-03T11:45:00+00:00,-2054954,3717.527
46412,2010-02-03T12:00:00+00:00,-2054054,3717.463
46412,2010-02-03T12:15:00+00:00,-2053154,3717.402
46412,2010-02-03T12:30:00+00:00,-2052254,3717.339
46412,2010-02-03T12:45:00+00:00,-2051354,3717.283
46412,2010-02-03T13:00:00+00:00,-2050454,3717.233
46412,2010-02-03T13:15:00+00:00,-2049554,3717.191
46412,2010-02-03T13:30:00+00:00,-2048654,3717.157
46412,2010-02-03T13:45:00+00:00,-2047754,3717.132
46412,2010-02-03T14:00:00+00:00,-2046854,3717.111
46412,2010-02-03T14:15:00+00:00,-2045954,3717.099
46412,2010-02-03T14:30:00+00:00,-2045054,3717.101
46412,2010-02-03T14:45:00+00:00,-2044154,3717.107
46412,2010-02-03T15:00:00+00:00,-2043254,3717.123
46412,2010-02-03T15:15:00+00:00,-2042354,3717.145
46412,2010-02-03T15:30:00+00:00,-2041454,3717.171
46412,2010-02-03T15:45:00+00:00,-2040554,3717.206
46412,2010-02-03T16:00:00+00:00,-2039654,3717.245
46412,2010-02-03T16:15:00+00:00,-2038754,3717.288
46412,2010-02-03T16:30:00+00:00,-2037854,3717.337
46412,2010-02-03T16:45:00+00:00,-2036954,3717.388
46412,2010-02-03T17:00:00+00:00,-2036054,3717.443
46412,2010-02-03T17:15:00+00:00,-2035154,3717.496
46412,2010-02-03T17:30:00+00:00,-2034254,3717.549
46412,2010-02-03T17:45:00+00:00,-2033354,3717.601
46412,2010-02-03T18:00:00+00:00,-2032454,3717.649
46412,2010-02-03T18:15:00+00:00,-2031554,3717.696
46412,2010-02-03T18:30:00+00:00,-2030654,3717.736
46412,2010-02-03T18:45:00+00:00,-2029754,3717.774
46412,2010-02-03T19:00:00+00:00,-2028854,3717.804
46412,2010-02-03T19:15:00+00:00,-2027954,3717.830
46412,2010-02-03T19:30:00+00:00,-2027054,3717.851
46412,2010-02-03T19:45:00+00:00,-2026154,3717.860
46412,2010-02-03T20:00:00+00:00,-2025254,3717.869
46412,2010-02-03T20:15:00+00:00,-2024354,3717.871
46412,2010-02-03T20:30:00+00:00,-2023454,3717.861
46412,2010-02-03T20:45:00+00:00,-2022554,3717.847
46412,2010-02-03T21:00:00+00:00,-2021654,3717.829
46412,2010-02-03T21:15:00+00:00,-2020754,3717.802
46412,2010-02-03T21:30:00+00:00,-2019854,3717.767
46412,2010-02-03T21:45:00+00:00,-2018954,3717.725
46412,2010-02-03T22:00:00+00:00,-2018054,3717.679
46412,2010-02-03T22:15:00+00:00,-2017154,3717.630
46412,2010-02-03T22:30:00+00:00,-2016254,3717.577
46412,2010-02-03T22:45:00+00:00,-2015354,3717.523
46412,2010-02-03T23:00:00+00:00,-2014454,3717.467
46412,2010-02-03T23:15:00+00:00,-2013554,3717.412
46412,2010-02-03T23:30:00+00:00,-2012654,3717.356
46412,2010-02-03T23:45:00+00:00,-2011754,3717.306
46412,2010-02-04T00:00:00+00:00,-2010854,3717.256
46412,2010-02-04T00:15:00+00:00,-2009954,3717.210
46412,2010-02-04T00:30:00+00:00,-2009054,3717.167
46412,2010-02-04T00:45:00+00:00,-2008154,3717.128
46412,2010-02-04T01:00:00+00:00,-2007254,3717.100
46412,2010-02-04T01:15:00+00:00,-2006354,3717.077
46412,2010-02-04T01:30:00+00:00,-2005454,3717.058
46412,2010-02-04T01:45:00+00:00,-2004554,3717.047
46412,2010-02-04T02:00:00+00:00,-2003654,3717.040
46412,2010-02-04T02:15:00+00:00,-2002754,3717.042
46412,2010-02-04T02:30:00+00:00,-2001854,3717.052
46412,2010-02-04T02:45:00+00:00,-2000954,3717.067
46412,2010-02-04T03:00:00+00:00,-2000054,3717.089
46412,2010-02-04T03:15:00+00:00,-1999154,3717.121
46412,2010-02-04T03:30:00+00:00,-1998254,3717.157
46412,2010-02-04T03:45:00+00:00,-1997354,3717.202
46412,2010-02-04T04:00:00+00:00,-1996454,3717.251
46412,2010-02-04T04:15:00+00:00,-1995554,3717.305
46412,2010-02-04T04:30:00+00:00,-1994654,3717.364
46412,2010-02-04T04:45:00+00:00,-1993754,3717.426
46412,2010-02-04T05:00:00+00:00,-1992854,3717.486
46412,2010-02-04T05:15:00+00:00,-1991954,3717.551
46412,2010-02-04T05:30:00+00:00,-1991054,3717.621
46412,2010-02-04T05:45:00+00:00,-1990154,3717.686
46412,2010-02-04T06:00:00+00:00,-1989254,3717.751
46412,2010-02-04T06:15:00+00:00,-1988354,3717.815
46412,2010-02-04T06:30:00+00:00,-1987454,3717.875
46412,2010-02-04T06:45:00+00:00,-1986554,3717.939
46412,2010-02-04T07:00:00+00:00,-1985654,3717.996
46412,2010-02-04T07:15:00+00:00,-1984754,3718.048
46412,2010-02-04T07:30:00+00:00,-1983854,3718.095
46412,2010-02-04T07:45:00+00:00,-1982954,3718.136
46412,2010-02-04T08:00:00+00:00,-1982054,3718.168
46412,2010-02-04T08:15:00+00:00,-1981154,3718.193
46412,2010-02-04T08:30:00+00:00,-1980254,3718.210
46412,2010-02-04T08:45:00+00:00,-1979354,3718.218
46412,2010-02-04T09:00:00+00:00,-1978454,3718.219
46412,2010-02-04T09:15:00+00:00,-1977554,3718.215
46412,2010-02-04T09:30:00+00:00,-1976654,3718.201
46412,2010-02-04T09:45:00+00:00,-1975754,3718.180
46412,2010-02-04T10:00:00+00:00,-1974854,3718.150
46412,2010-02-04T10:15:00+00:00,-1973954,3718.117
46412,2010-02-04T10:30:00+00:00,-1973054,3718.075
46412,2010-02-04T10:45:00+00:00,-1972154,3718.028
46412,2010-02-04T11:00:00+00:00,-1971254,3717.977
46412,2010-02-04T11:15:00+00:00,-1970354,3717.919
46412,2010-02-04T11:30:00+00:00,-1969454,3717.860
46412,2010-02-04T11:45:00+00:00,-1968554,3717.794
46412,2010-02-04T12:00:00+00:00,-1967654,3717.730
46412,2010-02-04T12:15:00+00:00,-1966754,3717.668
46412,2010-02-04T12:30:00+00:00,-1965854,3717.608
46412,2010-02-04T12:45:00+00:00,-1964954,3717.545
46412,2010-02-04T13:00:00+00:00,-1964054,3717.487
46412,2010-02-04T13:15:00+00:00,-1963154,3717.425
46412,2010-02-04T13:30:00+00:00,-1962254,3717.373
46412,2010-02-04T13:45:00+00:00,-1961354,3717.319
46412,2010-02-04T14:00:00+00:00,-1960454,3717.277
46412,2010-02-04T14:15:00+00:00,-1959554,3717.234
46412,2010-02-04T14:30:00+00:00,-1958654,3717.200
46412,2010-02-04T14:45:00+00:00,-1957754,3717.172
46412,2010-02-04T15:00:00+00:00,-1956854,3717.150
46412,2010-02-04T15:15:00+00:00,-1955954,3717.131
46412,2010-02-04T15:30:00+00:00,-1955054,3717.120
46412,2010-02-04T15:45:00+00:00,-1954154,3717.118
46412,2010-02-04T16:00:00+00:00,-1953254,3717.119
46412,2010-02-04T16:15:00+00:00,-1952354,3717.128
46412,2010-02-04T16:30:00+00:00,-1951454,3717.140
46412,2010-02-04T16:45:00+00:00,-1950554,3717.158
46412,2010-02-04T17:00:00+00:00,-1949654,3717.181
46412,2010-02-04T17:15:00+00:00,-1948754,3717.208
46412,2010-02-04T17:30:00+00:00,-1947854,3717.235
46412,2010-02-04T17:45:00+00:00,-1946954,3717.267
46412,2010-02-04T18:00:00+00:00,-1946054,3717.301
46412,2010-02-04T18:15:00+00:00,-1945154,3717.335
46412,2010-02-04T18:30:00+00:00,-1944254,3717.368
46412,2010-02-04T18:45:00+00:00,-1943354,3717.403
46412,2010-02-04T19:00:00+00:00,-1942454,3717.438
46412,2010-02-04T19:15:00+00:00,-1941554,3717.470
46412,2010-02-04T19:30:00+00:00,-1940654,3717.499
46412,2010-02-04T19:45:00+00:00,-1939754,3717.526
46412,2010-02-04T20:00:00+00:00,-1938854,3717.550
46412,2010-02-04T20:15:00+00:00,-1937954,3717.573
46412,2010-02-04T20:30:00+00:00,-1937054,3717.588
46412,2010-02-04T20:45:00+00:00,-1936154,3717.601
46412,2010-02-04T21:00:00+00:00,-1935254,3717.608
46412,2010-02-04T21:15:00+00:00,-1934354,3717.616
46412,2010-02-04T21:30:00+00:00,-1933454,3717.618
46412,2010-02-04T21:45:00+00:00,-1932554,3717.615
46412,2010-02-04T22:00:00+00:00,-1931654,3717.605
46412,2010-02-04T22:15:00+00:00,-1930754,3717.593
46412,2010-02-04T22:30:00+00:00,-1929854,3717.578
46412,2010-02-04T22:45:00+00:00,-1928954,3717.562
46412,2010-02-04T23:00:00+00:00,-1928054,3717.540
46412,2010-02-04T23:15:00+00:00,-1927154,3717.517
46412,2010-02-04T23:30:00+00:00,-1926254,3717.490
46412,2010-02-04T23:45:00+00:00,-1925354,3717.461
46412,2010-02-05T00:00:00+00:00,-1924454,3717.435
46412,2010-02-05T00:15:00+00:00,-1923554,3717.406
46412,2010-02-05T00:30:00+00:00,-1922654,3717.379
46412,2010-02-05T00:45:00+00:00,-1921754,3717.349
46412,2010-02-05T01:00:00+00:00,-1920854,3717.326
46412,2010-02-05T01:15:00+00:00,-1919954,3717.302
46412,2010-02-05T01:30:00+00:00,-1919054,3717.281
46412,2010-02-05T01:45:00+00:00,-1918154,3717.267
46412,2010-02-05T02:00:00+00:00,-1917254,3717.252
46412,2010-02-05T02:15:00+00:00,-1916354,3717.244
46412,2010-02-05T02:30:00+00:00,-1915454,3717.239
46412,2010-02-05T02:45:00+00:00,-1914554,3717.237
46412,2010-02-05T03:00:00+00:00,-1913654,3717.244
46412,2010-02-05T03:15:00+00:00,-1912754,3717.254
46412,2010-02-05T03:30:00+00:00,-1911854,3717.270
46412,2010-02-05T03:45:00+00:00,-1910954,3717.288
46412,2010-02-05T04:00:00+00:00,-1910054,3717.315
46412,2010-02-05T04:15:00+00:00,-1909154,3717.344
46412,2010-02-05T04:30:00+00:00,-1908254,3717.378
46412,2010-02-05T04:45:00+00:00,-1907354,3717.420
46412,2010-02-05T05:00:00+00:00,-1906454,3717.462
46412,2010-02-05T05:15:00+00:00,-1905554,3717.510
46412,2010-02-05T05:30:00+00:00,-1904654,3717.558
46412,2010-02-05T05:45:00+00:00,-1903754,3717.607
46412,2010-02-05T06:00:00+00:00,-1902854,3717.658
46412,2010-02-05T06:15:00+00:00,-1901954,3717.710
46412,2010-02-05T06:30:00+00:00,-1901054,3717.763
46412,2010-02-05T06:45:00+00:00,-1900154,3717.818
46412,2010-02-05T07:00:00+00:00,-1899254,3717.872
46412,2010-02-05T07:15:00+00:00,-1898354,3717.923
46412,2010-02-05T07:30:00+00:00,-1897454,3717.976
46412,2010-02-05T07:45:00+00:00,-1896554,3718.022
46412,2010-02-05T08:00:00+00:00,-1895654,3718.064
46412,2010-02-05T08:15:00+00:00,-1894754,3718.103
46412,2010-02-05T08:30:00+00:00,-1893854,3718.137
46412,2010-02-05T08:45:00+00:00,-1892954,3718.166
46412,2010-02-05T09:00:00+00:00,-1892054,3718.190
46412,2010-02-05T09:15:00+00:00,-1891154,3718.212
46412,2010-02-05T09:30:00+00:00,-1890254,3718.223
46412,2010-02-05T09:45:00+00:00,-1889354,3718.229
46412,2010-02-05T10:00:00+00:00,-1888454,3718.227
46412,2010-02-05T10:15:00+00:00,-1887554,3718.220
46412,2010-02-05T10:30:00+00:00,-1886654,3718.208
46412,2010-02-05T10:45:00+00:00,-1885754,3718.189
46412,2010-02-05T11:00:00+00:00,-1884854,3718.165
46412,2010-02-05T11:15:00+00:00,-1883954,3718.133
46412,2010-02-05T11:30:00+00:00,-1883054,3718.096
46412,2010-02-05T11:45:00+00:00,-1882154,3718.056
46412,2010-02-05T12:00:00+00:00,-1881254,3718.008
46412,2010-02-05T12:15:00+00:00,-1880354,3717.961
46412,2010-02-05T12:30:00+00:00,-1879454,3717.906
46412,2010-02-05T12:45:00+00:00,-1878554,3717.850
46412,2010-02-05T13:00:00+00:00,-1877654,3717.793
46412,2010-02-05T13:15:00+00:00,-1876754,3717.735
46412,2010-02-05T13:30:00+00:00,-1875854,3717.671
46412,2010-02-05T13:45:00+00:00,-1874954,3717.609
46412,2010-02-05T14:00:00+00:00,-1874054,3717.548
46412,2010-02-05T14:15:00+00:00,-1873154,3717.488
46412,2010-02-05T14:30:00+00:00,-1872254,3717.435
46412,2010-02-05T14:45:00+00:00,-1871354,3717.382
46412,2010-02-05T15:00:00+00:00,-1870454,3717.331
46412,2010-02-05T15:15:00+00:00,-1869554,3717.283
46412,2010-02-05T15:30:00+00:00,-1868654,3717.242
46412,2010-02-05T15:45:00+00:00,-1867754,3717.206
46412,2010-02-05T16:00:00+00:00,-1866854,3717.174
46412,2010-02-05T16:15:00+00:00,-1865954,3717.149
46412,2010-02-05T16:30:00+00:00,-1865054,3717.126
46412,2010-02-05T16:45:00+00:00,-1864154,3717.112
46412,2010-02-05T17:00:00+00:00,-1863254,3717.102
46412,2010-02-05T17:15:00+00:00,-1862354,3717.095
46412,2010-02-05T17:30:00+00:00,-1861454,3717.090
46412,2010-02-05T17:45:00+00:00,-1860554,3717.093
46412,2010-02-05T18:00:00+00:00,-1859654,3717.097
46412,2010-02-05T18:15:00+00:00,-1858754,3717.105
46412,2010-02-05T18:30:00+00:00,-1857854,3717.119
46412,2010-02-05T18:45:00+00:00,-1856954,3717.136
46412,2010-02-05T19:00:00+00:00,-1856054,3717.153
46412,2010-02-05T19:15:00+00:00,-1855154,3717.175
46412,2010-02-05T19:30:00+00:00,-1854254,3717.195
46412,2010-02-05T19:45:00+00:00,-1853354,3717.221
46412,2010-02-05T20:00:00+00:00,-1852454,3717.248
46412,2010-02-05T20:15:00+00:00,-1851554,3717.277
46412,2010-02-05T20:30:00+00:00,-1850654,3717.304
46412,2010-02-05T20:45:00+00:00,-1849754,3717.329
46412,2010-02-05T21:00:00+00:00,-1848854,3717.351
46412,2010-02-05T21:15:00+00:00,-1847954,3717.378
46412,2010-02-05T21:30:00+00:00,-1847054,3717.399
46412,2010-02-05T21:45:00+00:00,-1846154,3717.421
46412,2010-02-05T22:00:00+00:00,-1845254,3717.441
46412,2010-02-05T22:15:00+00:00,-1844354,3717.457
46412,2010-02-05T22:30:00+00:00,-1843454,3717.472
46412,2010-02-05T22:45:00+00:00,-1842554,3717.484
46412,2010-02-05T23:00:00+00:00,-1841654,3717.496
46412,2010-02-05T23:15:00+00:00,-1840754,3717.504
46412,2010-02-05T23:30:00+00:00,-1839854,3717.510
46412,2010-02-05T23:45:00+00:00,-1838954,3717.510
46412,2010-02-06T00:00:00+00:00,-1838054,3717.507
46412,2010-02-06T00:15:00+00:00,-1837154,3717.506
46412,2010-02-06T00:30:00+00:00,-1836254,3717.499
46412,2010-02-06T00:45:00+00:00,-1835354,3717.492
46412,2010-02-06T01:00:00+00:00,-1834454,3717.483
46412,2010-02-06T01:15:00+00:00,-1833554,3717.476
46412,2010-02-06T01:30:00+00:00,-1832654,3717.463
46412,2010-02-06T01:45:00+00:00,-1831754,3717.453
46412,2010-02-06T02:00:00+00:00,-1830854,3717.442
46412,2010-02-06T02:15:00+00:00,-1829954,3717.434
46412,2010-02-06T02:30:00+00:00,-1829054,3717.426
46412,2010-02-06T02:45:00+00:00,-1828154,3717.422
46412,2010-02-06T03:00:00+00:00,-1827254,3717.417
46412,2010-02-06T03:15:00+00:00,-1826354,3717.416
46412,2010-02-06T03:30:00+00:00,-1825454,3717.416
46412,2010-02-06T03:45:00+00:00,-1824554,3717.420
46412,2010-02-06T04:00:00+00:00,-1823654,3717.426
46412,2010-02-06T04:15:00+00:00,-1822754,3717.438
46412,2010-02-06T04:30:00+00:00,-1821854,3717.449
46412,2010-02-06T04:45:00+00:00,-1820954,3717.462
46412,2010-02-06T05:00:00+00:00,-1820054,3717.481
46412,2010-02-06T05:15:00+00:00,-1819154,3717.500
46412,2010-02-06T05:30:00+00:00,-1818254,3717.525
46412,2010-02-06T05:45:00+00:00,-1817354,3717.553
46412,2010-02-06T06:00:00+00:00,-1816454,3717.582
46412,2010-02-06T06:15:00+00:00,-1815554,3717.617
46412,2010-02-06T06:30:00+00:00,-1814654,3717.651
46412,2010-02-06T06:45:00+00:00,-1813754,3717.688
46412,2010-02-06T07:00:00+00:00,-1812854,3717.725
46412,2010-02-06T07:15:00+00:00,-1811954,3717.768
46412,2010-02-06T07:30:00+00:00,-1811054,3717.813
46412,2010-02-06T07:45:00+00:00,-1810154,3717.857
46412,2010-02-06T08:00:00+00:00,-1809254,3717.898
46412,2010-02-06T08:15:00+00:00,-1808354,3717.939
46412,2010-02-06T08:30:00+00:00,-1807454,3717.979
46412,2010-02-06T08:45:00+00:00,-1806554,3718.016
46412,2010-02-06T09:00:00+00:00,-1805654,3718.050
46412,2010-02-06T09:15:00+00:00,-1804754,3718.081
46412,2010-02-06T09:30:00+00:00,-1803854,3718.108
46412,2010-02-06T09:45:00+00:00,-1802954,3718.135
46412,2010-02-06T10:00:00+00:00,-1802054,3718.158
46412,2010-02-06T10:15:00+00:00,-1801154,3718.175
46412,2010-02-06T10:30:00+00:00,-1800254,3718.190
46412,2010-02-06T10:45:00+00:00,-1799354,3718.197
46412,2010-02-06T11:00:00+00:00,-1798454,3718.202
46412,2010-02-06T11:15:00+00:00,-1797554,3718.201
46412,2010-02-06T11:30:00+00:00,-1796654,3718.196
46412,2010-02-06T11:45:00+00:00,-1795754,3718.184
46412,2010-02-06T12:00:00+00:00,-1794854,3718.166
46412,2010-02-06T12:15:00+00:00,-1793954,3718.139
46412,2010-02-06T12:30:00+00:00,-1793054,3718.108
46412,2010-02-06T12:45:00+00:00,-1792154,3718.072
46412,2010-02-06T13:00:00+00:00,-1791254,3718.033
46412,2010-02-06T13:15:00+00:00,-1790354,3717.989
46412,2010-02-06T13:30:00+00:00,-1789454,3717.938
46412,2010-02-06T13:45:00+00:00,-1788554,3717.884
46412,2010-02-06T14:00:00+00:00,-1787654,3717.828
46412,2010-02-06T14:15:00+00:00,-1786754,3717.772
46412,2010-02-06T14:30:00+00:00,-1785854,3717.713
46412,2010-02-06T14:45:00+00:00,-1784954,3717.652
46412,2010-02-06T15:00:00+00:00,-1784054,3717.592
46412,2010-02-06T15:15:00+00:00,-1783154,3717.526
46412,2010-02-06T15:30:00+00:00,-1782254,3717.467
46412,2010-02-06T15:45:00+00:00,-1781354,3717.408
46412,2010-02-06T16:00:00+00:00,-1780454,3717.354
46412,2010-02-06T16:15:00+00:00,-1779554,3717.303
46412,2010-02-06T16:30:00+00:00,-1778654,3717.253
46412,2010-02-06T16:45:00+00:00,-1777754,3717.208
46412,2010-02-06T17:00:00+00:00,-1776854,3717.165
46412,2010-02-06T17:15:00+00:00,-1775954,3717.129
46412,2010-02-06T17:30:00+00:00,-1775054,3717.096
46412,2010-02-06T17:45:00+00:00,-1774154,3717.064
46412,2010-02-06T18:00:00+00:00,-1773254,3717.038
46412,2010-02-06T18:15:00+00:00,-1772354,3717.015
46412,2010-02-06T18:30:00+00:00,-1771454,3716.998
46412,2010-02-06T18:45:00+00:00,-1770554,3716.986
46412,2010-02-06T19:00:00+00:00,-1769654,3716.981
46412,2010-02-06T19:15:00+00:00,-1768754,3716.980
46412,2010-02-06T19:30:00+00:00,-1767854,3716.981
46412,2010-02-06T19:45:00+00:00,-1766954,3716.987
46412,2010-02-06T20:00:00+00:00,-1766054,3717.000
46412,2010-02-06T20:15:00+00:00,-1765154,3717.015
46412,2010-02-06T20:30:00+00:00,-1764254,3717.037
46412,2010-02-06T20:45:00+00:00,-1763354,3717.064
46412,2010-02-06T21:00:00+00:00,-1762454,3717.091
46412,2010-02-06T21:15:00+00:00,-1761554,3717.120
46412,2010-02-06T21:30:00+00:00,-1760654,3717.149
46412,2010-02-06T21:45:00+00:00,-1759754,3717.180
46412,2010-02-06T22:00:00+00:00,-1758854,3717.215
46412,2010-02-06T22:15:00+00:00,-1757954,3717.250
46412,2010-02-06T22:30:00+00:00,-1757054,3717.283
46412,2010-02-06T22:45:00+00:00,-1756154,3717.319
46412,2010-02-06T23:00:00+00:00,-1755254,3717.355
46412,2010-02-06T23:15:00+00:00,-1754354,3717.384
46412,2010-02-06T23:30:00+00:00,-1753454,3717.414
46412,2010-02-06T23:45:00+00:00,-1752554,3717.439
46412,2010-02-07T00:00:00+00:00,-1751654,3717.463
46412,2010-02-07T00:15:00+00:00,-1750754,3717.487
46412,2010-02-07T00:30:00+00:00,-1749854,3717.506
46412,2010-02-07T00:45:00+00:00,-1748954,3717.523
46412,2010-02-07T01:00:00+00:00,-1748054,3717.538
46412,2010-02-07T01:15:00+00:00,-1747154,3717.548
46412,2010-02-07T01:30:00+00:00,-1746254,3717.555
46412,2010-02-07T01:45:00+00:00,-1745354,3717.562
46412,2010-02-07T02:00:00+00:00,-1744454,3717.566
46412,2010-02-07T02:15:00+00:00,-1743554,3717.566
46412,2010-02-07T02:30:00+00:00,-1742654,3717.567
46412,2010-02-07T02:45:00+00:00,-1741754,3717.564
46412,2010-02-07T03:00:00+00:00,-1740854,3717.560
46412,2010-02-07T03:15:00+00:00,-1739954,3717.558
46412,2010-02-07T03:30:00+00:00,-1739054,3717.551
46412,2010-02-07T03:45:00+00:00,-1738154,3717.547
46412,2010-02-07T04:00:00+00:00,-1737254,3717.541
46412,2010-02-07T04:15:00+00:00,-1736354,3717.537
46412,2010-02-07T04:30:00+00:00,-1735454,3717.534
46412,2010-02-07T04:45:00+00:00,-1734554,3717.533
46412,2010-02-07T05:00:00+00:00,-1733654,3717.532
46412,2010-02-07T05:15:00+00:00,-1732754,3717.533
46412,2010-02-07T05:30:00+00:00,-1731854,3717.538
46412,2010-02-07T05:45:00+00:00,-1730954,3717.542
46412,2010-02-07T06:00:00+00:00,-1730054,3717.548
46412,2010-02-07T06:15:00+00:00,-1729154,3717.559
46412,2010-02-07T06:30:00+00:00,-1728254,3717.573
46412,2010-02-07T06:45:00+00:00,-1727354,3717.589
46412,2010-02-07T07:00:00+00:00,-1726454,3717.609
46412,2010-02-07T07:15:00+00:00,-1725554,3717.633
46412,2010-02-07T07:30:00+00:00,-1724654,3717.658
46412,2010-02-07T07:45:00+00:00,-1723754,3717.686
46412,2010-02-07T08:00:00+00:00,-1722854,3717.720
46412,2010-02-07T08:15:00+00:00,-1721954,3717.756
46412,2010-02-07T08:30:00+00:00,-1721054,3717.792
46412,2010-02-07T08:45:00+00:00,-1720154,3717.831
46412,2010-02-07T09:00:00+00:00,-1719254,3717.867
46412,2010-02-07T09:15:00+00:00,-1718354,3717.905
46412,2010-02-07T09:30:00+00:00,-1717454,3717.944
46412,2010-02-07T09:45:00+00:00,-1716554,3717.981
46412,2010-02-07T10:00:00+00:00,-1715654,3718.018
46412,2010-02-07T10:15:00+00:00,-1714754,3718.054
46412,2010-02-07T10:30:00+00:00,-1713854,3718.086
46412,2010-02-07T10:45:00+00:00,-1712954,3718.114
46412,2010-02-07T11:00:00+00:00,-1712054,3718.140
46412,2010-02-07T11:15:00+00:00,-1711154,3718.161
46412,2010-02-07T11:30:00+00:00,-1710254,3718.180
46412,2010-02-07T11:45:00+00:00,-1709354,3718.190
46412,2010-02-07T12:00:00+00:00,-1708454,3718.199
46412,2010-02-07T12:15:00+00:00,-1707554,3718.200
46412,2010-02-07T12:30:00+00:00,-1706654,3718.201
46412,2010-02-07T12:45:00+00:00,-1705754,3718.192
46412,2010-02-07T13:00:00+00:00,-1704854,3718.177
46412,2010-02-07T13:15:00+00:00,-1703954,3718.157
46412,2010-02-07T13:30:00+00:00,-1703054,3718.129
46412,2010-02-07T13:45:00+00:00,-1702154,3718.097
46412,2010-02-07T14:00:00+00:00,-1701254,3718.057
46412,2010-02-07T14:15:00+00:00,-1700354,3718.012
46412,2010-02-07T14:30:00+00:00,-1699454,3717.963
46412,2010-02-07T14:45:00+00:00,-1698554,3717.910
46412,2010-02-07T15:00:00+00:00,-1697654,3717.850
46412,2010-02-07T15:15:00+00:00,-1696754,3717.790
46412,2010-02-07T15:30:00+00:00,-1695854,3717.729
46412,2010-02-07T15:45:00+00:00,-1694954,3717.666
46412,2010-02-07T16:00:00+00:00,-1694054,3717.595
46412,2010-02-07T16:15:00+00:00,-1693154,3717.527
46412,2010-02-07T16:30:00+00:00,-1692254,3717.460
46412,2010-02-07T16:45:00+00:00,-1691354,3717.393
46412,2010-02-07T17:00:00+00:00,-1690454,3717.329
46412,2010-02-07T17:15:00+00:00,-1689554,3717.267
46412,2010-02-07T17:30:00+00:00,-1688654,3717.206
46412,2010-02-07T17:45:00+00:00,-1687754,3717.151
46412,2010-02-07T18:00:00+00:00,-1686854,3717.096
46412,2010-02-07T18:15:00+00:00,-1685954,3717.048
46412,2010-02-07T18:30:00+00:00,-1685054,3717.007
46412,2010-02-07T18:45:00+00:00,-1684154,3716.966
46412,2010-02-07T19:00:00+00:00,-1683254,3716.927
46412,2010-02-07T19:15:00+00:00,-1682354,3716.895
46412,2010-02-07T19:30:00+00:00,-1681454,3716.870
46412,2010-02-07T19:45:00+00:00,-1680554,3716.850
46412,2010-02-07T20:00:00+00:00,-1679654,3716.840
46412,2010-02-07T20:15:00+00:00,-1678754,3716.835
46412,2010-02-07T20:30:00+00:00,-1677854,3716.835
46412,2010-02-07T20:45:00+00:00,-1676954,3716.845
46412,2010-02-07T21:00:00+00:00,-1676054,3716.860
46412,2010-02-07T21:15:00+00:00,-1675154,3716.882
46412,2010-02-07T21:30:00+00:00,-1674254,3716.906
46412,2010-02-07T21:45:00+00:00,-1673354,3716.932
46412,2010-02-07T22:00:00+00:00,-1672454,3716.966
46412,2010-02-07T22:15:00+00:00,-1671554,3717.003
46412,2010-02-07T22:30:00+00:00,-1670654,3717.044
46412,2010-02-07T22:45:00+00:00,-1669754,3717.087
46412,2010-02-07T23:00:00+00:00,-1668854,3717.134
46412,2010-02-07T23:15:00+00:00,-1667954,3717.181
46412,2010-02-07T23:30:00+00:00,-1667054,3717.230
46412,2010-02-07T23:45:00+00:00,-1666154,3717.278
46412,2010-02-08T00:00:00+00:00,-1665254,3717.328
46412,2010-02-08T00:15:00+00:00,-1664354,3717.374
46412,2010-02-08T00:30:00+00:00,-1663454,3717.418
46412,2010-02-08T00:45:00+00:00,-1662554,3717.458
46412,2010-02-08T01:00:00+00:00,-1661654,3717.499
46412,2010-02-08T01:15:00+00:00,-1660754,3717.536
46412,2010-02-08T01:30:00+00:00,-1659854,3717.565
46412,2010-02-08T01:45:00+00:00,-1658954,3717.594
46412,2010-02-08T02:00:00+00:00,-1658054,3717.614
46412,2010-02-08T02:15:00+00:00,-1657154,3717.630
46412,2010-02-08T02:30:00+00:00,-1656254,3717.645
46412,2010-02-08T02:45:00+00:00,-1655354,3717.653
46412,2010-02-08T03:00:00+00:00,-1654454,3717.656
46412,2010-02-08T03:15:00+00:00,-1653554,3717.663
46412,2010-02-08T03:30:00+00:00,-1652654,3717.660
46412,2010-02-08T03:45:00+00:00,-1651754,3717.657
46412,2010-02-08T04:00:00+00:00,-1650854,3717.650
46412,2010-02-08T04:15:00+00:00,-1649954,3717.643
46412,2010-02-08T04:30:00+00:00,-1649054,3717.634
46412,2010-02-08T04:45:00+00:00,-1648154,3717.627
46412,2010-02-08T05:00:00+00:00,-1647254,3717.613
46412,2010-02-08T05:15:00+00:00,-1646354,3717.600
46412,2010-02-08T05:30:00+00:00,-1645454,3717.590
46412,2010-02-08T05:45:00+00:00,-1644554,3717.582
46412,2010-02-08T06:00:00+00:00,-1643654,3717.573
46412,2010-02-08T06:15:00+00:00,-1642754,3717.566
46412,2010-02-08T06:30:00+00:00,-1641854,3717.564
46412,2010-02-08T06:45:00+00:00,-1640954,3717.564
46412,2010-02-08T07:00:00+00:00,-1640054,3717.568
46412,2010-02-08T07:15:00+00:00,-1639154,3717.576
46412,2010-02-08T07:30:00+00:00,-1638254,3717.589
46412,2010-02-08T07:45:00+00:00,-1637354,3717.603
46412,2010-02-08T08:00:00+00:00,-1636454,3717.622
46412,2010-02-08T08:15:00+00:00,-1635554,3717.643
46412,2010-02-08T08:30:00+00:00,-1634654,3717.671
46412,2010-02-08T08:45:00+00:00,-1633754,3717.698
46412,2010-02-08T09:00:00+00:00,-1632854,3717.730
46412,2010-02-08T09:15:00+00:00,-1631954,3717.764
46412,2010-02-08T09:30:00+00:00,-1631054,3717.802
46412,2010-02-08T09:45:00+00:00,-1630154,3717.842
46412,2010-02-08T10:00:00+00:00,-1629254,3717.881
46412,2010-02-08T10:15:00+00:00,-1628354,3717.922
46412,2010-02-08T10:30:00+00:00,-1627454,3717.963
46412,2010-02-08T10:45:00+00:00,-1626554,3718.007
46412,2010-02-08T11:00:00+00:00,-1625654,3718.044
46412,2010-02-08T11:15:00+00:00,-1624754,3718.084
46412,2010-02-08T11:30:00+00:00,-1623854,3718.121
46412,2010-02-08T11:45:00+00:00,-1622954,3718.156
46412,2010-02-08T12:00:00+00:00,-1622054,3718.187
46412,2010-02-08T12:15:00+00:00,-1621154,3718.215
46412,2010-02-08T12:30:00+00:00,-1620254,3718.235
46412,2010-02-08T12:45:00+00:00,-1619354,3718.248
46412,2010-02-08T13:00:00+00:00,-1618454,3718.260
46412,2010-02-08T13:15:00+00:00,-1617554,3718.260
46412,2010-02-08T13:30:00+00:00,-1616654,3718.257
46412,2010-02-08T13:45:00+00:00,-1615754,3718.250
46412,2010-02-08T14:00:00+00:00,-1614854,3718.235
46412,2010-02-08T14:15:00+00:00,-1613954,3718.215
46412,2010-02-08T14:30:00+00:00,-1613054,3718.187
46412,2010-02-08T14:45:00+00:00,-1612154,3718.148
46412,2010-02-08T15:00:00+00:00,-1611254,3718.109
46412,2010-02-08T15:15:00+00:00,-1610354,3718.060
46412,2010-02-08T15:30:00+00:00,-1609454,3718.005
46412,2010-02-08T15:45:00+00:00,-1608554,3717.945
46412,2010-02-08T16:00:00+00:00,-1607654,3717.880
46412,2010-02-08T16:15:00+00:00,-1606754,3717.809
46412,2010-02-08T16:30:00+00:00,-1605854,3717.734
46412,2010-02-08T16:45:00+00:00,-1604954,3717.659
46412,2010-02-08T17:00:00+00:00,-1604054,3717.584
46412,2010-02-08T17:15:00+00:00,-1603154,3717.505
46412,2010-02-08T17:30:00+00:00,-1602254,3717.428
46412,2010-02-08T17:45:00+00:00,-1601354,3717.354
46412,2010-02-08T18:00:00+00:00,-1600454,3717.280
46412,2010-02-08T18:15:00+00:00,-1599554,3717.207
46412,2010-02-08T18:30:00+00:00,-1598654,3717.138
46412,2010-02-08T18:45:00+00:00,-1597754,3717.073
46412,2010-02-08T19:00:00+00:00,-1596854,3717.008
46412,2010-02-08T19:15:00+00:00,-1595954,3716.952
46412,2010-02-08T19:30:00+00:00,-1595054,3716.900
46412,2010-02-08T19:45:00+00:00,-1594154,3716.854
46412,2010-02-08T20:00:00+00:00,-1593254,3716.815
46412,2010-02-08T20:15:00+00:00,-1592354,3716.783
46412,2010-02-08T20:30:00+00:00,-1591454,3716.760
46412,2010-02-08T20:45:00+00:00,-1590554,3716.744
46412,2010-02-08T21:00:00+00:00,-1589654,3716.737
46412,2010-02-08T21:15:00+00:00,-1588754,3716.739
46412,2010-02-08T21:30:00+00:00,-1587854,3716.749
46412,2010-02-08T21:45:00+00:00,-1586954,3716.766
46412,2010-02-08T22:00:00+00:00,-1586054,3716.791
46412,2010-02-08T22:15:00+00:00,-1585154,3716.822
46412,2010-02-08T22:30:00+00:00,-1584254,3716.857
46412,2010-02-08T22:45:00+00:00,-1583354,3716.901
46412,2010-02-08T23:00:00+00:00,-1582454,3716.945
46412,2010-02-08T23:15:00+00:00,-1581554,3716.997
46412,2010-02-08T23:30:00+00:00,-1580654,3717.049
46412,2010-02-08T23:45:00+00:00,-1579754,3717.101
46412,2010-02-09T00:00:00+00:00,-1578854,3717.159
46412,2010-02-09T00:15:00+00:00,-1577954,3717.216
46412,2010-02-09T00:30:00+00:00,-1577054,3717.275
46412,2010-02-09T00:45:00+00:00,-1576154,3717.332
46412,2010-02-09T01:00:00+00:00,-1575254,3717.389
46412,2010-02-09T01:15:00+00:00,-1574354,3717.443
46412,2010-02-09T01:30:00+00:00,-1573454,3717.493
46412,2010-02-09T01:45:00+00:00,-1572554,3717.540
46412,2010-02-09T02:00:00+00:00,-1571654,3717.580
46412,2010-02-09T02:15:00+00:00,-1570754,3717.619
46412,2010-02-09T02:30:00+00:00,-1569854,3717.648
46412,2010-02-09T02:45:00+00:00,-1568954,3717.675
46412,2010-02-09T03:00:00+00:00,-1568054,3717.693
46412,2010-02-09T03:15:00+00:00,-1567154,3717.709
46412,2010-02-09T03:30:00+00:00,-1566254,3717.719
46412,2010-02-09T03:45:00+00:00,-1565354,3717.721
46412,2010-02-09T04:00:00+00:00,-1564454,3717.725
46412,2010-02-09T04:15:00+00:00,-1563554,3717.721
46412,2010-02-09T04:30:00+00:00,-1562654,3717.712
46412,2010-02-09T04:45:00+00:00,-1561754,3717.702
46412,2010-02-09T05:00:00+00:00,-1560854,3717.688
46412,2010-02-09T05:15:00+00:00,-1559954,3717.675
46412,2010-02-09T05:30:00+00:00,-1559054,3717.656
46412,2010-02-09T05:45:00+00:00,-1558154,3717.636
46412,2010-02-09T06:00:00+00:00,-1557254,3717.616
46412,2010-02-09T06:15:00+00:00,-1556354,3717.597
46412,2010-02-09T06:30:00+00:00,-1555454,3717.579
46412,2010-02-09T06:45:00+00:00,-1554554,3717.563
46412,2010-02-09T07:00:00+00:00,-1553654,3717.552
46412,2010-02-09T07:15:00+00:00,-1552754,3717.540
46412,2010-02-09T07:30:00+00:00,-1551854,3717.534
46412,2010-02-09T07:45:00+00:00,-1550954,3717.530
46412,2010-02-09T08:00:00+00:00,-1550054,3717.532
46412,2010-02-09T08:15:00+00:00,-1549154,3717.538
46412,2010-02-09T08:30:00+00:00,-1548254,3717.547
46412,2010-02-09T08:45:00+00:00,-1547354,3717.564
46412,2010-02-09T09:00:00+00:00,-1546454,3717.588
46412,2010-02-09T09:15:00+00:00,-1545554,3717.614
46412,2010-02-09T09:30:00+00:00,-1544654,3717.645
46412,2010-02-09T09:45:00+00:00,-1543754,3717.682
46412,2010-02-09T10:00:00+00:00,-1542854,3717.720
46412,2010-02-09T10:15:00+00:00,-1541954,3717.763
46412,2010-02-09T10:30:00+00:00,-1541054,3717.806
46412,2010-02-09T10:45:00+00:00,-1540154,3717.852
46412,2010-02-09T11:00:00+00:00,-1539254,3717.894
46412,2010-02-09T11:15:00+00:00,-1538354,3717.943
46412,2010-02-09T11:30:00+00:00,-1537454,3717.989
46412,2010-02-09T11:45:00+00:00,-1536554,3718.039
46412,2010-02-09T12:00:00+00:00,-1535654,3718.087
46412,2010-02-09T12:15:00+00:00,-1534754,3718.131
46412,2010-02-09T12:30:00+00:00,-1533854,3718.172
46412,2010-02-09T12:45:00+00:00,-1532954,3718.212
46412,2010-02-09T13:00:00+00:00,-1532054,3718.244
46412,2010-02-09T13:15:00+00:00,-1531154,3718.275
46412,2010-02-09T13:30:00+00:00,-1530254,3718.299
46412,2010-02-09T13:45:00+00:00,-1529354,3718.315
46412,2010-02-09T14:00:00+00:00,-1528454,3718.326
46412,2010-02-09T14:15:00+00:00,-1527554,3718.328
46412,2010-02-09T14:30:00+00:00,-1526654,3718.321
46412,2010-02-09T14:45:00+00:00,-1525754,3718.305
46412,2010-02-09T15:00:00+00:00,-1524854,3718.289
46412,2010-02-09T15:15:00+00:00,-1523954,3718.261
46412,2010-02-09T15:30:00+00:00,-1523054,3718.223
46412,2010-02-09T15:45:00+00:00,-1522154,3718.178
46412,2010-02-09T16:00:00+00:00,-1521254,3718.122
46412,2010-02-09T16:15:00+00:00,-1520354,3718.062
46412,2010-02-09T16:30:00+00:00,-1519454,3717.995
46412,2010-02-09T16:45:00+00:00,-1518554,3717.925
46412,2010-02-09T17:00:00+00:00,-1517654,3717.847
46412,2010-02-09T17:15:00+00:00,-1516754,3717.767
46412,2010-02-09T17:30:00+00:00,-1515854,3717.685
46412,2010-02-09T17:45:00+00:00,-1514954,3717.600
46412,2010-02-09T18:00:00+00:00,-1514054,3717.511
46412,2010-02-09T18:15:00+00:00,-1513154,3717.425
46412,2010-02-09T18:30:00+00:00,-1512254,3717.338
46412,2010-02-09T18:45:00+00:00,-1511354,3717.250
46412,2010-02-09T19:00:00+00:00,-1510454,3717.169
46412,2010-02-09T19:15:00+00:00,-1509554,3717.088
46412,2010-02-09T19:30:00+00:00,-1508654,3717.012
46412,2010-02-09T19:45:00+00:00,-1507754,3716.943
46412,2010-02-09T20:00:00+00:00,-1506854,3716.882
46412,2010-02-09T20:15:00+00:00,-1505954,3716.831
46412,2010-02-09T20:30:00+00:00,-1505054,3716.786
46412,2010-02-09T20:45:00+00:00,-1504154,3716.747
46412,2010-02-09T21:00:00+00:00,-1503254,3716.717
46412,2010-02-09T21:15:00+00:00,-1502354,3716.697
46412,2010-02-09T21:30:00+00:00,-1501454,3716.686
46412,2010-02-09T21:45:00+00:00,-1500554,3716.687
46412,2010-02-09T22:00:00+00:00,-1499654,3716.694
46412,2010-02-09T22:15:00+00:00,-1498754,3716.708
46412,2010-02-09T22:30:00+00:00,-1497854,3716.730
46412,2010-02-09T22:45:00+00:00,-1496954,3716.762
46412,2010-02-09T23:00:00+00:00,-1496054,3716.802
46412,2010-02-09T23:15:00+00:00,-1495154,3716.846
46412,2010-02-09T23:30:00+00:00,-1494254,3716.895
46412,2010-02-09T23:45:00+00:00,-1493354,3716.950
46412,2010-02-10T00:00:00+00:00,-1492454,3717.008
46412,2010-02-10T00:15:00+00:00,-1491554,3717.068
46412,2010-02-10T00:30:00+00:00,-1490654,3717.133
46412,2010-02-10T00:45:00+00:00,-1489754,3717.199
46412,2010-02-10T01:00:00+00:00,-1488854,3717.265
46412,2010-02-10T01:15:00+00:00,-1487954,3717.330
46412,2010-02-10T01:30:00+00:00,-1487054,3717.393
46412,2010-02-10T01:45:00+00:00,-1486154,3717.454
46412,2010-02-10T02:00:00+00:00,-1485254,3717.509
46412,2010-02-10T02:15:00+00:00,-1484354,3717.562
46412,2010-02-10T02:30:00+00:00,-1483454,3717.608
46412,2010-02-10T02:45:00+00:00,-1482554,3717.649
46412,2010-02-10T03:00:00+00:00,-1481654,3717.682
46412,2010-02-10T03:15:00+00:00,-1480754,3717.713
46412,2010-02-10T03:30:00+00:00,-1479854,3717.733
46412,2010-02-10T03:45:00+00:00,-1478954,3717.750
46412,2010-02-10T04:00:00+00:00,-1478054,3717.760
46412,2010-02-10T04:15:00+00:00,-1477154,3717.764
46412,2010-02-10T04:30:00+00:00,-1476254,3717.763
46412,2010-02-10T04:45:00+00:00,-1475354,3717.756
46412,2010-02-10T05:00:00+00:00,-1474454,3717.742
46412,2010-02-10T05:15:00+00:00,-1473554,3717.727
46412,2010-02-10T05:30:00+00:00,-1472654,3717.703
46412,2010-02-10T05:45:00+00:00,-1471754,3717.680
46412,2010-02-10T06:00:00+00:00,-1470854,3717.655
46412,2010-02-10T06:15:00+00:00,-1469954,3717.626
46412,2010-02-10T06:30:00+00:00,-1469054,3717.599
46412,2010-02-10T06:45:00+00:00,-1468154,3717.573
46412,2010-02-10T07:00:00+00:00,-1467254,3717.547
46412,2010-02-10T07:15:00+00:00,-1466354,3717.531
46412,2010-02-10T07:30:00+00:00,-1465454,3717.512
46412,2010-02-10T07:45:00+00:00,-1464554,3717.493
46412,2010-02-10T08:00:00+00:00,-1463654,3717.481
46412,2010-02-10T08:15:00+00:00,-1462754,3717.472
46412,2010-02-10T08:30:00+00:00,-1461854,3717.470
46412,2010-02-10T08:45:00+00:00,-1460954,3717.473
46412,2010-02-10T09:00:00+00:00,-1460054,3717.477
46412,2010-02-10T09:15:00+00:00,-1459154,3717.488
46412,2010-02-10T09:30:00+00:00,-1458254,3717.504
46412,2010-02-10T09:45:00+00:00,-1457354,3717.527
46412,2010-02-10T10:00:00+00:00,-1456454,3717.556
46412,2010-02-10T10:15:00+00:00,-1455554,3717.591
46412,2010-02-10T10:30:00+00:00,-1454654,3717.627
46412,2010-02-10T10:45:00+00:00,-1453754,3717.670
46412,2010-02-10T11:00:00+00:00,-1452854,3717.720
46412,2010-02-10T11:15:00+00:00,-1451954,3717.769
46412,2010-02-10T11:30:00+00:00,-1451054,3717.824
46412,2010-02-10T11:45:00+00:00,-1450154,3717.876
46412,2010-02-10T12:00:00+00:00,-1449254,3717.933
46412,2010-02-10T12:15:00+00:00,-1448354,3717.987
46412,2010-02-10T12:30:00+00:00,-1447454,3718.040
46412,2010-02-10T12:45:00+00:00,-1446554,3718.091
46412,2010-02-10T13:00:00+00:00,-1445654,3718.139
46412,2010-02-10T13:15:00+00:00,-1444754,3718.184
46412,2010-02-10T13:30:00+00:00,-1443854,3718.229
46412,2010-02-10T13:45:00+00:00,-1442954,3718.267
46412,2010-02-10T14:00:00+00:00,-1442054,3718.297
46412,2010-02-10T14:15:00+00:00,-1441154,3718.323
46412,2010-02-10T14:30:00+00:00,-1440254,3718.339
46412,2010-02-10T14:45:00+00:00,-1439354,3718.350
46412,2010-02-10T15:00:00+00:00,-1438454,3718.352
46412,2010-02-10T15:15:00+00:00,-1437554,3718.342
46412,2010-02-10T15:30:00+00:00,-1436654,3718.325
46412,2010-02-10T15:45:00+00:00,-1435754,3718.297
46412,2010-02-10T16:00:00+00:00,-1434854,3718.262
46412,2010-02-10T16:15:00+00:00,-1433954,3718.219
46412,2010-02-10T16:30:00+00:00,-1433054,3718.168
46412,2010-02-10T16:45:00+00:00,-1432154,3718.108
46412,2010-02-10T17:00:00+00:00,-1431254,3718.040
46412,2010-02-10T17:15:00+00:00,-1430354,3717.965
46412,2010-02-10T17:30:00+00:00,-1429454,3717.887
46412,2010-02-10T17:45:00+00:00,-1428554,3717.804
46412,2010-02-10T18:00:00+00:00,-1427654,3717.718
46412,2010-02-10T18:15:00+00:00,-1426754,3717.626
46412,2010-02-10T18:30:00+00:00,-1425854,3717.530
46412,2010-02-10T18:45:00+00:00,-1424954,3717.435
46412,2010-02-10T19:00:00+00:00,-1424054,3717.344
46412,2010-02-10T19:15:00+00:00,-1423154,3717.256
46412,2010-02-10T19:30:00+00:00,-1422254,3717.169
46412,2010-02-10T19:45:00+00:00,-1421354,3717.083
46412,2010-02-10T20:00:00+00:00,-1420454,3717.002
46412,2010-02-10T20:15:00+00:00,-1419554,3716.929
46412,2010-02-10T20:30:00+00:00,-1418654,3716.864
46412,2010-02-10T20:45:00+00:00,-1417754,3716.805
46412,2010-02-10T21:00:00+00:00,-1416854,3716.752
46412,2010-02-10T21:15:00+00:00,-1415954,3716.709
46412,2010-02-10T21:30:00+00:00,-1415054,3716.678
46412,2010-02-10T21:45:00+00:00,-1414154,3716.657
46412,2010-02-10T22:00:00+00:00,-1413254,3716.641
46412,2010-02-10T22:15:00+00:00,-1412354,3716.640
46412,2010-02-10T22:30:00+00:00,-1411454,3716.647
46412,2010-02-10T22:45:00+00:00,-1410554,3716.664
46412,2010-02-10T23:00:00+00:00,-1409654,3716.687
46412,2010-02-10T23:15:00+00:00,-1408754,3716.715
46412,2010-02-10T23:30:00+00:00,-1407854,3716.753
46412,2010-02-10T23:45:00+00:00,-1406954,3716.799
46412,2010-02-11T00:00:00+00:00,-1406054,3716.853
46412,2010-02-11T00:15:00+00:00,-1405154,3716.913
46412,2010-02-11T00:30:00+00:00,-1404254,3716.975
46412,2010-02-11T00:45:00+00:00,-1403354,3717.040
46412,2010-02-11T01:00:00+00:00,-1402454,3717.112
46412,2010-02-11T01:15:00+00:00,-1401554,3717.186
46412,2010-02-11T01:30:00+00:00,-1400654,3717.257
46412,2010-02-11T01:45:00+00:00,-1399754,3717.328
46412,2010-02-11T02:00:00+00:00,-1398854,3717.393
46412,2010-02-11T02:15:00+00:00,-1397954,3717.455
46412,2010-02-11T02:30:00+00:00,-1397054,3717.517
46412,2010-02-11T02:45:00+00:00,-1396154,3717.573
46412,2010-02-11T03:00:00+00:00,-1395254,3717.619
46412,2010-02-11T03:15:00+00:00,-1394354,3717.662
46412,2010-02-11T03:30:00+00:00,-1393454,3717.696
46412,2010-02-11T03:45:00+00:00,-1392554,3717.723
46412,2010-02-11T04:00:00+00:00,-1391654,3717.747
46412,2010-02-11T04:15:00+00:00,-1390754,3717.764
46412,2010-02-11T04:30:00+00:00,-1389854,3717.771
46412,2010-02-11T04:45:00+00:00,-1388954,3717.773
46412,2010-02-11T05:00:00+00:00,-1388054,3717.768
46412,2010-02-11T05:15:00+00:00,-1387154,3717.760
46412,2010-02-11T05:30:00+00:00,-1386254,3717.740
46412,2010-02-11T05:45:00+00:00,-1385354,3717.720
46412,2010-02-11T06:00:00+00:00,-1384454,3717.692
46412,2010-02-11T06:15:00+00:00,-1383554,3717.666
46412,2010-02-11T06:30:00+00:00,-1382654,3717.637
46412,2010-02-11T06:45:00+00:00,-1381754,3717.608
46412,2010-02-11T07:00:00+00:00,-1380854,3717.576
46412,2010-02-11T07:15:00+00:00,-1379954,3717.543
46412,2010-02-11T07:30:00+00:00,-1379054,3717.513
46412,2010-02-11T07:45:00+00:00,-1378154,3717.485
46412,2010-02-11T08:00:00+00:00,-1377254,3717.459
46412,2010-02-11T08:15:00+00:00,-1376354,3717.436
46412,2010-02-11T08:30:00+00:00,-1375454,3717.418
46412,2010-02-11T08:45:00+00:00,-1374554,3717.404
46412,2010-02-11T09:00:00+00:00,-1373654,3717.399
46412,2010-02-11T09:15:00+00:00,-1372754,3717.395
46412,2010-02-11T09:30:00+00:00,-1371854,3717.400
46412,2010-02-11T09:45:00+00:00,-1370954,3717.411
46412,2010-02-11T10:00:00+00:00,-1370054,3717.425
46412,2010-02-11T10:15:00+00:00,-1369154,3717.447
46412,2010-02-11T10:30:00+00:00,-1368254,3717.475
46412,2010-02-11T10:45:00+00:00,-1367354,3717.512
46412,2010-02-11T11:00:00+00:00,-1366454,3717.553
46412,2010-02-11T11:15:00+00:00,-1365554,3717.598
46412,2010-02-11T11:30:00+00:00,-1364654,3717.647
46412,2010-02-11T11:45:00+00:00,-1363754,3717.699
46412,2010-02-11T12:00:00+00:00,-1362854,3717.756
46412,2010-02-11T12:15:00+00:00,-1361954,3717.818
46412,2010-02-11T12:30:00+00:00,-1361054,3717.883
46412,2010-02-11T12:45:00+00:00,-1360154,3717.943
46412,2010-02-11T13:00:00+00:00,-1359254,3718.005
46412,2010-02-11T13:15:00+00:00,-1358354,3718.063
46412,2010-02-11T13:30:00+00:00,-1357454,3718.121
46412,2010-02-11T13:45:00+00:00,-1356554,3718.175
46412,2010-02-11T14:00:00+00:00,-1355654,3718.220
46412,2010-02-11T14:15:00+00:00,-1354754,3718.263
46412,2010-02-11T14:30:00+00:00,-1353854,3718.298
46412,2010-02-11T14:45:00+00:00,-1352954,3718.327
46412,2010-02-11T15:00:00+00:00,-1352054,3718.348
46412,2010-02-11T15:15:00+00:00,-1351154,3718.361
46412,2010-02-11T15:30:00+00:00,-1350254,3718.364
46412,2010-02-11T15:45:00+00:00,-1349354,3718.360
46412,2010-02-11T16:00:00+00:00,-1348454,3718.347
46412,2010-02-11T16:15:00+00:00,-1347554,3718.322
46412,2010-02-11T16:30:00+00:00,-1346654,3718.289
46412,2010-02-11T16:45:00+00:00,-1345754,3718.242
46412,2010-02-11T17:00:00+00:00,-1344854,3718.191
46412,2010-02-11T17:15:00+00:00,-1343954,3718.128
46412,2010-02-11T17:30:00+00:00,-1343054,3718.058
46412,2010-02-11T17:45:00+00:00,-1342154,3717.982
46412,2010-02-11T18:00:00+00:00,-1341254,3717.897
46412,2010-02-11T18:15:00+00:00,-1340354,3717.810
46412,2010-02-11T18:30:00+00:00,-1339454,3717.716
46412,2010-02-11T18:45:00+00:00,-1338554,3717.622
46412,2010-02-11T19:00:00+00:00,-1337654,3717.527
46412,2010-02-11T19:15:00+00:00,-1336754,3717.434
46412,2010-02-11T19:30:00+00:00,-1335854,3717.341
46412,2010-02-11T19:45:00+00:00,-1334954,3717.247
46412,2010-02-11T20:00:00+00:00,-1334054,3717.156
46412,2010-02-11T20:15:00+00:00,-1333154,3717.071
46412,2010-02-11T20:30:00+00:00,-1332254,3716.990
46412,2010-02-11T20:45:00+00:00,-1331354,3716.916
46412,2010-02-11T21:00:00+00:00,-1330454,3716.847
46412,2010-02-11T21:15:00+00:00,-1329554,3716.791
46412,2010-02-11T21:30:00+00:00,-1328654,3716.739
46412,2010-02-11T21:45:00+00:00,-1327754,3716.699
46412,2010-02-11T22:00:00+00:00,-1326854,3716.668
46412,2010-02-11T22:15:00+00:00,-1325954,3716.642
46412,2010-02-11T22:30:00+00:00,-1325054,3716.630
46412,2010-02-11T22:45:00+00:00,-1324154,3716.630
46412,2010-02-11T23:00:00+00:00,-1323254,3716.637
46412,2010-02-11T23:15:00+00:00,-1322354,3716.655
46412,2010-02-11T23:30:00+00:00,-1321454,3716.681
46412,2010-02-11T23:45:00+00:00,-1320554,3716.717
46412,2010-02-12T00:00:00+00:00,-1319654,3716.762
46412,2010-02-12T00:15:00+00:00,-1318754,3716.813
46412,2010-02-12T00:30:00+00:00,-1317854,3716.867
46412,2010-02-12T00:45:00+00:00,-1316954,3716.931
46412,2010-02-12T01:00:00+00:00,-1316054,3716.998
46412,2010-02-12T01:15:00+00:00,-1315154,3717.072
46412,2010-02-12T01:30:00+00:00,-1314254,3717.149
46412,2010-02-12T01:45:00+00:00,-1313354,3717.223
46412,2010-02-12T02:00:00+00:00,-1312454,3717.295
46412,2010-02-12T02:15:00+00:00,-1311554,3717.367
46412,2010-02-12T02:30:00+00:00,-1310654,3717.434
46412,2010-02-12T02:45:00+00:00,-1309754,3717.501
46412,2010-02-12T03:00:00+00:00,-1308854,3717.562
46412,2010-02-12T03:15:00+00:00,-1307954,3717.615
46412,2010-02-12T03:30:00+00:00,-1307054,3717.662
46412,2010-02-12T03:45:00+00:00,-1306154,3717.704
46412,2010-02-12T04:00:00+00:00,-1305254,3717.739
46412,2010-02-12T04:15:00+00:00,-1304354,3717.767
46412,2010-02-12T04:30:00+00:00,-1303454,3717.784
46412,2010-02-12T04:45:00+00:00,-1302554,3717.799
46412,2010-02-12T05:00:00+00:00,-1301654,3717.803
46412,2010-02-12T05:15:00+00:00,-1300754,3717.798
46412,2010-02-12T05:30:00+00:00,-1299854,3717.790
46412,2010-02-12T05:45:00+00:00,-1298954,3717.771
46412,2010-02-12T06:00:00+00:00,-1298054,3717.747
46412,2010-02-12T06:15:00+00:00,-1297154,3717.721
46412,2010-02-12T06:30:00+00:00,-1296254,3717.690
46412,2010-02-12T06:45:00+00:00,-1295354,3717.659
46412,2010-02-12T07:00:00+00:00,-1294454,3717.624
46412,2010-02-12T07:15:00+00:00,-1293554,3717.590
46412,2010-02-12T07:30:00+00:00,-1292654,3717.554
46412,2010-02-12T07:45:00+00:00,-1291754,3717.517
46412,2010-02-12T08:00:00+00:00,-1290854,3717.481
46412,2010-02-12T08:15:00+00:00,-1289954,3717.452
46412,2010-02-12T08:30:00+00:00,-1289054,3717.424
46412,2010-02-12T08:45:00+00:00,-1288154,3717.399
46412,2010-02-12T09:00:00+00:00,-1287254,3717.375
46412,2010-02-12T09:15:00+00:00,-1286354,3717.357
46412,2010-02-12T09:30:00+00:00,-1285454,3717.348
46412,2010-02-12T09:45:00+00:00,-1284554,3717.346
46412,2010-02-12T10:00:00+00:00,-1283654,3717.348
46412,2010-02-12T10:15:00+00:00,-1282754,3717.358
46412,2010-02-12T10:30:00+00:00,-1281854,3717.373
46412,2010-02-12T10:45:00+00:00,-1280954,3717.396
46412,2010-02-12T11:00:00+00:00,-1280054,3717.424
46412,2010-02-12T11:15:00+00:00,-1279154,3717.459
46412,2010-02-12T11:30:00+00:00,-1278254,3717.501
46412,2010-02-12T11:45:00+00:00,-1277354,3717.548
46412,2010-02-12T12:00:00+00:00,-1276454,3717.600
46412,2010-02-12T12:15:00+00:00,-1275554,3717.655
46412,2010-02-12T12:30:00+00:00,-1274654,3717.713
46412,2010-02-12T12:45:00+00:00,-1273754,3717.772
46412,2010-02-12T13:00:00+00:00,-1272854,3717.838
46412,2010-02-12T13:15:00+00:00,-1271954,3717.902
46412,2010-02-12T13:30:00+00:00,-1271054,3717.969
46412,2010-02-12T13:45:00+00:00,-1270154,3718.029
46412,2010-02-12T14:00:00+00:00,-1269254,3718.089
46412,2010-02-12T14:15:00+00:00,-1268354,3718.144
46412,2010-02-12T14:30:00+00:00,-1267454,3718.198
46412,2010-02-12T14:45:00+00:00,-1266554,3718.244
46412,2010-02-12T15:00:00+00:00,-1265654,3718.282
46412,2010-02-12T15:15:00+00:00,-1264754,3718.309
46412,2010-02-12T15:30:00+00:00,-1263854,3718.332
46412,2010-02-12T15:45:00+00:00,-1262954,3718.343
46412,2010-02-12T16:00:00+00:00,-1262054,3718.348
46412,2010-02-12T16:15:00+00:00,-1261154,3718.338
46412,2010-02-12T16:30:00+00:00,-1260254,3718.326
46412,2010-02-12T16:45:00+00:00,-1259354,3718.303
46412,2010-02-12T17:00:00+00:00,-1258454,3718.272
46412,2010-02-12T17:15:00+00:00,-1257554,3718.229
46412,2010-02-12T17:30:00+00:00,-1256654,3718.179
46412,2010-02-12T17:45:00+00:00,-1255754,3718.118
46412,2010-02-12T18:00:00+00:00,-1254854,3718.049
46412,2010-02-12T18:15:00+00:00,-1253954,3717.975
46412,2010-02-12T18:30:00+00:00,-1253054,3717.890
46412,2010-02-12T18:45:00+00:00,-1252154,3717.801
46412,2010-02-12T19:00:00+00:00,-1251254,3717.709
46412,2010-02-12T19:15:00+00:00,-1250354,3717.612
46412,2010-02-12T19:30:00+00:00,-1249454,3717.515
46412,2010-02-12T19:45:00+00:00,-1248554,3717.419
46412,2010-02-12T20:00:00+00:00,-1247654,3717.322
46412,2010-02-12T20:15:00+00:00,-1246754,3717.228
46412,2010-02-12T20:30:00+00:00,-1245854,3717.138
46412,2010-02-12T20:45:00+00:00,-1244954,3717.053
46412,2010-02-12T21:00:00+00:00,-1244054,3716.973
46412,2010-02-12T21:15:00+00:00,-1243154,3716.900
46412,2010-02-12T21:30:00+00:00,-1242254,3716.835
46412,2010-02-12T21:45:00+00:00,-1241354,3716.778
46412,2010-02-12T22:00:00+00:00,-1240454,3716.731
46412,2010-02-12T22:15:00+00:00,-1239554,3716.694
46412,2010-02-12T22:30:00+00:00,-1238654,3716.666
46412,2010-02-12T22:45:00+00:00,-1237754,3716.652
46412,2010-02-12T23:00:00+00:00,-1236854,3716.646
46412,2010-02-12T23:15:00+00:00,-1235954,3716.650
46412,2010-02-12T23:30:00+00:00,-1235054,3716.663
46412,2010-02-12T23:45:00+00:00,-1234154,3716.684
46412,2010-02-13T00:00:00+00:00,-1233254,3716.712
46412,2010-02-13T00:15:00+00:00,-1232354,3716.754
46412,2010-02-13T00:30:00+00:00,-1231454,3716.801
46412,2010-02-13T00:45:00+00:00,-1230554,3716.852
46412,2010-02-13T01:00:00+00:00,-1229654,3716.915
46412,2010-02-13T01:15:00+00:00,-1228754,3716.983
46412,2010-02-13T01:30:00+00:00,-1227854,3717.053
46412,2010-02-13T01:45:00+00:00,-1226954,3717.127
46412,2010-02-13T02:00:00+00:00,-1226054,3717.203
46412,2010-02-13T02:15:00+00:00,-1225154,3717.274
46412,2010-02-13T02:30:00+00:00,-1224254,3717.345
46412,2010-02-13T02:45:00+00:00,-1223354,3717.417
46412,2010-02-13T03:00:00+00:00,-1222454,3717.487
46412,2010-02-13T03:15:00+00:00,-1221554,3717.548
46412,2010-02-13T03:30:00+00:00,-1220654,3717.609
46412,2010-02-13T03:45:00+00:00,-1219754,3717.656
46412,2010-02-13T04:00:00+00:00,-1218854,3717.708
46412,2010-02-13T04:15:00+00:00,-1217954,3717.747
46412,2010-02-13T04:30:00+00:00,-1217054,3717.782
46412,2010-02-13T04:45:00+00:00,-1216154,3717.807
46412,2010-02-13T05:00:00+00:00,-1215254,3717.821
46412,2010-02-13T05:15:00+00:00,-1214354,3717.832
46412,2010-02-13T05:30:00+00:00,-1213454,3717.831
46412,2010-02-13T05:45:00+00:00,-1212554,3717.824
46412,2010-02-13T06:00:00+00:00,-1211654,3717.808
46412,2010-02-13T06:15:00+00:00,-1210754,3717.785
46412,2010-02-13T06:30:00+00:00,-1209854,3717.759
46412,2010-02-13T06:45:00+00:00,-1208954,3717.729
46412,2010-02-13T07:00:00+00:00,-1208054,3717.693
46412,2010-02-13T07:15:00+00:00,-1207154,3717.655
46412,2010-02-13T07:30:00+00:00,-1206254,3717.615
46412,2010-02-13T07:45:00+00:00,-1205354,3717.574
46412,2010-02-13T08:00:00+00:00,-1204454,3717.532
46412,2010-02-13T08:15:00+00:00,-1203554,3717.489
46412,2010-02-13T08:30:00+00:00,-1202654,3717.448
46412,2010-02-13T08:45:00+00:00,-1201754,3717.409
46412,2010-02-13T09:00:00+00:00,-1200854,3717.376
46412,2010-02-13T09:15:00+00:00,-1199954,3717.346
46412,2010-02-13T09:30:00+00:00,-1199054,3717.323
46412,2010-02-13T09:45:00+00:00,-1198154,3717.305
46412,2010-02-13T10:00:00+00:00,-1197254,3717.290
46412,2010-02-13T10:15:00+00:00,-1196354,3717.284
46412,2010-02-13T10:30:00+00:00,-1195454,3717.286
46412,2010-02-13T10:45:00+00:00,-1194554,3717.295
46412,2010-02-13T11:00:00+00:00,-1193654,3717.309
46412,2010-02-13T11:15:00+00:00,-1192754,3717.331
46412,2010-02-13T11:30:00+00:00,-1191854,3717.360
46412,2010-02-13T11:45:00+00:00,-1190954,3717.401
46412,2010-02-13T12:00:00+00:00,-1190054,3717.441
46412,2010-02-13T12:15:00+00:00,-1189154,3717.495
46412,2010-02-13T12:30:00+00:00,-1188254,3717.545
46412,2010-02-13T12:45:00+00:00,-1187354,3717.606
46412,2010-02-13T13:00:00+00:00,-1186454,3717.668
46412,2010-02-13T13:15:00+00:00,-1185554,3717.729
46412,2010-02-13T13:30:00+00:00,-1184654,3717.794
46412,2010-02-13T13:45:00+00:00,-1183754,3717.860
46412,2010-02-13T14:00:00+00:00,-1182854,3717.926
46412,2010-02-13T14:15:00+00:00,-1181954,3717.994
46412,2010-02-13T14:30:00+00:00,-1181054,3718.057
46412,2010-02-13T14:45:00+00:00,-1180154,3718.117
46412,2010-02-13T15:00:00+00:00,-1179254,3718.171
46412,2010-02-13T15:15:00+00:00,-1178354,3718.219
46412,2010-02-13T15:30:00+00:00,-1177454,3718.259
46412,2010-02-13T15:45:00+00:00,-1176554,3718.293
46412,2010-02-13T16:00:00+00:00,-1175654,3718.318
46412,2010-02-13T16:15:00+00:00,-1174754,3718.329
46412,2010-02-13T16:30:00+00:00,-1173854,3718.336
46412,2010-02-13T16:45:00+00:00,-1172954,3718.337
46412,2010-02-13T17:00:00+00:00,-1172054,3718.320
46412,2010-02-13T17:15:00+00:00,-1171154,3718.293
46412,2010-02-13T17:30:00+00:00,-1170254,3718.262
46412,2010-02-13T17:45:00+00:00,-1169354,3718.216
46412,2010-02-13T18:00:00+00:00,-1168454,3718.164
46412,2010-02-13T18:15:00+00:00,-1167554,3718.101
46412,2010-02-13T18:30:00+00:00,-1166654,3718.032
46412,2010-02-13T18:45:00+00:00,-1165754,3717.954
46412,2010-02-13T19:00:00+00:00,-1164854,3717.871
46412,2010-02-13T19:15:00+00:00,-1163954,3717.784
46412,2010-02-13T19:30:00+00:00,-1163054,3717.688
46412,2010-02-13T19:45:00+00:00,-1162154,3717.593
46412,2010-02-13T20:00:00+00:00,-1161254,3717.501
46412,2010-02-13T20:15:00+00:00,-1160354,3717.402
46412,2010-02-13T20:30:00+00:00,-1159454,3717.311
46412,2010-02-13T20:45:00+00:00,-1158554,3717.220
46412,2010-02-13T21:00:00+00:00,-1157654,3717.136
46412,2010-02-13T21:15:00+00:00,-1156754,3717.053
46412,2010-02-13T21:30:00+00:00,-1155854,3716.981
46412,2010-02-13T21:45:00+00:00,-1154954,3716.907
46412,2010-02-13T22:00:00+00:00,-1154054,3716.847
46412,2010-02-13T22:15:00+00:00,-1153154,3716.800
46412,2010-02-13T22:30:00+00:00,-1152254,3716.754
46412,2010-02-13T22:45:00+00:00,-1151354,3716.724
46412,2010-02-13T23:00:00+00:00,-1150454,3716.702
46412,2010-02-13T23:15:00+00:00,-1149554,3716.688
46412,2010-02-13T23:30:00+00:00,-1148654,3716.679
46412,2010-02-13T23:45:00+00:00,-1147754,3716.688
46412,2010-02-14T00:00:00+00:00,-1146854,3716.706
46412,2010-02-14T00:15:00+00:00,-1145954,3716.729
46412,2010-02-14T00:30:00+00:00,-1145054,3716.765
46412,2010-02-14T00:45:00+00:00,-1144154,3716.807
46412,2010-02-14T01:00:00+00:00,-1143254,3716.858
46412,2010-02-14T01:15:00+00:00,-1142354,3716.914
46412,2010-02-14T01:30:00+00:00,-1141454,3716.978
46412,2010-02-14T01:45:00+00:00,-1140554,3717.046
46412,2010-02-14T02:00:00+00:00,-1139654,3717.113
46412,2010-02-14T02:15:00+00:00,-1138754,3717.195
46412,2010-02-14T02:30:00+00:00,-1137854,3717.268
46412,2010-02-14T02:45:00+00:00,-1136954,3717.342
46412,2010-02-14T03:00:00+00:00,-1136054,3717.413
46412,2010-02-14T03:15:00+00:00,-1135154,3717.483
46412,2010-02-14T03:30:00+00:00,-1134254,3717.552
46412,2010-02-14T03:45:00+00:00,-1133354,3717.614
46412,2010-02-14T04:00:00+00:00,-1132454,3717.675
46412,2010-02-14T04:15:00+00:00,-1131554,3717.718
46412,2010-02-14T04:30:00+00:00,-1130654,3717.764
46412,2010-02-14T04:45:00+00:00,-1129754,3717.796
46412,2010-02-14T05:00:00+00:00,-1128854,3717.827
46412,2010-02-14T05:15:00+00:00,-1127954,3717.848
46412,2010-02-14T05:30:00+00:00,-1127054,3717.858
46412,2010-02-14T05:45:00+00:00,-1126154,3717.860
46412,2010-02-14T06:00:00+00:00,-1125254,3717.848
46412,2010-02-14T06:15:00+00:00,-1124354,3717.833
46412,2010-02-14T06:30:00+00:00,-1123454,3717.816
46412,2010-02-14T06:45:00+00:00,-1122554,3717.786
46412,2010-02-14T07:00:00+00:00,-1121654,3717.754
46412,2010-02-14T07:15:00+00:00,-1120754,3717.723
46412,2010-02-14T07:30:00+00:00,-1119854,3717.679
46412,2010-02-14T07:45:00+00:00,-1118954,3717.641
46412,2010-02-14T08:00:00+00:00,-1118054,3717.595
46412,2010-02-14T08:15:00+00:00,-1117154,3717.551
46412,2010-02-14T08:30:00+00:00,-1116254,3717.506
46412,2010-02-14T08:45:00+00:00,-1115354,3717.455
46412,2010-02-14T09:00:00+00:00,-1114454,3717.410
46412,2010-02-14T09:15:00+00:00,-1113554,3717.375
46412,2010-02-14T09:30:00+00:00,-1112654,3717.331
46412,2010-02-14T09:45:00+00:00,-1111754,3717.303
46412,2010-02-14T10:00:00+00:00,-1110854,3717.272
46412,2010-02-14T10:15:00+00:00,-1109954,3717.249
46412,2010-02-14T10:30:00+00:00,-1109054,3717.237
46412,2010-02-14T10:45:00+00:00,-1108154,3717.229
46412,2010-02-14T11:00:00+00:00,-1107254,3717.226
46412,2010-02-14T11:15:00+00:00,-1106354,3717.230
46412,2010-02-14T11:30:00+00:00,-1105454,3717.248
46412,2010-02-14T11:45:00+00:00,-1104554,3717.270
46412,2010-02-14T12:00:00+00:00,-1103654,3717.294
46412,2010-02-14T12:15:00+00:00,-1102754,3717.332
46412,2010-02-14T12:30:00+00:00,-1101854,3717.378
46412,2010-02-14T12:45:00+00:00,-1100954,3717.425
46412,2010-02-14T13:00:00+00:00,-1100054,3717.480
46412,2010-02-14T13:15:00+00:00,-1099154,3717.541
46412,2010-02-14T13:30:00+00:00,-1098254,3717.604
46412,2010-02-14T13:45:00+00:00,-1097354,3717.668
46412,2010-02-14T14:00:00+00:00,-1096454,3717.732
46412,2010-02-14T14:15:00+00:00,-1095554,3717.802
46412,2010-02-14T14:30:00+00:00,-1094654,3717.864
46412,2010-02-14T14:45:00+00:00,-1093754,3717.930
46412,2010-02-14T15:00:00+00:00,-1092854,3717.991
46412,2010-02-14T15:15:00+00:00,-1091954,3718.050
46412,2010-02-14T15:30:00+00:00,-1091054,3718.100
46412,2010-02-14T15:45:00+00:00,-1090154,3718.146
46412,2010-02-14T16:00:00+00:00,-1089254,3718.186
46412,2010-02-14T16:15:00+00:00,-1088354,3718.225
46412,2010-02-14T16:30:00+00:00,-1087454,3718.245
46412,2010-02-14T16:45:00+00:00,-1086554,3718.260
46412,2010-02-14T17:00:00+00:00,-1085654,3718.263
46412,2010-02-14T17:15:00+00:00,-1084754,3718.257
46412,2010-02-14T17:30:00+00:00,-1083854,3718.245
46412,2010-02-14T17:45:00+00:00,-1082954,3718.218
46412,2010-02-14T18:00:00+00:00,-1082054,3718.182
46412,2010-02-14T18:15:00+00:00,-1081154,3718.136
46412,2010-02-14T18:30:00+00:00,-1080254,3718.085
46412,2010-02-14T18:45:00+00:00,-1079354,3718.031
46412,2010-02-14T19:00:00+00:00,-1078454,3717.961
46412,2010-02-14T19:15:00+00:00,-1077554,3717.886
46412,2010-02-14T19:30:00+00:00,-1076654,3717.814
46412,2010-02-14T19:45:00+00:00,-1075754,3717.728
46412,2010-02-14T20:00:00+00:00,-1074854,3717.648
46412,2010-02-14T20:15:00+00:00,-1073954,3717.557
46412,2010-02-14T20:30:00+00:00,-1073054,3717.474
46412,2010-02-14T20:45:00+00:00,-1072154,3717.383
46412,2010-02-14T21:00:00+00:00,-1071254,3717.298
46412,2010-02-14T21:15:00+00:00,-1070354,3717.216
46412,2010-02-14T21:30:00+00:00,-1069454,3717.136
46412,2010-02-14T21:45:00+00:00,-1068554,3717.064
46412,2010-02-14T22:00:00+00:00,-1067654,3716.992
46412,2010-02-14T22:15:00+00:00,-1066754,3716.934
46412,2010-02-14T22:30:00+00:00,-1065854,3716.878
46412,2010-02-14T22:45:00+00:00,-1064954,3716.835
46412,2010-02-14T23:00:00+00:00,-1064054,3716.799
46412,2010-02-14T23:15:00+00:00,-1063154,3716.776
46412,2010-02-14T23:30:00+00:00,-1062254,3716.759
46412,2010-02-14T23:45:00+00:00,-1061354,3716.756
46412,2010-02-15T00:00:00+00:00,-1060454,3716.760
46412,2010-02-15T00:15:00+00:00,-1059554,3716.777
46412,2010-02-15T00:30:00+00:00,-1058654,3716.798
46412,2010-02-15T00:45:00+00:00,-1057754,3716.825
46412,2010-02-15T01:00:00+00:00,-1056854,3716.865
46412,2010-02-15T01:15:00+00:00,-1055954,3716.916
46412,2010-02-15T01:30:00+00:00,-1055054,3716.966
46412,2010-02-15T01:45:00+00:00,-1054154,3717.031
46412,2010-02-15T02:00:00+00:00,-1053254,3717.096
46412,2010-02-15T02:15:00+00:00,-1052354,3717.162
46412,2010-02-15T02:30:00+00:00,-1051454,3717.235
46412,2010-02-15T02:45:00+00:00,-1050554,3717.302
46412,2010-02-15T03:00:00+00:00,-1049654,3717.378
46412,2010-02-15T03:15:00+00:00,-1048754,3717.451
46412,2010-02-15T03:30:00+00:00,-1047854,3717.522
46412,2010-02-15T03:45:00+00:00,-1046954,3717.590
46412,2010-02-15T04:00:00+00:00,-1046054,3717.652
46412,2010-02-15T04:15:00+00:00,-1045154,3717.708
46412,2010-02-15T04:30:00+00:00,-1044254,3717.761
46412,2010-02-15T04:45:00+00:00,-1043354,3717.806
46412,2010-02-15T05:00:00+00:00,-1042454,3717.842
46412,2010-02-15T05:15:00+00:00,-1041554,3717.876
46412,2010-02-15T05:30:00+00:00,-1040654,3717.900
46412,2010-02-15T05:45:00+00:00,-1039754,3717.913
46412,2010-02-15T06:00:00+00:00,-1038854,3717.921
46412,2010-02-15T06:15:00+00:00,-1037954,3717.916
46412,2010-02-15T06:30:00+00:00,-1037054,3717.910
46412,2010-02-15T06:45:00+00:00,-1036154,3717.896
46412,2010-02-15T07:00:00+00:00,-1035254,3717.874
46412,2010-02-15T07:15:00+00:00,-1034354,3717.844
46412,2010-02-15T07:30:00+00:00,-1033454,3717.802
46412,2010-02-15T07:45:00+00:00,-1032554,3717.768
46412,2010-02-15T08:00:00+00:00,-1031654,3717.721
46412,2010-02-15T08:15:00+00:00,-1030754,3717.671
46412,2010-02-15T08:30:00+00:00,-1029854,3717.620
46412,2010-02-15T08:45:00+00:00,-1028954,3717.569
46412,2010-02-15T09:00:00+00:00,-1028054,3717.518
46412,2010-02-15T09:15:00+00:00,-1027154,3717.470
46412,2010-02-15T09:30:00+00:00,-1026254,3717.423
46412,2010-02-15T09:45:00+00:00,-1025354,3717.381
46412,2010-02-15T10:00:00+00:00,-1024454,3717.339
46412,2010-02-15T10:15:00+00:00,-1023554,3717.305
46412,2010-02-15T10:30:00+00:00,-1022654,3717.276
46412,2010-02-15T10:45:00+00:00,-1021754,3717.249
46412,2010-02-15T11:00:00+00:00,-1020854,3717.235
46412,2010-02-15T11:15:00+00:00,-1019954,3717.224
46412,2010-02-15T11:30:00+00:00,-1019054,3717.223
46412,2010-02-15T11:45:00+00:00,-1018154,3717.223
46412,2010-02-15T12:00:00+00:00,-1017254,3717.236
46412,2010-02-15T12:15:00+00:00,-1016354,3717.253
46412,2010-02-15T12:30:00+00:00,-1015454,3717.281
46412,2010-02-15T12:45:00+00:00,-1014554,3717.313
46412,2010-02-15T13:00:00+00:00,-1013654,3717.357
46412,2010-02-15T13:15:00+00:00,-1012754,3717.397
46412,2010-02-15T13:30:00+00:00,-1011854,3717.449
46412,2010-02-15T13:45:00+00:00,-1010954,3717.503
46412,2010-02-15T14:00:00+00:00,-1010054,3717.562
46412,2010-02-15T14:15:00+00:00,-1009154,3717.626
46412,2010-02-15T14:30:00+00:00,-1008254,3717.688
46412,2010-02-15T14:45:00+00:00,-1007354,3717.752
46412,2010-02-15T15:00:00+00:00,-1006454,3717.815
46412,2010-02-15T15:15:00+00:00,-1005554,3717.876
46412,2010-02-15T15:30:00+00:00,-1004654,3717.936
46412,2010-02-15T15:45:00+00:00,-1003754,3717.990
46412,2010-02-15T16:00:00+00:00,-1002854,3718.039
46412,2010-02-15T16:15:00+00:00,-1001954,3718.083
46412,2010-02-15T16:30:00+00:00,-1001054,3718.119
46412,2010-02-15T16:45:00+00:00,-1000154,3718.144
46412,2010-02-15T17:00:00+00:00,-999254,3718.166
46412,2010-02-15T17:15:00+00:00,-998354,3718.176
46412,2010-02-15T17:30:00+00:00,-997454,3718.178
46412,2010-02-15T17:45:00+00:00,-996554,3718.177
46412,2010-02-15T18:00:00+00:00,-995654,3718.164
46412,2010-02-15T18:15:00+00:00,-994754,3718.142
46412,2010-02-15T18:30:00+00:00,-993854,3718.111
46412,2010-02-15T18:45:00+00:00,-992954,3718.070
46412,2010-02-15T19:00:00+00:00,-992054,3718.020
46412,2010-02-15T19:15:00+00:00,-991154,3717.964
46412,2010-02-15T19:30:00+00:00,-990254,3717.900
46412,2010-02-15T19:45:00+00:00,-989354,3717.834
46412,2010-02-15T20:00:00+00:00,-988454,3717.763
46412,2010-02-15T20:15:00+00:00,-987554,3717.686
46412,2010-02-15T20:30:00+00:00,-986654,3717.610
46412,2010-02-15T20:45:00+00:00,-985754,3717.529
46412,2010-02-15T21:00:00+00:00,-984854,3717.453
46412,2010-02-15T21:15:00+00:00,-983954,3717.369
46412,2010-02-15T21:30:00+00:00,-983054,3717.294
46412,2010-02-15T21:45:00+00:00,-982154,3717.219
46412,2010-02-15T22:00:00+00:00,-981254,3717.150
46412,2010-02-15T22:15:00+00:00,-980354,3717.086
46412,2010-02-15T22:30:00+00:00,-979454,3717.028
46412,2010-02-15T22:45:00+00:00,-978554,3716.979
46412,2010-02-15T23:00:00+00:00,-977654,3716.933
46412,2010-02-15T23:15:00+00:00,-976754,3716.901
46412,2010-02-15T23:30:00+00:00,-975854,3716.871
46412,2010-02-15T23:45:00+00:00,-974954,3716.852
46412,2010-02-16T00:00:00+00:00,-974054,3716.846
46412,2010-02-16T00:15:00+00:00,-973154,3716.846
46412,2010-02-16T00:30:00+00:00,-972254,3716.853
46412,2010-02-16T00:45:00+00:00,-971354,3716.868
46412,2010-02-16T01:00:00+00:00,-970454,3716.898
46412,2010-02-16T01:15:00+00:00,-969554,3716.930
46412,2010-02-16T01:30:00+00:00,-968654,3716.972
46412,2010-02-16T01:45:00+00:00,-967754,3717.025
46412,2010-02-16T02:00:00+00:00,-966854,3717.081
46412,2010-02-16T02:15:00+00:00,-965954,3717.145
46412,2010-02-16T02:30:00+00:00,-965054,3717.209
46412,2010-02-16T02:45:00+00:00,-964154,3717.273
46412,2010-02-16T03:00:00+00:00,-963254,3717.342
46412,2010-02-16T03:15:00+00:00,-962354,3717.414
46412,2010-02-16T03:30:00+00:00,-961454,3717.484
46412,2010-02-16T03:45:00+00:00,-960554,3717.549
46412,2010-02-16T04:00:00+00:00,-959654,3717.613
46412,2010-02-16T04:15:00+00:00,-958754,3717.678
46412,2010-02-16T04:30:00+00:00,-957854,3717.734
46412,2010-02-16T04:45:00+00:00,-956954,3717.787
46412,2010-02-16T05:00:00+00:00,-956054,3717.832
46412,2010-02-16T05:15:00+00:00,-955154,3717.875
46412,2010-02-16T05:30:00+00:00,-954254,3717.906
46412,2010-02-16T05:45:00+00:00,-953354,3717.936
46412,2010-02-16T06:00:00+00:00,-952454,3717.953
46412,2010-02-16T06:15:00+00:00,-951554,3717.960
46412,2010-02-16T06:30:00+00:00,-950654,3717.963
46412,2010-02-16T06:45:00+00:00,-949754,3717.960
46412,2010-02-16T07:00:00+00:00,-948854,3717.944
46412,2010-02-16T07:15:00+00:00,-947954,3717.921
46412,2010-02-16T07:30:00+00:00,-947054,3717.896
46412,2010-02-16T07:45:00+00:00,-946154,3717.863
46412,2010-02-16T08:00:00+00:00,-945254,3717.823
46412,2010-02-16T08:15:00+00:00,-944354,3717.778
46412,2010-02-16T08:30:00+00:00,-943454,3717.733
46412,2010-02-16T08:45:00+00:00,-942554,3717.682
46412,2010-02-16T09:00:00+00:00,-941654,3717.626
46412,2010-02-16T09:15:00+00:00,-940754,3717.574
46412,2010-02-16T09:30:00+00:00,-939854,3717.515
46412,2010-02-16T09:45:00+00:00,-938954,3717.465
46412,2010-02-16T10:00:00+00:00,-938054,3717.415
46412,2010-02-16T10:15:00+00:00,-937154,3717.372
46412,2010-02-16T10:30:00+00:00,-936254,3717.330
46412,2010-02-16T10:45:00+00:00,-935354,3717.289
46412,2010-02-16T11:00:00+00:00,-934454,3717.258
46412,2010-02-16T11:15:00+00:00,-933554,3717.232
46412,2010-02-16T11:30:00+00:00,-932654,3717.208
46412,2010-02-16T11:45:00+00:00,-931754,3717.197
46412,2010-02-16T12:00:00+00:00,-930854,3717.187
46412,2010-02-16T12:15:00+00:00,-929954,3717.190
46412,2010-02-16T12:30:00+00:00,-929054,3717.199
46412,2010-02-16T12:45:00+00:00,-928154,3717.216
46412,2010-02-16T13:00:00+00:00,-927254,3717.240
46412,2010-02-16T13:15:00+00:00,-926354,3717.267
46412,2010-02-16T13:30:00+00:00,-925454,3717.302
46412,2010-02-16T13:45:00+00:00,-924554,3717.343
46412,2010-02-16T14:00:00+00:00,-923654,3717.386
46412,2010-02-16T14:15:00+00:00,-922754,3717.437
46412,2010-02-16T14:30:00+00:00,-921854,3717.492
46412,2010-02-16T14:45:00+00:00,-920954,3717.547
46412,2010-02-16T15:00:00+00:00,-920054,3717.608
46412,2010-02-16T15:15:00+00:00,-919154,3717.665
46412,2010-02-16T15:30:00+00:00,-918254,3717.723
46412,2010-02-16T15:45:00+00:00,-917354,3717.781
46412,2010-02-16T16:00:00+00:00,-916454,3717.834
46412,2010-02-16T16:15:00+00:00,-915554,3717.884
46412,2010-02-16T16:30:00+00:00,-914654,3717.926
46412,2010-02-16T16:45:00+00:00,-913754,3717.964
46412,2010-02-16T17:00:00+00:00,-912854,3717.996
46412,2010-02-16T17:15:00+00:00,-911954,3718.023
46412,2010-02-16T17:30:00+00:00,-911054,3718.042
46412,2010-02-16T17:45:00+00:00,-910154,3718.056
46412,2010-02-16T18:00:00+00:00,-909254,3718.059
46412,2010-02-16T18:15:00+00:00,-908354,3718.055
46412,2010-02-16T18:30:00+00:00,-907454,3718.042
46412,2010-02-16T18:45:00+00:00,-906554,3718.026
46412,2010-02-16T19:00:00+00:00,-905654,3717.999
46412,2010-02-16T19:15:00+00:00,-904754,3717.961
46412,2010-02-16T19:30:00+00:00,-903854,3717.917
46412,2010-02-16T19:45:00+00:00,-902954,3717.870
46412,2010-02-16T20:00:00+00:00,-902054,3717.818
46412,2010-02-16T20:15:00+00:00,-901154,3717.760
46412,2010-02-16T20:30:00+00:00,-900254,3717.695
46412,2010-02-16T20:45:00+00:00,-899354,3717.629
46412,2010-02-16T21:00:00+00:00,-898454,3717.561
46412,2010-02-16T21:15:00+00:00,-897554,3717.489
46412,2010-02-16T21:30:00+00:00,-896654,3717.422
46412,2010-02-16T21:45:00+00:00,-895754,3717.351
46412,2010-02-16T22:00:00+00:00,-894854,3717.284
46412,2010-02-16T22:15:00+00:00,-893954,3717.223
46412,2010-02-16T22:30:00+00:00,-893054,3717.166
46412,2010-02-16T22:45:00+00:00,-892154,3717.111
46412,2010-02-16T23:00:00+00:00,-891254,3717.063
46412,2010-02-16T23:15:00+00:00,-890354,3717.025
46412,2010-02-16T23:30:00+00:00,-889454,3716.993
46412,2010-02-16T23:45:00+00:00,-888554,3716.971
46412,2010-02-17T00:00:00+00:00,-887654,3716.955
46412,2010-02-17T00:15:00+00:00,-886754,3716.943
46412,2010-02-17T00:30:00+00:00,-885854,3716.942
46412,2010-02-17T00:45:00+00:00,-884954,3716.951
46412,2010-02-17T01:00:00+00:00,-884054,3716.963
46412,2010-02-17T01:15:00+00:00,-883154,3716.984
46412,2010-02-17T01:30:00+00:00,-882254,3717.017
46412,2010-02-17T01:45:00+00:00,-881354,3717.054
46412,2010-02-17T02:00:00+00:00,-880454,3717.098
46412,2010-02-17T02:15:00+00:00,-879554,3717.147
46412,2010-02-17T02:30:00+00:00,-878654,3717.202
46412,2010-02-17T02:45:00+00:00,-877754,3717.258
46412,2010-02-17T03:00:00+00:00,-876854,3717.326
46412,2010-02-17T03:15:00+00:00,-875954,3717.390
46412,2010-02-17T03:30:00+00:00,-875054,3717.453
46412,2010-02-17T03:45:00+00:00,-874154,3717.519
46412,2010-02-17T04:00:00+00:00,-873254,3717.581
46412,2010-02-17T04:15:00+00:00,-872354,3717.647
46412,2010-02-17T04:30:00+00:00,-871454,3717.707
46412,2010-02-17T04:45:00+00:00,-870554,3717.765
46412,2010-02-17T05:00:00+00:00,-869654,3717.815
46412,2010-02-17T05:15:00+00:00,-868754,3717.863
46412,2010-02-17T05:30:00+00:00,-867854,3717.906
46412,2010-02-17T05:45:00+00:00,-866954,3717.940
46412,2010-02-17T06:00:00+00:00,-866054,3717.968
46412,2010-02-17T06:15:00+00:00,-865154,3717.987
46412,2010-02-17T06:30:00+00:00,-864254,3718.002
46412,2010-02-17T06:45:00+00:00,-863354,3718.010
46412,2010-02-17T07:00:00+00:00,-862454,3718.008
46412,2010-02-17T07:15:00+00:00,-861554,3717.998
46412,2010-02-17T07:30:00+00:00,-860654,3717.986
46412,2010-02-17T07:45:00+00:00,-859754,3717.962
46412,2010-02-17T08:00:00+00:00,-858854,3717.932
46412,2010-02-17T08:15:00+00:00,-857954,3717.895
46412,2010-02-17T08:30:00+00:00,-857054,3717.852
46412,2010-02-17T08:45:00+00:00,-856154,3717.806
46412,2010-02-17T09:00:00+00:00,-855254,3717.760
46412,2010-02-17T09:15:00+00:00,-854354,3717.710
46412,2010-02-17T09:30:00+00:00,-853454,3717.654
46412,2010-02-17T09:45:00+00:00,-852554,3717.597
46412,2010-02-17T10:00:00+00:00,-851654,3717.541
46412,2010-02-17T10:15:00+00:00,-850754,3717.486
46412,2010-02-17T10:30:00+00:00,-849854,3717.434
46412,2010-02-17T10:45:00+00:00,-848954,3717.383
46412,2010-02-17T11:00:00+00:00,-848054,3717.337
46412,2010-02-17T11:15:00+00:00,-847154,3717.295
46412,2010-02-17T11:30:00+00:00,-846254,3717.257
46412,2010-02-17T11:45:00+00:00,-845354,3717.228
46412,2010-02-17T12:00:00+00:00,-844454,3717.206
46412,2010-02-17T12:15:00+00:00,-843554,3717.188
46412,2010-02-17T12:30:00+00:00,-842654,3717.179
46412,2010-02-17T12:45:00+00:00,-841754,3717.177
46412,2010-02-17T13:00:00+00:00,-840854,3717.181
46412,2010-02-17T13:15:00+00:00,-839954,3717.192
46412,2010-02-17T13:30:00+00:00,-839054,3717.208
46412,2010-02-17T13:45:00+00:00,-838154,3717.230
46412,2010-02-17T14:00:00+00:00,-837254,3717.256
46412,2010-02-17T14:15:00+00:00,-836354,3717.290
46412,2010-02-17T14:30:00+00:00,-835454,3717.327
46412,2010-02-17T14:45:00+00:00,-834554,3717.369
46412,2010-02-17T15:00:00+00:00,-833654,3717.414
46412,2010-02-17T15:15:00+00:00,-832754,3717.463
46412,2010-02-17T15:30:00+00:00,-831854,3717.511
46412,2010-02-17T15:45:00+00:00,-830954,3717.560
46412,2010-02-17T16:00:00+00:00,-830054,3717.610
46412,2010-02-17T16:15:00+00:00,-829154,3717.661
46412,2010-02-17T16:30:00+00:00,-828254,3717.706
46412,2010-02-17T16:45:00+00:00,-827354,3717.749
46412,2010-02-17T17:00:00+00:00,-826454,3717.789
46412,2010-02-17T17:15:00+00:00,-825554,3717.825
46412,2010-02-17T17:30:00+00:00,-824654,3717.856
46412,2010-02-17T17:45:00+00:00,-823754,3717.884
46412,2010-02-17T18:00:00+00:00,-822854,3717.900
46412,2010-02-17T18:15:00+00:00,-821954,3717.913
46412,2010-02-17T18:30:00+00:00,-821054,3717.920
46412,2010-02-17T18:45:00+00:00,-820154,3717.917
46412,2010-02-17T19:00:00+00:00,-819254,3717.911
46412,2010-02-17T19:15:00+00:00,-818354,3717.893
46412,2010-02-17T19:30:00+00:00,-817454,3717.870
46412,2010-02-17T19:45:00+00:00,-816554,3717.840
46412,2010-02-17T20:00:00+00:00,-815654,3717.804
46412,2010-02-17T20:15:00+00:00,-814754,3717.764
46412,2010-02-17T20:30:00+00:00,-813854,3717.724
46412,2010-02-17T20:45:00+00:00,-812954,3717.674
46412,2010-02-17T21:00:00+00:00,-812054,3717.626
46412,2010-02-17T21:15:00+00:00,-811154,3717.572
46412,2010-02-17T21:30:00+00:00,-810254,3717.516
46412,2010-02-17T21:45:00+00:00,-809354,3717.463
46412,2010-02-17T22:00:00+00:00,-808454,3717.408
46412,2010-02-17T22:15:00+00:00,-807554,3717.358
46412,2010-02-17T22:30:00+00:00,-806654,3717.306
46412,2010-02-17T22:45:00+00:00,-805754,3717.257
46412,2010-02-17T23:00:00+00:00,-804854,3717.212
46412,2010-02-17T23:15:00+00:00,-803954,3717.172
46412,2010-02-17T23:30:00+00:00,-803054,3717.139
46412,2010-02-17T23:45:00+00:00,-802154,3717.108
46412,2010-02-18T00:00:00+00:00,-801254,3717.084
46412,2010-02-18T00:15:00+00:00,-800354,3717.065
46412,2010-02-18T00:30:00+00:00,-799454,3717.057
46412,2010-02-18T00:45:00+00:00,-798554,3717.055
46412,2010-02-18T01:00:00+00:00,-797654,3717.057
46412,2010-02-18T01:15:00+00:00,-796754,3717.067
46412,2010-02-18T01:30:00+00:00,-795854,3717.088
46412,2010-02-18T01:45:00+00:00,-794954,3717.114
46412,2010-02-18T02:00:00+00:00,-794054,3717.146
46412,2010-02-18T02:15:00+00:00,-793154,3717.183
46412,2010-02-18T02:30:00+00:00,-792254,3717.228
46412,2010-02-18T02:45:00+00:00,-791354,3717.277
46412,2010-02-18T03:00:00+00:00,-790454,3717.324
46412,2010-02-18T03:15:00+00:00,-789554,3717.382
46412,2010-02-18T03:30:00+00:00,-788654,3717.439
46412,2010-02-18T03:45:00+00:00,-787754,3717.500
46412,2010-02-18T04:00:00+00:00,-786854,3717.559
46412,2010-02-18T04:15:00+00:00,-785954,3717.623
46412,2010-02-18T04:30:00+00:00,-785054,3717.684
46412,2010-02-18T04:45:00+00:00,-784154,3717.740
46412,2010-02-18T05:00:00+00:00,-783254,3717.799
46412,2010-02-18T05:15:00+00:00,-782354,3717.852
46412,2010-02-18T05:30:00+00:00,-781454,3717.898
46412,2010-02-18T05:45:00+00:00,-780554,3717.938
46412,2010-02-18T06:00:00+00:00,-779654,3717.972
46412,2010-02-18T06:15:00+00:00,-778754,3718.001
46412,2010-02-18T06:30:00+00:00,-777854,3718.025
46412,2010-02-18T06:45:00+00:00,-776954,3718.042
46412,2010-02-18T07:00:00+00:00,-776054,3718.053
46412,2010-02-18T07:15:00+00:00,-775154,3718.058
46412,2010-02-18T07:30:00+00:00,-774254,3718.055
46412,2010-02-18T07:45:00+00:00,-773354,3718.047
46412,2010-02-18T08:00:00+00:00,-772454,3718.030
46412,2010-02-18T08:15:00+00:00,-771554,3718.005
46412,2010-02-18T08:30:00+00:00,-770654,3717.979
46412,2010-02-18T08:45:00+00:00,-769754,3717.945
46412,2010-02-18T09:00:00+00:00,-768854,3717.908
46412,2010-02-18T09:15:00+00:00,-767954,3717.861
46412,2010-02-18T09:30:00+00:00,-767054,3717.815
46412,2010-02-18T09:45:00+00:00,-766154,3717.764
46412,2010-02-18T10:00:00+00:00,-765254,3717.711
46412,2010-02-18T10:15:00+00:00,-764354,3717.659
46412,2010-02-18T10:30:00+00:00,-763454,3717.606
46412,2010-02-18T10:45:00+00:00,-762554,3717.553
46412,2010-02-18T11:00:00+00:00,-761654,3717.501
46412,2010-02-18T11:15:00+00:00,-760754,3717.450
46412,2010-02-18T11:30:00+00:00,-759854,3717.404
46412,2010-02-18T11:45:00+00:00,-758954,3717.363
46412,2010-02-18T12:00:00+00:00,-758054,3717.324
46412,2010-02-18T12:15:00+00:00,-757154,3717.288
46412,2010-02-18T12:30:00+00:00,-756254,3717.258
46412,2010-02-18T12:45:00+00:00,-755354,3717.234
46412,2010-02-18T13:00:00+00:00,-754454,3717.218
46412,2010-02-18T13:15:00+00:00,-753554,3717.207
46412,2010-02-18T13:30:00+00:00,-752654,3717.200
46412,2010-02-18T13:45:00+00:00,-751754,3717.200
46412,2010-02-18T14:00:00+00:00,-750854,3717.207
46412,2010-02-18T14:15:00+00:00,-749954,3717.219
46412,2010-02-18T14:30:00+00:00,-749054,3717.242
46412,2010-02-18T14:45:00+00:00,-748154,3717.267
46412,2010-02-18T15:00:00+00:00,-747254,3717.295
46412,2010-02-18T15:15:00+00:00,-746354,3717.326
46412,2010-02-18T15:30:00+00:00,-745454,3717.360
46412,2010-02-18T15:45:00+00:00,-744554,3717.397
46412,2010-02-18T16:00:00+00:00,-743654,3717.438
46412,2010-02-18T16:15:00+00:00,-742754,3717.478
46412,2010-02-18T16:30:00+00:00,-741854,3717.514
46412,2010-02-18T16:45:00+00:00,-740954,3717.553
46412,2010-02-18T17:00:00+00:00,-740054,3717.587
46412,2010-02-18T17:15:00+00:00,-739154,3717.622
46412,2010-02-18T17:30:00+00:00,-738254,3717.655
46412,2010-02-18T17:45:00+00:00,-737354,3717.688
46412,2010-02-18T18:00:00+00:00,-736454,3717.716
46412,2010-02-18T18:15:00+00:00,-735554,3717.737
46412,2010-02-18T18:30:00+00:00,-734654,3717.754
46412,2010-02-18T18:45:00+00:00,-733754,3717.766
46412,2010-02-18T19:00:00+00:00,-732854,3717.771
46412,2010-02-18T19:15:00+00:00,-731954,3717.772
46412,2010-02-18T19:30:00+00:00,-731054,3717.768
46412,2010-02-18T19:45:00+00:00,-730154,3717.755
46412,2010-02-18T20:00:00+00:00,-729254,3717.738
46412,2010-02-18T20:15:00+00:00,-728354,3717.715
46412,2010-02-18T20:30:00+00:00,-727454,3717.689
46412,2010-02-18T20:45:00+00:00,-726554,3717.660
46412,2010-02-18T21:00:00+00:00,-725654,3717.627
46412,2010-02-18T21:15:00+00:00,-724754,3717.593
46412,2010-02-18T21:30:00+00:00,-723854,3717.558
46412,2010-02-18T21:45:00+00:00,-722954,3717.519
46412,2010-02-18T22:00:00+00:00,-722054,3717.482
46412,2010-02-18T22:15:00+00:00,-721154,3717.442
46412,2010-02-18T22:30:00+00:00,-720254,3717.401
46412,2010-02-18T22:45:00+00:00,-719354,3717.359
46412,2010-02-18T23:00:00+00:00,-718454,3717.323
46412,2010-02-18T23:15:00+00:00,-717554,3717.285
46412,2010-02-18T23:30:00+00:00,-716654,3717.254
46412,2010-02-18T23:45:00+00:00,-715754,3717.227
46412,2010-02-19T00:00:00+00:00,-714854,3717.203
46412,2010-02-19T00:15:00+00:00,-713954,3717.183
46412,2010-02-19T00:30:00+00:00,-713054,3717.168
46412,2010-02-19T00:45:00+00:00,-712154,3717.163
46412,2010-02-19T01:00:00+00:00,-711254,3717.161
46412,2010-02-19T01:15:00+00:00,-710354,3717.165
46412,2010-02-19T01:30:00+00:00,-709454,3717.176
46412,2010-02-19T01:45:00+00:00,-708554,3717.189
46412,2010-02-19T02:00:00+00:00,-707654,3717.213
46412,2010-02-19T02:15:00+00:00,-706754,3717.237
46412,2010-02-19T02:30:00+00:00,-705854,3717.268
46412,2010-02-19T02:45:00+00:00,-704954,3717.304
46412,2010-02-19T03:00:00+00:00,-704054,3717.345
46412,2010-02-19T03:15:00+00:00,-703154,3717.391
46412,2010-02-19T03:30:00+00:00,-702254,3717.438
46412,2010-02-19T03:45:00+00:00,-701354,3717.486
46412,2010-02-19T04:00:00+00:00,-700454,3717.534
46412,2010-02-19T04:15:00+00:00,-699554,3717.588
46412,2010-02-19T04:30:00+00:00,-698654,3717.642
46412,2010-02-19T04:45:00+00:00,-697754,3717.696
46412,2010-02-19T05:00:00+00:00,-696854,3717.749
46412,2010-02-19T05:15:00+00:00,-695954,3717.800
46412,2010-02-19T05:30:00+00:00,-695054,3717.844
46412,2010-02-19T05:45:00+00:00,-694154,3717.889
46412,2010-02-19T06:00:00+00:00,-693254,3717.928
46412,2010-02-19T06:15:00+00:00,-692354,3717.965
46412,2010-02-19T06:30:00+00:00,-691454,3717.996
46412,2010-02-19T06:45:00+00:00,-690554,3718.025
46412,2010-02-19T07:00:00+00:00,-689654,3718.047
46412,2010-02-19T07:15:00+00:00,-688754,3718.066
46412,2010-02-19T07:30:00+00:00,-687854,3718.078
46412,2010-02-19T07:45:00+00:00,-686954,3718.081
46412,2010-02-19T08:00:00+00:00,-686054,3718.078
46412,2010-02-19T08:15:00+00:00,-685154,3718.066
46412,2010-02-19T08:30:00+00:00,-684254,3718.054
46412,2010-02-19T08:45:00+00:00,-683354,3718.034
46412,2010-02-19T09:00:00+00:00,-682454,3718.009
46412,2010-02-19T09:15:00+00:00,-681554,3717.980
46412,2010-02-19T09:30:00+00:00,-680654,3717.942
46412,2010-02-19T09:45:00+00:00,-679754,3717.902
46412,2010-02-19T10:00:00+00:00,-678854,3717.859
46412,2010-02-19T10:15:00+00:00,-677954,3717.813
46412,2010-02-19T10:30:00+00:00,-677054,3717.760
46412,2010-02-19T10:45:00+00:00,-676154,3717.708
46412,2010-02-19T11:00:00+00:00,-675254,3717.656
46412,2010-02-19T11:15:00+00:00,-674354,3717.605
46412,2010-02-19T11:30:00+00:00,-673454,3717.555
46412,2010-02-19T11:45:00+00:00,-672554,3717.504
46412,2010-02-19T12:00:00+00:00,-671654,3717.457
46412,2010-02-19T12:15:00+00:00,-670754,3717.409
46412,2010-02-19T12:30:00+00:00,-669854,3717.370
46412,2010-02-19T12:45:00+00:00,-668954,3717.330
46412,2010-02-19T13:00:00+00:00,-668054,3717.299
46412,2010-02-19T13:15:00+00:00,-667154,3717.270
46412,2010-02-19T13:30:00+00:00,-666254,3717.246
46412,2010-02-19T13:45:00+00:00,-665354,3717.228
46412,2010-02-19T14:00:00+00:00,-664454,3717.214
46412,2010-02-19T14:15:00+00:00,-663554,3717.206
46412,2010-02-19T14:30:00+00:00,-662654,3717.203
46412,2010-02-19T14:45:00+00:00,-661754,3717.203
46412,2010-02-19T15:00:00+00:00,-660854,3717.209
46412,2010-02-19T15:15:00+00:00,-659954,3717.219
46412,2010-02-19T15:30:00+00:00,-659054,3717.235
46412,2010-02-19T15:45:00+00:00,-658154,3717.252
46412,2010-02-19T16:00:00+00:00,-657254,3717.275
46412,2010-02-19T16:15:00+00:00,-656354,3717.299
46412,2010-02-19T16:30:00+00:00,-655454,3717.328
46412,2010-02-19T16:45:00+00:00,-654554,3717.354
46412,2010-02-19T17:00:00+00:00,-653654,3717.380
46412,2010-02-19T17:15:00+00:00,-652754,3717.408
46412,2010-02-19T17:30:00+00:00,-651854,3717.437
46412,2010-02-19T17:45:00+00:00,-650954,3717.468
46412,2010-02-19T18:00:00+00:00,-650054,3717.494
46412,2010-02-19T18:15:00+00:00,-649154,3717.516
46412,2010-02-19T18:30:00+00:00,-648254,3717.536
46412,2010-02-19T18:45:00+00:00,-647354,3717.553
46412,2010-02-19T19:00:00+00:00,-646454,3717.570
46412,2010-02-19T19:15:00+00:00,-645554,3717.584
46412,2010-02-19T19:30:00+00:00,-644654,3717.592
46412,2010-02-19T19:45:00+00:00,-643754,3717.596
46412,2010-02-19T20:00:00+00:00,-642854,3717.598
46412,2010-02-19T20:15:00+00:00,-641954,3717.594
46412,2010-02-19T20:30:00+00:00,-641054,3717.590
46412,2010-02-19T20:45:00+00:00,-640154,3717.582
46412,2010-02-19T21:00:00+00:00,-639254,3717.569
46412,2010-02-19T21:15:00+00:00,-638354,3717.551
46412,2010-02-19T21:30:00+00:00,-637454,3717.534
46412,2010-02-19T21:45:00+00:00,-636554,3717.514
46412,2010-02-19T22:00:00+00:00,-635654,3717.494
46412,2010-02-19T22:15:00+00:00,-634754,3717.474
46412,2010-02-19T22:30:00+00:00,-633854,3717.453
46412,2010-02-19T22:45:00+00:00,-632954,3717.429
46412,2010-02-19T23:00:00+00:00,-632054,3717.405
46412,2010-02-19T23:15:00+00:00,-631154,3717.382
46412,2010-02-19T23:30:00+00:00,-630254,3717.362
46412,2010-02-19T23:45:00+00:00,-629354,3717.342
46412,2010-02-20T00:00:00+00:00,-628454,3717.327
46412,2010-02-20T00:15:00+00:00,-627554,3717.310
46412,2010-02-20T00:30:00+00:00,-626654,3717.297
46412,2010-02-20T00:45:00+00:00,-625754,3717.287
46412,2010-02-20T01:00:00+00:00,-624854,3717.281
46412,2010-02-20T01:15:00+00:00,-623954,3717.280
46412,2010-02-20T01:30:00+00:00,-623054,3717.282
46412,2010-02-20T01:45:00+00:00,-622154,3717.291
46412,2010-02-20T02:00:00+00:00,-621254,3717.301
46412,2010-02-20T02:15:00+00:00,-620354,3717.317
46412,2010-02-20T02:30:00+00:00,-619454,3717.336
46412,2010-02-20T02:45:00+00:00,-618554,3717.359
46412,2010-02-20T03:00:00+00:00,-617654,3717.386
46412,2010-02-20T03:15:00+00:00,-616754,3717.414
46412,2010-02-20T03:30:00+00:00,-615854,3717.448
46412,2010-02-20T03:45:00+00:00,-614954,3717.486
46412,2010-02-20T04:00:00+00:00,-614054,3717.525
46412,2010-02-20T04:15:00+00:00,-613154,3717.567
46412,2010-02-20T04:30:00+00:00,-612254,3717.611
46412,2010-02-20T04:45:00+00:00,-611354,3717.658
46412,2010-02-20T05:00:00+00:00,-610454,3717.704
46412,2010-02-20T05:15:00+00:00,-609554,3717.747
46412,2010-02-20T05:30:00+00:00,-608654,3717.791
46412,2010-02-20T05:45:00+00:00,-607754,3717.835
46412,2010-02-20T06:00:00+00:00,-606854,3717.876
46412,2010-02-20T06:15:00+00:00,-605954,3717.914
46412,2010-02-20T06:30:00+00:00,-605054,3717.949
46412,2010-02-20T06:45:00+00:00,-604154,3717.983
46412,2010-02-20T07:00:00+00:00,-603254,3718.013
46412,2010-02-20T07:15:00+00:00,-602354,3718.039
46412,2010-02-20T07:30:00+00:00,-601454,3718.060
46412,2010-02-20T07:45:00+00:00,-600554,3718.077
46412,2010-02-20T08:00:00+00:00,-599654,3718.088
46412,2010-02-20T08:15:00+00:00,-598754,3718.095
46412,2010-02-20T08:30:00+00:00,-597854,3718.096
46412,2010-02-20T08:45:00+00:00,-596954,3718.095
46412,2010-02-20T09:00:00+00:00,-596054,3718.085
46412,2010-02-20T09:15:00+00:00,-595154,3718.069
46412,2010-02-20T09:30:00+00:00,-594254,3718.047
46412,2010-02-20T09:45:00+00:00,-593354,3718.022
46412,2010-02-20T10:00:00+00:00,-592454,3717.993
46412,2010-02-20T10:15:00+00:00,-591554,3717.961
46412,2010-02-20T10:30:00+00:00,-590654,3717.924
46412,2010-02-20T10:45:00+00:00,-589754,3717.883
46412,2010-02-20T11:00:00+00:00,-588854,3717.839
46412,2010-02-20T11:15:00+00:00,-587954,3717.796
46412,2010-02-20T11:30:00+00:00,-587054,3717.750
46412,2010-02-20T11:45:00+00:00,-586154,3717.702
46412,2010-02-20T12:00:00+00:00,-585254,3717.654
46412,2010-02-20T12:15:00+00:00,-584354,3717.604
46412,2010-02-20T12:30:00+00:00,-583454,3717.557
46412,2010-02-20T12:45:00+00:00,-582554,3717.509
46412,2010-02-20T13:00:00+00:00,-581654,3717.466
46412,2010-02-20T13:15:00+00:00,-580754,3717.422
46412,2010-02-20T13:30:00+00:00,-579854,3717.384
46412,2010-02-20T13:45:00+00:00,-578954,3717.344
46412,2010-02-20T14:00:00+00:00,-578054,3717.311
46412,2010-02-20T14:15:00+00:00,-577154,3717.283
46412,2010-02-20T14:30:00+00:00,-576254,3717.254
46412,2010-02-20T14:45:00+00:00,-575354,3717.233
46412,2010-02-20T15:00:00+00:00,-574454,3717.217
46412,2010-02-20T15:15:00+00:00,-573554,3717.203
46412,2010-02-20T15:30:00+00:00,-572654,3717.196
46412,2010-02-20T15:45:00+00:00,-571754,3717.192
46412,2010-02-20T16:00:00+00:00,-570854,3717.187
46412,2010-02-20T16:15:00+00:00,-569954,3717.189
46412,2010-02-20T16:30:00+00:00,-569054,3717.193
46412,2010-02-20T16:45:00+00:00,-568154,3717.200
46412,2010-02-20T17:00:00+00:00,-567254,3717.213
46412,2010-02-20T17:15:00+00:00,-566354,3717.223
46412,2010-02-20T17:30:00+00:00,-565454,3717.238
46412,2010-02-20T17:45:00+00:00,-564554,3717.255
46412,2010-02-20T18:00:00+00:00,-563654,3717.272
46412,2010-02-20T18:15:00+00:00,-562754,3717.290
46412,2010-02-20T18:30:00+00:00,-561854,3717.308
46412,2010-02-20T18:45:00+00:00,-560954,3717.331
46412,2010-02-20T19:00:00+00:00,-560054,3717.346
46412,2010-02-20T19:15:00+00:00,-559154,3717.362
46412,2010-02-20T19:30:00+00:00,-558254,3717.377
46412,2010-02-20T19:45:00+00:00,-557354,3717.393
46412,2010-02-20T20:00:00+00:00,-556454,3717.406
46412,2010-02-20T20:15:00+00:00,-555554,3717.416
46412,2010-02-20T20:30:00+00:00,-554654,3717.425
46412,2010-02-20T20:45:00+00:00,-553754,3717.433
46412,2010-02-20T21:00:00+00:00,-552854,3717.439
46412,2010-02-20T21:15:00+00:00,-551954,3717.443
46412,2010-02-20T21:30:00+00:00,-551054,3717.447
46412,2010-02-20T21:45:00+00:00,-550154,3717.451
46412,2010-02-20T22:00:00+00:00,-549254,3717.450
46412,2010-02-20T22:15:00+00:00,-548354,3717.449
46412,2010-02-20T22:30:00+00:00,-547454,3717.446
46412,2010-02-20T22:45:00+00:00,-546554,3717.439
46412,2010-02-20T23:00:00+00:00,-545654,3717.435
46412,2010-02-20T23:15:00+00:00,-544754,3717.430
46412,2010-02-20T23:30:00+00:00,-543854,3717.422
46412,2010-02-20T23:45:00+00:00,-542954,3717.414
46412,2010-02-21T00:00:00+00:00,-542054,3717.407
46412,2010-02-21T00:15:00+00:00,-541154,3717.400
46412,2010-02-21T00:30:00+00:00,-540254,3717.397
46412,2010-02-21T00:45:00+00:00,-539354,3717.394
46412,2010-02-21T01:00:00+00:00,-538454,3717.394
46412,2010-02-21T01:15:00+00:00,-537554,3717.392
46412,2010-02-21T01:30:00+00:00,-536654,3717.394
46412,2010-02-21T01:45:00+00:00,-535754,3717.398
46412,2010-02-21T02:00:00+00:00,-534854,3717.405
46412,2010-02-21T02:15:00+00:00,-533954,3717.414
46412,2010-02-21T02:30:00+00:00,-533054,3717.422
46412,2010-02-21T02:45:00+00:00,-532154,3717.432
46412,2010-02-21T03:00:00+00:00,-531254,3717.448
46412,2010-02-21T03:15:00+00:00,-530354,3717.467
46412,2010-02-21T03:30:00+00:00,-529454,3717.487
46412,2010-02-21T03:45:00+00:00,-528554,3717.507
46412,2010-02-21T04:00:00+00:00,-527654,3717.532
46412,2010-02-21T04:15:00+00:00,-526754,3717.560
46412,2010-02-21T04:30:00+00:00,-525854,3717.591
46412,2010-02-21T04:45:00+00:00,-524954,3717.622
46412,2010-02-21T05:00:00+00:00,-524054,3717.657
46412,2010-02-21T05:15:00+00:00,-523154,3717.689
46412,2010-02-21T05:30:00+00:00,-522254,3717.725
46412,2010-02-21T05:45:00+00:00,-521354,3717.761
46412,2010-02-21T06:00:00+00:00,-520454,3717.795
46412,2010-02-21T06:15:00+00:00,-519554,3717.832
46412,2010-02-21T06:30:00+00:00,-518654,3717.868
46412,2010-02-21T06:45:00+00:00,-517754,3717.904
46412,2010-02-21T07:00:00+00:00,-516854,3717.932
46412,2010-02-21T07:15:00+00:00,-515954,3717.959
46412,2010-02-21T07:30:00+00:00,-515054,3717.991
46412,2010-02-21T07:45:00+00:00,-514154,3718.018
46412,2010-02-21T08:00:00+00:00,-513254,3718.044
46412,2010-02-21T08:15:00+00:00,-512354,3718.065
46412,2010-02-21T08:30:00+00:00,-511454,3718.082
46412,2010-02-21T08:45:00+00:00,-510554,3718.098
46412,2010-02-21T09:00:00+00:00,-509654,3718.110
46412,2010-02-21T09:15:00+00:00,-508754,3718.118
46412,2010-02-21T09:30:00+00:00,-507854,3718.119
46412,2010-02-21T09:45:00+00:00,-506954,3718.115
46412,2010-02-21T10:00:00+00:00,-506054,3718.107
46412,2010-02-21T10:15:00+00:00,-505154,3718.092
46412,2010-02-21T10:30:00+00:00,-504254,3718.072
46412,2010-02-21T10:45:00+00:00,-503354,3718.048
46412,2010-02-21T11:00:00+00:00,-502454,3718.020
46412,2010-02-21T11:15:00+00:00,-501554,3717.988
46412,2010-02-21T11:30:00+00:00,-500654,3717.952
46412,2010-02-21T11:45:00+00:00,-499754,3717.916
46412,2010-02-21T12:00:00+00:00,-498854,3717.876
46412,2010-02-21T12:15:00+00:00,-497954,3717.833
46412,2010-02-21T12:30:00+00:00,-497054,3717.787
46412,2010-02-21T12:45:00+00:00,-496154,3717.742
46412,2010-02-21T13:00:00+00:00,-495254,3717.693
46412,2010-02-21T13:15:00+00:00,-494354,3717.650
46412,2010-02-21T13:30:00+00:00,-493454,3717.604
46412,2010-02-21T13:45:00+00:00,-492554,3717.557
46412,2010-02-21T14:00:00+00:00,-491654,3717.510
46412,2010-02-21T14:15:00+00:00,-490754,3717.465
46412,2010-02-21T14:30:00+00:00,-489854,3717.419
46412,2010-02-21T14:45:00+00:00,-488954,3717.379
46412,2010-02-21T15:00:00+00:00,-488054,3717.340
46412,2010-02-21T15:15:00+00:00,-487154,3717.302
46412,2010-02-21T15:30:00+00:00,-486254,3717.271
46412,2010-02-21T15:45:00+00:00,-485354,3717.242
46412,2010-02-21T16:00:00+00:00,-484454,3717.214
46412,2010-02-21T16:15:00+00:00,-483554,3717.192
46412,2010-02-21T16:30:00+00:00,-482654,3717.171
46412,2010-02-21T16:45:00+00:00,-481754,3717.151
46412,2010-02-21T17:00:00+00:00,-480854,3717.138
46412,2010-02-21T17:15:00+00:00,-479954,3717.126
46412,2010-02-21T17:30:00+00:00,-479054,3717.119
46412,2010-02-21T17:45:00+00:00,-478154,3717.115
46412,2010-02-21T18:00:00+00:00,-477254,3717.115
46412,2010-02-21T18:15:00+00:00,-476354,3717.117
46412,2010-02-21T18:30:00+00:00,-475454,3717.122
46412,2010-02-21T18:45:00+00:00,-474554,3717.130
46412,2010-02-21T19:00:00+00:00,-473654,3717.138
46412,2010-02-21T19:15:00+00:00,-472754,3717.151
46412,2010-02-21T19:30:00+00:00,-471854,3717.164
46412,2010-02-21T19:45:00+00:00,-470954,3717.179
46412,2010-02-21T20:00:00+00:00,-470054,3717.196
46412,2010-02-21T20:15:00+00:00,-469154,3717.211
46412,2010-02-21T20:30:00+00:00,-468254,3717.228
46412,2010-02-21T20:45:00+00:00,-467354,3717.245
46412,2010-02-21T21:00:00+00:00,-466454,3717.267
46412,2010-02-21T21:15:00+00:00,-465554,3717.287
46412,2010-02-21T21:30:00+00:00,-464654,3717.307
46412,2010-02-21T21:45:00+00:00,-463754,3717.325
46412,2010-02-21T22:00:00+00:00,-462854,3717.343
46412,2010-02-21T22:15:00+00:00,-461954,3717.359
46412,2010-02-21T22:30:00+00:00,-461054,3717.377
46412,2010-02-21T22:45:00+00:00,-460154,3717.392
46412,2010-02-21T23:00:00+00:00,-459254,3717.407
46412,2010-02-21T23:15:00+00:00,-458354,3717.417
46412,2010-02-21T23:30:00+00:00,-457454,3717.432
46412,2010-02-21T23:45:00+00:00,-456554,3717.442
46412,2010-02-22T00:00:00+00:00,-455654,3717.450
46412,2010-02-22T00:15:00+00:00,-454754,3717.456
46412,2010-02-22T00:30:00+00:00,-453854,3717.464
46412,2010-02-22T00:45:00+00:00,-452954,3717.469
46412,2010-02-22T01:00:00+00:00,-452054,3717.478
46412,2010-02-22T01:15:00+00:00,-451154,3717.485
46412,2010-02-22T01:30:00+00:00,-450254,3717.489
46412,2010-02-22T01:45:00+00:00,-449354,3717.495
46412,2010-02-22T02:00:00+00:00,-448454,3717.502
46412,2010-02-22T02:15:00+00:00,-447554,3717.508
46412,2010-02-22T02:30:00+00:00,-446654,3717.515
46412,2010-02-22T02:45:00+00:00,-445754,3717.519
46412,2010-02-22T03:00:00+00:00,-444854,3717.528
46412,2010-02-22T03:15:00+00:00,-443954,3717.536
46412,2010-02-22T03:30:00+00:00,-443054,3717.545
46412,2010-02-22T03:45:00+00:00,-442154,3717.554
46412,2010-02-22T04:00:00+00:00,-441254,3717.563
46412,2010-02-22T04:15:00+00:00,-440354,3717.575
46412,2010-02-22T04:30:00+00:00,-439454,3717.588
46412,2010-02-22T04:45:00+00:00,-438554,3717.608
46412,2010-02-22T05:00:00+00:00,-437654,3717.627
46412,2010-02-22T05:15:00+00:00,-436754,3717.649
46412,2010-02-22T05:30:00+00:00,-435854,3717.672
46412,2010-02-22T05:45:00+00:00,-434954,3717.697
46412,2010-02-22T06:00:00+00:00,-434054,3717.721
46412,2010-02-22T06:15:00+00:00,-433154,3717.749
46412,2010-02-22T06:30:00+00:00,-432254,3717.774
46412,2010-02-22T06:45:00+00:00,-431354,3717.805
46412,2010-02-22T07:00:00+00:00,-430454,3717.836
46412,2010-02-22T07:15:00+00:00,-429554,3717.865
46412,2010-02-22T07:30:00+00:00,-428654,3717.893
46412,2010-02-22T07:45:00+00:00,-427754,3717.921
46412,2010-02-22T08:00:00+00:00,-426854,3717.950
46412,2010-02-22T08:15:00+00:00,-425954,3717.979
46412,2010-02-22T08:30:00+00:00,-425054,3718.010
46412,2010-02-22T08:45:00+00:00,-424154,3718.038
46412,2010-02-22T09:00:00+00:00,-423254,3718.063
46412,2010-02-22T09:15:00+00:00,-422354,3718.086
46412,2010-02-22T09:30:00+00:00,-421454,3718.109
46412,2010-02-22T09:45:00+00:00,-420554,3718.125
46412,2010-02-22T10:00:00+00:00,-419654,3718.137
46412,2010-02-22T10:15:00+00:00,-418754,3718.147
46412,2010-02-22T10:30:00+00:00,-417854,3718.151
46412,2010-02-22T10:45:00+00:00,-416954,3718.154
46412,2010-02-22T11:00:00+00:00,-416054,3718.149
46412,2010-02-22T11:15:00+00:00,-415154,3718.140
46412,2010-02-22T11:30:00+00:00,-414254,3718.124
46412,2010-02-22T11:45:00+00:00,-413354,3718.106
46412,2010-02-22T12:00:00+00:00,-412454,3718.082
46412,2010-02-22T12:15:00+00:00,-411554,3718.056
46412,2010-02-22T12:30:00+00:00,-410654,3718.024
46412,2010-02-22T12:45:00+00:00,-409754,3717.991
46412,2010-02-22T13:00:00+00:00,-408854,3717.950
46412,2010-02-22T13:15:00+00:00,-407954,3717.907
46412,2010-02-22T13:30:00+00:00,-407054,3717.864
46412,2010-02-22T13:45:00+00:00,-406154,3717.817
46412,2010-02-22T14:00:00+00:00,-405254,3717.766
46412,2010-02-22T14:15:00+00:00,-404354,3717.715
46412,2010-02-22T14:30:00+00:00,-403454,3717.661
46412,2010-02-22T14:45:00+00:00,-402554,3717.607
46412,2010-02-22T15:00:00+00:00,-401654,3717.551
46412,2010-02-22T15:15:00+00:00,-400754,3717.497
46412,2010-02-22T15:30:00+00:00,-399854,3717.443
46412,2010-02-22T15:45:00+00:00,-398954,3717.389
46412,2010-02-22T16:00:00+00:00,-398054,3717.334
46412,2010-02-22T16:15:00+00:00,-397154,3717.283
46412,2010-02-22T16:30:00+00:00,-396254,3717.233
46412,2010-02-22T16:45:00+00:00,-395354,3717.185
46412,2010-02-22T17:00:00+00:00,-394454,3717.140
46412,2010-02-22T17:15:00+00:00,-393554,3717.101
46412,2010-02-22T17:30:00+00:00,-392654,3717.069
46412,2010-02-22T17:45:00+00:00,-391754,3717.041
46412,2010-02-22T18:00:00+00:00,-390854,3717.014
46412,2010-02-22T18:15:00+00:00,-389954,3716.993
46412,2010-02-22T18:30:00+00:00,-389054,3716.975
46412,2010-02-22T18:45:00+00:00,-388154,3716.964
46412,2010-02-22T19:00:00+00:00,-387254,3716.954
46412,2010-02-22T19:15:00+00:00,-386354,3716.950
46412,2010-02-22T19:30:00+00:00,-385454,3716.946
46412,2010-02-22T19:45:00+00:00,-384554,3716.949
46412,2010-02-22T20:00:00+00:00,-383654,3716.957
46412,2010-02-22T20:15:00+00:00,-382754,3716.969
46412,2010-02-22T20:30:00+00:00,-381854,3716.983
46412,2010-02-22T20:45:00+00:00,-380954,3717.005
46412,2010-02-22T21:00:00+00:00,-380054,3717.029
46412,2010-02-22T21:15:00+00:00,-379154,3717.057
46412,2010-02-22T21:30:00+00:00,-378254,3717.085
46412,2010-02-22T21:45:00+00:00,-377354,3717.116
46412,2010-02-22T22:00:00+00:00,-376454,3717.147
46412,2010-02-22T22:15:00+00:00,-375554,3717.183
46412,2010-02-22T22:30:00+00:00,-374654,3717.218
46412,2010-02-22T22:45:00+00:00,-373754,3717.251
46412,2010-02-22T23:00:00+00:00,-372854,3717.284
46412,2010-02-22T23:15:00+00:00,-371954,3717.318
46412,2010-02-22T23:30:00+00:00,-371054,3717.353
46412,2010-02-22T23:45:00+00:00,-370154,3717.388
46412,2010-02-23T00:00:00+00:00,-369254,3717.418
46412,2010-02-23T00:15:00+00:00,-368354,3717.444
46412,2010-02-23T00:30:00+00:00,-367454,3717.471
46412,2010-02-23T00:45:00+00:00,-366554,3717.493
46412,2010-02-23T01:00:00+00:00,-365654,3717.513
46412,2010-02-23T01:15:00+00:00,-364754,3717.530
46412,2010-02-23T01:30:00+00:00,-363854,3717.547
46412,2010-02-23T01:45:00+00:00,-362954,3717.563
46412,2010-02-23T02:00:00+00:00,-362054,3717.573
46412,2010-02-23T02:15:00+00:00,-361154,3717.580
46412,2010-02-23T02:30:00+00:00,-360254,3717.589
46412,2010-02-23T02:45:00+00:00,-359354,3717.594
46412,2010-02-23T03:00:00+00:00,-358454,3717.599
46412,2010-02-23T03:15:00+00:00,-357554,3717.602
46412,2010-02-23T03:30:00+00:00,-356654,3717.604
46412,2010-02-23T03:45:00+00:00,-355754,3717.605
46412,2010-02-23T04:00:00+00:00,-354854,3717.605
46412,2010-02-23T04:15:00+00:00,-353954,3717.604
46412,2010-02-23T04:30:00+00:00,-353054,3717.606
46412,2010-02-23T04:45:00+00:00,-352154,3717.608
46412,2010-02-23T05:00:00+00:00,-351254,3717.610
46412,2010-02-23T05:15:00+00:00,-350354,3717.615
46412,2010-02-23T05:30:00+00:00,-349454,3717.620
46412,2010-02-23T05:45:00+00:00,-348554,3717.625
46412,2010-02-23T06:00:00+00:00,-347654,3717.632
46412,2010-02-23T06:15:00+00:00,-346754,3717.643
46412,2010-02-23T06:30:00+00:00,-345854,3717.658
46412,2010-02-23T06:45:00+00:00,-344954,3717.674
46412,2010-02-23T07:00:00+00:00,-344054,3717.692
46412,2010-02-23T07:15:00+00:00,-343154,3717.715
46412,2010-02-23T07:30:00+00:00,-342254,3717.737
46412,2010-02-23T07:45:00+00:00,-341354,3717.766
46412,2010-02-23T08:00:00+00:00,-340454,3717.796
46412,2010-02-23T08:15:00+00:00,-339554,3717.827
46412,2010-02-23T08:30:00+00:00,-338654,3717.860
46412,2010-02-23T08:45:00+00:00,-337754,3717.893
46412,2010-02-23T09:00:00+00:00,-336854,3717.925
46412,2010-02-23T09:15:00+00:00,-335954,3717.962
46412,2010-02-23T09:30:00+00:00,-335054,3717.999
46412,2010-02-23T09:45:00+00:00,-334154,3718.035
46412,2010-02-23T10:00:00+00:00,-333254,3718.067
46412,2010-02-23T10:15:00+00:00,-332354,3718.097
46412,2010-02-23T10:30:00+00:00,-331454,3718.126
46412,2010-02-23T10:45:00+00:00,-330554,3718.148
46412,2010-02-23T11:00:00+00:00,-329654,3718.172
46412,2010-02-23T11:15:00+00:00,-328754,3718.192
46412,2010-02-23T11:30:00+00:00,-327854,3718.206
46412,2010-02-23T11:45:00+00:00,-326954,3718.217
46412,2010-02-23T12:00:00+00:00,-326054,3718.217
46412,2010-02-23T12:15:00+00:00,-325154,3718.215
46412,2010-02-23T12:30:00+00:00,-324254,3718.208
46412,2010-02-23T12:45:00+00:00,-323354,3718.194
46412,2010-02-23T13:00:00+00:00,-322454,3718.173
46412,2010-02-23T13:15:00+00:00,-321554,3718.149
46412,2010-02-23T13:30:00+00:00,-320654,3718.122
46412,2010-02-23T13:45:00+00:00,-319754,3718.082
46412,2010-02-23T14:00:00+00:00,-318854,3718.038
46412,2010-02-23T14:15:00+00:00,-317954,3717.989
46412,2010-02-23T14:30:00+00:00,-317054,3717.941
46412,2010-02-23T14:45:00+00:00,-316154,3717.883
46412,2010-02-23T15:00:00+00:00,-315254,3717.820
46412,2010-02-23T15:15:00+00:00,-314354,3717.756
46412,2010-02-23T15:30:00+00:00,-313454,3717.689
46412,2010-02-23T15:45:00+00:00,-312554,3717.620
46412,2010-02-23T16:00:00+00:00,-311654,3717.550
46412,2010-02-23T16:15:00+00:00,-310754,3717.478
46412,2010-02-23T16:30:00+00:00,-309854,3717.406
46412,2010-02-23T16:45:00+00:00,-308954,3717.335
46412,2010-02-23T17:00:00+00:00,-308054,3717.263
46412,2010-02-23T17:15:00+00:00,-307154,3717.199
46412,2010-02-23T17:30:00+00:00,-306254,3717.134
46412,2010-02-23T17:45:00+00:00,-305354,3717.074
46412,2010-02-23T18:00:00+00:00,-304454,3717.020
46412,2010-02-23T18:15:00+00:00,-303554,3716.970
46412,2010-02-23T18:30:00+00:00,-302654,3716.923
46412,2010-02-23T18:45:00+00:00,-301754,3716.884
46412,2010-02-23T19:00:00+00:00,-300854,3716.852
46412,2010-02-23T19:15:00+00:00,-299954,3716.823
46412,2010-02-23T19:30:00+00:00,-299054,3716.796
46412,2010-02-23T19:45:00+00:00,-298154,3716.779
46412,2010-02-23T20:00:00+00:00,-297254,3716.769
46412,2010-02-23T20:15:00+00:00,-296354,3716.765
46412,2010-02-23T20:30:00+00:00,-295454,3716.768
46412,2010-02-23T20:45:00+00:00,-294554,3716.778
46412,2010-02-23T21:00:00+00:00,-293654,3716.795
46412,2010-02-23T21:15:00+00:00,-292754,3716.816
46412,2010-02-23T21:30:00+00:00,-291854,3716.842
46412,2010-02-23T21:45:00+00:00,-290954,3716.875
46412,2010-02-23T22:00:00+00:00,-290054,3716.915
46412,2010-02-23T22:15:00+00:00,-289154,3716.955
46412,2010-02-23T22:30:00+00:00,-288254,3716.996
46412,2010-02-23T22:45:00+00:00,-287354,3717.042
46412,2010-02-23T23:00:00+00:00,-286454,3717.092
46412,2010-02-23T23:15:00+00:00,-285554,3717.145
46412,2010-02-23T23:30:00+00:00,-284654,3717.196
46412,2010-02-23T23:45:00+00:00,-283754,3717.247
46412,2010-02-24T00:00:00+00:00,-282854,3717.298
46412,2010-02-24T00:15:00+00:00,-281954,3717.346
46412,2010-02-24T00:30:00+00:00,-281054,3717.394
46412,2010-02-24T00:45:00+00:00,-280154,3717.439
46412,2010-02-24T01:00:00+00:00,-279254,3717.480
46412,2010-02-24T01:15:00+00:00,-278354,3717.520
46412,2010-02-24T01:30:00+00:00,-277454,3717.554
46412,2010-02-24T01:45:00+00:00,-276554,3717.586
46412,2010-02-24T02:00:00+00:00,-275654,3717.611
46412,2010-02-24T02:15:00+00:00,-274754,3717.635
46412,2010-02-24T02:30:00+00:00,-273854,3717.653
46412,2010-02-24T02:45:00+00:00,-272954,3717.665
46412,2010-02-24T03:00:00+00:00,-272054,3717.673
46412,2010-02-24T03:15:00+00:00,-271154,3717.677
46412,2010-02-24T03:30:00+00:00,-270254,3717.678
46412,2010-02-24T03:45:00+00:00,-269354,3717.673
46412,2010-02-24T04:00:00+00:00,-268454,3717.665
46412,2010-02-24T04:15:00+00:00,-267554,3717.658
46412,2010-02-24T04:30:00+00:00,-266654,3717.648
46412,2010-02-24T04:45:00+00:00,-265754,3717.636
46412,2010-02-24T05:00:00+00:00,-264854,3717.622
46412,2010-02-24T05:15:00+00:00,-263954,3717.607
46412,2010-02-24T05:30:00+00:00,-263054,3717.595
46412,2010-02-24T05:45:00+00:00,-262154,3717.584
46412,2010-02-24T06:00:00+00:00,-261254,3717.574
46412,2010-02-24T06:15:00+00:00,-260354,3717.567
46412,2010-02-24T06:30:00+00:00,-259454,3717.561
46412,2010-02-24T06:45:00+00:00,-258554,3717.560
46412,2010-02-24T07:00:00+00:00,-257654,3717.560
46412,2010-02-24T07:15:00+00:00,-256754,3717.565
46412,2010-02-24T07:30:00+00:00,-255854,3717.575
46412,2010-02-24T07:45:00+00:00,-254954,3717.590
46412,2010-02-24T08:00:00+00:00,-254054,3717.607
46412,2010-02-24T08:15:00+00:00,-253154,3717.630
46412,2010-02-24T08:30:00+00:00,-252254,3717.659
46412,2010-02-24T08:45:00+00:00,-251354,3717.692
46412,2010-02-24T09:00:00+00:00,-250454,3717.726
46412,2010-02-24T09:15:00+00:00,-249554,3717.766
46412,2010-02-24T09:30:00+00:00,-248654,3717.809
46412,2010-02-24T09:45:00+00:00,-247754,3717.854
46412,2010-02-24T10:00:00+00:00,-246854,3717.900
46412,2010-02-24T10:15:00+00:00,-245954,3717.948
46412,2010-02-24T10:30:00+00:00,-245054,3717.995
46412,2010-02-24T10:45:00+00:00,-244154,3718.042
46412,2010-02-24T11:00:00+00:00,-243254,3718.088
46412,2010-02-24T11:15:00+00:00,-242354,3718.132
46412,2010-02-24T11:30:00+00:00,-241454,3718.174
46412,2010-02-24T11:45:00+00:00,-240554,3718.211
46412,2010-02-24T12:00:00+00:00,-239654,3718.244
46412,2010-02-24T12:15:00+00:00,-238754,3718.270
46412,2010-02-24T12:30:00+00:00,-237854,3718.294
46412,2010-02-24T12:45:00+00:00,-236954,3718.310
46412,2010-02-24T13:00:00+00:00,-236054,3718.321
46412,2010-02-24T13:15:00+00:00,-235154,3718.326
46412,2010-02-24T13:30:00+00:00,-234254,3718.318
46412,2010-02-24T13:45:00+00:00,-233354,3718.306
46412,2010-02-24T14:00:00+00:00,-232454,3718.285
46412,2010-02-24T14:15:00+00:00,-231554,3718.258
46412,2010-02-24T14:30:00+00:00,-230654,3718.221
46412,2010-02-24T14:45:00+00:00,-229754,3718.179
46412,2010-02-24T15:00:00+00:00,-228854,3718.126
46412,2010-02-24T15:15:00+00:00,-227954,3718.068
46412,2010-02-24T15:30:00+00:00,-227054,3718.005
46412,2010-02-24T15:45:00+00:00,-226154,3717.934
46412,2010-02-24T16:00:00+00:00,-225254,3717.858
46412,2010-02-24T16:15:00+00:00,-224354,3717.779
46412,2010-02-24T16:30:00+00:00,-223454,3717.694
46412,2010-02-24T16:45:00+00:00,-222554,3717.607
46412,2010-02-24T17:00:00+00:00,-221654,3717.521
46412,2010-02-24T17:15:00+00:00,-220754,3717.432
46412,2010-02-24T17:30:00+00:00,-219854,3717.348
46412,2010-02-24T17:45:00+00:00,-218954,3717.263
46412,2010-02-24T18:00:00+00:00,-218054,3717.180
46412,2010-02-24T18:15:00+00:00,-217154,3717.096
46412,2010-02-24T18:30:00+00:00,-216254,3717.018
46412,2010-02-24T18:45:00+00:00,-215354,3716.947
46412,2010-02-24T19:00:00+00:00,-214454,3716.880
46412,2010-02-24T19:15:00+00:00,-213554,3716.819
46412,2010-02-24T19:30:00+00:00,-212654,3716.765
46412,2010-02-24T19:45:00+00:00,-211754,3716.718
46412,2010-02-24T20:00:00+00:00,-210854,3716.676
46412,2010-02-24T20:15:00+00:00,-209954,3716.646
46412,2010-02-24T20:30:00+00:00,-209054,3716.624
46412,2010-02-24T20:45:00+00:00,-208154,3716.610
46412,2010-02-24T21:00:00+00:00,-207254,3716.607
46412,2010-02-24T21:15:00+00:00,-206354,3716.611
46412,2010-02-24T21:30:00+00:00,-205454,3716.626
46412,2010-02-24T21:45:00+00:00,-204554,3716.649
46412,2010-02-24T22:00:00+00:00,-203654,3716.680
46412,2010-02-24T22:15:00+00:00,-202754,3716.715
46412,2010-02-24T22:30:00+00:00,-201854,3716.761
46412,2010-02-24T22:45:00+00:00,-200954,3716.811
46412,2010-02-24T23:00:00+00:00,-200054,3716.868
46412,2010-02-24T23:15:00+00:00,-199154,3716.928
46412,2010-02-24T23:30:00+00:00,-198254,3716.994
46412,2010-02-24T23:45:00+00:00,-197354,3717.061
46412,2010-02-25T00:00:00+00:00,-196454,3717.129
46412,2010-02-25T00:15:00+00:00,-195554,3717.196
46412,2010-02-25T00:30:00+00:00,-194654,3717.264
46412,2010-02-25T00:45:00+00:00,-193754,3717.332
46412,2010-02-25T01:00:00+00:00,-192854,3717.396
46412,2010-02-25T01:15:00+00:00,-191954,3717.457
46412,2010-02-25T01:30:00+00:00,-191054,3717.515
46412,2010-02-25T01:45:00+00:00,-190154,3717.565
46412,2010-02-25T02:00:00+00:00,-189254,3717.608
46412,2010-02-25T02:15:00+00:00,-188354,3717.647
46412,2010-02-25T02:30:00+00:00,-187454,3717.682
46412,2010-02-25T02:45:00+00:00,-186554,3717.707
46412,2010-02-25T03:00:00+00:00,-185654,3717.725
46412,2010-02-25T03:15:00+00:00,-184754,3717.736
46412,2010-02-25T03:30:00+00:00,-183854,3717.741
46412,2010-02-25T03:45:00+00:00,-182954,3717.742
46412,2010-02-25T04:00:00+00:00,-182054,3717.736
46412,2010-02-25T04:15:00+00:00,-181154,3717.724
46412,2010-02-25T04:30:00+00:00,-180254,3717.708
46412,2010-02-25T04:45:00+00:00,-179354,3717.690
46412,2010-02-25T05:00:00+00:00,-178454,3717.671
46412,2010-02-25T05:15:00+00:00,-177554,3717.646
46412,2010-02-25T05:30:00+00:00,-176654,3717.618
46412,2010-02-25T05:45:00+00:00,-175754,3717.587
46412,2010-02-25T06:00:00+00:00,-174854,3717.560
46412,2010-02-25T06:15:00+00:00,-173954,3717.533
46412,2010-02-25T06:30:00+00:00,-173054,3717.507
46412,2010-02-25T06:45:00+00:00,-172154,3717.487
46412,2010-02-25T07:00:00+00:00,-171254,3717.466
46412,2010-02-25T07:15:00+00:00,-170354,3717.451
46412,2010-02-25T07:30:00+00:00,-169454,3717.438
46412,2010-02-25T07:45:00+00:00,-168554,3717.435
46412,2010-02-25T08:00:00+00:00,-167654,3717.440
46412,2010-02-25T08:15:00+00:00,-166754,3717.444
46412,2010-02-25T08:30:00+00:00,-165854,3717.458
46412,2010-02-25T08:45:00+00:00,-164954,3717.476
46412,2010-02-25T09:00:00+00:00,-164054,3717.501
46412,2010-02-25T09:15:00+00:00,-163154,3717.531
46412,2010-02-25T09:30:00+00:00,-162254,3717.572
46412,2010-02-25T09:45:00+00:00,-161354,3717.614
46412,2010-02-25T10:00:00+00:00,-160454,3717.666
46412,2010-02-25T10:15:00+00:00,-159554,3717.719
46412,2010-02-25T10:30:00+00:00,-158654,3717.781
46412,2010-02-25T10:45:00+00:00,-157754,3717.839
46412,2010-02-25T11:00:00+00:00,-156854,3717.901
46412,2010-02-25T11:15:00+00:00,-155954,3717.963
46412,2010-02-25T11:30:00+00:00,-155054,3718.028
46412,2010-02-25T11:45:00+00:00,-154154,3718.095
46412,2010-02-25T12:00:00+00:00,-153254,3718.151
46412,2010-02-25T12:15:00+00:00,-152354,3718.211
46412,2010-02-25T12:30:00+00:00,-151454,3718.265
46412,2010-02-25T12:45:00+00:00,-150554,3718.313
46412,2010-02-25T13:00:00+00:00,-149654,3718.357
46412,2010-02-25T13:15:00+00:00,-148754,3718.393
46412,2010-02-25T13:30:00+00:00,-147854,3718.419
46412,2010-02-25T13:45:00+00:00,-146954,3718.439
46412,2010-02-25T14:00:00+00:00,-146054,3718.445
46412,2010-02-25T14:15:00+00:00,-145154,3718.447
46412,2010-02-25T14:30:00+00:00,-144254,3718.439
46412,2010-02-25T14:45:00+00:00,-143354,3718.420
46412,2010-02-25T15:00:00+00:00,-142454,3718.390
46412,2010-02-25T15:15:00+00:00,-141554,3718.353
46412,2010-02-25T15:30:00+00:00,-140654,3718.306
46412,2010-02-25T15:45:00+00:00,-139754,3718.248
46412,2010-02-25T16:00:00+00:00,-138854,3718.184
46412,2010-02-25T16:15:00+00:00,-137954,3718.108
46412,2010-02-25T16:30:00+00:00,-137054,3718.025
46412,2010-02-25T16:45:00+00:00,-136154,3717.941
46412,2010-02-25T17:00:00+00:00,-135254,3717.843
46412,2010-02-25T17:15:00+00:00,-134354,3717.750
46412,2010-02-25T17:30:00+00:00,-133454,3717.647
46412,2010-02-25T17:45:00+00:00,-132554,3717.542
46412,2010-02-25T18:00:00+00:00,-131654,3717.439
46412,2010-02-25T18:15:00+00:00,-130754,3717.339
46412,2010-02-25T18:30:00+00:00,-129854,3717.236
46412,2010-02-25T18:45:00+00:00,-128954,3717.140
46412,2010-02-25T19:00:00+00:00,-128054,3717.046
46412,2010-02-25T19:15:00+00:00,-127154,3716.955
46412,2010-02-25T19:30:00+00:00,-126254,3716.871
46412,2010-02-25T19:45:00+00:00,-125354,3716.789
46412,2010-02-25T20:00:00+00:00,-124454,3716.717
46412,2010-02-25T20:15:00+00:00,-123554,3716.653
46412,2010-02-25T20:30:00+00:00,-122654,3716.602
46412,2010-02-25T20:45:00+00:00,-121754,3716.560
46412,2010-02-25T21:00:00+00:00,-120854,3716.529
46412,2010-02-25T21:15:00+00:00,-119954,3716.513
46412,2010-02-25T21:30:00+00:00,-119054,3716.504
46412,2010-02-25T21:45:00+00:00,-118154,3716.507
46412,2010-02-25T22:00:00+00:00,-117254,3716.523
46412,2010-02-25T22:15:00+00:00,-116354,3716.549
46412,2010-02-25T22:30:00+00:00,-115454,3716.581
46412,2010-02-25T22:45:00+00:00,-114554,3716.623
46412,2010-02-25T23:00:00+00:00,-113654,3716.675
46412,2010-02-25T23:15:00+00:00,-112754,3716.733
46412,2010-02-25T23:30:00+00:00,-111854,3716.800
46412,2010-02-25T23:45:00+00:00,-110954,3716.871
46412,2010-02-26T00:00:00+00:00,-110054,3716.946
46412,2010-02-26T00:15:00+00:00,-109154,3717.022
46412,2010-02-26T00:30:00+00:00,-108254,3717.101
46412,2010-02-26T00:45:00+00:00,-107354,3717.180
46412,2010-02-26T01:00:00+00:00,-106454,3717.259
46412,2010-02-26T01:15:00+00:00,-105554,3717.337
46412,2010-02-26T01:30:00+00:00,-104654,3717.413
46412,2010-02-26T01:45:00+00:00,-103754,3717.487
46412,2010-02-26T02:00:00+00:00,-102854,3717.551
46412,2010-02-26T02:15:00+00:00,-101954,3717.614
46412,2010-02-26T02:30:00+00:00,-101054,3717.665
46412,2010-02-26T02:45:00+00:00,-100154,3717.713
46412,2010-02-26T03:00:00+00:00,-99254,3717.754
46412,2010-02-26T03:15:00+00:00,-98354,3717.788
46412,2010-02-26T03:30:00+00:00,-97454,3717.811
46412,2010-02-26T03:45:00+00:00,-96554,3717.825
46412,2010-02-26T04:00:00+00:00,-95654,3717.832
46412,2010-02-26T04:15:00+00:00,-94754,3717.830
46412,2010-02-26T04:30:00+00:00,-93854,3717.823
46412,2010-02-26T04:45:00+00:00,-92954,3717.805
46412,2010-02-26T05:00:00+00:00,-92054,3717.782
46412,2010-02-26T05:15:00+00:00,-91154,3717.753
46412,2010-02-26T05:30:00+00:00,-90254,3717.718
46412,2010-02-26T05:45:00+00:00,-89354,3717.679
46412,2010-02-26T06:00:00+00:00,-88454,3717.640
46412,2010-02-26T06:15:00+00:00,-87554,3717.597
46412,2010-02-26T06:30:00+00:00,-86654,3717.554
46412,2010-02-26T06:45:00+00:00,-85754,3717.508
46412,2010-02-26T07:00:00+00:00,-84854,3717.470
46412,2010-02-26T07:15:00+00:00,-83954,3717.432
46412,2010-02-26T07:30:00+00:00,-83054,3717.398
46412,2010-02-26T07:45:00+00:00,-82154,3717.368
46412,2010-02-26T08:00:00+00:00,-81254,3717.345
46412,2010-02-26T08:15:00+00:00,-80354,3717.326
46412,2010-02-26T08:30:00+00:00,-79454,3717.313
46412,2010-02-26T08:45:00+00:00,-78554,3717.305
46412,2010-02-26T09:00:00+00:00,-77654,3717.309
46412,2010-02-26T09:15:00+00:00,-76754,3717.317
46412,2010-02-26T09:30:00+00:00,-75854,3717.335
46412,2010-02-26T09:45:00+00:00,-74954,3717.361
46412,2010-02-26T10:00:00+00:00,-74054,3717.399
46412,2010-02-26T10:15:00+00:00,-73154,3717.440
46412,2010-02-26T10:30:00+00:00,-72254,3717.494
46412,2010-02-26T10:45:00+00:00,-71354,3717.552
46412,2010-02-26T11:00:00+00:00,-70454,3717.614
46412,2010-02-26T11:15:00+00:00,-69554,3717.683
46412,2010-02-26T11:30:00+00:00,-68654,3717.756
46412,2010-02-26T11:45:00+00:00,-67754,3717.833
46412,2010-02-26T12:00:00+00:00,-66854,3717.914
46412,2010-02-26T12:15:00+00:00,-65954,3717.991
46412,2010-02-26T12:30:00+00:00,-65054,3718.072
46412,2010-02-26T12:45:00+00:00,-64154,3718.148
46412,2010-02-26T13:00:00+00:00,-63254,3718.222
46412,2010-02-26T13:15:00+00:00,-62354,3718.287
46412,2010-02-26T13:30:00+00:00,-61454,3718.349
46412,2010-02-26T13:45:00+00:00,-60554,3718.404
46412,2010-02-26T14:00:00+00:00,-59654,3718.453
46412,2010-02-26T14:15:00+00:00,-58754,3718.490
46412,2010-02-26T14:30:00+00:00,-57854,3718.519
46412,2010-02-26T14:45:00+00:00,-56954,3718.537
46412,2010-02-26T15:00:00+00:00,-56054,3718.544
46412,2010-02-26T15:15:00+00:00,-55154,3718.541
46412,2010-02-26T15:30:00+00:00,-54254,3718.522
46412,2010-02-26T15:45:00+00:00,-53354,3718.496
46412,2010-02-26T16:00:00+00:00,-52454,3718.454
46412,2010-02-26T16:15:00+00:00,-51554,3718.401
46412,2010-02-26T16:30:00+00:00,-50654,3718.336
46412,2010-02-26T16:45:00+00:00,-49754,3718.263
46412,2010-02-26T17:00:00+00:00,-48854,3718.181
46412,2010-02-26T17:15:00+00:00,-47954,3718.093
46412,2010-02-26T17:30:00+00:00,-47054,3717.993
46412,2010-02-26T17:45:00+00:00,-46154,3717.890
46412,2010-02-26T18:00:00+00:00,-45254,3717.779
46412,2010-02-26T18:15:00+00:00,-44354,3717.671
46412,2010-02-26T18:30:00+00:00,-43454,3717.555
46412,2010-02-26T18:45:00+00:00,-42554,3717.443
46412,2010-02-26T19:00:00+00:00,-41654,3717.329
46412,2010-02-26T19:15:00+00:00,-40754,3717.214
46412,2010-02-26T19:30:00+00:00,-39854,3717.100
46412,2010-02-26T19:45:00+00:00,-38954,3716.998
46412,2010-02-26T20:00:00+00:00,-38054,3716.898
46412,2010-02-26T20:15:00+00:00,-37154,3716.806
46412,2010-02-26T20:30:00+00:00,-36254,3716.727
46412,2010-02-26T20:45:00+00:00,-35354,3716.657
46412,2010-02-26T21:00:00+00:00,-34454,3716.594
46412,2010-02-26T21:15:00+00:00,-33554,3716.546
46412,2010-02-26T21:30:00+00:00,-32654,3716.505
46412,2010-02-26T21:45:00+00:00,-31754,3716.481
46412,2010-02-26T22:00:00+00:00,-30854,3716.467
46412,2010-02-26T22:15:00+00:00,-29954,3716.469
46412,2010-02-26T22:30:00+00:00,-29054,3716.480
46412,2010-02-26T22:45:00+00:00,-28154,3716.504
46412,2010-02-26T23:00:00+00:00,-27254,3716.538
46412,2010-02-26T23:15:00+00:00,-26354,3716.585
46412,2010-02-26T23:30:00+00:00,-25454,3716.643
46412,2010-02-26T23:45:00+00:00,-24554,3716.705
46412,2010-02-27T00:00:00+00:00,-23654,3716.777
46412,2010-02-27T00:15:00+00:00,-22754,3716.860
46412,2010-02-27T00:30:00+00:00,-21854,3716.945
46412,2010-02-27T00:45:00+00:00,-20954,3717.037
46412,2010-02-27T01:00:00+00:00,-20054,3717.130
46412,2010-02-27T01:15:00+00:00,-19154,3717.226
46412,2010-02-27T01:30:00+00:00,-18254,3717.320
46412,2010-02-27T01:45:00+00:00,-17354,3717.411
46412,2010-02-27T02:00:00+00:00,-16454,3717.498
46412,2010-02-27T02:15:00+00:00,-15554,3717.576
46412,2010-02-27T02:30:00+00:00,-14654,3717.656
46412,2010-02-27T02:45:00+00:00,-13754,3717.729
46412,2010-02-27T03:00:00+00:00,-12854,3717.792
46412,2010-02-27T03:15:00+00:00,-11954,3717.841
46412,2010-02-27T03:30:00+00:00,-11054,3717.885
46412,2010-02-27T03:45:00+00:00,-10154,3717.921
46412,2010-02-27T04:00:00+00:00,-9254,3717.946
46412,2010-02-27T04:15:00+00:00,-8354,3717.964
46412,2010-02-27T04:30:00+00:00,-7454,3717.966
46412,2010-02-27T04:45:00+00:00,-6554,3717.962
46412,2010-02-27T05:00:00+00:00,-5654,3717.947
46412,2010-02-27T05:15:00+00:00,-4754,3717.925
46412,2010-02-27T05:30:00+00:00,-3854,3717.892
