station_id,timestamp_utc,seconds_from_origin,height_m
32411,2010-01-28T06:45:00+00:00,-2591354,3244.429
32411,2010-01-28T07:00:00+00:00,-2590454,3244.401
32411,2010-01-28T07:15:00+00:00,-2589554,3244.360
32411,2010-01-28T07:30:00+00:00,-2588654,3244.312
32411,2010-01-28T07:45:00+00:00,-2587754,3244.251
32411,2010-01-28T08:00:00+00:00,-2586854,3244.181
32411,2010-01-28T08:15:00+00:00,-2585954,3244.099
32411,2010-01-28T08:30:00+00:00,-2585054,3244.011
32411,2010-01-28T08:45:00+00:00,-2584154,3243.922
32411,2010-01-28T09:00:00+00:00,-2583254,3243.828
32411,2010-01-28T09:15:00+00:00,-2582354,3243.729
32411,2010-01-28T09:30:00+00:00,-2581454,3243.633
32411,2010-01-28T09:45:00+00:00,-2580554,3243.531
32411,2010-01-28T10:00:00+00:00,-2579654,3243.433
32411,2010-01-28T10:15:00+00:00,-2578754,3243.337
32411,2010-01-28T10:30:00+00:00,-2577854,3243.247
32411,2010-01-28T10:45:00+00:00,-2576954,3243.165
32411,2010-01-28T11:00:00+00:00,-2576054,3243.088
32411,2010-01-28T11:15:00+00:00,-2575154,3243.019
32411,2010-01-28T11:30:00+00:00,-2574254,3242.960
32411,2010-01-28T11:45:00+00:00,-2573354,3242.909
32411,2010-01-28T12:00:00+00:00,-2572454,3242.872
32411,2010-01-28T12:15:00+00:00,-2571554,3242.845
32411,2010-01-28T12:30:00+00:00,-2570654,3242.832
32411,2010-01-28T12:45:00+00:00,-2569754,3242.832
32411,2010-01-28T13:00:00+00:00,-2568854,3242.841
32411,2010-01-28T13:15:00+00:00,-2567954,3242.864
32411,2010-01-28T13:30:00+00:00,-2567054,3242.903
32411,2010-01-28T13:45:00+00:00,-2566154,3242.948
32411,2010-01-28T14:00:00+00:00,-2565254,3243.004
32411,2010-01-28T14:15:00+00:00,-2564354,3243.070
32411,2010-01-28T14:30:00+00:00,-2563454,3243.144
32411,2010-01-28T14:45:00+00:00,-2562554,3243.226
32411,2010-01-28T15:00:00+00:00,-2561654,3243.311
32411,2010-01-28T15:15:00+00:00,-2560754,3243.401
32411,2010-01-28T15:30:00+00:00,-2559854,3243.498
32411,2010-01-28T15:45:00+00:00,-2558954,3243.597
32411,2010-01-28T16:00:00+00:00,-2558054,3243.695
32411,2010-01-28T16:15:00+00:00,-2557154,3243.790
32411,2010-01-28T16:30:00+00:00,-2556254,3243.883
32411,2010-01-28T16:45:00+00:00,-2555354,3243.971
32411,2010-01-28T17:00:00+00:00,-2554454,3244.056
32411,2010-01-28T17:15:00+00:00,-2553554,3244.126
32411,2010-01-28T17:30:00+00:00,-2552654,3244.192
32411,2010-01-28T17:45:00+00:00,-2551754,3244.247
32411,2010-01-28T18:00:00+00:00,-2550854,3244.290
32411,2010-01-28T18:15:00+00:00,-2549954,3244.325
32411,2010-01-28T18:30:00+00:00,-2549054,3244.348
32411,2010-01-28T18:45:00+00:00,-2548154,3244.358
32411,2010-01-28T19:00:00+00:00,-2547254,3244.355
32411,2010-01-28T19:15:00+00:00,-2546354,3244.342
32411,2010-01-28T19:30:00+00:00,-2545454,3244.318
32411,2010-01-28T19:45:00+00:00,-2544554,3244.281
32411,2010-01-28T20:00:00+00:00,-2543654,3244.232
32411,2010-01-28T20:15:00+00:00,-2542754,3244.176
32411,2010-01-28T20:30:00+00:00,-2541854,3244.105
32411,2010-01-28T20:45:00+00:00,-2540954,3244.031
32411,2010-01-28T21:00:00+00:00,-2540054,3243.951
32411,2010-01-28T21:15:00+00:00,-2539154,3243.861
32411,2010-01-28T21:30:00+00:00,-2538254,3243.772
32411,2010-01-28T21:45:00+00:00,-2537354,3243.675
32411,2010-01-28T22:00:00+00:00,-2536454,3243.583
32411,2010-01-28T22:15:00+00:00,-2535554,3243.486
32411,2010-01-28T22:30:00+00:00,-2534654,3243.393
32411,2010-01-28T22:45:00+00:00,-2533754,3243.304
32411,2010-01-28T23:00:00+00:00,-2532854,3243.219
32411,2010-01-28T23:15:00+00:00,-2531954,3243.141
32411,2010-01-28T23:30:00+00:00,-2531054,3243.068
32411,2010-01-28T23:45:00+00:00,-2530154,3243.003
32411,2010-01-29T00:00:00+00:00,-2529254,3242.953
32411,2010-01-29T00:15:00+00:00,-2528354,3242.914
32411,2010-01-29T00:30:00+00:00,-2527454,3242.887
32411,2010-01-29T00:45:00+00:00,-2526554,3242.868
32411,2010-01-29T01:00:00+00:00,-2525654,3242.866
32411,2010-01-29T01:15:00+00:00,-2524754,3242.872
32411,2010-01-29T01:30:00+00:00,-2523854,3242.893
32411,2010-01-29T01:45:00+00:00,-2522954,3242.930
32411,2010-01-29T02:00:00+00:00,-2522054,3242.976
32411,2010-01-29T02:15:00+00:00,-2521154,3243.040
32411,2010-01-29T02:30:00+00:00,-2520254,3243.109
32411,2010-01-29T02:45:00+00:00,-2519354,3243.188
32411,2010-01-29T03:00:00+00:00,-2518454,3243.277
32411,2010-01-29T03:15:00+00:00,-2517554,3243.376
32411,2010-01-29T03:30:00+00:00,-2516654,3243.475
32411,2010-01-29T03:45:00+00:00,-2515754,3243.582
32411,2010-01-29T04:00:00+00:00,-2514854,3243.689
32411,2010-01-29T04:15:00+00:00,-2513954,3243.805
32411,2010-01-29T04:30:00+00:00,-2513054,3243.912
32411,2010-01-29T04:45:00+00:00,-2512154,3244.020
32411,2010-01-29T05:00:00+00:00,-2511254,3244.123
32411,2010-01-29T05:15:00+00:00,-2510354,3244.216
32411,2010-01-29T05:30:00+00:00,-2509454,3244.302
32411,2010-01-29T05:45:00+00:00,-2508554,3244.377
32411,2010-01-29T06:00:00+00:00,-2507654,3244.442
32411,2010-01-29T06:15:00+00:00,-2506754,3244.502
32411,2010-01-29T06:30:00+00:00,-2505854,3244.544
32411,2010-01-29T06:45:00+00:00,-2504954,3244.575
32411,2010-01-29T07:00:00+00:00,-2504054,3244.596
32411,2010-01-29T07:15:00+00:00,-2503154,3244.600
32411,2010-01-29T07:30:00+00:00,-2502254,3244.588
32411,2010-01-29T07:45:00+00:00,-2501354,3244.563
32411,2010-01-29T08:00:00+00:00,-2500454,3244.525
32411,2010-01-29T08:15:00+00:00,-2499554,3244.476
32411,2010-01-29T08:30:00+00:00,-2498654,3244.411
32411,2010-01-29T08:45:00+00:00,-2497754,3244.338
32411,2010-01-29T09:00:00+00:00,-2496854,3244.254
32411,2010-01-29T09:15:00+00:00,-2495954,3244.163
32411,2010-01-29T09:30:00+00:00,-2495054,3244.059
32411,2010-01-29T09:45:00+00:00,-2494154,3243.950
32411,2010-01-29T10:00:00+00:00,-2493254,3243.837
32411,2010-01-29T10:15:00+00:00,-2492354,3243.720
32411,2010-01-29T10:30:00+00:00,-2491454,3243.602
32411,2010-01-29T10:45:00+00:00,-2490554,3243.486
32411,2010-01-29T11:00:00+00:00,-2489654,3243.370
32411,2010-01-29T11:15:00+00:00,-2488754,3243.264
32411,2010-01-29T11:30:00+00:00,-2487854,3243.161
32411,2010-01-29T11:45:00+00:00,-2486954,3243.066
32411,2010-01-29T12:00:00+00:00,-2486054,3242.978
32411,2010-01-29T12:15:00+00:00,-2485154,3242.901
32411,2010-01-29T12:30:00+00:00,-2484254,3242.835
32411,2010-01-29T12:45:00+00:00,-2483354,3242.783
32411,2010-01-29T13:00:00+00:00,-2482454,3242.744
32411,2010-01-29T13:15:00+00:00,-2481554,3242.723
32411,2010-01-29T13:30:00+00:00,-2480654,3242.711
32411,2010-01-29T13:45:00+00:00,-2479754,3242.718
32411,2010-01-29T14:00:00+00:00,-2478854,3242.735
32411,2010-01-29T14:15:00+00:00,-2477954,3242.765
32411,2010-01-29T14:30:00+00:00,-2477054,3242.813
32411,2010-01-29T14:45:00+00:00,-2476154,3242.871
32411,2010-01-29T15:00:00+00:00,-2475254,3242.944
32411,2010-01-29T15:15:00+00:00,-2474354,3243.030
32411,2010-01-29T15:30:00+00:00,-2473454,3243.124
32411,2010-01-29T15:45:00+00:00,-2472554,3243.220
32411,2010-01-29T16:00:00+00:00,-2471654,3243.331
32411,2010-01-29T16:15:00+00:00,-2470754,3243.445
32411,2010-01-29T16:30:00+00:00,-2469854,3243.562
32411,2010-01-29T16:45:00+00:00,-2468954,3243.677
32411,2010-01-29T17:00:00+00:00,-2468054,3243.792
32411,2010-01-29T17:15:00+00:00,-2467154,3243.906
32411,2010-01-29T17:30:00+00:00,-2466254,3244.015
32411,2010-01-29T17:45:00+00:00,-2465354,3244.117
32411,2010-01-29T18:00:00+00:00,-2464454,3244.212
32411,2010-01-29T18:15:00+00:00,-2463554,3244.301
32411,2010-01-29T18:30:00+00:00,-2462654,3244.377
32411,2010-01-29T18:45:00+00:00,-2461754,3244.439
32411,2010-01-29T19:00:00+00:00,-2460854,3244.489
32411,2010-01-29T19:15:00+00:00,-2459954,3244.528
32411,2010-01-29T19:30:00+00:00,-2459054,3244.549
32411,2010-01-29T19:45:00+00:00,-2458154,3244.555
32411,2010-01-29T20:00:00+00:00,-2457254,3244.547
32411,2010-01-29T20:15:00+00:00,-2456354,3244.528
32411,2010-01-29T20:30:00+00:00,-2455454,3244.494
32411,2010-01-29T20:45:00+00:00,-2454554,3244.446
32411,2010-01-29T21:00:00+00:00,-2453654,3244.384
32411,2010-01-29T21:15:00+00:00,-2452754,3244.308
32411,2010-01-29T21:30:00+00:00,-2451854,3244.226
32411,2010-01-29T21:45:00+00:00,-2450954,3244.131
32411,2010-01-29T22:00:00+00:00,-2450054,3244.032
32411,2010-01-29T22:15:00+00:00,-2449154,3243.924
32411,2010-01-29T22:30:00+00:00,-2448254,3243.812
32411,2010-01-29T22:45:00+00:00,-2447354,3243.697
32411,2010-01-29T23:00:00+00:00,-2446454,3243.583
32411,2010-01-29T23:15:00+00:00,-2445554,3243.469
32411,2010-01-29T23:30:00+00:00,-2444654,3243.355
32411,2010-01-29T23:45:00+00:00,-2443754,3243.244
32411,2010-01-30T00:00:00+00:00,-2442854,3243.144
32411,2010-01-30T00:15:00+00:00,-2441954,3243.053
32411,2010-01-30T00:30:00+00:00,-2441054,3242.970
32411,2010-01-30T00:45:00+00:00,-2440154,3242.895
32411,2010-01-30T01:00:00+00:00,-2439254,3242.837
32411,2010-01-30T01:15:00+00:00,-2438354,3242.789
32411,2010-01-30T01:30:00+00:00,-2437454,3242.759
32411,2010-01-30T01:45:00+00:00,-2436554,3242.741
32411,2010-01-30T02:00:00+00:00,-2435654,3242.739
32411,2010-01-30T02:15:00+00:00,-2434754,3242.753
32411,2010-01-30T02:30:00+00:00,-2433854,3242.787
32411,2010-01-30T02:45:00+00:00,-2432954,3242.830
32411,2010-01-30T03:00:00+00:00,-2432054,3242.890
32411,2010-01-30T03:15:00+00:00,-2431154,3242.962
32411,2010-01-30T03:30:00+00:00,-2430254,3243.043
32411,2010-01-30T03:45:00+00:00,-2429354,3243.138
32411,2010-01-30T04:00:00+00:00,-2428454,3243.242
32411,2010-01-30T04:15:00+00:00,-2427554,3243.354
32411,2010-01-30T04:30:00+00:00,-2426654,3243.474
32411,2010-01-30T04:45:00+00:00,-2425754,3243.597
32411,2010-01-30T05:00:00+00:00,-2424854,3243.720
32411,2010-01-30T05:15:00+00:00,-2423954,3243.846
32411,2010-01-30T05:30:00+00:00,-2423054,3243.966
32411,2010-01-30T05:45:00+00:00,-2422154,3244.090
32411,2010-01-30T06:00:00+00:00,-2421254,3244.202
32411,2010-01-30T06:15:00+00:00,-2420354,3244.309
32411,2010-01-30T06:30:00+00:00,-2419454,3244.405
32411,2010-01-30T06:45:00+00:00,-2418554,3244.490
32411,2010-01-30T07:00:00+00:00,-2417654,3244.565
32411,2010-01-30T07:15:00+00:00,-2416754,3244.622
32411,2010-01-30T07:30:00+00:00,-2415854,3244.672
32411,2010-01-30T07:45:00+00:00,-2414954,3244.701
32411,2010-01-30T08:00:00+00:00,-2414054,3244.714
32411,2010-01-30T08:15:00+00:00,-2413154,3244.714
32411,2010-01-30T08:30:00+00:00,-2412254,3244.696
32411,2010-01-30T08:45:00+00:00,-2411354,3244.662
32411,2010-01-30T09:00:00+00:00,-2410454,3244.613
32411,2010-01-30T09:15:00+00:00,-2409554,3244.549
32411,2010-01-30T09:30:00+00:00,-2408654,3244.472
32411,2010-01-30T09:45:00+00:00,-2407754,3244.381
32411,2010-01-30T10:00:00+00:00,-2406854,3244.278
32411,2010-01-30T10:15:00+00:00,-2405954,3244.169
32411,2010-01-30T10:30:00+00:00,-2405054,3244.048
32411,2010-01-30T10:45:00+00:00,-2404154,3243.924
32411,2010-01-30T11:00:00+00:00,-2403254,3243.793
32411,2010-01-30T11:15:00+00:00,-2402354,3243.659
32411,2010-01-30T11:30:00+00:00,-2401454,3243.523
32411,2010-01-30T11:45:00+00:00,-2400554,3243.391
32411,2010-01-30T12:00:00+00:00,-2399654,3243.263
32411,2010-01-30T12:15:00+00:00,-2398754,3243.137
32411,2010-01-30T12:30:00+00:00,-2397854,3243.020
32411,2010-01-30T12:45:00+00:00,-2396954,3242.915
32411,2010-01-30T13:00:00+00:00,-2396054,3242.822
32411,2010-01-30T13:15:00+00:00,-2395154,3242.742
32411,2010-01-30T13:30:00+00:00,-2394254,3242.673
32411,2010-01-30T13:45:00+00:00,-2393354,3242.621
32411,2010-01-30T14:00:00+00:00,-2392454,3242.587
32411,2010-01-30T14:15:00+00:00,-2391554,3242.568
32411,2010-01-30T14:30:00+00:00,-2390654,3242.567
32411,2010-01-30T14:45:00+00:00,-2389754,3242.578
32411,2010-01-30T15:00:00+00:00,-2388854,3242.611
32411,2010-01-30T15:15:00+00:00,-2387954,3242.659
32411,2010-01-30T15:30:00+00:00,-2387054,3242.722
32411,2010-01-30T15:45:00+00:00,-2386154,3242.799
32411,2010-01-30T16:00:00+00:00,-2385254,3242.890
32411,2010-01-30T16:15:00+00:00,-2384354,3242.995
32411,2010-01-30T16:30:00+00:00,-2383454,3243.110
32411,2010-01-30T16:45:00+00:00,-2382554,3243.229
32411,2010-01-30T17:00:00+00:00,-2381654,3243.358
32411,2010-01-30T17:15:00+00:00,-2380754,3243.493
32411,2010-01-30T17:30:00+00:00,-2379854,3243.629
32411,2010-01-30T17:45:00+00:00,-2378954,3243.766
32411,2010-01-30T18:00:00+00:00,-2378054,3243.899
32411,2010-01-30T18:15:00+00:00,-2377154,3244.028
32411,2010-01-30T18:30:00+00:00,-2376254,3244.150
32411,2010-01-30T18:45:00+00:00,-2375354,3244.267
32411,2010-01-30T19:00:00+00:00,-2374454,3244.371
32411,2010-01-30T19:15:00+00:00,-2373554,3244.466
32411,2010-01-30T19:30:00+00:00,-2372654,3244.545
32411,2010-01-30T19:45:00+00:00,-2371754,3244.609
32411,2010-01-30T20:00:00+00:00,-2370854,3244.660
32411,2010-01-30T20:15:00+00:00,-2369954,3244.694
32411,2010-01-30T20:30:00+00:00,-2369054,3244.715
32411,2010-01-30T20:45:00+00:00,-2368154,3244.715
32411,2010-01-30T21:00:00+00:00,-2367254,3244.698
32411,2010-01-30T21:15:00+00:00,-2366354,3244.668
32411,2010-01-30T21:30:00+00:00,-2365454,3244.619
32411,2010-01-30T21:45:00+00:00,-2364554,3244.558
32411,2010-01-30T22:00:00+00:00,-2363654,3244.480
32411,2010-01-30T22:15:00+00:00,-2362754,3244.390
32411,2010-01-30T22:30:00+00:00,-2361854,3244.282
32411,2010-01-30T22:45:00+00:00,-2360954,3244.169
32411,2010-01-30T23:00:00+00:00,-2360054,3244.050
32411,2010-01-30T23:15:00+00:00,-2359154,3243.925
32411,2010-01-30T23:30:00+00:00,-2358254,3243.793
32411,2010-01-30T23:45:00+00:00,-2357354,3243.658
32411,2010-01-31T00:00:00+00:00,-2356454,3243.523
32411,2010-01-31T00:15:00+00:00,-2355554,3243.391
32411,2010-01-31T00:30:00+00:00,-2354654,3243.261
32411,2010-01-31T00:45:00+00:00,-2353754,3243.141
32411,2010-01-31T01:00:00+00:00,-2352854,3243.027
32411,2010-01-31T01:15:00+00:00,-2351954,3242.928
32411,2010-01-31T01:30:00+00:00,-2351054,3242.838
32411,2010-01-31T01:45:00+00:00,-2350154,3242.763
32411,2010-01-31T02:00:00+00:00,-2349254,3242.701
32411,2010-01-31T02:15:00+00:00,-2348354,3242.654
32411,2010-01-31T02:30:00+00:00,-2347454,3242.624
32411,2010-01-31T02:45:00+00:00,-2346554,3242.614
32411,2010-01-31T03:00:00+00:00,-2345654,3242.620
32411,2010-01-31T03:15:00+00:00,-2344754,3242.645
32411,2010-01-31T03:30:00+00:00,-2343854,3242.686
32411,2010-01-31T03:45:00+00:00,-2342954,3242.742
32411,2010-01-31T04:00:00+00:00,-2342054,3242.812
32411,2010-01-31T04:15:00+00:00,-2341154,3242.900
32411,2010-01-31T04:30:00+00:00,-2340254,3243.001
32411,2010-01-31T04:45:00+00:00,-2339354,3243.112
32411,2010-01-31T05:00:00+00:00,-2338454,3243.231
32411,2010-01-31T05:15:00+00:00,-2337554,3243.364
32411,2010-01-31T05:30:00+00:00,-2336654,3243.496
32411,2010-01-31T05:45:00+00:00,-2335754,3243.637
32411,2010-01-31T06:00:00+00:00,-2334854,3243.777
32411,2010-01-31T06:15:00+00:00,-2333954,3243.918
32411,2010-01-31T06:30:00+00:00,-2333054,3244.053
32411,2010-01-31T06:45:00+00:00,-2332154,3244.182
32411,2010-01-31T07:00:00+00:00,-2331254,3244.306
32411,2010-01-31T07:15:00+00:00,-2330354,3244.423
32411,2010-01-31T07:30:00+00:00,-2329454,3244.527
32411,2010-01-31T07:45:00+00:00,-2328554,3244.613
32411,2010-01-31T08:00:00+00:00,-2327654,3244.685
32411,2010-01-31T08:15:00+00:00,-2326754,3244.742
32411,2010-01-31T08:30:00+00:00,-2325854,3244.785
32411,2010-01-31T08:45:00+00:00,-2324954,3244.808
32411,2010-01-31T09:00:00+00:00,-2324054,3244.814
32411,2010-01-31T09:15:00+00:00,-2323154,3244.804
32411,2010-01-31T09:30:00+00:00,-2322254,3244.774
32411,2010-01-31T09:45:00+00:00,-2321354,3244.726
32411,2010-01-31T10:00:00+00:00,-2320454,3244.662
32411,2010-01-31T10:15:00+00:00,-2319554,3244.584
32411,2010-01-31T10:30:00+00:00,-2318654,3244.490
32411,2010-01-31T10:45:00+00:00,-2317754,3244.383
32411,2010-01-31T11:00:00+00:00,-2316854,3244.263
32411,2010-01-31T11:15:00+00:00,-2315954,3244.136
32411,2010-01-31T11:30:00+00:00,-2315054,3244.000
32411,2010-01-31T11:45:00+00:00,-2314154,3243.858
32411,2010-01-31T12:00:00+00:00,-2313254,3243.712
32411,2010-01-31T12:15:00+00:00,-2312354,3243.563
32411,2010-01-31T12:30:00+00:00,-2311454,3243.417
32411,2010-01-31T12:45:00+00:00,-2310554,3243.271
32411,2010-01-31T13:00:00+00:00,-2309654,3243.132
32411,2010-01-31T13:15:00+00:00,-2308754,3243.000
32411,2010-01-31T13:30:00+00:00,-2307854,3242.882
32411,2010-01-31T13:45:00+00:00,-2306954,3242.774
32411,2010-01-31T14:00:00+00:00,-2306054,3242.678
32411,2010-01-31T14:15:00+00:00,-2305154,3242.600
32411,2010-01-31T14:30:00+00:00,-2304254,3242.539
32411,2010-01-31T14:45:00+00:00,-2303354,3242.494
32411,2010-01-31T15:00:00+00:00,-2302454,3242.471
32411,2010-01-31T15:15:00+00:00,-2301554,3242.462
32411,2010-01-31T15:30:00+00:00,-2300654,3242.473
32411,2010-01-31T15:45:00+00:00,-2299754,3242.504
32411,2010-01-31T16:00:00+00:00,-2298854,3242.553
32411,2010-01-31T16:15:00+00:00,-2297954,3242.621
32411,2010-01-31T16:30:00+00:00,-2297054,3242.704
32411,2010-01-31T16:45:00+00:00,-2296154,3242.802
32411,2010-01-31T17:00:00+00:00,-2295254,3242.915
32411,2010-01-31T17:15:00+00:00,-2294354,3243.036
32411,2010-01-31T17:30:00+00:00,-2293454,3243.167
32411,2010-01-31T17:45:00+00:00,-2292554,3243.308
32411,2010-01-31T18:00:00+00:00,-2291654,3243.454
32411,2010-01-31T18:15:00+00:00,-2290754,3243.606
32411,2010-01-31T18:30:00+00:00,-2289854,3243.759
32411,2010-01-31T18:45:00+00:00,-2288954,3243.909
32411,2010-01-31T19:00:00+00:00,-2288054,3244.057
32411,2010-01-31T19:15:00+00:00,-2287154,3244.198
32411,2010-01-31T19:30:00+00:00,-2286254,3244.328
32411,2010-01-31T19:45:00+00:00,-2285354,3244.452
32411,2010-01-31T20:00:00+00:00,-2284454,3244.557
32411,2010-01-31T20:15:00+00:00,-2283554,3244.652
32411,2010-01-31T20:30:00+00:00,-2282654,3244.734
32411,2010-01-31T20:45:00+00:00,-2281754,3244.795
32411,2010-01-31T21:00:00+00:00,-2280854,3244.840
32411,2010-01-31T21:15:00+00:00,-2279954,3244.870
32411,2010-01-31T21:30:00+00:00,-2279054,3244.878
32411,2010-01-31T21:45:00+00:00,-2278154,3244.867
32411,2010-01-31T22:00:00+00:00,-2277254,3244.838
32411,2010-01-31T22:15:00+00:00,-2276354,3244.792
32411,2010-01-31T22:30:00+00:00,-2275454,3244.726
32411,2010-01-31T22:45:00+00:00,-2274554,3244.646
32411,2010-01-31T23:00:00+00:00,-2273654,3244.546
32411,2010-01-31T23:15:00+00:00,-2272754,3244.438
32411,2010-01-31T23:30:00+00:00,-2271854,3244.317
32411,2010-01-31T23:45:00+00:00,-2270954,3244.191
32411,2010-02-01T00:00:00+00:00,-2270054,3244.052
32411,2010-02-01T00:15:00+00:00,-2269154,3243.908
32411,2010-02-01T00:30:00+00:00,-2268254,3243.761
32411,2010-02-01T00:45:00+00:00,-2267354,3243.614
32411,2010-02-01T01:00:00+00:00,-2266454,3243.469
32411,2010-02-01T01:15:00+00:00,-2265554,3243.330
32411,2010-02-01T01:30:00+00:00,-2264654,3243.195
32411,2010-02-01T01:45:00+00:00,-2263754,3243.067
32411,2010-02-01T02:00:00+00:00,-2262854,3242.950
32411,2010-02-01T02:15:00+00:00,-2261954,3242.845
32411,2010-02-01T02:30:00+00:00,-2261054,3242.755
32411,2010-02-01T02:45:00+00:00,-2260154,3242.683
32411,2010-02-01T03:00:00+00:00,-2259254,3242.622
32411,2010-02-01T03:15:00+00:00,-2258354,3242.581
32411,2010-02-01T03:30:00+00:00,-2257454,3242.558
32411,2010-02-01T03:45:00+00:00,-2256554,3242.556
32411,2010-02-01T04:00:00+00:00,-2255654,3242.570
32411,2010-02-01T04:15:00+00:00,-2254754,3242.603
32411,2010-02-01T04:30:00+00:00,-2253854,3242.653
32411,2010-02-01T04:45:00+00:00,-2252954,3242.720
32411,2010-02-01T05:00:00+00:00,-2252054,3242.803
32411,2010-02-01T05:15:00+00:00,-2251154,3242.902
32411,2010-02-01T05:30:00+00:00,-2250254,3243.014
32411,2010-02-01T05:45:00+00:00,-2249354,3243.139
32411,2010-02-01T06:00:00+00:00,-2248454,3243.276
32411,2010-02-01T06:15:00+00:00,-2247554,3243.416
32411,2010-02-01T06:30:00+00:00,-2246654,3243.562
32411,2010-02-01T06:45:00+00:00,-2245754,3243.710
32411,2010-02-01T07:00:00+00:00,-2244854,3243.857
32411,2010-02-01T07:15:00+00:00,-2243954,3244.004
32411,2010-02-01T07:30:00+00:00,-2243054,3244.145
32411,2010-02-01T07:45:00+00:00,-2242154,3244.280
32411,2010-02-01T08:00:00+00:00,-2241254,3244.404
32411,2010-02-01T08:15:00+00:00,-2240354,3244.519
32411,2010-02-01T08:30:00+00:00,-2239454,3244.618
32411,2010-02-01T08:45:00+00:00,-2238554,3244.701
32411,2010-02-01T09:00:00+00:00,-2237654,3244.772
32411,2010-02-01T09:15:00+00:00,-2236754,3244.822
32411,2010-02-01T09:30:00+00:00,-2235854,3244.854
32411,2010-02-01T09:45:00+00:00,-2234954,3244.868
32411,2010-02-01T10:00:00+00:00,-2234054,3244.864
32411,2010-02-01T10:15:00+00:00,-2233154,3244.840
32411,2010-02-01T10:30:00+00:00,-2232254,3244.796
32411,2010-02-01T10:45:00+00:00,-2231354,3244.736
32411,2010-02-01T11:00:00+00:00,-2230454,3244.657
32411,2010-02-01T11:15:00+00:00,-2229554,3244.564
32411,2010-02-01T11:30:00+00:00,-2228654,3244.455
32411,2010-02-01T11:45:00+00:00,-2227754,3244.333
32411,2010-02-01T12:00:00+00:00,-2226854,3244.198
32411,2010-02-01T12:15:00+00:00,-2225954,3244.054
32411,2010-02-01T12:30:00+00:00,-2225054,3243.905
32411,2010-02-01T12:45:00+00:00,-2224154,3243.751
32411,2010-02-01T13:00:00+00:00,-2223254,3243.596
32411,2010-02-01T13:15:00+00:00,-2222354,3243.445
32411,2010-02-01T13:30:00+00:00,-2221454,3243.292
32411,2010-02-01T13:45:00+00:00,-2220554,3243.147
32411,2010-02-01T14:00:00+00:00,-2219654,3243.008
32411,2010-02-01T14:15:00+00:00,-2218754,3242.881
32411,2010-02-01T14:30:00+00:00,-2217854,3242.767
32411,2010-02-01T14:45:00+00:00,-2216954,3242.669
32411,2010-02-01T15:00:00+00:00,-2216054,3242.580
32411,2010-02-01T15:15:00+00:00,-2215154,3242.507
32411,2010-02-01T15:30:00+00:00,-2214254,3242.459
32411,2010-02-01T15:45:00+00:00,-2213354,3242.428
32411,2010-02-01T16:00:00+00:00,-2212454,3242.417
32411,2010-02-01T16:15:00+00:00,-2211554,3242.424
32411,2010-02-01T16:30:00+00:00,-2210654,3242.455
32411,2010-02-01T16:45:00+00:00,-2209754,3242.503
32411,2010-02-01T17:00:00+00:00,-2208854,3242.569
32411,2010-02-01T17:15:00+00:00,-2207954,3242.652
32411,2010-02-01T17:30:00+00:00,-2207054,3242.751
32411,2010-02-01T17:45:00+00:00,-2206154,3242.863
32411,2010-02-01T18:00:00+00:00,-2205254,3242.990
32411,2010-02-01T18:15:00+00:00,-2204354,3243.127
32411,2010-02-01T18:30:00+00:00,-2203454,3243.273
32411,2010-02-01T18:45:00+00:00,-2202554,3243.428
32411,2010-02-01T19:00:00+00:00,-2201654,3243.586
32411,2010-02-01T19:15:00+00:00,-2200754,3243.746
32411,2010-02-01T19:30:00+00:00,-2199854,3243.903
32411,2010-02-01T19:45:00+00:00,-2198954,3244.058
32411,2010-02-01T20:00:00+00:00,-2198054,3244.201
32411,2010-02-01T20:15:00+00:00,-2197154,3244.341
32411,2010-02-01T20:30:00+00:00,-2196254,3244.474
32411,2010-02-01T20:45:00+00:00,-2195354,3244.590
32411,2010-02-01T21:00:00+00:00,-2194454,3244.694
32411,2010-02-01T21:15:00+00:00,-2193554,3244.779
32411,2010-02-01T21:30:00+00:00,-2192654,3244.848
32411,2010-02-01T21:45:00+00:00,-2191754,3244.901
32411,2010-02-01T22:00:00+00:00,-2190854,3244.933
32411,2010-02-01T22:15:00+00:00,-2189954,3244.948
32411,2010-02-01T22:30:00+00:00,-2189054,3244.944
32411,2010-02-01T22:45:00+00:00,-2188154,3244.919
32411,2010-02-01T23:00:00+00:00,-2187254,3244.873
32411,2010-02-01T23:15:00+00:00,-2186354,3244.808
32411,2010-02-01T23:30:00+00:00,-2185454,3244.728
32411,2010-02-01T23:45:00+00:00,-2184554,3244.633
32411,2010-02-02T00:00:00+00:00,-2183654,3244.522
32411,2010-02-02T00:15:00+00:00,-2182754,3244.398
32411,2010-02-02T00:30:00+00:00,-2181854,3244.268
32411,2010-02-02T00:45:00+00:00,-2180954,3244.127
32411,2010-02-02T01:00:00+00:00,-2180054,3243.984
32411,2010-02-02T01:15:00+00:00,-2179154,3243.833
32411,2010-02-02T01:30:00+00:00,-2178254,3243.682
32411,2010-02-02T01:45:00+00:00,-2177354,3243.532
32411,2010-02-02T02:00:00+00:00,-2176454,3243.383
32411,2010-02-02T02:15:00+00:00,-2175554,3243.242
32411,2010-02-02T02:30:00+00:00,-2174654,3243.106
32411,2010-02-02T02:45:00+00:00,-2173754,3242.981
32411,2010-02-02T03:00:00+00:00,-2172854,3242.869
32411,2010-02-02T03:15:00+00:00,-2171954,3242.772
32411,2010-02-02T03:30:00+00:00,-2171054,3242.690
32411,2010-02-02T03:45:00+00:00,-2170154,3242.627
32411,2010-02-02T04:00:00+00:00,-2169254,3242.579
32411,2010-02-02T04:15:00+00:00,-2168354,3242.551
32411,2010-02-02T04:30:00+00:00,-2167454,3242.541
32411,2010-02-02T04:45:00+00:00,-2166554,3242.549
32411,2010-02-02T05:00:00+00:00,-2165654,3242.574
32411,2010-02-02T05:15:00+00:00,-2164754,3242.617
32411,2010-02-02T05:30:00+00:00,-2163854,3242.679
32411,2010-02-02T05:45:00+00:00,-2162954,3242.759
32411,2010-02-02T06:00:00+00:00,-2162054,3242.856
32411,2010-02-02T06:15:00+00:00,-2161154,3242.966
32411,2010-02-02T06:30:00+00:00,-2160254,3243.086
32411,2010-02-02T06:45:00+00:00,-2159354,3243.218
32411,2010-02-02T07:00:00+00:00,-2158454,3243.358
32411,2010-02-02T07:15:00+00:00,-2157554,3243.508
32411,2010-02-02T07:30:00+00:00,-2156654,3243.657
32411,2010-02-02T07:45:00+00:00,-2155754,3243.805
32411,2010-02-02T08:00:00+00:00,-2154854,3243.954
32411,2010-02-02T08:15:00+00:00,-2153954,3244.099
32411,2010-02-02T08:30:00+00:00,-2153054,3244.235
32411,2010-02-02T08:45:00+00:00,-2152154,3244.360
32411,2010-02-02T09:00:00+00:00,-2151254,3244.472
32411,2010-02-02T09:15:00+00:00,-2150354,3244.574
32411,2010-02-02T09:30:00+00:00,-2149454,3244.661
32411,2010-02-02T09:45:00+00:00,-2148554,3244.733
32411,2010-02-02T10:00:00+00:00,-2147654,3244.790
32411,2010-02-02T10:15:00+00:00,-2146754,3244.829
32411,2010-02-02T10:30:00+00:00,-2145854,3244.849
32411,2010-02-02T10:45:00+00:00,-2144954,3244.853
32411,2010-02-02T11:00:00+00:00,-2144054,3244.836
32411,2010-02-02T11:15:00+00:00,-2143154,3244.797
32411,2010-02-02T11:30:00+00:00,-2142254,3244.740
32411,2010-02-02T11:45:00+00:00,-2141354,3244.664
32411,2010-02-02T12:00:00+00:00,-2140454,3244.572
32411,2010-02-02T12:15:00+00:00,-2139554,3244.467
32411,2010-02-02T12:30:00+00:00,-2138654,3244.347
32411,2010-02-02T12:45:00+00:00,-2137754,3244.216
32411,2010-02-02T13:00:00+00:00,-2136854,3244.077
32411,2010-02-02T13:15:00+00:00,-2135954,3243.932
32411,2010-02-02T13:30:00+00:00,-2135054,3243.785
32411,2010-02-02T13:45:00+00:00,-2134154,3243.629
32411,2010-02-02T14:00:00+00:00,-2133254,3243.477
32411,2010-02-02T14:15:00+00:00,-2132354,3243.328
32411,2010-02-02T14:30:00+00:00,-2131454,3243.185
32411,2010-02-02T14:45:00+00:00,-2130554,3243.049
32411,2010-02-02T15:00:00+00:00,-2129654,3242.924
32411,2010-02-02T15:15:00+00:00,-2128754,3242.807
32411,2010-02-02T15:30:00+00:00,-2127854,3242.704
32411,2010-02-02T15:45:00+00:00,-2126954,3242.616
32411,2010-02-02T16:00:00+00:00,-2126054,3242.545
32411,2010-02-02T16:15:00+00:00,-2125154,3242.493
32411,2010-02-02T16:30:00+00:00,-2124254,3242.461
32411,2010-02-02T16:45:00+00:00,-2123354,3242.445
32411,2010-02-02T17:00:00+00:00,-2122454,3242.449
32411,2010-02-02T17:15:00+00:00,-2121554,3242.474
32411,2010-02-02T17:30:00+00:00,-2120654,3242.515
32411,2010-02-02T17:45:00+00:00,-2119754,3242.580
32411,2010-02-02T18:00:00+00:00,-2118854,3242.664
32411,2010-02-02T18:15:00+00:00,-2117954,3242.764
32411,2010-02-02T18:30:00+00:00,-2117054,3242.878
32411,2010-02-02T18:45:00+00:00,-2116154,3243.002
32411,2010-02-02T19:00:00+00:00,-2115254,3243.136
32411,2010-02-02T19:15:00+00:00,-2114354,3243.279
32411,2010-02-02T19:30:00+00:00,-2113454,3243.431
32411,2010-02-02T19:45:00+00:00,-2112554,3243.585
32411,2010-02-02T20:00:00+00:00,-2111654,3243.745
32411,2010-02-02T20:15:00+00:00,-2110754,3243.900
32411,2010-02-02T20:30:00+00:00,-2109854,3244.053
32411,2010-02-02T20:45:00+00:00,-2108954,3244.201
32411,2010-02-02T21:00:00+00:00,-2108054,3244.343
32411,2010-02-02T21:15:00+00:00,-2107154,3244.473
32411,2010-02-02T21:30:00+00:00,-2106254,3244.592
32411,2010-02-02T21:45:00+00:00,-2105354,3244.698
32411,2010-02-02T22:00:00+00:00,-2104454,3244.789
32411,2010-02-02T22:15:00+00:00,-2103554,3244.861
32411,2010-02-02T22:30:00+00:00,-2102654,3244.917
32411,2010-02-02T22:45:00+00:00,-2101754,3244.955
32411,2010-02-02T23:00:00+00:00,-2100854,3244.975
32411,2010-02-02T23:15:00+00:00,-2099954,3244.973
32411,2010-02-02T23:30:00+00:00,-2099054,3244.949
32411,2010-02-02T23:45:00+00:00,-2098154,3244.912
32411,2010-02-03T00:00:00+00:00,-2097254,3244.857
32411,2010-02-03T00:15:00+00:00,-2096354,3244.779
32411,2010-02-03T00:30:00+00:00,-2095454,3244.686
32411,2010-02-03T00:45:00+00:00,-2094554,3244.579
32411,2010-02-03T01:00:00+00:00,-2093654,3244.458
32411,2010-02-03T01:15:00+00:00,-2092754,3244.331
32411,2010-02-03T01:30:00+00:00,-2091854,3244.192
32411,2010-02-03T01:45:00+00:00,-2090954,3244.048
32411,2010-02-03T02:00:00+00:00,-2090054,3243.904
32411,2010-02-03T02:15:00+00:00,-2089154,3243.754
32411,2010-02-03T02:30:00+00:00,-2088254,3243.607
32411,2010-02-03T02:45:00+00:00,-2087354,3243.465
32411,2010-02-03T03:00:00+00:00,-2086454,3243.325
32411,2010-02-03T03:15:00+00:00,-2085554,3243.192
32411,2010-02-03T03:30:00+00:00,-2084654,3243.068
32411,2010-02-03T03:45:00+00:00,-2083754,3242.954
32411,2010-02-03T04:00:00+00:00,-2082854,3242.855
32411,2010-02-03T04:15:00+00:00,-2081954,3242.766
32411,2010-02-03T04:30:00+00:00,-2081054,3242.695
32411,2010-02-03T04:45:00+00:00,-2080154,3242.641
32411,2010-02-03T05:00:00+00:00,-2079254,3242.604
32411,2010-02-03T05:15:00+00:00,-2078354,3242.584
32411,2010-02-03T05:30:00+00:00,-2077454,3242.583
32411,2010-02-03T05:45:00+00:00,-2076554,3242.601
32411,2010-02-03T06:00:00+00:00,-2075654,3242.634
32411,2010-02-03T06:15:00+00:00,-2074754,3242.689
32411,2010-02-03T06:30:00+00:00,-2073854,3242.762
32411,2010-02-03T06:45:00+00:00,-2072954,3242.848
32411,2010-02-03T07:00:00+00:00,-2072054,3242.949
32411,2010-02-03T07:15:00+00:00,-2071154,3243.060
32411,2010-02-03T07:30:00+00:00,-2070254,3243.181
32411,2010-02-03T07:45:00+00:00,-2069354,3243.313
32411,2010-02-03T08:00:00+00:00,-2068454,3243.451
32411,2010-02-03T08:15:00+00:00,-2067554,3243.592
32411,2010-02-03T08:30:00+00:00,-2066654,3243.734
32411,2010-02-03T08:45:00+00:00,-2065754,3243.873
32411,2010-02-03T09:00:00+00:00,-2064854,3244.011
32411,2010-02-03T09:15:00+00:00,-2063954,3244.141
32411,2010-02-03T09:30:00+00:00,-2063054,3244.264
32411,2010-02-03T09:45:00+00:00,-2062154,3244.376
32411,2010-02-03T10:00:00+00:00,-2061254,3244.478
32411,2010-02-03T10:15:00+00:00,-2060354,3244.568
32411,2010-02-03T10:30:00+00:00,-2059454,3244.640
32411,2010-02-03T10:45:00+00:00,-2058554,3244.697
32411,2010-02-03T11:00:00+00:00,-2057654,3244.737
32411,2010-02-03T11:15:00+00:00,-2056754,3244.759
32411,2010-02-03T11:30:00+00:00,-2055854,3244.764
32411,2010-02-03T11:45:00+00:00,-2054954,3244.750
32411,2010-02-03T12:00:00+00:00,-2054054,3244.720
32411,2010-02-03T12:15:00+00:00,-2053154,3244.670
32411,2010-02-03T12:30:00+00:00,-2052254,3244.602
32411,2010-02-03T12:45:00+00:00,-2051354,3244.521
32411,2010-02-03T13:00:00+00:00,-2050454,3244.426
32411,2010-02-03T13:15:00+00:00,-2049554,3244.318
32411,2010-02-03T13:30:00+00:00,-2048654,3244.201
32411,2010-02-03T13:45:00+00:00,-2047754,3244.073
32411,2010-02-03T14:00:00+00:00,-2046854,3243.938
32411,2010-02-03T14:15:00+00:00,-2045954,3243.797
32411,2010-02-03T14:30:00+00:00,-2045054,3243.654
32411,2010-02-03T14:45:00+00:00,-2044154,3243.512
32411,2010-02-03T15:00:00+00:00,-2043254,3243.373
32411,2010-02-03T15:15:00+00:00,-2042354,3243.240
32411,2010-02-03T15:30:00+00:00,-2041454,3243.111
32411,2010-02-03T15:45:00+00:00,-2040554,3242.986
32411,2010-02-03T16:00:00+00:00,-2039654,3242.877
32411,2010-02-03T16:15:00+00:00,-2038754,3242.779
32411,2010-02-03T16:30:00+00:00,-2037854,3242.698
32411,2010-02-03T16:45:00+00:00,-2036954,3242.632
32411,2010-02-03T17:00:00+00:00,-2036054,3242.581
32411,2010-02-03T17:15:00+00:00,-2035154,3242.545
32411,2010-02-03T17:30:00+00:00,-2034254,3242.529
32411,2010-02-03T17:45:00+00:00,-2033354,3242.530
32411,2010-02-03T18:00:00+00:00,-2032454,3242.550
32411,2010-02-03T18:15:00+00:00,-2031554,3242.590
32411,2010-02-03T18:30:00+00:00,-2030654,3242.650
32411,2010-02-03T18:45:00+00:00,-2029754,3242.722
32411,2010-02-03T19:00:00+00:00,-2028854,3242.812
32411,2010-02-03T19:15:00+00:00,-2027954,3242.915
32411,2010-02-03T19:30:00+00:00,-2027054,3243.030
32411,2010-02-03T19:45:00+00:00,-2026154,3243.157
32411,2010-02-03T20:00:00+00:00,-2025254,3243.290
32411,2010-02-03T20:15:00+00:00,-2024354,3243.429
32411,2010-02-03T20:30:00+00:00,-2023454,3243.578
32411,2010-02-03T20:45:00+00:00,-2022554,3243.725
32411,2010-02-03T21:00:00+00:00,-2021654,3243.870
32411,2010-02-03T21:15:00+00:00,-2020754,3244.013
32411,2010-02-03T21:30:00+00:00,-2019854,3244.155
32411,2010-02-03T21:45:00+00:00,-2018954,3244.285
32411,2010-02-03T22:00:00+00:00,-2018054,3244.407
32411,2010-02-03T22:15:00+00:00,-2017154,3244.521
32411,2010-02-03T22:30:00+00:00,-2016254,3244.619
32411,2010-02-03T22:45:00+00:00,-2015354,3244.703
32411,2010-02-03T23:00:00+00:00,-2014454,3244.774
32411,2010-02-03T23:15:00+00:00,-2013554,3244.828
32411,2010-02-03T23:30:00+00:00,-2012654,3244.863
32411,2010-02-03T23:45:00+00:00,-2011754,3244.883
32411,2010-02-04T00:00:00+00:00,-2010854,3244.889
32411,2010-02-04T00:15:00+00:00,-2009954,3244.875
32411,2010-02-04T00:30:00+00:00,-2009054,3244.841
32411,2010-02-04T00:45:00+00:00,-2008154,3244.790
32411,2010-02-04T01:00:00+00:00,-2007254,3244.722
32411,2010-02-04T01:15:00+00:00,-2006354,3244.638
32411,2010-02-04T01:30:00+00:00,-2005454,3244.544
32411,2010-02-04T01:45:00+00:00,-2004554,3244.432
32411,2010-02-04T02:00:00+00:00,-2003654,3244.314
32411,2010-02-04T02:15:00+00:00,-2002754,3244.191
32411,2010-02-04T02:30:00+00:00,-2001854,3244.063
32411,2010-02-04T02:45:00+00:00,-2000954,3243.926
32411,2010-02-04T03:00:00+00:00,-2000054,3243.785
32411,2010-02-04T03:15:00+00:00,-1999154,3243.649
32411,2010-02-04T03:30:00+00:00,-1998254,3243.512
32411,2010-02-04T03:45:00+00:00,-1997354,3243.378
32411,2010-02-04T04:00:00+00:00,-1996454,3243.250
32411,2010-02-04T04:15:00+00:00,-1995554,3243.131
32411,2010-02-04T04:30:00+00:00,-1994654,3243.026
32411,2010-02-04T04:45:00+00:00,-1993754,3242.931
32411,2010-02-04T05:00:00+00:00,-1992854,3242.847
32411,2010-02-04T05:15:00+00:00,-1991954,3242.777
32411,2010-02-04T05:30:00+00:00,-1991054,3242.721
32411,2010-02-04T05:45:00+00:00,-1990154,3242.684
32411,2010-02-04T06:00:00+00:00,-1989254,3242.663
32411,2010-02-04T06:15:00+00:00,-1988354,3242.659
32411,2010-02-04T06:30:00+00:00,-1987454,3242.669
32411,2010-02-04T06:45:00+00:00,-1986554,3242.700
32411,2010-02-04T07:00:00+00:00,-1985654,3242.742
32411,2010-02-04T07:15:00+00:00,-1984754,3242.802
32411,2010-02-04T07:30:00+00:00,-1983854,3242.877
32411,2010-02-04T07:45:00+00:00,-1982954,3242.967
32411,2010-02-04T08:00:00+00:00,-1982054,3243.069
32411,2010-02-04T08:15:00+00:00,-1981154,3243.175
32411,2010-02-04T08:30:00+00:00,-1980254,3243.291
32411,2010-02-04T08:45:00+00:00,-1979354,3243.414
32411,2010-02-04T09:00:00+00:00,-1978454,3243.542
32411,2010-02-04T09:15:00+00:00,-1977554,3243.671
32411,2010-02-04T09:30:00+00:00,-1976654,3243.801
32411,2010-02-04T09:45:00+00:00,-1975754,3243.929
32411,2010-02-04T10:00:00+00:00,-1974854,3244.050
32411,2010-02-04T10:15:00+00:00,-1973954,3244.162
32411,2010-02-04T10:30:00+00:00,-1973054,3244.265
32411,2010-02-04T10:45:00+00:00,-1972154,3244.359
32411,2010-02-04T11:00:00+00:00,-1971254,3244.442
32411,2010-02-04T11:15:00+00:00,-1970354,3244.513
32411,2010-02-04T11:30:00+00:00,-1969454,3244.565
32411,2010-02-04T11:45:00+00:00,-1968554,3244.604
32411,2010-02-04T12:00:00+00:00,-1967654,3244.628
32411,2010-02-04T12:15:00+00:00,-1966754,3244.634
32411,2010-02-04T12:30:00+00:00,-1965854,3244.629
32411,2010-02-04T12:45:00+00:00,-1964954,3244.603
32411,2010-02-04T13:00:00+00:00,-1964054,3244.563
32411,2010-02-04T13:15:00+00:00,-1963154,3244.508
32411,2010-02-04T13:30:00+00:00,-1962254,3244.436
32411,2010-02-04T13:45:00+00:00,-1961354,3244.353
32411,2010-02-04T14:00:00+00:00,-1960454,3244.259
32411,2010-02-04T14:15:00+00:00,-1959554,3244.156
32411,2010-02-04T14:30:00+00:00,-1958654,3244.044
32411,2010-02-04T14:45:00+00:00,-1957754,3243.927
32411,2010-02-04T15:00:00+00:00,-1956854,3243.805
32411,2010-02-04T15:15:00+00:00,-1955954,3243.680
32411,2010-02-04T15:30:00+00:00,-1955054,3243.549
32411,2010-02-04T15:45:00+00:00,-1954154,3243.422
32411,2010-02-04T16:00:00+00:00,-1953254,3243.302
32411,2010-02-04T16:15:00+00:00,-1952354,3243.184
32411,2010-02-04T16:30:00+00:00,-1951454,3243.076
32411,2010-02-04T16:45:00+00:00,-1950554,3242.979
32411,2010-02-04T17:00:00+00:00,-1949654,3242.889
32411,2010-02-04T17:15:00+00:00,-1948754,3242.815
32411,2010-02-04T17:30:00+00:00,-1947854,3242.750
32411,2010-02-04T17:45:00+00:00,-1946954,3242.698
32411,2010-02-04T18:00:00+00:00,-1946054,3242.664
32411,2010-02-04T18:15:00+00:00,-1945154,3242.646
32411,2010-02-04T18:30:00+00:00,-1944254,3242.647
32411,2010-02-04T18:45:00+00:00,-1943354,3242.660
32411,2010-02-04T19:00:00+00:00,-1942454,3242.694
32411,2010-02-04T19:15:00+00:00,-1941554,3242.740
32411,2010-02-04T19:30:00+00:00,-1940654,3242.803
32411,2010-02-04T19:45:00+00:00,-1939754,3242.880
32411,2010-02-04T20:00:00+00:00,-1938854,3242.969
32411,2010-02-04T20:15:00+00:00,-1937954,3243.068
32411,2010-02-04T20:30:00+00:00,-1937054,3243.174
32411,2010-02-04T20:45:00+00:00,-1936154,3243.291
32411,2010-02-04T21:00:00+00:00,-1935254,3243.413
32411,2010-02-04T21:15:00+00:00,-1934354,3243.543
32411,2010-02-04T21:30:00+00:00,-1933454,3243.674
32411,2010-02-04T21:45:00+00:00,-1932554,3243.804
32411,2010-02-04T22:00:00+00:00,-1931654,3243.932
32411,2010-02-04T22:15:00+00:00,-1930754,3244.058
32411,2010-02-04T22:30:00+00:00,-1929854,3244.179
32411,2010-02-04T22:45:00+00:00,-1928954,3244.292
32411,2010-02-04T23:00:00+00:00,-1928054,3244.394
32411,2010-02-04T23:15:00+00:00,-1927154,3244.486
32411,2010-02-04T23:30:00+00:00,-1926254,3244.565
32411,2010-02-04T23:45:00+00:00,-1925354,3244.630
32411,2010-02-05T00:00:00+00:00,-1924454,3244.681
32411,2010-02-05T02:15:00+00:00,-1916354,3244.456
32411,2010-02-05T02:30:00+00:00,-1915454,3244.364
32411,2010-02-05T02:45:00+00:00,-1914554,3244.267
32411,2010-02-05T03:00:00+00:00,-1913654,3244.156
32411,2010-02-05T03:15:00+00:00,-1912754,3244.043
32411,2010-02-05T03:30:00+00:00,-1911854,3243.922
32411,2010-02-05T03:45:00+00:00,-1910954,3243.799
32411,2010-02-05T04:00:00+00:00,-1910054,3243.675
32411,2010-02-05T05:15:00+00:00,-1905554,3243.116
32411,2010-02-05T05:30:00+00:00,-1904654,3243.029
32411,2010-02-05T05:45:00+00:00,-1903754,3242.949
32411,2010-02-05T06:00:00+00:00,-1902854,3242.886
32411,2010-02-05T06:15:00+00:00,-1901954,3242.832
32411,2010-02-05T06:30:00+00:00,-1901054,3242.795
32411,2010-02-05T06:45:00+00:00,-1900154,3242.768
32411,2010-02-05T07:00:00+00:00,-1899254,3242.756
32411,2010-02-05T07:15:00+00:00,-1898354,3242.758
32411,2010-02-05T07:30:00+00:00,-1897454,3242.778
32411,2010-02-05T07:45:00+00:00,-1896554,3242.811
32411,2010-02-05T08:00:00+00:00,-1895654,3242.861
32411,2010-02-05T08:15:00+00:00,-1894754,3242.921
32411,2010-02-05T08:30:00+00:00,-1893854,3242.999
32411,2010-02-05T08:45:00+00:00,-1892954,3243.084
32411,2010-02-05T09:00:00+00:00,-1892054,3243.177
32411,2010-02-05T09:15:00+00:00,-1891154,3243.277
32411,2010-02-05T09:30:00+00:00,-1890254,3243.386
32411,2010-02-05T09:45:00+00:00,-1889354,3243.498
32411,2010-02-05T10:00:00+00:00,-1888454,3243.610
32411,2010-02-05T10:15:00+00:00,-1887554,3243.724
32411,2010-02-05T10:30:00+00:00,-1886654,3243.833
32411,2010-02-05T10:45:00+00:00,-1885754,3243.938
32411,2010-02-05T11:00:00+00:00,-1884854,3244.042
32411,2010-02-05T11:15:00+00:00,-1883954,3244.135
32411,2010-02-05T11:30:00+00:00,-1883054,3244.219
32411,2010-02-05T11:45:00+00:00,-1882154,3244.298
32411,2010-02-05T12:00:00+00:00,-1881254,3244.359
32411,2010-02-05T12:15:00+00:00,-1880354,3244.414
32411,2010-02-05T12:30:00+00:00,-1879454,3244.456
32411,2010-02-05T12:45:00+00:00,-1878554,3244.485
32411,2010-02-05T13:00:00+00:00,-1877654,3244.502
32411,2010-02-05T13:15:00+00:00,-1876754,3244.503
32411,2010-02-05T13:30:00+00:00,-1875854,3244.489
32411,2010-02-05T13:45:00+00:00,-1874954,3244.461
32411,2010-02-05T14:00:00+00:00,-1874054,3244.419
32411,2010-02-05T14:15:00+00:00,-1873154,3244.366
32411,2010-02-05T14:30:00+00:00,-1872254,3244.297
32411,2010-02-05T14:45:00+00:00,-1871354,3244.220
32411,2010-02-05T15:00:00+00:00,-1870454,3244.136
32411,2010-02-05T15:15:00+00:00,-1869554,3244.042
32411,2010-02-05T15:30:00+00:00,-1868654,3243.946
32411,2010-02-05T15:45:00+00:00,-1867754,3243.841
32411,2010-02-05T16:00:00+00:00,-1866854,3243.734
32411,2010-02-05T17:15:00+00:00,-1862354,3243.219
32411,2010-02-05T17:30:00+00:00,-1861454,3243.134
32411,2010-02-05T17:45:00+00:00,-1860554,3243.054
32411,2010-02-05T18:00:00+00:00,-1859654,3242.987
32411,2010-02-05T18:15:00+00:00,-1858754,3242.929
32411,2010-02-05T18:30:00+00:00,-1857854,3242.885
32411,2010-02-05T18:45:00+00:00,-1856954,3242.853
32411,2010-02-05T19:00:00+00:00,-1856054,3242.832
32411,2010-02-05T19:15:00+00:00,-1855154,3242.825
32411,2010-02-05T19:30:00+00:00,-1854254,3242.831
32411,2010-02-05T19:45:00+00:00,-1853354,3242.852
32411,2010-02-05T20:00:00+00:00,-1852454,3242.891
32411,2010-02-05T20:15:00+00:00,-1851554,3242.944
32411,2010-02-05T20:30:00+00:00,-1850654,3243.005
32411,2010-02-05T20:45:00+00:00,-1849754,3243.076
32411,2010-02-05T21:00:00+00:00,-1848854,3243.158
32411,2010-02-05T21:15:00+00:00,-1847954,3243.247
32411,2010-02-05T21:30:00+00:00,-1847054,3243.345
32411,2010-02-05T21:45:00+00:00,-1846154,3243.448
32411,2010-02-05T22:00:00+00:00,-1845254,3243.556
32411,2010-02-05T22:15:00+00:00,-1844354,3243.668
32411,2010-02-05T22:30:00+00:00,-1843454,3243.777
32411,2010-02-05T22:45:00+00:00,-1842554,3243.885
32411,2010-02-05T23:00:00+00:00,-1841654,3243.993
32411,2010-02-05T23:15:00+00:00,-1840754,3244.096
32411,2010-02-05T23:30:00+00:00,-1839854,3244.193
32411,2010-02-05T23:45:00+00:00,-1838954,3244.280
32411,2010-02-06T00:00:00+00:00,-1838054,3244.362
32411,2010-02-06T00:15:00+00:00,-1837154,3244.432
32411,2010-02-06T00:30:00+00:00,-1836254,3244.490
32411,2010-02-06T00:45:00+00:00,-1835354,3244.538
32411,2010-02-06T01:00:00+00:00,-1834454,3244.572
32411,2010-02-06T01:15:00+00:00,-1833554,3244.597
32411,2010-02-06T01:30:00+00:00,-1832654,3244.604
32411,2010-02-06T01:45:00+00:00,-1831754,3244.600
32411,2010-02-06T02:00:00+00:00,-1830854,3244.583
32411,2010-02-06T02:15:00+00:00,-1829954,3244.551
32411,2010-02-06T02:30:00+00:00,-1829054,3244.506
32411,2010-02-06T02:45:00+00:00,-1828154,3244.453
32411,2010-02-06T03:00:00+00:00,-1827254,3244.388
32411,2010-02-06T03:15:00+00:00,-1826354,3244.312
32411,2010-02-06T03:30:00+00:00,-1825454,3244.227
32411,2010-02-06T03:45:00+00:00,-1824554,3244.137
32411,2010-02-06T04:00:00+00:00,-1823654,3244.038
32411,2010-02-06T04:15:00+00:00,-1822754,3243.937
32411,2010-02-06T04:30:00+00:00,-1821854,3243.830
32411,2010-02-06T04:45:00+00:00,-1820954,3243.725
32411,2010-02-06T05:00:00+00:00,-1820054,3243.617
32411,2010-02-06T05:15:00+00:00,-1819154,3243.513
32411,2010-02-06T05:30:00+00:00,-1818254,3243.416
32411,2010-02-06T05:45:00+00:00,-1817354,3243.319
32411,2010-02-06T06:00:00+00:00,-1816454,3243.234
32411,2010-02-06T06:15:00+00:00,-1815554,3243.154
32411,2010-02-06T06:30:00+00:00,-1814654,3243.083
32411,2010-02-06T06:45:00+00:00,-1813754,3243.022
32411,2010-02-06T07:00:00+00:00,-1812854,3242.969
32411,2010-02-06T07:15:00+00:00,-1811954,3242.925
32411,2010-02-06T07:30:00+00:00,-1811054,3242.896
32411,2010-02-06T07:45:00+00:00,-1810154,3242.882
32411,2010-02-06T08:00:00+00:00,-1809254,3242.881
32411,2010-02-06T08:15:00+00:00,-1808354,3242.891
32411,2010-02-06T08:30:00+00:00,-1807454,3242.913
32411,2010-02-06T08:45:00+00:00,-1806554,3242.944
32411,2010-02-06T09:00:00+00:00,-1805654,3242.989
32411,2010-02-06T09:15:00+00:00,-1804754,3243.048
32411,2010-02-06T09:30:00+00:00,-1803854,3243.115
32411,2010-02-06T09:45:00+00:00,-1802954,3243.192
32411,2010-02-06T10:00:00+00:00,-1802054,3243.273
32411,2010-02-06T10:15:00+00:00,-1801154,3243.362
32411,2010-02-06T10:30:00+00:00,-1800254,3243.452
32411,2010-02-06T10:45:00+00:00,-1799354,3243.545
32411,2010-02-06T11:00:00+00:00,-1798454,3243.640
32411,2010-02-06T11:15:00+00:00,-1797554,3243.733
32411,2010-02-06T11:30:00+00:00,-1796654,3243.827
32411,2010-02-06T11:45:00+00:00,-1795754,3243.916
32411,2010-02-06T12:00:00+00:00,-1794854,3244.001
32411,2010-02-06T12:15:00+00:00,-1793954,3244.074
32411,2010-02-06T12:30:00+00:00,-1793054,3244.143
32411,2010-02-06T12:45:00+00:00,-1792154,3244.206
32411,2010-02-06T13:00:00+00:00,-1791254,3244.257
32411,2010-02-06T13:15:00+00:00,-1790354,3244.299
32411,2010-02-06T13:30:00+00:00,-1789454,3244.330
32411,2010-02-06T13:45:00+00:00,-1788554,3244.348
32411,2010-02-06T14:00:00+00:00,-1787654,3244.358
32411,2010-02-06T14:15:00+00:00,-1786754,3244.353
32411,2010-02-06T14:30:00+00:00,-1785854,3244.338
32411,2010-02-06T14:45:00+00:00,-1784954,3244.313
32411,2010-02-06T15:00:00+00:00,-1784054,3244.278
32411,2010-02-06T15:15:00+00:00,-1783154,3244.230
32411,2010-02-06T15:30:00+00:00,-1782254,3244.176
32411,2010-02-06T15:45:00+00:00,-1781354,3244.110
32411,2010-02-06T16:00:00+00:00,-1780454,3244.036
32411,2010-02-06T16:15:00+00:00,-1779554,3243.960
32411,2010-02-06T16:30:00+00:00,-1778654,3243.879
32411,2010-02-06T16:45:00+00:00,-1777754,3243.794
32411,2010-02-06T17:00:00+00:00,-1776854,3243.706
32411,2010-02-06T17:15:00+00:00,-1775954,3243.616
32411,2010-02-06T17:30:00+00:00,-1775054,3243.526
32411,2010-02-06T17:45:00+00:00,-1774154,3243.442
32411,2010-02-06T18:00:00+00:00,-1773254,3243.363
32411,2010-02-06T18:15:00+00:00,-1772354,3243.288
32411,2010-02-06T18:30:00+00:00,-1771454,3243.221
32411,2010-02-06T18:45:00+00:00,-1770554,3243.161
32411,2010-02-06T19:00:00+00:00,-1769654,3243.109
32411,2010-02-06T19:15:00+00:00,-1768754,3243.065
32411,2010-02-06T19:30:00+00:00,-1767854,3243.031
32411,2010-02-06T19:45:00+00:00,-1766954,3243.008
32411,2010-02-06T20:00:00+00:00,-1766054,3242.994
32411,2010-02-06T22:15:00+00:00,-1757954,3243.359
32411,2010-02-06T22:30:00+00:00,-1757054,3243.440
32411,2010-02-06T22:45:00+00:00,-1756154,3243.525
32411,2010-02-06T23:00:00+00:00,-1755254,3243.617
32411,2010-02-06T23:15:00+00:00,-1754354,3243.709
32411,2010-02-06T23:30:00+00:00,-1753454,3243.799
32411,2010-02-06T23:45:00+00:00,-1752554,3243.887
32411,2010-02-07T00:00:00+00:00,-1751654,3243.974
32411,2010-02-07T00:15:00+00:00,-1750754,3244.057
32411,2010-02-07T00:30:00+00:00,-1749854,3244.133
32411,2010-02-07T00:45:00+00:00,-1748954,3244.204
32411,2010-02-07T01:00:00+00:00,-1748054,3244.266
32411,2010-02-07T01:15:00+00:00,-1747154,3244.322
32411,2010-02-07T01:30:00+00:00,-1746254,3244.365
32411,2010-02-07T01:45:00+00:00,-1745354,3244.401
32411,2010-02-07T02:00:00+00:00,-1744454,3244.429
32411,2010-02-07T02:15:00+00:00,-1743554,3244.444
32411,2010-02-07T02:30:00+00:00,-1742654,3244.446
32411,2010-02-07T02:45:00+00:00,-1741754,3244.436
32411,2010-02-07T03:00:00+00:00,-1740854,3244.417
32411,2010-02-07T03:15:00+00:00,-1739954,3244.389
32411,2010-02-07T03:30:00+00:00,-1739054,3244.349
32411,2010-02-07T03:45:00+00:00,-1738154,3244.299
32411,2010-02-07T04:00:00+00:00,-1737254,3244.245
32411,2010-02-07T04:15:00+00:00,-1736354,3244.180
32411,2010-02-07T04:30:00+00:00,-1735454,3244.109
32411,2010-02-07T04:45:00+00:00,-1734554,3244.031
32411,2010-02-07T05:00:00+00:00,-1733654,3243.949
32411,2010-02-07T06:15:00+00:00,-1729154,3243.513
32411,2010-02-07T06:30:00+00:00,-1728254,3243.429
32411,2010-02-07T06:45:00+00:00,-1727354,3243.350
32411,2010-02-07T07:00:00+00:00,-1726454,3243.279
32411,2010-02-07T07:15:00+00:00,-1725554,3243.212
32411,2010-02-07T07:30:00+00:00,-1724654,3243.152
32411,2010-02-07T07:45:00+00:00,-1723754,3243.099
32411,2010-02-07T08:00:00+00:00,-1722854,3243.057
32411,2010-02-07T08:15:00+00:00,-1721954,3243.028
32411,2010-02-07T08:30:00+00:00,-1721054,3243.007
32411,2010-02-07T08:45:00+00:00,-1720154,3242.997
32411,2010-02-07T09:00:00+00:00,-1719254,3242.996
32411,2010-02-07T09:15:00+00:00,-1718354,3243.001
32411,2010-02-07T09:30:00+00:00,-1717454,3243.021
32411,2010-02-07T09:45:00+00:00,-1716554,3243.051
32411,2010-02-07T10:00:00+00:00,-1715654,3243.091
32411,2010-02-07T10:15:00+00:00,-1714754,3243.138
32411,2010-02-07T10:30:00+00:00,-1713854,3243.193
32411,2010-02-07T10:45:00+00:00,-1712954,3243.253
32411,2010-02-07T11:00:00+00:00,-1712054,3243.322
32411,2010-02-07T11:15:00+00:00,-1711154,3243.395
32411,2010-02-07T11:30:00+00:00,-1710254,3243.470
32411,2010-02-07T11:45:00+00:00,-1709354,3243.544
32411,2010-02-07T12:00:00+00:00,-1708454,3243.622
32411,2010-02-07T12:15:00+00:00,-1707554,3243.699
32411,2010-02-07T12:30:00+00:00,-1706654,3243.778
32411,2010-02-07T12:45:00+00:00,-1705754,3243.852
32411,2010-02-07T13:00:00+00:00,-1704854,3243.921
32411,2010-02-07T13:15:00+00:00,-1703954,3243.989
32411,2010-02-07T13:30:00+00:00,-1703054,3244.046
32411,2010-02-07T13:45:00+00:00,-1702154,3244.098
32411,2010-02-07T14:00:00+00:00,-1701254,3244.140
32411,2010-02-07T14:15:00+00:00,-1700354,3244.175
32411,2010-02-07T14:30:00+00:00,-1699454,3244.201
32411,2010-02-07T14:45:00+00:00,-1698554,3244.220
32411,2010-02-07T15:00:00+00:00,-1697654,3244.226
32411,2010-02-07T15:15:00+00:00,-1696754,3244.228
32411,2010-02-07T15:30:00+00:00,-1695854,3244.217
32411,2010-02-07T15:45:00+00:00,-1694954,3244.196
32411,2010-02-07T16:00:00+00:00,-1694054,3244.166
32411,2010-02-07T16:15:00+00:00,-1693154,3244.127
32411,2010-02-07T16:30:00+00:00,-1692254,3244.081
32411,2010-02-07T16:45:00+00:00,-1691354,3244.028
32411,2010-02-07T17:00:00+00:00,-1690454,3243.969
32411,2010-02-07T17:15:00+00:00,-1689554,3243.905
32411,2010-02-07T17:30:00+00:00,-1688654,3243.840
32411,2010-02-07T17:45:00+00:00,-1687754,3243.767
32411,2010-02-07T18:00:00+00:00,-1686854,3243.696
32411,2010-02-07T18:15:00+00:00,-1685954,3243.621
32411,2010-02-07T18:30:00+00:00,-1685054,3243.549
32411,2010-02-07T18:45:00+00:00,-1684154,3243.476
32411,2010-02-07T19:00:00+00:00,-1683254,3243.408
32411,2010-02-07T19:15:00+00:00,-1682354,3243.344
32411,2010-02-07T19:30:00+00:00,-1681454,3243.289
32411,2010-02-07T19:45:00+00:00,-1680554,3243.237
32411,2010-02-07T20:00:00+00:00,-1679654,3243.192
32411,2010-02-07T20:15:00+00:00,-1678754,3243.155
32411,2010-02-07T20:30:00+00:00,-1677854,3243.125
32411,2010-02-07T20:45:00+00:00,-1676954,3243.107
32411,2010-02-07T21:00:00+00:00,-1676054,3243.097
32411,2010-02-07T21:15:00+00:00,-1675154,3243.096
32411,2010-02-07T21:30:00+00:00,-1674254,3243.105
32411,2010-02-07T21:45:00+00:00,-1673354,3243.120
32411,2010-02-07T22:00:00+00:00,-1672454,3243.146
32411,2010-02-07T22:15:00+00:00,-1671554,3243.181
32411,2010-02-07T22:30:00+00:00,-1670654,3243.223
32411,2010-02-07T22:45:00+00:00,-1669754,3243.278
32411,2010-02-07T23:00:00+00:00,-1668854,3243.335
32411,2010-02-07T23:15:00+00:00,-1667954,3243.399
32411,2010-02-07T23:30:00+00:00,-1667054,3243.465
32411,2010-02-07T23:45:00+00:00,-1666154,3243.537
32411,2010-02-08T00:00:00+00:00,-1665254,3243.609
32411,2010-02-08T00:15:00+00:00,-1664354,3243.687
32411,2010-02-08T00:30:00+00:00,-1663454,3243.766
32411,2010-02-08T00:45:00+00:00,-1662554,3243.842
32411,2010-02-08T01:00:00+00:00,-1661654,3243.919
32411,2010-02-08T01:15:00+00:00,-1660754,3243.987
32411,2010-02-08T01:30:00+00:00,-1659854,3244.051
32411,2010-02-08T01:45:00+00:00,-1658954,3244.109
32411,2010-02-08T02:00:00+00:00,-1658054,3244.164
32411,2010-02-08T02:15:00+00:00,-1657154,3244.215
32411,2010-02-08T02:30:00+00:00,-1656254,3244.257
32411,2010-02-08T02:45:00+00:00,-1655354,3244.289
32411,2010-02-08T03:00:00+00:00,-1654454,3244.314
32411,2010-02-08T03:15:00+00:00,-1653554,3244.329
32411,2010-02-08T03:30:00+00:00,-1652654,3244.334
32411,2010-02-08T03:45:00+00:00,-1651754,3244.328
32411,2010-02-08T04:00:00+00:00,-1650854,3244.314
32411,2010-02-08T04:15:00+00:00,-1649954,3244.292
32411,2010-02-08T04:30:00+00:00,-1649054,3244.261
32411,2010-02-08T04:45:00+00:00,-1648154,3244.224
32411,2010-02-08T05:00:00+00:00,-1647254,3244.178
32411,2010-02-08T05:15:00+00:00,-1646354,3244.124
32411,2010-02-08T05:30:00+00:00,-1645454,3244.067
32411,2010-02-08T05:45:00+00:00,-1644554,3244.002
32411,2010-02-08T06:00:00+00:00,-1643654,3243.934
32411,2010-02-08T06:15:00+00:00,-1642754,3243.861
32411,2010-02-08T06:30:00+00:00,-1641854,3243.788
32411,2010-02-08T06:45:00+00:00,-1640954,3243.712
32411,2010-02-08T07:00:00+00:00,-1640054,3243.637
32411,2010-02-08T07:15:00+00:00,-1639154,3243.559
32411,2010-02-08T07:30:00+00:00,-1638254,3243.490
32411,2010-02-08T07:45:00+00:00,-1637354,3243.426
32411,2010-02-08T08:00:00+00:00,-1636454,3243.365
32411,2010-02-08T08:15:00+00:00,-1635554,3243.307
32411,2010-02-08T08:30:00+00:00,-1634654,3243.257
32411,2010-02-08T08:45:00+00:00,-1633754,3243.210
32411,2010-02-08T09:00:00+00:00,-1632854,3243.172
32411,2010-02-08T09:15:00+00:00,-1631954,3243.143
32411,2010-02-08T09:30:00+00:00,-1631054,3243.120
32411,2010-02-08T09:45:00+00:00,-1630154,3243.105
32411,2010-02-08T10:00:00+00:00,-1629254,3243.104
32411,2010-02-08T10:15:00+00:00,-1628354,3243.110
32411,2010-02-08T10:30:00+00:00,-1627454,3243.125
32411,2010-02-08T10:45:00+00:00,-1626554,3243.150
32411,2010-02-08T11:00:00+00:00,-1625654,3243.184
32411,2010-02-08T11:15:00+00:00,-1624754,3243.220
32411,2010-02-08T11:30:00+00:00,-1623854,3243.263
32411,2010-02-08T11:45:00+00:00,-1622954,3243.314
32411,2010-02-08T12:00:00+00:00,-1622054,3243.370
32411,2010-02-08T12:15:00+00:00,-1621154,3243.430
32411,2010-02-08T12:30:00+00:00,-1620254,3243.493
32411,2010-02-08T12:45:00+00:00,-1619354,3243.558
32411,2010-02-08T13:00:00+00:00,-1618454,3243.626
32411,2010-02-08T13:15:00+00:00,-1617554,3243.694
32411,2010-02-08T13:30:00+00:00,-1616654,3243.760
32411,2010-02-08T13:45:00+00:00,-1615754,3243.827
32411,2010-02-08T14:00:00+00:00,-1614854,3243.889
32411,2010-02-08T14:15:00+00:00,-1613954,3243.947
32411,2010-02-08T14:30:00+00:00,-1613054,3243.998
32411,2010-02-08T14:45:00+00:00,-1612154,3244.045
32411,2010-02-08T15:00:00+00:00,-1611254,3244.084
32411,2010-02-08T15:15:00+00:00,-1610354,3244.118
32411,2010-02-08T15:30:00+00:00,-1609454,3244.145
32411,2010-02-08T15:45:00+00:00,-1608554,3244.160
32411,2010-02-08T16:00:00+00:00,-1607654,3244.170
32411,2010-02-08T16:15:00+00:00,-1606754,3244.169
32411,2010-02-08T16:30:00+00:00,-1605854,3244.164
32411,2010-02-08T16:45:00+00:00,-1604954,3244.150
32411,2010-02-08T17:00:00+00:00,-1604054,3244.128
32411,2010-02-08T17:15:00+00:00,-1603154,3244.095
32411,2010-02-08T17:30:00+00:00,-1602254,3244.058
32411,2010-02-08T17:45:00+00:00,-1601354,3244.016
32411,2010-02-08T18:00:00+00:00,-1600454,3243.969
32411,2010-02-08T18:15:00+00:00,-1599554,3243.917
32411,2010-02-08T18:30:00+00:00,-1598654,3243.858
32411,2010-02-08T18:45:00+00:00,-1597754,3243.798
32411,2010-02-08T19:00:00+00:00,-1596854,3243.735
32411,2010-02-08T19:15:00+00:00,-1595954,3243.672
32411,2010-02-08T19:30:00+00:00,-1595054,3243.607
32411,2010-02-08T19:45:00+00:00,-1594154,3243.547
32411,2010-02-08T20:00:00+00:00,-1593254,3243.486
32411,2010-02-08T20:15:00+00:00,-1592354,3243.429
32411,2010-02-08T20:30:00+00:00,-1591454,3243.378
32411,2010-02-08T20:45:00+00:00,-1590554,3243.330
32411,2010-02-08T21:00:00+00:00,-1589654,3243.290
32411,2010-02-08T21:15:00+00:00,-1588754,3243.254
32411,2010-02-08T21:30:00+00:00,-1587854,3243.223
32411,2010-02-08T21:45:00+00:00,-1586954,3243.203
32411,2010-02-08T22:00:00+00:00,-1586054,3243.188
32411,2010-02-08T22:15:00+00:00,-1585154,3243.183
32411,2010-02-08T22:30:00+00:00,-1584254,3243.187
32411,2010-02-08T22:45:00+00:00,-1583354,3243.198
32411,2010-02-08T23:00:00+00:00,-1582454,3243.217
32411,2010-02-08T23:15:00+00:00,-1581554,3243.243
32411,2010-02-08T23:30:00+00:00,-1580654,3243.273
32411,2010-02-08T23:45:00+00:00,-1579754,3243.312
32411,2010-02-09T00:00:00+00:00,-1578854,3243.358
32411,2010-02-09T00:15:00+00:00,-1577954,3243.411
32411,2010-02-09T00:30:00+00:00,-1577054,3243.470
32411,2010-02-09T00:45:00+00:00,-1576154,3243.532
32411,2010-02-09T01:00:00+00:00,-1575254,3243.595
32411,2010-02-09T01:15:00+00:00,-1574354,3243.662
32411,2010-02-09T01:30:00+00:00,-1573454,3243.729
32411,2010-02-09T01:45:00+00:00,-1572554,3243.797
32411,2010-02-09T02:00:00+00:00,-1571654,3243.866
32411,2010-02-09T02:15:00+00:00,-1570754,3243.932
32411,2010-02-09T02:30:00+00:00,-1569854,3243.996
32411,2010-02-09T02:45:00+00:00,-1568954,3244.055
32411,2010-02-09T03:00:00+00:00,-1568054,3244.107
32411,2010-02-09T03:15:00+00:00,-1567154,3244.156
32411,2010-02-09T03:30:00+00:00,-1566254,3244.196
32411,2010-02-09T03:45:00+00:00,-1565354,3244.225
32411,2010-02-09T04:00:00+00:00,-1564454,3244.249
32411,2010-02-09T04:15:00+00:00,-1563554,3244.264
32411,2010-02-09T04:30:00+00:00,-1562654,3244.275
32411,2010-02-09T04:45:00+00:00,-1561754,3244.278
32411,2010-02-09T05:00:00+00:00,-1560854,3244.270
32411,2010-02-09T05:15:00+00:00,-1559954,3244.253
32411,2010-02-09T05:30:00+00:00,-1559054,3244.229
32411,2010-02-09T05:45:00+00:00,-1558154,3244.197
32411,2010-02-09T06:00:00+00:00,-1557254,3244.157
32411,2010-02-09T06:15:00+00:00,-1556354,3244.110
32411,2010-02-09T06:30:00+00:00,-1555454,3244.060
32411,2010-02-09T06:45:00+00:00,-1554554,3244.004
32411,2010-02-09T07:00:00+00:00,-1553654,3243.946
32411,2010-02-09T07:15:00+00:00,-1552754,3243.879
32411,2010-02-09T07:30:00+00:00,-1551854,3243.810
32411,2010-02-09T07:45:00+00:00,-1550954,3243.737
32411,2010-02-09T08:00:00+00:00,-1550054,3243.666
32411,2010-02-09T08:15:00+00:00,-1549154,3243.597
32411,2010-02-09T08:30:00+00:00,-1548254,3243.529
32411,2010-02-09T08:45:00+00:00,-1547354,3243.460
32411,2010-02-09T09:00:00+00:00,-1546454,3243.401
32411,2010-02-09T09:15:00+00:00,-1545554,3243.346
32411,2010-02-09T09:30:00+00:00,-1544654,3243.294
32411,2010-02-09T09:45:00+00:00,-1543754,3243.248
32411,2010-02-09T10:00:00+00:00,-1542854,3243.209
32411,2010-02-09T10:15:00+00:00,-1541954,3243.176
32411,2010-02-09T10:30:00+00:00,-1541054,3243.152
32411,2010-02-09T10:45:00+00:00,-1540154,3243.135
32411,2010-02-09T11:00:00+00:00,-1539254,3243.127
32411,2010-02-09T11:15:00+00:00,-1538354,3243.131
32411,2010-02-09T11:30:00+00:00,-1537454,3243.140
32411,2010-02-09T11:45:00+00:00,-1536554,3243.158
32411,2010-02-09T12:00:00+00:00,-1535654,3243.183
32411,2010-02-09T12:15:00+00:00,-1534754,3243.214
32411,2010-02-09T12:30:00+00:00,-1533854,3243.251
32411,2010-02-09T12:45:00+00:00,-1532954,3243.297
32411,2010-02-09T13:00:00+00:00,-1532054,3243.349
32411,2010-02-09T13:15:00+00:00,-1531154,3243.404
32411,2010-02-09T13:30:00+00:00,-1530254,3243.464
32411,2010-02-09T13:45:00+00:00,-1529354,3243.527
32411,2010-02-09T14:00:00+00:00,-1528454,3243.591
32411,2010-02-09T14:15:00+00:00,-1527554,3243.652
32411,2010-02-09T14:30:00+00:00,-1526654,3243.719
32411,2010-02-09T14:45:00+00:00,-1525754,3243.780
32411,2010-02-09T15:00:00+00:00,-1524854,3243.841
32411,2010-02-09T15:15:00+00:00,-1523954,3243.905
32411,2010-02-09T15:30:00+00:00,-1523054,3243.962
32411,2010-02-09T15:45:00+00:00,-1522154,3244.012
32411,2010-02-09T16:00:00+00:00,-1521254,3244.056
32411,2010-02-09T16:15:00+00:00,-1520354,3244.094
32411,2010-02-09T16:30:00+00:00,-1519454,3244.122
32411,2010-02-09T16:45:00+00:00,-1518554,3244.143
32411,2010-02-09T17:00:00+00:00,-1517654,3244.156
32411,2010-02-09T17:15:00+00:00,-1516754,3244.163
32411,2010-02-09T17:30:00+00:00,-1515854,3244.160
32411,2010-02-09T17:45:00+00:00,-1514954,3244.153
32411,2010-02-09T18:00:00+00:00,-1514054,3244.135
32411,2010-02-09T18:15:00+00:00,-1513154,3244.113
32411,2010-02-09T18:30:00+00:00,-1512254,3244.083
32411,2010-02-09T18:45:00+00:00,-1511354,3244.047
32411,2010-02-09T19:00:00+00:00,-1510454,3244.003
32411,2010-02-09T19:15:00+00:00,-1509554,3243.953
32411,2010-02-09T19:30:00+00:00,-1508654,3243.899
32411,2010-02-09T19:45:00+00:00,-1507754,3243.844
32411,2010-02-09T20:00:00+00:00,-1506854,3243.785
32411,2010-02-09T20:15:00+00:00,-1505954,3243.722
32411,2010-02-09T20:30:00+00:00,-1505054,3243.660
32411,2010-02-09T20:45:00+00:00,-1504154,3243.597
32411,2010-02-09T21:00:00+00:00,-1503254,3243.535
32411,2010-02-09T21:15:00+00:00,-1502354,3243.478
32411,2010-02-09T21:30:00+00:00,-1501454,3243.423
32411,2010-02-09T21:45:00+00:00,-1500554,3243.370
32411,2010-02-09T22:00:00+00:00,-1499654,3243.324
32411,2010-02-09T22:15:00+00:00,-1498754,3243.282
32411,2010-02-09T22:30:00+00:00,-1497854,3243.248
32411,2010-02-09T22:45:00+00:00,-1496954,3243.219
32411,2010-02-09T23:00:00+00:00,-1496054,3243.202
32411,2010-02-09T23:15:00+00:00,-1495154,3243.191
32411,2010-02-09T23:30:00+00:00,-1494254,3243.189
32411,2010-02-09T23:45:00+00:00,-1493354,3243.195
32411,2010-02-10T00:00:00+00:00,-1492454,3243.208
32411,2010-02-10T00:15:00+00:00,-1491554,3243.225
32411,2010-02-10T00:30:00+00:00,-1490654,3243.254
32411,2010-02-10T00:45:00+00:00,-1489754,3243.287
32411,2010-02-10T01:00:00+00:00,-1488854,3243.330
32411,2010-02-10T01:15:00+00:00,-1487954,3243.377
32411,2010-02-10T01:30:00+00:00,-1487054,3243.432
32411,2010-02-10T01:45:00+00:00,-1486154,3243.490
32411,2010-02-10T02:00:00+00:00,-1485254,3243.553
32411,2010-02-10T02:15:00+00:00,-1484354,3243.620
32411,2010-02-10T02:30:00+00:00,-1483454,3243.688
32411,2010-02-10T02:45:00+00:00,-1482554,3243.758
32411,2010-02-10T03:00:00+00:00,-1481654,3243.827
32411,2010-02-10T03:15:00+00:00,-1480754,3243.894
32411,2010-02-10T03:30:00+00:00,-1479854,3243.954
32411,2010-02-10T03:45:00+00:00,-1478954,3244.014
32411,2010-02-10T04:00:00+00:00,-1478054,3244.071
32411,2010-02-10T04:15:00+00:00,-1477154,3244.120
32411,2010-02-10T04:30:00+00:00,-1476254,3244.163
32411,2010-02-10T04:45:00+00:00,-1475354,3244.199
32411,2010-02-10T05:00:00+00:00,-1474454,3244.224
32411,2010-02-10T05:15:00+00:00,-1473554,3244.244
32411,2010-02-10T05:30:00+00:00,-1472654,3244.252
32411,2010-02-10T05:45:00+00:00,-1471754,3244.256
32411,2010-02-10T06:00:00+00:00,-1470854,3244.248
32411,2010-02-10T06:15:00+00:00,-1469954,3244.234
32411,2010-02-10T06:30:00+00:00,-1469054,3244.210
32411,2010-02-10T06:45:00+00:00,-1468154,3244.180
32411,2010-02-10T07:00:00+00:00,-1467254,3244.143
32411,2010-02-10T07:15:00+00:00,-1466354,3244.100
32411,2010-02-10T07:30:00+00:00,-1465454,3244.048
32411,2010-02-10T07:45:00+00:00,-1464554,3243.994
32411,2010-02-10T08:00:00+00:00,-1463654,3243.933
32411,2010-02-10T08:15:00+00:00,-1462754,3243.869
32411,2010-02-10T08:30:00+00:00,-1461854,3243.802
32411,2010-02-10T08:45:00+00:00,-1460954,3243.733
32411,2010-02-10T09:00:00+00:00,-1460054,3243.659
32411,2010-02-10T09:15:00+00:00,-1459154,3243.586
32411,2010-02-10T09:30:00+00:00,-1458254,3243.519
32411,2010-02-10T09:45:00+00:00,-1457354,3243.454
32411,2010-02-10T10:00:00+00:00,-1456454,3243.389
32411,2010-02-10T10:15:00+00:00,-1455554,3243.330
32411,2010-02-10T10:30:00+00:00,-1454654,3243.273
32411,2010-02-10T10:45:00+00:00,-1453754,3243.226
32411,2010-02-10T11:00:00+00:00,-1452854,3243.182
32411,2010-02-10T11:15:00+00:00,-1451954,3243.144
32411,2010-02-10T11:30:00+00:00,-1451054,3243.119
32411,2010-02-10T11:45:00+00:00,-1450154,3243.100
32411,2010-02-10T12:00:00+00:00,-1449254,3243.093
32411,2010-02-10T12:15:00+00:00,-1448354,3243.089
32411,2010-02-10T12:30:00+00:00,-1447454,3243.095
32411,2010-02-10T12:45:00+00:00,-1446554,3243.112
32411,2010-02-10T13:00:00+00:00,-1445654,3243.135
32411,2010-02-10T13:15:00+00:00,-1444754,3243.167
32411,2010-02-10T13:30:00+00:00,-1443854,3243.203
32411,2010-02-10T13:45:00+00:00,-1442954,3243.248
32411,2010-02-10T14:00:00+00:00,-1442054,3243.301
32411,2010-02-10T14:15:00+00:00,-1441154,3243.357
32411,2010-02-10T14:30:00+00:00,-1440254,3243.420
32411,2010-02-10T14:45:00+00:00,-1439354,3243.484
32411,2010-02-10T15:00:00+00:00,-1438454,3243.550
32411,2010-02-10T15:15:00+00:00,-1437554,3243.623
32411,2010-02-10T15:30:00+00:00,-1436654,3243.693
32411,2010-02-10T15:45:00+00:00,-1435754,3243.760
32411,2010-02-10T16:00:00+00:00,-1434854,3243.824
32411,2010-02-10T16:15:00+00:00,-1433954,3243.888
32411,2010-02-10T16:30:00+00:00,-1433054,3243.946
32411,2010-02-10T16:45:00+00:00,-1432154,3243.999
32411,2010-02-10T17:00:00+00:00,-1431254,3244.046
32411,2010-02-10T17:15:00+00:00,-1430354,3244.088
32411,2010-02-10T17:30:00+00:00,-1429454,3244.122
32411,2010-02-10T17:45:00+00:00,-1428554,3244.152
32411,2010-02-10T18:00:00+00:00,-1427654,3244.168
32411,2010-02-10T19:15:00+00:00,-1423154,3244.129
32411,2010-02-10T19:30:00+00:00,-1422254,3244.096
32411,2010-02-10T19:45:00+00:00,-1421354,3244.056
32411,2010-02-10T20:00:00+00:00,-1420454,3244.011
32411,2010-02-10T20:15:00+00:00,-1419554,3243.956
32411,2010-02-10T20:30:00+00:00,-1418654,3243.901
32411,2010-02-10T20:45:00+00:00,-1417754,3243.841
32411,2010-02-10T21:00:00+00:00,-1416854,3243.782
32411,2010-02-10T21:15:00+00:00,-1415954,3243.713
32411,2010-02-10T21:30:00+00:00,-1415054,3243.649
32411,2010-02-10T21:45:00+00:00,-1414154,3243.582
32411,2010-02-10T22:00:00+00:00,-1413254,3243.517
32411,2010-02-10T22:15:00+00:00,-1412354,3243.452
32411,2010-02-10T22:30:00+00:00,-1411454,3243.392
32411,2010-02-10T22:45:00+00:00,-1410554,3243.335
32411,2010-02-10T23:00:00+00:00,-1409654,3243.283
32411,2010-02-10T23:15:00+00:00,-1408754,3243.242
32411,2010-02-10T23:30:00+00:00,-1407854,3243.207
32411,2010-02-10T23:45:00+00:00,-1406954,3243.180
32411,2010-02-11T00:00:00+00:00,-1406054,3243.158
32411,2010-02-11T00:15:00+00:00,-1405154,3243.146
32411,2010-02-11T00:30:00+00:00,-1404254,3243.144
32411,2010-02-11T00:45:00+00:00,-1403354,3243.150
32411,2010-02-11T01:00:00+00:00,-1402454,3243.166
32411,2010-02-11T01:15:00+00:00,-1401554,3243.185
32411,2010-02-11T01:30:00+00:00,-1400654,3243.216
32411,2010-02-11T01:45:00+00:00,-1399754,3243.256
32411,2010-02-11T02:00:00+00:00,-1398854,3243.307
32411,2010-02-11T02:15:00+00:00,-1397954,3243.362
32411,2010-02-11T02:30:00+00:00,-1397054,3243.424
32411,2010-02-11T02:45:00+00:00,-1396154,3243.489
32411,2010-02-11T03:00:00+00:00,-1395254,3243.558
32411,2010-02-11T03:15:00+00:00,-1394354,3243.629
32411,2010-02-11T03:30:00+00:00,-1393454,3243.701
32411,2010-02-11T03:45:00+00:00,-1392554,3243.774
32411,2010-02-11T04:00:00+00:00,-1391654,3243.848
32411,2010-02-11T04:15:00+00:00,-1390754,3243.921
32411,2010-02-11T04:30:00+00:00,-1389854,3243.989
32411,2010-02-11T04:45:00+00:00,-1388954,3244.052
32411,2010-02-11T05:00:00+00:00,-1388054,3244.108
32411,2010-02-11T05:15:00+00:00,-1387154,3244.160
32411,2010-02-11T05:30:00+00:00,-1386254,3244.206
32411,2010-02-11T05:45:00+00:00,-1385354,3244.245
32411,2010-02-11T06:00:00+00:00,-1384454,3244.276
32411,2010-02-11T06:15:00+00:00,-1383554,3244.295
32411,2010-02-11T06:30:00+00:00,-1382654,3244.306
32411,2010-02-11T06:45:00+00:00,-1381754,3244.308
32411,2010-02-11T07:00:00+00:00,-1380854,3244.296
32411,2010-02-11T07:15:00+00:00,-1379954,3244.282
32411,2010-02-11T07:30:00+00:00,-1379054,3244.256
32411,2010-02-11T07:45:00+00:00,-1378154,3244.224
32411,2010-02-11T08:00:00+00:00,-1377254,3244.184
32411,2010-02-11T08:15:00+00:00,-1376354,3244.136
32411,2010-02-11T08:30:00+00:00,-1375454,3244.077
32411,2010-02-11T08:45:00+00:00,-1374554,3244.015
32411,2010-02-11T09:00:00+00:00,-1373654,3243.945
32411,2010-02-11T09:15:00+00:00,-1372754,3243.874
32411,2010-02-11T09:30:00+00:00,-1371854,3243.800
32411,2010-02-11T09:45:00+00:00,-1370954,3243.721
32411,2010-02-11T10:00:00+00:00,-1370054,3243.644
32411,2010-02-11T10:15:00+00:00,-1369154,3243.564
32411,2010-02-11T10:30:00+00:00,-1368254,3243.488
32411,2010-02-11T10:45:00+00:00,-1367354,3243.414
32411,2010-02-11T11:00:00+00:00,-1366454,3243.345
32411,2010-02-11T11:15:00+00:00,-1365554,3243.284
32411,2010-02-11T11:30:00+00:00,-1364654,3243.225
32411,2010-02-11T11:45:00+00:00,-1363754,3243.172
32411,2010-02-11T12:00:00+00:00,-1362854,3243.129
32411,2010-02-11T12:15:00+00:00,-1361954,3243.094
32411,2010-02-11T12:30:00+00:00,-1361054,3243.067
32411,2010-02-11T12:45:00+00:00,-1360154,3243.047
32411,2010-02-11T13:00:00+00:00,-1359254,3243.041
32411,2010-02-11T13:15:00+00:00,-1358354,3243.046
32411,2010-02-11T13:30:00+00:00,-1357454,3243.057
32411,2010-02-11T13:45:00+00:00,-1356554,3243.079
32411,2010-02-11T14:00:00+00:00,-1355654,3243.109
32411,2010-02-11T14:15:00+00:00,-1354754,3243.148
32411,2010-02-11T14:30:00+00:00,-1353854,3243.195
32411,2010-02-11T14:45:00+00:00,-1352954,3243.248
32411,2010-02-11T15:00:00+00:00,-1352054,3243.310
32411,2010-02-11T15:15:00+00:00,-1351154,3243.378
32411,2010-02-11T15:30:00+00:00,-1350254,3243.449
32411,2010-02-11T15:45:00+00:00,-1349354,3243.522
32411,2010-02-11T16:00:00+00:00,-1348454,3243.594
32411,2010-02-11T16:15:00+00:00,-1347554,3243.672
32411,2010-02-11T16:30:00+00:00,-1346654,3243.746
32411,2010-02-11T16:45:00+00:00,-1345754,3243.820
32411,2010-02-11T17:00:00+00:00,-1344854,3243.891
32411,2010-02-11T17:15:00+00:00,-1343954,3243.958
32411,2010-02-11T17:30:00+00:00,-1343054,3244.022
32411,2010-02-11T17:45:00+00:00,-1342154,3244.081
32411,2010-02-11T18:00:00+00:00,-1341254,3244.128
32411,2010-02-11T18:15:00+00:00,-1340354,3244.167
32411,2010-02-11T18:30:00+00:00,-1339454,3244.203
32411,2010-02-11T18:45:00+00:00,-1338554,3244.229
32411,2010-02-11T19:00:00+00:00,-1337654,3244.242
32411,2010-02-11T19:15:00+00:00,-1336754,3244.247
32411,2010-02-11T19:30:00+00:00,-1335854,3244.243
32411,2010-02-11T19:45:00+00:00,-1334954,3244.229
32411,2010-02-11T20:00:00+00:00,-1334054,3244.206
32411,2010-02-11T20:15:00+00:00,-1333154,3244.178
32411,2010-02-11T20:30:00+00:00,-1332254,3244.141
32411,2010-02-11T20:45:00+00:00,-1331354,3244.093
32411,2010-02-11T21:00:00+00:00,-1330454,3244.038
32411,2010-02-11T21:15:00+00:00,-1329554,3243.976
32411,2010-02-11T21:30:00+00:00,-1328654,3243.910
32411,2010-02-11T21:45:00+00:00,-1327754,3243.839
32411,2010-02-11T22:00:00+00:00,-1326854,3243.761
32411,2010-02-11T22:15:00+00:00,-1325954,3243.684
32411,2010-02-11T22:30:00+00:00,-1325054,3243.610
32411,2010-02-11T22:45:00+00:00,-1324154,3243.538
32411,2010-02-11T23:00:00+00:00,-1323254,3243.463
32411,2010-02-11T23:15:00+00:00,-1322354,3243.395
32411,2010-02-11T23:30:00+00:00,-1321454,3243.331
32411,2010-02-11T23:45:00+00:00,-1320554,3243.273
32411,2010-02-12T00:00:00+00:00,-1319654,3243.222
32411,2010-02-12T00:15:00+00:00,-1318754,3243.178
32411,2010-02-12T00:30:00+00:00,-1317854,3243.141
32411,2010-02-12T00:45:00+00:00,-1316954,3243.115
32411,2010-02-12T01:00:00+00:00,-1316054,3243.096
32411,2010-02-12T01:15:00+00:00,-1315154,3243.086
32411,2010-02-12T01:30:00+00:00,-1314254,3243.086
32411,2010-02-12T01:45:00+00:00,-1313354,3243.098
32411,2010-02-12T02:00:00+00:00,-1312454,3243.119
32411,2010-02-12T02:15:00+00:00,-1311554,3243.151
32411,2010-02-12T02:30:00+00:00,-1310654,3243.191
32411,2010-02-12T02:45:00+00:00,-1309754,3243.240
32411,2010-02-12T03:00:00+00:00,-1308854,3243.298
32411,2010-02-12T03:15:00+00:00,-1307954,3243.362
32411,2010-02-12T03:30:00+00:00,-1307054,3243.430
32411,2010-02-12T03:45:00+00:00,-1306154,3243.503
32411,2010-02-12T04:00:00+00:00,-1305254,3243.581
32411,2010-02-12T04:15:00+00:00,-1304354,3243.659
32411,2010-02-12T04:30:00+00:00,-1303454,3243.742
32411,2010-02-12T04:45:00+00:00,-1302554,3243.822
32411,2010-02-12T05:00:00+00:00,-1301654,3243.899
32411,2010-02-12T05:15:00+00:00,-1300754,3243.974
32411,2010-02-12T05:30:00+00:00,-1299854,3244.045
32411,2010-02-12T05:45:00+00:00,-1298954,3244.110
32411,2010-02-12T06:00:00+00:00,-1298054,3244.171
32411,2010-02-12T06:15:00+00:00,-1297154,3244.222
32411,2010-02-12T06:30:00+00:00,-1296254,3244.263
32411,2010-02-12T06:45:00+00:00,-1295354,3244.299
32411,2010-02-12T07:00:00+00:00,-1294454,3244.323
32411,2010-02-12T07:15:00+00:00,-1293554,3244.338
32411,2010-02-12T07:30:00+00:00,-1292654,3244.345
32411,2010-02-12T07:45:00+00:00,-1291754,3244.342
32411,2010-02-12T08:00:00+00:00,-1290854,3244.327
32411,2010-02-12T08:15:00+00:00,-1289954,3244.303
32411,2010-02-12T08:30:00+00:00,-1289054,3244.268
32411,2010-02-12T08:45:00+00:00,-1288154,3244.219
32411,2010-02-12T09:00:00+00:00,-1287254,3244.167
32411,2010-02-12T09:15:00+00:00,-1286354,3244.105
32411,2010-02-12T09:30:00+00:00,-1285454,3244.036
32411,2010-02-12T09:45:00+00:00,-1284554,3243.961
32411,2010-02-12T10:00:00+00:00,-1283654,3243.884
32411,2010-02-12T10:15:00+00:00,-1282754,3243.806
32411,2010-02-12T10:30:00+00:00,-1281854,3243.720
32411,2010-02-12T10:45:00+00:00,-1280954,3243.633
32411,2010-02-12T11:00:00+00:00,-1280054,3243.546
32411,2010-02-12T11:15:00+00:00,-1279154,3243.461
32411,2010-02-12T11:30:00+00:00,-1278254,3243.380
32411,2010-02-12T11:45:00+00:00,-1277354,3243.302
32411,2010-02-12T12:00:00+00:00,-1276454,3243.232
32411,2010-02-12T12:15:00+00:00,-1275554,3243.168
32411,2010-02-12T12:30:00+00:00,-1274654,3243.110
32411,2010-02-12T12:45:00+00:00,-1273754,3243.064
32411,2010-02-12T13:00:00+00:00,-1272854,3243.025
32411,2010-02-12T13:15:00+00:00,-1271954,3242.997
32411,2010-02-12T13:30:00+00:00,-1271054,3242.980
32411,2010-02-12T13:45:00+00:00,-1270154,3242.972
32411,2010-02-12T14:00:00+00:00,-1269254,3242.975
32411,2010-02-12T14:15:00+00:00,-1268354,3242.987
32411,2010-02-12T14:30:00+00:00,-1267454,3243.010
32411,2010-02-12T14:45:00+00:00,-1266554,3243.043
32411,2010-02-12T15:00:00+00:00,-1265654,3243.085
32411,2010-02-12T15:15:00+00:00,-1264754,3243.138
32411,2010-02-12T15:30:00+00:00,-1263854,3243.199
32411,2010-02-12T15:45:00+00:00,-1262954,3243.269
32411,2010-02-12T16:00:00+00:00,-1262054,3243.346
32411,2010-02-12T16:15:00+00:00,-1261154,3243.426
32411,2010-02-12T16:30:00+00:00,-1260254,3243.508
32411,2010-02-12T16:45:00+00:00,-1259354,3243.591
32411,2010-02-12T17:00:00+00:00,-1258454,3243.679
32411,2010-02-12T17:15:00+00:00,-1257554,3243.764
32411,2010-02-12T17:30:00+00:00,-1256654,3243.845
32411,2010-02-12T17:45:00+00:00,-1255754,3243.926
32411,2010-02-12T18:00:00+00:00,-1254854,3244.002
32411,2010-02-12T18:15:00+00:00,-1253954,3244.070
32411,2010-02-12T18:30:00+00:00,-1253054,3244.134
32411,2010-02-12T18:45:00+00:00,-1252154,3244.189
32411,2010-02-12T19:00:00+00:00,-1251254,3244.236
32411,2010-02-12T19:15:00+00:00,-1250354,3244.271
32411,2010-02-12T19:30:00+00:00,-1249454,3244.296
32411,2010-02-12T19:45:00+00:00,-1248554,3244.311
32411,2010-02-12T20:00:00+00:00,-1247654,3244.316
32411,2010-02-12T20:15:00+00:00,-1246754,3244.313
32411,2010-02-12T20:30:00+00:00,-1245854,3244.296
32411,2010-02-12T20:45:00+00:00,-1244954,3244.271
32411,2010-02-12T21:00:00+00:00,-1244054,3244.234
32411,2010-02-12T21:15:00+00:00,-1243154,3244.190
32411,2010-02-12T21:30:00+00:00,-1242254,3244.137
32411,2010-02-12T21:45:00+00:00,-1241354,3244.076
32411,2010-02-12T22:00:00+00:00,-1240454,3244.008
32411,2010-02-12T22:15:00+00:00,-1239554,3243.935
32411,2010-02-12T22:30:00+00:00,-1238654,3243.857
32411,2010-02-12T22:45:00+00:00,-1237754,3243.773
32411,2010-02-12T23:00:00+00:00,-1236854,3243.691
32411,2010-02-12T23:15:00+00:00,-1235954,3243.606
32411,2010-02-12T23:30:00+00:00,-1235054,3243.524
32411,2010-02-12T23:45:00+00:00,-1234154,3243.445
32411,2010-02-13T00:00:00+00:00,-1233254,3243.368
32411,2010-02-13T00:15:00+00:00,-1232354,3243.298
32411,2010-02-13T00:30:00+00:00,-1231454,3243.233
32411,2010-02-13T00:45:00+00:00,-1230554,3243.176
32411,2010-02-13T01:00:00+00:00,-1229654,3243.126
32411,2010-02-13T01:15:00+00:00,-1228754,3243.085
32411,2010-02-13T01:30:00+00:00,-1227854,3243.056
32411,2010-02-13T01:45:00+00:00,-1226954,3243.036
32411,2010-02-13T02:00:00+00:00,-1226054,3243.029
32411,2010-02-13T02:15:00+00:00,-1225154,3243.033
32411,2010-02-13T02:30:00+00:00,-1224254,3243.048
32411,2010-02-13T02:45:00+00:00,-1223354,3243.075
32411,2010-02-13T03:00:00+00:00,-1222454,3243.108
32411,2010-02-13T03:15:00+00:00,-1221554,3243.154
32411,2010-02-13T03:30:00+00:00,-1220654,3243.209
32411,2010-02-13T03:45:00+00:00,-1219754,3243.274
32411,2010-02-13T04:00:00+00:00,-1218854,3243.344
32411,2010-02-13T04:15:00+00:00,-1217954,3243.421
32411,2010-02-13T04:30:00+00:00,-1217054,3243.501
32411,2010-02-13T04:45:00+00:00,-1216154,3243.586
32411,2010-02-13T05:00:00+00:00,-1215254,3243.675
32411,2010-02-13T05:15:00+00:00,-1214354,3243.761
32411,2010-02-13T05:30:00+00:00,-1213454,3243.848
32411,2010-02-13T05:45:00+00:00,-1212554,3243.931
32411,2010-02-13T06:00:00+00:00,-1211654,3244.010
32411,2010-02-13T06:15:00+00:00,-1210754,3244.088
32411,2010-02-13T06:30:00+00:00,-1209854,3244.158
32411,2010-02-13T06:45:00+00:00,-1208954,3244.221
32411,2010-02-13T07:00:00+00:00,-1208054,3244.273
32411,2010-02-13T07:15:00+00:00,-1207154,3244.319
32411,2010-02-13T07:30:00+00:00,-1206254,3244.355
32411,2010-02-13T07:45:00+00:00,-1205354,3244.380
32411,2010-02-13T08:00:00+00:00,-1204454,3244.394
32411,2010-02-13T08:15:00+00:00,-1203554,3244.395
32411,2010-02-13T08:30:00+00:00,-1202654,3244.388
32411,2010-02-13T08:45:00+00:00,-1201754,3244.368
32411,2010-02-13T09:00:00+00:00,-1200854,3244.337
32411,2010-02-13T09:15:00+00:00,-1199954,3244.298
32411,2010-02-13T09:30:00+00:00,-1199054,3244.245
32411,2010-02-13T09:45:00+00:00,-1198154,3244.187
32411,2010-02-13T10:00:00+00:00,-1197254,3244.123
32411,2010-02-13T10:15:00+00:00,-1196354,3244.046
32411,2010-02-13T10:30:00+00:00,-1195454,3243.966
32411,2010-02-13T10:45:00+00:00,-1194554,3243.878
32411,2010-02-13T11:00:00+00:00,-1193654,3243.784
32411,2010-02-13T11:15:00+00:00,-1192754,3243.689
32411,2010-02-13T11:30:00+00:00,-1191854,3243.598
32411,2010-02-13T11:45:00+00:00,-1190954,3243.507
32411,2010-02-13T12:00:00+00:00,-1190054,3243.421
32411,2010-02-13T12:15:00+00:00,-1189154,3243.333
32411,2010-02-13T12:30:00+00:00,-1188254,3243.253
32411,2010-02-13T12:45:00+00:00,-1187354,3243.177
32411,2010-02-13T13:00:00+00:00,-1186454,3243.112
32411,2010-02-13T13:15:00+00:00,-1185554,3243.052
32411,2010-02-13T13:30:00+00:00,-1184654,3243.006
32411,2010-02-13T13:45:00+00:00,-1183754,3242.967
32411,2010-02-13T14:00:00+00:00,-1182854,3242.937
32411,2010-02-13T14:15:00+00:00,-1181954,3242.926
32411,2010-02-13T14:30:00+00:00,-1181054,3242.922
32411,2010-02-13T14:45:00+00:00,-1180154,3242.929
32411,2010-02-13T15:00:00+00:00,-1179254,3242.947
32411,2010-02-13T15:15:00+00:00,-1178354,3242.977
32411,2010-02-13T15:30:00+00:00,-1177454,3243.022
32411,2010-02-13T15:45:00+00:00,-1176554,3243.074
32411,2010-02-13T16:00:00+00:00,-1175654,3243.137
32411,2010-02-13T16:15:00+00:00,-1174754,3243.206
32411,2010-02-13T16:30:00+00:00,-1173854,3243.285
32411,2010-02-13T16:45:00+00:00,-1172954,3243.370
32411,2010-02-13T17:00:00+00:00,-1172054,3243.458
32411,2010-02-13T17:15:00+00:00,-1171154,3243.550
32411,2010-02-13T17:30:00+00:00,-1170254,3243.643
32411,2010-02-13T17:45:00+00:00,-1169354,3243.736
32411,2010-02-13T18:00:00+00:00,-1168454,3243.829
32411,2010-02-13T19:15:00+00:00,-1163954,3244.223
32411,2010-02-13T19:30:00+00:00,-1163054,3244.284
32411,2010-02-13T19:45:00+00:00,-1162154,3244.330
32411,2010-02-13T20:00:00+00:00,-1161254,3244.367
32411,2010-02-13T20:15:00+00:00,-1160354,3244.390
32411,2010-02-13T20:30:00+00:00,-1159454,3244.403
32411,2010-02-13T20:45:00+00:00,-1158554,3244.403
32411,2010-02-13T21:00:00+00:00,-1157654,3244.393
32411,2010-02-13T21:15:00+00:00,-1156754,3244.369
32411,2010-02-13T21:30:00+00:00,-1155854,3244.337
32411,2010-02-13T21:45:00+00:00,-1154954,3244.289
32411,2010-02-13T22:00:00+00:00,-1154054,3244.234
32411,2010-02-13T22:15:00+00:00,-1153154,3244.168
32411,2010-02-13T22:30:00+00:00,-1152254,3244.096
32411,2010-02-13T22:45:00+00:00,-1151354,3244.015
32411,2010-02-13T23:00:00+00:00,-1150454,3243.932
32411,2010-02-13T23:15:00+00:00,-1149554,3243.839
32411,2010-02-13T23:30:00+00:00,-1148654,3243.748
32411,2010-02-13T23:45:00+00:00,-1147754,3243.659
32411,2010-02-14T00:00:00+00:00,-1146854,3243.565
32411,2010-02-14T00:15:00+00:00,-1145954,3243.475
32411,2010-02-14T00:30:00+00:00,-1145054,3243.384
32411,2010-02-14T00:45:00+00:00,-1144154,3243.305
32411,2010-02-14T01:00:00+00:00,-1143254,3243.234
32411,2010-02-14T01:15:00+00:00,-1142354,3243.163
32411,2010-02-14T01:30:00+00:00,-1141454,3243.103
32411,2010-02-14T01:45:00+00:00,-1140554,3243.055
32411,2010-02-14T02:00:00+00:00,-1139654,3243.019
32411,2010-02-14T02:15:00+00:00,-1138754,3242.994
32411,2010-02-14T02:30:00+00:00,-1137854,3242.978
32411,2010-02-14T02:45:00+00:00,-1136954,3242.974
32411,2010-02-14T03:00:00+00:00,-1136054,3242.984
32411,2010-02-14T03:15:00+00:00,-1135154,3243.004
32411,2010-02-14T03:30:00+00:00,-1134254,3243.035
32411,2010-02-14T03:45:00+00:00,-1133354,3243.078
32411,2010-02-14T04:00:00+00:00,-1132454,3243.135
32411,2010-02-14T04:15:00+00:00,-1131554,3243.196
32411,2010-02-14T04:30:00+00:00,-1130654,3243.269
32411,2010-02-14T04:45:00+00:00,-1129754,3243.349
32411,2010-02-14T05:00:00+00:00,-1128854,3243.432
32411,2010-02-14T06:15:00+00:00,-1124354,3243.897
32411,2010-02-14T06:30:00+00:00,-1123454,3243.986
32411,2010-02-14T06:45:00+00:00,-1122554,3244.072
32411,2010-02-14T07:00:00+00:00,-1121654,3244.148
32411,2010-02-14T07:15:00+00:00,-1120754,3244.219
32411,2010-02-14T07:30:00+00:00,-1119854,3244.282
32411,2010-02-14T07:45:00+00:00,-1118954,3244.339
32411,2010-02-14T08:00:00+00:00,-1118054,3244.380
32411,2010-02-14T08:15:00+00:00,-1117154,3244.412
32411,2010-02-14T08:30:00+00:00,-1116254,3244.435
32411,2010-02-14T08:45:00+00:00,-1115354,3244.443
32411,2010-02-14T09:00:00+00:00,-1114454,3244.440
32411,2010-02-14T09:15:00+00:00,-1113554,3244.426
32411,2010-02-14T09:30:00+00:00,-1112654,3244.402
32411,2010-02-14T09:45:00+00:00,-1111754,3244.359
32411,2010-02-14T10:00:00+00:00,-1110854,3244.311
32411,2010-02-14T10:15:00+00:00,-1109954,3244.251
32411,2010-02-14T10:30:00+00:00,-1109054,3244.179
32411,2010-02-14T10:45:00+00:00,-1108154,3244.101
32411,2010-02-14T11:00:00+00:00,-1107254,3244.014
32411,2010-02-14T11:15:00+00:00,-1106354,3243.919
32411,2010-02-14T11:30:00+00:00,-1105454,3243.827
32411,2010-02-14T11:45:00+00:00,-1104554,3243.728
32411,2010-02-14T12:00:00+00:00,-1103654,3243.631
32411,2010-02-14T12:15:00+00:00,-1102754,3243.532
32411,2010-02-14T12:30:00+00:00,-1101854,3243.435
32411,2010-02-14T12:45:00+00:00,-1100954,3243.340
32411,2010-02-14T13:00:00+00:00,-1100054,3243.252
32411,2010-02-14T13:15:00+00:00,-1099154,3243.173
32411,2010-02-14T13:30:00+00:00,-1098254,3243.098
32411,2010-02-14T13:45:00+00:00,-1097354,3243.032
32411,2010-02-14T14:00:00+00:00,-1096454,3242.977
32411,2010-02-14T15:15:00+00:00,-1091954,3242.877
32411,2010-02-14T15:30:00+00:00,-1091054,3242.897
32411,2010-02-14T15:45:00+00:00,-1090154,3242.925
32411,2010-02-14T16:00:00+00:00,-1089254,3242.967
32411,2010-02-14T16:15:00+00:00,-1088354,3243.022
32411,2010-02-14T16:30:00+00:00,-1087454,3243.087
32411,2010-02-14T16:45:00+00:00,-1086554,3243.161
32411,2010-02-14T17:00:00+00:00,-1085654,3243.246
32411,2010-02-14T17:15:00+00:00,-1084754,3243.335
32411,2010-02-14T17:30:00+00:00,-1083854,3243.429
32411,2010-02-14T17:45:00+00:00,-1082954,3243.528
32411,2010-02-14T18:00:00+00:00,-1082054,3243.629
32411,2010-02-14T18:15:00+00:00,-1081154,3243.730
32411,2010-02-14T18:30:00+00:00,-1080254,3243.830
32411,2010-02-14T18:45:00+00:00,-1079354,3243.924
32411,2010-02-14T19:00:00+00:00,-1078454,3244.020
32411,2010-02-14T19:15:00+00:00,-1077554,3244.111
32411,2010-02-14T19:30:00+00:00,-1076654,3244.195
32411,2010-02-14T19:45:00+00:00,-1075754,3244.268
32411,2010-02-14T20:00:00+00:00,-1074854,3244.329
32411,2010-02-14T20:15:00+00:00,-1073954,3244.382
32411,2010-02-14T20:30:00+00:00,-1073054,3244.423
32411,2010-02-14T20:45:00+00:00,-1072154,3244.454
32411,2010-02-14T21:00:00+00:00,-1071254,3244.477
32411,2010-02-14T21:15:00+00:00,-1070354,3244.481
32411,2010-02-14T21:30:00+00:00,-1069454,3244.473
32411,2010-02-14T21:45:00+00:00,-1068554,3244.448
32411,2010-02-14T22:00:00+00:00,-1067654,3244.416
32411,2010-02-14T22:15:00+00:00,-1066754,3244.371
32411,2010-02-14T22:30:00+00:00,-1065854,3244.315
32411,2010-02-14T22:45:00+00:00,-1064954,3244.250
32411,2010-02-14T23:00:00+00:00,-1064054,3244.177
32411,2010-02-14T23:15:00+00:00,-1063154,3244.095
32411,2010-02-14T23:30:00+00:00,-1062254,3244.005
32411,2010-02-14T23:45:00+00:00,-1061354,3243.911
32411,2010-02-15T00:00:00+00:00,-1060454,3243.813
32411,2010-02-15T00:15:00+00:00,-1059554,3243.712
32411,2010-02-15T00:30:00+00:00,-1058654,3243.614
32411,2010-02-15T00:45:00+00:00,-1057754,3243.516
32411,2010-02-15T01:00:00+00:00,-1056854,3243.423
32411,2010-02-15T01:15:00+00:00,-1055954,3243.335
32411,2010-02-15T01:30:00+00:00,-1055054,3243.254
32411,2010-02-15T01:45:00+00:00,-1054154,3243.180
32411,2010-02-15T02:00:00+00:00,-1053254,3243.115
32411,2010-02-15T02:15:00+00:00,-1052354,3243.060
32411,2010-02-15T02:30:00+00:00,-1051454,3243.013
32411,2010-02-15T02:45:00+00:00,-1050554,3242.980
32411,2010-02-15T03:00:00+00:00,-1049654,3242.961
32411,2010-02-15T03:15:00+00:00,-1048754,3242.951
32411,2010-02-15T03:30:00+00:00,-1047854,3242.957
32411,2010-02-15T03:45:00+00:00,-1046954,3242.973
32411,2010-02-15T04:00:00+00:00,-1046054,3243.001
32411,2010-02-15T04:15:00+00:00,-1045154,3243.045
32411,2010-02-15T04:30:00+00:00,-1044254,3243.097
32411,2010-02-15T04:45:00+00:00,-1043354,3243.160
32411,2010-02-15T05:00:00+00:00,-1042454,3243.233
32411,2010-02-15T05:15:00+00:00,-1041554,3243.313
32411,2010-02-15T05:30:00+00:00,-1040654,3243.400
32411,2010-02-15T05:45:00+00:00,-1039754,3243.493
32411,2010-02-15T06:00:00+00:00,-1038854,3243.588
32411,2010-02-15T06:15:00+00:00,-1037954,3243.686
32411,2010-02-15T06:30:00+00:00,-1037054,3243.785
32411,2010-02-15T06:45:00+00:00,-1036154,3243.885
32411,2010-02-15T07:00:00+00:00,-1035254,3243.980
32411,2010-02-15T07:15:00+00:00,-1034354,3244.075
32411,2010-02-15T07:30:00+00:00,-1033454,3244.161
32411,2010-02-15T07:45:00+00:00,-1032554,3244.239
32411,2010-02-15T08:00:00+00:00,-1031654,3244.308
32411,2010-02-15T08:15:00+00:00,-1030754,3244.369
32411,2010-02-15T08:30:00+00:00,-1029854,3244.419
32411,2010-02-15T08:45:00+00:00,-1028954,3244.458
32411,2010-02-15T09:00:00+00:00,-1028054,3244.484
32411,2010-02-15T09:15:00+00:00,-1027154,3244.501
32411,2010-02-15T09:30:00+00:00,-1026254,3244.503
32411,2010-02-15T09:45:00+00:00,-1025354,3244.490
32411,2010-02-15T10:00:00+00:00,-1024454,3244.463
32411,2010-02-15T10:15:00+00:00,-1023554,3244.424
32411,2010-02-15T10:30:00+00:00,-1022654,3244.375
32411,2010-02-15T10:45:00+00:00,-1021754,3244.314
32411,2010-02-15T11:00:00+00:00,-1020854,3244.242
32411,2010-02-15T11:15:00+00:00,-1019954,3244.163
32411,2010-02-15T11:30:00+00:00,-1019054,3244.076
32411,2010-02-15T11:45:00+00:00,-1018154,3243.980
32411,2010-02-15T12:00:00+00:00,-1017254,3243.878
32411,2010-02-15T12:15:00+00:00,-1016354,3243.777
32411,2010-02-15T12:30:00+00:00,-1015454,3243.671
32411,2010-02-15T12:45:00+00:00,-1014554,3243.568
32411,2010-02-15T13:00:00+00:00,-1013654,3243.463
32411,2010-02-15T13:15:00+00:00,-1012754,3243.369
32411,2010-02-15T13:30:00+00:00,-1011854,3243.277
32411,2010-02-15T13:45:00+00:00,-1010954,3243.194
32411,2010-02-15T14:00:00+00:00,-1010054,3243.113
32411,2010-02-15T14:15:00+00:00,-1009154,3243.040
32411,2010-02-15T14:30:00+00:00,-1008254,3242.984
32411,2010-02-15T14:45:00+00:00,-1007354,3242.932
32411,2010-02-15T15:00:00+00:00,-1006454,3242.898
32411,2010-02-15T15:15:00+00:00,-1005554,3242.871
32411,2010-02-15T15:30:00+00:00,-1004654,3242.862
32411,2010-02-15T15:45:00+00:00,-1003754,3242.870
32411,2010-02-15T16:00:00+00:00,-1002854,3242.889
32411,2010-02-15T16:15:00+00:00,-1001954,3242.915
32411,2010-02-15T16:30:00+00:00,-1001054,3242.958
32411,2010-02-15T16:45:00+00:00,-1000154,3243.011
32411,2010-02-15T17:00:00+00:00,-999254,3243.077
32411,2010-02-15T17:15:00+00:00,-998354,3243.149
32411,2010-02-15T17:30:00+00:00,-997454,3243.237
32411,2010-02-15T17:45:00+00:00,-996554,3243.335
32411,2010-02-15T18:00:00+00:00,-995654,3243.433
32411,2010-02-15T18:15:00+00:00,-994754,3243.536
32411,2010-02-15T18:30:00+00:00,-993854,3243.645
32411,2010-02-15T18:45:00+00:00,-992954,3243.751
32411,2010-02-15T19:00:00+00:00,-992054,3243.856
32411,2010-02-15T19:15:00+00:00,-991154,3243.960
32411,2010-02-15T19:30:00+00:00,-990254,3244.062
32411,2010-02-15T19:45:00+00:00,-989354,3244.154
32411,2010-02-15T20:00:00+00:00,-988454,3244.240
32411,2010-02-15T20:15:00+00:00,-987554,3244.322
32411,2010-02-15T20:30:00+00:00,-986654,3244.393
32411,2010-02-15T20:45:00+00:00,-985754,3244.450
32411,2010-02-15T21:00:00+00:00,-984854,3244.497
32411,2010-02-15T21:15:00+00:00,-983954,3244.531
32411,2010-02-15T21:30:00+00:00,-983054,3244.553
32411,2010-02-15T21:45:00+00:00,-982154,3244.559
32411,2010-02-15T22:00:00+00:00,-981254,3244.555
32411,2010-02-15T22:15:00+00:00,-980354,3244.530
32411,2010-02-15T22:30:00+00:00,-979454,3244.498
32411,2010-02-15T22:45:00+00:00,-978554,3244.453
32411,2010-02-15T23:00:00+00:00,-977654,3244.394
32411,2010-02-15T23:15:00+00:00,-976754,3244.328
32411,2010-02-15T23:30:00+00:00,-975854,3244.246
32411,2010-02-15T23:45:00+00:00,-974954,3244.159
32411,2010-02-16T00:00:00+00:00,-974054,3244.066
32411,2010-02-16T00:15:00+00:00,-973154,3243.965
32411,2010-02-16T00:30:00+00:00,-972254,3243.863
32411,2010-02-16T00:45:00+00:00,-971354,3243.757
32411,2010-02-16T01:00:00+00:00,-970454,3243.651
32411,2010-02-16T01:15:00+00:00,-969554,3243.552
32411,2010-02-16T01:30:00+00:00,-968654,3243.450
32411,2010-02-16T01:45:00+00:00,-967754,3243.355
32411,2010-02-16T02:00:00+00:00,-966854,3243.263
32411,2010-02-16T02:15:00+00:00,-965954,3243.184
32411,2010-02-16T02:30:00+00:00,-965054,3243.114
32411,2010-02-16T02:45:00+00:00,-964154,3243.053
32411,2010-02-16T03:00:00+00:00,-963254,3243.002
32411,2010-02-16T03:15:00+00:00,-962354,3242.962
32411,2010-02-16T03:30:00+00:00,-961454,3242.937
32411,2010-02-16T03:45:00+00:00,-960554,3242.923
32411,2010-02-16T04:00:00+00:00,-959654,3242.919
32411,2010-02-16T04:15:00+00:00,-958754,3242.934
32411,2010-02-16T04:30:00+00:00,-957854,3242.962
32411,2010-02-16T04:45:00+00:00,-956954,3243.000
32411,2010-02-16T05:00:00+00:00,-956054,3243.050
32411,2010-02-16T05:15:00+00:00,-955154,3243.112
32411,2010-02-16T05:30:00+00:00,-954254,3243.182
32411,2010-02-16T05:45:00+00:00,-953354,3243.264
32411,2010-02-16T06:00:00+00:00,-952454,3243.352
32411,2010-02-16T06:15:00+00:00,-951554,3243.446
32411,2010-02-16T06:30:00+00:00,-950654,3243.542
32411,2010-02-16T06:45:00+00:00,-949754,3243.642
32411,2010-02-16T07:00:00+00:00,-948854,3243.745
32411,2010-02-16T07:15:00+00:00,-947954,3243.846
32411,2010-02-16T07:30:00+00:00,-947054,3243.943
32411,2010-02-16T07:45:00+00:00,-946154,3244.040
32411,2010-02-16T08:00:00+00:00,-945254,3244.130
32411,2010-02-16T08:15:00+00:00,-944354,3244.213
32411,2010-02-16T08:30:00+00:00,-943454,3244.289
32411,2010-02-16T08:45:00+00:00,-942554,3244.353
32411,2010-02-16T09:00:00+00:00,-941654,3244.410
32411,2010-02-16T09:15:00+00:00,-940754,3244.452
32411,2010-02-16T09:30:00+00:00,-939854,3244.481
32411,2010-02-16T09:45:00+00:00,-938954,3244.498
32411,2010-02-16T10:00:00+00:00,-938054,3244.502
32411,2010-02-16T10:15:00+00:00,-937154,3244.492
32411,2010-02-16T10:30:00+00:00,-936254,3244.470
32411,2010-02-16T10:45:00+00:00,-935354,3244.435
32411,2010-02-16T11:00:00+00:00,-934454,3244.389
32411,2010-02-16T11:15:00+00:00,-933554,3244.328
32411,2010-02-16T11:30:00+00:00,-932654,3244.262
32411,2010-02-16T11:45:00+00:00,-931754,3244.179
32411,2010-02-16T12:00:00+00:00,-930854,3244.091
32411,2010-02-16T12:15:00+00:00,-929954,3243.996
32411,2010-02-16T12:30:00+00:00,-929054,3243.896
32411,2010-02-16T12:45:00+00:00,-928154,3243.793
32411,2010-02-16T13:00:00+00:00,-927254,3243.686
32411,2010-02-16T13:15:00+00:00,-926354,3243.578
32411,2010-02-16T13:30:00+00:00,-925454,3243.473
32411,2010-02-16T13:45:00+00:00,-924554,3243.374
32411,2010-02-16T14:00:00+00:00,-923654,3243.280
32411,2010-02-16T14:15:00+00:00,-922754,3243.190
32411,2010-02-16T14:30:00+00:00,-921854,3243.107
32411,2010-02-16T14:45:00+00:00,-920954,3243.030
32411,2010-02-16T15:00:00+00:00,-920054,3242.967
32411,2010-02-16T15:15:00+00:00,-919154,3242.917
32411,2010-02-16T15:30:00+00:00,-918254,3242.876
32411,2010-02-16T15:45:00+00:00,-917354,3242.852
32411,2010-02-16T16:00:00+00:00,-916454,3242.838
32411,2010-02-16T16:15:00+00:00,-915554,3242.841
32411,2010-02-16T16:30:00+00:00,-914654,3242.857
32411,2010-02-16T16:45:00+00:00,-913754,3242.886
32411,2010-02-16T17:00:00+00:00,-912854,3242.929
32411,2010-02-16T17:15:00+00:00,-911954,3242.981
32411,2010-02-16T17:30:00+00:00,-911054,3243.046
32411,2010-02-16T17:45:00+00:00,-910154,3243.125
32411,2010-02-16T18:00:00+00:00,-909254,3243.216
32411,2010-02-16T18:15:00+00:00,-908354,3243.307
32411,2010-02-16T18:30:00+00:00,-907454,3243.414
32411,2010-02-16T18:45:00+00:00,-906554,3243.519
32411,2010-02-16T19:00:00+00:00,-905654,3243.631
32411,2010-02-16T19:15:00+00:00,-904754,3243.737
32411,2010-02-16T19:30:00+00:00,-903854,3243.850
32411,2010-02-16T19:45:00+00:00,-902954,3243.956
32411,2010-02-16T20:00:00+00:00,-902054,3244.063
32411,2010-02-16T20:15:00+00:00,-901154,3244.164
32411,2010-02-16T20:30:00+00:00,-900254,3244.254
32411,2010-02-16T20:45:00+00:00,-899354,3244.335
32411,2010-02-16T21:00:00+00:00,-898454,3244.409
32411,2010-02-16T21:15:00+00:00,-897554,3244.469
32411,2010-02-16T21:30:00+00:00,-896654,3244.518
32411,2010-02-16T21:45:00+00:00,-895754,3244.557
32411,2010-02-16T22:00:00+00:00,-894854,3244.579
32411,2010-02-16T22:15:00+00:00,-893954,3244.592
32411,2010-02-16T22:30:00+00:00,-893054,3244.589
32411,2010-02-16T22:45:00+00:00,-892154,3244.569
32411,2010-02-16T23:00:00+00:00,-891254,3244.539
32411,2010-02-16T23:15:00+00:00,-890354,3244.495
32411,2010-02-16T23:30:00+00:00,-889454,3244.437
32411,2010-02-16T23:45:00+00:00,-888554,3244.370
32411,2010-02-17T00:00:00+00:00,-887654,3244.289
32411,2010-02-17T00:15:00+00:00,-886754,3244.202
32411,2010-02-17T00:30:00+00:00,-885854,3244.110
32411,2010-02-17T00:45:00+00:00,-884954,3244.011
32411,2010-02-17T01:00:00+00:00,-884054,3243.908
32411,2010-02-17T01:15:00+00:00,-883154,3243.804
32411,2010-02-17T01:30:00+00:00,-882254,3243.697
32411,2010-02-17T01:45:00+00:00,-881354,3243.592
32411,2010-02-17T02:00:00+00:00,-880454,3243.489
32411,2010-02-17T02:15:00+00:00,-879554,3243.392
32411,2010-02-17T02:30:00+00:00,-878654,3243.299
32411,2010-02-17T02:45:00+00:00,-877754,3243.215
32411,2010-02-17T03:00:00+00:00,-876854,3243.136
32411,2010-02-17T03:15:00+00:00,-875954,3243.070
32411,2010-02-17T03:30:00+00:00,-875054,3243.010
32411,2010-02-17T03:45:00+00:00,-874154,3242.969
32411,2010-02-17T04:00:00+00:00,-873254,3242.936
32411,2010-02-17T04:15:00+00:00,-872354,3242.912
32411,2010-02-17T04:30:00+00:00,-871454,3242.907
32411,2010-02-17T04:45:00+00:00,-870554,3242.916
32411,2010-02-17T05:00:00+00:00,-869654,3242.937
32411,2010-02-17T05:15:00+00:00,-868754,3242.974
32411,2010-02-17T05:30:00+00:00,-867854,3243.020
32411,2010-02-17T05:45:00+00:00,-866954,3243.078
32411,2010-02-17T06:00:00+00:00,-866054,3243.145
32411,2010-02-17T06:15:00+00:00,-865154,3243.225
32411,2010-02-17T06:30:00+00:00,-864254,3243.312
32411,2010-02-17T06:45:00+00:00,-863354,3243.402
32411,2010-02-17T07:00:00+00:00,-862454,3243.500
32411,2010-02-17T07:15:00+00:00,-861554,3243.600
32411,2010-02-17T07:30:00+00:00,-860654,3243.702
32411,2010-02-17T07:45:00+00:00,-859754,3243.806
32411,2010-02-17T08:00:00+00:00,-858854,3243.907
32411,2010-02-17T08:15:00+00:00,-857954,3244.007
32411,2010-02-17T08:30:00+00:00,-857054,3244.098
32411,2010-02-17T08:45:00+00:00,-856154,3244.183
32411,2010-02-17T09:00:00+00:00,-855254,3244.258
32411,2010-02-17T09:15:00+00:00,-854354,3244.325
32411,2010-02-17T09:30:00+00:00,-853454,3244.381
32411,2010-02-17T09:45:00+00:00,-852554,3244.427
32411,2010-02-17T10:00:00+00:00,-851654,3244.464
32411,2010-02-17T10:15:00+00:00,-850754,3244.485
32411,2010-02-17T10:30:00+00:00,-849854,3244.493
32411,2010-02-17T10:45:00+00:00,-848954,3244.486
32411,2010-02-17T11:00:00+00:00,-848054,3244.463
32411,2010-02-17T11:15:00+00:00,-847154,3244.434
32411,2010-02-17T11:30:00+00:00,-846254,3244.389
32411,2010-02-17T11:45:00+00:00,-845354,3244.335
32411,2010-02-17T12:00:00+00:00,-844454,3244.266
32411,2010-02-17T12:15:00+00:00,-843554,3244.189
32411,2010-02-17T12:30:00+00:00,-842654,3244.103
32411,2010-02-17T12:45:00+00:00,-841754,3244.014
32411,2010-02-17T13:00:00+00:00,-840854,3243.914
32411,2010-02-17T13:15:00+00:00,-839954,3243.810
32411,2010-02-17T13:30:00+00:00,-839054,3243.708
32411,2010-02-17T13:45:00+00:00,-838154,3243.605
32411,2010-02-17T14:00:00+00:00,-837254,3243.503
32411,2010-02-17T14:15:00+00:00,-836354,3243.400
32411,2010-02-17T14:30:00+00:00,-835454,3243.303
32411,2010-02-17T14:45:00+00:00,-834554,3243.210
32411,2010-02-17T15:00:00+00:00,-833654,3243.127
32411,2010-02-17T15:15:00+00:00,-832754,3243.053
32411,2010-02-17T15:30:00+00:00,-831854,3242.991
32411,2010-02-17T15:45:00+00:00,-830954,3242.940
32411,2010-02-17T16:00:00+00:00,-830054,3242.898
32411,2010-02-17T16:15:00+00:00,-829154,3242.870
32411,2010-02-17T16:30:00+00:00,-828254,3242.856
32411,2010-02-17T16:45:00+00:00,-827354,3242.856
32411,2010-02-17T17:00:00+00:00,-826454,3242.871
32411,2010-02-17T17:15:00+00:00,-825554,3242.899
32411,2010-02-17T17:30:00+00:00,-824654,3242.939
32411,2010-02-17T17:45:00+00:00,-823754,3242.990
32411,2010-02-17T18:00:00+00:00,-822854,3243.056
32411,2010-02-17T18:15:00+00:00,-821954,3243.132
32411,2010-02-17T18:30:00+00:00,-821054,3243.219
32411,2010-02-17T18:45:00+00:00,-820154,3243.313
32411,2010-02-17T19:00:00+00:00,-819254,3243.412
32411,2010-02-17T19:15:00+00:00,-818354,3243.517
32411,2010-02-17T19:30:00+00:00,-817454,3243.628
32411,2010-02-17T19:45:00+00:00,-816554,3243.738
32411,2010-02-17T20:00:00+00:00,-815654,3243.847
32411,2010-02-17T20:15:00+00:00,-814754,3243.953
32411,2010-02-17T20:30:00+00:00,-813854,3244.056
32411,2010-02-17T20:45:00+00:00,-812954,3244.156
32411,2010-02-17T21:00:00+00:00,-812054,3244.250
32411,2010-02-17T21:15:00+00:00,-811154,3244.336
32411,2010-02-17T21:30:00+00:00,-810254,3244.412
32411,2010-02-17T21:45:00+00:00,-809354,3244.477
32411,2010-02-17T22:00:00+00:00,-808454,3244.529
32411,2010-02-17T22:15:00+00:00,-807554,3244.568
32411,2010-02-17T22:30:00+00:00,-806654,3244.596
32411,2010-02-17T22:45:00+00:00,-805754,3244.606
32411,2010-02-17T23:00:00+00:00,-804854,3244.606
32411,2010-02-17T23:15:00+00:00,-803954,3244.591
32411,2010-02-17T23:30:00+00:00,-803054,3244.564
32411,2010-02-17T23:45:00+00:00,-802154,3244.522
32411,2010-02-18T00:00:00+00:00,-801254,3244.466
32411,2010-02-18T00:15:00+00:00,-800354,3244.401
32411,2010-02-18T00:30:00+00:00,-799454,3244.326
32411,2010-02-18T00:45:00+00:00,-798554,3244.242
32411,2010-02-18T01:00:00+00:00,-797654,3244.154
32411,2010-02-18T01:15:00+00:00,-796754,3244.057
32411,2010-02-18T01:30:00+00:00,-795854,3243.957
32411,2010-02-18T01:45:00+00:00,-794954,3243.856
32411,2010-02-18T02:00:00+00:00,-794054,3243.750
32411,2010-02-18T02:15:00+00:00,-793154,3243.646
32411,2010-02-18T02:30:00+00:00,-792254,3243.542
32411,2010-02-18T02:45:00+00:00,-791354,3243.443
32411,2010-02-18T03:00:00+00:00,-790454,3243.348
32411,2010-02-18T03:15:00+00:00,-789554,3243.259
32411,2010-02-18T03:30:00+00:00,-788654,3243.179
32411,2010-02-18T03:45:00+00:00,-787754,3243.108
32411,2010-02-18T04:00:00+00:00,-786854,3243.047
32411,2010-02-18T04:15:00+00:00,-785954,3242.997
32411,2010-02-18T04:30:00+00:00,-785054,3242.963
32411,2010-02-18T04:45:00+00:00,-784154,3242.939
32411,2010-02-18T05:00:00+00:00,-783254,3242.929
32411,2010-02-18T05:15:00+00:00,-782354,3242.933
32411,2010-02-18T05:30:00+00:00,-781454,3242.950
32411,2010-02-18T05:45:00+00:00,-780554,3242.980
32411,2010-02-18T06:00:00+00:00,-779654,3243.022
32411,2010-02-18T06:15:00+00:00,-778754,3243.076
32411,2010-02-18T06:30:00+00:00,-777854,3243.142
32411,2010-02-18T06:45:00+00:00,-776954,3243.216
32411,2010-02-18T07:00:00+00:00,-776054,3243.297
32411,2010-02-18T07:15:00+00:00,-775154,3243.386
32411,2010-02-18T07:30:00+00:00,-774254,3243.482
32411,2010-02-18T07:45:00+00:00,-773354,3243.581
32411,2010-02-18T08:00:00+00:00,-772454,3243.682
32411,2010-02-18T08:15:00+00:00,-771554,3243.783
32411,2010-02-18T08:30:00+00:00,-770654,3243.880
32411,2010-02-18T08:45:00+00:00,-769754,3243.977
32411,2010-02-18T09:00:00+00:00,-768854,3244.069
32411,2010-02-18T09:15:00+00:00,-767954,3244.155
32411,2010-02-18T09:30:00+00:00,-767054,3244.234
32411,2010-02-18T09:45:00+00:00,-766154,3244.302
32411,2010-02-18T10:00:00+00:00,-765254,3244.361
32411,2010-02-18T10:15:00+00:00,-764354,3244.411
32411,2010-02-18T10:30:00+00:00,-763454,3244.447
32411,2010-02-18T10:45:00+00:00,-762554,3244.472
32411,2010-02-18T11:00:00+00:00,-761654,3244.482
32411,2010-02-18T11:15:00+00:00,-760754,3244.480
32411,2010-02-18T11:30:00+00:00,-759854,3244.462
32411,2010-02-18T11:45:00+00:00,-758954,3244.434
32411,2010-02-18T12:00:00+00:00,-758054,3244.392
32411,2010-02-18T12:15:00+00:00,-757154,3244.338
32411,2010-02-18T12:30:00+00:00,-756254,3244.274
32411,2010-02-18T12:45:00+00:00,-755354,3244.206
32411,2010-02-18T13:00:00+00:00,-754454,3244.122
32411,2010-02-18T13:15:00+00:00,-753554,3244.034
32411,2010-02-18T13:30:00+00:00,-752654,3243.942
32411,2010-02-18T13:45:00+00:00,-751754,3243.845
32411,2010-02-18T14:00:00+00:00,-750854,3243.746
32411,2010-02-18T14:15:00+00:00,-749954,3243.645
32411,2010-02-18T14:30:00+00:00,-749054,3243.544
32411,2010-02-18T14:45:00+00:00,-748154,3243.444
32411,2010-02-18T15:00:00+00:00,-747254,3243.347
32411,2010-02-18T15:15:00+00:00,-746354,3243.260
32411,2010-02-18T15:30:00+00:00,-745454,3243.179
32411,2010-02-18T15:45:00+00:00,-744554,3243.106
32411,2010-02-18T16:00:00+00:00,-743654,3243.044
32411,2010-02-18T16:15:00+00:00,-742754,3242.988
32411,2010-02-18T16:30:00+00:00,-741854,3242.945
32411,2010-02-18T16:45:00+00:00,-740954,3242.917
32411,2010-02-18T17:00:00+00:00,-740054,3242.898
32411,2010-02-18T17:15:00+00:00,-739154,3242.895
32411,2010-02-18T17:30:00+00:00,-738254,3242.907
32411,2010-02-18T17:45:00+00:00,-737354,3242.929
32411,2010-02-18T18:00:00+00:00,-736454,3242.968
32411,2010-02-18T18:15:00+00:00,-735554,3243.021
32411,2010-02-18T18:30:00+00:00,-734654,3243.081
32411,2010-02-18T18:45:00+00:00,-733754,3243.150
32411,2010-02-18T19:00:00+00:00,-732854,3243.231
32411,2010-02-18T19:15:00+00:00,-731954,3243.323
32411,2010-02-18T19:30:00+00:00,-731054,3243.422
32411,2010-02-18T19:45:00+00:00,-730154,3243.525
32411,2010-02-18T20:00:00+00:00,-729254,3243.628
32411,2010-02-18T20:15:00+00:00,-728354,3243.735
32411,2010-02-18T20:30:00+00:00,-727454,3243.843
32411,2010-02-18T20:45:00+00:00,-726554,3243.949
32411,2010-02-18T21:00:00+00:00,-725654,3244.050
32411,2010-02-18T21:15:00+00:00,-724754,3244.146
32411,2010-02-18T21:30:00+00:00,-723854,3244.238
32411,2010-02-18T21:45:00+00:00,-722954,3244.325
32411,2010-02-18T22:00:00+00:00,-722054,3244.399
32411,2010-02-18T22:15:00+00:00,-721154,3244.463
32411,2010-02-18T22:30:00+00:00,-720254,3244.518
32411,2010-02-18T22:45:00+00:00,-719354,3244.560
32411,2010-02-18T23:00:00+00:00,-718454,3244.587
32411,2010-02-18T23:15:00+00:00,-717554,3244.600
32411,2010-02-18T23:30:00+00:00,-716654,3244.604
32411,2010-02-18T23:45:00+00:00,-715754,3244.590
32411,2010-02-19T00:00:00+00:00,-714854,3244.564
32411,2010-02-19T00:15:00+00:00,-713954,3244.525
32411,2010-02-19T00:30:00+00:00,-713054,3244.475
32411,2010-02-19T00:45:00+00:00,-712154,3244.414
32411,2010-02-19T01:00:00+00:00,-711254,3244.338
32411,2010-02-19T01:15:00+00:00,-710354,3244.256
32411,2010-02-19T01:30:00+00:00,-709454,3244.167
32411,2010-02-19T01:45:00+00:00,-708554,3244.073
32411,2010-02-19T02:00:00+00:00,-707654,3243.975
32411,2010-02-19T02:15:00+00:00,-706754,3243.872
32411,2010-02-19T02:30:00+00:00,-705854,3243.768
32411,2010-02-19T02:45:00+00:00,-704954,3243.667
32411,2010-02-19T03:00:00+00:00,-704054,3243.565
32411,2010-02-19T03:15:00+00:00,-703154,3243.462
32411,2010-02-19T03:30:00+00:00,-702254,3243.369
32411,2010-02-19T03:45:00+00:00,-701354,3243.280
32411,2010-02-19T04:00:00+00:00,-700454,3243.199
32411,2010-02-19T04:15:00+00:00,-699554,3243.128
32411,2010-02-19T04:30:00+00:00,-698654,3243.066
32411,2010-02-19T04:45:00+00:00,-697754,3243.012
32411,2010-02-19T05:00:00+00:00,-696854,3242.977
32411,2010-02-19T05:15:00+00:00,-695954,3242.951
32411,2010-02-19T05:30:00+00:00,-695054,3242.938
32411,2010-02-19T05:45:00+00:00,-694154,3242.931
32411,2010-02-19T06:00:00+00:00,-693254,3242.944
32411,2010-02-19T06:15:00+00:00,-692354,3242.970
32411,2010-02-19T06:30:00+00:00,-691454,3243.005
32411,2010-02-19T06:45:00+00:00,-690554,3243.052
32411,2010-02-19T07:00:00+00:00,-689654,3243.111
32411,2010-02-19T07:15:00+00:00,-688754,3243.184
32411,2010-02-19T07:30:00+00:00,-687854,3243.260
32411,2010-02-19T07:45:00+00:00,-686954,3243.344
32411,2010-02-19T08:00:00+00:00,-686054,3243.434
32411,2010-02-19T08:15:00+00:00,-685154,3243.523
32411,2010-02-19T08:30:00+00:00,-684254,3243.621
32411,2010-02-19T08:45:00+00:00,-683354,3243.716
32411,2010-02-19T09:00:00+00:00,-682454,3243.816
32411,2010-02-19T09:15:00+00:00,-681554,3243.909
32411,2010-02-19T09:30:00+00:00,-680654,3243.999
32411,2010-02-19T09:45:00+00:00,-679754,3244.082
32411,2010-02-19T10:00:00+00:00,-678854,3244.160
32411,2010-02-19T10:15:00+00:00,-677954,3244.232
32411,2010-02-19T10:30:00+00:00,-677054,3244.294
32411,2010-02-19T10:45:00+00:00,-676154,3244.344
32411,2010-02-19T11:00:00+00:00,-675254,3244.385
32411,2010-02-19T11:15:00+00:00,-674354,3244.411
32411,2010-02-19T11:30:00+00:00,-673454,3244.427
32411,2010-02-19T11:45:00+00:00,-672554,3244.429
32411,2010-02-19T12:00:00+00:00,-671654,3244.419
32411,2010-02-19T12:15:00+00:00,-670754,3244.397
32411,2010-02-19T12:30:00+00:00,-669854,3244.363
32411,2010-02-19T12:45:00+00:00,-668954,3244.319
32411,2010-02-19T13:00:00+00:00,-668054,3244.265
32411,2010-02-19T13:15:00+00:00,-667154,3244.201
32411,2010-02-19T13:30:00+00:00,-666254,3244.127
32411,2010-02-19T13:45:00+00:00,-665354,3244.048
32411,2010-02-19T14:00:00+00:00,-664454,3243.960
32411,2010-02-19T14:15:00+00:00,-663554,3243.868
32411,2010-02-19T14:30:00+00:00,-662654,3243.771
32411,2010-02-19T14:45:00+00:00,-661754,3243.677
32411,2010-02-19T15:00:00+00:00,-660854,3243.580
32411,2010-02-19T15:15:00+00:00,-659954,3243.488
32411,2010-02-19T15:30:00+00:00,-659054,3243.398
32411,2010-02-19T15:45:00+00:00,-658154,3243.314
32411,2010-02-19T16:00:00+00:00,-657254,3243.236
32411,2010-02-19T16:15:00+00:00,-656354,3243.165
32411,2010-02-19T16:30:00+00:00,-655454,3243.101
32411,2010-02-19T16:45:00+00:00,-654554,3243.046
32411,2010-02-19T17:00:00+00:00,-653654,3243.001
32411,2010-02-19T17:15:00+00:00,-652754,3242.969
32411,2010-02-19T17:30:00+00:00,-651854,3242.949
32411,2010-02-19T17:45:00+00:00,-650954,3242.941
32411,2010-02-19T18:00:00+00:00,-650054,3242.943
32411,2010-02-19T18:15:00+00:00,-649154,3242.962
32411,2010-02-19T18:30:00+00:00,-648254,3242.995
32411,2010-02-19T18:45:00+00:00,-647354,3243.037
32411,2010-02-19T19:00:00+00:00,-646454,3243.090
32411,2010-02-19T19:15:00+00:00,-645554,3243.156
32411,2010-02-19T19:30:00+00:00,-644654,3243.229
32411,2010-02-19T19:45:00+00:00,-643754,3243.313
32411,2010-02-19T20:00:00+00:00,-642854,3243.403
32411,2010-02-19T20:15:00+00:00,-641954,3243.496
32411,2010-02-19T20:30:00+00:00,-641054,3243.595
32411,2010-02-19T20:45:00+00:00,-640154,3243.697
32411,2010-02-19T21:00:00+00:00,-639254,3243.797
32411,2010-02-19T21:15:00+00:00,-638354,3243.900
32411,2010-02-19T21:30:00+00:00,-637454,3243.999
32411,2010-02-19T21:45:00+00:00,-636554,3244.094
32411,2010-02-19T22:00:00+00:00,-635654,3244.181
32411,2010-02-19T22:15:00+00:00,-634754,3244.267
32411,2010-02-19T22:30:00+00:00,-633854,3244.342
32411,2010-02-19T22:45:00+00:00,-632954,3244.407
32411,2010-02-19T23:00:00+00:00,-632054,3244.462
32411,2010-02-19T23:15:00+00:00,-631154,3244.507
32411,2010-02-19T23:30:00+00:00,-630254,3244.538
32411,2010-02-19T23:45:00+00:00,-629354,3244.558
32411,2010-02-20T00:00:00+00:00,-628454,3244.562
32411,2010-02-20T00:15:00+00:00,-627554,3244.556
32411,2010-02-20T00:30:00+00:00,-626654,3244.537
32411,2010-02-20T00:45:00+00:00,-625754,3244.508
32411,2010-02-20T01:00:00+00:00,-624854,3244.462
32411,2010-02-20T01:15:00+00:00,-623954,3244.409
32411,2010-02-20T01:30:00+00:00,-623054,3244.344
32411,2010-02-20T01:45:00+00:00,-622154,3244.271
32411,2010-02-20T02:00:00+00:00,-621254,3244.191
32411,2010-02-20T02:15:00+00:00,-620354,3244.106
32411,2010-02-20T02:30:00+00:00,-619454,3244.015
32411,2010-02-20T02:45:00+00:00,-618554,3243.919
32411,2010-02-20T03:00:00+00:00,-617654,3243.825
32411,2010-02-20T03:15:00+00:00,-616754,3243.726
32411,2010-02-20T03:30:00+00:00,-615854,3243.627
32411,2010-02-20T03:45:00+00:00,-614954,3243.531
32411,2010-02-20T04:00:00+00:00,-614054,3243.440
32411,2010-02-20T04:15:00+00:00,-613154,3243.356
32411,2010-02-20T04:30:00+00:00,-612254,3243.272
32411,2010-02-20T04:45:00+00:00,-611354,3243.200
32411,2010-02-20T05:00:00+00:00,-610454,3243.137
32411,2010-02-20T05:15:00+00:00,-609554,3243.082
32411,2010-02-20T05:30:00+00:00,-608654,3243.036
32411,2010-02-20T05:45:00+00:00,-607754,3243.004
32411,2010-02-20T06:00:00+00:00,-606854,3242.983
32411,2010-02-20T06:15:00+00:00,-605954,3242.976
32411,2010-02-20T06:30:00+00:00,-605054,3242.982
32411,2010-02-20T06:45:00+00:00,-604154,3242.996
32411,2010-02-20T07:00:00+00:00,-603254,3243.020
32411,2010-02-20T07:15:00+00:00,-602354,3243.058
32411,2010-02-20T07:30:00+00:00,-601454,3243.108
32411,2010-02-20T07:45:00+00:00,-600554,3243.168
32411,2010-02-20T08:00:00+00:00,-599654,3243.234
32411,2010-02-20T08:15:00+00:00,-598754,3243.309
32411,2010-02-20T08:30:00+00:00,-597854,3243.389
32411,2010-02-20T08:45:00+00:00,-596954,3243.474
32411,2010-02-20T09:00:00+00:00,-596054,3243.562
32411,2010-02-20T09:15:00+00:00,-595154,3243.650
32411,2010-02-20T09:30:00+00:00,-594254,3243.741
32411,2010-02-20T09:45:00+00:00,-593354,3243.832
32411,2010-02-20T10:00:00+00:00,-592454,3243.917
32411,2010-02-20T10:15:00+00:00,-591554,3243.997
32411,2010-02-20T10:30:00+00:00,-590654,3244.074
32411,2010-02-20T10:45:00+00:00,-589754,3244.144
32411,2010-02-20T11:00:00+00:00,-588854,3244.204
32411,2010-02-20T11:15:00+00:00,-587954,3244.259
32411,2010-02-20T11:30:00+00:00,-587054,3244.302
32411,2010-02-20T11:45:00+00:00,-586154,3244.334
32411,2010-02-20T12:00:00+00:00,-585254,3244.356
32411,2010-02-20T12:15:00+00:00,-584354,3244.369
32411,2010-02-20T12:30:00+00:00,-583454,3244.366
32411,2010-02-20T12:45:00+00:00,-582554,3244.355
32411,2010-02-20T13:00:00+00:00,-581654,3244.331
32411,2010-02-20T13:15:00+00:00,-580754,3244.298
32411,2010-02-20T13:30:00+00:00,-579854,3244.252
32411,2010-02-20T13:45:00+00:00,-578954,3244.199
32411,2010-02-20T14:00:00+00:00,-578054,3244.133
32411,2010-02-20T14:15:00+00:00,-577154,3244.065
32411,2010-02-20T14:30:00+00:00,-576254,3243.988
32411,2010-02-20T14:45:00+00:00,-575354,3243.905
32411,2010-02-20T15:00:00+00:00,-574454,3243.818
32411,2010-02-20T15:15:00+00:00,-573554,3243.727
32411,2010-02-20T15:30:00+00:00,-572654,3243.640
32411,2010-02-20T15:45:00+00:00,-571754,3243.552
32411,2010-02-20T16:00:00+00:00,-570854,3243.469
32411,2010-02-20T16:15:00+00:00,-569954,3243.388
32411,2010-02-20T16:30:00+00:00,-569054,3243.309
32411,2010-02-20T16:45:00+00:00,-568154,3243.239
32411,2010-02-20T17:00:00+00:00,-567254,3243.177
32411,2010-02-20T17:15:00+00:00,-566354,3243.122
32411,2010-02-20T17:30:00+00:00,-565454,3243.077
32411,2010-02-20T17:45:00+00:00,-564554,3243.044
32411,2010-02-20T18:00:00+00:00,-563654,3243.018
32411,2010-02-20T18:15:00+00:00,-562754,3243.008
32411,2010-02-20T18:30:00+00:00,-561854,3243.006
32411,2010-02-20T18:45:00+00:00,-560954,3243.016
32411,2010-02-20T19:00:00+00:00,-560054,3243.037
32411,2010-02-20T19:15:00+00:00,-559154,3243.068
32411,2010-02-20T19:30:00+00:00,-558254,3243.113
32411,2010-02-20T19:45:00+00:00,-557354,3243.166
32411,2010-02-20T20:00:00+00:00,-556454,3243.225
32411,2010-02-20T20:15:00+00:00,-555554,3243.298
32411,2010-02-20T20:30:00+00:00,-554654,3243.376
32411,2010-02-20T20:45:00+00:00,-553754,3243.459
32411,2010-02-20T21:00:00+00:00,-552854,3243.550
32411,2010-02-20T21:15:00+00:00,-551954,3243.641
32411,2010-02-20T21:30:00+00:00,-551054,3243.739
32411,2010-02-20T21:45:00+00:00,-550154,3243.836
32411,2010-02-20T22:00:00+00:00,-549254,3243.931
32411,2010-02-20T22:15:00+00:00,-548354,3244.022
32411,2010-02-20T22:30:00+00:00,-547454,3244.110
32411,2010-02-20T22:45:00+00:00,-546554,3244.191
32411,2010-02-20T23:00:00+00:00,-545654,3244.267
32411,2010-02-20T23:15:00+00:00,-544754,3244.333
32411,2010-02-20T23:30:00+00:00,-543854,3244.390
32411,2010-02-20T23:45:00+00:00,-542954,3244.440
32411,2010-02-21T00:00:00+00:00,-542054,3244.480
32411,2010-02-21T00:15:00+00:00,-541154,3244.507
32411,2010-02-21T00:30:00+00:00,-540254,3244.523
32411,2010-02-21T00:45:00+00:00,-539354,3244.525
32411,2010-02-21T01:00:00+00:00,-538454,3244.516
32411,2010-02-21T01:15:00+00:00,-537554,3244.497
32411,2010-02-21T01:30:00+00:00,-536654,3244.467
32411,2010-02-21T01:45:00+00:00,-535754,3244.428
32411,2010-02-21T02:00:00+00:00,-534854,3244.375
32411,2010-02-21T02:15:00+00:00,-533954,3244.316
32411,2010-02-21T02:30:00+00:00,-533054,3244.247
32411,2010-02-21T02:45:00+00:00,-532154,3244.170
32411,2010-02-21T03:00:00+00:00,-531254,3244.090
32411,2010-02-21T03:15:00+00:00,-530354,3244.000
32411,2010-02-21T03:30:00+00:00,-529454,3243.910
32411,2010-02-21T03:45:00+00:00,-528554,3243.814
32411,2010-02-21T04:00:00+00:00,-527654,3243.721
32411,2010-02-21T04:15:00+00:00,-526754,3243.628
32411,2010-02-21T04:30:00+00:00,-525854,3243.539
32411,2010-02-21T04:45:00+00:00,-524954,3243.451
32411,2010-02-21T05:00:00+00:00,-524054,3243.370
32411,2010-02-21T05:15:00+00:00,-523154,3243.295
32411,2010-02-21T05:30:00+00:00,-522254,3243.226
32411,2010-02-21T05:45:00+00:00,-521354,3243.166
32411,2010-02-21T06:00:00+00:00,-520454,3243.117
32411,2010-02-21T06:15:00+00:00,-519554,3243.077
32411,2010-02-21T06:30:00+00:00,-518654,3243.048
32411,2010-02-21T06:45:00+00:00,-517754,3243.030
32411,2010-02-21T07:00:00+00:00,-516854,3243.019
32411,2010-02-21T07:15:00+00:00,-515954,3243.025
32411,2010-02-21T07:30:00+00:00,-515054,3243.039
32411,2010-02-21T07:45:00+00:00,-514154,3243.064
32411,2010-02-21T08:00:00+00:00,-513254,3243.100
32411,2010-02-21T08:15:00+00:00,-512354,3243.148
32411,2010-02-21T08:30:00+00:00,-511454,3243.203
32411,2010-02-21T08:45:00+00:00,-510554,3243.263
32411,2010-02-21T09:00:00+00:00,-509654,3243.334
32411,2010-02-21T09:15:00+00:00,-508754,3243.409
32411,2010-02-21T09:30:00+00:00,-507854,3243.489
32411,2010-02-21T09:45:00+00:00,-506954,3243.571
32411,2010-02-21T10:00:00+00:00,-506054,3243.654
32411,2010-02-21T10:15:00+00:00,-505154,3243.741
32411,2010-02-21T10:30:00+00:00,-504254,3243.822
32411,2010-02-21T10:45:00+00:00,-503354,3243.902
32411,2010-02-21T11:00:00+00:00,-502454,3243.978
32411,2010-02-21T11:15:00+00:00,-501554,3244.049
32411,2010-02-21T11:30:00+00:00,-500654,3244.112
32411,2010-02-21T11:45:00+00:00,-499754,3244.173
32411,2010-02-21T12:00:00+00:00,-498854,3244.220
32411,2010-02-21T12:15:00+00:00,-497954,3244.263
32411,2010-02-21T12:30:00+00:00,-497054,3244.296
32411,2010-02-21T12:45:00+00:00,-496154,3244.317
32411,2010-02-21T13:00:00+00:00,-495254,3244.326
32411,2010-02-21T13:15:00+00:00,-494354,3244.328
32411,2010-02-21T13:30:00+00:00,-493454,3244.312
32411,2010-02-21T13:45:00+00:00,-492554,3244.289
32411,2010-02-21T14:00:00+00:00,-491654,3244.254
32411,2010-02-21T14:15:00+00:00,-490754,3244.214
32411,2010-02-21T14:30:00+00:00,-489854,3244.162
32411,2010-02-21T14:45:00+00:00,-488954,3244.105
32411,2010-02-21T15:00:00+00:00,-488054,3244.043
32411,2010-02-21T15:15:00+00:00,-487154,3243.979
32411,2010-02-21T15:30:00+00:00,-486254,3243.910
32411,2010-02-21T15:45:00+00:00,-485354,3243.835
32411,2010-02-21T16:00:00+00:00,-484454,3243.755
32411,2010-02-21T16:15:00+00:00,-483554,3243.674
32411,2010-02-21T16:30:00+00:00,-482654,3243.594
32411,2010-02-21T16:45:00+00:00,-481754,3243.513
32411,2010-02-21T17:00:00+00:00,-480854,3243.439
32411,2010-02-21T17:15:00+00:00,-479954,3243.366
32411,2010-02-21T17:30:00+00:00,-479054,3243.300
32411,2010-02-21T17:45:00+00:00,-478154,3243.242
32411,2010-02-21T18:00:00+00:00,-477254,3243.193
32411,2010-02-21T18:15:00+00:00,-476354,3243.148
32411,2010-02-21T18:30:00+00:00,-475454,3243.117
32411,2010-02-21T18:45:00+00:00,-474554,3243.095
32411,2010-02-21T19:00:00+00:00,-473654,3243.083
32411,2010-02-21T19:15:00+00:00,-472754,3243.082
32411,2010-02-21T19:30:00+00:00,-471854,3243.092
32411,2010-02-21T19:45:00+00:00,-470954,3243.109
32411,2010-02-21T20:00:00+00:00,-470054,3243.140
32411,2010-02-21T20:15:00+00:00,-469154,3243.180
32411,2010-02-21T20:30:00+00:00,-468254,3243.227
32411,2010-02-21T20:45:00+00:00,-467354,3243.282
32411,2010-02-21T21:00:00+00:00,-466454,3243.345
32411,2010-02-21T21:15:00+00:00,-465554,3243.415
32411,2010-02-21T21:30:00+00:00,-464654,3243.491
32411,2010-02-21T21:45:00+00:00,-463754,3243.571
32411,2010-02-21T22:00:00+00:00,-462854,3243.656
32411,2010-02-21T22:15:00+00:00,-461954,3243.742
32411,2010-02-21T22:30:00+00:00,-461054,3243.828
32411,2010-02-21T22:45:00+00:00,-460154,3243.916
32411,2010-02-21T23:00:00+00:00,-459254,3243.999
32411,2010-02-21T23:15:00+00:00,-458354,3244.078
32411,2010-02-21T23:30:00+00:00,-457454,3244.152
32411,2010-02-21T23:45:00+00:00,-456554,3244.224
32411,2010-02-22T00:00:00+00:00,-455654,3244.283
32411,2010-02-22T00:15:00+00:00,-454754,3244.336
32411,2010-02-22T00:30:00+00:00,-453854,3244.381
32411,2010-02-22T00:45:00+00:00,-452954,3244.418
32411,2010-02-22T01:00:00+00:00,-452054,3244.444
32411,2010-02-22T01:15:00+00:00,-451154,3244.461
32411,2010-02-22T01:30:00+00:00,-450254,3244.467
32411,2010-02-22T01:45:00+00:00,-449354,3244.460
32411,2010-02-22T02:00:00+00:00,-448454,3244.441
32411,2010-02-22T02:15:00+00:00,-447554,3244.417
32411,2010-02-22T02:30:00+00:00,-446654,3244.382
32411,2010-02-22T02:45:00+00:00,-445754,3244.337
32411,2010-02-22T03:00:00+00:00,-444854,3244.284
32411,2010-02-22T03:15:00+00:00,-443954,3244.221
32411,2010-02-22T03:30:00+00:00,-443054,3244.157
32411,2010-02-22T03:45:00+00:00,-442154,3244.082
32411,2010-02-22T04:00:00+00:00,-441254,3244.002
32411,2010-02-22T04:15:00+00:00,-440354,3243.919
32411,2010-02-22T04:30:00+00:00,-439454,3243.834
32411,2010-02-22T04:45:00+00:00,-438554,3243.751
32411,2010-02-22T05:00:00+00:00,-437654,3243.664
32411,2010-02-22T05:15:00+00:00,-436754,3243.579
32411,2010-02-22T05:30:00+00:00,-435854,3243.498
32411,2010-02-22T05:45:00+00:00,-434954,3243.422
32411,2010-02-22T06:00:00+00:00,-434054,3243.355
32411,2010-02-22T06:15:00+00:00,-433154,3243.290
32411,2010-02-22T06:30:00+00:00,-432254,3243.232
32411,2010-02-22T06:45:00+00:00,-431354,3243.184
32411,2010-02-22T07:00:00+00:00,-430454,3243.146
32411,2010-02-22T07:15:00+00:00,-429554,3243.114
32411,2010-02-22T07:30:00+00:00,-428654,3243.093
32411,2010-02-22T07:45:00+00:00,-427754,3243.082
32411,2010-02-22T08:00:00+00:00,-426854,3243.082
32411,2010-02-22T08:15:00+00:00,-425954,3243.088
32411,2010-02-22T08:30:00+00:00,-425054,3243.107
32411,2010-02-22T08:45:00+00:00,-424154,3243.137
32411,2010-02-22T09:00:00+00:00,-423254,3243.175
32411,2010-02-22T09:15:00+00:00,-422354,3243.220
32411,2010-02-22T09:30:00+00:00,-421454,3243.273
32411,2010-02-22T09:45:00+00:00,-420554,3243.335
32411,2010-02-22T10:00:00+00:00,-419654,3243.401
32411,2010-02-22T10:15:00+00:00,-418754,3243.473
32411,2010-02-22T10:30:00+00:00,-417854,3243.543
32411,2010-02-22T10:45:00+00:00,-416954,3243.614
32411,2010-02-22T11:00:00+00:00,-416054,3243.690
32411,2010-02-22T11:15:00+00:00,-415154,3243.764
32411,2010-02-22T11:30:00+00:00,-414254,3243.838
32411,2010-02-22T11:45:00+00:00,-413354,3243.906
32411,2010-02-22T12:00:00+00:00,-412454,3243.973
32411,2010-02-22T12:15:00+00:00,-411554,3244.034
32411,2010-02-22T12:30:00+00:00,-410654,3244.087
32411,2010-02-22T12:45:00+00:00,-409754,3244.137
32411,2010-02-22T13:00:00+00:00,-408854,3244.179
32411,2010-02-22T13:15:00+00:00,-407954,3244.212
32411,2010-02-22T13:30:00+00:00,-407054,3244.233
32411,2010-02-22T13:45:00+00:00,-406154,3244.249
32411,2010-02-22T14:00:00+00:00,-405254,3244.254
32411,2010-02-22T14:15:00+00:00,-404354,3244.249
32411,2010-02-22T14:30:00+00:00,-403454,3244.234
32411,2010-02-22T14:45:00+00:00,-402554,3244.211
32411,2010-02-22T15:00:00+00:00,-401654,3244.177
32411,2010-02-22T15:15:00+00:00,-400754,3244.140
32411,2010-02-22T15:30:00+00:00,-399854,3244.090
32411,2010-02-22T15:45:00+00:00,-398954,3244.036
32411,2010-02-22T16:00:00+00:00,-398054,3243.979
32411,2010-02-22T16:15:00+00:00,-397154,3243.915
32411,2010-02-22T16:30:00+00:00,-396254,3243.847
32411,2010-02-22T16:45:00+00:00,-395354,3243.778
32411,2010-02-22T17:00:00+00:00,-394454,3243.705
32411,2010-02-22T17:15:00+00:00,-393554,3243.630
32411,2010-02-22T17:30:00+00:00,-392654,3243.560
32411,2010-02-22T17:45:00+00:00,-391754,3243.491
32411,2010-02-22T18:00:00+00:00,-390854,3243.425
32411,2010-02-22T18:15:00+00:00,-389954,3243.364
32411,2010-02-22T18:30:00+00:00,-389054,3243.304
32411,2010-02-22T18:45:00+00:00,-388154,3243.251
32411,2010-02-22T19:00:00+00:00,-387254,3243.207
32411,2010-02-22T19:15:00+00:00,-386354,3243.176
32411,2010-02-22T19:30:00+00:00,-385454,3243.149
32411,2010-02-22T19:45:00+00:00,-384554,3243.129
32411,2010-02-22T20:00:00+00:00,-383654,3243.120
32411,2010-02-22T20:15:00+00:00,-382754,3243.122
32411,2010-02-22T20:30:00+00:00,-381854,3243.130
32411,2010-02-22T20:45:00+00:00,-380954,3243.152
32411,2010-02-22T21:00:00+00:00,-380054,3243.182
32411,2010-02-22T21:15:00+00:00,-379154,3243.223
32411,2010-02-22T21:30:00+00:00,-378254,3243.268
32411,2010-02-22T21:45:00+00:00,-377354,3243.321
32411,2010-02-22T22:00:00+00:00,-376454,3243.381
32411,2010-02-22T22:15:00+00:00,-375554,3243.447
32411,2010-02-22T22:30:00+00:00,-374654,3243.518
32411,2010-02-22T22:45:00+00:00,-373754,3243.594
32411,2010-02-22T23:00:00+00:00,-372854,3243.669
32411,2010-02-22T23:15:00+00:00,-371954,3243.747
32411,2010-02-22T23:30:00+00:00,-371054,3243.828
32411,2010-02-22T23:45:00+00:00,-370154,3243.907
32411,2010-02-23T00:00:00+00:00,-369254,3243.984
32411,2010-02-23T00:15:00+00:00,-368354,3244.054
32411,2010-02-23T00:30:00+00:00,-367454,3244.120
32411,2010-02-23T00:45:00+00:00,-366554,3244.182
32411,2010-02-23T01:00:00+00:00,-365654,3244.236
32411,2010-02-23T01:15:00+00:00,-364754,3244.287
32411,2010-02-23T01:30:00+00:00,-363854,3244.329
32411,2010-02-23T01:45:00+00:00,-362954,3244.363
32411,2010-02-23T02:00:00+00:00,-362054,3244.385
32411,2010-02-23T02:15:00+00:00,-361154,3244.397
32411,2010-02-23T02:30:00+00:00,-360254,3244.401
32411,2010-02-23T02:45:00+00:00,-359354,3244.393
32411,2010-02-23T03:00:00+00:00,-358454,3244.374
32411,2010-02-23T03:15:00+00:00,-357554,3244.351
32411,2010-02-23T03:30:00+00:00,-356654,3244.319
32411,2010-02-23T03:45:00+00:00,-355754,3244.277
32411,2010-02-23T04:00:00+00:00,-354854,3244.230
32411,2010-02-23T04:15:00+00:00,-353954,3244.172
32411,2010-02-23T04:30:00+00:00,-353054,3244.107
32411,2010-02-23T04:45:00+00:00,-352154,3244.038
32411,2010-02-23T05:00:00+00:00,-351254,3243.964
32411,2010-02-23T05:15:00+00:00,-350354,3243.886
32411,2010-02-23T05:30:00+00:00,-349454,3243.807
32411,2010-02-23T05:45:00+00:00,-348554,3243.728
32411,2010-02-23T06:00:00+00:00,-347654,3243.648
32411,2010-02-23T06:15:00+00:00,-346754,3243.569
32411,2010-02-23T06:30:00+00:00,-345854,3243.497
32411,2010-02-23T06:45:00+00:00,-344954,3243.428
32411,2010-02-23T07:00:00+00:00,-344054,3243.363
32411,2010-02-23T07:15:00+00:00,-343154,3243.304
32411,2010-02-23T07:30:00+00:00,-342254,3243.249
32411,2010-02-23T07:45:00+00:00,-341354,3243.202
32411,2010-02-23T08:00:00+00:00,-340454,3243.164
32411,2010-02-23T08:15:00+00:00,-339554,3243.135
32411,2010-02-23T08:30:00+00:00,-338654,3243.115
32411,2010-02-23T08:45:00+00:00,-337754,3243.107
32411,2010-02-23T09:00:00+00:00,-336854,3243.106
32411,2010-02-23T09:15:00+00:00,-335954,3243.112
32411,2010-02-23T09:30:00+00:00,-335054,3243.129
32411,2010-02-23T09:45:00+00:00,-334154,3243.154
32411,2010-02-23T10:00:00+00:00,-333254,3243.189
32411,2010-02-23T10:15:00+00:00,-332354,3243.233
32411,2010-02-23T10:30:00+00:00,-331454,3243.283
32411,2010-02-23T10:45:00+00:00,-330554,3243.336
32411,2010-02-23T11:00:00+00:00,-329654,3243.396
32411,2010-02-23T11:15:00+00:00,-328754,3243.462
32411,2010-02-23T11:30:00+00:00,-327854,3243.525
32411,2010-02-23T11:45:00+00:00,-326954,3243.595
32411,2010-02-23T12:00:00+00:00,-326054,3243.669
32411,2010-02-23T12:15:00+00:00,-325154,3243.741
32411,2010-02-23T12:30:00+00:00,-324254,3243.808
32411,2010-02-23T12:45:00+00:00,-323354,3243.874
32411,2010-02-23T13:00:00+00:00,-322454,3243.935
32411,2010-02-23T13:15:00+00:00,-321554,3243.993
32411,2010-02-23T13:30:00+00:00,-320654,3244.046
32411,2010-02-23T13:45:00+00:00,-319754,3244.091
32411,2010-02-23T14:00:00+00:00,-318854,3244.132
32411,2010-02-23T14:15:00+00:00,-317954,3244.166
32411,2010-02-23T14:30:00+00:00,-317054,3244.187
32411,2010-02-23T14:45:00+00:00,-316154,3244.202
32411,2010-02-23T15:00:00+00:00,-315254,3244.209
32411,2010-02-23T15:15:00+00:00,-314354,3244.207
32411,2010-02-23T15:30:00+00:00,-313454,3244.199
32411,2010-02-23T15:45:00+00:00,-312554,3244.179
32411,2010-02-23T16:00:00+00:00,-311654,3244.153
32411,2010-02-23T16:15:00+00:00,-310754,3244.119
32411,2010-02-23T16:30:00+00:00,-309854,3244.075
32411,2010-02-23T16:45:00+00:00,-308954,3244.027
32411,2010-02-23T17:00:00+00:00,-308054,3243.974
32411,2010-02-23T17:15:00+00:00,-307154,3243.913
32411,2010-02-23T17:30:00+00:00,-306254,3243.856
32411,2010-02-23T17:45:00+00:00,-305354,3243.790
32411,2010-02-23T18:00:00+00:00,-304454,3243.724
32411,2010-02-23T18:15:00+00:00,-303554,3243.656
32411,2010-02-23T18:30:00+00:00,-302654,3243.590
32411,2010-02-23T18:45:00+00:00,-301754,3243.526
32411,2010-02-23T19:00:00+00:00,-300854,3243.466
32411,2010-02-23T19:15:00+00:00,-299954,3243.407
32411,2010-02-23T19:30:00+00:00,-299054,3243.352
32411,2010-02-23T19:45:00+00:00,-298154,3243.304
32411,2010-02-23T20:00:00+00:00,-297254,3243.261
32411,2010-02-23T20:15:00+00:00,-296354,3243.225
32411,2010-02-23T20:30:00+00:00,-295454,3243.198
32411,2010-02-23T20:45:00+00:00,-294554,3243.178
32411,2010-02-23T21:00:00+00:00,-293654,3243.168
32411,2010-02-23T21:15:00+00:00,-292754,3243.165
32411,2010-02-23T21:30:00+00:00,-291854,3243.172
32411,2010-02-23T21:45:00+00:00,-290954,3243.189
32411,2010-02-23T22:00:00+00:00,-290054,3243.210
32411,2010-02-23T22:15:00+00:00,-289154,3243.239
32411,2010-02-23T22:30:00+00:00,-288254,3243.277
32411,2010-02-23T22:45:00+00:00,-287354,3243.326
32411,2010-02-23T23:00:00+00:00,-286454,3243.380
32411,2010-02-23T23:15:00+00:00,-285554,3243.440
32411,2010-02-23T23:30:00+00:00,-284654,3243.501
32411,2010-02-23T23:45:00+00:00,-283754,3243.572
32411,2010-02-24T00:00:00+00:00,-282854,3243.642
32411,2010-02-24T00:15:00+00:00,-281954,3243.715
32411,2010-02-24T00:30:00+00:00,-281054,3243.787
32411,2010-02-24T00:45:00+00:00,-280154,3243.859
32411,2010-02-24T01:00:00+00:00,-279254,3243.934
32411,2010-02-24T01:15:00+00:00,-278354,3244.005
32411,2010-02-24T01:30:00+00:00,-277454,3244.070
32411,2010-02-24T01:45:00+00:00,-276554,3244.133
32411,2010-02-24T02:00:00+00:00,-275654,3244.188
32411,2010-02-24T02:15:00+00:00,-274754,3244.239
32411,2010-02-24T02:30:00+00:00,-273854,3244.283
32411,2010-02-24T02:45:00+00:00,-272954,3244.318
32411,2010-02-24T03:00:00+00:00,-272054,3244.345
32411,2010-02-24T03:15:00+00:00,-271154,3244.363
32411,2010-02-24T03:30:00+00:00,-270254,3244.372
32411,2010-02-24T03:45:00+00:00,-269354,3244.369
32411,2010-02-24T04:00:00+00:00,-268454,3244.358
32411,2010-02-24T04:15:00+00:00,-267554,3244.336
32411,2010-02-24T04:30:00+00:00,-266654,3244.309
32411,2010-02-24T04:45:00+00:00,-265754,3244.272
32411,2010-02-24T05:00:00+00:00,-264854,3244.227
32411,2010-02-24T05:15:00+00:00,-263954,3244.176
32411,2010-02-24T05:30:00+00:00,-263054,3244.115
32411,2010-02-24T05:45:00+00:00,-262154,3244.049
32411,2010-02-24T06:00:00+00:00,-261254,3243.981
32411,2010-02-24T06:15:00+00:00,-260354,3243.909
32411,2010-02-24T06:30:00+00:00,-259454,3243.832
32411,2010-02-24T06:45:00+00:00,-258554,3243.755
32411,2010-02-24T07:00:00+00:00,-257654,3243.677
32411,2010-02-24T07:15:00+00:00,-256754,3243.596
32411,2010-02-24T07:30:00+00:00,-255854,3243.527
32411,2010-02-24T07:45:00+00:00,-254954,3243.457
32411,2010-02-24T08:00:00+00:00,-254054,3243.390
32411,2010-02-24T08:15:00+00:00,-253154,3243.329
32411,2010-02-24T08:30:00+00:00,-252254,3243.273
32411,2010-02-24T08:45:00+00:00,-251354,3243.224
32411,2010-02-24T09:00:00+00:00,-250454,3243.184
32411,2010-02-24T09:15:00+00:00,-249554,3243.149
32411,2010-02-24T09:30:00+00:00,-248654,3243.122
32411,2010-02-24T09:45:00+00:00,-247754,3243.105
32411,2010-02-24T10:00:00+00:00,-246854,3243.100
32411,2010-02-24T10:15:00+00:00,-245954,3243.103
32411,2010-02-24T10:30:00+00:00,-245054,3243.115
32411,2010-02-24T10:45:00+00:00,-244154,3243.138
32411,2010-02-24T11:00:00+00:00,-243254,3243.168
32411,2010-02-24T11:15:00+00:00,-242354,3243.207
32411,2010-02-24T11:30:00+00:00,-241454,3243.252
32411,2010-02-24T11:45:00+00:00,-240554,3243.301
32411,2010-02-24T12:00:00+00:00,-239654,3243.359
32411,2010-02-24T12:15:00+00:00,-238754,3243.421
32411,2010-02-24T12:30:00+00:00,-237854,3243.488
32411,2010-02-24T12:45:00+00:00,-236954,3243.557
32411,2010-02-24T13:00:00+00:00,-236054,3243.630
32411,2010-02-24T13:15:00+00:00,-235154,3243.702
32411,2010-02-24T13:30:00+00:00,-234254,3243.771
32411,2010-02-24T13:45:00+00:00,-233354,3243.840
32411,2010-02-24T14:00:00+00:00,-232454,3243.905
32411,2010-02-24T14:15:00+00:00,-231554,3243.966
32411,2010-02-24T14:30:00+00:00,-230654,3244.022
32411,2010-02-24T14:45:00+00:00,-229754,3244.072
32411,2010-02-24T15:00:00+00:00,-228854,3244.118
32411,2010-02-24T15:15:00+00:00,-227954,3244.158
32411,2010-02-24T15:30:00+00:00,-227054,3244.188
32411,2010-02-24T15:45:00+00:00,-226154,3244.209
32411,2010-02-24T16:00:00+00:00,-225254,3244.224
32411,2010-02-24T16:15:00+00:00,-224354,3244.229
32411,2010-02-24T16:30:00+00:00,-223454,3244.225
32411,2010-02-24T16:45:00+00:00,-222554,3244.212
32411,2010-02-24T17:00:00+00:00,-221654,3244.189
32411,2010-02-24T17:15:00+00:00,-220754,3244.156
32411,2010-02-24T17:30:00+00:00,-219854,3244.118
32411,2010-02-24T17:45:00+00:00,-218954,3244.073
32411,2010-02-24T18:00:00+00:00,-218054,3244.021
32411,2010-02-24T18:15:00+00:00,-217154,3243.965
32411,2010-02-24T18:30:00+00:00,-216254,3243.903
32411,2010-02-24T18:45:00+00:00,-215354,3243.839
32411,2010-02-24T19:00:00+00:00,-214454,3243.768
32411,2010-02-24T19:15:00+00:00,-213554,3243.700
32411,2010-02-24T19:30:00+00:00,-212654,3243.631
32411,2010-02-24T19:45:00+00:00,-211754,3243.559
32411,2010-02-24T20:00:00+00:00,-210854,3243.493
32411,2010-02-24T20:15:00+00:00,-209954,3243.427
32411,2010-02-24T20:30:00+00:00,-209054,3243.367
32411,2010-02-24T20:45:00+00:00,-208154,3243.312
32411,2010-02-24T21:00:00+00:00,-207254,3243.261
32411,2010-02-24T21:15:00+00:00,-206354,3243.214
32411,2010-02-24T21:30:00+00:00,-205454,3243.176
32411,2010-02-24T21:45:00+00:00,-204554,3243.150
32411,2010-02-24T22:00:00+00:00,-203654,3243.130
32411,2010-02-24T22:15:00+00:00,-202754,3243.120
32411,2010-02-24T22:30:00+00:00,-201854,3243.120
32411,2010-02-24T22:45:00+00:00,-200954,3243.127
32411,2010-02-24T23:00:00+00:00,-200054,3243.145
32411,2010-02-24T23:15:00+00:00,-199154,3243.170
32411,2010-02-24T23:30:00+00:00,-198254,3243.206
32411,2010-02-24T23:45:00+00:00,-197354,3243.250
32411,2010-02-25T00:00:00+00:00,-196454,3243.300
32411,2010-02-25T00:15:00+00:00,-195554,3243.357
32411,2010-02-25T00:30:00+00:00,-194654,3243.420
32411,2010-02-25T00:45:00+00:00,-193754,3243.487
32411,2010-02-25T01:00:00+00:00,-192854,3243.561
32411,2010-02-25T01:15:00+00:00,-191954,3243.640
32411,2010-02-25T01:30:00+00:00,-191054,3243.720
32411,2010-02-25T01:45:00+00:00,-190154,3243.800
32411,2010-02-25T02:00:00+00:00,-189254,3243.880
32411,2010-02-25T02:15:00+00:00,-188354,3243.957
32411,2010-02-25T02:30:00+00:00,-187454,3244.032
32411,2010-02-25T02:45:00+00:00,-186554,3244.103
32411,2010-02-25T03:00:00+00:00,-185654,3244.168
32411,2010-02-25T03:15:00+00:00,-184754,3244.227
32411,2010-02-25T03:30:00+00:00,-183854,3244.279
32411,2010-02-25T03:45:00+00:00,-182954,3244.324
32411,2010-02-25T04:00:00+00:00,-182054,3244.357
32411,2010-02-25T04:15:00+00:00,-181154,3244.383
32411,2010-02-25T04:30:00+00:00,-180254,3244.400
32411,2010-02-25T04:45:00+00:00,-179354,3244.405
32411,2010-02-25T05:00:00+00:00,-178454,3244.399
32411,2010-02-25T05:15:00+00:00,-177554,3244.383
32411,2010-02-25T05:30:00+00:00,-176654,3244.362
32411,2010-02-25T05:45:00+00:00,-175754,3244.329
32411,2010-02-25T06:00:00+00:00,-174854,3244.287
32411,2010-02-25T06:15:00+00:00,-173954,3244.234
32411,2010-02-25T06:30:00+00:00,-173054,3244.176
32411,2010-02-25T06:45:00+00:00,-172154,3244.109
32411,2010-02-25T07:00:00+00:00,-171254,3244.039
32411,2010-02-25T07:15:00+00:00,-170354,3243.959
32411,2010-02-25T07:30:00+00:00,-169454,3243.881
32411,2010-02-25T07:45:00+00:00,-168554,3243.797
32411,2010-02-25T08:00:00+00:00,-167654,3243.713
32411,2010-02-25T08:15:00+00:00,-166754,3243.630
32411,2010-02-25T08:30:00+00:00,-165854,3243.549
32411,2010-02-25T08:45:00+00:00,-164954,3243.469
32411,2010-02-25T09:00:00+00:00,-164054,3243.394
32411,2010-02-25T09:15:00+00:00,-163154,3243.323
32411,2010-02-25T09:30:00+00:00,-162254,3243.260
32411,2010-02-25T09:45:00+00:00,-161354,3243.200
32411,2010-02-25T10:00:00+00:00,-160454,3243.150
32411,2010-02-25T10:15:00+00:00,-159554,3243.108
32411,2010-02-25T10:30:00+00:00,-158654,3243.073
32411,2010-02-25T10:45:00+00:00,-157754,3243.048
32411,2010-02-25T11:00:00+00:00,-156854,3243.034
32411,2010-02-25T11:15:00+00:00,-155954,3243.031
32411,2010-02-25T11:30:00+00:00,-155054,3243.038
32411,2010-02-25T11:45:00+00:00,-154154,3243.056
32411,2010-02-25T12:00:00+00:00,-153254,3243.084
32411,2010-02-25T12:15:00+00:00,-152354,3243.122
32411,2010-02-25T12:30:00+00:00,-151454,3243.168
32411,2010-02-25T12:45:00+00:00,-150554,3243.220
32411,2010-02-25T13:00:00+00:00,-149654,3243.279
32411,2010-02-25T13:15:00+00:00,-148754,3243.343
32411,2010-02-25T13:30:00+00:00,-147854,3243.417
32411,2010-02-25T13:45:00+00:00,-146954,3243.495
32411,2010-02-25T14:00:00+00:00,-146054,3243.577
32411,2010-02-25T14:15:00+00:00,-145154,3243.656
32411,2010-02-25T14:30:00+00:00,-144254,3243.737
32411,2010-02-25T14:45:00+00:00,-143354,3243.814
32411,2010-02-25T15:00:00+00:00,-142454,3243.891
32411,2010-02-25T15:15:00+00:00,-141554,3243.967
32411,2010-02-25T15:30:00+00:00,-140654,3244.036
32411,2010-02-25T15:45:00+00:00,-139754,3244.099
32411,2010-02-25T16:00:00+00:00,-138854,3244.162
32411,2010-02-25T16:15:00+00:00,-137954,3244.214
32411,2010-02-25T16:30:00+00:00,-137054,3244.256
32411,2010-02-25T16:45:00+00:00,-136154,3244.290
32411,2010-02-25T17:00:00+00:00,-135254,3244.312
32411,2010-02-25T17:15:00+00:00,-134354,3244.324
32411,2010-02-25T17:30:00+00:00,-133454,3244.326
32411,2010-02-25T17:45:00+00:00,-132554,3244.317
32411,2010-02-25T18:00:00+00:00,-131654,3244.299
32411,2010-02-25T18:15:00+00:00,-130754,3244.271
32411,2010-02-25T18:30:00+00:00,-129854,3244.233
32411,2010-02-25T18:45:00+00:00,-128954,3244.188
32411,2010-02-25T19:00:00+00:00,-128054,3244.133
32411,2010-02-25T19:15:00+00:00,-127154,3244.072
32411,2010-02-25T19:30:00+00:00,-126254,3244.005
32411,2010-02-25T19:45:00+00:00,-125354,3243.932
32411,2010-02-25T20:00:00+00:00,-124454,3243.854
32411,2010-02-25T20:15:00+00:00,-123554,3243.776
32411,2010-02-25T20:30:00+00:00,-122654,3243.694
32411,2010-02-25T20:45:00+00:00,-121754,3243.612
32411,2010-02-25T21:00:00+00:00,-120854,3243.533
32411,2010-02-25T21:15:00+00:00,-119954,3243.455
32411,2010-02-25T21:30:00+00:00,-119054,3243.382
32411,2010-02-25T21:45:00+00:00,-118154,3243.313
32411,2010-02-25T22:00:00+00:00,-117254,3243.244
32411,2010-02-25T22:15:00+00:00,-116354,3243.189
32411,2010-02-25T22:30:00+00:00,-115454,3243.140
32411,2010-02-25T22:45:00+00:00,-114554,3243.101
32411,2010-02-25T23:00:00+00:00,-113654,3243.070
32411,2010-02-25T23:15:00+00:00,-112754,3243.050
32411,2010-02-25T23:30:00+00:00,-111854,3243.041
32411,2010-02-25T23:45:00+00:00,-110954,3243.040
32411,2010-02-26T00:00:00+00:00,-110054,3243.053
32411,2010-02-26T00:15:00+00:00,-109154,3243.072
32411,2010-02-26T00:30:00+00:00,-108254,3243.104
32411,2010-02-26T00:45:00+00:00,-107354,3243.147
32411,2010-02-26T01:00:00+00:00,-106454,3243.201
32411,2010-02-26T01:15:00+00:00,-105554,3243.262
32411,2010-02-26T01:30:00+00:00,-104654,3243.331
32411,2010-02-26T01:45:00+00:00,-103754,3243.407
32411,2010-02-26T02:00:00+00:00,-102854,3243.490
32411,2010-02-26T02:15:00+00:00,-101954,3243.575
32411,2010-02-26T02:30:00+00:00,-101054,3243.667
32411,2010-02-26T02:45:00+00:00,-100154,3243.761
32411,2010-02-26T03:00:00+00:00,-99254,3243.853
32411,2010-02-26T03:15:00+00:00,-98354,3243.947
32411,2010-02-26T03:30:00+00:00,-97454,3244.037
32411,2010-02-26T03:45:00+00:00,-96554,3244.120
32411,2010-02-26T04:00:00+00:00,-95654,3244.200
32411,2010-02-26T04:15:00+00:00,-94754,3244.272
32411,2010-02-26T04:30:00+00:00,-93854,3244.334
32411,2010-02-26T04:45:00+00:00,-92954,3244.388
32411,2010-02-26T05:00:00+00:00,-92054,3244.433
32411,2010-02-26T05:15:00+00:00,-91154,3244.470
32411,2010-02-26T05:30:00+00:00,-90254,3244.491
32411,2010-02-26T05:45:00+00:00,-89354,3244.505
32411,2010-02-26T06:00:00+00:00,-88454,3244.505
32411,2010-02-26T06:15:00+00:00,-87554,3244.494
32411,2010-02-26T06:30:00+00:00,-86654,3244.472
32411,2010-02-26T06:45:00+00:00,-85754,3244.438
32411,2010-02-26T07:00:00+00:00,-84854,3244.392
32411,2010-02-26T07:15:00+00:00,-83954,3244.339
32411,2010-02-26T07:30:00+00:00,-83054,3244.272
32411,2010-02-26T07:45:00+00:00,-82154,3244.196
32411,2010-02-26T08:00:00+00:00,-81254,3244.116
32411,2010-02-26T08:15:00+00:00,-80354,3244.030
32411,2010-02-26T08:30:00+00:00,-79454,3243.939
32411,2010-02-26T08:45:00+00:00,-78554,3243.844
32411,2010-02-26T09:00:00+00:00,-77654,3243.747
32411,2010-02-26T09:15:00+00:00,-76754,3243.649
32411,2010-02-26T09:30:00+00:00,-75854,3243.552
32411,2010-02-26T09:45:00+00:00,-74954,3243.459
32411,2010-02-26T10:00:00+00:00,-74054,3243.366
32411,2010-02-26T10:15:00+00:00,-73154,3243.283
32411,2010-02-26T10:30:00+00:00,-72254,3243.204
32411,2010-02-26T10:45:00+00:00,-71354,3243.131
32411,2010-02-26T11:00:00+00:00,-70454,3243.070
32411,2010-02-26T11:15:00+00:00,-69554,3243.018
32411,2010-02-26T11:30:00+00:00,-68654,3242.978
32411,2010-02-26T11:45:00+00:00,-67754,3242.947
32411,2010-02-26T12:00:00+00:00,-66854,3242.931
32411,2010-02-26T12:15:00+00:00,-65954,3242.925
32411,2010-02-26T12:30:00+00:00,-65054,3242.931
32411,2010-02-26T12:45:00+00:00,-64154,3242.950
32411,2010-02-26T13:00:00+00:00,-63254,3242.980
32411,2010-02-26T13:15:00+00:00,-62354,3243.025
32411,2010-02-26T13:30:00+00:00,-61454,3243.079
32411,2010-02-26T13:45:00+00:00,-60554,3243.141
32411,2010-02-26T14:00:00+00:00,-59654,3243.214
32411,2010-02-26T14:15:00+00:00,-58754,3243.292
32411,2010-02-26T14:30:00+00:00,-57854,3243.378
32411,2010-02-26T14:45:00+00:00,-56954,3243.472
32411,2010-02-26T15:00:00+00:00,-56054,3243.570
32411,2010-02-26T15:15:00+00:00,-55154,3243.667
32411,2010-02-26T15:30:00+00:00,-54254,3243.764
32411,2010-02-26T15:45:00+00:00,-53354,3243.861
32411,2010-02-26T16:00:00+00:00,-52454,3243.960
32411,2010-02-26T16:15:00+00:00,-51554,3244.051
32411,2010-02-26T16:30:00+00:00,-50654,3244.139
32411,2010-02-26T16:45:00+00:00,-49754,3244.218
32411,2010-02-26T17:00:00+00:00,-48854,3244.290
32411,2010-02-26T17:15:00+00:00,-47954,3244.353
32411,2010-02-26T17:30:00+00:00,-47054,3244.406
32411,2010-02-26T17:45:00+00:00,-46154,3244.447
32411,2010-02-26T18:00:00+00:00,-45254,3244.479
32411,2010-02-26T18:15:00+00:00,-44354,3244.498
32411,2010-02-26T18:30:00+00:00,-43454,3244.505
32411,2010-02-26T18:45:00+00:00,-42554,3244.500
32411,2010-02-26T19:00:00+00:00,-41654,3244.481
32411,2010-02-26T19:15:00+00:00,-40754,3244.450
32411,2010-02-26T19:30:00+00:00,-39854,3244.405
32411,2010-02-26T19:45:00+00:00,-38954,3244.351
32411,2010-02-26T20:00:00+00:00,-38054,3244.285
32411,2010-02-26T20:15:00+00:00,-37154,3244.213
32411,2010-02-26T20:30:00+00:00,-36254,3244.133
32411,2010-02-26T20:45:00+00:00,-35354,3244.047
32411,2010-02-26T21:00:00+00:00,-34454,3243.954
32411,2010-02-26T21:15:00+00:00,-33554,3243.858
32411,2010-02-26T21:30:00+00:00,-32654,3243.761
32411,2010-02-26T21:45:00+00:00,-31754,3243.661
32411,2010-02-26T22:00:00+00:00,-30854,3243.563
32411,2010-02-26T22:15:00+00:00,-29954,3243.465
32411,2010-02-26T22:30:00+00:00,-29054,3243.372
32411,2010-02-26T22:45:00+00:00,-28154,3243.282
32411,2010-02-26T23:00:00+00:00,-27254,3243.202
32411,2010-02-26T23:15:00+00:00,-26354,3243.129
32411,2010-02-26T23:30:00+00:00,-25454,3243.068
32411,2010-02-26T23:45:00+00:00,-24554,3243.017
32411,2010-02-27T00:00:00+00:00,-23654,3242.975
32411,2010-02-27T00:15:00+00:00,-22754,3242.945
32411,2010-02-27T00:30:00+00:00,-21854,3242.927
32411,2010-02-27T00:45:00+00:00,-20954,3242.925
32411,2010-02-27T01:00:00+00:00,-20054,3242.935
32411,2010-02-27T01:15:00+00:00,-19154,3242.957
32411,2010-02-27T01:30:00+00:00,-18254,3242.995
32411,2010-02-27T01:45:00+00:00,-17354,3243.043
32411,2010-02-27T02:00:00+00:00,-16454,3243.106
32411,2010-02-27T02:15:00+00:00,-15554,3243.177
32411,2010-02-27T02:30:00+00:00,-14654,3243.261
32411,2010-02-27T02:45:00+00:00,-13754,3243.352
32411,2010-02-27T03:00:00+00:00,-12854,3243.448
32411,2010-02-27T03:15:00+00:00,-11954,3243.551
32411,2010-02-27T03:30:00+00:00,-11054,3243.657
32411,2010-02-27T03:45:00+00:00,-10154,3243.766
32411,2010-02-27T04:00:00+00:00,-9254,3243.874
32411,2010-02-27T04:15:00+00:00,-8354,3243.982
32411,2010-02-27T04:30:00+00:00,-7454,3244.089
32411,2010-02-27T04:45:00+00:00,-6554,3244.189
32411,2010-02-27T05:00:00+00:00,-5654,3244.283
32411,2010-02-27T05:15:00+00:00,-4754,3244.372
32411,2010-02-27T05:30:00+00:00,-3854,3244.448
