station_id,timestamp_utc,seconds_from_origin,height_m
54401,2010-01-28T06:45:00+00:00,-2591354,5836.672
54401,2010-01-28T07:00:00+00:00,-2590454,5836.618
54401,2010-01-28T07:15:00+00:00,-2589554,5836.559
54401,2010-01-28T07:30:00+00:00,-2588654,5836.497
54401,2010-01-28T07:45:00+00:00,-2587754,5836.435
54401,2010-01-28T08:00:00+00:00,-2586854,5836.375
54401,2010-01-28T08:15:00+00:00,-2585954,5836.312
54401,2010-01-28T08:30:00+00:00,-2585054,5836.253
54401,2010-01-28T08:45:00+00:00,-2584154,5836.194
54401,2010-01-28T09:00:00+00:00,-2583254,5836.140
54401,2010-01-28T09:15:00+00:00,-2582354,5836.090
54401,2010-01-28T09:30:00+00:00,-2581454,5836.044
54401,2010-01-28T09:45:00+00:00,-2580554,5836.005
54401,2010-01-28T10:00:00+00:00,-2579654,5835.970
54401,2010-01-28T10:15:00+00:00,-2578754,5835.944
54401,2010-01-28T10:30:00+00:00,-2577854,5835.926
54401,2010-01-28T10:45:00+00:00,-2576954,5835.915
54401,2010-01-28T11:00:00+00:00,-2576054,5835.911
54401,2010-01-28T11:15:00+00:00,-2575154,5835.915
54401,2010-01-28T11:30:00+00:00,-2574254,5835.926
54401,2010-01-28T11:45:00+00:00,-2573354,5835.945
54401,2010-01-28T12:00:00+00:00,-2572454,5835.970
54401,2010-01-28T12:15:00+00:00,-2571554,5836.005
54401,2010-01-28T12:30:00+00:00,-2570654,5836.045
54401,2010-01-28T12:45:00+00:00,-2569754,5836.086
54401,2010-01-28T13:00:00+00:00,-2568854,5836.136
54401,2010-01-28T13:15:00+00:00,-2567954,5836.193
54401,2010-01-28T13:30:00+00:00,-2567054,5836.250
54401,2010-01-28T13:45:00+00:00,-2566154,5836.311
54401,2010-01-28T14:00:00+00:00,-2565254,5836.370
54401,2010-01-28T14:15:00+00:00,-2564354,5836.430
54401,2010-01-28T14:30:00+00:00,-2563454,5836.489
54401,2010-01-28T14:45:00+00:00,-2562554,5836.546
54401,2010-01-28T15:00:00+00:00,-2561654,5836.601
54401,2010-01-28T15:15:00+00:00,-2560754,5836.653
54401,2010-01-28T15:30:00+00:00,-2559854,5836.703
54401,2010-01-28T15:45:00+00:00,-2558954,5836.746
54401,2010-01-28T16:00:00+00:00,-2558054,5836.786
54401,2010-01-28T16:15:00+00:00,-2557154,5836.819
54401,2010-01-28T16:30:00+00:00,-2556254,5836.847
54401,2010-01-28T16:45:00+00:00,-2555354,5836.867
54401,2010-01-28T17:00:00+00:00,-2554454,5836.881
54401,2010-01-28T17:15:00+00:00,-2553554,5836.889
54401,2010-01-28T17:30:00+00:00,-2552654,5836.887
54401,2010-01-28T17:45:00+00:00,-2551754,5836.878
54401,2010-01-28T18:00:00+00:00,-2550854,5836.865
54401,2010-01-28T18:15:00+00:00,-2549954,5836.844
54401,2010-01-28T18:30:00+00:00,-2549054,5836.815
54401,2010-01-28T18:45:00+00:00,-2548154,5836.780
54401,2010-01-28T19:00:00+00:00,-2547254,5836.737
54401,2010-01-28T19:15:00+00:00,-2546354,5836.692
54401,2010-01-28T19:30:00+00:00,-2545454,5836.640
54401,2010-01-28T19:45:00+00:00,-2544554,5836.587
54401,2010-01-28T20:00:00+00:00,-2543654,5836.532
54401,2010-01-28T20:15:00+00:00,-2542754,5836.476
54401,2010-01-28T20:30:00+00:00,-2541854,5836.421
54401,2010-01-28T20:45:00+00:00,-2540954,5836.364
54401,2010-01-28T21:00:00+00:00,-2540054,5836.309
54401,2010-01-28T21:15:00+00:00,-2539154,5836.252
54401,2010-01-28T21:30:00+00:00,-2538254,5836.201
54401,2010-01-28T21:45:00+00:00,-2537354,5836.153
54401,2010-01-28T22:00:00+00:00,-2536454,5836.111
54401,2010-01-28T22:15:00+00:00,-2535554,5836.076
54401,2010-01-28T22:30:00+00:00,-2534654,5836.048
54401,2010-01-28T22:45:00+00:00,-2533754,5836.028
54401,2010-01-28T23:00:00+00:00,-2532854,5836.012
54401,2010-01-28T23:15:00+00:00,-2531954,5836.005
54401,2010-01-28T23:30:00+00:00,-2531054,5836.004
54401,2010-01-28T23:45:00+00:00,-2530154,5836.011
54401,2010-01-29T00:00:00+00:00,-2529254,5836.025
54401,2010-01-29T00:15:00+00:00,-2528354,5836.049
54401,2010-01-29T00:30:00+00:00,-2527454,5836.081
54401,2010-01-29T00:45:00+00:00,-2526554,5836.118
54401,2010-01-29T01:00:00+00:00,-2525654,5836.163
54401,2010-01-29T01:15:00+00:00,-2524754,5836.212
54401,2010-01-29T01:30:00+00:00,-2523854,5836.265
54401,2010-01-29T01:45:00+00:00,-2522954,5836.319
54401,2010-01-29T02:00:00+00:00,-2522054,5836.379
54401,2010-01-29T02:15:00+00:00,-2521154,5836.440
54401,2010-01-29T02:30:00+00:00,-2520254,5836.504
54401,2010-01-29T02:45:00+00:00,-2519354,5836.569
54401,2010-01-29T03:00:00+00:00,-2518454,5836.628
54401,2010-01-29T03:15:00+00:00,-2517554,5836.686
54401,2010-01-29T03:30:00+00:00,-2516654,5836.741
54401,2010-01-29T03:45:00+00:00,-2515754,5836.794
54401,2010-01-29T04:00:00+00:00,-2514854,5836.843
54401,2010-01-29T04:15:00+00:00,-2513954,5836.885
54401,2010-01-29T04:30:00+00:00,-2513054,5836.920
54401,2010-01-29T04:45:00+00:00,-2512154,5836.950
54401,2010-01-29T05:00:00+00:00,-2511254,5836.970
54401,2010-01-29T05:15:00+00:00,-2510354,5836.983
54401,2010-01-29T05:30:00+00:00,-2509454,5836.992
54401,2010-01-29T05:45:00+00:00,-2508554,5836.992
54401,2010-01-29T06:00:00+00:00,-2507654,5836.984
54401,2010-01-29T06:15:00+00:00,-2506754,5836.968
54401,2010-01-29T06:30:00+00:00,-2505854,5836.945
54401,2010-01-29T06:45:00+00:00,-2504954,5836.913
54401,2010-01-29T07:00:00+00:00,-2504054,5836.876
54401,2010-01-29T07:15:00+00:00,-2503154,5836.829
54401,2010-01-29T07:30:00+00:00,-2502254,5836.776
54401,2010-01-29T07:45:00+00:00,-2501354,5836.721
54401,2010-01-29T08:00:00+00:00,-2500454,5836.659
54401,2010-01-29T08:15:00+00:00,-2499554,5836.595
54401,2010-01-29T08:30:00+00:00,-2498654,5836.527
54401,2010-01-29T08:45:00+00:00,-2497754,5836.459
54401,2010-01-29T09:00:00+00:00,-2496854,5836.389
54401,2010-01-29T09:15:00+00:00,-2495954,5836.319
54401,2010-01-29T09:30:00+00:00,-2495054,5836.250
54401,2010-01-29T09:45:00+00:00,-2494154,5836.183
54401,2010-01-29T10:00:00+00:00,-2493254,5836.123
54401,2010-01-29T10:15:00+00:00,-2492354,5836.065
54401,2010-01-29T10:30:00+00:00,-2491454,5836.014
54401,2010-01-29T10:45:00+00:00,-2490554,5835.970
54401,2010-01-29T11:00:00+00:00,-2489654,5835.929
54401,2010-01-29T11:15:00+00:00,-2488754,5835.899
54401,2010-01-29T11:30:00+00:00,-2487854,5835.875
54401,2010-01-29T11:45:00+00:00,-2486954,5835.859
54401,2010-01-29T12:00:00+00:00,-2486054,5835.854
54401,2010-01-29T12:15:00+00:00,-2485154,5835.858
54401,2010-01-29T12:30:00+00:00,-2484254,5835.867
54401,2010-01-29T12:45:00+00:00,-2483354,5835.887
54401,2010-01-29T13:00:00+00:00,-2482454,5835.914
54401,2010-01-29T13:15:00+00:00,-2481554,5835.951
54401,2010-01-29T13:30:00+00:00,-2480654,5835.995
54401,2010-01-29T13:45:00+00:00,-2479754,5836.046
54401,2010-01-29T14:00:00+00:00,-2478854,5836.102
54401,2010-01-29T14:15:00+00:00,-2477954,5836.162
54401,2010-01-29T14:30:00+00:00,-2477054,5836.226
54401,2010-01-29T14:45:00+00:00,-2476154,5836.294
54401,2010-01-29T15:00:00+00:00,-2475254,5836.363
54401,2010-01-29T15:15:00+00:00,-2474354,5836.434
54401,2010-01-29T15:30:00+00:00,-2473454,5836.503
54401,2010-01-29T15:45:00+00:00,-2472554,5836.572
54401,2010-01-29T16:00:00+00:00,-2471654,5836.637
54401,2010-01-29T16:15:00+00:00,-2470754,5836.698
54401,2010-01-29T16:30:00+00:00,-2469854,5836.759
54401,2010-01-29T16:45:00+00:00,-2468954,5836.811
54401,2010-01-29T17:00:00+00:00,-2468054,5836.856
54401,2010-01-29T17:15:00+00:00,-2467154,5836.892
54401,2010-01-29T17:30:00+00:00,-2466254,5836.924
54401,2010-01-29T17:45:00+00:00,-2465354,5836.947
54401,2010-01-29T18:00:00+00:00,-2464454,5836.965
54401,2010-01-29T18:15:00+00:00,-2463554,5836.972
54401,2010-01-29T18:30:00+00:00,-2462654,5836.971
54401,2010-01-29T18:45:00+00:00,-2461754,5836.960
54401,2010-01-29T19:00:00+00:00,-2460854,5836.941
54401,2010-01-29T19:15:00+00:00,-2459954,5836.914
54401,2010-01-29T19:30:00+00:00,-2459054,5836.879
54401,2010-01-29T19:45:00+00:00,-2458154,5836.837
54401,2010-01-29T20:00:00+00:00,-2457254,5836.788
54401,2010-01-29T20:15:00+00:00,-2456354,5836.733
54401,2010-01-29T20:30:00+00:00,-2455454,5836.673
54401,2010-01-29T20:45:00+00:00,-2454554,5836.608
54401,2010-01-29T21:00:00+00:00,-2453654,5836.543
54401,2010-01-29T21:15:00+00:00,-2452754,5836.477
54401,2010-01-29T21:30:00+00:00,-2451854,5836.408
54401,2010-01-29T21:45:00+00:00,-2450954,5836.340
54401,2010-01-29T22:00:00+00:00,-2450054,5836.275
54401,2010-01-29T22:15:00+00:00,-2449154,5836.211
54401,2010-01-29T22:30:00+00:00,-2448254,5836.155
54401,2010-01-29T22:45:00+00:00,-2447354,5836.100
54401,2010-01-29T23:00:00+00:00,-2446454,5836.056
54401,2010-01-29T23:15:00+00:00,-2445554,5836.014
54401,2010-01-29T23:30:00+00:00,-2444654,5835.978
54401,2010-01-29T23:45:00+00:00,-2443754,5835.952
54401,2010-01-30T00:00:00+00:00,-2442854,5835.932
54401,2010-01-30T00:15:00+00:00,-2441954,5835.920
54401,2010-01-30T00:30:00+00:00,-2441054,5835.919
54401,2010-01-30T00:45:00+00:00,-2440154,5835.925
54401,2010-01-30T01:00:00+00:00,-2439254,5835.943
54401,2010-01-30T01:15:00+00:00,-2438354,5835.968
54401,2010-01-30T01:30:00+00:00,-2437454,5836.000
54401,2010-01-30T01:45:00+00:00,-2436554,5836.040
54401,2010-01-30T02:00:00+00:00,-2435654,5836.088
54401,2010-01-30T02:15:00+00:00,-2434754,5836.142
54401,2010-01-30T02:30:00+00:00,-2433854,5836.202
54401,2010-01-30T02:45:00+00:00,-2432954,5836.266
54401,2010-01-30T03:00:00+00:00,-2432054,5836.332
54401,2010-01-30T03:15:00+00:00,-2431154,5836.401
54401,2010-01-30T03:30:00+00:00,-2430254,5836.471
54401,2010-01-30T03:45:00+00:00,-2429354,5836.540
54401,2010-01-30T04:00:00+00:00,-2428454,5836.605
54401,2010-01-30T04:15:00+00:00,-2427554,5836.671
54401,2010-01-30T04:30:00+00:00,-2426654,5836.735
54401,2010-01-30T04:45:00+00:00,-2425754,5836.797
54401,2010-01-30T05:00:00+00:00,-2424854,5836.853
54401,2010-01-30T05:15:00+00:00,-2423954,5836.904
54401,2010-01-30T05:30:00+00:00,-2423054,5836.947
54401,2010-01-30T05:45:00+00:00,-2422154,5836.981
54401,2010-01-30T06:00:00+00:00,-2421254,5837.012
54401,2010-01-30T06:15:00+00:00,-2420354,5837.032
54401,2010-01-30T06:30:00+00:00,-2419454,5837.043
54401,2010-01-30T06:45:00+00:00,-2418554,5837.043
54401,2010-01-30T07:00:00+00:00,-2417654,5837.034
54401,2010-01-30T07:15:00+00:00,-2416754,5837.018
54401,2010-01-30T07:30:00+00:00,-2415854,5836.992
54401,2010-01-30T07:45:00+00:00,-2414954,5836.957
54401,2010-01-30T08:00:00+00:00,-2414054,5836.914
54401,2010-01-30T08:15:00+00:00,-2413154,5836.864
54401,2010-01-30T08:30:00+00:00,-2412254,5836.805
54401,2010-01-30T08:45:00+00:00,-2411354,5836.740
54401,2010-01-30T09:00:00+00:00,-2410454,5836.668
54401,2010-01-30T09:15:00+00:00,-2409554,5836.593
54401,2010-01-30T09:30:00+00:00,-2408654,5836.515
54401,2010-01-30T09:45:00+00:00,-2407754,5836.438
54401,2010-01-30T10:00:00+00:00,-2406854,5836.359
54401,2010-01-30T10:15:00+00:00,-2405954,5836.281
54401,2010-01-30T10:30:00+00:00,-2405054,5836.205
54401,2010-01-30T10:45:00+00:00,-2404154,5836.130
54401,2010-01-30T11:00:00+00:00,-2403254,5836.058
54401,2010-01-30T11:15:00+00:00,-2402354,5835.992
54401,2010-01-30T11:30:00+00:00,-2401454,5835.934
54401,2010-01-30T11:45:00+00:00,-2400554,5835.883
54401,2010-01-30T12:00:00+00:00,-2399654,5835.842
54401,2010-01-30T12:15:00+00:00,-2398754,5835.808
54401,2010-01-30T12:30:00+00:00,-2397854,5835.781
54401,2010-01-30T12:45:00+00:00,-2396954,5835.768
54401,2010-01-30T13:00:00+00:00,-2396054,5835.764
54401,2010-01-30T13:15:00+00:00,-2395154,5835.770
54401,2010-01-30T13:30:00+00:00,-2394254,5835.785
54401,2010-01-30T13:45:00+00:00,-2393354,5835.811
54401,2010-01-30T14:00:00+00:00,-2392454,5835.845
54401,2010-01-30T14:15:00+00:00,-2391554,5835.891
54401,2010-01-30T14:30:00+00:00,-2390654,5835.944
54401,2010-01-30T14:45:00+00:00,-2389754,5836.001
54401,2010-01-30T15:00:00+00:00,-2388854,5836.066
54401,2010-01-30T15:15:00+00:00,-2387954,5836.137
54401,2010-01-30T15:30:00+00:00,-2387054,5836.216
54401,2010-01-30T15:45:00+00:00,-2386154,5836.294
54401,2010-01-30T16:00:00+00:00,-2385254,5836.376
54401,2010-01-30T16:15:00+00:00,-2384354,5836.457
54401,2010-01-30T16:30:00+00:00,-2383454,5836.537
54401,2010-01-30T16:45:00+00:00,-2382554,5836.617
54401,2010-01-30T17:00:00+00:00,-2381654,5836.693
54401,2010-01-30T17:15:00+00:00,-2380754,5836.762
54401,2010-01-30T17:30:00+00:00,-2379854,5836.828
54401,2010-01-30T17:45:00+00:00,-2378954,5836.884
54401,2010-01-30T18:00:00+00:00,-2378054,5836.935
54401,2010-01-30T18:15:00+00:00,-2377154,5836.976
54401,2010-01-30T18:30:00+00:00,-2376254,5837.008
54401,2010-01-30T18:45:00+00:00,-2375354,5837.030
54401,2010-01-30T19:00:00+00:00,-2374454,5837.045
54401,2010-01-30T19:15:00+00:00,-2373554,5837.051
54401,2010-01-30T19:30:00+00:00,-2372654,5837.044
54401,2010-01-30T19:45:00+00:00,-2371754,5837.027
54401,2010-01-30T20:00:00+00:00,-2370854,5837.003
54401,2010-01-30T20:15:00+00:00,-2369954,5836.969
54401,2010-01-30T20:30:00+00:00,-2369054,5836.927
54401,2010-01-30T20:45:00+00:00,-2368154,5836.877
54401,2010-01-30T21:00:00+00:00,-2367254,5836.819
54401,2010-01-30T21:15:00+00:00,-2366354,5836.754
54401,2010-01-30T21:30:00+00:00,-2365454,5836.684
54401,2010-01-30T21:45:00+00:00,-2364554,5836.612
54401,2010-01-30T22:00:00+00:00,-2363654,5836.534
54401,2010-01-30T22:15:00+00:00,-2362754,5836.457
54401,2010-01-30T22:30:00+00:00,-2361854,5836.378
54401,2010-01-30T22:45:00+00:00,-2360954,5836.301
54401,2010-01-30T23:00:00+00:00,-2360054,5836.230
54401,2010-01-30T23:15:00+00:00,-2359154,5836.160
54401,2010-01-30T23:30:00+00:00,-2358254,5836.092
54401,2010-01-30T23:45:00+00:00,-2357354,5836.032
54401,2010-01-31T00:00:00+00:00,-2356454,5835.981
54401,2010-01-31T00:15:00+00:00,-2355554,5835.935
54401,2010-01-31T00:30:00+00:00,-2354654,5835.897
54401,2010-01-31T00:45:00+00:00,-2353754,5835.865
54401,2010-01-31T01:00:00+00:00,-2352854,5835.845
54401,2010-01-31T01:15:00+00:00,-2351954,5835.833
54401,2010-01-31T01:30:00+00:00,-2351054,5835.832
54401,2010-01-31T01:45:00+00:00,-2350154,5835.840
54401,2010-01-31T02:00:00+00:00,-2349254,5835.853
54401,2010-01-31T02:15:00+00:00,-2348354,5835.879
54401,2010-01-31T02:30:00+00:00,-2347454,5835.915
54401,2010-01-31T02:45:00+00:00,-2346554,5835.964
54401,2010-01-31T03:00:00+00:00,-2345654,5836.014
54401,2010-01-31T03:15:00+00:00,-2344754,5836.073
54401,2010-01-31T03:30:00+00:00,-2343854,5836.140
54401,2010-01-31T03:45:00+00:00,-2342954,5836.211
54401,2010-01-31T04:00:00+00:00,-2342054,5836.288
54401,2010-01-31T04:15:00+00:00,-2341154,5836.364
54401,2010-01-31T04:30:00+00:00,-2340254,5836.442
54401,2010-01-31T04:45:00+00:00,-2339354,5836.523
54401,2010-01-31T05:00:00+00:00,-2338454,5836.601
54401,2010-01-31T05:15:00+00:00,-2337554,5836.680
54401,2010-01-31T05:30:00+00:00,-2336654,5836.752
54401,2010-01-31T05:45:00+00:00,-2335754,5836.819
54401,2010-01-31T06:00:00+00:00,-2334854,5836.881
54401,2010-01-31T06:15:00+00:00,-2333954,5836.935
54401,2010-01-31T06:30:00+00:00,-2333054,5836.982
54401,2010-01-31T06:45:00+00:00,-2332154,5837.025
54401,2010-01-31T07:00:00+00:00,-2331254,5837.055
54401,2010-01-31T07:15:00+00:00,-2330354,5837.076
54401,2010-01-31T07:30:00+00:00,-2329454,5837.087
54401,2010-01-31T07:45:00+00:00,-2328554,5837.089
54401,2010-01-31T08:00:00+00:00,-2327654,5837.080
54401,2010-01-31T08:15:00+00:00,-2326754,5837.059
54401,2010-01-31T08:30:00+00:00,-2325854,5837.028
54401,2010-01-31T08:45:00+00:00,-2324954,5836.987
54401,2010-01-31T09:00:00+00:00,-2324054,5836.938
54401,2010-01-31T09:15:00+00:00,-2323154,5836.877
54401,2010-01-31T09:30:00+00:00,-2322254,5836.811
54401,2010-01-31T09:45:00+00:00,-2321354,5836.737
54401,2010-01-31T10:00:00+00:00,-2320454,5836.658
54401,2010-01-31T10:15:00+00:00,-2319554,5836.578
54401,2010-01-31T10:30:00+00:00,-2318654,5836.491
54401,2010-01-31T10:45:00+00:00,-2317754,5836.406
54401,2010-01-31T11:00:00+00:00,-2316854,5836.319
54401,2010-01-31T11:15:00+00:00,-2315954,5836.231
54401,2010-01-31T11:30:00+00:00,-2315054,5836.148
54401,2010-01-31T11:45:00+00:00,-2314154,5836.069
54401,2010-01-31T12:00:00+00:00,-2313254,5835.997
54401,2010-01-31T12:15:00+00:00,-2312354,5835.931
54401,2010-01-31T12:30:00+00:00,-2311454,5835.871
54401,2010-01-31T12:45:00+00:00,-2310554,5835.819
54401,2010-01-31T13:00:00+00:00,-2309654,5835.777
54401,2010-01-31T13:15:00+00:00,-2308754,5835.745
54401,2010-01-31T13:30:00+00:00,-2307854,5835.724
54401,2010-01-31T13:45:00+00:00,-2306954,5835.710
54401,2010-01-31T14:00:00+00:00,-2306054,5835.709
54401,2010-01-31T14:15:00+00:00,-2305154,5835.715
54401,2010-01-31T14:30:00+00:00,-2304254,5835.738
54401,2010-01-31T14:45:00+00:00,-2303354,5835.772
54401,2010-01-31T15:00:00+00:00,-2302454,5835.813
54401,2010-01-31T15:15:00+00:00,-2301554,5835.867
54401,2010-01-31T15:30:00+00:00,-2300654,5835.929
54401,2010-01-31T15:45:00+00:00,-2299754,5836.000
54401,2010-01-31T16:00:00+00:00,-2298854,5836.078
54401,2010-01-31T16:15:00+00:00,-2297954,5836.161
54401,2010-01-31T16:30:00+00:00,-2297054,5836.246
54401,2010-01-31T16:45:00+00:00,-2296154,5836.332
54401,2010-01-31T17:00:00+00:00,-2295254,5836.422
54401,2010-01-31T17:15:00+00:00,-2294354,5836.512
54401,2010-01-31T17:30:00+00:00,-2293454,5836.599
54401,2010-01-31T17:45:00+00:00,-2292554,5836.686
54401,2010-01-31T18:00:00+00:00,-2291654,5836.767
54401,2010-01-31T18:15:00+00:00,-2290754,5836.841
54401,2010-01-31T18:30:00+00:00,-2289854,5836.910
54401,2010-01-31T18:45:00+00:00,-2288954,5836.969
54401,2010-01-31T19:00:00+00:00,-2288054,5837.020
54401,2010-01-31T19:15:00+00:00,-2287154,5837.061
54401,2010-01-31T19:30:00+00:00,-2286254,5837.093
54401,2010-01-31T19:45:00+00:00,-2285354,5837.113
54401,2010-01-31T20:00:00+00:00,-2284454,5837.123
54401,2010-01-31T20:15:00+00:00,-2283554,5837.122
54401,2010-01-31T20:30:00+00:00,-2282654,5837.109
54401,2010-01-31T20:45:00+00:00,-2281754,5837.088
54401,2010-01-31T21:00:00+00:00,-2280854,5837.056
54401,2010-01-31T21:15:00+00:00,-2279954,5837.013
54401,2010-01-31T21:30:00+00:00,-2279054,5836.962
54401,2010-01-31T21:45:00+00:00,-2278154,5836.903
54401,2010-01-31T22:00:00+00:00,-2277254,5836.834
54401,2010-01-31T22:15:00+00:00,-2276354,5836.761
54401,2010-01-31T22:30:00+00:00,-2275454,5836.682
54401,2010-01-31T22:45:00+00:00,-2274554,5836.601
54401,2010-01-31T23:00:00+00:00,-2273654,5836.519
54401,2010-01-31T23:15:00+00:00,-2272754,5836.436
54401,2010-01-31T23:30:00+00:00,-2271854,5836.350
54401,2010-01-31T23:45:00+00:00,-2270954,5836.270
54401,2010-02-01T00:00:00+00:00,-2270054,5836.191
54401,2010-02-01T00:15:00+00:00,-2269154,5836.117
54401,2010-02-01T00:30:00+00:00,-2268254,5836.046
54401,2010-02-01T00:45:00+00:00,-2267354,5835.983
54401,2010-02-01T01:00:00+00:00,-2266454,5835.926
54401,2010-02-01T01:15:00+00:00,-2265554,5835.877
54401,2010-02-01T01:30:00+00:00,-2264654,5835.834
54401,2010-02-01T01:45:00+00:00,-2263754,5835.803
54401,2010-02-01T02:00:00+00:00,-2262854,5835.783
54401,2010-02-01T02:15:00+00:00,-2261954,5835.772
54401,2010-02-01T02:30:00+00:00,-2261054,5835.771
54401,2010-02-01T02:45:00+00:00,-2260154,5835.781
54401,2010-02-01T03:00:00+00:00,-2259254,5835.801
54401,2010-02-01T03:15:00+00:00,-2258354,5835.833
54401,2010-02-01T03:30:00+00:00,-2257454,5835.873
54401,2010-02-01T03:45:00+00:00,-2256554,5835.924
54401,2010-02-01T04:00:00+00:00,-2255654,5835.984
54401,2010-02-01T04:15:00+00:00,-2254754,5836.051
54401,2010-02-01T04:30:00+00:00,-2253854,5836.125
54401,2010-02-01T04:45:00+00:00,-2252954,5836.206
54401,2010-02-01T05:00:00+00:00,-2252054,5836.287
54401,2010-02-01T05:15:00+00:00,-2251154,5836.373
54401,2010-02-01T05:30:00+00:00,-2250254,5836.458
54401,2010-02-01T05:45:00+00:00,-2249354,5836.545
54401,2010-02-01T06:00:00+00:00,-2248454,5836.630
54401,2010-02-01T06:15:00+00:00,-2247554,5836.714
54401,2010-02-01T06:30:00+00:00,-2246654,5836.789
54401,2010-02-01T06:45:00+00:00,-2245754,5836.861
54401,2010-02-01T07:00:00+00:00,-2244854,5836.924
54401,2010-02-01T07:15:00+00:00,-2243954,5836.982
54401,2010-02-01T07:30:00+00:00,-2243054,5837.030
54401,2010-02-01T07:45:00+00:00,-2242154,5837.069
54401,2010-02-01T08:00:00+00:00,-2241254,5837.100
54401,2010-02-01T08:15:00+00:00,-2240354,5837.118
54401,2010-02-01T08:30:00+00:00,-2239454,5837.127
54401,2010-02-01T08:45:00+00:00,-2238554,5837.121
54401,2010-02-01T09:00:00+00:00,-2237654,5837.104
54401,2010-02-01T09:15:00+00:00,-2236754,5837.076
54401,2010-02-01T09:30:00+00:00,-2235854,5837.039
54401,2010-02-01T09:45:00+00:00,-2234954,5836.989
54401,2010-02-01T10:00:00+00:00,-2234054,5836.934
54401,2010-02-01T10:15:00+00:00,-2233154,5836.867
54401,2010-02-01T10:30:00+00:00,-2232254,5836.794
54401,2010-02-01T10:45:00+00:00,-2231354,5836.716
54401,2010-02-01T11:00:00+00:00,-2230454,5836.632
54401,2010-02-01T11:15:00+00:00,-2229554,5836.544
54401,2010-02-01T11:30:00+00:00,-2228654,5836.453
54401,2010-02-01T11:45:00+00:00,-2227754,5836.362
54401,2010-02-01T12:00:00+00:00,-2226854,5836.272
54401,2010-02-01T12:15:00+00:00,-2225954,5836.183
54401,2010-02-01T12:30:00+00:00,-2225054,5836.097
54401,2010-02-01T12:45:00+00:00,-2224154,5836.020
54401,2010-02-01T13:00:00+00:00,-2223254,5835.947
54401,2010-02-01T13:15:00+00:00,-2222354,5835.880
54401,2010-02-01T13:30:00+00:00,-2221454,5835.821
54401,2010-02-01T13:45:00+00:00,-2220554,5835.772
54401,2010-02-01T14:00:00+00:00,-2219654,5835.732
54401,2010-02-01T14:15:00+00:00,-2218754,5835.702
54401,2010-02-01T14:30:00+00:00,-2217854,5835.684
54401,2010-02-01T14:45:00+00:00,-2216954,5835.677
54401,2010-02-01T15:00:00+00:00,-2216054,5835.683
54401,2010-02-01T15:15:00+00:00,-2215154,5835.703
54401,2010-02-01T15:30:00+00:00,-2214254,5835.734
54401,2010-02-01T15:45:00+00:00,-2213354,5835.776
54401,2010-02-01T16:00:00+00:00,-2212454,5835.831
54401,2010-02-01T16:15:00+00:00,-2211554,5835.893
54401,2010-02-01T16:30:00+00:00,-2210654,5835.963
54401,2010-02-01T16:45:00+00:00,-2209754,5836.041
54401,2010-02-01T17:00:00+00:00,-2208854,5836.127
54401,2010-02-01T17:15:00+00:00,-2207954,5836.215
54401,2010-02-01T17:30:00+00:00,-2207054,5836.306
54401,2010-02-01T17:45:00+00:00,-2206154,5836.401
54401,2010-02-01T18:00:00+00:00,-2205254,5836.495
54401,2010-02-01T18:15:00+00:00,-2204354,5836.588
54401,2010-02-01T18:30:00+00:00,-2203454,5836.678
54401,2010-02-01T18:45:00+00:00,-2202554,5836.764
54401,2010-02-01T19:00:00+00:00,-2201654,5836.845
54401,2010-02-01T19:15:00+00:00,-2200754,5836.920
54401,2010-02-01T19:30:00+00:00,-2199854,5836.985
54401,2010-02-01T19:45:00+00:00,-2198954,5837.043
54401,2010-02-01T20:00:00+00:00,-2198054,5837.092
54401,2010-02-01T20:15:00+00:00,-2197154,5837.129
54401,2010-02-01T20:30:00+00:00,-2196254,5837.153
54401,2010-02-01T20:45:00+00:00,-2195354,5837.167
54401,2010-02-01T21:00:00+00:00,-2194454,5837.170
54401,2010-02-01T21:15:00+00:00,-2193554,5837.164
54401,2010-02-01T21:30:00+00:00,-2192654,5837.146
54401,2010-02-01T21:45:00+00:00,-2191754,5837.114
54401,2010-02-01T22:00:00+00:00,-2190854,5837.073
54401,2010-02-01T22:15:00+00:00,-2189954,5837.022
54401,2010-02-01T22:30:00+00:00,-2189054,5836.965
54401,2010-02-01T22:45:00+00:00,-2188154,5836.898
54401,2010-02-01T23:00:00+00:00,-2187254,5836.822
54401,2010-02-01T23:15:00+00:00,-2186354,5836.746
54401,2010-02-01T23:30:00+00:00,-2185454,5836.664
54401,2010-02-01T23:45:00+00:00,-2184554,5836.577
54401,2010-02-02T00:00:00+00:00,-2183654,5836.487
54401,2010-02-02T00:15:00+00:00,-2182754,5836.398
54401,2010-02-02T00:30:00+00:00,-2181854,5836.311
54401,2010-02-02T00:45:00+00:00,-2180954,5836.222
54401,2010-02-02T01:00:00+00:00,-2180054,5836.140
54401,2010-02-02T01:15:00+00:00,-2179154,5836.063
54401,2010-02-02T01:30:00+00:00,-2178254,5835.992
54401,2010-02-02T01:45:00+00:00,-2177354,5835.929
54401,2010-02-02T02:00:00+00:00,-2176454,5835.871
54401,2010-02-02T02:15:00+00:00,-2175554,5835.822
54401,2010-02-02T02:30:00+00:00,-2174654,5835.780
54401,2010-02-02T02:45:00+00:00,-2173754,5835.748
54401,2010-02-02T03:00:00+00:00,-2172854,5835.729
54401,2010-02-02T03:15:00+00:00,-2171954,5835.720
54401,2010-02-02T03:30:00+00:00,-2171054,5835.723
54401,2010-02-02T03:45:00+00:00,-2170154,5835.740
54401,2010-02-02T04:00:00+00:00,-2169254,5835.767
54401,2010-02-02T04:15:00+00:00,-2168354,5835.804
54401,2010-02-02T04:30:00+00:00,-2167454,5835.856
54401,2010-02-02T04:45:00+00:00,-2166554,5835.915
54401,2010-02-02T05:00:00+00:00,-2165654,5835.981
54401,2010-02-02T05:15:00+00:00,-2164754,5836.055
54401,2010-02-02T05:30:00+00:00,-2163854,5836.134
54401,2010-02-02T05:45:00+00:00,-2162954,5836.219
54401,2010-02-02T06:00:00+00:00,-2162054,5836.303
54401,2010-02-02T06:15:00+00:00,-2161154,5836.392
54401,2010-02-02T06:30:00+00:00,-2160254,5836.482
54401,2010-02-02T06:45:00+00:00,-2159354,5836.572
54401,2010-02-02T07:00:00+00:00,-2158454,5836.660
54401,2010-02-02T07:15:00+00:00,-2157554,5836.742
54401,2010-02-02T07:30:00+00:00,-2156654,5836.820
54401,2010-02-02T07:45:00+00:00,-2155754,5836.889
54401,2010-02-02T08:00:00+00:00,-2154854,5836.953
54401,2010-02-02T08:15:00+00:00,-2153954,5837.010
54401,2010-02-02T08:30:00+00:00,-2153054,5837.054
54401,2010-02-02T08:45:00+00:00,-2152154,5837.090
54401,2010-02-02T09:00:00+00:00,-2151254,5837.114
54401,2010-02-02T09:15:00+00:00,-2150354,5837.125
54401,2010-02-02T09:30:00+00:00,-2149454,5837.126
54401,2010-02-02T09:45:00+00:00,-2148554,5837.116
54401,2010-02-02T10:00:00+00:00,-2147654,5837.092
54401,2010-02-02T10:15:00+00:00,-2146754,5837.058
54401,2010-02-02T10:30:00+00:00,-2145854,5837.013
54401,2010-02-02T10:45:00+00:00,-2144954,5836.960
54401,2010-02-02T11:00:00+00:00,-2144054,5836.898
54401,2010-02-02T11:15:00+00:00,-2143154,5836.827
54401,2010-02-02T11:30:00+00:00,-2142254,5836.750
54401,2010-02-02T11:45:00+00:00,-2141354,5836.669
54401,2010-02-02T12:00:00+00:00,-2140454,5836.581
54401,2010-02-02T12:15:00+00:00,-2139554,5836.492
54401,2010-02-02T12:30:00+00:00,-2138654,5836.401
54401,2010-02-02T12:45:00+00:00,-2137754,5836.308
54401,2010-02-02T13:00:00+00:00,-2136854,5836.216
54401,2010-02-02T13:15:00+00:00,-2135954,5836.129
54401,2010-02-02T13:30:00+00:00,-2135054,5836.046
54401,2010-02-02T13:45:00+00:00,-2134154,5835.970
54401,2010-02-02T14:00:00+00:00,-2133254,5835.896
54401,2010-02-02T14:15:00+00:00,-2132354,5835.834
54401,2010-02-02T14:30:00+00:00,-2131454,5835.780
54401,2010-02-02T14:45:00+00:00,-2130554,5835.736
54401,2010-02-02T15:00:00+00:00,-2129654,5835.703
54401,2010-02-02T15:15:00+00:00,-2128754,5835.683
54401,2010-02-02T15:30:00+00:00,-2127854,5835.675
54401,2010-02-02T15:45:00+00:00,-2126954,5835.679
54401,2010-02-02T16:00:00+00:00,-2126054,5835.694
54401,2010-02-02T16:15:00+00:00,-2125154,5835.722
54401,2010-02-02T16:30:00+00:00,-2124254,5835.760
54401,2010-02-02T16:45:00+00:00,-2123354,5835.813
54401,2010-02-02T17:00:00+00:00,-2122454,5835.874
54401,2010-02-02T17:15:00+00:00,-2121554,5835.941
54401,2010-02-02T17:30:00+00:00,-2120654,5836.021
54401,2010-02-02T17:45:00+00:00,-2119754,5836.102
54401,2010-02-02T18:00:00+00:00,-2118854,5836.190
54401,2010-02-02T18:15:00+00:00,-2117954,5836.283
54401,2010-02-02T18:30:00+00:00,-2117054,5836.376
54401,2010-02-02T18:45:00+00:00,-2116154,5836.471
54401,2010-02-02T19:00:00+00:00,-2115254,5836.563
54401,2010-02-02T19:15:00+00:00,-2114354,5836.653
54401,2010-02-02T19:30:00+00:00,-2113454,5836.741
54401,2010-02-02T19:45:00+00:00,-2112554,5836.821
54401,2010-02-02T20:00:00+00:00,-2111654,5836.896
54401,2010-02-02T20:15:00+00:00,-2110754,5836.962
54401,2010-02-02T20:30:00+00:00,-2109854,5837.025
54401,2010-02-02T20:45:00+00:00,-2108954,5837.074
54401,2010-02-02T21:00:00+00:00,-2108054,5837.113
54401,2010-02-02T21:15:00+00:00,-2107154,5837.144
54401,2010-02-02T21:30:00+00:00,-2106254,5837.162
54401,2010-02-02T21:45:00+00:00,-2105354,5837.169
54401,2010-02-02T22:00:00+00:00,-2104454,5837.164
54401,2010-02-02T22:15:00+00:00,-2103554,5837.148
54401,2010-02-02T22:30:00+00:00,-2102654,5837.121
54401,2010-02-02T22:45:00+00:00,-2101754,5837.084
54401,2010-02-02T23:00:00+00:00,-2100854,5837.038
54401,2010-02-02T23:15:00+00:00,-2099954,5836.982
54401,2010-02-02T23:30:00+00:00,-2099054,5836.919
54401,2010-02-02T23:45:00+00:00,-2098154,5836.848
54401,2010-02-03T00:00:00+00:00,-2097254,5836.768
54401,2010-02-03T00:15:00+00:00,-2096354,5836.687
54401,2010-02-03T00:30:00+00:00,-2095454,5836.601
54401,2010-02-03T00:45:00+00:00,-2094554,5836.511
54401,2010-02-03T01:00:00+00:00,-2093654,5836.421
54401,2010-02-03T01:15:00+00:00,-2092754,5836.333
54401,2010-02-03T01:30:00+00:00,-2091854,5836.245
54401,2010-02-03T01:45:00+00:00,-2090954,5836.159
54401,2010-02-03T02:00:00+00:00,-2090054,5836.077
54401,2010-02-03T02:15:00+00:00,-2089154,5836.003
54401,2010-02-03T02:30:00+00:00,-2088254,5835.934
54401,2010-02-03T02:45:00+00:00,-2087354,5835.872
54401,2010-02-03T03:00:00+00:00,-2086454,5835.820
54401,2010-02-03T03:15:00+00:00,-2085554,5835.775
54401,2010-02-03T03:30:00+00:00,-2084654,5835.742
54401,2010-02-03T03:45:00+00:00,-2083754,5835.717
54401,2010-02-03T04:00:00+00:00,-2082854,5835.704
54401,2010-02-03T04:15:00+00:00,-2081954,5835.705
54401,2010-02-03T04:30:00+00:00,-2081054,5835.717
54401,2010-02-03T04:45:00+00:00,-2080154,5835.743
54401,2010-02-03T05:00:00+00:00,-2079254,5835.779
54401,2010-02-03T05:15:00+00:00,-2078354,5835.822
54401,2010-02-03T05:30:00+00:00,-2077454,5835.877
54401,2010-02-03T05:45:00+00:00,-2076554,5835.941
54401,2010-02-03T06:00:00+00:00,-2075654,5836.012
54401,2010-02-03T06:15:00+00:00,-2074754,5836.089
54401,2010-02-03T06:30:00+00:00,-2073854,5836.170
54401,2010-02-03T06:45:00+00:00,-2072954,5836.257
54401,2010-02-03T07:00:00+00:00,-2072054,5836.346
54401,2010-02-03T07:15:00+00:00,-2071154,5836.435
54401,2010-02-03T07:30:00+00:00,-2070254,5836.526
54401,2010-02-03T07:45:00+00:00,-2069354,5836.614
54401,2010-02-03T08:00:00+00:00,-2068454,5836.697
54401,2010-02-03T08:15:00+00:00,-2067554,5836.774
54401,2010-02-03T08:30:00+00:00,-2066654,5836.847
54401,2010-02-03T08:45:00+00:00,-2065754,5836.911
54401,2010-02-03T09:00:00+00:00,-2064854,5836.968
54401,2010-02-03T09:15:00+00:00,-2063954,5837.014
54401,2010-02-03T09:30:00+00:00,-2063054,5837.054
54401,2010-02-03T09:45:00+00:00,-2062154,5837.080
54401,2010-02-03T10:00:00+00:00,-2061254,5837.096
54401,2010-02-03T10:15:00+00:00,-2060354,5837.100
54401,2010-02-03T10:30:00+00:00,-2059454,5837.095
54401,2010-02-03T10:45:00+00:00,-2058554,5837.078
54401,2010-02-03T11:00:00+00:00,-2057654,5837.049
54401,2010-02-03T11:15:00+00:00,-2056754,5837.008
54401,2010-02-03T11:30:00+00:00,-2055854,5836.957
54401,2010-02-03T11:45:00+00:00,-2054954,5836.899
54401,2010-02-03T12:00:00+00:00,-2054054,5836.833
54401,2010-02-03T12:15:00+00:00,-2053154,5836.762
54401,2010-02-03T12:30:00+00:00,-2052254,5836.683
54401,2010-02-03T12:45:00+00:00,-2051354,5836.604
54401,2010-02-03T13:00:00+00:00,-2050454,5836.518
54401,2010-02-03T13:15:00+00:00,-2049554,5836.431
54401,2010-02-03T13:30:00+00:00,-2048654,5836.346
54401,2010-02-03T13:45:00+00:00,-2047754,5836.258
54401,2010-02-03T14:00:00+00:00,-2046854,5836.171
54401,2010-02-03T14:15:00+00:00,-2045954,5836.089
54401,2010-02-03T14:30:00+00:00,-2045054,5836.012
54401,2010-02-03T14:45:00+00:00,-2044154,5835.943
54401,2010-02-03T15:00:00+00:00,-2043254,5835.877
54401,2010-02-03T15:15:00+00:00,-2042354,5835.823
54401,2010-02-03T15:30:00+00:00,-2041454,5835.777
54401,2010-02-03T15:45:00+00:00,-2040554,5835.743
54401,2010-02-03T16:00:00+00:00,-2039654,5835.719
54401,2010-02-03T16:15:00+00:00,-2038754,5835.710
54401,2010-02-03T16:30:00+00:00,-2037854,5835.710
54401,2010-02-03T16:45:00+00:00,-2036954,5835.724
54401,2010-02-03T17:00:00+00:00,-2036054,5835.749
54401,2010-02-03T17:15:00+00:00,-2035154,5835.785
54401,2010-02-03T17:30:00+00:00,-2034254,5835.831
54401,2010-02-03T17:45:00+00:00,-2033354,5835.888
54401,2010-02-03T18:00:00+00:00,-2032454,5835.954
54401,2010-02-03T18:15:00+00:00,-2031554,5836.027
54401,2010-02-03T18:30:00+00:00,-2030654,5836.108
54401,2010-02-03T18:45:00+00:00,-2029754,5836.193
54401,2010-02-03T19:00:00+00:00,-2028854,5836.280
54401,2010-02-03T19:15:00+00:00,-2027954,5836.367
54401,2010-02-03T19:30:00+00:00,-2027054,5836.458
54401,2010-02-03T19:45:00+00:00,-2026154,5836.549
54401,2010-02-03T20:00:00+00:00,-2025254,5836.637
54401,2010-02-03T20:15:00+00:00,-2024354,5836.723
54401,2010-02-03T20:30:00+00:00,-2023454,5836.801
54401,2010-02-03T20:45:00+00:00,-2022554,5836.875
54401,2010-02-03T21:00:00+00:00,-2021654,5836.941
54401,2010-02-03T21:15:00+00:00,-2020754,5837.000
54401,2010-02-03T21:30:00+00:00,-2019854,5837.049
54401,2010-02-03T21:45:00+00:00,-2018954,5837.089
54401,2010-02-03T22:00:00+00:00,-2018054,5837.118
54401,2010-02-03T22:15:00+00:00,-2017154,5837.137
54401,2010-02-03T22:30:00+00:00,-2016254,5837.143
54401,2010-02-03T22:45:00+00:00,-2015354,5837.141
54401,2010-02-03T23:00:00+00:00,-2014454,5837.128
54401,2010-02-03T23:15:00+00:00,-2013554,5837.107
54401,2010-02-03T23:30:00+00:00,-2012654,5837.075
54401,2010-02-03T23:45:00+00:00,-2011754,5837.030
54401,2010-02-04T00:00:00+00:00,-2010854,5836.981
54401,2010-02-04T00:15:00+00:00,-2009954,5836.920
54401,2010-02-04T00:30:00+00:00,-2009054,5836.853
54401,2010-02-04T00:45:00+00:00,-2008154,5836.778
54401,2010-02-04T01:00:00+00:00,-2007254,5836.698
54401,2010-02-04T01:15:00+00:00,-2006354,5836.613
54401,2010-02-04T01:30:00+00:00,-2005454,5836.529
54401,2010-02-04T01:45:00+00:00,-2004554,5836.442
54401,2010-02-04T02:00:00+00:00,-2003654,5836.354
54401,2010-02-04T02:15:00+00:00,-2002754,5836.269
54401,2010-02-04T02:30:00+00:00,-2001854,5836.184
54401,2010-02-04T02:45:00+00:00,-2000954,5836.105
54401,2010-02-04T03:00:00+00:00,-2000054,5836.029
54401,2010-02-04T03:15:00+00:00,-1999154,5835.955
54401,2010-02-04T03:30:00+00:00,-1998254,5835.892
54401,2010-02-04T03:45:00+00:00,-1997354,5835.839
54401,2010-02-04T04:00:00+00:00,-1996454,5835.793
54401,2010-02-04T04:15:00+00:00,-1995554,5835.758
54401,2010-02-04T04:30:00+00:00,-1994654,5835.735
54401,2010-02-04T04:45:00+00:00,-1993754,5835.721
54401,2010-02-04T05:00:00+00:00,-1992854,5835.717
54401,2010-02-04T05:15:00+00:00,-1991954,5835.727
54401,2010-02-04T05:30:00+00:00,-1991054,5835.745
54401,2010-02-04T05:45:00+00:00,-1990154,5835.774
54401,2010-02-04T06:00:00+00:00,-1989254,5835.815
54401,2010-02-04T06:15:00+00:00,-1988354,5835.865
54401,2010-02-04T06:30:00+00:00,-1987454,5835.922
54401,2010-02-04T06:45:00+00:00,-1986554,5835.988
54401,2010-02-04T07:00:00+00:00,-1985654,5836.061
54401,2010-02-04T07:15:00+00:00,-1984754,5836.140
54401,2010-02-04T07:30:00+00:00,-1983854,5836.223
54401,2010-02-04T07:45:00+00:00,-1982954,5836.309
54401,2010-02-04T08:00:00+00:00,-1982054,5836.394
54401,2010-02-04T08:15:00+00:00,-1981154,5836.482
54401,2010-02-04T08:30:00+00:00,-1980254,5836.565
54401,2010-02-04T08:45:00+00:00,-1979354,5836.646
54401,2010-02-04T09:00:00+00:00,-1978454,5836.721
54401,2010-02-04T09:15:00+00:00,-1977554,5836.791
54401,2010-02-04T09:30:00+00:00,-1976654,5836.857
54401,2010-02-04T09:45:00+00:00,-1975754,5836.915
54401,2010-02-04T10:00:00+00:00,-1974854,5836.964
54401,2010-02-04T10:15:00+00:00,-1973954,5837.002
54401,2010-02-04T10:30:00+00:00,-1973054,5837.032
54401,2010-02-04T10:45:00+00:00,-1972154,5837.049
54401,2010-02-04T11:00:00+00:00,-1971254,5837.056
54401,2010-02-04T11:15:00+00:00,-1970354,5837.052
54401,2010-02-04T11:30:00+00:00,-1969454,5837.041
54401,2010-02-04T11:45:00+00:00,-1968554,5837.014
54401,2010-02-04T12:00:00+00:00,-1967654,5836.982
54401,2010-02-04T12:15:00+00:00,-1966754,5836.942
54401,2010-02-04T12:30:00+00:00,-1965854,5836.893
54401,2010-02-04T12:45:00+00:00,-1964954,5836.835
54401,2010-02-04T13:00:00+00:00,-1964054,5836.768
54401,2010-02-04T13:15:00+00:00,-1963154,5836.697
54401,2010-02-04T13:30:00+00:00,-1962254,5836.619
54401,2010-02-04T13:45:00+00:00,-1961354,5836.541
54401,2010-02-04T14:00:00+00:00,-1960454,5836.456
54401,2010-02-04T14:15:00+00:00,-1959554,5836.375
54401,2010-02-04T14:30:00+00:00,-1958654,5836.295
54401,2010-02-04T14:45:00+00:00,-1957754,5836.214
54401,2010-02-04T15:00:00+00:00,-1956854,5836.137
54401,2010-02-04T15:15:00+00:00,-1955954,5836.067
54401,2010-02-04T15:30:00+00:00,-1955054,5836.000
54401,2010-02-04T15:45:00+00:00,-1954154,5835.940
54401,2010-02-04T16:00:00+00:00,-1953254,5835.889
54401,2010-02-04T16:15:00+00:00,-1952354,5835.845
54401,2010-02-04T16:30:00+00:00,-1951454,5835.814
54401,2010-02-04T16:45:00+00:00,-1950554,5835.793
54401,2010-02-04T17:00:00+00:00,-1949654,5835.780
54401,2010-02-04T17:15:00+00:00,-1948754,5835.780
54401,2010-02-04T17:30:00+00:00,-1947854,5835.791
54401,2010-02-04T17:45:00+00:00,-1946954,5835.814
54401,2010-02-04T18:00:00+00:00,-1946054,5835.847
54401,2010-02-04T18:15:00+00:00,-1945154,5835.887
54401,2010-02-04T18:30:00+00:00,-1944254,5835.938
54401,2010-02-04T18:45:00+00:00,-1943354,5835.999
54401,2010-02-04T19:00:00+00:00,-1942454,5836.070
54401,2010-02-04T19:15:00+00:00,-1941554,5836.144
54401,2010-02-04T19:30:00+00:00,-1940654,5836.220
54401,2010-02-04T19:45:00+00:00,-1939754,5836.302
54401,2010-02-04T20:00:00+00:00,-1938854,5836.386
54401,2010-02-04T20:15:00+00:00,-1937954,5836.469
54401,2010-02-04T20:30:00+00:00,-1937054,5836.553
54401,2010-02-04T20:45:00+00:00,-1936154,5836.634
54401,2010-02-04T21:00:00+00:00,-1935254,5836.712
54401,2010-02-04T21:15:00+00:00,-1934354,5836.787
54401,2010-02-04T21:30:00+00:00,-1933454,5836.854
54401,2010-02-04T21:45:00+00:00,-1932554,5836.918
54401,2010-02-04T22:00:00+00:00,-1931654,5836.971
54401,2010-02-04T22:15:00+00:00,-1930754,5837.018
54401,2010-02-04T22:30:00+00:00,-1929854,5837.059
54401,2010-02-04T22:45:00+00:00,-1928954,5837.086
54401,2010-02-04T23:00:00+00:00,-1928054,5837.109
54401,2010-02-04T23:15:00+00:00,-1927154,5837.119
54401,2010-02-04T23:30:00+00:00,-1926254,5837.120
54401,2010-02-04T23:45:00+00:00,-1925354,5837.111
54401,2010-02-05T00:00:00+00:00,-1924454,5837.090
54401,2010-02-05T00:15:00+00:00,-1923554,5837.061
54401,2010-02-05T00:30:00+00:00,-1922654,5837.023
54401,2010-02-05T00:45:00+00:00,-1921754,5836.975
54401,2010-02-05T01:00:00+00:00,-1920854,5836.921
54401,2010-02-05T01:15:00+00:00,-1919954,5836.859
54401,2010-02-05T01:30:00+00:00,-1919054,5836.793
54401,2010-02-05T01:45:00+00:00,-1918154,5836.718
54401,2010-02-05T02:00:00+00:00,-1917254,5836.641
54401,2010-02-05T02:15:00+00:00,-1916354,5836.561
54401,2010-02-05T02:30:00+00:00,-1915454,5836.479
54401,2010-02-05T02:45:00+00:00,-1914554,5836.397
54401,2010-02-05T03:00:00+00:00,-1913654,5836.315
54401,2010-02-05T03:15:00+00:00,-1912754,5836.237
54401,2010-02-05T03:30:00+00:00,-1911854,5836.160
54401,2010-02-05T03:45:00+00:00,-1910954,5836.090
54401,2010-02-05T04:00:00+00:00,-1910054,5836.023
54401,2010-02-05T04:15:00+00:00,-1909154,5835.962
54401,2010-02-05T04:30:00+00:00,-1908254,5835.911
54401,2010-02-05T04:45:00+00:00,-1907354,5835.869
54401,2010-02-05T05:00:00+00:00,-1906454,5835.834
54401,2010-02-05T05:15:00+00:00,-1905554,5835.810
54401,2010-02-05T05:30:00+00:00,-1904654,5835.792
54401,2010-02-05T05:45:00+00:00,-1903754,5835.790
54401,2010-02-05T06:00:00+00:00,-1902854,5835.798
54401,2010-02-05T06:15:00+00:00,-1901954,5835.814
54401,2010-02-05T06:30:00+00:00,-1901054,5835.842
54401,2010-02-05T06:45:00+00:00,-1900154,5835.879
54401,2010-02-05T07:00:00+00:00,-1899254,5835.924
54401,2010-02-05T07:15:00+00:00,-1898354,5835.977
54401,2010-02-05T07:30:00+00:00,-1897454,5836.037
54401,2010-02-05T07:45:00+00:00,-1896554,5836.102
54401,2010-02-05T08:00:00+00:00,-1895654,5836.172
54401,2010-02-05T08:15:00+00:00,-1894754,5836.248
54401,2010-02-05T08:30:00+00:00,-1893854,5836.326
54401,2010-02-05T08:45:00+00:00,-1892954,5836.404
54401,2010-02-05T09:00:00+00:00,-1892054,5836.483
54401,2010-02-05T09:15:00+00:00,-1891154,5836.560
54401,2010-02-05T09:30:00+00:00,-1890254,5836.635
54401,2010-02-05T09:45:00+00:00,-1889354,5836.703
54401,2010-02-05T10:00:00+00:00,-1888454,5836.769
54401,2010-02-05T10:15:00+00:00,-1887554,5836.829
54401,2010-02-05T10:30:00+00:00,-1886654,5836.883
54401,2010-02-05T10:45:00+00:00,-1885754,5836.927
54401,2010-02-05T11:00:00+00:00,-1884854,5836.963
54401,2010-02-05T11:15:00+00:00,-1883954,5836.992
54401,2010-02-05T11:30:00+00:00,-1883054,5837.010
54401,2010-02-05T11:45:00+00:00,-1882154,5837.018
54401,2010-02-05T12:00:00+00:00,-1881254,5837.019
54401,2010-02-05T12:15:00+00:00,-1880354,5837.011
54401,2010-02-05T12:30:00+00:00,-1879454,5836.992
54401,2010-02-05T12:45:00+00:00,-1878554,5836.963
54401,2010-02-05T13:00:00+00:00,-1877654,5836.926
54401,2010-02-05T13:15:00+00:00,-1876754,5836.883
54401,2010-02-05T13:30:00+00:00,-1875854,5836.831
54401,2010-02-05T13:45:00+00:00,-1874954,5836.774
54401,2010-02-05T14:00:00+00:00,-1874054,5836.711
54401,2010-02-05T14:15:00+00:00,-1873154,5836.644
54401,2010-02-05T14:30:00+00:00,-1872254,5836.572
54401,2010-02-05T14:45:00+00:00,-1871354,5836.500
54401,2010-02-05T15:00:00+00:00,-1870454,5836.427
54401,2010-02-05T15:15:00+00:00,-1869554,5836.353
54401,2010-02-05T15:30:00+00:00,-1868654,5836.280
54401,2010-02-05T15:45:00+00:00,-1867754,5836.214
54401,2010-02-05T16:00:00+00:00,-1866854,5836.148
54401,2010-02-05T16:15:00+00:00,-1865954,5836.091
54401,2010-02-05T16:30:00+00:00,-1865054,5836.033
54401,2010-02-05T16:45:00+00:00,-1864154,5835.987
54401,2010-02-05T17:00:00+00:00,-1863254,5835.949
54401,2010-02-05T17:15:00+00:00,-1862354,5835.917
54401,2010-02-05T17:30:00+00:00,-1861454,5835.894
54401,2010-02-05T17:45:00+00:00,-1860554,5835.883
54401,2010-02-05T18:00:00+00:00,-1859654,5835.880
54401,2010-02-05T18:15:00+00:00,-1858754,5835.890
54401,2010-02-05T18:30:00+00:00,-1857854,5835.905
54401,2010-02-05T18:45:00+00:00,-1856954,5835.934
54401,2010-02-05T19:00:00+00:00,-1856054,5835.969
54401,2010-02-05T19:15:00+00:00,-1855154,5836.013
54401,2010-02-05T19:30:00+00:00,-1854254,5836.066
54401,2010-02-05T19:45:00+00:00,-1853354,5836.125
54401,2010-02-05T20:00:00+00:00,-1852454,5836.188
54401,2010-02-05T20:15:00+00:00,-1851554,5836.256
54401,2010-02-05T20:30:00+00:00,-1850654,5836.327
54401,2010-02-05T20:45:00+00:00,-1849754,5836.400
54401,2010-02-05T21:00:00+00:00,-1848854,5836.473
54401,2010-02-05T21:15:00+00:00,-1847954,5836.545
54401,2010-02-05T21:30:00+00:00,-1847054,5836.615
54401,2010-02-05T21:45:00+00:00,-1846154,5836.686
54401,2010-02-05T22:00:00+00:00,-1845254,5836.752
54401,2010-02-05T22:15:00+00:00,-1844354,5836.814
54401,2010-02-05T22:30:00+00:00,-1843454,5836.872
54401,2010-02-05T22:45:00+00:00,-1842554,5836.920
54401,2010-02-05T23:00:00+00:00,-1841654,5836.967
54401,2010-02-05T23:15:00+00:00,-1840754,5837.004
54401,2010-02-05T23:30:00+00:00,-1839854,5837.034
54401,2010-02-05T23:45:00+00:00,-1838954,5837.054
54401,2010-02-06T00:00:00+00:00,-1838054,5837.065
54401,2010-02-06T00:15:00+00:00,-1837154,5837.068
54401,2010-02-06T00:30:00+00:00,-1836254,5837.059
54401,2010-02-06T00:45:00+00:00,-1835354,5837.042
54401,2010-02-06T01:00:00+00:00,-1834454,5837.016
54401,2010-02-06T01:15:00+00:00,-1833554,5836.983
54401,2010-02-06T01:30:00+00:00,-1832654,5836.943
54401,2010-02-06T01:45:00+00:00,-1831754,5836.896
54401,2010-02-06T02:00:00+00:00,-1830854,5836.842
54401,2010-02-06T02:15:00+00:00,-1829954,5836.780
54401,2010-02-06T02:30:00+00:00,-1829054,5836.718
54401,2010-02-06T02:45:00+00:00,-1828154,5836.649
54401,2010-02-06T03:00:00+00:00,-1827254,5836.576
54401,2010-02-06T03:15:00+00:00,-1826354,5836.502
54401,2010-02-06T03:30:00+00:00,-1825454,5836.428
54401,2010-02-06T03:45:00+00:00,-1824554,5836.356
54401,2010-02-06T04:00:00+00:00,-1823654,5836.282
54401,2010-02-06T04:15:00+00:00,-1822754,5836.210
54401,2010-02-06T04:30:00+00:00,-1821854,5836.146
54401,2010-02-06T04:45:00+00:00,-1820954,5836.087
54401,2010-02-06T05:00:00+00:00,-1820054,5836.032
54401,2010-02-06T05:15:00+00:00,-1819154,5835.985
54401,2010-02-06T05:30:00+00:00,-1818254,5835.943
54401,2010-02-06T05:45:00+00:00,-1817354,5835.912
54401,2010-02-06T06:00:00+00:00,-1816454,5835.889
54401,2010-02-06T06:15:00+00:00,-1815554,5835.874
54401,2010-02-06T06:30:00+00:00,-1814654,5835.868
54401,2010-02-06T06:45:00+00:00,-1813754,5835.872
54401,2010-02-06T07:00:00+00:00,-1812854,5835.885
54401,2010-02-06T07:15:00+00:00,-1811954,5835.905
54401,2010-02-06T07:30:00+00:00,-1811054,5835.936
54401,2010-02-06T07:45:00+00:00,-1810154,5835.976
54401,2010-02-06T08:00:00+00:00,-1809254,5836.020
54401,2010-02-06T08:15:00+00:00,-1808354,5836.071
54401,2010-02-06T08:30:00+00:00,-1807454,5836.131
54401,2010-02-06T08:45:00+00:00,-1806554,5836.191
54401,2010-02-06T09:00:00+00:00,-1805654,5836.255
54401,2010-02-06T09:15:00+00:00,-1804754,5836.322
54401,2010-02-06T09:30:00+00:00,-1803854,5836.390
54401,2010-02-06T09:45:00+00:00,-1802954,5836.460
54401,2010-02-06T10:00:00+00:00,-1802054,5836.526
54401,2010-02-06T10:15:00+00:00,-1801154,5836.593
54401,2010-02-06T10:30:00+00:00,-1800254,5836.655
54401,2010-02-06T10:45:00+00:00,-1799354,5836.711
54401,2010-02-06T11:00:00+00:00,-1798454,5836.763
54401,2010-02-06T11:15:00+00:00,-1797554,5836.810
54401,2010-02-06T11:30:00+00:00,-1796654,5836.850
54401,2010-02-06T11:45:00+00:00,-1795754,5836.884
54401,2010-02-06T12:00:00+00:00,-1794854,5836.908
54401,2010-02-06T12:15:00+00:00,-1793954,5836.927
54401,2010-02-06T12:30:00+00:00,-1793054,5836.939
54401,2010-02-06T12:45:00+00:00,-1792154,5836.943
54401,2010-02-06T13:00:00+00:00,-1791254,5836.939
54401,2010-02-06T13:15:00+00:00,-1790354,5836.924
54401,2010-02-06T13:30:00+00:00,-1789454,5836.906
54401,2010-02-06T13:45:00+00:00,-1788554,5836.876
54401,2010-02-06T14:00:00+00:00,-1787654,5836.841
54401,2010-02-06T14:15:00+00:00,-1786754,5836.800
54401,2010-02-06T14:30:00+00:00,-1785854,5836.752
54401,2010-02-06T14:45:00+00:00,-1784954,5836.695
54401,2010-02-06T15:00:00+00:00,-1784054,5836.638
54401,2010-02-06T15:15:00+00:00,-1783154,5836.578
54401,2010-02-06T15:30:00+00:00,-1782254,5836.515
54401,2010-02-06T15:45:00+00:00,-1781354,5836.451
54401,2010-02-06T16:00:00+00:00,-1780454,5836.387
54401,2010-02-06T16:15:00+00:00,-1779554,5836.323
54401,2010-02-06T16:30:00+00:00,-1778654,5836.266
54401,2010-02-06T16:45:00+00:00,-1777754,5836.208
54401,2010-02-06T17:00:00+00:00,-1776854,5836.155
54401,2010-02-06T17:15:00+00:00,-1775954,5836.107
54401,2010-02-06T17:30:00+00:00,-1775054,5836.064
54401,2010-02-06T17:45:00+00:00,-1774154,5836.029
54401,2010-02-06T18:00:00+00:00,-1773254,5836.002
54401,2010-02-06T18:15:00+00:00,-1772354,5835.980
54401,2010-02-06T18:30:00+00:00,-1771454,5835.966
54401,2010-02-06T18:45:00+00:00,-1770554,5835.961
54401,2010-02-06T19:00:00+00:00,-1769654,5835.965
54401,2010-02-06T19:15:00+00:00,-1768754,5835.975
54401,2010-02-06T19:30:00+00:00,-1767854,5835.996
54401,2010-02-06T19:45:00+00:00,-1766954,5836.025
54401,2010-02-06T20:00:00+00:00,-1766054,5836.063
54401,2010-02-06T20:15:00+00:00,-1765154,5836.107
54401,2010-02-06T20:30:00+00:00,-1764254,5836.155
54401,2010-02-06T20:45:00+00:00,-1763354,5836.208
54401,2010-02-06T21:00:00+00:00,-1762454,5836.266
54401,2010-02-06T21:15:00+00:00,-1761554,5836.328
54401,2010-02-06T21:30:00+00:00,-1760654,5836.391
54401,2010-02-06T21:45:00+00:00,-1759754,5836.455
54401,2010-02-06T22:00:00+00:00,-1758854,5836.519
54401,2010-02-06T22:15:00+00:00,-1757954,5836.580
54401,2010-02-06T22:30:00+00:00,-1757054,5836.641
54401,2010-02-06T22:45:00+00:00,-1756154,5836.699
54401,2010-02-06T23:00:00+00:00,-1755254,5836.757
54401,2010-02-06T23:15:00+00:00,-1754354,5836.807
54401,2010-02-06T23:30:00+00:00,-1753454,5836.853
54401,2010-02-06T23:45:00+00:00,-1752554,5836.896
54401,2010-02-07T00:00:00+00:00,-1751654,5836.928
54401,2010-02-07T00:15:00+00:00,-1750754,5836.953
54401,2010-02-07T00:30:00+00:00,-1749854,5836.972
54401,2010-02-07T00:45:00+00:00,-1748954,5836.984
54401,2010-02-07T01:00:00+00:00,-1748054,5836.988
54401,2010-02-07T01:15:00+00:00,-1747154,5836.982
54401,2010-02-07T01:30:00+00:00,-1746254,5836.970
54401,2010-02-07T01:45:00+00:00,-1745354,5836.950
54401,2010-02-07T02:00:00+00:00,-1744454,5836.924
54401,2010-02-07T02:15:00+00:00,-1743554,5836.890
54401,2010-02-07T02:30:00+00:00,-1742654,5836.852
54401,2010-02-07T02:45:00+00:00,-1741754,5836.805
54401,2010-02-07T03:00:00+00:00,-1740854,5836.754
54401,2010-02-07T03:15:00+00:00,-1739954,5836.699
54401,2010-02-07T03:30:00+00:00,-1739054,5836.637
54401,2010-02-07T03:45:00+00:00,-1738154,5836.574
54401,2010-02-07T04:00:00+00:00,-1737254,5836.511
54401,2010-02-07T04:15:00+00:00,-1736354,5836.444
54401,2010-02-07T04:30:00+00:00,-1735454,5836.379
54401,2010-02-07T04:45:00+00:00,-1734554,5836.315
54401,2010-02-07T05:00:00+00:00,-1733654,5836.254
54401,2010-02-07T05:15:00+00:00,-1732754,5836.194
54401,2010-02-07T05:30:00+00:00,-1731854,5836.141
54401,2010-02-07T05:45:00+00:00,-1730954,5836.092
54401,2010-02-07T06:00:00+00:00,-1730054,5836.048
54401,2010-02-07T06:15:00+00:00,-1729154,5836.011
54401,2010-02-07T06:30:00+00:00,-1728254,5835.978
54401,2010-02-07T06:45:00+00:00,-1727354,5835.955
54401,2010-02-07T07:00:00+00:00,-1726454,5835.939
54401,2010-02-07T07:15:00+00:00,-1725554,5835.932
54401,2010-02-07T07:30:00+00:00,-1724654,5835.931
54401,2010-02-07T07:45:00+00:00,-1723754,5835.938
54401,2010-02-07T08:00:00+00:00,-1722854,5835.953
54401,2010-02-07T08:15:00+00:00,-1721954,5835.977
54401,2010-02-07T08:30:00+00:00,-1721054,5836.007
54401,2010-02-07T08:45:00+00:00,-1720154,5836.043
54401,2010-02-07T09:00:00+00:00,-1719254,5836.083
54401,2010-02-07T09:15:00+00:00,-1718354,5836.131
54401,2010-02-07T09:30:00+00:00,-1717454,5836.182
54401,2010-02-07T09:45:00+00:00,-1716554,5836.236
54401,2010-02-07T10:00:00+00:00,-1715654,5836.295
54401,2010-02-07T10:15:00+00:00,-1714754,5836.352
54401,2010-02-07T10:30:00+00:00,-1713854,5836.409
54401,2010-02-07T10:45:00+00:00,-1712954,5836.467
54401,2010-02-07T11:00:00+00:00,-1712054,5836.525
54401,2010-02-07T11:15:00+00:00,-1711154,5836.577
54401,2010-02-07T11:30:00+00:00,-1710254,5836.627
54401,2010-02-07T11:45:00+00:00,-1709354,5836.674
54401,2010-02-07T12:00:00+00:00,-1708454,5836.719
54401,2010-02-07T12:15:00+00:00,-1707554,5836.756
54401,2010-02-07T12:30:00+00:00,-1706654,5836.791
54401,2010-02-07T12:45:00+00:00,-1705754,5836.819
54401,2010-02-07T13:00:00+00:00,-1704854,5836.838
54401,2010-02-07T13:15:00+00:00,-1703954,5836.849
54401,2010-02-07T13:30:00+00:00,-1703054,5836.853
54401,2010-02-07T13:45:00+00:00,-1702154,5836.850
54401,2010-02-07T14:00:00+00:00,-1701254,5836.843
54401,2010-02-07T14:15:00+00:00,-1700354,5836.828
54401,2010-02-07T14:30:00+00:00,-1699454,5836.807
54401,2010-02-07T14:45:00+00:00,-1698554,5836.779
54401,2010-02-07T15:00:00+00:00,-1697654,5836.746
54401,2010-02-07T15:15:00+00:00,-1696754,5836.707
54401,2010-02-07T15:30:00+00:00,-1695854,5836.666
54401,2010-02-07T15:45:00+00:00,-1694954,5836.620
54401,2010-02-07T16:00:00+00:00,-1694054,5836.574
54401,2010-02-07T16:15:00+00:00,-1693154,5836.526
54401,2010-02-07T16:30:00+00:00,-1692254,5836.475
54401,2010-02-07T16:45:00+00:00,-1691354,5836.424
54401,2010-02-07T17:00:00+00:00,-1690454,5836.372
54401,2010-02-07T17:15:00+00:00,-1689554,5836.322
54401,2010-02-07T17:30:00+00:00,-1688654,5836.272
54401,2010-02-07T17:45:00+00:00,-1687754,5836.228
54401,2010-02-07T18:00:00+00:00,-1686854,5836.187
54401,2010-02-07T18:15:00+00:00,-1685954,5836.149
54401,2010-02-07T18:30:00+00:00,-1685054,5836.117
54401,2010-02-07T18:45:00+00:00,-1684154,5836.090
54401,2010-02-07T19:00:00+00:00,-1683254,5836.070
54401,2010-02-07T19:15:00+00:00,-1682354,5836.055
54401,2010-02-07T19:30:00+00:00,-1681454,5836.049
54401,2010-02-07T19:45:00+00:00,-1680554,5836.050
54401,2010-02-07T20:00:00+00:00,-1679654,5836.058
54401,2010-02-07T20:15:00+00:00,-1678754,5836.070
54401,2010-02-07T20:30:00+00:00,-1677854,5836.091
54401,2010-02-07T20:45:00+00:00,-1676954,5836.115
54401,2010-02-07T21:00:00+00:00,-1676054,5836.148
54401,2010-02-07T21:15:00+00:00,-1675154,5836.186
54401,2010-02-07T21:30:00+00:00,-1674254,5836.227
54401,2010-02-07T21:45:00+00:00,-1673354,5836.275
54401,2010-02-07T22:00:00+00:00,-1672454,5836.324
54401,2010-02-07T22:15:00+00:00,-1671554,5836.375
54401,2010-02-07T22:30:00+00:00,-1670654,5836.427
54401,2010-02-07T22:45:00+00:00,-1669754,5836.482
54401,2010-02-07T23:00:00+00:00,-1668854,5836.537
54401,2010-02-07T23:15:00+00:00,-1667954,5836.591
54401,2010-02-07T23:30:00+00:00,-1667054,5836.644
54401,2010-02-07T23:45:00+00:00,-1666154,5836.695
54401,2010-02-08T00:00:00+00:00,-1665254,5836.740
54401,2010-02-08T00:15:00+00:00,-1664354,5836.785
54401,2010-02-08T00:30:00+00:00,-1663454,5836.821
54401,2010-02-08T00:45:00+00:00,-1662554,5836.854
54401,2010-02-08T01:00:00+00:00,-1661654,5836.880
54401,2010-02-08T01:15:00+00:00,-1660754,5836.898
54401,2010-02-08T01:30:00+00:00,-1659854,5836.910
54401,2010-02-08T01:45:00+00:00,-1658954,5836.915
54401,2010-02-08T02:00:00+00:00,-1658054,5836.914
54401,2010-02-08T02:15:00+00:00,-1657154,5836.908
54401,2010-02-08T02:30:00+00:00,-1656254,5836.896
54401,2010-02-08T02:45:00+00:00,-1655354,5836.879
54401,2010-02-08T03:00:00+00:00,-1654454,5836.852
54401,2010-02-08T03:15:00+00:00,-1653554,5836.822
54401,2010-02-08T03:30:00+00:00,-1652654,5836.784
54401,2010-02-08T03:45:00+00:00,-1651754,5836.742
54401,2010-02-08T04:00:00+00:00,-1650854,5836.693
54401,2010-02-08T04:15:00+00:00,-1649954,5836.641
54401,2010-02-08T04:30:00+00:00,-1649054,5836.587
54401,2010-02-08T04:45:00+00:00,-1648154,5836.533
54401,2010-02-08T05:00:00+00:00,-1647254,5836.477
54401,2010-02-08T05:15:00+00:00,-1646354,5836.422
54401,2010-02-08T05:30:00+00:00,-1645454,5836.368
54401,2010-02-08T05:45:00+00:00,-1644554,5836.313
54401,2010-02-08T06:00:00+00:00,-1643654,5836.260
54401,2010-02-08T06:15:00+00:00,-1642754,5836.212
54401,2010-02-08T06:30:00+00:00,-1641854,5836.167
54401,2010-02-08T06:45:00+00:00,-1640954,5836.128
54401,2010-02-08T07:00:00+00:00,-1640054,5836.093
54401,2010-02-08T07:15:00+00:00,-1639154,5836.065
54401,2010-02-08T07:30:00+00:00,-1638254,5836.043
54401,2010-02-08T07:45:00+00:00,-1637354,5836.024
54401,2010-02-08T08:00:00+00:00,-1636454,5836.012
54401,2010-02-08T08:15:00+00:00,-1635554,5836.006
54401,2010-02-08T08:30:00+00:00,-1634654,5836.009
54401,2010-02-08T08:45:00+00:00,-1633754,5836.018
54401,2010-02-08T09:00:00+00:00,-1632854,5836.034
54401,2010-02-08T09:15:00+00:00,-1631954,5836.054
54401,2010-02-08T09:30:00+00:00,-1631054,5836.081
54401,2010-02-08T09:45:00+00:00,-1630154,5836.114
54401,2010-02-08T10:00:00+00:00,-1629254,5836.149
54401,2010-02-08T10:15:00+00:00,-1628354,5836.188
54401,2010-02-08T10:30:00+00:00,-1627454,5836.233
54401,2010-02-08T10:45:00+00:00,-1626554,5836.277
54401,2010-02-08T11:00:00+00:00,-1625654,5836.326
54401,2010-02-08T11:15:00+00:00,-1624754,5836.373
54401,2010-02-08T11:30:00+00:00,-1623854,5836.420
54401,2010-02-08T11:45:00+00:00,-1622954,5836.469
54401,2010-02-08T12:00:00+00:00,-1622054,5836.515
54401,2010-02-08T12:15:00+00:00,-1621154,5836.562
54401,2010-02-08T12:30:00+00:00,-1620254,5836.604
54401,2010-02-08T12:45:00+00:00,-1619354,5836.643
54401,2010-02-08T13:00:00+00:00,-1618454,5836.679
54401,2010-02-08T13:15:00+00:00,-1617554,5836.709
54401,2010-02-08T13:30:00+00:00,-1616654,5836.736
54401,2010-02-08T13:45:00+00:00,-1615754,5836.759
54401,2010-02-08T14:00:00+00:00,-1614854,5836.773
54401,2010-02-08T14:15:00+00:00,-1613954,5836.784
54401,2010-02-08T14:30:00+00:00,-1613054,5836.791
54401,2010-02-08T14:45:00+00:00,-1612154,5836.786
54401,2010-02-08T15:00:00+00:00,-1611254,5836.780
54401,2010-02-08T15:15:00+00:00,-1610354,5836.769
54401,2010-02-08T15:30:00+00:00,-1609454,5836.750
54401,2010-02-08T15:45:00+00:00,-1608554,5836.723
54401,2010-02-08T16:00:00+00:00,-1607654,5836.695
54401,2010-02-08T16:15:00+00:00,-1606754,5836.666
54401,2010-02-08T16:30:00+00:00,-1605854,5836.630
54401,2010-02-08T16:45:00+00:00,-1604954,5836.593
54401,2010-02-08T17:00:00+00:00,-1604054,5836.554
54401,2010-02-08T17:15:00+00:00,-1603154,5836.512
54401,2010-02-08T17:30:00+00:00,-1602254,5836.469
54401,2010-02-08T17:45:00+00:00,-1601354,5836.427
54401,2010-02-08T18:00:00+00:00,-1600454,5836.385
54401,2010-02-08T18:15:00+00:00,-1599554,5836.347
54401,2010-02-08T18:30:00+00:00,-1598654,5836.306
54401,2010-02-08T18:45:00+00:00,-1597754,5836.269
54401,2010-02-08T19:00:00+00:00,-1596854,5836.234
54401,2010-02-08T19:15:00+00:00,-1595954,5836.200
54401,2010-02-08T19:30:00+00:00,-1595054,5836.176
54401,2010-02-08T19:45:00+00:00,-1594154,5836.153
54401,2010-02-08T20:00:00+00:00,-1593254,5836.135
54401,2010-02-08T20:15:00+00:00,-1592354,5836.123
54401,2010-02-08T20:30:00+00:00,-1591454,5836.115
54401,2010-02-08T20:45:00+00:00,-1590554,5836.114
54401,2010-02-08T21:00:00+00:00,-1589654,5836.119
54401,2010-02-08T21:15:00+00:00,-1588754,5836.132
54401,2010-02-08T21:30:00+00:00,-1587854,5836.149
54401,2010-02-08T21:45:00+00:00,-1586954,5836.172
54401,2010-02-08T22:00:00+00:00,-1586054,5836.201
54401,2010-02-08T22:15:00+00:00,-1585154,5836.234
54401,2010-02-08T22:30:00+00:00,-1584254,5836.269
54401,2010-02-08T22:45:00+00:00,-1583354,5836.312
54401,2010-02-08T23:00:00+00:00,-1582454,5836.357
54401,2010-02-08T23:15:00+00:00,-1581554,5836.403
54401,2010-02-08T23:30:00+00:00,-1580654,5836.448
54401,2010-02-08T23:45:00+00:00,-1579754,5836.495
54401,2010-02-09T00:00:00+00:00,-1578854,5836.542
54401,2010-02-09T00:15:00+00:00,-1577954,5836.587
54401,2010-02-09T00:30:00+00:00,-1577054,5836.632
54401,2010-02-09T00:45:00+00:00,-1576154,5836.673
54401,2010-02-09T01:00:00+00:00,-1575254,5836.715
54401,2010-02-09T01:15:00+00:00,-1574354,5836.748
54401,2010-02-09T01:30:00+00:00,-1573454,5836.779
54401,2010-02-09T01:45:00+00:00,-1572554,5836.805
54401,2010-02-09T02:00:00+00:00,-1571654,5836.827
54401,2010-02-09T02:15:00+00:00,-1570754,5836.843
54401,2010-02-09T02:30:00+00:00,-1569854,5836.855
54401,2010-02-09T02:45:00+00:00,-1568954,5836.860
54401,2010-02-09T03:00:00+00:00,-1568054,5836.859
54401,2010-02-09T03:15:00+00:00,-1567154,5836.851
54401,2010-02-09T03:30:00+00:00,-1566254,5836.838
54401,2010-02-09T03:45:00+00:00,-1565354,5836.820
54401,2010-02-09T04:00:00+00:00,-1564454,5836.795
54401,2010-02-09T04:15:00+00:00,-1563554,5836.767
54401,2010-02-09T04:30:00+00:00,-1562654,5836.733
54401,2010-02-09T04:45:00+00:00,-1561754,5836.695
54401,2010-02-09T05:00:00+00:00,-1560854,5836.655
54401,2010-02-09T05:15:00+00:00,-1559954,5836.612
54401,2010-02-09T05:30:00+00:00,-1559054,5836.567
54401,2010-02-09T05:45:00+00:00,-1558154,5836.522
54401,2010-02-09T06:00:00+00:00,-1557254,5836.474
54401,2010-02-09T06:15:00+00:00,-1556354,5836.428
54401,2010-02-09T06:30:00+00:00,-1555454,5836.382
54401,2010-02-09T06:45:00+00:00,-1554554,5836.336
54401,2010-02-09T07:00:00+00:00,-1553654,5836.294
54401,2010-02-09T07:15:00+00:00,-1552754,5836.250
54401,2010-02-09T07:30:00+00:00,-1551854,5836.212
54401,2010-02-09T07:45:00+00:00,-1550954,5836.175
54401,2010-02-09T08:00:00+00:00,-1550054,5836.145
54401,2010-02-09T08:15:00+00:00,-1549154,5836.118
54401,2010-02-09T08:30:00+00:00,-1548254,5836.098
54401,2010-02-09T08:45:00+00:00,-1547354,5836.083
54401,2010-02-09T09:00:00+00:00,-1546454,5836.073
54401,2010-02-09T09:15:00+00:00,-1545554,5836.068
54401,2010-02-09T09:30:00+00:00,-1544654,5836.069
54401,2010-02-09T09:45:00+00:00,-1543754,5836.072
54401,2010-02-09T10:00:00+00:00,-1542854,5836.082
54401,2010-02-09T10:15:00+00:00,-1541954,5836.099
54401,2010-02-09T10:30:00+00:00,-1541054,5836.122
54401,2010-02-09T10:45:00+00:00,-1540154,5836.146
54401,2010-02-09T11:00:00+00:00,-1539254,5836.177
54401,2010-02-09T11:15:00+00:00,-1538354,5836.210
54401,2010-02-09T11:30:00+00:00,-1537454,5836.249
54401,2010-02-09T11:45:00+00:00,-1536554,5836.289
54401,2010-02-09T12:00:00+00:00,-1535654,5836.330
54401,2010-02-09T12:15:00+00:00,-1534754,5836.371
54401,2010-02-09T12:30:00+00:00,-1533854,5836.413
54401,2010-02-09T12:45:00+00:00,-1532954,5836.455
54401,2010-02-09T13:00:00+00:00,-1532054,5836.497
54401,2010-02-09T13:15:00+00:00,-1531154,5836.538
54401,2010-02-09T13:30:00+00:00,-1530254,5836.576
54401,2010-02-09T13:45:00+00:00,-1529354,5836.611
54401,2010-02-09T14:00:00+00:00,-1528454,5836.645
54401,2010-02-09T14:15:00+00:00,-1527554,5836.673
54401,2010-02-09T14:30:00+00:00,-1526654,5836.700
54401,2010-02-09T14:45:00+00:00,-1525754,5836.719
54401,2010-02-09T15:00:00+00:00,-1524854,5836.736
54401,2010-02-09T15:15:00+00:00,-1523954,5836.744
54401,2010-02-09T15:30:00+00:00,-1523054,5836.748
54401,2010-02-09T15:45:00+00:00,-1522154,5836.749
54401,2010-02-09T16:00:00+00:00,-1521254,5836.746
54401,2010-02-09T16:15:00+00:00,-1520354,5836.740
54401,2010-02-09T16:30:00+00:00,-1519454,5836.727
54401,2010-02-09T16:45:00+00:00,-1518554,5836.710
54401,2010-02-09T17:00:00+00:00,-1517654,5836.689
54401,2010-02-09T17:15:00+00:00,-1516754,5836.663
54401,2010-02-09T17:30:00+00:00,-1515854,5836.633
54401,2010-02-09T17:45:00+00:00,-1514954,5836.598
54401,2010-02-09T18:00:00+00:00,-1514054,5836.562
54401,2010-02-09T18:15:00+00:00,-1513154,5836.524
54401,2010-02-09T18:30:00+00:00,-1512254,5836.483
54401,2010-02-09T18:45:00+00:00,-1511354,5836.446
54401,2010-02-09T19:00:00+00:00,-1510454,5836.405
54401,2010-02-09T19:15:00+00:00,-1509554,5836.368
54401,2010-02-09T19:30:00+00:00,-1508654,5836.332
54401,2010-02-09T19:45:00+00:00,-1507754,5836.296
54401,2010-02-09T20:00:00+00:00,-1506854,5836.265
54401,2010-02-09T20:15:00+00:00,-1505954,5836.234
54401,2010-02-09T20:30:00+00:00,-1505054,5836.212
54401,2010-02-09T20:45:00+00:00,-1504154,5836.188
54401,2010-02-09T21:00:00+00:00,-1503254,5836.171
54401,2010-02-09T21:15:00+00:00,-1502354,5836.157
54401,2010-02-09T21:30:00+00:00,-1501454,5836.151
54401,2010-02-09T21:45:00+00:00,-1500554,5836.153
54401,2010-02-09T22:00:00+00:00,-1499654,5836.158
54401,2010-02-09T22:15:00+00:00,-1498754,5836.167
54401,2010-02-09T22:30:00+00:00,-1497854,5836.181
54401,2010-02-09T22:45:00+00:00,-1496954,5836.203
54401,2010-02-09T23:00:00+00:00,-1496054,5836.228
54401,2010-02-09T23:15:00+00:00,-1495154,5836.256
54401,2010-02-09T23:30:00+00:00,-1494254,5836.289
54401,2010-02-09T23:45:00+00:00,-1493354,5836.323
54401,2010-02-10T00:00:00+00:00,-1492454,5836.360
54401,2010-02-10T00:15:00+00:00,-1491554,5836.402
54401,2010-02-10T00:30:00+00:00,-1490654,5836.445
54401,2010-02-10T00:45:00+00:00,-1489754,5836.488
54401,2010-02-10T01:00:00+00:00,-1488854,5836.531
54401,2010-02-10T01:15:00+00:00,-1487954,5836.570
54401,2010-02-10T01:30:00+00:00,-1487054,5836.611
54401,2010-02-10T01:45:00+00:00,-1486154,5836.647
54401,2010-02-10T02:00:00+00:00,-1485254,5836.683
54401,2010-02-10T02:15:00+00:00,-1484354,5836.716
54401,2010-02-10T02:30:00+00:00,-1483454,5836.743
54401,2010-02-10T02:45:00+00:00,-1482554,5836.770
54401,2010-02-10T03:00:00+00:00,-1481654,5836.791
54401,2010-02-10T03:15:00+00:00,-1480754,5836.808
54401,2010-02-10T03:30:00+00:00,-1479854,5836.819
54401,2010-02-10T03:45:00+00:00,-1478954,5836.823
54401,2010-02-10T04:00:00+00:00,-1478054,5836.822
54401,2010-02-10T04:15:00+00:00,-1477154,5836.814
54401,2010-02-10T04:30:00+00:00,-1476254,5836.803
54401,2010-02-10T04:45:00+00:00,-1475354,5836.787
54401,2010-02-10T05:00:00+00:00,-1474454,5836.767
54401,2010-02-10T05:15:00+00:00,-1473554,5836.743
54401,2010-02-10T05:30:00+00:00,-1472654,5836.715
54401,2010-02-10T05:45:00+00:00,-1471754,5836.681
54401,2010-02-10T06:00:00+00:00,-1470854,5836.645
54401,2010-02-10T06:15:00+00:00,-1469954,5836.606
54401,2010-02-10T06:30:00+00:00,-1469054,5836.564
54401,2010-02-10T06:45:00+00:00,-1468154,5836.521
54401,2010-02-10T07:00:00+00:00,-1467254,5836.474
54401,2010-02-10T07:15:00+00:00,-1466354,5836.431
54401,2010-02-10T07:30:00+00:00,-1465454,5836.388
54401,2010-02-10T07:45:00+00:00,-1464554,5836.344
54401,2010-02-10T08:00:00+00:00,-1463654,5836.302
54401,2010-02-10T08:15:00+00:00,-1462754,5836.262
54401,2010-02-10T08:30:00+00:00,-1461854,5836.228
54401,2010-02-10T08:45:00+00:00,-1460954,5836.195
54401,2010-02-10T09:00:00+00:00,-1460054,5836.165
54401,2010-02-10T09:15:00+00:00,-1459154,5836.140
54401,2010-02-10T09:30:00+00:00,-1458254,5836.120
54401,2010-02-10T09:45:00+00:00,-1457354,5836.103
54401,2010-02-10T10:00:00+00:00,-1456454,5836.091
54401,2010-02-10T10:15:00+00:00,-1455554,5836.086
54401,2010-02-10T10:30:00+00:00,-1454654,5836.085
54401,2010-02-10T10:45:00+00:00,-1453754,5836.093
54401,2010-02-10T11:00:00+00:00,-1452854,5836.103
54401,2010-02-10T11:15:00+00:00,-1451954,5836.119
54401,2010-02-10T11:30:00+00:00,-1451054,5836.137
54401,2010-02-10T11:45:00+00:00,-1450154,5836.158
54401,2010-02-10T12:00:00+00:00,-1449254,5836.185
54401,2010-02-10T12:15:00+00:00,-1448354,5836.218
54401,2010-02-10T12:30:00+00:00,-1447454,5836.250
54401,2010-02-10T12:45:00+00:00,-1446554,5836.286
54401,2010-02-10T13:00:00+00:00,-1445654,5836.322
54401,2010-02-10T13:15:00+00:00,-1444754,5836.364
54401,2010-02-10T13:30:00+00:00,-1443854,5836.405
54401,2010-02-10T13:45:00+00:00,-1442954,5836.446
54401,2010-02-10T14:00:00+00:00,-1442054,5836.487
54401,2010-02-10T14:15:00+00:00,-1441154,5836.525
54401,2010-02-10T14:30:00+00:00,-1440254,5836.561
54401,2010-02-10T14:45:00+00:00,-1439354,5836.594
54401,2010-02-10T15:00:00+00:00,-1438454,5836.625
54401,2010-02-10T15:15:00+00:00,-1437554,5836.652
54401,2010-02-10T15:30:00+00:00,-1436654,5836.673
54401,2010-02-10T15:45:00+00:00,-1435754,5836.694
54401,2010-02-10T16:00:00+00:00,-1434854,5836.713
54401,2010-02-10T16:15:00+00:00,-1433954,5836.728
54401,2010-02-10T16:30:00+00:00,-1433054,5836.735
54401,2010-02-10T16:45:00+00:00,-1432154,5836.736
54401,2010-02-10T17:00:00+00:00,-1431254,5836.735
54401,2010-02-10T17:15:00+00:00,-1430354,5836.729
54401,2010-02-10T17:30:00+00:00,-1429454,5836.717
54401,2010-02-10T17:45:00+00:00,-1428554,5836.701
54401,2010-02-10T18:00:00+00:00,-1427654,5836.680
54401,2010-02-10T18:15:00+00:00,-1426754,5836.657
54401,2010-02-10T18:30:00+00:00,-1425854,5836.633
54401,2010-02-10T18:45:00+00:00,-1424954,5836.601
54401,2010-02-10T19:00:00+00:00,-1424054,5836.569
54401,2010-02-10T19:15:00+00:00,-1423154,5836.530
54401,2010-02-10T19:30:00+00:00,-1422254,5836.491
54401,2010-02-10T19:45:00+00:00,-1421354,5836.453
54401,2010-02-10T20:00:00+00:00,-1420454,5836.415
54401,2010-02-10T20:15:00+00:00,-1419554,5836.378
54401,2010-02-10T20:30:00+00:00,-1418654,5836.342
54401,2010-02-10T20:45:00+00:00,-1417754,5836.306
54401,2010-02-10T21:00:00+00:00,-1416854,5836.275
54401,2010-02-10T21:15:00+00:00,-1415954,5836.244
54401,2010-02-10T21:30:00+00:00,-1415054,5836.219
54401,2010-02-10T21:45:00+00:00,-1414154,5836.198
54401,2010-02-10T22:00:00+00:00,-1413254,5836.182
54401,2010-02-10T22:15:00+00:00,-1412354,5836.170
54401,2010-02-10T22:30:00+00:00,-1411454,5836.160
54401,2010-02-10T22:45:00+00:00,-1410554,5836.157
54401,2010-02-10T23:00:00+00:00,-1409654,5836.159
54401,2010-02-10T23:15:00+00:00,-1408754,5836.168
54401,2010-02-10T23:30:00+00:00,-1407854,5836.182
54401,2010-02-10T23:45:00+00:00,-1406954,5836.198
54401,2010-02-11T00:00:00+00:00,-1406054,5836.222
54401,2010-02-11T00:15:00+00:00,-1405154,5836.248
54401,2010-02-11T00:30:00+00:00,-1404254,5836.280
54401,2010-02-11T00:45:00+00:00,-1403354,5836.311
54401,2010-02-11T01:00:00+00:00,-1402454,5836.347
54401,2010-02-11T01:15:00+00:00,-1401554,5836.386
54401,2010-02-11T01:30:00+00:00,-1400654,5836.422
54401,2010-02-11T01:45:00+00:00,-1399754,5836.461
54401,2010-02-11T02:00:00+00:00,-1398854,5836.501
54401,2010-02-11T02:15:00+00:00,-1397954,5836.539
54401,2010-02-11T02:30:00+00:00,-1397054,5836.578
54401,2010-02-11T02:45:00+00:00,-1396154,5836.616
54401,2010-02-11T03:00:00+00:00,-1395254,5836.651
54401,2010-02-11T03:15:00+00:00,-1394354,5836.682
54401,2010-02-11T03:30:00+00:00,-1393454,5836.708
54401,2010-02-11T03:45:00+00:00,-1392554,5836.733
54401,2010-02-11T04:00:00+00:00,-1391654,5836.750
54401,2010-02-11T04:15:00+00:00,-1390754,5836.766
54401,2010-02-11T04:30:00+00:00,-1389854,5836.776
54401,2010-02-11T04:45:00+00:00,-1388954,5836.777
54401,2010-02-11T05:00:00+00:00,-1388054,5836.778
54401,2010-02-11T05:15:00+00:00,-1387154,5836.774
54401,2010-02-11T05:30:00+00:00,-1386254,5836.766
54401,2010-02-11T05:45:00+00:00,-1385354,5836.751
54401,2010-02-11T06:00:00+00:00,-1384454,5836.734
54401,2010-02-11T06:15:00+00:00,-1383554,5836.713
54401,2010-02-11T06:30:00+00:00,-1382654,5836.685
54401,2010-02-11T06:45:00+00:00,-1381754,5836.656
54401,2010-02-11T07:00:00+00:00,-1380854,5836.620
54401,2010-02-11T07:15:00+00:00,-1379954,5836.582
54401,2010-02-11T07:30:00+00:00,-1379054,5836.545
54401,2010-02-11T07:45:00+00:00,-1378154,5836.502
54401,2010-02-11T08:00:00+00:00,-1377254,5836.459
54401,2010-02-11T08:15:00+00:00,-1376354,5836.417
54401,2010-02-11T08:30:00+00:00,-1375454,5836.374
54401,2010-02-11T08:45:00+00:00,-1374554,5836.330
54401,2010-02-11T09:00:00+00:00,-1373654,5836.290
54401,2010-02-11T09:15:00+00:00,-1372754,5836.252
54401,2010-02-11T09:30:00+00:00,-1371854,5836.212
54401,2010-02-11T09:45:00+00:00,-1370954,5836.178
54401,2010-02-11T10:00:00+00:00,-1370054,5836.144
54401,2010-02-11T10:15:00+00:00,-1369154,5836.117
54401,2010-02-11T10:30:00+00:00,-1368254,5836.096
54401,2010-02-11T10:45:00+00:00,-1367354,5836.079
54401,2010-02-11T11:00:00+00:00,-1366454,5836.067
54401,2010-02-11T11:15:00+00:00,-1365554,5836.060
54401,2010-02-11T11:30:00+00:00,-1364654,5836.060
54401,2010-02-11T11:45:00+00:00,-1363754,5836.063
54401,2010-02-11T12:00:00+00:00,-1362854,5836.073
54401,2010-02-11T12:15:00+00:00,-1361954,5836.087
54401,2010-02-11T12:30:00+00:00,-1361054,5836.105
54401,2010-02-11T12:45:00+00:00,-1360154,5836.131
54401,2010-02-11T13:00:00+00:00,-1359254,5836.160
54401,2010-02-11T13:15:00+00:00,-1358354,5836.191
54401,2010-02-11T13:30:00+00:00,-1357454,5836.227
54401,2010-02-11T13:45:00+00:00,-1356554,5836.265
54401,2010-02-11T14:00:00+00:00,-1355654,5836.305
54401,2010-02-11T14:15:00+00:00,-1354754,5836.345
54401,2010-02-11T14:30:00+00:00,-1353854,5836.388
54401,2010-02-11T14:45:00+00:00,-1352954,5836.431
54401,2010-02-11T15:00:00+00:00,-1352054,5836.468
54401,2010-02-11T15:15:00+00:00,-1351154,5836.506
54401,2010-02-11T15:30:00+00:00,-1350254,5836.544
54401,2010-02-11T15:45:00+00:00,-1349354,5836.581
54401,2010-02-11T16:00:00+00:00,-1348454,5836.615
54401,2010-02-11T16:15:00+00:00,-1347554,5836.648
54401,2010-02-11T16:30:00+00:00,-1346654,5836.676
54401,2010-02-11T16:45:00+00:00,-1345754,5836.700
54401,2010-02-11T17:00:00+00:00,-1344854,5836.719
54401,2010-02-11T17:15:00+00:00,-1343954,5836.733
54401,2010-02-11T17:30:00+00:00,-1343054,5836.743
54401,2010-02-11T17:45:00+00:00,-1342154,5836.747
54401,2010-02-11T18:00:00+00:00,-1341254,5836.748
54401,2010-02-11T18:15:00+00:00,-1340354,5836.740
54401,2010-02-11T18:30:00+00:00,-1339454,5836.729
54401,2010-02-11T18:45:00+00:00,-1338554,5836.714
54401,2010-02-11T19:00:00+00:00,-1337654,5836.690
54401,2010-02-11T19:15:00+00:00,-1336754,5836.662
54401,2010-02-11T19:30:00+00:00,-1335854,5836.633
54401,2010-02-11T19:45:00+00:00,-1334954,5836.600
54401,2010-02-11T20:00:00+00:00,-1334054,5836.564
54401,2010-02-11T20:15:00+00:00,-1333154,5836.526
54401,2010-02-11T20:30:00+00:00,-1332254,5836.485
54401,2010-02-11T20:45:00+00:00,-1331354,5836.444
54401,2010-02-11T21:00:00+00:00,-1330454,5836.403
54401,2010-02-11T21:15:00+00:00,-1329554,5836.359
54401,2010-02-11T21:30:00+00:00,-1328654,5836.319
54401,2010-02-11T21:45:00+00:00,-1327754,5836.282
54401,2010-02-11T22:00:00+00:00,-1326854,5836.246
54401,2010-02-11T22:15:00+00:00,-1325954,5836.217
54401,2010-02-11T22:30:00+00:00,-1325054,5836.188
54401,2010-02-11T22:45:00+00:00,-1324154,5836.164
54401,2010-02-11T23:00:00+00:00,-1323254,5836.147
54401,2010-02-11T23:15:00+00:00,-1322354,5836.132
54401,2010-02-11T23:30:00+00:00,-1321454,5836.126
54401,2010-02-11T23:45:00+00:00,-1320554,5836.124
54401,2010-02-12T00:00:00+00:00,-1319654,5836.128
54401,2010-02-12T00:15:00+00:00,-1318754,5836.136
54401,2010-02-12T00:30:00+00:00,-1317854,5836.150
54401,2010-02-12T00:45:00+00:00,-1316954,5836.168
54401,2010-02-12T01:00:00+00:00,-1316054,5836.190
54401,2010-02-12T01:15:00+00:00,-1315154,5836.218
54401,2010-02-12T01:30:00+00:00,-1314254,5836.249
54401,2010-02-12T01:45:00+00:00,-1313354,5836.284
54401,2010-02-12T02:00:00+00:00,-1312454,5836.324
54401,2010-02-12T02:15:00+00:00,-1311554,5836.364
54401,2010-02-12T02:30:00+00:00,-1310654,5836.405
54401,2010-02-12T02:45:00+00:00,-1309754,5836.446
54401,2010-02-12T03:00:00+00:00,-1308854,5836.489
54401,2010-02-12T03:15:00+00:00,-1307954,5836.531
54401,2010-02-12T03:30:00+00:00,-1307054,5836.571
54401,2010-02-12T03:45:00+00:00,-1306154,5836.609
54401,2010-02-12T04:00:00+00:00,-1305254,5836.643
54401,2010-02-12T04:15:00+00:00,-1304354,5836.674
54401,2010-02-12T04:30:00+00:00,-1303454,5836.700
54401,2010-02-12T04:45:00+00:00,-1302554,5836.724
54401,2010-02-12T05:00:00+00:00,-1301654,5836.744
54401,2010-02-12T05:15:00+00:00,-1300754,5836.757
54401,2010-02-12T05:30:00+00:00,-1299854,5836.770
54401,2010-02-12T05:45:00+00:00,-1298954,5836.776
54401,2010-02-12T06:00:00+00:00,-1298054,5836.775
54401,2010-02-12T06:15:00+00:00,-1297154,5836.769
54401,2010-02-12T06:30:00+00:00,-1296254,5836.761
54401,2010-02-12T06:45:00+00:00,-1295354,5836.748
54401,2010-02-12T07:00:00+00:00,-1294454,5836.729
54401,2010-02-12T07:15:00+00:00,-1293554,5836.705
54401,2010-02-12T07:30:00+00:00,-1292654,5836.677
54401,2010-02-12T07:45:00+00:00,-1291754,5836.645
54401,2010-02-12T08:00:00+00:00,-1290854,5836.609
54401,2010-02-12T08:15:00+00:00,-1289954,5836.570
54401,2010-02-12T08:30:00+00:00,-1289054,5836.527
54401,2010-02-12T08:45:00+00:00,-1288154,5836.482
54401,2010-02-12T09:00:00+00:00,-1287254,5836.435
54401,2010-02-12T09:15:00+00:00,-1286354,5836.388
54401,2010-02-12T09:30:00+00:00,-1285454,5836.340
54401,2010-02-12T09:45:00+00:00,-1284554,5836.296
54401,2010-02-12T10:00:00+00:00,-1283654,5836.250
54401,2010-02-12T10:15:00+00:00,-1282754,5836.209
54401,2010-02-12T10:30:00+00:00,-1281854,5836.172
54401,2010-02-12T10:45:00+00:00,-1280954,5836.137
54401,2010-02-12T11:00:00+00:00,-1280054,5836.105
54401,2010-02-12T11:15:00+00:00,-1279154,5836.078
54401,2010-02-12T11:30:00+00:00,-1278254,5836.059
54401,2010-02-12T11:45:00+00:00,-1277354,5836.040
54401,2010-02-12T12:00:00+00:00,-1276454,5836.029
54401,2010-02-12T12:15:00+00:00,-1275554,5836.022
54401,2010-02-12T12:30:00+00:00,-1274654,5836.022
54401,2010-02-12T12:45:00+00:00,-1273754,5836.030
54401,2010-02-12T13:00:00+00:00,-1272854,5836.042
54401,2010-02-12T13:15:00+00:00,-1271954,5836.061
54401,2010-02-12T13:30:00+00:00,-1271054,5836.085
54401,2010-02-12T13:45:00+00:00,-1270154,5836.114
54401,2010-02-12T14:00:00+00:00,-1269254,5836.143
54401,2010-02-12T14:15:00+00:00,-1268354,5836.177
54401,2010-02-12T14:30:00+00:00,-1267454,5836.217
54401,2010-02-12T14:45:00+00:00,-1266554,5836.260
54401,2010-02-12T15:00:00+00:00,-1265654,5836.306
54401,2010-02-12T15:15:00+00:00,-1264754,5836.351
54401,2010-02-12T15:30:00+00:00,-1263854,5836.399
54401,2010-02-12T15:45:00+00:00,-1262954,5836.444
54401,2010-02-12T16:00:00+00:00,-1262054,5836.490
54401,2010-02-12T16:15:00+00:00,-1261154,5836.534
54401,2010-02-12T16:30:00+00:00,-1260254,5836.575
54401,2010-02-12T16:45:00+00:00,-1259354,5836.614
54401,2010-02-12T17:00:00+00:00,-1258454,5836.648
54401,2010-02-12T17:15:00+00:00,-1257554,5836.679
54401,2010-02-12T17:30:00+00:00,-1256654,5836.706
54401,2010-02-12T17:45:00+00:00,-1255754,5836.728
54401,2010-02-12T18:00:00+00:00,-1254854,5836.746
54401,2010-02-12T18:15:00+00:00,-1253954,5836.758
54401,2010-02-12T18:30:00+00:00,-1253054,5836.769
54401,2010-02-12T18:45:00+00:00,-1252154,5836.769
54401,2010-02-12T19:00:00+00:00,-1251254,5836.765
54401,2010-02-12T19:15:00+00:00,-1250354,5836.755
54401,2010-02-12T19:30:00+00:00,-1249454,5836.740
54401,2010-02-12T19:45:00+00:00,-1248554,5836.715
54401,2010-02-12T20:00:00+00:00,-1247654,5836.687
54401,2010-02-12T20:15:00+00:00,-1246754,5836.659
54401,2010-02-12T20:30:00+00:00,-1245854,5836.624
54401,2010-02-12T20:45:00+00:00,-1244954,5836.583
54401,2010-02-12T21:00:00+00:00,-1244054,5836.541
54401,2010-02-12T21:15:00+00:00,-1243154,5836.497
54401,2010-02-12T21:30:00+00:00,-1242254,5836.452
54401,2010-02-12T21:45:00+00:00,-1241354,5836.408
54401,2010-02-12T22:00:00+00:00,-1240454,5836.362
54401,2010-02-12T22:15:00+00:00,-1239554,5836.318
54401,2010-02-12T22:30:00+00:00,-1238654,5836.276
54401,2010-02-12T22:45:00+00:00,-1237754,5836.238
54401,2010-02-12T23:00:00+00:00,-1236854,5836.202
54401,2010-02-12T23:15:00+00:00,-1235954,5836.171
54401,2010-02-12T23:30:00+00:00,-1235054,5836.145
54401,2010-02-12T23:45:00+00:00,-1234154,5836.123
54401,2010-02-13T00:00:00+00:00,-1233254,5836.106
54401,2010-02-13T00:15:00+00:00,-1232354,5836.096
54401,2010-02-13T00:30:00+00:00,-1231454,5836.088
54401,2010-02-13T00:45:00+00:00,-1230554,5836.088
54401,2010-02-13T01:00:00+00:00,-1229654,5836.094
54401,2010-02-13T01:15:00+00:00,-1228754,5836.103
54401,2010-02-13T01:30:00+00:00,-1227854,5836.119
54401,2010-02-13T01:45:00+00:00,-1226954,5836.142
54401,2010-02-13T02:00:00+00:00,-1226054,5836.171
54401,2010-02-13T02:15:00+00:00,-1225154,5836.203
54401,2010-02-13T02:30:00+00:00,-1224254,5836.242
54401,2010-02-13T02:45:00+00:00,-1223354,5836.283
54401,2010-02-13T03:00:00+00:00,-1222454,5836.326
54401,2010-02-13T03:15:00+00:00,-1221554,5836.368
54401,2010-02-13T03:30:00+00:00,-1220654,5836.419
54401,2010-02-13T03:45:00+00:00,-1219754,5836.464
54401,2010-02-13T04:00:00+00:00,-1218854,5836.509
54401,2010-02-13T04:15:00+00:00,-1217954,5836.552
54401,2010-02-13T04:30:00+00:00,-1217054,5836.595
54401,2010-02-13T04:45:00+00:00,-1216154,5836.632
54401,2010-02-13T05:00:00+00:00,-1215254,5836.669
54401,2010-02-13T05:15:00+00:00,-1214354,5836.707
54401,2010-02-13T05:30:00+00:00,-1213454,5836.735
54401,2010-02-13T05:45:00+00:00,-1212554,5836.760
54401,2010-02-13T06:00:00+00:00,-1211654,5836.782
54401,2010-02-13T06:15:00+00:00,-1210754,5836.797
54401,2010-02-13T06:30:00+00:00,-1209854,5836.805
54401,2010-02-13T06:45:00+00:00,-1208954,5836.809
54401,2010-02-13T07:00:00+00:00,-1208054,5836.807
54401,2010-02-13T07:15:00+00:00,-1207154,5836.800
54401,2010-02-13T07:30:00+00:00,-1206254,5836.786
54401,2010-02-13T07:45:00+00:00,-1205354,5836.763
54401,2010-02-13T08:00:00+00:00,-1204454,5836.741
54401,2010-02-13T08:15:00+00:00,-1203554,5836.711
54401,2010-02-13T08:30:00+00:00,-1202654,5836.673
54401,2010-02-13T08:45:00+00:00,-1201754,5836.637
54401,2010-02-13T09:00:00+00:00,-1200854,5836.596
54401,2010-02-13T09:15:00+00:00,-1199954,5836.550
54401,2010-02-13T09:30:00+00:00,-1199054,5836.502
54401,2010-02-13T09:45:00+00:00,-1198154,5836.449
54401,2010-02-13T10:00:00+00:00,-1197254,5836.397
54401,2010-02-13T10:15:00+00:00,-1196354,5836.344
54401,2010-02-13T10:30:00+00:00,-1195454,5836.297
54401,2010-02-13T10:45:00+00:00,-1194554,5836.249
54401,2010-02-13T11:00:00+00:00,-1193654,5836.203
54401,2010-02-13T11:15:00+00:00,-1192754,5836.161
54401,2010-02-13T11:30:00+00:00,-1191854,5836.121
54401,2010-02-13T11:45:00+00:00,-1190954,5836.087
54401,2010-02-13T12:00:00+00:00,-1190054,5836.060
54401,2010-02-13T12:15:00+00:00,-1189154,5836.033
54401,2010-02-13T12:30:00+00:00,-1188254,5836.015
54401,2010-02-13T12:45:00+00:00,-1187354,5836.003
54401,2010-02-13T13:00:00+00:00,-1186454,5835.998
54401,2010-02-13T13:15:00+00:00,-1185554,5835.999
54401,2010-02-13T13:30:00+00:00,-1184654,5836.006
54401,2010-02-13T13:45:00+00:00,-1183754,5836.019
54401,2010-02-13T14:00:00+00:00,-1182854,5836.038
54401,2010-02-13T14:15:00+00:00,-1181954,5836.063
54401,2010-02-13T14:30:00+00:00,-1181054,5836.092
54401,2010-02-13T14:45:00+00:00,-1180154,5836.128
54401,2010-02-13T15:00:00+00:00,-1179254,5836.167
54401,2010-02-13T15:15:00+00:00,-1178354,5836.209
54401,2010-02-13T15:30:00+00:00,-1177454,5836.258
54401,2010-02-13T15:45:00+00:00,-1176554,5836.307
54401,2010-02-13T16:00:00+00:00,-1175654,5836.356
54401,2010-02-13T16:15:00+00:00,-1174754,5836.410
54401,2010-02-13T16:30:00+00:00,-1173854,5836.460
54401,2010-02-13T16:45:00+00:00,-1172954,5836.513
54401,2010-02-13T17:00:00+00:00,-1172054,5836.563
54401,2010-02-13T17:15:00+00:00,-1171154,5836.608
54401,2010-02-13T17:30:00+00:00,-1170254,5836.651
54401,2010-02-13T17:45:00+00:00,-1169354,5836.688
54401,2010-02-13T18:00:00+00:00,-1168454,5836.723
54401,2010-02-13T18:15:00+00:00,-1167554,5836.754
54401,2010-02-13T18:30:00+00:00,-1166654,5836.778
54401,2010-02-13T18:45:00+00:00,-1165754,5836.798
54401,2010-02-13T19:00:00+00:00,-1164854,5836.809
54401,2010-02-13T19:15:00+00:00,-1163954,5836.818
54401,2010-02-13T19:30:00+00:00,-1163054,5836.819
54401,2010-02-13T19:45:00+00:00,-1162154,5836.811
54401,2010-02-13T20:00:00+00:00,-1161254,5836.799
54401,2010-02-13T20:15:00+00:00,-1160354,5836.781
54401,2010-02-13T20:30:00+00:00,-1159454,5836.756
54401,2010-02-13T20:45:00+00:00,-1158554,5836.723
54401,2010-02-13T21:00:00+00:00,-1157654,5836.686
54401,2010-02-13T21:15:00+00:00,-1156754,5836.644
54401,2010-02-13T21:30:00+00:00,-1155854,5836.598
54401,2010-02-13T21:45:00+00:00,-1154954,5836.552
54401,2010-02-13T22:00:00+00:00,-1154054,5836.503
54401,2010-02-13T22:15:00+00:00,-1153154,5836.455
54401,2010-02-13T22:30:00+00:00,-1152254,5836.405
54401,2010-02-13T22:45:00+00:00,-1151354,5836.355
54401,2010-02-13T23:00:00+00:00,-1150454,5836.307
54401,2010-02-13T23:15:00+00:00,-1149554,5836.262
54401,2010-02-13T23:30:00+00:00,-1148654,5836.221
54401,2010-02-13T23:45:00+00:00,-1147754,5836.184
54401,2010-02-14T00:00:00+00:00,-1146854,5836.149
54401,2010-02-14T00:15:00+00:00,-1145954,5836.118
54401,2010-02-14T00:30:00+00:00,-1145054,5836.097
54401,2010-02-14T00:45:00+00:00,-1144154,5836.075
54401,2010-02-14T01:00:00+00:00,-1143254,5836.060
54401,2010-02-14T01:15:00+00:00,-1142354,5836.053
54401,2010-02-14T01:30:00+00:00,-1141454,5836.051
54401,2010-02-14T01:45:00+00:00,-1140554,5836.054
54401,2010-02-14T02:00:00+00:00,-1139654,5836.064
54401,2010-02-14T02:15:00+00:00,-1138754,5836.081
54401,2010-02-14T02:30:00+00:00,-1137854,5836.106
54401,2010-02-14T02:45:00+00:00,-1136954,5836.139
54401,2010-02-14T03:00:00+00:00,-1136054,5836.173
54401,2010-02-14T03:15:00+00:00,-1135154,5836.214
54401,2010-02-14T03:30:00+00:00,-1134254,5836.258
54401,2010-02-14T03:45:00+00:00,-1133354,5836.306
54401,2010-02-14T04:00:00+00:00,-1132454,5836.355
54401,2010-02-14T04:15:00+00:00,-1131554,5836.406
54401,2010-02-14T04:30:00+00:00,-1130654,5836.454
54401,2010-02-14T04:45:00+00:00,-1129754,5836.505
54401,2010-02-14T05:00:00+00:00,-1128854,5836.554
54401,2010-02-14T05:15:00+00:00,-1127954,5836.602
54401,2010-02-14T05:30:00+00:00,-1127054,5836.647
54401,2010-02-14T05:45:00+00:00,-1126154,5836.686
54401,2010-02-14T06:00:00+00:00,-1125254,5836.724
54401,2010-02-14T06:15:00+00:00,-1124354,5836.756
54401,2010-02-14T06:30:00+00:00,-1123454,5836.783
54401,2010-02-14T06:45:00+00:00,-1122554,5836.807
54401,2010-02-14T07:00:00+00:00,-1121654,5836.824
54401,2010-02-14T07:15:00+00:00,-1120754,5836.835
54401,2010-02-14T07:30:00+00:00,-1119854,5836.842
54401,2010-02-14T07:45:00+00:00,-1118954,5836.839
54401,2010-02-14T08:00:00+00:00,-1118054,5836.831
54401,2010-02-14T08:15:00+00:00,-1117154,5836.815
54401,2010-02-14T08:30:00+00:00,-1116254,5836.794
54401,2010-02-14T08:45:00+00:00,-1115354,5836.766
54401,2010-02-14T09:00:00+00:00,-1114454,5836.732
54401,2010-02-14T09:15:00+00:00,-1113554,5836.692
54401,2010-02-14T09:30:00+00:00,-1112654,5836.648
54401,2010-02-14T09:45:00+00:00,-1111754,5836.602
54401,2010-02-14T10:00:00+00:00,-1110854,5836.551
54401,2010-02-14T10:15:00+00:00,-1109954,5836.498
54401,2010-02-14T10:30:00+00:00,-1109054,5836.446
54401,2010-02-14T10:45:00+00:00,-1108154,5836.390
54401,2010-02-14T11:00:00+00:00,-1107254,5836.336
54401,2010-02-14T11:15:00+00:00,-1106354,5836.283
54401,2010-02-14T11:30:00+00:00,-1105454,5836.233
54401,2010-02-14T11:45:00+00:00,-1104554,5836.186
54401,2010-02-14T12:00:00+00:00,-1103654,5836.142
54401,2010-02-14T12:15:00+00:00,-1102754,5836.104
54401,2010-02-14T12:30:00+00:00,-1101854,5836.069
54401,2010-02-14T12:45:00+00:00,-1100954,5836.038
54401,2010-02-14T13:00:00+00:00,-1100054,5836.016
54401,2010-02-14T13:15:00+00:00,-1099154,5835.998
54401,2010-02-14T13:30:00+00:00,-1098254,5835.989
54401,2010-02-14T13:45:00+00:00,-1097354,5835.980
54401,2010-02-14T14:00:00+00:00,-1096454,5835.982
54401,2010-02-14T14:15:00+00:00,-1095554,5835.991
54401,2010-02-14T14:30:00+00:00,-1094654,5836.009
54401,2010-02-14T14:45:00+00:00,-1093754,5836.034
54401,2010-02-14T15:00:00+00:00,-1092854,5836.062
54401,2010-02-14T15:15:00+00:00,-1091954,5836.094
54401,2010-02-14T15:30:00+00:00,-1091054,5836.136
54401,2010-02-14T15:45:00+00:00,-1090154,5836.179
54401,2010-02-14T16:00:00+00:00,-1089254,5836.230
54401,2010-02-14T16:15:00+00:00,-1088354,5836.283
54401,2010-02-14T16:30:00+00:00,-1087454,5836.336
54401,2010-02-14T16:45:00+00:00,-1086554,5836.394
54401,2010-02-14T17:00:00+00:00,-1085654,5836.450
54401,2010-02-14T17:15:00+00:00,-1084754,5836.507
54401,2010-02-14T17:30:00+00:00,-1083854,5836.565
54401,2010-02-14T17:45:00+00:00,-1082954,5836.617
54401,2010-02-14T18:00:00+00:00,-1082054,5836.669
54401,2010-02-14T18:15:00+00:00,-1081154,5836.715
54401,2010-02-14T18:30:00+00:00,-1080254,5836.755
54401,2010-02-14T18:45:00+00:00,-1079354,5836.795
54401,2010-02-14T19:00:00+00:00,-1078454,5836.826
54401,2010-02-14T19:15:00+00:00,-1077554,5836.851
54401,2010-02-14T19:30:00+00:00,-1076654,5836.867
54401,2010-02-14T19:45:00+00:00,-1075754,5836.877
54401,2010-02-14T20:00:00+00:00,-1074854,5836.882
54401,2010-02-14T20:15:00+00:00,-1073954,5836.878
54401,2010-02-14T20:30:00+00:00,-1073054,5836.868
54401,2010-02-14T20:45:00+00:00,-1072154,5836.850
54401,2010-02-14T21:00:00+00:00,-1071254,5836.825
54401,2010-02-14T21:15:00+00:00,-1070354,5836.792
54401,2010-02-14T21:30:00+00:00,-1069454,5836.753
54401,2010-02-14T21:45:00+00:00,-1068554,5836.712
54401,2010-02-14T22:00:00+00:00,-1067654,5836.663
54401,2010-02-14T22:15:00+00:00,-1066754,5836.614
54401,2010-02-14T22:30:00+00:00,-1065854,5836.562
54401,2010-02-14T22:45:00+00:00,-1064954,5836.509
54401,2010-02-14T23:00:00+00:00,-1064054,5836.455
54401,2010-02-14T23:15:00+00:00,-1063154,5836.400
54401,2010-02-14T23:30:00+00:00,-1062254,5836.349
54401,2010-02-14T23:45:00+00:00,-1061354,5836.301
54401,2010-02-15T00:00:00+00:00,-1060454,5836.253
54401,2010-02-15T00:15:00+00:00,-1059554,5836.207
54401,2010-02-15T00:30:00+00:00,-1058654,5836.165
54401,2010-02-15T00:45:00+00:00,-1057754,5836.128
54401,2010-02-15T01:00:00+00:00,-1056854,5836.095
54401,2010-02-15T01:15:00+00:00,-1055954,5836.069
54401,2010-02-15T01:30:00+00:00,-1055054,5836.046
54401,2010-02-15T01:45:00+00:00,-1054154,5836.031
54401,2010-02-15T02:00:00+00:00,-1053254,5836.024
54401,2010-02-15T02:15:00+00:00,-1052354,5836.024
54401,2010-02-15T02:30:00+00:00,-1051454,5836.030
54401,2010-02-15T02:45:00+00:00,-1050554,5836.047
54401,2010-02-15T03:00:00+00:00,-1049654,5836.067
54401,2010-02-15T03:15:00+00:00,-1048754,5836.096
54401,2010-02-15T03:30:00+00:00,-1047854,5836.131
54401,2010-02-15T03:45:00+00:00,-1046954,5836.171
54401,2010-02-15T04:00:00+00:00,-1046054,5836.218
54401,2010-02-15T04:15:00+00:00,-1045154,5836.266
54401,2010-02-15T04:30:00+00:00,-1044254,5836.315
54401,2010-02-15T04:45:00+00:00,-1043354,5836.372
54401,2010-02-15T05:00:00+00:00,-1042454,5836.424
54401,2010-02-15T05:15:00+00:00,-1041554,5836.479
54401,2010-02-15T05:30:00+00:00,-1040654,5836.533
54401,2010-02-15T05:45:00+00:00,-1039754,5836.588
54401,2010-02-15T06:00:00+00:00,-1038854,5836.638
54401,2010-02-15T06:15:00+00:00,-1037954,5836.686
54401,2010-02-15T06:30:00+00:00,-1037054,5836.732
54401,2010-02-15T06:45:00+00:00,-1036154,5836.768
54401,2010-02-15T07:00:00+00:00,-1035254,5836.804
54401,2010-02-15T07:15:00+00:00,-1034354,5836.835
54401,2010-02-15T07:30:00+00:00,-1033454,5836.858
54401,2010-02-15T07:45:00+00:00,-1032554,5836.875
54401,2010-02-15T08:00:00+00:00,-1031654,5836.884
54401,2010-02-15T08:15:00+00:00,-1030754,5836.886
54401,2010-02-15T08:30:00+00:00,-1029854,5836.878
54401,2010-02-15T08:45:00+00:00,-1028954,5836.866
54401,2010-02-15T09:00:00+00:00,-1028054,5836.846
54401,2010-02-15T09:15:00+00:00,-1027154,5836.820
54401,2010-02-15T09:30:00+00:00,-1026254,5836.784
54401,2010-02-15T09:45:00+00:00,-1025354,5836.744
54401,2010-02-15T10:00:00+00:00,-1024454,5836.700
54401,2010-02-15T10:15:00+00:00,-1023554,5836.652
54401,2010-02-15T10:30:00+00:00,-1022654,5836.601
54401,2010-02-15T10:45:00+00:00,-1021754,5836.547
54401,2010-02-15T11:00:00+00:00,-1020854,5836.493
54401,2010-02-15T11:15:00+00:00,-1019954,5836.434
54401,2010-02-15T11:30:00+00:00,-1019054,5836.377
54401,2010-02-15T11:45:00+00:00,-1018154,5836.319
54401,2010-02-15T12:00:00+00:00,-1017254,5836.263
54401,2010-02-15T12:15:00+00:00,-1016354,5836.212
54401,2010-02-15T12:30:00+00:00,-1015454,5836.163
54401,2010-02-15T12:45:00+00:00,-1014554,5836.119
54401,2010-02-15T13:00:00+00:00,-1013654,5836.080
54401,2010-02-15T13:15:00+00:00,-1012754,5836.047
54401,2010-02-15T13:30:00+00:00,-1011854,5836.016
54401,2010-02-15T13:45:00+00:00,-1010954,5835.991
54401,2010-02-15T14:00:00+00:00,-1010054,5835.976
54401,2010-02-15T14:15:00+00:00,-1009154,5835.967
54401,2010-02-15T14:30:00+00:00,-1008254,5835.966
54401,2010-02-15T14:45:00+00:00,-1007354,5835.971
54401,2010-02-15T15:00:00+00:00,-1006454,5835.985
54401,2010-02-15T15:15:00+00:00,-1005554,5836.006
54401,2010-02-15T15:30:00+00:00,-1004654,5836.034
54401,2010-02-15T15:45:00+00:00,-1003754,5836.067
54401,2010-02-15T16:00:00+00:00,-1002854,5836.107
54401,2010-02-15T16:15:00+00:00,-1001954,5836.156
54401,2010-02-15T16:30:00+00:00,-1001054,5836.205
54401,2010-02-15T16:45:00+00:00,-1000154,5836.262
54401,2010-02-15T17:00:00+00:00,-999254,5836.321
54401,2010-02-15T17:15:00+00:00,-998354,5836.383
54401,2010-02-15T17:30:00+00:00,-997454,5836.442
54401,2010-02-15T17:45:00+00:00,-996554,5836.506
54401,2010-02-15T18:00:00+00:00,-995654,5836.567
54401,2010-02-15T18:15:00+00:00,-994754,5836.627
54401,2010-02-15T18:30:00+00:00,-993854,5836.680
54401,2010-02-15T18:45:00+00:00,-992954,5836.732
54401,2010-02-15T19:00:00+00:00,-992054,5836.775
54401,2010-02-15T19:15:00+00:00,-991154,5836.816
54401,2010-02-15T19:30:00+00:00,-990254,5836.850
54401,2010-02-15T19:45:00+00:00,-989354,5836.879
54401,2010-02-15T20:00:00+00:00,-988454,5836.899
54401,2010-02-15T20:15:00+00:00,-987554,5836.913
54401,2010-02-15T20:30:00+00:00,-986654,5836.917
54401,2010-02-15T20:45:00+00:00,-985754,5836.920
54401,2010-02-15T21:00:00+00:00,-984854,5836.908
54401,2010-02-15T21:15:00+00:00,-983954,5836.890
54401,2010-02-15T21:30:00+00:00,-983054,5836.864
54401,2010-02-15T21:45:00+00:00,-982154,5836.832
54401,2010-02-15T22:00:00+00:00,-981254,5836.793
54401,2010-02-15T22:15:00+00:00,-980354,5836.747
54401,2010-02-15T22:30:00+00:00,-979454,5836.698
54401,2010-02-15T22:45:00+00:00,-978554,5836.648
54401,2010-02-15T23:00:00+00:00,-977654,5836.595
54401,2010-02-15T23:15:00+00:00,-976754,5836.540
54401,2010-02-15T23:30:00+00:00,-975854,5836.482
54401,2010-02-15T23:45:00+00:00,-974954,5836.422
54401,2010-02-16T00:00:00+00:00,-974054,5836.364
54401,2010-02-16T00:15:00+00:00,-973154,5836.309
54401,2010-02-16T00:30:00+00:00,-972254,5836.254
54401,2010-02-16T00:45:00+00:00,-971354,5836.200
54401,2010-02-16T01:00:00+00:00,-970454,5836.152
54401,2010-02-16T01:15:00+00:00,-969554,5836.109
54401,2010-02-16T01:30:00+00:00,-968654,5836.070
54401,2010-02-16T01:45:00+00:00,-967754,5836.036
54401,2010-02-16T02:00:00+00:00,-966854,5836.007
54401,2010-02-16T02:15:00+00:00,-965954,5835.991
54401,2010-02-16T02:30:00+00:00,-965054,5835.978
54401,2010-02-16T02:45:00+00:00,-964154,5835.977
54401,2010-02-16T03:00:00+00:00,-963254,5835.981
54401,2010-02-16T03:15:00+00:00,-962354,5835.993
54401,2010-02-16T03:30:00+00:00,-961454,5836.011
54401,2010-02-16T03:45:00+00:00,-960554,5836.039
54401,2010-02-16T04:00:00+00:00,-959654,5836.072
54401,2010-02-16T04:15:00+00:00,-958754,5836.112
54401,2010-02-16T04:30:00+00:00,-957854,5836.157
54401,2010-02-16T04:45:00+00:00,-956954,5836.204
54401,2010-02-16T05:00:00+00:00,-956054,5836.260
54401,2010-02-16T05:15:00+00:00,-955154,5836.319
54401,2010-02-16T05:30:00+00:00,-954254,5836.378
54401,2010-02-16T05:45:00+00:00,-953354,5836.440
54401,2010-02-16T06:00:00+00:00,-952454,5836.500
54401,2010-02-16T06:15:00+00:00,-951554,5836.558
54401,2010-02-16T06:30:00+00:00,-950654,5836.615
54401,2010-02-16T06:45:00+00:00,-949754,5836.672
54401,2010-02-16T07:00:00+00:00,-948854,5836.724
54401,2010-02-16T07:15:00+00:00,-947954,5836.769
54401,2010-02-16T07:30:00+00:00,-947054,5836.811
54401,2010-02-16T07:45:00+00:00,-946154,5836.845
54401,2010-02-16T08:00:00+00:00,-945254,5836.871
54401,2010-02-16T08:15:00+00:00,-944354,5836.891
54401,2010-02-16T08:30:00+00:00,-943454,5836.903
54401,2010-02-16T08:45:00+00:00,-942554,5836.907
54401,2010-02-16T09:00:00+00:00,-941654,5836.909
54401,2010-02-16T09:15:00+00:00,-940754,5836.897
54401,2010-02-16T09:30:00+00:00,-939854,5836.881
54401,2010-02-16T09:45:00+00:00,-938954,5836.854
54401,2010-02-16T10:00:00+00:00,-938054,5836.821
54401,2010-02-16T10:15:00+00:00,-937154,5836.787
54401,2010-02-16T10:30:00+00:00,-936254,5836.741
54401,2010-02-16T10:45:00+00:00,-935354,5836.697
54401,2010-02-16T11:00:00+00:00,-934454,5836.642
54401,2010-02-16T11:15:00+00:00,-933554,5836.586
54401,2010-02-16T11:30:00+00:00,-932654,5836.529
54401,2010-02-16T11:45:00+00:00,-931754,5836.466
54401,2010-02-16T12:00:00+00:00,-930854,5836.408
54401,2010-02-16T12:15:00+00:00,-929954,5836.347
54401,2010-02-16T12:30:00+00:00,-929054,5836.289
54401,2010-02-16T12:45:00+00:00,-928154,5836.234
54401,2010-02-16T13:00:00+00:00,-927254,5836.184
54401,2010-02-16T13:15:00+00:00,-926354,5836.134
54401,2010-02-16T13:30:00+00:00,-925454,5836.087
54401,2010-02-16T13:45:00+00:00,-924554,5836.046
54401,2010-02-16T14:00:00+00:00,-923654,5836.013
54401,2010-02-16T14:15:00+00:00,-922754,5835.984
54401,2010-02-16T14:30:00+00:00,-921854,5835.964
54401,2010-02-16T14:45:00+00:00,-920954,5835.950
54401,2010-02-16T15:00:00+00:00,-920054,5835.948
54401,2010-02-16T15:15:00+00:00,-919154,5835.950
54401,2010-02-16T15:30:00+00:00,-918254,5835.962
54401,2010-02-16T15:45:00+00:00,-917354,5835.983
54401,2010-02-16T16:00:00+00:00,-916454,5836.012
54401,2010-02-16T16:15:00+00:00,-915554,5836.048
54401,2010-02-16T16:30:00+00:00,-914654,5836.091
54401,2010-02-16T16:45:00+00:00,-913754,5836.140
54401,2010-02-16T17:00:00+00:00,-912854,5836.194
54401,2010-02-16T17:15:00+00:00,-911954,5836.251
54401,2010-02-16T17:30:00+00:00,-911054,5836.312
54401,2010-02-16T17:45:00+00:00,-910154,5836.376
54401,2010-02-16T18:00:00+00:00,-909254,5836.442
54401,2010-02-16T18:15:00+00:00,-908354,5836.508
54401,2010-02-16T18:30:00+00:00,-907454,5836.573
54401,2010-02-16T18:45:00+00:00,-906554,5836.635
54401,2010-02-16T19:00:00+00:00,-905654,5836.691
54401,2010-02-16T19:15:00+00:00,-904754,5836.741
54401,2010-02-16T19:30:00+00:00,-903854,5836.791
54401,2010-02-16T19:45:00+00:00,-902954,5836.835
54401,2010-02-16T20:00:00+00:00,-902054,5836.876
54401,2010-02-16T20:15:00+00:00,-901154,5836.908
54401,2010-02-16T20:30:00+00:00,-900254,5836.930
54401,2010-02-16T20:45:00+00:00,-899354,5836.948
54401,2010-02-16T21:00:00+00:00,-898454,5836.955
54401,2010-02-16T21:15:00+00:00,-897554,5836.955
54401,2010-02-16T21:30:00+00:00,-896654,5836.947
54401,2010-02-16T21:45:00+00:00,-895754,5836.929
54401,2010-02-16T22:00:00+00:00,-894854,5836.909
54401,2010-02-16T22:15:00+00:00,-893954,5836.873
54401,2010-02-16T22:30:00+00:00,-893054,5836.838
54401,2010-02-16T22:45:00+00:00,-892154,5836.794
54401,2010-02-16T23:00:00+00:00,-891254,5836.744
54401,2010-02-16T23:15:00+00:00,-890354,5836.692
54401,2010-02-16T23:30:00+00:00,-889454,5836.634
54401,2010-02-16T23:45:00+00:00,-888554,5836.576
54401,2010-02-17T00:00:00+00:00,-887654,5836.518
54401,2010-02-17T00:15:00+00:00,-886754,5836.457
54401,2010-02-17T00:30:00+00:00,-885854,5836.395
54401,2010-02-17T00:45:00+00:00,-884954,5836.335
54401,2010-02-17T01:00:00+00:00,-884054,5836.273
54401,2010-02-17T01:15:00+00:00,-883154,5836.216
54401,2010-02-17T01:30:00+00:00,-882254,5836.162
54401,2010-02-17T01:45:00+00:00,-881354,5836.111
54401,2010-02-17T02:00:00+00:00,-880454,5836.065
54401,2010-02-17T02:15:00+00:00,-879554,5836.028
54401,2010-02-17T02:30:00+00:00,-878654,5835.999
54401,2010-02-17T02:45:00+00:00,-877754,5835.974
54401,2010-02-17T03:00:00+00:00,-876854,5835.961
54401,2010-02-17T03:15:00+00:00,-875954,5835.955
54401,2010-02-17T03:30:00+00:00,-875054,5835.956
54401,2010-02-17T03:45:00+00:00,-874154,5835.967
54401,2010-02-17T04:00:00+00:00,-873254,5835.984
54401,2010-02-17T04:15:00+00:00,-872354,5836.006
54401,2010-02-17T04:30:00+00:00,-871454,5836.038
54401,2010-02-17T04:45:00+00:00,-870554,5836.076
54401,2010-02-17T05:00:00+00:00,-869654,5836.117
54401,2010-02-17T05:15:00+00:00,-868754,5836.170
54401,2010-02-17T05:30:00+00:00,-867854,5836.223
54401,2010-02-17T05:45:00+00:00,-866954,5836.281
54401,2010-02-17T06:00:00+00:00,-866054,5836.343
54401,2010-02-17T06:15:00+00:00,-865154,5836.408
54401,2010-02-17T06:30:00+00:00,-864254,5836.470
54401,2010-02-17T06:45:00+00:00,-863354,5836.532
54401,2010-02-17T07:00:00+00:00,-862454,5836.595
54401,2010-02-17T07:15:00+00:00,-861554,5836.657
54401,2010-02-17T07:30:00+00:00,-860654,5836.714
54401,2010-02-17T07:45:00+00:00,-859754,5836.764
54401,2010-02-17T08:00:00+00:00,-858854,5836.808
54401,2010-02-17T08:15:00+00:00,-857954,5836.846
54401,2010-02-17T08:30:00+00:00,-857054,5836.877
54401,2010-02-17T08:45:00+00:00,-856154,5836.898
54401,2010-02-17T09:00:00+00:00,-855254,5836.917
54401,2010-02-17T09:15:00+00:00,-854354,5836.923
54401,2010-02-17T09:30:00+00:00,-853454,5836.924
54401,2010-02-17T09:45:00+00:00,-852554,5836.917
54401,2010-02-17T10:00:00+00:00,-851654,5836.907
54401,2010-02-17T10:15:00+00:00,-850754,5836.881
54401,2010-02-17T10:30:00+00:00,-849854,5836.855
54401,2010-02-17T10:45:00+00:00,-848954,5836.818
54401,2010-02-17T11:00:00+00:00,-848054,5836.776
54401,2010-02-17T11:15:00+00:00,-847154,5836.727
54401,2010-02-17T11:30:00+00:00,-846254,5836.673
54401,2010-02-17T11:45:00+00:00,-845354,5836.615
54401,2010-02-17T12:00:00+00:00,-844454,5836.557
54401,2010-02-17T12:15:00+00:00,-843554,5836.497
54401,2010-02-17T12:30:00+00:00,-842654,5836.435
54401,2010-02-17T12:45:00+00:00,-841754,5836.376
54401,2010-02-17T13:00:00+00:00,-840854,5836.316
54401,2010-02-17T13:15:00+00:00,-839954,5836.257
54401,2010-02-17T13:30:00+00:00,-839054,5836.200
54401,2010-02-17T13:45:00+00:00,-838154,5836.144
54401,2010-02-17T14:00:00+00:00,-837254,5836.097
54401,2010-02-17T14:15:00+00:00,-836354,5836.055
54401,2010-02-17T14:30:00+00:00,-835454,5836.018
54401,2010-02-17T14:45:00+00:00,-834554,5835.988
54401,2010-02-17T15:00:00+00:00,-833654,5835.966
54401,2010-02-17T15:15:00+00:00,-832754,5835.951
54401,2010-02-17T15:30:00+00:00,-831854,5835.947
54401,2010-02-17T15:45:00+00:00,-830954,5835.949
54401,2010-02-17T16:00:00+00:00,-830054,5835.963
54401,2010-02-17T16:15:00+00:00,-829154,5835.983
54401,2010-02-17T16:30:00+00:00,-828254,5836.010
54401,2010-02-17T16:45:00+00:00,-827354,5836.046
54401,2010-02-17T17:00:00+00:00,-826454,5836.085
54401,2010-02-17T17:15:00+00:00,-825554,5836.132
54401,2010-02-17T17:30:00+00:00,-824654,5836.186
54401,2010-02-17T17:45:00+00:00,-823754,5836.244
54401,2010-02-17T18:00:00+00:00,-822854,5836.309
54401,2010-02-17T18:15:00+00:00,-821954,5836.374
54401,2010-02-17T18:30:00+00:00,-821054,5836.440
54401,2010-02-17T18:45:00+00:00,-820154,5836.506
54401,2010-02-17T19:00:00+00:00,-819254,5836.572
54401,2010-02-17T19:15:00+00:00,-818354,5836.637
54401,2010-02-17T19:30:00+00:00,-817454,5836.696
54401,2010-02-17T19:45:00+00:00,-816554,5836.753
54401,2010-02-17T20:00:00+00:00,-815654,5836.807
54401,2010-02-17T20:15:00+00:00,-814754,5836.855
54401,2010-02-17T20:30:00+00:00,-813854,5836.897
54401,2010-02-17T20:45:00+00:00,-812954,5836.931
54401,2010-02-17T21:00:00+00:00,-812054,5836.959
54401,2010-02-17T21:15:00+00:00,-811154,5836.977
54401,2010-02-17T21:30:00+00:00,-810254,5836.988
54401,2010-02-17T21:45:00+00:00,-809354,5836.988
54401,2010-02-17T22:00:00+00:00,-808454,5836.983
54401,2010-02-17T22:15:00+00:00,-807554,5836.967
54401,2010-02-17T22:30:00+00:00,-806654,5836.943
54401,2010-02-17T22:45:00+00:00,-805754,5836.912
54401,2010-02-17T23:00:00+00:00,-804854,5836.876
54401,2010-02-17T23:15:00+00:00,-803954,5836.833
54401,2010-02-17T23:30:00+00:00,-803054,5836.783
54401,2010-02-17T23:45:00+00:00,-802154,5836.730
54401,2010-02-18T00:00:00+00:00,-801254,5836.672
54401,2010-02-18T00:15:00+00:00,-800354,5836.611
54401,2010-02-18T00:30:00+00:00,-799454,5836.549
54401,2010-02-18T00:45:00+00:00,-798554,5836.482
54401,2010-02-18T01:00:00+00:00,-797654,5836.417
54401,2010-02-18T01:15:00+00:00,-796754,5836.354
54401,2010-02-18T01:30:00+00:00,-795854,5836.291
54401,2010-02-18T01:45:00+00:00,-794954,5836.229
54401,2010-02-18T02:00:00+00:00,-794054,5836.171
54401,2010-02-18T02:15:00+00:00,-793154,5836.116
54401,2010-02-18T02:30:00+00:00,-792254,5836.068
54401,2010-02-18T02:45:00+00:00,-791354,5836.028
54401,2010-02-18T03:00:00+00:00,-790454,5835.991
54401,2010-02-18T03:15:00+00:00,-789554,5835.966
54401,2010-02-18T03:30:00+00:00,-788654,5835.947
54401,2010-02-18T03:45:00+00:00,-787754,5835.937
54401,2010-02-18T04:00:00+00:00,-786854,5835.937
54401,2010-02-18T04:15:00+00:00,-785954,5835.942
54401,2010-02-18T04:30:00+00:00,-785054,5835.956
54401,2010-02-18T04:45:00+00:00,-784154,5835.978
54401,2010-02-18T05:00:00+00:00,-783254,5836.008
54401,2010-02-18T05:15:00+00:00,-782354,5836.046
54401,2010-02-18T05:30:00+00:00,-781454,5836.091
54401,2010-02-18T05:45:00+00:00,-780554,5836.141
54401,2010-02-18T06:00:00+00:00,-779654,5836.197
54401,2010-02-18T06:15:00+00:00,-778754,5836.256
54401,2010-02-18T06:30:00+00:00,-777854,5836.319
54401,2010-02-18T06:45:00+00:00,-776954,5836.381
54401,2010-02-18T07:00:00+00:00,-776054,5836.447
54401,2010-02-18T07:15:00+00:00,-775154,5836.513
54401,2010-02-18T07:30:00+00:00,-774254,5836.577
54401,2010-02-18T07:45:00+00:00,-773354,5836.638
54401,2010-02-18T08:00:00+00:00,-772454,5836.698
54401,2010-02-18T08:15:00+00:00,-771554,5836.749
54401,2010-02-18T08:30:00+00:00,-770654,5836.797
54401,2010-02-18T08:45:00+00:00,-769754,5836.839
54401,2010-02-18T09:00:00+00:00,-768854,5836.874
54401,2010-02-18T09:15:00+00:00,-767954,5836.901
54401,2010-02-18T09:30:00+00:00,-767054,5836.921
54401,2010-02-18T09:45:00+00:00,-766154,5836.932
54401,2010-02-18T10:00:00+00:00,-765254,5836.934
54401,2010-02-18T10:15:00+00:00,-764354,5836.927
54401,2010-02-18T10:30:00+00:00,-763454,5836.915
54401,2010-02-18T10:45:00+00:00,-762554,5836.892
54401,2010-02-18T11:00:00+00:00,-761654,5836.864
54401,2010-02-18T11:15:00+00:00,-760754,5836.830
54401,2010-02-18T11:30:00+00:00,-759854,5836.788
54401,2010-02-18T11:45:00+00:00,-758954,5836.740
54401,2010-02-18T12:00:00+00:00,-758054,5836.689
54401,2010-02-18T12:15:00+00:00,-757154,5836.636
54401,2010-02-18T12:30:00+00:00,-756254,5836.579
54401,2010-02-18T12:45:00+00:00,-755354,5836.519
54401,2010-02-18T13:00:00+00:00,-754454,5836.455
54401,2010-02-18T13:15:00+00:00,-753554,5836.395
54401,2010-02-18T13:30:00+00:00,-752654,5836.332
54401,2010-02-18T13:45:00+00:00,-751754,5836.273
54401,2010-02-18T14:00:00+00:00,-750854,5836.213
54401,2010-02-18T14:15:00+00:00,-749954,5836.160
54401,2010-02-18T14:30:00+00:00,-749054,5836.111
54401,2010-02-18T14:45:00+00:00,-748154,5836.067
54401,2010-02-18T15:00:00+00:00,-747254,5836.026
54401,2010-02-18T15:15:00+00:00,-746354,5835.994
54401,2010-02-18T15:30:00+00:00,-745454,5835.967
54401,2010-02-18T15:45:00+00:00,-744554,5835.950
54401,2010-02-18T16:00:00+00:00,-743654,5835.943
54401,2010-02-18T16:15:00+00:00,-742754,5835.943
54401,2010-02-18T16:30:00+00:00,-741854,5835.953
54401,2010-02-18T16:45:00+00:00,-740954,5835.971
54401,2010-02-18T17:00:00+00:00,-740054,5835.999
54401,2010-02-18T17:15:00+00:00,-739154,5836.034
54401,2010-02-18T17:30:00+00:00,-738254,5836.073
54401,2010-02-18T17:45:00+00:00,-737354,5836.121
54401,2010-02-18T18:00:00+00:00,-736454,5836.173
54401,2010-02-18T18:15:00+00:00,-735554,5836.233
54401,2010-02-18T18:30:00+00:00,-734654,5836.292
54401,2010-02-18T18:45:00+00:00,-733754,5836.355
54401,2010-02-18T19:00:00+00:00,-732854,5836.419
54401,2010-02-18T19:15:00+00:00,-731954,5836.484
54401,2010-02-18T19:30:00+00:00,-731054,5836.552
54401,2010-02-18T19:45:00+00:00,-730154,5836.616
54401,2010-02-18T20:00:00+00:00,-729254,5836.680
54401,2010-02-18T20:15:00+00:00,-728354,5836.739
54401,2010-02-18T20:30:00+00:00,-727454,5836.793
54401,2010-02-18T20:45:00+00:00,-726554,5836.844
54401,2010-02-18T21:00:00+00:00,-725654,5836.888
54401,2010-02-18T21:15:00+00:00,-724754,5836.922
54401,2010-02-18T21:30:00+00:00,-723854,5836.950
54401,2010-02-18T21:45:00+00:00,-722954,5836.968
54401,2010-02-18T22:00:00+00:00,-722054,5836.985
54401,2010-02-18T22:15:00+00:00,-721154,5836.989
54401,2010-02-18T22:30:00+00:00,-720254,5836.984
54401,2010-02-18T22:45:00+00:00,-719354,5836.970
54401,2010-02-18T23:00:00+00:00,-718454,5836.951
54401,2010-02-18T23:15:00+00:00,-717554,5836.924
54401,2010-02-18T23:30:00+00:00,-716654,5836.888
54401,2010-02-18T23:45:00+00:00,-715754,5836.846
54401,2010-02-19T00:00:00+00:00,-714854,5836.797
54401,2010-02-19T00:15:00+00:00,-713954,5836.744
54401,2010-02-19T00:30:00+00:00,-713054,5836.688
54401,2010-02-19T00:45:00+00:00,-712154,5836.624
54401,2010-02-19T01:00:00+00:00,-711254,5836.560
54401,2010-02-19T01:15:00+00:00,-710354,5836.493
54401,2010-02-19T01:30:00+00:00,-709454,5836.428
54401,2010-02-19T01:45:00+00:00,-708554,5836.361
54401,2010-02-19T02:00:00+00:00,-707654,5836.297
54401,2010-02-19T02:15:00+00:00,-706754,5836.233
54401,2010-02-19T02:30:00+00:00,-705854,5836.177
54401,2010-02-19T02:45:00+00:00,-704954,5836.122
54401,2010-02-19T03:00:00+00:00,-704054,5836.071
54401,2010-02-19T03:15:00+00:00,-703154,5836.025
54401,2010-02-19T03:30:00+00:00,-702254,5835.986
54401,2010-02-19T03:45:00+00:00,-701354,5835.956
54401,2010-02-19T04:00:00+00:00,-700454,5835.931
54401,2010-02-19T04:15:00+00:00,-699554,5835.918
54401,2010-02-19T04:30:00+00:00,-698654,5835.912
54401,2010-02-19T04:45:00+00:00,-697754,5835.915
54401,2010-02-19T05:00:00+00:00,-696854,5835.925
54401,2010-02-19T05:15:00+00:00,-695954,5835.946
54401,2010-02-19T05:30:00+00:00,-695054,5835.974
54401,2010-02-19T05:45:00+00:00,-694154,5836.010
54401,2010-02-19T06:00:00+00:00,-693254,5836.050
54401,2010-02-19T06:15:00+00:00,-692354,5836.097
54401,2010-02-19T06:30:00+00:00,-691454,5836.152
54401,2010-02-19T06:45:00+00:00,-690554,5836.210
54401,2010-02-19T07:00:00+00:00,-689654,5836.273
54401,2010-02-19T07:15:00+00:00,-688754,5836.338
54401,2010-02-19T07:30:00+00:00,-687854,5836.404
54401,2010-02-19T07:45:00+00:00,-686954,5836.471
54401,2010-02-19T08:00:00+00:00,-686054,5836.536
54401,2010-02-19T08:15:00+00:00,-685154,5836.598
54401,2010-02-19T08:30:00+00:00,-684254,5836.659
54401,2010-02-19T08:45:00+00:00,-683354,5836.713
54401,2010-02-19T09:00:00+00:00,-682454,5836.761
54401,2010-02-19T09:15:00+00:00,-681554,5836.805
54401,2010-02-19T09:30:00+00:00,-680654,5836.841
54401,2010-02-19T09:45:00+00:00,-679754,5836.873
54401,2010-02-19T10:00:00+00:00,-678854,5836.897
54401,2010-02-19T10:15:00+00:00,-677954,5836.911
54401,2010-02-19T10:30:00+00:00,-677054,5836.919
54401,2010-02-19T10:45:00+00:00,-676154,5836.920
54401,2010-02-19T11:00:00+00:00,-675254,5836.909
54401,2010-02-19T11:15:00+00:00,-674354,5836.893
54401,2010-02-19T11:30:00+00:00,-673454,5836.868
54401,2010-02-19T11:45:00+00:00,-672554,5836.837
54401,2010-02-19T12:00:00+00:00,-671654,5836.799
54401,2010-02-19T12:15:00+00:00,-670754,5836.757
54401,2010-02-19T12:30:00+00:00,-669854,5836.709
54401,2010-02-19T12:45:00+00:00,-668954,5836.657
54401,2010-02-19T13:00:00+00:00,-668054,5836.601
54401,2010-02-19T13:15:00+00:00,-667154,5836.543
54401,2010-02-19T13:30:00+00:00,-666254,5836.482
54401,2010-02-19T13:45:00+00:00,-665354,5836.418
54401,2010-02-19T14:00:00+00:00,-664454,5836.357
54401,2010-02-19T14:15:00+00:00,-663554,5836.297
54401,2010-02-19T14:30:00+00:00,-662654,5836.239
54401,2010-02-19T14:45:00+00:00,-661754,5836.183
54401,2010-02-19T15:00:00+00:00,-660854,5836.133
54401,2010-02-19T15:15:00+00:00,-659954,5836.089
54401,2010-02-19T15:30:00+00:00,-659054,5836.048
54401,2010-02-19T15:45:00+00:00,-658154,5836.015
54401,2010-02-19T16:00:00+00:00,-657254,5835.986
54401,2010-02-19T16:15:00+00:00,-656354,5835.968
54401,2010-02-19T16:30:00+00:00,-655454,5835.961
54401,2010-02-19T16:45:00+00:00,-654554,5835.962
54401,2010-02-19T17:00:00+00:00,-653654,5835.970
54401,2010-02-19T17:15:00+00:00,-652754,5835.984
54401,2010-02-19T17:30:00+00:00,-651854,5836.006
54401,2010-02-19T17:45:00+00:00,-650954,5836.039
54401,2010-02-19T18:00:00+00:00,-650054,5836.078
54401,2010-02-19T18:15:00+00:00,-649154,5836.120
54401,2010-02-19T18:30:00+00:00,-648254,5836.170
54401,2010-02-19T18:45:00+00:00,-647354,5836.225
54401,2010-02-19T19:00:00+00:00,-646454,5836.284
54401,2010-02-19T19:15:00+00:00,-645554,5836.345
54401,2010-02-19T19:30:00+00:00,-644654,5836.409
54401,2010-02-19T19:45:00+00:00,-643754,5836.477
54401,2010-02-19T20:00:00+00:00,-642854,5836.544
54401,2010-02-19T20:15:00+00:00,-641954,5836.608
54401,2010-02-19T20:30:00+00:00,-641054,5836.671
54401,2010-02-19T20:45:00+00:00,-640154,5836.731
54401,2010-02-19T21:00:00+00:00,-639254,5836.787
54401,2010-02-19T21:15:00+00:00,-638354,5836.838
54401,2010-02-19T21:30:00+00:00,-637454,5836.883
54401,2010-02-19T21:45:00+00:00,-636554,5836.922
54401,2010-02-19T22:00:00+00:00,-635654,5836.950
54401,2010-02-19T22:15:00+00:00,-634754,5836.976
54401,2010-02-19T22:30:00+00:00,-633854,5836.992
54401,2010-02-19T22:45:00+00:00,-632954,5836.999
54401,2010-02-19T23:00:00+00:00,-632054,5836.998
54401,2010-02-19T23:15:00+00:00,-631154,5836.990
54401,2010-02-19T23:30:00+00:00,-630254,5836.973
54401,2010-02-19T23:45:00+00:00,-629354,5836.951
54401,2010-02-20T00:00:00+00:00,-628454,5836.920
54401,2010-02-20T00:15:00+00:00,-627554,5836.882
54401,2010-02-20T00:30:00+00:00,-626654,5836.836
54401,2010-02-20T00:45:00+00:00,-625754,5836.783
54401,2010-02-20T01:00:00+00:00,-624854,5836.727
54401,2010-02-20T01:15:00+00:00,-623954,5836.667
54401,2010-02-20T01:30:00+00:00,-623054,5836.603
54401,2010-02-20T01:45:00+00:00,-622154,5836.534
54401,2010-02-20T02:00:00+00:00,-621254,5836.469
54401,2010-02-20T02:15:00+00:00,-620354,5836.401
54401,2010-02-20T02:30:00+00:00,-619454,5836.338
54401,2010-02-20T02:45:00+00:00,-618554,5836.271
54401,2010-02-20T03:00:00+00:00,-617654,5836.212
54401,2010-02-20T03:15:00+00:00,-616754,5836.154
54401,2010-02-20T03:30:00+00:00,-615854,5836.098
54401,2010-02-20T03:45:00+00:00,-614954,5836.051
54401,2010-02-20T04:00:00+00:00,-614054,5836.012
54401,2010-02-20T04:15:00+00:00,-613154,5835.976
54401,2010-02-20T04:30:00+00:00,-612254,5835.950
54401,2010-02-20T04:45:00+00:00,-611354,5835.933
54401,2010-02-20T05:00:00+00:00,-610454,5835.922
54401,2010-02-20T05:15:00+00:00,-609554,5835.923
54401,2010-02-20T05:30:00+00:00,-608654,5835.928
54401,2010-02-20T05:45:00+00:00,-607754,5835.947
54401,2010-02-20T06:00:00+00:00,-606854,5835.970
54401,2010-02-20T06:15:00+00:00,-605954,5836.002
54401,2010-02-20T06:30:00+00:00,-605054,5836.040
54401,2010-02-20T06:45:00+00:00,-604154,5836.087
54401,2010-02-20T07:00:00+00:00,-603254,5836.141
54401,2010-02-20T07:15:00+00:00,-602354,5836.199
54401,2010-02-20T07:30:00+00:00,-601454,5836.260
54401,2010-02-20T07:45:00+00:00,-600554,5836.324
54401,2010-02-20T08:00:00+00:00,-599654,5836.393
54401,2010-02-20T08:15:00+00:00,-598754,5836.457
54401,2010-02-20T08:30:00+00:00,-597854,5836.522
54401,2010-02-20T08:45:00+00:00,-596954,5836.583
54401,2010-02-20T09:00:00+00:00,-596054,5836.643
54401,2010-02-20T09:15:00+00:00,-595154,5836.699
54401,2010-02-20T09:30:00+00:00,-594254,5836.749
54401,2010-02-20T09:45:00+00:00,-593354,5836.797
54401,2010-02-20T10:00:00+00:00,-592454,5836.842
54401,2010-02-20T10:15:00+00:00,-591554,5836.876
54401,2010-02-20T10:30:00+00:00,-590654,5836.903
54401,2010-02-20T10:45:00+00:00,-589754,5836.922
54401,2010-02-20T11:00:00+00:00,-588854,5836.934
54401,2010-02-20T11:15:00+00:00,-587954,5836.940
54401,2010-02-20T11:30:00+00:00,-587054,5836.935
54401,2010-02-20T11:45:00+00:00,-586154,5836.922
54401,2010-02-20T12:00:00+00:00,-585254,5836.903
54401,2010-02-20T12:15:00+00:00,-584354,5836.876
54401,2010-02-20T12:30:00+00:00,-583454,5836.843
54401,2010-02-20T12:45:00+00:00,-582554,5836.803
54401,2010-02-20T13:00:00+00:00,-581654,5836.758
54401,2010-02-20T13:15:00+00:00,-580754,5836.710
54401,2010-02-20T13:30:00+00:00,-579854,5836.658
54401,2010-02-20T13:45:00+00:00,-578954,5836.599
54401,2010-02-20T14:00:00+00:00,-578054,5836.539
54401,2010-02-20T14:15:00+00:00,-577154,5836.479
54401,2010-02-20T14:30:00+00:00,-576254,5836.418
54401,2010-02-20T14:45:00+00:00,-575354,5836.358
54401,2010-02-20T15:00:00+00:00,-574454,5836.302
54401,2010-02-20T15:15:00+00:00,-573554,5836.248
54401,2010-02-20T15:30:00+00:00,-572654,5836.194
54401,2010-02-20T15:45:00+00:00,-571754,5836.146
54401,2010-02-20T16:00:00+00:00,-570854,5836.106
54401,2010-02-20T16:15:00+00:00,-569954,5836.068
54401,2010-02-20T16:30:00+00:00,-569054,5836.044
54401,2010-02-20T16:45:00+00:00,-568154,5836.022
54401,2010-02-20T17:00:00+00:00,-567254,5836.012
54401,2010-02-20T17:15:00+00:00,-566354,5836.007
54401,2010-02-20T17:30:00+00:00,-565454,5836.008
54401,2010-02-20T17:45:00+00:00,-564554,5836.020
54401,2010-02-20T18:00:00+00:00,-563654,5836.040
54401,2010-02-20T18:15:00+00:00,-562754,5836.067
54401,2010-02-20T18:30:00+00:00,-561854,5836.101
54401,2010-02-20T18:45:00+00:00,-560954,5836.140
54401,2010-02-20T19:00:00+00:00,-560054,5836.187
54401,2010-02-20T19:15:00+00:00,-559154,5836.238
54401,2010-02-20T19:30:00+00:00,-558254,5836.292
54401,2010-02-20T19:45:00+00:00,-557354,5836.351
54401,2010-02-20T20:00:00+00:00,-556454,5836.413
54401,2010-02-20T20:15:00+00:00,-555554,5836.477
54401,2010-02-20T20:30:00+00:00,-554654,5836.541
54401,2010-02-20T20:45:00+00:00,-553754,5836.607
54401,2010-02-20T21:00:00+00:00,-552854,5836.668
54401,2010-02-20T21:15:00+00:00,-551954,5836.726
54401,2010-02-20T21:30:00+00:00,-551054,5836.781
54401,2010-02-20T21:45:00+00:00,-550154,5836.833
54401,2010-02-20T22:00:00+00:00,-549254,5836.882
54401,2010-02-20T22:15:00+00:00,-548354,5836.919
54401,2010-02-20T22:30:00+00:00,-547454,5836.954
54401,2010-02-20T22:45:00+00:00,-546554,5836.979
54401,2010-02-20T23:00:00+00:00,-545654,5837.000
54401,2010-02-20T23:15:00+00:00,-544754,5837.011
54401,2010-02-20T23:30:00+00:00,-543854,5837.016
54401,2010-02-20T23:45:00+00:00,-542954,5837.010
54401,2010-02-21T00:00:00+00:00,-542054,5836.999
54401,2010-02-21T00:15:00+00:00,-541154,5836.979
54401,2010-02-21T00:30:00+00:00,-540254,5836.951
54401,2010-02-21T00:45:00+00:00,-539354,5836.916
54401,2010-02-21T01:00:00+00:00,-538454,5836.875
54401,2010-02-21T01:15:00+00:00,-537554,5836.826
54401,2010-02-21T01:30:00+00:00,-536654,5836.775
54401,2010-02-21T01:45:00+00:00,-535754,5836.718
54401,2010-02-21T02:00:00+00:00,-534854,5836.658
54401,2010-02-21T02:15:00+00:00,-533954,5836.593
54401,2010-02-21T02:30:00+00:00,-533054,5836.527
54401,2010-02-21T02:45:00+00:00,-532154,5836.464
54401,2010-02-21T03:00:00+00:00,-531254,5836.398
54401,2010-02-21T03:15:00+00:00,-530354,5836.336
54401,2010-02-21T03:30:00+00:00,-529454,5836.273
54401,2010-02-21T03:45:00+00:00,-528554,5836.216
54401,2010-02-21T04:00:00+00:00,-527654,5836.162
54401,2010-02-21T04:15:00+00:00,-526754,5836.111
54401,2010-02-21T04:30:00+00:00,-525854,5836.065
54401,2010-02-21T04:45:00+00:00,-524954,5836.026
54401,2010-02-21T05:00:00+00:00,-524054,5835.993
54401,2010-02-21T05:15:00+00:00,-523154,5835.970
54401,2010-02-21T05:30:00+00:00,-522254,5835.955
54401,2010-02-21T05:45:00+00:00,-521354,5835.950
54401,2010-02-21T06:00:00+00:00,-520454,5835.952
54401,2010-02-21T06:15:00+00:00,-519554,5835.964
54401,2010-02-21T06:30:00+00:00,-518654,5835.982
54401,2010-02-21T06:45:00+00:00,-517754,5836.009
54401,2010-02-21T07:00:00+00:00,-516854,5836.042
54401,2010-02-21T07:15:00+00:00,-515954,5836.081
54401,2010-02-21T07:30:00+00:00,-515054,5836.128
54401,2010-02-21T07:45:00+00:00,-514154,5836.179
54401,2010-02-21T08:00:00+00:00,-513254,5836.237
54401,2010-02-21T08:15:00+00:00,-512354,5836.293
54401,2010-02-21T08:30:00+00:00,-511454,5836.352
54401,2010-02-21T08:45:00+00:00,-510554,5836.414
54401,2010-02-21T09:00:00+00:00,-509654,5836.477
54401,2010-02-21T09:15:00+00:00,-508754,5836.538
54401,2010-02-21T09:30:00+00:00,-507854,5836.599
54401,2010-02-21T09:45:00+00:00,-506954,5836.656
54401,2010-02-21T10:00:00+00:00,-506054,5836.709
54401,2010-02-21T10:15:00+00:00,-505154,5836.759
54401,2010-02-21T10:30:00+00:00,-504254,5836.802
54401,2010-02-21T10:45:00+00:00,-503354,5836.839
54401,2010-02-21T11:00:00+00:00,-502454,5836.870
54401,2010-02-21T11:15:00+00:00,-501554,5836.893
54401,2010-02-21T11:30:00+00:00,-500654,5836.911
54401,2010-02-21T11:45:00+00:00,-499754,5836.920
54401,2010-02-21T12:00:00+00:00,-498854,5836.919
54401,2010-02-21T12:15:00+00:00,-497954,5836.912
54401,2010-02-21T12:30:00+00:00,-497054,5836.897
54401,2010-02-21T12:45:00+00:00,-496154,5836.876
54401,2010-02-21T13:00:00+00:00,-495254,5836.847
54401,2010-02-21T13:15:00+00:00,-494354,5836.812
54401,2010-02-21T13:30:00+00:00,-493454,5836.775
54401,2010-02-21T13:45:00+00:00,-492554,5836.730
54401,2010-02-21T14:00:00+00:00,-491654,5836.682
54401,2010-02-21T14:15:00+00:00,-490754,5836.629
54401,2010-02-21T14:30:00+00:00,-489854,5836.575
54401,2010-02-21T14:45:00+00:00,-488954,5836.516
54401,2010-02-21T15:00:00+00:00,-488054,5836.460
54401,2010-02-21T15:15:00+00:00,-487154,5836.402
54401,2010-02-21T15:30:00+00:00,-486254,5836.346
54401,2010-02-21T15:45:00+00:00,-485354,5836.293
54401,2010-02-21T16:00:00+00:00,-484454,5836.241
54401,2010-02-21T16:15:00+00:00,-483554,5836.193
54401,2010-02-21T16:30:00+00:00,-482654,5836.149
54401,2010-02-21T16:45:00+00:00,-481754,5836.113
54401,2010-02-21T17:00:00+00:00,-480854,5836.085
54401,2010-02-21T17:15:00+00:00,-479954,5836.060
54401,2010-02-21T17:30:00+00:00,-479054,5836.045
54401,2010-02-21T17:45:00+00:00,-478154,5836.034
54401,2010-02-21T18:00:00+00:00,-477254,5836.032
54401,2010-02-21T18:15:00+00:00,-476354,5836.037
54401,2010-02-21T18:30:00+00:00,-475454,5836.049
54401,2010-02-21T18:45:00+00:00,-474554,5836.066
54401,2010-02-21T19:00:00+00:00,-473654,5836.093
54401,2010-02-21T19:15:00+00:00,-472754,5836.126
54401,2010-02-21T19:30:00+00:00,-471854,5836.165
54401,2010-02-21T19:45:00+00:00,-470954,5836.209
54401,2010-02-21T20:00:00+00:00,-470054,5836.258
54401,2010-02-21T20:15:00+00:00,-469154,5836.313
54401,2010-02-21T20:30:00+00:00,-468254,5836.371
54401,2010-02-21T20:45:00+00:00,-467354,5836.431
54401,2010-02-21T21:00:00+00:00,-466454,5836.490
54401,2010-02-21T21:15:00+00:00,-465554,5836.551
54401,2010-02-21T21:30:00+00:00,-464654,5836.610
54401,2010-02-21T21:45:00+00:00,-463754,5836.667
54401,2010-02-21T22:00:00+00:00,-462854,5836.723
54401,2010-02-21T22:15:00+00:00,-461954,5836.775
54401,2010-02-21T22:30:00+00:00,-461054,5836.822
54401,2010-02-21T22:45:00+00:00,-460154,5836.867
54401,2010-02-21T23:00:00+00:00,-459254,5836.904
54401,2010-02-21T23:15:00+00:00,-458354,5836.936
54401,2010-02-21T23:30:00+00:00,-457454,5836.961
54401,2010-02-21T23:45:00+00:00,-456554,5836.982
54401,2010-02-22T00:00:00+00:00,-455654,5836.991
54401,2010-02-22T00:15:00+00:00,-454754,5836.994
54401,2010-02-22T00:30:00+00:00,-453854,5836.991
54401,2010-02-22T00:45:00+00:00,-452954,5836.977
54401,2010-02-22T01:00:00+00:00,-452054,5836.955
54401,2010-02-22T01:15:00+00:00,-451154,5836.926
54401,2010-02-22T01:30:00+00:00,-450254,5836.890
54401,2010-02-22T01:45:00+00:00,-449354,5836.847
54401,2010-02-22T02:00:00+00:00,-448454,5836.800
54401,2010-02-22T02:15:00+00:00,-447554,5836.746
54401,2010-02-22T02:30:00+00:00,-446654,5836.690
54401,2010-02-22T02:45:00+00:00,-445754,5836.631
54401,2010-02-22T03:00:00+00:00,-444854,5836.572
54401,2010-02-22T03:15:00+00:00,-443954,5836.509
54401,2010-02-22T03:30:00+00:00,-443054,5836.445
54401,2010-02-22T03:45:00+00:00,-442154,5836.381
54401,2010-02-22T04:00:00+00:00,-441254,5836.319
54401,2010-02-22T04:15:00+00:00,-440354,5836.258
54401,2010-02-22T04:30:00+00:00,-439454,5836.201
54401,2010-02-22T04:45:00+00:00,-438554,5836.147
54401,2010-02-22T05:00:00+00:00,-437654,5836.096
54401,2010-02-22T05:15:00+00:00,-436754,5836.053
54401,2010-02-22T05:30:00+00:00,-435854,5836.016
54401,2010-02-22T05:45:00+00:00,-434954,5835.988
54401,2010-02-22T06:00:00+00:00,-434054,5835.963
54401,2010-02-22T06:15:00+00:00,-433154,5835.951
54401,2010-02-22T06:30:00+00:00,-432254,5835.942
54401,2010-02-22T06:45:00+00:00,-431354,5835.944
54401,2010-02-22T07:00:00+00:00,-430454,5835.955
54401,2010-02-22T07:15:00+00:00,-429554,5835.976
54401,2010-02-22T07:30:00+00:00,-428654,5835.999
54401,2010-02-22T07:45:00+00:00,-427754,5836.030
54401,2010-02-22T08:00:00+00:00,-426854,5836.070
54401,2010-02-22T08:15:00+00:00,-425954,5836.113
54401,2010-02-22T08:30:00+00:00,-425054,5836.163
54401,2010-02-22T08:45:00+00:00,-424154,5836.215
54401,2010-02-22T09:00:00+00:00,-423254,5836.271
54401,2010-02-22T09:15:00+00:00,-422354,5836.330
54401,2010-02-22T09:30:00+00:00,-421454,5836.388
54401,2010-02-22T09:45:00+00:00,-420554,5836.446
54401,2010-02-22T10:00:00+00:00,-419654,5836.506
54401,2010-02-22T10:15:00+00:00,-418754,5836.565
54401,2010-02-22T10:30:00+00:00,-417854,5836.623
54401,2010-02-22T10:45:00+00:00,-416954,5836.675
54401,2010-02-22T11:00:00+00:00,-416054,5836.724
54401,2010-02-22T11:15:00+00:00,-415154,5836.767
54401,2010-02-22T11:30:00+00:00,-414254,5836.803
54401,2010-02-22T11:45:00+00:00,-413354,5836.833
54401,2010-02-22T12:00:00+00:00,-412454,5836.854
54401,2010-02-22T12:15:00+00:00,-411554,5836.870
54401,2010-02-22T12:30:00+00:00,-410654,5836.879
54401,2010-02-22T12:45:00+00:00,-409754,5836.881
54401,2010-02-22T13:00:00+00:00,-408854,5836.874
54401,2010-02-22T13:15:00+00:00,-407954,5836.862
54401,2010-02-22T13:30:00+00:00,-407054,5836.841
54401,2010-02-22T13:45:00+00:00,-406154,5836.813
54401,2010-02-22T14:00:00+00:00,-405254,5836.781
54401,2010-02-22T14:15:00+00:00,-404354,5836.743
54401,2010-02-22T14:30:00+00:00,-403454,5836.701
54401,2010-02-22T14:45:00+00:00,-402554,5836.656
54401,2010-02-22T15:00:00+00:00,-401654,5836.605
54401,2010-02-22T15:15:00+00:00,-400754,5836.551
54401,2010-02-22T15:30:00+00:00,-399854,5836.500
54401,2010-02-22T15:45:00+00:00,-398954,5836.446
54401,2010-02-22T16:00:00+00:00,-398054,5836.393
54401,2010-02-22T16:15:00+00:00,-397154,5836.341
54401,2010-02-22T16:30:00+00:00,-396254,5836.292
54401,2010-02-22T16:45:00+00:00,-395354,5836.244
54401,2010-02-22T17:00:00+00:00,-394454,5836.201
54401,2010-02-22T17:15:00+00:00,-393554,5836.162
54401,2010-02-22T17:30:00+00:00,-392654,5836.126
54401,2010-02-22T17:45:00+00:00,-391754,5836.097
54401,2010-02-22T18:00:00+00:00,-390854,5836.073
54401,2010-02-22T18:15:00+00:00,-389954,5836.057
54401,2010-02-22T18:30:00+00:00,-389054,5836.045
54401,2010-02-22T18:45:00+00:00,-388154,5836.041
54401,2010-02-22T19:00:00+00:00,-387254,5836.042
54401,2010-02-22T19:15:00+00:00,-386354,5836.052
54401,2010-02-22T19:30:00+00:00,-385454,5836.065
54401,2010-02-22T19:45:00+00:00,-384554,5836.089
54401,2010-02-22T20:00:00+00:00,-383654,5836.118
54401,2010-02-22T20:15:00+00:00,-382754,5836.152
54401,2010-02-22T20:30:00+00:00,-381854,5836.193
54401,2010-02-22T20:45:00+00:00,-380954,5836.238
54401,2010-02-22T21:00:00+00:00,-380054,5836.287
54401,2010-02-22T21:15:00+00:00,-379154,5836.339
54401,2010-02-22T21:30:00+00:00,-378254,5836.394
54401,2010-02-22T21:45:00+00:00,-377354,5836.450
54401,2010-02-22T22:00:00+00:00,-376454,5836.506
54401,2010-02-22T22:15:00+00:00,-375554,5836.562
54401,2010-02-22T22:30:00+00:00,-374654,5836.615
54401,2010-02-22T22:45:00+00:00,-373754,5836.667
54401,2010-02-22T23:00:00+00:00,-372854,5836.718
54401,2010-02-22T23:15:00+00:00,-371954,5836.764
54401,2010-02-22T23:30:00+00:00,-371054,5836.808
54401,2010-02-22T23:45:00+00:00,-370154,5836.848
54401,2010-02-23T00:00:00+00:00,-369254,5836.882
54401,2010-02-23T00:15:00+00:00,-368354,5836.909
54401,2010-02-23T00:30:00+00:00,-367454,5836.930
54401,2010-02-23T00:45:00+00:00,-366554,5836.940
54401,2010-02-23T01:00:00+00:00,-365654,5836.941
54401,2010-02-23T01:15:00+00:00,-364754,5836.938
54401,2010-02-23T01:30:00+00:00,-363854,5836.927
54401,2010-02-23T01:45:00+00:00,-362954,5836.910
54401,2010-02-23T02:00:00+00:00,-362054,5836.885
54401,2010-02-23T02:15:00+00:00,-361154,5836.855
54401,2010-02-23T02:30:00+00:00,-360254,5836.816
54401,2010-02-23T02:45:00+00:00,-359354,5836.773
54401,2010-02-23T03:00:00+00:00,-358454,5836.724
54401,2010-02-23T03:15:00+00:00,-357554,5836.671
54401,2010-02-23T03:30:00+00:00,-356654,5836.616
54401,2010-02-23T03:45:00+00:00,-355754,5836.557
54401,2010-02-23T04:00:00+00:00,-354854,5836.497
54401,2010-02-23T04:15:00+00:00,-353954,5836.436
54401,2010-02-23T04:30:00+00:00,-353054,5836.375
54401,2010-02-23T04:45:00+00:00,-352154,5836.315
54401,2010-02-23T05:00:00+00:00,-351254,5836.259
54401,2010-02-23T05:15:00+00:00,-350354,5836.201
54401,2010-02-23T05:30:00+00:00,-349454,5836.148
54401,2010-02-23T05:45:00+00:00,-348554,5836.100
54401,2010-02-23T06:00:00+00:00,-347654,5836.058
54401,2010-02-23T06:15:00+00:00,-346754,5836.021
54401,2010-02-23T06:30:00+00:00,-345854,5835.993
54401,2010-02-23T06:45:00+00:00,-344954,5835.968
54401,2010-02-23T07:00:00+00:00,-344054,5835.952
54401,2010-02-23T07:15:00+00:00,-343154,5835.944
54401,2010-02-23T07:30:00+00:00,-342254,5835.943
54401,2010-02-23T07:45:00+00:00,-341354,5835.953
54401,2010-02-23T08:00:00+00:00,-340454,5835.966
54401,2010-02-23T08:15:00+00:00,-339554,5835.986
54401,2010-02-23T08:30:00+00:00,-338654,5836.012
54401,2010-02-23T08:45:00+00:00,-337754,5836.046
54401,2010-02-23T09:00:00+00:00,-336854,5836.083
54401,2010-02-23T09:15:00+00:00,-335954,5836.126
54401,2010-02-23T09:30:00+00:00,-335054,5836.176
54401,2010-02-23T09:45:00+00:00,-334154,5836.226
54401,2010-02-23T10:00:00+00:00,-333254,5836.280
54401,2010-02-23T10:15:00+00:00,-332354,5836.336
54401,2010-02-23T10:30:00+00:00,-331454,5836.390
54401,2010-02-23T10:45:00+00:00,-330554,5836.446
54401,2010-02-23T11:00:00+00:00,-329654,5836.500
54401,2010-02-23T11:15:00+00:00,-328754,5836.553
54401,2010-02-23T11:30:00+00:00,-327854,5836.604
54401,2010-02-23T11:45:00+00:00,-326954,5836.652
54401,2010-02-23T12:00:00+00:00,-326054,5836.693
54401,2010-02-23T12:15:00+00:00,-325154,5836.730
54401,2010-02-23T12:30:00+00:00,-324254,5836.762
54401,2010-02-23T12:45:00+00:00,-323354,5836.787
54401,2010-02-23T13:00:00+00:00,-322454,5836.806
54401,2010-02-23T13:15:00+00:00,-321554,5836.820
54401,2010-02-23T13:30:00+00:00,-320654,5836.826
54401,2010-02-23T13:45:00+00:00,-319754,5836.825
54401,2010-02-23T14:00:00+00:00,-318854,5836.813
54401,2010-02-23T14:15:00+00:00,-317954,5836.799
54401,2010-02-23T14:30:00+00:00,-317054,5836.775
54401,2010-02-23T14:45:00+00:00,-316154,5836.749
54401,2010-02-23T15:00:00+00:00,-315254,5836.715
54401,2010-02-23T15:15:00+00:00,-314354,5836.677
54401,2010-02-23T15:30:00+00:00,-313454,5836.637
54401,2010-02-23T15:45:00+00:00,-312554,5836.591
54401,2010-02-23T16:00:00+00:00,-311654,5836.544
54401,2010-02-23T16:15:00+00:00,-310754,5836.495
54401,2010-02-23T16:30:00+00:00,-309854,5836.443
54401,2010-02-23T16:45:00+00:00,-308954,5836.394
54401,2010-02-23T17:00:00+00:00,-308054,5836.344
54401,2010-02-23T17:15:00+00:00,-307154,5836.298
54401,2010-02-23T17:30:00+00:00,-306254,5836.250
54401,2010-02-23T17:45:00+00:00,-305354,5836.207
54401,2010-02-23T18:00:00+00:00,-304454,5836.167
54401,2010-02-23T18:15:00+00:00,-303554,5836.130
54401,2010-02-23T18:30:00+00:00,-302654,5836.099
54401,2010-02-23T18:45:00+00:00,-301754,5836.072
54401,2010-02-23T19:00:00+00:00,-300854,5836.052
54401,2010-02-23T19:15:00+00:00,-299954,5836.038
54401,2010-02-23T19:30:00+00:00,-299054,5836.030
54401,2010-02-23T19:45:00+00:00,-298154,5836.030
54401,2010-02-23T20:00:00+00:00,-297254,5836.034
54401,2010-02-23T20:15:00+00:00,-296354,5836.047
54401,2010-02-23T20:30:00+00:00,-295454,5836.065
54401,2010-02-23T20:45:00+00:00,-294554,5836.089
54401,2010-02-23T21:00:00+00:00,-293654,5836.118
54401,2010-02-23T21:15:00+00:00,-292754,5836.154
54401,2010-02-23T21:30:00+00:00,-291854,5836.194
54401,2010-02-23T21:45:00+00:00,-290954,5836.241
54401,2010-02-23T22:00:00+00:00,-290054,5836.290
54401,2010-02-23T22:15:00+00:00,-289154,5836.341
54401,2010-02-23T22:30:00+00:00,-288254,5836.394
54401,2010-02-23T22:45:00+00:00,-287354,5836.449
54401,2010-02-23T23:00:00+00:00,-286454,5836.504
54401,2010-02-23T23:15:00+00:00,-285554,5836.558
54401,2010-02-23T23:30:00+00:00,-284654,5836.613
54401,2010-02-23T23:45:00+00:00,-283754,5836.665
54401,2010-02-24T00:00:00+00:00,-282854,5836.713
54401,2010-02-24T00:15:00+00:00,-281954,5836.759
54401,2010-02-24T00:30:00+00:00,-281054,5836.798
54401,2010-02-24T00:45:00+00:00,-280154,5836.834
54401,2010-02-24T01:00:00+00:00,-279254,5836.862
54401,2010-02-24T01:15:00+00:00,-278354,5836.882
54401,2010-02-24T01:30:00+00:00,-277454,5836.898
54401,2010-02-24T01:45:00+00:00,-276554,5836.907
54401,2010-02-24T02:00:00+00:00,-275654,5836.908
54401,2010-02-24T02:15:00+00:00,-274754,5836.904
54401,2010-02-24T02:30:00+00:00,-273854,5836.890
54401,2010-02-24T02:45:00+00:00,-272954,5836.872
54401,2010-02-24T03:00:00+00:00,-272054,5836.847
54401,2010-02-24T03:15:00+00:00,-271154,5836.815
54401,2010-02-24T03:30:00+00:00,-270254,5836.778
54401,2010-02-24T03:45:00+00:00,-269354,5836.735
54401,2010-02-24T04:00:00+00:00,-268454,5836.686
54401,2010-02-24T04:15:00+00:00,-267554,5836.634
54401,2010-02-24T04:30:00+00:00,-266654,5836.577
54401,2010-02-24T04:45:00+00:00,-265754,5836.520
54401,2010-02-24T05:00:00+00:00,-264854,5836.460
54401,2010-02-24T05:15:00+00:00,-263954,5836.402
54401,2010-02-24T05:30:00+00:00,-263054,5836.344
54401,2010-02-24T05:45:00+00:00,-262154,5836.284
54401,2010-02-24T06:00:00+00:00,-261254,5836.228
54401,2010-02-24T06:15:00+00:00,-260354,5836.177
54401,2010-02-24T06:30:00+00:00,-259454,5836.128
54401,2010-02-24T06:45:00+00:00,-258554,5836.083
54401,2010-02-24T07:00:00+00:00,-257654,5836.044
54401,2010-02-24T07:15:00+00:00,-256754,5836.012
54401,2010-02-24T07:30:00+00:00,-255854,5835.985
54401,2010-02-24T07:45:00+00:00,-254954,5835.964
54401,2010-02-24T08:00:00+00:00,-254054,5835.948
54401,2010-02-24T08:15:00+00:00,-253154,5835.940
54401,2010-02-24T08:30:00+00:00,-252254,5835.941
54401,2010-02-24T08:45:00+00:00,-251354,5835.946
54401,2010-02-24T09:00:00+00:00,-250454,5835.960
54401,2010-02-24T09:15:00+00:00,-249554,5835.980
54401,2010-02-24T09:30:00+00:00,-248654,5836.004
54401,2010-02-24T09:45:00+00:00,-247754,5836.035
54401,2010-02-24T10:00:00+00:00,-246854,5836.075
54401,2010-02-24T10:15:00+00:00,-245954,5836.119
54401,2010-02-24T10:30:00+00:00,-245054,5836.164
54401,2010-02-24T10:45:00+00:00,-244154,5836.215
54401,2010-02-24T11:00:00+00:00,-243254,5836.269
54401,2010-02-24T11:15:00+00:00,-242354,5836.321
54401,2010-02-24T11:30:00+00:00,-241454,5836.376
54401,2010-02-24T11:45:00+00:00,-240554,5836.427
54401,2010-02-24T12:00:00+00:00,-239654,5836.479
54401,2010-02-24T12:15:00+00:00,-238754,5836.533
54401,2010-02-24T12:30:00+00:00,-237854,5836.580
54401,2010-02-24T12:45:00+00:00,-236954,5836.626
54401,2010-02-24T13:00:00+00:00,-236054,5836.669
54401,2010-02-24T13:15:00+00:00,-235154,5836.704
54401,2010-02-24T13:30:00+00:00,-234254,5836.737
54401,2010-02-24T13:45:00+00:00,-233354,5836.763
54401,2010-02-24T14:00:00+00:00,-232454,5836.783
54401,2010-02-24T14:15:00+00:00,-231554,5836.795
54401,2010-02-24T14:30:00+00:00,-230654,5836.798
54401,2010-02-24T14:45:00+00:00,-229754,5836.798
54401,2010-02-24T15:00:00+00:00,-228854,5836.790
54401,2010-02-24T15:15:00+00:00,-227954,5836.776
54401,2010-02-24T15:30:00+00:00,-227054,5836.753
54401,2010-02-24T15:45:00+00:00,-226154,5836.727
54401,2010-02-24T16:00:00+00:00,-225254,5836.697
54401,2010-02-24T16:15:00+00:00,-224354,5836.662
54401,2010-02-24T16:30:00+00:00,-223454,5836.623
54401,2010-02-24T16:45:00+00:00,-222554,5836.582
54401,2010-02-24T17:00:00+00:00,-221654,5836.539
54401,2010-02-24T17:15:00+00:00,-220754,5836.492
54401,2010-02-24T17:30:00+00:00,-219854,5836.446
54401,2010-02-24T17:45:00+00:00,-218954,5836.398
54401,2010-02-24T18:00:00+00:00,-218054,5836.348
54401,2010-02-24T18:15:00+00:00,-217154,5836.302
54401,2010-02-24T18:30:00+00:00,-216254,5836.256
54401,2010-02-24T18:45:00+00:00,-215354,5836.213
54401,2010-02-24T19:00:00+00:00,-214454,5836.172
54401,2010-02-24T19:15:00+00:00,-213554,5836.135
54401,2010-02-24T19:30:00+00:00,-212654,5836.102
54401,2010-02-24T19:45:00+00:00,-211754,5836.077
54401,2010-02-24T20:00:00+00:00,-210854,5836.056
54401,2010-02-24T20:15:00+00:00,-209954,5836.042
54401,2010-02-24T20:30:00+00:00,-209054,5836.034
54401,2010-02-24T20:45:00+00:00,-208154,5836.030
54401,2010-02-24T21:00:00+00:00,-207254,5836.032
54401,2010-02-24T21:15:00+00:00,-206354,5836.043
54401,2010-02-24T21:30:00+00:00,-205454,5836.058
54401,2010-02-24T21:45:00+00:00,-204554,5836.082
54401,2010-02-24T22:00:00+00:00,-203654,5836.109
54401,2010-02-24T22:15:00+00:00,-202754,5836.145
54401,2010-02-24T22:30:00+00:00,-201854,5836.183
54401,2010-02-24T22:45:00+00:00,-200954,5836.225
54401,2010-02-24T23:00:00+00:00,-200054,5836.271
54401,2010-02-24T23:15:00+00:00,-199154,5836.321
54401,2010-02-24T23:30:00+00:00,-198254,5836.373
54401,2010-02-24T23:45:00+00:00,-197354,5836.429
54401,2010-02-25T00:00:00+00:00,-196454,5836.483
54401,2010-02-25T00:15:00+00:00,-195554,5836.537
54401,2010-02-25T00:30:00+00:00,-194654,5836.591
54401,2010-02-25T00:45:00+00:00,-193754,5836.642
54401,2010-02-25T01:00:00+00:00,-192854,5836.691
54401,2010-02-25T01:15:00+00:00,-191954,5836.735
54401,2010-02-25T01:30:00+00:00,-191054,5836.777
54401,2010-02-25T01:45:00+00:00,-190154,5836.811
54401,2010-02-25T02:00:00+00:00,-189254,5836.839
54401,2010-02-25T02:15:00+00:00,-188354,5836.862
54401,2010-02-25T02:30:00+00:00,-187454,5836.878
54401,2010-02-25T02:45:00+00:00,-186554,5836.887
54401,2010-02-25T03:00:00+00:00,-185654,5836.890
54401,2010-02-25T03:15:00+00:00,-184754,5836.886
54401,2010-02-25T03:30:00+00:00,-183854,5836.875
54401,2010-02-25T03:45:00+00:00,-182954,5836.860
54401,2010-02-25T04:00:00+00:00,-182054,5836.834
54401,2010-02-25T04:15:00+00:00,-181154,5836.806
54401,2010-02-25T04:30:00+00:00,-180254,5836.772
54401,2010-02-25T04:45:00+00:00,-179354,5836.730
54401,2010-02-25T05:00:00+00:00,-178454,5836.681
54401,2010-02-25T05:15:00+00:00,-177554,5836.631
54401,2010-02-25T05:30:00+00:00,-176654,5836.578
54401,2010-02-25T05:45:00+00:00,-175754,5836.525
54401,2010-02-25T06:00:00+00:00,-174854,5836.467
54401,2010-02-25T06:15:00+00:00,-173954,5836.407
54401,2010-02-25T06:30:00+00:00,-173054,5836.351
54401,2010-02-25T06:45:00+00:00,-172154,5836.296
54401,2010-02-25T07:00:00+00:00,-171254,5836.242
54401,2010-02-25T07:15:00+00:00,-170354,5836.188
54401,2010-02-25T07:30:00+00:00,-169454,5836.139
54401,2010-02-25T07:45:00+00:00,-168554,5836.095
54401,2010-02-25T08:00:00+00:00,-167654,5836.053
54401,2010-02-25T08:15:00+00:00,-166754,5836.017
54401,2010-02-25T08:30:00+00:00,-165854,5835.988
54401,2010-02-25T08:45:00+00:00,-164954,5835.964
54401,2010-02-25T09:00:00+00:00,-164054,5835.946
54401,2010-02-25T09:15:00+00:00,-163154,5835.937
54401,2010-02-25T09:30:00+00:00,-162254,5835.935
54401,2010-02-25T09:45:00+00:00,-161354,5835.939
54401,2010-02-25T10:00:00+00:00,-160454,5835.950
54401,2010-02-25T10:15:00+00:00,-159554,5835.968
54401,2010-02-25T10:30:00+00:00,-158654,5835.994
54401,2010-02-25T10:45:00+00:00,-157754,5836.025
54401,2010-02-25T11:00:00+00:00,-156854,5836.062
54401,2010-02-25T11:15:00+00:00,-155954,5836.102
54401,2010-02-25T11:30:00+00:00,-155054,5836.148
54401,2010-02-25T11:45:00+00:00,-154154,5836.198
54401,2010-02-25T12:00:00+00:00,-153254,5836.251
54401,2010-02-25T12:15:00+00:00,-152354,5836.304
54401,2010-02-25T12:30:00+00:00,-151454,5836.362
54401,2010-02-25T12:45:00+00:00,-150554,5836.420
54401,2010-02-25T13:00:00+00:00,-149654,5836.475
54401,2010-02-25T13:15:00+00:00,-148754,5836.530
54401,2010-02-25T13:30:00+00:00,-147854,5836.584
54401,2010-02-25T13:45:00+00:00,-146954,5836.629
54401,2010-02-25T14:00:00+00:00,-146054,5836.674
54401,2010-02-25T14:15:00+00:00,-145154,5836.712
54401,2010-02-25T14:30:00+00:00,-144254,5836.743
54401,2010-02-25T14:45:00+00:00,-143354,5836.771
54401,2010-02-25T15:00:00+00:00,-142454,5836.793
54401,2010-02-25T15:15:00+00:00,-141554,5836.806
54401,2010-02-25T15:30:00+00:00,-140654,5836.814
54401,2010-02-25T15:45:00+00:00,-139754,5836.816
54401,2010-02-25T16:00:00+00:00,-138854,5836.809
54401,2010-02-25T16:15:00+00:00,-137954,5836.799
54401,2010-02-25T16:30:00+00:00,-137054,5836.783
54401,2010-02-25T16:45:00+00:00,-136154,5836.762
54401,2010-02-25T17:00:00+00:00,-135254,5836.737
54401,2010-02-25T17:15:00+00:00,-134354,5836.705
54401,2010-02-25T17:30:00+00:00,-133454,5836.669
54401,2010-02-25T17:45:00+00:00,-132554,5836.628
54401,2010-02-25T18:00:00+00:00,-131654,5836.585
54401,2010-02-25T18:15:00+00:00,-130754,5836.537
54401,2010-02-25T18:30:00+00:00,-129854,5836.489
54401,2010-02-25T18:45:00+00:00,-128954,5836.436
54401,2010-02-25T19:00:00+00:00,-128054,5836.381
54401,2010-02-25T19:15:00+00:00,-127154,5836.331
54401,2010-02-25T19:30:00+00:00,-126254,5836.285
54401,2010-02-25T19:45:00+00:00,-125354,5836.239
54401,2010-02-25T20:00:00+00:00,-124454,5836.194
54401,2010-02-25T20:15:00+00:00,-123554,5836.152
54401,2010-02-25T20:30:00+00:00,-122654,5836.117
54401,2010-02-25T20:45:00+00:00,-121754,5836.086
54401,2010-02-25T21:00:00+00:00,-120854,5836.058
54401,2010-02-25T21:15:00+00:00,-119954,5836.036
54401,2010-02-25T21:30:00+00:00,-119054,5836.023
54401,2010-02-25T21:45:00+00:00,-118154,5836.018
54401,2010-02-25T22:00:00+00:00,-117254,5836.017
54401,2010-02-25T22:15:00+00:00,-116354,5836.022
54401,2010-02-25T22:30:00+00:00,-115454,5836.035
54401,2010-02-25T22:45:00+00:00,-114554,5836.058
54401,2010-02-25T23:00:00+00:00,-113654,5836.083
54401,2010-02-25T23:15:00+00:00,-112754,5836.115
54401,2010-02-25T23:30:00+00:00,-111854,5836.153
54401,2010-02-25T23:45:00+00:00,-110954,5836.198
54401,2010-02-26T00:00:00+00:00,-110054,5836.245
54401,2010-02-26T00:15:00+00:00,-109154,5836.297
54401,2010-02-26T00:30:00+00:00,-108254,5836.351
54401,2010-02-26T00:45:00+00:00,-107354,5836.406
54401,2010-02-26T01:00:00+00:00,-106454,5836.462
54401,2010-02-26T01:15:00+00:00,-105554,5836.518
54401,2010-02-26T01:30:00+00:00,-104654,5836.574
54401,2010-02-26T01:45:00+00:00,-103754,5836.625
54401,2010-02-26T02:00:00+00:00,-102854,5836.674
54401,2010-02-26T02:15:00+00:00,-101954,5836.723
54401,2010-02-26T02:30:00+00:00,-101054,5836.767
54401,2010-02-26T02:45:00+00:00,-100154,5836.806
54401,2010-02-26T03:00:00+00:00,-99254,5836.841
54401,2010-02-26T03:15:00+00:00,-98354,5836.871
54401,2010-02-26T03:30:00+00:00,-97454,5836.892
54401,2010-02-26T03:45:00+00:00,-96554,5836.905
54401,2010-02-26T04:00:00+00:00,-95654,5836.912
54401,2010-02-26T04:15:00+00:00,-94754,5836.911
54401,2010-02-26T04:30:00+00:00,-93854,5836.903
54401,2010-02-26T04:45:00+00:00,-92954,5836.890
54401,2010-02-26T05:00:00+00:00,-92054,5836.869
54401,2010-02-26T05:15:00+00:00,-91154,5836.841
54401,2010-02-26T05:30:00+00:00,-90254,5836.807
54401,2010-02-26T05:45:00+00:00,-89354,5836.767
54401,2010-02-26T06:00:00+00:00,-88454,5836.724
54401,2010-02-26T06:15:00+00:00,-87554,5836.676
54401,2010-02-26T06:30:00+00:00,-86654,5836.624
54401,2010-02-26T06:45:00+00:00,-85754,5836.565
54401,2010-02-26T07:00:00+00:00,-84854,5836.508
54401,2010-02-26T07:15:00+00:00,-83954,5836.448
54401,2010-02-26T07:30:00+00:00,-83054,5836.388
54401,2010-02-26T07:45:00+00:00,-82154,5836.327
54401,2010-02-26T08:00:00+00:00,-81254,5836.266
54401,2010-02-26T08:15:00+00:00,-80354,5836.206
54401,2010-02-26T08:30:00+00:00,-79454,5836.151
54401,2010-02-26T08:45:00+00:00,-78554,5836.099
54401,2010-02-26T09:00:00+00:00,-77654,5836.051
54401,2010-02-26T09:15:00+00:00,-76754,5836.011
54401,2010-02-26T09:30:00+00:00,-75854,5835.976
54401,2010-02-26T09:45:00+00:00,-74954,5835.948
54401,2010-02-26T10:00:00+00:00,-74054,5835.929
54401,2010-02-26T10:15:00+00:00,-73154,5835.915
54401,2010-02-26T10:30:00+00:00,-72254,5835.909
54401,2010-02-26T10:45:00+00:00,-71354,5835.912
54401,2010-02-26T11:00:00+00:00,-70454,5835.922
54401,2010-02-26T11:15:00+00:00,-69554,5835.939
54401,2010-02-26T11:30:00+00:00,-68654,5835.958
54401,2010-02-26T11:45:00+00:00,-67754,5835.988
54401,2010-02-26T12:00:00+00:00,-66854,5836.026
54401,2010-02-26T12:15:00+00:00,-65954,5836.070
54401,2010-02-26T12:30:00+00:00,-65054,5836.118
54401,2010-02-26T12:45:00+00:00,-64154,5836.172
54401,2010-02-26T13:00:00+00:00,-63254,5836.231
54401,2010-02-26T13:15:00+00:00,-62354,5836.290
54401,2010-02-26T13:30:00+00:00,-61454,5836.351
54401,2010-02-26T13:45:00+00:00,-60554,5836.411
54401,2010-02-26T14:00:00+00:00,-59654,5836.472
54401,2010-02-26T14:15:00+00:00,-58754,5836.532
54401,2010-02-26T14:30:00+00:00,-57854,5836.588
54401,2010-02-26T14:45:00+00:00,-56954,5836.640
54401,2010-02-26T15:00:00+00:00,-56054,5836.690
54401,2010-02-26T15:15:00+00:00,-55154,5836.737
54401,2010-02-26T15:30:00+00:00,-54254,5836.778
54401,2010-02-26T15:45:00+00:00,-53354,5836.813
54401,2010-02-26T16:00:00+00:00,-52454,5836.842
54401,2010-02-26T16:15:00+00:00,-51554,5836.865
54401,2010-02-26T16:30:00+00:00,-50654,5836.880
54401,2010-02-26T16:45:00+00:00,-49754,5836.888
54401,2010-02-26T17:00:00+00:00,-48854,5836.889
54401,2010-02-26T17:15:00+00:00,-47954,5836.882
54401,2010-02-26T17:30:00+00:00,-47054,5836.870
54401,2010-02-26T17:45:00+00:00,-46154,5836.849
54401,2010-02-26T18:00:00+00:00,-45254,5836.826
54401,2010-02-26T18:15:00+00:00,-44354,5836.794
54401,2010-02-26T18:30:00+00:00,-43454,5836.753
54401,2010-02-26T18:45:00+00:00,-42554,5836.708
54401,2010-02-26T19:00:00+00:00,-41654,5836.657
54401,2010-02-26T19:15:00+00:00,-40754,5836.604
54401,2010-02-26T19:30:00+00:00,-39854,5836.549
54401,2010-02-26T19:45:00+00:00,-38954,5836.491
54401,2010-02-26T20:00:00+00:00,-38054,5836.434
54401,2010-02-26T20:15:00+00:00,-37154,5836.377
54401,2010-02-26T20:30:00+00:00,-36254,5836.321
54401,2010-02-26T20:45:00+00:00,-35354,5836.265
54401,2010-02-26T21:00:00+00:00,-34454,5836.213
54401,2010-02-26T21:15:00+00:00,-33554,5836.162
54401,2010-02-26T21:30:00+00:00,-32654,5836.118
54401,2010-02-26T21:45:00+00:00,-31754,5836.077
54401,2010-02-26T22:00:00+00:00,-30854,5836.042
54401,2010-02-26T22:15:00+00:00,-29954,5836.016
54401,2010-02-26T22:30:00+00:00,-29054,5835.996
54401,2010-02-26T22:45:00+00:00,-28154,5835.985
54401,2010-02-26T23:00:00+00:00,-27254,5835.980
54401,2010-02-26T23:15:00+00:00,-26354,5835.981
54401,2010-02-26T23:30:00+00:00,-25454,5835.991
54401,2010-02-26T23:45:00+00:00,-24554,5836.009
54401,2010-02-27T00:00:00+00:00,-23654,5836.036
54401,2010-02-27T00:15:00+00:00,-22754,5836.068
54401,2010-02-27T00:30:00+00:00,-21854,5836.104
54401,2010-02-27T00:45:00+00:00,-20954,5836.147
54401,2010-02-27T01:00:00+00:00,-20054,5836.196
54401,2010-02-27T01:15:00+00:00,-19154,5836.249
54401,2010-02-27T01:30:00+00:00,-18254,5836.306
54401,2010-02-27T01:45:00+00:00,-17354,5836.365
54401,2010-02-27T02:00:00+00:00,-16454,5836.427
54401,2010-02-27T02:15:00+00:00,-15554,5836.490
54401,2010-02-27T02:30:00+00:00,-14654,5836.550
54401,2010-02-27T02:45:00+00:00,-13754,5836.610
54401,2010-02-27T03:00:00+00:00,-12854,5836.669
54401,2010-02-27T03:15:00+00:00,-11954,5836.726
54401,2010-02-27T03:30:00+00:00,-11054,5836.778
54401,2010-02-27T03:45:00+00:00,-10154,5836.824
54401,2010-02-27T04:00:00+00:00,-9254,5836.867
54401,2010-02-27T04:15:00+00:00,-8354,5836.900
54401,2010-02-27T04:30:00+00:00,-7454,5836.927
54401,2010-02-27T04:45:00+00:00,-6554,5836.947
54401,2010-02-27T05:00:00+00:00,-5654,5836.958
54401,2010-02-27T05:15:00+00:00,-4754,5836.960
54401,2010-02-27T05:30:00+00:00,-3854,5836.958
