station_id,timestamp_utc,seconds_from_origin,height_m
46411,2010-01-28T06:45:00+00:00,-2591354,4266.719
46411,2010-01-28T07:00:00+00:00,-2590454,4266.713
46411,2010-01-28T07:15:00+00:00,-2589554,4266.701
46411,2010-01-28T07:30:00+00:00,-2588654,4266.684
46411,2010-01-28T07:45:00+00:00,-2587754,4266.664
46411,2010-01-28T08:00:00+00:00,-2586854,4266.637
46411,2010-01-28T08:15:00+00:00,-2585954,4266.605
46411,2010-01-28T08:30:00+00:00,-2585054,4266.576
46411,2010-01-28T08:45:00+00:00,-2584154,4266.545
46411,2010-01-28T09:00:00+00:00,-2583254,4266.513
46411,2010-01-28T09:15:00+00:00,-2582354,4266.482
46411,2010-01-28T09:30:00+00:00,-2581454,4266.453
46411,2010-01-28T09:45:00+00:00,-2580554,4266.429
46411,2010-01-28T10:00:00+00:00,-2579654,4266.409
46411,2010-01-28T10:15:00+00:00,-2578754,4266.394
46411,2010-01-28T10:30:00+00:00,-2577854,4266.385
46411,2010-01-28T10:45:00+00:00,-2576954,4266.378
46411,2010-01-28T11:00:00+00:00,-2576054,4266.381
46411,2010-01-28T11:15:00+00:00,-2575154,4266.392
46411,2010-01-28T11:30:00+00:00,-2574254,4266.413
46411,2010-01-28T11:45:00+00:00,-2573354,4266.438
46411,2010-01-28T12:00:00+00:00,-2572454,4266.474
46411,2010-01-28T12:15:00+00:00,-2571554,4266.514
46411,2010-01-28T12:30:00+00:00,-2570654,4266.564
46411,2010-01-28T12:45:00+00:00,-2569754,4266.617
46411,2010-01-28T13:00:00+00:00,-2568854,4266.677
46411,2010-01-28T13:15:00+00:00,-2567954,4266.739
46411,2010-01-28T13:30:00+00:00,-2567054,4266.808
46411,2010-01-28T13:45:00+00:00,-2566154,4266.877
46411,2010-01-28T14:00:00+00:00,-2565254,4266.948
46411,2010-01-28T14:15:00+00:00,-2564354,4267.017
46411,2010-01-28T14:30:00+00:00,-2563454,4267.089
46411,2010-01-28T14:45:00+00:00,-2562554,4267.157
46411,2010-01-28T15:00:00+00:00,-2561654,4267.224
46411,2010-01-28T15:15:00+00:00,-2560754,4267.285
46411,2010-01-28T15:30:00+00:00,-2559854,4267.341
46411,2010-01-28T15:45:00+00:00,-2558954,4267.390
46411,2010-01-28T16:00:00+00:00,-2558054,4267.432
46411,2010-01-28T16:15:00+00:00,-2557154,4267.468
46411,2010-01-28T16:30:00+00:00,-2556254,4267.488
46411,2010-01-28T16:45:00+00:00,-2555354,4267.499
46411,2010-01-28T17:00:00+00:00,-2554454,4267.498
46411,2010-01-28T17:15:00+00:00,-2553554,4267.489
46411,2010-01-28T17:30:00+00:00,-2552654,4267.464
46411,2010-01-28T17:45:00+00:00,-2551754,4267.429
46411,2010-01-28T18:00:00+00:00,-2550854,4267.382
46411,2010-01-28T18:15:00+00:00,-2549954,4267.322
46411,2010-01-28T18:30:00+00:00,-2549054,4267.258
46411,2010-01-28T18:45:00+00:00,-2548154,4267.176
46411,2010-01-28T19:00:00+00:00,-2547254,4267.089
46411,2010-01-28T19:15:00+00:00,-2546354,4266.991
46411,2010-01-28T19:30:00+00:00,-2545454,4266.885
46411,2010-01-28T19:45:00+00:00,-2544554,4266.769
46411,2010-01-28T20:00:00+00:00,-2543654,4266.648
46411,2010-01-28T20:15:00+00:00,-2542754,4266.522
46411,2010-01-28T20:30:00+00:00,-2541854,4266.395
46411,2010-01-28T20:45:00+00:00,-2540954,4266.262
46411,2010-01-28T21:00:00+00:00,-2540054,4266.131
46411,2010-01-28T21:15:00+00:00,-2539154,4266.003
46411,2010-01-28T21:30:00+00:00,-2538254,4265.878
46411,2010-01-28T21:45:00+00:00,-2537354,4265.756
46411,2010-01-28T22:00:00+00:00,-2536454,4265.641
46411,2010-01-28T22:15:00+00:00,-2535554,4265.536
46411,2010-01-28T22:30:00+00:00,-2534654,4265.434
46411,2010-01-28T22:45:00+00:00,-2533754,4265.346
46411,2010-01-28T23:00:00+00:00,-2532854,4265.267
46411,2010-01-28T23:15:00+00:00,-2531954,4265.200
46411,2010-01-28T23:30:00+00:00,-2531054,4265.145
46411,2010-01-28T23:45:00+00:00,-2530154,4265.104
46411,2010-01-29T00:00:00+00:00,-2529254,4265.073
46411,2010-01-29T00:15:00+00:00,-2528354,4265.058
46411,2010-01-29T00:30:00+00:00,-2527454,4265.056
46411,2010-01-29T00:45:00+00:00,-2526554,4265.067
46411,2010-01-29T01:00:00+00:00,-2525654,4265.090
46411,2010-01-29T01:15:00+00:00,-2524754,4265.125
46411,2010-01-29T01:30:00+00:00,-2523854,4265.174
46411,2010-01-29T01:45:00+00:00,-2522954,4265.233
46411,2010-01-29T02:00:00+00:00,-2522054,4265.303
46411,2010-01-29T02:15:00+00:00,-2521154,4265.378
46411,2010-01-29T02:30:00+00:00,-2520254,4265.462
46411,2010-01-29T02:45:00+00:00,-2519354,4265.551
46411,2010-01-29T03:00:00+00:00,-2518454,4265.646
46411,2010-01-29T03:15:00+00:00,-2517554,4265.745
46411,2010-01-29T03:30:00+00:00,-2516654,4265.848
46411,2010-01-29T03:45:00+00:00,-2515754,4265.948
46411,2010-01-29T04:00:00+00:00,-2514854,4266.051
46411,2010-01-29T04:15:00+00:00,-2513954,4266.150
46411,2010-01-29T04:30:00+00:00,-2513054,4266.248
46411,2010-01-29T04:45:00+00:00,-2512154,4266.339
46411,2010-01-29T05:00:00+00:00,-2511254,4266.426
46411,2010-01-29T05:15:00+00:00,-2510354,4266.503
46411,2010-01-29T05:30:00+00:00,-2509454,4266.573
46411,2010-01-29T05:45:00+00:00,-2508554,4266.636
46411,2010-01-29T06:00:00+00:00,-2507654,4266.687
46411,2010-01-29T06:15:00+00:00,-2506754,4266.731
46411,2010-01-29T06:30:00+00:00,-2505854,4266.765
46411,2010-01-29T06:45:00+00:00,-2504954,4266.791
46411,2010-01-29T07:00:00+00:00,-2504054,4266.806
46411,2010-01-29T07:15:00+00:00,-2503154,4266.813
46411,2010-01-29T07:30:00+00:00,-2502254,4266.807
46411,2010-01-29T07:45:00+00:00,-2501354,4266.794
46411,2010-01-29T08:00:00+00:00,-2500454,4266.777
46411,2010-01-29T08:15:00+00:00,-2499554,4266.752
46411,2010-01-29T08:30:00+00:00,-2498654,4266.718
46411,2010-01-29T08:45:00+00:00,-2497754,4266.680
46411,2010-01-29T09:00:00+00:00,-2496854,4266.639
46411,2010-01-29T09:15:00+00:00,-2495954,4266.594
46411,2010-01-29T09:30:00+00:00,-2495054,4266.548
46411,2010-01-29T09:45:00+00:00,-2494154,4266.507
46411,2010-01-29T10:00:00+00:00,-2493254,4266.462
46411,2010-01-29T10:15:00+00:00,-2492354,4266.417
46411,2010-01-29T10:30:00+00:00,-2491454,4266.386
46411,2010-01-29T10:45:00+00:00,-2490554,4266.353
46411,2010-01-29T11:00:00+00:00,-2489654,4266.325
46411,2010-01-29T11:15:00+00:00,-2488754,4266.300
46411,2010-01-29T11:30:00+00:00,-2487854,4266.288
46411,2010-01-29T11:45:00+00:00,-2486954,4266.283
46411,2010-01-29T12:00:00+00:00,-2486054,4266.288
46411,2010-01-29T12:15:00+00:00,-2485154,4266.298
46411,2010-01-29T12:30:00+00:00,-2484254,4266.320
46411,2010-01-29T12:45:00+00:00,-2483354,4266.345
46411,2010-01-29T13:00:00+00:00,-2482454,4266.389
46411,2010-01-29T13:15:00+00:00,-2481554,4266.435
46411,2010-01-29T13:30:00+00:00,-2480654,4266.488
46411,2010-01-29T13:45:00+00:00,-2479754,4266.553
46411,2010-01-29T14:00:00+00:00,-2478854,4266.618
46411,2010-01-29T14:15:00+00:00,-2477954,4266.693
46411,2010-01-29T14:30:00+00:00,-2477054,4266.770
46411,2010-01-29T14:45:00+00:00,-2476154,4266.845
46411,2010-01-29T15:00:00+00:00,-2475254,4266.928
46411,2010-01-29T15:15:00+00:00,-2474354,4267.008
46411,2010-01-29T15:30:00+00:00,-2473454,4267.089
46411,2010-01-29T15:45:00+00:00,-2472554,4267.170
46411,2010-01-29T16:00:00+00:00,-2471654,4267.242
46411,2010-01-29T16:15:00+00:00,-2470754,4267.310
46411,2010-01-29T16:30:00+00:00,-2469854,4267.372
46411,2010-01-29T16:45:00+00:00,-2468954,4267.422
46411,2010-01-29T17:00:00+00:00,-2468054,4267.471
46411,2010-01-29T17:15:00+00:00,-2467154,4267.506
46411,2010-01-29T17:30:00+00:00,-2466254,4267.525
46411,2010-01-29T17:45:00+00:00,-2465354,4267.532
46411,2010-01-29T18:00:00+00:00,-2464454,4267.537
46411,2010-01-29T18:15:00+00:00,-2463554,4267.514
46411,2010-01-29T18:30:00+00:00,-2462654,4267.484
46411,2010-01-29T18:45:00+00:00,-2461754,4267.442
46411,2010-01-29T19:00:00+00:00,-2460854,4267.386
46411,2010-01-29T19:15:00+00:00,-2459954,4267.316
46411,2010-01-29T19:30:00+00:00,-2459054,4267.236
46411,2010-01-29T19:45:00+00:00,-2458154,4267.144
46411,2010-01-29T20:00:00+00:00,-2457254,4267.046
46411,2010-01-29T20:15:00+00:00,-2456354,4266.936
46411,2010-01-29T20:30:00+00:00,-2455454,4266.816
46411,2010-01-29T20:45:00+00:00,-2454554,4266.693
46411,2010-01-29T21:00:00+00:00,-2453654,4266.569
46411,2010-01-29T21:15:00+00:00,-2452754,4266.429
46411,2010-01-29T21:30:00+00:00,-2451854,4266.295
46411,2010-01-29T21:45:00+00:00,-2450954,4266.158
46411,2010-01-29T22:00:00+00:00,-2450054,4266.020
46411,2010-01-29T22:15:00+00:00,-2449154,4265.889
46411,2010-01-29T22:30:00+00:00,-2448254,4265.762
46411,2010-01-29T22:45:00+00:00,-2447354,4265.640
46411,2010-01-29T23:00:00+00:00,-2446454,4265.526
46411,2010-01-29T23:15:00+00:00,-2445554,4265.419
46411,2010-01-29T23:30:00+00:00,-2444654,4265.319
46411,2010-01-29T23:45:00+00:00,-2443754,4265.238
46411,2010-01-30T00:00:00+00:00,-2442854,4265.162
46411,2010-01-30T00:15:00+00:00,-2441954,4265.106
46411,2010-01-30T00:30:00+00:00,-2441054,4265.057
46411,2010-01-30T00:45:00+00:00,-2440154,4265.030
46411,2010-01-30T01:00:00+00:00,-2439254,4265.011
46411,2010-01-30T01:15:00+00:00,-2438354,4265.009
46411,2010-01-30T01:30:00+00:00,-2437454,4265.023
46411,2010-01-30T01:45:00+00:00,-2436554,4265.043
46411,2010-01-30T02:00:00+00:00,-2435654,4265.085
46411,2010-01-30T02:15:00+00:00,-2434754,4265.139
46411,2010-01-30T02:30:00+00:00,-2433854,4265.205
46411,2010-01-30T02:45:00+00:00,-2432954,4265.281
46411,2010-01-30T03:00:00+00:00,-2432054,4265.365
46411,2010-01-30T03:15:00+00:00,-2431154,4265.458
46411,2010-01-30T03:30:00+00:00,-2430254,4265.560
46411,2010-01-30T03:45:00+00:00,-2429354,4265.667
46411,2010-01-30T04:00:00+00:00,-2428454,4265.778
46411,2010-01-30T04:15:00+00:00,-2427554,4265.892
46411,2010-01-30T04:30:00+00:00,-2426654,4266.006
46411,2010-01-30T04:45:00+00:00,-2425754,4266.112
46411,2010-01-30T05:00:00+00:00,-2424854,4266.222
46411,2010-01-30T05:15:00+00:00,-2423954,4266.323
46411,2010-01-30T05:30:00+00:00,-2423054,4266.424
46411,2010-01-30T05:45:00+00:00,-2422154,4266.514
46411,2010-01-30T06:00:00+00:00,-2421254,4266.600
46411,2010-01-30T06:15:00+00:00,-2420354,4266.677
46411,2010-01-30T06:30:00+00:00,-2419454,4266.736
46411,2010-01-30T06:45:00+00:00,-2418554,4266.788
46411,2010-01-30T07:00:00+00:00,-2417654,4266.837
46411,2010-01-30T07:15:00+00:00,-2416754,4266.873
46411,2010-01-30T07:30:00+00:00,-2415854,4266.895
46411,2010-01-30T07:45:00+00:00,-2414954,4266.906
46411,2010-01-30T08:00:00+00:00,-2414054,4266.902
46411,2010-01-30T08:15:00+00:00,-2413154,4266.891
46411,2010-01-30T08:30:00+00:00,-2412254,4266.869
46411,2010-01-30T08:45:00+00:00,-2411354,4266.839
46411,2010-01-30T09:00:00+00:00,-2410454,4266.796
46411,2010-01-30T09:15:00+00:00,-2409554,4266.752
46411,2010-01-30T09:30:00+00:00,-2408654,4266.697
46411,2010-01-30T09:45:00+00:00,-2407754,4266.646
46411,2010-01-30T10:00:00+00:00,-2406854,4266.587
46411,2010-01-30T10:15:00+00:00,-2405954,4266.530
46411,2010-01-30T10:30:00+00:00,-2405054,4266.470
46411,2010-01-30T10:45:00+00:00,-2404154,4266.413
46411,2010-01-30T11:00:00+00:00,-2403254,4266.358
46411,2010-01-30T11:15:00+00:00,-2402354,4266.306
46411,2010-01-30T11:30:00+00:00,-2401454,4266.260
46411,2010-01-30T11:45:00+00:00,-2400554,4266.219
46411,2010-01-30T12:00:00+00:00,-2399654,4266.191
46411,2010-01-30T12:15:00+00:00,-2398754,4266.169
46411,2010-01-30T12:30:00+00:00,-2397854,4266.153
46411,2010-01-30T12:45:00+00:00,-2396954,4266.148
46411,2010-01-30T13:00:00+00:00,-2396054,4266.152
46411,2010-01-30T13:15:00+00:00,-2395154,4266.165
46411,2010-01-30T13:30:00+00:00,-2394254,4266.191
46411,2010-01-30T13:45:00+00:00,-2393354,4266.227
46411,2010-01-30T14:00:00+00:00,-2392454,4266.270
46411,2010-01-30T14:15:00+00:00,-2391554,4266.326
46411,2010-01-30T14:30:00+00:00,-2390654,4266.390
46411,2010-01-30T14:45:00+00:00,-2389754,4266.461
46411,2010-01-30T15:00:00+00:00,-2388854,4266.541
46411,2010-01-30T15:15:00+00:00,-2387954,4266.622
46411,2010-01-30T15:30:00+00:00,-2387054,4266.713
46411,2010-01-30T15:45:00+00:00,-2386154,4266.801
46411,2010-01-30T16:00:00+00:00,-2385254,4266.890
46411,2010-01-30T16:15:00+00:00,-2384354,4266.983
46411,2010-01-30T16:30:00+00:00,-2383454,4267.070
46411,2010-01-30T16:45:00+00:00,-2382554,4267.151
46411,2010-01-30T17:00:00+00:00,-2381654,4267.228
46411,2010-01-30T17:15:00+00:00,-2380754,4267.302
46411,2010-01-30T17:30:00+00:00,-2379854,4267.362
46411,2010-01-30T17:45:00+00:00,-2378954,4267.420
46411,2010-01-30T18:00:00+00:00,-2378054,4267.460
46411,2010-01-30T18:15:00+00:00,-2377154,4267.487
46411,2010-01-30T18:30:00+00:00,-2376254,4267.507
46411,2010-01-30T18:45:00+00:00,-2375354,4267.514
46411,2010-01-30T19:00:00+00:00,-2374454,4267.504
46411,2010-01-30T19:15:00+00:00,-2373554,4267.482
46411,2010-01-30T19:30:00+00:00,-2372654,4267.445
46411,2010-01-30T19:45:00+00:00,-2371754,4267.393
46411,2010-01-30T20:00:00+00:00,-2370854,4267.332
46411,2010-01-30T20:15:00+00:00,-2369954,4267.258
46411,2010-01-30T20:30:00+00:00,-2369054,4267.169
46411,2010-01-30T20:45:00+00:00,-2368154,4267.070
46411,2010-01-30T21:00:00+00:00,-2367254,4266.964
46411,2010-01-30T21:15:00+00:00,-2366354,4266.844
46411,2010-01-30T21:30:00+00:00,-2365454,4266.723
46411,2010-01-30T21:45:00+00:00,-2364554,4266.590
46411,2010-01-30T22:00:00+00:00,-2363654,4266.457
46411,2010-01-30T22:15:00+00:00,-2362754,4266.318
46411,2010-01-30T22:30:00+00:00,-2361854,4266.181
46411,2010-01-30T22:45:00+00:00,-2360954,4266.040
46411,2010-01-30T23:00:00+00:00,-2360054,4265.911
46411,2010-01-30T23:15:00+00:00,-2359154,4265.779
46411,2010-01-30T23:30:00+00:00,-2358254,4265.658
46411,2010-01-30T23:45:00+00:00,-2357354,4265.545
46411,2010-01-31T00:00:00+00:00,-2356454,4265.437
46411,2010-01-31T00:15:00+00:00,-2355554,4265.336
46411,2010-01-31T00:30:00+00:00,-2354654,4265.253
46411,2010-01-31T00:45:00+00:00,-2353754,4265.182
46411,2010-01-31T01:00:00+00:00,-2352854,4265.123
46411,2010-01-31T01:15:00+00:00,-2351954,4265.077
46411,2010-01-31T01:30:00+00:00,-2351054,4265.050
46411,2010-01-31T01:45:00+00:00,-2350154,4265.037
46411,2010-01-31T02:00:00+00:00,-2349254,4265.038
46411,2010-01-31T02:15:00+00:00,-2348354,4265.056
46411,2010-01-31T02:30:00+00:00,-2347454,4265.084
46411,2010-01-31T02:45:00+00:00,-2346554,4265.126
46411,2010-01-31T03:00:00+00:00,-2345654,4265.183
46411,2010-01-31T03:15:00+00:00,-2344754,4265.256
46411,2010-01-31T03:30:00+00:00,-2343854,4265.337
46411,2010-01-31T03:45:00+00:00,-2342954,4265.428
46411,2010-01-31T04:00:00+00:00,-2342054,4265.526
46411,2010-01-31T04:15:00+00:00,-2341154,4265.637
46411,2010-01-31T04:30:00+00:00,-2340254,4265.750
46411,2010-01-31T04:45:00+00:00,-2339354,4265.867
46411,2010-01-31T05:00:00+00:00,-2338454,4265.985
46411,2010-01-31T05:15:00+00:00,-2337554,4266.102
46411,2010-01-31T05:30:00+00:00,-2336654,4266.224
46411,2010-01-31T05:45:00+00:00,-2335754,4266.337
46411,2010-01-31T06:00:00+00:00,-2334854,4266.449
46411,2010-01-31T06:15:00+00:00,-2333954,4266.550
46411,2010-01-31T06:30:00+00:00,-2333054,4266.645
46411,2010-01-31T06:45:00+00:00,-2332154,4266.732
46411,2010-01-31T07:00:00+00:00,-2331254,4266.809
46411,2010-01-31T07:15:00+00:00,-2330354,4266.874
46411,2010-01-31T07:30:00+00:00,-2329454,4266.923
46411,2010-01-31T07:45:00+00:00,-2328554,4266.966
46411,2010-01-31T08:00:00+00:00,-2327654,4266.992
46411,2010-01-31T08:15:00+00:00,-2326754,4267.008
46411,2010-01-31T08:30:00+00:00,-2325854,4267.013
46411,2010-01-31T08:45:00+00:00,-2324954,4267.003
46411,2010-01-31T09:00:00+00:00,-2324054,4266.983
46411,2010-01-31T09:15:00+00:00,-2323154,4266.952
46411,2010-01-31T09:30:00+00:00,-2322254,4266.913
46411,2010-01-31T09:45:00+00:00,-2321354,4266.864
46411,2010-01-31T10:00:00+00:00,-2320454,4266.811
46411,2010-01-31T10:15:00+00:00,-2319554,4266.748
46411,2010-01-31T10:30:00+00:00,-2318654,4266.682
46411,2010-01-31T10:45:00+00:00,-2317754,4266.612
46411,2010-01-31T11:00:00+00:00,-2316854,4266.538
46411,2010-01-31T11:15:00+00:00,-2315954,4266.467
46411,2010-01-31T11:30:00+00:00,-2315054,4266.393
46411,2010-01-31T11:45:00+00:00,-2314154,4266.325
46411,2010-01-31T12:00:00+00:00,-2313254,4266.260
46411,2010-01-31T12:15:00+00:00,-2312354,4266.204
46411,2010-01-31T12:30:00+00:00,-2311454,4266.150
46411,2010-01-31T12:45:00+00:00,-2310554,4266.103
46411,2010-01-31T13:00:00+00:00,-2309654,4266.063
46411,2010-01-31T13:15:00+00:00,-2308754,4266.036
46411,2010-01-31T13:30:00+00:00,-2307854,4266.020
46411,2010-01-31T13:45:00+00:00,-2306954,4266.015
46411,2010-01-31T14:00:00+00:00,-2306054,4266.018
46411,2010-01-31T14:15:00+00:00,-2305154,4266.035
46411,2010-01-31T14:30:00+00:00,-2304254,4266.067
46411,2010-01-31T14:45:00+00:00,-2303354,4266.106
46411,2010-01-31T15:00:00+00:00,-2302454,4266.154
46411,2010-01-31T15:15:00+00:00,-2301554,4266.217
46411,2010-01-31T15:30:00+00:00,-2300654,4266.285
46411,2010-01-31T15:45:00+00:00,-2299754,4266.363
46411,2010-01-31T16:00:00+00:00,-2298854,4266.451
46411,2010-01-31T16:15:00+00:00,-2297954,4266.542
46411,2010-01-31T16:30:00+00:00,-2297054,4266.636
46411,2010-01-31T16:45:00+00:00,-2296154,4266.731
46411,2010-01-31T17:00:00+00:00,-2295254,4266.829
46411,2010-01-31T17:15:00+00:00,-2294354,4266.918
46411,2010-01-31T17:30:00+00:00,-2293454,4267.009
46411,2010-01-31T17:45:00+00:00,-2292554,4267.090
46411,2010-01-31T18:00:00+00:00,-2291654,4267.167
46411,2010-01-31T18:15:00+00:00,-2290754,4267.235
46411,2010-01-31T18:30:00+00:00,-2289854,4267.297
46411,2010-01-31T18:45:00+00:00,-2288954,4267.345
46411,2010-01-31T19:00:00+00:00,-2288054,4267.384
46411,2010-01-31T19:15:00+00:00,-2287154,4267.410
46411,2010-01-31T19:30:00+00:00,-2286254,4267.423
46411,2010-01-31T19:45:00+00:00,-2285354,4267.421
46411,2010-01-31T20:00:00+00:00,-2284454,4267.407
46411,2010-01-31T20:15:00+00:00,-2283554,4267.379
46411,2010-01-31T20:30:00+00:00,-2282654,4267.338
46411,2010-01-31T20:45:00+00:00,-2281754,4267.281
46411,2010-01-31T21:00:00+00:00,-2280854,4267.212
46411,2010-01-31T21:15:00+00:00,-2279954,4267.134
46411,2010-01-31T21:30:00+00:00,-2279054,4267.041
46411,2010-01-31T21:45:00+00:00,-2278154,4266.942
46411,2010-01-31T22:00:00+00:00,-2277254,4266.832
46411,2010-01-31T22:15:00+00:00,-2276354,4266.716
46411,2010-01-31T22:30:00+00:00,-2275454,4266.597
46411,2010-01-31T22:45:00+00:00,-2274554,4266.470
46411,2010-01-31T23:00:00+00:00,-2273654,4266.343
46411,2010-01-31T23:15:00+00:00,-2272754,4266.216
46411,2010-01-31T23:30:00+00:00,-2271854,4266.090
46411,2010-01-31T23:45:00+00:00,-2270954,4265.964
46411,2010-02-01T00:00:00+00:00,-2270054,4265.842
46411,2010-02-01T00:15:00+00:00,-2269154,4265.725
46411,2010-02-01T00:30:00+00:00,-2268254,4265.617
46411,2010-02-01T00:45:00+00:00,-2267354,4265.516
46411,2010-02-01T01:00:00+00:00,-2266454,4265.426
46411,2010-02-01T01:15:00+00:00,-2265554,4265.349
46411,2010-02-01T01:30:00+00:00,-2264654,4265.278
46411,2010-02-01T01:45:00+00:00,-2263754,4265.223
46411,2010-02-01T02:00:00+00:00,-2262854,4265.184
46411,2010-02-01T02:15:00+00:00,-2261954,4265.160
46411,2010-02-01T02:30:00+00:00,-2261054,4265.151
46411,2010-02-01T02:45:00+00:00,-2260154,4265.155
46411,2010-02-01T03:00:00+00:00,-2259254,4265.176
46411,2010-02-01T03:15:00+00:00,-2258354,4265.210
46411,2010-02-01T03:30:00+00:00,-2257454,4265.261
46411,2010-02-01T03:45:00+00:00,-2256554,4265.327
46411,2010-02-01T04:00:00+00:00,-2255654,4265.404
46411,2010-02-01T04:15:00+00:00,-2254754,4265.490
46411,2010-02-01T04:30:00+00:00,-2253854,4265.589
46411,2010-02-01T04:45:00+00:00,-2252954,4265.696
46411,2010-02-01T05:00:00+00:00,-2252054,4265.807
46411,2010-02-01T05:15:00+00:00,-2251154,4265.923
46411,2010-02-01T05:30:00+00:00,-2250254,4266.045
46411,2010-02-01T05:45:00+00:00,-2249354,4266.165
46411,2010-02-01T06:00:00+00:00,-2248454,4266.286
46411,2010-02-01T06:15:00+00:00,-2247554,4266.403
46411,2010-02-01T06:30:00+00:00,-2246654,4266.514
46411,2010-02-01T06:45:00+00:00,-2245754,4266.621
46411,2010-02-01T07:00:00+00:00,-2244854,4266.721
46411,2010-02-01T07:15:00+00:00,-2243954,4266.815
46411,2010-02-01T07:30:00+00:00,-2243054,4266.899
46411,2010-02-01T07:45:00+00:00,-2242154,4266.973
46411,2010-02-01T08:00:00+00:00,-2241254,4267.031
46411,2010-02-01T08:15:00+00:00,-2240354,4267.078
46411,2010-02-01T08:30:00+00:00,-2239454,4267.115
46411,2010-02-01T08:45:00+00:00,-2238554,4267.136
46411,2010-02-01T09:00:00+00:00,-2237654,4267.142
46411,2010-02-01T09:15:00+00:00,-2236754,4267.138
46411,2010-02-01T09:30:00+00:00,-2235854,4267.122
46411,2010-02-01T09:45:00+00:00,-2234954,4267.091
46411,2010-02-01T10:00:00+00:00,-2234054,4267.051
46411,2010-02-01T10:15:00+00:00,-2233154,4266.998
46411,2010-02-01T10:30:00+00:00,-2232254,4266.934
46411,2010-02-01T10:45:00+00:00,-2231354,4266.867
46411,2010-02-01T11:00:00+00:00,-2230454,4266.795
46411,2010-02-01T11:15:00+00:00,-2229554,4266.714
46411,2010-02-01T11:30:00+00:00,-2228654,4266.634
46411,2010-02-01T11:45:00+00:00,-2227754,4266.548
46411,2010-02-01T12:00:00+00:00,-2226854,4266.467
46411,2010-02-01T12:15:00+00:00,-2225954,4266.385
46411,2010-02-01T12:30:00+00:00,-2225054,4266.304
46411,2010-02-01T12:45:00+00:00,-2224154,4266.227
46411,2010-02-01T13:00:00+00:00,-2223254,4266.153
46411,2010-02-01T13:15:00+00:00,-2222354,4266.086
46411,2010-02-01T13:30:00+00:00,-2221454,4266.023
46411,2010-02-01T13:45:00+00:00,-2220554,4265.972
46411,2010-02-01T14:00:00+00:00,-2219654,4265.932
46411,2010-02-01T14:15:00+00:00,-2218754,4265.904
46411,2010-02-01T14:30:00+00:00,-2217854,4265.889
46411,2010-02-01T14:45:00+00:00,-2216954,4265.886
46411,2010-02-01T15:00:00+00:00,-2216054,4265.894
46411,2010-02-01T15:15:00+00:00,-2215154,4265.912
46411,2010-02-01T15:30:00+00:00,-2214254,4265.944
46411,2010-02-01T15:45:00+00:00,-2213354,4265.988
46411,2010-02-01T16:00:00+00:00,-2212454,4266.043
46411,2010-02-01T16:15:00+00:00,-2211554,4266.106
46411,2010-02-01T16:30:00+00:00,-2210654,4266.179
46411,2010-02-01T16:45:00+00:00,-2209754,4266.260
46411,2010-02-01T17:00:00+00:00,-2208854,4266.342
46411,2010-02-01T17:15:00+00:00,-2207954,4266.431
46411,2010-02-01T17:30:00+00:00,-2207054,4266.523
46411,2010-02-01T17:45:00+00:00,-2206154,4266.614
46411,2010-02-01T18:00:00+00:00,-2205254,4266.705
46411,2010-02-01T18:15:00+00:00,-2204354,4266.793
46411,2010-02-01T18:30:00+00:00,-2203454,4266.876
46411,2010-02-01T18:45:00+00:00,-2202554,4266.955
46411,2010-02-01T19:00:00+00:00,-2201654,4267.026
46411,2010-02-01T19:15:00+00:00,-2200754,4267.089
46411,2010-02-01T19:30:00+00:00,-2199854,4267.142
46411,2010-02-01T19:45:00+00:00,-2198954,4267.185
46411,2010-02-01T20:00:00+00:00,-2198054,4267.217
46411,2010-02-01T20:15:00+00:00,-2197154,4267.236
46411,2010-02-01T20:30:00+00:00,-2196254,4267.244
46411,2010-02-01T20:45:00+00:00,-2195354,4267.239
46411,2010-02-01T21:00:00+00:00,-2194454,4267.222
46411,2010-02-01T21:15:00+00:00,-2193554,4267.193
46411,2010-02-01T21:30:00+00:00,-2192654,4267.151
46411,2010-02-01T21:45:00+00:00,-2191754,4267.099
46411,2010-02-01T22:00:00+00:00,-2190854,4267.036
46411,2010-02-01T22:15:00+00:00,-2189954,4266.962
46411,2010-02-01T22:30:00+00:00,-2189054,4266.876
46411,2010-02-01T22:45:00+00:00,-2188154,4266.786
46411,2010-02-01T23:00:00+00:00,-2187254,4266.685
46411,2010-02-01T23:15:00+00:00,-2186354,4266.579
46411,2010-02-01T23:30:00+00:00,-2185454,4266.468
46411,2010-02-01T23:45:00+00:00,-2184554,4266.357
46411,2010-02-02T00:00:00+00:00,-2183654,4266.242
46411,2010-02-02T00:15:00+00:00,-2182754,4266.128
46411,2010-02-02T00:30:00+00:00,-2181854,4266.019
46411,2010-02-02T00:45:00+00:00,-2180954,4265.912
46411,2010-02-02T01:00:00+00:00,-2180054,4265.809
46411,2010-02-02T01:15:00+00:00,-2179154,4265.713
46411,2010-02-02T01:30:00+00:00,-2178254,4265.623
46411,2010-02-02T01:45:00+00:00,-2177354,4265.541
46411,2010-02-02T02:00:00+00:00,-2176454,4265.471
46411,2010-02-02T02:15:00+00:00,-2175554,4265.411
46411,2010-02-02T02:30:00+00:00,-2174654,4265.367
46411,2010-02-02T02:45:00+00:00,-2173754,4265.335
46411,2010-02-02T03:00:00+00:00,-2172854,4265.317
46411,2010-02-02T03:15:00+00:00,-2171954,4265.315
46411,2010-02-02T03:30:00+00:00,-2171054,4265.328
46411,2010-02-02T03:45:00+00:00,-2170154,4265.356
46411,2010-02-02T04:00:00+00:00,-2169254,4265.397
46411,2010-02-02T04:15:00+00:00,-2168354,4265.450
46411,2010-02-02T04:30:00+00:00,-2167454,4265.514
46411,2010-02-02T04:45:00+00:00,-2166554,4265.592
46411,2010-02-02T05:00:00+00:00,-2165654,4265.681
46411,2010-02-02T05:15:00+00:00,-2164754,4265.776
46411,2010-02-02T05:30:00+00:00,-2163854,4265.881
46411,2010-02-02T05:45:00+00:00,-2162954,4265.994
46411,2010-02-02T06:00:00+00:00,-2162054,4266.107
46411,2010-02-02T06:15:00+00:00,-2161154,4266.224
46411,2010-02-02T06:30:00+00:00,-2160254,4266.340
46411,2010-02-02T06:45:00+00:00,-2159354,4266.459
46411,2010-02-02T07:00:00+00:00,-2158454,4266.571
46411,2010-02-02T07:15:00+00:00,-2157554,4266.679
46411,2010-02-02T07:30:00+00:00,-2156654,4266.781
46411,2010-02-02T07:45:00+00:00,-2155754,4266.876
46411,2010-02-02T08:00:00+00:00,-2154854,4266.959
46411,2010-02-02T08:15:00+00:00,-2153954,4267.034
46411,2010-02-02T08:30:00+00:00,-2153054,4267.098
46411,2010-02-02T08:45:00+00:00,-2152154,4267.149
46411,2010-02-02T09:00:00+00:00,-2151254,4267.191
46411,2010-02-02T09:15:00+00:00,-2150354,4267.216
46411,2010-02-02T09:30:00+00:00,-2149454,4267.231
46411,2010-02-02T09:45:00+00:00,-2148554,4267.231
46411,2010-02-02T10:00:00+00:00,-2147654,4267.219
46411,2010-02-02T10:15:00+00:00,-2146754,4267.197
46411,2010-02-02T10:30:00+00:00,-2145854,4267.157
46411,2010-02-02T10:45:00+00:00,-2144954,4267.112
46411,2010-02-02T11:00:00+00:00,-2144054,4267.054
46411,2010-02-02T11:15:00+00:00,-2143154,4266.988
46411,2010-02-02T11:30:00+00:00,-2142254,4266.916
46411,2010-02-02T11:45:00+00:00,-2141354,4266.836
46411,2010-02-02T12:00:00+00:00,-2140454,4266.751
46411,2010-02-02T12:15:00+00:00,-2139554,4266.664
46411,2010-02-02T12:30:00+00:00,-2138654,4266.571
46411,2010-02-02T12:45:00+00:00,-2137754,4266.479
46411,2010-02-02T13:00:00+00:00,-2136854,4266.390
46411,2010-02-02T13:15:00+00:00,-2135954,4266.301
46411,2010-02-02T13:30:00+00:00,-2135054,4266.213
46411,2010-02-02T13:45:00+00:00,-2134154,4266.130
46411,2010-02-02T14:00:00+00:00,-2133254,4266.054
46411,2010-02-02T14:15:00+00:00,-2132354,4265.986
46411,2010-02-02T14:30:00+00:00,-2131454,4265.926
46411,2010-02-02T14:45:00+00:00,-2130554,4265.876
46411,2010-02-02T15:00:00+00:00,-2129654,4265.836
46411,2010-02-02T15:15:00+00:00,-2128754,4265.806
46411,2010-02-02T15:30:00+00:00,-2127854,4265.797
46411,2010-02-02T15:45:00+00:00,-2126954,4265.792
46411,2010-02-02T16:00:00+00:00,-2126054,4265.804
46411,2010-02-02T16:15:00+00:00,-2125154,4265.827
46411,2010-02-02T16:30:00+00:00,-2124254,4265.863
46411,2010-02-02T16:45:00+00:00,-2123354,4265.908
46411,2010-02-02T17:00:00+00:00,-2122454,4265.963
46411,2010-02-02T17:15:00+00:00,-2121554,4266.022
46411,2010-02-02T17:30:00+00:00,-2120654,4266.091
46411,2010-02-02T17:45:00+00:00,-2119754,4266.166
46411,2010-02-02T18:00:00+00:00,-2118854,4266.243
46411,2010-02-02T18:15:00+00:00,-2117954,4266.325
46411,2010-02-02T18:30:00+00:00,-2117054,4266.404
46411,2010-02-02T18:45:00+00:00,-2116154,4266.487
46411,2010-02-02T19:00:00+00:00,-2115254,4266.570
46411,2010-02-02T19:15:00+00:00,-2114354,4266.650
46411,2010-02-02T19:30:00+00:00,-2113454,4266.722
46411,2010-02-02T19:45:00+00:00,-2112554,4266.791
46411,2010-02-02T20:00:00+00:00,-2111654,4266.852
46411,2010-02-02T20:15:00+00:00,-2110754,4266.909
46411,2010-02-02T20:30:00+00:00,-2109854,4266.957
46411,2010-02-02T20:45:00+00:00,-2108954,4266.990
46411,2010-02-02T21:00:00+00:00,-2108054,4267.012
46411,2010-02-02T21:15:00+00:00,-2107154,4267.028
46411,2010-02-02T21:30:00+00:00,-2106254,4267.033
46411,2010-02-02T21:45:00+00:00,-2105354,4267.026
46411,2010-02-02T22:00:00+00:00,-2104454,4267.010
46411,2010-02-02T22:15:00+00:00,-2103554,4266.981
46411,2010-02-02T22:30:00+00:00,-2102654,4266.943
46411,2010-02-02T22:45:00+00:00,-2101754,4266.895
46411,2010-02-02T23:00:00+00:00,-2100854,4266.840
46411,2010-02-02T23:15:00+00:00,-2099954,4266.774
46411,2010-02-02T23:30:00+00:00,-2099054,4266.698
46411,2010-02-02T23:45:00+00:00,-2098154,4266.620
46411,2010-02-03T00:00:00+00:00,-2097254,4266.533
46411,2010-02-03T00:15:00+00:00,-2096354,4266.449
46411,2010-02-03T00:30:00+00:00,-2095454,4266.359
46411,2010-02-03T00:45:00+00:00,-2094554,4266.265
46411,2010-02-03T01:00:00+00:00,-2093654,4266.171
46411,2010-02-03T01:15:00+00:00,-2092754,4266.078
46411,2010-02-03T01:30:00+00:00,-2091854,4265.992
46411,2010-02-03T01:45:00+00:00,-2090954,4265.907
46411,2010-02-03T02:00:00+00:00,-2090054,4265.828
46411,2010-02-03T02:15:00+00:00,-2089154,4265.755
46411,2010-02-03T02:30:00+00:00,-2088254,4265.689
46411,2010-02-03T02:45:00+00:00,-2087354,4265.634
46411,2010-02-03T03:00:00+00:00,-2086454,4265.585
46411,2010-02-03T03:15:00+00:00,-2085554,4265.554
46411,2010-02-03T03:30:00+00:00,-2084654,4265.533
46411,2010-02-03T03:45:00+00:00,-2083754,4265.522
46411,2010-02-03T04:00:00+00:00,-2082854,4265.525
46411,2010-02-03T04:15:00+00:00,-2081954,4265.545
46411,2010-02-03T04:30:00+00:00,-2081054,4265.573
46411,2010-02-03T04:45:00+00:00,-2080154,4265.613
46411,2010-02-03T05:00:00+00:00,-2079254,4265.662
46411,2010-02-03T05:15:00+00:00,-2078354,4265.725
46411,2010-02-03T05:30:00+00:00,-2077454,4265.800
46411,2010-02-03T05:45:00+00:00,-2076554,4265.881
46411,2010-02-03T06:00:00+00:00,-2075654,4265.970
46411,2010-02-03T06:15:00+00:00,-2074754,4266.068
46411,2010-02-03T06:30:00+00:00,-2073854,4266.171
46411,2010-02-03T06:45:00+00:00,-2072954,4266.278
46411,2010-02-03T07:00:00+00:00,-2072054,4266.389
46411,2010-02-03T07:15:00+00:00,-2071154,4266.500
46411,2010-02-03T07:30:00+00:00,-2070254,4266.608
46411,2010-02-03T07:45:00+00:00,-2069354,4266.714
46411,2010-02-03T08:00:00+00:00,-2068454,4266.812
46411,2010-02-03T08:15:00+00:00,-2067554,4266.903
46411,2010-02-03T08:30:00+00:00,-2066654,4266.985
46411,2010-02-03T08:45:00+00:00,-2065754,4267.061
46411,2010-02-03T09:00:00+00:00,-2064854,4267.125
46411,2010-02-03T09:15:00+00:00,-2063954,4267.181
46411,2010-02-03T09:30:00+00:00,-2063054,4267.228
46411,2010-02-03T09:45:00+00:00,-2062154,4267.261
46411,2010-02-03T10:00:00+00:00,-2061254,4267.284
46411,2010-02-03T10:15:00+00:00,-2060354,4267.293
46411,2010-02-03T10:30:00+00:00,-2059454,4267.291
46411,2010-02-03T10:45:00+00:00,-2058554,4267.276
46411,2010-02-03T11:00:00+00:00,-2057654,4267.247
46411,2010-02-03T11:15:00+00:00,-2056754,4267.209
46411,2010-02-03T11:30:00+00:00,-2055854,4267.162
46411,2010-02-03T11:45:00+00:00,-2054954,4267.103
46411,2010-02-03T12:00:00+00:00,-2054054,4267.033
46411,2010-02-03T12:15:00+00:00,-2053154,4266.960
46411,2010-02-03T12:30:00+00:00,-2052254,4266.877
46411,2010-02-03T12:45:00+00:00,-2051354,4266.790
46411,2010-02-03T13:00:00+00:00,-2050454,4266.699
46411,2010-02-03T13:15:00+00:00,-2049554,4266.604
46411,2010-02-03T13:30:00+00:00,-2048654,4266.509
46411,2010-02-03T13:45:00+00:00,-2047754,4266.412
46411,2010-02-03T14:00:00+00:00,-2046854,4266.314
46411,2010-02-03T14:15:00+00:00,-2045954,4266.220
46411,2010-02-03T14:30:00+00:00,-2045054,4266.133
46411,2010-02-03T14:45:00+00:00,-2044154,4266.050
46411,2010-02-03T15:00:00+00:00,-2043254,4265.973
46411,2010-02-03T15:15:00+00:00,-2042354,4265.905
46411,2010-02-03T15:30:00+00:00,-2041454,4265.846
46411,2010-02-03T15:45:00+00:00,-2040554,4265.798
46411,2010-02-03T16:00:00+00:00,-2039654,4265.762
46411,2010-02-03T16:15:00+00:00,-2038754,4265.737
46411,2010-02-03T16:30:00+00:00,-2037854,4265.726
46411,2010-02-03T16:45:00+00:00,-2036954,4265.727
46411,2010-02-03T17:00:00+00:00,-2036054,4265.735
46411,2010-02-03T17:15:00+00:00,-2035154,4265.753
46411,2010-02-03T17:30:00+00:00,-2034254,4265.782
46411,2010-02-03T17:45:00+00:00,-2033354,4265.820
46411,2010-02-03T18:00:00+00:00,-2032454,4265.865
46411,2010-02-03T18:15:00+00:00,-2031554,4265.918
46411,2010-02-03T18:30:00+00:00,-2030654,4265.979
46411,2010-02-03T18:45:00+00:00,-2029754,4266.042
46411,2010-02-03T19:00:00+00:00,-2028854,4266.111
46411,2010-02-03T19:15:00+00:00,-2027954,4266.182
46411,2010-02-03T19:30:00+00:00,-2027054,4266.255
46411,2010-02-03T19:45:00+00:00,-2026154,4266.328
46411,2010-02-03T20:00:00+00:00,-2025254,4266.400
46411,2010-02-03T20:15:00+00:00,-2024354,4266.471
46411,2010-02-03T20:30:00+00:00,-2023454,4266.536
46411,2010-02-03T20:45:00+00:00,-2022554,4266.599
46411,2010-02-03T21:00:00+00:00,-2021654,4266.654
46411,2010-02-03T21:15:00+00:00,-2020754,4266.705
46411,2010-02-03T21:30:00+00:00,-2019854,4266.746
46411,2010-02-03T21:45:00+00:00,-2018954,4266.780
46411,2010-02-03T22:00:00+00:00,-2018054,4266.805
46411,2010-02-03T22:15:00+00:00,-2017154,4266.820
46411,2010-02-03T22:30:00+00:00,-2016254,4266.827
46411,2010-02-03T22:45:00+00:00,-2015354,4266.826
46411,2010-02-03T23:00:00+00:00,-2014454,4266.815
46411,2010-02-03T23:15:00+00:00,-2013554,4266.794
46411,2010-02-03T23:30:00+00:00,-2012654,4266.766
46411,2010-02-03T23:45:00+00:00,-2011754,4266.730
46411,2010-02-04T00:00:00+00:00,-2010854,4266.687
46411,2010-02-04T00:15:00+00:00,-2009954,4266.635
46411,2010-02-04T00:30:00+00:00,-2009054,4266.580
46411,2010-02-04T00:45:00+00:00,-2008154,4266.518
46411,2010-02-04T01:00:00+00:00,-2007254,4266.452
46411,2010-02-04T01:15:00+00:00,-2006354,4266.382
46411,2010-02-04T01:30:00+00:00,-2005454,4266.312
46411,2010-02-04T01:45:00+00:00,-2004554,4266.239
46411,2010-02-04T02:00:00+00:00,-2003654,4266.167
46411,2010-02-04T02:15:00+00:00,-2002754,4266.100
46411,2010-02-04T02:30:00+00:00,-2001854,4266.036
46411,2010-02-04T02:45:00+00:00,-2000954,4265.974
46411,2010-02-04T03:00:00+00:00,-2000054,4265.915
46411,2010-02-04T03:15:00+00:00,-1999154,4265.867
46411,2010-02-04T03:30:00+00:00,-1998254,4265.822
46411,2010-02-04T03:45:00+00:00,-1997354,4265.789
46411,2010-02-04T04:00:00+00:00,-1996454,4265.768
46411,2010-02-04T04:15:00+00:00,-1995554,4265.754
46411,2010-02-04T04:30:00+00:00,-1994654,4265.750
46411,2010-02-04T04:45:00+00:00,-1993754,4265.759
46411,2010-02-04T05:00:00+00:00,-1992854,4265.779
46411,2010-02-04T05:15:00+00:00,-1991954,4265.809
46411,2010-02-04T05:30:00+00:00,-1991054,4265.847
46411,2010-02-04T05:45:00+00:00,-1990154,4265.896
46411,2010-02-04T06:00:00+00:00,-1989254,4265.955
46411,2010-02-04T06:15:00+00:00,-1988354,4266.020
46411,2010-02-04T06:30:00+00:00,-1987454,4266.094
46411,2010-02-04T06:45:00+00:00,-1986554,4266.173
46411,2010-02-04T07:00:00+00:00,-1985654,4266.257
46411,2010-02-04T07:15:00+00:00,-1984754,4266.345
46411,2010-02-04T07:30:00+00:00,-1983854,4266.437
46411,2010-02-04T07:45:00+00:00,-1982954,4266.529
46411,2010-02-04T08:00:00+00:00,-1982054,4266.623
46411,2010-02-04T08:15:00+00:00,-1981154,4266.714
46411,2010-02-04T08:30:00+00:00,-1980254,4266.803
46411,2010-02-04T08:45:00+00:00,-1979354,4266.887
46411,2010-02-04T09:00:00+00:00,-1978454,4266.962
46411,2010-02-04T09:15:00+00:00,-1977554,4267.034
46411,2010-02-04T09:30:00+00:00,-1976654,4267.095
46411,2010-02-04T09:45:00+00:00,-1975754,4267.152
46411,2010-02-04T10:00:00+00:00,-1974854,4267.198
46411,2010-02-04T10:15:00+00:00,-1973954,4267.236
46411,2010-02-04T10:30:00+00:00,-1973054,4267.265
46411,2010-02-04T10:45:00+00:00,-1972154,4267.280
46411,2010-02-04T11:00:00+00:00,-1971254,4267.289
46411,2010-02-04T11:15:00+00:00,-1970354,4267.282
46411,2010-02-04T11:30:00+00:00,-1969454,4267.268
46411,2010-02-04T11:45:00+00:00,-1968554,4267.241
46411,2010-02-04T12:00:00+00:00,-1967654,4267.204
46411,2010-02-04T12:15:00+00:00,-1966754,4267.159
46411,2010-02-04T12:30:00+00:00,-1965854,4267.102
46411,2010-02-04T12:45:00+00:00,-1964954,4267.038
46411,2010-02-04T13:00:00+00:00,-1964054,4266.966
46411,2010-02-04T13:15:00+00:00,-1963154,4266.888
46411,2010-02-04T13:30:00+00:00,-1962254,4266.805
46411,2010-02-04T13:45:00+00:00,-1961354,4266.719
46411,2010-02-04T14:00:00+00:00,-1960454,4266.627
46411,2010-02-04T14:15:00+00:00,-1959554,4266.535
46411,2010-02-04T14:30:00+00:00,-1958654,4266.442
46411,2010-02-04T14:45:00+00:00,-1957754,4266.348
46411,2010-02-04T15:00:00+00:00,-1956854,4266.259
46411,2010-02-04T16:15:00+00:00,-1952354,4265.870
46411,2010-02-04T16:30:00+00:00,-1951454,4265.817
46411,2010-02-04T16:45:00+00:00,-1950554,4265.771
46411,2010-02-04T17:00:00+00:00,-1949654,4265.734
46411,2010-02-04T17:15:00+00:00,-1948754,4265.708
46411,2010-02-04T17:30:00+00:00,-1947854,4265.692
46411,2010-02-04T17:45:00+00:00,-1946954,4265.683
46411,2010-02-04T18:00:00+00:00,-1946054,4265.686
46411,2010-02-04T18:15:00+00:00,-1945154,4265.698
46411,2010-02-04T18:30:00+00:00,-1944254,4265.716
46411,2010-02-04T18:45:00+00:00,-1943354,4265.746
46411,2010-02-04T19:00:00+00:00,-1942454,4265.784
46411,2010-02-04T19:15:00+00:00,-1941554,4265.826
46411,2010-02-04T19:30:00+00:00,-1940654,4265.873
46411,2010-02-04T19:45:00+00:00,-1939754,4265.928
46411,2010-02-04T20:00:00+00:00,-1938854,4265.983
46411,2010-02-04T20:15:00+00:00,-1937954,4266.044
46411,2010-02-04T20:30:00+00:00,-1937054,4266.107
46411,2010-02-04T20:45:00+00:00,-1936154,4266.168
46411,2010-02-04T21:00:00+00:00,-1935254,4266.233
46411,2010-02-04T21:15:00+00:00,-1934354,4266.296
46411,2010-02-04T21:30:00+00:00,-1933454,4266.354
46411,2010-02-04T21:45:00+00:00,-1932554,4266.409
46411,2010-02-04T22:00:00+00:00,-1931654,4266.459
46411,2010-02-04T22:15:00+00:00,-1930754,4266.507
46411,2010-02-04T22:30:00+00:00,-1929854,4266.548
46411,2010-02-04T22:45:00+00:00,-1928954,4266.584
46411,2010-02-04T23:00:00+00:00,-1928054,4266.610
46411,2010-02-04T23:15:00+00:00,-1927154,4266.631
46411,2010-02-04T23:30:00+00:00,-1926254,4266.645
46411,2010-02-04T23:45:00+00:00,-1925354,4266.651
46411,2010-02-05T00:00:00+00:00,-1924454,4266.649
46411,2010-02-05T00:15:00+00:00,-1923554,4266.639
46411,2010-02-05T00:30:00+00:00,-1922654,4266.622
46411,2010-02-05T00:45:00+00:00,-1921754,4266.598
46411,2010-02-05T01:00:00+00:00,-1920854,4266.568
46411,2010-02-05T01:15:00+00:00,-1919954,4266.535
46411,2010-02-05T01:30:00+00:00,-1919054,4266.494
46411,2010-02-05T01:45:00+00:00,-1918154,4266.451
46411,2010-02-05T02:00:00+00:00,-1917254,4266.408
46411,2010-02-05T02:15:00+00:00,-1916354,4266.363
46411,2010-02-05T02:30:00+00:00,-1915454,4266.315
46411,2010-02-05T02:45:00+00:00,-1914554,4266.268
46411,2010-02-05T03:00:00+00:00,-1913654,4266.222
46411,2010-02-05T03:15:00+00:00,-1912754,4266.175
46411,2010-02-05T03:30:00+00:00,-1911854,4266.131
46411,2010-02-05T03:45:00+00:00,-1910954,4266.093
46411,2010-02-05T04:00:00+00:00,-1910054,4266.059
46411,2010-02-05T04:15:00+00:00,-1909154,4266.030
46411,2010-02-05T04:30:00+00:00,-1908254,4266.007
46411,2010-02-05T04:45:00+00:00,-1907354,4265.995
46411,2010-02-05T05:00:00+00:00,-1906454,4265.985
46411,2010-02-05T05:15:00+00:00,-1905554,4265.989
46411,2010-02-05T05:30:00+00:00,-1904654,4265.997
46411,2010-02-05T05:45:00+00:00,-1903754,4266.016
46411,2010-02-05T06:00:00+00:00,-1902854,4266.042
46411,2010-02-05T06:15:00+00:00,-1901954,4266.077
46411,2010-02-05T06:30:00+00:00,-1901054,4266.121
46411,2010-02-05T06:45:00+00:00,-1900154,4266.166
46411,2010-02-05T07:00:00+00:00,-1899254,4266.225
46411,2010-02-05T07:15:00+00:00,-1898354,4266.285
46411,2010-02-05T07:30:00+00:00,-1897454,4266.354
46411,2010-02-05T07:45:00+00:00,-1896554,4266.425
46411,2010-02-05T08:00:00+00:00,-1895654,4266.501
46411,2010-02-05T08:15:00+00:00,-1894754,4266.576
46411,2010-02-05T08:30:00+00:00,-1893854,4266.652
46411,2010-02-05T08:45:00+00:00,-1892954,4266.728
46411,2010-02-05T09:00:00+00:00,-1892054,4266.805
46411,2010-02-05T09:15:00+00:00,-1891154,4266.878
46411,2010-02-05T09:30:00+00:00,-1890254,4266.947
46411,2010-02-05T09:45:00+00:00,-1889354,4267.014
46411,2010-02-05T10:00:00+00:00,-1888454,4267.075
46411,2010-02-05T10:15:00+00:00,-1887554,4267.130
46411,2010-02-05T10:30:00+00:00,-1886654,4267.179
46411,2010-02-05T10:45:00+00:00,-1885754,4267.218
46411,2010-02-05T11:00:00+00:00,-1884854,4267.251
46411,2010-02-05T11:15:00+00:00,-1883954,4267.275
46411,2010-02-05T11:30:00+00:00,-1883054,4267.287
46411,2010-02-05T11:45:00+00:00,-1882154,4267.295
46411,2010-02-05T12:00:00+00:00,-1881254,4267.292
46411,2010-02-05T12:15:00+00:00,-1880354,4267.279
46411,2010-02-05T12:30:00+00:00,-1879454,4267.256
46411,2010-02-05T12:45:00+00:00,-1878554,4267.227
46411,2010-02-05T13:00:00+00:00,-1877654,4267.186
46411,2010-02-05T13:15:00+00:00,-1876754,4267.137
46411,2010-02-05T13:30:00+00:00,-1875854,4267.079
46411,2010-02-05T13:45:00+00:00,-1874954,4267.013
46411,2010-02-05T14:00:00+00:00,-1874054,4266.938
46411,2010-02-05T14:15:00+00:00,-1873154,4266.858
46411,2010-02-05T14:30:00+00:00,-1872254,4266.776
46411,2010-02-05T14:45:00+00:00,-1871354,4266.690
46411,2010-02-05T15:00:00+00:00,-1870454,4266.599
46411,2010-02-05T15:15:00+00:00,-1869554,4266.509
46411,2010-02-05T15:30:00+00:00,-1868654,4266.420
46411,2010-02-05T15:45:00+00:00,-1867754,4266.329
46411,2010-02-05T16:00:00+00:00,-1866854,4266.243
46411,2010-02-05T16:15:00+00:00,-1865954,4266.159
46411,2010-02-05T16:30:00+00:00,-1865054,4266.075
46411,2010-02-05T16:45:00+00:00,-1864154,4265.999
46411,2010-02-05T17:00:00+00:00,-1863254,4265.925
46411,2010-02-05T17:15:00+00:00,-1862354,4265.861
46411,2010-02-05T17:30:00+00:00,-1861454,4265.809
46411,2010-02-05T17:45:00+00:00,-1860554,4265.758
46411,2010-02-05T18:00:00+00:00,-1859654,4265.724
46411,2010-02-05T18:15:00+00:00,-1858754,4265.693
46411,2010-02-05T18:30:00+00:00,-1857854,4265.671
46411,2010-02-05T18:45:00+00:00,-1856954,4265.659
46411,2010-02-05T19:00:00+00:00,-1856054,4265.657
46411,2010-02-05T19:15:00+00:00,-1855154,4265.663
46411,2010-02-05T19:30:00+00:00,-1854254,4265.674
46411,2010-02-05T19:45:00+00:00,-1853354,4265.695
46411,2010-02-05T20:00:00+00:00,-1852454,4265.723
46411,2010-02-05T20:15:00+00:00,-1851554,4265.756
46411,2010-02-05T20:30:00+00:00,-1850654,4265.793
46411,2010-02-05T20:45:00+00:00,-1849754,4265.836
46411,2010-02-05T21:00:00+00:00,-1848854,4265.883
46411,2010-02-05T21:15:00+00:00,-1847954,4265.934
46411,2010-02-05T21:30:00+00:00,-1847054,4265.988
46411,2010-02-05T21:45:00+00:00,-1846154,4266.047
46411,2010-02-05T22:00:00+00:00,-1845254,4266.104
46411,2010-02-05T22:15:00+00:00,-1844354,4266.159
46411,2010-02-05T22:30:00+00:00,-1843454,4266.214
46411,2010-02-05T22:45:00+00:00,-1842554,4266.265
46411,2010-02-05T23:00:00+00:00,-1841654,4266.314
46411,2010-02-05T23:15:00+00:00,-1840754,4266.357
46411,2010-02-05T23:30:00+00:00,-1839854,4266.399
46411,2010-02-05T23:45:00+00:00,-1838954,4266.436
46411,2010-02-06T00:00:00+00:00,-1838054,4266.468
46411,2010-02-06T00:15:00+00:00,-1837154,4266.491
46411,2010-02-06T00:30:00+00:00,-1836254,4266.515
46411,2010-02-06T00:45:00+00:00,-1835354,4266.527
46411,2010-02-06T01:00:00+00:00,-1834454,4266.538
46411,2010-02-06T01:15:00+00:00,-1833554,4266.544
46411,2010-02-06T01:30:00+00:00,-1832654,4266.541
46411,2010-02-06T01:45:00+00:00,-1831754,4266.534
46411,2010-02-06T02:00:00+00:00,-1830854,4266.522
46411,2010-02-06T02:15:00+00:00,-1829954,4266.505
46411,2010-02-06T02:30:00+00:00,-1829054,4266.486
46411,2010-02-06T02:45:00+00:00,-1828154,4266.458
46411,2010-02-06T03:00:00+00:00,-1827254,4266.432
46411,2010-02-06T03:15:00+00:00,-1826354,4266.404
46411,2010-02-06T03:30:00+00:00,-1825454,4266.375
46411,2010-02-06T03:45:00+00:00,-1824554,4266.347
46411,2010-02-06T04:00:00+00:00,-1823654,4266.314
46411,2010-02-06T04:15:00+00:00,-1822754,4266.287
46411,2010-02-06T04:30:00+00:00,-1821854,4266.260
46411,2010-02-06T04:45:00+00:00,-1820954,4266.236
46411,2010-02-06T05:00:00+00:00,-1820054,4266.212
46411,2010-02-06T05:15:00+00:00,-1819154,4266.198
46411,2010-02-06T05:30:00+00:00,-1818254,4266.188
46411,2010-02-06T05:45:00+00:00,-1817354,4266.181
46411,2010-02-06T06:00:00+00:00,-1816454,4266.182
46411,2010-02-06T06:15:00+00:00,-1815554,4266.185
46411,2010-02-06T06:30:00+00:00,-1814654,4266.197
46411,2010-02-06T06:45:00+00:00,-1813754,4266.213
46411,2010-02-06T07:00:00+00:00,-1812854,4266.240
46411,2010-02-06T07:15:00+00:00,-1811954,4266.267
46411,2010-02-06T07:30:00+00:00,-1811054,4266.307
46411,2010-02-06T07:45:00+00:00,-1810154,4266.345
46411,2010-02-06T08:00:00+00:00,-1809254,4266.394
46411,2010-02-06T08:15:00+00:00,-1808354,4266.446
46411,2010-02-06T08:30:00+00:00,-1807454,4266.504
46411,2010-02-06T08:45:00+00:00,-1806554,4266.559
46411,2010-02-06T09:00:00+00:00,-1805654,4266.619
46411,2010-02-06T09:15:00+00:00,-1804754,4266.680
46411,2010-02-06T09:30:00+00:00,-1803854,4266.743
46411,2010-02-06T09:45:00+00:00,-1802954,4266.805
46411,2010-02-06T10:00:00+00:00,-1802054,4266.865
46411,2010-02-06T10:15:00+00:00,-1801154,4266.923
46411,2010-02-06T10:30:00+00:00,-1800254,4266.980
46411,2010-02-06T10:45:00+00:00,-1799354,4267.031
46411,2010-02-06T11:00:00+00:00,-1798454,4267.082
46411,2010-02-06T11:15:00+00:00,-1797554,4267.126
46411,2010-02-06T11:30:00+00:00,-1796654,4267.163
46411,2010-02-06T11:45:00+00:00,-1795754,4267.192
46411,2010-02-06T12:00:00+00:00,-1794854,4267.217
46411,2010-02-06T12:15:00+00:00,-1793954,4267.231
46411,2010-02-06T12:30:00+00:00,-1793054,4267.237
46411,2010-02-06T12:45:00+00:00,-1792154,4267.239
46411,2010-02-06T13:00:00+00:00,-1791254,4267.231
46411,2010-02-06T13:15:00+00:00,-1790354,4267.216
46411,2010-02-06T13:30:00+00:00,-1789454,4267.191
46411,2010-02-06T13:45:00+00:00,-1788554,4267.157
46411,2010-02-06T14:00:00+00:00,-1787654,4267.111
46411,2010-02-06T14:15:00+00:00,-1786754,4267.063
46411,2010-02-06T14:30:00+00:00,-1785854,4267.011
46411,2010-02-06T14:45:00+00:00,-1784954,4266.946
46411,2010-02-06T15:00:00+00:00,-1784054,4266.876
46411,2010-02-06T15:15:00+00:00,-1783154,4266.803
46411,2010-02-06T15:30:00+00:00,-1782254,4266.726
46411,2010-02-06T15:45:00+00:00,-1781354,4266.647
46411,2010-02-06T16:00:00+00:00,-1780454,4266.563
46411,2010-02-06T16:15:00+00:00,-1779554,4266.478
46411,2010-02-06T16:30:00+00:00,-1778654,4266.390
46411,2010-02-06T16:45:00+00:00,-1777754,4266.307
46411,2010-02-06T17:00:00+00:00,-1776854,4266.222
46411,2010-02-06T17:15:00+00:00,-1775954,4266.142
46411,2010-02-06T17:30:00+00:00,-1775054,4266.063
46411,2010-02-06T17:45:00+00:00,-1774154,4265.990
46411,2010-02-06T18:00:00+00:00,-1773254,4265.920
46411,2010-02-06T18:15:00+00:00,-1772354,4265.857
46411,2010-02-06T18:30:00+00:00,-1771454,4265.801
46411,2010-02-06T18:45:00+00:00,-1770554,4265.750
46411,2010-02-06T19:00:00+00:00,-1769654,4265.705
46411,2010-02-06T19:15:00+00:00,-1768754,4265.670
46411,2010-02-06T19:30:00+00:00,-1767854,4265.643
46411,2010-02-06T19:45:00+00:00,-1766954,4265.624
46411,2010-02-06T20:00:00+00:00,-1766054,4265.615
46411,2010-02-06T20:15:00+00:00,-1765154,4265.613
46411,2010-02-06T20:30:00+00:00,-1764254,4265.619
46411,2010-02-06T20:45:00+00:00,-1763354,4265.631
46411,2010-02-06T21:00:00+00:00,-1762454,4265.653
46411,2010-02-06T21:15:00+00:00,-1761554,4265.677
46411,2010-02-06T21:30:00+00:00,-1760654,4265.710
46411,2010-02-06T21:45:00+00:00,-1759754,4265.747
46411,2010-02-06T22:00:00+00:00,-1758854,4265.790
46411,2010-02-06T22:15:00+00:00,-1757954,4265.837
46411,2010-02-06T22:30:00+00:00,-1757054,4265.883
46411,2010-02-06T22:45:00+00:00,-1756154,4265.933
46411,2010-02-06T23:00:00+00:00,-1755254,4265.987
46411,2010-02-06T23:15:00+00:00,-1754354,4266.039
46411,2010-02-06T23:30:00+00:00,-1753454,4266.097
46411,2010-02-06T23:45:00+00:00,-1752554,4266.151
46411,2010-02-07T00:00:00+00:00,-1751654,4266.200
46411,2010-02-07T00:15:00+00:00,-1750754,4266.251
46411,2010-02-07T00:30:00+00:00,-1749854,4266.297
46411,2010-02-07T00:45:00+00:00,-1748954,4266.339
46411,2010-02-07T01:00:00+00:00,-1748054,4266.378
46411,2010-02-07T01:15:00+00:00,-1747154,4266.414
46411,2010-02-07T01:30:00+00:00,-1746254,4266.443
46411,2010-02-07T01:45:00+00:00,-1745354,4266.470
46411,2010-02-07T02:00:00+00:00,-1744454,4266.489
46411,2010-02-07T02:15:00+00:00,-1743554,4266.504
46411,2010-02-07T02:30:00+00:00,-1742654,4266.516
46411,2010-02-07T02:45:00+00:00,-1741754,4266.520
46411,2010-02-07T03:00:00+00:00,-1740854,4266.519
46411,2010-02-07T03:15:00+00:00,-1739954,4266.516
46411,2010-02-07T03:30:00+00:00,-1739054,4266.507
46411,2010-02-07T03:45:00+00:00,-1738154,4266.494
46411,2010-02-07T04:00:00+00:00,-1737254,4266.481
46411,2010-02-07T04:15:00+00:00,-1736354,4266.463
46411,2010-02-07T04:30:00+00:00,-1735454,4266.445
46411,2010-02-07T04:45:00+00:00,-1734554,4266.427
46411,2010-02-07T05:00:00+00:00,-1733654,4266.407
46411,2010-02-07T05:15:00+00:00,-1732754,4266.384
46411,2010-02-07T05:30:00+00:00,-1731854,4266.368
46411,2010-02-07T05:45:00+00:00,-1730954,4266.349
46411,2010-02-07T06:00:00+00:00,-1730054,4266.332
46411,2010-02-07T06:15:00+00:00,-1729154,4266.323
46411,2010-02-07T06:30:00+00:00,-1728254,4266.314
46411,2010-02-07T06:45:00+00:00,-1727354,4266.308
46411,2010-02-07T07:00:00+00:00,-1726454,4266.310
46411,2010-02-07T07:15:00+00:00,-1725554,4266.315
46411,2010-02-07T07:30:00+00:00,-1724654,4266.323
46411,2010-02-07T07:45:00+00:00,-1723754,4266.339
46411,2010-02-07T08:00:00+00:00,-1722854,4266.363
46411,2010-02-07T08:15:00+00:00,-1721954,4266.384
46411,2010-02-07T08:30:00+00:00,-1721054,4266.413
46411,2010-02-07T08:45:00+00:00,-1720154,4266.444
46411,2010-02-07T09:00:00+00:00,-1719254,4266.480
46411,2010-02-07T09:15:00+00:00,-1718354,4266.520
46411,2010-02-07T09:30:00+00:00,-1717454,4266.562
46411,2010-02-07T09:45:00+00:00,-1716554,4266.612
46411,2010-02-07T10:00:00+00:00,-1715654,4266.661
46411,2010-02-07T10:15:00+00:00,-1714754,4266.713
46411,2010-02-07T10:30:00+00:00,-1713854,4266.765
46411,2010-02-07T10:45:00+00:00,-1712954,4266.815
46411,2010-02-07T11:00:00+00:00,-1712054,4266.864
46411,2010-02-07T11:15:00+00:00,-1711154,4266.917
46411,2010-02-07T11:30:00+00:00,-1710254,4266.964
46411,2010-02-07T11:45:00+00:00,-1709354,4267.013
46411,2010-02-07T12:00:00+00:00,-1708454,4267.054
46411,2010-02-07T12:15:00+00:00,-1707554,4267.091
46411,2010-02-07T12:30:00+00:00,-1706654,4267.125
46411,2010-02-07T12:45:00+00:00,-1705754,4267.154
46411,2010-02-07T13:00:00+00:00,-1704854,4267.172
46411,2010-02-07T13:15:00+00:00,-1703954,4267.186
46411,2010-02-07T13:30:00+00:00,-1703054,4267.192
46411,2010-02-07T13:45:00+00:00,-1702154,4267.190
46411,2010-02-07T14:00:00+00:00,-1701254,4267.183
46411,2010-02-07T14:15:00+00:00,-1700354,4267.165
46411,2010-02-07T14:30:00+00:00,-1699454,4267.140
46411,2010-02-07T14:45:00+00:00,-1698554,4267.106
46411,2010-02-07T15:00:00+00:00,-1697654,4267.067
46411,2010-02-07T15:15:00+00:00,-1696754,4267.020
46411,2010-02-07T15:30:00+00:00,-1695854,4266.966
46411,2010-02-07T15:45:00+00:00,-1694954,4266.906
46411,2010-02-07T16:00:00+00:00,-1694054,4266.840
46411,2010-02-07T16:15:00+00:00,-1693154,4266.769
46411,2010-02-07T16:30:00+00:00,-1692254,4266.695
46411,2010-02-07T16:45:00+00:00,-1691354,4266.618
46411,2010-02-07T17:00:00+00:00,-1690454,4266.536
46411,2010-02-07T17:15:00+00:00,-1689554,4266.454
46411,2010-02-07T17:30:00+00:00,-1688654,4266.368
46411,2010-02-07T17:45:00+00:00,-1687754,4266.282
46411,2010-02-07T18:00:00+00:00,-1686854,4266.199
46411,2010-02-07T18:15:00+00:00,-1685954,4266.114
46411,2010-02-07T18:30:00+00:00,-1685054,4266.037
46411,2010-02-07T18:45:00+00:00,-1684154,4265.962
46411,2010-02-07T19:00:00+00:00,-1683254,4265.889
46411,2010-02-07T19:15:00+00:00,-1682354,4265.824
46411,2010-02-07T19:30:00+00:00,-1681454,4265.764
46411,2010-02-07T19:45:00+00:00,-1680554,4265.707
46411,2010-02-07T20:00:00+00:00,-1679654,4265.659
46411,2010-02-07T20:15:00+00:00,-1678754,4265.619
46411,2010-02-07T20:30:00+00:00,-1677854,4265.587
46411,2010-02-07T20:45:00+00:00,-1676954,4265.567
46411,2010-02-07T21:00:00+00:00,-1676054,4265.547
46411,2010-02-07T21:15:00+00:00,-1675154,4265.538
46411,2010-02-07T21:30:00+00:00,-1674254,4265.540
46411,2010-02-07T21:45:00+00:00,-1673354,4265.546
46411,2010-02-07T22:00:00+00:00,-1672454,4265.560
46411,2010-02-07T22:15:00+00:00,-1671554,4265.581
46411,2010-02-07T22:30:00+00:00,-1670654,4265.612
46411,2010-02-07T22:45:00+00:00,-1669754,4265.649
46411,2010-02-07T23:00:00+00:00,-1668854,4265.691
46411,2010-02-07T23:15:00+00:00,-1667954,4265.734
46411,2010-02-07T23:30:00+00:00,-1667054,4265.786
46411,2010-02-07T23:45:00+00:00,-1666154,4265.840
46411,2010-02-08T00:00:00+00:00,-1665254,4265.896
46411,2010-02-08T00:15:00+00:00,-1664354,4265.957
46411,2010-02-08T00:30:00+00:00,-1663454,4266.017
46411,2010-02-08T00:45:00+00:00,-1662554,4266.080
46411,2010-02-08T01:00:00+00:00,-1661654,4266.137
46411,2010-02-08T01:15:00+00:00,-1660754,4266.194
46411,2010-02-08T01:30:00+00:00,-1659854,4266.247
46411,2010-02-08T01:45:00+00:00,-1658954,4266.297
46411,2010-02-08T02:00:00+00:00,-1658054,4266.342
46411,2010-02-08T02:15:00+00:00,-1657154,4266.385
46411,2010-02-08T02:30:00+00:00,-1656254,4266.423
46411,2010-02-08T02:45:00+00:00,-1655354,4266.457
46411,2010-02-08T03:00:00+00:00,-1654454,4266.483
46411,2010-02-08T03:15:00+00:00,-1653554,4266.507
46411,2010-02-08T03:30:00+00:00,-1652654,4266.527
46411,2010-02-08T03:45:00+00:00,-1651754,4266.538
46411,2010-02-08T04:00:00+00:00,-1650854,4266.549
46411,2010-02-08T04:15:00+00:00,-1649954,4266.556
46411,2010-02-08T04:30:00+00:00,-1649054,4266.564
46411,2010-02-08T04:45:00+00:00,-1648154,4266.562
46411,2010-02-08T05:00:00+00:00,-1647254,4266.558
46411,2010-02-08T05:15:00+00:00,-1646354,4266.547
46411,2010-02-08T05:30:00+00:00,-1645454,4266.537
46411,2010-02-08T05:45:00+00:00,-1644554,4266.525
46411,2010-02-08T06:00:00+00:00,-1643654,4266.506
46411,2010-02-08T06:15:00+00:00,-1642754,4266.490
46411,2010-02-08T06:30:00+00:00,-1641854,4266.477
46411,2010-02-08T06:45:00+00:00,-1640954,4266.458
46411,2010-02-08T07:00:00+00:00,-1640054,4266.443
46411,2010-02-08T07:15:00+00:00,-1639154,4266.433
46411,2010-02-08T07:30:00+00:00,-1638254,4266.422
46411,2010-02-08T07:45:00+00:00,-1637354,4266.416
46411,2010-02-08T08:00:00+00:00,-1636454,4266.413
46411,2010-02-08T08:15:00+00:00,-1635554,4266.416
46411,2010-02-08T08:30:00+00:00,-1634654,4266.421
46411,2010-02-08T08:45:00+00:00,-1633754,4266.431
46411,2010-02-08T09:00:00+00:00,-1632854,4266.445
46411,2010-02-08T09:15:00+00:00,-1631954,4266.463
46411,2010-02-08T09:30:00+00:00,-1631054,4266.486
46411,2010-02-08T09:45:00+00:00,-1630154,4266.513
46411,2010-02-08T10:00:00+00:00,-1629254,4266.545
46411,2010-02-08T10:15:00+00:00,-1628354,4266.578
46411,2010-02-08T10:30:00+00:00,-1627454,4266.615
46411,2010-02-08T10:45:00+00:00,-1626554,4266.657
46411,2010-02-08T11:00:00+00:00,-1625654,4266.697
46411,2010-02-08T11:15:00+00:00,-1624754,4266.745
46411,2010-02-08T11:30:00+00:00,-1623854,4266.788
46411,2010-02-08T11:45:00+00:00,-1622954,4266.834
46411,2010-02-08T12:00:00+00:00,-1622054,4266.882
46411,2010-02-08T12:15:00+00:00,-1621154,4266.931
46411,2010-02-08T12:30:00+00:00,-1620254,4266.979
46411,2010-02-08T12:45:00+00:00,-1619354,4267.022
46411,2010-02-08T13:00:00+00:00,-1618454,4267.065
46411,2010-02-08T13:15:00+00:00,-1617554,4267.100
46411,2010-02-08T13:30:00+00:00,-1616654,4267.134
46411,2010-02-08T13:45:00+00:00,-1615754,4267.161
46411,2010-02-08T14:00:00+00:00,-1614854,4267.179
46411,2010-02-08T14:15:00+00:00,-1613954,4267.191
46411,2010-02-08T14:30:00+00:00,-1613054,4267.198
46411,2010-02-08T14:45:00+00:00,-1612154,4267.199
46411,2010-02-08T15:00:00+00:00,-1611254,4267.190
46411,2010-02-08T15:15:00+00:00,-1610354,4267.173
46411,2010-02-08T15:30:00+00:00,-1609454,4267.147
46411,2010-02-08T15:45:00+00:00,-1608554,4267.116
46411,2010-02-08T16:00:00+00:00,-1607654,4267.076
46411,2010-02-08T16:15:00+00:00,-1606754,4267.029
46411,2010-02-08T16:30:00+00:00,-1605854,4266.979
46411,2010-02-08T16:45:00+00:00,-1604954,4266.920
46411,2010-02-08T17:00:00+00:00,-1604054,4266.855
46411,2010-02-08T17:15:00+00:00,-1603154,4266.785
46411,2010-02-08T17:30:00+00:00,-1602254,4266.709
46411,2010-02-08T17:45:00+00:00,-1601354,4266.629
46411,2010-02-08T18:00:00+00:00,-1600454,4266.544
46411,2010-02-08T18:15:00+00:00,-1599554,4266.453
46411,2010-02-08T18:30:00+00:00,-1598654,4266.360
46411,2010-02-08T18:45:00+00:00,-1597754,4266.274
46411,2010-02-08T19:00:00+00:00,-1596854,4266.186
46411,2010-02-08T19:15:00+00:00,-1595954,4266.097
46411,2010-02-08T19:30:00+00:00,-1595054,4266.011
46411,2010-02-08T19:45:00+00:00,-1594154,4265.932
46411,2010-02-08T20:00:00+00:00,-1593254,4265.855
46411,2010-02-08T20:15:00+00:00,-1592354,4265.784
46411,2010-02-08T20:30:00+00:00,-1591454,4265.719
46411,2010-02-08T20:45:00+00:00,-1590554,4265.664
46411,2010-02-08T21:00:00+00:00,-1589654,4265.612
46411,2010-02-08T21:15:00+00:00,-1588754,4265.571
46411,2010-02-08T21:30:00+00:00,-1587854,4265.538
46411,2010-02-08T21:45:00+00:00,-1586954,4265.512
46411,2010-02-08T22:00:00+00:00,-1586054,4265.491
46411,2010-02-08T22:15:00+00:00,-1585154,4265.486
46411,2010-02-08T22:30:00+00:00,-1584254,4265.486
46411,2010-02-08T22:45:00+00:00,-1583354,4265.495
46411,2010-02-08T23:00:00+00:00,-1582454,4265.509
46411,2010-02-08T23:15:00+00:00,-1581554,4265.533
46411,2010-02-08T23:30:00+00:00,-1580654,4265.563
46411,2010-02-08T23:45:00+00:00,-1579754,4265.600
46411,2010-02-09T00:00:00+00:00,-1578854,4265.647
46411,2010-02-09T00:15:00+00:00,-1577954,4265.697
46411,2010-02-09T00:30:00+00:00,-1577054,4265.751
46411,2010-02-09T00:45:00+00:00,-1576154,4265.809
46411,2010-02-09T01:00:00+00:00,-1575254,4265.871
46411,2010-02-09T01:15:00+00:00,-1574354,4265.935
46411,2010-02-09T01:30:00+00:00,-1573454,4265.998
46411,2010-02-09T01:45:00+00:00,-1572554,4266.064
46411,2010-02-09T02:00:00+00:00,-1571654,4266.129
46411,2010-02-09T02:15:00+00:00,-1570754,4266.189
46411,2010-02-09T02:30:00+00:00,-1569854,4266.251
46411,2010-02-09T02:45:00+00:00,-1568954,4266.310
46411,2010-02-09T03:00:00+00:00,-1568054,4266.361
46411,2010-02-09T03:15:00+00:00,-1567154,4266.410
46411,2010-02-09T03:30:00+00:00,-1566254,4266.453
46411,2010-02-09T03:45:00+00:00,-1565354,4266.493
46411,2010-02-09T04:00:00+00:00,-1564454,4266.529
46411,2010-02-09T04:15:00+00:00,-1563554,4266.559
46411,2010-02-09T04:30:00+00:00,-1562654,4266.582
46411,2010-02-09T04:45:00+00:00,-1561754,4266.603
46411,2010-02-09T05:00:00+00:00,-1560854,4266.616
46411,2010-02-09T05:15:00+00:00,-1559954,4266.623
46411,2010-02-09T05:30:00+00:00,-1559054,4266.625
46411,2010-02-09T05:45:00+00:00,-1558154,4266.623
46411,2010-02-09T06:00:00+00:00,-1557254,4266.619
46411,2010-02-09T07:15:00+00:00,-1552754,4266.545
46411,2010-02-09T07:30:00+00:00,-1551854,4266.528
46411,2010-02-09T07:45:00+00:00,-1550954,4266.513
46411,2010-02-09T08:00:00+00:00,-1550054,4266.493
46411,2010-02-09T08:15:00+00:00,-1549154,4266.476
46411,2010-02-09T08:30:00+00:00,-1548254,4266.458
46411,2010-02-09T08:45:00+00:00,-1547354,4266.443
46411,2010-02-09T09:00:00+00:00,-1546454,4266.436
46411,2010-02-09T09:15:00+00:00,-1545554,4266.434
46411,2010-02-09T09:30:00+00:00,-1544654,4266.434
46411,2010-02-09T09:45:00+00:00,-1543754,4266.439
46411,2010-02-09T10:00:00+00:00,-1542854,4266.449
46411,2010-02-09T10:15:00+00:00,-1541954,4266.465
46411,2010-02-09T10:30:00+00:00,-1541054,4266.484
46411,2010-02-09T10:45:00+00:00,-1540154,4266.508
46411,2010-02-09T11:00:00+00:00,-1539254,4266.536
46411,2010-02-09T11:15:00+00:00,-1538354,4266.569
46411,2010-02-09T11:30:00+00:00,-1537454,4266.604
46411,2010-02-09T11:45:00+00:00,-1536554,4266.644
46411,2010-02-09T12:00:00+00:00,-1535654,4266.687
46411,2010-02-09T12:15:00+00:00,-1534754,4266.731
46411,2010-02-09T12:30:00+00:00,-1533854,4266.781
46411,2010-02-09T12:45:00+00:00,-1532954,4266.832
46411,2010-02-09T13:00:00+00:00,-1532054,4266.881
46411,2010-02-09T13:15:00+00:00,-1531154,4266.928
46411,2010-02-09T13:30:00+00:00,-1530254,4266.976
46411,2010-02-09T13:45:00+00:00,-1529354,4267.019
46411,2010-02-09T14:00:00+00:00,-1528454,4267.061
46411,2010-02-09T14:15:00+00:00,-1527554,4267.099
46411,2010-02-09T14:30:00+00:00,-1526654,4267.132
46411,2010-02-09T14:45:00+00:00,-1525754,4267.162
46411,2010-02-09T15:00:00+00:00,-1524854,4267.181
46411,2010-02-09T15:15:00+00:00,-1523954,4267.196
46411,2010-02-09T15:30:00+00:00,-1523054,4267.203
46411,2010-02-09T15:45:00+00:00,-1522154,4267.202
46411,2010-02-09T16:00:00+00:00,-1521254,4267.193
46411,2010-02-09T16:15:00+00:00,-1520354,4267.178
46411,2010-02-09T16:30:00+00:00,-1519454,4267.149
46411,2010-02-09T16:45:00+00:00,-1518554,4267.115
46411,2010-02-09T17:00:00+00:00,-1517654,4267.074
46411,2010-02-09T17:15:00+00:00,-1516754,4267.022
46411,2010-02-09T17:30:00+00:00,-1515854,4266.963
46411,2010-02-09T17:45:00+00:00,-1514954,4266.900
46411,2010-02-09T18:00:00+00:00,-1514054,4266.827
46411,2010-02-09T18:15:00+00:00,-1513154,4266.748
46411,2010-02-09T18:30:00+00:00,-1512254,4266.665
46411,2010-02-09T18:45:00+00:00,-1511354,4266.582
46411,2010-02-09T19:00:00+00:00,-1510454,4266.494
46411,2010-02-09T19:15:00+00:00,-1509554,4266.404
46411,2010-02-09T19:30:00+00:00,-1508654,4266.309
46411,2010-02-09T19:45:00+00:00,-1507754,4266.216
46411,2010-02-09T20:00:00+00:00,-1506854,4266.124
46411,2010-02-09T20:15:00+00:00,-1505954,4266.033
46411,2010-02-09T20:30:00+00:00,-1505054,4265.947
46411,2010-02-09T20:45:00+00:00,-1504154,4265.862
46411,2010-02-09T21:00:00+00:00,-1503254,4265.785
46411,2010-02-09T21:15:00+00:00,-1502354,4265.715
46411,2010-02-09T21:30:00+00:00,-1501454,4265.649
46411,2010-02-09T21:45:00+00:00,-1500554,4265.593
46411,2010-02-09T22:00:00+00:00,-1499654,4265.543
46411,2010-02-09T22:15:00+00:00,-1498754,4265.504
46411,2010-02-09T22:30:00+00:00,-1497854,4265.473
46411,2010-02-09T22:45:00+00:00,-1496954,4265.454
46411,2010-02-09T23:00:00+00:00,-1496054,4265.441
46411,2010-02-09T23:15:00+00:00,-1495154,4265.437
46411,2010-02-09T23:30:00+00:00,-1494254,4265.443
46411,2010-02-09T23:45:00+00:00,-1493354,4265.457
46411,2010-02-10T00:00:00+00:00,-1492454,4265.479
46411,2010-02-10T00:15:00+00:00,-1491554,4265.510
46411,2010-02-10T00:30:00+00:00,-1490654,4265.549
46411,2010-02-10T00:45:00+00:00,-1489754,4265.594
46411,2010-02-10T01:00:00+00:00,-1488854,4265.645
46411,2010-02-10T01:15:00+00:00,-1487954,4265.703
46411,2010-02-10T01:30:00+00:00,-1487054,4265.766
46411,2010-02-10T01:45:00+00:00,-1486154,4265.833
46411,2010-02-10T02:00:00+00:00,-1485254,4265.905
46411,2010-02-10T02:15:00+00:00,-1484354,4265.976
46411,2010-02-10T02:30:00+00:00,-1483454,4266.048
46411,2010-02-10T02:45:00+00:00,-1482554,4266.121
46411,2010-02-10T03:00:00+00:00,-1481654,4266.192
46411,2010-02-10T03:15:00+00:00,-1480754,4266.258
46411,2010-02-10T03:30:00+00:00,-1479854,4266.321
46411,2010-02-10T03:45:00+00:00,-1478954,4266.380
46411,2010-02-10T04:00:00+00:00,-1478054,4266.439
46411,2010-02-10T04:15:00+00:00,-1477154,4266.490
46411,2010-02-10T04:30:00+00:00,-1476254,4266.537
46411,2010-02-10T04:45:00+00:00,-1475354,4266.575
46411,2010-02-10T05:00:00+00:00,-1474454,4266.609
46411,2010-02-10T05:15:00+00:00,-1473554,4266.634
46411,2010-02-10T05:30:00+00:00,-1472654,4266.656
46411,2010-02-10T05:45:00+00:00,-1471754,4266.671
46411,2010-02-10T06:00:00+00:00,-1470854,4266.678
46411,2010-02-10T06:15:00+00:00,-1469954,4266.678
46411,2010-02-10T06:30:00+00:00,-1469054,4266.676
46411,2010-02-10T06:45:00+00:00,-1468154,4266.670
46411,2010-02-10T07:00:00+00:00,-1467254,4266.656
46411,2010-02-10T07:15:00+00:00,-1466354,4266.641
46411,2010-02-10T07:30:00+00:00,-1465454,4266.619
46411,2010-02-10T07:45:00+00:00,-1464554,4266.595
46411,2010-02-10T08:00:00+00:00,-1463654,4266.570
46411,2010-02-10T08:15:00+00:00,-1462754,4266.547
46411,2010-02-10T08:30:00+00:00,-1461854,4266.519
46411,2010-02-10T08:45:00+00:00,-1460954,4266.493
46411,2010-02-10T09:00:00+00:00,-1460054,4266.472
46411,2010-02-10T09:15:00+00:00,-1459154,4266.455
46411,2010-02-10T09:30:00+00:00,-1458254,4266.432
46411,2010-02-10T09:45:00+00:00,-1457354,4266.417
46411,2010-02-10T10:00:00+00:00,-1456454,4266.406
46411,2010-02-10T10:15:00+00:00,-1455554,4266.402
46411,2010-02-10T10:30:00+00:00,-1454654,4266.403
46411,2010-02-10T10:45:00+00:00,-1453754,4266.402
46411,2010-02-10T11:00:00+00:00,-1452854,4266.413
46411,2010-02-10T11:15:00+00:00,-1451954,4266.426
46411,2010-02-10T11:30:00+00:00,-1451054,4266.445
46411,2010-02-10T11:45:00+00:00,-1450154,4266.469
46411,2010-02-10T12:00:00+00:00,-1449254,4266.498
46411,2010-02-10T12:15:00+00:00,-1448354,4266.533
46411,2010-02-10T12:30:00+00:00,-1447454,4266.576
46411,2010-02-10T12:45:00+00:00,-1446554,4266.623
46411,2010-02-10T13:00:00+00:00,-1445654,4266.670
46411,2010-02-10T13:15:00+00:00,-1444754,4266.721
46411,2010-02-10T13:30:00+00:00,-1443854,4266.771
46411,2010-02-10T13:45:00+00:00,-1442954,4266.821
46411,2010-02-10T14:00:00+00:00,-1442054,4266.873
46411,2010-02-10T14:15:00+00:00,-1441154,4266.923
46411,2010-02-10T14:30:00+00:00,-1440254,4266.971
46411,2010-02-10T14:45:00+00:00,-1439354,4267.020
46411,2010-02-10T15:00:00+00:00,-1438454,4267.066
46411,2010-02-10T15:15:00+00:00,-1437554,4267.104
46411,2010-02-10T15:30:00+00:00,-1436654,4267.141
46411,2010-02-10T15:45:00+00:00,-1435754,4267.166
46411,2010-02-10T16:00:00+00:00,-1434854,4267.182
46411,2010-02-10T16:15:00+00:00,-1433954,4267.195
46411,2010-02-10T16:30:00+00:00,-1433054,4267.199
46411,2010-02-10T16:45:00+00:00,-1432154,4267.190
46411,2010-02-10T17:00:00+00:00,-1431254,4267.178
46411,2010-02-10T17:15:00+00:00,-1430354,4267.154
46411,2010-02-10T17:30:00+00:00,-1429454,4267.123
46411,2010-02-10T17:45:00+00:00,-1428554,4267.084
46411,2010-02-10T18:00:00+00:00,-1427654,4267.035
46411,2010-02-10T18:15:00+00:00,-1426754,4266.981
46411,2010-02-10T18:30:00+00:00,-1425854,4266.919
46411,2010-02-10T18:45:00+00:00,-1424954,4266.847
46411,2010-02-10T19:00:00+00:00,-1424054,4266.770
46411,2010-02-10T19:15:00+00:00,-1423154,4266.688
46411,2010-02-10T19:30:00+00:00,-1422254,4266.599
46411,2010-02-10T19:45:00+00:00,-1421354,4266.502
46411,2010-02-10T20:00:00+00:00,-1420454,4266.407
46411,2010-02-10T20:15:00+00:00,-1419554,4266.309
46411,2010-02-10T20:30:00+00:00,-1418654,4266.216
46411,2010-02-10T20:45:00+00:00,-1417754,4266.117
46411,2010-02-10T21:00:00+00:00,-1416854,4266.023
46411,2010-02-10T21:15:00+00:00,-1415954,4265.931
46411,2010-02-10T21:30:00+00:00,-1415054,4265.843
46411,2010-02-10T21:45:00+00:00,-1414154,4265.760
46411,2010-02-10T22:00:00+00:00,-1413254,4265.686
46411,2010-02-10T22:15:00+00:00,-1412354,4265.614
46411,2010-02-10T22:30:00+00:00,-1411454,4265.557
46411,2010-02-10T22:45:00+00:00,-1410554,4265.503
46411,2010-02-10T23:00:00+00:00,-1409654,4265.462
46411,2010-02-10T23:15:00+00:00,-1408754,4265.429
46411,2010-02-10T23:30:00+00:00,-1407854,4265.406
46411,2010-02-10T23:45:00+00:00,-1406954,4265.391
46411,2010-02-11T00:00:00+00:00,-1406054,4265.390
46411,2010-02-11T00:15:00+00:00,-1405154,4265.395
46411,2010-02-11T00:30:00+00:00,-1404254,4265.412
46411,2010-02-11T00:45:00+00:00,-1403354,4265.437
46411,2010-02-11T01:00:00+00:00,-1402454,4265.474
46411,2010-02-11T01:15:00+00:00,-1401554,4265.520
46411,2010-02-11T01:30:00+00:00,-1400654,4265.572
46411,2010-02-11T01:45:00+00:00,-1399754,4265.629
46411,2010-02-11T02:00:00+00:00,-1398854,4265.693
46411,2010-02-11T02:15:00+00:00,-1397954,4265.762
46411,2010-02-11T02:30:00+00:00,-1397054,4265.834
46411,2010-02-11T02:45:00+00:00,-1396154,4265.909
46411,2010-02-11T03:00:00+00:00,-1395254,4265.985
46411,2010-02-11T03:15:00+00:00,-1394354,4266.058
46411,2010-02-11T03:30:00+00:00,-1393454,4266.135
46411,2010-02-11T03:45:00+00:00,-1392554,4266.207
46411,2010-02-11T04:00:00+00:00,-1391654,4266.281
46411,2010-02-11T04:15:00+00:00,-1390754,4266.350
46411,2010-02-11T04:30:00+00:00,-1389854,4266.415
46411,2010-02-11T04:45:00+00:00,-1388954,4266.473
46411,2010-02-11T05:00:00+00:00,-1388054,4266.524
46411,2010-02-11T05:15:00+00:00,-1387154,4266.575
46411,2010-02-11T05:30:00+00:00,-1386254,4266.617
46411,2010-02-11T05:45:00+00:00,-1385354,4266.651
46411,2010-02-11T06:00:00+00:00,-1384454,4266.678
46411,2010-02-11T06:15:00+00:00,-1383554,4266.695
46411,2010-02-11T06:30:00+00:00,-1382654,4266.704
46411,2010-02-11T06:45:00+00:00,-1381754,4266.707
46411,2010-02-11T07:00:00+00:00,-1380854,4266.705
46411,2010-02-11T07:15:00+00:00,-1379954,4266.696
46411,2010-02-11T07:30:00+00:00,-1379054,4266.683
46411,2010-02-11T07:45:00+00:00,-1378154,4266.668
46411,2010-02-11T08:00:00+00:00,-1377254,4266.648
46411,2010-02-11T08:15:00+00:00,-1376354,4266.623
46411,2010-02-11T08:30:00+00:00,-1375454,4266.596
46411,2010-02-11T08:45:00+00:00,-1374554,4266.563
46411,2010-02-11T09:00:00+00:00,-1373654,4266.528
46411,2010-02-11T09:15:00+00:00,-1372754,4266.496
46411,2010-02-11T09:30:00+00:00,-1371854,4266.468
46411,2010-02-11T09:45:00+00:00,-1370954,4266.437
46411,2010-02-11T10:00:00+00:00,-1370054,4266.414
46411,2010-02-11T10:15:00+00:00,-1369154,4266.390
46411,2010-02-11T10:30:00+00:00,-1368254,4266.374
46411,2010-02-11T10:45:00+00:00,-1367354,4266.357
46411,2010-02-11T11:00:00+00:00,-1366454,4266.345
46411,2010-02-11T11:15:00+00:00,-1365554,4266.340
46411,2010-02-11T11:30:00+00:00,-1364654,4266.339
46411,2010-02-11T11:45:00+00:00,-1363754,4266.348
46411,2010-02-11T12:00:00+00:00,-1362854,4266.362
46411,2010-02-11T12:15:00+00:00,-1361954,4266.382
46411,2010-02-11T12:30:00+00:00,-1361054,4266.410
46411,2010-02-11T12:45:00+00:00,-1360154,4266.441
46411,2010-02-11T13:00:00+00:00,-1359254,4266.480
46411,2010-02-11T13:15:00+00:00,-1358354,4266.521
46411,2010-02-11T13:30:00+00:00,-1357454,4266.567
46411,2010-02-11T13:45:00+00:00,-1356554,4266.617
46411,2010-02-11T14:00:00+00:00,-1355654,4266.670
46411,2010-02-11T14:15:00+00:00,-1354754,4266.726
46411,2010-02-11T14:30:00+00:00,-1353854,4266.784
46411,2010-02-11T14:45:00+00:00,-1352954,4266.841
46411,2010-02-11T15:00:00+00:00,-1352054,4266.896
46411,2010-02-11T15:15:00+00:00,-1351154,4266.951
46411,2010-02-11T15:30:00+00:00,-1350254,4266.999
46411,2010-02-11T15:45:00+00:00,-1349354,4267.045
46411,2010-02-11T16:00:00+00:00,-1348454,4267.088
46411,2010-02-11T16:15:00+00:00,-1347554,4267.126
46411,2010-02-11T16:30:00+00:00,-1346654,4267.154
46411,2010-02-11T16:45:00+00:00,-1345754,4267.175
46411,2010-02-11T17:00:00+00:00,-1344854,4267.187
46411,2010-02-11T17:15:00+00:00,-1343954,4267.189
46411,2010-02-11T17:30:00+00:00,-1343054,4267.184
46411,2010-02-11T17:45:00+00:00,-1342154,4267.171
46411,2010-02-11T18:00:00+00:00,-1341254,4267.144
46411,2010-02-11T18:15:00+00:00,-1340354,4267.113
46411,2010-02-11T18:30:00+00:00,-1339454,4267.069
46411,2010-02-11T18:45:00+00:00,-1338554,4267.016
46411,2010-02-11T19:00:00+00:00,-1337654,4266.956
46411,2010-02-11T19:15:00+00:00,-1336754,4266.891
46411,2010-02-11T19:30:00+00:00,-1335854,4266.815
46411,2010-02-11T19:45:00+00:00,-1334954,4266.733
46411,2010-02-11T20:00:00+00:00,-1334054,4266.647
46411,2010-02-11T20:15:00+00:00,-1333154,4266.556
46411,2010-02-11T20:30:00+00:00,-1332254,4266.460
46411,2010-02-11T20:45:00+00:00,-1331354,4266.361
46411,2010-02-11T21:00:00+00:00,-1330454,4266.260
46411,2010-02-11T21:15:00+00:00,-1329554,4266.160
46411,2010-02-11T21:30:00+00:00,-1328654,4266.063
46411,2010-02-11T21:45:00+00:00,-1327754,4265.964
46411,2010-02-11T22:00:00+00:00,-1326854,4265.873
46411,2010-02-11T22:15:00+00:00,-1325954,4265.784
46411,2010-02-11T22:30:00+00:00,-1325054,4265.705
46411,2010-02-11T22:45:00+00:00,-1324154,4265.631
46411,2010-02-11T23:00:00+00:00,-1323254,4265.563
46411,2010-02-11T23:15:00+00:00,-1322354,4265.508
46411,2010-02-11T23:30:00+00:00,-1321454,4265.459
46411,2010-02-11T23:45:00+00:00,-1320554,4265.420
46411,2010-02-12T00:00:00+00:00,-1319654,4265.392
46411,2010-02-12T00:15:00+00:00,-1318754,4265.377
46411,2010-02-12T00:30:00+00:00,-1317854,4265.368
46411,2010-02-12T00:45:00+00:00,-1316954,4265.370
46411,2010-02-12T01:00:00+00:00,-1316054,4265.385
46411,2010-02-12T01:15:00+00:00,-1315154,4265.409
46411,2010-02-12T01:30:00+00:00,-1314254,4265.441
46411,2010-02-12T01:45:00+00:00,-1313354,4265.486
46411,2010-02-12T02:00:00+00:00,-1312454,4265.541
46411,2010-02-12T02:15:00+00:00,-1311554,4265.598
46411,2010-02-12T02:30:00+00:00,-1310654,4265.664
46411,2010-02-12T02:45:00+00:00,-1309754,4265.737
46411,2010-02-12T03:00:00+00:00,-1308854,4265.811
46411,2010-02-12T03:15:00+00:00,-1307954,4265.894
46411,2010-02-12T03:30:00+00:00,-1307054,4265.975
46411,2010-02-12T03:45:00+00:00,-1306154,4266.055
46411,2010-02-12T04:00:00+00:00,-1305254,4266.139
46411,2010-02-12T04:15:00+00:00,-1304354,4266.216
46411,2010-02-12T04:30:00+00:00,-1303454,4266.294
46411,2010-02-12T04:45:00+00:00,-1302554,4266.368
46411,2010-02-12T05:00:00+00:00,-1301654,4266.435
46411,2010-02-12T05:15:00+00:00,-1300754,4266.498
46411,2010-02-12T05:30:00+00:00,-1299854,4266.557
46411,2010-02-12T05:45:00+00:00,-1298954,4266.610
46411,2010-02-12T06:00:00+00:00,-1298054,4266.653
46411,2010-02-12T06:15:00+00:00,-1297154,4266.689
46411,2010-02-12T06:30:00+00:00,-1296254,4266.714
46411,2010-02-12T06:45:00+00:00,-1295354,4266.736
46411,2010-02-12T07:00:00+00:00,-1294454,4266.750
46411,2010-02-12T07:15:00+00:00,-1293554,4266.758
46411,2010-02-12T07:30:00+00:00,-1292654,4266.757
46411,2010-02-12T07:45:00+00:00,-1291754,4266.749
46411,2010-02-12T08:00:00+00:00,-1290854,4266.733
46411,2010-02-12T08:15:00+00:00,-1289954,4266.712
46411,2010-02-12T08:30:00+00:00,-1289054,4266.688
46411,2010-02-12T08:45:00+00:00,-1288154,4266.656
46411,2010-02-12T09:00:00+00:00,-1287254,4266.623
46411,2010-02-12T09:15:00+00:00,-1286354,4266.585
46411,2010-02-12T09:30:00+00:00,-1285454,4266.550
46411,2010-02-12T09:45:00+00:00,-1284554,4266.511
46411,2010-02-12T10:00:00+00:00,-1283654,4266.476
46411,2010-02-12T10:15:00+00:00,-1282754,4266.439
46411,2010-02-12T10:30:00+00:00,-1281854,4266.403
46411,2010-02-12T10:45:00+00:00,-1280954,4266.373
46411,2010-02-12T11:00:00+00:00,-1280054,4266.343
46411,2010-02-12T11:15:00+00:00,-1279154,4266.318
46411,2010-02-12T11:30:00+00:00,-1278254,4266.300
46411,2010-02-12T11:45:00+00:00,-1277354,4266.284
46411,2010-02-12T12:00:00+00:00,-1276454,4266.277
46411,2010-02-12T12:15:00+00:00,-1275554,4266.276
46411,2010-02-12T12:30:00+00:00,-1274654,4266.288
46411,2010-02-12T12:45:00+00:00,-1273754,4266.302
46411,2010-02-12T13:00:00+00:00,-1272854,4266.325
46411,2010-02-12T13:15:00+00:00,-1271954,4266.350
46411,2010-02-12T13:30:00+00:00,-1271054,4266.385
46411,2010-02-12T13:45:00+00:00,-1270154,4266.425
46411,2010-02-12T14:00:00+00:00,-1269254,4266.467
46411,2010-02-12T14:15:00+00:00,-1268354,4266.519
46411,2010-02-12T14:30:00+00:00,-1267454,4266.575
46411,2010-02-12T14:45:00+00:00,-1266554,4266.632
46411,2010-02-12T15:00:00+00:00,-1265654,4266.690
46411,2010-02-12T15:15:00+00:00,-1264754,4266.754
46411,2010-02-12T15:30:00+00:00,-1263854,4266.812
46411,2010-02-12T15:45:00+00:00,-1262954,4266.869
46411,2010-02-12T16:00:00+00:00,-1262054,4266.924
46411,2010-02-12T16:15:00+00:00,-1261154,4266.977
46411,2010-02-12T16:30:00+00:00,-1260254,4267.024
46411,2010-02-12T16:45:00+00:00,-1259354,4267.066
46411,2010-02-12T17:00:00+00:00,-1258454,4267.099
46411,2010-02-12T17:15:00+00:00,-1257554,4267.131
46411,2010-02-12T17:30:00+00:00,-1256654,4267.150
46411,2010-02-12T17:45:00+00:00,-1255754,4267.163
46411,2010-02-12T18:00:00+00:00,-1254854,4267.161
46411,2010-02-12T18:15:00+00:00,-1253954,4267.157
46411,2010-02-12T18:30:00+00:00,-1253054,4267.139
46411,2010-02-12T18:45:00+00:00,-1252154,4267.113
46411,2010-02-12T19:00:00+00:00,-1251254,4267.077
46411,2010-02-12T19:15:00+00:00,-1250354,4267.029
46411,2010-02-12T19:30:00+00:00,-1249454,4266.969
46411,2010-02-12T19:45:00+00:00,-1248554,4266.908
46411,2010-02-12T20:00:00+00:00,-1247654,4266.835
46411,2010-02-12T20:15:00+00:00,-1246754,4266.756
46411,2010-02-12T20:30:00+00:00,-1245854,4266.666
46411,2010-02-12T20:45:00+00:00,-1244954,4266.578
46411,2010-02-12T21:00:00+00:00,-1244054,4266.484
46411,2010-02-12T21:15:00+00:00,-1243154,4266.386
46411,2010-02-12T21:30:00+00:00,-1242254,4266.282
46411,2010-02-12T21:45:00+00:00,-1241354,4266.188
46411,2010-02-12T22:00:00+00:00,-1240454,4266.091
46411,2010-02-12T22:15:00+00:00,-1239554,4265.995
46411,2010-02-12T22:30:00+00:00,-1238654,4265.903
46411,2010-02-12T22:45:00+00:00,-1237754,4265.813
46411,2010-02-12T23:00:00+00:00,-1236854,4265.734
46411,2010-02-12T23:15:00+00:00,-1235954,4265.658
46411,2010-02-12T23:30:00+00:00,-1235054,4265.594
46411,2010-02-12T23:45:00+00:00,-1234154,4265.530
46411,2010-02-13T00:00:00+00:00,-1233254,4265.477
46411,2010-02-13T00:15:00+00:00,-1232354,4265.439
46411,2010-02-13T00:30:00+00:00,-1231454,4265.407
46411,2010-02-13T00:45:00+00:00,-1230554,4265.390
46411,2010-02-13T01:00:00+00:00,-1229654,4265.381
46411,2010-02-13T01:15:00+00:00,-1228754,4265.382
46411,2010-02-13T01:30:00+00:00,-1227854,4265.395
46411,2010-02-13T01:45:00+00:00,-1226954,4265.421
46411,2010-02-13T02:00:00+00:00,-1226054,4265.453
46411,2010-02-13T02:15:00+00:00,-1225154,4265.495
46411,2010-02-13T02:30:00+00:00,-1224254,4265.546
46411,2010-02-13T02:45:00+00:00,-1223354,4265.606
46411,2010-02-13T03:00:00+00:00,-1222454,4265.671
46411,2010-02-13T03:15:00+00:00,-1221554,4265.744
46411,2010-02-13T03:30:00+00:00,-1220654,4265.820
46411,2010-02-13T03:45:00+00:00,-1219754,4265.903
46411,2010-02-13T04:00:00+00:00,-1218854,4265.988
46411,2010-02-13T04:15:00+00:00,-1217954,4266.073
46411,2010-02-13T04:30:00+00:00,-1217054,4266.154
46411,2010-02-13T04:45:00+00:00,-1216154,4266.239
46411,2010-02-13T05:00:00+00:00,-1215254,4266.318
46411,2010-02-13T05:15:00+00:00,-1214354,4266.394
46411,2010-02-13T05:30:00+00:00,-1213454,4266.467
46411,2010-02-13T05:45:00+00:00,-1212554,4266.531
46411,2010-02-13T06:00:00+00:00,-1211654,4266.594
46411,2010-02-13T06:15:00+00:00,-1210754,4266.643
46411,2010-02-13T06:30:00+00:00,-1209854,4266.690
46411,2010-02-13T06:45:00+00:00,-1208954,4266.729
46411,2010-02-13T07:00:00+00:00,-1208054,4266.759
46411,2010-02-13T07:15:00+00:00,-1207154,4266.780
46411,2010-02-13T07:30:00+00:00,-1206254,4266.789
46411,2010-02-13T07:45:00+00:00,-1205354,4266.797
46411,2010-02-13T08:00:00+00:00,-1204454,4266.796
46411,2010-02-13T08:15:00+00:00,-1203554,4266.786
46411,2010-02-13T08:30:00+00:00,-1202654,4266.766
46411,2010-02-13T08:45:00+00:00,-1201754,4266.739
46411,2010-02-13T09:00:00+00:00,-1200854,4266.710
46411,2010-02-13T09:15:00+00:00,-1199954,4266.670
46411,2010-02-13T09:30:00+00:00,-1199054,4266.626
46411,2010-02-13T09:45:00+00:00,-1198154,4266.584
46411,2010-02-13T10:00:00+00:00,-1197254,4266.539
46411,2010-02-13T10:15:00+00:00,-1196354,4266.490
46411,2010-02-13T10:30:00+00:00,-1195454,4266.445
46411,2010-02-13T10:45:00+00:00,-1194554,4266.396
46411,2010-02-13T11:00:00+00:00,-1193654,4266.355
46411,2010-02-13T11:15:00+00:00,-1192754,4266.325
46411,2010-02-13T11:30:00+00:00,-1191854,4266.295
46411,2010-02-13T11:45:00+00:00,-1190954,4266.263
46411,2010-02-13T12:00:00+00:00,-1190054,4266.237
46411,2010-02-13T12:15:00+00:00,-1189154,4266.230
46411,2010-02-13T12:30:00+00:00,-1188254,4266.210
46411,2010-02-13T12:45:00+00:00,-1187354,4266.212
46411,2010-02-13T13:00:00+00:00,-1186454,4266.212
46411,2010-02-13T13:15:00+00:00,-1185554,4266.220
46411,2010-02-13T13:30:00+00:00,-1184654,4266.240
46411,2010-02-13T13:45:00+00:00,-1183754,4266.266
46411,2010-02-13T14:00:00+00:00,-1182854,4266.300
46411,2010-02-13T14:15:00+00:00,-1181954,4266.349
46411,2010-02-13T14:30:00+00:00,-1181054,4266.386
46411,2010-02-13T14:45:00+00:00,-1180154,4266.438
46411,2010-02-13T15:00:00+00:00,-1179254,4266.498
46411,2010-02-13T15:15:00+00:00,-1178354,4266.556
46411,2010-02-13T15:30:00+00:00,-1177454,4266.613
46411,2010-02-13T15:45:00+00:00,-1176554,4266.678
46411,2010-02-13T16:00:00+00:00,-1175654,4266.747
46411,2010-02-13T16:15:00+00:00,-1174754,4266.807
46411,2010-02-13T16:30:00+00:00,-1173854,4266.866
46411,2010-02-13T16:45:00+00:00,-1172954,4266.921
46411,2010-02-13T17:00:00+00:00,-1172054,4266.978
46411,2010-02-13T17:15:00+00:00,-1171154,4267.023
46411,2010-02-13T17:30:00+00:00,-1170254,4267.063
46411,2010-02-13T17:45:00+00:00,-1169354,4267.097
46411,2010-02-13T18:00:00+00:00,-1168454,4267.123
46411,2010-02-13T18:15:00+00:00,-1167554,4267.141
46411,2010-02-13T18:30:00+00:00,-1166654,4267.142
46411,2010-02-13T18:45:00+00:00,-1165754,4267.149
46411,2010-02-13T19:00:00+00:00,-1164854,4267.125
46411,2010-02-13T19:15:00+00:00,-1163954,4267.108
46411,2010-02-13T19:30:00+00:00,-1163054,4267.078
46411,2010-02-13T19:45:00+00:00,-1162154,4267.029
46411,2010-02-13T20:00:00+00:00,-1161254,4266.985
46411,2010-02-13T20:15:00+00:00,-1160354,4266.922
46411,2010-02-13T20:30:00+00:00,-1159454,4266.844
46411,2010-02-13T20:45:00+00:00,-1158554,4266.779
46411,2010-02-13T21:00:00+00:00,-1157654,4266.697
46411,2010-02-13T21:15:00+00:00,-1156754,4266.613
46411,2010-02-13T21:30:00+00:00,-1155854,4266.516
46411,2010-02-13T21:45:00+00:00,-1154954,4266.416
46411,2010-02-13T22:00:00+00:00,-1154054,4266.323
46411,2010-02-13T22:15:00+00:00,-1153154,4266.222
46411,2010-02-13T22:30:00+00:00,-1152254,4266.132
46411,2010-02-13T22:45:00+00:00,-1151354,4266.034
46411,2010-02-13T23:00:00+00:00,-1150454,4265.942
46411,2010-02-13T23:15:00+00:00,-1149554,4265.853
46411,2010-02-13T23:30:00+00:00,-1148654,4265.770
46411,2010-02-13T23:45:00+00:00,-1147754,4265.696
46411,2010-02-14T00:00:00+00:00,-1146854,4265.625
46411,2010-02-14T00:15:00+00:00,-1145954,4265.561
46411,2010-02-14T00:30:00+00:00,-1145054,4265.512
46411,2010-02-14T00:45:00+00:00,-1144154,4265.471
46411,2010-02-14T01:00:00+00:00,-1143254,4265.439
46411,2010-02-14T01:15:00+00:00,-1142354,4265.419
46411,2010-02-14T01:30:00+00:00,-1141454,4265.411
46411,2010-02-14T01:45:00+00:00,-1140554,4265.412
46411,2010-02-14T02:00:00+00:00,-1139654,4265.428
46411,2010-02-14T02:15:00+00:00,-1138754,4265.451
46411,2010-02-14T02:30:00+00:00,-1137854,4265.484
46411,2010-02-14T02:45:00+00:00,-1136954,4265.533
46411,2010-02-14T03:00:00+00:00,-1136054,4265.583
46411,2010-02-14T03:15:00+00:00,-1135154,4265.646
46411,2010-02-14T03:30:00+00:00,-1134254,4265.714
46411,2010-02-14T03:45:00+00:00,-1133354,4265.789
46411,2010-02-14T04:00:00+00:00,-1132454,4265.865
46411,2010-02-14T04:15:00+00:00,-1131554,4265.947
46411,2010-02-14T04:30:00+00:00,-1130654,4266.026
46411,2010-02-14T04:45:00+00:00,-1129754,4266.112
46411,2010-02-14T05:00:00+00:00,-1128854,4266.202
46411,2010-02-14T05:15:00+00:00,-1127954,4266.280
46411,2010-02-14T05:30:00+00:00,-1127054,4266.362
46411,2010-02-14T05:45:00+00:00,-1126154,4266.442
46411,2010-02-14T06:00:00+00:00,-1125254,4266.515
46411,2010-02-14T06:15:00+00:00,-1124354,4266.580
46411,2010-02-14T06:30:00+00:00,-1123454,4266.644
46411,2010-02-14T06:45:00+00:00,-1122554,4266.686
46411,2010-02-14T07:00:00+00:00,-1121654,4266.735
46411,2010-02-14T07:15:00+00:00,-1120754,4266.765
46411,2010-02-14T07:30:00+00:00,-1119854,4266.794
46411,2010-02-14T07:45:00+00:00,-1118954,4266.815
46411,2010-02-14T08:00:00+00:00,-1118054,4266.822
46411,2010-02-14T08:15:00+00:00,-1117154,4266.824
46411,2010-02-14T08:30:00+00:00,-1116254,4266.816
46411,2010-02-14T08:45:00+00:00,-1115354,4266.796
46411,2010-02-14T09:00:00+00:00,-1114454,4266.768
46411,2010-02-14T09:15:00+00:00,-1113554,4266.737
46411,2010-02-14T09:30:00+00:00,-1112654,4266.706
46411,2010-02-14T09:45:00+00:00,-1111754,4266.658
46411,2010-02-14T10:00:00+00:00,-1110854,4266.614
46411,2010-02-14T10:15:00+00:00,-1109954,4266.567
46411,2010-02-14T10:30:00+00:00,-1109054,4266.512
46411,2010-02-14T10:45:00+00:00,-1108154,4266.460
46411,2010-02-14T11:00:00+00:00,-1107254,4266.405
46411,2010-02-14T11:15:00+00:00,-1106354,4266.357
46411,2010-02-14T11:30:00+00:00,-1105454,4266.317
46411,2010-02-14T11:45:00+00:00,-1104554,4266.271
46411,2010-02-14T12:00:00+00:00,-1103654,4266.228
46411,2010-02-14T12:15:00+00:00,-1102754,4266.193
46411,2010-02-14T12:30:00+00:00,-1101854,4266.170
46411,2010-02-14T12:45:00+00:00,-1100954,4266.141
46411,2010-02-14T13:00:00+00:00,-1100054,4266.127
46411,2010-02-14T13:15:00+00:00,-1099154,4266.117
46411,2010-02-14T13:30:00+00:00,-1098254,4266.114
46411,2010-02-14T13:45:00+00:00,-1097354,4266.122
46411,2010-02-14T14:00:00+00:00,-1096454,4266.134
46411,2010-02-14T14:15:00+00:00,-1095554,4266.154
46411,2010-02-14T14:30:00+00:00,-1094654,4266.187
46411,2010-02-14T14:45:00+00:00,-1093754,4266.226
46411,2010-02-14T15:00:00+00:00,-1092854,4266.260
46411,2010-02-14T15:15:00+00:00,-1091954,4266.315
46411,2010-02-14T15:30:00+00:00,-1091054,4266.373
46411,2010-02-14T15:45:00+00:00,-1090154,4266.428
46411,2010-02-14T16:00:00+00:00,-1089254,4266.494
46411,2010-02-14T16:15:00+00:00,-1088354,4266.566
46411,2010-02-14T16:30:00+00:00,-1087454,4266.630
46411,2010-02-14T16:45:00+00:00,-1086554,4266.694
46411,2010-02-14T17:00:00+00:00,-1085654,4266.751
46411,2010-02-14T17:15:00+00:00,-1084754,4266.814
46411,2010-02-14T17:30:00+00:00,-1083854,4266.874
46411,2010-02-14T17:45:00+00:00,-1082954,4266.922
46411,2010-02-14T18:00:00+00:00,-1082054,4266.965
46411,2010-02-14T18:15:00+00:00,-1081154,4267.008
46411,2010-02-14T18:30:00+00:00,-1080254,4267.032
46411,2010-02-14T18:45:00+00:00,-1079354,4267.064
46411,2010-02-14T19:00:00+00:00,-1078454,4267.071
46411,2010-02-14T19:15:00+00:00,-1077554,4267.078
46411,2010-02-14T19:30:00+00:00,-1076654,4267.069
46411,2010-02-14T19:45:00+00:00,-1075754,4267.051
46411,2010-02-14T20:00:00+00:00,-1074854,4267.026
46411,2010-02-14T20:15:00+00:00,-1073954,4266.994
46411,2010-02-14T20:30:00+00:00,-1073054,4266.948
46411,2010-02-14T20:45:00+00:00,-1072154,4266.888
46411,2010-02-14T21:00:00+00:00,-1071254,4266.833
46411,2010-02-14T21:15:00+00:00,-1070354,4266.764
46411,2010-02-14T21:30:00+00:00,-1069454,4266.684
46411,2010-02-14T21:45:00+00:00,-1068554,4266.602
46411,2010-02-14T22:00:00+00:00,-1067654,4266.519
46411,2010-02-14T22:15:00+00:00,-1066754,4266.432
46411,2010-02-14T22:30:00+00:00,-1065854,4266.339
46411,2010-02-14T22:45:00+00:00,-1064954,4266.249
46411,2010-02-14T23:00:00+00:00,-1064054,4266.155
46411,2010-02-14T23:15:00+00:00,-1063154,4266.063
46411,2010-02-14T23:30:00+00:00,-1062254,4265.978
46411,2010-02-14T23:45:00+00:00,-1061354,4265.889
46411,2010-02-15T00:00:00+00:00,-1060454,4265.810
46411,2010-02-15T00:15:00+00:00,-1059554,4265.734
46411,2010-02-15T00:30:00+00:00,-1058654,4265.671
46411,2010-02-15T00:45:00+00:00,-1057754,4265.614
46411,2010-02-15T01:00:00+00:00,-1056854,4265.568
46411,2010-02-15T01:15:00+00:00,-1055954,4265.527
46411,2010-02-15T01:30:00+00:00,-1055054,4265.501
46411,2010-02-15T01:45:00+00:00,-1054154,4265.485
46411,2010-02-15T02:00:00+00:00,-1053254,4265.484
46411,2010-02-15T02:15:00+00:00,-1052354,4265.482
46411,2010-02-15T02:30:00+00:00,-1051454,4265.501
46411,2010-02-15T02:45:00+00:00,-1050554,4265.523
46411,2010-02-15T03:00:00+00:00,-1049654,4265.560
46411,2010-02-15T03:15:00+00:00,-1048754,4265.608
46411,2010-02-15T03:30:00+00:00,-1047854,4265.661
46411,2010-02-15T03:45:00+00:00,-1046954,4265.721
46411,2010-02-15T04:00:00+00:00,-1046054,4265.797
46411,2010-02-15T04:15:00+00:00,-1045154,4265.867
46411,2010-02-15T04:30:00+00:00,-1044254,4265.946
46411,2010-02-15T04:45:00+00:00,-1043354,4266.036
46411,2010-02-15T05:00:00+00:00,-1042454,4266.121
46411,2010-02-15T05:15:00+00:00,-1041554,4266.205
46411,2010-02-15T05:30:00+00:00,-1040654,4266.293
46411,2010-02-15T05:45:00+00:00,-1039754,4266.378
46411,2010-02-15T06:00:00+00:00,-1038854,4266.460
46411,2010-02-15T06:15:00+00:00,-1037954,4266.536
46411,2010-02-15T06:30:00+00:00,-1037054,4266.608
46411,2010-02-15T06:45:00+00:00,-1036154,4266.676
46411,2010-02-15T07:00:00+00:00,-1035254,4266.738
46411,2010-02-15T07:15:00+00:00,-1034354,4266.776
46411,2010-02-15T07:30:00+00:00,-1033454,4266.818
46411,2010-02-15T07:45:00+00:00,-1032554,4266.853
46411,2010-02-15T08:00:00+00:00,-1031654,4266.876
46411,2010-02-15T08:15:00+00:00,-1030754,4266.896
46411,2010-02-15T08:30:00+00:00,-1029854,4266.898
46411,2010-02-15T08:45:00+00:00,-1028954,4266.894
46411,2010-02-15T09:00:00+00:00,-1028054,4266.887
46411,2010-02-15T09:15:00+00:00,-1027154,4266.867
46411,2010-02-15T09:30:00+00:00,-1026254,4266.830
46411,2010-02-15T09:45:00+00:00,-1025354,4266.796
46411,2010-02-15T10:00:00+00:00,-1024454,4266.759
46411,2010-02-15T10:15:00+00:00,-1023554,4266.706
46411,2010-02-15T10:30:00+00:00,-1022654,4266.659
46411,2010-02-15T10:45:00+00:00,-1021754,4266.603
46411,2010-02-15T11:00:00+00:00,-1020854,4266.547
46411,2010-02-15T11:15:00+00:00,-1019954,4266.484
46411,2010-02-15T11:30:00+00:00,-1019054,4266.427
46411,2010-02-15T11:45:00+00:00,-1018154,4266.371
46411,2010-02-15T12:00:00+00:00,-1017254,4266.312
46411,2010-02-15T12:15:00+00:00,-1016354,4266.264
46411,2010-02-15T12:30:00+00:00,-1015454,4266.217
46411,2010-02-15T12:45:00+00:00,-1014554,4266.178
46411,2010-02-15T13:00:00+00:00,-1013654,4266.143
46411,2010-02-15T13:15:00+00:00,-1012754,4266.113
46411,2010-02-15T13:30:00+00:00,-1011854,4266.090
46411,2010-02-15T13:45:00+00:00,-1010954,4266.069
46411,2010-02-15T14:00:00+00:00,-1010054,4266.069
46411,2010-02-15T14:15:00+00:00,-1009154,4266.067
46411,2010-02-15T14:30:00+00:00,-1008254,4266.073
46411,2010-02-15T14:45:00+00:00,-1007354,4266.090
46411,2010-02-15T15:00:00+00:00,-1006454,4266.115
46411,2010-02-15T15:15:00+00:00,-1005554,4266.149
46411,2010-02-15T15:30:00+00:00,-1004654,4266.190
46411,2010-02-15T15:45:00+00:00,-1003754,4266.236
46411,2010-02-15T16:00:00+00:00,-1002854,4266.288
46411,2010-02-15T16:15:00+00:00,-1001954,4266.344
46411,2010-02-15T16:30:00+00:00,-1001054,4266.408
46411,2010-02-15T16:45:00+00:00,-1000154,4266.465
46411,2010-02-15T17:00:00+00:00,-999254,4266.535
46411,2010-02-15T17:15:00+00:00,-998354,4266.601
46411,2010-02-15T17:30:00+00:00,-997454,4266.655
46411,2010-02-15T17:45:00+00:00,-996554,4266.722
46411,2010-02-15T18:00:00+00:00,-995654,4266.783
46411,2010-02-15T18:15:00+00:00,-994754,4266.842
46411,2010-02-15T18:30:00+00:00,-993854,4266.890
46411,2010-02-15T18:45:00+00:00,-992954,4266.933
46411,2010-02-15T19:00:00+00:00,-992054,4266.966
46411,2010-02-15T19:15:00+00:00,-991154,4266.992
46411,2010-02-15T19:30:00+00:00,-990254,4267.004
46411,2010-02-15T19:45:00+00:00,-989354,4267.017
46411,2010-02-15T20:00:00+00:00,-988454,4267.014
46411,2010-02-15T20:15:00+00:00,-987554,4267.003
46411,2010-02-15T20:30:00+00:00,-986654,4266.983
46411,2010-02-15T20:45:00+00:00,-985754,4266.951
46411,2010-02-15T21:00:00+00:00,-984854,4266.918
46411,2010-02-15T21:15:00+00:00,-983954,4266.866
46411,2010-02-15T21:30:00+00:00,-983054,4266.809
46411,2010-02-15T21:45:00+00:00,-982154,4266.750
46411,2010-02-15T22:00:00+00:00,-981254,4266.683
46411,2010-02-15T22:15:00+00:00,-980354,4266.608
46411,2010-02-15T22:30:00+00:00,-979454,4266.526
46411,2010-02-15T22:45:00+00:00,-978554,4266.445
46411,2010-02-15T23:00:00+00:00,-977654,4266.363
46411,2010-02-15T23:15:00+00:00,-976754,4266.278
46411,2010-02-15T23:30:00+00:00,-975854,4266.194
46411,2010-02-15T23:45:00+00:00,-974954,4266.110
46411,2010-02-16T00:00:00+00:00,-974054,4266.032
46411,2010-02-16T00:15:00+00:00,-973154,4265.952
46411,2010-02-16T00:30:00+00:00,-972254,4265.878
46411,2010-02-16T00:45:00+00:00,-971354,4265.813
46411,2010-02-16T01:00:00+00:00,-970454,4265.753
46411,2010-02-16T01:15:00+00:00,-969554,4265.699
46411,2010-02-16T01:30:00+00:00,-968654,4265.660
46411,2010-02-16T01:45:00+00:00,-967754,4265.628
46411,2010-02-16T02:00:00+00:00,-966854,4265.603
46411,2010-02-16T02:15:00+00:00,-965954,4265.588
46411,2010-02-16T02:30:00+00:00,-965054,4265.586
46411,2010-02-16T02:45:00+00:00,-964154,4265.592
46411,2010-02-16T03:00:00+00:00,-963254,4265.611
46411,2010-02-16T03:15:00+00:00,-962354,4265.639
46411,2010-02-16T03:30:00+00:00,-961454,4265.676
46411,2010-02-16T03:45:00+00:00,-960554,4265.723
46411,2010-02-16T04:00:00+00:00,-959654,4265.778
46411,2010-02-16T04:15:00+00:00,-958754,4265.839
46411,2010-02-16T04:30:00+00:00,-957854,4265.910
46411,2010-02-16T04:45:00+00:00,-956954,4265.986
46411,2010-02-16T05:00:00+00:00,-956054,4266.062
46411,2010-02-16T05:15:00+00:00,-955154,4266.145
46411,2010-02-16T05:30:00+00:00,-954254,4266.229
46411,2010-02-16T05:45:00+00:00,-953354,4266.314
46411,2010-02-16T06:00:00+00:00,-952454,4266.395
46411,2010-02-16T06:15:00+00:00,-951554,4266.478
46411,2010-02-16T06:30:00+00:00,-950654,4266.555
46411,2010-02-16T06:45:00+00:00,-949754,4266.627
46411,2010-02-16T07:00:00+00:00,-948854,4266.694
46411,2010-02-16T07:15:00+00:00,-947954,4266.757
46411,2010-02-16T07:30:00+00:00,-947054,4266.812
46411,2010-02-16T07:45:00+00:00,-946154,4266.854
46411,2010-02-16T08:00:00+00:00,-945254,4266.890
46411,2010-02-16T08:15:00+00:00,-944354,4266.917
46411,2010-02-16T08:30:00+00:00,-943454,4266.934
46411,2010-02-16T08:45:00+00:00,-942554,4266.944
46411,2010-02-16T09:00:00+00:00,-941654,4266.943
46411,2010-02-16T09:15:00+00:00,-940754,4266.933
46411,2010-02-16T09:30:00+00:00,-939854,4266.920
46411,2010-02-16T09:45:00+00:00,-938954,4266.896
46411,2010-02-16T10:00:00+00:00,-938054,4266.866
46411,2010-02-16T10:15:00+00:00,-937154,4266.826
46411,2010-02-16T10:30:00+00:00,-936254,4266.781
46411,2010-02-16T10:45:00+00:00,-935354,4266.730
46411,2010-02-16T11:00:00+00:00,-934454,4266.671
46411,2010-02-16T11:15:00+00:00,-933554,4266.610
46411,2010-02-16T11:30:00+00:00,-932654,4266.545
46411,2010-02-16T11:45:00+00:00,-931754,4266.482
46411,2010-02-16T12:00:00+00:00,-930854,4266.418
46411,2010-02-16T12:15:00+00:00,-929954,4266.353
46411,2010-02-16T12:30:00+00:00,-929054,4266.292
46411,2010-02-16T12:45:00+00:00,-928154,4266.232
46411,2010-02-16T13:00:00+00:00,-927254,4266.179
46411,2010-02-16T13:15:00+00:00,-926354,4266.132
46411,2010-02-16T13:30:00+00:00,-925454,4266.089
46411,2010-02-16T13:45:00+00:00,-924554,4266.054
46411,2010-02-16T14:00:00+00:00,-923654,4266.024
46411,2010-02-16T14:15:00+00:00,-922754,4266.003
46411,2010-02-16T14:30:00+00:00,-921854,4265.992
46411,2010-02-16T14:45:00+00:00,-920954,4265.990
46411,2010-02-16T15:00:00+00:00,-920054,4265.992
46411,2010-02-16T15:15:00+00:00,-919154,4266.007
46411,2010-02-16T15:30:00+00:00,-918254,4266.027
46411,2010-02-16T15:45:00+00:00,-917354,4266.056
46411,2010-02-16T16:00:00+00:00,-916454,4266.093
46411,2010-02-16T16:15:00+00:00,-915554,4266.134
46411,2010-02-16T16:30:00+00:00,-914654,4266.186
46411,2010-02-16T16:45:00+00:00,-913754,4266.239
46411,2010-02-16T17:00:00+00:00,-912854,4266.295
46411,2010-02-16T17:15:00+00:00,-911954,4266.357
46411,2010-02-16T17:30:00+00:00,-911054,4266.420
46411,2010-02-16T17:45:00+00:00,-910154,4266.480
46411,2010-02-16T18:00:00+00:00,-909254,4266.545
46411,2010-02-16T18:15:00+00:00,-908354,4266.604
46411,2010-02-16T18:30:00+00:00,-907454,4266.664
46411,2010-02-16T18:45:00+00:00,-906554,4266.718
46411,2010-02-16T19:00:00+00:00,-905654,4266.769
46411,2010-02-16T19:15:00+00:00,-904754,4266.814
46411,2010-02-16T19:30:00+00:00,-903854,4266.852
46411,2010-02-16T19:45:00+00:00,-902954,4266.882
46411,2010-02-16T20:00:00+00:00,-902054,4266.906
46411,2010-02-16T20:15:00+00:00,-901154,4266.916
46411,2010-02-16T20:30:00+00:00,-900254,4266.925
46411,2010-02-16T20:45:00+00:00,-899354,4266.920
46411,2010-02-16T21:00:00+00:00,-898454,4266.907
46411,2010-02-16T21:15:00+00:00,-897554,4266.884
46411,2010-02-16T21:30:00+00:00,-896654,4266.854
46411,2010-02-16T21:45:00+00:00,-895754,4266.819
46411,2010-02-16T22:00:00+00:00,-894854,4266.769
46411,2010-02-16T22:15:00+00:00,-893954,4266.716
46411,2010-02-16T22:30:00+00:00,-893054,4266.657
46411,2010-02-16T22:45:00+00:00,-892154,4266.592
46411,2010-02-16T23:00:00+00:00,-891254,4266.525
46411,2010-02-16T23:15:00+00:00,-890354,4266.456
46411,2010-02-16T23:30:00+00:00,-889454,4266.381
46411,2010-02-16T23:45:00+00:00,-888554,4266.303
46411,2010-02-17T00:00:00+00:00,-887654,4266.225
46411,2010-02-17T00:15:00+00:00,-886754,4266.152
46411,2010-02-17T00:30:00+00:00,-885854,4266.079
46411,2010-02-17T00:45:00+00:00,-884954,4266.011
46411,2010-02-17T01:00:00+00:00,-884054,4265.945
46411,2010-02-17T01:15:00+00:00,-883154,4265.885
46411,2010-02-17T01:30:00+00:00,-882254,4265.836
46411,2010-02-17T01:45:00+00:00,-881354,4265.792
46411,2010-02-17T02:00:00+00:00,-880454,4265.755
46411,2010-02-17T02:15:00+00:00,-879554,4265.727
46411,2010-02-17T02:30:00+00:00,-878654,4265.706
46411,2010-02-17T02:45:00+00:00,-877754,4265.695
46411,2010-02-17T03:00:00+00:00,-876854,4265.693
46411,2010-02-17T03:15:00+00:00,-875954,4265.704
46411,2010-02-17T03:30:00+00:00,-875054,4265.724
46411,2010-02-17T03:45:00+00:00,-874154,4265.752
46411,2010-02-17T04:00:00+00:00,-873254,4265.793
46411,2010-02-17T04:15:00+00:00,-872354,4265.837
46411,2010-02-17T04:30:00+00:00,-871454,4265.891
46411,2010-02-17T04:45:00+00:00,-870554,4265.953
46411,2010-02-17T05:00:00+00:00,-869654,4266.019
46411,2010-02-17T05:15:00+00:00,-868754,4266.093
46411,2010-02-17T05:30:00+00:00,-867854,4266.170
46411,2010-02-17T05:45:00+00:00,-866954,4266.251
46411,2010-02-17T06:00:00+00:00,-866054,4266.329
46411,2010-02-17T06:15:00+00:00,-865154,4266.409
46411,2010-02-17T06:30:00+00:00,-864254,4266.493
46411,2010-02-17T06:45:00+00:00,-863354,4266.568
46411,2010-02-17T07:00:00+00:00,-862454,4266.644
46411,2010-02-17T07:15:00+00:00,-861554,4266.711
46411,2010-02-17T07:30:00+00:00,-860654,4266.772
46411,2010-02-17T07:45:00+00:00,-859754,4266.833
46411,2010-02-17T08:00:00+00:00,-858854,4266.882
46411,2010-02-17T08:15:00+00:00,-857954,4266.924
46411,2010-02-17T08:30:00+00:00,-857054,4266.959
46411,2010-02-17T08:45:00+00:00,-856154,4266.981
46411,2010-02-17T09:00:00+00:00,-855254,4266.996
46411,2010-02-17T09:15:00+00:00,-854354,4267.002
46411,2010-02-17T09:30:00+00:00,-853454,4266.996
46411,2010-02-17T09:45:00+00:00,-852554,4266.984
46411,2010-02-17T10:00:00+00:00,-851654,4266.963
46411,2010-02-17T10:15:00+00:00,-850754,4266.932
46411,2010-02-17T10:30:00+00:00,-849854,4266.894
46411,2010-02-17T10:45:00+00:00,-848954,4266.849
46411,2010-02-17T11:00:00+00:00,-848054,4266.796
46411,2010-02-17T11:15:00+00:00,-847154,4266.739
46411,2010-02-17T11:30:00+00:00,-846254,4266.678
46411,2010-02-17T11:45:00+00:00,-845354,4266.615
46411,2010-02-17T12:00:00+00:00,-844454,4266.550
46411,2010-02-17T12:15:00+00:00,-843554,4266.485
46411,2010-02-17T12:30:00+00:00,-842654,4266.420
46411,2010-02-17T12:45:00+00:00,-841754,4266.351
46411,2010-02-17T13:00:00+00:00,-840854,4266.286
46411,2010-02-17T13:15:00+00:00,-839954,4266.223
46411,2010-02-17T13:30:00+00:00,-839054,4266.161
46411,2010-02-17T13:45:00+00:00,-838154,4266.105
46411,2010-02-17T14:00:00+00:00,-837254,4266.054
46411,2010-02-17T14:15:00+00:00,-836354,4266.010
46411,2010-02-17T14:30:00+00:00,-835454,4265.976
46411,2010-02-17T14:45:00+00:00,-834554,4265.949
46411,2010-02-17T15:00:00+00:00,-833654,4265.930
46411,2010-02-17T15:15:00+00:00,-832754,4265.919
46411,2010-02-17T15:30:00+00:00,-831854,4265.914
46411,2010-02-17T15:45:00+00:00,-830954,4265.920
46411,2010-02-17T16:00:00+00:00,-830054,4265.935
46411,2010-02-17T16:15:00+00:00,-829154,4265.956
46411,2010-02-17T16:30:00+00:00,-828254,4265.985
46411,2010-02-17T16:45:00+00:00,-827354,4266.021
46411,2010-02-17T17:00:00+00:00,-826454,4266.067
46411,2010-02-17T17:15:00+00:00,-825554,4266.114
46411,2010-02-17T17:30:00+00:00,-824654,4266.169
46411,2010-02-17T17:45:00+00:00,-823754,4266.225
46411,2010-02-17T18:00:00+00:00,-822854,4266.284
46411,2010-02-17T18:15:00+00:00,-821954,4266.344
46411,2010-02-17T18:30:00+00:00,-821054,4266.407
46411,2010-02-17T18:45:00+00:00,-820154,4266.467
46411,2010-02-17T19:00:00+00:00,-819254,4266.525
46411,2010-02-17T19:15:00+00:00,-818354,4266.579
46411,2010-02-17T19:30:00+00:00,-817454,4266.631
46411,2010-02-17T19:45:00+00:00,-816554,4266.679
46411,2010-02-17T20:00:00+00:00,-815654,4266.719
46411,2010-02-17T20:15:00+00:00,-814754,4266.751
46411,2010-02-17T20:30:00+00:00,-813854,4266.778
46411,2010-02-17T20:45:00+00:00,-812954,4266.798
46411,2010-02-17T21:00:00+00:00,-812054,4266.810
46411,2010-02-17T21:15:00+00:00,-811154,4266.811
46411,2010-02-17T21:30:00+00:00,-810254,4266.807
46411,2010-02-17T21:45:00+00:00,-809354,4266.793
46411,2010-02-17T22:00:00+00:00,-808454,4266.777
46411,2010-02-17T22:15:00+00:00,-807554,4266.751
46411,2010-02-17T22:30:00+00:00,-806654,4266.718
46411,2010-02-17T22:45:00+00:00,-805754,4266.679
46411,2010-02-17T23:00:00+00:00,-804854,4266.633
46411,2010-02-17T23:15:00+00:00,-803954,4266.580
46411,2010-02-17T23:30:00+00:00,-803054,4266.525
46411,2010-02-17T23:45:00+00:00,-802154,4266.466
46411,2010-02-18T00:00:00+00:00,-801254,4266.403
46411,2010-02-18T00:15:00+00:00,-800354,4266.338
46411,2010-02-18T00:30:00+00:00,-799454,4266.273
46411,2010-02-18T00:45:00+00:00,-798554,4266.213
46411,2010-02-18T01:00:00+00:00,-797654,4266.150
46411,2010-02-18T01:15:00+00:00,-796754,4266.092
46411,2010-02-18T01:30:00+00:00,-795854,4266.038
46411,2010-02-18T01:45:00+00:00,-794954,4265.986
46411,2010-02-18T02:00:00+00:00,-794054,4265.941
46411,2010-02-18T02:15:00+00:00,-793154,4265.903
46411,2010-02-18T02:30:00+00:00,-792254,4265.871
46411,2010-02-18T02:45:00+00:00,-791354,4265.847
46411,2010-02-18T03:00:00+00:00,-790454,4265.833
46411,2010-02-18T03:15:00+00:00,-789554,4265.825
46411,2010-02-18T03:30:00+00:00,-788654,4265.829
46411,2010-02-18T03:45:00+00:00,-787754,4265.840
46411,2010-02-18T04:00:00+00:00,-786854,4265.863
46411,2010-02-18T04:15:00+00:00,-785954,4265.892
46411,2010-02-18T04:30:00+00:00,-785054,4265.931
46411,2010-02-18T04:45:00+00:00,-784154,4265.977
46411,2010-02-18T05:00:00+00:00,-783254,4266.030
46411,2010-02-18T05:15:00+00:00,-782354,4266.088
46411,2010-02-18T05:30:00+00:00,-781454,4266.154
46411,2010-02-18T05:45:00+00:00,-780554,4266.223
46411,2010-02-18T06:00:00+00:00,-779654,4266.294
46411,2010-02-18T06:15:00+00:00,-778754,4266.368
46411,2010-02-18T06:30:00+00:00,-777854,4266.443
46411,2010-02-18T06:45:00+00:00,-776954,4266.520
46411,2010-02-18T07:00:00+00:00,-776054,4266.595
46411,2010-02-18T07:15:00+00:00,-775154,4266.667
46411,2010-02-18T07:30:00+00:00,-774254,4266.737
46411,2010-02-18T07:45:00+00:00,-773354,4266.801
46411,2010-02-18T08:00:00+00:00,-772454,4266.861
46411,2010-02-18T08:15:00+00:00,-771554,4266.913
46411,2010-02-18T08:30:00+00:00,-770654,4266.959
46411,2010-02-18T08:45:00+00:00,-769754,4266.998
46411,2010-02-18T09:00:00+00:00,-768854,4267.026
46411,2010-02-18T09:15:00+00:00,-767954,4267.047
46411,2010-02-18T09:30:00+00:00,-767054,4267.060
46411,2010-02-18T09:45:00+00:00,-766154,4267.065
46411,2010-02-18T10:00:00+00:00,-765254,4267.059
46411,2010-02-18T10:15:00+00:00,-764354,4267.047
46411,2010-02-18T10:30:00+00:00,-763454,4267.024
46411,2010-02-18T10:45:00+00:00,-762554,4266.994
46411,2010-02-18T11:00:00+00:00,-761654,4266.955
46411,2010-02-18T11:15:00+00:00,-760754,4266.909
46411,2010-02-18T11:30:00+00:00,-759854,4266.859
46411,2010-02-18T11:45:00+00:00,-758954,4266.801
46411,2010-02-18T12:00:00+00:00,-758054,4266.738
46411,2010-02-18T12:15:00+00:00,-757154,4266.669
46411,2010-02-18T12:30:00+00:00,-756254,4266.601
46411,2010-02-18T12:45:00+00:00,-755354,4266.530
46411,2010-02-18T13:00:00+00:00,-754454,4266.460
46411,2010-02-18T13:15:00+00:00,-753554,4266.387
46411,2010-02-18T13:30:00+00:00,-752654,4266.317
46411,2010-02-18T13:45:00+00:00,-751754,4266.251
46411,2010-02-18T14:00:00+00:00,-750854,4266.183
46411,2010-02-18T14:15:00+00:00,-749954,4266.124
46411,2010-02-18T14:30:00+00:00,-749054,4266.068
46411,2010-02-18T14:45:00+00:00,-748154,4266.019
46411,2010-02-18T15:00:00+00:00,-747254,4265.977
46411,2010-02-18T15:15:00+00:00,-746354,4265.942
46411,2010-02-18T15:30:00+00:00,-745454,4265.914
46411,2010-02-18T15:45:00+00:00,-744554,4265.894
46411,2010-02-18T16:00:00+00:00,-743654,4265.884
46411,2010-02-18T16:15:00+00:00,-742754,4265.881
46411,2010-02-18T16:30:00+00:00,-741854,4265.887
46411,2010-02-18T16:45:00+00:00,-740954,4265.901
46411,2010-02-18T17:00:00+00:00,-740054,4265.922
46411,2010-02-18T17:15:00+00:00,-739154,4265.952
46411,2010-02-18T17:30:00+00:00,-738254,4265.986
46411,2010-02-18T17:45:00+00:00,-737354,4266.027
46411,2010-02-18T18:00:00+00:00,-736454,4266.072
46411,2010-02-18T18:15:00+00:00,-735554,4266.122
46411,2010-02-18T18:30:00+00:00,-734654,4266.176
46411,2010-02-18T18:45:00+00:00,-733754,4266.231
46411,2010-02-18T19:00:00+00:00,-732854,4266.286
46411,2010-02-18T19:15:00+00:00,-731954,4266.341
46411,2010-02-18T19:30:00+00:00,-731054,4266.394
46411,2010-02-18T19:45:00+00:00,-730154,4266.447
46411,2010-02-18T20:00:00+00:00,-729254,4266.494
46411,2010-02-18T20:15:00+00:00,-728354,4266.540
46411,2010-02-18T20:30:00+00:00,-727454,4266.580
46411,2010-02-18T20:45:00+00:00,-726554,4266.616
46411,2010-02-18T21:00:00+00:00,-725654,4266.644
46411,2010-02-18T21:15:00+00:00,-724754,4266.667
46411,2010-02-18T21:30:00+00:00,-723854,4266.684
46411,2010-02-18T21:45:00+00:00,-722954,4266.694
46411,2010-02-18T22:00:00+00:00,-722054,4266.699
46411,2010-02-18T22:15:00+00:00,-721154,4266.697
46411,2010-02-18T22:30:00+00:00,-720254,4266.691
46411,2010-02-18T22:45:00+00:00,-719354,4266.673
46411,2010-02-18T23:00:00+00:00,-718454,4266.653
46411,2010-02-18T23:15:00+00:00,-717554,4266.624
46411,2010-02-18T23:30:00+00:00,-716654,4266.590
46411,2010-02-18T23:45:00+00:00,-715754,4266.551
46411,2010-02-19T00:00:00+00:00,-714854,4266.506
46411,2010-02-19T00:15:00+00:00,-713954,4266.460
46411,2010-02-19T00:30:00+00:00,-713054,4266.412
46411,2010-02-19T00:45:00+00:00,-712154,4266.363
46411,2010-02-19T01:00:00+00:00,-711254,4266.313
46411,2010-02-19T01:15:00+00:00,-710354,4266.264
46411,2010-02-19T01:30:00+00:00,-709454,4266.215
46411,2010-02-19T01:45:00+00:00,-708554,4266.168
46411,2010-02-19T02:00:00+00:00,-707654,4266.124
46411,2010-02-19T02:15:00+00:00,-706754,4266.081
46411,2010-02-19T02:30:00+00:00,-705854,4266.046
46411,2010-02-19T02:45:00+00:00,-704954,4266.017
46411,2010-02-19T03:00:00+00:00,-704054,4265.990
46411,2010-02-19T03:15:00+00:00,-703154,4265.974
46411,2010-02-19T03:30:00+00:00,-702254,4265.964
46411,2010-02-19T03:45:00+00:00,-701354,4265.961
46411,2010-02-19T04:00:00+00:00,-700454,4265.967
46411,2010-02-19T04:15:00+00:00,-699554,4265.979
46411,2010-02-19T04:30:00+00:00,-698654,4265.999
46411,2010-02-19T04:45:00+00:00,-697754,4266.025
46411,2010-02-19T05:00:00+00:00,-696854,4266.060
46411,2010-02-19T05:15:00+00:00,-695954,4266.101
46411,2010-02-19T05:30:00+00:00,-695054,4266.147
46411,2010-02-19T05:45:00+00:00,-694154,4266.203
46411,2010-02-19T06:00:00+00:00,-693254,4266.262
46411,2010-02-19T06:15:00+00:00,-692354,4266.326
46411,2010-02-19T06:30:00+00:00,-691454,4266.392
46411,2010-02-19T06:45:00+00:00,-690554,4266.459
46411,2010-02-19T07:00:00+00:00,-689654,4266.529
46411,2010-02-19T07:15:00+00:00,-688754,4266.597
46411,2010-02-19T07:30:00+00:00,-687854,4266.662
46411,2010-02-19T07:45:00+00:00,-686954,4266.726
46411,2010-02-19T08:00:00+00:00,-686054,4266.790
46411,2010-02-19T08:15:00+00:00,-685154,4266.849
46411,2010-02-19T08:30:00+00:00,-684254,4266.906
46411,2010-02-19T08:45:00+00:00,-683354,4266.956
46411,2010-02-19T09:00:00+00:00,-682454,4267.000
46411,2010-02-19T09:15:00+00:00,-681554,4267.035
46411,2010-02-19T09:30:00+00:00,-680654,4267.062
46411,2010-02-19T09:45:00+00:00,-679754,4267.080
46411,2010-02-19T10:00:00+00:00,-678854,4267.090
46411,2010-02-19T10:15:00+00:00,-677954,4267.092
46411,2010-02-19T10:30:00+00:00,-677054,4267.088
46411,2010-02-19T10:45:00+00:00,-676154,4267.071
46411,2010-02-19T11:00:00+00:00,-675254,4267.049
46411,2010-02-19T11:15:00+00:00,-674354,4267.017
46411,2010-02-19T11:30:00+00:00,-673454,4266.977
46411,2010-02-19T11:45:00+00:00,-672554,4266.932
46411,2010-02-19T12:00:00+00:00,-671654,4266.881
46411,2010-02-19T12:15:00+00:00,-670754,4266.822
46411,2010-02-19T12:30:00+00:00,-669854,4266.762
46411,2010-02-19T12:45:00+00:00,-668954,4266.695
46411,2010-02-19T13:00:00+00:00,-668054,4266.626
46411,2010-02-19T13:15:00+00:00,-667154,4266.552
46411,2010-02-19T13:30:00+00:00,-666254,4266.478
46411,2010-02-19T13:45:00+00:00,-665354,4266.401
46411,2010-02-19T14:00:00+00:00,-664454,4266.327
46411,2010-02-19T14:15:00+00:00,-663554,4266.256
46411,2010-02-19T14:30:00+00:00,-662654,4266.188
46411,2010-02-19T14:45:00+00:00,-661754,4266.124
46411,2010-02-19T15:00:00+00:00,-660854,4266.063
46411,2010-02-19T15:15:00+00:00,-659954,4266.007
46411,2010-02-19T15:30:00+00:00,-659054,4265.957
46411,2010-02-19T15:45:00+00:00,-658154,4265.915
46411,2010-02-19T16:00:00+00:00,-657254,4265.879
46411,2010-02-19T16:15:00+00:00,-656354,4265.852
46411,2010-02-19T16:30:00+00:00,-655454,4265.829
46411,2010-02-19T16:45:00+00:00,-654554,4265.818
46411,2010-02-19T17:00:00+00:00,-653654,4265.813
46411,2010-02-19T17:15:00+00:00,-652754,4265.816
46411,2010-02-19T17:30:00+00:00,-651854,4265.827
46411,2010-02-19T17:45:00+00:00,-650954,4265.847
46411,2010-02-19T18:00:00+00:00,-650054,4265.873
46411,2010-02-19T18:15:00+00:00,-649154,4265.904
46411,2010-02-19T18:30:00+00:00,-648254,4265.939
46411,2010-02-19T18:45:00+00:00,-647354,4265.978
46411,2010-02-19T19:00:00+00:00,-646454,4266.020
46411,2010-02-19T19:15:00+00:00,-645554,4266.065
46411,2010-02-19T19:30:00+00:00,-644654,4266.113
46411,2010-02-19T19:45:00+00:00,-643754,4266.161
46411,2010-02-19T20:00:00+00:00,-642854,4266.212
46411,2010-02-19T20:15:00+00:00,-641954,4266.263
46411,2010-02-19T20:30:00+00:00,-641054,4266.312
46411,2010-02-19T20:45:00+00:00,-640154,4266.359
46411,2010-02-19T21:00:00+00:00,-639254,4266.406
46411,2010-02-19T21:15:00+00:00,-638354,4266.444
46411,2010-02-19T21:30:00+00:00,-637454,4266.478
46411,2010-02-19T21:45:00+00:00,-636554,4266.509
46411,2010-02-19T22:00:00+00:00,-635654,4266.535
46411,2010-02-19T22:15:00+00:00,-634754,4266.553
46411,2010-02-19T22:30:00+00:00,-633854,4266.568
46411,2010-02-19T22:45:00+00:00,-632954,4266.578
46411,2010-02-19T23:00:00+00:00,-632054,4266.585
46411,2010-02-19T23:15:00+00:00,-631154,4266.582
46411,2010-02-19T23:30:00+00:00,-630254,4266.578
46411,2010-02-19T23:45:00+00:00,-629354,4266.564
46411,2010-02-20T00:00:00+00:00,-628454,4266.546
46411,2010-02-20T00:15:00+00:00,-627554,4266.523
46411,2010-02-20T00:30:00+00:00,-626654,4266.497
46411,2010-02-20T00:45:00+00:00,-625754,4266.466
46411,2010-02-20T01:00:00+00:00,-624854,4266.436
46411,2010-02-20T01:15:00+00:00,-623954,4266.401
46411,2010-02-20T01:30:00+00:00,-623054,4266.366
46411,2010-02-20T01:45:00+00:00,-622154,4266.327
46411,2010-02-20T02:00:00+00:00,-621254,4266.291
46411,2010-02-20T02:15:00+00:00,-620354,4266.255
46411,2010-02-20T02:30:00+00:00,-619454,4266.219
46411,2010-02-20T02:45:00+00:00,-618554,4266.188
46411,2010-02-20T03:00:00+00:00,-617654,4266.158
46411,2010-02-20T03:15:00+00:00,-616754,4266.135
46411,2010-02-20T03:30:00+00:00,-615854,4266.115
46411,2010-02-20T03:45:00+00:00,-614954,4266.101
46411,2010-02-20T04:00:00+00:00,-614054,4266.092
46411,2010-02-20T04:15:00+00:00,-613154,4266.090
46411,2010-02-20T04:30:00+00:00,-612254,4266.094
46411,2010-02-20T04:45:00+00:00,-611354,4266.106
46411,2010-02-20T05:00:00+00:00,-610454,4266.124
46411,2010-02-20T05:15:00+00:00,-609554,4266.149
46411,2010-02-20T05:30:00+00:00,-608654,4266.178
46411,2010-02-20T05:45:00+00:00,-607754,4266.214
46411,2010-02-20T06:00:00+00:00,-606854,4266.254
46411,2010-02-20T06:15:00+00:00,-605954,4266.299
46411,2010-02-20T06:30:00+00:00,-605054,4266.350
46411,2010-02-20T06:45:00+00:00,-604154,4266.405
46411,2010-02-20T07:00:00+00:00,-603254,4266.460
46411,2010-02-20T07:15:00+00:00,-602354,4266.519
46411,2010-02-20T07:30:00+00:00,-601454,4266.582
46411,2010-02-20T07:45:00+00:00,-600554,4266.646
46411,2010-02-20T08:00:00+00:00,-599654,4266.711
46411,2010-02-20T08:15:00+00:00,-598754,4266.772
46411,2010-02-20T08:30:00+00:00,-597854,4266.828
46411,2010-02-20T08:45:00+00:00,-596954,4266.883
46411,2010-02-20T09:00:00+00:00,-596054,4266.933
46411,2010-02-20T09:15:00+00:00,-595154,4266.978
46411,2010-02-20T09:30:00+00:00,-594254,4267.014
46411,2010-02-20T09:45:00+00:00,-593354,4267.046
46411,2010-02-20T10:00:00+00:00,-592454,4267.077
46411,2010-02-20T10:15:00+00:00,-591554,4267.095
46411,2010-02-20T10:30:00+00:00,-590654,4267.109
46411,2010-02-20T10:45:00+00:00,-589754,4267.111
46411,2010-02-20T11:00:00+00:00,-588854,4267.107
46411,2010-02-20T11:15:00+00:00,-587954,4267.093
46411,2010-02-20T11:30:00+00:00,-587054,4267.075
46411,2010-02-20T11:45:00+00:00,-586154,4267.045
46411,2010-02-20T12:00:00+00:00,-585254,4267.012
46411,2010-02-20T12:15:00+00:00,-584354,4266.971
46411,2010-02-20T12:30:00+00:00,-583454,4266.923
46411,2010-02-20T12:45:00+00:00,-582554,4266.870
46411,2010-02-20T13:00:00+00:00,-581654,4266.813
46411,2010-02-20T13:15:00+00:00,-580754,4266.749
46411,2010-02-20T13:30:00+00:00,-579854,4266.682
46411,2010-02-20T13:45:00+00:00,-578954,4266.613
46411,2010-02-20T14:00:00+00:00,-578054,4266.540
46411,2010-02-20T14:15:00+00:00,-577154,4266.466
46411,2010-02-20T14:30:00+00:00,-576254,4266.393
46411,2010-02-20T14:45:00+00:00,-575354,4266.320
46411,2010-02-20T15:00:00+00:00,-574454,4266.245
46411,2010-02-20T15:15:00+00:00,-573554,4266.174
46411,2010-02-20T15:30:00+00:00,-572654,4266.108
46411,2010-02-20T15:45:00+00:00,-571754,4266.042
46411,2010-02-20T16:00:00+00:00,-570854,4265.984
46411,2010-02-20T16:15:00+00:00,-569954,4265.936
46411,2010-02-20T16:30:00+00:00,-569054,4265.887
46411,2010-02-20T16:45:00+00:00,-568154,4265.848
46411,2010-02-20T17:00:00+00:00,-567254,4265.819
46411,2010-02-20T17:15:00+00:00,-566354,4265.793
46411,2010-02-20T17:30:00+00:00,-565454,4265.774
46411,2010-02-20T17:45:00+00:00,-564554,4265.763
46411,2010-02-20T18:00:00+00:00,-563654,4265.759
46411,2010-02-20T18:15:00+00:00,-562754,4265.765
46411,2010-02-20T18:30:00+00:00,-561854,4265.774
46411,2010-02-20T18:45:00+00:00,-560954,4265.789
46411,2010-02-20T19:00:00+00:00,-560054,4265.813
46411,2010-02-20T19:15:00+00:00,-559154,4265.841
46411,2010-02-20T19:30:00+00:00,-558254,4265.875
46411,2010-02-20T19:45:00+00:00,-557354,4265.912
46411,2010-02-20T20:00:00+00:00,-556454,4265.950
46411,2010-02-20T20:15:00+00:00,-555554,4265.994
46411,2010-02-20T20:30:00+00:00,-554654,4266.039
46411,2010-02-20T20:45:00+00:00,-553754,4266.082
46411,2010-02-20T21:00:00+00:00,-552854,4266.128
46411,2010-02-20T21:15:00+00:00,-551954,4266.175
46411,2010-02-20T21:30:00+00:00,-551054,4266.218
46411,2010-02-20T21:45:00+00:00,-550154,4266.262
46411,2010-02-20T22:00:00+00:00,-549254,4266.304
46411,2010-02-20T22:15:00+00:00,-548354,4266.342
46411,2010-02-20T22:30:00+00:00,-547454,4266.380
46411,2010-02-20T22:45:00+00:00,-546554,4266.409
46411,2010-02-20T23:00:00+00:00,-545654,4266.439
46411,2010-02-20T23:15:00+00:00,-544754,4266.460
46411,2010-02-20T23:30:00+00:00,-543854,4266.477
46411,2010-02-20T23:45:00+00:00,-542954,4266.493
46411,2010-02-21T00:00:00+00:00,-542054,4266.499
46411,2010-02-21T00:15:00+00:00,-541154,4266.501
46411,2010-02-21T00:30:00+00:00,-540254,4266.500
46411,2010-02-21T00:45:00+00:00,-539354,4266.496
46411,2010-02-21T01:00:00+00:00,-538454,4266.484
46411,2010-02-21T01:15:00+00:00,-537554,4266.470
46411,2010-02-21T01:30:00+00:00,-536654,4266.456
46411,2010-02-21T01:45:00+00:00,-535754,4266.435
46411,2010-02-21T02:00:00+00:00,-534854,4266.412
46411,2010-02-21T02:15:00+00:00,-533954,4266.390
46411,2010-02-21T02:30:00+00:00,-533054,4266.365
46411,2010-02-21T02:45:00+00:00,-532154,4266.343
46411,2010-02-21T03:00:00+00:00,-531254,4266.318
46411,2010-02-21T03:15:00+00:00,-530354,4266.295
46411,2010-02-21T03:30:00+00:00,-529454,4266.277
46411,2010-02-21T03:45:00+00:00,-528554,4266.257
46411,2010-02-21T04:00:00+00:00,-527654,4266.239
46411,2010-02-21T04:15:00+00:00,-526754,4266.228
46411,2010-02-21T04:30:00+00:00,-525854,4266.221
46411,2010-02-21T04:45:00+00:00,-524954,4266.218
46411,2010-02-21T05:00:00+00:00,-524054,4266.220
46411,2010-02-21T05:15:00+00:00,-523154,4266.229
46411,2010-02-21T05:30:00+00:00,-522254,4266.241
46411,2010-02-21T05:45:00+00:00,-521354,4266.259
46411,2010-02-21T06:00:00+00:00,-520454,4266.280
46411,2010-02-21T06:15:00+00:00,-519554,4266.309
46411,2010-02-21T06:30:00+00:00,-518654,4266.341
46411,2010-02-21T06:45:00+00:00,-517754,4266.377
46411,2010-02-21T07:00:00+00:00,-516854,4266.416
46411,2010-02-21T07:15:00+00:00,-515954,4266.464
46411,2010-02-21T07:30:00+00:00,-515054,4266.514
46411,2010-02-21T07:45:00+00:00,-514154,4266.567
46411,2010-02-21T08:00:00+00:00,-513254,4266.621
46411,2010-02-21T08:15:00+00:00,-512354,4266.678
46411,2010-02-21T08:30:00+00:00,-511454,4266.731
46411,2010-02-21T08:45:00+00:00,-510554,4266.787
46411,2010-02-21T09:00:00+00:00,-509654,4266.842
46411,2010-02-21T09:15:00+00:00,-508754,4266.891
46411,2010-02-21T09:30:00+00:00,-507854,4266.940
46411,2010-02-21T09:45:00+00:00,-506954,4266.985
46411,2010-02-21T10:00:00+00:00,-506054,4267.028
46411,2010-02-21T10:15:00+00:00,-505154,4267.063
46411,2010-02-21T10:30:00+00:00,-504254,4267.093
46411,2010-02-21T10:45:00+00:00,-503354,4267.116
46411,2010-02-21T11:00:00+00:00,-502454,4267.132
46411,2010-02-21T11:15:00+00:00,-501554,4267.143
46411,2010-02-21T11:30:00+00:00,-500654,4267.145
46411,2010-02-21T11:45:00+00:00,-499754,4267.141
46411,2010-02-21T12:00:00+00:00,-498854,4267.131
46411,2010-02-21T12:15:00+00:00,-497954,4267.113
46411,2010-02-21T12:30:00+00:00,-497054,4267.088
46411,2010-02-21T12:45:00+00:00,-496154,4267.054
46411,2010-02-21T13:00:00+00:00,-495254,4267.015
46411,2010-02-21T13:15:00+00:00,-494354,4266.966
46411,2010-02-21T13:30:00+00:00,-493454,4266.912
46411,2010-02-21T13:45:00+00:00,-492554,4266.851
46411,2010-02-21T14:00:00+00:00,-491654,4266.788
46411,2010-02-21T14:15:00+00:00,-490754,4266.721
46411,2010-02-21T14:30:00+00:00,-489854,4266.652
46411,2010-02-21T14:45:00+00:00,-488954,4266.582
46411,2010-02-21T15:00:00+00:00,-488054,4266.510
46411,2010-02-21T15:15:00+00:00,-487154,4266.433
46411,2010-02-21T15:30:00+00:00,-486254,4266.356
46411,2010-02-21T15:45:00+00:00,-485354,4266.283
46411,2010-02-21T16:00:00+00:00,-484454,4266.212
46411,2010-02-21T16:15:00+00:00,-483554,4266.138
46411,2010-02-21T16:30:00+00:00,-482654,4266.073
46411,2010-02-21T16:45:00+00:00,-481754,4266.008
46411,2010-02-21T17:00:00+00:00,-480854,4265.950
46411,2010-02-21T17:15:00+00:00,-479954,4265.897
46411,2010-02-21T17:30:00+00:00,-479054,4265.853
46411,2010-02-21T17:45:00+00:00,-478154,4265.811
46411,2010-02-21T18:00:00+00:00,-477254,4265.777
46411,2010-02-21T18:15:00+00:00,-476354,4265.750
46411,2010-02-21T18:30:00+00:00,-475454,4265.731
46411,2010-02-21T18:45:00+00:00,-474554,4265.717
46411,2010-02-21T19:00:00+00:00,-473654,4265.709
46411,2010-02-21T19:15:00+00:00,-472754,4265.707
46411,2010-02-21T19:30:00+00:00,-471854,4265.711
46411,2010-02-21T19:45:00+00:00,-470954,4265.722
46411,2010-02-21T20:00:00+00:00,-470054,4265.741
46411,2010-02-21T20:15:00+00:00,-469154,4265.764
46411,2010-02-21T20:30:00+00:00,-468254,4265.793
46411,2010-02-21T20:45:00+00:00,-467354,4265.827
46411,2010-02-21T21:00:00+00:00,-466454,4265.866
46411,2010-02-21T21:15:00+00:00,-465554,4265.908
46411,2010-02-21T21:30:00+00:00,-464654,4265.949
46411,2010-02-21T21:45:00+00:00,-463754,4265.993
46411,2010-02-21T22:00:00+00:00,-462854,4266.038
46411,2010-02-21T22:15:00+00:00,-461954,4266.085
46411,2010-02-21T22:30:00+00:00,-461054,4266.131
46411,2010-02-21T22:45:00+00:00,-460154,4266.175
46411,2010-02-21T23:00:00+00:00,-459254,4266.219
46411,2010-02-21T23:15:00+00:00,-458354,4266.260
46411,2010-02-21T23:30:00+00:00,-457454,4266.298
46411,2010-02-21T23:45:00+00:00,-456554,4266.332
46411,2010-02-22T00:00:00+00:00,-455654,4266.367
46411,2010-02-22T00:15:00+00:00,-454754,4266.394
46411,2010-02-22T00:30:00+00:00,-453854,4266.417
46411,2010-02-22T00:45:00+00:00,-452954,4266.436
46411,2010-02-22T01:00:00+00:00,-452054,4266.451
46411,2010-02-22T01:15:00+00:00,-451154,4266.461
46411,2010-02-22T01:30:00+00:00,-450254,4266.475
46411,2010-02-22T01:45:00+00:00,-449354,4266.477
46411,2010-02-22T02:00:00+00:00,-448454,4266.477
46411,2010-02-22T02:15:00+00:00,-447554,4266.476
46411,2010-02-22T02:30:00+00:00,-446654,4266.470
46411,2010-02-22T02:45:00+00:00,-445754,4266.461
46411,2010-02-22T03:00:00+00:00,-444854,4266.452
46411,2010-02-22T03:15:00+00:00,-443954,4266.440
46411,2010-02-22T03:30:00+00:00,-443054,4266.424
46411,2010-02-22T03:45:00+00:00,-442154,4266.412
46411,2010-02-22T04:00:00+00:00,-441254,4266.399
46411,2010-02-22T04:15:00+00:00,-440354,4266.384
46411,2010-02-22T04:30:00+00:00,-439454,4266.374
46411,2010-02-22T04:45:00+00:00,-438554,4266.363
46411,2010-02-22T05:00:00+00:00,-437654,4266.357
46411,2010-02-22T05:15:00+00:00,-436754,4266.351
46411,2010-02-22T05:30:00+00:00,-435854,4266.347
46411,2010-02-22T05:45:00+00:00,-434954,4266.348
46411,2010-02-22T06:00:00+00:00,-434054,4266.353
46411,2010-02-22T06:15:00+00:00,-433154,4266.359
46411,2010-02-22T06:30:00+00:00,-432254,4266.374
46411,2010-02-22T06:45:00+00:00,-431354,4266.390
46411,2010-02-22T07:00:00+00:00,-430454,4266.411
46411,2010-02-22T07:15:00+00:00,-429554,4266.439
46411,2010-02-22T07:30:00+00:00,-428654,4266.471
46411,2010-02-22T07:45:00+00:00,-427754,4266.506
46411,2010-02-22T08:00:00+00:00,-426854,4266.545
46411,2010-02-22T08:15:00+00:00,-425954,4266.588
46411,2010-02-22T08:30:00+00:00,-425054,4266.632
46411,2010-02-22T08:45:00+00:00,-424154,4266.679
46411,2010-02-22T09:00:00+00:00,-423254,4266.728
46411,2010-02-22T09:15:00+00:00,-422354,4266.779
46411,2010-02-22T09:30:00+00:00,-421454,4266.826
46411,2010-02-22T09:45:00+00:00,-420554,4266.873
46411,2010-02-22T10:00:00+00:00,-419654,4266.921
46411,2010-02-22T10:15:00+00:00,-418754,4266.965
46411,2010-02-22T10:30:00+00:00,-417854,4267.007
46411,2010-02-22T10:45:00+00:00,-416954,4267.044
46411,2010-02-22T11:00:00+00:00,-416054,4267.080
46411,2010-02-22T11:15:00+00:00,-415154,4267.106
46411,2010-02-22T11:30:00+00:00,-414254,4267.132
46411,2010-02-22T11:45:00+00:00,-413354,4267.150
46411,2010-02-22T12:00:00+00:00,-412454,4267.163
46411,2010-02-22T12:15:00+00:00,-411554,4267.169
46411,2010-02-22T12:30:00+00:00,-410654,4267.170
46411,2010-02-22T12:45:00+00:00,-409754,4267.163
46411,2010-02-22T13:00:00+00:00,-408854,4267.150
46411,2010-02-22T13:15:00+00:00,-407954,4267.126
46411,2010-02-22T13:30:00+00:00,-407054,4267.092
46411,2010-02-22T13:45:00+00:00,-406154,4267.057
46411,2010-02-22T14:00:00+00:00,-405254,4267.016
46411,2010-02-22T14:15:00+00:00,-404354,4266.966
46411,2010-02-22T14:30:00+00:00,-403454,4266.911
46411,2010-02-22T14:45:00+00:00,-402554,4266.853
46411,2010-02-22T15:00:00+00:00,-401654,4266.787
46411,2010-02-22T15:15:00+00:00,-400754,4266.723
46411,2010-02-22T15:30:00+00:00,-399854,4266.649
46411,2010-02-22T15:45:00+00:00,-398954,4266.574
46411,2010-02-22T16:00:00+00:00,-398054,4266.495
46411,2010-02-22T16:15:00+00:00,-397154,4266.418
46411,2010-02-22T16:30:00+00:00,-396254,4266.339
46411,2010-02-22T16:45:00+00:00,-395354,4266.263
46411,2010-02-22T17:00:00+00:00,-394454,4266.184
46411,2010-02-22T17:15:00+00:00,-393554,4266.108
46411,2010-02-22T17:30:00+00:00,-392654,4266.035
46411,2010-02-22T17:45:00+00:00,-391754,4265.965
46411,2010-02-22T18:00:00+00:00,-390854,4265.903
46411,2010-02-22T18:15:00+00:00,-389954,4265.842
46411,2010-02-22T18:30:00+00:00,-389054,4265.789
46411,2010-02-22T18:45:00+00:00,-388154,4265.741
46411,2010-02-22T19:00:00+00:00,-387254,4265.698
46411,2010-02-22T19:15:00+00:00,-386354,4265.663
46411,2010-02-22T19:30:00+00:00,-385454,4265.636
46411,2010-02-22T19:45:00+00:00,-384554,4265.620
46411,2010-02-22T20:00:00+00:00,-383654,4265.608
46411,2010-02-22T20:15:00+00:00,-382754,4265.602
46411,2010-02-22T20:30:00+00:00,-381854,4265.604
46411,2010-02-22T20:45:00+00:00,-380954,4265.613
46411,2010-02-22T21:00:00+00:00,-380054,4265.625
46411,2010-02-22T21:15:00+00:00,-379154,4265.645
46411,2010-02-22T21:30:00+00:00,-378254,4265.671
46411,2010-02-22T21:45:00+00:00,-377354,4265.702
46411,2010-02-22T22:00:00+00:00,-376454,4265.739
46411,2010-02-22T22:15:00+00:00,-375554,4265.778
46411,2010-02-22T22:30:00+00:00,-374654,4265.823
46411,2010-02-22T22:45:00+00:00,-373754,4265.872
46411,2010-02-22T23:00:00+00:00,-372854,4265.922
46411,2010-02-22T23:15:00+00:00,-371954,4265.976
46411,2010-02-22T23:30:00+00:00,-371054,4266.028
46411,2010-02-22T23:45:00+00:00,-370154,4266.080
46411,2010-02-23T00:00:00+00:00,-369254,4266.131
46411,2010-02-23T00:15:00+00:00,-368354,4266.182
46411,2010-02-23T00:30:00+00:00,-367454,4266.227
46411,2010-02-23T00:45:00+00:00,-366554,4266.275
46411,2010-02-23T01:00:00+00:00,-365654,4266.316
46411,2010-02-23T01:15:00+00:00,-364754,4266.355
46411,2010-02-23T01:30:00+00:00,-363854,4266.389
46411,2010-02-23T01:45:00+00:00,-362954,4266.421
46411,2010-02-23T02:00:00+00:00,-362054,4266.448
46411,2010-02-23T02:15:00+00:00,-361154,4266.470
46411,2010-02-23T02:30:00+00:00,-360254,4266.488
46411,2010-02-23T02:45:00+00:00,-359354,4266.503
46411,2010-02-23T03:00:00+00:00,-358454,4266.513
46411,2010-02-23T03:15:00+00:00,-357554,4266.517
46411,2010-02-23T03:30:00+00:00,-356654,4266.519
46411,2010-02-23T03:45:00+00:00,-355754,4266.518
46411,2010-02-23T04:00:00+00:00,-354854,4266.512
46411,2010-02-23T04:15:00+00:00,-353954,4266.503
46411,2010-02-23T04:30:00+00:00,-353054,4266.492
46411,2010-02-23T04:45:00+00:00,-352154,4266.480
46411,2010-02-23T05:00:00+00:00,-351254,4266.469
46411,2010-02-23T05:15:00+00:00,-350354,4266.458
46411,2010-02-23T05:30:00+00:00,-349454,4266.445
46411,2010-02-23T05:45:00+00:00,-348554,4266.437
46411,2010-02-23T06:00:00+00:00,-347654,4266.427
46411,2010-02-23T06:15:00+00:00,-346754,4266.421
46411,2010-02-23T06:30:00+00:00,-345854,4266.415
46411,2010-02-23T06:45:00+00:00,-344954,4266.412
46411,2010-02-23T07:00:00+00:00,-344054,4266.415
46411,2010-02-23T07:15:00+00:00,-343154,4266.419
46411,2010-02-23T07:30:00+00:00,-342254,4266.428
46411,2010-02-23T07:45:00+00:00,-341354,4266.442
46411,2010-02-23T08:00:00+00:00,-340454,4266.461
46411,2010-02-23T08:15:00+00:00,-339554,4266.481
46411,2010-02-23T08:30:00+00:00,-338654,4266.507
46411,2010-02-23T08:45:00+00:00,-337754,4266.535
46411,2010-02-23T09:00:00+00:00,-336854,4266.571
46411,2010-02-23T09:15:00+00:00,-335954,4266.606
46411,2010-02-23T09:30:00+00:00,-335054,4266.648
46411,2010-02-23T09:45:00+00:00,-334154,4266.690
46411,2010-02-23T10:00:00+00:00,-333254,4266.736
46411,2010-02-23T10:15:00+00:00,-332354,4266.783
46411,2010-02-23T10:30:00+00:00,-331454,4266.829
46411,2010-02-23T10:45:00+00:00,-330554,4266.877
46411,2010-02-23T11:00:00+00:00,-329654,4266.921
46411,2010-02-23T11:15:00+00:00,-328754,4266.966
46411,2010-02-23T11:30:00+00:00,-327854,4267.009
46411,2010-02-23T11:45:00+00:00,-326954,4267.049
46411,2010-02-23T12:00:00+00:00,-326054,4267.083
46411,2010-02-23T12:15:00+00:00,-325154,4267.118
46411,2010-02-23T12:30:00+00:00,-324254,4267.146
46411,2010-02-23T12:45:00+00:00,-323354,4267.168
46411,2010-02-23T13:00:00+00:00,-322454,4267.184
46411,2010-02-23T13:15:00+00:00,-321554,4267.192
46411,2010-02-23T13:30:00+00:00,-320654,4267.193
46411,2010-02-23T13:45:00+00:00,-319754,4267.187
46411,2010-02-23T14:00:00+00:00,-318854,4267.174
46411,2010-02-23T14:15:00+00:00,-317954,4267.154
46411,2010-02-23T14:30:00+00:00,-317054,4267.126
46411,2010-02-23T14:45:00+00:00,-316154,4267.088
46411,2010-02-23T15:00:00+00:00,-315254,4267.048
46411,2010-02-23T15:15:00+00:00,-314354,4266.996
46411,2010-02-23T15:30:00+00:00,-313454,4266.937
46411,2010-02-23T15:45:00+00:00,-312554,4266.872
46411,2010-02-23T16:00:00+00:00,-311654,4266.806
46411,2010-02-23T16:15:00+00:00,-310754,4266.731
46411,2010-02-23T16:30:00+00:00,-309854,4266.655
46411,2010-02-23T16:45:00+00:00,-308954,4266.572
46411,2010-02-23T17:00:00+00:00,-308054,4266.489
46411,2010-02-23T17:15:00+00:00,-307154,4266.402
46411,2010-02-23T17:30:00+00:00,-306254,4266.315
46411,2010-02-23T17:45:00+00:00,-305354,4266.228
46411,2010-02-23T18:00:00+00:00,-304454,4266.141
46411,2010-02-23T18:15:00+00:00,-303554,4266.059
46411,2010-02-23T18:30:00+00:00,-302654,4265.977
46411,2010-02-23T18:45:00+00:00,-301754,4265.901
46411,2010-02-23T19:00:00+00:00,-300854,4265.828
46411,2010-02-23T19:15:00+00:00,-299954,4265.758
46411,2010-02-23T19:30:00+00:00,-299054,4265.695
46411,2010-02-23T19:45:00+00:00,-298154,4265.639
46411,2010-02-23T20:00:00+00:00,-297254,4265.588
46411,2010-02-23T20:15:00+00:00,-296354,4265.546
46411,2010-02-23T20:30:00+00:00,-295454,4265.511
46411,2010-02-23T20:45:00+00:00,-294554,4265.484
46411,2010-02-23T21:00:00+00:00,-293654,4265.463
46411,2010-02-23T21:15:00+00:00,-292754,4265.454
46411,2010-02-23T21:30:00+00:00,-291854,4265.453
46411,2010-02-23T21:45:00+00:00,-290954,4265.458
46411,2010-02-23T22:00:00+00:00,-290054,4265.472
46411,2010-02-23T22:15:00+00:00,-289154,4265.495
46411,2010-02-23T22:30:00+00:00,-288254,4265.523
46411,2010-02-23T22:45:00+00:00,-287354,4265.558
46411,2010-02-23T23:00:00+00:00,-286454,4265.600
46411,2010-02-23T23:15:00+00:00,-285554,4265.649
46411,2010-02-23T23:30:00+00:00,-284654,4265.700
46411,2010-02-23T23:45:00+00:00,-283754,4265.756
46411,2010-02-24T00:00:00+00:00,-282854,4265.814
46411,2010-02-24T00:15:00+00:00,-281954,4265.872
46411,2010-02-24T00:30:00+00:00,-281054,4265.934
46411,2010-02-24T00:45:00+00:00,-280154,4265.997
46411,2010-02-24T01:00:00+00:00,-279254,4266.061
46411,2010-02-24T01:15:00+00:00,-278354,4266.123
46411,2010-02-24T01:30:00+00:00,-277454,4266.184
46411,2010-02-24T01:45:00+00:00,-276554,4266.242
46411,2010-02-24T02:00:00+00:00,-275654,4266.297
46411,2010-02-24T02:15:00+00:00,-274754,4266.348
46411,2010-02-24T02:30:00+00:00,-273854,4266.393
46411,2010-02-24T02:45:00+00:00,-272954,4266.435
46411,2010-02-24T03:00:00+00:00,-272054,4266.470
46411,2010-02-24T03:15:00+00:00,-271154,4266.500
46411,2010-02-24T03:30:00+00:00,-270254,4266.525
46411,2010-02-24T03:45:00+00:00,-269354,4266.544
46411,2010-02-24T04:00:00+00:00,-268454,4266.562
46411,2010-02-24T04:15:00+00:00,-267554,4266.571
46411,2010-02-24T04:30:00+00:00,-266654,4266.575
46411,2010-02-24T04:45:00+00:00,-265754,4266.576
46411,2010-02-24T05:00:00+00:00,-264854,4266.575
46411,2010-02-24T05:15:00+00:00,-263954,4266.569
46411,2010-02-24T05:30:00+00:00,-263054,4266.559
46411,2010-02-24T05:45:00+00:00,-262154,4266.547
46411,2010-02-24T06:00:00+00:00,-261254,4266.531
46411,2010-02-24T06:15:00+00:00,-260354,4266.514
46411,2010-02-24T06:30:00+00:00,-259454,4266.496
46411,2010-02-24T06:45:00+00:00,-258554,4266.477
46411,2010-02-24T07:00:00+00:00,-257654,4266.459
46411,2010-02-24T07:15:00+00:00,-256754,4266.443
46411,2010-02-24T07:30:00+00:00,-255854,4266.432
46411,2010-02-24T07:45:00+00:00,-254954,4266.422
46411,2010-02-24T08:00:00+00:00,-254054,4266.415
46411,2010-02-24T08:15:00+00:00,-253154,4266.411
46411,2010-02-24T08:30:00+00:00,-252254,4266.412
46411,2010-02-24T08:45:00+00:00,-251354,4266.418
46411,2010-02-24T09:00:00+00:00,-250454,4266.431
46411,2010-02-24T09:15:00+00:00,-249554,4266.445
46411,2010-02-24T09:30:00+00:00,-248654,4266.467
46411,2010-02-24T09:45:00+00:00,-247754,4266.497
46411,2010-02-24T10:00:00+00:00,-246854,4266.525
46411,2010-02-24T10:15:00+00:00,-245954,4266.560
46411,2010-02-24T10:30:00+00:00,-245054,4266.601
46411,2010-02-24T10:45:00+00:00,-244154,4266.642
46411,2010-02-24T11:00:00+00:00,-243254,4266.687
46411,2010-02-24T11:15:00+00:00,-242354,4266.735
46411,2010-02-24T11:30:00+00:00,-241454,4266.783
46411,2010-02-24T11:45:00+00:00,-240554,4266.836
46411,2010-02-24T12:00:00+00:00,-239654,4266.888
46411,2010-02-24T12:15:00+00:00,-238754,4266.940
46411,2010-02-24T12:30:00+00:00,-237854,4266.989
46411,2010-02-24T12:45:00+00:00,-236954,4267.038
46411,2010-02-24T13:00:00+00:00,-236054,4267.083
46411,2010-02-24T13:15:00+00:00,-235154,4267.121
46411,2010-02-24T13:30:00+00:00,-234254,4267.153
46411,2010-02-24T13:45:00+00:00,-233354,4267.178
46411,2010-02-24T14:00:00+00:00,-232454,4267.200
46411,2010-02-24T14:15:00+00:00,-231554,4267.214
46411,2010-02-24T14:30:00+00:00,-230654,4267.219
46411,2010-02-24T14:45:00+00:00,-229754,4267.217
46411,2010-02-24T15:00:00+00:00,-228854,4267.205
46411,2010-02-24T15:15:00+00:00,-227954,4267.191
46411,2010-02-24T15:30:00+00:00,-227054,4267.168
46411,2010-02-24T15:45:00+00:00,-226154,4267.132
46411,2010-02-24T16:00:00+00:00,-225254,4267.090
46411,2010-02-24T16:15:00+00:00,-224354,4267.041
46411,2010-02-24T16:30:00+00:00,-223454,4266.982
46411,2010-02-24T16:45:00+00:00,-222554,4266.917
46411,2010-02-24T17:00:00+00:00,-221654,4266.846
46411,2010-02-24T17:15:00+00:00,-220754,4266.763
46411,2010-02-24T17:30:00+00:00,-219854,4266.682
46411,2010-02-24T17:45:00+00:00,-218954,4266.595
46411,2010-02-24T18:00:00+00:00,-218054,4266.502
46411,2010-02-24T18:15:00+00:00,-217154,4266.409
46411,2010-02-24T18:30:00+00:00,-216254,4266.311
46411,2010-02-24T18:45:00+00:00,-215354,4266.216
46411,2010-02-24T19:00:00+00:00,-214454,4266.120
46411,2010-02-24T19:15:00+00:00,-213554,4266.026
46411,2010-02-24T19:30:00+00:00,-212654,4265.930
46411,2010-02-24T19:45:00+00:00,-211754,4265.841
46411,2010-02-24T20:00:00+00:00,-210854,4265.758
46411,2010-02-24T20:15:00+00:00,-209954,4265.676
46411,2010-02-24T20:30:00+00:00,-209054,4265.602
46411,2010-02-24T20:45:00+00:00,-208154,4265.534
46411,2010-02-24T21:00:00+00:00,-207254,4265.473
46411,2010-02-24T21:15:00+00:00,-206354,4265.422
46411,2010-02-24T21:30:00+00:00,-205454,4265.381
46411,2010-02-24T21:45:00+00:00,-204554,4265.350
46411,2010-02-24T22:00:00+00:00,-203654,4265.328
46411,2010-02-24T22:15:00+00:00,-202754,4265.316
46411,2010-02-24T22:30:00+00:00,-201854,4265.313
46411,2010-02-24T22:45:00+00:00,-200954,4265.321
46411,2010-02-24T23:00:00+00:00,-200054,4265.340
46411,2010-02-24T23:15:00+00:00,-199154,4265.369
46411,2010-02-24T23:30:00+00:00,-198254,4265.406
46411,2010-02-24T23:45:00+00:00,-197354,4265.451
46411,2010-02-25T00:00:00+00:00,-196454,4265.501
46411,2010-02-25T00:15:00+00:00,-195554,4265.560
46411,2010-02-25T00:30:00+00:00,-194654,4265.622
46411,2010-02-25T00:45:00+00:00,-193754,4265.690
46411,2010-02-25T01:00:00+00:00,-192854,4265.764
46411,2010-02-25T01:15:00+00:00,-191954,4265.839
46411,2010-02-25T01:30:00+00:00,-191054,4265.921
46411,2010-02-25T01:45:00+00:00,-190154,4265.999
46411,2010-02-25T02:00:00+00:00,-189254,4266.073
46411,2010-02-25T02:15:00+00:00,-188354,4266.150
46411,2010-02-25T02:30:00+00:00,-187454,4266.220
46411,2010-02-25T02:45:00+00:00,-186554,4266.294
46411,2010-02-25T03:00:00+00:00,-185654,4266.356
46411,2010-02-25T03:15:00+00:00,-184754,4266.414
46411,2010-02-25T03:30:00+00:00,-183854,4266.467
46411,2010-02-25T03:45:00+00:00,-182954,4266.515
46411,2010-02-25T04:00:00+00:00,-182054,4266.556
46411,2010-02-25T04:15:00+00:00,-181154,4266.590
46411,2010-02-25T04:30:00+00:00,-180254,4266.617
46411,2010-02-25T04:45:00+00:00,-179354,4266.634
46411,2010-02-25T05:00:00+00:00,-178454,4266.651
46411,2010-02-25T05:15:00+00:00,-177554,4266.656
46411,2010-02-25T05:30:00+00:00,-176654,4266.660
46411,2010-02-25T05:45:00+00:00,-175754,4266.656
46411,2010-02-25T06:00:00+00:00,-174854,4266.644
46411,2010-02-25T06:15:00+00:00,-173954,4266.626
46411,2010-02-25T06:30:00+00:00,-173054,4266.604
46411,2010-02-25T06:45:00+00:00,-172154,4266.578
46411,2010-02-25T07:00:00+00:00,-171254,4266.554
46411,2010-02-25T07:15:00+00:00,-170354,4266.521
46411,2010-02-25T07:30:00+00:00,-169454,4266.494
46411,2010-02-25T07:45:00+00:00,-168554,4266.469
46411,2010-02-25T08:00:00+00:00,-167654,4266.438
46411,2010-02-25T08:15:00+00:00,-166754,4266.411
46411,2010-02-25T08:30:00+00:00,-165854,4266.386
46411,2010-02-25T08:45:00+00:00,-164954,4266.367
46411,2010-02-25T09:00:00+00:00,-164054,4266.353
46411,2010-02-25T09:15:00+00:00,-163154,4266.344
46411,2010-02-25T09:30:00+00:00,-162254,4266.344
46411,2010-02-25T09:45:00+00:00,-161354,4266.343
46411,2010-02-25T10:00:00+00:00,-160454,4266.351
46411,2010-02-25T10:15:00+00:00,-159554,4266.365
46411,2010-02-25T10:30:00+00:00,-158654,4266.385
46411,2010-02-25T10:45:00+00:00,-157754,4266.412
46411,2010-02-25T11:00:00+00:00,-156854,4266.443
46411,2010-02-25T11:15:00+00:00,-155954,4266.480
46411,2010-02-25T11:30:00+00:00,-155054,4266.525
46411,2010-02-25T11:45:00+00:00,-154154,4266.576
46411,2010-02-25T12:00:00+00:00,-153254,4266.630
46411,2010-02-25T12:15:00+00:00,-152354,4266.692
46411,2010-02-25T12:30:00+00:00,-151454,4266.748
46411,2010-02-25T12:45:00+00:00,-150554,4266.809
46411,2010-02-25T13:00:00+00:00,-149654,4266.874
46411,2010-02-25T13:15:00+00:00,-148754,4266.932
46411,2010-02-25T13:30:00+00:00,-147854,4266.993
46411,2010-02-25T13:45:00+00:00,-146954,4267.049
46411,2010-02-25T14:00:00+00:00,-146054,4267.101
46411,2010-02-25T14:15:00+00:00,-145154,4267.148
46411,2010-02-25T14:30:00+00:00,-144254,4267.192
46411,2010-02-25T14:45:00+00:00,-143354,4267.229
46411,2010-02-25T15:00:00+00:00,-142454,4267.253
46411,2010-02-25T15:15:00+00:00,-141554,4267.275
46411,2010-02-25T15:30:00+00:00,-140654,4267.287
46411,2010-02-25T15:45:00+00:00,-139754,4267.289
46411,2010-02-25T16:00:00+00:00,-138854,4267.285
46411,2010-02-25T16:15:00+00:00,-137954,4267.269
46411,2010-02-25T16:30:00+00:00,-137054,4267.244
46411,2010-02-25T16:45:00+00:00,-136154,4267.205
46411,2010-02-25T17:00:00+00:00,-135254,4267.162
46411,2010-02-25T17:15:00+00:00,-134354,4267.106
46411,2010-02-25T17:30:00+00:00,-133454,4267.043
46411,2010-02-25T17:45:00+00:00,-132554,4266.968
46411,2010-02-25T18:00:00+00:00,-131654,4266.890
46411,2010-02-25T18:15:00+00:00,-130754,4266.803
46411,2010-02-25T18:30:00+00:00,-129854,4266.710
46411,2010-02-25T18:45:00+00:00,-128954,4266.611
46411,2010-02-25T19:00:00+00:00,-128054,4266.511
46411,2010-02-25T19:15:00+00:00,-127154,4266.403
46411,2010-02-25T19:30:00+00:00,-126254,4266.293
46411,2010-02-25T19:45:00+00:00,-125354,4266.183
46411,2010-02-25T20:00:00+00:00,-124454,4266.073
46411,2010-02-25T20:15:00+00:00,-123554,4265.964
46411,2010-02-25T20:30:00+00:00,-122654,4265.859
46411,2010-02-25T20:45:00+00:00,-121754,4265.755
46411,2010-02-25T21:00:00+00:00,-120854,4265.663
46411,2010-02-25T21:15:00+00:00,-119954,4265.573
46411,2010-02-25T21:30:00+00:00,-119054,4265.495
46411,2010-02-25T21:45:00+00:00,-118154,4265.426
46411,2010-02-25T22:00:00+00:00,-117254,4265.366
46411,2010-02-25T22:15:00+00:00,-116354,4265.314
46411,2010-02-25T22:30:00+00:00,-115454,4265.275
46411,2010-02-25T22:45:00+00:00,-114554,4265.248
46411,2010-02-25T23:00:00+00:00,-113654,4265.233
46411,2010-02-25T23:15:00+00:00,-112754,4265.229
46411,2010-02-25T23:30:00+00:00,-111854,4265.235
46411,2010-02-25T23:45:00+00:00,-110954,4265.252
46411,2010-02-26T00:00:00+00:00,-110054,4265.278
46411,2010-02-26T00:15:00+00:00,-109154,4265.314
46411,2010-02-26T00:30:00+00:00,-108254,4265.362
46411,2010-02-26T00:45:00+00:00,-107354,4265.420
46411,2010-02-26T01:00:00+00:00,-106454,4265.484
46411,2010-02-26T01:15:00+00:00,-105554,4265.558
46411,2010-02-26T01:30:00+00:00,-104654,4265.635
46411,2010-02-26T01:45:00+00:00,-103754,4265.719
46411,2010-02-26T02:00:00+00:00,-102854,4265.808
46411,2010-02-26T02:15:00+00:00,-101954,4265.895
46411,2010-02-26T02:30:00+00:00,-101054,4265.986
46411,2010-02-26T02:45:00+00:00,-100154,4266.077
46411,2010-02-26T03:00:00+00:00,-99254,4266.165
46411,2010-02-26T03:15:00+00:00,-98354,4266.249
46411,2010-02-26T03:30:00+00:00,-97454,4266.329
46411,2010-02-26T03:45:00+00:00,-96554,4266.404
46411,2010-02-26T04:00:00+00:00,-95654,4266.474
46411,2010-02-26T04:15:00+00:00,-94754,4266.537
46411,2010-02-26T04:30:00+00:00,-93854,4266.595
46411,2010-02-26T04:45:00+00:00,-92954,4266.645
46411,2010-02-26T05:00:00+00:00,-92054,4266.683
46411,2010-02-26T05:15:00+00:00,-91154,4266.716
46411,2010-02-26T05:30:00+00:00,-90254,4266.741
46411,2010-02-26T05:45:00+00:00,-89354,4266.754
46411,2010-02-26T06:00:00+00:00,-88454,4266.761
46411,2010-02-26T06:15:00+00:00,-87554,4266.757
46411,2010-02-26T06:30:00+00:00,-86654,4266.745
46411,2010-02-26T06:45:00+00:00,-85754,4266.728
46411,2010-02-26T07:00:00+00:00,-84854,4266.705
46411,2010-02-26T07:15:00+00:00,-83954,4266.675
46411,2010-02-26T07:30:00+00:00,-83054,4266.638
46411,2010-02-26T07:45:00+00:00,-82154,4266.599
46411,2010-02-26T08:00:00+00:00,-81254,4266.558
46411,2010-02-26T08:15:00+00:00,-80354,4266.512
46411,2010-02-26T08:30:00+00:00,-79454,4266.471
46411,2010-02-26T08:45:00+00:00,-78554,4266.428
46411,2010-02-26T09:00:00+00:00,-77654,4266.386
46411,2010-02-26T09:15:00+00:00,-76754,4266.349
46411,2010-02-26T09:30:00+00:00,-75854,4266.314
46411,2010-02-26T09:45:00+00:00,-74954,4266.283
46411,2010-02-26T10:00:00+00:00,-74054,4266.258
46411,2010-02-26T10:15:00+00:00,-73154,4266.238
46411,2010-02-26T10:30:00+00:00,-72254,4266.228
46411,2010-02-26T10:45:00+00:00,-71354,4266.226
46411,2010-02-26T11:00:00+00:00,-70454,4266.228
46411,2010-02-26T11:15:00+00:00,-69554,4266.239
46411,2010-02-26T11:30:00+00:00,-68654,4266.260
46411,2010-02-26T11:45:00+00:00,-67754,4266.287
46411,2010-02-26T12:00:00+00:00,-66854,4266.324
46411,2010-02-26T12:15:00+00:00,-65954,4266.369
46411,2010-02-26T12:30:00+00:00,-65054,4266.420
46411,2010-02-26T12:45:00+00:00,-64154,4266.480
46411,2010-02-26T13:00:00+00:00,-63254,4266.543
46411,2010-02-26T13:15:00+00:00,-62354,4266.612
46411,2010-02-26T13:30:00+00:00,-61454,4266.678
46411,2010-02-26T13:45:00+00:00,-60554,4266.752
46411,2010-02-26T14:00:00+00:00,-59654,4266.824
46411,2010-02-26T14:15:00+00:00,-58754,4266.897
46411,2010-02-26T14:30:00+00:00,-57854,4266.966
46411,2010-02-26T14:45:00+00:00,-56954,4267.035
46411,2010-02-26T15:00:00+00:00,-56054,4267.100
46411,2010-02-26T15:15:00+00:00,-55154,4267.159
46411,2010-02-26T15:30:00+00:00,-54254,4267.213
46411,2010-02-26T15:45:00+00:00,-53354,4267.259
46411,2010-02-26T16:00:00+00:00,-52454,4267.298
46411,2010-02-26T16:15:00+00:00,-51554,4267.327
46411,2010-02-26T16:30:00+00:00,-50654,4267.344
46411,2010-02-26T16:45:00+00:00,-49754,4267.352
46411,2010-02-26T17:00:00+00:00,-48854,4267.344
46411,2010-02-26T17:15:00+00:00,-47954,4267.327
46411,2010-02-26T17:30:00+00:00,-47054,4267.297
46411,2010-02-26T17:45:00+00:00,-46154,4267.257
46411,2010-02-26T18:00:00+00:00,-45254,4267.206
46411,2010-02-26T18:15:00+00:00,-44354,4267.144
46411,2010-02-26T18:30:00+00:00,-43454,4267.076
46411,2010-02-26T18:45:00+00:00,-42554,4266.994
46411,2010-02-26T19:00:00+00:00,-41654,4266.905
46411,2010-02-26T19:15:00+00:00,-40754,4266.808
46411,2010-02-26T19:30:00+00:00,-39854,4266.704
46411,2010-02-26T19:45:00+00:00,-38954,4266.596
46411,2010-02-26T20:00:00+00:00,-38054,4266.482
46411,2010-02-26T20:15:00+00:00,-37154,4266.361
46411,2010-02-26T20:30:00+00:00,-36254,4266.240
46411,2010-02-26T20:45:00+00:00,-35354,4266.123
46411,2010-02-26T21:00:00+00:00,-34454,4266.003
46411,2010-02-26T21:15:00+00:00,-33554,4265.884
46411,2010-02-26T21:30:00+00:00,-32654,4265.774
46411,2010-02-26T21:45:00+00:00,-31754,4265.670
46411,2010-02-26T22:00:00+00:00,-30854,4265.569
46411,2010-02-26T22:15:00+00:00,-29954,4265.482
46411,2010-02-26T22:30:00+00:00,-29054,4265.404
46411,2010-02-26T22:45:00+00:00,-28154,4265.334
46411,2010-02-26T23:00:00+00:00,-27254,4265.279
46411,2010-02-26T23:15:00+00:00,-26354,4265.234
46411,2010-02-26T23:30:00+00:00,-25454,4265.206
46411,2010-02-26T23:45:00+00:00,-24554,4265.185
46411,2010-02-27T00:00:00+00:00,-23654,4265.179
46411,2010-02-27T00:15:00+00:00,-22754,4265.186
46411,2010-02-27T00:30:00+00:00,-21854,4265.207
46411,2010-02-27T00:45:00+00:00,-20954,4265.236
46411,2010-02-27T01:00:00+00:00,-20054,4265.279
46411,2010-02-27T01:15:00+00:00,-19154,4265.336
46411,2010-02-27T01:30:00+00:00,-18254,4265.403
46411,2010-02-27T01:45:00+00:00,-17354,4265.478
46411,2010-02-27T02:00:00+00:00,-16454,4265.564
46411,2010-02-27T02:15:00+00:00,-15554,4265.654
46411,2010-02-27T02:30:00+00:00,-14654,4265.750
46411,2010-02-27T02:45:00+00:00,-13754,4265.852
46411,2010-02-27T03:00:00+00:00,-12854,4265.953
46411,2010-02-27T03:15:00+00:00,-11954,4266.055
46411,2010-02-27T03:30:00+00:00,-11054,4266.156
46411,2010-02-27T03:45:00+00:00,-10154,4266.258
46411,2010-02-27T04:00:00+00:00,-9254,4266.352
46411,2010-02-27T04:15:00+00:00,-8354,4266.444
46411,2010-02-27T04:30:00+00:00,-7454,4266.530
46411,2010-02-27T04:45:00+00:00,-6554,4266.606
46411,2010-02-27T05:00:00+00:00,-5654,4266.678
46411,2010-02-27T05:15:00+00:00,-4754,4266.738
46411,2010-02-27T05:30:00+00:00,-3854,4266.792
