station_id,timestamp_utc,seconds_from_origin,height_m
46411,2011-02-09T06:00:00+00:00,-2591184,4259.827
46411,2011-02-09T06:15:00+00:00,-2590284,4259.875
46411,2011-02-09T06:30:00+00:00,-2589384,4259.926
46411,2011-02-09T06:45:00+00:00,-2588484,4259.981
46411,2011-02-09T07:00:00+00:00,-2587584,4260.042
46411,2011-02-09T07:15:00+00:00,-2586684,4260.106
46411,2011-02-09T07:30:00+00:00,-2585784,4260.168
46411,2011-02-09T07:45:00+00:00,-2584884,4260.235
46411,2011-02-09T08:00:00+00:00,-2583984,4260.299
46411,2011-02-09T08:15:00+00:00,-2583084,4260.364
46411,2011-02-09T08:30:00+00:00,-2582184,4260.424
46411,2011-02-09T08:45:00+00:00,-2581284,4260.481
46411,2011-02-09T09:00:00+00:00,-2580384,4260.536
46411,2011-02-09T09:15:00+00:00,-2579484,4260.584
46411,2011-02-09T09:30:00+00:00,-2578584,4260.626
46411,2011-02-09T09:45:00+00:00,-2577684,4260.667
46411,2011-02-09T10:00:00+00:00,-2576784,4260.698
46411,2011-02-09T10:15:00+00:00,-2575884,4260.720
46411,2011-02-09T10:30:00+00:00,-2574984,4260.738
46411,2011-02-09T10:45:00+00:00,-2574084,4260.750
46411,2011-02-09T11:00:00+00:00,-2573184,4260.752
46411,2011-02-09T11:15:00+00:00,-2572284,4260.748
46411,2011-02-09T11:30:00+00:00,-2571384,4260.737
46411,2011-02-09T11:45:00+00:00,-2570484,4260.719
46411,2011-02-09T12:00:00+00:00,-2569584,4260.692
46411,2011-02-09T12:15:00+00:00,-2568684,4260.658
46411,2011-02-09T12:30:00+00:00,-2567784,4260.620
46411,2011-02-09T12:45:00+00:00,-2566884,4260.575
46411,2011-02-09T13:00:00+00:00,-2565984,4260.525
46411,2011-02-09T13:15:00+00:00,-2565084,4260.469
46411,2011-02-09T13:30:00+00:00,-2564184,4260.408
46411,2011-02-09T13:45:00+00:00,-2563284,4260.344
46411,2011-02-09T14:00:00+00:00,-2562384,4260.279
46411,2011-02-09T14:15:00+00:00,-2561484,4260.212
46411,2011-02-09T14:30:00+00:00,-2560584,4260.145
46411,2011-02-09T14:45:00+00:00,-2559684,4260.080
46411,2011-02-09T15:00:00+00:00,-2558784,4260.017
46411,2011-02-09T15:15:00+00:00,-2557884,4259.952
46411,2011-02-09T15:30:00+00:00,-2556984,4259.896
46411,2011-02-09T15:45:00+00:00,-2556084,4259.839
46411,2011-02-09T16:00:00+00:00,-2555184,4259.790
46411,2011-02-09T16:15:00+00:00,-2554284,4259.745
46411,2011-02-09T16:30:00+00:00,-2553384,4259.708
46411,2011-02-09T16:45:00+00:00,-2552484,4259.678
46411,2011-02-09T17:00:00+00:00,-2551584,4259.649
46411,2011-02-09T17:15:00+00:00,-2550684,4259.632
46411,2011-02-09T17:30:00+00:00,-2549784,4259.617
46411,2011-02-09T17:45:00+00:00,-2548884,4259.608
46411,2011-02-09T18:00:00+00:00,-2547984,4259.603
46411,2011-02-09T18:15:00+00:00,-2547084,4259.610
46411,2011-02-09T18:30:00+00:00,-2546184,4259.621
46411,2011-02-09T18:45:00+00:00,-2545284,4259.637
46411,2011-02-09T19:00:00+00:00,-2544384,4259.659
46411,2011-02-09T19:15:00+00:00,-2543484,4259.686
46411,2011-02-09T19:30:00+00:00,-2542584,4259.715
46411,2011-02-09T19:45:00+00:00,-2541684,4259.747
46411,2011-02-09T20:00:00+00:00,-2540784,4259.781
46411,2011-02-09T20:15:00+00:00,-2539884,4259.816
46411,2011-02-09T20:30:00+00:00,-2538984,4259.853
46411,2011-02-09T20:45:00+00:00,-2538084,4259.891
46411,2011-02-09T21:00:00+00:00,-2537184,4259.931
46411,2011-02-09T21:15:00+00:00,-2536284,4259.969
46411,2011-02-09T21:30:00+00:00,-2535384,4260.004
46411,2011-02-09T21:45:00+00:00,-2534484,4260.038
46411,2011-02-09T22:00:00+00:00,-2533584,4260.071
46411,2011-02-09T22:15:00+00:00,-2532684,4260.101
46411,2011-02-09T22:30:00+00:00,-2531784,4260.128
46411,2011-02-09T22:45:00+00:00,-2530884,4260.152
46411,2011-02-09T23:00:00+00:00,-2529984,4260.168
46411,2011-02-09T23:15:00+00:00,-2529084,4260.181
46411,2011-02-09T23:30:00+00:00,-2528184,4260.188
46411,2011-02-09T23:45:00+00:00,-2527284,4260.192
46411,2011-02-10T00:00:00+00:00,-2526384,4260.193
46411,2011-02-10T00:15:00+00:00,-2525484,4260.188
46411,2011-02-10T00:30:00+00:00,-2524584,4260.175
46411,2011-02-10T00:45:00+00:00,-2523684,4260.161
46411,2011-02-10T01:00:00+00:00,-2522784,4260.142
46411,2011-02-10T01:15:00+00:00,-2521884,4260.121
46411,2011-02-10T01:30:00+00:00,-2520984,4260.096
46411,2011-02-10T01:45:00+00:00,-2520084,4260.069
46411,2011-02-10T02:00:00+00:00,-2519184,4260.037
46411,2011-02-10T02:15:00+00:00,-2518284,4260.009
46411,2011-02-10T02:30:00+00:00,-2517384,4259.980
46411,2011-02-10T02:45:00+00:00,-2516484,4259.949
46411,2011-02-10T03:00:00+00:00,-2515584,4259.920
46411,2011-02-10T03:15:00+00:00,-2514684,4259.893
46411,2011-02-10T03:30:00+00:00,-2513784,4259.868
46411,2011-02-10T03:45:00+00:00,-2512884,4259.847
46411,2011-02-10T04:00:00+00:00,-2511984,4259.831
46411,2011-02-10T04:15:00+00:00,-2511084,4259.817
46411,2011-02-10T04:30:00+00:00,-2510184,4259.811
46411,2011-02-10T04:45:00+00:00,-2509284,4259.807
46411,2011-02-10T05:00:00+00:00,-2508384,4259.809
46411,2011-02-10T05:15:00+00:00,-2507484,4259.815
46411,2011-02-10T05:30:00+00:00,-2506584,4259.824
46411,2011-02-10T05:45:00+00:00,-2505684,4259.842
46411,2011-02-10T06:00:00+00:00,-2504784,4259.864
46411,2011-02-10T06:15:00+00:00,-2503884,4259.893
46411,2011-02-10T06:30:00+00:00,-2502984,4259.928
46411,2011-02-10T06:45:00+00:00,-2502084,4259.968
46411,2011-02-10T07:00:00+00:00,-2501184,4260.011
46411,2011-02-10T07:15:00+00:00,-2500284,4260.059
46411,2011-02-10T07:30:00+00:00,-2499384,4260.111
46411,2011-02-10T07:45:00+00:00,-2498484,4260.166
46411,2011-02-10T08:00:00+00:00,-2497584,4260.219
46411,2011-02-10T08:15:00+00:00,-2496684,4260.276
46411,2011-02-10T08:30:00+00:00,-2495784,4260.332
46411,2011-02-10T08:45:00+00:00,-2494884,4260.389
46411,2011-02-10T09:00:00+00:00,-2493984,4260.440
46411,2011-02-10T09:15:00+00:00,-2493084,4260.491
46411,2011-02-10T09:30:00+00:00,-2492184,4260.538
46411,2011-02-10T09:45:00+00:00,-2491284,4260.584
46411,2011-02-10T10:00:00+00:00,-2490384,4260.623
46411,2011-02-10T10:15:00+00:00,-2489484,4260.658
46411,2011-02-10T10:30:00+00:00,-2488584,4260.689
46411,2011-02-10T10:45:00+00:00,-2487684,4260.713
46411,2011-02-10T11:00:00+00:00,-2486784,4260.727
46411,2011-02-10T11:15:00+00:00,-2485884,4260.741
46411,2011-02-10T11:30:00+00:00,-2484984,4260.749
46411,2011-02-10T11:45:00+00:00,-2484084,4260.745
46411,2011-02-10T12:00:00+00:00,-2483184,4260.737
46411,2011-02-10T12:15:00+00:00,-2482284,4260.723
46411,2011-02-10T12:30:00+00:00,-2481384,4260.705
46411,2011-02-10T12:45:00+00:00,-2480484,4260.676
46411,2011-02-10T13:00:00+00:00,-2479584,4260.644
46411,2011-02-10T13:15:00+00:00,-2478684,4260.606
46411,2011-02-10T13:30:00+00:00,-2477784,4260.557
46411,2011-02-10T13:45:00+00:00,-2476884,4260.505
46411,2011-02-10T14:00:00+00:00,-2475984,4260.452
46411,2011-02-10T14:15:00+00:00,-2475084,4260.391
46411,2011-02-10T14:30:00+00:00,-2474184,4260.334
46411,2011-02-10T14:45:00+00:00,-2473284,4260.270
46411,2011-02-10T15:00:00+00:00,-2472384,4260.207
46411,2011-02-10T15:15:00+00:00,-2471484,4260.141
46411,2011-02-10T15:30:00+00:00,-2470584,4260.076
46411,2011-02-10T15:45:00+00:00,-2469684,4260.015
46411,2011-02-10T16:00:00+00:00,-2468784,4259.950
46411,2011-02-10T16:15:00+00:00,-2467884,4259.893
46411,2011-02-10T16:30:00+00:00,-2466984,4259.839
46411,2011-02-10T16:45:00+00:00,-2466084,4259.791
46411,2011-02-10T17:00:00+00:00,-2465184,4259.746
46411,2011-02-10T17:15:00+00:00,-2464284,4259.700
46411,2011-02-10T17:30:00+00:00,-2463384,4259.662
46411,2011-02-10T17:45:00+00:00,-2462484,4259.630
46411,2011-02-10T18:00:00+00:00,-2461584,4259.605
46411,2011-02-10T18:15:00+00:00,-2460684,4259.581
46411,2011-02-10T18:30:00+00:00,-2459784,4259.567
46411,2011-02-10T18:45:00+00:00,-2458884,4259.559
46411,2011-02-10T19:00:00+00:00,-2457984,4259.557
46411,2011-02-10T19:15:00+00:00,-2457084,4259.559
46411,2011-02-10T19:30:00+00:00,-2456184,4259.567
46411,2011-02-10T19:45:00+00:00,-2455284,4259.578
46411,2011-02-10T20:00:00+00:00,-2454384,4259.597
46411,2011-02-10T20:15:00+00:00,-2453484,4259.620
46411,2011-02-10T20:30:00+00:00,-2452584,4259.642
46411,2011-02-10T20:45:00+00:00,-2451684,4259.669
46411,2011-02-10T21:00:00+00:00,-2450784,4259.701
46411,2011-02-10T21:15:00+00:00,-2449884,4259.734
46411,2011-02-10T21:30:00+00:00,-2448984,4259.770
46411,2011-02-10T21:45:00+00:00,-2448084,4259.806
46411,2011-02-10T22:00:00+00:00,-2447184,4259.842
46411,2011-02-10T22:15:00+00:00,-2446284,4259.878
46411,2011-02-10T22:30:00+00:00,-2445384,4259.914
46411,2011-02-10T22:45:00+00:00,-2444484,4259.948
46411,2011-02-10T23:00:00+00:00,-2443584,4259.983
46411,2011-02-10T23:15:00+00:00,-2442684,4260.013
46411,2011-02-10T23:30:00+00:00,-2441784,4260.039
46411,2011-02-10T23:45:00+00:00,-2440884,4260.065
46411,2011-02-11T00:00:00+00:00,-2439984,4260.086
46411,2011-02-11T00:15:00+00:00,-2439084,4260.106
46411,2011-02-11T00:30:00+00:00,-2438184,4260.119
46411,2011-02-11T00:45:00+00:00,-2437284,4260.128
46411,2011-02-11T01:00:00+00:00,-2436384,4260.134
46411,2011-02-11T01:15:00+00:00,-2435484,4260.135
46411,2011-02-11T01:30:00+00:00,-2434584,4260.134
46411,2011-02-11T01:45:00+00:00,-2433684,4260.127
46411,2011-02-11T02:00:00+00:00,-2432784,4260.117
46411,2011-02-11T02:15:00+00:00,-2431884,4260.106
46411,2011-02-11T02:30:00+00:00,-2430984,4260.091
46411,2011-02-11T02:45:00+00:00,-2430084,4260.073
46411,2011-02-11T03:00:00+00:00,-2429184,4260.055
46411,2011-02-11T03:15:00+00:00,-2428284,4260.033
46411,2011-02-11T03:30:00+00:00,-2427384,4260.011
46411,2011-02-11T03:45:00+00:00,-2426484,4259.991
46411,2011-02-11T04:00:00+00:00,-2425584,4259.970
46411,2011-02-11T04:15:00+00:00,-2424684,4259.959
46411,2011-02-11T04:30:00+00:00,-2423784,4259.940
46411,2011-02-11T04:45:00+00:00,-2422884,4259.932
46411,2011-02-11T05:00:00+00:00,-2421984,4259.925
46411,2011-02-11T05:15:00+00:00,-2421084,4259.922
46411,2011-02-11T05:30:00+00:00,-2420184,4259.924
46411,2011-02-11T05:45:00+00:00,-2419284,4259.928
46411,2011-02-11T06:00:00+00:00,-2418384,4259.935
46411,2011-02-11T06:15:00+00:00,-2417484,4259.950
46411,2011-02-11T06:30:00+00:00,-2416584,4259.967
46411,2011-02-11T06:45:00+00:00,-2415684,4259.989
46411,2011-02-11T07:00:00+00:00,-2414784,4260.013
46411,2011-02-11T07:15:00+00:00,-2413884,4260.043
46411,2011-02-11T07:30:00+00:00,-2412984,4260.078
46411,2011-02-11T07:45:00+00:00,-2412084,4260.117
46411,2011-02-11T08:00:00+00:00,-2411184,4260.159
46411,2011-02-11T08:15:00+00:00,-2410284,4260.203
46411,2011-02-11T08:30:00+00:00,-2409384,4260.244
46411,2011-02-11T08:45:00+00:00,-2408484,4260.294
46411,2011-02-11T09:00:00+00:00,-2407584,4260.343
46411,2011-02-11T09:15:00+00:00,-2406684,4260.391
46411,2011-02-11T09:30:00+00:00,-2405784,4260.438
46411,2011-02-11T09:45:00+00:00,-2404884,4260.485
46411,2011-02-11T10:00:00+00:00,-2403984,4260.531
46411,2011-02-11T10:15:00+00:00,-2403084,4260.574
46411,2011-02-11T10:30:00+00:00,-2402184,4260.612
46411,2011-02-11T10:45:00+00:00,-2401284,4260.649
46411,2011-02-11T11:00:00+00:00,-2400384,4260.680
46411,2011-02-11T11:15:00+00:00,-2399484,4260.710
46411,2011-02-11T11:30:00+00:00,-2398584,4260.730
46411,2011-02-11T11:45:00+00:00,-2397684,4260.749
46411,2011-02-11T12:00:00+00:00,-2396784,4260.758
46411,2011-02-11T12:15:00+00:00,-2395884,4260.765
46411,2011-02-11T12:30:00+00:00,-2394984,4260.763
46411,2011-02-11T12:45:00+00:00,-2394084,4260.759
46411,2011-02-11T13:00:00+00:00,-2393184,4260.746
46411,2011-02-11T13:15:00+00:00,-2392284,4260.724
46411,2011-02-11T13:30:00+00:00,-2391384,4260.695
46411,2011-02-11T13:45:00+00:00,-2390484,4260.662
46411,2011-02-11T14:00:00+00:00,-2389584,4260.624
46411,2011-02-11T14:15:00+00:00,-2388684,4260.577
46411,2011-02-11T14:30:00+00:00,-2387784,4260.527
46411,2011-02-11T14:45:00+00:00,-2386884,4260.475
46411,2011-02-11T15:00:00+00:00,-2385984,4260.416
46411,2011-02-11T15:15:00+00:00,-2385084,4260.360
46411,2011-02-11T15:30:00+00:00,-2384184,4260.295
46411,2011-02-11T15:45:00+00:00,-2383284,4260.230
46411,2011-02-11T16:00:00+00:00,-2382384,4260.163
46411,2011-02-11T16:15:00+00:00,-2381484,4260.099
46411,2011-02-11T16:30:00+00:00,-2380584,4260.034
46411,2011-02-11T16:45:00+00:00,-2379684,4259.967
46411,2011-02-11T17:00:00+00:00,-2378784,4259.905
46411,2011-02-11T17:15:00+00:00,-2377884,4259.844
46411,2011-02-11T17:30:00+00:00,-2376984,4259.787
46411,2011-02-11T17:45:00+00:00,-2376084,4259.731
46411,2011-02-11T18:00:00+00:00,-2375184,4259.681
46411,2011-02-11T18:15:00+00:00,-2374284,4259.633
46411,2011-02-11T18:30:00+00:00,-2373384,4259.589
46411,2011-02-11T18:45:00+00:00,-2372484,4259.552
46411,2011-02-11T19:00:00+00:00,-2371584,4259.523
46411,2011-02-11T19:15:00+00:00,-2370684,4259.497
46411,2011-02-11T19:30:00+00:00,-2369784,4259.480
46411,2011-02-11T19:45:00+00:00,-2368884,4259.465
46411,2011-02-11T20:00:00+00:00,-2367984,4259.458
46411,2011-02-11T20:15:00+00:00,-2367084,4259.455
46411,2011-02-11T20:30:00+00:00,-2366184,4259.459
46411,2011-02-11T20:45:00+00:00,-2365284,4259.470
46411,2011-02-11T21:00:00+00:00,-2364384,4259.487
46411,2011-02-11T21:15:00+00:00,-2363484,4259.507
46411,2011-02-11T21:30:00+00:00,-2362584,4259.532
46411,2011-02-11T21:45:00+00:00,-2361684,4259.560
46411,2011-02-11T22:00:00+00:00,-2360784,4259.591
46411,2011-02-11T22:15:00+00:00,-2359884,4259.626
46411,2011-02-11T22:30:00+00:00,-2358984,4259.662
46411,2011-02-11T22:45:00+00:00,-2358084,4259.700
46411,2011-02-11T23:00:00+00:00,-2357184,4259.742
46411,2011-02-11T23:15:00+00:00,-2356284,4259.781
46411,2011-02-11T23:30:00+00:00,-2355384,4259.821
46411,2011-02-11T23:45:00+00:00,-2354484,4259.861
46411,2011-02-12T00:00:00+00:00,-2353584,4259.902
46411,2011-02-12T00:15:00+00:00,-2352684,4259.937
46411,2011-02-12T00:30:00+00:00,-2351784,4259.972
46411,2011-02-12T00:45:00+00:00,-2350884,4260.004
46411,2011-02-12T01:00:00+00:00,-2349984,4260.030
46411,2011-02-12T01:15:00+00:00,-2349084,4260.057
46411,2011-02-12T01:30:00+00:00,-2348184,4260.076
46411,2011-02-12T01:45:00+00:00,-2347284,4260.095
46411,2011-02-12T02:00:00+00:00,-2346384,4260.109
46411,2011-02-12T02:15:00+00:00,-2345484,4260.119
46411,2011-02-12T02:30:00+00:00,-2344584,4260.125
46411,2011-02-12T02:45:00+00:00,-2343684,4260.128
46411,2011-02-12T03:00:00+00:00,-2342784,4260.125
46411,2011-02-12T03:15:00+00:00,-2341884,4260.122
46411,2011-02-12T03:30:00+00:00,-2340984,4260.116
46411,2011-02-12T03:45:00+00:00,-2340084,4260.108
46411,2011-02-12T04:00:00+00:00,-2339184,4260.100
46411,2011-02-12T04:15:00+00:00,-2338284,4260.089
46411,2011-02-12T04:30:00+00:00,-2337384,4260.077
46411,2011-02-12T04:45:00+00:00,-2336484,4260.068
46411,2011-02-12T05:00:00+00:00,-2335584,4260.057
46411,2011-02-12T05:15:00+00:00,-2334684,4260.047
46411,2011-02-12T05:30:00+00:00,-2333784,4260.036
46411,2011-02-12T05:45:00+00:00,-2332884,4260.033
46411,2011-02-12T06:00:00+00:00,-2331984,4260.030
46411,2011-02-12T06:15:00+00:00,-2331084,4260.026
46411,2011-02-12T06:30:00+00:00,-2330184,4260.029
46411,2011-02-12T06:45:00+00:00,-2329284,4260.035
46411,2011-02-12T07:00:00+00:00,-2328384,4260.043
46411,2011-02-12T07:15:00+00:00,-2327484,4260.056
46411,2011-02-12T07:30:00+00:00,-2326584,4260.070
46411,2011-02-12T07:45:00+00:00,-2325684,4260.089
46411,2011-02-12T08:00:00+00:00,-2324784,4260.114
46411,2011-02-12T08:15:00+00:00,-2323884,4260.141
46411,2011-02-12T08:30:00+00:00,-2322984,4260.170
46411,2011-02-12T08:45:00+00:00,-2322084,4260.204
46411,2011-02-12T09:00:00+00:00,-2321184,4260.240
46411,2011-02-12T09:15:00+00:00,-2320284,4260.281
46411,2011-02-12T09:30:00+00:00,-2319384,4260.323
46411,2011-02-12T09:45:00+00:00,-2318484,4260.363
46411,2011-02-12T10:00:00+00:00,-2317584,4260.409
46411,2011-02-12T10:15:00+00:00,-2316684,4260.450
46411,2011-02-12T10:30:00+00:00,-2315784,4260.496
46411,2011-02-12T10:45:00+00:00,-2314884,4260.539
46411,2011-02-12T11:00:00+00:00,-2313984,4260.577
46411,2011-02-12T11:15:00+00:00,-2313084,4260.616
46411,2011-02-12T11:30:00+00:00,-2312184,4260.653
46411,2011-02-12T11:45:00+00:00,-2311284,4260.684
46411,2011-02-12T12:00:00+00:00,-2310384,4260.710
46411,2011-02-12T12:15:00+00:00,-2309484,4260.736
46411,2011-02-12T12:30:00+00:00,-2308584,4260.756
46411,2011-02-12T12:45:00+00:00,-2307684,4260.767
46411,2011-02-12T13:00:00+00:00,-2306784,4260.776
46411,2011-02-12T13:15:00+00:00,-2305884,4260.780
46411,2011-02-12T13:30:00+00:00,-2304984,4260.774
46411,2011-02-12T13:45:00+00:00,-2304084,4260.760
46411,2011-02-12T14:00:00+00:00,-2303184,4260.744
46411,2011-02-12T14:15:00+00:00,-2302284,4260.722
46411,2011-02-12T14:30:00+00:00,-2301384,4260.692
46411,2011-02-12T14:45:00+00:00,-2300484,4260.658
46411,2011-02-12T15:00:00+00:00,-2299584,4260.616
46411,2011-02-12T15:15:00+00:00,-2298684,4260.567
46411,2011-02-12T15:30:00+00:00,-2297784,4260.512
46411,2011-02-12T15:45:00+00:00,-2296884,4260.456
46411,2011-02-12T16:00:00+00:00,-2295984,4260.392
46411,2011-02-12T16:15:00+00:00,-2295084,4260.329
46411,2011-02-12T16:30:00+00:00,-2294184,4260.259
46411,2011-02-12T16:45:00+00:00,-2293284,4260.187
46411,2011-02-12T17:00:00+00:00,-2292384,4260.114
46411,2011-02-12T17:15:00+00:00,-2291484,4260.043
46411,2011-02-12T17:30:00+00:00,-2290584,4259.969
46411,2011-02-12T17:45:00+00:00,-2289684,4259.896
46411,2011-02-12T18:00:00+00:00,-2288784,4259.827
46411,2011-02-12T18:15:00+00:00,-2287884,4259.761
46411,2011-02-12T18:30:00+00:00,-2286984,4259.696
46411,2011-02-12T18:45:00+00:00,-2286084,4259.637
46411,2011-02-12T19:00:00+00:00,-2285184,4259.580
46411,2011-02-12T19:15:00+00:00,-2284284,4259.528
46411,2011-02-12T19:30:00+00:00,-2283384,4259.483
46411,2011-02-12T19:45:00+00:00,-2282484,4259.441
46411,2011-02-12T20:00:00+00:00,-2281584,4259.403
46411,2011-02-12T20:15:00+00:00,-2280684,4259.373
46411,2011-02-12T20:30:00+00:00,-2279784,4259.351
46411,2011-02-12T20:45:00+00:00,-2278884,4259.332
46411,2011-02-12T21:00:00+00:00,-2277984,4259.322
46411,2011-02-12T21:15:00+00:00,-2277084,4259.321
46411,2011-02-12T21:30:00+00:00,-2276184,4259.327
46411,2011-02-12T21:45:00+00:00,-2275284,4259.335
46411,2011-02-12T22:00:00+00:00,-2274384,4259.353
46411,2011-02-12T22:15:00+00:00,-2273484,4259.376
46411,2011-02-12T22:30:00+00:00,-2272584,4259.403
46411,2011-02-12T22:45:00+00:00,-2271684,4259.435
46411,2011-02-12T23:00:00+00:00,-2270784,4259.470
46411,2011-02-12T23:15:00+00:00,-2269884,4259.508
46411,2011-02-12T23:30:00+00:00,-2268984,4259.553
46411,2011-02-12T23:45:00+00:00,-2268084,4259.600
46411,2011-02-13T00:00:00+00:00,-2267184,4259.649
46411,2011-02-13T00:15:00+00:00,-2266284,4259.698
46411,2011-02-13T00:30:00+00:00,-2265384,4259.747
46411,2011-02-13T00:45:00+00:00,-2264484,4259.793
46411,2011-02-13T01:00:00+00:00,-2263584,4259.841
46411,2011-02-13T01:15:00+00:00,-2262684,4259.883
46411,2011-02-13T01:30:00+00:00,-2261784,4259.927
46411,2011-02-13T01:45:00+00:00,-2260884,4259.965
46411,2011-02-13T02:00:00+00:00,-2259984,4260.003
46411,2011-02-13T02:15:00+00:00,-2259084,4260.036
46411,2011-02-13T02:30:00+00:00,-2258184,4260.068
46411,2011-02-13T02:45:00+00:00,-2257284,4260.096
46411,2011-02-13T03:00:00+00:00,-2256384,4260.120
46411,2011-02-13T03:15:00+00:00,-2255484,4260.137
46411,2011-02-13T03:30:00+00:00,-2254584,4260.152
46411,2011-02-13T03:45:00+00:00,-2253684,4260.162
46411,2011-02-13T04:00:00+00:00,-2252784,4260.168
46411,2011-02-13T04:15:00+00:00,-2251884,4260.169
46411,2011-02-13T04:30:00+00:00,-2250984,4260.166
46411,2011-02-13T04:45:00+00:00,-2250084,4260.161
46411,2011-02-13T05:00:00+00:00,-2249184,4260.156
46411,2011-02-13T05:15:00+00:00,-2248284,4260.149
46411,2011-02-13T05:30:00+00:00,-2247384,4260.138
46411,2011-02-13T05:45:00+00:00,-2246484,4260.130
46411,2011-02-13T06:00:00+00:00,-2245584,4260.120
46411,2011-02-13T06:15:00+00:00,-2244684,4260.113
46411,2011-02-13T06:30:00+00:00,-2243784,4260.104
46411,2011-02-13T06:45:00+00:00,-2242884,4260.100
46411,2011-02-13T07:00:00+00:00,-2241984,4260.093
46411,2011-02-13T07:15:00+00:00,-2241084,4260.089
46411,2011-02-13T07:30:00+00:00,-2240184,4260.087
46411,2011-02-13T07:45:00+00:00,-2239284,4260.086
46411,2011-02-13T08:00:00+00:00,-2238384,4260.093
46411,2011-02-13T08:15:00+00:00,-2237484,4260.100
46411,2011-02-13T08:30:00+00:00,-2236584,4260.113
46411,2011-02-13T08:45:00+00:00,-2235684,4260.129
46411,2011-02-13T09:00:00+00:00,-2234784,4260.150
46411,2011-02-13T09:15:00+00:00,-2233884,4260.172
46411,2011-02-13T09:30:00+00:00,-2232984,4260.200
46411,2011-02-13T09:45:00+00:00,-2232084,4260.230
46411,2011-02-13T10:00:00+00:00,-2231184,4260.265
46411,2011-02-13T10:15:00+00:00,-2230284,4260.303
46411,2011-02-13T10:30:00+00:00,-2229384,4260.343
46411,2011-02-13T10:45:00+00:00,-2228484,4260.383
46411,2011-02-13T11:00:00+00:00,-2227584,4260.422
46411,2011-02-13T11:15:00+00:00,-2226684,4260.467
46411,2011-02-13T11:30:00+00:00,-2225784,4260.512
46411,2011-02-13T11:45:00+00:00,-2224884,4260.552
46411,2011-02-13T12:00:00+00:00,-2223984,4260.596
46411,2011-02-13T12:15:00+00:00,-2223084,4260.635
46411,2011-02-13T12:30:00+00:00,-2222184,4260.673
46411,2011-02-13T12:45:00+00:00,-2221284,4260.710
46411,2011-02-13T13:00:00+00:00,-2220384,4260.738
46411,2011-02-13T13:15:00+00:00,-2219484,4260.762
46411,2011-02-13T13:30:00+00:00,-2218584,4260.783
46411,2011-02-13T13:45:00+00:00,-2217684,4260.797
46411,2011-02-13T14:00:00+00:00,-2216784,4260.804
46411,2011-02-13T14:15:00+00:00,-2215884,4260.809
46411,2011-02-13T14:30:00+00:00,-2214984,4260.802
46411,2011-02-13T14:45:00+00:00,-2214084,4260.791
46411,2011-02-13T15:00:00+00:00,-2213184,4260.770
46411,2011-02-13T15:15:00+00:00,-2212284,4260.744
46411,2011-02-13T15:30:00+00:00,-2211384,4260.711
46411,2011-02-13T15:45:00+00:00,-2210484,4260.670
46411,2011-02-13T16:00:00+00:00,-2209584,4260.625
46411,2011-02-13T16:15:00+00:00,-2208684,4260.572
46411,2011-02-13T16:30:00+00:00,-2207784,4260.516
46411,2011-02-13T16:45:00+00:00,-2206884,4260.453
46411,2011-02-13T17:00:00+00:00,-2205984,4260.384
46411,2011-02-13T17:15:00+00:00,-2205084,4260.311
46411,2011-02-13T17:30:00+00:00,-2204184,4260.234
46411,2011-02-13T17:45:00+00:00,-2203284,4260.156
46411,2011-02-13T18:00:00+00:00,-2202384,4260.074
46411,2011-02-13T18:15:00+00:00,-2201484,4259.998
46411,2011-02-13T18:30:00+00:00,-2200584,4259.916
46411,2011-02-13T18:45:00+00:00,-2199684,4259.838
46411,2011-02-13T19:00:00+00:00,-2198784,4259.760
46411,2011-02-13T19:15:00+00:00,-2197884,4259.683
46411,2011-02-13T19:30:00+00:00,-2196984,4259.608
46411,2011-02-13T19:45:00+00:00,-2196084,4259.537
46411,2011-02-13T20:00:00+00:00,-2195184,4259.473
46411,2011-02-13T20:15:00+00:00,-2194284,4259.414
46411,2011-02-13T20:30:00+00:00,-2193384,4259.362
46411,2011-02-13T20:45:00+00:00,-2192484,4259.316
46411,2011-02-13T21:00:00+00:00,-2191584,4259.276
46411,2011-02-13T21:15:00+00:00,-2190684,4259.247
46411,2011-02-13T21:30:00+00:00,-2189784,4259.223
46411,2011-02-13T21:45:00+00:00,-2188884,4259.205
46411,2011-02-13T22:00:00+00:00,-2187984,4259.197
46411,2011-02-13T22:15:00+00:00,-2187084,4259.199
46411,2011-02-13T22:30:00+00:00,-2186184,4259.208
46411,2011-02-13T22:45:00+00:00,-2185284,4259.224
46411,2011-02-13T23:00:00+00:00,-2184384,4259.249
46411,2011-02-13T23:15:00+00:00,-2183484,4259.280
46411,2011-02-13T23:30:00+00:00,-2182584,4259.313
46411,2011-02-13T23:45:00+00:00,-2181684,4259.356
46411,2011-02-14T00:00:00+00:00,-2180784,4259.403
46411,2011-02-14T00:15:00+00:00,-2179884,4259.456
46411,2011-02-14T00:30:00+00:00,-2178984,4259.507
46411,2011-02-14T00:45:00+00:00,-2178084,4259.566
46411,2011-02-14T01:00:00+00:00,-2177184,4259.627
46411,2011-02-14T01:15:00+00:00,-2176284,4259.686
46411,2011-02-14T01:30:00+00:00,-2175384,4259.745
46411,2011-02-14T01:45:00+00:00,-2174484,4259.806
46411,2011-02-14T02:00:00+00:00,-2173584,4259.863
46411,2011-02-14T02:15:00+00:00,-2172684,4259.920
46411,2011-02-14T02:30:00+00:00,-2171784,4259.974
46411,2011-02-14T02:45:00+00:00,-2170884,4260.026
46411,2011-02-14T03:00:00+00:00,-2169984,4260.073
46411,2011-02-14T03:15:00+00:00,-2169084,4260.115
46411,2011-02-14T03:30:00+00:00,-2168184,4260.151
46411,2011-02-14T03:45:00+00:00,-2167284,4260.186
46411,2011-02-14T04:00:00+00:00,-2166384,4260.212
46411,2011-02-14T04:15:00+00:00,-2165484,4260.233
46411,2011-02-14T04:30:00+00:00,-2164584,4260.249
46411,2011-02-14T04:45:00+00:00,-2163684,4260.259
46411,2011-02-14T05:00:00+00:00,-2162784,4260.267
46411,2011-02-14T05:15:00+00:00,-2161884,4260.270
46411,2011-02-14T05:30:00+00:00,-2160984,4260.270
46411,2011-02-14T05:45:00+00:00,-2160084,4260.264
46411,2011-02-14T06:00:00+00:00,-2159184,4260.255
46411,2011-02-14T06:15:00+00:00,-2158284,4260.244
46411,2011-02-14T06:30:00+00:00,-2157384,4260.227
46411,2011-02-14T06:45:00+00:00,-2156484,4260.213
46411,2011-02-14T07:00:00+00:00,-2155584,4260.194
46411,2011-02-14T07:15:00+00:00,-2154684,4260.177
46411,2011-02-14T07:30:00+00:00,-2153784,4260.163
46411,2011-02-14T07:45:00+00:00,-2152884,4260.148
46411,2011-02-14T08:00:00+00:00,-2151984,4260.135
46411,2011-02-14T08:15:00+00:00,-2151084,4260.125
46411,2011-02-14T08:30:00+00:00,-2150184,4260.122
46411,2011-02-14T08:45:00+00:00,-2149284,4260.116
46411,2011-02-14T09:00:00+00:00,-2148384,4260.115
46411,2011-02-14T09:15:00+00:00,-2147484,4260.121
46411,2011-02-14T09:30:00+00:00,-2146584,4260.130
46411,2011-02-14T09:45:00+00:00,-2145684,4260.145
46411,2011-02-14T10:00:00+00:00,-2144784,4260.161
46411,2011-02-14T10:15:00+00:00,-2143884,4260.183
46411,2011-02-14T10:30:00+00:00,-2142984,4260.211
46411,2011-02-14T10:45:00+00:00,-2142084,4260.243
46411,2011-02-14T11:00:00+00:00,-2141184,4260.278
46411,2011-02-14T11:15:00+00:00,-2140284,4260.317
46411,2011-02-14T11:30:00+00:00,-2139384,4260.359
46411,2011-02-14T11:45:00+00:00,-2138484,4260.403
46411,2011-02-14T12:00:00+00:00,-2137584,4260.449
46411,2011-02-14T12:15:00+00:00,-2136684,4260.496
46411,2011-02-14T12:30:00+00:00,-2135784,4260.547
46411,2011-02-14T12:45:00+00:00,-2134884,4260.600
46411,2011-02-14T13:00:00+00:00,-2133984,4260.648
46411,2011-02-14T13:15:00+00:00,-2133084,4260.696
46411,2011-02-14T13:30:00+00:00,-2132184,4260.741
46411,2011-02-14T13:45:00+00:00,-2131284,4260.778
46411,2011-02-14T14:00:00+00:00,-2130384,4260.817
46411,2011-02-14T14:15:00+00:00,-2129484,4260.847
46411,2011-02-14T14:30:00+00:00,-2128584,4260.874
46411,2011-02-14T14:45:00+00:00,-2127684,4260.888
46411,2011-02-14T15:00:00+00:00,-2126784,4260.900
46411,2011-02-14T15:15:00+00:00,-2125884,4260.899
46411,2011-02-14T15:30:00+00:00,-2124984,4260.897
46411,2011-02-14T15:45:00+00:00,-2124084,4260.881
46411,2011-02-14T16:00:00+00:00,-2123184,4260.861
46411,2011-02-14T16:15:00+00:00,-2122284,4260.830
46411,2011-02-14T16:30:00+00:00,-2121384,4260.790
46411,2011-02-14T16:45:00+00:00,-2120484,4260.748
46411,2011-02-14T17:00:00+00:00,-2119584,4260.693
46411,2011-02-14T17:15:00+00:00,-2118684,4260.633
46411,2011-02-14T17:30:00+00:00,-2117784,4260.563
46411,2011-02-14T17:45:00+00:00,-2116884,4260.490
46411,2011-02-14T18:00:00+00:00,-2115984,4260.412
46411,2011-02-14T18:15:00+00:00,-2115084,4260.330
46411,2011-02-14T18:30:00+00:00,-2114184,4260.242
46411,2011-02-14T18:45:00+00:00,-2113284,4260.150
46411,2011-02-14T19:00:00+00:00,-2112384,4260.059
46411,2011-02-14T19:15:00+00:00,-2111484,4259.963
46411,2011-02-14T19:30:00+00:00,-2110584,4259.867
46411,2011-02-14T19:45:00+00:00,-2109684,4259.773
46411,2011-02-14T20:00:00+00:00,-2108784,4259.681
46411,2011-02-14T20:15:00+00:00,-2107884,4259.591
46411,2011-02-14T20:30:00+00:00,-2106984,4259.507
46411,2011-02-14T20:45:00+00:00,-2106084,4259.429
46411,2011-02-14T21:00:00+00:00,-2105184,4259.354
46411,2011-02-14T21:15:00+00:00,-2104284,4259.289
46411,2011-02-14T21:30:00+00:00,-2103384,4259.231
46411,2011-02-14T21:45:00+00:00,-2102484,4259.182
46411,2011-02-14T22:00:00+00:00,-2101584,4259.144
46411,2011-02-14T22:15:00+00:00,-2100684,4259.114
46411,2011-02-14T22:30:00+00:00,-2099784,4259.094
46411,2011-02-14T22:45:00+00:00,-2098884,4259.080
46411,2011-02-14T23:00:00+00:00,-2097984,4259.079
46411,2011-02-14T23:15:00+00:00,-2097084,4259.083
46411,2011-02-14T23:30:00+00:00,-2096184,4259.099
46411,2011-02-14T23:45:00+00:00,-2095284,4259.123
46411,2011-02-15T00:00:00+00:00,-2094384,4259.156
46411,2011-02-15T00:15:00+00:00,-2093484,4259.199
46411,2011-02-15T00:30:00+00:00,-2092584,4259.250
46411,2011-02-15T00:45:00+00:00,-2091684,4259.306
46411,2011-02-15T01:00:00+00:00,-2090784,4259.365
46411,2011-02-15T01:15:00+00:00,-2089884,4259.430
46411,2011-02-15T01:30:00+00:00,-2088984,4259.497
46411,2011-02-15T01:45:00+00:00,-2088084,4259.573
46411,2011-02-15T02:00:00+00:00,-2087184,4259.643
46411,2011-02-15T02:15:00+00:00,-2086284,4259.716
46411,2011-02-15T02:30:00+00:00,-2085384,4259.789
46411,2011-02-15T02:45:00+00:00,-2084484,4259.859
46411,2011-02-15T03:00:00+00:00,-2083584,4259.928
46411,2011-02-15T03:15:00+00:00,-2082684,4259.994
46411,2011-02-15T03:30:00+00:00,-2081784,4260.055
46411,2011-02-15T03:45:00+00:00,-2080884,4260.112
46411,2011-02-15T04:00:00+00:00,-2079984,4260.163
46411,2011-02-15T04:15:00+00:00,-2079084,4260.211
46411,2011-02-15T04:30:00+00:00,-2078184,4260.249
46411,2011-02-15T04:45:00+00:00,-2077284,4260.284
46411,2011-02-15T05:00:00+00:00,-2076384,4260.310
46411,2011-02-15T05:15:00+00:00,-2075484,4260.331
46411,2011-02-15T05:30:00+00:00,-2074584,4260.347
46411,2011-02-15T05:45:00+00:00,-2073684,4260.354
46411,2011-02-15T06:00:00+00:00,-2072784,4260.354
46411,2011-02-15T06:15:00+00:00,-2071884,4260.344
46411,2011-02-15T06:30:00+00:00,-2070984,4260.336
46411,2011-02-15T06:45:00+00:00,-2070084,4260.322
46411,2011-02-15T07:00:00+00:00,-2069184,4260.299
46411,2011-02-15T07:15:00+00:00,-2068284,4260.277
46411,2011-02-15T07:30:00+00:00,-2067384,4260.252
46411,2011-02-15T07:45:00+00:00,-2066484,4260.222
46411,2011-02-15T08:00:00+00:00,-2065584,4260.193
46411,2011-02-15T08:15:00+00:00,-2064684,4260.169
46411,2011-02-15T08:30:00+00:00,-2063784,4260.142
46411,2011-02-15T08:45:00+00:00,-2062884,4260.118
46411,2011-02-15T09:00:00+00:00,-2061984,4260.094
46411,2011-02-15T09:15:00+00:00,-2061084,4260.075
46411,2011-02-15T09:30:00+00:00,-2060184,4260.062
46411,2011-02-15T09:45:00+00:00,-2059284,4260.054
46411,2011-02-15T10:00:00+00:00,-2058384,4260.051
46411,2011-02-15T10:15:00+00:00,-2057484,4260.046
46411,2011-02-15T10:30:00+00:00,-2056584,4260.054
46411,2011-02-15T10:45:00+00:00,-2055684,4260.066
46411,2011-02-15T11:00:00+00:00,-2054784,4260.085
46411,2011-02-15T11:15:00+00:00,-2053884,4260.110
46411,2011-02-15T11:30:00+00:00,-2052984,4260.141
46411,2011-02-15T11:45:00+00:00,-2052084,4260.179
46411,2011-02-15T12:00:00+00:00,-2051184,4260.221
46411,2011-02-15T12:15:00+00:00,-2050284,4260.267
46411,2011-02-15T12:30:00+00:00,-2049384,4260.317
46411,2011-02-15T12:45:00+00:00,-2048484,4260.372
46411,2011-02-15T13:00:00+00:00,-2047584,4260.430
46411,2011-02-15T13:15:00+00:00,-2046684,4260.493
46411,2011-02-15T13:30:00+00:00,-2045784,4260.551
46411,2011-02-15T13:45:00+00:00,-2044884,4260.610
46411,2011-02-15T14:00:00+00:00,-2043984,4260.669
46411,2011-02-15T14:15:00+00:00,-2043084,4260.727
46411,2011-02-15T14:30:00+00:00,-2042184,4260.777
46411,2011-02-15T14:45:00+00:00,-2041284,4260.824
46411,2011-02-15T15:00:00+00:00,-2040384,4260.865
46411,2011-02-15T15:15:00+00:00,-2039484,4260.902
46411,2011-02-15T15:30:00+00:00,-2038584,4260.929
46411,2011-02-15T15:45:00+00:00,-2037684,4260.950
46411,2011-02-15T16:00:00+00:00,-2036784,4260.963
46411,2011-02-15T16:15:00+00:00,-2035884,4260.965
46411,2011-02-15T16:30:00+00:00,-2034984,4260.959
46411,2011-02-15T16:45:00+00:00,-2034084,4260.943
46411,2011-02-15T17:00:00+00:00,-2033184,4260.916
46411,2011-02-15T17:15:00+00:00,-2032284,4260.882
46411,2011-02-15T17:30:00+00:00,-2031384,4260.835
46411,2011-02-15T17:45:00+00:00,-2030484,4260.779
46411,2011-02-15T18:00:00+00:00,-2029584,4260.715
46411,2011-02-15T18:15:00+00:00,-2028684,4260.642
46411,2011-02-15T18:30:00+00:00,-2027784,4260.560
46411,2011-02-15T18:45:00+00:00,-2026884,4260.473
46411,2011-02-15T19:00:00+00:00,-2025984,4260.378
46411,2011-02-15T19:15:00+00:00,-2025084,4260.278
46411,2011-02-15T19:30:00+00:00,-2024184,4260.173
46411,2011-02-15T19:45:00+00:00,-2023284,4260.065
46411,2011-02-15T20:00:00+00:00,-2022384,4259.956
46411,2011-02-15T20:15:00+00:00,-2021484,4259.847
46411,2011-02-15T20:30:00+00:00,-2020584,4259.737
46411,2011-02-15T20:45:00+00:00,-2019684,4259.631
46411,2011-02-15T21:00:00+00:00,-2018784,4259.533
46411,2011-02-15T21:15:00+00:00,-2017884,4259.433
46411,2011-02-15T21:30:00+00:00,-2016984,4259.345
46411,2011-02-15T21:45:00+00:00,-2016084,4259.262
46411,2011-02-15T22:00:00+00:00,-2015184,4259.189
46411,2011-02-15T22:15:00+00:00,-2014284,4259.118
46411,2011-02-15T22:30:00+00:00,-2013384,4259.060
46411,2011-02-15T22:45:00+00:00,-2012484,4259.014
46411,2011-02-15T23:00:00+00:00,-2011584,4258.978
46411,2011-02-15T23:15:00+00:00,-2010684,4258.954
46411,2011-02-15T23:30:00+00:00,-2009784,4258.941
46411,2011-02-15T23:45:00+00:00,-2008884,4258.935
46411,2011-02-16T00:00:00+00:00,-2007984,4258.940
46411,2011-02-16T00:15:00+00:00,-2007084,4258.958
46411,2011-02-16T00:30:00+00:00,-2006184,4258.987
46411,2011-02-16T00:45:00+00:00,-2005284,4259.024
46411,2011-02-16T01:00:00+00:00,-2004384,4259.073
46411,2011-02-16T01:15:00+00:00,-2003484,4259.131
46411,2011-02-16T01:30:00+00:00,-2002584,4259.196
46411,2011-02-16T01:45:00+00:00,-2001684,4259.270
46411,2011-02-16T02:00:00+00:00,-2000784,4259.346
46411,2011-02-16T02:15:00+00:00,-1999884,4259.428
46411,2011-02-16T02:30:00+00:00,-1998984,4259.512
46411,2011-02-16T02:45:00+00:00,-1998084,4259.598
46411,2011-02-16T03:00:00+00:00,-1997184,4259.683
46411,2011-02-16T03:15:00+00:00,-1996284,4259.768
46411,2011-02-16T03:30:00+00:00,-1995384,4259.853
46411,2011-02-16T03:45:00+00:00,-1994484,4259.934
46411,2011-02-16T04:00:00+00:00,-1993584,4260.009
46411,2011-02-16T04:15:00+00:00,-1992684,4260.082
46411,2011-02-16T04:30:00+00:00,-1991784,4260.148
46411,2011-02-16T04:45:00+00:00,-1990884,4260.210
46411,2011-02-16T05:00:00+00:00,-1989984,4260.263
46411,2011-02-16T05:15:00+00:00,-1989084,4260.311
46411,2011-02-16T05:30:00+00:00,-1988184,4260.349
46411,2011-02-16T05:45:00+00:00,-1987284,4260.381
46411,2011-02-16T06:00:00+00:00,-1986384,4260.400
46411,2011-02-16T06:15:00+00:00,-1985484,4260.411
46411,2011-02-16T06:30:00+00:00,-1984584,4260.414
46411,2011-02-16T06:45:00+00:00,-1983684,4260.410
46411,2011-02-16T07:00:00+00:00,-1982784,4260.398
46411,2011-02-16T07:15:00+00:00,-1981884,4260.379
46411,2011-02-16T07:30:00+00:00,-1980984,4260.352
46411,2011-02-16T07:45:00+00:00,-1980084,4260.323
46411,2011-02-16T08:00:00+00:00,-1979184,4260.289
46411,2011-02-16T08:15:00+00:00,-1978284,4260.250
46411,2011-02-16T08:30:00+00:00,-1977384,4260.211
46411,2011-02-16T08:45:00+00:00,-1976484,4260.171
46411,2011-02-16T09:00:00+00:00,-1975584,4260.130
46411,2011-02-16T09:15:00+00:00,-1974684,4260.093
46411,2011-02-16T09:30:00+00:00,-1973784,4260.053
46411,2011-02-16T09:45:00+00:00,-1972884,4260.018
46411,2011-02-16T10:00:00+00:00,-1971984,4259.987
46411,2011-02-16T10:15:00+00:00,-1971084,4259.959
46411,2011-02-16T10:30:00+00:00,-1970184,4259.937
46411,2011-02-16T10:45:00+00:00,-1969284,4259.923
46411,2011-02-16T11:00:00+00:00,-1968384,4259.916
46411,2011-02-16T11:15:00+00:00,-1967484,4259.913
46411,2011-02-16T11:30:00+00:00,-1966584,4259.921
46411,2011-02-16T11:45:00+00:00,-1965684,4259.938
46411,2011-02-16T12:00:00+00:00,-1964784,4259.958
46411,2011-02-16T12:15:00+00:00,-1963884,4259.990
46411,2011-02-16T12:30:00+00:00,-1962984,4260.029
46411,2011-02-16T12:45:00+00:00,-1962084,4260.077
46411,2011-02-16T13:00:00+00:00,-1961184,4260.128
46411,2011-02-16T13:15:00+00:00,-1960284,4260.184
46411,2011-02-16T13:30:00+00:00,-1959384,4260.248
46411,2011-02-16T13:45:00+00:00,-1958484,4260.315
46411,2011-02-16T14:00:00+00:00,-1957584,4260.387
46411,2011-02-16T14:15:00+00:00,-1956684,4260.460
46411,2011-02-16T14:30:00+00:00,-1955784,4260.533
46411,2011-02-16T14:45:00+00:00,-1954884,4260.604
46411,2011-02-16T15:00:00+00:00,-1953984,4260.673
46411,2011-02-16T15:15:00+00:00,-1953084,4260.739
46411,2011-02-16T15:30:00+00:00,-1952184,4260.796
46411,2011-02-16T15:45:00+00:00,-1951284,4260.849
46411,2011-02-16T16:00:00+00:00,-1950384,4260.894
46411,2011-02-16T16:15:00+00:00,-1949484,4260.936
46411,2011-02-16T16:30:00+00:00,-1948584,4260.966
46411,2011-02-16T16:45:00+00:00,-1947684,4260.990
46411,2011-02-16T17:00:00+00:00,-1946784,4261.001
46411,2011-02-16T17:15:00+00:00,-1945884,4260.999
46411,2011-02-16T17:30:00+00:00,-1944984,4260.989
46411,2011-02-16T17:45:00+00:00,-1944084,4260.967
46411,2011-02-16T18:00:00+00:00,-1943184,4260.934
46411,2011-02-16T18:15:00+00:00,-1942284,4260.889
46411,2011-02-16T18:30:00+00:00,-1941384,4260.830
46411,2011-02-16T18:45:00+00:00,-1940484,4260.764
46411,2011-02-16T19:00:00+00:00,-1939584,4260.683
46411,2011-02-16T19:15:00+00:00,-1938684,4260.600
46411,2011-02-16T19:30:00+00:00,-1937784,4260.508
46411,2011-02-16T19:45:00+00:00,-1936884,4260.407
46411,2011-02-16T20:00:00+00:00,-1935984,4260.297
46411,2011-02-16T20:15:00+00:00,-1935084,4260.186
46411,2011-02-16T20:30:00+00:00,-1934184,4260.067
46411,2011-02-16T20:45:00+00:00,-1933284,4259.947
46411,2011-02-16T21:00:00+00:00,-1932384,4259.830
46411,2011-02-16T21:15:00+00:00,-1931484,4259.713
46411,2011-02-16T21:30:00+00:00,-1930584,4259.598
46411,2011-02-16T21:45:00+00:00,-1929684,4259.491
46411,2011-02-16T22:00:00+00:00,-1928784,4259.384
46411,2011-02-16T22:15:00+00:00,-1927884,4259.288
46411,2011-02-16T22:30:00+00:00,-1926984,4259.201
46411,2011-02-16T22:45:00+00:00,-1926084,4259.118
46411,2011-02-16T23:00:00+00:00,-1925184,4259.046
46411,2011-02-16T23:15:00+00:00,-1924284,4258.981
46411,2011-02-16T23:30:00+00:00,-1923384,4258.933
46411,2011-02-16T23:45:00+00:00,-1922484,4258.896
46411,2011-02-17T00:00:00+00:00,-1921584,4258.869
46411,2011-02-17T00:15:00+00:00,-1920684,4258.859
46411,2011-02-17T00:30:00+00:00,-1919784,4258.855
46411,2011-02-17T00:45:00+00:00,-1918884,4258.866
46411,2011-02-17T01:00:00+00:00,-1917984,4258.891
46411,2011-02-17T01:15:00+00:00,-1917084,4258.929
46411,2011-02-17T01:30:00+00:00,-1916184,4258.976
46411,2011-02-17T01:45:00+00:00,-1915284,4259.034
46411,2011-02-17T02:00:00+00:00,-1914384,4259.105
46411,2011-02-17T02:15:00+00:00,-1913484,4259.181
46411,2011-02-17T02:30:00+00:00,-1912584,4259.266
46411,2011-02-17T02:45:00+00:00,-1911684,4259.358
46411,2011-02-17T03:00:00+00:00,-1910784,4259.454
46411,2011-02-17T03:15:00+00:00,-1909884,4259.547
46411,2011-02-17T03:30:00+00:00,-1908984,4259.646
46411,2011-02-17T03:45:00+00:00,-1908084,4259.748
46411,2011-02-17T04:00:00+00:00,-1907184,4259.843
46411,2011-02-17T04:15:00+00:00,-1906284,4259.939
46411,2011-02-17T04:30:00+00:00,-1905384,4260.028
46411,2011-02-17T04:45:00+00:00,-1904484,4260.114
46411,2011-02-17T05:00:00+00:00,-1903584,4260.194
46411,2011-02-17T05:15:00+00:00,-1902684,4260.270
46411,2011-02-17T05:30:00+00:00,-1901784,4260.334
46411,2011-02-17T05:45:00+00:00,-1900884,4260.386
46411,2011-02-17T06:00:00+00:00,-1899984,4260.439
46411,2011-02-17T06:15:00+00:00,-1899084,4260.470
46411,2011-02-17T06:30:00+00:00,-1898184,4260.495
46411,2011-02-17T06:45:00+00:00,-1897284,4260.512
46411,2011-02-17T07:00:00+00:00,-1896384,4260.520
46411,2011-02-17T07:15:00+00:00,-1895484,4260.513
46411,2011-02-17T07:30:00+00:00,-1894584,4260.503
46411,2011-02-17T07:45:00+00:00,-1893684,4260.481
46411,2011-02-17T08:00:00+00:00,-1892784,4260.448
46411,2011-02-17T08:15:00+00:00,-1891884,4260.410
46411,2011-02-17T08:30:00+00:00,-1890984,4260.366
46411,2011-02-17T08:45:00+00:00,-1890084,4260.314
46411,2011-02-17T09:00:00+00:00,-1889184,4260.260
46411,2011-02-17T09:15:00+00:00,-1888284,4260.205
46411,2011-02-17T09:30:00+00:00,-1887384,4260.146
46411,2011-02-17T09:45:00+00:00,-1886484,4260.086
46411,2011-02-17T10:00:00+00:00,-1885584,4260.027
46411,2011-02-17T10:15:00+00:00,-1884684,4259.971
46411,2011-02-17T10:30:00+00:00,-1883784,4259.922
46411,2011-02-17T10:45:00+00:00,-1882884,4259.879
46411,2011-02-17T11:00:00+00:00,-1881984,4259.836
46411,2011-02-17T11:15:00+00:00,-1881084,4259.806
46411,2011-02-17T11:30:00+00:00,-1880184,4259.785
46411,2011-02-17T11:45:00+00:00,-1879284,4259.767
46411,2011-02-17T12:00:00+00:00,-1878384,4259.759
46411,2011-02-17T12:15:00+00:00,-1877484,4259.765
46411,2011-02-17T12:30:00+00:00,-1876584,4259.778
46411,2011-02-17T12:45:00+00:00,-1875684,4259.800
46411,2011-02-17T13:00:00+00:00,-1874784,4259.832
46411,2011-02-17T13:15:00+00:00,-1873884,4259.875
46411,2011-02-17T13:30:00+00:00,-1872984,4259.921
46411,2011-02-17T13:45:00+00:00,-1872084,4259.980
46411,2011-02-17T14:00:00+00:00,-1871184,4260.048
46411,2011-02-17T14:15:00+00:00,-1870284,4260.118
46411,2011-02-17T14:30:00+00:00,-1869384,4260.200
46411,2011-02-17T14:45:00+00:00,-1868484,4260.279
46411,2011-02-17T15:00:00+00:00,-1867584,4260.361
46411,2011-02-17T15:15:00+00:00,-1866684,4260.444
46411,2011-02-17T15:30:00+00:00,-1865784,4260.527
46411,2011-02-17T15:45:00+00:00,-1864884,4260.608
46411,2011-02-17T16:00:00+00:00,-1863984,4260.688
46411,2011-02-17T16:15:00+00:00,-1863084,4260.760
46411,2011-02-17T16:30:00+00:00,-1862184,4260.827
46411,2011-02-17T16:45:00+00:00,-1861284,4260.889
46411,2011-02-17T17:00:00+00:00,-1860384,4260.938
46411,2011-02-17T17:15:00+00:00,-1859484,4260.978
46411,2011-02-17T17:30:00+00:00,-1858584,4261.004
46411,2011-02-17T17:45:00+00:00,-1857684,4261.026
46411,2011-02-17T18:00:00+00:00,-1856784,4261.027
46411,2011-02-17T18:15:00+00:00,-1855884,4261.024
46411,2011-02-17T18:30:00+00:00,-1854984,4261.005
46411,2011-02-17T18:45:00+00:00,-1854084,4260.974
46411,2011-02-17T19:00:00+00:00,-1853184,4260.930
46411,2011-02-17T19:15:00+00:00,-1852284,4260.873
46411,2011-02-17T19:30:00+00:00,-1851384,4260.806
46411,2011-02-17T19:45:00+00:00,-1850484,4260.729
46411,2011-02-17T20:00:00+00:00,-1849584,4260.644
46411,2011-02-17T20:15:00+00:00,-1848684,4260.547
46411,2011-02-17T20:30:00+00:00,-1847784,4260.446
46411,2011-02-17T20:45:00+00:00,-1846884,4260.334
46411,2011-02-17T21:00:00+00:00,-1845984,4260.215
46411,2011-02-17T21:15:00+00:00,-1845084,4260.098
46411,2011-02-17T21:30:00+00:00,-1844184,4259.975
46411,2011-02-17T21:45:00+00:00,-1843284,4259.855
46411,2011-02-17T22:00:00+00:00,-1842384,4259.734
46411,2011-02-17T22:15:00+00:00,-1841484,4259.614
46411,2011-02-17T22:30:00+00:00,-1840584,4259.501
46411,2011-02-17T22:45:00+00:00,-1839684,4259.388
46411,2011-02-17T23:00:00+00:00,-1838784,4259.284
46411,2011-02-17T23:15:00+00:00,-1837884,4259.191
46411,2011-02-17T23:30:00+00:00,-1836984,4259.106
46411,2011-02-17T23:45:00+00:00,-1836084,4259.031
46411,2011-02-18T00:00:00+00:00,-1835184,4258.971
46411,2011-02-18T00:15:00+00:00,-1834284,4258.922
46411,2011-02-18T00:30:00+00:00,-1833384,4258.883
46411,2011-02-18T00:45:00+00:00,-1832484,4258.860
46411,2011-02-18T01:00:00+00:00,-1831584,4258.853
46411,2011-02-18T01:15:00+00:00,-1830684,4258.860
46411,2011-02-18T01:30:00+00:00,-1829784,4258.878
46411,2011-02-18T01:45:00+00:00,-1828884,4258.910
46411,2011-02-18T02:00:00+00:00,-1827984,4258.957
46411,2011-02-18T02:15:00+00:00,-1827084,4259.015
46411,2011-02-18T02:30:00+00:00,-1826184,4259.083
46411,2011-02-18T02:45:00+00:00,-1825284,4259.164
46411,2011-02-18T03:00:00+00:00,-1824384,4259.250
46411,2011-02-18T03:15:00+00:00,-1823484,4259.345
46411,2011-02-18T03:30:00+00:00,-1822584,4259.448
46411,2011-02-18T03:45:00+00:00,-1821684,4259.554
46411,2011-02-18T04:00:00+00:00,-1820784,4259.664
46411,2011-02-18T04:15:00+00:00,-1819884,4259.775
46411,2011-02-18T04:30:00+00:00,-1818984,4259.882
46411,2011-02-18T04:45:00+00:00,-1818084,4259.988
46411,2011-02-18T05:00:00+00:00,-1817184,4260.089
46411,2011-02-18T05:15:00+00:00,-1816284,4260.188
46411,2011-02-18T05:30:00+00:00,-1815384,4260.279
46411,2011-02-18T05:45:00+00:00,-1814484,4260.361
46411,2011-02-18T06:00:00+00:00,-1813584,4260.435
46411,2011-02-18T06:15:00+00:00,-1812684,4260.500
46411,2011-02-18T06:30:00+00:00,-1811784,4260.553
46411,2011-02-18T06:45:00+00:00,-1810884,4260.594
46411,2011-02-18T07:00:00+00:00,-1809984,4260.626
46411,2011-02-18T07:15:00+00:00,-1809084,4260.645
46411,2011-02-18T07:30:00+00:00,-1808184,4260.654
46411,2011-02-18T07:45:00+00:00,-1807284,4260.653
46411,2011-02-18T08:00:00+00:00,-1806384,4260.637
46411,2011-02-18T08:15:00+00:00,-1805484,4260.611
46411,2011-02-18T08:30:00+00:00,-1804584,4260.575
46411,2011-02-18T08:45:00+00:00,-1803684,4260.528
46411,2011-02-18T09:00:00+00:00,-1802784,4260.476
46411,2011-02-18T09:15:00+00:00,-1801884,4260.414
46411,2011-02-18T09:30:00+00:00,-1800984,4260.346
46411,2011-02-18T09:45:00+00:00,-1800084,4260.274
46411,2011-02-18T10:00:00+00:00,-1799184,4260.200
46411,2011-02-18T10:15:00+00:00,-1798284,4260.126
46411,2011-02-18T10:30:00+00:00,-1797384,4260.050
46411,2011-02-18T10:45:00+00:00,-1796484,4259.975
46411,2011-02-18T11:00:00+00:00,-1795584,4259.907
46411,2011-02-18T11:15:00+00:00,-1794684,4259.842
46411,2011-02-18T11:30:00+00:00,-1793784,4259.783
46411,2011-02-18T11:45:00+00:00,-1792884,4259.729
46411,2011-02-18T12:00:00+00:00,-1791984,4259.683
46411,2011-02-18T12:15:00+00:00,-1791084,4259.647
46411,2011-02-18T12:30:00+00:00,-1790184,4259.623
46411,2011-02-18T12:45:00+00:00,-1789284,4259.609
46411,2011-02-18T13:00:00+00:00,-1788384,4259.608
46411,2011-02-18T13:15:00+00:00,-1787484,4259.615
46411,2011-02-18T13:30:00+00:00,-1786584,4259.634
46411,2011-02-18T13:45:00+00:00,-1785684,4259.668
46411,2011-02-18T14:00:00+00:00,-1784784,4259.711
46411,2011-02-18T14:15:00+00:00,-1783884,4259.762
46411,2011-02-18T14:30:00+00:00,-1782984,4259.823
46411,2011-02-18T14:45:00+00:00,-1782084,4259.896
46411,2011-02-18T15:00:00+00:00,-1781184,4259.971
46411,2011-02-18T15:15:00+00:00,-1780284,4260.056
46411,2011-02-18T15:30:00+00:00,-1779384,4260.145
46411,2011-02-18T15:45:00+00:00,-1778484,4260.235
46411,2011-02-18T16:00:00+00:00,-1777584,4260.326
46411,2011-02-18T16:15:00+00:00,-1776684,4260.419
46411,2011-02-18T16:30:00+00:00,-1775784,4260.511
46411,2011-02-18T16:45:00+00:00,-1774884,4260.598
46411,2011-02-18T17:00:00+00:00,-1773984,4260.679
46411,2011-02-18T17:15:00+00:00,-1773084,4260.754
46411,2011-02-18T17:30:00+00:00,-1772184,4260.825
46411,2011-02-18T17:45:00+00:00,-1771284,4260.886
46411,2011-02-18T18:00:00+00:00,-1770384,4260.937
46411,2011-02-18T18:15:00+00:00,-1769484,4260.977
46411,2011-02-18T18:30:00+00:00,-1768584,4261.006
46411,2011-02-18T18:45:00+00:00,-1767684,4261.018
46411,2011-02-18T19:00:00+00:00,-1766784,4261.020
46411,2011-02-18T19:15:00+00:00,-1765884,4261.005
46411,2011-02-18T19:30:00+00:00,-1764984,4260.979
46411,2011-02-18T19:45:00+00:00,-1764084,4260.941
46411,2011-02-18T20:00:00+00:00,-1763184,4260.888
46411,2011-02-18T20:15:00+00:00,-1762284,4260.824
46411,2011-02-18T20:30:00+00:00,-1761384,4260.748
46411,2011-02-18T20:45:00+00:00,-1760484,4260.661
46411,2011-02-18T21:00:00+00:00,-1759584,4260.567
46411,2011-02-18T21:15:00+00:00,-1758684,4260.463
46411,2011-02-18T21:30:00+00:00,-1757784,4260.352
46411,2011-02-18T21:45:00+00:00,-1756884,4260.234
46411,2011-02-18T22:00:00+00:00,-1755984,4260.113
46411,2011-02-18T22:15:00+00:00,-1755084,4259.992
46411,2011-02-18T22:30:00+00:00,-1754184,4259.869
46411,2011-02-18T22:45:00+00:00,-1753284,4259.749
46411,2011-02-18T23:00:00+00:00,-1752384,4259.630
46411,2011-02-18T23:15:00+00:00,-1751484,4259.513
46411,2011-02-18T23:30:00+00:00,-1750584,4259.408
46411,2011-02-18T23:45:00+00:00,-1749684,4259.307
46411,2011-02-19T00:00:00+00:00,-1748784,4259.212
46411,2011-02-19T00:15:00+00:00,-1747884,4259.131
46411,2011-02-19T00:30:00+00:00,-1746984,4259.060
46411,2011-02-19T00:45:00+00:00,-1746084,4259.003
46411,2011-02-19T01:00:00+00:00,-1745184,4258.961
46411,2011-02-19T01:15:00+00:00,-1744284,4258.930
46411,2011-02-19T01:30:00+00:00,-1743384,4258.916
46411,2011-02-19T01:45:00+00:00,-1742484,4258.914
46411,2011-02-19T02:00:00+00:00,-1741584,4258.928
46411,2011-02-19T02:15:00+00:00,-1740684,4258.956
46411,2011-02-19T02:30:00+00:00,-1739784,4258.997
46411,2011-02-19T02:45:00+00:00,-1738884,4259.051
46411,2011-02-19T03:00:00+00:00,-1737984,4259.118
46411,2011-02-19T03:15:00+00:00,-1737084,4259.198
46411,2011-02-19T03:30:00+00:00,-1736184,4259.286
46411,2011-02-19T03:45:00+00:00,-1735284,4259.382
46411,2011-02-19T04:00:00+00:00,-1734384,4259.485
46411,2011-02-19T04:15:00+00:00,-1733484,4259.595
46411,2011-02-19T04:30:00+00:00,-1732584,4259.706
46411,2011-02-19T04:45:00+00:00,-1731684,4259.822
46411,2011-02-19T05:00:00+00:00,-1730784,4259.939
46411,2011-02-19T05:15:00+00:00,-1729884,4260.054
46411,2011-02-19T05:30:00+00:00,-1728984,4260.164
46411,2011-02-19T05:45:00+00:00,-1728084,4260.272
46411,2011-02-19T06:00:00+00:00,-1727184,4260.373
46411,2011-02-19T06:15:00+00:00,-1726284,4260.463
46411,2011-02-19T06:30:00+00:00,-1725384,4260.544
46411,2011-02-19T06:45:00+00:00,-1724484,4260.615
46411,2011-02-19T07:00:00+00:00,-1723584,4260.677
46411,2011-02-19T07:15:00+00:00,-1722684,4260.724
46411,2011-02-19T07:30:00+00:00,-1721784,4260.760
46411,2011-02-19T07:45:00+00:00,-1720884,4260.781
46411,2011-02-19T08:00:00+00:00,-1719984,4260.790
46411,2011-02-19T08:15:00+00:00,-1719084,4260.784
46411,2011-02-19T08:30:00+00:00,-1718184,4260.771
46411,2011-02-19T08:45:00+00:00,-1717284,4260.743
46411,2011-02-19T09:00:00+00:00,-1716384,4260.707
46411,2011-02-19T09:15:00+00:00,-1715484,4260.656
46411,2011-02-19T09:30:00+00:00,-1714584,4260.595
46411,2011-02-19T09:45:00+00:00,-1713684,4260.529
46411,2011-02-19T10:00:00+00:00,-1712784,4260.453
46411,2011-02-19T10:15:00+00:00,-1711884,4260.371
46411,2011-02-19T10:30:00+00:00,-1710984,4260.284
46411,2011-02-19T10:45:00+00:00,-1710084,4260.193
46411,2011-02-19T11:00:00+00:00,-1709184,4260.103
46411,2011-02-19T11:15:00+00:00,-1708284,4260.013
46411,2011-02-19T11:30:00+00:00,-1707384,4259.921
46411,2011-02-19T11:45:00+00:00,-1706484,4259.838
46411,2011-02-19T12:00:00+00:00,-1705584,4259.754
46411,2011-02-19T12:15:00+00:00,-1704684,4259.680
46411,2011-02-19T12:30:00+00:00,-1703784,4259.614
46411,2011-02-19T12:45:00+00:00,-1702884,4259.560
46411,2011-02-19T13:00:00+00:00,-1701984,4259.509
46411,2011-02-19T13:15:00+00:00,-1701084,4259.476
46411,2011-02-19T13:30:00+00:00,-1700184,4259.450
46411,2011-02-19T13:45:00+00:00,-1699284,4259.437
46411,2011-02-19T14:00:00+00:00,-1698384,4259.437
46411,2011-02-19T14:15:00+00:00,-1697484,4259.453
46411,2011-02-19T14:30:00+00:00,-1696584,4259.477
46411,2011-02-19T14:45:00+00:00,-1695684,4259.517
46411,2011-02-19T15:00:00+00:00,-1694784,4259.565
46411,2011-02-19T15:15:00+00:00,-1693884,4259.625
46411,2011-02-19T15:30:00+00:00,-1692984,4259.695
46411,2011-02-19T15:45:00+00:00,-1692084,4259.775
46411,2011-02-19T16:00:00+00:00,-1691184,4259.864
46411,2011-02-19T16:15:00+00:00,-1690284,4259.956
46411,2011-02-19T16:30:00+00:00,-1689384,4260.054
46411,2011-02-19T16:45:00+00:00,-1688484,4260.150
46411,2011-02-19T17:00:00+00:00,-1687584,4260.246
46411,2011-02-19T17:15:00+00:00,-1686684,4260.342
46411,2011-02-19T17:30:00+00:00,-1685784,4260.434
46411,2011-02-19T17:45:00+00:00,-1684884,4260.525
46411,2011-02-19T18:00:00+00:00,-1683984,4260.606
46411,2011-02-19T18:15:00+00:00,-1683084,4260.684
46411,2011-02-19T18:30:00+00:00,-1682184,4260.752
46411,2011-02-19T18:45:00+00:00,-1681284,4260.809
46411,2011-02-19T19:00:00+00:00,-1680384,4260.855
46411,2011-02-19T19:15:00+00:00,-1679484,4260.888
46411,2011-02-19T19:30:00+00:00,-1678584,4260.907
46411,2011-02-19T19:45:00+00:00,-1677684,4260.916
46411,2011-02-19T20:00:00+00:00,-1676784,4260.914
46411,2011-02-19T20:15:00+00:00,-1675884,4260.895
46411,2011-02-19T20:30:00+00:00,-1674984,4260.866
46411,2011-02-19T20:45:00+00:00,-1674084,4260.820
46411,2011-02-19T21:00:00+00:00,-1673184,4260.765
46411,2011-02-19T21:15:00+00:00,-1672284,4260.698
46411,2011-02-19T21:30:00+00:00,-1671384,4260.623
46411,2011-02-19T21:45:00+00:00,-1670484,4260.531
46411,2011-02-19T22:00:00+00:00,-1669584,4260.441
46411,2011-02-19T22:15:00+00:00,-1668684,4260.339
46411,2011-02-19T22:30:00+00:00,-1667784,4260.232
46411,2011-02-19T22:45:00+00:00,-1666884,4260.126
46411,2011-02-19T23:00:00+00:00,-1665984,4260.010
46411,2011-02-19T23:15:00+00:00,-1665084,4259.897
46411,2011-02-19T23:30:00+00:00,-1664184,4259.786
46411,2011-02-19T23:45:00+00:00,-1663284,4259.679
46411,2011-02-20T00:00:00+00:00,-1662384,4259.574
46411,2011-02-20T00:15:00+00:00,-1661484,4259.469
46411,2011-02-20T00:30:00+00:00,-1660584,4259.380
46411,2011-02-20T00:45:00+00:00,-1659684,4259.294
46411,2011-02-20T01:00:00+00:00,-1658784,4259.219
46411,2011-02-20T01:15:00+00:00,-1657884,4259.156
46411,2011-02-20T01:30:00+00:00,-1656984,4259.107
46411,2011-02-20T01:45:00+00:00,-1656084,4259.069
46411,2011-02-20T02:00:00+00:00,-1655184,4259.048
46411,2011-02-20T02:15:00+00:00,-1654284,4259.039
46411,2011-02-20T02:30:00+00:00,-1653384,4259.048
46411,2011-02-20T02:45:00+00:00,-1652484,4259.066
46411,2011-02-20T03:00:00+00:00,-1651584,4259.096
46411,2011-02-20T03:15:00+00:00,-1650684,4259.146
46411,2011-02-20T03:30:00+00:00,-1649784,4259.208
46411,2011-02-20T03:45:00+00:00,-1648884,4259.278
46411,2011-02-20T04:00:00+00:00,-1647984,4259.361
46411,2011-02-20T04:15:00+00:00,-1647084,4259.455
46411,2011-02-20T04:30:00+00:00,-1646184,4259.553
46411,2011-02-20T04:45:00+00:00,-1645284,4259.661
46411,2011-02-20T05:00:00+00:00,-1644384,4259.775
46411,2011-02-20T05:15:00+00:00,-1643484,4259.891
46411,2011-02-20T05:30:00+00:00,-1642584,4260.003
46411,2011-02-20T05:45:00+00:00,-1641684,4260.118
46411,2011-02-20T06:00:00+00:00,-1640784,4260.229
46411,2011-02-20T06:15:00+00:00,-1639884,4260.336
46411,2011-02-20T06:30:00+00:00,-1638984,4260.438
46411,2011-02-20T06:45:00+00:00,-1638084,4260.534
46411,2011-02-20T07:00:00+00:00,-1637184,4260.621
46411,2011-02-20T07:15:00+00:00,-1636284,4260.697
46411,2011-02-20T07:30:00+00:00,-1635384,4260.763
46411,2011-02-20T07:45:00+00:00,-1634484,4260.818
46411,2011-02-20T08:00:00+00:00,-1633584,4260.858
46411,2011-02-20T08:15:00+00:00,-1632684,4260.886
46411,2011-02-20T08:30:00+00:00,-1631784,4260.900
46411,2011-02-20T08:45:00+00:00,-1630884,4260.901
46411,2011-02-20T09:00:00+00:00,-1629984,4260.891
46411,2011-02-20T09:15:00+00:00,-1629084,4260.862
46411,2011-02-20T09:30:00+00:00,-1628184,4260.823
46411,2011-02-20T09:45:00+00:00,-1627284,4260.774
46411,2011-02-20T10:00:00+00:00,-1626384,4260.713
46411,2011-02-20T10:15:00+00:00,-1625484,4260.642
46411,2011-02-20T10:30:00+00:00,-1624584,4260.562
46411,2011-02-20T10:45:00+00:00,-1623684,4260.470
46411,2011-02-20T11:00:00+00:00,-1622784,4260.381
46411,2011-02-20T11:15:00+00:00,-1621884,4260.281
46411,2011-02-20T11:30:00+00:00,-1620984,4260.181
46411,2011-02-20T11:45:00+00:00,-1620084,4260.078
46411,2011-02-20T12:00:00+00:00,-1619184,4259.976
46411,2011-02-20T12:15:00+00:00,-1618284,4259.873
46411,2011-02-20T12:30:00+00:00,-1617384,4259.779
46411,2011-02-20T12:45:00+00:00,-1616484,4259.688
46411,2011-02-20T13:00:00+00:00,-1615584,4259.603
46411,2011-02-20T13:15:00+00:00,-1614684,4259.525
46411,2011-02-20T13:30:00+00:00,-1613784,4259.459
46411,2011-02-20T13:45:00+00:00,-1612884,4259.402
46411,2011-02-20T14:00:00+00:00,-1611984,4259.357
46411,2011-02-20T14:15:00+00:00,-1611084,4259.325
46411,2011-02-20T14:30:00+00:00,-1610184,4259.303
46411,2011-02-20T14:45:00+00:00,-1609284,4259.299
46411,2011-02-20T15:00:00+00:00,-1608384,4259.305
46411,2011-02-20T15:15:00+00:00,-1607484,4259.323
46411,2011-02-20T15:30:00+00:00,-1606584,4259.353
46411,2011-02-20T15:45:00+00:00,-1605684,4259.398
46411,2011-02-20T16:00:00+00:00,-1604784,4259.453
46411,2011-02-20T16:15:00+00:00,-1603884,4259.518
46411,2011-02-20T16:30:00+00:00,-1602984,4259.592
46411,2011-02-20T16:45:00+00:00,-1602084,4259.676
46411,2011-02-20T17:00:00+00:00,-1601184,4259.763
46411,2011-02-20T17:15:00+00:00,-1600284,4259.852
46411,2011-02-20T17:30:00+00:00,-1599384,4259.947
46411,2011-02-20T17:45:00+00:00,-1598484,4260.044
46411,2011-02-20T18:00:00+00:00,-1597584,4260.142
46411,2011-02-20T18:15:00+00:00,-1596684,4260.233
46411,2011-02-20T18:30:00+00:00,-1595784,4260.325
46411,2011-02-20T18:45:00+00:00,-1594884,4260.410
46411,2011-02-20T19:00:00+00:00,-1593984,4260.490
46411,2011-02-20T19:15:00+00:00,-1593084,4260.562
46411,2011-02-20T19:30:00+00:00,-1592184,4260.623
46411,2011-02-20T19:45:00+00:00,-1591284,4260.673
46411,2011-02-20T20:00:00+00:00,-1590384,4260.717
46411,2011-02-20T20:15:00+00:00,-1589484,4260.744
46411,2011-02-20T20:30:00+00:00,-1588584,4260.758
46411,2011-02-20T20:45:00+00:00,-1587684,4260.762
46411,2011-02-20T21:00:00+00:00,-1586784,4260.754
46411,2011-02-20T21:15:00+00:00,-1585884,4260.733
46411,2011-02-20T21:30:00+00:00,-1584984,4260.700
46411,2011-02-20T21:45:00+00:00,-1584084,4260.659
46411,2011-02-20T22:00:00+00:00,-1583184,4260.607
46411,2011-02-20T22:15:00+00:00,-1582284,4260.545
46411,2011-02-20T22:30:00+00:00,-1581384,4260.475
46411,2011-02-20T22:45:00+00:00,-1580484,4260.396
46411,2011-02-20T23:00:00+00:00,-1579584,4260.309
46411,2011-02-20T23:15:00+00:00,-1578684,4260.219
46411,2011-02-20T23:30:00+00:00,-1577784,4260.123
46411,2011-02-20T23:45:00+00:00,-1576884,4260.025
46411,2011-02-21T00:00:00+00:00,-1575984,4259.931
46411,2011-02-21T00:15:00+00:00,-1575084,4259.833
46411,2011-02-21T00:30:00+00:00,-1574184,4259.737
46411,2011-02-21T00:45:00+00:00,-1573284,4259.645
46411,2011-02-21T01:00:00+00:00,-1572384,4259.557
46411,2011-02-21T01:15:00+00:00,-1571484,4259.476
46411,2011-02-21T01:30:00+00:00,-1570584,4259.402
46411,2011-02-21T01:45:00+00:00,-1569684,4259.340
46411,2011-02-21T02:00:00+00:00,-1568784,4259.287
46411,2011-02-21T02:15:00+00:00,-1567884,4259.248
46411,2011-02-21T02:30:00+00:00,-1566984,4259.222
46411,2011-02-21T02:45:00+00:00,-1566084,4259.207
46411,2011-02-21T03:00:00+00:00,-1565184,4259.203
46411,2011-02-21T03:15:00+00:00,-1564284,4259.216
46411,2011-02-21T03:30:00+00:00,-1563384,4259.244
46411,2011-02-21T03:45:00+00:00,-1562484,4259.280
46411,2011-02-21T04:00:00+00:00,-1561584,4259.332
46411,2011-02-21T04:15:00+00:00,-1560684,4259.394
46411,2011-02-21T04:30:00+00:00,-1559784,4259.467
46411,2011-02-21T04:45:00+00:00,-1558884,4259.550
46411,2011-02-21T05:00:00+00:00,-1557984,4259.643
46411,2011-02-21T05:15:00+00:00,-1557084,4259.741
46411,2011-02-21T05:30:00+00:00,-1556184,4259.845
46411,2011-02-21T05:45:00+00:00,-1555284,4259.955
46411,2011-02-21T06:00:00+00:00,-1554384,4260.066
46411,2011-02-21T06:15:00+00:00,-1553484,4260.175
46411,2011-02-21T06:30:00+00:00,-1552584,4260.286
46411,2011-02-21T06:45:00+00:00,-1551684,4260.393
46411,2011-02-21T07:00:00+00:00,-1550784,4260.496
46411,2011-02-21T07:15:00+00:00,-1549884,4260.591
46411,2011-02-21T07:30:00+00:00,-1548984,4260.682
46411,2011-02-21T07:45:00+00:00,-1548084,4260.760
46411,2011-02-21T08:00:00+00:00,-1547184,4260.831
46411,2011-02-21T08:15:00+00:00,-1546284,4260.889
46411,2011-02-21T08:30:00+00:00,-1545384,4260.936
46411,2011-02-21T08:45:00+00:00,-1544484,4260.973
46411,2011-02-21T09:00:00+00:00,-1543584,4260.993
46411,2011-02-21T09:15:00+00:00,-1542684,4261.001
46411,2011-02-21T09:30:00+00:00,-1541784,4260.995
46411,2011-02-21T09:45:00+00:00,-1540884,4260.978
46411,2011-02-21T10:00:00+00:00,-1539984,4260.945
46411,2011-02-21T10:15:00+00:00,-1539084,4260.898
46411,2011-02-21T10:30:00+00:00,-1538184,4260.841
46411,2011-02-21T10:45:00+00:00,-1537284,4260.771
46411,2011-02-21T11:00:00+00:00,-1536384,4260.695
46411,2011-02-21T11:15:00+00:00,-1535484,4260.609
46411,2011-02-21T11:30:00+00:00,-1534584,4260.515
46411,2011-02-21T11:45:00+00:00,-1533684,4260.417
46411,2011-02-21T12:00:00+00:00,-1532784,4260.315
46411,2011-02-21T12:15:00+00:00,-1531884,4260.209
46411,2011-02-21T12:30:00+00:00,-1530984,4260.101
46411,2011-02-21T12:45:00+00:00,-1530084,4259.993
46411,2011-02-21T13:00:00+00:00,-1529184,4259.888
46411,2011-02-21T13:15:00+00:00,-1528284,4259.783
46411,2011-02-21T13:30:00+00:00,-1527384,4259.683
46411,2011-02-21T13:45:00+00:00,-1526484,4259.591
46411,2011-02-21T14:00:00+00:00,-1525584,4259.507
46411,2011-02-21T14:15:00+00:00,-1524684,4259.430
46411,2011-02-21T14:30:00+00:00,-1523784,4259.363
46411,2011-02-21T14:45:00+00:00,-1522884,4259.310
46411,2011-02-21T15:00:00+00:00,-1521984,4259.268
46411,2011-02-21T15:15:00+00:00,-1521084,4259.241
46411,2011-02-21T15:30:00+00:00,-1520184,4259.225
46411,2011-02-21T15:45:00+00:00,-1519284,4259.224
46411,2011-02-21T16:00:00+00:00,-1518384,4259.231
46411,2011-02-21T16:15:00+00:00,-1517484,4259.252
46411,2011-02-21T16:30:00+00:00,-1516584,4259.285
46411,2011-02-21T16:45:00+00:00,-1515684,4259.329
46411,2011-02-21T17:00:00+00:00,-1514784,4259.384
46411,2011-02-21T17:15:00+00:00,-1513884,4259.446
46411,2011-02-21T17:30:00+00:00,-1512984,4259.518
46411,2011-02-21T17:45:00+00:00,-1512084,4259.594
46411,2011-02-21T18:00:00+00:00,-1511184,4259.677
46411,2011-02-21T18:15:00+00:00,-1510284,4259.764
46411,2011-02-21T18:30:00+00:00,-1509384,4259.854
46411,2011-02-21T18:45:00+00:00,-1508484,4259.945
46411,2011-02-21T19:00:00+00:00,-1507584,4260.034
46411,2011-02-21T19:15:00+00:00,-1506684,4260.121
46411,2011-02-21T19:30:00+00:00,-1505784,4260.205
46411,2011-02-21T19:45:00+00:00,-1504884,4260.281
46411,2011-02-21T20:00:00+00:00,-1503984,4260.352
46411,2011-02-21T20:15:00+00:00,-1503084,4260.416
46411,2011-02-21T20:30:00+00:00,-1502184,4260.471
46411,2011-02-21T20:45:00+00:00,-1501284,4260.518
46411,2011-02-21T21:00:00+00:00,-1500384,4260.555
46411,2011-02-21T21:15:00+00:00,-1499484,4260.581
46411,2011-02-21T21:30:00+00:00,-1498584,4260.599
46411,2011-02-21T21:45:00+00:00,-1497684,4260.604
46411,2011-02-21T22:00:00+00:00,-1496784,4260.598
46411,2011-02-21T22:15:00+00:00,-1495884,4260.583
46411,2011-02-21T22:30:00+00:00,-1494984,4260.558
46411,2011-02-21T22:45:00+00:00,-1494084,4260.521
46411,2011-02-21T23:00:00+00:00,-1493184,4260.476
46411,2011-02-21T23:15:00+00:00,-1492284,4260.423
46411,2011-02-21T23:30:00+00:00,-1491384,4260.359
46411,2011-02-21T23:45:00+00:00,-1490484,4260.289
46411,2011-02-22T00:00:00+00:00,-1489584,4260.213
46411,2011-02-22T00:15:00+00:00,-1488684,4260.135
46411,2011-02-22T00:30:00+00:00,-1487784,4260.056
46411,2011-02-22T00:45:00+00:00,-1486884,4259.973
46411,2011-02-22T01:00:00+00:00,-1485984,4259.892
46411,2011-02-22T01:15:00+00:00,-1485084,4259.814
46411,2011-02-22T01:30:00+00:00,-1484184,4259.737
46411,2011-02-22T01:45:00+00:00,-1483284,4259.667
46411,2011-02-22T02:00:00+00:00,-1482384,4259.600
46411,2011-02-22T02:15:00+00:00,-1481484,4259.543
46411,2011-02-22T02:30:00+00:00,-1480584,4259.493
46411,2011-02-22T02:45:00+00:00,-1479684,4259.452
46411,2011-02-22T03:00:00+00:00,-1478784,4259.423
46411,2011-02-22T03:15:00+00:00,-1477884,4259.405
46411,2011-02-22T03:30:00+00:00,-1476984,4259.394
46411,2011-02-22T03:45:00+00:00,-1476084,4259.398
46411,2011-02-22T04:00:00+00:00,-1475184,4259.413
46411,2011-02-22T04:15:00+00:00,-1474284,4259.442
46411,2011-02-22T04:30:00+00:00,-1473384,4259.479
46411,2011-02-22T04:45:00+00:00,-1472484,4259.528
46411,2011-02-22T05:00:00+00:00,-1471584,4259.587
46411,2011-02-22T05:15:00+00:00,-1470684,4259.656
46411,2011-02-22T05:30:00+00:00,-1469784,4259.734
46411,2011-02-22T05:45:00+00:00,-1468884,4259.816
46411,2011-02-22T06:00:00+00:00,-1467984,4259.905
46411,2011-02-22T06:15:00+00:00,-1467084,4260.001
46411,2011-02-22T06:30:00+00:00,-1466184,4260.099
46411,2011-02-22T06:45:00+00:00,-1465284,4260.199
46411,2011-02-22T07:00:00+00:00,-1464384,4260.300
46411,2011-02-22T07:15:00+00:00,-1463484,4260.398
46411,2011-02-22T07:30:00+00:00,-1462584,4260.492
46411,2011-02-22T07:45:00+00:00,-1461684,4260.585
46411,2011-02-22T08:00:00+00:00,-1460784,4260.670
46411,2011-02-22T08:15:00+00:00,-1459884,4260.750
46411,2011-02-22T08:30:00+00:00,-1458984,4260.821
46411,2011-02-22T08:45:00+00:00,-1458084,4260.880
46411,2011-02-22T09:00:00+00:00,-1457184,4260.930
46411,2011-02-22T09:15:00+00:00,-1456284,4260.970
46411,2011-02-22T09:30:00+00:00,-1455384,4261.000
46411,2011-02-22T09:45:00+00:00,-1454484,4261.017
46411,2011-02-22T10:00:00+00:00,-1453584,4261.022
46411,2011-02-22T10:15:00+00:00,-1452684,4261.016
46411,2011-02-22T10:30:00+00:00,-1451784,4260.994
46411,2011-02-22T10:45:00+00:00,-1450884,4260.961
46411,2011-02-22T11:00:00+00:00,-1449984,4260.918
46411,2011-02-22T11:15:00+00:00,-1449084,4260.862
46411,2011-02-22T11:30:00+00:00,-1448184,4260.797
46411,2011-02-22T11:45:00+00:00,-1447284,4260.722
46411,2011-02-22T12:00:00+00:00,-1446384,4260.637
46411,2011-02-22T12:15:00+00:00,-1445484,4260.546
46411,2011-02-22T12:30:00+00:00,-1444584,4260.450
46411,2011-02-22T12:45:00+00:00,-1443684,4260.348
46411,2011-02-22T13:00:00+00:00,-1442784,4260.247
46411,2011-02-22T13:15:00+00:00,-1441884,4260.140
46411,2011-02-22T13:30:00+00:00,-1440984,4260.035
46411,2011-02-22T13:45:00+00:00,-1440084,4259.928
46411,2011-02-22T14:00:00+00:00,-1439184,4259.825
46411,2011-02-22T14:15:00+00:00,-1438284,4259.725
46411,2011-02-22T14:30:00+00:00,-1437384,4259.630
46411,2011-02-22T14:45:00+00:00,-1436484,4259.543
46411,2011-02-22T15:00:00+00:00,-1435584,4259.460
46411,2011-02-22T15:15:00+00:00,-1434684,4259.390
46411,2011-02-22T15:30:00+00:00,-1433784,4259.330
46411,2011-02-22T15:45:00+00:00,-1432884,4259.282
46411,2011-02-22T16:00:00+00:00,-1431984,4259.245
46411,2011-02-22T16:15:00+00:00,-1431084,4259.218
46411,2011-02-22T16:30:00+00:00,-1430184,4259.206
46411,2011-02-22T16:45:00+00:00,-1429284,4259.204
46411,2011-02-22T17:00:00+00:00,-1428384,4259.212
46411,2011-02-22T17:15:00+00:00,-1427484,4259.234
46411,2011-02-22T17:30:00+00:00,-1426584,4259.263
46411,2011-02-22T17:45:00+00:00,-1425684,4259.304
46411,2011-02-22T18:00:00+00:00,-1424784,4259.354
46411,2011-02-22T18:15:00+00:00,-1423884,4259.412
46411,2011-02-22T18:30:00+00:00,-1422984,4259.478
46411,2011-02-22T18:45:00+00:00,-1422084,4259.548
46411,2011-02-22T19:00:00+00:00,-1421184,4259.624
46411,2011-02-22T19:15:00+00:00,-1420284,4259.705
46411,2011-02-22T19:30:00+00:00,-1419384,4259.785
46411,2011-02-22T19:45:00+00:00,-1418484,4259.865
46411,2011-02-22T20:00:00+00:00,-1417584,4259.947
46411,2011-02-22T20:15:00+00:00,-1416684,4260.022
46411,2011-02-22T20:30:00+00:00,-1415784,4260.095
46411,2011-02-22T20:45:00+00:00,-1414884,4260.167
46411,2011-02-22T21:00:00+00:00,-1413984,4260.234
46411,2011-02-22T21:15:00+00:00,-1413084,4260.292
46411,2011-02-22T21:30:00+00:00,-1412184,4260.345
46411,2011-02-22T21:45:00+00:00,-1411284,4260.392
46411,2011-02-22T22:00:00+00:00,-1410384,4260.425
46411,2011-02-22T22:15:00+00:00,-1409484,4260.451
46411,2011-02-22T22:30:00+00:00,-1408584,4260.468
46411,2011-02-22T22:45:00+00:00,-1407684,4260.476
46411,2011-02-22T23:00:00+00:00,-1406784,4260.475
46411,2011-02-22T23:15:00+00:00,-1405884,4260.465
46411,2011-02-22T23:30:00+00:00,-1404984,4260.444
46411,2011-02-22T23:45:00+00:00,-1404084,4260.414
46411,2011-02-23T00:00:00+00:00,-1403184,4260.378
46411,2011-02-23T00:15:00+00:00,-1402284,4260.335
46411,2011-02-23T00:30:00+00:00,-1401384,4260.286
46411,2011-02-23T00:45:00+00:00,-1400484,4260.234
46411,2011-02-23T01:00:00+00:00,-1399584,4260.177
46411,2011-02-23T01:15:00+00:00,-1398684,4260.119
46411,2011-02-23T01:30:00+00:00,-1397784,4260.063
46411,2011-02-23T01:45:00+00:00,-1396884,4260.004
46411,2011-02-23T02:00:00+00:00,-1395984,4259.944
46411,2011-02-23T02:15:00+00:00,-1395084,4259.888
46411,2011-02-23T02:30:00+00:00,-1394184,4259.831
46411,2011-02-23T02:45:00+00:00,-1393284,4259.779
46411,2011-02-23T03:00:00+00:00,-1392384,4259.733
46411,2011-02-23T03:15:00+00:00,-1391484,4259.692
46411,2011-02-23T03:30:00+00:00,-1390584,4259.659
46411,2011-02-23T03:45:00+00:00,-1389684,4259.635
46411,2011-02-23T04:00:00+00:00,-1388784,4259.621
46411,2011-02-23T04:15:00+00:00,-1387884,4259.616
46411,2011-02-23T04:30:00+00:00,-1386984,4259.620
46411,2011-02-23T04:45:00+00:00,-1386084,4259.634
46411,2011-02-23T05:00:00+00:00,-1385184,4259.658
46411,2011-02-23T05:15:00+00:00,-1384284,4259.692
46411,2011-02-23T05:30:00+00:00,-1383384,4259.734
46411,2011-02-23T05:45:00+00:00,-1382484,4259.784
46411,2011-02-23T06:00:00+00:00,-1381584,4259.843
46411,2011-02-23T06:15:00+00:00,-1380684,4259.909
46411,2011-02-23T06:30:00+00:00,-1379784,4259.981
46411,2011-02-23T06:45:00+00:00,-1378884,4260.061
46411,2011-02-23T07:00:00+00:00,-1377984,4260.143
46411,2011-02-23T07:15:00+00:00,-1377084,4260.230
46411,2011-02-23T07:30:00+00:00,-1376184,4260.315
46411,2011-02-23T07:45:00+00:00,-1375284,4260.405
46411,2011-02-23T08:00:00+00:00,-1374384,4260.492
46411,2011-02-23T08:15:00+00:00,-1373484,4260.580
46411,2011-02-23T08:30:00+00:00,-1372584,4260.659
46411,2011-02-23T08:45:00+00:00,-1371684,4260.735
46411,2011-02-23T09:00:00+00:00,-1370784,4260.806
46411,2011-02-23T09:15:00+00:00,-1369884,4260.866
46411,2011-02-23T09:30:00+00:00,-1368984,4260.919
46411,2011-02-23T09:45:00+00:00,-1368084,4260.966
46411,2011-02-23T10:00:00+00:00,-1367184,4261.000
46411,2011-02-23T10:15:00+00:00,-1366284,4261.028
46411,2011-02-23T10:30:00+00:00,-1365384,4261.042
46411,2011-02-23T10:45:00+00:00,-1364484,4261.046
46411,2011-02-23T11:00:00+00:00,-1363584,4261.040
46411,2011-02-23T11:15:00+00:00,-1362684,4261.024
46411,2011-02-23T11:30:00+00:00,-1361784,4260.993
46411,2011-02-23T11:45:00+00:00,-1360884,4260.955
46411,2011-02-23T12:00:00+00:00,-1359984,4260.907
46411,2011-02-23T12:15:00+00:00,-1359084,4260.851
46411,2011-02-23T12:30:00+00:00,-1358184,4260.783
46411,2011-02-23T12:45:00+00:00,-1357284,4260.708
46411,2011-02-23T13:00:00+00:00,-1356384,4260.624
46411,2011-02-23T13:15:00+00:00,-1355484,4260.535
46411,2011-02-23T13:30:00+00:00,-1354584,4260.437
46411,2011-02-23T13:45:00+00:00,-1353684,4260.340
46411,2011-02-23T14:00:00+00:00,-1352784,4260.236
46411,2011-02-23T14:15:00+00:00,-1351884,4260.129
46411,2011-02-23T14:30:00+00:00,-1350984,4260.024
46411,2011-02-23T14:45:00+00:00,-1350084,4259.923
46411,2011-02-23T15:00:00+00:00,-1349184,4259.823
46411,2011-02-23T15:15:00+00:00,-1348284,4259.727
46411,2011-02-23T15:30:00+00:00,-1347384,4259.635
46411,2011-02-23T15:45:00+00:00,-1346484,4259.547
46411,2011-02-23T16:00:00+00:00,-1345584,4259.471
46411,2011-02-23T16:15:00+00:00,-1344684,4259.405
46411,2011-02-23T16:30:00+00:00,-1343784,4259.344
46411,2011-02-23T16:45:00+00:00,-1342884,4259.293
46411,2011-02-23T17:00:00+00:00,-1341984,4259.256
46411,2011-02-23T17:15:00+00:00,-1341084,4259.228
46411,2011-02-23T17:30:00+00:00,-1340184,4259.211
46411,2011-02-23T17:45:00+00:00,-1339284,4259.207
46411,2011-02-23T18:00:00+00:00,-1338384,4259.212
46411,2011-02-23T18:15:00+00:00,-1337484,4259.227
46411,2011-02-23T18:30:00+00:00,-1336584,4259.251
46411,2011-02-23T18:45:00+00:00,-1335684,4259.285
46411,2011-02-23T19:00:00+00:00,-1334784,4259.327
46411,2011-02-23T19:15:00+00:00,-1333884,4259.378
46411,2011-02-23T19:30:00+00:00,-1332984,4259.432
46411,2011-02-23T19:45:00+00:00,-1332084,4259.494
46411,2011-02-23T20:00:00+00:00,-1331184,4259.560
46411,2011-02-23T20:15:00+00:00,-1330284,4259.626
46411,2011-02-23T20:30:00+00:00,-1329384,4259.697
46411,2011-02-23T20:45:00+00:00,-1328484,4259.769
46411,2011-02-23T21:00:00+00:00,-1327584,4259.838
46411,2011-02-23T21:15:00+00:00,-1326684,4259.905
46411,2011-02-23T21:30:00+00:00,-1325784,4259.973
46411,2011-02-23T21:45:00+00:00,-1324884,4260.036
46411,2011-02-23T22:00:00+00:00,-1323984,4260.095
46411,2011-02-23T22:15:00+00:00,-1323084,4260.150
46411,2011-02-23T22:30:00+00:00,-1322184,4260.197
46411,2011-02-23T22:45:00+00:00,-1321284,4260.240
46411,2011-02-23T23:00:00+00:00,-1320384,4260.276
46411,2011-02-23T23:15:00+00:00,-1319484,4260.306
46411,2011-02-23T23:30:00+00:00,-1318584,4260.327
46411,2011-02-23T23:45:00+00:00,-1317684,4260.339
46411,2011-02-24T00:00:00+00:00,-1316784,4260.345
46411,2011-02-24T00:15:00+00:00,-1315884,4260.340
46411,2011-02-24T00:30:00+00:00,-1314984,4260.334
46411,2011-02-24T00:45:00+00:00,-1314084,4260.317
46411,2011-02-24T01:00:00+00:00,-1313184,4260.295
46411,2011-02-24T01:15:00+00:00,-1312284,4260.271
46411,2011-02-24T01:30:00+00:00,-1311384,4260.241
46411,2011-02-24T01:45:00+00:00,-1310484,4260.209
46411,2011-02-24T02:00:00+00:00,-1309584,4260.171
46411,2011-02-24T02:15:00+00:00,-1308684,4260.131
46411,2011-02-24T02:30:00+00:00,-1307784,4260.088
46411,2011-02-24T02:45:00+00:00,-1306884,4260.045
46411,2011-02-24T03:00:00+00:00,-1305984,4260.002
46411,2011-02-24T03:15:00+00:00,-1305084,4259.961
46411,2011-02-24T03:30:00+00:00,-1304184,4259.924
46411,2011-02-24T03:45:00+00:00,-1303284,4259.891
46411,2011-02-24T04:00:00+00:00,-1302384,4259.861
46411,2011-02-24T04:15:00+00:00,-1301484,4259.837
46411,2011-02-24T04:30:00+00:00,-1300584,4259.819
46411,2011-02-24T04:45:00+00:00,-1299684,4259.807
46411,2011-02-24T05:00:00+00:00,-1298784,4259.803
46411,2011-02-24T05:15:00+00:00,-1297884,4259.805
46411,2011-02-24T05:30:00+00:00,-1296984,4259.815
46411,2011-02-24T05:45:00+00:00,-1296084,4259.832
46411,2011-02-24T06:00:00+00:00,-1295184,4259.854
46411,2011-02-24T06:15:00+00:00,-1294284,4259.886
46411,2011-02-24T06:30:00+00:00,-1293384,4259.925
46411,2011-02-24T06:45:00+00:00,-1292484,4259.972
46411,2011-02-24T07:00:00+00:00,-1291584,4260.025
46411,2011-02-24T07:15:00+00:00,-1290684,4260.083
46411,2011-02-24T07:30:00+00:00,-1289784,4260.145
46411,2011-02-24T07:45:00+00:00,-1288884,4260.214
46411,2011-02-24T08:00:00+00:00,-1287984,4260.282
46411,2011-02-24T08:15:00+00:00,-1287084,4260.357
46411,2011-02-24T08:30:00+00:00,-1286184,4260.428
46411,2011-02-24T08:45:00+00:00,-1285284,4260.503
46411,2011-02-24T09:00:00+00:00,-1284384,4260.572
46411,2011-02-24T09:15:00+00:00,-1283484,4260.641
46411,2011-02-24T09:30:00+00:00,-1282584,4260.704
46411,2011-02-24T09:45:00+00:00,-1281684,4260.765
46411,2011-02-24T10:00:00+00:00,-1280784,4260.818
46411,2011-02-24T10:15:00+00:00,-1279884,4260.865
46411,2011-02-24T10:30:00+00:00,-1278984,4260.907
46411,2011-02-24T10:45:00+00:00,-1278084,4260.937
46411,2011-02-24T11:00:00+00:00,-1277184,4260.962
46411,2011-02-24T11:15:00+00:00,-1276284,4260.977
46411,2011-02-24T11:30:00+00:00,-1275384,4260.981
46411,2011-02-24T11:45:00+00:00,-1274484,4260.979
46411,2011-02-24T12:00:00+00:00,-1273584,4260.964
46411,2011-02-24T12:15:00+00:00,-1272684,4260.940
46411,2011-02-24T12:30:00+00:00,-1271784,4260.910
46411,2011-02-24T12:45:00+00:00,-1270884,4260.868
46411,2011-02-24T13:00:00+00:00,-1269984,4260.817
46411,2011-02-24T13:15:00+00:00,-1269084,4260.762
46411,2011-02-24T13:30:00+00:00,-1268184,4260.695
46411,2011-02-24T13:45:00+00:00,-1267284,4260.622
46411,2011-02-24T14:00:00+00:00,-1266384,4260.542
46411,2011-02-24T14:15:00+00:00,-1265484,4260.455
46411,2011-02-24T14:30:00+00:00,-1264584,4260.364
46411,2011-02-24T14:45:00+00:00,-1263684,4260.269
46411,2011-02-24T15:00:00+00:00,-1262784,4260.174
46411,2011-02-24T15:15:00+00:00,-1261884,4260.080
46411,2011-02-24T15:30:00+00:00,-1260984,4259.985
46411,2011-02-24T15:45:00+00:00,-1260084,4259.890
46411,2011-02-24T16:00:00+00:00,-1259184,4259.799
46411,2011-02-24T16:15:00+00:00,-1258284,4259.711
46411,2011-02-24T16:30:00+00:00,-1257384,4259.630
46411,2011-02-24T16:45:00+00:00,-1256484,4259.549
46411,2011-02-24T17:00:00+00:00,-1255584,4259.476
46411,2011-02-24T17:15:00+00:00,-1254684,4259.410
46411,2011-02-24T17:30:00+00:00,-1253784,4259.352
46411,2011-02-24T17:45:00+00:00,-1252884,4259.302
46411,2011-02-24T18:00:00+00:00,-1251984,4259.263
46411,2011-02-24T18:15:00+00:00,-1251084,4259.234
46411,2011-02-24T18:30:00+00:00,-1250184,4259.214
46411,2011-02-24T18:45:00+00:00,-1249284,4259.201
46411,2011-02-24T19:00:00+00:00,-1248384,4259.197
46411,2011-02-24T19:15:00+00:00,-1247484,4259.206
46411,2011-02-24T19:30:00+00:00,-1246584,4259.221
46411,2011-02-24T19:45:00+00:00,-1245684,4259.243
46411,2011-02-24T20:00:00+00:00,-1244784,4259.273
46411,2011-02-24T20:15:00+00:00,-1243884,4259.312
46411,2011-02-24T20:30:00+00:00,-1242984,4259.358
46411,2011-02-24T20:45:00+00:00,-1242084,4259.409
46411,2011-02-24T21:00:00+00:00,-1241184,4259.465
46411,2011-02-24T21:15:00+00:00,-1240284,4259.525
46411,2011-02-24T21:30:00+00:00,-1239384,4259.584
46411,2011-02-24T21:45:00+00:00,-1238484,4259.648
46411,2011-02-24T22:00:00+00:00,-1237584,4259.711
46411,2011-02-24T22:15:00+00:00,-1236684,4259.773
46411,2011-02-24T22:30:00+00:00,-1235784,4259.835
46411,2011-02-24T22:45:00+00:00,-1234884,4259.895
46411,2011-02-24T23:00:00+00:00,-1233984,4259.955
46411,2011-02-24T23:15:00+00:00,-1233084,4260.009
46411,2011-02-24T23:30:00+00:00,-1232184,4260.062
46411,2011-02-24T23:45:00+00:00,-1231284,4260.110
46411,2011-02-25T00:00:00+00:00,-1230384,4260.153
46411,2011-02-25T00:15:00+00:00,-1229484,4260.190
46411,2011-02-25T00:30:00+00:00,-1228584,4260.220
46411,2011-02-25T00:45:00+00:00,-1227684,4260.244
46411,2011-02-25T01:00:00+00:00,-1226784,4260.260
46411,2011-02-25T01:15:00+00:00,-1225884,4260.270
46411,2011-02-25T01:30:00+00:00,-1224984,4260.274
46411,2011-02-25T01:45:00+00:00,-1224084,4260.272
46411,2011-02-25T02:00:00+00:00,-1223184,4260.266
46411,2011-02-25T02:15:00+00:00,-1222284,4260.255
46411,2011-02-25T02:30:00+00:00,-1221384,4260.237
46411,2011-02-25T02:45:00+00:00,-1220484,4260.217
46411,2011-02-25T03:00:00+00:00,-1219584,4260.194
46411,2011-02-25T03:15:00+00:00,-1218684,4260.166
46411,2011-02-25T03:30:00+00:00,-1217784,4260.137
46411,2011-02-25T03:45:00+00:00,-1216884,4260.110
46411,2011-02-25T04:00:00+00:00,-1215984,4260.081
46411,2011-02-25T04:15:00+00:00,-1215084,4260.053
46411,2011-02-25T04:30:00+00:00,-1214184,4260.025
46411,2011-02-25T04:45:00+00:00,-1213284,4260.000
46411,2011-02-25T05:00:00+00:00,-1212384,4259.978
46411,2011-02-25T05:15:00+00:00,-1211484,4259.961
46411,2011-02-25T05:30:00+00:00,-1210584,4259.946
46411,2011-02-25T05:45:00+00:00,-1209684,4259.939
46411,2011-02-25T06:00:00+00:00,-1208784,4259.932
46411,2011-02-25T06:15:00+00:00,-1207884,4259.934
46411,2011-02-25T06:30:00+00:00,-1206984,4259.941
46411,2011-02-25T06:45:00+00:00,-1206084,4259.957
46411,2011-02-25T07:00:00+00:00,-1205184,4259.978
46411,2011-02-25T07:15:00+00:00,-1204284,4260.003
46411,2011-02-25T07:30:00+00:00,-1203384,4260.038
46411,2011-02-25T07:45:00+00:00,-1202484,4260.075
46411,2011-02-25T08:00:00+00:00,-1201584,4260.119
46411,2011-02-25T08:15:00+00:00,-1200684,4260.169
46411,2011-02-25T08:30:00+00:00,-1199784,4260.218
46411,2011-02-25T08:45:00+00:00,-1198884,4260.272
46411,2011-02-25T09:00:00+00:00,-1197984,4260.329
46411,2011-02-25T09:15:00+00:00,-1197084,4260.386
46411,2011-02-25T09:30:00+00:00,-1196184,4260.447
46411,2011-02-25T09:45:00+00:00,-1195284,4260.506
46411,2011-02-25T10:00:00+00:00,-1194384,4260.564
46411,2011-02-25T10:15:00+00:00,-1193484,4260.620
46411,2011-02-25T10:30:00+00:00,-1192584,4260.672
46411,2011-02-25T10:45:00+00:00,-1191684,4260.723
46411,2011-02-25T11:00:00+00:00,-1190784,4260.769
46411,2011-02-25T11:15:00+00:00,-1189884,4260.812
46411,2011-02-25T11:30:00+00:00,-1188984,4260.846
46411,2011-02-25T11:45:00+00:00,-1188084,4260.874
46411,2011-02-25T12:00:00+00:00,-1187184,4260.893
46411,2011-02-25T12:15:00+00:00,-1186284,4260.904
46411,2011-02-25T12:30:00+00:00,-1185384,4260.908
46411,2011-02-25T12:45:00+00:00,-1184484,4260.904
46411,2011-02-25T13:00:00+00:00,-1183584,4260.892
46411,2011-02-25T13:15:00+00:00,-1182684,4260.875
46411,2011-02-25T13:30:00+00:00,-1181784,4260.846
46411,2011-02-25T13:45:00+00:00,-1180884,4260.809
46411,2011-02-25T14:00:00+00:00,-1179984,4260.766
46411,2011-02-25T14:15:00+00:00,-1179084,4260.712
46411,2011-02-25T14:30:00+00:00,-1178184,4260.652
46411,2011-02-25T14:45:00+00:00,-1177284,4260.584
46411,2011-02-25T15:00:00+00:00,-1176384,4260.512
46411,2011-02-25T15:15:00+00:00,-1175484,4260.436
46411,2011-02-25T15:30:00+00:00,-1174584,4260.353
46411,2011-02-25T15:45:00+00:00,-1173684,4260.270
46411,2011-02-25T16:00:00+00:00,-1172784,4260.184
46411,2011-02-25T16:15:00+00:00,-1171884,4260.093
46411,2011-02-25T16:30:00+00:00,-1170984,4260.004
46411,2011-02-25T16:45:00+00:00,-1170084,4259.912
46411,2011-02-25T17:00:00+00:00,-1169184,4259.822
46411,2011-02-25T17:15:00+00:00,-1168284,4259.736
46411,2011-02-25T17:30:00+00:00,-1167384,4259.655
46411,2011-02-25T17:45:00+00:00,-1166484,4259.575
46411,2011-02-25T18:00:00+00:00,-1165584,4259.500
46411,2011-02-25T18:15:00+00:00,-1164684,4259.433
46411,2011-02-25T18:30:00+00:00,-1163784,4259.373
46411,2011-02-25T18:45:00+00:00,-1162884,4259.320
46411,2011-02-25T19:00:00+00:00,-1161984,4259.274
46411,2011-02-25T19:15:00+00:00,-1161084,4259.239
46411,2011-02-25T19:30:00+00:00,-1160184,4259.213
46411,2011-02-25T19:45:00+00:00,-1159284,4259.196
46411,2011-02-25T20:00:00+00:00,-1158384,4259.185
46411,2011-02-25T20:15:00+00:00,-1157484,4259.186
46411,2011-02-25T20:30:00+00:00,-1156584,4259.193
46411,2011-02-25T20:45:00+00:00,-1155684,4259.209
46411,2011-02-25T21:00:00+00:00,-1154784,4259.233
46411,2011-02-25T21:15:00+00:00,-1153884,4259.263
46411,2011-02-25T21:30:00+00:00,-1152984,4259.301
46411,2011-02-25T21:45:00+00:00,-1152084,4259.344
46411,2011-02-25T22:00:00+00:00,-1151184,4259.393
46411,2011-02-25T22:15:00+00:00,-1150284,4259.446
46411,2011-02-25T22:30:00+00:00,-1149384,4259.503
46411,2011-02-25T22:45:00+00:00,-1148484,4259.559
46411,2011-02-25T23:00:00+00:00,-1147584,4259.622
46411,2011-02-25T23:15:00+00:00,-1146684,4259.682
46411,2011-02-25T23:30:00+00:00,-1145784,4259.745
46411,2011-02-25T23:45:00+00:00,-1144884,4259.808
46411,2011-02-26T00:00:00+00:00,-1143984,4259.870
46411,2011-02-26T00:15:00+00:00,-1143084,4259.927
46411,2011-02-26T00:30:00+00:00,-1142184,4259.985
46411,2011-02-26T00:45:00+00:00,-1141284,4260.038
46411,2011-02-26T01:00:00+00:00,-1140384,4260.087
46411,2011-02-26T01:15:00+00:00,-1139484,4260.129
46411,2011-02-26T01:30:00+00:00,-1138584,4260.165
46411,2011-02-26T01:45:00+00:00,-1137684,4260.197
46411,2011-02-26T02:00:00+00:00,-1136784,4260.224
46411,2011-02-26T02:15:00+00:00,-1135884,4260.244
46411,2011-02-26T02:30:00+00:00,-1134984,4260.261
46411,2011-02-26T02:45:00+00:00,-1134084,4260.270
46411,2011-02-26T03:00:00+00:00,-1133184,4260.273
46411,2011-02-26T03:15:00+00:00,-1132284,4260.270
46411,2011-02-26T03:30:00+00:00,-1131384,4260.265
46411,2011-02-26T03:45:00+00:00,-1130484,4260.257
46411,2011-02-26T04:00:00+00:00,-1129584,4260.241
46411,2011-02-26T04:15:00+00:00,-1128684,4260.225
46411,2011-02-26T04:30:00+00:00,-1127784,4260.206
46411,2011-02-26T04:45:00+00:00,-1126884,4260.183
46411,2011-02-26T05:00:00+00:00,-1125984,4260.164
46411,2011-02-26T05:15:00+00:00,-1125084,4260.141
46411,2011-02-26T05:30:00+00:00,-1124184,4260.117
46411,2011-02-26T05:45:00+00:00,-1123284,4260.094
46411,2011-02-26T06:00:00+00:00,-1122384,4260.076
46411,2011-02-26T06:15:00+00:00,-1121484,4260.058
46411,2011-02-26T06:30:00+00:00,-1120584,4260.043
46411,2011-02-26T06:45:00+00:00,-1119684,4260.031
46411,2011-02-26T07:00:00+00:00,-1118784,4260.024
46411,2011-02-26T07:15:00+00:00,-1117884,4260.022
46411,2011-02-26T07:30:00+00:00,-1116984,4260.027
46411,2011-02-26T07:45:00+00:00,-1116084,4260.034
46411,2011-02-26T08:00:00+00:00,-1115184,4260.048
46411,2011-02-26T08:15:00+00:00,-1114284,4260.065
46411,2011-02-26T08:30:00+00:00,-1113384,4260.090
46411,2011-02-26T08:45:00+00:00,-1112484,4260.117
46411,2011-02-26T09:00:00+00:00,-1111584,4260.150
46411,2011-02-26T09:15:00+00:00,-1110684,4260.187
46411,2011-02-26T09:30:00+00:00,-1109784,4260.229
46411,2011-02-26T09:45:00+00:00,-1108884,4260.272
46411,2011-02-26T10:00:00+00:00,-1107984,4260.317
46411,2011-02-26T10:15:00+00:00,-1107084,4260.364
46411,2011-02-26T10:30:00+00:00,-1106184,4260.414
46411,2011-02-26T10:45:00+00:00,-1105284,4260.463
46411,2011-02-26T11:00:00+00:00,-1104384,4260.513
46411,2011-02-26T11:15:00+00:00,-1103484,4260.564
46411,2011-02-26T11:30:00+00:00,-1102584,4260.613
46411,2011-02-26T11:45:00+00:00,-1101684,4260.658
46411,2011-02-26T12:00:00+00:00,-1100784,4260.703
46411,2011-02-26T12:15:00+00:00,-1099884,4260.739
46411,2011-02-26T12:30:00+00:00,-1098984,4260.775
46411,2011-02-26T12:45:00+00:00,-1098084,4260.802
46411,2011-02-26T13:00:00+00:00,-1097184,4260.824
46411,2011-02-26T13:15:00+00:00,-1096284,4260.840
46411,2011-02-26T13:30:00+00:00,-1095384,4260.848
46411,2011-02-26T13:45:00+00:00,-1094484,4260.847
46411,2011-02-26T14:00:00+00:00,-1093584,4260.840
46411,2011-02-26T14:15:00+00:00,-1092684,4260.828
46411,2011-02-26T14:30:00+00:00,-1091784,4260.803
46411,2011-02-26T14:45:00+00:00,-1090884,4260.774
46411,2011-02-26T15:00:00+00:00,-1089984,4260.737
46411,2011-02-26T15:15:00+00:00,-1089084,4260.692
46411,2011-02-26T15:30:00+00:00,-1088184,4260.639
46411,2011-02-26T15:45:00+00:00,-1087284,4260.580
46411,2011-02-26T16:00:00+00:00,-1086384,4260.512
46411,2011-02-26T16:15:00+00:00,-1085484,4260.440
46411,2011-02-26T16:30:00+00:00,-1084584,4260.361
46411,2011-02-26T16:45:00+00:00,-1083684,4260.281
46411,2011-02-26T17:00:00+00:00,-1082784,4260.199
46411,2011-02-26T17:15:00+00:00,-1081884,4260.111
46411,2011-02-26T17:30:00+00:00,-1080984,4260.025
46411,2011-02-26T17:45:00+00:00,-1080084,4259.939
46411,2011-02-26T18:00:00+00:00,-1079184,4259.849
46411,2011-02-26T18:15:00+00:00,-1078284,4259.764
46411,2011-02-26T18:30:00+00:00,-1077384,4259.682
46411,2011-02-26T18:45:00+00:00,-1076484,4259.603
46411,2011-02-26T19:00:00+00:00,-1075584,4259.529
46411,2011-02-26T19:15:00+00:00,-1074684,4259.460
46411,2011-02-26T19:30:00+00:00,-1073784,4259.398
46411,2011-02-26T19:45:00+00:00,-1072884,4259.342
46411,2011-02-26T20:00:00+00:00,-1071984,4259.293
46411,2011-02-26T20:15:00+00:00,-1071084,4259.252
46411,2011-02-26T20:30:00+00:00,-1070184,4259.220
46411,2011-02-26T20:45:00+00:00,-1069284,4259.199
46411,2011-02-26T21:00:00+00:00,-1068384,4259.182
46411,2011-02-26T21:15:00+00:00,-1067484,4259.175
46411,2011-02-26T21:30:00+00:00,-1066584,4259.180
46411,2011-02-26T21:45:00+00:00,-1065684,4259.189
46411,2011-02-26T22:00:00+00:00,-1064784,4259.209
46411,2011-02-26T22:15:00+00:00,-1063884,4259.231
46411,2011-02-26T22:30:00+00:00,-1062984,4259.266
46411,2011-02-26T22:45:00+00:00,-1062084,4259.308
46411,2011-02-26T23:00:00+00:00,-1061184,4259.355
46411,2011-02-26T23:15:00+00:00,-1060284,4259.403
46411,2011-02-26T23:30:00+00:00,-1059384,4259.463
46411,2011-02-26T23:45:00+00:00,-1058484,4259.521
46411,2011-02-27T00:00:00+00:00,-1057584,4259.583
46411,2011-02-27T00:15:00+00:00,-1056684,4259.645
46411,2011-02-27T00:30:00+00:00,-1055784,4259.711
46411,2011-02-27T00:45:00+00:00,-1054884,4259.779
46411,2011-02-27T01:00:00+00:00,-1053984,4259.842
46411,2011-02-27T01:15:00+00:00,-1053084,4259.907
46411,2011-02-27T01:30:00+00:00,-1052184,4259.969
46411,2011-02-27T01:45:00+00:00,-1051284,4260.026
46411,2011-02-27T02:00:00+00:00,-1050384,4260.079
46411,2011-02-27T02:15:00+00:00,-1049484,4260.127
46411,2011-02-27T02:30:00+00:00,-1048584,4260.172
46411,2011-02-27T02:45:00+00:00,-1047684,4260.210
46411,2011-02-27T03:00:00+00:00,-1046784,4260.242
46411,2011-02-27T03:15:00+00:00,-1045884,4260.270
46411,2011-02-27T03:30:00+00:00,-1044984,4260.292
46411,2011-02-27T03:45:00+00:00,-1044084,4260.308
46411,2011-02-27T04:00:00+00:00,-1043184,4260.318
46411,2011-02-27T04:15:00+00:00,-1042284,4260.323
46411,2011-02-27T04:30:00+00:00,-1041384,4260.326
46411,2011-02-27T04:45:00+00:00,-1040484,4260.321
46411,2011-02-27T05:00:00+00:00,-1039584,4260.314
46411,2011-02-27T05:15:00+00:00,-1038684,4260.298
46411,2011-02-27T05:30:00+00:00,-1037784,4260.283
46411,2011-02-27T05:45:00+00:00,-1036884,4260.263
46411,2011-02-27T06:00:00+00:00,-1035984,4260.243
46411,2011-02-27T06:15:00+00:00,-1035084,4260.220
46411,2011-02-27T06:30:00+00:00,-1034184,4260.195
46411,2011-02-27T06:45:00+00:00,-1033284,4260.170
46411,2011-02-27T07:00:00+00:00,-1032384,4260.146
46411,2011-02-27T07:15:00+00:00,-1031484,4260.124
46411,2011-02-27T07:30:00+00:00,-1030584,4260.103
46411,2011-02-27T07:45:00+00:00,-1029684,4260.088
46411,2011-02-27T08:00:00+00:00,-1028784,4260.073
46411,2011-02-27T08:15:00+00:00,-1027884,4260.064
46411,2011-02-27T08:30:00+00:00,-1026984,4260.058
46411,2011-02-27T08:45:00+00:00,-1026084,4260.057
46411,2011-02-27T09:00:00+00:00,-1025184,4260.063
46411,2011-02-27T09:15:00+00:00,-1024284,4260.073
46411,2011-02-27T09:30:00+00:00,-1023384,4260.091
46411,2011-02-27T09:45:00+00:00,-1022484,4260.113
46411,2011-02-27T10:00:00+00:00,-1021584,4260.141
46411,2011-02-27T10:15:00+00:00,-1020684,4260.171
46411,2011-02-27T10:30:00+00:00,-1019784,4260.206
46411,2011-02-27T10:45:00+00:00,-1018884,4260.246
46411,2011-02-27T11:00:00+00:00,-1017984,4260.286
46411,2011-02-27T11:15:00+00:00,-1017084,4260.329
46411,2011-02-27T11:30:00+00:00,-1016184,4260.380
46411,2011-02-27T11:45:00+00:00,-1015284,4260.425
46411,2011-02-27T12:00:00+00:00,-1014384,4260.475
46411,2011-02-27T12:15:00+00:00,-1013484,4260.524
46411,2011-02-27T12:30:00+00:00,-1012584,4260.574
46411,2011-02-27T12:45:00+00:00,-1011684,4260.623
46411,2011-02-27T13:00:00+00:00,-1010784,4260.667
46411,2011-02-27T13:15:00+00:00,-1009884,4260.709
46411,2011-02-27T13:30:00+00:00,-1008984,4260.745
46411,2011-02-27T13:45:00+00:00,-1008084,4260.778
46411,2011-02-27T14:00:00+00:00,-1007184,4260.804
46411,2011-02-27T14:15:00+00:00,-1006284,4260.827
46411,2011-02-27T14:30:00+00:00,-1005384,4260.841
46411,2011-02-27T14:45:00+00:00,-1004484,4260.845
46411,2011-02-27T15:00:00+00:00,-1003584,4260.842
46411,2011-02-27T15:15:00+00:00,-1002684,4260.831
46411,2011-02-27T15:30:00+00:00,-1001784,4260.812
46411,2011-02-27T15:45:00+00:00,-1000884,4260.784
46411,2011-02-27T16:00:00+00:00,-999984,4260.750
46411,2011-02-27T16:15:00+00:00,-999084,4260.707
46411,2011-02-27T16:30:00+00:00,-998184,4260.658
46411,2011-02-27T16:45:00+00:00,-997284,4260.600
46411,2011-02-27T17:00:00+00:00,-996384,4260.535
46411,2011-02-27T17:15:00+00:00,-995484,4260.463
46411,2011-02-27T17:30:00+00:00,-994584,4260.385
46411,2011-02-27T17:45:00+00:00,-993684,4260.304
46411,2011-02-27T18:00:00+00:00,-992784,4260.219
46411,2011-02-27T18:15:00+00:00,-991884,4260.130
46411,2011-02-27T18:30:00+00:00,-990984,4260.041
46411,2011-02-27T18:45:00+00:00,-990084,4259.950
46411,2011-02-27T19:00:00+00:00,-989184,4259.862
46411,2011-02-27T19:15:00+00:00,-988284,4259.776
46411,2011-02-27T19:30:00+00:00,-987384,4259.693
46411,2011-02-27T19:45:00+00:00,-986484,4259.608
46411,2011-02-27T20:00:00+00:00,-985584,4259.531
46411,2011-02-27T20:15:00+00:00,-984684,4259.458
46411,2011-02-27T20:30:00+00:00,-983784,4259.389
46411,2011-02-27T20:45:00+00:00,-982884,4259.331
46411,2011-02-27T21:00:00+00:00,-981984,4259.279
46411,2011-02-27T21:15:00+00:00,-981084,4259.238
46411,2011-02-27T21:30:00+00:00,-980184,4259.206
46411,2011-02-27T21:45:00+00:00,-979284,4259.182
46411,2011-02-27T22:00:00+00:00,-978384,4259.167
46411,2011-02-27T22:15:00+00:00,-977484,4259.159
46411,2011-02-27T22:30:00+00:00,-976584,4259.166
46411,2011-02-27T22:45:00+00:00,-975684,4259.177
46411,2011-02-27T23:00:00+00:00,-974784,4259.197
46411,2011-02-27T23:15:00+00:00,-973884,4259.227
46411,2011-02-27T23:30:00+00:00,-972984,4259.264
46411,2011-02-27T23:45:00+00:00,-972084,4259.307
46411,2011-02-28T00:00:00+00:00,-971184,4259.359
46411,2011-02-28T00:15:00+00:00,-970284,4259.415
46411,2011-02-28T00:30:00+00:00,-969384,4259.477
46411,2011-02-28T00:45:00+00:00,-968484,4259.542
46411,2011-02-28T01:00:00+00:00,-967584,4259.610
46411,2011-02-28T01:15:00+00:00,-966684,4259.682
46411,2011-02-28T01:30:00+00:00,-965784,4259.754
46411,2011-02-28T01:45:00+00:00,-964884,4259.826
46411,2011-02-28T02:00:00+00:00,-963984,4259.897
46411,2011-02-28T02:15:00+00:00,-963084,4259.966
46411,2011-02-28T02:30:00+00:00,-962184,4260.034
46411,2011-02-28T02:45:00+00:00,-961284,4260.098
46411,2011-02-28T03:00:00+00:00,-960384,4260.156
46411,2011-02-28T03:15:00+00:00,-959484,4260.209
46411,2011-02-28T03:30:00+00:00,-958584,4260.259
46411,2011-02-28T03:45:00+00:00,-957684,4260.299
46411,2011-02-28T04:00:00+00:00,-956784,4260.336
46411,2011-02-28T04:15:00+00:00,-955884,4260.364
46411,2011-02-28T04:30:00+00:00,-954984,4260.386
46411,2011-02-28T04:45:00+00:00,-954084,4260.404
46411,2011-02-28T05:00:00+00:00,-953184,4260.412
46411,2011-02-28T05:15:00+00:00,-952284,4260.412
46411,2011-02-28T05:30:00+00:00,-951384,4260.410
46411,2011-02-28T05:45:00+00:00,-950484,4260.401
46411,2011-02-28T06:00:00+00:00,-949584,4260.385
46411,2011-02-28T06:15:00+00:00,-948684,4260.365
46411,2011-02-28T06:30:00+00:00,-947784,4260.339
46411,2011-02-28T06:45:00+00:00,-946884,4260.313
46411,2011-02-28T07:00:00+00:00,-945984,4260.285
46411,2011-02-28T07:15:00+00:00,-945084,4260.255
46411,2011-02-28T07:30:00+00:00,-944184,4260.221
46411,2011-02-28T07:45:00+00:00,-943284,4260.190
46411,2011-02-28T08:00:00+00:00,-942384,4260.158
46411,2011-02-28T08:15:00+00:00,-941484,4260.127
46411,2011-02-28T08:30:00+00:00,-940584,4260.099
46411,2011-02-28T08:45:00+00:00,-939684,4260.075
46411,2011-02-28T09:00:00+00:00,-938784,4260.056
46411,2011-02-28T09:15:00+00:00,-937884,4260.037
46411,2011-02-28T09:30:00+00:00,-936984,4260.025
46411,2011-02-28T09:45:00+00:00,-936084,4260.019
46411,2011-02-28T10:00:00+00:00,-935184,4260.020
46411,2011-02-28T10:15:00+00:00,-934284,4260.026
46411,2011-02-28T10:30:00+00:00,-933384,4260.037
46411,2011-02-28T10:45:00+00:00,-932484,4260.056
46411,2011-02-28T11:00:00+00:00,-931584,4260.079
46411,2011-02-28T11:15:00+00:00,-930684,4260.107
46411,2011-02-28T11:30:00+00:00,-929784,4260.143
46411,2011-02-28T11:45:00+00:00,-928884,4260.182
46411,2011-02-28T12:00:00+00:00,-927984,4260.226
46411,2011-02-28T12:15:00+00:00,-927084,4260.275
46411,2011-02-28T12:30:00+00:00,-926184,4260.325
46411,2011-02-28T12:45:00+00:00,-925284,4260.379
46411,2011-02-28T13:00:00+00:00,-924384,4260.433
46411,2011-02-28T13:15:00+00:00,-923484,4260.489
46411,2011-02-28T13:30:00+00:00,-922584,4260.540
46411,2011-02-28T13:45:00+00:00,-921684,4260.596
46411,2011-02-28T14:00:00+00:00,-920784,4260.648
46411,2011-02-28T14:15:00+00:00,-919884,4260.691
46411,2011-02-28T14:30:00+00:00,-918984,4260.733
46411,2011-02-28T14:45:00+00:00,-918084,4260.770
46411,2011-02-28T15:00:00+00:00,-917184,4260.797
46411,2011-02-28T15:15:00+00:00,-916284,4260.820
46411,2011-02-28T15:30:00+00:00,-915384,4260.834
46411,2011-02-28T15:45:00+00:00,-914484,4260.842
46411,2011-02-28T16:00:00+00:00,-913584,4260.844
46411,2011-02-28T16:15:00+00:00,-912684,4260.830
46411,2011-02-28T16:30:00+00:00,-911784,4260.814
46411,2011-02-28T16:45:00+00:00,-910884,4260.786
46411,2011-02-28T17:00:00+00:00,-909984,4260.751
46411,2011-02-28T17:15:00+00:00,-909084,4260.708
46411,2011-02-28T17:30:00+00:00,-908184,4260.653
46411,2011-02-28T17:45:00+00:00,-907284,4260.599
46411,2011-02-28T18:00:00+00:00,-906384,4260.531
46411,2011-02-28T18:15:00+00:00,-905484,4260.459
46411,2011-02-28T18:30:00+00:00,-904584,4260.382
46411,2011-02-28T18:45:00+00:00,-903684,4260.298
46411,2011-02-28T19:00:00+00:00,-902784,4260.213
46411,2011-02-28T19:15:00+00:00,-901884,4260.124
46411,2011-02-28T19:30:00+00:00,-900984,4260.031
46411,2011-02-28T19:45:00+00:00,-900084,4259.939
46411,2011-02-28T20:00:00+00:00,-899184,4259.848
46411,2011-02-28T20:15:00+00:00,-898284,4259.756
46411,2011-02-28T20:30:00+00:00,-897384,4259.668
46411,2011-02-28T20:45:00+00:00,-896484,4259.584
46411,2011-02-28T21:00:00+00:00,-895584,4259.502
46411,2011-02-28T21:15:00+00:00,-894684,4259.429
46411,2011-02-28T21:30:00+00:00,-893784,4259.362
46411,2011-02-28T21:45:00+00:00,-892884,4259.304
46411,2011-02-28T22:00:00+00:00,-891984,4259.254
46411,2011-02-28T22:15:00+00:00,-891084,4259.214
46411,2011-02-28T22:30:00+00:00,-890184,4259.182
46411,2011-02-28T22:45:00+00:00,-889284,4259.163
46411,2011-02-28T23:00:00+00:00,-888384,4259.151
46411,2011-02-28T23:15:00+00:00,-887484,4259.149
46411,2011-02-28T23:30:00+00:00,-886584,4259.156
46411,2011-02-28T23:45:00+00:00,-885684,4259.173
46411,2011-03-01T00:00:00+00:00,-884784,4259.199
46411,2011-03-01T00:15:00+00:00,-883884,4259.237
46411,2011-03-01T00:30:00+00:00,-882984,4259.280
46411,2011-03-01T00:45:00+00:00,-882084,4259.330
46411,2011-03-01T01:00:00+00:00,-881184,4259.388
46411,2011-03-01T01:15:00+00:00,-880284,4259.454
46411,2011-03-01T01:30:00+00:00,-879384,4259.524
46411,2011-03-01T01:45:00+00:00,-878484,4259.598
46411,2011-03-01T02:00:00+00:00,-877584,4259.671
46411,2011-03-01T02:15:00+00:00,-876684,4259.750
46411,2011-03-01T02:30:00+00:00,-875784,4259.827
46411,2011-03-01T02:45:00+00:00,-874884,4259.903
46411,2011-03-01T03:00:00+00:00,-873984,4259.980
46411,2011-03-01T03:15:00+00:00,-873084,4260.053
46411,2011-03-01T03:30:00+00:00,-872184,4260.123
46411,2011-03-01T03:45:00+00:00,-871284,4260.186
46411,2011-03-01T04:00:00+00:00,-870384,4260.246
46411,2011-03-01T04:15:00+00:00,-869484,4260.298
46411,2011-03-01T04:30:00+00:00,-868584,4260.343
46411,2011-03-01T04:45:00+00:00,-867684,4260.380
46411,2011-03-01T05:00:00+00:00,-866784,4260.410
46411,2011-03-01T05:15:00+00:00,-865884,4260.434
46411,2011-03-01T05:30:00+00:00,-864984,4260.452
46411,2011-03-01T05:45:00+00:00,-864084,4260.459
46411,2011-03-01T06:00:00+00:00,-863184,4260.460
46411,2011-03-01T06:15:00+00:00,-862284,4260.457
46411,2011-03-01T06:30:00+00:00,-861384,4260.445
46411,2011-03-01T06:45:00+00:00,-860484,4260.424
46411,2011-03-01T07:00:00+00:00,-859584,4260.400
46411,2011-03-01T07:15:00+00:00,-858684,4260.372
46411,2011-03-01T07:30:00+00:00,-857784,4260.339
46411,2011-03-01T07:45:00+00:00,-856884,4260.301
46411,2011-03-01T08:00:00+00:00,-855984,4260.261
46411,2011-03-01T08:15:00+00:00,-855084,4260.219
46411,2011-03-01T08:30:00+00:00,-854184,4260.180
46411,2011-03-01T08:45:00+00:00,-853284,4260.138
46411,2011-03-01T09:00:00+00:00,-852384,4260.099
46411,2011-03-01T09:15:00+00:00,-851484,4260.064
46411,2011-03-01T09:30:00+00:00,-850584,4260.031
46411,2011-03-01T09:45:00+00:00,-849684,4260.000
46411,2011-03-01T10:00:00+00:00,-848784,4259.978
46411,2011-03-01T10:15:00+00:00,-847884,4259.959
46411,2011-03-01T10:30:00+00:00,-846984,4259.945
46411,2011-03-01T10:45:00+00:00,-846084,4259.937
46411,2011-03-01T11:00:00+00:00,-845184,4259.938
46411,2011-03-01T11:15:00+00:00,-844284,4259.943
46411,2011-03-01T11:30:00+00:00,-843384,4259.958
46411,2011-03-01T11:45:00+00:00,-842484,4259.979
46411,2011-03-01T12:00:00+00:00,-841584,4260.004
46411,2011-03-01T12:15:00+00:00,-840684,4260.037
46411,2011-03-01T12:30:00+00:00,-839784,4260.076
46411,2011-03-01T12:45:00+00:00,-838884,4260.119
46411,2011-03-01T13:00:00+00:00,-837984,4260.167
46411,2011-03-01T13:15:00+00:00,-837084,4260.220
46411,2011-03-01T13:30:00+00:00,-836184,4260.277
46411,2011-03-01T13:45:00+00:00,-835284,4260.333
46411,2011-03-01T14:00:00+00:00,-834384,4260.393
46411,2011-03-01T14:15:00+00:00,-833484,4260.454
46411,2011-03-01T14:30:00+00:00,-832584,4260.512
46411,2011-03-01T14:45:00+00:00,-831684,4260.569
46411,2011-03-01T15:00:00+00:00,-830784,4260.622
46411,2011-03-01T15:15:00+00:00,-829884,4260.670
46411,2011-03-01T15:30:00+00:00,-828984,4260.716
46411,2011-03-01T15:45:00+00:00,-828084,4260.755
46411,2011-03-01T16:00:00+00:00,-827184,4260.785
46411,2011-03-01T16:15:00+00:00,-826284,4260.810
46411,2011-03-01T16:30:00+00:00,-825384,4260.829
46411,2011-03-01T16:45:00+00:00,-824484,4260.834
46411,2011-03-01T17:00:00+00:00,-823584,4260.832
46411,2011-03-01T17:15:00+00:00,-822684,4260.817
46411,2011-03-01T17:30:00+00:00,-821784,4260.798
46411,2011-03-01T17:45:00+00:00,-820884,4260.765
46411,2011-03-01T18:00:00+00:00,-819984,4260.728
46411,2011-03-01T18:15:00+00:00,-819084,4260.680
46411,2011-03-01T18:30:00+00:00,-818184,4260.620
46411,2011-03-01T18:45:00+00:00,-817284,4260.557
46411,2011-03-01T19:00:00+00:00,-816384,4260.483
46411,2011-03-01T19:15:00+00:00,-815484,4260.406
46411,2011-03-01T19:30:00+00:00,-814584,4260.324
46411,2011-03-01T19:45:00+00:00,-813684,4260.236
46411,2011-03-01T20:00:00+00:00,-812784,4260.143
46411,2011-03-01T20:15:00+00:00,-811884,4260.051
46411,2011-03-01T20:30:00+00:00,-810984,4259.958
46411,2011-03-01T20:45:00+00:00,-810084,4259.868
46411,2011-03-01T21:00:00+00:00,-809184,4259.774
46411,2011-03-01T21:15:00+00:00,-808284,4259.683
46411,2011-03-01T21:30:00+00:00,-807384,4259.597
46411,2011-03-01T21:45:00+00:00,-806484,4259.516
46411,2011-03-01T22:00:00+00:00,-805584,4259.441
46411,2011-03-01T22:15:00+00:00,-804684,4259.375
46411,2011-03-01T22:30:00+00:00,-803784,4259.315
46411,2011-03-01T22:45:00+00:00,-802884,4259.264
46411,2011-03-01T23:00:00+00:00,-801984,4259.226
46411,2011-03-01T23:15:00+00:00,-801084,4259.194
46411,2011-03-01T23:30:00+00:00,-800184,4259.173
46411,2011-03-01T23:45:00+00:00,-799284,4259.162
46411,2011-03-02T00:00:00+00:00,-798384,4259.161
46411,2011-03-02T00:15:00+00:00,-797484,4259.173
46411,2011-03-02T00:30:00+00:00,-796584,4259.196
46411,2011-03-02T00:45:00+00:00,-795684,4259.227
46411,2011-03-02T01:00:00+00:00,-794784,4259.267
46411,2011-03-02T01:15:00+00:00,-793884,4259.312
46411,2011-03-02T01:30:00+00:00,-792984,4259.368
46411,2011-03-02T01:45:00+00:00,-792084,4259.432
46411,2011-03-02T02:00:00+00:00,-791184,4259.501
46411,2011-03-02T02:15:00+00:00,-790284,4259.574
46411,2011-03-02T02:30:00+00:00,-789384,4259.649
46411,2011-03-02T02:45:00+00:00,-788484,4259.728
46411,2011-03-02T03:00:00+00:00,-787584,4259.810
46411,2011-03-02T03:15:00+00:00,-786684,4259.890
46411,2011-03-02T03:30:00+00:00,-785784,4259.968
46411,2011-03-02T03:45:00+00:00,-784884,4260.044
46411,2011-03-02T04:00:00+00:00,-783984,4260.118
46411,2011-03-02T04:15:00+00:00,-783084,4260.188
46411,2011-03-02T04:30:00+00:00,-782184,4260.253
46411,2011-03-02T04:45:00+00:00,-781284,4260.312
46411,2011-03-02T05:00:00+00:00,-780384,4260.362
46411,2011-03-02T05:15:00+00:00,-779484,4260.407
46411,2011-03-02T05:30:00+00:00,-778584,4260.445
46411,2011-03-02T05:45:00+00:00,-777684,4260.473
46411,2011-03-02T06:00:00+00:00,-776784,4260.495
46411,2011-03-02T06:15:00+00:00,-775884,4260.505
46411,2011-03-02T06:30:00+00:00,-774984,4260.509
46411,2011-03-02T06:45:00+00:00,-774084,4260.509
46411,2011-03-02T07:00:00+00:00,-773184,4260.495
46411,2011-03-02T07:15:00+00:00,-772284,4260.477
46411,2011-03-02T07:30:00+00:00,-771384,4260.451
46411,2011-03-02T07:45:00+00:00,-770484,4260.420
46411,2011-03-02T08:00:00+00:00,-769584,4260.383
46411,2011-03-02T08:15:00+00:00,-768684,4260.342
46411,2011-03-02T08:30:00+00:00,-767784,4260.297
46411,2011-03-02T08:45:00+00:00,-766884,4260.248
46411,2011-03-02T09:00:00+00:00,-765984,4260.200
46411,2011-03-02T09:15:00+00:00,-765084,4260.156
46411,2011-03-02T09:30:00+00:00,-764184,4260.109
46411,2011-03-02T09:45:00+00:00,-763284,4260.063
46411,2011-03-02T10:00:00+00:00,-762384,4260.020
46411,2011-03-02T10:15:00+00:00,-761484,4259.983
46411,2011-03-02T10:30:00+00:00,-760584,4259.946
46411,2011-03-02T10:45:00+00:00,-759684,4259.918
46411,2011-03-02T11:00:00+00:00,-758784,4259.896
46411,2011-03-02T11:15:00+00:00,-757884,4259.878
46411,2011-03-02T11:30:00+00:00,-756984,4259.871
46411,2011-03-02T11:45:00+00:00,-756084,4259.870
46411,2011-03-02T12:00:00+00:00,-755184,4259.875
46411,2011-03-02T12:15:00+00:00,-754284,4259.885
46411,2011-03-02T12:30:00+00:00,-753384,4259.906
46411,2011-03-02T12:45:00+00:00,-752484,4259.934
46411,2011-03-02T13:00:00+00:00,-751584,4259.970
46411,2011-03-02T13:15:00+00:00,-750684,4260.013
46411,2011-03-02T13:30:00+00:00,-749784,4260.059
46411,2011-03-02T13:45:00+00:00,-748884,4260.113
46411,2011-03-02T14:00:00+00:00,-747984,4260.169
46411,2011-03-02T14:15:00+00:00,-747084,4260.231
46411,2011-03-02T14:30:00+00:00,-746184,4260.297
46411,2011-03-02T14:45:00+00:00,-745284,4260.360
46411,2011-03-02T15:00:00+00:00,-744384,4260.420
46411,2011-03-02T15:15:00+00:00,-743484,4260.485
46411,2011-03-02T15:30:00+00:00,-742584,4260.545
46411,2011-03-02T15:45:00+00:00,-741684,4260.599
46411,2011-03-02T16:00:00+00:00,-740784,4260.650
46411,2011-03-02T16:15:00+00:00,-739884,4260.697
46411,2011-03-02T16:30:00+00:00,-738984,4260.736
46411,2011-03-02T16:45:00+00:00,-738084,4260.770
46411,2011-03-02T17:00:00+00:00,-737184,4260.800
46411,2011-03-02T17:15:00+00:00,-736284,4260.817
46411,2011-03-02T17:30:00+00:00,-735384,4260.823
46411,2011-03-02T17:45:00+00:00,-734484,4260.822
46411,2011-03-02T18:00:00+00:00,-733584,4260.811
46411,2011-03-02T18:15:00+00:00,-732684,4260.790
46411,2011-03-02T18:30:00+00:00,-731784,4260.761
46411,2011-03-02T18:45:00+00:00,-730884,4260.723
46411,2011-03-02T19:00:00+00:00,-729984,4260.676
46411,2011-03-02T19:15:00+00:00,-729084,4260.619
46411,2011-03-02T19:30:00+00:00,-728184,4260.553
46411,2011-03-02T19:45:00+00:00,-727284,4260.480
46411,2011-03-02T20:00:00+00:00,-726384,4260.402
46411,2011-03-02T20:15:00+00:00,-725484,4260.315
46411,2011-03-02T20:30:00+00:00,-724584,4260.226
46411,2011-03-02T20:45:00+00:00,-723684,4260.133
46411,2011-03-02T21:00:00+00:00,-722784,4260.037
46411,2011-03-02T21:15:00+00:00,-721884,4259.939
46411,2011-03-02T21:30:00+00:00,-720984,4259.846
46411,2011-03-02T21:45:00+00:00,-720084,4259.752
46411,2011-03-02T22:00:00+00:00,-719184,4259.663
46411,2011-03-02T22:15:00+00:00,-718284,4259.578
46411,2011-03-02T22:30:00+00:00,-717384,4259.500
46411,2011-03-02T22:45:00+00:00,-716484,4259.427
46411,2011-03-02T23:00:00+00:00,-715584,4259.365
46411,2011-03-02T23:15:00+00:00,-714684,4259.310
46411,2011-03-02T23:30:00+00:00,-713784,4259.264
46411,2011-03-02T23:45:00+00:00,-712884,4259.228
46411,2011-03-03T00:00:00+00:00,-711984,4259.203
46411,2011-03-03T00:15:00+00:00,-711084,4259.186
46411,2011-03-03T00:30:00+00:00,-710184,4259.180
46411,2011-03-03T00:45:00+00:00,-709284,4259.184
46411,2011-03-03T01:00:00+00:00,-708384,4259.201
46411,2011-03-03T01:15:00+00:00,-707484,4259.228
46411,2011-03-03T01:30:00+00:00,-706584,4259.261
46411,2011-03-03T01:45:00+00:00,-705684,4259.308
46411,2011-03-03T02:00:00+00:00,-704784,4259.364
46411,2011-03-03T02:15:00+00:00,-703884,4259.426
46411,2011-03-03T02:30:00+00:00,-702984,4259.495
46411,2011-03-03T02:45:00+00:00,-702084,4259.567
46411,2011-03-03T03:00:00+00:00,-701184,4259.647
46411,2011-03-03T03:15:00+00:00,-700284,4259.729
46411,2011-03-03T03:30:00+00:00,-699384,4259.812
46411,2011-03-03T03:45:00+00:00,-698484,4259.895
46411,2011-03-03T04:00:00+00:00,-697584,4259.977
46411,2011-03-03T04:15:00+00:00,-696684,4260.058
46411,2011-03-03T04:30:00+00:00,-695784,4260.135
46411,2011-03-03T04:45:00+00:00,-694884,4260.211
46411,2011-03-03T05:00:00+00:00,-693984,4260.282
46411,2011-03-03T05:15:00+00:00,-693084,4260.347
46411,2011-03-03T05:30:00+00:00,-692184,4260.403
46411,2011-03-03T05:45:00+00:00,-691284,4260.455
46411,2011-03-03T06:00:00+00:00,-690384,4260.495
46411,2011-03-03T06:15:00+00:00,-689484,4260.524
46411,2011-03-03T06:30:00+00:00,-688584,4260.549
46411,2011-03-03T06:45:00+00:00,-687684,4260.560
46411,2011-03-03T07:00:00+00:00,-686784,4260.565
46411,2011-03-03T07:15:00+00:00,-685884,4260.560
46411,2011-03-03T07:30:00+00:00,-684984,4260.543
46411,2011-03-03T07:45:00+00:00,-684084,4260.521
46411,2011-03-03T08:00:00+00:00,-683184,4260.490
46411,2011-03-03T08:15:00+00:00,-682284,4260.455
46411,2011-03-03T08:30:00+00:00,-681384,4260.411
46411,2011-03-03T08:45:00+00:00,-680484,4260.365
46411,2011-03-03T09:00:00+00:00,-679584,4260.310
46411,2011-03-03T09:15:00+00:00,-678684,4260.257
46411,2011-03-03T09:30:00+00:00,-677784,4260.204
46411,2011-03-03T09:45:00+00:00,-676884,4260.148
46411,2011-03-03T10:00:00+00:00,-675984,4260.092
46411,2011-03-03T10:15:00+00:00,-675084,4260.036
46411,2011-03-03T10:30:00+00:00,-674184,4259.984
46411,2011-03-03T10:45:00+00:00,-673284,4259.934
46411,2011-03-03T11:00:00+00:00,-672384,4259.888
46411,2011-03-03T11:15:00+00:00,-671484,4259.850
46411,2011-03-03T11:30:00+00:00,-670584,4259.812
46411,2011-03-03T11:45:00+00:00,-669684,4259.784
46411,2011-03-03T12:00:00+00:00,-668784,4259.766
46411,2011-03-03T12:15:00+00:00,-667884,4259.754
46411,2011-03-03T12:30:00+00:00,-666984,4259.752
46411,2011-03-03T12:45:00+00:00,-666084,4259.761
46411,2011-03-03T13:00:00+00:00,-665184,4259.778
46411,2011-03-03T13:15:00+00:00,-664284,4259.801
46411,2011-03-03T13:30:00+00:00,-663384,4259.831
46411,2011-03-03T13:45:00+00:00,-662484,4259.873
46411,2011-03-03T14:00:00+00:00,-661584,4259.918
46411,2011-03-03T14:15:00+00:00,-660684,4259.971
46411,2011-03-03T14:30:00+00:00,-659784,4260.029
46411,2011-03-03T14:45:00+00:00,-658884,4260.087
46411,2011-03-03T15:00:00+00:00,-657984,4260.150
46411,2011-03-03T15:15:00+00:00,-657084,4260.217
46411,2011-03-03T15:30:00+00:00,-656184,4260.282
46411,2011-03-03T15:45:00+00:00,-655284,4260.349
46411,2011-03-03T16:00:00+00:00,-654384,4260.414
46411,2011-03-03T16:15:00+00:00,-653484,4260.475
46411,2011-03-03T16:30:00+00:00,-652584,4260.537
46411,2011-03-03T16:45:00+00:00,-651684,4260.591
46411,2011-03-03T17:00:00+00:00,-650784,4260.643
46411,2011-03-03T17:15:00+00:00,-649884,4260.682
46411,2011-03-03T17:30:00+00:00,-648984,4260.714
46411,2011-03-03T17:45:00+00:00,-648084,4260.740
46411,2011-03-03T18:00:00+00:00,-647184,4260.759
46411,2011-03-03T18:15:00+00:00,-646284,4260.764
46411,2011-03-03T18:30:00+00:00,-645384,4260.761
46411,2011-03-03T18:45:00+00:00,-644484,4260.751
46411,2011-03-03T19:00:00+00:00,-643584,4260.729
46411,2011-03-03T19:15:00+00:00,-642684,4260.700
46411,2011-03-03T19:30:00+00:00,-641784,4260.661
46411,2011-03-03T19:45:00+00:00,-640884,4260.612
46411,2011-03-03T20:00:00+00:00,-639984,4260.552
46411,2011-03-03T20:15:00+00:00,-639084,4260.489
46411,2011-03-03T20:30:00+00:00,-638184,4260.417
46411,2011-03-03T20:45:00+00:00,-637284,4260.339
46411,2011-03-03T21:00:00+00:00,-636384,4260.255
46411,2011-03-03T21:15:00+00:00,-635484,4260.164
46411,2011-03-03T21:30:00+00:00,-634584,4260.076
46411,2011-03-03T21:45:00+00:00,-633684,4259.984
46411,2011-03-03T22:00:00+00:00,-632784,4259.894
46411,2011-03-03T22:15:00+00:00,-631884,4259.803
46411,2011-03-03T22:30:00+00:00,-630984,4259.716
46411,2011-03-03T22:45:00+00:00,-630084,4259.633
46411,2011-03-03T23:00:00+00:00,-629184,4259.556
46411,2011-03-03T23:15:00+00:00,-628284,4259.485
46411,2011-03-03T23:30:00+00:00,-627384,4259.422
46411,2011-03-03T23:45:00+00:00,-626484,4259.367
46411,2011-03-04T00:00:00+00:00,-625584,4259.321
46411,2011-03-04T00:15:00+00:00,-624684,4259.287
46411,2011-03-04T00:30:00+00:00,-623784,4259.258
46411,2011-03-04T00:45:00+00:00,-622884,4259.240
46411,2011-03-04T01:00:00+00:00,-621984,4259.234
46411,2011-03-04T01:15:00+00:00,-621084,4259.241
46411,2011-03-04T01:30:00+00:00,-620184,4259.257
46411,2011-03-04T01:45:00+00:00,-619284,4259.285
46411,2011-03-04T02:00:00+00:00,-618384,4259.318
46411,2011-03-04T02:15:00+00:00,-617484,4259.363
46411,2011-03-04T02:30:00+00:00,-616584,4259.417
46411,2011-03-04T02:45:00+00:00,-615684,4259.479
46411,2011-03-04T03:00:00+00:00,-614784,4259.546
46411,2011-03-04T03:15:00+00:00,-613884,4259.622
46411,2011-03-04T03:30:00+00:00,-612984,4259.702
46411,2011-03-04T03:45:00+00:00,-612084,4259.784
46411,2011-03-04T04:00:00+00:00,-611184,4259.868
46411,2011-03-04T04:15:00+00:00,-610284,4259.954
46411,2011-03-04T04:30:00+00:00,-609384,4260.034
46411,2011-03-04T04:45:00+00:00,-608484,4260.113
46411,2011-03-04T05:00:00+00:00,-607584,4260.192
46411,2011-03-04T05:15:00+00:00,-606684,4260.264
46411,2011-03-04T05:30:00+00:00,-605784,4260.334
46411,2011-03-04T05:45:00+00:00,-604884,4260.397
46411,2011-03-04T06:00:00+00:00,-603984,4260.452
46411,2011-03-04T06:15:00+00:00,-603084,4260.500
46411,2011-03-04T06:30:00+00:00,-602184,4260.539
46411,2011-03-04T06:45:00+00:00,-601284,4260.569
46411,2011-03-04T07:00:00+00:00,-600384,4260.589
46411,2011-03-04T07:15:00+00:00,-599484,4260.599
46411,2011-03-04T07:30:00+00:00,-598584,4260.604
46411,2011-03-04T07:45:00+00:00,-597684,4260.597
46411,2011-03-04T08:00:00+00:00,-596784,4260.584
46411,2011-03-04T08:15:00+00:00,-595884,4260.559
46411,2011-03-04T08:30:00+00:00,-594984,4260.531
46411,2011-03-04T08:45:00+00:00,-594084,4260.492
46411,2011-03-04T09:00:00+00:00,-593184,4260.447
46411,2011-03-04T09:15:00+00:00,-592284,4260.396
46411,2011-03-04T09:30:00+00:00,-591384,4260.341
46411,2011-03-04T09:45:00+00:00,-590484,4260.280
46411,2011-03-04T10:00:00+00:00,-589584,4260.218
46411,2011-03-04T10:15:00+00:00,-588684,4260.154
46411,2011-03-04T10:30:00+00:00,-587784,4260.088
46411,2011-03-04T10:45:00+00:00,-586884,4260.025
46411,2011-03-04T11:00:00+00:00,-585984,4259.963
46411,2011-03-04T11:15:00+00:00,-585084,4259.905
46411,2011-03-04T11:30:00+00:00,-584184,4259.854
46411,2011-03-04T11:45:00+00:00,-583284,4259.809
46411,2011-03-04T12:00:00+00:00,-582384,4259.769
46411,2011-03-04T12:15:00+00:00,-581484,4259.733
46411,2011-03-04T12:30:00+00:00,-580584,4259.708
46411,2011-03-04T12:45:00+00:00,-579684,4259.692
46411,2011-03-04T13:00:00+00:00,-578784,4259.683
46411,2011-03-04T13:15:00+00:00,-577884,4259.683
46411,2011-03-04T13:30:00+00:00,-576984,4259.690
46411,2011-03-04T13:45:00+00:00,-576084,4259.706
46411,2011-03-04T14:00:00+00:00,-575184,4259.731
46411,2011-03-04T14:15:00+00:00,-574284,4259.764
46411,2011-03-04T14:30:00+00:00,-573384,4259.804
46411,2011-03-04T14:45:00+00:00,-572484,4259.853
46411,2011-03-04T15:00:00+00:00,-571584,4259.910
46411,2011-03-04T15:15:00+00:00,-570684,4259.970
46411,2011-03-04T15:30:00+00:00,-569784,4260.033
46411,2011-03-04T15:45:00+00:00,-568884,4260.101
46411,2011-03-04T16:00:00+00:00,-567984,4260.172
46411,2011-03-04T16:15:00+00:00,-567084,4260.241
46411,2011-03-04T16:30:00+00:00,-566184,4260.311
46411,2011-03-04T16:45:00+00:00,-565284,4260.379
46411,2011-03-04T17:00:00+00:00,-564384,4260.442
46411,2011-03-04T17:15:00+00:00,-563484,4260.501
46411,2011-03-04T17:30:00+00:00,-562584,4260.555
46411,2011-03-04T17:45:00+00:00,-561684,4260.606
46411,2011-03-04T18:00:00+00:00,-560784,4260.649
46411,2011-03-04T18:15:00+00:00,-559884,4260.682
46411,2011-03-04T18:30:00+00:00,-558984,4260.711
46411,2011-03-04T18:45:00+00:00,-558084,4260.727
46411,2011-03-04T19:00:00+00:00,-557184,4260.734
46411,2011-03-04T19:15:00+00:00,-556284,4260.731
46411,2011-03-04T19:30:00+00:00,-555384,4260.719
46411,2011-03-04T19:45:00+00:00,-554484,4260.697
46411,2011-03-04T20:00:00+00:00,-553584,4260.665
46411,2011-03-04T20:15:00+00:00,-552684,4260.622
46411,2011-03-04T20:30:00+00:00,-551784,4260.573
46411,2011-03-04T20:45:00+00:00,-550884,4260.514
46411,2011-03-04T21:00:00+00:00,-549984,4260.449
46411,2011-03-04T21:15:00+00:00,-549084,4260.377
46411,2011-03-04T21:30:00+00:00,-548184,4260.299
46411,2011-03-04T21:45:00+00:00,-547284,4260.217
46411,2011-03-04T22:00:00+00:00,-546384,4260.135
46411,2011-03-04T22:15:00+00:00,-545484,4260.052
46411,2011-03-04T22:30:00+00:00,-544584,4259.968
46411,2011-03-04T22:45:00+00:00,-543684,4259.884
46411,2011-03-04T23:00:00+00:00,-542784,4259.802
46411,2011-03-04T23:15:00+00:00,-541884,4259.727
46411,2011-03-04T23:30:00+00:00,-540984,4259.652
46411,2011-03-04T23:45:00+00:00,-540084,4259.585
46411,2011-03-05T00:00:00+00:00,-539184,4259.524
46411,2011-03-05T00:15:00+00:00,-538284,4259.473
46411,2011-03-05T00:30:00+00:00,-537384,4259.427
46411,2011-03-05T00:45:00+00:00,-536484,4259.395
46411,2011-03-05T01:00:00+00:00,-535584,4259.370
46411,2011-03-05T01:15:00+00:00,-534684,4259.353
46411,2011-03-05T01:30:00+00:00,-533784,4259.350
46411,2011-03-05T01:45:00+00:00,-532884,4259.357
46411,2011-03-05T02:00:00+00:00,-531984,4259.375
46411,2011-03-05T02:15:00+00:00,-531084,4259.403
46411,2011-03-05T02:30:00+00:00,-530184,4259.442
46411,2011-03-05T02:45:00+00:00,-529284,4259.488
46411,2011-03-05T03:00:00+00:00,-528384,4259.544
46411,2011-03-05T03:15:00+00:00,-527484,4259.607
46411,2011-03-05T03:30:00+00:00,-526584,4259.675
46411,2011-03-05T03:45:00+00:00,-525684,4259.748
46411,2011-03-05T04:00:00+00:00,-524784,4259.829
46411,2011-03-05T04:15:00+00:00,-523884,4259.907
46411,2011-03-05T04:30:00+00:00,-522984,4259.990
46411,2011-03-05T04:45:00+00:00,-522084,4260.073
46411,2011-03-05T05:00:00+00:00,-521184,4260.154
46411,2011-03-05T05:15:00+00:00,-520284,4260.234
46411,2011-03-05T05:30:00+00:00,-519384,4260.308
46411,2011-03-05T05:45:00+00:00,-518484,4260.378
46411,2011-03-05T06:00:00+00:00,-517584,4260.445
46411,2011-03-05T06:15:00+00:00,-516684,4260.504
46411,2011-03-05T06:30:00+00:00,-515784,4260.556
46411,2011-03-05T06:45:00+00:00,-514884,4260.599
46411,2011-03-05T07:00:00+00:00,-513984,4260.634
46411,2011-03-05T07:15:00+00:00,-513084,4260.661
46411,2011-03-05T07:30:00+00:00,-512184,4260.678
46411,2011-03-05T07:45:00+00:00,-511284,4260.684
46411,2011-03-05T08:00:00+00:00,-510384,4260.681
46411,2011-03-05T08:15:00+00:00,-509484,4260.669
46411,2011-03-05T08:30:00+00:00,-508584,4260.647
46411,2011-03-05T08:45:00+00:00,-507684,4260.616
46411,2011-03-05T09:00:00+00:00,-506784,4260.576
46411,2011-03-05T09:15:00+00:00,-505884,4260.529
46411,2011-03-05T09:30:00+00:00,-504984,4260.477
46411,2011-03-05T09:45:00+00:00,-504084,4260.416
46411,2011-03-05T10:00:00+00:00,-503184,4260.351
46411,2011-03-05T10:15:00+00:00,-502284,4260.284
46411,2011-03-05T10:30:00+00:00,-501384,4260.216
46411,2011-03-05T10:45:00+00:00,-500484,4260.146
46411,2011-03-05T11:00:00+00:00,-499584,4260.075
46411,2011-03-05T11:15:00+00:00,-498684,4260.006
46411,2011-03-05T11:30:00+00:00,-497784,4259.938
46411,2011-03-05T11:45:00+00:00,-496884,4259.877
46411,2011-03-05T12:00:00+00:00,-495984,4259.819
46411,2011-03-05T12:15:00+00:00,-495084,4259.766
46411,2011-03-05T12:30:00+00:00,-494184,4259.719
46411,2011-03-05T12:45:00+00:00,-493284,4259.680
46411,2011-03-05T13:00:00+00:00,-492384,4259.651
46411,2011-03-05T13:15:00+00:00,-491484,4259.627
46411,2011-03-05T13:30:00+00:00,-490584,4259.612
46411,2011-03-05T13:45:00+00:00,-489684,4259.606
46411,2011-03-05T14:00:00+00:00,-488784,4259.613
46411,2011-03-05T14:15:00+00:00,-487884,4259.628
46411,2011-03-05T14:30:00+00:00,-486984,4259.650
46411,2011-03-05T14:45:00+00:00,-486084,4259.682
46411,2011-03-05T15:00:00+00:00,-485184,4259.721
46411,2011-03-05T15:15:00+00:00,-484284,4259.768
46411,2011-03-05T15:30:00+00:00,-483384,4259.823
46411,2011-03-05T15:45:00+00:00,-482484,4259.882
46411,2011-03-05T16:00:00+00:00,-481584,4259.947
46411,2011-03-05T16:15:00+00:00,-480684,4260.012
46411,2011-03-05T16:30:00+00:00,-479784,4260.082
46411,2011-03-05T16:45:00+00:00,-478884,4260.152
46411,2011-03-05T17:00:00+00:00,-477984,4260.224
46411,2011-03-05T17:15:00+00:00,-477084,4260.293
46411,2011-03-05T17:30:00+00:00,-476184,4260.359
46411,2011-03-05T17:45:00+00:00,-475284,4260.424
46411,2011-03-05T18:00:00+00:00,-474384,4260.486
46411,2011-03-05T18:15:00+00:00,-473484,4260.539
46411,2011-03-05T18:30:00+00:00,-472584,4260.584
46411,2011-03-05T18:45:00+00:00,-471684,4260.622
46411,2011-03-05T19:00:00+00:00,-470784,4260.654
46411,2011-03-05T19:15:00+00:00,-469884,4260.674
46411,2011-03-05T19:30:00+00:00,-468984,4260.686
46411,2011-03-05T19:45:00+00:00,-468084,4260.686
46411,2011-03-05T20:00:00+00:00,-467184,4260.678
46411,2011-03-05T20:15:00+00:00,-466284,4260.660
46411,2011-03-05T20:30:00+00:00,-465384,4260.636
46411,2011-03-05T20:45:00+00:00,-464484,4260.601
46411,2011-03-05T21:00:00+00:00,-463584,4260.559
46411,2011-03-05T21:15:00+00:00,-462684,4260.508
46411,2011-03-05T21:30:00+00:00,-461784,4260.450
46411,2011-03-05T21:45:00+00:00,-460884,4260.383
46411,2011-03-05T22:00:00+00:00,-459984,4260.316
46411,2011-03-05T22:15:00+00:00,-459084,4260.245
46411,2011-03-05T22:30:00+00:00,-458184,4260.170
46411,2011-03-05T22:45:00+00:00,-457284,4260.092
46411,2011-03-05T23:00:00+00:00,-456384,4260.014
46411,2011-03-05T23:15:00+00:00,-455484,4259.937
46411,2011-03-05T23:30:00+00:00,-454584,4259.861
46411,2011-03-05T23:45:00+00:00,-453684,4259.788
46411,2011-03-06T00:00:00+00:00,-452784,4259.721
46411,2011-03-06T00:15:00+00:00,-451884,4259.657
46411,2011-03-06T00:30:00+00:00,-450984,4259.600
46411,2011-03-06T00:45:00+00:00,-450084,4259.553
46411,2011-03-06T01:00:00+00:00,-449184,4259.512
46411,2011-03-06T01:15:00+00:00,-448284,4259.478
46411,2011-03-06T01:30:00+00:00,-447384,4259.457
46411,2011-03-06T01:45:00+00:00,-446484,4259.444
46411,2011-03-06T02:00:00+00:00,-445584,4259.441
46411,2011-03-06T02:15:00+00:00,-444684,4259.451
46411,2011-03-06T02:30:00+00:00,-443784,4259.469
46411,2011-03-06T02:45:00+00:00,-442884,4259.496
46411,2011-03-06T03:00:00+00:00,-441984,4259.533
46411,2011-03-06T03:15:00+00:00,-441084,4259.577
46411,2011-03-06T03:30:00+00:00,-440184,4259.633
46411,2011-03-06T03:45:00+00:00,-439284,4259.691
46411,2011-03-06T04:00:00+00:00,-438384,4259.755
46411,2011-03-06T04:15:00+00:00,-437484,4259.828
46411,2011-03-06T04:30:00+00:00,-436584,4259.905
46411,2011-03-06T04:45:00+00:00,-435684,4259.984
46411,2011-03-06T05:00:00+00:00,-434784,4260.064
46411,2011-03-06T05:15:00+00:00,-433884,4260.149
46411,2011-03-06T05:30:00+00:00,-432984,4260.227
46411,2011-03-06T05:45:00+00:00,-432084,4260.304
46411,2011-03-06T06:00:00+00:00,-431184,4260.377
46411,2011-03-06T06:15:00+00:00,-430284,4260.442
46411,2011-03-06T06:30:00+00:00,-429384,4260.505
46411,2011-03-06T06:45:00+00:00,-428484,4260.562
46411,2011-03-06T07:00:00+00:00,-427584,4260.610
46411,2011-03-06T07:15:00+00:00,-426684,4260.651
46411,2011-03-06T07:30:00+00:00,-425784,4260.682
46411,2011-03-06T07:45:00+00:00,-424884,4260.704
46411,2011-03-06T08:00:00+00:00,-423984,4260.719
46411,2011-03-06T08:15:00+00:00,-423084,4260.722
46411,2011-03-06T08:30:00+00:00,-422184,4260.716
46411,2011-03-06T08:45:00+00:00,-421284,4260.700
46411,2011-03-06T09:00:00+00:00,-420384,4260.674
46411,2011-03-06T09:15:00+00:00,-419484,4260.641
46411,2011-03-06T09:30:00+00:00,-418584,4260.601
46411,2011-03-06T09:45:00+00:00,-417684,4260.550
46411,2011-03-06T10:00:00+00:00,-416784,4260.493
46411,2011-03-06T10:15:00+00:00,-415884,4260.431
46411,2011-03-06T10:30:00+00:00,-414984,4260.363
46411,2011-03-06T10:45:00+00:00,-414084,4260.291
46411,2011-03-06T11:00:00+00:00,-413184,4260.220
46411,2011-03-06T11:15:00+00:00,-412284,4260.148
46411,2011-03-06T11:30:00+00:00,-411384,4260.071
46411,2011-03-06T11:45:00+00:00,-410484,4259.999
46411,2011-03-06T12:00:00+00:00,-409584,4259.928
46411,2011-03-06T12:15:00+00:00,-408684,4259.860
46411,2011-03-06T12:30:00+00:00,-407784,4259.796
46411,2011-03-06T12:45:00+00:00,-406884,4259.740
46411,2011-03-06T13:00:00+00:00,-405984,4259.688
46411,2011-03-06T13:15:00+00:00,-405084,4259.645
46411,2011-03-06T13:30:00+00:00,-404184,4259.611
46411,2011-03-06T13:45:00+00:00,-403284,4259.582
46411,2011-03-06T14:00:00+00:00,-402384,4259.563
46411,2011-03-06T14:15:00+00:00,-401484,4259.553
46411,2011-03-06T14:30:00+00:00,-400584,4259.552
46411,2011-03-06T14:45:00+00:00,-399684,4259.564
46411,2011-03-06T15:00:00+00:00,-398784,4259.582
46411,2011-03-06T15:15:00+00:00,-397884,4259.610
46411,2011-03-06T15:30:00+00:00,-396984,4259.645
46411,2011-03-06T15:45:00+00:00,-396084,4259.689
46411,2011-03-06T16:00:00+00:00,-395184,4259.738
46411,2011-03-06T16:15:00+00:00,-394284,4259.795
46411,2011-03-06T16:30:00+00:00,-393384,4259.856
46411,2011-03-06T16:45:00+00:00,-392484,4259.920
46411,2011-03-06T17:00:00+00:00,-391584,4259.986
46411,2011-03-06T17:15:00+00:00,-390684,4260.056
46411,2011-03-06T17:30:00+00:00,-389784,4260.124
46411,2011-03-06T17:45:00+00:00,-388884,4260.191
46411,2011-03-06T18:00:00+00:00,-387984,4260.259
46411,2011-03-06T18:15:00+00:00,-387084,4260.323
46411,2011-03-06T18:30:00+00:00,-386184,4260.383
46411,2011-03-06T18:45:00+00:00,-385284,4260.438
46411,2011-03-06T19:00:00+00:00,-384384,4260.487
46411,2011-03-06T19:15:00+00:00,-383484,4260.530
46411,2011-03-06T19:30:00+00:00,-382584,4260.567
46411,2011-03-06T19:45:00+00:00,-381684,4260.593
46411,2011-03-06T20:00:00+00:00,-380784,4260.611
46411,2011-03-06T20:15:00+00:00,-379884,4260.621
46411,2011-03-06T20:30:00+00:00,-378984,4260.619
46411,2011-03-06T20:45:00+00:00,-378084,4260.609
46411,2011-03-06T21:00:00+00:00,-377184,4260.588
46411,2011-03-06T21:15:00+00:00,-376284,4260.558
46411,2011-03-06T21:30:00+00:00,-375384,4260.522
46411,2011-03-06T21:45:00+00:00,-374484,4260.478
46411,2011-03-06T22:00:00+00:00,-373584,4260.427
46411,2011-03-06T22:15:00+00:00,-372684,4260.372
46411,2011-03-06T22:30:00+00:00,-371784,4260.312
46411,2011-03-06T22:45:00+00:00,-370884,4260.244
46411,2011-03-06T23:00:00+00:00,-369984,4260.176
46411,2011-03-06T23:15:00+00:00,-369084,4260.104
46411,2011-03-06T23:30:00+00:00,-368184,4260.035
46411,2011-03-06T23:45:00+00:00,-367284,4259.965
46411,2011-03-07T00:00:00+00:00,-366384,4259.895
46411,2011-03-07T00:15:00+00:00,-365484,4259.829
46411,2011-03-07T00:30:00+00:00,-364584,4259.770
46411,2011-03-07T00:45:00+00:00,-363684,4259.714
46411,2011-03-07T01:00:00+00:00,-362784,4259.666
46411,2011-03-07T01:15:00+00:00,-361884,4259.624
46411,2011-03-07T01:30:00+00:00,-360984,4259.590
46411,2011-03-07T01:45:00+00:00,-360084,4259.564
46411,2011-03-07T02:00:00+00:00,-359184,4259.545
46411,2011-03-07T02:15:00+00:00,-358284,4259.537
46411,2011-03-07T02:30:00+00:00,-357384,4259.537
46411,2011-03-07T02:45:00+00:00,-356484,4259.549
46411,2011-03-07T03:00:00+00:00,-355584,4259.568
46411,2011-03-07T03:15:00+00:00,-354684,4259.596
46411,2011-03-07T03:30:00+00:00,-353784,4259.631
46411,2011-03-07T03:45:00+00:00,-352884,4259.676
46411,2011-03-07T04:00:00+00:00,-351984,4259.728
46411,2011-03-07T04:15:00+00:00,-351084,4259.785
46411,2011-03-07T04:30:00+00:00,-350184,4259.853
46411,2011-03-07T04:45:00+00:00,-349284,4259.922
46411,2011-03-07T05:00:00+00:00,-348384,4259.994
46411,2011-03-07T05:15:00+00:00,-347484,4260.069
46411,2011-03-07T05:30:00+00:00,-346584,4260.144
46411,2011-03-07T05:45:00+00:00,-345684,4260.223
46411,2011-03-07T06:00:00+00:00,-344784,4260.298
46411,2011-03-07T06:15:00+00:00,-343884,4260.371
46411,2011-03-07T06:30:00+00:00,-342984,4260.440
46411,2011-03-07T06:45:00+00:00,-342084,4260.505
46411,2011-03-07T07:00:00+00:00,-341184,4260.563
46411,2011-03-07T07:15:00+00:00,-340284,4260.612
46411,2011-03-07T07:30:00+00:00,-339384,4260.655
46411,2011-03-07T07:45:00+00:00,-338484,4260.692
46411,2011-03-07T08:00:00+00:00,-337584,4260.719
46411,2011-03-07T08:15:00+00:00,-336684,4260.735
46411,2011-03-07T08:30:00+00:00,-335784,4260.746
46411,2011-03-07T08:45:00+00:00,-334884,4260.748
46411,2011-03-07T09:00:00+00:00,-333984,4260.735
46411,2011-03-07T09:15:00+00:00,-333084,4260.715
46411,2011-03-07T09:30:00+00:00,-332184,4260.687
46411,2011-03-07T09:45:00+00:00,-331284,4260.648
46411,2011-03-07T10:00:00+00:00,-330384,4260.602
46411,2011-03-07T10:15:00+00:00,-329484,4260.548
46411,2011-03-07T10:30:00+00:00,-328584,4260.486
46411,2011-03-07T10:45:00+00:00,-327684,4260.419
46411,2011-03-07T11:00:00+00:00,-326784,4260.351
46411,2011-03-07T11:15:00+00:00,-325884,4260.274
46411,2011-03-07T11:30:00+00:00,-324984,4260.197
46411,2011-03-07T11:45:00+00:00,-324084,4260.121
46411,2011-03-07T12:00:00+00:00,-323184,4260.042
46411,2011-03-07T12:15:00+00:00,-322284,4259.965
46411,2011-03-07T12:30:00+00:00,-321384,4259.893
46411,2011-03-07T12:45:00+00:00,-320484,4259.822
46411,2011-03-07T13:00:00+00:00,-319584,4259.756
46411,2011-03-07T13:15:00+00:00,-318684,4259.692
46411,2011-03-07T13:30:00+00:00,-317784,4259.639
46411,2011-03-07T13:45:00+00:00,-316884,4259.590
46411,2011-03-07T14:00:00+00:00,-315984,4259.550
46411,2011-03-07T14:15:00+00:00,-315084,4259.517
46411,2011-03-07T14:30:00+00:00,-314184,4259.495
46411,2011-03-07T14:45:00+00:00,-313284,4259.480
46411,2011-03-07T15:00:00+00:00,-312384,4259.476
46411,2011-03-07T15:15:00+00:00,-311484,4259.481
46411,2011-03-07T15:30:00+00:00,-310584,4259.496
46411,2011-03-07T15:45:00+00:00,-309684,4259.520
46411,2011-03-07T16:00:00+00:00,-308784,4259.551
46411,2011-03-07T16:15:00+00:00,-307884,4259.590
46411,2011-03-07T16:30:00+00:00,-306984,4259.638
46411,2011-03-07T16:45:00+00:00,-306084,4259.689
46411,2011-03-07T17:00:00+00:00,-305184,4259.748
46411,2011-03-07T17:15:00+00:00,-304284,4259.808
46411,2011-03-07T17:30:00+00:00,-303384,4259.872
46411,2011-03-07T17:45:00+00:00,-302484,4259.940
46411,2011-03-07T18:00:00+00:00,-301584,4260.006
46411,2011-03-07T18:15:00+00:00,-300684,4260.075
46411,2011-03-07T18:30:00+00:00,-299784,4260.142
46411,2011-03-07T18:45:00+00:00,-298884,4260.208
46411,2011-03-07T19:00:00+00:00,-297984,4260.270
46411,2011-03-07T19:15:00+00:00,-297084,4260.326
46411,2011-03-07T19:30:00+00:00,-296184,4260.378
46411,2011-03-07T19:45:00+00:00,-295284,4260.423
46411,2011-03-07T20:00:00+00:00,-294384,4260.462
46411,2011-03-07T20:15:00+00:00,-293484,4260.493
46411,2011-03-07T20:30:00+00:00,-292584,4260.515
46411,2011-03-07T20:45:00+00:00,-291684,4260.529
46411,2011-03-07T21:00:00+00:00,-290784,4260.534
46411,2011-03-07T21:15:00+00:00,-289884,4260.531
46411,2011-03-07T21:30:00+00:00,-288984,4260.520
46411,2011-03-07T21:45:00+00:00,-288084,4260.501
46411,2011-03-07T22:00:00+00:00,-287184,4260.477
46411,2011-03-07T22:15:00+00:00,-286284,4260.444
46411,2011-03-07T22:30:00+00:00,-285384,4260.401
46411,2011-03-07T22:45:00+00:00,-284484,4260.357
46411,2011-03-07T23:00:00+00:00,-283584,4260.307
46411,2011-03-07T23:15:00+00:00,-282684,4260.251
46411,2011-03-07T23:30:00+00:00,-281784,4260.194
46411,2011-03-07T23:45:00+00:00,-280884,4260.136
46411,2011-03-08T00:00:00+00:00,-279984,4260.076
46411,2011-03-08T00:15:00+00:00,-279084,4260.016
46411,2011-03-08T00:30:00+00:00,-278184,4259.956
46411,2011-03-08T00:45:00+00:00,-277284,4259.899
46411,2011-03-08T01:00:00+00:00,-276384,4259.847
46411,2011-03-08T01:15:00+00:00,-275484,4259.799
46411,2011-03-08T01:30:00+00:00,-274584,4259.757
46411,2011-03-08T01:45:00+00:00,-273684,4259.720
46411,2011-03-08T02:00:00+00:00,-272784,4259.691
46411,2011-03-08T02:15:00+00:00,-271884,4259.670
46411,2011-03-08T02:30:00+00:00,-270984,4259.657
46411,2011-03-08T02:45:00+00:00,-270084,4259.650
46411,2011-03-08T03:00:00+00:00,-269184,4259.655
46411,2011-03-08T03:15:00+00:00,-268284,4259.666
46411,2011-03-08T03:30:00+00:00,-267384,4259.685
46411,2011-03-08T03:45:00+00:00,-266484,4259.714
46411,2011-03-08T04:00:00+00:00,-265584,4259.750
46411,2011-03-08T04:15:00+00:00,-264684,4259.791
46411,2011-03-08T04:30:00+00:00,-263784,4259.839
46411,2011-03-08T04:45:00+00:00,-262884,4259.895
46411,2011-03-08T05:00:00+00:00,-261984,4259.957
46411,2011-03-08T05:15:00+00:00,-261084,4260.026
46411,2011-03-08T05:30:00+00:00,-260184,4260.093
46411,2011-03-08T05:45:00+00:00,-259284,4260.164
46411,2011-03-08T06:00:00+00:00,-258384,4260.234
46411,2011-03-08T06:15:00+00:00,-257484,4260.307
46411,2011-03-08T06:30:00+00:00,-256584,4260.375
46411,2011-03-08T06:45:00+00:00,-255684,4260.442
46411,2011-03-08T07:00:00+00:00,-254784,4260.506
46411,2011-03-08T07:15:00+00:00,-253884,4260.564
46411,2011-03-08T07:30:00+00:00,-252984,4260.619
46411,2011-03-08T07:45:00+00:00,-252084,4260.666
46411,2011-03-08T08:00:00+00:00,-251184,4260.706
46411,2011-03-08T08:15:00+00:00,-250284,4260.740
46411,2011-03-08T08:30:00+00:00,-249384,4260.764
46411,2011-03-08T08:45:00+00:00,-248484,4260.779
46411,2011-03-08T09:00:00+00:00,-247584,4260.787
46411,2011-03-08T09:15:00+00:00,-246684,4260.784
46411,2011-03-08T09:30:00+00:00,-245784,4260.772
46411,2011-03-08T09:45:00+00:00,-244884,4260.750
46411,2011-03-08T10:00:00+00:00,-243984,4260.721
46411,2011-03-08T10:15:00+00:00,-243084,4260.682
46411,2011-03-08T10:30:00+00:00,-242184,4260.634
46411,2011-03-08T10:45:00+00:00,-241284,4260.581
46411,2011-03-08T11:00:00+00:00,-240384,4260.515
46411,2011-03-08T11:15:00+00:00,-239484,4260.448
46411,2011-03-08T11:30:00+00:00,-238584,4260.377
46411,2011-03-08T11:45:00+00:00,-237684,4260.304
46411,2011-03-08T12:00:00+00:00,-236784,4260.225
46411,2011-03-08T12:15:00+00:00,-235884,4260.146
46411,2011-03-08T12:30:00+00:00,-234984,4260.066
46411,2011-03-08T12:45:00+00:00,-234084,4259.986
46411,2011-03-08T13:00:00+00:00,-233184,4259.909
46411,2011-03-08T13:15:00+00:00,-232284,4259.835
46411,2011-03-08T13:30:00+00:00,-231384,4259.768
46411,2011-03-08T13:45:00+00:00,-230484,4259.703
46411,2011-03-08T14:00:00+00:00,-229584,4259.646
46411,2011-03-08T14:15:00+00:00,-228684,4259.593
46411,2011-03-08T14:30:00+00:00,-227784,4259.549
46411,2011-03-08T14:45:00+00:00,-226884,4259.513
46411,2011-03-08T15:00:00+00:00,-225984,4259.486
46411,2011-03-08T15:15:00+00:00,-225084,4259.468
46411,2011-03-08T15:30:00+00:00,-224184,4259.457
46411,2011-03-08T15:45:00+00:00,-223284,4259.456
46411,2011-03-08T16:00:00+00:00,-222384,4259.464
46411,2011-03-08T16:15:00+00:00,-221484,4259.480
46411,2011-03-08T16:30:00+00:00,-220584,4259.504
46411,2011-03-08T16:45:00+00:00,-219684,4259.535
46411,2011-03-08T17:00:00+00:00,-218784,4259.575
46411,2011-03-08T17:15:00+00:00,-217884,4259.621
46411,2011-03-08T17:30:00+00:00,-216984,4259.673
46411,2011-03-08T17:45:00+00:00,-216084,4259.728
46411,2011-03-08T18:00:00+00:00,-215184,4259.788
46411,2011-03-08T18:15:00+00:00,-214284,4259.850
46411,2011-03-08T18:30:00+00:00,-213384,4259.912
46411,2011-03-08T18:45:00+00:00,-212484,4259.975
46411,2011-03-08T19:00:00+00:00,-211584,4260.039
46411,2011-03-08T19:15:00+00:00,-210684,4260.100
46411,2011-03-08T19:30:00+00:00,-209784,4260.159
46411,2011-03-08T19:45:00+00:00,-208884,4260.215
46411,2011-03-08T20:00:00+00:00,-207984,4260.266
46411,2011-03-08T20:15:00+00:00,-207084,4260.312
46411,2011-03-08T20:30:00+00:00,-206184,4260.351
46411,2011-03-08T20:45:00+00:00,-205284,4260.383
46411,2011-03-08T21:00:00+00:00,-204384,4260.408
46411,2011-03-08T21:15:00+00:00,-203484,4260.426
46411,2011-03-08T21:30:00+00:00,-202584,4260.438
46411,2011-03-08T21:45:00+00:00,-201684,4260.444
46411,2011-03-08T22:00:00+00:00,-200784,4260.440
46411,2011-03-08T22:15:00+00:00,-199884,4260.428
46411,2011-03-08T22:30:00+00:00,-198984,4260.412
46411,2011-03-08T22:45:00+00:00,-198084,4260.389
46411,2011-03-08T23:00:00+00:00,-197184,4260.362
46411,2011-03-08T23:15:00+00:00,-196284,4260.329
46411,2011-03-08T23:30:00+00:00,-195384,4260.291
46411,2011-03-08T23:45:00+00:00,-194484,4260.251
46411,2011-03-09T00:00:00+00:00,-193584,4260.206
46411,2011-03-09T00:15:00+00:00,-192684,4260.158
46411,2011-03-09T00:30:00+00:00,-191784,4260.111
46411,2011-03-09T00:45:00+00:00,-190884,4260.060
46411,2011-03-09T01:00:00+00:00,-189984,4260.013
46411,2011-03-09T01:15:00+00:00,-189084,4259.968
46411,2011-03-09T01:30:00+00:00,-188184,4259.928
46411,2011-03-09T01:45:00+00:00,-187284,4259.891
46411,2011-03-09T02:00:00+00:00,-186384,4259.858
46411,2011-03-09T02:15:00+00:00,-185484,4259.828
46411,2011-03-09T02:30:00+00:00,-184584,4259.805
46411,2011-03-09T02:45:00+00:00,-183684,4259.787
46411,2011-03-09T03:00:00+00:00,-182784,4259.778
46411,2011-03-09T03:15:00+00:00,-181884,4259.775
46411,2011-03-09T03:30:00+00:00,-180984,4259.781
46411,2011-03-09T03:45:00+00:00,-180084,4259.790
46411,2011-03-09T04:00:00+00:00,-179184,4259.809
46411,2011-03-09T04:15:00+00:00,-178284,4259.833
46411,2011-03-09T04:30:00+00:00,-177384,4259.868
46411,2011-03-09T04:45:00+00:00,-176484,4259.910
46411,2011-03-09T05:00:00+00:00,-175584,4259.957
46411,2011-03-09T05:15:00+00:00,-174684,4260.010
46411,2011-03-09T05:30:00+00:00,-173784,4260.066
46411,2011-03-09T05:45:00+00:00,-172884,4260.124
46411,2011-03-09T06:00:00+00:00,-171984,4260.185
46411,2011-03-09T06:15:00+00:00,-171084,4260.247
46411,2011-03-09T06:30:00+00:00,-170184,4260.312
46411,2011-03-09T06:45:00+00:00,-169284,4260.376
46411,2011-03-09T07:00:00+00:00,-168384,4260.439
46411,2011-03-09T07:15:00+00:00,-167484,4260.500
46411,2011-03-09T07:30:00+00:00,-166584,4260.558
46411,2011-03-09T07:45:00+00:00,-165684,4260.613
46411,2011-03-09T08:00:00+00:00,-164784,4260.661
46411,2011-03-09T08:15:00+00:00,-163884,4260.705
46411,2011-03-09T08:30:00+00:00,-162984,4260.741
46411,2011-03-09T08:45:00+00:00,-162084,4260.770
46411,2011-03-09T09:00:00+00:00,-161184,4260.792
46411,2011-03-09T09:15:00+00:00,-160284,4260.803
46411,2011-03-09T09:30:00+00:00,-159384,4260.808
46411,2011-03-09T09:45:00+00:00,-158484,4260.803
46411,2011-03-09T10:00:00+00:00,-157584,4260.789
46411,2011-03-09T10:15:00+00:00,-156684,4260.765
46411,2011-03-09T10:30:00+00:00,-155784,4260.733
46411,2011-03-09T10:45:00+00:00,-154884,4260.692
46411,2011-03-09T11:00:00+00:00,-153984,4260.646
46411,2011-03-09T11:15:00+00:00,-153084,4260.590
46411,2011-03-09T11:30:00+00:00,-152184,4260.528
46411,2011-03-09T11:45:00+00:00,-151284,4260.462
46411,2011-03-09T12:00:00+00:00,-150384,4260.389
46411,2011-03-09T12:15:00+00:00,-149484,4260.314
46411,2011-03-09T12:30:00+00:00,-148584,4260.241
46411,2011-03-09T12:45:00+00:00,-147684,4260.163
46411,2011-03-09T13:00:00+00:00,-146784,4260.085
46411,2011-03-09T13:15:00+00:00,-145884,4260.010
46411,2011-03-09T13:30:00+00:00,-144984,4259.935
46411,2011-03-09T13:45:00+00:00,-144084,4259.861
46411,2011-03-09T14:00:00+00:00,-143184,4259.792
46411,2011-03-09T14:15:00+00:00,-142284,4259.726
46411,2011-03-09T14:30:00+00:00,-141384,4259.664
46411,2011-03-09T14:45:00+00:00,-140484,4259.607
46411,2011-03-09T15:00:00+00:00,-139584,4259.557
46411,2011-03-09T15:15:00+00:00,-138684,4259.518
46411,2011-03-09T15:30:00+00:00,-137784,4259.486
46411,2011-03-09T15:45:00+00:00,-136884,4259.464
46411,2011-03-09T16:00:00+00:00,-135984,4259.449
46411,2011-03-09T16:15:00+00:00,-135084,4259.442
46411,2011-03-09T16:30:00+00:00,-134184,4259.439
46411,2011-03-09T16:45:00+00:00,-133284,4259.444
46411,2011-03-09T17:00:00+00:00,-132384,4259.461
46411,2011-03-09T17:15:00+00:00,-131484,4259.485
46411,2011-03-09T17:30:00+00:00,-130584,4259.512
46411,2011-03-09T17:45:00+00:00,-129684,4259.549
46411,2011-03-09T18:00:00+00:00,-128784,4259.589
46411,2011-03-09T18:15:00+00:00,-127884,4259.635
46411,2011-03-09T18:30:00+00:00,-126984,4259.684
46411,2011-03-09T18:45:00+00:00,-126084,4259.739
46411,2011-03-09T19:00:00+00:00,-125184,4259.796
46411,2011-03-09T19:15:00+00:00,-124284,4259.850
46411,2011-03-09T19:30:00+00:00,-123384,4259.908
46411,2011-03-09T19:45:00+00:00,-122484,4259.966
46411,2011-03-09T20:00:00+00:00,-121584,4260.024
46411,2011-03-09T20:15:00+00:00,-120684,4260.077
46411,2011-03-09T20:30:00+00:00,-119784,4260.130
46411,2011-03-09T20:45:00+00:00,-118884,4260.176
46411,2011-03-09T21:00:00+00:00,-117984,4260.218
46411,2011-03-09T21:15:00+00:00,-117084,4260.256
46411,2011-03-09T21:30:00+00:00,-116184,4260.284
46411,2011-03-09T21:45:00+00:00,-115284,4260.312
46411,2011-03-09T22:00:00+00:00,-114384,4260.331
46411,2011-03-09T22:15:00+00:00,-113484,4260.346
46411,2011-03-09T22:30:00+00:00,-112584,4260.355
46411,2011-03-09T22:45:00+00:00,-111684,4260.357
46411,2011-03-09T23:00:00+00:00,-110784,4260.352
46411,2011-03-09T23:15:00+00:00,-109884,4260.341
46411,2011-03-09T23:30:00+00:00,-108984,4260.323
46411,2011-03-09T23:45:00+00:00,-108084,4260.302
46411,2011-03-10T00:00:00+00:00,-107184,4260.277
46411,2011-03-10T00:15:00+00:00,-106284,4260.247
46411,2011-03-10T00:30:00+00:00,-105384,4260.214
46411,2011-03-10T00:45:00+00:00,-104484,4260.181
46411,2011-03-10T01:00:00+00:00,-103584,4260.144
46411,2011-03-10T01:15:00+00:00,-102684,4260.105
46411,2011-03-10T01:30:00+00:00,-101784,4260.069
46411,2011-03-10T01:45:00+00:00,-100884,4260.036
46411,2011-03-10T02:00:00+00:00,-99984,4260.001
46411,2011-03-10T02:15:00+00:00,-99084,4259.969
46411,2011-03-10T02:30:00+00:00,-98184,4259.943
46411,2011-03-10T02:45:00+00:00,-97284,4259.917
46411,2011-03-10T03:00:00+00:00,-96384,4259.897
46411,2011-03-10T03:15:00+00:00,-95484,4259.882
46411,2011-03-10T03:30:00+00:00,-94584,4259.877
46411,2011-03-10T03:45:00+00:00,-93684,4259.876
46411,2011-03-10T04:00:00+00:00,-92784,4259.879
46411,2011-03-10T04:15:00+00:00,-91884,4259.889
46411,2011-03-10T04:30:00+00:00,-90984,4259.907
46411,2011-03-10T04:45:00+00:00,-90084,4259.929
46411,2011-03-10T05:00:00+00:00,-89184,4259.957
46411,2011-03-10T05:15:00+00:00,-88284,4259.994
46411,2011-03-10T05:30:00+00:00,-87384,4260.034
46411,2011-03-10T05:45:00+00:00,-86484,4260.080
46411,2011-03-10T06:00:00+00:00,-85584,4260.127
46411,2011-03-10T06:15:00+00:00,-84684,4260.180
46411,2011-03-10T06:30:00+00:00,-83784,4260.235
46411,2011-03-10T06:45:00+00:00,-82884,4260.292
46411,2011-03-10T07:00:00+00:00,-81984,4260.349
46411,2011-03-10T07:15:00+00:00,-81084,4260.404
46411,2011-03-10T07:30:00+00:00,-80184,4260.463
46411,2011-03-10T07:45:00+00:00,-79284,4260.514
46411,2011-03-10T08:00:00+00:00,-78384,4260.565
46411,2011-03-10T08:15:00+00:00,-77484,4260.613
46411,2011-03-10T08:30:00+00:00,-76584,4260.657
46411,2011-03-10T08:45:00+00:00,-75684,4260.694
46411,2011-03-10T09:00:00+00:00,-74784,4260.728
46411,2011-03-10T09:15:00+00:00,-73884,4260.759
46411,2011-03-10T09:30:00+00:00,-72984,4260.779
46411,2011-03-10T09:45:00+00:00,-72084,4260.793
46411,2011-03-10T10:00:00+00:00,-71184,4260.798
46411,2011-03-10T10:15:00+00:00,-70284,4260.794
46411,2011-03-10T10:30:00+00:00,-69384,4260.783
46411,2011-03-10T10:45:00+00:00,-68484,4260.762
46411,2011-03-10T11:00:00+00:00,-67584,4260.734
46411,2011-03-10T11:15:00+00:00,-66684,4260.699
46411,2011-03-10T11:30:00+00:00,-65784,4260.658
46411,2011-03-10T11:45:00+00:00,-64884,4260.612
46411,2011-03-10T12:00:00+00:00,-63984,4260.559
46411,2011-03-10T12:15:00+00:00,-63084,4260.501
46411,2011-03-10T12:30:00+00:00,-62184,4260.439
46411,2011-03-10T12:45:00+00:00,-61284,4260.373
46411,2011-03-10T13:00:00+00:00,-60384,4260.300
46411,2011-03-10T13:15:00+00:00,-59484,4260.228
46411,2011-03-10T13:30:00+00:00,-58584,4260.155
46411,2011-03-10T13:45:00+00:00,-57684,4260.080
46411,2011-03-10T14:00:00+00:00,-56784,4260.001
46411,2011-03-10T14:15:00+00:00,-55884,4259.926
46411,2011-03-10T14:30:00+00:00,-54984,4259.855
46411,2011-03-10T14:45:00+00:00,-54084,4259.787
46411,2011-03-10T15:00:00+00:00,-53184,4259.723
46411,2011-03-10T15:15:00+00:00,-52284,4259.663
46411,2011-03-10T15:30:00+00:00,-51384,4259.610
46411,2011-03-10T15:45:00+00:00,-50484,4259.563
46411,2011-03-10T16:00:00+00:00,-49584,4259.518
46411,2011-03-10T16:15:00+00:00,-48684,4259.486
46411,2011-03-10T16:30:00+00:00,-47784,4259.460
46411,2011-03-10T16:45:00+00:00,-46884,4259.443
46411,2011-03-10T17:00:00+00:00,-45984,4259.432
46411,2011-03-10T17:15:00+00:00,-45084,4259.428
46411,2011-03-10T17:30:00+00:00,-44184,4259.432
46411,2011-03-10T17:45:00+00:00,-43284,4259.441
46411,2011-03-10T18:00:00+00:00,-42384,4259.460
46411,2011-03-10T18:15:00+00:00,-41484,4259.484
46411,2011-03-10T18:30:00+00:00,-40584,4259.514
46411,2011-03-10T18:45:00+00:00,-39684,4259.553
46411,2011-03-10T19:00:00+00:00,-38784,4259.592
46411,2011-03-10T19:15:00+00:00,-37884,4259.637
46411,2011-03-10T19:30:00+00:00,-36984,4259.686
46411,2011-03-10T19:45:00+00:00,-36084,4259.737
46411,2011-03-10T20:00:00+00:00,-35184,4259.787
46411,2011-03-10T20:15:00+00:00,-34284,4259.839
46411,2011-03-10T20:30:00+00:00,-33384,4259.890
46411,2011-03-10T20:45:00+00:00,-32484,4259.941
46411,2011-03-10T21:00:00+00:00,-31584,4259.989
46411,2011-03-10T21:15:00+00:00,-30684,4260.039
46411,2011-03-10T21:30:00+00:00,-29784,4260.081
46411,2011-03-10T21:45:00+00:00,-28884,4260.119
46411,2011-03-10T22:00:00+00:00,-27984,4260.158
46411,2011-03-10T22:15:00+00:00,-27084,4260.191
46411,2011-03-10T22:30:00+00:00,-26184,4260.221
46411,2011-03-10T22:45:00+00:00,-25284,4260.243
46411,2011-03-10T23:00:00+00:00,-24384,4260.260
46411,2011-03-10T23:15:00+00:00,-23484,4260.271
46411,2011-03-10T23:30:00+00:00,-22584,4260.275
46411,2011-03-10T23:45:00+00:00,-21684,4260.272
46411,2011-03-11T00:00:00+00:00,-20784,4260.268
46411,2011-03-11T00:15:00+00:00,-19884,4260.256
46411,2011-03-11T00:30:00+00:00,-18984,4260.240
46411,2011-03-11T00:45:00+00:00,-18084,4260.227
46411,2011-03-11T01:00:00+00:00,-17184,4260.205
46411,2011-03-11T01:15:00+00:00,-16284,4260.185
46411,2011-03-11T01:30:00+00:00,-15384,4260.162
46411,2011-03-11T01:45:00+00:00,-14484,4260.140
46411,2011-03-11T02:00:00+00:00,-13584,4260.112
46411,2011-03-11T02:15:00+00:00,-12684,4260.087
46411,2011-03-11T02:30:00+00:00,-11784,4260.065
46411,2011-03-11T02:45:00+00:00,-10884,4260.041
46411,2011-03-11T03:00:00+00:00,-9984,4260.020
46411,2011-03-11T03:15:00+00:00,-9084,4260.000
46411,2011-03-11T03:30:00+00:00,-8184,4259.987
46411,2011-03-11T03:45:00+00:00,-7284,4259.974
46411,2011-03-11T04:00:00+00:00,-6384,4259.971
46411,2011-03-11T04:15:00+00:00,-5484,4259.969
46411,2011-03-11T04:30:00+00:00,-4584,4259.971
46411,2011-03-11T04:45:00+00:00,-3684,4259.981
