station_id,timestamp_utc,seconds_from_origin,height_m
46402,2011-02-09T06:00:00+00:00,-2591184,4719.021
46402,2011-02-09T06:15:00+00:00,-2590284,4718.992
46402,2011-02-09T06:30:00+00:00,-2589384,4718.970
46402,2011-02-09T06:45:00+00:00,-2588484,4718.950
46402,2011-02-09T07:00:00+00:00,-2587584,4718.935
46402,2011-02-09T07:15:00+00:00,-2586684,4718.926
46402,2011-02-09T07:30:00+00:00,-2585784,4718.916
46402,2011-02-09T07:45:00+00:00,-2584884,4718.916
46402,2011-02-09T08:00:00+00:00,-2583984,4718.923
46402,2011-02-09T08:15:00+00:00,-2583084,4718.935
46402,2011-02-09T08:30:00+00:00,-2582184,4718.955
46402,2011-02-09T08:45:00+00:00,-2581284,4718.978
46402,2011-02-09T09:00:00+00:00,-2580384,4719.006
46402,2011-02-09T09:15:00+00:00,-2579484,4719.041
46402,2011-02-09T09:30:00+00:00,-2578584,4719.078
46402,2011-02-09T09:45:00+00:00,-2577684,4719.121
46402,2011-02-09T10:00:00+00:00,-2576784,4719.170
46402,2011-02-09T10:15:00+00:00,-2575884,4719.220
46402,2011-02-09T10:30:00+00:00,-2574984,4719.275
46402,2011-02-09T10:45:00+00:00,-2574084,4719.328
46402,2011-02-09T11:00:00+00:00,-2573184,4719.383
46402,2011-02-09T11:15:00+00:00,-2572284,4719.435
46402,2011-02-09T11:30:00+00:00,-2571384,4719.492
46402,2011-02-09T11:45:00+00:00,-2570484,4719.548
46402,2011-02-09T12:00:00+00:00,-2569584,4719.603
46402,2011-02-09T12:15:00+00:00,-2568684,4719.653
46402,2011-02-09T12:30:00+00:00,-2567784,4719.701
46402,2011-02-09T12:45:00+00:00,-2566884,4719.743
46402,2011-02-09T13:00:00+00:00,-2565984,4719.781
46402,2011-02-09T13:15:00+00:00,-2565084,4719.816
46402,2011-02-09T13:30:00+00:00,-2564184,4719.840
46402,2011-02-09T13:45:00+00:00,-2563284,4719.862
46402,2011-02-09T14:00:00+00:00,-2562384,4719.874
46402,2011-02-09T14:15:00+00:00,-2561484,4719.883
46402,2011-02-09T14:30:00+00:00,-2560584,4719.885
46402,2011-02-09T14:45:00+00:00,-2559684,4719.877
46402,2011-02-09T15:00:00+00:00,-2558784,4719.867
46402,2011-02-09T15:15:00+00:00,-2557884,4719.846
46402,2011-02-09T15:30:00+00:00,-2556984,4719.823
46402,2011-02-09T15:45:00+00:00,-2556084,4719.793
46402,2011-02-09T16:00:00+00:00,-2555184,4719.757
46402,2011-02-09T16:15:00+00:00,-2554284,4719.719
46402,2011-02-09T16:30:00+00:00,-2553384,4719.671
46402,2011-02-09T16:45:00+00:00,-2552484,4719.623
46402,2011-02-09T17:00:00+00:00,-2551584,4719.570
46402,2011-02-09T17:15:00+00:00,-2550684,4719.513
46402,2011-02-09T17:30:00+00:00,-2549784,4719.458
46402,2011-02-09T17:45:00+00:00,-2548884,4719.402
46402,2011-02-09T18:00:00+00:00,-2547984,4719.345
46402,2011-02-09T18:15:00+00:00,-2547084,4719.292
46402,2011-02-09T18:30:00+00:00,-2546184,4719.242
46402,2011-02-09T18:45:00+00:00,-2545284,4719.189
46402,2011-02-09T19:00:00+00:00,-2544384,4719.140
46402,2011-02-09T19:15:00+00:00,-2543484,4719.096
46402,2011-02-09T19:30:00+00:00,-2542584,4719.053
46402,2011-02-09T19:45:00+00:00,-2541684,4719.012
46402,2011-02-09T20:00:00+00:00,-2540784,4718.977
46402,2011-02-09T20:15:00+00:00,-2539884,4718.942
46402,2011-02-09T20:30:00+00:00,-2538984,4718.919
46402,2011-02-09T20:45:00+00:00,-2538084,4718.899
46402,2011-02-09T21:00:00+00:00,-2537184,4718.885
46402,2011-02-09T21:15:00+00:00,-2536284,4718.877
46402,2011-02-09T21:30:00+00:00,-2535384,4718.873
46402,2011-02-09T21:45:00+00:00,-2534484,4718.872
46402,2011-02-09T22:00:00+00:00,-2533584,4718.877
46402,2011-02-09T22:15:00+00:00,-2532684,4718.889
46402,2011-02-09T22:30:00+00:00,-2531784,4718.899
46402,2011-02-09T22:45:00+00:00,-2530884,4718.915
46402,2011-02-09T23:00:00+00:00,-2529984,4718.936
46402,2011-02-09T23:15:00+00:00,-2529084,4718.960
46402,2011-02-09T23:30:00+00:00,-2528184,4718.981
46402,2011-02-09T23:45:00+00:00,-2527284,4719.008
46402,2011-02-10T00:00:00+00:00,-2526384,4719.037
46402,2011-02-10T00:15:00+00:00,-2525484,4719.066
46402,2011-02-10T00:30:00+00:00,-2524584,4719.090
46402,2011-02-10T00:45:00+00:00,-2523684,4719.118
46402,2011-02-10T01:00:00+00:00,-2522784,4719.144
46402,2011-02-10T01:15:00+00:00,-2521884,4719.168
46402,2011-02-10T01:30:00+00:00,-2520984,4719.194
46402,2011-02-10T01:45:00+00:00,-2520084,4719.212
46402,2011-02-10T02:00:00+00:00,-2519184,4719.232
46402,2011-02-10T02:15:00+00:00,-2518284,4719.246
46402,2011-02-10T02:30:00+00:00,-2517384,4719.257
46402,2011-02-10T02:45:00+00:00,-2516484,4719.264
46402,2011-02-10T03:00:00+00:00,-2515584,4719.267
46402,2011-02-10T03:15:00+00:00,-2514684,4719.269
46402,2011-02-10T03:30:00+00:00,-2513784,4719.268
46402,2011-02-10T03:45:00+00:00,-2512884,4719.261
46402,2011-02-10T04:00:00+00:00,-2511984,4719.251
46402,2011-02-10T04:15:00+00:00,-2511084,4719.242
46402,2011-02-10T04:30:00+00:00,-2510184,4719.228
46402,2011-02-10T04:45:00+00:00,-2509284,4719.213
46402,2011-02-10T05:00:00+00:00,-2508384,4719.196
46402,2011-02-10T05:15:00+00:00,-2507484,4719.177
46402,2011-02-10T05:30:00+00:00,-2506584,4719.156
46402,2011-02-10T05:45:00+00:00,-2505684,4719.136
46402,2011-02-10T06:00:00+00:00,-2504784,4719.116
46402,2011-02-10T06:15:00+00:00,-2503884,4719.097
46402,2011-02-10T06:30:00+00:00,-2502984,4719.081
46402,2011-02-10T06:45:00+00:00,-2502084,4719.064
46402,2011-02-10T07:00:00+00:00,-2501184,4719.052
46402,2011-02-10T07:15:00+00:00,-2500284,4719.042
46402,2011-02-10T07:30:00+00:00,-2499384,4719.037
46402,2011-02-10T07:45:00+00:00,-2498484,4719.032
46402,2011-02-10T08:00:00+00:00,-2497584,4719.034
46402,2011-02-10T08:15:00+00:00,-2496684,4719.043
46402,2011-02-10T08:30:00+00:00,-2495784,4719.053
46402,2011-02-10T08:45:00+00:00,-2494884,4719.068
46402,2011-02-10T09:00:00+00:00,-2493984,4719.086
46402,2011-02-10T09:15:00+00:00,-2493084,4719.109
46402,2011-02-10T09:30:00+00:00,-2492184,4719.134
46402,2011-02-10T09:45:00+00:00,-2491284,4719.165
46402,2011-02-10T10:00:00+00:00,-2490384,4719.197
46402,2011-02-10T10:15:00+00:00,-2489484,4719.234
46402,2011-02-10T10:30:00+00:00,-2488584,4719.275
46402,2011-02-10T10:45:00+00:00,-2487684,4719.319
46402,2011-02-10T11:00:00+00:00,-2486784,4719.361
46402,2011-02-10T11:15:00+00:00,-2485884,4719.407
46402,2011-02-10T11:30:00+00:00,-2484984,4719.455
46402,2011-02-10T11:45:00+00:00,-2484084,4719.504
46402,2011-02-10T12:00:00+00:00,-2483184,4719.552
46402,2011-02-10T12:15:00+00:00,-2482284,4719.597
46402,2011-02-10T12:30:00+00:00,-2481384,4719.646
46402,2011-02-10T12:45:00+00:00,-2480484,4719.689
46402,2011-02-10T13:00:00+00:00,-2479584,4719.728
46402,2011-02-10T13:15:00+00:00,-2478684,4719.765
46402,2011-02-10T13:30:00+00:00,-2477784,4719.796
46402,2011-02-10T13:45:00+00:00,-2476884,4719.821
46402,2011-02-10T14:00:00+00:00,-2475984,4719.846
46402,2011-02-10T14:15:00+00:00,-2475084,4719.863
46402,2011-02-10T14:30:00+00:00,-2474184,4719.878
46402,2011-02-10T14:45:00+00:00,-2473284,4719.888
46402,2011-02-10T15:00:00+00:00,-2472384,4719.889
46402,2011-02-10T15:15:00+00:00,-2471484,4719.885
46402,2011-02-10T15:30:00+00:00,-2470584,4719.878
46402,2011-02-10T15:45:00+00:00,-2469684,4719.863
46402,2011-02-10T16:00:00+00:00,-2468784,4719.842
46402,2011-02-10T16:15:00+00:00,-2467884,4719.817
46402,2011-02-10T16:30:00+00:00,-2466984,4719.786
46402,2011-02-10T16:45:00+00:00,-2466084,4719.750
46402,2011-02-10T17:00:00+00:00,-2465184,4719.710
46402,2011-02-10T17:15:00+00:00,-2464284,4719.663
46402,2011-02-10T17:30:00+00:00,-2463384,4719.615
46402,2011-02-10T17:45:00+00:00,-2462484,4719.567
46402,2011-02-10T18:00:00+00:00,-2461584,4719.519
46402,2011-02-10T18:15:00+00:00,-2460684,4719.464
46402,2011-02-10T18:30:00+00:00,-2459784,4719.412
46402,2011-02-10T18:45:00+00:00,-2458884,4719.360
46402,2011-02-10T19:00:00+00:00,-2457984,4719.307
46402,2011-02-10T19:15:00+00:00,-2457084,4719.254
46402,2011-02-10T19:30:00+00:00,-2456184,4719.204
46402,2011-02-10T19:45:00+00:00,-2455284,4719.156
46402,2011-02-10T20:00:00+00:00,-2454384,4719.107
46402,2011-02-10T20:15:00+00:00,-2453484,4719.062
46402,2011-02-10T20:30:00+00:00,-2452584,4719.020
46402,2011-02-10T20:45:00+00:00,-2451684,4718.984
46402,2011-02-10T21:00:00+00:00,-2450784,4718.953
46402,2011-02-10T21:15:00+00:00,-2449884,4718.919
46402,2011-02-10T21:30:00+00:00,-2448984,4718.897
46402,2011-02-10T21:45:00+00:00,-2448084,4718.877
46402,2011-02-10T22:00:00+00:00,-2447184,4718.862
46402,2011-02-10T22:15:00+00:00,-2446284,4718.850
46402,2011-02-10T22:30:00+00:00,-2445384,4718.845
46402,2011-02-10T22:45:00+00:00,-2444484,4718.839
46402,2011-02-10T23:00:00+00:00,-2443584,4718.839
46402,2011-02-10T23:15:00+00:00,-2442684,4718.842
46402,2011-02-10T23:30:00+00:00,-2441784,4718.846
46402,2011-02-10T23:45:00+00:00,-2440884,4718.858
46402,2011-02-11T00:00:00+00:00,-2439984,4718.871
46402,2011-02-11T00:15:00+00:00,-2439084,4718.887
46402,2011-02-11T00:30:00+00:00,-2438184,4718.907
46402,2011-02-11T00:45:00+00:00,-2437284,4718.927
46402,2011-02-11T01:00:00+00:00,-2436384,4718.949
46402,2011-02-11T01:15:00+00:00,-2435484,4718.973
46402,2011-02-11T01:30:00+00:00,-2434584,4718.996
46402,2011-02-11T01:45:00+00:00,-2433684,4719.019
46402,2011-02-11T02:00:00+00:00,-2432784,4719.042
46402,2011-02-11T02:15:00+00:00,-2431884,4719.063
46402,2011-02-11T02:30:00+00:00,-2430984,4719.082
46402,2011-02-11T02:45:00+00:00,-2430084,4719.099
46402,2011-02-11T03:00:00+00:00,-2429184,4719.118
46402,2011-02-11T03:15:00+00:00,-2428284,4719.133
46402,2011-02-11T03:30:00+00:00,-2427384,4719.148
46402,2011-02-11T03:45:00+00:00,-2426484,4719.157
46402,2011-02-11T04:00:00+00:00,-2425584,4719.171
46402,2011-02-11T04:15:00+00:00,-2424684,4719.179
46402,2011-02-11T04:30:00+00:00,-2423784,4719.185
46402,2011-02-11T04:45:00+00:00,-2422884,4719.189
46402,2011-02-11T05:00:00+00:00,-2421984,4719.194
46402,2011-02-11T05:15:00+00:00,-2421084,4719.194
46402,2011-02-11T05:30:00+00:00,-2420184,4719.193
46402,2011-02-11T05:45:00+00:00,-2419284,4719.191
46402,2011-02-11T06:00:00+00:00,-2418384,4719.186
46402,2011-02-11T06:15:00+00:00,-2417484,4719.180
46402,2011-02-11T06:30:00+00:00,-2416584,4719.174
46402,2011-02-11T06:45:00+00:00,-2415684,4719.169
46402,2011-02-11T07:00:00+00:00,-2414784,4719.168
46402,2011-02-11T07:15:00+00:00,-2413884,4719.164
46402,2011-02-11T07:30:00+00:00,-2412984,4719.162
46402,2011-02-11T07:45:00+00:00,-2412084,4719.162
46402,2011-02-11T08:00:00+00:00,-2411184,4719.163
46402,2011-02-11T08:15:00+00:00,-2410284,4719.167
46402,2011-02-11T08:30:00+00:00,-2409384,4719.174
46402,2011-02-11T08:45:00+00:00,-2408484,4719.181
46402,2011-02-11T09:00:00+00:00,-2407584,4719.193
46402,2011-02-11T09:15:00+00:00,-2406684,4719.205
46402,2011-02-11T09:30:00+00:00,-2405784,4719.223
46402,2011-02-11T09:45:00+00:00,-2404884,4719.240
46402,2011-02-11T10:00:00+00:00,-2403984,4719.261
46402,2011-02-11T10:15:00+00:00,-2403084,4719.282
46402,2011-02-11T10:30:00+00:00,-2402184,4719.312
46402,2011-02-11T10:45:00+00:00,-2401284,4719.342
46402,2011-02-11T11:00:00+00:00,-2400384,4719.374
46402,2011-02-11T11:15:00+00:00,-2399484,4719.410
46402,2011-02-11T11:30:00+00:00,-2398584,4719.446
46402,2011-02-11T11:45:00+00:00,-2397684,4719.483
46402,2011-02-11T12:00:00+00:00,-2396784,4719.524
46402,2011-02-11T12:15:00+00:00,-2395884,4719.565
46402,2011-02-11T12:30:00+00:00,-2394984,4719.606
46402,2011-02-11T12:45:00+00:00,-2394084,4719.645
46402,2011-02-11T13:00:00+00:00,-2393184,4719.684
46402,2011-02-11T13:15:00+00:00,-2392284,4719.720
46402,2011-02-11T13:30:00+00:00,-2391384,4719.754
46402,2011-02-11T13:45:00+00:00,-2390484,4719.782
46402,2011-02-11T14:00:00+00:00,-2389584,4719.811
46402,2011-02-11T14:15:00+00:00,-2388684,4719.835
46402,2011-02-11T14:30:00+00:00,-2387784,4719.859
46402,2011-02-11T14:45:00+00:00,-2386884,4719.877
46402,2011-02-11T15:00:00+00:00,-2385984,4719.894
46402,2011-02-11T15:15:00+00:00,-2385084,4719.908
46402,2011-02-11T15:30:00+00:00,-2384184,4719.912
46402,2011-02-11T15:45:00+00:00,-2383284,4719.914
46402,2011-02-11T16:00:00+00:00,-2382384,4719.911
46402,2011-02-11T16:15:00+00:00,-2381484,4719.902
46402,2011-02-11T16:30:00+00:00,-2380584,4719.888
46402,2011-02-11T16:45:00+00:00,-2379684,4719.869
46402,2011-02-11T17:00:00+00:00,-2378784,4719.842
46402,2011-02-11T17:15:00+00:00,-2377884,4719.812
46402,2011-02-11T17:30:00+00:00,-2376984,4719.780
46402,2011-02-11T17:45:00+00:00,-2376084,4719.746
46402,2011-02-11T18:00:00+00:00,-2375184,4719.705
46402,2011-02-11T18:15:00+00:00,-2374284,4719.664
46402,2011-02-11T18:30:00+00:00,-2373384,4719.623
46402,2011-02-11T18:45:00+00:00,-2372484,4719.576
46402,2011-02-11T19:00:00+00:00,-2371584,4719.529
46402,2011-02-11T19:15:00+00:00,-2370684,4719.480
46402,2011-02-11T19:30:00+00:00,-2369784,4719.431
46402,2011-02-11T19:45:00+00:00,-2368884,4719.379
46402,2011-02-11T20:00:00+00:00,-2367984,4719.326
46402,2011-02-11T20:15:00+00:00,-2367084,4719.274
46402,2011-02-11T20:30:00+00:00,-2366184,4719.220
46402,2011-02-11T20:45:00+00:00,-2365284,4719.169
46402,2011-02-11T21:00:00+00:00,-2364384,4719.121
46402,2011-02-11T21:15:00+00:00,-2363484,4719.072
46402,2011-02-11T21:30:00+00:00,-2362584,4719.027
46402,2011-02-11T21:45:00+00:00,-2361684,4718.983
46402,2011-02-11T22:00:00+00:00,-2360784,4718.947
46402,2011-02-11T22:15:00+00:00,-2359884,4718.913
46402,2011-02-11T22:30:00+00:00,-2358984,4718.880
46402,2011-02-11T22:45:00+00:00,-2358084,4718.854
46402,2011-02-11T23:00:00+00:00,-2357184,4718.829
46402,2011-02-11T23:15:00+00:00,-2356284,4718.807
46402,2011-02-11T23:30:00+00:00,-2355384,4718.792
46402,2011-02-11T23:45:00+00:00,-2354484,4718.780
46402,2011-02-12T00:00:00+00:00,-2353584,4718.771
46402,2011-02-12T00:15:00+00:00,-2352684,4718.768
46402,2011-02-12T00:30:00+00:00,-2351784,4718.768
46402,2011-02-12T00:45:00+00:00,-2350884,4718.772
46402,2011-02-12T01:00:00+00:00,-2349984,4718.781
46402,2011-02-12T01:15:00+00:00,-2349084,4718.792
46402,2011-02-12T01:30:00+00:00,-2348184,4718.804
46402,2011-02-12T01:45:00+00:00,-2347284,4718.822
46402,2011-02-12T02:00:00+00:00,-2346384,4718.841
46402,2011-02-12T02:15:00+00:00,-2345484,4718.861
46402,2011-02-12T02:30:00+00:00,-2344584,4718.883
46402,2011-02-12T02:45:00+00:00,-2343684,4718.905
46402,2011-02-12T03:00:00+00:00,-2342784,4718.931
46402,2011-02-12T03:15:00+00:00,-2341884,4718.958
46402,2011-02-12T03:30:00+00:00,-2340984,4718.983
46402,2011-02-12T03:45:00+00:00,-2340084,4719.007
46402,2011-02-12T04:00:00+00:00,-2339184,4719.033
46402,2011-02-12T04:15:00+00:00,-2338284,4719.056
46402,2011-02-12T04:30:00+00:00,-2337384,4719.077
46402,2011-02-12T04:45:00+00:00,-2336484,4719.098
46402,2011-02-12T05:00:00+00:00,-2335584,4719.118
46402,2011-02-12T05:15:00+00:00,-2334684,4719.138
46402,2011-02-12T05:30:00+00:00,-2333784,4719.156
46402,2011-02-12T05:45:00+00:00,-2332884,4719.172
46402,2011-02-12T06:00:00+00:00,-2331984,4719.187
46402,2011-02-12T06:15:00+00:00,-2331084,4719.199
46402,2011-02-12T06:30:00+00:00,-2330184,4719.213
46402,2011-02-12T06:45:00+00:00,-2329284,4719.227
46402,2011-02-12T07:00:00+00:00,-2328384,4719.234
46402,2011-02-12T07:15:00+00:00,-2327484,4719.243
46402,2011-02-12T07:30:00+00:00,-2326584,4719.254
46402,2011-02-12T07:45:00+00:00,-2325684,4719.261
46402,2011-02-12T08:00:00+00:00,-2324784,4719.272
46402,2011-02-12T08:15:00+00:00,-2323884,4719.281
46402,2011-02-12T08:30:00+00:00,-2322984,4719.289
46402,2011-02-12T08:45:00+00:00,-2322084,4719.294
46402,2011-02-12T09:00:00+00:00,-2321184,4719.301
46402,2011-02-12T09:15:00+00:00,-2320284,4719.313
46402,2011-02-12T09:30:00+00:00,-2319384,4719.322
46402,2011-02-12T09:45:00+00:00,-2318484,4719.334
46402,2011-02-12T10:00:00+00:00,-2317584,4719.346
46402,2011-02-12T10:15:00+00:00,-2316684,4719.359
46402,2011-02-12T10:30:00+00:00,-2315784,4719.374
46402,2011-02-12T10:45:00+00:00,-2314884,4719.391
46402,2011-02-12T11:00:00+00:00,-2313984,4719.408
46402,2011-02-12T11:15:00+00:00,-2313084,4719.427
46402,2011-02-12T11:30:00+00:00,-2312184,4719.451
46402,2011-02-12T11:45:00+00:00,-2311284,4719.474
46402,2011-02-12T12:00:00+00:00,-2310384,4719.501
46402,2011-02-12T12:15:00+00:00,-2309484,4719.527
46402,2011-02-12T12:30:00+00:00,-2308584,4719.557
46402,2011-02-12T12:45:00+00:00,-2307684,4719.588
46402,2011-02-12T13:00:00+00:00,-2306784,4719.619
46402,2011-02-12T13:15:00+00:00,-2305884,4719.649
46402,2011-02-12T13:30:00+00:00,-2304984,4719.679
46402,2011-02-12T13:45:00+00:00,-2304084,4719.708
46402,2011-02-12T14:00:00+00:00,-2303184,4719.738
46402,2011-02-12T14:15:00+00:00,-2302284,4719.766
46402,2011-02-12T14:30:00+00:00,-2301384,4719.796
46402,2011-02-12T14:45:00+00:00,-2300484,4719.825
46402,2011-02-12T15:00:00+00:00,-2299584,4719.848
46402,2011-02-12T15:15:00+00:00,-2298684,4719.871
46402,2011-02-12T15:30:00+00:00,-2297784,4719.891
46402,2011-02-12T15:45:00+00:00,-2296884,4719.908
46402,2011-02-12T16:00:00+00:00,-2295984,4719.922
46402,2011-02-12T16:15:00+00:00,-2295084,4719.928
46402,2011-02-12T16:30:00+00:00,-2294184,4719.934
46402,2011-02-12T16:45:00+00:00,-2293284,4719.931
46402,2011-02-12T17:00:00+00:00,-2292384,4719.924
46402,2011-02-12T17:15:00+00:00,-2291484,4719.915
46402,2011-02-12T17:30:00+00:00,-2290584,4719.899
46402,2011-02-12T17:45:00+00:00,-2289684,4719.882
46402,2011-02-12T18:00:00+00:00,-2288784,4719.860
46402,2011-02-12T18:15:00+00:00,-2287884,4719.837
46402,2011-02-12T18:30:00+00:00,-2286984,4719.807
46402,2011-02-12T18:45:00+00:00,-2286084,4719.775
46402,2011-02-12T19:00:00+00:00,-2285184,4719.735
46402,2011-02-12T19:15:00+00:00,-2284284,4719.693
46402,2011-02-12T19:30:00+00:00,-2283384,4719.649
46402,2011-02-12T19:45:00+00:00,-2282484,4719.598
46402,2011-02-12T20:00:00+00:00,-2281584,4719.546
46402,2011-02-12T20:15:00+00:00,-2280684,4719.491
46402,2011-02-12T20:30:00+00:00,-2279784,4719.435
46402,2011-02-12T20:45:00+00:00,-2278884,4719.377
46402,2011-02-12T21:00:00+00:00,-2277984,4719.318
46402,2011-02-12T21:15:00+00:00,-2277084,4719.260
46402,2011-02-12T21:30:00+00:00,-2276184,4719.201
46402,2011-02-12T21:45:00+00:00,-2275284,4719.144
46402,2011-02-12T22:00:00+00:00,-2274384,4719.088
46402,2011-02-12T22:15:00+00:00,-2273484,4719.032
46402,2011-02-12T22:30:00+00:00,-2272584,4718.977
46402,2011-02-12T22:45:00+00:00,-2271684,4718.927
46402,2011-02-12T23:00:00+00:00,-2270784,4718.876
46402,2011-02-12T23:15:00+00:00,-2269884,4718.830
46402,2011-02-12T23:30:00+00:00,-2268984,4718.786
46402,2011-02-12T23:45:00+00:00,-2268084,4718.749
46402,2011-02-13T00:00:00+00:00,-2267184,4718.719
46402,2011-02-13T00:15:00+00:00,-2266284,4718.690
46402,2011-02-13T00:30:00+00:00,-2265384,4718.669
46402,2011-02-13T00:45:00+00:00,-2264484,4718.652
46402,2011-02-13T01:00:00+00:00,-2263584,4718.638
46402,2011-02-13T01:15:00+00:00,-2262684,4718.631
46402,2011-02-13T01:30:00+00:00,-2261784,4718.628
46402,2011-02-13T01:45:00+00:00,-2260884,4718.631
46402,2011-02-13T02:00:00+00:00,-2259984,4718.641
46402,2011-02-13T02:15:00+00:00,-2259084,4718.653
46402,2011-02-13T02:30:00+00:00,-2258184,4718.668
46402,2011-02-13T02:45:00+00:00,-2257284,4718.687
46402,2011-02-13T03:00:00+00:00,-2256384,4718.709
46402,2011-02-13T03:15:00+00:00,-2255484,4718.733
46402,2011-02-13T03:30:00+00:00,-2254584,4718.765
46402,2011-02-13T03:45:00+00:00,-2253684,4718.796
46402,2011-02-13T04:00:00+00:00,-2252784,4718.827
46402,2011-02-13T04:15:00+00:00,-2251884,4718.866
46402,2011-02-13T04:30:00+00:00,-2250984,4718.902
46402,2011-02-13T04:45:00+00:00,-2250084,4718.937
46402,2011-02-13T05:00:00+00:00,-2249184,4718.974
46402,2011-02-13T05:15:00+00:00,-2248284,4719.011
46402,2011-02-13T05:30:00+00:00,-2247384,4719.047
46402,2011-02-13T05:45:00+00:00,-2246484,4719.083
46402,2011-02-13T06:00:00+00:00,-2245584,4719.113
46402,2011-02-13T06:15:00+00:00,-2244684,4719.146
46402,2011-02-13T06:30:00+00:00,-2243784,4719.179
46402,2011-02-13T06:45:00+00:00,-2242884,4719.208
46402,2011-02-13T07:00:00+00:00,-2241984,4719.237
46402,2011-02-13T07:15:00+00:00,-2241084,4719.261
46402,2011-02-13T07:30:00+00:00,-2240184,4719.284
46402,2011-02-13T07:45:00+00:00,-2239284,4719.306
46402,2011-02-13T08:00:00+00:00,-2238384,4719.330
46402,2011-02-13T08:15:00+00:00,-2237484,4719.346
46402,2011-02-13T08:30:00+00:00,-2236584,4719.361
46402,2011-02-13T08:45:00+00:00,-2235684,4719.377
46402,2011-02-13T09:00:00+00:00,-2234784,4719.387
46402,2011-02-13T09:15:00+00:00,-2233884,4719.398
46402,2011-02-13T09:30:00+00:00,-2232984,4719.403
46402,2011-02-13T09:45:00+00:00,-2232084,4719.412
46402,2011-02-13T10:00:00+00:00,-2231184,4719.416
46402,2011-02-13T10:15:00+00:00,-2230284,4719.421
46402,2011-02-13T10:30:00+00:00,-2229384,4719.425
46402,2011-02-13T10:45:00+00:00,-2228484,4719.429
46402,2011-02-13T11:00:00+00:00,-2227584,4719.437
46402,2011-02-13T11:15:00+00:00,-2226684,4719.447
46402,2011-02-13T11:30:00+00:00,-2225784,4719.454
46402,2011-02-13T11:45:00+00:00,-2224884,4719.465
46402,2011-02-13T12:00:00+00:00,-2223984,4719.477
46402,2011-02-13T12:15:00+00:00,-2223084,4719.493
46402,2011-02-13T12:30:00+00:00,-2222184,4719.507
46402,2011-02-13T12:45:00+00:00,-2221284,4719.525
46402,2011-02-13T13:00:00+00:00,-2220384,4719.545
46402,2011-02-13T13:15:00+00:00,-2219484,4719.568
46402,2011-02-13T13:30:00+00:00,-2218584,4719.588
46402,2011-02-13T13:45:00+00:00,-2217684,4719.614
46402,2011-02-13T14:00:00+00:00,-2216784,4719.636
46402,2011-02-13T14:15:00+00:00,-2215884,4719.665
46402,2011-02-13T14:30:00+00:00,-2214984,4719.689
46402,2011-02-13T14:45:00+00:00,-2214084,4719.716
46402,2011-02-13T15:00:00+00:00,-2213184,4719.746
46402,2011-02-13T15:15:00+00:00,-2212284,4719.774
46402,2011-02-13T15:30:00+00:00,-2211384,4719.803
46402,2011-02-13T15:45:00+00:00,-2210484,4719.831
46402,2011-02-13T16:00:00+00:00,-2209584,4719.860
46402,2011-02-13T16:15:00+00:00,-2208684,4719.882
46402,2011-02-13T16:30:00+00:00,-2207784,4719.903
46402,2011-02-13T16:45:00+00:00,-2206884,4719.923
46402,2011-02-13T17:00:00+00:00,-2205984,4719.936
46402,2011-02-13T17:15:00+00:00,-2205084,4719.948
46402,2011-02-13T17:30:00+00:00,-2204184,4719.958
46402,2011-02-13T17:45:00+00:00,-2203284,4719.962
46402,2011-02-13T18:00:00+00:00,-2202384,4719.963
46402,2011-02-13T18:15:00+00:00,-2201484,4719.962
46402,2011-02-13T18:30:00+00:00,-2200584,4719.950
46402,2011-02-13T18:45:00+00:00,-2199684,4719.937
46402,2011-02-13T19:00:00+00:00,-2198784,4719.911
46402,2011-02-13T19:15:00+00:00,-2197884,4719.887
46402,2011-02-13T19:30:00+00:00,-2196984,4719.856
46402,2011-02-13T19:45:00+00:00,-2196084,4719.823
46402,2011-02-13T20:00:00+00:00,-2195184,4719.783
46402,2011-02-13T20:15:00+00:00,-2194284,4719.736
46402,2011-02-13T20:30:00+00:00,-2193384,4719.690
46402,2011-02-13T20:45:00+00:00,-2192484,4719.635
46402,2011-02-13T21:00:00+00:00,-2191584,4719.575
46402,2011-02-13T21:15:00+00:00,-2190684,4719.513
46402,2011-02-13T21:30:00+00:00,-2189784,4719.448
46402,2011-02-13T21:45:00+00:00,-2188884,4719.380
46402,2011-02-13T22:00:00+00:00,-2187984,4719.311
46402,2011-02-13T22:15:00+00:00,-2187084,4719.243
46402,2011-02-13T22:30:00+00:00,-2186184,4719.172
46402,2011-02-13T22:45:00+00:00,-2185284,4719.104
46402,2011-02-13T23:00:00+00:00,-2184384,4719.035
46402,2011-02-13T23:15:00+00:00,-2183484,4718.969
46402,2011-02-13T23:30:00+00:00,-2182584,4718.903
46402,2011-02-13T23:45:00+00:00,-2181684,4718.840
46402,2011-02-14T00:00:00+00:00,-2180784,4718.779
46402,2011-02-14T00:15:00+00:00,-2179884,4718.723
46402,2011-02-14T00:30:00+00:00,-2178984,4718.673
46402,2011-02-14T00:45:00+00:00,-2178084,4718.625
46402,2011-02-14T01:00:00+00:00,-2177184,4718.585
46402,2011-02-14T01:15:00+00:00,-2176284,4718.550
46402,2011-02-14T01:30:00+00:00,-2175384,4718.523
46402,2011-02-14T01:45:00+00:00,-2174484,4718.500
46402,2011-02-14T02:00:00+00:00,-2173584,4718.486
46402,2011-02-14T02:15:00+00:00,-2172684,4718.480
46402,2011-02-14T02:30:00+00:00,-2171784,4718.481
46402,2011-02-14T02:45:00+00:00,-2170884,4718.487
46402,2011-02-14T03:00:00+00:00,-2169984,4718.501
46402,2011-02-14T03:15:00+00:00,-2169084,4718.520
46402,2011-02-14T03:30:00+00:00,-2168184,4718.544
46402,2011-02-14T03:45:00+00:00,-2167284,4718.573
46402,2011-02-14T04:00:00+00:00,-2166384,4718.611
46402,2011-02-14T04:15:00+00:00,-2165484,4718.649
46402,2011-02-14T04:30:00+00:00,-2164584,4718.696
46402,2011-02-14T04:45:00+00:00,-2163684,4718.743
46402,2011-02-14T05:00:00+00:00,-2162784,4718.792
46402,2011-02-14T05:15:00+00:00,-2161884,4718.841
46402,2011-02-14T05:30:00+00:00,-2160984,4718.891
46402,2011-02-14T05:45:00+00:00,-2160084,4718.938
46402,2011-02-14T06:00:00+00:00,-2159184,4718.989
46402,2011-02-14T06:15:00+00:00,-2158284,4719.041
46402,2011-02-14T06:30:00+00:00,-2157384,4719.090
46402,2011-02-14T06:45:00+00:00,-2156484,4719.138
46402,2011-02-14T07:00:00+00:00,-2155584,4719.185
46402,2011-02-14T07:15:00+00:00,-2154684,4719.230
46402,2011-02-14T07:30:00+00:00,-2153784,4719.273
46402,2011-02-14T07:45:00+00:00,-2152884,4719.313
46402,2011-02-14T08:00:00+00:00,-2151984,4719.349
46402,2011-02-14T08:15:00+00:00,-2151084,4719.383
46402,2011-02-14T08:30:00+00:00,-2150184,4719.413
46402,2011-02-14T08:45:00+00:00,-2149284,4719.439
46402,2011-02-14T09:00:00+00:00,-2148384,4719.458
46402,2011-02-14T09:15:00+00:00,-2147484,4719.473
46402,2011-02-14T09:30:00+00:00,-2146584,4719.486
46402,2011-02-14T09:45:00+00:00,-2145684,4719.493
46402,2011-02-14T10:00:00+00:00,-2144784,4719.500
46402,2011-02-14T10:15:00+00:00,-2143884,4719.502
46402,2011-02-14T10:30:00+00:00,-2142984,4719.503
46402,2011-02-14T10:45:00+00:00,-2142084,4719.502
46402,2011-02-14T11:00:00+00:00,-2141184,4719.499
46402,2011-02-14T11:15:00+00:00,-2140284,4719.494
46402,2011-02-14T11:30:00+00:00,-2139384,4719.494
46402,2011-02-14T11:45:00+00:00,-2138484,4719.490
46402,2011-02-14T12:00:00+00:00,-2137584,4719.488
46402,2011-02-14T12:15:00+00:00,-2136684,4719.487
46402,2011-02-14T12:30:00+00:00,-2135784,4719.488
46402,2011-02-14T12:45:00+00:00,-2134884,4719.488
46402,2011-02-14T13:00:00+00:00,-2133984,4719.494
46402,2011-02-14T13:15:00+00:00,-2133084,4719.501
46402,2011-02-14T13:30:00+00:00,-2132184,4719.508
46402,2011-02-14T13:45:00+00:00,-2131284,4719.522
46402,2011-02-14T14:00:00+00:00,-2130384,4719.537
46402,2011-02-14T14:15:00+00:00,-2129484,4719.555
46402,2011-02-14T14:30:00+00:00,-2128584,4719.578
46402,2011-02-14T14:45:00+00:00,-2127684,4719.603
46402,2011-02-14T15:00:00+00:00,-2126784,4719.629
46402,2011-02-14T15:15:00+00:00,-2125884,4719.659
46402,2011-02-14T15:30:00+00:00,-2124984,4719.690
46402,2011-02-14T15:45:00+00:00,-2124084,4719.725
46402,2011-02-14T16:00:00+00:00,-2123184,4719.757
46402,2011-02-14T16:15:00+00:00,-2122284,4719.791
46402,2011-02-14T16:30:00+00:00,-2121384,4719.823
46402,2011-02-14T16:45:00+00:00,-2120484,4719.858
46402,2011-02-14T17:00:00+00:00,-2119584,4719.891
46402,2011-02-14T17:15:00+00:00,-2118684,4719.920
46402,2011-02-14T17:30:00+00:00,-2117784,4719.954
46402,2011-02-14T17:45:00+00:00,-2116884,4719.985
46402,2011-02-14T18:00:00+00:00,-2115984,4720.011
46402,2011-02-14T18:15:00+00:00,-2115084,4720.034
46402,2011-02-14T18:30:00+00:00,-2114184,4720.053
46402,2011-02-14T18:45:00+00:00,-2113284,4720.064
46402,2011-02-14T19:00:00+00:00,-2112384,4720.072
46402,2011-02-14T19:15:00+00:00,-2111484,4720.069
46402,2011-02-14T19:30:00+00:00,-2110584,4720.063
46402,2011-02-14T19:45:00+00:00,-2109684,4720.049
46402,2011-02-14T20:00:00+00:00,-2108784,4720.027
46402,2011-02-14T20:15:00+00:00,-2107884,4720.002
46402,2011-02-14T20:30:00+00:00,-2106984,4719.968
46402,2011-02-14T20:45:00+00:00,-2106084,4719.929
46402,2011-02-14T21:00:00+00:00,-2105184,4719.882
46402,2011-02-14T21:15:00+00:00,-2104284,4719.830
46402,2011-02-14T21:30:00+00:00,-2103384,4719.770
46402,2011-02-14T21:45:00+00:00,-2102484,4719.706
46402,2011-02-14T22:00:00+00:00,-2101584,4719.637
46402,2011-02-14T22:15:00+00:00,-2100684,4719.562
46402,2011-02-14T22:30:00+00:00,-2099784,4719.482
46402,2011-02-14T22:45:00+00:00,-2098884,4719.398
46402,2011-02-14T23:00:00+00:00,-2097984,4719.312
46402,2011-02-14T23:15:00+00:00,-2097084,4719.226
46402,2011-02-14T23:30:00+00:00,-2096184,4719.139
46402,2011-02-14T23:45:00+00:00,-2095284,4719.053
46402,2011-02-15T00:00:00+00:00,-2094384,4718.969
46402,2011-02-15T00:15:00+00:00,-2093484,4718.885
46402,2011-02-15T00:30:00+00:00,-2092584,4718.807
46402,2011-02-15T00:45:00+00:00,-2091684,4718.733
46402,2011-02-15T01:00:00+00:00,-2090784,4718.662
46402,2011-02-15T01:15:00+00:00,-2089884,4718.598
46402,2011-02-15T01:30:00+00:00,-2088984,4718.542
46402,2011-02-15T01:45:00+00:00,-2088084,4718.492
46402,2011-02-15T02:00:00+00:00,-2087184,4718.451
46402,2011-02-15T02:15:00+00:00,-2086284,4718.416
46402,2011-02-15T02:30:00+00:00,-2085384,4718.392
46402,2011-02-15T02:45:00+00:00,-2084484,4718.376
46402,2011-02-15T03:00:00+00:00,-2083584,4718.366
46402,2011-02-15T03:15:00+00:00,-2082684,4718.368
46402,2011-02-15T03:30:00+00:00,-2081784,4718.373
46402,2011-02-15T03:45:00+00:00,-2080884,4718.386
46402,2011-02-15T04:00:00+00:00,-2079984,4718.412
46402,2011-02-15T04:15:00+00:00,-2079084,4718.444
46402,2011-02-15T04:30:00+00:00,-2078184,4718.482
46402,2011-02-15T04:45:00+00:00,-2077284,4718.525
46402,2011-02-15T05:00:00+00:00,-2076384,4718.575
46402,2011-02-15T05:15:00+00:00,-2075484,4718.629
46402,2011-02-15T05:30:00+00:00,-2074584,4718.689
46402,2011-02-15T05:45:00+00:00,-2073684,4718.749
46402,2011-02-15T06:00:00+00:00,-2072784,4718.815
46402,2011-02-15T06:15:00+00:00,-2071884,4718.880
46402,2011-02-15T06:30:00+00:00,-2070984,4718.950
46402,2011-02-15T06:45:00+00:00,-2070084,4719.015
46402,2011-02-15T07:00:00+00:00,-2069184,4719.080
46402,2011-02-15T07:15:00+00:00,-2068284,4719.144
46402,2011-02-15T07:30:00+00:00,-2067384,4719.204
46402,2011-02-15T07:45:00+00:00,-2066484,4719.262
46402,2011-02-15T08:00:00+00:00,-2065584,4719.316
46402,2011-02-15T08:15:00+00:00,-2064684,4719.366
46402,2011-02-15T08:30:00+00:00,-2063784,4719.411
46402,2011-02-15T08:45:00+00:00,-2062884,4719.453
46402,2011-02-15T09:00:00+00:00,-2061984,4719.488
46402,2011-02-15T09:15:00+00:00,-2061084,4719.518
46402,2011-02-15T09:30:00+00:00,-2060184,4719.542
46402,2011-02-15T09:45:00+00:00,-2059284,4719.557
46402,2011-02-15T10:00:00+00:00,-2058384,4719.570
46402,2011-02-15T10:15:00+00:00,-2057484,4719.573
46402,2011-02-15T10:30:00+00:00,-2056584,4719.574
46402,2011-02-15T10:45:00+00:00,-2055684,4719.571
46402,2011-02-15T11:00:00+00:00,-2054784,4719.563
46402,2011-02-15T11:15:00+00:00,-2053884,4719.553
46402,2011-02-15T11:30:00+00:00,-2052984,4719.541
46402,2011-02-15T11:45:00+00:00,-2052084,4719.525
46402,2011-02-15T12:00:00+00:00,-2051184,4719.510
46402,2011-02-15T12:15:00+00:00,-2050284,4719.495
46402,2011-02-15T12:30:00+00:00,-2049384,4719.478
46402,2011-02-15T12:45:00+00:00,-2048484,4719.459
46402,2011-02-15T13:00:00+00:00,-2047584,4719.445
46402,2011-02-15T13:15:00+00:00,-2046684,4719.430
46402,2011-02-15T13:30:00+00:00,-2045784,4719.419
46402,2011-02-15T13:45:00+00:00,-2044884,4719.410
46402,2011-02-15T14:00:00+00:00,-2043984,4719.406
46402,2011-02-15T14:15:00+00:00,-2043084,4719.407
46402,2011-02-15T14:30:00+00:00,-2042184,4719.412
46402,2011-02-15T14:45:00+00:00,-2041284,4719.423
46402,2011-02-15T15:00:00+00:00,-2040384,4719.438
46402,2011-02-15T15:15:00+00:00,-2039484,4719.458
46402,2011-02-15T15:30:00+00:00,-2038584,4719.484
46402,2011-02-15T15:45:00+00:00,-2037684,4719.516
46402,2011-02-15T16:00:00+00:00,-2036784,4719.551
46402,2011-02-15T16:15:00+00:00,-2035884,4719.591
46402,2011-02-15T16:30:00+00:00,-2034984,4719.631
46402,2011-02-15T16:45:00+00:00,-2034084,4719.674
46402,2011-02-15T17:00:00+00:00,-2033184,4719.719
46402,2011-02-15T17:15:00+00:00,-2032284,4719.765
46402,2011-02-15T17:30:00+00:00,-2031384,4719.812
46402,2011-02-15T17:45:00+00:00,-2030484,4719.862
46402,2011-02-15T18:00:00+00:00,-2029584,4719.909
46402,2011-02-15T18:15:00+00:00,-2028684,4719.956
46402,2011-02-15T18:30:00+00:00,-2027784,4720.002
46402,2011-02-15T18:45:00+00:00,-2026884,4720.041
46402,2011-02-15T19:00:00+00:00,-2025984,4720.074
46402,2011-02-15T19:15:00+00:00,-2025084,4720.102
46402,2011-02-15T19:30:00+00:00,-2024184,4720.126
46402,2011-02-15T19:45:00+00:00,-2023284,4720.143
46402,2011-02-15T20:00:00+00:00,-2022384,4720.150
46402,2011-02-15T20:15:00+00:00,-2021484,4720.150
46402,2011-02-15T20:30:00+00:00,-2020584,4720.142
46402,2011-02-15T20:45:00+00:00,-2019684,4720.127
46402,2011-02-15T21:00:00+00:00,-2018784,4720.100
46402,2011-02-15T21:15:00+00:00,-2017884,4720.067
46402,2011-02-15T21:30:00+00:00,-2016984,4720.027
46402,2011-02-15T21:45:00+00:00,-2016084,4719.975
46402,2011-02-15T22:00:00+00:00,-2015184,4719.915
46402,2011-02-15T22:15:00+00:00,-2014284,4719.847
46402,2011-02-15T22:30:00+00:00,-2013384,4719.772
46402,2011-02-15T22:45:00+00:00,-2012484,4719.690
46402,2011-02-15T23:00:00+00:00,-2011584,4719.603
46402,2011-02-15T23:15:00+00:00,-2010684,4719.508
46402,2011-02-15T23:30:00+00:00,-2009784,4719.412
46402,2011-02-15T23:45:00+00:00,-2008884,4719.311
46402,2011-02-16T00:00:00+00:00,-2007984,4719.209
46402,2011-02-16T00:15:00+00:00,-2007084,4719.106
46402,2011-02-16T00:30:00+00:00,-2006184,4719.007
46402,2011-02-16T00:45:00+00:00,-2005284,4718.907
46402,2011-02-16T01:00:00+00:00,-2004384,4718.810
46402,2011-02-16T01:15:00+00:00,-2003484,4718.717
46402,2011-02-16T01:30:00+00:00,-2002584,4718.628
46402,2011-02-16T01:45:00+00:00,-2001684,4718.546
46402,2011-02-16T02:00:00+00:00,-2000784,4718.471
46402,2011-02-16T02:15:00+00:00,-1999884,4718.404
46402,2011-02-16T02:30:00+00:00,-1998984,4718.343
46402,2011-02-16T02:45:00+00:00,-1998084,4718.291
46402,2011-02-16T03:00:00+00:00,-1997184,4718.253
46402,2011-02-16T03:15:00+00:00,-1996284,4718.221
46402,2011-02-16T03:30:00+00:00,-1995384,4718.200
46402,2011-02-16T03:45:00+00:00,-1994484,4718.192
46402,2011-02-16T04:00:00+00:00,-1993584,4718.194
46402,2011-02-16T04:15:00+00:00,-1992684,4718.207
46402,2011-02-16T04:30:00+00:00,-1991784,4718.233
46402,2011-02-16T04:45:00+00:00,-1990884,4718.266
46402,2011-02-16T05:00:00+00:00,-1989984,4718.309
46402,2011-02-16T05:15:00+00:00,-1989084,4718.362
46402,2011-02-16T05:30:00+00:00,-1988184,4718.417
46402,2011-02-16T05:45:00+00:00,-1987284,4718.482
46402,2011-02-16T06:00:00+00:00,-1986384,4718.549
46402,2011-02-16T06:15:00+00:00,-1985484,4718.623
46402,2011-02-16T06:30:00+00:00,-1984584,4718.696
46402,2011-02-16T06:45:00+00:00,-1983684,4718.778
46402,2011-02-16T07:00:00+00:00,-1982784,4718.859
46402,2011-02-16T07:15:00+00:00,-1981884,4718.940
46402,2011-02-16T07:30:00+00:00,-1980984,4719.021
46402,2011-02-16T07:45:00+00:00,-1980084,4719.099
46402,2011-02-16T08:00:00+00:00,-1979184,4719.174
46402,2011-02-16T08:15:00+00:00,-1978284,4719.246
46402,2011-02-16T08:30:00+00:00,-1977384,4719.315
46402,2011-02-16T08:45:00+00:00,-1976484,4719.375
46402,2011-02-16T09:00:00+00:00,-1975584,4719.429
46402,2011-02-16T09:15:00+00:00,-1974684,4719.476
46402,2011-02-16T09:30:00+00:00,-1973784,4719.517
46402,2011-02-16T09:45:00+00:00,-1972884,4719.552
46402,2011-02-16T10:00:00+00:00,-1971984,4719.577
46402,2011-02-16T10:15:00+00:00,-1971084,4719.595
46402,2011-02-16T10:30:00+00:00,-1970184,4719.604
46402,2011-02-16T10:45:00+00:00,-1969284,4719.610
46402,2011-02-16T11:00:00+00:00,-1968384,4719.605
46402,2011-02-16T11:15:00+00:00,-1967484,4719.594
46402,2011-02-16T11:30:00+00:00,-1966584,4719.582
46402,2011-02-16T11:45:00+00:00,-1965684,4719.559
46402,2011-02-16T12:00:00+00:00,-1964784,4719.534
46402,2011-02-16T12:15:00+00:00,-1963884,4719.508
46402,2011-02-16T12:30:00+00:00,-1962984,4719.477
46402,2011-02-16T12:45:00+00:00,-1962084,4719.447
46402,2011-02-16T13:00:00+00:00,-1961184,4719.414
46402,2011-02-16T13:15:00+00:00,-1960284,4719.382
46402,2011-02-16T13:30:00+00:00,-1959384,4719.353
46402,2011-02-16T13:45:00+00:00,-1958484,4719.324
46402,2011-02-16T14:00:00+00:00,-1957584,4719.296
46402,2011-02-16T14:15:00+00:00,-1956684,4719.275
46402,2011-02-16T14:30:00+00:00,-1955784,4719.255
46402,2011-02-16T14:45:00+00:00,-1954884,4719.244
46402,2011-02-16T15:00:00+00:00,-1953984,4719.237
46402,2011-02-16T15:15:00+00:00,-1953084,4719.238
46402,2011-02-16T15:30:00+00:00,-1952184,4719.247
46402,2011-02-16T15:45:00+00:00,-1951284,4719.262
46402,2011-02-16T16:00:00+00:00,-1950384,4719.281
46402,2011-02-16T16:15:00+00:00,-1949484,4719.308
46402,2011-02-16T16:30:00+00:00,-1948584,4719.341
46402,2011-02-16T16:45:00+00:00,-1947684,4719.382
46402,2011-02-16T17:00:00+00:00,-1946784,4719.425
46402,2011-02-16T17:15:00+00:00,-1945884,4719.474
46402,2011-02-16T17:30:00+00:00,-1944984,4719.528
46402,2011-02-16T17:45:00+00:00,-1944084,4719.588
46402,2011-02-16T18:00:00+00:00,-1943184,4719.649
46402,2011-02-16T18:15:00+00:00,-1942284,4719.715
46402,2011-02-16T18:30:00+00:00,-1941384,4719.780
46402,2011-02-16T18:45:00+00:00,-1940484,4719.846
46402,2011-02-16T19:00:00+00:00,-1939584,4719.905
46402,2011-02-16T19:15:00+00:00,-1938684,4719.964
46402,2011-02-16T19:30:00+00:00,-1937784,4720.016
46402,2011-02-16T19:45:00+00:00,-1936884,4720.064
46402,2011-02-16T20:00:00+00:00,-1935984,4720.109
46402,2011-02-16T20:15:00+00:00,-1935084,4720.145
46402,2011-02-16T20:30:00+00:00,-1934184,4720.171
46402,2011-02-16T20:45:00+00:00,-1933284,4720.188
46402,2011-02-16T21:00:00+00:00,-1932384,4720.197
46402,2011-02-16T21:15:00+00:00,-1931484,4720.194
46402,2011-02-16T21:30:00+00:00,-1930584,4720.183
46402,2011-02-16T21:45:00+00:00,-1929684,4720.161
46402,2011-02-16T22:00:00+00:00,-1928784,4720.133
46402,2011-02-16T22:15:00+00:00,-1927884,4720.088
46402,2011-02-16T22:30:00+00:00,-1926984,4720.036
46402,2011-02-16T22:45:00+00:00,-1926084,4719.972
46402,2011-02-16T23:00:00+00:00,-1925184,4719.899
46402,2011-02-16T23:15:00+00:00,-1924284,4719.818
46402,2011-02-16T23:30:00+00:00,-1923384,4719.725
46402,2011-02-16T23:45:00+00:00,-1922484,4719.629
46402,2011-02-17T00:00:00+00:00,-1921584,4719.526
46402,2011-02-17T00:15:00+00:00,-1920684,4719.420
46402,2011-02-17T00:30:00+00:00,-1919784,4719.310
46402,2011-02-17T00:45:00+00:00,-1918884,4719.198
46402,2011-02-17T01:00:00+00:00,-1917984,4719.086
46402,2011-02-17T01:15:00+00:00,-1917084,4718.974
46402,2011-02-17T01:30:00+00:00,-1916184,4718.864
46402,2011-02-17T01:45:00+00:00,-1915284,4718.759
46402,2011-02-17T02:00:00+00:00,-1914384,4718.661
46402,2011-02-17T02:15:00+00:00,-1913484,4718.567
46402,2011-02-17T02:30:00+00:00,-1912584,4718.480
46402,2011-02-17T02:45:00+00:00,-1911684,4718.398
46402,2011-02-17T03:00:00+00:00,-1910784,4718.328
46402,2011-02-17T03:15:00+00:00,-1909884,4718.264
46402,2011-02-17T03:30:00+00:00,-1908984,4718.211
46402,2011-02-17T03:45:00+00:00,-1908084,4718.169
46402,2011-02-17T04:00:00+00:00,-1907184,4718.146
46402,2011-02-17T04:15:00+00:00,-1906284,4718.133
46402,2011-02-17T04:30:00+00:00,-1905384,4718.133
46402,2011-02-17T04:45:00+00:00,-1904484,4718.144
46402,2011-02-17T05:00:00+00:00,-1903584,4718.169
46402,2011-02-17T05:15:00+00:00,-1902684,4718.203
46402,2011-02-17T05:30:00+00:00,-1901784,4718.244
46402,2011-02-17T05:45:00+00:00,-1900884,4718.295
46402,2011-02-17T06:00:00+00:00,-1899984,4718.357
46402,2011-02-17T06:15:00+00:00,-1899084,4718.423
46402,2011-02-17T06:30:00+00:00,-1898184,4718.502
46402,2011-02-17T06:45:00+00:00,-1897284,4718.584
46402,2011-02-17T07:00:00+00:00,-1896384,4718.673
46402,2011-02-17T07:15:00+00:00,-1895484,4718.764
46402,2011-02-17T07:30:00+00:00,-1894584,4718.858
46402,2011-02-17T07:45:00+00:00,-1893684,4718.952
46402,2011-02-17T08:00:00+00:00,-1892784,4719.046
46402,2011-02-17T08:15:00+00:00,-1891884,4719.138
46402,2011-02-17T08:30:00+00:00,-1890984,4719.226
46402,2011-02-17T08:45:00+00:00,-1890084,4719.309
46402,2011-02-17T09:00:00+00:00,-1889184,4719.386
46402,2011-02-17T09:15:00+00:00,-1888284,4719.454
46402,2011-02-17T09:30:00+00:00,-1887384,4719.517
46402,2011-02-17T09:45:00+00:00,-1886484,4719.569
46402,2011-02-17T10:00:00+00:00,-1885584,4719.619
46402,2011-02-17T10:15:00+00:00,-1884684,4719.658
46402,2011-02-17T10:30:00+00:00,-1883784,4719.685
46402,2011-02-17T10:45:00+00:00,-1882884,4719.703
46402,2011-02-17T11:00:00+00:00,-1881984,4719.710
46402,2011-02-17T11:15:00+00:00,-1881084,4719.710
46402,2011-02-17T11:30:00+00:00,-1880184,4719.702
46402,2011-02-17T11:45:00+00:00,-1879284,4719.684
46402,2011-02-17T12:00:00+00:00,-1878384,4719.659
46402,2011-02-17T12:15:00+00:00,-1877484,4719.626
46402,2011-02-17T12:30:00+00:00,-1876584,4719.592
46402,2011-02-17T12:45:00+00:00,-1875684,4719.548
46402,2011-02-17T13:00:00+00:00,-1874784,4719.501
46402,2011-02-17T13:15:00+00:00,-1873884,4719.455
46402,2011-02-17T13:30:00+00:00,-1872984,4719.402
46402,2011-02-17T13:45:00+00:00,-1872084,4719.352
46402,2011-02-17T14:00:00+00:00,-1871184,4719.300
46402,2011-02-17T14:15:00+00:00,-1870284,4719.251
46402,2011-02-17T14:30:00+00:00,-1869384,4719.205
46402,2011-02-17T14:45:00+00:00,-1868484,4719.161
46402,2011-02-17T15:00:00+00:00,-1867584,4719.126
46402,2011-02-17T15:15:00+00:00,-1866684,4719.096
46402,2011-02-17T15:30:00+00:00,-1865784,4719.073
46402,2011-02-17T15:45:00+00:00,-1864884,4719.063
46402,2011-02-17T16:00:00+00:00,-1863984,4719.058
46402,2011-02-17T16:15:00+00:00,-1863084,4719.061
46402,2011-02-17T16:30:00+00:00,-1862184,4719.076
46402,2011-02-17T16:45:00+00:00,-1861284,4719.096
46402,2011-02-17T17:00:00+00:00,-1860384,4719.123
46402,2011-02-17T17:15:00+00:00,-1859484,4719.162
46402,2011-02-17T17:30:00+00:00,-1858584,4719.206
46402,2011-02-17T17:45:00+00:00,-1857684,4719.262
46402,2011-02-17T18:00:00+00:00,-1856784,4719.324
46402,2011-02-17T18:15:00+00:00,-1855884,4719.392
46402,2011-02-17T18:30:00+00:00,-1854984,4719.463
46402,2011-02-17T18:45:00+00:00,-1854084,4719.537
46402,2011-02-17T19:00:00+00:00,-1853184,4719.616
46402,2011-02-17T19:15:00+00:00,-1852284,4719.690
46402,2011-02-17T19:30:00+00:00,-1851384,4719.769
46402,2011-02-17T19:45:00+00:00,-1850484,4719.844
46402,2011-02-17T20:00:00+00:00,-1849584,4719.917
46402,2011-02-17T20:15:00+00:00,-1848684,4719.983
46402,2011-02-17T20:30:00+00:00,-1847784,4720.042
46402,2011-02-17T20:45:00+00:00,-1846884,4720.096
46402,2011-02-17T21:00:00+00:00,-1845984,4720.141
46402,2011-02-17T21:15:00+00:00,-1845084,4720.177
46402,2011-02-17T21:30:00+00:00,-1844184,4720.208
46402,2011-02-17T21:45:00+00:00,-1843284,4720.223
46402,2011-02-17T22:00:00+00:00,-1842384,4720.231
46402,2011-02-17T22:15:00+00:00,-1841484,4720.224
46402,2011-02-17T22:30:00+00:00,-1840584,4720.205
46402,2011-02-17T22:45:00+00:00,-1839684,4720.173
46402,2011-02-17T23:00:00+00:00,-1838784,4720.130
46402,2011-02-17T23:15:00+00:00,-1837884,4720.075
46402,2011-02-17T23:30:00+00:00,-1836984,4720.009
46402,2011-02-17T23:45:00+00:00,-1836084,4719.936
46402,2011-02-18T00:00:00+00:00,-1835184,4719.850
46402,2011-02-18T00:15:00+00:00,-1834284,4719.758
46402,2011-02-18T00:30:00+00:00,-1833384,4719.658
46402,2011-02-18T00:45:00+00:00,-1832484,4719.553
46402,2011-02-18T01:00:00+00:00,-1831584,4719.442
46402,2011-02-18T01:15:00+00:00,-1830684,4719.328
46402,2011-02-18T01:30:00+00:00,-1829784,4719.210
46402,2011-02-18T01:45:00+00:00,-1828884,4719.092
46402,2011-02-18T02:00:00+00:00,-1827984,4718.976
46402,2011-02-18T02:15:00+00:00,-1827084,4718.861
46402,2011-02-18T02:30:00+00:00,-1826184,4718.748
46402,2011-02-18T02:45:00+00:00,-1825284,4718.643
46402,2011-02-18T03:00:00+00:00,-1824384,4718.546
46402,2011-02-18T03:15:00+00:00,-1823484,4718.459
46402,2011-02-18T03:30:00+00:00,-1822584,4718.375
46402,2011-02-18T03:45:00+00:00,-1821684,4718.302
46402,2011-02-18T04:00:00+00:00,-1820784,4718.243
46402,2011-02-18T04:15:00+00:00,-1819884,4718.195
46402,2011-02-18T04:30:00+00:00,-1818984,4718.162
46402,2011-02-18T04:45:00+00:00,-1818084,4718.137
46402,2011-02-18T05:00:00+00:00,-1817184,4718.127
46402,2011-02-18T05:15:00+00:00,-1816284,4718.134
46402,2011-02-18T05:30:00+00:00,-1815384,4718.152
46402,2011-02-18T05:45:00+00:00,-1814484,4718.184
46402,2011-02-18T06:00:00+00:00,-1813584,4718.226
46402,2011-02-18T06:15:00+00:00,-1812684,4718.280
46402,2011-02-18T06:30:00+00:00,-1811784,4718.343
46402,2011-02-18T06:45:00+00:00,-1810884,4718.419
46402,2011-02-18T07:00:00+00:00,-1809984,4718.500
46402,2011-02-18T07:15:00+00:00,-1809084,4718.591
46402,2011-02-18T07:30:00+00:00,-1808184,4718.688
46402,2011-02-18T07:45:00+00:00,-1807284,4718.787
46402,2011-02-18T08:00:00+00:00,-1806384,4718.891
46402,2011-02-18T08:15:00+00:00,-1805484,4718.996
46402,2011-02-18T08:30:00+00:00,-1804584,4719.101
46402,2011-02-18T08:45:00+00:00,-1803684,4719.202
46402,2011-02-18T09:00:00+00:00,-1802784,4719.299
46402,2011-02-18T09:15:00+00:00,-1801884,4719.390
46402,2011-02-18T09:30:00+00:00,-1800984,4719.475
46402,2011-02-18T09:45:00+00:00,-1800084,4719.552
46402,2011-02-18T10:00:00+00:00,-1799184,4719.619
46402,2011-02-18T10:15:00+00:00,-1798284,4719.679
46402,2011-02-18T10:30:00+00:00,-1797384,4719.727
46402,2011-02-18T10:45:00+00:00,-1796484,4719.767
46402,2011-02-18T11:00:00+00:00,-1795584,4719.794
46402,2011-02-18T11:15:00+00:00,-1794684,4719.811
46402,2011-02-18T11:30:00+00:00,-1793784,4719.819
46402,2011-02-18T11:45:00+00:00,-1792884,4719.816
46402,2011-02-18T12:00:00+00:00,-1791984,4719.802
46402,2011-02-18T12:15:00+00:00,-1791084,4719.779
46402,2011-02-18T12:30:00+00:00,-1790184,4719.747
46402,2011-02-18T12:45:00+00:00,-1789284,4719.708
46402,2011-02-18T13:00:00+00:00,-1788384,4719.662
46402,2011-02-18T13:15:00+00:00,-1787484,4719.604
46402,2011-02-18T13:30:00+00:00,-1786584,4719.543
46402,2011-02-18T13:45:00+00:00,-1785684,4719.474
46402,2011-02-18T14:00:00+00:00,-1784784,4719.406
46402,2011-02-18T14:15:00+00:00,-1783884,4719.334
46402,2011-02-18T14:30:00+00:00,-1782984,4719.266
46402,2011-02-18T14:45:00+00:00,-1782084,4719.196
46402,2011-02-18T15:00:00+00:00,-1781184,4719.133
46402,2011-02-18T15:15:00+00:00,-1780284,4719.072
46402,2011-02-18T15:30:00+00:00,-1779384,4719.017
46402,2011-02-18T15:45:00+00:00,-1778484,4718.970
46402,2011-02-18T16:00:00+00:00,-1777584,4718.930
46402,2011-02-18T16:15:00+00:00,-1776684,4718.899
46402,2011-02-18T16:30:00+00:00,-1775784,4718.876
46402,2011-02-18T16:45:00+00:00,-1774884,4718.866
46402,2011-02-18T17:00:00+00:00,-1773984,4718.865
46402,2011-02-18T17:15:00+00:00,-1773084,4718.874
46402,2011-02-18T17:30:00+00:00,-1772184,4718.897
46402,2011-02-18T17:45:00+00:00,-1771284,4718.925
46402,2011-02-18T18:00:00+00:00,-1770384,4718.969
46402,2011-02-18T18:15:00+00:00,-1769484,4719.021
46402,2011-02-18T18:30:00+00:00,-1768584,4719.079
46402,2011-02-18T18:45:00+00:00,-1767684,4719.147
46402,2011-02-18T19:00:00+00:00,-1766784,4719.220
46402,2011-02-18T19:15:00+00:00,-1765884,4719.299
46402,2011-02-18T19:30:00+00:00,-1764984,4719.384
46402,2011-02-18T19:45:00+00:00,-1764084,4719.466
46402,2011-02-18T20:00:00+00:00,-1763184,4719.552
46402,2011-02-18T20:15:00+00:00,-1762284,4719.638
46402,2011-02-18T20:30:00+00:00,-1761384,4719.722
46402,2011-02-18T20:45:00+00:00,-1760484,4719.803
46402,2011-02-18T21:00:00+00:00,-1759584,4719.880
46402,2011-02-18T21:15:00+00:00,-1758684,4719.950
46402,2011-02-18T21:30:00+00:00,-1757784,4720.015
46402,2011-02-18T21:45:00+00:00,-1756884,4720.069
46402,2011-02-18T22:00:00+00:00,-1755984,4720.115
46402,2011-02-18T22:15:00+00:00,-1755084,4720.149
46402,2011-02-18T22:30:00+00:00,-1754184,4720.173
46402,2011-02-18T22:45:00+00:00,-1753284,4720.184
46402,2011-02-18T23:00:00+00:00,-1752384,4720.182
46402,2011-02-18T23:15:00+00:00,-1751484,4720.167
46402,2011-02-18T23:30:00+00:00,-1750584,4720.139
46402,2011-02-18T23:45:00+00:00,-1749684,4720.099
46402,2011-02-19T00:00:00+00:00,-1748784,4720.046
46402,2011-02-19T00:15:00+00:00,-1747884,4719.982
46402,2011-02-19T00:30:00+00:00,-1746984,4719.907
46402,2011-02-19T00:45:00+00:00,-1746084,4719.824
46402,2011-02-19T01:00:00+00:00,-1745184,4719.733
46402,2011-02-19T01:15:00+00:00,-1744284,4719.635
46402,2011-02-19T01:30:00+00:00,-1743384,4719.533
46402,2011-02-19T01:45:00+00:00,-1742484,4719.421
46402,2011-02-19T02:00:00+00:00,-1741584,4719.307
46402,2011-02-19T02:15:00+00:00,-1740684,4719.188
46402,2011-02-19T02:30:00+00:00,-1739784,4719.070
46402,2011-02-19T02:45:00+00:00,-1738884,4718.952
46402,2011-02-19T03:00:00+00:00,-1737984,4718.838
46402,2011-02-19T03:15:00+00:00,-1737084,4718.732
46402,2011-02-19T03:30:00+00:00,-1736184,4718.629
46402,2011-02-19T03:45:00+00:00,-1735284,4718.535
46402,2011-02-19T04:00:00+00:00,-1734384,4718.450
46402,2011-02-19T04:15:00+00:00,-1733484,4718.377
46402,2011-02-19T04:30:00+00:00,-1732584,4718.311
46402,2011-02-19T04:45:00+00:00,-1731684,4718.262
46402,2011-02-19T05:00:00+00:00,-1730784,4718.221
46402,2011-02-19T05:15:00+00:00,-1729884,4718.196
46402,2011-02-19T05:30:00+00:00,-1728984,4718.184
46402,2011-02-19T05:45:00+00:00,-1728084,4718.185
46402,2011-02-19T06:00:00+00:00,-1727184,4718.198
46402,2011-02-19T06:15:00+00:00,-1726284,4718.226
46402,2011-02-19T06:30:00+00:00,-1725384,4718.265
46402,2011-02-19T06:45:00+00:00,-1724484,4718.318
46402,2011-02-19T07:00:00+00:00,-1723584,4718.383
46402,2011-02-19T07:15:00+00:00,-1722684,4718.458
46402,2011-02-19T07:30:00+00:00,-1721784,4718.544
46402,2011-02-19T07:45:00+00:00,-1720884,4718.637
46402,2011-02-19T08:00:00+00:00,-1719984,4718.736
46402,2011-02-19T08:15:00+00:00,-1719084,4718.840
46402,2011-02-19T08:30:00+00:00,-1718184,4718.947
46402,2011-02-19T08:45:00+00:00,-1717284,4719.057
46402,2011-02-19T09:00:00+00:00,-1716384,4719.164
46402,2011-02-19T09:15:00+00:00,-1715484,4719.273
46402,2011-02-19T09:30:00+00:00,-1714584,4719.376
46402,2011-02-19T09:45:00+00:00,-1713684,4719.473
46402,2011-02-19T10:00:00+00:00,-1712784,4719.564
46402,2011-02-19T10:15:00+00:00,-1711884,4719.645
46402,2011-02-19T10:30:00+00:00,-1710984,4719.720
46402,2011-02-19T10:45:00+00:00,-1710084,4719.784
46402,2011-02-19T11:00:00+00:00,-1709184,4719.835
46402,2011-02-19T11:15:00+00:00,-1708284,4719.878
46402,2011-02-19T11:30:00+00:00,-1707384,4719.909
46402,2011-02-19T11:45:00+00:00,-1706484,4719.930
46402,2011-02-19T12:00:00+00:00,-1705584,4719.941
46402,2011-02-19T12:15:00+00:00,-1704684,4719.938
46402,2011-02-19T12:30:00+00:00,-1703784,4719.922
46402,2011-02-19T12:45:00+00:00,-1702884,4719.895
46402,2011-02-19T13:00:00+00:00,-1701984,4719.856
46402,2011-02-19T13:15:00+00:00,-1701084,4719.805
46402,2011-02-19T13:30:00+00:00,-1700184,4719.745
46402,2011-02-19T13:45:00+00:00,-1699284,4719.674
46402,2011-02-19T14:00:00+00:00,-1698384,4719.606
46402,2011-02-19T14:15:00+00:00,-1697484,4719.527
46402,2011-02-19T14:30:00+00:00,-1696584,4719.442
46402,2011-02-19T14:45:00+00:00,-1695684,4719.358
46402,2011-02-19T15:00:00+00:00,-1694784,4719.274
46402,2011-02-19T15:15:00+00:00,-1693884,4719.189
46402,2011-02-19T15:30:00+00:00,-1692984,4719.105
46402,2011-02-19T15:45:00+00:00,-1692084,4719.023
46402,2011-02-19T16:00:00+00:00,-1691184,4718.949
46402,2011-02-19T16:15:00+00:00,-1690284,4718.883
46402,2011-02-19T16:30:00+00:00,-1689384,4718.822
46402,2011-02-19T16:45:00+00:00,-1688484,4718.771
46402,2011-02-19T17:00:00+00:00,-1687584,4718.727
46402,2011-02-19T17:15:00+00:00,-1686684,4718.699
46402,2011-02-19T17:30:00+00:00,-1685784,4718.679
46402,2011-02-19T17:45:00+00:00,-1684884,4718.670
46402,2011-02-19T18:00:00+00:00,-1683984,4718.675
46402,2011-02-19T18:15:00+00:00,-1683084,4718.691
46402,2011-02-19T18:30:00+00:00,-1682184,4718.722
46402,2011-02-19T18:45:00+00:00,-1681284,4718.759
46402,2011-02-19T19:00:00+00:00,-1680384,4718.810
46402,2011-02-19T19:15:00+00:00,-1679484,4718.870
46402,2011-02-19T19:30:00+00:00,-1678584,4718.939
46402,2011-02-19T19:45:00+00:00,-1677684,4719.012
46402,2011-02-19T20:00:00+00:00,-1676784,4719.093
46402,2011-02-19T20:15:00+00:00,-1675884,4719.181
46402,2011-02-19T20:30:00+00:00,-1674984,4719.273
46402,2011-02-19T20:45:00+00:00,-1674084,4719.367
46402,2011-02-19T21:00:00+00:00,-1673184,4719.459
46402,2011-02-19T21:15:00+00:00,-1672284,4719.552
46402,2011-02-19T21:30:00+00:00,-1671384,4719.640
46402,2011-02-19T21:45:00+00:00,-1670484,4719.724
46402,2011-02-19T22:00:00+00:00,-1669584,4719.798
46402,2011-02-19T22:15:00+00:00,-1668684,4719.866
46402,2011-02-19T22:30:00+00:00,-1667784,4719.931
46402,2011-02-19T22:45:00+00:00,-1666884,4719.979
46402,2011-02-19T23:00:00+00:00,-1665984,4720.021
46402,2011-02-19T23:15:00+00:00,-1665084,4720.051
46402,2011-02-19T23:30:00+00:00,-1664184,4720.069
46402,2011-02-19T23:45:00+00:00,-1663284,4720.078
46402,2011-02-20T00:00:00+00:00,-1662384,4720.072
46402,2011-02-20T00:15:00+00:00,-1661484,4720.051
46402,2011-02-20T00:30:00+00:00,-1660584,4720.020
46402,2011-02-20T00:45:00+00:00,-1659684,4719.979
46402,2011-02-20T01:00:00+00:00,-1658784,4719.926
46402,2011-02-20T01:15:00+00:00,-1657884,4719.860
46402,2011-02-20T01:30:00+00:00,-1656984,4719.785
46402,2011-02-20T01:45:00+00:00,-1656084,4719.706
46402,2011-02-20T02:00:00+00:00,-1655184,4719.617
46402,2011-02-20T02:15:00+00:00,-1654284,4719.518
46402,2011-02-20T02:30:00+00:00,-1653384,4719.418
46402,2011-02-20T02:45:00+00:00,-1652484,4719.314
46402,2011-02-20T03:00:00+00:00,-1651584,4719.207
46402,2011-02-20T03:15:00+00:00,-1650684,4719.099
46402,2011-02-20T03:30:00+00:00,-1649784,4718.992
46402,2011-02-20T03:45:00+00:00,-1648884,4718.890
46402,2011-02-20T04:00:00+00:00,-1647984,4718.791
46402,2011-02-20T04:15:00+00:00,-1647084,4718.701
46402,2011-02-20T04:30:00+00:00,-1646184,4718.617
46402,2011-02-20T04:45:00+00:00,-1645284,4718.546
46402,2011-02-20T05:00:00+00:00,-1644384,4718.486
46402,2011-02-20T05:15:00+00:00,-1643484,4718.432
46402,2011-02-20T05:30:00+00:00,-1642584,4718.392
46402,2011-02-20T05:45:00+00:00,-1641684,4718.361
46402,2011-02-20T06:00:00+00:00,-1640784,4718.344
46402,2011-02-20T06:15:00+00:00,-1639884,4718.341
46402,2011-02-20T06:30:00+00:00,-1638984,4718.350
46402,2011-02-20T06:45:00+00:00,-1638084,4718.374
46402,2011-02-20T07:00:00+00:00,-1637184,4718.415
46402,2011-02-20T07:15:00+00:00,-1636284,4718.466
46402,2011-02-20T07:30:00+00:00,-1635384,4718.529
46402,2011-02-20T07:45:00+00:00,-1634484,4718.602
46402,2011-02-20T08:00:00+00:00,-1633584,4718.685
46402,2011-02-20T08:15:00+00:00,-1632684,4718.773
46402,2011-02-20T08:30:00+00:00,-1631784,4718.868
46402,2011-02-20T08:45:00+00:00,-1630884,4718.970
46402,2011-02-20T09:00:00+00:00,-1629984,4719.075
46402,2011-02-20T09:15:00+00:00,-1629084,4719.182
46402,2011-02-20T09:30:00+00:00,-1628184,4719.287
46402,2011-02-20T09:45:00+00:00,-1627284,4719.394
46402,2011-02-20T10:00:00+00:00,-1626384,4719.495
46402,2011-02-20T10:15:00+00:00,-1625484,4719.591
46402,2011-02-20T10:30:00+00:00,-1624584,4719.684
46402,2011-02-20T10:45:00+00:00,-1623684,4719.767
46402,2011-02-20T11:00:00+00:00,-1622784,4719.840
46402,2011-02-20T11:15:00+00:00,-1621884,4719.908
46402,2011-02-20T11:30:00+00:00,-1620984,4719.963
46402,2011-02-20T11:45:00+00:00,-1620084,4720.008
46402,2011-02-20T12:00:00+00:00,-1619184,4720.041
46402,2011-02-20T12:15:00+00:00,-1618284,4720.062
46402,2011-02-20T12:30:00+00:00,-1617384,4720.073
46402,2011-02-20T12:45:00+00:00,-1616484,4720.067
46402,2011-02-20T13:00:00+00:00,-1615584,4720.050
46402,2011-02-20T13:15:00+00:00,-1614684,4720.019
46402,2011-02-20T13:30:00+00:00,-1613784,4719.976
46402,2011-02-20T13:45:00+00:00,-1612884,4719.923
46402,2011-02-20T14:00:00+00:00,-1611984,4719.862
46402,2011-02-20T14:15:00+00:00,-1611084,4719.788
46402,2011-02-20T14:30:00+00:00,-1610184,4719.710
46402,2011-02-20T14:45:00+00:00,-1609284,4719.625
46402,2011-02-20T15:00:00+00:00,-1608384,4719.535
46402,2011-02-20T15:15:00+00:00,-1607484,4719.441
46402,2011-02-20T15:30:00+00:00,-1606584,4719.344
46402,2011-02-20T15:45:00+00:00,-1605684,4719.247
46402,2011-02-20T16:00:00+00:00,-1604784,4719.149
46402,2011-02-20T16:15:00+00:00,-1603884,4719.058
46402,2011-02-20T16:30:00+00:00,-1602984,4718.966
46402,2011-02-20T16:45:00+00:00,-1602084,4718.882
46402,2011-02-20T17:00:00+00:00,-1601184,4718.804
46402,2011-02-20T17:15:00+00:00,-1600284,4718.737
46402,2011-02-20T17:30:00+00:00,-1599384,4718.676
46402,2011-02-20T17:45:00+00:00,-1598484,4718.630
46402,2011-02-20T18:00:00+00:00,-1597584,4718.597
46402,2011-02-20T18:15:00+00:00,-1596684,4718.574
46402,2011-02-20T18:30:00+00:00,-1595784,4718.564
46402,2011-02-20T18:45:00+00:00,-1594884,4718.562
46402,2011-02-20T19:00:00+00:00,-1593984,4718.574
46402,2011-02-20T19:15:00+00:00,-1593084,4718.597
46402,2011-02-20T19:30:00+00:00,-1592184,4718.629
46402,2011-02-20T19:45:00+00:00,-1591284,4718.675
46402,2011-02-20T20:00:00+00:00,-1590384,4718.729
46402,2011-02-20T20:15:00+00:00,-1589484,4718.792
46402,2011-02-20T20:30:00+00:00,-1588584,4718.863
46402,2011-02-20T20:45:00+00:00,-1587684,4718.939
46402,2011-02-20T21:00:00+00:00,-1586784,4719.021
46402,2011-02-20T21:15:00+00:00,-1585884,4719.108
46402,2011-02-20T21:30:00+00:00,-1584984,4719.196
46402,2011-02-20T21:45:00+00:00,-1584084,4719.289
46402,2011-02-20T22:00:00+00:00,-1583184,4719.378
46402,2011-02-20T22:15:00+00:00,-1582284,4719.463
46402,2011-02-20T22:30:00+00:00,-1581384,4719.545
46402,2011-02-20T22:45:00+00:00,-1580484,4719.622
46402,2011-02-20T23:00:00+00:00,-1579584,4719.691
46402,2011-02-20T23:15:00+00:00,-1578684,4719.753
46402,2011-02-20T23:30:00+00:00,-1577784,4719.806
46402,2011-02-20T23:45:00+00:00,-1576884,4719.848
46402,2011-02-21T00:00:00+00:00,-1575984,4719.882
46402,2011-02-21T00:15:00+00:00,-1575084,4719.906
46402,2011-02-21T00:30:00+00:00,-1574184,4719.917
46402,2011-02-21T00:45:00+00:00,-1573284,4719.921
46402,2011-02-21T01:00:00+00:00,-1572384,4719.908
46402,2011-02-21T01:15:00+00:00,-1571484,4719.890
46402,2011-02-21T01:30:00+00:00,-1570584,4719.859
46402,2011-02-21T01:45:00+00:00,-1569684,4719.818
46402,2011-02-21T02:00:00+00:00,-1568784,4719.768
46402,2011-02-21T02:15:00+00:00,-1567884,4719.706
46402,2011-02-21T02:30:00+00:00,-1566984,4719.638
46402,2011-02-21T02:45:00+00:00,-1566084,4719.562
46402,2011-02-21T03:00:00+00:00,-1565184,4719.481
46402,2011-02-21T03:15:00+00:00,-1564284,4719.398
46402,2011-02-21T03:30:00+00:00,-1563384,4719.309
46402,2011-02-21T03:45:00+00:00,-1562484,4719.219
46402,2011-02-21T04:00:00+00:00,-1561584,4719.129
46402,2011-02-21T04:15:00+00:00,-1560684,4719.042
46402,2011-02-21T04:30:00+00:00,-1559784,4718.956
46402,2011-02-21T04:45:00+00:00,-1558884,4718.875
46402,2011-02-21T05:00:00+00:00,-1557984,4718.801
46402,2011-02-21T05:15:00+00:00,-1557084,4718.736
46402,2011-02-21T05:30:00+00:00,-1556184,4718.680
46402,2011-02-21T05:45:00+00:00,-1555284,4718.629
46402,2011-02-21T06:00:00+00:00,-1554384,4718.590
46402,2011-02-21T06:15:00+00:00,-1553484,4718.563
46402,2011-02-21T06:30:00+00:00,-1552584,4718.546
46402,2011-02-21T06:45:00+00:00,-1551684,4718.543
46402,2011-02-21T07:00:00+00:00,-1550784,4718.552
46402,2011-02-21T07:15:00+00:00,-1549884,4718.572
46402,2011-02-21T07:30:00+00:00,-1548984,4718.607
46402,2011-02-21T07:45:00+00:00,-1548084,4718.651
46402,2011-02-21T08:00:00+00:00,-1547184,4718.703
46402,2011-02-21T08:15:00+00:00,-1546284,4718.766
46402,2011-02-21T08:30:00+00:00,-1545384,4718.838
46402,2011-02-21T08:45:00+00:00,-1544484,4718.919
46402,2011-02-21T09:00:00+00:00,-1543584,4719.006
46402,2011-02-21T09:15:00+00:00,-1542684,4719.098
46402,2011-02-21T09:30:00+00:00,-1541784,4719.194
46402,2011-02-21T09:45:00+00:00,-1540884,4719.294
46402,2011-02-21T10:00:00+00:00,-1539984,4719.396
46402,2011-02-21T10:15:00+00:00,-1539084,4719.497
46402,2011-02-21T10:30:00+00:00,-1538184,4719.595
46402,2011-02-21T10:45:00+00:00,-1537284,4719.691
46402,2011-02-21T11:00:00+00:00,-1536384,4719.782
46402,2011-02-21T11:15:00+00:00,-1535484,4719.868
46402,2011-02-21T11:30:00+00:00,-1534584,4719.943
46402,2011-02-21T11:45:00+00:00,-1533684,4720.010
46402,2011-02-21T12:00:00+00:00,-1532784,4720.066
46402,2011-02-21T12:15:00+00:00,-1531884,4720.113
46402,2011-02-21T12:30:00+00:00,-1530984,4720.149
46402,2011-02-21T12:45:00+00:00,-1530084,4720.173
46402,2011-02-21T13:00:00+00:00,-1529184,4720.184
46402,2011-02-21T13:15:00+00:00,-1528284,4720.181
46402,2011-02-21T13:30:00+00:00,-1527384,4720.165
46402,2011-02-21T13:45:00+00:00,-1526484,4720.136
46402,2011-02-21T14:00:00+00:00,-1525584,4720.097
46402,2011-02-21T14:15:00+00:00,-1524684,4720.048
46402,2011-02-21T14:30:00+00:00,-1523784,4719.986
46402,2011-02-21T14:45:00+00:00,-1522884,4719.920
46402,2011-02-21T15:00:00+00:00,-1521984,4719.842
46402,2011-02-21T15:15:00+00:00,-1521084,4719.758
46402,2011-02-21T15:30:00+00:00,-1520184,4719.669
46402,2011-02-21T15:45:00+00:00,-1519284,4719.573
46402,2011-02-21T16:00:00+00:00,-1518384,4719.474
46402,2011-02-21T16:15:00+00:00,-1517484,4719.373
46402,2011-02-21T16:30:00+00:00,-1516584,4719.270
46402,2011-02-21T16:45:00+00:00,-1515684,4719.170
46402,2011-02-21T17:00:00+00:00,-1514784,4719.073
46402,2011-02-21T17:15:00+00:00,-1513884,4718.978
46402,2011-02-21T17:30:00+00:00,-1512984,4718.891
46402,2011-02-21T17:45:00+00:00,-1512084,4718.811
46402,2011-02-21T18:00:00+00:00,-1511184,4718.742
46402,2011-02-21T18:15:00+00:00,-1510284,4718.680
46402,2011-02-21T18:30:00+00:00,-1509384,4718.630
46402,2011-02-21T18:45:00+00:00,-1508484,4718.585
46402,2011-02-21T19:00:00+00:00,-1507584,4718.554
46402,2011-02-21T19:15:00+00:00,-1506684,4718.531
46402,2011-02-21T19:30:00+00:00,-1505784,4718.521
46402,2011-02-21T19:45:00+00:00,-1504884,4718.520
46402,2011-02-21T20:00:00+00:00,-1503984,4718.532
46402,2011-02-21T20:15:00+00:00,-1503084,4718.555
46402,2011-02-21T20:30:00+00:00,-1502184,4718.588
46402,2011-02-21T20:45:00+00:00,-1501284,4718.631
46402,2011-02-21T21:00:00+00:00,-1500384,4718.686
46402,2011-02-21T21:15:00+00:00,-1499484,4718.746
46402,2011-02-21T21:30:00+00:00,-1498584,4718.813
46402,2011-02-21T21:45:00+00:00,-1497684,4718.886
46402,2011-02-21T22:00:00+00:00,-1496784,4718.962
46402,2011-02-21T22:15:00+00:00,-1495884,4719.043
46402,2011-02-21T22:30:00+00:00,-1494984,4719.123
46402,2011-02-21T22:45:00+00:00,-1494084,4719.204
46402,2011-02-21T23:00:00+00:00,-1493184,4719.285
46402,2011-02-21T23:15:00+00:00,-1492284,4719.361
46402,2011-02-21T23:30:00+00:00,-1491384,4719.431
46402,2011-02-21T23:45:00+00:00,-1490484,4719.496
46402,2011-02-22T00:00:00+00:00,-1489584,4719.557
46402,2011-02-22T00:15:00+00:00,-1488684,4719.611
46402,2011-02-22T00:30:00+00:00,-1487784,4719.659
46402,2011-02-22T00:45:00+00:00,-1486884,4719.695
46402,2011-02-22T01:00:00+00:00,-1485984,4719.723
46402,2011-02-22T01:15:00+00:00,-1485084,4719.742
46402,2011-02-22T01:30:00+00:00,-1484184,4719.752
46402,2011-02-22T01:45:00+00:00,-1483284,4719.751
46402,2011-02-22T02:00:00+00:00,-1482384,4719.742
46402,2011-02-22T02:15:00+00:00,-1481484,4719.722
46402,2011-02-22T02:30:00+00:00,-1480584,4719.693
46402,2011-02-22T02:45:00+00:00,-1479684,4719.657
46402,2011-02-22T03:00:00+00:00,-1478784,4719.613
46402,2011-02-22T03:15:00+00:00,-1477884,4719.562
46402,2011-02-22T03:30:00+00:00,-1476984,4719.506
46402,2011-02-22T03:45:00+00:00,-1476084,4719.445
46402,2011-02-22T04:00:00+00:00,-1475184,4719.384
46402,2011-02-22T04:15:00+00:00,-1474284,4719.318
46402,2011-02-22T04:30:00+00:00,-1473384,4719.249
46402,2011-02-22T04:45:00+00:00,-1472484,4719.181
46402,2011-02-22T05:00:00+00:00,-1471584,4719.113
46402,2011-02-22T05:15:00+00:00,-1470684,4719.051
46402,2011-02-22T05:30:00+00:00,-1469784,4718.989
46402,2011-02-22T05:45:00+00:00,-1468884,4718.932
46402,2011-02-22T06:00:00+00:00,-1467984,4718.880
46402,2011-02-22T06:15:00+00:00,-1467084,4718.839
46402,2011-02-22T06:30:00+00:00,-1466184,4718.804
46402,2011-02-22T06:45:00+00:00,-1465284,4718.780
46402,2011-02-22T07:00:00+00:00,-1464384,4718.765
46402,2011-02-22T07:15:00+00:00,-1463484,4718.761
46402,2011-02-22T07:30:00+00:00,-1462584,4718.767
46402,2011-02-22T07:45:00+00:00,-1461684,4718.782
46402,2011-02-22T08:00:00+00:00,-1460784,4718.806
46402,2011-02-22T08:15:00+00:00,-1459884,4718.838
46402,2011-02-22T08:30:00+00:00,-1458984,4718.882
46402,2011-02-22T08:45:00+00:00,-1458084,4718.934
46402,2011-02-22T09:00:00+00:00,-1457184,4718.994
46402,2011-02-22T09:15:00+00:00,-1456284,4719.064
46402,2011-02-22T09:30:00+00:00,-1455384,4719.139
46402,2011-02-22T09:45:00+00:00,-1454484,4719.220
46402,2011-02-22T10:00:00+00:00,-1453584,4719.304
46402,2011-02-22T10:15:00+00:00,-1452684,4719.389
46402,2011-02-22T10:30:00+00:00,-1451784,4719.476
46402,2011-02-22T10:45:00+00:00,-1450884,4719.564
46402,2011-02-22T11:00:00+00:00,-1449984,4719.652
46402,2011-02-22T11:15:00+00:00,-1449084,4719.735
46402,2011-02-22T11:30:00+00:00,-1448184,4719.816
46402,2011-02-22T11:45:00+00:00,-1447284,4719.891
46402,2011-02-22T12:00:00+00:00,-1446384,4719.961
46402,2011-02-22T12:15:00+00:00,-1445484,4720.023
46402,2011-02-22T12:30:00+00:00,-1444584,4720.076
46402,2011-02-22T12:45:00+00:00,-1443684,4720.121
46402,2011-02-22T13:00:00+00:00,-1442784,4720.159
46402,2011-02-22T13:15:00+00:00,-1441884,4720.184
46402,2011-02-22T13:30:00+00:00,-1440984,4720.198
46402,2011-02-22T13:45:00+00:00,-1440084,4720.201
46402,2011-02-22T14:00:00+00:00,-1439184,4720.193
46402,2011-02-22T14:15:00+00:00,-1438284,4720.173
46402,2011-02-22T14:30:00+00:00,-1437384,4720.144
46402,2011-02-22T14:45:00+00:00,-1436484,4720.105
46402,2011-02-22T15:00:00+00:00,-1435584,4720.055
46402,2011-02-22T15:15:00+00:00,-1434684,4719.995
46402,2011-02-22T15:30:00+00:00,-1433784,4719.927
46402,2011-02-22T15:45:00+00:00,-1432884,4719.855
46402,2011-02-22T16:00:00+00:00,-1431984,4719.773
46402,2011-02-22T16:15:00+00:00,-1431084,4719.684
46402,2011-02-22T16:30:00+00:00,-1430184,4719.592
46402,2011-02-22T16:45:00+00:00,-1429284,4719.495
46402,2011-02-22T17:00:00+00:00,-1428384,4719.398
46402,2011-02-22T17:15:00+00:00,-1427484,4719.297
46402,2011-02-22T17:30:00+00:00,-1426584,4719.201
46402,2011-02-22T17:45:00+00:00,-1425684,4719.108
46402,2011-02-22T18:00:00+00:00,-1424784,4719.017
46402,2011-02-22T18:15:00+00:00,-1423884,4718.934
46402,2011-02-22T18:30:00+00:00,-1422984,4718.855
46402,2011-02-22T18:45:00+00:00,-1422084,4718.784
46402,2011-02-22T19:00:00+00:00,-1421184,4718.720
46402,2011-02-22T19:15:00+00:00,-1420284,4718.663
46402,2011-02-22T19:30:00+00:00,-1419384,4718.616
46402,2011-02-22T19:45:00+00:00,-1418484,4718.577
46402,2011-02-22T20:00:00+00:00,-1417584,4718.551
46402,2011-02-22T20:15:00+00:00,-1416684,4718.533
46402,2011-02-22T20:30:00+00:00,-1415784,4718.527
46402,2011-02-22T20:45:00+00:00,-1414884,4718.527
46402,2011-02-22T21:00:00+00:00,-1413984,4718.540
46402,2011-02-22T21:15:00+00:00,-1413084,4718.560
46402,2011-02-22T21:30:00+00:00,-1412184,4718.590
46402,2011-02-22T21:45:00+00:00,-1411284,4718.628
46402,2011-02-22T22:00:00+00:00,-1410384,4718.676
46402,2011-02-22T22:15:00+00:00,-1409484,4718.731
46402,2011-02-22T22:30:00+00:00,-1408584,4718.788
46402,2011-02-22T22:45:00+00:00,-1407684,4718.850
46402,2011-02-22T23:00:00+00:00,-1406784,4718.916
46402,2011-02-22T23:15:00+00:00,-1405884,4718.985
46402,2011-02-22T23:30:00+00:00,-1404984,4719.052
46402,2011-02-22T23:45:00+00:00,-1404084,4719.119
46402,2011-02-23T00:00:00+00:00,-1403184,4719.187
46402,2011-02-23T00:15:00+00:00,-1402284,4719.253
46402,2011-02-23T00:30:00+00:00,-1401384,4719.312
46402,2011-02-23T00:45:00+00:00,-1400484,4719.366
46402,2011-02-23T01:00:00+00:00,-1399584,4719.415
46402,2011-02-23T01:15:00+00:00,-1398684,4719.459
46402,2011-02-23T01:30:00+00:00,-1397784,4719.498
46402,2011-02-23T01:45:00+00:00,-1396884,4719.530
46402,2011-02-23T02:00:00+00:00,-1395984,4719.555
46402,2011-02-23T02:15:00+00:00,-1395084,4719.570
46402,2011-02-23T02:30:00+00:00,-1394184,4719.581
46402,2011-02-23T02:45:00+00:00,-1393284,4719.581
46402,2011-02-23T03:00:00+00:00,-1392384,4719.575
46402,2011-02-23T03:15:00+00:00,-1391484,4719.565
46402,2011-02-23T03:30:00+00:00,-1390584,4719.546
46402,2011-02-23T03:45:00+00:00,-1389684,4719.521
46402,2011-02-23T04:00:00+00:00,-1388784,4719.491
46402,2011-02-23T04:15:00+00:00,-1387884,4719.456
46402,2011-02-23T04:30:00+00:00,-1386984,4719.420
46402,2011-02-23T04:45:00+00:00,-1386084,4719.380
46402,2011-02-23T05:00:00+00:00,-1385184,4719.335
46402,2011-02-23T05:15:00+00:00,-1384284,4719.291
46402,2011-02-23T05:30:00+00:00,-1383384,4719.244
46402,2011-02-23T05:45:00+00:00,-1382484,4719.198
46402,2011-02-23T06:00:00+00:00,-1381584,4719.152
46402,2011-02-23T06:15:00+00:00,-1380684,4719.112
46402,2011-02-23T06:30:00+00:00,-1379784,4719.073
46402,2011-02-23T06:45:00+00:00,-1378884,4719.040
46402,2011-02-23T07:00:00+00:00,-1377984,4719.015
46402,2011-02-23T07:15:00+00:00,-1377084,4718.997
46402,2011-02-23T07:30:00+00:00,-1376184,4718.984
46402,2011-02-23T07:45:00+00:00,-1375284,4718.981
46402,2011-02-23T08:00:00+00:00,-1374384,4718.984
46402,2011-02-23T08:15:00+00:00,-1373484,4718.999
46402,2011-02-23T08:30:00+00:00,-1372584,4719.017
46402,2011-02-23T08:45:00+00:00,-1371684,4719.044
46402,2011-02-23T09:00:00+00:00,-1370784,4719.077
46402,2011-02-23T09:15:00+00:00,-1369884,4719.117
46402,2011-02-23T09:30:00+00:00,-1368984,4719.165
46402,2011-02-23T09:45:00+00:00,-1368084,4719.218
46402,2011-02-23T10:00:00+00:00,-1367184,4719.273
46402,2011-02-23T10:15:00+00:00,-1366284,4719.336
46402,2011-02-23T10:30:00+00:00,-1365384,4719.401
46402,2011-02-23T10:45:00+00:00,-1364484,4719.472
46402,2011-02-23T11:00:00+00:00,-1363584,4719.543
46402,2011-02-23T11:15:00+00:00,-1362684,4719.615
46402,2011-02-23T11:30:00+00:00,-1361784,4719.687
46402,2011-02-23T11:45:00+00:00,-1360884,4719.757
46402,2011-02-23T12:00:00+00:00,-1359984,4719.828
46402,2011-02-23T12:15:00+00:00,-1359084,4719.889
46402,2011-02-23T12:30:00+00:00,-1358184,4719.950
46402,2011-02-23T12:45:00+00:00,-1357284,4720.006
46402,2011-02-23T13:00:00+00:00,-1356384,4720.055
46402,2011-02-23T13:15:00+00:00,-1355484,4720.097
46402,2011-02-23T13:30:00+00:00,-1354584,4720.133
46402,2011-02-23T13:45:00+00:00,-1353684,4720.159
46402,2011-02-23T14:00:00+00:00,-1352784,4720.180
46402,2011-02-23T14:15:00+00:00,-1351884,4720.193
46402,2011-02-23T14:30:00+00:00,-1350984,4720.194
46402,2011-02-23T14:45:00+00:00,-1350084,4720.186
46402,2011-02-23T15:00:00+00:00,-1349184,4720.169
46402,2011-02-23T15:15:00+00:00,-1348284,4720.140
46402,2011-02-23T15:30:00+00:00,-1347384,4720.105
46402,2011-02-23T15:45:00+00:00,-1346484,4720.060
46402,2011-02-23T16:00:00+00:00,-1345584,4720.004
46402,2011-02-23T16:15:00+00:00,-1344684,4719.943
46402,2011-02-23T16:30:00+00:00,-1343784,4719.876
46402,2011-02-23T16:45:00+00:00,-1342884,4719.806
46402,2011-02-23T17:00:00+00:00,-1341984,4719.727
46402,2011-02-23T17:15:00+00:00,-1341084,4719.644
46402,2011-02-23T17:30:00+00:00,-1340184,4719.559
46402,2011-02-23T17:45:00+00:00,-1339284,4719.471
46402,2011-02-23T18:00:00+00:00,-1338384,4719.384
46402,2011-02-23T18:15:00+00:00,-1337484,4719.296
46402,2011-02-23T18:30:00+00:00,-1336584,4719.209
46402,2011-02-23T18:45:00+00:00,-1335684,4719.125
46402,2011-02-23T19:00:00+00:00,-1334784,4719.041
46402,2011-02-23T19:15:00+00:00,-1333884,4718.966
46402,2011-02-23T19:30:00+00:00,-1332984,4718.894
46402,2011-02-23T19:45:00+00:00,-1332084,4718.831
46402,2011-02-23T20:00:00+00:00,-1331184,4718.769
46402,2011-02-23T20:15:00+00:00,-1330284,4718.715
46402,2011-02-23T20:30:00+00:00,-1329384,4718.668
46402,2011-02-23T20:45:00+00:00,-1328484,4718.628
46402,2011-02-23T21:00:00+00:00,-1327584,4718.600
46402,2011-02-23T21:15:00+00:00,-1326684,4718.578
46402,2011-02-23T21:30:00+00:00,-1325784,4718.566
46402,2011-02-23T21:45:00+00:00,-1324884,4718.561
46402,2011-02-23T22:00:00+00:00,-1323984,4718.567
46402,2011-02-23T22:15:00+00:00,-1323084,4718.580
46402,2011-02-23T22:30:00+00:00,-1322184,4718.603
46402,2011-02-23T22:45:00+00:00,-1321284,4718.631
46402,2011-02-23T23:00:00+00:00,-1320384,4718.662
46402,2011-02-23T23:15:00+00:00,-1319484,4718.701
46402,2011-02-23T23:30:00+00:00,-1318584,4718.742
46402,2011-02-23T23:45:00+00:00,-1317684,4718.789
46402,2011-02-24T00:00:00+00:00,-1316784,4718.836
46402,2011-02-24T00:15:00+00:00,-1315884,4718.888
46402,2011-02-24T00:30:00+00:00,-1314984,4718.942
46402,2011-02-24T00:45:00+00:00,-1314084,4718.996
46402,2011-02-24T01:00:00+00:00,-1313184,4719.047
46402,2011-02-24T01:15:00+00:00,-1312284,4719.100
46402,2011-02-24T01:30:00+00:00,-1311384,4719.152
46402,2011-02-24T01:45:00+00:00,-1310484,4719.196
46402,2011-02-24T02:00:00+00:00,-1309584,4719.239
46402,2011-02-24T02:15:00+00:00,-1308684,4719.280
46402,2011-02-24T02:30:00+00:00,-1307784,4719.313
46402,2011-02-24T02:45:00+00:00,-1306884,4719.343
46402,2011-02-24T03:00:00+00:00,-1305984,4719.367
46402,2011-02-24T03:15:00+00:00,-1305084,4719.385
46402,2011-02-24T03:30:00+00:00,-1304184,4719.400
46402,2011-02-24T03:45:00+00:00,-1303284,4719.408
46402,2011-02-24T04:00:00+00:00,-1302384,4719.416
46402,2011-02-24T04:15:00+00:00,-1301484,4719.419
46402,2011-02-24T04:30:00+00:00,-1300584,4719.415
46402,2011-02-24T04:45:00+00:00,-1299684,4719.411
46402,2011-02-24T05:00:00+00:00,-1298784,4719.398
46402,2011-02-24T05:15:00+00:00,-1297884,4719.385
46402,2011-02-24T05:30:00+00:00,-1296984,4719.367
46402,2011-02-24T05:45:00+00:00,-1296084,4719.347
46402,2011-02-24T06:00:00+00:00,-1295184,4719.323
46402,2011-02-24T06:15:00+00:00,-1294284,4719.299
46402,2011-02-24T06:30:00+00:00,-1293384,4719.275
46402,2011-02-24T06:45:00+00:00,-1292484,4719.251
46402,2011-02-24T07:00:00+00:00,-1291584,4719.229
46402,2011-02-24T07:15:00+00:00,-1290684,4719.209
46402,2011-02-24T07:30:00+00:00,-1289784,4719.191
46402,2011-02-24T07:45:00+00:00,-1288884,4719.178
46402,2011-02-24T08:00:00+00:00,-1287984,4719.169
46402,2011-02-24T08:15:00+00:00,-1287084,4719.168
46402,2011-02-24T08:30:00+00:00,-1286184,4719.168
46402,2011-02-24T08:45:00+00:00,-1285284,4719.178
46402,2011-02-24T09:00:00+00:00,-1284384,4719.188
46402,2011-02-24T09:15:00+00:00,-1283484,4719.207
46402,2011-02-24T09:30:00+00:00,-1282584,4719.228
46402,2011-02-24T09:45:00+00:00,-1281684,4719.253
46402,2011-02-24T10:00:00+00:00,-1280784,4719.284
46402,2011-02-24T10:15:00+00:00,-1279884,4719.320
46402,2011-02-24T10:30:00+00:00,-1278984,4719.359
46402,2011-02-24T10:45:00+00:00,-1278084,4719.401
46402,2011-02-24T11:00:00+00:00,-1277184,4719.449
46402,2011-02-24T11:15:00+00:00,-1276284,4719.499
46402,2011-02-24T11:30:00+00:00,-1275384,4719.551
46402,2011-02-24T11:45:00+00:00,-1274484,4719.605
46402,2011-02-24T12:00:00+00:00,-1273584,4719.662
46402,2011-02-24T12:15:00+00:00,-1272684,4719.716
46402,2011-02-24T12:30:00+00:00,-1271784,4719.772
46402,2011-02-24T12:45:00+00:00,-1270884,4719.825
46402,2011-02-24T13:00:00+00:00,-1269984,4719.875
46402,2011-02-24T13:15:00+00:00,-1269084,4719.922
46402,2011-02-24T13:30:00+00:00,-1268184,4719.966
46402,2011-02-24T13:45:00+00:00,-1267284,4720.005
46402,2011-02-24T14:00:00+00:00,-1266384,4720.038
46402,2011-02-24T14:15:00+00:00,-1265484,4720.067
46402,2011-02-24T14:30:00+00:00,-1264584,4720.088
46402,2011-02-24T14:45:00+00:00,-1263684,4720.102
46402,2011-02-24T15:00:00+00:00,-1262784,4720.111
46402,2011-02-24T15:15:00+00:00,-1261884,4720.112
46402,2011-02-24T15:30:00+00:00,-1260984,4720.104
46402,2011-02-24T15:45:00+00:00,-1260084,4720.093
46402,2011-02-24T16:00:00+00:00,-1259184,4720.073
46402,2011-02-24T16:15:00+00:00,-1258284,4720.042
46402,2011-02-24T16:30:00+00:00,-1257384,4720.005
46402,2011-02-24T16:45:00+00:00,-1256484,4719.962
46402,2011-02-24T17:00:00+00:00,-1255584,4719.910
46402,2011-02-24T17:15:00+00:00,-1254684,4719.856
46402,2011-02-24T17:30:00+00:00,-1253784,4719.792
46402,2011-02-24T17:45:00+00:00,-1252884,4719.727
46402,2011-02-24T18:00:00+00:00,-1251984,4719.658
46402,2011-02-24T18:15:00+00:00,-1251084,4719.586
46402,2011-02-24T18:30:00+00:00,-1250184,4719.511
46402,2011-02-24T18:45:00+00:00,-1249284,4719.437
46402,2011-02-24T19:00:00+00:00,-1248384,4719.356
46402,2011-02-24T19:15:00+00:00,-1247484,4719.277
46402,2011-02-24T19:30:00+00:00,-1246584,4719.200
46402,2011-02-24T19:45:00+00:00,-1245684,4719.128
46402,2011-02-24T20:00:00+00:00,-1244784,4719.054
46402,2011-02-24T20:15:00+00:00,-1243884,4718.987
46402,2011-02-24T20:30:00+00:00,-1242984,4718.923
46402,2011-02-24T20:45:00+00:00,-1242084,4718.860
46402,2011-02-24T21:00:00+00:00,-1241184,4718.802
46402,2011-02-24T21:15:00+00:00,-1240284,4718.751
46402,2011-02-24T21:30:00+00:00,-1239384,4718.710
46402,2011-02-24T21:45:00+00:00,-1238484,4718.670
46402,2011-02-24T22:00:00+00:00,-1237584,4718.639
46402,2011-02-24T22:15:00+00:00,-1236684,4718.611
46402,2011-02-24T22:30:00+00:00,-1235784,4718.592
46402,2011-02-24T22:45:00+00:00,-1234884,4718.579
46402,2011-02-24T23:00:00+00:00,-1233984,4718.573
46402,2011-02-24T23:15:00+00:00,-1233084,4718.575
46402,2011-02-24T23:30:00+00:00,-1232184,4718.580
46402,2011-02-24T23:45:00+00:00,-1231284,4718.595
46402,2011-02-25T00:00:00+00:00,-1230384,4718.614
46402,2011-02-25T00:15:00+00:00,-1229484,4718.638
46402,2011-02-25T00:30:00+00:00,-1228584,4718.668
46402,2011-02-25T00:45:00+00:00,-1227684,4718.702
46402,2011-02-25T01:00:00+00:00,-1226784,4718.739
46402,2011-02-25T01:15:00+00:00,-1225884,4718.780
46402,2011-02-25T01:30:00+00:00,-1224984,4718.824
46402,2011-02-25T01:45:00+00:00,-1224084,4718.866
46402,2011-02-25T02:00:00+00:00,-1223184,4718.913
46402,2011-02-25T02:15:00+00:00,-1222284,4718.956
46402,2011-02-25T02:30:00+00:00,-1221384,4718.999
46402,2011-02-25T02:45:00+00:00,-1220484,4719.043
46402,2011-02-25T03:00:00+00:00,-1219584,4719.086
46402,2011-02-25T03:15:00+00:00,-1218684,4719.125
46402,2011-02-25T03:30:00+00:00,-1217784,4719.162
46402,2011-02-25T03:45:00+00:00,-1216884,4719.198
46402,2011-02-25T04:00:00+00:00,-1215984,4719.228
46402,2011-02-25T04:15:00+00:00,-1215084,4719.256
46402,2011-02-25T04:30:00+00:00,-1214184,4719.281
46402,2011-02-25T04:45:00+00:00,-1213284,4719.305
46402,2011-02-25T05:00:00+00:00,-1212384,4719.322
46402,2011-02-25T05:15:00+00:00,-1211484,4719.339
46402,2011-02-25T05:30:00+00:00,-1210584,4719.349
46402,2011-02-25T05:45:00+00:00,-1209684,4719.358
46402,2011-02-25T06:00:00+00:00,-1208784,4719.364
46402,2011-02-25T06:15:00+00:00,-1207884,4719.365
46402,2011-02-25T06:30:00+00:00,-1206984,4719.367
46402,2011-02-25T06:45:00+00:00,-1206084,4719.366
46402,2011-02-25T07:00:00+00:00,-1205184,4719.364
46402,2011-02-25T07:15:00+00:00,-1204284,4719.357
46402,2011-02-25T07:30:00+00:00,-1203384,4719.351
46402,2011-02-25T07:45:00+00:00,-1202484,4719.344
46402,2011-02-25T08:00:00+00:00,-1201584,4719.337
46402,2011-02-25T08:15:00+00:00,-1200684,4719.331
46402,2011-02-25T08:30:00+00:00,-1199784,4719.327
46402,2011-02-25T08:45:00+00:00,-1198884,4719.327
46402,2011-02-25T09:00:00+00:00,-1197984,4719.327
46402,2011-02-25T09:15:00+00:00,-1197084,4719.329
46402,2011-02-25T09:30:00+00:00,-1196184,4719.329
46402,2011-02-25T09:45:00+00:00,-1195284,4719.336
46402,2011-02-25T10:00:00+00:00,-1194384,4719.348
46402,2011-02-25T10:15:00+00:00,-1193484,4719.360
46402,2011-02-25T10:30:00+00:00,-1192584,4719.377
46402,2011-02-25T10:45:00+00:00,-1191684,4719.397
46402,2011-02-25T11:00:00+00:00,-1190784,4719.423
46402,2011-02-25T11:15:00+00:00,-1189884,4719.449
46402,2011-02-25T11:30:00+00:00,-1188984,4719.482
46402,2011-02-25T11:45:00+00:00,-1188084,4719.512
46402,2011-02-25T12:00:00+00:00,-1187184,4719.548
46402,2011-02-25T12:15:00+00:00,-1186284,4719.585
46402,2011-02-25T12:30:00+00:00,-1185384,4719.623
46402,2011-02-25T12:45:00+00:00,-1184484,4719.664
46402,2011-02-25T13:00:00+00:00,-1183584,4719.703
46402,2011-02-25T13:15:00+00:00,-1182684,4719.741
46402,2011-02-25T13:30:00+00:00,-1181784,4719.779
46402,2011-02-25T13:45:00+00:00,-1180884,4719.818
46402,2011-02-25T14:00:00+00:00,-1179984,4719.853
46402,2011-02-25T14:15:00+00:00,-1179084,4719.886
46402,2011-02-25T14:30:00+00:00,-1178184,4719.921
46402,2011-02-25T14:45:00+00:00,-1177284,4719.950
46402,2011-02-25T15:00:00+00:00,-1176384,4719.976
46402,2011-02-25T15:15:00+00:00,-1175484,4719.998
46402,2011-02-25T15:30:00+00:00,-1174584,4720.015
46402,2011-02-25T15:45:00+00:00,-1173684,4720.026
46402,2011-02-25T16:00:00+00:00,-1172784,4720.032
46402,2011-02-25T16:15:00+00:00,-1171884,4720.034
46402,2011-02-25T16:30:00+00:00,-1170984,4720.027
46402,2011-02-25T16:45:00+00:00,-1170084,4720.017
46402,2011-02-25T17:00:00+00:00,-1169184,4720.000
46402,2011-02-25T17:15:00+00:00,-1168284,4719.975
46402,2011-02-25T17:30:00+00:00,-1167384,4719.944
46402,2011-02-25T17:45:00+00:00,-1166484,4719.908
46402,2011-02-25T18:00:00+00:00,-1165584,4719.870
46402,2011-02-25T18:15:00+00:00,-1164684,4719.825
46402,2011-02-25T18:30:00+00:00,-1163784,4719.773
46402,2011-02-25T18:45:00+00:00,-1162884,4719.719
46402,2011-02-25T19:00:00+00:00,-1161984,4719.662
46402,2011-02-25T19:15:00+00:00,-1161084,4719.598
46402,2011-02-25T19:30:00+00:00,-1160184,4719.530
46402,2011-02-25T19:45:00+00:00,-1159284,4719.461
46402,2011-02-25T20:00:00+00:00,-1158384,4719.390
46402,2011-02-25T20:15:00+00:00,-1157484,4719.321
46402,2011-02-25T20:30:00+00:00,-1156584,4719.251
46402,2011-02-25T20:45:00+00:00,-1155684,4719.177
46402,2011-02-25T21:00:00+00:00,-1154784,4719.109
46402,2011-02-25T21:15:00+00:00,-1153884,4719.042
46402,2011-02-25T21:30:00+00:00,-1152984,4718.977
46402,2011-02-25T21:45:00+00:00,-1152084,4718.915
46402,2011-02-25T22:00:00+00:00,-1151184,4718.856
46402,2011-02-25T22:15:00+00:00,-1150284,4718.804
46402,2011-02-25T22:30:00+00:00,-1149384,4718.751
46402,2011-02-25T22:45:00+00:00,-1148484,4718.706
46402,2011-02-25T23:00:00+00:00,-1147584,4718.664
46402,2011-02-25T23:15:00+00:00,-1146684,4718.629
46402,2011-02-25T23:30:00+00:00,-1145784,4718.601
46402,2011-02-25T23:45:00+00:00,-1144884,4718.578
46402,2011-02-26T00:00:00+00:00,-1143984,4718.562
46402,2011-02-26T00:15:00+00:00,-1143084,4718.551
46402,2011-02-26T00:30:00+00:00,-1142184,4718.549
46402,2011-02-26T00:45:00+00:00,-1141284,4718.554
46402,2011-02-26T01:00:00+00:00,-1140384,4718.564
46402,2011-02-26T01:15:00+00:00,-1139484,4718.581
46402,2011-02-26T01:30:00+00:00,-1138584,4718.603
46402,2011-02-26T01:45:00+00:00,-1137684,4718.629
46402,2011-02-26T02:00:00+00:00,-1136784,4718.661
46402,2011-02-26T02:15:00+00:00,-1135884,4718.695
46402,2011-02-26T02:30:00+00:00,-1134984,4718.733
46402,2011-02-26T02:45:00+00:00,-1134084,4718.772
46402,2011-02-26T03:00:00+00:00,-1133184,4718.815
46402,2011-02-26T03:15:00+00:00,-1132284,4718.857
46402,2011-02-26T03:30:00+00:00,-1131384,4718.900
46402,2011-02-26T03:45:00+00:00,-1130484,4718.944
46402,2011-02-26T04:00:00+00:00,-1129584,4718.988
46402,2011-02-26T04:15:00+00:00,-1128684,4719.033
46402,2011-02-26T04:30:00+00:00,-1127784,4719.077
46402,2011-02-26T04:45:00+00:00,-1126884,4719.123
46402,2011-02-26T05:00:00+00:00,-1125984,4719.167
46402,2011-02-26T05:15:00+00:00,-1125084,4719.201
46402,2011-02-26T05:30:00+00:00,-1124184,4719.237
46402,2011-02-26T05:45:00+00:00,-1123284,4719.271
46402,2011-02-26T06:00:00+00:00,-1122384,4719.303
46402,2011-02-26T06:15:00+00:00,-1121484,4719.329
46402,2011-02-26T06:30:00+00:00,-1120584,4719.354
46402,2011-02-26T06:45:00+00:00,-1119684,4719.376
46402,2011-02-26T07:00:00+00:00,-1118784,4719.397
46402,2011-02-26T07:15:00+00:00,-1117884,4719.415
46402,2011-02-26T07:30:00+00:00,-1116984,4719.426
46402,2011-02-26T07:45:00+00:00,-1116084,4719.437
46402,2011-02-26T08:00:00+00:00,-1115184,4719.442
46402,2011-02-26T08:15:00+00:00,-1114284,4719.449
46402,2011-02-26T08:30:00+00:00,-1113384,4719.450
46402,2011-02-26T08:45:00+00:00,-1112484,4719.451
46402,2011-02-26T09:00:00+00:00,-1111584,4719.450
46402,2011-02-26T09:15:00+00:00,-1110684,4719.449
46402,2011-02-26T09:30:00+00:00,-1109784,4719.445
46402,2011-02-26T09:45:00+00:00,-1108884,4719.441
46402,2011-02-26T10:00:00+00:00,-1107984,4719.439
46402,2011-02-26T10:15:00+00:00,-1107084,4719.440
46402,2011-02-26T10:30:00+00:00,-1106184,4719.436
46402,2011-02-26T10:45:00+00:00,-1105284,4719.438
46402,2011-02-26T11:00:00+00:00,-1104384,4719.442
46402,2011-02-26T11:15:00+00:00,-1103484,4719.445
46402,2011-02-26T11:30:00+00:00,-1102584,4719.452
46402,2011-02-26T11:45:00+00:00,-1101684,4719.461
46402,2011-02-26T12:00:00+00:00,-1100784,4719.475
46402,2011-02-26T12:15:00+00:00,-1099884,4719.493
46402,2011-02-26T12:30:00+00:00,-1098984,4719.511
46402,2011-02-26T12:45:00+00:00,-1098084,4719.530
46402,2011-02-26T13:00:00+00:00,-1097184,4719.551
46402,2011-02-26T13:15:00+00:00,-1096284,4719.576
46402,2011-02-26T13:30:00+00:00,-1095384,4719.604
46402,2011-02-26T13:45:00+00:00,-1094484,4719.630
46402,2011-02-26T14:00:00+00:00,-1093584,4719.661
46402,2011-02-26T14:15:00+00:00,-1092684,4719.691
46402,2011-02-26T14:30:00+00:00,-1091784,4719.723
46402,2011-02-26T14:45:00+00:00,-1090884,4719.754
46402,2011-02-26T15:00:00+00:00,-1089984,4719.786
46402,2011-02-26T15:15:00+00:00,-1089084,4719.818
46402,2011-02-26T15:30:00+00:00,-1088184,4719.845
46402,2011-02-26T15:45:00+00:00,-1087284,4719.870
46402,2011-02-26T16:00:00+00:00,-1086384,4719.897
46402,2011-02-26T16:15:00+00:00,-1085484,4719.919
46402,2011-02-26T16:30:00+00:00,-1084584,4719.937
46402,2011-02-26T16:45:00+00:00,-1083684,4719.952
46402,2011-02-26T17:00:00+00:00,-1082784,4719.965
46402,2011-02-26T17:15:00+00:00,-1081884,4719.967
46402,2011-02-26T17:30:00+00:00,-1080984,4719.967
46402,2011-02-26T17:45:00+00:00,-1080084,4719.964
46402,2011-02-26T18:00:00+00:00,-1079184,4719.956
46402,2011-02-26T18:15:00+00:00,-1078284,4719.939
46402,2011-02-26T18:30:00+00:00,-1077384,4719.920
46402,2011-02-26T18:45:00+00:00,-1076484,4719.893
46402,2011-02-26T19:00:00+00:00,-1075584,4719.861
46402,2011-02-26T19:15:00+00:00,-1074684,4719.826
46402,2011-02-26T19:30:00+00:00,-1073784,4719.784
46402,2011-02-26T19:45:00+00:00,-1072884,4719.737
46402,2011-02-26T20:00:00+00:00,-1071984,4719.686
46402,2011-02-26T20:15:00+00:00,-1071084,4719.632
46402,2011-02-26T20:30:00+00:00,-1070184,4719.574
46402,2011-02-26T20:45:00+00:00,-1069284,4719.509
46402,2011-02-26T21:00:00+00:00,-1068384,4719.443
46402,2011-02-26T21:15:00+00:00,-1067484,4719.374
46402,2011-02-26T21:30:00+00:00,-1066584,4719.305
46402,2011-02-26T21:45:00+00:00,-1065684,4719.234
46402,2011-02-26T22:00:00+00:00,-1064784,4719.163
46402,2011-02-26T22:15:00+00:00,-1063884,4719.093
46402,2011-02-26T22:30:00+00:00,-1062984,4719.026
46402,2011-02-26T22:45:00+00:00,-1062084,4718.955
46402,2011-02-26T23:00:00+00:00,-1061184,4718.891
46402,2011-02-26T23:15:00+00:00,-1060284,4718.828
46402,2011-02-26T23:30:00+00:00,-1059384,4718.770
46402,2011-02-26T23:45:00+00:00,-1058484,4718.719
46402,2011-02-27T00:00:00+00:00,-1057584,4718.669
46402,2011-02-27T00:15:00+00:00,-1056684,4718.627
46402,2011-02-27T00:30:00+00:00,-1055784,4718.592
46402,2011-02-27T00:45:00+00:00,-1054884,4718.562
46402,2011-02-27T01:00:00+00:00,-1053984,4718.541
46402,2011-02-27T01:15:00+00:00,-1053084,4718.524
46402,2011-02-27T01:30:00+00:00,-1052184,4718.520
46402,2011-02-27T01:45:00+00:00,-1051284,4718.518
46402,2011-02-27T02:00:00+00:00,-1050384,4718.520
46402,2011-02-27T02:15:00+00:00,-1049484,4718.534
46402,2011-02-27T02:30:00+00:00,-1048584,4718.549
46402,2011-02-27T02:45:00+00:00,-1047684,4718.573
46402,2011-02-27T03:00:00+00:00,-1046784,4718.599
46402,2011-02-27T03:15:00+00:00,-1045884,4718.633
46402,2011-02-27T03:30:00+00:00,-1044984,4718.669
46402,2011-02-27T03:45:00+00:00,-1044084,4718.714
46402,2011-02-27T04:00:00+00:00,-1043184,4718.757
46402,2011-02-27T04:15:00+00:00,-1042284,4718.803
46402,2011-02-27T04:30:00+00:00,-1041384,4718.855
46402,2011-02-27T04:45:00+00:00,-1040484,4718.907
46402,2011-02-27T05:00:00+00:00,-1039584,4718.959
46402,2011-02-27T05:15:00+00:00,-1038684,4719.014
46402,2011-02-27T05:30:00+00:00,-1037784,4719.065
46402,2011-02-27T05:45:00+00:00,-1036884,4719.118
46402,2011-02-27T06:00:00+00:00,-1035984,4719.170
46402,2011-02-27T06:15:00+00:00,-1035084,4719.213
46402,2011-02-27T06:30:00+00:00,-1034184,4719.262
46402,2011-02-27T06:45:00+00:00,-1033284,4719.305
46402,2011-02-27T07:00:00+00:00,-1032384,4719.348
46402,2011-02-27T07:15:00+00:00,-1031484,4719.386
46402,2011-02-27T07:30:00+00:00,-1030584,4719.419
46402,2011-02-27T07:45:00+00:00,-1029684,4719.452
46402,2011-02-27T08:00:00+00:00,-1028784,4719.477
46402,2011-02-27T08:15:00+00:00,-1027884,4719.498
46402,2011-02-27T08:30:00+00:00,-1026984,4719.515
46402,2011-02-27T08:45:00+00:00,-1026084,4719.525
46402,2011-02-27T09:00:00+00:00,-1025184,4719.534
46402,2011-02-27T09:15:00+00:00,-1024284,4719.538
46402,2011-02-27T09:30:00+00:00,-1023384,4719.542
46402,2011-02-27T09:45:00+00:00,-1022484,4719.543
46402,2011-02-27T10:00:00+00:00,-1021584,4719.539
46402,2011-02-27T10:15:00+00:00,-1020684,4719.533
46402,2011-02-27T10:30:00+00:00,-1019784,4719.528
46402,2011-02-27T10:45:00+00:00,-1018884,4719.520
46402,2011-02-27T11:00:00+00:00,-1017984,4719.512
46402,2011-02-27T11:15:00+00:00,-1017084,4719.503
46402,2011-02-27T11:30:00+00:00,-1016184,4719.496
46402,2011-02-27T11:45:00+00:00,-1015284,4719.492
46402,2011-02-27T12:00:00+00:00,-1014384,4719.486
46402,2011-02-27T12:15:00+00:00,-1013484,4719.483
46402,2011-02-27T12:30:00+00:00,-1012584,4719.480
46402,2011-02-27T12:45:00+00:00,-1011684,4719.479
46402,2011-02-27T13:00:00+00:00,-1010784,4719.480
46402,2011-02-27T13:15:00+00:00,-1009884,4719.485
46402,2011-02-27T13:30:00+00:00,-1008984,4719.490
46402,2011-02-27T13:45:00+00:00,-1008084,4719.504
46402,2011-02-27T14:00:00+00:00,-1007184,4719.519
46402,2011-02-27T14:15:00+00:00,-1006284,4719.539
46402,2011-02-27T14:30:00+00:00,-1005384,4719.558
46402,2011-02-27T14:45:00+00:00,-1004484,4719.582
46402,2011-02-27T15:00:00+00:00,-1003584,4719.607
46402,2011-02-27T15:15:00+00:00,-1002684,4719.635
46402,2011-02-27T15:30:00+00:00,-1001784,4719.663
46402,2011-02-27T15:45:00+00:00,-1000884,4719.695
46402,2011-02-27T16:00:00+00:00,-999984,4719.727
46402,2011-02-27T16:15:00+00:00,-999084,4719.758
46402,2011-02-27T16:30:00+00:00,-998184,4719.788
46402,2011-02-27T16:45:00+00:00,-997284,4719.818
46402,2011-02-27T17:00:00+00:00,-996384,4719.845
46402,2011-02-27T17:15:00+00:00,-995484,4719.874
46402,2011-02-27T17:30:00+00:00,-994584,4719.900
46402,2011-02-27T17:45:00+00:00,-993684,4719.923
46402,2011-02-27T18:00:00+00:00,-992784,4719.940
46402,2011-02-27T18:15:00+00:00,-991884,4719.956
46402,2011-02-27T18:30:00+00:00,-990984,4719.964
46402,2011-02-27T18:45:00+00:00,-990084,4719.968
46402,2011-02-27T19:00:00+00:00,-989184,4719.972
46402,2011-02-27T19:15:00+00:00,-988284,4719.964
46402,2011-02-27T19:30:00+00:00,-987384,4719.949
46402,2011-02-27T19:45:00+00:00,-986484,4719.929
46402,2011-02-27T20:00:00+00:00,-985584,4719.903
46402,2011-02-27T20:15:00+00:00,-984684,4719.870
46402,2011-02-27T20:30:00+00:00,-983784,4719.829
46402,2011-02-27T20:45:00+00:00,-982884,4719.784
46402,2011-02-27T21:00:00+00:00,-981984,4719.734
46402,2011-02-27T21:15:00+00:00,-981084,4719.678
46402,2011-02-27T21:30:00+00:00,-980184,4719.617
46402,2011-02-27T21:45:00+00:00,-979284,4719.553
46402,2011-02-27T22:00:00+00:00,-978384,4719.485
46402,2011-02-27T22:15:00+00:00,-977484,4719.415
46402,2011-02-27T22:30:00+00:00,-976584,4719.341
46402,2011-02-27T22:45:00+00:00,-975684,4719.265
46402,2011-02-27T23:00:00+00:00,-974784,4719.188
46402,2011-02-27T23:15:00+00:00,-973884,4719.112
46402,2011-02-27T23:30:00+00:00,-972984,4719.036
46402,2011-02-27T23:45:00+00:00,-972084,4718.961
46402,2011-02-28T00:00:00+00:00,-971184,4718.890
46402,2011-02-28T00:15:00+00:00,-970284,4718.823
46402,2011-02-28T00:30:00+00:00,-969384,4718.762
46402,2011-02-28T00:45:00+00:00,-968484,4718.701
46402,2011-02-28T01:00:00+00:00,-967584,4718.651
46402,2011-02-28T01:15:00+00:00,-966684,4718.604
46402,2011-02-28T01:30:00+00:00,-965784,4718.564
46402,2011-02-28T01:45:00+00:00,-964884,4718.531
46402,2011-02-28T02:00:00+00:00,-963984,4718.506
46402,2011-02-28T02:15:00+00:00,-963084,4718.489
46402,2011-02-28T02:30:00+00:00,-962184,4718.481
46402,2011-02-28T02:45:00+00:00,-961284,4718.483
46402,2011-02-28T03:00:00+00:00,-960384,4718.489
46402,2011-02-28T03:15:00+00:00,-959484,4718.502
46402,2011-02-28T03:30:00+00:00,-958584,4718.526
46402,2011-02-28T03:45:00+00:00,-957684,4718.553
46402,2011-02-28T04:00:00+00:00,-956784,4718.590
46402,2011-02-28T04:15:00+00:00,-955884,4718.630
46402,2011-02-28T04:30:00+00:00,-954984,4718.675
46402,2011-02-28T04:45:00+00:00,-954084,4718.722
46402,2011-02-28T05:00:00+00:00,-953184,4718.778
46402,2011-02-28T05:15:00+00:00,-952284,4718.836
46402,2011-02-28T05:30:00+00:00,-951384,4718.897
46402,2011-02-28T05:45:00+00:00,-950484,4718.957
46402,2011-02-28T06:00:00+00:00,-949584,4719.019
46402,2011-02-28T06:15:00+00:00,-948684,4719.083
46402,2011-02-28T06:30:00+00:00,-947784,4719.148
46402,2011-02-28T06:45:00+00:00,-946884,4719.209
46402,2011-02-28T07:00:00+00:00,-945984,4719.266
46402,2011-02-28T07:15:00+00:00,-945084,4719.322
46402,2011-02-28T07:30:00+00:00,-944184,4719.376
46402,2011-02-28T07:45:00+00:00,-943284,4719.426
46402,2011-02-28T08:00:00+00:00,-942384,4719.472
46402,2011-02-28T08:15:00+00:00,-941484,4719.510
46402,2011-02-28T08:30:00+00:00,-940584,4719.545
46402,2011-02-28T08:45:00+00:00,-939684,4719.572
46402,2011-02-28T09:00:00+00:00,-938784,4719.596
46402,2011-02-28T09:15:00+00:00,-937884,4719.614
46402,2011-02-28T09:30:00+00:00,-936984,4719.622
46402,2011-02-28T09:45:00+00:00,-936084,4719.629
46402,2011-02-28T10:00:00+00:00,-935184,4719.629
46402,2011-02-28T10:15:00+00:00,-934284,4719.629
46402,2011-02-28T10:30:00+00:00,-933384,4719.618
46402,2011-02-28T10:45:00+00:00,-932484,4719.607
46402,2011-02-28T11:00:00+00:00,-931584,4719.592
46402,2011-02-28T11:15:00+00:00,-930684,4719.577
46402,2011-02-28T11:30:00+00:00,-929784,4719.559
46402,2011-02-28T11:45:00+00:00,-928884,4719.538
46402,2011-02-28T12:00:00+00:00,-927984,4719.517
46402,2011-02-28T12:15:00+00:00,-927084,4719.499
46402,2011-02-28T12:30:00+00:00,-926184,4719.480
46402,2011-02-28T12:45:00+00:00,-925284,4719.461
46402,2011-02-28T13:00:00+00:00,-924384,4719.445
46402,2011-02-28T13:15:00+00:00,-923484,4719.430
46402,2011-02-28T13:30:00+00:00,-922584,4719.418
46402,2011-02-28T13:45:00+00:00,-921684,4719.411
46402,2011-02-28T14:00:00+00:00,-920784,4719.404
46402,2011-02-28T14:15:00+00:00,-919884,4719.403
46402,2011-02-28T14:30:00+00:00,-918984,4719.407
46402,2011-02-28T14:45:00+00:00,-918084,4719.420
46402,2011-02-28T15:00:00+00:00,-917184,4719.433
46402,2011-02-28T15:15:00+00:00,-916284,4719.452
46402,2011-02-28T15:30:00+00:00,-915384,4719.474
46402,2011-02-28T15:45:00+00:00,-914484,4719.499
46402,2011-02-28T16:00:00+00:00,-913584,4719.526
46402,2011-02-28T16:15:00+00:00,-912684,4719.558
46402,2011-02-28T16:30:00+00:00,-911784,4719.593
46402,2011-02-28T16:45:00+00:00,-910884,4719.631
46402,2011-02-28T17:00:00+00:00,-909984,4719.670
46402,2011-02-28T17:15:00+00:00,-909084,4719.709
46402,2011-02-28T17:30:00+00:00,-908184,4719.751
46402,2011-02-28T17:45:00+00:00,-907284,4719.790
46402,2011-02-28T18:00:00+00:00,-906384,4719.829
46402,2011-02-28T18:15:00+00:00,-905484,4719.868
46402,2011-02-28T18:30:00+00:00,-904584,4719.902
46402,2011-02-28T18:45:00+00:00,-903684,4719.932
46402,2011-02-28T19:00:00+00:00,-902784,4719.956
46402,2011-02-28T19:15:00+00:00,-901884,4719.976
46402,2011-02-28T19:30:00+00:00,-900984,4719.990
46402,2011-02-28T19:45:00+00:00,-900084,4719.996
46402,2011-02-28T20:00:00+00:00,-899184,4719.999
46402,2011-02-28T20:15:00+00:00,-898284,4719.994
46402,2011-02-28T20:30:00+00:00,-897384,4719.979
46402,2011-02-28T20:45:00+00:00,-896484,4719.962
46402,2011-02-28T21:00:00+00:00,-895584,4719.938
46402,2011-02-28T21:15:00+00:00,-894684,4719.902
46402,2011-02-28T21:30:00+00:00,-893784,4719.859
46402,2011-02-28T21:45:00+00:00,-892884,4719.812
46402,2011-02-28T22:00:00+00:00,-891984,4719.757
46402,2011-02-28T22:15:00+00:00,-891084,4719.697
46402,2011-02-28T22:30:00+00:00,-890184,4719.631
46402,2011-02-28T22:45:00+00:00,-889284,4719.559
46402,2011-02-28T23:00:00+00:00,-888384,4719.487
46402,2011-02-28T23:15:00+00:00,-887484,4719.406
46402,2011-02-28T23:30:00+00:00,-886584,4719.326
46402,2011-02-28T23:45:00+00:00,-885684,4719.242
46402,2011-03-01T00:00:00+00:00,-884784,4719.156
46402,2011-03-01T00:15:00+00:00,-883884,4719.076
46402,2011-03-01T00:30:00+00:00,-882984,4718.995
46402,2011-03-01T00:45:00+00:00,-882084,4718.916
46402,2011-03-01T01:00:00+00:00,-881184,4718.844
46402,2011-03-01T01:15:00+00:00,-880284,4718.771
46402,2011-03-01T01:30:00+00:00,-879384,4718.707
46402,2011-03-01T01:45:00+00:00,-878484,4718.647
46402,2011-03-01T02:00:00+00:00,-877584,4718.596
46402,2011-03-01T02:15:00+00:00,-876684,4718.551
46402,2011-03-01T02:30:00+00:00,-875784,4718.515
46402,2011-03-01T02:45:00+00:00,-874884,4718.485
46402,2011-03-01T03:00:00+00:00,-873984,4718.467
46402,2011-03-01T03:15:00+00:00,-873084,4718.457
46402,2011-03-01T03:30:00+00:00,-872184,4718.454
46402,2011-03-01T03:45:00+00:00,-871284,4718.461
46402,2011-03-01T04:00:00+00:00,-870384,4718.475
46402,2011-03-01T04:15:00+00:00,-869484,4718.500
46402,2011-03-01T04:30:00+00:00,-868584,4718.531
46402,2011-03-01T04:45:00+00:00,-867684,4718.569
46402,2011-03-01T05:00:00+00:00,-866784,4718.618
46402,2011-03-01T05:15:00+00:00,-865884,4718.668
46402,2011-03-01T05:30:00+00:00,-864984,4718.728
46402,2011-03-01T05:45:00+00:00,-864084,4718.787
46402,2011-03-01T06:00:00+00:00,-863184,4718.851
46402,2011-03-01T06:15:00+00:00,-862284,4718.920
46402,2011-03-01T06:30:00+00:00,-861384,4718.986
46402,2011-03-01T06:45:00+00:00,-860484,4719.059
46402,2011-03-01T07:00:00+00:00,-859584,4719.128
46402,2011-03-01T07:15:00+00:00,-858684,4719.197
46402,2011-03-01T07:30:00+00:00,-857784,4719.263
46402,2011-03-01T07:45:00+00:00,-856884,4719.329
46402,2011-03-01T08:00:00+00:00,-855984,4719.389
46402,2011-03-01T08:15:00+00:00,-855084,4719.445
46402,2011-03-01T08:30:00+00:00,-854184,4719.496
46402,2011-03-01T08:45:00+00:00,-853284,4719.543
46402,2011-03-01T09:00:00+00:00,-852384,4719.579
46402,2011-03-01T09:15:00+00:00,-851484,4719.613
46402,2011-03-01T09:30:00+00:00,-850584,4719.637
46402,2011-03-01T09:45:00+00:00,-849684,4719.655
46402,2011-03-01T10:00:00+00:00,-848784,4719.666
46402,2011-03-01T10:15:00+00:00,-847884,4719.670
46402,2011-03-01T10:30:00+00:00,-846984,4719.670
46402,2011-03-01T10:45:00+00:00,-846084,4719.665
46402,2011-03-01T11:00:00+00:00,-845184,4719.653
46402,2011-03-01T11:15:00+00:00,-844284,4719.636
46402,2011-03-01T11:30:00+00:00,-843384,4719.616
46402,2011-03-01T11:45:00+00:00,-842484,4719.591
46402,2011-03-01T12:00:00+00:00,-841584,4719.565
46402,2011-03-01T12:15:00+00:00,-840684,4719.534
46402,2011-03-01T12:30:00+00:00,-839784,4719.502
46402,2011-03-01T12:45:00+00:00,-838884,4719.469
46402,2011-03-01T13:00:00+00:00,-837984,4719.436
46402,2011-03-01T13:15:00+00:00,-837084,4719.404
46402,2011-03-01T13:30:00+00:00,-836184,4719.371
46402,2011-03-01T13:45:00+00:00,-835284,4719.346
46402,2011-03-01T14:00:00+00:00,-834384,4719.322
46402,2011-03-01T14:15:00+00:00,-833484,4719.302
46402,2011-03-01T14:30:00+00:00,-832584,4719.290
46402,2011-03-01T14:45:00+00:00,-831684,4719.277
46402,2011-03-01T15:00:00+00:00,-830784,4719.275
46402,2011-03-01T15:15:00+00:00,-829884,4719.274
46402,2011-03-01T15:30:00+00:00,-828984,4719.282
46402,2011-03-01T15:45:00+00:00,-828084,4719.294
46402,2011-03-01T16:00:00+00:00,-827184,4719.312
46402,2011-03-01T16:15:00+00:00,-826284,4719.336
46402,2011-03-01T16:30:00+00:00,-825384,4719.364
46402,2011-03-01T16:45:00+00:00,-824484,4719.398
46402,2011-03-01T17:00:00+00:00,-823584,4719.436
46402,2011-03-01T17:15:00+00:00,-822684,4719.476
46402,2011-03-01T17:30:00+00:00,-821784,4719.521
46402,2011-03-01T17:45:00+00:00,-820884,4719.567
46402,2011-03-01T18:00:00+00:00,-819984,4719.616
46402,2011-03-01T18:15:00+00:00,-819084,4719.664
46402,2011-03-01T18:30:00+00:00,-818184,4719.714
46402,2011-03-01T18:45:00+00:00,-817284,4719.762
46402,2011-03-01T19:00:00+00:00,-816384,4719.807
46402,2011-03-01T19:15:00+00:00,-815484,4719.848
46402,2011-03-01T19:30:00+00:00,-814584,4719.887
46402,2011-03-01T19:45:00+00:00,-813684,4719.921
46402,2011-03-01T20:00:00+00:00,-812784,4719.950
46402,2011-03-01T20:15:00+00:00,-811884,4719.969
46402,2011-03-01T20:30:00+00:00,-810984,4719.983
46402,2011-03-01T20:45:00+00:00,-810084,4719.991
46402,2011-03-01T21:00:00+00:00,-809184,4719.993
46402,2011-03-01T21:15:00+00:00,-808284,4719.984
46402,2011-03-01T21:30:00+00:00,-807384,4719.968
46402,2011-03-01T21:45:00+00:00,-806484,4719.943
46402,2011-03-01T22:00:00+00:00,-805584,4719.911
46402,2011-03-01T22:15:00+00:00,-804684,4719.870
46402,2011-03-01T22:30:00+00:00,-803784,4719.821
46402,2011-03-01T22:45:00+00:00,-802884,4719.764
46402,2011-03-01T23:00:00+00:00,-801984,4719.702
46402,2011-03-01T23:15:00+00:00,-801084,4719.631
46402,2011-03-01T23:30:00+00:00,-800184,4719.555
46402,2011-03-01T23:45:00+00:00,-799284,4719.475
46402,2011-03-02T00:00:00+00:00,-798384,4719.392
46402,2011-03-02T00:15:00+00:00,-797484,4719.304
46402,2011-03-02T00:30:00+00:00,-796584,4719.215
46402,2011-03-02T00:45:00+00:00,-795684,4719.127
46402,2011-03-02T01:00:00+00:00,-794784,4719.039
46402,2011-03-02T01:15:00+00:00,-793884,4718.958
46402,2011-03-02T01:30:00+00:00,-792984,4718.875
46402,2011-03-02T01:45:00+00:00,-792084,4718.797
46402,2011-03-02T02:00:00+00:00,-791184,4718.727
46402,2011-03-02T02:15:00+00:00,-790284,4718.661
46402,2011-03-02T02:30:00+00:00,-789384,4718.604
46402,2011-03-02T02:45:00+00:00,-788484,4718.554
46402,2011-03-02T03:00:00+00:00,-787584,4718.511
46402,2011-03-02T03:15:00+00:00,-786684,4718.477
46402,2011-03-02T03:30:00+00:00,-785784,4718.453
46402,2011-03-02T03:45:00+00:00,-784884,4718.437
46402,2011-03-02T04:00:00+00:00,-783984,4718.429
46402,2011-03-02T04:15:00+00:00,-783084,4718.434
46402,2011-03-02T04:30:00+00:00,-782184,4718.448
46402,2011-03-02T04:45:00+00:00,-781284,4718.472
46402,2011-03-02T05:00:00+00:00,-780384,4718.502
46402,2011-03-02T05:15:00+00:00,-779484,4718.543
46402,2011-03-02T05:30:00+00:00,-778584,4718.592
46402,2011-03-02T05:45:00+00:00,-777684,4718.644
46402,2011-03-02T06:00:00+00:00,-776784,4718.701
46402,2011-03-02T06:15:00+00:00,-775884,4718.765
46402,2011-03-02T06:30:00+00:00,-774984,4718.832
46402,2011-03-02T06:45:00+00:00,-774084,4718.902
46402,2011-03-02T07:00:00+00:00,-773184,4718.976
46402,2011-03-02T07:15:00+00:00,-772284,4719.050
46402,2011-03-02T07:30:00+00:00,-771384,4719.126
46402,2011-03-02T07:45:00+00:00,-770484,4719.201
46402,2011-03-02T08:00:00+00:00,-769584,4719.273
46402,2011-03-02T08:15:00+00:00,-768684,4719.343
46402,2011-03-02T08:30:00+00:00,-767784,4719.408
46402,2011-03-02T08:45:00+00:00,-766884,4719.469
46402,2011-03-02T09:00:00+00:00,-765984,4719.522
46402,2011-03-02T09:15:00+00:00,-765084,4719.570
46402,2011-03-02T09:30:00+00:00,-764184,4719.612
46402,2011-03-02T09:45:00+00:00,-763284,4719.643
46402,2011-03-02T10:00:00+00:00,-762384,4719.667
46402,2011-03-02T10:15:00+00:00,-761484,4719.685
46402,2011-03-02T10:30:00+00:00,-760584,4719.691
46402,2011-03-02T10:45:00+00:00,-759684,4719.693
46402,2011-03-02T11:00:00+00:00,-758784,4719.690
46402,2011-03-02T11:15:00+00:00,-757884,4719.677
46402,2011-03-02T11:30:00+00:00,-756984,4719.659
46402,2011-03-02T11:45:00+00:00,-756084,4719.636
46402,2011-03-02T12:00:00+00:00,-755184,4719.609
46402,2011-03-02T12:15:00+00:00,-754284,4719.576
46402,2011-03-02T12:30:00+00:00,-753384,4719.540
46402,2011-03-02T12:45:00+00:00,-752484,4719.502
46402,2011-03-02T13:00:00+00:00,-751584,4719.461
46402,2011-03-02T13:15:00+00:00,-750684,4719.417
46402,2011-03-02T13:30:00+00:00,-749784,4719.374
46402,2011-03-02T13:45:00+00:00,-748884,4719.333
46402,2011-03-02T14:00:00+00:00,-747984,4719.295
46402,2011-03-02T14:15:00+00:00,-747084,4719.260
46402,2011-03-02T14:30:00+00:00,-746184,4719.226
46402,2011-03-02T14:45:00+00:00,-745284,4719.199
46402,2011-03-02T15:00:00+00:00,-744384,4719.178
46402,2011-03-02T15:15:00+00:00,-743484,4719.163
46402,2011-03-02T15:30:00+00:00,-742584,4719.155
46402,2011-03-02T15:45:00+00:00,-741684,4719.152
46402,2011-03-02T16:00:00+00:00,-740784,4719.154
46402,2011-03-02T16:15:00+00:00,-739884,4719.164
46402,2011-03-02T16:30:00+00:00,-738984,4719.180
46402,2011-03-02T16:45:00+00:00,-738084,4719.202
46402,2011-03-02T17:00:00+00:00,-737184,4719.231
46402,2011-03-02T17:15:00+00:00,-736284,4719.265
46402,2011-03-02T17:30:00+00:00,-735384,4719.306
46402,2011-03-02T17:45:00+00:00,-734484,4719.350
46402,2011-03-02T18:00:00+00:00,-733584,4719.400
46402,2011-03-02T18:15:00+00:00,-732684,4719.453
46402,2011-03-02T18:30:00+00:00,-731784,4719.509
46402,2011-03-02T18:45:00+00:00,-730884,4719.565
46402,2011-03-02T19:00:00+00:00,-729984,4719.621
46402,2011-03-02T19:15:00+00:00,-729084,4719.679
46402,2011-03-02T19:30:00+00:00,-728184,4719.733
46402,2011-03-02T19:45:00+00:00,-727284,4719.782
46402,2011-03-02T20:00:00+00:00,-726384,4719.829
46402,2011-03-02T20:15:00+00:00,-725484,4719.867
46402,2011-03-02T20:30:00+00:00,-724584,4719.904
46402,2011-03-02T20:45:00+00:00,-723684,4719.937
46402,2011-03-02T21:00:00+00:00,-722784,4719.962
46402,2011-03-02T21:15:00+00:00,-721884,4719.976
46402,2011-03-02T21:30:00+00:00,-720984,4719.986
46402,2011-03-02T21:45:00+00:00,-720084,4719.988
46402,2011-03-02T22:00:00+00:00,-719184,4719.975
46402,2011-03-02T22:15:00+00:00,-718284,4719.956
46402,2011-03-02T22:30:00+00:00,-717384,4719.927
46402,2011-03-02T22:45:00+00:00,-716484,4719.890
46402,2011-03-02T23:00:00+00:00,-715584,4719.842
46402,2011-03-02T23:15:00+00:00,-714684,4719.788
46402,2011-03-02T23:30:00+00:00,-713784,4719.725
46402,2011-03-02T23:45:00+00:00,-712884,4719.657
46402,2011-03-03T00:00:00+00:00,-711984,4719.582
46402,2011-03-03T00:15:00+00:00,-711084,4719.504
46402,2011-03-03T00:30:00+00:00,-710184,4719.421
46402,2011-03-03T00:45:00+00:00,-709284,4719.337
46402,2011-03-03T01:00:00+00:00,-708384,4719.252
46402,2011-03-03T01:15:00+00:00,-707484,4719.161
46402,2011-03-03T01:30:00+00:00,-706584,4719.077
46402,2011-03-03T01:45:00+00:00,-705684,4718.986
46402,2011-03-03T02:00:00+00:00,-704784,4718.903
46402,2011-03-03T02:15:00+00:00,-703884,4718.823
46402,2011-03-03T02:30:00+00:00,-702984,4718.747
46402,2011-03-03T02:45:00+00:00,-702084,4718.679
46402,2011-03-03T03:00:00+00:00,-701184,4718.617
46402,2011-03-03T03:15:00+00:00,-700284,4718.566
46402,2011-03-03T03:30:00+00:00,-699384,4718.519
46402,2011-03-03T03:45:00+00:00,-698484,4718.483
46402,2011-03-03T04:00:00+00:00,-697584,4718.454
46402,2011-03-03T04:15:00+00:00,-696684,4718.438
46402,2011-03-03T04:30:00+00:00,-695784,4718.431
46402,2011-03-03T04:45:00+00:00,-694884,4718.438
46402,2011-03-03T05:00:00+00:00,-693984,4718.454
46402,2011-03-03T05:15:00+00:00,-693084,4718.480
46402,2011-03-03T05:30:00+00:00,-692184,4718.513
46402,2011-03-03T05:45:00+00:00,-691284,4718.557
46402,2011-03-03T06:00:00+00:00,-690384,4718.609
46402,2011-03-03T06:15:00+00:00,-689484,4718.665
46402,2011-03-03T06:30:00+00:00,-688584,4718.728
46402,2011-03-03T06:45:00+00:00,-687684,4718.797
46402,2011-03-03T07:00:00+00:00,-686784,4718.868
46402,2011-03-03T07:15:00+00:00,-685884,4718.944
46402,2011-03-03T07:30:00+00:00,-684984,4719.022
46402,2011-03-03T07:45:00+00:00,-684084,4719.100
46402,2011-03-03T08:00:00+00:00,-683184,4719.176
46402,2011-03-03T08:15:00+00:00,-682284,4719.251
46402,2011-03-03T08:30:00+00:00,-681384,4719.324
46402,2011-03-03T08:45:00+00:00,-680484,4719.392
46402,2011-03-03T09:00:00+00:00,-679584,4719.456
46402,2011-03-03T09:15:00+00:00,-678684,4719.517
46402,2011-03-03T09:30:00+00:00,-677784,4719.569
46402,2011-03-03T09:45:00+00:00,-676884,4719.614
46402,2011-03-03T10:00:00+00:00,-675984,4719.653
46402,2011-03-03T10:15:00+00:00,-675084,4719.682
46402,2011-03-03T10:30:00+00:00,-674184,4719.704
46402,2011-03-03T10:45:00+00:00,-673284,4719.717
46402,2011-03-03T11:00:00+00:00,-672384,4719.722
46402,2011-03-03T11:15:00+00:00,-671484,4719.720
46402,2011-03-03T11:30:00+00:00,-670584,4719.711
46402,2011-03-03T11:45:00+00:00,-669684,4719.690
46402,2011-03-03T12:00:00+00:00,-668784,4719.666
46402,2011-03-03T12:15:00+00:00,-667884,4719.636
46402,2011-03-03T12:30:00+00:00,-666984,4719.600
46402,2011-03-03T12:45:00+00:00,-666084,4719.557
46402,2011-03-03T13:00:00+00:00,-665184,4719.512
46402,2011-03-03T13:15:00+00:00,-664284,4719.464
46402,2011-03-03T13:30:00+00:00,-663384,4719.414
46402,2011-03-03T13:45:00+00:00,-662484,4719.359
46402,2011-03-03T14:00:00+00:00,-661584,4719.306
46402,2011-03-03T14:15:00+00:00,-660684,4719.255
46402,2011-03-03T14:30:00+00:00,-659784,4719.205
46402,2011-03-03T14:45:00+00:00,-658884,4719.158
46402,2011-03-03T15:00:00+00:00,-657984,4719.119
46402,2011-03-03T15:15:00+00:00,-657084,4719.084
46402,2011-03-03T15:30:00+00:00,-656184,4719.055
46402,2011-03-03T15:45:00+00:00,-655284,4719.034
46402,2011-03-03T16:00:00+00:00,-654384,4719.020
46402,2011-03-03T16:15:00+00:00,-653484,4719.008
46402,2011-03-03T16:30:00+00:00,-652584,4719.007
46402,2011-03-03T16:45:00+00:00,-651684,4719.014
46402,2011-03-03T17:00:00+00:00,-650784,4719.026
46402,2011-03-03T17:15:00+00:00,-649884,4719.046
46402,2011-03-03T17:30:00+00:00,-648984,4719.074
46402,2011-03-03T17:45:00+00:00,-648084,4719.109
46402,2011-03-03T18:00:00+00:00,-647184,4719.153
46402,2011-03-03T18:15:00+00:00,-646284,4719.201
46402,2011-03-03T18:30:00+00:00,-645384,4719.253
46402,2011-03-03T18:45:00+00:00,-644484,4719.310
46402,2011-03-03T19:00:00+00:00,-643584,4719.368
46402,2011-03-03T19:15:00+00:00,-642684,4719.427
46402,2011-03-03T19:30:00+00:00,-641784,4719.491
46402,2011-03-03T19:45:00+00:00,-640884,4719.553
46402,2011-03-03T20:00:00+00:00,-639984,4719.613
46402,2011-03-03T20:15:00+00:00,-639084,4719.673
46402,2011-03-03T20:30:00+00:00,-638184,4719.728
46402,2011-03-03T20:45:00+00:00,-637284,4719.777
46402,2011-03-03T21:00:00+00:00,-636384,4719.821
46402,2011-03-03T21:15:00+00:00,-635484,4719.860
46402,2011-03-03T21:30:00+00:00,-634584,4719.889
46402,2011-03-03T21:45:00+00:00,-633684,4719.913
46402,2011-03-03T22:00:00+00:00,-632784,4719.928
46402,2011-03-03T22:15:00+00:00,-631884,4719.934
46402,2011-03-03T22:30:00+00:00,-630984,4719.928
46402,2011-03-03T22:45:00+00:00,-630084,4719.915
46402,2011-03-03T23:00:00+00:00,-629184,4719.891
46402,2011-03-03T23:15:00+00:00,-628284,4719.856
46402,2011-03-03T23:30:00+00:00,-627384,4719.815
46402,2011-03-03T23:45:00+00:00,-626484,4719.763
46402,2011-03-04T00:00:00+00:00,-625584,4719.705
46402,2011-03-04T00:15:00+00:00,-624684,4719.643
46402,2011-03-04T00:30:00+00:00,-623784,4719.572
46402,2011-03-04T00:45:00+00:00,-622884,4719.499
46402,2011-03-04T01:00:00+00:00,-621984,4719.417
46402,2011-03-04T01:15:00+00:00,-621084,4719.337
46402,2011-03-04T01:30:00+00:00,-620184,4719.254
46402,2011-03-04T01:45:00+00:00,-619284,4719.167
46402,2011-03-04T02:00:00+00:00,-618384,4719.082
46402,2011-03-04T02:15:00+00:00,-617484,4718.995
46402,2011-03-04T02:30:00+00:00,-616584,4718.913
46402,2011-03-04T02:45:00+00:00,-615684,4718.832
46402,2011-03-04T03:00:00+00:00,-614784,4718.760
46402,2011-03-04T03:15:00+00:00,-613884,4718.693
46402,2011-03-04T03:30:00+00:00,-612984,4718.635
46402,2011-03-04T03:45:00+00:00,-612084,4718.584
46402,2011-03-04T04:00:00+00:00,-611184,4718.544
46402,2011-03-04T04:15:00+00:00,-610284,4718.510
46402,2011-03-04T04:30:00+00:00,-609384,4718.490
46402,2011-03-04T04:45:00+00:00,-608484,4718.475
46402,2011-03-04T05:00:00+00:00,-607584,4718.471
46402,2011-03-04T05:15:00+00:00,-606684,4718.477
46402,2011-03-04T05:30:00+00:00,-605784,4718.493
46402,2011-03-04T05:45:00+00:00,-604884,4718.520
46402,2011-03-04T06:00:00+00:00,-603984,4718.557
46402,2011-03-04T06:15:00+00:00,-603084,4718.602
46402,2011-03-04T06:30:00+00:00,-602184,4718.656
46402,2011-03-04T06:45:00+00:00,-601284,4718.716
46402,2011-03-04T07:00:00+00:00,-600384,4718.782
46402,2011-03-04T07:15:00+00:00,-599484,4718.851
46402,2011-03-04T07:30:00+00:00,-598584,4718.925
46402,2011-03-04T07:45:00+00:00,-597684,4719.004
46402,2011-03-04T08:00:00+00:00,-596784,4719.083
46402,2011-03-04T08:15:00+00:00,-595884,4719.162
46402,2011-03-04T08:30:00+00:00,-594984,4719.243
46402,2011-03-04T08:45:00+00:00,-594084,4719.318
46402,2011-03-04T09:00:00+00:00,-593184,4719.392
46402,2011-03-04T09:15:00+00:00,-592284,4719.460
46402,2011-03-04T09:30:00+00:00,-591384,4719.521
46402,2011-03-04T09:45:00+00:00,-590484,4719.577
46402,2011-03-04T10:00:00+00:00,-589584,4719.626
46402,2011-03-04T10:15:00+00:00,-588684,4719.667
46402,2011-03-04T10:30:00+00:00,-587784,4719.702
46402,2011-03-04T10:45:00+00:00,-586884,4719.724
46402,2011-03-04T11:00:00+00:00,-585984,4719.738
46402,2011-03-04T11:15:00+00:00,-585084,4719.746
46402,2011-03-04T11:30:00+00:00,-584184,4719.745
46402,2011-03-04T11:45:00+00:00,-583284,4719.734
46402,2011-03-04T12:00:00+00:00,-582384,4719.717
46402,2011-03-04T12:15:00+00:00,-581484,4719.693
46402,2011-03-04T12:30:00+00:00,-580584,4719.660
46402,2011-03-04T12:45:00+00:00,-579684,4719.623
46402,2011-03-04T13:00:00+00:00,-578784,4719.577
46402,2011-03-04T13:15:00+00:00,-577884,4719.527
46402,2011-03-04T13:30:00+00:00,-576984,4719.472
46402,2011-03-04T13:45:00+00:00,-576084,4719.415
46402,2011-03-04T14:00:00+00:00,-575184,4719.355
46402,2011-03-04T14:15:00+00:00,-574284,4719.297
46402,2011-03-04T14:30:00+00:00,-573384,4719.237
46402,2011-03-04T14:45:00+00:00,-572484,4719.178
46402,2011-03-04T15:00:00+00:00,-571584,4719.121
46402,2011-03-04T15:15:00+00:00,-570684,4719.068
46402,2011-03-04T15:30:00+00:00,-569784,4719.022
46402,2011-03-04T15:45:00+00:00,-568884,4718.982
46402,2011-03-04T16:00:00+00:00,-567984,4718.946
46402,2011-03-04T16:15:00+00:00,-567084,4718.919
46402,2011-03-04T16:30:00+00:00,-566184,4718.899
46402,2011-03-04T16:45:00+00:00,-565284,4718.887
46402,2011-03-04T17:00:00+00:00,-564384,4718.885
46402,2011-03-04T17:15:00+00:00,-563484,4718.887
46402,2011-03-04T17:30:00+00:00,-562584,4718.904
46402,2011-03-04T17:45:00+00:00,-561684,4718.924
46402,2011-03-04T18:00:00+00:00,-560784,4718.953
46402,2011-03-04T18:15:00+00:00,-559884,4718.991
46402,2011-03-04T18:30:00+00:00,-558984,4719.033
46402,2011-03-04T18:45:00+00:00,-558084,4719.081
46402,2011-03-04T19:00:00+00:00,-557184,4719.133
46402,2011-03-04T19:15:00+00:00,-556284,4719.190
46402,2011-03-04T19:30:00+00:00,-555384,4719.253
46402,2011-03-04T19:45:00+00:00,-554484,4719.317
46402,2011-03-04T20:00:00+00:00,-553584,4719.381
46402,2011-03-04T20:15:00+00:00,-552684,4719.448
46402,2011-03-04T20:30:00+00:00,-551784,4719.513
46402,2011-03-04T20:45:00+00:00,-550884,4719.577
46402,2011-03-04T21:00:00+00:00,-549984,4719.639
46402,2011-03-04T21:15:00+00:00,-549084,4719.692
46402,2011-03-04T21:30:00+00:00,-548184,4719.739
46402,2011-03-04T21:45:00+00:00,-547284,4719.783
46402,2011-03-04T22:00:00+00:00,-546384,4719.819
46402,2011-03-04T22:15:00+00:00,-545484,4719.847
46402,2011-03-04T22:30:00+00:00,-544584,4719.866
46402,2011-03-04T22:45:00+00:00,-543684,4719.877
46402,2011-03-04T23:00:00+00:00,-542784,4719.877
46402,2011-03-04T23:15:00+00:00,-541884,4719.868
46402,2011-03-04T23:30:00+00:00,-540984,4719.848
46402,2011-03-04T23:45:00+00:00,-540084,4719.819
46402,2011-03-05T00:00:00+00:00,-539184,4719.784
46402,2011-03-05T00:15:00+00:00,-538284,4719.741
46402,2011-03-05T00:30:00+00:00,-537384,4719.690
46402,2011-03-05T00:45:00+00:00,-536484,4719.634
46402,2011-03-05T01:00:00+00:00,-535584,4719.571
46402,2011-03-05T01:15:00+00:00,-534684,4719.505
46402,2011-03-05T01:30:00+00:00,-533784,4719.431
46402,2011-03-05T01:45:00+00:00,-532884,4719.354
46402,2011-03-05T02:00:00+00:00,-531984,4719.278
46402,2011-03-05T02:15:00+00:00,-531084,4719.197
46402,2011-03-05T02:30:00+00:00,-530184,4719.118
46402,2011-03-05T02:45:00+00:00,-529284,4719.040
46402,2011-03-05T03:00:00+00:00,-528384,4718.964
46402,2011-03-05T03:15:00+00:00,-527484,4718.891
46402,2011-03-05T03:30:00+00:00,-526584,4718.825
46402,2011-03-05T03:45:00+00:00,-525684,4718.763
46402,2011-03-05T04:00:00+00:00,-524784,4718.710
46402,2011-03-05T04:15:00+00:00,-523884,4718.667
46402,2011-03-05T04:30:00+00:00,-522984,4718.629
46402,2011-03-05T04:45:00+00:00,-522084,4718.603
46402,2011-03-05T05:00:00+00:00,-521184,4718.587
46402,2011-03-05T05:15:00+00:00,-520284,4718.580
46402,2011-03-05T05:30:00+00:00,-519384,4718.581
46402,2011-03-05T05:45:00+00:00,-518484,4718.593
46402,2011-03-05T06:00:00+00:00,-517584,4718.614
46402,2011-03-05T06:15:00+00:00,-516684,4718.645
46402,2011-03-05T06:30:00+00:00,-515784,4718.685
46402,2011-03-05T06:45:00+00:00,-514884,4718.731
46402,2011-03-05T07:00:00+00:00,-513984,4718.788
46402,2011-03-05T07:15:00+00:00,-513084,4718.850
46402,2011-03-05T07:30:00+00:00,-512184,4718.917
46402,2011-03-05T07:45:00+00:00,-511284,4718.990
46402,2011-03-05T08:00:00+00:00,-510384,4719.065
46402,2011-03-05T08:15:00+00:00,-509484,4719.145
46402,2011-03-05T08:30:00+00:00,-508584,4719.223
46402,2011-03-05T08:45:00+00:00,-507684,4719.303
46402,2011-03-05T09:00:00+00:00,-506784,4719.380
46402,2011-03-05T09:15:00+00:00,-505884,4719.454
46402,2011-03-05T09:30:00+00:00,-504984,4719.524
46402,2011-03-05T09:45:00+00:00,-504084,4719.587
46402,2011-03-05T10:00:00+00:00,-503184,4719.645
46402,2011-03-05T10:15:00+00:00,-502284,4719.696
46402,2011-03-05T10:30:00+00:00,-501384,4719.739
46402,2011-03-05T10:45:00+00:00,-500484,4719.773
46402,2011-03-05T11:00:00+00:00,-499584,4719.800
46402,2011-03-05T11:15:00+00:00,-498684,4719.817
46402,2011-03-05T11:30:00+00:00,-497784,4719.826
46402,2011-03-05T11:45:00+00:00,-496884,4719.824
46402,2011-03-05T12:00:00+00:00,-495984,4719.814
46402,2011-03-05T12:15:00+00:00,-495084,4719.797
46402,2011-03-05T12:30:00+00:00,-494184,4719.770
46402,2011-03-05T12:45:00+00:00,-493284,4719.737
46402,2011-03-05T13:00:00+00:00,-492384,4719.695
46402,2011-03-05T13:15:00+00:00,-491484,4719.646
46402,2011-03-05T13:30:00+00:00,-490584,4719.593
46402,2011-03-05T13:45:00+00:00,-489684,4719.534
46402,2011-03-05T14:00:00+00:00,-488784,4719.472
46402,2011-03-05T14:15:00+00:00,-487884,4719.407
46402,2011-03-05T14:30:00+00:00,-486984,4719.339
46402,2011-03-05T14:45:00+00:00,-486084,4719.274
46402,2011-03-05T15:00:00+00:00,-485184,4719.208
46402,2011-03-05T15:15:00+00:00,-484284,4719.145
46402,2011-03-05T15:30:00+00:00,-483384,4719.082
46402,2011-03-05T15:45:00+00:00,-482484,4719.026
46402,2011-03-05T16:00:00+00:00,-481584,4718.973
46402,2011-03-05T16:15:00+00:00,-480684,4718.927
46402,2011-03-05T16:30:00+00:00,-479784,4718.886
46402,2011-03-05T16:45:00+00:00,-478884,4718.853
46402,2011-03-05T17:00:00+00:00,-477984,4718.830
46402,2011-03-05T17:15:00+00:00,-477084,4718.815
46402,2011-03-05T17:30:00+00:00,-476184,4718.807
46402,2011-03-05T17:45:00+00:00,-475284,4718.810
46402,2011-03-05T18:00:00+00:00,-474384,4718.821
46402,2011-03-05T18:15:00+00:00,-473484,4718.842
46402,2011-03-05T18:30:00+00:00,-472584,4718.871
46402,2011-03-05T18:45:00+00:00,-471684,4718.908
46402,2011-03-05T19:00:00+00:00,-470784,4718.949
46402,2011-03-05T19:15:00+00:00,-469884,4718.998
46402,2011-03-05T19:30:00+00:00,-468984,4719.055
46402,2011-03-05T19:45:00+00:00,-468084,4719.114
46402,2011-03-05T20:00:00+00:00,-467184,4719.175
46402,2011-03-05T20:15:00+00:00,-466284,4719.240
46402,2011-03-05T20:30:00+00:00,-465384,4719.307
46402,2011-03-05T20:45:00+00:00,-464484,4719.374
46402,2011-03-05T21:00:00+00:00,-463584,4719.442
46402,2011-03-05T21:15:00+00:00,-462684,4719.509
46402,2011-03-05T21:30:00+00:00,-461784,4719.573
46402,2011-03-05T21:45:00+00:00,-460884,4719.631
46402,2011-03-05T22:00:00+00:00,-459984,4719.681
46402,2011-03-05T22:15:00+00:00,-459084,4719.724
46402,2011-03-05T22:30:00+00:00,-458184,4719.761
46402,2011-03-05T22:45:00+00:00,-457284,4719.791
46402,2011-03-05T23:00:00+00:00,-456384,4719.813
46402,2011-03-05T23:15:00+00:00,-455484,4719.826
46402,2011-03-05T23:30:00+00:00,-454584,4719.829
46402,2011-03-05T23:45:00+00:00,-453684,4719.822
46402,2011-03-06T00:00:00+00:00,-452784,4719.811
46402,2011-03-06T00:15:00+00:00,-451884,4719.787
46402,2011-03-06T00:30:00+00:00,-450984,4719.755
46402,2011-03-06T00:45:00+00:00,-450084,4719.716
46402,2011-03-06T01:00:00+00:00,-449184,4719.671
46402,2011-03-06T01:15:00+00:00,-448284,4719.620
46402,2011-03-06T01:30:00+00:00,-447384,4719.562
46402,2011-03-06T01:45:00+00:00,-446484,4719.498
46402,2011-03-06T02:00:00+00:00,-445584,4719.428
46402,2011-03-06T02:15:00+00:00,-444684,4719.360
46402,2011-03-06T02:30:00+00:00,-443784,4719.285
46402,2011-03-06T02:45:00+00:00,-442884,4719.210
46402,2011-03-06T03:00:00+00:00,-441984,4719.137
46402,2011-03-06T03:15:00+00:00,-441084,4719.065
46402,2011-03-06T03:30:00+00:00,-440184,4718.997
46402,2011-03-06T03:45:00+00:00,-439284,4718.933
46402,2011-03-06T04:00:00+00:00,-438384,4718.871
46402,2011-03-06T04:15:00+00:00,-437484,4718.819
46402,2011-03-06T04:30:00+00:00,-436584,4718.771
46402,2011-03-06T04:45:00+00:00,-435684,4718.732
46402,2011-03-06T05:00:00+00:00,-434784,4718.704
46402,2011-03-06T05:15:00+00:00,-433884,4718.685
46402,2011-03-06T05:30:00+00:00,-432984,4718.672
46402,2011-03-06T05:45:00+00:00,-432084,4718.670
46402,2011-03-06T06:00:00+00:00,-431184,4718.676
46402,2011-03-06T06:15:00+00:00,-430284,4718.692
46402,2011-03-06T06:30:00+00:00,-429384,4718.719
46402,2011-03-06T06:45:00+00:00,-428484,4718.752
46402,2011-03-06T07:00:00+00:00,-427584,4718.792
46402,2011-03-06T07:15:00+00:00,-426684,4718.841
46402,2011-03-06T07:30:00+00:00,-425784,4718.899
46402,2011-03-06T07:45:00+00:00,-424884,4718.962
46402,2011-03-06T08:00:00+00:00,-423984,4719.031
46402,2011-03-06T08:15:00+00:00,-423084,4719.102
46402,2011-03-06T08:30:00+00:00,-422184,4719.176
46402,2011-03-06T08:45:00+00:00,-421284,4719.252
46402,2011-03-06T09:00:00+00:00,-420384,4719.327
46402,2011-03-06T09:15:00+00:00,-419484,4719.402
46402,2011-03-06T09:30:00+00:00,-418584,4719.478
46402,2011-03-06T09:45:00+00:00,-417684,4719.545
46402,2011-03-06T10:00:00+00:00,-416784,4719.609
46402,2011-03-06T10:15:00+00:00,-415884,4719.669
46402,2011-03-06T10:30:00+00:00,-414984,4719.720
46402,2011-03-06T10:45:00+00:00,-414084,4719.764
46402,2011-03-06T11:00:00+00:00,-413184,4719.802
46402,2011-03-06T11:15:00+00:00,-412284,4719.832
46402,2011-03-06T11:30:00+00:00,-411384,4719.852
46402,2011-03-06T11:45:00+00:00,-410484,4719.866
46402,2011-03-06T12:00:00+00:00,-409584,4719.868
46402,2011-03-06T12:15:00+00:00,-408684,4719.864
46402,2011-03-06T12:30:00+00:00,-407784,4719.849
46402,2011-03-06T12:45:00+00:00,-406884,4719.823
46402,2011-03-06T13:00:00+00:00,-405984,4719.791
46402,2011-03-06T13:15:00+00:00,-405084,4719.749
46402,2011-03-06T13:30:00+00:00,-404184,4719.700
46402,2011-03-06T13:45:00+00:00,-403284,4719.648
46402,2011-03-06T14:00:00+00:00,-402384,4719.586
46402,2011-03-06T14:15:00+00:00,-401484,4719.522
46402,2011-03-06T14:30:00+00:00,-400584,4719.454
46402,2011-03-06T14:45:00+00:00,-399684,4719.385
46402,2011-03-06T15:00:00+00:00,-398784,4719.314
46402,2011-03-06T15:15:00+00:00,-397884,4719.248
46402,2011-03-06T15:30:00+00:00,-396984,4719.176
46402,2011-03-06T15:45:00+00:00,-396084,4719.105
46402,2011-03-06T16:00:00+00:00,-395184,4719.041
46402,2011-03-06T16:15:00+00:00,-394284,4718.982
46402,2011-03-06T16:30:00+00:00,-393384,4718.927
46402,2011-03-06T16:45:00+00:00,-392484,4718.879
46402,2011-03-06T17:00:00+00:00,-391584,4718.841
46402,2011-03-06T17:15:00+00:00,-390684,4718.806
46402,2011-03-06T17:30:00+00:00,-389784,4718.781
46402,2011-03-06T17:45:00+00:00,-388884,4718.766
46402,2011-03-06T18:00:00+00:00,-387984,4718.758
46402,2011-03-06T18:15:00+00:00,-387084,4718.756
46402,2011-03-06T18:30:00+00:00,-386184,4718.767
46402,2011-03-06T18:45:00+00:00,-385284,4718.785
46402,2011-03-06T19:00:00+00:00,-384384,4718.810
46402,2011-03-06T19:15:00+00:00,-383484,4718.844
46402,2011-03-06T19:30:00+00:00,-382584,4718.882
46402,2011-03-06T19:45:00+00:00,-381684,4718.928
46402,2011-03-06T20:00:00+00:00,-380784,4718.979
46402,2011-03-06T20:15:00+00:00,-379884,4719.035
46402,2011-03-06T20:30:00+00:00,-378984,4719.096
46402,2011-03-06T20:45:00+00:00,-378084,4719.159
46402,2011-03-06T21:00:00+00:00,-377184,4719.225
46402,2011-03-06T21:15:00+00:00,-376284,4719.289
46402,2011-03-06T21:30:00+00:00,-375384,4719.356
46402,2011-03-06T21:45:00+00:00,-374484,4719.421
46402,2011-03-06T22:00:00+00:00,-373584,4719.481
46402,2011-03-06T22:15:00+00:00,-372684,4719.537
46402,2011-03-06T22:30:00+00:00,-371784,4719.592
46402,2011-03-06T22:45:00+00:00,-370884,4719.635
46402,2011-03-06T23:00:00+00:00,-369984,4719.675
46402,2011-03-06T23:15:00+00:00,-369084,4719.707
46402,2011-03-06T23:30:00+00:00,-368184,4719.731
46402,2011-03-06T23:45:00+00:00,-367284,4719.745
46402,2011-03-07T00:00:00+00:00,-366384,4719.751
46402,2011-03-07T00:15:00+00:00,-365484,4719.751
46402,2011-03-07T00:30:00+00:00,-364584,4719.738
46402,2011-03-07T00:45:00+00:00,-363684,4719.717
46402,2011-03-07T01:00:00+00:00,-362784,4719.690
46402,2011-03-07T01:15:00+00:00,-361884,4719.659
46402,2011-03-07T01:30:00+00:00,-360984,4719.620
46402,2011-03-07T01:45:00+00:00,-360084,4719.574
46402,2011-03-07T02:00:00+00:00,-359184,4719.524
46402,2011-03-07T02:15:00+00:00,-358284,4719.466
46402,2011-03-07T02:30:00+00:00,-357384,4719.406
46402,2011-03-07T02:45:00+00:00,-356484,4719.342
46402,2011-03-07T03:00:00+00:00,-355584,4719.275
46402,2011-03-07T03:15:00+00:00,-354684,4719.210
46402,2011-03-07T03:30:00+00:00,-353784,4719.147
46402,2011-03-07T03:45:00+00:00,-352884,4719.082
46402,2011-03-07T04:00:00+00:00,-351984,4719.022
46402,2011-03-07T04:15:00+00:00,-351084,4718.966
46402,2011-03-07T04:30:00+00:00,-350184,4718.915
46402,2011-03-07T04:45:00+00:00,-349284,4718.870
46402,2011-03-07T05:00:00+00:00,-348384,4718.835
46402,2011-03-07T05:15:00+00:00,-347484,4718.805
46402,2011-03-07T05:30:00+00:00,-346584,4718.781
46402,2011-03-07T05:45:00+00:00,-345684,4718.768
46402,2011-03-07T06:00:00+00:00,-344784,4718.762
46402,2011-03-07T06:15:00+00:00,-343884,4718.764
46402,2011-03-07T06:30:00+00:00,-342984,4718.775
46402,2011-03-07T06:45:00+00:00,-342084,4718.794
46402,2011-03-07T07:00:00+00:00,-341184,4718.819
46402,2011-03-07T07:15:00+00:00,-340284,4718.855
46402,2011-03-07T07:30:00+00:00,-339384,4718.898
46402,2011-03-07T07:45:00+00:00,-338484,4718.950
46402,2011-03-07T08:00:00+00:00,-337584,4719.004
46402,2011-03-07T08:15:00+00:00,-336684,4719.065
46402,2011-03-07T08:30:00+00:00,-335784,4719.128
46402,2011-03-07T08:45:00+00:00,-334884,4719.198
46402,2011-03-07T09:00:00+00:00,-333984,4719.271
46402,2011-03-07T09:15:00+00:00,-333084,4719.344
46402,2011-03-07T09:30:00+00:00,-332184,4719.417
46402,2011-03-07T09:45:00+00:00,-331284,4719.487
46402,2011-03-07T10:00:00+00:00,-330384,4719.555
46402,2011-03-07T10:15:00+00:00,-329484,4719.618
46402,2011-03-07T10:30:00+00:00,-328584,4719.676
46402,2011-03-07T10:45:00+00:00,-327684,4719.729
46402,2011-03-07T11:00:00+00:00,-326784,4719.776
46402,2011-03-07T11:15:00+00:00,-325884,4719.813
46402,2011-03-07T11:30:00+00:00,-324984,4719.845
46402,2011-03-07T11:45:00+00:00,-324084,4719.867
46402,2011-03-07T12:00:00+00:00,-323184,4719.880
46402,2011-03-07T12:15:00+00:00,-322284,4719.886
46402,2011-03-07T12:30:00+00:00,-321384,4719.880
46402,2011-03-07T12:45:00+00:00,-320484,4719.867
46402,2011-03-07T13:00:00+00:00,-319584,4719.842
46402,2011-03-07T13:15:00+00:00,-318684,4719.809
46402,2011-03-07T13:30:00+00:00,-317784,4719.770
46402,2011-03-07T13:45:00+00:00,-316884,4719.722
46402,2011-03-07T14:00:00+00:00,-315984,4719.667
46402,2011-03-07T14:15:00+00:00,-315084,4719.609
46402,2011-03-07T14:30:00+00:00,-314184,4719.546
46402,2011-03-07T14:45:00+00:00,-313284,4719.480
46402,2011-03-07T15:00:00+00:00,-312384,4719.408
46402,2011-03-07T15:15:00+00:00,-311484,4719.334
46402,2011-03-07T15:30:00+00:00,-310584,4719.256
46402,2011-03-07T15:45:00+00:00,-309684,4719.182
46402,2011-03-07T16:00:00+00:00,-308784,4719.108
46402,2011-03-07T16:15:00+00:00,-307884,4719.038
46402,2011-03-07T16:30:00+00:00,-306984,4718.970
46402,2011-03-07T16:45:00+00:00,-306084,4718.910
46402,2011-03-07T17:00:00+00:00,-305184,4718.853
46402,2011-03-07T17:15:00+00:00,-304284,4718.803
46402,2011-03-07T17:30:00+00:00,-303384,4718.757
46402,2011-03-07T17:45:00+00:00,-302484,4718.723
46402,2011-03-07T18:00:00+00:00,-301584,4718.694
46402,2011-03-07T18:15:00+00:00,-300684,4718.676
46402,2011-03-07T18:30:00+00:00,-299784,4718.664
46402,2011-03-07T18:45:00+00:00,-298884,4718.664
46402,2011-03-07T19:00:00+00:00,-297984,4718.672
46402,2011-03-07T19:15:00+00:00,-297084,4718.687
46402,2011-03-07T19:30:00+00:00,-296184,4718.712
46402,2011-03-07T19:45:00+00:00,-295284,4718.738
46402,2011-03-07T20:00:00+00:00,-294384,4718.776
46402,2011-03-07T20:15:00+00:00,-293484,4718.819
46402,2011-03-07T20:30:00+00:00,-292584,4718.869
46402,2011-03-07T20:45:00+00:00,-291684,4718.924
46402,2011-03-07T21:00:00+00:00,-290784,4718.981
46402,2011-03-07T21:15:00+00:00,-289884,4719.043
46402,2011-03-07T21:30:00+00:00,-288984,4719.104
46402,2011-03-07T21:45:00+00:00,-288084,4719.167
46402,2011-03-07T22:00:00+00:00,-287184,4719.231
46402,2011-03-07T22:15:00+00:00,-286284,4719.295
46402,2011-03-07T22:30:00+00:00,-285384,4719.355
46402,2011-03-07T22:45:00+00:00,-284484,4719.411
46402,2011-03-07T23:00:00+00:00,-283584,4719.463
46402,2011-03-07T23:15:00+00:00,-282684,4719.507
46402,2011-03-07T23:30:00+00:00,-281784,4719.544
46402,2011-03-07T23:45:00+00:00,-280884,4719.577
46402,2011-03-08T00:00:00+00:00,-279984,4719.600
46402,2011-03-08T00:15:00+00:00,-279084,4719.618
46402,2011-03-08T00:30:00+00:00,-278184,4719.628
46402,2011-03-08T00:45:00+00:00,-277284,4719.629
46402,2011-03-08T01:00:00+00:00,-276384,4719.624
46402,2011-03-08T01:15:00+00:00,-275484,4719.617
46402,2011-03-08T01:30:00+00:00,-274584,4719.599
46402,2011-03-08T01:45:00+00:00,-273684,4719.574
46402,2011-03-08T02:00:00+00:00,-272784,4719.542
46402,2011-03-08T02:15:00+00:00,-271884,4719.505
46402,2011-03-08T02:30:00+00:00,-270984,4719.462
46402,2011-03-08T02:45:00+00:00,-270084,4719.414
46402,2011-03-08T03:00:00+00:00,-269184,4719.365
46402,2011-03-08T03:15:00+00:00,-268284,4719.310
46402,2011-03-08T03:30:00+00:00,-267384,4719.254
46402,2011-03-08T03:45:00+00:00,-266484,4719.198
46402,2011-03-08T04:00:00+00:00,-265584,4719.144
46402,2011-03-08T04:15:00+00:00,-264684,4719.090
46402,2011-03-08T04:30:00+00:00,-263784,4719.044
46402,2011-03-08T04:45:00+00:00,-262884,4719.000
46402,2011-03-08T05:00:00+00:00,-261984,4718.961
46402,2011-03-08T05:15:00+00:00,-261084,4718.928
46402,2011-03-08T05:30:00+00:00,-260184,4718.901
46402,2011-03-08T05:45:00+00:00,-259284,4718.881
46402,2011-03-08T06:00:00+00:00,-258384,4718.866
46402,2011-03-08T06:15:00+00:00,-257484,4718.858
46402,2011-03-08T06:30:00+00:00,-256584,4718.857
46402,2011-03-08T06:45:00+00:00,-255684,4718.866
46402,2011-03-08T07:00:00+00:00,-254784,4718.879
46402,2011-03-08T07:15:00+00:00,-253884,4718.903
46402,2011-03-08T07:30:00+00:00,-252984,4718.931
46402,2011-03-08T07:45:00+00:00,-252084,4718.968
46402,2011-03-08T08:00:00+00:00,-251184,4719.011
46402,2011-03-08T08:15:00+00:00,-250284,4719.059
46402,2011-03-08T08:30:00+00:00,-249384,4719.112
46402,2011-03-08T08:45:00+00:00,-248484,4719.171
46402,2011-03-08T09:00:00+00:00,-247584,4719.235
46402,2011-03-08T09:15:00+00:00,-246684,4719.300
46402,2011-03-08T09:30:00+00:00,-245784,4719.367
46402,2011-03-08T09:45:00+00:00,-244884,4719.435
46402,2011-03-08T10:00:00+00:00,-243984,4719.502
46402,2011-03-08T10:15:00+00:00,-243084,4719.568
46402,2011-03-08T10:30:00+00:00,-242184,4719.630
46402,2011-03-08T10:45:00+00:00,-241284,4719.687
46402,2011-03-08T11:00:00+00:00,-240384,4719.737
46402,2011-03-08T11:15:00+00:00,-239484,4719.782
46402,2011-03-08T11:30:00+00:00,-238584,4719.819
46402,2011-03-08T11:45:00+00:00,-237684,4719.853
46402,2011-03-08T12:00:00+00:00,-236784,4719.878
46402,2011-03-08T12:15:00+00:00,-235884,4719.891
46402,2011-03-08T12:30:00+00:00,-234984,4719.901
46402,2011-03-08T12:45:00+00:00,-234084,4719.900
46402,2011-03-08T13:00:00+00:00,-233184,4719.890
46402,2011-03-08T13:15:00+00:00,-232284,4719.874
46402,2011-03-08T13:30:00+00:00,-231384,4719.849
46402,2011-03-08T13:45:00+00:00,-230484,4719.815
46402,2011-03-08T14:00:00+00:00,-229584,4719.774
46402,2011-03-08T14:15:00+00:00,-228684,4719.726
46402,2011-03-08T14:30:00+00:00,-227784,4719.669
46402,2011-03-08T14:45:00+00:00,-226884,4719.608
46402,2011-03-08T15:00:00+00:00,-225984,4719.543
46402,2011-03-08T15:15:00+00:00,-225084,4719.473
46402,2011-03-08T15:30:00+00:00,-224184,4719.403
46402,2011-03-08T15:45:00+00:00,-223284,4719.328
46402,2011-03-08T16:00:00+00:00,-222384,4719.253
46402,2011-03-08T16:15:00+00:00,-221484,4719.180
46402,2011-03-08T16:30:00+00:00,-220584,4719.104
46402,2011-03-08T16:45:00+00:00,-219684,4719.032
46402,2011-03-08T17:00:00+00:00,-218784,4718.966
46402,2011-03-08T17:15:00+00:00,-217884,4718.903
46402,2011-03-08T17:30:00+00:00,-216984,4718.847
46402,2011-03-08T17:45:00+00:00,-216084,4718.794
46402,2011-03-08T18:00:00+00:00,-215184,4718.749
46402,2011-03-08T18:15:00+00:00,-214284,4718.710
46402,2011-03-08T18:30:00+00:00,-213384,4718.679
46402,2011-03-08T18:45:00+00:00,-212484,4718.657
46402,2011-03-08T19:00:00+00:00,-211584,4718.646
46402,2011-03-08T19:15:00+00:00,-210684,4718.639
46402,2011-03-08T19:30:00+00:00,-209784,4718.641
46402,2011-03-08T19:45:00+00:00,-208884,4718.650
46402,2011-03-08T20:00:00+00:00,-207984,4718.666
46402,2011-03-08T20:15:00+00:00,-207084,4718.690
46402,2011-03-08T20:30:00+00:00,-206184,4718.721
46402,2011-03-08T20:45:00+00:00,-205284,4718.758
46402,2011-03-08T21:00:00+00:00,-204384,4718.803
46402,2011-03-08T21:15:00+00:00,-203484,4718.854
46402,2011-03-08T21:30:00+00:00,-202584,4718.905
46402,2011-03-08T21:45:00+00:00,-201684,4718.960
46402,2011-03-08T22:00:00+00:00,-200784,4719.016
46402,2011-03-08T22:15:00+00:00,-199884,4719.073
46402,2011-03-08T22:30:00+00:00,-198984,4719.135
46402,2011-03-08T22:45:00+00:00,-198084,4719.193
46402,2011-03-08T23:00:00+00:00,-197184,4719.247
46402,2011-03-08T23:15:00+00:00,-196284,4719.297
46402,2011-03-08T23:30:00+00:00,-195384,4719.343
46402,2011-03-08T23:45:00+00:00,-194484,4719.385
46402,2011-03-09T00:00:00+00:00,-193584,4719.419
46402,2011-03-09T00:15:00+00:00,-192684,4719.450
46402,2011-03-09T00:30:00+00:00,-191784,4719.478
46402,2011-03-09T00:45:00+00:00,-190884,4719.499
46402,2011-03-09T01:00:00+00:00,-189984,4719.512
46402,2011-03-09T01:15:00+00:00,-189084,4719.522
46402,2011-03-09T01:30:00+00:00,-188184,4719.523
46402,2011-03-09T01:45:00+00:00,-187284,4719.517
46402,2011-03-09T02:00:00+00:00,-186384,4719.505
46402,2011-03-09T02:15:00+00:00,-185484,4719.488
46402,2011-03-09T02:30:00+00:00,-184584,4719.464
46402,2011-03-09T02:45:00+00:00,-183684,4719.436
46402,2011-03-09T03:00:00+00:00,-182784,4719.403
46402,2011-03-09T03:15:00+00:00,-181884,4719.370
46402,2011-03-09T03:30:00+00:00,-180984,4719.331
46402,2011-03-09T03:45:00+00:00,-180084,4719.289
46402,2011-03-09T04:00:00+00:00,-179184,4719.243
46402,2011-03-09T04:15:00+00:00,-178284,4719.200
46402,2011-03-09T04:30:00+00:00,-177384,4719.164
46402,2011-03-09T04:45:00+00:00,-176484,4719.123
46402,2011-03-09T05:00:00+00:00,-175584,4719.087
46402,2011-03-09T05:15:00+00:00,-174684,4719.054
46402,2011-03-09T05:30:00+00:00,-173784,4719.028
46402,2011-03-09T05:45:00+00:00,-172884,4719.004
46402,2011-03-09T06:00:00+00:00,-171984,4718.984
46402,2011-03-09T06:15:00+00:00,-171084,4718.969
46402,2011-03-09T06:30:00+00:00,-170184,4718.962
46402,2011-03-09T06:45:00+00:00,-169284,4718.959
46402,2011-03-09T07:00:00+00:00,-168384,4718.962
46402,2011-03-09T07:15:00+00:00,-167484,4718.972
46402,2011-03-09T07:30:00+00:00,-166584,4718.991
46402,2011-03-09T07:45:00+00:00,-165684,4719.019
46402,2011-03-09T08:00:00+00:00,-164784,4719.049
46402,2011-03-09T08:15:00+00:00,-163884,4719.090
46402,2011-03-09T08:30:00+00:00,-162984,4719.131
46402,2011-03-09T08:45:00+00:00,-162084,4719.180
46402,2011-03-09T09:00:00+00:00,-161184,4719.233
46402,2011-03-09T09:15:00+00:00,-160284,4719.287
46402,2011-03-09T09:30:00+00:00,-159384,4719.344
46402,2011-03-09T09:45:00+00:00,-158484,4719.404
46402,2011-03-09T10:00:00+00:00,-157584,4719.462
46402,2011-03-09T10:15:00+00:00,-156684,4719.523
46402,2011-03-09T10:30:00+00:00,-155784,4719.583
46402,2011-03-09T10:45:00+00:00,-154884,4719.638
46402,2011-03-09T11:00:00+00:00,-153984,4719.689
46402,2011-03-09T11:15:00+00:00,-153084,4719.741
46402,2011-03-09T11:30:00+00:00,-152184,4719.787
46402,2011-03-09T11:45:00+00:00,-151284,4719.827
46402,2011-03-09T12:00:00+00:00,-150384,4719.861
46402,2011-03-09T12:15:00+00:00,-149484,4719.886
46402,2011-03-09T12:30:00+00:00,-148584,4719.905
46402,2011-03-09T12:45:00+00:00,-147684,4719.916
46402,2011-03-09T13:00:00+00:00,-146784,4719.921
46402,2011-03-09T13:15:00+00:00,-145884,4719.915
46402,2011-03-09T13:30:00+00:00,-144984,4719.902
46402,2011-03-09T13:45:00+00:00,-144084,4719.880
46402,2011-03-09T14:00:00+00:00,-143184,4719.852
46402,2011-03-09T14:15:00+00:00,-142284,4719.816
46402,2011-03-09T14:30:00+00:00,-141384,4719.772
46402,2011-03-09T14:45:00+00:00,-140484,4719.722
46402,2011-03-09T15:00:00+00:00,-139584,4719.666
46402,2011-03-09T15:15:00+00:00,-138684,4719.608
46402,2011-03-09T15:30:00+00:00,-137784,4719.541
46402,2011-03-09T15:45:00+00:00,-136884,4719.473
46402,2011-03-09T16:00:00+00:00,-135984,4719.403
46402,2011-03-09T16:15:00+00:00,-135084,4719.330
46402,2011-03-09T16:30:00+00:00,-134184,4719.257
46402,2011-03-09T16:45:00+00:00,-133284,4719.186
46402,2011-03-09T17:00:00+00:00,-132384,4719.113
46402,2011-03-09T17:15:00+00:00,-131484,4719.044
46402,2011-03-09T17:30:00+00:00,-130584,4718.979
46402,2011-03-09T17:45:00+00:00,-129684,4718.918
46402,2011-03-09T18:00:00+00:00,-128784,4718.858
46402,2011-03-09T18:15:00+00:00,-127884,4718.809
46402,2011-03-09T18:30:00+00:00,-126984,4718.761
46402,2011-03-09T18:45:00+00:00,-126084,4718.723
46402,2011-03-09T19:00:00+00:00,-125184,4718.688
46402,2011-03-09T19:15:00+00:00,-124284,4718.663
46402,2011-03-09T19:30:00+00:00,-123384,4718.645
46402,2011-03-09T19:45:00+00:00,-122484,4718.635
46402,2011-03-09T20:00:00+00:00,-121584,4718.631
46402,2011-03-09T20:15:00+00:00,-120684,4718.634
46402,2011-03-09T20:30:00+00:00,-119784,4718.642
46402,2011-03-09T20:45:00+00:00,-118884,4718.659
46402,2011-03-09T21:00:00+00:00,-117984,4718.682
46402,2011-03-09T21:15:00+00:00,-117084,4718.711
46402,2011-03-09T21:30:00+00:00,-116184,4718.745
46402,2011-03-09T21:45:00+00:00,-115284,4718.784
46402,2011-03-09T22:00:00+00:00,-114384,4718.828
46402,2011-03-09T22:15:00+00:00,-113484,4718.874
46402,2011-03-09T22:30:00+00:00,-112584,4718.922
46402,2011-03-09T22:45:00+00:00,-111684,4718.971
46402,2011-03-09T23:00:00+00:00,-110784,4719.018
46402,2011-03-09T23:15:00+00:00,-109884,4719.069
46402,2011-03-09T23:30:00+00:00,-108984,4719.117
46402,2011-03-09T23:45:00+00:00,-108084,4719.164
46402,2011-03-10T00:00:00+00:00,-107184,4719.208
46402,2011-03-10T00:15:00+00:00,-106284,4719.246
46402,2011-03-10T00:30:00+00:00,-105384,4719.283
46402,2011-03-10T00:45:00+00:00,-104484,4719.312
46402,2011-03-10T01:00:00+00:00,-103584,4719.340
46402,2011-03-10T01:15:00+00:00,-102684,4719.365
46402,2011-03-10T01:30:00+00:00,-101784,4719.383
46402,2011-03-10T01:45:00+00:00,-100884,4719.396
46402,2011-03-10T02:00:00+00:00,-99984,4719.402
46402,2011-03-10T02:15:00+00:00,-99084,4719.402
46402,2011-03-10T02:30:00+00:00,-98184,4719.400
46402,2011-03-10T02:45:00+00:00,-97284,4719.390
46402,2011-03-10T03:00:00+00:00,-96384,4719.378
46402,2011-03-10T03:15:00+00:00,-95484,4719.360
46402,2011-03-10T03:30:00+00:00,-94584,4719.341
46402,2011-03-10T03:45:00+00:00,-93684,4719.318
46402,2011-03-10T04:00:00+00:00,-92784,4719.292
46402,2011-03-10T04:15:00+00:00,-91884,4719.264
46402,2011-03-10T04:30:00+00:00,-90984,4719.236
46402,2011-03-10T04:45:00+00:00,-90084,4719.210
46402,2011-03-10T05:00:00+00:00,-89184,4719.182
46402,2011-03-10T05:15:00+00:00,-88284,4719.156
46402,2011-03-10T05:30:00+00:00,-87384,4719.133
46402,2011-03-10T05:45:00+00:00,-86484,4719.111
46402,2011-03-10T06:00:00+00:00,-85584,4719.091
46402,2011-03-10T06:15:00+00:00,-84684,4719.073
46402,2011-03-10T06:30:00+00:00,-83784,4719.063
46402,2011-03-10T06:45:00+00:00,-82884,4719.057
46402,2011-03-10T07:00:00+00:00,-81984,4719.056
46402,2011-03-10T07:15:00+00:00,-81084,4719.061
46402,2011-03-10T07:30:00+00:00,-80184,4719.071
46402,2011-03-10T07:45:00+00:00,-79284,4719.086
46402,2011-03-10T08:00:00+00:00,-78384,4719.110
46402,2011-03-10T08:15:00+00:00,-77484,4719.134
46402,2011-03-10T08:30:00+00:00,-76584,4719.165
46402,2011-03-10T08:45:00+00:00,-75684,4719.201
46402,2011-03-10T09:00:00+00:00,-74784,4719.242
46402,2011-03-10T09:15:00+00:00,-73884,4719.284
46402,2011-03-10T09:30:00+00:00,-72984,4719.331
46402,2011-03-10T09:45:00+00:00,-72084,4719.379
46402,2011-03-10T10:00:00+00:00,-71184,4719.428
46402,2011-03-10T10:15:00+00:00,-70284,4719.478
46402,2011-03-10T10:30:00+00:00,-69384,4719.530
46402,2011-03-10T10:45:00+00:00,-68484,4719.581
46402,2011-03-10T11:00:00+00:00,-67584,4719.634
46402,2011-03-10T11:15:00+00:00,-66684,4719.680
46402,2011-03-10T11:30:00+00:00,-65784,4719.725
46402,2011-03-10T11:45:00+00:00,-64884,4719.770
46402,2011-03-10T12:00:00+00:00,-63984,4719.807
46402,2011-03-10T12:15:00+00:00,-63084,4719.840
46402,2011-03-10T12:30:00+00:00,-62184,4719.867
46402,2011-03-10T12:45:00+00:00,-61284,4719.889
46402,2011-03-10T13:00:00+00:00,-60384,4719.902
46402,2011-03-10T13:15:00+00:00,-59484,4719.911
46402,2011-03-10T13:30:00+00:00,-58584,4719.912
46402,2011-03-10T13:45:00+00:00,-57684,4719.904
46402,2011-03-10T14:00:00+00:00,-56784,4719.892
46402,2011-03-10T14:15:00+00:00,-55884,4719.872
46402,2011-03-10T14:30:00+00:00,-54984,4719.845
46402,2011-03-10T14:45:00+00:00,-54084,4719.811
46402,2011-03-10T15:00:00+00:00,-53184,4719.772
46402,2011-03-10T15:15:00+00:00,-52284,4719.728
46402,2011-03-10T15:30:00+00:00,-51384,4719.675
46402,2011-03-10T15:45:00+00:00,-50484,4719.620
46402,2011-03-10T16:00:00+00:00,-49584,4719.561
46402,2011-03-10T16:15:00+00:00,-48684,4719.495
46402,2011-03-10T16:30:00+00:00,-47784,4719.429
46402,2011-03-10T16:45:00+00:00,-46884,4719.361
46402,2011-03-10T17:00:00+00:00,-45984,4719.295
46402,2011-03-10T17:15:00+00:00,-45084,4719.226
46402,2011-03-10T17:30:00+00:00,-44184,4719.161
46402,2011-03-10T17:45:00+00:00,-43284,4719.093
46402,2011-03-10T18:00:00+00:00,-42384,4719.028
46402,2011-03-10T18:15:00+00:00,-41484,4718.969
46402,2011-03-10T18:30:00+00:00,-40584,4718.912
46402,2011-03-10T18:45:00+00:00,-39684,4718.859
46402,2011-03-10T19:00:00+00:00,-38784,4718.813
46402,2011-03-10T19:15:00+00:00,-37884,4718.770
46402,2011-03-10T19:30:00+00:00,-36984,4718.734
46402,2011-03-10T19:45:00+00:00,-36084,4718.703
46402,2011-03-10T20:00:00+00:00,-35184,4718.678
46402,2011-03-10T20:15:00+00:00,-34284,4718.659
46402,2011-03-10T20:30:00+00:00,-33384,4718.648
46402,2011-03-10T20:45:00+00:00,-32484,4718.639
46402,2011-03-10T21:00:00+00:00,-31584,4718.637
46402,2011-03-10T21:15:00+00:00,-30684,4718.645
46402,2011-03-10T21:30:00+00:00,-29784,4718.657
46402,2011-03-10T21:45:00+00:00,-28884,4718.674
46402,2011-03-10T22:00:00+00:00,-27984,4718.698
46402,2011-03-10T22:15:00+00:00,-27084,4718.725
46402,2011-03-10T22:30:00+00:00,-26184,4718.754
46402,2011-03-10T22:45:00+00:00,-25284,4718.792
46402,2011-03-10T23:00:00+00:00,-24384,4718.830
46402,2011-03-10T23:15:00+00:00,-23484,4718.870
46402,2011-03-10T23:30:00+00:00,-22584,4718.909
46402,2011-03-10T23:45:00+00:00,-21684,4718.949
46402,2011-03-11T00:00:00+00:00,-20784,4718.987
46402,2011-03-11T00:15:00+00:00,-19884,4719.024
46402,2011-03-11T00:30:00+00:00,-18984,4719.060
46402,2011-03-11T00:45:00+00:00,-18084,4719.097
46402,2011-03-11T01:00:00+00:00,-17184,4719.132
46402,2011-03-11T01:15:00+00:00,-16284,4719.163
46402,2011-03-11T01:30:00+00:00,-15384,4719.194
46402,2011-03-11T01:45:00+00:00,-14484,4719.221
46402,2011-03-11T02:00:00+00:00,-13584,4719.239
46402,2011-03-11T02:15:00+00:00,-12684,4719.256
46402,2011-03-11T02:30:00+00:00,-11784,4719.271
46402,2011-03-11T02:45:00+00:00,-10884,4719.282
46402,2011-03-11T03:00:00+00:00,-9984,4719.288
46402,2011-03-11T03:15:00+00:00,-9084,4719.290
46402,2011-03-11T03:30:00+00:00,-8184,4719.291
46402,2011-03-11T03:45:00+00:00,-7284,4719.285
46402,2011-03-11T04:00:00+00:00,-6384,4719.278
46402,2011-03-11T04:15:00+00:00,-5484,4719.268
46402,2011-03-11T04:30:00+00:00,-4584,4719.257
46402,2011-03-11T04:45:00+00:00,-3684,4719.242
