station_id,timestamp_utc,seconds_from_origin,height_m
21419,2011-02-09T06:00:00+00:00,-2591184,5292.241
21419,2011-02-09T06:15:00+00:00,-2590284,5292.269
21419,2011-02-09T06:30:00+00:00,-2589384,5292.300
21419,2011-02-09T06:45:00+00:00,-2588484,5292.329
21419,2011-02-09T07:00:00+00:00,-2587584,5292.359
21419,2011-02-09T07:15:00+00:00,-2586684,5292.387
21419,2011-02-09T07:30:00+00:00,-2585784,5292.416
21419,2011-02-09T07:45:00+00:00,-2584884,5292.437
21419,2011-02-09T08:00:00+00:00,-2583984,5292.461
21419,2011-02-09T08:15:00+00:00,-2583084,5292.478
21419,2011-02-09T08:30:00+00:00,-2582184,5292.493
21419,2011-02-09T08:45:00+00:00,-2581284,5292.504
21419,2011-02-09T09:00:00+00:00,-2580384,5292.508
21419,2011-02-09T09:15:00+00:00,-2579484,5292.514
21419,2011-02-09T09:30:00+00:00,-2578584,5292.516
21419,2011-02-09T09:45:00+00:00,-2577684,5292.512
21419,2011-02-09T10:00:00+00:00,-2576784,5292.508
21419,2011-02-09T10:15:00+00:00,-2575884,5292.499
21419,2011-02-09T10:30:00+00:00,-2574984,5292.487
21419,2011-02-09T10:45:00+00:00,-2574084,5292.474
21419,2011-02-09T11:00:00+00:00,-2573184,5292.461
21419,2011-02-09T11:15:00+00:00,-2572284,5292.444
21419,2011-02-09T11:30:00+00:00,-2571384,5292.427
21419,2011-02-09T11:45:00+00:00,-2570484,5292.409
21419,2011-02-09T12:00:00+00:00,-2569584,5292.388
21419,2011-02-09T12:15:00+00:00,-2568684,5292.369
21419,2011-02-09T12:30:00+00:00,-2567784,5292.348
21419,2011-02-09T12:45:00+00:00,-2566884,5292.328
21419,2011-02-09T13:00:00+00:00,-2565984,5292.310
21419,2011-02-09T13:15:00+00:00,-2565084,5292.295
21419,2011-02-09T13:30:00+00:00,-2564184,5292.282
21419,2011-02-09T13:45:00+00:00,-2563284,5292.268
21419,2011-02-09T14:00:00+00:00,-2562384,5292.260
21419,2011-02-09T14:15:00+00:00,-2561484,5292.255
21419,2011-02-09T14:30:00+00:00,-2560584,5292.254
21419,2011-02-09T14:45:00+00:00,-2559684,5292.258
21419,2011-02-09T15:00:00+00:00,-2558784,5292.266
21419,2011-02-09T15:15:00+00:00,-2557884,5292.275
21419,2011-02-09T15:30:00+00:00,-2556984,5292.290
21419,2011-02-09T15:45:00+00:00,-2556084,5292.305
21419,2011-02-09T16:00:00+00:00,-2555184,5292.325
21419,2011-02-09T16:15:00+00:00,-2554284,5292.345
21419,2011-02-09T16:30:00+00:00,-2553384,5292.371
21419,2011-02-09T16:45:00+00:00,-2552484,5292.395
21419,2011-02-09T17:00:00+00:00,-2551584,5292.423
21419,2011-02-09T17:15:00+00:00,-2550684,5292.453
21419,2011-02-09T17:30:00+00:00,-2549784,5292.482
21419,2011-02-09T17:45:00+00:00,-2548884,5292.515
21419,2011-02-09T18:00:00+00:00,-2547984,5292.547
21419,2011-02-09T18:15:00+00:00,-2547084,5292.578
21419,2011-02-09T18:30:00+00:00,-2546184,5292.605
21419,2011-02-09T18:45:00+00:00,-2545284,5292.635
21419,2011-02-09T19:00:00+00:00,-2544384,5292.662
21419,2011-02-09T19:15:00+00:00,-2543484,5292.688
21419,2011-02-09T19:30:00+00:00,-2542584,5292.711
21419,2011-02-09T19:45:00+00:00,-2541684,5292.732
21419,2011-02-09T20:00:00+00:00,-2540784,5292.748
21419,2011-02-09T20:15:00+00:00,-2539884,5292.762
21419,2011-02-09T20:30:00+00:00,-2538984,5292.773
21419,2011-02-09T20:45:00+00:00,-2538084,5292.775
21419,2011-02-09T21:00:00+00:00,-2537184,5292.778
21419,2011-02-09T21:15:00+00:00,-2536284,5292.775
21419,2011-02-09T21:30:00+00:00,-2535384,5292.769
21419,2011-02-09T21:45:00+00:00,-2534484,5292.755
21419,2011-02-09T22:00:00+00:00,-2533584,5292.739
21419,2011-02-09T22:15:00+00:00,-2532684,5292.718
21419,2011-02-09T22:30:00+00:00,-2531784,5292.691
21419,2011-02-09T22:45:00+00:00,-2530884,5292.663
21419,2011-02-09T23:00:00+00:00,-2529984,5292.631
21419,2011-02-09T23:15:00+00:00,-2529084,5292.596
21419,2011-02-09T23:30:00+00:00,-2528184,5292.560
21419,2011-02-09T23:45:00+00:00,-2527284,5292.520
21419,2011-02-10T00:00:00+00:00,-2526384,5292.481
21419,2011-02-10T00:15:00+00:00,-2525484,5292.440
21419,2011-02-10T00:30:00+00:00,-2524584,5292.401
21419,2011-02-10T00:45:00+00:00,-2523684,5292.357
21419,2011-02-10T01:00:00+00:00,-2522784,5292.321
21419,2011-02-10T01:15:00+00:00,-2521884,5292.279
21419,2011-02-10T01:30:00+00:00,-2520984,5292.241
21419,2011-02-10T01:45:00+00:00,-2520084,5292.203
21419,2011-02-10T02:00:00+00:00,-2519184,5292.166
21419,2011-02-10T02:15:00+00:00,-2518284,5292.131
21419,2011-02-10T02:30:00+00:00,-2517384,5292.102
21419,2011-02-10T02:45:00+00:00,-2516484,5292.076
21419,2011-02-10T03:00:00+00:00,-2515584,5292.053
21419,2011-02-10T03:15:00+00:00,-2514684,5292.034
21419,2011-02-10T03:30:00+00:00,-2513784,5292.021
21419,2011-02-10T03:45:00+00:00,-2512884,5292.009
21419,2011-02-10T04:00:00+00:00,-2511984,5292.004
21419,2011-02-10T04:15:00+00:00,-2511084,5292.005
21419,2011-02-10T04:30:00+00:00,-2510184,5292.005
21419,2011-02-10T04:45:00+00:00,-2509284,5292.012
21419,2011-02-10T05:00:00+00:00,-2508384,5292.020
21419,2011-02-10T05:15:00+00:00,-2507484,5292.031
21419,2011-02-10T05:30:00+00:00,-2506584,5292.047
21419,2011-02-10T05:45:00+00:00,-2505684,5292.068
21419,2011-02-10T06:00:00+00:00,-2504784,5292.087
21419,2011-02-10T06:15:00+00:00,-2503884,5292.109
21419,2011-02-10T06:30:00+00:00,-2502984,5292.136
21419,2011-02-10T06:45:00+00:00,-2502084,5292.162
21419,2011-02-10T07:00:00+00:00,-2501184,5292.191
21419,2011-02-10T07:15:00+00:00,-2500284,5292.220
21419,2011-02-10T07:30:00+00:00,-2499384,5292.248
21419,2011-02-10T07:45:00+00:00,-2498484,5292.278
21419,2011-02-10T08:00:00+00:00,-2497584,5292.306
21419,2011-02-10T08:15:00+00:00,-2496684,5292.332
21419,2011-02-10T08:30:00+00:00,-2495784,5292.354
21419,2011-02-10T08:45:00+00:00,-2494884,5292.374
21419,2011-02-10T09:00:00+00:00,-2493984,5292.392
21419,2011-02-10T09:15:00+00:00,-2493084,5292.406
21419,2011-02-10T09:30:00+00:00,-2492184,5292.419
21419,2011-02-10T09:45:00+00:00,-2491284,5292.428
21419,2011-02-10T10:00:00+00:00,-2490384,5292.435
21419,2011-02-10T10:15:00+00:00,-2489484,5292.438
21419,2011-02-10T10:30:00+00:00,-2488584,5292.438
21419,2011-02-10T10:45:00+00:00,-2487684,5292.439
21419,2011-02-10T11:00:00+00:00,-2486784,5292.436
21419,2011-02-10T11:15:00+00:00,-2485884,5292.434
21419,2011-02-10T11:30:00+00:00,-2484984,5292.431
21419,2011-02-10T11:45:00+00:00,-2484084,5292.423
21419,2011-02-10T12:00:00+00:00,-2483184,5292.414
21419,2011-02-10T12:15:00+00:00,-2482284,5292.404
21419,2011-02-10T12:30:00+00:00,-2481384,5292.393
21419,2011-02-10T12:45:00+00:00,-2480484,5292.383
21419,2011-02-10T13:00:00+00:00,-2479584,5292.372
21419,2011-02-10T13:15:00+00:00,-2478684,5292.364
21419,2011-02-10T13:30:00+00:00,-2477784,5292.356
21419,2011-02-10T13:45:00+00:00,-2476884,5292.352
21419,2011-02-10T14:00:00+00:00,-2475984,5292.347
21419,2011-02-10T14:15:00+00:00,-2475084,5292.343
21419,2011-02-10T14:30:00+00:00,-2474184,5292.343
21419,2011-02-10T14:45:00+00:00,-2473284,5292.343
21419,2011-02-10T15:00:00+00:00,-2472384,5292.349
21419,2011-02-10T15:15:00+00:00,-2471484,5292.359
21419,2011-02-10T15:30:00+00:00,-2470584,5292.368
21419,2011-02-10T15:45:00+00:00,-2469684,5292.380
21419,2011-02-10T16:00:00+00:00,-2468784,5292.396
21419,2011-02-10T16:15:00+00:00,-2467884,5292.412
21419,2011-02-10T16:30:00+00:00,-2466984,5292.429
21419,2011-02-10T16:45:00+00:00,-2466084,5292.450
21419,2011-02-10T17:00:00+00:00,-2465184,5292.471
21419,2011-02-10T17:15:00+00:00,-2464284,5292.496
21419,2011-02-10T17:30:00+00:00,-2463384,5292.520
21419,2011-02-10T17:45:00+00:00,-2462484,5292.546
21419,2011-02-10T18:00:00+00:00,-2461584,5292.572
21419,2011-02-10T18:15:00+00:00,-2460684,5292.599
21419,2011-02-10T18:30:00+00:00,-2459784,5292.626
21419,2011-02-10T18:45:00+00:00,-2458884,5292.651
21419,2011-02-10T19:00:00+00:00,-2457984,5292.676
21419,2011-02-10T19:15:00+00:00,-2457084,5292.700
21419,2011-02-10T19:30:00+00:00,-2456184,5292.721
21419,2011-02-10T19:45:00+00:00,-2455284,5292.741
21419,2011-02-10T20:00:00+00:00,-2454384,5292.759
21419,2011-02-10T20:15:00+00:00,-2453484,5292.775
21419,2011-02-10T20:30:00+00:00,-2452584,5292.787
21419,2011-02-10T20:45:00+00:00,-2451684,5292.798
21419,2011-02-10T21:00:00+00:00,-2450784,5292.804
21419,2011-02-10T21:15:00+00:00,-2449884,5292.807
21419,2011-02-10T21:30:00+00:00,-2448984,5292.806
21419,2011-02-10T21:45:00+00:00,-2448084,5292.800
21419,2011-02-10T22:00:00+00:00,-2447184,5292.789
21419,2011-02-10T22:15:00+00:00,-2446284,5292.774
21419,2011-02-10T22:30:00+00:00,-2445384,5292.756
21419,2011-02-10T22:45:00+00:00,-2444484,5292.733
21419,2011-02-10T23:00:00+00:00,-2443584,5292.708
21419,2011-02-10T23:15:00+00:00,-2442684,5292.681
21419,2011-02-10T23:30:00+00:00,-2441784,5292.652
21419,2011-02-10T23:45:00+00:00,-2440884,5292.620
21419,2011-02-11T00:00:00+00:00,-2439984,5292.583
21419,2011-02-11T00:15:00+00:00,-2439084,5292.548
21419,2011-02-11T00:30:00+00:00,-2438184,5292.512
21419,2011-02-11T00:45:00+00:00,-2437284,5292.473
21419,2011-02-11T01:00:00+00:00,-2436384,5292.432
21419,2011-02-11T01:15:00+00:00,-2435484,5292.389
21419,2011-02-11T01:30:00+00:00,-2434584,5292.348
21419,2011-02-11T01:45:00+00:00,-2433684,5292.307
21419,2011-02-11T02:00:00+00:00,-2432784,5292.269
21419,2011-02-11T02:15:00+00:00,-2431884,5292.227
21419,2011-02-11T02:30:00+00:00,-2430984,5292.191
21419,2011-02-11T02:45:00+00:00,-2430084,5292.157
21419,2011-02-11T03:00:00+00:00,-2429184,5292.129
21419,2011-02-11T03:15:00+00:00,-2428284,5292.101
21419,2011-02-11T03:30:00+00:00,-2427384,5292.076
21419,2011-02-11T03:45:00+00:00,-2426484,5292.057
21419,2011-02-11T04:00:00+00:00,-2425584,5292.043
21419,2011-02-11T04:15:00+00:00,-2424684,5292.028
21419,2011-02-11T04:30:00+00:00,-2423784,5292.023
21419,2011-02-11T04:45:00+00:00,-2422884,5292.016
21419,2011-02-11T05:00:00+00:00,-2421984,5292.013
21419,2011-02-11T05:15:00+00:00,-2421084,5292.014
21419,2011-02-11T05:30:00+00:00,-2420184,5292.018
21419,2011-02-11T05:45:00+00:00,-2419284,5292.025
21419,2011-02-11T06:00:00+00:00,-2418384,5292.041
21419,2011-02-11T06:15:00+00:00,-2417484,5292.054
21419,2011-02-11T06:30:00+00:00,-2416584,5292.070
21419,2011-02-11T06:45:00+00:00,-2415684,5292.086
21419,2011-02-11T07:00:00+00:00,-2414784,5292.110
21419,2011-02-11T07:15:00+00:00,-2413884,5292.131
21419,2011-02-11T07:30:00+00:00,-2412984,5292.156
21419,2011-02-11T07:45:00+00:00,-2412084,5292.181
21419,2011-02-11T08:00:00+00:00,-2411184,5292.206
21419,2011-02-11T08:15:00+00:00,-2410284,5292.232
21419,2011-02-11T08:30:00+00:00,-2409384,5292.255
21419,2011-02-11T08:45:00+00:00,-2408484,5292.279
21419,2011-02-11T09:00:00+00:00,-2407584,5292.302
21419,2011-02-11T09:15:00+00:00,-2406684,5292.322
21419,2011-02-11T09:30:00+00:00,-2405784,5292.337
21419,2011-02-11T09:45:00+00:00,-2404884,5292.359
21419,2011-02-11T10:00:00+00:00,-2403984,5292.375
21419,2011-02-11T10:15:00+00:00,-2403084,5292.389
21419,2011-02-11T10:30:00+00:00,-2402184,5292.403
21419,2011-02-11T10:45:00+00:00,-2401284,5292.416
21419,2011-02-11T11:00:00+00:00,-2400384,5292.425
21419,2011-02-11T11:15:00+00:00,-2399484,5292.432
21419,2011-02-11T11:30:00+00:00,-2398584,5292.437
21419,2011-02-11T11:45:00+00:00,-2397684,5292.443
21419,2011-02-11T12:00:00+00:00,-2396784,5292.444
21419,2011-02-11T12:15:00+00:00,-2395884,5292.443
21419,2011-02-11T12:30:00+00:00,-2394984,5292.446
21419,2011-02-11T12:45:00+00:00,-2394084,5292.442
21419,2011-02-11T13:00:00+00:00,-2393184,5292.443
21419,2011-02-11T13:15:00+00:00,-2392284,5292.441
21419,2011-02-11T13:30:00+00:00,-2391384,5292.439
21419,2011-02-11T13:45:00+00:00,-2390484,5292.440
21419,2011-02-11T14:00:00+00:00,-2389584,5292.439
21419,2011-02-11T14:15:00+00:00,-2388684,5292.441
21419,2011-02-11T14:30:00+00:00,-2387784,5292.444
21419,2011-02-11T14:45:00+00:00,-2386884,5292.448
21419,2011-02-11T15:00:00+00:00,-2385984,5292.452
21419,2011-02-11T15:15:00+00:00,-2385084,5292.462
21419,2011-02-11T15:30:00+00:00,-2384184,5292.468
21419,2011-02-11T15:45:00+00:00,-2383284,5292.480
21419,2011-02-11T16:00:00+00:00,-2382384,5292.493
21419,2011-02-11T16:15:00+00:00,-2381484,5292.506
21419,2011-02-11T16:30:00+00:00,-2380584,5292.521
21419,2011-02-11T16:45:00+00:00,-2379684,5292.536
21419,2011-02-11T17:00:00+00:00,-2378784,5292.557
21419,2011-02-11T17:15:00+00:00,-2377884,5292.575
21419,2011-02-11T17:30:00+00:00,-2376984,5292.592
21419,2011-02-11T17:45:00+00:00,-2376084,5292.612
21419,2011-02-11T18:00:00+00:00,-2375184,5292.633
21419,2011-02-11T18:15:00+00:00,-2374284,5292.655
21419,2011-02-11T18:30:00+00:00,-2373384,5292.676
21419,2011-02-11T18:45:00+00:00,-2372484,5292.695
21419,2011-02-11T19:00:00+00:00,-2371584,5292.717
21419,2011-02-11T19:15:00+00:00,-2370684,5292.738
21419,2011-02-11T19:30:00+00:00,-2369784,5292.759
21419,2011-02-11T19:45:00+00:00,-2368884,5292.779
21419,2011-02-11T20:00:00+00:00,-2367984,5292.794
21419,2011-02-11T20:15:00+00:00,-2367084,5292.810
21419,2011-02-11T20:30:00+00:00,-2366184,5292.825
21419,2011-02-11T20:45:00+00:00,-2365284,5292.836
21419,2011-02-11T21:00:00+00:00,-2364384,5292.846
21419,2011-02-11T21:15:00+00:00,-2363484,5292.852
21419,2011-02-11T21:30:00+00:00,-2362584,5292.855
21419,2011-02-11T21:45:00+00:00,-2361684,5292.855
21419,2011-02-11T22:00:00+00:00,-2360784,5292.851
21419,2011-02-11T22:15:00+00:00,-2359884,5292.843
21419,2011-02-11T22:30:00+00:00,-2358984,5292.831
21419,2011-02-11T22:45:00+00:00,-2358084,5292.813
21419,2011-02-11T23:00:00+00:00,-2357184,5292.792
21419,2011-02-11T23:15:00+00:00,-2356284,5292.774
21419,2011-02-11T23:30:00+00:00,-2355384,5292.746
21419,2011-02-11T23:45:00+00:00,-2354484,5292.718
21419,2011-02-12T00:00:00+00:00,-2353584,5292.689
21419,2011-02-12T00:15:00+00:00,-2352684,5292.656
21419,2011-02-12T00:30:00+00:00,-2351784,5292.622
21419,2011-02-12T00:45:00+00:00,-2350884,5292.587
21419,2011-02-12T01:00:00+00:00,-2349984,5292.548
21419,2011-02-12T01:15:00+00:00,-2349084,5292.507
21419,2011-02-12T01:30:00+00:00,-2348184,5292.464
21419,2011-02-12T01:45:00+00:00,-2347284,5292.423
21419,2011-02-12T02:00:00+00:00,-2346384,5292.382
21419,2011-02-12T02:15:00+00:00,-2345484,5292.341
21419,2011-02-12T02:30:00+00:00,-2344584,5292.300
21419,2011-02-12T02:45:00+00:00,-2343684,5292.261
21419,2011-02-12T03:00:00+00:00,-2342784,5292.225
21419,2011-02-12T03:15:00+00:00,-2341884,5292.191
21419,2011-02-12T03:30:00+00:00,-2340984,5292.163
21419,2011-02-12T03:45:00+00:00,-2340084,5292.130
21419,2011-02-12T04:00:00+00:00,-2339184,5292.104
21419,2011-02-12T04:15:00+00:00,-2338284,5292.082
21419,2011-02-12T04:30:00+00:00,-2337384,5292.062
21419,2011-02-12T04:45:00+00:00,-2336484,5292.044
21419,2011-02-12T05:00:00+00:00,-2335584,5292.029
21419,2011-02-12T05:15:00+00:00,-2334684,5292.018
21419,2011-02-12T05:30:00+00:00,-2333784,5292.009
21419,2011-02-12T05:45:00+00:00,-2332884,5292.000
21419,2011-02-12T06:00:00+00:00,-2331984,5291.997
21419,2011-02-12T06:15:00+00:00,-2331084,5291.995
21419,2011-02-12T06:30:00+00:00,-2330184,5292.000
21419,2011-02-12T06:45:00+00:00,-2329284,5292.007
21419,2011-02-12T07:00:00+00:00,-2328384,5292.017
21419,2011-02-12T07:15:00+00:00,-2327484,5292.029
21419,2011-02-12T07:30:00+00:00,-2326584,5292.045
21419,2011-02-12T07:45:00+00:00,-2325684,5292.060
21419,2011-02-12T08:00:00+00:00,-2324784,5292.076
21419,2011-02-12T08:15:00+00:00,-2323884,5292.097
21419,2011-02-12T08:30:00+00:00,-2322984,5292.115
21419,2011-02-12T08:45:00+00:00,-2322084,5292.137
21419,2011-02-12T09:00:00+00:00,-2321184,5292.157
21419,2011-02-12T09:15:00+00:00,-2320284,5292.182
21419,2011-02-12T09:30:00+00:00,-2319384,5292.203
21419,2011-02-12T09:45:00+00:00,-2318484,5292.229
21419,2011-02-12T10:00:00+00:00,-2317584,5292.249
21419,2011-02-12T10:15:00+00:00,-2316684,5292.272
21419,2011-02-12T10:30:00+00:00,-2315784,5292.294
21419,2011-02-12T10:45:00+00:00,-2314884,5292.315
21419,2011-02-12T11:00:00+00:00,-2313984,5292.336
21419,2011-02-12T11:15:00+00:00,-2313084,5292.354
21419,2011-02-12T11:30:00+00:00,-2312184,5292.370
21419,2011-02-12T11:45:00+00:00,-2311284,5292.385
21419,2011-02-12T12:00:00+00:00,-2310384,5292.400
21419,2011-02-12T12:15:00+00:00,-2309484,5292.411
21419,2011-02-12T12:30:00+00:00,-2308584,5292.423
21419,2011-02-12T12:45:00+00:00,-2307684,5292.433
21419,2011-02-12T13:00:00+00:00,-2306784,5292.445
21419,2011-02-12T13:15:00+00:00,-2305884,5292.455
21419,2011-02-12T13:30:00+00:00,-2304984,5292.463
21419,2011-02-12T13:45:00+00:00,-2304084,5292.472
21419,2011-02-12T14:00:00+00:00,-2303184,5292.480
21419,2011-02-12T14:15:00+00:00,-2302284,5292.487
21419,2011-02-12T14:30:00+00:00,-2301384,5292.493
21419,2011-02-12T14:45:00+00:00,-2300484,5292.501
21419,2011-02-12T15:00:00+00:00,-2299584,5292.513
21419,2011-02-12T15:15:00+00:00,-2298684,5292.524
21419,2011-02-12T15:30:00+00:00,-2297784,5292.535
21419,2011-02-12T15:45:00+00:00,-2296884,5292.544
21419,2011-02-12T16:00:00+00:00,-2295984,5292.557
21419,2011-02-12T16:15:00+00:00,-2295084,5292.570
21419,2011-02-12T16:30:00+00:00,-2294184,5292.583
21419,2011-02-12T16:45:00+00:00,-2293284,5292.598
21419,2011-02-12T17:00:00+00:00,-2292384,5292.613
21419,2011-02-12T17:15:00+00:00,-2291484,5292.624
21419,2011-02-12T17:30:00+00:00,-2290584,5292.640
21419,2011-02-12T17:45:00+00:00,-2289684,5292.657
21419,2011-02-12T18:00:00+00:00,-2288784,5292.671
21419,2011-02-12T18:15:00+00:00,-2287884,5292.688
21419,2011-02-12T18:30:00+00:00,-2286984,5292.705
21419,2011-02-12T18:45:00+00:00,-2286084,5292.721
21419,2011-02-12T19:00:00+00:00,-2285184,5292.737
21419,2011-02-12T19:15:00+00:00,-2284284,5292.752
21419,2011-02-12T19:30:00+00:00,-2283384,5292.765
21419,2011-02-12T19:45:00+00:00,-2282484,5292.778
21419,2011-02-12T20:00:00+00:00,-2281584,5292.790
21419,2011-02-12T20:15:00+00:00,-2280684,5292.804
21419,2011-02-12T20:30:00+00:00,-2279784,5292.815
21419,2011-02-12T20:45:00+00:00,-2278884,5292.825
21419,2011-02-12T21:00:00+00:00,-2277984,5292.834
21419,2011-02-12T21:15:00+00:00,-2277084,5292.843
21419,2011-02-12T21:30:00+00:00,-2276184,5292.847
21419,2011-02-12T21:45:00+00:00,-2275284,5292.848
21419,2011-02-12T22:00:00+00:00,-2274384,5292.848
21419,2011-02-12T22:15:00+00:00,-2273484,5292.844
21419,2011-02-12T22:30:00+00:00,-2272584,5292.834
21419,2011-02-12T22:45:00+00:00,-2271684,5292.823
21419,2011-02-12T23:00:00+00:00,-2270784,5292.810
21419,2011-02-12T23:15:00+00:00,-2269884,5292.794
21419,2011-02-12T23:30:00+00:00,-2268984,5292.777
21419,2011-02-12T23:45:00+00:00,-2268084,5292.757
21419,2011-02-13T00:00:00+00:00,-2267184,5292.734
21419,2011-02-13T00:15:00+00:00,-2266284,5292.711
21419,2011-02-13T00:30:00+00:00,-2265384,5292.684
21419,2011-02-13T00:45:00+00:00,-2264484,5292.656
21419,2011-02-13T01:00:00+00:00,-2263584,5292.623
21419,2011-02-13T01:15:00+00:00,-2262684,5292.589
21419,2011-02-13T01:30:00+00:00,-2261784,5292.553
21419,2011-02-13T01:45:00+00:00,-2260884,5292.514
21419,2011-02-13T02:00:00+00:00,-2259984,5292.476
21419,2011-02-13T02:15:00+00:00,-2259084,5292.434
21419,2011-02-13T02:30:00+00:00,-2258184,5292.390
21419,2011-02-13T02:45:00+00:00,-2257284,5292.351
21419,2011-02-13T03:00:00+00:00,-2256384,5292.312
21419,2011-02-13T03:15:00+00:00,-2255484,5292.273
21419,2011-02-13T03:30:00+00:00,-2254584,5292.235
21419,2011-02-13T03:45:00+00:00,-2253684,5292.201
21419,2011-02-13T04:00:00+00:00,-2252784,5292.169
21419,2011-02-13T04:15:00+00:00,-2251884,5292.136
21419,2011-02-13T04:30:00+00:00,-2250984,5292.106
21419,2011-02-13T04:45:00+00:00,-2250084,5292.079
21419,2011-02-13T05:00:00+00:00,-2249184,5292.053
21419,2011-02-13T05:15:00+00:00,-2248284,5292.029
21419,2011-02-13T05:30:00+00:00,-2247384,5292.010
21419,2011-02-13T05:45:00+00:00,-2246484,5291.993
21419,2011-02-13T06:00:00+00:00,-2245584,5291.977
21419,2011-02-13T06:15:00+00:00,-2244684,5291.961
21419,2011-02-13T06:30:00+00:00,-2243784,5291.949
21419,2011-02-13T06:45:00+00:00,-2242884,5291.938
21419,2011-02-13T07:00:00+00:00,-2241984,5291.933
21419,2011-02-13T07:15:00+00:00,-2241084,5291.929
21419,2011-02-13T07:30:00+00:00,-2240184,5291.931
21419,2011-02-13T07:45:00+00:00,-2239284,5291.935
21419,2011-02-13T08:00:00+00:00,-2238384,5291.941
21419,2011-02-13T08:15:00+00:00,-2237484,5291.950
21419,2011-02-13T08:30:00+00:00,-2236584,5291.960
21419,2011-02-13T08:45:00+00:00,-2235684,5291.973
21419,2011-02-13T09:00:00+00:00,-2234784,5291.989
21419,2011-02-13T09:15:00+00:00,-2233884,5292.004
21419,2011-02-13T09:30:00+00:00,-2232984,5292.024
21419,2011-02-13T09:45:00+00:00,-2232084,5292.041
21419,2011-02-13T10:00:00+00:00,-2231184,5292.064
21419,2011-02-13T10:15:00+00:00,-2230284,5292.088
21419,2011-02-13T10:30:00+00:00,-2229384,5292.112
21419,2011-02-13T10:45:00+00:00,-2228484,5292.138
21419,2011-02-13T11:00:00+00:00,-2227584,5292.162
21419,2011-02-13T11:15:00+00:00,-2226684,5292.189
21419,2011-02-13T11:30:00+00:00,-2225784,5292.215
21419,2011-02-13T11:45:00+00:00,-2224884,5292.241
21419,2011-02-13T12:00:00+00:00,-2223984,5292.265
21419,2011-02-13T12:15:00+00:00,-2223084,5292.292
21419,2011-02-13T12:30:00+00:00,-2222184,5292.314
21419,2011-02-13T12:45:00+00:00,-2221284,5292.333
21419,2011-02-13T13:00:00+00:00,-2220384,5292.355
21419,2011-02-13T13:15:00+00:00,-2219484,5292.374
21419,2011-02-13T13:30:00+00:00,-2218584,5292.393
21419,2011-02-13T13:45:00+00:00,-2217684,5292.412
21419,2011-02-13T14:00:00+00:00,-2216784,5292.433
21419,2011-02-13T14:15:00+00:00,-2215884,5292.452
21419,2011-02-13T14:30:00+00:00,-2214984,5292.472
21419,2011-02-13T14:45:00+00:00,-2214084,5292.487
21419,2011-02-13T15:00:00+00:00,-2213184,5292.502
21419,2011-02-13T15:15:00+00:00,-2212284,5292.519
21419,2011-02-13T15:30:00+00:00,-2211384,5292.533
21419,2011-02-13T15:45:00+00:00,-2210484,5292.553
21419,2011-02-13T16:00:00+00:00,-2209584,5292.567
21419,2011-02-13T16:15:00+00:00,-2208684,5292.580
21419,2011-02-13T16:30:00+00:00,-2207784,5292.592
21419,2011-02-13T16:45:00+00:00,-2206884,5292.607
21419,2011-02-13T17:00:00+00:00,-2205984,5292.620
21419,2011-02-13T17:15:00+00:00,-2205084,5292.633
21419,2011-02-13T17:30:00+00:00,-2204184,5292.646
21419,2011-02-13T17:45:00+00:00,-2203284,5292.661
21419,2011-02-13T18:00:00+00:00,-2202384,5292.670
21419,2011-02-13T18:15:00+00:00,-2201484,5292.684
21419,2011-02-13T18:30:00+00:00,-2200584,5292.694
21419,2011-02-13T18:45:00+00:00,-2199684,5292.708
21419,2011-02-13T19:00:00+00:00,-2198784,5292.719
21419,2011-02-13T19:15:00+00:00,-2197884,5292.731
21419,2011-02-13T19:30:00+00:00,-2196984,5292.744
21419,2011-02-13T19:45:00+00:00,-2196084,5292.752
21419,2011-02-13T20:00:00+00:00,-2195184,5292.765
21419,2011-02-13T20:15:00+00:00,-2194284,5292.776
21419,2011-02-13T20:30:00+00:00,-2193384,5292.784
21419,2011-02-13T20:45:00+00:00,-2192484,5292.792
21419,2011-02-13T21:00:00+00:00,-2191584,5292.802
21419,2011-02-13T21:15:00+00:00,-2190684,5292.808
21419,2011-02-13T21:30:00+00:00,-2189784,5292.811
21419,2011-02-13T21:45:00+00:00,-2188884,5292.813
21419,2011-02-13T22:00:00+00:00,-2187984,5292.814
21419,2011-02-13T22:15:00+00:00,-2187084,5292.815
21419,2011-02-13T22:30:00+00:00,-2186184,5292.815
21419,2011-02-13T22:45:00+00:00,-2185284,5292.810
21419,2011-02-13T23:00:00+00:00,-2184384,5292.801
21419,2011-02-13T23:15:00+00:00,-2183484,5292.795
21419,2011-02-13T23:30:00+00:00,-2182584,5292.784
21419,2011-02-13T23:45:00+00:00,-2181684,5292.770
21419,2011-02-14T00:00:00+00:00,-2180784,5292.756
21419,2011-02-14T00:15:00+00:00,-2179884,5292.742
21419,2011-02-14T00:30:00+00:00,-2178984,5292.723
21419,2011-02-14T00:45:00+00:00,-2178084,5292.700
21419,2011-02-14T01:00:00+00:00,-2177184,5292.677
21419,2011-02-14T01:15:00+00:00,-2176284,5292.649
21419,2011-02-14T01:30:00+00:00,-2175384,5292.620
21419,2011-02-14T01:45:00+00:00,-2174484,5292.586
21419,2011-02-14T02:00:00+00:00,-2173584,5292.558
21419,2011-02-14T02:15:00+00:00,-2172684,5292.520
21419,2011-02-14T02:30:00+00:00,-2171784,5292.487
21419,2011-02-14T02:45:00+00:00,-2170884,5292.448
21419,2011-02-14T03:00:00+00:00,-2169984,5292.412
21419,2011-02-14T03:15:00+00:00,-2169084,5292.373
21419,2011-02-14T03:30:00+00:00,-2168184,5292.338
21419,2011-02-14T03:45:00+00:00,-2167284,5292.298
21419,2011-02-14T04:00:00+00:00,-2166384,5292.260
21419,2011-02-14T04:15:00+00:00,-2165484,5292.225
21419,2011-02-14T04:30:00+00:00,-2164584,5292.192
21419,2011-02-14T04:45:00+00:00,-2163684,5292.158
21419,2011-02-14T05:00:00+00:00,-2162784,5292.126
21419,2011-02-14T05:15:00+00:00,-2161884,5292.095
21419,2011-02-14T05:30:00+00:00,-2160984,5292.064
21419,2011-02-14T05:45:00+00:00,-2160084,5292.037
21419,2011-02-14T06:00:00+00:00,-2159184,5292.008
21419,2011-02-14T06:15:00+00:00,-2158284,5291.982
21419,2011-02-14T06:30:00+00:00,-2157384,5291.957
21419,2011-02-14T06:45:00+00:00,-2156484,5291.936
21419,2011-02-14T07:00:00+00:00,-2155584,5291.913
21419,2011-02-14T07:15:00+00:00,-2154684,5291.897
21419,2011-02-14T07:30:00+00:00,-2153784,5291.880
21419,2011-02-14T07:45:00+00:00,-2152884,5291.869
21419,2011-02-14T08:00:00+00:00,-2151984,5291.861
21419,2011-02-14T08:15:00+00:00,-2151084,5291.857
21419,2011-02-14T08:30:00+00:00,-2150184,5291.855
21419,2011-02-14T08:45:00+00:00,-2149284,5291.858
21419,2011-02-14T09:00:00+00:00,-2148384,5291.860
21419,2011-02-14T09:15:00+00:00,-2147484,5291.867
21419,2011-02-14T09:30:00+00:00,-2146584,5291.876
21419,2011-02-14T09:45:00+00:00,-2145684,5291.890
21419,2011-02-14T10:00:00+00:00,-2144784,5291.902
21419,2011-02-14T10:15:00+00:00,-2143884,5291.920
21419,2011-02-14T10:30:00+00:00,-2142984,5291.944
21419,2011-02-14T10:45:00+00:00,-2142084,5291.968
21419,2011-02-14T11:00:00+00:00,-2141184,5291.993
21419,2011-02-14T11:15:00+00:00,-2140284,5292.022
21419,2011-02-14T11:30:00+00:00,-2139384,5292.052
21419,2011-02-14T11:45:00+00:00,-2138484,5292.084
21419,2011-02-14T12:00:00+00:00,-2137584,5292.114
21419,2011-02-14T12:15:00+00:00,-2136684,5292.146
21419,2011-02-14T12:30:00+00:00,-2135784,5292.180
21419,2011-02-14T12:45:00+00:00,-2134884,5292.210
21419,2011-02-14T13:00:00+00:00,-2133984,5292.242
21419,2011-02-14T13:15:00+00:00,-2133084,5292.277
21419,2011-02-14T13:30:00+00:00,-2132184,5292.308
21419,2011-02-14T13:45:00+00:00,-2131284,5292.338
21419,2011-02-14T14:00:00+00:00,-2130384,5292.369
21419,2011-02-14T14:15:00+00:00,-2129484,5292.399
21419,2011-02-14T14:30:00+00:00,-2128584,5292.428
21419,2011-02-14T14:45:00+00:00,-2127684,5292.454
21419,2011-02-14T15:00:00+00:00,-2126784,5292.481
21419,2011-02-14T15:15:00+00:00,-2125884,5292.506
21419,2011-02-14T15:30:00+00:00,-2124984,5292.531
21419,2011-02-14T15:45:00+00:00,-2124084,5292.554
21419,2011-02-14T16:00:00+00:00,-2123184,5292.572
21419,2011-02-14T16:15:00+00:00,-2122284,5292.593
21419,2011-02-14T16:30:00+00:00,-2121384,5292.609
21419,2011-02-14T16:45:00+00:00,-2120484,5292.624
21419,2011-02-14T17:00:00+00:00,-2119584,5292.644
21419,2011-02-14T17:15:00+00:00,-2118684,5292.659
21419,2011-02-14T17:30:00+00:00,-2117784,5292.672
21419,2011-02-14T17:45:00+00:00,-2116884,5292.689
21419,2011-02-14T18:00:00+00:00,-2115984,5292.701
21419,2011-02-14T18:15:00+00:00,-2115084,5292.710
21419,2011-02-14T18:30:00+00:00,-2114184,5292.718
21419,2011-02-14T18:45:00+00:00,-2113284,5292.729
21419,2011-02-14T19:00:00+00:00,-2112384,5292.736
21419,2011-02-14T19:15:00+00:00,-2111484,5292.743
21419,2011-02-14T19:30:00+00:00,-2110584,5292.749
21419,2011-02-14T19:45:00+00:00,-2109684,5292.759
21419,2011-02-14T20:00:00+00:00,-2108784,5292.766
21419,2011-02-14T20:15:00+00:00,-2107884,5292.771
21419,2011-02-14T20:30:00+00:00,-2106984,5292.777
21419,2011-02-14T20:45:00+00:00,-2106084,5292.784
21419,2011-02-14T21:00:00+00:00,-2105184,5292.791
21419,2011-02-14T21:15:00+00:00,-2104284,5292.797
21419,2011-02-14T21:30:00+00:00,-2103384,5292.803
21419,2011-02-14T21:45:00+00:00,-2102484,5292.806
21419,2011-02-14T22:00:00+00:00,-2101584,5292.811
21419,2011-02-14T22:15:00+00:00,-2100684,5292.811
21419,2011-02-14T22:30:00+00:00,-2099784,5292.811
21419,2011-02-14T22:45:00+00:00,-2098884,5292.809
21419,2011-02-14T23:00:00+00:00,-2097984,5292.806
21419,2011-02-14T23:15:00+00:00,-2097084,5292.804
21419,2011-02-14T23:30:00+00:00,-2096184,5292.802
21419,2011-02-14T23:45:00+00:00,-2095284,5292.798
21419,2011-02-15T00:00:00+00:00,-2094384,5292.793
21419,2011-02-15T00:15:00+00:00,-2093484,5292.790
21419,2011-02-15T00:30:00+00:00,-2092584,5292.782
21419,2011-02-15T00:45:00+00:00,-2091684,5292.774
21419,2011-02-15T01:00:00+00:00,-2090784,5292.761
21419,2011-02-15T01:15:00+00:00,-2089884,5292.747
21419,2011-02-15T01:30:00+00:00,-2088984,5292.729
21419,2011-02-15T01:45:00+00:00,-2088084,5292.706
21419,2011-02-15T02:00:00+00:00,-2087184,5292.684
21419,2011-02-15T02:15:00+00:00,-2086284,5292.658
21419,2011-02-15T02:30:00+00:00,-2085384,5292.634
21419,2011-02-15T02:45:00+00:00,-2084484,5292.608
21419,2011-02-15T03:00:00+00:00,-2083584,5292.581
21419,2011-02-15T03:15:00+00:00,-2082684,5292.546
21419,2011-02-15T03:30:00+00:00,-2081784,5292.517
21419,2011-02-15T03:45:00+00:00,-2080884,5292.482
21419,2011-02-15T04:00:00+00:00,-2079984,5292.448
21419,2011-02-15T04:15:00+00:00,-2079084,5292.414
21419,2011-02-15T04:30:00+00:00,-2078184,5292.378
21419,2011-02-15T04:45:00+00:00,-2077284,5292.340
21419,2011-02-15T05:00:00+00:00,-2076384,5292.304
21419,2011-02-15T05:15:00+00:00,-2075484,5292.264
21419,2011-02-15T05:30:00+00:00,-2074584,5292.224
21419,2011-02-15T05:45:00+00:00,-2073684,5292.185
21419,2011-02-15T06:00:00+00:00,-2072784,5292.146
21419,2011-02-15T06:15:00+00:00,-2071884,5292.108
21419,2011-02-15T06:30:00+00:00,-2070984,5292.070
21419,2011-02-15T06:45:00+00:00,-2070084,5292.036
21419,2011-02-15T07:00:00+00:00,-2069184,5291.997
21419,2011-02-15T07:15:00+00:00,-2068284,5291.964
21419,2011-02-15T07:30:00+00:00,-2067384,5291.935
21419,2011-02-15T07:45:00+00:00,-2066484,5291.907
21419,2011-02-15T08:00:00+00:00,-2065584,5291.882
21419,2011-02-15T08:15:00+00:00,-2064684,5291.857
21419,2011-02-15T08:30:00+00:00,-2063784,5291.840
21419,2011-02-15T08:45:00+00:00,-2062884,5291.824
21419,2011-02-15T09:00:00+00:00,-2061984,5291.812
21419,2011-02-15T09:15:00+00:00,-2061084,5291.802
21419,2011-02-15T09:30:00+00:00,-2060184,5291.796
21419,2011-02-15T09:45:00+00:00,-2059284,5291.793
21419,2011-02-15T10:00:00+00:00,-2058384,5291.795
21419,2011-02-15T10:15:00+00:00,-2057484,5291.801
21419,2011-02-15T10:30:00+00:00,-2056584,5291.812
21419,2011-02-15T10:45:00+00:00,-2055684,5291.829
21419,2011-02-15T11:00:00+00:00,-2054784,5291.847
21419,2011-02-15T11:15:00+00:00,-2053884,5291.871
21419,2011-02-15T11:30:00+00:00,-2052984,5291.895
21419,2011-02-15T11:45:00+00:00,-2052084,5291.925
21419,2011-02-15T12:00:00+00:00,-2051184,5291.959
21419,2011-02-15T12:15:00+00:00,-2050284,5291.990
21419,2011-02-15T12:30:00+00:00,-2049384,5292.022
21419,2011-02-15T12:45:00+00:00,-2048484,5292.059
21419,2011-02-15T13:00:00+00:00,-2047584,5292.097
21419,2011-02-15T13:15:00+00:00,-2046684,5292.136
21419,2011-02-15T13:30:00+00:00,-2045784,5292.175
21419,2011-02-15T13:45:00+00:00,-2044884,5292.217
21419,2011-02-15T14:00:00+00:00,-2043984,5292.258
21419,2011-02-15T14:15:00+00:00,-2043084,5292.297
21419,2011-02-15T14:30:00+00:00,-2042184,5292.336
21419,2011-02-15T14:45:00+00:00,-2041284,5292.373
21419,2011-02-15T15:00:00+00:00,-2040384,5292.408
21419,2011-02-15T15:15:00+00:00,-2039484,5292.444
21419,2011-02-15T15:30:00+00:00,-2038584,5292.478
21419,2011-02-15T15:45:00+00:00,-2037684,5292.508
21419,2011-02-15T16:00:00+00:00,-2036784,5292.536
21419,2011-02-15T16:15:00+00:00,-2035884,5292.565
21419,2011-02-15T16:30:00+00:00,-2034984,5292.588
21419,2011-02-15T16:45:00+00:00,-2034084,5292.612
21419,2011-02-15T17:00:00+00:00,-2033184,5292.632
21419,2011-02-15T17:15:00+00:00,-2032284,5292.651
21419,2011-02-15T17:30:00+00:00,-2031384,5292.666
21419,2011-02-15T17:45:00+00:00,-2030484,5292.679
21419,2011-02-15T18:00:00+00:00,-2029584,5292.692
21419,2011-02-15T18:15:00+00:00,-2028684,5292.697
21419,2011-02-15T18:30:00+00:00,-2027784,5292.705
21419,2011-02-15T18:45:00+00:00,-2026884,5292.708
21419,2011-02-15T19:00:00+00:00,-2025984,5292.712
21419,2011-02-15T19:15:00+00:00,-2025084,5292.714
21419,2011-02-15T19:30:00+00:00,-2024184,5292.717
21419,2011-02-15T19:45:00+00:00,-2023284,5292.714
21419,2011-02-15T20:00:00+00:00,-2022384,5292.717
21419,2011-02-15T20:15:00+00:00,-2021484,5292.719
21419,2011-02-15T20:30:00+00:00,-2020584,5292.719
21419,2011-02-15T20:45:00+00:00,-2019684,5292.718
21419,2011-02-15T21:00:00+00:00,-2018784,5292.718
21419,2011-02-15T21:15:00+00:00,-2017884,5292.718
21419,2011-02-15T21:30:00+00:00,-2016984,5292.721
21419,2011-02-15T21:45:00+00:00,-2016084,5292.725
21419,2011-02-15T22:00:00+00:00,-2015184,5292.726
21419,2011-02-15T22:15:00+00:00,-2014284,5292.726
21419,2011-02-15T22:30:00+00:00,-2013384,5292.729
21419,2011-02-15T22:45:00+00:00,-2012484,5292.731
21419,2011-02-15T23:00:00+00:00,-2011584,5292.733
21419,2011-02-15T23:15:00+00:00,-2010684,5292.734
21419,2011-02-15T23:30:00+00:00,-2009784,5292.735
21419,2011-02-15T23:45:00+00:00,-2008884,5292.736
21419,2011-02-16T00:00:00+00:00,-2007984,5292.739
21419,2011-02-16T00:15:00+00:00,-2007084,5292.742
21419,2011-02-16T00:30:00+00:00,-2006184,5292.742
21419,2011-02-16T00:45:00+00:00,-2005284,5292.743
21419,2011-02-16T01:00:00+00:00,-2004384,5292.741
21419,2011-02-16T01:15:00+00:00,-2003484,5292.738
21419,2011-02-16T01:30:00+00:00,-2002584,5292.731
21419,2011-02-16T01:45:00+00:00,-2001684,5292.722
21419,2011-02-16T02:00:00+00:00,-2000784,5292.710
21419,2011-02-16T02:15:00+00:00,-1999884,5292.697
21419,2011-02-16T02:30:00+00:00,-1998984,5292.683
21419,2011-02-16T02:45:00+00:00,-1998084,5292.669
21419,2011-02-16T03:00:00+00:00,-1997184,5292.649
21419,2011-02-16T03:15:00+00:00,-1996284,5292.630
21419,2011-02-16T03:30:00+00:00,-1995384,5292.610
21419,2011-02-16T03:45:00+00:00,-1994484,5292.588
21419,2011-02-16T04:00:00+00:00,-1993584,5292.562
21419,2011-02-16T04:15:00+00:00,-1992684,5292.534
21419,2011-02-16T04:30:00+00:00,-1991784,5292.505
21419,2011-02-16T04:45:00+00:00,-1990884,5292.473
21419,2011-02-16T05:00:00+00:00,-1989984,5292.440
21419,2011-02-16T05:15:00+00:00,-1989084,5292.402
21419,2011-02-16T05:30:00+00:00,-1988184,5292.363
21419,2011-02-16T05:45:00+00:00,-1987284,5292.322
21419,2011-02-16T06:00:00+00:00,-1986384,5292.279
21419,2011-02-16T06:15:00+00:00,-1985484,5292.237
21419,2011-02-16T06:30:00+00:00,-1984584,5292.193
21419,2011-02-16T06:45:00+00:00,-1983684,5292.146
21419,2011-02-16T07:00:00+00:00,-1982784,5292.101
21419,2011-02-16T07:15:00+00:00,-1981884,5292.057
21419,2011-02-16T07:30:00+00:00,-1980984,5292.013
21419,2011-02-16T07:45:00+00:00,-1980084,5291.968
21419,2011-02-16T08:00:00+00:00,-1979184,5291.929
21419,2011-02-16T08:15:00+00:00,-1978284,5291.889
21419,2011-02-16T08:30:00+00:00,-1977384,5291.849
21419,2011-02-16T08:45:00+00:00,-1976484,5291.816
21419,2011-02-16T09:00:00+00:00,-1975584,5291.782
21419,2011-02-16T09:15:00+00:00,-1974684,5291.756
21419,2011-02-16T09:30:00+00:00,-1973784,5291.731
21419,2011-02-16T09:45:00+00:00,-1972884,5291.710
21419,2011-02-16T10:00:00+00:00,-1971984,5291.694
21419,2011-02-16T10:15:00+00:00,-1971084,5291.681
21419,2011-02-16T10:30:00+00:00,-1970184,5291.678
21419,2011-02-16T10:45:00+00:00,-1969284,5291.675
21419,2011-02-16T11:00:00+00:00,-1968384,5291.679
21419,2011-02-16T11:15:00+00:00,-1967484,5291.689
21419,2011-02-16T11:30:00+00:00,-1966584,5291.703
21419,2011-02-16T11:45:00+00:00,-1965684,5291.720
21419,2011-02-16T12:00:00+00:00,-1964784,5291.743
21419,2011-02-16T12:15:00+00:00,-1963884,5291.769
21419,2011-02-16T12:30:00+00:00,-1962984,5291.799
21419,2011-02-16T12:45:00+00:00,-1962084,5291.832
21419,2011-02-16T13:00:00+00:00,-1961184,5291.870
21419,2011-02-16T13:15:00+00:00,-1960284,5291.912
21419,2011-02-16T13:30:00+00:00,-1959384,5291.954
21419,2011-02-16T13:45:00+00:00,-1958484,5292.001
21419,2011-02-16T14:00:00+00:00,-1957584,5292.049
21419,2011-02-16T14:15:00+00:00,-1956684,5292.095
21419,2011-02-16T14:30:00+00:00,-1955784,5292.141
21419,2011-02-16T14:45:00+00:00,-1954884,5292.188
21419,2011-02-16T15:00:00+00:00,-1953984,5292.234
21419,2011-02-16T15:15:00+00:00,-1953084,5292.280
21419,2011-02-16T15:30:00+00:00,-1952184,5292.325
21419,2011-02-16T15:45:00+00:00,-1951284,5292.365
21419,2011-02-16T16:00:00+00:00,-1950384,5292.405
21419,2011-02-16T16:15:00+00:00,-1949484,5292.443
21419,2011-02-16T16:30:00+00:00,-1948584,5292.476
21419,2011-02-16T16:45:00+00:00,-1947684,5292.506
21419,2011-02-16T17:00:00+00:00,-1946784,5292.537
21419,2011-02-16T17:15:00+00:00,-1945884,5292.564
21419,2011-02-16T17:30:00+00:00,-1944984,5292.587
21419,2011-02-16T17:45:00+00:00,-1944084,5292.604
21419,2011-02-16T18:00:00+00:00,-1943184,5292.621
21419,2011-02-16T18:15:00+00:00,-1942284,5292.634
21419,2011-02-16T18:30:00+00:00,-1941384,5292.642
21419,2011-02-16T18:45:00+00:00,-1940484,5292.650
21419,2011-02-16T19:00:00+00:00,-1939584,5292.655
21419,2011-02-16T19:15:00+00:00,-1938684,5292.658
21419,2011-02-16T19:30:00+00:00,-1937784,5292.659
21419,2011-02-16T19:45:00+00:00,-1936884,5292.658
21419,2011-02-16T20:00:00+00:00,-1935984,5292.651
21419,2011-02-16T20:15:00+00:00,-1935084,5292.650
21419,2011-02-16T20:30:00+00:00,-1934184,5292.647
21419,2011-02-16T20:45:00+00:00,-1933284,5292.644
21419,2011-02-16T21:00:00+00:00,-1932384,5292.637
21419,2011-02-16T21:15:00+00:00,-1931484,5292.638
21419,2011-02-16T21:30:00+00:00,-1930584,5292.634
21419,2011-02-16T21:45:00+00:00,-1929684,5292.630
21419,2011-02-16T22:00:00+00:00,-1928784,5292.628
21419,2011-02-16T22:15:00+00:00,-1927884,5292.624
21419,2011-02-16T22:30:00+00:00,-1926984,5292.621
21419,2011-02-16T22:45:00+00:00,-1926084,5292.620
21419,2011-02-16T23:00:00+00:00,-1925184,5292.620
21419,2011-02-16T23:15:00+00:00,-1924284,5292.621
21419,2011-02-16T23:30:00+00:00,-1923384,5292.622
21419,2011-02-16T23:45:00+00:00,-1922484,5292.627
21419,2011-02-17T00:00:00+00:00,-1921584,5292.635
21419,2011-02-17T00:15:00+00:00,-1920684,5292.641
21419,2011-02-17T00:30:00+00:00,-1919784,5292.653
21419,2011-02-17T00:45:00+00:00,-1918884,5292.659
21419,2011-02-17T01:00:00+00:00,-1917984,5292.667
21419,2011-02-17T01:15:00+00:00,-1917084,5292.675
21419,2011-02-17T01:30:00+00:00,-1916184,5292.680
21419,2011-02-17T01:45:00+00:00,-1915284,5292.681
21419,2011-02-17T02:00:00+00:00,-1914384,5292.682
21419,2011-02-17T02:15:00+00:00,-1913484,5292.682
21419,2011-02-17T02:30:00+00:00,-1912584,5292.682
21419,2011-02-17T02:45:00+00:00,-1911684,5292.683
21419,2011-02-17T03:00:00+00:00,-1910784,5292.680
21419,2011-02-17T03:15:00+00:00,-1909884,5292.675
21419,2011-02-17T03:30:00+00:00,-1908984,5292.667
21419,2011-02-17T03:45:00+00:00,-1908084,5292.657
21419,2011-02-17T04:00:00+00:00,-1907184,5292.644
21419,2011-02-17T04:15:00+00:00,-1906284,5292.630
21419,2011-02-17T04:30:00+00:00,-1905384,5292.613
21419,2011-02-17T04:45:00+00:00,-1904484,5292.596
21419,2011-02-17T05:00:00+00:00,-1903584,5292.574
21419,2011-02-17T05:15:00+00:00,-1902684,5292.547
21419,2011-02-17T05:30:00+00:00,-1901784,5292.520
21419,2011-02-17T05:45:00+00:00,-1900884,5292.488
21419,2011-02-17T06:00:00+00:00,-1899984,5292.452
21419,2011-02-17T06:15:00+00:00,-1899084,5292.412
21419,2011-02-17T06:30:00+00:00,-1898184,5292.372
21419,2011-02-17T06:45:00+00:00,-1897284,5292.327
21419,2011-02-17T07:00:00+00:00,-1896384,5292.282
21419,2011-02-17T07:15:00+00:00,-1895484,5292.234
21419,2011-02-17T07:30:00+00:00,-1894584,5292.185
21419,2011-02-17T07:45:00+00:00,-1893684,5292.139
21419,2011-02-17T08:00:00+00:00,-1892784,5292.088
21419,2011-02-17T08:15:00+00:00,-1891884,5292.038
21419,2011-02-17T08:30:00+00:00,-1890984,5291.991
21419,2011-02-17T08:45:00+00:00,-1890084,5291.943
21419,2011-02-17T09:00:00+00:00,-1889184,5291.899
21419,2011-02-17T09:15:00+00:00,-1888284,5291.856
21419,2011-02-17T09:30:00+00:00,-1887384,5291.816
21419,2011-02-17T09:45:00+00:00,-1886484,5291.779
21419,2011-02-17T10:00:00+00:00,-1885584,5291.749
21419,2011-02-17T10:15:00+00:00,-1884684,5291.724
21419,2011-02-17T10:30:00+00:00,-1883784,5291.707
21419,2011-02-17T10:45:00+00:00,-1882884,5291.692
21419,2011-02-17T11:00:00+00:00,-1881984,5291.683
21419,2011-02-17T11:15:00+00:00,-1881084,5291.681
21419,2011-02-17T11:30:00+00:00,-1880184,5291.683
21419,2011-02-17T11:45:00+00:00,-1879284,5291.686
21419,2011-02-17T12:00:00+00:00,-1878384,5291.697
21419,2011-02-17T12:15:00+00:00,-1877484,5291.713
21419,2011-02-17T12:30:00+00:00,-1876584,5291.732
21419,2011-02-17T12:45:00+00:00,-1875684,5291.758
21419,2011-02-17T13:00:00+00:00,-1874784,5291.787
21419,2011-02-17T13:15:00+00:00,-1873884,5291.823
21419,2011-02-17T13:30:00+00:00,-1872984,5291.863
21419,2011-02-17T13:45:00+00:00,-1872084,5291.906
21419,2011-02-17T14:00:00+00:00,-1871184,5291.951
21419,2011-02-17T14:15:00+00:00,-1870284,5291.998
21419,2011-02-17T14:30:00+00:00,-1869384,5292.048
21419,2011-02-17T14:45:00+00:00,-1868484,5292.096
21419,2011-02-17T15:00:00+00:00,-1867584,5292.144
21419,2011-02-17T15:15:00+00:00,-1866684,5292.193
21419,2011-02-17T15:30:00+00:00,-1865784,5292.242
21419,2011-02-17T15:45:00+00:00,-1864884,5292.286
21419,2011-02-17T16:00:00+00:00,-1863984,5292.331
21419,2011-02-17T16:15:00+00:00,-1863084,5292.373
21419,2011-02-17T16:30:00+00:00,-1862184,5292.416
21419,2011-02-17T16:45:00+00:00,-1861284,5292.454
21419,2011-02-17T17:00:00+00:00,-1860384,5292.486
21419,2011-02-17T17:15:00+00:00,-1859484,5292.519
21419,2011-02-17T17:30:00+00:00,-1858584,5292.545
21419,2011-02-17T17:45:00+00:00,-1857684,5292.568
21419,2011-02-17T18:00:00+00:00,-1856784,5292.584
21419,2011-02-17T18:15:00+00:00,-1855884,5292.597
21419,2011-02-17T18:30:00+00:00,-1854984,5292.607
21419,2011-02-17T18:45:00+00:00,-1854084,5292.615
21419,2011-02-17T19:00:00+00:00,-1853184,5292.617
21419,2011-02-17T19:15:00+00:00,-1852284,5292.618
21419,2011-02-17T19:30:00+00:00,-1851384,5292.615
21419,2011-02-17T19:45:00+00:00,-1850484,5292.613
21419,2011-02-17T20:00:00+00:00,-1849584,5292.604
21419,2011-02-17T20:15:00+00:00,-1848684,5292.595
21419,2011-02-17T20:30:00+00:00,-1847784,5292.585
21419,2011-02-17T20:45:00+00:00,-1846884,5292.575
21419,2011-02-17T21:00:00+00:00,-1845984,5292.565
21419,2011-02-17T21:15:00+00:00,-1845084,5292.554
21419,2011-02-17T21:30:00+00:00,-1844184,5292.544
21419,2011-02-17T21:45:00+00:00,-1843284,5292.534
21419,2011-02-17T22:00:00+00:00,-1842384,5292.523
21419,2011-02-17T22:15:00+00:00,-1841484,5292.517
21419,2011-02-17T22:30:00+00:00,-1840584,5292.506
21419,2011-02-17T22:45:00+00:00,-1839684,5292.500
21419,2011-02-17T23:00:00+00:00,-1838784,5292.495
21419,2011-02-17T23:15:00+00:00,-1837884,5292.493
21419,2011-02-17T23:30:00+00:00,-1836984,5292.495
21419,2011-02-17T23:45:00+00:00,-1836084,5292.501
21419,2011-02-18T00:00:00+00:00,-1835184,5292.504
21419,2011-02-18T00:15:00+00:00,-1834284,5292.511
21419,2011-02-18T00:30:00+00:00,-1833384,5292.524
21419,2011-02-18T00:45:00+00:00,-1832484,5292.534
21419,2011-02-18T01:00:00+00:00,-1831584,5292.547
21419,2011-02-18T01:15:00+00:00,-1830684,5292.559
21419,2011-02-18T01:30:00+00:00,-1829784,5292.573
21419,2011-02-18T01:45:00+00:00,-1828884,5292.586
21419,2011-02-18T02:00:00+00:00,-1827984,5292.599
21419,2011-02-18T02:15:00+00:00,-1827084,5292.612
21419,2011-02-18T02:30:00+00:00,-1826184,5292.627
21419,2011-02-18T02:45:00+00:00,-1825284,5292.640
21419,2011-02-18T03:00:00+00:00,-1824384,5292.654
21419,2011-02-18T03:15:00+00:00,-1823484,5292.666
21419,2011-02-18T03:30:00+00:00,-1822584,5292.677
21419,2011-02-18T03:45:00+00:00,-1821684,5292.685
21419,2011-02-18T04:00:00+00:00,-1820784,5292.692
21419,2011-02-18T04:15:00+00:00,-1819884,5292.694
21419,2011-02-18T04:30:00+00:00,-1818984,5292.691
21419,2011-02-18T04:45:00+00:00,-1818084,5292.689
21419,2011-02-18T05:00:00+00:00,-1817184,5292.680
21419,2011-02-18T05:15:00+00:00,-1816284,5292.669
21419,2011-02-18T05:30:00+00:00,-1815384,5292.656
21419,2011-02-18T05:45:00+00:00,-1814484,5292.637
21419,2011-02-18T06:00:00+00:00,-1813584,5292.615
21419,2011-02-18T06:15:00+00:00,-1812684,5292.585
21419,2011-02-18T06:30:00+00:00,-1811784,5292.555
21419,2011-02-18T06:45:00+00:00,-1810884,5292.520
21419,2011-02-18T07:00:00+00:00,-1809984,5292.477
21419,2011-02-18T07:15:00+00:00,-1809084,5292.435
21419,2011-02-18T07:30:00+00:00,-1808184,5292.387
21419,2011-02-18T07:45:00+00:00,-1807284,5292.339
21419,2011-02-18T08:00:00+00:00,-1806384,5292.285
21419,2011-02-18T08:15:00+00:00,-1805484,5292.233
21419,2011-02-18T08:30:00+00:00,-1804584,5292.180
21419,2011-02-18T08:45:00+00:00,-1803684,5292.129
21419,2011-02-18T09:00:00+00:00,-1802784,5292.076
21419,2011-02-18T09:15:00+00:00,-1801884,5292.026
21419,2011-02-18T09:30:00+00:00,-1800984,5291.977
21419,2011-02-18T09:45:00+00:00,-1800084,5291.930
21419,2011-02-18T10:00:00+00:00,-1799184,5291.890
21419,2011-02-18T10:15:00+00:00,-1798284,5291.851
21419,2011-02-18T10:30:00+00:00,-1797384,5291.815
21419,2011-02-18T10:45:00+00:00,-1796484,5291.785
21419,2011-02-18T11:00:00+00:00,-1795584,5291.759
21419,2011-02-18T11:15:00+00:00,-1794684,5291.735
21419,2011-02-18T11:30:00+00:00,-1793784,5291.720
21419,2011-02-18T11:45:00+00:00,-1792884,5291.712
21419,2011-02-18T12:00:00+00:00,-1791984,5291.707
21419,2011-02-18T12:15:00+00:00,-1791084,5291.708
21419,2011-02-18T12:30:00+00:00,-1790184,5291.712
21419,2011-02-18T12:45:00+00:00,-1789284,5291.725
21419,2011-02-18T13:00:00+00:00,-1788384,5291.743
21419,2011-02-18T13:15:00+00:00,-1787484,5291.766
21419,2011-02-18T13:30:00+00:00,-1786584,5291.799
21419,2011-02-18T13:45:00+00:00,-1785684,5291.835
21419,2011-02-18T14:00:00+00:00,-1784784,5291.872
21419,2011-02-18T14:15:00+00:00,-1783884,5291.919
21419,2011-02-18T14:30:00+00:00,-1782984,5291.965
21419,2011-02-18T14:45:00+00:00,-1782084,5292.012
21419,2011-02-18T15:00:00+00:00,-1781184,5292.064
21419,2011-02-18T15:15:00+00:00,-1780284,5292.116
21419,2011-02-18T15:30:00+00:00,-1779384,5292.167
21419,2011-02-18T15:45:00+00:00,-1778484,5292.219
21419,2011-02-18T16:00:00+00:00,-1777584,5292.265
21419,2011-02-18T16:15:00+00:00,-1776684,5292.313
21419,2011-02-18T16:30:00+00:00,-1775784,5292.358
21419,2011-02-18T16:45:00+00:00,-1774884,5292.399
21419,2011-02-18T17:00:00+00:00,-1773984,5292.439
21419,2011-02-18T17:15:00+00:00,-1773084,5292.474
21419,2011-02-18T17:30:00+00:00,-1772184,5292.508
21419,2011-02-18T17:45:00+00:00,-1771284,5292.534
21419,2011-02-18T18:00:00+00:00,-1770384,5292.556
21419,2011-02-18T18:15:00+00:00,-1769484,5292.574
21419,2011-02-18T18:30:00+00:00,-1768584,5292.586
21419,2011-02-18T18:45:00+00:00,-1767684,5292.594
21419,2011-02-18T19:00:00+00:00,-1766784,5292.599
21419,2011-02-18T19:15:00+00:00,-1765884,5292.602
21419,2011-02-18T19:30:00+00:00,-1764984,5292.598
21419,2011-02-18T19:45:00+00:00,-1764084,5292.589
21419,2011-02-18T20:00:00+00:00,-1763184,5292.576
21419,2011-02-18T20:15:00+00:00,-1762284,5292.563
21419,2011-02-18T20:30:00+00:00,-1761384,5292.548
21419,2011-02-18T20:45:00+00:00,-1760484,5292.530
21419,2011-02-18T21:00:00+00:00,-1759584,5292.509
21419,2011-02-18T21:15:00+00:00,-1758684,5292.490
21419,2011-02-18T21:30:00+00:00,-1757784,5292.469
21419,2011-02-18T21:45:00+00:00,-1756884,5292.447
21419,2011-02-18T22:00:00+00:00,-1755984,5292.427
21419,2011-02-18T22:15:00+00:00,-1755084,5292.407
21419,2011-02-18T22:30:00+00:00,-1754184,5292.389
21419,2011-02-18T22:45:00+00:00,-1753284,5292.370
21419,2011-02-18T23:00:00+00:00,-1752384,5292.355
21419,2011-02-18T23:15:00+00:00,-1751484,5292.344
21419,2011-02-18T23:30:00+00:00,-1750584,5292.338
21419,2011-02-18T23:45:00+00:00,-1749684,5292.333
21419,2011-02-19T00:00:00+00:00,-1748784,5292.336
21419,2011-02-19T00:15:00+00:00,-1747884,5292.338
21419,2011-02-19T00:30:00+00:00,-1746984,5292.344
21419,2011-02-19T00:45:00+00:00,-1746084,5292.355
21419,2011-02-19T01:00:00+00:00,-1745184,5292.364
21419,2011-02-19T01:15:00+00:00,-1744284,5292.379
21419,2011-02-19T01:30:00+00:00,-1743384,5292.396
21419,2011-02-19T01:45:00+00:00,-1742484,5292.414
21419,2011-02-19T02:00:00+00:00,-1741584,5292.434
21419,2011-02-19T02:15:00+00:00,-1740684,5292.453
21419,2011-02-19T02:30:00+00:00,-1739784,5292.477
21419,2011-02-19T02:45:00+00:00,-1738884,5292.504
21419,2011-02-19T03:00:00+00:00,-1737984,5292.526
21419,2011-02-19T03:15:00+00:00,-1737084,5292.550
21419,2011-02-19T03:30:00+00:00,-1736184,5292.577
21419,2011-02-19T03:45:00+00:00,-1735284,5292.603
21419,2011-02-19T04:00:00+00:00,-1734384,5292.627
21419,2011-02-19T04:15:00+00:00,-1733484,5292.647
21419,2011-02-19T04:30:00+00:00,-1732584,5292.664
21419,2011-02-19T04:45:00+00:00,-1731684,5292.680
21419,2011-02-19T05:00:00+00:00,-1730784,5292.692
21419,2011-02-19T05:15:00+00:00,-1729884,5292.700
21419,2011-02-19T05:30:00+00:00,-1728984,5292.703
21419,2011-02-19T05:45:00+00:00,-1728084,5292.701
21419,2011-02-19T06:00:00+00:00,-1727184,5292.693
21419,2011-02-19T06:15:00+00:00,-1726284,5292.681
21419,2011-02-19T06:30:00+00:00,-1725384,5292.665
21419,2011-02-19T06:45:00+00:00,-1724484,5292.648
21419,2011-02-19T07:00:00+00:00,-1723584,5292.623
21419,2011-02-19T07:15:00+00:00,-1722684,5292.592
21419,2011-02-19T07:30:00+00:00,-1721784,5292.559
21419,2011-02-19T07:45:00+00:00,-1720884,5292.525
21419,2011-02-19T08:00:00+00:00,-1719984,5292.483
21419,2011-02-19T08:15:00+00:00,-1719084,5292.439
21419,2011-02-19T08:30:00+00:00,-1718184,5292.392
21419,2011-02-19T08:45:00+00:00,-1717284,5292.343
21419,2011-02-19T09:00:00+00:00,-1716384,5292.288
21419,2011-02-19T09:15:00+00:00,-1715484,5292.237
21419,2011-02-19T09:30:00+00:00,-1714584,5292.182
21419,2011-02-19T09:45:00+00:00,-1713684,5292.131
21419,2011-02-19T10:00:00+00:00,-1712784,5292.082
21419,2011-02-19T10:15:00+00:00,-1711884,5292.034
21419,2011-02-19T10:30:00+00:00,-1710984,5291.992
21419,2011-02-19T10:45:00+00:00,-1710084,5291.953
21419,2011-02-19T11:00:00+00:00,-1709184,5291.917
21419,2011-02-19T11:15:00+00:00,-1708284,5291.886
21419,2011-02-19T11:30:00+00:00,-1707384,5291.858
21419,2011-02-19T11:45:00+00:00,-1706484,5291.835
21419,2011-02-19T12:00:00+00:00,-1705584,5291.820
21419,2011-02-19T12:15:00+00:00,-1704684,5291.805
21419,2011-02-19T12:30:00+00:00,-1703784,5291.798
21419,2011-02-19T12:45:00+00:00,-1702884,5291.794
21419,2011-02-19T13:00:00+00:00,-1701984,5291.799
21419,2011-02-19T13:15:00+00:00,-1701084,5291.809
21419,2011-02-19T13:30:00+00:00,-1700184,5291.829
21419,2011-02-19T13:45:00+00:00,-1699284,5291.852
21419,2011-02-19T14:00:00+00:00,-1698384,5291.881
21419,2011-02-19T14:15:00+00:00,-1697484,5291.915
21419,2011-02-19T14:30:00+00:00,-1696584,5291.956
21419,2011-02-19T14:45:00+00:00,-1695684,5291.995
21419,2011-02-19T15:00:00+00:00,-1694784,5292.041
21419,2011-02-19T15:15:00+00:00,-1693884,5292.092
21419,2011-02-19T15:30:00+00:00,-1692984,5292.143
21419,2011-02-19T15:45:00+00:00,-1692084,5292.194
21419,2011-02-19T16:00:00+00:00,-1691184,5292.245
21419,2011-02-19T16:15:00+00:00,-1690284,5292.294
21419,2011-02-19T16:30:00+00:00,-1689384,5292.341
21419,2011-02-19T16:45:00+00:00,-1688484,5292.387
21419,2011-02-19T17:00:00+00:00,-1687584,5292.432
21419,2011-02-19T17:15:00+00:00,-1686684,5292.472
21419,2011-02-19T17:30:00+00:00,-1685784,5292.508
21419,2011-02-19T17:45:00+00:00,-1684884,5292.539
21419,2011-02-19T18:00:00+00:00,-1683984,5292.567
21419,2011-02-19T18:15:00+00:00,-1683084,5292.586
21419,2011-02-19T18:30:00+00:00,-1682184,5292.603
21419,2011-02-19T18:45:00+00:00,-1681284,5292.618
21419,2011-02-19T19:00:00+00:00,-1680384,5292.626
21419,2011-02-19T19:15:00+00:00,-1679484,5292.628
21419,2011-02-19T19:30:00+00:00,-1678584,5292.623
21419,2011-02-19T19:45:00+00:00,-1677684,5292.613
21419,2011-02-19T20:00:00+00:00,-1676784,5292.596
21419,2011-02-19T20:15:00+00:00,-1675884,5292.578
21419,2011-02-19T20:30:00+00:00,-1674984,5292.559
21419,2011-02-19T20:45:00+00:00,-1674084,5292.536
21419,2011-02-19T21:00:00+00:00,-1673184,5292.509
21419,2011-02-19T21:15:00+00:00,-1672284,5292.478
21419,2011-02-19T21:30:00+00:00,-1671384,5292.447
21419,2011-02-19T21:45:00+00:00,-1670484,5292.416
21419,2011-02-19T22:00:00+00:00,-1669584,5292.382
21419,2011-02-19T22:15:00+00:00,-1668684,5292.352
21419,2011-02-19T22:30:00+00:00,-1667784,5292.322
21419,2011-02-19T22:45:00+00:00,-1666884,5292.292
21419,2011-02-19T23:00:00+00:00,-1665984,5292.258
21419,2011-02-19T23:15:00+00:00,-1665084,5292.240
21419,2011-02-19T23:30:00+00:00,-1664184,5292.218
21419,2011-02-19T23:45:00+00:00,-1663284,5292.203
21419,2011-02-20T00:00:00+00:00,-1662384,5292.191
21419,2011-02-20T00:15:00+00:00,-1661484,5292.181
21419,2011-02-20T00:30:00+00:00,-1660584,5292.181
21419,2011-02-20T00:45:00+00:00,-1659684,5292.181
21419,2011-02-20T01:00:00+00:00,-1658784,5292.186
21419,2011-02-20T01:15:00+00:00,-1657884,5292.192
21419,2011-02-20T01:30:00+00:00,-1656984,5292.202
21419,2011-02-20T01:45:00+00:00,-1656084,5292.215
21419,2011-02-20T02:00:00+00:00,-1655184,5292.231
21419,2011-02-20T02:15:00+00:00,-1654284,5292.254
21419,2011-02-20T02:30:00+00:00,-1653384,5292.276
21419,2011-02-20T02:45:00+00:00,-1652484,5292.305
21419,2011-02-20T03:00:00+00:00,-1651584,5292.341
21419,2011-02-20T03:15:00+00:00,-1650684,5292.371
21419,2011-02-20T03:30:00+00:00,-1649784,5292.408
21419,2011-02-20T03:45:00+00:00,-1648884,5292.442
21419,2011-02-20T04:00:00+00:00,-1647984,5292.480
21419,2011-02-20T04:15:00+00:00,-1647084,5292.516
21419,2011-02-20T04:30:00+00:00,-1646184,5292.554
21419,2011-02-20T04:45:00+00:00,-1645284,5292.586
21419,2011-02-20T05:00:00+00:00,-1644384,5292.622
21419,2011-02-20T05:15:00+00:00,-1643484,5292.647
21419,2011-02-20T05:30:00+00:00,-1642584,5292.670
21419,2011-02-20T05:45:00+00:00,-1641684,5292.694
21419,2011-02-20T06:00:00+00:00,-1640784,5292.705
21419,2011-02-20T06:15:00+00:00,-1639884,5292.716
21419,2011-02-20T06:30:00+00:00,-1638984,5292.722
21419,2011-02-20T06:45:00+00:00,-1638084,5292.725
21419,2011-02-20T07:00:00+00:00,-1637184,5292.718
21419,2011-02-20T07:15:00+00:00,-1636284,5292.708
21419,2011-02-20T07:30:00+00:00,-1635384,5292.696
21419,2011-02-20T07:45:00+00:00,-1634484,5292.673
21419,2011-02-20T08:00:00+00:00,-1633584,5292.652
21419,2011-02-20T08:15:00+00:00,-1632684,5292.623
21419,2011-02-20T08:30:00+00:00,-1631784,5292.593
21419,2011-02-20T08:45:00+00:00,-1630884,5292.558
21419,2011-02-20T09:00:00+00:00,-1629984,5292.518
21419,2011-02-20T09:15:00+00:00,-1629084,5292.472
21419,2011-02-20T09:30:00+00:00,-1628184,5292.428
21419,2011-02-20T09:45:00+00:00,-1627284,5292.385
21419,2011-02-20T10:00:00+00:00,-1626384,5292.334
21419,2011-02-20T10:15:00+00:00,-1625484,5292.290
21419,2011-02-20T10:30:00+00:00,-1624584,5292.243
21419,2011-02-20T10:45:00+00:00,-1623684,5292.204
21419,2011-02-20T11:00:00+00:00,-1622784,5292.163
21419,2011-02-20T11:15:00+00:00,-1621884,5292.127
21419,2011-02-20T11:30:00+00:00,-1620984,5292.091
21419,2011-02-20T11:45:00+00:00,-1620084,5292.062
21419,2011-02-20T12:00:00+00:00,-1619184,5292.039
21419,2011-02-20T12:15:00+00:00,-1618284,5292.019
21419,2011-02-20T12:30:00+00:00,-1617384,5291.999
21419,2011-02-20T12:45:00+00:00,-1616484,5291.987
21419,2011-02-20T13:00:00+00:00,-1615584,5291.982
21419,2011-02-20T13:15:00+00:00,-1614684,5291.980
21419,2011-02-20T13:30:00+00:00,-1613784,5291.985
21419,2011-02-20T13:45:00+00:00,-1612884,5291.995
21419,2011-02-20T14:00:00+00:00,-1611984,5292.011
21419,2011-02-20T14:15:00+00:00,-1611084,5292.031
21419,2011-02-20T14:30:00+00:00,-1610184,5292.060
21419,2011-02-20T14:45:00+00:00,-1609284,5292.089
21419,2011-02-20T15:00:00+00:00,-1608384,5292.124
21419,2011-02-20T15:15:00+00:00,-1607484,5292.163
21419,2011-02-20T15:30:00+00:00,-1606584,5292.206
21419,2011-02-20T15:45:00+00:00,-1605684,5292.250
21419,2011-02-20T16:00:00+00:00,-1604784,5292.295
21419,2011-02-20T16:15:00+00:00,-1603884,5292.342
21419,2011-02-20T16:30:00+00:00,-1602984,5292.392
21419,2011-02-20T16:45:00+00:00,-1602084,5292.439
21419,2011-02-20T17:00:00+00:00,-1601184,5292.486
21419,2011-02-20T17:15:00+00:00,-1600284,5292.527
21419,2011-02-20T17:30:00+00:00,-1599384,5292.565
21419,2011-02-20T17:45:00+00:00,-1598484,5292.600
21419,2011-02-20T18:00:00+00:00,-1597584,5292.629
21419,2011-02-20T18:15:00+00:00,-1596684,5292.655
21419,2011-02-20T18:30:00+00:00,-1595784,5292.672
21419,2011-02-20T18:45:00+00:00,-1594884,5292.687
21419,2011-02-20T19:00:00+00:00,-1593984,5292.697
21419,2011-02-20T19:15:00+00:00,-1593084,5292.701
21419,2011-02-20T19:30:00+00:00,-1592184,5292.697
21419,2011-02-20T19:45:00+00:00,-1591284,5292.690
21419,2011-02-20T20:00:00+00:00,-1590384,5292.674
21419,2011-02-20T20:15:00+00:00,-1589484,5292.657
21419,2011-02-20T20:30:00+00:00,-1588584,5292.637
21419,2011-02-20T20:45:00+00:00,-1587684,5292.608
21419,2011-02-20T21:00:00+00:00,-1586784,5292.579
21419,2011-02-20T21:15:00+00:00,-1585884,5292.545
21419,2011-02-20T21:30:00+00:00,-1584984,5292.507
21419,2011-02-20T21:45:00+00:00,-1584084,5292.465
21419,2011-02-20T22:00:00+00:00,-1583184,5292.422
21419,2011-02-20T22:15:00+00:00,-1582284,5292.377
21419,2011-02-20T22:30:00+00:00,-1581384,5292.335
21419,2011-02-20T22:45:00+00:00,-1580484,5292.289
21419,2011-02-20T23:00:00+00:00,-1579584,5292.250
21419,2011-02-20T23:15:00+00:00,-1578684,5292.210
21419,2011-02-20T23:30:00+00:00,-1577784,5292.177
21419,2011-02-20T23:45:00+00:00,-1576884,5292.142
21419,2011-02-21T00:00:00+00:00,-1575984,5292.116
21419,2011-02-21T00:15:00+00:00,-1575084,5292.093
21419,2011-02-21T00:30:00+00:00,-1574184,5292.074
21419,2011-02-21T00:45:00+00:00,-1573284,5292.059
21419,2011-02-21T01:00:00+00:00,-1572384,5292.048
21419,2011-02-21T01:15:00+00:00,-1571484,5292.045
21419,2011-02-21T01:30:00+00:00,-1570584,5292.042
21419,2011-02-21T01:45:00+00:00,-1569684,5292.044
21419,2011-02-21T02:00:00+00:00,-1568784,5292.050
21419,2011-02-21T02:15:00+00:00,-1567884,5292.061
21419,2011-02-21T02:30:00+00:00,-1566984,5292.077
21419,2011-02-21T02:45:00+00:00,-1566084,5292.098
21419,2011-02-21T03:00:00+00:00,-1565184,5292.124
21419,2011-02-21T03:15:00+00:00,-1564284,5292.154
21419,2011-02-21T03:30:00+00:00,-1563384,5292.187
21419,2011-02-21T03:45:00+00:00,-1562484,5292.223
21419,2011-02-21T04:00:00+00:00,-1561584,5292.261
21419,2011-02-21T04:15:00+00:00,-1560684,5292.305
21419,2011-02-21T04:30:00+00:00,-1559784,5292.345
21419,2011-02-21T04:45:00+00:00,-1558884,5292.388
21419,2011-02-21T05:00:00+00:00,-1557984,5292.429
21419,2011-02-21T05:15:00+00:00,-1557084,5292.469
21419,2011-02-21T05:30:00+00:00,-1556184,5292.506
21419,2011-02-21T05:45:00+00:00,-1555284,5292.540
21419,2011-02-21T06:00:00+00:00,-1554384,5292.575
21419,2011-02-21T06:15:00+00:00,-1553484,5292.602
21419,2011-02-21T06:30:00+00:00,-1552584,5292.627
21419,2011-02-21T06:45:00+00:00,-1551684,5292.646
21419,2011-02-21T07:00:00+00:00,-1550784,5292.662
21419,2011-02-21T07:15:00+00:00,-1549884,5292.672
21419,2011-02-21T07:30:00+00:00,-1548984,5292.677
21419,2011-02-21T07:45:00+00:00,-1548084,5292.677
21419,2011-02-21T08:00:00+00:00,-1547184,5292.671
21419,2011-02-21T08:15:00+00:00,-1546284,5292.664
21419,2011-02-21T08:30:00+00:00,-1545384,5292.650
21419,2011-02-21T08:45:00+00:00,-1544484,5292.630
21419,2011-02-21T09:00:00+00:00,-1543584,5292.608
21419,2011-02-21T09:15:00+00:00,-1542684,5292.580
21419,2011-02-21T09:30:00+00:00,-1541784,5292.551
21419,2011-02-21T09:45:00+00:00,-1540884,5292.516
21419,2011-02-21T10:00:00+00:00,-1539984,5292.480
21419,2011-02-21T10:15:00+00:00,-1539084,5292.442
21419,2011-02-21T10:30:00+00:00,-1538184,5292.406
21419,2011-02-21T10:45:00+00:00,-1537284,5292.366
21419,2011-02-21T11:00:00+00:00,-1536384,5292.330
21419,2011-02-21T11:15:00+00:00,-1535484,5292.291
21419,2011-02-21T11:30:00+00:00,-1534584,5292.257
21419,2011-02-21T11:45:00+00:00,-1533684,5292.225
21419,2011-02-21T12:00:00+00:00,-1532784,5292.198
21419,2011-02-21T12:15:00+00:00,-1531884,5292.173
21419,2011-02-21T12:30:00+00:00,-1530984,5292.153
21419,2011-02-21T12:45:00+00:00,-1530084,5292.137
21419,2011-02-21T13:00:00+00:00,-1529184,5292.126
21419,2011-02-21T13:15:00+00:00,-1528284,5292.118
21419,2011-02-21T13:30:00+00:00,-1527384,5292.117
21419,2011-02-21T13:45:00+00:00,-1526484,5292.122
21419,2011-02-21T14:00:00+00:00,-1525584,5292.130
21419,2011-02-21T14:15:00+00:00,-1524684,5292.143
21419,2011-02-21T14:30:00+00:00,-1523784,5292.160
21419,2011-02-21T14:45:00+00:00,-1522884,5292.183
21419,2011-02-21T15:00:00+00:00,-1521984,5292.210
21419,2011-02-21T15:15:00+00:00,-1521084,5292.241
21419,2011-02-21T15:30:00+00:00,-1520184,5292.274
21419,2011-02-21T15:45:00+00:00,-1519284,5292.316
21419,2011-02-21T16:00:00+00:00,-1518384,5292.355
21419,2011-02-21T16:15:00+00:00,-1517484,5292.397
21419,2011-02-21T16:30:00+00:00,-1516584,5292.441
21419,2011-02-21T16:45:00+00:00,-1515684,5292.486
21419,2011-02-21T17:00:00+00:00,-1514784,5292.530
21419,2011-02-21T17:15:00+00:00,-1513884,5292.576
21419,2011-02-21T17:30:00+00:00,-1512984,5292.616
21419,2011-02-21T17:45:00+00:00,-1512084,5292.657
21419,2011-02-21T18:00:00+00:00,-1511184,5292.691
21419,2011-02-21T18:15:00+00:00,-1510284,5292.720
21419,2011-02-21T18:30:00+00:00,-1509384,5292.747
21419,2011-02-21T18:45:00+00:00,-1508484,5292.768
21419,2011-02-21T19:00:00+00:00,-1507584,5292.785
21419,2011-02-21T19:15:00+00:00,-1506684,5292.793
21419,2011-02-21T19:30:00+00:00,-1505784,5292.796
21419,2011-02-21T19:45:00+00:00,-1504884,5292.792
21419,2011-02-21T20:00:00+00:00,-1503984,5292.782
21419,2011-02-21T20:15:00+00:00,-1503084,5292.769
21419,2011-02-21T20:30:00+00:00,-1502184,5292.750
21419,2011-02-21T20:45:00+00:00,-1501284,5292.727
21419,2011-02-21T21:00:00+00:00,-1500384,5292.700
21419,2011-02-21T21:15:00+00:00,-1499484,5292.664
21419,2011-02-21T21:30:00+00:00,-1498584,5292.629
21419,2011-02-21T21:45:00+00:00,-1497684,5292.586
21419,2011-02-21T22:00:00+00:00,-1496784,5292.539
21419,2011-02-21T22:15:00+00:00,-1495884,5292.489
21419,2011-02-21T22:30:00+00:00,-1494984,5292.438
21419,2011-02-21T22:45:00+00:00,-1494084,5292.385
21419,2011-02-21T23:00:00+00:00,-1493184,5292.331
21419,2011-02-21T23:15:00+00:00,-1492284,5292.274
21419,2011-02-21T23:30:00+00:00,-1491384,5292.224
21419,2011-02-21T23:45:00+00:00,-1490484,5292.175
21419,2011-02-22T00:00:00+00:00,-1489584,5292.130
21419,2011-02-22T00:15:00+00:00,-1488684,5292.090
21419,2011-02-22T00:30:00+00:00,-1487784,5292.054
21419,2011-02-22T00:45:00+00:00,-1486884,5292.024
21419,2011-02-22T01:00:00+00:00,-1485984,5291.997
21419,2011-02-22T01:15:00+00:00,-1485084,5291.973
21419,2011-02-22T01:30:00+00:00,-1484184,5291.954
21419,2011-02-22T01:45:00+00:00,-1483284,5291.939
21419,2011-02-22T02:00:00+00:00,-1482384,5291.929
21419,2011-02-22T02:15:00+00:00,-1481484,5291.925
21419,2011-02-22T02:30:00+00:00,-1480584,5291.928
21419,2011-02-22T02:45:00+00:00,-1479684,5291.936
21419,2011-02-22T03:00:00+00:00,-1478784,5291.951
21419,2011-02-22T03:15:00+00:00,-1477884,5291.970
21419,2011-02-22T03:30:00+00:00,-1476984,5291.996
21419,2011-02-22T03:45:00+00:00,-1476084,5292.025
21419,2011-02-22T04:00:00+00:00,-1475184,5292.056
21419,2011-02-22T04:15:00+00:00,-1474284,5292.093
21419,2011-02-22T04:30:00+00:00,-1473384,5292.135
21419,2011-02-22T04:45:00+00:00,-1472484,5292.176
21419,2011-02-22T05:00:00+00:00,-1471584,5292.222
21419,2011-02-22T05:15:00+00:00,-1470684,5292.268
21419,2011-02-22T05:30:00+00:00,-1469784,5292.314
21419,2011-02-22T05:45:00+00:00,-1468884,5292.359
21419,2011-02-22T06:00:00+00:00,-1467984,5292.402
21419,2011-02-22T06:15:00+00:00,-1467084,5292.443
21419,2011-02-22T06:30:00+00:00,-1466184,5292.481
21419,2011-02-22T06:45:00+00:00,-1465284,5292.516
21419,2011-02-22T07:00:00+00:00,-1464384,5292.547
21419,2011-02-22T07:15:00+00:00,-1463484,5292.573
21419,2011-02-22T07:30:00+00:00,-1462584,5292.594
21419,2011-02-22T07:45:00+00:00,-1461684,5292.612
21419,2011-02-22T08:00:00+00:00,-1460784,5292.625
21419,2011-02-22T08:15:00+00:00,-1459884,5292.632
21419,2011-02-22T08:30:00+00:00,-1458984,5292.632
21419,2011-02-22T08:45:00+00:00,-1458084,5292.633
21419,2011-02-22T09:00:00+00:00,-1457184,5292.624
21419,2011-02-22T09:15:00+00:00,-1456284,5292.614
21419,2011-02-22T09:30:00+00:00,-1455384,5292.598
21419,2011-02-22T09:45:00+00:00,-1454484,5292.580
21419,2011-02-22T10:00:00+00:00,-1453584,5292.557
21419,2011-02-22T10:15:00+00:00,-1452684,5292.535
21419,2011-02-22T10:30:00+00:00,-1451784,5292.510
21419,2011-02-22T10:45:00+00:00,-1450884,5292.482
21419,2011-02-22T11:00:00+00:00,-1449984,5292.455
21419,2011-02-22T11:15:00+00:00,-1449084,5292.427
21419,2011-02-22T11:30:00+00:00,-1448184,5292.399
21419,2011-02-22T11:45:00+00:00,-1447284,5292.371
21419,2011-02-22T12:00:00+00:00,-1446384,5292.345
21419,2011-02-22T12:15:00+00:00,-1445484,5292.321
21419,2011-02-22T12:30:00+00:00,-1444584,5292.300
21419,2011-02-22T12:45:00+00:00,-1443684,5292.279
21419,2011-02-22T13:00:00+00:00,-1442784,5292.265
21419,2011-02-22T13:15:00+00:00,-1441884,5292.253
21419,2011-02-22T13:30:00+00:00,-1440984,5292.247
21419,2011-02-22T13:45:00+00:00,-1440084,5292.245
21419,2011-02-22T14:00:00+00:00,-1439184,5292.246
21419,2011-02-22T14:15:00+00:00,-1438284,5292.252
21419,2011-02-22T14:30:00+00:00,-1437384,5292.260
21419,2011-02-22T14:45:00+00:00,-1436484,5292.276
21419,2011-02-22T15:00:00+00:00,-1435584,5292.294
21419,2011-02-22T15:15:00+00:00,-1434684,5292.315
21419,2011-02-22T15:30:00+00:00,-1433784,5292.343
21419,2011-02-22T15:45:00+00:00,-1432884,5292.373
21419,2011-02-22T16:00:00+00:00,-1431984,5292.404
21419,2011-02-22T16:15:00+00:00,-1431084,5292.440
21419,2011-02-22T16:30:00+00:00,-1430184,5292.478
21419,2011-02-22T16:45:00+00:00,-1429284,5292.518
21419,2011-02-22T17:00:00+00:00,-1428384,5292.558
21419,2011-02-22T17:15:00+00:00,-1427484,5292.599
21419,2011-02-22T17:30:00+00:00,-1426584,5292.639
21419,2011-02-22T17:45:00+00:00,-1425684,5292.677
21419,2011-02-22T18:00:00+00:00,-1424784,5292.712
21419,2011-02-22T18:15:00+00:00,-1423884,5292.746
21419,2011-02-22T18:30:00+00:00,-1422984,5292.776
21419,2011-02-22T18:45:00+00:00,-1422084,5292.803
21419,2011-02-22T19:00:00+00:00,-1421184,5292.826
21419,2011-02-22T19:15:00+00:00,-1420284,5292.843
21419,2011-02-22T19:30:00+00:00,-1419384,5292.855
21419,2011-02-22T19:45:00+00:00,-1418484,5292.858
21419,2011-02-22T20:00:00+00:00,-1417584,5292.857
21419,2011-02-22T20:15:00+00:00,-1416684,5292.849
21419,2011-02-22T20:30:00+00:00,-1415784,5292.837
21419,2011-02-22T20:45:00+00:00,-1414884,5292.821
21419,2011-02-22T21:00:00+00:00,-1413984,5292.798
21419,2011-02-22T21:15:00+00:00,-1413084,5292.771
21419,2011-02-22T21:30:00+00:00,-1412184,5292.738
21419,2011-02-22T21:45:00+00:00,-1411284,5292.701
21419,2011-02-22T22:00:00+00:00,-1410384,5292.657
21419,2011-02-22T22:15:00+00:00,-1409484,5292.609
21419,2011-02-22T22:30:00+00:00,-1408584,5292.562
21419,2011-02-22T22:45:00+00:00,-1407684,5292.508
21419,2011-02-22T23:00:00+00:00,-1406784,5292.451
21419,2011-02-22T23:15:00+00:00,-1405884,5292.396
21419,2011-02-22T23:30:00+00:00,-1404984,5292.342
21419,2011-02-22T23:45:00+00:00,-1404084,5292.286
21419,2011-02-23T00:00:00+00:00,-1403184,5292.231
21419,2011-02-23T00:15:00+00:00,-1402284,5292.180
21419,2011-02-23T00:30:00+00:00,-1401384,5292.131
21419,2011-02-23T00:45:00+00:00,-1400484,5292.087
21419,2011-02-23T01:00:00+00:00,-1399584,5292.045
21419,2011-02-23T01:15:00+00:00,-1398684,5292.007
21419,2011-02-23T01:30:00+00:00,-1397784,5291.975
21419,2011-02-23T01:45:00+00:00,-1396884,5291.942
21419,2011-02-23T02:00:00+00:00,-1395984,5291.912
21419,2011-02-23T02:15:00+00:00,-1395084,5291.896
21419,2011-02-23T02:30:00+00:00,-1394184,5291.882
21419,2011-02-23T02:45:00+00:00,-1393284,5291.878
21419,2011-02-23T03:00:00+00:00,-1392384,5291.873
21419,2011-02-23T03:15:00+00:00,-1391484,5291.878
21419,2011-02-23T03:30:00+00:00,-1390584,5291.887
21419,2011-02-23T03:45:00+00:00,-1389684,5291.901
21419,2011-02-23T04:00:00+00:00,-1388784,5291.918
21419,2011-02-23T04:15:00+00:00,-1387884,5291.945
21419,2011-02-23T04:30:00+00:00,-1386984,5291.975
21419,2011-02-23T04:45:00+00:00,-1386084,5292.006
21419,2011-02-23T05:00:00+00:00,-1385184,5292.043
21419,2011-02-23T05:15:00+00:00,-1384284,5292.083
21419,2011-02-23T05:30:00+00:00,-1383384,5292.124
21419,2011-02-23T05:45:00+00:00,-1382484,5292.166
21419,2011-02-23T06:00:00+00:00,-1381584,5292.212
21419,2011-02-23T06:15:00+00:00,-1380684,5292.253
21419,2011-02-23T06:30:00+00:00,-1379784,5292.297
21419,2011-02-23T06:45:00+00:00,-1378884,5292.342
21419,2011-02-23T07:00:00+00:00,-1377984,5292.381
21419,2011-02-23T07:15:00+00:00,-1377084,5292.417
21419,2011-02-23T07:30:00+00:00,-1376184,5292.452
21419,2011-02-23T07:45:00+00:00,-1375284,5292.480
21419,2011-02-23T08:00:00+00:00,-1374384,5292.507
21419,2011-02-23T08:15:00+00:00,-1373484,5292.531
21419,2011-02-23T08:30:00+00:00,-1372584,5292.549
21419,2011-02-23T08:45:00+00:00,-1371684,5292.558
21419,2011-02-23T09:00:00+00:00,-1370784,5292.566
21419,2011-02-23T09:15:00+00:00,-1369884,5292.574
21419,2011-02-23T09:30:00+00:00,-1368984,5292.575
21419,2011-02-23T09:45:00+00:00,-1368084,5292.575
21419,2011-02-23T10:00:00+00:00,-1367184,5292.568
21419,2011-02-23T10:15:00+00:00,-1366284,5292.562
21419,2011-02-23T10:30:00+00:00,-1365384,5292.554
21419,2011-02-23T10:45:00+00:00,-1364484,5292.544
21419,2011-02-23T11:00:00+00:00,-1363584,5292.528
21419,2011-02-23T11:15:00+00:00,-1362684,5292.512
21419,2011-02-23T11:30:00+00:00,-1361784,5292.497
21419,2011-02-23T11:45:00+00:00,-1360884,5292.479
21419,2011-02-23T12:00:00+00:00,-1359984,5292.461
21419,2011-02-23T12:15:00+00:00,-1359084,5292.445
21419,2011-02-23T12:30:00+00:00,-1358184,5292.428
21419,2011-02-23T12:45:00+00:00,-1357284,5292.413
21419,2011-02-23T13:00:00+00:00,-1356384,5292.401
21419,2011-02-23T13:15:00+00:00,-1355484,5292.392
21419,2011-02-23T13:30:00+00:00,-1354584,5292.383
21419,2011-02-23T13:45:00+00:00,-1353684,5292.379
21419,2011-02-23T14:00:00+00:00,-1352784,5292.381
21419,2011-02-23T14:15:00+00:00,-1351884,5292.386
21419,2011-02-23T14:30:00+00:00,-1350984,5292.391
21419,2011-02-23T14:45:00+00:00,-1350084,5292.401
21419,2011-02-23T15:00:00+00:00,-1349184,5292.414
21419,2011-02-23T15:15:00+00:00,-1348284,5292.430
21419,2011-02-23T15:30:00+00:00,-1347384,5292.450
21419,2011-02-23T15:45:00+00:00,-1346484,5292.475
21419,2011-02-23T16:00:00+00:00,-1345584,5292.498
21419,2011-02-23T16:15:00+00:00,-1344684,5292.524
21419,2011-02-23T16:30:00+00:00,-1343784,5292.552
21419,2011-02-23T16:45:00+00:00,-1342884,5292.584
21419,2011-02-23T17:00:00+00:00,-1341984,5292.616
21419,2011-02-23T17:15:00+00:00,-1341084,5292.650
21419,2011-02-23T17:30:00+00:00,-1340184,5292.684
21419,2011-02-23T17:45:00+00:00,-1339284,5292.721
21419,2011-02-23T18:00:00+00:00,-1338384,5292.756
21419,2011-02-23T18:15:00+00:00,-1337484,5292.789
21419,2011-02-23T18:30:00+00:00,-1336584,5292.821
21419,2011-02-23T18:45:00+00:00,-1335684,5292.848
21419,2011-02-23T19:00:00+00:00,-1334784,5292.875
21419,2011-02-23T19:15:00+00:00,-1333884,5292.895
21419,2011-02-23T19:30:00+00:00,-1332984,5292.917
21419,2011-02-23T19:45:00+00:00,-1332084,5292.931
21419,2011-02-23T20:00:00+00:00,-1331184,5292.940
21419,2011-02-23T20:15:00+00:00,-1330284,5292.946
21419,2011-02-23T20:30:00+00:00,-1329384,5292.943
21419,2011-02-23T20:45:00+00:00,-1328484,5292.937
21419,2011-02-23T21:00:00+00:00,-1327584,5292.926
21419,2011-02-23T21:15:00+00:00,-1326684,5292.907
21419,2011-02-23T21:30:00+00:00,-1325784,5292.886
21419,2011-02-23T21:45:00+00:00,-1324884,5292.857
21419,2011-02-23T22:00:00+00:00,-1323984,5292.823
21419,2011-02-23T22:15:00+00:00,-1323084,5292.784
21419,2011-02-23T22:30:00+00:00,-1322184,5292.744
21419,2011-02-23T22:45:00+00:00,-1321284,5292.694
21419,2011-02-23T23:00:00+00:00,-1320384,5292.644
21419,2011-02-23T23:15:00+00:00,-1319484,5292.592
21419,2011-02-23T23:30:00+00:00,-1318584,5292.537
21419,2011-02-23T23:45:00+00:00,-1317684,5292.481
21419,2011-02-24T00:00:00+00:00,-1316784,5292.425
21419,2011-02-24T00:15:00+00:00,-1315884,5292.369
21419,2011-02-24T00:30:00+00:00,-1314984,5292.312
21419,2011-02-24T00:45:00+00:00,-1314084,5292.259
21419,2011-02-24T01:00:00+00:00,-1313184,5292.205
21419,2011-02-24T01:15:00+00:00,-1312284,5292.153
21419,2011-02-24T01:30:00+00:00,-1311384,5292.101
21419,2011-02-24T01:45:00+00:00,-1310484,5292.060
21419,2011-02-24T02:00:00+00:00,-1309584,5292.019
21419,2011-02-24T02:15:00+00:00,-1308684,5291.980
21419,2011-02-24T02:30:00+00:00,-1307784,5291.950
21419,2011-02-24T02:45:00+00:00,-1306884,5291.924
21419,2011-02-24T03:00:00+00:00,-1305984,5291.900
21419,2011-02-24T03:15:00+00:00,-1305084,5291.887
21419,2011-02-24T03:30:00+00:00,-1304184,5291.876
21419,2011-02-24T03:45:00+00:00,-1303284,5291.874
21419,2011-02-24T04:00:00+00:00,-1302384,5291.873
21419,2011-02-24T04:15:00+00:00,-1301484,5291.882
21419,2011-02-24T04:30:00+00:00,-1300584,5291.893
21419,2011-02-24T04:45:00+00:00,-1299684,5291.908
21419,2011-02-24T05:00:00+00:00,-1298784,5291.928
21419,2011-02-24T05:15:00+00:00,-1297884,5291.950
21419,2011-02-24T05:30:00+00:00,-1296984,5291.978
21419,2011-02-24T05:45:00+00:00,-1296084,5292.010
21419,2011-02-24T06:00:00+00:00,-1295184,5292.041
21419,2011-02-24T06:15:00+00:00,-1294284,5292.077
21419,2011-02-24T06:30:00+00:00,-1293384,5292.111
21419,2011-02-24T06:45:00+00:00,-1292484,5292.151
21419,2011-02-24T07:00:00+00:00,-1291584,5292.190
21419,2011-02-24T07:15:00+00:00,-1290684,5292.231
21419,2011-02-24T07:30:00+00:00,-1289784,5292.270
21419,2011-02-24T07:45:00+00:00,-1288884,5292.307
21419,2011-02-24T08:00:00+00:00,-1287984,5292.343
21419,2011-02-24T08:15:00+00:00,-1287084,5292.375
21419,2011-02-24T08:30:00+00:00,-1286184,5292.404
21419,2011-02-24T08:45:00+00:00,-1285284,5292.430
21419,2011-02-24T09:00:00+00:00,-1284384,5292.450
21419,2011-02-24T09:15:00+00:00,-1283484,5292.467
21419,2011-02-24T09:30:00+00:00,-1282584,5292.487
21419,2011-02-24T09:45:00+00:00,-1281684,5292.499
21419,2011-02-24T10:00:00+00:00,-1280784,5292.510
21419,2011-02-24T10:15:00+00:00,-1279884,5292.518
21419,2011-02-24T10:30:00+00:00,-1278984,5292.522
21419,2011-02-24T10:45:00+00:00,-1278084,5292.525
21419,2011-02-24T11:00:00+00:00,-1277184,5292.523
21419,2011-02-24T11:15:00+00:00,-1276284,5292.522
21419,2011-02-24T11:30:00+00:00,-1275384,5292.515
21419,2011-02-24T11:45:00+00:00,-1274484,5292.510
21419,2011-02-24T12:00:00+00:00,-1273584,5292.508
21419,2011-02-24T12:15:00+00:00,-1272684,5292.499
21419,2011-02-24T12:30:00+00:00,-1271784,5292.493
21419,2011-02-24T12:45:00+00:00,-1270884,5292.483
21419,2011-02-24T13:00:00+00:00,-1269984,5292.478
21419,2011-02-24T13:15:00+00:00,-1269084,5292.471
21419,2011-02-24T13:30:00+00:00,-1268184,5292.468
21419,2011-02-24T13:45:00+00:00,-1267284,5292.465
21419,2011-02-24T14:00:00+00:00,-1266384,5292.467
21419,2011-02-24T14:15:00+00:00,-1265484,5292.466
21419,2011-02-24T14:30:00+00:00,-1264584,5292.469
21419,2011-02-24T14:45:00+00:00,-1263684,5292.475
21419,2011-02-24T15:00:00+00:00,-1262784,5292.484
21419,2011-02-24T15:15:00+00:00,-1261884,5292.496
21419,2011-02-24T15:30:00+00:00,-1260984,5292.510
21419,2011-02-24T15:45:00+00:00,-1260084,5292.526
21419,2011-02-24T16:00:00+00:00,-1259184,5292.545
21419,2011-02-24T16:15:00+00:00,-1258284,5292.567
21419,2011-02-24T16:30:00+00:00,-1257384,5292.589
21419,2011-02-24T16:45:00+00:00,-1256484,5292.614
21419,2011-02-24T17:00:00+00:00,-1255584,5292.640
21419,2011-02-24T17:15:00+00:00,-1254684,5292.667
21419,2011-02-24T17:30:00+00:00,-1253784,5292.695
21419,2011-02-24T17:45:00+00:00,-1252884,5292.724
21419,2011-02-24T18:00:00+00:00,-1251984,5292.753
21419,2011-02-24T18:15:00+00:00,-1251084,5292.784
21419,2011-02-24T18:30:00+00:00,-1250184,5292.811
21419,2011-02-24T18:45:00+00:00,-1249284,5292.841
21419,2011-02-24T19:00:00+00:00,-1248384,5292.868
21419,2011-02-24T19:15:00+00:00,-1247484,5292.894
21419,2011-02-24T19:30:00+00:00,-1246584,5292.917
21419,2011-02-24T19:45:00+00:00,-1245684,5292.939
21419,2011-02-24T20:00:00+00:00,-1244784,5292.958
21419,2011-02-24T20:15:00+00:00,-1243884,5292.972
21419,2011-02-24T20:30:00+00:00,-1242984,5292.984
21419,2011-02-24T20:45:00+00:00,-1242084,5292.992
21419,2011-02-24T21:00:00+00:00,-1241184,5292.991
21419,2011-02-24T21:15:00+00:00,-1240284,5292.987
21419,2011-02-24T21:30:00+00:00,-1239384,5292.976
21419,2011-02-24T21:45:00+00:00,-1238484,5292.961
21419,2011-02-24T22:00:00+00:00,-1237584,5292.941
21419,2011-02-24T22:15:00+00:00,-1236684,5292.916
21419,2011-02-24T22:30:00+00:00,-1235784,5292.884
21419,2011-02-24T22:45:00+00:00,-1234884,5292.851
21419,2011-02-24T23:00:00+00:00,-1233984,5292.813
21419,2011-02-24T23:15:00+00:00,-1233084,5292.772
21419,2011-02-24T23:30:00+00:00,-1232184,5292.727
21419,2011-02-24T23:45:00+00:00,-1231284,5292.677
21419,2011-02-25T00:00:00+00:00,-1230384,5292.627
21419,2011-02-25T00:15:00+00:00,-1229484,5292.577
21419,2011-02-25T00:30:00+00:00,-1228584,5292.523
21419,2011-02-25T00:45:00+00:00,-1227684,5292.469
21419,2011-02-25T01:00:00+00:00,-1226784,5292.416
21419,2011-02-25T01:15:00+00:00,-1225884,5292.359
21419,2011-02-25T01:30:00+00:00,-1224984,5292.305
21419,2011-02-25T01:45:00+00:00,-1224084,5292.253
21419,2011-02-25T02:00:00+00:00,-1223184,5292.203
21419,2011-02-25T02:15:00+00:00,-1222284,5292.157
21419,2011-02-25T02:30:00+00:00,-1221384,5292.114
21419,2011-02-25T02:45:00+00:00,-1220484,5292.073
21419,2011-02-25T03:00:00+00:00,-1219584,5292.036
21419,2011-02-25T03:15:00+00:00,-1218684,5292.006
21419,2011-02-25T03:30:00+00:00,-1217784,5291.979
21419,2011-02-25T03:45:00+00:00,-1216884,5291.959
21419,2011-02-25T04:00:00+00:00,-1215984,5291.942
21419,2011-02-25T04:15:00+00:00,-1215084,5291.930
21419,2011-02-25T04:30:00+00:00,-1214184,5291.925
21419,2011-02-25T04:45:00+00:00,-1213284,5291.922
21419,2011-02-25T05:00:00+00:00,-1212384,5291.927
21419,2011-02-25T05:15:00+00:00,-1211484,5291.930
21419,2011-02-25T05:30:00+00:00,-1210584,5291.936
21419,2011-02-25T05:45:00+00:00,-1209684,5291.948
21419,2011-02-25T06:00:00+00:00,-1208784,5291.963
21419,2011-02-25T06:15:00+00:00,-1207884,5291.985
21419,2011-02-25T06:30:00+00:00,-1206984,5292.008
21419,2011-02-25T06:45:00+00:00,-1206084,5292.033
21419,2011-02-25T07:00:00+00:00,-1205184,5292.060
21419,2011-02-25T07:15:00+00:00,-1204284,5292.092
21419,2011-02-25T07:30:00+00:00,-1203384,5292.121
21419,2011-02-25T07:45:00+00:00,-1202484,5292.153
21419,2011-02-25T08:00:00+00:00,-1201584,5292.189
21419,2011-02-25T08:15:00+00:00,-1200684,5292.220
21419,2011-02-25T08:30:00+00:00,-1199784,5292.253
21419,2011-02-25T08:45:00+00:00,-1198884,5292.282
21419,2011-02-25T09:00:00+00:00,-1197984,5292.311
21419,2011-02-25T09:15:00+00:00,-1197084,5292.337
21419,2011-02-25T09:30:00+00:00,-1196184,5292.361
21419,2011-02-25T09:45:00+00:00,-1195284,5292.387
21419,2011-02-25T10:00:00+00:00,-1194384,5292.407
21419,2011-02-25T10:15:00+00:00,-1193484,5292.424
21419,2011-02-25T10:30:00+00:00,-1192584,5292.443
21419,2011-02-25T10:45:00+00:00,-1191684,5292.457
21419,2011-02-25T11:00:00+00:00,-1190784,5292.471
21419,2011-02-25T11:15:00+00:00,-1189884,5292.483
21419,2011-02-25T11:30:00+00:00,-1188984,5292.494
21419,2011-02-25T11:45:00+00:00,-1188084,5292.497
21419,2011-02-25T12:00:00+00:00,-1187184,5292.504
21419,2011-02-25T12:15:00+00:00,-1186284,5292.507
21419,2011-02-25T12:30:00+00:00,-1185384,5292.512
21419,2011-02-25T12:45:00+00:00,-1184484,5292.514
21419,2011-02-25T13:00:00+00:00,-1183584,5292.516
21419,2011-02-25T13:15:00+00:00,-1182684,5292.519
21419,2011-02-25T13:30:00+00:00,-1181784,5292.520
21419,2011-02-25T13:45:00+00:00,-1180884,5292.526
21419,2011-02-25T14:00:00+00:00,-1179984,5292.530
21419,2011-02-25T14:15:00+00:00,-1179084,5292.535
21419,2011-02-25T14:30:00+00:00,-1178184,5292.540
21419,2011-02-25T14:45:00+00:00,-1177284,5292.548
21419,2011-02-25T15:00:00+00:00,-1176384,5292.554
21419,2011-02-25T15:15:00+00:00,-1175484,5292.566
21419,2011-02-25T15:30:00+00:00,-1174584,5292.572
21419,2011-02-25T15:45:00+00:00,-1173684,5292.584
21419,2011-02-25T16:00:00+00:00,-1172784,5292.597
21419,2011-02-25T16:15:00+00:00,-1171884,5292.612
21419,2011-02-25T16:30:00+00:00,-1170984,5292.630
21419,2011-02-25T16:45:00+00:00,-1170084,5292.649
21419,2011-02-25T17:00:00+00:00,-1169184,5292.669
21419,2011-02-25T17:15:00+00:00,-1168284,5292.688
21419,2011-02-25T17:30:00+00:00,-1167384,5292.709
21419,2011-02-25T17:45:00+00:00,-1166484,5292.729
21419,2011-02-25T18:00:00+00:00,-1165584,5292.751
21419,2011-02-25T18:15:00+00:00,-1164684,5292.773
21419,2011-02-25T18:30:00+00:00,-1163784,5292.797
21419,2011-02-25T18:45:00+00:00,-1162884,5292.819
21419,2011-02-25T19:00:00+00:00,-1161984,5292.839
21419,2011-02-25T19:15:00+00:00,-1161084,5292.863
21419,2011-02-25T19:30:00+00:00,-1160184,5292.884
21419,2011-02-25T19:45:00+00:00,-1159284,5292.901
21419,2011-02-25T20:00:00+00:00,-1158384,5292.916
21419,2011-02-25T20:15:00+00:00,-1157484,5292.932
21419,2011-02-25T20:30:00+00:00,-1156584,5292.944
21419,2011-02-25T20:45:00+00:00,-1155684,5292.955
21419,2011-02-25T21:00:00+00:00,-1154784,5292.963
21419,2011-02-25T21:15:00+00:00,-1153884,5292.966
21419,2011-02-25T21:30:00+00:00,-1152984,5292.968
21419,2011-02-25T21:45:00+00:00,-1152084,5292.963
21419,2011-02-25T22:00:00+00:00,-1151184,5292.953
21419,2011-02-25T22:15:00+00:00,-1150284,5292.937
21419,2011-02-25T22:30:00+00:00,-1149384,5292.922
21419,2011-02-25T22:45:00+00:00,-1148484,5292.899
21419,2011-02-25T23:00:00+00:00,-1147584,5292.874
21419,2011-02-25T23:15:00+00:00,-1146684,5292.846
21419,2011-02-25T23:30:00+00:00,-1145784,5292.811
21419,2011-02-25T23:45:00+00:00,-1144884,5292.775
21419,2011-02-26T00:00:00+00:00,-1143984,5292.735
21419,2011-02-26T00:15:00+00:00,-1143084,5292.695
21419,2011-02-26T00:30:00+00:00,-1142184,5292.653
21419,2011-02-26T00:45:00+00:00,-1141284,5292.609
21419,2011-02-26T01:00:00+00:00,-1140384,5292.563
21419,2011-02-26T01:15:00+00:00,-1139484,5292.515
21419,2011-02-26T01:30:00+00:00,-1138584,5292.467
21419,2011-02-26T01:45:00+00:00,-1137684,5292.413
21419,2011-02-26T02:00:00+00:00,-1136784,5292.361
21419,2011-02-26T02:15:00+00:00,-1135884,5292.310
21419,2011-02-26T02:30:00+00:00,-1134984,5292.264
21419,2011-02-26T02:45:00+00:00,-1134084,5292.216
21419,2011-02-26T03:00:00+00:00,-1133184,5292.173
21419,2011-02-26T03:15:00+00:00,-1132284,5292.133
21419,2011-02-26T03:30:00+00:00,-1131384,5292.094
21419,2011-02-26T03:45:00+00:00,-1130484,5292.058
21419,2011-02-26T04:00:00+00:00,-1129584,5292.028
21419,2011-02-26T04:15:00+00:00,-1128684,5292.000
21419,2011-02-26T04:30:00+00:00,-1127784,5291.975
21419,2011-02-26T04:45:00+00:00,-1126884,5291.957
21419,2011-02-26T05:00:00+00:00,-1125984,5291.940
21419,2011-02-26T05:15:00+00:00,-1125084,5291.928
21419,2011-02-26T05:30:00+00:00,-1124184,5291.921
21419,2011-02-26T05:45:00+00:00,-1123284,5291.915
21419,2011-02-26T06:00:00+00:00,-1122384,5291.914
21419,2011-02-26T06:15:00+00:00,-1121484,5291.915
21419,2011-02-26T06:30:00+00:00,-1120584,5291.921
21419,2011-02-26T06:45:00+00:00,-1119684,5291.929
21419,2011-02-26T07:00:00+00:00,-1118784,5291.941
21419,2011-02-26T07:15:00+00:00,-1117884,5291.955
21419,2011-02-26T07:30:00+00:00,-1116984,5291.972
21419,2011-02-26T07:45:00+00:00,-1116084,5291.991
21419,2011-02-26T08:00:00+00:00,-1115184,5292.012
21419,2011-02-26T08:15:00+00:00,-1114284,5292.040
21419,2011-02-26T08:30:00+00:00,-1113384,5292.063
21419,2011-02-26T08:45:00+00:00,-1112484,5292.084
21419,2011-02-26T09:00:00+00:00,-1111584,5292.111
21419,2011-02-26T09:15:00+00:00,-1110684,5292.139
21419,2011-02-26T09:30:00+00:00,-1109784,5292.164
21419,2011-02-26T09:45:00+00:00,-1108884,5292.191
21419,2011-02-26T10:00:00+00:00,-1107984,5292.215
21419,2011-02-26T10:15:00+00:00,-1107084,5292.239
21419,2011-02-26T10:30:00+00:00,-1106184,5292.260
21419,2011-02-26T10:45:00+00:00,-1105284,5292.286
21419,2011-02-26T11:00:00+00:00,-1104384,5292.306
21419,2011-02-26T11:15:00+00:00,-1103484,5292.324
21419,2011-02-26T11:30:00+00:00,-1102584,5292.344
21419,2011-02-26T11:45:00+00:00,-1101684,5292.359
21419,2011-02-26T12:00:00+00:00,-1100784,5292.375
21419,2011-02-26T12:15:00+00:00,-1099884,5292.387
21419,2011-02-26T12:30:00+00:00,-1098984,5292.396
21419,2011-02-26T12:45:00+00:00,-1098084,5292.407
21419,2011-02-26T13:00:00+00:00,-1097184,5292.416
21419,2011-02-26T13:15:00+00:00,-1096284,5292.423
21419,2011-02-26T13:30:00+00:00,-1095384,5292.435
21419,2011-02-26T13:45:00+00:00,-1094484,5292.445
21419,2011-02-26T14:00:00+00:00,-1093584,5292.454
21419,2011-02-26T14:15:00+00:00,-1092684,5292.462
21419,2011-02-26T14:30:00+00:00,-1091784,5292.470
21419,2011-02-26T14:45:00+00:00,-1090884,5292.480
21419,2011-02-26T15:00:00+00:00,-1089984,5292.488
21419,2011-02-26T15:15:00+00:00,-1089084,5292.499
21419,2011-02-26T15:30:00+00:00,-1088184,5292.509
21419,2011-02-26T15:45:00+00:00,-1087284,5292.521
21419,2011-02-26T16:00:00+00:00,-1086384,5292.534
21419,2011-02-26T16:15:00+00:00,-1085484,5292.547
21419,2011-02-26T16:30:00+00:00,-1084584,5292.556
21419,2011-02-26T16:45:00+00:00,-1083684,5292.569
21419,2011-02-26T17:00:00+00:00,-1082784,5292.584
21419,2011-02-26T17:15:00+00:00,-1081884,5292.599
21419,2011-02-26T17:30:00+00:00,-1080984,5292.616
21419,2011-02-26T17:45:00+00:00,-1080084,5292.631
21419,2011-02-26T18:00:00+00:00,-1079184,5292.647
21419,2011-02-26T18:15:00+00:00,-1078284,5292.664
21419,2011-02-26T18:30:00+00:00,-1077384,5292.678
21419,2011-02-26T18:45:00+00:00,-1076484,5292.696
21419,2011-02-26T19:00:00+00:00,-1075584,5292.710
21419,2011-02-26T19:15:00+00:00,-1074684,5292.729
21419,2011-02-26T19:30:00+00:00,-1073784,5292.741
21419,2011-02-26T19:45:00+00:00,-1072884,5292.757
21419,2011-02-26T20:00:00+00:00,-1071984,5292.773
21419,2011-02-26T20:15:00+00:00,-1071084,5292.784
21419,2011-02-26T20:30:00+00:00,-1070184,5292.799
21419,2011-02-26T20:45:00+00:00,-1069284,5292.811
21419,2011-02-26T21:00:00+00:00,-1068384,5292.823
21419,2011-02-26T21:15:00+00:00,-1067484,5292.832
21419,2011-02-26T21:30:00+00:00,-1066584,5292.836
21419,2011-02-26T21:45:00+00:00,-1065684,5292.841
21419,2011-02-26T22:00:00+00:00,-1064784,5292.844
21419,2011-02-26T22:15:00+00:00,-1063884,5292.841
21419,2011-02-26T22:30:00+00:00,-1062984,5292.832
21419,2011-02-26T22:45:00+00:00,-1062084,5292.825
21419,2011-02-26T23:00:00+00:00,-1061184,5292.815
21419,2011-02-26T23:15:00+00:00,-1060284,5292.800
21419,2011-02-26T23:30:00+00:00,-1059384,5292.781
21419,2011-02-26T23:45:00+00:00,-1058484,5292.759
21419,2011-02-27T00:00:00+00:00,-1057584,5292.738
21419,2011-02-27T00:15:00+00:00,-1056684,5292.711
21419,2011-02-27T00:30:00+00:00,-1055784,5292.680
21419,2011-02-27T00:45:00+00:00,-1054884,5292.651
21419,2011-02-27T01:00:00+00:00,-1053984,5292.615
21419,2011-02-27T01:15:00+00:00,-1053084,5292.576
21419,2011-02-27T01:30:00+00:00,-1052184,5292.535
21419,2011-02-27T01:45:00+00:00,-1051284,5292.492
21419,2011-02-27T02:00:00+00:00,-1050384,5292.451
21419,2011-02-27T02:15:00+00:00,-1049484,5292.404
21419,2011-02-27T02:30:00+00:00,-1048584,5292.357
21419,2011-02-27T02:45:00+00:00,-1047684,5292.312
21419,2011-02-27T03:00:00+00:00,-1046784,5292.272
21419,2011-02-27T03:15:00+00:00,-1045884,5292.227
21419,2011-02-27T03:30:00+00:00,-1044984,5292.188
21419,2011-02-27T03:45:00+00:00,-1044084,5292.148
21419,2011-02-27T04:00:00+00:00,-1043184,5292.111
21419,2011-02-27T04:15:00+00:00,-1042284,5292.072
21419,2011-02-27T04:30:00+00:00,-1041384,5292.036
21419,2011-02-27T04:45:00+00:00,-1040484,5292.004
21419,2011-02-27T05:00:00+00:00,-1039584,5291.975
21419,2011-02-27T05:15:00+00:00,-1038684,5291.949
21419,2011-02-27T05:30:00+00:00,-1037784,5291.922
21419,2011-02-27T05:45:00+00:00,-1036884,5291.905
21419,2011-02-27T06:00:00+00:00,-1035984,5291.886
21419,2011-02-27T06:15:00+00:00,-1035084,5291.875
21419,2011-02-27T06:30:00+00:00,-1034184,5291.864
21419,2011-02-27T06:45:00+00:00,-1033284,5291.856
21419,2011-02-27T07:00:00+00:00,-1032384,5291.852
21419,2011-02-27T07:15:00+00:00,-1031484,5291.851
21419,2011-02-27T07:30:00+00:00,-1030584,5291.853
21419,2011-02-27T07:45:00+00:00,-1029684,5291.863
21419,2011-02-27T08:00:00+00:00,-1028784,5291.874
21419,2011-02-27T08:15:00+00:00,-1027884,5291.884
21419,2011-02-27T08:30:00+00:00,-1026984,5291.894
21419,2011-02-27T08:45:00+00:00,-1026084,5291.909
21419,2011-02-27T09:00:00+00:00,-1025184,5291.925
21419,2011-02-27T09:15:00+00:00,-1024284,5291.946
21419,2011-02-27T09:30:00+00:00,-1023384,5291.964
21419,2011-02-27T09:45:00+00:00,-1022484,5291.982
21419,2011-02-27T10:00:00+00:00,-1021584,5292.006
21419,2011-02-27T10:15:00+00:00,-1020684,5292.032
21419,2011-02-27T10:30:00+00:00,-1019784,5292.059
21419,2011-02-27T10:45:00+00:00,-1018884,5292.083
21419,2011-02-27T11:00:00+00:00,-1017984,5292.112
21419,2011-02-27T11:15:00+00:00,-1017084,5292.138
21419,2011-02-27T11:30:00+00:00,-1016184,5292.163
21419,2011-02-27T11:45:00+00:00,-1015284,5292.186
21419,2011-02-27T12:00:00+00:00,-1014384,5292.210
21419,2011-02-27T12:15:00+00:00,-1013484,5292.237
21419,2011-02-27T12:30:00+00:00,-1012584,5292.257
21419,2011-02-27T12:45:00+00:00,-1011684,5292.277
21419,2011-02-27T13:00:00+00:00,-1010784,5292.298
21419,2011-02-27T13:15:00+00:00,-1009884,5292.320
21419,2011-02-27T13:30:00+00:00,-1008984,5292.341
21419,2011-02-27T13:45:00+00:00,-1008084,5292.362
21419,2011-02-27T14:00:00+00:00,-1007184,5292.381
21419,2011-02-27T14:15:00+00:00,-1006284,5292.400
21419,2011-02-27T14:30:00+00:00,-1005384,5292.417
21419,2011-02-27T14:45:00+00:00,-1004484,5292.445
21419,2011-02-27T15:00:00+00:00,-1003584,5292.463
21419,2011-02-27T15:15:00+00:00,-1002684,5292.474
21419,2011-02-27T15:30:00+00:00,-1001784,5292.480
21419,2011-02-27T15:45:00+00:00,-1000884,5292.494
21419,2011-02-27T16:00:00+00:00,-999984,5292.503
21419,2011-02-27T16:15:00+00:00,-999084,5292.513
21419,2011-02-27T16:30:00+00:00,-998184,5292.522
21419,2011-02-27T16:45:00+00:00,-997284,5292.532
21419,2011-02-27T17:00:00+00:00,-996384,5292.543
21419,2011-02-27T17:15:00+00:00,-995484,5292.551
21419,2011-02-27T17:30:00+00:00,-994584,5292.563
21419,2011-02-27T17:45:00+00:00,-993684,5292.572
21419,2011-02-27T18:00:00+00:00,-992784,5292.586
21419,2011-02-27T18:15:00+00:00,-991884,5292.596
21419,2011-02-27T18:30:00+00:00,-990984,5292.607
21419,2011-02-27T18:45:00+00:00,-990084,5292.616
21419,2011-02-27T19:00:00+00:00,-989184,5292.626
21419,2011-02-27T19:15:00+00:00,-988284,5292.634
21419,2011-02-27T19:30:00+00:00,-987384,5292.642
21419,2011-02-27T19:45:00+00:00,-986484,5292.653
21419,2011-02-27T20:00:00+00:00,-985584,5292.663
21419,2011-02-27T20:15:00+00:00,-984684,5292.676
21419,2011-02-27T20:30:00+00:00,-983784,5292.687
21419,2011-02-27T20:45:00+00:00,-982884,5292.699
21419,2011-02-27T21:00:00+00:00,-981984,5292.708
21419,2011-02-27T21:15:00+00:00,-981084,5292.720
21419,2011-02-27T21:30:00+00:00,-980184,5292.729
21419,2011-02-27T21:45:00+00:00,-979284,5292.737
21419,2011-02-27T22:00:00+00:00,-978384,5292.744
21419,2011-02-27T22:15:00+00:00,-977484,5292.750
21419,2011-02-27T22:30:00+00:00,-976584,5292.752
21419,2011-02-27T22:45:00+00:00,-975684,5292.756
21419,2011-02-27T23:00:00+00:00,-974784,5292.756
21419,2011-02-27T23:15:00+00:00,-973884,5292.752
21419,2011-02-27T23:30:00+00:00,-972984,5292.749
21419,2011-02-27T23:45:00+00:00,-972084,5292.742
21419,2011-02-28T00:00:00+00:00,-971184,5292.735
21419,2011-02-28T00:15:00+00:00,-970284,5292.725
21419,2011-02-28T00:30:00+00:00,-969384,5292.712
21419,2011-02-28T00:45:00+00:00,-968484,5292.697
21419,2011-02-28T01:00:00+00:00,-967584,5292.679
21419,2011-02-28T01:15:00+00:00,-966684,5292.658
21419,2011-02-28T01:30:00+00:00,-965784,5292.632
21419,2011-02-28T01:45:00+00:00,-964884,5292.605
21419,2011-02-28T02:00:00+00:00,-963984,5292.574
21419,2011-02-28T02:15:00+00:00,-963084,5292.542
21419,2011-02-28T02:30:00+00:00,-962184,5292.514
21419,2011-02-28T02:45:00+00:00,-961284,5292.477
21419,2011-02-28T03:00:00+00:00,-960384,5292.442
21419,2011-02-28T03:15:00+00:00,-959484,5292.406
21419,2011-02-28T03:30:00+00:00,-958584,5292.367
21419,2011-02-28T03:45:00+00:00,-957684,5292.332
21419,2011-02-28T04:00:00+00:00,-956784,5292.297
21419,2011-02-28T04:15:00+00:00,-955884,5292.260
21419,2011-02-28T04:30:00+00:00,-954984,5292.221
21419,2011-02-28T04:45:00+00:00,-954084,5292.184
21419,2011-02-28T05:00:00+00:00,-953184,5292.147
21419,2011-02-28T05:15:00+00:00,-952284,5292.113
21419,2011-02-28T05:30:00+00:00,-951384,5292.079
21419,2011-02-28T05:45:00+00:00,-950484,5292.048
21419,2011-02-28T06:00:00+00:00,-949584,5292.018
21419,2011-02-28T06:15:00+00:00,-948684,5291.987
21419,2011-02-28T06:30:00+00:00,-947784,5291.963
21419,2011-02-28T06:45:00+00:00,-946884,5291.939
21419,2011-02-28T07:00:00+00:00,-945984,5291.919
21419,2011-02-28T07:15:00+00:00,-945084,5291.902
21419,2011-02-28T07:30:00+00:00,-944184,5291.888
21419,2011-02-28T07:45:00+00:00,-943284,5291.877
21419,2011-02-28T08:00:00+00:00,-942384,5291.869
21419,2011-02-28T08:15:00+00:00,-941484,5291.863
21419,2011-02-28T08:30:00+00:00,-940584,5291.858
21419,2011-02-28T08:45:00+00:00,-939684,5291.856
21419,2011-02-28T09:00:00+00:00,-938784,5291.855
21419,2011-02-28T09:15:00+00:00,-937884,5291.861
21419,2011-02-28T09:30:00+00:00,-936984,5291.869
21419,2011-02-28T09:45:00+00:00,-936084,5291.882
21419,2011-02-28T10:00:00+00:00,-935184,5291.897
21419,2011-02-28T10:15:00+00:00,-934284,5291.912
21419,2011-02-28T10:30:00+00:00,-933384,5291.932
21419,2011-02-28T10:45:00+00:00,-932484,5291.954
21419,2011-02-28T11:00:00+00:00,-931584,5291.977
21419,2011-02-28T11:15:00+00:00,-930684,5292.004
21419,2011-02-28T11:30:00+00:00,-929784,5292.031
21419,2011-02-28T11:45:00+00:00,-928884,5292.059
21419,2011-02-28T12:00:00+00:00,-927984,5292.085
21419,2011-02-28T12:15:00+00:00,-927084,5292.118
21419,2011-02-28T12:30:00+00:00,-926184,5292.149
21419,2011-02-28T12:45:00+00:00,-925284,5292.175
21419,2011-02-28T13:00:00+00:00,-924384,5292.205
21419,2011-02-28T13:15:00+00:00,-923484,5292.236
21419,2011-02-28T13:30:00+00:00,-922584,5292.263
21419,2011-02-28T13:45:00+00:00,-921684,5292.294
21419,2011-02-28T14:00:00+00:00,-920784,5292.322
21419,2011-02-28T14:15:00+00:00,-919884,5292.350
21419,2011-02-28T14:30:00+00:00,-918984,5292.373
21419,2011-02-28T14:45:00+00:00,-918084,5292.400
21419,2011-02-28T15:00:00+00:00,-917184,5292.423
21419,2011-02-28T15:15:00+00:00,-916284,5292.443
21419,2011-02-28T15:30:00+00:00,-915384,5292.464
21419,2011-02-28T15:45:00+00:00,-914484,5292.481
21419,2011-02-28T16:00:00+00:00,-913584,5292.499
21419,2011-02-28T16:15:00+00:00,-912684,5292.513
21419,2011-02-28T16:30:00+00:00,-911784,5292.526
21419,2011-02-28T16:45:00+00:00,-910884,5292.539
21419,2011-02-28T17:00:00+00:00,-909984,5292.549
21419,2011-02-28T17:15:00+00:00,-909084,5292.561
21419,2011-02-28T17:30:00+00:00,-908184,5292.567
21419,2011-02-28T17:45:00+00:00,-907284,5292.572
21419,2011-02-28T18:00:00+00:00,-906384,5292.576
21419,2011-02-28T18:15:00+00:00,-905484,5292.582
21419,2011-02-28T18:30:00+00:00,-904584,5292.583
21419,2011-02-28T18:45:00+00:00,-903684,5292.587
21419,2011-02-28T19:00:00+00:00,-902784,5292.588
21419,2011-02-28T19:15:00+00:00,-901884,5292.589
21419,2011-02-28T19:30:00+00:00,-900984,5292.592
21419,2011-02-28T19:45:00+00:00,-900084,5292.593
21419,2011-02-28T20:00:00+00:00,-899184,5292.597
21419,2011-02-28T20:15:00+00:00,-898284,5292.601
21419,2011-02-28T20:30:00+00:00,-897384,5292.604
21419,2011-02-28T20:45:00+00:00,-896484,5292.609
21419,2011-02-28T21:00:00+00:00,-895584,5292.615
21419,2011-02-28T21:15:00+00:00,-894684,5292.620
21419,2011-02-28T21:30:00+00:00,-893784,5292.627
21419,2011-02-28T21:45:00+00:00,-892884,5292.634
21419,2011-02-28T22:00:00+00:00,-891984,5292.638
21419,2011-02-28T22:15:00+00:00,-891084,5292.644
21419,2011-02-28T22:30:00+00:00,-890184,5292.647
21419,2011-02-28T22:45:00+00:00,-889284,5292.651
21419,2011-02-28T23:00:00+00:00,-888384,5292.657
21419,2011-02-28T23:15:00+00:00,-887484,5292.660
21419,2011-02-28T23:30:00+00:00,-886584,5292.666
21419,2011-02-28T23:45:00+00:00,-885684,5292.671
21419,2011-03-01T00:00:00+00:00,-884784,5292.673
21419,2011-03-01T00:15:00+00:00,-883884,5292.676
21419,2011-03-01T00:30:00+00:00,-882984,5292.676
21419,2011-03-01T00:45:00+00:00,-882084,5292.676
21419,2011-03-01T01:00:00+00:00,-881184,5292.675
21419,2011-03-01T01:15:00+00:00,-880284,5292.668
21419,2011-03-01T01:30:00+00:00,-879384,5292.661
21419,2011-03-01T01:45:00+00:00,-878484,5292.648
21419,2011-03-01T02:00:00+00:00,-877584,5292.636
21419,2011-03-01T02:15:00+00:00,-876684,5292.622
21419,2011-03-01T02:30:00+00:00,-875784,5292.603
21419,2011-03-01T02:45:00+00:00,-874884,5292.586
21419,2011-03-01T03:00:00+00:00,-873984,5292.565
21419,2011-03-01T03:15:00+00:00,-873084,5292.542
21419,2011-03-01T03:30:00+00:00,-872184,5292.519
21419,2011-03-01T03:45:00+00:00,-871284,5292.491
21419,2011-03-01T04:00:00+00:00,-870384,5292.462
21419,2011-03-01T04:15:00+00:00,-869484,5292.433
21419,2011-03-01T04:30:00+00:00,-868584,5292.404
21419,2011-03-01T04:45:00+00:00,-867684,5292.370
21419,2011-03-01T05:00:00+00:00,-866784,5292.337
21419,2011-03-01T05:15:00+00:00,-865884,5292.300
21419,2011-03-01T05:30:00+00:00,-864984,5292.266
21419,2011-03-01T05:45:00+00:00,-864084,5292.227
21419,2011-03-01T06:00:00+00:00,-863184,5292.190
21419,2011-03-01T06:15:00+00:00,-862284,5292.155
21419,2011-03-01T06:30:00+00:00,-861384,5292.120
21419,2011-03-01T06:45:00+00:00,-860484,5292.086
21419,2011-03-01T07:00:00+00:00,-859584,5292.052
21419,2011-03-01T07:15:00+00:00,-858684,5292.021
21419,2011-03-01T07:30:00+00:00,-857784,5291.989
21419,2011-03-01T07:45:00+00:00,-856884,5291.965
21419,2011-03-01T08:00:00+00:00,-855984,5291.940
21419,2011-03-01T08:15:00+00:00,-855084,5291.919
21419,2011-03-01T08:30:00+00:00,-854184,5291.896
21419,2011-03-01T08:45:00+00:00,-853284,5291.882
21419,2011-03-01T09:00:00+00:00,-852384,5291.868
21419,2011-03-01T09:15:00+00:00,-851484,5291.857
21419,2011-03-01T09:30:00+00:00,-850584,5291.851
21419,2011-03-01T09:45:00+00:00,-849684,5291.849
21419,2011-03-01T10:00:00+00:00,-848784,5291.849
21419,2011-03-01T10:15:00+00:00,-847884,5291.854
21419,2011-03-01T10:30:00+00:00,-846984,5291.863
21419,2011-03-01T10:45:00+00:00,-846084,5291.877
21419,2011-03-01T11:00:00+00:00,-845184,5291.891
21419,2011-03-01T11:15:00+00:00,-844284,5291.909
21419,2011-03-01T11:30:00+00:00,-843384,5291.934
21419,2011-03-01T11:45:00+00:00,-842484,5291.958
21419,2011-03-01T12:00:00+00:00,-841584,5291.981
21419,2011-03-01T12:15:00+00:00,-840684,5292.008
21419,2011-03-01T12:30:00+00:00,-839784,5292.037
21419,2011-03-01T12:45:00+00:00,-838884,5292.068
21419,2011-03-01T13:00:00+00:00,-837984,5292.101
21419,2011-03-01T13:15:00+00:00,-837084,5292.135
21419,2011-03-01T13:30:00+00:00,-836184,5292.165
21419,2011-03-01T13:45:00+00:00,-835284,5292.204
21419,2011-03-01T14:00:00+00:00,-834384,5292.237
21419,2011-03-01T14:15:00+00:00,-833484,5292.270
21419,2011-03-01T14:30:00+00:00,-832584,5292.304
21419,2011-03-01T14:45:00+00:00,-831684,5292.336
21419,2011-03-01T15:00:00+00:00,-830784,5292.364
21419,2011-03-01T15:15:00+00:00,-829884,5292.392
21419,2011-03-01T15:30:00+00:00,-828984,5292.418
21419,2011-03-01T15:45:00+00:00,-828084,5292.441
21419,2011-03-01T16:00:00+00:00,-827184,5292.462
21419,2011-03-01T16:15:00+00:00,-826284,5292.480
21419,2011-03-01T16:30:00+00:00,-825384,5292.499
21419,2011-03-01T16:45:00+00:00,-824484,5292.514
21419,2011-03-01T17:00:00+00:00,-823584,5292.525
21419,2011-03-01T17:15:00+00:00,-822684,5292.534
21419,2011-03-01T17:30:00+00:00,-821784,5292.543
21419,2011-03-01T17:45:00+00:00,-820884,5292.549
21419,2011-03-01T18:00:00+00:00,-819984,5292.555
21419,2011-03-01T18:15:00+00:00,-819084,5292.557
21419,2011-03-01T18:30:00+00:00,-818184,5292.555
21419,2011-03-01T18:45:00+00:00,-817284,5292.553
21419,2011-03-01T19:00:00+00:00,-816384,5292.552
21419,2011-03-01T19:15:00+00:00,-815484,5292.545
21419,2011-03-01T19:30:00+00:00,-814584,5292.538
21419,2011-03-01T19:45:00+00:00,-813684,5292.532
21419,2011-03-01T20:00:00+00:00,-812784,5292.525
21419,2011-03-01T20:15:00+00:00,-811884,5292.521
21419,2011-03-01T20:30:00+00:00,-810984,5292.518
21419,2011-03-01T20:45:00+00:00,-810084,5292.512
21419,2011-03-01T21:00:00+00:00,-809184,5292.508
21419,2011-03-01T21:15:00+00:00,-808284,5292.506
21419,2011-03-01T21:30:00+00:00,-807384,5292.503
21419,2011-03-01T21:45:00+00:00,-806484,5292.501
21419,2011-03-01T22:00:00+00:00,-805584,5292.501
21419,2011-03-01T22:15:00+00:00,-804684,5292.501
21419,2011-03-01T22:30:00+00:00,-803784,5292.501
21419,2011-03-01T22:45:00+00:00,-802884,5292.506
21419,2011-03-01T23:00:00+00:00,-801984,5292.509
21419,2011-03-01T23:15:00+00:00,-801084,5292.515
21419,2011-03-01T23:30:00+00:00,-800184,5292.521
21419,2011-03-01T23:45:00+00:00,-799284,5292.527
21419,2011-03-02T00:00:00+00:00,-798384,5292.535
21419,2011-03-02T00:15:00+00:00,-797484,5292.546
21419,2011-03-02T00:30:00+00:00,-796584,5292.554
21419,2011-03-02T00:45:00+00:00,-795684,5292.563
21419,2011-03-02T01:00:00+00:00,-794784,5292.572
21419,2011-03-02T01:15:00+00:00,-793884,5292.583
21419,2011-03-02T01:30:00+00:00,-792984,5292.589
21419,2011-03-02T01:45:00+00:00,-792084,5292.590
21419,2011-03-02T02:00:00+00:00,-791184,5292.593
21419,2011-03-02T02:15:00+00:00,-790284,5292.592
21419,2011-03-02T02:30:00+00:00,-789384,5292.591
21419,2011-03-02T02:45:00+00:00,-788484,5292.590
21419,2011-03-02T03:00:00+00:00,-787584,5292.582
21419,2011-03-02T03:15:00+00:00,-786684,5292.574
21419,2011-03-02T03:30:00+00:00,-785784,5292.561
21419,2011-03-02T03:45:00+00:00,-784884,5292.549
21419,2011-03-02T04:00:00+00:00,-783984,5292.533
21419,2011-03-02T04:15:00+00:00,-783084,5292.515
21419,2011-03-02T04:30:00+00:00,-782184,5292.494
21419,2011-03-02T04:45:00+00:00,-781284,5292.469
21419,2011-03-02T05:00:00+00:00,-780384,5292.445
21419,2011-03-02T05:15:00+00:00,-779484,5292.416
21419,2011-03-02T05:30:00+00:00,-778584,5292.385
21419,2011-03-02T05:45:00+00:00,-777684,5292.354
21419,2011-03-02T06:00:00+00:00,-776784,5292.319
21419,2011-03-02T06:15:00+00:00,-775884,5292.285
21419,2011-03-02T06:30:00+00:00,-774984,5292.247
21419,2011-03-02T06:45:00+00:00,-774084,5292.212
21419,2011-03-02T07:00:00+00:00,-773184,5292.173
21419,2011-03-02T07:15:00+00:00,-772284,5292.136
21419,2011-03-02T07:30:00+00:00,-771384,5292.096
21419,2011-03-02T07:45:00+00:00,-770484,5292.060
21419,2011-03-02T08:00:00+00:00,-769584,5292.022
21419,2011-03-02T08:15:00+00:00,-768684,5291.987
21419,2011-03-02T08:30:00+00:00,-767784,5291.957
21419,2011-03-02T08:45:00+00:00,-766884,5291.926
21419,2011-03-02T09:00:00+00:00,-765984,5291.898
21419,2011-03-02T09:15:00+00:00,-765084,5291.874
21419,2011-03-02T09:30:00+00:00,-764184,5291.855
21419,2011-03-02T09:45:00+00:00,-763284,5291.839
21419,2011-03-02T10:00:00+00:00,-762384,5291.828
21419,2011-03-02T10:15:00+00:00,-761484,5291.816
21419,2011-03-02T10:30:00+00:00,-760584,5291.813
21419,2011-03-02T10:45:00+00:00,-759684,5291.812
21419,2011-03-02T11:00:00+00:00,-758784,5291.816
21419,2011-03-02T11:15:00+00:00,-757884,5291.824
21419,2011-03-02T11:30:00+00:00,-756984,5291.836
21419,2011-03-02T11:45:00+00:00,-756084,5291.853
21419,2011-03-02T12:00:00+00:00,-755184,5291.871
21419,2011-03-02T12:15:00+00:00,-754284,5291.893
21419,2011-03-02T12:30:00+00:00,-753384,5291.918
21419,2011-03-02T12:45:00+00:00,-752484,5291.947
21419,2011-03-02T13:00:00+00:00,-751584,5291.977
21419,2011-03-02T13:15:00+00:00,-750684,5292.011
21419,2011-03-02T13:30:00+00:00,-749784,5292.047
21419,2011-03-02T13:45:00+00:00,-748884,5292.084
21419,2011-03-02T14:00:00+00:00,-747984,5292.121
21419,2011-03-02T14:15:00+00:00,-747084,5292.159
21419,2011-03-02T14:30:00+00:00,-746184,5292.202
21419,2011-03-02T14:45:00+00:00,-745284,5292.238
21419,2011-03-02T15:00:00+00:00,-744384,5292.274
21419,2011-03-02T15:15:00+00:00,-743484,5292.309
21419,2011-03-02T15:30:00+00:00,-742584,5292.340
21419,2011-03-02T15:45:00+00:00,-741684,5292.370
21419,2011-03-02T16:00:00+00:00,-740784,5292.399
21419,2011-03-02T16:15:00+00:00,-739884,5292.421
21419,2011-03-02T16:30:00+00:00,-738984,5292.442
21419,2011-03-02T16:45:00+00:00,-738084,5292.461
21419,2011-03-02T17:00:00+00:00,-737184,5292.478
21419,2011-03-02T17:15:00+00:00,-736284,5292.493
21419,2011-03-02T17:30:00+00:00,-735384,5292.502
21419,2011-03-02T17:45:00+00:00,-734484,5292.511
21419,2011-03-02T18:00:00+00:00,-733584,5292.515
21419,2011-03-02T18:15:00+00:00,-732684,5292.518
21419,2011-03-02T18:30:00+00:00,-731784,5292.516
21419,2011-03-02T18:45:00+00:00,-730884,5292.511
21419,2011-03-02T19:00:00+00:00,-729984,5292.504
21419,2011-03-02T19:15:00+00:00,-729084,5292.496
21419,2011-03-02T19:30:00+00:00,-728184,5292.484
21419,2011-03-02T19:45:00+00:00,-727284,5292.473
21419,2011-03-02T20:00:00+00:00,-726384,5292.461
21419,2011-03-02T20:15:00+00:00,-725484,5292.447
21419,2011-03-02T20:30:00+00:00,-724584,5292.437
21419,2011-03-02T20:45:00+00:00,-723684,5292.425
21419,2011-03-02T21:00:00+00:00,-722784,5292.412
21419,2011-03-02T21:15:00+00:00,-721884,5292.400
21419,2011-03-02T21:30:00+00:00,-720984,5292.387
21419,2011-03-02T21:45:00+00:00,-720084,5292.379
21419,2011-03-02T22:00:00+00:00,-719184,5292.369
21419,2011-03-02T22:15:00+00:00,-718284,5292.360
21419,2011-03-02T22:30:00+00:00,-717384,5292.353
21419,2011-03-02T22:45:00+00:00,-716484,5292.349
21419,2011-03-02T23:00:00+00:00,-715584,5292.346
21419,2011-03-02T23:15:00+00:00,-714684,5292.347
21419,2011-03-02T23:30:00+00:00,-713784,5292.352
21419,2011-03-02T23:45:00+00:00,-712884,5292.358
21419,2011-03-03T00:00:00+00:00,-711984,5292.367
21419,2011-03-03T00:15:00+00:00,-711084,5292.379
21419,2011-03-03T00:30:00+00:00,-710184,5292.389
21419,2011-03-03T00:45:00+00:00,-709284,5292.400
21419,2011-03-03T01:00:00+00:00,-708384,5292.417
21419,2011-03-03T01:15:00+00:00,-707484,5292.431
21419,2011-03-03T01:30:00+00:00,-706584,5292.444
21419,2011-03-03T01:45:00+00:00,-705684,5292.461
21419,2011-03-03T02:00:00+00:00,-704784,5292.472
21419,2011-03-03T02:15:00+00:00,-703884,5292.485
21419,2011-03-03T02:30:00+00:00,-702984,5292.497
21419,2011-03-03T02:45:00+00:00,-702084,5292.508
21419,2011-03-03T03:00:00+00:00,-701184,5292.515
21419,2011-03-03T03:15:00+00:00,-700284,5292.522
21419,2011-03-03T03:30:00+00:00,-699384,5292.526
21419,2011-03-03T03:45:00+00:00,-698484,5292.530
21419,2011-03-03T04:00:00+00:00,-697584,5292.525
21419,2011-03-03T04:15:00+00:00,-696684,5292.525
21419,2011-03-03T04:30:00+00:00,-695784,5292.520
21419,2011-03-03T04:45:00+00:00,-694884,5292.508
21419,2011-03-03T05:00:00+00:00,-693984,5292.494
21419,2011-03-03T05:15:00+00:00,-693084,5292.478
21419,2011-03-03T05:30:00+00:00,-692184,5292.459
21419,2011-03-03T05:45:00+00:00,-691284,5292.437
21419,2011-03-03T06:00:00+00:00,-690384,5292.410
21419,2011-03-03T06:15:00+00:00,-689484,5292.380
21419,2011-03-03T06:30:00+00:00,-688584,5292.346
21419,2011-03-03T06:45:00+00:00,-687684,5292.311
21419,2011-03-03T07:00:00+00:00,-686784,5292.275
21419,2011-03-03T07:15:00+00:00,-685884,5292.235
21419,2011-03-03T07:30:00+00:00,-684984,5292.192
21419,2011-03-03T07:45:00+00:00,-684084,5292.154
21419,2011-03-03T08:00:00+00:00,-683184,5292.112
21419,2011-03-03T08:15:00+00:00,-682284,5292.072
21419,2011-03-03T08:30:00+00:00,-681384,5292.030
21419,2011-03-03T08:45:00+00:00,-680484,5291.990
21419,2011-03-03T09:00:00+00:00,-679584,5291.953
21419,2011-03-03T09:15:00+00:00,-678684,5291.917
21419,2011-03-03T09:30:00+00:00,-677784,5291.886
21419,2011-03-03T09:45:00+00:00,-676884,5291.857
21419,2011-03-03T10:00:00+00:00,-675984,5291.834
21419,2011-03-03T10:15:00+00:00,-675084,5291.816
21419,2011-03-03T10:30:00+00:00,-674184,5291.801
21419,2011-03-03T10:45:00+00:00,-673284,5291.788
21419,2011-03-03T11:00:00+00:00,-672384,5291.779
21419,2011-03-03T11:15:00+00:00,-671484,5291.775
21419,2011-03-03T11:30:00+00:00,-670584,5291.777
21419,2011-03-03T11:45:00+00:00,-669684,5291.782
21419,2011-03-03T12:00:00+00:00,-668784,5291.790
21419,2011-03-03T12:15:00+00:00,-667884,5291.806
21419,2011-03-03T12:30:00+00:00,-666984,5291.824
21419,2011-03-03T12:45:00+00:00,-666084,5291.847
21419,2011-03-03T13:00:00+00:00,-665184,5291.874
21419,2011-03-03T13:15:00+00:00,-664284,5291.902
21419,2011-03-03T13:30:00+00:00,-663384,5291.938
21419,2011-03-03T13:45:00+00:00,-662484,5291.974
21419,2011-03-03T14:00:00+00:00,-661584,5292.013
21419,2011-03-03T14:15:00+00:00,-660684,5292.054
21419,2011-03-03T14:30:00+00:00,-659784,5292.095
21419,2011-03-03T14:45:00+00:00,-658884,5292.138
21419,2011-03-03T15:00:00+00:00,-657984,5292.178
21419,2011-03-03T15:15:00+00:00,-657084,5292.218
21419,2011-03-03T15:30:00+00:00,-656184,5292.258
21419,2011-03-03T15:45:00+00:00,-655284,5292.294
21419,2011-03-03T16:00:00+00:00,-654384,5292.326
21419,2011-03-03T16:15:00+00:00,-653484,5292.356
21419,2011-03-03T16:30:00+00:00,-652584,5292.387
21419,2011-03-03T16:45:00+00:00,-651684,5292.412
21419,2011-03-03T17:00:00+00:00,-650784,5292.436
21419,2011-03-03T17:15:00+00:00,-649884,5292.456
21419,2011-03-03T17:30:00+00:00,-648984,5292.474
21419,2011-03-03T17:45:00+00:00,-648084,5292.484
21419,2011-03-03T18:00:00+00:00,-647184,5292.491
21419,2011-03-03T18:15:00+00:00,-646284,5292.497
21419,2011-03-03T18:30:00+00:00,-645384,5292.494
21419,2011-03-03T18:45:00+00:00,-644484,5292.492
21419,2011-03-03T19:00:00+00:00,-643584,5292.483
21419,2011-03-03T19:15:00+00:00,-642684,5292.475
21419,2011-03-03T19:30:00+00:00,-641784,5292.460
21419,2011-03-03T19:45:00+00:00,-640884,5292.445
21419,2011-03-03T20:00:00+00:00,-639984,5292.428
21419,2011-03-03T20:15:00+00:00,-639084,5292.410
21419,2011-03-03T20:30:00+00:00,-638184,5292.391
21419,2011-03-03T20:45:00+00:00,-637284,5292.374
21419,2011-03-03T21:00:00+00:00,-636384,5292.353
21419,2011-03-03T21:15:00+00:00,-635484,5292.332
21419,2011-03-03T21:30:00+00:00,-634584,5292.314
21419,2011-03-03T21:45:00+00:00,-633684,5292.293
21419,2011-03-03T22:00:00+00:00,-632784,5292.277
21419,2011-03-03T22:15:00+00:00,-631884,5292.264
21419,2011-03-03T22:30:00+00:00,-630984,5292.251
21419,2011-03-03T22:45:00+00:00,-630084,5292.240
21419,2011-03-03T23:00:00+00:00,-629184,5292.232
21419,2011-03-03T23:15:00+00:00,-628284,5292.226
21419,2011-03-03T23:30:00+00:00,-627384,5292.224
21419,2011-03-03T23:45:00+00:00,-626484,5292.226
21419,2011-03-04T00:00:00+00:00,-625584,5292.228
21419,2011-03-04T00:15:00+00:00,-624684,5292.237
21419,2011-03-04T00:30:00+00:00,-623784,5292.247
21419,2011-03-04T00:45:00+00:00,-622884,5292.259
21419,2011-03-04T01:00:00+00:00,-621984,5292.278
21419,2011-03-04T01:15:00+00:00,-621084,5292.296
21419,2011-03-04T01:30:00+00:00,-620184,5292.314
21419,2011-03-04T01:45:00+00:00,-619284,5292.332
21419,2011-03-04T02:00:00+00:00,-618384,5292.355
21419,2011-03-04T02:15:00+00:00,-617484,5292.375
21419,2011-03-04T02:30:00+00:00,-616584,5292.398
21419,2011-03-04T02:45:00+00:00,-615684,5292.421
21419,2011-03-04T03:00:00+00:00,-614784,5292.440
21419,2011-03-04T03:15:00+00:00,-613884,5292.464
21419,2011-03-04T03:30:00+00:00,-612984,5292.484
21419,2011-03-04T03:45:00+00:00,-612084,5292.500
21419,2011-03-04T04:00:00+00:00,-611184,5292.516
21419,2011-03-04T04:15:00+00:00,-610284,5292.528
21419,2011-03-04T04:30:00+00:00,-609384,5292.538
21419,2011-03-04T04:45:00+00:00,-608484,5292.545
21419,2011-03-04T05:00:00+00:00,-607584,5292.548
21419,2011-03-04T05:15:00+00:00,-606684,5292.546
21419,2011-03-04T05:30:00+00:00,-605784,5292.539
21419,2011-03-04T05:45:00+00:00,-604884,5292.529
21419,2011-03-04T06:00:00+00:00,-603984,5292.516
21419,2011-03-04T06:15:00+00:00,-603084,5292.499
21419,2011-03-04T06:30:00+00:00,-602184,5292.477
21419,2011-03-04T06:45:00+00:00,-601284,5292.453
21419,2011-03-04T07:00:00+00:00,-600384,5292.422
21419,2011-03-04T07:15:00+00:00,-599484,5292.389
21419,2011-03-04T07:30:00+00:00,-598584,5292.355
21419,2011-03-04T07:45:00+00:00,-597684,5292.316
21419,2011-03-04T08:00:00+00:00,-596784,5292.275
21419,2011-03-04T08:15:00+00:00,-595884,5292.232
21419,2011-03-04T08:30:00+00:00,-594984,5292.188
21419,2011-03-04T08:45:00+00:00,-594084,5292.145
21419,2011-03-04T09:00:00+00:00,-593184,5292.101
21419,2011-03-04T09:15:00+00:00,-592284,5292.061
21419,2011-03-04T09:30:00+00:00,-591384,5292.023
21419,2011-03-04T09:45:00+00:00,-590484,5291.985
21419,2011-03-04T10:00:00+00:00,-589584,5291.951
21419,2011-03-04T10:15:00+00:00,-588684,5291.921
21419,2011-03-04T10:30:00+00:00,-587784,5291.895
21419,2011-03-04T10:45:00+00:00,-586884,5291.873
21419,2011-03-04T11:00:00+00:00,-585984,5291.855
21419,2011-03-04T11:15:00+00:00,-585084,5291.841
21419,2011-03-04T11:30:00+00:00,-584184,5291.831
21419,2011-03-04T11:45:00+00:00,-583284,5291.829
21419,2011-03-04T12:00:00+00:00,-582384,5291.826
21419,2011-03-04T12:15:00+00:00,-581484,5291.831
21419,2011-03-04T12:30:00+00:00,-580584,5291.840
21419,2011-03-04T12:45:00+00:00,-579684,5291.854
21419,2011-03-04T13:00:00+00:00,-578784,5291.870
21419,2011-03-04T13:15:00+00:00,-577884,5291.896
21419,2011-03-04T13:30:00+00:00,-576984,5291.921
21419,2011-03-04T13:45:00+00:00,-576084,5291.951
21419,2011-03-04T14:00:00+00:00,-575184,5291.989
21419,2011-03-04T14:15:00+00:00,-574284,5292.027
21419,2011-03-04T14:30:00+00:00,-573384,5292.066
21419,2011-03-04T14:45:00+00:00,-572484,5292.107
21419,2011-03-04T15:00:00+00:00,-571584,5292.148
21419,2011-03-04T15:15:00+00:00,-570684,5292.189
21419,2011-03-04T15:30:00+00:00,-569784,5292.230
21419,2011-03-04T15:45:00+00:00,-568884,5292.268
21419,2011-03-04T16:00:00+00:00,-567984,5292.307
21419,2011-03-04T16:15:00+00:00,-567084,5292.342
21419,2011-03-04T16:30:00+00:00,-566184,5292.377
21419,2011-03-04T16:45:00+00:00,-565284,5292.409
21419,2011-03-04T17:00:00+00:00,-564384,5292.436
21419,2011-03-04T17:15:00+00:00,-563484,5292.461
21419,2011-03-04T17:30:00+00:00,-562584,5292.481
21419,2011-03-04T17:45:00+00:00,-561684,5292.496
21419,2011-03-04T18:00:00+00:00,-560784,5292.509
21419,2011-03-04T18:15:00+00:00,-559884,5292.516
21419,2011-03-04T18:30:00+00:00,-558984,5292.517
21419,2011-03-04T18:45:00+00:00,-558084,5292.516
21419,2011-03-04T19:00:00+00:00,-557184,5292.511
21419,2011-03-04T19:15:00+00:00,-556284,5292.503
21419,2011-03-04T19:30:00+00:00,-555384,5292.491
21419,2011-03-04T19:45:00+00:00,-554484,5292.473
21419,2011-03-04T20:00:00+00:00,-553584,5292.456
21419,2011-03-04T20:15:00+00:00,-552684,5292.434
21419,2011-03-04T20:30:00+00:00,-551784,5292.411
21419,2011-03-04T20:45:00+00:00,-550884,5292.385
21419,2011-03-04T21:00:00+00:00,-549984,5292.360
21419,2011-03-04T21:15:00+00:00,-549084,5292.333
21419,2011-03-04T21:30:00+00:00,-548184,5292.306
21419,2011-03-04T21:45:00+00:00,-547284,5292.279
21419,2011-03-04T22:00:00+00:00,-546384,5292.254
21419,2011-03-04T22:15:00+00:00,-545484,5292.230
21419,2011-03-04T22:30:00+00:00,-544584,5292.206
21419,2011-03-04T22:45:00+00:00,-543684,5292.186
21419,2011-03-04T23:00:00+00:00,-542784,5292.170
21419,2011-03-04T23:15:00+00:00,-541884,5292.157
21419,2011-03-04T23:30:00+00:00,-540984,5292.157
21419,2011-03-04T23:45:00+00:00,-540084,5292.150
21419,2011-03-05T00:00:00+00:00,-539184,5292.144
21419,2011-03-05T00:15:00+00:00,-538284,5292.144
21419,2011-03-05T00:30:00+00:00,-537384,5292.149
21419,2011-03-05T00:45:00+00:00,-536484,5292.157
21419,2011-03-05T01:00:00+00:00,-535584,5292.169
21419,2011-03-05T01:15:00+00:00,-534684,5292.183
21419,2011-03-05T01:30:00+00:00,-533784,5292.199
21419,2011-03-05T01:45:00+00:00,-532884,5292.216
21419,2011-03-05T02:00:00+00:00,-531984,5292.239
21419,2011-03-05T02:15:00+00:00,-531084,5292.263
21419,2011-03-05T02:30:00+00:00,-530184,5292.290
21419,2011-03-05T02:45:00+00:00,-529284,5292.317
21419,2011-03-05T03:00:00+00:00,-528384,5292.345
21419,2011-03-05T03:15:00+00:00,-527484,5292.375
21419,2011-03-05T03:30:00+00:00,-526584,5292.410
21419,2011-03-05T03:45:00+00:00,-525684,5292.440
21419,2011-03-05T04:00:00+00:00,-524784,5292.470
21419,2011-03-05T04:15:00+00:00,-523884,5292.499
21419,2011-03-05T04:30:00+00:00,-522984,5292.523
21419,2011-03-05T04:45:00+00:00,-522084,5292.543
21419,2011-03-05T05:00:00+00:00,-521184,5292.563
21419,2011-03-05T05:15:00+00:00,-520284,5292.578
21419,2011-03-05T05:30:00+00:00,-519384,5292.583
21419,2011-03-05T05:45:00+00:00,-518484,5292.589
21419,2011-03-05T06:00:00+00:00,-517584,5292.587
21419,2011-03-05T06:15:00+00:00,-516684,5292.583
21419,2011-03-05T06:30:00+00:00,-515784,5292.575
21419,2011-03-05T06:45:00+00:00,-514884,5292.563
21419,2011-03-05T07:00:00+00:00,-513984,5292.546
21419,2011-03-05T07:15:00+00:00,-513084,5292.525
21419,2011-03-05T07:30:00+00:00,-512184,5292.498
21419,2011-03-05T07:45:00+00:00,-511284,5292.470
21419,2011-03-05T08:00:00+00:00,-510384,5292.437
21419,2011-03-05T08:15:00+00:00,-509484,5292.404
21419,2011-03-05T08:30:00+00:00,-508584,5292.366
21419,2011-03-05T08:45:00+00:00,-507684,5292.326
21419,2011-03-05T09:00:00+00:00,-506784,5292.286
21419,2011-03-05T09:15:00+00:00,-505884,5292.244
21419,2011-03-05T09:30:00+00:00,-504984,5292.202
21419,2011-03-05T09:45:00+00:00,-504084,5292.162
21419,2011-03-05T10:00:00+00:00,-503184,5292.125
21419,2011-03-05T10:15:00+00:00,-502284,5292.091
21419,2011-03-05T10:30:00+00:00,-501384,5292.057
21419,2011-03-05T10:45:00+00:00,-500484,5292.030
21419,2011-03-05T11:00:00+00:00,-499584,5292.005
21419,2011-03-05T11:15:00+00:00,-498684,5291.984
21419,2011-03-05T11:30:00+00:00,-497784,5291.967
21419,2011-03-05T11:45:00+00:00,-496884,5291.954
21419,2011-03-05T12:00:00+00:00,-495984,5291.948
21419,2011-03-05T12:15:00+00:00,-495084,5291.944
21419,2011-03-05T12:30:00+00:00,-494184,5291.945
21419,2011-03-05T12:45:00+00:00,-493284,5291.951
21419,2011-03-05T13:00:00+00:00,-492384,5291.963
21419,2011-03-05T13:15:00+00:00,-491484,5291.976
21419,2011-03-05T13:30:00+00:00,-490584,5291.995
21419,2011-03-05T13:45:00+00:00,-489684,5292.018
21419,2011-03-05T14:00:00+00:00,-488784,5292.046
21419,2011-03-05T14:15:00+00:00,-487884,5292.075
21419,2011-03-05T14:30:00+00:00,-486984,5292.109
21419,2011-03-05T14:45:00+00:00,-486084,5292.146
21419,2011-03-05T15:00:00+00:00,-485184,5292.184
21419,2011-03-05T15:15:00+00:00,-484284,5292.225
21419,2011-03-05T15:30:00+00:00,-483384,5292.264
21419,2011-03-05T15:45:00+00:00,-482484,5292.303
21419,2011-03-05T16:00:00+00:00,-481584,5292.344
21419,2011-03-05T16:15:00+00:00,-480684,5292.381
21419,2011-03-05T16:30:00+00:00,-479784,5292.418
21419,2011-03-05T16:45:00+00:00,-478884,5292.452
21419,2011-03-05T17:00:00+00:00,-477984,5292.484
21419,2011-03-05T17:15:00+00:00,-477084,5292.510
21419,2011-03-05T17:30:00+00:00,-476184,5292.536
21419,2011-03-05T17:45:00+00:00,-475284,5292.556
21419,2011-03-05T18:00:00+00:00,-474384,5292.573
21419,2011-03-05T18:15:00+00:00,-473484,5292.585
21419,2011-03-05T18:30:00+00:00,-472584,5292.591
21419,2011-03-05T18:45:00+00:00,-471684,5292.597
21419,2011-03-05T19:00:00+00:00,-470784,5292.594
21419,2011-03-05T19:15:00+00:00,-469884,5292.588
21419,2011-03-05T19:30:00+00:00,-468984,5292.575
21419,2011-03-05T19:45:00+00:00,-468084,5292.561
21419,2011-03-05T20:00:00+00:00,-467184,5292.543
21419,2011-03-05T20:15:00+00:00,-466284,5292.520
21419,2011-03-05T20:30:00+00:00,-465384,5292.496
21419,2011-03-05T20:45:00+00:00,-464484,5292.467
21419,2011-03-05T21:00:00+00:00,-463584,5292.436
21419,2011-03-05T21:15:00+00:00,-462684,5292.405
21419,2011-03-05T21:30:00+00:00,-461784,5292.371
21419,2011-03-05T21:45:00+00:00,-460884,5292.337
21419,2011-03-05T22:00:00+00:00,-459984,5292.304
21419,2011-03-05T22:15:00+00:00,-459084,5292.267
21419,2011-03-05T22:30:00+00:00,-458184,5292.236
21419,2011-03-05T22:45:00+00:00,-457284,5292.206
21419,2011-03-05T23:00:00+00:00,-456384,5292.178
21419,2011-03-05T23:15:00+00:00,-455484,5292.155
21419,2011-03-05T23:30:00+00:00,-454584,5292.133
21419,2011-03-05T23:45:00+00:00,-453684,5292.115
21419,2011-03-06T00:00:00+00:00,-452784,5292.103
21419,2011-03-06T00:15:00+00:00,-451884,5292.094
21419,2011-03-06T00:30:00+00:00,-450984,5292.089
21419,2011-03-06T00:45:00+00:00,-450084,5292.090
21419,2011-03-06T01:00:00+00:00,-449184,5292.096
21419,2011-03-06T01:15:00+00:00,-448284,5292.104
21419,2011-03-06T01:30:00+00:00,-447384,5292.115
21419,2011-03-06T01:45:00+00:00,-446484,5292.130
21419,2011-03-06T02:00:00+00:00,-445584,5292.149
21419,2011-03-06T02:15:00+00:00,-444684,5292.170
21419,2011-03-06T02:30:00+00:00,-443784,5292.195
21419,2011-03-06T02:45:00+00:00,-442884,5292.224
21419,2011-03-06T03:00:00+00:00,-441984,5292.252
21419,2011-03-06T03:15:00+00:00,-441084,5292.285
21419,2011-03-06T03:30:00+00:00,-440184,5292.321
21419,2011-03-06T03:45:00+00:00,-439284,5292.355
21419,2011-03-06T04:00:00+00:00,-438384,5292.393
21419,2011-03-06T04:15:00+00:00,-437484,5292.428
21419,2011-03-06T04:30:00+00:00,-436584,5292.463
21419,2011-03-06T04:45:00+00:00,-435684,5292.497
21419,2011-03-06T05:00:00+00:00,-434784,5292.527
21419,2011-03-06T05:15:00+00:00,-433884,5292.554
21419,2011-03-06T05:30:00+00:00,-432984,5292.579
21419,2011-03-06T05:45:00+00:00,-432084,5292.597
21419,2011-03-06T06:00:00+00:00,-431184,5292.613
21419,2011-03-06T06:15:00+00:00,-430284,5292.622
21419,2011-03-06T06:30:00+00:00,-429384,5292.627
21419,2011-03-06T06:45:00+00:00,-428484,5292.625
21419,2011-03-06T07:00:00+00:00,-427584,5292.624
21419,2011-03-06T07:15:00+00:00,-426684,5292.616
21419,2011-03-06T07:30:00+00:00,-425784,5292.600
21419,2011-03-06T07:45:00+00:00,-424884,5292.583
21419,2011-03-06T08:00:00+00:00,-423984,5292.562
21419,2011-03-06T08:15:00+00:00,-423084,5292.536
21419,2011-03-06T08:30:00+00:00,-422184,5292.505
21419,2011-03-06T08:45:00+00:00,-421284,5292.475
21419,2011-03-06T09:00:00+00:00,-420384,5292.438
21419,2011-03-06T09:15:00+00:00,-419484,5292.401
21419,2011-03-06T09:30:00+00:00,-418584,5292.363
21419,2011-03-06T09:45:00+00:00,-417684,5292.323
21419,2011-03-06T10:00:00+00:00,-416784,5292.284
21419,2011-03-06T10:15:00+00:00,-415884,5292.245
21419,2011-03-06T10:30:00+00:00,-414984,5292.210
21419,2011-03-06T10:45:00+00:00,-414084,5292.176
21419,2011-03-06T11:00:00+00:00,-413184,5292.147
21419,2011-03-06T11:15:00+00:00,-412284,5292.121
21419,2011-03-06T11:30:00+00:00,-411384,5292.096
21419,2011-03-06T11:45:00+00:00,-410484,5292.077
21419,2011-03-06T12:00:00+00:00,-409584,5292.061
21419,2011-03-06T12:15:00+00:00,-408684,5292.049
21419,2011-03-06T12:30:00+00:00,-407784,5292.039
21419,2011-03-06T12:45:00+00:00,-406884,5292.034
21419,2011-03-06T13:00:00+00:00,-405984,5292.037
21419,2011-03-06T13:15:00+00:00,-405084,5292.043
21419,2011-03-06T13:30:00+00:00,-404184,5292.052
21419,2011-03-06T13:45:00+00:00,-403284,5292.072
21419,2011-03-06T14:00:00+00:00,-402384,5292.089
21419,2011-03-06T14:15:00+00:00,-401484,5292.116
21419,2011-03-06T14:30:00+00:00,-400584,5292.141
21419,2011-03-06T14:45:00+00:00,-399684,5292.173
21419,2011-03-06T15:00:00+00:00,-398784,5292.207
21419,2011-03-06T15:15:00+00:00,-397884,5292.242
21419,2011-03-06T15:30:00+00:00,-396984,5292.280
21419,2011-03-06T15:45:00+00:00,-396084,5292.317
21419,2011-03-06T16:00:00+00:00,-395184,5292.353
21419,2011-03-06T16:15:00+00:00,-394284,5292.391
21419,2011-03-06T16:30:00+00:00,-393384,5292.428
21419,2011-03-06T16:45:00+00:00,-392484,5292.463
21419,2011-03-06T17:00:00+00:00,-391584,5292.499
21419,2011-03-06T17:15:00+00:00,-390684,5292.530
21419,2011-03-06T17:30:00+00:00,-389784,5292.559
21419,2011-03-06T17:45:00+00:00,-388884,5292.585
21419,2011-03-06T18:00:00+00:00,-387984,5292.606
21419,2011-03-06T18:15:00+00:00,-387084,5292.625
21419,2011-03-06T18:30:00+00:00,-386184,5292.635
21419,2011-03-06T18:45:00+00:00,-385284,5292.641
21419,2011-03-06T19:00:00+00:00,-384384,5292.643
21419,2011-03-06T19:15:00+00:00,-383484,5292.639
21419,2011-03-06T19:30:00+00:00,-382584,5292.631
21419,2011-03-06T19:45:00+00:00,-381684,5292.620
21419,2011-03-06T20:00:00+00:00,-380784,5292.604
21419,2011-03-06T20:15:00+00:00,-379884,5292.583
21419,2011-03-06T20:30:00+00:00,-378984,5292.558
21419,2011-03-06T20:45:00+00:00,-378084,5292.531
21419,2011-03-06T21:00:00+00:00,-377184,5292.500
21419,2011-03-06T21:15:00+00:00,-376284,5292.469
21419,2011-03-06T21:30:00+00:00,-375384,5292.433
21419,2011-03-06T21:45:00+00:00,-374484,5292.395
21419,2011-03-06T22:00:00+00:00,-373584,5292.357
21419,2011-03-06T22:15:00+00:00,-372684,5292.318
21419,2011-03-06T22:30:00+00:00,-371784,5292.280
21419,2011-03-06T22:45:00+00:00,-370884,5292.241
21419,2011-03-06T23:00:00+00:00,-369984,5292.205
21419,2011-03-06T23:15:00+00:00,-369084,5292.173
21419,2011-03-06T23:30:00+00:00,-368184,5292.143
21419,2011-03-06T23:45:00+00:00,-367284,5292.117
21419,2011-03-07T00:00:00+00:00,-366384,5292.094
21419,2011-03-07T00:15:00+00:00,-365484,5292.075
21419,2011-03-07T00:30:00+00:00,-364584,5292.064
21419,2011-03-07T00:45:00+00:00,-363684,5292.054
21419,2011-03-07T01:00:00+00:00,-362784,5292.050
21419,2011-03-07T01:15:00+00:00,-361884,5292.053
21419,2011-03-07T01:30:00+00:00,-360984,5292.057
21419,2011-03-07T01:45:00+00:00,-360084,5292.065
21419,2011-03-07T02:00:00+00:00,-359184,5292.076
21419,2011-03-07T02:15:00+00:00,-358284,5292.091
21419,2011-03-07T02:30:00+00:00,-357384,5292.109
21419,2011-03-07T02:45:00+00:00,-356484,5292.131
21419,2011-03-07T03:00:00+00:00,-355584,5292.158
21419,2011-03-07T03:15:00+00:00,-354684,5292.188
21419,2011-03-07T03:30:00+00:00,-353784,5292.220
21419,2011-03-07T03:45:00+00:00,-352884,5292.257
21419,2011-03-07T04:00:00+00:00,-351984,5292.296
21419,2011-03-07T04:15:00+00:00,-351084,5292.337
21419,2011-03-07T04:30:00+00:00,-350184,5292.376
21419,2011-03-07T04:45:00+00:00,-349284,5292.415
21419,2011-03-07T05:00:00+00:00,-348384,5292.454
21419,2011-03-07T05:15:00+00:00,-347484,5292.491
21419,2011-03-07T05:30:00+00:00,-346584,5292.528
21419,2011-03-07T05:45:00+00:00,-345684,5292.560
21419,2011-03-07T06:00:00+00:00,-344784,5292.587
21419,2011-03-07T06:15:00+00:00,-343884,5292.611
21419,2011-03-07T06:30:00+00:00,-342984,5292.630
21419,2011-03-07T06:45:00+00:00,-342084,5292.644
21419,2011-03-07T07:00:00+00:00,-341184,5292.652
21419,2011-03-07T07:15:00+00:00,-340284,5292.657
21419,2011-03-07T07:30:00+00:00,-339384,5292.659
21419,2011-03-07T07:45:00+00:00,-338484,5292.653
21419,2011-03-07T08:00:00+00:00,-337584,5292.643
21419,2011-03-07T08:15:00+00:00,-336684,5292.628
21419,2011-03-07T08:30:00+00:00,-335784,5292.609
21419,2011-03-07T08:45:00+00:00,-334884,5292.584
21419,2011-03-07T09:00:00+00:00,-333984,5292.555
21419,2011-03-07T09:15:00+00:00,-333084,5292.523
21419,2011-03-07T09:30:00+00:00,-332184,5292.491
21419,2011-03-07T09:45:00+00:00,-331284,5292.456
21419,2011-03-07T10:00:00+00:00,-330384,5292.420
21419,2011-03-07T10:15:00+00:00,-329484,5292.388
21419,2011-03-07T10:30:00+00:00,-328584,5292.355
21419,2011-03-07T10:45:00+00:00,-327684,5292.320
21419,2011-03-07T11:00:00+00:00,-326784,5292.288
21419,2011-03-07T11:15:00+00:00,-325884,5292.259
21419,2011-03-07T11:30:00+00:00,-324984,5292.231
21419,2011-03-07T11:45:00+00:00,-324084,5292.208
21419,2011-03-07T12:00:00+00:00,-323184,5292.185
21419,2011-03-07T12:15:00+00:00,-322284,5292.167
21419,2011-03-07T12:30:00+00:00,-321384,5292.154
21419,2011-03-07T12:45:00+00:00,-320484,5292.146
21419,2011-03-07T13:00:00+00:00,-319584,5292.140
21419,2011-03-07T13:15:00+00:00,-318684,5292.138
21419,2011-03-07T13:30:00+00:00,-317784,5292.142
21419,2011-03-07T13:45:00+00:00,-316884,5292.151
21419,2011-03-07T14:00:00+00:00,-315984,5292.163
21419,2011-03-07T14:15:00+00:00,-315084,5292.181
21419,2011-03-07T14:30:00+00:00,-314184,5292.204
21419,2011-03-07T14:45:00+00:00,-313284,5292.230
21419,2011-03-07T15:00:00+00:00,-312384,5292.255
21419,2011-03-07T15:15:00+00:00,-311484,5292.285
21419,2011-03-07T15:30:00+00:00,-310584,5292.315
21419,2011-03-07T15:45:00+00:00,-309684,5292.349
21419,2011-03-07T16:00:00+00:00,-308784,5292.381
21419,2011-03-07T16:15:00+00:00,-307884,5292.415
21419,2011-03-07T16:30:00+00:00,-306984,5292.451
21419,2011-03-07T16:45:00+00:00,-306084,5292.486
21419,2011-03-07T17:00:00+00:00,-305184,5292.519
21419,2011-03-07T17:15:00+00:00,-304284,5292.551
21419,2011-03-07T17:30:00+00:00,-303384,5292.581
21419,2011-03-07T17:45:00+00:00,-302484,5292.608
21419,2011-03-07T18:00:00+00:00,-301584,5292.631
21419,2011-03-07T18:15:00+00:00,-300684,5292.651
21419,2011-03-07T18:30:00+00:00,-299784,5292.665
21419,2011-03-07T18:45:00+00:00,-298884,5292.676
21419,2011-03-07T19:00:00+00:00,-297984,5292.680
21419,2011-03-07T19:15:00+00:00,-297084,5292.679
21419,2011-03-07T19:30:00+00:00,-296184,5292.674
21419,2011-03-07T19:45:00+00:00,-295284,5292.664
21419,2011-03-07T20:00:00+00:00,-294384,5292.649
21419,2011-03-07T20:15:00+00:00,-293484,5292.630
21419,2011-03-07T20:30:00+00:00,-292584,5292.607
21419,2011-03-07T20:45:00+00:00,-291684,5292.582
21419,2011-03-07T21:00:00+00:00,-290784,5292.553
21419,2011-03-07T21:15:00+00:00,-289884,5292.520
21419,2011-03-07T21:30:00+00:00,-288984,5292.485
21419,2011-03-07T21:45:00+00:00,-288084,5292.443
21419,2011-03-07T22:00:00+00:00,-287184,5292.403
21419,2011-03-07T22:15:00+00:00,-286284,5292.359
21419,2011-03-07T22:30:00+00:00,-285384,5292.315
21419,2011-03-07T22:45:00+00:00,-284484,5292.274
21419,2011-03-07T23:00:00+00:00,-283584,5292.232
21419,2011-03-07T23:15:00+00:00,-282684,5292.191
21419,2011-03-07T23:30:00+00:00,-281784,5292.151
21419,2011-03-07T23:45:00+00:00,-280884,5292.117
21419,2011-03-08T00:00:00+00:00,-279984,5292.084
21419,2011-03-08T00:15:00+00:00,-279084,5292.055
21419,2011-03-08T00:30:00+00:00,-278184,5292.032
21419,2011-03-08T00:45:00+00:00,-277284,5292.012
21419,2011-03-08T01:00:00+00:00,-276384,5291.999
21419,2011-03-08T01:15:00+00:00,-275484,5291.989
21419,2011-03-08T01:30:00+00:00,-274584,5291.982
21419,2011-03-08T01:45:00+00:00,-273684,5291.982
21419,2011-03-08T02:00:00+00:00,-272784,5291.982
21419,2011-03-08T02:15:00+00:00,-271884,5291.990
21419,2011-03-08T02:30:00+00:00,-270984,5292.001
21419,2011-03-08T02:45:00+00:00,-270084,5292.016
21419,2011-03-08T03:00:00+00:00,-269184,5292.036
21419,2011-03-08T03:15:00+00:00,-268284,5292.060
21419,2011-03-08T03:30:00+00:00,-267384,5292.087
21419,2011-03-08T03:45:00+00:00,-266484,5292.120
21419,2011-03-08T04:00:00+00:00,-265584,5292.156
21419,2011-03-08T04:15:00+00:00,-264684,5292.195
21419,2011-03-08T04:30:00+00:00,-263784,5292.235
21419,2011-03-08T04:45:00+00:00,-262884,5292.279
21419,2011-03-08T05:00:00+00:00,-261984,5292.322
21419,2011-03-08T05:15:00+00:00,-261084,5292.365
21419,2011-03-08T05:30:00+00:00,-260184,5292.405
21419,2011-03-08T05:45:00+00:00,-259284,5292.444
21419,2011-03-08T06:00:00+00:00,-258384,5292.480
21419,2011-03-08T06:15:00+00:00,-257484,5292.512
21419,2011-03-08T06:30:00+00:00,-256584,5292.542
21419,2011-03-08T06:45:00+00:00,-255684,5292.568
21419,2011-03-08T07:00:00+00:00,-254784,5292.588
21419,2011-03-08T07:15:00+00:00,-253884,5292.607
21419,2011-03-08T07:30:00+00:00,-252984,5292.618
21419,2011-03-08T07:45:00+00:00,-252084,5292.627
21419,2011-03-08T08:00:00+00:00,-251184,5292.628
21419,2011-03-08T08:15:00+00:00,-250284,5292.624
21419,2011-03-08T08:30:00+00:00,-249384,5292.618
21419,2011-03-08T08:45:00+00:00,-248484,5292.608
21419,2011-03-08T09:00:00+00:00,-247584,5292.591
21419,2011-03-08T09:15:00+00:00,-246684,5292.571
21419,2011-03-08T09:30:00+00:00,-245784,5292.548
21419,2011-03-08T09:45:00+00:00,-244884,5292.522
21419,2011-03-08T10:00:00+00:00,-243984,5292.493
21419,2011-03-08T10:15:00+00:00,-243084,5292.463
21419,2011-03-08T10:30:00+00:00,-242184,5292.432
21419,2011-03-08T10:45:00+00:00,-241284,5292.403
21419,2011-03-08T11:00:00+00:00,-240384,5292.374
21419,2011-03-08T11:15:00+00:00,-239484,5292.347
21419,2011-03-08T11:30:00+00:00,-238584,5292.319
21419,2011-03-08T11:45:00+00:00,-237684,5292.294
21419,2011-03-08T12:00:00+00:00,-236784,5292.271
21419,2011-03-08T12:15:00+00:00,-235884,5292.250
21419,2011-03-08T12:30:00+00:00,-234984,5292.232
21419,2011-03-08T12:45:00+00:00,-234084,5292.218
21419,2011-03-08T13:00:00+00:00,-233184,5292.207
21419,2011-03-08T13:15:00+00:00,-232284,5292.197
21419,2011-03-08T13:30:00+00:00,-231384,5292.195
21419,2011-03-08T13:45:00+00:00,-230484,5292.197
21419,2011-03-08T14:00:00+00:00,-229584,5292.204
21419,2011-03-08T14:15:00+00:00,-228684,5292.215
21419,2011-03-08T14:30:00+00:00,-227784,5292.229
21419,2011-03-08T14:45:00+00:00,-226884,5292.246
21419,2011-03-08T15:00:00+00:00,-225984,5292.266
21419,2011-03-08T15:15:00+00:00,-225084,5292.291
21419,2011-03-08T15:30:00+00:00,-224184,5292.319
21419,2011-03-08T15:45:00+00:00,-223284,5292.345
21419,2011-03-08T16:00:00+00:00,-222384,5292.374
21419,2011-03-08T16:15:00+00:00,-221484,5292.404
21419,2011-03-08T16:30:00+00:00,-220584,5292.437
21419,2011-03-08T16:45:00+00:00,-219684,5292.468
21419,2011-03-08T17:00:00+00:00,-218784,5292.501
21419,2011-03-08T17:15:00+00:00,-217884,5292.532
21419,2011-03-08T17:30:00+00:00,-216984,5292.563
21419,2011-03-08T17:45:00+00:00,-216084,5292.591
21419,2011-03-08T18:00:00+00:00,-215184,5292.618
21419,2011-03-08T18:15:00+00:00,-214284,5292.640
21419,2011-03-08T18:30:00+00:00,-213384,5292.656
21419,2011-03-08T18:45:00+00:00,-212484,5292.672
21419,2011-03-08T19:00:00+00:00,-211584,5292.683
21419,2011-03-08T19:15:00+00:00,-210684,5292.690
21419,2011-03-08T19:30:00+00:00,-209784,5292.690
21419,2011-03-08T19:45:00+00:00,-208884,5292.685
21419,2011-03-08T20:00:00+00:00,-207984,5292.677
21419,2011-03-08T20:15:00+00:00,-207084,5292.665
21419,2011-03-08T20:30:00+00:00,-206184,5292.646
21419,2011-03-08T20:45:00+00:00,-205284,5292.625
21419,2011-03-08T21:00:00+00:00,-204384,5292.600
21419,2011-03-08T21:15:00+00:00,-203484,5292.569
21419,2011-03-08T21:30:00+00:00,-202584,5292.537
21419,2011-03-08T21:45:00+00:00,-201684,5292.498
21419,2011-03-08T22:00:00+00:00,-200784,5292.456
21419,2011-03-08T22:15:00+00:00,-199884,5292.412
21419,2011-03-08T22:30:00+00:00,-198984,5292.365
21419,2011-03-08T22:45:00+00:00,-198084,5292.319
21419,2011-03-08T23:00:00+00:00,-197184,5292.274
21419,2011-03-08T23:15:00+00:00,-196284,5292.230
21419,2011-03-08T23:30:00+00:00,-195384,5292.187
21419,2011-03-08T23:45:00+00:00,-194484,5292.142
21419,2011-03-09T00:00:00+00:00,-193584,5292.102
21419,2011-03-09T00:15:00+00:00,-192684,5292.066
21419,2011-03-09T00:30:00+00:00,-191784,5292.032
21419,2011-03-09T00:45:00+00:00,-190884,5292.003
21419,2011-03-09T01:00:00+00:00,-189984,5291.980
21419,2011-03-09T01:15:00+00:00,-189084,5291.958
21419,2011-03-09T01:30:00+00:00,-188184,5291.944
21419,2011-03-09T01:45:00+00:00,-187284,5291.930
21419,2011-03-09T02:00:00+00:00,-186384,5291.923
21419,2011-03-09T07:15:00+00:00,-167484,5292.526
21419,2011-03-09T07:30:00+00:00,-166584,5292.549
21419,2011-03-09T07:45:00+00:00,-165684,5292.572
21419,2011-03-09T08:00:00+00:00,-164784,5292.586
21419,2011-03-09T08:15:00+00:00,-163884,5292.601
21419,2011-03-09T08:30:00+00:00,-162984,5292.606
21419,2011-03-09T08:45:00+00:00,-162084,5292.606
21419,2011-03-09T09:00:00+00:00,-161184,5292.605
21419,2011-03-09T09:15:00+00:00,-160284,5292.598
21419,2011-03-09T09:30:00+00:00,-159384,5292.586
21419,2011-03-09T09:45:00+00:00,-158484,5292.574
21419,2011-03-09T10:00:00+00:00,-157584,5292.557
21419,2011-03-09T10:15:00+00:00,-156684,5292.537
21419,2011-03-09T10:30:00+00:00,-155784,5292.513
21419,2011-03-09T10:45:00+00:00,-154884,5292.492
21419,2011-03-09T11:00:00+00:00,-153984,5292.469
21419,2011-03-09T11:15:00+00:00,-153084,5292.446
21419,2011-03-09T11:30:00+00:00,-152184,5292.425
21419,2011-03-09T11:45:00+00:00,-151284,5292.401
21419,2011-03-09T12:00:00+00:00,-150384,5292.377
21419,2011-03-09T12:15:00+00:00,-149484,5292.361
21419,2011-03-09T12:30:00+00:00,-148584,5292.341
21419,2011-03-09T12:45:00+00:00,-147684,5292.325
21419,2011-03-09T13:00:00+00:00,-146784,5292.315
21419,2011-03-09T13:15:00+00:00,-145884,5292.307
21419,2011-03-09T13:30:00+00:00,-144984,5292.302
21419,2011-03-09T13:45:00+00:00,-144084,5292.301
21419,2011-03-09T14:00:00+00:00,-143184,5292.303
21419,2011-03-09T14:15:00+00:00,-142284,5292.310
21419,2011-03-09T14:30:00+00:00,-141384,5292.320
21419,2011-03-09T14:45:00+00:00,-140484,5292.335
21419,2011-03-09T15:00:00+00:00,-139584,5292.350
21419,2011-03-09T15:15:00+00:00,-138684,5292.368
21419,2011-03-09T15:30:00+00:00,-137784,5292.387
21419,2011-03-09T15:45:00+00:00,-136884,5292.412
21419,2011-03-09T16:00:00+00:00,-135984,5292.435
21419,2011-03-09T16:15:00+00:00,-135084,5292.458
21419,2011-03-09T16:30:00+00:00,-134184,5292.484
21419,2011-03-09T16:45:00+00:00,-133284,5292.513
21419,2011-03-09T17:00:00+00:00,-132384,5292.538
21419,2011-03-09T17:15:00+00:00,-131484,5292.567
21419,2011-03-09T17:30:00+00:00,-130584,5292.595
21419,2011-03-09T17:45:00+00:00,-129684,5292.622
21419,2011-03-09T18:00:00+00:00,-128784,5292.648
21419,2011-03-09T18:15:00+00:00,-127884,5292.673
21419,2011-03-09T18:30:00+00:00,-126984,5292.692
21419,2011-03-09T18:45:00+00:00,-126084,5292.707
21419,2011-03-09T19:00:00+00:00,-125184,5292.717
21419,2011-03-09T19:15:00+00:00,-124284,5292.726
21419,2011-03-09T19:30:00+00:00,-123384,5292.733
21419,2011-03-09T19:45:00+00:00,-122484,5292.733
21419,2011-03-09T20:00:00+00:00,-121584,5292.730
21419,2011-03-09T20:15:00+00:00,-120684,5292.722
21419,2011-03-09T20:30:00+00:00,-119784,5292.710
21419,2011-03-09T20:45:00+00:00,-118884,5292.695
21419,2011-03-09T21:00:00+00:00,-117984,5292.673
21419,2011-03-09T21:15:00+00:00,-117084,5292.648
21419,2011-03-09T21:30:00+00:00,-116184,5292.616
21419,2011-03-09T21:45:00+00:00,-115284,5292.589
21419,2011-03-09T22:00:00+00:00,-114384,5292.542
21419,2011-03-09T22:15:00+00:00,-113484,5292.501
21419,2011-03-09T22:30:00+00:00,-112584,5292.462
21419,2011-03-09T22:45:00+00:00,-111684,5292.410
21419,2011-03-09T23:00:00+00:00,-110784,5292.361
21419,2011-03-09T23:15:00+00:00,-109884,5292.314
21419,2011-03-09T23:30:00+00:00,-108984,5292.266
21419,2011-03-09T23:45:00+00:00,-108084,5292.216
21419,2011-03-10T00:00:00+00:00,-107184,5292.173
21419,2011-03-10T00:15:00+00:00,-106284,5292.126
21419,2011-03-10T00:30:00+00:00,-105384,5292.087
21419,2011-03-10T00:45:00+00:00,-104484,5292.050
21419,2011-03-10T01:00:00+00:00,-103584,5292.019
21419,2011-03-10T01:15:00+00:00,-102684,5291.988
21419,2011-03-10T01:30:00+00:00,-101784,5291.964
21419,2011-03-10T01:45:00+00:00,-100884,5291.941
21419,2011-03-10T02:00:00+00:00,-99984,5291.923
21419,2011-03-10T02:15:00+00:00,-99084,5291.911
21419,2011-03-10T02:30:00+00:00,-98184,5291.900
21419,2011-03-10T02:45:00+00:00,-97284,5291.896
21419,2011-03-10T03:00:00+00:00,-96384,5291.895
21419,2011-03-10T03:15:00+00:00,-95484,5291.898
21419,2011-03-10T03:30:00+00:00,-94584,5291.910
21419,2011-03-10T03:45:00+00:00,-93684,5291.926
21419,2011-03-10T04:00:00+00:00,-92784,5291.945
21419,2011-03-10T04:15:00+00:00,-91884,5291.969
21419,2011-03-10T04:30:00+00:00,-90984,5291.997
21419,2011-03-10T04:45:00+00:00,-90084,5292.027
21419,2011-03-10T05:00:00+00:00,-89184,5292.060
21419,2011-03-10T05:15:00+00:00,-88284,5292.101
21419,2011-03-10T05:30:00+00:00,-87384,5292.139
21419,2011-03-10T05:45:00+00:00,-86484,5292.176
21419,2011-03-10T06:00:00+00:00,-85584,5292.216
21419,2011-03-10T06:15:00+00:00,-84684,5292.257
21419,2011-03-10T06:30:00+00:00,-83784,5292.300
21419,2011-03-10T06:45:00+00:00,-82884,5292.338
21419,2011-03-10T07:00:00+00:00,-81984,5292.375
21419,2011-03-10T07:15:00+00:00,-81084,5292.412
21419,2011-03-10T07:30:00+00:00,-80184,5292.446
21419,2011-03-10T07:45:00+00:00,-79284,5292.476
21419,2011-03-10T08:00:00+00:00,-78384,5292.502
21419,2011-03-10T08:15:00+00:00,-77484,5292.521
21419,2011-03-10T08:30:00+00:00,-76584,5292.544
21419,2011-03-10T08:45:00+00:00,-75684,5292.558
21419,2011-03-10T09:00:00+00:00,-74784,5292.564
21419,2011-03-10T09:15:00+00:00,-73884,5292.570
21419,2011-03-10T09:30:00+00:00,-72984,5292.571
21419,2011-03-10T09:45:00+00:00,-72084,5292.571
21419,2011-03-10T10:00:00+00:00,-71184,5292.566
21419,2011-03-10T10:15:00+00:00,-70284,5292.562
21419,2011-03-10T10:30:00+00:00,-69384,5292.550
21419,2011-03-10T10:45:00+00:00,-68484,5292.538
21419,2011-03-10T11:00:00+00:00,-67584,5292.525
21419,2011-03-10T11:15:00+00:00,-66684,5292.509
21419,2011-03-10T11:30:00+00:00,-65784,5292.494
21419,2011-03-10T11:45:00+00:00,-64884,5292.478
21419,2011-03-10T12:00:00+00:00,-63984,5292.459
21419,2011-03-10T12:15:00+00:00,-63084,5292.444
21419,2011-03-10T12:30:00+00:00,-62184,5292.426
21419,2011-03-10T12:45:00+00:00,-61284,5292.411
21419,2011-03-10T13:00:00+00:00,-60384,5292.399
21419,2011-03-10T13:15:00+00:00,-59484,5292.388
21419,2011-03-10T13:30:00+00:00,-58584,5292.381
21419,2011-03-10T13:45:00+00:00,-57684,5292.378
21419,2011-03-10T14:00:00+00:00,-56784,5292.378
21419,2011-03-10T14:15:00+00:00,-55884,5292.380
21419,2011-03-10T14:30:00+00:00,-54984,5292.387
21419,2011-03-10T14:45:00+00:00,-54084,5292.397
21419,2011-03-10T15:00:00+00:00,-53184,5292.407
21419,2011-03-10T15:15:00+00:00,-52284,5292.421
21419,2011-03-10T15:30:00+00:00,-51384,5292.436
21419,2011-03-10T15:45:00+00:00,-50484,5292.452
21419,2011-03-10T16:00:00+00:00,-49584,5292.469
21419,2011-03-10T16:15:00+00:00,-48684,5292.490
21419,2011-03-10T16:30:00+00:00,-47784,5292.512
21419,2011-03-10T16:45:00+00:00,-46884,5292.533
21419,2011-03-10T17:00:00+00:00,-45984,5292.560
21419,2011-03-10T17:15:00+00:00,-45084,5292.584
21419,2011-03-10T17:30:00+00:00,-44184,5292.610
21419,2011-03-10T17:45:00+00:00,-43284,5292.634
21419,2011-03-10T18:00:00+00:00,-42384,5292.657
21419,2011-03-10T18:15:00+00:00,-41484,5292.680
21419,2011-03-10T18:30:00+00:00,-40584,5292.703
21419,2011-03-10T18:45:00+00:00,-39684,5292.720
21419,2011-03-10T19:00:00+00:00,-38784,5292.734
21419,2011-03-10T19:15:00+00:00,-37884,5292.747
21419,2011-03-10T19:30:00+00:00,-36984,5292.752
21419,2011-03-10T19:45:00+00:00,-36084,5292.757
21419,2011-03-10T20:00:00+00:00,-35184,5292.759
21419,2011-03-10T20:15:00+00:00,-34284,5292.755
21419,2011-03-10T20:30:00+00:00,-33384,5292.748
21419,2011-03-10T20:45:00+00:00,-32484,5292.739
21419,2011-03-10T21:00:00+00:00,-31584,5292.726
21419,2011-03-10T21:15:00+00:00,-30684,5292.704
21419,2011-03-10T21:30:00+00:00,-29784,5292.681
21419,2011-03-10T21:45:00+00:00,-28884,5292.653
21419,2011-03-10T22:00:00+00:00,-27984,5292.620
21419,2011-03-10T22:15:00+00:00,-27084,5292.580
21419,2011-03-10T22:30:00+00:00,-26184,5292.541
21419,2011-03-10T22:45:00+00:00,-25284,5292.497
21419,2011-03-10T23:00:00+00:00,-24384,5292.451
21419,2011-03-10T23:15:00+00:00,-23484,5292.405
21419,2011-03-10T23:30:00+00:00,-22584,5292.358
21419,2011-03-10T23:45:00+00:00,-21684,5292.310
21419,2011-03-11T00:00:00+00:00,-20784,5292.263
21419,2011-03-11T00:15:00+00:00,-19884,5292.215
21419,2011-03-11T00:30:00+00:00,-18984,5292.173
21419,2011-03-11T00:45:00+00:00,-18084,5292.131
21419,2011-03-11T01:00:00+00:00,-17184,5292.090
21419,2011-03-11T01:15:00+00:00,-16284,5292.054
21419,2011-03-11T01:30:00+00:00,-15384,5292.022
21419,2011-03-11T01:45:00+00:00,-14484,5291.991
21419,2011-03-11T02:00:00+00:00,-13584,5291.962
21419,2011-03-11T02:15:00+00:00,-12684,5291.938
21419,2011-03-11T02:30:00+00:00,-11784,5291.915
21419,2011-03-11T02:45:00+00:00,-10884,5291.898
21419,2011-03-11T03:00:00+00:00,-9984,5291.887
21419,2011-03-11T03:15:00+00:00,-9084,5291.880
21419,2011-03-11T03:30:00+00:00,-8184,5291.877
21419,2011-03-11T03:45:00+00:00,-7284,5291.880
21419,2011-03-11T04:00:00+00:00,-6384,5291.885
21419,2011-03-11T04:15:00+00:00,-5484,5291.897
21419,2011-03-11T04:30:00+00:00,-4584,5291.914
21419,2011-03-11T04:45:00+00:00,-3684,5291.936
