station_id,timestamp_utc,seconds_from_origin,height_m
21401,2011-02-09T06:00:00+00:00,-2591184,5263.455
21401,2011-02-09T06:15:00+00:00,-2590284,5263.486
21401,2011-02-09T06:30:00+00:00,-2589384,5263.519
21401,2011-02-09T06:45:00+00:00,-2588484,5263.549
21401,2011-02-09T07:00:00+00:00,-2587584,5263.580
21401,2011-02-09T07:15:00+00:00,-2586684,5263.611
21401,2011-02-09T07:30:00+00:00,-2585784,5263.637
21401,2011-02-09T07:45:00+00:00,-2584884,5263.659
21401,2011-02-09T08:00:00+00:00,-2583984,5263.683
21401,2011-02-09T08:15:00+00:00,-2583084,5263.702
21401,2011-02-09T08:30:00+00:00,-2582184,5263.721
21401,2011-02-09T08:45:00+00:00,-2581284,5263.734
21401,2011-02-09T09:00:00+00:00,-2580384,5263.741
21401,2011-02-09T09:15:00+00:00,-2579484,5263.747
21401,2011-02-09T09:30:00+00:00,-2578584,5263.750
21401,2011-02-09T09:45:00+00:00,-2577684,5263.746
21401,2011-02-09T10:00:00+00:00,-2576784,5263.741
21401,2011-02-09T10:15:00+00:00,-2575884,5263.732
21401,2011-02-09T10:30:00+00:00,-2574984,5263.721
21401,2011-02-09T10:45:00+00:00,-2574084,5263.704
21401,2011-02-09T11:00:00+00:00,-2573184,5263.687
21401,2011-02-09T11:15:00+00:00,-2572284,5263.671
21401,2011-02-09T11:30:00+00:00,-2571384,5263.653
21401,2011-02-09T11:45:00+00:00,-2570484,5263.636
21401,2011-02-09T12:00:00+00:00,-2569584,5263.616
21401,2011-02-09T12:15:00+00:00,-2568684,5263.592
21401,2011-02-09T12:30:00+00:00,-2567784,5263.568
21401,2011-02-09T12:45:00+00:00,-2566884,5263.547
21401,2011-02-09T13:00:00+00:00,-2565984,5263.527
21401,2011-02-09T13:15:00+00:00,-2565084,5263.506
21401,2011-02-09T13:30:00+00:00,-2564184,5263.489
21401,2011-02-09T13:45:00+00:00,-2563284,5263.472
21401,2011-02-09T14:00:00+00:00,-2562384,5263.462
21401,2011-02-09T14:15:00+00:00,-2561484,5263.451
21401,2011-02-09T14:30:00+00:00,-2560584,5263.447
21401,2011-02-09T14:45:00+00:00,-2559684,5263.446
21401,2011-02-09T15:00:00+00:00,-2558784,5263.449
21401,2011-02-09T15:15:00+00:00,-2557884,5263.459
21401,2011-02-09T15:30:00+00:00,-2556984,5263.471
21401,2011-02-09T15:45:00+00:00,-2556084,5263.484
21401,2011-02-09T16:00:00+00:00,-2555184,5263.499
21401,2011-02-09T16:15:00+00:00,-2554284,5263.521
21401,2011-02-09T16:30:00+00:00,-2553384,5263.543
21401,2011-02-09T16:45:00+00:00,-2552484,5263.567
21401,2011-02-09T17:00:00+00:00,-2551584,5263.593
21401,2011-02-09T17:15:00+00:00,-2550684,5263.623
21401,2011-02-09T17:30:00+00:00,-2549784,5263.651
21401,2011-02-09T17:45:00+00:00,-2548884,5263.680
21401,2011-02-09T18:00:00+00:00,-2547984,5263.712
21401,2011-02-09T18:15:00+00:00,-2547084,5263.744
21401,2011-02-09T18:30:00+00:00,-2546184,5263.773
21401,2011-02-09T18:45:00+00:00,-2545284,5263.803
21401,2011-02-09T19:00:00+00:00,-2544384,5263.831
21401,2011-02-09T19:15:00+00:00,-2543484,5263.859
21401,2011-02-09T19:30:00+00:00,-2542584,5263.883
21401,2011-02-09T19:45:00+00:00,-2541684,5263.905
21401,2011-02-09T20:00:00+00:00,-2540784,5263.926
21401,2011-02-09T20:15:00+00:00,-2539884,5263.941
21401,2011-02-09T20:30:00+00:00,-2538984,5263.954
21401,2011-02-09T20:45:00+00:00,-2538084,5263.962
21401,2011-02-09T21:00:00+00:00,-2537184,5263.965
21401,2011-02-09T21:15:00+00:00,-2536284,5263.967
21401,2011-02-09T21:30:00+00:00,-2535384,5263.967
21401,2011-02-09T21:45:00+00:00,-2534484,5263.960
21401,2011-02-09T22:00:00+00:00,-2533584,5263.950
21401,2011-02-09T22:15:00+00:00,-2532684,5263.935
21401,2011-02-09T22:30:00+00:00,-2531784,5263.914
21401,2011-02-09T22:45:00+00:00,-2530884,5263.890
21401,2011-02-09T23:00:00+00:00,-2529984,5263.865
21401,2011-02-09T23:15:00+00:00,-2529084,5263.836
21401,2011-02-09T23:30:00+00:00,-2528184,5263.799
21401,2011-02-09T23:45:00+00:00,-2527284,5263.765
21401,2011-02-10T00:00:00+00:00,-2526384,5263.725
21401,2011-02-10T00:15:00+00:00,-2525484,5263.688
21401,2011-02-10T00:30:00+00:00,-2524584,5263.649
21401,2011-02-10T00:45:00+00:00,-2523684,5263.606
21401,2011-02-10T01:00:00+00:00,-2522784,5263.565
21401,2011-02-10T01:15:00+00:00,-2521884,5263.524
21401,2011-02-10T01:30:00+00:00,-2520984,5263.487
21401,2011-02-10T01:45:00+00:00,-2520084,5263.449
21401,2011-02-10T02:00:00+00:00,-2519184,5263.412
21401,2011-02-10T02:15:00+00:00,-2518284,5263.377
21401,2011-02-10T02:30:00+00:00,-2517384,5263.345
21401,2011-02-10T02:45:00+00:00,-2516484,5263.321
21401,2011-02-10T03:00:00+00:00,-2515584,5263.295
21401,2011-02-10T03:15:00+00:00,-2514684,5263.274
21401,2011-02-10T03:30:00+00:00,-2513784,5263.258
21401,2011-02-10T03:45:00+00:00,-2512884,5263.248
21401,2011-02-10T04:00:00+00:00,-2511984,5263.242
21401,2011-02-10T04:15:00+00:00,-2511084,5263.240
21401,2011-02-10T04:30:00+00:00,-2510184,5263.240
21401,2011-02-10T04:45:00+00:00,-2509284,5263.242
21401,2011-02-10T05:00:00+00:00,-2508384,5263.250
21401,2011-02-10T05:15:00+00:00,-2507484,5263.261
21401,2011-02-10T05:30:00+00:00,-2506584,5263.277
21401,2011-02-10T05:45:00+00:00,-2505684,5263.296
21401,2011-02-10T06:00:00+00:00,-2504784,5263.316
21401,2011-02-10T06:15:00+00:00,-2503884,5263.338
21401,2011-02-10T06:30:00+00:00,-2502984,5263.362
21401,2011-02-10T06:45:00+00:00,-2502084,5263.386
21401,2011-02-10T07:00:00+00:00,-2501184,5263.415
21401,2011-02-10T07:15:00+00:00,-2500284,5263.444
21401,2011-02-10T07:30:00+00:00,-2499384,5263.470
21401,2011-02-10T07:45:00+00:00,-2498484,5263.500
21401,2011-02-10T08:00:00+00:00,-2497584,5263.524
21401,2011-02-10T08:15:00+00:00,-2496684,5263.549
21401,2011-02-10T08:30:00+00:00,-2495784,5263.569
21401,2011-02-10T08:45:00+00:00,-2494884,5263.590
21401,2011-02-10T09:00:00+00:00,-2493984,5263.610
21401,2011-02-10T09:15:00+00:00,-2493084,5263.625
21401,2011-02-10T09:30:00+00:00,-2492184,5263.634
21401,2011-02-10T09:45:00+00:00,-2491284,5263.642
21401,2011-02-10T10:00:00+00:00,-2490384,5263.649
21401,2011-02-10T10:15:00+00:00,-2489484,5263.653
21401,2011-02-10T10:30:00+00:00,-2488584,5263.654
21401,2011-02-10T10:45:00+00:00,-2487684,5263.655
21401,2011-02-10T11:00:00+00:00,-2486784,5263.653
21401,2011-02-10T11:15:00+00:00,-2485884,5263.650
21401,2011-02-10T11:30:00+00:00,-2484984,5263.640
21401,2011-02-10T11:45:00+00:00,-2484084,5263.634
21401,2011-02-10T12:00:00+00:00,-2483184,5263.626
21401,2011-02-10T12:15:00+00:00,-2482284,5263.607
21401,2011-02-10T12:30:00+00:00,-2481384,5263.595
21401,2011-02-10T12:45:00+00:00,-2480484,5263.582
21401,2011-02-10T13:00:00+00:00,-2479584,5263.572
21401,2011-02-10T13:15:00+00:00,-2478684,5263.559
21401,2011-02-10T13:30:00+00:00,-2477784,5263.550
21401,2011-02-10T13:45:00+00:00,-2476884,5263.543
21401,2011-02-10T14:00:00+00:00,-2475984,5263.538
21401,2011-02-10T14:15:00+00:00,-2475084,5263.532
21401,2011-02-10T14:30:00+00:00,-2474184,5263.527
21401,2011-02-10T14:45:00+00:00,-2473284,5263.524
21401,2011-02-10T15:00:00+00:00,-2472384,5263.529
21401,2011-02-10T15:15:00+00:00,-2471484,5263.535
21401,2011-02-10T15:30:00+00:00,-2470584,5263.541
21401,2011-02-10T15:45:00+00:00,-2469684,5263.553
21401,2011-02-10T16:00:00+00:00,-2468784,5263.566
21401,2011-02-10T16:15:00+00:00,-2467884,5263.581
21401,2011-02-10T16:30:00+00:00,-2466984,5263.598
21401,2011-02-10T16:45:00+00:00,-2466084,5263.614
21401,2011-02-10T17:00:00+00:00,-2465184,5263.634
21401,2011-02-10T17:15:00+00:00,-2464284,5263.657
21401,2011-02-10T17:30:00+00:00,-2463384,5263.682
21401,2011-02-10T17:45:00+00:00,-2462484,5263.705
21401,2011-02-10T18:00:00+00:00,-2461584,5263.733
21401,2011-02-10T18:15:00+00:00,-2460684,5263.759
21401,2011-02-10T18:30:00+00:00,-2459784,5263.786
21401,2011-02-10T18:45:00+00:00,-2458884,5263.813
21401,2011-02-10T19:00:00+00:00,-2457984,5263.839
21401,2011-02-10T19:15:00+00:00,-2457084,5263.865
21401,2011-02-10T19:30:00+00:00,-2456184,5263.889
21401,2011-02-10T19:45:00+00:00,-2455284,5263.914
21401,2011-02-10T20:00:00+00:00,-2454384,5263.932
21401,2011-02-10T20:15:00+00:00,-2453484,5263.954
21401,2011-02-10T20:30:00+00:00,-2452584,5263.971
21401,2011-02-10T20:45:00+00:00,-2451684,5263.982
21401,2011-02-10T21:00:00+00:00,-2450784,5263.993
21401,2011-02-10T21:15:00+00:00,-2449884,5264.002
21401,2011-02-10T21:30:00+00:00,-2448984,5264.004
21401,2011-02-10T21:45:00+00:00,-2448084,5264.004
21401,2011-02-10T22:00:00+00:00,-2447184,5263.998
21401,2011-02-10T22:15:00+00:00,-2446284,5263.988
21401,2011-02-10T22:30:00+00:00,-2445384,5263.974
21401,2011-02-10T22:45:00+00:00,-2444484,5263.957
21401,2011-02-10T23:00:00+00:00,-2443584,5263.936
21401,2011-02-10T23:15:00+00:00,-2442684,5263.913
21401,2011-02-10T23:30:00+00:00,-2441784,5263.885
21401,2011-02-10T23:45:00+00:00,-2440884,5263.856
21401,2011-02-11T00:00:00+00:00,-2439984,5263.823
21401,2011-02-11T00:15:00+00:00,-2439084,5263.791
21401,2011-02-11T00:30:00+00:00,-2438184,5263.758
21401,2011-02-11T00:45:00+00:00,-2437284,5263.721
21401,2011-02-11T01:00:00+00:00,-2436384,5263.685
21401,2011-02-11T01:15:00+00:00,-2435484,5263.649
21401,2011-02-11T01:30:00+00:00,-2434584,5263.610
21401,2011-02-11T01:45:00+00:00,-2433684,5263.569
21401,2011-02-11T02:00:00+00:00,-2432784,5263.530
21401,2011-02-11T02:15:00+00:00,-2431884,5263.492
21401,2011-02-11T02:30:00+00:00,-2430984,5263.454
21401,2011-02-11T02:45:00+00:00,-2430084,5263.422
21401,2011-02-11T03:00:00+00:00,-2429184,5263.391
21401,2011-02-11T03:15:00+00:00,-2428284,5263.363
21401,2011-02-11T03:30:00+00:00,-2427384,5263.336
21401,2011-02-11T03:45:00+00:00,-2426484,5263.314
21401,2011-02-11T04:00:00+00:00,-2425584,5263.296
21401,2011-02-11T04:15:00+00:00,-2424684,5263.284
21401,2011-02-11T04:30:00+00:00,-2423784,5263.272
21401,2011-02-11T04:45:00+00:00,-2422884,5263.264
21401,2011-02-11T05:00:00+00:00,-2421984,5263.261
21401,2011-02-11T05:15:00+00:00,-2421084,5263.261
21401,2011-02-11T05:30:00+00:00,-2420184,5263.263
21401,2011-02-11T05:45:00+00:00,-2419284,5263.268
21401,2011-02-11T06:00:00+00:00,-2418384,5263.279
21401,2011-02-11T06:15:00+00:00,-2417484,5263.290
21401,2011-02-11T06:30:00+00:00,-2416584,5263.303
21401,2011-02-11T06:45:00+00:00,-2415684,5263.318
21401,2011-02-11T07:00:00+00:00,-2414784,5263.338
21401,2011-02-11T07:15:00+00:00,-2413884,5263.355
21401,2011-02-11T07:30:00+00:00,-2412984,5263.376
21401,2011-02-11T07:45:00+00:00,-2412084,5263.398
21401,2011-02-11T08:00:00+00:00,-2411184,5263.422
21401,2011-02-11T08:15:00+00:00,-2410284,5263.445
21401,2011-02-11T08:30:00+00:00,-2409384,5263.469
21401,2011-02-11T08:45:00+00:00,-2408484,5263.490
21401,2011-02-11T09:00:00+00:00,-2407584,5263.506
21401,2011-02-11T09:15:00+00:00,-2406684,5263.525
21401,2011-02-11T09:30:00+00:00,-2405784,5263.546
21401,2011-02-11T09:45:00+00:00,-2404884,5263.560
21401,2011-02-11T10:00:00+00:00,-2403984,5263.576
21401,2011-02-11T10:15:00+00:00,-2403084,5263.592
21401,2011-02-11T10:30:00+00:00,-2402184,5263.601
21401,2011-02-11T10:45:00+00:00,-2401284,5263.612
21401,2011-02-11T11:00:00+00:00,-2400384,5263.620
21401,2011-02-11T11:15:00+00:00,-2399484,5263.628
21401,2011-02-11T11:30:00+00:00,-2398584,5263.636
21401,2011-02-11T11:45:00+00:00,-2397684,5263.637
21401,2011-02-11T12:00:00+00:00,-2396784,5263.641
21401,2011-02-11T12:15:00+00:00,-2395884,5263.646
21401,2011-02-11T12:30:00+00:00,-2394984,5263.640
21401,2011-02-11T12:45:00+00:00,-2394084,5263.638
21401,2011-02-11T13:00:00+00:00,-2393184,5263.635
21401,2011-02-11T13:15:00+00:00,-2392284,5263.630
21401,2011-02-11T13:30:00+00:00,-2391384,5263.628
21401,2011-02-11T13:45:00+00:00,-2390484,5263.626
21401,2011-02-11T14:00:00+00:00,-2389584,5263.626
21401,2011-02-11T14:15:00+00:00,-2388684,5263.625
21401,2011-02-11T14:30:00+00:00,-2387784,5263.624
21401,2011-02-11T14:45:00+00:00,-2386884,5263.623
21401,2011-02-11T15:00:00+00:00,-2385984,5263.625
21401,2011-02-11T15:15:00+00:00,-2385084,5263.633
21401,2011-02-11T15:30:00+00:00,-2384184,5263.641
21401,2011-02-11T15:45:00+00:00,-2383284,5263.651
21401,2011-02-11T16:00:00+00:00,-2382384,5263.662
21401,2011-02-11T16:15:00+00:00,-2381484,5263.676
21401,2011-02-11T16:30:00+00:00,-2380584,5263.689
21401,2011-02-11T16:45:00+00:00,-2379684,5263.702
21401,2011-02-11T17:00:00+00:00,-2378784,5263.718
21401,2011-02-11T17:15:00+00:00,-2377884,5263.738
21401,2011-02-11T17:30:00+00:00,-2376984,5263.756
21401,2011-02-11T17:45:00+00:00,-2376084,5263.771
21401,2011-02-11T18:00:00+00:00,-2375184,5263.791
21401,2011-02-11T18:15:00+00:00,-2374284,5263.815
21401,2011-02-11T18:30:00+00:00,-2373384,5263.835
21401,2011-02-11T18:45:00+00:00,-2372484,5263.854
21401,2011-02-11T19:00:00+00:00,-2371584,5263.875
21401,2011-02-11T19:15:00+00:00,-2370684,5263.899
21401,2011-02-11T19:30:00+00:00,-2369784,5263.921
21401,2011-02-11T19:45:00+00:00,-2368884,5263.942
21401,2011-02-11T20:00:00+00:00,-2367984,5263.958
21401,2011-02-11T20:15:00+00:00,-2367084,5263.977
21401,2011-02-11T20:30:00+00:00,-2366184,5263.993
21401,2011-02-11T20:45:00+00:00,-2365284,5264.008
21401,2011-02-11T21:00:00+00:00,-2364384,5264.025
21401,2011-02-11T21:15:00+00:00,-2363484,5264.031
21401,2011-02-11T21:30:00+00:00,-2362584,5264.039
21401,2011-02-11T21:45:00+00:00,-2361684,5264.045
21401,2011-02-11T22:00:00+00:00,-2360784,5264.045
21401,2011-02-11T22:15:00+00:00,-2359884,5264.040
21401,2011-02-11T22:30:00+00:00,-2358984,5264.034
21401,2011-02-11T22:45:00+00:00,-2358084,5264.024
21401,2011-02-11T23:00:00+00:00,-2357184,5264.010
21401,2011-02-11T23:15:00+00:00,-2356284,5263.994
21401,2011-02-11T23:30:00+00:00,-2355384,5263.973
21401,2011-02-11T23:45:00+00:00,-2354484,5263.952
21401,2011-02-12T00:00:00+00:00,-2353584,5263.922
21401,2011-02-12T00:15:00+00:00,-2352684,5263.897
21401,2011-02-12T00:30:00+00:00,-2351784,5263.867
21401,2011-02-12T00:45:00+00:00,-2350884,5263.839
21401,2011-02-12T01:00:00+00:00,-2349984,5263.810
21401,2011-02-12T01:15:00+00:00,-2349084,5263.775
21401,2011-02-12T01:30:00+00:00,-2348184,5263.738
21401,2011-02-12T01:45:00+00:00,-2347284,5263.698
21401,2011-02-12T02:00:00+00:00,-2346384,5263.658
21401,2011-02-12T02:15:00+00:00,-2345484,5263.620
21401,2011-02-12T02:30:00+00:00,-2344584,5263.582
21401,2011-02-12T02:45:00+00:00,-2343684,5263.545
21401,2011-02-12T03:00:00+00:00,-2342784,5263.508
21401,2011-02-12T03:15:00+00:00,-2341884,5263.475
21401,2011-02-12T03:30:00+00:00,-2340984,5263.442
21401,2011-02-12T03:45:00+00:00,-2340084,5263.413
21401,2011-02-12T04:00:00+00:00,-2339184,5263.384
21401,2011-02-12T04:15:00+00:00,-2338284,5263.362
21401,2011-02-12T04:30:00+00:00,-2337384,5263.341
21401,2011-02-12T04:45:00+00:00,-2336484,5263.323
21401,2011-02-12T05:00:00+00:00,-2335584,5263.307
21401,2011-02-12T05:15:00+00:00,-2334684,5263.294
21401,2011-02-12T05:30:00+00:00,-2333784,5263.281
21401,2011-02-12T05:45:00+00:00,-2332884,5263.272
21401,2011-02-12T06:00:00+00:00,-2331984,5263.263
21401,2011-02-12T06:15:00+00:00,-2331084,5263.259
21401,2011-02-12T06:30:00+00:00,-2330184,5263.259
21401,2011-02-12T06:45:00+00:00,-2329284,5263.261
21401,2011-02-12T07:00:00+00:00,-2328384,5263.265
21401,2011-02-12T07:15:00+00:00,-2327484,5263.271
21401,2011-02-12T07:30:00+00:00,-2326584,5263.283
21401,2011-02-12T07:45:00+00:00,-2325684,5263.296
21401,2011-02-12T08:00:00+00:00,-2324784,5263.311
21401,2011-02-12T08:15:00+00:00,-2323884,5263.322
21401,2011-02-12T08:30:00+00:00,-2322984,5263.338
21401,2011-02-12T08:45:00+00:00,-2322084,5263.354
21401,2011-02-12T09:00:00+00:00,-2321184,5263.371
21401,2011-02-12T09:15:00+00:00,-2320284,5263.389
21401,2011-02-12T09:30:00+00:00,-2319384,5263.412
21401,2011-02-12T09:45:00+00:00,-2318484,5263.427
21401,2011-02-12T10:00:00+00:00,-2317584,5263.448
21401,2011-02-12T10:15:00+00:00,-2316684,5263.467
21401,2011-02-12T10:30:00+00:00,-2315784,5263.490
21401,2011-02-12T10:45:00+00:00,-2314884,5263.505
21401,2011-02-12T11:00:00+00:00,-2313984,5263.521
21401,2011-02-12T11:15:00+00:00,-2313084,5263.543
21401,2011-02-12T11:30:00+00:00,-2312184,5263.557
21401,2011-02-12T11:45:00+00:00,-2311284,5263.572
21401,2011-02-12T12:00:00+00:00,-2310384,5263.588
21401,2011-02-12T12:15:00+00:00,-2309484,5263.599
21401,2011-02-12T12:30:00+00:00,-2308584,5263.610
21401,2011-02-12T12:45:00+00:00,-2307684,5263.618
21401,2011-02-12T13:00:00+00:00,-2306784,5263.626
21401,2011-02-12T13:15:00+00:00,-2305884,5263.633
21401,2011-02-12T13:30:00+00:00,-2304984,5263.644
21401,2011-02-12T13:45:00+00:00,-2304084,5263.653
21401,2011-02-12T14:00:00+00:00,-2303184,5263.660
21401,2011-02-12T14:15:00+00:00,-2302284,5263.665
21401,2011-02-12T14:30:00+00:00,-2301384,5263.672
21401,2011-02-12T14:45:00+00:00,-2300484,5263.680
21401,2011-02-12T15:00:00+00:00,-2299584,5263.689
21401,2011-02-12T15:15:00+00:00,-2298684,5263.695
21401,2011-02-12T15:30:00+00:00,-2297784,5263.707
21401,2011-02-12T15:45:00+00:00,-2296884,5263.716
21401,2011-02-12T16:00:00+00:00,-2295984,5263.727
21401,2011-02-12T16:15:00+00:00,-2295084,5263.740
21401,2011-02-12T16:30:00+00:00,-2294184,5263.750
21401,2011-02-12T16:45:00+00:00,-2293284,5263.760
21401,2011-02-12T17:00:00+00:00,-2292384,5263.774
21401,2011-02-12T17:15:00+00:00,-2291484,5263.789
21401,2011-02-12T17:30:00+00:00,-2290584,5263.803
21401,2011-02-12T17:45:00+00:00,-2289684,5263.818
21401,2011-02-12T18:00:00+00:00,-2288784,5263.833
21401,2011-02-12T18:15:00+00:00,-2287884,5263.848
21401,2011-02-12T18:30:00+00:00,-2286984,5263.862
21401,2011-02-12T18:45:00+00:00,-2286084,5263.879
21401,2011-02-12T19:00:00+00:00,-2285184,5263.897
21401,2011-02-12T19:15:00+00:00,-2284284,5263.913
21401,2011-02-12T19:30:00+00:00,-2283384,5263.927
21401,2011-02-12T19:45:00+00:00,-2282484,5263.941
21401,2011-02-12T20:00:00+00:00,-2281584,5263.959
21401,2011-02-12T20:15:00+00:00,-2280684,5263.969
21401,2011-02-12T20:30:00+00:00,-2279784,5263.984
21401,2011-02-12T20:45:00+00:00,-2278884,5263.995
21401,2011-02-12T21:00:00+00:00,-2277984,5264.007
21401,2011-02-12T21:15:00+00:00,-2277084,5264.018
21401,2011-02-12T21:30:00+00:00,-2276184,5264.023
21401,2011-02-12T21:45:00+00:00,-2275284,5264.032
21401,2011-02-12T22:00:00+00:00,-2274384,5264.033
21401,2011-02-12T22:15:00+00:00,-2273484,5264.033
21401,2011-02-12T22:30:00+00:00,-2272584,5264.026
21401,2011-02-12T22:45:00+00:00,-2271684,5264.022
21401,2011-02-12T23:00:00+00:00,-2270784,5264.017
21401,2011-02-12T23:15:00+00:00,-2269884,5264.008
21401,2011-02-12T23:30:00+00:00,-2268984,5263.998
21401,2011-02-12T23:45:00+00:00,-2268084,5263.983
21401,2011-02-13T00:00:00+00:00,-2267184,5263.968
21401,2011-02-13T00:15:00+00:00,-2266284,5263.950
21401,2011-02-13T00:30:00+00:00,-2265384,5263.929
21401,2011-02-13T00:45:00+00:00,-2264484,5263.911
21401,2011-02-13T01:00:00+00:00,-2263584,5263.884
21401,2011-02-13T01:15:00+00:00,-2262684,5263.856
21401,2011-02-13T01:30:00+00:00,-2261784,5263.828
21401,2011-02-13T01:45:00+00:00,-2260884,5263.792
21401,2011-02-13T02:00:00+00:00,-2259984,5263.760
21401,2011-02-13T02:15:00+00:00,-2259084,5263.724
21401,2011-02-13T02:30:00+00:00,-2258184,5263.690
21401,2011-02-13T02:45:00+00:00,-2257284,5263.652
21401,2011-02-13T03:00:00+00:00,-2256384,5263.617
21401,2011-02-13T03:15:00+00:00,-2255484,5263.581
21401,2011-02-13T03:30:00+00:00,-2254584,5263.546
21401,2011-02-13T03:45:00+00:00,-2253684,5263.513
21401,2011-02-13T04:00:00+00:00,-2252784,5263.479
21401,2011-02-13T04:15:00+00:00,-2251884,5263.449
21401,2011-02-13T04:30:00+00:00,-2250984,5263.417
21401,2011-02-13T04:45:00+00:00,-2250084,5263.389
21401,2011-02-13T05:00:00+00:00,-2249184,5263.363
21401,2011-02-13T05:15:00+00:00,-2248284,5263.340
21401,2011-02-13T05:30:00+00:00,-2247384,5263.319
21401,2011-02-13T05:45:00+00:00,-2246484,5263.299
21401,2011-02-13T06:00:00+00:00,-2245584,5263.280
21401,2011-02-13T06:15:00+00:00,-2244684,5263.264
21401,2011-02-13T06:30:00+00:00,-2243784,5263.247
21401,2011-02-13T06:45:00+00:00,-2242884,5263.233
21401,2011-02-13T07:00:00+00:00,-2241984,5263.224
21401,2011-02-13T07:15:00+00:00,-2241084,5263.214
21401,2011-02-13T07:30:00+00:00,-2240184,5263.209
21401,2011-02-13T07:45:00+00:00,-2239284,5263.207
21401,2011-02-13T08:00:00+00:00,-2238384,5263.209
21401,2011-02-13T08:15:00+00:00,-2237484,5263.211
21401,2011-02-13T08:30:00+00:00,-2236584,5263.217
21401,2011-02-13T08:45:00+00:00,-2235684,5263.227
21401,2011-02-13T09:00:00+00:00,-2234784,5263.235
21401,2011-02-13T09:15:00+00:00,-2233884,5263.248
21401,2011-02-13T09:30:00+00:00,-2232984,5263.262
21401,2011-02-13T09:45:00+00:00,-2232084,5263.277
21401,2011-02-13T10:00:00+00:00,-2231184,5263.292
21401,2011-02-13T10:15:00+00:00,-2230284,5263.311
21401,2011-02-13T10:30:00+00:00,-2229384,5263.331
21401,2011-02-13T10:45:00+00:00,-2228484,5263.352
21401,2011-02-13T11:00:00+00:00,-2227584,5263.376
21401,2011-02-13T11:15:00+00:00,-2226684,5263.398
21401,2011-02-13T11:30:00+00:00,-2225784,5263.421
21401,2011-02-13T11:45:00+00:00,-2224884,5263.446
21401,2011-02-13T12:00:00+00:00,-2223984,5263.470
21401,2011-02-13T12:15:00+00:00,-2223084,5263.490
21401,2011-02-13T12:30:00+00:00,-2222184,5263.508
21401,2011-02-13T12:45:00+00:00,-2221284,5263.530
21401,2011-02-13T13:00:00+00:00,-2220384,5263.551
21401,2011-02-13T13:15:00+00:00,-2219484,5263.571
21401,2011-02-13T13:30:00+00:00,-2218584,5263.588
21401,2011-02-13T13:45:00+00:00,-2217684,5263.610
21401,2011-02-13T14:00:00+00:00,-2216784,5263.626
21401,2011-02-13T14:15:00+00:00,-2215884,5263.648
21401,2011-02-13T14:30:00+00:00,-2214984,5263.665
21401,2011-02-13T14:45:00+00:00,-2214084,5263.683
21401,2011-02-13T15:00:00+00:00,-2213184,5263.699
21401,2011-02-13T15:15:00+00:00,-2212284,5263.714
21401,2011-02-13T15:30:00+00:00,-2211384,5263.730
21401,2011-02-13T15:45:00+00:00,-2210484,5263.748
21401,2011-02-13T16:00:00+00:00,-2209584,5263.764
21401,2011-02-13T16:15:00+00:00,-2208684,5263.778
21401,2011-02-13T16:30:00+00:00,-2207784,5263.791
21401,2011-02-13T16:45:00+00:00,-2206884,5263.804
21401,2011-02-13T17:00:00+00:00,-2205984,5263.819
21401,2011-02-13T17:15:00+00:00,-2205084,5263.830
21401,2011-02-13T17:30:00+00:00,-2204184,5263.842
21401,2011-02-13T17:45:00+00:00,-2203284,5263.851
21401,2011-02-13T18:00:00+00:00,-2202384,5263.862
21401,2011-02-13T18:15:00+00:00,-2201484,5263.872
21401,2011-02-13T18:30:00+00:00,-2200584,5263.884
21401,2011-02-13T18:45:00+00:00,-2199684,5263.894
21401,2011-02-13T19:00:00+00:00,-2198784,5263.906
21401,2011-02-13T19:15:00+00:00,-2197884,5263.919
21401,2011-02-13T19:30:00+00:00,-2196984,5263.926
21401,2011-02-13T19:45:00+00:00,-2196084,5263.935
21401,2011-02-13T20:00:00+00:00,-2195184,5263.946
21401,2011-02-13T20:15:00+00:00,-2194284,5263.958
21401,2011-02-13T20:30:00+00:00,-2193384,5263.970
21401,2011-02-13T20:45:00+00:00,-2192484,5263.977
21401,2011-02-13T21:00:00+00:00,-2191584,5263.986
21401,2011-02-13T21:15:00+00:00,-2190684,5263.992
21401,2011-02-13T21:30:00+00:00,-2189784,5263.999
21401,2011-02-13T21:45:00+00:00,-2188884,5264.005
21401,2011-02-13T22:00:00+00:00,-2187984,5264.010
21401,2011-02-13T22:15:00+00:00,-2187084,5264.013
21401,2011-02-13T22:30:00+00:00,-2186184,5264.015
21401,2011-02-13T22:45:00+00:00,-2185284,5264.020
21401,2011-02-13T23:00:00+00:00,-2184384,5264.018
21401,2011-02-13T23:15:00+00:00,-2183484,5264.020
21401,2011-02-13T23:30:00+00:00,-2182584,5264.012
21401,2011-02-13T23:45:00+00:00,-2181684,5264.005
21401,2011-02-14T00:00:00+00:00,-2180784,5263.998
21401,2011-02-14T00:15:00+00:00,-2179884,5263.987
21401,2011-02-14T00:30:00+00:00,-2178984,5263.975
21401,2011-02-14T00:45:00+00:00,-2178084,5263.962
21401,2011-02-14T01:00:00+00:00,-2177184,5263.948
21401,2011-02-14T01:15:00+00:00,-2176284,5263.933
21401,2011-02-14T01:30:00+00:00,-2175384,5263.911
21401,2011-02-14T01:45:00+00:00,-2174484,5263.887
21401,2011-02-14T02:00:00+00:00,-2173584,5263.859
21401,2011-02-14T02:15:00+00:00,-2172684,5263.832
21401,2011-02-14T02:30:00+00:00,-2171784,5263.806
21401,2011-02-14T02:45:00+00:00,-2170884,5263.775
21401,2011-02-14T03:00:00+00:00,-2169984,5263.746
21401,2011-02-14T03:15:00+00:00,-2169084,5263.712
21401,2011-02-14T03:30:00+00:00,-2168184,5263.679
21401,2011-02-14T03:45:00+00:00,-2167284,5263.647
21401,2011-02-14T04:00:00+00:00,-2166384,5263.612
21401,2011-02-14T04:15:00+00:00,-2165484,5263.580
21401,2011-02-14T04:30:00+00:00,-2164584,5263.550
21401,2011-02-14T04:45:00+00:00,-2163684,5263.519
21401,2011-02-14T05:00:00+00:00,-2162784,5263.485
21401,2011-02-14T05:15:00+00:00,-2161884,5263.456
21401,2011-02-14T05:30:00+00:00,-2160984,5263.427
21401,2011-02-14T05:45:00+00:00,-2160084,5263.400
21401,2011-02-14T06:00:00+00:00,-2159184,5263.369
21401,2011-02-14T06:15:00+00:00,-2158284,5263.343
21401,2011-02-14T06:30:00+00:00,-2157384,5263.313
21401,2011-02-14T06:45:00+00:00,-2156484,5263.285
21401,2011-02-14T07:00:00+00:00,-2155584,5263.262
21401,2011-02-14T07:15:00+00:00,-2154684,5263.236
21401,2011-02-14T07:30:00+00:00,-2153784,5263.219
21401,2011-02-14T07:45:00+00:00,-2152884,5263.203
21401,2011-02-14T08:00:00+00:00,-2151984,5263.190
21401,2011-02-14T08:15:00+00:00,-2151084,5263.177
21401,2011-02-14T08:30:00+00:00,-2150184,5263.168
21401,2011-02-14T08:45:00+00:00,-2149284,5263.164
21401,2011-02-14T09:00:00+00:00,-2148384,5263.159
21401,2011-02-14T09:15:00+00:00,-2147484,5263.158
21401,2011-02-14T09:30:00+00:00,-2146584,5263.159
21401,2011-02-14T09:45:00+00:00,-2145684,5263.165
21401,2011-02-14T10:00:00+00:00,-2144784,5263.174
21401,2011-02-14T10:15:00+00:00,-2143884,5263.187
21401,2011-02-14T10:30:00+00:00,-2142984,5263.201
21401,2011-02-14T10:45:00+00:00,-2142084,5263.222
21401,2011-02-14T11:00:00+00:00,-2141184,5263.239
21401,2011-02-14T11:15:00+00:00,-2140284,5263.262
21401,2011-02-14T11:30:00+00:00,-2139384,5263.290
21401,2011-02-14T11:45:00+00:00,-2138484,5263.319
21401,2011-02-14T12:00:00+00:00,-2137584,5263.348
21401,2011-02-14T12:15:00+00:00,-2136684,5263.376
21401,2011-02-14T12:30:00+00:00,-2135784,5263.408
21401,2011-02-14T12:45:00+00:00,-2134884,5263.437
21401,2011-02-14T13:00:00+00:00,-2133984,5263.467
21401,2011-02-14T13:15:00+00:00,-2133084,5263.499
21401,2011-02-14T13:30:00+00:00,-2132184,5263.530
21401,2011-02-14T13:45:00+00:00,-2131284,5263.560
21401,2011-02-14T14:00:00+00:00,-2130384,5263.593
21401,2011-02-14T14:15:00+00:00,-2129484,5263.622
21401,2011-02-14T14:30:00+00:00,-2128584,5263.651
21401,2011-02-14T14:45:00+00:00,-2127684,5263.677
21401,2011-02-14T15:00:00+00:00,-2126784,5263.703
21401,2011-02-14T15:15:00+00:00,-2125884,5263.729
21401,2011-02-14T15:30:00+00:00,-2124984,5263.757
21401,2011-02-14T15:45:00+00:00,-2124084,5263.778
21401,2011-02-14T16:00:00+00:00,-2123184,5263.798
21401,2011-02-14T16:15:00+00:00,-2122284,5263.819
21401,2011-02-14T16:30:00+00:00,-2121384,5263.835
21401,2011-02-14T16:45:00+00:00,-2120484,5263.853
21401,2011-02-14T17:00:00+00:00,-2119584,5263.869
21401,2011-02-14T17:15:00+00:00,-2118684,5263.884
21401,2011-02-14T17:30:00+00:00,-2117784,5263.897
21401,2011-02-14T17:45:00+00:00,-2116884,5263.912
21401,2011-02-14T18:00:00+00:00,-2115984,5263.922
21401,2011-02-14T18:15:00+00:00,-2115084,5263.930
21401,2011-02-14T18:30:00+00:00,-2114184,5263.940
21401,2011-02-14T18:45:00+00:00,-2113284,5263.945
21401,2011-02-14T19:00:00+00:00,-2112384,5263.955
21401,2011-02-14T19:15:00+00:00,-2111484,5263.960
21401,2011-02-14T19:30:00+00:00,-2110584,5263.966
21401,2011-02-14T19:45:00+00:00,-2109684,5263.971
21401,2011-02-14T20:00:00+00:00,-2108784,5263.974
21401,2011-02-14T20:15:00+00:00,-2107884,5263.978
21401,2011-02-14T20:30:00+00:00,-2106984,5263.984
21401,2011-02-14T20:45:00+00:00,-2106084,5263.989
21401,2011-02-14T21:00:00+00:00,-2105184,5263.994
21401,2011-02-14T21:15:00+00:00,-2104284,5263.999
21401,2011-02-14T21:30:00+00:00,-2103384,5264.005
21401,2011-02-14T21:45:00+00:00,-2102484,5264.012
21401,2011-02-14T22:00:00+00:00,-2101584,5264.015
21401,2011-02-14T22:15:00+00:00,-2100684,5264.020
21401,2011-02-14T22:30:00+00:00,-2099784,5264.022
21401,2011-02-14T22:45:00+00:00,-2098884,5264.025
21401,2011-02-14T23:00:00+00:00,-2097984,5264.026
21401,2011-02-14T23:15:00+00:00,-2097084,5264.026
21401,2011-02-14T23:30:00+00:00,-2096184,5264.028
21401,2011-02-14T23:45:00+00:00,-2095284,5264.032
21401,2011-02-15T00:00:00+00:00,-2094384,5264.034
21401,2011-02-15T00:15:00+00:00,-2093484,5264.033
21401,2011-02-15T00:30:00+00:00,-2092584,5264.032
21401,2011-02-15T00:45:00+00:00,-2091684,5264.032
21401,2011-02-15T01:00:00+00:00,-2090784,5264.030
21401,2011-02-15T01:15:00+00:00,-2089884,5264.022
21401,2011-02-15T01:30:00+00:00,-2088984,5264.010
21401,2011-02-15T01:45:00+00:00,-2088084,5263.998
21401,2011-02-15T02:00:00+00:00,-2087184,5263.987
21401,2011-02-15T02:15:00+00:00,-2086284,5263.968
21401,2011-02-15T02:30:00+00:00,-2085384,5263.952
21401,2011-02-15T02:45:00+00:00,-2084484,5263.933
21401,2011-02-15T03:00:00+00:00,-2083584,5263.913
21401,2011-02-15T03:15:00+00:00,-2082684,5263.892
21401,2011-02-15T03:30:00+00:00,-2081784,5263.864
21401,2011-02-15T03:45:00+00:00,-2080884,5263.840
21401,2011-02-15T04:00:00+00:00,-2079984,5263.813
21401,2011-02-15T04:15:00+00:00,-2079084,5263.784
21401,2011-02-15T04:30:00+00:00,-2078184,5263.752
21401,2011-02-15T04:45:00+00:00,-2077284,5263.724
21401,2011-02-15T05:00:00+00:00,-2076384,5263.690
21401,2011-02-15T05:15:00+00:00,-2075484,5263.655
21401,2011-02-15T05:30:00+00:00,-2074584,5263.620
21401,2011-02-15T05:45:00+00:00,-2073684,5263.582
21401,2011-02-15T06:00:00+00:00,-2072784,5263.543
21401,2011-02-15T06:15:00+00:00,-2071884,5263.501
21401,2011-02-15T06:30:00+00:00,-2070984,5263.463
21401,2011-02-15T06:45:00+00:00,-2070084,5263.422
21401,2011-02-15T07:00:00+00:00,-2069184,5263.384
21401,2011-02-15T07:15:00+00:00,-2068284,5263.345
21401,2011-02-15T07:30:00+00:00,-2067384,5263.309
21401,2011-02-15T07:45:00+00:00,-2066484,5263.277
21401,2011-02-15T08:00:00+00:00,-2065584,5263.244
21401,2011-02-15T08:15:00+00:00,-2064684,5263.217
21401,2011-02-15T08:30:00+00:00,-2063784,5263.188
21401,2011-02-15T08:45:00+00:00,-2062884,5263.165
21401,2011-02-15T09:00:00+00:00,-2061984,5263.145
21401,2011-02-15T09:15:00+00:00,-2061084,5263.128
21401,2011-02-15T09:30:00+00:00,-2060184,5263.112
21401,2011-02-15T09:45:00+00:00,-2059284,5263.098
21401,2011-02-15T10:00:00+00:00,-2058384,5263.095
21401,2011-02-15T10:15:00+00:00,-2057484,5263.093
21401,2011-02-15T10:30:00+00:00,-2056584,5263.097
21401,2011-02-15T10:45:00+00:00,-2055684,5263.103
21401,2011-02-15T11:00:00+00:00,-2054784,5263.113
21401,2011-02-15T11:15:00+00:00,-2053884,5263.129
21401,2011-02-15T11:30:00+00:00,-2052984,5263.150
21401,2011-02-15T11:45:00+00:00,-2052084,5263.172
21401,2011-02-15T12:00:00+00:00,-2051184,5263.198
21401,2011-02-15T12:15:00+00:00,-2050284,5263.227
21401,2011-02-15T12:30:00+00:00,-2049384,5263.257
21401,2011-02-15T12:45:00+00:00,-2048484,5263.287
21401,2011-02-15T13:00:00+00:00,-2047584,5263.323
21401,2011-02-15T13:15:00+00:00,-2046684,5263.361
21401,2011-02-15T13:30:00+00:00,-2045784,5263.400
21401,2011-02-15T13:45:00+00:00,-2044884,5263.441
21401,2011-02-15T14:00:00+00:00,-2043984,5263.480
21401,2011-02-15T14:15:00+00:00,-2043084,5263.519
21401,2011-02-15T14:30:00+00:00,-2042184,5263.558
21401,2011-02-15T14:45:00+00:00,-2041284,5263.595
21401,2011-02-15T15:00:00+00:00,-2040384,5263.633
21401,2011-02-15T15:15:00+00:00,-2039484,5263.666
21401,2011-02-15T15:30:00+00:00,-2038584,5263.700
21401,2011-02-15T15:45:00+00:00,-2037684,5263.733
21401,2011-02-15T16:00:00+00:00,-2036784,5263.765
21401,2011-02-15T16:15:00+00:00,-2035884,5263.791
21401,2011-02-15T16:30:00+00:00,-2034984,5263.817
21401,2011-02-15T16:45:00+00:00,-2034084,5263.841
21401,2011-02-15T17:00:00+00:00,-2033184,5263.864
21401,2011-02-15T17:15:00+00:00,-2032284,5263.883
21401,2011-02-15T17:30:00+00:00,-2031384,5263.899
21401,2011-02-15T17:45:00+00:00,-2030484,5263.912
21401,2011-02-15T18:00:00+00:00,-2029584,5263.921
21401,2011-02-15T18:15:00+00:00,-2028684,5263.929
21401,2011-02-15T18:30:00+00:00,-2027784,5263.935
21401,2011-02-15T18:45:00+00:00,-2026884,5263.937
21401,2011-02-15T19:00:00+00:00,-2025984,5263.941
21401,2011-02-15T19:15:00+00:00,-2025084,5263.942
21401,2011-02-15T19:30:00+00:00,-2024184,5263.944
21401,2011-02-15T19:45:00+00:00,-2023284,5263.943
21401,2011-02-15T20:00:00+00:00,-2022384,5263.942
21401,2011-02-15T20:15:00+00:00,-2021484,5263.939
21401,2011-02-15T20:30:00+00:00,-2020584,5263.938
21401,2011-02-15T20:45:00+00:00,-2019684,5263.935
21401,2011-02-15T21:00:00+00:00,-2018784,5263.932
21401,2011-02-15T21:15:00+00:00,-2017884,5263.932
21401,2011-02-15T21:30:00+00:00,-2016984,5263.933
21401,2011-02-15T21:45:00+00:00,-2016084,5263.934
21401,2011-02-15T22:00:00+00:00,-2015184,5263.934
21401,2011-02-15T22:15:00+00:00,-2014284,5263.935
21401,2011-02-15T22:30:00+00:00,-2013384,5263.939
21401,2011-02-15T22:45:00+00:00,-2012484,5263.940
21401,2011-02-15T23:00:00+00:00,-2011584,5263.942
21401,2011-02-15T23:15:00+00:00,-2010684,5263.943
21401,2011-02-15T23:30:00+00:00,-2009784,5263.946
21401,2011-02-15T23:45:00+00:00,-2008884,5263.952
21401,2011-02-16T00:00:00+00:00,-2007984,5263.955
21401,2011-02-16T00:15:00+00:00,-2007084,5263.961
21401,2011-02-16T00:30:00+00:00,-2006184,5263.972
21401,2011-02-16T00:45:00+00:00,-2005284,5263.979
21401,2011-02-16T01:00:00+00:00,-2004384,5263.985
21401,2011-02-16T01:15:00+00:00,-2003484,5263.991
21401,2011-02-16T01:30:00+00:00,-2002584,5263.996
21401,2011-02-16T01:45:00+00:00,-2001684,5263.994
21401,2011-02-16T02:00:00+00:00,-2000784,5263.994
21401,2011-02-16T02:15:00+00:00,-1999884,5263.993
21401,2011-02-16T02:30:00+00:00,-1998984,5263.990
21401,2011-02-16T02:45:00+00:00,-1998084,5263.984
21401,2011-02-16T03:00:00+00:00,-1997184,5263.975
21401,2011-02-16T03:15:00+00:00,-1996284,5263.965
21401,2011-02-16T03:30:00+00:00,-1995384,5263.953
21401,2011-02-16T03:45:00+00:00,-1994484,5263.940
21401,2011-02-16T04:00:00+00:00,-1993584,5263.923
21401,2011-02-16T04:15:00+00:00,-1992684,5263.903
21401,2011-02-16T04:30:00+00:00,-1991784,5263.883
21401,2011-02-16T04:45:00+00:00,-1990884,5263.860
21401,2011-02-16T05:00:00+00:00,-1989984,5263.834
21401,2011-02-16T05:15:00+00:00,-1989084,5263.804
21401,2011-02-16T05:30:00+00:00,-1988184,5263.772
21401,2011-02-16T05:45:00+00:00,-1987284,5263.739
21401,2011-02-16T06:00:00+00:00,-1986384,5263.699
21401,2011-02-16T06:15:00+00:00,-1985484,5263.657
21401,2011-02-16T06:30:00+00:00,-1984584,5263.612
21401,2011-02-16T06:45:00+00:00,-1983684,5263.567
21401,2011-02-16T07:00:00+00:00,-1982784,5263.520
21401,2011-02-16T07:15:00+00:00,-1981884,5263.472
21401,2011-02-16T07:30:00+00:00,-1980984,5263.427
21401,2011-02-16T07:45:00+00:00,-1980084,5263.379
21401,2011-02-16T08:00:00+00:00,-1979184,5263.333
21401,2011-02-16T08:15:00+00:00,-1978284,5263.289
21401,2011-02-16T08:30:00+00:00,-1977384,5263.248
21401,2011-02-16T08:45:00+00:00,-1976484,5263.208
21401,2011-02-16T09:00:00+00:00,-1975584,5263.166
21401,2011-02-16T09:15:00+00:00,-1974684,5263.133
21401,2011-02-16T09:30:00+00:00,-1973784,5263.098
21401,2011-02-16T09:45:00+00:00,-1972884,5263.070
21401,2011-02-16T10:00:00+00:00,-1971984,5263.044
21401,2011-02-16T10:15:00+00:00,-1971084,5263.025
21401,2011-02-16T10:30:00+00:00,-1970184,5263.008
21401,2011-02-16T10:45:00+00:00,-1969284,5263.000
21401,2011-02-16T11:00:00+00:00,-1968384,5262.995
21401,2011-02-16T11:15:00+00:00,-1967484,5262.993
21401,2011-02-16T11:30:00+00:00,-1966584,5263.001
21401,2011-02-16T11:45:00+00:00,-1965684,5263.013
21401,2011-02-16T12:00:00+00:00,-1964784,5263.028
21401,2011-02-16T12:15:00+00:00,-1963884,5263.047
21401,2011-02-16T12:30:00+00:00,-1962984,5263.071
21401,2011-02-16T12:45:00+00:00,-1962084,5263.102
21401,2011-02-16T13:00:00+00:00,-1961184,5263.134
21401,2011-02-16T13:15:00+00:00,-1960284,5263.170
21401,2011-02-16T13:30:00+00:00,-1959384,5263.211
21401,2011-02-16T13:45:00+00:00,-1958484,5263.255
21401,2011-02-16T14:00:00+00:00,-1957584,5263.299
21401,2011-02-16T14:15:00+00:00,-1956684,5263.345
21401,2011-02-16T14:30:00+00:00,-1955784,5263.389
21401,2011-02-16T14:45:00+00:00,-1954884,5263.435
21401,2011-02-16T15:00:00+00:00,-1953984,5263.479
21401,2011-02-16T15:15:00+00:00,-1953084,5263.523
21401,2011-02-16T15:30:00+00:00,-1952184,5263.570
21401,2011-02-16T15:45:00+00:00,-1951284,5263.613
21401,2011-02-16T16:00:00+00:00,-1950384,5263.652
21401,2011-02-16T16:15:00+00:00,-1949484,5263.690
21401,2011-02-16T16:30:00+00:00,-1948584,5263.725
21401,2011-02-16T16:45:00+00:00,-1947684,5263.758
21401,2011-02-16T17:00:00+00:00,-1946784,5263.789
21401,2011-02-16T17:15:00+00:00,-1945884,5263.816
21401,2011-02-16T17:30:00+00:00,-1944984,5263.837
21401,2011-02-16T17:45:00+00:00,-1944084,5263.858
21401,2011-02-16T18:00:00+00:00,-1943184,5263.873
21401,2011-02-16T18:15:00+00:00,-1942284,5263.885
21401,2011-02-16T18:30:00+00:00,-1941384,5263.896
21401,2011-02-16T18:45:00+00:00,-1940484,5263.904
21401,2011-02-16T19:00:00+00:00,-1939584,5263.908
21401,2011-02-16T19:15:00+00:00,-1938684,5263.912
21401,2011-02-16T19:30:00+00:00,-1937784,5263.908
21401,2011-02-16T19:45:00+00:00,-1936884,5263.905
21401,2011-02-16T20:00:00+00:00,-1935984,5263.901
21401,2011-02-16T20:15:00+00:00,-1935084,5263.893
21401,2011-02-16T20:30:00+00:00,-1934184,5263.888
21401,2011-02-16T20:45:00+00:00,-1933284,5263.879
21401,2011-02-16T21:00:00+00:00,-1932384,5263.874
21401,2011-02-16T21:15:00+00:00,-1931484,5263.870
21401,2011-02-16T21:30:00+00:00,-1930584,5263.860
21401,2011-02-16T21:45:00+00:00,-1929684,5263.855
21401,2011-02-16T22:00:00+00:00,-1928784,5263.851
21401,2011-02-16T22:15:00+00:00,-1927884,5263.842
21401,2011-02-16T22:30:00+00:00,-1926984,5263.838
21401,2011-02-16T22:45:00+00:00,-1926084,5263.834
21401,2011-02-16T23:00:00+00:00,-1925184,5263.834
21401,2011-02-16T23:15:00+00:00,-1924284,5263.835
21401,2011-02-16T23:30:00+00:00,-1923384,5263.837
21401,2011-02-16T23:45:00+00:00,-1922484,5263.839
21401,2011-02-17T00:00:00+00:00,-1921584,5263.845
21401,2011-02-17T00:15:00+00:00,-1920684,5263.854
21401,2011-02-17T00:30:00+00:00,-1919784,5263.868
21401,2011-02-17T00:45:00+00:00,-1918884,5263.882
21401,2011-02-17T01:00:00+00:00,-1917984,5263.894
21401,2011-02-17T01:15:00+00:00,-1917084,5263.907
21401,2011-02-17T01:30:00+00:00,-1916184,5263.921
21401,2011-02-17T01:45:00+00:00,-1915284,5263.929
21401,2011-02-17T02:00:00+00:00,-1914384,5263.943
21401,2011-02-17T02:15:00+00:00,-1913484,5263.954
21401,2011-02-17T02:30:00+00:00,-1912584,5263.960
21401,2011-02-17T02:45:00+00:00,-1911684,5263.969
21401,2011-02-17T03:00:00+00:00,-1910784,5263.979
21401,2011-02-17T03:15:00+00:00,-1909884,5263.982
21401,2011-02-17T03:30:00+00:00,-1908984,5263.983
21401,2011-02-17T03:45:00+00:00,-1908084,5263.983
21401,2011-02-17T04:00:00+00:00,-1907184,5263.980
21401,2011-02-17T04:15:00+00:00,-1906284,5263.978
21401,2011-02-17T04:30:00+00:00,-1905384,5263.973
21401,2011-02-17T04:45:00+00:00,-1904484,5263.965
21401,2011-02-17T05:00:00+00:00,-1903584,5263.952
21401,2011-02-17T05:15:00+00:00,-1902684,5263.934
21401,2011-02-17T05:30:00+00:00,-1901784,5263.915
21401,2011-02-17T05:45:00+00:00,-1900884,5263.888
21401,2011-02-17T06:00:00+00:00,-1899984,5263.858
21401,2011-02-17T06:15:00+00:00,-1899084,5263.825
21401,2011-02-17T06:30:00+00:00,-1898184,5263.785
21401,2011-02-17T06:45:00+00:00,-1897284,5263.746
21401,2011-02-17T07:00:00+00:00,-1896384,5263.701
21401,2011-02-17T07:15:00+00:00,-1895484,5263.654
21401,2011-02-17T07:30:00+00:00,-1894584,5263.605
21401,2011-02-17T07:45:00+00:00,-1893684,5263.555
21401,2011-02-17T08:00:00+00:00,-1892784,5263.505
21401,2011-02-17T08:15:00+00:00,-1891884,5263.451
21401,2011-02-17T08:30:00+00:00,-1890984,5263.400
21401,2011-02-17T08:45:00+00:00,-1890084,5263.350
21401,2011-02-17T09:00:00+00:00,-1889184,5263.295
21401,2011-02-17T09:15:00+00:00,-1888284,5263.246
21401,2011-02-17T09:30:00+00:00,-1887384,5263.201
21401,2011-02-17T09:45:00+00:00,-1886484,5263.159
21401,2011-02-17T10:00:00+00:00,-1885584,5263.121
21401,2011-02-17T10:15:00+00:00,-1884684,5263.087
21401,2011-02-17T10:30:00+00:00,-1883784,5263.057
21401,2011-02-17T10:45:00+00:00,-1882884,5263.034
21401,2011-02-17T11:00:00+00:00,-1881984,5263.016
21401,2011-02-17T11:15:00+00:00,-1881084,5263.004
21401,2011-02-17T11:30:00+00:00,-1880184,5262.997
21401,2011-02-17T11:45:00+00:00,-1879284,5262.997
21401,2011-02-17T12:00:00+00:00,-1878384,5262.996
21401,2011-02-17T12:15:00+00:00,-1877484,5263.005
21401,2011-02-17T12:30:00+00:00,-1876584,5263.019
21401,2011-02-17T12:45:00+00:00,-1875684,5263.037
21401,2011-02-17T13:00:00+00:00,-1874784,5263.061
21401,2011-02-17T13:15:00+00:00,-1873884,5263.089
21401,2011-02-17T13:30:00+00:00,-1872984,5263.123
21401,2011-02-17T13:45:00+00:00,-1872084,5263.162
21401,2011-02-17T14:00:00+00:00,-1871184,5263.205
21401,2011-02-17T14:15:00+00:00,-1870284,5263.249
21401,2011-02-17T14:30:00+00:00,-1869384,5263.296
21401,2011-02-17T14:45:00+00:00,-1868484,5263.343
21401,2011-02-17T15:00:00+00:00,-1867584,5263.392
21401,2011-02-17T15:15:00+00:00,-1866684,5263.439
21401,2011-02-17T15:30:00+00:00,-1865784,5263.489
21401,2011-02-17T15:45:00+00:00,-1864884,5263.539
21401,2011-02-17T16:00:00+00:00,-1863984,5263.585
21401,2011-02-17T16:15:00+00:00,-1863084,5263.627
21401,2011-02-17T16:30:00+00:00,-1862184,5263.669
21401,2011-02-17T16:45:00+00:00,-1861284,5263.709
21401,2011-02-17T17:00:00+00:00,-1860384,5263.747
21401,2011-02-17T17:15:00+00:00,-1859484,5263.780
21401,2011-02-17T17:30:00+00:00,-1858584,5263.810
21401,2011-02-17T17:45:00+00:00,-1857684,5263.834
21401,2011-02-17T18:00:00+00:00,-1856784,5263.854
21401,2011-02-17T18:15:00+00:00,-1855884,5263.869
21401,2011-02-17T18:30:00+00:00,-1854984,5263.882
21401,2011-02-17T18:45:00+00:00,-1854084,5263.889
21401,2011-02-17T19:00:00+00:00,-1853184,5263.895
21401,2011-02-17T19:15:00+00:00,-1852284,5263.895
21401,2011-02-17T19:30:00+00:00,-1851384,5263.891
21401,2011-02-17T19:45:00+00:00,-1850484,5263.885
21401,2011-02-17T20:00:00+00:00,-1849584,5263.873
21401,2011-02-17T20:15:00+00:00,-1848684,5263.865
21401,2011-02-17T20:30:00+00:00,-1847784,5263.851
21401,2011-02-17T20:45:00+00:00,-1846884,5263.838
21401,2011-02-17T21:00:00+00:00,-1845984,5263.825
21401,2011-02-17T21:15:00+00:00,-1845084,5263.808
21401,2011-02-17T21:30:00+00:00,-1844184,5263.794
21401,2011-02-17T21:45:00+00:00,-1843284,5263.779
21401,2011-02-17T22:00:00+00:00,-1842384,5263.765
21401,2011-02-17T22:15:00+00:00,-1841484,5263.749
21401,2011-02-17T22:30:00+00:00,-1840584,5263.737
21401,2011-02-17T22:45:00+00:00,-1839684,5263.728
21401,2011-02-17T23:00:00+00:00,-1838784,5263.721
21401,2011-02-17T23:15:00+00:00,-1837884,5263.714
21401,2011-02-17T23:30:00+00:00,-1836984,5263.712
21401,2011-02-17T23:45:00+00:00,-1836084,5263.710
21401,2011-02-18T00:00:00+00:00,-1835184,5263.715
21401,2011-02-18T00:15:00+00:00,-1834284,5263.722
21401,2011-02-18T00:30:00+00:00,-1833384,5263.733
21401,2011-02-18T00:45:00+00:00,-1832484,5263.745
21401,2011-02-18T01:00:00+00:00,-1831584,5263.762
21401,2011-02-18T01:15:00+00:00,-1830684,5263.777
21401,2011-02-18T01:30:00+00:00,-1829784,5263.794
21401,2011-02-18T01:45:00+00:00,-1828884,5263.812
21401,2011-02-18T02:00:00+00:00,-1827984,5263.830
21401,2011-02-18T02:15:00+00:00,-1827084,5263.849
21401,2011-02-18T02:30:00+00:00,-1826184,5263.870
21401,2011-02-18T02:45:00+00:00,-1825284,5263.893
21401,2011-02-18T03:00:00+00:00,-1824384,5263.912
21401,2011-02-18T03:15:00+00:00,-1823484,5263.931
21401,2011-02-18T03:30:00+00:00,-1822584,5263.954
21401,2011-02-18T03:45:00+00:00,-1821684,5263.969
21401,2011-02-18T04:00:00+00:00,-1820784,5263.985
21401,2011-02-18T04:15:00+00:00,-1819884,5263.998
21401,2011-02-18T04:30:00+00:00,-1818984,5264.012
21401,2011-02-18T04:45:00+00:00,-1818084,5264.017
21401,2011-02-18T05:00:00+00:00,-1817184,5264.020
21401,2011-02-18T05:15:00+00:00,-1816284,5264.019
21401,2011-02-18T05:30:00+00:00,-1815384,5264.017
21401,2011-02-18T05:45:00+00:00,-1814484,5264.010
21401,2011-02-18T06:00:00+00:00,-1813584,5263.993
21401,2011-02-18T06:15:00+00:00,-1812684,5263.975
21401,2011-02-18T06:30:00+00:00,-1811784,5263.951
21401,2011-02-18T06:45:00+00:00,-1810884,5263.922
21401,2011-02-18T07:00:00+00:00,-1809984,5263.886
21401,2011-02-18T07:15:00+00:00,-1809084,5263.847
21401,2011-02-18T07:30:00+00:00,-1808184,5263.802
21401,2011-02-18T07:45:00+00:00,-1807284,5263.755
21401,2011-02-18T08:00:00+00:00,-1806384,5263.706
21401,2011-02-18T08:15:00+00:00,-1805484,5263.655
21401,2011-02-18T08:30:00+00:00,-1804584,5263.600
21401,2011-02-18T08:45:00+00:00,-1803684,5263.546
21401,2011-02-18T09:00:00+00:00,-1802784,5263.495
21401,2011-02-18T09:15:00+00:00,-1801884,5263.437
21401,2011-02-18T09:30:00+00:00,-1800984,5263.384
21401,2011-02-18T09:45:00+00:00,-1800084,5263.329
21401,2011-02-18T10:00:00+00:00,-1799184,5263.279
21401,2011-02-18T10:15:00+00:00,-1798284,5263.233
21401,2011-02-18T10:30:00+00:00,-1797384,5263.186
21401,2011-02-18T10:45:00+00:00,-1796484,5263.148
21401,2011-02-18T11:00:00+00:00,-1795584,5263.114
21401,2011-02-18T11:15:00+00:00,-1794684,5263.082
21401,2011-02-18T11:30:00+00:00,-1793784,5263.056
21401,2011-02-18T11:45:00+00:00,-1792884,5263.039
21401,2011-02-18T12:00:00+00:00,-1791984,5263.025
21401,2011-02-18T12:15:00+00:00,-1791084,5263.016
21401,2011-02-18T12:30:00+00:00,-1790184,5263.010
21401,2011-02-18T12:45:00+00:00,-1789284,5263.015
21401,2011-02-18T13:00:00+00:00,-1788384,5263.024
21401,2011-02-18T13:15:00+00:00,-1787484,5263.040
21401,2011-02-18T13:30:00+00:00,-1786584,5263.063
21401,2011-02-18T13:45:00+00:00,-1785684,5263.092
21401,2011-02-18T14:00:00+00:00,-1784784,5263.129
21401,2011-02-18T14:15:00+00:00,-1783884,5263.170
21401,2011-02-18T14:30:00+00:00,-1782984,5263.213
21401,2011-02-18T14:45:00+00:00,-1782084,5263.261
21401,2011-02-18T15:00:00+00:00,-1781184,5263.309
21401,2011-02-18T15:15:00+00:00,-1780284,5263.359
21401,2011-02-18T15:30:00+00:00,-1779384,5263.412
21401,2011-02-18T15:45:00+00:00,-1778484,5263.463
21401,2011-02-18T16:00:00+00:00,-1777584,5263.514
21401,2011-02-18T16:15:00+00:00,-1776684,5263.560
21401,2011-02-18T16:30:00+00:00,-1775784,5263.608
21401,2011-02-18T16:45:00+00:00,-1774884,5263.652
21401,2011-02-18T17:00:00+00:00,-1773984,5263.694
21401,2011-02-18T17:15:00+00:00,-1773084,5263.730
21401,2011-02-18T17:30:00+00:00,-1772184,5263.767
21401,2011-02-18T17:45:00+00:00,-1771284,5263.798
21401,2011-02-18T18:00:00+00:00,-1770384,5263.822
21401,2011-02-18T18:15:00+00:00,-1769484,5263.842
21401,2011-02-18T18:30:00+00:00,-1768584,5263.857
21401,2011-02-18T18:45:00+00:00,-1767684,5263.871
21401,2011-02-18T19:00:00+00:00,-1766784,5263.878
21401,2011-02-18T19:15:00+00:00,-1765884,5263.881
21401,2011-02-18T19:30:00+00:00,-1764984,5263.878
21401,2011-02-18T19:45:00+00:00,-1764084,5263.872
21401,2011-02-18T20:00:00+00:00,-1763184,5263.859
21401,2011-02-18T20:15:00+00:00,-1762284,5263.846
21401,2011-02-18T20:30:00+00:00,-1761384,5263.827
21401,2011-02-18T20:45:00+00:00,-1760484,5263.807
21401,2011-02-18T21:00:00+00:00,-1759584,5263.786
21401,2011-02-18T21:15:00+00:00,-1758684,5263.763
21401,2011-02-18T21:30:00+00:00,-1757784,5263.739
21401,2011-02-18T21:45:00+00:00,-1756884,5263.713
21401,2011-02-18T22:00:00+00:00,-1755984,5263.687
21401,2011-02-18T22:15:00+00:00,-1755084,5263.665
21401,2011-02-18T22:30:00+00:00,-1754184,5263.641
21401,2011-02-18T22:45:00+00:00,-1753284,5263.620
21401,2011-02-18T23:00:00+00:00,-1752384,5263.603
21401,2011-02-18T23:15:00+00:00,-1751484,5263.587
21401,2011-02-18T23:30:00+00:00,-1750584,5263.574
21401,2011-02-18T23:45:00+00:00,-1749684,5263.565
21401,2011-02-19T00:00:00+00:00,-1748784,5263.559
21401,2011-02-19T00:15:00+00:00,-1747884,5263.559
21401,2011-02-19T00:30:00+00:00,-1746984,5263.564
21401,2011-02-19T00:45:00+00:00,-1746084,5263.570
21401,2011-02-19T01:00:00+00:00,-1745184,5263.582
21401,2011-02-19T01:15:00+00:00,-1744284,5263.592
21401,2011-02-19T01:30:00+00:00,-1743384,5263.610
21401,2011-02-19T01:45:00+00:00,-1742484,5263.625
21401,2011-02-19T02:00:00+00:00,-1741584,5263.645
21401,2011-02-19T02:15:00+00:00,-1740684,5263.669
21401,2011-02-19T02:30:00+00:00,-1739784,5263.696
21401,2011-02-19T02:45:00+00:00,-1738884,5263.727
21401,2011-02-19T03:00:00+00:00,-1737984,5263.756
21401,2011-02-19T03:15:00+00:00,-1737084,5263.786
21401,2011-02-19T03:30:00+00:00,-1736184,5263.819
21401,2011-02-19T03:45:00+00:00,-1735284,5263.850
21401,2011-02-19T04:00:00+00:00,-1734384,5263.881
21401,2011-02-19T04:15:00+00:00,-1733484,5263.912
21401,2011-02-19T04:30:00+00:00,-1732584,5263.940
21401,2011-02-19T04:45:00+00:00,-1731684,5263.966
21401,2011-02-19T05:00:00+00:00,-1730784,5263.989
21401,2011-02-19T05:15:00+00:00,-1729884,5264.008
21401,2011-02-19T05:30:00+00:00,-1728984,5264.021
21401,2011-02-19T05:45:00+00:00,-1728084,5264.029
21401,2011-02-19T06:00:00+00:00,-1727184,5264.032
21401,2011-02-19T06:15:00+00:00,-1726284,5264.033
21401,2011-02-19T06:30:00+00:00,-1725384,5264.028
21401,2011-02-19T06:45:00+00:00,-1724484,5264.016
21401,2011-02-19T07:00:00+00:00,-1723584,5263.997
21401,2011-02-19T07:15:00+00:00,-1722684,5263.974
21401,2011-02-19T07:30:00+00:00,-1721784,5263.946
21401,2011-02-19T07:45:00+00:00,-1720884,5263.917
21401,2011-02-19T08:00:00+00:00,-1719984,5263.881
21401,2011-02-19T08:15:00+00:00,-1719084,5263.840
21401,2011-02-19T08:30:00+00:00,-1718184,5263.794
21401,2011-02-19T08:45:00+00:00,-1717284,5263.745
21401,2011-02-19T09:00:00+00:00,-1716384,5263.692
21401,2011-02-19T09:15:00+00:00,-1715484,5263.635
21401,2011-02-19T09:30:00+00:00,-1714584,5263.578
21401,2011-02-19T09:45:00+00:00,-1713684,5263.523
21401,2011-02-19T10:00:00+00:00,-1712784,5263.468
21401,2011-02-19T10:15:00+00:00,-1711884,5263.418
21401,2011-02-19T10:30:00+00:00,-1710984,5263.366
21401,2011-02-19T10:45:00+00:00,-1710084,5263.320
21401,2011-02-19T11:00:00+00:00,-1709184,5263.278
21401,2011-02-19T11:15:00+00:00,-1708284,5263.239
21401,2011-02-19T11:30:00+00:00,-1707384,5263.202
21401,2011-02-19T11:45:00+00:00,-1706484,5263.170
21401,2011-02-19T12:00:00+00:00,-1705584,5263.142
21401,2011-02-19T12:15:00+00:00,-1704684,5263.121
21401,2011-02-19T12:30:00+00:00,-1703784,5263.104
21401,2011-02-19T12:45:00+00:00,-1702884,5263.093
21401,2011-02-19T13:00:00+00:00,-1701984,5263.088
21401,2011-02-19T13:15:00+00:00,-1701084,5263.090
21401,2011-02-19T13:30:00+00:00,-1700184,5263.099
21401,2011-02-19T13:45:00+00:00,-1699284,5263.118
21401,2011-02-19T14:00:00+00:00,-1698384,5263.140
21401,2011-02-19T14:15:00+00:00,-1697484,5263.169
21401,2011-02-19T14:30:00+00:00,-1696584,5263.201
21401,2011-02-19T14:45:00+00:00,-1695684,5263.240
21401,2011-02-19T15:00:00+00:00,-1694784,5263.285
21401,2011-02-19T15:15:00+00:00,-1693884,5263.336
21401,2011-02-19T15:30:00+00:00,-1692984,5263.388
21401,2011-02-19T15:45:00+00:00,-1692084,5263.441
21401,2011-02-19T16:00:00+00:00,-1691184,5263.494
21401,2011-02-19T16:15:00+00:00,-1690284,5263.545
21401,2011-02-19T16:30:00+00:00,-1689384,5263.594
21401,2011-02-19T16:45:00+00:00,-1688484,5263.643
21401,2011-02-19T17:00:00+00:00,-1687584,5263.689
21401,2011-02-19T17:15:00+00:00,-1686684,5263.733
21401,2011-02-19T17:30:00+00:00,-1685784,5263.773
21401,2011-02-19T17:45:00+00:00,-1684884,5263.809
21401,2011-02-19T18:00:00+00:00,-1683984,5263.842
21401,2011-02-19T18:15:00+00:00,-1683084,5263.866
21401,2011-02-19T18:30:00+00:00,-1682184,5263.890
21401,2011-02-19T18:45:00+00:00,-1681284,5263.906
21401,2011-02-19T19:00:00+00:00,-1680384,5263.918
21401,2011-02-19T19:15:00+00:00,-1679484,5263.925
21401,2011-02-19T19:30:00+00:00,-1678584,5263.922
21401,2011-02-19T19:45:00+00:00,-1677684,5263.915
21401,2011-02-19T20:00:00+00:00,-1676784,5263.903
21401,2011-02-19T20:15:00+00:00,-1675884,5263.886
21401,2011-02-19T20:30:00+00:00,-1674984,5263.865
21401,2011-02-19T20:45:00+00:00,-1674084,5263.843
21401,2011-02-19T21:00:00+00:00,-1673184,5263.816
21401,2011-02-19T21:15:00+00:00,-1672284,5263.787
21401,2011-02-19T21:30:00+00:00,-1671384,5263.753
21401,2011-02-19T21:45:00+00:00,-1670484,5263.722
21401,2011-02-19T22:00:00+00:00,-1669584,5263.684
21401,2011-02-19T22:15:00+00:00,-1668684,5263.647
21401,2011-02-19T22:30:00+00:00,-1667784,5263.613
21401,2011-02-19T22:45:00+00:00,-1666884,5263.575
21401,2011-02-19T23:00:00+00:00,-1665984,5263.542
21401,2011-02-19T23:15:00+00:00,-1665084,5263.516
21401,2011-02-19T23:30:00+00:00,-1664184,5263.488
21401,2011-02-19T23:45:00+00:00,-1663284,5263.464
21401,2011-02-20T00:00:00+00:00,-1662384,5263.443
21401,2011-02-20T00:15:00+00:00,-1661484,5263.428
21401,2011-02-20T00:30:00+00:00,-1660584,5263.423
21401,2011-02-20T00:45:00+00:00,-1659684,5263.415
21401,2011-02-20T01:00:00+00:00,-1658784,5263.416
21401,2011-02-20T01:15:00+00:00,-1657884,5263.418
21401,2011-02-20T01:30:00+00:00,-1656984,5263.424
21401,2011-02-20T01:45:00+00:00,-1656084,5263.434
21401,2011-02-20T02:00:00+00:00,-1655184,5263.448
21401,2011-02-20T02:15:00+00:00,-1654284,5263.466
21401,2011-02-20T02:30:00+00:00,-1653384,5263.489
21401,2011-02-20T02:45:00+00:00,-1652484,5263.517
21401,2011-02-20T03:00:00+00:00,-1651584,5263.550
21401,2011-02-20T03:15:00+00:00,-1650684,5263.585
21401,2011-02-20T03:30:00+00:00,-1649784,5263.623
21401,2011-02-20T03:45:00+00:00,-1648884,5263.661
21401,2011-02-20T04:00:00+00:00,-1647984,5263.703
21401,2011-02-20T04:15:00+00:00,-1647084,5263.743
21401,2011-02-20T04:30:00+00:00,-1646184,5263.789
21401,2011-02-20T04:45:00+00:00,-1645284,5263.829
21401,2011-02-20T05:00:00+00:00,-1644384,5263.873
21401,2011-02-20T05:15:00+00:00,-1643484,5263.907
21401,2011-02-20T05:30:00+00:00,-1642584,5263.942
21401,2011-02-20T05:45:00+00:00,-1641684,5263.970
21401,2011-02-20T06:00:00+00:00,-1640784,5263.993
21401,2011-02-20T06:15:00+00:00,-1639884,5264.014
21401,2011-02-20T06:30:00+00:00,-1638984,5264.027
21401,2011-02-20T06:45:00+00:00,-1638084,5264.036
21401,2011-02-20T07:00:00+00:00,-1637184,5264.038
21401,2011-02-20T07:15:00+00:00,-1636284,5264.035
21401,2011-02-20T07:30:00+00:00,-1635384,5264.027
21401,2011-02-20T07:45:00+00:00,-1634484,5264.014
21401,2011-02-20T08:00:00+00:00,-1633584,5263.999
21401,2011-02-20T08:15:00+00:00,-1632684,5263.975
21401,2011-02-20T08:30:00+00:00,-1631784,5263.949
21401,2011-02-20T08:45:00+00:00,-1630884,5263.916
21401,2011-02-20T09:00:00+00:00,-1629984,5263.875
21401,2011-02-20T09:15:00+00:00,-1629084,5263.835
21401,2011-02-20T09:30:00+00:00,-1628184,5263.789
21401,2011-02-20T09:45:00+00:00,-1627284,5263.740
21401,2011-02-20T10:00:00+00:00,-1626384,5263.693
21401,2011-02-20T10:15:00+00:00,-1625484,5263.642
21401,2011-02-20T10:30:00+00:00,-1624584,5263.595
21401,2011-02-20T10:45:00+00:00,-1623684,5263.547
21401,2011-02-20T11:00:00+00:00,-1622784,5263.502
21401,2011-02-20T11:15:00+00:00,-1621884,5263.461
21401,2011-02-20T11:30:00+00:00,-1620984,5263.421
21401,2011-02-20T11:45:00+00:00,-1620084,5263.385
21401,2011-02-20T12:00:00+00:00,-1619184,5263.352
21401,2011-02-20T12:15:00+00:00,-1618284,5263.322
21401,2011-02-20T12:30:00+00:00,-1617384,5263.298
21401,2011-02-20T12:45:00+00:00,-1616484,5263.278
21401,2011-02-20T13:00:00+00:00,-1615584,5263.264
21401,2011-02-20T13:15:00+00:00,-1614684,5263.254
21401,2011-02-20T13:30:00+00:00,-1613784,5263.250
21401,2011-02-20T13:45:00+00:00,-1612884,5263.252
21401,2011-02-20T14:00:00+00:00,-1611984,5263.261
21401,2011-02-20T14:15:00+00:00,-1611084,5263.277
21401,2011-02-20T14:30:00+00:00,-1610184,5263.298
21401,2011-02-20T14:45:00+00:00,-1609284,5263.326
21401,2011-02-20T15:00:00+00:00,-1608384,5263.355
21401,2011-02-20T15:15:00+00:00,-1607484,5263.390
21401,2011-02-20T15:30:00+00:00,-1606584,5263.432
21401,2011-02-20T15:45:00+00:00,-1605684,5263.476
21401,2011-02-20T16:00:00+00:00,-1604784,5263.522
21401,2011-02-20T16:15:00+00:00,-1603884,5263.570
21401,2011-02-20T16:30:00+00:00,-1602984,5263.621
21401,2011-02-20T16:45:00+00:00,-1602084,5263.673
21401,2011-02-20T17:00:00+00:00,-1601184,5263.719
21401,2011-02-20T17:15:00+00:00,-1600284,5263.764
21401,2011-02-20T17:30:00+00:00,-1599384,5263.806
21401,2011-02-20T17:45:00+00:00,-1598484,5263.847
21401,2011-02-20T18:00:00+00:00,-1597584,5263.882
21401,2011-02-20T18:15:00+00:00,-1596684,5263.907
21401,2011-02-20T18:30:00+00:00,-1595784,5263.931
21401,2011-02-20T18:45:00+00:00,-1594884,5263.954
21401,2011-02-20T19:00:00+00:00,-1593984,5263.967
21401,2011-02-20T19:15:00+00:00,-1593084,5263.975
21401,2011-02-20T19:30:00+00:00,-1592184,5263.980
21401,2011-02-20T19:45:00+00:00,-1591284,5263.978
21401,2011-02-20T20:00:00+00:00,-1590384,5263.970
21401,2011-02-20T20:15:00+00:00,-1589484,5263.958
21401,2011-02-20T20:30:00+00:00,-1588584,5263.939
21401,2011-02-20T20:45:00+00:00,-1587684,5263.917
21401,2011-02-20T21:00:00+00:00,-1586784,5263.889
21401,2011-02-20T21:15:00+00:00,-1585884,5263.854
21401,2011-02-20T21:30:00+00:00,-1584984,5263.821
21401,2011-02-20T21:45:00+00:00,-1584084,5263.781
21401,2011-02-20T22:00:00+00:00,-1583184,5263.736
21401,2011-02-20T22:15:00+00:00,-1582284,5263.693
21401,2011-02-20T22:30:00+00:00,-1581384,5263.646
21401,2011-02-20T22:45:00+00:00,-1580484,5263.600
21401,2011-02-20T23:00:00+00:00,-1579584,5263.554
21401,2011-02-20T23:15:00+00:00,-1578684,5263.508
21401,2011-02-20T23:30:00+00:00,-1577784,5263.467
21401,2011-02-20T23:45:00+00:00,-1576884,5263.429
21401,2011-02-21T00:00:00+00:00,-1575984,5263.396
21401,2011-02-21T00:15:00+00:00,-1575084,5263.366
21401,2011-02-21T00:30:00+00:00,-1574184,5263.342
21401,2011-02-21T00:45:00+00:00,-1573284,5263.322
21401,2011-02-21T01:00:00+00:00,-1572384,5263.307
21401,2011-02-21T01:15:00+00:00,-1571484,5263.296
21401,2011-02-21T01:30:00+00:00,-1570584,5263.289
21401,2011-02-21T01:45:00+00:00,-1569684,5263.283
21401,2011-02-21T02:00:00+00:00,-1568784,5263.284
21401,2011-02-21T02:15:00+00:00,-1567884,5263.290
21401,2011-02-21T02:30:00+00:00,-1566984,5263.300
21401,2011-02-21T02:45:00+00:00,-1566084,5263.317
21401,2011-02-21T03:00:00+00:00,-1565184,5263.340
21401,2011-02-21T03:15:00+00:00,-1564284,5263.368
21401,2011-02-21T03:30:00+00:00,-1563384,5263.399
21401,2011-02-21T03:45:00+00:00,-1562484,5263.436
21401,2011-02-21T04:00:00+00:00,-1561584,5263.472
21401,2011-02-21T04:15:00+00:00,-1560684,5263.513
21401,2011-02-21T04:30:00+00:00,-1559784,5263.559
21401,2011-02-21T04:45:00+00:00,-1558884,5263.604
21401,2011-02-21T05:00:00+00:00,-1557984,5263.651
21401,2011-02-21T05:15:00+00:00,-1557084,5263.697
21401,2011-02-21T05:30:00+00:00,-1556184,5263.740
21401,2011-02-21T05:45:00+00:00,-1555284,5263.782
21401,2011-02-21T06:00:00+00:00,-1554384,5263.820
21401,2011-02-21T06:15:00+00:00,-1553484,5263.856
21401,2011-02-21T06:30:00+00:00,-1552584,5263.884
21401,2011-02-21T06:45:00+00:00,-1551684,5263.913
21401,2011-02-21T07:00:00+00:00,-1550784,5263.932
21401,2011-02-21T07:15:00+00:00,-1549884,5263.949
21401,2011-02-21T07:30:00+00:00,-1548984,5263.961
21401,2011-02-21T07:45:00+00:00,-1548084,5263.968
21401,2011-02-21T08:00:00+00:00,-1547184,5263.969
21401,2011-02-21T08:15:00+00:00,-1546284,5263.965
21401,2011-02-21T08:30:00+00:00,-1545384,5263.958
21401,2011-02-21T08:45:00+00:00,-1544484,5263.944
21401,2011-02-21T09:00:00+00:00,-1543584,5263.923
21401,2011-02-21T09:15:00+00:00,-1542684,5263.899
21401,2011-02-21T09:30:00+00:00,-1541784,5263.869
21401,2011-02-21T09:45:00+00:00,-1540884,5263.836
21401,2011-02-21T10:00:00+00:00,-1539984,5263.799
21401,2011-02-21T10:15:00+00:00,-1539084,5263.760
21401,2011-02-21T10:30:00+00:00,-1538184,5263.720
21401,2011-02-21T10:45:00+00:00,-1537284,5263.680
21401,2011-02-21T11:00:00+00:00,-1536384,5263.638
21401,2011-02-21T11:15:00+00:00,-1535484,5263.597
21401,2011-02-21T11:30:00+00:00,-1534584,5263.560
21401,2011-02-21T11:45:00+00:00,-1533684,5263.525
21401,2011-02-21T12:00:00+00:00,-1532784,5263.491
21401,2011-02-21T12:15:00+00:00,-1531884,5263.461
21401,2011-02-21T12:30:00+00:00,-1530984,5263.433
21401,2011-02-21T12:45:00+00:00,-1530084,5263.409
21401,2011-02-21T13:00:00+00:00,-1529184,5263.390
21401,2011-02-21T13:15:00+00:00,-1528284,5263.375
21401,2011-02-21T13:30:00+00:00,-1527384,5263.369
21401,2011-02-21T13:45:00+00:00,-1526484,5263.366
21401,2011-02-21T14:00:00+00:00,-1525584,5263.368
21401,2011-02-21T14:15:00+00:00,-1524684,5263.374
21401,2011-02-21T14:30:00+00:00,-1523784,5263.386
21401,2011-02-21T14:45:00+00:00,-1522884,5263.401
21401,2011-02-21T15:00:00+00:00,-1521984,5263.424
21401,2011-02-21T15:15:00+00:00,-1521084,5263.454
21401,2011-02-21T15:30:00+00:00,-1520184,5263.487
21401,2011-02-21T15:45:00+00:00,-1519284,5263.523
21401,2011-02-21T16:00:00+00:00,-1518384,5263.561
21401,2011-02-21T16:15:00+00:00,-1517484,5263.602
21401,2011-02-21T16:30:00+00:00,-1516584,5263.646
21401,2011-02-21T16:45:00+00:00,-1515684,5263.692
21401,2011-02-21T17:00:00+00:00,-1514784,5263.737
21401,2011-02-21T17:15:00+00:00,-1513884,5263.783
21401,2011-02-21T17:30:00+00:00,-1512984,5263.828
21401,2011-02-21T17:45:00+00:00,-1512084,5263.872
21401,2011-02-21T18:00:00+00:00,-1511184,5263.912
21401,2011-02-21T18:15:00+00:00,-1510284,5263.949
21401,2011-02-21T18:30:00+00:00,-1509384,5263.979
21401,2011-02-21T18:45:00+00:00,-1508484,5264.007
21401,2011-02-21T19:00:00+00:00,-1507584,5264.030
21401,2011-02-21T19:15:00+00:00,-1506684,5264.046
21401,2011-02-21T19:30:00+00:00,-1505784,5264.056
21401,2011-02-21T19:45:00+00:00,-1504884,5264.062
21401,2011-02-21T20:00:00+00:00,-1503984,5264.059
21401,2011-02-21T20:15:00+00:00,-1503084,5264.052
21401,2011-02-21T20:30:00+00:00,-1502184,5264.037
21401,2011-02-21T20:45:00+00:00,-1501284,5264.020
21401,2011-02-21T21:00:00+00:00,-1500384,5263.998
21401,2011-02-21T21:15:00+00:00,-1499484,5263.970
21401,2011-02-21T21:30:00+00:00,-1498584,5263.935
21401,2011-02-21T21:45:00+00:00,-1497684,5263.898
21401,2011-02-21T22:00:00+00:00,-1496784,5263.856
21401,2011-02-21T22:15:00+00:00,-1495884,5263.808
21401,2011-02-21T22:30:00+00:00,-1494984,5263.758
21401,2011-02-21T22:45:00+00:00,-1494084,5263.704
21401,2011-02-21T23:00:00+00:00,-1493184,5263.650
21401,2011-02-21T23:15:00+00:00,-1492284,5263.594
21401,2011-02-21T23:30:00+00:00,-1491384,5263.539
21401,2011-02-21T23:45:00+00:00,-1490484,5263.490
21401,2011-02-22T00:00:00+00:00,-1489584,5263.442
21401,2011-02-22T00:15:00+00:00,-1488684,5263.399
21401,2011-02-22T00:30:00+00:00,-1487784,5263.360
21401,2011-02-22T00:45:00+00:00,-1486884,5263.325
21401,2011-02-22T01:00:00+00:00,-1485984,5263.292
21401,2011-02-22T01:15:00+00:00,-1485084,5263.266
21401,2011-02-22T01:30:00+00:00,-1484184,5263.241
21401,2011-02-22T01:45:00+00:00,-1483284,5263.219
21401,2011-02-22T02:00:00+00:00,-1482384,5263.201
21401,2011-02-22T02:15:00+00:00,-1481484,5263.193
21401,2011-02-22T02:30:00+00:00,-1480584,5263.189
21401,2011-02-22T02:45:00+00:00,-1479684,5263.192
21401,2011-02-22T03:00:00+00:00,-1478784,5263.199
21401,2011-02-22T03:15:00+00:00,-1477884,5263.213
21401,2011-02-22T03:30:00+00:00,-1476984,5263.232
21401,2011-02-22T03:45:00+00:00,-1476084,5263.255
21401,2011-02-22T04:00:00+00:00,-1475184,5263.284
21401,2011-02-22T04:15:00+00:00,-1474284,5263.317
21401,2011-02-22T04:30:00+00:00,-1473384,5263.355
21401,2011-02-22T04:45:00+00:00,-1472484,5263.398
21401,2011-02-22T05:00:00+00:00,-1471584,5263.444
21401,2011-02-22T05:15:00+00:00,-1470684,5263.491
21401,2011-02-22T05:30:00+00:00,-1469784,5263.536
21401,2011-02-22T05:45:00+00:00,-1468884,5263.582
21401,2011-02-22T06:00:00+00:00,-1467984,5263.627
21401,2011-02-22T06:15:00+00:00,-1467084,5263.672
21401,2011-02-22T06:30:00+00:00,-1466184,5263.712
21401,2011-02-22T06:45:00+00:00,-1465284,5263.751
21401,2011-02-22T07:00:00+00:00,-1464384,5263.785
21401,2011-02-22T07:15:00+00:00,-1463484,5263.812
21401,2011-02-22T07:30:00+00:00,-1462584,5263.838
21401,2011-02-22T07:45:00+00:00,-1461684,5263.858
21401,2011-02-22T08:00:00+00:00,-1460784,5263.874
21401,2011-02-22T08:15:00+00:00,-1459884,5263.888
21401,2011-02-22T08:30:00+00:00,-1458984,5263.894
21401,2011-02-22T08:45:00+00:00,-1458084,5263.895
21401,2011-02-22T09:00:00+00:00,-1457184,5263.894
21401,2011-02-22T09:15:00+00:00,-1456284,5263.886
21401,2011-02-22T09:30:00+00:00,-1455384,5263.872
21401,2011-02-22T09:45:00+00:00,-1454484,5263.856
21401,2011-02-22T10:00:00+00:00,-1453584,5263.836
21401,2011-02-22T10:15:00+00:00,-1452684,5263.813
21401,2011-02-22T10:30:00+00:00,-1451784,5263.789
21401,2011-02-22T10:45:00+00:00,-1450884,5263.764
21401,2011-02-22T11:00:00+00:00,-1449984,5263.735
21401,2011-02-22T11:15:00+00:00,-1449084,5263.707
21401,2011-02-22T11:30:00+00:00,-1448184,5263.679
21401,2011-02-22T11:45:00+00:00,-1447284,5263.648
21401,2011-02-22T12:00:00+00:00,-1446384,5263.619
21401,2011-02-22T12:15:00+00:00,-1445484,5263.592
21401,2011-02-22T12:30:00+00:00,-1444584,5263.567
21401,2011-02-22T12:45:00+00:00,-1443684,5263.542
21401,2011-02-22T13:00:00+00:00,-1442784,5263.522
21401,2011-02-22T13:15:00+00:00,-1441884,5263.504
21401,2011-02-22T13:30:00+00:00,-1440984,5263.494
21401,2011-02-22T13:45:00+00:00,-1440084,5263.487
21401,2011-02-22T14:00:00+00:00,-1439184,5263.485
21401,2011-02-22T14:15:00+00:00,-1438284,5263.484
21401,2011-02-22T14:30:00+00:00,-1437384,5263.487
21401,2011-02-22T14:45:00+00:00,-1436484,5263.495
21401,2011-02-22T15:00:00+00:00,-1435584,5263.508
21401,2011-02-22T15:15:00+00:00,-1434684,5263.526
21401,2011-02-22T15:30:00+00:00,-1433784,5263.549
21401,2011-02-22T15:45:00+00:00,-1432884,5263.575
21401,2011-02-22T16:00:00+00:00,-1431984,5263.606
21401,2011-02-22T16:15:00+00:00,-1431084,5263.639
21401,2011-02-22T16:30:00+00:00,-1430184,5263.674
21401,2011-02-22T16:45:00+00:00,-1429284,5263.713
21401,2011-02-22T17:00:00+00:00,-1428384,5263.752
21401,2011-02-22T17:15:00+00:00,-1427484,5263.794
21401,2011-02-22T17:30:00+00:00,-1426584,5263.836
21401,2011-02-22T17:45:00+00:00,-1425684,5263.876
21401,2011-02-22T18:00:00+00:00,-1424784,5263.916
21401,2011-02-22T18:15:00+00:00,-1423884,5263.955
21401,2011-02-22T18:30:00+00:00,-1422984,5263.991
21401,2011-02-22T18:45:00+00:00,-1422084,5264.022
21401,2011-02-22T19:00:00+00:00,-1421184,5264.051
21401,2011-02-22T19:15:00+00:00,-1420284,5264.075
21401,2011-02-22T19:30:00+00:00,-1419384,5264.091
21401,2011-02-22T19:45:00+00:00,-1418484,5264.105
21401,2011-02-22T20:00:00+00:00,-1417584,5264.110
21401,2011-02-22T20:15:00+00:00,-1416684,5264.113
21401,2011-02-22T20:30:00+00:00,-1415784,5264.107
21401,2011-02-22T20:45:00+00:00,-1414884,5264.096
21401,2011-02-22T21:00:00+00:00,-1413984,5264.081
21401,2011-02-22T21:15:00+00:00,-1413084,5264.062
21401,2011-02-22T21:30:00+00:00,-1412184,5264.035
21401,2011-02-22T21:45:00+00:00,-1411284,5264.003
21401,2011-02-22T22:00:00+00:00,-1410384,5263.966
21401,2011-02-22T22:15:00+00:00,-1409484,5263.924
21401,2011-02-22T22:30:00+00:00,-1408584,5263.877
21401,2011-02-22T22:45:00+00:00,-1407684,5263.828
21401,2011-02-22T23:00:00+00:00,-1406784,5263.775
21401,2011-02-22T23:15:00+00:00,-1405884,5263.722
21401,2011-02-22T23:30:00+00:00,-1404984,5263.667
21401,2011-02-22T23:45:00+00:00,-1404084,5263.611
21401,2011-02-23T00:00:00+00:00,-1403184,5263.557
21401,2011-02-23T00:15:00+00:00,-1402284,5263.503
21401,2011-02-23T00:30:00+00:00,-1401384,5263.456
21401,2011-02-23T00:45:00+00:00,-1400484,5263.408
21401,2011-02-23T01:00:00+00:00,-1399584,5263.366
21401,2011-02-23T01:15:00+00:00,-1398684,5263.325
21401,2011-02-23T01:30:00+00:00,-1397784,5263.288
21401,2011-02-23T01:45:00+00:00,-1396884,5263.252
21401,2011-02-23T02:00:00+00:00,-1395984,5263.223
21401,2011-02-23T02:15:00+00:00,-1395084,5263.198
21401,2011-02-23T02:30:00+00:00,-1394184,5263.179
21401,2011-02-23T02:45:00+00:00,-1393284,5263.166
21401,2011-02-23T03:00:00+00:00,-1392384,5263.158
21401,2011-02-23T03:15:00+00:00,-1391484,5263.157
21401,2011-02-23T03:30:00+00:00,-1390584,5263.160
21401,2011-02-23T03:45:00+00:00,-1389684,5263.167
21401,2011-02-23T04:00:00+00:00,-1388784,5263.182
21401,2011-02-23T04:15:00+00:00,-1387884,5263.202
21401,2011-02-23T04:30:00+00:00,-1386984,5263.227
21401,2011-02-23T04:45:00+00:00,-1386084,5263.258
21401,2011-02-23T05:00:00+00:00,-1385184,5263.289
21401,2011-02-23T05:15:00+00:00,-1384284,5263.326
21401,2011-02-23T05:30:00+00:00,-1383384,5263.363
21401,2011-02-23T05:45:00+00:00,-1382484,5263.405
21401,2011-02-23T06:00:00+00:00,-1381584,5263.446
21401,2011-02-23T06:15:00+00:00,-1380684,5263.488
21401,2011-02-23T06:30:00+00:00,-1379784,5263.531
21401,2011-02-23T06:45:00+00:00,-1378884,5263.572
21401,2011-02-23T07:00:00+00:00,-1377984,5263.610
21401,2011-02-23T07:15:00+00:00,-1377084,5263.647
21401,2011-02-23T07:30:00+00:00,-1376184,5263.679
21401,2011-02-23T07:45:00+00:00,-1375284,5263.711
21401,2011-02-23T08:00:00+00:00,-1374384,5263.740
21401,2011-02-23T08:15:00+00:00,-1373484,5263.761
21401,2011-02-23T08:30:00+00:00,-1372584,5263.783
21401,2011-02-23T08:45:00+00:00,-1371684,5263.799
21401,2011-02-23T09:00:00+00:00,-1370784,5263.809
21401,2011-02-23T09:15:00+00:00,-1369884,5263.817
21401,2011-02-23T09:30:00+00:00,-1368984,5263.821
21401,2011-02-23T09:45:00+00:00,-1368084,5263.822
21401,2011-02-23T10:00:00+00:00,-1367184,5263.818
21401,2011-02-23T10:15:00+00:00,-1366284,5263.812
21401,2011-02-23T10:30:00+00:00,-1365384,5263.806
21401,2011-02-23T10:45:00+00:00,-1364484,5263.793
21401,2011-02-23T11:00:00+00:00,-1363584,5263.779
21401,2011-02-23T11:15:00+00:00,-1362684,5263.766
21401,2011-02-23T11:30:00+00:00,-1361784,5263.748
21401,2011-02-23T11:45:00+00:00,-1360884,5263.731
21401,2011-02-23T12:00:00+00:00,-1359984,5263.711
21401,2011-02-23T12:15:00+00:00,-1359084,5263.696
21401,2011-02-23T12:30:00+00:00,-1358184,5263.676
21401,2011-02-23T12:45:00+00:00,-1357284,5263.659
21401,2011-02-23T13:00:00+00:00,-1356384,5263.640
21401,2011-02-23T13:15:00+00:00,-1355484,5263.627
21401,2011-02-23T13:30:00+00:00,-1354584,5263.619
21401,2011-02-23T13:45:00+00:00,-1353684,5263.612
21401,2011-02-23T14:00:00+00:00,-1352784,5263.609
21401,2011-02-23T14:15:00+00:00,-1351884,5263.609
21401,2011-02-23T14:30:00+00:00,-1350984,5263.609
21401,2011-02-23T14:45:00+00:00,-1350084,5263.616
21401,2011-02-23T15:00:00+00:00,-1349184,5263.626
21401,2011-02-23T15:15:00+00:00,-1348284,5263.640
21401,2011-02-23T15:30:00+00:00,-1347384,5263.658
21401,2011-02-23T15:45:00+00:00,-1346484,5263.677
21401,2011-02-23T16:00:00+00:00,-1345584,5263.698
21401,2011-02-23T16:15:00+00:00,-1344684,5263.720
21401,2011-02-23T16:30:00+00:00,-1343784,5263.745
21401,2011-02-23T16:45:00+00:00,-1342884,5263.777
21401,2011-02-23T17:00:00+00:00,-1341984,5263.808
21401,2011-02-23T17:15:00+00:00,-1341084,5263.839
21401,2011-02-23T17:30:00+00:00,-1340184,5263.875
21401,2011-02-23T17:45:00+00:00,-1339284,5263.912
21401,2011-02-23T18:00:00+00:00,-1338384,5263.948
21401,2011-02-23T18:15:00+00:00,-1337484,5263.984
21401,2011-02-23T18:30:00+00:00,-1336584,5264.017
21401,2011-02-23T18:45:00+00:00,-1335684,5264.050
21401,2011-02-23T19:00:00+00:00,-1334784,5264.079
21401,2011-02-23T19:15:00+00:00,-1333884,5264.107
21401,2011-02-23T19:30:00+00:00,-1332984,5264.135
21401,2011-02-23T19:45:00+00:00,-1332084,5264.153
21401,2011-02-23T20:00:00+00:00,-1331184,5264.170
21401,2011-02-23T20:15:00+00:00,-1330284,5264.180
21401,2011-02-23T20:30:00+00:00,-1329384,5264.186
21401,2011-02-23T20:45:00+00:00,-1328484,5264.184
21401,2011-02-23T21:00:00+00:00,-1327584,5264.181
21401,2011-02-23T21:15:00+00:00,-1326684,5264.172
21401,2011-02-23T21:30:00+00:00,-1325784,5264.157
21401,2011-02-23T21:45:00+00:00,-1324884,5264.136
21401,2011-02-23T22:00:00+00:00,-1323984,5264.108
21401,2011-02-23T22:15:00+00:00,-1323084,5264.074
21401,2011-02-23T22:30:00+00:00,-1322184,5264.041
21401,2011-02-23T22:45:00+00:00,-1321284,5263.998
21401,2011-02-23T23:00:00+00:00,-1320384,5263.953
21401,2011-02-23T23:15:00+00:00,-1319484,5263.904
21401,2011-02-23T23:30:00+00:00,-1318584,5263.855
21401,2011-02-23T23:45:00+00:00,-1317684,5263.805
21401,2011-02-24T00:00:00+00:00,-1316784,5263.752
21401,2011-02-24T00:15:00+00:00,-1315884,5263.699
21401,2011-02-24T00:30:00+00:00,-1314984,5263.646
21401,2011-02-24T00:45:00+00:00,-1314084,5263.592
21401,2011-02-24T01:00:00+00:00,-1313184,5263.538
21401,2011-02-24T01:15:00+00:00,-1312284,5263.488
21401,2011-02-24T01:30:00+00:00,-1311384,5263.440
21401,2011-02-24T01:45:00+00:00,-1310484,5263.396
21401,2011-02-24T02:00:00+00:00,-1309584,5263.350
21401,2011-02-24T02:15:00+00:00,-1308684,5263.310
21401,2011-02-24T02:30:00+00:00,-1307784,5263.279
21401,2011-02-24T02:45:00+00:00,-1306884,5263.248
21401,2011-02-24T03:00:00+00:00,-1305984,5263.224
21401,2011-02-24T03:15:00+00:00,-1305084,5263.204
21401,2011-02-24T03:30:00+00:00,-1304184,5263.190
21401,2011-02-24T03:45:00+00:00,-1303284,5263.178
21401,2011-02-24T04:00:00+00:00,-1302384,5263.176
21401,2011-02-24T04:15:00+00:00,-1301484,5263.178
21401,2011-02-24T04:30:00+00:00,-1300584,5263.184
21401,2011-02-24T04:45:00+00:00,-1299684,5263.196
21401,2011-02-24T05:00:00+00:00,-1298784,5263.214
21401,2011-02-24T05:15:00+00:00,-1297884,5263.233
21401,2011-02-24T05:30:00+00:00,-1296984,5263.255
21401,2011-02-24T05:45:00+00:00,-1296084,5263.279
21401,2011-02-24T06:00:00+00:00,-1295184,5263.308
21401,2011-02-24T06:15:00+00:00,-1294284,5263.339
21401,2011-02-24T06:30:00+00:00,-1293384,5263.370
21401,2011-02-24T06:45:00+00:00,-1292484,5263.402
21401,2011-02-24T07:00:00+00:00,-1291584,5263.438
21401,2011-02-24T07:15:00+00:00,-1290684,5263.473
21401,2011-02-24T07:30:00+00:00,-1289784,5263.510
21401,2011-02-24T07:45:00+00:00,-1288884,5263.542
21401,2011-02-24T08:00:00+00:00,-1287984,5263.573
21401,2011-02-24T08:15:00+00:00,-1287084,5263.604
21401,2011-02-24T08:30:00+00:00,-1286184,5263.632
21401,2011-02-24T08:45:00+00:00,-1285284,5263.657
21401,2011-02-24T09:00:00+00:00,-1284384,5263.676
21401,2011-02-24T09:15:00+00:00,-1283484,5263.695
21401,2011-02-24T09:30:00+00:00,-1282584,5263.714
21401,2011-02-24T09:45:00+00:00,-1281684,5263.727
21401,2011-02-24T10:00:00+00:00,-1280784,5263.739
21401,2011-02-24T10:15:00+00:00,-1279884,5263.747
21401,2011-02-24T10:30:00+00:00,-1278984,5263.751
21401,2011-02-24T10:45:00+00:00,-1278084,5263.757
21401,2011-02-24T11:00:00+00:00,-1277184,5263.756
21401,2011-02-24T11:15:00+00:00,-1276284,5263.752
21401,2011-02-24T11:30:00+00:00,-1275384,5263.749
21401,2011-02-24T11:45:00+00:00,-1274484,5263.744
21401,2011-02-24T12:00:00+00:00,-1273584,5263.737
21401,2011-02-24T12:15:00+00:00,-1272684,5263.730
21401,2011-02-24T12:30:00+00:00,-1271784,5263.721
21401,2011-02-24T12:45:00+00:00,-1270884,5263.711
21401,2011-02-24T13:00:00+00:00,-1269984,5263.702
21401,2011-02-24T13:15:00+00:00,-1269084,5263.695
21401,2011-02-24T13:30:00+00:00,-1268184,5263.689
21401,2011-02-24T13:45:00+00:00,-1267284,5263.686
21401,2011-02-24T14:00:00+00:00,-1266384,5263.683
21401,2011-02-24T14:15:00+00:00,-1265484,5263.684
21401,2011-02-24T14:30:00+00:00,-1264584,5263.687
21401,2011-02-24T14:45:00+00:00,-1263684,5263.692
21401,2011-02-24T15:00:00+00:00,-1262784,5263.698
21401,2011-02-24T15:15:00+00:00,-1261884,5263.706
21401,2011-02-24T15:30:00+00:00,-1260984,5263.719
21401,2011-02-24T15:45:00+00:00,-1260084,5263.731
21401,2011-02-24T16:00:00+00:00,-1259184,5263.748
21401,2011-02-24T16:15:00+00:00,-1258284,5263.765
21401,2011-02-24T16:30:00+00:00,-1257384,5263.786
21401,2011-02-24T16:45:00+00:00,-1256484,5263.805
21401,2011-02-24T17:00:00+00:00,-1255584,5263.829
21401,2011-02-24T17:15:00+00:00,-1254684,5263.853
21401,2011-02-24T17:30:00+00:00,-1253784,5263.881
21401,2011-02-24T17:45:00+00:00,-1252884,5263.911
21401,2011-02-24T18:00:00+00:00,-1251984,5263.940
21401,2011-02-24T18:15:00+00:00,-1251084,5263.970
21401,2011-02-24T18:30:00+00:00,-1250184,5264.000
21401,2011-02-24T18:45:00+00:00,-1249284,5264.030
21401,2011-02-24T19:00:00+00:00,-1248384,5264.061
21401,2011-02-24T19:15:00+00:00,-1247484,5264.091
21401,2011-02-24T19:30:00+00:00,-1246584,5264.120
21401,2011-02-24T19:45:00+00:00,-1245684,5264.147
21401,2011-02-24T20:00:00+00:00,-1244784,5264.168
21401,2011-02-24T20:15:00+00:00,-1243884,5264.186
21401,2011-02-24T20:30:00+00:00,-1242984,5264.203
21401,2011-02-24T20:45:00+00:00,-1242084,5264.214
21401,2011-02-24T21:00:00+00:00,-1241184,5264.223
21401,2011-02-24T21:15:00+00:00,-1240284,5264.224
21401,2011-02-24T21:30:00+00:00,-1239384,5264.219
21401,2011-02-24T21:45:00+00:00,-1238484,5264.212
21401,2011-02-24T22:00:00+00:00,-1237584,5264.198
21401,2011-02-24T22:15:00+00:00,-1236684,5264.179
21401,2011-02-24T22:30:00+00:00,-1235784,5264.156
21401,2011-02-24T22:45:00+00:00,-1234884,5264.127
21401,2011-02-24T23:00:00+00:00,-1233984,5264.097
21401,2011-02-24T23:15:00+00:00,-1233084,5264.062
21401,2011-02-24T23:30:00+00:00,-1232184,5264.022
21401,2011-02-24T23:45:00+00:00,-1231284,5263.982
21401,2011-02-25T00:00:00+00:00,-1230384,5263.939
21401,2011-02-25T00:15:00+00:00,-1229484,5263.895
21401,2011-02-25T00:30:00+00:00,-1228584,5263.847
21401,2011-02-25T00:45:00+00:00,-1227684,5263.799
21401,2011-02-25T01:00:00+00:00,-1226784,5263.749
21401,2011-02-25T01:15:00+00:00,-1225884,5263.699
21401,2011-02-25T01:30:00+00:00,-1224984,5263.650
21401,2011-02-25T01:45:00+00:00,-1224084,5263.602
21401,2011-02-25T02:00:00+00:00,-1223184,5263.556
21401,2011-02-25T02:15:00+00:00,-1222284,5263.509
21401,2011-02-25T02:30:00+00:00,-1221384,5263.465
21401,2011-02-25T02:45:00+00:00,-1220484,5263.423
21401,2011-02-25T03:00:00+00:00,-1219584,5263.386
21401,2011-02-25T03:15:00+00:00,-1218684,5263.351
21401,2011-02-25T03:30:00+00:00,-1217784,5263.324
21401,2011-02-25T03:45:00+00:00,-1216884,5263.298
21401,2011-02-25T04:00:00+00:00,-1215984,5263.278
21401,2011-02-25T04:15:00+00:00,-1215084,5263.263
21401,2011-02-25T04:30:00+00:00,-1214184,5263.253
21401,2011-02-25T04:45:00+00:00,-1213284,5263.244
21401,2011-02-25T05:00:00+00:00,-1212384,5263.243
21401,2011-02-25T05:15:00+00:00,-1211484,5263.246
21401,2011-02-25T05:30:00+00:00,-1210584,5263.247
21401,2011-02-25T05:45:00+00:00,-1209684,5263.256
21401,2011-02-25T06:00:00+00:00,-1208784,5263.266
21401,2011-02-25T06:15:00+00:00,-1207884,5263.281
21401,2011-02-25T06:30:00+00:00,-1206984,5263.301
21401,2011-02-25T06:45:00+00:00,-1206084,5263.320
21401,2011-02-25T07:00:00+00:00,-1205184,5263.344
21401,2011-02-25T07:15:00+00:00,-1204284,5263.366
21401,2011-02-25T07:30:00+00:00,-1203384,5263.392
21401,2011-02-25T07:45:00+00:00,-1202484,5263.419
21401,2011-02-25T08:00:00+00:00,-1201584,5263.446
21401,2011-02-25T08:15:00+00:00,-1200684,5263.474
21401,2011-02-25T08:30:00+00:00,-1199784,5263.502
21401,2011-02-25T08:45:00+00:00,-1198884,5263.528
21401,2011-02-25T09:00:00+00:00,-1197984,5263.554
21401,2011-02-25T09:15:00+00:00,-1197084,5263.577
21401,2011-02-25T09:30:00+00:00,-1196184,5263.599
21401,2011-02-25T09:45:00+00:00,-1195284,5263.619
21401,2011-02-25T10:00:00+00:00,-1194384,5263.637
21401,2011-02-25T10:15:00+00:00,-1193484,5263.654
21401,2011-02-25T10:30:00+00:00,-1192584,5263.668
21401,2011-02-25T10:45:00+00:00,-1191684,5263.684
21401,2011-02-25T11:00:00+00:00,-1190784,5263.697
21401,2011-02-25T11:15:00+00:00,-1189884,5263.708
21401,2011-02-25T11:30:00+00:00,-1188984,5263.718
21401,2011-02-25T11:45:00+00:00,-1188084,5263.723
21401,2011-02-25T12:00:00+00:00,-1187184,5263.730
21401,2011-02-25T12:15:00+00:00,-1186284,5263.733
21401,2011-02-25T12:30:00+00:00,-1185384,5263.734
21401,2011-02-25T12:45:00+00:00,-1184484,5263.737
21401,2011-02-25T13:00:00+00:00,-1183584,5263.739
21401,2011-02-25T13:15:00+00:00,-1182684,5263.741
21401,2011-02-25T13:30:00+00:00,-1181784,5263.742
21401,2011-02-25T13:45:00+00:00,-1180884,5263.745
21401,2011-02-25T14:00:00+00:00,-1179984,5263.748
21401,2011-02-25T14:15:00+00:00,-1179084,5263.753
21401,2011-02-25T14:30:00+00:00,-1178184,5263.760
21401,2011-02-25T14:45:00+00:00,-1177284,5263.767
21401,2011-02-25T15:00:00+00:00,-1176384,5263.774
21401,2011-02-25T15:15:00+00:00,-1175484,5263.780
21401,2011-02-25T15:30:00+00:00,-1174584,5263.791
21401,2011-02-25T15:45:00+00:00,-1173684,5263.801
21401,2011-02-25T16:00:00+00:00,-1172784,5263.811
21401,2011-02-25T16:15:00+00:00,-1171884,5263.824
21401,2011-02-25T16:30:00+00:00,-1170984,5263.837
21401,2011-02-25T16:45:00+00:00,-1170084,5263.855
21401,2011-02-25T17:00:00+00:00,-1169184,5263.871
21401,2011-02-25T17:15:00+00:00,-1168284,5263.887
21401,2011-02-25T17:30:00+00:00,-1167384,5263.906
21401,2011-02-25T17:45:00+00:00,-1166484,5263.930
21401,2011-02-25T18:00:00+00:00,-1165584,5263.950
21401,2011-02-25T18:15:00+00:00,-1164684,5263.971
21401,2011-02-25T18:30:00+00:00,-1163784,5263.989
21401,2011-02-25T18:45:00+00:00,-1162884,5264.013
21401,2011-02-25T19:00:00+00:00,-1161984,5264.036
21401,2011-02-25T19:15:00+00:00,-1161084,5264.061
21401,2011-02-25T19:30:00+00:00,-1160184,5264.084
21401,2011-02-25T19:45:00+00:00,-1159284,5264.105
21401,2011-02-25T20:00:00+00:00,-1158384,5264.123
21401,2011-02-25T20:15:00+00:00,-1157484,5264.142
21401,2011-02-25T20:30:00+00:00,-1156584,5264.154
21401,2011-02-25T20:45:00+00:00,-1155684,5264.172
21401,2011-02-25T21:00:00+00:00,-1154784,5264.186
21401,2011-02-25T21:15:00+00:00,-1153884,5264.195
21401,2011-02-25T21:30:00+00:00,-1152984,5264.199
21401,2011-02-25T21:45:00+00:00,-1152084,5264.199
21401,2011-02-25T22:00:00+00:00,-1151184,5264.194
21401,2011-02-25T22:15:00+00:00,-1150284,5264.187
21401,2011-02-25T22:30:00+00:00,-1149384,5264.176
21401,2011-02-25T22:45:00+00:00,-1148484,5264.160
21401,2011-02-25T23:00:00+00:00,-1147584,5264.143
21401,2011-02-25T23:15:00+00:00,-1146684,5264.119
21401,2011-02-25T23:30:00+00:00,-1145784,5264.094
21401,2011-02-25T23:45:00+00:00,-1144884,5264.063
21401,2011-02-26T00:00:00+00:00,-1143984,5264.028
21401,2011-02-26T00:15:00+00:00,-1143084,5263.995
21401,2011-02-26T00:30:00+00:00,-1142184,5263.959
21401,2011-02-26T00:45:00+00:00,-1141284,5263.920
21401,2011-02-26T01:00:00+00:00,-1140384,5263.882
21401,2011-02-26T01:15:00+00:00,-1139484,5263.840
21401,2011-02-26T01:30:00+00:00,-1138584,5263.795
21401,2011-02-26T01:45:00+00:00,-1137684,5263.750
21401,2011-02-26T02:00:00+00:00,-1136784,5263.705
21401,2011-02-26T02:15:00+00:00,-1135884,5263.659
21401,2011-02-26T02:30:00+00:00,-1134984,5263.615
21401,2011-02-26T02:45:00+00:00,-1134084,5263.574
21401,2011-02-26T03:00:00+00:00,-1133184,5263.530
21401,2011-02-26T03:15:00+00:00,-1132284,5263.489
21401,2011-02-26T03:30:00+00:00,-1131384,5263.452
21401,2011-02-26T03:45:00+00:00,-1130484,5263.417
21401,2011-02-26T04:00:00+00:00,-1129584,5263.386
21401,2011-02-26T04:15:00+00:00,-1128684,5263.357
21401,2011-02-26T04:30:00+00:00,-1127784,5263.330
21401,2011-02-26T04:45:00+00:00,-1126884,5263.309
21401,2011-02-26T05:00:00+00:00,-1125984,5263.291
21401,2011-02-26T05:15:00+00:00,-1125084,5263.277
21401,2011-02-26T05:30:00+00:00,-1124184,5263.265
21401,2011-02-26T05:45:00+00:00,-1123284,5263.255
21401,2011-02-26T06:00:00+00:00,-1122384,5263.250
21401,2011-02-26T06:15:00+00:00,-1121484,5263.247
21401,2011-02-26T06:30:00+00:00,-1120584,5263.247
21401,2011-02-26T06:45:00+00:00,-1119684,5263.250
21401,2011-02-26T07:00:00+00:00,-1118784,5263.256
21401,2011-02-26T07:15:00+00:00,-1117884,5263.264
21401,2011-02-26T07:30:00+00:00,-1116984,5263.275
21401,2011-02-26T07:45:00+00:00,-1116084,5263.288
21401,2011-02-26T08:00:00+00:00,-1115184,5263.307
21401,2011-02-26T08:15:00+00:00,-1114284,5263.324
21401,2011-02-26T08:30:00+00:00,-1113384,5263.341
21401,2011-02-26T08:45:00+00:00,-1112484,5263.363
21401,2011-02-26T09:00:00+00:00,-1111584,5263.379
21401,2011-02-26T09:15:00+00:00,-1110684,5263.402
21401,2011-02-26T09:30:00+00:00,-1109784,5263.422
21401,2011-02-26T09:45:00+00:00,-1108884,5263.441
21401,2011-02-26T10:00:00+00:00,-1107984,5263.462
21401,2011-02-26T10:15:00+00:00,-1107084,5263.481
21401,2011-02-26T10:30:00+00:00,-1106184,5263.501
21401,2011-02-26T10:45:00+00:00,-1105284,5263.519
21401,2011-02-26T11:00:00+00:00,-1104384,5263.539
21401,2011-02-26T11:15:00+00:00,-1103484,5263.558
21401,2011-02-26T11:30:00+00:00,-1102584,5263.576
21401,2011-02-26T11:45:00+00:00,-1101684,5263.589
21401,2011-02-26T12:00:00+00:00,-1100784,5263.604
21401,2011-02-26T12:15:00+00:00,-1099884,5263.619
21401,2011-02-26T12:30:00+00:00,-1098984,5263.630
21401,2011-02-26T12:45:00+00:00,-1098084,5263.640
21401,2011-02-26T13:00:00+00:00,-1097184,5263.649
21401,2011-02-26T13:15:00+00:00,-1096284,5263.659
21401,2011-02-26T13:30:00+00:00,-1095384,5263.668
21401,2011-02-26T13:45:00+00:00,-1094484,5263.674
21401,2011-02-26T14:00:00+00:00,-1093584,5263.685
21401,2011-02-26T14:15:00+00:00,-1092684,5263.695
21401,2011-02-26T14:30:00+00:00,-1091784,5263.704
21401,2011-02-26T14:45:00+00:00,-1090884,5263.713
21401,2011-02-26T15:00:00+00:00,-1089984,5263.722
21401,2011-02-26T15:15:00+00:00,-1089084,5263.732
21401,2011-02-26T15:30:00+00:00,-1088184,5263.742
21401,2011-02-26T15:45:00+00:00,-1087284,5263.753
21401,2011-02-26T16:00:00+00:00,-1086384,5263.763
21401,2011-02-26T16:15:00+00:00,-1085484,5263.773
21401,2011-02-26T16:30:00+00:00,-1084584,5263.786
21401,2011-02-26T16:45:00+00:00,-1083684,5263.795
21401,2011-02-26T17:00:00+00:00,-1082784,5263.808
21401,2011-02-26T17:15:00+00:00,-1081884,5263.821
21401,2011-02-26T17:30:00+00:00,-1080984,5263.834
21401,2011-02-26T17:45:00+00:00,-1080084,5263.850
21401,2011-02-26T18:00:00+00:00,-1079184,5263.862
21401,2011-02-26T18:15:00+00:00,-1078284,5263.879
21401,2011-02-26T18:30:00+00:00,-1077384,5263.893
21401,2011-02-26T18:45:00+00:00,-1076484,5263.908
21401,2011-02-26T19:00:00+00:00,-1075584,5263.924
21401,2011-02-26T19:15:00+00:00,-1074684,5263.942
21401,2011-02-26T19:30:00+00:00,-1073784,5263.959
21401,2011-02-26T19:45:00+00:00,-1072884,5263.974
21401,2011-02-26T20:00:00+00:00,-1071984,5263.990
21401,2011-02-26T20:15:00+00:00,-1071084,5264.005
21401,2011-02-26T20:30:00+00:00,-1070184,5264.022
21401,2011-02-26T20:45:00+00:00,-1069284,5264.039
21401,2011-02-26T21:00:00+00:00,-1068384,5264.050
21401,2011-02-26T21:15:00+00:00,-1067484,5264.063
21401,2011-02-26T21:30:00+00:00,-1066584,5264.071
21401,2011-02-26T21:45:00+00:00,-1065684,5264.081
21401,2011-02-26T22:00:00+00:00,-1064784,5264.085
21401,2011-02-26T22:15:00+00:00,-1063884,5264.088
21401,2011-02-26T22:30:00+00:00,-1062984,5264.086
21401,2011-02-26T22:45:00+00:00,-1062084,5264.082
21401,2011-02-26T23:00:00+00:00,-1061184,5264.077
21401,2011-02-26T23:15:00+00:00,-1060284,5264.066
21401,2011-02-26T23:30:00+00:00,-1059384,5264.055
21401,2011-02-26T23:45:00+00:00,-1058484,5264.041
21401,2011-02-27T00:00:00+00:00,-1057584,5264.025
21401,2011-02-27T00:15:00+00:00,-1056684,5264.008
21401,2011-02-27T00:30:00+00:00,-1055784,5263.985
21401,2011-02-27T00:45:00+00:00,-1054884,5263.960
21401,2011-02-27T01:00:00+00:00,-1053984,5263.936
21401,2011-02-27T01:15:00+00:00,-1053084,5263.905
21401,2011-02-27T01:30:00+00:00,-1052184,5263.872
21401,2011-02-27T01:45:00+00:00,-1051284,5263.838
21401,2011-02-27T02:00:00+00:00,-1050384,5263.801
21401,2011-02-27T02:15:00+00:00,-1049484,5263.762
21401,2011-02-27T02:30:00+00:00,-1048584,5263.722
21401,2011-02-27T02:45:00+00:00,-1047684,5263.685
21401,2011-02-27T03:00:00+00:00,-1046784,5263.646
21401,2011-02-27T03:15:00+00:00,-1045884,5263.608
21401,2011-02-27T03:30:00+00:00,-1044984,5263.572
21401,2011-02-27T03:45:00+00:00,-1044084,5263.537
21401,2011-02-27T04:00:00+00:00,-1043184,5263.501
21401,2011-02-27T04:15:00+00:00,-1042284,5263.467
21401,2011-02-27T04:30:00+00:00,-1041384,5263.432
21401,2011-02-27T04:45:00+00:00,-1040484,5263.402
21401,2011-02-27T05:00:00+00:00,-1039584,5263.369
21401,2011-02-27T05:15:00+00:00,-1038684,5263.342
21401,2011-02-27T05:30:00+00:00,-1037784,5263.316
21401,2011-02-27T05:45:00+00:00,-1036884,5263.295
21401,2011-02-27T06:00:00+00:00,-1035984,5263.276
21401,2011-02-27T06:15:00+00:00,-1035084,5263.256
21401,2011-02-27T06:30:00+00:00,-1034184,5263.242
21401,2011-02-27T06:45:00+00:00,-1033284,5263.229
21401,2011-02-27T07:00:00+00:00,-1032384,5263.219
21401,2011-02-27T07:15:00+00:00,-1031484,5263.214
21401,2011-02-27T07:30:00+00:00,-1030584,5263.210
21401,2011-02-27T07:45:00+00:00,-1029684,5263.211
21401,2011-02-27T08:00:00+00:00,-1028784,5263.215
21401,2011-02-27T08:15:00+00:00,-1027884,5263.220
21401,2011-02-27T08:30:00+00:00,-1026984,5263.226
21401,2011-02-27T08:45:00+00:00,-1026084,5263.235
21401,2011-02-27T09:00:00+00:00,-1025184,5263.244
21401,2011-02-27T09:15:00+00:00,-1024284,5263.255
21401,2011-02-27T09:30:00+00:00,-1023384,5263.269
21401,2011-02-27T09:45:00+00:00,-1022484,5263.282
21401,2011-02-27T10:00:00+00:00,-1021584,5263.301
21401,2011-02-27T10:15:00+00:00,-1020684,5263.318
21401,2011-02-27T10:30:00+00:00,-1019784,5263.338
21401,2011-02-27T10:45:00+00:00,-1018884,5263.360
21401,2011-02-27T11:00:00+00:00,-1017984,5263.382
21401,2011-02-27T11:15:00+00:00,-1017084,5263.406
21401,2011-02-27T11:30:00+00:00,-1016184,5263.428
21401,2011-02-27T11:45:00+00:00,-1015284,5263.449
21401,2011-02-27T12:00:00+00:00,-1014384,5263.473
21401,2011-02-27T12:15:00+00:00,-1013484,5263.491
21401,2011-02-27T12:30:00+00:00,-1012584,5263.513
21401,2011-02-27T12:45:00+00:00,-1011684,5263.532
21401,2011-02-27T13:00:00+00:00,-1010784,5263.551
21401,2011-02-27T13:15:00+00:00,-1009884,5263.573
21401,2011-02-27T13:30:00+00:00,-1008984,5263.592
21401,2011-02-27T13:45:00+00:00,-1008084,5263.612
21401,2011-02-27T14:00:00+00:00,-1007184,5263.632
21401,2011-02-27T14:15:00+00:00,-1006284,5263.652
21401,2011-02-27T14:30:00+00:00,-1005384,5263.671
21401,2011-02-27T14:45:00+00:00,-1004484,5263.691
21401,2011-02-27T15:00:00+00:00,-1003584,5263.708
21401,2011-02-27T15:15:00+00:00,-1002684,5263.725
21401,2011-02-27T15:30:00+00:00,-1001784,5263.742
21401,2011-02-27T15:45:00+00:00,-1000884,5263.752
21401,2011-02-27T16:00:00+00:00,-999984,5263.766
21401,2011-02-27T16:15:00+00:00,-999084,5263.775
21401,2011-02-27T16:30:00+00:00,-998184,5263.784
21401,2011-02-27T16:45:00+00:00,-997284,5263.793
21401,2011-02-27T17:00:00+00:00,-996384,5263.800
21401,2011-02-27T17:15:00+00:00,-995484,5263.810
21401,2011-02-27T17:30:00+00:00,-994584,5263.820
21401,2011-02-27T17:45:00+00:00,-993684,5263.828
21401,2011-02-27T18:00:00+00:00,-992784,5263.840
21401,2011-02-27T18:15:00+00:00,-991884,5263.847
21401,2011-02-27T18:30:00+00:00,-990984,5263.855
21401,2011-02-27T18:45:00+00:00,-990084,5263.863
21401,2011-02-27T19:00:00+00:00,-989184,5263.871
21401,2011-02-27T19:15:00+00:00,-988284,5263.879
21401,2011-02-27T19:30:00+00:00,-987384,5263.887
21401,2011-02-27T19:45:00+00:00,-986484,5263.897
21401,2011-02-27T20:00:00+00:00,-985584,5263.905
21401,2011-02-27T20:15:00+00:00,-984684,5263.914
21401,2011-02-27T20:30:00+00:00,-983784,5263.926
21401,2011-02-27T20:45:00+00:00,-982884,5263.937
21401,2011-02-27T21:00:00+00:00,-981984,5263.947
21401,2011-02-27T21:15:00+00:00,-981084,5263.959
21401,2011-02-27T21:30:00+00:00,-980184,5263.968
21401,2011-02-27T21:45:00+00:00,-979284,5263.977
21401,2011-02-27T22:00:00+00:00,-978384,5263.990
21401,2011-02-27T22:15:00+00:00,-977484,5263.998
21401,2011-02-27T22:30:00+00:00,-976584,5264.003
21401,2011-02-27T22:45:00+00:00,-975684,5264.007
21401,2011-02-27T23:00:00+00:00,-974784,5264.012
21401,2011-02-27T23:15:00+00:00,-973884,5264.014
21401,2011-02-27T23:30:00+00:00,-972984,5264.016
21401,2011-02-27T23:45:00+00:00,-972084,5264.017
21401,2011-02-28T00:00:00+00:00,-971184,5264.015
21401,2011-02-28T00:15:00+00:00,-970284,5264.011
21401,2011-02-28T00:30:00+00:00,-969384,5264.005
21401,2011-02-28T00:45:00+00:00,-968484,5263.997
21401,2011-02-28T01:00:00+00:00,-967584,5263.986
21401,2011-02-28T01:15:00+00:00,-966684,5263.972
21401,2011-02-28T01:30:00+00:00,-965784,5263.955
21401,2011-02-28T01:45:00+00:00,-964884,5263.937
21401,2011-02-28T02:00:00+00:00,-963984,5263.914
21401,2011-02-28T02:15:00+00:00,-963084,5263.891
21401,2011-02-28T02:30:00+00:00,-962184,5263.867
21401,2011-02-28T02:45:00+00:00,-961284,5263.840
21401,2011-02-28T03:00:00+00:00,-960384,5263.812
21401,2011-02-28T03:15:00+00:00,-959484,5263.780
21401,2011-02-28T03:30:00+00:00,-958584,5263.750
21401,2011-02-28T03:45:00+00:00,-957684,5263.719
21401,2011-02-28T04:00:00+00:00,-956784,5263.686
21401,2011-02-28T04:15:00+00:00,-955884,5263.654
21401,2011-02-28T04:30:00+00:00,-954984,5263.621
21401,2011-02-28T04:45:00+00:00,-954084,5263.590
21401,2011-02-28T05:00:00+00:00,-953184,5263.557
21401,2011-02-28T05:15:00+00:00,-952284,5263.524
21401,2011-02-28T05:30:00+00:00,-951384,5263.492
21401,2011-02-28T05:45:00+00:00,-950484,5263.461
21401,2011-02-28T06:00:00+00:00,-949584,5263.430
21401,2011-02-28T06:15:00+00:00,-948684,5263.396
21401,2011-02-28T06:30:00+00:00,-947784,5263.367
21401,2011-02-28T06:45:00+00:00,-946884,5263.343
21401,2011-02-28T07:00:00+00:00,-945984,5263.317
21401,2011-02-28T07:15:00+00:00,-945084,5263.295
21401,2011-02-28T07:30:00+00:00,-944184,5263.275
21401,2011-02-28T07:45:00+00:00,-943284,5263.259
21401,2011-02-28T08:00:00+00:00,-942384,5263.246
21401,2011-02-28T08:15:00+00:00,-941484,5263.235
21401,2011-02-28T08:30:00+00:00,-940584,5263.225
21401,2011-02-28T08:45:00+00:00,-939684,5263.215
21401,2011-02-28T09:00:00+00:00,-938784,5263.209
21401,2011-02-28T09:15:00+00:00,-937884,5263.206
21401,2011-02-28T09:30:00+00:00,-936984,5263.207
21401,2011-02-28T09:45:00+00:00,-936084,5263.212
21401,2011-02-28T10:00:00+00:00,-935184,5263.218
21401,2011-02-28T10:15:00+00:00,-934284,5263.230
21401,2011-02-28T10:30:00+00:00,-933384,5263.242
21401,2011-02-28T10:45:00+00:00,-932484,5263.256
21401,2011-02-28T11:00:00+00:00,-931584,5263.272
21401,2011-02-28T11:15:00+00:00,-930684,5263.295
21401,2011-02-28T11:30:00+00:00,-929784,5263.315
21401,2011-02-28T11:45:00+00:00,-928884,5263.338
21401,2011-02-28T12:00:00+00:00,-927984,5263.367
21401,2011-02-28T12:15:00+00:00,-927084,5263.392
21401,2011-02-28T12:30:00+00:00,-926184,5263.419
21401,2011-02-28T12:45:00+00:00,-925284,5263.448
21401,2011-02-28T13:00:00+00:00,-924384,5263.474
21401,2011-02-28T13:15:00+00:00,-923484,5263.502
21401,2011-02-28T13:30:00+00:00,-922584,5263.530
21401,2011-02-28T13:45:00+00:00,-921684,5263.557
21401,2011-02-28T14:00:00+00:00,-920784,5263.584
21401,2011-02-28T14:15:00+00:00,-919884,5263.614
21401,2011-02-28T14:30:00+00:00,-918984,5263.638
21401,2011-02-28T14:45:00+00:00,-918084,5263.664
21401,2011-02-28T15:00:00+00:00,-917184,5263.690
21401,2011-02-28T15:15:00+00:00,-916284,5263.714
21401,2011-02-28T15:30:00+00:00,-915384,5263.735
21401,2011-02-28T15:45:00+00:00,-914484,5263.754
21401,2011-02-28T16:00:00+00:00,-913584,5263.772
21401,2011-02-28T16:15:00+00:00,-912684,5263.786
21401,2011-02-28T16:30:00+00:00,-911784,5263.800
21401,2011-02-28T16:45:00+00:00,-910884,5263.810
21401,2011-02-28T17:00:00+00:00,-909984,5263.824
21401,2011-02-28T17:15:00+00:00,-909084,5263.834
21401,2011-02-28T17:30:00+00:00,-908184,5263.841
21401,2011-02-28T17:45:00+00:00,-907284,5263.845
21401,2011-02-28T18:00:00+00:00,-906384,5263.852
21401,2011-02-28T18:15:00+00:00,-905484,5263.854
21401,2011-02-28T18:30:00+00:00,-904584,5263.857
21401,2011-02-28T18:45:00+00:00,-903684,5263.855
21401,2011-02-28T19:00:00+00:00,-902784,5263.853
21401,2011-02-28T19:15:00+00:00,-901884,5263.856
21401,2011-02-28T19:30:00+00:00,-900984,5263.858
21401,2011-02-28T19:45:00+00:00,-900084,5263.857
21401,2011-02-28T20:00:00+00:00,-899184,5263.857
21401,2011-02-28T20:15:00+00:00,-898284,5263.861
21401,2011-02-28T20:30:00+00:00,-897384,5263.865
21401,2011-02-28T20:45:00+00:00,-896484,5263.867
21401,2011-02-28T21:00:00+00:00,-895584,5263.873
21401,2011-02-28T21:15:00+00:00,-894684,5263.876
21401,2011-02-28T21:30:00+00:00,-893784,5263.883
21401,2011-02-28T21:45:00+00:00,-892884,5263.887
21401,2011-02-28T22:00:00+00:00,-891984,5263.892
21401,2011-02-28T22:15:00+00:00,-891084,5263.897
21401,2011-02-28T22:30:00+00:00,-890184,5263.900
21401,2011-02-28T22:45:00+00:00,-889284,5263.908
21401,2011-02-28T23:00:00+00:00,-888384,5263.915
21401,2011-02-28T23:15:00+00:00,-887484,5263.920
21401,2011-02-28T23:30:00+00:00,-886584,5263.928
21401,2011-02-28T23:45:00+00:00,-885684,5263.934
21401,2011-03-01T00:00:00+00:00,-884784,5263.944
21401,2011-03-01T00:15:00+00:00,-883884,5263.947
21401,2011-03-01T00:30:00+00:00,-882984,5263.952
21401,2011-03-01T00:45:00+00:00,-882084,5263.960
21401,2011-03-01T01:00:00+00:00,-881184,5263.964
21401,2011-03-01T01:15:00+00:00,-880284,5263.966
21401,2011-03-01T01:30:00+00:00,-879384,5263.964
21401,2011-03-01T01:45:00+00:00,-878484,5263.963
21401,2011-03-01T02:00:00+00:00,-877584,5263.958
21401,2011-03-01T02:15:00+00:00,-876684,5263.951
21401,2011-03-01T02:30:00+00:00,-875784,5263.941
21401,2011-03-01T02:45:00+00:00,-874884,5263.928
21401,2011-03-01T03:00:00+00:00,-873984,5263.920
21401,2011-03-01T03:15:00+00:00,-873084,5263.901
21401,2011-03-01T03:30:00+00:00,-872184,5263.883
21401,2011-03-01T03:45:00+00:00,-871284,5263.866
21401,2011-03-01T04:00:00+00:00,-870384,5263.844
21401,2011-03-01T04:15:00+00:00,-869484,5263.822
21401,2011-03-01T04:30:00+00:00,-868584,5263.798
21401,2011-03-01T04:45:00+00:00,-867684,5263.774
21401,2011-03-01T05:00:00+00:00,-866784,5263.742
21401,2011-03-01T05:15:00+00:00,-865884,5263.711
21401,2011-03-01T05:30:00+00:00,-864984,5263.678
21401,2011-03-01T05:45:00+00:00,-864084,5263.646
21401,2011-03-01T06:00:00+00:00,-863184,5263.613
21401,2011-03-01T06:15:00+00:00,-862284,5263.577
21401,2011-03-01T06:30:00+00:00,-861384,5263.542
21401,2011-03-01T06:45:00+00:00,-860484,5263.504
21401,2011-03-01T07:00:00+00:00,-859584,5263.465
21401,2011-03-01T07:15:00+00:00,-858684,5263.432
21401,2011-03-01T07:30:00+00:00,-857784,5263.397
21401,2011-03-01T07:45:00+00:00,-856884,5263.366
21401,2011-03-01T08:00:00+00:00,-855984,5263.336
21401,2011-03-01T08:15:00+00:00,-855084,5263.310
21401,2011-03-01T08:30:00+00:00,-854184,5263.282
21401,2011-03-01T08:45:00+00:00,-853284,5263.264
21401,2011-03-01T09:00:00+00:00,-852384,5263.241
21401,2011-03-01T09:15:00+00:00,-851484,5263.226
21401,2011-03-01T09:30:00+00:00,-850584,5263.211
21401,2011-03-01T09:45:00+00:00,-849684,5263.202
21401,2011-03-01T10:00:00+00:00,-848784,5263.196
21401,2011-03-01T10:15:00+00:00,-847884,5263.196
21401,2011-03-01T10:30:00+00:00,-846984,5263.195
21401,2011-03-01T10:45:00+00:00,-846084,5263.201
21401,2011-03-01T11:00:00+00:00,-845184,5263.213
21401,2011-03-01T11:15:00+00:00,-844284,5263.221
21401,2011-03-01T11:30:00+00:00,-843384,5263.239
21401,2011-03-01T11:45:00+00:00,-842484,5263.257
21401,2011-03-01T12:00:00+00:00,-841584,5263.280
21401,2011-03-01T12:15:00+00:00,-840684,5263.300
21401,2011-03-01T12:30:00+00:00,-839784,5263.326
21401,2011-03-01T12:45:00+00:00,-838884,5263.354
21401,2011-03-01T13:00:00+00:00,-837984,5263.382
21401,2011-03-01T13:15:00+00:00,-837084,5263.411
21401,2011-03-01T13:30:00+00:00,-836184,5263.443
21401,2011-03-01T13:45:00+00:00,-835284,5263.474
21401,2011-03-01T14:00:00+00:00,-834384,5263.508
21401,2011-03-01T14:15:00+00:00,-833484,5263.543
21401,2011-03-01T14:30:00+00:00,-832584,5263.577
21401,2011-03-01T14:45:00+00:00,-831684,5263.609
21401,2011-03-01T15:00:00+00:00,-830784,5263.639
21401,2011-03-01T15:15:00+00:00,-829884,5263.667
21401,2011-03-01T15:30:00+00:00,-828984,5263.696
21401,2011-03-01T15:45:00+00:00,-828084,5263.723
21401,2011-03-01T16:00:00+00:00,-827184,5263.746
21401,2011-03-01T16:15:00+00:00,-826284,5263.764
21401,2011-03-01T16:30:00+00:00,-825384,5263.783
21401,2011-03-01T16:45:00+00:00,-824484,5263.797
21401,2011-03-01T17:00:00+00:00,-823584,5263.810
21401,2011-03-01T17:15:00+00:00,-822684,5263.819
21401,2011-03-01T17:30:00+00:00,-821784,5263.831
21401,2011-03-01T17:45:00+00:00,-820884,5263.837
21401,2011-03-01T18:00:00+00:00,-819984,5263.840
21401,2011-03-01T18:15:00+00:00,-819084,5263.841
21401,2011-03-01T18:30:00+00:00,-818184,5263.840
21401,2011-03-01T18:45:00+00:00,-817284,5263.840
21401,2011-03-01T19:00:00+00:00,-816384,5263.832
21401,2011-03-01T19:15:00+00:00,-815484,5263.827
21401,2011-03-01T19:30:00+00:00,-814584,5263.821
21401,2011-03-01T19:45:00+00:00,-813684,5263.812
21401,2011-03-01T20:00:00+00:00,-812784,5263.804
21401,2011-03-01T20:15:00+00:00,-811884,5263.794
21401,2011-03-01T20:30:00+00:00,-810984,5263.787
21401,2011-03-01T20:45:00+00:00,-810084,5263.781
21401,2011-03-01T21:00:00+00:00,-809184,5263.775
21401,2011-03-01T21:15:00+00:00,-808284,5263.771
21401,2011-03-01T21:30:00+00:00,-807384,5263.766
21401,2011-03-01T21:45:00+00:00,-806484,5263.763
21401,2011-03-01T22:00:00+00:00,-805584,5263.758
21401,2011-03-01T22:15:00+00:00,-804684,5263.757
21401,2011-03-01T22:30:00+00:00,-803784,5263.759
21401,2011-03-01T22:45:00+00:00,-802884,5263.760
21401,2011-03-01T23:00:00+00:00,-801984,5263.766
21401,2011-03-01T23:15:00+00:00,-801084,5263.771
21401,2011-03-01T23:30:00+00:00,-800184,5263.777
21401,2011-03-01T23:45:00+00:00,-799284,5263.784
21401,2011-03-02T00:00:00+00:00,-798384,5263.793
21401,2011-03-02T00:15:00+00:00,-797484,5263.805
21401,2011-03-02T00:30:00+00:00,-796584,5263.816
21401,2011-03-02T00:45:00+00:00,-795684,5263.829
21401,2011-03-02T01:00:00+00:00,-794784,5263.842
21401,2011-03-02T01:15:00+00:00,-793884,5263.856
21401,2011-03-02T01:30:00+00:00,-792984,5263.869
21401,2011-03-02T01:45:00+00:00,-792084,5263.880
21401,2011-03-02T02:00:00+00:00,-791184,5263.890
21401,2011-03-02T02:15:00+00:00,-790284,5263.895
21401,2011-03-02T02:30:00+00:00,-789384,5263.900
21401,2011-03-02T02:45:00+00:00,-788484,5263.904
21401,2011-03-02T03:00:00+00:00,-787584,5263.905
21401,2011-03-02T03:15:00+00:00,-786684,5263.902
21401,2011-03-02T03:30:00+00:00,-785784,5263.899
21401,2011-03-02T03:45:00+00:00,-784884,5263.892
21401,2011-03-02T04:00:00+00:00,-783984,5263.884
21401,2011-03-02T04:15:00+00:00,-783084,5263.876
21401,2011-03-02T04:30:00+00:00,-782184,5263.862
21401,2011-03-02T04:45:00+00:00,-781284,5263.847
21401,2011-03-02T05:00:00+00:00,-780384,5263.828
21401,2011-03-02T05:15:00+00:00,-779484,5263.804
21401,2011-03-02T05:30:00+00:00,-778584,5263.779
21401,2011-03-02T05:45:00+00:00,-777684,5263.754
21401,2011-03-02T06:00:00+00:00,-776784,5263.723
21401,2011-03-02T06:15:00+00:00,-775884,5263.693
21401,2011-03-02T06:30:00+00:00,-774984,5263.657
21401,2011-03-02T06:45:00+00:00,-774084,5263.620
21401,2011-03-02T07:00:00+00:00,-773184,5263.580
21401,2011-03-02T07:15:00+00:00,-772284,5263.539
21401,2011-03-02T07:30:00+00:00,-771384,5263.498
21401,2011-03-02T07:45:00+00:00,-770484,5263.459
21401,2011-03-02T08:00:00+00:00,-769584,5263.419
21401,2011-03-02T08:15:00+00:00,-768684,5263.382
21401,2011-03-02T08:30:00+00:00,-767784,5263.346
21401,2011-03-02T08:45:00+00:00,-766884,5263.312
21401,2011-03-02T09:00:00+00:00,-765984,5263.278
21401,2011-03-02T09:15:00+00:00,-765084,5263.248
21401,2011-03-02T09:30:00+00:00,-764184,5263.220
21401,2011-03-02T09:45:00+00:00,-763284,5263.197
21401,2011-03-02T10:00:00+00:00,-762384,5263.179
21401,2011-03-02T10:15:00+00:00,-761484,5263.161
21401,2011-03-02T10:30:00+00:00,-760584,5263.149
21401,2011-03-02T10:45:00+00:00,-759684,5263.145
21401,2011-03-02T11:00:00+00:00,-758784,5263.140
21401,2011-03-02T11:15:00+00:00,-757884,5263.143
21401,2011-03-02T11:30:00+00:00,-756984,5263.147
21401,2011-03-02T11:45:00+00:00,-756084,5263.157
21401,2011-03-02T12:00:00+00:00,-755184,5263.169
21401,2011-03-02T12:15:00+00:00,-754284,5263.186
21401,2011-03-02T12:30:00+00:00,-753384,5263.207
21401,2011-03-02T12:45:00+00:00,-752484,5263.230
21401,2011-03-02T13:00:00+00:00,-751584,5263.258
21401,2011-03-02T13:15:00+00:00,-750684,5263.288
21401,2011-03-02T13:30:00+00:00,-749784,5263.321
21401,2011-03-02T13:45:00+00:00,-748884,5263.355
21401,2011-03-02T14:00:00+00:00,-747984,5263.393
21401,2011-03-02T14:15:00+00:00,-747084,5263.429
21401,2011-03-02T14:30:00+00:00,-746184,5263.467
21401,2011-03-02T14:45:00+00:00,-745284,5263.508
21401,2011-03-02T15:00:00+00:00,-744384,5263.544
21401,2011-03-02T15:15:00+00:00,-743484,5263.581
21401,2011-03-02T15:30:00+00:00,-742584,5263.615
21401,2011-03-02T15:45:00+00:00,-741684,5263.647
21401,2011-03-02T16:00:00+00:00,-740784,5263.676
21401,2011-03-02T16:15:00+00:00,-739884,5263.703
21401,2011-03-02T16:30:00+00:00,-738984,5263.725
21401,2011-03-02T16:45:00+00:00,-738084,5263.748
21401,2011-03-02T17:00:00+00:00,-737184,5263.765
21401,2011-03-02T17:15:00+00:00,-736284,5263.782
21401,2011-03-02T17:30:00+00:00,-735384,5263.792
21401,2011-03-02T17:45:00+00:00,-734484,5263.801
21401,2011-03-02T18:00:00+00:00,-733584,5263.808
21401,2011-03-02T18:15:00+00:00,-732684,5263.808
21401,2011-03-02T18:30:00+00:00,-731784,5263.807
21401,2011-03-02T18:45:00+00:00,-730884,5263.802
21401,2011-03-02T19:00:00+00:00,-729984,5263.797
21401,2011-03-02T19:15:00+00:00,-729084,5263.786
21401,2011-03-02T19:30:00+00:00,-728184,5263.774
21401,2011-03-02T19:45:00+00:00,-727284,5263.761
21401,2011-03-02T20:00:00+00:00,-726384,5263.746
21401,2011-03-02T20:15:00+00:00,-725484,5263.734
21401,2011-03-02T20:30:00+00:00,-724584,5263.716
21401,2011-03-02T20:45:00+00:00,-723684,5263.702
21401,2011-03-02T21:00:00+00:00,-722784,5263.687
21401,2011-03-02T21:15:00+00:00,-721884,5263.673
21401,2011-03-02T21:30:00+00:00,-720984,5263.662
21401,2011-03-02T21:45:00+00:00,-720084,5263.649
21401,2011-03-02T22:00:00+00:00,-719184,5263.636
21401,2011-03-02T22:15:00+00:00,-718284,5263.626
21401,2011-03-02T22:30:00+00:00,-717384,5263.615
21401,2011-03-02T22:45:00+00:00,-716484,5263.610
21401,2011-03-02T23:00:00+00:00,-715584,5263.606
21401,2011-03-02T23:15:00+00:00,-714684,5263.605
21401,2011-03-02T23:30:00+00:00,-713784,5263.608
21401,2011-03-02T23:45:00+00:00,-712884,5263.616
21401,2011-03-03T00:00:00+00:00,-711984,5263.623
21401,2011-03-03T00:15:00+00:00,-711084,5263.633
21401,2011-03-03T00:30:00+00:00,-710184,5263.644
21401,2011-03-03T00:45:00+00:00,-709284,5263.662
21401,2011-03-03T01:00:00+00:00,-708384,5263.678
21401,2011-03-03T01:15:00+00:00,-707484,5263.694
21401,2011-03-03T01:30:00+00:00,-706584,5263.712
21401,2011-03-03T01:45:00+00:00,-705684,5263.733
21401,2011-03-03T02:00:00+00:00,-704784,5263.754
21401,2011-03-03T02:15:00+00:00,-703884,5263.771
21401,2011-03-03T02:30:00+00:00,-702984,5263.788
21401,2011-03-03T02:45:00+00:00,-702084,5263.805
21401,2011-03-03T03:00:00+00:00,-701184,5263.820
21401,2011-03-03T03:15:00+00:00,-700284,5263.831
21401,2011-03-03T03:30:00+00:00,-699384,5263.843
21401,2011-03-03T03:45:00+00:00,-698484,5263.855
21401,2011-03-03T04:00:00+00:00,-697584,5263.863
21401,2011-03-03T04:15:00+00:00,-696684,5263.868
21401,2011-03-03T04:30:00+00:00,-695784,5263.870
21401,2011-03-03T04:45:00+00:00,-694884,5263.870
21401,2011-03-03T05:00:00+00:00,-693984,5263.864
21401,2011-03-03T05:15:00+00:00,-693084,5263.857
21401,2011-03-03T05:30:00+00:00,-692184,5263.845
21401,2011-03-03T05:45:00+00:00,-691284,5263.827
21401,2011-03-03T06:00:00+00:00,-690384,5263.807
21401,2011-03-03T06:15:00+00:00,-689484,5263.781
21401,2011-03-03T06:30:00+00:00,-688584,5263.752
21401,2011-03-03T06:45:00+00:00,-687684,5263.719
21401,2011-03-03T07:00:00+00:00,-686784,5263.683
21401,2011-03-03T07:15:00+00:00,-685884,5263.644
21401,2011-03-03T07:30:00+00:00,-684984,5263.601
21401,2011-03-03T07:45:00+00:00,-684084,5263.558
21401,2011-03-03T08:00:00+00:00,-683184,5263.517
21401,2011-03-03T08:15:00+00:00,-682284,5263.474
21401,2011-03-03T08:30:00+00:00,-681384,5263.429
21401,2011-03-03T08:45:00+00:00,-680484,5263.388
21401,2011-03-03T09:00:00+00:00,-679584,5263.345
21401,2011-03-03T09:15:00+00:00,-678684,5263.305
21401,2011-03-03T09:30:00+00:00,-677784,5263.267
21401,2011-03-03T09:45:00+00:00,-676884,5263.234
21401,2011-03-03T10:00:00+00:00,-675984,5263.205
21401,2011-03-03T10:15:00+00:00,-675084,5263.178
21401,2011-03-03T10:30:00+00:00,-674184,5263.155
21401,2011-03-03T10:45:00+00:00,-673284,5263.140
21401,2011-03-03T11:00:00+00:00,-672384,5263.125
21401,2011-03-03T11:15:00+00:00,-671484,5263.114
21401,2011-03-03T11:30:00+00:00,-670584,5263.108
21401,2011-03-03T11:45:00+00:00,-669684,5263.108
21401,2011-03-03T12:00:00+00:00,-668784,5263.109
21401,2011-03-03T12:15:00+00:00,-667884,5263.117
21401,2011-03-03T12:30:00+00:00,-666984,5263.132
21401,2011-03-03T12:45:00+00:00,-666084,5263.150
21401,2011-03-03T13:00:00+00:00,-665184,5263.171
21401,2011-03-03T13:15:00+00:00,-664284,5263.195
21401,2011-03-03T13:30:00+00:00,-663384,5263.225
21401,2011-03-03T13:45:00+00:00,-662484,5263.260
21401,2011-03-03T14:00:00+00:00,-661584,5263.297
21401,2011-03-03T14:15:00+00:00,-660684,5263.336
21401,2011-03-03T14:30:00+00:00,-659784,5263.379
21401,2011-03-03T14:45:00+00:00,-658884,5263.419
21401,2011-03-03T15:00:00+00:00,-657984,5263.460
21401,2011-03-03T15:15:00+00:00,-657084,5263.505
21401,2011-03-03T15:30:00+00:00,-656184,5263.543
21401,2011-03-03T15:45:00+00:00,-655284,5263.581
21401,2011-03-03T16:00:00+00:00,-654384,5263.615
21401,2011-03-03T16:15:00+00:00,-653484,5263.648
21401,2011-03-03T16:30:00+00:00,-652584,5263.679
21401,2011-03-03T16:45:00+00:00,-651684,5263.706
21401,2011-03-03T17:00:00+00:00,-650784,5263.731
21401,2011-03-03T17:15:00+00:00,-649884,5263.754
21401,2011-03-03T17:30:00+00:00,-648984,5263.771
21401,2011-03-03T17:45:00+00:00,-648084,5263.785
21401,2011-03-03T18:00:00+00:00,-647184,5263.796
21401,2011-03-03T18:15:00+00:00,-646284,5263.800
21401,2011-03-03T18:30:00+00:00,-645384,5263.800
21401,2011-03-03T18:45:00+00:00,-644484,5263.799
21401,2011-03-03T19:00:00+00:00,-643584,5263.792
21401,2011-03-03T19:15:00+00:00,-642684,5263.782
21401,2011-03-03T19:30:00+00:00,-641784,5263.772
21401,2011-03-03T19:45:00+00:00,-640884,5263.755
21401,2011-03-03T20:00:00+00:00,-639984,5263.735
21401,2011-03-03T20:15:00+00:00,-639084,5263.715
21401,2011-03-03T20:30:00+00:00,-638184,5263.696
21401,2011-03-03T20:45:00+00:00,-637284,5263.672
21401,2011-03-03T21:00:00+00:00,-636384,5263.647
21401,2011-03-03T21:15:00+00:00,-635484,5263.625
21401,2011-03-03T21:30:00+00:00,-634584,5263.603
21401,2011-03-03T21:45:00+00:00,-633684,5263.581
21401,2011-03-03T22:00:00+00:00,-632784,5263.560
21401,2011-03-03T22:15:00+00:00,-631884,5263.543
21401,2011-03-03T22:30:00+00:00,-630984,5263.525
21401,2011-03-03T22:45:00+00:00,-630084,5263.512
21401,2011-03-03T23:00:00+00:00,-629184,5263.497
21401,2011-03-03T23:15:00+00:00,-628284,5263.491
21401,2011-03-03T23:30:00+00:00,-627384,5263.485
21401,2011-03-03T23:45:00+00:00,-626484,5263.483
21401,2011-03-04T00:00:00+00:00,-625584,5263.486
21401,2011-03-04T00:15:00+00:00,-624684,5263.492
21401,2011-03-04T00:30:00+00:00,-623784,5263.500
21401,2011-03-04T00:45:00+00:00,-622884,5263.512
21401,2011-03-04T01:00:00+00:00,-621984,5263.530
21401,2011-03-04T01:15:00+00:00,-621084,5263.549
21401,2011-03-04T01:30:00+00:00,-620184,5263.570
21401,2011-03-04T01:45:00+00:00,-619284,5263.592
21401,2011-03-04T02:00:00+00:00,-618384,5263.614
21401,2011-03-04T02:15:00+00:00,-617484,5263.642
21401,2011-03-04T02:30:00+00:00,-616584,5263.667
21401,2011-03-04T02:45:00+00:00,-615684,5263.694
21401,2011-03-04T03:00:00+00:00,-614784,5263.720
21401,2011-03-04T03:15:00+00:00,-613884,5263.746
21401,2011-03-04T03:30:00+00:00,-612984,5263.773
21401,2011-03-04T03:45:00+00:00,-612084,5263.797
21401,2011-03-04T04:00:00+00:00,-611184,5263.819
21401,2011-03-04T04:15:00+00:00,-610284,5263.840
21401,2011-03-04T04:30:00+00:00,-609384,5263.857
21401,2011-03-04T04:45:00+00:00,-608484,5263.870
21401,2011-03-04T05:00:00+00:00,-607584,5263.881
21401,2011-03-04T05:15:00+00:00,-606684,5263.886
21401,2011-03-04T05:30:00+00:00,-605784,5263.886
21401,2011-03-04T05:45:00+00:00,-604884,5263.885
21401,2011-03-04T06:00:00+00:00,-603984,5263.877
21401,2011-03-04T06:15:00+00:00,-603084,5263.866
21401,2011-03-04T06:30:00+00:00,-602184,5263.847
21401,2011-03-04T06:45:00+00:00,-601284,5263.826
21401,2011-03-04T07:00:00+00:00,-600384,5263.800
21401,2011-03-04T07:15:00+00:00,-599484,5263.768
21401,2011-03-04T07:30:00+00:00,-598584,5263.733
21401,2011-03-04T07:45:00+00:00,-597684,5263.697
21401,2011-03-04T08:00:00+00:00,-596784,5263.655
21401,2011-03-04T08:15:00+00:00,-595884,5263.612
21401,2011-03-04T08:30:00+00:00,-594984,5263.568
21401,2011-03-04T08:45:00+00:00,-594084,5263.523
21401,2011-03-04T09:00:00+00:00,-593184,5263.477
21401,2011-03-04T09:15:00+00:00,-592284,5263.430
21401,2011-03-04T09:30:00+00:00,-591384,5263.387
21401,2011-03-04T09:45:00+00:00,-590484,5263.344
21401,2011-03-04T10:00:00+00:00,-589584,5263.305
21401,2011-03-04T10:15:00+00:00,-588684,5263.269
21401,2011-03-04T10:30:00+00:00,-587784,5263.238
21401,2011-03-04T10:45:00+00:00,-586884,5263.208
21401,2011-03-04T11:00:00+00:00,-585984,5263.184
21401,2011-03-04T11:15:00+00:00,-585084,5263.166
21401,2011-03-04T11:30:00+00:00,-584184,5263.150
21401,2011-03-04T11:45:00+00:00,-583284,5263.142
21401,2011-03-04T12:00:00+00:00,-582384,5263.135
21401,2011-03-04T12:15:00+00:00,-581484,5263.134
21401,2011-03-04T12:30:00+00:00,-580584,5263.137
21401,2011-03-04T12:45:00+00:00,-579684,5263.146
21401,2011-03-04T13:00:00+00:00,-578784,5263.162
21401,2011-03-04T13:15:00+00:00,-577884,5263.177
21401,2011-03-04T13:30:00+00:00,-576984,5263.200
21401,2011-03-04T13:45:00+00:00,-576084,5263.230
21401,2011-03-04T14:00:00+00:00,-575184,5263.262
21401,2011-03-04T14:15:00+00:00,-574284,5263.298
21401,2011-03-04T14:30:00+00:00,-573384,5263.335
21401,2011-03-04T14:45:00+00:00,-572484,5263.375
21401,2011-03-04T15:00:00+00:00,-571584,5263.416
21401,2011-03-04T15:15:00+00:00,-570684,5263.460
21401,2011-03-04T15:30:00+00:00,-569784,5263.499
21401,2011-03-04T15:45:00+00:00,-568884,5263.539
21401,2011-03-04T16:00:00+00:00,-567984,5263.579
21401,2011-03-04T16:15:00+00:00,-567084,5263.618
21401,2011-03-04T16:30:00+00:00,-566184,5263.654
21401,2011-03-04T16:45:00+00:00,-565284,5263.688
21401,2011-03-04T17:00:00+00:00,-564384,5263.719
21401,2011-03-04T17:15:00+00:00,-563484,5263.746
21401,2011-03-04T17:30:00+00:00,-562584,5263.769
21401,2011-03-04T17:45:00+00:00,-561684,5263.790
21401,2011-03-04T18:00:00+00:00,-560784,5263.803
21401,2011-03-04T18:15:00+00:00,-559884,5263.815
21401,2011-03-04T18:30:00+00:00,-558984,5263.818
21401,2011-03-04T18:45:00+00:00,-558084,5263.818
21401,2011-03-04T19:00:00+00:00,-557184,5263.816
21401,2011-03-04T19:15:00+00:00,-556284,5263.807
21401,2011-03-04T19:30:00+00:00,-555384,5263.796
21401,2011-03-04T19:45:00+00:00,-554484,5263.780
21401,2011-03-04T20:00:00+00:00,-553584,5263.760
21401,2011-03-04T20:15:00+00:00,-552684,5263.738
21401,2011-03-04T20:30:00+00:00,-551784,5263.711
21401,2011-03-04T20:45:00+00:00,-550884,5263.687
21401,2011-03-04T21:00:00+00:00,-549984,5263.660
21401,2011-03-04T21:15:00+00:00,-549084,5263.628
21401,2011-03-04T21:30:00+00:00,-548184,5263.598
21401,2011-03-04T21:45:00+00:00,-547284,5263.568
21401,2011-03-04T22:00:00+00:00,-546384,5263.539
21401,2011-03-04T22:15:00+00:00,-545484,5263.512
21401,2011-03-04T22:30:00+00:00,-544584,5263.487
21401,2011-03-04T22:45:00+00:00,-543684,5263.462
21401,2011-03-04T23:00:00+00:00,-542784,5263.440
21401,2011-03-04T23:15:00+00:00,-541884,5263.421
21401,2011-03-04T23:30:00+00:00,-540984,5263.405
21401,2011-03-04T23:45:00+00:00,-540084,5263.393
21401,2011-03-05T00:00:00+00:00,-539184,5263.388
21401,2011-03-05T00:15:00+00:00,-538284,5263.385
21401,2011-03-05T00:30:00+00:00,-537384,5263.385
21401,2011-03-05T00:45:00+00:00,-536484,5263.389
21401,2011-03-05T01:00:00+00:00,-535584,5263.399
21401,2011-03-05T01:15:00+00:00,-534684,5263.412
21401,2011-03-05T01:30:00+00:00,-533784,5263.431
21401,2011-03-05T01:45:00+00:00,-532884,5263.452
21401,2011-03-05T02:00:00+00:00,-531984,5263.476
21401,2011-03-05T02:15:00+00:00,-531084,5263.503
21401,2011-03-05T02:30:00+00:00,-530184,5263.530
21401,2011-03-05T02:45:00+00:00,-529284,5263.560
21401,2011-03-05T03:00:00+00:00,-528384,5263.591
21401,2011-03-05T03:15:00+00:00,-527484,5263.626
21401,2011-03-05T03:30:00+00:00,-526584,5263.661
21401,2011-03-05T03:45:00+00:00,-525684,5263.696
21401,2011-03-05T04:00:00+00:00,-524784,5263.729
21401,2011-03-05T04:15:00+00:00,-523884,5263.763
21401,2011-03-05T04:30:00+00:00,-522984,5263.794
21401,2011-03-05T04:45:00+00:00,-522084,5263.823
21401,2011-03-05T05:00:00+00:00,-521184,5263.848
21401,2011-03-05T05:15:00+00:00,-520284,5263.867
21401,2011-03-05T05:30:00+00:00,-519384,5263.882
21401,2011-03-05T05:45:00+00:00,-518484,5263.893
21401,2011-03-05T06:00:00+00:00,-517584,5263.898
21401,2011-03-05T06:15:00+00:00,-516684,5263.901
21401,2011-03-05T06:30:00+00:00,-515784,5263.897
21401,2011-03-05T06:45:00+00:00,-514884,5263.890
21401,2011-03-05T07:00:00+00:00,-513984,5263.877
21401,2011-03-05T07:15:00+00:00,-513084,5263.859
21401,2011-03-05T07:30:00+00:00,-512184,5263.833
21401,2011-03-05T07:45:00+00:00,-511284,5263.807
21401,2011-03-05T08:00:00+00:00,-510384,5263.776
21401,2011-03-05T08:15:00+00:00,-509484,5263.742
21401,2011-03-05T08:30:00+00:00,-508584,5263.701
21401,2011-03-05T08:45:00+00:00,-507684,5263.663
21401,2011-03-05T09:00:00+00:00,-506784,5263.620
21401,2011-03-05T09:15:00+00:00,-505884,5263.575
21401,2011-03-05T09:30:00+00:00,-504984,5263.531
21401,2011-03-05T09:45:00+00:00,-504084,5263.488
21401,2011-03-05T10:00:00+00:00,-503184,5263.447
21401,2011-03-05T10:15:00+00:00,-502284,5263.406
21401,2011-03-05T10:30:00+00:00,-501384,5263.371
21401,2011-03-05T10:45:00+00:00,-500484,5263.338
21401,2011-03-05T11:00:00+00:00,-499584,5263.308
21401,2011-03-05T11:15:00+00:00,-498684,5263.281
21401,2011-03-05T11:30:00+00:00,-497784,5263.259
21401,2011-03-05T11:45:00+00:00,-496884,5263.243
21401,2011-03-05T12:00:00+00:00,-495984,5263.228
21401,2011-03-05T12:15:00+00:00,-495084,5263.218
21401,2011-03-05T12:30:00+00:00,-494184,5263.214
21401,2011-03-05T12:45:00+00:00,-493284,5263.216
21401,2011-03-05T13:00:00+00:00,-492384,5263.220
21401,2011-03-05T13:15:00+00:00,-491484,5263.230
21401,2011-03-05T13:30:00+00:00,-490584,5263.245
21401,2011-03-05T13:45:00+00:00,-489684,5263.264
21401,2011-03-05T14:00:00+00:00,-488784,5263.287
21401,2011-03-05T14:15:00+00:00,-487884,5263.315
21401,2011-03-05T14:30:00+00:00,-486984,5263.350
21401,2011-03-05T14:45:00+00:00,-486084,5263.386
21401,2011-03-05T15:00:00+00:00,-485184,5263.425
21401,2011-03-05T15:15:00+00:00,-484284,5263.465
21401,2011-03-05T15:30:00+00:00,-483384,5263.505
21401,2011-03-05T15:45:00+00:00,-482484,5263.548
21401,2011-03-05T16:00:00+00:00,-481584,5263.590
21401,2011-03-05T16:15:00+00:00,-480684,5263.629
21401,2011-03-05T16:30:00+00:00,-479784,5263.669
21401,2011-03-05T16:45:00+00:00,-478884,5263.705
21401,2011-03-05T17:00:00+00:00,-477984,5263.740
21401,2011-03-05T17:15:00+00:00,-477084,5263.771
21401,2011-03-05T17:30:00+00:00,-476184,5263.801
21401,2011-03-05T17:45:00+00:00,-475284,5263.826
21401,2011-03-05T18:00:00+00:00,-474384,5263.843
21401,2011-03-05T18:15:00+00:00,-473484,5263.857
21401,2011-03-05T18:30:00+00:00,-472584,5263.870
21401,2011-03-05T18:45:00+00:00,-471684,5263.877
21401,2011-03-05T19:00:00+00:00,-470784,5263.876
21401,2011-03-05T19:15:00+00:00,-469884,5263.874
21401,2011-03-05T19:30:00+00:00,-468984,5263.864
21401,2011-03-05T19:45:00+00:00,-468084,5263.849
21401,2011-03-05T20:00:00+00:00,-467184,5263.832
21401,2011-03-05T20:15:00+00:00,-466284,5263.808
21401,2011-03-05T20:30:00+00:00,-465384,5263.786
21401,2011-03-05T20:45:00+00:00,-464484,5263.755
21401,2011-03-05T21:00:00+00:00,-463584,5263.724
21401,2011-03-05T21:15:00+00:00,-462684,5263.690
21401,2011-03-05T21:30:00+00:00,-461784,5263.655
21401,2011-03-05T21:45:00+00:00,-460884,5263.619
21401,2011-03-05T22:00:00+00:00,-459984,5263.582
21401,2011-03-05T22:15:00+00:00,-459084,5263.544
21401,2011-03-05T22:30:00+00:00,-458184,5263.509
21401,2011-03-05T22:45:00+00:00,-457284,5263.475
21401,2011-03-05T23:00:00+00:00,-456384,5263.443
21401,2011-03-05T23:15:00+00:00,-455484,5263.412
21401,2011-03-05T23:30:00+00:00,-454584,5263.385
21401,2011-03-05T23:45:00+00:00,-453684,5263.363
21401,2011-03-06T00:00:00+00:00,-452784,5263.350
21401,2011-03-06T00:15:00+00:00,-451884,5263.335
21401,2011-03-06T00:30:00+00:00,-450984,5263.327
21401,2011-03-06T00:45:00+00:00,-450084,5263.322
21401,2011-03-06T01:00:00+00:00,-449184,5263.321
21401,2011-03-06T01:15:00+00:00,-448284,5263.328
21401,2011-03-06T01:30:00+00:00,-447384,5263.340
21401,2011-03-06T01:45:00+00:00,-446484,5263.353
21401,2011-03-06T02:00:00+00:00,-445584,5263.369
21401,2011-03-06T02:15:00+00:00,-444684,5263.390
21401,2011-03-06T02:30:00+00:00,-443784,5263.416
21401,2011-03-06T02:45:00+00:00,-442884,5263.443
21401,2011-03-06T03:00:00+00:00,-441984,5263.474
21401,2011-03-06T03:15:00+00:00,-441084,5263.509
21401,2011-03-06T03:30:00+00:00,-440184,5263.545
21401,2011-03-06T03:45:00+00:00,-439284,5263.584
21401,2011-03-06T04:00:00+00:00,-438384,5263.626
21401,2011-03-06T04:15:00+00:00,-437484,5263.667
21401,2011-03-06T04:30:00+00:00,-436584,5263.706
21401,2011-03-06T04:45:00+00:00,-435684,5263.746
21401,2011-03-06T05:00:00+00:00,-434784,5263.780
21401,2011-03-06T05:15:00+00:00,-433884,5263.814
21401,2011-03-06T05:30:00+00:00,-432984,5263.843
21401,2011-03-06T05:45:00+00:00,-432084,5263.868
21401,2011-03-06T06:00:00+00:00,-431184,5263.888
21401,2011-03-06T06:15:00+00:00,-430284,5263.903
21401,2011-03-06T06:30:00+00:00,-429384,5263.913
21401,2011-03-06T06:45:00+00:00,-428484,5263.918
21401,2011-03-06T07:00:00+00:00,-427584,5263.917
21401,2011-03-06T07:15:00+00:00,-426684,5263.910
21401,2011-03-06T07:30:00+00:00,-425784,5263.901
21401,2011-03-06T07:45:00+00:00,-424884,5263.884
21401,2011-03-06T08:00:00+00:00,-423984,5263.862
21401,2011-03-06T08:15:00+00:00,-423084,5263.841
21401,2011-03-06T08:30:00+00:00,-422184,5263.814
21401,2011-03-06T08:45:00+00:00,-421284,5263.780
21401,2011-03-06T09:00:00+00:00,-420384,5263.744
21401,2011-03-06T09:15:00+00:00,-419484,5263.707
21401,2011-03-06T09:30:00+00:00,-418584,5263.666
21401,2011-03-06T09:45:00+00:00,-417684,5263.624
21401,2011-03-06T10:00:00+00:00,-416784,5263.582
21401,2011-03-06T10:15:00+00:00,-415884,5263.541
21401,2011-03-06T10:30:00+00:00,-414984,5263.499
21401,2011-03-06T10:45:00+00:00,-414084,5263.463
21401,2011-03-06T11:00:00+00:00,-413184,5263.428
21401,2011-03-06T11:15:00+00:00,-412284,5263.397
21401,2011-03-06T11:30:00+00:00,-411384,5263.367
21401,2011-03-06T11:45:00+00:00,-410484,5263.344
21401,2011-03-06T12:00:00+00:00,-409584,5263.322
21401,2011-03-06T12:15:00+00:00,-408684,5263.305
21401,2011-03-06T12:30:00+00:00,-407784,5263.293
21401,2011-03-06T12:45:00+00:00,-406884,5263.284
21401,2011-03-06T13:00:00+00:00,-405984,5263.281
21401,2011-03-06T13:15:00+00:00,-405084,5263.285
21401,2011-03-06T13:30:00+00:00,-404184,5263.292
21401,2011-03-06T13:45:00+00:00,-403284,5263.304
21401,2011-03-06T14:00:00+00:00,-402384,5263.321
21401,2011-03-06T14:15:00+00:00,-401484,5263.341
21401,2011-03-06T14:30:00+00:00,-400584,5263.368
21401,2011-03-06T14:45:00+00:00,-399684,5263.397
21401,2011-03-06T15:00:00+00:00,-398784,5263.430
21401,2011-03-06T15:15:00+00:00,-397884,5263.466
21401,2011-03-06T15:30:00+00:00,-396984,5263.503
21401,2011-03-06T15:45:00+00:00,-396084,5263.541
21401,2011-03-06T16:00:00+00:00,-395184,5263.579
21401,2011-03-06T16:15:00+00:00,-394284,5263.619
21401,2011-03-06T16:30:00+00:00,-393384,5263.660
21401,2011-03-06T16:45:00+00:00,-392484,5263.696
21401,2011-03-06T17:00:00+00:00,-391584,5263.731
21401,2011-03-06T17:15:00+00:00,-390684,5263.769
21401,2011-03-06T17:30:00+00:00,-389784,5263.800
21401,2011-03-06T17:45:00+00:00,-388884,5263.829
21401,2011-03-06T18:00:00+00:00,-387984,5263.854
21401,2011-03-06T18:15:00+00:00,-387084,5263.874
21401,2011-03-06T18:30:00+00:00,-386184,5263.891
21401,2011-03-06T18:45:00+00:00,-385284,5263.902
21401,2011-03-06T19:00:00+00:00,-384384,5263.907
21401,2011-03-06T19:15:00+00:00,-383484,5263.910
21401,2011-03-06T19:30:00+00:00,-382584,5263.905
21401,2011-03-06T19:45:00+00:00,-381684,5263.895
21401,2011-03-06T20:00:00+00:00,-380784,5263.884
21401,2011-03-06T20:15:00+00:00,-379884,5263.864
21401,2011-03-06T20:30:00+00:00,-378984,5263.839
21401,2011-03-06T20:45:00+00:00,-378084,5263.813
21401,2011-03-06T21:00:00+00:00,-377184,5263.783
21401,2011-03-06T21:15:00+00:00,-376284,5263.748
21401,2011-03-06T21:30:00+00:00,-375384,5263.712
21401,2011-03-06T21:45:00+00:00,-374484,5263.671
21401,2011-03-06T22:00:00+00:00,-373584,5263.631
21401,2011-03-06T22:15:00+00:00,-372684,5263.589
21401,2011-03-06T22:30:00+00:00,-371784,5263.547
21401,2011-03-06T22:45:00+00:00,-370884,5263.507
21401,2011-03-06T23:00:00+00:00,-369984,5263.467
21401,2011-03-06T23:15:00+00:00,-369084,5263.430
21401,2011-03-06T23:30:00+00:00,-368184,5263.395
21401,2011-03-06T23:45:00+00:00,-367284,5263.364
21401,2011-03-07T00:00:00+00:00,-366384,5263.340
21401,2011-03-07T00:15:00+00:00,-365484,5263.316
21401,2011-03-07T00:30:00+00:00,-364584,5263.298
21401,2011-03-07T00:45:00+00:00,-363684,5263.285
21401,2011-03-07T01:00:00+00:00,-362784,5263.277
21401,2011-03-07T01:15:00+00:00,-361884,5263.275
21401,2011-03-07T01:30:00+00:00,-360984,5263.276
21401,2011-03-07T01:45:00+00:00,-360084,5263.280
21401,2011-03-07T02:00:00+00:00,-359184,5263.290
21401,2011-03-07T02:15:00+00:00,-358284,5263.304
21401,2011-03-07T02:30:00+00:00,-357384,5263.320
21401,2011-03-07T02:45:00+00:00,-356484,5263.340
21401,2011-03-07T03:00:00+00:00,-355584,5263.367
21401,2011-03-07T03:15:00+00:00,-354684,5263.398
21401,2011-03-07T03:30:00+00:00,-353784,5263.429
21401,2011-03-07T03:45:00+00:00,-352884,5263.465
21401,2011-03-07T04:00:00+00:00,-351984,5263.506
21401,2011-03-07T04:15:00+00:00,-351084,5263.548
21401,2011-03-07T04:30:00+00:00,-350184,5263.591
21401,2011-03-07T04:45:00+00:00,-349284,5263.635
21401,2011-03-07T05:00:00+00:00,-348384,5263.676
21401,2011-03-07T05:15:00+00:00,-347484,5263.718
21401,2011-03-07T05:30:00+00:00,-346584,5263.757
21401,2011-03-07T05:45:00+00:00,-345684,5263.794
21401,2011-03-07T06:00:00+00:00,-344784,5263.827
21401,2011-03-07T06:15:00+00:00,-343884,5263.854
21401,2011-03-07T06:30:00+00:00,-342984,5263.877
21401,2011-03-07T06:45:00+00:00,-342084,5263.897
21401,2011-03-07T07:00:00+00:00,-341184,5263.909
21401,2011-03-07T07:15:00+00:00,-340284,5263.915
21401,2011-03-07T07:30:00+00:00,-339384,5263.918
21401,2011-03-07T07:45:00+00:00,-338484,5263.916
21401,2011-03-07T08:00:00+00:00,-337584,5263.908
21401,2011-03-07T08:15:00+00:00,-336684,5263.895
21401,2011-03-07T08:30:00+00:00,-335784,5263.876
21401,2011-03-07T08:45:00+00:00,-334884,5263.854
21401,2011-03-07T09:00:00+00:00,-333984,5263.825
21401,2011-03-07T09:15:00+00:00,-333084,5263.794
21401,2011-03-07T09:30:00+00:00,-332184,5263.759
21401,2011-03-07T09:45:00+00:00,-331284,5263.725
21401,2011-03-07T10:00:00+00:00,-330384,5263.687
21401,2011-03-07T10:15:00+00:00,-329484,5263.651
21401,2011-03-07T10:30:00+00:00,-328584,5263.614
21401,2011-03-07T10:45:00+00:00,-327684,5263.577
21401,2011-03-07T11:00:00+00:00,-326784,5263.542
21401,2011-03-07T11:15:00+00:00,-325884,5263.509
21401,2011-03-07T11:30:00+00:00,-324984,5263.476
21401,2011-03-07T11:45:00+00:00,-324084,5263.445
21401,2011-03-07T12:00:00+00:00,-323184,5263.422
21401,2011-03-07T12:15:00+00:00,-322284,5263.400
21401,2011-03-07T12:30:00+00:00,-321384,5263.384
21401,2011-03-07T12:45:00+00:00,-320484,5263.368
21401,2011-03-07T13:00:00+00:00,-319584,5263.357
21401,2011-03-07T13:15:00+00:00,-318684,5263.352
21401,2011-03-07T13:30:00+00:00,-317784,5263.352
21401,2011-03-07T13:45:00+00:00,-316884,5263.357
21401,2011-03-07T14:00:00+00:00,-315984,5263.366
21401,2011-03-07T14:15:00+00:00,-315084,5263.382
21401,2011-03-07T14:30:00+00:00,-314184,5263.404
21401,2011-03-07T14:45:00+00:00,-313284,5263.428
21401,2011-03-07T15:00:00+00:00,-312384,5263.453
21401,2011-03-07T15:15:00+00:00,-311484,5263.482
21401,2011-03-07T15:30:00+00:00,-310584,5263.513
21401,2011-03-07T15:45:00+00:00,-309684,5263.546
21401,2011-03-07T16:00:00+00:00,-308784,5263.580
21401,2011-03-07T16:15:00+00:00,-307884,5263.618
21401,2011-03-07T16:30:00+00:00,-306984,5263.654
21401,2011-03-07T16:45:00+00:00,-306084,5263.693
21401,2011-03-07T17:00:00+00:00,-305184,5263.729
21401,2011-03-07T17:15:00+00:00,-304284,5263.765
21401,2011-03-07T17:30:00+00:00,-303384,5263.797
21401,2011-03-07T17:45:00+00:00,-302484,5263.830
21401,2011-03-07T18:00:00+00:00,-301584,5263.856
21401,2011-03-07T18:15:00+00:00,-300684,5263.882
21401,2011-03-07T18:30:00+00:00,-299784,5263.899
21401,2011-03-07T18:45:00+00:00,-298884,5263.914
21401,2011-03-07T19:00:00+00:00,-297984,5263.922
21401,2011-03-07T19:15:00+00:00,-297084,5263.927
21401,2011-03-07T19:30:00+00:00,-296184,5263.928
21401,2011-03-07T19:45:00+00:00,-295284,5263.920
21401,2011-03-07T20:00:00+00:00,-294384,5263.909
21401,2011-03-07T20:15:00+00:00,-293484,5263.892
21401,2011-03-07T20:30:00+00:00,-292584,5263.871
21401,2011-03-07T20:45:00+00:00,-291684,5263.845
21401,2011-03-07T21:00:00+00:00,-290784,5263.818
21401,2011-03-07T21:15:00+00:00,-289884,5263.788
21401,2011-03-07T21:30:00+00:00,-288984,5263.753
21401,2011-03-07T21:45:00+00:00,-288084,5263.715
21401,2011-03-07T22:00:00+00:00,-287184,5263.670
21401,2011-03-07T22:15:00+00:00,-286284,5263.626
21401,2011-03-07T22:30:00+00:00,-285384,5263.578
21401,2011-03-07T22:45:00+00:00,-284484,5263.531
21401,2011-03-07T23:00:00+00:00,-283584,5263.488
21401,2011-03-07T23:15:00+00:00,-282684,5263.444
21401,2011-03-07T23:30:00+00:00,-281784,5263.401
21401,2011-03-07T23:45:00+00:00,-280884,5263.361
21401,2011-03-08T00:00:00+00:00,-279984,5263.325
21401,2011-03-08T00:15:00+00:00,-279084,5263.294
21401,2011-03-08T00:30:00+00:00,-278184,5263.266
21401,2011-03-08T00:45:00+00:00,-277284,5263.244
21401,2011-03-08T01:00:00+00:00,-276384,5263.227
21401,2011-03-08T01:15:00+00:00,-275484,5263.211
21401,2011-03-08T01:30:00+00:00,-274584,5263.202
21401,2011-03-08T01:45:00+00:00,-273684,5263.196
21401,2011-03-08T02:00:00+00:00,-272784,5263.196
21401,2011-03-08T02:15:00+00:00,-271884,5263.199
21401,2011-03-08T02:30:00+00:00,-270984,5263.207
21401,2011-03-08T02:45:00+00:00,-270084,5263.219
21401,2011-03-08T03:00:00+00:00,-269184,5263.237
21401,2011-03-08T03:15:00+00:00,-268284,5263.259
21401,2011-03-08T03:30:00+00:00,-267384,5263.285
21401,2011-03-08T03:45:00+00:00,-266484,5263.318
21401,2011-03-08T04:00:00+00:00,-265584,5263.352
21401,2011-03-08T04:15:00+00:00,-264684,5263.393
21401,2011-03-08T04:30:00+00:00,-263784,5263.436
21401,2011-03-08T04:45:00+00:00,-262884,5263.479
21401,2011-03-08T05:00:00+00:00,-261984,5263.525
21401,2011-03-08T05:15:00+00:00,-261084,5263.570
21401,2011-03-08T05:30:00+00:00,-260184,5263.613
21401,2011-03-08T05:45:00+00:00,-259284,5263.657
21401,2011-03-08T06:00:00+00:00,-258384,5263.696
21401,2011-03-08T06:15:00+00:00,-257484,5263.731
21401,2011-03-08T06:30:00+00:00,-256584,5263.765
21401,2011-03-08T06:45:00+00:00,-255684,5263.794
21401,2011-03-08T07:00:00+00:00,-254784,5263.817
21401,2011-03-08T07:15:00+00:00,-253884,5263.836
21401,2011-03-08T07:30:00+00:00,-252984,5263.852
21401,2011-03-08T07:45:00+00:00,-252084,5263.861
21401,2011-03-08T08:00:00+00:00,-251184,5263.867
21401,2011-03-08T08:15:00+00:00,-250284,5263.866
21401,2011-03-08T08:30:00+00:00,-249384,5263.862
21401,2011-03-08T08:45:00+00:00,-248484,5263.855
21401,2011-03-08T09:00:00+00:00,-247584,5263.839
21401,2011-03-08T09:15:00+00:00,-246684,5263.819
21401,2011-03-08T09:30:00+00:00,-245784,5263.797
21401,2011-03-08T09:45:00+00:00,-244884,5263.769
21401,2011-03-08T10:00:00+00:00,-243984,5263.740
21401,2011-03-08T10:15:00+00:00,-243084,5263.712
21401,2011-03-08T10:30:00+00:00,-242184,5263.679
21401,2011-03-08T10:45:00+00:00,-241284,5263.648
21401,2011-03-08T11:00:00+00:00,-240384,5263.616
21401,2011-03-08T11:15:00+00:00,-239484,5263.584
21401,2011-03-08T11:30:00+00:00,-238584,5263.554
21401,2011-03-08T11:45:00+00:00,-237684,5263.525
21401,2011-03-08T12:00:00+00:00,-236784,5263.500
21401,2011-03-08T12:15:00+00:00,-235884,5263.476
21401,2011-03-08T12:30:00+00:00,-234984,5263.453
21401,2011-03-08T12:45:00+00:00,-234084,5263.436
21401,2011-03-08T13:00:00+00:00,-233184,5263.422
21401,2011-03-08T13:15:00+00:00,-232284,5263.409
21401,2011-03-08T13:30:00+00:00,-231384,5263.404
21401,2011-03-08T13:45:00+00:00,-230484,5263.404
21401,2011-03-08T14:00:00+00:00,-229584,5263.409
21401,2011-03-08T14:15:00+00:00,-228684,5263.413
21401,2011-03-08T14:30:00+00:00,-227784,5263.426
21401,2011-03-08T14:45:00+00:00,-226884,5263.444
21401,2011-03-08T15:00:00+00:00,-225984,5263.466
21401,2011-03-08T15:15:00+00:00,-225084,5263.489
21401,2011-03-08T15:30:00+00:00,-224184,5263.516
21401,2011-03-08T15:45:00+00:00,-223284,5263.545
21401,2011-03-08T16:00:00+00:00,-222384,5263.573
21401,2011-03-08T16:15:00+00:00,-221484,5263.605
21401,2011-03-08T16:30:00+00:00,-220584,5263.637
21401,2011-03-08T16:45:00+00:00,-219684,5263.673
21401,2011-03-08T17:00:00+00:00,-218784,5263.708
21401,2011-03-08T17:15:00+00:00,-217884,5263.743
21401,2011-03-08T17:30:00+00:00,-216984,5263.777
21401,2011-03-08T17:45:00+00:00,-216084,5263.810
21401,2011-03-08T18:00:00+00:00,-215184,5263.841
21401,2011-03-08T18:15:00+00:00,-214284,5263.867
21401,2011-03-08T18:30:00+00:00,-213384,5263.891
21401,2011-03-08T18:45:00+00:00,-212484,5263.911
21401,2011-03-08T19:00:00+00:00,-211584,5263.928
21401,2011-03-08T19:15:00+00:00,-210684,5263.938
21401,2011-03-08T19:30:00+00:00,-209784,5263.945
21401,2011-03-08T19:45:00+00:00,-208884,5263.946
21401,2011-03-08T20:00:00+00:00,-207984,5263.944
21401,2011-03-08T20:15:00+00:00,-207084,5263.934
21401,2011-03-08T20:30:00+00:00,-206184,5263.921
21401,2011-03-08T20:45:00+00:00,-205284,5263.903
21401,2011-03-08T21:00:00+00:00,-204384,5263.881
21401,2011-03-08T21:15:00+00:00,-203484,5263.855
21401,2011-03-08T21:30:00+00:00,-202584,5263.822
21401,2011-03-08T21:45:00+00:00,-201684,5263.786
21401,2011-03-08T22:00:00+00:00,-200784,5263.746
21401,2011-03-08T22:15:00+00:00,-199884,5263.702
21401,2011-03-08T22:30:00+00:00,-198984,5263.656
21401,2011-03-08T22:45:00+00:00,-198084,5263.609
21401,2011-03-08T23:00:00+00:00,-197184,5263.563
21401,2011-03-08T23:15:00+00:00,-196284,5263.517
21401,2011-03-08T23:30:00+00:00,-195384,5263.471
21401,2011-03-08T23:45:00+00:00,-194484,5263.427
21401,2011-03-09T00:00:00+00:00,-193584,5263.383
21401,2011-03-09T00:15:00+00:00,-192684,5263.342
21401,2011-03-09T00:30:00+00:00,-191784,5263.306
21401,2011-03-09T00:45:00+00:00,-190884,5263.272
21401,2011-03-09T01:00:00+00:00,-189984,5263.243
21401,2011-03-09T01:15:00+00:00,-189084,5263.219
21401,2011-03-09T01:30:00+00:00,-188184,5263.201
21401,2011-03-09T01:45:00+00:00,-187284,5263.185
21401,2011-03-09T02:00:00+00:00,-186384,5263.174
21401,2011-03-09T07:15:00+00:00,-167484,5263.759
21401,2011-03-09T07:30:00+00:00,-166584,5263.784
21401,2011-03-09T07:45:00+00:00,-165684,5263.807
21401,2011-03-09T08:00:00+00:00,-164784,5263.822
21401,2011-03-09T08:15:00+00:00,-163884,5263.836
21401,2011-03-09T08:30:00+00:00,-162984,5263.844
21401,2011-03-09T08:45:00+00:00,-162084,5263.845
21401,2011-03-09T09:00:00+00:00,-161184,5263.845
21401,2011-03-09T09:15:00+00:00,-160284,5263.839
21401,2011-03-09T09:30:00+00:00,-159384,5263.827
21401,2011-03-09T09:45:00+00:00,-158484,5263.813
21401,2011-03-09T10:00:00+00:00,-157584,5263.794
21401,2011-03-09T10:15:00+00:00,-156684,5263.773
21401,2011-03-09T10:30:00+00:00,-155784,5263.750
21401,2011-03-09T10:45:00+00:00,-154884,5263.726
21401,2011-03-09T11:00:00+00:00,-153984,5263.703
21401,2011-03-09T11:15:00+00:00,-153084,5263.678
21401,2011-03-09T11:30:00+00:00,-152184,5263.652
21401,2011-03-09T11:45:00+00:00,-151284,5263.628
21401,2011-03-09T12:00:00+00:00,-150384,5263.603
21401,2011-03-09T12:15:00+00:00,-149484,5263.581
21401,2011-03-09T12:30:00+00:00,-148584,5263.562
21401,2011-03-09T12:45:00+00:00,-147684,5263.545
21401,2011-03-09T13:00:00+00:00,-146784,5263.528
21401,2011-03-09T13:15:00+00:00,-145884,5263.516
21401,2011-03-09T13:30:00+00:00,-144984,5263.509
21401,2011-03-09T13:45:00+00:00,-144084,5263.503
21401,2011-03-09T14:00:00+00:00,-143184,5263.502
21401,2011-03-09T14:15:00+00:00,-142284,5263.509
21401,2011-03-09T14:30:00+00:00,-141384,5263.516
21401,2011-03-09T14:45:00+00:00,-140484,5263.526
21401,2011-03-09T15:00:00+00:00,-139584,5263.543
21401,2011-03-09T15:15:00+00:00,-138684,5263.559
21401,2011-03-09T15:30:00+00:00,-137784,5263.579
21401,2011-03-09T15:45:00+00:00,-136884,5263.602
21401,2011-03-09T16:00:00+00:00,-135984,5263.627
21401,2011-03-09T16:15:00+00:00,-135084,5263.650
21401,2011-03-09T16:30:00+00:00,-134184,5263.677
21401,2011-03-09T16:45:00+00:00,-133284,5263.705
21401,2011-03-09T17:00:00+00:00,-132384,5263.733
21401,2011-03-09T17:15:00+00:00,-131484,5263.767
21401,2011-03-09T17:30:00+00:00,-130584,5263.798
21401,2011-03-09T17:45:00+00:00,-129684,5263.829
21401,2011-03-09T18:00:00+00:00,-128784,5263.860
21401,2011-03-09T18:15:00+00:00,-127884,5263.886
21401,2011-03-09T18:30:00+00:00,-126984,5263.910
21401,2011-03-09T18:45:00+00:00,-126084,5263.929
21401,2011-03-09T19:00:00+00:00,-125184,5263.947
21401,2011-03-09T19:15:00+00:00,-124284,5263.962
21401,2011-03-09T19:30:00+00:00,-123384,5263.974
21401,2011-03-09T19:45:00+00:00,-122484,5263.980
21401,2011-03-09T20:00:00+00:00,-121584,5263.984
21401,2011-03-09T20:15:00+00:00,-120684,5263.982
21401,2011-03-09T20:30:00+00:00,-119784,5263.974
21401,2011-03-09T20:45:00+00:00,-118884,5263.965
21401,2011-03-09T21:00:00+00:00,-117984,5263.947
21401,2011-03-09T21:15:00+00:00,-117084,5263.926
21401,2011-03-09T21:30:00+00:00,-116184,5263.901
21401,2011-03-09T21:45:00+00:00,-115284,5263.870
21401,2011-03-09T22:00:00+00:00,-114384,5263.833
21401,2011-03-09T22:15:00+00:00,-113484,5263.797
21401,2011-03-09T22:30:00+00:00,-112584,5263.753
21401,2011-03-09T22:45:00+00:00,-111684,5263.708
21401,2011-03-09T23:00:00+00:00,-110784,5263.660
21401,2011-03-09T23:15:00+00:00,-109884,5263.611
21401,2011-03-09T23:30:00+00:00,-108984,5263.564
21401,2011-03-09T23:45:00+00:00,-108084,5263.516
21401,2011-03-10T00:00:00+00:00,-107184,5263.468
21401,2011-03-10T00:15:00+00:00,-106284,5263.425
21401,2011-03-10T00:30:00+00:00,-105384,5263.381
21401,2011-03-10T00:45:00+00:00,-104484,5263.340
21401,2011-03-10T01:00:00+00:00,-103584,5263.303
21401,2011-03-10T01:15:00+00:00,-102684,5263.271
21401,2011-03-10T01:30:00+00:00,-101784,5263.245
21401,2011-03-10T01:45:00+00:00,-100884,5263.218
21401,2011-03-10T02:00:00+00:00,-99984,5263.195
21401,2011-03-10T02:15:00+00:00,-99084,5263.177
21401,2011-03-10T02:30:00+00:00,-98184,5263.164
21401,2011-03-10T02:45:00+00:00,-97284,5263.154
21401,2011-03-10T03:00:00+00:00,-96384,5263.148
21401,2011-03-10T03:15:00+00:00,-95484,5263.147
21401,2011-03-10T03:30:00+00:00,-94584,5263.153
21401,2011-03-10T03:45:00+00:00,-93684,5263.164
21401,2011-03-10T04:00:00+00:00,-92784,5263.181
21401,2011-03-10T04:15:00+00:00,-91884,5263.202
21401,2011-03-10T04:30:00+00:00,-90984,5263.226
21401,2011-03-10T04:45:00+00:00,-90084,5263.257
21401,2011-03-10T05:00:00+00:00,-89184,5263.288
21401,2011-03-10T05:15:00+00:00,-88284,5263.325
21401,2011-03-10T05:30:00+00:00,-87384,5263.362
21401,2011-03-10T05:45:00+00:00,-86484,5263.401
21401,2011-03-10T06:00:00+00:00,-85584,5263.441
21401,2011-03-10T06:15:00+00:00,-84684,5263.483
21401,2011-03-10T06:30:00+00:00,-83784,5263.526
21401,2011-03-10T06:45:00+00:00,-82884,5263.565
21401,2011-03-10T07:00:00+00:00,-81984,5263.603
21401,2011-03-10T07:15:00+00:00,-81084,5263.637
21401,2011-03-10T07:30:00+00:00,-80184,5263.670
21401,2011-03-10T07:45:00+00:00,-79284,5263.699
21401,2011-03-10T08:00:00+00:00,-78384,5263.724
21401,2011-03-10T08:15:00+00:00,-77484,5263.748
21401,2011-03-10T08:30:00+00:00,-76584,5263.767
21401,2011-03-10T08:45:00+00:00,-75684,5263.784
21401,2011-03-10T09:00:00+00:00,-74784,5263.794
21401,2011-03-10T09:15:00+00:00,-73884,5263.799
21401,2011-03-10T09:30:00+00:00,-72984,5263.801
21401,2011-03-10T09:45:00+00:00,-72084,5263.800
21401,2011-03-10T10:00:00+00:00,-71184,5263.798
21401,2011-03-10T10:15:00+00:00,-70284,5263.789
21401,2011-03-10T10:30:00+00:00,-69384,5263.777
21401,2011-03-10T10:45:00+00:00,-68484,5263.764
21401,2011-03-10T11:00:00+00:00,-67584,5263.752
21401,2011-03-10T11:15:00+00:00,-66684,5263.735
21401,2011-03-10T11:30:00+00:00,-65784,5263.719
21401,2011-03-10T11:45:00+00:00,-64884,5263.700
21401,2011-03-10T12:00:00+00:00,-63984,5263.683
21401,2011-03-10T12:15:00+00:00,-63084,5263.663
21401,2011-03-10T12:30:00+00:00,-62184,5263.642
21401,2011-03-10T12:45:00+00:00,-61284,5263.626
21401,2011-03-10T13:00:00+00:00,-60384,5263.609
21401,2011-03-10T13:15:00+00:00,-59484,5263.598
21401,2011-03-10T13:30:00+00:00,-58584,5263.590
21401,2011-03-10T13:45:00+00:00,-57684,5263.585
21401,2011-03-10T14:00:00+00:00,-56784,5263.581
21401,2011-03-10T14:15:00+00:00,-55884,5263.580
21401,2011-03-10T14:30:00+00:00,-54984,5263.584
21401,2011-03-10T14:45:00+00:00,-54084,5263.593
21401,2011-03-10T15:00:00+00:00,-53184,5263.602
21401,2011-03-10T15:15:00+00:00,-52284,5263.614
21401,2011-03-10T15:30:00+00:00,-51384,5263.631
21401,2011-03-10T15:45:00+00:00,-50484,5263.648
21401,2011-03-10T16:00:00+00:00,-49584,5263.666
21401,2011-03-10T16:15:00+00:00,-48684,5263.686
21401,2011-03-10T16:30:00+00:00,-47784,5263.707
21401,2011-03-10T16:45:00+00:00,-46884,5263.728
21401,2011-03-10T17:00:00+00:00,-45984,5263.754
21401,2011-03-10T17:15:00+00:00,-45084,5263.779
21401,2011-03-10T17:30:00+00:00,-44184,5263.807
21401,2011-03-10T17:45:00+00:00,-43284,5263.835
21401,2011-03-10T18:00:00+00:00,-42384,5263.862
21401,2011-03-10T18:15:00+00:00,-41484,5263.888
21401,2011-03-10T18:30:00+00:00,-40584,5263.914
21401,2011-03-10T18:45:00+00:00,-39684,5263.936
21401,2011-03-10T19:00:00+00:00,-38784,5263.958
21401,2011-03-10T19:15:00+00:00,-37884,5263.976
21401,2011-03-10T19:30:00+00:00,-36984,5263.989
21401,2011-03-10T19:45:00+00:00,-36084,5264.001
21401,2011-03-10T20:00:00+00:00,-35184,5264.008
21401,2011-03-10T20:15:00+00:00,-34284,5264.012
21401,2011-03-10T20:30:00+00:00,-33384,5264.012
21401,2011-03-10T20:45:00+00:00,-32484,5264.007
21401,2011-03-10T21:00:00+00:00,-31584,5263.998
21401,2011-03-10T21:15:00+00:00,-30684,5263.985
21401,2011-03-10T21:30:00+00:00,-29784,5263.970
21401,2011-03-10T21:45:00+00:00,-28884,5263.945
21401,2011-03-10T22:00:00+00:00,-27984,5263.917
21401,2011-03-10T22:15:00+00:00,-27084,5263.885
21401,2011-03-10T22:30:00+00:00,-26184,5263.847
21401,2011-03-10T22:45:00+00:00,-25284,5263.808
21401,2011-03-10T23:00:00+00:00,-24384,5263.765
21401,2011-03-10T23:15:00+00:00,-23484,5263.721
21401,2011-03-10T23:30:00+00:00,-22584,5263.675
21401,2011-03-10T23:45:00+00:00,-21684,5263.629
21401,2011-03-11T00:00:00+00:00,-20784,5263.581
21401,2011-03-11T00:15:00+00:00,-19884,5263.538
21401,2011-03-11T00:30:00+00:00,-18984,5263.493
21401,2011-03-11T00:45:00+00:00,-18084,5263.449
21401,2011-03-11T01:00:00+00:00,-17184,5263.407
21401,2011-03-11T01:15:00+00:00,-16284,5263.368
21401,2011-03-11T01:30:00+00:00,-15384,5263.334
21401,2011-03-11T01:45:00+00:00,-14484,5263.301
21401,2011-03-11T02:00:00+00:00,-13584,5263.272
21401,2011-03-11T02:15:00+00:00,-12684,5263.245
21401,2011-03-11T02:30:00+00:00,-11784,5263.220
21401,2011-03-11T02:45:00+00:00,-10884,5263.200
21401,2011-03-11T03:00:00+00:00,-9984,5263.185
21401,2011-03-11T03:15:00+00:00,-9084,5263.170
21401,2011-03-11T03:30:00+00:00,-8184,5263.163
21401,2011-03-11T03:45:00+00:00,-7284,5263.160
21401,2011-03-11T04:00:00+00:00,-6384,5263.164
21401,2011-03-11T04:15:00+00:00,-5484,5263.170
21401,2011-03-11T04:30:00+00:00,-4584,5263.184
21401,2011-03-11T04:45:00+00:00,-3684,5263.201
