station_id,timestamp_utc,seconds_from_origin,height_m
21413,2011-02-09T06:00:00+00:00,-2591184,5824.853
21413,2011-02-09T06:15:00+00:00,-2590284,5824.870
21413,2011-02-09T06:30:00+00:00,-2589384,5824.888
21413,2011-02-09T06:45:00+00:00,-2588484,5824.905
21413,2011-02-09T07:00:00+00:00,-2587584,5824.923
21413,2011-02-09T07:15:00+00:00,-2586684,5824.941
21413,2011-02-09T07:30:00+00:00,-2585784,5824.955
21413,2011-02-09T07:45:00+00:00,-2584884,5824.971
21413,2011-02-09T08:00:00+00:00,-2583984,5824.984
21413,2011-02-09T08:15:00+00:00,-2583084,5824.998
21413,2011-02-09T08:30:00+00:00,-2582184,5825.008
21413,2011-02-09T08:45:00+00:00,-2581284,5825.015
21413,2011-02-09T09:00:00+00:00,-2580384,5825.024
21413,2011-02-09T09:15:00+00:00,-2579484,5825.025
21413,2011-02-09T09:30:00+00:00,-2578584,5825.028
21413,2011-02-09T09:45:00+00:00,-2577684,5825.029
21413,2011-02-09T10:00:00+00:00,-2576784,5825.026
21413,2011-02-09T10:15:00+00:00,-2575884,5825.024
21413,2011-02-09T10:30:00+00:00,-2574984,5825.018
21413,2011-02-09T10:45:00+00:00,-2574084,5825.010
21413,2011-02-09T11:00:00+00:00,-2573184,5825.000
21413,2011-02-09T11:15:00+00:00,-2572284,5824.990
21413,2011-02-09T11:30:00+00:00,-2571384,5824.979
21413,2011-02-09T11:45:00+00:00,-2570484,5824.968
21413,2011-02-09T12:00:00+00:00,-2569584,5824.955
21413,2011-02-09T12:15:00+00:00,-2568684,5824.942
21413,2011-02-09T12:30:00+00:00,-2567784,5824.931
21413,2011-02-09T12:45:00+00:00,-2566884,5824.916
21413,2011-02-09T13:00:00+00:00,-2565984,5824.905
21413,2011-02-09T13:15:00+00:00,-2565084,5824.894
21413,2011-02-09T13:30:00+00:00,-2564184,5824.884
21413,2011-02-09T13:45:00+00:00,-2563284,5824.874
21413,2011-02-09T14:00:00+00:00,-2562384,5824.870
21413,2011-02-09T14:15:00+00:00,-2561484,5824.865
21413,2011-02-09T14:30:00+00:00,-2560584,5824.859
21413,2011-02-09T14:45:00+00:00,-2559684,5824.856
21413,2011-02-09T15:00:00+00:00,-2558784,5824.854
21413,2011-02-09T15:15:00+00:00,-2557884,5824.855
21413,2011-02-09T15:30:00+00:00,-2556984,5824.859
21413,2011-02-09T15:45:00+00:00,-2556084,5824.863
21413,2011-02-09T16:00:00+00:00,-2555184,5824.871
21413,2011-02-09T16:15:00+00:00,-2554284,5824.879
21413,2011-02-09T16:30:00+00:00,-2553384,5824.890
21413,2011-02-09T16:45:00+00:00,-2552484,5824.904
21413,2011-02-09T17:00:00+00:00,-2551584,5824.920
21413,2011-02-09T17:15:00+00:00,-2550684,5824.937
21413,2011-02-09T17:30:00+00:00,-2549784,5824.954
21413,2011-02-09T17:45:00+00:00,-2548884,5824.970
21413,2011-02-09T18:00:00+00:00,-2547984,5824.987
21413,2011-02-09T18:15:00+00:00,-2547084,5825.005
21413,2011-02-09T18:30:00+00:00,-2546184,5825.025
21413,2011-02-09T18:45:00+00:00,-2545284,5825.046
21413,2011-02-09T19:00:00+00:00,-2544384,5825.063
21413,2011-02-09T19:15:00+00:00,-2543484,5825.080
21413,2011-02-09T19:30:00+00:00,-2542584,5825.098
21413,2011-02-09T19:45:00+00:00,-2541684,5825.113
21413,2011-02-09T20:00:00+00:00,-2540784,5825.128
21413,2011-02-09T20:15:00+00:00,-2539884,5825.141
21413,2011-02-09T20:30:00+00:00,-2538984,5825.152
21413,2011-02-09T20:45:00+00:00,-2538084,5825.163
21413,2011-02-09T21:00:00+00:00,-2537184,5825.169
21413,2011-02-09T21:15:00+00:00,-2536284,5825.175
21413,2011-02-09T21:30:00+00:00,-2535384,5825.182
21413,2011-02-09T21:45:00+00:00,-2534484,5825.182
21413,2011-02-09T22:00:00+00:00,-2533584,5825.182
21413,2011-02-09T22:15:00+00:00,-2532684,5825.177
21413,2011-02-09T22:30:00+00:00,-2531784,5825.168
21413,2011-02-09T22:45:00+00:00,-2530884,5825.157
21413,2011-02-09T23:00:00+00:00,-2529984,5825.146
21413,2011-02-09T23:15:00+00:00,-2529084,5825.134
21413,2011-02-09T23:30:00+00:00,-2528184,5825.120
21413,2011-02-09T23:45:00+00:00,-2527284,5825.106
21413,2011-02-10T00:00:00+00:00,-2526384,5825.087
21413,2011-02-10T00:15:00+00:00,-2525484,5825.066
21413,2011-02-10T00:30:00+00:00,-2524584,5825.045
21413,2011-02-10T00:45:00+00:00,-2523684,5825.019
21413,2011-02-10T01:00:00+00:00,-2522784,5824.993
21413,2011-02-10T01:15:00+00:00,-2521884,5824.970
21413,2011-02-10T01:30:00+00:00,-2520984,5824.947
21413,2011-02-10T01:45:00+00:00,-2520084,5824.922
21413,2011-02-10T02:00:00+00:00,-2519184,5824.899
21413,2011-02-10T02:15:00+00:00,-2518284,5824.876
21413,2011-02-10T02:30:00+00:00,-2517384,5824.854
21413,2011-02-10T02:45:00+00:00,-2516484,5824.836
21413,2011-02-10T03:00:00+00:00,-2515584,5824.821
21413,2011-02-10T03:15:00+00:00,-2514684,5824.803
21413,2011-02-10T03:30:00+00:00,-2513784,5824.793
21413,2011-02-10T03:45:00+00:00,-2512884,5824.786
21413,2011-02-10T04:00:00+00:00,-2511984,5824.778
21413,2011-02-10T04:15:00+00:00,-2511084,5824.770
21413,2011-02-10T04:30:00+00:00,-2510184,5824.766
21413,2011-02-10T04:45:00+00:00,-2509284,5824.764
21413,2011-02-10T05:00:00+00:00,-2508384,5824.766
21413,2011-02-10T05:15:00+00:00,-2507484,5824.771
21413,2011-02-10T05:30:00+00:00,-2506584,5824.777
21413,2011-02-10T05:45:00+00:00,-2505684,5824.785
21413,2011-02-10T06:00:00+00:00,-2504784,5824.796
21413,2011-02-10T06:15:00+00:00,-2503884,5824.807
21413,2011-02-10T06:30:00+00:00,-2502984,5824.820
21413,2011-02-10T06:45:00+00:00,-2502084,5824.831
21413,2011-02-10T07:00:00+00:00,-2501184,5824.844
21413,2011-02-10T07:15:00+00:00,-2500284,5824.854
21413,2011-02-10T07:30:00+00:00,-2499384,5824.868
21413,2011-02-10T07:45:00+00:00,-2498484,5824.882
21413,2011-02-10T08:00:00+00:00,-2497584,5824.893
21413,2011-02-10T08:15:00+00:00,-2496684,5824.905
21413,2011-02-10T08:30:00+00:00,-2495784,5824.917
21413,2011-02-10T08:45:00+00:00,-2494884,5824.930
21413,2011-02-10T09:00:00+00:00,-2493984,5824.940
21413,2011-02-10T09:15:00+00:00,-2493084,5824.945
21413,2011-02-10T09:30:00+00:00,-2492184,5824.955
21413,2011-02-10T09:45:00+00:00,-2491284,5824.958
21413,2011-02-10T10:00:00+00:00,-2490384,5824.959
21413,2011-02-10T10:15:00+00:00,-2489484,5824.964
21413,2011-02-10T10:30:00+00:00,-2488584,5824.965
21413,2011-02-10T10:45:00+00:00,-2487684,5824.964
21413,2011-02-10T11:00:00+00:00,-2486784,5824.961
21413,2011-02-10T11:15:00+00:00,-2485884,5824.960
21413,2011-02-10T11:30:00+00:00,-2484984,5824.957
21413,2011-02-10T11:45:00+00:00,-2484084,5824.950
21413,2011-02-10T12:00:00+00:00,-2483184,5824.943
21413,2011-02-10T12:15:00+00:00,-2482284,5824.938
21413,2011-02-10T12:30:00+00:00,-2481384,5824.932
21413,2011-02-10T12:45:00+00:00,-2480484,5824.927
21413,2011-02-10T13:00:00+00:00,-2479584,5824.921
21413,2011-02-10T13:15:00+00:00,-2478684,5824.914
21413,2011-02-10T13:30:00+00:00,-2477784,5824.909
21413,2011-02-10T13:45:00+00:00,-2476884,5824.905
21413,2011-02-10T14:00:00+00:00,-2475984,5824.901
21413,2011-02-10T14:15:00+00:00,-2475084,5824.896
21413,2011-02-10T14:30:00+00:00,-2474184,5824.893
21413,2011-02-10T14:45:00+00:00,-2473284,5824.894
21413,2011-02-10T15:00:00+00:00,-2472384,5824.894
21413,2011-02-10T15:15:00+00:00,-2471484,5824.896
21413,2011-02-10T15:30:00+00:00,-2470584,5824.899
21413,2011-02-10T15:45:00+00:00,-2469684,5824.904
21413,2011-02-10T16:00:00+00:00,-2468784,5824.912
21413,2011-02-10T16:15:00+00:00,-2467884,5824.918
21413,2011-02-10T16:30:00+00:00,-2466984,5824.927
21413,2011-02-10T16:45:00+00:00,-2466084,5824.935
21413,2011-02-10T17:00:00+00:00,-2465184,5824.947
21413,2011-02-10T17:15:00+00:00,-2464284,5824.961
21413,2011-02-10T17:30:00+00:00,-2463384,5824.974
21413,2011-02-10T17:45:00+00:00,-2462484,5824.988
21413,2011-02-10T18:00:00+00:00,-2461584,5825.003
21413,2011-02-10T18:15:00+00:00,-2460684,5825.022
21413,2011-02-10T18:30:00+00:00,-2459784,5825.039
21413,2011-02-10T18:45:00+00:00,-2458884,5825.053
21413,2011-02-10T19:00:00+00:00,-2457984,5825.069
21413,2011-02-10T19:15:00+00:00,-2457084,5825.084
21413,2011-02-10T19:30:00+00:00,-2456184,5825.101
21413,2011-02-10T19:45:00+00:00,-2455284,5825.116
21413,2011-02-10T20:00:00+00:00,-2454384,5825.130
21413,2011-02-10T20:15:00+00:00,-2453484,5825.143
21413,2011-02-10T20:30:00+00:00,-2452584,5825.153
21413,2011-02-10T20:45:00+00:00,-2451684,5825.162
21413,2011-02-10T21:00:00+00:00,-2450784,5825.170
21413,2011-02-10T21:15:00+00:00,-2449884,5825.176
21413,2011-02-10T21:30:00+00:00,-2448984,5825.183
21413,2011-02-10T21:45:00+00:00,-2448084,5825.188
21413,2011-02-10T22:00:00+00:00,-2447184,5825.190
21413,2011-02-10T22:15:00+00:00,-2446284,5825.189
21413,2011-02-10T22:30:00+00:00,-2445384,5825.187
21413,2011-02-10T22:45:00+00:00,-2444484,5825.183
21413,2011-02-10T23:00:00+00:00,-2443584,5825.175
21413,2011-02-10T23:15:00+00:00,-2442684,5825.167
21413,2011-02-10T23:30:00+00:00,-2441784,5825.153
21413,2011-02-10T23:45:00+00:00,-2440884,5825.142
21413,2011-02-11T00:00:00+00:00,-2439984,5825.126
21413,2011-02-11T00:15:00+00:00,-2439084,5825.111
21413,2011-02-11T00:30:00+00:00,-2438184,5825.093
21413,2011-02-11T00:45:00+00:00,-2437284,5825.075
21413,2011-02-11T01:00:00+00:00,-2436384,5825.051
21413,2011-02-11T01:15:00+00:00,-2435484,5825.029
21413,2011-02-11T01:30:00+00:00,-2434584,5825.006
21413,2011-02-11T01:45:00+00:00,-2433684,5824.982
21413,2011-02-11T02:00:00+00:00,-2432784,5824.959
21413,2011-02-11T02:15:00+00:00,-2431884,5824.934
21413,2011-02-11T02:30:00+00:00,-2430984,5824.911
21413,2011-02-11T02:45:00+00:00,-2430084,5824.886
21413,2011-02-11T03:00:00+00:00,-2429184,5824.866
21413,2011-02-11T03:15:00+00:00,-2428284,5824.851
21413,2011-02-11T03:30:00+00:00,-2427384,5824.832
21413,2011-02-11T03:45:00+00:00,-2426484,5824.818
21413,2011-02-11T04:00:00+00:00,-2425584,5824.805
21413,2011-02-11T04:15:00+00:00,-2424684,5824.793
21413,2011-02-11T04:30:00+00:00,-2423784,5824.783
21413,2011-02-11T04:45:00+00:00,-2422884,5824.772
21413,2011-02-11T05:00:00+00:00,-2421984,5824.768
21413,2011-02-11T05:15:00+00:00,-2421084,5824.766
21413,2011-02-11T05:30:00+00:00,-2420184,5824.761
21413,2011-02-11T05:45:00+00:00,-2419284,5824.765
21413,2011-02-11T06:00:00+00:00,-2418384,5824.768
21413,2011-02-11T06:15:00+00:00,-2417484,5824.773
21413,2011-02-11T06:30:00+00:00,-2416584,5824.778
21413,2011-02-11T06:45:00+00:00,-2415684,5824.784
21413,2011-02-11T07:00:00+00:00,-2414784,5824.791
21413,2011-02-11T07:15:00+00:00,-2413884,5824.797
21413,2011-02-11T07:30:00+00:00,-2412984,5824.803
21413,2011-02-11T07:45:00+00:00,-2412084,5824.814
21413,2011-02-11T08:00:00+00:00,-2411184,5824.824
21413,2011-02-11T08:15:00+00:00,-2410284,5824.834
21413,2011-02-11T08:30:00+00:00,-2409384,5824.840
21413,2011-02-11T08:45:00+00:00,-2408484,5824.849
21413,2011-02-11T09:00:00+00:00,-2407584,5824.860
21413,2011-02-11T09:15:00+00:00,-2406684,5824.868
21413,2011-02-11T09:30:00+00:00,-2405784,5824.875
21413,2011-02-11T09:45:00+00:00,-2404884,5824.879
21413,2011-02-11T10:00:00+00:00,-2403984,5824.887
21413,2011-02-11T10:15:00+00:00,-2403084,5824.894
21413,2011-02-11T10:30:00+00:00,-2402184,5824.899
21413,2011-02-11T10:45:00+00:00,-2401284,5824.903
21413,2011-02-11T11:00:00+00:00,-2400384,5824.905
21413,2011-02-11T11:15:00+00:00,-2399484,5824.906
21413,2011-02-11T11:30:00+00:00,-2398584,5824.910
21413,2011-02-11T11:45:00+00:00,-2397684,5824.910
21413,2011-02-11T12:00:00+00:00,-2396784,5824.911
21413,2011-02-11T12:15:00+00:00,-2395884,5824.910
21413,2011-02-11T12:30:00+00:00,-2394984,5824.911
21413,2011-02-11T12:45:00+00:00,-2394084,5824.911
21413,2011-02-11T13:00:00+00:00,-2393184,5824.910
21413,2011-02-11T13:15:00+00:00,-2392284,5824.910
21413,2011-02-11T13:30:00+00:00,-2391384,5824.910
21413,2011-02-11T13:45:00+00:00,-2390484,5824.911
21413,2011-02-11T14:00:00+00:00,-2389584,5824.915
21413,2011-02-11T14:15:00+00:00,-2388684,5824.914
21413,2011-02-11T14:30:00+00:00,-2387784,5824.915
21413,2011-02-11T14:45:00+00:00,-2386884,5824.918
21413,2011-02-11T15:00:00+00:00,-2385984,5824.921
21413,2011-02-11T15:15:00+00:00,-2385084,5824.922
21413,2011-02-11T15:30:00+00:00,-2384184,5824.927
21413,2011-02-11T15:45:00+00:00,-2383284,5824.931
21413,2011-02-11T16:00:00+00:00,-2382384,5824.938
21413,2011-02-11T16:15:00+00:00,-2381484,5824.947
21413,2011-02-11T16:30:00+00:00,-2380584,5824.954
21413,2011-02-11T16:45:00+00:00,-2379684,5824.963
21413,2011-02-11T17:00:00+00:00,-2378784,5824.972
21413,2011-02-11T17:15:00+00:00,-2377884,5824.985
21413,2011-02-11T17:30:00+00:00,-2376984,5824.995
21413,2011-02-11T17:45:00+00:00,-2376084,5825.008
21413,2011-02-11T18:00:00+00:00,-2375184,5825.022
21413,2011-02-11T18:15:00+00:00,-2374284,5825.033
21413,2011-02-11T18:30:00+00:00,-2373384,5825.047
21413,2011-02-11T18:45:00+00:00,-2372484,5825.063
21413,2011-02-11T19:00:00+00:00,-2371584,5825.074
21413,2011-02-11T19:15:00+00:00,-2370684,5825.088
21413,2011-02-11T19:30:00+00:00,-2369784,5825.102
21413,2011-02-11T19:45:00+00:00,-2368884,5825.116
21413,2011-02-11T20:00:00+00:00,-2367984,5825.128
21413,2011-02-11T20:15:00+00:00,-2367084,5825.139
21413,2011-02-11T20:30:00+00:00,-2366184,5825.149
21413,2011-02-11T20:45:00+00:00,-2365284,5825.159
21413,2011-02-11T21:00:00+00:00,-2364384,5825.168
21413,2011-02-11T21:15:00+00:00,-2363484,5825.175
21413,2011-02-11T21:30:00+00:00,-2362584,5825.181
21413,2011-02-11T21:45:00+00:00,-2361684,5825.183
21413,2011-02-11T22:00:00+00:00,-2360784,5825.188
21413,2011-02-11T22:15:00+00:00,-2359884,5825.188
21413,2011-02-11T22:30:00+00:00,-2358984,5825.185
21413,2011-02-11T22:45:00+00:00,-2358084,5825.185
21413,2011-02-11T23:00:00+00:00,-2357184,5825.181
21413,2011-02-11T23:15:00+00:00,-2356284,5825.175
21413,2011-02-11T23:30:00+00:00,-2355384,5825.169
21413,2011-02-11T23:45:00+00:00,-2354484,5825.160
21413,2011-02-12T00:00:00+00:00,-2353584,5825.149
21413,2011-02-12T00:15:00+00:00,-2352684,5825.138
21413,2011-02-12T00:30:00+00:00,-2351784,5825.123
21413,2011-02-12T00:45:00+00:00,-2350884,5825.104
21413,2011-02-12T01:00:00+00:00,-2349984,5825.086
21413,2011-02-12T01:15:00+00:00,-2349084,5825.067
21413,2011-02-12T01:30:00+00:00,-2348184,5825.047
21413,2011-02-12T01:45:00+00:00,-2347284,5825.026
21413,2011-02-12T02:00:00+00:00,-2346384,5825.006
21413,2011-02-12T02:15:00+00:00,-2345484,5824.984
21413,2011-02-12T02:30:00+00:00,-2344584,5824.963
21413,2011-02-12T02:45:00+00:00,-2343684,5824.945
21413,2011-02-12T03:00:00+00:00,-2342784,5824.925
21413,2011-02-12T03:15:00+00:00,-2341884,5824.904
21413,2011-02-12T03:30:00+00:00,-2340984,5824.882
21413,2011-02-12T03:45:00+00:00,-2340084,5824.864
21413,2011-02-12T04:00:00+00:00,-2339184,5824.843
21413,2011-02-12T04:15:00+00:00,-2338284,5824.828
21413,2011-02-12T04:30:00+00:00,-2337384,5824.815
21413,2011-02-12T04:45:00+00:00,-2336484,5824.800
21413,2011-02-12T05:00:00+00:00,-2335584,5824.789
21413,2011-02-12T05:15:00+00:00,-2334684,5824.777
21413,2011-02-12T05:30:00+00:00,-2333784,5824.768
21413,2011-02-12T05:45:00+00:00,-2332884,5824.759
21413,2011-02-12T06:00:00+00:00,-2331984,5824.756
21413,2011-02-12T06:15:00+00:00,-2331084,5824.753
21413,2011-02-12T06:30:00+00:00,-2330184,5824.749
21413,2011-02-12T06:45:00+00:00,-2329284,5824.748
21413,2011-02-12T07:00:00+00:00,-2328384,5824.745
21413,2011-02-12T07:15:00+00:00,-2327484,5824.745
21413,2011-02-12T07:30:00+00:00,-2326584,5824.745
21413,2011-02-12T07:45:00+00:00,-2325684,5824.746
21413,2011-02-12T08:00:00+00:00,-2324784,5824.750
21413,2011-02-12T08:15:00+00:00,-2323884,5824.752
21413,2011-02-12T08:30:00+00:00,-2322984,5824.756
21413,2011-02-12T08:45:00+00:00,-2322084,5824.761
21413,2011-02-12T09:00:00+00:00,-2321184,5824.765
21413,2011-02-12T09:15:00+00:00,-2320284,5824.772
21413,2011-02-12T09:30:00+00:00,-2319384,5824.777
21413,2011-02-12T09:45:00+00:00,-2318484,5824.784
21413,2011-02-12T10:00:00+00:00,-2317584,5824.791
21413,2011-02-12T10:15:00+00:00,-2316684,5824.802
21413,2011-02-12T10:30:00+00:00,-2315784,5824.807
21413,2011-02-12T10:45:00+00:00,-2314884,5824.815
21413,2011-02-12T11:00:00+00:00,-2313984,5824.823
21413,2011-02-12T11:15:00+00:00,-2313084,5824.826
21413,2011-02-12T11:30:00+00:00,-2312184,5824.834
21413,2011-02-12T11:45:00+00:00,-2311284,5824.841
21413,2011-02-12T12:00:00+00:00,-2310384,5824.846
21413,2011-02-12T12:15:00+00:00,-2309484,5824.851
21413,2011-02-12T12:30:00+00:00,-2308584,5824.857
21413,2011-02-12T12:45:00+00:00,-2307684,5824.865
21413,2011-02-12T13:00:00+00:00,-2306784,5824.870
21413,2011-02-12T13:15:00+00:00,-2305884,5824.877
21413,2011-02-12T13:30:00+00:00,-2304984,5824.885
21413,2011-02-12T13:45:00+00:00,-2304084,5824.891
21413,2011-02-12T14:00:00+00:00,-2303184,5824.895
21413,2011-02-12T14:15:00+00:00,-2302284,5824.902
21413,2011-02-12T14:30:00+00:00,-2301384,5824.908
21413,2011-02-12T14:45:00+00:00,-2300484,5824.918
21413,2011-02-12T15:00:00+00:00,-2299584,5824.927
21413,2011-02-12T15:15:00+00:00,-2298684,5824.934
21413,2011-02-12T15:30:00+00:00,-2297784,5824.941
21413,2011-02-12T15:45:00+00:00,-2296884,5824.945
21413,2011-02-12T16:00:00+00:00,-2295984,5824.954
21413,2011-02-12T16:15:00+00:00,-2295084,5824.963
21413,2011-02-12T16:30:00+00:00,-2294184,5824.972
21413,2011-02-12T16:45:00+00:00,-2293284,5824.985
21413,2011-02-12T17:00:00+00:00,-2292384,5824.995
21413,2011-02-12T17:15:00+00:00,-2291484,5825.002
21413,2011-02-12T17:30:00+00:00,-2290584,5825.014
21413,2011-02-12T17:45:00+00:00,-2289684,5825.025
21413,2011-02-12T18:00:00+00:00,-2288784,5825.035
21413,2011-02-12T18:15:00+00:00,-2287884,5825.046
21413,2011-02-12T18:30:00+00:00,-2286984,5825.056
21413,2011-02-12T18:45:00+00:00,-2286084,5825.067
21413,2011-02-12T19:00:00+00:00,-2285184,5825.080
21413,2011-02-12T19:15:00+00:00,-2284284,5825.092
21413,2011-02-12T19:30:00+00:00,-2283384,5825.103
21413,2011-02-12T19:45:00+00:00,-2282484,5825.111
21413,2011-02-12T20:00:00+00:00,-2281584,5825.120
21413,2011-02-12T20:15:00+00:00,-2280684,5825.129
21413,2011-02-12T20:30:00+00:00,-2279784,5825.136
21413,2011-02-12T20:45:00+00:00,-2278884,5825.143
21413,2011-02-12T21:00:00+00:00,-2277984,5825.150
21413,2011-02-12T21:15:00+00:00,-2277084,5825.155
21413,2011-02-12T21:30:00+00:00,-2276184,5825.159
21413,2011-02-12T21:45:00+00:00,-2275284,5825.164
21413,2011-02-12T22:00:00+00:00,-2274384,5825.168
21413,2011-02-12T22:15:00+00:00,-2273484,5825.171
21413,2011-02-12T22:30:00+00:00,-2272584,5825.172
21413,2011-02-12T22:45:00+00:00,-2271684,5825.169
21413,2011-02-12T23:00:00+00:00,-2270784,5825.168
21413,2011-02-12T23:15:00+00:00,-2269884,5825.166
21413,2011-02-12T23:30:00+00:00,-2268984,5825.163
21413,2011-02-12T23:45:00+00:00,-2268084,5825.159
21413,2011-02-13T00:00:00+00:00,-2267184,5825.150
21413,2011-02-13T00:15:00+00:00,-2266284,5825.144
21413,2011-02-13T00:30:00+00:00,-2265384,5825.133
21413,2011-02-13T00:45:00+00:00,-2264484,5825.119
21413,2011-02-13T01:00:00+00:00,-2263584,5825.111
21413,2011-02-13T01:15:00+00:00,-2262684,5825.097
21413,2011-02-13T01:30:00+00:00,-2261784,5825.083
21413,2011-02-13T01:45:00+00:00,-2260884,5825.066
21413,2011-02-13T02:00:00+00:00,-2259984,5825.053
21413,2011-02-13T02:15:00+00:00,-2259084,5825.037
21413,2011-02-13T02:30:00+00:00,-2258184,5825.019
21413,2011-02-13T02:45:00+00:00,-2257284,5824.998
21413,2011-02-13T03:00:00+00:00,-2256384,5824.980
21413,2011-02-13T03:15:00+00:00,-2255484,5824.960
21413,2011-02-13T03:30:00+00:00,-2254584,5824.945
21413,2011-02-13T03:45:00+00:00,-2253684,5824.925
21413,2011-02-13T04:00:00+00:00,-2252784,5824.907
21413,2011-02-13T04:15:00+00:00,-2251884,5824.891
21413,2011-02-13T04:30:00+00:00,-2250984,5824.872
21413,2011-02-13T04:45:00+00:00,-2250084,5824.859
21413,2011-02-13T05:00:00+00:00,-2249184,5824.842
21413,2011-02-13T05:15:00+00:00,-2248284,5824.827
21413,2011-02-13T05:30:00+00:00,-2247384,5824.812
21413,2011-02-13T05:45:00+00:00,-2246484,5824.800
21413,2011-02-13T06:00:00+00:00,-2245584,5824.787
21413,2011-02-13T06:15:00+00:00,-2244684,5824.775
21413,2011-02-13T06:30:00+00:00,-2243784,5824.763
21413,2011-02-13T06:45:00+00:00,-2242884,5824.753
21413,2011-02-13T07:00:00+00:00,-2241984,5824.744
21413,2011-02-13T07:15:00+00:00,-2241084,5824.738
21413,2011-02-13T07:30:00+00:00,-2240184,5824.735
21413,2011-02-13T07:45:00+00:00,-2239284,5824.729
21413,2011-02-13T08:00:00+00:00,-2238384,5824.723
21413,2011-02-13T08:15:00+00:00,-2237484,5824.723
21413,2011-02-13T08:30:00+00:00,-2236584,5824.719
21413,2011-02-13T08:45:00+00:00,-2235684,5824.719
21413,2011-02-13T09:00:00+00:00,-2234784,5824.720
21413,2011-02-13T09:15:00+00:00,-2233884,5824.721
21413,2011-02-13T09:30:00+00:00,-2232984,5824.722
21413,2011-02-13T09:45:00+00:00,-2232084,5824.724
21413,2011-02-13T10:00:00+00:00,-2231184,5824.728
21413,2011-02-13T10:15:00+00:00,-2230284,5824.735
21413,2011-02-13T10:30:00+00:00,-2229384,5824.738
21413,2011-02-13T10:45:00+00:00,-2228484,5824.745
21413,2011-02-13T11:00:00+00:00,-2227584,5824.753
21413,2011-02-13T11:15:00+00:00,-2226684,5824.758
21413,2011-02-13T11:30:00+00:00,-2225784,5824.765
21413,2011-02-13T11:45:00+00:00,-2224884,5824.775
21413,2011-02-13T12:00:00+00:00,-2223984,5824.786
21413,2011-02-14T03:15:00+00:00,-2169084,5825.055
21413,2011-02-14T03:30:00+00:00,-2168184,5825.042
21413,2011-02-14T03:45:00+00:00,-2167284,5825.023
21413,2011-02-14T04:00:00+00:00,-2166384,5825.009
21413,2011-02-14T04:15:00+00:00,-2165484,5824.988
21413,2011-02-14T04:30:00+00:00,-2164584,5824.975
21413,2011-02-14T04:45:00+00:00,-2163684,5824.958
21413,2011-02-14T05:00:00+00:00,-2162784,5824.941
21413,2011-02-14T05:15:00+00:00,-2161884,5824.926
21413,2011-02-14T05:30:00+00:00,-2160984,5824.906
21413,2011-02-14T05:45:00+00:00,-2160084,5824.886
21413,2011-02-14T06:00:00+00:00,-2159184,5824.872
21413,2011-02-14T06:15:00+00:00,-2158284,5824.855
21413,2011-02-14T06:30:00+00:00,-2157384,5824.840
21413,2011-02-14T06:45:00+00:00,-2156484,5824.819
21413,2011-02-14T07:00:00+00:00,-2155584,5824.803
21413,2011-02-14T07:15:00+00:00,-2154684,5824.786
21413,2011-02-14T07:30:00+00:00,-2153784,5824.770
21413,2011-02-14T07:45:00+00:00,-2152884,5824.757
21413,2011-02-14T08:00:00+00:00,-2151984,5824.743
21413,2011-02-14T08:15:00+00:00,-2151084,5824.731
21413,2011-02-14T08:30:00+00:00,-2150184,5824.716
21413,2011-02-14T08:45:00+00:00,-2149284,5824.705
21413,2011-02-14T09:00:00+00:00,-2148384,5824.699
21413,2011-02-14T09:15:00+00:00,-2147484,5824.691
21413,2011-02-14T09:30:00+00:00,-2146584,5824.681
21413,2011-02-14T09:45:00+00:00,-2145684,5824.679
21413,2011-02-14T10:00:00+00:00,-2144784,5824.675
21413,2011-02-14T10:15:00+00:00,-2143884,5824.675
21413,2011-02-14T10:30:00+00:00,-2142984,5824.672
21413,2011-02-14T10:45:00+00:00,-2142084,5824.676
21413,2011-02-14T11:00:00+00:00,-2141184,5824.678
21413,2011-02-14T11:15:00+00:00,-2140284,5824.681
21413,2011-02-14T11:30:00+00:00,-2139384,5824.685
21413,2011-02-14T11:45:00+00:00,-2138484,5824.695
21413,2011-02-14T12:00:00+00:00,-2137584,5824.702
21413,2011-02-14T12:15:00+00:00,-2136684,5824.711
21413,2011-02-14T12:30:00+00:00,-2135784,5824.724
21413,2011-02-14T12:45:00+00:00,-2134884,5824.741
21413,2011-02-14T13:00:00+00:00,-2133984,5824.756
21413,2011-02-14T13:15:00+00:00,-2133084,5824.774
21413,2011-02-14T13:30:00+00:00,-2132184,5824.791
21413,2011-02-14T13:45:00+00:00,-2131284,5824.808
21413,2011-02-14T14:00:00+00:00,-2130384,5824.825
21413,2011-02-14T14:15:00+00:00,-2129484,5824.845
21413,2011-02-14T14:30:00+00:00,-2128584,5824.864
21413,2011-02-14T14:45:00+00:00,-2127684,5824.885
21413,2011-02-14T15:00:00+00:00,-2126784,5824.904
21413,2011-02-15T13:15:00+00:00,-2046684,5824.676
21413,2011-02-15T13:30:00+00:00,-2045784,5824.696
21413,2011-02-15T13:45:00+00:00,-2044884,5824.716
21413,2011-02-15T14:00:00+00:00,-2043984,5824.739
21413,2011-02-15T14:15:00+00:00,-2043084,5824.760
21413,2011-02-15T14:30:00+00:00,-2042184,5824.786
21413,2011-02-15T14:45:00+00:00,-2041284,5824.809
21413,2011-02-15T15:00:00+00:00,-2040384,5824.832
21413,2011-02-15T15:15:00+00:00,-2039484,5824.858
21413,2011-02-15T15:30:00+00:00,-2038584,5824.880
21413,2011-02-15T15:45:00+00:00,-2037684,5824.903
21413,2011-02-15T16:00:00+00:00,-2036784,5824.928
21413,2011-02-15T16:15:00+00:00,-2035884,5824.947
21413,2011-02-15T16:30:00+00:00,-2034984,5824.968
21413,2011-02-15T16:45:00+00:00,-2034084,5824.988
21413,2011-02-15T17:00:00+00:00,-2033184,5825.005
21413,2011-02-15T17:15:00+00:00,-2032284,5825.020
21413,2011-02-15T17:30:00+00:00,-2031384,5825.037
21413,2011-02-15T17:45:00+00:00,-2030484,5825.050
21413,2011-02-15T18:00:00+00:00,-2029584,5825.063
21413,2011-02-15T18:15:00+00:00,-2028684,5825.071
21413,2011-02-15T18:30:00+00:00,-2027784,5825.083
21413,2011-02-15T18:45:00+00:00,-2026884,5825.093
21413,2011-02-15T19:00:00+00:00,-2025984,5825.102
21413,2011-02-15T19:15:00+00:00,-2025084,5825.108
21413,2011-02-15T19:30:00+00:00,-2024184,5825.114
21413,2011-02-15T19:45:00+00:00,-2023284,5825.116
21413,2011-02-15T20:00:00+00:00,-2022384,5825.118
21413,2011-02-15T20:15:00+00:00,-2021484,5825.118
21413,2011-02-15T20:30:00+00:00,-2020584,5825.120
21413,2011-02-15T20:45:00+00:00,-2019684,5825.118
21413,2011-02-15T21:00:00+00:00,-2018784,5825.120
21413,2011-02-15T21:15:00+00:00,-2017884,5825.117
21413,2011-02-15T21:30:00+00:00,-2016984,5825.115
21413,2011-02-15T21:45:00+00:00,-2016084,5825.115
21413,2011-02-15T22:00:00+00:00,-2015184,5825.114
21413,2011-02-15T22:15:00+00:00,-2014284,5825.112
21413,2011-02-15T22:30:00+00:00,-2013384,5825.110
21413,2011-02-15T22:45:00+00:00,-2012484,5825.109
21413,2011-02-15T23:00:00+00:00,-2011584,5825.105
21413,2011-02-15T23:15:00+00:00,-2010684,5825.104
21413,2011-02-15T23:30:00+00:00,-2009784,5825.104
21413,2011-02-15T23:45:00+00:00,-2008884,5825.104
21413,2011-02-16T00:00:00+00:00,-2007984,5825.106
21413,2011-02-16T00:15:00+00:00,-2007084,5825.107
21413,2011-02-16T00:30:00+00:00,-2006184,5825.109
21413,2011-02-16T00:45:00+00:00,-2005284,5825.112
21413,2011-02-16T01:00:00+00:00,-2004384,5825.112
21413,2011-02-16T01:15:00+00:00,-2003484,5825.114
21413,2011-02-16T01:30:00+00:00,-2002584,5825.115
21413,2011-02-16T01:45:00+00:00,-2001684,5825.117
21413,2011-02-16T02:00:00+00:00,-2000784,5825.120
21413,2011-02-16T02:15:00+00:00,-1999884,5825.123
21413,2011-02-16T02:30:00+00:00,-1998984,5825.126
21413,2011-02-16T02:45:00+00:00,-1998084,5825.130
21413,2011-02-16T03:00:00+00:00,-1997184,5825.130
21413,2011-02-16T03:15:00+00:00,-1996284,5825.132
21413,2011-02-16T03:30:00+00:00,-1995384,5825.134
21413,2011-02-16T03:45:00+00:00,-1994484,5825.132
21413,2011-02-16T04:00:00+00:00,-1993584,5825.131
21413,2011-02-16T04:15:00+00:00,-1992684,5825.126
21413,2011-02-16T04:30:00+00:00,-1991784,5825.122
21413,2011-02-16T04:45:00+00:00,-1990884,5825.117
21413,2011-02-16T05:00:00+00:00,-1989984,5825.108
21413,2011-02-16T05:15:00+00:00,-1989084,5825.097
21413,2011-02-16T05:30:00+00:00,-1988184,5825.083
21413,2011-02-16T05:45:00+00:00,-1987284,5825.070
21413,2011-02-16T06:00:00+00:00,-1986384,5825.053
21413,2011-02-16T06:15:00+00:00,-1985484,5825.032
21413,2011-02-16T06:30:00+00:00,-1984584,5825.010
21413,2011-02-16T06:45:00+00:00,-1983684,5824.988
21413,2011-02-16T07:00:00+00:00,-1982784,5824.964
21413,2011-02-16T07:15:00+00:00,-1981884,5824.937
21413,2011-02-16T07:30:00+00:00,-1980984,5824.908
21413,2011-02-16T07:45:00+00:00,-1980084,5824.884
21413,2011-02-16T08:00:00+00:00,-1979184,5824.851
21413,2011-02-16T08:15:00+00:00,-1978284,5824.825
21413,2011-02-16T08:30:00+00:00,-1977384,5824.794
21413,2011-02-16T08:45:00+00:00,-1976484,5824.766
21413,2011-02-16T09:00:00+00:00,-1975584,5824.735
21413,2011-02-16T09:15:00+00:00,-1974684,5824.707
21413,2011-02-16T09:30:00+00:00,-1973784,5824.679
21413,2011-02-16T09:45:00+00:00,-1972884,5824.650
21413,2011-02-16T10:00:00+00:00,-1971984,5824.627
21413,2011-02-16T10:15:00+00:00,-1971084,5824.606
21413,2011-02-16T10:30:00+00:00,-1970184,5824.586
21413,2011-02-16T10:45:00+00:00,-1969284,5824.571
21413,2011-02-16T11:00:00+00:00,-1968384,5824.557
21413,2011-02-16T11:15:00+00:00,-1967484,5824.548
21413,2011-02-16T11:30:00+00:00,-1966584,5824.539
21413,2011-02-16T11:45:00+00:00,-1965684,5824.534
21413,2011-02-16T12:00:00+00:00,-1964784,5824.533
21413,2011-02-16T12:15:00+00:00,-1963884,5824.537
21413,2011-02-16T12:30:00+00:00,-1962984,5824.541
21413,2011-02-16T12:45:00+00:00,-1962084,5824.550
21413,2011-02-16T13:00:00+00:00,-1961184,5824.560
21413,2011-02-16T22:45:00+00:00,-1926084,5825.041
21413,2011-02-16T23:00:00+00:00,-1925184,5825.037
21413,2011-02-16T23:15:00+00:00,-1924284,5825.031
21413,2011-02-16T23:30:00+00:00,-1923384,5825.031
21413,2011-02-16T23:45:00+00:00,-1922484,5825.029
21413,2011-02-17T00:00:00+00:00,-1921584,5825.034
21413,2011-02-17T00:15:00+00:00,-1920684,5825.035
21413,2011-02-17T00:30:00+00:00,-1919784,5825.034
21413,2011-02-17T00:45:00+00:00,-1918884,5825.038
21413,2011-02-17T01:00:00+00:00,-1917984,5825.039
21413,2011-02-17T01:15:00+00:00,-1917084,5825.041
21413,2011-02-17T01:30:00+00:00,-1916184,5825.046
21413,2011-02-17T01:45:00+00:00,-1915284,5825.052
21413,2011-02-17T02:00:00+00:00,-1914384,5825.058
21413,2011-02-17T02:15:00+00:00,-1913484,5825.067
21413,2011-02-17T02:30:00+00:00,-1912584,5825.072
21413,2011-02-17T02:45:00+00:00,-1911684,5825.083
21413,2011-02-17T03:00:00+00:00,-1910784,5825.093
21413,2011-02-17T16:45:00+00:00,-1861284,5824.864
21413,2011-02-17T17:00:00+00:00,-1860384,5824.893
21413,2011-02-17T17:15:00+00:00,-1859484,5824.916
21413,2011-02-17T17:30:00+00:00,-1858584,5824.941
21413,2011-02-17T17:45:00+00:00,-1857684,5824.959
21413,2011-02-17T18:00:00+00:00,-1856784,5824.980
21413,2011-02-17T18:15:00+00:00,-1855884,5825.000
21413,2011-02-17T18:30:00+00:00,-1854984,5825.015
21413,2011-02-17T18:45:00+00:00,-1854084,5825.027
21413,2011-02-17T19:00:00+00:00,-1853184,5825.038
21413,2011-02-17T19:15:00+00:00,-1852284,5825.042
21413,2011-02-17T19:30:00+00:00,-1851384,5825.045
21413,2011-02-17T19:45:00+00:00,-1850484,5825.049
21413,2011-02-17T20:00:00+00:00,-1849584,5825.050
21413,2011-02-17T20:15:00+00:00,-1848684,5825.049
21413,2011-02-17T20:30:00+00:00,-1847784,5825.047
21413,2011-02-17T20:45:00+00:00,-1846884,5825.042
21413,2011-02-17T21:00:00+00:00,-1845984,5825.039
21413,2011-02-17T21:15:00+00:00,-1845084,5825.033
21413,2011-02-17T21:30:00+00:00,-1844184,5825.025
21413,2011-02-17T21:45:00+00:00,-1843284,5825.017
21413,2011-02-17T22:00:00+00:00,-1842384,5825.009
21413,2011-02-17T22:15:00+00:00,-1841484,5825.001
21413,2011-02-17T22:30:00+00:00,-1840584,5824.993
21413,2011-02-17T22:45:00+00:00,-1839684,5824.983
21413,2011-02-17T23:00:00+00:00,-1838784,5824.976
21413,2011-02-17T23:15:00+00:00,-1837884,5824.970
21413,2011-02-17T23:30:00+00:00,-1836984,5824.962
21413,2011-02-17T23:45:00+00:00,-1836084,5824.960
21413,2011-02-18T00:00:00+00:00,-1835184,5824.957
21413,2011-02-18T00:15:00+00:00,-1834284,5824.959
21413,2011-02-18T00:30:00+00:00,-1833384,5824.957
21413,2011-02-18T00:45:00+00:00,-1832484,5824.959
21413,2011-02-18T01:00:00+00:00,-1831584,5824.962
21413,2011-02-18T01:15:00+00:00,-1830684,5824.962
21413,2011-02-18T01:30:00+00:00,-1829784,5824.967
21413,2011-02-18T01:45:00+00:00,-1828884,5824.977
21413,2011-02-18T02:00:00+00:00,-1827984,5824.986
21413,2011-02-18T02:15:00+00:00,-1827084,5824.995
21413,2011-02-18T02:30:00+00:00,-1826184,5825.007
21413,2011-02-18T02:45:00+00:00,-1825284,5825.022
21413,2011-02-18T03:00:00+00:00,-1824384,5825.033
21413,2011-02-18T03:15:00+00:00,-1823484,5825.046
21413,2011-02-18T03:30:00+00:00,-1822584,5825.061
21413,2011-02-18T03:45:00+00:00,-1821684,5825.074
21413,2011-02-18T04:00:00+00:00,-1820784,5825.090
21413,2011-02-18T04:15:00+00:00,-1819884,5825.105
21413,2011-02-18T04:30:00+00:00,-1818984,5825.118
21413,2011-02-18T04:45:00+00:00,-1818084,5825.128
21413,2011-02-18T05:00:00+00:00,-1817184,5825.138
21413,2011-02-18T17:30:00+00:00,-1772184,5824.912
21413,2011-02-18T17:45:00+00:00,-1771284,5824.935
21413,2011-02-18T18:00:00+00:00,-1770384,5824.957
21413,2011-02-18T18:15:00+00:00,-1769484,5824.978
21413,2011-02-18T18:30:00+00:00,-1768584,5824.998
21413,2011-02-18T18:45:00+00:00,-1767684,5825.012
21413,2011-02-18T19:00:00+00:00,-1766784,5825.023
21413,2011-02-18T19:15:00+00:00,-1765884,5825.031
21413,2011-02-18T19:30:00+00:00,-1764984,5825.037
21413,2011-02-18T19:45:00+00:00,-1764084,5825.040
21413,2011-02-18T20:00:00+00:00,-1763184,5825.039
21413,2011-02-18T20:15:00+00:00,-1762284,5825.040
21413,2011-02-18T20:30:00+00:00,-1761384,5825.040
21413,2011-02-18T20:45:00+00:00,-1760484,5825.037
21413,2011-02-18T21:00:00+00:00,-1759584,5825.029
21413,2011-02-18T21:15:00+00:00,-1758684,5825.021
21413,2011-02-18T21:30:00+00:00,-1757784,5825.012
21413,2011-02-18T21:45:00+00:00,-1756884,5824.998
21413,2011-02-18T22:00:00+00:00,-1755984,5824.987
21413,2011-02-18T22:15:00+00:00,-1755084,5824.975
21413,2011-02-18T22:30:00+00:00,-1754184,5824.961
21413,2011-02-18T22:45:00+00:00,-1753284,5824.948
21413,2011-02-18T23:00:00+00:00,-1752384,5824.934
21413,2011-02-18T23:15:00+00:00,-1751484,5824.921
21413,2011-02-18T23:30:00+00:00,-1750584,5824.912
21413,2011-02-18T23:45:00+00:00,-1749684,5824.900
21413,2011-02-19T00:00:00+00:00,-1748784,5824.892
21413,2011-02-19T00:15:00+00:00,-1747884,5824.885
21413,2011-02-19T00:30:00+00:00,-1746984,5824.879
21413,2011-02-19T00:45:00+00:00,-1746084,5824.875
21413,2011-02-19T01:00:00+00:00,-1745184,5824.873
21413,2011-02-19T01:15:00+00:00,-1744284,5824.873
21413,2011-02-19T01:30:00+00:00,-1743384,5824.876
21413,2011-02-19T01:45:00+00:00,-1742484,5824.883
21413,2011-02-19T02:00:00+00:00,-1741584,5824.891
21413,2011-02-19T02:15:00+00:00,-1740684,5824.900
21413,2011-02-19T02:30:00+00:00,-1739784,5824.912
21413,2011-02-19T02:45:00+00:00,-1738884,5824.926
21413,2011-02-19T03:00:00+00:00,-1737984,5824.941
21413,2011-02-19T03:15:00+00:00,-1737084,5824.957
21413,2011-02-19T03:30:00+00:00,-1736184,5824.978
21413,2011-02-19T03:45:00+00:00,-1735284,5824.996
21413,2011-02-19T04:00:00+00:00,-1734384,5825.016
21413,2011-02-19T04:15:00+00:00,-1733484,5825.035
21413,2011-02-19T04:30:00+00:00,-1732584,5825.054
21413,2011-02-19T04:45:00+00:00,-1731684,5825.073
21413,2011-02-19T05:00:00+00:00,-1730784,5825.094
21413,2011-02-19T05:15:00+00:00,-1729884,5825.111
21413,2011-02-19T05:30:00+00:00,-1728984,5825.129
21413,2011-02-19T05:45:00+00:00,-1728084,5825.141
21413,2011-02-19T06:00:00+00:00,-1727184,5825.155
21413,2011-02-19T06:15:00+00:00,-1726284,5825.167
21413,2011-02-19T06:30:00+00:00,-1725384,5825.173
21413,2011-02-19T06:45:00+00:00,-1724484,5825.175
21413,2011-02-19T07:00:00+00:00,-1723584,5825.174
21413,2011-02-20T00:30:00+00:00,-1660584,5824.807
21413,2011-02-20T00:45:00+00:00,-1659684,5824.796
21413,2011-02-20T01:00:00+00:00,-1658784,5824.782
21413,2011-02-20T01:15:00+00:00,-1657884,5824.778
21413,2011-02-20T01:30:00+00:00,-1656984,5824.772
21413,2011-02-20T01:45:00+00:00,-1656084,5824.770
21413,2011-02-20T02:00:00+00:00,-1655184,5824.775
21413,2011-02-20T02:15:00+00:00,-1654284,5824.783
21413,2011-02-20T02:30:00+00:00,-1653384,5824.789
21413,2011-02-20T02:45:00+00:00,-1652484,5824.803
21413,2011-02-20T03:00:00+00:00,-1651584,5824.817
21413,2011-02-20T03:15:00+00:00,-1650684,5824.833
21413,2011-02-20T03:30:00+00:00,-1649784,5824.856
21413,2011-02-20T03:45:00+00:00,-1648884,5824.874
21413,2011-02-20T04:00:00+00:00,-1647984,5824.891
21413,2011-02-20T04:15:00+00:00,-1647084,5824.912
21413,2011-02-20T04:30:00+00:00,-1646184,5824.933
21413,2011-02-20T04:45:00+00:00,-1645284,5824.959
21413,2011-02-20T05:00:00+00:00,-1644384,5824.981
21413,2011-02-20T05:15:00+00:00,-1643484,5825.006
21413,2011-02-20T05:30:00+00:00,-1642584,5825.028
21413,2011-02-20T05:45:00+00:00,-1641684,5825.048
21413,2011-02-20T06:00:00+00:00,-1640784,5825.070
21413,2011-02-20T06:15:00+00:00,-1639884,5825.087
21413,2011-02-20T06:30:00+00:00,-1638984,5825.101
21413,2011-02-20T06:45:00+00:00,-1638084,5825.114
21413,2011-02-20T07:00:00+00:00,-1637184,5825.124
21413,2011-02-20T07:15:00+00:00,-1636284,5825.131
21413,2011-02-20T07:30:00+00:00,-1635384,5825.134
21413,2011-02-20T07:45:00+00:00,-1634484,5825.136
21413,2011-02-20T08:00:00+00:00,-1633584,5825.131
21413,2011-02-20T08:15:00+00:00,-1632684,5825.125
21413,2011-02-20T08:30:00+00:00,-1631784,5825.117
21413,2011-02-20T08:45:00+00:00,-1630884,5825.100
21413,2011-02-20T09:00:00+00:00,-1629984,5825.085
21413,2011-02-20T09:15:00+00:00,-1629084,5825.070
21413,2011-02-20T09:30:00+00:00,-1628184,5825.049
21413,2011-02-20T09:45:00+00:00,-1627284,5825.025
21413,2011-02-20T10:00:00+00:00,-1626384,5825.001
21413,2011-02-20T10:15:00+00:00,-1625484,5824.974
21413,2011-02-20T10:30:00+00:00,-1624584,5824.944
21413,2011-02-20T10:45:00+00:00,-1623684,5824.914
21413,2011-02-20T11:00:00+00:00,-1622784,5824.886
21413,2011-02-20T11:15:00+00:00,-1621884,5824.859
21413,2011-02-20T11:30:00+00:00,-1620984,5824.826
21413,2011-02-20T11:45:00+00:00,-1620084,5824.797
21413,2011-02-20T12:00:00+00:00,-1619184,5824.771
21413,2011-02-20T12:15:00+00:00,-1618284,5824.748
21413,2011-02-20T12:30:00+00:00,-1617384,5824.727
21413,2011-02-20T12:45:00+00:00,-1616484,5824.709
21413,2011-02-20T13:00:00+00:00,-1615584,5824.696
21413,2011-02-20T13:15:00+00:00,-1614684,5824.684
21413,2011-02-20T13:30:00+00:00,-1613784,5824.675
21413,2011-02-20T13:45:00+00:00,-1612884,5824.669
21413,2011-02-20T14:00:00+00:00,-1611984,5824.667
21413,2011-02-20T14:15:00+00:00,-1611084,5824.668
21413,2011-02-20T14:30:00+00:00,-1610184,5824.673
21413,2011-02-20T14:45:00+00:00,-1609284,5824.685
21413,2011-02-20T15:00:00+00:00,-1608384,5824.697
21413,2011-02-20T15:15:00+00:00,-1607484,5824.716
21413,2011-02-20T15:30:00+00:00,-1606584,5824.737
21413,2011-02-20T15:45:00+00:00,-1605684,5824.754
21413,2011-02-20T16:00:00+00:00,-1604784,5824.775
21413,2011-02-20T16:15:00+00:00,-1603884,5824.794
21413,2011-02-20T16:30:00+00:00,-1602984,5824.819
21413,2011-02-20T16:45:00+00:00,-1602084,5824.844
21413,2011-02-20T17:00:00+00:00,-1601184,5824.871
21413,2011-02-20T17:15:00+00:00,-1600284,5824.896
21413,2011-02-20T17:30:00+00:00,-1599384,5824.917
21413,2011-02-20T17:45:00+00:00,-1598484,5824.941
21413,2011-02-20T18:00:00+00:00,-1597584,5824.964
21413,2011-02-20T18:15:00+00:00,-1596684,5824.986
21413,2011-02-20T18:30:00+00:00,-1595784,5825.006
21413,2011-02-20T18:45:00+00:00,-1594884,5825.023
21413,2011-02-20T19:00:00+00:00,-1593984,5825.037
21413,2011-02-20T19:15:00+00:00,-1593084,5825.051
21413,2011-02-20T19:30:00+00:00,-1592184,5825.060
21413,2011-02-20T19:45:00+00:00,-1591284,5825.065
21413,2011-02-20T20:00:00+00:00,-1590384,5825.069
21413,2011-02-20T20:15:00+00:00,-1589484,5825.070
21413,2011-02-20T20:30:00+00:00,-1588584,5825.065
21413,2011-02-20T20:45:00+00:00,-1587684,5825.061
21413,2011-02-20T21:00:00+00:00,-1586784,5825.051
21413,2011-02-20T21:15:00+00:00,-1585884,5825.037
21413,2011-02-20T21:30:00+00:00,-1584984,5825.022
21413,2011-02-20T21:45:00+00:00,-1584084,5825.002
21413,2011-02-20T22:00:00+00:00,-1583184,5824.983
21413,2011-02-20T22:15:00+00:00,-1582284,5824.962
21413,2011-02-20T22:30:00+00:00,-1581384,5824.938
21413,2011-02-20T22:45:00+00:00,-1580484,5824.914
21413,2011-02-20T23:00:00+00:00,-1579584,5824.892
21413,2011-02-20T23:15:00+00:00,-1578684,5824.870
21413,2011-02-20T23:30:00+00:00,-1577784,5824.846
21413,2011-02-20T23:45:00+00:00,-1576884,5824.826
21413,2011-02-21T00:00:00+00:00,-1575984,5824.801
21413,2011-02-21T00:15:00+00:00,-1575084,5824.780
21413,2011-02-21T00:30:00+00:00,-1574184,5824.757
21413,2011-02-21T00:45:00+00:00,-1573284,5824.738
21413,2011-02-21T01:00:00+00:00,-1572384,5824.720
21413,2011-02-21T01:15:00+00:00,-1571484,5824.704
21413,2011-02-21T01:30:00+00:00,-1570584,5824.693
21413,2011-02-21T01:45:00+00:00,-1569684,5824.682
21413,2011-02-21T02:00:00+00:00,-1568784,5824.675
21413,2011-02-21T02:15:00+00:00,-1567884,5824.672
21413,2011-02-21T02:30:00+00:00,-1566984,5824.672
21413,2011-02-21T02:45:00+00:00,-1566084,5824.676
21413,2011-02-21T03:00:00+00:00,-1565184,5824.683
21413,2011-02-21T03:15:00+00:00,-1564284,5824.691
21413,2011-02-21T03:30:00+00:00,-1563384,5824.707
21413,2011-02-21T03:45:00+00:00,-1562484,5824.722
21413,2011-02-21T04:00:00+00:00,-1561584,5824.740
21413,2011-02-21T04:15:00+00:00,-1560684,5824.755
21413,2011-02-21T04:30:00+00:00,-1559784,5824.776
21413,2011-02-21T04:45:00+00:00,-1558884,5824.797
21413,2011-02-21T05:00:00+00:00,-1557984,5824.821
21413,2011-02-21T05:15:00+00:00,-1557084,5824.842
21413,2011-02-21T05:30:00+00:00,-1556184,5824.866
21413,2011-02-21T05:45:00+00:00,-1555284,5824.889
21413,2011-02-21T06:00:00+00:00,-1554384,5824.913
21413,2011-02-21T06:15:00+00:00,-1553484,5824.934
21413,2011-02-21T06:30:00+00:00,-1552584,5824.954
21413,2011-02-21T06:45:00+00:00,-1551684,5824.975
21413,2011-02-21T07:00:00+00:00,-1550784,5824.992
21413,2011-02-21T07:15:00+00:00,-1549884,5825.007
21413,2011-02-21T07:30:00+00:00,-1548984,5825.021
21413,2011-02-21T07:45:00+00:00,-1548084,5825.033
21413,2011-02-21T08:00:00+00:00,-1547184,5825.038
21413,2011-02-21T08:15:00+00:00,-1546284,5825.040
21413,2011-02-21T08:30:00+00:00,-1545384,5825.041
21413,2011-02-21T08:45:00+00:00,-1544484,5825.041
21413,2011-02-21T09:00:00+00:00,-1543584,5825.034
21413,2011-02-21T09:15:00+00:00,-1542684,5825.026
21413,2011-02-21T09:30:00+00:00,-1541784,5825.015
21413,2011-02-21T09:45:00+00:00,-1540884,5825.000
21413,2011-02-21T10:00:00+00:00,-1539984,5824.984
21413,2011-02-21T10:15:00+00:00,-1539084,5824.967
21413,2011-02-21T10:30:00+00:00,-1538184,5824.946
21413,2011-02-21T10:45:00+00:00,-1537284,5824.925
21413,2011-02-21T11:00:00+00:00,-1536384,5824.902
21413,2011-02-21T11:15:00+00:00,-1535484,5824.877
21413,2011-02-21T11:30:00+00:00,-1534584,5824.854
21413,2011-02-21T11:45:00+00:00,-1533684,5824.831
21413,2011-02-21T12:00:00+00:00,-1532784,5824.810
21413,2011-02-21T12:15:00+00:00,-1531884,5824.788
21413,2011-02-21T12:30:00+00:00,-1530984,5824.769
21413,2011-02-21T12:45:00+00:00,-1530084,5824.751
21413,2011-02-21T13:00:00+00:00,-1529184,5824.732
21413,2011-02-21T13:15:00+00:00,-1528284,5824.718
21413,2011-02-21T13:30:00+00:00,-1527384,5824.708
21413,2011-02-21T13:45:00+00:00,-1526484,5824.700
21413,2011-02-21T14:00:00+00:00,-1525584,5824.696
21413,2011-02-21T14:15:00+00:00,-1524684,5824.696
21413,2011-02-21T14:30:00+00:00,-1523784,5824.697
21413,2011-02-21T14:45:00+00:00,-1522884,5824.702
21413,2011-02-21T15:00:00+00:00,-1521984,5824.710
21413,2011-02-21T15:15:00+00:00,-1521084,5824.720
21413,2011-02-21T15:30:00+00:00,-1520184,5824.735
21413,2011-02-21T15:45:00+00:00,-1519284,5824.753
21413,2011-02-21T16:00:00+00:00,-1518384,5824.775
21413,2011-02-21T16:15:00+00:00,-1517484,5824.794
21413,2011-02-21T16:30:00+00:00,-1516584,5824.818
21413,2011-02-21T16:45:00+00:00,-1515684,5824.842
21413,2011-02-21T17:00:00+00:00,-1514784,5824.865
21413,2011-02-21T17:15:00+00:00,-1513884,5824.888
21413,2011-02-21T17:30:00+00:00,-1512984,5824.912
21413,2011-02-21T17:45:00+00:00,-1512084,5824.938
21413,2011-02-21T18:00:00+00:00,-1511184,5824.961
21413,2011-02-21T18:15:00+00:00,-1510284,5824.985
21413,2011-02-21T18:30:00+00:00,-1509384,5825.006
21413,2011-02-21T18:45:00+00:00,-1508484,5825.023
21413,2011-02-21T19:00:00+00:00,-1507584,5825.039
21413,2011-02-21T19:15:00+00:00,-1506684,5825.056
21413,2011-02-21T19:30:00+00:00,-1505784,5825.068
21413,2011-02-21T19:45:00+00:00,-1504884,5825.077
21413,2011-02-21T20:00:00+00:00,-1503984,5825.082
21413,2011-02-21T20:15:00+00:00,-1503084,5825.085
21413,2011-02-21T20:30:00+00:00,-1502184,5825.085
21413,2011-02-21T20:45:00+00:00,-1501284,5825.084
21413,2011-02-21T21:00:00+00:00,-1500384,5825.077
21413,2011-02-21T21:15:00+00:00,-1499484,5825.067
21413,2011-02-21T21:30:00+00:00,-1498584,5825.053
21413,2011-02-21T21:45:00+00:00,-1497684,5825.037
21413,2011-02-21T22:00:00+00:00,-1496784,5825.020
21413,2011-02-21T22:15:00+00:00,-1495884,5824.996
21413,2011-02-21T22:30:00+00:00,-1494984,5824.969
21413,2011-02-21T22:45:00+00:00,-1494084,5824.942
21413,2011-02-21T23:00:00+00:00,-1493184,5824.916
21413,2011-02-21T23:15:00+00:00,-1492284,5824.887
21413,2011-02-21T23:30:00+00:00,-1491384,5824.860
21413,2011-02-21T23:45:00+00:00,-1490484,5824.833
21413,2011-02-22T00:00:00+00:00,-1489584,5824.807
21413,2011-02-22T00:15:00+00:00,-1488684,5824.778
21413,2011-02-22T00:30:00+00:00,-1487784,5824.752
21413,2011-02-22T00:45:00+00:00,-1486884,5824.727
21413,2011-02-22T01:00:00+00:00,-1485984,5824.701
21413,2011-02-22T01:15:00+00:00,-1485084,5824.677
21413,2011-02-22T01:30:00+00:00,-1484184,5824.657
21413,2011-02-22T01:45:00+00:00,-1483284,5824.638
21413,2011-02-22T02:00:00+00:00,-1482384,5824.625
21413,2011-02-22T02:15:00+00:00,-1481484,5824.615
21413,2011-02-22T02:30:00+00:00,-1480584,5824.609
21413,2011-02-22T02:45:00+00:00,-1479684,5824.604
21413,2011-02-22T03:00:00+00:00,-1478784,5824.601
21413,2011-02-22T03:15:00+00:00,-1477884,5824.603
21413,2011-02-22T03:30:00+00:00,-1476984,5824.607
21413,2011-02-22T03:45:00+00:00,-1476084,5824.617
21413,2011-02-22T04:00:00+00:00,-1475184,5824.628
21413,2011-02-22T04:15:00+00:00,-1474284,5824.640
21413,2011-02-22T04:30:00+00:00,-1473384,5824.656
21413,2011-02-22T04:45:00+00:00,-1472484,5824.675
21413,2011-02-22T05:00:00+00:00,-1471584,5824.695
21413,2011-02-22T05:15:00+00:00,-1470684,5824.715
21413,2011-02-22T05:30:00+00:00,-1469784,5824.737
21413,2011-02-22T05:45:00+00:00,-1468884,5824.758
21413,2011-02-22T06:00:00+00:00,-1467984,5824.780
21413,2011-02-22T06:15:00+00:00,-1467084,5824.802
21413,2011-02-22T06:30:00+00:00,-1466184,5824.825
21413,2011-02-22T06:45:00+00:00,-1465284,5824.844
21413,2011-02-22T07:00:00+00:00,-1464384,5824.866
21413,2011-02-22T07:15:00+00:00,-1463484,5824.883
21413,2011-02-22T07:30:00+00:00,-1462584,5824.900
21413,2011-02-22T07:45:00+00:00,-1461684,5824.914
21413,2011-02-22T08:00:00+00:00,-1460784,5824.924
21413,2011-02-22T08:15:00+00:00,-1459884,5824.936
21413,2011-02-22T08:30:00+00:00,-1458984,5824.942
21413,2011-02-22T08:45:00+00:00,-1458084,5824.947
21413,2011-02-22T09:00:00+00:00,-1457184,5824.951
21413,2011-02-22T09:15:00+00:00,-1456284,5824.953
21413,2011-02-22T09:30:00+00:00,-1455384,5824.953
21413,2011-02-22T09:45:00+00:00,-1454484,5824.949
21413,2011-02-22T10:00:00+00:00,-1453584,5824.940
21413,2011-02-22T10:15:00+00:00,-1452684,5824.932
21413,2011-02-22T10:30:00+00:00,-1451784,5824.923
21413,2011-02-22T10:45:00+00:00,-1450884,5824.909
21413,2011-02-22T11:00:00+00:00,-1449984,5824.893
21413,2011-02-22T11:15:00+00:00,-1449084,5824.877
21413,2011-02-22T11:30:00+00:00,-1448184,5824.859
21413,2011-02-22T11:45:00+00:00,-1447284,5824.844
21413,2011-02-22T12:00:00+00:00,-1446384,5824.827
21413,2011-02-22T12:15:00+00:00,-1445484,5824.810
21413,2011-02-22T12:30:00+00:00,-1444584,5824.796
21413,2011-02-22T12:45:00+00:00,-1443684,5824.781
21413,2011-02-22T13:00:00+00:00,-1442784,5824.769
21413,2011-02-23T12:00:00+00:00,-1359984,5824.834
21413,2011-02-23T12:15:00+00:00,-1359084,5824.826
21413,2011-02-23T12:30:00+00:00,-1358184,5824.819
21413,2011-02-23T12:45:00+00:00,-1357284,5824.811
21413,2011-02-23T13:00:00+00:00,-1356384,5824.803
21413,2011-02-23T13:15:00+00:00,-1355484,5824.799
21413,2011-02-23T13:30:00+00:00,-1354584,5824.798
21413,2011-02-23T13:45:00+00:00,-1353684,5824.794
21413,2011-02-23T14:00:00+00:00,-1352784,5824.790
21413,2011-02-23T14:15:00+00:00,-1351884,5824.789
21413,2011-02-23T14:30:00+00:00,-1350984,5824.791
21413,2011-02-23T14:45:00+00:00,-1350084,5824.795
21413,2011-02-23T15:00:00+00:00,-1349184,5824.797
21413,2011-02-23T15:15:00+00:00,-1348284,5824.805
21413,2011-02-23T15:30:00+00:00,-1347384,5824.813
21413,2011-02-23T15:45:00+00:00,-1346484,5824.824
21413,2011-02-23T16:00:00+00:00,-1345584,5824.839
21413,2011-02-23T16:15:00+00:00,-1344684,5824.854
21413,2011-02-23T16:30:00+00:00,-1343784,5824.870
21413,2011-02-23T16:45:00+00:00,-1342884,5824.888
21413,2011-02-23T17:00:00+00:00,-1341984,5824.909
21413,2011-02-23T17:15:00+00:00,-1341084,5824.929
21413,2011-02-23T17:30:00+00:00,-1340184,5824.948
21413,2011-02-23T17:45:00+00:00,-1339284,5824.970
21413,2011-02-23T18:00:00+00:00,-1338384,5824.994
21413,2011-02-23T18:15:00+00:00,-1337484,5825.016
21413,2011-02-23T18:30:00+00:00,-1336584,5825.035
21413,2011-02-23T18:45:00+00:00,-1335684,5825.054
21413,2011-02-23T19:00:00+00:00,-1334784,5825.073
21413,2011-02-23T19:15:00+00:00,-1333884,5825.092
21413,2011-02-23T19:30:00+00:00,-1332984,5825.108
21413,2011-02-23T19:45:00+00:00,-1332084,5825.122
21413,2011-02-23T20:00:00+00:00,-1331184,5825.132
21413,2011-02-23T20:15:00+00:00,-1330284,5825.140
21413,2011-02-23T20:30:00+00:00,-1329384,5825.145
21413,2011-02-23T20:45:00+00:00,-1328484,5825.148
21413,2011-02-23T21:00:00+00:00,-1327584,5825.149
21413,2011-02-23T21:15:00+00:00,-1326684,5825.147
21413,2011-02-23T21:30:00+00:00,-1325784,5825.143
21413,2011-02-23T21:45:00+00:00,-1324884,5825.132
21413,2011-02-23T22:00:00+00:00,-1323984,5825.125
21413,2011-02-23T22:15:00+00:00,-1323084,5825.109
21413,2011-02-23T22:30:00+00:00,-1322184,5825.090
21413,2011-02-23T22:45:00+00:00,-1321284,5825.071
21413,2011-02-23T23:00:00+00:00,-1320384,5825.051
21413,2011-02-23T23:15:00+00:00,-1319484,5825.027
21413,2011-02-23T23:30:00+00:00,-1318584,5825.000
21413,2011-02-23T23:45:00+00:00,-1317684,5824.974
21413,2011-02-24T00:00:00+00:00,-1316784,5824.946
21413,2011-02-24T00:15:00+00:00,-1315884,5824.919
21413,2011-02-24T00:30:00+00:00,-1314984,5824.888
21413,2011-02-24T00:45:00+00:00,-1314084,5824.858
21413,2011-02-24T01:00:00+00:00,-1313184,5824.826
21413,2011-02-24T01:15:00+00:00,-1312284,5824.797
21413,2011-02-24T01:30:00+00:00,-1311384,5824.765
21413,2011-02-24T01:45:00+00:00,-1310484,5824.741
21413,2011-02-24T02:00:00+00:00,-1309584,5824.721
21413,2011-02-24T02:15:00+00:00,-1308684,5824.697
21413,2011-02-24T02:30:00+00:00,-1307784,5824.675
21413,2011-02-24T02:45:00+00:00,-1306884,5824.656
21413,2011-02-24T03:00:00+00:00,-1305984,5824.641
21413,2011-02-24T03:15:00+00:00,-1305084,5824.626
21413,2011-02-24T03:30:00+00:00,-1304184,5824.613
21413,2011-02-24T03:45:00+00:00,-1303284,5824.607
21413,2011-02-24T04:00:00+00:00,-1302384,5824.601
21413,2011-02-24T04:15:00+00:00,-1301484,5824.597
21413,2011-02-24T04:30:00+00:00,-1300584,5824.598
21413,2011-02-24T04:45:00+00:00,-1299684,5824.597
21413,2011-02-24T05:00:00+00:00,-1298784,5824.606
21413,2011-02-24T05:15:00+00:00,-1297884,5824.614
21413,2011-02-24T05:30:00+00:00,-1296984,5824.623
21413,2011-02-24T05:45:00+00:00,-1296084,5824.632
21413,2011-02-24T06:00:00+00:00,-1295184,5824.643
21413,2011-02-24T06:15:00+00:00,-1294284,5824.658
21413,2011-02-24T06:30:00+00:00,-1293384,5824.670
21413,2011-02-24T06:45:00+00:00,-1292484,5824.681
21413,2011-02-24T07:00:00+00:00,-1291584,5824.694
21413,2011-02-24T07:15:00+00:00,-1290684,5824.709
21413,2011-02-24T07:30:00+00:00,-1289784,5824.722
21413,2011-02-24T07:45:00+00:00,-1288884,5824.735
21413,2011-02-24T08:00:00+00:00,-1287984,5824.746
21413,2011-02-24T08:15:00+00:00,-1287084,5824.757
21413,2011-02-24T08:30:00+00:00,-1286184,5824.768
21413,2011-02-24T08:45:00+00:00,-1285284,5824.779
21413,2011-02-24T09:00:00+00:00,-1284384,5824.787
21413,2011-02-24T09:15:00+00:00,-1283484,5824.798
21413,2011-02-24T09:30:00+00:00,-1282584,5824.806
21413,2011-02-24T09:45:00+00:00,-1281684,5824.815
21413,2011-02-24T10:00:00+00:00,-1280784,5824.822
21413,2011-02-24T10:15:00+00:00,-1279884,5824.825
21413,2011-02-24T10:30:00+00:00,-1278984,5824.830
21413,2011-02-24T10:45:00+00:00,-1278084,5824.835
21413,2011-02-24T11:00:00+00:00,-1277184,5824.837
21413,2011-02-24T11:15:00+00:00,-1276284,5824.837
21413,2011-02-24T11:30:00+00:00,-1275384,5824.833
21413,2011-02-24T11:45:00+00:00,-1274484,5824.830
21413,2011-02-24T12:00:00+00:00,-1273584,5824.830
21413,2011-02-24T12:15:00+00:00,-1272684,5824.828
21413,2011-02-24T12:30:00+00:00,-1271784,5824.826
21413,2011-02-24T12:45:00+00:00,-1270884,5824.824
21413,2011-02-24T13:00:00+00:00,-1269984,5824.819
21413,2011-02-24T13:15:00+00:00,-1269084,5824.816
21413,2011-02-24T13:30:00+00:00,-1268184,5824.816
21413,2011-02-24T13:45:00+00:00,-1267284,5824.819
21413,2011-02-24T14:00:00+00:00,-1266384,5824.819
21413,2011-02-24T14:15:00+00:00,-1265484,5824.823
21413,2011-02-24T14:30:00+00:00,-1264584,5824.827
21413,2011-02-24T14:45:00+00:00,-1263684,5824.831
21413,2011-02-24T15:00:00+00:00,-1262784,5824.833
21413,2011-02-24T15:15:00+00:00,-1261884,5824.841
21413,2011-02-24T15:30:00+00:00,-1260984,5824.849
21413,2011-02-24T15:45:00+00:00,-1260084,5824.859
21413,2011-02-24T16:00:00+00:00,-1259184,5824.870
21413,2011-02-24T16:15:00+00:00,-1258284,5824.881
21413,2011-02-24T16:30:00+00:00,-1257384,5824.894
21413,2011-02-24T16:45:00+00:00,-1256484,5824.908
21413,2011-02-24T17:00:00+00:00,-1255584,5824.924
21413,2011-02-24T17:15:00+00:00,-1254684,5824.941
21413,2011-02-24T17:30:00+00:00,-1253784,5824.958
21413,2011-02-24T17:45:00+00:00,-1252884,5824.976
21413,2011-02-24T18:00:00+00:00,-1251984,5824.996
21413,2011-02-24T18:15:00+00:00,-1251084,5825.016
21413,2011-02-24T18:30:00+00:00,-1250184,5825.036
21413,2011-02-24T18:45:00+00:00,-1249284,5825.056
21413,2011-02-24T19:00:00+00:00,-1248384,5825.077
21413,2011-02-24T19:15:00+00:00,-1247484,5825.094
21413,2011-02-24T19:30:00+00:00,-1246584,5825.113
21413,2011-02-24T19:45:00+00:00,-1245684,5825.131
21413,2011-02-24T20:00:00+00:00,-1244784,5825.141
21413,2011-02-24T20:15:00+00:00,-1243884,5825.154
21413,2011-02-24T20:30:00+00:00,-1242984,5825.163
21413,2011-02-24T20:45:00+00:00,-1242084,5825.171
21413,2011-02-24T21:00:00+00:00,-1241184,5825.178
21413,2011-02-24T21:15:00+00:00,-1240284,5825.182
21413,2011-02-24T21:30:00+00:00,-1239384,5825.179
21413,2011-02-24T21:45:00+00:00,-1238484,5825.174
21413,2011-02-24T22:00:00+00:00,-1237584,5825.169
21413,2011-02-24T22:15:00+00:00,-1236684,5825.163
21413,2011-02-24T22:30:00+00:00,-1235784,5825.151
21413,2011-02-24T22:45:00+00:00,-1234884,5825.138
21413,2011-02-24T23:00:00+00:00,-1233984,5825.124
21413,2011-02-24T23:15:00+00:00,-1233084,5825.109
21413,2011-02-24T23:30:00+00:00,-1232184,5825.092
21413,2011-02-24T23:45:00+00:00,-1231284,5825.073
21413,2011-02-25T00:00:00+00:00,-1230384,5825.052
21413,2011-02-25T00:15:00+00:00,-1229484,5825.027
21413,2011-02-25T00:30:00+00:00,-1228584,5825.002
21413,2011-02-25T00:45:00+00:00,-1227684,5824.977
21413,2011-02-25T01:00:00+00:00,-1226784,5824.951
21413,2011-02-25T01:15:00+00:00,-1225884,5824.926
21413,2011-02-25T01:30:00+00:00,-1224984,5824.896
21413,2011-02-25T01:45:00+00:00,-1224084,5824.869
21413,2011-02-25T02:00:00+00:00,-1223184,5824.844
21413,2011-02-25T02:15:00+00:00,-1222284,5824.821
21413,2011-02-25T02:30:00+00:00,-1221384,5824.797
21413,2011-02-25T02:45:00+00:00,-1220484,5824.777
21413,2011-02-25T03:00:00+00:00,-1219584,5824.756
21413,2011-02-25T03:15:00+00:00,-1218684,5824.736
21413,2011-02-25T03:30:00+00:00,-1217784,5824.720
21413,2011-02-25T03:45:00+00:00,-1216884,5824.704
21413,2011-02-25T04:00:00+00:00,-1215984,5824.691
21413,2011-02-25T04:15:00+00:00,-1215084,5824.679
21413,2011-02-25T04:30:00+00:00,-1214184,5824.671
21413,2011-02-25T04:45:00+00:00,-1213284,5824.664
21413,2011-02-25T05:00:00+00:00,-1212384,5824.662
21413,2011-02-25T05:15:00+00:00,-1211484,5824.663
21413,2011-02-25T05:30:00+00:00,-1210584,5824.664
21413,2011-02-25T05:45:00+00:00,-1209684,5824.666
21413,2011-02-25T06:00:00+00:00,-1208784,5824.668
21413,2011-02-25T06:15:00+00:00,-1207884,5824.674
21413,2011-02-25T06:30:00+00:00,-1206984,5824.680
21413,2011-02-25T06:45:00+00:00,-1206084,5824.685
21413,2011-02-25T07:00:00+00:00,-1205184,5824.693
21413,2011-02-25T07:15:00+00:00,-1204284,5824.702
21413,2011-02-25T07:30:00+00:00,-1203384,5824.711
21413,2011-02-25T07:45:00+00:00,-1202484,5824.720
21413,2011-02-25T08:00:00+00:00,-1201584,5824.728
21413,2011-02-25T08:15:00+00:00,-1200684,5824.733
21413,2011-02-25T08:30:00+00:00,-1199784,5824.739
21413,2011-02-25T08:45:00+00:00,-1198884,5824.746
21413,2011-02-25T09:00:00+00:00,-1197984,5824.753
21413,2011-02-25T09:15:00+00:00,-1197084,5824.762
21413,2011-02-25T09:30:00+00:00,-1196184,5824.767
21413,2011-02-25T09:45:00+00:00,-1195284,5824.776
21413,2011-02-25T10:00:00+00:00,-1194384,5824.785
21413,2011-02-25T10:15:00+00:00,-1193484,5824.791
21413,2011-02-25T10:30:00+00:00,-1192584,5824.799
21413,2011-02-25T10:45:00+00:00,-1191684,5824.805
21413,2011-02-25T11:00:00+00:00,-1190784,5824.808
21413,2011-02-25T11:15:00+00:00,-1189884,5824.813
21413,2011-02-25T11:30:00+00:00,-1188984,5824.819
21413,2011-02-25T11:45:00+00:00,-1188084,5824.821
21413,2011-02-25T12:00:00+00:00,-1187184,5824.826
21413,2011-02-25T12:15:00+00:00,-1186284,5824.829
21413,2011-02-25T12:30:00+00:00,-1185384,5824.833
21413,2011-02-25T12:45:00+00:00,-1184484,5824.840
21413,2011-02-25T13:00:00+00:00,-1183584,5824.844
21413,2011-02-25T13:15:00+00:00,-1182684,5824.847
21413,2011-02-25T13:30:00+00:00,-1181784,5824.848
21413,2011-02-25T13:45:00+00:00,-1180884,5824.851
21413,2011-02-25T14:00:00+00:00,-1179984,5824.857
21413,2011-02-25T14:15:00+00:00,-1179084,5824.861
21413,2011-02-25T14:30:00+00:00,-1178184,5824.866
21413,2011-02-25T14:45:00+00:00,-1177284,5824.873
21413,2011-02-25T15:00:00+00:00,-1176384,5824.883
21413,2011-02-25T15:15:00+00:00,-1175484,5824.893
21413,2011-02-25T15:30:00+00:00,-1174584,5824.901
21413,2011-02-25T15:45:00+00:00,-1173684,5824.909
21413,2011-02-25T16:00:00+00:00,-1172784,5824.919
21413,2011-02-25T16:15:00+00:00,-1171884,5824.931
21413,2011-02-25T16:30:00+00:00,-1170984,5824.942
21413,2011-02-25T16:45:00+00:00,-1170084,5824.954
21413,2011-02-25T17:00:00+00:00,-1169184,5824.967
21413,2011-02-25T17:15:00+00:00,-1168284,5824.981
21413,2011-02-25T17:30:00+00:00,-1167384,5824.996
21413,2011-02-25T17:45:00+00:00,-1166484,5825.012
21413,2011-02-25T18:00:00+00:00,-1165584,5825.026
21413,2011-02-25T18:15:00+00:00,-1164684,5825.042
21413,2011-02-25T18:30:00+00:00,-1163784,5825.058
21413,2011-02-25T18:45:00+00:00,-1162884,5825.072
21413,2011-02-25T19:00:00+00:00,-1161984,5825.090
21413,2011-02-25T19:15:00+00:00,-1161084,5825.103
21413,2011-02-25T19:30:00+00:00,-1160184,5825.117
21413,2011-02-25T19:45:00+00:00,-1159284,5825.135
21413,2011-02-25T20:00:00+00:00,-1158384,5825.148
21413,2011-02-25T20:15:00+00:00,-1157484,5825.160
21413,2011-02-25T20:30:00+00:00,-1156584,5825.170
21413,2011-02-25T20:45:00+00:00,-1155684,5825.180
21413,2011-02-25T21:00:00+00:00,-1154784,5825.186
21413,2011-02-25T21:15:00+00:00,-1153884,5825.189
21413,2011-02-25T21:30:00+00:00,-1152984,5825.193
21413,2011-02-25T21:45:00+00:00,-1152084,5825.195
21413,2011-02-25T22:00:00+00:00,-1151184,5825.195
21413,2011-02-25T22:15:00+00:00,-1150284,5825.191
21413,2011-02-25T22:30:00+00:00,-1149384,5825.184
21413,2011-02-25T22:45:00+00:00,-1148484,5825.176
21413,2011-02-25T23:00:00+00:00,-1147584,5825.167
21413,2011-02-25T23:15:00+00:00,-1146684,5825.158
21413,2011-02-25T23:30:00+00:00,-1145784,5825.145
21413,2011-02-25T23:45:00+00:00,-1144884,5825.133
21413,2011-02-26T00:00:00+00:00,-1143984,5825.116
21413,2011-02-26T00:15:00+00:00,-1143084,5825.096
21413,2011-02-26T00:30:00+00:00,-1142184,5825.075
21413,2011-02-26T00:45:00+00:00,-1141284,5825.055
21413,2011-02-26T01:00:00+00:00,-1140384,5825.033
21413,2011-02-26T01:15:00+00:00,-1139484,5825.008
21413,2011-02-26T01:30:00+00:00,-1138584,5824.985
21413,2011-02-26T01:45:00+00:00,-1137684,5824.961
21413,2011-02-26T02:00:00+00:00,-1136784,5824.940
21413,2011-02-26T02:15:00+00:00,-1135884,5824.916
21413,2011-02-26T02:30:00+00:00,-1134984,5824.894
21413,2011-02-26T02:45:00+00:00,-1134084,5824.870
21413,2011-02-26T03:00:00+00:00,-1133184,5824.851
21413,2011-02-26T03:15:00+00:00,-1132284,5824.832
21413,2011-02-26T03:30:00+00:00,-1131384,5824.815
21413,2011-02-26T03:45:00+00:00,-1130484,5824.793
21413,2011-02-26T04:00:00+00:00,-1129584,5824.774
21413,2011-02-26T04:15:00+00:00,-1128684,5824.760
21413,2011-02-26T04:30:00+00:00,-1127784,5824.745
21413,2011-02-26T04:45:00+00:00,-1126884,5824.730
21413,2011-02-26T05:00:00+00:00,-1125984,5824.721
21413,2011-02-26T05:15:00+00:00,-1125084,5824.712
21413,2011-02-26T05:30:00+00:00,-1124184,5824.704
21413,2011-02-26T05:45:00+00:00,-1123284,5824.694
21413,2011-02-26T06:00:00+00:00,-1122384,5824.687
21413,2011-02-26T06:15:00+00:00,-1121484,5824.682
21413,2011-02-26T06:30:00+00:00,-1120584,5824.677
21413,2011-02-26T06:45:00+00:00,-1119684,5824.675
21413,2011-02-26T07:00:00+00:00,-1118784,5824.672
21413,2011-02-26T07:15:00+00:00,-1117884,5824.674
21413,2011-02-26T07:30:00+00:00,-1116984,5824.676
21413,2011-02-26T07:45:00+00:00,-1116084,5824.677
21413,2011-02-26T08:00:00+00:00,-1115184,5824.679
21413,2011-02-26T08:15:00+00:00,-1114284,5824.682
21413,2011-02-26T08:30:00+00:00,-1113384,5824.685
21413,2011-02-26T08:45:00+00:00,-1112484,5824.689
21413,2011-02-26T09:00:00+00:00,-1111584,5824.693
21413,2011-02-26T09:15:00+00:00,-1110684,5824.699
21413,2011-02-26T09:30:00+00:00,-1109784,5824.701
21413,2011-02-26T09:45:00+00:00,-1108884,5824.707
21413,2011-02-26T10:00:00+00:00,-1107984,5824.715
21413,2011-02-26T10:15:00+00:00,-1107084,5824.720
21413,2011-02-26T10:30:00+00:00,-1106184,5824.725
21413,2011-02-26T10:45:00+00:00,-1105284,5824.729
21413,2011-02-26T11:00:00+00:00,-1104384,5824.735
21413,2011-02-26T11:15:00+00:00,-1103484,5824.741
21413,2011-02-26T11:30:00+00:00,-1102584,5824.748
21413,2011-02-26T11:45:00+00:00,-1101684,5824.755
21413,2011-02-26T12:00:00+00:00,-1100784,5824.761
21413,2011-02-26T12:15:00+00:00,-1099884,5824.767
21413,2011-02-26T12:30:00+00:00,-1098984,5824.778
21413,2011-02-26T12:45:00+00:00,-1098084,5824.784
21413,2011-02-26T13:00:00+00:00,-1097184,5824.791
21413,2011-02-26T13:15:00+00:00,-1096284,5824.795
21413,2011-02-26T13:30:00+00:00,-1095384,5824.804
21413,2011-02-26T13:45:00+00:00,-1094484,5824.812
21413,2011-02-26T14:00:00+00:00,-1093584,5824.819
21413,2011-02-26T14:15:00+00:00,-1092684,5824.829
21413,2011-02-26T14:30:00+00:00,-1091784,5824.838
21413,2011-02-26T14:45:00+00:00,-1090884,5824.846
21413,2011-02-26T15:00:00+00:00,-1089984,5824.856
21413,2011-02-26T15:15:00+00:00,-1089084,5824.864
21413,2011-02-26T15:30:00+00:00,-1088184,5824.873
21413,2011-02-26T15:45:00+00:00,-1087284,5824.883
21413,2011-02-26T16:00:00+00:00,-1086384,5824.893
21413,2011-02-26T16:15:00+00:00,-1085484,5824.907
21413,2011-02-26T16:30:00+00:00,-1084584,5824.917
21413,2011-02-26T16:45:00+00:00,-1083684,5824.926
21413,2011-02-26T17:00:00+00:00,-1082784,5824.938
21413,2011-02-26T17:15:00+00:00,-1081884,5824.950
21413,2011-02-26T17:30:00+00:00,-1080984,5824.963
21413,2011-02-26T17:45:00+00:00,-1080084,5824.974
21413,2011-02-26T18:00:00+00:00,-1079184,5824.987
21413,2011-02-26T18:15:00+00:00,-1078284,5825.000
21413,2011-02-26T18:30:00+00:00,-1077384,5825.010
21413,2011-02-26T18:45:00+00:00,-1076484,5825.024
21413,2011-02-26T19:00:00+00:00,-1075584,5825.039
21413,2011-02-26T19:15:00+00:00,-1074684,5825.050
21413,2011-02-26T19:30:00+00:00,-1073784,5825.060
21413,2011-02-26T19:45:00+00:00,-1072884,5825.070
21413,2011-02-26T20:00:00+00:00,-1071984,5825.081
21413,2011-02-26T20:15:00+00:00,-1071084,5825.090
21413,2011-02-26T20:30:00+00:00,-1070184,5825.099
21413,2011-02-26T20:45:00+00:00,-1069284,5825.109
21413,2011-02-26T21:00:00+00:00,-1068384,5825.118
21413,2011-02-26T21:15:00+00:00,-1067484,5825.126
21413,2011-02-26T21:30:00+00:00,-1066584,5825.133
21413,2011-02-26T21:45:00+00:00,-1065684,5825.134
21413,2011-02-26T22:00:00+00:00,-1064784,5825.138
21413,2011-02-26T22:15:00+00:00,-1063884,5825.138
21413,2011-02-26T22:30:00+00:00,-1062984,5825.137
21413,2011-02-26T22:45:00+00:00,-1062084,5825.138
21413,2011-02-26T23:00:00+00:00,-1061184,5825.136
21413,2011-02-26T23:15:00+00:00,-1060284,5825.131
21413,2011-02-26T23:30:00+00:00,-1059384,5825.127
21413,2011-02-26T23:45:00+00:00,-1058484,5825.117
21413,2011-02-27T00:00:00+00:00,-1057584,5825.106
21413,2011-02-27T00:15:00+00:00,-1056684,5825.097
21413,2011-02-27T00:30:00+00:00,-1055784,5825.085
21413,2011-02-27T00:45:00+00:00,-1054884,5825.072
21413,2011-02-27T01:00:00+00:00,-1053984,5825.057
21413,2011-02-27T01:15:00+00:00,-1053084,5825.043
21413,2011-02-27T01:30:00+00:00,-1052184,5825.026
21413,2011-02-27T01:45:00+00:00,-1051284,5825.007
21413,2011-02-27T02:00:00+00:00,-1050384,5824.990
21413,2011-02-27T02:15:00+00:00,-1049484,5824.970
21413,2011-02-27T02:30:00+00:00,-1048584,5824.949
21413,2011-02-27T02:45:00+00:00,-1047684,5824.932
21413,2011-02-27T03:00:00+00:00,-1046784,5824.915
21413,2011-02-27T03:15:00+00:00,-1045884,5824.896
21413,2011-02-27T03:30:00+00:00,-1044984,5824.876
21413,2011-02-27T03:45:00+00:00,-1044084,5824.860
21413,2011-02-27T04:00:00+00:00,-1043184,5824.841
21413,2011-02-27T04:15:00+00:00,-1042284,5824.821
21413,2011-02-27T04:30:00+00:00,-1041384,5824.804
21413,2011-02-27T04:45:00+00:00,-1040484,5824.789
21413,2011-02-27T05:00:00+00:00,-1039584,5824.773
21413,2011-02-27T05:15:00+00:00,-1038684,5824.758
21413,2011-02-27T05:30:00+00:00,-1037784,5824.746
21413,2011-02-27T05:45:00+00:00,-1036884,5824.733
21413,2011-02-27T06:00:00+00:00,-1035984,5824.725
21413,2011-02-27T06:15:00+00:00,-1035084,5824.714
21413,2011-02-27T06:30:00+00:00,-1034184,5824.702
21413,2011-02-27T06:45:00+00:00,-1033284,5824.694
21413,2011-02-27T07:00:00+00:00,-1032384,5824.686
21413,2011-02-27T07:15:00+00:00,-1031484,5824.679
21413,2011-02-27T07:30:00+00:00,-1030584,5824.674
21413,2011-02-27T07:45:00+00:00,-1029684,5824.665
21413,2011-02-27T08:00:00+00:00,-1028784,5824.659
21413,2011-02-27T08:15:00+00:00,-1027884,5824.655
21413,2011-02-27T08:30:00+00:00,-1026984,5824.655
21413,2011-02-27T08:45:00+00:00,-1026084,5824.655
21413,2011-02-27T09:00:00+00:00,-1025184,5824.656
21413,2011-02-27T09:15:00+00:00,-1024284,5824.658
21413,2011-02-27T09:30:00+00:00,-1023384,5824.660
21413,2011-02-27T09:45:00+00:00,-1022484,5824.661
21413,2011-02-27T10:00:00+00:00,-1021584,5824.663
21413,2011-02-27T10:15:00+00:00,-1020684,5824.666
21413,2011-02-27T10:30:00+00:00,-1019784,5824.671
21413,2011-02-27T10:45:00+00:00,-1018884,5824.675
21413,2011-02-27T11:00:00+00:00,-1017984,5824.676
21413,2011-02-27T11:15:00+00:00,-1017084,5824.679
21413,2011-02-27T11:30:00+00:00,-1016184,5824.684
21413,2011-02-27T11:45:00+00:00,-1015284,5824.692
21413,2011-02-27T12:00:00+00:00,-1014384,5824.703
21413,2011-02-27T12:15:00+00:00,-1013484,5824.710
21413,2011-02-27T12:30:00+00:00,-1012584,5824.723
21413,2011-02-27T12:45:00+00:00,-1011684,5824.734
21413,2011-02-27T13:00:00+00:00,-1010784,5824.746
21413,2011-02-27T13:15:00+00:00,-1009884,5824.757
21413,2011-02-27T13:30:00+00:00,-1008984,5824.770
21413,2011-02-27T13:45:00+00:00,-1008084,5824.783
21413,2011-02-27T14:00:00+00:00,-1007184,5824.797
21413,2011-02-27T14:15:00+00:00,-1006284,5824.809
21413,2011-02-27T14:30:00+00:00,-1005384,5824.825
21413,2011-02-27T14:45:00+00:00,-1004484,5824.837
21413,2011-02-27T15:00:00+00:00,-1003584,5824.852
21413,2011-02-27T15:15:00+00:00,-1002684,5824.867
21413,2011-02-27T15:30:00+00:00,-1001784,5824.880
21413,2011-02-27T15:45:00+00:00,-1000884,5824.892
21413,2011-02-27T16:00:00+00:00,-999984,5824.903
21413,2011-02-27T16:15:00+00:00,-999084,5824.917
21413,2011-02-27T16:30:00+00:00,-998184,5824.928
21413,2011-02-27T16:45:00+00:00,-997284,5824.941
21413,2011-02-27T17:00:00+00:00,-996384,5824.954
21413,2011-02-27T17:15:00+00:00,-995484,5824.965
21413,2011-02-27T17:30:00+00:00,-994584,5824.972
21413,2011-02-27T17:45:00+00:00,-993684,5824.982
21413,2011-02-27T18:00:00+00:00,-992784,5824.991
21413,2011-02-27T18:15:00+00:00,-991884,5825.001
21413,2011-02-27T18:30:00+00:00,-990984,5825.009
21413,2011-02-27T18:45:00+00:00,-990084,5825.015
21413,2011-02-27T19:00:00+00:00,-989184,5825.023
21413,2011-02-27T19:15:00+00:00,-988284,5825.031
21413,2011-02-27T19:30:00+00:00,-987384,5825.040
21413,2011-02-27T19:45:00+00:00,-986484,5825.046
21413,2011-02-27T20:00:00+00:00,-985584,5825.052
21413,2011-02-27T20:15:00+00:00,-984684,5825.061
21413,2011-02-27T20:30:00+00:00,-983784,5825.069
21413,2011-02-27T20:45:00+00:00,-982884,5825.076
21413,2011-02-27T21:00:00+00:00,-981984,5825.081
21413,2011-02-27T21:15:00+00:00,-981084,5825.088
21413,2011-02-27T21:30:00+00:00,-980184,5825.092
21413,2011-02-27T21:45:00+00:00,-979284,5825.098
21413,2011-02-27T22:00:00+00:00,-978384,5825.102
21413,2011-02-27T22:15:00+00:00,-977484,5825.106
21413,2011-02-27T22:30:00+00:00,-976584,5825.107
21413,2011-02-27T22:45:00+00:00,-975684,5825.113
21413,2011-02-27T23:00:00+00:00,-974784,5825.115
21413,2011-02-27T23:15:00+00:00,-973884,5825.117
21413,2011-02-27T23:30:00+00:00,-972984,5825.117
21413,2011-02-27T23:45:00+00:00,-972084,5825.116
21413,2011-02-28T00:00:00+00:00,-971184,5825.114
21413,2011-02-28T00:15:00+00:00,-970284,5825.108
21413,2011-02-28T00:30:00+00:00,-969384,5825.102
21413,2011-02-28T00:45:00+00:00,-968484,5825.098
21413,2011-02-28T01:00:00+00:00,-967584,5825.091
21413,2011-02-28T01:15:00+00:00,-966684,5825.088
21413,2011-02-28T01:30:00+00:00,-965784,5825.079
21413,2011-02-28T01:45:00+00:00,-964884,5825.069
21413,2011-02-28T02:00:00+00:00,-963984,5825.060
21413,2011-02-28T02:15:00+00:00,-963084,5825.049
21413,2011-02-28T02:30:00+00:00,-962184,5825.037
21413,2011-02-28T02:45:00+00:00,-961284,5825.026
21413,2011-02-28T03:00:00+00:00,-960384,5825.016
21413,2011-02-28T03:15:00+00:00,-959484,5825.005
21413,2011-02-28T03:30:00+00:00,-958584,5824.991
21413,2011-02-28T03:45:00+00:00,-957684,5824.979
21413,2011-02-28T04:00:00+00:00,-956784,5824.964
21413,2011-02-28T04:15:00+00:00,-955884,5824.949
21413,2011-02-28T04:30:00+00:00,-954984,5824.934
21413,2011-02-28T04:45:00+00:00,-954084,5824.919
21413,2011-02-28T05:00:00+00:00,-953184,5824.903
21413,2011-02-28T05:15:00+00:00,-952284,5824.887
21413,2011-02-28T05:30:00+00:00,-951384,5824.872
21413,2011-02-28T05:45:00+00:00,-950484,5824.855
21413,2011-02-28T06:00:00+00:00,-949584,5824.840
21413,2011-02-28T06:15:00+00:00,-948684,5824.825
21413,2011-02-28T06:30:00+00:00,-947784,5824.809
21413,2011-02-28T06:45:00+00:00,-946884,5824.794
21413,2011-02-28T07:00:00+00:00,-945984,5824.782
21413,2011-02-28T07:15:00+00:00,-945084,5824.764
21413,2011-02-28T07:30:00+00:00,-944184,5824.749
21413,2011-02-28T07:45:00+00:00,-943284,5824.737
21413,2011-02-28T08:00:00+00:00,-942384,5824.723
21413,2011-02-28T08:15:00+00:00,-941484,5824.712
21413,2011-02-28T08:30:00+00:00,-940584,5824.700
21413,2011-02-28T08:45:00+00:00,-939684,5824.691
21413,2011-02-28T09:00:00+00:00,-938784,5824.682
21413,2011-02-28T09:15:00+00:00,-937884,5824.675
21413,2011-02-28T09:30:00+00:00,-936984,5824.666
21413,2011-02-28T09:45:00+00:00,-936084,5824.663
21413,2011-02-28T10:00:00+00:00,-935184,5824.659
21413,2011-02-28T10:15:00+00:00,-934284,5824.657
21413,2011-02-28T10:30:00+00:00,-933384,5824.655
21413,2011-02-28T10:45:00+00:00,-932484,5824.655
21413,2011-02-28T11:00:00+00:00,-931584,5824.656
21413,2011-02-28T11:15:00+00:00,-930684,5824.660
21413,2011-02-28T11:30:00+00:00,-929784,5824.663
21413,2011-02-28T11:45:00+00:00,-928884,5824.670
21413,2011-02-28T12:00:00+00:00,-927984,5824.677
21413,2011-02-28T12:15:00+00:00,-927084,5824.685
21413,2011-02-28T12:30:00+00:00,-926184,5824.696
21413,2011-02-28T12:45:00+00:00,-925284,5824.704
21413,2011-02-28T13:00:00+00:00,-924384,5824.718
21413,2011-02-28T13:15:00+00:00,-923484,5824.735
21413,2011-02-28T13:30:00+00:00,-922584,5824.749
21413,2011-02-28T13:45:00+00:00,-921684,5824.764
21413,2011-02-28T14:00:00+00:00,-920784,5824.782
21413,2011-02-28T14:15:00+00:00,-919884,5824.798
21413,2011-02-28T14:30:00+00:00,-918984,5824.817
21413,2011-02-28T14:45:00+00:00,-918084,5824.833
21413,2011-02-28T15:00:00+00:00,-917184,5824.851
21413,2011-02-28T15:15:00+00:00,-916284,5824.866
21413,2011-02-28T15:30:00+00:00,-915384,5824.881
21413,2011-02-28T15:45:00+00:00,-914484,5824.901
21413,2011-02-28T16:00:00+00:00,-913584,5824.914
21413,2011-02-28T16:15:00+00:00,-912684,5824.929
21413,2011-02-28T16:30:00+00:00,-911784,5824.943
21413,2011-02-28T16:45:00+00:00,-910884,5824.954
21413,2011-02-28T17:00:00+00:00,-909984,5824.965
21413,2011-02-28T17:15:00+00:00,-909084,5824.976
21413,2011-02-28T17:30:00+00:00,-908184,5824.982
21413,2011-02-28T17:45:00+00:00,-907284,5824.991
21413,2011-02-28T18:00:00+00:00,-906384,5824.999
21413,2011-02-28T18:15:00+00:00,-905484,5825.008
21413,2011-02-28T18:30:00+00:00,-904584,5825.016
21413,2011-02-28T18:45:00+00:00,-903684,5825.021
21413,2011-02-28T19:00:00+00:00,-902784,5825.024
21413,2011-02-28T19:15:00+00:00,-901884,5825.031
21413,2011-02-28T19:30:00+00:00,-900984,5825.033
21413,2011-02-28T19:45:00+00:00,-900084,5825.035
21413,2011-02-28T20:00:00+00:00,-899184,5825.035
21413,2011-02-28T20:15:00+00:00,-898284,5825.036
21413,2011-02-28T20:30:00+00:00,-897384,5825.042
21413,2011-02-28T20:45:00+00:00,-896484,5825.043
21413,2011-02-28T21:00:00+00:00,-895584,5825.046
21413,2011-02-28T21:15:00+00:00,-894684,5825.045
21413,2011-02-28T21:30:00+00:00,-893784,5825.048
21413,2011-02-28T21:45:00+00:00,-892884,5825.050
21413,2011-02-28T22:00:00+00:00,-891984,5825.052
21413,2011-02-28T22:15:00+00:00,-891084,5825.056
21413,2011-02-28T22:30:00+00:00,-890184,5825.059
21413,2011-02-28T22:45:00+00:00,-889284,5825.063
21413,2011-02-28T23:00:00+00:00,-888384,5825.067
21413,2011-02-28T23:15:00+00:00,-887484,5825.069
21413,2011-02-28T23:30:00+00:00,-886584,5825.071
21413,2011-02-28T23:45:00+00:00,-885684,5825.072
21413,2011-03-01T00:00:00+00:00,-884784,5825.075
21413,2011-03-01T00:15:00+00:00,-883884,5825.075
21413,2011-03-01T00:30:00+00:00,-882984,5825.077
21413,2011-03-01T00:45:00+00:00,-882084,5825.075
21413,2011-03-01T01:00:00+00:00,-881184,5825.078
21413,2011-03-01T01:15:00+00:00,-880284,5825.076
21413,2011-03-01T01:30:00+00:00,-879384,5825.078
21413,2011-03-01T01:45:00+00:00,-878484,5825.076
21413,2011-03-01T02:00:00+00:00,-877584,5825.076
21413,2011-03-01T02:15:00+00:00,-876684,5825.074
21413,2011-03-01T02:30:00+00:00,-875784,5825.072
21413,2011-03-01T02:45:00+00:00,-874884,5825.072
21413,2011-03-01T03:00:00+00:00,-873984,5825.067
21413,2011-03-01T03:15:00+00:00,-873084,5825.067
21413,2011-03-01T03:30:00+00:00,-872184,5825.061
21413,2011-03-01T03:45:00+00:00,-871284,5825.056
21413,2011-03-01T04:00:00+00:00,-870384,5825.049
21413,2011-03-01T04:15:00+00:00,-869484,5825.041
21413,2011-03-01T04:30:00+00:00,-868584,5825.029
21413,2011-03-01T04:45:00+00:00,-867684,5825.017
21413,2011-03-01T05:00:00+00:00,-866784,5825.005
21413,2011-03-01T05:15:00+00:00,-865884,5824.992
21413,2011-03-01T05:30:00+00:00,-864984,5824.979
21413,2011-03-01T05:45:00+00:00,-864084,5824.964
21413,2011-03-01T06:00:00+00:00,-863184,5824.948
21413,2011-03-01T06:15:00+00:00,-862284,5824.930
21413,2011-03-01T06:30:00+00:00,-861384,5824.910
21413,2011-03-01T06:45:00+00:00,-860484,5824.893
21413,2011-03-01T07:00:00+00:00,-859584,5824.874
21413,2011-03-01T07:15:00+00:00,-858684,5824.857
21413,2011-03-01T07:30:00+00:00,-857784,5824.841
21413,2011-03-01T07:45:00+00:00,-856884,5824.821
21413,2011-03-01T08:00:00+00:00,-855984,5824.797
21413,2011-03-01T08:15:00+00:00,-855084,5824.777
21413,2011-03-01T08:30:00+00:00,-854184,5824.761
21413,2011-03-01T08:45:00+00:00,-853284,5824.744
21413,2011-03-01T09:00:00+00:00,-852384,5824.724
21413,2011-03-01T09:15:00+00:00,-851484,5824.712
21413,2011-03-01T09:30:00+00:00,-850584,5824.697
21413,2011-03-01T09:45:00+00:00,-849684,5824.683
21413,2011-03-01T10:00:00+00:00,-848784,5824.672
21413,2011-03-01T10:15:00+00:00,-847884,5824.663
21413,2011-03-01T10:30:00+00:00,-846984,5824.656
21413,2011-03-01T10:45:00+00:00,-846084,5824.651
21413,2011-03-01T11:00:00+00:00,-845184,5824.646
21413,2011-03-01T11:15:00+00:00,-844284,5824.645
21413,2011-03-01T11:30:00+00:00,-843384,5824.647
21413,2011-03-01T11:45:00+00:00,-842484,5824.647
21413,2011-03-01T12:00:00+00:00,-841584,5824.655
21413,2011-03-01T12:15:00+00:00,-840684,5824.658
21413,2011-03-01T12:30:00+00:00,-839784,5824.666
21413,2011-03-01T12:45:00+00:00,-838884,5824.677
21413,2011-03-01T13:00:00+00:00,-837984,5824.690
21413,2011-03-01T13:15:00+00:00,-837084,5824.705
21413,2011-03-01T13:30:00+00:00,-836184,5824.718
21413,2011-03-01T13:45:00+00:00,-835284,5824.733
21413,2011-03-01T14:00:00+00:00,-834384,5824.751
21413,2011-03-01T14:15:00+00:00,-833484,5824.770
21413,2011-03-01T14:30:00+00:00,-832584,5824.790
21413,2011-03-01T14:45:00+00:00,-831684,5824.809
21413,2011-03-01T15:00:00+00:00,-830784,5824.827
21413,2011-03-01T15:15:00+00:00,-829884,5824.844
21413,2011-03-01T15:30:00+00:00,-828984,5824.864
21413,2011-03-01T15:45:00+00:00,-828084,5824.884
21413,2011-03-01T16:00:00+00:00,-827184,5824.905
21413,2011-03-01T16:15:00+00:00,-826284,5824.921
21413,2011-03-01T16:30:00+00:00,-825384,5824.939
21413,2011-03-01T16:45:00+00:00,-824484,5824.953
21413,2011-03-01T17:00:00+00:00,-823584,5824.967
21413,2011-03-01T17:15:00+00:00,-822684,5824.981
21413,2011-03-01T17:30:00+00:00,-821784,5824.988
21413,2011-03-01T17:45:00+00:00,-820884,5824.995
21413,2011-03-01T18:00:00+00:00,-819984,5825.004
21413,2011-03-01T18:15:00+00:00,-819084,5825.013
21413,2011-03-01T18:30:00+00:00,-818184,5825.015
21413,2011-03-01T18:45:00+00:00,-817284,5825.020
21413,2011-03-01T19:00:00+00:00,-816384,5825.020
21413,2011-03-01T19:15:00+00:00,-815484,5825.022
21413,2011-03-01T19:30:00+00:00,-814584,5825.021
21413,2011-03-01T19:45:00+00:00,-813684,5825.020
21413,2011-03-01T20:00:00+00:00,-812784,5825.017
21413,2011-03-01T20:15:00+00:00,-811884,5825.015
21413,2011-03-01T20:30:00+00:00,-810984,5825.011
21413,2011-03-01T20:45:00+00:00,-810084,5825.008
21413,2011-03-01T21:00:00+00:00,-809184,5825.005
21413,2011-03-01T21:15:00+00:00,-808284,5825.000
21413,2011-03-01T21:30:00+00:00,-807384,5824.996
21413,2011-03-01T21:45:00+00:00,-806484,5824.990
21413,2011-03-01T22:00:00+00:00,-805584,5824.989
21413,2011-03-01T22:15:00+00:00,-804684,5824.984
21413,2011-03-01T22:30:00+00:00,-803784,5824.981
21413,2011-03-01T22:45:00+00:00,-802884,5824.979
21413,2011-03-01T23:00:00+00:00,-801984,5824.979
21413,2011-03-01T23:15:00+00:00,-801084,5824.980
21413,2011-03-01T23:30:00+00:00,-800184,5824.983
21413,2011-03-01T23:45:00+00:00,-799284,5824.986
21413,2011-03-02T00:00:00+00:00,-798384,5824.991
21413,2011-03-02T00:15:00+00:00,-797484,5824.996
21413,2011-03-02T00:30:00+00:00,-796584,5825.001
21413,2011-03-02T00:45:00+00:00,-795684,5825.004
21413,2011-03-02T01:00:00+00:00,-794784,5825.007
21413,2011-03-02T01:15:00+00:00,-793884,5825.012
21413,2011-03-02T01:30:00+00:00,-792984,5825.019
21413,2011-03-02T01:45:00+00:00,-792084,5825.025
21413,2011-03-02T02:00:00+00:00,-791184,5825.029
21413,2011-03-02T02:15:00+00:00,-790284,5825.036
21413,2011-03-02T02:30:00+00:00,-789384,5825.041
21413,2011-03-02T02:45:00+00:00,-788484,5825.046
21413,2011-03-02T03:00:00+00:00,-787584,5825.052
21413,2011-03-02T03:15:00+00:00,-786684,5825.057
21413,2011-03-02T03:30:00+00:00,-785784,5825.061
21413,2011-03-02T03:45:00+00:00,-784884,5825.064
21413,2011-03-02T04:00:00+00:00,-783984,5825.067
21413,2011-03-02T04:15:00+00:00,-783084,5825.067
21413,2011-03-02T04:30:00+00:00,-782184,5825.065
21413,2011-03-02T04:45:00+00:00,-781284,5825.064
21413,2011-03-02T05:00:00+00:00,-780384,5825.057
21413,2011-03-02T05:15:00+00:00,-779484,5825.050
21413,2011-03-02T05:30:00+00:00,-778584,5825.042
21413,2011-03-02T05:45:00+00:00,-777684,5825.030
21413,2011-03-02T06:00:00+00:00,-776784,5825.018
21413,2011-03-02T06:15:00+00:00,-775884,5825.004
21413,2011-03-02T06:30:00+00:00,-774984,5824.988
21413,2011-03-02T06:45:00+00:00,-774084,5824.971
21413,2011-03-02T07:00:00+00:00,-773184,5824.951
21413,2011-03-02T07:15:00+00:00,-772284,5824.930
21413,2011-03-02T07:30:00+00:00,-771384,5824.909
21413,2011-03-02T07:45:00+00:00,-770484,5824.887
21413,2011-03-02T08:00:00+00:00,-769584,5824.865
21413,2011-03-02T08:15:00+00:00,-768684,5824.844
21413,2011-03-02T08:30:00+00:00,-767784,5824.823
21413,2011-03-02T08:45:00+00:00,-766884,5824.801
21413,2011-03-02T09:00:00+00:00,-765984,5824.779
21413,2011-03-02T09:15:00+00:00,-765084,5824.756
21413,2011-03-02T09:30:00+00:00,-764184,5824.736
21413,2011-03-02T09:45:00+00:00,-763284,5824.717
21413,2011-03-02T10:00:00+00:00,-762384,5824.698
21413,2011-03-02T10:15:00+00:00,-761484,5824.680
21413,2011-03-02T10:30:00+00:00,-760584,5824.664
21413,2011-03-02T10:45:00+00:00,-759684,5824.652
21413,2011-03-02T11:00:00+00:00,-758784,5824.644
21413,2011-03-02T11:15:00+00:00,-757884,5824.637
21413,2011-03-02T11:30:00+00:00,-756984,5824.634
21413,2011-03-02T11:45:00+00:00,-756084,5824.631
21413,2011-03-02T12:00:00+00:00,-755184,5824.629
21413,2011-03-02T12:15:00+00:00,-754284,5824.632
21413,2011-03-02T12:30:00+00:00,-753384,5824.639
21413,2011-03-02T12:45:00+00:00,-752484,5824.644
21413,2011-03-02T13:00:00+00:00,-751584,5824.654
21413,2011-03-02T13:15:00+00:00,-750684,5824.667
21413,2011-03-02T13:30:00+00:00,-749784,5824.682
21413,2011-03-02T13:45:00+00:00,-748884,5824.697
21413,2011-03-02T14:00:00+00:00,-747984,5824.713
21413,2011-03-02T14:15:00+00:00,-747084,5824.731
21413,2011-03-02T14:30:00+00:00,-746184,5824.749
21413,2011-03-02T14:45:00+00:00,-745284,5824.769
21413,2011-03-02T15:00:00+00:00,-744384,5824.790
21413,2011-03-02T15:15:00+00:00,-743484,5824.810
21413,2011-03-02T15:30:00+00:00,-742584,5824.833
21413,2011-03-02T15:45:00+00:00,-741684,5824.857
21413,2011-03-02T16:00:00+00:00,-740784,5824.880
21413,2011-03-02T16:15:00+00:00,-739884,5824.900
21413,2011-03-02T16:30:00+00:00,-738984,5824.920
21413,2011-03-02T16:45:00+00:00,-738084,5824.938
21413,2011-03-02T17:00:00+00:00,-737184,5824.955
21413,2011-03-02T17:15:00+00:00,-736284,5824.969
21413,2011-03-02T17:30:00+00:00,-735384,5824.980
21413,2011-03-02T17:45:00+00:00,-734484,5824.992
21413,2011-03-02T18:00:00+00:00,-733584,5825.004
21413,2011-03-02T18:15:00+00:00,-732684,5825.013
21413,2011-03-02T18:30:00+00:00,-731784,5825.018
21413,2011-03-02T18:45:00+00:00,-730884,5825.022
21413,2011-03-02T19:00:00+00:00,-729984,5825.025
21413,2011-03-02T19:15:00+00:00,-729084,5825.023
21413,2011-03-02T19:30:00+00:00,-728184,5825.023
21413,2011-03-02T19:45:00+00:00,-727284,5825.016
21413,2011-03-02T20:00:00+00:00,-726384,5825.013
21413,2011-03-02T20:15:00+00:00,-725484,5825.007
21413,2011-03-02T20:30:00+00:00,-724584,5825.000
21413,2011-03-02T20:45:00+00:00,-723684,5824.992
21413,2011-03-02T21:00:00+00:00,-722784,5824.985
21413,2011-03-02T21:15:00+00:00,-721884,5824.977
21413,2011-03-02T21:30:00+00:00,-720984,5824.968
21413,2011-03-02T21:45:00+00:00,-720084,5824.961
21413,2011-03-02T22:00:00+00:00,-719184,5824.953
21413,2011-03-02T22:15:00+00:00,-718284,5824.946
21413,2011-03-02T22:30:00+00:00,-717384,5824.939
21413,2011-03-02T22:45:00+00:00,-716484,5824.930
21413,2011-03-02T23:00:00+00:00,-715584,5824.926
21413,2011-03-02T23:15:00+00:00,-714684,5824.923
21413,2011-03-02T23:30:00+00:00,-713784,5824.922
21413,2011-03-02T23:45:00+00:00,-712884,5824.921
21413,2011-03-03T00:00:00+00:00,-711984,5824.922
21413,2011-03-03T00:15:00+00:00,-711084,5824.922
21413,2011-03-03T00:30:00+00:00,-710184,5824.927
21413,2011-03-03T00:45:00+00:00,-709284,5824.933
21413,2011-03-03T01:00:00+00:00,-708384,5824.938
21413,2011-03-03T01:15:00+00:00,-707484,5824.946
21413,2011-03-03T01:30:00+00:00,-706584,5824.954
21413,2011-03-03T01:45:00+00:00,-705684,5824.964
21413,2011-03-03T02:00:00+00:00,-704784,5824.973
21413,2011-03-03T02:15:00+00:00,-703884,5824.985
21413,2011-03-03T02:30:00+00:00,-702984,5824.997
21413,2011-03-03T02:45:00+00:00,-702084,5825.010
21413,2011-03-03T03:00:00+00:00,-701184,5825.026
21413,2011-03-03T03:15:00+00:00,-700284,5825.037
21413,2011-03-03T03:30:00+00:00,-699384,5825.048
21413,2011-03-03T03:45:00+00:00,-698484,5825.062
21413,2011-03-03T04:00:00+00:00,-697584,5825.073
21413,2011-03-03T04:15:00+00:00,-696684,5825.083
21413,2011-03-03T04:30:00+00:00,-695784,5825.090
21413,2011-03-03T04:45:00+00:00,-694884,5825.095
21413,2011-03-03T05:00:00+00:00,-693984,5825.098
21413,2011-03-03T05:15:00+00:00,-693084,5825.099
21413,2011-03-03T05:30:00+00:00,-692184,5825.100
21413,2011-03-03T05:45:00+00:00,-691284,5825.096
21413,2011-03-03T06:00:00+00:00,-690384,5825.089
21413,2011-03-03T06:15:00+00:00,-689484,5825.079
21413,2011-03-03T06:30:00+00:00,-688584,5825.069
21413,2011-03-03T06:45:00+00:00,-687684,5825.057
21413,2011-03-03T07:00:00+00:00,-686784,5825.039
21413,2011-03-03T07:15:00+00:00,-685884,5825.022
21413,2011-03-03T07:30:00+00:00,-684984,5825.000
21413,2011-03-03T07:45:00+00:00,-684084,5824.979
21413,2011-03-03T08:00:00+00:00,-683184,5824.955
21413,2011-03-03T08:15:00+00:00,-682284,5824.931
21413,2011-03-03T08:30:00+00:00,-681384,5824.909
21413,2011-03-03T08:45:00+00:00,-680484,5824.885
21413,2011-03-03T09:00:00+00:00,-679584,5824.861
21413,2011-03-03T09:15:00+00:00,-678684,5824.836
21413,2011-03-03T09:30:00+00:00,-677784,5824.811
21413,2011-03-03T09:45:00+00:00,-676884,5824.789
21413,2011-03-03T10:00:00+00:00,-675984,5824.764
21413,2011-03-03T10:15:00+00:00,-675084,5824.742
21413,2011-03-03T10:30:00+00:00,-674184,5824.721
21413,2011-03-03T10:45:00+00:00,-673284,5824.704
21413,2011-03-03T11:00:00+00:00,-672384,5824.686
21413,2011-03-03T11:15:00+00:00,-671484,5824.675
21413,2011-03-03T11:30:00+00:00,-670584,5824.665
21413,2011-03-03T11:45:00+00:00,-669684,5824.655
21413,2011-03-03T12:00:00+00:00,-668784,5824.649
21413,2011-03-03T12:15:00+00:00,-667884,5824.648
21413,2011-03-03T12:30:00+00:00,-666984,5824.649
21413,2011-03-03T12:45:00+00:00,-666084,5824.653
21413,2011-03-03T13:00:00+00:00,-665184,5824.660
21413,2011-03-03T13:15:00+00:00,-664284,5824.671
21413,2011-03-03T13:30:00+00:00,-663384,5824.678
21413,2011-03-03T13:45:00+00:00,-662484,5824.690
21413,2011-03-03T14:00:00+00:00,-661584,5824.707
21413,2011-03-03T14:15:00+00:00,-660684,5824.727
21413,2011-03-03T14:30:00+00:00,-659784,5824.749
21413,2011-03-03T14:45:00+00:00,-658884,5824.771
21413,2011-03-03T15:00:00+00:00,-657984,5824.793
21413,2011-03-03T15:15:00+00:00,-657084,5824.814
21413,2011-03-03T15:30:00+00:00,-656184,5824.838
21413,2011-03-03T15:45:00+00:00,-655284,5824.861
21413,2011-03-03T16:00:00+00:00,-654384,5824.885
21413,2011-03-03T16:15:00+00:00,-653484,5824.908
21413,2011-03-03T16:30:00+00:00,-652584,5824.935
21413,2011-03-03T16:45:00+00:00,-651684,5824.957
21413,2011-03-03T17:00:00+00:00,-650784,5824.978
21413,2011-03-03T17:15:00+00:00,-649884,5824.995
21413,2011-03-03T17:30:00+00:00,-648984,5825.011
21413,2011-03-03T17:45:00+00:00,-648084,5825.023
21413,2011-03-03T18:00:00+00:00,-647184,5825.035
21413,2011-03-03T18:15:00+00:00,-646284,5825.046
21413,2011-03-03T18:30:00+00:00,-645384,5825.055
21413,2011-03-03T18:45:00+00:00,-644484,5825.061
21413,2011-03-03T19:00:00+00:00,-643584,5825.064
21413,2011-03-03T19:15:00+00:00,-642684,5825.065
21413,2011-03-03T19:30:00+00:00,-641784,5825.063
21413,2011-03-03T19:45:00+00:00,-640884,5825.056
21413,2011-03-03T20:00:00+00:00,-639984,5825.051
21413,2011-03-03T20:15:00+00:00,-639084,5825.040
21413,2011-03-03T20:30:00+00:00,-638184,5825.031
21413,2011-03-03T20:45:00+00:00,-637284,5825.020
21413,2011-03-03T21:00:00+00:00,-636384,5825.009
21413,2011-03-03T21:15:00+00:00,-635484,5824.997
21413,2011-03-03T21:30:00+00:00,-634584,5824.984
21413,2011-03-03T21:45:00+00:00,-633684,5824.972
21413,2011-03-03T22:00:00+00:00,-632784,5824.958
21413,2011-03-03T22:15:00+00:00,-631884,5824.946
21413,2011-03-03T22:30:00+00:00,-630984,5824.931
21413,2011-03-03T22:45:00+00:00,-630084,5824.921
21413,2011-03-03T23:00:00+00:00,-629184,5824.908
21413,2011-03-03T23:15:00+00:00,-628284,5824.898
21413,2011-03-03T23:30:00+00:00,-627384,5824.893
21413,2011-03-03T23:45:00+00:00,-626484,5824.888
21413,2011-03-04T00:00:00+00:00,-625584,5824.886
21413,2011-03-04T00:15:00+00:00,-624684,5824.885
21413,2011-03-04T00:30:00+00:00,-623784,5824.886
21413,2011-03-04T00:45:00+00:00,-622884,5824.886
21413,2011-03-04T01:00:00+00:00,-621984,5824.893
21413,2011-03-04T01:15:00+00:00,-621084,5824.898
21413,2011-03-04T01:30:00+00:00,-620184,5824.905
21413,2011-03-04T01:45:00+00:00,-619284,5824.915
21413,2011-03-04T02:00:00+00:00,-618384,5824.926
21413,2011-03-04T02:15:00+00:00,-617484,5824.940
21413,2011-03-04T02:30:00+00:00,-616584,5824.954
21413,2011-03-04T02:45:00+00:00,-615684,5824.972
21413,2011-03-04T03:00:00+00:00,-614784,5824.986
21413,2011-03-04T03:15:00+00:00,-613884,5825.006
21413,2011-03-04T03:30:00+00:00,-612984,5825.024
21413,2011-03-04T03:45:00+00:00,-612084,5825.042
21413,2011-03-04T04:00:00+00:00,-611184,5825.058
21413,2011-03-04T04:15:00+00:00,-610284,5825.078
21413,2011-03-04T04:30:00+00:00,-609384,5825.092
21413,2011-03-04T04:45:00+00:00,-608484,5825.106
21413,2011-03-04T05:00:00+00:00,-607584,5825.119
21413,2011-03-04T05:15:00+00:00,-606684,5825.129
21413,2011-03-04T05:30:00+00:00,-605784,5825.136
21413,2011-03-04T05:45:00+00:00,-604884,5825.141
21413,2011-03-04T06:00:00+00:00,-603984,5825.142
21413,2011-03-04T06:15:00+00:00,-603084,5825.140
21413,2011-03-04T06:30:00+00:00,-602184,5825.137
21413,2011-03-04T06:45:00+00:00,-601284,5825.128
21413,2011-03-04T07:00:00+00:00,-600384,5825.119
21413,2011-03-04T07:15:00+00:00,-599484,5825.108
21413,2011-03-04T07:30:00+00:00,-598584,5825.093
21413,2011-03-04T07:45:00+00:00,-597684,5825.072
21413,2011-03-04T08:00:00+00:00,-596784,5825.051
21413,2011-03-04T08:15:00+00:00,-595884,5825.028
21413,2011-03-04T08:30:00+00:00,-594984,5825.004
21413,2011-03-04T08:45:00+00:00,-594084,5824.977
21413,2011-03-04T09:00:00+00:00,-593184,5824.952
21413,2011-03-04T09:15:00+00:00,-592284,5824.926
21413,2011-03-04T09:30:00+00:00,-591384,5824.900
21413,2011-03-04T09:45:00+00:00,-590484,5824.875
21413,2011-03-04T10:00:00+00:00,-589584,5824.848
21413,2011-03-04T10:15:00+00:00,-588684,5824.823
21413,2011-03-04T10:30:00+00:00,-587784,5824.800
21413,2011-03-04T10:45:00+00:00,-586884,5824.776
21413,2011-03-04T11:00:00+00:00,-585984,5824.754
21413,2011-03-04T11:15:00+00:00,-585084,5824.735
21413,2011-03-04T11:30:00+00:00,-584184,5824.717
21413,2011-03-04T11:45:00+00:00,-583284,5824.701
21413,2011-03-04T12:00:00+00:00,-582384,5824.691
21413,2011-03-04T12:15:00+00:00,-581484,5824.684
21413,2011-03-04T12:30:00+00:00,-580584,5824.680
21413,2011-03-04T12:45:00+00:00,-579684,5824.678
21413,2011-03-04T13:00:00+00:00,-578784,5824.680
21413,2011-03-04T13:15:00+00:00,-577884,5824.687
21413,2011-03-04T13:30:00+00:00,-576984,5824.696
21413,2011-03-04T13:45:00+00:00,-576084,5824.705
21413,2011-03-04T14:00:00+00:00,-575184,5824.720
21413,2011-03-04T14:15:00+00:00,-574284,5824.735
21413,2011-03-04T14:30:00+00:00,-573384,5824.752
21413,2011-03-04T14:45:00+00:00,-572484,5824.771
21413,2011-03-04T15:00:00+00:00,-571584,5824.792
21413,2011-03-04T15:15:00+00:00,-570684,5824.814
21413,2011-03-04T15:30:00+00:00,-569784,5824.840
21413,2011-03-04T15:45:00+00:00,-568884,5824.862
21413,2011-03-04T16:00:00+00:00,-567984,5824.885
21413,2011-03-04T16:15:00+00:00,-567084,5824.908
21413,2011-03-04T16:30:00+00:00,-566184,5824.930
21413,2011-03-04T16:45:00+00:00,-565284,5824.955
21413,2011-03-04T17:00:00+00:00,-564384,5824.978
21413,2011-03-04T17:15:00+00:00,-563484,5825.000
21413,2011-03-04T17:30:00+00:00,-562584,5825.018
21413,2011-03-04T17:45:00+00:00,-561684,5825.036
21413,2011-03-04T18:00:00+00:00,-560784,5825.052
21413,2011-03-04T18:15:00+00:00,-559884,5825.063
21413,2011-03-04T18:30:00+00:00,-558984,5825.072
21413,2011-03-04T18:45:00+00:00,-558084,5825.081
21413,2011-03-04T19:00:00+00:00,-557184,5825.086
21413,2011-03-04T19:15:00+00:00,-556284,5825.088
21413,2011-03-04T19:30:00+00:00,-555384,5825.089
21413,2011-03-04T19:45:00+00:00,-554484,5825.084
21413,2011-03-04T20:00:00+00:00,-553584,5825.075
21413,2011-03-04T20:15:00+00:00,-552684,5825.067
21413,2011-03-04T20:30:00+00:00,-551784,5825.056
21413,2011-03-04T20:45:00+00:00,-550884,5825.042
21413,2011-03-04T21:00:00+00:00,-549984,5825.029
21413,2011-03-04T21:15:00+00:00,-549084,5825.014
21413,2011-03-04T21:30:00+00:00,-548184,5824.999
21413,2011-03-04T21:45:00+00:00,-547284,5824.980
21413,2011-03-04T22:00:00+00:00,-546384,5824.964
21413,2011-03-04T22:15:00+00:00,-545484,5824.945
21413,2011-03-04T22:30:00+00:00,-544584,5824.926
21413,2011-03-04T22:45:00+00:00,-543684,5824.910
21413,2011-03-04T23:00:00+00:00,-542784,5824.894
21413,2011-03-04T23:15:00+00:00,-541884,5824.877
21413,2011-03-04T23:30:00+00:00,-540984,5824.866
21413,2011-03-04T23:45:00+00:00,-540084,5824.855
21413,2011-03-05T00:00:00+00:00,-539184,5824.844
21413,2011-03-05T00:15:00+00:00,-538284,5824.837
21413,2011-03-05T00:30:00+00:00,-537384,5824.832
21413,2011-03-05T00:45:00+00:00,-536484,5824.829
21413,2011-03-05T01:00:00+00:00,-535584,5824.829
21413,2011-03-05T01:15:00+00:00,-534684,5824.831
21413,2011-03-05T01:30:00+00:00,-533784,5824.839
21413,2011-03-05T01:45:00+00:00,-532884,5824.845
21413,2011-03-05T02:00:00+00:00,-531984,5824.854
21413,2011-03-05T02:15:00+00:00,-531084,5824.867
21413,2011-03-05T02:30:00+00:00,-530184,5824.881
21413,2011-03-05T02:45:00+00:00,-529284,5824.895
21413,2011-03-05T03:00:00+00:00,-528384,5824.913
21413,2011-03-05T03:15:00+00:00,-527484,5824.934
21413,2011-03-05T03:30:00+00:00,-526584,5824.956
21413,2011-03-05T03:45:00+00:00,-525684,5824.977
21413,2011-03-05T04:00:00+00:00,-524784,5824.996
21413,2011-03-05T04:15:00+00:00,-523884,5825.020
21413,2011-03-05T04:30:00+00:00,-522984,5825.041
21413,2011-03-05T04:45:00+00:00,-522084,5825.060
21413,2011-03-05T05:00:00+00:00,-521184,5825.079
21413,2011-03-05T05:15:00+00:00,-520284,5825.098
21413,2011-03-05T05:30:00+00:00,-519384,5825.111
21413,2011-03-05T05:45:00+00:00,-518484,5825.126
21413,2011-03-05T06:00:00+00:00,-517584,5825.136
21413,2011-03-05T06:15:00+00:00,-516684,5825.143
21413,2011-03-05T06:30:00+00:00,-515784,5825.146
21413,2011-03-05T06:45:00+00:00,-514884,5825.146
21413,2011-03-05T07:00:00+00:00,-513984,5825.143
21413,2011-03-05T07:15:00+00:00,-513084,5825.139
21413,2011-03-05T07:30:00+00:00,-512184,5825.131
21413,2011-03-05T07:45:00+00:00,-511284,5825.120
21413,2011-03-05T08:00:00+00:00,-510384,5825.105
21413,2011-03-05T08:15:00+00:00,-509484,5825.089
21413,2011-03-05T08:30:00+00:00,-508584,5825.070
21413,2011-03-05T08:45:00+00:00,-507684,5825.050
21413,2011-03-05T09:00:00+00:00,-506784,5825.028
21413,2011-03-05T09:15:00+00:00,-505884,5825.005
21413,2011-03-05T09:30:00+00:00,-504984,5824.979
21413,2011-03-05T09:45:00+00:00,-504084,5824.954
21413,2011-03-05T10:00:00+00:00,-503184,5824.929
21413,2011-03-05T10:15:00+00:00,-502284,5824.902
21413,2011-03-05T10:30:00+00:00,-501384,5824.878
21413,2011-03-05T10:45:00+00:00,-500484,5824.854
21413,2011-03-05T11:00:00+00:00,-499584,5824.831
21413,2011-03-05T11:15:00+00:00,-498684,5824.810
21413,2011-03-05T11:30:00+00:00,-497784,5824.790
21413,2011-03-05T11:45:00+00:00,-496884,5824.773
21413,2011-03-05T12:00:00+00:00,-495984,5824.760
21413,2011-03-05T12:15:00+00:00,-495084,5824.749
21413,2011-03-05T12:30:00+00:00,-494184,5824.738
21413,2011-03-05T12:45:00+00:00,-493284,5824.732
21413,2011-03-05T13:00:00+00:00,-492384,5824.730
21413,2011-03-05T13:15:00+00:00,-491484,5824.730
21413,2011-03-05T13:30:00+00:00,-490584,5824.735
21413,2011-03-05T13:45:00+00:00,-489684,5824.741
21413,2011-03-05T14:00:00+00:00,-488784,5824.749
21413,2011-03-05T14:15:00+00:00,-487884,5824.761
21413,2011-03-05T14:30:00+00:00,-486984,5824.776
21413,2011-03-05T14:45:00+00:00,-486084,5824.791
21413,2011-03-05T15:00:00+00:00,-485184,5824.810
21413,2011-03-05T15:15:00+00:00,-484284,5824.829
21413,2011-03-05T15:30:00+00:00,-483384,5824.852
21413,2011-03-05T15:45:00+00:00,-482484,5824.874
21413,2011-03-05T16:00:00+00:00,-481584,5824.896
21413,2011-03-05T16:15:00+00:00,-480684,5824.920
21413,2011-03-05T16:30:00+00:00,-479784,5824.944
21413,2011-03-05T16:45:00+00:00,-478884,5824.968
21413,2011-03-05T17:00:00+00:00,-477984,5824.991
21413,2011-03-05T17:15:00+00:00,-477084,5825.012
21413,2011-03-05T17:30:00+00:00,-476184,5825.035
21413,2011-03-05T17:45:00+00:00,-475284,5825.055
21413,2011-03-05T18:00:00+00:00,-474384,5825.074
21413,2011-03-05T18:15:00+00:00,-473484,5825.092
21413,2011-03-05T18:30:00+00:00,-472584,5825.106
21413,2011-03-05T18:45:00+00:00,-471684,5825.117
21413,2011-03-05T19:00:00+00:00,-470784,5825.123
21413,2011-03-05T19:15:00+00:00,-469884,5825.126
21413,2011-03-05T19:30:00+00:00,-468984,5825.128
21413,2011-03-05T19:45:00+00:00,-468084,5825.125
21413,2011-03-05T20:00:00+00:00,-467184,5825.121
21413,2011-03-05T20:15:00+00:00,-466284,5825.112
21413,2011-03-05T20:30:00+00:00,-465384,5825.104
21413,2011-03-05T20:45:00+00:00,-464484,5825.091
21413,2011-03-05T21:00:00+00:00,-463584,5825.077
21413,2011-03-05T21:15:00+00:00,-462684,5825.061
21413,2011-03-05T21:30:00+00:00,-461784,5825.042
21413,2011-03-05T21:45:00+00:00,-460884,5825.023
21413,2011-03-05T22:00:00+00:00,-459984,5825.003
21413,2011-03-05T22:15:00+00:00,-459084,5824.980
21413,2011-03-05T22:30:00+00:00,-458184,5824.957
21413,2011-03-05T22:45:00+00:00,-457284,5824.934
21413,2011-03-05T23:00:00+00:00,-456384,5824.912
21413,2011-03-05T23:15:00+00:00,-455484,5824.891
21413,2011-03-05T23:30:00+00:00,-454584,5824.872
21413,2011-03-05T23:45:00+00:00,-453684,5824.855
21413,2011-03-06T00:00:00+00:00,-452784,5824.839
21413,2011-03-06T00:15:00+00:00,-451884,5824.824
21413,2011-03-06T00:30:00+00:00,-450984,5824.815
21413,2011-03-06T00:45:00+00:00,-450084,5824.806
21413,2011-03-06T01:00:00+00:00,-449184,5824.798
21413,2011-03-06T01:15:00+00:00,-448284,5824.796
21413,2011-03-06T01:30:00+00:00,-447384,5824.795
21413,2011-03-06T01:45:00+00:00,-446484,5824.796
21413,2011-03-06T02:00:00+00:00,-445584,5824.800
21413,2011-03-06T02:15:00+00:00,-444684,5824.809
21413,2011-03-06T02:30:00+00:00,-443784,5824.823
21413,2011-03-06T02:45:00+00:00,-442884,5824.838
21413,2011-03-06T03:00:00+00:00,-441984,5824.854
21413,2011-03-06T03:15:00+00:00,-441084,5824.871
21413,2011-03-06T03:30:00+00:00,-440184,5824.890
21413,2011-03-06T03:45:00+00:00,-439284,5824.913
21413,2011-03-06T04:00:00+00:00,-438384,5824.936
21413,2011-03-06T04:15:00+00:00,-437484,5824.961
21413,2011-03-06T04:30:00+00:00,-436584,5824.984
21413,2011-03-06T04:45:00+00:00,-435684,5825.009
21413,2011-03-06T05:00:00+00:00,-434784,5825.032
21413,2011-03-06T05:15:00+00:00,-433884,5825.055
21413,2011-03-06T05:30:00+00:00,-432984,5825.075
21413,2011-03-06T05:45:00+00:00,-432084,5825.094
21413,2011-03-06T06:00:00+00:00,-431184,5825.112
21413,2011-03-06T06:15:00+00:00,-430284,5825.122
21413,2011-03-06T06:30:00+00:00,-429384,5825.132
21413,2011-03-06T06:45:00+00:00,-428484,5825.138
21413,2011-03-06T07:00:00+00:00,-427584,5825.145
21413,2011-03-06T07:15:00+00:00,-426684,5825.149
21413,2011-03-06T07:30:00+00:00,-425784,5825.149
21413,2011-03-06T07:45:00+00:00,-424884,5825.143
21413,2011-03-06T08:00:00+00:00,-423984,5825.136
21413,2011-03-06T08:15:00+00:00,-423084,5825.125
21413,2011-03-06T08:30:00+00:00,-422184,5825.111
21413,2011-03-06T08:45:00+00:00,-421284,5825.094
21413,2011-03-06T09:00:00+00:00,-420384,5825.076
21413,2011-03-06T09:15:00+00:00,-419484,5825.058
21413,2011-03-06T09:30:00+00:00,-418584,5825.038
21413,2011-03-06T09:45:00+00:00,-417684,5825.017
21413,2011-03-06T10:00:00+00:00,-416784,5824.996
21413,2011-03-06T10:15:00+00:00,-415884,5824.972
21413,2011-03-06T10:30:00+00:00,-414984,5824.945
21413,2011-03-06T10:45:00+00:00,-414084,5824.920
21413,2011-03-06T11:00:00+00:00,-413184,5824.898
21413,2011-03-06T11:15:00+00:00,-412284,5824.877
21413,2011-03-06T11:30:00+00:00,-411384,5824.855
21413,2011-03-06T11:45:00+00:00,-410484,5824.836
21413,2011-03-06T12:00:00+00:00,-409584,5824.820
21413,2011-03-06T12:15:00+00:00,-408684,5824.806
21413,2011-03-06T12:30:00+00:00,-407784,5824.794
21413,2011-03-06T12:45:00+00:00,-406884,5824.784
21413,2011-03-06T13:00:00+00:00,-405984,5824.775
21413,2011-03-06T13:15:00+00:00,-405084,5824.773
21413,2011-03-06T13:30:00+00:00,-404184,5824.770
21413,2011-03-06T13:45:00+00:00,-403284,5824.771
21413,2011-03-06T14:00:00+00:00,-402384,5824.776
21413,2011-03-06T14:15:00+00:00,-401484,5824.786
21413,2011-03-06T14:30:00+00:00,-400584,5824.796
21413,2011-03-06T14:45:00+00:00,-399684,5824.810
21413,2011-03-06T15:00:00+00:00,-398784,5824.822
21413,2011-03-06T15:15:00+00:00,-397884,5824.837
21413,2011-03-06T15:30:00+00:00,-396984,5824.857
21413,2011-03-06T15:45:00+00:00,-396084,5824.877
21413,2011-03-06T16:00:00+00:00,-395184,5824.899
21413,2011-03-06T16:15:00+00:00,-394284,5824.920
21413,2011-03-06T16:30:00+00:00,-393384,5824.942
21413,2011-03-06T16:45:00+00:00,-392484,5824.964
21413,2011-03-06T17:00:00+00:00,-391584,5824.988
21413,2011-03-06T17:15:00+00:00,-390684,5825.011
21413,2011-03-06T17:30:00+00:00,-389784,5825.032
21413,2011-03-06T17:45:00+00:00,-388884,5825.053
21413,2011-03-06T18:00:00+00:00,-387984,5825.075
21413,2011-03-06T18:15:00+00:00,-387084,5825.092
21413,2011-03-06T18:30:00+00:00,-386184,5825.108
21413,2011-03-06T18:45:00+00:00,-385284,5825.121
21413,2011-03-06T19:00:00+00:00,-384384,5825.132
21413,2011-03-06T19:15:00+00:00,-383484,5825.140
21413,2011-03-06T19:30:00+00:00,-382584,5825.143
21413,2011-03-06T19:45:00+00:00,-381684,5825.143
21413,2011-03-06T20:00:00+00:00,-380784,5825.142
21413,2011-03-06T20:15:00+00:00,-379884,5825.137
21413,2011-03-06T20:30:00+00:00,-378984,5825.130
21413,2011-03-06T20:45:00+00:00,-378084,5825.120
21413,2011-03-06T21:00:00+00:00,-377184,5825.106
21413,2011-03-06T21:15:00+00:00,-376284,5825.089
21413,2011-03-06T21:30:00+00:00,-375384,5825.072
21413,2011-03-06T21:45:00+00:00,-374484,5825.051
21413,2011-03-06T22:00:00+00:00,-373584,5825.029
21413,2011-03-06T22:15:00+00:00,-372684,5825.006
21413,2011-03-06T22:30:00+00:00,-371784,5824.981
21413,2011-03-06T22:45:00+00:00,-370884,5824.958
21413,2011-03-06T23:00:00+00:00,-369984,5824.934
21413,2011-03-06T23:15:00+00:00,-369084,5824.909
21413,2011-03-06T23:30:00+00:00,-368184,5824.886
21413,2011-03-06T23:45:00+00:00,-367284,5824.864
21413,2011-03-07T00:00:00+00:00,-366384,5824.841
21413,2011-03-07T00:15:00+00:00,-365484,5824.822
21413,2011-03-07T00:30:00+00:00,-364584,5824.804
21413,2011-03-07T00:45:00+00:00,-363684,5824.788
21413,2011-03-07T01:00:00+00:00,-362784,5824.779
21413,2011-03-07T01:15:00+00:00,-361884,5824.770
21413,2011-03-07T01:30:00+00:00,-360984,5824.764
21413,2011-03-07T01:45:00+00:00,-360084,5824.760
21413,2011-03-07T02:00:00+00:00,-359184,5824.760
21413,2011-03-07T02:15:00+00:00,-358284,5824.766
21413,2011-03-07T02:30:00+00:00,-357384,5824.771
21413,2011-03-07T02:45:00+00:00,-356484,5824.780
21413,2011-03-07T03:00:00+00:00,-355584,5824.793
21413,2011-03-07T03:15:00+00:00,-354684,5824.808
21413,2011-03-07T03:30:00+00:00,-353784,5824.824
21413,2011-03-07T03:45:00+00:00,-352884,5824.844
21413,2011-03-07T04:00:00+00:00,-351984,5824.867
21413,2011-03-07T04:15:00+00:00,-351084,5824.891
21413,2011-03-07T04:30:00+00:00,-350184,5824.914
21413,2011-03-07T04:45:00+00:00,-349284,5824.937
21413,2011-03-07T05:00:00+00:00,-348384,5824.964
21413,2011-03-07T05:15:00+00:00,-347484,5824.989
21413,2011-03-07T05:30:00+00:00,-346584,5825.013
21413,2011-03-07T05:45:00+00:00,-345684,5825.034
21413,2011-03-07T06:00:00+00:00,-344784,5825.058
21413,2011-03-07T06:15:00+00:00,-343884,5825.079
21413,2011-03-07T06:30:00+00:00,-342984,5825.096
21413,2011-03-07T06:45:00+00:00,-342084,5825.111
21413,2011-03-07T07:00:00+00:00,-341184,5825.124
21413,2011-03-07T07:15:00+00:00,-340284,5825.135
21413,2011-03-07T07:30:00+00:00,-339384,5825.140
21413,2011-03-07T07:45:00+00:00,-338484,5825.140
21413,2011-03-07T08:00:00+00:00,-337584,5825.140
21413,2011-03-07T08:15:00+00:00,-336684,5825.138
21413,2011-03-07T08:30:00+00:00,-335784,5825.127
21413,2011-03-07T08:45:00+00:00,-334884,5825.121
21413,2011-03-07T09:00:00+00:00,-333984,5825.109
21413,2011-03-07T09:15:00+00:00,-333084,5825.096
21413,2011-03-07T09:30:00+00:00,-332184,5825.082
21413,2011-03-07T09:45:00+00:00,-331284,5825.063
21413,2011-03-07T10:00:00+00:00,-330384,5825.043
21413,2011-03-07T10:15:00+00:00,-329484,5825.022
21413,2011-03-07T10:30:00+00:00,-328584,5824.998
21413,2011-03-07T10:45:00+00:00,-327684,5824.978
21413,2011-03-07T11:00:00+00:00,-326784,5824.953
21413,2011-03-07T11:15:00+00:00,-325884,5824.933
21413,2011-03-07T11:30:00+00:00,-324984,5824.911
21413,2011-03-07T11:45:00+00:00,-324084,5824.892
21413,2011-03-07T12:00:00+00:00,-323184,5824.875
21413,2011-03-07T12:15:00+00:00,-322284,5824.859
21413,2011-03-07T12:30:00+00:00,-321384,5824.847
21413,2011-03-07T12:45:00+00:00,-320484,5824.834
21413,2011-03-07T13:00:00+00:00,-319584,5824.823
21413,2011-03-07T13:15:00+00:00,-318684,5824.817
21413,2011-03-07T13:30:00+00:00,-317784,5824.811
21413,2011-03-07T13:45:00+00:00,-316884,5824.809
21413,2011-03-07T14:00:00+00:00,-315984,5824.811
21413,2011-03-07T14:15:00+00:00,-315084,5824.814
21413,2011-03-07T14:30:00+00:00,-314184,5824.821
21413,2011-03-07T14:45:00+00:00,-313284,5824.833
21413,2011-03-07T15:00:00+00:00,-312384,5824.846
21413,2011-03-07T15:15:00+00:00,-311484,5824.861
21413,2011-03-07T15:30:00+00:00,-310584,5824.876
21413,2011-03-07T15:45:00+00:00,-309684,5824.895
21413,2011-03-07T16:00:00+00:00,-308784,5824.913
21413,2011-03-07T16:15:00+00:00,-307884,5824.934
21413,2011-03-07T16:30:00+00:00,-306984,5824.955
21413,2011-03-07T16:45:00+00:00,-306084,5824.977
21413,2011-03-07T17:00:00+00:00,-305184,5824.997
21413,2011-03-07T17:15:00+00:00,-304284,5825.019
21413,2011-03-07T17:30:00+00:00,-303384,5825.039
21413,2011-03-07T17:45:00+00:00,-302484,5825.060
21413,2011-03-07T18:00:00+00:00,-301584,5825.080
21413,2011-03-07T18:15:00+00:00,-300684,5825.099
21413,2011-03-07T18:30:00+00:00,-299784,5825.115
21413,2011-03-07T18:45:00+00:00,-298884,5825.129
21413,2011-03-07T19:00:00+00:00,-297984,5825.143
21413,2011-03-07T19:15:00+00:00,-297084,5825.154
21413,2011-03-07T19:30:00+00:00,-296184,5825.159
21413,2011-03-07T19:45:00+00:00,-295284,5825.159
21413,2011-03-07T20:00:00+00:00,-294384,5825.160
21413,2011-03-07T20:15:00+00:00,-293484,5825.157
21413,2011-03-07T20:30:00+00:00,-292584,5825.150
21413,2011-03-07T20:45:00+00:00,-291684,5825.139
21413,2011-03-07T21:00:00+00:00,-290784,5825.127
21413,2011-03-07T21:15:00+00:00,-289884,5825.112
21413,2011-03-07T21:30:00+00:00,-288984,5825.092
21413,2011-03-07T21:45:00+00:00,-288084,5825.073
21413,2011-03-07T22:00:00+00:00,-287184,5825.053
21413,2011-03-07T22:15:00+00:00,-286284,5825.031
21413,2011-03-07T22:30:00+00:00,-285384,5825.007
21413,2011-03-07T22:45:00+00:00,-284484,5824.981
21413,2011-03-07T23:00:00+00:00,-283584,5824.956
21413,2011-03-07T23:15:00+00:00,-282684,5824.928
21413,2011-03-07T23:30:00+00:00,-281784,5824.902
21413,2011-03-07T23:45:00+00:00,-280884,5824.877
21413,2011-03-08T00:00:00+00:00,-279984,5824.852
21413,2011-03-08T00:15:00+00:00,-279084,5824.829
21413,2011-03-08T00:30:00+00:00,-278184,5824.806
21413,2011-03-08T00:45:00+00:00,-277284,5824.783
21413,2011-03-08T01:00:00+00:00,-276384,5824.764
21413,2011-03-08T01:15:00+00:00,-275484,5824.749
21413,2011-03-08T01:30:00+00:00,-274584,5824.737
21413,2011-03-08T01:45:00+00:00,-273684,5824.724
21413,2011-03-08T02:00:00+00:00,-272784,5824.718
21413,2011-03-08T02:15:00+00:00,-271884,5824.715
21413,2011-03-08T02:30:00+00:00,-270984,5824.716
21413,2011-03-08T02:45:00+00:00,-270084,5824.722
21413,2011-03-08T03:00:00+00:00,-269184,5824.727
21413,2011-03-08T03:15:00+00:00,-268284,5824.738
21413,2011-03-08T03:30:00+00:00,-267384,5824.751
21413,2011-03-08T03:45:00+00:00,-266484,5824.767
21413,2011-03-08T04:00:00+00:00,-265584,5824.789
21413,2011-03-08T04:15:00+00:00,-264684,5824.807
21413,2011-03-08T04:30:00+00:00,-263784,5824.829
21413,2011-03-08T04:45:00+00:00,-262884,5824.852
21413,2011-03-08T05:00:00+00:00,-261984,5824.878
21413,2011-03-08T05:15:00+00:00,-261084,5824.904
21413,2011-03-08T05:30:00+00:00,-260184,5824.928
21413,2011-03-08T05:45:00+00:00,-259284,5824.954
21413,2011-03-08T06:00:00+00:00,-258384,5824.980
21413,2011-03-08T06:15:00+00:00,-257484,5825.003
21413,2011-03-08T06:30:00+00:00,-256584,5825.027
21413,2011-03-08T06:45:00+00:00,-255684,5825.046
21413,2011-03-08T07:00:00+00:00,-254784,5825.063
21413,2011-03-08T07:15:00+00:00,-253884,5825.077
21413,2011-03-08T07:30:00+00:00,-252984,5825.088
21413,2011-03-08T07:45:00+00:00,-252084,5825.097
21413,2011-03-08T08:00:00+00:00,-251184,5825.100
21413,2011-03-08T08:15:00+00:00,-250284,5825.105
21413,2011-03-08T08:30:00+00:00,-249384,5825.104
21413,2011-03-08T08:45:00+00:00,-248484,5825.103
21413,2011-03-08T09:00:00+00:00,-247584,5825.096
21413,2011-03-08T09:15:00+00:00,-246684,5825.090
21413,2011-03-08T09:30:00+00:00,-245784,5825.080
21413,2011-03-08T09:45:00+00:00,-244884,5825.069
21413,2011-03-08T10:00:00+00:00,-243984,5825.055
21413,2011-03-08T10:15:00+00:00,-243084,5825.039
21413,2011-03-08T10:30:00+00:00,-242184,5825.023
21413,2011-03-08T10:45:00+00:00,-241284,5825.005
21413,2011-03-08T11:00:00+00:00,-240384,5824.985
21413,2011-03-08T11:15:00+00:00,-239484,5824.966
21413,2011-03-08T11:30:00+00:00,-238584,5824.945
21413,2011-03-08T11:45:00+00:00,-237684,5824.930
21413,2011-03-08T12:00:00+00:00,-236784,5824.911
21413,2011-03-08T12:15:00+00:00,-235884,5824.895
21413,2011-03-08T12:30:00+00:00,-234984,5824.880
21413,2011-03-08T12:45:00+00:00,-234084,5824.868
21413,2011-03-08T13:00:00+00:00,-233184,5824.856
21413,2011-03-08T13:15:00+00:00,-232284,5824.848
21413,2011-03-08T13:30:00+00:00,-231384,5824.842
21413,2011-03-08T13:45:00+00:00,-230484,5824.840
21413,2011-03-08T14:00:00+00:00,-229584,5824.839
21413,2011-03-08T14:15:00+00:00,-228684,5824.842
21413,2011-03-08T14:30:00+00:00,-227784,5824.845
21413,2011-03-08T14:45:00+00:00,-226884,5824.850
21413,2011-03-08T15:00:00+00:00,-225984,5824.859
21413,2011-03-08T15:15:00+00:00,-225084,5824.868
21413,2011-03-08T15:30:00+00:00,-224184,5824.880
21413,2011-03-08T15:45:00+00:00,-223284,5824.895
21413,2011-03-08T16:00:00+00:00,-222384,5824.912
21413,2011-03-08T16:15:00+00:00,-221484,5824.932
21413,2011-03-08T16:30:00+00:00,-220584,5824.952
21413,2011-03-08T16:45:00+00:00,-219684,5824.971
21413,2011-03-08T17:00:00+00:00,-218784,5824.992
21413,2011-03-08T17:15:00+00:00,-217884,5825.013
21413,2011-03-08T17:30:00+00:00,-216984,5825.031
21413,2011-03-08T17:45:00+00:00,-216084,5825.054
21413,2011-03-08T18:00:00+00:00,-215184,5825.074
21413,2011-03-08T18:15:00+00:00,-214284,5825.091
21413,2011-03-08T18:30:00+00:00,-213384,5825.107
21413,2011-03-08T18:45:00+00:00,-212484,5825.123
21413,2011-03-08T19:00:00+00:00,-211584,5825.137
21413,2011-03-08T19:15:00+00:00,-210684,5825.152
21413,2011-03-08T19:30:00+00:00,-209784,5825.162
21413,2011-03-08T19:45:00+00:00,-208884,5825.168
21413,2011-03-08T20:00:00+00:00,-207984,5825.173
21413,2011-03-08T20:15:00+00:00,-207084,5825.174
21413,2011-03-08T20:30:00+00:00,-206184,5825.170
21413,2011-03-08T20:45:00+00:00,-205284,5825.162
21413,2011-03-08T21:00:00+00:00,-204384,5825.154
21413,2011-03-08T21:15:00+00:00,-203484,5825.141
21413,2011-03-08T21:30:00+00:00,-202584,5825.127
21413,2011-03-08T21:45:00+00:00,-201684,5825.111
21413,2011-03-08T22:00:00+00:00,-200784,5825.090
21413,2011-03-08T22:15:00+00:00,-199884,5825.065
21413,2011-03-08T22:30:00+00:00,-198984,5825.044
21413,2011-03-08T22:45:00+00:00,-198084,5825.021
21413,2011-03-08T23:00:00+00:00,-197184,5824.995
21413,2011-03-08T23:15:00+00:00,-196284,5824.967
21413,2011-03-08T23:30:00+00:00,-195384,5824.940
21413,2011-03-08T23:45:00+00:00,-194484,5824.912
21413,2011-03-09T00:00:00+00:00,-193584,5824.883
21413,2011-03-09T00:15:00+00:00,-192684,5824.857
21413,2011-03-09T00:30:00+00:00,-191784,5824.833
21413,2011-03-09T00:45:00+00:00,-190884,5824.810
21413,2011-03-09T01:00:00+00:00,-189984,5824.788
21413,2011-03-09T01:15:00+00:00,-189084,5824.767
21413,2011-03-09T01:30:00+00:00,-188184,5824.749
21413,2011-03-09T01:45:00+00:00,-187284,5824.733
21413,2011-03-09T02:00:00+00:00,-186384,5824.717
21413,2011-03-09T07:15:00+00:00,-167484,5825.005
21413,2011-03-09T07:30:00+00:00,-166584,5825.022
21413,2011-03-09T07:45:00+00:00,-165684,5825.037
21413,2011-03-09T08:00:00+00:00,-164784,5825.049
21413,2011-03-09T08:15:00+00:00,-163884,5825.058
21413,2011-03-09T08:30:00+00:00,-162984,5825.063
21413,2011-03-09T08:45:00+00:00,-162084,5825.064
21413,2011-03-09T09:00:00+00:00,-161184,5825.066
21413,2011-03-09T09:15:00+00:00,-160284,5825.064
21413,2011-03-09T09:30:00+00:00,-159384,5825.065
21413,2011-03-09T09:45:00+00:00,-158484,5825.065
21413,2011-03-09T10:00:00+00:00,-157584,5825.054
21413,2011-03-09T10:15:00+00:00,-156684,5825.043
21413,2011-03-09T10:30:00+00:00,-155784,5825.028
21413,2011-03-09T10:45:00+00:00,-154884,5825.013
21413,2011-03-09T11:00:00+00:00,-153984,5824.998
21413,2011-03-09T11:15:00+00:00,-153084,5824.983
21413,2011-03-09T11:30:00+00:00,-152184,5824.970
21413,2011-03-09T11:45:00+00:00,-151284,5824.958
21413,2011-03-09T12:00:00+00:00,-150384,5824.946
21413,2011-03-09T12:15:00+00:00,-149484,5824.931
21413,2011-03-09T12:30:00+00:00,-148584,5824.922
21413,2011-03-09T12:45:00+00:00,-147684,5824.909
21413,2011-03-09T13:00:00+00:00,-146784,5824.899
21413,2011-03-09T13:15:00+00:00,-145884,5824.892
21413,2011-03-09T13:30:00+00:00,-144984,5824.886
21413,2011-03-09T13:45:00+00:00,-144084,5824.880
21413,2011-03-09T14:00:00+00:00,-143184,5824.876
21413,2011-03-09T14:15:00+00:00,-142284,5824.877
21413,2011-03-09T14:30:00+00:00,-141384,5824.881
21413,2011-03-09T14:45:00+00:00,-140484,5824.884
21413,2011-03-09T15:00:00+00:00,-139584,5824.891
21413,2011-03-09T15:15:00+00:00,-138684,5824.898
21413,2011-03-09T15:30:00+00:00,-137784,5824.905
21413,2011-03-09T15:45:00+00:00,-136884,5824.918
21413,2011-03-09T16:00:00+00:00,-135984,5824.931
21413,2011-03-09T16:15:00+00:00,-135084,5824.949
21413,2011-03-09T16:30:00+00:00,-134184,5824.965
21413,2011-03-09T16:45:00+00:00,-133284,5824.982
21413,2011-03-09T17:00:00+00:00,-132384,5824.999
21413,2011-03-09T17:15:00+00:00,-131484,5825.017
21413,2011-03-09T17:30:00+00:00,-130584,5825.036
21413,2011-03-09T17:45:00+00:00,-129684,5825.055
21413,2011-03-09T18:00:00+00:00,-128784,5825.071
21413,2011-03-09T18:15:00+00:00,-127884,5825.089
21413,2011-03-09T18:30:00+00:00,-126984,5825.105
21413,2011-03-09T18:45:00+00:00,-126084,5825.123
21413,2011-03-09T19:00:00+00:00,-125184,5825.139
21413,2011-03-09T19:15:00+00:00,-124284,5825.155
21413,2011-03-09T19:30:00+00:00,-123384,5825.165
21413,2011-03-09T19:45:00+00:00,-122484,5825.174
21413,2011-03-09T20:00:00+00:00,-121584,5825.180
21413,2011-03-09T20:15:00+00:00,-120684,5825.184
21413,2011-03-09T20:30:00+00:00,-119784,5825.184
21413,2011-03-09T20:45:00+00:00,-118884,5825.181
21413,2011-03-09T21:00:00+00:00,-117984,5825.174
21413,2011-03-09T21:15:00+00:00,-117084,5825.166
21413,2011-03-09T21:30:00+00:00,-116184,5825.154
21413,2011-03-09T21:45:00+00:00,-115284,5825.145
21413,2011-03-09T22:00:00+00:00,-114384,5825.127
21413,2011-03-09T22:15:00+00:00,-113484,5825.103
21413,2011-03-09T22:30:00+00:00,-112584,5825.085
21413,2011-03-09T22:45:00+00:00,-111684,5825.061
21413,2011-03-09T23:00:00+00:00,-110784,5825.036
21413,2011-03-09T23:15:00+00:00,-109884,5825.010
21413,2011-03-09T23:30:00+00:00,-108984,5824.984
21413,2011-03-09T23:45:00+00:00,-108084,5824.954
21413,2011-03-10T00:00:00+00:00,-107184,5824.924
21413,2011-03-10T00:15:00+00:00,-106284,5824.898
21413,2011-03-10T00:30:00+00:00,-105384,5824.873
21413,2011-03-10T00:45:00+00:00,-104484,5824.847
21413,2011-03-10T01:00:00+00:00,-103584,5824.819
21413,2011-03-10T01:15:00+00:00,-102684,5824.793
21413,2011-03-10T01:30:00+00:00,-101784,5824.771
21413,2011-03-10T01:45:00+00:00,-100884,5824.748
21413,2011-03-10T02:00:00+00:00,-99984,5824.727
21413,2011-03-10T02:15:00+00:00,-99084,5824.715
21413,2011-03-10T02:30:00+00:00,-98184,5824.701
21413,2011-03-10T02:45:00+00:00,-97284,5824.691
21413,2011-03-10T03:00:00+00:00,-96384,5824.684
21413,2011-03-10T03:15:00+00:00,-95484,5824.679
21413,2011-03-10T03:30:00+00:00,-94584,5824.679
21413,2011-03-10T03:45:00+00:00,-93684,5824.684
21413,2011-03-10T04:00:00+00:00,-92784,5824.689
21413,2011-03-10T04:15:00+00:00,-91884,5824.698
21413,2011-03-10T04:30:00+00:00,-90984,5824.711
21413,2011-03-10T04:45:00+00:00,-90084,5824.725
21413,2011-03-10T05:00:00+00:00,-89184,5824.743
21413,2011-03-10T05:15:00+00:00,-88284,5824.760
21413,2011-03-10T05:30:00+00:00,-87384,5824.779
21413,2011-03-10T05:45:00+00:00,-86484,5824.799
21413,2011-03-10T06:00:00+00:00,-85584,5824.821
21413,2011-03-10T06:15:00+00:00,-84684,5824.842
21413,2011-03-10T06:30:00+00:00,-83784,5824.862
21413,2011-03-10T06:45:00+00:00,-82884,5824.882
21413,2011-03-10T07:00:00+00:00,-81984,5824.902
21413,2011-03-10T07:15:00+00:00,-81084,5824.923
21413,2011-03-10T07:30:00+00:00,-80184,5824.943
21413,2011-03-10T07:45:00+00:00,-79284,5824.959
21413,2011-03-10T08:00:00+00:00,-78384,5824.973
21413,2011-03-10T08:15:00+00:00,-77484,5824.987
21413,2011-03-10T08:30:00+00:00,-76584,5824.998
21413,2011-03-10T08:45:00+00:00,-75684,5825.010
21413,2011-03-10T09:00:00+00:00,-74784,5825.021
21413,2011-03-10T09:15:00+00:00,-73884,5825.026
21413,2011-03-10T09:30:00+00:00,-72984,5825.031
21413,2011-03-10T09:45:00+00:00,-72084,5825.034
21413,2011-03-10T10:00:00+00:00,-71184,5825.034
21413,2011-03-10T10:15:00+00:00,-70284,5825.031
21413,2011-03-10T10:30:00+00:00,-69384,5825.028
21413,2011-03-10T10:45:00+00:00,-68484,5825.022
21413,2011-03-10T11:00:00+00:00,-67584,5825.013
21413,2011-03-10T11:15:00+00:00,-66684,5825.006
21413,2011-03-10T11:30:00+00:00,-65784,5824.997
21413,2011-03-10T11:45:00+00:00,-64884,5824.986
21413,2011-03-10T12:00:00+00:00,-63984,5824.979
21413,2011-03-10T12:15:00+00:00,-63084,5824.970
21413,2011-03-10T12:30:00+00:00,-62184,5824.961
21413,2011-03-10T12:45:00+00:00,-61284,5824.950
21413,2011-03-10T13:00:00+00:00,-60384,5824.943
21413,2011-03-10T13:15:00+00:00,-59484,5824.935
21413,2011-03-10T13:30:00+00:00,-58584,5824.928
21413,2011-03-10T13:45:00+00:00,-57684,5824.924
21413,2011-03-10T14:00:00+00:00,-56784,5824.923
21413,2011-03-10T14:15:00+00:00,-55884,5824.925
21413,2011-03-10T14:30:00+00:00,-54984,5824.926
21413,2011-03-10T14:45:00+00:00,-54084,5824.926
21413,2011-03-10T15:00:00+00:00,-53184,5824.931
21413,2011-03-10T15:15:00+00:00,-52284,5824.938
21413,2011-03-10T15:30:00+00:00,-51384,5824.946
21413,2011-03-10T15:45:00+00:00,-50484,5824.955
21413,2011-03-10T16:00:00+00:00,-49584,5824.967
21413,2011-03-10T16:15:00+00:00,-48684,5824.979
21413,2011-03-10T16:30:00+00:00,-47784,5824.995
21413,2011-03-10T16:45:00+00:00,-46884,5825.010
21413,2011-03-10T17:00:00+00:00,-45984,5825.025
21413,2011-03-10T17:15:00+00:00,-45084,5825.041
21413,2011-03-10T17:30:00+00:00,-44184,5825.058
21413,2011-03-10T17:45:00+00:00,-43284,5825.076
21413,2011-03-10T18:00:00+00:00,-42384,5825.092
21413,2011-03-10T18:15:00+00:00,-41484,5825.110
21413,2011-03-10T18:30:00+00:00,-40584,5825.126
21413,2011-03-10T18:45:00+00:00,-39684,5825.140
21413,2011-03-10T19:00:00+00:00,-38784,5825.156
21413,2011-03-10T19:15:00+00:00,-37884,5825.170
21413,2011-03-10T19:30:00+00:00,-36984,5825.183
21413,2011-03-10T19:45:00+00:00,-36084,5825.193
21413,2011-03-10T20:00:00+00:00,-35184,5825.201
21413,2011-03-10T20:15:00+00:00,-34284,5825.206
21413,2011-03-10T20:30:00+00:00,-33384,5825.210
21413,2011-03-10T20:45:00+00:00,-32484,5825.211
21413,2011-03-10T21:00:00+00:00,-31584,5825.211
21413,2011-03-10T21:15:00+00:00,-30684,5825.204
21413,2011-03-10T21:30:00+00:00,-29784,5825.195
21413,2011-03-10T21:45:00+00:00,-28884,5825.186
21413,2011-03-10T22:00:00+00:00,-27984,5825.174
21413,2011-03-10T22:15:00+00:00,-27084,5825.157
21413,2011-03-10T22:30:00+00:00,-26184,5825.143
21413,2011-03-10T22:45:00+00:00,-25284,5825.124
21413,2011-03-10T23:00:00+00:00,-24384,5825.103
21413,2011-03-10T23:15:00+00:00,-23484,5825.080
21413,2011-03-10T23:30:00+00:00,-22584,5825.055
21413,2011-03-10T23:45:00+00:00,-21684,5825.030
21413,2011-03-11T00:00:00+00:00,-20784,5825.003
21413,2011-03-11T00:15:00+00:00,-19884,5824.977
21413,2011-03-11T00:30:00+00:00,-18984,5824.948
21413,2011-03-11T00:45:00+00:00,-18084,5824.923
21413,2011-03-11T01:00:00+00:00,-17184,5824.895
21413,2011-03-11T01:15:00+00:00,-16284,5824.870
21413,2011-03-11T01:30:00+00:00,-15384,5824.846
21413,2011-03-11T01:45:00+00:00,-14484,5824.821
21413,2011-03-11T02:00:00+00:00,-13584,5824.796
21413,2011-03-11T02:15:00+00:00,-12684,5824.777
21413,2011-03-11T02:30:00+00:00,-11784,5824.759
21413,2011-03-11T02:45:00+00:00,-10884,5824.742
21413,2011-03-11T03:00:00+00:00,-9984,5824.730
21413,2011-03-11T03:15:00+00:00,-9084,5824.721
21413,2011-03-11T03:30:00+00:00,-8184,5824.712
21413,2011-03-11T03:45:00+00:00,-7284,5824.708
21413,2011-03-11T04:00:00+00:00,-6384,5824.707
21413,2011-03-11T04:15:00+00:00,-5484,5824.709
21413,2011-03-11T04:30:00+00:00,-4584,5824.712
21413,2011-03-11T04:45:00+00:00,-3684,5824.718
