#YY  MM DD hh mm ss T   HEIGHT
#yr  mo dy hr mn  s -        m
2015 08 16 23 00 00 1 3268.619
2015 08 16 23 15 00 1 3268.553
2015 08 16 23 30 00 1 3268.480
2015 08 16 23 45 00 1 3268.404
2015 08 17 00 00 00 1 3268.322
2015 08 17 00 15 00 1 3268.240
2015 08 17 00 30 00 1 3268.152
2015 08 17 00 45 00 1 3268.072
2015 08 17 01 00 00 1 3267.991
2015 08 17 01 15 00 1 3267.914
2015 08 17 01 30 00 1 3267.843
2015 08 17 01 45 00 1 3267.776
2015 08 17 02 00 00 1 3267.717
2015 08 17 02 15 00 1 3267.666
2015 08 17 02 30 00 1 3267.624
2015 08 17 02 45 00 1 3267.595
2015 08 17 03 00 00 1 3267.576
2015 08 17 03 15 00 1 3267.567
2015 08 17 03 30 00 1 3267.571
2015 08 17 03 45 00 1 3267.589
2015 08 17 04 00 00 1 3267.616
2015 08 17 04 15 00 1 3267.656
2015 08 17 04 30 00 1 3267.705
2015 08 17 04 45 00 1 3267.760
2015 08 17 05 00 00 1 3267.827
2015 08 17 05 15 00 1 3267.897
2015 08 17 05 30 00 1 3267.977
2015 08 17 05 45 00 1 3268.058
2015 08 17 06 00 00 1 3268.140
2015 08 17 06 15 00 1 3268.222
2015 08 17 06 30 00 1 3268.308
2015 08 17 06 45 00 1 3268.389
2015 08 17 07 00 00 1 3268.473
2015 08 17 07 15 00 1 3268.548
2015 08 17 07 30 00 1 3268.619
2015 08 17 07 45 00 1 3268.680
2015 08 17 08 00 00 1 3268.736
2015 08 17 08 15 00 1 3268.781
2015 08 17 08 30 00 1 3268.814
2015 08 17 08 45 00 1 3268.839
2015 08 17 09 00 00 1 3268.853
2015 08 17 09 15 00 1 3268.855
2015 08 17 09 30 00 1 3268.847
2015 08 17 09 45 00 1 3268.827
2015 08 17 10 00 00 1 3268.795
2015 08 17 10 15 00 1 3268.750
2015 08 17 10 30 00 1 3268.691
2015 08 17 10 45 00 1 3268.627
2015 08 17 11 00 00 1 3268.553
2015 08 17 11 15 00 1 3268.471
2015 08 17 11 30 00 1 3268.381
2015 08 17 11 45 00 1 3268.287
2015 08 17 12 00 00 1 3268.188
2015 08 17 12 15 00 1 3268.088
2015 08 17 12 30 00 1 3267.985
2015 08 17 12 45 00 1 3267.881
2015 08 17 13 00 00 1 3267.779
2015 08 17 13 15 00 1 3267.680
2015 08 17 13 30 00 1 3267.589
2015 08 17 13 45 00 1 3267.502
2015 08 17 14 00 00 1 3267.421
2015 08 17 14 15 00 1 3267.347
2015 08 17 14 30 00 1 3267.286
2015 08 17 14 45 00 1 3267.234
2015 08 17 15 00 00 1 3267.196
2015 08 17 15 15 00 1 3267.173
2015 08 17 15 30 00 1 3267.162
2015 08 17 15 45 00 1 3267.163
2015 08 17 16 00 00 1 3267.175
2015 08 17 16 15 00 1 3267.203
2015 08 17 16 30 00 1 3267.240
2015 08 17 16 45 00 1 3267.288
2015 08 17 17 00 00 1 3267.348
2015 08 17 17 15 00 1 3267.424
2015 08 17 17 30 00 1 3267.502
2015 08 17 17 45 00 1 3267.594
2015 08 17 18 00 00 1 3267.688
2015 08 17 18 15 00 1 3267.789
2015 08 17 18 30 00 1 3267.888
2015 08 17 18 45 00 1 3267.994
2015 08 17 19 00 00 1 3268.100
2015 08 17 19 15 00 1 3268.199
2015 08 17 19 30 00 1 3268.297
2015 08 17 19 45 00 1 3268.388
2015 08 17 20 00 00 1 3268.477
2015 08 17 20 15 00 1 3268.560
2015 08 17 20 30 00 1 3268.629
2015 08 17 20 45 00 1 3268.696
2015 08 17 21 00 00 1 3268.748
2015 08 17 21 15 00 1 3268.789
2015 08 17 21 30 00 1 3268.819
2015 08 17 21 45 00 1 3268.838
2015 08 17 22 00 00 1 3268.846
2015 08 17 22 15 00 1 3268.835
2015 08 17 22 30 00 1 3268.820
2015 08 17 22 45 00 1 3268.789
2015 08 17 23 00 00 1 3268.749
2015 08 17 23 15 00 1 3268.699
2015 08 17 23 30 00 1 3268.646
2015 08 17 23 45 00 1 3268.579
2015 08 18 00 00 00 1 3268.507
2015 08 18 00 15 00 1 3268.429
2015 08 18 00 30 00 1 3268.347
2015 08 18 00 45 00 1 3268.267
2015 08 18 01 00 00 1 3268.183
2015 08 18 01 15 00 1 3268.096
2015 08 18 01 30 00 1 3268.014
2015 08 18 01 45 00 1 3267.936
2015 08 18 02 00 00 1 3267.863
2015 08 18 02 15 00 1 3267.796
2015 08 18 02 30 00 1 3267.733
2015 08 18 02 45 00 1 3267.682
2015 08 18 03 00 00 1 3267.637
2015 08 18 03 15 00 1 3267.600
2015 08 18 03 30 00 1 3267.574
2015 08 18 03 45 00 1 3267.560
2015 08 18 04 00 00 1 3267.554
2015 08 18 04 15 00 1 3267.566
2015 08 18 04 30 00 1 3267.583
2015 08 18 04 45 00 1 3267.615
2015 08 18 05 00 00 1 3267.652
2015 08 18 05 15 00 1 3267.699
2015 08 18 05 30 00 1 3267.755
2015 08 18 05 45 00 1 3267.823
2015 08 18 06 00 00 1 3267.894
2015 08 18 06 15 00 1 3267.968
2015 08 18 06 30 00 1 3268.045
2015 08 18 06 45 00 1 3268.128
2015 08 18 07 00 00 1 3268.208
2015 08 18 07 15 00 1 3268.287
2015 08 18 07 30 00 1 3268.366
2015 08 18 07 45 00 1 3268.439
2015 08 18 08 00 00 1 3268.507
2015 08 18 08 15 00 1 3268.569
2015 08 18 08 30 00 1 3268.628
2015 08 18 08 45 00 1 3268.674
2015 08 18 09 00 00 1 3268.715
2015 08 18 09 15 00 1 3268.744
2015 08 18 09 30 00 1 3268.765
2015 08 18 09 45 00 1 3268.777
2015 08 18 10 00 00 1 3268.775
2015 08 18 10 15 00 1 3268.763
2015 08 18 10 30 00 1 3268.741
2015 08 18 10 45 00 1 3268.705
2015 08 18 11 00 00 1 3268.662
2015 08 18 11 15 00 1 3268.610
2015 08 18 11 30 00 1 3268.548
2015 08 18 11 45 00 1 3268.478
2015 08 18 12 00 00 1 3268.399
2015 08 18 12 15 00 1 3268.319
2015 08 18 12 30 00 1 3268.232
2015 08 18 12 45 00 1 3268.139
2015 08 18 13 00 00 1 3268.046
2015 08 18 13 15 00 1 3267.955
2015 08 18 13 30 00 1 3267.864
2015 08 18 13 45 00 1 3267.775
2015 08 18 14 00 00 1 3267.692
2015 08 18 14 15 00 1 3267.611
2015 08 18 14 30 00 1 3267.538
2015 08 18 14 45 00 1 3267.471
2015 08 18 15 00 00 1 3267.416
2015 08 18 15 15 00 1 3267.371
2015 08 18 15 30 00 1 3267.336
2015 08 18 15 45 00 1 3267.310
2015 08 18 16 00 00 1 3267.301
2015 08 18 16 15 00 1 3267.300
2015 08 18 16 30 00 1 3267.314
2015 08 18 16 45 00 1 3267.338
2015 08 18 17 00 00 1 3267.374
2015 08 18 17 15 00 1 3267.420
2015 08 18 17 30 00 1 3267.474
2015 08 18 17 45 00 1 3267.543
2015 08 18 18 00 00 1 3267.617
2015 08 18 18 15 00 1 3267.696
2015 08 18 18 30 00 1 3267.778
2015 08 18 18 45 00 1 3267.870
2015 08 18 19 00 00 1 3267.966
2015 08 18 19 15 00 1 3268.063
2015 08 18 19 30 00 1 3268.158
2015 08 18 19 45 00 1 3268.250
2015 08 18 20 00 00 1 3268.341
2015 08 18 20 15 00 1 3268.430
2015 08 18 20 30 00 1 3268.514
2015 08 18 20 45 00 1 3268.588
2015 08 18 21 00 00 1 3268.655
2015 08 18 21 15 00 1 3268.712
2015 08 18 21 30 00 1 3268.764
2015 08 18 21 45 00 1 3268.802
2015 08 18 22 00 00 1 3268.827
2015 08 18 22 15 00 1 3268.845
2015 08 18 22 30 00 1 3268.849
2015 08 18 22 45 00 1 3268.842
2015 08 18 23 00 00 1 3268.820
2015 08 18 23 15 00 1 3268.793
2015 08 18 23 30 00 1 3268.755
2015 08 18 23 45 00 1 3268.704
2015 08 19 00 00 00 1 3268.646
2015 08 19 00 15 00 1 3268.583
2015 08 19 00 30 00 1 3268.513
2015 08 19 00 45 00 1 3268.439
2015 08 19 01 00 00 1 3268.360
2015 08 19 01 15 00 1 3268.277
2015 08 19 01 30 00 1 3268.190
2015 08 19 01 45 00 1 3268.107
2015 08 19 02 00 00 1 3268.024
2015 08 19 02 15 00 1 3267.943
2015 08 19 02 30 00 1 3267.865
2015 08 19 02 45 00 1 3267.798
2015 08 19 03 00 00 1 3267.733
2015 08 19 03 15 00 1 3267.674
2015 08 19 03 30 00 1 3267.624
2015 08 19 03 45 00 1 3267.584
2015 08 19 04 00 00 1 3267.550
2015 08 19 04 15 00 1 3267.530
2015 08 19 04 30 00 1 3267.522
2015 08 19 04 45 00 1 3267.519
2015 08 19 05 00 00 1 3267.527
2015 08 19 05 15 00 1 3267.548
2015 08 19 05 30 00 1 3267.579
2015 08 19 05 45 00 1 3267.618
2015 08 19 06 00 00 1 3267.669
2015 08 19 06 15 00 1 3267.727
2015 08 19 06 30 00 1 3267.791
2015 08 19 06 45 00 1 3267.855
2015 08 19 07 00 00 1 3267.927
2015 08 19 07 15 00 1 3268.000
2015 08 19 07 30 00 1 3268.075
2015 08 19 07 45 00 1 3268.148
2015 08 19 08 00 00 1 3268.225
2015 08 19 08 15 00 1 3268.297
2015 08 19 08 30 00 1 3268.365
2015 08 19 08 45 00 1 3268.426
2015 08 19 09 00 00 1 3268.484
2015 08 19 09 15 00 1 3268.534
2015 08 19 09 30 00 1 3268.578
2015 08 19 09 45 00 1 3268.614
2015 08 19 10 00 00 1 3268.636
2015 08 19 10 15 00 1 3268.649
2015 08 19 10 30 00 1 3268.656
2015 08 19 10 45 00 1 3268.651
2015 08 19 11 00 00 1 3268.639
2015 08 19 11 15 00 1 3268.612
2015 08 19 11 30 00 1 3268.580
2015 08 19 11 45 00 1 3268.537
2015 08 19 12 00 00 1 3268.488
2015 08 19 12 15 00 1 3268.428
2015 08 19 12 30 00 1 3268.366
2015 08 19 12 45 00 1 3268.295
2015 08 19 13 00 00 1 3268.220
2015 08 19 13 15 00 1 3268.143
2015 08 19 13 30 00 1 3268.064
2015 08 19 13 45 00 1 3267.980
2015 08 19 14 00 00 1 3267.900
2015 08 19 14 15 00 1 3267.824
2015 08 19 14 30 00 1 3267.751
2015 08 19 14 45 00 1 3267.680
2015 08 19 15 00 00 1 3267.615
2015 08 19 15 15 00 1 3267.559
2015 08 19 15 30 00 1 3267.509
2015 08 19 15 45 00 1 3267.470
2015 08 19 16 00 00 1 3267.437
2015 08 19 16 15 00 1 3267.418
2015 08 19 16 30 00 1 3267.410
2015 08 19 16 45 00 1 3267.408
2015 08 19 17 00 00 1 3267.417
2015 08 19 17 15 00 1 3267.439
2015 08 19 17 30 00 1 3267.470
2015 08 19 17 45 00 1 3267.511
2015 08 19 18 00 00 1 3267.557
2015 08 19 18 15 00 1 3267.619
2015 08 19 18 30 00 1 3267.685
2015 08 19 18 45 00 1 3267.759
2015 08 19 19 00 00 1 3267.837
2015 08 19 19 15 00 1 3267.921
2015 08 19 19 30 00 1 3268.005
2015 08 19 19 45 00 1 3268.094
2015 08 19 20 00 00 1 3268.179
2015 08 19 20 15 00 1 3268.268
2015 08 19 20 30 00 1 3268.353
2015 08 19 20 45 00 1 3268.435
2015 08 19 21 00 00 1 3268.510
2015 08 19 21 15 00 1 3268.580
2015 08 19 21 30 00 1 3268.645
2015 08 19 21 45 00 1 3268.698
2015 08 19 22 00 00 1 3268.744
2015 08 19 22 15 00 1 3268.779
2015 08 19 22 30 00 1 3268.806
2015 08 19 22 45 00 1 3268.823
2015 08 19 23 00 00 1 3268.829
2015 08 19 23 15 00 1 3268.823
2015 08 19 23 30 00 1 3268.806
2015 08 19 23 45 00 1 3268.780
2015 08 20 00 00 00 1 3268.743
2015 08 20 00 15 00 1 3268.697
2015 08 20 00 30 00 1 3268.642
2015 08 20 00 45 00 1 3268.584
2015 08 20 01 00 00 1 3268.517
2015 08 20 01 15 00 1 3268.443
2015 08 20 01 30 00 1 3268.363
2015 08 20 01 45 00 1 3268.282
2015 08 20 02 00 00 1 3268.202
2015 08 20 02 15 00 1 3268.123
2015 08 20 02 30 00 1 3268.040
2015 08 20 02 45 00 1 3267.962
2015 08 20 03 00 00 1 3267.886
2015 08 20 03 15 00 1 3267.815
2015 08 20 03 30 00 1 3267.750
2015 08 20 03 45 00 1 3267.688
2015 08 20 04 00 00 1 3267.635
2015 08 20 04 15 00 1 3267.593
2015 08 20 04 30 00 1 3267.555
2015 08 20 04 45 00 1 3267.526
2015 08 20 05 00 00 1 3267.511
2015 08 20 05 15 00 1 3267.501
2015 08 20 05 30 00 1 3267.496
2015 08 20 05 45 00 1 3267.507
2015 08 20 06 00 00 1 3267.526
2015 08 20 06 15 00 1 3267.552
2015 08 20 06 30 00 1 3267.588
2015 08 20 06 45 00 1 3267.631
2015 08 20 07 00 00 1 3267.683
2015 08 20 07 15 00 1 3267.740
2015 08 20 07 30 00 1 3267.802
2015 08 20 07 45 00 1 3267.864
2015 08 20 08 00 00 1 3267.929
2015 08 20 08 15 00 1 3267.997
2015 08 20 08 30 00 1 3268.064
2015 08 20 08 45 00 1 3268.128
2015 08 20 09 00 00 1 3268.192
2015 08 20 09 15 00 1 3268.252
2015 08 20 09 30 00 1 3268.308
2015 08 20 09 45 00 1 3268.361
2015 08 20 10 00 00 1 3268.409
2015 08 20 10 15 00 1 3268.446
2015 08 20 10 30 00 1 3268.480
2015 08 20 10 45 00 1 3268.503
2015 08 20 11 00 00 1 3268.518
2015 08 20 11 15 00 1 3268.525
2015 08 20 11 30 00 1 3268.520
2015 08 20 11 45 00 1 3268.506
2015 08 20 12 00 00 1 3268.483
2015 08 20 12 15 00 1 3268.455
2015 08 20 12 30 00 1 3268.418
2015 08 20 12 45 00 1 3268.373
2015 08 20 13 00 00 1 3268.323
2015 08 20 13 15 00 1 3268.268
2015 08 20 13 30 00 1 3268.209
2015 08 20 13 45 00 1 3268.146
2015 08 20 14 00 00 1 3268.084
2015 08 20 14 15 00 1 3268.018
2015 08 20 14 30 00 1 3267.954
2015 08 20 14 45 00 1 3267.891
2015 08 20 15 00 00 1 3267.830
2015 08 20 15 15 00 1 3267.773
2015 08 20 15 30 00 1 3267.719
2015 08 20 15 45 00 1 3267.672
2015 08 20 16 00 00 1 3267.632
2015 08 20 16 15 00 1 3267.593
2015 08 20 16 30 00 1 3267.564
2015 08 20 16 45 00 1 3267.545
2015 08 20 17 00 00 1 3267.533
2015 08 20 17 15 00 1 3267.532
2015 08 20 17 30 00 1 3267.540
2015 08 20 17 45 00 1 3267.554
2015 08 20 18 00 00 1 3267.577
2015 08 20 18 15 00 1 3267.612
2015 08 20 18 30 00 1 3267.655
2015 08 20 18 45 00 1 3267.706
2015 08 20 19 00 00 1 3267.765
2015 08 20 19 15 00 1 3267.830
2015 08 20 19 30 00 1 3267.897
2015 08 20 19 45 00 1 3267.972
2015 08 20 20 00 00 1 3268.047
2015 08 20 20 15 00 1 3268.125
2015 08 20 20 30 00 1 3268.207
2015 08 20 20 45 00 1 3268.289
2015 08 20 21 00 00 1 3268.369
2015 08 20 21 15 00 1 3268.441
2015 08 20 21 30 00 1 3268.509
2015 08 20 21 45 00 1 3268.574
2015 08 20 22 00 00 1 3268.636
2015 08 20 22 15 00 1 3268.685
2015 08 20 22 30 00 1 3268.724
2015 08 20 22 45 00 1 3268.760
2015 08 20 23 00 00 1 3268.787
2015 08 20 23 15 00 1 3268.809
2015 08 20 23 30 00 1 3268.817
2015 08 20 23 45 00 1 3268.815
2015 08 21 00 00 00 1 3268.802
2015 08 21 00 15 00 1 3268.782
2015 08 21 00 30 00 1 3268.755
2015 08 21 00 45 00 1 3268.716
2015 08 21 01 00 00 1 3268.668
2015 08 21 01 15 00 1 3268.614
2015 08 21 01 30 00 1 3268.558
2015 08 21 01 45 00 1 3268.487
2015 08 21 02 00 00 1 3268.416
2015 08 21 02 15 00 1 3268.342
2015 08 21 02 30 00 1 3268.262
2015 08 21 02 45 00 1 3268.183
2015 08 21 03 00 00 1 3268.104
2015 08 21 03 15 00 1 3268.028
2015 08 21 03 30 00 1 3267.952
2015 08 21 03 45 00 1 3267.879
2015 08 21 04 00 00 1 3267.808
2015 08 21 04 15 00 1 3267.744
2015 08 21 04 30 00 1 3267.688
2015 08 21 04 45 00 1 3267.635
2015 08 21 05 00 00 1 3267.594
2015 08 21 05 15 00 1 3267.557
2015 08 21 05 30 00 1 3267.528
2015 08 21 05 45 00 1 3267.510
2015 08 21 06 00 00 1 3267.500
2015 08 21 06 15 00 1 3267.496
2015 08 21 06 30 00 1 3267.503
2015 08 21 06 45 00 1 3267.516
2015 08 21 07 00 00 1 3267.537
2015 08 21 07 15 00 1 3267.569
2015 08 21 07 30 00 1 3267.608
2015 08 21 07 45 00 1 3267.651
2015 08 21 08 00 00 1 3267.699
2015 08 21 08 15 00 1 3267.748
2015 08 21 08 30 00 1 3267.805
2015 08 21 08 45 00 1 3267.863
2015 08 21 09 00 00 1 3267.921
2015 08 21 09 15 00 1 3267.979
2015 08 21 09 30 00 1 3268.041
2015 08 21 09 45 00 1 3268.102
2015 08 21 10 00 00 1 3268.159
2015 08 21 10 15 00 1 3268.213
2015 08 21 10 30 00 1 3268.259
2015 08 21 10 45 00 1 3268.300
2015 08 21 11 00 00 1 3268.336
2015 08 21 11 15 00 1 3268.370
2015 08 21 11 30 00 1 3268.395
2015 08 21 11 45 00 1 3268.411
2015 08 21 12 00 00 1 3268.418
2015 08 21 12 15 00 1 3268.418
2015 08 21 12 30 00 1 3268.408
2015 08 21 12 45 00 1 3268.392
2015 08 21 13 00 00 1 3268.371
2015 08 21 13 15 00 1 3268.346
2015 08 21 13 30 00 1 3268.316
2015 08 21 13 45 00 1 3268.279
2015 08 21 14 00 00 1 3268.235
2015 08 21 14 15 00 1 3268.192
2015 08 21 14 30 00 1 3268.143
2015 08 21 14 45 00 1 3268.093
2015 08 21 15 00 00 1 3268.041
2015 08 21 15 15 00 1 3267.990
2015 08 21 15 30 00 1 3267.943
2015 08 21 15 45 00 1 3267.894
2015 08 21 16 00 00 1 3267.853
2015 08 21 16 15 00 1 3267.811
2015 08 21 16 30 00 1 3267.775
2015 08 21 16 45 00 1 3267.743
2015 08 21 17 00 00 1 3267.720
2015 08 21 17 15 00 1 3267.700
2015 08 21 17 30 00 1 3267.688
2015 08 21 17 45 00 1 3267.684
2015 08 21 18 00 00 1 3267.689
2015 08 21 18 15 00 1 3267.698
2015 08 21 18 30 00 1 3267.714
2015 08 21 18 45 00 1 3267.742
2015 08 21 19 00 00 1 3267.773
2015 08 21 19 15 00 1 3267.815
2015 08 21 19 30 00 1 3267.863
2015 08 21 19 45 00 1 3267.916
2015 08 21 20 00 00 1 3267.973
2015 08 21 20 15 00 1 3268.034
2015 08 21 20 30 00 1 3268.100
2015 08 21 20 45 00 1 3268.167
2015 08 21 21 00 00 1 3268.234
2015 08 21 21 15 00 1 3268.301
2015 08 21 21 30 00 1 3268.368
2015 08 21 21 45 00 1 3268.434
2015 08 21 22 00 00 1 3268.500
2015 08 21 22 15 00 1 3268.559
2015 08 21 22 30 00 1 3268.616
2015 08 21 22 45 00 1 3268.667
2015 08 21 23 00 00 1 3268.712
2015 08 21 23 15 00 1 3268.748
2015 08 21 23 30 00 1 3268.778
2015 08 21 23 45 00 1 3268.800
2015 08 22 00 00 00 1 3268.814
2015 08 22 00 15 00 1 3268.821
2015 08 22 00 30 00 1 3268.815
2015 08 22 00 45 00 1 3268.801
2015 08 22 01 00 00 1 3268.780
2015 08 22 01 15 00 1 3268.751
2015 08 22 01 30 00 1 3268.713
2015 08 22 01 45 00 1 3268.668
2015 08 22 02 00 00 1 3268.612
2015 08 22 02 15 00 1 3268.555
2015 08 22 02 30 00 1 3268.488
2015 08 22 02 45 00 1 3268.418
2015 08 22 03 00 00 1 3268.348
2015 08 22 03 15 00 1 3268.278
2015 08 22 03 30 00 1 3268.203
2015 08 22 03 45 00 1 3268.124
2015 08 22 04 00 00 1 3268.048
2015 08 22 04 15 00 1 3267.977
2015 08 22 04 30 00 1 3267.904
2015 08 22 04 45 00 1 3267.837
2015 08 22 05 00 00 1 3267.769
2015 08 22 05 15 00 1 3267.712
2015 08 22 05 30 00 1 3267.657
2015 08 22 05 45 00 1 3267.611
2015 08 22 06 00 00 1 3267.570
2015 08 22 06 15 00 1 3267.536
2015 08 22 06 30 00 1 3267.512
2015 08 22 06 45 00 1 3267.492
2015 08 22 07 00 00 1 3267.486
2015 08 22 07 15 00 1 3267.486
2015 08 22 07 30 00 1 3267.491
2015 08 22 07 45 00 1 3267.503
2015 08 22 08 00 00 1 3267.526
2015 08 22 08 15 00 1 3267.554
2015 08 22 08 30 00 1 3267.586
2015 08 22 08 45 00 1 3267.622
2015 08 22 09 00 00 1 3267.668
2015 08 22 09 15 00 1 3267.717
2015 08 22 09 30 00 1 3267.772
2015 08 22 09 45 00 1 3267.827
2015 08 22 10 00 00 1 3267.885
2015 08 22 10 15 00 1 3267.942
2015 08 22 10 30 00 1 3267.997
2015 08 22 10 45 00 1 3268.052
2015 08 22 11 00 00 1 3268.104
2015 08 22 11 15 00 1 3268.150
2015 08 22 11 30 00 1 3268.193
2015 08 22 11 45 00 1 3268.230
2015 08 22 12 00 00 1 3268.264
2015 08 22 12 15 00 1 3268.293
2015 08 22 12 30 00 1 3268.316
2015 08 22 12 45 00 1 3268.332
2015 08 22 13 00 00 1 3268.344
2015 08 22 13 15 00 1 3268.345
2015 08 22 13 30 00 1 3268.341
2015 08 22 13 45 00 1 3268.333
2015 08 22 14 00 00 1 3268.319
2015 08 22 14 15 00 1 3268.300
2015 08 22 14 30 00 1 3268.275
2015 08 22 14 45 00 1 3268.249
2015 08 22 15 00 00 1 3268.218
2015 08 22 15 15 00 1 3268.185
2015 08 22 15 30 00 1 3268.148
2015 08 22 15 45 00 1 3268.110
2015 08 22 16 00 00 1 3268.072
2015 08 22 16 15 00 1 3268.034
2015 08 22 16 30 00 1 3267.999
2015 08 22 16 45 00 1 3267.963
2015 08 22 17 00 00 1 3267.932
2015 08 22 17 15 00 1 3267.903
2015 08 22 17 30 00 1 3267.880
2015 08 22 17 45 00 1 3267.857
2015 08 22 18 00 00 1 3267.842
2015 08 22 18 15 00 1 3267.831
2015 08 22 18 30 00 1 3267.826
2015 08 22 18 45 00 1 3267.824
2015 08 22 19 00 00 1 3267.834
2015 08 22 19 15 00 1 3267.846
2015 08 22 19 30 00 1 3267.867
2015 08 22 19 45 00 1 3267.892
2015 08 22 20 00 00 1 3267.927
2015 08 22 20 15 00 1 3267.963
2015 08 22 20 30 00 1 3268.008
2015 08 22 20 45 00 1 3268.057
2015 08 22 21 00 00 1 3268.110
2015 08 22 21 15 00 1 3268.167
2015 08 22 21 30 00 1 3268.225
2015 08 22 21 45 00 1 3268.285
2015 08 22 22 00 00 1 3268.346
2015 08 22 22 15 00 1 3268.412
2015 08 22 22 30 00 1 3268.470
2015 08 22 22 45 00 1 3268.532
2015 08 22 23 00 00 1 3268.588
2015 08 22 23 15 00 1 3268.640
2015 08 22 23 30 00 1 3268.684
2015 08 22 23 45 00 1 3268.724
2015 08 23 00 00 00 1 3268.758
2015 08 23 00 15 00 1 3268.787
2015 08 23 00 30 00 1 3268.808
2015 08 23 00 45 00 1 3268.820
2015 08 23 01 00 00 1 3268.822
2015 08 23 01 15 00 1 3268.819
2015 08 23 01 30 00 1 3268.809
2015 08 23 01 45 00 1 3268.790
2015 08 23 02 00 00 1 3268.763
2015 08 23 02 15 00 1 3268.727
2015 08 23 02 30 00 1 3268.686
2015 08 23 02 45 00 1 3268.636
2015 08 23 03 00 00 1 3268.584
2015 08 23 03 15 00 1 3268.523
2015 08 23 03 30 00 1 3268.461
2015 08 23 03 45 00 1 3268.393
2015 08 23 04 00 00 1 3268.321
2015 08 23 04 15 00 1 3268.247
2015 08 23 04 30 00 1 3268.169
2015 08 23 04 45 00 1 3268.094
2015 08 23 05 00 00 1 3268.019
2015 08 23 05 15 00 1 3267.947
2015 08 23 05 30 00 1 3267.875
2015 08 23 05 45 00 1 3267.804
2015 08 23 06 00 00 1 3267.738
2015 08 23 06 15 00 1 3267.678
2015 08 23 06 30 00 1 3267.624
2015 08 23 06 45 00 1 3267.576
2015 08 23 07 00 00 1 3267.528
2015 08 23 07 15 00 1 3267.496
2015 08 23 07 30 00 1 3267.467
2015 08 23 07 45 00 1 3267.444
2015 08 23 08 00 00 1 3267.431
2015 08 23 08 15 00 1 3267.426
2015 08 23 08 30 00 1 3267.428
2015 08 23 08 45 00 1 3267.440
2015 08 23 09 00 00 1 3267.458
2015 08 23 09 15 00 1 3267.483
2015 08 23 09 30 00 1 3267.516
2015 08 23 09 45 00 1 3267.557
2015 08 23 10 00 00 1 3267.601
2015 08 23 10 15 00 1 3267.651
2015 08 23 10 30 00 1 3267.703
2015 08 23 10 45 00 1 3267.755
2015 08 23 11 00 00 1 3267.810
2015 08 23 11 15 00 1 3267.864
2015 08 23 11 30 00 1 3267.918
2015 08 23 11 45 00 1 3267.973
2015 08 23 12 00 00 1 3268.024
2015 08 23 12 15 00 1 3268.073
2015 08 23 12 30 00 1 3268.119
2015 08 23 12 45 00 1 3268.162
2015 08 23 13 00 00 1 3268.202
2015 08 23 13 15 00 1 3268.236
2015 08 23 13 30 00 1 3268.264
2015 08 23 13 45 00 1 3268.287
2015 08 23 14 00 00 1 3268.306
2015 08 23 14 15 00 1 3268.312
2015 08 23 14 30 00 1 3268.318
2015 08 23 14 45 00 1 3268.316
2015 08 23 15 00 00 1 3268.309
2015 08 23 15 15 00 1 3268.298
2015 08 23 15 30 00 1 3268.286
2015 08 23 15 45 00 1 3268.264
2015 08 23 16 00 00 1 3268.240
2015 08 23 16 15 00 1 3268.214
2015 08 23 16 30 00 1 3268.187
2015 08 23 16 45 00 1 3268.158
2015 08 23 17 00 00 1 3268.130
2015 08 23 17 15 00 1 3268.096
2015 08 23 17 30 00 1 3268.066
2015 08 23 17 45 00 1 3268.035
2015 08 23 18 00 00 1 3268.010
2015 08 23 18 15 00 1 3267.985
2015 08 23 18 30 00 1 3267.960
2015 08 23 18 45 00 1 3267.943
2015 08 23 19 00 00 1 3267.930
2015 08 23 19 15 00 1 3267.919
2015 08 23 19 30 00 1 3267.915
2015 08 23 19 45 00 1 3267.917
2015 08 23 20 00 00 1 3267.925
2015 08 23 20 15 00 1 3267.937
2015 08 23 20 30 00 1 3267.955
2015 08 23 20 45 00 1 3267.982
2015 08 23 21 00 00 1 3268.014
2015 08 23 21 15 00 1 3268.049
2015 08 23 21 30 00 1 3268.090
2015 08 23 21 45 00 1 3268.137
2015 08 23 22 00 00 1 3268.188
2015 08 23 22 15 00 1 3268.237
2015 08 23 22 30 00 1 3268.293
2015 08 23 22 45 00 1 3268.350
2015 08 23 23 00 00 1 3268.406
2015 08 23 23 15 00 1 3268.461
2015 08 23 23 30 00 1 3268.513
2015 08 23 23 45 00 1 3268.569
2015 08 24 00 00 00 1 3268.617
2015 08 24 00 15 00 1 3268.665
2015 08 24 00 30 00 1 3268.708
2015 08 24 00 45 00 1 3268.744
2015 08 24 01 00 00 1 3268.776
2015 08 24 01 15 00 1 3268.801
2015 08 24 01 30 00 1 3268.819
2015 08 24 01 45 00 1 3268.829
2015 08 24 02 00 00 1 3268.832
2015 08 24 02 15 00 1 3268.829
2015 08 24 02 30 00 1 3268.813
2015 08 24 02 45 00 1 3268.793
2015 08 24 03 00 00 1 3268.766
2015 08 24 03 15 00 1 3268.730
2015 08 24 03 30 00 1 3268.688
2015 08 24 03 45 00 1 3268.637
2015 08 24 04 00 00 1 3268.582
2015 08 24 04 15 00 1 3268.517
2015 08 24 04 30 00 1 3268.450
2015 08 24 04 45 00 1 3268.378
2015 08 24 05 00 00 1 3268.301
2015 08 24 05 15 00 1 3268.224
2015 08 24 05 30 00 1 3268.143
2015 08 24 05 45 00 1 3268.062
2015 08 24 06 00 00 1 3267.980
2015 08 24 06 15 00 1 3267.903
2015 08 24 06 30 00 1 3267.829
2015 08 24 06 45 00 1 3267.758
2015 08 24 07 00 00 1 3267.687
2015 08 24 07 15 00 1 3267.619
2015 08 24 07 30 00 1 3267.558
2015 08 24 07 45 00 1 3267.502
2015 08 24 08 00 00 1 3267.454
2015 08 24 08 15 00 1 3267.414
2015 08 24 08 30 00 1 3267.381
2015 08 24 08 45 00 1 3267.357
2015 08 24 09 00 00 1 3267.344
2015 08 24 09 15 00 1 3267.332
2015 08 24 09 30 00 1 3267.334
2015 08 24 09 45 00 1 3267.341
2015 08 24 10 00 00 1 3267.362
2015 08 24 10 15 00 1 3267.391
2015 08 24 10 30 00 1 3267.421
2015 08 24 10 45 00 1 3267.459
2015 08 24 11 00 00 1 3267.502
2015 08 24 11 15 00 1 3267.553
2015 08 24 11 30 00 1 3267.609
2015 08 24 11 45 00 1 3267.666
2015 08 24 12 00 00 1 3267.726
2015 08 24 12 15 00 1 3267.785
2015 08 24 12 30 00 1 3267.844
2015 08 24 12 45 00 1 3267.903
2015 08 24 13 00 00 1 3267.962
2015 08 24 13 15 00 1 3268.019
2015 08 24 13 30 00 1 3268.072
2015 08 24 13 45 00 1 3268.122
2015 08 24 14 00 00 1 3268.170
2015 08 24 14 15 00 1 3268.214
2015 08 24 14 30 00 1 3268.251
2015 08 24 14 45 00 1 3268.282
2015 08 24 15 00 00 1 3268.310
2015 08 24 15 15 00 1 3268.331
2015 08 24 15 30 00 1 3268.345
2015 08 24 15 45 00 1 3268.351
2015 08 24 16 00 00 1 3268.353
2015 08 24 16 15 00 1 3268.352
2015 08 24 16 30 00 1 3268.340
2015 08 24 16 45 00 1 3268.328
2015 08 24 17 00 00 1 3268.310
2015 08 24 17 15 00 1 3268.290
2015 08 24 17 30 00 1 3268.262
2015 08 24 17 45 00 1 3268.235
2015 08 24 18 00 00 1 3268.205
2015 08 24 18 15 00 1 3268.172
2015 08 24 18 30 00 1 3268.142
2015 08 24 18 45 00 1 3268.107
2015 08 24 19 00 00 1 3268.081
2015 08 24 19 15 00 1 3268.053
2015 08 24 19 30 00 1 3268.029
2015 08 24 19 45 00 1 3268.006
2015 08 24 20 00 00 1 3267.988
2015 08 24 20 15 00 1 3267.979
2015 08 24 20 30 00 1 3267.970
2015 08 24 20 45 00 1 3267.970
2015 08 24 21 00 00 1 3267.974
2015 08 24 21 15 00 1 3267.985
2015 08 24 21 30 00 1 3268.001
2015 08 24 21 45 00 1 3268.022
2015 08 24 22 00 00 1 3268.047
2015 08 24 22 15 00 1 3268.080
2015 08 24 22 30 00 1 3268.115
2015 08 24 22 45 00 1 3268.162
2015 08 24 23 00 00 1 3268.208
2015 08 24 23 15 00 1 3268.262
2015 08 24 23 30 00 1 3268.316
2015 08 24 23 45 00 1 3268.371
2015 08 25 00 00 00 1 3268.428
2015 08 25 00 15 00 1 3268.486
2015 08 25 00 30 00 1 3268.542
2015 08 25 00 45 00 1 3268.595
2015 08 25 01 00 00 1 3268.644
2015 08 25 01 15 00 1 3268.693
2015 08 25 01 30 00 1 3268.735
2015 08 25 01 45 00 1 3268.777
2015 08 25 02 00 00 1 3268.812
2015 08 25 02 15 00 1 3268.838
2015 08 25 02 30 00 1 3268.858
2015 08 25 02 45 00 1 3268.872
2015 08 25 03 00 00 1 3268.879
2015 08 25 03 15 00 1 3268.875
2015 08 25 03 30 00 1 3268.859
2015 08 25 03 45 00 1 3268.839
2015 08 25 04 00 00 1 3268.807
2015 08 25 04 15 00 1 3268.766
2015 08 25 04 30 00 1 3268.718
2015 08 25 04 45 00 1 3268.664
2015 08 25 05 00 00 1 3268.602
2015 08 25 05 15 00 1 3268.532
2015 08 25 05 30 00 1 3268.458
2015 08 25 05 45 00 1 3268.377
2015 08 25 06 00 00 1 3268.289
2015 08 25 06 15 00 1 3268.204
2015 08 25 06 30 00 1 3268.112
2015 08 25 06 45 00 1 3268.021
2015 08 25 07 00 00 1 3267.931
2015 08 25 07 15 00 1 3267.840
2015 08 25 07 30 00 1 3267.751
2015 08 25 07 45 00 1 3267.667
2015 08 25 08 00 00 1 3267.584
2015 08 25 08 15 00 1 3267.510
2015 08 25 08 30 00 1 3267.441
2015 08 25 08 45 00 1 3267.378
2015 08 25 09 00 00 1 3267.324
2015 08 25 09 15 00 1 3267.278
2015 08 25 09 30 00 1 3267.245
2015 08 25 09 45 00 1 3267.218
2015 08 25 10 00 00 1 3267.203
2015 08 25 10 15 00 1 3267.196
2015 08 25 10 30 00 1 3267.201
2015 08 25 10 45 00 1 3267.214
2015 08 25 11 00 00 1 3267.237
2015 08 25 11 15 00 1 3267.265
2015 08 25 11 30 00 1 3267.304
2015 08 25 11 45 00 1 3267.351
2015 08 25 12 00 00 1 3267.403
2015 08 25 12 15 00 1 3267.456
2015 08 25 12 30 00 1 3267.516
2015 08 25 12 45 00 1 3267.581
2015 08 25 13 00 00 1 3267.650
2015 08 25 13 15 00 1 3267.722
2015 08 25 13 30 00 1 3267.795
2015 08 25 13 45 00 1 3267.867
2015 08 25 14 00 00 1 3267.941
2015 08 25 14 15 00 1 3268.013
2015 08 25 14 30 00 1 3268.078
2015 08 25 14 45 00 1 3268.143
2015 08 25 15 00 00 1 3268.201
2015 08 25 15 15 00 1 3268.251
2015 08 25 15 30 00 1 3268.299
2015 08 25 15 45 00 1 3268.346
2015 08 25 16 00 00 1 3268.382
2015 08 25 16 15 00 1 3268.406
2015 08 25 16 30 00 1 3268.425
2015 08 25 16 45 00 1 3268.440
2015 08 25 17 00 00 1 3268.445
2015 08 25 17 15 00 1 3268.442
2015 08 25 17 30 00 1 3268.434
2015 08 25 17 45 00 1 3268.419
2015 08 25 18 00 00 1 3268.399
2015 08 25 18 15 00 1 3268.375
2015 08 25 18 30 00 1 3268.344
2015 08 25 18 45 00 1 3268.307
2015 08 25 19 00 00 1 3268.269
2015 08 25 19 15 00 1 3268.232
2015 08 25 19 30 00 1 3268.197
2015 08 25 19 45 00 1 3268.157
2015 08 25 20 00 00 1 3268.120
2015 08 25 20 15 00 1 3268.083
2015 08 25 20 30 00 1 3268.052
2015 08 25 20 45 00 1 3268.024
2015 08 25 21 00 00 1 3267.995
2015 08 25 21 15 00 1 3267.977
2015 08 25 21 30 00 1 3267.964
2015 08 25 21 45 00 1 3267.957
2015 08 25 22 00 00 1 3267.954
2015 08 25 22 15 00 1 3267.961
2015 08 25 22 30 00 1 3267.975
2015 08 25 22 45 00 1 3267.993
2015 08 25 23 00 00 1 3268.020
2015 08 25 23 15 00 1 3268.054
2015 08 25 23 30 00 1 3268.095
2015 08 25 23 45 00 1 3268.140
2015 08 26 00 00 00 1 3268.192
2015 08 26 00 15 00 1 3268.248
2015 08 26 00 30 00 1 3268.309
2015 08 26 00 45 00 1 3268.372
2015 08 26 01 00 00 1 3268.437
2015 08 26 01 15 00 1 3268.499
2015 08 26 01 30 00 1 3268.564
2015 08 26 01 45 00 1 3268.628
2015 08 26 02 00 00 1 3268.688
2015 08 26 02 15 00 1 3268.741
2015 08 26 02 30 00 1 3268.794
2015 08 26 02 45 00 1 3268.840
2015 08 26 03 00 00 1 3268.880
2015 08 26 03 15 00 1 3268.912
2015 08 26 03 30 00 1 3268.936
2015 08 26 03 45 00 1 3268.953
2015 08 26 04 00 00 1 3268.959
2015 08 26 04 15 00 1 3268.953
2015 08 26 04 30 00 1 3268.938
2015 08 26 04 45 00 1 3268.915
2015 08 26 05 00 00 1 3268.883
2015 08 26 05 15 00 1 3268.838
2015 08 26 05 30 00 1 3268.784
2015 08 26 05 45 00 1 3268.723
2015 08 26 06 00 00 1 3268.652
2015 08 26 06 15 00 1 3268.574
2015 08 26 06 30 00 1 3268.490
2015 08 26 06 45 00 1 3268.399
2015 08 26 07 00 00 1 3268.302
2015 08 26 07 15 00 1 3268.201
2015 08 26 07 30 00 1 3268.096
2015 08 26 07 45 00 1 3267.992
2015 08 26 08 00 00 1 3267.891
2015 08 26 08 15 00 1 3267.786
2015 08 26 08 30 00 1 3267.686
2015 08 26 08 45 00 1 3267.590
2015 08 26 09 00 00 1 3267.501
2015 08 26 09 15 00 1 3267.418
2015 08 26 09 30 00 1 3267.342
2015 08 26 09 45 00 1 3267.274
2015 08 26 10 00 00 1 3267.217
2015 08 26 10 15 00 1 3267.173
2015 08 26 10 30 00 1 3267.138
2015 08 26 10 45 00 1 3267.111
2015 08 26 11 00 00 1 3267.094
2015 08 26 11 15 00 1 3267.089
2015 08 26 11 30 00 1 3267.095
2015 08 26 11 45 00 1 3267.110
2015 08 26 12 00 00 1 3267.137
2015 08 26 12 15 00 1 3267.177
2015 08 26 12 30 00 1 3267.221
2015 08 26 12 45 00 1 3267.278
2015 08 26 13 00 00 1 3267.342
2015 08 26 13 15 00 1 3267.411
2015 08 26 13 30 00 1 3267.492
2015 08 26 13 45 00 1 3267.574
2015 08 26 14 00 00 1 3267.657
2015 08 26 14 15 00 1 3267.745
2015 08 26 14 30 00 1 3267.833
2015 08 26 14 45 00 1 3267.921
2015 08 26 15 00 00 1 3268.006
2015 08 26 15 15 00 1 3268.091
2015 08 26 15 30 00 1 3268.171
2015 08 26 15 45 00 1 3268.246
2015 08 26 16 00 00 1 3268.316
2015 08 26 16 15 00 1 3268.378
2015 08 26 16 30 00 1 3268.434
2015 08 26 16 45 00 1 3268.479
2015 08 26 17 00 00 1 3268.518
2015 08 26 17 15 00 1 3268.544
2015 08 26 17 30 00 1 3268.564
2015 08 26 17 45 00 1 3268.570
2015 08 26 18 00 00 1 3268.572
2015 08 26 18 15 00 1 3268.564
2015 08 26 18 30 00 1 3268.546
2015 08 26 18 45 00 1 3268.523
2015 08 26 19 00 00 1 3268.494
2015 08 26 19 15 00 1 3268.459
2015 08 26 19 30 00 1 3268.417
2015 08 26 19 45 00 1 3268.373
2015 08 26 20 00 00 1 3268.328
2015 08 26 20 15 00 1 3268.278
2015 08 26 20 30 00 1 3268.225
2015 08 26 20 45 00 1 3268.176
2015 08 26 21 00 00 1 3268.126
2015 08 26 21 15 00 1 3268.078
2015 08 26 21 30 00 1 3268.034
2015 08 26 21 45 00 1 3267.993
2015 08 26 22 00 00 1 3267.957
2015 08 26 22 15 00 1 3267.931
2015 08 26 22 30 00 1 3267.906
2015 08 26 22 45 00 1 3267.896
2015 08 26 23 00 00 1 3267.891
2015 08 26 23 15 00 1 3267.895
2015 08 26 23 30 00 1 3267.909
2015 08 26 23 45 00 1 3267.931
2015 08 27 00 00 00 1 3267.958
2015 08 27 00 15 00 1 3267.997
2015 08 27 00 30 00 1 3268.044
2015 08 27 00 45 00 1 3268.097
2015 08 27 01 00 00 1 3268.155
2015 08 27 01 15 00 1 3268.220
2015 08 27 01 30 00 1 3268.288
2015 08 27 01 45 00 1 3268.361
2015 08 27 02 00 00 1 3268.432
2015 08 27 02 15 00 1 3268.511
2015 08 27 02 30 00 1 3268.587
2015 08 27 02 45 00 1 3268.662
2015 08 27 03 00 00 1 3268.733
2015 08 27 03 15 00 1 3268.801
2015 08 27 03 30 00 1 3268.863
2015 08 27 03 45 00 1 3268.915
2015 08 27 04 00 00 1 3268.963
2015 08 27 04 15 00 1 3269.001
2015 08 27 04 30 00 1 3269.028
2015 08 27 04 45 00 1 3269.046
2015 08 27 05 00 00 1 3269.050
2015 08 27 05 15 00 1 3269.045
2015 08 27 05 30 00 1 3269.027
2015 08 27 05 45 00 1 3268.996
2015 08 27 06 00 00 1 3268.953
2015 08 27 06 15 00 1 3268.900
2015 08 27 06 30 00 1 3268.837
2015 08 27 06 45 00 1 3268.761
2015 08 27 07 00 00 1 3268.676
2015 08 27 07 15 00 1 3268.582
2015 08 27 07 30 00 1 3268.482
2015 08 27 07 45 00 1 3268.375
2015 08 27 08 00 00 1 3268.260
2015 08 27 08 15 00 1 3268.142
2015 08 27 08 30 00 1 3268.026
2015 08 27 08 45 00 1 3267.906
2015 08 27 09 00 00 1 3267.789
2015 08 27 09 15 00 1 3267.675
2015 08 27 09 30 00 1 3267.566
2015 08 27 09 45 00 1 3267.461
2015 08 27 10 00 00 1 3267.360
2015 08 27 10 15 00 1 3267.271
2015 08 27 10 30 00 1 3267.191
2015 08 27 10 45 00 1 3267.120
2015 08 27 11 00 00 1 3267.063
2015 08 27 11 15 00 1 3267.013
2015 08 27 11 30 00 1 3266.978
2015 08 27 11 45 00 1 3266.956
2015 08 27 12 00 00 1 3266.946
2015 08 27 12 15 00 1 3266.950
2015 08 27 12 30 00 1 3266.966
2015 08 27 12 45 00 1 3266.997
2015 08 27 13 00 00 1 3267.041
2015 08 27 13 15 00 1 3267.094
2015 08 27 13 30 00 1 3267.157
2015 08 27 13 45 00 1 3267.233
2015 08 27 14 00 00 1 3267.315
2015 08 27 14 15 00 1 3267.405
2015 08 27 14 30 00 1 3267.502
2015 08 27 14 45 00 1 3267.601
2015 08 27 15 00 00 1 3267.707
2015 08 27 15 15 00 1 3267.811
2015 08 27 15 30 00 1 3267.915
2015 08 27 15 45 00 1 3268.018
2015 08 27 16 00 00 1 3268.121
2015 08 27 16 15 00 1 3268.214
2015 08 27 16 30 00 1 3268.307
2015 08 27 16 45 00 1 3268.387
2015 08 27 17 00 00 1 3268.461
2015 08 27 17 15 00 1 3268.524
2015 08 27 17 30 00 1 3268.580
2015 08 27 17 45 00 1 3268.626
2015 08 27 18 00 00 1 3268.662
2015 08 27 18 15 00 1 3268.681
2015 08 27 18 30 00 1 3268.693
2015 08 27 18 45 00 1 3268.688
2015 08 27 19 00 00 1 3268.677
2015 08 27 19 15 00 1 3268.657
2015 08 27 19 30 00 1 3268.629
2015 08 27 19 45 00 1 3268.588
2015 08 27 20 00 00 1 3268.543
2015 08 27 20 15 00 1 3268.490
2015 08 27 20 30 00 1 3268.430
2015 08 27 20 45 00 1 3268.368
2015 08 27 21 00 00 1 3268.300
2015 08 27 21 15 00 1 3268.233
2015 08 27 21 30 00 1 3268.166
2015 08 27 21 45 00 1 3268.096
2015 08 27 22 00 00 1 3268.030
2015 08 27 22 15 00 1 3267.971
2015 08 27 22 30 00 1 3267.916
2015 08 27 22 45 00 1 3267.867
2015 08 27 23 00 00 1 3267.828
2015 08 27 23 15 00 1 3267.796
2015 08 27 23 30 00 1 3267.771
2015 08 27 23 45 00 1 3267.760
2015 08 28 00 00 00 1 3267.757
2015 08 28 00 15 00 1 3267.764
2015 08 28 00 30 00 1 3267.779
2015 08 28 00 45 00 1 3267.805
2015 08 28 01 00 00 1 3267.845
2015 08 28 01 15 00 1 3267.895
2015 08 28 01 30 00 1 3267.956
2015 08 28 01 45 00 1 3268.022
2015 08 28 02 00 00 1 3268.097
2015 08 28 02 15 00 1 3268.175
2015 08 28 02 30 00 1 3268.260
2015 08 28 02 45 00 1 3268.350
2015 08 28 03 00 00 1 3268.445
2015 08 28 03 15 00 1 3268.539
2015 08 28 03 30 00 1 3268.625
2015 08 28 03 45 00 1 3268.713
2015 08 28 04 00 00 1 3268.798
2015 08 28 04 15 00 1 3268.874
2015 08 28 04 30 00 1 3268.943
2015 08 28 04 45 00 1 3268.999
2015 08 28 05 00 00 1 3269.050
2015 08 28 05 15 00 1 3269.090
2015 08 28 05 30 00 1 3269.118
2015 08 28 05 45 00 1 3269.130
2015 08 28 06 00 00 1 3269.134
2015 08 28 06 15 00 1 3269.121
2015 08 28 06 30 00 1 3269.094
2015 08 28 06 45 00 1 3269.055
2015 08 28 07 00 00 1 3269.003
2015 08 28 07 15 00 1 3268.937
2015 08 28 07 30 00 1 3268.856
2015 08 28 07 45 00 1 3268.766
2015 08 28 08 00 00 1 3268.667
2015 08 28 08 15 00 1 3268.556
2015 08 28 08 30 00 1 3268.435
2015 08 28 08 45 00 1 3268.315
2015 08 28 09 00 00 1 3268.187
2015 08 28 09 15 00 1 3268.058
2015 08 28 09 30 00 1 3267.929
2015 08 28 09 45 00 1 3267.797
2015 08 28 10 00 00 1 3267.667
2015 08 28 10 15 00 1 3267.543
2015 08 28 10 30 00 1 3267.426
2015 08 28 10 45 00 1 3267.318
2015 08 28 11 00 00 1 3267.213
2015 08 28 11 15 00 1 3267.117
2015 08 28 11 30 00 1 3267.036
2015 08 28 11 45 00 1 3266.964
2015 08 28 12 00 00 1 3266.911
2015 08 28 12 15 00 1 3266.872
2015 08 28 12 30 00 1 3266.844
2015 08 28 12 45 00 1 3266.832
2015 08 28 13 00 00 1 3266.838
2015 08 28 13 15 00 1 3266.855
2015 08 28 13 30 00 1 3266.893
2015 08 28 13 45 00 1 3266.942
2015 08 28 14 00 00 1 3267.003
2015 08 28 14 15 00 1 3267.079
2015 08 28 14 30 00 1 3267.167
2015 08 28 14 45 00 1 3267.265
2015 08 28 15 00 00 1 3267.365
2015 08 28 15 15 00 1 3267.477
2015 08 28 15 30 00 1 3267.590
2015 08 28 15 45 00 1 3267.709
2015 08 28 16 00 00 1 3267.829
2015 08 28 16 15 00 1 3267.946
2015 08 28 16 30 00 1 3268.062
2015 08 28 16 45 00 1 3268.176
2015 08 28 17 00 00 1 3268.286
2015 08 28 17 15 00 1 3268.385
2015 08 28 17 30 00 1 3268.477
2015 08 28 17 45 00 1 3268.556
2015 08 28 18 00 00 1 3268.630
2015 08 28 18 15 00 1 3268.690
2015 08 28 18 30 00 1 3268.739
2015 08 28 18 45 00 1 3268.773
2015 08 28 19 00 00 1 3268.796
2015 08 28 19 15 00 1 3268.805
2015 08 28 19 30 00 1 3268.802
2015 08 28 19 45 00 1 3268.785
2015 08 28 20 00 00 1 3268.758
2015 08 28 20 15 00 1 3268.714
2015 08 28 20 30 00 1 3268.664
2015 08 28 20 45 00 1 3268.606
2015 08 28 21 00 00 1 3268.539
2015 08 28 21 15 00 1 3268.461
2015 08 28 21 30 00 1 3268.379
2015 08 28 21 45 00 1 3268.294
2015 08 28 22 00 00 1 3268.208
2015 08 28 22 15 00 1 3268.120
2015 08 28 22 30 00 1 3268.033
2015 08 28 22 45 00 1 3267.953
2015 08 28 23 00 00 1 3267.878
2015 08 28 23 15 00 1 3267.809
2015 08 28 23 30 00 1 3267.745
2015 08 28 23 45 00 1 3267.695
2015 08 29 00 00 00 1 3267.649
2015 08 29 00 15 00 1 3267.615
2015 08 29 00 30 00 1 3267.591
2015 08 29 00 45 00 1 3267.584
2015 08 29 01 00 00 1 3267.588
2015 08 29 01 15 00 1 3267.603
2015 08 29 01 30 00 1 3267.634
2015 08 29 01 45 00 1 3267.676
2015 08 29 02 00 00 1 3267.726
2015 08 29 02 15 00 1 3267.789
2015 08 29 02 30 00 1 3267.866
2015 08 29 02 45 00 1 3267.945
2015 08 29 03 00 00 1 3268.038
2015 08 29 03 15 00 1 3268.137
2015 08 29 03 30 00 1 3268.242
2015 08 29 03 45 00 1 3268.348
2015 08 29 04 00 00 1 3268.455
2015 08 29 04 15 00 1 3268.560
2015 08 29 04 30 00 1 3268.661
2015 08 29 04 45 00 1 3268.759
2015 08 29 05 00 00 1 3268.850
2015 08 29 05 15 00 1 3268.934
2015 08 29 05 30 00 1 3269.008
2015 08 29 05 45 00 1 3269.071
2015 08 29 06 00 00 1 3269.120
2015 08 29 06 15 00 1 3269.158
2015 08 29 06 30 00 1 3269.182
2015 08 29 06 45 00 1 3269.191
2015 08 29 07 00 00 1 3269.187
2015 08 29 07 15 00 1 3269.164
2015 08 29 07 30 00 1 3269.125
2015 08 29 07 45 00 1 3269.076
2015 08 29 08 00 00 1 3269.011
2015 08 29 08 15 00 1 3268.928
2015 08 29 08 30 00 1 3268.834
2015 08 29 08 45 00 1 3268.729
2015 08 29 09 00 00 1 3268.613
2015 08 29 09 15 00 1 3268.492
2015 08 29 09 30 00 1 3268.360
2015 08 29 09 45 00 1 3268.224
2015 08 29 10 00 00 1 3268.082
2015 08 29 10 15 00 1 3267.942
2015 08 29 10 30 00 1 3267.801
2015 08 29 10 45 00 1 3267.662
2015 08 29 11 00 00 1 3267.530
2015 08 29 11 15 00 1 3267.405
2015 08 29 11 30 00 1 3267.286
2015 08 29 11 45 00 1 3267.180
2015 08 29 12 00 00 1 3267.082
2015 08 29 12 15 00 1 3266.998
2015 08 29 12 30 00 1 3266.925
2015 08 29 12 45 00 1 3266.867
2015 08 29 13 00 00 1 3266.825
2015 08 29 13 15 00 1 3266.796
2015 08 29 13 30 00 1 3266.786
2015 08 29 13 45 00 1 3266.795
2015 08 29 14 00 00 1 3266.818
2015 08 29 14 15 00 1 3266.859
2015 08 29 14 30 00 1 3266.917
2015 08 29 14 45 00 1 3266.991
2015 08 29 15 00 00 1 3267.075
2015 08 29 15 15 00 1 3267.171
2015 08 29 15 30 00 1 3267.279
2015 08 29 15 45 00 1 3267.396
2015 08 29 16 00 00 1 3267.519
2015 08 29 16 15 00 1 3267.644
2015 08 29 16 30 00 1 3267.772
2015 08 29 16 45 00 1 3267.905
2015 08 29 17 00 00 1 3268.031
2015 08 29 17 15 00 1 3268.155
2015 08 29 17 30 00 1 3268.279
2015 08 29 17 45 00 1 3268.398
2015 08 29 18 00 00 1 3268.506
2015 08 29 18 15 00 1 3268.602
2015 08 29 18 30 00 1 3268.689
2015 08 29 18 45 00 1 3268.769
2015 08 29 19 00 00 1 3268.833
2015 08 29 19 15 00 1 3268.880
2015 08 29 19 30 00 1 3268.913
2015 08 29 19 45 00 1 3268.931
2015 08 29 20 00 00 1 3268.938
2015 08 29 20 15 00 1 3268.926
2015 08 29 20 30 00 1 3268.895
2015 08 29 20 45 00 1 3268.853
2015 08 29 21 00 00 1 3268.796
2015 08 29 21 15 00 1 3268.731
2015 08 29 21 30 00 1 3268.656
2015 08 29 21 45 00 1 3268.571
2015 08 29 22 00 00 1 3268.480
2015 08 29 22 15 00 1 3268.383
2015 08 29 22 30 00 1 3268.280
2015 08 29 22 45 00 1 3268.178
2015 08 29 23 00 00 1 3268.072
2015 08 29 23 15 00 1 3267.968
2015 08 29 23 30 00 1 3267.869
2015 08 29 23 45 00 1 3267.775
2015 08 30 00 00 00 1 3267.686
2015 08 30 00 15 00 1 3267.607
2015 08 30 00 30 00 1 3267.539
2015 08 30 00 45 00 1 3267.483
2015 08 30 01 00 00 1 3267.441
2015 08 30 01 15 00 1 3267.408
2015 08 30 01 30 00 1 3267.390
2015 08 30 01 45 00 1 3267.386
2015 08 30 02 00 00 1 3267.397
2015 08 30 02 15 00 1 3267.426
2015 08 30 02 30 00 1 3267.470
2015 08 30 02 45 00 1 3267.527
2015 08 30 03 00 00 1 3267.593
2015 08 30 03 15 00 1 3267.674
2015 08 30 03 30 00 1 3267.765
2015 08 30 03 45 00 1 3267.866
2015 08 30 04 00 00 1 3267.973
2015 08 30 04 15 00 1 3268.085
2015 08 30 04 30 00 1 3268.199
2015 08 30 04 45 00 1 3268.319
2015 08 30 05 00 00 1 3268.434
2015 08 30 05 15 00 1 3268.545
2015 08 30 05 30 00 1 3268.657
2015 08 30 05 45 00 1 3268.760
2015 08 30 06 00 00 1 3268.858
2015 08 30 06 15 00 1 3268.944
2015 08 30 06 30 00 1 3269.019
2015 08 30 06 45 00 1 3269.081
2015 08 30 07 00 00 1 3269.132
2015 08 30 07 15 00 1 3269.164
2015 08 30 07 30 00 1 3269.181
2015 08 30 07 45 00 1 3269.185
2015 08 30 08 00 00 1 3269.169
2015 08 30 08 15 00 1 3269.142
2015 08 30 08 30 00 1 3269.098
2015 08 30 08 45 00 1 3269.036
2015 08 30 09 00 00 1 3268.962
2015 08 30 09 15 00 1 3268.870
2015 08 30 09 30 00 1 3268.770
2015 08 30 09 45 00 1 3268.655
2015 08 30 10 00 00 1 3268.532
2015 08 30 10 15 00 1 3268.401
2015 08 30 10 30 00 1 3268.264
2015 08 30 10 45 00 1 3268.121
2015 08 30 11 00 00 1 3267.978
2015 08 30 11 15 00 1 3267.834
2015 08 30 11 30 00 1 3267.689
2015 08 30 11 45 00 1 3267.554
2015 08 30 12 00 00 1 3267.421
2015 08 30 12 15 00 1 3267.298
2015 08 30 12 30 00 1 3267.184
2015 08 30 12 45 00 1 3267.081
2015 08 30 13 00 00 1 3266.995
2015 08 30 13 15 00 1 3266.923
2015 08 30 13 30 00 1 3266.867
2015 08 30 13 45 00 1 3266.827
2015 08 30 14 00 00 1 3266.804
2015 08 30 14 15 00 1 3266.798
2015 08 30 14 30 00 1 3266.810
2015 08 30 14 45 00 1 3266.840
2015 08 30 15 00 00 1 3266.892
2015 08 30 15 15 00 1 3266.951
2015 08 30 15 30 00 1 3267.031
2015 08 30 15 45 00 1 3267.124
2015 08 30 16 00 00 1 3267.230
2015 08 30 16 15 00 1 3267.349
2015 08 30 16 30 00 1 3267.474
2015 08 30 16 45 00 1 3267.602
2015 08 30 17 00 00 1 3267.734
2015 08 30 17 15 00 1 3267.874
2015 08 30 17 30 00 1 3268.015
2015 08 30 17 45 00 1 3268.152
2015 08 30 18 00 00 1 3268.281
2015 08 30 18 15 00 1 3268.407
2015 08 30 18 30 00 1 3268.527
2015 08 30 18 45 00 1 3268.638
2015 08 30 19 00 00 1 3268.737
2015 08 30 19 15 00 1 3268.823
2015 08 30 19 30 00 1 3268.897
2015 08 30 19 45 00 1 3268.960
2015 08 30 20 00 00 1 3269.002
2015 08 30 20 15 00 1 3269.033
2015 08 30 20 30 00 1 3269.048
2015 08 30 20 45 00 1 3269.045
2015 08 30 21 00 00 1 3269.028
2015 08 30 21 15 00 1 3268.995
2015 08 30 21 30 00 1 3268.943
2015 08 30 21 45 00 1 3268.879
2015 08 30 22 00 00 1 3268.800
2015 08 30 22 15 00 1 3268.709
2015 08 30 22 30 00 1 3268.611
2015 08 30 22 45 00 1 3268.506
2015 08 30 23 00 00 1 3268.394
2015 08 30 23 15 00 1 3268.280
2015 08 30 23 30 00 1 3268.164
2015 08 30 23 45 00 1 3268.044
2015 08 31 00 00 00 1 3267.925
2015 08 31 00 15 00 1 3267.813
2015 08 31 00 30 00 1 3267.705
2015 08 31 00 45 00 1 3267.604
2015 08 31 01 00 00 1 3267.511
2015 08 31 01 15 00 1 3267.429
2015 08 31 01 30 00 1 3267.363
2015 08 31 01 45 00 1 3267.307
2015 08 31 02 00 00 1 3267.268
2015 08 31 02 15 00 1 3267.242
2015 08 31 02 30 00 1 3267.238
2015 08 31 02 45 00 1 3267.242
2015 08 31 03 00 00 1 3267.264
2015 08 31 03 15 00 1 3267.304
2015 08 31 03 30 00 1 3267.362
2015 08 31 03 45 00 1 3267.428
2015 08 31 04 00 00 1 3267.508
2015 08 31 04 15 00 1 3267.599
2015 08 31 04 30 00 1 3267.701
2015 08 31 04 45 00 1 3267.812
2015 08 31 05 00 00 1 3267.929
2015 08 31 05 15 00 1 3268.049
2015 08 31 05 30 00 1 3268.169
2015 08 31 05 45 00 1 3268.291
2015 08 31 06 00 00 1 3268.408
2015 08 31 06 15 00 1 3268.522
2015 08 31 06 30 00 1 3268.637
2015 08 31 06 45 00 1 3268.743
2015 08 31 07 00 00 1 3268.837
2015 08 31 07 15 00 1 3268.919
2015 08 31 07 30 00 1 3268.990
2015 08 31 07 45 00 1 3269.050
2015 08 31 08 00 00 1 3269.095
2015 08 31 08 15 00 1 3269.122
2015 08 31 08 30 00 1 3269.135
2015 08 31 08 45 00 1 3269.125
2015 08 31 09 00 00 1 3269.104
2015 08 31 09 15 00 1 3269.068
2015 08 31 09 30 00 1 3269.013
2015 08 31 09 45 00 1 3268.949
2015 08 31 10 00 00 1 3268.865
2015 08 31 10 15 00 1 3268.766
2015 08 31 10 30 00 1 3268.660
2015 08 31 10 45 00 1 3268.544
2015 08 31 11 00 00 1 3268.416
2015 08 31 11 15 00 1 3268.286
2015 08 31 11 30 00 1 3268.148
2015 08 31 11 45 00 1 3268.006
2015 08 31 12 00 00 1 3267.867
2015 08 31 12 15 00 1 3267.731
2015 08 31 12 30 00 1 3267.599
2015 08 31 12 45 00 1 3267.474
2015 08 31 13 00 00 1 3267.360
2015 08 31 13 15 00 1 3267.250
2015 08 31 13 30 00 1 3267.154
2015 08 31 13 45 00 1 3267.072
2015 08 31 14 00 00 1 3267.003
2015 08 31 14 15 00 1 3266.952
2015 08 31 14 30 00 1 3266.917
2015 08 31 14 45 00 1 3266.899
2015 08 31 15 00 00 1 3266.897
2015 08 31 15 15 00 1 3266.915
2015 08 31 15 30 00 1 3266.950
2015 08 31 15 45 00 1 3267.004
2015 08 31 16 00 00 1 3267.071
2015 08 31 16 15 00 1 3267.151
2015 08 31 16 30 00 1 3267.246
2015 08 31 16 45 00 1 3267.358
2015 08 31 17 00 00 1 3267.473
2015 08 31 17 15 00 1 3267.599
2015 08 31 17 30 00 1 3267.729
2015 08 31 17 45 00 1 3267.866
2015 08 31 18 00 00 1 3268.005
2015 08 31 18 15 00 1 3268.141
2015 08 31 18 30 00 1 3268.281
2015 08 31 18 45 00 1 3268.414
2015 08 31 19 00 00 1 3268.544
2015 08 31 19 15 00 1 3268.658
2015 08 31 19 30 00 1 3268.770
2015 08 31 19 45 00 1 3268.866
2015 08 31 20 00 00 1 3268.951
2015 08 31 20 15 00 1 3269.024
2015 08 31 20 30 00 1 3269.084
2015 08 31 20 45 00 1 3269.125
2015 08 31 21 00 00 1 3269.149
2015 08 31 21 15 00 1 3269.155
2015 08 31 21 30 00 1 3269.145
2015 08 31 21 45 00 1 3269.120
2015 08 31 22 00 00 1 3269.077
2015 08 31 22 15 00 1 3269.019
2015 08 31 22 30 00 1 3268.946
2015 08 31 22 45 00 1 3268.858
2015 08 31 23 00 00 1 3268.759
2015 08 31 23 15 00 1 3268.653
2015 08 31 23 30 00 1 3268.537
2015 08 31 23 45 00 1 3268.414
2015 09 01 00 00 00 1 3268.289
2015 09 01 00 15 00 1 3268.158
2015 09 01 00 30 00 1 3268.031
2015 09 01 00 45 00 1 3267.900
2015 09 01 01 00 00 1 3267.775
2015 09 01 01 15 00 1 3267.659
2015 09 01 01 30 00 1 3267.552
2015 09 01 01 45 00 1 3267.447
2015 09 01 02 00 00 1 3267.359
2015 09 01 02 15 00 1 3267.284
2015 09 01 02 30 00 1 3267.220
2015 09 01 02 45 00 1 3267.174
2015 09 01 03 00 00 1 3267.142
2015 09 01 03 15 00 1 3267.128
2015 09 01 03 30 00 1 3267.131
2015 09 01 03 45 00 1 3267.148
2015 09 01 04 00 00 1 3267.185
2015 09 01 04 15 00 1 3267.234
2015 09 01 04 30 00 1 3267.299
2015 09 01 04 45 00 1 3267.375
2015 09 01 05 00 00 1 3267.463
2015 09 01 05 15 00 1 3267.561
2015 09 01 05 30 00 1 3267.668
2015 09 01 05 45 00 1 3267.781
2015 09 01 06 00 00 1 3267.898
2015 09 01 06 15 00 1 3268.018
2015 09 01 06 30 00 1 3268.138
2015 09 01 06 45 00 1 3268.261
2015 09 01 07 00 00 1 3268.379
2015 09 01 07 15 00 1 3268.491
2015 09 01 07 30 00 1 3268.598
2015 09 01 07 45 00 1 3268.693
2015 09 01 08 00 00 1 3268.779
2015 09 01 08 15 00 1 3268.855
2015 09 01 08 30 00 1 3268.923
2015 09 01 08 45 00 1 3268.970
2015 09 01 09 00 00 1 3269.006
2015 09 01 09 15 00 1 3269.031
2015 09 01 09 30 00 1 3269.035
2015 09 01 09 45 00 1 3269.023
2015 09 01 10 00 00 1 3268.996
2015 09 01 10 15 00 1 3268.956
2015 09 01 10 30 00 1 3268.902
2015 09 01 10 45 00 1 3268.829
2015 09 01 11 00 00 1 3268.743
2015 09 01 11 15 00 1 3268.651
2015 09 01 11 30 00 1 3268.543
2015 09 01 11 45 00 1 3268.428
2015 09 01 12 00 00 1 3268.306
2015 09 01 12 15 00 1 3268.179
2015 09 01 12 30 00 1 3268.051
2015 09 01 12 45 00 1 3267.923
2015 09 01 13 00 00 1 3267.792
2015 09 01 13 15 00 1 3267.667
2015 09 01 13 30 00 1 3267.552
2015 09 01 13 45 00 1 3267.440
2015 09 01 14 00 00 1 3267.344
2015 09 01 14 15 00 1 3267.255
2015 09 01 14 30 00 1 3267.180
2015 09 01 14 45 00 1 3267.119
2015 09 01 15 00 00 1 3267.072
2015 09 01 15 15 00 1 3267.043
2015 09 01 15 30 00 1 3267.029
2015 09 01 15 45 00 1 3267.030
2015 09 01 16 00 00 1 3267.051
2015 09 01 16 15 00 1 3267.086
2015 09 01 16 30 00 1 3267.139
2015 09 01 16 45 00 1 3267.204
2015 09 01 17 00 00 1 3267.284
2015 09 01 17 15 00 1 3267.381
2015 09 01 17 30 00 1 3267.488
2015 09 01 17 45 00 1 3267.601
2015 09 01 18 00 00 1 3267.726
2015 09 01 18 15 00 1 3267.852
2015 09 01 18 30 00 1 3267.987
2015 09 01 18 45 00 1 3268.117
2015 09 01 19 00 00 1 3268.252
2015 09 01 19 15 00 1 3268.385
2015 09 01 19 30 00 1 3268.510
2015 09 01 19 45 00 1 3268.633
2015 09 01 20 00 00 1 3268.744
2015 09 01 20 15 00 1 3268.849
2015 09 01 20 30 00 1 3268.936
2015 09 01 20 45 00 1 3269.017
2015 09 01 21 00 00 1 3269.084
2015 09 01 21 15 00 1 3269.135
2015 09 01 21 30 00 1 3269.171
2015 09 01 21 45 00 1 3269.191
2015 09 01 22 00 00 1 3269.193
2015 09 01 22 15 00 1 3269.180
2015 09 01 22 30 00 1 3269.148
2015 09 01 22 45 00 1 3269.100
2015 09 01 23 00 00 1 3269.039
2015 09 01 23 15 00 1 3268.968
2015 09 01 23 30 00 1 3268.878
2015 09 01 23 45 00 1 3268.773
2015 09 02 00 00 00 1 3268.668
2015 09 02 00 15 00 1 3268.553
2015 09 02 00 30 00 1 3268.430
2015 09 02 00 45 00 1 3268.299
2015 09 02 01 00 00 1 3268.168
2015 09 02 01 15 00 1 3268.037
2015 09 02 01 30 00 1 3267.911
2015 09 02 01 45 00 1 3267.781
2015 09 02 02 00 00 1 3267.664
2015 09 02 02 15 00 1 3267.556
2015 09 02 02 30 00 1 3267.451
2015 09 02 02 45 00 1 3267.360
2015 09 02 03 00 00 1 3267.279
2015 09 02 03 15 00 1 3267.211
2015 09 02 03 30 00 1 3267.157
2015 09 02 03 45 00 1 3267.119
2015 09 02 04 00 00 1 3267.095
2015 09 02 04 15 00 1 3267.090
2015 09 02 04 30 00 1 3267.097
2015 09 02 04 45 00 1 3267.120
2015 09 02 05 00 00 1 3267.157
2015 09 02 05 15 00 1 3267.210
2015 09 02 05 30 00 1 3267.279
2015 09 02 05 45 00 1 3267.356
2015 09 02 06 00 00 1 3267.443
2015 09 02 06 15 00 1 3267.540
2015 09 02 06 30 00 1 3267.647
2015 09 02 06 45 00 1 3267.758
2015 09 02 07 00 00 1 3267.870
2015 09 02 07 15 00 1 3267.985
2015 09 02 07 30 00 1 3268.102
2015 09 02 07 45 00 1 3268.214
2015 09 02 08 00 00 1 3268.327
2015 09 02 08 15 00 1 3268.429
2015 09 02 08 30 00 1 3268.532
2015 09 02 08 45 00 1 3268.622
2015 09 02 09 00 00 1 3268.701
2015 09 02 09 15 00 1 3268.769
2015 09 02 09 30 00 1 3268.820
2015 09 02 09 45 00 1 3268.867
2015 09 02 10 00 00 1 3268.892
2015 09 02 10 15 00 1 3268.907
2015 09 02 10 30 00 1 3268.909
2015 09 02 10 45 00 1 3268.894
2015 09 02 11 00 00 1 3268.864
2015 09 02 11 15 00 1 3268.821
2015 09 02 11 30 00 1 3268.767
2015 09 02 11 45 00 1 3268.697
2015 09 02 12 00 00 1 3268.615
2015 09 02 12 15 00 1 3268.527
2015 09 02 12 30 00 1 3268.430
2015 09 02 12 45 00 1 3268.328
2015 09 02 13 00 00 1 3268.218
2015 09 02 13 15 00 1 3268.109
2015 09 02 13 30 00 1 3267.998
2015 09 02 13 45 00 1 3267.888
2015 09 02 14 00 00 1 3267.781
2015 09 02 14 15 00 1 3267.679
2015 09 02 14 30 00 1 3267.585
2015 09 02 14 45 00 1 3267.498
2015 09 02 15 00 00 1 3267.420
2015 09 02 15 15 00 1 3267.352
2015 09 02 15 30 00 1 3267.295
2015 09 02 15 45 00 1 3267.255
2015 09 02 16 00 00 1 3267.227
2015 09 02 16 15 00 1 3267.215
2015 09 02 16 30 00 1 3267.221
2015 09 02 16 45 00 1 3267.241
2015 09 02 17 00 00 1 3267.276
2015 09 02 17 15 00 1 3267.327
2015 09 02 17 30 00 1 3267.392
2015 09 02 17 45 00 1 3267.467
2015 09 02 18 00 00 1 3267.556
2015 09 02 18 15 00 1 3267.650
2015 09 02 18 30 00 1 3267.758
2015 09 02 18 45 00 1 3267.871
2015 09 02 19 00 00 1 3267.987
2015 09 02 19 15 00 1 3268.107
2015 09 02 19 30 00 1 3268.232
2015 09 02 19 45 00 1 3268.351
2015 09 02 20 00 00 1 3268.469
2015 09 02 20 15 00 1 3268.584
2015 09 02 20 30 00 1 3268.695
2015 09 02 20 45 00 1 3268.795
2015 09 02 21 00 00 1 3268.885
2015 09 02 21 15 00 1 3268.969
2015 09 02 21 30 00 1 3269.040
2015 09 02 21 45 00 1 3269.098
2015 09 02 22 00 00 1 3269.144
2015 09 02 22 15 00 1 3269.175
2015 09 02 22 30 00 1 3269.191
2015 09 02 22 45 00 1 3269.191
2015 09 02 23 00 00 1 3269.175
2015 09 02 23 15 00 1 3269.146
2015 09 02 23 30 00 1 3269.106
2015 09 02 23 45 00 1 3269.048
2015 09 03 00 00 00 1 3268.978
2015 09 03 00 15 00 1 3268.891
2015 09 03 00 30 00 1 3268.798
2015 09 03 00 45 00 1 3268.692
2015 09 03 01 00 00 1 3268.580
2015 09 03 01 15 00 1 3268.458
2015 09 03 01 30 00 1 3268.333
2015 09 03 01 45 00 1 3268.206
2015 09 03 02 00 00 1 3268.079
2015 09 03 02 15 00 1 3267.950
2015 09 03 02 30 00 1 3267.822
2015 09 03 02 45 00 1 3267.703
2015 09 03 03 00 00 1 3267.591
2015 09 03 03 15 00 1 3267.484
2015 09 03 03 30 00 1 3267.390
2015 09 03 03 45 00 1 3267.305
2015 09 03 04 00 00 1 3267.230
2015 09 03 04 15 00 1 3267.168
2015 09 03 04 30 00 1 3267.122
2015 09 03 04 45 00 1 3267.093
2015 09 03 05 00 00 1 3267.075
2015 09 03 05 15 00 1 3267.071
2015 09 03 05 30 00 1 3267.082
2015 09 03 05 45 00 1 3267.107
2015 09 03 06 00 00 1 3267.147
2015 09 03 06 15 00 1 3267.201
2015 09 03 06 30 00 1 3267.262
2015 09 03 06 45 00 1 3267.334
2015 09 03 07 00 00 1 3267.421
2015 09 03 07 15 00 1 3267.509
2015 09 03 07 30 00 1 3267.606
2015 09 03 07 45 00 1 3267.710
2015 09 03 08 00 00 1 3267.814
2015 09 03 08 15 00 1 3267.920
2015 09 03 08 30 00 1 3268.023
2015 09 03 08 45 00 1 3268.124
2015 09 03 09 00 00 1 3268.224
2015 09 03 09 15 00 1 3268.321
2015 09 03 09 30 00 1 3268.409
2015 09 03 09 45 00 1 3268.487
2015 09 03 10 00 00 1 3268.555
2015 09 03 10 15 00 1 3268.615
2015 09 03 10 30 00 1 3268.664
2015 09 03 10 45 00 1 3268.706
2015 09 03 11 00 00 1 3268.727
2015 09 03 11 15 00 1 3268.739
2015 09 03 11 30 00 1 3268.742
2015 09 03 11 45 00 1 3268.728
2015 09 03 12 00 00 1 3268.701
2015 09 03 12 15 00 1 3268.663
2015 09 03 12 30 00 1 3268.619
2015 09 03 12 45 00 1 3268.557
2015 09 03 13 00 00 1 3268.492
2015 09 03 13 15 00 1 3268.417
2015 09 03 13 30 00 1 3268.339
2015 09 03 13 45 00 1 3268.255
2015 09 03 14 00 00 1 3268.169
2015 09 03 14 15 00 1 3268.078
2015 09 03 14 30 00 1 3267.988
2015 09 03 14 45 00 1 3267.900
2015 09 03 15 00 00 1 3267.816
2015 09 03 15 15 00 1 3267.733
2015 09 03 15 30 00 1 3267.662
2015 09 03 15 45 00 1 3267.595
2015 09 03 16 00 00 1 3267.536
2015 09 03 16 15 00 1 3267.489
2015 09 03 16 30 00 1 3267.456
2015 09 03 16 45 00 1 3267.434
2015 09 03 17 00 00 1 3267.422
2015 09 03 17 15 00 1 3267.424
2015 09 03 17 30 00 1 3267.438
2015 09 03 17 45 00 1 3267.469
2015 09 03 18 00 00 1 3267.509
2015 09 03 18 15 00 1 3267.563
2015 09 03 18 30 00 1 3267.626
2015 09 03 18 45 00 1 3267.699
2015 09 03 19 00 00 1 3267.780
2015 09 03 19 15 00 1 3267.873
2015 09 03 19 30 00 1 3267.969
2015 09 03 19 45 00 1 3268.072
2015 09 03 20 00 00 1 3268.175
2015 09 03 20 15 00 1 3268.279
2015 09 03 20 30 00 1 3268.386
2015 09 03 20 45 00 1 3268.488
2015 09 03 21 00 00 1 3268.588
2015 09 03 21 15 00 1 3268.681
2015 09 03 21 30 00 1 3268.774
2015 09 03 21 45 00 1 3268.855
2015 09 03 22 00 00 1 3268.932
2015 09 03 22 15 00 1 3268.993
2015 09 03 22 30 00 1 3269.044
2015 09 03 22 45 00 1 3269.086
2015 09 03 23 00 00 1 3269.115
2015 09 03 23 15 00 1 3269.130
2015 09 03 23 30 00 1 3269.134
2015 09 03 23 45 00 1 3269.121
2015 09 04 00 00 00 1 3269.095
2015 09 04 00 15 00 1 3269.056
2015 09 04 00 30 00 1 3269.002
2015 09 04 00 45 00 1 3268.942
2015 09 04 01 00 00 1 3268.866
2015 09 04 01 15 00 1 3268.780
2015 09 04 01 30 00 1 3268.686
2015 09 04 01 45 00 1 3268.584
2015 09 04 02 00 00 1 3268.473
2015 09 04 02 15 00 1 3268.358
2015 09 04 02 30 00 1 3268.241
2015 09 04 02 45 00 1 3268.118
2015 09 04 03 00 00 1 3268.003
2015 09 04 03 15 00 1 3267.886
2015 09 04 03 30 00 1 3267.771
2015 09 04 03 45 00 1 3267.661
2015 09 04 04 00 00 1 3267.561
2015 09 04 04 15 00 1 3267.463
2015 09 04 04 30 00 1 3267.376
2015 09 04 04 45 00 1 3267.297
2015 09 04 05 00 00 1 3267.231
2015 09 04 05 15 00 1 3267.180
2015 09 04 05 30 00 1 3267.138
2015 09 04 05 45 00 1 3267.110
2015 09 04 06 00 00 1 3267.096
2015 09 04 06 15 00 1 3267.097
2015 09 04 06 30 00 1 3267.108
2015 09 04 06 45 00 1 3267.134
2015 09 04 07 00 00 1 3267.167
2015 09 04 07 15 00 1 3267.211
2015 09 04 07 30 00 1 3267.269
2015 09 04 07 45 00 1 3267.335
2015 09 04 08 00 00 1 3267.412
2015 09 04 08 15 00 1 3267.493
2015 09 04 08 30 00 1 3267.579
2015 09 04 08 45 00 1 3267.666
2015 09 04 09 00 00 1 3267.759
2015 09 04 09 15 00 1 3267.853
2015 09 04 09 30 00 1 3267.945
2015 09 04 09 45 00 1 3268.034
2015 09 04 10 00 00 1 3268.121
2015 09 04 10 15 00 1 3268.203
2015 09 04 10 30 00 1 3268.283
2015 09 04 10 45 00 1 3268.354
2015 09 04 11 00 00 1 3268.418
2015 09 04 11 15 00 1 3268.473
2015 09 04 11 30 00 1 3268.520
2015 09 04 11 45 00 1 3268.554
2015 09 04 12 00 00 1 3268.578
2015 09 04 12 15 00 1 3268.593
2015 09 04 12 30 00 1 3268.597
2015 09 04 12 45 00 1 3268.592
2015 09 04 13 00 00 1 3268.574
2015 09 04 13 15 00 1 3268.546
2015 09 04 13 30 00 1 3268.510
2015 09 04 13 45 00 1 3268.468
2015 09 04 14 00 00 1 3268.417
2015 09 04 14 15 00 1 3268.359
2015 09 04 14 30 00 1 3268.298
2015 09 04 14 45 00 1 3268.231
2015 09 04 15 00 00 1 3268.162
2015 09 04 15 15 00 1 3268.093
2015 09 04 15 30 00 1 3268.022
2015 09 04 15 45 00 1 3267.957
2015 09 04 16 00 00 1 3267.894
2015 09 04 16 15 00 1 3267.831
2015 09 04 16 30 00 1 3267.778
2015 09 04 16 45 00 1 3267.731
2015 09 04 17 00 00 1 3267.687
2015 09 04 17 15 00 1 3267.655
2015 09 04 17 30 00 1 3267.629
2015 09 04 17 45 00 1 3267.615
2015 09 04 18 00 00 1 3267.613
2015 09 04 18 15 00 1 3267.625
2015 09 04 18 30 00 1 3267.640
2015 09 04 18 45 00 1 3267.669
2015 09 04 19 00 00 1 3267.710
2015 09 04 19 15 00 1 3267.762
2015 09 04 19 30 00 1 3267.818
2015 09 04 19 45 00 1 3267.881
2015 09 04 20 00 00 1 3267.953
2015 09 04 20 15 00 1 3268.030
2015 09 04 20 30 00 1 3268.113
2015 09 04 20 45 00 1 3268.196
2015 09 04 21 00 00 1 3268.285
2015 09 04 21 15 00 1 3268.372
2015 09 04 21 30 00 1 3268.460
2015 09 04 21 45 00 1 3268.551
2015 09 04 22 00 00 1 3268.634
2015 09 04 22 15 00 1 3268.712
2015 09 04 22 30 00 1 3268.784
2015 09 04 22 45 00 1 3268.846
2015 09 04 23 00 00 1 3268.905
2015 09 04 23 15 00 1 3268.956
2015 09 04 23 30 00 1 3268.996
2015 09 04 23 45 00 1 3269.025
2015 09 05 00 00 00 1 3269.043
2015 09 05 00 15 00 1 3269.048
2015 09 05 00 30 00 1 3269.044
2015 09 05 00 45 00 1 3269.026
2015 09 05 01 00 00 1 3268.997
2015 09 05 01 15 00 1 3268.957
2015 09 05 01 30 00 1 3268.905
2015 09 05 01 45 00 1 3268.842
2015 09 05 02 00 00 1 3268.770
2015 09 05 02 15 00 1 3268.690
2015 09 05 02 30 00 1 3268.602
2015 09 05 02 45 00 1 3268.508
2015 09 05 03 00 00 1 3268.409
2015 09 05 03 15 00 1 3268.309
2015 09 05 03 30 00 1 3268.202
2015 09 05 03 45 00 1 3268.094
2015 09 05 04 00 00 1 3267.987
2015 09 05 04 15 00 1 3267.879
2015 09 05 04 30 00 1 3267.778
2015 09 05 04 45 00 1 3267.682
2015 09 05 05 00 00 1 3267.591
2015 09 05 05 15 00 1 3267.503
2015 09 05 05 30 00 1 3267.422
2015 09 05 05 45 00 1 3267.352
2015 09 05 06 00 00 1 3267.287
2015 09 05 06 15 00 1 3267.240
2015 09 05 06 30 00 1 3267.200
2015 09 05 06 45 00 1 3267.172
2015 09 05 07 00 00 1 3267.155
2015 09 05 07 15 00 1 3267.149
2015 09 05 07 30 00 1 3267.155
2015 09 05 07 45 00 1 3267.172
2015 09 05 08 00 00 1 3267.200
2015 09 05 08 15 00 1 3267.237
2015 09 05 08 30 00 1 3267.282
2015 09 05 08 45 00 1 3267.335
2015 09 05 09 00 00 1 3267.399
2015 09 05 09 15 00 1 3267.471
2015 09 05 09 30 00 1 3267.548
2015 09 05 09 45 00 1 3267.628
2015 09 05 10 00 00 1 3267.708
2015 09 05 10 15 00 1 3267.791
2015 09 05 10 30 00 1 3267.876
2015 09 05 10 45 00 1 3267.959
2015 09 05 11 00 00 1 3268.039
2015 09 05 11 15 00 1 3268.115
2015 09 05 11 30 00 1 3268.186
2015 09 05 11 45 00 1 3268.252
2015 09 05 12 00 00 1 3268.315
2015 09 05 12 15 00 1 3268.367
2015 09 05 12 30 00 1 3268.415
2015 09 05 12 45 00 1 3268.455
2015 09 05 13 00 00 1 3268.485
2015 09 05 13 15 00 1 3268.503
2015 09 05 13 30 00 1 3268.512
2015 09 05 13 45 00 1 3268.514
2015 09 05 14 00 00 1 3268.508
2015 09 05 14 15 00 1 3268.492
2015 09 05 14 30 00 1 3268.471
2015 09 05 14 45 00 1 3268.446
2015 09 05 15 00 00 1 3268.411
2015 09 05 15 15 00 1 3268.367
2015 09 05 15 30 00 1 3268.324
2015 09 05 15 45 00 1 3268.277
2015 09 05 16 00 00 1 3268.228
2015 09 05 16 15 00 1 3268.178
2015 09 05 16 30 00 1 3268.124
2015 09 05 16 45 00 1 3268.071
2015 09 05 17 00 00 1 3268.018
2015 09 05 17 15 00 1 3267.971
2015 09 05 17 30 00 1 3267.926
2015 09 05 17 45 00 1 3267.887
2015 09 05 18 00 00 1 3267.854
2015 09 05 18 15 00 1 3267.827
2015 09 05 18 30 00 1 3267.800
2015 09 05 18 45 00 1 3267.789
2015 09 05 19 00 00 1 3267.786
2015 09 05 19 15 00 1 3267.792
2015 09 05 19 30 00 1 3267.805
2015 09 05 19 45 00 1 3267.828
2015 09 05 20 00 00 1 3267.857
2015 09 05 20 15 00 1 3267.896
2015 09 05 20 30 00 1 3267.942
2015 09 05 20 45 00 1 3267.992
2015 09 05 21 00 00 1 3268.050
2015 09 05 21 15 00 1 3268.115
2015 09 05 21 30 00 1 3268.184
2015 09 05 21 45 00 1 3268.256
2015 09 05 22 00 00 1 3268.330
2015 09 05 22 15 00 1 3268.401
2015 09 05 22 30 00 1 3268.473
2015 09 05 22 45 00 1 3268.545
2015 09 05 23 00 00 1 3268.611
2015 09 05 23 15 00 1 3268.676
2015 09 05 23 30 00 1 3268.737
2015 09 05 23 45 00 1 3268.792
2015 09 06 00 00 00 1 3268.837
2015 09 06 00 15 00 1 3268.878
2015 09 06 00 30 00 1 3268.910
2015 09 06 00 45 00 1 3268.935
2015 09 06 01 00 00 1 3268.949
2015 09 06 01 15 00 1 3268.952
2015 09 06 01 30 00 1 3268.946
2015 09 06 01 45 00 1 3268.931
2015 09 06 02 00 00 1 3268.910
2015 09 06 02 15 00 1 3268.876
2015 09 06 02 30 00 1 3268.832
2015 09 06 02 45 00 1 3268.778
2015 09 06 03 00 00 1 3268.716
2015 09 06 03 15 00 1 3268.647
2015 09 06 03 30 00 1 3268.570
2015 09 06 03 45 00 1 3268.487
2015 09 06 04 00 00 1 3268.397
2015 09 06 04 15 00 1 3268.301
2015 09 06 04 30 00 1 3268.205
2015 09 06 04 45 00 1 3268.107
2015 09 06 05 00 00 1 3268.008
2015 09 06 05 15 00 1 3267.907
2015 09 06 05 30 00 1 3267.810
2015 09 06 05 45 00 1 3267.716
2015 09 06 06 00 00 1 3267.628
2015 09 06 06 15 00 1 3267.542
2015 09 06 06 30 00 1 3267.464
2015 09 06 06 45 00 1 3267.394
2015 09 06 07 00 00 1 3267.333
2015 09 06 07 15 00 1 3267.278
2015 09 06 07 30 00 1 3267.234
2015 09 06 07 45 00 1 3267.204
2015 09 06 08 00 00 1 3267.181
2015 09 06 08 15 00 1 3267.170
2015 09 06 08 30 00 1 3267.166
2015 09 06 08 45 00 1 3267.174
2015 09 06 09 00 00 1 3267.192
2015 09 06 09 15 00 1 3267.221
2015 09 06 09 30 00 1 3267.261
2015 09 06 09 45 00 1 3267.302
2015 09 06 10 00 00 1 3267.358
2015 09 06 10 15 00 1 3267.418
2015 09 06 10 30 00 1 3267.482
2015 09 06 10 45 00 1 3267.554
2015 09 06 11 00 00 1 3267.631
2015 09 06 11 15 00 1 3267.707
2015 09 06 11 30 00 1 3267.782
2015 09 06 11 45 00 1 3267.859
2015 09 06 12 00 00 1 3267.935
2015 09 06 12 15 00 1 3268.011
2015 09 06 12 30 00 1 3268.079
2015 09 06 12 45 00 1 3268.145
2015 09 06 13 00 00 1 3268.210
2015 09 06 13 15 00 1 3268.268
2015 09 06 13 30 00 1 3268.320
2015 09 06 13 45 00 1 3268.368
2015 09 06 14 00 00 1 3268.404
2015 09 06 14 15 00 1 3268.434
2015 09 06 14 30 00 1 3268.453
2015 09 06 14 45 00 1 3268.468
2015 09 06 15 00 00 1 3268.475
2015 09 06 15 15 00 1 3268.476
2015 09 06 15 30 00 1 3268.466
2015 09 06 15 45 00 1 3268.450
2015 09 06 16 00 00 1 3268.433
2015 09 06 16 15 00 1 3268.408
2015 09 06 16 30 00 1 3268.376
2015 09 06 16 45 00 1 3268.343
2015 09 06 17 00 00 1 3268.303
2015 09 06 17 15 00 1 3268.261
2015 09 06 17 30 00 1 3268.216
2015 09 06 17 45 00 1 3268.171
2015 09 06 18 00 00 1 3268.126
2015 09 06 18 15 00 1 3268.080
2015 09 06 18 30 00 1 3268.040
2015 09 06 18 45 00 1 3268.003
2015 09 06 19 00 00 1 3267.971
2015 09 06 19 15 00 1 3267.943
2015 09 06 19 30 00 1 3267.919
2015 09 06 19 45 00 1 3267.907
2015 09 06 20 00 00 1 3267.900
2015 09 06 20 15 00 1 3267.899
2015 09 06 20 30 00 1 3267.904
2015 09 06 20 45 00 1 3267.916
2015 09 06 21 00 00 1 3267.937
2015 09 06 21 15 00 1 3267.963
2015 09 06 21 30 00 1 3267.997
2015 09 06 21 45 00 1 3268.038
2015 09 06 22 00 00 1 3268.085
2015 09 06 22 15 00 1 3268.136
2015 09 06 22 30 00 1 3268.189
2015 09 06 22 45 00 1 3268.246
2015 09 06 23 00 00 1 3268.308
2015 09 06 23 15 00 1 3268.374
2015 09 06 23 30 00 1 3268.436
2015 09 06 23 45 00 1 3268.500
2015 09 07 00 00 00 1 3268.562
2015 09 07 00 15 00 1 3268.623
2015 09 07 00 30 00 1 3268.678
2015 09 07 00 45 00 1 3268.726
2015 09 07 01 00 00 1 3268.774
2015 09 07 01 15 00 1 3268.814
2015 09 07 01 30 00 1 3268.844
2015 09 07 01 45 00 1 3268.869
2015 09 07 02 00 00 1 3268.886
2015 09 07 02 15 00 1 3268.896
2015 09 07 02 30 00 1 3268.898
2015 09 07 02 45 00 1 3268.885
2015 09 07 03 00 00 1 3268.868
2015 09 07 03 15 00 1 3268.841
2015 09 07 03 30 00 1 3268.807
2015 09 07 03 45 00 1 3268.762
2015 09 07 04 00 00 1 3268.707
2015 09 07 04 15 00 1 3268.643
2015 09 07 04 30 00 1 3268.578
2015 09 07 04 45 00 1 3268.504
2015 09 07 05 00 00 1 3268.425
2015 09 07 05 15 00 1 3268.337
2015 09 07 05 30 00 1 3268.246
2015 09 07 05 45 00 1 3268.155
2015 09 07 06 00 00 1 3268.060
2015 09 07 06 15 00 1 3267.967
2015 09 07 06 30 00 1 3267.871
2015 09 07 06 45 00 1 3267.778
2015 09 07 07 00 00 1 3267.689
2015 09 07 07 15 00 1 3267.607
2015 09 07 07 30 00 1 3267.528
2015 09 07 07 45 00 1 3267.453
2015 09 07 08 00 00 1 3267.386
2015 09 07 08 15 00 1 3267.328
2015 09 07 08 30 00 1 3267.279
2015 09 07 08 45 00 1 3267.241
2015 09 07 09 00 00 1 3267.211
2015 09 07 09 15 00 1 3267.196
2015 09 07 09 30 00 1 3267.187
2015 09 07 09 45 00 1 3267.190
2015 09 07 10 00 00 1 3267.200
2015 09 07 10 15 00 1 3267.224
2015 09 07 10 30 00 1 3267.252
2015 09 07 10 45 00 1 3267.293
2015 09 07 11 00 00 1 3267.337
2015 09 07 11 15 00 1 3267.388
2015 09 07 11 30 00 1 3267.449
2015 09 07 11 45 00 1 3267.513
2015 09 07 12 00 00 1 3267.581
2015 09 07 12 15 00 1 3267.657
2015 09 07 12 30 00 1 3267.734
2015 09 07 12 45 00 1 3267.815
2015 09 07 13 00 00 1 3267.890
2015 09 07 13 15 00 1 3267.969
2015 09 07 13 30 00 1 3268.043
2015 09 07 13 45 00 1 3268.117
2015 09 07 14 00 00 1 3268.184
2015 09 07 14 15 00 1 3268.249
2015 09 07 14 30 00 1 3268.311
2015 09 07 14 45 00 1 3268.366
2015 09 07 15 00 00 1 3268.411
2015 09 07 15 15 00 1 3268.450
2015 09 07 15 30 00 1 3268.478
2015 09 07 15 45 00 1 3268.503
2015 09 07 16 00 00 1 3268.518
2015 09 07 16 15 00 1 3268.524
2015 09 07 16 30 00 1 3268.525
2015 09 07 16 45 00 1 3268.518
2015 09 07 17 00 00 1 3268.501
2015 09 07 17 15 00 1 3268.476
2015 09 07 17 30 00 1 3268.449
2015 09 07 17 45 00 1 3268.417
2015 09 07 18 00 00 1 3268.380
2015 09 07 18 15 00 1 3268.339
2015 09 07 18 30 00 1 3268.294
2015 09 07 18 45 00 1 3268.247
2015 09 07 19 00 00 1 3268.203
2015 09 07 19 15 00 1 3268.158
2015 09 07 19 30 00 1 3268.113
2015 09 07 19 45 00 1 3268.073
2015 09 07 20 00 00 1 3268.033
2015 09 07 20 15 00 1 3267.999
2015 09 07 20 30 00 1 3267.968
2015 09 07 20 45 00 1 3267.945
2015 09 07 21 00 00 1 3267.928
2015 09 07 21 15 00 1 3267.917
2015 09 07 21 30 00 1 3267.910
2015 09 07 21 45 00 1 3267.914
2015 09 07 22 00 00 1 3267.925
2015 09 07 22 15 00 1 3267.947
2015 09 07 22 30 00 1 3267.975
2015 09 07 22 45 00 1 3268.004
2015 09 07 23 00 00 1 3268.047
2015 09 07 23 15 00 1 3268.088
2015 09 07 23 30 00 1 3268.141
2015 09 07 23 45 00 1 3268.194
2015 09 08 00 00 00 1 3268.249
2015 09 08 00 15 00 1 3268.310
2015 09 08 00 30 00 1 3268.373
2015 09 08 00 45 00 1 3268.435
2015 09 08 01 00 00 1 3268.494
2015 09 08 01 15 00 1 3268.551
2015 09 08 01 30 00 1 3268.613
2015 09 08 01 45 00 1 3268.668
2015 09 08 02 00 00 1 3268.718
2015 09 08 02 15 00 1 3268.760
2015 09 08 02 30 00 1 3268.797
2015 09 08 02 45 00 1 3268.829
2015 09 08 03 00 00 1 3268.852
2015 09 08 03 15 00 1 3268.870
2015 09 08 03 30 00 1 3268.878
2015 09 08 03 45 00 1 3268.875
2015 09 08 04 00 00 1 3268.863
2015 09 08 04 15 00 1 3268.842
2015 09 08 04 30 00 1 3268.811
2015 09 08 04 45 00 1 3268.771
2015 09 08 05 00 00 1 3268.722
2015 09 08 05 15 00 1 3268.665
2015 09 08 05 30 00 1 3268.599
2015 09 08 05 45 00 1 3268.525
2015 09 08 06 00 00 1 3268.444
2015 09 08 06 15 00 1 3268.362
2015 09 08 06 30 00 1 3268.273
2015 09 08 06 45 00 1 3268.179
2015 09 08 07 00 00 1 3268.083
2015 09 08 07 15 00 1 3267.988
2015 09 08 07 30 00 1 3267.891
2015 09 08 07 45 00 1 3267.796
2015 09 08 08 00 00 1 3267.702
2015 09 08 08 15 00 1 3267.615
2015 09 08 08 30 00 1 3267.529
2015 09 08 08 45 00 1 3267.455
2015 09 08 09 00 00 1 3267.388
2015 09 08 09 15 00 1 3267.328
2015 09 08 09 30 00 1 3267.275
2015 09 08 09 45 00 1 3267.234
2015 09 08 10 00 00 1 3267.201
2015 09 08 10 15 00 1 3267.177
2015 09 08 10 30 00 1 3267.166
2015 09 08 10 45 00 1 3267.164
2015 09 08 11 00 00 1 3267.175
2015 09 08 11 15 00 1 3267.194
2015 09 08 11 30 00 1 3267.223
2015 09 08 11 45 00 1 3267.260
2015 09 08 12 00 00 1 3267.307
2015 09 08 12 15 00 1 3267.363
2015 09 08 12 30 00 1 3267.427
2015 09 08 12 45 00 1 3267.494
2015 09 08 13 00 00 1 3267.570
2015 09 08 13 15 00 1 3267.649
2015 09 08 13 30 00 1 3267.731
2015 09 08 13 45 00 1 3267.813
2015 09 08 14 00 00 1 3267.896
2015 09 08 14 15 00 1 3267.981
2015 09 08 14 30 00 1 3268.062
2015 09 08 14 45 00 1 3268.142
2015 09 08 15 00 00 1 3268.218
2015 09 08 15 15 00 1 3268.289
2015 09 08 15 30 00 1 3268.352
2015 09 08 15 45 00 1 3268.405
2015 09 08 16 00 00 1 3268.453
2015 09 08 16 15 00 1 3268.493
2015 09 08 16 30 00 1 3268.530
2015 09 08 16 45 00 1 3268.557
2015 09 08 17 00 00 1 3268.575
2015 09 08 17 15 00 1 3268.584
2015 09 08 17 30 00 1 3268.584
2015 09 08 17 45 00 1 3268.573
2015 09 08 18 00 00 1 3268.554
2015 09 08 18 15 00 1 3268.530
2015 09 08 18 30 00 1 3268.497
2015 09 08 18 45 00 1 3268.457
2015 09 08 19 00 00 1 3268.417
2015 09 08 19 15 00 1 3268.372
2015 09 08 19 30 00 1 3268.320
2015 09 08 19 45 00 1 3268.265
2015 09 08 20 00 00 1 3268.214
2015 09 08 20 15 00 1 3268.159
2015 09 08 20 30 00 1 3268.109
2015 09 08 20 45 00 1 3268.059
2015 09 08 21 00 00 1 3268.009
2015 09 08 21 15 00 1 3267.969
2015 09 08 21 30 00 1 3267.933
2015 09 08 21 45 00 1 3267.902
2015 09 08 22 00 00 1 3267.879
2015 09 08 22 15 00 1 3267.863
2015 09 08 22 30 00 1 3267.855
2015 09 08 22 45 00 1 3267.854
2015 09 08 23 00 00 1 3267.864
2015 09 08 23 15 00 1 3267.879
2015 09 08 23 30 00 1 3267.904
2015 09 08 23 45 00 1 3267.936
2015 09 09 00 00 00 1 3267.973
2015 09 09 00 15 00 1 3268.015
2015 09 09 00 30 00 1 3268.066
2015 09 09 00 45 00 1 3268.122
2015 09 09 01 00 00 1 3268.183
2015 09 09 01 15 00 1 3268.247
2015 09 09 01 30 00 1 3268.313
2015 09 09 01 45 00 1 3268.380
2015 09 09 02 00 00 1 3268.449
2015 09 09 02 15 00 1 3268.516
2015 09 09 02 30 00 1 3268.576
2015 09 09 02 45 00 1 3268.641
2015 09 09 03 00 00 1 3268.700
2015 09 09 03 15 00 1 3268.755
2015 09 09 03 30 00 1 3268.799
2015 09 09 03 45 00 1 3268.834
2015 09 09 04 00 00 1 3268.867
2015 09 09 04 15 00 1 3268.886
2015 09 09 04 30 00 1 3268.895
2015 09 09 04 45 00 1 3268.895
2015 09 09 05 00 00 1 3268.878
2015 09 09 05 15 00 1 3268.857
2015 09 09 05 30 00 1 3268.823
2015 09 09 05 45 00 1 3268.780
2015 09 09 06 00 00 1 3268.729
2015 09 09 06 15 00 1 3268.669
2015 09 09 06 30 00 1 3268.603
2015 09 09 06 45 00 1 3268.530
2015 09 09 07 00 00 1 3268.448
2015 09 09 07 15 00 1 3268.359
2015 09 09 07 30 00 1 3268.266
2015 09 09 07 45 00 1 3268.169
2015 09 09 08 00 00 1 3268.068
2015 09 09 08 15 00 1 3267.967
2015 09 09 08 30 00 1 3267.863
2015 09 09 08 45 00 1 3267.764
2015 09 09 09 00 00 1 3267.668
2015 09 09 09 15 00 1 3267.577
2015 09 09 09 30 00 1 3267.494
2015 09 09 09 45 00 1 3267.417
2015 09 09 10 00 00 1 3267.345
2015 09 09 10 15 00 1 3267.286
2015 09 09 10 30 00 1 3267.232
2015 09 09 10 45 00 1 3267.192
2015 09 09 11 00 00 1 3267.161
2015 09 09 11 15 00 1 3267.144
2015 09 09 11 30 00 1 3267.135
2015 09 09 11 45 00 1 3267.138
2015 09 09 12 00 00 1 3267.155
2015 09 09 12 15 00 1 3267.183
2015 09 09 12 30 00 1 3267.217
2015 09 09 12 45 00 1 3267.259
2015 09 09 13 00 00 1 3267.315
2015 09 09 13 15 00 1 3267.379
2015 09 09 13 30 00 1 3267.448
2015 09 09 13 45 00 1 3267.527
2015 09 09 14 00 00 1 3267.611
2015 09 09 14 15 00 1 3267.697
2015 09 09 14 30 00 1 3267.789
2015 09 09 14 45 00 1 3267.882
2015 09 09 15 00 00 1 3267.972
2015 09 09 15 15 00 1 3268.059
2015 09 09 15 30 00 1 3268.147
2015 09 09 15 45 00 1 3268.230
2015 09 09 16 00 00 1 3268.310
2015 09 09 16 15 00 1 3268.383
2015 09 09 16 30 00 1 3268.450
2015 09 09 16 45 00 1 3268.508
2015 09 09 17 00 00 1 3268.558
2015 09 09 17 15 00 1 3268.594
2015 09 09 17 30 00 1 3268.626
2015 09 09 17 45 00 1 3268.648
2015 09 09 18 00 00 1 3268.660
2015 09 09 18 15 00 1 3268.661
2015 09 09 18 30 00 1 3268.650
2015 09 09 18 45 00 1 3268.631
2015 09 09 19 00 00 1 3268.603
2015 09 09 19 15 00 1 3268.569
2015 09 09 19 30 00 1 3268.526
2015 09 09 19 45 00 1 3268.478
2015 09 09 20 00 00 1 3268.423
2015 09 09 20 15 00 1 3268.366
2015 09 09 20 30 00 1 3268.306
2015 09 09 20 45 00 1 3268.243
2015 09 09 21 00 00 1 3268.180
2015 09 09 21 15 00 1 3268.121
2015 09 09 21 30 00 1 3268.060
2015 09 09 21 45 00 1 3268.001
2015 09 09 22 00 00 1 3267.946
2015 09 09 22 15 00 1 3267.896
2015 09 09 22 30 00 1 3267.855
2015 09 09 22 45 00 1 3267.822
2015 09 09 23 00 00 1 3267.798
2015 09 09 23 15 00 1 3267.779
2015 09 09 23 30 00 1 3267.771
2015 09 09 23 45 00 1 3267.775
2015 09 10 00 00 00 1 3267.787
2015 09 10 00 15 00 1 3267.807
2015 09 10 00 30 00 1 3267.834
2015 09 10 00 45 00 1 3267.869
2015 09 10 01 00 00 1 3267.914
2015 09 10 01 15 00 1 3267.963
2015 09 10 01 30 00 1 3268.023
2015 09 10 01 45 00 1 3268.086
2015 09 10 02 00 00 1 3268.154
2015 09 10 02 15 00 1 3268.227
2015 09 10 02 30 00 1 3268.298
2015 09 10 02 45 00 1 3268.373
2015 09 10 03 00 00 1 3268.450
2015 09 10 03 15 00 1 3268.521
2015 09 10 03 30 00 1 3268.591
2015 09 10 03 45 00 1 3268.658
2015 09 10 04 00 00 1 3268.720
2015 09 10 04 15 00 1 3268.773
2015 09 10 04 30 00 1 3268.816
2015 09 10 04 45 00 1 3268.853
2015 09 10 05 00 00 1 3268.880
2015 09 10 05 15 00 1 3268.898
2015 09 10 05 30 00 1 3268.908
2015 09 10 05 45 00 1 3268.903
2015 09 10 06 00 00 1 3268.885
2015 09 10 06 15 00 1 3268.860
2015 09 10 06 30 00 1 3268.824
2015 09 10 06 45 00 1 3268.780
2015 09 10 07 00 00 1 3268.723
2015 09 10 07 15 00 1 3268.655
2015 09 10 07 30 00 1 3268.581
2015 09 10 07 45 00 1 3268.496
2015 09 10 08 00 00 1 3268.405
2015 09 10 08 15 00 1 3268.304
2015 09 10 08 30 00 1 3268.201
2015 09 10 08 45 00 1 3268.100
2015 09 10 09 00 00 1 3267.998
2015 09 10 09 15 00 1 3267.895
2015 09 10 09 30 00 1 3267.794
2015 09 10 09 45 00 1 3267.695
2015 09 10 10 00 00 1 3267.602
2015 09 10 10 15 00 1 3267.516
2015 09 10 10 30 00 1 3267.431
2015 09 10 10 45 00 1 3267.358
2015 09 10 11 00 00 1 3267.295
2015 09 10 11 15 00 1 3267.241
2015 09 10 11 30 00 1 3267.198
2015 09 10 11 45 00 1 3267.165
2015 09 10 12 00 00 1 3267.140
2015 09 10 12 15 00 1 3267.129
2015 09 10 12 30 00 1 3267.135
2015 09 10 12 45 00 1 3267.149
2015 09 10 13 00 00 1 3267.173
2015 09 10 13 15 00 1 3267.212
2015 09 10 13 30 00 1 3267.260
2015 09 10 13 45 00 1 3267.320
2015 09 10 14 00 00 1 3267.386
2015 09 10 14 15 00 1 3267.463
2015 09 10 14 30 00 1 3267.548
2015 09 10 14 45 00 1 3267.632
2015 09 10 15 00 00 1 3267.726
2015 09 10 15 15 00 1 3267.821
2015 09 10 15 30 00 1 3267.919
2015 09 10 15 45 00 1 3268.017
2015 09 10 16 00 00 1 3268.113
2015 09 10 16 15 00 1 3268.203
2015 09 10 16 30 00 1 3268.294
2015 09 10 16 45 00 1 3268.375
2015 09 10 17 00 00 1 3268.451
2015 09 10 17 15 00 1 3268.516
2015 09 10 17 30 00 1 3268.577
2015 09 10 17 45 00 1 3268.628
2015 09 10 18 00 00 1 3268.669
2015 09 10 18 15 00 1 3268.697
2015 09 10 18 30 00 1 3268.716
2015 09 10 18 45 00 1 3268.722
2015 09 10 19 00 00 1 3268.721
2015 09 10 19 15 00 1 3268.705
2015 09 10 19 30 00 1 3268.682
2015 09 10 19 45 00 1 3268.647
2015 09 10 20 00 00 1 3268.608
2015 09 10 20 15 00 1 3268.557
2015 09 10 20 30 00 1 3268.502
2015 09 10 20 45 00 1 3268.438
2015 09 10 21 00 00 1 3268.369
2015 09 10 21 15 00 1 3268.301
2015 09 10 21 30 00 1 3268.228
2015 09 10 21 45 00 1 3268.154
2015 09 10 22 00 00 1 3268.084
2015 09 10 22 15 00 1 3268.013
2015 09 10 22 30 00 1 3267.949
2015 09 10 22 45 00 1 3267.888
2015 09 10 23 00 00 1 3267.836
2015 09 10 23 15 00 1 3267.787
2015 09 10 23 30 00 1 3267.747
2015 09 10 23 45 00 1 3267.717
2015 09 11 00 00 00 1 3267.697
2015 09 11 00 15 00 1 3267.686
2015 09 11 00 30 00 1 3267.687
2015 09 11 00 45 00 1 3267.695
2015 09 11 01 00 00 1 3267.711
2015 09 11 01 15 00 1 3267.738
2015 09 11 01 30 00 1 3267.776
2015 09 11 01 45 00 1 3267.824
2015 09 11 02 00 00 1 3267.875
2015 09 11 02 15 00 1 3267.940
2015 09 11 02 30 00 1 3268.009
2015 09 11 02 45 00 1 3268.085
2015 09 11 03 00 00 1 3268.165
2015 09 11 03 15 00 1 3268.244
2015 09 11 03 30 00 1 3268.325
2015 09 11 03 45 00 1 3268.406
2015 09 11 04 00 00 1 3268.487
2015 09 11 04 15 00 1 3268.561
2015 09 11 04 30 00 1 3268.636
2015 09 11 04 45 00 1 3268.699
2015 09 11 05 00 00 1 3268.761
2015 09 11 05 15 00 1 3268.810
2015 09 11 05 30 00 1 3268.850
2015 09 11 05 45 00 1 3268.883
2015 09 11 06 00 00 1 3268.908
2015 09 11 06 15 00 1 3268.916
2015 09 11 06 30 00 1 3268.914
2015 09 11 06 45 00 1 3268.903
2015 09 11 07 00 00 1 3268.878
2015 09 11 07 15 00 1 3268.839
2015 09 11 07 30 00 1 3268.792
2015 09 11 07 45 00 1 3268.733
2015 09 11 08 00 00 1 3268.664
2015 09 11 08 15 00 1 3268.583
2015 09 11 08 30 00 1 3268.498
2015 09 11 08 45 00 1 3268.405
2015 09 11 09 00 00 1 3268.308
2015 09 11 09 15 00 1 3268.201
2015 09 11 09 30 00 1 3268.100
2015 09 11 09 45 00 1 3267.990
2015 09 11 10 00 00 1 3267.888
2015 09 11 10 15 00 1 3267.783
2015 09 11 10 30 00 1 3267.683
2015 09 11 10 45 00 1 3267.585
2015 09 11 11 00 00 1 3267.498
2015 09 11 11 15 00 1 3267.413
2015 09 11 11 30 00 1 3267.343
2015 09 11 11 45 00 1 3267.279
2015 09 11 12 00 00 1 3267.222
2015 09 11 12 15 00 1 3267.180
2015 09 11 12 30 00 1 3267.147
2015 09 11 12 45 00 1 3267.131
2015 09 11 13 00 00 1 3267.125
2015 09 11 13 15 00 1 3267.132
2015 09 11 13 30 00 1 3267.151
2015 09 11 13 45 00 1 3267.187
2015 09 11 14 00 00 1 3267.230
2015 09 11 14 15 00 1 3267.287
2015 09 11 14 30 00 1 3267.354
2015 09 11 14 45 00 1 3267.427
2015 09 11 15 00 00 1 3267.513
2015 09 11 15 15 00 1 3267.604
2015 09 11 15 30 00 1 3267.701
2015 09 11 15 45 00 1 3267.801
2015 09 11 16 00 00 1 3267.904
2015 09 11 16 15 00 1 3268.007
2015 09 11 16 30 00 1 3268.106
2015 09 11 16 45 00 1 3268.209
2015 09 11 17 00 00 1 3268.302
2015 09 11 17 15 00 1 3268.391
2015 09 11 17 30 00 1 3268.474
2015 09 11 17 45 00 1 3268.548
2015 09 11 18 00 00 1 3268.615
2015 09 11 18 15 00 1 3268.668
2015 09 11 18 30 00 1 3268.709
2015 09 11 18 45 00 1 3268.741
2015 09 11 19 00 00 1 3268.765
2015 09 11 19 15 00 1 3268.772
2015 09 11 19 30 00 1 3268.773
2015 09 11 19 45 00 1 3268.760
2015 09 11 20 00 00 1 3268.734
2015 09 11 20 15 00 1 3268.700
2015 09 11 20 30 00 1 3268.655
2015 09 11 20 45 00 1 3268.603
2015 09 11 21 00 00 1 3268.540
2015 09 11 21 15 00 1 3268.470
2015 09 11 21 30 00 1 3268.394
2015 09 11 21 45 00 1 3268.319
2015 09 11 22 00 00 1 3268.238
2015 09 11 22 15 00 1 3268.157
2015 09 11 22 30 00 1 3268.077
2015 09 11 22 45 00 1 3267.997
2015 09 11 23 00 00 1 3267.922
2015 09 11 23 15 00 1 3267.853
2015 09 11 23 30 00 1 3267.787
2015 09 11 23 45 00 1 3267.734
2015 09 12 00 00 00 1 3267.681
2015 09 12 00 15 00 1 3267.641
2015 09 12 00 30 00 1 3267.609
2015 09 12 00 45 00 1 3267.589
2015 09 12 01 00 00 1 3267.577
2015 09 12 01 15 00 1 3267.581
2015 09 12 01 30 00 1 3267.594
2015 09 12 01 45 00 1 3267.621
2015 09 12 02 00 00 1 3267.653
2015 09 12 02 15 00 1 3267.699
2015 09 12 02 30 00 1 3267.754
2015 09 12 02 45 00 1 3267.813
2015 09 12 03 00 00 1 3267.886
2015 09 12 03 15 00 1 3267.961
2015 09 12 03 30 00 1 3268.042
2015 09 12 03 45 00 1 3268.132
2015 09 12 04 00 00 1 3268.215
2015 09 12 04 15 00 1 3268.302
2015 09 12 04 30 00 1 3268.395
2015 09 12 04 45 00 1 3268.477
2015 09 12 05 00 00 1 3268.559
2015 09 12 05 15 00 1 3268.637
2015 09 12 05 30 00 1 3268.707
2015 09 12 05 45 00 1 3268.771
2015 09 12 06 00 00 1 3268.826
2015 09 12 06 15 00 1 3268.869
2015 09 12 06 30 00 1 3268.903
2015 09 12 06 45 00 1 3268.925
2015 09 12 07 00 00 1 3268.935
2015 09 12 07 15 00 1 3268.931
2015 09 12 07 30 00 1 3268.915
2015 09 12 07 45 00 1 3268.885
2015 09 12 08 00 00 1 3268.844
2015 09 12 08 15 00 1 3268.792
2015 09 12 08 30 00 1 3268.729
2015 09 12 08 45 00 1 3268.658
2015 09 12 09 00 00 1 3268.577
2015 09 12 09 15 00 1 3268.486
2015 09 12 09 30 00 1 3268.386
2015 09 12 09 45 00 1 3268.286
2015 09 12 10 00 00 1 3268.181
2015 09 12 10 15 00 1 3268.076
2015 09 12 10 30 00 1 3267.968
2015 09 12 10 45 00 1 3267.861
2015 09 12 11 00 00 1 3267.759
2015 09 12 11 15 00 1 3267.657
2015 09 12 11 30 00 1 3267.565
2015 09 12 11 45 00 1 3267.478
2015 09 12 12 00 00 1 3267.397
2015 09 12 12 15 00 1 3267.329
2015 09 12 12 30 00 1 3267.268
2015 09 12 12 45 00 1 3267.224
2015 09 12 13 00 00 1 3267.191
2015 09 12 13 15 00 1 3267.170
2015 09 12 13 30 00 1 3267.160
2015 09 12 13 45 00 1 3267.167
2015 09 12 14 00 00 1 3267.183
2015 09 12 14 15 00 1 3267.214
2015 09 12 14 30 00 1 3267.258
2015 09 12 14 45 00 1 3267.312
2015 09 12 15 00 00 1 3267.379
2015 09 12 15 15 00 1 3267.455
2015 09 12 15 30 00 1 3267.540
2015 09 12 15 45 00 1 3267.631
2015 09 12 16 00 00 1 3267.730
2015 09 12 16 15 00 1 3267.832
2015 09 12 16 30 00 1 3267.936
2015 09 12 16 45 00 1 3268.042
2015 09 12 17 00 00 1 3268.145
2015 09 12 17 15 00 1 3268.247
2015 09 12 17 30 00 1 3268.342
2015 09 12 17 45 00 1 3268.431
2015 09 12 18 00 00 1 3268.513
2015 09 12 18 15 00 1 3268.589
2015 09 12 18 30 00 1 3268.654
2015 09 12 18 45 00 1 3268.711
2015 09 12 19 00 00 1 3268.755
2015 09 12 19 15 00 1 3268.789
2015 09 12 19 30 00 1 3268.811
2015 09 12 19 45 00 1 3268.818
2015 09 12 20 00 00 1 3268.815
2015 09 12 20 15 00 1 3268.800
2015 09 12 20 30 00 1 3268.772
2015 09 12 20 45 00 1 3268.737
2015 09 12 21 00 00 1 3268.688
2015 09 12 21 15 00 1 3268.627
2015 09 12 21 30 00 1 3268.563
2015 09 12 21 45 00 1 3268.488
2015 09 12 22 00 00 1 3268.411
2015 09 12 22 15 00 1 3268.329
2015 09 12 22 30 00 1 3268.241
2015 09 12 22 45 00 1 3268.154
2015 09 12 23 00 00 1 3268.067
2015 09 12 23 15 00 1 3267.980
2015 09 12 23 30 00 1 3267.900
2015 09 12 23 45 00 1 3267.823
2015 09 13 00 00 00 1 3267.754
2015 09 13 00 15 00 1 3267.690
2015 09 13 00 30 00 1 3267.630
2015 09 13 00 45 00 1 3267.583
2015 09 13 01 00 00 1 3267.547
2015 09 13 01 15 00 1 3267.520
2015 09 13 01 30 00 1 3267.504
2015 09 13 01 45 00 1 3267.500
2015 09 13 02 00 00 1 3267.507
2015 09 13 02 15 00 1 3267.527
2015 09 13 02 30 00 1 3267.557
2015 09 13 02 45 00 1 3267.597
2015 09 13 03 00 00 1 3267.651
2015 09 13 03 15 00 1 3267.713
2015 09 13 03 30 00 1 3267.783
2015 09 13 03 45 00 1 3267.861
2015 09 13 04 00 00 1 3267.945
2015 09 13 04 15 00 1 3268.032
2015 09 13 04 30 00 1 3268.123
2015 09 13 04 45 00 1 3268.216
2015 09 13 05 00 00 1 3268.307
2015 09 13 05 15 00 1 3268.398
2015 09 13 05 30 00 1 3268.487
2015 09 13 05 45 00 1 3268.569
2015 09 13 06 00 00 1 3268.648
2015 09 13 06 15 00 1 3268.715
2015 09 13 06 30 00 1 3268.777
2015 09 13 06 45 00 1 3268.829
2015 09 13 07 00 00 1 3268.869
2015 09 13 07 15 00 1 3268.897
2015 09 13 07 30 00 1 3268.916
2015 09 13 07 45 00 1 3268.922
2015 09 13 08 00 00 1 3268.915
2015 09 13 08 15 00 1 3268.894
2015 09 13 08 30 00 1 3268.862
2015 09 13 08 45 00 1 3268.818
2015 09 13 09 00 00 1 3268.761
2015 09 13 09 15 00 1 3268.695
2015 09 13 09 30 00 1 3268.617
2015 09 13 09 45 00 1 3268.531
2015 09 13 10 00 00 1 3268.438
2015 09 13 10 15 00 1 3268.340
2015 09 13 10 30 00 1 3268.239
2015 09 13 10 45 00 1 3268.133
2015 09 13 11 00 00 1 3268.029
2015 09 13 11 15 00 1 3267.923
2015 09 13 11 30 00 1 3267.820
2015 09 13 11 45 00 1 3267.718
2015 09 13 12 00 00 1 3267.623
2015 09 13 12 15 00 1 3267.538
2015 09 13 12 30 00 1 3267.458
2015 09 13 12 45 00 1 3267.389
2015 09 13 13 00 00 1 3267.330
2015 09 13 13 15 00 1 3267.281
2015 09 13 13 30 00 1 3267.244
2015 09 13 13 45 00 1 3267.221
2015 09 13 14 00 00 1 3267.211
2015 09 13 14 15 00 1 3267.217
2015 09 13 14 30 00 1 3267.232
2015 09 13 14 45 00 1 3267.259
2015 09 13 15 00 00 1 3267.302
2015 09 13 15 15 00 1 3267.361
2015 09 13 15 30 00 1 3267.422
2015 09 13 15 45 00 1 3267.499
2015 09 13 16 00 00 1 3267.585
2015 09 13 16 15 00 1 3267.674
2015 09 13 16 30 00 1 3267.775
2015 09 13 16 45 00 1 3267.873
2015 09 13 17 00 00 1 3267.977
2015 09 13 17 15 00 1 3268.077
2015 09 13 17 30 00 1 3268.182
2015 09 13 17 45 00 1 3268.284
2015 09 13 18 00 00 1 3268.380
2015 09 13 18 15 00 1 3268.472
2015 09 13 18 30 00 1 3268.556
2015 09 13 18 45 00 1 3268.635
2015 09 13 19 00 00 1 3268.704
2015 09 13 19 15 00 1 3268.760
2015 09 13 19 30 00 1 3268.805
2015 09 13 19 45 00 1 3268.839
2015 09 13 20 00 00 1 3268.862
2015 09 13 20 15 00 1 3268.872
2015 09 13 20 30 00 1 3268.864
2015 09 13 20 45 00 1 3268.848
2015 09 13 21 00 00 1 3268.823
2015 09 13 21 15 00 1 3268.780
2015 09 13 21 30 00 1 3268.728
2015 09 13 21 45 00 1 3268.666
2015 09 13 22 00 00 1 3268.596
2015 09 13 22 15 00 1 3268.517
2015 09 13 22 30 00 1 3268.434
2015 09 13 22 45 00 1 3268.347
2015 09 13 23 00 00 1 3268.256
2015 09 13 23 15 00 1 3268.160
2015 09 13 23 30 00 1 3268.067
2015 09 13 23 45 00 1 3267.974
2015 09 14 00 00 00 1 3267.884
2015 09 14 00 15 00 1 3267.800
2015 09 14 00 30 00 1 3267.715
2015 09 14 00 45 00 1 3267.643
2015 09 14 01 00 00 1 3267.577
2015 09 14 01 15 00 1 3267.521
2015 09 14 01 30 00 1 3267.482
2015 09 14 01 45 00 1 3267.446
2015 09 14 02 00 00 1 3267.427
2015 09 14 02 15 00 1 3267.417
2015 09 14 02 30 00 1 3267.425
2015 09 14 02 45 00 1 3267.438
2015 09 14 03 00 00 1 3267.465
2015 09 14 03 15 00 1 3267.504
2015 09 14 03 30 00 1 3267.553
2015 09 14 03 45 00 1 3267.612
2015 09 14 04 00 00 1 3267.682
2015 09 14 04 15 00 1 3267.758
2015 09 14 04 30 00 1 3267.839
2015 09 14 04 45 00 1 3267.928
2015 09 14 05 00 00 1 3268.021
2015 09 14 05 15 00 1 3268.113
2015 09 14 05 30 00 1 3268.208
2015 09 14 05 45 00 1 3268.303
2015 09 14 06 00 00 1 3268.399
2015 09 14 06 15 00 1 3268.487
2015 09 14 06 30 00 1 3268.568
2015 09 14 06 45 00 1 3268.642
2015 09 14 07 00 00 1 3268.709
2015 09 14 07 15 00 1 3268.765
2015 09 14 07 30 00 1 3268.812
2015 09 14 07 45 00 1 3268.844
2015 09 14 08 00 00 1 3268.866
2015 09 14 08 15 00 1 3268.877
2015 09 14 08 30 00 1 3268.874
2015 09 14 08 45 00 1 3268.857
2015 09 14 09 00 00 1 3268.833
2015 09 14 09 15 00 1 3268.795
2015 09 14 09 30 00 1 3268.743
2015 09 14 09 45 00 1 3268.681
2015 09 14 10 00 00 1 3268.612
2015 09 14 10 15 00 1 3268.531
2015 09 14 10 30 00 1 3268.447
2015 09 14 10 45 00 1 3268.357
2015 09 14 11 00 00 1 3268.262
2015 09 14 11 15 00 1 3268.163
2015 09 14 11 30 00 1 3268.061
2015 09 14 11 45 00 1 3267.962
2015 09 14 12 00 00 1 3267.864
2015 09 14 12 15 00 1 3267.767
2015 09 14 12 30 00 1 3267.678
2015 09 14 12 45 00 1 3267.593
2015 09 14 13 00 00 1 3267.516
2015 09 14 13 15 00 1 3267.449
2015 09 14 13 30 00 1 3267.392
2015 09 14 13 45 00 1 3267.343
2015 09 14 14 00 00 1 3267.307
2015 09 14 14 15 00 1 3267.287
2015 09 14 14 30 00 1 3267.278
2015 09 14 14 45 00 1 3267.279
2015 09 14 15 00 00 1 3267.296
2015 09 14 15 15 00 1 3267.329
2015 09 14 15 30 00 1 3267.372
2015 09 14 15 45 00 1 3267.423
2015 09 14 16 00 00 1 3267.490
2015 09 14 16 15 00 1 3267.563
2015 09 14 16 30 00 1 3267.647
2015 09 14 16 45 00 1 3267.736
2015 09 14 17 00 00 1 3267.830
2015 09 14 17 15 00 1 3267.931
2015 09 14 17 30 00 1 3268.032
2015 09 14 17 45 00 1 3268.132
2015 09 14 18 00 00 1 3268.233
2015 09 14 18 15 00 1 3268.332
2015 09 14 18 30 00 1 3268.428
2015 09 14 18 45 00 1 3268.515
2015 09 14 19 00 00 1 3268.598
2015 09 14 19 15 00 1 3268.675
2015 09 14 19 30 00 1 3268.743
2015 09 14 19 45 00 1 3268.795
2015 09 14 20 00 00 1 3268.841
2015 09 14 20 15 00 1 3268.872
2015 09 14 20 30 00 1 3268.892
2015 09 14 20 45 00 1 3268.898
2015 09 14 21 00 00 1 3268.893
2015 09 14 21 15 00 1 3268.872
2015 09 14 21 30 00 1 3268.840
2015 09 14 21 45 00 1 3268.797
2015 09 14 22 00 00 1 3268.745
2015 09 14 22 15 00 1 3268.683
2015 09 14 22 30 00 1 3268.608
2015 09 14 22 45 00 1 3268.526
2015 09 14 23 00 00 1 3268.437
2015 09 14 23 15 00 1 3268.344
2015 09 14 23 30 00 1 3268.247
2015 09 14 23 45 00 1 3268.149
2015 09 15 00 00 00 1 3268.052
2015 09 15 00 15 00 1 3267.958
2015 09 15 00 30 00 1 3267.866
2015 09 15 00 45 00 1 3267.775
2015 09 15 01 00 00 1 3267.689
2015 09 15 01 15 00 1 3267.609
2015 09 15 01 30 00 1 3267.542
2015 09 15 01 45 00 1 3267.481
2015 09 15 02 00 00 1 3267.434
2015 09 15 02 15 00 1 3267.398
2015 09 15 02 30 00 1 3267.371
2015 09 15 02 45 00 1 3267.357
2015 09 15 03 00 00 1 3267.354
2015 09 15 03 15 00 1 3267.368
2015 09 15 03 30 00 1 3267.389
2015 09 15 03 45 00 1 3267.426
2015 09 15 04 00 00 1 3267.473
2015 09 15 04 15 00 1 3267.529
2015 09 15 04 30 00 1 3267.595
2015 09 15 04 45 00 1 3267.670
2015 09 15 05 00 00 1 3267.753
2015 09 15 05 15 00 1 3267.842
2015 09 15 05 30 00 1 3267.933
2015 09 15 05 45 00 1 3268.026
2015 09 15 06 00 00 1 3268.121
2015 09 15 06 15 00 1 3268.217
2015 09 15 06 30 00 1 3268.308
2015 09 15 06 45 00 1 3268.397
2015 09 15 07 00 00 1 3268.480
2015 09 15 07 15 00 1 3268.556
2015 09 15 07 30 00 1 3268.623
2015 09 15 07 45 00 1 3268.682
2015 09 15 08 00 00 1 3268.729
2015 09 15 08 15 00 1 3268.766
2015 09 15 08 30 00 1 3268.792
2015 09 15 08 45 00 1 3268.809
2015 09 15 09 00 00 1 3268.811
2015 09 15 09 15 00 1 3268.805
2015 09 15 09 30 00 1 3268.787
2015 09 15 09 45 00 1 3268.754
2015 09 15 10 00 00 1 3268.715
2015 09 15 10 15 00 1 3268.661
2015 09 15 10 30 00 1 3268.601
2015 09 15 10 45 00 1 3268.529
2015 09 15 11 00 00 1 3268.449
2015 09 15 11 15 00 1 3268.364
2015 09 15 11 30 00 1 3268.275
2015 09 15 11 45 00 1 3268.184
2015 09 15 12 00 00 1 3268.088
2015 09 15 12 15 00 1 3267.996
2015 09 15 12 30 00 1 3267.904
2015 09 15 12 45 00 1 3267.815
2015 09 15 13 00 00 1 3267.731
2015 09 15 13 15 00 1 3267.654
2015 09 15 13 30 00 1 3267.582
2015 09 15 13 45 00 1 3267.522
2015 09 15 14 00 00 1 3267.465
2015 09 15 14 15 00 1 3267.422
2015 09 15 14 30 00 1 3267.390
2015 09 15 14 45 00 1 3267.371
2015 09 15 15 00 00 1 3267.361
2015 09 15 15 15 00 1 3267.364
2015 09 15 15 30 00 1 3267.379
2015 09 15 15 45 00 1 3267.408
2015 09 15 16 00 00 1 3267.450
2015 09 15 16 15 00 1 3267.501
2015 09 15 16 30 00 1 3267.560
2015 09 15 16 45 00 1 3267.632
2015 09 15 17 00 00 1 3267.710
2015 09 15 17 15 00 1 3267.797
2015 09 15 17 30 00 1 3267.889
2015 09 15 17 45 00 1 3267.984
2015 09 15 18 00 00 1 3268.082
2015 09 15 18 15 00 1 3268.179
2015 09 15 18 30 00 1 3268.277
2015 09 15 18 45 00 1 3268.371
2015 09 15 19 00 00 1 3268.463
2015 09 15 19 15 00 1 3268.547
2015 09 15 19 30 00 1 3268.628
2015 09 15 19 45 00 1 3268.698
2015 09 15 20 00 00 1 3268.759
2015 09 15 20 15 00 1 3268.813
2015 09 15 20 30 00 1 3268.854
2015 09 15 20 45 00 1 3268.883
2015 09 15 21 00 00 1 3268.898
2015 09 15 21 15 00 1 3268.901
2015 09 15 21 30 00 1 3268.888
2015 09 15 21 45 00 1 3268.869
2015 09 15 22 00 00 1 3268.837
2015 09 15 22 15 00 1 3268.793
2015 09 15 22 30 00 1 3268.735
2015 09 15 22 45 00 1 3268.667
2015 09 15 23 00 00 1 3268.589
2015 09 15 23 15 00 1 3268.508
2015 09 15 23 30 00 1 3268.419
2015 09 15 23 45 00 1 3268.321
2015 09 16 00 00 00 1 3268.222
2015 09 16 00 15 00 1 3268.127
2015 09 16 00 30 00 1 3268.026
2015 09 16 00 45 00 1 3267.925
2015 09 16 01 00 00 1 3267.830
2015 09 16 01 15 00 1 3267.734
2015 09 16 01 30 00 1 3267.648
2015 09 16 01 45 00 1 3267.568
2015 09 16 02 00 00 1 3267.500
2015 09 16 02 15 00 1 3267.437
2015 09 16 02 30 00 1 3267.384
2015 09 16 02 45 00 1 3267.345
2015 09 16 03 00 00 1 3267.318
2015 09 16 03 15 00 1 3267.302
2015 09 16 03 30 00 1 3267.297
2015 09 16 03 45 00 1 3267.304
2015 09 16 04 00 00 1 3267.326
2015 09 16 04 15 00 1 3267.360
2015 09 16 04 30 00 1 3267.402
2015 09 16 04 45 00 1 3267.454
2015 09 16 05 00 00 1 3267.514
2015 09 16 05 15 00 1 3267.582
2015 09 16 05 30 00 1 3267.656
2015 09 16 05 45 00 1 3267.738
2015 09 16 06 00 00 1 3267.828
2015 09 16 06 15 00 1 3267.918
2015 09 16 06 30 00 1 3268.009
2015 09 16 06 45 00 1 3268.099
2015 09 16 07 00 00 1 3268.190
2015 09 16 07 15 00 1 3268.278
2015 09 16 07 30 00 1 3268.360
2015 09 16 07 45 00 1 3268.437
2015 09 16 08 00 00 1 3268.503
2015 09 16 08 15 00 1 3268.564
2015 09 16 08 30 00 1 3268.615
2015 09 16 08 45 00 1 3268.656
2015 09 16 09 00 00 1 3268.688
2015 09 16 09 15 00 1 3268.708
2015 09 16 09 30 00 1 3268.722
2015 09 16 09 45 00 1 3268.718
2015 09 16 10 00 00 1 3268.708
2015 09 16 10 15 00 1 3268.684
2015 09 16 10 30 00 1 3268.652
2015 09 16 10 45 00 1 3268.610
2015 09 16 11 00 00 1 3268.556
2015 09 16 11 15 00 1 3268.497
2015 09 16 11 30 00 1 3268.429
2015 09 16 11 45 00 1 3268.353
2015 09 16 12 00 00 1 3268.274
2015 09 16 12 15 00 1 3268.193
2015 09 16 12 30 00 1 3268.109
2015 09 16 12 45 00 1 3268.025
2015 09 16 13 00 00 1 3267.944
2015 09 16 13 15 00 1 3267.865
2015 09 16 13 30 00 1 3267.789
2015 09 16 13 45 00 1 3267.717
2015 09 16 14 00 00 1 3267.652
2015 09 16 14 15 00 1 3267.593
2015 09 16 14 30 00 1 3267.544
2015 09 16 14 45 00 1 3267.503
2015 09 16 15 00 00 1 3267.474
2015 09 16 15 15 00 1 3267.456
2015 09 16 15 30 00 1 3267.448
2015 09 16 15 45 00 1 3267.453
2015 09 16 16 00 00 1 3267.469
2015 09 16 16 15 00 1 3267.496
2015 09 16 16 30 00 1 3267.535
2015 09 16 16 45 00 1 3267.585
2015 09 16 17 00 00 1 3267.645
2015 09 16 17 15 00 1 3267.715
2015 09 16 17 30 00 1 3267.788
2015 09 16 17 45 00 1 3267.870
2015 09 16 18 00 00 1 3267.959
2015 09 16 18 15 00 1 3268.049
2015 09 16 18 30 00 1 3268.144
2015 09 16 18 45 00 1 3268.237
2015 09 16 19 00 00 1 3268.329
2015 09 16 19 15 00 1 3268.417
2015 09 16 19 30 00 1 3268.503
2015 09 16 19 45 00 1 3268.584
2015 09 16 20 00 00 1 3268.659
2015 09 16 20 15 00 1 3268.725
2015 09 16 20 30 00 1 3268.780
2015 09 16 20 45 00 1 3268.824
2015 09 16 21 00 00 1 3268.856
2015 09 16 21 15 00 1 3268.879
2015 09 16 21 30 00 1 3268.891
2015 09 16 21 45 00 1 3268.890
2015 09 16 22 00 00 1 3268.879
2015 09 16 22 15 00 1 3268.855
2015 09 16 22 30 00 1 3268.819
2015 09 16 22 45 00 1 3268.775
2015 09 16 23 00 00 1 3268.720
2015 09 16 23 15 00 1 3268.656
2015 09 16 23 30 00 1 3268.581
2015 09 16 23 45 00 1 3268.500
2015 09 17 00 00 00 1 3268.412
2015 09 17 00 15 00 1 3268.323
2015 09 17 00 30 00 1 3268.227
2015 09 17 00 45 00 1 3268.127
2015 09 17 01 00 00 1 3268.027
2015 09 17 01 15 00 1 3267.931
2015 09 17 01 30 00 1 3267.835
2015 09 17 01 45 00 1 3267.740
2015 09 17 02 00 00 1 3267.653
2015 09 17 02 15 00 1 3267.574
2015 09 17 02 30 00 1 3267.500
2015 09 17 02 45 00 1 3267.437
2015 09 17 03 00 00 1 3267.380
2015 09 17 03 15 00 1 3267.334
2015 09 17 03 30 00 1 3267.299
2015 09 17 03 45 00 1 3267.277
2015 09 17 04 00 00 1 3267.269
2015 09 17 04 15 00 1 3267.270
2015 09 17 04 30 00 1 3267.283
2015 09 17 04 45 00 1 3267.306
2015 09 17 05 00 00 1 3267.344
2015 09 17 05 15 00 1 3267.392
2015 09 17 05 30 00 1 3267.446
2015 09 17 05 45 00 1 3267.509
2015 09 17 06 00 00 1 3267.580
2015 09 17 06 15 00 1 3267.656
2015 09 17 06 30 00 1 3267.739
2015 09 17 06 45 00 1 3267.828
2015 09 17 07 00 00 1 3267.918
2015 09 17 07 15 00 1 3268.006
2015 09 17 07 30 00 1 3268.089
2015 09 17 07 45 00 1 3268.172
2015 09 17 08 00 00 1 3268.254
2015 09 17 08 15 00 1 3268.327
2015 09 17 08 30 00 1 3268.394
2015 09 17 08 45 00 1 3268.455
2015 09 17 09 00 00 1 3268.508
2015 09 17 09 15 00 1 3268.555
2015 09 17 09 30 00 1 3268.593
2015 09 17 09 45 00 1 3268.620
2015 09 17 10 00 00 1 3268.637
2015 09 17 10 15 00 1 3268.645
2015 09 17 10 30 00 1 3268.642
2015 09 17 10 45 00 1 3268.630
2015 09 17 11 00 00 1 3268.607
2015 09 17 11 00 00 2 3268.607
2015 09 17 11 01 00 2 3268.604
2015 09 17 11 02 00 2 3268.602
2015 09 17 11 03 00 2 3268.601
2015 09 17 11 04 00 2 3268.597
2015 09 17 11 05 00 2 3268.595
2015 09 17 11 06 00 2 3268.593
2015 09 17 11 07 00 2 3268.591
2015 09 17 11 08 00 2 3268.589
2015 09 17 11 09 00 2 3268.586
2015 09 17 11 10 00 2 3268.585
2015 09 17 11 11 00 2 3268.583
2015 09 17 11 12 00 2 3268.580
2015 09 17 11 13 00 2 3268.577
2015 09 17 11 14 00 2 3268.575
2015 09 17 11 15 00 1 3268.573
2015 09 17 11 15 00 2 3268.573
2015 09 17 11 16 00 2 3268.569
2015 09 17 11 17 00 2 3268.567
2015 09 17 11 18 00 2 3268.565
2015 09 17 11 19 00 2 3268.563
2015 09 17 11 20 00 2 3268.560
2015 09 17 11 21 00 2 3268.558
2015 09 17 11 22 00 2 3268.555
2015 09 17 11 23 00 2 3268.552
2015 09 17 11 24 00 2 3268.549
2015 09 17 11 25 00 2 3268.546
2015 09 17 11 26 00 2 3268.543
2015 09 17 11 27 00 2 3268.540
2015 09 17 11 28 00 2 3268.537
2015 09 17 11 29 00 2 3268.534
2015 09 17 11 30 00 1 3268.531
2015 09 17 11 30 00 2 3268.531
2015 09 17 11 31 00 2 3268.528
2015 09 17 11 32 00 2 3268.524
2015 09 17 11 33 00 2 3268.522
2015 09 17 11 34 00 2 3268.520
2015 09 17 11 35 00 2 3268.516
2015 09 17 11 36 00 2 3268.513
2015 09 17 11 37 00 2 3268.510
2015 09 17 11 38 00 2 3268.506
2015 09 17 11 39 00 2 3268.503
2015 09 17 11 40 00 2 3268.499
2015 09 17 11 41 00 2 3268.496
2015 09 17 11 42 00 2 3268.492
2015 09 17 11 43 00 2 3268.489
2015 09 17 11 44 00 2 3268.484
2015 09 17 11 45 00 1 3268.481
2015 09 17 11 45 00 2 3268.480
2015 09 17 11 46 00 2 3268.478
2015 09 17 11 47 00 2 3268.473
2015 09 17 11 48 00 2 3268.470
2015 09 17 11 49 00 2 3268.466
2015 09 17 11 50 00 2 3268.462
2015 09 17 11 51 00 2 3268.458
2015 09 17 11 52 00 2 3268.455
2015 09 17 11 53 00 2 3268.451
2015 09 17 11 54 00 2 3268.446
2015 09 17 11 55 00 2 3268.443
2015 09 17 11 56 00 2 3268.439
2015 09 17 11 57 00 2 3268.435
2015 09 17 11 58 00 2 3268.431
2015 09 17 11 59 00 2 3268.425
2015 09 17 12 00 00 1 3268.424
2015 09 17 12 00 00 2 3268.423
2015 09 17 12 01 00 2 3268.419
2015 09 17 12 02 00 2 3268.414
2015 09 17 12 03 00 2 3268.410
2015 09 17 12 04 00 2 3268.406
2015 09 17 12 05 00 2 3268.401
2015 09 17 12 06 00 2 3268.397
2015 09 17 12 07 00 2 3268.392
2015 09 17 12 08 00 2 3268.389
2015 09 17 12 08 15 3 3268.389
2015 09 17 12 08 30 3 3268.389
2015 09 17 12 08 45 3 3268.388
2015 09 17 12 09 00 2 3268.385
2015 09 17 12 09 00 3 3268.387
2015 09 17 12 09 15 3 3268.386
2015 09 17 12 09 30 3 3268.385
2015 09 17 12 09 45 3 3268.383
2015 09 17 12 10 00 2 3268.380
2015 09 17 12 10 00 3 3268.382
2015 09 17 12 10 15 3 3268.380
2015 09 17 12 10 30 3 3268.379
2015 09 17 12 10 45 3 3268.379
2015 09 17 12 11 00 2 3268.377
2015 09 17 12 11 00 3 3268.378
2015 09 17 12 11 15 3 3268.378
2015 09 17 12 11 30 3 3268.377
2015 09 17 12 11 45 3 3268.375
2015 09 17 12 12 00 2 3268.372
2015 09 17 12 12 00 3 3268.373
2015 09 17 12 13 00 2 3268.368
2015 09 17 12 14 00 2 3268.364
2015 09 17 12 15 00 1 9999.000
2015 09 17 12 15 00 2 3268.360
2015 09 17 12 16 00 2 3268.355
2015 09 17 12 17 00 2 3268.351
2015 09 17 12 17 00 3 3268.353
2015 09 17 12 17 15 3 3268.352
2015 09 17 12 17 30 3 3268.351
2015 09 17 12 17 45 3 3268.349
2015 09 17 12 18 00 2 3268.347
2015 09 17 12 18 00 3 3268.349
2015 09 17 12 18 15 3 3268.348
2015 09 17 12 18 30 3 3268.347
2015 09 17 12 18 45 3 3268.346
2015 09 17 12 19 00 2 3268.343
2015 09 17 12 19 00 3 3268.345
2015 09 17 12 19 15 3 3268.344
2015 09 17 12 19 30 3 3268.343
2015 09 17 12 19 45 3 3268.342
2015 09 17 12 20 00 2 3268.339
2015 09 17 12 20 00 3 3268.340
2015 09 17 12 20 15 3 3268.340
2015 09 17 12 20 30 3 3268.338
2015 09 17 12 20 45 3 3268.337
2015 09 17 12 21 00 2 3268.334
2015 09 17 12 22 00 2 3268.330
2015 09 17 12 23 00 2 3268.326
2015 09 17 12 24 00 2 3268.321
2015 09 17 12 25 00 2 3268.317
2015 09 17 12 26 00 2 3268.312
2015 09 17 12 27 00 2 3268.309
2015 09 17 12 28 00 2 3268.304
2015 09 17 12 29 00 2 3268.300
2015 09 17 12 30 00 1 9999.000
2015 09 17 12 30 00 2 3268.295
2015 09 17 12 31 00 2 3268.290
2015 09 17 12 32 00 2 3268.285
2015 09 17 12 33 00 2 3268.281
2015 09 17 12 34 00 2 3268.275
2015 09 17 12 35 00 2 3268.272
2015 09 17 12 36 00 2 3268.267
2015 09 17 12 37 00 2 3268.262
2015 09 17 12 38 00 2 3268.257
2015 09 17 12 39 00 2 3268.253
2015 09 17 12 40 00 2 3268.248
2015 09 17 12 41 00 2 3268.243
2015 09 17 12 42 00 2 3268.239
2015 09 17 12 43 00 2 3268.234
2015 09 17 12 44 00 2 3268.230
2015 09 17 12 45 00 1 9999.000
2015 09 17 12 45 00 2 3268.225
2015 09 17 12 46 00 2 3268.220
2015 09 17 12 47 00 2 3268.215
2015 09 17 12 48 00 2 3268.210
2015 09 17 12 49 00 2 3268.205
2015 09 17 12 50 00 2 3268.200
2015 09 17 12 51 00 2 3268.195
2015 09 17 12 52 00 2 3268.191
2015 09 17 12 53 00 2 3268.185
2015 09 17 12 54 00 2 3268.180
2015 09 17 12 55 00 2 3268.176
2015 09 17 12 56 00 2 3268.170
2015 09 17 12 57 00 2 3268.165
2015 09 17 12 58 00 2 3268.160
2015 09 17 12 59 00 2 3268.155
2015 09 17 13 00 00 1 9999.000
2015 09 17 13 00 00 2 3268.150
2015 09 17 13 01 00 2 3268.145
2015 09 17 13 02 00 2 3268.140
2015 09 17 13 03 00 2 3268.134
2015 09 17 13 04 00 2 3268.130
2015 09 17 13 05 00 2 3268.125
2015 09 17 13 06 00 2 3268.119
2015 09 17 13 07 00 2 3268.114
2015 09 17 13 08 00 2 3268.110
2015 09 17 13 09 00 2 3268.104
2015 09 17 13 10 00 2 3268.100
2015 09 17 13 11 00 2 3268.094
2015 09 17 13 12 00 2 3268.089
2015 09 17 13 13 00 2 3268.084
2015 09 17 13 14 00 2 3268.078
2015 09 17 13 15 00 1 9999.000
2015 09 17 13 15 00 2 3268.074
2015 09 17 13 16 00 2 3268.069
2015 09 17 13 17 00 2 3268.065
2015 09 17 13 18 00 2 3268.059
2015 09 17 13 19 00 2 3268.055
2015 09 17 13 20 00 2 3268.050
2015 09 17 13 21 00 2 3268.046
2015 09 17 13 22 00 2 3268.043
2015 09 17 13 23 00 2 3268.040
2015 09 17 13 24 00 2 3268.036
2015 09 17 13 25 00 2 3268.033
2015 09 17 13 26 00 2 3268.032
2015 09 17 13 27 00 2 3268.028
2015 09 17 13 28 00 2 3268.026
2015 09 17 13 29 00 2 3268.022
2015 09 17 13 30 00 1 9999.000
2015 09 17 13 30 00 2 3268.020
2015 09 17 13 31 00 2 3268.015
2015 09 17 13 32 00 2 3268.010
2015 09 17 13 33 00 2 3268.004
2015 09 17 13 34 00 2 3267.998
2015 09 17 13 35 00 2 3267.990
2015 09 17 13 36 00 2 3267.981
2015 09 17 13 37 00 2 3267.973
2015 09 17 13 38 00 2 3267.965
2015 09 17 13 39 00 2 3267.958
2015 09 17 13 40 00 2 3267.952
2015 09 17 13 41 00 2 3267.948
2015 09 17 13 42 00 2 3267.945
2015 09 17 13 43 00 2 3267.940
2015 09 17 13 44 00 2 3267.939
2015 09 17 13 45 00 1 9999.000
2015 09 17 13 45 00 2 3267.936
2015 09 17 13 46 00 2 3267.933
2015 09 17 13 47 00 2 3267.928
2015 09 17 13 48 00 2 3267.923
2015 09 17 13 49 00 2 3267.919
2015 09 17 13 50 00 2 3267.913
2015 09 17 13 51 00 2 3267.907
2015 09 17 13 52 00 2 3267.901
2015 09 17 13 53 00 2 3267.897
2015 09 17 13 54 00 2 3267.892
2015 09 17 13 55 00 2 3267.889
2015 09 17 13 56 00 2 3267.886
2015 09 17 13 57 00 2 3267.884
2015 09 17 13 58 00 2 3267.881
2015 09 17 13 59 00 2 3267.877
2015 09 17 14 00 00 1 9999.000
2015 09 17 14 00 00 2 3267.873
2015 09 17 14 01 00 2 3267.868
2015 09 17 14 02 00 2 3267.861
2015 09 17 14 03 00 2 3267.857
2015 09 17 14 04 00 2 3267.852
2015 09 17 14 05 00 2 3267.848
2015 09 17 14 06 00 2 3267.846
2015 09 17 14 07 00 2 3267.843
2015 09 17 14 08 00 2 3267.839
2015 09 17 14 09 00 2 3267.834
2015 09 17 14 10 00 2 3267.828
2015 09 17 14 11 00 2 3267.821
2015 09 17 14 12 00 2 3267.816
2015 09 17 14 13 00 2 3267.811
2015 09 17 14 14 00 2 3267.806
2015 09 17 14 15 00 1 9999.000
2015 09 17 14 15 00 2 3267.802
2015 09 17 14 16 00 2 3267.799
2015 09 17 14 17 00 2 3267.796
2015 09 17 14 18 00 2 3267.793
2015 09 17 14 19 00 2 3267.791
2015 09 17 14 20 00 2 3267.789
2015 09 17 14 21 00 2 3267.785
2015 09 17 14 22 00 2 3267.781
2015 09 17 14 23 00 2 3267.780
2015 09 17 14 24 00 2 3267.777
2015 09 17 14 25 00 2 3267.774
2015 09 17 14 26 00 2 3267.770
2015 09 17 14 27 00 2 3267.764
2015 09 17 14 28 00 2 3267.757
2015 09 17 14 29 00 2 3267.752
2015 09 17 14 30 00 1 9999.000
2015 09 17 14 30 00 2 3267.746
2015 09 17 14 31 00 2 3267.741
2015 09 17 14 32 00 2 3267.738
2015 09 17 14 33 00 2 3267.734
2015 09 17 14 34 00 2 3267.730
2015 09 17 14 35 00 2 3267.728
2015 09 17 14 36 00 2 3267.729
2015 09 17 14 37 00 2 3267.728
2015 09 17 14 38 00 2 3267.726
2015 09 17 14 39 00 2 3267.721
2015 09 17 14 40 00 2 3267.715
2015 09 17 14 41 00 2 3267.709
2015 09 17 14 42 00 2 3267.705
2015 09 17 14 43 00 2 3267.701
2015 09 17 14 44 00 2 3267.696
2015 09 17 14 45 00 1 9999.000
2015 09 17 14 45 00 2 3267.691
2015 09 17 14 46 00 2 3267.688
2015 09 17 14 47 00 2 3267.683
2015 09 17 14 48 00 2 3267.681
2015 09 17 14 49 00 2 3267.680
2015 09 17 14 50 00 2 3267.676
2015 09 17 14 51 00 2 3267.675
2015 09 17 14 52 00 2 3267.673
2015 09 17 14 53 00 2 3267.672
2015 09 17 14 54 00 2 3267.671
2015 09 17 14 55 00 2 3267.670
2015 09 17 14 56 00 2 3267.668
2015 09 17 14 57 00 2 3267.666
2015 09 17 14 58 00 2 3267.663
2015 09 17 14 59 00 2 3267.658
2015 09 17 15 00 00 1 9999.000
2015 09 17 15 00 00 2 3267.654
2015 09 17 15 01 00 2 3267.649
2015 09 17 15 02 00 2 3267.643
2015 09 17 15 03 00 2 3267.635
2015 09 17 15 04 00 2 3267.630
2015 09 17 15 05 00 2 3267.629
2015 09 17 15 06 00 2 3267.630
2015 09 17 15 07 00 2 3267.630
2015 09 17 15 08 00 2 3267.632
2015 09 17 15 09 00 2 3267.629
2015 09 17 15 10 00 2 3267.624
2015 09 17 15 11 00 2 3267.618
2015 09 17 15 12 00 2 3267.613
2015 09 17 15 13 00 2 3267.612
2015 09 17 15 14 00 2 3267.614
2015 09 17 15 15 00 1 3267.615
2015 09 17 15 15 00 2 3267.615
2015 09 17 15 16 00 2 3267.615
2015 09 17 15 17 00 2 3267.612
2015 09 17 15 18 00 2 3267.608
2015 09 17 15 19 00 2 3267.603
2015 09 17 15 20 00 2 3267.598
2015 09 17 15 30 00 1 3267.590
2015 09 17 15 45 00 1 3267.574
2015 09 17 16 00 00 1 3267.572
2015 09 17 16 15 00 1 3267.579
2015 09 17 16 30 00 1 3267.594
2015 09 17 16 45 00 1 3267.623
2015 09 17 17 00 00 1 3267.662
2015 09 17 17 15 00 1 3267.699
2015 09 17 17 30 00 1 3267.749
2015 09 17 17 45 00 1 3267.813
2015 09 17 18 00 00 1 3267.882
2015 09 17 18 15 00 1 3267.952
2015 09 17 18 30 00 1 3268.033
2015 09 17 18 45 00 1 3268.111
2015 09 17 19 00 00 1 3268.199
2015 09 17 19 15 00 1 3268.281
2015 09 17 19 30 00 1 3268.362
2015 09 17 19 45 00 1 3268.457
2015 09 17 20 00 00 1 3268.529
2015 09 17 20 15 00 1 3268.591
2015 09 17 20 30 00 1 3268.668
2015 09 17 20 45 00 1 3268.730
2015 09 17 21 00 00 1 3268.776
2015 09 17 21 15 00 1 3268.814
2015 09 17 21 30 00 1 3268.843
2015 09 17 21 45 00 1 3268.878
2015 09 17 22 00 00 1 3268.890
2015 09 17 22 15 00 1 3268.892
2015 09 17 22 30 00 1 3268.881
2015 09 17 22 45 00 1 3268.859
2015 09 17 23 00 00 1 3268.822
2015 09 17 23 15 00 1 3268.782
2015 09 17 23 30 00 1 3268.736
2015 09 17 23 45 00 1 3268.674
2015 09 18 00 00 00 1 3268.607
2015 09 18 00 15 00 1 3268.532
2015 09 18 00 30 00 1 3268.442
2015 09 18 00 45 00 1 3268.358
2015 09 18 01 00 00 1 3268.252
2015 09 18 01 15 00 1 3268.167
2015 09 18 01 30 00 1 3268.071
2015 09 18 01 45 00 1 3267.976
2015 09 18 02 00 00 1 3267.879
2015 09 18 02 15 00 1 3267.787
2015 09 18 02 30 00 1 3267.700
2015 09 18 02 45 00 1 3267.621
2015 09 18 03 00 00 1 3267.551
2015 09 18 03 15 00 1 3267.485
2015 09 18 03 30 00 1 3267.417
2015 09 18 03 45 00 1 3267.370
2015 09 18 04 00 00 1 3267.334
2015 09 18 04 15 00 1 3267.304
2015 09 18 04 30 00 1 3267.284
2015 09 18 04 45 00 1 3267.276
2015 09 18 05 00 00 1 3267.280
2015 09 18 05 15 00 1 3267.294
2015 09 18 05 30 00 1 3267.323
2015 09 18 05 45 00 1 3267.353
2015 09 18 06 00 00 1 3267.402
2015 09 18 06 15 00 1 3267.455
2015 09 18 06 30 00 1 3267.520
2015 09 18 06 45 00 1 3267.589
2015 09 18 07 00 00 1 3267.659
2015 09 18 07 15 00 1 3267.734
2015 09 18 07 30 00 1 3267.814
2015 09 18 07 45 00 1 3267.895
2015 09 18 08 00 00 1 3267.969
2015 09 18 08 15 00 1 3268.051
2015 09 18 08 30 00 1 3268.132
2015 09 18 08 45 00 1 3268.201
2015 09 18 09 00 00 1 3268.271
2015 09 18 09 15 00 1 3268.342
2015 09 18 09 30 00 1 3268.394
2015 09 18 09 45 00 1 3268.442
2015 09 18 10 00 00 1 3268.476
2015 09 18 10 15 00 1 3268.514
2015 09 18 10 30 00 1 3268.535
2015 09 18 10 45 00 1 3268.555
2015 09 18 11 00 00 1 3268.560
2015 09 18 11 15 00 1 3268.558
2015 09 18 11 30 00 1 3268.551
2015 09 18 11 45 00 1 3268.525
2015 09 18 12 00 00 1 3268.498
2015 09 18 12 15 00 1 3268.460
2015 09 18 12 30 00 1 3268.415
2015 09 18 12 45 00 1 3268.368
2015 09 18 13 00 00 1 3268.315
2015 09 18 13 15 00 1 3268.259
2015 09 18 13 30 00 1 3268.199
2015 09 18 13 45 00 1 3268.137
2015 09 18 14 00 00 1 3268.075
2015 09 18 14 15 00 1 3268.018
2015 09 18 14 30 00 1 3267.958
2015 09 18 14 45 00 1 3267.906
2015 09 18 15 00 00 1 3267.857
2015 09 18 15 15 00 1 3267.805
2015 09 18 15 30 00 1 3267.772
2015 09 18 15 45 00 1 3267.733
2015 09 18 16 00 00 1 3267.714
2015 09 18 16 15 00 1 3267.690
2015 09 18 16 30 00 1 3267.685
2015 09 18 16 45 00 1 3267.680
2015 09 18 17 00 00 1 3267.697
2015 09 18 17 15 00 1 3267.715
2015 09 18 17 30 00 1 3267.746
2015 09 18 17 45 00 1 3267.773
2015 09 18 18 00 00 1 3267.821
2015 09 18 18 15 00 1 3267.874
2015 09 18 18 30 00 1 3267.941
2015 09 18 18 45 00 1 3267.999
2015 09 18 19 00 00 1 3268.066
2015 09 18 19 15 00 1 3268.141
2015 09 18 19 30 00 1 3268.210
2015 09 18 19 45 00 1 3268.283
2015 09 18 20 00 00 1 3268.366
2015 09 18 20 15 00 1 3268.438
2015 09 18 20 30 00 1 3268.510
2015 09 18 20 45 00 1 3268.582
2015 09 18 21 00 00 1 3268.641
2015 09 18 21 15 00 1 3268.702
2015 09 18 21 30 00 1 3268.750
2015 09 18 21 45 00 1 3268.785
2015 09 18 22 00 00 1 3268.809
2015 09 18 22 15 00 1 3268.843
2015 09 18 22 30 00 1 3268.849
2015 09 18 22 45 00 1 3268.851
2015 09 18 23 00 00 1 3268.847
2015 09 18 23 15 00 1 3268.830
2015 09 18 23 30 00 1 3268.799
2015 09 18 23 45 00 1 3268.763
2015 09 19 00 00 00 1 3268.717
2015 09 19 00 15 00 1 3268.660
2015 09 19 00 30 00 1 3268.601
2015 09 19 00 45 00 1 3268.528
2015 09 19 01 00 00 1 3268.446
2015 09 19 01 15 00 1 3268.371
2015 09 19 01 30 00 1 3268.283
2015 09 19 01 45 00 1 3268.194
2015 09 19 02 00 00 1 3268.107
2015 09 19 02 15 00 1 3268.016
2015 09 19 02 30 00 1 3267.928
2015 09 19 02 45 00 1 3267.837
2015 09 19 03 00 00 1 3267.747
2015 09 19 03 15 00 1 3267.673
2015 09 19 03 30 00 1 3267.598
2015 09 19 03 45 00 1 3267.522
2015 09 19 04 00 00 1 3267.459
2015 09 19 04 15 00 1 3267.412
2015 09 19 04 30 00 1 3267.364
2015 09 19 04 45 00 1 3267.329
2015 09 19 05 00 00 1 3267.304
2015 09 19 05 15 00 1 3267.287
2015 09 19 05 30 00 1 3267.279
2015 09 19 05 45 00 1 3267.288
2015 09 19 06 00 00 1 3267.297
2015 09 19 06 15 00 1 3267.324
2015 09 19 06 30 00 1 3267.356
2015 09 19 06 45 00 1 3267.394
2015 09 19 07 00 00 1 3267.448
2015 09 19 07 15 00 1 3267.499
2015 09 19 07 30 00 1 3267.565
2015 09 19 07 45 00 1 3267.625
2015 09 19 08 00 00 1 3267.698
2015 09 19 08 15 00 1 3267.768
2015 09 19 08 30 00 1 3267.844
2015 09 19 08 45 00 1 3267.922
2015 09 19 09 00 00 1 3267.992
2015 09 19 09 15 00 1 3268.063
2015 09 19 09 30 00 1 3268.131
2015 09 19 09 45 00 1 3268.198
2015 09 19 10 00 00 1 3268.260
2015 09 19 10 15 00 1 3268.314
2015 09 19 10 30 00 1 3268.359
2015 09 19 10 45 00 1 3268.399
2015 09 19 11 00 00 1 3268.434
2015 09 19 11 15 00 1 3268.451
2015 09 19 11 30 00 1 3268.470
2015 09 19 11 45 00 1 3268.481
2015 09 19 12 00 00 1 3268.478
2015 09 19 12 15 00 1 3268.468
2015 09 19 12 30 00 1 3268.453
2015 09 19 12 45 00 1 3268.431
2015 09 19 13 00 00 1 3268.401
2015 09 19 13 15 00 1 3268.372
2015 09 19 13 30 00 1 3268.330
2015 09 19 13 45 00 1 3268.292
2015 09 19 14 00 00 1 3268.245
2015 09 19 14 15 00 1 3268.197
2015 09 19 14 30 00 1 3268.147
2015 09 19 14 45 00 1 3268.099
2015 09 19 15 00 00 1 3268.052
2015 09 19 15 15 00 1 3268.006
2015 09 19 15 30 00 1 3267.966
2015 09 19 15 45 00 1 3267.924
2015 09 19 16 00 00 1 3267.891
2015 09 19 16 15 00 1 3267.862
2015 09 19 16 30 00 1 3267.837
2015 09 19 16 45 00 1 3267.820
2015 09 19 17 00 00 1 3267.812
2015 09 19 17 15 00 1 3267.808
2015 09 19 17 30 00 1 3267.811
2015 09 19 17 45 00 1 3267.824
2015 09 19 18 00 00 1 3267.839
2015 09 19 18 15 00 1 3267.868
2015 09 19 18 30 00 1 3267.898
2015 09 19 18 45 00 1 3267.942
2015 09 19 19 00 00 1 3267.991
2015 09 19 19 15 00 1 3268.045
2015 09 19 19 30 00 1 3268.099
2015 09 19 19 45 00 1 3268.168
2015 09 19 20 00 00 1 3268.230
2015 09 19 20 15 00 1 3268.294
2015 09 19 20 30 00 1 3268.360
2015 09 19 20 45 00 1 3268.423
2015 09 19 21 00 00 1 3268.483
2015 09 19 21 15 00 1 3268.541
2015 09 19 21 30 00 1 3268.596
2015 09 19 21 45 00 1 3268.645
2015 09 19 22 00 00 1 3268.691
2015 09 19 22 15 00 1 3268.732
2015 09 19 22 30 00 1 3268.763
2015 09 19 22 45 00 1 3268.789
2015 09 19 23 00 00 1 3268.804
2015 09 19 23 15 00 1 3268.813
2015 09 19 23 30 00 1 3268.816
2015 09 19 23 45 00 1 3268.807
2015 09 20 00 00 00 1 3268.786
2015 09 20 00 15 00 1 3268.764
2015 09 20 00 30 00 1 3268.728
2015 09 20 00 45 00 1 3268.684
2015 09 20 01 00 00 1 3268.628
2015 09 20 01 15 00 1 3268.571
2015 09 20 01 30 00 1 3268.502
2015 09 20 01 45 00 1 3268.433
2015 09 20 02 00 00 1 3268.355
2015 09 20 02 15 00 1 3268.273
2015 09 20 02 30 00 1 3268.191
2015 09 20 02 45 00 1 3268.105
2015 09 20 03 00 00 1 3268.023
2015 09 20 03 15 00 1 3267.934
2015 09 20 03 30 00 1 3267.851
2015 09 20 03 45 00 1 3267.769
2015 09 20 04 00 00 1 3267.694
2015 09 20 04 15 00 1 3267.619
2015 09 20 04 30 00 1 3267.556
2015 09 20 04 45 00 1 3267.498
2015 09 20 05 00 00 1 3267.448
2015 09 20 05 15 00 1 3267.400
2015 09 20 05 30 00 1 3267.363
2015 09 20 05 45 00 1 3267.336
2015 09 20 06 00 00 1 3267.319
2015 09 20 06 15 00 1 3267.312
2015 09 20 06 30 00 1 3267.310
2015 09 20 06 45 00 1 3267.320
2015 09 20 07 00 00 1 3267.339
2015 09 20 07 15 00 1 3267.367
2015 09 20 07 30 00 1 3267.400
2015 09 20 07 45 00 1 3267.440
2015 09 20 08 00 00 1 3267.490
2015 09 20 08 15 00 1 3267.540
2015 09 20 08 30 00 1 3267.601
2015 09 20 08 45 00 1 3267.665
2015 09 20 09 00 00 1 3267.731
2015 09 20 09 15 00 1 3267.796
2015 09 20 09 30 00 1 3267.866
2015 09 20 09 45 00 1 3267.932
2015 09 20 10 00 00 1 3268.000
2015 09 20 10 15 00 1 3268.066
2015 09 20 10 30 00 1 3268.128
2015 09 20 10 45 00 1 3268.183
2015 09 20 11 00 00 1 3268.239
2015 09 20 11 15 00 1 3268.284
2015 09 20 11 30 00 1 3268.325
2015 09 20 11 45 00 1 3268.357
2015 09 20 12 00 00 1 3268.384
2015 09 20 12 15 00 1 3268.406
2015 09 20 12 30 00 1 3268.420
2015 09 20 12 45 00 1 3268.426
2015 09 20 13 00 00 1 3268.426
2015 09 20 13 15 00 1 3268.422
2015 09 20 13 30 00 1 3268.408
2015 09 20 13 45 00 1 3268.393
2015 09 20 14 00 00 1 3268.367
2015 09 20 14 15 00 1 3268.341
2015 09 20 14 30 00 1 3268.310
2015 09 20 14 45 00 1 3268.277
2015 09 20 15 00 00 1 3268.238
2015 09 20 15 15 00 1 3268.205
2015 09 20 15 30 00 1 3268.161
2015 09 20 15 45 00 1 3268.121
2015 09 20 16 00 00 1 3268.082
2015 09 20 16 15 00 1 3268.046
2015 09 20 16 30 00 1 3268.013
2015 09 20 16 45 00 1 3267.983
2015 09 20 17 00 00 1 3267.958
2015 09 20 17 15 00 1 3267.934
2015 09 20 17 30 00 1 3267.918
2015 09 20 17 45 00 1 3267.908
2015 09 20 18 00 00 1 3267.904
2015 09 20 18 15 00 1 3267.907
2015 09 20 18 30 00 1 3267.914
2015 09 20 18 45 00 1 3267.932
2015 09 20 19 00 00 1 3267.956
2015 09 20 19 15 00 1 3267.986
2015 09 20 19 30 00 1 3268.021
2015 09 20 19 45 00 1 3268.062
2015 09 20 20 00 00 1 3268.106
2015 09 20 20 15 00 1 3268.156
2015 09 20 20 30 00 1 3268.204
2015 09 20 20 45 00 1 3268.257
2015 09 20 21 00 00 1 3268.315
2015 09 20 21 15 00 1 3268.371
2015 09 20 21 30 00 1 3268.426
2015 09 20 21 45 00 1 3268.485
2015 09 20 22 00 00 1 3268.537
2015 09 20 22 15 00 1 3268.586
2015 09 20 22 30 00 1 3268.635
2015 09 20 22 45 00 1 3268.676
2015 09 20 23 00 00 1 3268.710
2015 09 20 23 15 00 1 3268.739
2015 09 20 23 30 00 1 3268.763
2015 09 20 23 45 00 1 3268.779
2015 09 21 00 00 00 1 3268.787
2015 09 21 00 15 00 1 3268.787
2015 09 21 00 30 00 1 3268.779
2015 09 21 00 45 00 1 3268.762
2015 09 21 01 00 00 1 3268.738
2015 09 21 01 15 00 1 3268.706
2015 09 21 01 30 00 1 3268.666
2015 09 21 01 45 00 1 3268.619
2015 09 21 02 00 00 1 3268.567
2015 09 21 02 15 00 1 3268.506
2015 09 21 02 30 00 1 3268.440
2015 09 21 02 45 00 1 3268.372
2015 09 21 03 00 00 1 3268.300
2015 09 21 03 15 00 1 3268.219
2015 09 21 03 30 00 1 3268.139
2015 09 21 03 45 00 1 3268.059
2015 09 21 04 00 00 1 3267.975
2015 09 21 04 15 00 1 3267.896
2015 09 21 04 30 00 1 3267.817
2015 09 21 04 45 00 1 3267.739
2015 09 21 05 00 00 1 3267.668
2015 09 21 05 15 00 1 3267.603
2015 09 21 05 30 00 1 3267.541
2015 09 21 05 45 00 1 3267.487
2015 09 21 06 00 00 1 3267.439
2015 09 21 06 15 00 1 3267.398
2015 09 21 06 30 00 1 3267.364
2015 09 21 06 45 00 1 3267.337
2015 09 21 07 00 00 1 3267.319
2015 09 21 07 15 00 1 3267.308
2015 09 21 07 30 00 1 3267.309
2015 09 21 07 45 00 1 3267.316
2015 09 21 08 00 00 1 3267.330
2015 09 21 08 15 00 1 3267.351
2015 09 21 08 30 00 1 3267.386
2015 09 21 08 45 00 1 3267.422
2015 09 21 09 00 00 1 3267.469
2015 09 21 09 15 00 1 3267.521
2015 09 21 09 30 00 1 3267.574
2015 09 21 09 45 00 1 3267.633
2015 09 21 10 00 00 1 3267.695
2015 09 21 10 15 00 1 3267.762
2015 09 21 10 30 00 1 3267.824
2015 09 21 10 45 00 1 3267.888
2015 09 21 11 00 00 1 3267.952
2015 09 21 11 15 00 1 3268.015
2015 09 21 11 30 00 1 3268.075
2015 09 21 11 45 00 1 3268.128
2015 09 21 12 00 00 1 3268.181
2015 09 21 12 15 00 1 3268.226
2015 09 21 12 30 00 1 3268.266
2015 09 21 12 45 00 1 3268.305
2015 09 21 13 00 00 1 3268.339
2015 09 21 13 15 00 1 3268.362
2015 09 21 13 30 00 1 3268.378
2015 09 21 13 45 00 1 3268.389
2015 09 21 14 00 00 1 3268.396
2015 09 21 14 15 00 1 3268.394
2015 09 21 14 30 00 1 3268.389
2015 09 21 14 45 00 1 3268.379
2015 09 21 15 00 00 1 3268.365
2015 09 21 15 15 00 1 3268.346
2015 09 21 15 30 00 1 3268.322
2015 09 21 15 45 00 1 3268.295
2015 09 21 16 00 00 1 3268.263
2015 09 21 16 15 00 1 3268.233
2015 09 21 16 30 00 1 3268.200
2015 09 21 16 45 00 1 3268.165
2015 09 21 17 00 00 1 3268.132
2015 09 21 17 15 00 1 3268.099
2015 09 21 17 30 00 1 3268.069
2015 09 21 17 45 00 1 3268.041
2015 09 21 18 00 00 1 3268.017
2015 09 21 18 15 00 1 3267.996
2015 09 21 18 30 00 1 3267.980
2015 09 21 18 45 00 1 3267.965
2015 09 21 19 00 00 1 3267.963
2015 09 21 19 15 00 1 3267.963
2015 09 21 19 30 00 1 3267.970
2015 09 21 19 45 00 1 3267.982
2015 09 21 20 00 00 1 3268.001
2015 09 21 20 15 00 1 3268.026
2015 09 21 20 30 00 1 3268.056
2015 09 21 20 45 00 1 3268.091
2015 09 21 21 00 00 1 3268.132
2015 09 21 21 15 00 1 3268.176
2015 09 21 21 30 00 1 3268.221
2015 09 21 21 45 00 1 3268.266
2015 09 21 22 00 00 1 3268.312
2015 09 21 22 15 00 1 3268.362
2015 09 21 22 30 00 1 3268.417
2015 09 21 22 45 00 1 3268.467
2015 09 21 23 00 00 1 3268.517
2015 09 21 23 15 00 1 3268.565
2015 09 21 23 30 00 1 3268.608
2015 09 21 23 45 00 1 3268.646
2015 09 22 00 00 00 1 3268.678
2015 09 22 00 15 00 1 3268.709
2015 09 22 00 30 00 1 3268.733
2015 09 22 00 45 00 1 3268.748
2015 09 22 01 00 00 1 3268.759
2015 09 22 01 15 00 1 3268.757
2015 09 22 01 30 00 1 3268.753
2015 09 22 01 45 00 1 3268.737
2015 09 22 02 00 00 1 3268.713
2015 09 22 02 15 00 1 3268.687
2015 09 22 02 30 00 1 3268.652
2015 09 22 02 45 00 1 3268.605
2015 09 22 03 00 00 1 3268.554
2015 09 22 03 15 00 1 3268.497
2015 09 22 03 30 00 1 3268.436
2015 09 22 03 45 00 1 3268.368
2015 09 22 04 00 00 1 3268.296
2015 09 22 04 15 00 1 3268.222
2015 09 22 04 30 00 1 3268.143
2015 09 22 04 45 00 1 3268.065
2015 09 22 05 00 00 1 3267.986
2015 09 22 05 15 00 1 3267.904
2015 09 22 05 30 00 1 3267.825
2015 09 22 05 45 00 1 3267.746
2015 09 22 06 00 00 1 3267.673
2015 09 22 06 15 00 1 3267.603
2015 09 22 06 30 00 1 3267.538
2015 09 22 06 45 00 1 3267.481
2015 09 22 07 00 00 1 3267.427
2015 09 22 07 15 00 1 3267.382
2015 09 22 07 30 00 1 3267.343
2015 09 22 07 45 00 1 3267.314
2015 09 22 08 00 00 1 3267.290
2015 09 22 08 15 00 1 3267.276
2015 09 22 08 30 00 1 3267.270
2015 09 22 08 45 00 1 3267.274
2015 09 22 09 00 00 1 3267.290
2015 09 22 09 15 00 1 3267.311
2015 09 22 09 30 00 1 3267.340
2015 09 22 09 45 00 1 3267.378
2015 09 22 10 00 00 1 3267.421
2015 09 22 10 15 00 1 3267.471
2015 09 22 10 30 00 1 3267.523
2015 09 22 10 45 00 1 3267.581
2015 09 22 11 00 00 1 3267.645
2015 09 22 11 15 00 1 3267.711
2015 09 22 11 30 00 1 3267.778
2015 09 22 11 45 00 1 3267.845
2015 09 22 12 00 00 1 3267.914
2015 09 22 12 15 00 1 3267.981
2015 09 22 12 30 00 1 3268.044
2015 09 22 12 45 00 1 3268.106
2015 09 22 13 00 00 1 3268.164
2015 09 22 13 15 00 1 3268.219
2015 09 22 13 30 00 1 3268.270
2015 09 22 13 45 00 1 3268.315
2015 09 22 14 00 00 1 3268.350
2015 09 22 14 15 00 1 3268.385
2015 09 22 14 30 00 1 3268.412
2015 09 22 14 45 00 1 3268.430
2015 09 22 15 00 00 1 3268.443
2015 09 22 15 15 00 1 3268.449
2015 09 22 15 30 00 1 3268.448
2015 09 22 15 45 00 1 3268.441
2015 09 22 16 00 00 1 3268.428
2015 09 22 16 15 00 1 3268.414
2015 09 22 16 30 00 1 3268.390
2015 09 22 16 45 00 1 3268.365
2015 09 22 17 00 00 1 3268.336
2015 09 22 17 15 00 1 3268.303
2015 09 22 17 30 00 1 3268.270
2015 09 22 17 45 00 1 3268.233
2015 09 22 18 00 00 1 3268.195
2015 09 22 18 15 00 1 3268.164
2015 09 22 18 30 00 1 3268.135
2015 09 22 18 45 00 1 3268.103
2015 09 22 19 00 00 1 3268.073
2015 09 22 19 15 00 1 3268.047
2015 09 22 19 30 00 1 3268.026
2015 09 22 19 45 00 1 3268.009
2015 09 22 20 00 00 1 3267.996
2015 09 22 20 15 00 1 3267.990
2015 09 22 20 30 00 1 3267.988
2015 09 22 20 45 00 1 3267.993
2015 09 22 21 00 00 1 3268.000
2015 09 22 21 15 00 1 3268.017
2015 09 22 21 30 00 1 3268.041
2015 09 22 21 45 00 1 3268.070
2015 09 22 22 00 00 1 3268.101
2015 09 22 22 15 00 1 3268.140
2015 09 22 22 30 00 1 3268.185
2015 09 22 22 45 00 1 3268.231
2015 09 22 23 00 00 1 3268.282
2015 09 22 23 15 00 1 3268.331
2015 09 22 23 30 00 1 3268.383
2015 09 22 23 45 00 1 3268.435
2015 09 23 00 00 00 1 3268.490
2015 09 23 00 15 00 1 3268.540
2015 09 23 00 30 00 1 3268.588
2015 09 23 00 45 00 1 3268.633
2015 09 23 01 00 00 1 3268.674
2015 09 23 01 15 00 1 3268.708
2015 09 23 01 30 00 1 3268.737
2015 09 23 01 45 00 1 3268.759
2015 09 23 02 00 00 1 3268.771
2015 09 23 02 15 00 1 3268.777
2015 09 23 02 30 00 1 3268.777
2015 09 23 02 45 00 1 3268.770
2015 09 23 03 00 00 1 3268.751
2015 09 23 03 15 00 1 3268.723
2015 09 23 03 30 00 1 3268.689
2015 09 23 03 45 00 1 3268.649
2015 09 23 04 00 00 1 3268.600
2015 09 23 04 15 00 1 3268.541
2015 09 23 04 30 00 1 3268.480
2015 09 23 04 45 00 1 3268.411
2015 09 23 05 00 00 1 3268.336
2015 09 23 05 15 00 1 3268.257
2015 09 23 05 30 00 1 3268.178
2015 09 23 05 45 00 1 3268.093
2015 09 23 06 00 00 1 3268.006
2015 09 23 06 15 00 1 3267.919
2015 09 23 06 30 00 1 3267.832
2015 09 23 06 45 00 1 3267.748
2015 09 23 07 00 00 1 3267.666
2015 09 23 07 15 00 1 3267.591
2015 09 23 07 30 00 1 3267.517
2015 09 23 07 45 00 1 3267.447
2015 09 23 08 00 00 1 3267.386
2015 09 23 08 15 00 1 3267.335
2015 09 23 08 30 00 1 3267.291
2015 09 23 08 45 00 1 3267.255
2015 09 23 09 00 00 1 3267.228
2015 09 23 09 15 00 1 3267.210
2015 09 23 09 30 00 1 3267.203
2015 09 23 09 45 00 1 3267.206
2015 09 23 10 00 00 1 3267.216
2015 09 23 10 15 00 1 3267.237
2015 09 23 10 30 00 1 3267.266
2015 09 23 10 45 00 1 3267.302
2015 09 23 11 00 00 1 3267.347
2015 09 23 11 15 00 1 3267.402
2015 09 23 11 30 00 1 3267.460
2015 09 23 11 45 00 1 3267.521
2015 09 23 12 00 00 1 3267.589
2015 09 23 12 15 00 1 3267.662
2015 09 23 12 30 00 1 3267.738
2015 09 23 12 45 00 1 3267.819
2015 09 23 13 00 00 1 3267.898
2015 09 23 13 15 00 1 3267.976
2015 09 23 13 30 00 1 3268.055
2015 09 23 13 45 00 1 3268.127
2015 09 23 14 00 00 1 3268.198
2015 09 23 14 15 00 1 3268.262
2015 09 23 14 30 00 1 3268.322
2015 09 23 14 45 00 1 3268.375
2015 09 23 15 00 00 1 3268.420
2015 09 23 15 15 00 1 3268.460
2015 09 23 15 30 00 1 3268.493
2015 09 23 15 45 00 1 3268.517
2015 09 23 16 00 00 1 3268.534
2015 09 23 16 15 00 1 3268.542
2015 09 23 16 30 00 1 3268.540
2015 09 23 16 45 00 1 3268.534
2015 09 23 17 00 00 1 3268.520
2015 09 23 17 15 00 1 3268.501
2015 09 23 17 30 00 1 3268.473
2015 09 23 17 45 00 1 3268.440
2015 09 23 18 00 00 1 3268.403
2015 09 23 18 15 00 1 3268.365
2015 09 23 18 30 00 1 3268.323
2015 09 23 18 45 00 1 3268.280
2015 09 23 19 00 00 1 3268.235
2015 09 23 19 15 00 1 3268.187
2015 09 23 19 30 00 1 3268.142
2015 09 23 19 45 00 1 3268.100
2015 09 23 20 00 00 1 3268.058
2015 09 23 20 15 00 1 3268.022
2015 09 23 20 30 00 1 3267.989
2015 09 23 20 45 00 1 3267.960
2015 09 23 21 00 00 1 3267.938
2015 09 23 21 15 00 1 3267.920
2015 09 23 21 30 00 1 3267.909
2015 09 23 21 45 00 1 3267.904
2015 09 23 22 00 00 1 3267.907
2015 09 23 22 15 00 1 3267.919
2015 09 23 22 30 00 1 3267.939
2015 09 23 22 45 00 1 3267.964
