#YY  MM DD hh mm ss T   HEIGHT
#yr  mo dy hr mn  s -        m
2015 08 16 23 00 00 1 5570.772
2015 08 16 23 15 00 1 5570.717
2015 08 16 23 30 00 1 5570.666
2015 08 16 23 45 00 1 5570.612
2015 08 17 00 00 00 1 5570.556
2015 08 17 00 15 00 1 5570.505
2015 08 17 00 30 00 1 5570.452
2015 08 17 00 45 00 1 5570.404
2015 08 17 01 00 00 1 5570.359
2015 08 17 01 15 00 1 5570.324
2015 08 17 01 30 00 1 5570.285
2015 08 17 01 45 00 1 5570.257
2015 08 17 02 00 00 1 5570.233
2015 08 17 02 15 00 1 5570.214
2015 08 17 02 30 00 1 5570.203
2015 08 17 02 45 00 1 5570.200
2015 08 17 03 00 00 1 5570.202
2015 08 17 03 15 00 1 5570.209
2015 08 17 03 30 00 1 5570.225
2015 08 17 03 45 00 1 5570.246
2015 08 17 04 00 00 1 5570.273
2015 08 17 04 15 00 1 5570.305
2015 08 17 04 30 00 1 5570.346
2015 08 17 04 45 00 1 5570.388
2015 08 17 05 00 00 1 5570.434
2015 08 17 05 15 00 1 5570.486
2015 08 17 05 30 00 1 5570.539
2015 08 17 05 45 00 1 5570.593
2015 08 17 06 00 00 1 5570.650
2015 08 17 06 15 00 1 5570.703
2015 08 17 06 30 00 1 5570.758
2015 08 17 06 45 00 1 5570.810
2015 08 17 07 00 00 1 5570.857
2015 08 17 07 15 00 1 5570.898
2015 08 17 07 30 00 1 5570.937
2015 08 17 07 45 00 1 5570.973
2015 08 17 08 00 00 1 5571.000
2015 08 17 08 15 00 1 5571.020
2015 08 17 08 30 00 1 5571.034
2015 08 17 08 45 00 1 5571.043
2015 08 17 09 00 00 1 5571.049
2015 08 17 09 15 00 1 5571.045
2015 08 17 09 30 00 1 5571.034
2015 08 17 09 45 00 1 5571.019
2015 08 17 10 00 00 1 5570.991
2015 08 17 10 15 00 1 5570.966
2015 08 17 10 30 00 1 5570.932
2015 08 17 10 45 00 1 5570.898
2015 08 17 11 00 00 1 5570.857
2015 08 17 11 15 00 1 5570.813
2015 08 17 11 30 00 1 5570.767
2015 08 17 11 45 00 1 5570.718
2015 08 17 12 00 00 1 5570.665
2015 08 17 12 15 00 1 5570.613
2015 08 17 12 30 00 1 5570.565
2015 08 17 12 45 00 1 5570.519
2015 08 17 13 00 00 1 5570.470
2015 08 17 13 15 00 1 5570.428
2015 08 17 13 30 00 1 5570.388
2015 08 17 13 45 00 1 5570.353
2015 08 17 14 00 00 1 5570.321
2015 08 17 14 15 00 1 5570.292
2015 08 17 14 30 00 1 5570.271
2015 08 17 14 45 00 1 5570.257
2015 08 17 15 00 00 1 5570.247
2015 08 17 15 15 00 1 5570.247
2015 08 17 15 30 00 1 5570.255
2015 08 17 15 45 00 1 5570.265
2015 08 17 16 00 00 1 5570.285
2015 08 17 16 15 00 1 5570.309
2015 08 17 16 30 00 1 5570.340
2015 08 17 16 45 00 1 5570.378
2015 08 17 17 00 00 1 5570.420
2015 08 17 17 15 00 1 5570.468
2015 08 17 17 30 00 1 5570.514
2015 08 17 17 45 00 1 5570.567
2015 08 17 18 00 00 1 5570.620
2015 08 17 18 15 00 1 5570.673
2015 08 17 18 30 00 1 5570.725
2015 08 17 18 45 00 1 5570.776
2015 08 17 19 00 00 1 5570.829
2015 08 17 19 15 00 1 5570.876
2015 08 17 19 30 00 1 5570.921
2015 08 17 19 45 00 1 5570.960
2015 08 17 20 00 00 1 5570.998
2015 08 17 20 15 00 1 5571.030
2015 08 17 20 30 00 1 5571.056
2015 08 17 20 45 00 1 5571.075
2015 08 17 21 00 00 1 5571.080
2015 08 17 21 15 00 1 5571.085
2015 08 17 21 30 00 1 5571.078
2015 08 17 21 45 00 1 5571.067
2015 08 17 22 00 00 1 5571.047
2015 08 17 22 15 00 1 5571.021
2015 08 17 22 30 00 1 5570.986
2015 08 17 22 45 00 1 5570.948
2015 08 17 23 00 00 1 5570.905
2015 08 17 23 15 00 1 5570.858
2015 08 17 23 30 00 1 5570.809
2015 08 17 23 45 00 1 5570.757
2015 08 18 00 00 00 1 5570.707
2015 08 18 00 15 00 1 5570.655
2015 08 18 00 30 00 1 5570.602
2015 08 18 00 45 00 1 5570.549
2015 08 18 01 00 00 1 5570.497
2015 08 18 01 15 00 1 5570.448
2015 08 18 01 30 00 1 5570.402
2015 08 18 01 45 00 1 5570.362
2015 08 18 02 00 00 1 5570.325
2015 08 18 02 15 00 1 5570.294
2015 08 18 02 30 00 1 5570.266
2015 08 18 02 45 00 1 5570.243
2015 08 18 03 00 00 1 5570.229
2015 08 18 03 15 00 1 5570.217
2015 08 18 03 30 00 1 5570.215
2015 08 18 03 45 00 1 5570.223
2015 08 18 04 00 00 1 5570.233
2015 08 18 04 15 00 1 5570.254
2015 08 18 04 30 00 1 5570.279
2015 08 18 04 45 00 1 5570.315
2015 08 18 05 00 00 1 5570.351
2015 08 18 05 15 00 1 5570.390
2015 08 18 05 30 00 1 5570.435
2015 08 18 05 45 00 1 5570.484
2015 08 18 06 00 00 1 5570.530
2015 08 18 06 15 00 1 5570.585
2015 08 18 06 30 00 1 5570.640
2015 08 18 06 45 00 1 5570.692
2015 08 18 07 00 00 1 5570.742
2015 08 18 07 15 00 1 5570.789
2015 08 18 07 30 00 1 5570.836
2015 08 18 07 45 00 1 5570.880
2015 08 18 08 00 00 1 5570.921
2015 08 18 08 15 00 1 5570.958
2015 08 18 08 30 00 1 5570.987
2015 08 18 08 45 00 1 5571.010
2015 08 18 09 00 00 1 5571.028
2015 08 18 09 15 00 1 5571.040
2015 08 18 09 30 00 1 5571.044
2015 08 18 09 45 00 1 5571.043
2015 08 18 10 00 00 1 5571.033
2015 08 18 10 15 00 1 5571.018
2015 08 18 10 30 00 1 5570.998
2015 08 18 10 45 00 1 5570.973
2015 08 18 11 00 00 1 5570.940
2015 08 18 11 15 00 1 5570.905
2015 08 18 11 30 00 1 5570.865
2015 08 18 11 45 00 1 5570.820
2015 08 18 12 00 00 1 5570.774
2015 08 18 12 15 00 1 5570.730
2015 08 18 12 30 00 1 5570.679
2015 08 18 12 45 00 1 5570.628
2015 08 18 13 00 00 1 5570.578
2015 08 18 13 15 00 1 5570.529
2015 08 18 13 30 00 1 5570.480
2015 08 18 13 45 00 1 5570.435
2015 08 18 14 00 00 1 5570.391
2015 08 18 14 15 00 1 5570.356
2015 08 18 14 30 00 1 5570.322
2015 08 18 14 45 00 1 5570.294
2015 08 18 15 00 00 1 5570.268
2015 08 18 15 15 00 1 5570.248
2015 08 18 15 30 00 1 5570.235
2015 08 18 15 45 00 1 5570.227
2015 08 18 16 00 00 1 5570.230
2015 08 18 16 15 00 1 5570.239
2015 08 18 16 30 00 1 5570.256
2015 08 18 16 45 00 1 5570.278
2015 08 18 17 00 00 1 5570.306
2015 08 18 17 15 00 1 5570.339
2015 08 18 17 30 00 1 5570.377
2015 08 18 17 45 00 1 5570.419
2015 08 18 18 00 00 1 5570.463
2015 08 18 18 15 00 1 5570.512
2015 08 18 18 30 00 1 5570.563
2015 08 18 18 45 00 1 5570.614
2015 08 18 19 00 00 1 5570.664
2015 08 18 19 15 00 1 5570.716
2015 08 18 19 30 00 1 5570.762
2015 08 18 19 45 00 1 5570.810
2015 08 18 20 00 00 1 5570.854
2015 08 18 20 15 00 1 5570.894
2015 08 18 20 30 00 1 5570.930
2015 08 18 20 45 00 1 5570.964
2015 08 18 21 00 00 1 5570.987
2015 08 18 21 15 00 1 5571.008
2015 08 18 21 30 00 1 5571.019
2015 08 18 21 45 00 1 5571.024
2015 08 18 22 00 00 1 5571.021
2015 08 18 22 15 00 1 5571.013
2015 08 18 22 30 00 1 5571.000
2015 08 18 22 45 00 1 5570.981
2015 08 18 23 00 00 1 5570.953
2015 08 18 23 15 00 1 5570.917
2015 08 18 23 30 00 1 5570.877
2015 08 18 23 45 00 1 5570.835
2015 08 19 00 00 00 1 5570.795
2015 08 19 00 15 00 1 5570.746
2015 08 19 00 30 00 1 5570.698
2015 08 19 00 45 00 1 5570.644
2015 08 19 01 00 00 1 5570.595
2015 08 19 01 15 00 1 5570.542
2015 08 19 01 30 00 1 5570.494
2015 08 19 01 45 00 1 5570.446
2015 08 19 02 00 00 1 5570.401
2015 08 19 02 15 00 1 5570.359
2015 08 19 02 30 00 1 5570.317
2015 08 19 02 45 00 1 5570.283
2015 08 19 03 00 00 1 5570.255
2015 08 19 03 15 00 1 5570.230
2015 08 19 03 30 00 1 5570.218
2015 08 19 03 45 00 1 5570.207
2015 08 19 04 00 00 1 5570.207
2015 08 19 04 15 00 1 5570.210
2015 08 19 04 30 00 1 5570.219
2015 08 19 04 45 00 1 5570.233
2015 08 19 05 00 00 1 5570.257
2015 08 19 05 15 00 1 5570.286
2015 08 19 05 30 00 1 5570.322
2015 08 19 05 45 00 1 5570.357
2015 08 19 06 00 00 1 5570.401
2015 08 19 06 15 00 1 5570.448
2015 08 19 06 30 00 1 5570.499
2015 08 19 06 45 00 1 5570.546
2015 08 19 07 00 00 1 5570.594
2015 08 19 07 15 00 1 5570.646
2015 08 19 07 30 00 1 5570.696
2015 08 19 07 45 00 1 5570.746
2015 08 19 08 00 00 1 5570.792
2015 08 19 08 15 00 1 5570.837
2015 08 19 08 30 00 1 5570.878
2015 08 19 08 45 00 1 5570.915
2015 08 19 09 00 00 1 5570.947
2015 08 19 09 15 00 1 5570.971
2015 08 19 09 30 00 1 5570.991
2015 08 19 09 45 00 1 5571.003
2015 08 19 10 00 00 1 5571.009
2015 08 19 10 15 00 1 5571.012
2015 08 19 10 30 00 1 5571.004
2015 08 19 10 45 00 1 5570.992
2015 08 19 11 00 00 1 5570.979
2015 08 19 11 15 00 1 5570.958
2015 08 19 11 30 00 1 5570.930
2015 08 19 11 45 00 1 5570.898
2015 08 19 12 00 00 1 5570.860
2015 08 19 12 15 00 1 5570.819
2015 08 19 12 30 00 1 5570.771
2015 08 19 12 45 00 1 5570.725
2015 08 19 13 00 00 1 5570.677
2015 08 19 13 15 00 1 5570.627
2015 08 19 13 30 00 1 5570.575
2015 08 19 13 45 00 1 5570.529
2015 08 19 14 00 00 1 5570.477
2015 08 19 14 15 00 1 5570.434
2015 08 19 14 30 00 1 5570.390
2015 08 19 14 45 00 1 5570.350
2015 08 19 15 00 00 1 5570.312
2015 08 19 15 15 00 1 5570.282
2015 08 19 15 30 00 1 5570.259
2015 08 19 15 45 00 1 5570.240
2015 08 19 16 00 00 1 5570.228
2015 08 19 16 15 00 1 5570.222
2015 08 19 16 30 00 1 5570.219
2015 08 19 16 45 00 1 5570.228
2015 08 19 17 00 00 1 5570.240
2015 08 19 17 15 00 1 5570.258
2015 08 19 17 30 00 1 5570.280
2015 08 19 17 45 00 1 5570.312
2015 08 19 18 00 00 1 5570.342
2015 08 19 18 15 00 1 5570.381
2015 08 19 18 30 00 1 5570.423
2015 08 19 18 45 00 1 5570.467
2015 08 19 19 00 00 1 5570.514
2015 08 19 19 15 00 1 5570.562
2015 08 19 19 30 00 1 5570.611
2015 08 19 19 45 00 1 5570.660
2015 08 19 20 00 00 1 5570.709
2015 08 19 20 15 00 1 5570.757
2015 08 19 20 30 00 1 5570.804
2015 08 19 20 45 00 1 5570.845
2015 08 19 21 00 00 1 5570.880
2015 08 19 21 15 00 1 5570.913
2015 08 19 21 30 00 1 5570.941
2015 08 19 21 45 00 1 5570.962
2015 08 19 22 00 00 1 5570.973
2015 08 19 22 15 00 1 5570.982
2015 08 19 22 30 00 1 5570.983
2015 08 19 22 45 00 1 5570.978
2015 08 19 23 00 00 1 5570.966
2015 08 19 23 15 00 1 5570.950
2015 08 19 23 30 00 1 5570.926
2015 08 19 23 45 00 1 5570.897
2015 08 20 00 00 00 1 5570.867
2015 08 20 00 15 00 1 5570.826
2015 08 20 00 30 00 1 5570.784
2015 08 20 00 45 00 1 5570.740
2015 08 20 01 00 00 1 5570.693
2015 08 20 01 15 00 1 5570.647
2015 08 20 01 30 00 1 5570.598
2015 08 20 01 45 00 1 5570.543
2015 08 20 02 00 00 1 5570.497
2015 08 20 02 15 00 1 5570.448
2015 08 20 02 30 00 1 5570.402
2015 08 20 02 45 00 1 5570.361
2015 08 20 03 00 00 1 5570.325
2015 08 20 03 15 00 1 5570.293
2015 08 20 03 30 00 1 5570.266
2015 08 20 03 45 00 1 5570.244
2015 08 20 04 00 00 1 5570.226
2015 08 20 04 15 00 1 5570.215
2015 08 20 04 30 00 1 5570.208
2015 08 20 04 45 00 1 5570.208
2015 08 20 05 00 00 1 5570.215
2015 08 20 05 15 00 1 5570.226
2015 08 20 05 30 00 1 5570.245
2015 08 20 05 45 00 1 5570.271
2015 08 20 06 00 00 1 5570.299
2015 08 20 06 15 00 1 5570.336
2015 08 20 06 30 00 1 5570.376
2015 08 20 06 45 00 1 5570.417
2015 08 20 07 00 00 1 5570.460
2015 08 20 07 15 00 1 5570.509
2015 08 20 07 30 00 1 5570.559
2015 08 20 07 45 00 1 5570.611
2015 08 20 08 00 00 1 5570.662
2015 08 20 08 15 00 1 5570.711
2015 08 20 08 30 00 1 5570.759
2015 08 20 08 45 00 1 5570.800
2015 08 20 09 00 00 1 5570.840
2015 08 20 09 15 00 1 5570.879
2015 08 20 09 30 00 1 5570.914
2015 08 20 09 45 00 1 5570.938
2015 08 20 10 00 00 1 5570.957
2015 08 20 10 15 00 1 5570.974
2015 08 20 10 30 00 1 5570.987
2015 08 20 10 45 00 1 5570.993
2015 08 20 11 00 00 1 5570.992
2015 08 20 11 15 00 1 5570.985
2015 08 20 11 30 00 1 5570.971
2015 08 20 11 45 00 1 5570.953
2015 08 20 12 00 00 1 5570.924
2015 08 20 12 15 00 1 5570.895
2015 08 20 12 30 00 1 5570.861
2015 08 20 12 45 00 1 5570.827
2015 08 20 13 00 00 1 5570.785
2015 08 20 13 15 00 1 5570.739
2015 08 20 13 30 00 1 5570.693
2015 08 20 13 45 00 1 5570.645
2015 08 20 14 00 00 1 5570.598
2015 08 20 14 15 00 1 5570.551
2015 08 20 14 30 00 1 5570.502
2015 08 20 14 45 00 1 5570.456
2015 08 20 15 00 00 1 5570.412
2015 08 20 15 15 00 1 5570.373
2015 08 20 15 30 00 1 5570.337
2015 08 20 15 45 00 1 5570.306
2015 08 20 16 00 00 1 5570.276
2015 08 20 16 15 00 1 5570.253
2015 08 20 16 30 00 1 5570.240
2015 08 20 16 45 00 1 5570.231
2015 08 20 17 00 00 1 5570.227
2015 08 20 17 15 00 1 5570.229
2015 08 20 17 30 00 1 5570.238
2015 08 20 17 45 00 1 5570.255
2015 08 20 18 00 00 1 5570.275
2015 08 20 18 15 00 1 5570.301
2015 08 20 18 30 00 1 5570.332
2015 08 20 18 45 00 1 5570.364
2015 08 20 19 00 00 1 5570.401
2015 08 20 19 15 00 1 5570.444
2015 08 20 19 30 00 1 5570.485
2015 08 20 19 45 00 1 5570.530
2015 08 20 20 00 00 1 5570.579
2015 08 20 20 15 00 1 5570.624
2015 08 20 20 30 00 1 5570.672
2015 08 20 20 45 00 1 5570.718
2015 08 20 21 00 00 1 5570.760
2015 08 20 21 15 00 1 5570.800
2015 08 20 21 30 00 1 5570.840
2015 08 20 21 45 00 1 5570.870
2015 08 20 22 00 00 1 5570.899
2015 08 20 22 15 00 1 5570.922
2015 08 20 22 30 00 1 5570.935
2015 08 20 22 45 00 1 5570.945
2015 08 20 23 00 00 1 5570.951
2015 08 20 23 15 00 1 5570.952
2015 08 20 23 30 00 1 5570.947
2015 08 20 23 45 00 1 5570.936
2015 08 21 00 00 00 1 5570.917
2015 08 21 00 15 00 1 5570.894
2015 08 21 00 30 00 1 5570.866
2015 08 21 00 45 00 1 5570.834
2015 08 21 01 00 00 1 5570.799
2015 08 21 01 15 00 1 5570.757
2015 08 21 01 30 00 1 5570.716
2015 08 21 01 45 00 1 5570.673
2015 08 21 02 00 00 1 5570.625
2015 08 21 02 15 00 1 5570.580
2015 08 21 02 30 00 1 5570.536
2015 08 21 02 45 00 1 5570.495
2015 08 21 03 00 00 1 5570.452
2015 08 21 03 15 00 1 5570.410
2015 08 21 03 30 00 1 5570.374
2015 08 21 03 45 00 1 5570.342
2015 08 21 04 00 00 1 5570.313
2015 08 21 04 15 00 1 5570.285
2015 08 21 04 30 00 1 5570.262
2015 08 21 04 45 00 1 5570.249
2015 08 21 05 00 00 1 5570.236
2015 08 21 05 15 00 1 5570.235
2015 08 21 05 30 00 1 5570.237
2015 08 21 05 45 00 1 5570.245
2015 08 21 06 00 00 1 5570.262
2015 08 21 06 15 00 1 5570.282
2015 08 21 06 30 00 1 5570.309
2015 08 21 06 45 00 1 5570.339
2015 08 21 07 00 00 1 5570.377
2015 08 21 07 15 00 1 5570.415
2015 08 21 07 30 00 1 5570.459
2015 08 21 07 45 00 1 5570.503
2015 08 21 08 00 00 1 5570.547
2015 08 21 08 15 00 1 5570.592
2015 08 21 08 30 00 1 5570.640
2015 08 21 08 45 00 1 5570.689
2015 08 21 09 00 00 1 5570.735
2015 08 21 09 15 00 1 5570.783
2015 08 21 09 30 00 1 5570.826
2015 08 21 09 45 00 1 5570.862
2015 08 21 10 00 00 1 5570.898
2015 08 21 10 15 00 1 5570.929
2015 08 21 10 30 00 1 5570.953
2015 08 21 10 45 00 1 5570.972
2015 08 21 11 00 00 1 5570.987
2015 08 21 11 15 00 1 5570.998
2015 08 21 11 30 00 1 5570.998
2015 08 21 11 45 00 1 5570.993
2015 08 21 12 00 00 1 5570.982
2015 08 21 12 15 00 1 5570.967
2015 08 21 12 30 00 1 5570.947
2015 08 21 12 45 00 1 5570.920
2015 08 21 13 00 00 1 5570.887
2015 08 21 13 15 00 1 5570.848
2015 08 21 13 30 00 1 5570.809
2015 08 21 13 45 00 1 5570.767
2015 08 21 14 00 00 1 5570.723
2015 08 21 14 15 00 1 5570.678
2015 08 21 14 30 00 1 5570.631
2015 08 21 14 45 00 1 5570.584
2015 08 21 15 00 00 1 5570.536
2015 08 21 15 15 00 1 5570.491
2015 08 21 15 30 00 1 5570.448
2015 08 21 15 45 00 1 5570.408
2015 08 21 16 00 00 1 5570.371
2015 08 21 16 15 00 1 5570.339
2015 08 21 16 30 00 1 5570.310
2015 08 21 16 45 00 1 5570.288
2015 08 21 17 00 00 1 5570.271
2015 08 21 17 15 00 1 5570.255
2015 08 21 17 30 00 1 5570.252
2015 08 21 17 45 00 1 5570.248
2015 08 21 18 00 00 1 5570.254
2015 08 21 18 15 00 1 5570.263
2015 08 21 18 30 00 1 5570.279
2015 08 21 18 45 00 1 5570.300
2015 08 21 19 00 00 1 5570.325
2015 08 21 19 15 00 1 5570.353
2015 08 21 19 30 00 1 5570.388
2015 08 21 19 45 00 1 5570.419
2015 08 21 20 00 00 1 5570.458
2015 08 21 20 15 00 1 5570.502
2015 08 21 20 30 00 1 5570.546
2015 08 21 20 45 00 1 5570.589
2015 08 21 21 00 00 1 5570.633
2015 08 21 21 15 00 1 5570.679
2015 08 21 21 30 00 1 5570.719
2015 08 21 21 45 00 1 5570.758
2015 08 21 22 00 00 1 5570.796
2015 08 21 22 15 00 1 5570.830
2015 08 21 22 30 00 1 5570.861
2015 08 21 22 45 00 1 5570.883
2015 08 21 23 00 00 1 5570.905
2015 08 21 23 15 00 1 5570.921
2015 08 21 23 30 00 1 5570.928
2015 08 21 23 45 00 1 5570.933
2015 08 22 00 00 00 1 5570.932
2015 08 22 00 15 00 1 5570.926
2015 08 22 00 30 00 1 5570.913
2015 08 22 00 45 00 1 5570.896
2015 08 22 01 00 00 1 5570.874
2015 08 22 01 15 00 1 5570.846
2015 08 22 01 30 00 1 5570.815
2015 08 22 01 45 00 1 5570.784
2015 08 22 02 00 00 1 5570.748
2015 08 22 02 15 00 1 5570.710
2015 08 22 02 30 00 1 5570.668
2015 08 22 02 45 00 1 5570.627
2015 08 22 03 00 00 1 5570.582
2015 08 22 03 15 00 1 5570.537
2015 08 22 03 30 00 1 5570.496
2015 08 22 03 45 00 1 5570.455
2015 08 22 04 00 00 1 5570.416
2015 08 22 04 15 00 1 5570.381
2015 08 22 04 30 00 1 5570.349
2015 08 22 04 45 00 1 5570.319
2015 08 22 05 00 00 1 5570.297
2015 08 22 05 15 00 1 5570.280
2015 08 22 05 30 00 1 5570.269
2015 08 22 05 45 00 1 5570.263
2015 08 22 06 00 00 1 5570.262
2015 08 22 06 15 00 1 5570.267
2015 08 22 06 30 00 1 5570.280
2015 08 22 06 45 00 1 5570.297
2015 08 22 07 00 00 1 5570.320
2015 08 22 07 15 00 1 5570.343
2015 08 22 07 30 00 1 5570.376
2015 08 22 07 45 00 1 5570.410
2015 08 22 08 00 00 1 5570.448
2015 08 22 08 15 00 1 5570.485
2015 08 22 08 30 00 1 5570.532
2015 08 22 08 45 00 1 5570.575
2015 08 22 09 00 00 1 5570.620
2015 08 22 09 15 00 1 5570.670
2015 08 22 09 30 00 1 5570.715
2015 08 22 09 45 00 1 5570.758
2015 08 22 10 00 00 1 5570.802
2015 08 22 10 15 00 1 5570.842
2015 08 22 10 30 00 1 5570.875
2015 08 22 10 45 00 1 5570.908
2015 08 22 11 00 00 1 5570.935
2015 08 22 11 15 00 1 5570.959
2015 08 22 11 30 00 1 5570.975
2015 08 22 11 45 00 1 5570.984
2015 08 22 12 00 00 1 5570.987
2015 08 22 12 15 00 1 5570.987
2015 08 22 12 30 00 1 5570.983
2015 08 22 12 45 00 1 5570.970
2015 08 22 13 00 00 1 5570.954
2015 08 22 13 15 00 1 5570.930
2015 08 22 13 30 00 1 5570.902
2015 08 22 13 45 00 1 5570.871
2015 08 22 14 00 00 1 5570.835
2015 08 22 14 15 00 1 5570.797
2015 08 22 14 30 00 1 5570.757
2015 08 22 14 45 00 1 5570.712
2015 08 22 15 00 00 1 5570.666
2015 08 22 15 15 00 1 5570.620
2015 08 22 15 30 00 1 5570.575
2015 08 22 15 45 00 1 5570.533
2015 08 22 16 00 00 1 5570.491
2015 08 22 16 15 00 1 5570.452
2015 08 22 16 30 00 1 5570.413
2015 08 22 16 45 00 1 5570.381
2015 08 22 17 00 00 1 5570.353
2015 08 22 17 15 00 1 5570.328
2015 08 22 17 30 00 1 5570.305
2015 08 22 17 45 00 1 5570.287
2015 08 22 18 00 00 1 5570.274
2015 08 22 18 15 00 1 5570.267
2015 08 22 18 30 00 1 5570.267
2015 08 22 18 45 00 1 5570.272
2015 08 22 19 00 00 1 5570.280
2015 08 22 19 15 00 1 5570.293
2015 08 22 19 30 00 1 5570.314
2015 08 22 19 45 00 1 5570.337
2015 08 22 20 00 00 1 5570.364
2015 08 22 20 15 00 1 5570.396
2015 08 22 20 30 00 1 5570.429
2015 08 22 20 45 00 1 5570.467
2015 08 22 21 00 00 1 5570.509
2015 08 22 21 15 00 1 5570.552
2015 08 22 21 30 00 1 5570.592
2015 08 22 21 45 00 1 5570.632
2015 08 22 22 00 00 1 5570.670
2015 08 22 22 15 00 1 5570.710
2015 08 22 22 30 00 1 5570.748
2015 08 22 22 45 00 1 5570.780
2015 08 22 23 00 00 1 5570.814
2015 08 22 23 15 00 1 5570.840
2015 08 22 23 30 00 1 5570.864
2015 08 22 23 45 00 1 5570.883
2015 08 23 00 00 00 1 5570.896
2015 08 23 00 15 00 1 5570.908
2015 08 23 00 30 00 1 5570.911
2015 08 23 00 45 00 1 5570.909
2015 08 23 01 00 00 1 5570.903
2015 08 23 01 15 00 1 5570.894
2015 08 23 01 30 00 1 5570.876
2015 08 23 01 45 00 1 5570.857
2015 08 23 02 00 00 1 5570.831
2015 08 23 02 15 00 1 5570.802
2015 08 23 02 30 00 1 5570.770
2015 08 23 02 45 00 1 5570.735
2015 08 23 03 00 00 1 5570.697
2015 08 23 03 15 00 1 5570.655
2015 08 23 03 30 00 1 5570.611
2015 08 23 03 45 00 1 5570.569
2015 08 23 04 00 00 1 5570.527
2015 08 23 04 15 00 1 5570.491
2015 08 23 04 30 00 1 5570.453
2015 08 23 04 45 00 1 5570.416
2015 08 23 05 00 00 1 5570.384
2015 08 23 05 15 00 1 5570.353
2015 08 23 05 30 00 1 5570.332
2015 08 23 05 45 00 1 5570.312
2015 08 23 06 00 00 1 5570.300
2015 08 23 06 15 00 1 5570.288
2015 08 23 06 30 00 1 5570.285
2015 08 23 06 45 00 1 5570.285
2015 08 23 07 00 00 1 5570.293
2015 08 23 07 15 00 1 5570.302
2015 08 23 07 30 00 1 5570.319
2015 08 23 07 45 00 1 5570.343
2015 08 23 08 00 00 1 5570.371
2015 08 23 08 15 00 1 5570.402
2015 08 23 08 30 00 1 5570.435
2015 08 23 08 45 00 1 5570.470
2015 08 23 09 00 00 1 5570.511
2015 08 23 09 15 00 1 5570.552
2015 08 23 09 30 00 1 5570.596
2015 08 23 09 45 00 1 5570.641
2015 08 23 10 00 00 1 5570.687
2015 08 23 10 15 00 1 5570.731
2015 08 23 10 30 00 1 5570.774
2015 08 23 10 45 00 1 5570.813
2015 08 23 11 00 00 1 5570.849
2015 08 23 11 15 00 1 5570.883
2015 08 23 11 30 00 1 5570.913
2015 08 23 11 45 00 1 5570.940
2015 08 23 12 00 00 1 5570.961
2015 08 23 12 15 00 1 5570.973
2015 08 23 12 30 00 1 5570.982
2015 08 23 12 45 00 1 5570.989
2015 08 23 13 00 00 1 5570.987
2015 08 23 13 15 00 1 5570.982
2015 08 23 13 30 00 1 5570.969
2015 08 23 13 45 00 1 5570.950
2015 08 23 14 00 00 1 5570.926
2015 08 23 14 15 00 1 5570.898
2015 08 23 14 30 00 1 5570.868
2015 08 23 14 45 00 1 5570.834
2015 08 23 15 00 00 1 5570.795
2015 08 23 15 15 00 1 5570.755
2015 08 23 15 30 00 1 5570.714
2015 08 23 15 45 00 1 5570.671
2015 08 23 16 00 00 1 5570.628
2015 08 23 16 15 00 1 5570.586
2015 08 23 16 30 00 1 5570.543
2015 08 23 16 45 00 1 5570.501
2015 08 23 17 00 00 1 5570.464
2015 08 23 17 15 00 1 5570.426
2015 08 23 17 30 00 1 5570.393
2015 08 23 17 45 00 1 5570.364
2015 08 23 18 00 00 1 5570.337
2015 08 23 18 15 00 1 5570.314
2015 08 23 18 30 00 1 5570.299
2015 08 23 18 45 00 1 5570.285
2015 08 23 19 00 00 1 5570.277
2015 08 23 19 15 00 1 5570.276
2015 08 23 19 30 00 1 5570.279
2015 08 23 19 45 00 1 5570.285
2015 08 23 20 00 00 1 5570.296
2015 08 23 20 15 00 1 5570.315
2015 08 23 20 30 00 1 5570.336
2015 08 23 20 45 00 1 5570.363
2015 08 23 21 00 00 1 5570.393
2015 08 23 21 15 00 1 5570.426
2015 08 23 21 30 00 1 5570.461
2015 08 23 21 45 00 1 5570.499
2015 08 23 22 00 00 1 5570.540
2015 08 23 22 15 00 1 5570.578
2015 08 23 22 30 00 1 5570.615
2015 08 23 22 45 00 1 5570.652
2015 08 23 23 00 00 1 5570.689
2015 08 23 23 15 00 1 5570.722
2015 08 23 23 30 00 1 5570.757
2015 08 23 23 45 00 1 5570.790
2015 08 24 00 00 00 1 5570.820
2015 08 24 00 15 00 1 5570.845
2015 08 24 00 30 00 1 5570.866
2015 08 24 00 45 00 1 5570.884
2015 08 24 01 00 00 1 5570.893
2015 08 24 01 15 00 1 5570.899
2015 08 24 01 30 00 1 5570.900
2015 08 24 01 45 00 1 5570.897
2015 08 24 02 00 00 1 5570.886
2015 08 24 02 15 00 1 5570.873
2015 08 24 02 30 00 1 5570.854
2015 08 24 02 45 00 1 5570.833
2015 08 24 03 00 00 1 5570.806
2015 08 24 03 15 00 1 5570.776
2015 08 24 03 30 00 1 5570.741
2015 08 24 03 45 00 1 5570.706
2015 08 24 04 00 00 1 5570.667
2015 08 24 04 15 00 1 5570.629
2015 08 24 04 30 00 1 5570.591
2015 08 24 04 45 00 1 5570.552
2015 08 24 05 00 00 1 5570.511
2015 08 24 05 15 00 1 5570.475
2015 08 24 05 30 00 1 5570.442
2015 08 24 05 45 00 1 5570.408
2015 08 24 06 00 00 1 5570.385
2015 08 24 06 15 00 1 5570.361
2015 08 24 06 30 00 1 5570.342
2015 08 24 06 45 00 1 5570.325
2015 08 24 07 00 00 1 5570.316
2015 08 24 07 15 00 1 5570.310
2015 08 24 07 30 00 1 5570.311
2015 08 24 07 45 00 1 5570.315
2015 08 24 08 00 00 1 5570.326
2015 08 24 08 15 00 1 5570.340
2015 08 24 08 30 00 1 5570.360
2015 08 24 08 45 00 1 5570.384
2015 08 24 09 00 00 1 5570.410
2015 08 24 09 15 00 1 5570.443
2015 08 24 09 30 00 1 5570.479
2015 08 24 09 45 00 1 5570.518
2015 08 24 10 00 00 1 5570.558
2015 08 24 10 15 00 1 5570.600
2015 08 24 10 30 00 1 5570.646
2015 08 24 10 45 00 1 5570.690
2015 08 24 11 00 00 1 5570.732
2015 08 24 11 15 00 1 5570.774
2015 08 24 11 30 00 1 5570.811
2015 08 24 11 45 00 1 5570.850
2015 08 24 12 00 00 1 5570.883
2015 08 24 12 15 00 1 5570.914
2015 08 24 12 30 00 1 5570.939
2015 08 24 12 45 00 1 5570.959
2015 08 24 13 00 00 1 5570.974
2015 08 24 13 15 00 1 5570.985
2015 08 24 13 30 00 1 5570.991
2015 08 24 13 45 00 1 5570.989
2015 08 24 14 00 00 1 5570.981
2015 08 24 14 15 00 1 5570.968
2015 08 24 14 30 00 1 5570.951
2015 08 24 14 45 00 1 5570.931
2015 08 24 15 00 00 1 5570.903
2015 08 24 15 15 00 1 5570.872
2015 08 24 15 30 00 1 5570.840
2015 08 24 15 45 00 1 5570.805
2015 08 24 16 00 00 1 5570.770
2015 08 24 16 15 00 1 5570.733
2015 08 24 16 30 00 1 5570.691
2015 08 24 16 45 00 1 5570.648
2015 08 24 17 00 00 1 5570.606
2015 08 24 17 15 00 1 5570.560
2015 08 24 17 30 00 1 5570.521
2015 08 24 17 45 00 1 5570.485
2015 08 24 18 00 00 1 5570.447
2015 08 24 18 15 00 1 5570.414
2015 08 24 18 30 00 1 5570.383
2015 08 24 18 45 00 1 5570.356
2015 08 24 19 00 00 1 5570.333
2015 08 24 19 15 00 1 5570.317
2015 08 24 19 30 00 1 5570.300
2015 08 24 19 45 00 1 5570.291
2015 08 24 20 00 00 1 5570.287
2015 08 24 20 15 00 1 5570.290
2015 08 24 20 30 00 1 5570.292
2015 08 24 20 45 00 1 5570.298
2015 08 24 21 00 00 1 5570.311
2015 08 24 21 15 00 1 5570.330
2015 08 24 21 30 00 1 5570.353
2015 08 24 21 45 00 1 5570.380
2015 08 24 22 00 00 1 5570.409
2015 08 24 22 15 00 1 5570.441
2015 08 24 22 30 00 1 5570.474
2015 08 24 22 45 00 1 5570.509
2015 08 24 23 00 00 1 5570.547
2015 08 24 23 15 00 1 5570.586
2015 08 24 23 30 00 1 5570.624
2015 08 24 23 45 00 1 5570.664
2015 08 25 00 00 00 1 5570.704
2015 08 25 00 15 00 1 5570.738
2015 08 25 00 30 00 1 5570.770
2015 08 25 00 45 00 1 5570.800
2015 08 25 01 00 00 1 5570.826
2015 08 25 01 15 00 1 5570.850
2015 08 25 01 30 00 1 5570.867
2015 08 25 01 45 00 1 5570.881
2015 08 25 02 00 00 1 5570.888
2015 08 25 02 15 00 1 5570.892
2015 08 25 02 30 00 1 5570.891
2015 08 25 02 45 00 1 5570.885
2015 08 25 03 00 00 1 5570.871
2015 08 25 03 15 00 1 5570.854
2015 08 25 03 30 00 1 5570.834
2015 08 25 03 45 00 1 5570.809
2015 08 25 04 00 00 1 5570.783
2015 08 25 04 15 00 1 5570.752
2015 08 25 04 30 00 1 5570.720
2015 08 25 04 45 00 1 5570.686
2015 08 25 05 00 00 1 5570.649
2015 08 25 05 15 00 1 5570.614
2015 08 25 05 30 00 1 5570.577
2015 08 25 05 45 00 1 5570.539
2015 08 25 06 00 00 1 5570.506
2015 08 25 06 15 00 1 5570.474
2015 08 25 06 30 00 1 5570.442
2015 08 25 06 45 00 1 5570.411
2015 08 25 07 00 00 1 5570.386
2015 08 25 07 15 00 1 5570.362
2015 08 25 07 30 00 1 5570.346
2015 08 25 07 45 00 1 5570.333
2015 08 25 08 00 00 1 5570.323
2015 08 25 08 15 00 1 5570.321
2015 08 25 08 30 00 1 5570.321
2015 08 25 08 45 00 1 5570.328
2015 08 25 09 00 00 1 5570.339
2015 08 25 09 15 00 1 5570.356
2015 08 25 09 30 00 1 5570.380
2015 08 25 09 45 00 1 5570.408
2015 08 25 10 00 00 1 5570.438
2015 08 25 10 15 00 1 5570.471
2015 08 25 10 30 00 1 5570.507
2015 08 25 10 45 00 1 5570.547
2015 08 25 11 00 00 1 5570.590
2015 08 25 11 15 00 1 5570.632
2015 08 25 11 30 00 1 5570.673
2015 08 25 11 45 00 1 5570.718
2015 08 25 12 00 00 1 5570.758
2015 08 25 12 15 00 1 5570.799
2015 08 25 12 30 00 1 5570.838
2015 08 25 12 45 00 1 5570.874
2015 08 25 13 00 00 1 5570.905
2015 08 25 13 15 00 1 5570.933
2015 08 25 13 30 00 1 5570.954
2015 08 25 13 45 00 1 5570.971
2015 08 25 14 00 00 1 5570.985
2015 08 25 14 15 00 1 5570.990
2015 08 25 14 30 00 1 5570.993
2015 08 25 14 45 00 1 5570.988
2015 08 25 15 00 00 1 5570.981
2015 08 25 15 15 00 1 5570.969
2015 08 25 15 30 00 1 5570.950
2015 08 25 15 45 00 1 5570.927
2015 08 25 16 00 00 1 5570.901
2015 08 25 16 15 00 1 5570.873
2015 08 25 16 30 00 1 5570.839
2015 08 25 16 45 00 1 5570.804
2015 08 25 17 00 00 1 5570.769
2015 08 25 17 15 00 1 5570.728
2015 08 25 17 30 00 1 5570.686
2015 08 25 17 45 00 1 5570.640
2015 08 25 18 00 00 1 5570.596
2015 08 25 18 15 00 1 5570.555
2015 08 25 18 30 00 1 5570.514
2015 08 25 18 45 00 1 5570.478
2015 08 25 19 00 00 1 5570.442
2015 08 25 19 15 00 1 5570.408
2015 08 25 19 30 00 1 5570.377
2015 08 25 19 45 00 1 5570.348
2015 08 25 20 00 00 1 5570.327
2015 08 25 20 15 00 1 5570.307
2015 08 25 20 30 00 1 5570.294
2015 08 25 20 45 00 1 5570.283
2015 08 25 21 00 00 1 5570.279
2015 08 25 21 15 00 1 5570.280
2015 08 25 21 30 00 1 5570.287
2015 08 25 21 45 00 1 5570.296
2015 08 25 22 00 00 1 5570.311
2015 08 25 22 15 00 1 5570.331
2015 08 25 22 30 00 1 5570.353
2015 08 25 22 45 00 1 5570.379
2015 08 25 23 00 00 1 5570.410
2015 08 25 23 15 00 1 5570.445
2015 08 25 23 30 00 1 5570.483
2015 08 25 23 45 00 1 5570.522
2015 08 26 00 00 00 1 5570.560
2015 08 26 00 15 00 1 5570.600
2015 08 26 00 30 00 1 5570.639
2015 08 26 00 45 00 1 5570.680
2015 08 26 01 00 00 1 5570.717
2015 08 26 01 15 00 1 5570.754
2015 08 26 01 30 00 1 5570.789
2015 08 26 01 45 00 1 5570.819
2015 08 26 02 00 00 1 5570.843
2015 08 26 02 15 00 1 5570.868
2015 08 26 02 30 00 1 5570.885
2015 08 26 02 45 00 1 5570.899
2015 08 26 03 00 00 1 5570.908
2015 08 26 03 15 00 1 5570.914
2015 08 26 03 30 00 1 5570.910
2015 08 26 03 45 00 1 5570.905
2015 08 26 04 00 00 1 5570.890
2015 08 26 04 15 00 1 5570.873
2015 08 26 04 30 00 1 5570.853
2015 08 26 04 45 00 1 5570.827
2015 08 26 05 00 00 1 5570.798
2015 08 26 05 15 00 1 5570.766
2015 08 26 05 30 00 1 5570.731
2015 08 26 05 45 00 1 5570.693
2015 08 26 06 00 00 1 5570.654
2015 08 26 06 15 00 1 5570.615
2015 08 26 06 30 00 1 5570.577
2015 08 26 06 45 00 1 5570.538
2015 08 26 07 00 00 1 5570.501
2015 08 26 07 15 00 1 5570.466
2015 08 26 07 30 00 1 5570.433
2015 08 26 07 45 00 1 5570.404
2015 08 26 08 00 00 1 5570.376
2015 08 26 08 15 00 1 5570.354
2015 08 26 08 30 00 1 5570.338
2015 08 26 08 45 00 1 5570.327
2015 08 26 09 00 00 1 5570.317
2015 08 26 09 15 00 1 5570.313
2015 08 26 09 30 00 1 5570.313
2015 08 26 09 45 00 1 5570.318
2015 08 26 10 00 00 1 5570.332
2015 08 26 10 15 00 1 5570.352
2015 08 26 10 30 00 1 5570.377
2015 08 26 10 45 00 1 5570.406
2015 08 26 11 00 00 1 5570.438
2015 08 26 11 15 00 1 5570.473
2015 08 26 11 30 00 1 5570.511
2015 08 26 11 45 00 1 5570.555
2015 08 26 12 00 00 1 5570.597
2015 08 26 12 15 00 1 5570.643
2015 08 26 12 30 00 1 5570.688
2015 08 26 12 45 00 1 5570.731
2015 08 26 13 00 00 1 5570.773
2015 08 26 13 15 00 1 5570.811
2015 08 26 13 30 00 1 5570.851
2015 08 26 13 45 00 1 5570.888
2015 08 26 14 00 00 1 5570.918
2015 08 26 14 15 00 1 5570.946
2015 08 26 14 30 00 1 5570.966
2015 08 26 14 45 00 1 5570.986
2015 08 26 15 00 00 1 5571.002
2015 08 26 15 15 00 1 5571.010
2015 08 26 15 30 00 1 5571.010
2015 08 26 15 45 00 1 5571.006
2015 08 26 16 00 00 1 5570.998
2015 08 26 16 15 00 1 5570.983
2015 08 26 16 30 00 1 5570.965
2015 08 26 16 45 00 1 5570.941
2015 08 26 17 00 00 1 5570.914
2015 08 26 17 15 00 1 5570.883
2015 08 26 17 30 00 1 5570.847
2015 08 26 17 45 00 1 5570.809
2015 08 26 18 00 00 1 5570.768
2015 08 26 18 15 00 1 5570.727
2015 08 26 18 30 00 1 5570.681
2015 08 26 18 45 00 1 5570.634
2015 08 26 19 00 00 1 5570.587
2015 08 26 19 15 00 1 5570.541
2015 08 26 19 30 00 1 5570.497
2015 08 26 19 45 00 1 5570.455
2015 08 26 20 00 00 1 5570.412
2015 08 26 20 15 00 1 5570.376
2015 08 26 20 30 00 1 5570.341
2015 08 26 20 45 00 1 5570.313
2015 08 26 21 00 00 1 5570.288
2015 08 26 21 15 00 1 5570.268
2015 08 26 21 30 00 1 5570.251
2015 08 26 21 45 00 1 5570.241
2015 08 26 22 00 00 1 5570.237
2015 08 26 22 15 00 1 5570.235
2015 08 26 22 30 00 1 5570.240
2015 08 26 22 45 00 1 5570.251
2015 08 26 23 00 00 1 5570.268
2015 08 26 23 15 00 1 5570.289
2015 08 26 23 30 00 1 5570.318
2015 08 26 23 45 00 1 5570.349
2015 08 27 00 00 00 1 5570.382
2015 08 27 00 15 00 1 5570.419
2015 08 27 00 30 00 1 5570.458
2015 08 27 00 45 00 1 5570.498
2015 08 27 01 00 00 1 5570.544
2015 08 27 01 15 00 1 5570.586
2015 08 27 01 30 00 1 5570.634
2015 08 27 01 45 00 1 5570.679
2015 08 27 02 00 00 1 5570.719
2015 08 27 02 15 00 1 5570.760
2015 08 27 02 30 00 1 5570.798
2015 08 27 02 45 00 1 5570.832
2015 08 27 03 00 00 1 5570.863
2015 08 27 03 15 00 1 5570.886
2015 08 27 03 30 00 1 5570.905
2015 08 27 03 45 00 1 5570.921
2015 08 27 04 00 00 1 5570.929
2015 08 27 04 15 00 1 5570.935
2015 08 27 04 30 00 1 5570.934
2015 08 27 04 45 00 1 5570.924
2015 08 27 05 00 00 1 5570.912
2015 08 27 05 15 00 1 5570.892
2015 08 27 05 30 00 1 5570.869
2015 08 27 05 45 00 1 5570.843
2015 08 27 06 00 00 1 5570.812
2015 08 27 06 15 00 1 5570.775
2015 08 27 06 30 00 1 5570.737
2015 08 27 06 45 00 1 5570.697
2015 08 27 07 00 00 1 5570.657
2015 08 27 07 15 00 1 5570.613
2015 08 27 07 30 00 1 5570.570
2015 08 27 07 45 00 1 5570.527
2015 08 27 08 00 00 1 5570.484
2015 08 27 08 15 00 1 5570.444
2015 08 27 08 30 00 1 5570.406
2015 08 27 08 45 00 1 5570.374
2015 08 27 09 00 00 1 5570.344
2015 08 27 09 15 00 1 5570.318
2015 08 27 09 30 00 1 5570.297
2015 08 27 09 45 00 1 5570.283
2015 08 27 10 00 00 1 5570.273
2015 08 27 10 15 00 1 5570.270
2015 08 27 10 30 00 1 5570.276
2015 08 27 10 45 00 1 5570.286
2015 08 27 11 00 00 1 5570.302
2015 08 27 11 15 00 1 5570.323
2015 08 27 11 30 00 1 5570.347
2015 08 27 11 45 00 1 5570.375
2015 08 27 12 00 00 1 5570.410
2015 08 27 12 15 00 1 5570.447
2015 08 27 12 30 00 1 5570.492
2015 08 27 12 45 00 1 5570.535
2015 08 27 13 00 00 1 5570.582
2015 08 27 13 15 00 1 5570.629
2015 08 27 13 30 00 1 5570.680
2015 08 27 13 45 00 1 5570.726
2015 08 27 14 00 00 1 5570.773
2015 08 27 14 15 00 1 5570.821
2015 08 27 14 30 00 1 5570.863
2015 08 27 14 45 00 1 5570.905
2015 08 27 15 00 00 1 5570.941
2015 08 27 15 15 00 1 5570.972
2015 08 27 15 30 00 1 5571.000
2015 08 27 15 45 00 1 5571.024
2015 08 27 16 00 00 1 5571.038
2015 08 27 16 15 00 1 5571.047
2015 08 27 16 30 00 1 5571.052
2015 08 27 16 45 00 1 5571.049
2015 08 27 17 00 00 1 5571.038
2015 08 27 17 15 00 1 5571.026
2015 08 27 17 30 00 1 5571.003
2015 08 27 17 45 00 1 5570.975
2015 08 27 18 00 00 1 5570.945
2015 08 27 18 15 00 1 5570.910
2015 08 27 18 30 00 1 5570.871
2015 08 27 18 45 00 1 5570.828
2015 08 27 19 00 00 1 5570.781
2015 08 27 19 15 00 1 5570.726
2015 08 27 19 30 00 1 5570.678
2015 08 27 19 45 00 1 5570.624
2015 08 27 20 00 00 1 5570.573
2015 08 27 20 15 00 1 5570.521
2015 08 27 20 30 00 1 5570.472
2015 08 27 20 45 00 1 5570.423
2015 08 27 21 00 00 1 5570.376
2015 08 27 21 15 00 1 5570.336
2015 08 27 21 30 00 1 5570.299
2015 08 27 21 45 00 1 5570.265
2015 08 27 22 00 00 1 5570.233
2015 08 27 22 15 00 1 5570.209
2015 08 27 22 30 00 1 5570.194
2015 08 27 22 45 00 1 5570.181
2015 08 27 23 00 00 1 5570.179
2015 08 27 23 15 00 1 5570.178
2015 08 27 23 30 00 1 5570.190
2015 08 27 23 45 00 1 5570.206
2015 08 28 00 00 00 1 5570.226
2015 08 28 00 15 00 1 5570.250
2015 08 28 00 30 00 1 5570.280
2015 08 28 00 45 00 1 5570.314
2015 08 28 01 00 00 1 5570.356
2015 08 28 01 15 00 1 5570.398
2015 08 28 01 30 00 1 5570.448
2015 08 28 01 45 00 1 5570.493
2015 08 28 02 00 00 1 5570.543
2015 08 28 02 15 00 1 5570.597
2015 08 28 02 30 00 1 5570.649
2015 08 28 02 45 00 1 5570.698
2015 08 28 03 00 00 1 5570.744
2015 08 28 03 15 00 1 5570.791
2015 08 28 03 30 00 1 5570.833
2015 08 28 03 45 00 1 5570.870
2015 08 28 04 00 00 1 5570.903
2015 08 28 04 15 00 1 5570.934
2015 08 28 04 30 00 1 5570.959
2015 08 28 04 45 00 1 5570.973
2015 08 28 05 00 00 1 5570.985
2015 08 28 05 15 00 1 5570.988
2015 08 28 05 30 00 1 5570.983
2015 08 28 05 45 00 1 5570.975
2015 08 28 06 00 00 1 5570.956
2015 08 28 06 15 00 1 5570.935
2015 08 28 06 30 00 1 5570.909
2015 08 28 06 45 00 1 5570.877
2015 08 28 07 00 00 1 5570.841
2015 08 28 07 15 00 1 5570.799
2015 08 28 07 30 00 1 5570.754
2015 08 28 07 45 00 1 5570.708
2015 08 28 08 00 00 1 5570.656
2015 08 28 08 15 00 1 5570.606
2015 08 28 08 30 00 1 5570.553
2015 08 28 08 45 00 1 5570.502
2015 08 28 09 00 00 1 5570.452
2015 08 28 09 15 00 1 5570.405
2015 08 28 09 30 00 1 5570.360
2015 08 28 09 45 00 1 5570.321
2015 08 28 10 00 00 1 5570.289
2015 08 28 10 15 00 1 5570.260
2015 08 28 10 30 00 1 5570.236
2015 08 28 10 45 00 1 5570.222
2015 08 28 11 00 00 1 5570.212
2015 08 28 11 15 00 1 5570.207
2015 08 28 11 30 00 1 5570.210
2015 08 28 11 45 00 1 5570.221
2015 08 28 12 00 00 1 5570.233
2015 08 28 12 15 00 1 5570.255
2015 08 28 12 30 00 1 5570.283
2015 08 28 12 45 00 1 5570.315
2015 08 28 13 00 00 1 5570.356
2015 08 28 13 15 00 1 5570.402
2015 08 28 13 30 00 1 5570.449
2015 08 28 13 45 00 1 5570.495
2015 08 28 14 00 00 1 5570.553
2015 08 28 14 15 00 1 5570.606
2015 08 28 14 30 00 1 5570.662
2015 08 28 14 45 00 1 5570.716
2015 08 28 15 00 00 1 5570.771
2015 08 28 15 15 00 1 5570.822
2015 08 28 15 30 00 1 5570.875
2015 08 28 15 45 00 1 5570.921
2015 08 28 16 00 00 1 5570.962
2015 08 28 16 15 00 1 5570.998
2015 08 28 16 30 00 1 5571.030
2015 08 28 16 45 00 1 5571.059
2015 08 28 17 00 00 1 5571.074
2015 08 28 17 15 00 1 5571.087
2015 08 28 17 30 00 1 5571.094
2015 08 28 17 45 00 1 5571.090
2015 08 28 18 00 00 1 5571.080
2015 08 28 18 15 00 1 5571.065
2015 08 28 18 30 00 1 5571.042
2015 08 28 18 45 00 1 5571.012
2015 08 28 19 00 00 1 5570.976
2015 08 28 19 15 00 1 5570.935
2015 08 28 19 30 00 1 5570.889
2015 08 28 19 45 00 1 5570.838
2015 08 28 20 00 00 1 5570.780
2015 08 28 20 15 00 1 5570.720
2015 08 28 20 30 00 1 5570.663
2015 08 28 20 45 00 1 5570.602
2015 08 28 21 00 00 1 5570.542
2015 08 28 21 15 00 1 5570.485
2015 08 28 21 30 00 1 5570.428
2015 08 28 21 45 00 1 5570.372
2015 08 28 22 00 00 1 5570.320
2015 08 28 22 15 00 1 5570.273
2015 08 28 22 30 00 1 5570.233
2015 08 28 22 45 00 1 5570.196
2015 08 28 23 00 00 1 5570.166
2015 08 28 23 15 00 1 5570.144
2015 08 28 23 30 00 1 5570.126
2015 08 28 23 45 00 1 5570.117
2015 08 29 00 00 00 1 5570.114
2015 08 29 00 15 00 1 5570.118
2015 08 29 00 30 00 1 5570.129
2015 08 29 00 45 00 1 5570.148
2015 08 29 01 00 00 1 5570.172
2015 08 29 01 15 00 1 5570.203
2015 08 29 01 30 00 1 5570.241
2015 08 29 01 45 00 1 5570.284
2015 08 29 02 00 00 1 5570.333
2015 08 29 02 15 00 1 5570.384
2015 08 29 02 30 00 1 5570.439
2015 08 29 02 45 00 1 5570.494
2015 08 29 03 00 00 1 5570.555
2015 08 29 03 15 00 1 5570.616
2015 08 29 03 30 00 1 5570.673
2015 08 29 03 45 00 1 5570.731
2015 08 29 04 00 00 1 5570.787
2015 08 29 04 15 00 1 5570.839
2015 08 29 04 30 00 1 5570.886
2015 08 29 04 45 00 1 5570.931
2015 08 29 05 00 00 1 5570.967
2015 08 29 05 15 00 1 5571.002
2015 08 29 05 30 00 1 5571.024
2015 08 29 05 45 00 1 5571.038
2015 08 29 06 00 00 1 5571.048
2015 08 29 06 15 00 1 5571.049
2015 08 29 06 30 00 1 5571.043
2015 08 29 06 45 00 1 5571.029
2015 08 29 07 00 00 1 5571.007
2015 08 29 07 15 00 1 5570.978
2015 08 29 07 30 00 1 5570.944
2015 08 29 07 45 00 1 5570.902
2015 08 29 08 00 00 1 5570.856
2015 08 29 08 15 00 1 5570.806
2015 08 29 08 30 00 1 5570.750
2015 08 29 08 45 00 1 5570.693
2015 08 29 09 00 00 1 5570.635
2015 08 29 09 15 00 1 5570.576
2015 08 29 09 30 00 1 5570.519
2015 08 29 09 45 00 1 5570.461
2015 08 29 10 00 00 1 5570.403
2015 08 29 10 15 00 1 5570.352
2015 08 29 10 30 00 1 5570.301
2015 08 29 10 45 00 1 5570.260
2015 08 29 11 00 00 1 5570.222
2015 08 29 11 15 00 1 5570.188
2015 08 29 11 30 00 1 5570.161
2015 08 29 11 45 00 1 5570.141
2015 08 29 12 00 00 1 5570.130
2015 08 29 12 15 00 1 5570.127
2015 08 29 12 30 00 1 5570.128
2015 08 29 12 45 00 1 5570.137
2015 08 29 13 00 00 1 5570.155
2015 08 29 13 15 00 1 5570.180
2015 08 29 13 30 00 1 5570.210
2015 08 29 13 45 00 1 5570.253
2015 08 29 14 00 00 1 5570.297
2015 08 29 14 15 00 1 5570.344
2015 08 29 14 30 00 1 5570.402
2015 08 29 14 45 00 1 5570.459
2015 08 29 15 00 00 1 5570.522
2015 08 29 15 15 00 1 5570.584
2015 08 29 15 30 00 1 5570.649
2015 08 29 15 45 00 1 5570.713
2015 08 29 16 00 00 1 5570.774
2015 08 29 16 15 00 1 5570.837
2015 08 29 16 30 00 1 5570.893
2015 08 29 16 45 00 1 5570.947
2015 08 29 17 00 00 1 5570.997
2015 08 29 17 15 00 1 5571.039
2015 08 29 17 30 00 1 5571.073
2015 08 29 17 45 00 1 5571.099
2015 08 29 18 00 00 1 5571.119
2015 08 29 18 15 00 1 5571.129
2015 08 29 18 30 00 1 5571.132
2015 08 29 18 45 00 1 5571.126
2015 08 29 19 00 00 1 5571.114
2015 08 29 19 15 00 1 5571.095
2015 08 29 19 30 00 1 5571.063
2015 08 29 19 45 00 1 5571.030
2015 08 29 20 00 00 1 5570.987
2015 08 29 20 15 00 1 5570.939
2015 08 29 20 30 00 1 5570.885
2015 08 29 20 45 00 1 5570.828
2015 08 29 21 00 00 1 5570.765
2015 08 29 21 15 00 1 5570.698
2015 08 29 21 30 00 1 5570.633
2015 08 29 21 45 00 1 5570.566
2015 08 29 22 00 00 1 5570.501
2015 08 29 22 15 00 1 5570.432
2015 08 29 22 30 00 1 5570.371
2015 08 29 22 45 00 1 5570.313
2015 08 29 23 00 00 1 5570.256
2015 08 29 23 15 00 1 5570.204
2015 08 29 23 30 00 1 5570.161
2015 08 29 23 45 00 1 5570.124
2015 08 30 00 00 00 1 5570.095
2015 08 30 00 15 00 1 5570.072
2015 08 30 00 30 00 1 5570.060
2015 08 30 00 45 00 1 5570.054
2015 08 30 01 00 00 1 5570.055
2015 08 30 01 15 00 1 5570.061
2015 08 30 01 30 00 1 5570.077
2015 08 30 01 45 00 1 5570.100
2015 08 30 02 00 00 1 5570.134
2015 08 30 02 15 00 1 5570.171
2015 08 30 02 30 00 1 5570.217
2015 08 30 02 45 00 1 5570.269
2015 08 30 03 00 00 1 5570.327
2015 08 30 03 15 00 1 5570.387
2015 08 30 03 30 00 1 5570.452
2015 08 30 03 45 00 1 5570.520
2015 08 30 04 00 00 1 5570.590
2015 08 30 04 15 00 1 5570.658
2015 08 30 04 30 00 1 5570.726
2015 08 30 04 45 00 1 5570.792
2015 08 30 05 00 00 1 5570.853
2015 08 30 05 15 00 1 5570.913
2015 08 30 05 30 00 1 5570.965
2015 08 30 05 45 00 1 5571.010
2015 08 30 06 00 00 1 5571.051
2015 08 30 06 15 00 1 5571.079
2015 08 30 06 30 00 1 5571.103
2015 08 30 06 45 00 1 5571.117
2015 08 30 07 00 00 1 5571.123
2015 08 30 07 15 00 1 5571.121
2015 08 30 07 30 00 1 5571.113
2015 08 30 07 45 00 1 5571.092
2015 08 30 08 00 00 1 5571.066
2015 08 30 08 15 00 1 5571.031
2015 08 30 08 30 00 1 5570.987
2015 08 30 08 45 00 1 5570.938
2015 08 30 09 00 00 1 5570.884
2015 08 30 09 15 00 1 5570.825
2015 08 30 09 30 00 1 5570.760
2015 08 30 09 45 00 1 5570.694
2015 08 30 10 00 00 1 5570.625
2015 08 30 10 15 00 1 5570.555
2015 08 30 10 30 00 1 5570.491
2015 08 30 10 45 00 1 5570.428
2015 08 30 11 00 00 1 5570.366
2015 08 30 11 15 00 1 5570.305
2015 08 30 11 30 00 1 5570.253
2015 08 30 11 45 00 1 5570.204
2015 08 30 12 00 00 1 5570.160
2015 08 30 12 15 00 1 5570.121
2015 08 30 12 30 00 1 5570.092
2015 08 30 12 45 00 1 5570.073
2015 08 30 13 00 00 1 5570.060
2015 08 30 13 15 00 1 5570.057
2015 08 30 13 30 00 1 5570.060
2015 08 30 13 45 00 1 5570.069
2015 08 30 14 00 00 1 5570.091
2015 08 30 14 15 00 1 5570.120
2015 08 30 14 30 00 1 5570.159
2015 08 30 14 45 00 1 5570.204
2015 08 30 15 00 00 1 5570.254
2015 08 30 15 15 00 1 5570.311
2015 08 30 15 30 00 1 5570.373
2015 08 30 15 45 00 1 5570.440
2015 08 30 16 00 00 1 5570.508
2015 08 30 16 15 00 1 5570.581
2015 08 30 16 30 00 1 5570.655
2015 08 30 16 45 00 1 5570.727
2015 08 30 17 00 00 1 5570.799
2015 08 30 17 15 00 1 5570.865
2015 08 30 17 30 00 1 5570.930
2015 08 30 17 45 00 1 5570.990
2015 08 30 18 00 00 1 5571.041
2015 08 30 18 15 00 1 5571.085
2015 08 30 18 30 00 1 5571.123
2015 08 30 18 45 00 1 5571.150
2015 08 30 19 00 00 1 5571.173
2015 08 30 19 15 00 1 5571.181
2015 08 30 19 30 00 1 5571.184
2015 08 30 19 45 00 1 5571.176
2015 08 30 20 00 00 1 5571.158
2015 08 30 20 15 00 1 5571.128
2015 08 30 20 30 00 1 5571.093
2015 08 30 20 45 00 1 5571.050
2015 08 30 21 00 00 1 5571.000
2015 08 30 21 15 00 1 5570.941
2015 08 30 21 30 00 1 5570.879
2015 08 30 21 45 00 1 5570.813
2015 08 30 22 00 00 1 5570.743
2015 08 30 22 15 00 1 5570.674
2015 08 30 22 30 00 1 5570.602
2015 08 30 22 45 00 1 5570.528
2015 08 30 23 00 00 1 5570.458
2015 08 30 23 15 00 1 5570.386
2015 08 30 23 30 00 1 5570.318
2015 08 30 23 45 00 1 5570.257
2015 08 31 00 00 00 1 5570.202
2015 08 31 00 15 00 1 5570.149
2015 08 31 00 30 00 1 5570.107
2015 08 31 00 45 00 1 5570.069
2015 08 31 01 00 00 1 5570.041
2015 08 31 01 15 00 1 5570.021
2015 08 31 01 30 00 1 5570.007
2015 08 31 01 45 00 1 5570.000
2015 08 31 02 00 00 1 5570.008
2015 08 31 02 15 00 1 5570.021
2015 08 31 02 30 00 1 5570.043
2015 08 31 02 45 00 1 5570.074
2015 08 31 03 00 00 1 5570.112
2015 08 31 03 15 00 1 5570.159
2015 08 31 03 30 00 1 5570.213
2015 08 31 03 45 00 1 5570.271
2015 08 31 04 00 00 1 5570.337
2015 08 31 04 15 00 1 5570.406
2015 08 31 04 30 00 1 5570.477
2015 08 31 04 45 00 1 5570.548
2015 08 31 05 00 00 1 5570.625
2015 08 31 05 15 00 1 5570.699
2015 08 31 05 30 00 1 5570.768
2015 08 31 05 45 00 1 5570.838
2015 08 31 06 00 00 1 5570.903
2015 08 31 06 15 00 1 5570.966
2015 08 31 06 30 00 1 5571.019
2015 08 31 06 45 00 1 5571.067
2015 08 31 07 00 00 1 5571.110
2015 08 31 07 15 00 1 5571.141
2015 08 31 07 30 00 1 5571.165
2015 08 31 07 45 00 1 5571.178
2015 08 31 08 00 00 1 5571.178
2015 08 31 08 15 00 1 5571.172
2015 08 31 08 30 00 1 5571.157
2015 08 31 08 45 00 1 5571.132
2015 08 31 09 00 00 1 5571.097
2015 08 31 09 15 00 1 5571.056
2015 08 31 09 30 00 1 5571.006
2015 08 31 09 45 00 1 5570.953
2015 08 31 10 00 00 1 5570.891
2015 08 31 10 15 00 1 5570.822
2015 08 31 10 30 00 1 5570.756
2015 08 31 10 45 00 1 5570.688
2015 08 31 11 00 00 1 5570.615
2015 08 31 11 15 00 1 5570.541
2015 08 31 11 30 00 1 5570.467
2015 08 31 11 45 00 1 5570.398
2015 08 31 12 00 00 1 5570.328
2015 08 31 12 15 00 1 5570.265
2015 08 31 12 30 00 1 5570.206
2015 08 31 12 45 00 1 5570.153
2015 08 31 13 00 00 1 5570.107
2015 08 31 13 15 00 1 5570.067
2015 08 31 13 30 00 1 5570.038
2015 08 31 13 45 00 1 5570.020
2015 08 31 14 00 00 1 5570.009
2015 08 31 14 15 00 1 5570.005
2015 08 31 14 30 00 1 5570.013
2015 08 31 14 45 00 1 5570.031
2015 08 31 15 00 00 1 5570.057
2015 08 31 15 15 00 1 5570.093
2015 08 31 15 30 00 1 5570.133
2015 08 31 15 45 00 1 5570.187
2015 08 31 16 00 00 1 5570.246
2015 08 31 16 15 00 1 5570.311
2015 08 31 16 30 00 1 5570.381
2015 08 31 16 45 00 1 5570.453
2015 08 31 17 00 00 1 5570.528
2015 08 31 17 15 00 1 5570.605
2015 08 31 17 30 00 1 5570.684
2015 08 31 17 45 00 1 5570.760
2015 08 31 18 00 00 1 5570.833
2015 08 31 18 15 00 1 5570.903
2015 08 31 18 30 00 1 5570.969
2015 08 31 18 45 00 1 5571.025
2015 08 31 19 00 00 1 5571.076
2015 08 31 19 15 00 1 5571.121
2015 08 31 19 30 00 1 5571.156
2015 08 31 19 45 00 1 5571.182
2015 08 31 20 00 00 1 5571.200
2015 08 31 20 15 00 1 5571.206
2015 08 31 20 30 00 1 5571.202
2015 08 31 20 45 00 1 5571.190
2015 08 31 21 00 00 1 5571.169
2015 08 31 21 15 00 1 5571.135
2015 08 31 21 30 00 1 5571.094
2015 08 31 21 45 00 1 5571.043
2015 08 31 22 00 00 1 5570.989
2015 08 31 22 15 00 1 5570.927
2015 08 31 22 30 00 1 5570.861
2015 08 31 22 45 00 1 5570.790
2015 08 31 23 00 00 1 5570.714
2015 08 31 23 15 00 1 5570.638
2015 08 31 23 30 00 1 5570.566
2015 08 31 23 45 00 1 5570.494
2015 09 01 00 00 00 1 5570.419
2015 09 01 00 15 00 1 5570.349
2015 09 01 00 30 00 1 5570.283
2015 09 01 00 45 00 1 5570.221
2015 09 01 01 00 00 1 5570.165
2015 09 01 01 15 00 1 5570.116
2015 09 01 01 30 00 1 5570.069
2015 09 01 01 45 00 1 5570.035
2015 09 01 02 00 00 1 5570.010
2015 09 01 02 15 00 1 5569.991
2015 09 01 02 30 00 1 5569.980
2015 09 01 02 45 00 1 5569.982
2015 09 01 03 00 00 1 5569.994
2015 09 01 03 15 00 1 5570.013
2015 09 01 03 30 00 1 5570.042
2015 09 01 03 45 00 1 5570.076
2015 09 01 04 00 00 1 5570.123
2015 09 01 04 15 00 1 5570.179
2015 09 01 04 30 00 1 5570.238
2015 09 01 04 45 00 1 5570.300
2015 09 01 05 00 00 1 5570.368
2015 09 01 05 15 00 1 5570.442
2015 09 01 05 30 00 1 5570.517
2015 09 01 05 45 00 1 5570.597
2015 09 01 06 00 00 1 5570.674
2015 09 01 06 15 00 1 5570.753
2015 09 01 06 30 00 1 5570.828
2015 09 01 06 45 00 1 5570.900
2015 09 01 07 00 00 1 5570.972
2015 09 01 07 15 00 1 5571.030
2015 09 01 07 30 00 1 5571.082
2015 09 01 07 45 00 1 5571.130
2015 09 01 08 00 00 1 5571.167
2015 09 01 08 15 00 1 5571.191
2015 09 01 08 30 00 1 5571.208
2015 09 01 08 45 00 1 5571.215
2015 09 01 09 00 00 1 5571.211
2015 09 01 09 15 00 1 5571.200
2015 09 01 09 30 00 1 5571.181
2015 09 01 09 45 00 1 5571.152
2015 09 01 10 00 00 1 5571.112
2015 09 01 10 15 00 1 5571.066
2015 09 01 10 30 00 1 5571.011
2015 09 01 10 45 00 1 5570.952
2015 09 01 11 00 00 1 5570.886
2015 09 01 11 15 00 1 5570.816
2015 09 01 11 30 00 1 5570.740
2015 09 01 11 45 00 1 5570.664
2015 09 01 12 00 00 1 5570.586
2015 09 01 12 15 00 1 5570.509
2015 09 01 12 30 00 1 5570.433
2015 09 01 12 45 00 1 5570.358
2015 09 01 13 00 00 1 5570.289
2015 09 01 13 15 00 1 5570.223
2015 09 01 13 30 00 1 5570.163
2015 09 01 13 45 00 1 5570.108
2015 09 01 14 00 00 1 5570.057
2015 09 01 14 15 00 1 5570.022
2015 09 01 14 30 00 1 5569.996
2015 09 01 14 45 00 1 5569.978
2015 09 01 15 00 00 1 5569.968
2015 09 01 15 15 00 1 5569.970
2015 09 01 15 30 00 1 5569.982
2015 09 01 15 45 00 1 5570.007
2015 09 01 16 00 00 1 5570.037
2015 09 01 16 15 00 1 5570.073
2015 09 01 16 30 00 1 5570.124
2015 09 01 16 45 00 1 5570.179
2015 09 01 17 00 00 1 5570.242
2015 09 01 17 15 00 1 5570.309
2015 09 01 17 30 00 1 5570.384
2015 09 01 17 45 00 1 5570.461
2015 09 01 18 00 00 1 5570.538
2015 09 01 18 15 00 1 5570.622
2015 09 01 18 30 00 1 5570.699
2015 09 01 18 45 00 1 5570.780
2015 09 01 19 00 00 1 5570.855
2015 09 01 19 15 00 1 5570.923
2015 09 01 19 30 00 1 5570.990
2015 09 01 19 45 00 1 5571.046
2015 09 01 20 00 00 1 5571.094
2015 09 01 20 15 00 1 5571.138
2015 09 01 20 30 00 1 5571.171
2015 09 01 20 45 00 1 5571.193
2015 09 01 21 00 00 1 5571.207
2015 09 01 21 15 00 1 5571.207
2015 09 01 21 30 00 1 5571.203
2015 09 01 21 45 00 1 5571.187
2015 09 01 22 00 00 1 5571.159
2015 09 01 22 15 00 1 5571.122
2015 09 01 22 30 00 1 5571.074
2015 09 01 22 45 00 1 5571.022
2015 09 01 23 00 00 1 5570.965
2015 09 01 23 15 00 1 5570.901
2015 09 01 23 30 00 1 5570.834
2015 09 01 23 45 00 1 5570.763
2015 09 02 00 00 00 1 5570.692
2015 09 02 00 15 00 1 5570.616
2015 09 02 00 30 00 1 5570.540
2015 09 02 00 45 00 1 5570.464
2015 09 02 01 00 00 1 5570.393
2015 09 02 01 15 00 1 5570.324
2015 09 02 01 30 00 1 5570.259
2015 09 02 01 45 00 1 5570.196
2015 09 02 02 00 00 1 5570.141
2015 09 02 02 15 00 1 5570.093
2015 09 02 02 30 00 1 5570.054
2015 09 02 02 45 00 1 5570.022
2015 09 02 03 00 00 1 5570.002
2015 09 02 03 15 00 1 5569.988
2015 09 02 03 30 00 1 5569.985
2015 09 02 03 45 00 1 5569.991
2015 09 02 04 00 00 1 5570.008
2015 09 02 04 15 00 1 5570.031
2015 09 02 04 30 00 1 5570.067
2015 09 02 04 45 00 1 5570.110
2015 09 02 05 00 00 1 5570.159
2015 09 02 05 15 00 1 5570.218
2015 09 02 05 30 00 1 5570.280
2015 09 02 05 45 00 1 5570.348
2015 09 02 06 00 00 1 5570.420
2015 09 02 06 15 00 1 5570.495
2015 09 02 06 30 00 1 5570.574
2015 09 02 06 45 00 1 5570.652
2015 09 02 07 00 00 1 5570.730
2015 09 02 07 15 00 1 5570.810
2015 09 02 07 30 00 1 5570.881
2015 09 02 07 45 00 1 5570.950
2015 09 02 08 00 00 1 5571.015
2015 09 02 08 15 00 1 5571.073
2015 09 02 08 30 00 1 5571.122
2015 09 02 08 45 00 1 5571.161
2015 09 02 09 00 00 1 5571.194
2015 09 02 09 15 00 1 5571.215
2015 09 02 09 30 00 1 5571.230
2015 09 02 09 45 00 1 5571.233
2015 09 02 10 00 00 1 5571.226
2015 09 02 10 15 00 1 5571.210
2015 09 02 10 30 00 1 5571.185
2015 09 02 10 45 00 1 5571.153
2015 09 02 11 00 00 1 5571.110
2015 09 02 11 15 00 1 5571.059
2015 09 02 11 30 00 1 5570.999
2015 09 02 11 45 00 1 5570.935
2015 09 02 12 00 00 1 5570.865
2015 09 02 12 15 00 1 5570.790
2015 09 02 12 30 00 1 5570.712
2015 09 02 12 45 00 1 5570.634
2015 09 02 13 00 00 1 5570.553
2015 09 02 13 15 00 1 5570.476
2015 09 02 13 30 00 1 5570.397
2015 09 02 13 45 00 1 5570.324
2015 09 02 14 00 00 1 5570.254
2015 09 02 14 15 00 1 5570.190
2015 09 02 14 30 00 1 5570.131
2015 09 02 14 45 00 1 5570.081
2015 09 02 15 00 00 1 5570.040
2015 09 02 15 15 00 1 5570.005
2015 09 02 15 30 00 1 5569.981
2015 09 02 15 45 00 1 5569.966
2015 09 02 16 00 00 1 5569.963
2015 09 02 16 15 00 1 5569.970
2015 09 02 16 30 00 1 5569.984
2015 09 02 16 45 00 1 5570.010
2015 09 02 17 00 00 1 5570.046
2015 09 02 17 15 00 1 5570.088
2015 09 02 17 30 00 1 5570.143
2015 09 02 17 45 00 1 5570.203
2015 09 02 18 00 00 1 5570.267
2015 09 02 18 15 00 1 5570.338
2015 09 02 18 30 00 1 5570.413
2015 09 02 18 45 00 1 5570.488
2015 09 02 19 00 00 1 5570.568
2015 09 02 19 15 00 1 5570.645
2015 09 02 19 30 00 1 5570.718
2015 09 02 19 45 00 1 5570.794
2015 09 02 20 00 00 1 5570.867
2015 09 02 20 15 00 1 5570.934
2015 09 02 20 30 00 1 5570.995
2015 09 02 20 45 00 1 5571.048
2015 09 02 21 00 00 1 5571.091
2015 09 02 21 15 00 1 5571.128
2015 09 02 21 30 00 1 5571.152
2015 09 02 21 45 00 1 5571.172
2015 09 02 22 00 00 1 5571.178
2015 09 02 22 15 00 1 5571.175
2015 09 02 22 30 00 1 5571.162
2015 09 02 22 45 00 1 5571.138
2015 09 02 23 00 00 1 5571.107
2015 09 02 23 15 00 1 5571.068
2015 09 02 23 30 00 1 5571.023
2015 09 02 23 45 00 1 5570.971
2015 09 03 00 00 00 1 5570.915
2015 09 03 00 15 00 1 5570.854
2015 09 03 00 30 00 1 5570.787
2015 09 03 00 45 00 1 5570.717
2015 09 03 01 00 00 1 5570.647
2015 09 03 01 15 00 1 5570.572
2015 09 03 01 30 00 1 5570.502
2015 09 03 01 45 00 1 5570.427
2015 09 03 02 00 00 1 5570.357
2015 09 03 02 15 00 1 5570.293
2015 09 03 02 30 00 1 5570.233
2015 09 03 02 45 00 1 5570.179
2015 09 03 03 00 00 1 5570.134
2015 09 03 03 15 00 1 5570.094
2015 09 03 03 30 00 1 5570.058
2015 09 03 03 45 00 1 5570.033
2015 09 03 04 00 00 1 5570.015
2015 09 03 04 15 00 1 5570.011
2015 09 03 04 30 00 1 5570.014
2015 09 03 04 45 00 1 5570.026
2015 09 03 05 00 00 1 5570.045
2015 09 03 05 15 00 1 5570.069
2015 09 03 05 30 00 1 5570.106
2015 09 03 05 45 00 1 5570.146
2015 09 03 06 00 00 1 5570.199
2015 09 03 06 15 00 1 5570.260
2015 09 03 06 30 00 1 5570.323
2015 09 03 06 45 00 1 5570.393
2015 09 03 07 00 00 1 5570.469
2015 09 03 07 15 00 1 5570.545
2015 09 03 07 30 00 1 5570.620
2015 09 03 07 45 00 1 5570.698
2015 09 03 08 00 00 1 5570.774
2015 09 03 08 15 00 1 5570.846
2015 09 03 08 30 00 1 5570.916
2015 09 03 08 45 00 1 5570.979
2015 09 03 09 00 00 1 5571.034
2015 09 03 09 15 00 1 5571.082
2015 09 03 09 30 00 1 5571.129
2015 09 03 09 45 00 1 5571.164
2015 09 03 10 00 00 1 5571.192
2015 09 03 10 15 00 1 5571.209
2015 09 03 10 30 00 1 5571.219
2015 09 03 10 45 00 1 5571.217
2015 09 03 11 00 00 1 5571.207
2015 09 03 11 15 00 1 5571.187
2015 09 03 11 30 00 1 5571.157
2015 09 03 11 45 00 1 5571.120
2015 09 03 12 00 00 1 5571.074
2015 09 03 12 15 00 1 5571.017
2015 09 03 12 30 00 1 5570.957
2015 09 03 12 45 00 1 5570.892
2015 09 03 13 00 00 1 5570.823
2015 09 03 13 15 00 1 5570.749
2015 09 03 13 30 00 1 5570.670
2015 09 03 13 45 00 1 5570.592
2015 09 03 14 00 00 1 5570.515
2015 09 03 14 15 00 1 5570.438
2015 09 03 14 30 00 1 5570.364
2015 09 03 14 45 00 1 5570.292
2015 09 03 15 00 00 1 5570.229
2015 09 03 15 15 00 1 5570.168
2015 09 03 15 30 00 1 5570.113
2015 09 03 15 45 00 1 5570.071
2015 09 03 16 00 00 1 5570.035
2015 09 03 16 15 00 1 5570.009
2015 09 03 16 30 00 1 5569.988
2015 09 03 16 45 00 1 5569.977
2015 09 03 17 00 00 1 5569.980
2015 09 03 17 15 00 1 5569.991
2015 09 03 17 30 00 1 5570.014
2015 09 03 17 45 00 1 5570.041
2015 09 03 18 00 00 1 5570.076
2015 09 03 18 15 00 1 5570.121
2015 09 03 18 30 00 1 5570.173
2015 09 03 18 45 00 1 5570.231
2015 09 03 19 00 00 1 5570.295
2015 09 03 19 15 00 1 5570.362
2015 09 03 19 30 00 1 5570.433
2015 09 03 19 45 00 1 5570.503
2015 09 03 20 00 00 1 5570.578
2015 09 03 20 15 00 1 5570.651
2015 09 03 20 30 00 1 5570.724
2015 09 03 20 45 00 1 5570.795
2015 09 03 21 00 00 1 5570.859
2015 09 03 21 15 00 1 5570.917
2015 09 03 21 30 00 1 5570.971
2015 09 03 21 45 00 1 5571.018
2015 09 03 22 00 00 1 5571.053
2015 09 03 22 15 00 1 5571.083
2015 09 03 22 30 00 1 5571.105
2015 09 03 22 45 00 1 5571.118
2015 09 03 23 00 00 1 5571.123
2015 09 03 23 15 00 1 5571.117
2015 09 03 23 30 00 1 5571.103
2015 09 03 23 45 00 1 5571.076
2015 09 04 00 00 00 1 5571.046
2015 09 04 00 15 00 1 5571.011
2015 09 04 00 30 00 1 5570.968
2015 09 04 00 45 00 1 5570.917
2015 09 04 01 00 00 1 5570.860
2015 09 04 01 15 00 1 5570.799
2015 09 04 01 30 00 1 5570.735
2015 09 04 01 45 00 1 5570.671
2015 09 04 02 00 00 1 5570.602
2015 09 04 02 15 00 1 5570.534
2015 09 04 02 30 00 1 5570.468
2015 09 04 02 45 00 1 5570.402
2015 09 04 03 00 00 1 5570.338
2015 09 04 03 15 00 1 5570.281
2015 09 04 03 30 00 1 5570.228
2015 09 04 03 45 00 1 5570.182
2015 09 04 04 00 00 1 5570.138
2015 09 04 04 15 00 1 5570.101
2015 09 04 04 30 00 1 5570.076
2015 09 04 04 45 00 1 5570.058
2015 09 04 05 00 00 1 5570.041
2015 09 04 05 15 00 1 5570.038
2015 09 04 05 30 00 1 5570.045
2015 09 04 05 45 00 1 5570.057
2015 09 04 06 00 00 1 5570.082
2015 09 04 06 15 00 1 5570.113
2015 09 04 06 30 00 1 5570.151
2015 09 04 06 45 00 1 5570.197
2015 09 04 07 00 00 1 5570.247
2015 09 04 07 15 00 1 5570.304
2015 09 04 07 30 00 1 5570.365
2015 09 04 07 45 00 1 5570.430
2015 09 04 08 00 00 1 5570.496
2015 09 04 08 15 00 1 5570.567
2015 09 04 08 30 00 1 5570.639
2015 09 04 08 45 00 1 5570.707
2015 09 04 09 00 00 1 5570.774
2015 09 04 09 15 00 1 5570.837
2015 09 04 09 30 00 1 5570.900
2015 09 04 09 45 00 1 5570.955
2015 09 04 10 00 00 1 5571.008
2015 09 04 10 15 00 1 5571.052
2015 09 04 10 30 00 1 5571.092
2015 09 04 10 45 00 1 5571.120
2015 09 04 11 00 00 1 5571.143
2015 09 04 11 15 00 1 5571.155
2015 09 04 11 30 00 1 5571.157
2015 09 04 11 45 00 1 5571.151
2015 09 04 12 00 00 1 5571.135
2015 09 04 12 15 00 1 5571.111
2015 09 04 12 30 00 1 5571.079
2015 09 04 12 45 00 1 5571.040
2015 09 04 13 00 00 1 5570.993
2015 09 04 13 15 00 1 5570.941
2015 09 04 13 30 00 1 5570.881
2015 09 04 13 45 00 1 5570.818
2015 09 04 14 00 00 1 5570.751
2015 09 04 14 15 00 1 5570.678
2015 09 04 14 30 00 1 5570.608
2015 09 04 14 45 00 1 5570.534
2015 09 04 15 00 00 1 5570.463
2015 09 04 15 15 00 1 5570.395
2015 09 04 15 30 00 1 5570.326
2015 09 04 15 45 00 1 5570.265
2015 09 04 16 00 00 1 5570.208
2015 09 04 16 15 00 1 5570.158
2015 09 04 16 30 00 1 5570.115
2015 09 04 16 45 00 1 5570.078
2015 09 04 17 00 00 1 5570.049
2015 09 04 17 15 00 1 5570.031
2015 09 04 17 30 00 1 5570.018
2015 09 04 17 45 00 1 5570.013
2015 09 04 18 00 00 1 5570.018
2015 09 04 18 15 00 1 5570.029
2015 09 04 18 30 00 1 5570.050
2015 09 04 18 45 00 1 5570.078
2015 09 04 19 00 00 1 5570.109
2015 09 04 19 15 00 1 5570.151
2015 09 04 19 30 00 1 5570.199
2015 09 04 19 45 00 1 5570.253
2015 09 04 20 00 00 1 5570.312
2015 09 04 20 15 00 1 5570.375
2015 09 04 20 30 00 1 5570.443
2015 09 04 20 45 00 1 5570.510
2015 09 04 21 00 00 1 5570.578
2015 09 04 21 15 00 1 5570.647
2015 09 04 21 30 00 1 5570.710
2015 09 04 21 45 00 1 5570.775
2015 09 04 22 00 00 1 5570.833
2015 09 04 22 15 00 1 5570.883
2015 09 04 22 30 00 1 5570.928
2015 09 04 22 45 00 1 5570.965
2015 09 04 23 00 00 1 5570.998
2015 09 04 23 15 00 1 5571.020
2015 09 04 23 30 00 1 5571.040
2015 09 04 23 45 00 1 5571.049
2015 09 05 00 00 00 1 5571.052
2015 09 05 00 15 00 1 5571.043
2015 09 05 00 30 00 1 5571.029
2015 09 05 00 45 00 1 5571.006
2015 09 05 01 00 00 1 5570.976
2015 09 05 01 15 00 1 5570.937
2015 09 05 01 30 00 1 5570.894
2015 09 05 01 45 00 1 5570.846
2015 09 05 02 00 00 1 5570.794
2015 09 05 02 15 00 1 5570.736
2015 09 05 02 30 00 1 5570.682
2015 09 05 02 45 00 1 5570.622
2015 09 05 03 00 00 1 5570.563
2015 09 05 03 15 00 1 5570.503
2015 09 05 03 30 00 1 5570.444
2015 09 05 03 45 00 1 5570.386
2015 09 05 04 00 00 1 5570.333
2015 09 05 04 15 00 1 5570.283
2015 09 05 04 30 00 1 5570.236
2015 09 05 04 45 00 1 5570.194
2015 09 05 05 00 00 1 5570.159
2015 09 05 05 15 00 1 5570.132
2015 09 05 05 30 00 1 5570.112
2015 09 05 05 45 00 1 5570.097
2015 09 05 06 00 00 1 5570.090
2015 09 05 06 15 00 1 5570.092
2015 09 05 06 30 00 1 5570.099
2015 09 05 06 45 00 1 5570.117
2015 09 05 07 00 00 1 5570.140
2015 09 05 07 15 00 1 5570.169
2015 09 05 07 30 00 1 5570.209
2015 09 05 07 45 00 1 5570.248
2015 09 05 08 00 00 1 5570.296
2015 09 05 08 15 00 1 5570.351
2015 09 05 08 30 00 1 5570.409
2015 09 05 08 45 00 1 5570.467
2015 09 05 09 00 00 1 5570.528
2015 09 05 09 15 00 1 5570.592
2015 09 05 09 30 00 1 5570.656
2015 09 05 09 45 00 1 5570.719
2015 09 05 10 00 00 1 5570.782
2015 09 05 10 15 00 1 5570.843
2015 09 05 10 30 00 1 5570.897
2015 09 05 10 45 00 1 5570.947
2015 09 05 11 00 00 1 5570.994
2015 09 05 11 15 00 1 5571.030
2015 09 05 11 30 00 1 5571.060
2015 09 05 11 45 00 1 5571.083
2015 09 05 12 00 00 1 5571.098
2015 09 05 12 15 00 1 5571.104
2015 09 05 12 30 00 1 5571.105
2015 09 05 12 45 00 1 5571.095
2015 09 05 13 00 00 1 5571.078
2015 09 05 13 15 00 1 5571.049
2015 09 05 13 30 00 1 5571.019
2015 09 05 13 45 00 1 5570.984
2015 09 05 14 00 00 1 5570.939
2015 09 05 14 15 00 1 5570.885
2015 09 05 14 30 00 1 5570.831
2015 09 05 14 45 00 1 5570.771
2015 09 05 15 00 00 1 5570.708
2015 09 05 15 15 00 1 5570.644
2015 09 05 15 30 00 1 5570.580
2015 09 05 15 45 00 1 5570.514
2015 09 05 16 00 00 1 5570.449
2015 09 05 16 15 00 1 5570.387
2015 09 05 16 30 00 1 5570.329
2015 09 05 16 45 00 1 5570.276
2015 09 05 17 00 00 1 5570.227
2015 09 05 17 15 00 1 5570.183
2015 09 05 17 30 00 1 5570.147
2015 09 05 17 45 00 1 5570.118
2015 09 05 18 00 00 1 5570.094
2015 09 05 18 15 00 1 5570.077
2015 09 05 18 30 00 1 5570.067
2015 09 05 18 45 00 1 5570.065
2015 09 05 19 00 00 1 5570.068
2015 09 05 19 15 00 1 5570.081
2015 09 05 19 30 00 1 5570.100
2015 09 05 19 45 00 1 5570.124
2015 09 05 20 00 00 1 5570.155
2015 09 05 20 15 00 1 5570.194
2015 09 05 20 30 00 1 5570.241
2015 09 05 20 45 00 1 5570.286
2015 09 05 21 00 00 1 5570.342
2015 09 05 21 15 00 1 5570.396
2015 09 05 21 30 00 1 5570.455
2015 09 05 21 45 00 1 5570.513
2015 09 05 22 00 00 1 5570.575
2015 09 05 22 15 00 1 5570.632
2015 09 05 22 30 00 1 5570.687
2015 09 05 22 45 00 1 5570.739
2015 09 05 23 00 00 1 5570.789
2015 09 05 23 15 00 1 5570.833
2015 09 05 23 30 00 1 5570.871
2015 09 05 23 45 00 1 5570.908
2015 09 06 00 00 00 1 5570.934
2015 09 06 00 15 00 1 5570.954
2015 09 06 00 30 00 1 5570.969
2015 09 06 00 45 00 1 5570.980
2015 09 06 01 00 00 1 5570.980
2015 09 06 01 15 00 1 5570.973
2015 09 06 01 30 00 1 5570.960
2015 09 06 01 45 00 1 5570.939
2015 09 06 02 00 00 1 5570.912
2015 09 06 02 15 00 1 5570.876
2015 09 06 02 30 00 1 5570.838
2015 09 06 02 45 00 1 5570.795
2015 09 06 03 00 00 1 5570.749
2015 09 06 03 15 00 1 5570.699
2015 09 06 03 30 00 1 5570.647
2015 09 06 03 45 00 1 5570.596
2015 09 06 04 00 00 1 5570.545
2015 09 06 04 15 00 1 5570.492
2015 09 06 04 30 00 1 5570.439
2015 09 06 04 45 00 1 5570.391
2015 09 06 05 00 00 1 5570.344
2015 09 06 05 15 00 1 5570.301
2015 09 06 05 30 00 1 5570.264
2015 09 06 05 45 00 1 5570.229
2015 09 06 06 00 00 1 5570.201
2015 09 06 06 15 00 1 5570.177
2015 09 06 06 30 00 1 5570.162
2015 09 06 06 45 00 1 5570.153
2015 09 06 07 00 00 1 5570.149
2015 09 06 07 15 00 1 5570.154
2015 09 06 07 30 00 1 5570.166
2015 09 06 07 45 00 1 5570.182
2015 09 06 08 00 00 1 5570.207
2015 09 06 08 15 00 1 5570.233
2015 09 06 08 30 00 1 5570.265
2015 09 06 08 45 00 1 5570.305
2015 09 06 09 00 00 1 5570.346
2015 09 06 09 15 00 1 5570.392
2015 09 06 09 30 00 1 5570.442
2015 09 06 09 45 00 1 5570.497
2015 09 06 10 00 00 1 5570.553
2015 09 06 10 15 00 1 5570.608
2015 09 06 10 30 00 1 5570.663
2015 09 06 10 45 00 1 5570.721
2015 09 06 11 00 00 1 5570.776
2015 09 06 11 15 00 1 5570.826
2015 09 06 11 30 00 1 5570.874
2015 09 06 11 45 00 1 5570.916
2015 09 06 12 00 00 1 5570.954
2015 09 06 12 15 00 1 5570.984
2015 09 06 12 30 00 1 5571.010
2015 09 06 12 45 00 1 5571.029
2015 09 06 13 00 00 1 5571.042
2015 09 06 13 15 00 1 5571.045
2015 09 06 13 30 00 1 5571.045
2015 09 06 13 45 00 1 5571.033
2015 09 06 14 00 00 1 5571.013
2015 09 06 14 15 00 1 5570.988
2015 09 06 14 30 00 1 5570.958
2015 09 06 14 45 00 1 5570.921
2015 09 06 15 00 00 1 5570.879
2015 09 06 15 15 00 1 5570.836
2015 09 06 15 30 00 1 5570.789
2015 09 06 15 45 00 1 5570.735
2015 09 06 16 00 00 1 5570.679
2015 09 06 16 15 00 1 5570.626
2015 09 06 16 30 00 1 5570.567
2015 09 06 16 45 00 1 5570.512
2015 09 06 17 00 00 1 5570.460
2015 09 06 17 15 00 1 5570.407
2015 09 06 17 30 00 1 5570.355
2015 09 06 17 45 00 1 5570.308
2015 09 06 18 00 00 1 5570.269
2015 09 06 18 15 00 1 5570.230
2015 09 06 18 30 00 1 5570.195
2015 09 06 18 45 00 1 5570.166
2015 09 06 19 00 00 1 5570.146
2015 09 06 19 15 00 1 5570.128
2015 09 06 19 30 00 1 5570.117
2015 09 06 19 45 00 1 5570.116
2015 09 06 20 00 00 1 5570.121
2015 09 06 20 15 00 1 5570.133
2015 09 06 20 30 00 1 5570.157
2015 09 06 20 45 00 1 5570.179
2015 09 06 21 00 00 1 5570.208
2015 09 06 21 15 00 1 5570.243
2015 09 06 21 30 00 1 5570.282
2015 09 06 21 45 00 1 5570.324
2015 09 06 22 00 00 1 5570.374
2015 09 06 22 15 00 1 5570.422
2015 09 06 22 30 00 1 5570.473
2015 09 06 22 45 00 1 5570.525
2015 09 06 23 00 00 1 5570.576
2015 09 06 23 15 00 1 5570.628
2015 09 06 23 30 00 1 5570.677
2015 09 06 23 45 00 1 5570.725
2015 09 07 00 00 00 1 5570.770
2015 09 07 00 15 00 1 5570.813
2015 09 07 00 30 00 1 5570.846
2015 09 07 00 45 00 1 5570.876
2015 09 07 01 00 00 1 5570.899
2015 09 07 01 15 00 1 5570.912
2015 09 07 01 30 00 1 5570.924
2015 09 07 01 45 00 1 5570.929
2015 09 07 02 00 00 1 5570.932
2015 09 07 02 15 00 1 5570.924
2015 09 07 02 30 00 1 5570.908
2015 09 07 02 45 00 1 5570.888
2015 09 07 03 00 00 1 5570.862
2015 09 07 03 15 00 1 5570.837
2015 09 07 03 30 00 1 5570.802
2015 09 07 03 45 00 1 5570.763
2015 09 07 04 00 00 1 5570.722
2015 09 07 04 15 00 1 5570.678
2015 09 07 04 30 00 1 5570.632
2015 09 07 04 45 00 1 5570.586
2015 09 07 05 00 00 1 5570.541
2015 09 07 05 15 00 1 5570.495
2015 09 07 05 30 00 1 5570.451
2015 09 07 05 45 00 1 5570.408
2015 09 07 06 00 00 1 5570.367
2015 09 07 06 15 00 1 5570.331
2015 09 07 06 30 00 1 5570.294
2015 09 07 06 45 00 1 5570.265
2015 09 07 07 00 00 1 5570.245
2015 09 07 07 15 00 1 5570.225
2015 09 07 07 30 00 1 5570.211
2015 09 07 07 45 00 1 5570.207
2015 09 07 08 00 00 1 5570.202
2015 09 07 08 15 00 1 5570.204
2015 09 07 08 30 00 1 5570.209
2015 09 07 08 45 00 1 5570.227
2015 09 07 09 00 00 1 5570.249
2015 09 07 09 15 00 1 5570.274
2015 09 07 09 30 00 1 5570.309
2015 09 07 09 45 00 1 5570.337
2015 09 07 10 00 00 1 5570.380
2015 09 07 10 15 00 1 5570.426
2015 09 07 10 30 00 1 5570.478
2015 09 07 10 45 00 1 5570.524
2015 09 07 11 00 00 1 5570.573
2015 09 07 11 15 00 1 5570.623
2015 09 07 11 30 00 1 5570.674
2015 09 07 11 45 00 1 5570.723
2015 09 07 12 00 00 1 5570.769
2015 09 07 12 15 00 1 5570.810
2015 09 07 12 30 00 1 5570.853
2015 09 07 12 45 00 1 5570.890
2015 09 07 13 00 00 1 5570.923
2015 09 07 13 15 00 1 5570.949
2015 09 07 13 30 00 1 5570.972
2015 09 07 13 45 00 1 5570.989
2015 09 07 14 00 00 1 5570.996
2015 09 07 14 15 00 1 5570.997
2015 09 07 14 30 00 1 5570.992
2015 09 07 14 45 00 1 5570.988
2015 09 07 15 00 00 1 5570.967
2015 09 07 15 15 00 1 5570.945
2015 09 07 15 30 00 1 5570.916
2015 09 07 15 45 00 1 5570.884
2015 09 07 16 00 00 1 5570.849
2015 09 07 16 15 00 1 5570.808
2015 09 07 16 30 00 1 5570.768
2015 09 07 16 45 00 1 5570.721
2015 09 07 17 00 00 1 5570.671
2015 09 07 17 15 00 1 5570.623
2015 09 07 17 30 00 1 5570.577
2015 09 07 17 45 00 1 5570.527
2015 09 07 18 00 00 1 5570.475
2015 09 07 18 15 00 1 5570.426
2015 09 07 18 30 00 1 5570.377
2015 09 07 18 45 00 1 5570.336
2015 09 07 19 00 00 1 5570.297
2015 09 07 19 15 00 1 5570.262
2015 09 07 19 30 00 1 5570.230
2015 09 07 19 45 00 1 5570.206
2015 09 07 20 00 00 1 5570.184
2015 09 07 20 15 00 1 5570.169
2015 09 07 20 30 00 1 5570.165
2015 09 07 20 45 00 1 5570.165
2015 09 07 21 00 00 1 5570.170
2015 09 07 21 15 00 1 5570.180
2015 09 07 21 30 00 1 5570.200
2015 09 07 21 45 00 1 5570.219
2015 09 07 22 00 00 1 5570.248
2015 09 07 22 15 00 1 5570.278
2015 09 07 22 30 00 1 5570.313
2015 09 07 22 45 00 1 5570.352
2015 09 07 23 00 00 1 5570.393
2015 09 07 23 15 00 1 5570.438
2015 09 07 23 30 00 1 5570.488
2015 09 07 23 45 00 1 5570.536
2015 09 08 00 00 00 1 5570.581
2015 09 08 00 15 00 1 5570.628
2015 09 08 00 30 00 1 5570.676
2015 09 08 00 45 00 1 5570.720
2015 09 08 01 00 00 1 5570.757
2015 09 08 01 15 00 1 5570.795
2015 09 08 01 30 00 1 5570.828
2015 09 08 01 45 00 1 5570.854
2015 09 08 02 00 00 1 5570.876
2015 09 08 02 15 00 1 5570.890
2015 09 08 02 30 00 1 5570.898
2015 09 08 02 45 00 1 5570.904
2015 09 08 03 00 00 1 5570.902
2015 09 08 03 15 00 1 5570.897
2015 09 08 03 30 00 1 5570.883
2015 09 08 03 45 00 1 5570.867
2015 09 08 04 00 00 1 5570.845
2015 09 08 04 15 00 1 5570.815
2015 09 08 04 30 00 1 5570.785
2015 09 08 04 45 00 1 5570.753
2015 09 08 05 00 00 1 5570.717
2015 09 08 05 15 00 1 5570.675
2015 09 08 05 30 00 1 5570.635
2015 09 08 05 45 00 1 5570.595
2015 09 08 06 00 00 1 5570.552
2015 09 08 06 15 00 1 5570.509
2015 09 08 06 30 00 1 5570.472
2015 09 08 06 45 00 1 5570.434
2015 09 08 07 00 00 1 5570.401
2015 09 08 07 15 00 1 5570.365
2015 09 08 07 30 00 1 5570.335
2015 09 08 07 45 00 1 5570.309
2015 09 08 08 00 00 1 5570.285
2015 09 08 08 15 00 1 5570.268
2015 09 08 08 30 00 1 5570.256
2015 09 08 08 45 00 1 5570.249
2015 09 08 09 00 00 1 5570.244
2015 09 08 09 15 00 1 5570.247
2015 09 08 09 30 00 1 5570.256
2015 09 08 09 45 00 1 5570.269
2015 09 08 10 00 00 1 5570.288
2015 09 08 10 15 00 1 5570.312
2015 09 08 10 30 00 1 5570.335
2015 09 08 10 45 00 1 5570.366
2015 09 08 11 00 00 1 5570.402
2015 09 08 11 15 00 1 5570.441
2015 09 08 11 30 00 1 5570.484
2015 09 08 11 45 00 1 5570.525
2015 09 08 12 00 00 1 5570.568
2015 09 08 12 15 00 1 5570.614
2015 09 08 12 30 00 1 5570.661
2015 09 08 12 45 00 1 5570.703
2015 09 08 13 00 00 1 5570.744
2015 09 08 13 15 00 1 5570.785
2015 09 08 13 30 00 1 5570.826
2015 09 08 13 45 00 1 5570.865
2015 09 08 14 00 00 1 5570.893
2015 09 08 14 15 00 1 5570.917
2015 09 08 14 30 00 1 5570.937
2015 09 08 14 45 00 1 5570.950
2015 09 08 15 00 00 1 5570.959
2015 09 08 15 15 00 1 5570.963
2015 09 08 15 30 00 1 5570.959
2015 09 08 15 45 00 1 5570.949
2015 09 08 16 00 00 1 5570.933
2015 09 08 16 15 00 1 5570.916
2015 09 08 16 30 00 1 5570.893
2015 09 08 16 45 00 1 5570.864
2015 09 08 17 00 00 1 5570.834
2015 09 08 17 15 00 1 5570.794
2015 09 08 17 30 00 1 5570.752
2015 09 08 17 45 00 1 5570.713
2015 09 08 18 00 00 1 5570.666
2015 09 08 18 15 00 1 5570.620
2015 09 08 18 30 00 1 5570.571
2015 09 08 18 45 00 1 5570.522
2015 09 08 19 00 00 1 5570.473
2015 09 08 19 15 00 1 5570.429
2015 09 08 19 30 00 1 5570.385
2015 09 08 19 45 00 1 5570.348
2015 09 08 20 00 00 1 5570.310
2015 09 08 20 15 00 1 5570.279
2015 09 08 20 30 00 1 5570.252
2015 09 08 20 45 00 1 5570.230
2015 09 08 21 00 00 1 5570.211
2015 09 08 21 15 00 1 5570.203
2015 09 08 21 30 00 1 5570.194
2015 09 08 21 45 00 1 5570.193
2015 09 08 22 00 00 1 5570.197
2015 09 08 22 15 00 1 5570.207
2015 09 08 22 30 00 1 5570.219
2015 09 08 22 45 00 1 5570.241
2015 09 08 23 00 00 1 5570.265
2015 09 08 23 15 00 1 5570.293
2015 09 08 23 30 00 1 5570.326
2015 09 08 23 45 00 1 5570.360
2015 09 09 00 00 00 1 5570.399
2015 09 09 00 15 00 1 5570.444
2015 09 09 00 30 00 1 5570.485
2015 09 09 00 45 00 1 5570.530
2015 09 09 01 00 00 1 5570.575
2015 09 09 01 15 00 1 5570.614
2015 09 09 01 30 00 1 5570.656
2015 09 09 01 45 00 1 5570.694
2015 09 09 02 00 00 1 5570.732
2015 09 09 02 15 00 1 5570.764
2015 09 09 02 30 00 1 5570.794
2015 09 09 02 45 00 1 5570.821
2015 09 09 03 00 00 1 5570.841
2015 09 09 03 15 00 1 5570.857
2015 09 09 03 30 00 1 5570.865
2015 09 09 03 45 00 1 5570.870
2015 09 09 04 00 00 1 5570.871
2015 09 09 04 15 00 1 5570.865
2015 09 09 04 30 00 1 5570.855
2015 09 09 04 45 00 1 5570.840
2015 09 09 05 00 00 1 5570.821
2015 09 09 05 15 00 1 5570.796
2015 09 09 05 30 00 1 5570.767
2015 09 09 05 45 00 1 5570.738
2015 09 09 06 00 00 1 5570.703
2015 09 09 06 15 00 1 5570.669
2015 09 09 06 30 00 1 5570.630
2015 09 09 06 45 00 1 5570.592
2015 09 09 07 00 00 1 5570.553
2015 09 09 07 15 00 1 5570.513
2015 09 09 07 30 00 1 5570.475
2015 09 09 07 45 00 1 5570.439
2015 09 09 08 00 00 1 5570.405
2015 09 09 08 15 00 1 5570.372
2015 09 09 08 30 00 1 5570.341
2015 09 09 08 45 00 1 5570.315
2015 09 09 09 00 00 1 5570.292
2015 09 09 09 15 00 1 5570.272
2015 09 09 09 30 00 1 5570.262
2015 09 09 09 45 00 1 5570.255
2015 09 09 10 00 00 1 5570.252
2015 09 09 10 15 00 1 5570.255
2015 09 09 10 30 00 1 5570.263
2015 09 09 10 45 00 1 5570.276
2015 09 09 11 00 00 1 5570.297
2015 09 09 11 15 00 1 5570.318
2015 09 09 11 30 00 1 5570.344
2015 09 09 11 45 00 1 5570.371
2015 09 09 12 00 00 1 5570.406
2015 09 09 12 15 00 1 5570.441
2015 09 09 12 30 00 1 5570.480
2015 09 09 12 45 00 1 5570.522
2015 09 09 13 00 00 1 5570.566
2015 09 09 13 15 00 1 5570.608
2015 09 09 13 30 00 1 5570.651
2015 09 09 13 45 00 1 5570.693
2015 09 09 14 00 00 1 5570.734
2015 09 09 14 15 00 1 5570.770
2015 09 09 14 30 00 1 5570.803
2015 09 09 14 45 00 1 5570.834
2015 09 09 15 00 00 1 5570.861
2015 09 09 15 15 00 1 5570.886
2015 09 09 15 30 00 1 5570.906
2015 09 09 15 45 00 1 5570.924
2015 09 09 16 00 00 1 5570.933
2015 09 09 16 15 00 1 5570.935
2015 09 09 16 30 00 1 5570.934
2015 09 09 16 45 00 1 5570.927
2015 09 09 17 00 00 1 5570.914
2015 09 09 17 15 00 1 5570.896
2015 09 09 17 30 00 1 5570.874
2015 09 09 17 45 00 1 5570.845
2015 09 09 18 00 00 1 5570.815
2015 09 09 18 15 00 1 5570.776
2015 09 09 18 30 00 1 5570.737
2015 09 09 18 45 00 1 5570.694
2015 09 09 19 00 00 1 5570.646
2015 09 09 19 15 00 1 5570.598
2015 09 09 19 30 00 1 5570.552
2015 09 09 19 45 00 1 5570.504
2015 09 09 20 00 00 1 5570.459
2015 09 09 20 15 00 1 5570.415
2015 09 09 20 30 00 1 5570.371
2015 09 09 20 45 00 1 5570.335
2015 09 09 21 00 00 1 5570.299
2015 09 09 21 15 00 1 5570.269
2015 09 09 21 30 00 1 5570.246
2015 09 09 21 45 00 1 5570.223
2015 09 09 22 00 00 1 5570.205
2015 09 09 22 15 00 1 5570.195
2015 09 09 22 30 00 1 5570.189
2015 09 09 22 45 00 1 5570.187
2015 09 09 23 00 00 1 5570.194
2015 09 09 23 15 00 1 5570.203
2015 09 09 23 30 00 1 5570.218
2015 09 09 23 45 00 1 5570.241
2015 09 10 00 00 00 1 5570.268
2015 09 10 00 15 00 1 5570.295
2015 09 10 00 30 00 1 5570.331
2015 09 10 00 45 00 1 5570.365
2015 09 10 01 00 00 1 5570.402
2015 09 10 01 15 00 1 5570.441
2015 09 10 01 30 00 1 5570.484
2015 09 10 01 45 00 1 5570.528
2015 09 10 02 00 00 1 5570.571
2015 09 10 02 15 00 1 5570.616
2015 09 10 02 30 00 1 5570.658
2015 09 10 02 45 00 1 5570.700
2015 09 10 03 00 00 1 5570.738
2015 09 10 03 15 00 1 5570.771
2015 09 10 03 30 00 1 5570.802
2015 09 10 03 45 00 1 5570.823
2015 09 10 04 00 00 1 5570.844
2015 09 10 04 15 00 1 5570.858
2015 09 10 04 30 00 1 5570.867
2015 09 10 04 45 00 1 5570.873
2015 09 10 05 00 00 1 5570.873
2015 09 10 05 15 00 1 5570.866
2015 09 10 05 30 00 1 5570.855
2015 09 10 05 45 00 1 5570.838
2015 09 10 06 00 00 1 5570.815
2015 09 10 06 15 00 1 5570.793
2015 09 10 06 30 00 1 5570.763
2015 09 10 06 45 00 1 5570.733
2015 09 10 07 00 00 1 5570.696
2015 09 10 07 15 00 1 5570.662
2015 09 10 07 30 00 1 5570.623
2015 09 10 07 45 00 1 5570.585
2015 09 10 08 00 00 1 5570.543
2015 09 10 08 15 00 1 5570.504
2015 09 10 08 30 00 1 5570.464
2015 09 10 08 45 00 1 5570.427
2015 09 10 09 00 00 1 5570.392
2015 09 10 09 15 00 1 5570.356
2015 09 10 09 30 00 1 5570.327
2015 09 10 09 45 00 1 5570.301
2015 09 10 10 00 00 1 5570.278
2015 09 10 10 15 00 1 5570.262
2015 09 10 10 30 00 1 5570.250
2015 09 10 10 45 00 1 5570.244
2015 09 10 11 00 00 1 5570.240
2015 09 10 11 15 00 1 5570.244
2015 09 10 11 30 00 1 5570.254
2015 09 10 11 45 00 1 5570.269
2015 09 10 12 00 00 1 5570.286
2015 09 10 12 15 00 1 5570.309
2015 09 10 12 30 00 1 5570.337
2015 09 10 12 45 00 1 5570.367
2015 09 10 13 00 00 1 5570.402
2015 09 10 13 15 00 1 5570.441
2015 09 10 13 30 00 1 5570.480
2015 09 10 13 45 00 1 5570.522
2015 09 10 14 00 00 1 5570.565
2015 09 10 14 15 00 1 5570.608
2015 09 10 14 30 00 1 5570.651
2015 09 10 14 45 00 1 5570.692
2015 09 10 15 00 00 1 5570.732
2015 09 10 15 15 00 1 5570.770
2015 09 10 15 30 00 1 5570.807
2015 09 10 15 45 00 1 5570.839
2015 09 10 16 00 00 1 5570.869
2015 09 10 16 15 00 1 5570.892
2015 09 10 16 30 00 1 5570.912
2015 09 10 16 45 00 1 5570.924
2015 09 10 17 00 00 1 5570.930
2015 09 10 17 15 00 1 5570.935
2015 09 10 17 30 00 1 5570.932
2015 09 10 17 45 00 1 5570.923
2015 09 10 18 00 00 1 5570.908
2015 09 10 18 15 00 1 5570.884
2015 09 10 18 30 00 1 5570.862
2015 09 10 18 45 00 1 5570.830
2015 09 10 19 00 00 1 5570.796
2015 09 10 19 15 00 1 5570.758
2015 09 10 19 30 00 1 5570.713
2015 09 10 19 45 00 1 5570.669
2015 09 10 20 00 00 1 5570.624
2015 09 10 20 15 00 1 5570.579
2015 09 10 20 30 00 1 5570.530
2015 09 10 20 45 00 1 5570.485
2015 09 10 21 00 00 1 5570.439
2015 09 10 21 15 00 1 5570.395
2015 09 10 21 30 00 1 5570.355
2015 09 10 21 45 00 1 5570.314
2015 09 10 22 00 00 1 5570.282
2015 09 10 22 15 00 1 5570.255
2015 09 10 22 30 00 1 5570.227
2015 09 10 22 45 00 1 5570.204
2015 09 10 23 00 00 1 5570.191
2015 09 10 23 15 00 1 5570.181
2015 09 10 23 30 00 1 5570.179
2015 09 10 23 45 00 1 5570.179
2015 09 11 00 00 00 1 5570.191
2015 09 11 00 15 00 1 5570.203
2015 09 11 00 30 00 1 5570.222
2015 09 11 00 45 00 1 5570.249
2015 09 11 01 00 00 1 5570.276
2015 09 11 01 15 00 1 5570.309
2015 09 11 01 30 00 1 5570.341
2015 09 11 01 45 00 1 5570.382
2015 09 11 02 00 00 1 5570.426
2015 09 11 02 15 00 1 5570.468
2015 09 11 02 30 00 1 5570.511
2015 09 11 02 45 00 1 5570.555
2015 09 11 03 00 00 1 5570.600
2015 09 11 03 15 00 1 5570.642
2015 09 11 03 30 00 1 5570.682
2015 09 11 03 45 00 1 5570.724
2015 09 11 04 00 00 1 5570.757
2015 09 11 04 15 00 1 5570.789
2015 09 11 04 30 00 1 5570.817
2015 09 11 04 45 00 1 5570.842
2015 09 11 05 00 00 1 5570.863
2015 09 11 05 15 00 1 5570.876
2015 09 11 05 30 00 1 5570.883
2015 09 11 05 45 00 1 5570.885
2015 09 11 06 00 00 1 5570.883
2015 09 11 06 15 00 1 5570.873
2015 09 11 06 30 00 1 5570.859
2015 09 11 06 45 00 1 5570.842
2015 09 11 07 00 00 1 5570.817
2015 09 11 07 15 00 1 5570.793
2015 09 11 07 30 00 1 5570.760
2015 09 11 07 45 00 1 5570.725
2015 09 11 08 00 00 1 5570.684
2015 09 11 08 15 00 1 5570.645
2015 09 11 08 30 00 1 5570.604
2015 09 11 08 45 00 1 5570.562
2015 09 11 09 00 00 1 5570.518
2015 09 11 09 15 00 1 5570.475
2015 09 11 09 30 00 1 5570.439
2015 09 11 09 45 00 1 5570.401
2015 09 11 10 00 00 1 5570.367
2015 09 11 10 15 00 1 5570.335
2015 09 11 10 30 00 1 5570.306
2015 09 11 10 45 00 1 5570.281
2015 09 11 11 00 00 1 5570.265
2015 09 11 11 15 00 1 5570.252
2015 09 11 11 30 00 1 5570.241
2015 09 11 11 45 00 1 5570.235
2015 09 11 12 00 00 1 5570.236
2015 09 11 12 15 00 1 5570.241
2015 09 11 12 30 00 1 5570.252
2015 09 11 12 45 00 1 5570.267
2015 09 11 13 00 00 1 5570.286
2015 09 11 13 15 00 1 5570.312
2015 09 11 13 30 00 1 5570.343
2015 09 11 13 45 00 1 5570.374
2015 09 11 14 00 00 1 5570.411
2015 09 11 14 15 00 1 5570.447
2015 09 11 14 30 00 1 5570.489
2015 09 11 14 45 00 1 5570.533
2015 09 11 15 00 00 1 5570.575
2015 09 11 15 15 00 1 5570.620
2015 09 11 15 30 00 1 5570.664
2015 09 11 15 45 00 1 5570.710
2015 09 11 16 00 00 1 5570.755
2015 09 11 16 15 00 1 5570.794
2015 09 11 16 30 00 1 5570.830
2015 09 11 16 45 00 1 5570.863
2015 09 11 17 00 00 1 5570.890
2015 09 11 17 15 00 1 5570.909
2015 09 11 17 30 00 1 5570.929
2015 09 11 17 45 00 1 5570.942
2015 09 11 18 00 00 1 5570.945
2015 09 11 18 15 00 1 5570.943
2015 09 11 18 30 00 1 5570.938
2015 09 11 18 45 00 1 5570.924
2015 09 11 19 00 00 1 5570.906
2015 09 11 19 15 00 1 5570.883
2015 09 11 19 30 00 1 5570.855
2015 09 11 19 45 00 1 5570.822
2015 09 11 20 00 00 1 5570.784
2015 09 11 20 15 00 1 5570.742
2015 09 11 20 30 00 1 5570.699
2015 09 11 20 45 00 1 5570.652
2015 09 11 21 00 00 1 5570.606
2015 09 11 21 15 00 1 5570.558
2015 09 11 21 30 00 1 5570.510
2015 09 11 21 45 00 1 5570.461
2015 09 11 22 00 00 1 5570.416
2015 09 11 22 15 00 1 5570.374
2015 09 11 22 30 00 1 5570.333
2015 09 11 22 45 00 1 5570.296
2015 09 11 23 00 00 1 5570.260
2015 09 11 23 15 00 1 5570.236
2015 09 11 23 30 00 1 5570.214
2015 09 11 23 45 00 1 5570.196
2015 09 12 00 00 00 1 5570.185
2015 09 12 00 15 00 1 5570.182
2015 09 12 00 30 00 1 5570.185
2015 09 12 00 45 00 1 5570.191
2015 09 12 01 00 00 1 5570.203
2015 09 12 01 15 00 1 5570.219
2015 09 12 01 30 00 1 5570.242
2015 09 12 01 45 00 1 5570.269
2015 09 12 02 00 00 1 5570.301
2015 09 12 02 15 00 1 5570.341
2015 09 12 02 30 00 1 5570.379
2015 09 12 02 45 00 1 5570.422
2015 09 12 03 00 00 1 5570.467
2015 09 12 03 15 00 1 5570.514
2015 09 12 03 30 00 1 5570.563
2015 09 12 03 45 00 1 5570.612
2015 09 12 04 00 00 1 5570.657
2015 09 12 04 15 00 1 5570.700
2015 09 12 04 30 00 1 5570.741
2015 09 12 04 45 00 1 5570.780
2015 09 12 05 00 00 1 5570.811
2015 09 12 05 15 00 1 5570.842
2015 09 12 05 30 00 1 5570.865
2015 09 12 05 45 00 1 5570.882
2015 09 12 06 00 00 1 5570.899
2015 09 12 06 15 00 1 5570.908
2015 09 12 06 30 00 1 5570.910
2015 09 12 06 45 00 1 5570.909
2015 09 12 07 00 00 1 5570.900
2015 09 12 07 15 00 1 5570.887
2015 09 12 07 30 00 1 5570.869
2015 09 12 07 45 00 1 5570.844
2015 09 12 08 00 00 1 5570.812
2015 09 12 08 15 00 1 5570.779
2015 09 12 08 30 00 1 5570.739
2015 09 12 08 45 00 1 5570.701
2015 09 12 09 00 00 1 5570.661
2015 09 12 09 15 00 1 5570.616
2015 09 12 09 30 00 1 5570.569
2015 09 12 09 45 00 1 5570.523
2015 09 12 10 00 00 1 5570.479
2015 09 12 10 15 00 1 5570.436
2015 09 12 10 30 00 1 5570.396
2015 09 12 10 45 00 1 5570.356
2015 09 12 11 00 00 1 5570.323
2015 09 12 11 15 00 1 5570.295
2015 09 12 11 30 00 1 5570.267
2015 09 12 11 45 00 1 5570.245
2015 09 12 12 00 00 1 5570.227
2015 09 12 12 15 00 1 5570.213
2015 09 12 12 30 00 1 5570.205
2015 09 12 12 45 00 1 5570.204
2015 09 12 13 00 00 1 5570.206
2015 09 12 13 15 00 1 5570.216
2015 09 12 13 30 00 1 5570.232
2015 09 12 13 45 00 1 5570.248
2015 09 12 14 00 00 1 5570.274
2015 09 12 14 15 00 1 5570.305
2015 09 12 14 30 00 1 5570.338
2015 09 12 14 45 00 1 5570.375
2015 09 12 15 00 00 1 5570.415
2015 09 12 15 15 00 1 5570.463
2015 09 12 15 30 00 1 5570.512
2015 09 12 15 45 00 1 5570.564
2015 09 12 16 00 00 1 5570.611
2015 09 12 16 15 00 1 5570.660
2015 09 12 16 30 00 1 5570.705
2015 09 12 16 45 00 1 5570.750
2015 09 12 17 00 00 1 5570.790
2015 09 12 17 15 00 1 5570.829
2015 09 12 17 30 00 1 5570.863
2015 09 12 17 45 00 1 5570.892
2015 09 12 18 00 00 1 5570.914
2015 09 12 18 15 00 1 5570.933
2015 09 12 18 30 00 1 5570.949
2015 09 12 18 45 00 1 5570.955
2015 09 12 19 00 00 1 5570.953
2015 09 12 19 15 00 1 5570.944
2015 09 12 19 30 00 1 5570.934
2015 09 12 19 45 00 1 5570.915
2015 09 12 20 00 00 1 5570.891
2015 09 12 20 15 00 1 5570.860
2015 09 12 20 30 00 1 5570.824
2015 09 12 20 45 00 1 5570.783
2015 09 12 21 00 00 1 5570.740
2015 09 12 21 15 00 1 5570.695
2015 09 12 21 30 00 1 5570.648
2015 09 12 21 45 00 1 5570.596
2015 09 12 22 00 00 1 5570.544
2015 09 12 22 15 00 1 5570.497
2015 09 12 22 30 00 1 5570.446
2015 09 12 22 45 00 1 5570.398
2015 09 12 23 00 00 1 5570.355
2015 09 12 23 15 00 1 5570.315
2015 09 12 23 30 00 1 5570.274
2015 09 12 23 45 00 1 5570.241
2015 09 13 00 00 00 1 5570.212
2015 09 13 00 15 00 1 5570.188
2015 09 13 00 30 00 1 5570.171
2015 09 13 00 45 00 1 5570.162
2015 09 13 01 00 00 1 5570.153
2015 09 13 01 15 00 1 5570.155
2015 09 13 01 30 00 1 5570.161
2015 09 13 01 45 00 1 5570.173
2015 09 13 02 00 00 1 5570.192
2015 09 13 02 15 00 1 5570.217
2015 09 13 02 30 00 1 5570.248
2015 09 13 02 45 00 1 5570.285
2015 09 13 03 00 00 1 5570.325
2015 09 13 03 15 00 1 5570.367
2015 09 13 03 30 00 1 5570.413
2015 09 13 03 45 00 1 5570.459
2015 09 13 04 00 00 1 5570.512
2015 09 13 04 15 00 1 5570.559
2015 09 13 04 30 00 1 5570.608
2015 09 13 04 45 00 1 5570.657
2015 09 13 05 00 00 1 5570.703
2015 09 13 05 15 00 1 5570.746
2015 09 13 05 30 00 1 5570.784
2015 09 13 05 45 00 1 5570.819
2015 09 13 06 00 00 1 5570.849
2015 09 13 06 15 00 1 5570.876
2015 09 13 06 30 00 1 5570.896
2015 09 13 06 45 00 1 5570.909
2015 09 13 07 00 00 1 5570.917
2015 09 13 07 15 00 1 5570.917
2015 09 13 07 30 00 1 5570.913
2015 09 13 07 45 00 1 5570.903
2015 09 13 08 00 00 1 5570.891
2015 09 13 08 15 00 1 5570.870
2015 09 13 08 30 00 1 5570.842
2015 09 13 08 45 00 1 5570.810
2015 09 13 09 00 00 1 5570.773
2015 09 13 09 15 00 1 5570.733
2015 09 13 09 30 00 1 5570.691
2015 09 13 09 45 00 1 5570.645
2015 09 13 10 00 00 1 5570.598
2015 09 13 10 15 00 1 5570.553
2015 09 13 10 30 00 1 5570.508
2015 09 13 10 45 00 1 5570.463
2015 09 13 11 00 00 1 5570.420
2015 09 13 11 15 00 1 5570.378
2015 09 13 11 30 00 1 5570.337
2015 09 13 11 45 00 1 5570.300
2015 09 13 12 00 00 1 5570.265
2015 09 13 12 15 00 1 5570.235
2015 09 13 12 30 00 1 5570.215
2015 09 13 12 45 00 1 5570.193
2015 09 13 13 00 00 1 5570.180
2015 09 13 13 15 00 1 5570.176
2015 09 13 13 30 00 1 5570.172
2015 09 13 13 45 00 1 5570.174
2015 09 13 14 00 00 1 5570.186
2015 09 13 14 15 00 1 5570.202
2015 09 13 14 30 00 1 5570.225
2015 09 13 14 45 00 1 5570.251
2015 09 13 15 00 00 1 5570.281
2015 09 13 15 15 00 1 5570.321
2015 09 13 15 30 00 1 5570.363
2015 09 13 15 45 00 1 5570.408
2015 09 13 16 00 00 1 5570.458
2015 09 13 16 15 00 1 5570.505
2015 09 13 16 30 00 1 5570.556
2015 09 13 16 45 00 1 5570.604
2015 09 13 17 00 00 1 5570.652
2015 09 13 17 15 00 1 5570.699
2015 09 13 17 30 00 1 5570.743
2015 09 13 17 45 00 1 5570.784
2015 09 13 18 00 00 1 5570.823
2015 09 13 18 15 00 1 5570.858
2015 09 13 18 30 00 1 5570.885
2015 09 13 18 45 00 1 5570.906
2015 09 13 19 00 00 1 5570.922
2015 09 13 19 15 00 1 5570.932
2015 09 13 19 30 00 1 5570.934
2015 09 13 19 45 00 1 5570.935
2015 09 13 20 00 00 1 5570.925
2015 09 13 20 15 00 1 5570.908
2015 09 13 20 30 00 1 5570.885
2015 09 13 20 45 00 1 5570.857
2015 09 13 21 00 00 1 5570.822
2015 09 13 21 15 00 1 5570.786
2015 09 13 21 30 00 1 5570.745
2015 09 13 21 45 00 1 5570.699
2015 09 13 22 00 00 1 5570.653
2015 09 13 22 15 00 1 5570.605
2015 09 13 22 30 00 1 5570.552
2015 09 13 22 45 00 1 5570.502
2015 09 13 23 00 00 1 5570.454
2015 09 13 23 15 00 1 5570.408
2015 09 13 23 30 00 1 5570.360
2015 09 13 23 45 00 1 5570.317
2015 09 14 00 00 00 1 5570.277
2015 09 14 00 15 00 1 5570.240
2015 09 14 00 30 00 1 5570.207
2015 09 14 00 45 00 1 5570.181
2015 09 14 01 00 00 1 5570.159
2015 09 14 01 15 00 1 5570.141
2015 09 14 01 30 00 1 5570.131
2015 09 14 01 45 00 1 5570.128
2015 09 14 02 00 00 1 5570.133
2015 09 14 02 15 00 1 5570.143
2015 09 14 02 30 00 1 5570.163
2015 09 14 02 45 00 1 5570.185
2015 09 14 03 00 00 1 5570.212
2015 09 14 03 15 00 1 5570.249
2015 09 14 03 30 00 1 5570.286
2015 09 14 03 45 00 1 5570.330
2015 09 14 04 00 00 1 5570.374
2015 09 14 04 15 00 1 5570.425
2015 09 14 04 30 00 1 5570.473
2015 09 14 04 45 00 1 5570.524
2015 09 14 05 00 00 1 5570.575
2015 09 14 05 15 00 1 5570.626
2015 09 14 05 30 00 1 5570.678
2015 09 14 05 45 00 1 5570.725
2015 09 14 06 00 00 1 5570.768
2015 09 14 06 15 00 1 5570.806
2015 09 14 06 30 00 1 5570.840
2015 09 14 06 45 00 1 5570.870
2015 09 14 07 00 00 1 5570.891
2015 09 14 07 15 00 1 5570.911
2015 09 14 07 30 00 1 5570.926
2015 09 14 07 45 00 1 5570.934
2015 09 14 08 00 00 1 5570.932
2015 09 14 08 15 00 1 5570.927
2015 09 14 08 30 00 1 5570.915
2015 09 14 08 45 00 1 5570.891
2015 09 14 09 00 00 1 5570.865
2015 09 14 09 15 00 1 5570.832
2015 09 14 09 30 00 1 5570.797
2015 09 14 09 45 00 1 5570.757
2015 09 14 10 00 00 1 5570.711
2015 09 14 10 15 00 1 5570.666
2015 09 14 10 30 00 1 5570.622
2015 09 14 10 45 00 1 5570.574
2015 09 14 11 00 00 1 5570.529
2015 09 14 11 15 00 1 5570.481
2015 09 14 11 30 00 1 5570.433
2015 09 14 11 45 00 1 5570.388
2015 09 14 12 00 00 1 5570.342
2015 09 14 12 15 00 1 5570.303
2015 09 14 12 30 00 1 5570.265
2015 09 14 12 45 00 1 5570.231
2015 09 14 13 00 00 1 5570.202
2015 09 14 13 15 00 1 5570.181
2015 09 14 13 30 00 1 5570.162
2015 09 14 13 45 00 1 5570.148
2015 09 14 14 00 00 1 5570.141
2015 09 14 14 15 00 1 5570.142
2015 09 14 14 30 00 1 5570.148
2015 09 14 14 45 00 1 5570.161
2015 09 14 15 00 00 1 5570.180
2015 09 14 15 15 00 1 5570.204
2015 09 14 15 30 00 1 5570.237
2015 09 14 15 45 00 1 5570.277
2015 09 14 16 00 00 1 5570.321
2015 09 14 16 15 00 1 5570.365
2015 09 14 16 30 00 1 5570.412
2015 09 14 16 45 00 1 5570.460
2015 09 14 17 00 00 1 5570.511
2015 09 14 17 15 00 1 5570.564
2015 09 14 17 30 00 1 5570.617
2015 09 14 17 45 00 1 5570.668
2015 09 14 18 00 00 1 5570.719
2015 09 14 18 15 00 1 5570.767
2015 09 14 18 30 00 1 5570.807
2015 09 14 18 45 00 1 5570.847
2015 09 14 19 00 00 1 5570.875
2015 09 14 19 15 00 1 5570.904
2015 09 14 19 30 00 1 5570.923
2015 09 14 19 45 00 1 5570.938
2015 09 14 20 00 00 1 5570.946
2015 09 14 20 15 00 1 5570.948
2015 09 14 20 30 00 1 5570.939
2015 09 14 20 45 00 1 5570.927
2015 09 14 21 00 00 1 5570.906
2015 09 14 21 15 00 1 5570.880
2015 09 14 21 30 00 1 5570.850
2015 09 14 21 45 00 1 5570.812
2015 09 14 22 00 00 1 5570.772
2015 09 14 22 15 00 1 5570.729
2015 09 14 22 30 00 1 5570.680
2015 09 14 22 45 00 1 5570.632
2015 09 14 23 00 00 1 5570.579
2015 09 14 23 15 00 1 5570.531
2015 09 14 23 30 00 1 5570.480
2015 09 14 23 45 00 1 5570.429
2015 09 15 00 00 00 1 5570.382
2015 09 15 00 15 00 1 5570.333
2015 09 15 00 30 00 1 5570.291
2015 09 15 00 45 00 1 5570.251
2015 09 15 01 00 00 1 5570.217
2015 09 15 01 15 00 1 5570.187
2015 09 15 01 30 00 1 5570.163
2015 09 15 01 45 00 1 5570.147
2015 09 15 02 00 00 1 5570.137
2015 09 15 02 15 00 1 5570.129
2015 09 15 02 30 00 1 5570.135
2015 09 15 02 45 00 1 5570.146
2015 09 15 03 00 00 1 5570.158
2015 09 15 03 15 00 1 5570.180
2015 09 15 03 30 00 1 5570.213
2015 09 15 03 45 00 1 5570.245
2015 09 15 04 00 00 1 5570.284
2015 09 15 04 15 00 1 5570.329
2015 09 15 04 30 00 1 5570.373
2015 09 15 04 45 00 1 5570.424
2015 09 15 05 00 00 1 5570.474
2015 09 15 05 15 00 1 5570.526
2015 09 15 05 30 00 1 5570.579
2015 09 15 05 45 00 1 5570.634
2015 09 15 06 00 00 1 5570.685
2015 09 15 06 15 00 1 5570.731
2015 09 15 06 30 00 1 5570.777
2015 09 15 06 45 00 1 5570.818
2015 09 15 07 00 00 1 5570.855
2015 09 15 07 15 00 1 5570.888
2015 09 15 07 30 00 1 5570.917
2015 09 15 07 45 00 1 5570.940
2015 09 15 08 00 00 1 5570.953
2015 09 15 08 15 00 1 5570.963
2015 09 15 08 30 00 1 5570.965
2015 09 15 08 45 00 1 5570.957
2015 09 15 09 00 00 1 5570.944
2015 09 15 09 15 00 1 5570.927
2015 09 15 09 30 00 1 5570.901
2015 09 15 09 45 00 1 5570.869
2015 09 15 10 00 00 1 5570.838
2015 09 15 10 15 00 1 5570.798
2015 09 15 10 30 00 1 5570.756
2015 09 15 10 45 00 1 5570.713
2015 09 15 11 00 00 1 5570.662
2015 09 15 11 15 00 1 5570.611
2015 09 15 11 30 00 1 5570.562
2015 09 15 11 45 00 1 5570.512
2015 09 15 12 00 00 1 5570.462
2015 09 15 12 15 00 1 5570.414
2015 09 15 12 30 00 1 5570.366
2015 09 15 12 45 00 1 5570.323
2015 09 15 13 00 00 1 5570.283
2015 09 15 13 15 00 1 5570.249
2015 09 15 13 30 00 1 5570.217
2015 09 15 13 45 00 1 5570.190
2015 09 15 14 00 00 1 5570.168
2015 09 15 14 15 00 1 5570.153
2015 09 15 14 30 00 1 5570.144
2015 09 15 14 45 00 1 5570.143
2015 09 15 15 00 00 1 5570.149
2015 09 15 15 15 00 1 5570.161
2015 09 15 15 30 00 1 5570.180
2015 09 15 15 45 00 1 5570.206
2015 09 15 16 00 00 1 5570.237
2015 09 15 16 15 00 1 5570.269
2015 09 15 16 30 00 1 5570.308
2015 09 15 16 45 00 1 5570.354
2015 09 15 17 00 00 1 5570.403
2015 09 15 17 15 00 1 5570.454
2015 09 15 17 30 00 1 5570.506
2015 09 15 17 45 00 1 5570.558
2015 09 15 18 00 00 1 5570.610
2015 09 15 18 15 00 1 5570.659
2015 09 15 18 30 00 1 5570.707
2015 09 15 18 45 00 1 5570.757
2015 09 15 19 00 00 1 5570.800
2015 09 15 19 15 00 1 5570.840
2015 09 15 19 30 00 1 5570.875
2015 09 15 19 45 00 1 5570.901
2015 09 15 20 00 00 1 5570.926
2015 09 15 20 15 00 1 5570.944
2015 09 15 20 30 00 1 5570.956
2015 09 15 20 45 00 1 5570.961
2015 09 15 21 00 00 1 5570.957
2015 09 15 21 15 00 1 5570.947
2015 09 15 21 30 00 1 5570.929
2015 09 15 21 45 00 1 5570.906
2015 09 15 22 00 00 1 5570.878
2015 09 15 22 15 00 1 5570.844
2015 09 15 22 30 00 1 5570.808
2015 09 15 22 45 00 1 5570.766
2015 09 15 23 00 00 1 5570.721
2015 09 15 23 15 00 1 5570.674
2015 09 15 23 30 00 1 5570.624
2015 09 15 23 45 00 1 5570.575
2015 09 16 00 00 00 1 5570.529
2015 09 16 00 15 00 1 5570.479
2015 09 16 00 30 00 1 5570.431
2015 09 16 00 45 00 1 5570.385
2015 09 16 01 00 00 1 5570.341
2015 09 16 01 15 00 1 5570.300
2015 09 16 01 30 00 1 5570.264
2015 09 16 01 45 00 1 5570.233
2015 09 16 02 00 00 1 5570.207
2015 09 16 02 15 00 1 5570.188
2015 09 16 02 30 00 1 5570.176
2015 09 16 02 45 00 1 5570.172
2015 09 16 03 00 00 1 5570.169
2015 09 16 03 15 00 1 5570.174
2015 09 16 03 30 00 1 5570.185
2015 09 16 03 45 00 1 5570.205
2015 09 16 04 00 00 1 5570.231
2015 09 16 04 15 00 1 5570.262
2015 09 16 04 30 00 1 5570.301
2015 09 16 04 45 00 1 5570.340
2015 09 16 05 00 00 1 5570.387
2015 09 16 05 15 00 1 5570.437
2015 09 16 05 30 00 1 5570.493
2015 09 16 05 45 00 1 5570.543
2015 09 16 06 00 00 1 5570.594
2015 09 16 06 15 00 1 5570.650
2015 09 16 06 30 00 1 5570.700
2015 09 16 06 45 00 1 5570.752
2015 09 16 07 00 00 1 5570.797
2015 09 16 07 15 00 1 5570.842
2015 09 16 07 30 00 1 5570.883
2015 09 16 07 45 00 1 5570.919
2015 09 16 08 00 00 1 5570.949
2015 09 16 08 15 00 1 5570.971
2015 09 16 08 30 00 1 5570.989
2015 09 16 08 45 00 1 5570.996
2015 09 16 09 00 00 1 5570.999
2015 09 16 09 15 00 1 5570.997
2015 09 16 09 30 00 1 5570.988
2015 09 16 09 45 00 1 5570.968
2015 09 16 10 00 00 1 5570.947
2015 09 16 10 15 00 1 5570.918
2015 09 16 10 30 00 1 5570.883
2015 09 16 10 45 00 1 5570.847
2015 09 16 11 00 00 1 5570.803
2015 09 16 11 15 00 1 5570.762
2015 09 16 11 30 00 1 5570.713
2015 09 16 11 45 00 1 5570.662
2015 09 16 12 00 00 1 5570.611
2015 09 16 12 15 00 1 5570.559
2015 09 16 12 30 00 1 5570.510
2015 09 16 12 45 00 1 5570.460
2015 09 16 13 00 00 1 5570.411
2015 09 16 13 15 00 1 5570.366
2015 09 16 13 30 00 1 5570.325
2015 09 16 13 45 00 1 5570.283
2015 09 16 14 00 00 1 5570.253
2015 09 16 14 15 00 1 5570.220
2015 09 16 14 30 00 1 5570.200
2015 09 16 14 45 00 1 5570.183
2015 09 16 15 00 00 1 5570.170
2015 09 16 15 15 00 1 5570.164
2015 09 16 15 30 00 1 5570.170
2015 09 16 15 45 00 1 5570.179
2015 09 16 16 00 00 1 5570.195
2015 09 16 16 15 00 1 5570.214
2015 09 16 16 30 00 1 5570.244
2015 09 16 16 45 00 1 5570.278
2015 09 16 17 00 00 1 5570.318
2015 09 16 17 15 00 1 5570.360
2015 09 16 17 30 00 1 5570.405
2015 09 16 17 45 00 1 5570.454
2015 09 16 18 00 00 1 5570.505
2015 09 16 18 15 00 1 5570.557
2015 09 16 18 30 00 1 5570.608
2015 09 16 18 45 00 1 5570.661
2015 09 16 19 00 00 1 5570.713
2015 09 16 19 15 00 1 5570.761
2015 09 16 19 30 00 1 5570.807
2015 09 16 19 45 00 1 5570.849
2015 09 16 20 00 00 1 5570.886
2015 09 16 20 15 00 1 5570.917
2015 09 16 20 30 00 1 5570.943
2015 09 16 20 45 00 1 5570.963
2015 09 16 21 00 00 1 5570.978
2015 09 16 21 15 00 1 5570.983
2015 09 16 21 30 00 1 5570.982
2015 09 16 21 45 00 1 5570.974
2015 09 16 22 00 00 1 5570.961
2015 09 16 22 15 00 1 5570.942
2015 09 16 22 30 00 1 5570.916
2015 09 16 22 45 00 1 5570.884
2015 09 16 23 00 00 1 5570.847
2015 09 16 23 15 00 1 5570.807
2015 09 16 23 30 00 1 5570.764
2015 09 16 23 45 00 1 5570.720
2015 09 17 00 00 00 1 5570.670
2015 09 17 00 15 00 1 5570.632
2015 09 17 00 30 00 1 5570.581
2015 09 17 00 45 00 1 5570.528
2015 09 17 01 00 00 1 5570.477
2015 09 17 01 15 00 1 5570.429
2015 09 17 01 30 00 1 5570.384
2015 09 17 01 45 00 1 5570.342
2015 09 17 02 00 00 1 5570.302
2015 09 17 02 15 00 1 5570.268
2015 09 17 02 30 00 1 5570.239
2015 09 17 02 45 00 1 5570.218
2015 09 17 03 00 00 1 5570.203
2015 09 17 03 15 00 1 5570.195
2015 09 17 03 30 00 1 5570.191
2015 09 17 03 45 00 1 5570.195
2015 09 17 04 00 00 1 5570.207
2015 09 17 04 15 00 1 5570.223
2015 09 17 04 30 00 1 5570.245
2015 09 17 04 45 00 1 5570.273
2015 09 17 05 00 00 1 5570.310
2015 09 17 05 15 00 1 5570.350
2015 09 17 05 30 00 1 5570.395
2015 09 17 05 45 00 1 5570.440
2015 09 17 06 00 00 1 5570.489
2015 09 17 06 15 00 1 5570.541
2015 09 17 06 30 00 1 5570.595
2015 09 17 06 45 00 1 5570.648
2015 09 17 07 00 00 1 5570.700
2015 09 17 07 15 00 1 5570.749
2015 09 17 07 30 00 1 5570.798
2015 09 17 07 45 00 1 5570.843
2015 09 17 08 00 00 1 5570.884
2015 09 17 08 15 00 1 5570.922
2015 09 17 08 30 00 1 5570.952
2015 09 17 08 45 00 1 5570.977
2015 09 17 09 00 00 1 5570.995
2015 09 17 09 00 00 2 5570.995
2015 09 17 09 01 00 2 5555.202
2015 09 17 09 02 00 2 5570.998
2015 09 17 09 03 00 2 5570.998
2015 09 17 09 04 00 2 5557.068
2015 09 17 09 05 00 2 5571.001
2015 09 17 09 06 00 2 5571.002
2015 09 17 09 07 00 2 5556.471
2015 09 17 09 08 00 2 5571.004
2015 09 17 09 09 00 2 5571.006
2015 09 17 09 10 00 2 5571.007
2015 09 17 09 11 00 2 5571.007
2015 09 17 09 12 00 2 5571.009
2015 09 17 09 13 00 2 5571.010
2015 09 17 09 14 00 2 5571.011
2015 09 17 09 15 00 1 5571.010
2015 09 17 09 15 00 2 5571.010
2015 09 17 09 16 00 2 5571.012
2015 09 17 09 17 00 2 5571.012
2015 09 17 09 18 00 2 5571.013
2015 09 17 09 19 00 2 5571.013
2015 09 17 09 20 00 2 5571.014
2015 09 17 09 21 00 2 5571.014
2015 09 17 09 22 00 2 5571.015
2015 09 17 09 23 00 2 5571.015
2015 09 17 09 24 00 2 5571.015
2015 09 17 09 25 00 2 5571.015
2015 09 17 09 26 00 2 5571.015
2015 09 17 09 27 00 2 5571.015
2015 09 17 09 28 00 2 5571.016
2015 09 17 09 29 00 2 5571.016
2015 09 17 09 30 00 1 5571.016
2015 09 17 09 30 00 2 5571.016
2015 09 17 09 31 00 2 5571.016
2015 09 17 09 32 00 2 5571.017
2015 09 17 09 33 00 2 5571.016
2015 09 17 09 34 00 2 5571.016
2015 09 17 09 35 00 2 5571.016
2015 09 17 09 36 00 2 5571.015
2015 09 17 09 37 00 2 5571.016
2015 09 17 09 38 00 2 5571.015
2015 09 17 09 39 00 2 5571.015
2015 09 17 09 40 00 2 5571.015
2015 09 17 09 41 00 2 5571.015
2015 09 17 09 42 00 2 5571.015
2015 09 17 09 43 00 2 5571.014
2015 09 17 09 44 00 2 5571.013
2015 09 17 09 45 00 1 5571.013
2015 09 17 09 45 00 2 5571.013
2015 09 17 09 46 00 2 5571.012
2015 09 17 09 47 00 2 5571.011
2015 09 17 09 48 00 2 5571.010
2015 09 17 09 49 00 2 5571.010
2015 09 17 09 50 00 2 5571.008
2015 09 17 09 51 00 2 5571.009
2015 09 17 09 52 00 2 5571.007
2015 09 17 09 53 00 2 5571.007
2015 09 17 09 54 00 2 5571.007
2015 09 17 09 55 00 2 5571.006
2015 09 17 09 56 00 2 5571.006
2015 09 17 09 57 00 2 5571.005
2015 09 17 09 58 00 2 5571.004
2015 09 17 09 59 00 2 5571.003
2015 09 17 10 00 00 1 5571.003
2015 09 17 10 00 00 2 5571.002
2015 09 17 10 01 00 2 5556.185
2015 09 17 10 02 00 2 5571.001
2015 09 17 10 03 00 2 5571.001
2015 09 17 10 04 00 2 5557.225
2015 09 17 10 05 00 2 5570.999
2015 09 17 10 06 00 2 5570.999
2015 09 17 10 07 00 2 5557.950
2015 09 17 10 08 00 2 5570.998
2015 09 17 10 09 00 2 5570.996
2015 09 17 10 10 00 2 5570.996
2015 09 17 10 11 00 2 5570.995
2015 09 17 10 12 00 2 5570.993
2015 09 17 10 13 00 2 5570.992
2015 09 17 10 14 00 2 5570.991
2015 09 17 10 15 00 1 9999.000
2015 09 17 10 15 00 2 5570.989
2015 09 17 10 16 00 2 5570.988
2015 09 17 10 17 00 2 5570.987
2015 09 17 10 18 00 2 5570.986
2015 09 17 10 19 00 2 5570.985
2015 09 17 10 20 00 2 5570.984
2015 09 17 10 21 00 2 5570.982
2015 09 17 10 22 00 2 5570.981
2015 09 17 10 23 00 2 5570.979
2015 09 17 10 24 00 2 5570.976
2015 09 17 10 25 00 2 5570.976
2015 09 17 10 26 00 2 5570.975
2015 09 17 10 27 00 2 5570.973
2015 09 17 10 28 00 2 5570.973
2015 09 17 10 29 00 2 5570.971
2015 09 17 10 30 00 1 9999.000
2015 09 17 10 30 00 2 5570.969
2015 09 17 10 31 00 2 5570.968
2015 09 17 10 32 00 2 5570.966
2015 09 17 10 33 00 2 5570.964
2015 09 17 10 34 00 2 5570.963
2015 09 17 10 35 00 2 5570.962
2015 09 17 10 36 00 2 5570.961
2015 09 17 10 37 00 2 5570.959
2015 09 17 10 38 00 2 5570.957
2015 09 17 10 39 00 2 5570.956
2015 09 17 10 40 00 2 5570.955
2015 09 17 10 41 00 2 5570.953
2015 09 17 10 42 00 2 5570.950
2015 09 17 10 43 00 2 5570.949
2015 09 17 10 44 00 2 5570.947
2015 09 17 10 45 00 1 9999.000
2015 09 17 10 45 00 2 5570.945
2015 09 17 10 46 00 2 5570.943
2015 09 17 10 47 00 2 5570.941
2015 09 17 10 47 45 3 5570.941
2015 09 17 10 48 00 2 5546.044
2015 09 17 10 48 00 3 5570.940
2015 09 17 10 48 15 3 5570.940
2015 09 17 10 48 30 3 5580.116
2015 09 17 10 48 45 3 5593.253
2015 09 17 10 49 00 2 5558.837
2015 09 17 10 49 00 3 5570.939
2015 09 17 10 49 15 3 5570.938
2015 09 17 10 49 30 3 5570.938
2015 09 17 10 49 45 3 5570.936
2015 09 17 10 50 00 2 5558.424
2015 09 17 10 50 00 3 5570.936
2015 09 17 10 50 15 3 5570.936
2015 09 17 10 50 30 3 5570.935
2015 09 17 10 50 45 3 5570.935
2015 09 17 10 51 00 2 5558.202
2015 09 17 10 51 00 3 5570.935
2015 09 17 10 51 15 3 5570.935
2015 09 17 10 51 30 3 5570.934
2015 09 17 10 52 00 2 5559.684
2015 09 17 10 53 00 2 5559.872
2015 09 17 10 54 00 2 5570.928
2015 09 17 10 55 00 2 5557.909
2015 09 17 10 56 00 2 5559.297
2015 09 17 10 57 00 2 5560.526
2015 09 17 10 58 00 2 5570.919
2015 09 17 10 59 00 2 5570.917
2015 09 17 11 00 00 1 9999.000
2015 09 17 11 00 00 2 5570.914
2015 09 17 11 01 00 2 5550.850
2015 09 17 11 02 00 2 5570.910
2015 09 17 11 03 00 2 5557.291
2015 09 17 11 04 00 2 5555.454
2015 09 17 11 05 00 2 5560.159
2015 09 17 11 06 00 2 5570.900
2015 09 17 11 07 00 2 5553.963
2015 09 17 11 08 00 2 5570.895
2015 09 17 11 09 00 2 5570.892
2015 09 17 11 10 00 2 5570.889
2015 09 17 11 11 00 2 5557.585
2015 09 17 11 12 00 2 5559.035
2015 09 17 11 13 00 2 5560.547
2015 09 17 11 14 00 2 5570.877
2015 09 17 11 15 00 1 9999.000
2015 09 17 11 15 00 2 5570.874
2015 09 17 11 16 00 2 5570.872
2015 09 17 11 17 00 2 5570.868
2015 09 17 11 18 00 2 5570.866
2015 09 17 11 19 00 2 5558.351
2015 09 17 11 20 00 2 5560.939
2015 09 17 11 21 00 2 5560.905
2015 09 17 11 22 00 2 5570.857
2015 09 17 11 23 00 2 5570.856
2015 09 17 11 24 00 2 5570.854
2015 09 17 11 25 00 2 5570.853
2015 09 17 11 26 00 2 5570.854
2015 09 17 11 27 00 2 5558.089
2015 09 17 11 28 00 2 5561.941
2015 09 17 11 29 00 2 5561.719
2015 09 17 11 30 00 1 9999.000
2015 09 17 11 30 00 2 5570.850
2015 09 17 11 31 00 2 5570.848
2015 09 17 11 32 00 2 5570.845
2015 09 17 11 33 00 2 5570.842
2015 09 17 11 34 00 2 5570.835
2015 09 17 11 35 00 2 5558.695
2015 09 17 11 36 00 2 5561.150
2015 09 17 11 37 00 2 5561.678
2015 09 17 11 38 00 2 5570.803
2015 09 17 11 39 00 2 5570.797
2015 09 17 11 40 00 2 5570.795
2015 09 17 11 41 00 2 5570.794
2015 09 17 11 42 00 2 5570.795
2015 09 17 11 43 00 2 5558.129
2015 09 17 11 44 00 2 5561.070
2015 09 17 11 45 00 1 9999.000
2015 09 17 11 45 00 2 5561.418
2015 09 17 11 46 00 2 5570.803
2015 09 17 11 47 00 2 5570.800
2015 09 17 11 48 00 2 5570.793
2015 09 17 11 49 00 2 5570.785
2015 09 17 11 50 00 2 5570.777
2015 09 17 11 51 00 2 5558.668
2015 09 17 11 52 00 2 5559.735
2015 09 17 11 53 00 2 5561.215
2015 09 17 11 54 00 2 5570.753
2015 09 17 11 55 00 2 5570.750
2015 09 17 11 56 00 2 5570.748
2015 09 17 11 57 00 2 5570.745
2015 09 17 11 58 00 2 5570.744
2015 09 17 11 59 00 2 5557.347
2015 09 17 12 00 00 1 9999.000
2015 09 17 12 00 00 2 5560.223
2015 09 17 12 01 00 2 5560.036
2015 09 17 12 02 00 2 5570.748
2015 09 17 12 03 00 2 5570.750
2015 09 17 12 04 00 2 5555.488
2015 09 17 12 05 00 2 5570.746
2015 09 17 12 06 00 2 5570.739
2015 09 17 12 07 00 2 5553.195
2015 09 17 12 08 00 2 5570.717
2015 09 17 12 09 00 2 5570.707
2015 09 17 12 10 00 2 5570.699
2015 09 17 12 11 00 2 5570.696
2015 09 17 12 12 00 2 5570.700
2015 09 17 12 13 00 2 5570.705
2015 09 17 12 14 00 2 5570.707
2015 09 17 12 15 00 1 9999.000
2015 09 17 12 15 00 2 5558.353
2015 09 17 12 16 00 2 5559.073
2015 09 17 12 17 00 2 5560.425
2015 09 17 12 18 00 2 5570.691
2015 09 17 12 19 00 2 5570.690
2015 09 17 12 20 00 2 5570.693
2015 09 17 12 21 00 2 5570.692
2015 09 17 12 22 00 2 5570.685
2015 09 17 12 23 00 2 5570.673
2015 09 17 12 24 00 2 5570.658
2015 09 17 12 25 00 2 5570.644
2015 09 17 12 26 00 2 5570.633
2015 09 17 12 27 00 2 5570.629
2015 09 17 12 28 00 2 5570.626
2015 09 17 12 29 00 2 5570.629
2015 09 17 12 30 00 1 9999.000
2015 09 17 12 30 00 2 5570.631
2015 09 17 12 31 00 2 5555.408
2015 09 17 12 32 00 2 5557.651
2015 09 17 12 33 00 2 5560.213
2015 09 17 12 34 00 2 5570.644
2015 09 17 12 35 00 2 5570.645
2015 09 17 12 36 00 2 5570.643
2015 09 17 12 37 00 2 5570.636
2015 09 17 12 38 00 2 5570.624
2015 09 17 12 39 00 2 5570.613
2015 09 17 12 40 00 2 5570.604
2015 09 17 12 41 00 2 5570.600
2015 09 17 12 42 00 2 5570.599
2015 09 17 12 43 00 2 5570.595
2015 09 17 12 44 00 2 5570.589
2015 09 17 12 45 00 1 9999.000
2015 09 17 12 45 00 2 5570.585
2015 09 17 12 46 00 2 5570.587
2015 09 17 12 47 00 2 5559.413
2015 09 17 12 48 00 2 5560.934
2015 09 17 12 49 00 2 5564.792
2015 09 17 12 50 00 2 5570.601
2015 09 17 12 51 00 2 5570.595
2015 09 17 12 52 00 2 5570.592
2015 09 17 12 53 00 2 5570.592
2015 09 17 12 54 00 2 5570.589
2015 09 17 12 55 00 2 5570.580
2015 09 17 12 56 00 2 5570.566
2015 09 17 12 57 00 2 5570.550
2015 09 17 12 58 00 2 5570.534
2015 09 17 12 59 00 2 5570.523
2015 09 17 13 00 00 1 9999.000
2015 09 17 13 00 00 2 5570.520
2015 09 17 13 01 00 2 5561.329
2015 09 17 13 02 00 2 5570.540
2015 09 17 13 03 00 2 5570.549
2015 09 17 13 04 00 2 5551.772
2015 09 17 13 05 00 2 5564.627
2015 09 17 13 06 00 2 5570.525
2015 09 17 13 07 00 2 5563.433
2015 09 17 13 08 00 2 5570.506
2015 09 17 13 09 00 2 5570.499
2015 09 17 13 10 00 2 5570.494
2015 09 17 13 11 00 2 5570.490
2015 09 17 13 12 00 2 5570.491
2015 09 17 13 13 00 2 5570.492
2015 09 17 13 14 00 2 5570.493
2015 09 17 13 15 00 1 9999.000
2015 09 17 13 15 00 2 5570.498
2015 09 17 13 16 00 2 5570.504
2015 09 17 13 17 00 2 5570.503
2015 09 17 13 18 00 2 5570.492
2015 09 17 13 19 00 2 5570.474
2015 09 17 13 20 00 2 5555.801
2015 09 17 13 21 00 2 5564.905
2015 09 17 13 22 00 2 5570.475
2015 09 17 13 23 00 2 5570.477
2015 09 17 13 24 00 2 5570.469
2015 09 17 13 25 00 2 5570.460
2015 09 17 13 26 00 2 5570.455
2015 09 17 13 27 00 2 5570.455
2015 09 17 13 28 00 2 5570.456
2015 09 17 13 29 00 2 5570.448
2015 09 17 13 30 00 1 9999.000
2015 09 17 13 30 00 2 5570.436
2015 09 17 13 31 00 2 5570.429
2015 09 17 13 32 00 2 5570.430
2015 09 17 13 33 00 2 5570.432
2015 09 17 13 34 00 2 5570.428
2015 09 17 13 35 00 2 5570.420
2015 09 17 13 36 00 2 5554.391
2015 09 17 13 37 00 2 5565.009
2015 09 17 13 38 00 2 5570.416
2015 09 17 13 39 00 2 5570.417
2015 09 17 13 40 00 2 5570.415
2015 09 17 13 41 00 2 5570.411
2015 09 17 13 42 00 2 5570.405
2015 09 17 13 43 00 2 5570.399
2015 09 17 13 44 00 2 5570.397
2015 09 17 13 45 00 1 9999.000
2015 09 17 13 45 00 2 5570.400
2015 09 17 13 46 00 2 5570.401
2015 09 17 13 47 00 2 5570.395
2015 09 17 13 48 00 2 5570.382
2015 09 17 13 49 00 2 5570.372
2015 09 17 13 50 00 2 5570.371
2015 09 17 13 51 00 2 5570.374
2015 09 17 13 52 00 2 5555.109
2015 09 17 13 53 00 2 5564.800
2015 09 17 13 54 00 2 5570.353
2015 09 17 13 55 00 2 5570.356
2015 09 17 13 56 00 2 5570.366
2015 09 17 13 57 00 2 5570.370
2015 09 17 13 58 00 2 5570.364
2015 09 17 13 59 00 2 5570.352
2015 09 17 14 00 00 1 9999.000
2015 09 17 14 00 00 2 5570.349
2015 09 17 14 01 00 2 5562.353
2015 09 17 14 02 00 2 5570.352
2015 09 17 14 03 00 2 5570.349
2015 09 17 14 04 00 2 5562.822
2015 09 17 14 05 00 2 5570.343
2015 09 17 14 06 00 2 5570.340
2015 09 17 14 07 00 2 5563.129
2015 09 17 14 08 00 2 5570.335
2015 09 17 14 09 00 2 5570.333
2015 09 17 14 10 00 2 5570.323
2015 09 17 14 11 00 2 5570.311
2015 09 17 14 12 00 2 5570.307
2015 09 17 14 13 00 2 5570.312
2015 09 17 14 14 00 2 5570.314
2015 09 17 14 15 00 1 9999.000
2015 09 17 14 15 00 2 5570.304
2015 09 17 14 16 00 2 5570.294
2015 09 17 14 17 00 2 5570.290
2015 09 17 14 18 00 2 5570.293
2015 09 17 14 19 00 2 5570.295
2015 09 17 14 20 00 2 5570.295
2015 09 17 14 21 00 2 5570.293
2015 09 17 14 22 00 2 5570.292
2015 09 17 14 23 00 2 5570.290
2015 09 17 14 24 00 2 5570.288
2015 09 17 14 25 00 2 5570.281
2015 09 17 14 26 00 2 5570.275
2015 09 17 14 27 00 2 5570.274
2015 09 17 14 28 00 2 5570.274
2015 09 17 14 29 00 2 5570.268
2015 09 17 14 30 00 1 9999.000
2015 09 17 14 30 00 2 5570.256
2015 09 17 14 31 00 2 5570.251
2015 09 17 14 32 00 2 5570.252
2015 09 17 14 33 00 2 5570.252
2015 09 17 14 34 00 2 5570.251
2015 09 17 14 35 00 2 5570.252
2015 09 17 14 36 00 2 5570.259
2015 09 17 14 37 00 2 5570.265
2015 09 17 14 38 00 2 5570.265
2015 09 17 14 39 00 2 5570.264
2015 09 17 14 40 00 2 5570.262
2015 09 17 14 41 00 2 5570.261
2015 09 17 14 42 00 2 5570.260
2015 09 17 14 43 00 2 5570.257
2015 09 17 14 44 00 2 5570.253
2015 09 17 14 45 00 1 9999.000
2015 09 17 14 45 00 2 5570.252
2015 09 17 14 46 00 2 5570.253
2015 09 17 14 47 00 2 5570.244
2015 09 17 14 48 00 2 5570.232
2015 09 17 14 49 00 2 5570.224
2015 09 17 14 50 00 2 5570.224
2015 09 17 14 51 00 2 5570.225
2015 09 17 14 52 00 2 5570.226
2015 09 17 14 53 00 2 5570.226
2015 09 17 14 54 00 2 5570.231
2015 09 17 14 55 00 2 5570.237
2015 09 17 14 56 00 2 5570.236
2015 09 17 14 57 00 2 5570.229
2015 09 17 14 58 00 2 5570.226
2015 09 17 14 59 00 2 5570.223
2015 09 17 15 00 00 1 9999.000
2015 09 17 15 00 00 2 5570.215
2015 09 17 15 01 00 2 5561.075
2015 09 17 15 02 00 2 5570.213
2015 09 17 15 03 00 2 5570.214
2015 09 17 15 04 00 2 5563.222
2015 09 17 15 05 00 2 5570.206
2015 09 17 15 06 00 2 5570.206
2015 09 17 15 07 00 2 5564.638
2015 09 17 15 08 00 2 5570.199
2015 09 17 15 09 00 2 5570.207
2015 09 17 15 10 00 2 5570.215
2015 09 17 15 11 00 2 5570.214
2015 09 17 15 12 00 2 5570.208
2015 09 17 15 13 00 2 5570.207
2015 09 17 15 14 00 2 5570.208
2015 09 17 15 15 00 1 9999.000
2015 09 17 15 15 00 2 5570.209
2015 09 17 15 16 00 2 5570.211
2015 09 17 15 17 00 2 5570.210
2015 09 17 15 18 00 2 5570.198
2015 09 17 15 19 00 2 5570.184
2015 09 17 15 20 00 2 5570.186
2015 09 17 15 21 00 2 5570.193
2015 09 17 15 22 00 2 5570.195
2015 09 17 15 23 00 2 5570.191
2015 09 17 15 24 00 2 5570.185
2015 09 17 15 25 00 2 5570.178
2015 09 17 15 26 00 2 5570.175
2015 09 17 15 27 00 2 5570.175
2015 09 17 15 28 00 2 5570.176
2015 09 17 15 29 00 2 5570.173
2015 09 17 15 30 00 1 9999.000
2015 09 17 15 30 00 2 5570.170
2015 09 17 15 31 00 2 5570.170
2015 09 17 15 32 00 2 5570.173
2015 09 17 15 33 00 2 5570.178
2015 09 17 15 34 00 2 5570.181
2015 09 17 15 35 00 2 5570.181
2015 09 17 15 36 00 2 5570.180
2015 09 17 15 37 00 2 5570.179
2015 09 17 15 38 00 2 5570.176
2015 09 17 15 39 00 2 5570.175
2015 09 17 15 40 00 2 5570.176
2015 09 17 15 41 00 2 5570.175
2015 09 17 15 42 00 2 5570.174
2015 09 17 15 43 00 2 5570.174
2015 09 17 15 44 00 2 5570.179
2015 09 17 15 45 00 1 9999.000
2015 09 17 15 45 00 2 5570.181
2015 09 17 15 46 00 2 5570.180
2015 09 17 15 47 00 2 5570.178
2015 09 17 15 48 00 2 5570.179
2015 09 17 15 49 00 2 5570.181
2015 09 17 15 50 00 2 5570.181
2015 09 17 15 51 00 2 5570.177
2015 09 17 15 52 00 2 5570.171
2015 09 17 15 53 00 2 5570.170
2015 09 17 15 54 00 2 5570.174
2015 09 17 15 55 00 2 5570.175
2015 09 17 15 56 00 2 5570.171
2015 09 17 15 57 00 2 5570.169
2015 09 17 15 58 00 2 5570.165
2015 09 17 15 59 00 2 5570.162
2015 09 17 16 00 00 1 9999.000
2015 09 17 16 00 00 2 5570.164
2015 09 17 16 01 00 2 5562.520
2015 09 17 16 02 00 2 5570.173
2015 09 17 16 03 00 2 5570.174
2015 09 17 16 04 00 2 5564.897
2015 09 17 16 05 00 2 5570.180
2015 09 17 16 06 00 2 5570.184
2015 09 17 16 07 00 2 5565.602
2015 09 17 16 08 00 2 5570.186
2015 09 17 16 09 00 2 5570.183
2015 09 17 16 10 00 2 5570.182
2015 09 17 16 11 00 2 5570.179
2015 09 17 16 12 00 2 5570.178
2015 09 17 16 13 00 2 5570.184
2015 09 17 16 14 00 2 5570.185
2015 09 17 16 15 00 1 9999.000
2015 09 17 16 15 00 2 5570.182
2015 09 17 16 16 00 2 5570.185
2015 09 17 16 17 00 2 5570.187
2015 09 17 16 18 00 2 5570.187
2015 09 17 16 19 00 2 5570.192
2015 09 17 16 20 00 2 5570.194
2015 09 17 16 21 00 2 5570.193
2015 09 17 16 22 00 2 5570.194
2015 09 17 16 23 00 2 5570.196
2015 09 17 16 24 00 2 5570.197
2015 09 17 16 25 00 2 5570.198
2015 09 17 16 26 00 2 5570.200
2015 09 17 16 27 00 2 5570.202
2015 09 17 16 28 00 2 5570.199
2015 09 17 16 29 00 2 5570.194
2015 09 17 16 30 00 1 9999.000
2015 09 17 16 30 00 2 5570.187
2015 09 17 16 31 00 2 5570.185
2015 09 17 16 32 00 2 5570.187
2015 09 17 16 33 00 2 5570.193
2015 09 17 16 34 00 2 5570.198
2015 09 17 16 35 00 2 5570.197
2015 09 17 16 36 00 2 5570.198
2015 09 17 16 37 00 2 5570.203
2015 09 17 16 38 00 2 5570.211
2015 09 17 16 39 00 2 5570.217
2015 09 17 16 40 00 2 5570.215
2015 09 17 16 41 00 2 5570.209
2015 09 17 16 42 00 2 5570.211
2015 09 17 16 43 00 2 5570.211
2015 09 17 16 44 00 2 5570.209
2015 09 17 16 45 00 1 9999.000
2015 09 17 16 45 00 2 5570.209
2015 09 17 16 46 00 2 5570.215
2015 09 17 16 47 00 2 5570.218
2015 09 17 16 48 00 2 5570.217
2015 09 17 16 49 00 2 5570.215
2015 09 17 16 50 00 2 5570.211
2015 09 17 16 51 00 2 5570.208
2015 09 17 16 52 00 2 5570.208
2015 09 17 16 53 00 2 5570.216
2015 09 17 16 54 00 2 5570.222
2015 09 17 16 55 00 2 5570.225
2015 09 17 16 56 00 2 5570.230
2015 09 17 16 57 00 2 5570.233
2015 09 17 16 58 00 2 5570.233
2015 09 17 16 59 00 2 5570.236
2015 09 17 17 00 00 1 9999.000
2015 09 17 17 00 00 2 5570.237
2015 09 17 17 01 00 2 5562.556
2015 09 17 17 02 00 2 5570.241
2015 09 17 17 03 00 2 5570.240
2015 09 17 17 04 00 2 5564.929
2015 09 17 17 05 00 2 5570.245
2015 09 17 17 06 00 2 5570.243
2015 09 17 17 07 00 2 5566.098
2015 09 17 17 08 00 2 5570.244
2015 09 17 17 09 00 2 5570.245
2015 09 17 17 10 00 2 5570.249
2015 09 17 17 11 00 2 5570.257
2015 09 17 17 12 00 2 5570.257
2015 09 17 17 13 00 2 5570.255
2015 09 17 17 14 00 2 5570.257
2015 09 17 17 15 00 1 9999.000
2015 09 17 17 15 00 2 5570.262
2015 09 17 17 16 00 2 5570.269
2015 09 17 17 17 00 2 5570.277
2015 09 17 17 18 00 2 5570.279
2015 09 17 17 19 00 2 5570.281
2015 09 17 17 20 00 2 5570.290
2015 09 17 17 21 00 2 5570.289
2015 09 17 17 22 00 2 5570.287
2015 09 17 17 23 00 2 5570.288
2015 09 17 17 24 00 2 5570.287
2015 09 17 17 25 00 2 5570.293
2015 09 17 17 26 00 2 5570.298
2015 09 17 17 27 00 2 5570.295
2015 09 17 17 28 00 2 5570.298
2015 09 17 17 29 00 2 5570.301
2015 09 17 17 30 00 1 9999.000
2015 09 17 17 30 00 2 5570.302
2015 09 17 17 31 00 2 5570.309
2015 09 17 17 32 00 2 5570.313
2015 09 17 17 33 00 2 5570.315
2015 09 17 17 34 00 2 5570.318
2015 09 17 17 35 00 2 5570.322
2015 09 17 17 36 00 2 5570.327
2015 09 17 17 37 00 2 5570.330
2015 09 17 17 38 00 2 5570.333
2015 09 17 17 39 00 2 5570.334
2015 09 17 17 40 00 2 5570.335
2015 09 17 17 41 00 2 5570.337
2015 09 17 17 42 00 2 5570.336
2015 09 17 17 43 00 2 5570.338
2015 09 17 17 44 00 2 5570.340
2015 09 17 17 45 00 1 9999.000
2015 09 17 17 45 00 2 5570.344
2015 09 17 17 46 00 2 5570.351
2015 09 17 17 47 00 2 5570.352
2015 09 17 17 48 00 2 5570.351
2015 09 17 17 49 00 2 5570.354
2015 09 17 17 50 00 2 5570.359
2015 09 17 17 51 00 2 5570.363
2015 09 17 17 52 00 2 5570.369
2015 09 17 17 53 00 2 5570.374
2015 09 17 17 54 00 2 5570.377
2015 09 17 17 55 00 2 5570.378
2015 09 17 17 56 00 2 5570.380
2015 09 17 17 57 00 2 5570.382
2015 09 17 17 58 00 2 5570.385
2015 09 17 17 59 00 2 5570.389
2015 09 17 18 00 00 1 9999.000
2015 09 17 18 00 00 2 5570.392
2015 09 17 18 01 00 2 5564.106
2015 09 17 18 02 00 2 5570.401
2015 09 17 18 03 00 2 5570.399
2015 09 17 18 04 00 2 5566.638
2015 09 17 18 05 00 2 5570.407
2015 09 17 18 06 00 2 5570.410
2015 09 17 18 07 00 2 5566.842
2015 09 17 18 08 00 2 5570.418
2015 09 17 18 09 00 2 5570.419
2015 09 17 18 10 00 2 5570.423
2015 09 17 18 11 00 2 5570.422
2015 09 17 18 12 00 2 5570.422
2015 09 17 18 13 00 2 5570.426
2015 09 17 18 14 00 2 5570.431
2015 09 17 18 15 00 1 9999.000
2015 09 17 18 15 00 2 5570.437
2015 09 17 18 16 00 2 5570.440
2015 09 17 18 17 00 2 5570.444
2015 09 17 18 18 00 2 5570.449
2015 09 17 18 19 00 2 5570.452
2015 09 17 18 20 00 2 5570.457
2015 09 17 18 21 00 2 5570.464
2015 09 17 18 22 00 2 5570.468
2015 09 17 18 23 00 2 5570.469
2015 09 17 18 24 00 2 5570.470
2015 09 17 18 25 00 2 5570.471
2015 09 17 18 26 00 2 5570.477
2015 09 17 18 27 00 2 5570.477
2015 09 17 18 28 00 2 5570.473
2015 09 17 18 29 00 2 5570.478
2015 09 17 18 30 00 1 9999.000
2015 09 17 18 30 00 2 5570.481
2015 09 17 18 31 00 2 5570.479
2015 09 17 18 32 00 2 5570.482
2015 09 17 18 33 00 2 5570.486
2015 09 17 18 34 00 2 5570.490
2015 09 17 18 35 00 2 5570.495
2015 09 17 18 36 00 2 5570.498
2015 09 17 18 37 00 2 5570.502
2015 09 17 18 38 00 2 5570.508
2015 09 17 18 39 00 2 5570.514
2015 09 17 18 40 00 2 5570.515
2015 09 17 18 41 00 2 5570.513
2015 09 17 18 42 00 2 5570.515
2015 09 17 18 43 00 2 5570.523
2015 09 17 18 44 00 2 5570.528
2015 09 17 18 45 00 1 9999.000
2015 09 17 18 45 00 2 5570.533
2015 09 17 18 46 00 2 5570.538
2015 09 17 18 47 00 2 5570.540
2015 09 17 18 48 00 2 5570.540
2015 09 17 18 49 00 2 5570.547
2015 09 17 18 50 00 2 5570.554
2015 09 17 18 51 00 2 5570.559
2015 09 17 18 52 00 2 5570.562
2015 09 17 18 53 00 2 5570.563
2015 09 17 18 54 00 2 5570.567
2015 09 17 18 55 00 2 5570.572
2015 09 17 18 56 00 2 5570.579
2015 09 17 18 57 00 2 5570.584
2015 09 17 18 58 00 2 5570.586
2015 09 17 18 59 00 2 5570.590
2015 09 17 19 00 00 1 9999.000
2015 09 17 19 00 00 2 5570.595
2015 09 17 19 01 00 2 5564.275
2015 09 17 19 02 00 2 5570.598
2015 09 17 19 03 00 2 5570.600
2015 09 17 19 04 00 2 5566.710
2015 09 17 19 05 00 2 5570.602
2015 09 17 19 06 00 2 5570.604
2015 09 17 19 07 00 2 5566.616
2015 09 17 19 08 00 2 5570.603
2015 09 17 19 09 00 2 5570.611
2015 09 17 19 10 00 2 5570.621
2015 09 17 19 11 00 2 5570.626
2015 09 17 19 12 00 2 5570.627
2015 09 17 19 13 00 2 5570.626
2015 09 17 19 14 00 2 5570.630
2015 09 17 19 15 00 1 9999.000
2015 09 17 19 15 00 2 5570.635
2015 09 17 19 16 00 2 5570.640
2015 09 17 19 17 00 2 5570.643
2015 09 17 19 18 00 2 5570.649
2015 09 17 19 19 00 2 5570.651
2015 09 17 19 20 00 2 5570.652
2015 09 17 19 21 00 2 5570.654
2015 09 17 19 22 00 2 5570.658
2015 09 17 19 23 00 2 5570.661
2015 09 17 19 24 00 2 5570.667
2015 09 17 19 25 00 2 5570.674
2015 09 17 19 26 00 2 5570.676
2015 09 17 19 27 00 2 5570.680
2015 09 17 19 28 00 2 5570.682
2015 09 17 19 29 00 2 5570.687
2015 09 17 19 30 00 1 9999.000
2015 09 17 19 30 00 2 5570.690
2015 09 17 19 31 00 2 5570.692
2015 09 17 19 32 00 2 5570.696
2015 09 17 19 33 00 2 5570.699
2015 09 17 19 34 00 2 5570.704
2015 09 17 19 35 00 2 5570.709
2015 09 17 19 36 00 2 5570.715
2015 09 17 19 37 00 2 5570.717
2015 09 17 19 38 00 2 5570.714
2015 09 17 19 39 00 2 5570.716
2015 09 17 19 40 00 2 5570.718
2015 09 17 19 41 00 2 5570.718
2015 09 17 19 42 00 2 5570.720
2015 09 17 19 43 00 2 5570.721
2015 09 17 19 44 00 2 5570.729
2015 09 17 19 45 00 1 9999.000
2015 09 17 19 45 00 2 5570.733
2015 09 17 19 46 00 2 5570.733
2015 09 17 19 47 00 2 5570.734
2015 09 17 19 48 00 2 5570.737
2015 09 17 19 49 00 2 5570.743
2015 09 17 19 50 00 2 5570.746
2015 09 17 19 51 00 2 5570.752
2015 09 17 19 52 00 2 5570.756
2015 09 17 19 53 00 2 5570.759
2015 09 17 19 54 00 2 5570.766
2015 09 17 19 55 00 2 5570.768
2015 09 17 19 56 00 2 5570.771
2015 09 17 19 57 00 2 5570.770
2015 09 17 19 58 00 2 5570.772
2015 09 17 19 59 00 2 5570.773
2015 09 17 20 00 00 1 9999.000
2015 09 17 20 00 00 2 5570.778
2015 09 17 20 01 00 2 5565.220
2015 09 17 20 02 00 2 5570.786
2015 09 17 20 03 00 2 5570.790
2015 09 17 20 04 00 2 5565.827
2015 09 17 20 05 00 2 5570.797
2015 09 17 20 06 00 2 5570.801
2015 09 17 20 07 00 2 5566.311
2015 09 17 20 08 00 2 5570.806
2015 09 17 20 09 00 2 5570.810
2015 09 17 20 10 00 2 5570.812
2015 09 17 20 11 00 2 5570.812
2015 09 17 20 12 00 2 5570.815
2015 09 17 20 13 00 2 5570.819
2015 09 17 20 14 00 2 5570.825
2015 09 17 20 15 00 1 9999.000
2015 09 17 20 15 00 2 5570.827
2015 09 17 20 16 00 2 5570.829
2015 09 17 20 17 00 2 5570.832
2015 09 17 20 18 00 2 5570.830
2015 09 17 20 19 00 2 5570.830
2015 09 17 20 20 00 2 5570.830
2015 09 17 20 21 00 2 5570.833
2015 09 17 20 22 00 2 5570.834
2015 09 17 20 23 00 2 5570.841
2015 09 17 20 24 00 2 5570.846
2015 09 17 20 25 00 2 5570.852
2015 09 17 20 26 00 2 5570.852
2015 09 17 20 27 00 2 5570.852
2015 09 17 20 28 00 2 5570.854
2015 09 17 20 29 00 2 5570.854
2015 09 17 20 30 00 1 9999.000
2015 09 17 20 30 00 2 5570.858
2015 09 17 20 31 00 2 5570.861
2015 09 17 20 32 00 2 5570.864
2015 09 17 20 33 00 2 5570.863
2015 09 17 20 34 00 2 5570.866
2015 09 17 20 35 00 2 5570.866
2015 09 17 20 36 00 2 5570.867
2015 09 17 20 37 00 2 5570.864
2015 09 17 20 38 00 2 5570.864
2015 09 17 20 39 00 2 5570.870
2015 09 17 20 40 00 2 5570.876
2015 09 17 20 41 00 2 5570.883
2015 09 17 20 42 00 2 5570.886
2015 09 17 20 43 00 2 5570.888
2015 09 17 20 44 00 2 5570.889
2015 09 17 20 45 00 1 9999.000
2015 09 17 20 45 00 2 5570.893
2015 09 17 20 46 00 2 5570.895
2015 09 17 20 47 00 2 5570.896
2015 09 17 20 48 00 2 5570.897
2015 09 17 20 49 00 2 5570.897
2015 09 17 20 50 00 2 5570.900
2015 09 17 20 51 00 2 5570.905
2015 09 17 20 52 00 2 5570.909
2015 09 17 20 53 00 2 5570.911
2015 09 17 20 54 00 2 5570.918
2015 09 17 20 55 00 2 5570.917
2015 09 17 20 56 00 2 5570.913
2015 09 17 20 57 00 2 5570.913
2015 09 17 20 58 00 2 5570.915
2015 09 17 20 59 00 2 5570.915
2015 09 17 21 00 00 1 9999.000
2015 09 17 21 00 00 2 5570.914
2015 09 17 21 01 00 2 5567.028
2015 09 17 21 02 00 2 5570.923
2015 09 17 21 03 00 2 5570.924
2015 09 17 21 04 00 2 5565.363
2015 09 17 21 05 00 2 5570.932
2015 09 17 21 06 00 2 5570.931
2015 09 17 21 07 00 2 5565.842
2015 09 17 21 08 00 2 5570.934
2015 09 17 21 09 00 2 5570.936
2015 09 17 21 10 00 2 5570.939
2015 09 17 21 11 00 2 5570.939
2015 09 17 21 12 00 2 5570.941
2015 09 17 21 13 00 2 5570.945
2015 09 17 21 14 00 2 5570.951
2015 09 17 21 15 00 1 9999.000
2015 09 17 21 15 00 2 5570.953
2015 09 17 21 16 00 2 5570.950
2015 09 17 21 17 00 2 5570.949
2015 09 17 21 18 00 2 5570.949
2015 09 17 21 19 00 2 5570.951
2015 09 17 21 20 00 2 5570.953
2015 09 17 21 21 00 2 5570.954
2015 09 17 21 22 00 2 5570.954
2015 09 17 21 23 00 2 5570.955
2015 09 17 21 24 00 2 5570.955
2015 09 17 21 25 00 2 5570.956
2015 09 17 21 26 00 2 5570.959
2015 09 17 21 27 00 2 5570.959
2015 09 17 21 28 00 2 5570.959
2015 09 17 21 29 00 2 5570.958
2015 09 17 21 30 00 1 9999.000
2015 09 17 21 30 00 2 5570.959
2015 09 17 21 31 00 2 5570.957
2015 09 17 21 32 00 2 5570.958
2015 09 17 21 33 00 2 5570.960
2015 09 17 21 34 00 2 5570.956
2015 09 17 21 35 00 2 5570.952
2015 09 17 21 36 00 2 5570.949
2015 09 17 21 37 00 2 5570.950
2015 09 17 21 38 00 2 5570.952
2015 09 17 21 39 00 2 5570.953
2015 09 17 21 40 00 2 5570.953
2015 09 17 21 41 00 2 5570.955
2015 09 17 21 42 00 2 5570.957
2015 09 17 21 43 00 2 5570.958
2015 09 17 21 44 00 2 5570.961
2015 09 17 21 45 00 1 9999.000
2015 09 17 21 45 00 2 5570.963
2015 09 17 21 46 00 2 5570.963
2015 09 17 21 47 00 2 5570.967
2015 09 17 21 48 00 2 5570.968
2015 09 17 21 49 00 2 5570.965
2015 09 17 21 50 00 2 5570.964
2015 09 17 21 51 00 2 5570.964
2015 09 17 21 52 00 2 5570.965
2015 09 17 21 53 00 2 5570.964
2015 09 17 21 54 00 2 5570.962
2015 09 17 21 55 00 2 5570.965
2015 09 17 21 56 00 2 5570.970
2015 09 17 21 57 00 2 5570.971
2015 09 17 21 58 00 2 5570.965
2015 09 17 21 59 00 2 5570.960
2015 09 17 22 00 00 1 9999.000
2015 09 17 22 00 00 2 5570.962
2015 09 17 22 01 00 2 5564.166
2015 09 17 22 02 00 2 5570.963
2015 09 17 22 03 00 2 5570.962
2015 09 17 22 04 00 2 5565.115
2015 09 17 22 05 00 2 5570.963
2015 09 17 22 06 00 2 5570.966
2015 09 17 22 07 00 2 5565.275
2015 09 17 22 08 00 2 5570.964
2015 09 17 22 09 00 2 5570.962
2015 09 17 22 10 00 2 5570.965
2015 09 17 22 11 00 2 5570.965
2015 09 17 22 12 00 2 5570.962
2015 09 17 22 13 00 2 5570.964
2015 09 17 22 14 00 2 5570.968
2015 09 17 22 15 00 1 9999.000
2015 09 17 22 15 00 2 5570.966
2015 09 17 22 16 00 2 5570.966
2015 09 17 22 17 00 2 5570.966
2015 09 17 22 18 00 2 5570.961
2015 09 17 22 19 00 2 5570.958
2015 09 17 22 20 00 2 5570.956
2015 09 17 22 21 00 2 5570.958
2015 09 17 22 22 00 2 5570.961
2015 09 17 22 23 00 2 5570.961
2015 09 17 22 24 00 2 5570.963
2015 09 17 22 25 00 2 5570.963
2015 09 17 22 26 00 2 5570.963
2015 09 17 22 27 00 2 5570.961
2015 09 17 22 28 00 2 5570.959
2015 09 17 22 29 00 2 5570.956
2015 09 17 22 30 00 1 9999.000
2015 09 17 22 30 00 2 5570.953
2015 09 17 22 31 00 2 5570.949
2015 09 17 22 32 00 2 5570.950
2015 09 17 22 33 00 2 5570.950
2015 09 17 22 34 00 2 5570.948
2015 09 17 22 35 00 2 5570.949
2015 09 17 22 36 00 2 5570.947
2015 09 17 22 37 00 2 5570.945
2015 09 17 22 38 00 2 5570.942
2015 09 17 22 39 00 2 5570.944
2015 09 17 22 40 00 2 5570.946
2015 09 17 22 41 00 2 5570.943
2015 09 17 22 42 00 2 5570.938
2015 09 17 22 43 00 2 5570.936
2015 09 17 22 44 00 2 5570.936
2015 09 17 22 45 00 1 9999.000
2015 09 17 22 45 00 2 5570.938
2015 09 17 22 46 00 2 5570.937
2015 09 17 22 47 00 2 5570.937
2015 09 17 22 48 00 2 5570.933
2015 09 17 22 49 00 2 5570.930
2015 09 17 22 50 00 2 5570.929
2015 09 17 22 51 00 2 5570.925
2015 09 17 22 52 00 2 5570.921
2015 09 17 22 53 00 2 5570.921
2015 09 17 22 54 00 2 5570.922
2015 09 17 22 55 00 2 5570.923
2015 09 17 22 56 00 2 5570.921
2015 09 17 22 57 00 2 5570.919
2015 09 17 22 58 00 2 5570.917
2015 09 17 22 59 00 2 5570.914
2015 09 17 23 00 00 1 9999.000
2015 09 17 23 00 00 2 5570.912
2015 09 17 23 01 00 2 5566.387
2015 09 17 23 02 00 2 5570.905
2015 09 17 23 03 00 2 5570.905
2015 09 17 23 04 00 2 5563.315
2015 09 17 23 05 00 2 5570.903
2015 09 17 23 06 00 2 5570.902
2015 09 17 23 07 00 2 5563.031
2015 09 17 23 08 00 2 5570.898
2015 09 17 23 09 00 2 5570.896
2015 09 17 23 10 00 2 5570.894
2015 09 17 23 11 00 2 5570.893
2015 09 17 23 12 00 2 5570.892
2015 09 17 23 13 00 2 5570.888
2015 09 17 23 14 00 2 5570.884
2015 09 17 23 15 00 1 9999.000
2015 09 17 23 15 00 2 5570.879
2015 09 17 23 16 00 2 5570.877
2015 09 17 23 17 00 2 5570.875
2015 09 17 23 18 00 2 5570.876
2015 09 17 23 19 00 2 5570.878
2015 09 17 23 20 00 2 5570.878
2015 09 17 23 21 00 2 5570.876
2015 09 17 23 22 00 2 5570.873
2015 09 17 23 23 00 2 5570.872
2015 09 17 23 24 00 2 5570.871
2015 09 17 23 25 00 2 5570.869
2015 09 17 23 26 00 2 5570.866
2015 09 17 23 27 00 2 5570.862
2015 09 17 23 28 00 2 5570.857
2015 09 17 23 29 00 2 5570.857
2015 09 17 23 30 00 1 9999.000
2015 09 17 23 30 00 2 5570.853
2015 09 17 23 31 00 2 5570.850
2015 09 17 23 32 00 2 5570.844
2015 09 17 23 33 00 2 5570.838
2015 09 17 23 34 00 2 5570.835
2015 09 17 23 35 00 2 5570.833
2015 09 17 23 36 00 2 5570.829
2015 09 17 23 37 00 2 5570.830
2015 09 17 23 38 00 2 5570.830
2015 09 17 23 39 00 2 5570.829
2015 09 17 23 40 00 2 5570.827
2015 09 17 23 41 00 2 5570.825
2015 09 17 23 42 00 2 5570.825
2015 09 17 23 43 00 2 5570.822
2015 09 17 23 44 00 2 5570.817
2015 09 17 23 45 00 1 9999.000
2015 09 17 23 45 00 2 5570.813
2015 09 17 23 46 00 2 5570.806
2015 09 17 23 47 00 2 5570.805
2015 09 17 23 48 00 2 5570.803
2015 09 17 23 49 00 2 5570.801
2015 09 17 23 50 00 2 5570.801
2015 09 17 23 51 00 2 5570.801
2015 09 17 23 52 00 2 5570.798
2015 09 17 23 53 00 2 5570.793
2015 09 17 23 54 00 2 5570.791
2015 09 17 23 55 00 2 5570.791
2015 09 17 23 56 00 2 5570.789
2015 09 17 23 57 00 2 5570.783
2015 09 17 23 58 00 2 5570.778
2015 09 17 23 59 00 2 5570.777
2015 09 18 00 00 00 1 9999.000
2015 09 18 00 00 00 2 5570.774
2015 09 18 00 00 30 2 5570.774
2015 09 18 00 01 00 2 5563.816
2015 09 18 00 01 30 2 5563.816
2015 09 18 00 02 00 2 5570.770
2015 09 18 00 02 30 2 5570.770
2015 09 18 00 03 00 2 5570.765
2015 09 18 00 03 30 2 5570.765
2015 09 18 00 04 00 2 5563.082
2015 09 18 00 04 30 2 5563.082
2015 09 18 00 05 00 2 5570.762
2015 09 18 00 05 30 2 5570.762
2015 09 18 00 06 00 2 5570.759
2015 09 18 00 06 30 2 5570.759
2015 09 18 00 07 00 2 5563.295
2015 09 18 00 07 30 2 5563.295
2015 09 18 00 08 00 2 5570.753
2015 09 18 00 08 30 2 5570.753
2015 09 18 00 09 00 2 5570.751
2015 09 18 00 09 30 2 5570.751
2015 09 18 00 10 00 2 5570.747
2015 09 18 00 10 30 2 5570.747
2015 09 18 00 11 00 2 5570.744
2015 09 18 00 11 30 2 5570.744
2015 09 18 00 12 00 2 5570.740
2015 09 18 00 12 30 2 5570.740
2015 09 18 00 13 00 2 5570.739
2015 09 18 00 13 30 2 5570.739
2015 09 18 00 14 00 2 5570.742
2015 09 18 00 14 30 2 5570.742
2015 09 18 00 15 00 1 9999.000
2015 09 18 00 15 00 2 5570.741
2015 09 18 00 15 30 2 5570.741
2015 09 18 00 16 00 2 5570.733
2015 09 18 00 16 30 2 5570.733
2015 09 18 00 17 00 2 5570.728
2015 09 18 00 17 30 2 5570.728
2015 09 18 00 18 00 2 5570.722
2015 09 18 00 18 30 2 5570.722
2015 09 18 00 19 00 2 5570.718
2015 09 18 00 19 30 2 5570.718
2015 09 18 00 20 00 2 5570.715
2015 09 18 00 20 30 2 5570.715
2015 09 18 00 21 00 2 5570.713
2015 09 18 00 21 30 2 5570.713
2015 09 18 00 22 00 2 5570.710
2015 09 18 00 22 30 2 5570.710
2015 09 18 00 23 00 2 5570.707
2015 09 18 00 23 30 2 5570.707
2015 09 18 00 24 00 2 5570.707
2015 09 18 00 24 30 2 5570.707
2015 09 18 00 25 00 2 5570.705
2015 09 18 00 25 30 2 5570.705
2015 09 18 00 26 00 2 5570.703
2015 09 18 00 26 30 2 5570.703
2015 09 18 00 27 00 2 5570.700
2015 09 18 00 27 30 2 5570.700
2015 09 18 00 28 00 2 5570.696
2015 09 18 00 28 30 2 5570.696
2015 09 18 00 29 00 2 5570.691
2015 09 18 00 29 30 2 5570.691
2015 09 18 00 30 00 1 9999.000
2015 09 18 00 30 00 2 5570.689
2015 09 18 00 30 30 2 5570.689
2015 09 18 00 31 00 2 5570.685
2015 09 18 00 31 30 2 5570.685
2015 09 18 00 32 00 2 5570.678
2015 09 18 00 32 30 2 5570.678
2015 09 18 00 33 00 2 5570.671
2015 09 18 00 33 30 2 5570.671
2015 09 18 00 34 00 2 5570.669
2015 09 18 00 34 30 2 5570.669
2015 09 18 00 35 00 2 5570.669
2015 09 18 00 35 30 2 5570.669
2015 09 18 00 36 00 2 5570.666
2015 09 18 00 36 30 2 5570.666
2015 09 18 00 37 00 2 5570.662
2015 09 18 00 37 30 2 5570.662
2015 09 18 00 38 00 2 5570.660
2015 09 18 00 38 30 2 5570.660
2015 09 18 00 39 00 2 5570.658
2015 09 18 00 39 30 2 5570.658
2015 09 18 00 40 00 2 5570.654
2015 09 18 00 40 30 2 5570.654
2015 09 18 00 41 00 2 5570.653
2015 09 18 00 41 30 2 5570.653
2015 09 18 00 42 00 2 5570.656
2015 09 18 00 42 30 2 5570.656
2015 09 18 00 43 00 2 5570.655
2015 09 18 00 43 30 2 5570.655
2015 09 18 00 44 00 2 5570.649
2015 09 18 00 44 30 2 5570.649
2015 09 18 00 45 00 1 9999.000
2015 09 18 00 45 00 2 5570.643
2015 09 18 00 45 30 2 5570.643
2015 09 18 00 46 00 2 5570.636
2015 09 18 00 46 30 2 5570.636
2015 09 18 00 47 00 2 5570.630
2015 09 18 00 47 30 2 5570.630
2015 09 18 00 48 00 2 5570.627
2015 09 18 00 48 30 2 5570.627
2015 09 18 00 49 00 2 5570.625
2015 09 18 00 49 30 2 5570.625
2015 09 18 00 50 00 2 5570.622
2015 09 18 00 50 30 2 5570.622
2015 09 18 00 51 00 2 5570.617
2015 09 18 00 51 30 2 5570.617
2015 09 18 00 52 00 2 5570.613
2015 09 18 00 52 30 2 5570.613
2015 09 18 00 53 00 2 5570.612
2015 09 18 00 53 30 2 5570.612
2015 09 18 00 54 00 2 5570.613
2015 09 18 00 54 30 2 5570.613
2015 09 18 00 55 00 2 5570.609
2015 09 18 00 55 30 2 5570.609
2015 09 18 00 56 00 2 5570.604
2015 09 18 00 56 30 2 5570.604
2015 09 18 00 57 00 2 5570.600
2015 09 18 00 57 30 2 5570.600
2015 09 18 00 58 00 2 5570.597
2015 09 18 00 58 30 2 5570.597
2015 09 18 00 59 00 2 5570.593
2015 09 18 00 59 30 2 5570.593
2015 09 18 01 00 00 1 9999.000
2015 09 18 01 00 00 2 5570.590
2015 09 18 01 00 30 2 5570.590
2015 09 18 01 01 00 2 5563.823
2015 09 18 01 01 30 2 5563.823
2015 09 18 01 02 00 2 5570.585
2015 09 18 01 02 30 2 5570.585
2015 09 18 01 03 00 2 5570.583
2015 09 18 01 03 30 2 5570.583
2015 09 18 01 04 00 2 5564.506
2015 09 18 01 04 30 2 5564.506
2015 09 18 01 05 00 2 5570.570
2015 09 18 01 05 30 2 5570.570
2015 09 18 01 06 00 2 5570.565
2015 09 18 01 06 30 2 5570.565
2015 09 18 01 07 00 2 5565.597
2015 09 18 01 07 30 2 5565.597
2015 09 18 01 08 00 2 5570.560
2015 09 18 01 08 30 2 5570.560
2015 09 18 01 09 00 2 5570.556
2015 09 18 01 09 30 2 5570.556
2015 09 18 01 10 00 2 5570.554
2015 09 18 01 10 30 2 5570.554
2015 09 18 01 11 00 2 5570.551
2015 09 18 01 11 30 2 5570.551
2015 09 18 01 12 00 2 5570.548
2015 09 18 01 12 30 2 5570.548
2015 09 18 01 13 00 2 5570.550
2015 09 18 01 13 30 2 5570.550
2015 09 18 01 14 00 2 5570.547
2015 09 18 01 14 30 2 5570.547
2015 09 18 01 15 00 1 9999.000
2015 09 18 01 15 00 2 5570.543
2015 09 18 01 15 30 2 5570.543
2015 09 18 01 16 00 2 5570.541
2015 09 18 01 16 30 2 5570.541
2015 09 18 01 17 00 2 5570.540
2015 09 18 01 17 30 2 5570.540
2015 09 18 01 18 00 2 5570.536
2015 09 18 01 18 30 2 5570.536
2015 09 18 01 19 00 2 5570.534
2015 09 18 01 19 30 2 5570.534
2015 09 18 01 20 00 2 5570.531
2015 09 18 01 20 30 2 5570.531
2015 09 18 01 21 00 2 5570.527
2015 09 18 01 21 30 2 5570.527
2015 09 18 01 22 00 2 5570.524
2015 09 18 01 22 30 2 5570.524
2015 09 18 01 23 00 2 5570.521
2015 09 18 01 23 30 2 5570.521
2015 09 18 01 24 00 2 5570.515
2015 09 18 01 24 30 2 5570.515
2015 09 18 01 25 00 2 5570.513
2015 09 18 01 25 30 2 5570.513
2015 09 18 01 26 00 2 5570.512
2015 09 18 01 26 30 2 5570.512
2015 09 18 01 27 00 2 5570.508
2015 09 18 01 27 30 2 5570.508
2015 09 18 01 28 00 2 5570.505
2015 09 18 01 28 30 2 5570.505
2015 09 18 01 29 00 2 5570.502
2015 09 18 01 29 30 2 5570.502
2015 09 18 01 30 00 1 9999.000
2015 09 18 01 30 00 2 5570.499
2015 09 18 01 30 30 2 5570.499
2015 09 18 01 31 00 2 5570.498
2015 09 18 01 31 30 2 5570.498
2015 09 18 01 32 00 2 5570.494
2015 09 18 01 32 30 2 5570.494
2015 09 18 01 33 00 2 5570.490
2015 09 18 01 33 30 2 5570.490
2015 09 18 01 34 00 2 5570.487
2015 09 18 01 34 30 2 5570.487
2015 09 18 01 35 00 2 5570.480
2015 09 18 01 35 30 2 5570.480
2015 09 18 01 36 00 2 5570.476
2015 09 18 01 36 30 2 5570.476
2015 09 18 01 37 00 2 5570.475
2015 09 18 01 37 30 2 5570.475
2015 09 18 01 38 00 2 5570.471
2015 09 18 01 38 30 2 5570.471
2015 09 18 01 39 00 2 5570.465
2015 09 18 01 39 30 2 5570.465
2015 09 18 01 40 00 2 5570.463
2015 09 18 01 40 30 2 5570.463
2015 09 18 01 41 00 2 5570.460
2015 09 18 01 41 30 2 5570.460
2015 09 18 01 42 00 2 5570.456
2015 09 18 01 42 30 2 5570.456
2015 09 18 01 43 00 2 5570.453
2015 09 18 01 43 30 2 5570.453
2015 09 18 01 44 00 2 5570.452
2015 09 18 01 44 30 2 5570.452
2015 09 18 01 45 00 1 9999.000
2015 09 18 01 45 00 2 5570.452
2015 09 18 01 45 30 2 5570.452
2015 09 18 01 46 00 2 5570.447
2015 09 18 01 46 30 2 5570.447
2015 09 18 01 47 00 2 5570.444
2015 09 18 01 47 30 2 5570.444
2015 09 18 01 48 00 2 5570.441
2015 09 18 01 48 30 2 5570.441
2015 09 18 01 49 00 2 5570.440
2015 09 18 01 49 30 2 5570.440
2015 09 18 01 50 00 2 5570.435
2015 09 18 01 50 30 2 5570.435
2015 09 18 01 51 00 2 5570.431
2015 09 18 01 51 30 2 5570.431
2015 09 18 01 52 00 2 5570.427
2015 09 18 01 52 30 2 5570.427
2015 09 18 01 53 00 2 5570.420
2015 09 18 01 53 30 2 5570.420
2015 09 18 01 54 00 2 5570.416
2015 09 18 01 54 30 2 5570.416
2015 09 18 01 55 00 2 5570.414
2015 09 18 01 55 30 2 5570.414
2015 09 18 01 56 00 2 5570.416
2015 09 18 01 56 30 2 5570.416
2015 09 18 01 57 00 2 5570.415
2015 09 18 01 57 30 2 5570.415
2015 09 18 01 58 00 2 5570.412
2015 09 18 01 58 30 2 5570.412
2015 09 18 01 59 00 2 5570.410
2015 09 18 01 59 30 2 5570.410
2015 09 18 02 00 00 1 9999.000
2015 09 18 02 00 00 2 5570.406
2015 09 18 02 01 00 2 5561.580
2015 09 18 02 02 00 2 5570.396
2015 09 18 02 03 00 2 5570.394
2015 09 18 02 04 00 2 5560.531
2015 09 18 02 05 00 2 5570.388
2015 09 18 02 06 00 2 5570.384
2015 09 18 02 07 00 2 5558.974
2015 09 18 02 08 00 2 5570.384
2015 09 18 02 09 00 2 5570.382
2015 09 18 02 10 00 2 5570.379
2015 09 18 02 11 00 2 5570.375
2015 09 18 02 12 00 2 5570.370
2015 09 18 02 13 00 2 5570.368
2015 09 18 02 14 00 2 5570.366
2015 09 18 02 15 00 1 9999.000
2015 09 18 02 15 00 2 5570.364
2015 09 18 02 16 00 2 5570.360
2015 09 18 02 17 00 2 5570.357
2015 09 18 02 18 00 2 5570.352
2015 09 18 02 19 00 2 5570.351
2015 09 18 02 20 00 2 5570.350
2015 09 18 02 21 00 2 5570.347
2015 09 18 02 22 00 2 5570.344
2015 09 18 02 23 00 2 5570.341
2015 09 18 02 24 00 2 5570.338
2015 09 18 02 25 00 2 5570.336
2015 09 18 02 26 00 2 5570.331
2015 09 18 02 27 00 2 5570.329
2015 09 18 02 28 00 2 5570.328
2015 09 18 02 29 00 2 5570.325
2015 09 18 02 30 00 1 9999.000
2015 09 18 02 30 00 2 5570.321
2015 09 18 02 31 00 2 5570.319
2015 09 18 02 32 00 2 5570.318
2015 09 18 02 33 00 2 5570.316
2015 09 18 02 34 00 2 5570.311
2015 09 18 02 35 00 2 5570.309
2015 09 18 02 36 00 2 5570.308
2015 09 18 02 37 00 2 5570.305
2015 09 18 02 38 00 2 5570.299
2015 09 18 02 39 00 2 5570.295
2015 09 18 02 40 00 2 5570.295
2015 09 18 02 41 00 2 5570.295
2015 09 18 02 42 00 2 5570.293
2015 09 18 02 43 00 2 5570.291
2015 09 18 02 44 00 2 5570.290
2015 09 18 02 45 00 1 9999.000
2015 09 18 02 45 00 2 5570.290
2015 09 18 02 46 00 2 5570.286
2015 09 18 02 47 00 2 5570.282
2015 09 18 02 48 00 2 5570.280
2015 09 18 02 49 00 2 5570.277
2015 09 18 02 50 00 2 5570.273
2015 09 18 02 51 00 2 5570.270
2015 09 18 02 52 00 2 5570.272
2015 09 18 02 53 00 2 5570.269
2015 09 18 02 54 00 2 5570.267
2015 09 18 02 55 00 2 5570.265
2015 09 18 02 56 00 2 5570.261
2015 09 18 02 57 00 2 5570.257
2015 09 18 02 58 00 2 5570.256
2015 09 18 02 59 00 2 5570.257
2015 09 18 03 00 00 1 9999.000
2015 09 18 03 00 00 2 5570.256
2015 09 18 03 01 00 2 5560.836
2015 09 18 03 02 00 2 5570.254
2015 09 18 03 03 00 2 5570.252
2015 09 18 03 04 00 2 5560.328
2015 09 18 03 05 00 2 5570.252
2015 09 18 03 06 00 2 5570.251
2015 09 18 03 07 00 2 5559.186
2015 09 18 03 08 00 2 5570.241
2015 09 18 03 09 00 2 5570.238
2015 09 18 03 10 00 2 5570.237
2015 09 18 03 11 00 2 5570.235
2015 09 18 03 12 00 2 5570.233
2015 09 18 03 13 00 2 5570.233
2015 09 18 03 14 00 2 5570.235
2015 09 18 03 15 00 1 9999.000
2015 09 18 03 15 00 2 5570.236
2015 09 18 03 16 00 2 5570.236
2015 09 18 03 17 00 2 5570.235
2015 09 18 03 18 00 2 5570.233
2015 09 18 03 19 00 2 5570.233
2015 09 18 03 20 00 2 5570.233
2015 09 18 03 21 00 2 5570.233
2015 09 18 03 22 00 2 5570.232
2015 09 18 03 23 00 2 5570.230
2015 09 18 03 24 00 2 5570.229
2015 09 18 03 25 00 2 5570.226
2015 09 18 03 26 00 2 5570.224
2015 09 18 03 27 00 2 5570.222
2015 09 18 03 28 00 2 5570.219
2015 09 18 03 29 00 2 5570.217
2015 09 18 03 30 00 1 9999.000
2015 09 18 03 30 00 2 5570.215
2015 09 18 03 31 00 2 5570.216
2015 09 18 03 32 00 2 5570.217
2015 09 18 03 33 00 2 5570.218
2015 09 18 03 34 00 2 5570.218
2015 09 18 03 35 00 2 5570.218
2015 09 18 03 36 00 2 5570.218
2015 09 18 03 37 00 2 5570.219
2015 09 18 03 38 00 2 5570.217
2015 09 18 03 39 00 2 5570.216
2015 09 18 03 40 00 2 5570.214
2015 09 18 03 41 00 2 5570.212
2015 09 18 03 42 00 2 5570.210
2015 09 18 03 43 00 2 5570.209
2015 09 18 03 44 00 2 5570.209
2015 09 18 03 45 00 1 9999.000
2015 09 18 03 45 00 2 5570.208
2015 09 18 03 46 00 2 5570.209
2015 09 18 03 47 00 2 5570.210
2015 09 18 03 48 00 2 5570.210
2015 09 18 03 49 00 2 5570.209
2015 09 18 03 50 00 2 5570.209
2015 09 18 03 51 00 2 5570.209
2015 09 18 03 52 00 2 5570.207
2015 09 18 03 53 00 2 5570.206
2015 09 18 03 54 00 2 5570.207
2015 09 18 03 55 00 2 5570.207
2015 09 18 03 56 00 2 5570.207
2015 09 18 03 57 00 2 5570.208
2015 09 18 03 58 00 2 5570.206
2015 09 18 03 59 00 2 5570.204
2015 09 18 04 00 00 1 9999.000
2015 09 18 04 00 00 2 5570.202
2015 09 18 04 01 00 2 5560.150
2015 09 18 04 02 00 2 5570.198
2015 09 18 04 03 00 2 5570.194
2015 09 18 04 04 00 2 5561.154
2015 09 18 04 05 00 2 5570.195
2015 09 18 04 06 00 2 5570.198
2015 09 18 04 07 00 2 5558.825
2015 09 18 04 08 00 2 5570.203
2015 09 18 04 09 00 2 5570.202
2015 09 18 04 10 00 2 5570.202
2015 09 18 04 11 00 2 5570.203
2015 09 18 04 12 00 2 5570.202
2015 09 18 04 13 00 2 5570.202
2015 09 18 04 14 00 2 5570.204
2015 09 18 04 15 00 1 9999.000
2015 09 18 04 15 00 2 5570.206
2015 09 18 04 16 00 2 5570.207
2015 09 18 04 17 00 2 5570.205
2015 09 18 04 18 00 2 5570.202
2015 09 18 04 19 00 2 5570.202
2015 09 18 04 20 00 2 5570.203
2015 09 18 04 21 00 2 5570.206
2015 09 18 04 22 00 2 5570.209
2015 09 18 04 23 00 2 5570.211
2015 09 18 04 24 00 2 5570.215
2015 09 18 04 25 00 2 5570.215
2015 09 18 04 26 00 2 5570.213
2015 09 18 04 27 00 2 5570.215
2015 09 18 04 28 00 2 5570.215
2015 09 18 04 29 00 2 5570.215
2015 09 18 04 30 00 1 9999.000
2015 09 18 04 30 00 2 5570.215
2015 09 18 04 31 00 2 5570.215
2015 09 18 04 32 00 2 5570.217
2015 09 18 04 33 00 2 5570.218
2015 09 18 04 34 00 2 5570.217
2015 09 18 04 35 00 2 5570.217
2015 09 18 04 36 00 2 5570.216
2015 09 18 04 37 00 2 5570.215
2015 09 18 04 38 00 2 5570.219
2015 09 18 04 39 00 2 5570.222
2015 09 18 04 40 00 2 5570.223
2015 09 18 04 41 00 2 5570.224
2015 09 18 04 42 00 2 5570.225
2015 09 18 04 43 00 2 5570.227
2015 09 18 04 44 00 2 5570.228
2015 09 18 04 45 00 1 9999.000
2015 09 18 04 45 00 2 5570.226
2015 09 18 04 46 00 2 5570.229
2015 09 18 04 47 00 2 5570.233
2015 09 18 04 48 00 2 5570.237
2015 09 18 04 49 00 2 5570.236
2015 09 18 04 50 00 2 5570.237
2015 09 18 04 51 00 2 5570.239
2015 09 18 04 52 00 2 5570.242
2015 09 18 04 53 00 2 5570.244
2015 09 18 04 54 00 2 5570.245
2015 09 18 04 55 00 2 5570.243
2015 09 18 04 56 00 2 5570.242
2015 09 18 04 57 00 2 5570.247
2015 09 18 04 58 00 2 5570.251
2015 09 18 04 59 00 2 5570.251
2015 09 18 05 00 00 1 9999.000
2015 09 18 05 00 00 2 5570.252
2015 09 18 05 01 00 2 5558.216
2015 09 18 05 02 00 2 5570.259
2015 09 18 05 03 00 2 5570.258
2015 09 18 05 04 00 2 5556.038
2015 09 18 05 05 00 2 5570.260
2015 09 18 05 06 00 2 5570.261
2015 09 18 05 07 00 2 5555.506
2015 09 18 05 08 00 2 5570.262
2015 09 18 05 09 00 2 5570.263
2015 09 18 05 10 00 2 5570.266
2015 09 18 05 11 00 2 5570.268
2015 09 18 05 12 00 2 5570.268
2015 09 18 05 13 00 2 5570.267
2015 09 18 05 14 00 2 5570.272
2015 09 18 05 15 00 1 9999.000
2015 09 18 05 15 00 2 5570.277
2015 09 18 05 16 00 2 5570.280
2015 09 18 05 17 00 2 5570.281
2015 09 18 05 18 00 2 5570.280
2015 09 18 05 19 00 2 5570.279
2015 09 18 05 20 00 2 5570.281
2015 09 18 05 21 00 2 5570.286
2015 09 18 05 22 00 2 5570.289
2015 09 18 05 23 00 2 5570.290
2015 09 18 05 24 00 2 5570.292
2015 09 18 05 25 00 2 5570.295
2015 09 18 05 26 00 2 5570.298
2015 09 18 05 27 00 2 5570.302
2015 09 18 05 28 00 2 5570.305
2015 09 18 05 29 00 2 5570.307
2015 09 18 05 30 00 1 9999.000
2015 09 18 05 30 00 2 5570.309
2015 09 18 05 31 00 2 5570.312
2015 09 18 05 32 00 2 5570.314
2015 09 18 05 33 00 2 5570.316
2015 09 18 05 34 00 2 5570.317
2015 09 18 05 35 00 2 5570.319
2015 09 18 05 36 00 2 5570.319
2015 09 18 05 37 00 2 5570.321
2015 09 18 05 38 00 2 5570.324
2015 09 18 05 39 00 2 5570.328
2015 09 18 05 40 00 2 5570.333
2015 09 18 05 41 00 2 5570.339
2015 09 18 05 42 00 2 5570.341
2015 09 18 05 43 00 2 5570.341
2015 09 18 05 44 00 2 5570.342
2015 09 18 05 45 00 1 9999.000
2015 09 18 05 45 00 2 5570.344
2015 09 18 05 46 00 2 5570.346
2015 09 18 05 47 00 2 5570.346
2015 09 18 05 48 00 2 5570.347
2015 09 18 05 49 00 2 5570.349
2015 09 18 05 50 00 2 5570.351
2015 09 18 05 51 00 2 5570.355
2015 09 18 05 52 00 2 5570.357
2015 09 18 05 53 00 2 5570.361
2015 09 18 05 54 00 2 5570.365
2015 09 18 05 55 00 2 5570.368
2015 09 18 05 56 00 2 5570.371
2015 09 18 05 57 00 2 5570.375
2015 09 18 05 58 00 2 5570.377
2015 09 18 05 59 00 2 5570.382
2015 09 18 06 00 00 1 9999.000
2015 09 18 06 00 00 2 5570.385
2015 09 18 06 01 00 2 5554.557
2015 09 18 06 02 00 2 5570.391
2015 09 18 06 03 00 2 5570.395
2015 09 18 06 04 00 2 5550.244
2015 09 18 06 05 00 2 5570.401
2015 09 18 06 06 00 2 5570.403
2015 09 18 06 07 00 2 5549.526
2015 09 18 06 08 00 2 5570.411
2015 09 18 06 09 00 2 5570.413
2015 09 18 06 10 00 2 5570.414
2015 09 18 06 11 00 2 5570.419
2015 09 18 06 12 00 2 5570.424
2015 09 18 06 13 00 2 5570.426
2015 09 18 06 14 00 2 5570.428
2015 09 18 06 15 00 1 9999.000
2015 09 18 06 15 00 2 5570.431
2015 09 18 06 16 00 2 5570.434
2015 09 18 06 17 00 2 5570.435
2015 09 18 06 18 00 2 5570.438
2015 09 18 06 19 00 2 5570.440
2015 09 18 06 20 00 2 5570.444
2015 09 18 06 21 00 2 5570.448
2015 09 18 06 22 00 2 5570.451
2015 09 18 06 23 00 2 5570.453
2015 09 18 06 24 00 2 5570.455
2015 09 18 06 25 00 2 5570.458
2015 09 18 06 26 00 2 5570.464
2015 09 18 06 27 00 2 5570.468
2015 09 18 06 28 00 2 5570.471
2015 09 18 06 29 00 2 5570.472
2015 09 18 06 30 00 1 9999.000
2015 09 18 06 30 00 2 5570.476
2015 09 18 06 31 00 2 5570.480
2015 09 18 06 32 00 2 5570.484
2015 09 18 06 33 00 2 5570.488
2015 09 18 06 34 00 2 5570.490
2015 09 18 06 35 00 2 5570.492
2015 09 18 06 36 00 2 5570.493
2015 09 18 06 37 00 2 5570.497
2015 09 18 06 38 00 2 5570.502
2015 09 18 06 39 00 2 5570.509
2015 09 18 06 40 00 2 5570.514
2015 09 18 06 41 00 2 5570.514
2015 09 18 06 42 00 2 5570.517
2015 09 18 06 43 00 2 5570.522
2015 09 18 06 44 00 2 5570.528
2015 09 18 06 45 00 1 9999.000
2015 09 18 06 45 00 2 5570.531
2015 09 18 06 46 00 2 5570.533
2015 09 18 06 47 00 2 5570.536
2015 09 18 06 48 00 2 5570.539
2015 09 18 06 49 00 2 5570.544
2015 09 18 06 50 00 2 5570.546
2015 09 18 06 51 00 2 5570.547
2015 09 18 06 52 00 2 5570.549
2015 09 18 06 53 00 2 5570.551
2015 09 18 06 54 00 2 5570.553
2015 09 18 06 55 00 2 5570.558
2015 09 18 06 56 00 2 5570.562
2015 09 18 06 57 00 2 5570.564
2015 09 18 06 58 00 2 5570.566
2015 09 18 06 59 00 2 5570.568
2015 09 18 07 00 00 1 9999.000
2015 09 18 07 00 00 2 5570.571
2015 09 18 07 01 00 2 5554.616
2015 09 18 07 02 00 2 5570.578
2015 09 18 07 03 00 2 5570.581
2015 09 18 07 04 00 2 5553.178
2015 09 18 07 05 00 2 5570.588
2015 09 18 07 06 00 2 5570.594
2015 09 18 07 07 00 2 5550.950
2015 09 18 07 08 00 2 5570.605
2015 09 18 07 09 00 2 5570.611
2015 09 18 07 10 00 2 5570.617
2015 09 18 07 11 00 2 5570.619
2015 09 18 07 12 00 2 5570.621
2015 09 18 07 13 00 2 5570.626
2015 09 18 07 14 00 2 5570.629
2015 09 18 07 15 00 1 9999.000
2015 09 18 07 15 00 2 5570.633
2015 09 18 07 16 00 2 5570.633
2015 09 18 07 17 00 2 5570.636
2015 09 18 07 18 00 2 5570.640
2015 09 18 07 19 00 2 5570.645
2015 09 18 07 20 00 2 5570.648
2015 09 18 07 21 00 2 5570.652
2015 09 18 07 22 00 2 5570.655
2015 09 18 07 23 00 2 5570.662
2015 09 18 07 24 00 2 5570.665
2015 09 18 07 25 00 2 5570.669
2015 09 18 07 26 00 2 5570.675
2015 09 18 07 27 00 2 5570.679
2015 09 18 07 28 00 2 5570.682
2015 09 18 07 29 00 2 5570.683
2015 09 18 07 30 00 1 9999.000
2015 09 18 07 30 00 2 5570.685
2015 09 18 07 31 00 2 5570.684
2015 09 18 07 32 00 2 5570.686
2015 09 18 07 33 00 2 5570.688
2015 09 18 07 34 00 2 5570.692
2015 09 18 07 35 00 2 5570.696
2015 09 18 07 36 00 2 5570.701
2015 09 18 07 37 00 2 5570.704
2015 09 18 07 38 00 2 5570.708
2015 09 18 07 39 00 2 5570.713
2015 09 18 07 40 00 2 5570.717
2015 09 18 07 41 00 2 5570.720
2015 09 18 07 42 00 2 5570.721
2015 09 18 07 43 00 2 5570.722
2015 09 18 07 44 00 2 5570.725
2015 09 18 07 45 00 1 9999.000
2015 09 18 07 45 00 2 5570.730
2015 09 18 07 46 00 2 5570.732
2015 09 18 07 47 00 2 5570.735
2015 09 18 07 48 00 2 5570.738
2015 09 18 07 49 00 2 5570.742
2015 09 18 07 50 00 2 5570.745
2015 09 18 07 51 00 2 5570.748
2015 09 18 07 52 00 2 5570.750
2015 09 18 07 53 00 2 5570.752
2015 09 18 07 54 00 2 5570.758
2015 09 18 07 55 00 2 5570.763
2015 09 18 07 56 00 2 5570.766
2015 09 18 07 57 00 2 5570.771
2015 09 18 07 58 00 2 5570.777
2015 09 18 07 59 00 2 5570.781
2015 09 18 08 00 00 1 9999.000
2015 09 18 08 00 00 2 5570.783
2015 09 18 08 01 00 2 5563.674
2015 09 18 08 02 00 2 5570.791
2015 09 18 08 03 00 2 5570.794
2015 09 18 08 04 00 2 5564.441
2015 09 18 08 05 00 2 5570.799
2015 09 18 08 06 00 2 5570.803
2015 09 18 08 07 00 2 5563.031
2015 09 18 08 08 00 2 5570.810
2015 09 18 08 09 00 2 5570.813
2015 09 18 08 10 00 2 5570.814
2015 09 18 08 11 00 2 5570.816
2015 09 18 08 12 00 2 5570.820
2015 09 18 08 13 00 2 5570.822
2015 09 18 08 14 00 2 5570.826
2015 09 18 08 15 00 1 9999.000
2015 09 18 08 15 00 2 5570.827
2015 09 18 08 16 00 2 5570.829
2015 09 18 08 17 00 2 5570.832
2015 09 18 08 18 00 2 5570.836
2015 09 18 08 19 00 2 5570.838
2015 09 18 08 20 00 2 5570.840
2015 09 18 08 21 00 2 5570.845
2015 09 18 08 22 00 2 5570.850
2015 09 18 08 23 00 2 5570.855
2015 09 18 08 24 00 2 5570.858
2015 09 18 08 25 00 2 5570.860
2015 09 18 08 26 00 2 5570.862
2015 09 18 08 27 00 2 5570.864
2015 09 18 08 28 00 2 5570.867
2015 09 18 08 29 00 2 5570.870
2015 09 18 08 30 00 1 9999.000
2015 09 18 08 30 00 2 5570.873
2015 09 18 08 31 00 2 5570.877
2015 09 18 08 32 00 2 5570.879
2015 09 18 08 33 00 2 5570.882
2015 09 18 08 34 00 2 5570.884
2015 09 18 08 35 00 2 5570.887
2015 09 18 08 36 00 2 5570.888
2015 09 18 08 37 00 2 5570.889
2015 09 18 08 38 00 2 5570.892
2015 09 18 08 39 00 2 5570.895
2015 09 18 08 40 00 2 5570.897
2015 09 18 08 41 00 2 5570.902
2015 09 18 08 42 00 2 5570.904
2015 09 18 08 43 00 2 5570.905
2015 09 18 08 44 00 2 5570.906
2015 09 18 08 45 00 1 9999.000
2015 09 18 08 45 00 2 5570.907
2015 09 18 08 46 00 2 5570.910
2015 09 18 08 47 00 2 5570.912
2015 09 18 08 48 00 2 5570.914
2015 09 18 08 49 00 2 5570.917
2015 09 18 08 50 00 2 5570.919
2015 09 18 08 51 00 2 5570.922
2015 09 18 08 52 00 2 5570.922
2015 09 18 08 53 00 2 5570.926
2015 09 18 08 54 00 2 5570.928
2015 09 18 08 55 00 2 5570.932
2015 09 18 08 56 00 2 5570.935
2015 09 18 08 57 00 2 5570.936
2015 09 18 08 58 00 2 5570.937
2015 09 18 08 59 00 2 5570.938
2015 09 18 09 00 00 1 9999.000
2015 09 18 09 00 00 2 5570.938
2015 09 18 09 01 00 2 5558.615
2015 09 18 09 02 00 2 5570.944
2015 09 18 09 03 00 2 5570.948
2015 09 18 09 04 00 2 5562.353
2015 09 18 09 05 00 2 5570.951
2015 09 18 09 06 00 2 5570.953
2015 09 18 09 07 00 2 5552.725
2015 09 18 09 08 00 2 5570.958
2015 09 18 09 09 00 2 5570.961
2015 09 18 09 10 00 2 5570.963
2015 09 18 09 11 00 2 5570.963
2015 09 18 09 12 00 2 5570.966
2015 09 18 09 13 00 2 5570.966
2015 09 18 09 14 00 2 5570.967
2015 09 18 09 15 00 1 9999.000
2015 09 18 09 15 00 2 5570.968
2015 09 18 09 16 00 2 5570.971
2015 09 18 09 17 00 2 5570.972
2015 09 18 09 18 00 2 5570.973
2015 09 18 09 19 00 2 5570.973
2015 09 18 09 20 00 2 5570.975
2015 09 18 09 21 00 2 5570.978
2015 09 18 09 22 00 2 5570.978
2015 09 18 09 23 00 2 5570.979
2015 09 18 09 24 00 2 5570.980
2015 09 18 09 25 00 2 5570.981
2015 09 18 09 26 00 2 5570.982
2015 09 18 09 27 00 2 5570.982
2015 09 18 09 28 00 2 5570.983
2015 09 18 09 29 00 2 5570.985
2015 09 18 09 30 00 1 9999.000
2015 09 18 09 30 00 2 5570.987
2015 09 18 09 31 00 2 5570.987
2015 09 18 09 32 00 2 5570.987
2015 09 18 09 33 00 2 5570.989
2015 09 18 09 34 00 2 5570.991
2015 09 18 09 35 00 2 5570.994
2015 09 18 09 36 00 2 5570.995
2015 09 18 09 37 00 2 5570.997
2015 09 18 09 38 00 2 5570.998
2015 09 18 09 39 00 2 5570.999
2015 09 18 09 40 00 2 5570.999
2015 09 18 09 41 00 2 5571.001
2015 09 18 09 42 00 2 5571.002
2015 09 18 09 43 00 2 5571.001
2015 09 18 09 44 00 2 5571.001
2015 09 18 09 45 00 1 9999.000
2015 09 18 09 45 00 2 5571.001
2015 09 18 09 46 00 2 5571.002
2015 09 18 09 47 00 2 5571.003
2015 09 18 09 48 00 2 5571.003
2015 09 18 09 49 00 2 5571.002
2015 09 18 09 50 00 2 5571.003
2015 09 18 09 51 00 2 5571.003
2015 09 18 09 52 00 2 5571.003
2015 09 18 09 53 00 2 5571.005
2015 09 18 09 54 00 2 5571.006
2015 09 18 09 55 00 2 5571.007
2015 09 18 09 56 00 2 5571.007
2015 09 18 09 57 00 2 5571.007
2015 09 18 09 58 00 2 5571.007
2015 09 18 09 59 00 2 5571.008
2015 09 18 10 00 00 1 9999.000
2015 09 18 10 00 00 2 5571.007
2015 09 18 10 01 00 2 5564.494
2015 09 18 10 02 00 2 5571.006
2015 09 18 10 03 00 2 5571.006
2015 09 18 10 04 00 2 5564.273
2015 09 18 10 05 00 2 5571.008
2015 09 18 10 06 00 2 5571.011
2015 09 18 10 07 00 2 5564.119
2015 09 18 10 08 00 2 5571.012
2015 09 18 10 09 00 2 5571.010
2015 09 18 10 10 00 2 5571.008
2015 09 18 10 11 00 2 5571.007
2015 09 18 10 12 00 2 5571.008
2015 09 18 10 13 00 2 5571.009
2015 09 18 10 14 00 2 5571.009
2015 09 18 10 15 00 1 9999.000
2015 09 18 10 15 00 2 5571.009
2015 09 18 10 16 00 2 5571.008
2015 09 18 10 17 00 2 5571.006
2015 09 18 10 18 00 2 5571.007
2015 09 18 10 19 00 2 5571.008
2015 09 18 10 20 00 2 5571.008
2015 09 18 10 21 00 2 5571.008
2015 09 18 10 22 00 2 5571.008
2015 09 18 10 23 00 2 5571.010
2015 09 18 10 24 00 2 5571.011
2015 09 18 10 25 00 2 5571.009
2015 09 18 10 26 00 2 5571.010
2015 09 18 10 27 00 2 5571.011
2015 09 18 10 28 00 2 5571.010
2015 09 18 10 29 00 2 5571.008
2015 09 18 10 30 00 1 9999.000
2015 09 18 10 30 00 2 5571.005
2015 09 18 10 31 00 2 5571.002
2015 09 18 10 32 00 2 5571.001
2015 09 18 10 33 00 2 5571.000
2015 09 18 10 34 00 2 5571.000
2015 09 18 10 35 00 2 5570.998
2015 09 18 10 36 00 2 5570.995
2015 09 18 10 37 00 2 5570.995
2015 09 18 10 38 00 2 5570.996
2015 09 18 10 39 00 2 5570.996
2015 09 18 10 40 00 2 5570.996
2015 09 18 10 41 00 2 5570.995
2015 09 18 10 42 00 2 5570.995
2015 09 18 10 43 00 2 5570.996
2015 09 18 10 44 00 2 5570.995
2015 09 18 10 45 00 1 9999.000
2015 09 18 10 45 00 2 5570.993
2015 09 18 10 46 00 2 5570.993
2015 09 18 10 47 00 2 5570.990
2015 09 18 10 48 00 2 5570.988
2015 09 18 10 49 00 2 5570.987
2015 09 18 10 50 00 2 5570.986
2015 09 18 10 51 00 2 5570.985
2015 09 18 10 52 00 2 5570.986
2015 09 18 10 53 00 2 5570.986
2015 09 18 10 54 00 2 5570.985
2015 09 18 10 55 00 2 5570.984
2015 09 18 10 56 00 2 5570.984
2015 09 18 10 57 00 2 5570.985
2015 09 18 10 58 00 2 5570.985
2015 09 18 10 59 00 2 5570.984
2015 09 18 11 00 00 1 9999.000
2015 09 18 11 00 00 2 5570.983
2015 09 18 11 01 00 2 5565.636
2015 09 18 11 02 00 2 5570.979
2015 09 18 11 03 00 2 5570.979
2015 09 18 11 04 00 2 5566.357
2015 09 18 11 05 00 2 5570.971
2015 09 18 11 06 00 2 5570.968
2015 09 18 11 07 00 2 5565.306
2015 09 18 11 08 00 2 5570.965
2015 09 18 11 09 00 2 5570.965
2015 09 18 11 10 00 2 5570.963
2015 09 18 11 11 00 2 5570.960
2015 09 18 11 12 00 2 5570.959
2015 09 18 11 13 00 2 5570.959
2015 09 18 11 14 00 2 5570.959
2015 09 18 11 15 00 1 9999.000
2015 09 18 11 15 00 2 5570.957
2015 09 18 11 16 00 2 5570.953
2015 09 18 11 17 00 2 5570.953
2015 09 18 11 18 00 2 5570.952
2015 09 18 11 19 00 2 5570.951
2015 09 18 11 20 00 2 5570.949
2015 09 18 11 21 00 2 5570.948
2015 09 18 11 22 00 2 5570.947
2015 09 18 11 23 00 2 5570.945
2015 09 18 11 24 00 2 5570.944
2015 09 18 11 25 00 2 5570.941
2015 09 18 11 26 00 2 5570.939
2015 09 18 11 27 00 2 5570.936
2015 09 18 11 28 00 2 5570.933
2015 09 18 11 29 00 2 5570.931
2015 09 18 11 30 00 1 9999.000
2015 09 18 11 30 00 2 5570.929
2015 09 18 11 31 00 2 5570.925
2015 09 18 11 32 00 2 5570.924
2015 09 18 11 33 00 2 5570.922
2015 09 18 11 34 00 2 5570.921
2015 09 18 11 35 00 2 5570.916
2015 09 18 11 36 00 2 5570.914
2015 09 18 11 37 00 2 5570.914
2015 09 18 11 38 00 2 5570.911
2015 09 18 11 39 00 2 5570.909
2015 09 18 11 40 00 2 5570.906
2015 09 18 11 41 00 2 5570.903
2015 09 18 11 42 00 2 5570.900
2015 09 18 11 43 00 2 5570.898
2015 09 18 11 44 00 2 5570.894
2015 09 18 11 45 00 1 9999.000
2015 09 18 11 45 00 2 5570.890
2015 09 18 11 46 00 2 5570.887
2015 09 18 11 47 00 2 5570.885
2015 09 18 11 48 00 2 5570.884
2015 09 18 11 49 00 2 5570.882
2015 09 18 11 50 00 2 5570.878
2015 09 18 11 51 00 2 5570.876
2015 09 18 11 52 00 2 5570.872
2015 09 18 11 53 00 2 5570.869
2015 09 18 11 54 00 2 5570.866
2015 09 18 11 55 00 2 5570.865
2015 09 18 11 56 00 2 5570.862
2015 09 18 11 57 00 2 5570.860
2015 09 18 11 58 00 2 5570.858
2015 09 18 11 59 00 2 5570.856
2015 09 18 12 00 00 1 9999.000
2015 09 18 12 15 00 1 9999.000
2015 09 18 12 30 00 1 9999.000
2015 09 18 12 45 00 1 9999.000
2015 09 18 13 00 00 1 9999.000
2015 09 18 13 15 00 1 5570.617
2015 09 18 13 30 00 1 9999.000
2015 09 18 13 45 00 1 5570.513
2015 09 18 14 00 00 1 9999.000
2015 09 18 14 15 00 1 5570.419
2015 09 18 14 30 00 1 9999.000
2015 09 18 14 45 00 1 5570.330
2015 09 18 15 00 00 1 9999.000
2015 09 18 15 15 00 1 5570.259
2015 09 18 15 30 00 1 9999.000
2015 09 18 15 45 00 1 5570.209
2015 09 18 16 00 00 1 5570.197
2015 09 18 16 15 00 1 5570.177
2015 09 18 16 30 00 1 5570.182
2015 09 18 16 45 00 1 5570.182
2015 09 18 17 00 00 1 5570.192
2015 09 18 17 15 00 1 5570.211
2015 09 18 17 30 00 1 5570.231
2015 09 18 17 45 00 1 5570.259
2015 09 18 18 00 00 1 5570.286
2015 09 18 18 15 00 1 5570.332
2015 09 18 18 30 00 1 5570.369
2015 09 18 18 45 00 1 5570.415
2015 09 18 19 00 00 1 5570.464
2015 09 18 19 15 00 1 5570.509
2015 09 18 19 30 00 1 5570.560
2015 09 18 19 45 00 1 5570.604
2015 09 18 20 00 00 1 5570.655
2015 09 18 20 15 00 1 5570.705
2015 09 18 20 30 00 1 5570.748
2015 09 18 20 45 00 1 5570.792
2015 09 18 21 00 00 1 5570.833
2015 09 18 21 15 00 1 5570.865
2015 09 18 21 30 00 1 5570.894
2015 09 18 21 45 00 1 5570.919
2015 09 18 22 00 00 1 5570.935
2015 09 18 22 15 00 1 5570.946
2015 09 18 22 30 00 1 5570.953
2015 09 18 22 45 00 1 5570.946
2015 09 18 23 00 00 1 5570.939
2015 09 18 23 15 00 1 5570.928
2015 09 18 23 30 00 1 5570.907
2015 09 18 23 45 00 1 5570.885
2015 09 19 00 00 00 1 5570.857
2015 09 19 00 15 00 1 5570.820
2015 09 19 00 30 00 1 5570.788
2015 09 19 00 45 00 1 5570.741
2015 09 19 01 00 00 1 5570.702
2015 09 19 01 15 00 1 5570.653
2015 09 19 01 30 00 1 5570.605
2015 09 19 01 45 00 1 5570.560
2015 09 19 02 00 00 1 5570.516
2015 09 19 02 15 00 1 5570.469
2015 09 19 02 30 00 1 5570.425
2015 09 19 02 45 00 1 5570.387
2015 09 19 03 00 00 1 5570.345
2015 09 19 03 15 00 1 5570.310
2015 09 19 03 30 00 1 5570.282
2015 09 19 03 45 00 1 5570.255
2015 09 19 04 00 00 1 5570.239
2015 09 19 04 15 00 1 5570.230
2015 09 19 04 30 00 1 5570.219
2015 09 19 04 45 00 1 5570.222
2015 09 19 05 00 00 1 5570.226
2015 09 19 05 15 00 1 5570.239
2015 09 19 05 30 00 1 5570.256
2015 09 19 05 45 00 1 5570.279
2015 09 19 06 00 00 1 5570.307
2015 09 19 06 15 00 1 5570.339
2015 09 19 06 30 00 1 5570.377
2015 09 19 06 45 00 1 5570.421
2015 09 19 07 00 00 1 5570.464
2015 09 19 07 15 00 1 5570.513
2015 09 19 07 30 00 1 5570.560
2015 09 19 07 45 00 1 5570.611
2015 09 19 08 00 00 1 5570.665
2015 09 19 08 15 00 1 5570.718
2015 09 19 08 30 00 1 5570.760
2015 09 19 08 45 00 1 5570.806
2015 09 19 09 00 00 1 5570.850
2015 09 19 09 15 00 1 5570.883
2015 09 19 09 30 00 1 5570.921
2015 09 19 09 45 00 1 5570.949
2015 09 19 10 00 00 1 5570.970
2015 09 19 10 15 00 1 5570.986
2015 09 19 10 30 00 1 5570.994
2015 09 19 10 45 00 1 5571.000
2015 09 19 11 00 00 1 5570.999
2015 09 19 11 15 00 1 5570.991
2015 09 19 11 30 00 1 5570.973
2015 09 19 11 45 00 1 5570.953
2015 09 19 12 00 00 1 5570.925
2015 09 19 12 15 00 1 5570.893
2015 09 19 12 30 00 1 5570.860
2015 09 19 12 45 00 1 5570.822
2015 09 19 13 00 00 1 5570.779
2015 09 19 13 15 00 1 5570.732
2015 09 19 13 30 00 1 5570.687
2015 09 19 13 45 00 1 5570.637
2015 09 19 14 00 00 1 5570.584
2015 09 19 14 15 00 1 5570.534
2015 09 19 14 30 00 1 5570.484
2015 09 19 14 45 00 1 5570.438
2015 09 19 15 00 00 1 5570.394
2015 09 19 15 15 00 1 5570.348
2015 09 19 15 30 00 1 5570.311
2015 09 19 15 45 00 1 5570.275
2015 09 19 16 00 00 1 5570.253
2015 09 19 16 15 00 1 5570.224
2015 09 19 16 30 00 1 5570.209
2015 09 19 16 45 00 1 5570.194
2015 09 19 17 00 00 1 5570.188
2015 09 19 17 15 00 1 5570.187
2015 09 19 17 30 00 1 5570.192
2015 09 19 17 45 00 1 5570.206
2015 09 19 18 00 00 1 5570.228
2015 09 19 18 15 00 1 5570.251
2015 09 19 18 30 00 1 5570.277
2015 09 19 18 45 00 1 5570.308
2015 09 19 19 00 00 1 5570.344
2015 09 19 19 15 00 1 5570.387
2015 09 19 19 30 00 1 5570.426
2015 09 19 19 45 00 1 5570.472
2015 09 19 20 00 00 1 5570.516
2015 09 19 20 15 00 1 5570.566
2015 09 19 20 30 00 1 5570.608
2015 09 19 20 45 00 1 5570.655
2015 09 19 21 00 00 1 5570.701
2015 09 19 21 15 00 1 5570.745
2015 09 19 21 30 00 1 5570.781
2015 09 19 21 45 00 1 5570.817
2015 09 19 22 00 00 1 5570.847
2015 09 19 22 15 00 1 5570.874
2015 09 19 22 30 00 1 5570.892
2015 09 19 22 45 00 1 5570.906
2015 09 19 23 00 00 1 5570.916
2015 09 19 23 15 00 1 5570.916
2015 09 19 23 30 00 1 5570.915
2015 09 19 23 45 00 1 5570.904
2015 09 20 00 00 00 1 5570.894
2015 09 20 00 15 00 1 5570.872
2015 09 20 00 30 00 1 5570.850
2015 09 20 00 45 00 1 5570.820
2015 09 20 01 00 00 1 5570.787
2015 09 20 01 15 00 1 5570.752
2015 09 20 01 30 00 1 5570.715
2015 09 20 01 45 00 1 5570.674
2015 09 20 02 00 00 1 5570.630
2015 09 20 02 15 00 1 5570.586
2015 09 20 02 30 00 1 5570.544
2015 09 20 02 45 00 1 5570.500
2015 09 20 03 00 00 1 5570.457
2015 09 20 03 15 00 1 5570.414
2015 09 20 03 30 00 1 5570.373
2015 09 20 03 45 00 1 5570.337
2015 09 20 04 00 00 1 5570.305
2015 09 20 04 15 00 1 5570.280
2015 09 20 04 30 00 1 5570.260
2015 09 20 04 45 00 1 5570.242
2015 09 20 05 00 00 1 5570.230
2015 09 20 05 15 00 1 5570.228
2015 09 20 05 30 00 1 5570.231
2015 09 20 05 45 00 1 5570.240
2015 09 20 06 00 00 1 5570.254
2015 09 20 06 15 00 1 5570.270
2015 09 20 06 30 00 1 5570.295
2015 09 20 06 45 00 1 5570.324
2015 09 20 07 00 00 1 5570.360
2015 09 20 07 15 00 1 5570.401
2015 09 20 07 30 00 1 5570.442
2015 09 20 07 45 00 1 5570.485
2015 09 20 08 00 00 1 5570.530
2015 09 20 08 15 00 1 5570.581
2015 09 20 08 30 00 1 5570.629
2015 09 20 08 45 00 1 5570.673
2015 09 20 09 00 00 1 5570.721
2015 09 20 09 15 00 1 5570.765
2015 09 20 09 30 00 1 5570.807
2015 09 20 09 45 00 1 5570.847
2015 09 20 10 00 00 1 5570.880
2015 09 20 10 15 00 1 5570.911
2015 09 20 10 30 00 1 5570.939
2015 09 20 10 45 00 1 5570.959
2015 09 20 11 00 00 1 5570.973
2015 09 20 11 15 00 1 5570.981
2015 09 20 11 30 00 1 5570.981
2015 09 20 11 45 00 1 5570.977
2015 09 20 12 00 00 1 5570.966
2015 09 20 12 15 00 1 5570.947
2015 09 20 12 30 00 1 5570.927
2015 09 20 12 45 00 1 5570.902
2015 09 20 13 00 00 1 5570.871
2015 09 20 13 15 00 1 5570.833
2015 09 20 13 30 00 1 5570.795
2015 09 20 13 45 00 1 5570.753
2015 09 20 14 00 00 1 5570.709
2015 09 20 14 15 00 1 5570.663
2015 09 20 14 30 00 1 5570.616
2015 09 20 14 45 00 1 5570.568
2015 09 20 15 00 00 1 5570.521
2015 09 20 15 15 00 1 5570.478
2015 09 20 15 30 00 1 5570.432
2015 09 20 15 45 00 1 5570.388
2015 09 20 16 00 00 1 5570.353
2015 09 20 16 15 00 1 5570.315
2015 09 20 16 30 00 1 5570.282
2015 09 20 16 45 00 1 5570.257
2015 09 20 17 00 00 1 5570.235
2015 09 20 17 15 00 1 5570.220
2015 09 20 17 30 00 1 5570.208
2015 09 20 17 45 00 1 5570.205
2015 09 20 18 00 00 1 5570.205
2015 09 20 18 15 00 1 5570.213
2015 09 20 18 30 00 1 5570.223
2015 09 20 18 45 00 1 5570.238
2015 09 20 19 00 00 1 5570.261
2015 09 20 19 15 00 1 5570.289
2015 09 20 19 30 00 1 5570.317
2015 09 20 19 45 00 1 5570.355
2015 09 20 20 00 00 1 5570.391
2015 09 20 20 15 00 1 5570.434
2015 09 20 20 30 00 1 5570.475
2015 09 20 20 45 00 1 5570.517
2015 09 20 21 00 00 1 5570.562
2015 09 20 21 15 00 1 5570.607
2015 09 20 21 30 00 1 5570.654
2015 09 20 21 45 00 1 5570.696
2015 09 20 22 00 00 1 5570.737
2015 09 20 22 15 00 1 5570.774
2015 09 20 22 30 00 1 5570.809
2015 09 20 22 45 00 1 5570.836
2015 09 20 23 00 00 1 5570.862
2015 09 20 23 15 00 1 5570.880
2015 09 20 23 30 00 1 5570.894
2015 09 20 23 45 00 1 5570.905
2015 09 21 00 00 00 1 5570.910
2015 09 21 00 15 00 1 5570.905
2015 09 21 00 30 00 1 5570.896
2015 09 21 00 45 00 1 5570.885
2015 09 21 01 00 00 1 5570.864
2015 09 21 01 15 00 1 5570.840
2015 09 21 01 30 00 1 5570.814
2015 09 21 01 45 00 1 5570.784
2015 09 21 02 00 00 1 5570.749
2015 09 21 02 15 00 1 5570.710
2015 09 21 02 30 00 1 5570.669
2015 09 21 02 45 00 1 5570.630
2015 09 21 03 00 00 1 5570.589
2015 09 21 03 15 00 1 5570.548
2015 09 21 03 30 00 1 5570.507
2015 09 21 03 45 00 1 5570.467
2015 09 21 04 00 00 1 5570.426
2015 09 21 04 15 00 1 5570.393
2015 09 21 04 30 00 1 5570.358
2015 09 21 04 45 00 1 5570.331
2015 09 21 05 00 00 1 5570.307
2015 09 21 05 15 00 1 5570.288
2015 09 21 05 30 00 1 5570.273
2015 09 21 05 45 00 1 5570.266
2015 09 21 06 00 00 1 5570.260
2015 09 21 06 15 00 1 5570.260
2015 09 21 06 30 00 1 5570.269
2015 09 21 06 45 00 1 5570.285
2015 09 21 07 00 00 1 5570.305
2015 09 21 07 15 00 1 5570.328
2015 09 21 07 30 00 1 5570.359
2015 09 21 07 45 00 1 5570.395
2015 09 21 08 00 00 1 5570.431
2015 09 21 08 15 00 1 5570.471
2015 09 21 08 30 00 1 5570.513
2015 09 21 08 45 00 1 5570.555
2015 09 21 09 00 00 1 5570.602
2015 09 21 09 15 00 1 5570.650
2015 09 21 09 30 00 1 5570.695
2015 09 21 09 45 00 1 5570.739
2015 09 21 10 00 00 1 5570.781
2015 09 21 10 15 00 1 5570.822
2015 09 21 10 30 00 1 5570.862
2015 09 21 10 45 00 1 5570.895
2015 09 21 11 00 00 1 5570.924
2015 09 21 11 15 00 1 5570.946
2015 09 21 11 30 00 1 5570.965
2015 09 21 11 45 00 1 5570.976
2015 09 21 12 00 00 1 5570.985
2015 09 21 12 15 00 1 5570.987
2015 09 21 12 30 00 1 5570.983
2015 09 21 12 45 00 1 5570.971
2015 09 21 13 00 00 1 5570.955
2015 09 21 13 15 00 1 5570.934
2015 09 21 13 30 00 1 5570.907
2015 09 21 13 45 00 1 5570.875
2015 09 21 14 00 00 1 5570.839
2015 09 21 14 15 00 1 5570.803
2015 09 21 14 30 00 1 5570.760
2015 09 21 14 45 00 1 5570.718
2015 09 21 15 00 00 1 5570.675
2015 09 21 15 15 00 1 5570.627
2015 09 21 15 30 00 1 5570.583
2015 09 21 15 45 00 1 5570.535
2015 09 21 16 00 00 1 5570.490
2015 09 21 16 15 00 1 5570.447
2015 09 21 16 30 00 1 5570.406
2015 09 21 16 45 00 1 5570.367
2015 09 21 17 00 00 1 5570.329
2015 09 21 17 15 00 1 5570.298
2015 09 21 17 30 00 1 5570.273
2015 09 21 17 45 00 1 5570.253
2015 09 21 18 00 00 1 5570.237
2015 09 21 18 15 00 1 5570.225
2015 09 21 18 30 00 1 5570.219
2015 09 21 18 45 00 1 5570.217
2015 09 21 19 00 00 1 5570.224
2015 09 21 19 15 00 1 5570.235
2015 09 21 19 30 00 1 5570.248
2015 09 21 19 45 00 1 5570.269
2015 09 21 20 00 00 1 5570.294
2015 09 21 20 15 00 1 5570.324
2015 09 21 20 30 00 1 5570.356
2015 09 21 20 45 00 1 5570.389
2015 09 21 21 00 00 1 5570.427
2015 09 21 21 15 00 1 5570.467
2015 09 21 21 30 00 1 5570.509
2015 09 21 21 45 00 1 5570.551
2015 09 21 22 00 00 1 5570.594
2015 09 21 22 15 00 1 5570.635
2015 09 21 22 30 00 1 5570.675
2015 09 21 22 45 00 1 5570.715
2015 09 21 23 00 00 1 5570.751
2015 09 21 23 15 00 1 5570.783
2015 09 21 23 30 00 1 5570.812
2015 09 21 23 45 00 1 5570.838
2015 09 22 00 00 00 1 5570.861
2015 09 22 00 15 00 1 5570.875
2015 09 22 00 30 00 1 5570.885
2015 09 22 00 45 00 1 5570.889
2015 09 22 01 00 00 1 5570.888
2015 09 22 01 15 00 1 5570.884
2015 09 22 01 30 00 1 5570.872
2015 09 22 01 45 00 1 5570.857
2015 09 22 02 00 00 1 5570.834
2015 09 22 02 15 00 1 5570.809
2015 09 22 02 30 00 1 5570.781
2015 09 22 02 45 00 1 5570.748
2015 09 22 03 00 00 1 5570.711
2015 09 22 03 15 00 1 5570.671
2015 09 22 03 30 00 1 5570.633
2015 09 22 03 45 00 1 5570.594
2015 09 22 04 00 00 1 5570.554
2015 09 22 04 15 00 1 5570.513
2015 09 22 04 30 00 1 5570.470
2015 09 22 04 45 00 1 5570.434
2015 09 22 05 00 00 1 5570.398
2015 09 22 05 15 00 1 5570.365
2015 09 22 05 30 00 1 5570.334
2015 09 22 05 45 00 1 5570.309
2015 09 22 06 00 00 1 5570.288
2015 09 22 06 15 00 1 5570.273
2015 09 22 06 30 00 1 5570.265
2015 09 22 06 45 00 1 5570.264
2015 09 22 07 00 00 1 5570.265
2015 09 22 07 15 00 1 5570.272
2015 09 22 07 30 00 1 5570.286
2015 09 22 07 45 00 1 5570.302
2015 09 22 08 00 00 1 5570.324
2015 09 22 08 15 00 1 5570.347
2015 09 22 08 30 00 1 5570.377
2015 09 22 08 45 00 1 5570.408
2015 09 22 09 00 00 1 5570.448
2015 09 22 09 15 00 1 5570.490
2015 09 22 09 30 00 1 5570.530
2015 09 22 09 45 00 1 5570.573
2015 09 22 10 00 00 1 5570.618
2015 09 22 10 15 00 1 5570.662
2015 09 22 10 30 00 1 5570.709
2015 09 22 10 45 00 1 5570.751
2015 09 22 11 00 00 1 5570.792
2015 09 22 11 15 00 1 5570.831
2015 09 22 11 30 00 1 5570.862
2015 09 22 11 45 00 1 5570.890
2015 09 22 12 00 00 1 5570.914
2015 09 22 12 15 00 1 5570.935
2015 09 22 12 30 00 1 5570.946
2015 09 22 12 45 00 1 5570.958
2015 09 22 13 00 00 1 5570.961
2015 09 22 13 15 00 1 5570.955
2015 09 22 13 30 00 1 5570.946
2015 09 22 13 45 00 1 5570.932
2015 09 22 14 00 00 1 5570.913
2015 09 22 14 15 00 1 5570.888
2015 09 22 14 30 00 1 5570.859
2015 09 22 14 45 00 1 5570.827
2015 09 22 15 00 00 1 5570.794
2015 09 22 15 15 00 1 5570.755
2015 09 22 15 30 00 1 5570.713
2015 09 22 15 45 00 1 5570.670
2015 09 22 16 00 00 1 5570.625
2015 09 22 16 15 00 1 5570.580
2015 09 22 16 30 00 1 5570.535
2015 09 22 16 45 00 1 5570.492
2015 09 22 17 00 00 1 5570.448
2015 09 22 17 15 00 1 5570.405
2015 09 22 17 30 00 1 5570.369
2015 09 22 17 45 00 1 5570.335
2015 09 22 18 00 00 1 5570.301
2015 09 22 18 15 00 1 5570.275
2015 09 22 18 30 00 1 5570.253
2015 09 22 18 45 00 1 5570.234
2015 09 22 19 00 00 1 5570.222
2015 09 22 19 15 00 1 5570.213
2015 09 22 19 30 00 1 5570.208
2015 09 22 19 45 00 1 5570.208
2015 09 22 20 00 00 1 5570.215
2015 09 22 20 15 00 1 5570.228
2015 09 22 20 30 00 1 5570.244
2015 09 22 20 45 00 1 5570.265
2015 09 22 21 00 00 1 5570.290
2015 09 22 21 15 00 1 5570.319
2015 09 22 21 30 00 1 5570.350
2015 09 22 21 45 00 1 5570.386
2015 09 22 22 00 00 1 5570.425
2015 09 22 22 15 00 1 5570.465
2015 09 22 22 30 00 1 5570.503
2015 09 22 22 45 00 1 5570.545
2015 09 22 23 00 00 1 5570.588
2015 09 22 23 15 00 1 5570.629
2015 09 22 23 30 00 1 5570.666
2015 09 22 23 45 00 1 5570.703
2015 09 23 00 00 00 1 5570.739
2015 09 23 00 15 00 1 5570.770
2015 09 23 00 30 00 1 5570.798
2015 09 23 00 45 00 1 5570.818
2015 09 23 01 00 00 1 5570.838
2015 09 23 01 15 00 1 5570.850
2015 09 23 01 30 00 1 5570.856
2015 09 23 01 45 00 1 5570.858
2015 09 23 02 00 00 1 5570.857
2015 09 23 02 15 00 1 5570.849
2015 09 23 02 30 00 1 5570.833
2015 09 23 02 45 00 1 5570.815
2015 09 23 03 00 00 1 5570.794
2015 09 23 03 15 00 1 5570.765
2015 09 23 03 30 00 1 5570.735
2015 09 23 03 45 00 1 5570.700
2015 09 23 04 00 00 1 5570.662
2015 09 23 04 15 00 1 5570.624
2015 09 23 04 30 00 1 5570.582
2015 09 23 04 45 00 1 5570.547
2015 09 23 05 00 00 1 5570.505
2015 09 23 05 15 00 1 5570.466
2015 09 23 05 30 00 1 5570.428
2015 09 23 05 45 00 1 5570.391
2015 09 23 06 00 00 1 5570.357
2015 09 23 06 15 00 1 5570.323
2015 09 23 06 30 00 1 5570.298
2015 09 23 06 45 00 1 5570.276
2015 09 23 07 00 00 1 5570.259
2015 09 23 07 15 00 1 5570.247
2015 09 23 07 30 00 1 5570.240
2015 09 23 07 45 00 1 5570.241
2015 09 23 08 00 00 1 5570.240
2015 09 23 08 15 00 1 5570.249
2015 09 23 08 30 00 1 5570.261
2015 09 23 08 45 00 1 5570.279
2015 09 23 09 00 00 1 5570.302
2015 09 23 09 15 00 1 5570.329
2015 09 23 09 30 00 1 5570.360
2015 09 23 09 45 00 1 5570.394
2015 09 23 10 00 00 1 5570.433
2015 09 23 10 15 00 1 5570.475
2015 09 23 10 30 00 1 5570.518
2015 09 23 10 45 00 1 5570.562
2015 09 23 11 00 00 1 5570.609
2015 09 23 11 15 00 1 5570.652
2015 09 23 11 30 00 1 5570.692
2015 09 23 11 45 00 1 5570.738
2015 09 23 12 00 00 1 5570.777
2015 09 23 12 15 00 1 5570.812
2015 09 23 12 30 00 1 5570.842
2015 09 23 12 45 00 1 5570.873
2015 09 23 13 00 00 1 5570.896
2015 09 23 13 15 00 1 5570.913
2015 09 23 13 30 00 1 5570.926
2015 09 23 13 45 00 1 5570.932
2015 09 23 14 00 00 1 5570.931
2015 09 23 14 15 00 1 5570.925
2015 09 23 14 30 00 1 5570.915
2015 09 23 14 45 00 1 5570.899
2015 09 23 15 00 00 1 5570.879
2015 09 23 15 15 00 1 5570.854
2015 09 23 15 30 00 1 5570.825
2015 09 23 15 45 00 1 5570.789
2015 09 23 16 00 00 1 5570.755
2015 09 23 16 15 00 1 5570.716
2015 09 23 16 30 00 1 5570.675
2015 09 23 16 45 00 1 5570.632
2015 09 23 17 00 00 1 5570.586
2015 09 23 17 15 00 1 5570.544
2015 09 23 17 30 00 1 5570.499
2015 09 23 17 45 00 1 5570.455
2015 09 23 18 00 00 1 5570.415
2015 09 23 18 15 00 1 5570.371
2015 09 23 18 30 00 1 5570.333
2015 09 23 18 45 00 1 5570.297
2015 09 23 19 00 00 1 5570.266
2015 09 23 19 15 00 1 5570.237
2015 09 23 19 30 00 1 5570.213
2015 09 23 19 45 00 1 5570.197
2015 09 23 20 00 00 1 5570.185
2015 09 23 20 15 00 1 5570.179
2015 09 23 20 30 00 1 5570.176
2015 09 23 20 45 00 1 5570.179
2015 09 23 21 00 00 1 5570.186
2015 09 23 21 15 00 1 5570.199
2015 09 23 21 30 00 1 5570.219
2015 09 23 21 45 00 1 5570.240
2015 09 23 22 00 00 1 5570.264
2015 09 23 22 15 00 1 5570.295
2015 09 23 22 30 00 1 5570.327
2015 09 23 22 45 00 1 5570.364
