#YY  MM DD hh mm ss T   HEIGHT
#yr  mo dy hr mn  s -        m
2015 08 16 23 00 00 1 4286.552
2015 08 16 23 15 00 1 4286.493
2015 08 16 23 30 00 1 4286.433
2015 08 16 23 45 00 1 4286.373
2015 08 17 00 00 00 1 4286.312
2015 08 17 00 15 00 1 4286.252
2015 08 17 00 30 00 1 4286.195
2015 08 17 00 45 00 1 4286.139
2015 08 17 01 00 00 1 4286.085
2015 08 17 01 15 00 1 4286.038
2015 08 17 01 30 00 1 4285.996
2015 08 17 01 45 00 1 4285.960
2015 08 17 02 00 00 1 4285.932
2015 08 17 02 15 00 1 4285.915
2015 08 17 02 30 00 1 4285.907
2015 08 17 02 45 00 1 4285.908
2015 08 17 03 00 00 1 4285.915
2015 08 17 03 15 00 1 4285.935
2015 08 17 03 30 00 1 4285.960
2015 08 17 03 45 00 1 4285.995
2015 08 17 04 00 00 1 4286.037
2015 08 17 04 15 00 1 9999.000
2015 08 17 04 30 00 1 9999.000
2015 08 17 04 45 00 1 9999.000
2015 08 17 05 00 00 1 9999.000
2015 08 17 05 15 00 1 4286.323
2015 08 17 05 30 00 1 4286.388
2015 08 17 05 45 00 1 4286.452
2015 08 17 06 00 00 1 4286.515
2015 08 17 06 15 00 1 4286.571
2015 08 17 06 30 00 1 4286.629
2015 08 17 06 45 00 1 4286.686
2015 08 17 07 00 00 1 4286.737
2015 08 17 07 15 00 1 4286.780
2015 08 17 07 30 00 1 4286.818
2015 08 17 07 45 00 1 4286.845
2015 08 17 08 00 00 1 4286.865
2015 08 17 08 15 00 1 4286.877
2015 08 17 08 30 00 1 4286.878
2015 08 17 08 45 00 1 4286.871
2015 08 17 09 00 00 1 4286.854
2015 08 17 09 15 00 1 4286.830
2015 08 17 09 30 00 1 4286.796
2015 08 17 09 45 00 1 4286.755
2015 08 17 10 00 00 1 4286.707
2015 08 17 10 15 00 1 4286.648
2015 08 17 10 30 00 1 4286.582
2015 08 17 10 45 00 1 4286.513
2015 08 17 11 00 00 1 4286.440
2015 08 17 11 15 00 1 4286.363
2015 08 17 11 30 00 1 4286.283
2015 08 17 11 45 00 1 4286.201
2015 08 17 12 00 00 1 4286.122
2015 08 17 12 15 00 1 4286.041
2015 08 17 12 30 00 1 4285.962
2015 08 17 12 45 00 1 4285.885
2015 08 17 13 00 00 1 4285.814
2015 08 17 13 15 00 1 9999.000
2015 08 17 13 30 00 1 9999.000
2015 08 17 13 45 00 1 9999.000
2015 08 17 14 00 00 1 9999.000
2015 08 17 14 15 00 1 4285.554
2015 08 17 14 30 00 1 4285.527
2015 08 17 14 45 00 1 4285.510
2015 08 17 15 00 00 1 4285.505
2015 08 17 15 15 00 1 4285.505
2015 08 17 15 30 00 1 4285.520
2015 08 17 15 45 00 1 4285.546
2015 08 17 16 00 00 1 4285.582
2015 08 17 16 15 00 1 4285.626
2015 08 17 16 30 00 1 4285.678
2015 08 17 16 45 00 1 4285.738
2015 08 17 17 00 00 1 4285.802
2015 08 17 17 15 00 1 4285.874
2015 08 17 17 30 00 1 4285.951
2015 08 17 17 45 00 1 4286.030
2015 08 17 18 00 00 1 4286.112
2015 08 17 18 15 00 1 9999.000
2015 08 17 18 30 00 1 9999.000
2015 08 17 18 45 00 1 9999.000
2015 08 17 19 00 00 1 9999.000
2015 08 17 19 15 00 1 4286.505
2015 08 17 19 30 00 1 4286.574
2015 08 17 19 45 00 1 4286.634
2015 08 17 20 00 00 1 4286.688
2015 08 17 20 15 00 1 4286.738
2015 08 17 20 30 00 1 4286.776
2015 08 17 20 45 00 1 4286.806
2015 08 17 21 00 00 1 4286.827
2015 08 17 21 15 00 1 4286.839
2015 08 17 21 30 00 1 4286.841
2015 08 17 21 45 00 1 4286.833
2015 08 17 22 00 00 1 4286.818
2015 08 17 22 15 00 1 4286.792
2015 08 17 22 30 00 1 4286.761
2015 08 17 22 45 00 1 4286.723
2015 08 17 23 00 00 1 4286.682
2015 08 17 23 15 00 1 4286.631
2015 08 17 23 30 00 1 4286.578
2015 08 17 23 45 00 1 4286.518
2015 08 18 00 00 00 1 4286.456
2015 08 18 00 15 00 1 4286.391
2015 08 18 00 30 00 1 4286.323
2015 08 18 00 45 00 1 4286.258
2015 08 18 01 00 00 1 4286.198
2015 08 18 01 15 00 1 9999.000
2015 08 18 01 30 00 1 9999.000
2015 08 18 01 45 00 1 9999.000
2015 08 18 02 00 00 1 9999.000
2015 08 18 02 15 00 1 4285.963
2015 08 18 02 30 00 1 4285.933
2015 08 18 02 45 00 1 4285.910
2015 08 18 03 00 00 1 4285.895
2015 08 18 03 15 00 1 4285.889
2015 08 18 03 30 00 1 4285.890
2015 08 18 03 45 00 1 4285.901
2015 08 18 04 00 00 1 4285.918
2015 08 18 04 15 00 1 4285.944
2015 08 18 04 30 00 1 4285.978
2015 08 18 04 45 00 1 4286.017
2015 08 18 05 00 00 1 4286.064
2015 08 18 05 15 00 1 4286.117
2015 08 18 05 30 00 1 4286.171
2015 08 18 05 45 00 1 4286.228
2015 08 18 06 00 00 1 4286.288
2015 08 18 06 15 00 1 4286.347
2015 08 18 06 30 00 1 4286.408
2015 08 18 06 45 00 1 4286.467
2015 08 18 07 00 00 1 4286.522
2015 08 18 07 15 00 1 4286.573
2015 08 18 07 30 00 1 4286.623
2015 08 18 07 45 00 1 4286.666
2015 08 18 08 00 00 1 4286.705
2015 08 18 08 15 00 1 4286.734
2015 08 18 08 30 00 1 4286.759
2015 08 18 08 45 00 1 4286.776
2015 08 18 09 00 00 1 4286.785
2015 08 18 09 15 00 1 4286.790
2015 08 18 09 30 00 1 4286.782
2015 08 18 09 45 00 1 4286.769
2015 08 18 10 00 00 1 4286.744
2015 08 18 10 15 00 1 9999.000
2015 08 18 10 30 00 1 9999.000
2015 08 18 10 45 00 1 9999.000
2015 08 18 11 00 00 1 9999.000
2015 08 18 11 15 00 1 4286.520
2015 08 18 11 30 00 1 4286.458
2015 08 18 11 45 00 1 4286.393
2015 08 18 12 00 00 1 4286.323
2015 08 18 12 15 00 1 4286.251
2015 08 18 12 30 00 1 4286.177
2015 08 18 12 45 00 1 4286.107
2015 08 18 13 00 00 1 4286.036
2015 08 18 13 15 00 1 4285.970
2015 08 18 13 30 00 1 4285.906
2015 08 18 13 45 00 1 4285.844
2015 08 18 14 00 00 1 4285.790
2015 08 18 14 15 00 1 4285.743
2015 08 18 14 30 00 1 4285.702
2015 08 18 14 45 00 1 4285.669
2015 08 18 15 00 00 1 4285.645
2015 08 18 15 15 00 1 4285.632
2015 08 18 15 30 00 1 4285.626
2015 08 18 15 45 00 1 4285.630
2015 08 18 16 00 00 1 4285.642
2015 08 18 16 15 00 1 4285.664
2015 08 18 16 30 00 1 4285.694
2015 08 18 16 45 00 1 4285.738
2015 08 18 17 00 00 1 4285.784
2015 08 18 17 15 00 1 4285.837
2015 08 18 17 30 00 1 4285.898
2015 08 18 17 45 00 1 4285.963
2015 08 18 18 00 00 1 4286.032
2015 08 18 18 15 00 1 4286.104
2015 08 18 18 30 00 1 4286.177
2015 08 18 18 45 00 1 4286.251
2015 08 18 19 00 00 1 4286.324
2015 08 18 19 15 00 1 4286.398
2015 08 18 19 30 00 1 4286.471
2015 08 18 19 45 00 1 4286.539
2015 08 18 20 00 00 1 4286.602
2015 08 18 20 15 00 1 4286.657
2015 08 18 20 30 00 1 4286.708
2015 08 18 20 45 00 1 4286.752
2015 08 18 21 00 00 1 4286.790
2015 08 18 21 15 00 1 4286.817
2015 08 18 21 30 00 1 4286.837
2015 08 18 21 45 00 1 4286.846
2015 08 18 22 00 00 1 4286.846
2015 08 18 22 15 00 1 4286.837
2015 08 18 22 30 00 1 4286.819
2015 08 18 22 45 00 1 4286.796
2015 08 18 23 00 00 1 4286.764
2015 08 18 23 15 00 1 9999.000
2015 08 18 23 30 00 1 9999.000
2015 08 18 23 45 00 1 9999.000
2015 08 19 00 00 00 1 9999.000
2015 08 19 00 15 00 1 4286.524
2015 08 19 00 30 00 1 4286.463
2015 08 19 00 45 00 1 4286.398
2015 08 19 01 00 00 1 4286.336
2015 08 19 01 15 00 1 4286.271
2015 08 19 01 30 00 1 4286.205
2015 08 19 01 45 00 1 4286.144
2015 08 19 02 00 00 1 4286.090
2015 08 19 02 15 00 1 4286.036
2015 08 19 02 30 00 1 4285.987
2015 08 19 02 45 00 1 4285.945
2015 08 19 03 00 00 1 4285.909
2015 08 19 03 15 00 1 4285.881
2015 08 19 03 30 00 1 4285.860
2015 08 19 03 45 00 1 4285.846
2015 08 19 04 00 00 1 4285.841
2015 08 19 04 15 00 1 4285.842
2015 08 19 04 30 00 1 4285.848
2015 08 19 04 45 00 1 4285.865
2015 08 19 05 00 00 1 4285.889
2015 08 19 05 15 00 1 4285.921
2015 08 19 05 30 00 1 4285.961
2015 08 19 05 45 00 1 4286.003
2015 08 19 06 00 00 1 4286.049
2015 08 19 06 15 00 1 4286.100
2015 08 19 06 30 00 1 4286.153
2015 08 19 06 45 00 1 4286.210
2015 08 19 07 00 00 1 4286.266
2015 08 19 07 15 00 1 4286.323
2015 08 19 07 30 00 1 4286.379
2015 08 19 07 45 00 1 4286.429
2015 08 19 08 00 00 1 4286.476
2015 08 19 08 15 00 1 4286.521
2015 08 19 08 30 00 1 4286.563
2015 08 19 08 45 00 1 4286.597
2015 08 19 09 00 00 1 4286.625
2015 08 19 09 15 00 1 4286.649
2015 08 19 09 30 00 1 4286.662
2015 08 19 09 45 00 1 4286.672
2015 08 19 10 00 00 1 4286.672
2015 08 19 10 15 00 1 4286.665
2015 08 19 10 30 00 1 4286.648
2015 08 19 10 45 00 1 4286.627
2015 08 19 11 00 00 1 4286.599
2015 08 19 11 15 00 1 4286.562
2015 08 19 11 30 00 1 4286.522
2015 08 19 11 45 00 1 4286.475
2015 08 19 12 00 00 1 4286.425
2015 08 19 12 15 00 1 4286.370
2015 08 19 12 30 00 1 4286.315
2015 08 19 12 45 00 1 4286.250
2015 08 19 13 00 00 1 4286.188
2015 08 19 13 15 00 1 4286.127
2015 08 19 13 30 00 1 4286.066
2015 08 19 13 45 00 1 4286.011
2015 08 19 14 00 00 1 4285.955
2015 08 19 14 15 00 1 4285.904
2015 08 19 14 30 00 1 4285.859
2015 08 19 14 45 00 1 4285.817
2015 08 19 15 00 00 1 4285.782
2015 08 19 15 15 00 1 4285.754
2015 08 19 15 30 00 1 4285.734
2015 08 19 15 45 00 1 4285.719
2015 08 19 16 00 00 1 4285.716
2015 08 19 16 15 00 1 4285.720
2015 08 19 16 30 00 1 4285.733
2015 08 19 16 45 00 1 4285.752
2015 08 19 17 00 00 1 4285.777
2015 08 19 17 15 00 1 4285.812
2015 08 19 17 30 00 1 4285.852
2015 08 19 17 45 00 1 4285.899
2015 08 19 18 00 00 1 4285.952
2015 08 19 18 15 00 1 4286.014
2015 08 19 18 30 00 1 4286.074
2015 08 19 18 45 00 1 4286.138
2015 08 19 19 00 00 1 4286.208
2015 08 19 19 15 00 1 4286.277
2015 08 19 19 30 00 1 4286.346
2015 08 19 19 45 00 1 4286.414
2015 08 19 20 00 00 1 4286.481
2015 08 19 20 15 00 1 4286.544
2015 08 19 20 30 00 1 4286.604
2015 08 19 20 45 00 1 4286.657
2015 08 19 21 00 00 1 4286.704
2015 08 19 21 15 00 1 4286.745
2015 08 19 21 30 00 1 4286.782
2015 08 19 21 45 00 1 4286.808
2015 08 19 22 00 00 1 4286.829
2015 08 19 22 15 00 1 4286.839
2015 08 19 22 30 00 1 4286.841
2015 08 19 22 45 00 1 4286.831
2015 08 19 23 00 00 1 4286.817
2015 08 19 23 15 00 1 4286.796
2015 08 19 23 30 00 1 4286.767
2015 08 19 23 45 00 1 4286.732
2015 08 20 00 00 00 1 4286.689
2015 08 20 00 15 00 1 4286.645
2015 08 20 00 30 00 1 4286.593
2015 08 20 00 45 00 1 4286.535
2015 08 20 01 00 00 1 4286.473
2015 08 20 01 15 00 1 4286.411
2015 08 20 01 30 00 1 4286.348
2015 08 20 01 45 00 1 4286.287
2015 08 20 02 00 00 1 4286.222
2015 08 20 02 15 00 1 4286.159
2015 08 20 02 30 00 1 4286.101
2015 08 20 02 45 00 1 4286.045
2015 08 20 03 00 00 1 4285.992
2015 08 20 03 15 00 1 4285.946
2015 08 20 03 30 00 1 4285.907
2015 08 20 03 45 00 1 4285.872
2015 08 20 04 00 00 1 4285.846
2015 08 20 04 15 00 1 4285.830
2015 08 20 04 30 00 1 4285.816
2015 08 20 04 45 00 1 4285.808
2015 08 20 05 00 00 1 4285.808
2015 08 20 05 15 00 1 4285.815
2015 08 20 05 30 00 1 4285.826
2015 08 20 05 45 00 1 4285.846
2015 08 20 06 00 00 1 4285.872
2015 08 20 06 15 00 1 4285.903
2015 08 20 06 30 00 1 4285.940
2015 08 20 06 45 00 1 4285.980
2015 08 20 07 00 00 1 4286.025
2015 08 20 07 15 00 1 4286.074
2015 08 20 07 30 00 1 4286.123
2015 08 20 07 45 00 1 4286.173
2015 08 20 08 00 00 1 4286.221
2015 08 20 08 15 00 1 4286.268
2015 08 20 08 30 00 1 4286.315
2015 08 20 08 45 00 1 4286.360
2015 08 20 09 00 00 1 4286.401
2015 08 20 09 15 00 1 4286.439
2015 08 20 09 30 00 1 4286.474
2015 08 20 09 45 00 1 4286.501
2015 08 20 10 00 00 1 4286.523
2015 08 20 10 15 00 1 4286.541
2015 08 20 10 30 00 1 4286.549
2015 08 20 10 45 00 1 4286.552
2015 08 20 11 00 00 1 4286.547
2015 08 20 11 15 00 1 4286.537
2015 08 20 11 30 00 1 4286.521
2015 08 20 11 45 00 1 4286.498
2015 08 20 12 00 00 1 4286.468
2015 08 20 12 15 00 1 4286.432
2015 08 20 12 30 00 1 4286.393
2015 08 20 12 45 00 1 4286.350
2015 08 20 13 00 00 1 4286.305
2015 08 20 13 15 00 1 4286.257
2015 08 20 13 30 00 1 4286.209
2015 08 20 13 45 00 1 4286.162
2015 08 20 14 00 00 1 4286.116
2015 08 20 14 15 00 1 4286.072
2015 08 20 14 30 00 1 4286.030
2015 08 20 14 45 00 1 4285.987
2015 08 20 15 00 00 1 4285.946
2015 08 20 15 15 00 1 4285.913
2015 08 20 15 30 00 1 4285.882
2015 08 20 15 45 00 1 4285.857
2015 08 20 16 00 00 1 4285.838
2015 08 20 16 15 00 1 4285.827
2015 08 20 16 30 00 1 4285.823
2015 08 20 16 45 00 1 4285.823
2015 08 20 17 00 00 1 4285.830
2015 08 20 17 15 00 1 4285.847
2015 08 20 17 30 00 1 4285.870
2015 08 20 17 45 00 1 4285.899
2015 08 20 18 00 00 1 4285.936
2015 08 20 18 15 00 1 4285.977
2015 08 20 18 30 00 1 4286.026
2015 08 20 18 45 00 1 4286.077
2015 08 20 19 00 00 1 4286.128
2015 08 20 19 15 00 1 4286.199
2015 08 20 19 30 00 1 4286.256
2015 08 20 19 45 00 1 4286.318
2015 08 20 20 00 00 1 4286.380
2015 08 20 20 15 00 1 4286.444
2015 08 20 20 30 00 1 4286.506
2015 08 20 20 45 00 1 4286.566
2015 08 20 21 00 00 1 4286.620
2015 08 20 21 15 00 1 4286.668
2015 08 20 21 30 00 1 4286.715
2015 08 20 21 45 00 1 4286.753
2015 08 20 22 00 00 1 4286.787
2015 08 20 22 15 00 1 4286.814
2015 08 20 22 30 00 1 4286.832
2015 08 20 22 45 00 1 4286.845
2015 08 20 23 00 00 1 4286.852
2015 08 20 23 15 00 1 4286.852
2015 08 20 23 30 00 1 4286.845
2015 08 20 23 45 00 1 4286.831
2015 08 21 00 00 00 1 4286.808
2015 08 21 00 15 00 1 4286.779
2015 08 21 00 30 00 1 4286.744
2015 08 21 00 45 00 1 4286.700
2015 08 21 01 00 00 1 4286.647
2015 08 21 01 15 00 1 4286.593
2015 08 21 01 30 00 1 4286.534
2015 08 21 01 45 00 1 4286.472
2015 08 21 02 00 00 1 4286.413
2015 08 21 02 15 00 1 4286.350
2015 08 21 02 30 00 1 4286.289
2015 08 21 02 45 00 1 4286.228
2015 08 21 03 00 00 1 4286.165
2015 08 21 03 15 00 1 4286.107
2015 08 21 03 30 00 1 4286.052
2015 08 21 03 45 00 1 4286.001
2015 08 21 04 00 00 1 4285.958
2015 08 21 04 15 00 1 4285.919
2015 08 21 04 30 00 1 4285.883
2015 08 21 04 45 00 1 4285.852
2015 08 21 05 00 00 1 4285.827
2015 08 21 05 15 00 1 4285.807
2015 08 21 05 30 00 1 4285.794
2015 08 21 05 45 00 1 4285.791
2015 08 21 06 00 00 1 4285.793
2015 08 21 06 15 00 1 4285.803
2015 08 21 06 30 00 1 4285.819
2015 08 21 06 45 00 1 4285.842
2015 08 21 07 00 00 1 4285.866
2015 08 21 07 15 00 1 4285.899
2015 08 21 07 30 00 1 4285.933
2015 08 21 07 45 00 1 4285.971
2015 08 21 08 00 00 1 4286.012
2015 08 21 08 15 00 1 4286.056
2015 08 21 08 30 00 1 4286.100
2015 08 21 08 45 00 1 4286.145
2015 08 21 09 00 00 1 4286.190
2015 08 21 09 15 00 1 4286.235
2015 08 21 09 30 00 1 4286.275
2015 08 21 09 45 00 1 4286.316
2015 08 21 10 00 00 1 4286.352
2015 08 21 10 15 00 1 4286.386
2015 08 21 10 30 00 1 4286.414
2015 08 21 10 45 00 1 4286.439
2015 08 21 11 00 00 1 4286.459
2015 08 21 11 15 00 1 4286.470
2015 08 21 11 30 00 1 4286.477
2015 08 21 11 45 00 1 4286.475
2015 08 21 12 00 00 1 4286.468
2015 08 21 12 15 00 1 4286.459
2015 08 21 12 30 00 1 4286.446
2015 08 21 12 45 00 1 4286.425
2015 08 21 13 00 00 1 4286.402
2015 08 21 13 15 00 1 4286.375
2015 08 21 13 30 00 1 4286.346
2015 08 21 13 45 00 1 4286.314
2015 08 21 14 00 00 1 4286.279
2015 08 21 14 15 00 1 4286.244
2015 08 21 14 30 00 1 4286.207
2015 08 21 14 45 00 1 4286.168
2015 08 21 15 00 00 1 4286.135
2015 08 21 15 15 00 1 4286.100
2015 08 21 15 30 00 1 4286.067
2015 08 21 15 45 00 1 4286.039
2015 08 21 16 00 00 1 4286.015
2015 08 21 16 15 00 1 9999.000
2015 08 21 16 30 00 1 9999.000
2015 08 21 16 45 00 1 9999.000
2015 08 21 17 00 00 1 9999.000
2015 08 21 17 15 00 1 4285.958
2015 08 21 17 30 00 1 4285.964
2015 08 21 17 45 00 1 4285.973
2015 08 21 18 00 00 1 4285.989
2015 08 21 18 15 00 1 4286.012
2015 08 21 18 30 00 1 4286.039
2015 08 21 18 45 00 1 4286.071
2015 08 21 19 00 00 1 4286.111
2015 08 21 19 15 00 1 4286.153
2015 08 21 19 30 00 1 4286.200
2015 08 21 19 45 00 1 4286.251
2015 08 21 20 00 00 1 4286.304
2015 08 21 20 15 00 1 4286.358
2015 08 21 20 30 00 1 4286.415
2015 08 21 20 45 00 1 4286.471
2015 08 21 21 00 00 1 4286.522
2015 08 21 21 15 00 1 4286.574
2015 08 21 21 30 00 1 4286.622
2015 08 21 21 45 00 1 4286.667
2015 08 21 22 00 00 1 4286.711
2015 08 21 22 15 00 1 4286.752
2015 08 21 22 30 00 1 4286.789
2015 08 21 22 45 00 1 4286.818
2015 08 21 23 00 00 1 4286.844
2015 08 21 23 15 00 1 4286.862
2015 08 21 23 30 00 1 4286.875
2015 08 21 23 45 00 1 4286.877
2015 08 22 00 00 00 1 4286.875
2015 08 22 00 15 00 1 4286.864
2015 08 22 00 30 00 1 4286.847
2015 08 22 00 45 00 1 4286.822
2015 08 22 01 00 00 1 4286.788
2015 08 22 01 15 00 1 4286.753
2015 08 22 01 30 00 1 4286.706
2015 08 22 01 45 00 1 4286.657
2015 08 22 02 00 00 1 4286.605
2015 08 22 02 15 00 1 4286.547
2015 08 22 02 30 00 1 4286.491
2015 08 22 02 45 00 1 4286.430
2015 08 22 03 00 00 1 4286.371
2015 08 22 03 15 00 1 4286.308
2015 08 22 03 30 00 1 4286.244
2015 08 22 03 45 00 1 4286.184
2015 08 22 04 00 00 1 4286.127
2015 08 22 04 15 00 1 4286.070
2015 08 22 04 30 00 1 4286.016
2015 08 22 04 45 00 1 4285.964
2015 08 22 05 00 00 1 4285.916
2015 08 22 05 15 00 1 4285.874
2015 08 22 05 30 00 1 4285.839
2015 08 22 05 45 00 1 4285.809
2015 08 22 06 00 00 1 4285.784
2015 08 22 06 15 00 1 4285.767
2015 08 22 06 30 00 1 4285.754
2015 08 22 06 45 00 1 4285.752
2015 08 22 07 00 00 1 4285.755
2015 08 22 07 15 00 1 4285.762
2015 08 22 07 30 00 1 4285.775
2015 08 22 07 45 00 1 4285.796
2015 08 22 08 00 00 1 4285.819
2015 08 22 08 15 00 1 4285.849
2015 08 22 08 30 00 1 4285.883
2015 08 22 08 45 00 1 4285.918
2015 08 22 09 00 00 1 4285.960
2015 08 22 09 15 00 1 4285.998
2015 08 22 09 30 00 1 4286.043
2015 08 22 09 45 00 1 4286.086
2015 08 22 10 00 00 1 4286.131
2015 08 22 10 15 00 1 4286.173
2015 08 22 10 30 00 1 4286.215
2015 08 22 10 45 00 1 4286.254
2015 08 22 11 00 00 1 4286.289
2015 08 22 11 15 00 1 4286.321
2015 08 22 11 30 00 1 4286.349
2015 08 22 11 45 00 1 4286.373
2015 08 22 12 00 00 1 4286.392
2015 08 22 12 15 00 1 4286.407
2015 08 22 12 30 00 1 4286.417
2015 08 22 12 45 00 1 4286.421
2015 08 22 13 00 00 1 4286.425
2015 08 22 13 15 00 1 4286.420
2015 08 22 13 30 00 1 4286.413
2015 08 22 13 45 00 1 4286.401
2015 08 22 14 00 00 1 4286.382
2015 08 22 14 15 00 1 4286.365
2015 08 22 14 30 00 1 4286.343
2015 08 22 14 45 00 1 4286.317
2015 08 22 15 00 00 1 4286.290
2015 08 22 15 15 00 1 4286.264
2015 08 22 15 30 00 1 4286.237
2015 08 22 15 45 00 1 4286.209
2015 08 22 16 00 00 1 4286.183
2015 08 22 16 15 00 1 4286.162
2015 08 22 16 30 00 1 4286.139
2015 08 22 16 45 00 1 4286.120
2015 08 22 17 00 00 1 4286.105
2015 08 22 17 15 00 1 4286.091
2015 08 22 17 30 00 1 4286.082
2015 08 22 17 45 00 1 4286.075
2015 08 22 18 00 00 1 4286.071
2015 08 22 18 15 00 1 4286.074
2015 08 22 18 30 00 1 4286.081
2015 08 22 18 45 00 1 4286.093
2015 08 22 19 00 00 1 4286.113
2015 08 22 19 15 00 1 4286.137
2015 08 22 19 30 00 1 4286.164
2015 08 22 19 45 00 1 4286.196
2015 08 22 20 00 00 1 4286.234
2015 08 22 20 15 00 1 4286.272
2015 08 22 20 30 00 1 4286.315
2015 08 22 20 45 00 1 4286.361
2015 08 22 21 00 00 1 4286.406
2015 08 22 21 15 00 1 4286.453
2015 08 22 21 30 00 1 4286.504
2015 08 22 21 45 00 1 4286.555
2015 08 22 22 00 00 1 4286.607
2015 08 22 22 15 00 1 4286.654
2015 08 22 22 30 00 1 4286.699
2015 08 22 22 45 00 1 4286.739
2015 08 22 23 00 00 1 4286.776
2015 08 22 23 15 00 1 4286.811
2015 08 22 23 30 00 1 4286.838
2015 08 22 23 45 00 1 4286.862
2015 08 23 00 00 00 1 4286.878
2015 08 23 00 15 00 1 4286.885
2015 08 23 00 30 00 1 4286.891
2015 08 23 00 45 00 1 4286.887
2015 08 23 01 00 00 1 4286.880
2015 08 23 01 15 00 1 4286.865
2015 08 23 01 30 00 1 4286.841
2015 08 23 01 45 00 1 4286.814
2015 08 23 02 00 00 1 4286.779
2015 08 23 02 15 00 1 4286.737
2015 08 23 02 30 00 1 4286.690
2015 08 23 02 45 00 1 4286.637
2015 08 23 03 00 00 1 4286.583
2015 08 23 03 15 00 1 4286.525
2015 08 23 03 30 00 1 4286.463
2015 08 23 03 45 00 1 4286.398
2015 08 23 04 00 00 1 4286.336
2015 08 23 04 15 00 1 4286.272
2015 08 23 04 30 00 1 4286.209
2015 08 23 04 45 00 1 4286.146
2015 08 23 05 00 00 1 4286.085
2015 08 23 05 15 00 1 4286.024
2015 08 23 05 30 00 1 4285.964
2015 08 23 05 45 00 1 4285.909
2015 08 23 06 00 00 1 4285.858
2015 08 23 06 15 00 1 4285.819
2015 08 23 06 30 00 1 4285.778
2015 08 23 06 45 00 1 4285.745
2015 08 23 07 00 00 1 4285.720
2015 08 23 07 15 00 1 4285.698
2015 08 23 07 30 00 1 4285.684
2015 08 23 07 45 00 1 4285.677
2015 08 23 08 00 00 1 4285.675
2015 08 23 08 15 00 1 4285.678
2015 08 23 08 30 00 1 4285.687
2015 08 23 08 45 00 1 4285.706
2015 08 23 09 00 00 1 4285.732
2015 08 23 09 15 00 1 4285.764
2015 08 23 09 30 00 1 4285.799
2015 08 23 09 45 00 1 4285.840
2015 08 23 10 00 00 1 4285.880
2015 08 23 10 15 00 1 4285.922
2015 08 23 10 30 00 1 4285.968
2015 08 23 10 45 00 1 4286.010
2015 08 23 11 00 00 1 4286.056
2015 08 23 11 15 00 1 4286.100
2015 08 23 11 30 00 1 4286.145
2015 08 23 11 45 00 1 4286.184
2015 08 23 12 00 00 1 4286.225
2015 08 23 12 15 00 1 4286.261
2015 08 23 12 30 00 1 4286.297
2015 08 23 12 45 00 1 4286.328
2015 08 23 13 00 00 1 4286.355
2015 08 23 13 15 00 1 4286.374
2015 08 23 13 30 00 1 4286.394
2015 08 23 13 45 00 1 4286.405
2015 08 23 14 00 00 1 4286.413
2015 08 23 14 15 00 1 4286.415
2015 08 23 14 30 00 1 4286.413
2015 08 23 14 45 00 1 4286.407
2015 08 23 15 00 00 1 4286.399
2015 08 23 15 15 00 1 4286.383
2015 08 23 15 30 00 1 4286.367
2015 08 23 15 45 00 1 4286.349
2015 08 23 16 00 00 1 4286.328
2015 08 23 16 15 00 1 4286.305
2015 08 23 16 30 00 1 4286.286
2015 08 23 16 45 00 1 4286.264
2015 08 23 17 00 00 1 4286.241
2015 08 23 17 15 00 1 4286.219
2015 08 23 17 30 00 1 4286.198
2015 08 23 17 45 00 1 4286.180
2015 08 23 18 00 00 1 4286.165
2015 08 23 18 15 00 1 4286.154
2015 08 23 18 30 00 1 4286.144
2015 08 23 18 45 00 1 4286.140
2015 08 23 19 00 00 1 4286.139
2015 08 23 19 15 00 1 4286.140
2015 08 23 19 30 00 1 4286.147
2015 08 23 19 45 00 1 4286.158
2015 08 23 20 00 00 1 4286.175
2015 08 23 20 15 00 1 4286.199
2015 08 23 20 30 00 1 4286.227
2015 08 23 20 45 00 1 4286.260
2015 08 23 21 00 00 1 4286.298
2015 08 23 21 15 00 1 4286.337
2015 08 23 21 30 00 1 4286.381
2015 08 23 21 45 00 1 4286.426
2015 08 23 22 00 00 1 4286.471
2015 08 23 22 15 00 1 4286.516
2015 08 23 22 30 00 1 4286.563
2015 08 23 22 45 00 1 4286.611
2015 08 23 23 00 00 1 4286.657
2015 08 23 23 15 00 1 4286.701
2015 08 23 23 30 00 1 4286.742
2015 08 23 23 45 00 1 4286.781
2015 08 24 00 00 00 1 4286.816
2015 08 24 00 15 00 1 4286.849
2015 08 24 00 30 00 1 4286.874
2015 08 24 00 45 00 1 4286.896
2015 08 24 01 00 00 1 4286.911
2015 08 24 01 15 00 1 4286.917
2015 08 24 01 30 00 1 4286.919
2015 08 24 01 45 00 1 4286.915
2015 08 24 02 00 00 1 4286.901
2015 08 24 02 15 00 1 4286.880
2015 08 24 02 30 00 1 4286.857
2015 08 24 02 45 00 1 4286.826
2015 08 24 03 00 00 1 4286.786
2015 08 24 03 15 00 1 4286.742
2015 08 24 03 30 00 1 4286.692
2015 08 24 03 45 00 1 4286.637
2015 08 24 04 00 00 1 4286.577
2015 08 24 04 15 00 1 4286.512
2015 08 24 04 30 00 1 4286.446
2015 08 24 04 45 00 1 4286.377
2015 08 24 05 00 00 1 4286.304
2015 08 24 05 15 00 1 4286.233
2015 08 24 05 30 00 1 4286.161
2015 08 24 05 45 00 1 4286.091
2015 08 24 06 00 00 1 4286.023
2015 08 24 06 15 00 1 4285.957
2015 08 24 06 30 00 1 4285.892
2015 08 24 06 45 00 1 4285.832
2015 08 24 07 00 00 1 4285.779
2015 08 24 07 15 00 1 4285.730
2015 08 24 07 30 00 1 4285.685
2015 08 24 07 45 00 1 4285.648
2015 08 24 08 00 00 1 4285.617
2015 08 24 08 15 00 1 4285.592
2015 08 24 08 30 00 1 4285.576
2015 08 24 08 45 00 1 4285.571
2015 08 24 09 00 00 1 4285.571
2015 08 24 09 15 00 1 4285.577
2015 08 24 09 30 00 1 4285.591
2015 08 24 09 45 00 1 4285.614
2015 08 24 10 00 00 1 4285.643
2015 08 24 10 15 00 1 4285.674
2015 08 24 10 30 00 1 4285.712
2015 08 24 10 45 00 1 4285.754
2015 08 24 11 00 00 1 4285.799
2015 08 24 11 15 00 1 4285.844
2015 08 24 11 30 00 1 4285.896
2015 08 24 11 45 00 1 4285.945
2015 08 24 12 00 00 1 4285.996
2015 08 24 12 15 00 1 4286.046
2015 08 24 12 30 00 1 4286.096
2015 08 24 12 45 00 1 4286.147
2015 08 24 13 00 00 1 4286.195
2015 08 24 13 15 00 1 4286.238
2015 08 24 13 30 00 1 4286.280
2015 08 24 13 45 00 1 4286.320
2015 08 24 14 00 00 1 4286.356
2015 08 24 14 15 00 1 4286.387
2015 08 24 14 30 00 1 4286.408
2015 08 24 14 45 00 1 4286.429
2015 08 24 15 00 00 1 4286.441
2015 08 24 15 15 00 1 4286.448
2015 08 24 15 30 00 1 4286.455
2015 08 24 15 45 00 1 4286.453
2015 08 24 16 00 00 1 4286.449
2015 08 24 16 15 00 1 4286.437
2015 08 24 16 30 00 1 4286.424
2015 08 24 16 45 00 1 4286.408
2015 08 24 17 00 00 1 4286.388
2015 08 24 17 15 00 1 4286.367
2015 08 24 17 30 00 1 4286.345
2015 08 24 17 45 00 1 4286.324
2015 08 24 18 00 00 1 4286.303
2015 08 24 18 15 00 1 4286.278
2015 08 24 18 30 00 1 4286.257
2015 08 24 18 45 00 1 4286.233
2015 08 24 19 00 00 1 4286.214
2015 08 24 19 15 00 1 4286.200
2015 08 24 19 30 00 1 4286.186
2015 08 24 19 45 00 1 4286.179
2015 08 24 20 00 00 1 4286.178
2015 08 24 20 15 00 1 4286.183
2015 08 24 20 30 00 1 4286.189
2015 08 24 20 45 00 1 4286.199
2015 08 24 21 00 00 1 4286.217
2015 08 24 21 15 00 1 4286.237
2015 08 24 21 30 00 1 4286.262
2015 08 24 21 45 00 1 4286.294
2015 08 24 22 00 00 1 4286.328
2015 08 24 22 15 00 1 4286.366
2015 08 24 22 30 00 1 4286.408
2015 08 24 22 45 00 1 4286.455
2015 08 24 23 00 00 1 4286.503
2015 08 24 23 15 00 1 4286.553
2015 08 24 23 30 00 1 4286.601
2015 08 24 23 45 00 1 4286.652
2015 08 25 00 00 00 1 4286.701
2015 08 25 00 15 00 1 4286.746
2015 08 25 00 30 00 1 4286.790
2015 08 25 00 45 00 1 4286.833
2015 08 25 01 00 00 1 4286.868
2015 08 25 01 15 00 1 4286.896
2015 08 25 01 30 00 1 4286.921
2015 08 25 01 45 00 1 4286.942
2015 08 25 02 00 00 1 4286.957
2015 08 25 02 15 00 1 4286.963
2015 08 25 02 30 00 1 4286.967
2015 08 25 02 45 00 1 4286.963
2015 08 25 03 00 00 1 4286.950
2015 08 25 03 15 00 1 4286.929
2015 08 25 03 30 00 1 4286.899
2015 08 25 03 45 00 1 4286.859
2015 08 25 04 00 00 1 4286.813
2015 08 25 04 15 00 1 4286.760
2015 08 25 04 30 00 1 4286.700
2015 08 25 04 45 00 1 4286.633
2015 08 25 05 00 00 1 4286.566
2015 08 25 05 15 00 1 4286.493
2015 08 25 05 30 00 1 4286.416
2015 08 25 05 45 00 1 4286.336
2015 08 25 06 00 00 1 4286.255
2015 08 25 06 15 00 1 4286.171
2015 08 25 06 30 00 1 4286.090
2015 08 25 06 45 00 1 4286.011
2015 08 25 07 00 00 1 4285.933
2015 08 25 07 15 00 1 4285.858
2015 08 25 07 30 00 1 4285.784
2015 08 25 07 45 00 1 4285.718
2015 08 25 08 00 00 1 4285.654
2015 08 25 08 15 00 1 4285.596
2015 08 25 08 30 00 1 4285.550
2015 08 25 08 45 00 1 4285.513
2015 08 25 09 00 00 1 4285.482
2015 08 25 09 15 00 1 4285.460
2015 08 25 09 30 00 1 4285.448
2015 08 25 09 45 00 1 4285.444
2015 08 25 10 00 00 1 4285.447
2015 08 25 10 15 00 1 4285.461
2015 08 25 10 30 00 1 4285.483
2015 08 25 10 45 00 1 4285.510
2015 08 25 11 00 00 1 4285.543
2015 08 25 11 15 00 1 4285.581
2015 08 25 11 30 00 1 4285.627
2015 08 25 11 45 00 1 4285.674
2015 08 25 12 00 00 1 4285.728
2015 08 25 12 15 00 1 4285.783
2015 08 25 12 30 00 1 4285.842
2015 08 25 12 45 00 1 4285.905
2015 08 25 13 00 00 1 4285.966
2015 08 25 13 15 00 1 4286.030
2015 08 25 13 30 00 1 4286.095
2015 08 25 13 45 00 1 4286.155
2015 08 25 14 00 00 1 4286.215
2015 08 25 14 15 00 1 4286.272
2015 08 25 14 30 00 1 4286.322
2015 08 25 14 45 00 1 4286.368
2015 08 25 15 00 00 1 4286.405
2015 08 25 15 15 00 1 4286.443
2015 08 25 15 30 00 1 4286.470
2015 08 25 15 45 00 1 4286.491
2015 08 25 16 00 00 1 4286.510
2015 08 25 16 15 00 1 4286.518
2015 08 25 16 30 00 1 4286.525
2015 08 25 16 45 00 1 4286.523
2015 08 25 17 00 00 1 4286.519
2015 08 25 17 15 00 1 4286.505
2015 08 25 17 30 00 1 4286.488
2015 08 25 17 45 00 1 4286.468
2015 08 25 18 00 00 1 4286.443
2015 08 25 18 15 00 1 4286.419
2015 08 25 18 30 00 1 4286.390
2015 08 25 18 45 00 1 4286.362
2015 08 25 19 00 00 1 4286.334
2015 08 25 19 15 00 1 4286.304
2015 08 25 19 30 00 1 4286.276
2015 08 25 19 45 00 1 4286.251
2015 08 25 20 00 00 1 4286.226
2015 08 25 20 15 00 1 4286.206
2015 08 25 20 30 00 1 4286.190
2015 08 25 20 45 00 1 4286.178
2015 08 25 21 00 00 1 4286.173
2015 08 25 21 15 00 1 4286.171
2015 08 25 21 30 00 1 4286.192
2015 08 25 21 45 00 1 4286.203
2015 08 25 22 00 00 1 4286.220
2015 08 25 22 15 00 1 4286.242
2015 08 25 22 30 00 1 4286.270
2015 08 25 22 45 00 1 4286.306
2015 08 25 23 00 00 1 4286.343
2015 08 25 23 15 00 1 4286.388
2015 08 25 23 30 00 1 4286.436
2015 08 25 23 45 00 1 4286.486
2015 08 26 00 00 00 1 4286.539
2015 08 26 00 15 00 1 4286.595
2015 08 26 00 30 00 1 4286.649
2015 08 26 00 45 00 1 4286.704
2015 08 26 01 00 00 1 4286.757
2015 08 26 01 15 00 1 4286.813
2015 08 26 01 30 00 1 4286.863
2015 08 26 01 45 00 1 4286.907
2015 08 26 02 00 00 1 4286.948
2015 08 26 02 15 00 1 4286.985
2015 08 26 02 30 00 1 4287.014
2015 08 26 02 45 00 1 4287.037
2015 08 26 03 00 00 1 4287.049
2015 08 26 03 15 00 1 4287.057
2015 08 26 03 30 00 1 4287.058
2015 08 26 03 45 00 1 4287.046
2015 08 26 04 00 00 1 4287.028
2015 08 26 04 15 00 1 4287.002
2015 08 26 04 30 00 1 4286.965
2015 08 26 04 45 00 1 4286.919
2015 08 26 05 00 00 1 4286.866
2015 08 26 05 15 00 1 4286.806
2015 08 26 05 30 00 1 4286.738
2015 08 26 05 45 00 1 4286.664
2015 08 26 06 00 00 1 4286.585
2015 08 26 06 15 00 1 4286.503
2015 08 26 06 30 00 1 4286.415
2015 08 26 06 45 00 1 4286.326
2015 08 26 07 00 00 1 4286.234
2015 08 26 07 15 00 1 4286.141
2015 08 26 07 30 00 1 4286.051
2015 08 26 07 45 00 1 4285.960
2015 08 26 08 00 00 1 4285.872
2015 08 26 08 15 00 1 4285.788
2015 08 26 08 30 00 1 4285.710
2015 08 26 08 45 00 1 4285.640
2015 08 26 09 00 00 1 4285.574
2015 08 26 09 15 00 1 4285.519
2015 08 26 09 30 00 1 4285.470
2015 08 26 09 45 00 1 4285.430
2015 08 26 10 00 00 1 4285.401
2015 08 26 10 15 00 1 4285.383
2015 08 26 10 30 00 1 4285.374
2015 08 26 10 45 00 1 4285.373
2015 08 26 11 00 00 1 4285.382
2015 08 26 11 15 00 1 4285.398
2015 08 26 11 30 00 1 4285.425
2015 08 26 11 45 00 1 4285.461
2015 08 26 12 00 00 1 4285.503
2015 08 26 12 15 00 1 4285.554
2015 08 26 12 30 00 1 4285.610
2015 08 26 12 45 00 1 4285.671
2015 08 26 13 00 00 1 4285.739
2015 08 26 13 15 00 1 4285.809
2015 08 26 13 30 00 1 4285.884
2015 08 26 13 45 00 1 4285.959
2015 08 26 14 00 00 1 4286.034
2015 08 26 14 15 00 1 4286.106
2015 08 26 14 30 00 1 4286.179
2015 08 26 14 45 00 1 4286.249
2015 08 26 15 00 00 1 4286.315
2015 08 26 15 15 00 1 4286.374
2015 08 26 15 30 00 1 4286.430
2015 08 26 15 45 00 1 4286.481
2015 08 26 16 00 00 1 4286.523
2015 08 26 16 15 00 1 4286.560
2015 08 26 16 30 00 1 4286.591
2015 08 26 16 45 00 1 4286.612
2015 08 26 17 00 00 1 4286.628
2015 08 26 17 15 00 1 4286.634
2015 08 26 17 30 00 1 4286.636
2015 08 26 17 45 00 1 4286.628
2015 08 26 18 00 00 1 4286.615
2015 08 26 18 15 00 1 4286.595
2015 08 26 18 30 00 1 4286.569
2015 08 26 18 45 00 1 4286.539
2015 08 26 19 00 00 1 4286.507
2015 08 26 19 15 00 1 4286.472
2015 08 26 19 30 00 1 4286.436
2015 08 26 19 45 00 1 4286.400
2015 08 26 20 00 00 1 4286.362
2015 08 26 20 15 00 1 4286.324
2015 08 26 20 30 00 1 4286.288
2015 08 26 20 45 00 1 4286.252
2015 08 26 21 00 00 1 4286.221
2015 08 26 21 15 00 1 4286.195
2015 08 26 21 30 00 1 4286.173
2015 08 26 21 45 00 1 4286.156
2015 08 26 22 00 00 1 4286.147
2015 08 26 22 15 00 1 4286.143
2015 08 26 22 30 00 1 4286.148
2015 08 26 22 45 00 1 4286.157
2015 08 26 23 00 00 1 4286.177
2015 08 26 23 15 00 1 4286.203
2015 08 26 23 30 00 1 4286.233
2015 08 26 23 45 00 1 4286.273
2015 08 27 00 00 00 1 4286.319
2015 08 27 00 15 00 1 4286.368
2015 08 27 00 30 00 1 4286.424
2015 08 27 00 45 00 1 4286.481
2015 08 27 01 00 00 1 4286.541
2015 08 27 01 15 00 1 4286.604
2015 08 27 01 30 00 1 4286.668
2015 08 27 01 45 00 1 4286.731
2015 08 27 02 00 00 1 4286.793
2015 08 27 02 15 00 1 4286.854
2015 08 27 02 30 00 1 4286.910
2015 08 27 02 45 00 1 4286.963
2015 08 27 03 00 00 1 4287.011
2015 08 27 03 15 00 1 4287.050
2015 08 27 03 30 00 1 4287.081
2015 08 27 03 45 00 1 4287.106
2015 08 27 04 00 00 1 4287.119
2015 08 27 04 15 00 1 4287.127
2015 08 27 04 30 00 1 4287.120
2015 08 27 04 45 00 1 4287.106
2015 08 27 05 00 00 1 4287.082
2015 08 27 05 15 00 1 4287.048
2015 08 27 05 30 00 1 4287.000
2015 08 27 05 45 00 1 4286.947
2015 08 27 06 00 00 1 4286.884
2015 08 27 06 15 00 1 4286.812
2015 08 27 06 30 00 1 4286.731
2015 08 27 06 45 00 1 4286.646
2015 08 27 07 00 00 1 4286.552
2015 08 27 07 15 00 1 4286.454
2015 08 27 07 30 00 1 4286.353
2015 08 27 07 45 00 1 4286.249
2015 08 27 08 00 00 1 4286.145
2015 08 27 08 15 00 1 4286.041
2015 08 27 08 30 00 1 4285.938
2015 08 27 08 45 00 1 4285.841
2015 08 27 09 00 00 1 4285.747
2015 08 27 09 15 00 1 4285.657
2015 08 27 09 30 00 1 4285.575
2015 08 27 09 45 00 1 4285.502
2015 08 27 10 00 00 1 4285.439
2015 08 27 10 15 00 1 4285.381
2015 08 27 10 30 00 1 4285.334
2015 08 27 10 45 00 1 4285.299
2015 08 27 11 00 00 1 4285.271
2015 08 27 11 15 00 1 4285.257
2015 08 27 11 30 00 1 4285.255
2015 08 27 11 45 00 1 4285.264
2015 08 27 12 00 00 1 4285.282
2015 08 27 12 15 00 1 4285.312
2015 08 27 12 30 00 1 4285.354
2015 08 27 12 45 00 1 4285.404
2015 08 27 13 00 00 1 4285.464
2015 08 27 13 15 00 1 4285.531
2015 08 27 13 30 00 1 4285.605
2015 08 27 13 45 00 1 4285.685
2015 08 27 14 00 00 1 4285.769
2015 08 27 14 15 00 1 4285.857
2015 08 27 14 30 00 1 4285.942
2015 08 27 14 45 00 1 4286.027
2015 08 27 15 00 00 1 4286.111
2015 08 27 15 15 00 1 4286.195
2015 08 27 15 30 00 1 4286.277
2015 08 27 15 45 00 1 4286.353
2015 08 27 16 00 00 1 4286.423
2015 08 27 16 15 00 1 4286.489
2015 08 27 16 30 00 1 4286.545
2015 08 27 16 45 00 1 4286.597
2015 08 27 17 00 00 1 4286.639
2015 08 27 17 15 00 1 4286.672
2015 08 27 17 30 00 1 4286.698
2015 08 27 17 45 00 1 4286.713
2015 08 27 18 00 00 1 4286.721
2015 08 27 18 15 00 1 4286.718
2015 08 27 18 30 00 1 4286.704
2015 08 27 18 45 00 1 4286.680
2015 08 27 19 00 00 1 4286.656
2015 08 27 19 15 00 1 4286.623
2015 08 27 19 30 00 1 4286.585
2015 08 27 19 45 00 1 4286.544
2015 08 27 20 00 00 1 4286.498
2015 08 27 20 15 00 1 4286.450
2015 08 27 20 30 00 1 4286.402
2015 08 27 20 45 00 1 4286.350
2015 08 27 21 00 00 1 4286.297
2015 08 27 21 15 00 1 4286.247
2015 08 27 21 30 00 1 4286.198
2015 08 27 21 45 00 1 4286.154
2015 08 27 22 00 00 1 4286.117
2015 08 27 22 15 00 1 4286.084
2015 08 27 22 30 00 1 4286.063
2015 08 27 22 45 00 1 4286.048
2015 08 27 23 00 00 1 4286.040
2015 08 27 23 15 00 1 4286.038
2015 08 27 23 30 00 1 4286.046
2015 08 27 23 45 00 1 4286.063
2015 08 28 00 00 00 1 4286.086
2015 08 28 00 15 00 1 4286.118
2015 08 28 00 30 00 1 4286.159
2015 08 28 00 45 00 1 4286.207
2015 08 28 01 00 00 1 4286.264
2015 08 28 01 15 00 1 4286.324
2015 08 28 01 30 00 1 4286.390
2015 08 28 01 45 00 1 4286.460
2015 08 28 02 00 00 1 4286.532
2015 08 28 02 15 00 1 4286.607
2015 08 28 02 30 00 1 4286.682
2015 08 28 02 45 00 1 4286.758
2015 08 28 03 00 00 1 4286.830
2015 08 28 03 15 00 1 4286.900
2015 08 28 03 30 00 1 4286.964
2015 08 28 03 45 00 1 4287.025
2015 08 28 04 00 00 1 4287.078
2015 08 28 04 15 00 1 4287.119
2015 08 28 04 30 00 1 4287.149
2015 08 28 04 45 00 1 4287.170
2015 08 28 05 00 00 1 4287.181
2015 08 28 05 15 00 1 4287.181
2015 08 28 05 30 00 1 4287.173
2015 08 28 05 45 00 1 4287.151
2015 08 28 06 00 00 1 4287.117
2015 08 28 06 15 00 1 4287.071
2015 08 28 06 30 00 1 4287.016
2015 08 28 06 45 00 1 4286.949
2015 08 28 07 00 00 1 4286.871
2015 08 28 07 15 00 1 4286.785
2015 08 28 07 30 00 1 4286.690
2015 08 28 07 45 00 1 4286.590
2015 08 28 08 00 00 1 4286.487
2015 08 28 08 15 00 1 4286.377
2015 08 28 08 30 00 1 4286.265
2015 08 28 08 45 00 1 4286.152
2015 08 28 09 00 00 1 4286.039
2015 08 28 09 15 00 1 4285.926
2015 08 28 09 30 00 1 4285.822
2015 08 28 09 45 00 1 4285.719
2015 08 28 10 00 00 1 4285.621
2015 08 28 10 15 00 1 4285.530
2015 08 28 10 30 00 1 4285.449
2015 08 28 10 45 00 1 4285.373
2015 08 28 11 00 00 1 4285.310
2015 08 28 11 15 00 1 4285.257
2015 08 28 11 30 00 1 4285.215
2015 08 28 11 45 00 1 4285.188
2015 08 28 12 00 00 1 4285.174
2015 08 28 12 15 00 1 4285.171
2015 08 28 12 30 00 1 4285.182
2015 08 28 12 45 00 1 4285.204
2015 08 28 13 00 00 1 4285.240
2015 08 28 13 15 00 1 4285.288
2015 08 28 13 30 00 1 4285.348
2015 08 28 13 45 00 1 4285.417
2015 08 28 14 00 00 1 4285.492
2015 08 28 14 15 00 1 4285.574
2015 08 28 14 30 00 1 4285.664
2015 08 28 14 45 00 1 4285.756
2015 08 28 15 00 00 1 4285.854
2015 08 28 15 15 00 1 4285.951
2015 08 28 15 30 00 1 4286.048
2015 08 28 15 45 00 1 4286.146
2015 08 28 16 00 00 1 4286.239
2015 08 28 16 15 00 1 4286.329
2015 08 28 16 30 00 1 4286.412
2015 08 28 16 45 00 1 4286.492
2015 08 28 17 00 00 1 4286.563
2015 08 28 17 15 00 1 4286.626
2015 08 28 17 30 00 1 4286.676
2015 08 28 17 45 00 1 4286.723
2015 08 28 18 00 00 1 4286.755
2015 08 28 18 15 00 1 4286.780
2015 08 28 18 30 00 1 4286.794
2015 08 28 18 45 00 1 4286.797
2015 08 28 19 00 00 1 4286.786
2015 08 28 19 15 00 1 4286.770
2015 08 28 19 30 00 1 4286.745
2015 08 28 19 45 00 1 4286.710
2015 08 28 20 00 00 1 4286.665
2015 08 28 20 15 00 1 4286.617
2015 08 28 20 30 00 1 4286.563
2015 08 28 20 45 00 1 4286.504
2015 08 28 21 00 00 1 4286.442
2015 08 28 21 15 00 1 4286.375
2015 08 28 21 30 00 1 4286.309
2015 08 28 21 45 00 1 4286.243
2015 08 28 22 00 00 1 4286.178
2015 08 28 22 15 00 1 4286.120
2015 08 28 22 30 00 1 4286.065
2015 08 28 22 45 00 1 4286.017
2015 08 28 23 00 00 1 4285.974
2015 08 28 23 15 00 1 4285.943
2015 08 28 23 30 00 1 4285.920
2015 08 28 23 45 00 1 4285.904
2015 08 29 00 00 00 1 4285.898
2015 08 29 00 15 00 1 4285.906
2015 08 29 00 30 00 1 4285.920
2015 08 29 00 45 00 1 4285.946
2015 08 29 01 00 00 1 4285.978
2015 08 29 01 15 00 1 4286.021
2015 08 29 01 30 00 1 4286.070
2015 08 29 01 45 00 1 4286.128
2015 08 29 02 00 00 1 4286.197
2015 08 29 02 15 00 1 4286.270
2015 08 29 02 30 00 1 4286.350
2015 08 29 02 45 00 1 4286.433
2015 08 29 03 00 00 1 4286.520
2015 08 29 03 15 00 1 4286.606
2015 08 29 03 30 00 1 4286.695
2015 08 29 03 45 00 1 4286.779
2015 08 29 04 00 00 1 4286.859
2015 08 29 04 15 00 1 4286.932
2015 08 29 04 30 00 1 4287.005
2015 08 29 04 45 00 1 4287.062
2015 08 29 05 00 00 1 4287.115
2015 08 29 05 15 00 1 4287.155
2015 08 29 05 30 00 1 4287.184
2015 08 29 05 45 00 1 4287.203
2015 08 29 06 00 00 1 4287.206
2015 08 29 06 15 00 1 4287.201
2015 08 29 06 30 00 1 4287.181
2015 08 29 06 45 00 1 4287.152
2015 08 29 07 00 00 1 4287.109
2015 08 29 07 15 00 1 4287.053
2015 08 29 07 30 00 1 4286.986
2015 08 29 07 45 00 1 4286.913
2015 08 29 08 00 00 1 4286.825
2015 08 29 08 15 00 1 4286.729
2015 08 29 08 30 00 1 4286.628
2015 08 29 08 45 00 1 4286.519
2015 08 29 09 00 00 1 4286.404
2015 08 29 09 15 00 1 4286.283
2015 08 29 09 30 00 1 4286.165
2015 08 29 09 45 00 1 4286.050
2015 08 29 10 00 00 1 4285.934
2015 08 29 10 15 00 1 4285.822
2015 08 29 10 30 00 1 4285.714
2015 08 29 10 45 00 1 4285.612
2015 08 29 11 00 00 1 4285.516
2015 08 29 11 15 00 1 4285.433
2015 08 29 11 30 00 1 4285.357
2015 08 29 11 45 00 1 4285.291
2015 08 29 12 00 00 1 4285.243
2015 08 29 12 15 00 1 4285.200
2015 08 29 12 30 00 1 4285.174
2015 08 29 12 45 00 1 4285.165
2015 08 29 13 00 00 1 4285.166
2015 08 29 13 15 00 1 4285.177
2015 08 29 13 30 00 1 4285.202
2015 08 29 13 45 00 1 4285.244
2015 08 29 14 00 00 1 4285.298
2015 08 29 14 15 00 1 4285.362
2015 08 29 14 30 00 1 4285.439
2015 08 29 14 45 00 1 4285.523
2015 08 29 15 00 00 1 4285.618
2015 08 29 15 15 00 1 4285.716
2015 08 29 15 30 00 1 4285.818
2015 08 29 15 45 00 1 4285.923
2015 08 29 16 00 00 1 4286.028
2015 08 29 16 15 00 1 4286.130
2015 08 29 16 30 00 1 4286.232
2015 08 29 16 45 00 1 4286.333
2015 08 29 17 00 00 1 4286.426
2015 08 29 17 15 00 1 4286.519
2015 08 29 17 30 00 1 4286.600
2015 08 29 17 45 00 1 4286.676
2015 08 29 18 00 00 1 4286.741
2015 08 29 18 15 00 1 4286.794
2015 08 29 18 30 00 1 4286.839
2015 08 29 18 45 00 1 4286.872
2015 08 29 19 00 00 1 4286.892
2015 08 29 19 15 00 1 4286.901
2015 08 29 19 30 00 1 4286.898
2015 08 29 19 45 00 1 4286.881
2015 08 29 20 00 00 1 4286.855
2015 08 29 20 15 00 1 4286.817
2015 08 29 20 30 00 1 4286.767
2015 08 29 20 45 00 1 4286.710
2015 08 29 21 00 00 1 4286.647
2015 08 29 21 15 00 1 4286.579
2015 08 29 21 30 00 1 4286.506
2015 08 29 21 45 00 1 4286.430
2015 08 29 22 00 00 1 4286.351
2015 08 29 22 15 00 1 4286.269
2015 08 29 22 30 00 1 4286.192
2015 08 29 22 45 00 1 4286.116
2015 08 29 23 00 00 1 4286.044
2015 08 29 23 15 00 1 4285.977
2015 08 29 23 30 00 1 4285.914
2015 08 29 23 45 00 1 4285.863
2015 08 30 00 00 00 1 4285.820
2015 08 30 00 15 00 1 4285.786
2015 08 30 00 30 00 1 4285.762
2015 08 30 00 45 00 1 4285.746
2015 08 30 01 00 00 1 4285.746
2015 08 30 01 15 00 1 4285.753
2015 08 30 01 30 00 1 4285.773
2015 08 30 01 45 00 1 4285.804
2015 08 30 02 00 00 1 4285.845
2015 08 30 02 15 00 1 4285.901
2015 08 30 02 30 00 1 4285.964
2015 08 30 02 45 00 1 4286.038
2015 08 30 03 00 00 1 4286.118
2015 08 30 03 15 00 1 4286.204
2015 08 30 03 30 00 1 4286.296
2015 08 30 03 45 00 1 4286.387
2015 08 30 04 00 00 1 4286.480
2015 08 30 04 15 00 1 4286.574
2015 08 30 04 30 00 1 4286.663
2015 08 30 04 45 00 1 4286.750
2015 08 30 05 00 00 1 4286.834
2015 08 30 05 15 00 1 4286.908
2015 08 30 05 30 00 1 4286.974
2015 08 30 05 45 00 1 4287.035
2015 08 30 06 00 00 1 4287.085
2015 08 30 06 15 00 1 4287.126
2015 08 30 06 30 00 1 4287.155
2015 08 30 06 45 00 1 4287.169
2015 08 30 07 00 00 1 4287.171
2015 08 30 07 15 00 1 4287.162
2015 08 30 07 30 00 1 4287.138
2015 08 30 07 45 00 1 4287.100
2015 08 30 08 00 00 1 4287.050
2015 08 30 08 15 00 1 4286.988
2015 08 30 08 30 00 1 4286.914
2015 08 30 08 45 00 1 4286.833
2015 08 30 09 00 00 1 4286.742
2015 08 30 09 15 00 1 4286.643
2015 08 30 09 30 00 1 4286.537
2015 08 30 09 45 00 1 4286.423
2015 08 30 10 00 00 1 4286.310
2015 08 30 10 15 00 1 4286.190
2015 08 30 10 30 00 1 4286.074
2015 08 30 10 45 00 1 4285.957
2015 08 30 11 00 00 1 4285.842
2015 08 30 11 15 00 1 4285.733
2015 08 30 11 30 00 1 4285.627
2015 08 30 11 45 00 1 4285.531
2015 08 30 12 00 00 1 4285.440
2015 08 30 12 15 00 1 4285.364
2015 08 30 12 30 00 1 4285.300
2015 08 30 12 45 00 1 4285.247
2015 08 30 13 00 00 1 4285.212
2015 08 30 13 15 00 1 4285.189
2015 08 30 13 30 00 1 4285.180
2015 08 30 13 45 00 1 4285.187
2015 08 30 14 00 00 1 4285.205
2015 08 30 14 15 00 1 4285.238
2015 08 30 14 30 00 1 4285.282
2015 08 30 14 45 00 1 4285.342
2015 08 30 15 00 00 1 4285.410
2015 08 30 15 15 00 1 4285.490
2015 08 30 15 30 00 1 4285.581
2015 08 30 15 45 00 1 4285.683
2015 08 30 16 00 00 1 4285.787
2015 08 30 16 15 00 1 4285.896
2015 08 30 16 30 00 1 4286.008
2015 08 30 16 45 00 1 4286.118
2015 08 30 17 00 00 1 4286.230
2015 08 30 17 15 00 1 4286.340
2015 08 30 17 30 00 1 4286.445
2015 08 30 17 45 00 1 4286.543
2015 08 30 18 00 00 1 4286.635
2015 08 30 18 15 00 1 4286.718
2015 08 30 18 30 00 1 4286.789
2015 08 30 18 45 00 1 4286.854
2015 08 30 19 00 00 1 4286.904
2015 08 30 19 15 00 1 4286.939
2015 08 30 19 30 00 1 4286.967
2015 08 30 19 45 00 1 4286.983
2015 08 30 20 00 00 1 4286.988
2015 08 30 20 15 00 1 4286.979
2015 08 30 20 30 00 1 4286.958
2015 08 30 20 45 00 1 4286.924
2015 08 30 21 00 00 1 4286.876
2015 08 30 21 15 00 1 4286.820
2015 08 30 21 30 00 1 4286.756
2015 08 30 21 45 00 1 4286.679
2015 08 30 22 00 00 1 4286.602
2015 08 30 22 15 00 1 4286.516
2015 08 30 22 30 00 1 4286.431
2015 08 30 22 45 00 1 4286.340
2015 08 30 23 00 00 1 4286.249
2015 08 30 23 15 00 1 4286.162
2015 08 30 23 30 00 1 4286.075
2015 08 30 23 45 00 1 4285.990
2015 08 31 00 00 00 1 4285.911
2015 08 31 00 15 00 1 4285.839
2015 08 31 00 30 00 1 4285.774
2015 08 31 00 45 00 1 4285.723
2015 08 31 01 00 00 1 4285.679
2015 08 31 01 15 00 1 4285.644
2015 08 31 01 30 00 1 4285.617
2015 08 31 01 45 00 1 4285.610
2015 08 31 02 00 00 1 4285.612
2015 08 31 02 15 00 1 4285.627
2015 08 31 02 30 00 1 4285.654
2015 08 31 02 45 00 1 4285.692
2015 08 31 03 00 00 1 4285.742
2015 08 31 03 15 00 1 4285.803
2015 08 31 03 30 00 1 4285.876
2015 08 31 03 45 00 1 4285.956
2015 08 31 04 00 00 1 4286.044
2015 08 31 04 15 00 1 4286.137
2015 08 31 04 30 00 1 4286.229
2015 08 31 04 45 00 1 4286.327
2015 08 31 05 00 00 1 4286.422
2015 08 31 05 15 00 1 4286.516
2015 08 31 05 30 00 1 4286.608
2015 08 31 05 45 00 1 4286.697
2015 08 31 06 00 00 1 4286.778
2015 08 31 06 15 00 1 4286.851
2015 08 31 06 30 00 1 4286.918
2015 08 31 06 45 00 1 4286.976
2015 08 31 07 00 00 1 4287.024
2015 08 31 07 15 00 1 4287.064
2015 08 31 07 30 00 1 4287.089
2015 08 31 07 45 00 1 4287.100
2015 08 31 08 00 00 1 4287.096
2015 08 31 08 15 00 1 4287.076
2015 08 31 08 30 00 1 4287.049
2015 08 31 08 45 00 1 4287.008
2015 08 31 09 00 00 1 4286.953
2015 08 31 09 15 00 1 4286.891
2015 08 31 09 30 00 1 4286.816
2015 08 31 09 45 00 1 4286.730
2015 08 31 10 00 00 1 4286.638
2015 08 31 10 15 00 1 4286.540
2015 08 31 10 30 00 1 4286.436
2015 08 31 10 45 00 1 4286.328
2015 08 31 11 00 00 1 4286.218
2015 08 31 11 15 00 1 4286.106
2015 08 31 11 30 00 1 4285.993
2015 08 31 11 45 00 1 4285.883
2015 08 31 12 00 00 1 4285.778
2015 08 31 12 15 00 1 4285.683
2015 08 31 12 30 00 1 4285.593
2015 08 31 12 45 00 1 4285.514
2015 08 31 13 00 00 1 4285.443
2015 08 31 13 15 00 1 4285.382
2015 08 31 13 30 00 1 4285.336
2015 08 31 13 45 00 1 4285.302
2015 08 31 14 00 00 1 4285.283
2015 08 31 14 15 00 1 4285.277
2015 08 31 14 30 00 1 4285.284
2015 08 31 14 45 00 1 4285.308
2015 08 31 15 00 00 1 4285.343
2015 08 31 15 15 00 1 4285.394
2015 08 31 15 30 00 1 4285.458
2015 08 31 15 45 00 1 4285.526
2015 08 31 16 00 00 1 4285.610
2015 08 31 16 15 00 1 4285.704
2015 08 31 16 30 00 1 4285.803
2015 08 31 16 45 00 1 4285.907
2015 08 31 17 00 00 1 4286.020
2015 08 31 17 15 00 1 4286.132
2015 08 31 17 30 00 1 4286.243
2015 08 31 17 45 00 1 4286.352
2015 08 31 18 00 00 1 4286.460
2015 08 31 18 15 00 1 4286.563
2015 08 31 18 30 00 1 4286.662
2015 08 31 18 45 00 1 4286.750
2015 08 31 19 00 00 1 4286.834
2015 08 31 19 15 00 1 4286.907
2015 08 31 19 30 00 1 4286.968
2015 08 31 19 45 00 1 4287.020
2015 08 31 20 00 00 1 4287.055
2015 08 31 20 15 00 1 4287.081
2015 08 31 20 30 00 1 4287.091
2015 08 31 20 45 00 1 4287.089
2015 08 31 21 00 00 1 4287.075
2015 08 31 21 15 00 1 4287.049
2015 08 31 21 30 00 1 4287.009
2015 08 31 21 45 00 1 4286.955
2015 08 31 22 00 00 1 4286.893
2015 08 31 22 15 00 1 4286.817
2015 08 31 22 30 00 1 4286.736
2015 08 31 22 45 00 1 4286.651
2015 08 31 23 00 00 1 4286.557
2015 08 31 23 15 00 1 4286.457
2015 08 31 23 30 00 1 4286.356
2015 08 31 23 45 00 1 4286.260
2015 09 01 00 00 00 1 4286.159
2015 09 01 00 15 00 1 4286.061
2015 09 01 00 30 00 1 4285.968
2015 09 01 00 45 00 1 4285.881
2015 09 01 01 00 00 1 4285.797
2015 09 01 01 15 00 1 4285.724
2015 09 01 01 30 00 1 4285.659
2015 09 01 01 45 00 1 4285.605
2015 09 01 02 00 00 1 4285.564
2015 09 01 02 15 00 1 4285.532
2015 09 01 02 30 00 1 4285.517
2015 09 01 02 45 00 1 4285.515
2015 09 01 03 00 00 1 4285.524
2015 09 01 03 15 00 1 4285.544
2015 09 01 03 30 00 1 4285.578
2015 09 01 03 45 00 1 4285.624
2015 09 01 04 00 00 1 4285.681
2015 09 01 04 15 00 1 4285.749
2015 09 01 04 30 00 1 4285.826
2015 09 01 04 45 00 1 4285.907
2015 09 01 05 00 00 1 4285.994
2015 09 01 05 15 00 1 4286.083
2015 09 01 05 30 00 1 4286.175
2015 09 01 05 45 00 1 4286.270
2015 09 01 06 00 00 1 4286.361
2015 09 01 06 15 00 1 4286.456
2015 09 01 06 30 00 1 4286.546
2015 09 01 06 45 00 1 4286.646
2015 09 01 07 00 00 1 4286.723
2015 09 01 07 15 00 1 4286.794
2015 09 01 07 30 00 1 4286.854
2015 09 01 07 45 00 1 4286.908
2015 09 01 08 00 00 1 4286.950
2015 09 01 08 15 00 1 4286.982
2015 09 01 08 30 00 1 4287.002
2015 09 01 08 45 00 1 4287.009
2015 09 01 09 00 00 1 4287.000
2015 09 01 09 15 00 1 4286.983
2015 09 01 09 30 00 1 4286.952
2015 09 01 09 45 00 1 4286.909
2015 09 01 10 00 00 1 4286.858
2015 09 01 10 15 00 1 4286.798
2015 09 01 10 30 00 1 4286.726
2015 09 01 10 45 00 1 4286.647
2015 09 01 11 00 00 1 4286.560
2015 09 01 11 15 00 1 4286.470
2015 09 01 11 30 00 1 4286.373
2015 09 01 11 45 00 1 4286.273
2015 09 01 12 00 00 1 4286.168
2015 09 01 12 15 00 1 4286.068
2015 09 01 12 30 00 1 4285.968
2015 09 01 12 45 00 1 4285.874
2015 09 01 13 00 00 1 4285.786
2015 09 01 13 15 00 1 4285.704
2015 09 01 13 30 00 1 4285.627
2015 09 01 13 45 00 1 4285.563
2015 09 01 14 00 00 1 4285.512
2015 09 01 14 15 00 1 4285.469
2015 09 01 14 30 00 1 4285.439
2015 09 01 14 45 00 1 4285.423
2015 09 01 15 00 00 1 4285.419
2015 09 01 15 15 00 1 4285.429
2015 09 01 15 30 00 1 4285.452
2015 09 01 15 45 00 1 4285.488
2015 09 01 16 00 00 1 4285.535
2015 09 01 16 15 00 1 4285.596
2015 09 01 16 30 00 1 4285.665
2015 09 01 16 45 00 1 4285.749
2015 09 01 17 00 00 1 4285.840
2015 09 01 17 15 00 1 4285.934
2015 09 01 17 30 00 1 4286.036
2015 09 01 17 45 00 1 4286.140
2015 09 01 18 00 00 1 4286.246
2015 09 01 18 15 00 1 4286.350
2015 09 01 18 30 00 1 4286.455
2015 09 01 18 45 00 1 4286.559
2015 09 01 19 00 00 1 4286.661
2015 09 01 19 15 00 1 4286.752
2015 09 01 19 30 00 1 4286.839
2015 09 01 19 45 00 1 4286.917
2015 09 01 20 00 00 1 4286.988
2015 09 01 20 15 00 1 4287.046
2015 09 01 20 30 00 1 4287.091
2015 09 01 20 45 00 1 4287.122
2015 09 01 21 00 00 1 4287.141
2015 09 01 21 15 00 1 4287.148
2015 09 01 21 30 00 1 4287.142
2015 09 01 21 45 00 1 4287.126
2015 09 01 22 00 00 1 4287.096
2015 09 01 22 15 00 1 4287.053
2015 09 01 22 30 00 1 4286.996
2015 09 01 22 45 00 1 4286.929
2015 09 01 23 00 00 1 4286.857
2015 09 01 23 15 00 1 4286.776
2015 09 01 23 30 00 1 4286.689
2015 09 01 23 45 00 1 4286.596
2015 09 02 00 00 00 1 4286.500
2015 09 02 00 15 00 1 4286.398
2015 09 02 00 30 00 1 4286.295
2015 09 02 00 45 00 1 4286.190
2015 09 02 01 00 00 1 4286.090
2015 09 02 01 15 00 1 4285.989
2015 09 02 01 30 00 1 4285.896
2015 09 02 01 45 00 1 4285.812
2015 09 02 02 00 00 1 4285.733
2015 09 02 02 15 00 1 4285.663
2015 09 02 02 30 00 1 4285.607
2015 09 02 02 45 00 1 4285.560
2015 09 02 03 00 00 1 4285.525
2015 09 02 03 15 00 1 4285.499
2015 09 02 03 30 00 1 4285.485
2015 09 02 03 45 00 1 4285.484
2015 09 02 04 00 00 1 4285.495
2015 09 02 04 15 00 1 4285.518
2015 09 02 04 30 00 1 4285.550
2015 09 02 04 45 00 1 4285.596
2015 09 02 05 00 00 1 4285.653
2015 09 02 05 15 00 1 4285.717
2015 09 02 05 30 00 1 4285.787
2015 09 02 05 45 00 1 4285.863
2015 09 02 06 00 00 1 4285.945
2015 09 02 06 15 00 1 4286.032
2015 09 02 06 30 00 1 4286.120
2015 09 02 06 45 00 1 4286.209
2015 09 02 07 00 00 1 4286.299
2015 09 02 07 15 00 1 4286.383
2015 09 02 07 30 00 1 4286.465
2015 09 02 07 45 00 1 4286.545
2015 09 02 08 00 00 1 4286.618
2015 09 02 08 15 00 1 4286.684
2015 09 02 08 30 00 1 4286.742
2015 09 02 08 45 00 1 4286.790
2015 09 02 09 00 00 1 4286.830
2015 09 02 09 15 00 1 4286.859
2015 09 02 09 30 00 1 4286.874
2015 09 02 09 45 00 1 4286.879
2015 09 02 10 00 00 1 4286.873
2015 09 02 10 15 00 1 4286.859
2015 09 02 10 30 00 1 4286.832
2015 09 02 10 45 00 1 4286.797
2015 09 02 11 00 00 1 4286.748
2015 09 02 11 15 00 1 4286.689
2015 09 02 11 30 00 1 4286.624
2015 09 02 11 45 00 1 4286.554
2015 09 02 12 00 00 1 4286.475
2015 09 02 12 15 00 1 4286.396
2015 09 02 12 30 00 1 4286.311
2015 09 02 12 45 00 1 4286.223
2015 09 02 13 00 00 1 4286.140
2015 09 02 13 15 00 1 4286.058
2015 09 02 13 30 00 1 4285.975
2015 09 02 13 45 00 1 4285.896
2015 09 02 14 00 00 1 4285.829
2015 09 02 14 15 00 1 4285.765
2015 09 02 14 30 00 1 4285.710
2015 09 02 14 45 00 1 4285.664
2015 09 02 15 00 00 1 4285.627
2015 09 02 15 15 00 1 4285.600
2015 09 02 15 30 00 1 4285.586
2015 09 02 15 45 00 1 4285.583
2015 09 02 16 00 00 1 4285.590
2015 09 02 16 15 00 1 4285.612
2015 09 02 16 30 00 1 4285.644
2015 09 02 16 45 00 1 4285.691
2015 09 02 17 00 00 1 4285.748
2015 09 02 17 15 00 1 4285.815
2015 09 02 17 30 00 1 4285.891
2015 09 02 17 45 00 1 4285.973
2015 09 02 18 00 00 1 4286.060
2015 09 02 18 15 00 1 4286.153
2015 09 02 18 30 00 1 4286.246
2015 09 02 18 45 00 1 4286.339
2015 09 02 19 00 00 1 4286.433
2015 09 02 19 15 00 1 4286.529
2015 09 02 19 30 00 1 4286.623
2015 09 02 19 45 00 1 4286.712
2015 09 02 20 00 00 1 4286.801
2015 09 02 20 15 00 1 4286.882
2015 09 02 20 30 00 1 4286.957
2015 09 02 20 45 00 1 4287.019
2015 09 02 21 00 00 1 4287.073
2015 09 02 21 15 00 1 4287.113
2015 09 02 21 30 00 1 4287.142
2015 09 02 21 45 00 1 4287.159
2015 09 02 22 00 00 1 4287.165
2015 09 02 22 15 00 1 4287.156
2015 09 02 22 30 00 1 4287.139
2015 09 02 22 45 00 1 4287.109
2015 09 02 23 00 00 1 4287.071
2015 09 02 23 15 00 1 4287.016
2015 09 02 23 30 00 1 4286.955
2015 09 02 23 45 00 1 4286.885
2015 09 03 00 00 00 1 4286.805
2015 09 03 00 15 00 1 4286.721
2015 09 03 00 30 00 1 4286.632
2015 09 03 00 45 00 1 4286.536
2015 09 03 01 00 00 1 4286.432
2015 09 03 01 15 00 1 4286.330
2015 09 03 01 30 00 1 4286.223
2015 09 03 01 45 00 1 4286.119
2015 09 03 02 00 00 1 4286.021
2015 09 03 02 15 00 1 4285.924
2015 09 03 02 30 00 1 4285.835
2015 09 03 02 45 00 1 4285.753
2015 09 03 03 00 00 1 4285.677
2015 09 03 03 15 00 1 4285.609
2015 09 03 03 30 00 1 4285.553
2015 09 03 03 45 00 1 4285.509
2015 09 03 04 00 00 1 4285.473
2015 09 03 04 15 00 1 4285.450
2015 09 03 04 30 00 1 4285.438
2015 09 03 04 45 00 1 4285.437
2015 09 03 05 00 00 1 4285.449
2015 09 03 05 15 00 1 4285.470
2015 09 03 05 30 00 1 4285.499
2015 09 03 05 45 00 1 4285.541
2015 09 03 06 00 00 1 4285.591
2015 09 03 06 15 00 1 4285.648
2015 09 03 06 30 00 1 4285.713
2015 09 03 06 45 00 1 4285.783
2015 09 03 07 00 00 1 4285.861
2015 09 03 07 15 00 1 4285.937
2015 09 03 07 30 00 1 4286.016
2015 09 03 07 45 00 1 4286.098
2015 09 03 08 00 00 1 4286.180
2015 09 03 08 15 00 1 4286.260
2015 09 03 08 30 00 1 4286.335
2015 09 03 08 45 00 1 4286.407
2015 09 03 09 00 00 1 4286.475
2015 09 03 09 15 00 1 4286.534
2015 09 03 09 30 00 1 4286.591
2015 09 03 09 45 00 1 4286.638
2015 09 03 10 00 00 1 4286.675
2015 09 03 10 15 00 1 4286.702
2015 09 03 10 30 00 1 4286.723
2015 09 03 10 45 00 1 4286.728
2015 09 03 11 00 00 1 4286.730
2015 09 03 11 15 00 1 4286.720
2015 09 03 11 30 00 1 4286.698
2015 09 03 11 45 00 1 4286.666
2015 09 03 12 00 00 1 4286.626
2015 09 03 12 15 00 1 4286.580
2015 09 03 12 30 00 1 4286.524
2015 09 03 12 45 00 1 4286.467
2015 09 03 13 00 00 1 4286.405
2015 09 03 13 15 00 1 4286.343
2015 09 03 13 30 00 1 4286.279
2015 09 03 13 45 00 1 4286.213
2015 09 03 14 00 00 1 4286.146
2015 09 03 14 15 00 1 4286.081
2015 09 03 14 30 00 1 4286.017
2015 09 03 14 45 00 1 4285.956
2015 09 03 15 00 00 1 4285.904
2015 09 03 15 15 00 1 4285.856
2015 09 03 15 30 00 1 4285.817
2015 09 03 15 45 00 1 4285.785
2015 09 03 16 00 00 1 4285.762
2015 09 03 16 15 00 1 4285.748
2015 09 03 16 30 00 1 4285.746
2015 09 03 16 45 00 1 4285.752
2015 09 03 17 00 00 1 4285.767
2015 09 03 17 15 00 1 4285.795
2015 09 03 17 30 00 1 4285.831
2015 09 03 17 45 00 1 4285.879
2015 09 03 18 00 00 1 4285.932
2015 09 03 18 15 00 1 4285.996
2015 09 03 18 30 00 1 4286.066
2015 09 03 18 45 00 1 4286.143
2015 09 03 19 00 00 1 4286.219
2015 09 03 19 15 00 1 4286.300
2015 09 03 19 30 00 1 4286.385
2015 09 03 19 45 00 1 4286.469
2015 09 03 20 00 00 1 4286.554
2015 09 03 20 15 00 1 4286.638
2015 09 03 20 30 00 1 4286.719
2015 09 03 20 45 00 1 4286.795
2015 09 03 21 00 00 1 4286.864
2015 09 03 21 15 00 1 4286.926
2015 09 03 21 30 00 1 4286.984
2015 09 03 21 45 00 1 4287.032
2015 09 03 22 00 00 1 4287.069
2015 09 03 22 15 00 1 4287.100
2015 09 03 22 30 00 1 4287.119
2015 09 03 22 45 00 1 4287.126
2015 09 03 23 00 00 1 4287.124
2015 09 03 23 15 00 1 4287.109
2015 09 03 23 30 00 1 4287.083
2015 09 03 23 45 00 1 4287.048
2015 09 04 00 00 00 1 4287.000
2015 09 04 00 15 00 1 4286.944
2015 09 04 00 30 00 1 4286.882
2015 09 04 00 45 00 1 4286.811
2015 09 04 01 00 00 1 4286.733
2015 09 04 01 15 00 1 4286.645
2015 09 04 01 30 00 1 4286.555
2015 09 04 01 45 00 1 4286.461
2015 09 04 02 00 00 1 4286.364
2015 09 04 02 15 00 1 4286.264
2015 09 04 02 30 00 1 4286.167
2015 09 04 02 45 00 1 4286.071
2015 09 04 03 00 00 1 4285.979
2015 09 04 03 15 00 1 4285.891
2015 09 04 03 30 00 1 4285.809
2015 09 04 03 45 00 1 4285.733
2015 09 04 04 00 00 1 4285.661
2015 09 04 04 15 00 1 4285.596
2015 09 04 04 30 00 1 4285.542
2015 09 04 04 45 00 1 4285.497
2015 09 04 05 00 00 1 4285.461
2015 09 04 05 15 00 1 4285.437
2015 09 04 05 30 00 1 4285.425
2015 09 04 05 45 00 1 4285.423
2015 09 04 06 00 00 1 4285.428
2015 09 04 06 15 00 1 4285.444
2015 09 04 06 30 00 1 4285.473
2015 09 04 06 45 00 1 4285.510
2015 09 04 07 00 00 1 4285.554
2015 09 04 07 15 00 1 4285.606
2015 09 04 07 30 00 1 4285.664
2015 09 04 07 45 00 1 4285.726
2015 09 04 08 00 00 1 4285.795
2015 09 04 08 15 00 1 4285.866
2015 09 04 08 30 00 1 4285.939
2015 09 04 08 45 00 1 4286.011
2015 09 04 09 00 00 1 4286.084
2015 09 04 09 15 00 1 4286.154
2015 09 04 09 30 00 1 4286.222
2015 09 04 09 45 00 1 4286.289
2015 09 04 10 00 00 1 4286.354
2015 09 04 10 15 00 1 4286.410
2015 09 04 10 30 00 1 4286.461
2015 09 04 10 45 00 1 4286.506
2015 09 04 11 00 00 1 4286.543
2015 09 04 11 15 00 1 4286.569
2015 09 04 11 30 00 1 4286.590
2015 09 04 11 45 00 1 4286.605
2015 09 04 12 00 00 1 4286.610
2015 09 04 12 15 00 1 4286.606
2015 09 04 12 30 00 1 4286.599
2015 09 04 12 45 00 1 4286.582
2015 09 04 13 00 00 1 4286.555
2015 09 04 13 15 00 1 4286.524
2015 09 04 13 30 00 1 4286.488
2015 09 04 13 45 00 1 4286.444
2015 09 04 14 00 00 1 4286.398
2015 09 04 14 15 00 1 4286.347
2015 09 04 14 30 00 1 4286.295
2015 09 04 14 45 00 1 4286.242
2015 09 04 15 00 00 1 4286.193
2015 09 04 15 15 00 1 4286.142
2015 09 04 15 30 00 1 4286.095
2015 09 04 15 45 00 1 4286.051
2015 09 04 16 00 00 1 4286.009
2015 09 04 16 15 00 1 4285.975
2015 09 04 16 30 00 1 4285.947
2015 09 04 16 45 00 1 4285.925
2015 09 04 17 00 00 1 4285.912
2015 09 04 17 15 00 1 4285.903
2015 09 04 17 30 00 1 4285.903
2015 09 04 17 45 00 1 4285.914
2015 09 04 18 00 00 1 4285.933
2015 09 04 18 15 00 1 4285.959
2015 09 04 18 30 00 1 4285.991
2015 09 04 18 45 00 1 4286.032
2015 09 04 19 00 00 1 4286.079
2015 09 04 19 15 00 1 4286.133
2015 09 04 19 30 00 1 4286.194
2015 09 04 19 45 00 1 4286.256
2015 09 04 20 00 00 1 4286.323
2015 09 04 20 15 00 1 4286.391
2015 09 04 20 30 00 1 4286.463
2015 09 04 20 45 00 1 4286.534
2015 09 04 21 00 00 1 4286.607
2015 09 04 21 15 00 1 4286.677
2015 09 04 21 30 00 1 4286.745
2015 09 04 21 45 00 1 4286.809
2015 09 04 22 00 00 1 4286.868
2015 09 04 22 15 00 1 4286.920
2015 09 04 22 30 00 1 4286.966
2015 09 04 22 45 00 1 4287.005
2015 09 04 23 00 00 1 4287.039
2015 09 04 23 15 00 1 4287.060
2015 09 04 23 30 00 1 4287.071
2015 09 04 23 45 00 1 4287.074
2015 09 05 00 00 00 1 4287.068
2015 09 05 00 15 00 1 4287.050
2015 09 05 00 30 00 1 4287.025
2015 09 05 00 45 00 1 4286.985
2015 09 05 01 00 00 1 4286.938
2015 09 05 01 15 00 1 4286.884
2015 09 05 01 30 00 1 4286.822
2015 09 05 01 45 00 1 4286.753
2015 09 05 02 00 00 1 4286.679
2015 09 05 02 15 00 1 4286.600
2015 09 05 02 30 00 1 4286.515
2015 09 05 02 45 00 1 4286.428
2015 09 05 03 00 00 1 4286.339
2015 09 05 03 15 00 1 4286.248
2015 09 05 03 30 00 1 4286.158
2015 09 05 03 45 00 1 4286.068
2015 09 05 04 00 00 1 4285.984
2015 09 05 04 15 00 1 4285.900
2015 09 05 04 30 00 1 4285.821
2015 09 05 04 45 00 1 4285.747
2015 09 05 05 00 00 1 4285.679
2015 09 05 05 15 00 1 4285.618
2015 09 05 05 30 00 1 4285.566
2015 09 05 05 45 00 1 4285.519
2015 09 05 06 00 00 1 4285.482
2015 09 05 06 15 00 1 4285.458
2015 09 05 06 30 00 1 4285.441
2015 09 05 06 45 00 1 4285.431
2015 09 05 07 00 00 1 4285.435
2015 09 05 07 15 00 1 4285.444
2015 09 05 07 30 00 1 4285.463
2015 09 05 07 45 00 1 4285.493
2015 09 05 08 00 00 1 4285.530
2015 09 05 08 15 00 1 4285.574
2015 09 05 08 30 00 1 4285.624
2015 09 05 08 45 00 1 4285.680
2015 09 05 09 00 00 1 4285.740
2015 09 05 09 15 00 1 4285.804
2015 09 05 09 30 00 1 4285.869
2015 09 05 09 45 00 1 4285.935
2015 09 05 10 00 00 1 4286.004
2015 09 05 10 15 00 1 4286.071
2015 09 05 10 30 00 1 4286.139
2015 09 05 10 45 00 1 4286.203
2015 09 05 11 00 00 1 4286.265
2015 09 05 11 15 00 1 4286.320
2015 09 05 11 30 00 1 4286.375
2015 09 05 11 45 00 1 4286.422
2015 09 05 12 00 00 1 4286.465
2015 09 05 12 15 00 1 4286.501
2015 09 05 12 30 00 1 4286.530
2015 09 05 12 45 00 1 4286.550
2015 09 05 13 00 00 1 4286.561
2015 09 05 13 15 00 1 4286.567
2015 09 05 13 30 00 1 4286.566
2015 09 05 13 45 00 1 4286.560
2015 09 05 14 00 00 1 4286.544
2015 09 05 14 15 00 1 4286.522
2015 09 05 14 30 00 1 4286.494
2015 09 05 14 45 00 1 4286.466
2015 09 05 15 00 00 1 4286.431
2015 09 05 15 15 00 1 4286.395
2015 09 05 15 30 00 1 4286.358
2015 09 05 15 45 00 1 4286.320
2015 09 05 16 00 00 1 4286.278
2015 09 05 16 15 00 1 4286.240
2015 09 05 16 30 00 1 4286.205
2015 09 05 16 45 00 1 4286.169
2015 09 05 17 00 00 1 4286.137
2015 09 05 17 15 00 1 4286.109
2015 09 05 17 30 00 1 4286.080
2015 09 05 17 45 00 1 4286.059
2015 09 05 18 00 00 1 4286.043
2015 09 05 18 15 00 1 4286.035
2015 09 05 18 30 00 1 4286.030
2015 09 05 18 45 00 1 4286.034
2015 09 05 19 00 00 1 4286.046
2015 09 05 19 15 00 1 4286.062
2015 09 05 19 30 00 1 4286.090
2015 09 05 19 45 00 1 4286.122
2015 09 05 20 00 00 1 4286.163
2015 09 05 20 15 00 1 4286.208
2015 09 05 20 30 00 1 4286.261
2015 09 05 20 45 00 1 4286.315
2015 09 05 21 00 00 1 4286.372
2015 09 05 21 15 00 1 4286.430
2015 09 05 21 30 00 1 4286.489
2015 09 05 21 45 00 1 4286.552
2015 09 05 22 00 00 1 4286.612
2015 09 05 22 15 00 1 4286.674
2015 09 05 22 30 00 1 4286.730
2015 09 05 22 45 00 1 4286.781
2015 09 05 23 00 00 1 4286.831
2015 09 05 23 15 00 1 4286.877
2015 09 05 23 30 00 1 4286.918
2015 09 05 23 45 00 1 4286.952
2015 09 06 00 00 00 1 4286.983
2015 09 06 00 15 00 1 4287.001
2015 09 06 00 30 00 1 4287.013
2015 09 06 00 45 00 1 4287.015
2015 09 06 01 00 00 1 4287.008
2015 09 06 01 15 00 1 4286.988
2015 09 06 01 30 00 1 4286.962
2015 09 06 01 45 00 1 4286.931
2015 09 06 02 00 00 1 4286.889
2015 09 06 02 15 00 1 4286.841
2015 09 06 02 30 00 1 4286.785
2015 09 06 02 45 00 1 4286.723
2015 09 06 03 00 00 1 4286.656
2015 09 06 03 15 00 1 4286.586
2015 09 06 03 30 00 1 4286.509
2015 09 06 03 45 00 1 4286.426
2015 09 06 04 00 00 1 4286.343
2015 09 06 04 15 00 1 4286.257
2015 09 06 04 30 00 1 4286.175
2015 09 06 04 45 00 1 4286.089
2015 09 06 05 00 00 1 4286.005
2015 09 06 05 15 00 1 4285.919
2015 09 06 05 30 00 1 4285.840
2015 09 06 05 45 00 1 4285.763
2015 09 06 06 00 00 1 4285.694
2015 09 06 06 15 00 1 4285.629
2015 09 06 06 30 00 1 4285.571
2015 09 06 06 45 00 1 4285.523
2015 09 06 07 00 00 1 4285.484
2015 09 06 07 15 00 1 4285.454
2015 09 06 07 30 00 1 4285.434
2015 09 06 07 45 00 1 4285.422
2015 09 06 08 00 00 1 4285.416
2015 09 06 08 15 00 1 4285.420
2015 09 06 08 30 00 1 4285.432
2015 09 06 08 45 00 1 4285.453
2015 09 06 09 00 00 1 4285.483
2015 09 06 09 15 00 1 4285.519
2015 09 06 09 30 00 1 4285.565
2015 09 06 09 45 00 1 4285.617
2015 09 06 10 00 00 1 4285.669
2015 09 06 10 15 00 1 4285.728
2015 09 06 10 30 00 1 4285.792
2015 09 06 10 45 00 1 4285.859
2015 09 06 11 00 00 1 4285.925
2015 09 06 11 15 00 1 4285.993
2015 09 06 11 30 00 1 4286.058
2015 09 06 11 45 00 1 4286.122
2015 09 06 12 00 00 1 4286.184
2015 09 06 12 15 00 1 4286.246
2015 09 06 12 30 00 1 4286.305
2015 09 06 12 45 00 1 4286.357
2015 09 06 13 00 00 1 4286.402
2015 09 06 13 15 00 1 4286.445
2015 09 06 13 30 00 1 4286.481
2015 09 06 13 45 00 1 4286.511
2015 09 06 14 00 00 1 4286.531
2015 09 06 14 15 00 1 4286.548
2015 09 06 14 30 00 1 4286.555
2015 09 06 14 45 00 1 4286.557
2015 09 06 15 00 00 1 4286.550
2015 09 06 15 15 00 1 4286.542
2015 09 06 15 30 00 1 4286.526
2015 09 06 15 45 00 1 4286.506
2015 09 06 16 00 00 1 4286.481
2015 09 06 16 15 00 1 4286.455
2015 09 06 16 30 00 1 4286.424
2015 09 06 16 45 00 1 4286.392
2015 09 06 17 00 00 1 4286.361
2015 09 06 17 15 00 1 4286.327
2015 09 06 17 30 00 1 4286.293
2015 09 06 17 45 00 1 4286.259
2015 09 06 18 00 00 1 4286.226
2015 09 06 18 15 00 1 4286.195
2015 09 06 18 30 00 1 4286.167
2015 09 06 18 45 00 1 4286.145
2015 09 06 19 00 00 1 4286.125
2015 09 06 19 15 00 1 4286.115
2015 09 06 19 30 00 1 4286.108
2015 09 06 19 45 00 1 4286.110
2015 09 06 20 00 00 1 4286.116
2015 09 06 20 15 00 1 4286.131
2015 09 06 20 30 00 1 4286.151
2015 09 06 20 45 00 1 4286.177
2015 09 06 21 00 00 1 4286.208
2015 09 06 21 15 00 1 4286.245
2015 09 06 21 30 00 1 4286.284
2015 09 06 21 45 00 1 4286.331
2015 09 06 22 00 00 1 4286.380
2015 09 06 22 15 00 1 4286.428
2015 09 06 22 30 00 1 4286.483
2015 09 06 22 45 00 1 4286.536
2015 09 06 23 00 00 1 4286.593
2015 09 06 23 15 00 1 4286.647
2015 09 06 23 30 00 1 4286.701
2015 09 06 23 45 00 1 4286.752
2015 09 07 00 00 00 1 4286.801
2015 09 07 00 15 00 1 4286.844
2015 09 07 00 30 00 1 4286.884
2015 09 07 00 45 00 1 4286.916
2015 09 07 01 00 00 1 4286.945
2015 09 07 01 15 00 1 4286.962
2015 09 07 01 30 00 1 4286.972
2015 09 07 01 45 00 1 4286.977
2015 09 07 02 00 00 1 4286.974
2015 09 07 02 15 00 1 4286.962
2015 09 07 02 30 00 1 4286.943
2015 09 07 02 45 00 1 4286.918
2015 09 07 03 00 00 1 4286.879
2015 09 07 03 15 00 1 4286.839
2015 09 07 03 30 00 1 4286.792
2015 09 07 03 45 00 1 4286.736
2015 09 07 04 00 00 1 4286.676
2015 09 07 04 15 00 1 4286.608
2015 09 07 04 30 00 1 4286.537
2015 09 07 04 45 00 1 4286.460
2015 09 07 05 00 00 1 4286.376
2015 09 07 05 15 00 1 4286.294
2015 09 07 05 30 00 1 4286.207
2015 09 07 05 45 00 1 4286.121
2015 09 07 06 00 00 1 4286.039
2015 09 07 06 15 00 1 4285.954
2015 09 07 06 30 00 1 4285.875
2015 09 07 06 45 00 1 4285.800
2015 09 07 07 00 00 1 4285.731
2015 09 07 07 15 00 1 4285.664
2015 09 07 07 30 00 1 4285.604
2015 09 07 07 45 00 1 4285.552
2015 09 07 08 00 00 1 4285.502
2015 09 07 08 15 00 1 4285.468
2015 09 07 08 30 00 1 4285.441
2015 09 07 08 45 00 1 4285.427
2015 09 07 09 00 00 1 4285.416
2015 09 07 09 15 00 1 4285.418
2015 09 07 09 30 00 1 4285.431
2015 09 07 09 45 00 1 4285.453
2015 09 07 10 00 00 1 4285.480
2015 09 07 10 15 00 1 4285.511
2015 09 07 10 30 00 1 4285.553
2015 09 07 10 45 00 1 4285.596
2015 09 07 11 00 00 1 4285.649
2015 09 07 11 15 00 1 9999.000
2015 09 07 11 30 00 1 9999.000
2015 09 07 11 45 00 1 9999.000
2015 09 07 12 00 00 1 9999.000
2015 09 07 12 15 00 1 4285.972
2015 09 07 12 30 00 1 4286.040
2015 09 07 12 45 00 1 4286.106
2015 09 07 13 00 00 1 4286.174
2015 09 07 13 15 00 1 4286.237
2015 09 07 13 30 00 1 4286.298
2015 09 07 13 45 00 1 4286.358
2015 09 07 14 00 00 1 4286.410
2015 09 07 14 15 00 1 4286.458
2015 09 07 14 30 00 1 4286.500
2015 09 07 14 45 00 1 4286.532
2015 09 07 15 00 00 1 4286.561
2015 09 07 15 15 00 1 4286.584
2015 09 07 15 30 00 1 4286.598
2015 09 07 15 45 00 1 4286.601
2015 09 07 16 00 00 1 4286.601
2015 09 07 16 15 00 1 4286.596
2015 09 07 16 30 00 1 4286.586
2015 09 07 16 45 00 1 4286.568
2015 09 07 17 00 00 1 4286.549
2015 09 07 17 15 00 1 4286.520
2015 09 07 17 30 00 1 4286.489
2015 09 07 17 45 00 1 4286.457
2015 09 07 18 00 00 1 4286.420
2015 09 07 18 15 00 1 4286.385
2015 09 07 18 30 00 1 4286.346
2015 09 07 18 45 00 1 4286.308
2015 09 07 19 00 00 1 4286.272
2015 09 07 19 15 00 1 4286.238
2015 09 07 19 30 00 1 4286.207
2015 09 07 19 45 00 1 4286.180
2015 09 07 20 00 00 1 4286.156
2015 09 07 20 15 00 1 4286.137
2015 09 07 20 30 00 1 4286.124
2015 09 07 20 45 00 1 4286.116
2015 09 07 21 00 00 1 4286.128
2015 09 07 21 15 00 1 4286.133
2015 09 07 21 30 00 1 4286.146
2015 09 07 21 45 00 1 4286.169
2015 09 07 22 00 00 1 4286.195
2015 09 07 22 15 00 1 4286.224
2015 09 07 22 30 00 1 4286.262
2015 09 07 22 45 00 1 4286.305
2015 09 07 23 00 00 1 4286.348
2015 09 07 23 15 00 1 4286.399
2015 09 07 23 30 00 1 4286.453
2015 09 07 23 45 00 1 4286.506
2015 09 08 00 00 00 1 4286.561
2015 09 08 00 15 00 1 4286.615
2015 09 08 00 30 00 1 4286.668
2015 09 08 00 45 00 1 4286.718
2015 09 08 01 00 00 1 4286.765
2015 09 08 01 15 00 1 4286.813
2015 09 08 01 30 00 1 4286.853
2015 09 08 01 45 00 1 4286.891
2015 09 08 02 00 00 1 4286.922
2015 09 08 02 15 00 1 4286.946
2015 09 08 02 30 00 1 4286.962
2015 09 08 02 45 00 1 4286.971
2015 09 08 03 00 00 1 4286.972
2015 09 08 03 15 00 1 4286.966
2015 09 08 03 30 00 1 4286.948
2015 09 08 03 45 00 1 4286.922
2015 09 08 04 00 00 1 4286.891
2015 09 08 04 15 00 1 4286.848
2015 09 08 04 30 00 1 4286.801
2015 09 08 04 45 00 1 4286.743
2015 09 08 05 00 00 1 4286.679
2015 09 08 05 15 00 1 4286.611
2015 09 08 05 30 00 1 4286.539
2015 09 08 05 45 00 1 4286.464
2015 09 08 06 00 00 1 4286.383
2015 09 08 06 15 00 1 4286.299
2015 09 08 06 30 00 1 4286.213
2015 09 08 06 45 00 1 4286.127
2015 09 08 07 00 00 1 4286.037
2015 09 08 07 15 00 1 4285.953
2015 09 08 07 30 00 1 4285.871
2015 09 08 07 45 00 1 4285.791
2015 09 08 08 00 00 1 4285.717
2015 09 08 08 15 00 1 9999.000
2015 09 08 08 30 00 1 9999.000
2015 09 08 08 45 00 1 9999.000
2015 09 08 09 00 00 1 9999.000
2015 09 08 09 15 00 1 4285.459
2015 09 08 09 30 00 1 4285.431
2015 09 08 09 45 00 1 4285.417
2015 09 08 10 00 00 1 4285.408
2015 09 08 10 15 00 1 4285.408
2015 09 08 10 30 00 1 4285.418
2015 09 08 10 45 00 1 4285.436
2015 09 08 11 00 00 1 4285.465
2015 09 08 11 15 00 1 4285.500
2015 09 08 11 30 00 1 4285.542
2015 09 08 11 45 00 1 4285.591
2015 09 08 12 00 00 1 4285.647
2015 09 08 12 15 00 1 4285.709
2015 09 08 12 30 00 1 4285.775
2015 09 08 12 45 00 1 4285.845
2015 09 08 13 00 00 1 4285.918
2015 09 08 13 15 00 1 4285.990
2015 09 08 13 30 00 1 4286.060
2015 09 08 13 45 00 1 4286.136
2015 09 08 14 00 00 1 4286.208
2015 09 08 14 15 00 1 4286.274
2015 09 08 14 30 00 1 4286.340
2015 09 08 14 45 00 1 4286.400
2015 09 08 15 00 00 1 4286.456
2015 09 08 15 15 00 1 4286.503
2015 09 08 15 30 00 1 4286.545
2015 09 08 15 45 00 1 4286.578
2015 09 08 16 00 00 1 4286.606
2015 09 08 16 15 00 1 4286.626
2015 09 08 16 30 00 1 4286.638
2015 09 08 16 45 00 1 4286.645
2015 09 08 17 00 00 1 4286.643
2015 09 08 17 15 00 1 4286.636
2015 09 08 17 30 00 1 4286.619
2015 09 08 17 45 00 1 4286.596
2015 09 08 18 00 00 1 4286.570
2015 09 08 18 15 00 1 4286.537
2015 09 08 18 30 00 1 4286.499
2015 09 08 18 45 00 1 4286.461
2015 09 08 19 00 00 1 4286.420
2015 09 08 19 15 00 1 4286.379
2015 09 08 19 30 00 1 4286.337
2015 09 08 19 45 00 1 4286.294
2015 09 08 20 00 00 1 4286.248
2015 09 08 20 15 00 1 4286.209
2015 09 08 20 30 00 1 4286.172
2015 09 08 20 45 00 1 4286.142
2015 09 08 21 00 00 1 4286.116
2015 09 08 21 15 00 1 4286.092
2015 09 08 21 30 00 1 4286.075
2015 09 08 21 45 00 1 4286.067
2015 09 08 22 00 00 1 4286.065
2015 09 08 22 15 00 1 4286.071
2015 09 08 22 30 00 1 4286.083
2015 09 08 22 45 00 1 4286.103
2015 09 08 23 00 00 1 4286.129
2015 09 08 23 15 00 1 4286.162
2015 09 08 23 30 00 1 4286.199
2015 09 08 23 45 00 1 4286.244
2015 09 09 00 00 00 1 4286.291
2015 09 09 00 15 00 1 4286.341
2015 09 09 00 30 00 1 4286.394
2015 09 09 00 45 00 1 4286.453
2015 09 09 01 00 00 1 4286.509
2015 09 09 01 15 00 1 4286.567
2015 09 09 01 30 00 1 4286.624
2015 09 09 01 45 00 1 4286.678
2015 09 09 02 00 00 1 4286.733
2015 09 09 02 15 00 1 4286.781
2015 09 09 02 30 00 1 4286.827
2015 09 09 02 45 00 1 4286.868
2015 09 09 03 00 00 1 4286.902
2015 09 09 03 15 00 1 9999.000
2015 09 09 03 30 00 1 9999.000
2015 09 09 03 45 00 1 9999.000
2015 09 09 04 00 00 1 9999.000
2015 09 09 04 15 00 1 9999.000
2015 09 09 04 30 00 1 9999.000
2015 09 09 04 45 00 1 9999.000
2015 09 09 05 00 00 1 9999.000
2015 09 09 05 15 00 1 4286.826
2015 09 09 05 30 00 1 4286.775
2015 09 09 05 45 00 1 4286.717
2015 09 09 06 00 00 1 4286.652
2015 09 09 06 15 00 1 4286.584
2015 09 09 06 30 00 1 4286.508
2015 09 09 06 45 00 1 4286.429
2015 09 09 07 00 00 1 4286.347
2015 09 09 07 15 00 1 4286.261
2015 09 09 07 30 00 1 4286.172
2015 09 09 07 45 00 1 4286.080
2015 09 09 08 00 00 1 4285.991
2015 09 09 08 15 00 1 4285.905
2015 09 09 08 30 00 1 4285.824
2015 09 09 08 45 00 1 4285.746
2015 09 09 09 00 00 1 4285.671
2015 09 09 09 15 00 1 4285.605
2015 09 09 09 30 00 1 4285.544
2015 09 09 09 45 00 1 4285.494
2015 09 09 10 00 00 1 4285.454
2015 09 09 10 15 00 1 4285.420
2015 09 09 10 30 00 1 4285.401
2015 09 09 10 45 00 1 4285.388
2015 09 09 11 00 00 1 4285.385
2015 09 09 11 15 00 1 4285.393
2015 09 09 11 30 00 1 4285.410
2015 09 09 11 45 00 1 4285.433
2015 09 09 12 00 00 1 4285.469
2015 09 09 12 15 00 1 4285.511
2015 09 09 12 30 00 1 4285.560
2015 09 09 12 45 00 1 4285.619
2015 09 09 13 00 00 1 4285.682
2015 09 09 13 15 00 1 4285.750
2015 09 09 13 30 00 1 4285.825
2015 09 09 13 45 00 1 4285.900
2015 09 09 14 00 00 1 4285.973
2015 09 09 14 15 00 1 4286.053
2015 09 09 14 30 00 1 4286.130
2015 09 09 14 45 00 1 4286.207
2015 09 09 15 00 00 1 4286.277
2015 09 09 15 15 00 1 4286.347
2015 09 09 15 30 00 1 4286.411
2015 09 09 15 45 00 1 4286.471
2015 09 09 16 00 00 1 4286.527
2015 09 09 16 15 00 1 4286.572
2015 09 09 16 30 00 1 4286.611
2015 09 09 16 45 00 1 4286.641
2015 09 09 17 00 00 1 4286.667
2015 09 09 17 15 00 1 4286.684
2015 09 09 17 30 00 1 4286.691
2015 09 09 17 45 00 1 4286.691
2015 09 09 18 00 00 1 4286.681
2015 09 09 18 15 00 1 4286.664
2015 09 09 18 30 00 1 4286.638
2015 09 09 18 45 00 1 4286.607
2015 09 09 19 00 00 1 4286.570
2015 09 09 19 15 00 1 4286.528
2015 09 09 19 30 00 1 4286.483
2015 09 09 19 45 00 1 4286.435
2015 09 09 20 00 00 1 4286.386
2015 09 09 20 15 00 1 4286.336
2015 09 09 20 30 00 1 4286.288
2015 09 09 20 45 00 1 4286.240
2015 09 09 21 00 00 1 4286.195
2015 09 09 21 15 00 1 4286.151
2015 09 09 21 30 00 1 4286.111
2015 09 09 21 45 00 1 4286.074
2015 09 09 22 00 00 1 4286.047
2015 09 09 22 15 00 1 4286.023
2015 09 09 22 30 00 1 4286.010
2015 09 09 22 45 00 1 4286.001
2015 09 09 23 00 00 1 4285.999
2015 09 09 23 15 00 1 9999.000
2015 09 09 23 30 00 1 9999.000
2015 09 09 23 45 00 1 9999.000
2015 09 10 00 00 00 1 9999.000
2015 09 10 00 15 00 1 4286.119
2015 09 10 00 30 00 1 4286.160
2015 09 10 00 45 00 1 4286.208
2015 09 10 01 00 00 1 4286.261
2015 09 10 01 15 00 1 4286.316
2015 09 10 01 30 00 1 4286.373
2015 09 10 01 45 00 1 4286.435
2015 09 10 02 00 00 1 4286.496
2015 09 10 02 15 00 1 4286.557
2015 09 10 02 30 00 1 4286.620
2015 09 10 02 45 00 1 4286.679
2015 09 10 03 00 00 1 4286.737
2015 09 10 03 15 00 1 4286.790
2015 09 10 03 30 00 1 4286.834
2015 09 10 03 45 00 1 4286.875
2015 09 10 04 00 00 1 4286.908
2015 09 10 04 15 00 1 4286.932
2015 09 10 04 30 00 1 4286.947
2015 09 10 04 45 00 1 4286.954
2015 09 10 05 00 00 1 4286.950
2015 09 10 05 15 00 1 4286.936
2015 09 10 05 30 00 1 4286.913
2015 09 10 05 45 00 1 4286.883
2015 09 10 06 00 00 1 4286.847
2015 09 10 06 15 00 1 4286.799
2015 09 10 06 30 00 1 4286.743
2015 09 10 06 45 00 1 4286.677
2015 09 10 07 00 00 1 4286.607
2015 09 10 07 15 00 1 4286.530
2015 09 10 07 30 00 1 4286.446
2015 09 10 07 45 00 1 4286.360
2015 09 10 08 00 00 1 4286.271
2015 09 10 08 15 00 1 4286.180
2015 09 10 08 30 00 1 4286.094
2015 09 10 08 45 00 1 4286.007
2015 09 10 09 00 00 1 4285.920
2015 09 10 09 15 00 1 4285.838
2015 09 10 09 30 00 1 4285.760
2015 09 10 09 45 00 1 4285.688
2015 09 10 10 00 00 1 4285.620
2015 09 10 10 15 00 1 4285.561
2015 09 10 10 30 00 1 4285.508
2015 09 10 10 45 00 1 4285.468
2015 09 10 11 00 00 1 4285.436
2015 09 10 11 15 00 1 4285.412
2015 09 10 11 30 00 1 4285.397
2015 09 10 11 45 00 1 4285.394
2015 09 10 12 00 00 1 4285.402
2015 09 10 12 15 00 1 4285.420
2015 09 10 12 30 00 1 4285.447
2015 09 10 12 45 00 1 4285.484
2015 09 10 13 00 00 1 4285.527
2015 09 10 13 15 00 1 4285.584
2015 09 10 13 30 00 1 4285.642
2015 09 10 13 45 00 1 4285.709
2015 09 10 14 00 00 1 4285.780
2015 09 10 14 15 00 1 4285.854
2015 09 10 14 30 00 1 4285.932
2015 09 10 14 45 00 1 4286.010
2015 09 10 15 00 00 1 4286.094
2015 09 10 15 15 00 1 4286.172
2015 09 10 15 30 00 1 4286.250
2015 09 10 15 45 00 1 4286.324
2015 09 10 16 00 00 1 4286.396
2015 09 10 16 15 00 1 4286.463
2015 09 10 16 30 00 1 4286.524
2015 09 10 16 45 00 1 4286.580
2015 09 10 17 00 00 1 4286.626
2015 09 10 17 15 00 1 4286.664
2015 09 10 17 30 00 1 4286.694
2015 09 10 17 45 00 1 4286.716
2015 09 10 18 00 00 1 4286.728
2015 09 10 18 15 00 1 4286.734
2015 09 10 18 30 00 1 4286.728
2015 09 10 18 45 00 1 4286.715
2015 09 10 19 00 00 1 4286.692
2015 09 10 19 15 00 1 4286.660
2015 09 10 19 30 00 1 4286.626
2015 09 10 19 45 00 1 4286.583
2015 09 10 20 00 00 1 4286.535
2015 09 10 20 15 00 1 4286.482
2015 09 10 20 30 00 1 4286.426
2015 09 10 20 45 00 1 4286.370
2015 09 10 21 00 00 1 4286.313
2015 09 10 21 15 00 1 4286.260
2015 09 10 21 30 00 1 4286.204
2015 09 10 21 45 00 1 4286.153
2015 09 10 22 00 00 1 4286.103
2015 09 10 22 15 00 1 4286.058
2015 09 10 22 30 00 1 4286.020
2015 09 10 22 45 00 1 4285.986
2015 09 10 23 00 00 1 4285.961
2015 09 10 23 15 00 1 4285.943
2015 09 10 23 30 00 1 4285.934
2015 09 10 23 45 00 1 4285.934
2015 09 11 00 00 00 1 4285.942
2015 09 11 00 15 00 1 4285.960
2015 09 11 00 30 00 1 4285.982
2015 09 11 00 45 00 1 4286.012
2015 09 11 01 00 00 1 4286.047
2015 09 11 01 15 00 1 4286.091
2015 09 11 01 30 00 1 4286.142
2015 09 11 01 45 00 1 4286.196
2015 09 11 02 00 00 1 4286.253
2015 09 11 02 15 00 1 4286.317
2015 09 11 02 30 00 1 4286.381
2015 09 11 02 45 00 1 4286.447
2015 09 11 03 00 00 1 4286.515
2015 09 11 03 15 00 1 4286.582
2015 09 11 03 30 00 1 4286.644
2015 09 11 03 45 00 1 4286.705
2015 09 11 04 00 00 1 4286.758
2015 09 11 04 15 00 1 4286.807
2015 09 11 04 30 00 1 4286.850
2015 09 11 04 45 00 1 4286.883
2015 09 11 05 00 00 1 4286.911
2015 09 11 05 15 00 1 4286.930
2015 09 11 05 30 00 1 4286.938
2015 09 11 05 45 00 1 4286.935
2015 09 11 06 00 00 1 4286.923
2015 09 11 06 15 00 1 4286.901
2015 09 11 06 30 00 1 4286.873
2015 09 11 06 45 00 1 4286.833
2015 09 11 07 00 00 1 4286.783
2015 09 11 07 15 00 1 4286.727
2015 09 11 07 30 00 1 4286.661
2015 09 11 07 45 00 1 4286.590
2015 09 11 08 00 00 1 4286.513
2015 09 11 08 15 00 1 9999.000
2015 09 11 08 30 00 1 9999.000
2015 09 11 08 45 00 1 9999.000
2015 09 11 09 00 00 1 9999.000
2015 09 11 09 15 00 1 4286.081
2015 09 11 09 30 00 1 4285.994
2015 09 11 09 45 00 1 4285.908
2015 09 11 10 00 00 1 4285.827
2015 09 11 10 15 00 1 4285.752
2015 09 11 10 30 00 1 4285.683
2015 09 11 10 45 00 1 4285.617
2015 09 11 11 00 00 1 4285.559
2015 09 11 11 15 00 1 4285.511
2015 09 11 11 30 00 1 4285.471
2015 09 11 11 45 00 1 4285.439
2015 09 11 12 00 00 1 4285.419
2015 09 11 12 15 00 1 4285.410
2015 09 11 12 30 00 1 4285.411
2015 09 11 12 45 00 1 4285.424
2015 09 11 13 00 00 1 4285.446
2015 09 11 13 15 00 1 4285.480
2015 09 11 13 30 00 1 4285.524
2015 09 11 13 45 00 1 4285.576
2015 09 11 14 00 00 1 4285.636
2015 09 11 14 15 00 1 4285.702
2015 09 11 14 30 00 1 4285.773
2015 09 11 14 45 00 1 4285.847
2015 09 11 15 00 00 1 4285.929
2015 09 11 15 15 00 1 4286.010
2015 09 11 15 30 00 1 4286.092
2015 09 11 15 45 00 1 4286.174
2015 09 11 16 00 00 1 4286.255
2015 09 11 16 15 00 1 4286.335
2015 09 11 16 30 00 1 4286.408
2015 09 11 16 45 00 1 4286.480
2015 09 11 17 00 00 1 4286.544
2015 09 11 17 15 00 1 4286.601
2015 09 11 17 30 00 1 4286.652
2015 09 11 17 45 00 1 4286.694
2015 09 11 18 00 00 1 4286.726
2015 09 11 18 15 00 1 4286.747
2015 09 11 18 30 00 1 4286.760
2015 09 11 18 45 00 1 4286.763
2015 09 11 19 00 00 1 4286.756
2015 09 11 19 15 00 1 4286.743
2015 09 11 19 30 00 1 4286.721
2015 09 11 19 45 00 1 4286.688
2015 09 11 20 00 00 1 4286.653
2015 09 11 20 15 00 1 4286.609
2015 09 11 20 30 00 1 4286.557
2015 09 11 20 45 00 1 4286.501
2015 09 11 21 00 00 1 4286.441
2015 09 11 21 15 00 1 4286.380
2015 09 11 21 30 00 1 4286.316
2015 09 11 21 45 00 1 4286.253
2015 09 11 22 00 00 1 4286.192
2015 09 11 22 15 00 1 4286.131
2015 09 11 22 30 00 1 4286.076
2015 09 11 22 45 00 1 4286.024
2015 09 11 23 00 00 1 4285.976
2015 09 11 23 15 00 1 4285.939
2015 09 11 23 30 00 1 4285.905
2015 09 11 23 45 00 1 4285.881
2015 09 12 00 00 00 1 4285.866
2015 09 12 00 15 00 1 4285.860
2015 09 12 00 30 00 1 4285.861
2015 09 12 00 45 00 1 4285.870
2015 09 12 01 00 00 1 4285.887
2015 09 12 01 15 00 1 4285.915
2015 09 12 01 30 00 1 4285.946
2015 09 12 01 45 00 1 4285.986
2015 09 12 02 00 00 1 4286.035
2015 09 12 02 15 00 1 4286.090
2015 09 12 02 30 00 1 4286.151
2015 09 12 02 45 00 1 4286.216
2015 09 12 03 00 00 1 4286.287
2015 09 12 03 15 00 1 4286.355
2015 09 12 03 30 00 1 4286.427
2015 09 12 03 45 00 1 4286.497
2015 09 12 04 00 00 1 4286.566
2015 09 12 04 15 00 1 4286.634
2015 09 12 04 30 00 1 4286.696
2015 09 12 04 45 00 1 4286.753
2015 09 12 05 00 00 1 4286.804
2015 09 12 05 15 00 1 4286.845
2015 09 12 05 30 00 1 4286.881
2015 09 12 05 45 00 1 4286.910
2015 09 12 06 00 00 1 4286.928
2015 09 12 06 15 00 1 4286.937
2015 09 12 06 30 00 1 4286.933
2015 09 12 06 45 00 1 4286.921
2015 09 12 07 00 00 1 4286.898
2015 09 12 07 15 00 1 4286.867
2015 09 12 07 30 00 1 4286.828
2015 09 12 07 45 00 1 4286.779
2015 09 12 08 00 00 1 4286.719
2015 09 12 08 15 00 1 4286.652
2015 09 12 08 30 00 1 4286.581
2015 09 12 08 45 00 1 4286.504
2015 09 12 09 00 00 1 4286.421
2015 09 12 09 15 00 1 4286.337
2015 09 12 09 30 00 1 4286.251
2015 09 12 09 45 00 1 4286.163
2015 09 12 10 00 00 1 4286.075
2015 09 12 10 15 00 1 4285.989
2015 09 12 10 30 00 1 4285.906
2015 09 12 10 45 00 1 4285.828
2015 09 12 11 00 00 1 4285.755
2015 09 12 11 15 00 1 4285.685
2015 09 12 11 30 00 1 4285.626
2015 09 12 11 45 00 1 4285.573
2015 09 12 12 00 00 1 4285.532
2015 09 12 12 15 00 1 4285.500
2015 09 12 12 30 00 1 4285.476
2015 09 12 12 45 00 1 4285.467
2015 09 12 13 00 00 1 4285.467
2015 09 12 13 15 00 1 4285.480
2015 09 12 13 30 00 1 4285.503
2015 09 12 13 45 00 1 4285.531
2015 09 12 14 00 00 1 4285.573
2015 09 12 14 15 00 1 4285.621
2015 09 12 14 30 00 1 4285.678
2015 09 12 14 45 00 1 4285.741
2015 09 12 15 00 00 1 4285.811
2015 09 12 15 15 00 1 4285.888
2015 09 12 15 30 00 1 4285.967
2015 09 12 15 45 00 1 4286.051
2015 09 12 16 00 00 1 4286.135
2015 09 12 16 15 00 1 4286.219
2015 09 12 16 30 00 1 4286.299
2015 09 12 16 45 00 1 4286.379
2015 09 12 17 00 00 1 4286.454
2015 09 12 17 15 00 1 4286.523
2015 09 12 17 30 00 1 4286.587
2015 09 12 17 45 00 1 4286.644
2015 09 12 18 00 00 1 4286.695
2015 09 12 18 15 00 1 4286.735
2015 09 12 18 30 00 1 4286.766
2015 09 12 18 45 00 1 4286.790
2015 09 12 19 00 00 1 4286.799
2015 09 12 19 15 00 1 4286.799
2015 09 12 19 30 00 1 4286.793
2015 09 12 19 45 00 1 4286.773
2015 09 12 20 00 00 1 4286.747
2015 09 12 20 15 00 1 4286.713
2015 09 12 20 30 00 1 4286.673
2015 09 12 20 45 00 1 4286.625
2015 09 12 21 00 00 1 4286.573
2015 09 12 21 15 00 1 4286.515
2015 09 12 21 30 00 1 4286.451
2015 09 12 21 45 00 1 4286.386
2015 09 12 22 00 00 1 4286.319
2015 09 12 22 15 00 1 4286.249
2015 09 12 22 30 00 1 4286.183
2015 09 12 22 45 00 1 4286.119
2015 09 12 23 00 00 1 4286.058
2015 09 12 23 15 00 1 4286.004
2015 09 12 23 30 00 1 4285.954
2015 09 12 23 45 00 1 4285.911
2015 09 13 00 00 00 1 4285.872
2015 09 13 00 15 00 1 4285.844
2015 09 13 00 30 00 1 4285.821
2015 09 13 00 45 00 1 4285.806
2015 09 13 01 00 00 1 4285.799
2015 09 13 01 15 00 1 4285.801
2015 09 13 01 30 00 1 4285.813
2015 09 13 01 45 00 1 4285.835
2015 09 13 02 00 00 1 4285.869
2015 09 13 02 15 00 1 4285.908
2015 09 13 02 30 00 1 4285.955
2015 09 13 02 45 00 1 4286.007
2015 09 13 03 00 00 1 4286.066
2015 09 13 03 15 00 1 4286.131
2015 09 13 03 30 00 1 4286.201
2015 09 13 03 45 00 1 4286.273
2015 09 13 04 00 00 1 4286.345
2015 09 13 04 15 00 1 4286.418
2015 09 13 04 30 00 1 4286.490
2015 09 13 04 45 00 1 4286.560
2015 09 13 05 00 00 1 4286.624
2015 09 13 05 15 00 1 4286.683
2015 09 13 05 30 00 1 4286.737
2015 09 13 05 45 00 1 4286.788
2015 09 13 06 00 00 1 4286.848
2015 09 13 06 15 00 1 9999.000
2015 09 13 06 30 00 1 9999.000
2015 09 13 06 45 00 1 9999.000
2015 09 13 07 00 00 1 9999.000
2015 09 13 07 15 00 1 4286.925
2015 09 13 07 30 00 1 4286.910
2015 09 13 07 45 00 1 4286.883
2015 09 13 08 00 00 1 4286.848
2015 09 13 08 15 00 1 9999.000
2015 09 13 08 30 00 1 9999.000
2015 09 13 08 45 00 1 9999.000
2015 09 13 09 00 00 1 9999.000
2015 09 13 09 15 00 1 9999.000
2015 09 13 09 30 00 1 9999.000
2015 09 13 09 45 00 1 9999.000
2015 09 13 10 00 00 1 9999.000
2015 09 13 10 15 00 1 4286.226
2015 09 13 10 30 00 1 4286.142
2015 09 13 10 45 00 1 4286.060
2015 09 13 11 00 00 1 4285.980
2015 09 13 11 15 00 1 4285.902
2015 09 13 11 30 00 1 4285.827
2015 09 13 11 45 00 1 4285.763
2015 09 13 12 00 00 1 4285.704
2015 09 13 12 15 00 1 4285.653
2015 09 13 12 30 00 1 4285.609
2015 09 13 12 45 00 1 4285.576
2015 09 13 13 00 00 1 4285.552
2015 09 13 13 15 00 1 4285.540
2015 09 13 13 30 00 1 4285.539
2015 09 13 13 45 00 1 4285.549
2015 09 13 14 00 00 1 4285.566
2015 09 13 14 15 00 1 4285.593
2015 09 13 14 30 00 1 4285.631
2015 09 13 14 45 00 1 4285.682
2015 09 13 15 00 00 1 4285.737
2015 09 13 15 15 00 1 9999.000
2015 09 13 15 30 00 1 9999.000
2015 09 13 15 45 00 1 9999.000
2015 09 13 16 00 00 1 9999.000
2015 09 13 16 15 00 1 4286.108
2015 09 13 16 30 00 1 4286.190
2015 09 13 16 45 00 1 4286.273
2015 09 13 17 00 00 1 4286.356
2015 09 13 17 15 00 1 4286.433
2015 09 13 17 30 00 1 4286.510
2015 09 13 17 45 00 1 4286.580
2015 09 13 18 00 00 1 4286.643
2015 09 13 18 15 00 1 4286.700
2015 09 13 18 30 00 1 4286.748
2015 09 13 18 45 00 1 4286.785
2015 09 13 19 00 00 1 4286.816
2015 09 13 19 15 00 1 4286.839
2015 09 13 19 30 00 1 4286.850
2015 09 13 19 45 00 1 4286.853
2015 09 13 20 00 00 1 4286.844
2015 09 13 20 15 00 1 9999.000
2015 09 13 20 30 00 1 9999.000
2015 09 13 20 45 00 1 9999.000
2015 09 13 21 00 00 1 9999.000
2015 09 13 21 15 00 1 4286.667
2015 09 13 21 30 00 1 4286.610
2015 09 13 21 45 00 1 4286.544
2015 09 13 22 00 00 1 4286.478
2015 09 13 22 15 00 1 4286.406
2015 09 13 22 30 00 1 4286.334
2015 09 13 22 45 00 1 4286.261
2015 09 13 23 00 00 1 4286.189
2015 09 13 23 15 00 1 4286.117
2015 09 13 23 30 00 1 4286.050
2015 09 13 23 45 00 1 4285.990
2015 09 14 00 00 00 1 4285.931
2015 09 14 00 15 00 1 4285.879
2015 09 14 00 30 00 1 4285.831
2015 09 14 00 45 00 1 4285.795
2015 09 14 01 00 00 1 4285.766
2015 09 14 01 15 00 1 4285.745
2015 09 14 01 30 00 1 4285.740
2015 09 14 01 45 00 1 4285.740
2015 09 14 02 00 00 1 4285.750
2015 09 14 02 15 00 1 4285.764
2015 09 14 02 30 00 1 4285.791
2015 09 14 02 45 00 1 4285.827
2015 09 14 03 00 00 1 4285.870
2015 09 14 03 15 00 1 4285.923
2015 09 14 03 30 00 1 4285.982
2015 09 14 03 45 00 1 4286.046
2015 09 14 04 00 00 1 4286.114
2015 09 14 04 15 00 1 4286.182
2015 09 14 04 30 00 1 4286.255
2015 09 14 04 45 00 1 4286.328
2015 09 14 05 00 00 1 4286.399
2015 09 14 05 15 00 1 4286.469
2015 09 14 05 30 00 1 4286.538
2015 09 14 05 45 00 1 4286.603
2015 09 14 06 00 00 1 4286.664
2015 09 14 06 15 00 1 4286.718
2015 09 14 06 30 00 1 4286.765
2015 09 14 06 45 00 1 4286.806
2015 09 14 07 00 00 1 4286.832
2015 09 14 07 15 00 1 4286.851
2015 09 14 07 30 00 1 4286.864
2015 09 14 07 45 00 1 4286.863
2015 09 14 08 00 00 1 4286.852
2015 09 14 08 15 00 1 4286.833
2015 09 14 08 30 00 1 4286.804
2015 09 14 08 45 00 1 4286.767
2015 09 14 09 00 00 1 4286.721
2015 09 14 09 15 00 1 4286.668
2015 09 14 09 30 00 1 4286.605
2015 09 14 09 45 00 1 4286.539
2015 09 14 10 00 00 1 4286.468
2015 09 14 10 15 00 1 9999.000
2015 09 14 10 30 00 1 9999.000
2015 09 14 10 45 00 1 9999.000
2015 09 14 11 00 00 1 9999.000
2015 09 14 11 15 00 1 4286.084
2015 09 14 11 30 00 1 4286.008
2015 09 14 11 45 00 1 4285.936
2015 09 14 12 00 00 1 4285.866
2015 09 14 12 15 00 1 4285.802
2015 09 14 12 30 00 1 4285.746
2015 09 14 12 45 00 1 4285.700
2015 09 14 13 00 00 1 4285.663
2015 09 14 13 15 00 1 9999.000
2015 09 14 13 30 00 1 9999.000
2015 09 14 13 45 00 1 9999.000
2015 09 14 14 00 00 1 9999.000
2015 09 14 14 15 00 1 4285.610
2015 09 14 14 30 00 1 4285.629
2015 09 14 14 45 00 1 4285.658
2015 09 14 15 00 00 1 4285.693
2015 09 14 15 15 00 1 4285.741
2015 09 14 15 30 00 1 4285.794
2015 09 14 15 45 00 1 4285.856
2015 09 14 16 00 00 1 4285.924
2015 09 14 16 15 00 1 4285.994
2015 09 14 16 30 00 1 4286.071
2015 09 14 16 45 00 1 4286.150
2015 09 14 17 00 00 1 4286.231
2015 09 14 17 15 00 1 4286.309
2015 09 14 17 30 00 1 4286.385
2015 09 14 17 45 00 1 4286.465
2015 09 14 18 00 00 1 4286.538
2015 09 14 18 15 00 1 4286.603
2015 09 14 18 30 00 1 4286.665
2015 09 14 18 45 00 1 4286.722
2015 09 14 19 00 00 1 4286.766
2015 09 14 19 15 00 1 4286.806
2015 09 14 19 30 00 1 4286.836
2015 09 14 19 45 00 1 4286.860
2015 09 14 20 00 00 1 4286.871
2015 09 14 20 15 00 1 4286.870
2015 09 14 20 30 00 1 4286.860
2015 09 14 20 45 00 1 4286.840
2015 09 14 21 00 00 1 4286.811
2015 09 14 21 15 00 1 4286.771
2015 09 14 21 30 00 1 4286.725
2015 09 14 21 45 00 1 4286.670
2015 09 14 22 00 00 1 4286.610
2015 09 14 22 15 00 1 4286.544
2015 09 14 22 30 00 1 4286.471
2015 09 14 22 45 00 1 4286.395
2015 09 14 23 00 00 1 4286.320
2015 09 14 23 15 00 1 4286.247
2015 09 14 23 30 00 1 4286.170
2015 09 14 23 45 00 1 4286.098
2015 09 15 00 00 00 1 4286.029
2015 09 15 00 15 00 1 4285.964
2015 09 15 00 30 00 1 4285.902
2015 09 15 00 45 00 1 4285.846
2015 09 15 01 00 00 1 4285.795
2015 09 15 01 15 00 1 4285.754
2015 09 15 01 30 00 1 4285.718
2015 09 15 01 45 00 1 4285.692
2015 09 15 02 00 00 1 4285.678
2015 09 15 02 15 00 1 4285.672
2015 09 15 02 30 00 1 4285.677
2015 09 15 02 45 00 1 4285.692
2015 09 15 03 00 00 1 4285.716
2015 09 15 03 15 00 1 4285.748
2015 09 15 03 30 00 1 4285.788
2015 09 15 03 45 00 1 4285.838
2015 09 15 04 00 00 1 4285.894
2015 09 15 04 15 00 1 4285.951
2015 09 15 04 30 00 1 4286.018
2015 09 15 04 45 00 1 4286.087
2015 09 15 05 00 00 1 4286.158
2015 09 15 05 15 00 1 4286.230
2015 09 15 05 30 00 1 4286.302
2015 09 15 05 45 00 1 4286.372
2015 09 15 06 00 00 1 4286.442
2015 09 15 06 15 00 1 4286.509
2015 09 15 06 30 00 1 4286.571
2015 09 15 06 45 00 1 4286.626
2015 09 15 07 00 00 1 4286.672
2015 09 15 07 15 00 1 4286.712
2015 09 15 07 30 00 1 4286.746
2015 09 15 07 45 00 1 4286.769
2015 09 15 08 00 00 1 4286.784
2015 09 15 08 15 00 1 4286.791
2015 09 15 08 30 00 1 4286.788
2015 09 15 08 45 00 1 4286.775
2015 09 15 09 00 00 1 4286.757
2015 09 15 09 15 00 1 4286.729
2015 09 15 09 30 00 1 4286.695
2015 09 15 09 45 00 1 4286.648
2015 09 15 10 00 00 1 4286.593
2015 09 15 10 15 00 1 4286.536
2015 09 15 10 30 00 1 4286.471
2015 09 15 10 45 00 1 4286.401
2015 09 15 11 00 00 1 4286.331
2015 09 15 11 15 00 1 4286.259
2015 09 15 11 30 00 1 4286.186
2015 09 15 11 45 00 1 4286.118
2015 09 15 12 00 00 1 4286.050
2015 09 15 12 15 00 1 4285.986
2015 09 15 12 30 00 1 4285.922
2015 09 15 12 45 00 1 4285.867
2015 09 15 13 00 00 1 4285.816
2015 09 15 13 15 00 1 4285.773
2015 09 15 13 30 00 1 4285.738
2015 09 15 13 45 00 1 4285.710
2015 09 15 14 00 00 1 4285.691
2015 09 15 14 15 00 1 4285.680
2015 09 15 14 30 00 1 4285.680
2015 09 15 14 45 00 1 4285.690
2015 09 15 15 00 00 1 4285.710
2015 09 15 15 15 00 1 4285.735
2015 09 15 15 30 00 1 4285.771
2015 09 15 15 45 00 1 4285.814
2015 09 15 16 00 00 1 4285.864
2015 09 15 16 15 00 1 4285.921
2015 09 15 16 30 00 1 4285.986
2015 09 15 16 45 00 1 4286.054
2015 09 15 17 00 00 1 4286.127
2015 09 15 17 15 00 1 4286.205
2015 09 15 17 30 00 1 4286.279
2015 09 15 17 45 00 1 4286.357
2015 09 15 18 00 00 1 4286.431
2015 09 15 18 15 00 1 4286.505
2015 09 15 18 30 00 1 4286.569
2015 09 15 18 45 00 1 4286.629
2015 09 15 19 00 00 1 4286.691
2015 09 15 19 15 00 1 4286.742
2015 09 15 19 30 00 1 4286.785
2015 09 15 19 45 00 1 4286.823
2015 09 15 20 00 00 1 4286.851
2015 09 15 20 15 00 1 4286.867
2015 09 15 20 30 00 1 4286.874
2015 09 15 20 45 00 1 4286.873
2015 09 15 21 00 00 1 4286.862
2015 09 15 21 15 00 1 4286.839
2015 09 15 21 30 00 1 4286.805
2015 09 15 21 45 00 1 4286.766
2015 09 15 22 00 00 1 4286.718
2015 09 15 22 15 00 1 4286.661
2015 09 15 22 30 00 1 4286.598
2015 09 15 22 45 00 1 4286.532
2015 09 15 23 00 00 1 4286.461
2015 09 15 23 15 00 1 4286.386
2015 09 15 23 30 00 1 4286.310
2015 09 15 23 45 00 1 4286.231
2015 09 16 00 00 00 1 4286.153
2015 09 16 00 15 00 1 4286.079
2015 09 16 00 30 00 1 4286.006
2015 09 16 00 45 00 1 4285.937
2015 09 16 01 00 00 1 4285.873
2015 09 16 01 15 00 1 4285.811
2015 09 16 01 30 00 1 4285.758
2015 09 16 01 45 00 1 4285.713
2015 09 16 02 00 00 1 4285.677
2015 09 16 02 15 00 1 4285.649
2015 09 16 02 30 00 1 4285.630
2015 09 16 02 45 00 1 4285.622
2015 09 16 03 00 00 1 4285.624
2015 09 16 03 15 00 1 4285.636
2015 09 16 03 30 00 1 4285.658
2015 09 16 03 45 00 1 4285.687
2015 09 16 04 00 00 1 4285.725
2015 09 16 04 15 00 1 4285.768
2015 09 16 04 30 00 1 4285.819
2015 09 16 04 45 00 1 4285.872
2015 09 16 05 00 00 1 4285.931
2015 09 16 05 15 00 1 4285.995
2015 09 16 05 30 00 1 4286.059
2015 09 16 05 45 00 1 4286.125
2015 09 16 06 00 00 1 4286.192
2015 09 16 06 15 00 1 4286.259
2015 09 16 06 30 00 1 4286.326
2015 09 16 06 45 00 1 4286.393
2015 09 16 07 00 00 1 4286.455
2015 09 16 07 15 00 1 4286.511
2015 09 16 07 30 00 1 4286.562
2015 09 16 07 45 00 1 4286.607
2015 09 16 08 00 00 1 4286.644
2015 09 16 08 15 00 1 4286.670
2015 09 16 08 30 00 1 4286.690
2015 09 16 08 45 00 1 4286.702
2015 09 16 09 00 00 1 4286.707
2015 09 16 09 15 00 1 4286.702
2015 09 16 09 30 00 1 4286.691
2015 09 16 09 45 00 1 4286.670
2015 09 16 10 00 00 1 4286.641
2015 09 16 10 15 00 1 4286.605
2015 09 16 10 30 00 1 4286.565
2015 09 16 10 45 00 1 4286.516
2015 09 16 11 00 00 1 4286.464
2015 09 16 11 15 00 1 4286.407
2015 09 16 11 30 00 1 4286.345
2015 09 16 11 45 00 1 4286.284
2015 09 16 12 00 00 1 4286.221
2015 09 16 12 15 00 1 4286.155
2015 09 16 12 30 00 1 4286.094
2015 09 16 12 45 00 1 4286.038
2015 09 16 13 00 00 1 4285.983
2015 09 16 13 15 00 1 4285.936
2015 09 16 13 30 00 1 4285.891
2015 09 16 13 45 00 1 4285.854
2015 09 16 14 00 00 1 4285.823
2015 09 16 14 15 00 1 4285.797
2015 09 16 14 30 00 1 4285.781
2015 09 16 14 45 00 1 4285.772
2015 09 16 15 00 00 1 4285.769
2015 09 16 15 15 00 1 4285.776
2015 09 16 15 30 00 1 4285.792
2015 09 16 15 45 00 1 4285.818
2015 09 16 16 00 00 1 4285.852
2015 09 16 16 15 00 1 4285.894
2015 09 16 16 30 00 1 4285.943
2015 09 16 16 45 00 1 4285.997
2015 09 16 17 00 00 1 4286.060
2015 09 16 17 15 00 1 4286.128
2015 09 16 17 30 00 1 4286.198
2015 09 16 17 45 00 1 4286.268
2015 09 16 18 00 00 1 4286.342
2015 09 16 18 15 00 1 4286.414
2015 09 16 18 30 00 1 4286.486
2015 09 16 18 45 00 1 4286.552
2015 09 16 19 00 00 1 4286.617
2015 09 16 19 15 00 1 4286.675
2015 09 16 19 30 00 1 4286.729
2015 09 16 19 45 00 1 4286.773
2015 09 16 20 00 00 1 4286.811
2015 09 16 20 15 00 1 4286.844
2015 09 16 20 30 00 1 4286.866
2015 09 16 20 45 00 1 4286.879
2015 09 16 21 00 00 1 4286.884
2015 09 16 21 15 00 1 4286.881
2015 09 16 21 30 00 1 4286.865
2015 09 16 21 45 00 1 4286.842
2015 09 16 22 00 00 1 4286.810
2015 09 16 22 15 00 1 4286.770
2015 09 16 22 30 00 1 4286.721
2015 09 16 22 45 00 1 4286.667
2015 09 16 23 00 00 1 4286.606
2015 09 16 23 15 00 1 4286.539
2015 09 16 23 30 00 1 4286.466
2015 09 16 23 45 00 1 4286.394
2015 09 17 00 00 00 1 4286.317
2015 09 17 00 15 00 1 4286.243
2015 09 17 00 30 00 1 4286.168
2015 09 17 00 45 00 1 4286.088
2015 09 17 01 00 00 1 4286.015
2015 09 17 01 15 00 1 4285.945
2015 09 17 01 30 00 1 4285.878
2015 09 17 01 45 00 1 4285.818
2015 09 17 02 00 00 1 4285.763
2015 09 17 02 15 00 1 4285.713
2015 09 17 02 30 00 1 4285.671
2015 09 17 02 45 00 1 4285.641
2015 09 17 03 00 00 1 4285.617
2015 09 17 03 15 00 1 4285.602
2015 09 17 03 30 00 1 4285.596
2015 09 17 03 45 00 1 4285.601
2015 09 17 04 00 00 1 4285.610
2015 09 17 04 15 00 1 4285.632
2015 09 17 04 30 00 1 4285.660
2015 09 17 04 45 00 1 4285.696
2015 09 17 05 00 00 1 4285.738
2015 09 17 05 15 00 1 4285.786
2015 09 17 05 30 00 1 4285.840
2015 09 17 05 45 00 1 4285.900
2015 09 17 06 00 00 1 4285.962
2015 09 17 06 15 00 1 4286.027
2015 09 17 06 30 00 1 4286.096
2015 09 17 06 45 00 1 4286.164
2015 09 17 07 00 00 1 4286.232
2015 09 17 07 15 00 1 4286.295
2015 09 17 07 30 00 1 4286.355
2015 09 17 07 45 00 1 4286.411
2015 09 17 08 00 00 1 4286.461
2015 09 17 08 15 00 1 4286.506
2015 09 17 08 30 00 1 4286.544
2015 09 17 08 45 00 1 4286.574
2015 09 17 09 00 00 1 4286.600
2015 09 17 09 15 00 1 4286.622
2015 09 17 09 30 00 1 4286.632
2015 09 17 09 45 00 1 4286.639
2015 09 17 10 00 00 1 4286.637
2015 09 17 10 00 00 2 4286.637
2015 09 17 10 01 00 2 4286.636
2015 09 17 10 02 00 2 4286.636
2015 09 17 10 03 00 2 4286.635
2015 09 17 10 04 00 2 4286.634
2015 09 17 10 05 00 2 4286.634
2015 09 17 10 06 00 2 4286.633
2015 09 17 10 07 00 2 4286.632
2015 09 17 10 08 00 2 4286.631
2015 09 17 10 09 00 2 4286.630
2015 09 17 10 10 00 2 4286.629
2015 09 17 10 11 00 2 4286.629
2015 09 17 10 12 00 2 4286.628
2015 09 17 10 13 00 2 4286.627
2015 09 17 10 14 00 2 4286.626
2015 09 17 10 15 00 1 4286.625
2015 09 17 10 15 00 2 4286.625
2015 09 17 10 16 00 2 4286.624
2015 09 17 10 17 00 2 4286.623
2015 09 17 10 18 00 2 4286.622
2015 09 17 10 19 00 2 4286.620
2015 09 17 10 20 00 2 4286.619
2015 09 17 10 21 00 2 4286.617
2015 09 17 10 22 00 2 4286.616
2015 09 17 10 23 00 2 4286.615
2015 09 17 10 24 00 2 4286.613
2015 09 17 10 25 00 2 4286.613
2015 09 17 10 26 00 2 4286.612
2015 09 17 10 27 00 2 4286.610
2015 09 17 10 28 00 2 4286.609
2015 09 17 10 29 00 2 4286.607
2015 09 17 10 30 00 1 4286.607
2015 09 17 10 30 00 2 4286.606
2015 09 17 10 31 00 2 4286.604
2015 09 17 10 32 00 2 4286.603
2015 09 17 10 33 00 2 4286.601
2015 09 17 10 34 00 2 4286.600
2015 09 17 10 35 00 2 4286.598
2015 09 17 10 36 00 2 4286.596
2015 09 17 10 37 00 2 4286.594
2015 09 17 10 38 00 2 4286.593
2015 09 17 10 39 00 2 4286.591
2015 09 17 10 40 00 2 4286.590
2015 09 17 10 41 00 2 4286.587
2015 09 17 10 42 00 2 4286.585
2015 09 17 10 43 00 2 4286.583
2015 09 17 10 44 00 2 4286.582
2015 09 17 10 45 00 1 4286.581
2015 09 17 10 45 00 2 4286.580
2015 09 17 10 46 00 2 4286.577
2015 09 17 10 47 00 2 4286.575
2015 09 17 10 48 00 2 4286.573
2015 09 17 10 49 00 2 4286.571
2015 09 17 10 50 00 2 4286.568
2015 09 17 10 51 00 2 4286.565
2015 09 17 10 52 00 2 4286.563
2015 09 17 10 53 00 2 4286.561
2015 09 17 10 54 00 2 4286.558
2015 09 17 10 55 00 2 4286.557
2015 09 17 10 56 00 2 4286.554
2015 09 17 10 57 00 2 4286.551
2015 09 17 10 58 00 2 4286.550
2015 09 17 10 59 00 2 4286.547
2015 09 17 11 00 00 1 4286.545
2015 09 17 11 00 00 2 4286.544
2015 09 17 11 01 00 2 4286.542
2015 09 17 11 02 00 2 4286.540
2015 09 17 11 03 00 2 4286.537
2015 09 17 11 04 00 2 4286.534
2015 09 17 11 05 00 2 4286.531
2015 09 17 11 06 00 2 4286.528
2015 09 17 11 07 00 2 4286.526
2015 09 17 11 08 00 2 4286.524
2015 09 17 11 09 00 2 4286.520
2015 09 17 11 10 00 2 4286.518
2015 09 17 11 11 00 2 4286.515
2015 09 17 11 12 00 2 4286.513
2015 09 17 11 13 00 2 4286.511
2015 09 17 11 14 00 2 4286.508
2015 09 17 11 15 00 1 9999.000
2015 09 17 11 15 00 2 4286.506
2015 09 17 11 16 00 2 4286.503
2015 09 17 11 17 00 2 4286.501
2015 09 17 11 18 00 2 4286.498
2015 09 17 11 19 00 2 4286.494
2015 09 17 11 20 00 2 4286.490
2015 09 17 11 21 00 2 4286.488
2015 09 17 11 22 00 2 4286.485
2015 09 17 11 23 00 2 4286.482
2015 09 17 11 24 00 2 4286.482
2015 09 17 11 25 00 2 4286.479
2015 09 17 11 26 00 2 4286.476
2015 09 17 11 27 00 2 4286.472
2015 09 17 11 28 00 2 4286.470
2015 09 17 11 29 00 2 4286.467
2015 09 17 11 30 00 1 9999.000
2015 09 17 11 30 00 2 4286.463
2015 09 17 11 31 00 2 4286.460
2015 09 17 11 31 45 3 4286.456
2015 09 17 11 32 00 2 4286.457
2015 09 17 11 32 00 3 4286.456
2015 09 17 11 32 15 3 4286.456
2015 09 17 11 32 30 3 4286.455
2015 09 17 11 32 45 3 4286.455
2015 09 17 11 33 00 2 4286.455
2015 09 17 11 33 00 3 4286.453
2015 09 17 11 33 15 3 4286.453
2015 09 17 11 33 30 3 4286.452
2015 09 17 11 33 45 3 4286.451
2015 09 17 11 34 00 2 4286.452
2015 09 17 11 34 00 3 4286.450
2015 09 17 11 34 15 3 4286.449
2015 09 17 11 34 30 3 4286.449
2015 09 17 11 34 45 3 4286.448
2015 09 17 11 35 00 2 4286.448
2015 09 17 11 35 00 3 4286.447
2015 09 17 11 35 15 3 4286.446
2015 09 17 11 35 30 3 4286.446
2015 09 17 11 35 45 3 4286.445
2015 09 17 11 36 00 2 4286.445
2015 09 17 11 37 00 2 4286.443
2015 09 17 11 38 00 2 4286.440
2015 09 17 11 39 00 2 4286.436
2015 09 17 11 40 00 2 4286.433
2015 09 17 11 41 00 2 4286.429
2015 09 17 11 42 00 2 4286.427
2015 09 17 11 43 00 2 4286.423
2015 09 17 11 44 00 2 4286.420
2015 09 17 11 45 00 1 9999.000
2015 09 17 11 45 00 2 4286.416
2015 09 17 11 46 00 2 4286.413
2015 09 17 11 47 00 2 4286.410
2015 09 17 11 48 00 2 4286.406
2015 09 17 11 49 00 2 4286.403
2015 09 17 11 50 00 2 4286.400
2015 09 17 11 51 00 2 4286.397
2015 09 17 11 52 00 2 4286.393
2015 09 17 11 53 00 2 4286.390
2015 09 17 11 54 00 2 4286.386
2015 09 17 11 55 00 2 4286.383
2015 09 17 11 56 00 2 4286.379
2015 09 17 11 57 00 2 4286.376
2015 09 17 11 58 00 2 4286.372
2015 09 17 11 59 00 2 4286.370
2015 09 17 12 00 00 1 9999.000
2015 09 17 12 00 00 2 4286.367
2015 09 17 12 01 00 2 4286.363
2015 09 17 12 02 00 2 4286.359
2015 09 17 12 03 00 2 4286.356
2015 09 17 12 04 00 2 4286.353
2015 09 17 12 05 00 2 4286.350
2015 09 17 12 06 00 2 4286.346
2015 09 17 12 07 00 2 4286.342
2015 09 17 12 08 00 2 4286.339
2015 09 17 12 09 00 2 4286.336
2015 09 17 12 10 00 2 4286.332
2015 09 17 12 11 00 2 4286.328
2015 09 17 12 12 00 2 4286.325
2015 09 17 12 13 00 2 4286.321
2015 09 17 12 14 00 2 4286.318
2015 09 17 12 15 00 1 9999.000
2015 09 17 12 15 00 2 4286.313
2015 09 17 12 16 00 2 4286.310
2015 09 17 12 17 00 2 4286.307
2015 09 17 12 18 00 2 4286.303
2015 09 17 12 19 00 2 4286.300
2015 09 17 12 20 00 2 4286.297
2015 09 17 12 21 00 2 4286.293
2015 09 17 12 22 00 2 4286.290
2015 09 17 12 23 00 2 4286.286
2015 09 17 12 24 00 2 4286.283
2015 09 17 12 25 00 2 4286.279
2015 09 17 12 26 00 2 4286.276
2015 09 17 12 27 00 2 4286.271
2015 09 17 12 28 00 2 4286.268
2015 09 17 12 29 00 2 4286.264
2015 09 17 12 30 00 1 9999.000
2015 09 17 12 30 00 2 4286.261
2015 09 17 12 31 00 2 4286.257
2015 09 17 12 32 00 2 4286.253
2015 09 17 12 33 00 2 4286.249
2015 09 17 12 34 00 2 4286.246
2015 09 17 12 35 00 2 4286.242
2015 09 17 12 36 00 2 4286.238
2015 09 17 12 37 00 2 4286.234
2015 09 17 12 38 00 2 4286.230
2015 09 17 12 39 00 2 4286.226
2015 09 17 12 40 00 2 4286.223
2015 09 17 12 41 00 2 4286.218
2015 09 17 12 42 00 2 4286.216
2015 09 17 12 43 00 2 4286.212
2015 09 17 12 44 00 2 4286.209
2015 09 17 12 45 00 1 9999.000
2015 09 17 12 45 00 2 4286.207
2015 09 17 12 46 00 2 4286.204
2015 09 17 12 47 00 2 4286.201
2015 09 17 12 48 00 2 4286.200
2015 09 17 12 49 00 2 4286.198
2015 09 17 12 50 00 2 4286.196
2015 09 17 12 51 00 2 4286.196
2015 09 17 12 52 00 2 4286.195
2015 09 17 12 53 00 2 4286.194
2015 09 17 12 54 00 2 4286.192
2015 09 17 12 55 00 2 4286.190
2015 09 17 12 56 00 2 4286.186
2015 09 17 12 57 00 2 4286.182
2015 09 17 12 58 00 2 4286.176
2015 09 17 12 59 00 2 4286.169
2015 09 17 13 00 00 1 9999.000
2015 09 17 13 00 00 2 4286.161
2015 09 17 13 01 00 2 4286.154
2015 09 17 13 02 00 2 4286.147
2015 09 17 13 03 00 2 4286.141
2015 09 17 13 04 00 2 4286.138
2015 09 17 13 05 00 2 4286.135
2015 09 17 13 06 00 2 4286.133
2015 09 17 13 07 00 2 4286.133
2015 09 17 13 08 00 2 4286.133
2015 09 17 13 09 00 2 4286.132
2015 09 17 13 10 00 2 4286.130
2015 09 17 13 11 00 2 4286.127
2015 09 17 13 12 00 2 4286.124
2015 09 17 13 13 00 2 4286.119
2015 09 17 13 14 00 2 4286.114
2015 09 17 13 15 00 1 9999.000
2015 09 17 13 15 00 2 4286.108
2015 09 17 13 16 00 2 4286.103
2015 09 17 13 17 00 2 4286.098
2015 09 17 13 18 00 2 4286.095
2015 09 17 13 19 00 2 4286.092
2015 09 17 13 20 00 2 4286.090
2015 09 17 13 21 00 2 4286.091
2015 09 17 13 22 00 2 4286.090
2015 09 17 13 23 00 2 4286.089
2015 09 17 13 24 00 2 4286.086
2015 09 17 13 25 00 2 4286.081
2015 09 17 13 26 00 2 4286.076
2015 09 17 13 27 00 2 4286.072
2015 09 17 13 28 00 2 4286.067
2015 09 17 13 29 00 2 4286.065
2015 09 17 13 30 00 1 9999.000
2015 09 17 13 30 00 2 4286.064
2015 09 17 13 31 00 2 4286.063
2015 09 17 13 32 00 2 4286.061
2015 09 17 13 33 00 2 4286.057
2015 09 17 13 34 00 2 4286.053
2015 09 17 13 35 00 2 4286.048
2015 09 17 13 36 00 2 4286.045
2015 09 17 13 37 00 2 4286.041
2015 09 17 13 38 00 2 4286.038
2015 09 17 13 39 00 2 4286.034
2015 09 17 13 40 00 2 4286.031
2015 09 17 13 41 00 2 4286.030
2015 09 17 13 42 00 2 4286.028
2015 09 17 13 43 00 2 4286.026
2015 09 17 13 44 00 2 4286.024
2015 09 17 13 45 00 1 9999.000
2015 09 17 13 45 00 2 4286.021
2015 09 17 13 46 00 2 4286.019
2015 09 17 13 47 00 2 4286.018
2015 09 17 13 48 00 2 4286.018
2015 09 17 13 49 00 2 4286.017
2015 09 17 13 50 00 2 4286.011
2015 09 17 13 51 00 2 4286.004
2015 09 17 13 52 00 2 4285.997
2015 09 17 13 53 00 2 4285.992
2015 09 17 13 54 00 2 4285.990
2015 09 17 13 55 00 2 4285.988
2015 09 17 13 56 00 2 4285.985
2015 09 17 13 57 00 2 4285.982
2015 09 17 13 58 00 2 4285.982
2015 09 17 13 59 00 2 4285.984
2015 09 17 14 00 00 1 9999.000
2015 09 17 14 00 00 2 4285.987
2015 09 17 14 01 00 2 4285.989
2015 09 17 14 02 00 2 4285.986
2015 09 17 14 03 00 2 4285.979
2015 09 17 14 04 00 2 4285.974
2015 09 17 14 05 00 2 4285.969
2015 09 17 14 06 00 2 4285.966
2015 09 17 14 07 00 2 4285.962
2015 09 17 14 08 00 2 4285.956
2015 09 17 14 09 00 2 4285.951
2015 09 17 14 10 00 2 4285.947
2015 09 17 14 11 00 2 4285.947
2015 09 17 14 12 00 2 4285.947
2015 09 17 14 13 00 2 4285.947
2015 09 17 14 14 00 2 4285.946
2015 09 17 14 15 00 1 4285.945
2015 09 17 14 15 00 2 4285.945
2015 09 17 14 16 00 2 4285.945
2015 09 17 14 17 00 2 4285.945
2015 09 17 14 18 00 2 4285.946
2015 09 17 14 19 00 2 4285.947
2015 09 17 14 20 00 2 4285.945
2015 09 17 14 21 00 2 4285.941
2015 09 17 14 22 00 2 4285.936
2015 09 17 14 23 00 2 4285.932
2015 09 17 14 24 00 2 4285.929
2015 09 17 14 25 00 2 4285.927
2015 09 17 14 26 00 2 4285.923
2015 09 17 14 27 00 2 4285.918
2015 09 17 14 28 00 2 4285.914
2015 09 17 14 29 00 2 4285.911
2015 09 17 14 30 00 1 4285.913
2015 09 17 14 30 00 2 4285.912
2015 09 17 14 31 00 2 4285.915
2015 09 17 14 32 00 2 4285.919
2015 09 17 14 33 00 2 4285.916
2015 09 17 14 34 00 2 4285.911
2015 09 17 14 35 00 2 4285.905
2015 09 17 14 45 00 1 4285.884
2015 09 17 15 00 00 1 4285.876
2015 09 17 15 15 00 1 4285.868
2015 09 17 15 30 00 1 4285.864
2015 09 17 15 45 00 1 4285.885
2015 09 17 16 00 00 1 4285.897
2015 09 17 16 15 00 1 4285.920
2015 09 17 16 30 00 1 4285.959
2015 09 17 16 45 00 1 4285.994
2015 09 17 17 00 00 1 4286.039
2015 09 17 17 15 00 1 4286.092
2015 09 17 17 30 00 1 4286.139
2015 09 17 17 45 00 1 4286.204
2015 09 17 18 00 00 1 4286.258
2015 09 17 18 15 00 1 4286.320
2015 09 17 18 30 00 1 4286.382
2015 09 17 18 45 00 1 4286.448
2015 09 17 19 00 00 1 4286.516
2015 09 17 19 15 00 1 4286.571
2015 09 17 19 30 00 1 4286.631
2015 09 17 19 45 00 1 4286.687
2015 09 17 20 00 00 1 4286.726
2015 09 17 20 15 00 1 4286.781
2015 09 17 20 30 00 1 4286.815
2015 09 17 20 45 00 1 4286.845
2015 09 17 21 00 00 1 4286.869
2015 09 17 21 15 00 1 4286.883
2015 09 17 21 30 00 1 4286.879
2015 09 17 21 45 00 1 4286.878
2015 09 17 22 00 00 1 4286.875
2015 09 17 22 15 00 1 4286.850
2015 09 17 22 30 00 1 4286.820
2015 09 17 22 45 00 1 4286.779
2015 09 17 23 00 00 1 4286.749
2015 09 17 23 15 00 1 4286.695
2015 09 17 23 30 00 1 4286.638
2015 09 17 23 45 00 1 4286.569
2015 09 18 00 00 00 1 4286.510
2015 09 18 00 15 00 1 4286.430
2015 09 18 00 30 00 1 4286.355
2015 09 18 00 45 00 1 4286.282
2015 09 18 01 00 00 1 4286.204
2015 09 18 01 15 00 1 4286.122
2015 09 18 01 30 00 1 4286.043
2015 09 18 01 45 00 1 4285.981
2015 09 18 02 00 00 1 4285.908
2015 09 18 02 15 00 1 4285.848
2015 09 18 02 30 00 1 4285.797
2015 09 18 02 45 00 1 4285.739
2015 09 18 03 00 00 1 4285.692
2015 09 18 03 15 00 1 4285.658
2015 09 18 03 30 00 1 4285.625
2015 09 18 03 45 00 1 4285.608
2015 09 18 04 00 00 1 4285.595
2015 09 18 04 15 00 1 4285.586
2015 09 18 04 30 00 1 4285.594
2015 09 18 04 45 00 1 4285.602
2015 09 18 05 00 00 1 4285.623
2015 09 18 05 15 00 1 4285.647
2015 09 18 05 30 00 1 4285.688
2015 09 18 05 45 00 1 4285.723
2015 09 18 06 00 00 1 4285.770
2015 09 18 06 15 00 1 4285.817
2015 09 18 06 30 00 1 4285.876
2015 09 18 06 45 00 1 4285.933
2015 09 18 07 00 00 1 4285.997
2015 09 18 07 15 00 1 4286.056
2015 09 18 07 30 00 1 4286.117
2015 09 18 07 45 00 1 4286.174
2015 09 18 08 00 00 1 4286.234
2015 09 18 08 15 00 1 4286.298
2015 09 18 08 30 00 1 4286.342
2015 09 18 08 45 00 1 4286.392
2015 09 18 09 00 00 1 4286.432
2015 09 18 09 15 00 1 4286.474
2015 09 18 09 30 00 1 4286.502
2015 09 18 09 45 00 1 4286.530
2015 09 18 10 00 00 1 4286.545
2015 09 18 10 15 00 1 4286.558
2015 09 18 10 30 00 1 4286.559
2015 09 18 10 45 00 1 4286.565
2015 09 18 11 00 00 1 4286.559
2015 09 18 11 15 00 1 4286.543
2015 09 18 11 30 00 1 4286.516
2015 09 18 11 45 00 1 4286.496
2015 09 18 12 00 00 1 4286.462
2015 09 18 12 15 00 1 4286.429
2015 09 18 12 30 00 1 4286.388
2015 09 18 12 45 00 1 4286.350
2015 09 18 13 00 00 1 4286.307
2015 09 18 13 15 00 1 4286.262
2015 09 18 13 30 00 1 4286.223
2015 09 18 13 45 00 1 4286.182
2015 09 18 14 00 00 1 4286.134
2015 09 18 14 15 00 1 4286.100
2015 09 18 14 30 00 1 4286.067
2015 09 18 14 45 00 1 4286.036
2015 09 18 15 00 00 1 4286.008
2015 09 18 15 15 00 1 4285.987
2015 09 18 15 30 00 1 4285.977
2015 09 18 15 45 00 1 4285.972
2015 09 18 16 00 00 1 4285.969
2015 09 18 16 15 00 1 4285.974
2015 09 18 16 30 00 1 4285.983
2015 09 18 16 45 00 1 4285.998
2015 09 18 17 00 00 1 4286.030
2015 09 18 17 15 00 1 4286.061
2015 09 18 17 30 00 1 4286.095
2015 09 18 17 45 00 1 4286.133
2015 09 18 18 00 00 1 4286.178
2015 09 18 18 15 00 1 4286.232
2015 09 18 18 30 00 1 4286.286
2015 09 18 18 45 00 1 4286.343
2015 09 18 19 00 00 1 4286.395
2015 09 18 19 15 00 1 4286.449
2015 09 18 19 30 00 1 4286.511
2015 09 18 19 45 00 1 4286.571
2015 09 18 20 00 00 1 4286.620
2015 09 18 20 15 00 1 4286.672
2015 09 18 20 30 00 1 4286.719
2015 09 18 20 45 00 1 4286.759
2015 09 18 21 00 00 1 4286.795
2015 09 18 21 15 00 1 4286.823
2015 09 18 21 30 00 1 4286.849
2015 09 18 21 45 00 1 4286.858
2015 09 18 22 00 00 1 4286.865
2015 09 18 22 15 00 1 4286.865
2015 09 18 22 30 00 1 4286.855
2015 09 18 22 45 00 1 4286.835
2015 09 18 23 00 00 1 4286.810
2015 09 18 23 15 00 1 4286.778
2015 09 18 23 30 00 1 4286.738
2015 09 18 23 45 00 1 4286.690
2015 09 19 00 00 00 1 4286.643
2015 09 19 00 15 00 1 4286.582
2015 09 19 00 30 00 1 4286.519
2015 09 19 00 45 00 1 4286.454
2015 09 19 01 00 00 1 4286.381
2015 09 19 01 15 00 1 4286.305
2015 09 19 01 30 00 1 4286.232
2015 09 19 01 45 00 1 4286.157
2015 09 19 02 00 00 1 4286.089
2015 09 19 02 15 00 1 4286.022
2015 09 19 02 30 00 1 4285.952
2015 09 19 02 45 00 1 4285.884
2015 09 19 03 00 00 1 4285.826
2015 09 19 03 15 00 1 4285.771
2015 09 19 03 30 00 1 4285.722
2015 09 19 03 45 00 1 4285.687
2015 09 19 04 00 00 1 4285.650
2015 09 19 04 15 00 1 4285.620
2015 09 19 04 30 00 1 4285.599
2015 09 19 04 45 00 1 4285.591
2015 09 19 05 00 00 1 4285.580
2015 09 19 05 15 00 1 4285.586
2015 09 19 05 30 00 1 4285.583
2015 09 19 05 45 00 1 4285.600
2015 09 19 06 00 00 1 4285.624
2015 09 19 06 15 00 1 4285.654
2015 09 19 06 30 00 1 4285.691
2015 09 19 06 45 00 1 4285.736
2015 09 19 07 00 00 1 4285.783
2015 09 19 07 15 00 1 4285.830
2015 09 19 07 30 00 1 4285.888
2015 09 19 07 45 00 1 4285.942
2015 09 19 08 00 00 1 4285.998
2015 09 19 08 15 00 1 4286.053
2015 09 19 08 30 00 1 4286.114
2015 09 19 08 45 00 1 4286.170
2015 09 19 09 00 00 1 4286.227
2015 09 19 09 15 00 1 4286.277
2015 09 19 09 30 00 1 4286.323
2015 09 19 09 45 00 1 4286.365
2015 09 19 10 00 00 1 4286.400
2015 09 19 10 15 00 1 4286.433
2015 09 19 10 30 00 1 4286.461
2015 09 19 10 45 00 1 4286.478
2015 09 19 11 00 00 1 4286.491
2015 09 19 11 15 00 1 4286.502
2015 09 19 11 30 00 1 4286.504
2015 09 19 11 45 00 1 4286.499
2015 09 19 12 00 00 1 4286.495
2015 09 19 12 15 00 1 4286.478
2015 09 19 12 30 00 1 4286.463
2015 09 19 12 45 00 1 4286.442
2015 09 19 13 00 00 1 4286.417
2015 09 19 13 15 00 1 4286.386
2015 09 19 13 30 00 1 4286.357
2015 09 19 13 45 00 1 4286.321
2015 09 19 14 00 00 1 4286.287
2015 09 19 14 15 00 1 4286.256
2015 09 19 14 30 00 1 4286.221
2015 09 19 14 45 00 1 4286.185
2015 09 19 15 00 00 1 4286.161
2015 09 19 15 15 00 1 4286.133
2015 09 19 15 30 00 1 4286.115
2015 09 19 15 45 00 1 4286.095
2015 09 19 16 00 00 1 4286.086
2015 09 19 16 15 00 1 4286.072
2015 09 19 16 30 00 1 4286.073
2015 09 19 16 45 00 1 4286.072
2015 09 19 17 00 00 1 4286.081
2015 09 19 17 15 00 1 4286.094
2015 09 19 17 30 00 1 4286.113
2015 09 19 17 45 00 1 4286.135
2015 09 19 18 00 00 1 4286.161
2015 09 19 18 15 00 1 4286.192
2015 09 19 18 30 00 1 4286.231
2015 09 19 18 45 00 1 4286.272
2015 09 19 19 00 00 1 4286.311
2015 09 19 19 15 00 1 4286.362
2015 09 19 19 30 00 1 4286.409
2015 09 19 19 45 00 1 4286.459
2015 09 19 20 00 00 1 4286.511
2015 09 19 20 15 00 1 4286.564
2015 09 19 20 30 00 1 4286.610
2015 09 19 20 45 00 1 4286.654
2015 09 19 21 00 00 1 4286.695
2015 09 19 21 15 00 1 4286.734
2015 09 19 21 30 00 1 4286.768
2015 09 19 21 45 00 1 4286.794
2015 09 19 22 00 00 1 4286.821
2015 09 19 22 15 00 1 4286.835
2015 09 19 22 30 00 1 4286.846
2015 09 19 22 45 00 1 4286.851
2015 09 19 23 00 00 1 4286.848
2015 09 19 23 15 00 1 4286.839
2015 09 19 23 30 00 1 4286.822
2015 09 19 23 45 00 1 4286.802
2015 09 20 00 00 00 1 4286.769
2015 09 20 00 15 00 1 4286.733
2015 09 20 00 30 00 1 4286.686
2015 09 20 00 45 00 1 4286.638
2015 09 20 01 00 00 1 4286.580
2015 09 20 01 15 00 1 4286.520
2015 09 20 01 30 00 1 4286.456
2015 09 20 01 45 00 1 4286.392
2015 09 20 02 00 00 1 4286.322
2015 09 20 02 15 00 1 4286.251
2015 09 20 02 30 00 1 4286.180
2015 09 20 02 45 00 1 4286.111
2015 09 20 03 00 00 1 4286.041
2015 09 20 03 15 00 1 4285.971
2015 09 20 03 30 00 1 4285.910
2015 09 20 03 45 00 1 4285.850
2015 09 20 04 00 00 1 4285.797
2015 09 20 04 15 00 1 4285.747
2015 09 20 04 30 00 1 4285.706
2015 09 20 04 45 00 1 4285.669
2015 09 20 05 00 00 1 4285.636
2015 09 20 05 15 00 1 4285.613
2015 09 20 05 30 00 1 4285.594
2015 09 20 05 45 00 1 4285.584
2015 09 20 06 00 00 1 4285.580
2015 09 20 06 15 00 1 4285.584
2015 09 20 06 30 00 1 4285.595
2015 09 20 06 45 00 1 4285.612
2015 09 20 07 00 00 1 4285.636
2015 09 20 07 15 00 1 4285.667
2015 09 20 07 30 00 1 4285.706
2015 09 20 07 45 00 1 4285.746
2015 09 20 08 00 00 1 4285.792
2015 09 20 08 15 00 1 4285.840
2015 09 20 08 30 00 1 4285.892
2015 09 20 08 45 00 1 4285.945
2015 09 20 09 00 00 1 4285.998
2015 09 20 09 15 00 1 4286.053
2015 09 20 09 30 00 1 4286.108
2015 09 20 09 45 00 1 4286.159
2015 09 20 10 00 00 1 4286.217
2015 09 20 10 15 00 1 4286.262
2015 09 20 10 30 00 1 4286.306
2015 09 20 10 45 00 1 4286.345
2015 09 20 11 00 00 1 4286.378
2015 09 20 11 15 00 1 4286.409
2015 09 20 11 30 00 1 4286.433
2015 09 20 11 45 00 1 4286.451
2015 09 20 12 00 00 1 4286.467
2015 09 20 12 15 00 1 4286.479
2015 09 20 12 30 00 1 4286.485
2015 09 20 12 45 00 1 4286.485
2015 09 20 13 00 00 1 4286.479
2015 09 20 13 15 00 1 4286.466
2015 09 20 13 30 00 1 4286.453
2015 09 20 13 45 00 1 4286.436
2015 09 20 14 00 00 1 4286.417
2015 09 20 14 15 00 1 9999.000
2015 09 20 14 30 00 1 9999.000
2015 09 20 14 45 00 1 9999.000
2015 09 20 15 00 00 1 9999.000
2015 09 20 15 15 00 1 4286.290
2015 09 20 15 30 00 1 4286.265
2015 09 20 15 45 00 1 4286.238
2015 09 20 16 00 00 1 4286.217
2015 09 20 16 15 00 1 4286.200
2015 09 20 16 30 00 1 4286.182
2015 09 20 16 45 00 1 4286.166
2015 09 20 17 00 00 1 4286.160
2015 09 20 17 15 00 1 4286.154
2015 09 20 17 30 00 1 4286.154
2015 09 20 17 45 00 1 4286.157
2015 09 20 18 00 00 1 4286.165
2015 09 20 18 15 00 1 4286.180
2015 09 20 18 30 00 1 4286.198
2015 09 20 18 45 00 1 4286.223
2015 09 20 19 00 00 1 4286.250
2015 09 20 19 15 00 1 4286.282
2015 09 20 19 30 00 1 4286.313
2015 09 20 19 45 00 1 4286.352
2015 09 20 20 00 00 1 4286.393
2015 09 20 20 15 00 1 4286.435
2015 09 20 20 30 00 1 4286.478
2015 09 20 20 45 00 1 4286.518
2015 09 20 21 00 00 1 4286.559
2015 09 20 21 15 00 1 4286.602
2015 09 20 21 30 00 1 4286.644
2015 09 20 21 45 00 1 4286.685
2015 09 20 22 00 00 1 4286.721
2015 09 20 22 15 00 1 4286.753
2015 09 20 22 30 00 1 4286.782
2015 09 20 22 45 00 1 4286.805
2015 09 20 23 00 00 1 4286.818
2015 09 20 23 15 00 1 4286.829
2015 09 20 23 30 00 1 4286.837
2015 09 20 23 45 00 1 4286.836
2015 09 21 00 00 00 1 4286.830
2015 09 21 00 15 00 1 4286.815
2015 09 21 00 30 00 1 4286.790
2015 09 21 00 45 00 1 4286.763
2015 09 21 01 00 00 1 4286.729
2015 09 21 01 15 00 1 4286.688
2015 09 21 01 30 00 1 4286.641
2015 09 21 01 45 00 1 4286.592
2015 09 21 02 00 00 1 4286.537
2015 09 21 02 15 00 1 4286.478
2015 09 21 02 30 00 1 4286.415
2015 09 21 02 45 00 1 4286.347
2015 09 21 03 00 00 1 4286.281
2015 09 21 03 15 00 1 4286.212
2015 09 21 03 30 00 1 4286.145
2015 09 21 03 45 00 1 4286.076
2015 09 21 04 00 00 1 4286.009
2015 09 21 04 15 00 1 4285.946
2015 09 21 04 30 00 1 4285.883
2015 09 21 04 45 00 1 4285.826
2015 09 21 05 00 00 1 4285.775
2015 09 21 05 15 00 1 4285.723
2015 09 21 05 30 00 1 4285.678
2015 09 21 05 45 00 1 4285.639
2015 09 21 06 00 00 1 4285.610
2015 09 21 06 15 00 1 4285.586
2015 09 21 06 30 00 1 4285.567
2015 09 21 06 45 00 1 4285.554
2015 09 21 07 00 00 1 4285.548
2015 09 21 07 15 00 1 4285.552
2015 09 21 07 30 00 1 4285.561
2015 09 21 07 45 00 1 4285.577
2015 09 21 08 00 00 1 4285.601
2015 09 21 08 15 00 1 4285.630
2015 09 21 08 30 00 1 4285.666
2015 09 21 08 45 00 1 4285.708
2015 09 21 09 00 00 1 4285.753
2015 09 21 09 15 00 1 4285.799
2015 09 21 09 30 00 1 4285.850
2015 09 21 09 45 00 1 4285.906
2015 09 21 10 00 00 1 4285.957
2015 09 21 10 15 00 1 4286.012
2015 09 21 10 30 00 1 4286.066
2015 09 21 10 45 00 1 4286.118
2015 09 21 11 00 00 1 4286.167
2015 09 21 11 15 00 1 4286.215
2015 09 21 11 30 00 1 4286.262
2015 09 21 11 45 00 1 4286.303
2015 09 21 12 00 00 1 4286.341
2015 09 21 12 15 00 1 9999.000
2015 09 21 12 30 00 1 9999.000
2015 09 21 12 45 00 1 9999.000
2015 09 21 13 00 00 1 9999.000
2015 09 21 13 15 00 1 4286.458
2015 09 21 13 30 00 1 4286.467
2015 09 21 13 45 00 1 4286.473
2015 09 21 14 00 00 1 4286.470
2015 09 21 14 15 00 1 4286.464
2015 09 21 14 30 00 1 4286.455
2015 09 21 14 45 00 1 4286.443
2015 09 21 15 00 00 1 4286.428
2015 09 21 15 15 00 1 4286.411
2015 09 21 15 30 00 1 4286.394
2015 09 21 15 45 00 1 4286.370
2015 09 21 16 00 00 1 4286.345
2015 09 21 16 15 00 1 4286.323
2015 09 21 16 30 00 1 4286.296
2015 09 21 16 45 00 1 4286.274
2015 09 21 17 00 00 1 4286.252
2015 09 21 17 15 00 1 4286.234
2015 09 21 17 30 00 1 4286.217
2015 09 21 17 45 00 1 4286.206
2015 09 21 18 00 00 1 4286.196
2015 09 21 18 15 00 1 4286.188
2015 09 21 18 30 00 1 4286.186
2015 09 21 18 45 00 1 4286.184
2015 09 21 19 00 00 1 4286.190
2015 09 21 19 15 00 1 4286.202
2015 09 21 19 30 00 1 4286.212
2015 09 21 19 45 00 1 4286.234
2015 09 21 20 00 00 1 4286.259
2015 09 21 20 15 00 1 4286.289
2015 09 21 20 30 00 1 4286.320
2015 09 21 20 45 00 1 4286.356
2015 09 21 21 00 00 1 4286.394
2015 09 21 21 15 00 1 4286.430
2015 09 21 21 30 00 1 4286.473
2015 09 21 21 45 00 1 4286.513
2015 09 21 22 00 00 1 4286.555
2015 09 21 22 15 00 1 4286.596
2015 09 21 22 30 00 1 4286.637
2015 09 21 22 45 00 1 4286.674
2015 09 21 23 00 00 1 4286.710
2015 09 21 23 15 00 1 4286.743
2015 09 21 23 30 00 1 4286.768
2015 09 21 23 45 00 1 4286.792
2015 09 22 00 00 00 1 4286.809
2015 09 22 00 15 00 1 4286.821
2015 09 22 00 30 00 1 4286.828
2015 09 22 00 45 00 1 4286.825
2015 09 22 01 00 00 1 4286.820
2015 09 22 01 15 00 1 4286.806
2015 09 22 01 30 00 1 4286.785
2015 09 22 01 45 00 1 4286.755
2015 09 22 02 00 00 1 4286.721
2015 09 22 02 15 00 1 4286.681
2015 09 22 02 30 00 1 4286.635
2015 09 22 02 45 00 1 4286.587
2015 09 22 03 00 00 1 4286.532
2015 09 22 03 15 00 1 4286.474
2015 09 22 03 30 00 1 4286.412
2015 09 22 03 45 00 1 4286.349
2015 09 22 04 00 00 1 4286.280
2015 09 22 04 15 00 1 4286.212
2015 09 22 04 30 00 1 4286.145
2015 09 22 04 45 00 1 4286.073
2015 09 22 05 00 00 1 4286.005
2015 09 22 05 15 00 1 4285.935
2015 09 22 05 30 00 1 4285.868
2015 09 22 05 45 00 1 4285.805
2015 09 22 06 00 00 1 4285.745
2015 09 22 06 15 00 1 4285.693
2015 09 22 06 30 00 1 4285.645
2015 09 22 06 45 00 1 4285.603
2015 09 22 07 00 00 1 4285.566
2015 09 22 07 15 00 1 4285.537
2015 09 22 07 30 00 1 4285.517
2015 09 22 07 45 00 1 4285.504
2015 09 22 08 00 00 1 4285.499
2015 09 22 08 15 00 1 4285.498
2015 09 22 08 30 00 1 4285.508
2015 09 22 08 45 00 1 4285.524
2015 09 22 09 00 00 1 4285.547
2015 09 22 09 15 00 1 4285.579
2015 09 22 09 30 00 1 4285.618
2015 09 22 09 45 00 1 4285.656
2015 09 22 10 00 00 1 4285.704
2015 09 22 10 15 00 1 4285.754
2015 09 22 10 30 00 1 4285.805
2015 09 22 10 45 00 1 4285.863
2015 09 22 11 00 00 1 4285.919
2015 09 22 11 15 00 1 4285.977
2015 09 22 11 30 00 1 4286.036
2015 09 22 11 45 00 1 4286.095
2015 09 22 12 00 00 1 4286.152
2015 09 22 12 15 00 1 4286.207
2015 09 22 12 30 00 1 4286.260
2015 09 22 12 45 00 1 4286.307
2015 09 22 13 00 00 1 4286.350
2015 09 22 13 15 00 1 4286.390
2015 09 22 13 30 00 1 4286.426
2015 09 22 13 45 00 1 4286.459
2015 09 22 14 00 00 1 4286.484
2015 09 22 14 15 00 1 4286.503
2015 09 22 14 30 00 1 4286.515
2015 09 22 14 45 00 1 4286.524
2015 09 22 15 00 00 1 4286.527
2015 09 22 15 15 00 1 4286.522
2015 09 22 15 30 00 1 4286.517
2015 09 22 15 45 00 1 4286.506
2015 09 22 16 00 00 1 4286.492
2015 09 22 16 15 00 1 4286.474
2015 09 22 16 30 00 1 4286.452
2015 09 22 16 45 00 1 4286.427
2015 09 22 17 00 00 1 4286.401
2015 09 22 17 15 00 1 4286.374
2015 09 22 17 30 00 1 4286.345
2015 09 22 17 45 00 1 4286.318
2015 09 22 18 00 00 1 4286.294
2015 09 22 18 15 00 1 4286.270
2015 09 22 18 30 00 1 4286.250
2015 09 22 18 45 00 1 4286.229
2015 09 22 19 00 00 1 4286.214
2015 09 22 19 15 00 1 4286.202
2015 09 22 19 30 00 1 4286.193
2015 09 22 19 45 00 1 4286.191
2015 09 22 20 00 00 1 4286.189
2015 09 22 20 15 00 1 4286.194
2015 09 22 20 30 00 1 4286.203
2015 09 22 20 45 00 1 4286.218
2015 09 22 21 00 00 1 4286.238
2015 09 22 21 15 00 1 4286.265
2015 09 22 21 30 00 1 4286.295
2015 09 22 21 45 00 1 4286.329
2015 09 22 22 00 00 1 4286.368
2015 09 22 22 15 00 1 4286.407
2015 09 22 22 30 00 1 4286.450
2015 09 22 22 45 00 1 4286.494
2015 09 22 23 00 00 1 4286.539
2015 09 22 23 15 00 1 4286.583
2015 09 22 23 30 00 1 4286.627
2015 09 22 23 45 00 1 4286.670
2015 09 23 00 00 00 1 4286.712
2015 09 23 00 15 00 1 4286.748
2015 09 23 00 30 00 1 4286.780
2015 09 23 00 45 00 1 4286.807
2015 09 23 01 00 00 1 4286.829
2015 09 23 01 15 00 1 4286.843
2015 09 23 01 30 00 1 4286.856
2015 09 23 01 45 00 1 4286.858
2015 09 23 02 00 00 1 4286.856
2015 09 23 02 15 00 1 4286.842
2015 09 23 02 30 00 1 4286.824
2015 09 23 02 45 00 1 4286.796
2015 09 23 03 00 00 1 4286.763
2015 09 23 03 15 00 1 4286.725
2015 09 23 03 30 00 1 4286.681
2015 09 23 03 45 00 1 4286.628
2015 09 23 04 00 00 1 4286.570
2015 09 23 04 15 00 1 4286.508
2015 09 23 04 30 00 1 4286.439
2015 09 23 04 45 00 1 4286.368
2015 09 23 05 00 00 1 4286.293
2015 09 23 05 15 00 1 4286.217
2015 09 23 05 30 00 1 4286.138
2015 09 23 05 45 00 1 4286.062
2015 09 23 06 00 00 1 4285.983
2015 09 23 06 15 00 1 4285.906
2015 09 23 06 30 00 1 4285.830
2015 09 23 06 45 00 1 4285.761
2015 09 23 07 00 00 1 4285.695
2015 09 23 07 15 00 1 4285.636
2015 09 23 07 30 00 1 4285.583
2015 09 23 07 45 00 1 4285.536
2015 09 23 08 00 00 1 4285.497
2015 09 23 08 15 00 1 4285.469
2015 09 23 08 30 00 1 4285.446
2015 09 23 08 45 00 1 4285.430
2015 09 23 09 00 00 1 4285.423
2015 09 23 09 15 00 1 4285.427
2015 09 23 09 30 00 1 4285.438
2015 09 23 09 45 00 1 4285.456
2015 09 23 10 00 00 1 4285.483
2015 09 23 10 15 00 1 4285.520
2015 09 23 10 30 00 1 4285.560
2015 09 23 10 45 00 1 4285.607
2015 09 23 11 00 00 1 4285.658
2015 09 23 11 15 00 1 4285.715
2015 09 23 11 30 00 1 4285.776
2015 09 23 11 45 00 1 4285.840
2015 09 23 12 00 00 1 4285.906
2015 09 23 12 15 00 1 4285.974
2015 09 23 12 30 00 1 4286.046
2015 09 23 12 45 00 1 4286.117
2015 09 23 13 00 00 1 4286.185
2015 09 23 13 15 00 1 4286.250
2015 09 23 13 30 00 1 4286.312
2015 09 23 13 45 00 1 4286.367
2015 09 23 14 00 00 1 4286.419
2015 09 23 14 15 00 1 4286.462
2015 09 23 14 30 00 1 4286.502
2015 09 23 14 45 00 1 4286.534
2015 09 23 15 00 00 1 4286.561
2015 09 23 15 15 00 1 4286.583
2015 09 23 15 30 00 1 4286.599
2015 09 23 15 45 00 1 4286.609
2015 09 23 16 00 00 1 4286.607
2015 09 23 16 15 00 1 4286.601
2015 09 23 16 30 00 1 4286.590
2015 09 23 16 45 00 1 4286.573
2015 09 23 17 00 00 1 4286.550
2015 09 23 17 15 00 1 4286.523
2015 09 23 17 30 00 1 4286.494
2015 09 23 17 45 00 1 4286.464
2015 09 23 18 00 00 1 4286.430
2015 09 23 18 15 00 1 4286.393
2015 09 23 18 30 00 1 4286.360
2015 09 23 18 45 00 1 4286.321
2015 09 23 19 00 00 1 4286.284
2015 09 23 19 15 00 1 4286.250
2015 09 23 19 30 00 1 4286.216
2015 09 23 19 45 00 1 4286.186
2015 09 23 20 00 00 1 4286.163
2015 09 23 20 15 00 1 4286.142
2015 09 23 20 30 00 1 4286.126
2015 09 23 20 45 00 1 4286.117
2015 09 23 21 00 00 1 4286.115
2015 09 23 21 15 00 1 4286.114
2015 09 23 21 30 00 1 4286.122
2015 09 23 21 45 00 1 4286.134
2015 09 23 22 00 00 1 4286.152
2015 09 23 22 15 00 1 4286.178
2015 09 23 22 30 00 1 4286.210
2015 09 23 22 45 00 1 4286.249
