#YY  MM DD hh mm ss T   HEIGHT
#yr  mo dy hr mn  s -        m
2015 08 16 23 00 00 1 4053.897
2015 08 16 23 15 00 1 4053.939
2015 08 16 23 30 00 1 4053.984
2015 08 16 23 45 00 1 4054.035
2015 08 17 00 00 00 1 4054.085
2015 08 17 00 15 00 1 4054.141
2015 08 17 00 30 00 1 4054.198
2015 08 17 00 45 00 1 4054.253
2015 08 17 01 00 00 1 4054.304
2015 08 17 01 15 00 1 4054.355
2015 08 17 01 30 00 1 4054.400
2015 08 17 01 45 00 1 4054.444
2015 08 17 02 00 00 1 4054.480
2015 08 17 02 15 00 1 4054.512
2015 08 17 02 30 00 1 4054.538
2015 08 17 02 45 00 1 4054.559
2015 08 17 03 00 00 1 4054.569
2015 08 17 03 15 00 1 4054.574
2015 08 17 03 30 00 1 4054.575
2015 08 17 03 45 00 1 4054.563
2015 08 17 04 00 00 1 4054.553
2015 08 17 04 15 00 1 4054.527
2015 08 17 04 30 00 1 4054.500
2015 08 17 04 45 00 1 4054.466
2015 08 17 05 00 00 1 4054.432
2015 08 17 05 15 00 1 4054.391
2015 08 17 05 30 00 1 4054.348
2015 08 17 05 45 00 1 4054.301
2015 08 17 06 00 00 1 4054.255
2015 08 17 06 15 00 1 4054.209
2015 08 17 06 30 00 1 4054.158
2015 08 17 06 45 00 1 4054.112
2015 08 17 07 00 00 1 4054.067
2015 08 17 07 15 00 1 4054.023
2015 08 17 07 30 00 1 4053.983
2015 08 17 07 45 00 1 4053.948
2015 08 17 08 00 00 1 4053.914
2015 08 17 08 15 00 1 4053.889
2015 08 17 08 30 00 1 4053.871
2015 08 17 08 45 00 1 4053.859
2015 08 17 09 00 00 1 4053.853
2015 08 17 09 15 00 1 4053.856
2015 08 17 09 30 00 1 4053.864
2015 08 17 09 45 00 1 4053.878
2015 08 17 10 00 00 1 4053.901
2015 08 17 10 15 00 1 4053.925
2015 08 17 10 30 00 1 4053.957
2015 08 17 10 45 00 1 4053.999
2015 08 17 11 00 00 1 4054.043
2015 08 17 11 15 00 1 4054.092
2015 08 17 11 30 00 1 4054.144
2015 08 17 11 45 00 1 4054.202
2015 08 17 12 00 00 1 4054.256
2015 08 17 12 15 00 1 4054.318
2015 08 17 12 30 00 1 4054.375
2015 08 17 12 45 00 1 4054.433
2015 08 17 13 00 00 1 4054.493
2015 08 17 13 15 00 1 4054.547
2015 08 17 13 30 00 1 4054.596
2015 08 17 13 45 00 1 4054.645
2015 08 17 14 00 00 1 4054.685
2015 08 17 14 15 00 1 4054.721
2015 08 17 14 30 00 1 4054.751
2015 08 17 14 45 00 1 4054.772
2015 08 17 15 00 00 1 4054.788
2015 08 17 15 15 00 1 4054.794
2015 08 17 15 30 00 1 4054.790
2015 08 17 15 45 00 1 4054.786
2015 08 17 16 00 00 1 4054.769
2015 08 17 16 15 00 1 4054.745
2015 08 17 16 30 00 1 4054.720
2015 08 17 16 45 00 1 4054.684
2015 08 17 17 00 00 1 4054.644
2015 08 17 17 15 00 1 4054.598
2015 08 17 17 30 00 1 4054.546
2015 08 17 17 45 00 1 4054.495
2015 08 17 18 00 00 1 4054.436
2015 08 17 18 15 00 1 4054.380
2015 08 17 18 30 00 1 4054.317
2015 08 17 18 45 00 1 4054.255
2015 08 17 19 00 00 1 4054.195
2015 08 17 19 15 00 1 4054.138
2015 08 17 19 30 00 1 4054.080
2015 08 17 19 45 00 1 4054.028
2015 08 17 20 00 00 1 4053.984
2015 08 17 20 15 00 1 4053.942
2015 08 17 20 30 00 1 4053.900
2015 08 17 20 45 00 1 4053.866
2015 08 17 21 00 00 1 4053.839
2015 08 17 21 15 00 1 4053.816
2015 08 17 21 30 00 1 4053.801
2015 08 17 21 45 00 1 4053.791
2015 08 17 22 00 00 1 4053.790
2015 08 17 22 15 00 1 4053.796
2015 08 17 22 30 00 1 4053.808
2015 08 17 22 45 00 1 4053.824
2015 08 17 23 00 00 1 4053.849
2015 08 17 23 15 00 1 4053.879
2015 08 17 23 30 00 1 4053.917
2015 08 17 23 45 00 1 4053.960
2015 08 18 00 00 00 1 4054.007
2015 08 18 00 15 00 1 4054.058
2015 08 18 00 30 00 1 4054.107
2015 08 18 00 45 00 1 4054.158
2015 08 18 01 00 00 1 4054.211
2015 08 18 01 15 00 1 4054.265
2015 08 18 01 30 00 1 4054.317
2015 08 18 01 45 00 1 4054.362
2015 08 18 02 00 00 1 4054.410
2015 08 18 02 15 00 1 4054.453
2015 08 18 02 30 00 1 4054.491
2015 08 18 02 45 00 1 4054.520
2015 08 18 03 00 00 1 4054.550
2015 08 18 03 15 00 1 4054.571
2015 08 18 03 30 00 1 4054.584
2015 08 18 03 45 00 1 4054.592
2015 08 18 04 00 00 1 4054.591
2015 08 18 04 15 00 1 4054.584
2015 08 18 04 30 00 1 4054.574
2015 08 18 04 45 00 1 4054.552
2015 08 18 05 00 00 1 4054.524
2015 08 18 05 15 00 1 4054.496
2015 08 18 05 30 00 1 4054.463
2015 08 18 05 45 00 1 4054.426
2015 08 18 06 00 00 1 4054.390
2015 08 18 06 15 00 1 4054.344
2015 08 18 06 30 00 1 4054.300
2015 08 18 06 45 00 1 4054.256
2015 08 18 07 00 00 1 4054.207
2015 08 18 07 15 00 1 4054.165
2015 08 18 07 30 00 1 4054.124
2015 08 18 07 45 00 1 4054.081
2015 08 18 08 00 00 1 4054.042
2015 08 18 08 15 00 1 4054.010
2015 08 18 08 30 00 1 4053.980
2015 08 18 08 45 00 1 4053.955
2015 08 18 09 00 00 1 4053.937
2015 08 18 09 15 00 1 4053.922
2015 08 18 09 30 00 1 4053.913
2015 08 18 09 45 00 1 4053.912
2015 08 18 10 00 00 1 4053.918
2015 08 18 10 15 00 1 4053.931
2015 08 18 10 30 00 1 4053.951
2015 08 18 10 45 00 1 4053.977
2015 08 18 11 00 00 1 4054.002
2015 08 18 11 15 00 1 4054.035
2015 08 18 11 30 00 1 4054.072
2015 08 18 11 45 00 1 4054.112
2015 08 18 12 00 00 1 4054.160
2015 08 18 12 15 00 1 4054.203
2015 08 18 12 30 00 1 4054.251
2015 08 18 12 45 00 1 4054.302
2015 08 18 13 00 00 1 4054.358
2015 08 18 13 15 00 1 4054.410
2015 08 18 13 30 00 1 4054.466
2015 08 18 13 45 00 1 4054.515
2015 08 18 14 00 00 1 4054.557
2015 08 18 14 15 00 1 4054.602
2015 08 18 14 30 00 1 4054.640
2015 08 18 14 45 00 1 4054.673
2015 08 18 15 00 00 1 4054.701
2015 08 18 15 15 00 1 4054.720
2015 08 18 15 30 00 1 4054.731
2015 08 18 15 45 00 1 4054.735
2015 08 18 16 00 00 1 4054.737
2015 08 18 16 15 00 1 4054.731
2015 08 18 16 30 00 1 4054.716
2015 08 18 16 45 00 1 4054.697
2015 08 18 17 00 00 1 4054.669
2015 08 18 17 15 00 1 4054.635
2015 08 18 17 30 00 1 4054.601
2015 08 18 17 45 00 1 4054.558
2015 08 18 18 00 00 1 4054.511
2015 08 18 18 15 00 1 4054.458
2015 08 18 18 30 00 1 4054.405
2015 08 18 18 45 00 1 4054.353
2015 08 18 19 00 00 1 4054.299
2015 08 18 19 15 00 1 4054.248
2015 08 18 19 30 00 1 4054.189
2015 08 18 19 45 00 1 4054.138
2015 08 18 20 00 00 1 4054.087
2015 08 18 20 15 00 1 4054.038
2015 08 18 20 30 00 1 4053.995
2015 08 18 20 45 00 1 4053.955
2015 08 18 21 00 00 1 4053.922
2015 08 18 21 15 00 1 4053.891
2015 08 18 21 30 00 1 4053.863
2015 08 18 21 45 00 1 4053.844
2015 08 18 22 00 00 1 4053.831
2015 08 18 22 15 00 1 4053.826
2015 08 18 22 30 00 1 4053.825
2015 08 18 22 45 00 1 4053.828
2015 08 18 23 00 00 1 4053.840
2015 08 18 23 15 00 1 4053.854
2015 08 18 23 30 00 1 4053.876
2015 08 18 23 45 00 1 4053.907
2015 08 19 00 00 00 1 4053.942
2015 08 19 00 15 00 1 4053.978
2015 08 19 00 30 00 1 4054.018
2015 08 19 00 45 00 1 4054.060
2015 08 19 01 00 00 1 4054.106
2015 08 19 01 15 00 1 4054.151
2015 08 19 01 30 00 1 4054.199
2015 08 19 01 45 00 1 4054.250
2015 08 19 02 00 00 1 4054.299
2015 08 19 02 15 00 1 4054.342
2015 08 19 02 30 00 1 4054.384
2015 08 19 02 45 00 1 4054.424
2015 08 19 03 00 00 1 4054.459
2015 08 19 03 15 00 1 4054.492
2015 08 19 03 30 00 1 4054.515
2015 08 19 03 45 00 1 4054.532
2015 08 19 04 00 00 1 4054.549
2015 08 19 04 15 00 1 4054.558
2015 08 19 04 30 00 1 4054.558
2015 08 19 04 45 00 1 4054.549
2015 08 19 05 00 00 1 4054.539
2015 08 19 05 15 00 1 4054.525
2015 08 19 05 30 00 1 4054.504
2015 08 19 05 45 00 1 4054.477
2015 08 19 06 00 00 1 4054.451
2015 08 19 06 15 00 1 4054.420
2015 08 19 06 30 00 1 4054.379
2015 08 19 06 45 00 1 4054.342
2015 08 19 07 00 00 1 4054.301
2015 08 19 07 15 00 1 4054.259
2015 08 19 07 30 00 1 4054.221
2015 08 19 07 45 00 1 4054.180
2015 08 19 08 00 00 1 4054.136
2015 08 19 08 15 00 1 4054.100
2015 08 19 08 30 00 1 4054.070
2015 08 19 08 45 00 1 4054.033
2015 08 19 09 00 00 1 4054.004
2015 08 19 09 15 00 1 4053.978
2015 08 19 09 30 00 1 4053.958
2015 08 19 09 45 00 1 4053.946
2015 08 19 10 00 00 1 4053.934
2015 08 19 10 15 00 1 4053.929
2015 08 19 10 30 00 1 4053.936
2015 08 19 10 45 00 1 4053.939
2015 08 19 11 00 00 1 4053.955
2015 08 19 11 15 00 1 4053.972
2015 08 19 11 30 00 1 4053.997
2015 08 19 11 45 00 1 4054.028
2015 08 19 12 00 00 1 4054.056
2015 08 19 12 15 00 1 4054.090
2015 08 19 12 30 00 1 4054.126
2015 08 19 12 45 00 1 4054.170
2015 08 19 13 00 00 1 4054.212
2015 08 19 13 15 00 1 4054.256
2015 08 19 13 30 00 1 4054.303
2015 08 19 13 45 00 1 4054.347
2015 08 19 14 00 00 1 4054.389
2015 08 19 14 15 00 1 4054.432
2015 08 19 14 30 00 1 4054.472
2015 08 19 14 45 00 1 4054.508
2015 08 19 15 00 00 1 4054.538
2015 08 19 15 15 00 1 4054.566
2015 08 19 15 30 00 1 4054.592
2015 08 19 15 45 00 1 4054.607
2015 08 19 16 00 00 1 4054.616
2015 08 19 16 15 00 1 4054.620
2015 08 19 16 30 00 1 4054.621
2015 08 19 16 45 00 1 4054.616
2015 08 19 17 00 00 1 4054.605
2015 08 19 17 15 00 1 4054.591
2015 08 19 17 30 00 1 4054.568
2015 08 19 17 45 00 1 4054.538
2015 08 19 18 00 00 1 4054.508
2015 08 19 18 15 00 1 4054.471
2015 08 19 18 30 00 1 4054.435
2015 08 19 18 45 00 1 4054.392
2015 08 19 19 00 00 1 4054.351
2015 08 19 19 15 00 1 4054.303
2015 08 19 19 30 00 1 4054.259
2015 08 19 19 45 00 1 4054.211
2015 08 19 20 00 00 1 4054.169
2015 08 19 20 15 00 1 4054.123
2015 08 19 20 30 00 1 4054.085
2015 08 19 20 45 00 1 4054.039
2015 08 19 21 00 00 1 4054.006
2015 08 19 21 15 00 1 4053.972
2015 08 19 21 30 00 1 4053.943
2015 08 19 21 45 00 1 4053.918
2015 08 19 22 00 00 1 4053.901
2015 08 19 22 15 00 1 4053.884
2015 08 19 22 30 00 1 4053.873
2015 08 19 22 45 00 1 4053.868
2015 08 19 23 00 00 1 4053.866
2015 08 19 23 15 00 1 4053.872
2015 08 19 23 30 00 1 4053.881
2015 08 19 23 45 00 1 4053.901
2015 08 20 00 00 00 1 4053.923
2015 08 20 00 15 00 1 4053.947
2015 08 20 00 30 00 1 4053.976
2015 08 20 00 45 00 1 4054.013
2015 08 20 01 00 00 1 4054.049
2015 08 20 01 15 00 1 4054.091
2015 08 20 01 30 00 1 4054.133
2015 08 20 01 45 00 1 4054.176
2015 08 20 02 00 00 1 4054.216
2015 08 20 02 15 00 1 4054.259
2015 08 20 02 30 00 1 4054.304
2015 08 20 02 45 00 1 4054.344
2015 08 20 03 00 00 1 4054.387
2015 08 20 03 15 00 1 4054.422
2015 08 20 03 30 00 1 4054.455
2015 08 20 03 45 00 1 4054.482
2015 08 20 04 00 00 1 4054.507
2015 08 20 04 15 00 1 4054.527
2015 08 20 04 30 00 1 4054.543
2015 08 20 04 45 00 1 4054.550
2015 08 20 05 00 00 1 4054.555
2015 08 20 05 15 00 1 4054.553
2015 08 20 05 30 00 1 4054.548
2015 08 20 05 45 00 1 4054.535
2015 08 20 06 00 00 1 4054.518
2015 08 20 06 15 00 1 4054.497
2015 08 20 06 30 00 1 4054.476
2015 08 20 06 45 00 1 4054.447
2015 08 20 07 00 00 1 4054.418
2015 08 20 07 15 00 1 4054.382
2015 08 20 07 30 00 1 4054.347
2015 08 20 07 45 00 1 4054.311
2015 08 20 08 00 00 1 4054.272
2015 08 20 08 15 00 1 4054.236
2015 08 20 08 30 00 1 4054.203
2015 08 20 08 45 00 1 4054.170
2015 08 20 09 00 00 1 4054.139
2015 08 20 09 15 00 1 4054.111
2015 08 20 09 30 00 1 4054.084
2015 08 20 09 45 00 1 4054.061
2015 08 20 10 00 00 1 4054.040
2015 08 20 10 15 00 1 4054.028
2015 08 20 10 30 00 1 4054.015
2015 08 20 10 45 00 1 4054.014
2015 08 20 11 00 00 1 4054.010
2015 08 20 11 15 00 1 4054.013
2015 08 20 11 30 00 1 4054.024
2015 08 20 11 45 00 1 4054.035
2015 08 20 12 00 00 1 4054.054
2015 08 20 12 15 00 1 4054.072
2015 08 20 12 30 00 1 4054.095
2015 08 20 12 45 00 1 4054.122
2015 08 20 13 00 00 1 4054.153
2015 08 20 13 15 00 1 4054.189
2015 08 20 13 30 00 1 4054.226
2015 08 20 13 45 00 1 4054.258
2015 08 20 14 00 00 1 4054.297
2015 08 20 14 15 00 1 4054.335
2015 08 20 14 30 00 1 4054.371
2015 08 20 14 45 00 1 4054.403
2015 08 20 15 00 00 1 4054.436
2015 08 20 15 15 00 1 4054.463
2015 08 20 15 30 00 1 4054.487
2015 08 20 15 45 00 1 4054.509
2015 08 20 16 00 00 1 4054.527
2015 08 20 16 15 00 1 4054.538
2015 08 20 16 30 00 1 4054.546
2015 08 20 16 45 00 1 4054.549
2015 08 20 17 00 00 1 4054.551
2015 08 20 17 15 00 1 4054.550
2015 08 20 17 30 00 1 4054.540
2015 08 20 17 45 00 1 4054.527
2015 08 20 18 00 00 1 4054.507
2015 08 20 18 15 00 1 4054.482
2015 08 20 18 30 00 1 4054.454
2015 08 20 18 45 00 1 4054.422
2015 08 20 19 00 00 1 4054.390
2015 08 20 19 15 00 1 4054.354
2015 08 20 19 30 00 1 4054.318
2015 08 20 19 45 00 1 4054.285
2015 08 20 20 00 00 1 4054.244
2015 08 20 20 15 00 1 4054.208
2015 08 20 20 30 00 1 4054.167
2015 08 20 20 45 00 1 4054.133
2015 08 20 21 00 00 1 4054.093
2015 08 20 21 15 00 1 4054.059
2015 08 20 21 30 00 1 4054.025
2015 08 20 21 45 00 1 4053.996
2015 08 20 22 00 00 1 4053.970
2015 08 20 22 15 00 1 4053.950
2015 08 20 22 30 00 1 4053.934
2015 08 20 22 45 00 1 4053.921
2015 08 20 23 00 00 1 4053.915
2015 08 20 23 15 00 1 4053.910
2015 08 20 23 30 00 1 4053.911
2015 08 20 23 45 00 1 4053.915
2015 08 21 00 00 00 1 4053.928
2015 08 21 00 15 00 1 4053.941
2015 08 21 00 30 00 1 4053.959
2015 08 21 00 45 00 1 4053.978
2015 08 21 01 00 00 1 4054.005
2015 08 21 01 15 00 1 4054.033
2015 08 21 01 30 00 1 4054.065
2015 08 21 01 45 00 1 4054.100
2015 08 21 02 00 00 1 4054.141
2015 08 21 02 15 00 1 4054.183
2015 08 21 02 30 00 1 4054.219
2015 08 21 02 45 00 1 4054.261
2015 08 21 03 00 00 1 4054.299
2015 08 21 03 15 00 1 4054.339
2015 08 21 03 30 00 1 4054.377
2015 08 21 03 45 00 1 4054.411
2015 08 21 04 00 00 1 4054.442
2015 08 21 04 15 00 1 4054.473
2015 08 21 04 30 00 1 4054.497
2015 08 21 04 45 00 1 4054.517
2015 08 21 05 00 00 1 4054.531
2015 08 21 05 15 00 1 4054.544
2015 08 21 05 30 00 1 4054.547
2015 08 21 05 45 00 1 4054.548
2015 08 21 06 00 00 1 4054.545
2015 08 21 06 15 00 1 4054.539
2015 08 21 06 30 00 1 4054.529
2015 08 21 06 45 00 1 4054.512
2015 08 21 07 00 00 1 4054.493
2015 08 21 07 15 00 1 4054.473
2015 08 21 07 30 00 1 4054.447
2015 08 21 07 45 00 1 4054.418
2015 08 21 08 00 00 1 4054.387
2015 08 21 08 15 00 1 4054.356
2015 08 21 08 30 00 1 4054.321
2015 08 21 08 45 00 1 4054.286
2015 08 21 09 00 00 1 4054.256
2015 08 21 09 15 00 1 4054.230
2015 08 21 09 30 00 1 4054.200
2015 08 21 09 45 00 1 4054.174
2015 08 21 10 00 00 1 4054.147
2015 08 21 10 15 00 1 4054.125
2015 08 21 10 30 00 1 4054.108
2015 08 21 10 45 00 1 4054.092
2015 08 21 11 00 00 1 4054.081
2015 08 21 11 15 00 1 4054.072
2015 08 21 11 30 00 1 4054.069
2015 08 21 11 45 00 1 4054.067
2015 08 21 12 00 00 1 4054.067
2015 08 21 12 15 00 1 4054.070
2015 08 21 12 30 00 1 4054.083
2015 08 21 12 45 00 1 4054.094
2015 08 21 13 00 00 1 4054.110
2015 08 21 13 15 00 1 4054.132
2015 08 21 13 30 00 1 4054.158
2015 08 21 13 45 00 1 4054.184
2015 08 21 14 00 00 1 4054.212
2015 08 21 14 15 00 1 4054.238
2015 08 21 14 30 00 1 4054.268
2015 08 21 14 45 00 1 4054.298
2015 08 21 15 00 00 1 4054.323
2015 08 21 15 15 00 1 4054.346
2015 08 21 15 30 00 1 4054.368
2015 08 21 15 45 00 1 4054.390
2015 08 21 16 00 00 1 4054.409
2015 08 21 16 15 00 1 4054.428
2015 08 21 16 30 00 1 4054.440
2015 08 21 16 45 00 1 4054.455
2015 08 21 17 00 00 1 4054.465
2015 08 21 17 15 00 1 4054.470
2015 08 21 17 30 00 1 4054.468
2015 08 21 17 45 00 1 4054.470
2015 08 21 18 00 00 1 4054.466
2015 08 21 18 15 00 1 4054.454
2015 08 21 18 30 00 1 4054.442
2015 08 21 18 45 00 1 4054.426
2015 08 21 19 00 00 1 4054.406
2015 08 21 19 15 00 1 4054.385
2015 08 21 19 30 00 1 4054.358
2015 08 21 19 45 00 1 4054.333
2015 08 21 20 00 00 1 4054.304
2015 08 21 20 15 00 1 4054.275
2015 08 21 20 30 00 1 4054.246
2015 08 21 20 45 00 1 4054.215
2015 08 21 21 00 00 1 4054.186
2015 08 21 21 15 00 1 4054.154
2015 08 21 21 30 00 1 4054.125
2015 08 21 21 45 00 1 4054.095
2015 08 21 22 00 00 1 4054.065
2015 08 21 22 15 00 1 4054.044
2015 08 21 22 30 00 1 4054.020
2015 08 21 22 45 00 1 4054.000
2015 08 21 23 00 00 1 4053.988
2015 08 21 23 15 00 1 4053.976
2015 08 21 23 30 00 1 4053.968
2015 08 21 23 45 00 1 4053.965
2015 08 22 00 00 00 1 4053.970
2015 08 22 00 15 00 1 4053.972
2015 08 22 00 30 00 1 4053.980
2015 08 22 00 45 00 1 4053.990
2015 08 22 01 00 00 1 4054.002
2015 08 22 01 15 00 1 4054.017
2015 08 22 01 30 00 1 4054.035
2015 08 22 01 45 00 1 4054.058
2015 08 22 02 00 00 1 4054.085
2015 08 22 02 15 00 1 4054.114
2015 08 22 02 30 00 1 4054.145
2015 08 22 02 45 00 1 4054.182
2015 08 22 03 00 00 1 4054.216
2015 08 22 03 15 00 1 4054.254
2015 08 22 03 30 00 1 4054.289
2015 08 22 03 45 00 1 4054.322
2015 08 22 04 00 00 1 4054.357
2015 08 22 04 15 00 1 4054.387
2015 08 22 04 30 00 1 4054.416
2015 08 22 04 45 00 1 4054.442
2015 08 22 05 00 00 1 4054.469
2015 08 22 05 15 00 1 4054.489
2015 08 22 05 30 00 1 4054.511
2015 08 22 05 45 00 1 4054.524
2015 08 22 06 00 00 1 4054.536
2015 08 22 06 15 00 1 4054.542
2015 08 22 06 30 00 1 4054.545
2015 08 22 06 45 00 1 4054.543
2015 08 22 07 00 00 1 4054.540
2015 08 22 07 15 00 1 4054.529
2015 08 22 07 30 00 1 4054.521
2015 08 22 07 45 00 1 4054.509
2015 08 22 08 00 00 1 4054.493
2015 08 22 08 15 00 1 4054.474
2015 08 22 08 30 00 1 4054.451
2015 08 22 08 45 00 1 4054.426
2015 08 22 09 00 00 1 4054.403
2015 08 22 09 15 00 1 4054.374
2015 08 22 09 30 00 1 4054.348
2015 08 22 09 45 00 1 4054.323
2015 08 22 10 00 00 1 4054.295
2015 08 22 10 15 00 1 4054.268
2015 08 22 10 30 00 1 4054.243
2015 08 22 10 45 00 1 4054.222
2015 08 22 11 00 00 1 4054.202
2015 08 22 11 15 00 1 4054.184
2015 08 22 11 30 00 1 4054.169
2015 08 22 11 45 00 1 4054.157
2015 08 22 12 00 00 1 4054.148
2015 08 22 12 15 00 1 4054.141
2015 08 22 12 30 00 1 4054.138
2015 08 22 12 45 00 1 4054.133
2015 08 22 13 00 00 1 4054.136
2015 08 22 13 15 00 1 4054.140
2015 08 22 13 30 00 1 4054.147
2015 08 22 13 45 00 1 4054.156
2015 08 22 14 00 00 1 4054.170
2015 08 22 14 15 00 1 4054.185
2015 08 22 14 30 00 1 4054.200
2015 08 22 14 45 00 1 4054.219
2015 08 22 15 00 00 1 4054.237
2015 08 22 15 15 00 1 4054.255
2015 08 22 15 30 00 1 4054.274
2015 08 22 15 45 00 1 4054.292
2015 08 22 16 00 00 1 4054.308
2015 08 22 16 15 00 1 4054.322
2015 08 22 16 30 00 1 4054.338
2015 08 22 16 45 00 1 4054.352
2015 08 22 17 00 00 1 4054.364
2015 08 22 17 15 00 1 4054.375
2015 08 22 17 30 00 1 4054.382
2015 08 22 17 45 00 1 4054.388
2015 08 22 18 00 00 1 4054.392
2015 08 22 18 15 00 1 4054.392
2015 08 22 18 30 00 1 4054.390
2015 08 22 18 45 00 1 4054.384
2015 08 22 19 00 00 1 4054.379
2015 08 22 19 15 00 1 4054.372
2015 08 22 19 30 00 1 4054.358
2015 08 22 19 45 00 1 4054.342
2015 08 22 20 00 00 1 4054.328
2015 08 22 20 15 00 1 4054.307
2015 08 22 20 30 00 1 4054.288
2015 08 22 20 45 00 1 4054.268
2015 08 22 21 00 00 1 4054.247
2015 08 22 21 15 00 1 4054.223
2015 08 22 21 30 00 1 4054.200
2015 08 22 21 45 00 1 4054.175
2015 08 22 22 00 00 1 4054.150
2015 08 22 22 15 00 1 4054.130
2015 08 22 22 30 00 1 4054.110
2015 08 22 22 45 00 1 4054.093
2015 08 22 23 00 00 1 4054.072
2015 08 22 23 15 00 1 4054.054
2015 08 22 23 30 00 1 4054.038
2015 08 22 23 45 00 1 4054.027
2015 08 23 00 00 00 1 4054.018
2015 08 23 00 15 00 1 4054.011
2015 08 23 00 30 00 1 4054.008
2015 08 23 00 45 00 1 4054.009
2015 08 23 01 00 00 1 4054.011
2015 08 23 01 15 00 1 4054.016
2015 08 23 01 30 00 1 4054.023
2015 08 23 01 45 00 1 4054.032
2015 08 23 02 00 00 1 4054.044
2015 08 23 02 15 00 1 4054.060
2015 08 23 02 30 00 1 4054.083
2015 08 23 02 45 00 1 4054.104
2015 08 23 03 00 00 1 4054.130
2015 08 23 03 15 00 1 4054.155
2015 08 23 03 30 00 1 4054.186
2015 08 23 03 45 00 1 4054.216
2015 08 23 04 00 00 1 4054.245
2015 08 23 04 15 00 1 4054.276
2015 08 23 04 30 00 1 4054.306
2015 08 23 04 45 00 1 4054.336
2015 08 23 05 00 00 1 4054.367
2015 08 23 05 15 00 1 4054.398
2015 08 23 05 30 00 1 4054.422
2015 08 23 05 45 00 1 4054.447
2015 08 23 06 00 00 1 4054.472
2015 08 23 06 15 00 1 4054.490
2015 08 23 06 30 00 1 4054.507
2015 08 23 06 45 00 1 4054.522
2015 08 23 07 00 00 1 4054.530
2015 08 23 07 15 00 1 4054.539
2015 08 23 07 30 00 1 4054.543
2015 08 23 07 45 00 1 4054.544
2015 08 23 08 00 00 1 4054.538
2015 08 23 08 15 00 1 4054.533
2015 08 23 08 30 00 1 4054.523
2015 08 23 08 45 00 1 4054.510
2015 08 23 09 00 00 1 4054.497
2015 08 23 09 15 00 1 4054.478
2015 08 23 09 30 00 1 4054.462
2015 08 23 09 45 00 1 4054.440
2015 08 23 10 00 00 1 4054.420
2015 08 23 10 15 00 1 4054.393
2015 08 23 10 30 00 1 4054.370
2015 08 23 10 45 00 1 4054.346
2015 08 23 11 00 00 1 4054.322
2015 08 23 11 15 00 1 4054.297
2015 08 23 11 30 00 1 4054.272
2015 08 23 11 45 00 1 4054.254
2015 08 23 12 00 00 1 4054.231
2015 08 23 12 15 00 1 4054.215
2015 08 23 12 30 00 1 4054.199
2015 08 23 12 45 00 1 4054.185
2015 08 23 13 00 00 1 4054.175
2015 08 23 13 15 00 1 4054.164
2015 08 23 13 30 00 1 4054.157
2015 08 23 13 45 00 1 4054.151
2015 08 23 14 00 00 1 4054.146
2015 08 23 14 15 00 1 4054.148
2015 08 23 14 30 00 1 4054.146
2015 08 23 14 45 00 1 4054.148
2015 08 23 15 00 00 1 4054.154
2015 08 23 15 15 00 1 4054.162
2015 08 23 15 30 00 1 4054.170
2015 08 23 15 45 00 1 4054.181
2015 08 23 16 00 00 1 4054.192
2015 08 23 16 15 00 1 4054.203
2015 08 23 16 30 00 1 4054.212
2015 08 23 16 45 00 1 4054.225
2015 08 23 17 00 00 1 4054.241
2015 08 23 17 15 00 1 4054.254
2015 08 23 17 30 00 1 4054.266
2015 08 23 17 45 00 1 4054.277
2015 08 23 18 00 00 1 4054.287
2015 08 23 18 15 00 1 4054.292
2015 08 23 18 30 00 1 4054.301
2015 08 23 18 45 00 1 4054.308
2015 08 23 19 00 00 1 4054.315
2015 08 23 19 15 00 1 4054.320
2015 08 23 19 30 00 1 4054.320
2015 08 23 19 45 00 1 4054.324
2015 08 23 20 00 00 1 4054.321
2015 08 23 20 15 00 1 4054.315
2015 08 23 20 30 00 1 4054.308
2015 08 23 20 45 00 1 4054.297
2015 08 23 21 00 00 1 4054.292
2015 08 23 21 15 00 1 4054.281
2015 08 23 21 30 00 1 4054.271
2015 08 23 21 45 00 1 4054.255
2015 08 23 22 00 00 1 4054.243
2015 08 23 22 15 00 1 4054.226
2015 08 23 22 30 00 1 4054.208
2015 08 23 22 45 00 1 4054.189
2015 08 23 23 00 00 1 4054.173
2015 08 23 23 15 00 1 4054.157
2015 08 23 23 30 00 1 4054.138
2015 08 23 23 45 00 1 4054.125
2015 08 24 00 00 00 1 4054.107
2015 08 24 00 15 00 1 4054.094
2015 08 24 00 30 00 1 4054.083
2015 08 24 00 45 00 1 4054.071
2015 08 24 01 00 00 1 4054.062
2015 08 24 01 15 00 1 4054.054
2015 08 24 01 30 00 1 4054.050
2015 08 24 01 45 00 1 4054.047
2015 08 24 02 00 00 1 4054.048
2015 08 24 02 15 00 1 4054.051
2015 08 24 02 30 00 1 4054.059
2015 08 24 02 45 00 1 4054.067
2015 08 24 03 00 00 1 4054.076
2015 08 24 03 15 00 1 4054.090
2015 08 24 03 30 00 1 4054.112
2015 08 24 03 45 00 1 4054.132
2015 08 24 04 00 00 1 4054.155
2015 08 24 04 15 00 1 4054.178
2015 08 24 04 30 00 1 4054.204
2015 08 24 04 45 00 1 4054.233
2015 08 24 05 00 00 1 4054.264
2015 08 24 05 15 00 1 4054.291
2015 08 24 05 30 00 1 4054.321
2015 08 24 05 45 00 1 4054.351
2015 08 24 06 00 00 1 4054.382
2015 08 24 06 15 00 1 4054.413
2015 08 24 06 30 00 1 4054.440
2015 08 24 06 45 00 1 4054.464
2015 08 24 07 00 00 1 4054.488
2015 08 24 07 15 00 1 4054.511
2015 08 24 07 30 00 1 4054.530
2015 08 24 07 45 00 1 4054.548
2015 08 24 08 00 00 1 4054.565
2015 08 24 08 15 00 1 4054.573
2015 08 24 08 30 00 1 4054.578
2015 08 24 08 45 00 1 4054.581
2015 08 24 09 00 00 1 4054.583
2015 08 24 09 15 00 1 4054.581
2015 08 24 09 30 00 1 4054.570
2015 08 24 09 45 00 1 4054.562
2015 08 24 10 00 00 1 4054.550
2015 08 24 10 15 00 1 4054.537
2015 08 24 10 30 00 1 4054.517
2015 08 24 10 45 00 1 4054.496
2015 08 24 11 00 00 1 4054.479
2015 08 24 11 15 00 1 4054.452
2015 08 24 11 30 00 1 4054.427
2015 08 24 11 45 00 1 4054.399
2015 08 24 12 00 00 1 4054.373
2015 08 24 12 15 00 1 4054.349
2015 08 24 12 30 00 1 4054.323
2015 08 24 12 45 00 1 4054.293
2015 08 24 13 00 00 1 4054.268
2015 08 24 13 15 00 1 4054.242
2015 08 24 13 30 00 1 4054.218
2015 08 24 13 45 00 1 4054.196
2015 08 24 14 00 00 1 4054.177
2015 08 24 14 15 00 1 4054.160
2015 08 24 14 30 00 1 4054.144
2015 08 24 14 45 00 1 4054.132
2015 08 24 15 00 00 1 4054.120
2015 08 24 15 15 00 1 4054.112
2015 08 24 15 30 00 1 4054.107
2015 08 24 15 45 00 1 4054.099
2015 08 24 16 00 00 1 4054.096
2015 08 24 16 15 00 1 4054.100
2015 08 24 16 30 00 1 4054.105
2015 08 24 16 45 00 1 4054.109
2015 08 24 17 00 00 1 4054.114
2015 08 24 17 15 00 1 4054.125
2015 08 24 17 30 00 1 4054.136
2015 08 24 17 45 00 1 4054.147
2015 08 24 18 00 00 1 4054.160
2015 08 24 18 15 00 1 4054.172
2015 08 24 18 30 00 1 4054.189
2015 08 24 18 45 00 1 4054.200
2015 08 24 19 00 00 1 4054.212
2015 08 24 19 15 00 1 4054.226
2015 08 24 19 30 00 1 4054.240
2015 08 24 19 45 00 1 4054.253
2015 08 24 20 00 00 1 4054.262
2015 08 24 20 15 00 1 4054.271
2015 08 24 20 30 00 1 4054.281
2015 08 24 20 45 00 1 4054.288
2015 08 24 21 00 00 1 4054.291
2015 08 24 21 15 00 1 4054.292
2015 08 24 21 30 00 1 4054.289
2015 08 24 21 45 00 1 4054.289
2015 08 24 22 00 00 1 4054.287
2015 08 24 22 15 00 1 4054.279
2015 08 24 22 30 00 1 4054.268
2015 08 24 22 45 00 1 4054.257
2015 08 24 23 00 00 1 4054.244
2015 08 24 23 15 00 1 4054.229
2015 08 24 23 30 00 1 4054.217
2015 08 24 23 45 00 1 4054.198
2015 08 25 00 00 00 1 4054.182
2015 08 25 00 15 00 1 4054.164
2015 08 25 00 30 00 1 4054.146
2015 08 25 00 45 00 1 4054.130
2015 08 25 01 00 00 1 4054.113
2015 08 25 01 15 00 1 4054.096
2015 08 25 01 30 00 1 4054.081
2015 08 25 01 45 00 1 4054.066
2015 08 25 02 00 00 1 4054.057
2015 08 25 02 15 00 1 4054.049
2015 08 25 02 30 00 1 4054.044
2015 08 25 02 45 00 1 4054.038
2015 08 25 03 00 00 1 4054.038
2015 08 25 03 15 00 1 4054.042
2015 08 25 03 30 00 1 4054.044
2015 08 25 03 45 00 1 4054.053
2015 08 25 04 00 00 1 4054.063
2015 08 25 04 15 00 1 4054.076
2015 08 25 04 30 00 1 4054.093
2015 08 25 04 45 00 1 4054.112
2015 08 25 05 00 00 1 4054.138
2015 08 25 05 15 00 1 4054.164
2015 08 25 05 30 00 1 4054.191
2015 08 25 05 45 00 1 4054.218
2015 08 25 06 00 00 1 4054.252
2015 08 25 06 15 00 1 4054.284
2015 08 25 06 30 00 1 4054.319
2015 08 25 06 45 00 1 4054.352
2015 08 25 07 00 00 1 4054.390
2015 08 25 07 15 00 1 4054.421
2015 08 25 07 30 00 1 4054.454
2015 08 25 07 45 00 1 4054.487
2015 08 25 08 00 00 1 4054.517
2015 08 25 08 15 00 1 4054.544
2015 08 25 08 30 00 1 4054.565
2015 08 25 08 45 00 1 4054.587
2015 08 25 09 00 00 1 4054.606
2015 08 25 09 15 00 1 4054.620
2015 08 25 09 30 00 1 4054.628
2015 08 25 09 45 00 1 4054.634
2015 08 25 10 00 00 1 4054.641
2015 08 25 10 15 00 1 4054.642
2015 08 25 10 30 00 1 4054.638
2015 08 25 10 45 00 1 4054.626
2015 08 25 11 00 00 1 4054.610
2015 08 25 11 15 00 1 4054.593
2015 08 25 11 30 00 1 4054.569
2015 08 25 11 45 00 1 4054.544
2015 08 25 12 00 00 1 4054.514
2015 08 25 12 15 00 1 4054.484
2015 08 25 12 30 00 1 4054.454
2015 08 25 12 45 00 1 4054.421
2015 08 25 13 00 00 1 4054.388
2015 08 25 13 15 00 1 4054.353
2015 08 25 13 30 00 1 4054.317
2015 08 25 13 45 00 1 4054.285
2015 08 25 14 00 00 1 4054.251
2015 08 25 14 15 00 1 4054.218
2015 08 25 14 30 00 1 4054.188
2015 08 25 14 45 00 1 4054.160
2015 08 25 15 00 00 1 4054.130
2015 08 25 15 15 00 1 4054.104
2015 08 25 15 30 00 1 4054.081
2015 08 25 15 45 00 1 4054.062
2015 08 25 16 00 00 1 4054.043
2015 08 25 16 15 00 1 4054.033
2015 08 25 16 30 00 1 4054.021
2015 08 25 16 45 00 1 4054.018
2015 08 25 17 00 00 1 4054.020
2015 08 25 17 15 00 1 4054.020
2015 08 25 17 30 00 1 4054.024
2015 08 25 17 45 00 1 4054.034
2015 08 25 18 00 00 1 4054.045
2015 08 25 18 15 00 1 4054.057
2015 08 25 18 30 00 1 4054.073
2015 08 25 18 45 00 1 4054.088
2015 08 25 19 00 00 1 4054.109
2015 08 25 19 15 00 1 4054.130
2015 08 25 19 30 00 1 4054.149
2015 08 25 19 45 00 1 4054.174
2015 08 25 20 00 00 1 4054.197
2015 08 25 20 15 00 1 4054.218
2015 08 25 20 30 00 1 4054.237
2015 08 25 20 45 00 1 4054.257
2015 08 25 21 00 00 1 4054.272
2015 08 25 21 15 00 1 4054.285
2015 08 25 21 30 00 1 4054.299
2015 08 25 21 45 00 1 4054.311
2015 08 25 22 00 00 1 4054.321
2015 08 25 22 15 00 1 4054.328
2015 08 25 22 30 00 1 4054.329
2015 08 25 22 45 00 1 4054.328
2015 08 25 23 00 00 1 4054.324
2015 08 25 23 15 00 1 4054.318
2015 08 25 23 30 00 1 4054.309
2015 08 25 23 45 00 1 4054.294
2015 08 26 00 00 00 1 4054.282
2015 08 26 00 15 00 1 4054.268
2015 08 26 00 30 00 1 4054.250
2015 08 26 00 45 00 1 4054.226
2015 08 26 01 00 00 1 4054.201
2015 08 26 01 15 00 1 4054.181
2015 08 26 01 30 00 1 4054.154
2015 08 26 01 45 00 1 4054.129
2015 08 26 02 00 00 1 4054.108
2015 08 26 02 15 00 1 4054.089
2015 08 26 02 30 00 1 4054.068
2015 08 26 02 45 00 1 4054.049
2015 08 26 03 00 00 1 4054.033
2015 08 26 03 15 00 1 4054.020
2015 08 26 03 30 00 1 4054.010
2015 08 26 03 45 00 1 4054.004
2015 08 26 04 00 00 1 4054.001
2015 08 26 04 15 00 1 4053.999
2015 08 26 04 30 00 1 4054.003
2015 08 26 04 45 00 1 4054.011
2015 08 26 05 00 00 1 4054.023
2015 08 26 05 15 00 1 4054.042
2015 08 26 05 30 00 1 4054.065
2015 08 26 05 45 00 1 4054.088
2015 08 26 06 00 00 1 4054.116
2015 08 26 06 15 00 1 4054.151
2015 08 26 06 30 00 1 4054.187
2015 08 26 06 45 00 1 4054.225
2015 08 26 07 00 00 1 4054.263
2015 08 26 07 15 00 1 4054.306
2015 08 26 07 30 00 1 4054.348
2015 08 26 07 45 00 1 4054.392
2015 08 26 08 00 00 1 4054.435
2015 08 26 08 15 00 1 4054.475
2015 08 26 08 30 00 1 4054.517
2015 08 26 08 45 00 1 4054.555
2015 08 26 09 00 00 1 4054.589
2015 08 26 09 15 00 1 4054.624
2015 08 26 09 30 00 1 4054.653
2015 08 26 09 45 00 1 4054.681
2015 08 26 10 00 00 1 4054.702
2015 08 26 10 15 00 1 4054.718
2015 08 26 10 30 00 1 4054.730
2015 08 26 10 45 00 1 4054.736
2015 08 26 11 00 00 1 4054.740
2015 08 26 11 15 00 1 4054.733
2015 08 26 11 30 00 1 4054.724
2015 08 26 11 45 00 1 4054.706
2015 08 26 12 00 00 1 4054.686
2015 08 26 12 15 00 1 4054.660
2015 08 26 12 30 00 1 4054.629
2015 08 26 12 45 00 1 4054.599
2015 08 26 13 00 00 1 4054.562
2015 08 26 13 15 00 1 4054.521
2015 08 26 13 30 00 1 4054.481
2015 08 26 13 45 00 1 4054.437
2015 08 26 14 00 00 1 4054.392
2015 08 26 14 15 00 1 4054.348
2015 08 26 14 30 00 1 4054.303
2015 08 26 14 45 00 1 4054.259
2015 08 26 15 00 00 1 4054.216
2015 08 26 15 15 00 1 4054.173
2015 08 26 15 30 00 1 4054.134
2015 08 26 15 45 00 1 4054.094
2015 08 26 16 00 00 1 4054.061
2015 08 26 16 15 00 1 4054.030
2015 08 26 16 30 00 1 4054.001
2015 08 26 16 45 00 1 4053.980
2015 08 26 17 00 00 1 4053.964
2015 08 26 17 15 00 1 4053.949
2015 08 26 17 30 00 1 4053.942
2015 08 26 17 45 00 1 4053.940
2015 08 26 18 00 00 1 4053.941
2015 08 26 18 15 00 1 4053.947
2015 08 26 18 30 00 1 4053.958
2015 08 26 18 45 00 1 4053.975
2015 08 26 19 00 00 1 4053.995
2015 08 26 19 15 00 1 4054.015
2015 08 26 19 30 00 1 4054.039
2015 08 26 19 45 00 1 4054.069
2015 08 26 20 00 00 1 4054.098
2015 08 26 20 15 00 1 4054.132
2015 08 26 20 30 00 1 4054.160
2015 08 26 20 45 00 1 4054.193
2015 08 26 21 00 00 1 4054.226
2015 08 26 21 15 00 1 4054.252
2015 08 26 21 30 00 1 4054.280
2015 08 26 21 45 00 1 4054.305
2015 08 26 22 00 00 1 4054.324
2015 08 26 22 15 00 1 4054.346
2015 08 26 22 30 00 1 4054.364
2015 08 26 22 45 00 1 4054.374
2015 08 26 23 00 00 1 4054.383
2015 08 26 23 15 00 1 4054.391
2015 08 26 23 30 00 1 4054.396
2015 08 26 23 45 00 1 4054.392
2015 08 27 00 00 00 1 4054.382
2015 08 27 00 15 00 1 4054.372
2015 08 27 00 30 00 1 4054.360
2015 08 27 00 45 00 1 4054.341
2015 08 27 01 00 00 1 4054.315
2015 08 27 01 15 00 1 4054.291
2015 08 27 01 30 00 1 4054.262
2015 08 27 01 45 00 1 4054.234
2015 08 27 02 00 00 1 4054.203
2015 08 27 02 15 00 1 4054.173
2015 08 27 02 30 00 1 4054.141
2015 08 27 02 45 00 1 4054.109
2015 08 27 03 00 00 1 4054.078
2015 08 27 03 15 00 1 4054.051
2015 08 27 03 30 00 1 4054.024
2015 08 27 03 45 00 1 4054.000
2015 08 27 04 00 00 1 4053.977
2015 08 27 04 15 00 1 4053.961
2015 08 27 04 30 00 1 4053.945
2015 08 27 04 45 00 1 4053.932
2015 08 27 05 00 00 1 4053.928
2015 08 27 05 15 00 1 4053.927
2015 08 27 05 30 00 1 4053.930
2015 08 27 05 45 00 1 4053.942
2015 08 27 06 00 00 1 4053.957
2015 08 27 06 15 00 1 4053.980
2015 08 27 06 30 00 1 4054.012
2015 08 27 06 45 00 1 4054.043
2015 08 27 07 00 00 1 4054.083
2015 08 27 07 15 00 1 4054.125
2015 08 27 07 30 00 1 4054.168
2015 08 27 07 45 00 1 4054.219
2015 08 27 08 00 00 1 4054.270
2015 08 27 08 15 00 1 4054.321
2015 08 27 08 30 00 1 4054.369
2015 08 27 08 45 00 1 4054.424
2015 08 27 09 00 00 1 4054.474
2015 08 27 09 15 00 1 4054.526
2015 08 27 09 30 00 1 4054.579
2015 08 27 09 45 00 1 4054.623
2015 08 27 10 00 00 1 4054.664
2015 08 27 10 15 00 1 4054.707
2015 08 27 10 30 00 1 4054.735
2015 08 27 10 45 00 1 4054.765
2015 08 27 11 00 00 1 4054.788
2015 08 27 11 15 00 1 4054.806
2015 08 27 11 30 00 1 4054.814
2015 08 27 11 45 00 1 4054.817
2015 08 27 12 00 00 1 4054.815
2015 08 27 12 15 00 1 4054.803
2015 08 27 12 30 00 1 4054.786
2015 08 27 12 45 00 1 4054.758
2015 08 27 13 00 00 1 4054.725
2015 08 27 13 15 00 1 4054.690
2015 08 27 13 30 00 1 4054.649
2015 08 27 13 45 00 1 4054.605
2015 08 27 14 00 00 1 4054.555
2015 08 27 14 15 00 1 4054.504
2015 08 27 14 30 00 1 4054.453
2015 08 27 14 45 00 1 4054.393
2015 08 27 15 00 00 1 4054.334
2015 08 27 15 15 00 1 4054.278
2015 08 27 15 30 00 1 4054.220
2015 08 27 15 45 00 1 4054.166
2015 08 27 16 00 00 1 4054.113
2015 08 27 16 15 00 1 4054.065
2015 08 27 16 30 00 1 4054.018
2015 08 27 16 45 00 1 4053.978
2015 08 27 17 00 00 1 4053.936
2015 08 27 17 15 00 1 4053.908
2015 08 27 17 30 00 1 4053.881
2015 08 27 17 45 00 1 4053.861
2015 08 27 18 00 00 1 4053.850
2015 08 27 18 15 00 1 4053.840
2015 08 27 18 30 00 1 4053.840
2015 08 27 18 45 00 1 4053.844
2015 08 27 19 00 00 1 4053.856
2015 08 27 19 15 00 1 4053.872
2015 08 27 19 30 00 1 4053.896
2015 08 27 19 45 00 1 4053.921
2015 08 27 20 00 00 1 4053.954
2015 08 27 20 15 00 1 4053.992
2015 08 27 20 30 00 1 4054.030
2015 08 27 20 45 00 1 4054.068
2015 08 27 21 00 00 1 4054.110
2015 08 27 21 15 00 1 4054.154
2015 08 27 21 30 00 1 4054.195
2015 08 27 21 45 00 1 4054.237
2015 08 27 22 00 00 1 4054.276
2015 08 27 22 15 00 1 4054.313
2015 08 27 22 30 00 1 4054.346
2015 08 27 22 45 00 1 4054.376
2015 08 27 23 00 00 1 4054.404
2015 08 27 23 15 00 1 4054.424
2015 08 27 23 30 00 1 4054.443
2015 08 27 23 45 00 1 4054.461
2015 08 28 00 00 00 1 4054.468
2015 08 28 00 15 00 1 4054.472
2015 08 28 00 30 00 1 4054.465
2015 08 28 00 45 00 1 4054.458
2015 08 28 01 00 00 1 4054.441
2015 08 28 01 15 00 1 4054.420
2015 08 28 01 30 00 1 4054.398
2015 08 28 01 45 00 1 4054.371
2015 08 28 02 00 00 1 4054.337
2015 08 28 02 15 00 1 4054.309
2015 08 28 02 30 00 1 4054.271
2015 08 28 02 45 00 1 4054.232
2015 08 28 03 00 00 1 4054.188
2015 08 28 03 15 00 1 4054.151
2015 08 28 03 30 00 1 4054.106
2015 08 28 03 45 00 1 4054.065
2015 08 28 04 00 00 1 4054.032
2015 08 28 04 15 00 1 4053.994
2015 08 28 04 30 00 1 4053.962
2015 08 28 04 45 00 1 4053.929
2015 08 28 05 00 00 1 4053.907
2015 08 28 05 15 00 1 4053.888
2015 08 28 05 30 00 1 4053.871
2015 08 28 05 45 00 1 4053.865
2015 08 28 06 00 00 1 4053.861
2015 08 28 06 15 00 1 4053.867
2015 08 28 06 30 00 1 4053.876
2015 08 28 06 45 00 1 4053.888
2015 08 28 07 00 00 1 4053.913
2015 08 28 07 15 00 1 4053.948
2015 08 28 07 30 00 1 4053.985
2015 08 28 07 45 00 1 4054.028
2015 08 28 08 00 00 1 4054.076
2015 08 28 08 15 00 1 4054.130
2015 08 28 08 30 00 1 4054.190
2015 08 28 08 45 00 1 4054.245
2015 08 28 09 00 00 1 4054.306
2015 08 28 09 15 00 1 4054.366
2015 08 28 09 30 00 1 4054.433
2015 08 28 09 45 00 1 4054.495
2015 08 28 10 00 00 1 4054.553
2015 08 28 10 15 00 1 4054.618
2015 08 28 10 30 00 1 4054.674
2015 08 28 10 45 00 1 4054.723
2015 08 28 11 00 00 1 4054.768
2015 08 28 11 15 00 1 4054.808
2015 08 28 11 30 00 1 4054.842
2015 08 28 11 45 00 1 4054.871
2015 08 28 12 00 00 1 4054.885
2015 08 28 12 15 00 1 4054.894
2015 08 28 12 30 00 1 4054.903
2015 08 28 12 45 00 1 4054.899
2015 08 28 13 00 00 1 4054.886
2015 08 28 13 15 00 1 4054.862
2015 08 28 13 30 00 1 4054.838
2015 08 28 13 45 00 1 4054.801
2015 08 28 14 00 00 1 4054.757
2015 08 28 14 15 00 1 4054.708
2015 08 28 14 30 00 1 4054.654
2015 08 28 14 45 00 1 4054.594
2015 08 28 15 00 00 1 4054.530
2015 08 28 15 15 00 1 4054.464
2015 08 28 15 30 00 1 4054.393
2015 08 28 15 45 00 1 4054.322
2015 08 28 16 00 00 1 4054.251
2015 08 28 16 15 00 1 4054.185
2015 08 28 16 30 00 1 4054.117
2015 08 28 16 45 00 1 4054.052
2015 08 28 17 00 00 1 4053.994
2015 08 28 17 15 00 1 4053.940
2015 08 28 17 30 00 1 4053.888
2015 08 28 17 45 00 1 4053.845
2015 08 28 18 00 00 1 4053.811
2015 08 28 18 15 00 1 4053.783
2015 08 28 18 30 00 1 4053.758
2015 08 28 18 45 00 1 4053.743
2015 08 28 19 00 00 1 4053.741
2015 08 28 19 15 00 1 4053.739
2015 08 28 19 30 00 1 4053.749
2015 08 28 19 45 00 1 4053.769
2015 08 28 20 00 00 1 4053.792
2015 08 28 20 15 00 1 4053.826
2015 08 28 20 30 00 1 4053.861
2015 08 28 20 45 00 1 4053.904
2015 08 28 21 00 00 1 4053.950
2015 08 28 21 15 00 1 4053.996
2015 08 28 21 30 00 1 4054.044
2015 08 28 21 45 00 1 4054.096
2015 08 28 22 00 00 1 4054.152
2015 08 28 22 15 00 1 4054.201
2015 08 28 22 30 00 1 4054.252
2015 08 28 22 45 00 1 4054.303
2015 08 28 23 00 00 1 4054.349
2015 08 28 23 15 00 1 4054.393
2015 08 28 23 30 00 1 4054.431
2015 08 28 23 45 00 1 4054.464
2015 08 29 00 00 00 1 4054.493
2015 08 29 00 15 00 1 4054.513
2015 08 29 00 30 00 1 4054.527
2015 08 29 00 45 00 1 4054.536
2015 08 29 01 00 00 1 4054.540
2015 08 29 01 15 00 1 4054.533
2015 08 29 01 30 00 1 4054.524
2015 08 29 01 45 00 1 4054.508
2015 08 29 02 00 00 1 4054.486
2015 08 29 02 15 00 1 4054.455
2015 08 29 02 30 00 1 4054.419
2015 08 29 02 45 00 1 4054.378
2015 08 29 03 00 00 1 4054.333
2015 08 29 03 15 00 1 4054.289
2015 08 29 03 30 00 1 4054.239
2015 08 29 03 45 00 1 4054.189
2015 08 29 04 00 00 1 4054.137
2015 08 29 04 15 00 1 4054.086
2015 08 29 04 30 00 1 4054.037
2015 08 29 04 45 00 1 4053.992
2015 08 29 05 00 00 1 4053.947
2015 08 29 05 15 00 1 4053.903
2015 08 29 05 30 00 1 4053.864
2015 08 29 05 45 00 1 4053.835
2015 08 29 06 00 00 1 4053.807
2015 08 29 06 15 00 1 4053.786
2015 08 29 06 30 00 1 4053.774
2015 08 29 06 45 00 1 4053.770
2015 08 29 07 00 00 1 4053.773
2015 08 29 07 15 00 1 4053.786
2015 08 29 07 30 00 1 4053.810
2015 08 29 07 45 00 1 4053.835
2015 08 29 08 00 00 1 4053.872
2015 08 29 08 15 00 1 4053.912
2015 08 29 08 30 00 1 4053.965
2015 08 29 08 45 00 1 4054.018
2015 08 29 09 00 00 1 4054.079
2015 08 29 09 15 00 1 4054.138
2015 08 29 09 30 00 1 4054.208
2015 08 29 09 45 00 1 4054.278
2015 08 29 10 00 00 1 4054.352
2015 08 29 10 15 00 1 4054.428
2015 08 29 10 30 00 1 4054.498
2015 08 29 10 45 00 1 4054.569
2015 08 29 11 00 00 1 4054.634
2015 08 29 11 15 00 1 4054.697
2015 08 29 11 30 00 1 4054.756
2015 08 29 11 45 00 1 4054.805
2015 08 29 12 00 00 1 4054.855
2015 08 29 12 15 00 1 4054.892
2015 08 29 12 30 00 1 4054.921
2015 08 29 12 45 00 1 4054.945
2015 08 29 13 00 00 1 4054.956
2015 08 29 13 15 00 1 4054.959
2015 08 29 13 30 00 1 4054.953
2015 08 29 13 45 00 1 4054.936
2015 08 29 14 00 00 1 4054.910
2015 08 29 14 15 00 1 4054.877
2015 08 29 14 30 00 1 4054.836
2015 08 29 14 45 00 1 4054.785
2015 08 29 15 00 00 1 4054.729
2015 08 29 15 15 00 1 4054.668
2015 08 29 15 30 00 1 4054.600
2015 08 29 15 45 00 1 4054.527
2015 08 29 16 00 00 1 4054.447
2015 08 29 16 15 00 1 4054.369
2015 08 29 16 30 00 1 4054.289
2015 08 29 16 45 00 1 4054.209
2015 08 29 17 00 00 1 4054.133
2015 08 29 17 15 00 1 4054.059
2015 08 29 17 30 00 1 4053.990
2015 08 29 17 45 00 1 4053.927
2015 08 29 18 00 00 1 4053.865
2015 08 29 18 15 00 1 4053.810
2015 08 29 18 30 00 1 4053.766
2015 08 29 18 45 00 1 4053.731
2015 08 29 19 00 00 1 4053.701
2015 08 29 19 15 00 1 4053.678
2015 08 29 19 30 00 1 4053.665
2015 08 29 19 45 00 1 4053.661
2015 08 29 20 00 00 1 4053.668
2015 08 29 20 15 00 1 4053.684
2015 08 29 20 30 00 1 4053.705
2015 08 29 20 45 00 1 4053.739
2015 08 29 21 00 00 1 4053.776
2015 08 29 21 15 00 1 4053.820
2015 08 29 21 30 00 1 4053.869
2015 08 29 21 45 00 1 4053.924
2015 08 29 22 00 00 1 4053.983
2015 08 29 22 15 00 1 4054.044
2015 08 29 22 30 00 1 4054.106
2015 08 29 22 45 00 1 4054.169
2015 08 29 23 00 00 1 4054.231
2015 08 29 23 15 00 1 4054.295
2015 08 29 23 30 00 1 4054.351
2015 08 29 23 45 00 1 4054.403
2015 08 30 00 00 00 1 4054.452
2015 08 30 00 15 00 1 4054.497
2015 08 30 00 30 00 1 4054.532
2015 08 30 00 45 00 1 4054.561
2015 08 30 01 00 00 1 4054.584
2015 08 30 01 15 00 1 4054.601
2015 08 30 01 30 00 1 4054.606
2015 08 30 01 45 00 1 4054.604
2015 08 30 02 00 00 1 4054.595
2015 08 30 02 15 00 1 4054.579
2015 08 30 02 30 00 1 4054.557
2015 08 30 02 45 00 1 4054.526
2015 08 30 03 00 00 1 4054.488
2015 08 30 03 15 00 1 4054.446
2015 08 30 03 30 00 1 4054.398
2015 08 30 03 45 00 1 4054.346
2015 08 30 04 00 00 1 4054.293
2015 08 30 04 15 00 1 4054.232
2015 08 30 04 30 00 1 4054.173
2015 08 30 04 45 00 1 4054.113
2015 08 30 05 00 00 1 4054.052
2015 08 30 05 15 00 1 4053.991
2015 08 30 05 30 00 1 4053.939
2015 08 30 05 45 00 1 4053.885
2015 08 30 06 00 00 1 4053.835
2015 08 30 06 15 00 1 4053.792
2015 08 30 06 30 00 1 4053.753
2015 08 30 06 45 00 1 4053.721
2015 08 30 07 00 00 1 4053.697
2015 08 30 07 15 00 1 4053.682
2015 08 30 07 30 00 1 4053.678
2015 08 30 07 45 00 1 4053.678
2015 08 30 08 00 00 1 4053.692
2015 08 30 08 15 00 1 4053.712
2015 08 30 08 30 00 1 4053.745
2015 08 30 08 45 00 1 4053.781
2015 08 30 09 00 00 1 4053.827
2015 08 30 09 15 00 1 4053.880
2015 08 30 09 30 00 1 4053.941
2015 08 30 09 45 00 1 4054.006
2015 08 30 10 00 00 1 4054.082
2015 08 30 10 15 00 1 4054.157
2015 08 30 10 30 00 1 4054.233
2015 08 30 10 45 00 1 4054.316
2015 08 30 11 00 00 1 4054.395
2015 08 30 11 15 00 1 4054.472
2015 08 30 11 30 00 1 4054.551
2015 08 30 11 45 00 1 4054.622
2015 08 30 12 00 00 1 4054.693
2015 08 30 12 15 00 1 4054.756
2015 08 30 12 30 00 1 4054.813
2015 08 30 12 45 00 1 4054.863
2015 08 30 13 00 00 1 4054.905
2015 08 30 13 15 00 1 4054.938
2015 08 30 13 30 00 1 4054.964
2015 08 30 13 45 00 1 4054.975
2015 08 30 14 00 00 1 4054.978
2015 08 30 14 15 00 1 4054.969
2015 08 30 14 30 00 1 4054.948
2015 08 30 14 45 00 1 4054.918
2015 08 30 15 00 00 1 4054.883
2015 08 30 15 15 00 1 4054.832
2015 08 30 15 30 00 1 4054.776
2015 08 30 15 45 00 1 4054.715
2015 08 30 16 00 00 1 4054.647
2015 08 30 16 15 00 1 4054.573
2015 08 30 16 30 00 1 4054.492
2015 08 30 16 45 00 1 4054.412
2015 08 30 17 00 00 1 4054.329
2015 08 30 17 15 00 1 4054.243
2015 08 30 17 30 00 1 4054.162
2015 08 30 17 45 00 1 4054.086
2015 08 30 18 00 00 1 4054.007
2015 08 30 18 15 00 1 4053.931
2015 08 30 18 30 00 1 4053.866
2015 08 30 18 45 00 1 4053.808
2015 08 30 19 00 00 1 4053.753
2015 08 30 19 15 00 1 4053.710
2015 08 30 19 30 00 1 4053.670
2015 08 30 19 45 00 1 4053.644
2015 08 30 20 00 00 1 4053.629
2015 08 30 20 15 00 1 4053.623
2015 08 30 20 30 00 1 4053.624
2015 08 30 20 45 00 1 4053.637
2015 08 30 21 00 00 1 4053.659
2015 08 30 21 15 00 1 4053.684
2015 08 30 21 30 00 1 4053.719
2015 08 30 21 45 00 1 4053.761
2015 08 30 22 00 00 1 4053.814
2015 08 30 22 15 00 1 4053.870
2015 08 30 22 30 00 1 4053.929
2015 08 30 22 45 00 1 4053.997
2015 08 30 23 00 00 1 4054.066
2015 08 30 23 15 00 1 4054.136
2015 08 30 23 30 00 1 4054.207
2015 08 30 23 45 00 1 4054.278
2015 08 31 00 00 00 1 4054.343
2015 08 31 00 15 00 1 4054.409
2015 08 31 00 30 00 1 4054.467
2015 08 31 00 45 00 1 4054.520
2015 08 31 01 00 00 1 4054.571
2015 08 31 01 15 00 1 4054.611
2015 08 31 01 30 00 1 4054.644
2015 08 31 01 45 00 1 4054.667
2015 08 31 02 00 00 1 4054.681
2015 08 31 02 15 00 1 4054.686
2015 08 31 02 30 00 1 4054.687
2015 08 31 02 45 00 1 4054.679
2015 08 31 03 00 00 1 4054.658
2015 08 31 03 15 00 1 4054.634
2015 08 31 03 30 00 1 4054.599
2015 08 31 03 45 00 1 4054.557
2015 08 31 04 00 00 1 4054.512
2015 08 31 04 15 00 1 4054.459
2015 08 31 04 30 00 1 4054.404
2015 08 31 04 45 00 1 4054.342
2015 08 31 05 00 00 1 4054.277
2015 08 31 05 15 00 1 4054.210
2015 08 31 05 30 00 1 4054.144
2015 08 31 05 45 00 1 4054.075
2015 08 31 06 00 00 1 4054.012
2015 08 31 06 15 00 1 4053.949
2015 08 31 06 30 00 1 4053.893
2015 08 31 06 45 00 1 4053.838
2015 08 31 07 00 00 1 4053.793
2015 08 31 07 15 00 1 4053.754
2015 08 31 07 30 00 1 4053.717
2015 08 31 07 45 00 1 4053.693
2015 08 31 08 00 00 1 4053.674
2015 08 31 08 15 00 1 4053.665
2015 08 31 08 30 00 1 4053.664
2015 08 31 08 45 00 1 4053.674
2015 08 31 09 00 00 1 4053.693
2015 08 31 09 15 00 1 4053.718
2015 08 31 09 30 00 1 4053.755
2015 08 31 09 45 00 1 4053.803
2015 08 31 10 00 00 1 4053.857
2015 08 31 10 15 00 1 4053.919
2015 08 31 10 30 00 1 4053.986
2015 08 31 10 45 00 1 4054.059
2015 08 31 11 00 00 1 4054.136
2015 08 31 11 15 00 1 4054.216
2015 08 31 11 30 00 1 4054.298
2015 08 31 11 45 00 1 4054.381
2015 08 31 12 00 00 1 4054.460
2015 08 31 12 15 00 1 4054.540
2015 08 31 12 30 00 1 4054.611
2015 08 31 12 45 00 1 4054.681
2015 08 31 13 00 00 1 4054.748
2015 08 31 13 15 00 1 4054.805
2015 08 31 13 30 00 1 4054.858
2015 08 31 13 45 00 1 4054.901
2015 08 31 14 00 00 1 4054.935
2015 08 31 14 15 00 1 4054.958
2015 08 31 14 30 00 1 4054.972
2015 08 31 14 45 00 1 4054.976
2015 08 31 15 00 00 1 4054.968
2015 08 31 15 15 00 1 4054.948
2015 08 31 15 30 00 1 4054.918
2015 08 31 15 45 00 1 4054.878
2015 08 31 16 00 00 1 4054.828
2015 08 31 16 15 00 1 4054.772
2015 08 31 16 30 00 1 4054.712
2015 08 31 16 45 00 1 4054.641
2015 08 31 17 00 00 1 4054.565
2015 08 31 17 15 00 1 4054.483
2015 08 31 17 30 00 1 4054.401
2015 08 31 17 45 00 1 4054.316
2015 08 31 18 00 00 1 4054.231
2015 08 31 18 15 00 1 4054.147
2015 08 31 18 30 00 1 4054.065
2015 08 31 18 45 00 1 4053.987
2015 08 31 19 00 00 1 4053.913
2015 08 31 19 15 00 1 4053.847
2015 08 31 19 30 00 1 4053.787
2015 08 31 19 45 00 1 4053.737
2015 08 31 20 00 00 1 4053.693
2015 08 31 20 15 00 1 4053.655
2015 08 31 20 30 00 1 4053.631
2015 08 31 20 45 00 1 4053.614
2015 08 31 21 00 00 1 4053.607
2015 08 31 21 15 00 1 4053.613
2015 08 31 21 30 00 1 4053.629
2015 08 31 21 45 00 1 4053.651
2015 08 31 22 00 00 1 4053.687
2015 08 31 22 15 00 1 4053.727
2015 08 31 22 30 00 1 4053.775
2015 08 31 22 45 00 1 4053.832
2015 08 31 23 00 00 1 4053.891
2015 08 31 23 15 00 1 4053.955
2015 08 31 23 30 00 1 4054.023
2015 08 31 23 45 00 1 4054.095
2015 09 01 00 00 00 1 4054.171
2015 09 01 00 15 00 1 4054.246
2015 09 01 00 30 00 1 4054.318
2015 09 01 00 45 00 1 4054.390
2015 09 01 01 00 00 1 4054.459
2015 09 01 01 15 00 1 4054.521
2015 09 01 01 30 00 1 4054.580
2015 09 01 01 45 00 1 4054.628
2015 09 01 02 00 00 1 4054.669
2015 09 01 02 15 00 1 4054.703
2015 09 01 02 30 00 1 4054.732
2015 09 01 02 45 00 1 4054.752
2015 09 01 03 00 00 1 4054.758
2015 09 01 03 15 00 1 4054.757
2015 09 01 03 30 00 1 4054.748
2015 09 01 03 45 00 1 4054.729
2015 09 01 04 00 00 1 4054.700
2015 09 01 04 15 00 1 4054.668
2015 09 01 04 30 00 1 4054.626
2015 09 01 04 45 00 1 4054.577
2015 09 01 05 00 00 1 4054.521
2015 09 01 05 15 00 1 4054.462
2015 09 01 05 30 00 1 4054.401
2015 09 01 05 45 00 1 4054.337
2015 09 01 06 00 00 1 4054.272
2015 09 01 06 15 00 1 4054.203
2015 09 01 06 30 00 1 4054.133
2015 09 01 06 45 00 1 4054.064
2015 09 01 07 00 00 1 4053.999
2015 09 01 07 15 00 1 4053.932
2015 09 01 07 30 00 1 4053.875
2015 09 01 07 45 00 1 4053.823
2015 09 01 08 00 00 1 4053.776
2015 09 01 08 15 00 1 4053.738
2015 09 01 08 30 00 1 4053.709
2015 09 01 08 45 00 1 4053.687
2015 09 01 09 00 00 1 4053.677
2015 09 01 09 15 00 1 4053.674
2015 09 01 09 30 00 1 4053.680
2015 09 01 09 45 00 1 4053.697
2015 09 01 10 00 00 1 4053.718
2015 09 01 10 15 00 1 4053.750
2015 09 01 10 30 00 1 4053.790
2015 09 01 10 45 00 1 4053.840
2015 09 01 11 00 00 1 4053.894
2015 09 01 11 15 00 1 4053.958
2015 09 01 11 30 00 1 4054.026
2015 09 01 11 45 00 1 4054.101
2015 09 01 12 00 00 1 4054.178
2015 09 01 12 15 00 1 4054.256
2015 09 01 12 30 00 1 4054.333
2015 09 01 12 45 00 1 4054.409
2015 09 01 13 00 00 1 4054.486
2015 09 01 13 15 00 1 4054.559
2015 09 01 13 30 00 1 4054.629
2015 09 01 13 45 00 1 4054.695
2015 09 01 14 00 00 1 4054.753
2015 09 01 14 15 00 1 4054.802
2015 09 01 14 30 00 1 4054.848
2015 09 01 14 45 00 1 4054.879
2015 09 01 15 00 00 1 4054.900
2015 09 01 15 15 00 1 4054.913
2015 09 01 15 30 00 1 4054.914
2015 09 01 15 45 00 1 4054.902
2015 09 01 16 00 00 1 4054.881
2015 09 01 16 15 00 1 4054.854
2015 09 01 16 30 00 1 4054.818
2015 09 01 16 45 00 1 4054.772
2015 09 01 17 00 00 1 4054.718
2015 09 01 17 15 00 1 4054.656
2015 09 01 17 30 00 1 4054.590
2015 09 01 17 45 00 1 4054.517
2015 09 01 18 00 00 1 4054.441
2015 09 01 18 15 00 1 4054.361
2015 09 01 18 30 00 1 4054.285
2015 09 01 18 45 00 1 4054.205
2015 09 01 19 00 00 1 4054.125
2015 09 01 19 15 00 1 4054.047
2015 09 01 19 30 00 1 4053.972
2015 09 01 19 45 00 1 4053.901
2015 09 01 20 00 00 1 4053.840
2015 09 01 20 15 00 1 4053.783
2015 09 01 20 30 00 1 4053.734
2015 09 01 20 45 00 1 4053.692
2015 09 01 21 00 00 1 4053.661
2015 09 01 21 15 00 1 4053.638
2015 09 01 21 30 00 1 4053.622
2015 09 01 21 45 00 1 4053.617
2015 09 01 22 00 00 1 4053.620
2015 09 01 22 15 00 1 4053.634
2015 09 01 22 30 00 1 4053.657
2015 09 01 22 45 00 1 4053.689
2015 09 01 23 00 00 1 4053.733
2015 09 01 23 15 00 1 4053.783
2015 09 01 23 30 00 1 4053.843
2015 09 01 23 45 00 1 4053.902
2015 09 02 00 00 00 1 4053.969
2015 09 02 00 15 00 1 4054.043
2015 09 02 00 30 00 1 4054.115
2015 09 02 00 45 00 1 4054.190
2015 09 02 01 00 00 1 4054.269
2015 09 02 01 15 00 1 4054.339
2015 09 02 01 30 00 1 4054.411
2015 09 02 01 45 00 1 4054.479
2015 09 02 02 00 00 1 4054.541
2015 09 02 02 15 00 1 4054.594
2015 09 02 02 30 00 1 4054.646
2015 09 02 02 45 00 1 4054.686
2015 09 02 03 00 00 1 4054.723
2015 09 02 03 15 00 1 4054.753
2015 09 02 03 30 00 1 4054.770
2015 09 02 03 45 00 1 4054.782
2015 09 02 04 00 00 1 4054.784
2015 09 02 04 15 00 1 4054.778
2015 09 02 04 30 00 1 4054.763
2015 09 02 04 45 00 1 4054.735
2015 09 02 05 00 00 1 4054.703
2015 09 02 05 15 00 1 4054.661
2015 09 02 05 30 00 1 4054.617
2015 09 02 05 45 00 1 4054.567
2015 09 02 06 00 00 1 4054.514
2015 09 02 06 15 00 1 4054.454
2015 09 02 06 30 00 1 4054.391
2015 09 02 06 45 00 1 4054.328
2015 09 02 07 00 00 1 4054.258
2015 09 02 07 15 00 1 4054.192
2015 09 02 07 30 00 1 4054.124
2015 09 02 07 45 00 1 4054.061
2015 09 02 08 00 00 1 4054.000
2015 09 02 08 15 00 1 4053.943
2015 09 02 08 30 00 1 4053.887
2015 09 02 08 45 00 1 4053.839
2015 09 02 09 00 00 1 4053.802
2015 09 02 09 15 00 1 4053.769
2015 09 02 09 30 00 1 4053.743
2015 09 02 09 45 00 1 4053.726
2015 09 02 10 00 00 1 4053.720
2015 09 02 10 15 00 1 4053.717
2015 09 02 10 30 00 1 4053.728
2015 09 02 10 45 00 1 4053.742
2015 09 02 11 00 00 1 4053.766
2015 09 02 11 15 00 1 4053.801
2015 09 02 11 30 00 1 4053.842
2015 09 02 11 45 00 1 4053.894
2015 09 02 12 00 00 1 4053.945
2015 09 02 12 15 00 1 4054.006
2015 09 02 12 30 00 1 4054.071
2015 09 02 12 45 00 1 4054.139
2015 09 02 13 00 00 1 4054.210
2015 09 02 13 15 00 1 4054.280
2015 09 02 13 30 00 1 4054.349
2015 09 02 13 45 00 1 4054.422
2015 09 02 14 00 00 1 4054.485
2015 09 02 14 15 00 1 4054.548
2015 09 02 14 30 00 1 4054.608
2015 09 02 14 45 00 1 4054.658
2015 09 02 15 00 00 1 4054.706
2015 09 02 15 15 00 1 4054.743
2015 09 02 15 30 00 1 4054.772
2015 09 02 15 45 00 1 4054.788
2015 09 02 16 00 00 1 4054.801
2015 09 02 16 15 00 1 4054.805
2015 09 02 16 30 00 1 4054.797
2015 09 02 16 45 00 1 4054.782
2015 09 02 17 00 00 1 4054.757
2015 09 02 17 15 00 1 4054.724
2015 09 02 17 30 00 1 4054.682
2015 09 02 17 45 00 1 4054.634
2015 09 02 18 00 00 1 4054.582
2015 09 02 18 15 00 1 4054.524
2015 09 02 18 30 00 1 4054.457
2015 09 02 18 45 00 1 4054.390
2015 09 02 19 00 00 1 4054.321
2015 09 02 19 15 00 1 4054.250
2015 09 02 19 30 00 1 4054.176
2015 09 02 19 45 00 1 4054.105
2015 09 02 20 00 00 1 4054.037
2015 09 02 20 15 00 1 4053.969
2015 09 02 20 30 00 1 4053.908
2015 09 02 20 45 00 1 4053.854
2015 09 02 21 00 00 1 4053.803
2015 09 02 21 15 00 1 4053.758
2015 09 02 21 30 00 1 4053.723
2015 09 02 21 45 00 1 4053.693
2015 09 02 22 00 00 1 4053.673
2015 09 02 22 15 00 1 4053.658
2015 09 02 22 30 00 1 4053.656
2015 09 02 22 45 00 1 4053.656
2015 09 02 23 00 00 1 4053.669
2015 09 02 23 15 00 1 4053.692
2015 09 02 23 30 00 1 4053.722
2015 09 02 23 45 00 1 4053.758
2015 09 03 00 00 00 1 4053.808
2015 09 03 00 15 00 1 4053.861
2015 09 03 00 30 00 1 4053.919
2015 09 03 00 45 00 1 4053.983
2015 09 03 01 00 00 1 4054.050
2015 09 03 01 15 00 1 4054.119
2015 09 03 01 30 00 1 4054.189
2015 09 03 01 45 00 1 4054.258
2015 09 03 02 00 00 1 4054.325
2015 09 03 02 15 00 1 4054.394
2015 09 03 02 30 00 1 4054.459
2015 09 03 02 45 00 1 4054.518
2015 09 03 03 00 00 1 4054.578
2015 09 03 03 15 00 1 4054.627
2015 09 03 03 30 00 1 4054.671
2015 09 03 03 45 00 1 4054.705
2015 09 03 04 00 00 1 4054.736
2015 09 03 04 15 00 1 4054.757
2015 09 03 04 30 00 1 4054.770
2015 09 03 04 45 00 1 4054.775
2015 09 03 05 00 00 1 4054.771
2015 09 03 05 15 00 1 4054.762
2015 09 03 05 30 00 1 4054.742
2015 09 03 05 45 00 1 4054.712
2015 09 03 06 00 00 1 4054.677
2015 09 03 06 15 00 1 4054.636
2015 09 03 06 30 00 1 4054.594
2015 09 03 06 45 00 1 4054.542
2015 09 03 07 00 00 1 4054.489
2015 09 03 07 15 00 1 4054.436
2015 09 03 07 30 00 1 4054.378
2015 09 03 07 45 00 1 4054.314
2015 09 03 08 00 00 1 4054.253
2015 09 03 08 15 00 1 4054.191
2015 09 03 08 30 00 1 4054.127
2015 09 03 08 45 00 1 4054.068
2015 09 03 09 00 00 1 4054.012
2015 09 03 09 15 00 1 4053.960
2015 09 03 09 30 00 1 4053.916
2015 09 03 09 45 00 1 4053.878
2015 09 03 10 00 00 1 4053.847
2015 09 03 10 15 00 1 4053.819
2015 09 03 10 30 00 1 4053.798
2015 09 03 10 45 00 1 4053.784
2015 09 03 11 00 00 1 4053.779
2015 09 03 11 15 00 1 4053.776
2015 09 03 11 30 00 1 4053.785
2015 09 03 11 45 00 1 4053.803
2015 09 03 12 00 00 1 4053.827
2015 09 03 12 15 00 1 4053.853
2015 09 03 12 30 00 1 4053.890
2015 09 03 12 45 00 1 4053.932
2015 09 03 13 00 00 1 4053.982
2015 09 03 13 15 00 1 4054.031
2015 09 03 13 30 00 1 4054.087
2015 09 03 13 45 00 1 4054.147
2015 09 03 14 00 00 1 4054.208
2015 09 03 14 15 00 1 4054.267
2015 09 03 14 30 00 1 4054.327
2015 09 03 14 45 00 1 4054.384
2015 09 03 15 00 00 1 4054.438
2015 09 03 15 15 00 1 4054.490
2015 09 03 15 30 00 1 4054.532
2015 09 03 15 45 00 1 4054.571
2015 09 03 16 00 00 1 4054.605
2015 09 03 16 15 00 1 4054.631
2015 09 03 16 30 00 1 4054.648
2015 09 03 16 45 00 1 4054.662
2015 09 03 17 00 00 1 4054.672
2015 09 03 17 15 00 1 4054.671
2015 09 03 17 30 00 1 4054.659
2015 09 03 17 45 00 1 4054.645
2015 09 03 18 00 00 1 4054.623
2015 09 03 18 15 00 1 4054.589
2015 09 03 18 30 00 1 4054.551
2015 09 03 18 45 00 1 4054.508
2015 09 03 19 00 00 1 4054.461
2015 09 03 19 15 00 1 4054.407
2015 09 03 19 30 00 1 4054.355
2015 09 03 19 45 00 1 4054.295
2015 09 03 20 00 00 1 4054.237
2015 09 03 20 15 00 1 4054.178
2015 09 03 20 30 00 1 4054.119
2015 09 03 20 45 00 1 4054.058
2015 09 03 21 00 00 1 4054.005
2015 09 03 21 15 00 1 4053.952
2015 09 03 21 30 00 1 4053.905
2015 09 03 21 45 00 1 4053.860
2015 09 03 22 00 00 1 4053.824
2015 09 03 22 15 00 1 4053.794
2015 09 03 22 30 00 1 4053.769
2015 09 03 22 45 00 1 4053.750
2015 09 03 23 00 00 1 4053.744
2015 09 03 23 15 00 1 4053.740
2015 09 03 23 30 00 1 4053.740
2015 09 03 23 45 00 1 4053.751
2015 09 04 00 00 00 1 4053.769
2015 09 04 00 15 00 1 4053.795
2015 09 04 00 30 00 1 4053.828
2015 09 04 00 45 00 1 4053.866
2015 09 04 01 00 00 1 4053.912
2015 09 04 01 15 00 1 4053.962
2015 09 04 01 30 00 1 4054.016
2015 09 04 01 45 00 1 4054.073
2015 09 04 02 00 00 1 4054.134
2015 09 04 02 15 00 1 4054.197
2015 09 04 02 30 00 1 4054.257
2015 09 04 02 45 00 1 4054.323
2015 09 04 03 00 00 1 4054.384
2015 09 04 03 15 00 1 4054.443
2015 09 04 03 30 00 1 4054.501
2015 09 04 03 45 00 1 4054.553
2015 09 04 04 00 00 1 4054.602
2015 09 04 04 15 00 1 4054.648
2015 09 04 04 30 00 1 4054.682
2015 09 04 04 45 00 1 4054.711
2015 09 04 05 00 00 1 4054.736
2015 09 04 05 15 00 1 4054.750
2015 09 04 05 30 00 1 4054.756
2015 09 04 05 45 00 1 4054.756
2015 09 04 06 00 00 1 4054.749
2015 09 04 06 15 00 1 4054.740
2015 09 04 06 30 00 1 4054.720
2015 09 04 06 45 00 1 4054.694
2015 09 04 07 00 00 1 4054.663
2015 09 04 07 15 00 1 4054.632
2015 09 04 07 30 00 1 4054.590
2015 09 04 07 45 00 1 4054.545
2015 09 04 08 00 00 1 4054.495
2015 09 04 08 15 00 1 4054.450
2015 09 04 08 30 00 1 4054.397
2015 09 04 08 45 00 1 4054.341
2015 09 04 09 00 00 1 4054.291
2015 09 04 09 15 00 1 4054.238
2015 09 04 09 30 00 1 4054.188
2015 09 04 09 45 00 1 4054.137
2015 09 04 10 00 00 1 4054.091
2015 09 04 10 15 00 1 4054.050
2015 09 04 10 30 00 1 4054.007
2015 09 04 10 45 00 1 4053.969
2015 09 04 11 00 00 1 4053.940
2015 09 04 11 15 00 1 4053.910
2015 09 04 11 30 00 1 4053.891
2015 09 04 11 45 00 1 4053.876
2015 09 04 12 00 00 1 4053.866
2015 09 04 12 15 00 1 4053.865
2015 09 04 12 30 00 1 4053.869
2015 09 04 12 45 00 1 4053.878
2015 09 04 13 00 00 1 4053.894
2015 09 04 13 15 00 1 4053.916
2015 09 04 13 30 00 1 4053.945
2015 09 04 13 45 00 1 4053.979
2015 09 04 14 00 00 1 4054.013
2015 09 04 14 15 00 1 4054.053
2015 09 04 14 30 00 1 4054.096
2015 09 04 14 45 00 1 4054.141
2015 09 04 15 00 00 1 4054.183
2015 09 04 15 15 00 1 4054.229
2015 09 04 15 30 00 1 4054.277
2015 09 04 15 45 00 1 4054.318
2015 09 04 16 00 00 1 4054.364
2015 09 04 16 15 00 1 4054.397
2015 09 04 16 30 00 1 4054.433
2015 09 04 16 45 00 1 4054.462
2015 09 04 17 00 00 1 4054.488
2015 09 04 17 15 00 1 4054.508
2015 09 04 17 30 00 1 4054.520
2015 09 04 17 45 00 1 4054.532
2015 09 04 18 00 00 1 4054.530
2015 09 04 18 15 00 1 4054.529
2015 09 04 18 30 00 1 4054.520
2015 09 04 18 45 00 1 4054.507
2015 09 04 19 00 00 1 4054.487
2015 09 04 19 15 00 1 4054.462
2015 09 04 19 30 00 1 4054.435
2015 09 04 19 45 00 1 4054.402
2015 09 04 20 00 00 1 4054.365
2015 09 04 20 15 00 1 4054.326
2015 09 04 20 30 00 1 4054.280
2015 09 04 20 45 00 1 4054.237
2015 09 04 21 00 00 1 4054.193
2015 09 04 21 15 00 1 4054.145
2015 09 04 21 30 00 1 4054.102
2015 09 04 21 45 00 1 4054.062
2015 09 04 22 00 00 1 4054.015
2015 09 04 22 15 00 1 4053.976
2015 09 04 22 30 00 1 4053.938
2015 09 04 22 45 00 1 4053.906
2015 09 04 23 00 00 1 4053.881
2015 09 04 23 15 00 1 4053.861
2015 09 04 23 30 00 1 4053.843
2015 09 04 23 45 00 1 4053.831
2015 09 05 00 00 00 1 4053.824
2015 09 05 00 15 00 1 4053.825
2015 09 05 00 30 00 1 4053.831
2015 09 05 00 45 00 1 4053.840
2015 09 05 01 00 00 1 4053.856
2015 09 05 01 15 00 1 4053.879
2015 09 05 01 30 00 1 4053.912
2015 09 05 01 45 00 1 4053.946
2015 09 05 02 00 00 1 4053.984
2015 09 05 02 15 00 1 4054.029
2015 09 05 02 30 00 1 4054.080
2015 09 05 02 45 00 1 4054.131
2015 09 05 03 00 00 1 4054.181
2015 09 05 03 15 00 1 4054.234
2015 09 05 03 30 00 1 4054.290
2015 09 05 03 45 00 1 4054.339
2015 09 05 04 00 00 1 4054.387
2015 09 05 04 15 00 1 4054.440
2015 09 05 04 30 00 1 4054.483
2015 09 05 04 45 00 1 4054.525
2015 09 05 05 00 00 1 4054.570
2015 09 05 05 15 00 1 4054.604
2015 09 05 05 30 00 1 4054.635
2015 09 05 05 45 00 1 4054.660
2015 09 05 06 00 00 1 4054.682
2015 09 05 06 15 00 1 4054.692
2015 09 05 06 30 00 1 4054.704
2015 09 05 06 45 00 1 4054.705
2015 09 05 07 00 00 1 4054.700
2015 09 05 07 15 00 1 4054.691
2015 09 05 07 30 00 1 4054.681
2015 09 05 07 45 00 1 4054.663
2015 09 05 08 00 00 1 4054.636
2015 09 05 08 15 00 1 4054.605
2015 09 05 08 30 00 1 4054.572
2015 09 05 08 45 00 1 4054.536
2015 09 05 09 00 00 1 4054.494
2015 09 05 09 15 00 1 4054.456
2015 09 05 09 30 00 1 4054.412
2015 09 05 09 45 00 1 4054.369
2015 09 05 10 00 00 1 4054.323
2015 09 05 10 15 00 1 4054.282
2015 09 05 10 30 00 1 4054.237
2015 09 05 10 45 00 1 4054.192
2015 09 05 11 00 00 1 4054.149
2015 09 05 11 15 00 1 4054.112
2015 09 05 11 30 00 1 4054.071
2015 09 05 11 45 00 1 4054.037
2015 09 05 12 00 00 1 4054.010
2015 09 05 12 15 00 1 4053.978
2015 09 05 12 30 00 1 4053.959
2015 09 05 12 45 00 1 4053.942
2015 09 05 13 00 00 1 4053.932
2015 09 05 13 15 00 1 4053.924
2015 09 05 13 30 00 1 4053.921
2015 09 05 13 45 00 1 4053.926
2015 09 05 14 00 00 1 4053.930
2015 09 05 14 15 00 1 4053.946
2015 09 05 14 30 00 1 4053.964
2015 09 05 14 45 00 1 4053.986
2015 09 05 15 00 00 1 4054.010
2015 09 05 15 15 00 1 4054.038
2015 09 05 15 30 00 1 4054.069
2015 09 05 15 45 00 1 4054.101
2015 09 05 16 00 00 1 4054.133
2015 09 05 16 15 00 1 4054.161
2015 09 05 16 30 00 1 4054.195
2015 09 05 16 45 00 1 4054.231
2015 09 05 17 00 00 1 4054.260
2015 09 05 17 15 00 1 4054.285
2015 09 05 17 30 00 1 4054.312
2015 09 05 17 45 00 1 4054.334
2015 09 05 18 00 00 1 4054.357
2015 09 05 18 15 00 1 4054.378
2015 09 05 18 30 00 1 4054.391
2015 09 05 18 45 00 1 4054.401
2015 09 05 19 00 00 1 4054.404
2015 09 05 19 15 00 1 4054.401
2015 09 05 19 30 00 1 4054.403
2015 09 05 19 45 00 1 4054.393
2015 09 05 20 00 00 1 4054.383
2015 09 05 20 15 00 1 4054.366
2015 09 05 20 30 00 1 4054.350
2015 09 05 20 45 00 1 4054.326
2015 09 05 21 00 00 1 4054.299
2015 09 05 21 15 00 1 4054.273
2015 09 05 21 30 00 1 4054.241
2015 09 05 21 45 00 1 4054.211
2015 09 05 22 00 00 1 4054.174
2015 09 05 22 15 00 1 4054.141
2015 09 05 22 30 00 1 4054.109
2015 09 05 22 45 00 1 4054.077
2015 09 05 23 00 00 1 4054.047
2015 09 05 23 15 00 1 4054.015
2015 09 05 23 30 00 1 4053.988
2015 09 05 23 45 00 1 4053.962
2015 09 06 00 00 00 1 4053.945
2015 09 06 00 15 00 1 4053.922
2015 09 06 00 30 00 1 4053.906
2015 09 06 00 45 00 1 4053.899
2015 09 06 01 00 00 1 4053.896
2015 09 06 01 15 00 1 4053.895
2015 09 06 01 30 00 1 4053.897
2015 09 06 01 45 00 1 4053.908
2015 09 06 02 00 00 1 4053.924
2015 09 06 02 15 00 1 4053.942
2015 09 06 02 30 00 1 4053.970
2015 09 06 02 45 00 1 4053.998
2015 09 06 03 00 00 1 4054.031
2015 09 06 03 15 00 1 4054.070
2015 09 06 03 30 00 1 4054.108
2015 09 06 03 45 00 1 4054.153
2015 09 06 04 00 00 1 4054.193
2015 09 06 04 15 00 1 4054.237
2015 09 06 04 30 00 1 4054.284
2015 09 06 04 45 00 1 4054.327
2015 09 06 05 00 00 1 4054.374
2015 09 06 05 15 00 1 4054.418
2015 09 06 05 30 00 1 4054.459
2015 09 06 05 45 00 1 4054.497
2015 09 06 06 00 00 1 4054.532
2015 09 06 06 15 00 1 4054.564
2015 09 06 06 30 00 1 4054.595
2015 09 06 06 45 00 1 4054.618
2015 09 06 07 00 00 1 4054.639
2015 09 06 07 15 00 1 4054.656
2015 09 06 07 30 00 1 4054.667
2015 09 06 07 45 00 1 4054.675
2015 09 06 08 00 00 1 4054.678
2015 09 06 08 15 00 1 4054.676
2015 09 06 08 30 00 1 4054.666
2015 09 06 08 45 00 1 4054.653
2015 09 06 09 00 00 1 4054.640
2015 09 06 09 15 00 1 4054.618
2015 09 06 09 30 00 1 4054.592
2015 09 06 09 45 00 1 4054.567
2015 09 06 10 00 00 1 4054.534
2015 09 06 10 15 00 1 4054.502
2015 09 06 10 30 00 1 4054.463
2015 09 06 10 45 00 1 4054.426
2015 09 06 11 00 00 1 4054.386
2015 09 06 11 15 00 1 4054.347
2015 09 06 11 30 00 1 4054.305
2015 09 06 11 45 00 1 4054.262
2015 09 06 12 00 00 1 4054.223
2015 09 06 12 15 00 1 4054.184
2015 09 06 12 30 00 1 4054.150
2015 09 06 12 45 00 1 4054.113
2015 09 06 13 00 00 1 4054.079
2015 09 06 13 15 00 1 4054.049
2015 09 06 13 30 00 1 4054.024
2015 09 06 13 45 00 1 4053.999
2015 09 06 14 00 00 1 4053.983
2015 09 06 14 15 00 1 4053.968
2015 09 06 14 30 00 1 4053.959
2015 09 06 14 45 00 1 4053.955
2015 09 06 15 00 00 1 4053.951
2015 09 06 15 15 00 1 4053.953
2015 09 06 15 30 00 1 4053.959
2015 09 06 15 45 00 1 4053.969
2015 09 06 16 00 00 1 4053.983
2015 09 06 16 15 00 1 4053.999
2015 09 06 16 30 00 1 4054.019
2015 09 06 16 45 00 1 4054.042
2015 09 06 17 00 00 1 4054.065
2015 09 06 17 15 00 1 4054.089
2015 09 06 17 30 00 1 4054.115
2015 09 06 17 45 00 1 4054.143
2015 09 06 18 00 00 1 4054.170
2015 09 06 18 15 00 1 4054.198
2015 09 06 18 30 00 1 4054.225
2015 09 06 18 45 00 1 4054.246
2015 09 06 19 00 00 1 4054.270
2015 09 06 19 15 00 1 4054.292
2015 09 06 19 30 00 1 4054.307
2015 09 06 19 45 00 1 4054.326
2015 09 06 20 00 00 1 4054.338
2015 09 06 20 15 00 1 4054.346
2015 09 06 20 30 00 1 4054.351
2015 09 06 20 45 00 1 4054.349
2015 09 06 21 00 00 1 4054.348
2015 09 06 21 15 00 1 4054.342
2015 09 06 21 30 00 1 4054.331
2015 09 06 21 45 00 1 4054.319
2015 09 06 22 00 00 1 4054.305
2015 09 06 22 15 00 1 4054.285
2015 09 06 22 30 00 1 4054.264
2015 09 06 22 45 00 1 4054.239
2015 09 06 23 00 00 1 4054.214
2015 09 06 23 15 00 1 4054.188
2015 09 06 23 30 00 1 4054.156
2015 09 06 23 45 00 1 4054.134
2015 09 07 00 00 00 1 4054.105
2015 09 07 00 15 00 1 4054.075
2015 09 07 00 30 00 1 4054.053
2015 09 07 00 45 00 1 4054.030
2015 09 07 01 00 00 1 4054.009
2015 09 07 01 15 00 1 4053.993
2015 09 07 01 30 00 1 4053.975
2015 09 07 01 45 00 1 4053.965
2015 09 07 02 00 00 1 4053.956
2015 09 07 02 15 00 1 4053.955
2015 09 07 02 30 00 1 4053.957
2015 09 07 02 45 00 1 4053.962
2015 09 07 03 00 00 1 4053.971
2015 09 07 03 15 00 1 4053.984
2015 09 07 03 30 00 1 4054.003
2015 09 07 03 45 00 1 4054.024
2015 09 07 04 00 00 1 4054.048
2015 09 07 04 15 00 1 4054.075
2015 09 07 04 30 00 1 4054.108
2015 09 07 04 45 00 1 4054.142
2015 09 07 05 00 00 1 4054.178
2015 09 07 05 15 00 1 4054.217
2015 09 07 05 30 00 1 4054.257
2015 09 07 05 45 00 1 4054.299
2015 09 07 06 00 00 1 4054.340
2015 09 07 06 15 00 1 4054.378
2015 09 07 06 30 00 1 4054.416
2015 09 07 06 45 00 1 4054.453
2015 09 07 07 00 00 1 4054.489
2015 09 07 07 15 00 1 4054.524
2015 09 07 07 30 00 1 4054.556
2015 09 07 07 45 00 1 4054.583
2015 09 07 08 00 00 1 4054.610
2015 09 07 08 15 00 1 4054.631
2015 09 07 08 30 00 1 4054.644
2015 09 07 08 45 00 1 4054.657
2015 09 07 09 00 00 1 4054.669
2015 09 07 09 15 00 1 4054.674
2015 09 07 09 30 00 1 4054.675
2015 09 07 09 45 00 1 4054.666
2015 09 07 10 00 00 1 4054.657
2015 09 07 10 15 00 1 4054.639
2015 09 07 10 30 00 1 4054.618
2015 09 07 10 45 00 1 4054.593
2015 09 07 11 00 00 1 4054.566
2015 09 07 11 15 00 1 4054.535
2015 09 07 11 30 00 1 4054.504
2015 09 07 11 45 00 1 4054.469
2015 09 07 12 00 00 1 4054.434
2015 09 07 12 15 00 1 4054.393
2015 09 07 12 30 00 1 4054.352
2015 09 07 12 45 00 1 4054.314
2015 09 07 13 00 00 1 4054.275
2015 09 07 13 15 00 1 4054.234
2015 09 07 13 30 00 1 4054.192
2015 09 07 13 45 00 1 4054.151
2015 09 07 14 00 00 1 4054.115
2015 09 07 14 15 00 1 4054.083
2015 09 07 14 30 00 1 4054.050
2015 09 07 14 45 00 1 4054.020
2015 09 07 15 00 00 1 4053.994
2015 09 07 15 15 00 1 4053.975
2015 09 07 15 30 00 1 4053.954
2015 09 07 15 45 00 1 4053.942
2015 09 07 16 00 00 1 4053.931
2015 09 07 16 15 00 1 4053.930
2015 09 07 16 30 00 1 4053.927
2015 09 07 16 45 00 1 4053.932
2015 09 07 17 00 00 1 4053.944
2015 09 07 17 15 00 1 4053.958
2015 09 07 17 30 00 1 4053.975
2015 09 07 17 45 00 1 4053.994
2015 09 07 18 00 00 1 4054.017
2015 09 07 18 15 00 1 4054.041
2015 09 07 18 30 00 1 4054.070
2015 09 07 18 45 00 1 4054.098
2015 09 07 19 00 00 1 4054.129
2015 09 07 19 15 00 1 4054.159
2015 09 07 19 30 00 1 4054.186
2015 09 07 19 45 00 1 4054.216
2015 09 07 20 00 00 1 4054.241
2015 09 07 20 15 00 1 4054.267
2015 09 07 20 30 00 1 4054.290
2015 09 07 20 45 00 1 4054.313
2015 09 07 21 00 00 1 4054.330
2015 09 07 21 15 00 1 4054.340
2015 09 07 21 30 00 1 4054.349
2015 09 07 21 45 00 1 4054.353
2015 09 07 22 00 00 1 4054.352
2015 09 07 22 15 00 1 4054.350
2015 09 07 22 30 00 1 4054.346
2015 09 07 22 45 00 1 4054.337
2015 09 07 23 00 00 1 4054.326
2015 09 07 23 15 00 1 4054.314
2015 09 07 23 30 00 1 4054.295
2015 09 07 23 45 00 1 4054.277
2015 09 08 00 00 00 1 4054.250
2015 09 08 00 15 00 1 4054.227
2015 09 08 00 30 00 1 4054.199
2015 09 08 00 45 00 1 4054.173
2015 09 08 01 00 00 1 4054.146
2015 09 08 01 15 00 1 4054.118
2015 09 08 01 30 00 1 4054.093
2015 09 08 01 45 00 1 4054.070
2015 09 08 02 00 00 1 4054.045
2015 09 08 02 15 00 1 4054.025
2015 09 08 02 30 00 1 4054.008
2015 09 08 02 45 00 1 4053.990
2015 09 08 03 00 00 1 4053.978
2015 09 08 03 15 00 1 4053.970
2015 09 08 03 30 00 1 4053.965
2015 09 08 03 45 00 1 4053.963
2015 09 08 04 00 00 1 4053.969
2015 09 08 04 15 00 1 4053.976
2015 09 08 04 30 00 1 4053.988
2015 09 08 04 45 00 1 4054.003
2015 09 08 05 00 00 1 4054.029
2015 09 08 05 15 00 1 4054.053
2015 09 08 05 30 00 1 4054.081
2015 09 08 05 45 00 1 4054.113
2015 09 08 06 00 00 1 4054.148
2015 09 08 06 15 00 1 4054.184
2015 09 08 06 30 00 1 4054.223
2015 09 08 06 45 00 1 4054.269
2015 09 08 07 00 00 1 4054.309
2015 09 08 07 15 00 1 4054.354
2015 09 08 07 30 00 1 4054.393
2015 09 08 07 45 00 1 4054.437
2015 09 08 08 00 00 1 4054.476
2015 09 08 08 15 00 1 4054.515
2015 09 08 08 30 00 1 4054.554
2015 09 08 08 45 00 1 4054.587
2015 09 08 09 00 00 1 4054.614
2015 09 08 09 15 00 1 4054.638
2015 09 08 09 30 00 1 4054.660
2015 09 08 09 45 00 1 4054.679
2015 09 08 10 00 00 1 4054.693
2015 09 08 10 15 00 1 4054.699
2015 09 08 10 30 00 1 4054.701
2015 09 08 10 45 00 1 4054.696
2015 09 08 11 00 00 1 4054.687
2015 09 08 11 15 00 1 4054.672
2015 09 08 11 30 00 1 4054.656
2015 09 08 11 45 00 1 4054.630
2015 09 08 12 00 00 1 4054.599
2015 09 08 12 15 00 1 4054.568
2015 09 08 12 30 00 1 4054.532
2015 09 08 12 45 00 1 4054.496
2015 09 08 13 00 00 1 4054.452
2015 09 08 13 15 00 1 4054.414
2015 09 08 13 30 00 1 4054.368
2015 09 08 13 45 00 1 4054.322
2015 09 08 14 00 00 1 4054.276
2015 09 08 14 15 00 1 4054.229
2015 09 08 14 30 00 1 4054.181
2015 09 08 14 45 00 1 4054.137
2015 09 08 15 00 00 1 4054.094
2015 09 08 15 15 00 1 4054.052
2015 09 08 15 30 00 1 4054.011
2015 09 08 15 45 00 1 4053.979
2015 09 08 16 00 00 1 4053.951
2015 09 08 16 15 00 1 4053.924
2015 09 08 16 30 00 1 4053.904
2015 09 08 16 45 00 1 4053.888
2015 09 08 17 00 00 1 4053.875
2015 09 08 17 15 00 1 4053.872
2015 09 08 17 30 00 1 4053.870
2015 09 08 17 45 00 1 4053.876
2015 09 08 18 00 00 1 4053.888
2015 09 08 18 15 00 1 4053.901
2015 09 08 18 30 00 1 4053.925
2015 09 08 18 45 00 1 4053.950
2015 09 08 19 00 00 1 4053.979
2015 09 08 19 15 00 1 4054.009
2015 09 08 19 30 00 1 4054.040
2015 09 08 19 45 00 1 4054.072
2015 09 08 20 00 00 1 4054.108
2015 09 08 20 15 00 1 4054.143
2015 09 08 20 30 00 1 4054.182
2015 09 08 20 45 00 1 4054.219
2015 09 08 21 00 00 1 4054.253
2015 09 08 21 15 00 1 4054.285
2015 09 08 21 30 00 1 4054.312
2015 09 08 21 45 00 1 4054.338
2015 09 08 22 00 00 1 4054.360
2015 09 08 22 15 00 1 4054.381
2015 09 08 22 30 00 1 4054.398
2015 09 08 22 45 00 1 4054.408
2015 09 08 23 00 00 1 4054.410
2015 09 08 23 15 00 1 4054.411
2015 09 08 23 30 00 1 4054.404
2015 09 08 23 45 00 1 4054.397
2015 09 09 00 00 00 1 4054.382
2015 09 09 00 15 00 1 4054.368
2015 09 09 00 30 00 1 4054.346
2015 09 09 00 45 00 1 4054.321
2015 09 09 01 00 00 1 4054.295
2015 09 09 01 15 00 1 4054.265
2015 09 09 01 30 00 1 4054.236
2015 09 09 01 45 00 1 4054.206
2015 09 09 02 00 00 1 4054.171
2015 09 09 02 15 00 1 4054.139
2015 09 09 02 30 00 1 4054.107
2015 09 09 02 45 00 1 4054.081
2015 09 09 03 00 00 1 4054.053
2015 09 09 03 15 00 1 4054.030
2015 09 09 03 30 00 1 4054.008
2015 09 09 03 45 00 1 4053.993
2015 09 09 04 00 00 1 4053.979
2015 09 09 04 15 00 1 4053.968
2015 09 09 04 30 00 1 4053.959
2015 09 09 04 45 00 1 4053.959
2015 09 09 05 00 00 1 4053.961
2015 09 09 05 15 00 1 4053.965
2015 09 09 05 30 00 1 4053.979
2015 09 09 05 45 00 1 4053.995
2015 09 09 06 00 00 1 4054.015
2015 09 09 06 15 00 1 4054.045
2015 09 09 06 30 00 1 4054.076
2015 09 09 06 45 00 1 4054.110
2015 09 09 07 00 00 1 4054.147
2015 09 09 07 15 00 1 4054.190
2015 09 09 07 30 00 1 4054.227
2015 09 09 07 45 00 1 4054.271
2015 09 09 08 00 00 1 4054.317
2015 09 09 08 15 00 1 4054.365
2015 09 09 08 30 00 1 4054.416
2015 09 09 08 45 00 1 4054.462
2015 09 09 09 00 00 1 4054.506
2015 09 09 09 15 00 1 4054.550
2015 09 09 09 30 00 1 4054.592
2015 09 09 09 45 00 1 4054.624
2015 09 09 10 00 00 1 4054.661
2015 09 09 10 15 00 1 4054.689
2015 09 09 10 30 00 1 4054.712
2015 09 09 10 45 00 1 4054.729
2015 09 09 11 00 00 1 4054.741
2015 09 09 11 15 00 1 4054.747
2015 09 09 11 30 00 1 4054.749
2015 09 09 11 45 00 1 4054.743
2015 09 09 12 00 00 1 4054.728
2015 09 09 12 15 00 1 4054.710
2015 09 09 12 30 00 1 4054.686
2015 09 09 12 45 00 1 4054.655
2015 09 09 13 00 00 1 4054.623
2015 09 09 13 15 00 1 4054.588
2015 09 09 13 30 00 1 4054.546
2015 09 09 13 45 00 1 4054.499
2015 09 09 14 00 00 1 4054.448
2015 09 09 14 15 00 1 4054.395
2015 09 09 14 30 00 1 4054.345
2015 09 09 14 45 00 1 4054.290
2015 09 09 15 00 00 1 4054.240
2015 09 09 15 15 00 1 4054.190
2015 09 09 15 30 00 1 4054.138
2015 09 09 15 45 00 1 4054.091
2015 09 09 16 00 00 1 4054.041
2015 09 09 16 15 00 1 4053.999
2015 09 09 16 30 00 1 4053.959
2015 09 09 16 45 00 1 4053.924
2015 09 09 17 00 00 1 4053.896
2015 09 09 17 15 00 1 4053.871
2015 09 09 17 30 00 1 4053.851
2015 09 09 17 45 00 1 4053.839
2015 09 09 18 00 00 1 4053.835
2015 09 09 18 15 00 1 4053.834
2015 09 09 18 30 00 1 4053.841
2015 09 09 18 45 00 1 4053.854
2015 09 09 19 00 00 1 4053.871
2015 09 09 19 15 00 1 4053.896
2015 09 09 19 30 00 1 4053.923
2015 09 09 19 45 00 1 4053.958
2015 09 09 20 00 00 1 4053.995
2015 09 09 20 15 00 1 4054.033
2015 09 09 20 30 00 1 4054.075
2015 09 09 20 45 00 1 4054.116
2015 09 09 21 00 00 1 4054.157
2015 09 09 21 15 00 1 4054.196
2015 09 09 21 30 00 1 4054.235
2015 09 09 21 45 00 1 4054.278
2015 09 09 22 00 00 1 4054.318
2015 09 09 22 15 00 1 4054.352
2015 09 09 22 30 00 1 4054.381
2015 09 09 22 45 00 1 4054.409
2015 09 09 23 00 00 1 4054.431
2015 09 09 23 15 00 1 4054.448
2015 09 09 23 30 00 1 4054.458
2015 09 09 23 45 00 1 4054.461
2015 09 10 00 00 00 1 4054.459
2015 09 10 00 15 00 1 4054.452
2015 09 10 00 30 00 1 4054.442
2015 09 10 00 45 00 1 4054.427
2015 09 10 01 00 00 1 4054.408
2015 09 10 01 15 00 1 4054.382
2015 09 10 01 30 00 1 4054.356
2015 09 10 01 45 00 1 4054.324
2015 09 10 02 00 00 1 4054.291
2015 09 10 02 15 00 1 4054.254
2015 09 10 02 30 00 1 4054.217
2015 09 10 02 45 00 1 4054.181
2015 09 10 03 00 00 1 4054.144
2015 09 10 03 15 00 1 4054.106
2015 09 10 03 30 00 1 4054.073
2015 09 10 03 45 00 1 4054.037
2015 09 10 04 00 00 1 4054.007
2015 09 10 04 15 00 1 4053.978
2015 09 10 04 30 00 1 4053.954
2015 09 10 04 45 00 1 4053.932
2015 09 10 05 00 00 1 4053.915
2015 09 10 05 15 00 1 4053.907
2015 09 10 05 30 00 1 4053.902
2015 09 10 05 45 00 1 4053.902
2015 09 10 06 00 00 1 4053.907
2015 09 10 06 15 00 1 4053.919
2015 09 10 06 30 00 1 4053.937
2015 09 10 06 45 00 1 4053.959
2015 09 10 07 00 00 1 4053.987
2015 09 10 07 15 00 1 4054.022
2015 09 10 07 30 00 1 4054.061
2015 09 10 07 45 00 1 4054.104
2015 09 10 08 00 00 1 4054.150
2015 09 10 08 15 00 1 4054.197
2015 09 10 08 30 00 1 4054.248
2015 09 10 08 45 00 1 4054.300
2015 09 10 09 00 00 1 4054.351
2015 09 10 09 15 00 1 4054.404
2015 09 10 09 30 00 1 4054.454
2015 09 10 09 45 00 1 4054.506
2015 09 10 10 00 00 1 4054.553
2015 09 10 10 15 00 1 4054.595
2015 09 10 10 30 00 1 4054.637
2015 09 10 10 45 00 1 4054.672
2015 09 10 11 00 00 1 4054.704
2015 09 10 11 15 00 1 4054.727
2015 09 10 11 30 00 1 4054.748
2015 09 10 11 45 00 1 4054.764
2015 09 10 12 00 00 1 4054.769
2015 09 10 12 15 00 1 4054.771
2015 09 10 12 30 00 1 4054.764
2015 09 10 12 45 00 1 4054.752
2015 09 10 13 00 00 1 4054.732
2015 09 10 13 15 00 1 4054.707
2015 09 10 13 30 00 1 4054.675
2015 09 10 13 45 00 1 4054.633
2015 09 10 14 00 00 1 4054.587
2015 09 10 14 15 00 1 4054.538
2015 09 10 14 30 00 1 4054.488
2015 09 10 14 45 00 1 4054.435
2015 09 10 15 00 00 1 4054.377
2015 09 10 15 15 00 1 4054.319
2015 09 10 15 30 00 1 4054.259
2015 09 10 15 45 00 1 4054.198
2015 09 10 16 00 00 1 4054.139
2015 09 10 16 15 00 1 4054.083
2015 09 10 16 30 00 1 4054.028
2015 09 10 16 45 00 1 4053.975
2015 09 10 17 00 00 1 4053.932
2015 09 10 17 15 00 1 4053.889
2015 09 10 17 30 00 1 4053.856
2015 09 10 17 45 00 1 4053.823
2015 09 10 18 00 00 1 4053.803
2015 09 10 18 15 00 1 4053.785
2015 09 10 18 30 00 1 4053.772
2015 09 10 18 45 00 1 4053.772
2015 09 10 19 00 00 1 4053.779
2015 09 10 19 15 00 1 4053.789
2015 09 10 19 30 00 1 4053.806
2015 09 10 19 45 00 1 4053.832
2015 09 10 20 00 00 1 4053.861
2015 09 10 20 15 00 1 4053.897
2015 09 10 20 30 00 1 4053.938
2015 09 10 20 45 00 1 4053.982
2015 09 10 21 00 00 1 4054.028
2015 09 10 21 15 00 1 4054.073
2015 09 10 21 30 00 1 4054.120
2015 09 10 21 45 00 1 4054.170
2015 09 10 22 00 00 1 4054.218
2015 09 10 22 15 00 1 4054.263
2015 09 10 22 30 00 1 4054.312
2015 09 10 22 45 00 1 4054.353
2015 09 10 23 00 00 1 4054.390
2015 09 10 23 15 00 1 4054.427
2015 09 10 23 30 00 1 4054.462
2015 09 10 23 45 00 1 4054.484
2015 09 11 00 00 00 1 4054.503
2015 09 11 00 15 00 1 4054.514
2015 09 11 00 30 00 1 4054.518
2015 09 11 00 45 00 1 4054.520
2015 09 11 01 00 00 1 4054.512
2015 09 11 01 15 00 1 4054.497
2015 09 11 01 30 00 1 4054.479
2015 09 11 01 45 00 1 4054.456
2015 09 11 02 00 00 1 4054.428
2015 09 11 02 15 00 1 4054.396
2015 09 11 02 30 00 1 4054.357
2015 09 11 02 45 00 1 4054.313
2015 09 11 03 00 00 1 4054.274
2015 09 11 03 15 00 1 4054.230
2015 09 11 03 30 00 1 4054.182
2015 09 11 03 45 00 1 4054.137
2015 09 11 04 00 00 1 4054.097
2015 09 11 04 15 00 1 4054.057
2015 09 11 04 30 00 1 4054.016
2015 09 11 04 45 00 1 4053.977
2015 09 11 05 00 00 1 4053.944
2015 09 11 05 15 00 1 4053.915
2015 09 11 05 30 00 1 4053.894
2015 09 11 05 45 00 1 4053.872
2015 09 11 06 00 00 1 4053.857
2015 09 11 06 15 00 1 4053.849
2015 09 11 06 30 00 1 4053.851
2015 09 11 06 45 00 1 4053.857
2015 09 11 07 00 00 1 4053.871
2015 09 11 07 15 00 1 4053.890
2015 09 11 07 30 00 1 4053.919
2015 09 11 07 45 00 1 4053.952
2015 09 11 08 00 00 1 4053.989
2015 09 11 08 15 00 1 4054.033
2015 09 11 08 30 00 1 4054.078
2015 09 11 08 45 00 1 4054.129
2015 09 11 09 00 00 1 4054.185
2015 09 11 09 15 00 1 4054.238
2015 09 11 09 30 00 1 4054.296
2015 09 11 09 45 00 1 4054.357
2015 09 11 10 00 00 1 4054.416
2015 09 11 10 15 00 1 4054.472
2015 09 11 10 30 00 1 4054.527
2015 09 11 10 45 00 1 4054.578
2015 09 11 11 00 00 1 4054.624
2015 09 11 11 15 00 1 4054.668
2015 09 11 11 30 00 1 4054.706
2015 09 11 11 45 00 1 4054.738
2015 09 11 12 00 00 1 4054.764
2015 09 11 12 15 00 1 4054.780
2015 09 11 12 30 00 1 4054.791
2015 09 11 12 45 00 1 4054.797
2015 09 11 13 00 00 1 4054.794
2015 09 11 13 15 00 1 4054.785
2015 09 11 13 30 00 1 4054.769
2015 09 11 13 45 00 1 4054.745
2015 09 11 14 00 00 1 4054.715
2015 09 11 14 15 00 1 4054.679
2015 09 11 14 30 00 1 4054.635
2015 09 11 14 45 00 1 4054.585
2015 09 11 15 00 00 1 4054.534
2015 09 11 15 15 00 1 4054.473
2015 09 11 15 30 00 1 4054.413
2015 09 11 15 45 00 1 4054.352
2015 09 11 16 00 00 1 4054.289
2015 09 11 16 15 00 1 4054.226
2015 09 11 16 30 00 1 4054.163
2015 09 11 16 45 00 1 4054.102
2015 09 11 17 00 00 1 4054.048
2015 09 11 17 15 00 1 4053.995
2015 09 11 17 30 00 1 4053.947
2015 09 11 17 45 00 1 4053.903
2015 09 11 18 00 00 1 4053.866
2015 09 11 18 15 00 1 4053.833
2015 09 11 18 30 00 1 4053.807
2015 09 11 18 45 00 1 4053.784
2015 09 11 19 00 00 1 4053.775
2015 09 11 19 15 00 1 4053.770
2015 09 11 19 30 00 1 4053.772
2015 09 11 19 45 00 1 4053.781
2015 09 11 20 00 00 1 4053.799
2015 09 11 20 15 00 1 4053.824
2015 09 11 20 30 00 1 4053.852
2015 09 11 20 45 00 1 4053.891
2015 09 11 21 00 00 1 4053.933
2015 09 11 21 15 00 1 4053.979
2015 09 11 21 30 00 1 4054.028
2015 09 11 21 45 00 1 4054.082
2015 09 11 22 00 00 1 4054.136
2015 09 11 22 15 00 1 4054.189
2015 09 11 22 30 00 1 4054.243
2015 09 11 22 45 00 1 4054.295
2015 09 11 23 00 00 1 4054.346
2015 09 11 23 15 00 1 4054.393
2015 09 11 23 30 00 1 4054.439
2015 09 11 23 45 00 1 4054.478
2015 09 12 00 00 00 1 4054.512
2015 09 12 00 15 00 1 4054.544
2015 09 12 00 30 00 1 4054.566
2015 09 12 00 45 00 1 4054.584
2015 09 12 01 00 00 1 4054.594
2015 09 12 01 15 00 1 4054.594
2015 09 12 01 30 00 1 4054.590
2015 09 12 01 45 00 1 4054.577
2015 09 12 02 00 00 1 4054.558
2015 09 12 02 15 00 1 4054.531
2015 09 12 02 30 00 1 4054.499
2015 09 12 02 45 00 1 4054.466
2015 09 12 03 00 00 1 4054.426
2015 09 12 03 15 00 1 4054.381
2015 09 12 03 30 00 1 4054.334
2015 09 12 03 45 00 1 4054.283
2015 09 12 04 00 00 1 4054.234
2015 09 12 04 15 00 1 4054.181
2015 09 12 04 30 00 1 4054.132
2015 09 12 04 45 00 1 4054.084
2015 09 12 05 00 00 1 4054.036
2015 09 12 05 15 00 1 4053.995
2015 09 12 05 30 00 1 4053.954
2015 09 12 05 45 00 1 4053.918
2015 09 12 06 00 00 1 4053.888
2015 09 12 06 15 00 1 4053.866
2015 09 12 06 30 00 1 4053.851
2015 09 12 06 45 00 1 4053.841
2015 09 12 07 00 00 1 4053.838
2015 09 12 07 15 00 1 4053.841
2015 09 12 07 30 00 1 4053.853
2015 09 12 07 45 00 1 4053.872
2015 09 12 08 00 00 1 4053.895
2015 09 12 08 15 00 1 4053.928
2015 09 12 08 30 00 1 4053.963
2015 09 12 08 45 00 1 4054.006
2015 09 12 09 00 00 1 4054.056
2015 09 12 09 15 00 1 4054.105
2015 09 12 09 30 00 1 4054.162
2015 09 12 09 45 00 1 4054.220
2015 09 12 10 00 00 1 4054.277
2015 09 12 10 15 00 1 4054.338
2015 09 12 10 30 00 1 4054.399
2015 09 12 10 45 00 1 4054.460
2015 09 12 11 00 00 1 4054.515
2015 09 12 11 15 00 1 4054.568
2015 09 12 11 30 00 1 4054.616
2015 09 12 11 45 00 1 4054.662
2015 09 12 12 00 00 1 4054.703
2015 09 12 12 15 00 1 4054.737
2015 09 12 12 30 00 1 4054.767
2015 09 12 12 45 00 1 4054.791
2015 09 12 13 00 00 1 4054.806
2015 09 12 13 15 00 1 4054.813
2015 09 12 13 30 00 1 4054.816
2015 09 12 13 45 00 1 4054.809
2015 09 12 14 00 00 1 4054.797
2015 09 12 14 15 00 1 4054.775
2015 09 12 14 30 00 1 4054.745
2015 09 12 14 45 00 1 4054.709
2015 09 12 15 00 00 1 4054.662
2015 09 12 15 15 00 1 4054.616
2015 09 12 15 30 00 1 4054.563
2015 09 12 15 45 00 1 4054.507
2015 09 12 16 00 00 1 4054.442
2015 09 12 16 15 00 1 4054.380
2015 09 12 16 30 00 1 4054.319
2015 09 12 16 45 00 1 4054.252
2015 09 12 17 00 00 1 4054.191
2015 09 12 17 15 00 1 4054.131
2015 09 12 17 30 00 1 4054.070
2015 09 12 17 45 00 1 4054.014
2015 09 12 18 00 00 1 4053.961
2015 09 12 18 15 00 1 4053.915
2015 09 12 18 30 00 1 4053.871
2015 09 12 18 45 00 1 4053.832
2015 09 12 19 00 00 1 4053.804
2015 09 12 19 15 00 1 4053.785
2015 09 12 19 30 00 1 4053.773
2015 09 12 19 45 00 1 4053.769
2015 09 12 20 00 00 1 4053.773
2015 09 12 20 15 00 1 4053.782
2015 09 12 20 30 00 1 4053.802
2015 09 12 20 45 00 1 4053.823
2015 09 12 21 00 00 1 4053.854
2015 09 12 21 15 00 1 4053.890
2015 09 12 21 30 00 1 4053.933
2015 09 12 21 45 00 1 4053.979
2015 09 12 22 00 00 1 4054.032
2015 09 12 22 15 00 1 4054.082
2015 09 12 22 30 00 1 4054.139
2015 09 12 22 45 00 1 4054.199
2015 09 12 23 00 00 1 4054.254
2015 09 12 23 15 00 1 4054.310
2015 09 12 23 30 00 1 4054.361
2015 09 12 23 45 00 1 4054.414
2015 09 13 00 00 00 1 4054.460
2015 09 13 00 15 00 1 4054.502
2015 09 13 00 30 00 1 4054.540
2015 09 13 00 45 00 1 4054.572
2015 09 13 01 00 00 1 4054.597
2015 09 13 01 15 00 1 4054.616
2015 09 13 01 30 00 1 4054.623
2015 09 13 01 45 00 1 4054.625
2015 09 13 02 00 00 1 4054.621
2015 09 13 02 15 00 1 4054.610
2015 09 13 02 30 00 1 4054.592
2015 09 13 02 45 00 1 4054.564
2015 09 13 03 00 00 1 4054.535
2015 09 13 03 15 00 1 4054.500
2015 09 13 03 30 00 1 4054.459
2015 09 13 03 45 00 1 4054.416
2015 09 13 04 00 00 1 4054.369
2015 09 13 04 15 00 1 4054.321
2015 09 13 04 30 00 1 4054.270
2015 09 13 04 45 00 1 4054.213
2015 09 13 05 00 00 1 4054.160
2015 09 13 05 15 00 1 4054.109
2015 09 13 05 30 00 1 4054.058
2015 09 13 05 45 00 1 4054.010
2015 09 13 06 00 00 1 4053.967
2015 09 13 06 15 00 1 4053.927
2015 09 13 06 30 00 1 4053.892
2015 09 13 06 45 00 1 4053.862
2015 09 13 07 00 00 1 4053.842
2015 09 13 07 15 00 1 4053.830
2015 09 13 07 30 00 1 4053.821
2015 09 13 07 45 00 1 4053.822
2015 09 13 08 00 00 1 4053.830
2015 09 13 08 15 00 1 4053.844
2015 09 13 08 30 00 1 4053.867
2015 09 13 08 45 00 1 4053.894
2015 09 13 09 00 00 1 4053.929
2015 09 13 09 15 00 1 4053.971
2015 09 13 09 30 00 1 4054.017
2015 09 13 09 45 00 1 4054.069
2015 09 13 10 00 00 1 4054.127
2015 09 13 10 15 00 1 4054.186
2015 09 13 10 30 00 1 4054.247
2015 09 13 10 45 00 1 4054.306
2015 09 13 11 00 00 1 4054.369
2015 09 13 11 15 00 1 4054.430
2015 09 13 11 30 00 1 4054.486
2015 09 13 11 45 00 1 4054.544
2015 09 13 12 00 00 1 4054.595
2015 09 13 12 15 00 1 4054.645
2015 09 13 12 30 00 1 4054.690
2015 09 13 12 45 00 1 4054.727
2015 09 13 13 00 00 1 4054.758
2015 09 13 13 15 00 1 4054.783
2015 09 13 13 30 00 1 4054.799
2015 09 13 13 45 00 1 4054.809
2015 09 13 14 00 00 1 4054.807
2015 09 13 14 15 00 1 4054.803
2015 09 13 14 30 00 1 4054.788
2015 09 13 14 45 00 1 4054.769
2015 09 13 15 00 00 1 4054.739
2015 09 13 15 15 00 1 4054.705
2015 09 13 15 30 00 1 4054.661
2015 09 13 15 45 00 1 4054.612
2015 09 13 16 00 00 1 4054.559
2015 09 13 16 15 00 1 4054.501
2015 09 13 16 30 00 1 4054.440
2015 09 13 16 45 00 1 4054.377
2015 09 13 17 00 00 1 4054.312
2015 09 13 17 15 00 1 4054.244
2015 09 13 17 30 00 1 4054.181
2015 09 13 17 45 00 1 4054.118
2015 09 13 18 00 00 1 4054.059
2015 09 13 18 15 00 1 4054.002
2015 09 13 18 30 00 1 4053.946
2015 09 13 18 45 00 1 4053.900
2015 09 13 19 00 00 1 4053.856
2015 09 13 19 15 00 1 4053.819
2015 09 13 19 30 00 1 4053.791
2015 09 13 19 45 00 1 4053.774
2015 09 13 20 00 00 1 4053.760
2015 09 13 20 15 00 1 4053.756
2015 09 13 20 30 00 1 4053.761
2015 09 13 20 45 00 1 4053.772
2015 09 13 21 00 00 1 4053.791
2015 09 13 21 15 00 1 4053.815
2015 09 13 21 30 00 1 4053.846
2015 09 13 21 45 00 1 4053.887
2015 09 13 22 00 00 1 4053.929
2015 09 13 22 15 00 1 4053.978
2015 09 13 22 30 00 1 4054.033
2015 09 13 22 45 00 1 4054.088
2015 09 13 23 00 00 1 4054.146
2015 09 13 23 15 00 1 4054.202
2015 09 13 23 30 00 1 4054.261
2015 09 13 23 45 00 1 4054.317
2015 09 14 00 00 00 1 4054.371
2015 09 14 00 15 00 1 4054.425
2015 09 14 00 30 00 1 4054.475
2015 09 14 00 45 00 1 4054.520
2015 09 14 01 00 00 1 4054.558
2015 09 14 01 15 00 1 4054.590
2015 09 14 01 30 00 1 4054.614
2015 09 14 01 45 00 1 4054.633
2015 09 14 02 00 00 1 4054.647
2015 09 14 02 15 00 1 4054.646
2015 09 14 02 30 00 1 4054.641
2015 09 14 02 45 00 1 4054.630
2015 09 14 03 00 00 1 4054.612
2015 09 14 03 15 00 1 4054.586
2015 09 14 03 30 00 1 4054.555
2015 09 14 03 45 00 1 4054.518
2015 09 14 04 00 00 1 4054.476
2015 09 14 04 15 00 1 4054.432
2015 09 14 04 30 00 1 4054.382
2015 09 14 04 45 00 1 4054.330
2015 09 14 05 00 00 1 4054.278
2015 09 14 05 15 00 1 4054.222
2015 09 14 05 30 00 1 4054.166
2015 09 14 05 45 00 1 4054.111
2015 09 14 06 00 00 1 4054.060
2015 09 14 06 15 00 1 4054.006
2015 09 14 06 30 00 1 4053.963
2015 09 14 06 45 00 1 4053.922
2015 09 14 07 00 00 1 4053.890
2015 09 14 07 15 00 1 4053.860
2015 09 14 07 30 00 1 4053.835
2015 09 14 07 45 00 1 4053.823
2015 09 14 08 00 00 1 4053.812
2015 09 14 08 15 00 1 4053.809
2015 09 14 08 30 00 1 4053.816
2015 09 14 08 45 00 1 4053.828
2015 09 14 09 00 00 1 4053.847
2015 09 14 09 15 00 1 4053.873
2015 09 14 09 30 00 1 4053.905
2015 09 14 09 45 00 1 4053.944
2015 09 14 10 00 00 1 4053.991
2015 09 14 10 15 00 1 4054.039
2015 09 14 10 30 00 1 4054.095
2015 09 14 10 45 00 1 4054.152
2015 09 14 11 00 00 1 4054.208
2015 09 14 11 15 00 1 4054.268
2015 09 14 11 30 00 1 4054.327
2015 09 14 11 45 00 1 4054.385
2015 09 14 12 00 00 1 4054.442
2015 09 14 12 15 00 1 4054.497
2015 09 14 12 30 00 1 4054.550
2015 09 14 12 45 00 1 4054.598
2015 09 14 13 00 00 1 4054.639
2015 09 14 13 15 00 1 4054.680
2015 09 14 13 30 00 1 4054.714
2015 09 14 13 45 00 1 4054.736
2015 09 14 14 00 00 1 4054.753
2015 09 14 14 15 00 1 4054.761
2015 09 14 14 30 00 1 4054.765
2015 09 14 14 45 00 1 4054.755
2015 09 14 15 00 00 1 4054.740
2015 09 14 15 15 00 1 4054.718
2015 09 14 15 30 00 1 4054.692
2015 09 14 15 45 00 1 4054.659
2015 09 14 16 00 00 1 4054.616
2015 09 14 16 15 00 1 4054.568
2015 09 14 16 30 00 1 4054.517
2015 09 14 16 45 00 1 4054.460
2015 09 14 17 00 00 1 4054.399
2015 09 14 17 15 00 1 4054.339
2015 09 14 17 30 00 1 4054.275
2015 09 14 17 45 00 1 4054.216
2015 09 14 18 00 00 1 4054.154
2015 09 14 18 15 00 1 4054.098
2015 09 14 18 30 00 1 4054.040
2015 09 14 18 45 00 1 4053.989
2015 09 14 19 00 00 1 4053.939
2015 09 14 19 15 00 1 4053.898
2015 09 14 19 30 00 1 4053.862
2015 09 14 19 45 00 1 4053.830
2015 09 14 20 00 00 1 4053.808
2015 09 14 20 15 00 1 4053.791
2015 09 14 20 30 00 1 4053.785
2015 09 14 20 45 00 1 4053.785
2015 09 14 21 00 00 1 4053.786
2015 09 14 21 15 00 1 4053.799
2015 09 14 21 30 00 1 4053.818
2015 09 14 21 45 00 1 4053.842
2015 09 14 22 00 00 1 4053.877
2015 09 14 22 15 00 1 4053.917
2015 09 14 22 30 00 1 4053.960
2015 09 14 22 45 00 1 4054.010
2015 09 14 23 00 00 1 4054.063
2015 09 14 23 15 00 1 4054.117
2015 09 14 23 30 00 1 4054.173
2015 09 14 23 45 00 1 4054.227
2015 09 15 00 00 00 1 4054.286
2015 09 15 00 15 00 1 4054.344
2015 09 15 00 30 00 1 4054.400
2015 09 15 00 45 00 1 4054.447
2015 09 15 01 00 00 1 4054.498
2015 09 15 01 15 00 1 4054.539
2015 09 15 01 30 00 1 4054.576
2015 09 15 01 45 00 1 4054.608
2015 09 15 02 00 00 1 4054.635
2015 09 15 02 15 00 1 4054.654
2015 09 15 02 30 00 1 4054.665
2015 09 15 02 45 00 1 4054.666
2015 09 15 03 00 00 1 4054.661
2015 09 15 03 15 00 1 4054.651
2015 09 15 03 30 00 1 4054.637
2015 09 15 03 45 00 1 4054.612
2015 09 15 04 00 00 1 4054.582
2015 09 15 04 15 00 1 4054.548
2015 09 15 04 30 00 1 4054.506
2015 09 15 04 45 00 1 4054.459
2015 09 15 05 00 00 1 4054.409
2015 09 15 05 15 00 1 4054.356
2015 09 15 05 30 00 1 4054.303
2015 09 15 05 45 00 1 4054.247
2015 09 15 06 00 00 1 4054.192
2015 09 15 06 15 00 1 4054.136
2015 09 15 06 30 00 1 4054.083
2015 09 15 06 45 00 1 4054.032
2015 09 15 07 00 00 1 4053.987
2015 09 15 07 15 00 1 4053.946
2015 09 15 07 30 00 1 4053.907
2015 09 15 07 45 00 1 4053.879
2015 09 15 08 00 00 1 4053.854
2015 09 15 08 15 00 1 4053.834
2015 09 15 08 30 00 1 4053.822
2015 09 15 08 45 00 1 4053.818
2015 09 15 09 00 00 1 4053.820
2015 09 15 09 15 00 1 4053.833
2015 09 15 09 30 00 1 4053.848
2015 09 15 09 45 00 1 4053.873
2015 09 15 10 00 00 1 4053.902
2015 09 15 10 15 00 1 4053.937
2015 09 15 10 30 00 1 4053.979
2015 09 15 10 45 00 1 4054.021
2015 09 15 11 00 00 1 4054.071
2015 09 15 11 15 00 1 4054.125
2015 09 15 11 30 00 1 4054.177
2015 09 15 11 45 00 1 4054.234
2015 09 15 12 00 00 1 4054.291
2015 09 15 12 15 00 1 4054.348
2015 09 15 12 30 00 1 4054.403
2015 09 15 12 45 00 1 4054.455
2015 09 15 13 00 00 1 4054.509
2015 09 15 13 15 00 1 4054.551
2015 09 15 13 30 00 1 4054.597
2015 09 15 13 45 00 1 4054.632
2015 09 15 14 00 00 1 4054.662
2015 09 15 14 15 00 1 4054.684
2015 09 15 14 30 00 1 4054.699
2015 09 15 14 45 00 1 4054.705
2015 09 15 15 00 00 1 4054.704
2015 09 15 15 15 00 1 4054.697
2015 09 15 15 30 00 1 4054.680
2015 09 15 15 45 00 1 4054.657
2015 09 15 16 00 00 1 4054.633
2015 09 15 16 15 00 1 4054.601
2015 09 15 16 30 00 1 4054.565
2015 09 15 16 45 00 1 4054.521
2015 09 15 17 00 00 1 4054.477
2015 09 15 17 15 00 1 4054.425
2015 09 15 17 30 00 1 4054.372
2015 09 15 17 45 00 1 4054.316
2015 09 15 18 00 00 1 4054.258
2015 09 15 18 15 00 1 4054.200
2015 09 15 18 30 00 1 4054.139
2015 09 15 18 45 00 1 4054.083
2015 09 15 19 00 00 1 4054.029
2015 09 15 19 15 00 1 4053.980
2015 09 15 19 30 00 1 4053.934
2015 09 15 19 45 00 1 4053.895
2015 09 15 20 00 00 1 4053.860
2015 09 15 20 15 00 1 4053.832
2015 09 15 20 30 00 1 4053.812
2015 09 15 20 45 00 1 4053.800
2015 09 15 21 00 00 1 4053.795
2015 09 15 21 15 00 1 4053.795
2015 09 15 21 30 00 1 4053.800
2015 09 15 21 45 00 1 4053.815
2015 09 15 22 00 00 1 4053.835
2015 09 15 22 15 00 1 4053.859
2015 09 15 22 30 00 1 4053.892
2015 09 15 22 45 00 1 4053.931
2015 09 15 23 00 00 1 4053.972
2015 09 15 23 15 00 1 4054.018
2015 09 15 23 30 00 1 4054.067
2015 09 15 23 45 00 1 4054.122
2015 09 16 00 00 00 1 4054.179
2015 09 16 00 15 00 1 4054.235
2015 09 16 00 30 00 1 4054.294
2015 09 16 00 45 00 1 4054.347
2015 09 16 01 00 00 1 4054.399
2015 09 16 01 15 00 1 4054.448
2015 09 16 01 30 00 1 4054.492
2015 09 16 01 45 00 1 4054.531
2015 09 16 02 00 00 1 4054.569
2015 09 16 02 15 00 1 4054.598
2015 09 16 02 30 00 1 4054.624
2015 09 16 02 45 00 1 4054.643
2015 09 16 03 00 00 1 4054.653
2015 09 16 03 15 00 1 4054.658
2015 09 16 03 30 00 1 4054.657
2015 09 16 03 45 00 1 4054.646
2015 09 16 04 00 00 1 4054.628
2015 09 16 04 15 00 1 4054.604
2015 09 16 04 30 00 1 4054.572
2015 09 16 04 45 00 1 4054.539
2015 09 16 05 00 00 1 4054.499
2015 09 16 05 15 00 1 4054.453
2015 09 16 05 30 00 1 4054.403
2015 09 16 05 45 00 1 4054.355
2015 09 16 06 00 00 1 4054.304
2015 09 16 06 15 00 1 4054.252
2015 09 16 06 30 00 1 4054.200
2015 09 16 06 45 00 1 4054.147
2015 09 16 07 00 00 1 4054.098
2015 09 16 07 15 00 1 4054.048
2015 09 16 07 30 00 1 4054.002
2015 09 16 07 45 00 1 4053.964
2015 09 16 08 00 00 1 4053.929
2015 09 16 08 15 00 1 4053.897
2015 09 16 08 30 00 1 4053.875
2015 09 16 08 45 00 1 4053.856
2015 09 16 09 00 00 1 4053.844
2015 09 16 09 15 00 1 4053.839
2015 09 16 09 30 00 1 4053.840
2015 09 16 09 45 00 1 4053.848
2015 09 16 10 00 00 1 4053.865
2015 09 16 10 15 00 1 4053.888
2015 09 16 10 30 00 1 4053.915
2015 09 16 10 45 00 1 4053.944
2015 09 16 11 00 00 1 4053.982
2015 09 16 11 15 00 1 4054.027
2015 09 16 11 30 00 1 4054.070
2015 09 16 11 45 00 1 4054.120
2015 09 16 12 00 00 1 4054.172
2015 09 16 12 15 00 1 4054.223
2015 09 16 12 30 00 1 4054.272
2015 09 16 12 45 00 1 4054.326
2015 09 16 13 00 00 1 4054.376
2015 09 16 13 15 00 1 4054.423
2015 09 16 13 30 00 1 4054.466
2015 09 16 13 45 00 1 4054.510
2015 09 16 14 00 00 1 4054.547
2015 09 16 14 15 00 1 4054.574
2015 09 16 14 30 00 1 4054.600
2015 09 16 14 45 00 1 4054.621
2015 09 16 15 00 00 1 4054.635
2015 09 16 15 15 00 1 4054.642
2015 09 16 15 30 00 1 4054.643
2015 09 16 15 45 00 1 4054.634
2015 09 16 16 00 00 1 4054.620
2015 09 16 16 15 00 1 4054.601
2015 09 16 16 30 00 1 4054.575
2015 09 16 16 45 00 1 4054.545
2015 09 16 17 00 00 1 4054.507
2015 09 16 17 15 00 1 4054.472
2015 09 16 17 30 00 1 4054.427
2015 09 16 17 45 00 1 4054.381
2015 09 16 18 00 00 1 4054.333
2015 09 16 18 15 00 1 4054.281
2015 09 16 18 30 00 1 4054.230
2015 09 16 18 45 00 1 4054.177
2015 09 16 19 00 00 1 4054.127
2015 09 16 19 15 00 1 4054.076
2015 09 16 19 30 00 1 4054.031
2015 09 16 19 45 00 1 4053.988
2015 09 16 20 00 00 1 4053.949
2015 09 16 20 15 00 1 4053.913
2015 09 16 20 30 00 1 4053.884
2015 09 16 20 45 00 1 4053.859
2015 09 16 21 00 00 1 4053.839
2015 09 16 21 00 00 2 4053.839
2015 09 16 21 01 00 2 4053.839
2015 09 16 21 02 00 2 4053.838
2015 09 16 21 03 00 2 4053.837
2015 09 16 21 04 00 2 4053.836
2015 09 16 21 05 00 2 4053.835
2015 09 16 21 06 00 2 4053.834
2015 09 16 21 07 00 2 4053.833
2015 09 16 21 08 00 2 4053.832
2015 09 16 21 09 00 2 4053.830
2015 09 16 21 10 00 2 4053.830
2015 09 16 21 11 00 2 4053.830
2015 09 16 21 12 00 2 4053.828
2015 09 16 21 13 00 2 4053.829
2015 09 16 21 14 00 2 4053.829
2015 09 16 21 15 00 1 4053.829
2015 09 16 21 15 00 2 4053.827
2015 09 16 21 16 00 2 4053.825
2015 09 16 21 17 00 2 4053.825
2015 09 16 21 18 00 2 4053.825
2015 09 16 21 19 00 2 4053.824
2015 09 16 21 20 00 2 4053.823
2015 09 16 21 21 00 2 4053.823
2015 09 16 21 22 00 2 4053.823
2015 09 16 21 23 00 2 4053.822
2015 09 16 21 24 00 2 4053.822
2015 09 16 21 25 00 2 4053.821
2015 09 16 21 26 00 2 4053.822
2015 09 16 21 27 00 2 4053.821
2015 09 16 21 28 00 2 4053.820
2015 09 16 21 29 00 2 4053.821
2015 09 16 21 30 00 1 4053.821
2015 09 16 21 30 00 2 4053.821
2015 09 16 21 31 00 2 4053.820
2015 09 16 21 32 00 2 4053.820
2015 09 16 21 33 00 2 4053.820
2015 09 16 21 34 00 2 4053.820
2015 09 16 21 35 00 2 4053.820
2015 09 16 21 36 00 2 4053.820
2015 09 16 21 37 00 2 4053.821
2015 09 16 21 38 00 2 4053.821
2015 09 16 21 39 00 2 4053.820
2015 09 16 21 40 00 2 4053.821
2015 09 16 21 41 00 2 4053.822
2015 09 16 21 42 00 2 4053.822
2015 09 16 21 43 00 2 4053.821
2015 09 16 21 44 00 2 4053.823
2015 09 16 21 45 00 1 4053.823
2015 09 16 21 45 00 2 4053.823
2015 09 16 21 46 00 2 4053.825
2015 09 16 21 47 00 2 4053.824
2015 09 16 21 48 00 2 4053.825
2015 09 16 21 49 00 2 4053.825
2015 09 16 21 50 00 2 4053.824
2015 09 16 21 51 00 2 4053.825
2015 09 16 21 52 00 2 4053.826
2015 09 16 21 53 00 2 4053.827
2015 09 16 21 54 00 2 4053.829
2015 09 16 21 55 00 2 4053.829
2015 09 16 21 56 00 2 4053.830
2015 09 16 21 57 00 2 4053.831
2015 09 16 21 58 00 2 4053.831
2015 09 16 21 59 00 2 4053.833
2015 09 16 22 00 00 1 4053.833
2015 09 16 22 00 00 2 4053.833
2015 09 16 22 01 00 2 4053.833
2015 09 16 22 02 00 2 4053.835
2015 09 16 22 03 00 2 4053.835
2015 09 16 22 04 00 2 4053.836
2015 09 16 22 05 00 2 4053.837
2015 09 16 22 06 00 2 4053.838
2015 09 16 22 07 00 2 4053.838
2015 09 16 22 08 00 2 4053.839
2015 09 16 22 09 00 2 4053.841
2015 09 16 22 10 00 2 4053.841
2015 09 16 22 11 00 2 4053.842
2015 09 16 22 12 00 2 4053.843
2015 09 16 22 13 00 2 4053.845
2015 09 16 22 14 00 2 4053.845
2015 09 16 22 15 00 1 9999.000
2015 09 16 22 15 00 2 4053.846
2015 09 16 22 16 00 2 4053.847
2015 09 16 22 17 00 2 4053.848
2015 09 16 22 18 00 2 4053.849
2015 09 16 22 19 00 2 4053.851
2015 09 16 22 20 00 2 4053.852
2015 09 16 22 21 00 2 4053.853
2015 09 16 22 22 00 2 4053.853
2015 09 16 22 23 00 2 4053.855
2015 09 16 22 24 00 2 4053.857
2015 09 16 22 25 00 2 4053.859
2015 09 16 22 26 00 2 4053.860
2015 09 16 22 27 00 2 4053.861
2015 09 16 22 28 00 2 4053.863
2015 09 16 22 29 00 2 4053.865
2015 09 16 22 30 00 1 9999.000
2015 09 16 22 30 00 2 4053.867
2015 09 16 22 31 00 2 4053.868
2015 09 16 22 32 00 2 4053.870
2015 09 16 22 33 00 2 4053.871
2015 09 16 22 34 00 2 4053.873
2015 09 16 22 35 00 2 4053.875
2015 09 16 22 36 00 2 4053.876
2015 09 16 22 37 00 2 4053.879
2015 09 16 22 38 00 2 4053.881
2015 09 16 22 39 00 2 4053.884
2015 09 16 22 40 00 2 4053.886
2015 09 16 22 41 00 2 4053.887
2015 09 16 22 42 00 2 4053.889
2015 09 16 22 43 00 2 4053.892
2015 09 16 22 44 00 2 4053.893
2015 09 16 22 45 00 1 9999.000
2015 09 16 22 45 00 2 4053.895
2015 09 16 22 46 00 2 4053.897
2015 09 16 22 47 00 2 4053.899
2015 09 16 22 48 00 2 4053.901
2015 09 16 22 49 00 2 4053.904
2015 09 16 22 50 00 2 4053.905
2015 09 16 22 51 00 2 4053.907
2015 09 16 22 52 00 2 4053.909
2015 09 16 22 53 00 2 4053.912
2015 09 16 22 54 00 2 4053.914
2015 09 16 22 55 00 2 4053.916
2015 09 16 22 56 00 2 4053.923
2015 09 16 22 56 30 3 4053.920
2015 09 16 22 56 45 3 4053.947
2015 09 16 22 57 00 2 4053.956
2015 09 16 22 57 00 3 4053.869
2015 09 16 22 57 15 3 4053.867
2015 09 16 22 57 30 3 4054.049
2015 09 16 22 57 45 3 4054.039
2015 09 16 22 58 00 2 4053.950
2015 09 16 22 58 00 3 4054.003
2015 09 16 22 58 15 3 4053.967
2015 09 16 22 58 30 3 4054.033
2015 09 16 22 58 45 3 4053.937
2015 09 16 22 59 00 2 4053.785
2015 09 16 22 59 00 3 4053.934
2015 09 16 22 59 15 3 4053.902
2015 09 16 22 59 30 3 4053.685
2015 09 16 22 59 45 3 4053.619
2015 09 16 23 00 00 1 9999.000
2015 09 16 23 00 00 2 4053.950
2015 09 16 23 00 00 3 4054.043
2015 09 16 23 00 15 3 4054.168
2015 09 16 23 01 00 2 4053.903
2015 09 16 23 02 00 2 4053.937
2015 09 16 23 03 00 2 4054.030
2015 09 16 23 04 00 2 4053.946
2015 09 16 23 05 00 2 4053.901
2015 09 16 23 06 00 2 4053.907
2015 09 16 23 07 00 2 4053.967
2015 09 16 23 08 00 2 4053.952
2015 09 16 23 09 00 2 4053.971
2015 09 16 23 10 00 2 4053.970
2015 09 16 23 11 00 2 4053.919
2015 09 16 23 12 00 2 4053.956
2015 09 16 23 13 00 2 4053.945
2015 09 16 23 14 00 2 4053.986
2015 09 16 23 15 00 1 9999.000
2015 09 16 23 15 00 2 4053.951
2015 09 16 23 16 00 2 4053.941
2015 09 16 23 17 00 2 4053.977
2015 09 16 23 18 00 2 4053.983
2015 09 16 23 19 00 2 4053.958
2015 09 16 23 20 00 2 4053.989
2015 09 16 23 21 00 2 4053.969
2015 09 16 23 22 00 2 4053.986
2015 09 16 23 23 00 2 4053.979
2015 09 16 23 24 00 2 4054.001
2015 09 16 23 25 00 2 4053.990
2015 09 16 23 26 00 2 4053.999
2015 09 16 23 27 00 2 4054.008
2015 09 16 23 28 00 2 4054.033
2015 09 16 23 29 00 2 4054.036
2015 09 16 23 30 00 1 9999.000
2015 09 16 23 30 00 2 4054.084
2015 09 16 23 31 00 2 4054.090
2015 09 16 23 32 00 2 4054.106
2015 09 16 23 33 00 2 4054.128
2015 09 16 23 34 00 2 4054.136
2015 09 16 23 35 00 2 4054.120
2015 09 16 23 36 00 2 4054.134
2015 09 16 23 37 00 2 4054.126
2015 09 16 23 38 00 2 4054.105
2015 09 16 23 39 00 2 4054.099
2015 09 16 23 40 00 2 4054.101
2015 09 16 23 41 00 2 4054.087
2015 09 16 23 42 00 2 4054.042
2015 09 16 23 43 00 2 4054.057
2015 09 16 23 44 00 2 4054.055
2015 09 16 23 45 00 1 9999.000
2015 09 16 23 45 00 2 4054.059
2015 09 16 23 46 00 2 4054.070
2015 09 16 23 47 00 2 4054.080
2015 09 16 23 48 00 2 4054.030
2015 09 16 23 49 00 2 4053.991
2015 09 16 23 50 00 2 4053.987
2015 09 16 23 51 00 2 4054.010
2015 09 16 23 52 00 2 4054.038
2015 09 16 23 53 00 2 4054.071
2015 09 16 23 54 00 2 4054.088
2015 09 16 23 55 00 2 4054.106
2015 09 16 23 56 00 2 4054.101
2015 09 16 23 57 00 2 4054.097
2015 09 16 23 58 00 2 4054.097
2015 09 16 23 59 00 2 4054.078
2015 09 17 00 00 00 1 9999.000
2015 09 17 00 00 00 2 4054.075
2015 09 17 00 00 15 2 4054.075
2015 09 17 00 01 00 2 4054.096
2015 09 17 00 01 15 2 4054.096
2015 09 17 00 02 00 2 4054.107
2015 09 17 00 02 15 2 4054.107
2015 09 17 00 03 00 2 4054.085
2015 09 17 00 03 15 2 4054.085
2015 09 17 00 04 00 2 4054.070
2015 09 17 00 04 15 2 4054.070
2015 09 17 00 05 00 2 4054.081
2015 09 17 00 05 15 2 4054.081
2015 09 17 00 06 00 2 4054.093
2015 09 17 00 06 15 2 4054.093
2015 09 17 00 07 00 2 4054.096
2015 09 17 00 07 15 2 4054.096
2015 09 17 00 08 00 2 4054.107
2015 09 17 00 08 15 2 4054.107
2015 09 17 00 09 00 2 4054.112
2015 09 17 00 09 15 2 4054.112
2015 09 17 00 10 00 2 4054.116
2015 09 17 00 10 15 2 4054.116
2015 09 17 00 11 00 2 4054.114
2015 09 17 00 11 15 2 4054.114
2015 09 17 00 12 00 2 4054.135
2015 09 17 00 12 15 2 4054.135
2015 09 17 00 13 00 2 4054.145
2015 09 17 00 13 15 2 4054.145
2015 09 17 00 14 00 2 4054.149
2015 09 17 00 14 15 2 4054.149
2015 09 17 00 15 00 1 9999.000
2015 09 17 00 15 00 2 4054.135
2015 09 17 00 15 15 2 4054.135
2015 09 17 00 16 00 2 4054.132
2015 09 17 00 16 15 2 4054.132
2015 09 17 00 17 00 2 4054.128
2015 09 17 00 17 15 2 4054.128
2015 09 17 00 18 00 2 4054.131
2015 09 17 00 18 15 2 4054.131
2015 09 17 00 19 00 2 4054.142
2015 09 17 00 19 15 2 4054.142
2015 09 17 00 20 00 2 4054.156
2015 09 17 00 20 15 2 4054.156
2015 09 17 00 21 00 2 4054.173
2015 09 17 00 21 15 2 4054.173
2015 09 17 00 22 00 2 4054.177
2015 09 17 00 22 15 2 4054.177
2015 09 17 00 23 00 2 4054.173
2015 09 17 00 23 15 2 4054.173
2015 09 17 00 24 00 2 4054.184
2015 09 17 00 24 15 2 4054.184
2015 09 17 00 25 00 2 4054.192
2015 09 17 00 25 15 2 4054.192
2015 09 17 00 26 00 2 4054.189
2015 09 17 00 26 15 2 4054.189
2015 09 17 00 27 00 2 4054.183
2015 09 17 00 27 15 2 4054.183
2015 09 17 00 28 00 2 4054.190
2015 09 17 00 28 15 2 4054.190
2015 09 17 00 29 00 2 4054.200
2015 09 17 00 29 15 2 4054.200
2015 09 17 00 30 00 1 9999.000
2015 09 17 00 30 00 2 4054.203
2015 09 17 00 30 15 2 4054.203
2015 09 17 00 31 00 2 4054.206
2015 09 17 00 31 15 2 4054.206
2015 09 17 00 32 00 2 4054.215
2015 09 17 00 32 15 2 4054.215
2015 09 17 00 33 00 2 4054.226
2015 09 17 00 33 15 2 4054.226
2015 09 17 00 34 00 2 4054.237
2015 09 17 00 34 15 2 4054.237
2015 09 17 00 35 00 2 4054.251
2015 09 17 00 35 15 2 4054.251
2015 09 17 00 36 00 2 4054.259
2015 09 17 00 36 15 2 4054.259
2015 09 17 00 37 00 2 4054.266
2015 09 17 00 37 15 2 4054.266
2015 09 17 00 38 00 2 4054.269
2015 09 17 00 38 15 2 4054.269
2015 09 17 00 39 00 2 4054.266
2015 09 17 00 39 15 2 4054.266
2015 09 17 00 40 00 2 4054.265
2015 09 17 00 40 15 2 4054.265
2015 09 17 00 41 00 2 4054.262
2015 09 17 00 41 15 2 4054.262
2015 09 17 00 42 00 2 4054.267
2015 09 17 00 42 15 2 4054.267
2015 09 17 00 43 00 2 4054.275
2015 09 17 00 43 15 2 4054.275
2015 09 17 00 44 00 2 4054.256
2015 09 17 00 44 15 2 4054.256
2015 09 17 00 45 00 1 9999.000
2015 09 17 00 45 00 2 4054.240
2015 09 17 00 45 15 2 4054.240
2015 09 17 00 46 00 2 4054.237
2015 09 17 00 46 15 2 4054.237
2015 09 17 00 47 00 2 4054.237
2015 09 17 00 47 15 2 4054.237
2015 09 17 00 48 00 2 4054.240
2015 09 17 00 48 15 2 4054.240
2015 09 17 00 49 00 2 4054.240
2015 09 17 00 49 15 2 4054.240
2015 09 17 00 50 00 2 4054.246
2015 09 17 00 50 15 2 4054.246
2015 09 17 00 51 00 2 4054.255
2015 09 17 00 51 15 2 4054.255
2015 09 17 00 52 00 2 4054.267
2015 09 17 00 52 15 2 4054.267
2015 09 17 00 53 00 2 4054.275
2015 09 17 00 53 15 2 4054.275
2015 09 17 00 54 00 2 4054.271
2015 09 17 00 54 15 2 4054.271
2015 09 17 00 55 00 2 4054.269
2015 09 17 00 55 15 2 4054.269
2015 09 17 00 56 00 2 4054.274
2015 09 17 00 56 15 2 4054.274
2015 09 17 00 57 00 2 4054.290
2015 09 17 00 57 15 2 4054.290
2015 09 17 00 58 00 2 4054.297
2015 09 17 00 58 15 2 4054.297
2015 09 17 00 59 00 2 4054.312
2015 09 17 00 59 15 2 4054.312
2015 09 17 01 00 00 1 9999.000
2015 09 17 01 00 00 2 4054.327
2015 09 17 01 00 15 2 4054.327
2015 09 17 01 01 00 2 4054.339
2015 09 17 01 01 15 2 4054.339
2015 09 17 01 02 00 2 4054.350
2015 09 17 01 02 15 2 4054.350
2015 09 17 01 03 00 2 4054.355
2015 09 17 01 03 15 2 4054.355
2015 09 17 01 04 00 2 4054.365
2015 09 17 01 04 15 2 4054.365
2015 09 17 01 05 00 2 4054.381
2015 09 17 01 05 15 2 4054.381
2015 09 17 01 06 00 2 4054.386
2015 09 17 01 06 15 2 4054.386
2015 09 17 01 07 00 2 4054.372
2015 09 17 01 07 15 2 4054.372
2015 09 17 01 08 00 2 4054.356
2015 09 17 01 08 15 2 4054.356
2015 09 17 01 09 00 2 4054.355
2015 09 17 01 09 15 2 4054.355
2015 09 17 01 10 00 2 4054.352
2015 09 17 01 10 15 2 4054.352
2015 09 17 01 11 00 2 4054.347
2015 09 17 01 11 15 2 4054.347
2015 09 17 01 12 00 2 4054.352
2015 09 17 01 12 15 2 4054.352
2015 09 17 01 13 00 2 4054.357
2015 09 17 01 13 15 2 4054.357
2015 09 17 01 14 00 2 4054.374
2015 09 17 01 14 15 2 4054.374
2015 09 17 01 15 00 1 9999.000
2015 09 17 01 15 00 2 4054.379
2015 09 17 01 15 15 2 4054.379
2015 09 17 01 16 00 2 4054.373
2015 09 17 01 16 15 2 4054.373
2015 09 17 01 17 00 2 4054.367
2015 09 17 01 17 15 2 4054.367
2015 09 17 01 18 00 2 4054.369
2015 09 17 01 18 15 2 4054.369
2015 09 17 01 19 00 2 4054.367
2015 09 17 01 19 15 2 4054.367
2015 09 17 01 20 00 2 4054.365
2015 09 17 01 20 15 2 4054.365
2015 09 17 01 21 00 2 4054.353
2015 09 17 01 21 15 2 4054.353
2015 09 17 01 22 00 2 4054.343
2015 09 17 01 22 15 2 4054.343
2015 09 17 01 23 00 2 4054.346
2015 09 17 01 23 15 2 4054.346
2015 09 17 01 24 00 2 4054.365
2015 09 17 01 24 15 2 4054.365
2015 09 17 01 25 00 2 4054.379
2015 09 17 01 25 15 2 4054.379
2015 09 17 01 26 00 2 4054.378
2015 09 17 01 26 15 2 4054.378
2015 09 17 01 27 00 2 4054.370
2015 09 17 01 27 15 2 4054.370
2015 09 17 01 28 00 2 4054.376
2015 09 17 01 28 15 2 4054.376
2015 09 17 01 29 00 2 4054.391
2015 09 17 01 29 15 2 4054.391
2015 09 17 01 30 00 1 9999.000
2015 09 17 01 30 00 2 4054.412
2015 09 17 01 30 15 2 4054.412
2015 09 17 01 31 00 2 4054.435
2015 09 17 01 31 15 2 4054.435
2015 09 17 01 32 00 2 4054.441
2015 09 17 01 32 15 2 4054.441
2015 09 17 01 33 00 2 4054.448
2015 09 17 01 33 15 2 4054.448
2015 09 17 01 34 00 2 4054.453
2015 09 17 01 34 15 2 4054.453
2015 09 17 01 35 00 2 4054.457
2015 09 17 01 35 15 2 4054.457
2015 09 17 01 36 00 2 4054.469
2015 09 17 01 36 15 2 4054.469
2015 09 17 01 37 00 2 4054.482
2015 09 17 01 37 15 2 4054.482
2015 09 17 01 38 00 2 4054.484
2015 09 17 01 38 15 2 4054.484
2015 09 17 01 39 00 2 4054.479
2015 09 17 01 39 15 2 4054.479
2015 09 17 01 40 00 2 4054.477
2015 09 17 01 40 15 2 4054.477
2015 09 17 01 41 00 2 4054.470
2015 09 17 01 41 15 2 4054.470
2015 09 17 01 42 00 2 4054.462
2015 09 17 01 42 15 2 4054.462
2015 09 17 01 43 00 2 4054.463
2015 09 17 01 43 15 2 4054.463
2015 09 17 01 44 00 2 4054.466
2015 09 17 01 44 15 2 4054.466
2015 09 17 01 45 00 1 9999.000
2015 09 17 01 45 00 2 4054.470
2015 09 17 01 45 15 2 4054.470
2015 09 17 01 46 00 2 4054.474
2015 09 17 01 46 15 2 4054.474
2015 09 17 01 47 00 2 4054.470
2015 09 17 01 47 15 2 4054.470
2015 09 17 01 48 00 2 4054.469
2015 09 17 01 48 15 2 4054.469
2015 09 17 01 49 00 2 4054.465
2015 09 17 01 49 15 2 4054.465
2015 09 17 01 50 00 2 4054.465
2015 09 17 01 50 15 2 4054.465
2015 09 17 01 51 00 2 4054.470
2015 09 17 01 51 15 2 4054.470
2015 09 17 01 52 00 2 4054.473
2015 09 17 01 52 15 2 4054.473
2015 09 17 01 53 00 2 4054.482
2015 09 17 01 53 15 2 4054.482
2015 09 17 01 54 00 2 4054.491
2015 09 17 01 54 15 2 4054.491
2015 09 17 01 55 00 2 4054.493
2015 09 17 01 55 15 2 4054.493
2015 09 17 01 56 00 2 4054.495
2015 09 17 01 56 15 2 4054.495
2015 09 17 01 57 00 2 4054.493
2015 09 17 01 57 15 2 4054.493
2015 09 17 01 58 00 2 4054.502
2015 09 17 01 58 15 2 4054.502
2015 09 17 01 59 00 2 4054.517
2015 09 17 01 59 15 2 4054.517
2015 09 17 02 00 00 1 9999.000
2015 09 17 02 00 00 2 4054.519
2015 09 17 02 01 00 2 4054.511
2015 09 17 02 02 00 2 4054.508
2015 09 17 02 03 00 2 4054.516
2015 09 17 02 04 00 2 4054.534
2015 09 17 02 05 00 2 4054.555
2015 09 17 02 06 00 2 4054.567
2015 09 17 02 07 00 2 4054.567
2015 09 17 02 08 00 2 4054.559
2015 09 17 02 09 00 2 4054.547
2015 09 17 02 10 00 2 4054.538
2015 09 17 02 11 00 2 4054.537
2015 09 17 02 12 00 2 4054.543
2015 09 17 02 13 00 2 4054.544
2015 09 17 02 14 00 2 4054.533
2015 09 17 02 15 00 1 9999.000
2015 09 17 02 15 00 2 4054.515
2015 09 17 02 16 00 2 4054.511
2015 09 17 02 17 00 2 4054.515
2015 09 17 02 18 00 2 4054.519
2015 09 17 02 19 00 2 4054.529
2015 09 17 02 20 00 2 4054.530
2015 09 17 02 21 00 2 4054.528
2015 09 17 02 22 00 2 4054.537
2015 09 17 02 23 00 2 4054.558
2015 09 17 02 24 00 2 4054.579
2015 09 17 02 25 00 2 4054.591
2015 09 17 02 26 00 2 4054.599
2015 09 17 02 27 00 2 4054.596
2015 09 17 02 28 00 2 4054.595
2015 09 17 02 29 00 2 4054.598
2015 09 17 02 30 00 1 9999.000
2015 09 17 02 30 00 2 4054.596
2015 09 17 02 31 00 2 4054.592
2015 09 17 02 32 00 2 4054.592
2015 09 17 02 33 00 2 4054.595
2015 09 17 02 34 00 2 4054.604
2015 09 17 02 35 00 2 4054.611
2015 09 17 02 36 00 2 4054.610
2015 09 17 02 37 00 2 4054.614
2015 09 17 02 38 00 2 4054.616
2015 09 17 02 39 00 2 4054.618
2015 09 17 02 40 00 2 4054.615
2015 09 17 02 41 00 2 4054.611
2015 09 17 02 42 00 2 4054.620
2015 09 17 02 43 00 2 4054.629
2015 09 17 02 44 00 2 4054.636
2015 09 17 02 45 00 1 9999.000
2015 09 17 02 45 00 2 4054.640
2015 09 17 02 46 00 2 4054.640
2015 09 17 02 47 00 2 4054.637
2015 09 17 02 48 00 2 4054.628
2015 09 17 02 49 00 2 4054.621
2015 09 17 02 50 00 2 4054.622
2015 09 17 02 51 00 2 4054.623
2015 09 17 02 52 00 2 4054.610
2015 09 17 02 53 00 2 4054.603
2015 09 17 02 54 00 2 4054.608
2015 09 17 02 55 00 2 4054.615
2015 09 17 02 56 00 2 4054.620
2015 09 17 02 57 00 2 4054.628
2015 09 17 02 58 00 2 4054.638
2015 09 17 02 59 00 2 4054.650
2015 09 17 03 00 00 1 9999.000
2015 09 17 03 00 00 2 4054.647
2015 09 17 03 01 00 2 4054.637
2015 09 17 03 02 00 2 4054.631
2015 09 17 03 03 00 2 4054.630
2015 09 17 03 04 00 2 4054.643
2015 09 17 03 05 00 2 4054.656
2015 09 17 03 06 00 2 4054.656
2015 09 17 03 07 00 2 4054.652
2015 09 17 03 08 00 2 4054.648
2015 09 17 03 09 00 2 4054.643
2015 09 17 03 10 00 2 4054.635
2015 09 17 03 11 00 2 4054.631
2015 09 17 03 12 00 2 4054.630
2015 09 17 03 13 00 2 4054.634
2015 09 17 03 14 00 2 4054.645
2015 09 17 03 15 00 1 9999.000
2015 09 17 03 15 00 2 4054.646
2015 09 17 03 16 00 2 4054.654
2015 09 17 03 17 00 2 4054.662
2015 09 17 03 18 00 2 4054.653
2015 09 17 03 19 00 2 4054.640
2015 09 17 03 20 00 2 4054.631
2015 09 17 03 21 00 2 4054.641
2015 09 17 03 22 00 2 4054.649
2015 09 17 03 23 00 2 4054.649
2015 09 17 03 24 00 2 4054.644
2015 09 17 03 25 00 2 4054.642
2015 09 17 03 26 00 2 4054.654
2015 09 17 03 27 00 2 4054.664
2015 09 17 03 28 00 2 4054.663
2015 09 17 03 29 00 2 4054.660
2015 09 17 03 30 00 1 9999.000
2015 09 17 03 30 00 2 4054.656
2015 09 17 03 31 00 2 4054.653
2015 09 17 03 32 00 2 4054.661
2015 09 17 03 33 00 2 4054.674
2015 09 17 03 34 00 2 4054.690
2015 09 17 03 35 00 2 4054.698
2015 09 17 03 36 00 2 4054.704
2015 09 17 03 37 00 2 4054.704
2015 09 17 03 38 00 2 4054.706
2015 09 17 03 39 00 2 4054.711
2015 09 17 03 40 00 2 4054.700
2015 09 17 03 41 00 2 4054.684
2015 09 17 03 42 00 2 4054.670
2015 09 17 03 43 00 2 4054.670
2015 09 17 03 44 00 2 4054.674
2015 09 17 03 45 00 1 9999.000
2015 09 17 03 45 00 2 4054.671
2015 09 17 03 46 00 2 4054.668
2015 09 17 03 47 00 2 4054.673
2015 09 17 03 48 00 2 4054.664
2015 09 17 03 49 00 2 4054.651
2015 09 17 03 50 00 2 4054.651
2015 09 17 03 51 00 2 4054.658
2015 09 17 03 52 00 2 4054.670
2015 09 17 03 53 00 2 4054.675
2015 09 17 03 54 00 2 4054.676
2015 09 17 03 55 00 2 4054.660
2015 09 17 03 56 00 2 4054.654
2015 09 17 03 57 00 2 4054.655
2015 09 17 03 58 00 2 4054.650
2015 09 17 03 59 00 2 4054.654
2015 09 17 04 00 00 1 9999.000
2015 09 17 04 00 00 2 4054.654
2015 09 17 04 01 00 2 4054.654
2015 09 17 04 02 00 2 4054.658
2015 09 17 04 03 00 2 4054.660
2015 09 17 04 04 00 2 4054.669
2015 09 17 04 05 00 2 4054.676
2015 09 17 04 06 00 2 4054.680
2015 09 17 04 07 00 2 4054.681
2015 09 17 04 08 00 2 4054.676
2015 09 17 04 09 00 2 4054.672
2015 09 17 04 10 00 2 4054.674
2015 09 17 04 11 00 2 4054.678
2015 09 17 04 12 00 2 4054.669
2015 09 17 04 13 00 2 4054.672
2015 09 17 04 14 00 2 4054.668
2015 09 17 04 15 00 1 9999.000
2015 09 17 04 15 00 2 4054.661
2015 09 17 04 16 00 2 4054.653
2015 09 17 04 17 00 2 4054.656
2015 09 17 04 18 00 2 4054.658
2015 09 17 04 19 00 2 4054.661
2015 09 17 04 20 00 2 4054.658
2015 09 17 04 21 00 2 4054.654
2015 09 17 04 22 00 2 4054.654
2015 09 17 04 23 00 2 4054.660
2015 09 17 04 24 00 2 4054.654
2015 09 17 04 25 00 2 4054.656
2015 09 17 04 26 00 2 4054.656
2015 09 17 04 27 00 2 4054.658
2015 09 17 04 28 00 2 4054.655
2015 09 17 04 29 00 2 4054.659
2015 09 17 04 30 00 1 9999.000
2015 09 17 04 30 00 2 4054.663
2015 09 17 04 31 00 2 4054.668
2015 09 17 04 32 00 2 4054.672
2015 09 17 04 33 00 2 4054.673
2015 09 17 04 34 00 2 4054.661
2015 09 17 04 35 00 2 4054.655
2015 09 17 04 36 00 2 4054.651
2015 09 17 04 37 00 2 4054.649
2015 09 17 04 38 00 2 4054.647
2015 09 17 04 39 00 2 4054.639
2015 09 17 04 40 00 2 4054.635
2015 09 17 04 41 00 2 4054.630
2015 09 17 04 42 00 2 4054.630
2015 09 17 04 43 00 2 4054.632
2015 09 17 04 44 00 2 4054.629
2015 09 17 04 45 00 1 9999.000
2015 09 17 04 45 00 2 4054.622
2015 09 17 04 46 00 2 4054.623
2015 09 17 04 47 00 2 4054.622
2015 09 17 04 48 00 2 4054.618
2015 09 17 04 49 00 2 4054.613
2015 09 17 04 50 00 2 4054.614
2015 09 17 04 51 00 2 4054.605
2015 09 17 04 52 00 2 4054.601
2015 09 17 04 53 00 2 4054.601
2015 09 17 04 54 00 2 4054.605
2015 09 17 04 55 00 2 4054.602
2015 09 17 04 56 00 2 4054.606
2015 09 17 04 57 00 2 4054.610
2015 09 17 04 58 00 2 4054.612
2015 09 17 04 59 00 2 4054.617
2015 09 17 05 00 00 1 9999.000
2015 09 17 05 00 00 2 4054.615
2015 09 17 05 01 00 2 4054.607
2015 09 17 05 02 00 2 4054.601
2015 09 17 05 03 00 2 4054.599
2015 09 17 05 04 00 2 4054.602
2015 09 17 05 05 00 2 4054.600
2015 09 17 05 06 00 2 4054.596
2015 09 17 05 07 00 2 4054.589
2015 09 17 05 08 00 2 4054.583
2015 09 17 05 09 00 2 4054.583
2015 09 17 05 10 00 2 4054.583
2015 09 17 05 11 00 2 4054.580
2015 09 17 05 12 00 2 4054.569
2015 09 17 05 13 00 2 4054.557
2015 09 17 05 14 00 2 4054.561
2015 09 17 05 15 00 1 9999.000
2015 09 17 05 15 00 2 4054.564
2015 09 17 05 16 00 2 4054.561
2015 09 17 05 17 00 2 4054.555
2015 09 17 05 18 00 2 4054.555
2015 09 17 05 19 00 2 4054.553
2015 09 17 05 20 00 2 4054.551
2015 09 17 05 21 00 2 4054.549
2015 09 17 05 22 00 2 4054.552
2015 09 17 05 23 00 2 4054.554
2015 09 17 05 24 00 2 4054.559
2015 09 17 05 25 00 2 4054.554
2015 09 17 05 26 00 2 4054.543
2015 09 17 05 27 00 2 4054.545
2015 09 17 05 28 00 2 4054.538
2015 09 17 05 29 00 2 4054.533
2015 09 17 05 30 00 1 9999.000
2015 09 17 05 30 00 2 4054.529
2015 09 17 05 31 00 2 4054.529
2015 09 17 05 32 00 2 4054.528
2015 09 17 05 33 00 2 4054.530
2015 09 17 05 34 00 2 4054.531
2015 09 17 05 35 00 2 4054.527
2015 09 17 05 36 00 2 4054.524
2015 09 17 05 37 00 2 4054.517
2015 09 17 05 38 00 2 4054.515
2015 09 17 05 39 00 2 4054.518
2015 09 17 05 40 00 2 4054.522
2015 09 17 05 41 00 2 4054.524
2015 09 17 05 42 00 2 4054.523
2015 09 17 05 43 00 2 4054.517
2015 09 17 05 44 00 2 4054.507
2015 09 17 05 45 00 1 9999.000
2015 09 17 05 45 00 2 4054.503
2015 09 17 05 46 00 2 4054.498
2015 09 17 05 47 00 2 4054.495
2015 09 17 05 48 00 2 4054.494
2015 09 17 05 49 00 2 4054.498
2015 09 17 05 50 00 2 4054.493
2015 09 17 05 51 00 2 4054.481
2015 09 17 05 52 00 2 4054.482
2015 09 17 05 53 00 2 4054.478
2015 09 17 05 54 00 2 4054.474
2015 09 17 05 55 00 2 4054.468
2015 09 17 05 56 00 2 4054.460
2015 09 17 05 57 00 2 4054.450
2015 09 17 05 58 00 2 4054.451
2015 09 17 05 59 00 2 4054.448
2015 09 17 06 00 00 1 9999.000
2015 09 17 06 00 00 2 4054.443
2015 09 17 06 01 00 2 4054.439
2015 09 17 06 02 00 2 4054.435
2015 09 17 06 03 00 2 4054.429
2015 09 17 06 04 00 2 4054.424
2015 09 17 06 05 00 2 4054.424
2015 09 17 06 06 00 2 4054.422
2015 09 17 06 07 00 2 4054.420
2015 09 17 06 08 00 2 4054.427
2015 09 17 06 09 00 2 4054.428
2015 09 17 06 10 00 2 4054.423
2015 09 17 06 11 00 2 4054.422
2015 09 17 06 12 00 2 4054.419
2015 09 17 06 13 00 2 4054.413
2015 09 17 06 14 00 2 4054.416
2015 09 17 06 15 00 1 9999.000
2015 09 17 06 15 00 2 4054.417
2015 09 17 06 16 00 2 4054.406
2015 09 17 06 17 00 2 4054.396
2015 09 17 06 18 00 2 4054.387
2015 09 17 06 19 00 2 4054.376
2015 09 17 06 20 00 2 4054.370
2015 09 17 06 21 00 2 4054.366
2015 09 17 06 22 00 2 4054.363
2015 09 17 06 23 00 2 4054.359
2015 09 17 06 24 00 2 4054.355
2015 09 17 06 25 00 2 4054.358
2015 09 17 06 26 00 2 4054.364
2015 09 17 06 27 00 2 4054.365
2015 09 17 06 28 00 2 4054.361
2015 09 17 06 29 00 2 4054.360
2015 09 17 06 30 00 1 9999.000
2015 09 17 06 30 00 2 4054.354
2015 09 17 06 31 00 2 4054.345
2015 09 17 06 32 00 2 4054.340
2015 09 17 06 33 00 2 4054.337
2015 09 17 06 34 00 2 4054.341
2015 09 17 06 35 00 2 4054.335
2015 09 17 06 36 00 2 4054.333
2015 09 17 06 37 00 2 4054.337
2015 09 17 06 38 00 2 4054.334
2015 09 17 06 39 00 2 4054.331
2015 09 17 06 40 00 2 4054.339
2015 09 17 06 41 00 2 4054.338
2015 09 17 06 42 00 2 4054.335
2015 09 17 06 43 00 2 4054.326
2015 09 17 06 44 00 2 4054.322
2015 09 17 06 45 00 1 9999.000
2015 09 17 06 45 00 2 4054.319
2015 09 17 06 46 00 2 4054.310
2015 09 17 06 47 00 2 4054.302
2015 09 17 06 48 00 2 4054.301
2015 09 17 06 49 00 2 4054.294
2015 09 17 06 50 00 2 4054.291
2015 09 17 06 51 00 2 4054.285
2015 09 17 06 52 00 2 4054.276
2015 09 17 06 53 00 2 4054.273
2015 09 17 06 54 00 2 4054.268
2015 09 17 06 55 00 2 4054.262
2015 09 17 06 56 00 2 4054.261
2015 09 17 06 57 00 2 4054.262
2015 09 17 06 58 00 2 4054.261
2015 09 17 06 59 00 2 4054.258
2015 09 17 07 00 00 1 9999.000
2015 09 17 07 00 00 2 4054.252
2015 09 17 07 01 00 2 4054.246
2015 09 17 07 02 00 2 4054.243
2015 09 17 07 03 00 2 4054.235
2015 09 17 07 04 00 2 4054.233
2015 09 17 07 05 00 2 4054.237
2015 09 17 07 06 00 2 4054.238
2015 09 17 07 07 00 2 4054.236
2015 09 17 07 08 00 2 4054.233
2015 09 17 07 09 00 2 4054.223
2015 09 17 07 10 00 2 4054.215
2015 09 17 07 11 00 2 4054.210
2015 09 17 07 12 00 2 4054.204
2015 09 17 07 13 00 2 4054.208
2015 09 17 07 14 00 2 4054.209
2015 09 17 07 15 00 1 9999.000
2015 09 17 07 15 00 2 4054.207
2015 09 17 07 16 00 2 4054.208
2015 09 17 07 17 00 2 4054.208
2015 09 17 07 18 00 2 4054.210
2015 09 17 07 19 00 2 4054.208
2015 09 17 07 20 00 2 4054.205
2015 09 17 07 21 00 2 4054.206
2015 09 17 07 22 00 2 4054.203
2015 09 17 07 23 00 2 4054.194
2015 09 17 07 24 00 2 4054.185
2015 09 17 07 25 00 2 4054.181
2015 09 17 07 26 00 2 4054.175
2015 09 17 07 27 00 2 4054.171
2015 09 17 07 28 00 2 4054.166
2015 09 17 07 29 00 2 4054.165
2015 09 17 07 30 00 1 9999.000
2015 09 17 07 30 00 2 4054.165
2015 09 17 07 31 00 2 4054.164
2015 09 17 07 32 00 2 4054.164
2015 09 17 07 33 00 2 4054.158
2015 09 17 07 34 00 2 4054.149
2015 09 17 07 35 00 2 4054.145
2015 09 17 07 36 00 2 4054.144
2015 09 17 07 37 00 2 4054.137
2015 09 17 07 38 00 2 4054.129
2015 09 17 07 39 00 2 4054.130
2015 09 17 07 40 00 2 4054.126
2015 09 17 07 41 00 2 4054.120
2015 09 17 07 42 00 2 4054.113
2015 09 17 07 43 00 2 4054.113
2015 09 17 07 44 00 2 4054.111
2015 09 17 07 45 00 1 9999.000
2015 09 17 07 45 00 2 4054.105
2015 09 17 07 46 00 2 4054.107
2015 09 17 07 47 00 2 4054.108
2015 09 17 07 48 00 2 4054.103
2015 09 17 07 49 00 2 4054.100
2015 09 17 07 50 00 2 4054.102
2015 09 17 07 51 00 2 4054.102
2015 09 17 07 52 00 2 4054.095
2015 09 17 07 53 00 2 4054.088
2015 09 17 07 54 00 2 4054.085
2015 09 17 07 55 00 2 4054.083
2015 09 17 07 56 00 2 4054.079
2015 09 17 07 57 00 2 4054.079
2015 09 17 07 58 00 2 4054.074
2015 09 17 07 59 00 2 4054.069
2015 09 17 08 00 00 1 9999.000
2015 09 17 08 15 00 1 4054.030
2015 09 17 08 30 00 1 4053.984
2015 09 17 08 45 00 1 4053.977
2015 09 17 09 00 00 1 4053.948
2015 09 17 09 15 00 1 4053.917
2015 09 17 09 30 00 1 4053.913
2015 09 17 09 45 00 1 4053.920
2015 09 17 10 00 00 1 4053.910
2015 09 17 10 15 00 1 4053.921
2015 09 17 10 30 00 1 4053.924
2015 09 17 10 45 00 1 4053.943
2015 09 17 11 00 00 1 4053.962
2015 09 17 11 15 00 1 4053.987
2015 09 17 11 30 00 1 4054.029
2015 09 17 11 45 00 1 4054.056
2015 09 17 12 00 00 1 4054.095
2015 09 17 12 15 00 1 4054.143
2015 09 17 12 30 00 1 4054.174
2015 09 17 12 45 00 1 4054.219
2015 09 17 13 00 00 1 4054.281
2015 09 17 13 15 00 1 4054.326
2015 09 17 13 30 00 1 4054.367
2015 09 17 13 45 00 1 4054.397
2015 09 17 14 00 00 1 4054.443
2015 09 17 14 15 00 1 4054.488
2015 09 17 14 30 00 1 4054.505
2015 09 17 14 45 00 1 4054.532
2015 09 17 15 00 00 1 4054.558
2015 09 17 15 15 00 1 4054.573
2015 09 17 15 30 00 1 4054.587
2015 09 17 15 45 00 1 4054.596
2015 09 17 16 00 00 1 4054.605
2015 09 17 16 15 00 1 4054.597
2015 09 17 16 30 00 1 4054.576
2015 09 17 16 45 00 1 4054.563
2015 09 17 17 00 00 1 4054.542
2015 09 17 17 15 00 1 4054.519
2015 09 17 17 30 00 1 4054.489
2015 09 17 17 45 00 1 4054.440
2015 09 17 18 00 00 1 4054.405
2015 09 17 18 15 00 1 4054.372
2015 09 17 18 30 00 1 4054.312
2015 09 17 18 45 00 1 4054.273
2015 09 17 19 00 00 1 4054.217
2015 09 17 19 15 00 1 4054.186
2015 09 17 19 30 00 1 4054.142
2015 09 17 19 45 00 1 4054.095
2015 09 17 20 00 00 1 4054.054
2015 09 17 20 15 00 1 4054.022
2015 09 17 20 30 00 1 4053.989
2015 09 17 20 45 00 1 4053.960
2015 09 17 21 00 00 1 4053.926
2015 09 17 21 15 00 1 4053.917
2015 09 17 21 30 00 1 4053.908
2015 09 17 21 45 00 1 4053.903
2015 09 17 22 00 00 1 4053.887
2015 09 17 22 15 00 1 4053.891
2015 09 17 22 30 00 1 4053.895
2015 09 17 22 45 00 1 4053.902
2015 09 17 23 00 00 1 4053.919
2015 09 17 23 15 00 1 4053.947
2015 09 17 23 30 00 1 4053.980
2015 09 17 23 45 00 1 4054.014
2015 09 18 00 00 00 1 4054.050
2015 09 18 00 15 00 1 4054.095
2015 09 18 00 30 00 1 4054.133
2015 09 18 00 45 00 1 4054.182
2015 09 18 01 00 00 1 4054.227
2015 09 18 01 15 00 1 4054.281
2015 09 18 01 30 00 1 4054.330
2015 09 18 01 45 00 1 4054.378
2015 09 18 02 00 00 1 4054.419
2015 09 18 02 15 00 1 4054.466
2015 09 18 02 30 00 1 4054.499
2015 09 18 02 45 00 1 4054.540
2015 09 18 03 00 00 1 4054.574
2015 09 18 03 15 00 1 4054.608
2015 09 18 03 30 00 1 4054.623
2015 09 18 03 45 00 1 4054.655
2015 09 18 04 00 00 1 4054.658
2015 09 18 04 15 00 1 4054.665
2015 09 18 04 30 00 1 4054.663
2015 09 18 04 45 00 1 4054.651
2015 09 18 05 00 00 1 4054.645
2015 09 18 05 15 00 1 4054.625
2015 09 18 05 30 00 1 4054.592
2015 09 18 05 45 00 1 4054.572
2015 09 18 06 00 00 1 4054.541
2015 09 18 06 15 00 1 4054.511
2015 09 18 06 30 00 1 4054.458
2015 09 18 06 45 00 1 4054.424
2015 09 18 07 00 00 1 4054.372
2015 09 18 07 15 00 1 4054.342
2015 09 18 07 30 00 1 4054.294
2015 09 18 07 45 00 1 4054.249
2015 09 18 08 00 00 1 4054.207
2015 09 18 08 15 00 1 4054.167
2015 09 18 08 30 00 1 4054.120
2015 09 18 08 45 00 1 4054.082
2015 09 18 09 00 00 1 4054.054
2015 09 18 09 15 00 1 4054.025
2015 09 18 09 30 00 1 4053.990
2015 09 18 09 45 00 1 4053.967
2015 09 18 10 00 00 1 4053.957
2015 09 18 10 15 00 1 4053.949
2015 09 18 10 30 00 1 4053.948
2015 09 18 10 45 00 1 4053.942
2015 09 18 11 00 00 1 4053.951
2015 09 18 11 15 00 1 4053.954
2015 09 18 11 30 00 1 4053.980
2015 09 18 11 45 00 1 4053.996
2015 09 18 12 00 00 1 4054.020
2015 09 18 12 15 00 1 4054.044
2015 09 18 12 30 00 1 4054.076
2015 09 18 12 45 00 1 4054.103
2015 09 18 13 00 00 1 4054.139
2015 09 18 13 15 00 1 4054.185
2015 09 18 13 30 00 1 4054.224
2015 09 18 13 45 00 1 4054.262
2015 09 18 14 00 00 1 4054.295
2015 09 18 14 15 00 1 4054.332
2015 09 18 14 30 00 1 4054.371
2015 09 18 14 45 00 1 4054.397
2015 09 18 15 00 00 1 4054.427
2015 09 18 15 15 00 1 4054.448
2015 09 18 15 30 00 1 4054.469
2015 09 18 15 45 00 1 4054.481
2015 09 18 16 00 00 1 4054.495
2015 09 18 16 15 00 1 4054.491
2015 09 18 16 30 00 1 4054.500
2015 09 18 16 45 00 1 4054.490
2015 09 18 17 00 00 1 4054.487
2015 09 18 17 15 00 1 4054.472
2015 09 18 17 30 00 1 4054.456
2015 09 18 17 45 00 1 4054.431
2015 09 18 18 00 00 1 4054.405
2015 09 18 18 15 00 1 4054.382
2015 09 18 18 30 00 1 4054.347
2015 09 18 18 45 00 1 4054.318
2015 09 18 19 00 00 1 4054.280
2015 09 18 19 15 00 1 4054.240
2015 09 18 19 30 00 1 4054.200
2015 09 18 19 45 00 1 4054.177
2015 09 18 20 00 00 1 4054.136
2015 09 18 20 15 00 1 4054.101
2015 09 18 20 30 00 1 4054.063
2015 09 18 20 45 00 1 4054.028
2015 09 18 21 00 00 1 4054.005
2015 09 18 21 15 00 1 4053.971
2015 09 18 21 30 00 1 4053.944
2015 09 18 21 45 00 1 4053.936
2015 09 18 22 00 00 1 4053.920
2015 09 18 22 15 00 1 4053.920
2015 09 18 22 30 00 1 4053.913
2015 09 18 22 45 00 1 4053.914
2015 09 18 23 00 00 1 4053.927
2015 09 18 23 15 00 1 4053.934
2015 09 18 23 30 00 1 4053.955
2015 09 18 23 45 00 1 4053.981
2015 09 19 00 00 00 1 4054.006
2015 09 19 00 15 00 1 4054.033
2015 09 19 00 30 00 1 4054.069
2015 09 19 00 45 00 1 4054.106
2015 09 19 01 00 00 1 4054.149
2015 09 19 01 15 00 1 4054.194
2015 09 19 01 30 00 1 4054.240
2015 09 19 01 45 00 1 4054.282
2015 09 19 02 00 00 1 4054.332
2015 09 19 02 15 00 1 4054.374
2015 09 19 02 30 00 1 4054.415
2015 09 19 02 45 00 1 4054.461
2015 09 19 03 00 00 1 4054.493
2015 09 19 03 15 00 1 4054.529
2015 09 19 03 30 00 1 4054.568
2015 09 19 03 45 00 1 4054.594
2015 09 19 04 00 00 1 4054.616
2015 09 19 04 00 00 2 4054.617
2015 09 19 04 01 00 2 4054.619
2015 09 19 04 02 00 2 4054.621
2015 09 19 04 03 00 2 4054.622
2015 09 19 04 04 00 2 4054.621
2015 09 19 04 05 00 2 4054.623
2015 09 19 04 06 00 2 4054.624
2015 09 19 04 07 00 2 4054.625
2015 09 19 04 08 00 2 4054.628
2015 09 19 04 09 00 2 4054.629
2015 09 19 04 10 00 2 4054.631
2015 09 19 04 11 00 2 4054.632
2015 09 19 04 12 00 2 4054.635
2015 09 19 04 13 00 2 4054.639
2015 09 19 04 14 00 2 4054.640
2015 09 19 04 15 00 1 4054.640
2015 09 19 04 15 00 2 4054.640
2015 09 19 04 16 00 2 4054.642
2015 09 19 04 17 00 2 4054.644
2015 09 19 04 18 00 2 4054.644
2015 09 19 04 19 00 2 4054.645
2015 09 19 04 20 00 2 4054.646
2015 09 19 04 21 00 2 4054.644
2015 09 19 04 22 00 2 4054.646
2015 09 19 04 23 00 2 4054.648
2015 09 19 04 24 00 2 4054.649
2015 09 19 04 25 00 2 4054.650
2015 09 19 04 26 00 2 4054.652
2015 09 19 04 27 00 2 4054.653
2015 09 19 04 28 00 2 4054.656
2015 09 19 04 29 00 2 4054.657
2015 09 19 04 30 00 1 4054.658
2015 09 19 04 30 00 2 4054.659
2015 09 19 04 31 00 2 4054.660
2015 09 19 04 32 00 2 4054.658
2015 09 19 04 33 00 2 4054.656
2015 09 19 04 34 00 2 4054.654
2015 09 19 04 35 00 2 4054.653
2015 09 19 04 36 00 2 4054.651
2015 09 19 04 37 00 2 4054.652
2015 09 19 04 38 00 2 4054.654
2015 09 19 04 39 00 2 4054.654
2015 09 19 04 40 00 2 4054.654
2015 09 19 04 41 00 2 4054.655
2015 09 19 04 42 00 2 4054.656
2015 09 19 04 43 00 2 4054.658
2015 09 19 04 44 00 2 4054.659
2015 09 19 04 45 00 1 4054.660
2015 09 19 04 45 00 2 4054.660
2015 09 19 04 46 00 2 4054.660
2015 09 19 04 47 00 2 4054.660
2015 09 19 04 48 00 2 4054.660
2015 09 19 04 49 00 2 4054.659
2015 09 19 04 50 00 2 4054.658
2015 09 19 04 51 00 2 4054.657
2015 09 19 04 52 00 2 4054.656
2015 09 19 04 53 00 2 4054.656
2015 09 19 04 54 00 2 4054.655
2015 09 19 04 55 00 2 4054.656
2015 09 19 04 56 00 2 4054.657
2015 09 19 04 57 00 2 4054.657
2015 09 19 04 58 00 2 4054.659
2015 09 19 04 59 00 2 4054.658
2015 09 19 05 00 00 1 4054.659
2015 09 19 05 00 00 2 4054.659
2015 09 19 05 01 00 2 4054.659
2015 09 19 05 02 00 2 4054.660
2015 09 19 05 03 00 2 4054.662
2015 09 19 05 04 00 2 4054.663
2015 09 19 05 05 00 2 4054.662
2015 09 19 05 06 00 2 4054.661
2015 09 19 05 07 00 2 4054.661
2015 09 19 05 08 00 2 4054.660
2015 09 19 05 09 00 2 4054.663
2015 09 19 05 10 00 2 4054.662
2015 09 19 05 11 00 2 4054.664
2015 09 19 05 11 30 3 4054.668
2015 09 19 05 11 45 3 4054.671
2015 09 19 05 12 00 2 4054.646
2015 09 19 05 12 00 3 4054.626
2015 09 19 05 12 15 3 4054.673
2015 09 19 05 12 30 3 4054.663
2015 09 19 05 12 45 3 4054.623
2015 09 19 05 13 00 2 4054.666
2015 09 19 05 13 00 3 4054.675
2015 09 19 05 13 15 3 4054.678
2015 09 19 05 13 30 3 4054.669
2015 09 19 05 13 45 3 4054.643
2015 09 19 05 14 00 2 4054.661
2015 09 19 05 14 00 3 4054.659
2015 09 19 05 14 15 3 4054.668
2015 09 19 05 14 30 3 4054.667
2015 09 19 05 14 45 3 4054.652
2015 09 19 05 15 00 1 9999.000
2015 09 19 05 15 00 2 4054.659
2015 09 19 05 15 00 3 4054.653
2015 09 19 05 15 15 3 4054.672
2015 09 19 05 16 00 2 4054.659
2015 09 19 05 17 00 2 4054.658
2015 09 19 05 18 00 2 4054.657
2015 09 19 05 19 00 2 4054.657
2015 09 19 05 20 00 2 4054.659
2015 09 19 05 21 00 2 4054.657
2015 09 19 05 22 00 2 4054.655
2015 09 19 05 23 00 2 4054.656
2015 09 19 05 24 00 2 4054.655
2015 09 19 05 25 00 2 4054.654
2015 09 19 05 26 00 2 4054.654
2015 09 19 05 27 00 2 4054.652
2015 09 19 05 28 00 2 4054.652
2015 09 19 05 29 00 2 4054.651
2015 09 19 05 30 00 1 9999.000
2015 09 19 05 30 00 2 4054.649
2015 09 19 05 31 00 2 4054.648
2015 09 19 05 32 00 2 4054.648
2015 09 19 05 33 00 2 4054.646
2015 09 19 05 34 00 2 4054.645
2015 09 19 05 35 00 2 4054.644
2015 09 19 05 36 00 2 4054.644
2015 09 19 05 37 00 2 4054.646
2015 09 19 05 38 00 2 4054.646
2015 09 19 05 39 00 2 4054.645
2015 09 19 05 40 00 2 4054.644
2015 09 19 05 41 00 2 4054.645
2015 09 19 05 42 00 2 4054.645
2015 09 19 05 43 00 2 4054.643
2015 09 19 05 44 00 2 4054.641
2015 09 19 05 45 00 1 9999.000
2015 09 19 05 45 00 2 4054.640
2015 09 19 05 46 00 2 4054.640
2015 09 19 05 47 00 2 4054.638
2015 09 19 05 48 00 2 4054.636
2015 09 19 05 49 00 2 4054.635
2015 09 19 05 50 00 2 4054.634
2015 09 19 05 51 00 2 4054.632
2015 09 19 05 52 00 2 4054.630
2015 09 19 05 53 00 2 4054.628
2015 09 19 05 54 00 2 4054.626
2015 09 19 05 55 00 2 4054.624
2015 09 19 05 56 00 2 4054.623
2015 09 19 05 57 00 2 4054.622
2015 09 19 05 58 00 2 4054.619
2015 09 19 05 59 00 2 4054.614
2015 09 19 06 00 00 1 9999.000
2015 09 19 06 00 00 2 4054.610
2015 09 19 06 01 00 2 4054.608
2015 09 19 06 02 00 2 4054.606
2015 09 19 06 03 00 2 4054.608
2015 09 19 06 04 00 2 4054.608
2015 09 19 06 05 00 2 4054.607
2015 09 19 06 06 00 2 4054.606
2015 09 19 06 07 00 2 4054.605
2015 09 19 06 08 00 2 4054.606
2015 09 19 06 09 00 2 4054.607
2015 09 19 06 10 00 2 4054.608
2015 09 19 06 11 00 2 4054.605
2015 09 19 06 12 00 2 4054.603
2015 09 19 06 13 00 2 4054.600
2015 09 19 06 14 00 2 4054.598
2015 09 19 06 15 00 1 9999.000
2015 09 19 06 15 00 2 4054.595
2015 09 19 06 16 00 2 4054.595
2015 09 19 06 17 00 2 4054.593
2015 09 19 06 18 00 2 4054.590
2015 09 19 06 19 00 2 4054.589
2015 09 19 06 20 00 2 4054.589
2015 09 19 06 21 00 2 4054.588
2015 09 19 06 22 00 2 4054.587
2015 09 19 06 23 00 2 4054.584
2015 09 19 06 24 00 2 4054.581
2015 09 19 06 25 00 2 4054.579
2015 09 19 06 26 00 2 4054.577
2015 09 19 06 27 00 2 4054.575
2015 09 19 06 28 00 2 4054.572
2015 09 19 06 29 00 2 4054.569
2015 09 19 06 30 00 1 9999.000
2015 09 19 06 30 00 2 4054.567
2015 09 19 06 31 00 2 4054.564
2015 09 19 06 32 00 2 4054.563
2015 09 19 06 33 00 2 4054.562
2015 09 19 06 34 00 2 4054.561
2015 09 19 06 35 00 2 4054.560
2015 09 19 06 36 00 2 4054.559
2015 09 19 06 37 00 2 4054.557
2015 09 19 06 38 00 2 4054.555
2015 09 19 06 39 00 2 4054.554
2015 09 19 06 40 00 2 4054.553
2015 09 19 06 41 00 2 4054.549
2015 09 19 06 42 00 2 4054.547
2015 09 19 06 43 00 2 4054.545
2015 09 19 06 44 00 2 4054.542
2015 09 19 06 45 00 1 9999.000
2015 09 19 06 45 00 2 4054.540
2015 09 19 06 46 00 2 4054.537
2015 09 19 06 47 00 2 4054.535
2015 09 19 06 48 00 2 4054.534
2015 09 19 06 49 00 2 4054.530
2015 09 19 06 50 00 2 4054.528
2015 09 19 06 51 00 2 4054.525
2015 09 19 06 52 00 2 4054.523
2015 09 19 06 53 00 2 4054.520
2015 09 19 06 54 00 2 4054.517
2015 09 19 06 55 00 2 4054.514
2015 09 19 06 56 00 2 4054.512
2015 09 19 06 57 00 2 4054.509
2015 09 19 06 58 00 2 4054.506
2015 09 19 06 59 00 2 4054.506
2015 09 19 07 00 00 1 9999.000
2015 09 19 07 00 00 2 4054.505
2015 09 19 07 01 00 2 4054.501
2015 09 19 07 02 00 2 4054.499
2015 09 19 07 03 00 2 4054.496
2015 09 19 07 04 00 2 4054.494
2015 09 19 07 05 00 2 4054.493
2015 09 19 07 06 00 2 4054.491
2015 09 19 07 07 00 2 4054.488
2015 09 19 07 08 00 2 4054.485
2015 09 19 07 09 00 2 4054.483
2015 09 19 07 10 00 2 4054.482
2015 09 19 07 11 00 2 4054.480
2015 09 19 07 12 00 2 4054.478
2015 09 19 07 13 00 2 4054.475
2015 09 19 07 14 00 2 4054.475
2015 09 19 07 15 00 1 9999.000
2015 09 19 07 15 00 2 4054.472
2015 09 19 07 16 00 2 4054.471
2015 09 19 07 17 00 2 4054.471
2015 09 19 07 18 00 2 4054.470
2015 09 19 07 19 00 2 4054.468
2015 09 19 07 20 00 2 4054.467
2015 09 19 07 21 00 2 4054.461
2015 09 19 07 22 00 2 4054.458
2015 09 19 07 23 00 2 4054.454
2015 09 19 07 24 00 2 4054.450
2015 09 19 07 25 00 2 4054.448
2015 09 19 07 26 00 2 4054.446
2015 09 19 07 27 00 2 4054.443
2015 09 19 07 28 00 2 4054.439
2015 09 19 07 29 00 2 4054.435
2015 09 19 07 30 00 1 9999.000
2015 09 19 07 30 00 2 4054.431
2015 09 19 07 31 00 2 4054.429
2015 09 19 07 32 00 2 4054.427
2015 09 19 07 33 00 2 4054.424
2015 09 19 07 34 00 2 4054.421
2015 09 19 07 35 00 2 4054.417
2015 09 19 07 36 00 2 4054.415
2015 09 19 07 37 00 2 4054.411
2015 09 19 07 38 00 2 4054.409
2015 09 19 07 39 00 2 4054.406
2015 09 19 07 40 00 2 4054.403
2015 09 19 07 41 00 2 4054.400
2015 09 19 07 42 00 2 4054.397
2015 09 19 07 43 00 2 4054.395
2015 09 19 07 44 00 2 4054.392
2015 09 19 07 45 00 1 9999.000
2015 09 19 07 45 00 2 4054.390
2015 09 19 07 46 00 2 4054.390
2015 09 19 07 47 00 2 4054.388
2015 09 19 07 48 00 2 4054.385
2015 09 19 07 49 00 2 4054.382
2015 09 19 07 50 00 2 4054.381
2015 09 19 07 51 00 2 4054.378
2015 09 19 07 52 00 2 4054.375
2015 09 19 07 53 00 2 4054.373
2015 09 19 07 54 00 2 4054.370
2015 09 19 07 55 00 2 4054.365
2015 09 19 07 56 00 2 4054.363
2015 09 19 07 57 00 2 4054.360
2015 09 19 07 58 00 2 4054.357
2015 09 19 07 59 00 2 4054.354
2015 09 19 08 00 00 1 9999.000
2015 09 19 08 00 00 2 4054.350
2015 09 19 08 01 00 2 4054.345
2015 09 19 08 02 00 2 4054.343
2015 09 19 08 03 00 2 4054.341
2015 09 19 08 04 00 2 4054.338
2015 09 19 08 05 00 2 4054.338
2015 09 19 08 06 00 2 4054.334
2015 09 19 08 07 00 2 4054.331
2015 09 19 08 08 00 2 4054.330
2015 09 19 08 09 00 2 4054.328
2015 09 19 08 10 00 2 4054.325
2015 09 19 08 11 00 2 4054.321
2015 09 19 08 12 00 2 4054.317
2015 09 19 08 13 00 2 4054.315
2015 09 19 08 14 00 2 4054.312
2015 09 19 08 15 00 1 9999.000
2015 09 19 08 15 00 2 4054.309
2015 09 19 08 16 00 2 4054.305
2015 09 19 08 17 00 2 4054.304
2015 09 19 08 18 00 2 4054.301
2015 09 19 08 19 00 2 4054.299
2015 09 19 08 20 00 2 4054.299
2015 09 19 08 21 00 2 4054.298
2015 09 19 08 22 00 2 4054.295
2015 09 19 08 23 00 2 4054.293
2015 09 19 08 24 00 2 4054.290
2015 09 19 08 25 00 2 4054.288
2015 09 19 08 26 00 2 4054.285
2015 09 19 08 27 00 2 4054.281
2015 09 19 08 28 00 2 4054.276
2015 09 19 08 29 00 2 4054.272
2015 09 19 08 30 00 1 9999.000
2015 09 19 08 30 00 2 4054.269
2015 09 19 08 31 00 2 4054.267
2015 09 19 08 32 00 2 4054.265
2015 09 19 08 33 00 2 4054.263
2015 09 19 08 34 00 2 4054.258
2015 09 19 08 35 00 2 4054.255
2015 09 19 08 36 00 2 4054.255
2015 09 19 08 37 00 2 4054.252
2015 09 19 08 38 00 2 4054.249
2015 09 19 08 39 00 2 4054.247
2015 09 19 08 40 00 2 4054.244
2015 09 19 08 41 00 2 4054.241
2015 09 19 08 42 00 2 4054.238
2015 09 19 08 43 00 2 4054.238
2015 09 19 08 44 00 2 4054.238
2015 09 19 08 45 00 1 9999.000
2015 09 19 08 45 00 2 4054.236
2015 09 19 08 46 00 2 4054.232
2015 09 19 08 47 00 2 4054.229
2015 09 19 08 48 00 2 4054.226
2015 09 19 08 49 00 2 4054.223
2015 09 19 08 50 00 2 4054.220
2015 09 19 08 51 00 2 4054.219
2015 09 19 08 52 00 2 4054.216
2015 09 19 08 53 00 2 4054.213
2015 09 19 08 54 00 2 4054.212
2015 09 19 08 55 00 2 4054.211
2015 09 19 08 56 00 2 4054.208
2015 09 19 08 57 00 2 4054.207
2015 09 19 08 58 00 2 4054.204
2015 09 19 08 59 00 2 4054.200
2015 09 19 09 00 00 1 9999.000
2015 09 19 09 15 00 1 4054.162
2015 09 19 09 30 00 1 4054.131
2015 09 19 09 45 00 1 4054.104
2015 09 19 10 00 00 1 4054.074
2015 09 19 10 15 00 1 4054.056
2015 09 19 10 30 00 1 4054.042
2015 09 19 10 45 00 1 4054.027
2015 09 19 11 00 00 1 4054.011
2015 09 19 11 15 00 1 4054.009
2015 09 19 11 30 00 1 4054.011
2015 09 19 11 45 00 1 4054.012
2015 09 19 12 00 00 1 4054.023
2015 09 19 12 15 00 1 4054.032
2015 09 19 12 30 00 1 4054.040
2015 09 19 12 45 00 1 4054.062
2015 09 19 13 00 00 1 4054.088
2015 09 19 13 15 00 1 4054.105
2015 09 19 13 30 00 1 4054.134
2015 09 19 13 45 00 1 4054.165
2015 09 19 14 00 00 1 4054.192
2015 09 19 14 15 00 1 4054.221
2015 09 19 14 30 00 1 4054.256
2015 09 19 14 45 00 1 4054.284
2015 09 19 15 00 00 1 4054.315
2015 09 19 15 15 00 1 4054.341
2015 09 19 15 30 00 1 4054.361
2015 09 19 15 45 00 1 4054.381
2015 09 19 16 00 00 1 4054.396
2015 09 19 16 15 00 1 4054.408
2015 09 19 16 30 00 1 4054.420
2015 09 19 16 45 00 1 4054.430
2015 09 19 17 00 00 1 4054.429
2015 09 19 17 15 00 1 4054.430
2015 09 19 17 30 00 1 4054.425
2015 09 19 17 45 00 1 4054.423
2015 09 19 18 00 00 1 4054.407
2015 09 19 18 15 00 1 4054.392
2015 09 19 18 30 00 1 4054.373
2015 09 19 18 45 00 1 4054.358
2015 09 19 19 00 00 1 4054.331
2015 09 19 19 15 00 1 4054.308
2015 09 19 19 30 00 1 4054.282
2015 09 19 19 45 00 1 4054.253
2015 09 19 20 00 00 1 4054.223
2015 09 19 20 15 00 1 4054.190
2015 09 19 20 30 00 1 4054.161
2015 09 19 20 45 00 1 4054.131
2015 09 19 21 00 00 1 4054.102
2015 09 19 21 15 00 1 4054.079
2015 09 19 21 30 00 1 4054.050
2015 09 19 21 45 00 1 4054.024
2015 09 19 22 00 00 1 4054.007
2015 09 19 22 15 00 1 4053.993
2015 09 19 22 30 00 1 4053.981
2015 09 19 22 45 00 1 4053.971
2015 09 19 23 00 00 1 4053.966
2015 09 19 23 15 00 1 4053.969
2015 09 19 23 30 00 1 4053.974
2015 09 19 23 45 00 1 4053.979
2015 09 20 00 00 00 1 4053.989
2015 09 20 00 15 00 1 4054.005
2015 09 20 00 30 00 1 4054.024
2015 09 20 00 45 00 1 4054.053
2015 09 20 01 00 00 1 4054.074
2015 09 20 01 15 00 1 4054.111
2015 09 20 01 30 00 1 4054.148
2015 09 20 01 45 00 1 4054.184
2015 09 20 02 00 00 1 4054.225
2015 09 20 02 15 00 1 4054.263
2015 09 20 02 30 00 1 4054.303
2015 09 20 02 45 00 1 4054.339
2015 09 20 03 00 00 1 4054.378
2015 09 20 03 15 00 1 4054.418
2015 09 20 03 30 00 1 4054.452
2015 09 20 03 45 00 1 4054.488
2015 09 20 04 00 00 1 4054.516
2015 09 20 04 15 00 1 4054.544
2015 09 20 04 30 00 1 4054.571
2015 09 20 04 45 00 1 4054.589
2015 09 20 05 00 00 1 4054.608
2015 09 20 05 15 00 1 4054.620
2015 09 20 05 30 00 1 4054.625
2015 09 20 05 45 00 1 4054.632
2015 09 20 06 00 00 1 4054.629
2015 09 20 06 15 00 1 4054.623
2015 09 20 06 30 00 1 4054.611
2015 09 20 06 45 00 1 4054.596
2015 09 20 07 00 00 1 4054.577
2015 09 20 07 15 00 1 4054.555
2015 09 20 07 30 00 1 4054.531
2015 09 20 07 45 00 1 4054.500
2015 09 20 08 00 00 1 4054.471
2015 09 20 08 15 00 1 4054.437
2015 09 20 08 30 00 1 4054.403
2015 09 20 08 45 00 1 4054.366
2015 09 20 09 00 00 1 4054.335
2015 09 20 09 15 00 1 4054.296
2015 09 20 09 30 00 1 4054.268
2015 09 20 09 45 00 1 4054.233
2015 09 20 10 00 00 1 4054.204
2015 09 20 10 15 00 1 4054.176
2015 09 20 10 30 00 1 4054.148
2015 09 20 10 45 00 1 4054.124
2015 09 20 11 00 00 1 4054.103
2015 09 20 11 15 00 1 4054.085
2015 09 20 11 30 00 1 4054.071
2015 09 20 11 45 00 1 4054.060
2015 09 20 12 00 00 1 4054.056
2015 09 20 12 15 00 1 4054.051
2015 09 20 12 30 00 1 4054.052
2015 09 20 12 45 00 1 4054.052
2015 09 20 13 00 00 1 4054.058
2015 09 20 13 15 00 1 4054.065
2015 09 20 13 30 00 1 4054.078
2015 09 20 13 45 00 1 4054.091
2015 09 20 14 00 00 1 4054.109
2015 09 20 14 15 00 1 4054.127
2015 09 20 14 30 00 1 4054.148
2015 09 20 14 45 00 1 4054.170
2015 09 20 15 00 00 1 4054.194
2015 09 20 15 15 00 1 4054.216
2015 09 20 15 30 00 1 4054.239
2015 09 20 15 45 00 1 4054.260
2015 09 20 16 00 00 1 4054.273
2015 09 20 16 15 00 1 4054.288
2015 09 20 16 30 00 1 4054.302
2015 09 20 16 45 00 1 4054.316
2015 09 20 17 00 00 1 4054.329
2015 09 20 17 15 00 1 4054.336
2015 09 20 17 30 00 1 4054.343
2015 09 20 17 45 00 1 4054.346
2015 09 20 18 00 00 1 4054.350
2015 09 20 18 15 00 1 4054.345
2015 09 20 18 30 00 1 4054.344
2015 09 20 18 45 00 1 4054.335
2015 09 20 19 00 00 1 4054.321
2015 09 20 19 15 00 1 4054.309
2015 09 20 19 30 00 1 4054.295
2015 09 20 19 45 00 1 4054.284
2015 09 20 20 00 00 1 4054.268
2015 09 20 20 15 00 1 4054.246
2015 09 20 20 30 00 1 4054.230
2015 09 20 20 45 00 1 4054.209
2015 09 20 21 00 00 1 4054.185
2015 09 20 21 15 00 1 4054.162
2015 09 20 21 30 00 1 4054.142
2015 09 20 21 45 00 1 4054.119
2015 09 20 22 00 00 1 4054.100
2015 09 20 22 15 00 1 4054.080
2015 09 20 22 30 00 1 4054.067
2015 09 20 22 45 00 1 4054.056
2015 09 20 23 00 00 1 4054.045
2015 09 20 23 15 00 1 4054.035
2015 09 20 23 30 00 1 4054.031
2015 09 20 23 45 00 1 4054.025
2015 09 21 00 00 00 1 4054.025
2015 09 21 00 15 00 1 4054.027
2015 09 21 00 30 00 1 4054.032
2015 09 21 00 45 00 1 4054.045
2015 09 21 01 00 00 1 4054.058
2015 09 21 01 15 00 1 4054.075
2015 09 21 01 30 00 1 4054.097
2015 09 21 01 45 00 1 4054.119
2015 09 21 02 00 00 1 4054.140
2015 09 21 02 15 00 1 4054.164
2015 09 21 02 30 00 1 4054.194
2015 09 21 02 45 00 1 4054.223
2015 09 21 03 00 00 1 4054.256
2015 09 21 03 15 00 1 4054.287
2015 09 21 03 30 00 1 4054.319
2015 09 21 03 45 00 1 4054.355
2015 09 21 04 00 00 1 4054.386
2015 09 21 04 15 00 1 4054.417
2015 09 21 04 30 00 1 4054.445
2015 09 21 04 45 00 1 4054.477
2015 09 21 05 00 00 1 4054.503
2015 09 21 05 15 00 1 4054.527
2015 09 21 05 30 00 1 4054.547
2015 09 21 05 45 00 1 4054.564
2015 09 21 06 00 00 1 4054.581
2015 09 21 06 15 00 1 4054.589
2015 09 21 06 30 00 1 4054.593
2015 09 21 06 45 00 1 4054.595
2015 09 21 07 00 00 1 4054.592
2015 09 21 07 15 00 1 4054.587
2015 09 21 07 30 00 1 4054.579
2015 09 21 07 45 00 1 4054.567
2015 09 21 08 00 00 1 4054.550
2015 09 21 08 15 00 1 4054.532
2015 09 21 08 30 00 1 4054.511
2015 09 21 08 45 00 1 4054.490
2015 09 21 09 00 00 1 4054.463
2015 09 21 09 15 00 1 4054.434
2015 09 21 09 30 00 1 4054.406
2015 09 21 09 45 00 1 4054.379
2015 09 21 10 00 00 1 4054.346
2015 09 21 10 15 00 1 4054.316
2015 09 21 10 30 00 1 4054.289
2015 09 21 10 45 00 1 4054.259
2015 09 21 11 00 00 1 4054.234
2015 09 21 11 15 00 1 4054.207
2015 09 21 11 30 00 1 4054.182
2015 09 21 11 45 00 1 4054.162
2015 09 21 12 00 00 1 4054.144
2015 09 21 12 15 00 1 4054.127
2015 09 21 12 30 00 1 4054.113
2015 09 21 12 45 00 1 4054.099
2015 09 21 13 00 00 1 4054.091
2015 09 21 13 15 00 1 4054.083
2015 09 21 13 30 00 1 4054.080
2015 09 21 13 45 00 1 4054.077
2015 09 21 14 00 00 1 4054.076
2015 09 21 14 15 00 1 4054.084
2015 09 21 14 30 00 1 4054.087
2015 09 21 14 45 00 1 4054.096
2015 09 21 15 00 00 1 4054.110
2015 09 21 15 15 00 1 4054.122
2015 09 21 15 30 00 1 4054.138
2015 09 21 15 45 00 1 4054.156
2015 09 21 16 00 00 1 4054.171
2015 09 21 16 15 00 1 4054.186
2015 09 21 16 30 00 1 4054.203
2015 09 21 16 45 00 1 4054.216
2015 09 21 17 00 00 1 4054.230
2015 09 21 17 15 00 1 4054.248
2015 09 21 17 30 00 1 4054.261
2015 09 21 17 45 00 1 4054.274
2015 09 21 18 00 00 1 4054.289
2015 09 21 18 15 00 1 4054.299
2015 09 21 18 30 00 1 4054.306
2015 09 21 18 45 00 1 4054.311
2015 09 21 19 00 00 1 4054.314
2015 09 21 19 15 00 1 4054.318
2015 09 21 19 30 00 1 4054.319
2015 09 21 19 45 00 1 4054.320
2015 09 21 20 00 00 1 4054.314
2015 09 21 20 15 00 1 4054.307
2015 09 21 20 30 00 1 4054.303
2015 09 21 20 45 00 1 4054.293
2015 09 21 21 00 00 1 4054.283
2015 09 21 21 15 00 1 4054.272
2015 09 21 21 30 00 1 4054.256
2015 09 21 21 45 00 1 4054.242
2015 09 21 22 00 00 1 4054.227
2015 09 21 22 15 00 1 4054.207
2015 09 21 22 30 00 1 4054.192
2015 09 21 22 45 00 1 4054.177
2015 09 21 23 00 00 1 4054.162
2015 09 21 23 15 00 1 4054.148
2015 09 21 23 30 00 1 4054.134
2015 09 21 23 45 00 1 4054.125
2015 09 22 00 00 00 1 4054.114
2015 09 22 00 15 00 1 4054.108
2015 09 22 00 30 00 1 4054.101
2015 09 22 00 45 00 1 4054.096
2015 09 22 01 00 00 1 4054.098
2015 09 22 01 15 00 1 4054.097
2015 09 22 01 30 00 1 4054.101
2015 09 22 01 45 00 1 4054.108
2015 09 22 02 00 00 1 4054.117
2015 09 22 02 15 00 1 4054.127
2015 09 22 02 30 00 1 4054.143
2015 09 22 02 45 00 1 4054.158
2015 09 22 03 00 00 1 4054.180
2015 09 22 03 15 00 1 4054.205
2015 09 22 03 30 00 1 4054.229
2015 09 22 03 45 00 1 4054.255
2015 09 22 04 00 00 1 4054.286
2015 09 22 04 15 00 1 4054.314
2015 09 22 04 30 00 1 4054.344
2015 09 22 04 45 00 1 4054.372
2015 09 22 05 00 00 1 4054.402
2015 09 22 05 15 00 1 4054.433
2015 09 22 05 30 00 1 4054.460
2015 09 22 05 45 00 1 4054.486
2015 09 22 06 00 00 1 4054.512
2015 09 22 06 15 00 1 4054.535
2015 09 22 06 30 00 1 4054.557
2015 09 22 06 45 00 1 4054.577
2015 09 22 07 00 00 1 4054.592
2015 09 22 07 15 00 1 4054.603
2015 09 22 07 30 00 1 4054.615
2015 09 22 07 45 00 1 4054.618
2015 09 22 08 00 00 1 4054.618
2015 09 22 08 15 00 1 4054.616
2015 09 22 08 30 00 1 4054.609
2015 09 22 08 45 00 1 4054.599
2015 09 22 09 00 00 1 4054.588
2015 09 22 09 15 00 1 4054.572
2015 09 22 09 30 00 1 4054.554
2015 09 22 09 45 00 1 4054.532
2015 09 22 10 00 00 1 4054.508
2015 09 22 10 15 00 1 4054.482
2015 09 22 10 30 00 1 4054.456
2015 09 22 10 45 00 1 4054.431
2015 09 22 11 00 00 1 4054.402
2015 09 22 11 15 00 1 4054.367
2015 09 22 11 30 00 1 4054.337
2015 09 22 11 45 00 1 4054.310
2015 09 22 12 00 00 1 4054.279
2015 09 22 12 15 00 1 4054.252
2015 09 22 12 30 00 1 4054.227
2015 09 22 12 45 00 1 4054.199
2015 09 22 13 00 00 1 4054.174
2015 09 22 13 15 00 1 4054.150
2015 09 22 13 30 00 1 4054.128
2015 09 22 13 45 00 1 4054.109
2015 09 22 14 00 00 1 4054.091
2015 09 22 14 15 00 1 4054.077
2015 09 22 14 30 00 1 4054.067
2015 09 22 14 45 00 1 4054.057
2015 09 22 15 00 00 1 4054.053
2015 09 22 15 15 00 1 4054.053
2015 09 22 15 30 00 1 4054.054
2015 09 22 15 45 00 1 4054.059
2015 09 22 16 00 00 1 4054.065
2015 09 22 16 15 00 1 4054.073
2015 09 22 16 30 00 1 4054.082
2015 09 22 16 45 00 1 4054.098
2015 09 22 17 00 00 1 4054.111
2015 09 22 17 15 00 1 4054.126
2015 09 22 17 30 00 1 4054.139
2015 09 22 17 45 00 1 4054.158
2015 09 22 18 00 00 1 4054.175
2015 09 22 18 15 00 1 4054.192
2015 09 22 18 30 00 1 4054.209
2015 09 22 18 45 00 1 4054.226
2015 09 22 19 00 00 1 4054.240
2015 09 22 19 15 00 1 4054.250
2015 09 22 19 30 00 1 4054.263
2015 09 22 19 45 00 1 4054.273
2015 09 22 20 00 00 1 4054.280
2015 09 22 20 15 00 1 4054.285
2015 09 22 20 30 00 1 4054.290
2015 09 22 20 45 00 1 4054.296
2015 09 22 21 00 00 1 4054.295
2015 09 22 21 15 00 1 4054.292
2015 09 22 21 30 00 1 4054.289
2015 09 22 21 45 00 1 4054.287
2015 09 22 22 00 00 1 4054.279
2015 09 22 22 15 00 1 4054.273
2015 09 22 22 30 00 1 4054.264
2015 09 22 22 45 00 1 4054.253
2015 09 22 23 00 00 1 4054.241
2015 09 22 23 15 00 1 4054.226
2015 09 22 23 30 00 1 4054.215
2015 09 22 23 45 00 1 4054.199
2015 09 23 00 00 00 1 4054.183
2015 09 23 00 15 00 1 4054.168
2015 09 23 00 30 00 1 4054.151
2015 09 23 00 45 00 1 4054.137
2015 09 23 01 00 00 1 4054.126
2015 09 23 01 15 00 1 4054.112
2015 09 23 01 30 00 1 4054.099
2015 09 23 01 45 00 1 4054.093
2015 09 23 02 00 00 1 4054.084
2015 09 23 02 15 00 1 4054.078
2015 09 23 02 30 00 1 4054.078
2015 09 23 02 45 00 1 4054.079
2015 09 23 03 00 00 1 4054.087
2015 09 23 03 15 00 1 4054.098
2015 09 23 03 30 00 1 4054.113
2015 09 23 03 45 00 1 4054.130
2015 09 23 04 00 00 1 4054.151
2015 09 23 04 15 00 1 4054.169
2015 09 23 04 30 00 1 4054.192
2015 09 23 04 45 00 1 4054.215
2015 09 23 05 00 00 1 4054.241
2015 09 23 05 15 00 1 4054.270
2015 09 23 05 30 00 1 4054.301
2015 09 23 05 45 00 1 4054.332
2015 09 23 06 00 00 1 4054.364
2015 09 23 06 15 00 1 4054.396
2015 09 23 06 30 00 1 4054.423
2015 09 23 06 45 00 1 4054.452
2015 09 23 07 00 00 1 4054.482
2015 09 23 07 15 00 1 4054.505
2015 09 23 07 30 00 1 4054.528
2015 09 23 07 45 00 1 4054.551
2015 09 23 08 00 00 1 4054.568
2015 09 23 08 15 00 1 4054.583
2015 09 23 08 30 00 1 4054.597
2015 09 23 08 45 00 1 4054.607
2015 09 23 09 00 00 1 4054.618
2015 09 23 09 15 00 1 4054.620
2015 09 23 09 30 00 1 4054.619
2015 09 23 09 45 00 1 4054.613
2015 09 23 10 00 00 1 4054.602
2015 09 23 10 15 00 1 4054.590
2015 09 23 10 30 00 1 4054.572
2015 09 23 10 45 00 1 4054.548
2015 09 23 11 00 00 1 4054.524
2015 09 23 11 15 00 1 4054.498
2015 09 23 11 30 00 1 4054.468
2015 09 23 11 45 00 1 4054.435
2015 09 23 12 00 00 1 4054.404
2015 09 23 12 15 00 1 4054.367
2015 09 23 12 30 00 1 4054.334
2015 09 23 12 45 00 1 4054.299
2015 09 23 13 00 00 1 4054.263
2015 09 23 13 15 00 1 4054.228
2015 09 23 13 30 00 1 4054.194
2015 09 23 13 45 00 1 4054.160
2015 09 23 14 00 00 1 4054.129
2015 09 23 14 15 00 1 4054.100
2015 09 23 14 30 00 1 4054.072
2015 09 23 14 45 00 1 4054.048
2015 09 23 15 00 00 1 4054.024
2015 09 23 15 15 00 1 4054.005
2015 09 23 15 30 00 1 4053.989
2015 09 23 15 45 00 1 4053.976
2015 09 23 16 00 00 1 4053.965
2015 09 23 16 15 00 1 4053.960
2015 09 23 16 30 00 1 4053.961
2015 09 23 16 45 00 1 4053.965
2015 09 23 17 00 00 1 4053.971
2015 09 23 17 15 00 1 4053.982
2015 09 23 17 30 00 1 4053.999
2015 09 23 17 45 00 1 4054.015
2015 09 23 18 00 00 1 4054.034
2015 09 23 18 15 00 1 4054.052
2015 09 23 18 30 00 1 4054.071
2015 09 23 18 45 00 1 4054.093
2015 09 23 19 00 00 1 4054.117
2015 09 23 19 15 00 1 4054.141
2015 09 23 19 30 00 1 4054.166
2015 09 23 19 45 00 1 4054.192
2015 09 23 20 00 00 1 4054.216
2015 09 23 20 15 00 1 4054.238
2015 09 23 20 30 00 1 4054.258
2015 09 23 20 45 00 1 4054.278
2015 09 23 21 00 00 1 4054.291
2015 09 23 21 15 00 1 4054.304
2015 09 23 21 30 00 1 4054.313
2015 09 23 21 45 00 1 4054.322
2015 09 23 22 00 00 1 4054.327
2015 09 23 22 15 00 1 4054.327
2015 09 23 22 30 00 1 4054.326
2015 09 23 22 45 00 1 4054.322
