#YY  MM DD hh mm ss T   HEIGHT
#yr  mo dy hr mn  s -        m
2015 08 16 23 00 00 1 9999.000
2015 08 16 23 15 00 1 9999.000
2015 08 16 23 30 00 1 9999.000
2015 08 16 23 45 00 1 9999.000
2015 08 17 00 00 00 1 9999.000
2015 08 17 00 15 00 1 4335.731
2015 08 17 00 30 00 1 4335.729
2015 08 17 00 45 00 1 4335.727
2015 08 17 01 00 00 1 4335.723
2015 08 17 01 15 00 1 4335.718
2015 08 17 01 30 00 1 4335.708
2015 08 17 01 45 00 1 4335.699
2015 08 17 02 00 00 1 4335.688
2015 08 17 02 15 00 1 4335.680
2015 08 17 02 30 00 1 4335.665
2015 08 17 02 45 00 1 4335.650
2015 08 17 03 00 00 1 4335.638
2015 08 17 03 15 00 1 4335.629
2015 08 17 03 30 00 1 4335.619
2015 08 17 03 45 00 1 4335.607
2015 08 17 04 00 00 1 4335.597
2015 08 17 04 15 00 1 4335.586
2015 08 17 04 30 00 1 4335.577
2015 08 17 04 45 00 1 4335.569
2015 08 17 05 00 00 1 4335.564
2015 08 17 05 15 00 1 4335.563
2015 08 17 05 30 00 1 4335.559
2015 08 17 05 45 00 1 4335.556
2015 08 17 06 00 00 1 4335.556
2015 08 17 06 15 00 1 4335.558
2015 08 17 06 30 00 1 4335.556
2015 08 17 06 45 00 1 4335.566
2015 08 17 07 00 00 1 4335.575
2015 08 17 07 15 00 1 4335.587
2015 08 17 07 30 00 1 4335.600
2015 08 17 07 45 00 1 4335.617
2015 08 17 08 00 00 1 4335.638
2015 08 17 08 15 00 1 4335.659
2015 08 17 08 30 00 1 4335.678
2015 08 17 08 45 00 1 4335.696
2015 08 17 09 00 00 1 4335.719
2015 08 17 09 15 00 1 4335.744
2015 08 17 09 30 00 1 4335.767
2015 08 17 09 45 00 1 4335.791
2015 08 17 10 00 00 1 4335.812
2015 08 17 10 15 00 1 4335.833
2015 08 17 10 30 00 1 4335.856
2015 08 17 10 45 00 1 4335.874
2015 08 17 11 00 00 1 4335.892
2015 08 17 11 15 00 1 4335.903
2015 08 17 11 30 00 1 4335.916
2015 08 17 11 45 00 1 4335.927
2015 08 17 12 00 00 1 4335.933
2015 08 17 12 15 00 1 4335.938
2015 08 17 12 30 00 1 4335.942
2015 08 17 12 45 00 1 4335.941
2015 08 17 13 00 00 1 4335.938
2015 08 17 13 15 00 1 4335.933
2015 08 17 13 30 00 1 4335.924
2015 08 17 13 45 00 1 4335.914
2015 08 17 14 00 00 1 4335.902
2015 08 17 14 15 00 1 4335.886
2015 08 17 14 30 00 1 4335.875
2015 08 17 14 45 00 1 4335.855
2015 08 17 15 00 00 1 4335.838
2015 08 17 15 15 00 1 4335.822
2015 08 17 15 30 00 1 4335.800
2015 08 17 15 45 00 1 4335.780
2015 08 17 16 00 00 1 4335.759
2015 08 17 16 15 00 1 4335.739
2015 08 17 16 30 00 1 4335.725
2015 08 17 16 45 00 1 4335.708
2015 08 17 17 00 00 1 4335.693
2015 08 17 17 15 00 1 4335.676
2015 08 17 17 30 00 1 4335.667
2015 08 17 17 45 00 1 4335.654
2015 08 17 18 00 00 1 4335.642
2015 08 17 18 15 00 1 4335.632
2015 08 17 18 30 00 1 4335.623
2015 08 17 18 45 00 1 4335.619
2015 08 17 19 00 00 1 4335.612
2015 08 17 19 15 00 1 4335.611
2015 08 17 19 30 00 1 4335.605
2015 08 17 19 45 00 1 4335.605
2015 08 17 20 00 00 1 4335.606
2015 08 17 20 15 00 1 4335.607
2015 08 17 20 30 00 1 4335.615
2015 08 17 20 45 00 1 4335.617
2015 08 17 21 00 00 1 4335.626
2015 08 17 21 15 00 1 4335.639
2015 08 17 21 30 00 1 4335.650
2015 08 17 21 45 00 1 4335.660
2015 08 17 22 00 00 1 4335.670
2015 08 17 22 15 00 1 4335.678
2015 08 17 22 30 00 1 4335.689
2015 08 17 22 45 00 1 4335.697
2015 08 17 23 00 00 1 4335.706
2015 08 17 23 15 00 1 4335.715
2015 08 17 23 30 00 1 4335.724
2015 08 17 23 45 00 1 4335.733
2015 08 18 00 00 00 1 4335.739
2015 08 18 00 15 00 1 4335.742
2015 08 18 00 30 00 1 4335.741
2015 08 18 00 45 00 1 4335.745
2015 08 18 01 00 00 1 4335.747
2015 08 18 01 15 00 1 4335.745
2015 08 18 01 30 00 1 4335.744
2015 08 18 01 45 00 1 4335.739
2015 08 18 02 00 00 1 4335.731
2015 08 18 02 15 00 1 4335.729
2015 08 18 02 30 00 1 4335.719
2015 08 18 02 45 00 1 4335.712
2015 08 18 03 00 00 1 4335.703
2015 08 18 03 15 00 1 4335.695
2015 08 18 03 30 00 1 4335.685
2015 08 18 03 45 00 1 4335.674
2015 08 18 04 00 00 1 4335.661
2015 08 18 04 15 00 1 4335.653
2015 08 18 04 30 00 1 4335.643
2015 08 18 04 45 00 1 4335.637
2015 08 18 05 00 00 1 4335.629
2015 08 18 05 15 00 1 4335.626
2015 08 18 05 30 00 1 4335.623
2015 08 18 05 45 00 1 4335.617
2015 08 18 06 00 00 1 4335.613
2015 08 18 06 15 00 1 4335.605
2015 08 18 06 30 00 1 4335.606
2015 08 18 06 45 00 1 4335.610
2015 08 18 07 00 00 1 4335.612
2015 08 18 07 15 00 1 4335.617
2015 08 18 07 30 00 1 4335.624
2015 08 18 07 45 00 1 4335.632
2015 08 18 08 00 00 1 4335.646
2015 08 18 08 15 00 1 4335.657
2015 08 18 08 30 00 1 4335.671
2015 08 18 08 45 00 1 4335.687
2015 08 18 09 00 00 1 4335.706
2015 08 18 09 15 00 1 4335.724
2015 08 18 09 30 00 1 4335.743
2015 08 18 09 45 00 1 4335.760
2015 08 18 10 00 00 1 4335.777
2015 08 18 10 15 00 1 4335.797
2015 08 18 10 30 00 1 4335.812
2015 08 18 10 45 00 1 4335.828
2015 08 18 11 00 00 1 4335.846
2015 08 18 11 15 00 1 4335.859
2015 08 18 11 30 00 1 4335.873
2015 08 18 11 45 00 1 4335.885
2015 08 18 12 00 00 1 4335.894
2015 08 18 12 15 00 1 4335.900
2015 08 18 12 30 00 1 4335.906
2015 08 18 12 45 00 1 4335.911
2015 08 18 13 00 00 1 4335.909
2015 08 18 13 15 00 1 4335.906
2015 08 18 13 30 00 1 4335.902
2015 08 18 13 45 00 1 4335.897
2015 08 18 14 00 00 1 4335.889
2015 08 18 14 15 00 1 4335.879
2015 08 18 14 30 00 1 4335.866
2015 08 18 14 45 00 1 4335.853
2015 08 18 15 00 00 1 4335.841
2015 08 18 15 15 00 1 4335.825
2015 08 18 15 30 00 1 4335.812
2015 08 18 15 45 00 1 4335.795
2015 08 18 16 00 00 1 4335.780
2015 08 18 16 15 00 1 4335.761
2015 08 18 16 30 00 1 4335.743
2015 08 18 16 45 00 1 4335.727
2015 08 18 17 00 00 1 4335.709
2015 08 18 17 15 00 1 4335.693
2015 08 18 17 30 00 1 4335.676
2015 08 18 17 45 00 1 4335.662
2015 08 18 18 00 00 1 4335.649
2015 08 18 18 15 00 1 4335.638
2015 08 18 18 30 00 1 4335.629
2015 08 18 18 45 00 1 4335.617
2015 08 18 19 00 00 1 4335.607
2015 08 18 19 15 00 1 4335.599
2015 08 18 19 30 00 1 4335.592
2015 08 18 19 45 00 1 4335.590
2015 08 18 20 00 00 1 4335.589
2015 08 18 20 15 00 1 4335.589
2015 08 18 20 30 00 1 4335.594
2015 08 18 20 45 00 1 4335.593
2015 08 18 21 00 00 1 4335.599
2015 08 18 21 15 00 1 4335.605
2015 08 18 21 30 00 1 4335.615
2015 08 18 21 45 00 1 4335.624
2015 08 18 22 00 00 1 4335.629
2015 08 18 22 15 00 1 4335.638
2015 08 18 22 30 00 1 4335.647
2015 08 18 22 45 00 1 4335.652
2015 08 18 23 00 00 1 4335.662
2015 08 18 23 15 00 1 4335.669
2015 08 18 23 30 00 1 4335.680
2015 08 18 23 45 00 1 4335.689
2015 08 19 00 00 00 1 4335.697
2015 08 19 00 15 00 1 4335.707
2015 08 19 00 30 00 1 4335.714
2015 08 19 00 45 00 1 4335.717
2015 08 19 01 00 00 1 4335.723
2015 08 19 01 15 00 1 4335.720
2015 08 19 01 30 00 1 4335.724
2015 08 19 01 45 00 1 4335.721
2015 08 19 02 00 00 1 4335.721
2015 08 19 02 15 00 1 4335.721
2015 08 19 02 30 00 1 4335.714
2015 08 19 02 45 00 1 4335.711
2015 08 19 03 00 00 1 4335.706
2015 08 19 03 15 00 1 4335.698
2015 08 19 03 30 00 1 4335.689
2015 08 19 03 45 00 1 4335.682
2015 08 19 04 00 00 1 4335.672
2015 08 19 04 15 00 1 4335.664
2015 08 19 04 30 00 1 4335.658
2015 08 19 04 45 00 1 4335.652
2015 08 19 05 00 00 1 4335.645
2015 08 19 05 15 00 1 4335.635
2015 08 19 05 30 00 1 4335.629
2015 08 19 05 45 00 1 4335.623
2015 08 19 06 00 00 1 4335.619
2015 08 19 06 15 00 1 4335.613
2015 08 19 06 30 00 1 4335.610
2015 08 19 06 45 00 1 4335.610
2015 08 19 07 00 00 1 4335.604
2015 08 19 07 15 00 1 4335.606
2015 08 19 07 30 00 1 4335.609
2015 08 19 07 45 00 1 4335.613
2015 08 19 08 00 00 1 4335.619
2015 08 19 08 15 00 1 4335.626
2015 08 19 08 30 00 1 4335.630
2015 08 19 08 45 00 1 4335.641
2015 08 19 09 00 00 1 4335.651
2015 08 19 09 15 00 1 4335.662
2015 08 19 09 30 00 1 4335.678
2015 08 19 09 45 00 1 4335.689
2015 08 19 10 00 00 1 4335.702
2015 08 19 10 15 00 1 4335.719
2015 08 19 10 30 00 1 4335.733
2015 08 19 10 45 00 1 4335.749
2015 08 19 11 00 00 1 4335.761
2015 08 19 11 15 00 1 4335.776
2015 08 19 11 30 00 1 4335.788
2015 08 19 11 45 00 1 4335.799
2015 08 19 12 00 00 1 4335.809
2015 08 19 12 15 00 1 4335.817
2015 08 19 12 30 00 1 4335.826
2015 08 19 12 45 00 1 4335.829
2015 08 19 13 00 00 1 4335.831
2015 08 19 13 15 00 1 4335.834
2015 08 19 13 30 00 1 4335.832
2015 08 19 13 45 00 1 4335.832
2015 08 19 14 00 00 1 4335.831
2015 08 19 14 15 00 1 4335.826
2015 08 19 14 30 00 1 4335.816
2015 08 19 14 45 00 1 4335.805
2015 08 19 15 00 00 1 4335.798
2015 08 19 15 15 00 1 4335.789
2015 08 19 15 30 00 1 4335.773
2015 08 19 15 45 00 1 4335.758
2015 08 19 16 00 00 1 4335.745
2015 08 19 16 15 00 1 4335.728
2015 08 19 16 30 00 1 4335.718
2015 08 19 16 45 00 1 4335.702
2015 08 19 17 00 00 1 4335.686
2015 08 19 17 15 00 1 4335.672
2015 08 19 17 30 00 1 4335.656
2015 08 19 17 45 00 1 4335.645
2015 08 19 18 00 00 1 4335.630
2015 08 19 18 15 00 1 4335.623
2015 08 19 18 30 00 1 4335.612
2015 08 19 18 45 00 1 4335.603
2015 08 19 19 00 00 1 4335.592
2015 08 19 19 15 00 1 4335.584
2015 08 19 19 30 00 1 4335.577
2015 08 19 19 45 00 1 4335.568
2015 08 19 20 00 00 1 4335.567
2015 08 19 20 15 00 1 4335.565
2015 08 19 20 30 00 1 4335.564
2015 08 19 20 45 00 1 4335.565
2015 08 19 21 00 00 1 4335.569
2015 08 19 21 15 00 1 4335.573
2015 08 19 21 30 00 1 4335.578
2015 08 19 21 45 00 1 4335.585
2015 08 19 22 00 00 1 4335.593
2015 08 19 22 15 00 1 4335.602
2015 08 19 22 30 00 1 4335.609
2015 08 19 22 45 00 1 4335.620
2015 08 19 23 00 00 1 4335.626
2015 08 19 23 15 00 1 4335.636
2015 08 19 23 30 00 1 4335.648
2015 08 19 23 45 00 1 4335.657
2015 08 20 00 00 00 1 4335.666
2015 08 20 00 15 00 1 4335.679
2015 08 20 00 30 00 1 4335.688
2015 08 20 00 45 00 1 4335.699
2015 08 20 01 00 00 1 4335.708
2015 08 20 01 15 00 1 4335.716
2015 08 20 01 30 00 1 4335.721
2015 08 20 01 45 00 1 4335.729
2015 08 20 02 00 00 1 4335.731
2015 08 20 02 15 00 1 4335.732
2015 08 20 02 30 00 1 4335.730
2015 08 20 02 45 00 1 4335.729
2015 08 20 03 00 00 1 4335.730
2015 08 20 03 15 00 1 4335.732
2015 08 20 03 30 00 1 4335.731
2015 08 20 03 45 00 1 4335.727
2015 08 20 04 00 00 1 4335.718
2015 08 20 04 15 00 1 4335.716
2015 08 20 04 30 00 1 4335.713
2015 08 20 04 45 00 1 4335.708
2015 08 20 05 00 00 1 4335.698
2015 08 20 05 15 00 1 4335.694
2015 08 20 05 30 00 1 4335.688
2015 08 20 05 45 00 1 4335.682
2015 08 20 06 00 00 1 4335.677
2015 08 20 06 15 00 1 4335.671
2015 08 20 06 30 00 1 4335.669
2015 08 20 06 45 00 1 4335.664
2015 08 20 07 00 00 1 4335.661
2015 08 20 07 15 00 1 4335.658
2015 08 20 07 30 00 1 4335.655
2015 08 20 07 45 00 1 4335.653
2015 08 20 08 00 00 1 4335.654
2015 08 20 08 15 00 1 4335.654
2015 08 20 08 30 00 1 4335.657
2015 08 20 08 45 00 1 4335.662
2015 08 20 09 00 00 1 4335.663
2015 08 20 09 15 00 1 4335.669
2015 08 20 09 30 00 1 4335.676
2015 08 20 09 45 00 1 4335.682
2015 08 20 10 00 00 1 4335.687
2015 08 20 10 15 00 1 4335.703
2015 08 20 10 30 00 1 4335.715
2015 08 20 10 45 00 1 4335.725
2015 08 20 11 00 00 1 4335.737
2015 08 20 11 15 00 1 4335.749
2015 08 20 11 30 00 1 4335.760
2015 08 20 11 45 00 1 4335.773
2015 08 20 12 00 00 1 4335.783
2015 08 20 12 15 00 1 4335.794
2015 08 20 12 30 00 1 4335.799
2015 08 20 12 45 00 1 4335.804
2015 08 20 13 00 00 1 4335.808
2015 08 20 13 15 00 1 4335.809
2015 08 20 13 30 00 1 4335.813
2015 08 20 13 45 00 1 4335.814
2015 08 20 14 00 00 1 4335.815
2015 08 20 14 15 00 1 4335.814
2015 08 20 14 30 00 1 4335.811
2015 08 20 14 45 00 1 4335.811
2015 08 20 15 00 00 1 4335.801
2015 08 20 15 15 00 1 4335.793
2015 08 20 15 30 00 1 4335.780
2015 08 20 15 45 00 1 4335.770
2015 08 20 16 00 00 1 4335.759
2015 08 20 16 15 00 1 4335.746
2015 08 20 16 30 00 1 4335.735
2015 08 20 16 45 00 1 4335.718
2015 08 20 17 00 00 1 4335.707
2015 08 20 17 15 00 1 4335.692
2015 08 20 17 30 00 1 4335.678
2015 08 20 17 45 00 1 4335.664
2015 08 20 18 00 00 1 4335.648
2015 08 20 18 15 00 1 4335.634
2015 08 20 18 30 00 1 4335.622
2015 08 20 18 45 00 1 4335.611
2015 08 20 19 00 00 1 4335.601
2015 08 20 19 15 00 1 4335.591
2015 08 20 19 30 00 1 4335.580
2015 08 20 19 45 00 1 4335.568
2015 08 20 20 00 00 1 4335.563
2015 08 20 20 15 00 1 4335.558
2015 08 20 20 30 00 1 4335.552
2015 08 20 20 45 00 1 4335.548
2015 08 20 21 00 00 1 4335.547
2015 08 20 21 15 00 1 4335.550
2015 08 20 21 30 00 1 4335.551
2015 08 20 21 45 00 1 4335.554
2015 08 20 22 00 00 1 4335.558
2015 08 20 22 15 00 1 4335.562
2015 08 20 22 30 00 1 4335.572
2015 08 20 22 45 00 1 4335.580
2015 08 20 23 00 00 1 4335.588
2015 08 20 23 15 00 1 4335.599
2015 08 20 23 30 00 1 4335.607
2015 08 20 23 45 00 1 4335.620
2015 08 21 00 00 00 1 4335.633
2015 08 21 00 15 00 1 4335.649
2015 08 21 00 30 00 1 4335.662
2015 08 21 00 45 00 1 4335.675
2015 08 21 01 00 00 1 4335.685
2015 08 21 01 15 00 1 4335.697
2015 08 21 01 30 00 1 4335.709
2015 08 21 01 45 00 1 4335.721
2015 08 21 02 00 00 1 4335.731
2015 08 21 02 15 00 1 4335.736
2015 08 21 02 30 00 1 4335.741
2015 08 21 02 45 00 1 4335.747
2015 08 21 03 00 00 1 4335.750
2015 08 21 03 15 00 1 4335.754
2015 08 21 03 30 00 1 4335.755
2015 08 21 03 45 00 1 4335.759
2015 08 21 04 00 00 1 4335.760
2015 08 21 04 15 00 1 4335.761
2015 08 21 04 30 00 1 4335.759
2015 08 21 04 45 00 1 4335.756
2015 08 21 05 00 00 1 4335.751
2015 08 21 05 15 00 1 4335.747
2015 08 21 05 30 00 1 4335.742
2015 08 21 05 45 00 1 4335.736
2015 08 21 06 00 00 1 4335.731
2015 08 21 06 15 00 1 4335.723
2015 08 21 06 30 00 1 4335.716
2015 08 21 06 45 00 1 4335.710
2015 08 21 07 00 00 1 4335.706
2015 08 21 07 15 00 1 4335.699
2015 08 21 07 30 00 1 4335.694
2015 08 21 07 45 00 1 4335.689
2015 08 21 08 00 00 1 4335.688
2015 08 21 08 15 00 1 4335.688
2015 08 21 08 30 00 1 4335.687
2015 08 21 08 45 00 1 4335.683
2015 08 21 09 00 00 1 4335.680
2015 08 21 09 15 00 1 4335.679
2015 08 21 09 30 00 1 4335.678
2015 08 21 09 45 00 1 4335.685
2015 08 21 10 00 00 1 4335.686
2015 08 21 10 15 00 1 4335.692
2015 08 21 10 30 00 1 4335.698
2015 08 21 10 45 00 1 4335.704
2015 08 21 11 00 00 1 4335.711
2015 08 21 11 15 00 1 4335.716
2015 08 21 11 30 00 1 4335.728
2015 08 21 11 45 00 1 4335.736
2015 08 21 12 00 00 1 4335.742
2015 08 21 12 15 00 1 4335.747
2015 08 21 12 30 00 1 4335.756
2015 08 21 12 45 00 1 4335.763
2015 08 21 13 00 00 1 4335.771
2015 08 21 13 15 00 1 4335.775
2015 08 21 13 30 00 1 4335.777
2015 08 21 13 45 00 1 4335.778
2015 08 21 14 00 00 1 4335.783
2015 08 21 14 15 00 1 4335.784
2015 08 21 14 30 00 1 4335.787
2015 08 21 14 45 00 1 4335.788
2015 08 21 15 00 00 1 4335.784
2015 08 21 15 15 00 1 4335.779
2015 08 21 15 30 00 1 4335.778
2015 08 21 15 45 00 1 4335.772
2015 08 21 16 00 00 1 4335.765
2015 08 21 16 15 00 1 4335.756
2015 08 21 16 30 00 1 4335.748
2015 08 21 16 45 00 1 4335.737
2015 08 21 17 00 00 1 4335.724
2015 08 21 17 15 00 1 4335.708
2015 08 21 17 30 00 1 4335.695
2015 08 21 17 45 00 1 4335.684
2015 08 21 18 00 00 1 4335.670
2015 08 21 18 15 00 1 4335.658
2015 08 21 18 30 00 1 4335.644
2015 08 21 18 45 00 1 4335.632
2015 08 21 19 00 00 1 4335.619
2015 08 21 19 15 00 1 4335.609
2015 08 21 19 30 00 1 4335.598
2015 08 21 19 45 00 1 4335.584
2015 08 21 20 00 00 1 4335.571
2015 08 21 20 15 00 1 4335.563
2015 08 21 20 30 00 1 4335.557
2015 08 21 20 45 00 1 4335.551
2015 08 21 21 00 00 1 4335.550
2015 08 21 21 15 00 1 4335.550
2015 08 21 21 30 00 1 4335.550
2015 08 21 21 45 00 1 4335.550
2015 08 21 22 00 00 1 4335.551
2015 08 21 22 15 00 1 4335.551
2015 08 21 22 30 00 1 4335.552
2015 08 21 22 45 00 1 4335.558
2015 08 21 23 00 00 1 4335.566
2015 08 21 23 15 00 1 4335.573
2015 08 21 23 30 00 1 4335.584
2015 08 21 23 45 00 1 4335.593
2015 08 22 00 00 00 1 4335.604
2015 08 22 00 15 00 1 4335.612
2015 08 22 00 30 00 1 4335.626
2015 08 22 00 45 00 1 4335.639
2015 08 22 01 00 00 1 4335.652
2015 08 22 01 15 00 1 4335.669
2015 08 22 01 30 00 1 4335.686
2015 08 22 01 45 00 1 4335.701
2015 08 22 02 00 00 1 4335.712
2015 08 22 02 15 00 1 4335.725
2015 08 22 02 30 00 1 4335.738
2015 08 22 02 45 00 1 4335.750
2015 08 22 03 00 00 1 4335.760
2015 08 22 03 15 00 1 4335.767
2015 08 22 03 30 00 1 4335.775
2015 08 22 03 45 00 1 4335.780
2015 08 22 04 00 00 1 4335.790
2015 08 22 04 15 00 1 4335.794
2015 08 22 04 30 00 1 4335.798
2015 08 22 04 45 00 1 4335.800
2015 08 22 05 00 00 1 4335.801
2015 08 22 05 15 00 1 4335.801
2015 08 22 05 30 00 1 4335.804
2015 08 22 05 45 00 1 4335.799
2015 08 22 06 00 00 1 4335.795
2015 08 22 06 15 00 1 4335.793
2015 08 22 06 30 00 1 4335.789
2015 08 22 06 45 00 1 4335.785
2015 08 22 07 00 00 1 4335.779
2015 08 22 07 15 00 1 4335.775
2015 08 22 07 30 00 1 4335.767
2015 08 22 07 45 00 1 4335.761
2015 08 22 08 00 00 1 4335.756
2015 08 22 08 15 00 1 4335.747
2015 08 22 08 30 00 1 4335.738
2015 08 22 08 45 00 1 4335.732
2015 08 22 09 00 00 1 4335.728
2015 08 22 09 15 00 1 4335.728
2015 08 22 09 30 00 1 4335.722
2015 08 22 09 45 00 1 4335.720
2015 08 22 10 00 00 1 4335.716
2015 08 22 10 15 00 1 4335.716
2015 08 22 10 30 00 1 4335.717
2015 08 22 10 45 00 1 4335.716
2015 08 22 11 00 00 1 4335.719
2015 08 22 11 15 00 1 4335.720
2015 08 22 11 30 00 1 4335.721
2015 08 22 11 45 00 1 4335.727
2015 08 22 12 00 00 1 4335.733
2015 08 22 12 15 00 1 4335.736
2015 08 22 12 30 00 1 4335.739
2015 08 22 12 45 00 1 4335.741
2015 08 22 13 00 00 1 4335.743
2015 08 22 13 15 00 1 4335.746
2015 08 22 13 30 00 1 4335.753
2015 08 22 13 45 00 1 4335.756
2015 08 22 14 00 00 1 4335.763
2015 08 22 14 15 00 1 4335.770
2015 08 22 14 30 00 1 4335.771
2015 08 22 14 45 00 1 4335.774
2015 08 22 15 00 00 1 4335.775
2015 08 22 15 15 00 1 4335.773
2015 08 22 15 30 00 1 4335.773
2015 08 22 15 45 00 1 4335.770
2015 08 22 16 00 00 1 4335.764
2015 08 22 16 15 00 1 4335.761
2015 08 22 16 30 00 1 4335.755
2015 08 22 16 45 00 1 4335.749
2015 08 22 17 00 00 1 4335.740
2015 08 22 17 15 00 1 4335.733
2015 08 22 17 30 00 1 4335.723
2015 08 22 17 45 00 1 4335.713
2015 08 22 18 00 00 1 4335.700
2015 08 22 18 15 00 1 4335.688
2015 08 22 18 30 00 1 4335.673
2015 08 22 18 45 00 1 4335.663
2015 08 22 19 00 00 1 4335.646
2015 08 22 19 15 00 1 4335.631
2015 08 22 19 30 00 1 4335.615
2015 08 22 19 45 00 1 4335.600
2015 08 22 20 00 00 1 4335.586
2015 08 22 20 15 00 1 4335.574
2015 08 22 20 30 00 1 4335.563
2015 08 22 20 45 00 1 4335.554
2015 08 22 21 00 00 1 4335.548
2015 08 22 21 15 00 1 4335.542
2015 08 22 21 30 00 1 4335.536
2015 08 22 21 45 00 1 4335.532
2015 08 22 22 00 00 1 4335.528
2015 08 22 22 15 00 1 4335.526
2015 08 22 22 30 00 1 4335.525
2015 08 22 22 45 00 1 4335.524
2015 08 22 23 00 00 1 4335.529
2015 08 22 23 15 00 1 4335.533
2015 08 22 23 30 00 1 4335.539
2015 08 22 23 45 00 1 4335.547
2015 08 23 00 00 00 1 4335.556
2015 08 23 00 15 00 1 4335.566
2015 08 23 00 30 00 1 4335.577
2015 08 23 00 45 00 1 4335.590
2015 08 23 01 00 00 1 4335.604
2015 08 23 01 15 00 1 4335.620
2015 08 23 01 30 00 1 4335.636
2015 08 23 01 45 00 1 4335.652
2015 08 23 02 00 00 1 4335.666
2015 08 23 02 15 00 1 4335.685
2015 08 23 02 30 00 1 4335.704
2015 08 23 02 45 00 1 4335.719
2015 08 23 03 00 00 1 4335.732
2015 08 23 03 15 00 1 4335.746
2015 08 23 03 30 00 1 4335.760
2015 08 23 03 45 00 1 4335.774
2015 08 23 04 00 00 1 4335.783
2015 08 23 04 15 00 1 4335.794
2015 08 23 04 30 00 1 4335.807
2015 08 23 04 45 00 1 4335.815
2015 08 23 05 00 00 1 4335.820
2015 08 23 05 15 00 1 4335.825
2015 08 23 05 30 00 1 4335.830
2015 08 23 05 45 00 1 4335.830
2015 08 23 06 00 00 1 4335.832
2015 08 23 06 15 00 1 4335.830
2015 08 23 06 30 00 1 4335.828
2015 08 23 06 45 00 1 4335.824
2015 08 23 07 00 00 1 4335.820
2015 08 23 07 15 00 1 4335.816
2015 08 23 07 30 00 1 4335.812
2015 08 23 07 45 00 1 4335.804
2015 08 23 08 00 00 1 4335.796
2015 08 23 08 15 00 1 4335.787
2015 08 23 08 30 00 1 4335.780
2015 08 23 08 45 00 1 4335.769
2015 08 23 09 00 00 1 4335.762
2015 08 23 09 15 00 1 4335.754
2015 08 23 09 30 00 1 4335.746
2015 08 23 09 45 00 1 4335.737
2015 08 23 10 00 00 1 4335.729
2015 08 23 10 15 00 1 4335.722
2015 08 23 10 30 00 1 4335.719
2015 08 23 10 45 00 1 4335.714
2015 08 23 11 00 00 1 4335.707
2015 08 23 11 15 00 1 4335.702
2015 08 23 11 30 00 1 4335.699
2015 08 23 11 45 00 1 4335.693
2015 08 23 12 00 00 1 4335.696
2015 08 23 12 15 00 1 4335.695
2015 08 23 12 30 00 1 4335.696
2015 08 23 12 45 00 1 4335.699
2015 08 23 13 00 00 1 4335.703
2015 08 23 13 15 00 1 4335.703
2015 08 23 13 30 00 1 4335.704
2015 08 23 13 45 00 1 4335.706
2015 08 23 14 00 00 1 4335.710
2015 08 23 14 15 00 1 4335.714
2015 08 23 14 30 00 1 4335.719
2015 08 23 14 45 00 1 4335.725
2015 08 23 15 00 00 1 4335.730
2015 08 23 15 15 00 1 4335.732
2015 08 23 15 30 00 1 4335.738
2015 08 23 15 45 00 1 4335.738
2015 08 23 16 00 00 1 4335.740
2015 08 23 16 15 00 1 4335.743
2015 08 23 16 30 00 1 4335.740
2015 08 23 16 45 00 1 4335.738
2015 08 23 17 00 00 1 4335.737
2015 08 23 17 15 00 1 4335.731
2015 08 23 17 30 00 1 4335.726
2015 08 23 17 45 00 1 4335.721
2015 08 23 18 00 00 1 4335.714
2015 08 23 18 15 00 1 4335.705
2015 08 23 18 30 00 1 4335.695
2015 08 23 18 45 00 1 4335.685
2015 08 23 19 00 00 1 4335.675
2015 08 23 19 15 00 1 4335.662
2015 08 23 19 30 00 1 4335.647
2015 08 23 19 45 00 1 4335.632
2015 08 23 20 00 00 1 4335.616
2015 08 23 20 15 00 1 4335.606
2015 08 23 20 30 00 1 4335.592
2015 08 23 20 45 00 1 4335.579
2015 08 23 21 00 00 1 4335.567
2015 08 23 21 15 00 1 4335.558
2015 08 23 21 30 00 1 4335.547
2015 08 23 21 45 00 1 4335.535
2015 08 23 22 00 00 1 4335.529
2015 08 23 22 15 00 1 4335.521
2015 08 23 22 30 00 1 4335.516
2015 08 23 22 45 00 1 4335.509
2015 08 23 23 00 00 1 4335.506
2015 08 23 23 15 00 1 4335.503
2015 08 23 23 30 00 1 4335.505
2015 08 23 23 45 00 1 4335.507
2015 08 24 00 00 00 1 4335.512
2015 08 24 00 15 00 1 4335.518
2015 08 24 00 30 00 1 4335.528
2015 08 24 00 45 00 1 4335.539
2015 08 24 01 00 00 1 4335.550
2015 08 24 01 15 00 1 4335.561
2015 08 24 01 30 00 1 4335.576
2015 08 24 01 45 00 1 4335.591
2015 08 24 02 00 00 1 4335.607
2015 08 24 02 15 00 1 4335.627
2015 08 24 02 30 00 1 4335.646
2015 08 24 02 45 00 1 4335.664
2015 08 24 03 00 00 1 4335.684
2015 08 24 03 15 00 1 4335.702
2015 08 24 03 30 00 1 4335.720
2015 08 24 03 45 00 1 4335.739
2015 08 24 04 00 00 1 4335.758
2015 08 24 04 15 00 1 4335.775
2015 08 24 04 30 00 1 4335.795
2015 08 24 04 45 00 1 4335.811
2015 08 24 05 00 00 1 4335.824
2015 08 24 05 15 00 1 4335.837
2015 08 24 05 30 00 1 4335.847
2015 08 24 05 45 00 1 4335.858
2015 08 24 06 00 00 1 4335.867
2015 08 24 06 15 00 1 4335.874
2015 08 24 06 30 00 1 4335.874
2015 08 24 06 45 00 1 4335.878
2015 08 24 07 00 00 1 4335.880
2015 08 24 07 15 00 1 4335.883
2015 08 24 07 30 00 1 4335.877
2015 08 24 07 45 00 1 4335.872
2015 08 24 08 00 00 1 4335.865
2015 08 24 08 15 00 1 4335.858
2015 08 24 08 30 00 1 4335.847
2015 08 24 08 45 00 1 4335.835
2015 08 24 09 00 00 1 4335.824
2015 08 24 09 15 00 1 4335.811
2015 08 24 09 30 00 1 4335.799
2015 08 24 09 45 00 1 4335.785
2015 08 24 10 00 00 1 4335.776
2015 08 24 10 15 00 1 4335.762
2015 08 24 10 30 00 1 4335.751
2015 08 24 10 45 00 1 4335.740
2015 08 24 11 00 00 1 4335.727
2015 08 24 11 15 00 1 4335.716
2015 08 24 11 30 00 1 4335.705
2015 08 24 11 45 00 1 4335.695
2015 08 24 12 00 00 1 4335.685
2015 08 24 12 15 00 1 4335.683
2015 08 24 12 30 00 1 4335.677
2015 08 24 12 45 00 1 4335.668
2015 08 24 13 00 00 1 4335.666
2015 08 24 13 15 00 1 4335.662
2015 08 24 13 30 00 1 4335.661
2015 08 24 13 45 00 1 4335.660
2015 08 24 14 00 00 1 4335.662
2015 08 24 14 15 00 1 4335.668
2015 08 24 14 30 00 1 4335.672
2015 08 24 14 45 00 1 4335.676
2015 08 24 15 00 00 1 4335.681
2015 08 24 15 15 00 1 4335.689
2015 08 24 15 30 00 1 4335.696
2015 08 24 15 45 00 1 4335.698
2015 08 24 16 00 00 1 4335.704
2015 08 24 16 15 00 1 4335.710
2015 08 24 16 30 00 1 4335.715
2015 08 24 16 45 00 1 4335.719
2015 08 24 17 00 00 1 4335.721
2015 08 24 17 15 00 1 4335.722
2015 08 24 17 30 00 1 4335.721
2015 08 24 17 45 00 1 4335.721
2015 08 24 18 00 00 1 4335.719
2015 08 24 18 15 00 1 4335.716
2015 08 24 18 30 00 1 4335.708
2015 08 24 18 45 00 1 4335.703
2015 08 24 19 00 00 1 4335.697
2015 08 24 19 15 00 1 4335.686
2015 08 24 19 30 00 1 4335.676
2015 08 24 19 45 00 1 4335.660
2015 08 24 20 00 00 1 4335.644
2015 08 24 20 15 00 1 4335.630
2015 08 24 20 30 00 1 4335.614
2015 08 24 20 45 00 1 4335.596
2015 08 24 21 00 00 1 4335.581
2015 08 24 21 15 00 1 4335.567
2015 08 24 21 30 00 1 4335.551
2015 08 24 21 45 00 1 4335.537
2015 08 24 22 00 00 1 4335.524
2015 08 24 22 15 00 1 4335.512
2015 08 24 22 30 00 1 4335.499
2015 08 24 22 45 00 1 4335.489
2015 08 24 23 00 00 1 4335.483
2015 08 24 23 15 00 1 4335.477
2015 08 24 23 30 00 1 4335.474
2015 08 24 23 45 00 1 4335.470
2015 08 25 00 00 00 1 4335.466
2015 08 25 00 15 00 1 4335.469
2015 08 25 00 30 00 1 4335.468
2015 08 25 00 45 00 1 4335.473
2015 08 25 01 00 00 1 4335.482
2015 08 25 01 15 00 1 4335.494
2015 08 25 01 30 00 1 4335.506
2015 08 25 01 45 00 1 4335.523
2015 08 25 02 00 00 1 4335.538
2015 08 25 02 15 00 1 4335.554
2015 08 25 02 30 00 1 4335.574
2015 08 25 02 45 00 1 4335.596
2015 08 25 03 00 00 1 4335.617
2015 08 25 03 15 00 1 4335.641
2015 08 25 03 30 00 1 4335.660
2015 08 25 03 45 00 1 4335.685
2015 08 25 04 00 00 1 4335.708
2015 08 25 04 15 00 1 4335.732
2015 08 25 04 30 00 1 4335.759
2015 08 25 04 45 00 1 4335.782
2015 08 25 05 00 00 1 4335.806
2015 08 25 05 15 00 1 4335.825
2015 08 25 05 30 00 1 4335.844
2015 08 25 05 45 00 1 4335.862
2015 08 25 06 00 00 1 4335.878
2015 08 25 06 15 00 1 4335.887
2015 08 25 06 30 00 1 4335.900
2015 08 25 06 45 00 1 4335.908
2015 08 25 07 00 00 1 4335.914
2015 08 25 07 15 00 1 4335.922
2015 08 25 07 30 00 1 4335.922
2015 08 25 07 45 00 1 4335.926
2015 08 25 08 00 00 1 4335.925
2015 08 25 08 15 00 1 4335.919
2015 08 25 08 30 00 1 4335.910
2015 08 25 08 45 00 1 4335.898
2015 08 25 09 00 00 1 4335.886
2015 08 25 09 15 00 1 4335.874
2015 08 25 09 30 00 1 4335.861
2015 08 25 09 45 00 1 4335.845
2015 08 25 10 00 00 1 4335.829
2015 08 25 10 15 00 1 4335.811
2015 08 25 10 30 00 1 4335.793
2015 08 25 10 45 00 1 4335.774
2015 08 25 11 00 00 1 4335.758
2015 08 25 11 15 00 1 4335.740
2015 08 25 11 30 00 1 4335.726
2015 08 25 11 45 00 1 4335.711
2015 08 25 12 00 00 1 4335.698
2015 08 25 12 15 00 1 4335.685
2015 08 25 12 30 00 1 4335.671
2015 08 25 12 45 00 1 4335.662
2015 08 25 13 00 00 1 4335.653
2015 08 25 13 15 00 1 4335.646
2015 08 25 13 30 00 1 4335.641
2015 08 25 13 45 00 1 4335.634
2015 08 25 14 00 00 1 4335.630
2015 08 25 14 15 00 1 4335.631
2015 08 25 14 30 00 1 4335.632
2015 08 25 14 45 00 1 4335.635
2015 08 25 15 00 00 1 4335.640
2015 08 25 15 15 00 1 4335.650
2015 08 25 15 30 00 1 4335.657
2015 08 25 15 45 00 1 4335.667
2015 08 25 16 00 00 1 4335.680
2015 08 25 16 15 00 1 4335.689
2015 08 25 16 30 00 1 4335.698
2015 08 25 16 45 00 1 4335.707
2015 08 25 17 00 00 1 4335.717
2015 08 25 17 15 00 1 4335.725
2015 08 25 17 30 00 1 4335.734
2015 08 25 17 45 00 1 4335.740
2015 08 25 18 00 00 1 4335.746
2015 08 25 18 15 00 1 4335.746
2015 08 25 18 30 00 1 4335.745
2015 08 25 18 45 00 1 4335.745
2015 08 25 19 00 00 1 4335.741
2015 08 25 19 15 00 1 4335.736
2015 08 25 19 30 00 1 4335.728
2015 08 25 19 45 00 1 4335.719
2015 08 25 20 00 00 1 4335.709
2015 08 25 20 15 00 1 4335.696
2015 08 25 20 30 00 1 4335.684
2015 08 25 20 45 00 1 4335.671
2015 08 25 21 00 00 1 4335.655
2015 08 25 21 15 00 1 4335.640
2015 08 25 21 30 00 1 4335.623
2015 08 25 21 45 00 1 4335.604
2015 08 25 22 00 00 1 4335.580
2015 08 25 22 15 00 1 4335.561
2015 08 25 22 30 00 1 4335.540
2015 08 25 22 45 00 1 4335.522
2015 08 25 23 00 00 1 4335.503
2015 08 25 23 15 00 1 4335.489
2015 08 25 23 30 00 1 4335.473
2015 08 25 23 45 00 1 4335.462
2015 08 26 00 00 00 1 4335.455
2015 08 26 00 15 00 1 9999.000
2015 08 26 00 30 00 1 9999.000
2015 08 26 00 45 00 1 9999.000
2015 08 26 01 00 00 1 9999.000
2015 08 26 01 15 00 1 9999.000
2015 08 26 01 30 00 1 9999.000
2015 08 26 01 45 00 1 9999.000
2015 08 26 02 00 00 1 9999.000
2015 08 26 02 15 00 1 9999.000
2015 08 26 02 30 00 1 9999.000
2015 08 26 02 45 00 1 9999.000
2015 08 26 03 00 00 1 9999.000
2015 08 26 03 15 00 1 9999.000
2015 08 26 03 30 00 1 9999.000
2015 08 26 03 45 00 1 9999.000
2015 08 26 04 00 00 1 9999.000
2015 08 26 04 15 00 1 9999.000
2015 08 26 04 30 00 1 9999.000
2015 08 26 04 45 00 1 9999.000
2015 08 26 05 00 00 1 9999.000
2015 08 26 05 15 00 1 9999.000
2015 08 26 05 30 00 1 9999.000
2015 08 26 05 45 00 1 9999.000
2015 08 26 06 00 00 1 9999.000
2015 08 26 06 15 00 1 4335.903
2015 08 26 06 30 00 1 4335.925
2015 08 26 06 45 00 1 4335.942
2015 08 26 07 00 00 1 4335.957
2015 08 26 07 15 00 1 4335.971
2015 08 26 07 30 00 1 4335.982
2015 08 26 07 45 00 1 4335.989
2015 08 26 08 00 00 1 4335.996
2015 08 26 08 15 00 1 4336.001
2015 08 26 08 30 00 1 4335.999
2015 08 26 08 45 00 1 4335.994
2015 08 26 09 00 00 1 4335.984
2015 08 26 09 15 00 1 4335.972
2015 08 26 09 30 00 1 4335.960
2015 08 26 09 45 00 1 4335.946
2015 08 26 10 00 00 1 4335.926
2015 08 26 10 15 00 1 4335.906
2015 08 26 10 30 00 1 4335.887
2015 08 26 10 45 00 1 4335.866
2015 08 26 11 00 00 1 4335.846
2015 08 26 11 15 00 1 4335.826
2015 08 26 11 30 00 1 4335.802
2015 08 26 11 45 00 1 4335.780
2015 08 26 12 00 00 1 4335.757
2015 08 26 12 15 00 1 4335.737
2015 08 26 12 30 00 1 4335.716
2015 08 26 12 45 00 1 4335.696
2015 08 26 13 00 00 1 4335.680
2015 08 26 13 15 00 1 4335.662
2015 08 26 13 30 00 1 4335.648
2015 08 26 13 45 00 1 4335.640
2015 08 26 14 00 00 1 4335.631
2015 08 26 14 15 00 1 4335.623
2015 08 26 14 30 00 1 4335.619
2015 08 26 14 45 00 1 4335.620
2015 08 26 15 00 00 1 4335.624
2015 08 26 15 15 00 1 4335.630
2015 08 26 15 30 00 1 4335.635
2015 08 26 15 45 00 1 4335.645
2015 08 26 16 00 00 1 4335.649
2015 08 26 16 15 00 1 4335.664
2015 08 26 16 30 00 1 4335.679
2015 08 26 16 45 00 1 4335.691
2015 08 26 17 00 00 1 4335.705
2015 08 26 17 15 00 1 4335.718
2015 08 26 17 30 00 1 4335.733
2015 08 26 17 45 00 1 4335.743
2015 08 26 18 00 00 1 4335.755
2015 08 26 18 15 00 1 4335.766
2015 08 26 18 30 00 1 4335.773
2015 08 26 18 45 00 1 4335.779
2015 08 26 19 00 00 1 4335.781
2015 08 26 19 15 00 1 4335.783
2015 08 26 19 30 00 1 4335.782
2015 08 26 19 45 00 1 4335.779
2015 08 26 20 00 00 1 4335.775
2015 08 26 20 15 00 1 4335.767
2015 08 26 20 30 00 1 4335.760
2015 08 26 20 45 00 1 4335.750
2015 08 26 21 00 00 1 4335.734
2015 08 26 21 15 00 1 4335.714
2015 08 26 21 30 00 1 4335.696
2015 08 26 21 45 00 1 4335.675
2015 08 26 22 00 00 1 4335.655
2015 08 26 22 15 00 1 4335.630
2015 08 26 22 30 00 1 4335.610
2015 08 26 22 45 00 1 4335.583
2015 08 26 23 00 00 1 4335.559
2015 08 26 23 15 00 1 4335.539
2015 08 26 23 30 00 1 4335.515
2015 08 26 23 45 00 1 4335.497
2015 08 27 00 00 00 1 4335.479
2015 08 27 00 15 00 1 4335.464
2015 08 27 00 30 00 1 4335.450
2015 08 27 00 45 00 1 4335.441
2015 08 27 01 00 00 1 4335.434
2015 08 27 01 15 00 1 4335.431
2015 08 27 01 30 00 1 4335.427
2015 08 27 01 45 00 1 4335.430
2015 08 27 02 00 00 1 4335.428
2015 08 27 02 15 00 1 4335.434
2015 08 27 02 30 00 1 4335.446
2015 08 27 02 45 00 1 4335.456
2015 08 27 03 00 00 1 4335.470
2015 08 27 03 15 00 1 4335.489
2015 08 27 03 30 00 1 4335.510
2015 08 27 03 45 00 1 4335.535
2015 08 27 04 00 00 1 4335.562
2015 08 27 04 15 00 1 4335.592
2015 08 27 04 30 00 1 4335.622
2015 08 27 04 45 00 1 4335.654
2015 08 27 05 00 00 1 4335.687
2015 08 27 05 15 00 1 4335.723
2015 08 27 05 30 00 1 4335.759
2015 08 27 05 45 00 1 4335.791
2015 08 27 06 00 00 1 4335.825
2015 08 27 06 15 00 1 4335.854
2015 08 27 06 30 00 1 4335.884
2015 08 27 06 45 00 1 4335.909
2015 08 27 07 00 00 1 4335.932
2015 08 27 07 15 00 1 4335.955
2015 08 27 07 30 00 1 4335.975
2015 08 27 07 45 00 1 4335.993
2015 08 27 08 00 00 1 4336.005
2015 08 27 08 15 00 1 4336.021
2015 08 27 08 30 00 1 4336.026
2015 08 27 08 45 00 1 4336.029
2015 08 27 09 00 00 1 4336.028
2015 08 27 09 15 00 1 4336.028
2015 08 27 09 30 00 1 4336.022
2015 08 27 09 45 00 1 4336.011
2015 08 27 10 00 00 1 4336.001
2015 08 27 10 15 00 1 4335.985
2015 08 27 10 30 00 1 4335.964
2015 08 27 10 45 00 1 4335.942
2015 08 27 11 00 00 1 4335.919
2015 08 27 11 15 00 1 4335.892
2015 08 27 11 30 00 1 4335.864
2015 08 27 11 45 00 1 4335.833
2015 08 27 12 00 00 1 4335.805
2015 08 27 12 15 00 1 4335.776
2015 08 27 12 30 00 1 4335.750
2015 08 27 12 45 00 1 4335.727
2015 08 27 13 00 00 1 4335.699
2015 08 27 13 15 00 1 4335.678
2015 08 27 13 30 00 1 4335.661
2015 08 27 13 45 00 1 4335.639
2015 08 27 14 00 00 1 4335.620
2015 08 27 14 15 00 1 4335.607
2015 08 27 14 30 00 1 4335.599
2015 08 27 14 45 00 1 4335.593
2015 08 27 15 00 00 1 4335.587
2015 08 27 15 15 00 1 4335.583
2015 08 27 15 30 00 1 4335.581
2015 08 27 15 45 00 1 4335.582
2015 08 27 16 00 00 1 4335.586
2015 08 27 16 15 00 1 4335.595
2015 08 27 16 30 00 1 4335.609
2015 08 27 16 45 00 1 4335.620
2015 08 27 17 00 00 1 4335.636
2015 08 27 17 15 00 1 4335.657
2015 08 27 17 30 00 1 4335.678
2015 08 27 17 45 00 1 4335.695
2015 08 27 18 00 00 1 4335.713
2015 08 27 18 15 00 1 4335.734
2015 08 27 18 30 00 1 4335.747
2015 08 27 18 45 00 1 4335.767
2015 08 27 19 00 00 1 4335.779
2015 08 27 19 15 00 1 4335.788
2015 08 27 19 30 00 1 4335.796
2015 08 27 19 45 00 1 4335.798
2015 08 27 20 00 00 1 4335.802
2015 08 27 20 15 00 1 4335.804
2015 08 27 20 30 00 1 4335.807
2015 08 27 20 45 00 1 4335.804
2015 08 27 21 00 00 1 4335.795
2015 08 27 21 15 00 1 4335.785
2015 08 27 21 30 00 1 4335.773
2015 08 27 21 45 00 1 4335.757
2015 08 27 22 00 00 1 4335.738
2015 08 27 22 15 00 1 4335.716
2015 08 27 22 30 00 1 4335.695
2015 08 27 22 45 00 1 4335.672
2015 08 27 23 00 00 1 4335.647
2015 08 27 23 15 00 1 4335.620
2015 08 27 23 30 00 1 4335.590
2015 08 27 23 45 00 1 4335.567
2015 08 28 00 00 00 1 4335.538
2015 08 28 00 15 00 1 4335.515
2015 08 28 00 30 00 1 4335.493
2015 08 28 00 45 00 1 4335.472
2015 08 28 01 00 00 1 4335.453
2015 08 28 01 15 00 1 4335.438
2015 08 28 01 30 00 1 4335.424
2015 08 28 01 45 00 1 4335.412
2015 08 28 02 00 00 1 4335.407
2015 08 28 02 15 00 1 4335.407
2015 08 28 02 30 00 1 4335.403
2015 08 28 02 45 00 1 4335.404
2015 08 28 03 00 00 1 4335.412
2015 08 28 03 15 00 1 4335.419
2015 08 28 03 30 00 1 4335.435
2015 08 28 03 45 00 1 4335.452
2015 08 28 04 00 00 1 4335.474
2015 08 28 04 15 00 1 4335.496
2015 08 28 04 30 00 1 4335.529
2015 08 28 04 45 00 1 4335.557
2015 08 28 05 00 00 1 4335.585
2015 08 28 05 15 00 1 4335.621
2015 08 28 05 30 00 1 4335.658
2015 08 28 05 45 00 1 4335.697
2015 08 28 06 00 00 1 4335.736
2015 08 28 06 15 00 1 4335.770
2015 08 28 06 30 00 1 4335.804
2015 08 28 06 45 00 1 4335.841
2015 08 28 07 00 00 1 4335.877
2015 08 28 07 15 00 1 4335.909
2015 08 28 07 30 00 1 4335.945
2015 08 28 07 45 00 1 4335.970
2015 08 28 08 00 00 1 4335.995
2015 08 28 08 15 00 1 4336.019
2015 08 28 08 30 00 1 4336.030
2015 08 28 08 45 00 1 4336.046
2015 08 28 09 00 00 1 4336.059
2015 08 28 09 15 00 1 4336.067
2015 08 28 09 30 00 1 4336.070
2015 08 28 09 45 00 1 4336.069
2015 08 28 10 00 00 1 4336.067
2015 08 28 10 15 00 1 4336.057
2015 08 28 10 30 00 1 4336.050
2015 08 28 10 45 00 1 4336.030
2015 08 28 11 00 00 1 4336.010
2015 08 28 11 15 00 1 4335.988
2015 08 28 11 30 00 1 4335.963
2015 08 28 11 45 00 1 4335.934
2015 08 28 12 00 00 1 4335.902
2015 08 28 12 15 00 1 4335.872
2015 08 28 12 30 00 1 4335.841
2015 08 28 12 45 00 1 4335.810
2015 08 28 13 00 00 1 4335.776
2015 08 28 13 15 00 1 4335.746
2015 08 28 13 30 00 1 4335.715
2015 08 28 13 45 00 1 4335.685
2015 08 28 14 00 00 1 4335.656
2015 08 28 14 15 00 1 4335.632
2015 08 28 14 30 00 1 4335.616
2015 08 28 14 45 00 1 4335.594
2015 08 28 15 00 00 1 4335.579
2015 08 28 15 15 00 1 4335.568
2015 08 28 15 30 00 1 4335.559
2015 08 28 15 45 00 1 4335.550
2015 08 28 16 00 00 1 4335.547
2015 08 28 16 15 00 1 4335.548
2015 08 28 16 30 00 1 4335.553
2015 08 28 16 45 00 1 4335.554
2015 08 28 17 00 00 1 4335.566
2015 08 28 17 15 00 1 4335.579
2015 08 28 17 30 00 1 4335.594
2015 08 28 17 45 00 1 4335.617
2015 08 28 18 00 00 1 4335.633
2015 08 28 18 15 00 1 4335.656
2015 08 28 18 30 00 1 4335.675
2015 08 28 18 45 00 1 4335.696
2015 08 28 19 00 00 1 4335.716
2015 08 28 19 15 00 1 4335.740
2015 08 28 19 30 00 1 4335.759
2015 08 28 19 45 00 1 4335.772
2015 08 28 20 00 00 1 4335.786
2015 08 28 20 15 00 1 4335.798
2015 08 28 20 30 00 1 4335.805
2015 08 28 20 45 00 1 4335.814
2015 08 28 21 00 00 1 4335.816
2015 08 28 21 15 00 1 4335.816
2015 08 28 21 30 00 1 4335.814
2015 08 28 21 45 00 1 4335.809
2015 08 28 22 00 00 1 4335.801
2015 08 28 22 15 00 1 4335.790
2015 08 28 22 30 00 1 4335.777
2015 08 28 22 45 00 1 4335.757
2015 08 28 23 00 00 1 4335.738
2015 08 28 23 15 00 1 4335.710
2015 08 28 23 30 00 1 4335.684
2015 08 28 23 45 00 1 4335.656
2015 08 29 00 00 00 1 4335.628
2015 08 29 00 15 00 1 4335.600
2015 08 29 00 30 00 1 4335.573
2015 08 29 00 45 00 1 4335.548
2015 08 29 01 00 00 1 4335.522
2015 08 29 01 15 00 1 4335.498
2015 08 29 01 30 00 1 4335.473
2015 08 29 01 45 00 1 4335.455
2015 08 29 02 00 00 1 4335.431
2015 08 29 02 15 00 1 4335.419
2015 08 29 02 30 00 1 4335.405
2015 08 29 02 45 00 1 4335.393
2015 08 29 03 00 00 1 4335.390
2015 08 29 03 15 00 1 4335.387
2015 08 29 03 30 00 1 4335.390
2015 08 29 03 45 00 1 4335.392
2015 08 29 04 00 00 1 4335.402
2015 08 29 04 15 00 1 4335.412
2015 08 29 04 30 00 1 4335.430
2015 08 29 04 45 00 1 4335.450
2015 08 29 05 00 00 1 4335.477
2015 08 29 05 15 00 1 4335.508
2015 08 29 05 30 00 1 4335.540
2015 08 29 05 45 00 1 4335.574
2015 08 29 06 00 00 1 4335.612
2015 08 29 06 15 00 1 4335.649
2015 08 29 06 30 00 1 4335.685
2015 08 29 06 45 00 1 4335.724
2015 08 29 07 00 00 1 4335.765
2015 08 29 07 15 00 1 4335.806
2015 08 29 07 30 00 1 4335.846
2015 08 29 07 45 00 1 4335.884
2015 08 29 08 00 00 1 4335.921
2015 08 29 08 15 00 1 4335.951
2015 08 29 08 30 00 1 4335.979
2015 08 29 08 45 00 1 4336.004
2015 08 29 09 00 00 1 4336.026
2015 08 29 09 15 00 1 4336.046
2015 08 29 09 30 00 1 4336.060
2015 08 29 09 45 00 1 4336.073
2015 08 29 10 00 00 1 4336.081
2015 08 29 10 15 00 1 4336.087
2015 08 29 10 30 00 1 4336.085
2015 08 29 10 45 00 1 4336.083
2015 08 29 11 00 00 1 4336.074
2015 08 29 11 15 00 1 4336.058
2015 08 29 11 30 00 1 4336.039
2015 08 29 11 45 00 1 4336.016
2015 08 29 12 00 00 1 4335.990
2015 08 29 12 15 00 1 4335.956
2015 08 29 12 30 00 1 4335.927
2015 08 29 12 45 00 1 4335.893
2015 08 29 13 00 00 1 4335.857
2015 08 29 13 15 00 1 4335.823
2015 08 29 13 30 00 1 4335.786
2015 08 29 13 45 00 1 4335.751
2015 08 29 14 00 00 1 4335.717
2015 08 29 14 15 00 1 4335.686
2015 08 29 14 30 00 1 4335.654
2015 08 29 14 45 00 1 4335.626
2015 08 29 15 00 00 1 4335.601
2015 08 29 15 15 00 1 4335.577
2015 08 29 15 30 00 1 4335.559
2015 08 29 15 45 00 1 4335.546
2015 08 29 16 00 00 1 4335.531
2015 08 29 16 15 00 1 4335.515
2015 08 29 16 30 00 1 4335.511
2015 08 29 16 45 00 1 4335.510
2015 08 29 17 00 00 1 4335.509
2015 08 29 17 15 00 1 4335.513
2015 08 29 17 30 00 1 4335.520
2015 08 29 17 45 00 1 4335.532
2015 08 29 18 00 00 1 4335.552
2015 08 29 18 15 00 1 4335.570
2015 08 29 18 30 00 1 4335.591
2015 08 29 18 45 00 1 4335.611
2015 08 29 19 00 00 1 4335.633
2015 08 29 19 15 00 1 4335.658
2015 08 29 19 30 00 1 4335.680
2015 08 29 19 45 00 1 4335.700
2015 08 29 20 00 00 1 4335.723
2015 08 29 20 15 00 1 4335.746
2015 08 29 20 30 00 1 4335.766
2015 08 29 20 45 00 1 4335.787
2015 08 29 21 00 00 1 4335.802
2015 08 29 21 15 00 1 4335.816
2015 08 29 21 30 00 1 4335.824
2015 08 29 21 45 00 1 4335.833
2015 08 29 22 00 00 1 4335.831
2015 08 29 22 15 00 1 4335.832
2015 08 29 22 30 00 1 4335.825
2015 08 29 22 45 00 1 4335.818
2015 08 29 23 00 00 1 4335.809
2015 08 29 23 15 00 1 4335.789
2015 08 29 23 30 00 1 4335.774
2015 08 29 23 45 00 1 4335.752
2015 08 30 00 00 00 1 4335.727
2015 08 30 00 15 00 1 4335.703
2015 08 30 00 30 00 1 4335.675
2015 08 30 00 45 00 1 4335.644
2015 08 30 01 00 00 1 4335.612
2015 08 30 01 15 00 1 4335.583
2015 08 30 01 30 00 1 4335.555
2015 08 30 01 45 00 1 4335.525
2015 08 30 02 00 00 1 4335.496
2015 08 30 02 15 00 1 4335.469
2015 08 30 02 30 00 1 4335.444
2015 08 30 02 45 00 1 4335.423
2015 08 30 03 00 00 1 4335.402
2015 08 30 03 15 00 1 4335.384
2015 08 30 03 30 00 1 4335.372
2015 08 30 03 45 00 1 4335.365
2015 08 30 04 00 00 1 4335.359
2015 08 30 04 15 00 1 4335.362
2015 08 30 04 30 00 1 4335.367
2015 08 30 04 45 00 1 4335.374
2015 08 30 05 00 00 1 4335.385
2015 08 30 05 15 00 1 4335.402
2015 08 30 05 30 00 1 4335.422
2015 08 30 05 45 00 1 4335.445
2015 08 30 06 00 00 1 4335.472
2015 08 30 06 15 00 1 4335.504
2015 08 30 06 30 00 1 4335.537
2015 08 30 06 45 00 1 4335.574
2015 08 30 07 00 00 1 4335.612
2015 08 30 07 15 00 1 4335.653
2015 08 30 07 30 00 1 4335.696
2015 08 30 07 45 00 1 4335.735
2015 08 30 08 00 00 1 4335.777
2015 08 30 08 15 00 1 4335.816
2015 08 30 08 30 00 1 4335.850
2015 08 30 08 45 00 1 4335.885
2015 08 30 09 00 00 1 4335.917
2015 08 30 09 15 00 1 4335.950
2015 08 30 09 30 00 1 4335.976
2015 08 30 09 45 00 1 4336.000
2015 08 30 10 00 00 1 4336.021
2015 08 30 10 15 00 1 4336.037
2015 08 30 10 30 00 1 4336.047
2015 08 30 10 45 00 1 4336.054
2015 08 30 11 00 00 1 4336.060
2015 08 30 11 15 00 1 4336.059
2015 08 30 11 30 00 1 4336.057
2015 08 30 11 45 00 1 4336.048
2015 08 30 12 00 00 1 4336.033
2015 08 30 12 15 00 1 4336.011
2015 08 30 12 30 00 1 4335.987
2015 08 30 12 45 00 1 4335.962
2015 08 30 13 00 00 1 4335.935
2015 08 30 13 15 00 1 4335.905
2015 08 30 13 30 00 1 4335.870
2015 08 30 13 45 00 1 4335.835
2015 08 30 14 00 00 1 4335.798
2015 08 30 14 15 00 1 4335.762
2015 08 30 14 30 00 1 4335.728
2015 08 30 14 45 00 1 4335.695
2015 08 30 15 00 00 1 4335.663
2015 08 30 15 15 00 1 4335.635
2015 08 30 15 30 00 1 4335.602
2015 08 30 15 45 00 1 4335.576
2015 08 30 16 00 00 1 4335.552
2015 08 30 16 15 00 1 4335.532
2015 08 30 16 30 00 1 4335.514
2015 08 30 16 45 00 1 4335.498
2015 08 30 17 00 00 1 4335.487
2015 08 30 17 15 00 1 4335.483
2015 08 30 17 30 00 1 4335.481
2015 08 30 17 45 00 1 4335.480
2015 08 30 18 00 00 1 4335.483
2015 08 30 18 15 00 1 4335.495
2015 08 30 18 30 00 1 4335.503
2015 08 30 18 45 00 1 4335.519
2015 08 30 19 00 00 1 4335.540
2015 08 30 19 15 00 1 4335.560
2015 08 30 19 30 00 1 4335.581
2015 08 30 19 45 00 1 4335.608
2015 08 30 20 00 00 1 4335.636
2015 08 30 20 15 00 1 4335.662
2015 08 30 20 30 00 1 4335.686
2015 08 30 20 45 00 1 4335.714
2015 08 30 21 00 00 1 4335.738
2015 08 30 21 15 00 1 4335.762
2015 08 30 21 30 00 1 4335.782
2015 08 30 21 45 00 1 4335.801
2015 08 30 22 00 00 1 4335.817
2015 08 30 22 15 00 1 4335.832
2015 08 30 22 30 00 1 4335.841
2015 08 30 22 45 00 1 4335.846
2015 08 30 23 00 00 1 4335.850
2015 08 30 23 15 00 1 4335.849
2015 08 30 23 30 00 1 4335.843
2015 08 30 23 45 00 1 4335.836
2015 08 31 00 00 00 1 4335.825
2015 08 31 00 15 00 1 4335.814
2015 08 31 00 30 00 1 4335.797
2015 08 31 00 45 00 1 4335.776
2015 08 31 01 00 00 1 4335.752
2015 08 31 01 15 00 1 4335.728
2015 08 31 01 30 00 1 4335.696
2015 08 31 01 45 00 1 4335.668
2015 08 31 02 00 00 1 4335.639
2015 08 31 02 15 00 1 4335.609
2015 08 31 02 30 00 1 4335.580
2015 08 31 02 45 00 1 4335.548
2015 08 31 03 00 00 1 4335.523
2015 08 31 03 15 00 1 4335.500
2015 08 31 03 30 00 1 4335.479
2015 08 31 03 45 00 1 4335.457
2015 08 31 04 00 00 1 4335.443
2015 08 31 04 15 00 1 4335.435
2015 08 31 04 30 00 1 4335.420
2015 08 31 04 45 00 1 4335.410
2015 08 31 05 00 00 1 4335.405
2015 08 31 05 15 00 1 4335.408
2015 08 31 05 30 00 1 4335.411
2015 08 31 05 45 00 1 4335.418
2015 08 31 06 00 00 1 4335.428
2015 08 31 06 15 00 1 4335.444
2015 08 31 06 30 00 1 4335.466
2015 08 31 06 45 00 1 4335.492
2015 08 31 07 00 00 1 4335.522
2015 08 31 07 15 00 1 4335.551
2015 08 31 07 30 00 1 4335.587
2015 08 31 07 45 00 1 4335.622
2015 08 31 08 00 00 1 4335.659
2015 08 31 08 15 00 1 4335.699
2015 08 31 08 30 00 1 4335.736
2015 08 31 08 45 00 1 4335.771
2015 08 31 09 00 00 1 4335.806
2015 08 31 09 15 00 1 4335.843
2015 08 31 09 30 00 1 4335.876
2015 08 31 09 45 00 1 4335.910
2015 08 31 10 00 00 1 4335.937
2015 08 31 10 15 00 1 4335.966
2015 08 31 10 30 00 1 4335.990
2015 08 31 10 45 00 1 4336.009
2015 08 31 11 00 00 1 4336.024
2015 08 31 11 15 00 1 4336.036
2015 08 31 11 30 00 1 4336.043
2015 08 31 11 45 00 1 4336.045
2015 08 31 12 00 00 1 4336.045
2015 08 31 12 15 00 1 4336.040
2015 08 31 12 30 00 1 4336.030
2015 08 31 12 45 00 1 4336.017
2015 08 31 13 00 00 1 4335.998
2015 08 31 13 15 00 1 4335.975
2015 08 31 13 30 00 1 4335.952
2015 08 31 13 45 00 1 4335.923
2015 08 31 14 00 00 1 4335.892
2015 08 31 14 15 00 1 4335.860
2015 08 31 14 30 00 1 4335.828
2015 08 31 14 45 00 1 4335.794
2015 08 31 15 00 00 1 4335.760
2015 08 31 15 15 00 1 4335.726
2015 08 31 15 30 00 1 4335.695
2015 08 31 15 45 00 1 4335.663
2015 08 31 16 00 00 1 4335.627
2015 08 31 16 15 00 1 4335.597
2015 08 31 16 30 00 1 4335.571
2015 08 31 16 45 00 1 4335.544
2015 08 31 17 00 00 1 4335.523
2015 08 31 17 15 00 1 4335.505
2015 08 31 17 30 00 1 4335.488
2015 08 31 17 45 00 1 4335.478
2015 08 31 18 00 00 1 4335.470
2015 08 31 18 15 00 1 4335.469
2015 08 31 18 30 00 1 4335.469
2015 08 31 18 45 00 1 4335.475
2015 08 31 19 00 00 1 4335.479
2015 08 31 19 15 00 1 4335.494
2015 08 31 19 30 00 1 4335.505
2015 08 31 19 45 00 1 4335.524
2015 08 31 20 00 00 1 4335.541
2015 08 31 20 15 00 1 4335.565
2015 08 31 20 30 00 1 4335.590
2015 08 31 20 45 00 1 4335.618
2015 08 31 21 00 00 1 4335.643
2015 08 31 21 15 00 1 4335.669
2015 08 31 21 30 00 1 4335.700
2015 08 31 21 45 00 1 4335.728
2015 08 31 22 00 00 1 4335.753
2015 08 31 22 15 00 1 4335.776
2015 08 31 22 30 00 1 4335.794
2015 08 31 22 45 00 1 4335.814
2015 08 31 23 00 00 1 4335.831
2015 08 31 23 15 00 1 4335.845
2015 08 31 23 30 00 1 4335.855
2015 08 31 23 45 00 1 4335.868
2015 09 01 00 00 00 1 4335.870
2015 09 01 00 15 00 1 4335.872
2015 09 01 00 30 00 1 4335.872
2015 09 01 00 45 00 1 4335.866
2015 09 01 01 00 00 1 4335.853
2015 09 01 01 15 00 1 4335.843
2015 09 01 01 30 00 1 4335.825
2015 09 01 01 45 00 1 4335.802
2015 09 01 02 00 00 1 4335.778
2015 09 01 02 15 00 1 4335.756
2015 09 01 02 30 00 1 4335.731
2015 09 01 02 45 00 1 4335.704
2015 09 01 03 00 00 1 4335.679
2015 09 01 03 15 00 1 4335.653
2015 09 01 03 30 00 1 4335.626
2015 09 01 03 45 00 1 4335.600
2015 09 01 04 00 00 1 4335.575
2015 09 01 04 15 00 1 4335.549
2015 09 01 04 30 00 1 4335.529
2015 09 01 04 45 00 1 4335.515
2015 09 01 05 00 00 1 4335.498
2015 09 01 05 15 00 1 4335.481
2015 09 01 05 30 00 1 4335.469
2015 09 01 05 45 00 1 4335.461
2015 09 01 06 00 00 1 4335.454
2015 09 01 06 15 00 1 4335.459
2015 09 01 06 30 00 1 4335.463
2015 09 01 06 45 00 1 4335.468
2015 09 01 07 00 00 1 4335.477
2015 09 01 07 15 00 1 4335.494
2015 09 01 07 30 00 1 4335.515
2015 09 01 07 45 00 1 4335.536
2015 09 01 08 00 00 1 4335.559
2015 09 01 08 15 00 1 4335.586
2015 09 01 08 30 00 1 4335.613
2015 09 01 08 45 00 1 4335.644
2015 09 01 09 00 00 1 4335.675
2015 09 01 09 15 00 1 4335.709
2015 09 01 09 30 00 1 4335.741
2015 09 01 09 45 00 1 4335.773
2015 09 01 10 00 00 1 4335.805
2015 09 01 10 15 00 1 4335.834
2015 09 01 10 30 00 1 4335.860
2015 09 01 10 45 00 1 4335.884
2015 09 01 11 00 00 1 4335.910
2015 09 01 11 15 00 1 4335.932
2015 09 01 11 30 00 1 4335.950
2015 09 01 11 45 00 1 4335.967
2015 09 01 12 00 00 1 4335.984
2015 09 01 12 15 00 1 4335.989
2015 09 01 12 30 00 1 4335.991
2015 09 01 12 45 00 1 4335.990
2015 09 01 13 00 00 1 4335.980
2015 09 01 13 15 00 1 4335.977
2015 09 01 13 30 00 1 4335.969
2015 09 01 13 45 00 1 4335.949
2015 09 01 14 00 00 1 4335.932
2015 09 01 14 15 00 1 4335.910
2015 09 01 14 30 00 1 4335.889
2015 09 01 14 45 00 1 4335.863
2015 09 01 15 00 00 1 4335.836
2015 09 01 15 15 00 1 4335.805
2015 09 01 15 30 00 1 4335.774
2015 09 01 15 45 00 1 4335.743
2015 09 01 16 00 00 1 4335.707
2015 09 01 16 15 00 1 4335.677
2015 09 01 16 30 00 1 4335.647
2015 09 01 16 45 00 1 4335.618
2015 09 01 17 00 00 1 4335.594
2015 09 01 17 15 00 1 4335.563
2015 09 01 17 30 00 1 4335.543
2015 09 01 17 45 00 1 4335.521
2015 09 01 18 00 00 1 4335.503
2015 09 01 18 15 00 1 4335.489
2015 09 01 18 30 00 1 4335.475
2015 09 01 18 45 00 1 4335.465
2015 09 01 19 00 00 1 4335.455
2015 09 01 19 15 00 1 4335.446
2015 09 01 19 30 00 1 4335.447
2015 09 01 19 45 00 1 4335.450
2015 09 01 20 00 00 1 4335.459
2015 09 01 20 15 00 1 4335.470
2015 09 01 20 30 00 1 4335.488
2015 09 01 20 45 00 1 4335.508
2015 09 01 21 00 00 1 4335.533
2015 09 01 21 15 00 1 4335.554
2015 09 01 21 30 00 1 4335.579
2015 09 01 21 45 00 1 4335.607
2015 09 01 22 00 00 1 4335.636
2015 09 01 22 15 00 1 4335.661
2015 09 01 22 30 00 1 4335.689
2015 09 01 22 45 00 1 4335.716
2015 09 01 23 00 00 1 4335.742
2015 09 01 23 15 00 1 4335.764
2015 09 01 23 30 00 1 4335.787
2015 09 01 23 45 00 1 4335.807
2015 09 02 00 00 00 1 4335.825
2015 09 02 00 15 00 1 4335.842
2015 09 02 00 30 00 1 4335.855
2015 09 02 00 45 00 1 4335.867
2015 09 02 01 00 00 1 4335.874
2015 09 02 01 15 00 1 4335.878
2015 09 02 01 30 00 1 4335.878
2015 09 02 01 45 00 1 4335.875
2015 09 02 02 00 00 1 4335.869
2015 09 02 02 15 00 1 4335.861
2015 09 02 02 30 00 1 4335.845
2015 09 02 02 45 00 1 4335.830
2015 09 02 03 00 00 1 4335.809
2015 09 02 03 15 00 1 4335.792
2015 09 02 03 30 00 1 4335.768
2015 09 02 03 45 00 1 4335.749
2015 09 02 04 00 00 1 4335.725
2015 09 02 04 15 00 1 4335.700
2015 09 02 04 30 00 1 4335.677
2015 09 02 04 45 00 1 4335.654
2015 09 02 05 00 00 1 4335.636
2015 09 02 05 15 00 1 4335.615
2015 09 02 05 30 00 1 4335.596
2015 09 02 05 45 00 1 4335.578
2015 09 02 06 00 00 1 4335.560
2015 09 02 06 15 00 1 4335.548
2015 09 02 06 30 00 1 4335.532
2015 09 02 06 45 00 1 4335.523
2015 09 02 07 00 00 1 4335.517
2015 09 02 07 15 00 1 4335.519
2015 09 02 07 30 00 1 4335.521
2015 09 02 07 45 00 1 4335.529
2015 09 02 08 00 00 1 4335.540
2015 09 02 08 15 00 1 4335.548
2015 09 02 08 30 00 1 4335.563
2015 09 02 08 45 00 1 4335.579
2015 09 02 09 00 00 1 4335.596
2015 09 02 09 15 00 1 4335.616
2015 09 02 09 30 00 1 4335.635
2015 09 02 09 45 00 1 4335.656
2015 09 02 10 00 00 1 4335.681
2015 09 02 10 15 00 1 4335.708
2015 09 02 10 30 00 1 4335.731
2015 09 02 10 45 00 1 4335.755
2015 09 02 11 00 00 1 4335.783
2015 09 02 11 15 00 1 4335.807
2015 09 02 11 30 00 1 4335.828
2015 09 02 11 45 00 1 4335.844
2015 09 02 12 00 00 1 4335.867
2015 09 02 12 15 00 1 4335.881
2015 09 02 12 30 00 1 4335.892
2015 09 02 12 45 00 1 4335.904
2015 09 02 13 00 00 1 4335.913
2015 09 02 13 15 00 1 4335.915
2015 09 02 13 30 00 1 4335.913
2015 09 02 13 45 00 1 4335.912
2015 09 02 14 00 00 1 4335.904
2015 09 02 14 15 00 1 4335.895
2015 09 02 14 30 00 1 4335.889
2015 09 02 14 45 00 1 4335.874
2015 09 02 15 00 00 1 4335.858
2015 09 02 15 15 00 1 4335.838
2015 09 02 15 30 00 1 4335.817
2015 09 02 15 45 00 1 4335.797
2015 09 02 16 00 00 1 4335.772
2015 09 02 16 15 00 1 4335.748
2015 09 02 16 30 00 1 4335.718
2015 09 02 16 45 00 1 4335.693
2015 09 02 17 00 00 1 4335.666
2015 09 02 17 15 00 1 4335.636
2015 09 02 17 30 00 1 4335.611
2015 09 02 17 45 00 1 4335.588
2015 09 02 18 00 00 1 4335.562
2015 09 02 18 15 00 1 4335.542
2015 09 02 18 30 00 1 4335.522
2015 09 02 18 45 00 1 4335.502
2015 09 02 19 00 00 1 4335.483
2015 09 02 19 15 00 1 4335.469
2015 09 02 19 30 00 1 4335.454
2015 09 02 19 45 00 1 4335.441
2015 09 02 20 00 00 1 4335.433
2015 09 02 20 15 00 1 4335.433
2015 09 02 20 30 00 1 4335.432
2015 09 02 20 45 00 1 4335.438
2015 09 02 21 00 00 1 4335.449
2015 09 02 21 15 00 1 4335.461
2015 09 02 21 30 00 1 4335.478
2015 09 02 21 45 00 1 4335.492
2015 09 02 22 00 00 1 4335.513
2015 09 02 22 15 00 1 4335.535
2015 09 02 22 30 00 1 4335.557
2015 09 02 22 45 00 1 4335.582
2015 09 02 23 00 00 1 4335.610
2015 09 02 23 15 00 1 4335.639
2015 09 02 23 30 00 1 4335.667
2015 09 02 23 45 00 1 4335.693
2015 09 03 00 00 00 1 4335.719
2015 09 03 00 15 00 1 4335.746
2015 09 03 00 30 00 1 4335.769
2015 09 03 00 45 00 1 4335.792
2015 09 03 01 00 00 1 4335.811
2015 09 03 01 15 00 1 4335.826
2015 09 03 01 30 00 1 4335.842
2015 09 03 01 45 00 1 4335.856
2015 09 03 02 00 00 1 4335.867
2015 09 03 02 15 00 1 4335.871
2015 09 03 02 30 00 1 4335.876
2015 09 03 02 45 00 1 4335.878
2015 09 03 03 00 00 1 4335.872
2015 09 03 03 15 00 1 4335.867
2015 09 03 03 30 00 1 4335.858
2015 09 03 03 45 00 1 4335.848
2015 09 03 04 00 00 1 4335.834
2015 09 03 04 15 00 1 4335.823
2015 09 03 04 30 00 1 4335.805
2015 09 03 04 45 00 1 4335.785
2015 09 03 05 00 00 1 4335.767
2015 09 03 05 15 00 1 4335.747
2015 09 03 05 30 00 1 4335.725
2015 09 03 05 45 00 1 4335.704
2015 09 03 06 00 00 1 4335.681
2015 09 03 06 15 00 1 4335.665
2015 09 03 06 30 00 1 4335.648
2015 09 03 06 45 00 1 4335.631
2015 09 03 07 00 00 1 4335.615
2015 09 03 07 15 00 1 4335.600
2015 09 03 07 30 00 1 4335.584
2015 09 03 07 45 00 1 4335.575
2015 09 03 08 00 00 1 4335.567
2015 09 03 08 15 00 1 4335.564
2015 09 03 08 30 00 1 4335.558
2015 09 03 08 45 00 1 4335.559
2015 09 03 09 00 00 1 4335.557
2015 09 03 09 15 00 1 4335.562
2015 09 03 09 30 00 1 4335.568
2015 09 03 09 45 00 1 4335.577
2015 09 03 10 00 00 1 4335.589
2015 09 03 10 15 00 1 4335.605
2015 09 03 10 30 00 1 4335.619
2015 09 03 10 45 00 1 4335.634
2015 09 03 11 00 00 1 4335.655
2015 09 03 11 15 00 1 4335.676
2015 09 03 11 30 00 1 4335.690
2015 09 03 11 45 00 1 4335.711
2015 09 03 12 00 00 1 4335.726
2015 09 03 12 15 00 1 4335.743
2015 09 03 12 30 00 1 4335.759
2015 09 03 12 45 00 1 4335.776
2015 09 03 13 00 00 1 4335.792
2015 09 03 13 15 00 1 4335.806
2015 09 03 13 30 00 1 4335.812
2015 09 03 13 45 00 1 4335.821
2015 09 03 14 00 00 1 4335.825
2015 09 03 14 15 00 1 4335.828
2015 09 03 14 30 00 1 4335.832
2015 09 03 14 45 00 1 4335.834
2015 09 03 15 00 00 1 4335.829
2015 09 03 15 15 00 1 4335.823
2015 09 03 15 30 00 1 4335.817
2015 09 03 15 45 00 1 4335.810
2015 09 03 16 00 00 1 4335.799
2015 09 03 16 15 00 1 4335.783
2015 09 03 16 30 00 1 4335.764
2015 09 03 16 45 00 1 4335.747
2015 09 03 17 00 00 1 4335.727
2015 09 03 17 15 00 1 4335.708
2015 09 03 17 30 00 1 4335.685
2015 09 03 17 45 00 1 4335.661
2015 09 03 18 00 00 1 4335.639
2015 09 03 18 15 00 1 4335.618
2015 09 03 18 30 00 1 4335.592
2015 09 03 18 45 00 1 4335.574
2015 09 03 19 00 00 1 4335.548
2015 09 03 19 15 00 1 4335.528
2015 09 03 19 30 00 1 4335.508
2015 09 03 19 45 00 1 4335.488
2015 09 03 20 00 00 1 4335.476
2015 09 03 20 15 00 1 4335.467
2015 09 03 20 30 00 1 4335.459
2015 09 03 20 45 00 1 4335.447
2015 09 03 21 00 00 1 4335.444
2015 09 03 21 15 00 1 4335.446
2015 09 03 21 30 00 1 4335.447
2015 09 03 21 45 00 1 4335.451
2015 09 03 22 00 00 1 4335.455
2015 09 03 22 15 00 1 4335.467
2015 09 03 22 30 00 1 4335.482
2015 09 03 22 45 00 1 4335.498
2015 09 03 23 00 00 1 4335.516
2015 09 03 23 15 00 1 4335.534
2015 09 03 23 30 00 1 4335.559
2015 09 03 23 45 00 1 4335.586
2015 09 04 00 00 00 1 4335.611
2015 09 04 00 15 00 1 4335.639
2015 09 04 00 30 00 1 4335.667
2015 09 04 00 45 00 1 4335.699
2015 09 04 01 00 00 1 4335.725
2015 09 04 01 15 00 1 4335.750
2015 09 04 01 30 00 1 4335.776
2015 09 04 01 45 00 1 4335.799
2015 09 04 02 00 00 1 4335.820
2015 09 04 02 15 00 1 4335.839
2015 09 04 02 30 00 1 4335.853
2015 09 04 02 45 00 1 4335.866
2015 09 04 03 00 00 1 4335.876
2015 09 04 03 15 00 1 4335.887
2015 09 04 03 30 00 1 4335.895
2015 09 04 03 45 00 1 4335.902
2015 09 04 04 00 00 1 4335.899
2015 09 04 04 15 00 1 4335.905
2015 09 04 04 30 00 1 4335.901
2015 09 04 04 45 00 1 4335.895
2015 09 04 05 00 00 1 4335.885
2015 09 04 05 15 00 1 4335.874
2015 09 04 05 30 00 1 4335.859
2015 09 04 05 45 00 1 4335.846
2015 09 04 06 00 00 1 4335.829
2015 09 04 06 15 00 1 4335.811
2015 09 04 06 30 00 1 4335.795
2015 09 04 06 45 00 1 4335.777
2015 09 04 07 00 00 1 4335.760
2015 09 04 07 15 00 1 4335.746
2015 09 04 07 30 00 1 4335.726
2015 09 04 07 45 00 1 4335.709
2015 09 04 08 00 00 1 4335.693
2015 09 04 08 15 00 1 4335.675
2015 09 04 08 30 00 1 4335.660
2015 09 04 08 45 00 1 4335.646
2015 09 04 09 00 00 1 4335.632
2015 09 04 09 15 00 1 4335.622
2015 09 04 09 30 00 1 4335.615
2015 09 04 09 45 00 1 4335.603
2015 09 04 10 00 00 1 4335.599
2015 09 04 10 15 00 1 4335.599
2015 09 04 10 30 00 1 4335.601
2015 09 04 10 45 00 1 4335.607
2015 09 04 11 00 00 1 4335.609
2015 09 04 11 15 00 1 4335.613
2015 09 04 11 30 00 1 4335.621
2015 09 04 11 45 00 1 4335.633
2015 09 04 12 00 00 1 4335.643
2015 09 04 12 15 00 1 4335.653
2015 09 04 12 30 00 1 4335.663
2015 09 04 12 45 00 1 4335.678
2015 09 04 13 00 00 1 4335.690
2015 09 04 13 15 00 1 4335.698
2015 09 04 13 30 00 1 4335.710
2015 09 04 13 45 00 1 4335.720
2015 09 04 14 00 00 1 4335.731
2015 09 04 14 15 00 1 4335.742
2015 09 04 14 30 00 1 4335.746
2015 09 04 14 45 00 1 4335.760
2015 09 04 15 00 00 1 4335.761
2015 09 04 15 15 00 1 4335.771
2015 09 04 15 30 00 1 4335.772
2015 09 04 15 45 00 1 4335.771
2015 09 04 16 00 00 1 4335.772
2015 09 04 16 15 00 1 4335.767
2015 09 04 16 30 00 1 4335.764
2015 09 04 16 45 00 1 4335.756
2015 09 04 17 00 00 1 4335.748
2015 09 04 17 15 00 1 4335.738
2015 09 04 17 30 00 1 4335.726
2015 09 04 17 45 00 1 4335.714
2015 09 04 18 00 00 1 4335.698
2015 09 04 18 15 00 1 4335.679
2015 09 04 18 30 00 1 4335.666
2015 09 04 18 45 00 1 4335.646
2015 09 04 19 00 00 1 4335.625
2015 09 04 19 15 00 1 4335.603
2015 09 04 19 30 00 1 4335.585
2015 09 04 19 45 00 1 4335.562
2015 09 04 20 00 00 1 4335.544
2015 09 04 20 15 00 1 4335.520
2015 09 04 20 30 00 1 4335.506
2015 09 04 20 45 00 1 4335.494
2015 09 04 21 00 00 1 4335.475
2015 09 04 21 15 00 1 4335.465
2015 09 04 21 30 00 1 4335.461
2015 09 04 21 45 00 1 4335.455
2015 09 04 22 00 00 1 4335.450
2015 09 04 22 15 00 1 4335.449
2015 09 04 22 30 00 1 4335.450
2015 09 04 22 45 00 1 4335.454
2015 09 04 23 00 00 1 4335.465
2015 09 04 23 15 00 1 4335.472
2015 09 04 23 30 00 1 4335.482
2015 09 04 23 45 00 1 4335.500
2015 09 05 00 00 00 1 4335.517
2015 09 05 00 15 00 1 4335.543
2015 09 05 00 30 00 1 4335.565
2015 09 05 00 45 00 1 4335.590
2015 09 05 01 00 00 1 4335.615
2015 09 05 01 15 00 1 4335.642
2015 09 05 01 30 00 1 4335.668
2015 09 05 01 45 00 1 4335.693
2015 09 05 02 00 00 1 4335.719
2015 09 05 02 15 00 1 4335.746
2015 09 05 02 30 00 1 4335.768
2015 09 05 02 45 00 1 4335.796
2015 09 05 03 00 00 1 4335.817
2015 09 05 03 15 00 1 4335.840
2015 09 05 03 30 00 1 4335.857
2015 09 05 03 45 00 1 4335.877
2015 09 05 04 00 00 1 4335.892
2015 09 05 04 15 00 1 4335.902
2015 09 05 04 30 00 1 4335.915
2015 09 05 04 45 00 1 4335.924
2015 09 05 05 00 00 1 4335.927
2015 09 05 05 15 00 1 4335.928
2015 09 05 05 30 00 1 4335.927
2015 09 05 05 45 00 1 4335.925
2015 09 05 06 00 00 1 4335.916
2015 09 05 06 15 00 1 4335.909
2015 09 05 06 30 00 1 4335.894
2015 09 05 06 45 00 1 4335.881
2015 09 05 07 00 00 1 4335.863
2015 09 05 07 15 00 1 4335.847
2015 09 05 07 30 00 1 4335.833
2015 09 05 07 45 00 1 4335.815
2015 09 05 08 00 00 1 4335.793
2015 09 05 08 15 00 1 4335.772
2015 09 05 08 30 00 1 4335.753
2015 09 05 08 45 00 1 4335.738
2015 09 05 09 00 00 1 4335.718
2015 09 05 09 15 00 1 4335.700
2015 09 05 09 30 00 1 4335.678
2015 09 05 09 45 00 1 4335.663
2015 09 05 10 00 00 1 4335.645
2015 09 05 10 15 00 1 4335.630
2015 09 05 10 30 00 1 4335.618
2015 09 05 10 45 00 1 4335.606
2015 09 05 11 00 00 1 4335.604
2015 09 05 11 15 00 1 4335.596
2015 09 05 11 30 00 1 4335.593
2015 09 05 11 45 00 1 4335.593
2015 09 05 12 00 00 1 4335.591
2015 09 05 12 15 00 1 4335.593
2015 09 05 12 30 00 1 4335.594
2015 09 05 12 45 00 1 4335.600
2015 09 05 13 00 00 1 4335.606
2015 09 05 13 15 00 1 4335.613
2015 09 05 13 30 00 1 4335.620
2015 09 05 13 45 00 1 4335.626
2015 09 05 14 00 00 1 4335.640
2015 09 05 14 15 00 1 4335.651
2015 09 05 14 30 00 1 4335.657
2015 09 05 14 45 00 1 4335.669
2015 09 05 15 00 00 1 4335.681
2015 09 05 15 15 00 1 4335.691
2015 09 05 15 30 00 1 4335.701
2015 09 05 15 45 00 1 4335.707
2015 09 05 16 00 00 1 4335.711
2015 09 05 16 15 00 1 4335.716
2015 09 05 16 30 00 1 4335.721
2015 09 05 16 45 00 1 4335.722
2015 09 05 17 00 00 1 4335.720
2015 09 05 17 15 00 1 4335.721
2015 09 05 17 30 00 1 4335.719
2015 09 05 17 45 00 1 4335.715
2015 09 05 18 00 00 1 4335.708
2015 09 05 18 15 00 1 4335.700
2015 09 05 18 30 00 1 4335.692
2015 09 05 18 45 00 1 4335.676
2015 09 05 19 00 00 1 4335.664
2015 09 05 19 15 00 1 4335.643
2015 09 05 19 30 00 1 4335.633
2015 09 05 19 45 00 1 4335.614
2015 09 05 20 00 00 1 4335.597
2015 09 05 20 15 00 1 4335.582
2015 09 05 20 30 00 1 4335.566
2015 09 05 20 45 00 1 4335.549
2015 09 05 21 00 00 1 4335.533
2015 09 05 21 15 00 1 4335.513
2015 09 05 21 30 00 1 4335.498
2015 09 05 21 45 00 1 4335.487
2015 09 05 22 00 00 1 4335.471
2015 09 05 22 15 00 1 4335.466
2015 09 05 22 30 00 1 4335.455
2015 09 05 22 45 00 1 4335.451
2015 09 05 23 00 00 1 4335.446
2015 09 05 23 15 00 1 4335.445
2015 09 05 23 30 00 1 4335.448
2015 09 05 23 45 00 1 4335.450
2015 09 06 00 00 00 1 4335.456
2015 09 06 00 15 00 1 4335.467
2015 09 06 00 30 00 1 4335.483
2015 09 06 00 45 00 1 4335.497
2015 09 06 01 00 00 1 4335.516
2015 09 06 01 15 00 1 4335.542
2015 09 06 01 30 00 1 4335.565
2015 09 06 01 45 00 1 4335.589
2015 09 06 02 00 00 1 4335.615
2015 09 06 02 15 00 1 4335.644
2015 09 06 02 30 00 1 4335.670
2015 09 06 02 45 00 1 4335.695
2015 09 06 03 00 00 1 4335.720
2015 09 06 03 15 00 1 4335.747
2015 09 06 03 30 00 1 4335.772
2015 09 06 03 45 00 1 4335.796
2015 09 06 04 00 00 1 4335.824
2015 09 06 04 15 00 1 4335.847
2015 09 06 04 30 00 1 4335.871
2015 09 06 04 45 00 1 4335.888
2015 09 06 05 00 00 1 4335.909
2015 09 06 05 15 00 1 4335.923
2015 09 06 05 30 00 1 4335.932
2015 09 06 05 45 00 1 4335.945
2015 09 06 06 00 00 1 4335.951
2015 09 06 06 15 00 1 4335.956
2015 09 06 06 30 00 1 4335.954
2015 09 06 06 45 00 1 4335.950
2015 09 06 07 00 00 1 4335.948
2015 09 06 07 15 00 1 4335.942
2015 09 06 07 30 00 1 4335.932
2015 09 06 07 45 00 1 4335.918
2015 09 06 08 00 00 1 4335.903
2015 09 06 08 15 00 1 4335.889
2015 09 06 08 30 00 1 4335.869
2015 09 06 08 45 00 1 4335.848
2015 09 06 09 00 00 1 4335.826
2015 09 06 09 15 00 1 4335.810
2015 09 06 09 30 00 1 4335.785
2015 09 06 09 45 00 1 4335.763
2015 09 06 10 00 00 1 4335.745
2015 09 06 10 15 00 1 4335.722
2015 09 06 10 30 00 1 4335.699
2015 09 06 10 45 00 1 4335.682
2015 09 06 11 00 00 1 4335.664
2015 09 06 11 15 00 1 4335.648
2015 09 06 11 30 00 1 4335.633
2015 09 06 11 45 00 1 4335.618
2015 09 06 12 00 00 1 4335.608
2015 09 06 12 15 00 1 4335.598
2015 09 06 12 30 00 1 4335.593
2015 09 06 12 45 00 1 4335.585
2015 09 06 13 00 00 1 4335.579
2015 09 06 13 15 00 1 4335.575
2015 09 06 13 30 00 1 4335.572
2015 09 06 13 45 00 1 4335.579
2015 09 06 14 00 00 1 4335.585
2015 09 06 14 15 00 1 4335.586
2015 09 06 14 30 00 1 4335.594
2015 09 06 14 45 00 1 4335.603
2015 09 06 15 00 00 1 4335.610
2015 09 06 15 15 00 1 4335.624
2015 09 06 15 30 00 1 4335.631
2015 09 06 15 45 00 1 4335.640
2015 09 06 16 00 00 1 4335.655
2015 09 06 16 15 00 1 4335.664
2015 09 06 16 30 00 1 4335.673
2015 09 06 16 45 00 1 4335.680
2015 09 06 17 00 00 1 4335.690
2015 09 06 17 15 00 1 4335.697
2015 09 06 17 30 00 1 4335.702
2015 09 06 17 45 00 1 4335.705
2015 09 06 18 00 00 1 4335.708
2015 09 06 18 15 00 1 4335.714
2015 09 06 18 30 00 1 4335.711
2015 09 06 18 45 00 1 4335.709
2015 09 06 19 00 00 1 4335.705
2015 09 06 19 15 00 1 4335.696
2015 09 06 19 30 00 1 4335.684
2015 09 06 19 45 00 1 4335.675
2015 09 06 20 00 00 1 4335.661
2015 09 06 20 15 00 1 4335.646
2015 09 06 20 30 00 1 4335.627
2015 09 06 20 45 00 1 4335.616
2015 09 06 21 00 00 1 4335.598
2015 09 06 21 15 00 1 4335.582
2015 09 06 21 30 00 1 4335.560
2015 09 06 21 45 00 1 4335.544
2015 09 06 22 00 00 1 4335.530
2015 09 06 22 15 00 1 4335.512
2015 09 06 22 30 00 1 4335.501
2015 09 06 22 45 00 1 4335.489
2015 09 06 23 00 00 1 4335.481
2015 09 06 23 15 00 1 4335.471
2015 09 06 23 30 00 1 4335.463
2015 09 06 23 45 00 1 4335.455
2015 09 07 00 00 00 1 4335.451
2015 09 07 00 15 00 1 4335.455
2015 09 07 00 30 00 1 4335.461
2015 09 07 00 45 00 1 4335.466
2015 09 07 01 00 00 1 4335.474
2015 09 07 01 15 00 1 4335.484
2015 09 07 01 30 00 1 4335.496
2015 09 07 01 45 00 1 4335.515
2015 09 07 02 00 00 1 4335.533
2015 09 07 02 15 00 1 4335.554
2015 09 07 02 30 00 1 4335.578
2015 09 07 02 45 00 1 4335.603
2015 09 07 03 00 00 1 4335.628
2015 09 07 03 15 00 1 4335.656
2015 09 07 03 30 00 1 4335.685
2015 09 07 03 45 00 1 4335.708
2015 09 07 04 00 00 1 4335.740
2015 09 07 04 15 00 1 4335.764
2015 09 07 04 30 00 1 4335.796
2015 09 07 04 45 00 1 4335.820
2015 09 07 05 00 00 1 4335.843
2015 09 07 05 15 00 1 4335.869
2015 09 07 05 30 00 1 4335.890
2015 09 07 05 45 00 1 4335.904
2015 09 07 06 00 00 1 4335.925
2015 09 07 06 15 00 1 4335.936
2015 09 07 06 30 00 1 4335.946
2015 09 07 06 45 00 1 4335.954
2015 09 07 07 00 00 1 4335.961
2015 09 07 07 15 00 1 4335.962
2015 09 07 07 30 00 1 4335.967
2015 09 07 07 45 00 1 4335.963
2015 09 07 08 00 00 1 4335.959
2015 09 07 08 15 00 1 4335.950
2015 09 07 08 30 00 1 4335.937
2015 09 07 08 45 00 1 4335.926
2015 09 07 09 00 00 1 4335.907
2015 09 07 09 15 00 1 4335.891
2015 09 07 09 30 00 1 4335.871
2015 09 07 09 45 00 1 4335.846
2015 09 07 10 00 00 1 4335.825
2015 09 07 10 15 00 1 4335.805
2015 09 07 10 30 00 1 4335.785
2015 09 07 10 45 00 1 4335.759
2015 09 07 11 00 00 1 4335.736
2015 09 07 11 15 00 1 4335.717
2015 09 07 11 30 00 1 4335.694
2015 09 07 11 45 00 1 4335.676
2015 09 07 12 00 00 1 4335.659
2015 09 07 12 15 00 1 4335.639
2015 09 07 12 30 00 1 4335.621
2015 09 07 12 45 00 1 4335.608
2015 09 07 13 00 00 1 4335.591
2015 09 07 13 15 00 1 4335.579
2015 09 07 13 30 00 1 4335.574
2015 09 07 13 45 00 1 4335.567
2015 09 07 14 00 00 1 4335.565
2015 09 07 14 15 00 1 4335.565
2015 09 07 14 30 00 1 4335.563
2015 09 07 14 45 00 1 4335.569
2015 09 07 15 00 00 1 4335.576
2015 09 07 15 15 00 1 4335.582
2015 09 07 15 30 00 1 4335.594
2015 09 07 15 45 00 1 4335.604
2015 09 07 16 00 00 1 4335.615
2015 09 07 16 15 00 1 4335.627
2015 09 07 16 30 00 1 4335.634
2015 09 07 16 45 00 1 4335.649
2015 09 07 17 00 00 1 4335.662
2015 09 07 17 15 00 1 4335.671
2015 09 07 17 30 00 1 4335.686
2015 09 07 17 45 00 1 4335.694
2015 09 07 18 00 00 1 4335.700
2015 09 07 18 15 00 1 4335.708
2015 09 07 18 30 00 1 4335.714
2015 09 07 18 45 00 1 4335.716
2015 09 07 19 00 00 1 4335.716
2015 09 07 19 15 00 1 4335.720
2015 09 07 19 30 00 1 4335.716
2015 09 07 19 45 00 1 4335.712
2015 09 07 20 00 00 1 4335.709
2015 09 07 20 15 00 1 4335.701
2015 09 07 20 30 00 1 4335.692
2015 09 07 20 45 00 1 4335.681
2015 09 07 21 00 00 1 4335.668
2015 09 07 21 15 00 1 4335.656
2015 09 07 21 30 00 1 4335.641
2015 09 07 21 45 00 1 4335.622
2015 09 07 22 00 00 1 4335.602
2015 09 07 22 15 00 1 4335.586
2015 09 07 22 30 00 1 4335.569
2015 09 07 22 45 00 1 4335.548
2015 09 07 23 00 00 1 4335.530
2015 09 07 23 15 00 1 4335.513
2015 09 07 23 30 00 1 4335.501
2015 09 07 23 45 00 1 4335.486
2015 09 08 00 00 00 1 4335.476
2015 09 08 00 15 00 1 4335.467
2015 09 08 00 30 00 1 4335.462
2015 09 08 00 45 00 1 4335.457
2015 09 08 01 00 00 1 4335.455
2015 09 08 01 15 00 1 4335.454
2015 09 08 01 30 00 1 4335.459
2015 09 08 01 45 00 1 4335.468
2015 09 08 02 00 00 1 4335.480
2015 09 08 02 15 00 1 4335.490
2015 09 08 02 30 00 1 4335.505
2015 09 08 02 45 00 1 4335.521
2015 09 08 03 00 00 1 4335.545
2015 09 08 03 15 00 1 4335.568
2015 09 08 03 30 00 1 4335.595
2015 09 08 03 45 00 1 4335.616
2015 09 08 04 00 00 1 4335.645
2015 09 08 04 15 00 1 4335.675
2015 09 08 04 30 00 1 4335.705
2015 09 08 04 45 00 1 4335.733
2015 09 08 05 00 00 1 4335.764
2015 09 08 05 15 00 1 9999.000
2015 09 08 05 30 00 1 9999.000
2015 09 08 05 45 00 1 9999.000
2015 09 08 06 00 00 1 9999.000
2015 09 08 06 15 00 1 4335.896
2015 09 08 06 30 00 1 4335.916
2015 09 08 06 45 00 1 4335.933
2015 09 08 07 00 00 1 4335.944
2015 09 08 07 15 00 1 4335.956
2015 09 08 07 30 00 1 4335.969
2015 09 08 07 45 00 1 4335.975
2015 09 08 08 00 00 1 4335.982
2015 09 08 08 15 00 1 4335.982
2015 09 08 08 30 00 1 4335.981
2015 09 08 08 45 00 1 4335.976
2015 09 08 09 00 00 1 4335.966
2015 09 08 09 15 00 1 4335.951
2015 09 08 09 30 00 1 4335.936
2015 09 08 09 45 00 1 4335.918
2015 09 08 10 00 00 1 4335.898
2015 09 08 10 15 00 1 4335.876
2015 09 08 10 30 00 1 4335.856
2015 09 08 10 45 00 1 4335.832
2015 09 08 11 00 00 1 4335.809
2015 09 08 11 15 00 1 4335.788
2015 09 08 11 30 00 1 4335.763
2015 09 08 11 45 00 1 4335.738
2015 09 08 12 00 00 1 4335.715
2015 09 08 12 15 00 1 4335.689
2015 09 08 12 30 00 1 4335.668
2015 09 08 12 45 00 1 4335.649
2015 09 08 13 00 00 1 4335.628
2015 09 08 13 15 00 1 4335.608
2015 09 08 13 30 00 1 4335.591
2015 09 08 13 45 00 1 4335.578
2015 09 08 14 00 00 1 4335.566
2015 09 08 14 15 00 1 4335.556
2015 09 08 14 30 00 1 4335.551
2015 09 08 14 45 00 1 4335.548
2015 09 08 15 00 00 1 4335.552
2015 09 08 15 15 00 1 4335.549
2015 09 08 15 30 00 1 4335.554
2015 09 08 15 45 00 1 4335.562
2015 09 08 16 00 00 1 4335.571
2015 09 08 16 15 00 1 4335.580
2015 09 08 16 30 00 1 4335.593
2015 09 08 16 45 00 1 4335.607
2015 09 08 17 00 00 1 4335.624
2015 09 08 17 15 00 1 4335.635
2015 09 08 17 30 00 1 4335.647
2015 09 08 17 45 00 1 4335.659
2015 09 08 18 00 00 1 4335.675
2015 09 08 18 15 00 1 4335.688
2015 09 08 18 30 00 1 4335.699
2015 09 08 18 45 00 1 4335.709
2015 09 08 19 00 00 1 4335.720
2015 09 08 19 15 00 1 4335.725
2015 09 08 19 30 00 1 4335.730
2015 09 08 19 45 00 1 4335.733
2015 09 08 20 00 00 1 4335.734
2015 09 08 20 15 00 1 4335.732
2015 09 08 20 30 00 1 4335.728
2015 09 08 20 45 00 1 4335.723
2015 09 08 21 00 00 1 4335.717
2015 09 08 21 15 00 1 4335.712
2015 09 08 21 30 00 1 4335.698
2015 09 08 21 45 00 1 4335.682
2015 09 08 22 00 00 1 4335.668
2015 09 08 22 15 00 1 4335.650
2015 09 08 22 30 00 1 4335.633
2015 09 08 22 45 00 1 4335.613
2015 09 08 23 00 00 1 4335.592
2015 09 08 23 15 00 1 4335.571
2015 09 08 23 30 00 1 4335.555
2015 09 08 23 45 00 1 4335.539
2015 09 09 00 00 00 1 4335.520
2015 09 09 00 15 00 1 4335.505
2015 09 09 00 30 00 1 4335.490
2015 09 09 00 45 00 1 4335.483
2015 09 09 01 00 00 1 4335.474
2015 09 09 01 15 00 1 4335.469
2015 09 09 01 30 00 1 4335.465
2015 09 09 01 45 00 1 4335.465
2015 09 09 02 00 00 1 4335.464
2015 09 09 02 15 00 1 4335.469
2015 09 09 02 30 00 1 4335.474
2015 09 09 02 45 00 1 4335.485
2015 09 09 03 00 00 1 4335.501
2015 09 09 03 15 00 1 4335.515
2015 09 09 03 30 00 1 4335.531
2015 09 09 03 45 00 1 4335.553
2015 09 09 04 00 00 1 4335.579
2015 09 09 04 15 00 1 4335.602
2015 09 09 04 30 00 1 4335.631
2015 09 09 04 45 00 1 4335.659
2015 09 09 05 00 00 1 4335.688
2015 09 09 05 15 00 1 4335.721
2015 09 09 05 30 00 1 4335.750
2015 09 09 05 45 00 1 4335.780
2015 09 09 06 00 00 1 4335.807
2015 09 09 06 15 00 1 4335.839
2015 09 09 06 30 00 1 4335.866
2015 09 09 06 45 00 1 4335.893
2015 09 09 07 00 00 1 4335.915
2015 09 09 07 15 00 1 4335.934
2015 09 09 07 30 00 1 4335.952
2015 09 09 07 45 00 1 4335.963
2015 09 09 08 00 00 1 4335.973
2015 09 09 08 15 00 1 4335.981
2015 09 09 08 30 00 1 4335.985
2015 09 09 08 45 00 1 4335.989
2015 09 09 09 00 00 1 4335.988
2015 09 09 09 15 00 1 4335.982
2015 09 09 09 30 00 1 4335.975
2015 09 09 09 45 00 1 4335.966
2015 09 09 10 00 00 1 4335.954
2015 09 09 10 15 00 1 4335.937
2015 09 09 10 30 00 1 4335.919
2015 09 09 10 45 00 1 4335.897
2015 09 09 11 00 00 1 4335.876
2015 09 09 11 15 00 1 4335.849
2015 09 09 11 30 00 1 4335.827
2015 09 09 11 45 00 1 4335.803
2015 09 09 12 00 00 1 4335.776
2015 09 09 12 15 00 1 4335.750
2015 09 09 12 30 00 1 4335.725
2015 09 09 12 45 00 1 4335.702
2015 09 09 13 00 00 1 4335.676
2015 09 09 13 15 00 1 4335.655
2015 09 09 13 30 00 1 4335.635
2015 09 09 13 45 00 1 4335.613
2015 09 09 14 00 00 1 4335.594
2015 09 09 14 15 00 1 4335.580
2015 09 09 14 30 00 1 4335.564
2015 09 09 14 45 00 1 4335.554
2015 09 09 15 00 00 1 4335.545
2015 09 09 15 15 00 1 4335.539
2015 09 09 15 30 00 1 4335.542
2015 09 09 15 45 00 1 4335.541
2015 09 09 16 00 00 1 4335.543
2015 09 09 16 15 00 1 4335.547
2015 09 09 16 30 00 1 4335.559
2015 09 09 16 45 00 1 4335.574
2015 09 09 17 00 00 1 4335.586
2015 09 09 17 15 00 1 4335.601
2015 09 09 17 30 00 1 4335.612
2015 09 09 17 45 00 1 4335.627
2015 09 09 18 00 00 1 4335.648
2015 09 09 18 15 00 1 4335.665
2015 09 09 18 30 00 1 4335.679
2015 09 09 18 45 00 1 4335.692
2015 09 09 19 00 00 1 4335.708
2015 09 09 19 15 00 1 4335.720
2015 09 09 19 30 00 1 4335.728
2015 09 09 19 45 00 1 4335.734
2015 09 09 20 00 00 1 4335.741
2015 09 09 20 15 00 1 4335.746
2015 09 09 20 30 00 1 4335.744
2015 09 09 20 45 00 1 4335.745
2015 09 09 21 00 00 1 4335.744
2015 09 09 21 15 00 1 4335.743
2015 09 09 21 30 00 1 4335.736
2015 09 09 21 45 00 1 4335.727
2015 09 09 22 00 00 1 4335.716
2015 09 09 22 15 00 1 4335.701
2015 09 09 22 30 00 1 4335.685
2015 09 09 22 45 00 1 4335.669
2015 09 09 23 00 00 1 4335.651
2015 09 09 23 15 00 1 4335.629
2015 09 09 23 30 00 1 4335.607
2015 09 09 23 45 00 1 4335.586
2015 09 10 00 00 00 1 4335.569
2015 09 10 00 15 00 1 4335.549
2015 09 10 00 30 00 1 4335.532
2015 09 10 00 45 00 1 4335.517
2015 09 10 01 00 00 1 4335.502
2015 09 10 01 15 00 1 4335.489
2015 09 10 01 30 00 1 4335.477
2015 09 10 01 45 00 1 4335.467
2015 09 10 02 00 00 1 4335.461
2015 09 10 02 15 00 1 4335.458
2015 09 10 02 30 00 1 4335.453
2015 09 10 02 45 00 1 4335.456
2015 09 10 03 00 00 1 4335.456
2015 09 10 03 15 00 1 4335.464
2015 09 10 03 30 00 1 4335.472
2015 09 10 03 45 00 1 4335.487
2015 09 10 04 00 00 1 4335.503
2015 09 10 04 15 00 1 4335.520
2015 09 10 04 30 00 1 4335.541
2015 09 10 04 45 00 1 4335.566
2015 09 10 05 00 00 1 4335.595
2015 09 10 05 15 00 1 4335.628
2015 09 10 05 30 00 1 4335.659
2015 09 10 05 45 00 1 4335.688
2015 09 10 06 00 00 1 4335.716
2015 09 10 06 15 00 1 4335.745
2015 09 10 06 30 00 1 4335.771
2015 09 10 06 45 00 1 4335.800
2015 09 10 07 00 00 1 4335.828
2015 09 10 07 15 00 1 4335.857
2015 09 10 07 30 00 1 4335.880
2015 09 10 07 45 00 1 4335.901
2015 09 10 08 00 00 1 4335.920
2015 09 10 08 15 00 1 4335.937
2015 09 10 08 30 00 1 4335.953
2015 09 10 08 45 00 1 4335.965
2015 09 10 09 00 00 1 4335.970
2015 09 10 09 15 00 1 4335.970
2015 09 10 09 30 00 1 4335.973
2015 09 10 09 45 00 1 4335.969
2015 09 10 10 00 00 1 4335.961
2015 09 10 10 15 00 1 4335.953
2015 09 10 10 30 00 1 4335.941
2015 09 10 10 45 00 1 4335.927
2015 09 10 11 00 00 1 4335.911
2015 09 10 11 15 00 1 4335.890
2015 09 10 11 30 00 1 4335.871
2015 09 10 11 45 00 1 4335.847
2015 09 10 12 00 00 1 4335.817
2015 09 10 12 15 00 1 4335.791
2015 09 10 12 30 00 1 4335.764
2015 09 10 12 45 00 1 4335.738
2015 09 10 13 00 00 1 4335.709
2015 09 10 13 15 00 1 4335.685
2015 09 10 13 30 00 1 4335.659
2015 09 10 13 45 00 1 4335.633
2015 09 10 14 00 00 1 4335.612
2015 09 10 14 15 00 1 4335.590
2015 09 10 14 30 00 1 4335.576
2015 09 10 14 45 00 1 4335.562
2015 09 10 15 00 00 1 4335.547
2015 09 10 15 15 00 1 4335.537
2015 09 10 15 30 00 1 4335.528
2015 09 10 15 45 00 1 4335.523
2015 09 10 16 00 00 1 4335.523
2015 09 10 16 15 00 1 4335.524
2015 09 10 16 30 00 1 4335.525
2015 09 10 16 45 00 1 4335.530
2015 09 10 17 00 00 1 4335.535
2015 09 10 17 15 00 1 4335.549
2015 09 10 17 30 00 1 4335.561
2015 09 10 17 45 00 1 4335.573
2015 09 10 18 00 00 1 4335.590
2015 09 10 18 15 00 1 4335.605
2015 09 10 18 30 00 1 4335.623
2015 09 10 18 45 00 1 4335.639
2015 09 10 19 00 00 1 4335.654
2015 09 10 19 15 00 1 4335.671
2015 09 10 19 30 00 1 4335.687
2015 09 10 19 45 00 1 4335.699
2015 09 10 20 00 00 1 4335.712
2015 09 10 20 15 00 1 4335.721
2015 09 10 20 30 00 1 4335.729
2015 09 10 20 45 00 1 4335.735
2015 09 10 21 00 00 1 4335.739
2015 09 10 21 15 00 1 4335.743
2015 09 10 21 30 00 1 4335.744
2015 09 10 21 45 00 1 4335.744
2015 09 10 22 00 00 1 4335.740
2015 09 10 22 15 00 1 4335.732
2015 09 10 22 30 00 1 4335.725
2015 09 10 22 45 00 1 4335.713
2015 09 10 23 00 00 1 4335.698
2015 09 10 23 15 00 1 4335.683
2015 09 10 23 30 00 1 4335.662
2015 09 10 23 45 00 1 4335.643
2015 09 11 00 00 00 1 4335.625
2015 09 11 00 15 00 1 4335.604
2015 09 11 00 30 00 1 4335.584
2015 09 11 00 45 00 1 4335.564
2015 09 11 01 00 00 1 4335.544
2015 09 11 01 15 00 1 4335.527
2015 09 11 01 30 00 1 4335.510
2015 09 11 01 45 00 1 4335.497
2015 09 11 02 00 00 1 4335.486
2015 09 11 02 15 00 1 4335.477
2015 09 11 02 30 00 1 4335.465
2015 09 11 02 45 00 1 4335.461
2015 09 11 03 00 00 1 4335.455
2015 09 11 03 15 00 1 4335.454
2015 09 11 03 30 00 1 4335.453
2015 09 11 03 45 00 1 4335.454
2015 09 11 04 00 00 1 4335.464
2015 09 11 04 15 00 1 4335.479
2015 09 11 04 30 00 1 4335.495
2015 09 11 04 45 00 1 4335.513
2015 09 11 05 00 00 1 4335.532
2015 09 11 05 15 00 1 4335.555
2015 09 11 05 30 00 1 4335.577
2015 09 11 05 45 00 1 4335.604
2015 09 11 06 00 00 1 4335.631
2015 09 11 06 15 00 1 4335.660
2015 09 11 06 30 00 1 4335.691
2015 09 11 06 45 00 1 4335.720
2015 09 11 07 00 00 1 4335.748
2015 09 11 07 15 00 1 4335.777
2015 09 11 07 30 00 1 4335.807
2015 09 11 07 45 00 1 4335.833
2015 09 11 08 00 00 1 4335.858
2015 09 11 08 15 00 1 4335.878
2015 09 11 08 30 00 1 4335.896
2015 09 11 08 45 00 1 4335.914
2015 09 11 09 00 00 1 4335.933
2015 09 11 09 15 00 1 4335.939
2015 09 11 09 30 00 1 4335.947
2015 09 11 09 45 00 1 4335.954
2015 09 11 10 00 00 1 4335.952
2015 09 11 10 15 00 1 4335.952
2015 09 11 10 30 00 1 4335.948
2015 09 11 10 45 00 1 4335.942
2015 09 11 11 00 00 1 4335.933
2015 09 11 11 15 00 1 4335.918
2015 09 11 11 30 00 1 4335.901
2015 09 11 11 45 00 1 4335.887
2015 09 11 12 00 00 1 4335.865
2015 09 11 12 15 00 1 4335.846
2015 09 11 12 30 00 1 4335.815
2015 09 11 12 45 00 1 4335.792
2015 09 11 13 00 00 1 4335.767
2015 09 11 13 15 00 1 4335.740
2015 09 11 13 30 00 1 4335.713
2015 09 11 13 45 00 1 4335.685
2015 09 11 14 00 00 1 4335.664
2015 09 11 14 15 00 1 4335.638
2015 09 11 14 30 00 1 4335.617
2015 09 11 14 45 00 1 4335.600
2015 09 11 15 00 00 1 4335.582
2015 09 11 15 15 00 1 4335.570
2015 09 11 15 30 00 1 4335.561
2015 09 11 15 45 00 1 4335.548
2015 09 11 16 00 00 1 4335.540
2015 09 11 16 15 00 1 4335.535
2015 09 11 16 30 00 1 4335.531
2015 09 11 16 45 00 1 4335.529
2015 09 11 17 00 00 1 4335.535
2015 09 11 17 15 00 1 4335.545
2015 09 11 17 30 00 1 4335.552
2015 09 11 17 45 00 1 4335.565
2015 09 11 18 00 00 1 4335.575
2015 09 11 18 15 00 1 4335.592
2015 09 11 18 30 00 1 4335.609
2015 09 11 18 45 00 1 4335.626
2015 09 11 19 00 00 1 4335.642
2015 09 11 19 15 00 1 4335.659
2015 09 11 19 30 00 1 4335.674
2015 09 11 19 45 00 1 4335.690
2015 09 11 20 00 00 1 4335.706
2015 09 11 20 15 00 1 4335.721
2015 09 11 20 30 00 1 4335.733
2015 09 11 20 45 00 1 4335.748
2015 09 11 21 00 00 1 4335.757
2015 09 11 21 15 00 1 4335.766
2015 09 11 21 30 00 1 4335.770
2015 09 11 21 45 00 1 4335.774
2015 09 11 22 00 00 1 4335.780
2015 09 11 22 15 00 1 4335.777
2015 09 11 22 30 00 1 4335.772
2015 09 11 22 45 00 1 4335.763
2015 09 11 23 00 00 1 4335.754
2015 09 11 23 15 00 1 4335.743
2015 09 11 23 30 00 1 4335.728
2015 09 11 23 45 00 1 4335.713
2015 09 12 00 00 00 1 4335.698
2015 09 12 00 15 00 1 4335.679
2015 09 12 00 30 00 1 4335.661
2015 09 12 00 45 00 1 4335.638
2015 09 12 01 00 00 1 4335.620
2015 09 12 01 15 00 1 4335.603
2015 09 12 01 30 00 1 4335.585
2015 09 12 01 45 00 1 4335.568
2015 09 12 02 00 00 1 4335.549
2015 09 12 02 15 00 1 4335.534
2015 09 12 02 30 00 1 4335.519
2015 09 12 02 45 00 1 4335.506
2015 09 12 03 00 00 1 4335.496
2015 09 12 03 15 00 1 4335.489
2015 09 12 03 30 00 1 4335.484
2015 09 12 03 45 00 1 4335.481
2015 09 12 04 00 00 1 4335.483
2015 09 12 04 15 00 1 4335.485
2015 09 12 04 30 00 1 4335.494
2015 09 12 04 45 00 1 4335.501
2015 09 12 05 00 00 1 4335.515
2015 09 12 05 15 00 1 4335.529
2015 09 12 05 30 00 1 4335.546
2015 09 12 05 45 00 1 4335.567
2015 09 12 06 00 00 1 4335.590
2015 09 12 06 15 00 1 4335.617
2015 09 12 06 30 00 1 4335.643
2015 09 12 06 45 00 1 4335.670
2015 09 12 07 00 00 1 4335.696
2015 09 12 07 15 00 1 4335.729
2015 09 12 07 30 00 1 4335.758
2015 09 12 07 45 00 1 4335.788
2015 09 12 08 00 00 1 4335.813
2015 09 12 08 15 00 1 4335.838
2015 09 12 08 30 00 1 4335.863
2015 09 12 08 45 00 1 4335.884
2015 09 12 09 00 00 1 4335.899
2015 09 12 09 15 00 1 4335.918
2015 09 12 09 30 00 1 4335.932
2015 09 12 09 45 00 1 4335.942
2015 09 12 10 00 00 1 4335.951
2015 09 12 10 15 00 1 4335.956
2015 09 12 10 30 00 1 4335.957
2015 09 12 10 45 00 1 4335.954
2015 09 12 11 00 00 1 4335.950
2015 09 12 11 15 00 1 4335.939
2015 09 12 11 30 00 1 4335.927
2015 09 12 11 45 00 1 4335.918
2015 09 12 12 00 00 1 4335.902
2015 09 12 12 15 00 1 4335.884
2015 09 12 12 30 00 1 4335.868
2015 09 12 12 45 00 1 4335.842
2015 09 12 13 00 00 1 4335.818
2015 09 12 13 15 00 1 4335.792
2015 09 12 13 30 00 1 4335.766
2015 09 12 13 45 00 1 4335.741
2015 09 12 14 00 00 1 4335.719
2015 09 12 14 15 00 1 4335.696
2015 09 12 14 30 00 1 4335.675
2015 09 12 14 45 00 1 4335.658
2015 09 12 15 00 00 1 4335.639
2015 09 12 15 15 00 1 4335.621
2015 09 12 15 30 00 1 4335.608
2015 09 12 15 45 00 1 4335.592
2015 09 12 16 00 00 1 4335.578
2015 09 12 16 15 00 1 4335.565
2015 09 12 16 30 00 1 4335.560
2015 09 12 16 45 00 1 4335.558
2015 09 12 17 00 00 1 4335.557
2015 09 12 17 15 00 1 4335.558
2015 09 12 17 30 00 1 4335.560
2015 09 12 17 45 00 1 4335.567
2015 09 12 18 00 00 1 4335.573
2015 09 12 18 15 00 1 4335.582
2015 09 12 18 30 00 1 4335.595
2015 09 12 18 45 00 1 4335.609
2015 09 12 19 00 00 1 4335.623
2015 09 12 19 15 00 1 4335.638
2015 09 12 19 30 00 1 4335.652
2015 09 12 19 45 00 1 4335.668
2015 09 12 20 00 00 1 4335.687
2015 09 12 20 15 00 1 4335.700
2015 09 12 20 30 00 1 4335.714
2015 09 12 20 45 00 1 4335.729
2015 09 12 21 00 00 1 4335.742
2015 09 12 21 15 00 1 4335.753
2015 09 12 21 30 00 1 4335.763
2015 09 12 21 45 00 1 4335.770
2015 09 12 22 00 00 1 4335.776
2015 09 12 22 15 00 1 4335.779
2015 09 12 22 30 00 1 4335.780
2015 09 12 22 45 00 1 4335.778
2015 09 12 23 00 00 1 4335.775
2015 09 12 23 15 00 1 4335.772
2015 09 12 23 30 00 1 4335.765
2015 09 12 23 45 00 1 4335.754
2015 09 13 00 00 00 1 4335.738
2015 09 13 00 15 00 1 4335.728
2015 09 13 00 30 00 1 4335.713
2015 09 13 00 45 00 1 4335.700
2015 09 13 01 00 00 1 4335.684
2015 09 13 01 15 00 1 4335.665
2015 09 13 01 30 00 1 4335.648
2015 09 13 01 45 00 1 4335.630
2015 09 13 02 00 00 1 4335.614
2015 09 13 02 15 00 1 4335.599
2015 09 13 02 30 00 1 4335.578
2015 09 13 02 45 00 1 4335.563
2015 09 13 03 00 00 1 4335.549
2015 09 13 03 15 00 1 4335.537
2015 09 13 03 30 00 1 4335.527
2015 09 13 03 45 00 1 4335.521
2015 09 13 04 00 00 1 4335.516
2015 09 13 04 15 00 1 4335.512
2015 09 13 04 30 00 1 4335.512
2015 09 13 04 45 00 1 4335.513
2015 09 13 05 00 00 1 4335.520
2015 09 13 05 15 00 1 4335.529
2015 09 13 05 30 00 1 4335.538
2015 09 13 05 45 00 1 4335.550
2015 09 13 06 00 00 1 4335.559
2015 09 13 06 15 00 1 4335.582
2015 09 13 06 30 00 1 4335.600
2015 09 13 06 45 00 1 4335.623
2015 09 13 07 00 00 1 4335.646
2015 09 13 07 15 00 1 4335.672
2015 09 13 07 30 00 1 4335.695
2015 09 13 07 45 00 1 4335.723
2015 09 13 08 00 00 1 4335.752
2015 09 13 08 15 00 1 4335.777
2015 09 13 08 30 00 1 4335.800
2015 09 13 08 45 00 1 4335.820
2015 09 13 09 00 00 1 4335.839
2015 09 13 09 15 00 1 4335.861
2015 09 13 09 30 00 1 4335.878
2015 09 13 09 45 00 1 4335.889
2015 09 13 10 00 00 1 4335.901
2015 09 13 10 15 00 1 4335.912
2015 09 13 10 30 00 1 4335.919
2015 09 13 10 45 00 1 4335.924
2015 09 13 11 00 00 1 4335.927
2015 09 13 11 15 00 1 4335.927
2015 09 13 11 30 00 1 4335.924
2015 09 13 11 45 00 1 4335.922
2015 09 13 12 00 00 1 4335.910
2015 09 13 12 15 00 1 4335.895
2015 09 13 12 30 00 1 4335.881
2015 09 13 12 45 00 1 4335.862
2015 09 13 13 00 00 1 4335.839
2015 09 13 13 15 00 1 4335.818
2015 09 13 13 30 00 1 4335.796
2015 09 13 13 45 00 1 4335.773
2015 09 13 14 00 00 1 4335.751
2015 09 13 14 15 00 1 4335.729
2015 09 13 14 30 00 1 4335.705
2015 09 13 14 45 00 1 4335.679
2015 09 13 15 00 00 1 4335.660
2015 09 13 15 15 00 1 4335.643
2015 09 13 15 30 00 1 4335.626
2015 09 13 15 45 00 1 4335.611
2015 09 13 16 00 00 1 4335.596
2015 09 13 16 15 00 1 4335.580
2015 09 13 16 30 00 1 4335.567
2015 09 13 16 45 00 1 4335.560
2015 09 13 17 00 00 1 4335.554
2015 09 13 17 15 00 1 4335.550
2015 09 13 17 30 00 1 4335.550
2015 09 13 17 45 00 1 4335.552
2015 09 13 18 00 00 1 4335.557
2015 09 13 18 15 00 1 4335.566
2015 09 13 18 30 00 1 4335.575
2015 09 13 18 45 00 1 4335.585
2015 09 13 19 00 00 1 4335.593
2015 09 13 19 15 00 1 4335.603
2015 09 13 19 30 00 1 4335.619
2015 09 13 19 45 00 1 4335.634
2015 09 13 20 00 00 1 4335.648
2015 09 13 20 15 00 1 4335.666
2015 09 13 20 30 00 1 4335.682
2015 09 13 20 45 00 1 4335.694
2015 09 13 21 00 00 1 4335.710
2015 09 13 21 15 00 1 4335.724
2015 09 13 21 30 00 1 4335.734
2015 09 13 21 45 00 1 4335.746
2015 09 13 22 00 00 1 4335.757
2015 09 13 22 15 00 1 4335.763
2015 09 13 22 30 00 1 4335.769
2015 09 13 22 45 00 1 4335.774
2015 09 13 23 00 00 1 4335.774
2015 09 13 23 15 00 1 4335.774
2015 09 13 23 30 00 1 4335.772
2015 09 13 23 45 00 1 4335.768
2015 09 14 00 00 00 1 4335.763
2015 09 14 00 15 00 1 4335.754
2015 09 14 00 30 00 1 4335.743
2015 09 14 00 45 00 1 4335.729
2015 09 14 01 00 00 1 4335.717
2015 09 14 01 15 00 1 4335.700
2015 09 14 01 30 00 1 4335.683
2015 09 14 01 45 00 1 4335.667
2015 09 14 02 00 00 1 4335.651
2015 09 14 02 15 00 1 4335.634
2015 09 14 02 30 00 1 4335.618
2015 09 14 02 45 00 1 4335.603
2015 09 14 03 00 00 1 4335.587
2015 09 14 03 15 00 1 4335.571
2015 09 14 03 30 00 1 4335.558
2015 09 14 03 45 00 1 4335.547
2015 09 14 04 00 00 1 4335.540
2015 09 14 04 15 00 1 4335.529
2015 09 14 04 30 00 1 4335.522
2015 09 14 04 45 00 1 4335.518
2015 09 14 05 00 00 1 4335.518
2015 09 14 05 15 00 1 4335.521
2015 09 14 05 30 00 1 4335.526
2015 09 14 05 45 00 1 4335.528
2015 09 14 06 00 00 1 4335.535
2015 09 14 06 15 00 1 4335.542
2015 09 14 06 30 00 1 4335.558
2015 09 14 06 45 00 1 4335.572
2015 09 14 07 00 00 1 4335.587
2015 09 14 07 15 00 1 4335.608
2015 09 14 07 30 00 1 4335.632
2015 09 14 07 45 00 1 4335.652
2015 09 14 08 00 00 1 4335.676
2015 09 14 08 15 00 1 4335.697
2015 09 14 08 30 00 1 4335.718
2015 09 14 08 45 00 1 4335.737
2015 09 14 09 00 00 1 4335.758
2015 09 14 09 15 00 1 4335.780
2015 09 14 09 30 00 1 4335.796
2015 09 14 09 45 00 1 4335.815
2015 09 14 10 00 00 1 4335.832
2015 09 14 10 15 00 1 4335.846
2015 09 14 10 30 00 1 4335.856
2015 09 14 10 45 00 1 4335.867
2015 09 14 11 00 00 1 4335.871
2015 09 14 11 15 00 1 4335.875
2015 09 14 11 30 00 1 4335.878
2015 09 14 11 45 00 1 4335.877
2015 09 14 12 00 00 1 4335.867
2015 09 14 12 15 00 1 4335.859
2015 09 14 12 30 00 1 4335.848
2015 09 14 12 45 00 1 4335.837
2015 09 14 13 00 00 1 4335.824
2015 09 14 13 15 00 1 4335.808
2015 09 14 13 30 00 1 4335.790
2015 09 14 13 45 00 1 4335.771
2015 09 14 14 00 00 1 4335.749
2015 09 14 14 15 00 1 4335.727
2015 09 14 14 30 00 1 4335.708
2015 09 14 14 45 00 1 4335.689
2015 09 14 15 00 00 1 4335.664
2015 09 14 15 15 00 1 4335.647
2015 09 14 15 30 00 1 4335.629
2015 09 14 15 45 00 1 4335.614
2015 09 14 16 00 00 1 4335.600
2015 09 14 16 15 00 1 4335.586
2015 09 14 16 30 00 1 4335.576
2015 09 14 16 45 00 1 4335.561
2015 09 14 17 00 00 1 4335.555
2015 09 14 17 15 00 1 4335.549
2015 09 14 17 30 00 1 4335.546
2015 09 14 17 45 00 1 4335.546
2015 09 14 18 00 00 1 4335.549
2015 09 14 18 15 00 1 9999.000
2015 09 14 18 30 00 1 9999.000
2015 09 14 18 45 00 1 9999.000
2015 09 14 19 00 00 1 9999.000
2015 09 14 19 15 00 1 9999.000
2015 09 14 19 30 00 1 9999.000
2015 09 14 19 45 00 1 9999.000
2015 09 14 20 00 00 1 9999.000
2015 09 14 20 15 00 1 9999.000
2015 09 14 20 30 00 1 9999.000
2015 09 14 20 45 00 1 9999.000
2015 09 14 21 00 00 1 9999.000
2015 09 14 21 15 00 1 9999.000
2015 09 14 21 30 00 1 9999.000
2015 09 14 21 45 00 1 9999.000
2015 09 14 22 00 00 1 9999.000
2015 09 14 22 15 00 1 9999.000
2015 09 14 22 30 00 1 9999.000
2015 09 14 22 45 00 1 9999.000
2015 09 14 23 00 00 1 9999.000
2015 09 14 23 15 00 1 9999.000
2015 09 14 23 30 00 1 9999.000
2015 09 14 23 45 00 1 9999.000
2015 09 15 00 00 00 1 9999.000
2015 09 15 00 15 00 1 4335.767
2015 09 15 00 30 00 1 4335.763
2015 09 15 00 45 00 1 4335.754
2015 09 15 01 00 00 1 4335.750
2015 09 15 01 15 00 1 4335.740
2015 09 15 01 30 00 1 4335.730
2015 09 15 01 45 00 1 4335.714
2015 09 15 02 00 00 1 4335.701
2015 09 15 02 15 00 1 4335.686
2015 09 15 02 30 00 1 4335.667
2015 09 15 02 45 00 1 4335.651
2015 09 15 03 00 00 1 4335.633
2015 09 15 03 15 00 1 4335.620
2015 09 15 03 30 00 1 4335.607
2015 09 15 03 45 00 1 4335.594
2015 09 15 04 00 00 1 4335.582
2015 09 15 04 15 00 1 4335.568
2015 09 15 04 30 00 1 4335.561
2015 09 15 04 45 00 1 4335.554
2015 09 15 05 00 00 1 4335.550
2015 09 15 05 15 00 1 4335.542
2015 09 15 05 30 00 1 4335.542
2015 09 15 05 45 00 1 4335.539
2015 09 15 06 00 00 1 4335.543
2015 09 15 06 15 00 1 4335.550
2015 09 15 06 30 00 1 4335.557
2015 09 15 06 45 00 1 4335.564
2015 09 15 07 00 00 1 4335.577
2015 09 15 07 15 00 1 4335.587
2015 09 15 07 30 00 1 4335.599
2015 09 15 07 45 00 1 4335.615
2015 09 15 08 00 00 1 4335.631
2015 09 15 08 15 00 1 4335.650
2015 09 15 08 30 00 1 4335.666
2015 09 15 08 45 00 1 4335.685
2015 09 15 09 00 00 1 4335.700
2015 09 15 09 15 00 1 4335.719
2015 09 15 09 30 00 1 4335.733
2015 09 15 09 45 00 1 4335.749
2015 09 15 10 00 00 1 4335.766
2015 09 15 10 15 00 1 4335.779
2015 09 15 10 30 00 1 4335.793
2015 09 15 10 45 00 1 4335.806
2015 09 15 11 00 00 1 4335.815
2015 09 15 11 15 00 1 4335.824
2015 09 15 11 30 00 1 4335.830
2015 09 15 11 45 00 1 4335.831
2015 09 15 12 00 00 1 4335.827
2015 09 15 12 15 00 1 4335.825
2015 09 15 12 30 00 1 4335.817
2015 09 15 12 45 00 1 4335.809
2015 09 15 13 00 00 1 4335.796
2015 09 15 13 15 00 1 4335.787
2015 09 15 13 30 00 1 4335.773
2015 09 15 13 45 00 1 4335.757
2015 09 15 14 00 00 1 4335.738
2015 09 15 14 15 00 1 4335.719
2015 09 15 14 30 00 1 4335.701
2015 09 15 14 45 00 1 4335.681
2015 09 15 15 00 00 1 4335.665
2015 09 15 15 15 00 1 4335.648
2015 09 15 15 30 00 1 4335.632
2015 09 15 15 45 00 1 4335.613
2015 09 15 16 00 00 1 4335.599
2015 09 15 16 15 00 1 4335.585
2015 09 15 16 30 00 1 4335.571
2015 09 15 16 45 00 1 4335.559
2015 09 15 17 00 00 1 4335.549
2015 09 15 17 15 00 1 4335.541
2015 09 15 17 30 00 1 4335.537
2015 09 15 17 45 00 1 4335.534
2015 09 15 18 00 00 1 4335.533
2015 09 15 18 15 00 1 4335.531
2015 09 15 18 30 00 1 4335.535
2015 09 15 18 45 00 1 4335.537
2015 09 15 19 00 00 1 4335.542
2015 09 15 19 15 00 1 4335.549
2015 09 15 19 30 00 1 4335.561
2015 09 15 19 45 00 1 4335.572
2015 09 15 20 00 00 1 4335.580
2015 09 15 20 15 00 1 4335.592
2015 09 15 20 30 00 1 4335.606
2015 09 15 20 45 00 1 4335.619
2015 09 15 21 00 00 1 4335.633
2015 09 15 21 15 00 1 4335.644
2015 09 15 21 30 00 1 4335.662
2015 09 15 21 45 00 1 4335.676
2015 09 15 22 00 00 1 4335.690
2015 09 15 22 15 00 1 4335.702
2015 09 15 22 30 00 1 4335.712
2015 09 15 22 45 00 1 4335.724
2015 09 15 23 00 00 1 4335.734
2015 09 15 23 15 00 1 4335.742
2015 09 15 23 30 00 1 4335.746
2015 09 15 23 45 00 1 4335.753
2015 09 16 00 00 00 1 4335.756
2015 09 16 00 15 00 1 4335.759
2015 09 16 00 30 00 1 4335.759
2015 09 16 00 45 00 1 4335.755
2015 09 16 01 00 00 1 4335.753
2015 09 16 01 15 00 1 4335.748
2015 09 16 01 30 00 1 4335.739
2015 09 16 01 45 00 1 4335.731
2015 09 16 02 00 00 1 4335.720
2015 09 16 02 15 00 1 4335.709
2015 09 16 02 30 00 1 4335.698
2015 09 16 02 45 00 1 4335.686
2015 09 16 03 00 00 1 4335.675
2015 09 16 03 15 00 1 4335.660
2015 09 16 03 30 00 1 4335.645
2015 09 16 03 45 00 1 4335.627
2015 09 16 04 00 00 1 4335.616
2015 09 16 04 15 00 1 4335.605
2015 09 16 04 30 00 1 4335.593
2015 09 16 04 45 00 1 4335.587
2015 09 16 05 00 00 1 4335.581
2015 09 16 05 15 00 1 4335.573
2015 09 16 05 30 00 1 4335.568
2015 09 16 05 45 00 1 4335.564
2015 09 16 06 00 00 1 4335.561
2015 09 16 06 15 00 1 4335.557
2015 09 16 06 30 00 1 4335.558
2015 09 16 06 45 00 1 4335.563
2015 09 16 07 00 00 1 4335.570
2015 09 16 07 15 00 1 4335.579
2015 09 16 07 30 00 1 4335.586
2015 09 16 07 45 00 1 4335.594
2015 09 16 08 00 00 1 4335.606
2015 09 16 08 15 00 1 4335.621
2015 09 16 08 30 00 1 4335.634
2015 09 16 08 45 00 1 4335.649
2015 09 16 09 00 00 1 4335.664
2015 09 16 09 15 00 1 4335.679
2015 09 16 09 30 00 1 4335.694
2015 09 16 09 45 00 1 4335.712
2015 09 16 10 00 00 1 4335.725
2015 09 16 10 15 00 1 4335.735
2015 09 16 10 30 00 1 4335.747
2015 09 16 10 45 00 1 4335.758
2015 09 16 11 00 00 1 4335.766
2015 09 16 11 15 00 1 4335.773
2015 09 16 11 30 00 1 4335.779
2015 09 16 11 45 00 1 4335.786
2015 09 16 12 00 00 1 4335.790
2015 09 16 12 15 00 1 4335.789
2015 09 16 12 30 00 1 4335.787
2015 09 16 12 45 00 1 4335.785
2015 09 16 13 00 00 1 4335.780
2015 09 16 13 15 00 1 4335.770
2015 09 16 13 30 00 1 4335.761
2015 09 16 13 45 00 1 4335.748
2015 09 16 14 00 00 1 4335.736
2015 09 16 14 15 00 1 4335.718
2015 09 16 14 30 00 1 4335.702
2015 09 16 14 45 00 1 4335.684
2015 09 16 15 00 00 1 4335.670
2015 09 16 15 15 00 1 4335.659
2015 09 16 15 30 00 1 4335.640
2015 09 16 15 45 00 1 4335.624
2015 09 16 16 00 00 1 4335.612
2015 09 16 16 15 00 1 4335.600
2015 09 16 16 30 00 1 4335.585
2015 09 16 16 45 00 1 4335.571
2015 09 16 17 00 00 1 4335.558
2015 09 16 17 15 00 1 4335.550
2015 09 16 17 30 00 1 4335.540
2015 09 16 17 45 00 1 4335.533
2015 09 16 18 00 00 1 4335.527
2015 09 16 18 15 00 1 4335.524
2015 09 16 18 30 00 1 4335.520
2015 09 16 18 45 00 1 4335.521
2015 09 16 19 00 00 1 4335.527
2015 09 16 19 15 00 1 4335.527
2015 09 16 19 30 00 1 4335.536
2015 09 16 19 45 00 1 4335.546
2015 09 16 20 00 00 1 4335.554
2015 09 16 20 15 00 1 4335.566
2015 09 16 20 30 00 1 4335.579
2015 09 16 20 45 00 1 4335.592
2015 09 16 21 00 00 1 4335.606
2015 09 16 21 15 00 1 4335.621
2015 09 16 21 30 00 1 4335.635
2015 09 16 21 45 00 1 4335.650
2015 09 16 22 00 00 1 4335.667
2015 09 16 22 00 00 2 4335.667
2015 09 16 22 01 00 2 4335.668
2015 09 16 22 02 00 2 4335.670
2015 09 16 22 03 00 2 4335.670
2015 09 16 22 04 00 2 4335.670
2015 09 16 22 05 00 2 4335.671
2015 09 16 22 06 00 2 4335.672
2015 09 16 22 07 00 2 4335.673
2015 09 16 22 08 00 2 4335.674
2015 09 16 22 09 00 2 4335.675
2015 09 16 22 10 00 2 4335.676
2015 09 16 22 11 00 2 4335.677
2015 09 16 22 12 00 2 4335.678
2015 09 16 22 13 00 2 4335.678
2015 09 16 22 14 00 2 4335.680
2015 09 16 22 15 00 1 9999.000
2015 09 16 22 15 00 2 4335.681
2015 09 16 22 16 00 2 4335.682
2015 09 16 22 17 00 2 4335.683
2015 09 16 22 18 00 2 4335.683
2015 09 16 22 19 00 2 4335.685
2015 09 16 22 20 00 2 4335.685
2015 09 16 22 21 00 2 4335.686
2015 09 16 22 22 00 2 4335.687
2015 09 16 22 23 00 2 4335.688
2015 09 16 22 24 00 2 4335.689
2015 09 16 22 25 00 2 4335.690
2015 09 16 22 26 00 2 4335.691
2015 09 16 22 27 00 2 4335.693
2015 09 16 22 28 00 2 4335.694
2015 09 16 22 29 00 2 4335.695
2015 09 16 22 30 00 1 9999.000
2015 09 16 22 30 00 2 4335.697
2015 09 16 22 31 00 2 4335.697
2015 09 16 22 32 00 2 4335.697
2015 09 16 22 33 00 2 4335.698
2015 09 16 22 34 00 2 4335.698
2015 09 16 22 35 00 2 4335.700
2015 09 16 22 36 00 2 4335.700
2015 09 16 22 37 00 2 4335.700
2015 09 16 22 38 00 2 4335.701
2015 09 16 22 39 00 2 4335.703
2015 09 16 22 40 00 2 4335.704
2015 09 16 22 41 00 2 4335.705
2015 09 16 22 42 00 2 4335.705
2015 09 16 22 43 00 2 4335.706
2015 09 16 22 44 00 2 4335.706
2015 09 16 22 45 00 1 9999.000
2015 09 16 22 45 00 2 4335.708
2015 09 16 22 46 00 2 4335.707
2015 09 16 22 47 00 2 4335.709
2015 09 16 22 48 00 2 4335.709
2015 09 16 22 49 00 2 4335.711
2015 09 16 22 50 00 2 4335.712
2015 09 16 22 51 00 2 4335.712
2015 09 16 22 52 00 2 4335.713
2015 09 16 22 53 00 2 4335.714
2015 09 16 22 54 00 2 4335.715
2015 09 16 22 55 00 2 4335.716
2015 09 16 22 56 00 2 4335.717
2015 09 16 22 57 00 2 4335.717
2015 09 16 22 58 00 2 4335.719
2015 09 16 22 59 00 2 4335.721
2015 09 16 23 00 00 1 9999.000
2015 09 16 23 00 00 2 4335.713
2015 09 16 23 01 00 2 4335.727
2015 09 16 23 02 00 2 4335.721
2015 09 16 23 03 00 2 4335.719
2015 09 16 23 04 00 2 4335.745
2015 09 16 23 05 00 2 4335.710
2015 09 16 23 06 00 2 4335.725
2015 09 16 23 07 00 2 4335.713
2015 09 16 23 08 00 2 4335.732
2015 09 16 23 09 00 2 4335.727
2015 09 16 23 10 00 2 4335.709
2015 09 16 23 11 00 2 4335.750
2015 09 16 23 12 00 2 4335.741
2015 09 16 23 13 00 2 4335.698
2015 09 16 23 14 00 2 4335.727
2015 09 16 23 15 00 1 9999.000
2015 09 16 23 15 00 2 4335.741
2015 09 16 23 16 00 2 4335.718
2015 09 16 23 17 00 2 4335.746
2015 09 16 23 18 00 2 4335.739
2015 09 16 23 19 00 2 4335.729
2015 09 16 23 20 00 2 4335.727
2015 09 16 23 21 00 2 4335.742
2015 09 16 23 22 00 2 4335.724
2015 09 16 23 23 00 2 4335.731
2015 09 16 23 24 00 2 4335.744
2015 09 16 23 25 00 2 4335.739
2015 09 16 23 26 00 2 4335.745
2015 09 16 23 27 00 2 4335.716
2015 09 16 23 28 00 2 4335.749
2015 09 16 23 29 00 2 4335.728
2015 09 16 23 30 00 1 9999.000
2015 09 16 23 30 00 2 4335.768
2015 09 16 23 31 00 2 4335.714
2015 09 16 23 32 00 2 4335.753
2015 09 16 23 33 00 2 4335.739
2015 09 16 23 34 00 2 4335.738
2015 09 16 23 35 00 2 4335.748
2015 09 16 23 36 00 2 4335.737
2015 09 16 23 37 00 2 4335.740
2015 09 16 23 38 00 2 4335.754
2015 09 16 23 39 00 2 4335.742
2015 09 16 23 40 00 2 4335.740
2015 09 16 23 41 00 2 4335.744
2015 09 16 23 42 00 2 4335.745
2015 09 16 23 43 00 2 4335.750
2015 09 16 23 44 00 2 4335.747
2015 09 16 23 45 00 1 9999.000
2015 09 16 23 45 00 2 4335.740
2015 09 16 23 46 00 2 4335.745
2015 09 16 23 47 00 2 4335.753
2015 09 16 23 48 00 2 4335.744
2015 09 16 23 49 00 2 4335.747
2015 09 16 23 50 00 2 4335.746
2015 09 16 23 51 00 2 4335.758
2015 09 16 23 52 00 2 4335.740
2015 09 16 23 53 00 2 4335.750
2015 09 16 23 54 00 2 4335.748
2015 09 16 23 55 00 2 4335.753
2015 09 16 23 56 00 2 4335.755
2015 09 16 23 57 00 2 4335.752
2015 09 16 23 58 00 2 4335.751
2015 09 16 23 59 00 2 4335.759
2015 09 17 00 00 00 1 9999.000
2015 09 17 00 00 00 2 4335.754
2015 09 17 00 00 15 2 4335.754
2015 09 17 00 01 00 2 4335.754
2015 09 17 00 01 15 2 4335.754
2015 09 17 00 02 00 2 4335.753
2015 09 17 00 02 15 2 4335.753
2015 09 17 00 03 00 2 4335.755
2015 09 17 00 03 15 2 4335.755
2015 09 17 00 04 00 2 4335.759
2015 09 17 00 04 15 2 4335.759
2015 09 17 00 05 00 2 4335.755
2015 09 17 00 05 15 2 4335.755
2015 09 17 00 06 00 2 4335.757
2015 09 17 00 06 15 2 4335.757
2015 09 17 00 07 00 2 4335.760
2015 09 17 00 07 15 2 4335.760
2015 09 17 00 08 00 2 4335.760
2015 09 17 00 08 15 2 4335.760
2015 09 17 00 09 00 2 4335.761
2015 09 17 00 09 15 2 4335.761
2015 09 17 00 10 00 2 4335.757
2015 09 17 00 10 15 2 4335.757
2015 09 17 00 11 00 2 4335.762
2015 09 17 00 11 15 2 4335.762
2015 09 17 00 12 00 2 4335.759
2015 09 17 00 12 15 2 4335.759
2015 09 17 00 13 00 2 4335.765
2015 09 17 00 13 15 2 4335.765
2015 09 17 00 14 00 2 4335.760
2015 09 17 00 14 15 2 4335.760
2015 09 17 00 15 00 1 9999.000
2015 09 17 00 15 00 2 4335.766
2015 09 17 00 15 15 2 4335.766
2015 09 17 00 16 00 2 4335.767
2015 09 17 00 16 15 2 4335.767
2015 09 17 00 17 00 2 4335.765
2015 09 17 00 17 15 2 4335.765
2015 09 17 00 18 00 2 4335.767
2015 09 17 00 18 15 2 4335.767
2015 09 17 00 19 00 2 4335.765
2015 09 17 00 19 15 2 4335.765
2015 09 17 00 20 00 2 4335.766
2015 09 17 00 20 15 2 4335.766
2015 09 17 00 21 00 2 4335.768
2015 09 17 00 21 15 2 4335.768
2015 09 17 00 22 00 2 4335.769
2015 09 17 00 22 15 2 4335.769
2015 09 17 00 23 00 2 4335.766
2015 09 17 00 23 15 2 4335.766
2015 09 17 00 24 00 2 4335.766
2015 09 17 00 24 15 2 4335.766
2015 09 17 00 25 00 2 4335.770
2015 09 17 00 25 15 2 4335.770
2015 09 17 00 26 00 2 4335.769
2015 09 17 00 26 15 2 4335.769
2015 09 17 00 27 00 2 4335.769
2015 09 17 00 27 15 2 4335.769
2015 09 17 00 28 00 2 4335.768
2015 09 17 00 28 15 2 4335.768
2015 09 17 00 29 00 2 4335.768
2015 09 17 00 29 15 2 4335.768
2015 09 17 00 30 00 1 9999.000
2015 09 17 00 30 00 2 4335.769
2015 09 17 00 30 15 2 4335.769
2015 09 17 00 31 00 2 4335.769
2015 09 17 00 31 15 2 4335.769
2015 09 17 00 32 00 2 4335.770
2015 09 17 00 32 15 2 4335.770
2015 09 17 00 33 00 2 4335.771
2015 09 17 00 33 15 2 4335.771
2015 09 17 00 34 00 2 4335.769
2015 09 17 00 34 15 2 4335.769
2015 09 17 00 35 00 2 4335.771
2015 09 17 00 35 15 2 4335.771
2015 09 17 00 36 00 2 4335.772
2015 09 17 00 36 15 2 4335.772
2015 09 17 00 37 00 2 4335.773
2015 09 17 00 37 15 2 4335.773
2015 09 17 00 38 00 2 4335.773
2015 09 17 00 38 15 2 4335.773
2015 09 17 00 39 00 2 4335.773
2015 09 17 00 39 15 2 4335.773
2015 09 17 00 40 00 2 4335.774
2015 09 17 00 40 15 2 4335.774
2015 09 17 00 41 00 2 4335.773
2015 09 17 00 41 15 2 4335.773
2015 09 17 00 42 00 2 4335.773
2015 09 17 00 42 15 2 4335.773
2015 09 17 00 43 00 2 4335.775
2015 09 17 00 43 15 2 4335.775
2015 09 17 00 44 00 2 4335.775
2015 09 17 00 44 15 2 4335.775
2015 09 17 00 45 00 1 9999.000
2015 09 17 00 45 00 2 4335.774
2015 09 17 00 45 15 2 4335.774
2015 09 17 00 46 00 2 4335.775
2015 09 17 00 46 15 2 4335.775
2015 09 17 00 47 00 2 4335.775
2015 09 17 00 47 15 2 4335.775
2015 09 17 00 48 00 2 4335.775
2015 09 17 00 48 15 2 4335.775
2015 09 17 00 49 00 2 4335.776
2015 09 17 00 49 15 2 4335.776
2015 09 17 00 50 00 2 4335.775
2015 09 17 00 50 15 2 4335.775
2015 09 17 00 51 00 2 4335.776
2015 09 17 00 51 15 2 4335.776
2015 09 17 00 52 00 2 4335.776
2015 09 17 00 52 15 2 4335.776
2015 09 17 00 53 00 2 4335.775
2015 09 17 00 53 15 2 4335.775
2015 09 17 00 54 00 2 4335.775
2015 09 17 00 54 15 2 4335.775
2015 09 17 00 55 00 2 4335.776
2015 09 17 00 55 15 2 4335.776
2015 09 17 00 56 00 2 4335.775
2015 09 17 00 56 15 2 4335.775
2015 09 17 00 57 00 2 4335.775
2015 09 17 00 57 15 2 4335.775
2015 09 17 00 58 00 2 4335.776
2015 09 17 00 58 15 2 4335.776
2015 09 17 00 59 00 2 4335.775
2015 09 17 00 59 15 2 4335.775
2015 09 17 01 00 00 1 9999.000
2015 09 17 01 00 00 2 4335.775
2015 09 17 01 00 15 2 4335.775
2015 09 17 01 01 00 2 4335.776
2015 09 17 01 01 15 2 4335.776
2015 09 17 01 02 00 2 4335.775
2015 09 17 01 02 15 2 4335.775
2015 09 17 01 03 00 2 4335.776
2015 09 17 01 03 15 2 4335.776
2015 09 17 01 04 00 2 4335.775
2015 09 17 01 04 15 2 4335.775
2015 09 17 01 05 00 2 4335.776
2015 09 17 01 05 15 2 4335.776
2015 09 17 01 06 00 2 4335.776
2015 09 17 01 06 15 2 4335.776
2015 09 17 01 07 00 2 4335.776
2015 09 17 01 07 15 2 4335.776
2015 09 17 01 08 00 2 4335.776
2015 09 17 01 08 15 2 4335.776
2015 09 17 01 09 00 2 4335.777
2015 09 17 01 09 15 2 4335.777
2015 09 17 01 10 00 2 4335.777
2015 09 17 01 10 15 2 4335.777
2015 09 17 01 11 00 2 4335.777
2015 09 17 01 11 15 2 4335.777
2015 09 17 01 12 00 2 4335.777
2015 09 17 01 12 15 2 4335.777
2015 09 17 01 13 00 2 4335.777
2015 09 17 01 13 15 2 4335.777
2015 09 17 01 14 00 2 4335.777
2015 09 17 01 14 15 2 4335.777
2015 09 17 01 15 00 1 9999.000
2015 09 17 01 15 00 2 4335.776
2015 09 17 01 15 15 2 4335.776
2015 09 17 01 16 00 2 4335.776
2015 09 17 01 16 15 2 4335.776
2015 09 17 01 17 00 2 4335.776
2015 09 17 01 17 15 2 4335.776
2015 09 17 01 18 00 2 4335.775
2015 09 17 01 18 15 2 4335.775
2015 09 17 01 19 00 2 4335.776
2015 09 17 01 19 15 2 4335.776
2015 09 17 01 20 00 2 4335.773
2015 09 17 01 20 15 2 4335.773
2015 09 17 01 21 00 2 4335.774
2015 09 17 01 21 15 2 4335.774
2015 09 17 01 22 00 2 4335.775
2015 09 17 01 22 15 2 4335.775
2015 09 17 01 23 00 2 4335.773
2015 09 17 01 23 15 2 4335.773
2015 09 17 01 24 00 2 4335.774
2015 09 17 01 24 15 2 4335.774
2015 09 17 01 25 00 2 4335.773
2015 09 17 01 25 15 2 4335.773
2015 09 17 01 26 00 2 4335.774
2015 09 17 01 26 15 2 4335.774
2015 09 17 01 27 00 2 4335.773
2015 09 17 01 27 15 2 4335.773
2015 09 17 01 28 00 2 4335.772
2015 09 17 01 28 15 2 4335.772
2015 09 17 01 29 00 2 4335.773
2015 09 17 01 29 15 2 4335.773
2015 09 17 01 30 00 1 9999.000
2015 09 17 01 30 00 2 4335.772
2015 09 17 01 30 15 2 4335.772
2015 09 17 01 31 00 2 4335.773
2015 09 17 01 31 15 2 4335.773
2015 09 17 01 32 00 2 4335.773
2015 09 17 01 32 15 2 4335.773
2015 09 17 01 33 00 2 4335.773
2015 09 17 01 33 15 2 4335.773
2015 09 17 01 34 00 2 4335.774
2015 09 17 01 34 15 2 4335.774
2015 09 17 01 35 00 2 4335.772
2015 09 17 01 35 15 2 4335.772
2015 09 17 01 36 00 2 4335.772
2015 09 17 01 36 15 2 4335.772
2015 09 17 01 37 00 2 4335.773
2015 09 17 01 37 15 2 4335.773
2015 09 17 01 38 00 2 4335.774
2015 09 17 01 38 15 2 4335.774
2015 09 17 01 39 00 2 4335.777
2015 09 17 01 39 15 2 4335.777
2015 09 17 01 40 00 2 4335.782
2015 09 17 01 40 15 2 4335.782
2015 09 17 01 41 00 2 4335.791
2015 09 17 01 41 15 2 4335.791
2015 09 17 01 42 00 2 4335.802
2015 09 17 01 42 15 2 4335.802
2015 09 17 01 43 00 2 4335.817
2015 09 17 01 43 15 2 4335.817
2015 09 17 01 44 00 2 4335.831
2015 09 17 01 44 15 2 4335.831
2015 09 17 01 45 00 1 9999.000
2015 09 17 01 45 00 2 4335.841
2015 09 17 01 45 15 2 4335.841
2015 09 17 01 46 00 2 4335.844
2015 09 17 01 46 15 2 4335.844
2015 09 17 01 47 00 2 4335.839
2015 09 17 01 47 15 2 4335.839
2015 09 17 01 48 00 2 4335.827
2015 09 17 01 48 15 2 4335.827
2015 09 17 01 49 00 2 4335.812
2015 09 17 01 49 15 2 4335.812
2015 09 17 01 50 00 2 4335.799
2015 09 17 01 50 15 2 4335.799
2015 09 17 01 51 00 2 4335.791
2015 09 17 01 51 15 2 4335.791
2015 09 17 01 52 00 2 4335.783
2015 09 17 01 52 15 2 4335.783
2015 09 17 01 52 30 3 4335.782
2015 09 17 01 52 45 3 4335.779
2015 09 17 01 53 00 2 4335.772
2015 09 17 01 53 00 3 4335.776
2015 09 17 01 53 15 2 4335.772
2015 09 17 01 53 15 3 4335.774
2015 09 17 01 53 30 3 4335.771
2015 09 17 01 53 45 3 4335.768
2015 09 17 01 54 00 2 4335.759
2015 09 17 01 54 00 3 4335.764
2015 09 17 01 54 15 2 4335.759
2015 09 17 01 54 15 3 4335.761
2015 09 17 01 54 30 3 4335.758
2015 09 17 01 54 45 3 4335.753
2015 09 17 01 55 00 2 4335.751
2015 09 17 01 55 00 3 4335.752
2015 09 17 01 55 15 2 4335.751
2015 09 17 01 55 15 3 4335.751
2015 09 17 01 55 30 3 4335.751
2015 09 17 01 55 45 3 4335.750
2015 09 17 01 56 00 2 4335.754
2015 09 17 01 56 00 3 4335.751
2015 09 17 01 56 15 2 4335.754
2015 09 17 01 56 15 3 4335.753
2015 09 17 01 57 00 2 4335.767
2015 09 17 01 57 15 2 4335.767
2015 09 17 01 58 00 2 4335.778
2015 09 17 01 58 15 2 4335.778
2015 09 17 01 59 00 2 4335.775
2015 09 17 01 59 15 2 4335.775
2015 09 17 02 00 00 1 9999.000
2015 09 17 02 00 00 2 4335.764
2015 09 17 02 01 00 2 4335.752
2015 09 17 02 02 00 2 4335.749
2015 09 17 02 03 00 2 4335.748
2015 09 17 02 04 00 2 4335.743
2015 09 17 02 05 00 2 4335.733
2015 09 17 02 06 00 2 4335.730
2015 09 17 02 07 00 2 4335.736
2015 09 17 02 08 00 2 4335.752
2015 09 17 02 09 00 2 4335.770
2015 09 17 02 10 00 2 4335.778
2015 09 17 02 11 00 2 4335.768
2015 09 17 02 12 00 2 4335.748
2015 09 17 02 13 00 2 4335.746
2015 09 17 02 14 00 2 4335.764
2015 09 17 02 15 00 1 9999.000
2015 09 17 02 15 00 2 4335.773
2015 09 17 02 16 00 2 4335.760
2015 09 17 02 17 00 2 4335.747
2015 09 17 02 17 00 3 4335.750
2015 09 17 02 17 15 3 4335.747
2015 09 17 02 17 30 3 4335.745
2015 09 17 02 17 45 3 4335.745
2015 09 17 02 18 00 2 4335.750
2015 09 17 02 18 00 3 4335.747
2015 09 17 02 18 15 3 4335.748
2015 09 17 02 18 30 3 4335.750
2015 09 17 02 18 45 3 4335.753
2015 09 17 02 19 00 2 4335.759
2015 09 17 02 19 00 3 4335.755
2015 09 17 02 19 15 3 4335.758
2015 09 17 02 19 30 3 4335.760
2015 09 17 02 19 45 3 4335.761
2015 09 17 02 20 00 2 4335.765
2015 09 17 02 20 00 3 4335.764
2015 09 17 02 20 15 3 4335.765
2015 09 17 02 20 30 3 4335.765
2015 09 17 02 20 45 3 4335.764
2015 09 17 02 21 00 2 4335.764
2015 09 17 02 22 00 2 4335.765
2015 09 17 02 23 00 2 4335.764
2015 09 17 02 24 00 2 4335.762
2015 09 17 02 25 00 2 4335.755
2015 09 17 02 26 00 2 4335.740
2015 09 17 02 27 00 2 4335.728
2015 09 17 02 28 00 2 4335.729
2015 09 17 02 29 00 2 4335.739
2015 09 17 02 30 00 1 9999.000
2015 09 17 02 30 00 2 4335.745
2015 09 17 02 31 00 2 4335.737
2015 09 17 02 32 00 2 4335.724
2015 09 17 02 33 00 2 4335.731
2015 09 17 02 34 00 2 4335.758
2015 09 17 02 35 00 2 4335.770
2015 09 17 02 36 00 2 4335.758
2015 09 17 02 37 00 2 4335.755
2015 09 17 02 38 00 2 4335.760
2015 09 17 02 39 00 2 4335.753
2015 09 17 02 40 00 2 4335.749
2015 09 17 02 41 00 2 4335.743
2015 09 17 02 42 00 2 4335.722
2015 09 17 02 43 00 2 4335.713
2015 09 17 02 44 00 2 4335.729
2015 09 17 02 45 00 1 9999.000
2015 09 17 02 45 00 2 4335.735
2015 09 17 02 46 00 2 4335.733
2015 09 17 02 47 00 2 4335.740
2015 09 17 02 48 00 2 4335.751
2015 09 17 02 49 00 2 4335.754
2015 09 17 02 50 00 2 4335.748
2015 09 17 02 51 00 2 4335.750
2015 09 17 02 52 00 2 4335.765
2015 09 17 02 53 00 2 4335.771
2015 09 17 02 54 00 2 4335.765
2015 09 17 02 55 00 2 4335.748
2015 09 17 02 56 00 2 4335.736
2015 09 17 02 57 00 2 4335.737
2015 09 17 02 58 00 2 4335.739
2015 09 17 02 59 00 2 4335.744
2015 09 17 03 00 00 1 9999.000
2015 09 17 03 00 00 2 4335.742
2015 09 17 03 01 00 2 4335.732
2015 09 17 03 02 00 2 4335.729
2015 09 17 03 03 00 2 4335.734
2015 09 17 03 04 00 2 4335.747
2015 09 17 03 05 00 2 4335.736
2015 09 17 03 06 00 2 4335.723
2015 09 17 03 07 00 2 4335.738
2015 09 17 03 08 00 2 4335.740
2015 09 17 03 09 00 2 4335.723
2015 09 17 03 10 00 2 4335.733
2015 09 17 03 11 00 2 4335.746
2015 09 17 03 12 00 2 4335.735
2015 09 17 03 13 00 2 4335.730
2015 09 17 03 14 00 2 4335.736
2015 09 17 03 15 00 1 9999.000
2015 09 17 03 15 00 2 4335.733
2015 09 17 03 16 00 2 4335.731
2015 09 17 03 17 00 2 4335.741
2015 09 17 03 18 00 2 4335.740
2015 09 17 03 19 00 2 4335.731
2015 09 17 03 20 00 2 4335.729
2015 09 17 03 21 00 2 4335.713
2015 09 17 03 22 00 2 4335.702
2015 09 17 03 23 00 2 4335.703
2015 09 17 03 24 00 2 4335.706
2015 09 17 03 25 00 2 4335.697
2015 09 17 03 26 00 2 4335.702
2015 09 17 03 27 00 2 4335.720
2015 09 17 03 28 00 2 4335.712
2015 09 17 03 29 00 2 4335.704
2015 09 17 03 30 00 1 9999.000
2015 09 17 03 30 00 2 4335.698
2015 09 17 03 31 00 2 4335.688
2015 09 17 03 32 00 2 4335.685
2015 09 17 03 33 00 2 4335.691
2015 09 17 03 34 00 2 4335.683
2015 09 17 03 35 00 2 4335.664
2015 09 17 03 36 00 2 4335.672
2015 09 17 03 37 00 2 4335.695
2015 09 17 03 38 00 2 4335.701
2015 09 17 03 39 00 2 4335.705
2015 09 17 03 40 00 2 4335.704
2015 09 17 03 41 00 2 4335.697
2015 09 17 03 42 00 2 4335.700
2015 09 17 03 43 00 2 4335.706
2015 09 17 03 44 00 2 4335.700
2015 09 17 03 45 00 1 9999.000
2015 09 17 03 45 00 2 4335.706
2015 09 17 03 46 00 2 4335.716
2015 09 17 03 47 00 2 4335.713
2015 09 17 03 48 00 2 4335.719
2015 09 17 03 49 00 2 4335.722
2015 09 17 03 50 00 2 4335.718
2015 09 17 03 51 00 2 4335.714
2015 09 17 03 52 00 2 4335.717
2015 09 17 03 53 00 2 4335.718
2015 09 17 03 54 00 2 4335.706
2015 09 17 03 55 00 2 4335.703
2015 09 17 03 56 00 2 4335.704
2015 09 17 03 57 00 2 4335.698
2015 09 17 03 58 00 2 4335.689
2015 09 17 03 59 00 2 4335.669
2015 09 17 04 00 00 1 9999.000
2015 09 17 04 00 00 2 4335.673
2015 09 17 04 01 00 2 4335.675
2015 09 17 04 02 00 2 4335.679
2015 09 17 04 03 00 2 4335.683
2015 09 17 04 04 00 2 4335.681
2015 09 17 04 05 00 2 4335.672
2015 09 17 04 06 00 2 4335.676
2015 09 17 04 07 00 2 4335.683
2015 09 17 04 08 00 2 4335.692
2015 09 17 04 09 00 2 4335.687
2015 09 17 04 10 00 2 4335.686
2015 09 17 04 11 00 2 4335.687
2015 09 17 04 12 00 2 4335.687
2015 09 17 04 13 00 2 4335.683
2015 09 17 04 14 00 2 4335.677
2015 09 17 04 15 00 1 9999.000
2015 09 17 04 15 00 2 4335.684
2015 09 17 04 16 00 2 4335.681
2015 09 17 04 17 00 2 4335.682
2015 09 17 04 18 00 2 4335.682
2015 09 17 04 19 00 2 4335.682
2015 09 17 04 20 00 2 4335.680
2015 09 17 04 21 00 2 4335.685
2015 09 17 04 22 00 2 4335.685
2015 09 17 04 23 00 2 4335.685
2015 09 17 04 24 00 2 4335.685
2015 09 17 04 25 00 2 4335.680
2015 09 17 04 26 00 2 4335.674
2015 09 17 04 27 00 2 4335.676
2015 09 17 04 28 00 2 4335.680
2015 09 17 04 29 00 2 4335.675
2015 09 17 04 30 00 1 9999.000
2015 09 17 04 30 00 2 4335.679
2015 09 17 04 31 00 2 4335.678
2015 09 17 04 32 00 2 4335.681
2015 09 17 04 33 00 2 4335.682
2015 09 17 04 34 00 2 4335.672
2015 09 17 04 35 00 2 4335.672
2015 09 17 04 36 00 2 4335.679
2015 09 17 04 37 00 2 4335.682
2015 09 17 04 38 00 2 4335.680
2015 09 17 04 39 00 2 4335.686
2015 09 17 04 40 00 2 4335.673
2015 09 17 04 41 00 2 4335.672
2015 09 17 04 42 00 2 4335.671
2015 09 17 04 43 00 2 4335.665
2015 09 17 04 44 00 2 4335.663
2015 09 17 04 45 00 1 9999.000
2015 09 17 04 45 00 2 4335.659
2015 09 17 04 46 00 2 4335.649
2015 09 17 04 47 00 2 4335.652
2015 09 17 04 48 00 2 4335.647
2015 09 17 04 49 00 2 4335.648
2015 09 17 04 50 00 2 4335.653
2015 09 17 04 51 00 2 4335.655
2015 09 17 04 52 00 2 4335.652
2015 09 17 04 53 00 2 4335.641
2015 09 17 04 54 00 2 4335.629
2015 09 17 04 55 00 2 4335.634
2015 09 17 04 56 00 2 4335.631
2015 09 17 04 57 00 2 4335.628
2015 09 17 04 58 00 2 4335.629
2015 09 17 04 59 00 2 4335.633
2015 09 17 05 00 00 1 9999.000
2015 09 17 05 00 00 2 4335.639
2015 09 17 05 01 00 2 4335.652
2015 09 17 05 02 00 2 4335.654
2015 09 17 05 03 00 2 4335.648
2015 09 17 05 04 00 2 4335.649
2015 09 17 05 05 00 2 4335.649
2015 09 17 05 06 00 2 4335.648
2015 09 17 05 07 00 2 4335.646
2015 09 17 05 08 00 2 4335.648
2015 09 17 05 09 00 2 4335.651
2015 09 17 05 10 00 2 4335.643
2015 09 17 05 11 00 2 4335.637
2015 09 17 05 12 00 2 4335.635
2015 09 17 05 13 00 2 4335.637
2015 09 17 05 14 00 2 4335.635
2015 09 17 05 15 00 1 9999.000
2015 09 17 05 15 00 2 4335.637
2015 09 17 05 16 00 2 4335.638
2015 09 17 05 17 00 2 4335.639
2015 09 17 05 18 00 2 4335.642
2015 09 17 05 19 00 2 4335.643
2015 09 17 05 20 00 2 4335.644
2015 09 17 05 21 00 2 4335.648
2015 09 17 05 22 00 2 4335.649
2015 09 17 05 23 00 2 4335.644
2015 09 17 05 24 00 2 4335.639
2015 09 17 05 25 00 2 4335.637
2015 09 17 05 26 00 2 4335.632
2015 09 17 05 27 00 2 4335.635
2015 09 17 05 28 00 2 4335.640
2015 09 17 05 29 00 2 4335.640
2015 09 17 05 30 00 1 9999.000
2015 09 17 05 30 00 2 4335.641
2015 09 17 05 31 00 2 4335.642
2015 09 17 05 32 00 2 4335.645
2015 09 17 05 33 00 2 4335.640
2015 09 17 05 34 00 2 4335.637
2015 09 17 05 35 00 2 4335.633
2015 09 17 05 36 00 2 4335.626
2015 09 17 05 37 00 2 4335.628
2015 09 17 05 38 00 2 4335.627
2015 09 17 05 39 00 2 4335.629
2015 09 17 05 40 00 2 4335.628
2015 09 17 05 41 00 2 4335.630
2015 09 17 05 42 00 2 4335.632
2015 09 17 05 43 00 2 4335.638
2015 09 17 05 44 00 2 4335.642
2015 09 17 05 45 00 1 9999.000
2015 09 17 05 45 00 2 4335.634
2015 09 17 05 46 00 2 4335.633
2015 09 17 05 47 00 2 4335.637
2015 09 17 05 48 00 2 4335.639
2015 09 17 05 49 00 2 4335.638
2015 09 17 05 50 00 2 4335.641
2015 09 17 05 51 00 2 4335.646
2015 09 17 05 52 00 2 4335.649
2015 09 17 05 53 00 2 4335.638
2015 09 17 05 54 00 2 4335.632
2015 09 17 05 55 00 2 4335.622
2015 09 17 05 56 00 2 4335.620
2015 09 17 05 57 00 2 4335.624
2015 09 17 05 58 00 2 4335.630
2015 09 17 05 59 00 2 4335.635
2015 09 17 06 00 00 1 9999.000
2015 09 17 06 15 00 1 9999.000
2015 09 17 06 30 00 1 9999.000
2015 09 17 06 45 00 1 9999.000
2015 09 17 07 00 00 1 9999.000
2015 09 17 07 15 00 1 4335.607
2015 09 17 07 30 00 1 4335.628
2015 09 17 07 45 00 1 4335.632
2015 09 17 08 00 00 1 4335.629
2015 09 17 08 15 00 1 4335.633
2015 09 17 08 30 00 1 4335.650
2015 09 17 08 45 00 1 4335.646
2015 09 17 09 00 00 1 4335.662
2015 09 17 09 15 00 1 4335.668
2015 09 17 09 30 00 1 4335.696
2015 09 17 09 45 00 1 4335.689
2015 09 17 10 00 00 1 4335.695
2015 09 17 10 15 00 1 4335.722
2015 09 17 10 30 00 1 4335.721
2015 09 17 10 45 00 1 4335.734
2015 09 17 11 00 00 1 4335.745
2015 09 17 11 15 00 1 4335.745
2015 09 17 11 30 00 1 4335.755
2015 09 17 11 45 00 1 4335.774
2015 09 17 12 00 00 1 4335.777
2015 09 17 12 15 00 1 4335.785
2015 09 17 12 30 00 1 4335.789
2015 09 17 12 45 00 1 4335.774
2015 09 17 13 00 00 1 4335.772
2015 09 17 13 15 00 1 4335.775
2015 09 17 13 30 00 1 4335.767
2015 09 17 13 45 00 1 4335.761
2015 09 17 14 00 00 1 4335.740
2015 09 17 14 15 00 1 4335.736
2015 09 17 14 30 00 1 4335.721
2015 09 17 14 45 00 1 4335.717
2015 09 17 15 00 00 1 4335.703
2015 09 17 15 15 00 1 4335.683
2015 09 17 15 30 00 1 4335.682
2015 09 17 15 45 00 1 4335.653
2015 09 17 16 00 00 1 4335.639
2015 09 17 16 15 00 1 4335.637
2015 09 17 16 30 00 1 4335.611
2015 09 17 16 45 00 1 4335.600
2015 09 17 17 00 00 1 4335.590
2015 09 17 17 15 00 1 4335.584
2015 09 17 17 30 00 1 4335.565
2015 09 17 17 45 00 1 4335.557
2015 09 17 18 00 00 1 4335.563
2015 09 17 18 15 00 1 4335.550
2015 09 17 18 30 00 1 4335.545
2015 09 17 18 45 00 1 4335.538
2015 09 17 19 00 00 1 4335.536
2015 09 17 19 15 00 1 4335.541
2015 09 17 19 30 00 1 4335.536
2015 09 17 19 45 00 1 4335.544
2015 09 17 20 00 00 1 4335.544
2015 09 17 20 15 00 1 4335.559
2015 09 17 20 30 00 1 4335.572
2015 09 17 20 45 00 1 4335.574
2015 09 17 21 00 00 1 4335.594
2015 09 17 21 15 00 1 4335.600
2015 09 17 21 30 00 1 4335.618
2015 09 17 21 45 00 1 4335.627
2015 09 17 22 00 00 1 4335.634
2015 09 17 22 15 00 1 4335.653
2015 09 17 22 30 00 1 4335.664
2015 09 17 22 45 00 1 4335.685
2015 09 17 23 00 00 1 4335.694
2015 09 17 23 15 00 1 4335.717
2015 09 17 23 30 00 1 4335.723
2015 09 17 23 45 00 1 4335.727
2015 09 18 00 00 00 1 4335.753
2015 09 18 00 15 00 1 9999.000
2015 09 18 00 30 00 1 9999.000
2015 09 18 00 45 00 1 9999.000
2015 09 18 01 00 00 1 9999.000
2015 09 18 01 15 00 1 9999.000
2015 09 18 01 30 00 1 9999.000
2015 09 18 01 45 00 1 9999.000
2015 09 18 02 00 00 1 9999.000
2015 09 18 02 15 00 1 9999.000
2015 09 18 02 30 00 1 9999.000
2015 09 18 02 45 00 1 9999.000
2015 09 18 03 00 00 1 9999.000
2015 09 18 03 15 00 1 9999.000
2015 09 18 03 30 00 1 9999.000
2015 09 18 03 45 00 1 9999.000
2015 09 18 04 00 00 1 9999.000
2015 09 18 04 15 00 1 9999.000
2015 09 18 04 30 00 1 9999.000
2015 09 18 04 45 00 1 9999.000
2015 09 18 05 00 00 1 9999.000
2015 09 18 05 15 00 1 9999.000
2015 09 18 05 30 00 1 9999.000
2015 09 18 05 45 00 1 9999.000
2015 09 18 06 00 00 1 9999.000
2015 09 18 06 15 00 1 4335.658
2015 09 18 06 30 00 1 4335.660
2015 09 18 06 45 00 1 4335.656
2015 09 18 07 00 00 1 4335.650
2015 09 18 07 15 00 1 4335.644
2015 09 18 07 30 00 1 4335.636
2015 09 18 07 45 00 1 4335.638
2015 09 18 08 00 00 1 4335.638
2015 09 18 08 15 00 1 4335.644
2015 09 18 08 30 00 1 4335.643
2015 09 18 08 45 00 1 4335.649
2015 09 18 09 00 00 1 4335.655
2015 09 18 09 15 00 1 4335.654
2015 09 18 09 30 00 1 4335.666
2015 09 18 09 45 00 1 4335.663
2015 09 18 10 00 00 1 4335.666
2015 09 18 10 15 00 1 4335.676
2015 09 18 10 30 00 1 4335.678
2015 09 18 10 45 00 1 4335.692
2015 09 18 11 00 00 1 4335.698
2015 09 18 11 15 00 1 4335.702
2015 09 18 11 30 00 1 4335.710
2015 09 18 11 45 00 1 4335.716
2015 09 18 12 00 00 1 4335.727
2015 09 18 12 15 00 1 4335.723
2015 09 18 12 30 00 1 4335.727
2015 09 18 12 45 00 1 4335.732
2015 09 18 13 00 00 1 4335.733
2015 09 18 13 15 00 1 4335.729
2015 09 18 13 30 00 1 4335.725
2015 09 18 13 45 00 1 4335.722
2015 09 18 14 00 00 1 4335.712
2015 09 18 14 15 00 1 4335.708
2015 09 18 14 30 00 1 4335.701
2015 09 18 14 45 00 1 4335.690
2015 09 18 15 00 00 1 4335.686
2015 09 18 15 15 00 1 4335.674
2015 09 18 15 30 00 1 4335.671
2015 09 18 15 45 00 1 4335.649
2015 09 18 16 00 00 1 4335.639
2015 09 18 16 15 00 1 4335.632
2015 09 18 16 30 00 1 4335.617
2015 09 18 16 45 00 1 4335.610
2015 09 18 17 00 00 1 4335.590
2015 09 18 17 15 00 1 4335.585
2015 09 18 17 30 00 1 4335.570
2015 09 18 17 45 00 1 4335.562
2015 09 18 18 00 00 1 4335.553
2015 09 18 18 15 00 1 4335.548
2015 09 18 18 30 00 1 4335.539
2015 09 18 18 45 00 1 4335.536
2015 09 18 19 00 00 1 4335.531
2015 09 18 19 15 00 1 4335.526
2015 09 18 19 30 00 1 4335.532
2015 09 18 19 45 00 1 4335.522
2015 09 18 20 00 00 1 4335.522
2015 09 18 20 15 00 1 4335.532
2015 09 18 20 30 00 1 4335.540
2015 09 18 20 45 00 1 4335.540
2015 09 18 21 00 00 1 4335.554
2015 09 18 21 15 00 1 4335.564
2015 09 18 21 30 00 1 4335.574
2015 09 18 21 45 00 1 4335.584
2015 09 18 22 00 00 1 4335.600
2015 09 18 22 15 00 1 4335.611
2015 09 18 22 30 00 1 4335.624
2015 09 18 22 45 00 1 4335.643
2015 09 18 23 00 00 1 4335.652
2015 09 18 23 15 00 1 4335.671
2015 09 18 23 30 00 1 4335.683
2015 09 18 23 45 00 1 4335.689
2015 09 19 00 00 00 1 4335.712
2015 09 19 00 15 00 1 4335.720
2015 09 19 00 30 00 1 4335.740
2015 09 19 00 45 00 1 4335.754
2015 09 19 01 00 00 1 4335.768
2015 09 19 01 15 00 1 4335.778
2015 09 19 01 30 00 1 4335.790
2015 09 19 01 45 00 1 4335.799
2015 09 19 02 00 00 1 4335.802
2015 09 19 02 15 00 1 4335.807
2015 09 19 02 30 00 1 4335.813
2015 09 19 02 45 00 1 4335.819
2015 09 19 03 00 00 1 4335.818
2015 09 19 03 15 00 1 4335.818
2015 09 19 03 30 00 1 4335.814
2015 09 19 03 45 00 1 4335.812
2015 09 19 04 00 00 1 4335.809
2015 09 19 04 15 00 1 4335.806
2015 09 19 04 30 00 1 4335.797
2015 09 19 04 45 00 1 4335.793
2015 09 19 05 00 00 1 4335.780
2015 09 19 05 15 00 1 4335.770
2015 09 19 05 30 00 1 4335.767
2015 09 19 05 45 00 1 4335.756
2015 09 19 06 00 00 1 4335.750
2015 09 19 06 15 00 1 4335.736
2015 09 19 06 30 00 1 4335.734
2015 09 19 06 45 00 1 4335.726
2015 09 19 07 00 00 1 4335.713
2015 09 19 07 15 00 1 4335.707
2015 09 19 07 30 00 1 4335.700
2015 09 19 07 45 00 1 4335.692
2015 09 19 08 00 00 1 4335.687
2015 09 19 08 15 00 1 4335.687
2015 09 19 08 30 00 1 4335.682
2015 09 19 08 45 00 1 4335.680
2015 09 19 09 00 00 1 4335.677
2015 09 19 09 15 00 1 4335.674
2015 09 19 09 30 00 1 4335.671
2015 09 19 09 45 00 1 4335.670
2015 09 19 10 00 00 1 4335.671
2015 09 19 10 15 00 1 4335.675
2015 09 19 10 30 00 1 4335.674
2015 09 19 10 45 00 1 4335.674
2015 09 19 11 00 00 1 4335.680
2015 09 19 11 15 00 1 4335.687
2015 09 19 11 30 00 1 4335.690
2015 09 19 11 45 00 1 4335.693
2015 09 19 12 00 00 1 4335.697
2015 09 19 12 15 00 1 4335.701
2015 09 19 12 30 00 1 4335.705
2015 09 19 12 45 00 1 4335.704
2015 09 19 13 00 00 1 4335.703
2015 09 19 13 15 00 1 4335.704
2015 09 19 13 30 00 1 4335.704
2015 09 19 13 45 00 1 4335.703
2015 09 19 14 00 00 1 4335.703
2015 09 19 14 15 00 1 4335.700
2015 09 19 14 30 00 1 4335.697
2015 09 19 14 45 00 1 4335.689
2015 09 19 15 00 00 1 4335.691
2015 09 19 15 15 00 1 4335.680
2015 09 19 15 30 00 1 4335.675
2015 09 19 15 45 00 1 4335.673
2015 09 19 16 00 00 1 4335.659
2015 09 19 16 15 00 1 4335.653
2015 09 19 16 30 00 1 4335.645
2015 09 19 16 45 00 1 4335.632
2015 09 19 17 00 00 1 4335.627
2015 09 19 17 15 00 1 4335.617
2015 09 19 17 30 00 1 4335.607
2015 09 19 17 45 00 1 4335.599
2015 09 19 18 00 00 1 4335.587
2015 09 19 18 15 00 1 4335.576
2015 09 19 18 30 00 1 4335.570
2015 09 19 18 45 00 1 4335.567
2015 09 19 19 00 00 1 4335.553
2015 09 19 19 15 00 1 4335.548
2015 09 19 19 30 00 1 4335.542
2015 09 19 19 45 00 1 4335.538
2015 09 19 20 00 00 1 4335.535
2015 09 19 20 15 00 1 4335.535
2015 09 19 20 30 00 1 4335.533
2015 09 19 20 45 00 1 4335.536
2015 09 19 21 00 00 1 4335.538
2015 09 19 21 15 00 1 4335.540
2015 09 19 21 30 00 1 4335.552
2015 09 19 21 45 00 1 4335.558
2015 09 19 22 00 00 1 4335.560
2015 09 19 22 15 00 1 4335.572
2015 09 19 22 30 00 1 4335.582
2015 09 19 22 45 00 1 4335.589
2015 09 19 23 00 00 1 4335.601
2015 09 19 23 15 00 1 4335.613
2015 09 19 23 30 00 1 4335.626
2015 09 19 23 45 00 1 4335.645
2015 09 20 00 00 00 1 4335.655
2015 09 20 00 15 00 1 4335.671
2015 09 20 00 30 00 1 4335.689
2015 09 20 00 45 00 1 4335.701
2015 09 20 01 00 00 1 4335.716
2015 09 20 01 15 00 1 4335.734
2015 09 20 01 30 00 1 4335.748
2015 09 20 01 45 00 1 4335.763
2015 09 20 02 00 00 1 4335.770
2015 09 20 02 15 00 1 4335.780
2015 09 20 02 30 00 1 4335.794
2015 09 20 02 45 00 1 4335.803
2015 09 20 03 00 00 1 4335.811
2015 09 20 03 15 00 1 4335.819
2015 09 20 03 30 00 1 4335.826
2015 09 20 03 45 00 1 4335.825
2015 09 20 04 00 00 1 4335.824
2015 09 20 04 15 00 1 4335.833
2015 09 20 04 30 00 1 4335.831
2015 09 20 04 45 00 1 4335.830
2015 09 20 05 00 00 1 4335.823
2015 09 20 05 15 00 1 4335.821
2015 09 20 05 30 00 1 4335.814
2015 09 20 05 45 00 1 4335.808
2015 09 20 06 00 00 1 4335.802
2015 09 20 06 15 00 1 4335.790
2015 09 20 06 30 00 1 4335.782
2015 09 20 06 45 00 1 4335.770
2015 09 20 07 00 00 1 4335.762
2015 09 20 07 15 00 1 4335.754
2015 09 20 07 30 00 1 4335.742
2015 09 20 07 45 00 1 4335.733
2015 09 20 08 00 00 1 4335.726
2015 09 20 08 15 00 1 4335.715
2015 09 20 08 30 00 1 4335.706
2015 09 20 08 45 00 1 4335.697
2015 09 20 09 00 00 1 4335.692
2015 09 20 09 15 00 1 4335.681
2015 09 20 09 30 00 1 4335.675
2015 09 20 09 45 00 1 4335.668
2015 09 20 10 00 00 1 4335.665
2015 09 20 10 15 00 1 4335.663
2015 09 20 10 30 00 1 4335.661
2015 09 20 10 45 00 1 4335.655
2015 09 20 11 00 00 1 4335.649
2015 09 20 11 15 00 1 4335.653
2015 09 20 11 30 00 1 4335.656
2015 09 20 11 45 00 1 4335.656
2015 09 20 12 00 00 1 4335.658
2015 09 20 12 15 00 1 4335.661
2015 09 20 12 30 00 1 4335.663
2015 09 20 12 45 00 1 4335.665
2015 09 20 13 00 00 1 4335.666
2015 09 20 13 15 00 1 4335.667
2015 09 20 13 30 00 1 4335.671
2015 09 20 13 45 00 1 4335.671
2015 09 20 14 00 00 1 4335.670
2015 09 20 14 15 00 1 4335.670
2015 09 20 14 30 00 1 4335.668
2015 09 20 14 45 00 1 4335.668
2015 09 20 15 00 00 1 4335.669
2015 09 20 15 15 00 1 4335.669
2015 09 20 15 30 00 1 4335.664
2015 09 20 15 45 00 1 4335.663
2015 09 20 16 00 00 1 4335.656
2015 09 20 16 15 00 1 4335.653
2015 09 20 16 30 00 1 4335.647
2015 09 20 16 45 00 1 4335.640
2015 09 20 17 00 00 1 4335.633
2015 09 20 17 15 00 1 4335.627
2015 09 20 17 30 00 1 4335.618
2015 09 20 17 45 00 1 4335.611
2015 09 20 18 00 00 1 4335.604
2015 09 20 18 15 00 1 4335.594
2015 09 20 18 30 00 1 4335.585
2015 09 20 18 45 00 1 4335.577
2015 09 20 19 00 00 1 4335.569
2015 09 20 19 15 00 1 4335.559
2015 09 20 19 30 00 1 4335.554
2015 09 20 19 45 00 1 4335.545
2015 09 20 20 00 00 1 4335.536
2015 09 20 20 15 00 1 4335.534
2015 09 20 20 30 00 1 4335.533
2015 09 20 20 45 00 1 4335.527
2015 09 20 21 00 00 1 4335.527
2015 09 20 21 15 00 1 4335.525
2015 09 20 21 30 00 1 4335.526
2015 09 20 21 45 00 1 4335.530
2015 09 20 22 00 00 1 4335.533
2015 09 20 22 15 00 1 4335.535
2015 09 20 22 30 00 1 4335.543
2015 09 20 22 45 00 1 4335.549
2015 09 20 23 00 00 1 4335.561
2015 09 20 23 15 00 1 4335.570
2015 09 20 23 30 00 1 4335.582
2015 09 20 23 45 00 1 4335.593
2015 09 21 00 00 00 1 4335.605
2015 09 21 00 15 00 1 4335.620
2015 09 21 00 30 00 1 4335.634
2015 09 21 00 45 00 1 4335.649
2015 09 21 01 00 00 1 4335.666
2015 09 21 01 15 00 1 4335.683
2015 09 21 01 30 00 1 4335.701
2015 09 21 01 45 00 1 4335.718
2015 09 21 02 00 00 1 4335.731
2015 09 21 02 15 00 1 4335.748
2015 09 21 02 30 00 1 4335.764
2015 09 21 02 45 00 1 4335.776
2015 09 21 03 00 00 1 4335.786
2015 09 21 03 15 00 1 4335.799
2015 09 21 03 30 00 1 4335.808
2015 09 21 03 45 00 1 4335.822
2015 09 21 04 00 00 1 4335.830
2015 09 21 04 15 00 1 4335.836
2015 09 21 04 30 00 1 4335.842
2015 09 21 04 45 00 1 4335.849
2015 09 21 05 00 00 1 4335.849
2015 09 21 05 15 00 1 4335.850
2015 09 21 05 30 00 1 4335.851
2015 09 21 05 45 00 1 4335.848
2015 09 21 06 00 00 1 4335.845
2015 09 21 06 15 00 1 4335.837
2015 09 21 06 30 00 1 4335.831
2015 09 21 06 45 00 1 4335.823
2015 09 21 07 00 00 1 4335.816
2015 09 21 07 15 00 1 4335.807
2015 09 21 07 30 00 1 4335.796
2015 09 21 07 45 00 1 4335.783
2015 09 21 08 00 00 1 4335.772
2015 09 21 08 15 00 1 4335.764
2015 09 21 08 30 00 1 4335.750
2015 09 21 08 45 00 1 4335.740
2015 09 21 09 00 00 1 4335.726
2015 09 21 09 15 00 1 4335.716
2015 09 21 09 30 00 1 4335.705
2015 09 21 09 45 00 1 4335.697
2015 09 21 10 00 00 1 4335.683
2015 09 21 10 15 00 1 4335.676
2015 09 21 10 30 00 1 4335.669
2015 09 21 10 45 00 1 4335.660
2015 09 21 11 00 00 1 4335.656
2015 09 21 11 15 00 1 4335.652
2015 09 21 11 30 00 1 4335.648
2015 09 21 11 45 00 1 4335.648
2015 09 21 12 00 00 1 4335.648
2015 09 21 12 15 00 1 4335.645
2015 09 21 12 30 00 1 4335.647
2015 09 21 12 45 00 1 4335.649
2015 09 21 13 00 00 1 4335.647
2015 09 21 13 15 00 1 4335.647
2015 09 21 13 30 00 1 4335.646
2015 09 21 13 45 00 1 4335.651
2015 09 21 14 00 00 1 4335.658
2015 09 21 14 15 00 1 4335.661
2015 09 21 14 30 00 1 4335.662
2015 09 21 14 45 00 1 4335.668
2015 09 21 15 00 00 1 4335.672
2015 09 21 15 15 00 1 4335.676
2015 09 21 15 30 00 1 4335.680
2015 09 21 15 45 00 1 4335.682
2015 09 21 16 00 00 1 4335.681
2015 09 21 16 15 00 1 4335.683
2015 09 21 16 30 00 1 4335.683
2015 09 21 16 45 00 1 4335.684
2015 09 21 17 00 00 1 4335.679
2015 09 21 17 15 00 1 4335.679
2015 09 21 17 30 00 1 4335.676
2015 09 21 17 45 00 1 4335.673
2015 09 21 18 00 00 1 4335.664
2015 09 21 18 15 00 1 4335.658
2015 09 21 18 30 00 1 4335.654
2015 09 21 18 45 00 1 4335.646
2015 09 21 19 00 00 1 4335.637
2015 09 21 19 15 00 1 4335.625
2015 09 21 19 30 00 1 4335.618
2015 09 21 19 45 00 1 4335.611
2015 09 21 20 00 00 1 4335.598
2015 09 21 20 15 00 1 4335.590
2015 09 21 20 30 00 1 4335.584
2015 09 21 20 45 00 1 4335.573
2015 09 21 21 00 00 1 4335.563
2015 09 21 21 15 00 1 4335.558
2015 09 21 21 30 00 1 4335.554
2015 09 21 21 45 00 1 4335.551
2015 09 21 22 00 00 1 4335.550
2015 09 21 22 15 00 1 4335.548
2015 09 21 22 30 00 1 4335.548
2015 09 21 22 45 00 1 4335.551
2015 09 21 23 00 00 1 4335.555
2015 09 21 23 15 00 1 4335.559
2015 09 21 23 30 00 1 4335.564
2015 09 21 23 45 00 1 4335.568
2015 09 22 00 00 00 1 4335.576
2015 09 22 00 15 00 1 4335.586
2015 09 22 00 30 00 1 4335.600
2015 09 22 00 45 00 1 4335.615
2015 09 22 01 00 00 1 4335.631
2015 09 22 01 15 00 1 4335.647
2015 09 22 01 30 00 1 4335.665
2015 09 22 01 45 00 1 4335.684
2015 09 22 02 00 00 1 4335.702
2015 09 22 02 15 00 1 4335.720
2015 09 22 02 30 00 1 4335.741
2015 09 22 02 45 00 1 4335.760
2015 09 22 03 00 00 1 4335.778
2015 09 22 03 15 00 1 4335.798
2015 09 22 03 30 00 1 4335.813
2015 09 22 03 45 00 1 4335.829
2015 09 22 04 00 00 1 4335.843
2015 09 22 04 15 00 1 4335.859
2015 09 22 04 30 00 1 4335.871
2015 09 22 04 45 00 1 4335.883
2015 09 22 05 00 00 1 4335.893
2015 09 22 05 15 00 1 4335.900
2015 09 22 05 30 00 1 4335.906
2015 09 22 05 45 00 1 4335.912
2015 09 22 06 00 00 1 4335.916
2015 09 22 06 15 00 1 4335.916
2015 09 22 06 30 00 1 4335.913
2015 09 22 06 45 00 1 4335.906
2015 09 22 07 00 00 1 4335.900
2015 09 22 07 15 00 1 4335.890
2015 09 22 07 30 00 1 4335.883
2015 09 22 07 45 00 1 4335.869
2015 09 22 08 00 00 1 4335.859
2015 09 22 08 15 00 1 4335.847
2015 09 22 08 30 00 1 4335.831
2015 09 22 08 45 00 1 4335.816
2015 09 22 09 00 00 1 4335.803
2015 09 22 09 15 00 1 4335.785
2015 09 22 09 30 00 1 4335.771
2015 09 22 09 45 00 1 4335.755
2015 09 22 10 00 00 1 4335.740
2015 09 22 10 15 00 1 4335.724
2015 09 22 10 30 00 1 4335.709
2015 09 22 10 45 00 1 4335.696
2015 09 22 11 00 00 1 4335.682
2015 09 22 11 15 00 1 4335.671
2015 09 22 11 30 00 1 4335.661
2015 09 22 11 45 00 1 4335.650
2015 09 22 12 00 00 1 4335.641
2015 09 22 12 15 00 1 4335.636
2015 09 22 12 30 00 1 4335.629
2015 09 22 12 45 00 1 4335.628
2015 09 22 13 00 00 1 4335.628
2015 09 22 13 15 00 1 4335.628
2015 09 22 13 30 00 1 4335.628
2015 09 22 13 45 00 1 4335.629
2015 09 22 14 00 00 1 4335.635
2015 09 22 14 15 00 1 4335.641
2015 09 22 14 30 00 1 4335.647
2015 09 22 14 45 00 1 4335.652
2015 09 22 15 00 00 1 4335.654
2015 09 22 15 15 00 1 4335.662
2015 09 22 15 30 00 1 4335.673
2015 09 22 15 45 00 1 4335.678
2015 09 22 16 00 00 1 4335.684
2015 09 22 16 15 00 1 4335.691
2015 09 22 16 30 00 1 4335.692
2015 09 22 16 45 00 1 4335.696
2015 09 22 17 00 00 1 4335.695
2015 09 22 17 15 00 1 4335.697
2015 09 22 17 30 00 1 4335.701
2015 09 22 17 45 00 1 4335.700
2015 09 22 18 00 00 1 4335.698
2015 09 22 18 15 00 1 4335.693
2015 09 22 18 30 00 1 4335.686
2015 09 22 18 45 00 1 4335.682
2015 09 22 19 00 00 1 4335.673
2015 09 22 19 15 00 1 4335.662
2015 09 22 19 30 00 1 4335.648
2015 09 22 19 45 00 1 4335.639
2015 09 22 20 00 00 1 4335.627
2015 09 22 20 15 00 1 4335.612
2015 09 22 20 30 00 1 4335.601
2015 09 22 20 45 00 1 4335.589
2015 09 22 21 00 00 1 4335.574
2015 09 22 21 15 00 1 4335.563
2015 09 22 21 30 00 1 4335.553
2015 09 22 21 45 00 1 4335.544
2015 09 22 22 00 00 1 4335.534
2015 09 22 22 15 00 1 4335.523
2015 09 22 22 30 00 1 4335.516
2015 09 22 22 45 00 1 4335.513
2015 09 22 23 00 00 1 4335.506
2015 09 22 23 15 00 1 4335.503
2015 09 22 23 30 00 1 4335.504
2015 09 22 23 45 00 1 4335.504
2015 09 23 00 00 00 1 4335.511
2015 09 23 00 15 00 1 4335.516
2015 09 23 00 30 00 1 4335.525
2015 09 23 00 45 00 1 4335.538
2015 09 23 01 00 00 1 4335.551
2015 09 23 01 15 00 1 4335.564
2015 09 23 01 30 00 1 4335.580
2015 09 23 01 45 00 1 4335.602
2015 09 23 02 00 00 1 4335.621
2015 09 23 02 15 00 1 4335.640
2015 09 23 02 30 00 1 4335.662
2015 09 23 02 45 00 1 4335.685
2015 09 23 03 00 00 1 4335.707
2015 09 23 03 15 00 1 4335.730
2015 09 23 03 30 00 1 4335.748
2015 09 23 03 45 00 1 4335.771
2015 09 23 04 00 00 1 4335.794
2015 09 23 04 15 00 1 4335.813
2015 09 23 04 30 00 1 4335.834
2015 09 23 04 45 00 1 4335.854
2015 09 23 05 00 00 1 4335.871
2015 09 23 05 15 00 1 4335.885
2015 09 23 05 30 00 1 4335.896
2015 09 23 05 45 00 1 4335.910
2015 09 23 06 00 00 1 4335.918
2015 09 23 06 15 00 1 4335.928
2015 09 23 06 30 00 1 4335.932
2015 09 23 06 45 00 1 4335.933
2015 09 23 07 00 00 1 4335.932
2015 09 23 07 15 00 1 4335.929
2015 09 23 07 30 00 1 4335.922
2015 09 23 07 45 00 1 4335.915
2015 09 23 08 00 00 1 4335.904
2015 09 23 08 15 00 1 4335.890
2015 09 23 08 30 00 1 4335.876
2015 09 23 08 45 00 1 4335.861
2015 09 23 09 00 00 1 4335.844
2015 09 23 09 15 00 1 4335.825
2015 09 23 09 30 00 1 4335.803
2015 09 23 09 45 00 1 4335.781
2015 09 23 10 00 00 1 4335.762
2015 09 23 10 15 00 1 4335.739
2015 09 23 10 30 00 1 4335.718
2015 09 23 10 45 00 1 4335.700
2015 09 23 11 00 00 1 4335.682
2015 09 23 11 15 00 1 4335.667
2015 09 23 11 30 00 1 4335.648
2015 09 23 11 45 00 1 4335.636
2015 09 23 12 00 00 1 4335.621
2015 09 23 12 15 00 1 4335.609
2015 09 23 12 30 00 1 4335.597
2015 09 23 12 45 00 1 4335.586
2015 09 23 13 00 00 1 4335.577
2015 09 23 13 15 00 1 4335.571
2015 09 23 13 30 00 1 4335.567
2015 09 23 13 45 00 1 4335.570
2015 09 23 14 00 00 1 4335.570
2015 09 23 14 15 00 1 4335.573
2015 09 23 14 30 00 1 4335.579
2015 09 23 14 45 00 1 4335.584
2015 09 23 15 00 00 1 4335.594
2015 09 23 15 15 00 1 4335.605
2015 09 23 15 30 00 1 4335.613
2015 09 23 15 45 00 1 4335.622
2015 09 23 16 00 00 1 4335.635
2015 09 23 16 15 00 1 4335.647
2015 09 23 16 30 00 1 4335.658
2015 09 23 16 45 00 1 4335.669
2015 09 23 17 00 00 1 4335.678
2015 09 23 17 15 00 1 4335.683
2015 09 23 17 30 00 1 4335.692
2015 09 23 17 45 00 1 4335.698
2015 09 23 18 00 00 1 4335.701
2015 09 23 18 15 00 1 4335.705
2015 09 23 18 30 00 1 4335.704
2015 09 23 18 45 00 1 4335.703
2015 09 23 19 00 00 1 4335.699
2015 09 23 19 15 00 1 4335.694
2015 09 23 19 30 00 1 4335.688
2015 09 23 19 45 00 1 4335.680
2015 09 23 20 00 00 1 4335.672
2015 09 23 20 15 00 1 4335.658
2015 09 23 20 30 00 1 4335.646
2015 09 23 20 45 00 1 4335.633
2015 09 23 21 00 00 1 4335.616
2015 09 23 21 15 00 1 4335.599
2015 09 23 21 30 00 1 4335.583
2015 09 23 21 45 00 1 4335.566
2015 09 23 22 00 00 1 4335.547
2015 09 23 22 15 00 1 4335.532
2015 09 23 22 30 00 1 4335.515
2015 09 23 22 45 00 1 4335.500
