#YY  MM DD hh mm ss T   HEIGHT
#yr  mo dy hr mn  s -        m
2015 08 16 23 00 00 1 4830.061
2015 08 16 23 15 00 1 4830.107
2015 08 16 23 30 00 1 4830.150
2015 08 16 23 45 00 1 4830.194
2015 08 17 00 00 00 1 4830.240
2015 08 17 00 15 00 1 4830.287
2015 08 17 00 30 00 1 4830.335
2015 08 17 00 45 00 1 4830.373
2015 08 17 01 00 00 1 4830.412
2015 08 17 01 15 00 1 4830.453
2015 08 17 01 30 00 1 4830.486
2015 08 17 01 45 00 1 4830.512
2015 08 17 02 00 00 1 4830.536
2015 08 17 02 15 00 1 4830.551
2015 08 17 02 30 00 1 4830.562
2015 08 17 02 45 00 1 4830.565
2015 08 17 03 00 00 1 4830.561
2015 08 17 03 15 00 1 4830.556
2015 08 17 03 30 00 1 4830.537
2015 08 17 03 45 00 1 4830.514
2015 08 17 04 00 00 1 4830.489
2015 08 17 04 15 00 1 4830.459
2015 08 17 04 30 00 1 4830.425
2015 08 17 04 45 00 1 4830.387
2015 08 17 05 00 00 1 4830.346
2015 08 17 05 15 00 1 4830.305
2015 08 17 05 30 00 1 4830.261
2015 08 17 05 45 00 1 4830.221
2015 08 17 06 00 00 1 4830.178
2015 08 17 06 15 00 1 4830.139
2015 08 17 06 30 00 1 4830.101
2015 08 17 06 45 00 1 4830.066
2015 08 17 07 00 00 1 4830.035
2015 08 17 07 15 00 1 4830.008
2015 08 17 07 30 00 1 4829.982
2015 08 17 07 45 00 1 4829.961
2015 08 17 08 00 00 1 4829.946
2015 08 17 08 15 00 1 4829.937
2015 08 17 08 30 00 1 4829.937
2015 08 17 08 45 00 1 4829.939
2015 08 17 09 00 00 1 4829.949
2015 08 17 09 15 00 1 4829.963
2015 08 17 09 30 00 1 4829.987
2015 08 17 09 45 00 1 4830.014
2015 08 17 10 00 00 1 4830.048
2015 08 17 10 15 00 1 4830.088
2015 08 17 10 30 00 1 4830.133
2015 08 17 10 45 00 1 4830.181
2015 08 17 11 00 00 1 4830.229
2015 08 17 11 15 00 1 4830.279
2015 08 17 11 30 00 1 4830.333
2015 08 17 11 45 00 1 4830.384
2015 08 17 12 00 00 1 4830.436
2015 08 17 12 15 00 1 4830.487
2015 08 17 12 30 00 1 4830.535
2015 08 17 12 45 00 1 4830.580
2015 08 17 13 00 00 1 4830.622
2015 08 17 13 15 00 1 4830.659
2015 08 17 13 30 00 1 4830.692
2015 08 17 13 45 00 1 4830.721
2015 08 17 14 00 00 1 4830.743
2015 08 17 14 15 00 1 4830.761
2015 08 17 14 30 00 1 4830.775
2015 08 17 14 45 00 1 4830.778
2015 08 17 15 00 00 1 4830.777
2015 08 17 15 15 00 1 4830.771
2015 08 17 15 30 00 1 4830.754
2015 08 17 15 45 00 1 4830.734
2015 08 17 16 00 00 1 4830.707
2015 08 17 16 15 00 1 4830.673
2015 08 17 16 30 00 1 4830.635
2015 08 17 16 45 00 1 4830.596
2015 08 17 17 00 00 1 4830.551
2015 08 17 17 15 00 1 4830.502
2015 08 17 17 30 00 1 4830.455
2015 08 17 17 45 00 1 4830.403
2015 08 17 18 00 00 1 4830.349
2015 08 17 18 15 00 1 4830.297
2015 08 17 18 30 00 1 4830.250
2015 08 17 18 45 00 1 4830.200
2015 08 17 19 00 00 1 4830.149
2015 08 17 19 15 00 1 4830.108
2015 08 17 19 30 00 1 4830.064
2015 08 17 19 45 00 1 4830.024
2015 08 17 20 00 00 1 4829.988
2015 08 17 20 15 00 1 4829.959
2015 08 17 20 30 00 1 4829.938
2015 08 17 20 45 00 1 4829.919
2015 08 17 21 00 00 1 4829.906
2015 08 17 21 15 00 1 4829.904
2015 08 17 21 30 00 1 4829.901
2015 08 17 21 45 00 1 4829.906
2015 08 17 22 00 00 1 4829.916
2015 08 17 22 15 00 1 4829.932
2015 08 17 22 30 00 1 4829.950
2015 08 17 22 45 00 1 4829.973
2015 08 17 23 00 00 1 4830.007
2015 08 17 23 15 00 1 4830.042
2015 08 17 23 30 00 1 4830.083
2015 08 17 23 45 00 1 4830.122
2015 08 18 00 00 00 1 4830.168
2015 08 18 00 15 00 1 4830.213
2015 08 18 00 30 00 1 4830.262
2015 08 18 00 45 00 1 4830.303
2015 08 18 01 00 00 1 4830.350
2015 08 18 01 15 00 1 4830.392
2015 08 18 01 30 00 1 4830.432
2015 08 18 01 45 00 1 4830.464
2015 08 18 02 00 00 1 4830.498
2015 08 18 02 15 00 1 4830.523
2015 08 18 02 30 00 1 4830.548
2015 08 18 02 45 00 1 4830.566
2015 08 18 03 00 00 1 4830.576
2015 08 18 03 15 00 1 4830.578
2015 08 18 03 30 00 1 4830.580
2015 08 18 03 45 00 1 4830.573
2015 08 18 04 00 00 1 4830.563
2015 08 18 04 15 00 1 4830.547
2015 08 18 04 30 00 1 4830.525
2015 08 18 04 45 00 1 4830.499
2015 08 18 05 00 00 1 4830.470
2015 08 18 05 15 00 1 4830.437
2015 08 18 05 30 00 1 4830.400
2015 08 18 05 45 00 1 4830.360
2015 08 18 06 00 00 1 4830.317
2015 08 18 06 15 00 1 4830.276
2015 08 18 06 30 00 1 4830.237
2015 08 18 06 45 00 1 4830.198
2015 08 18 07 00 00 1 4830.161
2015 08 18 07 15 00 1 4830.127
2015 08 18 07 30 00 1 4830.097
2015 08 18 07 45 00 1 4830.067
2015 08 18 08 00 00 1 4830.043
2015 08 18 08 15 00 1 4830.027
2015 08 18 08 30 00 1 4830.014
2015 08 18 08 45 00 1 4830.004
2015 08 18 09 00 00 1 4830.002
2015 08 18 09 15 00 1 4830.004
2015 08 18 09 30 00 1 4830.013
2015 08 18 09 45 00 1 4830.028
2015 08 18 10 00 00 1 4830.046
2015 08 18 10 15 00 1 4830.067
2015 08 18 10 30 00 1 4830.091
2015 08 18 10 45 00 1 4830.125
2015 08 18 11 00 00 1 4830.162
2015 08 18 11 15 00 1 4830.202
2015 08 18 11 30 00 1 4830.243
2015 08 18 11 45 00 1 4830.283
2015 08 18 12 00 00 1 4830.328
2015 08 18 12 15 00 1 4830.374
2015 08 18 12 30 00 1 4830.420
2015 08 18 12 45 00 1 4830.464
2015 08 18 13 00 00 1 4830.505
2015 08 18 13 15 00 1 4830.549
2015 08 18 13 30 00 1 4830.586
2015 08 18 13 45 00 1 4830.624
2015 08 18 14 00 00 1 4830.655
2015 08 18 14 15 00 1 4830.681
2015 08 18 14 30 00 1 4830.702
2015 08 18 14 45 00 1 4830.717
2015 08 18 15 00 00 1 4830.726
2015 08 18 15 15 00 1 4830.730
2015 08 18 15 30 00 1 4830.726
2015 08 18 15 45 00 1 4830.719
2015 08 18 16 00 00 1 4830.706
2015 08 18 16 15 00 1 4830.686
2015 08 18 16 30 00 1 4830.662
2015 08 18 16 45 00 1 4830.632
2015 08 18 17 00 00 1 4830.600
2015 08 18 17 15 00 1 4830.565
2015 08 18 17 30 00 1 4830.523
2015 08 18 17 45 00 1 4830.478
2015 08 18 18 00 00 1 4830.434
2015 08 18 18 15 00 1 4830.390
2015 08 18 18 30 00 1 4830.343
2015 08 18 18 45 00 1 4830.292
2015 08 18 19 00 00 1 4830.241
2015 08 18 19 15 00 1 4830.194
2015 08 18 19 30 00 1 4830.150
2015 08 18 19 45 00 1 4830.107
2015 08 18 20 00 00 1 4830.067
2015 08 18 20 15 00 1 4830.032
2015 08 18 20 30 00 1 4830.001
2015 08 18 20 45 00 1 4829.977
2015 08 18 21 00 00 1 4829.959
2015 08 18 21 15 00 1 4829.941
2015 08 18 21 30 00 1 4829.928
2015 08 18 21 45 00 1 4829.926
2015 08 18 22 00 00 1 4829.928
2015 08 18 22 15 00 1 4829.930
2015 08 18 22 30 00 1 4829.935
2015 08 18 22 45 00 1 4829.949
2015 08 18 23 00 00 1 4829.967
2015 08 18 23 15 00 1 4829.991
2015 08 18 23 30 00 1 4830.017
2015 08 18 23 45 00 1 4830.049
2015 08 19 00 00 00 1 4830.081
2015 08 19 00 15 00 1 4830.120
2015 08 19 00 30 00 1 4830.157
2015 08 19 00 45 00 1 4830.199
2015 08 19 01 00 00 1 4830.242
2015 08 19 01 15 00 1 4830.283
2015 08 19 01 30 00 1 4830.321
2015 08 19 01 45 00 1 4830.360
2015 08 19 02 00 00 1 4830.397
2015 08 19 02 15 00 1 4830.432
2015 08 19 02 30 00 1 4830.462
2015 08 19 02 45 00 1 4830.491
2015 08 19 03 00 00 1 4830.515
2015 08 19 03 15 00 1 4830.530
2015 08 19 03 30 00 1 4830.542
2015 08 19 03 45 00 1 4830.549
2015 08 19 04 00 00 1 4830.548
2015 08 19 04 15 00 1 4830.544
2015 08 19 04 30 00 1 4830.537
2015 08 19 04 45 00 1 4830.520
2015 08 19 05 00 00 1 4830.504
2015 08 19 05 15 00 1 4830.481
2015 08 19 05 30 00 1 4830.454
2015 08 19 05 45 00 1 4830.422
2015 08 19 06 00 00 1 4830.389
2015 08 19 06 15 00 1 4830.355
2015 08 19 06 30 00 1 4830.323
2015 08 19 06 45 00 1 4830.287
2015 08 19 07 00 00 1 4830.249
2015 08 19 07 15 00 1 4830.210
2015 08 19 07 30 00 1 4830.182
2015 08 19 07 45 00 1 4830.151
2015 08 19 08 00 00 1 4830.121
2015 08 19 08 15 00 1 4830.096
2015 08 19 08 30 00 1 4830.068
2015 08 19 08 45 00 1 4830.054
2015 08 19 09 00 00 1 4830.041
2015 08 19 09 15 00 1 4830.028
2015 08 19 09 30 00 1 4830.023
2015 08 19 09 45 00 1 4830.023
2015 08 19 10 00 00 1 4830.029
2015 08 19 10 15 00 1 4830.036
2015 08 19 10 30 00 1 4830.050
2015 08 19 10 45 00 1 4830.069
2015 08 19 11 00 00 1 4830.087
2015 08 19 11 15 00 1 4830.111
2015 08 19 11 30 00 1 4830.142
2015 08 19 11 45 00 1 4830.173
2015 08 19 12 00 00 1 4830.207
2015 08 19 12 15 00 1 4830.248
2015 08 19 12 30 00 1 4830.290
2015 08 19 12 45 00 1 4830.328
2015 08 19 13 00 00 1 4830.367
2015 08 19 13 15 00 1 4830.404
2015 08 19 13 30 00 1 4830.437
2015 08 19 13 45 00 1 4830.473
2015 08 19 14 00 00 1 4830.504
2015 08 19 14 15 00 1 4830.534
2015 08 19 14 30 00 1 4830.557
2015 08 19 14 45 00 1 4830.584
2015 08 19 15 00 00 1 4830.600
2015 08 19 15 15 00 1 4830.613
2015 08 19 15 30 00 1 4830.620
2015 08 19 15 45 00 1 4830.625
2015 08 19 16 00 00 1 4830.625
2015 08 19 16 15 00 1 4830.619
2015 08 19 16 30 00 1 4830.606
2015 08 19 16 45 00 1 4830.587
2015 08 19 17 00 00 1 4830.570
2015 08 19 17 15 00 1 4830.540
2015 08 19 17 30 00 1 4830.515
2015 08 19 17 45 00 1 4830.484
2015 08 19 18 00 00 1 4830.452
2015 08 19 18 15 00 1 4830.416
2015 08 19 18 30 00 1 4830.378
2015 08 19 18 45 00 1 4830.339
2015 08 19 19 00 00 1 4830.296
2015 08 19 19 15 00 1 4830.257
2015 08 19 19 30 00 1 4830.214
2015 08 19 19 45 00 1 4830.171
2015 08 19 20 00 00 1 4830.138
2015 08 19 20 15 00 1 4830.104
2015 08 19 20 30 00 1 4830.069
2015 08 19 20 45 00 1 4830.040
2015 08 19 21 00 00 1 4830.019
2015 08 19 21 15 00 1 4829.994
2015 08 19 21 30 00 1 4829.977
2015 08 19 21 45 00 1 4829.963
2015 08 19 22 00 00 1 4829.953
2015 08 19 22 15 00 1 4829.950
2015 08 19 22 30 00 1 4829.950
2015 08 19 22 45 00 1 4829.952
2015 08 19 23 00 00 1 4829.964
2015 08 19 23 15 00 1 4829.976
2015 08 19 23 30 00 1 4829.996
2015 08 19 23 45 00 1 4830.015
2015 08 20 00 00 00 1 4830.044
2015 08 20 00 15 00 1 4830.073
2015 08 20 00 30 00 1 4830.107
2015 08 20 00 45 00 1 4830.139
2015 08 20 01 00 00 1 4830.178
2015 08 20 01 15 00 1 4830.218
2015 08 20 01 30 00 1 4830.255
2015 08 20 01 45 00 1 4830.295
2015 08 20 02 00 00 1 4830.333
2015 08 20 02 15 00 1 4830.371
2015 08 20 02 30 00 1 4830.403
2015 08 20 02 45 00 1 4830.436
2015 08 20 03 00 00 1 4830.460
2015 08 20 03 15 00 1 4830.490
2015 08 20 03 30 00 1 4830.514
2015 08 20 03 45 00 1 4830.526
2015 08 20 04 00 00 1 4830.538
2015 08 20 04 15 00 1 4830.545
2015 08 20 04 30 00 1 4830.550
2015 08 20 04 45 00 1 4830.550
2015 08 20 05 00 00 1 4830.544
2015 08 20 05 15 00 1 4830.535
2015 08 20 05 30 00 1 4830.523
2015 08 20 05 45 00 1 4830.504
2015 08 20 06 00 00 1 4830.485
2015 08 20 06 15 00 1 4830.460
2015 08 20 06 30 00 1 4830.434
2015 08 20 06 45 00 1 4830.404
2015 08 20 07 00 00 1 4830.375
2015 08 20 07 15 00 1 4830.343
2015 08 20 07 30 00 1 4830.310
2015 08 20 07 45 00 1 4830.281
2015 08 20 08 00 00 1 4830.247
2015 08 20 08 15 00 1 4830.219
2015 08 20 08 30 00 1 4830.191
2015 08 20 08 45 00 1 4830.162
2015 08 20 09 00 00 1 4830.142
2015 08 20 09 15 00 1 4830.125
2015 08 20 09 30 00 1 4830.111
2015 08 20 09 45 00 1 4830.104
2015 08 20 10 00 00 1 4830.099
2015 08 20 10 15 00 1 4830.097
2015 08 20 10 30 00 1 4830.101
2015 08 20 10 45 00 1 4830.106
2015 08 20 11 00 00 1 4830.116
2015 08 20 11 15 00 1 4830.128
2015 08 20 11 30 00 1 4830.141
2015 08 20 11 45 00 1 4830.162
2015 08 20 12 00 00 1 4830.182
2015 08 20 12 15 00 1 4830.208
2015 08 20 12 30 00 1 4830.240
2015 08 20 12 45 00 1 4830.269
2015 08 20 13 00 00 1 4830.300
2015 08 20 13 15 00 1 4830.331
2015 08 20 13 30 00 1 4830.361
2015 08 20 13 45 00 1 4830.394
2015 08 20 14 00 00 1 4830.422
2015 08 20 14 15 00 1 4830.451
2015 08 20 14 30 00 1 4830.478
2015 08 20 14 45 00 1 4830.500
2015 08 20 15 00 00 1 4830.521
2015 08 20 15 15 00 1 4830.538
2015 08 20 15 30 00 1 4830.548
2015 08 20 15 45 00 1 4830.558
2015 08 20 16 00 00 1 4830.563
2015 08 20 16 15 00 1 4830.566
2015 08 20 16 30 00 1 4830.563
2015 08 20 16 45 00 1 4830.554
2015 08 20 17 00 00 1 4830.542
2015 08 20 17 15 00 1 4830.526
2015 08 20 17 30 00 1 4830.506
2015 08 20 17 45 00 1 4830.483
2015 08 20 18 00 00 1 4830.461
2015 08 20 18 15 00 1 4830.435
2015 08 20 18 30 00 1 4830.408
2015 08 20 18 45 00 1 4830.380
2015 08 20 19 00 00 1 4830.346
2015 08 20 19 15 00 1 4830.310
2015 08 20 19 30 00 1 4830.272
2015 08 20 19 45 00 1 4830.236
2015 08 20 20 00 00 1 4830.201
2015 08 20 20 15 00 1 4830.164
2015 08 20 20 30 00 1 4830.136
2015 08 20 20 45 00 1 4830.104
2015 08 20 21 00 00 1 4830.075
2015 08 20 21 15 00 1 4830.055
2015 08 20 21 30 00 1 4830.029
2015 08 20 21 45 00 1 4830.013
2015 08 20 22 00 00 1 4829.999
2015 08 20 22 15 00 1 4829.989
2015 08 20 22 30 00 1 4829.979
2015 08 20 22 45 00 1 4829.977
2015 08 20 23 00 00 1 4829.978
2015 08 20 23 15 00 1 4829.985
2015 08 20 23 30 00 1 4829.991
2015 08 20 23 45 00 1 4830.004
2015 08 21 00 00 00 1 4830.019
2015 08 21 00 15 00 1 4830.041
2015 08 21 00 30 00 1 4830.063
2015 08 21 00 45 00 1 4830.089
2015 08 21 01 00 00 1 4830.120
2015 08 21 01 15 00 1 4830.152
2015 08 21 01 30 00 1 4830.187
2015 08 21 01 45 00 1 4830.220
2015 08 21 02 00 00 1 4830.256
2015 08 21 02 15 00 1 4830.290
2015 08 21 02 30 00 1 4830.329
2015 08 21 02 45 00 1 4830.363
2015 08 21 03 00 00 1 4830.397
2015 08 21 03 15 00 1 4830.428
2015 08 21 03 30 00 1 4830.456
2015 08 21 03 45 00 1 4830.481
2015 08 21 04 00 00 1 4830.502
2015 08 21 04 15 00 1 4830.520
2015 08 21 04 30 00 1 4830.535
2015 08 21 04 45 00 1 4830.547
2015 08 21 05 00 00 1 4830.551
2015 08 21 05 15 00 1 4830.554
2015 08 21 05 30 00 1 4830.552
2015 08 21 05 45 00 1 4830.546
2015 08 21 06 00 00 1 4830.536
2015 08 21 06 15 00 1 9999.000
2015 08 21 06 30 00 1 9999.000
2015 08 21 06 45 00 1 9999.000
2015 08 21 07 00 00 1 9999.000
2015 08 21 07 15 00 1 9999.000
2015 08 21 07 30 00 1 9999.000
2015 08 21 07 45 00 1 9999.000
2015 08 21 08 00 00 1 9999.000
2015 08 21 08 15 00 1 9999.000
2015 08 21 08 30 00 1 9999.000
2015 08 21 08 45 00 1 9999.000
2015 08 21 09 00 00 1 9999.000
2015 08 21 09 15 00 1 9999.000
2015 08 21 09 30 00 1 9999.000
2015 08 21 09 45 00 1 9999.000
2015 08 21 10 00 00 1 9999.000
2015 08 21 10 15 00 1 9999.000
2015 08 21 10 30 00 1 9999.000
2015 08 21 10 45 00 1 9999.000
2015 08 21 11 00 00 1 9999.000
2015 08 21 11 15 00 1 4830.143
2015 08 21 11 30 00 1 4830.145
2015 08 21 11 45 00 1 4830.153
2015 08 21 12 00 00 1 4830.162
2015 08 21 12 15 00 1 9999.000
2015 08 21 12 30 00 1 9999.000
2015 08 21 12 45 00 1 9999.000
2015 08 21 13 00 00 1 9999.000
2015 08 21 13 15 00 1 9999.000
2015 08 21 13 30 00 1 9999.000
2015 08 21 13 45 00 1 9999.000
2015 08 21 14 00 00 1 9999.000
2015 08 21 14 15 00 1 4830.352
2015 08 21 14 30 00 1 4830.374
2015 08 21 14 45 00 1 4830.396
2015 08 21 15 00 00 1 4830.413
2015 08 21 15 15 00 1 4830.433
2015 08 21 15 30 00 1 4830.445
2015 08 21 15 45 00 1 4830.458
2015 08 21 16 00 00 1 4830.472
2015 08 21 16 15 00 1 4830.478
2015 08 21 16 30 00 1 4830.481
2015 08 21 16 45 00 1 4830.485
2015 08 21 17 00 00 1 4830.485
2015 08 21 17 15 00 1 4830.482
2015 08 21 17 30 00 1 4830.475
2015 08 21 17 45 00 1 4830.463
2015 08 21 18 00 00 1 4830.449
2015 08 21 18 15 00 1 4830.432
2015 08 21 18 30 00 1 4830.413
2015 08 21 18 45 00 1 4830.391
2015 08 21 19 00 00 1 4830.368
2015 08 21 19 15 00 1 4830.345
2015 08 21 19 30 00 1 4830.318
2015 08 21 19 45 00 1 4830.291
2015 08 21 20 00 00 1 4830.264
2015 08 21 20 15 00 1 4830.236
2015 08 21 20 30 00 1 4830.208
2015 08 21 20 45 00 1 4830.180
2015 08 21 21 00 00 1 4830.153
2015 08 21 21 15 00 1 4830.129
2015 08 21 21 30 00 1 4830.108
2015 08 21 21 45 00 1 4830.085
2015 08 21 22 00 00 1 4830.065
2015 08 21 22 15 00 1 4830.050
2015 08 21 22 30 00 1 4830.037
2015 08 21 22 45 00 1 4830.027
2015 08 21 23 00 00 1 4830.018
2015 08 21 23 15 00 1 4830.015
2015 08 21 23 30 00 1 4830.016
2015 08 21 23 45 00 1 4830.022
2015 08 22 00 00 00 1 4830.029
2015 08 22 00 15 00 1 4830.038
2015 08 22 00 30 00 1 4830.050
2015 08 22 00 45 00 1 4830.069
2015 08 22 01 00 00 1 4830.089
2015 08 22 01 15 00 1 4830.112
2015 08 22 01 30 00 1 4830.136
2015 08 22 01 45 00 1 4830.162
2015 08 22 02 00 00 1 4830.191
2015 08 22 02 15 00 1 4830.220
2015 08 22 02 30 00 1 4830.246
2015 08 22 02 45 00 1 4830.279
2015 08 22 03 00 00 1 4830.308
2015 08 22 03 15 00 1 4830.340
2015 08 22 03 30 00 1 4830.372
2015 08 22 03 45 00 1 4830.399
2015 08 22 04 00 00 1 4830.430
2015 08 22 04 15 00 1 4830.457
2015 08 22 04 30 00 1 4830.480
2015 08 22 04 45 00 1 4830.502
2015 08 22 05 00 00 1 4830.520
2015 08 22 05 15 00 1 4830.534
2015 08 22 05 30 00 1 4830.543
2015 08 22 05 45 00 1 4830.551
2015 08 22 06 00 00 1 4830.553
2015 08 22 06 15 00 1 4830.552
2015 08 22 06 30 00 1 4830.545
2015 08 22 06 45 00 1 4830.538
2015 08 22 07 00 00 1 4830.526
2015 08 22 07 15 00 1 4830.515
2015 08 22 07 30 00 1 4830.500
2015 08 22 07 45 00 1 4830.481
2015 08 22 08 00 00 1 4830.461
2015 08 22 08 15 00 1 4830.439
2015 08 22 08 30 00 1 4830.421
2015 08 22 08 45 00 1 4830.401
2015 08 22 09 00 00 1 4830.377
2015 08 22 09 15 00 1 4830.355
2015 08 22 09 30 00 1 4830.334
2015 08 22 09 45 00 1 4830.313
2015 08 22 10 00 00 1 4830.291
2015 08 22 10 15 00 1 4830.273
2015 08 22 10 30 00 1 4830.256
2015 08 22 10 45 00 1 4830.241
2015 08 22 11 00 00 1 4830.228
2015 08 22 11 15 00 1 4830.218
2015 08 22 11 30 00 1 4830.212
2015 08 22 11 45 00 1 4830.207
2015 08 22 12 00 00 1 4830.205
2015 08 22 12 15 00 1 4830.205
2015 08 22 12 30 00 1 4830.209
2015 08 22 12 45 00 1 4830.213
2015 08 22 13 00 00 1 4830.218
2015 08 22 13 15 00 1 4830.227
2015 08 22 13 30 00 1 4830.234
2015 08 22 13 45 00 1 4830.246
2015 08 22 14 00 00 1 4830.262
2015 08 22 14 15 00 1 4830.274
2015 08 22 14 30 00 1 4830.292
2015 08 22 14 45 00 1 4830.306
2015 08 22 15 00 00 1 4830.322
2015 08 22 15 15 00 1 4830.339
2015 08 22 15 30 00 1 4830.354
2015 08 22 15 45 00 1 4830.369
2015 08 22 16 00 00 1 4830.378
2015 08 22 16 15 00 1 4830.388
2015 08 22 16 30 00 1 4830.400
2015 08 22 16 45 00 1 4830.404
2015 08 22 17 00 00 1 4830.407
2015 08 22 17 15 00 1 4830.410
2015 08 22 17 30 00 1 4830.412
2015 08 22 17 45 00 1 4830.409
2015 08 22 18 00 00 1 4830.407
2015 08 22 18 15 00 1 4830.399
2015 08 22 18 30 00 1 4830.391
2015 08 22 18 45 00 1 4830.381
2015 08 22 19 00 00 1 4830.366
2015 08 22 19 15 00 1 4830.351
2015 08 22 19 30 00 1 4830.335
2015 08 22 19 45 00 1 4830.315
2015 08 22 20 00 00 1 4830.298
2015 08 22 20 15 00 1 4830.277
2015 08 22 20 30 00 1 4830.257
2015 08 22 20 45 00 1 4830.235
2015 08 22 21 00 00 1 4830.213
2015 08 22 21 15 00 1 4830.191
2015 08 22 21 30 00 1 4830.169
2015 08 22 21 45 00 1 4830.147
2015 08 22 22 00 00 1 4830.129
2015 08 22 22 15 00 1 4830.106
2015 08 22 22 30 00 1 4830.091
2015 08 22 22 45 00 1 4830.078
2015 08 22 23 00 00 1 4830.066
2015 08 22 23 15 00 1 4830.057
2015 08 22 23 30 00 1 4830.053
2015 08 22 23 45 00 1 4830.051
2015 08 23 00 00 00 1 4830.048
2015 08 23 00 15 00 1 4830.045
2015 08 23 00 30 00 1 4830.047
2015 08 23 00 45 00 1 4830.054
2015 08 23 01 00 00 1 4830.062
2015 08 23 01 15 00 1 4830.072
2015 08 23 01 30 00 1 4830.084
2015 08 23 01 45 00 1 4830.103
2015 08 23 02 00 00 1 4830.121
2015 08 23 02 15 00 1 4830.140
2015 08 23 02 30 00 1 4830.164
2015 08 23 02 45 00 1 4830.189
2015 08 23 03 00 00 1 4830.215
2015 08 23 03 15 00 1 4830.243
2015 08 23 03 30 00 1 4830.273
2015 08 23 03 45 00 1 4830.303
2015 08 23 04 00 00 1 4830.333
2015 08 23 04 15 00 1 4830.363
2015 08 23 04 30 00 1 4830.389
2015 08 23 04 45 00 1 4830.416
2015 08 23 05 00 00 1 4830.439
2015 08 23 05 15 00 1 4830.461
2015 08 23 05 30 00 1 4830.481
2015 08 23 05 45 00 1 4830.496
2015 08 23 06 00 00 1 4830.512
2015 08 23 06 15 00 1 4830.524
2015 08 23 06 30 00 1 4830.532
2015 08 23 06 45 00 1 4830.540
2015 08 23 07 00 00 1 4830.543
2015 08 23 07 15 00 1 4830.545
2015 08 23 07 30 00 1 4830.545
2015 08 23 07 45 00 1 4830.541
2015 08 23 08 00 00 1 4830.531
2015 08 23 08 15 00 1 4830.519
2015 08 23 08 30 00 1 4830.508
2015 08 23 08 45 00 1 4830.493
2015 08 23 09 00 00 1 4830.472
2015 08 23 09 15 00 1 4830.451
2015 08 23 09 30 00 1 4830.431
2015 08 23 09 45 00 1 4830.411
2015 08 23 10 00 00 1 4830.387
2015 08 23 10 15 00 1 4830.368
2015 08 23 10 30 00 1 4830.348
2015 08 23 10 45 00 1 4830.329
2015 08 23 11 00 00 1 4830.312
2015 08 23 11 15 00 1 4830.295
2015 08 23 11 30 00 1 4830.278
2015 08 23 11 45 00 1 4830.263
2015 08 23 12 00 00 1 4830.249
2015 08 23 12 15 00 1 4830.236
2015 08 23 12 30 00 1 4830.227
2015 08 23 12 45 00 1 4830.218
2015 08 23 13 00 00 1 4830.211
2015 08 23 13 15 00 1 4830.207
2015 08 23 13 30 00 1 4830.204
2015 08 23 13 45 00 1 4830.202
2015 08 23 14 00 00 1 4830.205
2015 08 23 14 15 00 1 4830.210
2015 08 23 14 30 00 1 4830.214
2015 08 23 14 45 00 1 4830.222
2015 08 23 15 00 00 1 4830.233
2015 08 23 15 15 00 1 4830.241
2015 08 23 15 30 00 1 4830.249
2015 08 23 15 45 00 1 4830.257
2015 08 23 16 00 00 1 4830.267
2015 08 23 16 15 00 1 4830.276
2015 08 23 16 30 00 1 4830.286
2015 08 23 16 45 00 1 4830.297
2015 08 23 17 00 00 1 4830.303
2015 08 23 17 15 00 1 4830.313
2015 08 23 17 30 00 1 4830.319
2015 08 23 17 45 00 1 4830.327
2015 08 23 18 00 00 1 4830.332
2015 08 23 18 15 00 1 4830.338
2015 08 23 18 30 00 1 4830.338
2015 08 23 18 45 00 1 4830.339
2015 08 23 19 00 00 1 4830.339
2015 08 23 19 15 00 1 4830.334
2015 08 23 19 30 00 1 4830.329
2015 08 23 19 45 00 1 4830.323
2015 08 23 20 00 00 1 4830.314
2015 08 23 20 15 00 1 4830.307
2015 08 23 20 30 00 1 4830.295
2015 08 23 20 45 00 1 4830.284
2015 08 23 21 00 00 1 4830.271
2015 08 23 21 15 00 1 4830.255
2015 08 23 21 30 00 1 4830.240
2015 08 23 21 45 00 1 4830.224
2015 08 23 22 00 00 1 4830.209
2015 08 23 22 15 00 1 4830.191
2015 08 23 22 30 00 1 4830.176
2015 08 23 22 45 00 1 4830.159
2015 08 23 23 00 00 1 4830.146
2015 08 23 23 15 00 1 4830.130
2015 08 23 23 30 00 1 4830.119
2015 08 23 23 45 00 1 4830.106
2015 08 24 00 00 00 1 4830.097
2015 08 24 00 15 00 1 4830.089
2015 08 24 00 30 00 1 4830.081
2015 08 24 00 45 00 1 4830.076
2015 08 24 01 00 00 1 4830.072
2015 08 24 01 15 00 1 4830.073
2015 08 24 01 30 00 1 4830.077
2015 08 24 01 45 00 1 4830.079
2015 08 24 02 00 00 1 4830.087
2015 08 24 02 15 00 1 4830.097
2015 08 24 02 30 00 1 4830.111
2015 08 24 02 45 00 1 4830.128
2015 08 24 03 00 00 1 4830.144
2015 08 24 03 15 00 1 4830.163
2015 08 24 03 30 00 1 4830.186
2015 08 24 03 45 00 1 4830.210
2015 08 24 04 00 00 1 4830.232
2015 08 24 04 15 00 1 4830.256
2015 08 24 04 30 00 1 4830.284
2015 08 24 04 45 00 1 4830.313
2015 08 24 05 00 00 1 4830.340
2015 08 24 05 15 00 1 4830.369
2015 08 24 05 30 00 1 4830.400
2015 08 24 05 45 00 1 4830.423
2015 08 24 06 00 00 1 4830.450
2015 08 24 06 15 00 1 4830.475
2015 08 24 06 30 00 1 4830.499
2015 08 24 06 45 00 1 4830.520
2015 08 24 07 00 00 1 4830.539
2015 08 24 07 15 00 1 4830.555
2015 08 24 07 30 00 1 4830.567
2015 08 24 07 45 00 1 4830.576
2015 08 24 08 00 00 1 4830.581
2015 08 24 08 15 00 1 4830.586
2015 08 24 08 30 00 1 4830.584
2015 08 24 08 45 00 1 4830.583
2015 08 24 09 00 00 1 4830.576
2015 08 24 09 15 00 1 4830.567
2015 08 24 09 30 00 1 4830.555
2015 08 24 09 45 00 1 4830.539
2015 08 24 10 00 00 1 4830.525
2015 08 24 10 15 00 1 4830.506
2015 08 24 10 30 00 1 4830.482
2015 08 24 10 45 00 1 4830.464
2015 08 24 11 00 00 1 4830.443
2015 08 24 11 15 00 1 4830.419
2015 08 24 11 30 00 1 4830.397
2015 08 24 11 45 00 1 4830.373
2015 08 24 12 00 00 1 4830.349
2015 08 24 12 15 00 1 4830.327
2015 08 24 12 30 00 1 4830.305
2015 08 24 12 45 00 1 4830.282
2015 08 24 13 00 00 1 4830.261
2015 08 24 13 15 00 1 4830.243
2015 08 24 13 30 00 1 4830.224
2015 08 24 13 45 00 1 4830.205
2015 08 24 14 00 00 1 4830.191
2015 08 24 14 15 00 1 4830.180
2015 08 24 14 30 00 1 4830.171
2015 08 24 14 45 00 1 4830.166
2015 08 24 15 00 00 1 4830.161
2015 08 24 15 15 00 1 4830.159
2015 08 24 15 30 00 1 4830.159
2015 08 24 15 45 00 1 4830.161
2015 08 24 16 00 00 1 4830.161
2015 08 24 16 15 00 1 4830.169
2015 08 24 16 30 00 1 4830.178
2015 08 24 16 45 00 1 4830.186
2015 08 24 17 00 00 1 4830.195
2015 08 24 17 15 00 1 4830.209
2015 08 24 17 30 00 1 4830.220
2015 08 24 17 45 00 1 4830.230
2015 08 24 18 00 00 1 4830.240
2015 08 24 18 15 00 1 4830.249
2015 08 24 18 30 00 1 4830.259
2015 08 24 18 45 00 1 4830.265
2015 08 24 19 00 00 1 4830.272
2015 08 24 19 15 00 1 4830.277
2015 08 24 19 30 00 1 4830.283
2015 08 24 19 45 00 1 4830.286
2015 08 24 20 00 00 1 4830.289
2015 08 24 20 15 00 1 4830.291
2015 08 24 20 30 00 1 4830.291
2015 08 24 20 45 00 1 4830.292
2015 08 24 21 00 00 1 4830.290
2015 08 24 21 15 00 1 4830.286
2015 08 24 21 30 00 1 4830.278
2015 08 24 21 45 00 1 4830.269
2015 08 24 22 00 00 1 4830.257
2015 08 24 22 15 00 1 4830.244
2015 08 24 22 30 00 1 4830.228
2015 08 24 22 45 00 1 4830.216
2015 08 24 23 00 00 1 4830.201
2015 08 24 23 15 00 1 4830.186
2015 08 24 23 30 00 1 4830.168
2015 08 24 23 45 00 1 4830.151
2015 08 25 00 00 00 1 4830.136
2015 08 25 00 15 00 1 4830.123
2015 08 25 00 30 00 1 4830.108
2015 08 25 00 45 00 1 4830.096
2015 08 25 01 00 00 1 4830.085
2015 08 25 01 15 00 1 4830.079
2015 08 25 01 30 00 1 4830.073
2015 08 25 01 45 00 1 4830.070
2015 08 25 02 00 00 1 4830.067
2015 08 25 02 15 00 1 4830.066
2015 08 25 02 30 00 1 4830.068
2015 08 25 02 45 00 1 4830.072
2015 08 25 03 00 00 1 4830.080
2015 08 25 03 15 00 1 4830.090
2015 08 25 03 30 00 1 4830.099
2015 08 25 03 45 00 1 4830.113
2015 08 25 04 00 00 1 4830.133
2015 08 25 04 15 00 1 4830.153
2015 08 25 04 30 00 1 4830.173
2015 08 25 04 45 00 1 4830.197
2015 08 25 05 00 00 1 4830.224
2015 08 25 05 15 00 1 4830.255
2015 08 25 05 30 00 1 4830.287
2015 08 25 05 45 00 1 4830.317
2015 08 25 06 00 00 1 4830.349
2015 08 25 06 15 00 1 4830.381
2015 08 25 06 30 00 1 4830.413
2015 08 25 06 45 00 1 4830.444
2015 08 25 07 00 00 1 4830.472
2015 08 25 07 15 00 1 4830.503
2015 08 25 07 30 00 1 4830.527
2015 08 25 07 45 00 1 4830.549
2015 08 25 08 00 00 1 4830.572
2015 08 25 08 15 00 1 4830.593
2015 08 25 08 30 00 1 4830.606
2015 08 25 08 45 00 1 4830.615
2015 08 25 09 00 00 1 4830.624
2015 08 25 09 15 00 1 4830.632
2015 08 25 09 30 00 1 4830.635
2015 08 25 09 45 00 1 4830.630
2015 08 25 10 00 00 1 4830.627
2015 08 25 10 15 00 1 4830.618
2015 08 25 10 30 00 1 4830.606
2015 08 25 10 45 00 1 4830.586
2015 08 25 11 00 00 1 4830.566
2015 08 25 11 15 00 1 4830.546
2015 08 25 11 30 00 1 4830.522
2015 08 25 11 45 00 1 4830.494
2015 08 25 12 00 00 1 4830.462
2015 08 25 12 15 00 1 4830.434
2015 08 25 12 30 00 1 4830.401
2015 08 25 12 45 00 1 4830.365
2015 08 25 13 00 00 1 4830.333
2015 08 25 13 15 00 1 4830.302
2015 08 25 13 30 00 1 4830.272
2015 08 25 13 45 00 1 4830.247
2015 08 25 14 00 00 1 4830.222
2015 08 25 14 15 00 1 4830.195
2015 08 25 14 30 00 1 4830.174
2015 08 25 14 45 00 1 4830.155
2015 08 25 15 00 00 1 4830.138
2015 08 25 15 15 00 1 4830.123
2015 08 25 15 30 00 1 4830.113
2015 08 25 15 45 00 1 4830.102
2015 08 25 16 00 00 1 4830.097
2015 08 25 16 15 00 1 4830.095
2015 08 25 16 30 00 1 4830.092
2015 08 25 16 45 00 1 4830.095
2015 08 25 17 00 00 1 4830.100
2015 08 25 17 15 00 1 4830.110
2015 08 25 17 30 00 1 4830.122
2015 08 25 17 45 00 1 4830.133
2015 08 25 18 00 00 1 4830.146
2015 08 25 18 15 00 1 4830.161
2015 08 25 18 30 00 1 4830.181
2015 08 25 18 45 00 1 4830.200
2015 08 25 19 00 00 1 4830.214
2015 08 25 19 15 00 1 4830.231
2015 08 25 19 30 00 1 4830.245
2015 08 25 19 45 00 1 4830.262
2015 08 25 20 00 00 1 4830.274
2015 08 25 20 15 00 1 4830.282
2015 08 25 20 30 00 1 4830.293
2015 08 25 20 45 00 1 4830.303
2015 08 25 21 00 00 1 4830.310
2015 08 25 21 15 00 1 4830.313
2015 08 25 21 30 00 1 4830.318
2015 08 25 21 45 00 1 4830.320
2015 08 25 22 00 00 1 4830.316
2015 08 25 22 15 00 1 4830.312
2015 08 25 22 30 00 1 4830.306
2015 08 25 22 45 00 1 4830.296
2015 08 25 23 00 00 1 4830.284
2015 08 25 23 15 00 1 4830.274
2015 08 25 23 30 00 1 4830.259
2015 08 25 23 45 00 1 4830.242
2015 08 26 00 00 00 1 4830.222
2015 08 26 00 15 00 1 4830.205
2015 08 26 00 30 00 1 4830.185
2015 08 26 00 45 00 1 4830.164
2015 08 26 01 00 00 1 4830.145
2015 08 26 01 15 00 1 4830.127
2015 08 26 01 30 00 1 4830.108
2015 08 26 01 45 00 1 4830.090
2015 08 26 02 00 00 1 4830.073
2015 08 26 02 15 00 1 4830.057
2015 08 26 02 30 00 1 4830.047
2015 08 26 02 45 00 1 4830.040
2015 08 26 03 00 00 1 4830.036
2015 08 26 03 15 00 1 4830.038
2015 08 26 03 30 00 1 4830.035
2015 08 26 03 45 00 1 4830.039
2015 08 26 04 00 00 1 4830.047
2015 08 26 04 15 00 1 4830.060
2015 08 26 04 30 00 1 4830.075
2015 08 26 04 45 00 1 4830.094
2015 08 26 05 00 00 1 4830.117
2015 08 26 05 15 00 1 4830.141
2015 08 26 05 30 00 1 4830.170
2015 08 26 05 45 00 1 4830.202
2015 08 26 06 00 00 1 4830.238
2015 08 26 06 15 00 1 4830.273
2015 08 26 06 30 00 1 4830.311
2015 08 26 06 45 00 1 4830.348
2015 08 26 07 00 00 1 4830.388
2015 08 26 07 15 00 1 4830.430
2015 08 26 07 30 00 1 4830.466
2015 08 26 07 45 00 1 4830.506
2015 08 26 08 00 00 1 4830.539
2015 08 26 08 15 00 1 4830.572
2015 08 26 08 30 00 1 4830.606
2015 08 26 08 45 00 1 4830.632
2015 08 26 09 00 00 1 4830.659
2015 08 26 09 15 00 1 4830.681
2015 08 26 09 30 00 1 4830.697
2015 08 26 09 45 00 1 4830.713
2015 08 26 10 00 00 1 4830.722
2015 08 26 10 15 00 1 4830.726
2015 08 26 10 30 00 1 4830.727
2015 08 26 10 45 00 1 4830.721
2015 08 26 11 00 00 1 4830.711
2015 08 26 11 15 00 1 4830.696
2015 08 26 11 30 00 1 4830.671
2015 08 26 11 45 00 1 4830.647
2015 08 26 12 00 00 1 4830.619
2015 08 26 12 15 00 1 4830.585
2015 08 26 12 30 00 1 4830.554
2015 08 26 12 45 00 1 4830.516
2015 08 26 13 00 00 1 4830.477
2015 08 26 13 15 00 1 4830.437
2015 08 26 13 30 00 1 4830.396
2015 08 26 13 45 00 1 4830.359
2015 08 26 14 00 00 1 4830.319
2015 08 26 14 15 00 1 4830.279
2015 08 26 14 30 00 1 4830.245
2015 08 26 14 45 00 1 4830.210
2015 08 26 15 00 00 1 4830.176
2015 08 26 15 15 00 1 4830.145
2015 08 26 15 30 00 1 4830.119
2015 08 26 15 45 00 1 4830.096
2015 08 26 16 00 00 1 4830.076
2015 08 26 16 15 00 1 4830.060
2015 08 26 16 30 00 1 4830.048
2015 08 26 16 45 00 1 4830.039
2015 08 26 17 00 00 1 4830.037
2015 08 26 17 15 00 1 4830.040
2015 08 26 17 30 00 1 4830.043
2015 08 26 17 45 00 1 4830.049
2015 08 26 18 00 00 1 4830.062
2015 08 26 18 15 00 1 4830.076
2015 08 26 18 30 00 1 4830.092
2015 08 26 18 45 00 1 4830.112
2015 08 26 19 00 00 1 4830.135
2015 08 26 19 15 00 1 4830.158
2015 08 26 19 30 00 1 4830.183
2015 08 26 19 45 00 1 4830.207
2015 08 26 20 00 00 1 4830.229
2015 08 26 20 15 00 1 4830.252
2015 08 26 20 30 00 1 4830.277
2015 08 26 20 45 00 1 4830.296
2015 08 26 21 00 00 1 4830.314
2015 08 26 21 15 00 1 4830.333
2015 08 26 21 30 00 1 4830.345
2015 08 26 21 45 00 1 4830.356
2015 08 26 22 00 00 1 4830.364
2015 08 26 22 15 00 1 4830.371
2015 08 26 22 30 00 1 4830.373
2015 08 26 22 45 00 1 4830.375
2015 08 26 23 00 00 1 4830.370
2015 08 26 23 15 00 1 4830.365
2015 08 26 23 30 00 1 4830.356
2015 08 26 23 45 00 1 4830.343
2015 08 27 00 00 00 1 4830.326
2015 08 27 00 15 00 1 4830.305
2015 08 27 00 30 00 1 4830.282
2015 08 27 00 45 00 1 4830.262
2015 08 27 01 00 00 1 4830.234
2015 08 27 01 15 00 1 4830.208
2015 08 27 01 30 00 1 4830.183
2015 08 27 01 45 00 1 4830.160
2015 08 27 02 00 00 1 4830.135
2015 08 27 02 15 00 1 4830.108
2015 08 27 02 30 00 1 4830.085
2015 08 27 02 45 00 1 4830.062
2015 08 27 03 00 00 1 4830.041
2015 08 27 03 15 00 1 4830.023
2015 08 27 03 30 00 1 4830.007
2015 08 27 03 45 00 1 4829.996
2015 08 27 04 00 00 1 4829.988
2015 08 27 04 15 00 1 4829.984
2015 08 27 04 30 00 1 4829.982
2015 08 27 04 45 00 1 4829.990
2015 08 27 05 00 00 1 4829.998
2015 08 27 05 15 00 1 4830.011
2015 08 27 05 30 00 1 4830.027
2015 08 27 05 45 00 1 4830.050
2015 08 27 06 00 00 1 4830.079
2015 08 27 06 15 00 1 4830.111
2015 08 27 06 30 00 1 4830.145
2015 08 27 06 45 00 1 4830.185
2015 08 27 07 00 00 1 4830.228
2015 08 27 07 15 00 1 4830.273
2015 08 27 07 30 00 1 4830.321
2015 08 27 07 45 00 1 4830.371
2015 08 27 08 00 00 1 4830.419
2015 08 27 08 15 00 1 4830.467
2015 08 27 08 30 00 1 4830.513
2015 08 27 08 45 00 1 4830.557
2015 08 27 09 00 00 1 4830.601
2015 08 27 09 15 00 1 4830.638
2015 08 27 09 30 00 1 4830.673
2015 08 27 09 45 00 1 4830.706
2015 08 27 10 00 00 1 4830.735
2015 08 27 10 15 00 1 4830.761
2015 08 27 10 30 00 1 4830.777
2015 08 27 10 45 00 1 4830.790
2015 08 27 11 00 00 1 4830.797
2015 08 27 11 15 00 1 4830.794
2015 08 27 11 30 00 1 4830.788
2015 08 27 11 45 00 1 4830.778
2015 08 27 12 00 00 1 4830.758
2015 08 27 12 15 00 1 4830.735
2015 08 27 12 30 00 1 4830.706
2015 08 27 12 45 00 1 4830.669
2015 08 27 13 00 00 1 4830.632
2015 08 27 13 15 00 1 4830.591
2015 08 27 13 30 00 1 4830.542
2015 08 27 13 45 00 1 4830.492
2015 08 27 14 00 00 1 4830.444
2015 08 27 14 15 00 1 4830.398
2015 08 27 14 30 00 1 4830.345
2015 08 27 14 45 00 1 4830.293
2015 08 27 15 00 00 1 4830.244
2015 08 27 15 15 00 1 4830.201
2015 08 27 15 30 00 1 4830.156
2015 08 27 15 45 00 1 4830.115
2015 08 27 16 00 00 1 4830.079
2015 08 27 16 15 00 1 4830.045
2015 08 27 16 30 00 1 4830.022
2015 08 27 16 45 00 1 4829.997
2015 08 27 17 00 00 1 4829.977
2015 08 27 17 15 00 1 4829.965
2015 08 27 17 30 00 1 4829.954
2015 08 27 17 45 00 1 4829.956
2015 08 27 18 00 00 1 4829.956
2015 08 27 18 15 00 1 4829.964
2015 08 27 18 30 00 1 4829.976
2015 08 27 18 45 00 1 4829.997
2015 08 27 19 00 00 1 4830.016
2015 08 27 19 15 00 1 4830.044
2015 08 27 19 30 00 1 4830.069
2015 08 27 19 45 00 1 4830.100
2015 08 27 20 00 00 1 4830.129
2015 08 27 20 15 00 1 4830.163
2015 08 27 20 30 00 1 4830.200
2015 08 27 20 45 00 1 4830.231
2015 08 27 21 00 00 1 4830.266
2015 08 27 21 15 00 1 4830.296
2015 08 27 21 30 00 1 4830.325
2015 08 27 21 45 00 1 4830.350
2015 08 27 22 00 00 1 4830.375
2015 08 27 22 15 00 1 4830.395
2015 08 27 22 30 00 1 4830.416
2015 08 27 22 45 00 1 4830.432
2015 08 27 23 00 00 1 4830.438
2015 08 27 23 15 00 1 4830.444
2015 08 27 23 30 00 1 4830.445
2015 08 27 23 45 00 1 4830.443
2015 08 28 00 00 00 1 4830.433
2015 08 28 00 15 00 1 4830.420
2015 08 28 00 30 00 1 4830.405
2015 08 28 00 45 00 1 4830.387
2015 08 28 01 00 00 1 4830.361
2015 08 28 01 15 00 1 4830.333
2015 08 28 01 30 00 1 4830.305
2015 08 28 01 45 00 1 4830.273
2015 08 28 02 00 00 1 4830.239
2015 08 28 02 15 00 1 4830.203
2015 08 28 02 30 00 1 4830.169
2015 08 28 02 45 00 1 4830.138
2015 08 28 03 00 00 1 4830.105
2015 08 28 03 15 00 1 4830.076
2015 08 28 03 30 00 1 4830.046
2015 08 28 03 45 00 1 4830.017
2015 08 28 04 00 00 1 4829.990
2015 08 28 04 15 00 1 4829.971
2015 08 28 04 30 00 1 4829.953
2015 08 28 04 45 00 1 4829.939
2015 08 28 05 00 00 1 4829.935
2015 08 28 05 15 00 1 4829.933
2015 08 28 05 30 00 1 4829.935
2015 08 28 05 45 00 1 4829.946
2015 08 28 06 00 00 1 4829.965
2015 08 28 06 15 00 1 4829.984
2015 08 28 06 30 00 1 4830.013
2015 08 28 06 45 00 1 4830.039
2015 08 28 07 00 00 1 4830.077
2015 08 28 07 15 00 1 4830.120
2015 08 28 07 30 00 1 4830.161
2015 08 28 07 45 00 1 4830.203
2015 08 28 08 00 00 1 4830.258
2015 08 28 08 15 00 1 4830.311
2015 08 28 08 30 00 1 4830.365
2015 08 28 08 45 00 1 4830.426
2015 08 28 09 00 00 1 4830.482
2015 08 28 09 15 00 1 4830.539
2015 08 28 09 30 00 1 4830.596
2015 08 28 09 45 00 1 4830.648
2015 08 28 10 00 00 1 4830.695
2015 08 28 10 15 00 1 4830.739
2015 08 28 10 30 00 1 4830.776
2015 08 28 10 45 00 1 4830.811
2015 08 28 11 00 00 1 4830.836
2015 08 28 11 15 00 1 4830.855
2015 08 28 11 30 00 1 4830.871
2015 08 28 11 45 00 1 4830.876
2015 08 28 12 00 00 1 4830.877
2015 08 28 12 15 00 1 4830.869
2015 08 28 12 30 00 1 4830.854
2015 08 28 12 45 00 1 4830.833
2015 08 28 13 00 00 1 4830.800
2015 08 28 13 15 00 1 4830.769
2015 08 28 13 30 00 1 4830.730
2015 08 28 13 45 00 1 4830.682
2015 08 28 14 00 00 1 4830.632
2015 08 28 14 15 00 1 4830.576
2015 08 28 14 30 00 1 4830.518
2015 08 28 14 45 00 1 4830.464
2015 08 28 15 00 00 1 4830.402
2015 08 28 15 15 00 1 4830.342
2015 08 28 15 30 00 1 4830.279
2015 08 28 15 45 00 1 4830.221
2015 08 28 16 00 00 1 4830.167
2015 08 28 16 15 00 1 4830.110
2015 08 28 16 30 00 1 4830.058
2015 08 28 16 45 00 1 4830.015
2015 08 28 17 00 00 1 4829.977
2015 08 28 17 15 00 1 4829.945
2015 08 28 17 30 00 1 4829.914
2015 08 28 17 45 00 1 4829.896
2015 08 28 18 00 00 1 4829.883
2015 08 28 18 15 00 1 4829.871
2015 08 28 18 30 00 1 4829.868
2015 08 28 18 45 00 1 4829.872
2015 08 28 19 00 00 1 4829.886
2015 08 28 19 15 00 1 4829.902
2015 08 28 19 30 00 1 4829.927
2015 08 28 19 45 00 1 4829.952
2015 08 28 20 00 00 1 4829.985
2015 08 28 20 15 00 1 4830.021
2015 08 28 20 30 00 1 4830.061
2015 08 28 20 45 00 1 4830.103
2015 08 28 21 00 00 1 4830.145
2015 08 28 21 15 00 1 4830.190
2015 08 28 21 30 00 1 4830.233
2015 08 28 21 45 00 1 4830.277
2015 08 28 22 00 00 1 4830.318
2015 08 28 22 15 00 1 4830.354
2015 08 28 22 30 00 1 4830.390
2015 08 28 22 45 00 1 4830.424
2015 08 28 23 00 00 1 4830.448
2015 08 28 23 15 00 1 4830.470
2015 08 28 23 30 00 1 4830.486
2015 08 28 23 45 00 1 4830.497
2015 08 29 00 00 00 1 4830.506
2015 08 29 00 15 00 1 4830.507
2015 08 29 00 30 00 1 4830.504
2015 08 29 00 45 00 1 4830.498
2015 08 29 01 00 00 1 4830.484
2015 08 29 01 15 00 1 4830.465
2015 08 29 01 30 00 1 4830.438
2015 08 29 01 45 00 1 4830.408
2015 08 29 02 00 00 1 4830.376
2015 08 29 02 15 00 1 4830.341
2015 08 29 02 30 00 1 4830.301
2015 08 29 02 45 00 1 4830.260
2015 08 29 03 00 00 1 4830.220
2015 08 29 03 15 00 1 4830.176
2015 08 29 03 30 00 1 4830.132
2015 08 29 03 45 00 1 4830.090
2015 08 29 04 00 00 1 4830.048
2015 08 29 04 15 00 1 4830.013
2015 08 29 04 30 00 1 4829.974
2015 08 29 04 45 00 1 4829.946
2015 08 29 05 00 00 1 4829.918
2015 08 29 05 15 00 1 4829.899
2015 08 29 05 30 00 1 4829.884
2015 08 29 05 45 00 1 4829.874
2015 08 29 06 00 00 1 4829.871
2015 08 29 06 15 00 1 4829.874
2015 08 29 06 30 00 1 4829.883
2015 08 29 06 45 00 1 4829.898
2015 08 29 07 00 00 1 4829.919
2015 08 29 07 15 00 1 4829.945
2015 08 29 07 30 00 1 4829.981
2015 08 29 07 45 00 1 4830.021
2015 08 29 08 00 00 1 4830.067
2015 08 29 08 15 00 1 4830.120
2015 08 29 08 30 00 1 4830.179
2015 08 29 08 45 00 1 4830.239
2015 08 29 09 00 00 1 4830.301
2015 08 29 09 15 00 1 4830.368
2015 08 29 09 30 00 1 4830.433
2015 08 29 09 45 00 1 4830.497
2015 08 29 10 00 00 1 4830.558
2015 08 29 10 15 00 1 4830.621
2015 08 29 10 30 00 1 4830.677
2015 08 29 10 45 00 1 4830.730
2015 08 29 11 00 00 1 4830.778
2015 08 29 11 15 00 1 4830.820
2015 08 29 11 30 00 1 4830.858
2015 08 29 11 45 00 1 4830.887
2015 08 29 12 00 00 1 4830.908
2015 08 29 12 15 00 1 4830.921
2015 08 29 12 30 00 1 4830.927
2015 08 29 12 45 00 1 4830.926
2015 08 29 13 00 00 1 4830.916
2015 08 29 13 15 00 1 4830.899
2015 08 29 13 30 00 1 4830.873
2015 08 29 13 45 00 1 4830.840
2015 08 29 14 00 00 1 4830.801
2015 08 29 14 15 00 1 4830.751
2015 08 29 14 30 00 1 4830.697
2015 08 29 14 45 00 1 4830.637
2015 08 29 15 00 00 1 4830.575
2015 08 29 15 15 00 1 4830.508
2015 08 29 15 30 00 1 4830.439
2015 08 29 15 45 00 1 4830.371
2015 08 29 16 00 00 1 4830.302
2015 08 29 16 15 00 1 4830.234
2015 08 29 16 30 00 1 4830.170
2015 08 29 16 45 00 1 4830.104
2015 08 29 17 00 00 1 4830.047
2015 08 29 17 15 00 1 4829.992
2015 08 29 17 30 00 1 4829.944
2015 08 29 17 45 00 1 4829.904
2015 08 29 18 00 00 1 4829.871
2015 08 29 18 15 00 1 4829.843
2015 08 29 18 30 00 1 4829.820
2015 08 29 18 45 00 1 4829.806
2015 08 29 19 00 00 1 4829.800
2015 08 29 19 15 00 1 4829.802
2015 08 29 19 30 00 1 4829.809
2015 08 29 19 45 00 1 4829.825
2015 08 29 20 00 00 1 4829.848
2015 08 29 20 15 00 1 4829.877
2015 08 29 20 30 00 1 4829.911
2015 08 29 20 45 00 1 4829.954
2015 08 29 21 00 00 1 4830.000
2015 08 29 21 15 00 1 4830.048
2015 08 29 21 30 00 1 4830.099
2015 08 29 21 45 00 1 4830.153
2015 08 29 22 00 00 1 4830.204
2015 08 29 22 15 00 1 4830.256
2015 08 29 22 30 00 1 4830.305
2015 08 29 22 45 00 1 4830.355
2015 08 29 23 00 00 1 4830.399
2015 08 29 23 15 00 1 4830.441
2015 08 29 23 30 00 1 4830.475
2015 08 29 23 45 00 1 4830.507
2015 08 30 00 00 00 1 4830.535
2015 08 30 00 15 00 1 4830.554
2015 08 30 00 30 00 1 4830.568
2015 08 30 00 45 00 1 4830.574
2015 08 30 01 00 00 1 4830.573
2015 08 30 01 15 00 1 4830.567
2015 08 30 01 30 00 1 4830.552
2015 08 30 01 45 00 1 4830.534
2015 08 30 02 00 00 1 4830.508
2015 08 30 02 15 00 1 4830.479
2015 08 30 02 30 00 1 4830.443
2015 08 30 02 45 00 1 4830.403
2015 08 30 03 00 00 1 4830.361
2015 08 30 03 15 00 1 4830.312
2015 08 30 03 30 00 1 4830.263
2015 08 30 03 45 00 1 4830.212
2015 08 30 04 00 00 1 4830.159
2015 08 30 04 15 00 1 4830.108
2015 08 30 04 30 00 1 4830.057
2015 08 30 04 45 00 1 4830.010
2015 08 30 05 00 00 1 4829.966
2015 08 30 05 15 00 1 4829.925
2015 08 30 05 30 00 1 4829.888
2015 08 30 05 45 00 1 4829.856
2015 08 30 06 00 00 1 4829.831
2015 08 30 06 15 00 1 4829.812
2015 08 30 06 30 00 1 4829.799
2015 08 30 06 45 00 1 4829.791
2015 08 30 07 00 00 1 4829.794
2015 08 30 07 15 00 1 4829.803
2015 08 30 07 30 00 1 4829.819
2015 08 30 07 45 00 1 4829.841
2015 08 30 08 00 00 1 4829.872
2015 08 30 08 15 00 1 4829.911
2015 08 30 08 30 00 1 4829.952
2015 08 30 08 45 00 1 4830.008
2015 08 30 09 00 00 1 4830.064
2015 08 30 09 15 00 1 4830.127
2015 08 30 09 30 00 1 4830.191
2015 08 30 09 45 00 1 4830.259
2015 08 30 10 00 00 1 4830.326
2015 08 30 10 15 00 1 4830.396
2015 08 30 10 30 00 1 4830.470
2015 08 30 10 45 00 1 4830.538
2015 08 30 11 00 00 1 4830.605
2015 08 30 11 15 00 1 4830.668
2015 08 30 11 30 00 1 4830.727
2015 08 30 11 45 00 1 4830.782
2015 08 30 12 00 00 1 4830.825
2015 08 30 12 15 00 1 4830.865
2015 08 30 12 30 00 1 4830.897
2015 08 30 12 45 00 1 4830.919
2015 08 30 13 00 00 1 4830.936
2015 08 30 13 15 00 1 4830.940
2015 08 30 13 30 00 1 4830.936
2015 08 30 13 45 00 1 4830.926
2015 08 30 14 00 00 1 4830.903
2015 08 30 14 15 00 1 4830.874
2015 08 30 14 30 00 1 4830.840
2015 08 30 14 45 00 1 4830.797
2015 08 30 15 00 00 1 4830.743
2015 08 30 15 15 00 1 4830.683
2015 08 30 15 30 00 1 4830.623
2015 08 30 15 45 00 1 4830.553
2015 08 30 16 00 00 1 4830.483
2015 08 30 16 15 00 1 4830.409
2015 08 30 16 30 00 1 4830.336
2015 08 30 16 45 00 1 4830.262
2015 08 30 17 00 00 1 4830.191
2015 08 30 17 15 00 1 4830.119
2015 08 30 17 30 00 1 4830.056
2015 08 30 17 45 00 1 4829.994
2015 08 30 18 00 00 1 4829.937
2015 08 30 18 15 00 1 4829.888
2015 08 30 18 30 00 1 4829.844
2015 08 30 18 45 00 1 4829.812
2015 08 30 19 00 00 1 4829.783
2015 08 30 19 15 00 1 4829.765
2015 08 30 19 30 00 1 4829.757
2015 08 30 19 45 00 1 4829.755
2015 08 30 20 00 00 1 4829.763
2015 08 30 20 15 00 1 4829.775
2015 08 30 20 30 00 1 4829.797
2015 08 30 20 45 00 1 4829.824
2015 08 30 21 00 00 1 4829.860
2015 08 30 21 15 00 1 4829.902
2015 08 30 21 30 00 1 4829.947
2015 08 30 21 45 00 1 4829.999
2015 08 30 22 00 00 1 4830.054
2015 08 30 22 15 00 1 4830.111
2015 08 30 22 30 00 1 4830.167
2015 08 30 22 45 00 1 4830.226
2015 08 30 23 00 00 1 4830.287
2015 08 30 23 15 00 1 4830.344
2015 08 30 23 30 00 1 4830.398
2015 08 30 23 45 00 1 4830.449
2015 08 31 00 00 00 1 4830.498
2015 08 31 00 15 00 1 4830.543
2015 08 31 00 30 00 1 4830.579
2015 08 31 00 45 00 1 4830.608
2015 08 31 01 00 00 1 4830.634
2015 08 31 01 15 00 1 4830.649
2015 08 31 01 30 00 1 4830.658
2015 08 31 01 45 00 1 4830.659
2015 08 31 02 00 00 1 4830.655
2015 08 31 02 15 00 1 4830.640
2015 08 31 02 30 00 1 4830.619
2015 08 31 02 45 00 1 4830.588
2015 08 31 03 00 00 1 4830.552
2015 08 31 03 15 00 1 4830.511
2015 08 31 03 30 00 1 4830.467
2015 08 31 03 45 00 1 4830.415
2015 08 31 04 00 00 1 4830.365
2015 08 31 04 15 00 1 4830.311
2015 08 31 04 30 00 1 4830.258
2015 08 31 04 45 00 1 4830.199
2015 08 31 05 00 00 1 4830.145
2015 08 31 05 15 00 1 4830.092
2015 08 31 05 30 00 1 4830.044
2015 08 31 05 45 00 1 4829.991
2015 08 31 06 00 00 1 4829.946
2015 08 31 06 15 00 1 4829.906
2015 08 31 06 30 00 1 4829.867
2015 08 31 06 45 00 1 4829.835
2015 08 31 07 00 00 1 4829.810
2015 08 31 07 15 00 1 4829.795
2015 08 31 07 30 00 1 4829.782
2015 08 31 07 45 00 1 4829.780
2015 08 31 08 00 00 1 4829.787
2015 08 31 08 15 00 1 4829.803
2015 08 31 08 30 00 1 4829.827
2015 08 31 08 45 00 1 4829.857
2015 08 31 09 00 00 1 4829.895
2015 08 31 09 15 00 1 4829.940
2015 08 31 09 30 00 1 4829.994
2015 08 31 09 45 00 1 4830.051
2015 08 31 10 00 00 1 4830.114
2015 08 31 10 15 00 1 4830.178
2015 08 31 10 30 00 1 4830.248
2015 08 31 10 45 00 1 4830.317
2015 08 31 11 00 00 1 4830.390
2015 08 31 11 15 00 1 4830.457
2015 08 31 11 30 00 1 4830.529
2015 08 31 11 45 00 1 4830.596
2015 08 31 12 00 00 1 4830.662
2015 08 31 12 15 00 1 4830.719
2015 08 31 12 30 00 1 4830.777
2015 08 31 12 45 00 1 4830.823
2015 08 31 13 00 00 1 4830.863
2015 08 31 13 15 00 1 4830.893
2015 08 31 13 30 00 1 4830.916
2015 08 31 13 45 00 1 4830.935
2015 08 31 14 00 00 1 4830.942
2015 08 31 14 15 00 1 4830.939
2015 08 31 14 30 00 1 4830.928
2015 08 31 14 45 00 1 4830.908
2015 08 31 15 00 00 1 4830.875
2015 08 31 15 15 00 1 4830.840
2015 08 31 15 30 00 1 4830.795
2015 08 31 15 45 00 1 4830.743
2015 08 31 16 00 00 1 4830.684
2015 08 31 16 15 00 1 4830.618
2015 08 31 16 30 00 1 4830.550
2015 08 31 16 45 00 1 4830.477
2015 08 31 17 00 00 1 4830.402
2015 08 31 17 15 00 1 4830.324
2015 08 31 17 30 00 1 4830.249
2015 08 31 17 45 00 1 4830.173
2015 08 31 18 00 00 1 4830.101
2015 08 31 18 15 00 1 4830.032
2015 08 31 18 30 00 1 4829.969
2015 08 31 18 45 00 1 4829.913
2015 08 31 19 00 00 1 4829.860
2015 08 31 19 15 00 1 4829.817
2015 08 31 19 30 00 1 4829.785
2015 08 31 19 45 00 1 4829.759
2015 08 31 20 00 00 1 4829.743
2015 08 31 20 15 00 1 4829.734
2015 08 31 20 30 00 1 4829.735
2015 08 31 20 45 00 1 4829.743
2015 08 31 21 00 00 1 4829.759
2015 08 31 21 15 00 1 4829.782
2015 08 31 21 30 00 1 4829.814
2015 08 31 21 45 00 1 4829.852
2015 08 31 22 00 00 1 4829.899
2015 08 31 22 15 00 1 4829.947
2015 08 31 22 30 00 1 4830.003
2015 08 31 22 45 00 1 4830.064
2015 08 31 23 00 00 1 4830.129
2015 08 31 23 15 00 1 4830.189
2015 08 31 23 30 00 1 4830.254
2015 08 31 23 45 00 1 4830.320
2015 09 01 00 00 00 1 4830.377
2015 09 01 00 15 00 1 4830.441
2015 09 01 00 30 00 1 4830.496
2015 09 01 00 45 00 1 4830.548
2015 09 01 01 00 00 1 4830.593
2015 09 01 01 15 00 1 4830.634
2015 09 01 01 30 00 1 4830.671
2015 09 01 01 45 00 1 4830.697
2015 09 01 02 00 00 1 4830.714
2015 09 01 02 15 00 1 4830.725
2015 09 01 02 30 00 1 4830.727
2015 09 01 02 45 00 1 4830.720
2015 09 01 03 00 00 1 4830.705
2015 09 01 03 15 00 1 4830.684
2015 09 01 03 30 00 1 4830.655
2015 09 01 03 45 00 1 4830.625
2015 09 01 04 00 00 1 4830.582
2015 09 01 04 15 00 1 4830.542
2015 09 01 04 30 00 1 4830.492
2015 09 01 04 45 00 1 4830.441
2015 09 01 05 00 00 1 4830.384
2015 09 01 05 15 00 1 4830.325
2015 09 01 05 30 00 1 4830.267
2015 09 01 05 45 00 1 4830.202
2015 09 01 06 00 00 1 4830.144
2015 09 01 06 15 00 1 4830.086
2015 09 01 06 30 00 1 4830.029
2015 09 01 06 45 00 1 4829.982
2015 09 01 07 00 00 1 4829.936
2015 09 01 07 15 00 1 4829.899
2015 09 01 07 30 00 1 4829.865
2015 09 01 07 45 00 1 4829.838
2015 09 01 08 00 00 1 4829.819
2015 09 01 08 15 00 1 4829.805
2015 09 01 08 30 00 1 4829.798
2015 09 01 08 45 00 1 4829.798
2015 09 01 09 00 00 1 4829.807
2015 09 01 09 15 00 1 4829.826
2015 09 01 09 30 00 1 4829.849
2015 09 01 09 45 00 1 4829.882
2015 09 01 10 00 00 1 4829.923
2015 09 01 10 15 00 1 4829.972
2015 09 01 10 30 00 1 4830.024
2015 09 01 10 45 00 1 4830.084
2015 09 01 11 00 00 1 4830.150
2015 09 01 11 15 00 1 4830.217
2015 09 01 11 30 00 1 4830.281
2015 09 01 11 45 00 1 4830.351
2015 09 01 12 00 00 1 4830.420
2015 09 01 12 15 00 1 4830.488
2015 09 01 12 30 00 1 4830.550
2015 09 01 12 45 00 1 4830.609
2015 09 01 13 00 00 1 4830.668
2015 09 01 13 15 00 1 4830.716
2015 09 01 13 30 00 1 4830.762
2015 09 01 13 45 00 1 4830.799
2015 09 01 14 00 00 1 4830.833
2015 09 01 14 15 00 1 4830.859
2015 09 01 14 30 00 1 4830.876
2015 09 01 14 45 00 1 4830.883
2015 09 01 15 00 00 1 4830.881
2015 09 01 15 15 00 1 4830.873
2015 09 01 15 30 00 1 4830.854
2015 09 01 15 45 00 1 4830.823
2015 09 01 16 00 00 1 4830.790
2015 09 01 16 15 00 1 4830.745
2015 09 01 16 30 00 1 4830.691
2015 09 01 16 45 00 1 4830.632
2015 09 01 17 00 00 1 4830.568
2015 09 01 17 15 00 1 4830.500
2015 09 01 17 30 00 1 4830.431
2015 09 01 17 45 00 1 4830.357
2015 09 01 18 00 00 1 4830.284
2015 09 01 18 15 00 1 4830.213
2015 09 01 18 30 00 1 4830.141
2015 09 01 18 45 00 1 4830.073
2015 09 01 19 00 00 1 4830.010
2015 09 01 19 15 00 1 4829.951
2015 09 01 19 30 00 1 4829.901
2015 09 01 19 45 00 1 4829.854
2015 09 01 20 00 00 1 4829.814
2015 09 01 20 15 00 1 4829.783
2015 09 01 20 30 00 1 4829.758
2015 09 01 20 45 00 1 4829.741
2015 09 01 21 00 00 1 4829.731
2015 09 01 21 15 00 1 4829.726
2015 09 01 21 30 00 1 4829.736
2015 09 01 21 45 00 1 4829.751
2015 09 01 22 00 00 1 4829.774
2015 09 01 22 15 00 1 4829.806
2015 09 01 22 30 00 1 4829.845
2015 09 01 22 45 00 1 4829.891
2015 09 01 23 00 00 1 4829.945
2015 09 01 23 15 00 1 4830.006
2015 09 01 23 30 00 1 4830.070
2015 09 01 23 45 00 1 4830.135
2015 09 02 00 00 00 1 4830.200
2015 09 02 00 15 00 1 4830.271
2015 09 02 00 30 00 1 4830.336
2015 09 02 00 45 00 1 4830.401
2015 09 02 01 00 00 1 4830.463
2015 09 02 01 15 00 1 4830.516
2015 09 02 01 30 00 1 4830.570
2015 09 02 01 45 00 1 4830.618
2015 09 02 02 00 00 1 4830.660
2015 09 02 02 15 00 1 4830.692
2015 09 02 02 30 00 1 4830.721
2015 09 02 02 45 00 1 4830.739
2015 09 02 03 00 00 1 4830.753
2015 09 02 03 15 00 1 4830.754
2015 09 02 03 30 00 1 4830.748
2015 09 02 03 45 00 1 4830.738
2015 09 02 04 00 00 1 4830.719
2015 09 02 04 15 00 1 4830.692
2015 09 02 04 30 00 1 4830.662
2015 09 02 04 45 00 1 4830.625
2015 09 02 05 00 00 1 4830.586
2015 09 02 05 15 00 1 4830.538
2015 09 02 05 30 00 1 4830.489
2015 09 02 05 45 00 1 4830.435
2015 09 02 06 00 00 1 4830.382
2015 09 02 06 15 00 1 4830.323
2015 09 02 06 30 00 1 4830.267
2015 09 02 06 45 00 1 4830.209
2015 09 02 07 00 00 1 4830.153
2015 09 02 07 15 00 1 4830.103
2015 09 02 07 30 00 1 4830.051
2015 09 02 07 45 00 1 4830.003
2015 09 02 08 00 00 1 4829.961
2015 09 02 08 15 00 1 4829.925
2015 09 02 08 30 00 1 4829.894
2015 09 02 08 45 00 1 4829.870
2015 09 02 09 00 00 1 4829.854
2015 09 02 09 15 00 1 4829.845
2015 09 02 09 30 00 1 4829.844
2015 09 02 09 45 00 1 4829.846
2015 09 02 10 00 00 1 4829.860
2015 09 02 10 15 00 1 4829.881
2015 09 02 10 30 00 1 4829.904
2015 09 02 10 45 00 1 4829.938
2015 09 02 11 00 00 1 4829.979
2015 09 02 11 15 00 1 4830.023
2015 09 02 11 30 00 1 4830.070
2015 09 02 11 45 00 1 4830.122
2015 09 02 12 00 00 1 4830.178
2015 09 02 12 15 00 1 4830.238
2015 09 02 12 30 00 1 4830.294
2015 09 02 12 45 00 1 4830.357
2015 09 02 13 00 00 1 4830.419
2015 09 02 13 15 00 1 4830.478
2015 09 02 13 30 00 1 4830.533
2015 09 02 13 45 00 1 4830.589
2015 09 02 14 00 00 1 4830.637
2015 09 02 14 15 00 1 4830.679
2015 09 02 14 30 00 1 4830.716
2015 09 02 14 45 00 1 4830.744
2015 09 02 15 00 00 1 4830.765
2015 09 02 15 15 00 1 4830.778
2015 09 02 15 30 00 1 4830.780
2015 09 02 15 45 00 1 4830.783
2015 09 02 16 00 00 1 4830.774
2015 09 02 16 15 00 1 4830.757
2015 09 02 16 30 00 1 4830.732
2015 09 02 16 45 00 1 4830.700
2015 09 02 17 00 00 1 4830.664
2015 09 02 17 15 00 1 4830.620
2015 09 02 17 30 00 1 4830.571
2015 09 02 17 45 00 1 4830.517
2015 09 02 18 00 00 1 4830.457
2015 09 02 18 15 00 1 4830.395
2015 09 02 18 30 00 1 4830.329
2015 09 02 18 45 00 1 4830.261
2015 09 02 19 00 00 1 4830.195
2015 09 02 19 15 00 1 4830.130
2015 09 02 19 30 00 1 4830.066
2015 09 02 19 45 00 1 4830.010
2015 09 02 20 00 00 1 4829.952
2015 09 02 20 15 00 1 4829.905
2015 09 02 20 30 00 1 4829.861
2015 09 02 20 45 00 1 4829.823
2015 09 02 21 00 00 1 4829.795
2015 09 02 21 15 00 1 4829.770
2015 09 02 21 30 00 1 4829.755
2015 09 02 21 45 00 1 4829.749
2015 09 02 22 00 00 1 4829.746
2015 09 02 22 15 00 1 4829.753
2015 09 02 22 30 00 1 4829.769
2015 09 02 22 45 00 1 4829.791
2015 09 02 23 00 00 1 4829.820
2015 09 02 23 15 00 1 4829.858
2015 09 02 23 30 00 1 4829.902
2015 09 02 23 45 00 1 4829.950
2015 09 03 00 00 00 1 4830.006
2015 09 03 00 15 00 1 4830.067
2015 09 03 00 30 00 1 4830.125
2015 09 03 00 45 00 1 4830.188
2015 09 03 01 00 00 1 4830.252
2015 09 03 01 15 00 1 4830.314
2015 09 03 01 30 00 1 4830.376
2015 09 03 01 45 00 1 4830.436
2015 09 03 02 00 00 1 4830.492
2015 09 03 02 15 00 1 4830.545
2015 09 03 02 30 00 1 4830.595
2015 09 03 02 45 00 1 4830.634
2015 09 03 03 00 00 1 4830.670
2015 09 03 03 15 00 1 4830.700
2015 09 03 03 30 00 1 4830.722
2015 09 03 03 45 00 1 4830.739
2015 09 03 04 00 00 1 4830.749
2015 09 03 04 15 00 1 4830.753
2015 09 03 04 30 00 1 4830.744
2015 09 03 04 45 00 1 4830.731
2015 09 03 05 00 00 1 4830.714
2015 09 03 05 15 00 1 4830.686
2015 09 03 05 30 00 1 4830.655
2015 09 03 05 45 00 1 4830.618
2015 09 03 06 00 00 1 4830.574
2015 09 03 06 15 00 1 4830.533
2015 09 03 06 30 00 1 4830.484
2015 09 03 06 45 00 1 4830.430
2015 09 03 07 00 00 1 4830.377
2015 09 03 07 15 00 1 4830.326
2015 09 03 07 30 00 1 4830.270
2015 09 03 07 45 00 1 4830.219
2015 09 03 08 00 00 1 4830.168
2015 09 03 08 15 00 1 4830.121
2015 09 03 08 30 00 1 4830.075
2015 09 03 08 45 00 1 4830.035
2015 09 03 09 00 00 1 4829.999
2015 09 03 09 15 00 1 4829.967
2015 09 03 09 30 00 1 4829.941
2015 09 03 09 45 00 1 4829.917
2015 09 03 10 00 00 1 4829.902
2015 09 03 10 15 00 1 4829.894
2015 09 03 10 30 00 1 4829.892
2015 09 03 10 45 00 1 4829.897
2015 09 03 11 00 00 1 4829.908
2015 09 03 11 15 00 1 4829.922
2015 09 03 11 30 00 1 4829.946
2015 09 03 11 45 00 1 4829.975
2015 09 03 12 00 00 1 4830.005
2015 09 03 12 15 00 1 4830.045
2015 09 03 12 30 00 1 4830.087
2015 09 03 12 45 00 1 4830.131
2015 09 03 13 00 00 1 4830.184
2015 09 03 13 15 00 1 4830.233
2015 09 03 13 30 00 1 4830.283
2015 09 03 13 45 00 1 4830.336
2015 09 03 14 00 00 1 4830.386
2015 09 03 14 15 00 1 4830.436
2015 09 03 14 30 00 1 4830.479
2015 09 03 14 45 00 1 4830.521
2015 09 03 15 00 00 1 4830.561
2015 09 03 15 15 00 1 4830.594
2015 09 03 15 30 00 1 4830.619
2015 09 03 15 45 00 1 4830.641
2015 09 03 16 00 00 1 4830.659
2015 09 03 16 15 00 1 4830.670
2015 09 03 16 30 00 1 4830.667
2015 09 03 16 45 00 1 4830.665
2015 09 03 17 00 00 1 4830.652
2015 09 03 17 15 00 1 4830.636
2015 09 03 17 30 00 1 4830.614
2015 09 03 17 45 00 1 4830.583
2015 09 03 18 00 00 1 4830.549
2015 09 03 18 15 00 1 4830.509
2015 09 03 18 30 00 1 4830.465
2015 09 03 18 45 00 1 4830.416
2015 09 03 19 00 00 1 4830.362
2015 09 03 19 15 00 1 4830.308
2015 09 03 19 30 00 1 4830.249
2015 09 03 19 45 00 1 4830.194
2015 09 03 20 00 00 1 4830.138
2015 09 03 20 15 00 1 4830.086
2015 09 03 20 30 00 1 4830.032
2015 09 03 20 45 00 1 4829.986
2015 09 03 21 00 00 1 4829.945
2015 09 03 21 15 00 1 4829.908
2015 09 03 21 30 00 1 4829.874
2015 09 03 21 45 00 1 4829.849
2015 09 03 22 00 00 1 4829.829
2015 09 03 22 15 00 1 4829.818
2015 09 03 22 30 00 1 4829.811
2015 09 03 22 45 00 1 4829.809
2015 09 03 23 00 00 1 4829.815
2015 09 03 23 15 00 1 4829.828
2015 09 03 23 30 00 1 4829.847
2015 09 03 23 45 00 1 4829.876
2015 09 04 00 00 00 1 4829.906
2015 09 04 00 15 00 1 4829.944
2015 09 04 00 30 00 1 4829.985
2015 09 04 00 45 00 1 4830.030
2015 09 04 01 00 00 1 4830.083
2015 09 04 01 15 00 1 4830.139
2015 09 04 01 30 00 1 4830.196
2015 09 04 01 45 00 1 4830.252
2015 09 04 02 00 00 1 4830.313
2015 09 04 02 15 00 1 4830.366
2015 09 04 02 30 00 1 4830.426
2015 09 04 02 45 00 1 4830.478
2015 09 04 03 00 00 1 4830.527
2015 09 04 03 15 00 1 4830.575
2015 09 04 03 30 00 1 4830.618
2015 09 04 03 45 00 1 4830.655
2015 09 04 04 00 00 1 4830.684
2015 09 04 04 15 00 1 4830.711
2015 09 04 04 30 00 1 4830.729
2015 09 04 04 45 00 1 4830.738
2015 09 04 05 00 00 1 4830.746
2015 09 04 05 15 00 1 4830.746
2015 09 04 05 30 00 1 4830.741
2015 09 04 05 45 00 1 4830.724
2015 09 04 06 00 00 1 4830.706
2015 09 04 06 15 00 1 4830.684
2015 09 04 06 30 00 1 4830.658
2015 09 04 06 45 00 1 4830.624
2015 09 04 07 00 00 1 4830.582
2015 09 04 07 15 00 1 4830.546
2015 09 04 07 30 00 1 4830.501
2015 09 04 07 45 00 1 4830.457
2015 09 04 08 00 00 1 4830.414
2015 09 04 08 15 00 1 4830.369
2015 09 04 08 30 00 1 4830.319
2015 09 04 08 45 00 1 4830.278
2015 09 04 09 00 00 1 4830.233
2015 09 04 09 15 00 1 4830.189
2015 09 04 09 30 00 1 4830.152
2015 09 04 09 45 00 1 4830.117
2015 09 04 10 00 00 1 4830.084
2015 09 04 10 15 00 1 4830.054
2015 09 04 10 30 00 1 4830.030
2015 09 04 10 45 00 1 4830.009
2015 09 04 11 00 00 1 4829.992
2015 09 04 11 15 00 1 4829.984
2015 09 04 11 30 00 1 4829.972
2015 09 04 11 45 00 1 4829.973
2015 09 04 12 00 00 1 4829.980
2015 09 04 12 15 00 1 4829.985
2015 09 04 12 30 00 1 4830.000
2015 09 04 12 45 00 1 4830.021
2015 09 04 13 00 00 1 4830.041
2015 09 04 13 15 00 1 4830.071
2015 09 04 13 30 00 1 4830.102
2015 09 04 13 45 00 1 4830.139
2015 09 04 14 00 00 1 4830.177
2015 09 04 14 15 00 1 4830.213
2015 09 04 14 30 00 1 4830.253
2015 09 04 14 45 00 1 4830.296
2015 09 04 15 00 00 1 4830.335
2015 09 04 15 15 00 1 4830.370
2015 09 04 15 30 00 1 4830.403
2015 09 04 15 45 00 1 4830.436
2015 09 04 16 00 00 1 4830.465
2015 09 04 16 15 00 1 4830.488
2015 09 04 16 30 00 1 4830.509
2015 09 04 16 45 00 1 4830.524
2015 09 04 17 00 00 1 4830.537
2015 09 04 17 15 00 1 4830.543
2015 09 04 17 30 00 1 4830.543
2015 09 04 17 45 00 1 4830.541
2015 09 04 18 00 00 1 4830.532
2015 09 04 18 15 00 1 4830.517
2015 09 04 18 30 00 1 4830.499
2015 09 04 18 45 00 1 4830.476
2015 09 04 19 00 00 1 4830.445
2015 09 04 19 15 00 1 4830.413
2015 09 04 19 30 00 1 4830.375
2015 09 04 19 45 00 1 4830.334
2015 09 04 20 00 00 1 4830.292
2015 09 04 20 15 00 1 4830.251
2015 09 04 20 30 00 1 4830.209
2015 09 04 20 45 00 1 4830.163
2015 09 04 21 00 00 1 4830.122
2015 09 04 21 15 00 1 4830.077
2015 09 04 21 30 00 1 4830.038
2015 09 04 21 45 00 1 4830.003
2015 09 04 22 00 00 1 4829.971
2015 09 04 22 15 00 1 4829.944
2015 09 04 22 30 00 1 4829.921
2015 09 04 22 45 00 1 4829.902
2015 09 04 23 00 00 1 4829.887
2015 09 04 23 15 00 1 4829.881
2015 09 04 23 30 00 1 4829.879
2015 09 04 23 45 00 1 4829.880
2015 09 05 00 00 00 1 4829.891
2015 09 05 00 15 00 1 4829.904
2015 09 05 00 30 00 1 4829.922
2015 09 05 00 45 00 1 4829.944
2015 09 05 01 00 00 1 4829.973
2015 09 05 01 15 00 1 4830.007
2015 09 05 01 30 00 1 4830.046
2015 09 05 01 45 00 1 4830.089
2015 09 05 02 00 00 1 4830.137
2015 09 05 02 15 00 1 4830.186
2015 09 05 02 30 00 1 4830.234
2015 09 05 02 45 00 1 4830.280
2015 09 05 03 00 00 1 4830.333
2015 09 05 03 15 00 1 4830.380
2015 09 05 03 30 00 1 4830.429
2015 09 05 03 45 00 1 4830.475
2015 09 05 04 00 00 1 4830.519
2015 09 05 04 15 00 1 4830.557
2015 09 05 04 30 00 1 4830.593
2015 09 05 04 45 00 1 4830.624
2015 09 05 05 00 00 1 4830.650
2015 09 05 05 15 00 1 4830.672
2015 09 05 05 30 00 1 4830.686
2015 09 05 05 45 00 1 4830.699
2015 09 05 06 00 00 1 4830.705
2015 09 05 06 15 00 1 4830.705
2015 09 05 06 30 00 1 4830.704
2015 09 05 06 45 00 1 4830.693
2015 09 05 07 00 00 1 4830.677
2015 09 05 07 15 00 1 4830.666
2015 09 05 07 30 00 1 4830.639
2015 09 05 07 45 00 1 4830.609
2015 09 05 08 00 00 1 4830.582
2015 09 05 08 15 00 1 4830.546
2015 09 05 08 30 00 1 4830.511
2015 09 05 08 45 00 1 4830.471
2015 09 05 09 00 00 1 4830.434
2015 09 05 09 15 00 1 4830.389
2015 09 05 09 30 00 1 4830.352
2015 09 05 09 45 00 1 4830.317
2015 09 05 10 00 00 1 4830.273
2015 09 05 10 15 00 1 4830.239
2015 09 05 10 30 00 1 4830.203
2015 09 05 10 45 00 1 4830.172
2015 09 05 11 00 00 1 4830.142
2015 09 05 11 15 00 1 4830.110
2015 09 05 11 30 00 1 4830.087
2015 09 05 11 45 00 1 4830.067
2015 09 05 12 00 00 1 4830.047
2015 09 05 12 15 00 1 4830.031
2015 09 05 12 30 00 1 4830.020
2015 09 05 12 45 00 1 4830.014
2015 09 05 13 00 00 1 4830.013
2015 09 05 13 15 00 1 4830.018
2015 09 05 13 30 00 1 4830.026
2015 09 05 13 45 00 1 4830.038
2015 09 05 14 00 00 1 4830.054
2015 09 05 14 15 00 1 4830.073
2015 09 05 14 30 00 1 4830.092
2015 09 05 14 45 00 1 4830.116
2015 09 05 15 00 00 1 4830.141
2015 09 05 15 15 00 1 4830.169
2015 09 05 15 30 00 1 4830.199
2015 09 05 15 45 00 1 4830.227
2015 09 05 16 00 00 1 4830.256
2015 09 05 16 15 00 1 4830.288
2015 09 05 16 30 00 1 4830.315
2015 09 05 16 45 00 1 4830.339
2015 09 05 17 00 00 1 4830.362
2015 09 05 17 15 00 1 4830.385
2015 09 05 17 30 00 1 4830.400
2015 09 05 17 45 00 1 4830.411
2015 09 05 18 00 00 1 4830.421
2015 09 05 18 15 00 1 4830.426
2015 09 05 18 30 00 1 4830.425
2015 09 05 18 45 00 1 4830.425
2015 09 05 19 00 00 1 4830.419
2015 09 05 19 15 00 1 4830.412
2015 09 05 19 30 00 1 4830.400
2015 09 05 19 45 00 1 4830.379
2015 09 05 20 00 00 1 4830.356
2015 09 05 20 15 00 1 4830.339
2015 09 05 20 30 00 1 4830.309
2015 09 05 20 45 00 1 4830.283
2015 09 05 21 00 00 1 4830.253
2015 09 05 21 15 00 1 4830.220
2015 09 05 21 30 00 1 4830.188
2015 09 05 21 45 00 1 4830.158
2015 09 05 22 00 00 1 4830.126
2015 09 05 22 15 00 1 4830.094
2015 09 05 22 30 00 1 4830.065
2015 09 05 22 45 00 1 4830.038
2015 09 05 23 00 00 1 4830.011
2015 09 05 23 15 00 1 4829.989
2015 09 05 23 30 00 1 4829.970
2015 09 05 23 45 00 1 4829.956
2015 09 06 00 00 00 1 4829.944
2015 09 06 00 15 00 1 4829.942
2015 09 06 00 30 00 1 4829.936
2015 09 06 00 45 00 1 4829.941
2015 09 06 01 00 00 1 4829.947
2015 09 06 01 15 00 1 4829.955
2015 09 06 01 30 00 1 4829.974
2015 09 06 01 45 00 1 4829.995
2015 09 06 02 00 00 1 4830.020
2015 09 06 02 15 00 1 4830.046
2015 09 06 02 30 00 1 4830.078
2015 09 06 02 45 00 1 4830.113
2015 09 06 03 00 00 1 4830.155
2015 09 06 03 15 00 1 4830.198
2015 09 06 03 30 00 1 4830.239
2015 09 06 03 45 00 1 4830.287
2015 09 06 04 00 00 1 4830.334
2015 09 06 04 15 00 1 4830.375
2015 09 06 04 30 00 1 4830.419
2015 09 06 04 45 00 1 4830.462
2015 09 06 05 00 00 1 4830.497
2015 09 06 05 15 00 1 4830.532
2015 09 06 05 30 00 1 4830.564
2015 09 06 05 45 00 1 4830.592
2015 09 06 06 00 00 1 4830.619
2015 09 06 06 15 00 1 4830.641
2015 09 06 06 30 00 1 4830.656
2015 09 06 06 45 00 1 4830.669
2015 09 06 07 00 00 1 4830.682
2015 09 06 07 15 00 1 4830.686
2015 09 06 07 30 00 1 4830.688
2015 09 06 07 45 00 1 4830.685
2015 09 06 08 00 00 1 4830.678
2015 09 06 08 15 00 1 4830.667
2015 09 06 08 30 00 1 4830.652
2015 09 06 08 45 00 1 4830.629
2015 09 06 09 00 00 1 4830.605
2015 09 06 09 15 00 1 4830.576
2015 09 06 09 30 00 1 4830.549
2015 09 06 09 45 00 1 4830.517
2015 09 06 10 00 00 1 4830.486
2015 09 06 10 15 00 1 4830.450
2015 09 06 10 30 00 1 4830.417
2015 09 06 10 45 00 1 4830.378
2015 09 06 11 00 00 1 4830.342
2015 09 06 11 15 00 1 4830.307
2015 09 06 11 30 00 1 4830.268
2015 09 06 11 45 00 1 4830.239
2015 09 06 12 00 00 1 4830.205
2015 09 06 12 15 00 1 4830.174
2015 09 06 12 30 00 1 4830.144
2015 09 06 12 45 00 1 4830.119
2015 09 06 13 00 00 1 4830.097
2015 09 06 13 15 00 1 4830.072
2015 09 06 13 30 00 1 4830.057
2015 09 06 13 45 00 1 4830.046
2015 09 06 14 00 00 1 4830.036
2015 09 06 14 15 00 1 4830.030
2015 09 06 14 30 00 1 4830.031
2015 09 06 14 45 00 1 4830.034
2015 09 06 15 00 00 1 4830.040
2015 09 06 15 15 00 1 4830.050
2015 09 06 15 30 00 1 4830.065
2015 09 06 15 45 00 1 4830.082
2015 09 06 16 00 00 1 4830.100
2015 09 06 16 15 00 1 4830.121
2015 09 06 16 30 00 1 4830.141
2015 09 06 16 45 00 1 4830.165
2015 09 06 17 00 00 1 4830.187
2015 09 06 17 15 00 1 4830.216
2015 09 06 17 30 00 1 4830.237
2015 09 06 17 45 00 1 4830.260
2015 09 06 18 00 00 1 4830.278
2015 09 06 18 15 00 1 4830.300
2015 09 06 18 30 00 1 4830.317
2015 09 06 18 45 00 1 4830.333
2015 09 06 19 00 00 1 4830.347
2015 09 06 19 15 00 1 4830.358
2015 09 06 19 30 00 1 4830.365
2015 09 06 19 45 00 1 4830.373
2015 09 06 20 00 00 1 4830.372
2015 09 06 20 15 00 1 4830.371
2015 09 06 20 30 00 1 4830.367
2015 09 06 20 45 00 1 4830.356
2015 09 06 21 00 00 1 4830.345
2015 09 06 21 15 00 1 4830.333
2015 09 06 21 30 00 1 4830.311
2015 09 06 21 45 00 1 4830.289
2015 09 06 22 00 00 1 4830.268
2015 09 06 22 15 00 1 4830.244
2015 09 06 22 30 00 1 4830.218
2015 09 06 22 45 00 1 4830.190
2015 09 06 23 00 00 1 4830.165
2015 09 06 23 15 00 1 4830.137
2015 09 06 23 30 00 1 4830.114
2015 09 06 23 45 00 1 4830.088
2015 09 07 00 00 00 1 4830.065
2015 09 07 00 15 00 1 4830.050
2015 09 07 00 30 00 1 4830.031
2015 09 07 00 45 00 1 4830.017
2015 09 07 01 00 00 1 4830.004
2015 09 07 01 15 00 1 4829.998
2015 09 07 01 30 00 1 4829.995
2015 09 07 01 45 00 1 4829.995
2015 09 07 02 00 00 1 4829.999
2015 09 07 02 15 00 1 4830.006
2015 09 07 02 30 00 1 4830.018
2015 09 07 02 45 00 1 4830.032
2015 09 07 03 00 00 1 4830.053
2015 09 07 03 15 00 1 4830.075
2015 09 07 03 30 00 1 4830.102
2015 09 07 03 45 00 1 4830.132
2015 09 07 04 00 00 1 4830.160
2015 09 07 04 15 00 1 4830.198
2015 09 07 04 30 00 1 4830.233
2015 09 07 04 45 00 1 4830.270
2015 09 07 05 00 00 1 4830.311
2015 09 07 05 15 00 1 4830.348
2015 09 07 05 30 00 1 4830.386
2015 09 07 05 45 00 1 4830.423
2015 09 07 06 00 00 1 4830.462
2015 09 07 06 15 00 1 4830.494
2015 09 07 06 30 00 1 4830.529
2015 09 07 06 45 00 1 4830.560
2015 09 07 07 00 00 1 4830.589
2015 09 07 07 15 00 1 4830.614
2015 09 07 07 30 00 1 4830.634
2015 09 07 07 45 00 1 4830.651
2015 09 07 08 00 00 1 4830.666
2015 09 07 08 15 00 1 4830.679
2015 09 07 08 30 00 1 4830.683
2015 09 07 08 45 00 1 4830.686
2015 09 07 09 00 00 1 4830.683
2015 09 07 09 15 00 1 4830.674
2015 09 07 09 30 00 1 4830.663
2015 09 07 09 45 00 1 4830.645
2015 09 07 10 00 00 1 4830.627
2015 09 07 10 15 00 1 4830.606
2015 09 07 10 30 00 1 4830.579
2015 09 07 10 45 00 1 4830.550
2015 09 07 11 00 00 1 4830.521
2015 09 07 11 15 00 1 4830.488
2015 09 07 11 30 00 1 4830.453
2015 09 07 11 45 00 1 4830.417
2015 09 07 12 00 00 1 4830.379
2015 09 07 12 15 00 1 4830.342
2015 09 07 12 30 00 1 4830.304
2015 09 07 12 45 00 1 4830.269
2015 09 07 13 00 00 1 4830.235
2015 09 07 13 15 00 1 4830.204
2015 09 07 13 30 00 1 4830.169
2015 09 07 13 45 00 1 4830.143
2015 09 07 14 00 00 1 4830.116
2015 09 07 14 15 00 1 4830.091
2015 09 07 14 30 00 1 4830.064
2015 09 07 14 45 00 1 4830.050
2015 09 07 15 00 00 1 4830.035
2015 09 07 15 15 00 1 4830.025
2015 09 07 15 30 00 1 4830.016
2015 09 07 15 45 00 1 4830.013
2015 09 07 16 00 00 1 4830.017
2015 09 07 16 15 00 1 4830.020
2015 09 07 16 30 00 1 4830.028
2015 09 07 16 45 00 1 4830.037
2015 09 07 17 00 00 1 4830.054
2015 09 07 17 15 00 1 4830.072
2015 09 07 17 30 00 1 4830.094
2015 09 07 17 45 00 1 4830.118
2015 09 07 18 00 00 1 4830.145
2015 09 07 18 15 00 1 4830.170
2015 09 07 18 30 00 1 4830.196
2015 09 07 18 45 00 1 4830.225
2015 09 07 19 00 00 1 4830.251
2015 09 07 19 15 00 1 4830.276
2015 09 07 19 30 00 1 4830.300
2015 09 07 19 45 00 1 4830.317
2015 09 07 20 00 00 1 4830.333
2015 09 07 20 15 00 1 4830.347
2015 09 07 20 30 00 1 4830.360
2015 09 07 20 45 00 1 4830.367
2015 09 07 21 00 00 1 4830.373
2015 09 07 21 15 00 1 4830.376
2015 09 07 21 30 00 1 4830.376
2015 09 07 21 45 00 1 4830.370
2015 09 07 22 00 00 1 4830.365
2015 09 07 22 15 00 1 4830.352
2015 09 07 22 30 00 1 4830.334
2015 09 07 22 45 00 1 4830.314
2015 09 07 23 00 00 1 4830.296
2015 09 07 23 15 00 1 4830.273
2015 09 07 23 30 00 1 4830.246
2015 09 07 23 45 00 1 4830.223
2015 09 08 00 00 00 1 4830.199
2015 09 08 00 15 00 1 4830.172
2015 09 08 00 30 00 1 4830.147
2015 09 08 00 45 00 1 4830.122
2015 09 08 01 00 00 1 4830.102
2015 09 08 01 15 00 1 4830.082
2015 09 08 01 30 00 1 4830.060
2015 09 08 01 45 00 1 4830.046
2015 09 08 02 00 00 1 4830.031
2015 09 08 02 15 00 1 4830.018
2015 09 08 02 30 00 1 4830.014
2015 09 08 02 45 00 1 4830.008
2015 09 08 03 00 00 1 4830.007
2015 09 08 03 15 00 1 4830.012
2015 09 08 03 30 00 1 4830.018
2015 09 08 03 45 00 1 4830.030
2015 09 08 04 00 00 1 4830.044
2015 09 08 04 15 00 1 4830.063
2015 09 08 04 30 00 1 4830.086
2015 09 08 04 45 00 1 4830.110
2015 09 08 05 00 00 1 4830.141
2015 09 08 05 15 00 1 4830.175
2015 09 08 05 30 00 1 4830.209
2015 09 08 05 45 00 1 4830.249
2015 09 08 06 00 00 1 4830.287
2015 09 08 06 15 00 1 4830.328
2015 09 08 06 30 00 1 4830.369
2015 09 08 06 45 00 1 4830.410
2015 09 08 07 00 00 1 4830.449
2015 09 08 07 15 00 1 4830.489
2015 09 08 07 30 00 1 4830.524
2015 09 08 07 45 00 1 4830.559
2015 09 08 08 00 00 1 4830.590
2015 09 08 08 15 00 1 4830.618
2015 09 08 08 30 00 1 4830.641
2015 09 08 08 45 00 1 4830.662
2015 09 08 09 00 00 1 4830.682
2015 09 08 09 15 00 1 4830.696
2015 09 08 09 30 00 1 4830.704
2015 09 08 09 45 00 1 4830.710
2015 09 08 10 00 00 1 4830.709
2015 09 08 10 15 00 1 4830.703
2015 09 08 10 30 00 1 4830.694
2015 09 08 10 45 00 1 4830.683
2015 09 08 11 00 00 1 4830.663
2015 09 08 11 15 00 1 4830.640
2015 09 08 11 30 00 1 4830.613
2015 09 08 11 45 00 1 4830.580
2015 09 08 12 00 00 1 4830.545
2015 09 08 12 15 00 1 4830.509
2015 09 08 12 30 00 1 4830.470
2015 09 08 12 45 00 1 4830.427
2015 09 08 13 00 00 1 4830.385
2015 09 08 13 15 00 1 4830.343
2015 09 08 13 30 00 1 4830.299
2015 09 08 13 45 00 1 4830.257
2015 09 08 14 00 00 1 4830.217
2015 09 08 14 15 00 1 4830.182
2015 09 08 14 30 00 1 4830.146
2015 09 08 14 45 00 1 4830.112
2015 09 08 15 00 00 1 4830.081
2015 09 08 15 15 00 1 4830.054
2015 09 08 15 30 00 1 4830.028
2015 09 08 15 45 00 1 4830.009
2015 09 08 16 00 00 1 4829.991
2015 09 08 16 15 00 1 4829.977
2015 09 08 16 30 00 1 4829.966
2015 09 08 16 45 00 1 4829.964
2015 09 08 17 00 00 1 4829.966
2015 09 08 17 15 00 1 4829.973
2015 09 08 17 30 00 1 4829.985
2015 09 08 17 45 00 1 4829.997
2015 09 08 18 00 00 1 4830.017
2015 09 08 18 15 00 1 4830.042
2015 09 08 18 30 00 1 4830.066
2015 09 08 18 45 00 1 4830.094
2015 09 08 19 00 00 1 4830.120
2015 09 08 19 15 00 1 4830.152
2015 09 08 19 30 00 1 4830.184
2015 09 08 19 45 00 1 4830.213
2015 09 08 20 00 00 1 4830.243
2015 09 08 20 15 00 1 4830.275
2015 09 08 20 30 00 1 4830.302
2015 09 08 20 45 00 1 4830.326
2015 09 08 21 00 00 1 4830.351
2015 09 08 21 15 00 1 4830.375
2015 09 08 21 30 00 1 4830.391
2015 09 08 21 45 00 1 4830.407
2015 09 08 22 00 00 1 4830.413
2015 09 08 22 15 00 1 4830.420
2015 09 08 22 30 00 1 4830.418
2015 09 08 22 45 00 1 4830.414
2015 09 08 23 00 00 1 4830.408
2015 09 08 23 15 00 1 4830.396
2015 09 08 23 30 00 1 4830.380
2015 09 08 23 45 00 1 4830.363
2015 09 09 00 00 00 1 4830.339
2015 09 09 00 15 00 1 4830.315
2015 09 09 00 30 00 1 4830.286
2015 09 09 00 45 00 1 4830.258
2015 09 09 01 00 00 1 4830.227
2015 09 09 01 15 00 1 4830.199
2015 09 09 01 30 00 1 4830.170
2015 09 09 01 45 00 1 4830.142
2015 09 09 02 00 00 1 4830.117
2015 09 09 02 15 00 1 4830.092
2015 09 09 02 30 00 1 4830.070
2015 09 09 02 45 00 1 4830.050
2015 09 09 03 00 00 1 4830.034
2015 09 09 03 15 00 1 4830.020
2015 09 09 03 30 00 1 4830.012
2015 09 09 03 45 00 1 4830.007
2015 09 09 04 00 00 1 4830.007
2015 09 09 04 15 00 1 4830.012
2015 09 09 04 30 00 1 4830.018
2015 09 09 04 45 00 1 4830.034
2015 09 09 05 00 00 1 4830.050
2015 09 09 05 15 00 1 4830.069
2015 09 09 05 30 00 1 4830.094
2015 09 09 05 45 00 1 4830.121
2015 09 09 06 00 00 1 4830.150
2015 09 09 06 15 00 1 4830.184
2015 09 09 06 30 00 1 4830.220
2015 09 09 06 45 00 1 4830.259
2015 09 09 07 00 00 1 4830.301
2015 09 09 07 15 00 1 4830.346
2015 09 09 07 30 00 1 4830.388
2015 09 09 07 45 00 1 4830.435
2015 09 09 08 00 00 1 4830.477
2015 09 09 08 15 00 1 4830.515
2015 09 09 08 30 00 1 4830.555
2015 09 09 08 45 00 1 4830.590
2015 09 09 09 00 00 1 4830.623
2015 09 09 09 15 00 1 4830.653
2015 09 09 09 30 00 1 4830.684
2015 09 09 09 45 00 1 4830.708
2015 09 09 10 00 00 1 4830.725
2015 09 09 10 15 00 1 4830.740
2015 09 09 10 30 00 1 4830.748
2015 09 09 10 45 00 1 4830.753
2015 09 09 11 00 00 1 4830.751
2015 09 09 11 15 00 1 4830.742
2015 09 09 11 30 00 1 4830.731
2015 09 09 11 45 00 1 4830.711
2015 09 09 12 00 00 1 4830.689
2015 09 09 12 15 00 1 4830.660
2015 09 09 12 30 00 1 4830.625
2015 09 09 12 45 00 1 4830.589
2015 09 09 13 00 00 1 4830.546
2015 09 09 13 15 00 1 4830.503
2015 09 09 13 30 00 1 4830.457
2015 09 09 13 45 00 1 4830.410
2015 09 09 14 00 00 1 4830.358
2015 09 09 14 15 00 1 4830.314
2015 09 09 14 30 00 1 4830.269
2015 09 09 14 45 00 1 4830.222
2015 09 09 15 00 00 1 4830.175
2015 09 09 15 15 00 1 4830.135
2015 09 09 15 30 00 1 4830.094
2015 09 09 15 45 00 1 4830.059
2015 09 09 16 00 00 1 4830.026
2015 09 09 16 15 00 1 4829.997
2015 09 09 16 30 00 1 4829.970
2015 09 09 16 45 00 1 4829.950
2015 09 09 17 00 00 1 4829.938
2015 09 09 17 15 00 1 4829.932
2015 09 09 17 30 00 1 4829.928
2015 09 09 17 45 00 1 4829.931
2015 09 09 18 00 00 1 4829.940
2015 09 09 18 15 00 1 4829.952
2015 09 09 18 30 00 1 4829.970
2015 09 09 18 45 00 1 4829.994
2015 09 09 19 00 00 1 4830.019
2015 09 09 19 15 00 1 4830.049
2015 09 09 19 30 00 1 4830.083
2015 09 09 19 45 00 1 4830.116
2015 09 09 20 00 00 1 4830.153
2015 09 09 20 15 00 1 4830.186
2015 09 09 20 30 00 1 4830.221
2015 09 09 20 45 00 1 4830.260
2015 09 09 21 00 00 1 4830.295
2015 09 09 21 15 00 1 4830.326
2015 09 09 21 30 00 1 4830.359
2015 09 09 21 45 00 1 4830.387
2015 09 09 22 00 00 1 4830.410
2015 09 09 22 15 00 1 4830.431
2015 09 09 22 30 00 1 4830.446
2015 09 09 22 45 00 1 4830.459
2015 09 09 23 00 00 1 4830.463
2015 09 09 23 15 00 1 4830.466
2015 09 09 23 30 00 1 4830.464
2015 09 09 23 45 00 1 4830.457
2015 09 10 00 00 00 1 4830.442
2015 09 10 00 15 00 1 4830.424
2015 09 10 00 30 00 1 4830.401
2015 09 10 00 45 00 1 4830.377
2015 09 10 01 00 00 1 4830.348
2015 09 10 01 15 00 1 4830.318
2015 09 10 01 30 00 1 4830.285
2015 09 10 01 45 00 1 4830.250
2015 09 10 02 00 00 1 4830.217
2015 09 10 02 15 00 1 4830.183
2015 09 10 02 30 00 1 4830.147
2015 09 10 02 45 00 1 4830.113
2015 09 10 03 00 00 1 4830.084
2015 09 10 03 15 00 1 4830.056
2015 09 10 03 30 00 1 4830.031
2015 09 10 03 45 00 1 4830.008
2015 09 10 04 00 00 1 4829.991
2015 09 10 04 15 00 1 4829.979
2015 09 10 04 30 00 1 4829.969
2015 09 10 04 45 00 1 4829.964
2015 09 10 05 00 00 1 4829.965
2015 09 10 05 15 00 1 4829.971
2015 09 10 05 30 00 1 4829.980
2015 09 10 05 45 00 1 4829.995
2015 09 10 06 00 00 1 4830.015
2015 09 10 06 15 00 1 4830.042
2015 09 10 06 30 00 1 4830.071
2015 09 10 06 45 00 1 4830.103
2015 09 10 07 00 00 1 4830.143
2015 09 10 07 15 00 1 4830.182
2015 09 10 07 30 00 1 4830.227
2015 09 10 07 45 00 1 4830.272
2015 09 10 08 00 00 1 4830.316
2015 09 10 08 15 00 1 4830.365
2015 09 10 08 30 00 1 4830.412
2015 09 10 08 45 00 1 4830.459
2015 09 10 09 00 00 1 4830.505
2015 09 10 09 15 00 1 4830.551
2015 09 10 09 30 00 1 4830.591
2015 09 10 09 45 00 1 4830.628
2015 09 10 10 00 00 1 4830.661
2015 09 10 10 15 00 1 4830.692
2015 09 10 10 30 00 1 4830.716
2015 09 10 10 45 00 1 4830.736
2015 09 10 11 00 00 1 4830.752
2015 09 10 11 15 00 1 4830.762
2015 09 10 11 30 00 1 4830.766
2015 09 10 11 45 00 1 4830.762
2015 09 10 12 00 00 1 4830.753
2015 09 10 12 15 00 1 4830.740
2015 09 10 12 30 00 1 4830.718
2015 09 10 12 45 00 1 4830.692
2015 09 10 13 00 00 1 4830.660
2015 09 10 13 15 00 1 4830.627
2015 09 10 13 30 00 1 4830.584
2015 09 10 13 45 00 1 4830.541
2015 09 10 14 00 00 1 4830.494
2015 09 10 14 15 00 1 4830.445
2015 09 10 14 30 00 1 4830.393
2015 09 10 14 45 00 1 4830.341
2015 09 10 15 00 00 1 4830.287
2015 09 10 15 15 00 1 4830.231
2015 09 10 15 30 00 1 4830.179
2015 09 10 15 45 00 1 4830.131
2015 09 10 16 00 00 1 4830.082
2015 09 10 16 15 00 1 4830.037
2015 09 10 16 30 00 1 4829.996
2015 09 10 16 45 00 1 4829.964
2015 09 10 17 00 00 1 4829.935
2015 09 10 17 15 00 1 4829.910
2015 09 10 17 30 00 1 4829.895
2015 09 10 17 45 00 1 4829.887
2015 09 10 18 00 00 1 4829.878
2015 09 10 18 15 00 1 4829.879
2015 09 10 18 30 00 1 4829.883
2015 09 10 18 45 00 1 4829.897
2015 09 10 19 00 00 1 4829.912
2015 09 10 19 15 00 1 4829.935
2015 09 10 19 30 00 1 4829.957
2015 09 10 19 45 00 1 4829.990
2015 09 10 20 00 00 1 4830.025
2015 09 10 20 15 00 1 4830.063
2015 09 10 20 30 00 1 4830.103
2015 09 10 20 45 00 1 4830.142
2015 09 10 21 00 00 1 4830.188
2015 09 10 21 15 00 1 4830.230
2015 09 10 21 30 00 1 4830.276
2015 09 10 21 45 00 1 4830.316
2015 09 10 22 00 00 1 4830.356
2015 09 10 22 15 00 1 4830.392
2015 09 10 22 30 00 1 4830.424
2015 09 10 22 45 00 1 4830.451
2015 09 10 23 00 00 1 4830.473
2015 09 10 23 15 00 1 4830.489
2015 09 10 23 30 00 1 4830.504
2015 09 10 23 45 00 1 4830.513
2015 09 11 00 00 00 1 4830.513
2015 09 11 00 15 00 1 4830.514
2015 09 11 00 30 00 1 4830.505
2015 09 11 00 45 00 1 4830.490
2015 09 11 01 00 00 1 4830.469
2015 09 11 01 15 00 1 4830.446
2015 09 11 01 30 00 1 4830.417
2015 09 11 01 45 00 1 4830.383
2015 09 11 02 00 00 1 4830.346
2015 09 11 02 15 00 1 4830.307
2015 09 11 02 30 00 1 4830.268
2015 09 11 02 45 00 1 4830.228
2015 09 11 03 00 00 1 4830.190
2015 09 11 03 15 00 1 4830.146
2015 09 11 03 30 00 1 4830.111
2015 09 11 03 45 00 1 4830.075
2015 09 11 04 00 00 1 4830.040
2015 09 11 04 15 00 1 4830.014
2015 09 11 04 30 00 1 4829.983
2015 09 11 04 45 00 1 4829.962
2015 09 11 05 00 00 1 4829.945
2015 09 11 05 15 00 1 4829.935
2015 09 11 05 30 00 1 4829.926
2015 09 11 05 45 00 1 4829.925
2015 09 11 06 00 00 1 4829.929
2015 09 11 06 15 00 1 4829.941
2015 09 11 06 30 00 1 4829.957
2015 09 11 06 45 00 1 4829.981
2015 09 11 07 00 00 1 4830.007
2015 09 11 07 15 00 1 4830.038
2015 09 11 07 30 00 1 4830.077
2015 09 11 07 45 00 1 4830.115
2015 09 11 08 00 00 1 4830.162
2015 09 11 08 15 00 1 4830.211
2015 09 11 08 30 00 1 4830.259
2015 09 11 08 45 00 1 4830.309
2015 09 11 09 00 00 1 4830.363
2015 09 11 09 15 00 1 4830.416
2015 09 11 09 30 00 1 4830.467
2015 09 11 09 45 00 1 4830.517
2015 09 11 10 00 00 1 4830.565
2015 09 11 10 15 00 1 4830.609
2015 09 11 10 30 00 1 4830.652
2015 09 11 10 45 00 1 4830.692
2015 09 11 11 00 00 1 4830.723
2015 09 11 11 15 00 1 4830.748
2015 09 11 11 30 00 1 4830.772
2015 09 11 11 45 00 1 4830.782
2015 09 11 12 00 00 1 4830.792
2015 09 11 12 15 00 1 4830.791
2015 09 11 12 30 00 1 4830.781
2015 09 11 12 45 00 1 4830.771
2015 09 11 13 00 00 1 4830.753
2015 09 11 13 15 00 1 4830.727
2015 09 11 13 30 00 1 4830.698
2015 09 11 13 45 00 1 4830.663
2015 09 11 14 00 00 1 4830.622
2015 09 11 14 15 00 1 4830.579
2015 09 11 14 30 00 1 4830.532
2015 09 11 14 45 00 1 4830.480
2015 09 11 15 00 00 1 4830.426
2015 09 11 15 15 00 1 4830.373
2015 09 11 15 30 00 1 4830.317
2015 09 11 15 45 00 1 4830.260
2015 09 11 16 00 00 1 4830.207
2015 09 11 16 15 00 1 4830.155
2015 09 11 16 30 00 1 4830.104
2015 09 11 16 45 00 1 4830.059
2015 09 11 17 00 00 1 4830.015
2015 09 11 17 15 00 1 4829.979
2015 09 11 17 30 00 1 4829.944
2015 09 11 17 45 00 1 4829.916
2015 09 11 18 00 00 1 4829.897
2015 09 11 18 15 00 1 4829.884
2015 09 11 18 30 00 1 4829.878
2015 09 11 18 45 00 1 4829.876
2015 09 11 19 00 00 1 4829.881
2015 09 11 19 15 00 1 4829.892
2015 09 11 19 30 00 1 4829.911
2015 09 11 19 45 00 1 4829.931
2015 09 11 20 00 00 1 4829.962
2015 09 11 20 15 00 1 4829.991
2015 09 11 20 30 00 1 4830.030
2015 09 11 20 45 00 1 4830.071
2015 09 11 21 00 00 1 4830.114
2015 09 11 21 15 00 1 4830.156
2015 09 11 21 30 00 1 4830.202
2015 09 11 21 45 00 1 4830.249
2015 09 11 22 00 00 1 4830.298
2015 09 11 22 15 00 1 4830.342
2015 09 11 22 30 00 1 4830.386
2015 09 11 22 45 00 1 4830.423
2015 09 11 23 00 00 1 4830.460
2015 09 11 23 15 00 1 4830.495
2015 09 11 23 30 00 1 4830.521
2015 09 11 23 45 00 1 4830.547
2015 09 12 00 00 00 1 4830.565
2015 09 12 00 15 00 1 4830.578
2015 09 12 00 30 00 1 4830.587
2015 09 12 00 45 00 1 4830.586
2015 09 12 01 00 00 1 4830.578
2015 09 12 01 15 00 1 4830.565
2015 09 12 01 30 00 1 4830.545
2015 09 12 01 45 00 1 4830.519
2015 09 12 02 00 00 1 4830.489
2015 09 12 02 15 00 1 4830.452
2015 09 12 02 30 00 1 4830.414
2015 09 12 02 45 00 1 4830.370
2015 09 12 03 00 00 1 4830.327
2015 09 12 03 15 00 1 4830.283
2015 09 12 03 30 00 1 4830.237
2015 09 12 03 45 00 1 4830.194
2015 09 12 04 00 00 1 4830.149
2015 09 12 04 15 00 1 4830.108
2015 09 12 04 30 00 1 4830.068
2015 09 12 04 45 00 1 4830.031
2015 09 12 05 00 00 1 4829.995
2015 09 12 05 15 00 1 4829.963
2015 09 12 05 30 00 1 4829.944
2015 09 12 05 45 00 1 4829.927
2015 09 12 06 00 00 1 4829.918
2015 09 12 06 15 00 1 4829.914
2015 09 12 06 30 00 1 4829.917
2015 09 12 06 45 00 1 4829.926
2015 09 12 07 00 00 1 4829.942
2015 09 12 07 15 00 1 4829.964
2015 09 12 07 30 00 1 4829.992
2015 09 12 07 45 00 1 4830.023
2015 09 12 08 00 00 1 4830.059
2015 09 12 08 15 00 1 4830.100
2015 09 12 08 30 00 1 4830.143
2015 09 12 08 45 00 1 4830.191
2015 09 12 09 00 00 1 4830.244
2015 09 12 09 15 00 1 4830.294
2015 09 12 09 30 00 1 4830.349
2015 09 12 09 45 00 1 4830.402
2015 09 12 10 00 00 1 4830.455
2015 09 12 10 15 00 1 4830.508
2015 09 12 10 30 00 1 4830.555
2015 09 12 10 45 00 1 4830.604
2015 09 12 11 00 00 1 4830.650
2015 09 12 11 15 00 1 4830.688
2015 09 12 11 30 00 1 4830.718
2015 09 12 11 45 00 1 4830.748
2015 09 12 12 00 00 1 4830.770
2015 09 12 12 15 00 1 4830.787
2015 09 12 12 30 00 1 4830.794
2015 09 12 12 45 00 1 4830.800
2015 09 12 13 00 00 1 4830.800
2015 09 12 13 15 00 1 4830.793
2015 09 12 13 30 00 1 4830.779
2015 09 12 13 45 00 1 4830.756
2015 09 12 14 00 00 1 4830.728
2015 09 12 14 15 00 1 4830.694
2015 09 12 14 30 00 1 4830.657
2015 09 12 14 45 00 1 4830.613
2015 09 12 15 00 00 1 4830.563
2015 09 12 15 15 00 1 4830.512
2015 09 12 15 30 00 1 4830.453
2015 09 12 15 45 00 1 4830.395
2015 09 12 16 00 00 1 4830.340
2015 09 12 16 15 00 1 4830.285
2015 09 12 16 30 00 1 4830.227
2015 09 12 16 45 00 1 4830.173
2015 09 12 17 00 00 1 4830.122
2015 09 12 17 15 00 1 4830.075
2015 09 12 17 30 00 1 4830.033
2015 09 12 17 45 00 1 4829.990
2015 09 12 18 00 00 1 4829.956
2015 09 12 18 15 00 1 4829.929
2015 09 12 18 30 00 1 4829.905
2015 09 12 18 45 00 1 4829.889
2015 09 12 19 00 00 1 4829.880
2015 09 12 19 15 00 1 4829.877
2015 09 12 19 30 00 1 4829.878
2015 09 12 19 45 00 1 4829.888
2015 09 12 20 00 00 1 4829.906
2015 09 12 20 15 00 1 4829.928
2015 09 12 20 30 00 1 4829.954
2015 09 12 20 45 00 1 4829.986
2015 09 12 21 00 00 1 4830.026
2015 09 12 21 15 00 1 4830.067
2015 09 12 21 30 00 1 4830.111
2015 09 12 21 45 00 1 4830.159
2015 09 12 22 00 00 1 4830.210
2015 09 12 22 15 00 1 4830.260
2015 09 12 22 30 00 1 4830.308
2015 09 12 22 45 00 1 4830.354
2015 09 12 23 00 00 1 4830.399
2015 09 12 23 15 00 1 4830.442
2015 09 12 23 30 00 1 4830.482
2015 09 12 23 45 00 1 4830.518
2015 09 13 00 00 00 1 4830.549
2015 09 13 00 15 00 1 4830.574
2015 09 13 00 30 00 1 4830.592
2015 09 13 00 45 00 1 4830.607
2015 09 13 01 00 00 1 4830.613
2015 09 13 01 15 00 1 4830.612
2015 09 13 01 30 00 1 4830.606
2015 09 13 01 45 00 1 4830.596
2015 09 13 02 00 00 1 4830.575
2015 09 13 02 15 00 1 4830.552
2015 09 13 02 30 00 1 4830.525
2015 09 13 02 45 00 1 4830.493
2015 09 13 03 00 00 1 4830.453
2015 09 13 03 15 00 1 4830.411
2015 09 13 03 30 00 1 4830.369
2015 09 13 03 45 00 1 4830.322
2015 09 13 04 00 00 1 4830.275
2015 09 13 04 15 00 1 4830.226
2015 09 13 04 30 00 1 4830.181
2015 09 13 04 45 00 1 4830.136
2015 09 13 05 00 00 1 4830.094
2015 09 13 05 15 00 1 4830.054
2015 09 13 05 30 00 1 4830.021
2015 09 13 05 45 00 1 4829.985
2015 09 13 06 00 00 1 4829.960
2015 09 13 06 15 00 1 4829.941
2015 09 13 06 30 00 1 4829.926
2015 09 13 06 45 00 1 4829.917
2015 09 13 07 00 00 1 4829.911
2015 09 13 07 15 00 1 4829.916
2015 09 13 07 30 00 1 4829.928
2015 09 13 07 45 00 1 4829.943
2015 09 13 08 00 00 1 4829.964
2015 09 13 08 15 00 1 4829.991
2015 09 13 08 30 00 1 4830.027
2015 09 13 08 45 00 1 4830.068
2015 09 13 09 00 00 1 4830.112
2015 09 13 09 15 00 1 4830.158
2015 09 13 09 30 00 1 4830.210
2015 09 13 09 45 00 1 4830.263
2015 09 13 10 00 00 1 4830.319
2015 09 13 10 15 00 1 4830.373
2015 09 13 10 30 00 1 4830.427
2015 09 13 10 45 00 1 4830.485
2015 09 13 11 00 00 1 4830.536
2015 09 13 11 15 00 1 4830.587
2015 09 13 11 30 00 1 4830.632
2015 09 13 11 45 00 1 4830.672
2015 09 13 12 00 00 1 4830.708
2015 09 13 12 15 00 1 4830.738
2015 09 13 12 30 00 1 4830.760
2015 09 13 12 45 00 1 4830.776
2015 09 13 13 00 00 1 4830.789
2015 09 13 13 15 00 1 4830.792
2015 09 13 13 30 00 1 4830.792
2015 09 13 13 45 00 1 4830.783
2015 09 13 14 00 00 1 4830.767
2015 09 13 14 15 00 1 4830.745
2015 09 13 14 30 00 1 4830.719
2015 09 13 14 45 00 1 4830.684
2015 09 13 15 00 00 1 4830.645
2015 09 13 15 15 00 1 4830.599
2015 09 13 15 30 00 1 4830.552
2015 09 13 15 45 00 1 4830.500
2015 09 13 16 00 00 1 4830.443
2015 09 13 16 15 00 1 4830.390
2015 09 13 16 30 00 1 4830.334
2015 09 13 16 45 00 1 4830.276
2015 09 13 17 00 00 1 4830.220
2015 09 13 17 15 00 1 4830.167
2015 09 13 17 30 00 1 4830.117
2015 09 13 17 45 00 1 4830.067
2015 09 13 18 00 00 1 4830.021
2015 09 13 18 15 00 1 4829.981
2015 09 13 18 30 00 1 4829.947
2015 09 13 18 45 00 1 4829.919
2015 09 13 19 00 00 1 4829.894
2015 09 13 19 15 00 1 4829.876
2015 09 13 19 30 00 1 4829.868
2015 09 13 19 45 00 1 4829.865
2015 09 13 20 00 00 1 4829.868
2015 09 13 20 15 00 1 4829.878
2015 09 13 20 30 00 1 4829.897
2015 09 13 20 45 00 1 4829.921
2015 09 13 21 00 00 1 4829.948
2015 09 13 21 15 00 1 4829.985
2015 09 13 21 30 00 1 4830.024
2015 09 13 21 45 00 1 4830.065
2015 09 13 22 00 00 1 4830.111
2015 09 13 22 15 00 1 4830.159
2015 09 13 22 30 00 1 4830.207
2015 09 13 22 45 00 1 4830.257
2015 09 13 23 00 00 1 4830.306
2015 09 13 23 15 00 1 4830.355
2015 09 13 23 30 00 1 4830.404
2015 09 13 23 45 00 1 4830.446
2015 09 14 00 00 00 1 4830.492
2015 09 14 00 15 00 1 4830.528
2015 09 14 00 30 00 1 4830.562
2015 09 14 00 45 00 1 4830.589
2015 09 14 01 00 00 1 4830.609
2015 09 14 01 15 00 1 4830.625
2015 09 14 01 30 00 1 4830.635
2015 09 14 01 45 00 1 4830.636
2015 09 14 02 00 00 1 4830.631
2015 09 14 02 15 00 1 4830.619
2015 09 14 02 30 00 1 4830.600
2015 09 14 02 45 00 1 4830.580
2015 09 14 03 00 00 1 4830.547
2015 09 14 03 15 00 1 4830.513
2015 09 14 03 30 00 1 4830.472
2015 09 14 03 45 00 1 4830.431
2015 09 14 04 00 00 1 4830.389
2015 09 14 04 15 00 1 4830.341
2015 09 14 04 30 00 1 4830.292
2015 09 14 04 45 00 1 4830.244
2015 09 14 05 00 00 1 4830.193
2015 09 14 05 15 00 1 4830.147
2015 09 14 05 30 00 1 4830.100
2015 09 14 05 45 00 1 4830.058
2015 09 14 06 00 00 1 4830.021
2015 09 14 06 15 00 1 4829.987
2015 09 14 06 30 00 1 4829.955
2015 09 14 06 45 00 1 4829.934
2015 09 14 07 00 00 1 4829.914
2015 09 14 07 15 00 1 4829.904
2015 09 14 07 30 00 1 4829.898
2015 09 14 07 45 00 1 4829.900
2015 09 14 08 00 00 1 4829.911
2015 09 14 08 15 00 1 4829.925
2015 09 14 08 30 00 1 4829.948
2015 09 14 08 45 00 1 4829.974
2015 09 14 09 00 00 1 4830.005
2015 09 14 09 15 00 1 4830.044
2015 09 14 09 30 00 1 4830.086
2015 09 14 09 45 00 1 4830.133
2015 09 14 10 00 00 1 4830.179
2015 09 14 10 15 00 1 4830.232
2015 09 14 10 30 00 1 4830.284
2015 09 14 10 45 00 1 4830.336
2015 09 14 11 00 00 1 4830.389
2015 09 14 11 15 00 1 4830.441
2015 09 14 11 30 00 1 4830.489
2015 09 14 11 45 00 1 4830.537
2015 09 14 12 00 00 1 4830.581
2015 09 14 12 15 00 1 4830.619
2015 09 14 12 30 00 1 4830.655
2015 09 14 12 45 00 1 4830.684
2015 09 14 13 00 00 1 4830.708
2015 09 14 13 15 00 1 4830.728
2015 09 14 13 30 00 1 4830.742
2015 09 14 13 45 00 1 4830.746
2015 09 14 14 00 00 1 4830.744
2015 09 14 14 15 00 1 4830.737
2015 09 14 14 30 00 1 4830.725
2015 09 14 14 45 00 1 4830.703
2015 09 14 15 00 00 1 4830.674
2015 09 14 15 15 00 1 4830.640
2015 09 14 15 30 00 1 4830.602
2015 09 14 15 45 00 1 4830.560
2015 09 14 16 00 00 1 4830.514
2015 09 14 16 15 00 1 4830.461
2015 09 14 16 30 00 1 4830.411
2015 09 14 16 45 00 1 4830.358
2015 09 14 17 00 00 1 4830.305
2015 09 14 17 15 00 1 4830.249
2015 09 14 17 30 00 1 4830.198
2015 09 14 17 45 00 1 4830.147
2015 09 14 18 00 00 1 4830.102
2015 09 14 18 15 00 1 4830.057
2015 09 14 18 30 00 1 4830.016
2015 09 14 18 45 00 1 4829.979
2015 09 14 19 00 00 1 4829.948
2015 09 14 19 15 00 1 4829.922
2015 09 14 19 30 00 1 4829.905
2015 09 14 19 45 00 1 4829.891
2015 09 14 20 00 00 1 4829.885
2015 09 14 20 15 00 1 4829.887
2015 09 14 20 30 00 1 4829.892
2015 09 14 20 45 00 1 4829.906
2015 09 14 21 00 00 1 4829.922
2015 09 14 21 15 00 1 4829.948
2015 09 14 21 30 00 1 4829.979
2015 09 14 21 45 00 1 4830.010
2015 09 14 22 00 00 1 4830.045
2015 09 14 22 15 00 1 4830.086
2015 09 14 22 30 00 1 4830.133
2015 09 14 22 45 00 1 4830.180
2015 09 14 23 00 00 1 4830.231
2015 09 14 23 15 00 1 4830.280
2015 09 14 23 30 00 1 4830.330
2015 09 14 23 45 00 1 4830.381
2015 09 15 00 00 00 1 4830.429
2015 09 15 00 15 00 1 4830.473
2015 09 15 00 30 00 1 4830.511
2015 09 15 00 45 00 1 4830.546
2015 09 15 01 00 00 1 4830.580
2015 09 15 01 15 00 1 4830.607
2015 09 15 01 30 00 1 4830.626
2015 09 15 01 45 00 1 4830.639
2015 09 15 02 00 00 1 4830.648
2015 09 15 02 15 00 1 4830.649
2015 09 15 02 30 00 1 4830.645
2015 09 15 02 45 00 1 4830.632
2015 09 15 03 00 00 1 4830.618
2015 09 15 03 15 00 1 4830.596
2015 09 15 03 30 00 1 4830.570
2015 09 15 03 45 00 1 4830.536
2015 09 15 04 00 00 1 4830.498
2015 09 15 04 15 00 1 4830.457
2015 09 15 04 30 00 1 4830.416
2015 09 15 04 45 00 1 4830.368
2015 09 15 05 00 00 1 4830.320
2015 09 15 05 15 00 1 4830.268
2015 09 15 05 30 00 1 4830.221
2015 09 15 05 45 00 1 4830.173
2015 09 15 06 00 00 1 4830.125
2015 09 15 06 15 00 1 4830.086
2015 09 15 06 30 00 1 4830.048
2015 09 15 06 45 00 1 4830.015
2015 09 15 07 00 00 1 4829.987
2015 09 15 07 15 00 1 4829.962
2015 09 15 07 30 00 1 4829.943
2015 09 15 07 45 00 1 4829.930
2015 09 15 08 00 00 1 4829.924
2015 09 15 08 15 00 1 4829.920
2015 09 15 08 30 00 1 4829.924
2015 09 15 08 45 00 1 4829.937
2015 09 15 09 00 00 1 4829.956
2015 09 15 09 15 00 1 4829.975
2015 09 15 09 30 00 1 4830.005
2015 09 15 09 45 00 1 4830.038
2015 09 15 10 00 00 1 4830.074
2015 09 15 10 15 00 1 4830.116
2015 09 15 10 30 00 1 4830.159
2015 09 15 10 45 00 1 4830.205
2015 09 15 11 00 00 1 4830.254
2015 09 15 11 15 00 1 4830.303
2015 09 15 11 30 00 1 4830.354
2015 09 15 11 45 00 1 4830.400
2015 09 15 12 00 00 1 4830.449
2015 09 15 12 15 00 1 4830.495
2015 09 15 12 30 00 1 4830.536
2015 09 15 12 45 00 1 4830.573
2015 09 15 13 00 00 1 4830.606
2015 09 15 13 15 00 1 4830.635
2015 09 15 13 30 00 1 4830.659
2015 09 15 13 45 00 1 4830.673
2015 09 15 14 00 00 1 4830.682
2015 09 15 14 15 00 1 4830.688
2015 09 15 14 30 00 1 4830.685
2015 09 15 14 45 00 1 4830.674
2015 09 15 15 00 00 1 4830.660
2015 09 15 15 15 00 1 4830.641
2015 09 15 15 30 00 1 4830.616
2015 09 15 15 45 00 1 4830.583
2015 09 15 16 00 00 1 4830.549
2015 09 15 16 15 00 1 4830.510
2015 09 15 16 30 00 1 4830.466
2015 09 15 16 45 00 1 4830.423
2015 09 15 17 00 00 1 4830.376
2015 09 15 17 15 00 1 4830.328
2015 09 15 17 30 00 1 4830.280
2015 09 15 17 45 00 1 4830.232
2015 09 15 18 00 00 1 4830.181
2015 09 15 18 15 00 1 4830.136
2015 09 15 18 30 00 1 4830.091
2015 09 15 18 45 00 1 4830.047
2015 09 15 19 00 00 1 4830.013
2015 09 15 19 15 00 1 4829.974
2015 09 15 19 30 00 1 4829.947
2015 09 15 19 45 00 1 4829.921
2015 09 15 20 00 00 1 4829.904
2015 09 15 20 15 00 1 4829.894
2015 09 15 20 30 00 1 4829.891
2015 09 15 20 45 00 1 4829.892
2015 09 15 21 00 00 1 4829.897
2015 09 15 21 15 00 1 4829.909
2015 09 15 21 30 00 1 4829.930
2015 09 15 21 45 00 1 4829.954
2015 09 15 22 00 00 1 4829.978
2015 09 15 22 15 00 1 4830.013
2015 09 15 22 30 00 1 4830.050
2015 09 15 22 45 00 1 4830.092
2015 09 15 23 00 00 1 4830.132
2015 09 15 23 15 00 1 4830.179
2015 09 15 23 30 00 1 4830.230
2015 09 15 23 45 00 1 4830.277
2015 09 16 00 00 00 1 4830.324
2015 09 16 00 15 00 1 4830.370
2015 09 16 00 30 00 1 4830.417
2015 09 16 00 45 00 1 4830.461
2015 09 16 01 00 00 1 4830.499
2015 09 16 01 15 00 1 4830.536
2015 09 16 01 30 00 1 4830.569
2015 09 16 01 45 00 1 4830.597
2015 09 16 02 00 00 1 4830.614
2015 09 16 02 15 00 1 4830.628
2015 09 16 02 30 00 1 4830.639
2015 09 16 02 45 00 1 4830.642
2015 09 16 03 00 00 1 4830.635
2015 09 16 03 15 00 1 4830.626
2015 09 16 03 30 00 1 4830.610
2015 09 16 03 45 00 1 4830.590
2015 09 16 04 00 00 1 4830.563
2015 09 16 04 15 00 1 4830.530
2015 09 16 04 30 00 1 4830.495
2015 09 16 04 45 00 1 4830.457
2015 09 16 05 00 00 1 4830.415
2015 09 16 05 15 00 1 4830.372
2015 09 16 05 30 00 1 4830.325
2015 09 16 05 45 00 1 4830.279
2015 09 16 06 00 00 1 4830.233
2015 09 16 06 15 00 1 4830.188
2015 09 16 06 30 00 1 4830.145
2015 09 16 06 45 00 1 4830.104
2015 09 16 07 00 00 1 4830.070
2015 09 16 07 15 00 1 4830.036
2015 09 16 07 30 00 1 4830.009
2015 09 16 07 45 00 1 4829.985
2015 09 16 08 00 00 1 4829.966
2015 09 16 08 15 00 1 4829.954
2015 09 16 08 30 00 1 4829.942
2015 09 16 08 45 00 1 4829.938
2015 09 16 09 00 00 1 4829.943
2015 09 16 09 15 00 1 4829.952
2015 09 16 09 30 00 1 4829.964
2015 09 16 09 45 00 1 4829.985
2015 09 16 10 00 00 1 4830.011
2015 09 16 10 15 00 1 4830.043
2015 09 16 10 30 00 1 4830.078
2015 09 16 10 45 00 1 4830.118
2015 09 16 11 00 00 1 4830.160
2015 09 16 11 15 00 1 4830.201
2015 09 16 11 30 00 1 4830.246
2015 09 16 11 45 00 1 4830.289
2015 09 16 12 00 00 1 4830.333
2015 09 16 12 15 00 1 4830.374
2015 09 16 12 30 00 1 4830.415
2015 09 16 12 45 00 1 4830.452
2015 09 16 13 00 00 1 4830.489
2015 09 16 13 15 00 1 4830.523
2015 09 16 13 30 00 1 4830.554
2015 09 16 13 45 00 1 4830.580
2015 09 16 14 00 00 1 4830.599
2015 09 16 14 15 00 1 4830.616
2015 09 16 14 30 00 1 4830.627
2015 09 16 14 45 00 1 4830.628
2015 09 16 15 00 00 1 4830.628
2015 09 16 15 15 00 1 4830.617
2015 09 16 15 30 00 1 4830.601
2015 09 16 15 45 00 1 4830.581
2015 09 16 16 00 00 1 4830.557
2015 09 16 16 15 00 1 4830.530
2015 09 16 16 30 00 1 4830.496
2015 09 16 16 45 00 1 4830.460
2015 09 16 17 00 00 1 4830.422
2015 09 16 17 15 00 1 4830.380
2015 09 16 17 30 00 1 4830.338
2015 09 16 17 45 00 1 4830.294
2015 09 16 18 00 00 1 4830.247
2015 09 16 18 15 00 1 4830.203
2015 09 16 18 30 00 1 4830.160
2015 09 16 18 45 00 1 4830.120
2015 09 16 19 00 00 1 4830.081
2015 09 16 19 15 00 1 4830.042
2015 09 16 19 30 00 1 4830.007
2015 09 16 19 45 00 1 4829.980
2015 09 16 20 00 00 1 4829.954
2015 09 16 20 15 00 1 4829.935
2015 09 16 20 30 00 1 4829.919
2015 09 16 20 45 00 1 4829.913
2015 09 16 21 00 00 1 4829.911
2015 09 16 21 00 00 2 4829.911
2015 09 16 21 01 00 2 4829.911
2015 09 16 21 02 00 2 4829.911
2015 09 16 21 03 00 2 4829.910
2015 09 16 21 04 00 2 4829.910
2015 09 16 21 05 00 2 4829.911
2015 09 16 21 06 00 2 4829.912
2015 09 16 21 07 00 2 4829.912
2015 09 16 21 08 00 2 4829.912
2015 09 16 21 09 00 2 4829.913
2015 09 16 21 10 00 2 4829.913
2015 09 16 21 11 00 2 4829.912
2015 09 16 21 12 00 2 4829.912
2015 09 16 21 13 00 2 4829.913
2015 09 16 21 14 00 2 4829.913
2015 09 16 21 15 00 1 4829.914
2015 09 16 21 15 00 2 4829.913
2015 09 16 21 16 00 2 4829.914
2015 09 16 21 17 00 2 4829.915
2015 09 16 21 18 00 2 4829.915
2015 09 16 21 19 00 2 4829.915
2015 09 16 21 20 00 2 4829.915
2015 09 16 21 21 00 2 4829.917
2015 09 16 21 22 00 2 4829.916
2015 09 16 21 23 00 2 4829.918
2015 09 16 21 24 00 2 4829.918
2015 09 16 21 25 00 2 4829.919
2015 09 16 21 26 00 2 4829.920
2015 09 16 21 27 00 2 4829.922
2015 09 16 21 28 00 2 4829.921
2015 09 16 21 29 00 2 4829.922
2015 09 16 21 30 00 1 4829.924
2015 09 16 21 30 00 2 4829.924
2015 09 16 21 31 00 2 4829.923
2015 09 16 21 32 00 2 4829.923
2015 09 16 21 33 00 2 4829.926
2015 09 16 21 34 00 2 4829.926
2015 09 16 21 35 00 2 4829.927
2015 09 16 21 36 00 2 4829.928
2015 09 16 21 37 00 2 4829.929
2015 09 16 21 38 00 2 4829.928
2015 09 16 21 39 00 2 4829.930
2015 09 16 21 40 00 2 4829.931
2015 09 16 21 41 00 2 4829.930
2015 09 16 21 42 00 2 4829.933
2015 09 16 21 43 00 2 4829.934
2015 09 16 21 44 00 2 4829.935
2015 09 16 21 45 00 1 4829.936
2015 09 16 21 45 00 2 4829.936
2015 09 16 21 46 00 2 4829.938
2015 09 16 21 47 00 2 4829.939
2015 09 16 21 48 00 2 4829.939
2015 09 16 21 49 00 2 4829.941
2015 09 16 21 50 00 2 4829.942
2015 09 16 21 51 00 2 4829.945
2015 09 16 21 52 00 2 4829.946
2015 09 16 21 53 00 2 4829.947
2015 09 16 21 54 00 2 4829.949
2015 09 16 21 55 00 2 4829.950
2015 09 16 21 56 00 2 4829.951
2015 09 16 21 57 00 2 4829.953
2015 09 16 21 58 00 2 4829.953
2015 09 16 21 59 00 2 4829.954
2015 09 16 22 00 00 1 4829.955
2015 09 16 22 00 00 2 4829.957
2015 09 16 22 01 00 2 4829.959
2015 09 16 22 02 00 2 4829.960
2015 09 16 22 03 00 2 4829.960
2015 09 16 22 04 00 2 4829.962
2015 09 16 22 05 00 2 4829.964
2015 09 16 22 06 00 2 4829.966
2015 09 16 22 07 00 2 4829.967
2015 09 16 22 08 00 2 4829.968
2015 09 16 22 09 00 2 4829.970
2015 09 16 22 10 00 2 4829.970
2015 09 16 22 11 00 2 4829.972
2015 09 16 22 12 00 2 4829.974
2015 09 16 22 13 00 2 4829.976
2015 09 16 22 14 00 2 4829.978
2015 09 16 22 15 00 1 9999.000
2015 09 16 22 15 00 2 4829.980
2015 09 16 22 16 00 2 4829.980
2015 09 16 22 17 00 2 4829.983
2015 09 16 22 18 00 2 4829.984
2015 09 16 22 19 00 2 4829.986
2015 09 16 22 20 00 2 4829.988
2015 09 16 22 21 00 2 4829.990
2015 09 16 22 22 00 2 4829.992
2015 09 16 22 23 00 2 4829.994
2015 09 16 22 24 00 2 4829.997
2015 09 16 22 25 00 2 4829.999
2015 09 16 22 26 00 2 4830.000
2015 09 16 22 27 00 2 4830.003
2015 09 16 22 28 00 2 4830.004
2015 09 16 22 29 00 2 4830.007
2015 09 16 22 30 00 1 9999.000
2015 09 16 22 30 00 2 4830.009
2015 09 16 22 31 00 2 4830.011
2015 09 16 22 32 00 2 4830.012
2015 09 16 22 33 00 2 4830.015
2015 09 16 22 34 00 2 4830.017
2015 09 16 22 35 00 2 4830.020
2015 09 16 22 36 00 2 4830.023
2015 09 16 22 37 00 2 4830.025
2015 09 16 22 38 00 2 4830.026
2015 09 16 22 39 00 2 4830.029
2015 09 16 22 40 00 2 4830.031
2015 09 16 22 41 00 2 4830.033
2015 09 16 22 42 00 2 4830.036
2015 09 16 22 43 00 2 4830.037
2015 09 16 22 44 00 2 4830.040
2015 09 16 22 45 00 1 9999.000
2015 09 16 22 45 00 2 4830.042
2015 09 16 22 46 00 2 4830.045
2015 09 16 22 47 00 2 4830.047
2015 09 16 22 48 00 2 4830.049
2015 09 16 22 49 00 2 4830.051
2015 09 16 22 50 00 2 4830.054
2015 09 16 22 51 00 2 4830.057
2015 09 16 22 52 00 2 4830.059
2015 09 16 22 53 00 2 4830.061
2015 09 16 22 54 00 2 4830.065
2015 09 16 22 55 00 2 4830.067
2015 09 16 22 56 00 2 4830.071
2015 09 16 22 57 00 2 4830.073
2015 09 16 22 58 00 2 4830.073
2015 09 16 22 59 00 2 4830.079
2015 09 16 23 00 00 1 9999.000
2015 09 16 23 00 00 2 4830.077
2015 09 16 23 00 00 3 4830.060
2015 09 16 23 00 15 3 4830.063
2015 09 16 23 00 30 3 4830.151
2015 09 16 23 00 45 3 4830.034
2015 09 16 23 01 00 2 4830.053
2015 09 16 23 01 00 3 4849.663
2015 09 16 23 01 15 3 4829.983
2015 09 16 23 01 30 3 4830.071
2015 09 16 23 01 45 3 4830.089
2015 09 16 23 02 00 2 4830.060
2015 09 16 23 02 00 3 4830.069
2015 09 16 23 02 15 3 4830.119
2015 09 16 23 02 30 3 4830.032
2015 09 16 23 02 45 3 4830.074
2015 09 16 23 03 00 2 4830.132
2015 09 16 23 03 00 3 4830.016
2015 09 16 23 03 15 3 4830.050
2015 09 16 23 03 30 3 4830.116
2015 09 16 23 03 45 3 4830.141
2015 09 16 23 04 00 2 4830.096
2015 09 16 23 05 00 2 4830.119
2015 09 16 23 06 00 2 4830.060
2015 09 16 23 07 00 2 4830.099
2015 09 16 23 08 00 2 4830.041
2015 09 16 23 09 00 2 4830.145
2015 09 16 23 10 00 2 4830.109
2015 09 16 23 11 00 2 4830.122
2015 09 16 23 12 00 2 4830.118
2015 09 16 23 13 00 2 4830.105
2015 09 16 23 14 00 2 4830.151
2015 09 16 23 15 00 1 9999.000
2015 09 16 23 15 00 2 4830.051
2015 09 16 23 16 00 2 4830.155
2015 09 16 23 17 00 2 4830.106
2015 09 16 23 18 00 2 4830.148
2015 09 16 23 19 00 2 4830.164
2015 09 16 23 20 00 2 4830.087
2015 09 16 23 21 00 2 4830.141
2015 09 16 23 22 00 2 4830.143
2015 09 16 23 23 00 2 4830.129
2015 09 16 23 24 00 2 4830.160
2015 09 16 23 25 00 2 4830.131
2015 09 16 23 26 00 2 4830.155
2015 09 16 23 27 00 2 4830.175
2015 09 16 23 28 00 2 4830.116
2015 09 16 23 29 00 2 4830.188
2015 09 16 23 30 00 1 9999.000
2015 09 16 23 30 00 2 4830.151
2015 09 16 23 31 00 2 4830.149
2015 09 16 23 32 00 2 4830.179
2015 09 16 23 33 00 2 4830.170
2015 09 16 23 34 00 2 4830.182
2015 09 16 23 35 00 2 4830.157
2015 09 16 23 36 00 2 4830.198
2015 09 16 23 37 00 2 4830.177
2015 09 16 23 38 00 2 4830.192
2015 09 16 23 39 00 2 4830.183
2015 09 16 23 40 00 2 4830.184
2015 09 16 23 41 00 2 4830.192
2015 09 16 23 42 00 2 4830.201
2015 09 16 23 43 00 2 4830.203
2015 09 16 23 44 00 2 4830.199
2015 09 16 23 45 00 1 9999.000
2015 09 16 23 45 00 2 4830.203
2015 09 16 23 46 00 2 4830.215
2015 09 16 23 47 00 2 4830.213
2015 09 16 23 48 00 2 4830.213
2015 09 16 23 49 00 2 4830.224
2015 09 16 23 50 00 2 4830.221
2015 09 16 23 51 00 2 4830.223
2015 09 16 23 52 00 2 4830.226
2015 09 16 23 53 00 2 4830.229
2015 09 16 23 54 00 2 4830.240
2015 09 16 23 55 00 2 4830.233
2015 09 16 23 56 00 2 4830.247
2015 09 16 23 57 00 2 4830.248
2015 09 16 23 58 00 2 4830.247
2015 09 16 23 59 00 2 4830.252
2015 09 17 00 00 00 1 9999.000
2015 09 17 00 00 00 2 4830.251
2015 09 17 00 00 45 2 4830.251
2015 09 17 00 01 00 2 4830.264
2015 09 17 00 01 45 2 4830.264
2015 09 17 00 02 00 2 4830.257
2015 09 17 00 02 45 2 4830.257
2015 09 17 00 03 00 2 4830.265
2015 09 17 00 03 45 2 4830.265
2015 09 17 00 04 00 2 4830.270
2015 09 17 00 04 45 2 4830.270
2015 09 17 00 05 00 2 4830.269
2015 09 17 00 05 45 2 4830.269
2015 09 17 00 06 00 2 4830.272
2015 09 17 00 06 45 2 4830.272
2015 09 17 00 07 00 2 4830.275
2015 09 17 00 07 45 2 4830.275
2015 09 17 00 08 00 2 4830.280
2015 09 17 00 08 45 2 4830.280
2015 09 17 00 09 00 2 4830.282
2015 09 17 00 09 45 2 4830.282
2015 09 17 00 10 00 2 4830.285
2015 09 17 00 10 45 2 4830.285
2015 09 17 00 11 00 2 4830.292
2015 09 17 00 11 45 2 4830.292
2015 09 17 00 12 00 2 4830.290
2015 09 17 00 12 45 2 4830.290
2015 09 17 00 13 00 2 4830.297
2015 09 17 00 13 45 2 4830.297
2015 09 17 00 14 00 2 4830.298
2015 09 17 00 14 45 2 4830.298
2015 09 17 00 15 00 1 9999.000
2015 09 17 00 15 00 2 4830.302
2015 09 17 00 15 45 2 4830.302
2015 09 17 00 16 00 2 4830.306
2015 09 17 00 16 45 2 4830.306
2015 09 17 00 17 00 2 4830.308
2015 09 17 00 17 45 2 4830.308
2015 09 17 00 18 00 2 4830.311
2015 09 17 00 18 45 2 4830.311
2015 09 17 00 19 00 2 4830.315
2015 09 17 00 19 45 2 4830.315
2015 09 17 00 20 00 2 4830.318
2015 09 17 00 20 45 2 4830.318
2015 09 17 00 21 00 2 4830.327
2015 09 17 00 21 45 2 4830.327
2015 09 17 00 22 00 2 4830.334
2015 09 17 00 22 45 2 4830.334
2015 09 17 00 23 00 2 4830.339
2015 09 17 00 23 45 2 4830.339
2015 09 17 00 24 00 2 4830.352
2015 09 17 00 24 45 2 4830.352
2015 09 17 00 25 00 2 4830.363
2015 09 17 00 25 45 2 4830.363
2015 09 17 00 26 00 2 4830.372
2015 09 17 00 26 45 2 4830.372
2015 09 17 00 27 00 2 4830.385
2015 09 17 00 27 45 2 4830.385
2015 09 17 00 28 00 2 4830.393
2015 09 17 00 28 45 2 4830.393
2015 09 17 00 29 00 2 4830.404
2015 09 17 00 29 45 2 4830.404
2015 09 17 00 30 00 1 9999.000
2015 09 17 00 30 00 2 4830.406
2015 09 17 00 30 45 2 4830.406
2015 09 17 00 31 00 2 4830.415
2015 09 17 00 31 45 2 4830.415
2015 09 17 00 32 00 2 4830.417
2015 09 17 00 32 45 2 4830.417
2015 09 17 00 33 00 2 4830.417
2015 09 17 00 33 45 2 4830.417
2015 09 17 00 34 00 2 4830.413
2015 09 17 00 34 45 2 4830.413
2015 09 17 00 35 00 2 4830.412
2015 09 17 00 35 45 2 4830.412
2015 09 17 00 36 00 2 4830.411
2015 09 17 00 36 45 2 4830.411
2015 09 17 00 37 00 2 4830.405
2015 09 17 00 37 45 2 4830.405
2015 09 17 00 38 00 2 4830.401
2015 09 17 00 38 45 2 4830.401
2015 09 17 00 39 00 2 4830.399
2015 09 17 00 39 45 2 4830.399
2015 09 17 00 40 00 2 4830.395
2015 09 17 00 40 45 2 4830.395
2015 09 17 00 41 00 2 4830.396
2015 09 17 00 41 45 2 4830.396
2015 09 17 00 42 00 2 4830.394
2015 09 17 00 42 45 2 4830.394
2015 09 17 00 43 00 2 4830.392
2015 09 17 00 43 45 2 4830.392
2015 09 17 00 44 00 2 4830.386
2015 09 17 00 44 45 2 4830.386
2015 09 17 00 45 00 1 9999.000
2015 09 17 00 45 00 2 4830.381
2015 09 17 00 45 45 2 4830.381
2015 09 17 00 46 00 2 4830.386
2015 09 17 00 46 45 2 4830.386
2015 09 17 00 47 00 2 4830.393
2015 09 17 00 47 45 2 4830.393
2015 09 17 00 48 00 2 4830.403
2015 09 17 00 48 45 2 4830.403
2015 09 17 00 49 00 2 4830.407
2015 09 17 00 49 45 2 4830.407
2015 09 17 00 50 00 2 4830.405
2015 09 17 00 50 45 2 4830.405
2015 09 17 00 51 00 2 4830.401
2015 09 17 00 51 45 2 4830.401
2015 09 17 00 52 00 2 4830.400
2015 09 17 00 52 45 2 4830.400
2015 09 17 00 53 00 2 4830.404
2015 09 17 00 53 45 2 4830.404
2015 09 17 00 54 00 2 4830.408
2015 09 17 00 54 45 2 4830.408
2015 09 17 00 55 00 2 4830.410
2015 09 17 00 55 45 2 4830.410
2015 09 17 00 56 00 2 4830.409
2015 09 17 00 56 45 2 4830.409
2015 09 17 00 57 00 2 4830.407
2015 09 17 00 57 45 2 4830.407
2015 09 17 00 58 00 2 4830.406
2015 09 17 00 58 45 2 4830.406
2015 09 17 00 59 00 2 4830.409
2015 09 17 00 59 45 2 4830.409
2015 09 17 01 00 00 1 9999.000
2015 09 17 01 00 00 2 4830.414
2015 09 17 01 00 45 2 4830.414
2015 09 17 01 01 00 2 4830.419
2015 09 17 01 01 45 2 4830.419
2015 09 17 01 02 00 2 4830.431
2015 09 17 01 02 45 2 4830.431
2015 09 17 01 03 00 2 4830.438
2015 09 17 01 03 45 2 4830.438
2015 09 17 01 04 00 2 4830.441
2015 09 17 01 04 45 2 4830.441
2015 09 17 01 05 00 2 4830.448
2015 09 17 01 05 45 2 4830.448
2015 09 17 01 06 00 2 4830.452
2015 09 17 01 06 45 2 4830.452
2015 09 17 01 07 00 2 4830.455
2015 09 17 01 07 45 2 4830.455
2015 09 17 01 08 00 2 4830.460
2015 09 17 01 08 45 2 4830.460
2015 09 17 01 09 00 2 4830.457
2015 09 17 01 09 45 2 4830.457
2015 09 17 01 10 00 2 4830.452
2015 09 17 01 10 45 2 4830.452
2015 09 17 01 11 00 2 4830.450
2015 09 17 01 11 45 2 4830.450
2015 09 17 01 12 00 2 4830.455
2015 09 17 01 12 45 2 4830.455
2015 09 17 01 13 00 2 4830.458
2015 09 17 01 13 45 2 4830.458
2015 09 17 01 14 00 2 4830.461
2015 09 17 01 14 45 2 4830.461
2015 09 17 01 15 00 1 9999.000
2015 09 17 01 15 00 2 4830.473
2015 09 17 01 15 45 2 4830.473
2015 09 17 01 16 00 2 4830.480
2015 09 17 01 16 45 2 4830.480
2015 09 17 01 17 00 2 4830.487
2015 09 17 01 17 45 2 4830.487
2015 09 17 01 18 00 2 4830.496
2015 09 17 01 18 45 2 4830.496
2015 09 17 01 19 00 2 4830.505
2015 09 17 01 19 45 2 4830.505
2015 09 17 01 20 00 2 4830.513
2015 09 17 01 20 45 2 4830.513
2015 09 17 01 21 00 2 4830.520
2015 09 17 01 21 45 2 4830.520
2015 09 17 01 22 00 2 4830.519
2015 09 17 01 22 45 2 4830.519
2015 09 17 01 23 00 2 4830.520
2015 09 17 01 23 45 2 4830.520
2015 09 17 01 24 00 2 4830.522
2015 09 17 01 24 45 2 4830.522
2015 09 17 01 25 00 2 4830.527
2015 09 17 01 25 45 2 4830.527
2015 09 17 01 26 00 2 4830.531
2015 09 17 01 26 45 2 4830.531
2015 09 17 01 27 00 2 4830.535
2015 09 17 01 27 45 2 4830.535
2015 09 17 01 28 00 2 4830.534
2015 09 17 01 28 45 2 4830.534
2015 09 17 01 29 00 2 4830.539
2015 09 17 01 29 45 2 4830.539
2015 09 17 01 30 00 1 9999.000
2015 09 17 01 30 00 2 4830.546
2015 09 17 01 30 45 2 4830.546
2015 09 17 01 31 00 2 4830.551
2015 09 17 01 31 45 2 4830.551
2015 09 17 01 32 00 2 4830.554
2015 09 17 01 32 45 2 4830.554
2015 09 17 01 33 00 2 4830.551
2015 09 17 01 33 45 2 4830.551
2015 09 17 01 34 00 2 4830.547
2015 09 17 01 34 45 2 4830.547
2015 09 17 01 35 00 2 4830.546
2015 09 17 01 35 45 2 4830.546
2015 09 17 01 36 00 2 4830.544
2015 09 17 01 36 45 2 4830.544
2015 09 17 01 37 00 2 4830.543
2015 09 17 01 37 45 2 4830.543
2015 09 17 01 38 00 2 4830.541
2015 09 17 01 38 45 2 4830.541
2015 09 17 01 39 00 2 4830.535
2015 09 17 01 39 45 2 4830.535
2015 09 17 01 40 00 2 4830.534
2015 09 17 01 40 45 2 4830.534
2015 09 17 01 41 00 2 4830.533
2015 09 17 01 41 45 2 4830.533
2015 09 17 01 42 00 2 4830.535
2015 09 17 01 42 45 2 4830.535
2015 09 17 01 43 00 2 4830.534
2015 09 17 01 43 45 2 4830.534
2015 09 17 01 44 00 2 4830.538
2015 09 17 01 44 45 2 4830.538
2015 09 17 01 45 00 1 9999.000
2015 09 17 01 45 00 2 4830.546
2015 09 17 01 45 45 2 4830.546
2015 09 17 01 46 00 2 4830.555
2015 09 17 01 46 45 2 4830.555
2015 09 17 01 47 00 2 4830.569
2015 09 17 01 47 45 2 4830.569
2015 09 17 01 48 00 2 4830.572
2015 09 17 01 48 45 2 4830.572
2015 09 17 01 49 00 2 4830.569
2015 09 17 01 49 45 2 4830.569
2015 09 17 01 50 00 2 4830.568
2015 09 17 01 50 45 2 4830.568
2015 09 17 01 51 00 2 4830.567
2015 09 17 01 51 45 2 4830.567
2015 09 17 01 52 00 2 4830.569
2015 09 17 01 52 45 2 4830.569
2015 09 17 01 53 00 2 4830.570
2015 09 17 01 53 45 2 4830.570
2015 09 17 01 54 00 2 4830.570
2015 09 17 01 54 45 2 4830.570
2015 09 17 01 55 00 2 4830.571
2015 09 17 01 55 45 2 4830.571
2015 09 17 01 56 00 2 4830.577
2015 09 17 01 56 45 2 4830.577
2015 09 17 01 57 00 2 4830.579
2015 09 17 01 57 45 2 4830.579
2015 09 17 01 58 00 2 4830.584
2015 09 17 01 58 45 2 4830.584
2015 09 17 01 59 00 2 4830.589
2015 09 17 01 59 45 2 4830.589
2015 09 17 02 00 00 1 9999.000
2015 09 17 02 00 00 2 4830.598
2015 09 17 02 01 00 2 4830.603
2015 09 17 02 02 00 2 4830.605
2015 09 17 02 03 00 2 4830.593
2015 09 17 02 04 00 2 4830.583
2015 09 17 02 05 00 2 4830.581
2015 09 17 02 06 00 2 4830.586
2015 09 17 02 07 00 2 4830.589
2015 09 17 02 08 00 2 4830.592
2015 09 17 02 09 00 2 4830.588
2015 09 17 02 10 00 2 4830.587
2015 09 17 02 11 00 2 4830.593
2015 09 17 02 12 00 2 4830.600
2015 09 17 02 13 00 2 4830.602
2015 09 17 02 14 00 2 4830.598
2015 09 17 02 15 00 1 9999.000
2015 09 17 02 15 00 2 4830.594
2015 09 17 02 16 00 2 4830.590
2015 09 17 02 17 00 2 4830.585
2015 09 17 02 18 00 2 4830.587
2015 09 17 02 19 00 2 4830.581
2015 09 17 02 20 00 2 4830.576
2015 09 17 02 21 00 2 4830.582
2015 09 17 02 22 00 2 4830.587
2015 09 17 02 23 00 2 4830.587
2015 09 17 02 24 00 2 4830.593
2015 09 17 02 25 00 2 4830.601
2015 09 17 02 26 00 2 4830.605
2015 09 17 02 27 00 2 4830.606
2015 09 17 02 28 00 2 4830.604
2015 09 17 02 29 00 2 4830.605
2015 09 17 02 30 00 1 9999.000
2015 09 17 02 30 00 2 4830.614
2015 09 17 02 31 00 2 4830.619
2015 09 17 02 32 00 2 4830.629
2015 09 17 02 33 00 2 4830.638
2015 09 17 02 34 00 2 4830.643
2015 09 17 02 35 00 2 4830.649
2015 09 17 02 36 00 2 4830.651
2015 09 17 02 37 00 2 4830.645
2015 09 17 02 38 00 2 4830.640
2015 09 17 02 39 00 2 4830.635
2015 09 17 02 40 00 2 4830.636
2015 09 17 02 41 00 2 4830.643
2015 09 17 02 42 00 2 4830.652
2015 09 17 02 43 00 2 4830.656
2015 09 17 02 44 00 2 4830.649
2015 09 17 02 45 00 1 9999.000
2015 09 17 02 45 00 2 4830.636
2015 09 17 02 46 00 2 4830.635
2015 09 17 02 47 00 2 4830.637
2015 09 17 02 48 00 2 4830.637
2015 09 17 02 49 00 2 4830.644
2015 09 17 02 50 00 2 4830.655
2015 09 17 02 51 00 2 4830.663
2015 09 17 02 52 00 2 4830.669
2015 09 17 02 53 00 2 4830.673
2015 09 17 02 54 00 2 4830.661
2015 09 17 02 55 00 2 4830.640
2015 09 17 02 56 00 2 4830.634
2015 09 17 02 57 00 2 4830.643
2015 09 17 02 58 00 2 4830.647
2015 09 17 02 59 00 2 4830.654
2015 09 17 03 00 00 1 9999.000
2015 09 17 03 00 00 2 4830.663
2015 09 17 03 01 00 2 4830.675
2015 09 17 03 02 00 2 4830.681
2015 09 17 03 03 00 2 4830.676
2015 09 17 03 04 00 2 4830.661
2015 09 17 03 05 00 2 4830.650
2015 09 17 03 06 00 2 4830.652
2015 09 17 03 07 00 2 4830.649
2015 09 17 03 08 00 2 4830.644
2015 09 17 03 09 00 2 4830.638
2015 09 17 03 10 00 2 4830.637
2015 09 17 03 11 00 2 4830.634
2015 09 17 03 12 00 2 4830.624
2015 09 17 03 13 00 2 4830.622
2015 09 17 03 14 00 2 4830.622
2015 09 17 03 15 00 1 9999.000
2015 09 17 03 15 00 2 4830.622
2015 09 17 03 16 00 2 4830.625
2015 09 17 03 17 00 2 4830.622
2015 09 17 03 18 00 2 4830.620
2015 09 17 03 19 00 2 4830.629
2015 09 17 03 20 00 2 4830.643
2015 09 17 03 21 00 2 4830.645
2015 09 17 03 22 00 2 4830.643
2015 09 17 03 23 00 2 4830.643
2015 09 17 03 24 00 2 4830.641
2015 09 17 03 25 00 2 4830.642
2015 09 17 03 26 00 2 4830.645
2015 09 17 03 27 00 2 4830.646
2015 09 17 03 28 00 2 4830.649
2015 09 17 03 29 00 2 4830.650
2015 09 17 03 30 00 1 9999.000
2015 09 17 03 30 00 2 4830.643
2015 09 17 03 31 00 2 4830.645
2015 09 17 03 32 00 2 4830.656
2015 09 17 03 33 00 2 4830.658
2015 09 17 03 34 00 2 4830.662
2015 09 17 03 35 00 2 4830.661
2015 09 17 03 36 00 2 4830.654
2015 09 17 03 37 00 2 4830.658
2015 09 17 03 38 00 2 4830.664
2015 09 17 03 39 00 2 4830.673
2015 09 17 03 40 00 2 4830.678
2015 09 17 03 41 00 2 4830.680
2015 09 17 03 42 00 2 4830.672
2015 09 17 03 43 00 2 4830.659
2015 09 17 03 44 00 2 4830.655
2015 09 17 03 45 00 1 9999.000
2015 09 17 03 45 00 2 4830.657
2015 09 17 03 46 00 2 4830.646
2015 09 17 03 47 00 2 4830.637
2015 09 17 03 48 00 2 4830.633
2015 09 17 03 49 00 2 4830.633
2015 09 17 03 50 00 2 4830.640
2015 09 17 03 51 00 2 4830.645
2015 09 17 03 52 00 2 4830.643
2015 09 17 03 53 00 2 4830.643
2015 09 17 03 54 00 2 4830.638
2015 09 17 03 55 00 2 4830.640
2015 09 17 03 56 00 2 4830.639
2015 09 17 03 57 00 2 4830.643
2015 09 17 03 58 00 2 4830.645
2015 09 17 03 59 00 2 4830.642
2015 09 17 04 00 00 1 9999.000
2015 09 17 04 00 00 2 4830.638
2015 09 17 04 01 00 2 4830.636
2015 09 17 04 02 00 2 4830.627
2015 09 17 04 03 00 2 4830.618
2015 09 17 04 04 00 2 4830.620
2015 09 17 04 05 00 2 4830.622
2015 09 17 04 06 00 2 4830.617
2015 09 17 04 07 00 2 4830.617
2015 09 17 04 08 00 2 4830.622
2015 09 17 04 09 00 2 4830.622
2015 09 17 04 10 00 2 4830.620
2015 09 17 04 11 00 2 4830.620
2015 09 17 04 12 00 2 4830.618
2015 09 17 04 13 00 2 4830.615
2015 09 17 04 14 00 2 4830.620
2015 09 17 04 15 00 1 9999.000
2015 09 17 04 15 00 2 4830.621
2015 09 17 04 16 00 2 4830.617
2015 09 17 04 17 00 2 4830.621
2015 09 17 04 18 00 2 4830.619
2015 09 17 04 19 00 2 4830.616
2015 09 17 04 20 00 2 4830.618
2015 09 17 04 21 00 2 4830.613
2015 09 17 04 22 00 2 4830.609
2015 09 17 04 23 00 2 4830.609
2015 09 17 04 24 00 2 4830.599
2015 09 17 04 25 00 2 4830.605
2015 09 17 04 26 00 2 4830.608
2015 09 17 04 27 00 2 4830.608
2015 09 17 04 28 00 2 4830.608
2015 09 17 04 29 00 2 4830.604
2015 09 17 04 30 00 1 9999.000
2015 09 17 04 30 00 2 4830.603
2015 09 17 04 31 00 2 4830.597
2015 09 17 04 32 00 2 4830.594
2015 09 17 04 33 00 2 4830.594
2015 09 17 04 34 00 2 4830.599
2015 09 17 04 35 00 2 4830.599
2015 09 17 04 36 00 2 4830.592
2015 09 17 04 37 00 2 4830.583
2015 09 17 04 38 00 2 4830.579
2015 09 17 04 39 00 2 4830.581
2015 09 17 04 40 00 2 4830.576
2015 09 17 04 41 00 2 4830.569
2015 09 17 04 42 00 2 4830.557
2015 09 17 04 43 00 2 4830.554
2015 09 17 04 44 00 2 4830.559
2015 09 17 04 45 00 1 9999.000
2015 09 17 04 45 00 2 4830.562
2015 09 17 04 46 00 2 4830.561
2015 09 17 04 47 00 2 4830.558
2015 09 17 04 48 00 2 4830.552
2015 09 17 04 49 00 2 4830.542
2015 09 17 04 50 00 2 4830.533
2015 09 17 04 51 00 2 4830.535
2015 09 17 04 52 00 2 4830.537
2015 09 17 04 53 00 2 4830.533
2015 09 17 04 54 00 2 4830.532
2015 09 17 04 55 00 2 4830.531
2015 09 17 04 56 00 2 4830.530
2015 09 17 04 57 00 2 4830.530
2015 09 17 04 58 00 2 4830.526
2015 09 17 04 59 00 2 4830.526
2015 09 17 05 00 00 1 9999.000
2015 09 17 05 15 00 1 4830.506
2015 09 17 05 30 00 1 4830.459
2015 09 17 05 45 00 1 4830.422
2015 09 17 06 00 00 1 4830.386
2015 09 17 06 15 00 1 4830.323
2015 09 17 06 30 00 1 4830.298
2015 09 17 06 45 00 1 4830.273
2015 09 17 07 00 00 1 4830.189
2015 09 17 07 15 00 1 4830.160
2015 09 17 07 30 00 1 4830.129
2015 09 17 07 45 00 1 4830.097
2015 09 17 08 00 00 1 4830.065
2015 09 17 08 15 00 1 4830.059
2015 09 17 08 30 00 1 4830.019
2015 09 17 08 45 00 1 4830.006
2015 09 17 09 00 00 1 4829.991
2015 09 17 09 15 00 1 4830.013
2015 09 17 09 30 00 1 4829.991
2015 09 17 09 45 00 1 4830.021
2015 09 17 10 00 00 1 4830.029
2015 09 17 10 15 00 1 4830.029
2015 09 17 10 30 00 1 4830.056
2015 09 17 10 45 00 1 4830.087
2015 09 17 11 00 00 1 4830.107
2015 09 17 11 15 00 1 4830.147
2015 09 17 11 30 00 1 4830.167
2015 09 17 11 45 00 1 4830.203
2015 09 17 12 00 00 1 4830.256
2015 09 17 12 15 00 1 4830.290
2015 09 17 12 30 00 1 4830.318
2015 09 17 12 45 00 1 4830.361
2015 09 17 13 00 00 1 4830.405
2015 09 17 13 15 00 1 4830.435
2015 09 17 13 30 00 1 4830.457
2015 09 17 13 45 00 1 4830.495
2015 09 17 14 00 00 1 4830.522
2015 09 17 14 15 00 1 4830.551
2015 09 17 14 30 00 1 4830.561
2015 09 17 14 45 00 1 4830.561
2015 09 17 15 00 00 1 4830.586
2015 09 17 15 15 00 1 4830.592
2015 09 17 15 30 00 1 4830.573
2015 09 17 15 45 00 1 4830.570
2015 09 17 16 00 00 1 4830.562
2015 09 17 16 15 00 1 4830.544
2015 09 17 16 30 00 1 4830.522
2015 09 17 16 45 00 1 4830.501
2015 09 17 17 00 00 1 4830.469
2015 09 17 17 15 00 1 4830.433
2015 09 17 17 30 00 1 4830.402
2015 09 17 17 45 00 1 4830.371
2015 09 17 18 00 00 1 4830.323
2015 09 17 18 15 00 1 4830.284
2015 09 17 18 30 00 1 4830.256
2015 09 17 18 45 00 1 4830.212
2015 09 17 19 00 00 1 4830.172
2015 09 17 19 15 00 1 4830.131
2015 09 17 19 30 00 1 4830.094
2015 09 17 19 45 00 1 4830.066
2015 09 17 20 00 00 1 4830.038
2015 09 17 20 15 00 1 4830.013
2015 09 17 20 30 00 1 4829.996
2015 09 17 20 45 00 1 4829.990
2015 09 17 21 00 00 1 4829.963
2015 09 17 21 15 00 1 4829.961
2015 09 17 21 30 00 1 4829.964
2015 09 17 21 45 00 1 4829.971
2015 09 17 22 00 00 1 4829.967
2015 09 17 22 15 00 1 4829.985
2015 09 17 22 30 00 1 4829.994
2015 09 17 22 45 00 1 4830.028
2015 09 17 23 00 00 1 4830.048
2015 09 17 23 15 00 1 4830.072
2015 09 17 23 30 00 1 4830.101
2015 09 17 23 45 00 1 4830.150
2015 09 18 00 00 00 1 4830.184
2015 09 18 00 15 00 1 4830.225
2015 09 18 00 30 00 1 4830.273
2015 09 18 00 45 00 1 4830.315
2015 09 18 01 00 00 1 4830.353
2015 09 18 01 15 00 1 4830.398
2015 09 18 01 30 00 1 4830.439
2015 09 18 01 45 00 1 4830.477
2015 09 18 02 00 00 1 4830.513
2015 09 18 02 15 00 1 4830.540
2015 09 18 02 30 00 1 4830.571
2015 09 18 02 45 00 1 4830.596
2015 09 18 03 00 00 1 4830.626
2015 09 18 03 15 00 1 4830.627
2015 09 18 03 30 00 1 4830.634
2015 09 18 03 45 00 1 4830.647
2015 09 18 04 00 00 1 4830.646
2015 09 18 04 15 00 1 4830.638
2015 09 18 04 30 00 1 4830.626
2015 09 18 04 45 00 1 4830.611
2015 09 18 05 00 00 1 4830.596
2015 09 18 05 15 00 1 4830.573
2015 09 18 05 30 00 1 4830.537
2015 09 18 05 45 00 1 4830.506
2015 09 18 06 00 00 1 4830.479
2015 09 18 06 15 00 1 4830.436
2015 09 18 06 30 00 1 4830.400
2015 09 18 06 45 00 1 4830.360
2015 09 18 07 00 00 1 4830.318
2015 09 18 07 15 00 1 4830.283
2015 09 18 07 30 00 1 4830.245
2015 09 18 07 45 00 1 4830.208
2015 09 18 08 00 00 1 4830.182
2015 09 18 08 15 00 1 4830.145
2015 09 18 08 30 00 1 4830.113
2015 09 18 08 45 00 1 4830.089
2015 09 18 09 00 00 1 4830.072
2015 09 18 09 15 00 1 4830.057
2015 09 18 09 30 00 1 4830.049
2015 09 18 09 45 00 1 4830.038
2015 09 18 10 00 00 1 4830.034
2015 09 18 10 15 00 1 4830.033
2015 09 18 10 30 00 1 4830.039
2015 09 18 10 45 00 1 4830.047
2015 09 18 11 00 00 1 4830.067
2015 09 18 11 15 00 1 4830.082
2015 09 18 11 30 00 1 4830.109
2015 09 18 11 45 00 1 4830.127
2015 09 18 12 00 00 1 4830.151
2015 09 18 12 15 00 1 4830.181
2015 09 18 12 30 00 1 4830.211
2015 09 18 12 45 00 1 4830.238
2015 09 18 13 00 00 1 4830.270
2015 09 18 13 15 00 1 4830.307
2015 09 18 13 30 00 1 4830.338
2015 09 18 13 45 00 1 4830.366
2015 09 18 14 00 00 1 4830.395
2015 09 18 14 15 00 1 4830.423
2015 09 18 14 30 00 1 4830.447
2015 09 18 14 45 00 1 4830.462
2015 09 18 15 00 00 1 4830.468
2015 09 18 15 15 00 1 4830.486
2015 09 18 15 30 00 1 4830.488
2015 09 18 15 45 00 1 4830.493
2015 09 18 16 00 00 1 4830.489
2015 09 18 16 15 00 1 4830.481
2015 09 18 16 30 00 1 4830.469
2015 09 18 16 45 00 1 4830.463
2015 09 18 17 00 00 1 4830.433
2015 09 18 17 15 00 1 4830.418
2015 09 18 17 30 00 1 4830.398
2015 09 18 17 45 00 1 4830.372
2015 09 18 18 00 00 1 4830.343
2015 09 18 18 15 00 1 4830.317
2015 09 18 18 30 00 1 4830.287
2015 09 18 18 45 00 1 4830.258
2015 09 18 19 00 00 1 4830.222
2015 09 18 19 15 00 1 4830.185
2015 09 18 19 30 00 1 4830.156
2015 09 18 19 45 00 1 4830.133
2015 09 18 20 00 00 1 4830.092
2015 09 18 20 15 00 1 4830.068
2015 09 18 20 30 00 1 4830.045
2015 09 18 20 45 00 1 4830.025
2015 09 18 21 00 00 1 4830.008
2015 09 18 21 15 00 1 4829.993
2015 09 18 21 30 00 1 4829.986
2015 09 18 21 45 00 1 4829.979
2015 09 18 22 00 00 1 4829.983
2015 09 18 22 15 00 1 4829.980
2015 09 18 22 30 00 1 4829.984
2015 09 18 22 45 00 1 4830.001
2015 09 18 23 00 00 1 4830.019
2015 09 18 23 15 00 1 4830.036
2015 09 18 23 30 00 1 4830.063
2015 09 18 23 45 00 1 4830.086
2015 09 19 00 00 00 1 4830.122
2015 09 19 00 15 00 1 4830.152
2015 09 19 00 30 00 1 4830.197
2015 09 19 00 45 00 1 4830.234
2015 09 19 01 00 00 1 4830.273
2015 09 19 01 15 00 1 4830.315
2015 09 19 01 30 00 1 4830.354
2015 09 19 01 45 00 1 4830.393
2015 09 19 02 00 00 1 4830.438
2015 09 19 02 15 00 1 4830.467
2015 09 19 02 30 00 1 4830.505
2015 09 19 02 45 00 1 4830.538
2015 09 19 03 00 00 1 4830.564
2015 09 19 03 15 00 1 4830.589
2015 09 19 03 30 00 1 4830.614
2015 09 19 03 45 00 1 4830.623
2015 09 19 04 00 00 1 4830.633
2015 09 19 04 15 00 1 4830.651
2015 09 19 04 30 00 1 4830.652
2015 09 19 04 45 00 1 4830.645
2015 09 19 05 00 00 1 4830.641
2015 09 19 05 15 00 1 4830.624
2015 09 19 05 30 00 1 4830.608
2015 09 19 05 45 00 1 4830.589
2015 09 19 06 00 00 1 4830.565
2015 09 19 06 15 00 1 4830.543
2015 09 19 06 30 00 1 4830.515
2015 09 19 06 45 00 1 4830.482
2015 09 19 07 00 00 1 4830.451
2015 09 19 07 15 00 1 4830.418
2015 09 19 07 30 00 1 4830.387
2015 09 19 07 45 00 1 4830.343
2015 09 19 08 00 00 1 4830.312
2015 09 19 08 15 00 1 4830.278
2015 09 19 08 30 00 1 4830.242
2015 09 19 08 45 00 1 4830.218
2015 09 19 09 00 00 1 4830.190
2015 09 19 09 15 00 1 4830.167
2015 09 19 09 30 00 1 4830.150
2015 09 19 09 45 00 1 4830.130
2015 09 19 10 00 00 1 4830.114
2015 09 19 10 15 00 1 4830.098
2015 09 19 10 30 00 1 4830.096
2015 09 19 10 45 00 1 4830.088
2015 09 19 11 00 00 1 4830.091
2015 09 19 11 15 00 1 4830.096
2015 09 19 11 30 00 1 4830.100
2015 09 19 11 45 00 1 4830.110
2015 09 19 12 00 00 1 4830.124
2015 09 19 12 15 00 1 4830.140
2015 09 19 12 30 00 1 4830.155
2015 09 19 12 45 00 1 4830.181
2015 09 19 13 00 00 1 4830.205
2015 09 19 13 15 00 1 4830.225
2015 09 19 13 30 00 1 4830.249
2015 09 19 13 45 00 1 4830.276
2015 09 19 14 00 00 1 4830.297
2015 09 19 14 15 00 1 4830.322
2015 09 19 14 30 00 1 4830.342
2015 09 19 14 45 00 1 4830.365
2015 09 19 15 00 00 1 4830.381
2015 09 19 15 15 00 1 4830.396
2015 09 19 15 30 00 1 4830.407
2015 09 19 15 45 00 1 4830.420
2015 09 19 16 00 00 1 4830.429
2015 09 19 16 15 00 1 4830.431
2015 09 19 16 30 00 1 4830.430
2015 09 19 16 45 00 1 4830.428
2015 09 19 17 00 00 1 4830.426
2015 09 19 17 15 00 1 4830.408
2015 09 19 17 30 00 1 4830.400
2015 09 19 17 45 00 1 4830.388
2015 09 19 18 00 00 1 4830.371
2015 09 19 18 15 00 1 4830.349
2015 09 19 18 30 00 1 4830.330
2015 09 19 18 45 00 1 4830.308
2015 09 19 19 00 00 1 4830.284
2015 09 19 19 15 00 1 4830.259
2015 09 19 19 30 00 1 4830.229
2015 09 19 19 45 00 1 4830.204
2015 09 19 20 00 00 1 4830.184
2015 09 19 20 15 00 1 4830.154
2015 09 19 20 30 00 1 4830.130
2015 09 19 20 45 00 1 4830.111
2015 09 19 21 00 00 1 4830.086
2015 09 19 21 15 00 1 4830.069
2015 09 19 21 30 00 1 4830.054
2015 09 19 21 45 00 1 4830.040
2015 09 19 22 00 00 1 4830.029
2015 09 19 22 15 00 1 4830.024
2015 09 19 22 30 00 1 4830.020
2015 09 19 22 45 00 1 4830.019
2015 09 19 23 00 00 1 4830.022
2015 09 19 23 15 00 1 4830.032
2015 09 19 23 30 00 1 4830.041
2015 09 19 23 45 00 1 4830.058
2015 09 20 00 00 00 1 4830.081
2015 09 20 00 15 00 1 4830.102
2015 09 20 00 30 00 1 4830.126
2015 09 20 00 45 00 1 4830.156
2015 09 20 01 00 00 1 4830.184
2015 09 20 01 15 00 1 4830.218
2015 09 20 01 30 00 1 4830.252
2015 09 20 01 45 00 1 4830.289
2015 09 20 02 00 00 1 4830.323
2015 09 20 02 15 00 1 4830.360
2015 09 20 02 30 00 1 4830.395
2015 09 20 02 45 00 1 4830.434
2015 09 20 03 00 00 1 4830.467
2015 09 20 03 15 00 1 4830.493
2015 09 20 03 30 00 1 4830.526
2015 09 20 03 45 00 1 4830.552
2015 09 20 04 00 00 1 4830.574
2015 09 20 04 15 00 1 4830.592
2015 09 20 04 30 00 1 4830.606
2015 09 20 04 45 00 1 4830.617
2015 09 20 05 00 00 1 4830.621
2015 09 20 05 15 00 1 4830.625
2015 09 20 05 30 00 1 4830.624
2015 09 20 05 45 00 1 4830.619
2015 09 20 06 00 00 1 4830.612
2015 09 20 06 15 00 1 4830.593
2015 09 20 06 30 00 1 4830.579
2015 09 20 06 45 00 1 4830.562
2015 09 20 07 00 00 1 4830.536
2015 09 20 07 15 00 1 4830.515
2015 09 20 07 30 00 1 4830.488
2015 09 20 07 45 00 1 4830.458
2015 09 20 08 00 00 1 4830.430
2015 09 20 08 15 00 1 4830.392
2015 09 20 08 30 00 1 4830.364
2015 09 20 08 45 00 1 4830.335
2015 09 20 09 00 00 1 4830.306
2015 09 20 09 15 00 1 4830.272
2015 09 20 09 30 00 1 4830.250
2015 09 20 09 45 00 1 4830.222
2015 09 20 10 00 00 1 4830.205
2015 09 20 10 15 00 1 4830.185
2015 09 20 10 30 00 1 4830.169
2015 09 20 10 45 00 1 4830.155
2015 09 20 11 00 00 1 4830.143
2015 09 20 11 15 00 1 4830.135
2015 09 20 11 30 00 1 4830.130
2015 09 20 11 45 00 1 4830.126
2015 09 20 12 00 00 1 4830.124
2015 09 20 12 15 00 1 4830.125
2015 09 20 12 30 00 1 4830.132
2015 09 20 12 45 00 1 4830.135
2015 09 20 13 00 00 1 4830.146
2015 09 20 13 15 00 1 4830.157
2015 09 20 13 30 00 1 4830.173
2015 09 20 13 45 00 1 4830.189
2015 09 20 14 00 00 1 4830.204
2015 09 20 14 15 00 1 4830.224
2015 09 20 14 30 00 1 4830.243
2015 09 20 14 45 00 1 4830.260
2015 09 20 15 00 00 1 4830.277
2015 09 20 15 15 00 1 4830.294
2015 09 20 15 30 00 1 4830.308
2015 09 20 15 45 00 1 4830.320
2015 09 20 16 00 00 1 4830.333
2015 09 20 16 15 00 1 4830.343
2015 09 20 16 30 00 1 4830.350
2015 09 20 16 45 00 1 4830.354
2015 09 20 17 00 00 1 4830.355
2015 09 20 17 15 00 1 4830.356
2015 09 20 17 30 00 1 4830.354
2015 09 20 17 45 00 1 4830.349
2015 09 20 18 00 00 1 4830.344
2015 09 20 18 15 00 1 4830.333
2015 09 20 18 30 00 1 4830.327
2015 09 20 18 45 00 1 4830.316
2015 09 20 19 00 00 1 4830.305
2015 09 20 19 15 00 1 4830.288
2015 09 20 19 30 00 1 4830.271
2015 09 20 19 45 00 1 4830.250
2015 09 20 20 00 00 1 4830.234
2015 09 20 20 15 00 1 4830.212
2015 09 20 20 30 00 1 4830.194
2015 09 20 20 45 00 1 4830.172
2015 09 20 21 00 00 1 4830.154
2015 09 20 21 15 00 1 4830.138
2015 09 20 21 30 00 1 4830.124
2015 09 20 21 45 00 1 4830.112
2015 09 20 22 00 00 1 4830.097
2015 09 20 22 15 00 1 4830.086
2015 09 20 22 30 00 1 4830.079
2015 09 20 22 45 00 1 4830.075
2015 09 20 23 00 00 1 4830.071
2015 09 20 23 15 00 1 4830.069
2015 09 20 23 30 00 1 4830.071
2015 09 20 23 45 00 1 4830.075
2015 09 21 00 00 00 1 4830.081
2015 09 21 00 15 00 1 4830.093
2015 09 21 00 30 00 1 4830.106
2015 09 21 00 45 00 1 4830.119
2015 09 21 01 00 00 1 4830.138
2015 09 21 01 15 00 1 4830.158
2015 09 21 01 30 00 1 4830.180
2015 09 21 01 45 00 1 4830.205
2015 09 21 02 00 00 1 4830.232
2015 09 21 02 15 00 1 4830.260
2015 09 21 02 30 00 1 4830.288
2015 09 21 02 45 00 1 4830.319
2015 09 21 03 00 00 1 4830.347
2015 09 21 03 15 00 1 4830.378
2015 09 21 03 30 00 1 4830.407
2015 09 21 03 45 00 1 4830.439
2015 09 21 04 00 00 1 4830.466
2015 09 21 04 15 00 1 4830.494
2015 09 21 04 30 00 1 4830.521
2015 09 21 04 45 00 1 4830.540
2015 09 21 05 00 00 1 4830.558
2015 09 21 05 15 00 1 4830.572
2015 09 21 05 30 00 1 4830.584
2015 09 21 05 45 00 1 4830.596
2015 09 21 06 00 00 1 4830.601
2015 09 21 06 15 00 1 4830.601
2015 09 21 06 30 00 1 4830.602
2015 09 21 06 45 00 1 4830.597
2015 09 21 07 00 00 1 4830.589
2015 09 21 07 15 00 1 4830.578
2015 09 21 07 30 00 1 4830.561
2015 09 21 07 45 00 1 4830.540
2015 09 21 08 00 00 1 4830.523
2015 09 21 08 15 00 1 4830.501
2015 09 21 08 30 00 1 4830.477
2015 09 21 08 45 00 1 4830.449
2015 09 21 09 00 00 1 4830.425
2015 09 21 09 15 00 1 4830.399
2015 09 21 09 30 00 1 4830.372
2015 09 21 09 45 00 1 4830.349
2015 09 21 10 00 00 1 4830.323
2015 09 21 10 15 00 1 4830.301
2015 09 21 10 30 00 1 4830.275
2015 09 21 10 45 00 1 4830.255
2015 09 21 11 00 00 1 4830.238
2015 09 21 11 15 00 1 4830.220
2015 09 21 11 30 00 1 4830.204
2015 09 21 11 45 00 1 4830.188
2015 09 21 12 00 00 1 4830.174
2015 09 21 12 15 00 1 4830.166
2015 09 21 12 30 00 1 4830.156
2015 09 21 12 45 00 1 4830.149
2015 09 21 13 00 00 1 4830.145
2015 09 21 13 15 00 1 4830.145
2015 09 21 13 30 00 1 4830.146
2015 09 21 13 45 00 1 4830.149
2015 09 21 14 00 00 1 4830.156
2015 09 21 14 15 00 1 4830.164
2015 09 21 14 30 00 1 4830.175
2015 09 21 14 45 00 1 4830.186
2015 09 21 15 00 00 1 4830.199
2015 09 21 15 15 00 1 4830.209
2015 09 21 15 30 00 1 4830.224
2015 09 21 15 45 00 1 4830.236
2015 09 21 16 00 00 1 4830.250
2015 09 21 16 15 00 1 4830.266
2015 09 21 16 30 00 1 4830.278
2015 09 21 16 45 00 1 4830.289
2015 09 21 17 00 00 1 4830.301
2015 09 21 17 15 00 1 4830.313
2015 09 21 17 30 00 1 4830.319
2015 09 21 17 45 00 1 4830.327
2015 09 21 18 00 00 1 4830.327
2015 09 21 18 15 00 1 4830.330
2015 09 21 18 30 00 1 4830.334
2015 09 21 18 45 00 1 4830.333
2015 09 21 19 00 00 1 4830.330
2015 09 21 19 15 00 1 4830.328
2015 09 21 19 30 00 1 4830.322
2015 09 21 19 45 00 1 4830.315
2015 09 21 20 00 00 1 4830.308
2015 09 21 20 15 00 1 4830.300
2015 09 21 20 30 00 1 4830.286
2015 09 21 20 45 00 1 4830.274
2015 09 21 21 00 00 1 4830.260
2015 09 21 21 15 00 1 4830.245
2015 09 21 21 30 00 1 4830.233
2015 09 21 21 45 00 1 4830.221
2015 09 21 22 00 00 1 4830.208
2015 09 21 22 15 00 1 4830.191
2015 09 21 22 30 00 1 4830.182
2015 09 21 22 45 00 1 4830.170
2015 09 21 23 00 00 1 4830.159
2015 09 21 23 15 00 1 4830.149
2015 09 21 23 30 00 1 4830.141
2015 09 21 23 45 00 1 4830.135
2015 09 22 00 00 00 1 4830.132
2015 09 22 00 15 00 1 4830.131
2015 09 22 00 30 00 1 4830.133
2015 09 22 00 45 00 1 4830.142
2015 09 22 01 00 00 1 4830.147
2015 09 22 01 15 00 1 4830.154
2015 09 22 01 30 00 1 4830.162
2015 09 22 01 45 00 1 4830.176
2015 09 22 02 00 00 1 4830.189
2015 09 22 02 15 00 1 4830.203
2015 09 22 02 30 00 1 4830.220
2015 09 22 02 45 00 1 4830.243
2015 09 22 03 00 00 1 4830.264
2015 09 22 03 15 00 1 4830.291
2015 09 22 03 30 00 1 4830.319
2015 09 22 03 45 00 1 4830.346
2015 09 22 04 00 00 1 4830.377
2015 09 22 04 15 00 1 4830.407
2015 09 22 04 30 00 1 4830.434
2015 09 22 04 45 00 1 4830.461
2015 09 22 05 00 00 1 4830.488
2015 09 22 05 15 00 1 4830.513
2015 09 22 05 30 00 1 4830.537
2015 09 22 05 45 00 1 4830.558
2015 09 22 06 00 00 1 4830.575
2015 09 22 06 15 00 1 4830.596
2015 09 22 06 30 00 1 4830.605
2015 09 22 06 45 00 1 4830.616
2015 09 22 07 00 00 1 4830.621
2015 09 22 07 15 00 1 4830.625
2015 09 22 07 30 00 1 4830.623
2015 09 22 07 45 00 1 4830.621
2015 09 22 08 00 00 1 4830.617
2015 09 22 08 15 00 1 4830.605
2015 09 22 08 30 00 1 4830.595
2015 09 22 08 45 00 1 4830.582
2015 09 22 09 00 00 1 4830.566
2015 09 22 09 15 00 1 4830.543
2015 09 22 09 30 00 1 4830.521
2015 09 22 09 45 00 1 4830.500
2015 09 22 10 00 00 1 4830.476
2015 09 22 10 15 00 1 4830.449
2015 09 22 10 30 00 1 4830.420
2015 09 22 10 45 00 1 4830.394
2015 09 22 11 00 00 1 4830.370
2015 09 22 11 15 00 1 4830.341
2015 09 22 11 30 00 1 4830.320
2015 09 22 11 45 00 1 4830.291
2015 09 22 12 00 00 1 4830.269
2015 09 22 12 15 00 1 4830.243
2015 09 22 12 30 00 1 4830.223
2015 09 22 12 45 00 1 4830.205
2015 09 22 13 00 00 1 4830.186
2015 09 22 13 15 00 1 4830.170
2015 09 22 13 30 00 1 4830.157
2015 09 22 13 45 00 1 4830.147
2015 09 22 14 00 00 1 4830.137
2015 09 22 14 15 00 1 4830.130
2015 09 22 14 30 00 1 4830.123
2015 09 22 14 45 00 1 4830.124
2015 09 22 15 00 00 1 4830.123
2015 09 22 15 15 00 1 4830.125
2015 09 22 15 30 00 1 4830.135
2015 09 22 15 45 00 1 4830.143
2015 09 22 16 00 00 1 4830.156
2015 09 22 16 15 00 1 4830.164
2015 09 22 16 30 00 1 4830.179
2015 09 22 16 45 00 1 4830.193
2015 09 22 17 00 00 1 4830.208
2015 09 22 17 15 00 1 4830.221
2015 09 22 17 30 00 1 4830.233
2015 09 22 17 45 00 1 4830.248
2015 09 22 18 00 00 1 4830.260
2015 09 22 18 15 00 1 4830.269
2015 09 22 18 30 00 1 4830.278
2015 09 22 18 45 00 1 4830.286
2015 09 22 19 00 00 1 4830.293
2015 09 22 19 15 00 1 4830.299
2015 09 22 19 30 00 1 4830.302
2015 09 22 19 45 00 1 4830.306
2015 09 22 20 00 00 1 4830.309
2015 09 22 20 15 00 1 4830.307
2015 09 22 20 30 00 1 4830.305
2015 09 22 20 45 00 1 4830.299
2015 09 22 21 00 00 1 4830.294
2015 09 22 21 15 00 1 4830.289
2015 09 22 21 30 00 1 4830.277
2015 09 22 21 45 00 1 4830.266
2015 09 22 22 00 00 1 4830.258
2015 09 22 22 15 00 1 4830.248
2015 09 22 22 30 00 1 4830.236
2015 09 22 22 45 00 1 4830.224
2015 09 22 23 00 00 1 4830.214
2015 09 22 23 15 00 1 4830.203
2015 09 22 23 30 00 1 4830.189
2015 09 22 23 45 00 1 4830.176
2015 09 23 00 00 00 1 4830.167
2015 09 23 00 15 00 1 4830.158
2015 09 23 00 30 00 1 4830.146
2015 09 23 00 45 00 1 4830.138
2015 09 23 01 00 00 1 4830.130
2015 09 23 01 15 00 1 4830.124
2015 09 23 01 30 00 1 4830.120
2015 09 23 01 45 00 1 4830.118
2015 09 23 02 00 00 1 4830.121
2015 09 23 02 15 00 1 4830.123
2015 09 23 02 30 00 1 4830.132
2015 09 23 02 45 00 1 4830.142
2015 09 23 03 00 00 1 4830.155
2015 09 23 03 15 00 1 4830.172
2015 09 23 03 30 00 1 4830.192
2015 09 23 03 45 00 1 4830.212
2015 09 23 04 00 00 1 4830.237
2015 09 23 04 15 00 1 4830.263
2015 09 23 04 30 00 1 4830.292
2015 09 23 04 45 00 1 4830.319
2015 09 23 05 00 00 1 4830.347
2015 09 23 05 15 00 1 4830.378
2015 09 23 05 30 00 1 4830.406
2015 09 23 05 45 00 1 4830.432
2015 09 23 06 00 00 1 4830.461
2015 09 23 06 15 00 1 4830.489
2015 09 23 06 30 00 1 4830.514
2015 09 23 06 45 00 1 4830.537
2015 09 23 07 00 00 1 4830.557
2015 09 23 07 15 00 1 4830.576
2015 09 23 07 30 00 1 4830.593
2015 09 23 07 45 00 1 4830.604
2015 09 23 08 00 00 1 4830.617
2015 09 23 08 15 00 1 4830.625
2015 09 23 08 30 00 1 4830.626
2015 09 23 08 45 00 1 4830.626
2015 09 23 09 00 00 1 4830.622
2015 09 23 09 15 00 1 4830.613
2015 09 23 09 30 00 1 4830.604
2015 09 23 09 45 00 1 4830.588
2015 09 23 10 00 00 1 4830.573
2015 09 23 10 15 00 1 4830.552
2015 09 23 10 30 00 1 4830.531
2015 09 23 10 45 00 1 4830.510
2015 09 23 11 00 00 1 4830.482
2015 09 23 11 15 00 1 4830.451
2015 09 23 11 30 00 1 4830.423
2015 09 23 11 45 00 1 4830.391
2015 09 23 12 00 00 1 4830.356
2015 09 23 12 15 00 1 4830.323
2015 09 23 12 30 00 1 4830.291
2015 09 23 12 45 00 1 4830.259
2015 09 23 13 00 00 1 4830.228
2015 09 23 13 15 00 1 4830.198
2015 09 23 13 30 00 1 4830.173
2015 09 23 13 45 00 1 4830.149
2015 09 23 14 00 00 1 4830.125
2015 09 23 14 15 00 1 4830.107
2015 09 23 14 30 00 1 4830.089
2015 09 23 14 45 00 1 4830.074
2015 09 23 15 00 00 1 4830.062
2015 09 23 15 15 00 1 4830.054
2015 09 23 15 30 00 1 4830.048
2015 09 23 15 45 00 1 4830.048
2015 09 23 16 00 00 1 4830.047
2015 09 23 16 15 00 1 4830.050
2015 09 23 16 30 00 1 4830.054
2015 09 23 16 45 00 1 4830.063
2015 09 23 17 00 00 1 4830.075
2015 09 23 17 15 00 1 4830.086
2015 09 23 17 30 00 1 4830.101
2015 09 23 17 45 00 1 4830.120
2015 09 23 18 00 00 1 4830.142
2015 09 23 18 15 00 1 4830.162
2015 09 23 18 30 00 1 4830.185
2015 09 23 18 45 00 1 4830.207
2015 09 23 19 00 00 1 4830.226
2015 09 23 19 15 00 1 4830.244
2015 09 23 19 30 00 1 4830.261
2015 09 23 19 45 00 1 4830.277
2015 09 23 20 00 00 1 4830.289
2015 09 23 20 15 00 1 4830.302
2015 09 23 20 30 00 1 4830.312
2015 09 23 20 45 00 1 4830.320
2015 09 23 21 00 00 1 4830.326
2015 09 23 21 15 00 1 4830.329
2015 09 23 21 30 00 1 4830.329
2015 09 23 21 45 00 1 4830.325
2015 09 23 22 00 00 1 4830.319
2015 09 23 22 15 00 1 4830.313
2015 09 23 22 30 00 1 4830.303
2015 09 23 22 45 00 1 4830.293
