#YY  MM DD hh mm ss T   HEIGHT
#yr  mo dy hr mn  s -        m
2015 08 16 23 00 00 1 4508.337
2015 08 16 23 15 00 1 4508.384
2015 08 16 23 30 00 1 4508.420
2015 08 16 23 45 00 1 4508.442
2015 08 17 00 00 00 1 4508.452
2015 08 17 00 15 00 1 4508.450
2015 08 17 00 30 00 1 4508.435
2015 08 17 00 45 00 1 4508.410
2015 08 17 01 00 00 1 4508.372
2015 08 17 01 15 00 1 4508.325
2015 08 17 01 30 00 1 4508.270
2015 08 17 01 45 00 1 4508.203
2015 08 17 02 00 00 1 4508.130
2015 08 17 02 15 00 1 4508.055
2015 08 17 02 30 00 1 4507.976
2015 08 17 02 45 00 1 4507.895
2015 08 17 03 00 00 1 4507.811
2015 08 17 03 15 00 1 4507.728
2015 08 17 03 30 00 1 4507.645
2015 08 17 03 45 00 1 4507.565
2015 08 17 04 00 00 1 4507.490
2015 08 17 04 15 00 1 4507.420
2015 08 17 04 30 00 1 4507.359
2015 08 17 04 45 00 1 4507.306
2015 08 17 05 00 00 1 4507.263
2015 08 17 05 15 00 1 4507.229
2015 08 17 05 30 00 1 4507.207
2015 08 17 05 45 00 1 4507.196
2015 08 17 06 00 00 1 4507.199
2015 08 17 06 15 00 1 4507.212
2015 08 17 06 30 00 1 4507.238
2015 08 17 06 45 00 1 4507.271
2015 08 17 07 00 00 1 4507.318
2015 08 17 07 15 00 1 4507.372
2015 08 17 07 30 00 1 4507.436
2015 08 17 07 45 00 1 4507.505
2015 08 17 08 00 00 1 4507.583
2015 08 17 08 15 00 1 4507.666
2015 08 17 08 30 00 1 4507.751
2015 08 17 08 45 00 1 4507.839
2015 08 17 09 00 00 1 4507.933
2015 08 17 09 15 00 1 4508.020
2015 08 17 09 30 00 1 4508.105
2015 08 17 09 45 00 1 4508.189
2015 08 17 10 00 00 1 4508.264
2015 08 17 10 15 00 1 4508.330
2015 08 17 10 30 00 1 4508.392
2015 08 17 10 45 00 1 4508.442
2015 08 17 11 00 00 1 4508.481
2015 08 17 11 15 00 1 4508.509
2015 08 17 11 30 00 1 4508.525
2015 08 17 11 45 00 1 4508.532
2015 08 17 12 00 00 1 4508.527
2015 08 17 12 15 00 1 4508.508
2015 08 17 12 30 00 1 4508.477
2015 08 17 12 45 00 1 4508.433
2015 08 17 13 00 00 1 4508.374
2015 08 17 13 15 00 1 4508.307
2015 08 17 13 30 00 1 4508.230
2015 08 17 13 45 00 1 4508.147
2015 08 17 14 00 00 1 4508.054
2015 08 17 14 15 00 1 4507.956
2015 08 17 14 30 00 1 4507.854
2015 08 17 14 45 00 1 4507.747
2015 08 17 15 00 00 1 4507.639
2015 08 17 15 15 00 1 4507.534
2015 08 17 15 30 00 1 4507.428
2015 08 17 15 45 00 1 4507.330
2015 08 17 16 00 00 1 4507.236
2015 08 17 16 15 00 1 4507.147
2015 08 17 16 30 00 1 4507.065
2015 08 17 16 45 00 1 4506.996
2015 08 17 17 00 00 1 4506.931
2015 08 17 17 15 00 1 4506.881
2015 08 17 17 30 00 1 4506.837
2015 08 17 17 45 00 1 4506.809
2015 08 17 18 00 00 1 4506.792
2015 08 17 18 15 00 1 4506.787
2015 08 17 18 30 00 1 4506.802
2015 08 17 18 45 00 1 4506.824
2015 08 17 19 00 00 1 4506.863
2015 08 17 19 15 00 1 4506.909
2015 08 17 19 30 00 1 4506.972
2015 08 17 19 45 00 1 4507.044
2015 08 17 20 00 00 1 4507.123
2015 08 17 20 15 00 1 4507.206
2015 08 17 20 30 00 1 4507.296
2015 08 17 20 45 00 1 4507.394
2015 08 17 21 00 00 1 4507.491
2015 08 17 21 15 00 1 4507.597
2015 08 17 21 30 00 1 4507.704
2015 08 17 21 45 00 1 4507.806
2015 08 17 22 00 00 1 4507.908
2015 08 17 22 15 00 1 4508.001
2015 08 17 22 30 00 1 4508.089
2015 08 17 22 45 00 1 4508.174
2015 08 17 23 00 00 1 4508.251
2015 08 17 23 15 00 1 4508.317
2015 08 17 23 30 00 1 4508.374
2015 08 17 23 45 00 1 4508.416
2015 08 18 00 00 00 1 4508.448
2015 08 18 00 15 00 1 4508.470
2015 08 18 00 30 00 1 4508.480
2015 08 18 00 45 00 1 4508.477
2015 08 18 01 00 00 1 4508.461
2015 08 18 01 15 00 1 4508.431
2015 08 18 01 30 00 1 4508.388
2015 08 18 01 45 00 1 4508.343
2015 08 18 02 00 00 1 4508.284
2015 08 18 02 15 00 1 4508.221
2015 08 18 02 30 00 1 4508.151
2015 08 18 02 45 00 1 4508.072
2015 08 18 03 00 00 1 4507.991
2015 08 18 03 15 00 1 4507.908
2015 08 18 03 30 00 1 4507.820
2015 08 18 03 45 00 1 4507.737
2015 08 18 04 00 00 1 4507.649
2015 08 18 04 15 00 1 4507.569
2015 08 18 04 30 00 1 4507.491
2015 08 18 04 45 00 1 4507.425
2015 08 18 05 00 00 1 4507.362
2015 08 18 05 15 00 1 4507.308
2015 08 18 05 30 00 1 4507.264
2015 08 18 05 45 00 1 4507.231
2015 08 18 06 00 00 1 4507.208
2015 08 18 06 15 00 1 4507.193
2015 08 18 06 30 00 1 4507.190
2015 08 18 06 45 00 1 4507.196
2015 08 18 07 00 00 1 4507.212
2015 08 18 07 15 00 1 4507.242
2015 08 18 07 30 00 1 4507.281
2015 08 18 07 45 00 1 4507.329
2015 08 18 08 00 00 1 4507.386
2015 08 18 08 15 00 1 4507.451
2015 08 18 08 30 00 1 4507.523
2015 08 18 08 45 00 1 4507.600
2015 08 18 09 00 00 1 4507.679
2015 08 18 09 15 00 1 4507.765
2015 08 18 09 30 00 1 4507.845
2015 08 18 09 45 00 1 4507.929
2015 08 18 10 00 00 1 4508.011
2015 08 18 10 15 00 1 4508.089
2015 08 18 10 30 00 1 4508.163
2015 08 18 10 45 00 1 4508.226
2015 08 18 11 00 00 1 4508.283
2015 08 18 11 15 00 1 4508.334
2015 08 18 11 30 00 1 4508.372
2015 08 18 11 45 00 1 4508.405
2015 08 18 12 00 00 1 4508.426
2015 08 18 12 15 00 1 4508.437
2015 08 18 12 30 00 1 4508.437
2015 08 18 12 45 00 1 4508.426
2015 08 18 13 00 00 1 4508.402
2015 08 18 13 15 00 1 4508.366
2015 08 18 13 30 00 1 4508.321
2015 08 18 13 45 00 1 4508.267
2015 08 18 14 00 00 1 4508.202
2015 08 18 14 15 00 1 4508.131
2015 08 18 14 30 00 1 4508.050
2015 08 18 14 45 00 1 4507.962
2015 08 18 15 00 00 1 4507.870
2015 08 18 15 15 00 1 4507.779
2015 08 18 15 30 00 1 4507.684
2015 08 18 15 45 00 1 4507.592
2015 08 18 16 00 00 1 4507.500
2015 08 18 16 15 00 1 4507.414
2015 08 18 16 30 00 1 4507.328
2015 08 18 16 45 00 1 4507.250
2015 08 18 17 00 00 1 4507.181
2015 08 18 17 15 00 1 4507.114
2015 08 18 17 30 00 1 4507.060
2015 08 18 17 45 00 1 4507.010
2015 08 18 18 00 00 1 4506.975
2015 08 18 18 15 00 1 4506.951
2015 08 18 18 30 00 1 4506.940
2015 08 18 18 45 00 1 4506.941
2015 08 18 19 00 00 1 4506.953
2015 08 18 19 15 00 1 4506.981
2015 08 18 19 30 00 1 4507.016
2015 08 18 19 45 00 1 4507.064
2015 08 18 20 00 00 1 4507.121
2015 08 18 20 15 00 1 4507.186
2015 08 18 20 30 00 1 4507.256
2015 08 18 20 45 00 1 4507.340
2015 08 18 21 00 00 1 4507.424
2015 08 18 21 15 00 1 4507.518
2015 08 18 21 30 00 1 4507.610
2015 08 18 21 45 00 1 4507.706
2015 08 18 22 00 00 1 4507.802
2015 08 18 22 15 00 1 4507.898
2015 08 18 22 30 00 1 4507.988
2015 08 18 22 45 00 1 4508.075
2015 08 18 23 00 00 1 4508.158
2015 08 18 23 15 00 1 4508.231
2015 08 18 23 30 00 1 4508.296
2015 08 18 23 45 00 1 4508.354
2015 08 19 00 00 00 1 4508.403
2015 08 19 00 15 00 1 4508.441
2015 08 19 00 30 00 1 4508.469
2015 08 19 00 45 00 1 4508.484
2015 08 19 01 00 00 1 4508.486
2015 08 19 01 15 00 1 4508.478
2015 08 19 01 30 00 1 4508.462
2015 08 19 01 45 00 1 4508.436
2015 08 19 02 00 00 1 4508.397
2015 08 19 02 15 00 1 4508.350
2015 08 19 02 30 00 1 4508.293
2015 08 19 02 45 00 1 4508.225
2015 08 19 03 00 00 1 4508.155
2015 08 19 03 15 00 1 4508.077
2015 08 19 03 30 00 1 4507.995
2015 08 19 03 45 00 1 4507.913
2015 08 19 04 00 00 1 4507.825
2015 08 19 04 15 00 1 4507.739
2015 08 19 04 30 00 1 4507.659
2015 08 19 04 45 00 1 4507.581
2015 08 19 05 00 00 1 4507.509
2015 08 19 05 15 00 1 4507.439
2015 08 19 05 30 00 1 4507.373
2015 08 19 05 45 00 1 4507.318
2015 08 19 06 00 00 1 4507.268
2015 08 19 06 15 00 1 4507.230
2015 08 19 06 30 00 1 4507.201
2015 08 19 06 45 00 1 4507.181
2015 08 19 07 00 00 1 4507.170
2015 08 19 07 15 00 1 4507.171
2015 08 19 07 30 00 1 4507.182
2015 08 19 07 45 00 1 4507.206
2015 08 19 08 00 00 1 4507.235
2015 08 19 08 15 00 1 4507.275
2015 08 19 08 30 00 1 4507.324
2015 08 19 08 45 00 1 4507.380
2015 08 19 09 00 00 1 4507.443
2015 08 19 09 15 00 1 4507.510
2015 08 19 09 30 00 1 4507.581
2015 08 19 09 45 00 1 4507.657
2015 08 19 10 00 00 1 4507.730
2015 08 19 10 15 00 1 4507.805
2015 08 19 10 30 00 1 4507.878
2015 08 19 10 45 00 1 4507.949
2015 08 19 11 00 00 1 4508.017
2015 08 19 11 15 00 1 4508.077
2015 08 19 11 30 00 1 4508.133
2015 08 19 11 45 00 1 4508.184
2015 08 19 12 00 00 1 4508.227
2015 08 19 12 15 00 1 4508.263
2015 08 19 12 30 00 1 4508.287
2015 08 19 12 45 00 1 4508.301
2015 08 19 13 00 00 1 4508.305
2015 08 19 13 15 00 1 4508.301
2015 08 19 13 30 00 1 4508.283
2015 08 19 13 45 00 1 4508.260
2015 08 19 14 00 00 1 4508.226
2015 08 19 14 15 00 1 4508.180
2015 08 19 14 30 00 1 4508.127
2015 08 19 14 45 00 1 4508.065
2015 08 19 15 00 00 1 4507.994
2015 08 19 15 15 00 1 4507.920
2015 08 19 15 30 00 1 4507.843
2015 08 19 15 45 00 1 4507.766
2015 08 19 16 00 00 1 4507.689
2015 08 19 16 15 00 1 4507.609
2015 08 19 16 30 00 1 4507.533
2015 08 19 16 45 00 1 4507.456
2015 08 19 17 00 00 1 4507.384
2015 08 19 17 15 00 1 4507.316
2015 08 19 17 30 00 1 4507.258
2015 08 19 17 45 00 1 4507.202
2015 08 19 18 00 00 1 4507.155
2015 08 19 18 15 00 1 4507.119
2015 08 19 18 30 00 1 4507.092
2015 08 19 18 45 00 1 4507.072
2015 08 19 19 00 00 1 4507.065
2015 08 19 19 15 00 1 4507.069
2015 08 19 19 30 00 1 4507.081
2015 08 19 19 45 00 1 4507.105
2015 08 19 20 00 00 1 4507.139
2015 08 19 20 15 00 1 4507.181
2015 08 19 20 30 00 1 4507.234
2015 08 19 20 45 00 1 4507.293
2015 08 19 21 00 00 1 4507.360
2015 08 19 21 15 00 1 4507.433
2015 08 19 21 30 00 1 4507.513
2015 08 19 21 45 00 1 4507.595
2015 08 19 22 00 00 1 4507.682
2015 08 19 22 15 00 1 4507.769
2015 08 19 22 30 00 1 4507.853
2015 08 19 22 45 00 1 4507.936
2015 08 19 23 00 00 1 4508.017
2015 08 19 23 15 00 1 4508.096
2015 08 19 23 30 00 1 4508.168
2015 08 19 23 45 00 1 4508.236
2015 08 20 00 00 00 1 4508.299
2015 08 20 00 15 00 1 4508.350
2015 08 20 00 30 00 1 4508.394
2015 08 20 00 45 00 1 4508.425
2015 08 20 01 00 00 1 4508.451
2015 08 20 01 15 00 1 4508.468
2015 08 20 01 30 00 1 4508.472
2015 08 20 01 45 00 1 4508.467
2015 08 20 02 00 00 1 4508.447
2015 08 20 02 15 00 1 4508.420
2015 08 20 02 30 00 1 4508.382
2015 08 20 02 45 00 1 4508.334
2015 08 20 03 00 00 1 4508.280
2015 08 20 03 15 00 1 4508.220
2015 08 20 03 30 00 1 4508.152
2015 08 20 03 45 00 1 4508.079
2015 08 20 04 00 00 1 4508.002
2015 08 20 04 15 00 1 4507.919
2015 08 20 04 30 00 1 4507.839
2015 08 20 04 45 00 1 4507.755
2015 08 20 05 00 00 1 4507.676
2015 08 20 05 15 00 1 4507.598
2015 08 20 05 30 00 1 4507.525
2015 08 20 05 45 00 1 4507.455
2015 08 20 06 00 00 1 4507.391
2015 08 20 06 15 00 1 4507.334
2015 08 20 06 30 00 1 4507.282
2015 08 20 06 45 00 1 4507.242
2015 08 20 07 00 00 1 4507.208
2015 08 20 07 15 00 1 4507.184
2015 08 20 07 30 00 1 4507.170
2015 08 20 07 45 00 1 4507.162
2015 08 20 08 00 00 1 4507.162
2015 08 20 08 15 00 1 4507.173
2015 08 20 08 30 00 1 4507.192
2015 08 20 08 45 00 1 4507.223
2015 08 20 09 00 00 1 4507.261
2015 08 20 09 15 00 1 4507.305
2015 08 20 09 30 00 1 4507.352
2015 08 20 09 45 00 1 4507.407
2015 08 20 10 00 00 1 4507.464
2015 08 20 10 15 00 1 4507.527
2015 08 20 10 30 00 1 4507.590
2015 08 20 10 45 00 1 4507.655
2015 08 20 11 00 00 1 4507.717
2015 08 20 11 15 00 1 4507.781
2015 08 20 11 30 00 1 4507.840
2015 08 20 11 45 00 1 4507.898
2015 08 20 12 00 00 1 4507.950
2015 08 20 12 15 00 1 4507.999
2015 08 20 12 30 00 1 4508.042
2015 08 20 12 45 00 1 4508.078
2015 08 20 13 00 00 1 4508.107
2015 08 20 13 15 00 1 4508.127
2015 08 20 13 30 00 1 4508.136
2015 08 20 13 45 00 1 4508.139
2015 08 20 14 00 00 1 4508.132
2015 08 20 14 15 00 1 4508.119
2015 08 20 14 30 00 1 4508.096
2015 08 20 14 45 00 1 4508.063
2015 08 20 15 00 00 1 4508.024
2015 08 20 15 15 00 1 4507.979
2015 08 20 15 30 00 1 4507.930
2015 08 20 15 45 00 1 4507.873
2015 08 20 16 00 00 1 4507.816
2015 08 20 16 15 00 1 4507.753
2015 08 20 16 30 00 1 4507.692
2015 08 20 16 45 00 1 4507.629
2015 08 20 17 00 00 1 4507.566
2015 08 20 17 15 00 1 4507.506
2015 08 20 17 30 00 1 4507.446
2015 08 20 17 45 00 1 4507.390
2015 08 20 18 00 00 1 4507.340
2015 08 20 18 15 00 1 4507.299
2015 08 20 18 30 00 1 4507.262
2015 08 20 18 45 00 1 4507.233
2015 08 20 19 00 00 1 4507.214
2015 08 20 19 15 00 1 4507.201
2015 08 20 19 30 00 1 4507.196
2015 08 20 19 45 00 1 4507.201
2015 08 20 20 00 00 1 4507.216
2015 08 20 20 15 00 1 4507.240
2015 08 20 20 30 00 1 4507.267
2015 08 20 20 45 00 1 4507.305
2015 08 20 21 00 00 1 4507.349
2015 08 20 21 15 00 1 4507.401
2015 08 20 21 30 00 1 4507.459
2015 08 20 21 45 00 1 4507.520
2015 08 20 22 00 00 1 4507.590
2015 08 20 22 15 00 1 4507.661
2015 08 20 22 30 00 1 4507.735
2015 08 20 22 45 00 1 4507.813
2015 08 20 23 00 00 1 4507.888
2015 08 20 23 15 00 1 4507.961
2015 08 20 23 30 00 1 4508.033
2015 08 20 23 45 00 1 4508.105
2015 08 21 00 00 00 1 4508.169
2015 08 21 00 15 00 1 4508.231
2015 08 21 00 30 00 1 4508.282
2015 08 21 00 45 00 1 4508.330
2015 08 21 01 00 00 1 4508.372
2015 08 21 01 15 00 1 4508.405
2015 08 21 01 30 00 1 4508.427
2015 08 21 01 45 00 1 4508.442
2015 08 21 02 00 00 1 4508.448
2015 08 21 02 15 00 1 4508.442
2015 08 21 02 30 00 1 4508.427
2015 08 21 02 45 00 1 4508.407
2015 08 21 03 00 00 1 4508.376
2015 08 21 03 15 00 1 4508.341
2015 08 21 03 30 00 1 4508.295
2015 08 21 03 45 00 1 4508.244
2015 08 21 04 00 00 1 4508.181
2015 08 21 04 15 00 1 4508.115
2015 08 21 04 30 00 1 4508.045
2015 08 21 04 45 00 1 4507.971
2015 08 21 05 00 00 1 4507.895
2015 08 21 05 15 00 1 4507.817
2015 08 21 05 30 00 1 4507.739
2015 08 21 05 45 00 1 4507.665
2015 08 21 06 00 00 1 4507.593
2015 08 21 06 15 00 1 4507.524
2015 08 21 06 30 00 1 4507.459
2015 08 21 06 45 00 1 4507.398
2015 08 21 07 00 00 1 4507.342
2015 08 21 07 15 00 1 4507.295
2015 08 21 07 30 00 1 4507.253
2015 08 21 07 45 00 1 4507.219
2015 08 21 08 00 00 1 4507.195
2015 08 21 08 15 00 1 4507.177
2015 08 21 08 30 00 1 4507.169
2015 08 21 08 45 00 1 4507.169
2015 08 21 09 00 00 1 4507.173
2015 08 21 09 15 00 1 4507.189
2015 08 21 09 30 00 1 4507.210
2015 08 21 09 45 00 1 4507.239
2015 08 21 10 00 00 1 4507.274
2015 08 21 10 15 00 1 4507.314
2015 08 21 10 30 00 1 4507.358
2015 08 21 10 45 00 1 4507.407
2015 08 21 11 00 00 1 4507.460
2015 08 21 11 15 00 1 4507.512
2015 08 21 11 30 00 1 4507.566
2015 08 21 11 45 00 1 4507.623
2015 08 21 12 00 00 1 4507.674
2015 08 21 12 15 00 1 4507.727
2015 08 21 12 30 00 1 4507.775
2015 08 21 12 45 00 1 4507.821
2015 08 21 13 00 00 1 4507.864
2015 08 21 13 15 00 1 4507.902
2015 08 21 13 30 00 1 4507.932
2015 08 21 13 45 00 1 4507.958
2015 08 21 14 00 00 1 4507.975
2015 08 21 14 15 00 1 4507.986
2015 08 21 14 30 00 1 4507.993
2015 08 21 14 45 00 1 4507.991
2015 08 21 15 00 00 1 4507.981
2015 08 21 15 15 00 1 4507.967
2015 08 21 15 30 00 1 4507.947
2015 08 21 15 45 00 1 4507.921
2015 08 21 16 00 00 1 4507.890
2015 08 21 16 15 00 1 4507.857
2015 08 21 16 30 00 1 4507.817
2015 08 21 16 45 00 1 4507.778
2015 08 21 17 00 00 1 4507.730
2015 08 21 17 15 00 1 4507.681
2015 08 21 17 30 00 1 4507.636
2015 08 21 17 45 00 1 4507.589
2015 08 21 18 00 00 1 4507.543
2015 08 21 18 15 00 1 4507.501
2015 08 21 18 30 00 1 4507.463
2015 08 21 18 45 00 1 4507.430
2015 08 21 19 00 00 1 4507.404
2015 08 21 19 15 00 1 4507.380
2015 08 21 19 30 00 1 4507.363
2015 08 21 19 45 00 1 4507.352
2015 08 21 20 00 00 1 4507.348
2015 08 21 20 15 00 1 4507.351
2015 08 21 20 30 00 1 4507.364
2015 08 21 20 45 00 1 4507.380
2015 08 21 21 00 00 1 4507.402
2015 08 21 21 15 00 1 4507.429
2015 08 21 21 30 00 1 4507.464
2015 08 21 21 45 00 1 4507.506
2015 08 21 22 00 00 1 4507.554
2015 08 21 22 15 00 1 4507.607
2015 08 21 22 30 00 1 4507.665
2015 08 21 22 45 00 1 4507.726
2015 08 21 23 00 00 1 4507.789
2015 08 21 23 15 00 1 4507.852
2015 08 21 23 30 00 1 4507.917
2015 08 21 23 45 00 1 4507.983
2015 08 22 00 00 00 1 4508.045
2015 08 22 00 15 00 1 4508.106
2015 08 22 00 30 00 1 4508.165
2015 08 22 00 45 00 1 4508.216
2015 08 22 01 00 00 1 4508.267
2015 08 22 01 15 00 1 4508.313
2015 08 22 01 30 00 1 4508.352
2015 08 22 01 45 00 1 4508.383
2015 08 22 02 00 00 1 4508.409
2015 08 22 02 15 00 1 4508.427
2015 08 22 02 30 00 1 4508.436
2015 08 22 02 45 00 1 4508.436
2015 08 22 03 00 00 1 4508.431
2015 08 22 03 15 00 1 4508.415
2015 08 22 03 30 00 1 4508.391
2015 08 22 03 45 00 1 4508.359
2015 08 22 04 00 00 1 4508.321
2015 08 22 04 15 00 1 4508.275
2015 08 22 04 30 00 1 4508.225
2015 08 22 04 45 00 1 4508.167
2015 08 22 05 00 00 1 4508.104
2015 08 22 05 15 00 1 4508.039
2015 08 22 05 30 00 1 4507.971
2015 08 22 05 45 00 1 4507.902
2015 08 22 06 00 00 1 4507.833
2015 08 22 06 15 00 1 4507.762
2015 08 22 06 30 00 1 4507.692
2015 08 22 06 45 00 1 4507.623
2015 08 22 07 00 00 1 4507.555
2015 08 22 07 15 00 1 4507.492
2015 08 22 07 30 00 1 4507.433
2015 08 22 07 45 00 1 4507.378
2015 08 22 08 00 00 1 4507.330
2015 08 22 08 15 00 1 4507.288
2015 08 22 08 30 00 1 4507.254
2015 08 22 08 45 00 1 4507.221
2015 08 22 09 00 00 1 4507.197
2015 08 22 09 15 00 1 4507.179
2015 08 22 09 30 00 1 4507.170
2015 08 22 09 45 00 1 4507.166
2015 08 22 10 00 00 1 4507.172
2015 08 22 10 15 00 1 4507.183
2015 08 22 10 30 00 1 4507.199
2015 08 22 10 45 00 1 4507.217
2015 08 22 11 00 00 1 4507.244
2015 08 22 11 15 00 1 4507.278
2015 08 22 11 30 00 1 4507.318
2015 08 22 11 45 00 1 4507.360
2015 08 22 12 00 00 1 4507.404
2015 08 22 12 15 00 1 4507.451
2015 08 22 12 30 00 1 4507.497
2015 08 22 12 45 00 1 4507.545
2015 08 22 13 00 00 1 4507.592
2015 08 22 13 15 00 1 4507.636
2015 08 22 13 30 00 1 4507.679
2015 08 22 13 45 00 1 4507.719
2015 08 22 14 00 00 1 4507.755
2015 08 22 14 15 00 1 4507.791
2015 08 22 14 30 00 1 4507.822
2015 08 22 14 45 00 1 4507.848
2015 08 22 15 00 00 1 4507.869
2015 08 22 15 15 00 1 4507.883
2015 08 22 15 30 00 1 4507.892
2015 08 22 15 45 00 1 4507.893
2015 08 22 16 00 00 1 4507.892
2015 08 22 16 15 00 1 4507.885
2015 08 22 16 30 00 1 4507.875
2015 08 22 16 45 00 1 4507.859
2015 08 22 17 00 00 1 4507.839
2015 08 22 17 15 00 1 4507.814
2015 08 22 17 30 00 1 4507.784
2015 08 22 17 45 00 1 4507.756
2015 08 22 18 00 00 1 4507.728
2015 08 22 18 15 00 1 4507.698
2015 08 22 18 30 00 1 4507.668
2015 08 22 18 45 00 1 4507.640
2015 08 22 19 00 00 1 4507.613
2015 08 22 19 15 00 1 4507.587
2015 08 22 19 30 00 1 4507.568
2015 08 22 19 45 00 1 4507.547
2015 08 22 20 00 00 1 4507.530
2015 08 22 20 15 00 1 4507.519
2015 08 22 20 30 00 1 4507.510
2015 08 22 20 45 00 1 4507.508
2015 08 22 21 00 00 1 4507.510
2015 08 22 21 15 00 1 4507.518
2015 08 22 21 30 00 1 4507.532
2015 08 22 21 45 00 1 4507.551
2015 08 22 22 00 00 1 4507.578
2015 08 22 22 15 00 1 4507.607
2015 08 22 22 30 00 1 4507.641
2015 08 22 22 45 00 1 4507.680
2015 08 22 23 00 00 1 4507.724
2015 08 22 23 15 00 1 4507.769
2015 08 22 23 30 00 1 4507.816
2015 08 22 23 45 00 1 4507.868
2015 08 23 00 00 00 1 4507.920
2015 08 23 00 15 00 1 4507.975
2015 08 23 00 30 00 1 4508.029
2015 08 23 00 45 00 1 4508.080
2015 08 23 01 00 00 1 4508.131
2015 08 23 01 15 00 1 4508.182
2015 08 23 01 30 00 1 4508.230
2015 08 23 01 45 00 1 4508.274
2015 08 23 02 00 00 1 4508.318
2015 08 23 02 15 00 1 4508.357
2015 08 23 02 30 00 1 4508.387
2015 08 23 02 45 00 1 4508.411
2015 08 23 03 00 00 1 4508.426
2015 08 23 03 15 00 1 4508.439
2015 08 23 03 30 00 1 4508.441
2015 08 23 03 45 00 1 4508.435
2015 08 23 04 00 00 1 4508.423
2015 08 23 04 15 00 1 4508.403
2015 08 23 04 30 00 1 4508.376
2015 08 23 04 45 00 1 4508.344
2015 08 23 05 00 00 1 4508.307
2015 08 23 05 15 00 1 4508.263
2015 08 23 05 30 00 1 4508.213
2015 08 23 05 45 00 1 4508.158
2015 08 23 06 00 00 1 4508.101
2015 08 23 06 15 00 1 4508.037
2015 08 23 06 30 00 1 4507.970
2015 08 23 06 45 00 1 4507.901
2015 08 23 07 00 00 1 4507.831
2015 08 23 07 15 00 1 4507.763
2015 08 23 07 30 00 1 4507.694
2015 08 23 07 45 00 1 4507.627
2015 08 23 08 00 00 1 4507.560
2015 08 23 08 15 00 1 4507.500
2015 08 23 08 30 00 1 4507.439
2015 08 23 08 45 00 1 4507.383
2015 08 23 09 00 00 1 4507.329
2015 08 23 09 15 00 1 4507.281
2015 08 23 09 30 00 1 4507.240
2015 08 23 09 45 00 1 4507.204
2015 08 23 10 00 00 1 4507.175
2015 08 23 10 15 00 1 4507.154
2015 08 23 10 30 00 1 4507.141
2015 08 23 10 45 00 1 4507.131
2015 08 23 11 00 00 1 4507.130
2015 08 23 11 15 00 1 4507.135
2015 08 23 11 30 00 1 4507.145
2015 08 23 11 45 00 1 4507.159
2015 08 23 12 00 00 1 4507.180
2015 08 23 12 15 00 1 4507.206
2015 08 23 12 30 00 1 4507.239
2015 08 23 12 45 00 1 4507.274
2015 08 23 13 00 00 1 4507.315
2015 08 23 13 15 00 1 4507.355
2015 08 23 13 30 00 1 4507.398
2015 08 23 13 45 00 1 4507.442
2015 08 23 14 00 00 1 4507.487
2015 08 23 14 15 00 1 4507.533
2015 08 23 14 30 00 1 4507.578
2015 08 23 14 45 00 1 4507.621
2015 08 23 15 00 00 1 4507.662
2015 08 23 15 15 00 1 4507.699
2015 08 23 15 30 00 1 4507.733
2015 08 23 15 45 00 1 4507.762
2015 08 23 16 00 00 1 4507.791
2015 08 23 16 15 00 1 4507.815
2015 08 23 16 30 00 1 4507.833
2015 08 23 16 45 00 1 4507.849
2015 08 23 17 00 00 1 4507.861
2015 08 23 17 15 00 1 4507.863
2015 08 23 17 30 00 1 4507.867
2015 08 23 17 45 00 1 4507.861
2015 08 23 18 00 00 1 4507.856
2015 08 23 18 15 00 1 4507.842
2015 08 23 18 30 00 1 4507.827
2015 08 23 18 45 00 1 4507.813
2015 08 23 19 00 00 1 4507.795
2015 08 23 19 15 00 1 4507.775
2015 08 23 19 30 00 1 4507.757
2015 08 23 19 45 00 1 4507.740
2015 08 23 20 00 00 1 4507.721
2015 08 23 20 15 00 1 4507.701
2015 08 23 20 30 00 1 4507.685
2015 08 23 20 45 00 1 4507.668
2015 08 23 21 00 00 1 4507.655
2015 08 23 21 15 00 1 4507.648
2015 08 23 21 30 00 1 4507.640
2015 08 23 21 45 00 1 4507.639
2015 08 23 22 00 00 1 4507.639
2015 08 23 22 15 00 1 4507.645
2015 08 23 22 30 00 1 4507.657
2015 08 23 22 45 00 1 4507.672
2015 08 23 23 00 00 1 4507.691
2015 08 23 23 15 00 1 4507.719
2015 08 23 23 30 00 1 4507.746
2015 08 23 23 45 00 1 4507.778
2015 08 24 00 00 00 1 4507.815
2015 08 24 00 15 00 1 4507.857
2015 08 24 00 30 00 1 4507.894
2015 08 24 00 45 00 1 4507.938
2015 08 24 01 00 00 1 4507.981
2015 08 24 01 15 00 1 4508.028
2015 08 24 01 30 00 1 4508.073
2015 08 24 01 45 00 1 4508.122
2015 08 24 02 00 00 1 4508.169
2015 08 24 02 15 00 1 4508.215
2015 08 24 02 30 00 1 4508.259
2015 08 24 02 45 00 1 4508.298
2015 08 24 03 00 00 1 4508.335
2015 08 24 03 15 00 1 4508.368
2015 08 24 03 30 00 1 4508.398
2015 08 24 03 45 00 1 4508.419
2015 08 24 04 00 00 1 4508.440
2015 08 24 04 15 00 1 4508.450
2015 08 24 04 30 00 1 4508.456
2015 08 24 04 45 00 1 4508.451
2015 08 24 05 00 00 1 4508.439
2015 08 24 05 15 00 1 4508.423
2015 08 24 05 30 00 1 4508.398
2015 08 24 05 45 00 1 4508.366
2015 08 24 06 00 00 1 4508.329
2015 08 24 06 15 00 1 4508.288
2015 08 24 06 30 00 1 4508.240
2015 08 24 06 45 00 1 4508.182
2015 08 24 07 00 00 1 4508.124
2015 08 24 07 15 00 1 4508.060
2015 08 24 07 30 00 1 4507.992
2015 08 24 07 45 00 1 4507.921
2015 08 24 08 00 00 1 4507.849
2015 08 24 08 15 00 1 4507.778
2015 08 24 08 30 00 1 4507.704
2015 08 24 08 45 00 1 4507.632
2015 08 24 09 00 00 1 4507.559
2015 08 24 09 15 00 1 4507.487
2015 08 24 09 30 00 1 4507.421
2015 08 24 09 45 00 1 4507.354
2015 08 24 10 00 00 1 4507.294
2015 08 24 10 15 00 1 4507.241
2015 08 24 10 30 00 1 4507.189
2015 08 24 10 45 00 1 4507.146
2015 08 24 11 00 00 1 4507.108
2015 08 24 11 15 00 1 4507.081
2015 08 24 11 30 00 1 4507.057
2015 08 24 11 45 00 1 4507.040
2015 08 24 12 00 00 1 4507.030
2015 08 24 12 15 00 1 4507.029
2015 08 24 12 30 00 1 4507.035
2015 08 24 12 45 00 1 4507.045
2015 08 24 13 00 00 1 4507.064
2015 08 24 13 15 00 1 4507.089
2015 08 24 13 30 00 1 4507.121
2015 08 24 13 45 00 1 4507.152
2015 08 24 14 00 00 1 4507.193
2015 08 24 14 15 00 1 4507.236
2015 08 24 14 30 00 1 4507.281
2015 08 24 14 45 00 1 4507.332
2015 08 24 15 00 00 1 4507.383
2015 08 24 15 15 00 1 4507.437
2015 08 24 15 30 00 1 4507.491
2015 08 24 15 45 00 1 4507.545
2015 08 24 16 00 00 1 4507.596
2015 08 24 16 15 00 1 4507.646
2015 08 24 16 30 00 1 4507.693
2015 08 24 16 45 00 1 4507.734
2015 08 24 17 00 00 1 4507.775
2015 08 24 17 15 00 1 4507.809
2015 08 24 17 30 00 1 4507.839
2015 08 24 17 45 00 1 4507.864
2015 08 24 18 00 00 1 4507.887
2015 08 24 18 15 00 1 4507.904
2015 08 24 18 30 00 1 4507.917
2015 08 24 18 45 00 1 4507.923
2015 08 24 19 00 00 1 4507.924
2015 08 24 19 15 00 1 4507.924
2015 08 24 19 30 00 1 4507.919
2015 08 24 19 45 00 1 4507.912
2015 08 24 20 00 00 1 4507.899
2015 08 24 20 15 00 1 4507.885
2015 08 24 20 30 00 1 4507.872
2015 08 24 20 45 00 1 4507.854
2015 08 24 21 00 00 1 4507.834
2015 08 24 21 15 00 1 4507.814
2015 08 24 21 30 00 1 4507.795
2015 08 24 21 45 00 1 4507.777
2015 08 24 22 00 00 1 4507.759
2015 08 24 22 15 00 1 4507.745
2015 08 24 22 30 00 1 4507.731
2015 08 24 22 45 00 1 4507.725
2015 08 24 23 00 00 1 4507.718
2015 08 24 23 15 00 1 4507.716
2015 08 24 23 30 00 1 4507.718
2015 08 24 23 45 00 1 4507.726
2015 08 25 00 00 00 1 4507.736
2015 08 25 00 15 00 1 4507.753
2015 08 25 00 30 00 1 4507.776
2015 08 25 00 45 00 1 4507.801
2015 08 25 01 00 00 1 4507.829
2015 08 25 01 15 00 1 4507.864
2015 08 25 01 30 00 1 4507.898
2015 08 25 01 45 00 1 4507.939
2015 08 25 02 00 00 1 4507.983
2015 08 25 02 15 00 1 4508.026
2015 08 25 02 30 00 1 4508.076
2015 08 25 02 45 00 1 4508.125
2015 08 25 03 00 00 1 4508.173
2015 08 25 03 15 00 1 4508.224
2015 08 25 03 30 00 1 4508.271
2015 08 25 03 45 00 1 4508.315
2015 08 25 04 00 00 1 4508.357
2015 08 25 04 15 00 1 4508.393
2015 08 25 04 30 00 1 4508.424
2015 08 25 04 45 00 1 4508.450
2015 08 25 05 00 00 1 4508.470
2015 08 25 05 15 00 1 4508.485
2015 08 25 05 30 00 1 4508.493
2015 08 25 05 45 00 1 4508.495
2015 08 25 06 00 00 1 4508.489
2015 08 25 06 15 00 1 4508.477
2015 08 25 06 30 00 1 4508.457
2015 08 25 06 45 00 1 4508.425
2015 08 25 07 00 00 1 4508.388
2015 08 25 07 15 00 1 4508.342
2015 08 25 07 30 00 1 4508.292
2015 08 25 07 45 00 1 4508.232
2015 08 25 08 00 00 1 4508.169
2015 08 25 08 15 00 1 4508.099
2015 08 25 08 30 00 1 4508.024
2015 08 25 08 45 00 1 4507.943
2015 08 25 09 00 00 1 4507.859
2015 08 25 09 15 00 1 4507.775
2015 08 25 09 30 00 1 4507.690
2015 08 25 09 45 00 1 4507.603
2015 08 25 10 00 00 1 4507.518
2015 08 25 10 15 00 1 4507.433
2015 08 25 10 30 00 1 4507.351
2015 08 25 10 45 00 1 4507.273
2015 08 25 11 00 00 1 4507.198
2015 08 25 11 15 00 1 4507.129
2015 08 25 11 30 00 1 4507.067
2015 08 25 11 45 00 1 4507.010
2015 08 25 12 00 00 1 4506.962
2015 08 25 12 15 00 1 4506.921
2015 08 25 12 30 00 1 4506.891
2015 08 25 12 45 00 1 4506.870
2015 08 25 13 00 00 1 4506.857
2015 08 25 13 15 00 1 4506.851
2015 08 25 13 30 00 1 4506.855
2015 08 25 13 45 00 1 4506.869
2015 08 25 14 00 00 1 4506.893
2015 08 25 14 15 00 1 4506.922
2015 08 25 14 30 00 1 4506.961
2015 08 25 14 45 00 1 4507.004
2015 08 25 15 00 00 1 4507.056
2015 08 25 15 15 00 1 4507.113
2015 08 25 15 30 00 1 4507.173
2015 08 25 15 45 00 1 4507.237
2015 08 25 16 00 00 1 4507.304
2015 08 25 16 15 00 1 4507.374
2015 08 25 16 30 00 1 4507.444
2015 08 25 16 45 00 1 4507.513
2015 08 25 17 00 00 1 4507.580
2015 08 25 17 15 00 1 4507.645
2015 08 25 17 30 00 1 4507.707
2015 08 25 17 45 00 1 4507.767
2015 08 25 18 00 00 1 4507.822
2015 08 25 18 15 00 1 4507.874
2015 08 25 18 30 00 1 4507.917
2015 08 25 18 45 00 1 4507.957
2015 08 25 19 00 00 1 4507.985
2015 08 25 19 15 00 1 4508.010
2015 08 25 19 30 00 1 4508.026
2015 08 25 19 45 00 1 4508.037
2015 08 25 20 00 00 1 4508.043
2015 08 25 20 15 00 1 4508.043
2015 08 25 20 30 00 1 4508.035
2015 08 25 20 45 00 1 4508.025
2015 08 25 21 00 00 1 4508.009
2015 08 25 21 15 00 1 4507.989
2015 08 25 21 30 00 1 4507.964
2015 08 25 21 45 00 1 4507.938
2015 08 25 22 00 00 1 4507.908
2015 08 25 22 15 00 1 4507.875
2015 08 25 22 30 00 1 4507.845
2015 08 25 22 45 00 1 4507.812
2015 08 25 23 00 00 1 4507.782
2015 08 25 23 15 00 1 4507.755
2015 08 25 23 30 00 1 4507.730
2015 08 25 23 45 00 1 4507.710
2015 08 26 00 00 00 1 4507.695
2015 08 26 00 15 00 1 4507.684
2015 08 26 00 30 00 1 4507.677
2015 08 26 00 45 00 1 4507.678
2015 08 26 01 00 00 1 4507.679
2015 08 26 01 15 00 1 4507.690
2015 08 26 01 30 00 1 4507.709
2015 08 26 01 45 00 1 4507.734
2015 08 26 02 00 00 1 4507.763
2015 08 26 02 15 00 1 4507.798
2015 08 26 02 30 00 1 4507.837
2015 08 26 02 45 00 1 4507.883
2015 08 26 03 00 00 1 4507.933
2015 08 26 03 15 00 1 4507.984
2015 08 26 03 30 00 1 4508.045
2015 08 26 03 45 00 1 4508.104
2015 08 26 04 00 00 1 4508.164
2015 08 26 04 15 00 1 4508.226
2015 08 26 04 30 00 1 4508.283
2015 08 26 04 45 00 1 4508.339
2015 08 26 05 00 00 1 4508.391
2015 08 26 05 15 00 1 4508.440
2015 08 26 05 30 00 1 4508.484
2015 08 26 05 45 00 1 4508.520
2015 08 26 06 00 00 1 4508.553
2015 08 26 06 15 00 1 4508.576
2015 08 26 06 30 00 1 4508.592
2015 08 26 06 45 00 1 4508.599
2015 08 26 07 00 00 1 4508.596
2015 08 26 07 15 00 1 4508.582
2015 08 26 07 30 00 1 4508.560
2015 08 26 07 45 00 1 4508.526
2015 08 26 08 00 00 1 4508.486
2015 08 26 08 15 00 1 4508.437
2015 08 26 08 30 00 1 4508.379
2015 08 26 08 45 00 1 4508.310
2015 08 26 09 00 00 1 4508.232
2015 08 26 09 15 00 1 4508.150
2015 08 26 09 30 00 1 4508.062
2015 08 26 09 45 00 1 4507.969
2015 08 26 10 00 00 1 4507.869
2015 08 26 10 15 00 1 4507.768
2015 08 26 10 30 00 1 4507.665
2015 08 26 10 45 00 1 4507.561
2015 08 26 11 00 00 1 4507.457
2015 08 26 11 15 00 1 4507.354
2015 08 26 11 30 00 1 4507.256
2015 08 26 11 45 00 1 4507.164
2015 08 26 12 00 00 1 4507.077
2015 08 26 12 15 00 1 4506.995
2015 08 26 12 30 00 1 4506.926
2015 08 26 12 45 00 1 4506.860
2015 08 26 13 00 00 1 4506.810
2015 08 26 13 15 00 1 4506.765
2015 08 26 13 30 00 1 4506.731
2015 08 26 13 45 00 1 4506.706
2015 08 26 14 00 00 1 4506.696
2015 08 26 14 15 00 1 4506.697
2015 08 26 14 30 00 1 4506.707
2015 08 26 14 45 00 1 4506.728
2015 08 26 15 00 00 1 4506.759
2015 08 26 15 15 00 1 4506.805
2015 08 26 15 30 00 1 4506.855
2015 08 26 15 45 00 1 4506.918
2015 08 26 16 00 00 1 4506.986
2015 08 26 16 15 00 1 4507.061
2015 08 26 16 30 00 1 4507.141
2015 08 26 16 45 00 1 4507.226
2015 08 26 17 00 00 1 4507.316
2015 08 26 17 15 00 1 4507.402
2015 08 26 17 30 00 1 4507.488
2015 08 26 17 45 00 1 4507.576
2015 08 26 18 00 00 1 4507.658
2015 08 26 18 15 00 1 4507.738
2015 08 26 18 30 00 1 4507.816
2015 08 26 18 45 00 1 4507.888
2015 08 26 19 00 00 1 4507.954
2015 08 26 19 15 00 1 4508.011
2015 08 26 19 30 00 1 4508.064
2015 08 26 19 45 00 1 4508.110
2015 08 26 20 00 00 1 4508.142
2015 08 26 20 15 00 1 4508.170
2015 08 26 20 30 00 1 4508.187
2015 08 26 20 45 00 1 4508.196
2015 08 26 21 00 00 1 4508.195
2015 08 26 21 15 00 1 4508.184
2015 08 26 21 30 00 1 4508.166
2015 08 26 21 45 00 1 4508.140
2015 08 26 22 00 00 1 4508.107
2015 08 26 22 15 00 1 4508.069
2015 08 26 22 30 00 1 4508.028
2015 08 26 22 45 00 1 4507.983
2015 08 26 23 00 00 1 4507.935
2015 08 26 23 15 00 1 4507.887
2015 08 26 23 30 00 1 4507.839
2015 08 26 23 45 00 1 4507.793
2015 08 27 00 00 00 1 4507.747
2015 08 27 00 15 00 1 4507.705
2015 08 27 00 30 00 1 4507.668
2015 08 27 00 45 00 1 4507.636
2015 08 27 01 00 00 1 4507.610
2015 08 27 01 15 00 1 4507.590
2015 08 27 01 30 00 1 4507.579
2015 08 27 01 45 00 1 4507.571
2015 08 27 02 00 00 1 4507.574
2015 08 27 02 15 00 1 4507.582
2015 08 27 02 30 00 1 4507.601
2015 08 27 02 45 00 1 4507.630
2015 08 27 03 00 00 1 4507.665
2015 08 27 03 15 00 1 4507.710
2015 08 27 03 30 00 1 4507.759
2015 08 27 03 45 00 1 4507.817
2015 08 27 04 00 00 1 4507.881
2015 08 27 04 15 00 1 4507.946
2015 08 27 04 30 00 1 4508.017
2015 08 27 04 45 00 1 4508.089
2015 08 27 05 00 00 1 4508.163
2015 08 27 05 15 00 1 4508.236
2015 08 27 05 30 00 1 4508.311
2015 08 27 05 45 00 1 4508.381
2015 08 27 06 00 00 1 4508.447
2015 08 27 06 15 00 1 4508.508
2015 08 27 06 30 00 1 4508.560
2015 08 27 06 45 00 1 4508.608
2015 08 27 07 00 00 1 4508.646
2015 08 27 07 15 00 1 4508.674
2015 08 27 07 30 00 1 4508.694
2015 08 27 07 45 00 1 4508.699
2015 08 27 08 00 00 1 4508.695
2015 08 27 08 15 00 1 4508.679
2015 08 27 08 30 00 1 4508.651
2015 08 27 08 45 00 1 4508.610
2015 08 27 09 00 00 1 4508.561
2015 08 27 09 15 00 1 4508.497
2015 08 27 09 30 00 1 4508.425
2015 08 27 09 45 00 1 4508.340
2015 08 27 10 00 00 1 4508.245
2015 08 27 10 15 00 1 4508.146
2015 08 27 10 30 00 1 4508.036
2015 08 27 10 45 00 1 4507.921
2015 08 27 11 00 00 1 4507.802
2015 08 27 11 15 00 1 4507.678
2015 08 27 11 30 00 1 4507.558
2015 08 27 11 45 00 1 4507.436
2015 08 27 12 00 00 1 4507.315
2015 08 27 12 15 00 1 4507.200
2015 08 27 12 30 00 1 4507.092
2015 08 27 12 45 00 1 4506.988
2015 08 27 13 00 00 1 4506.895
2015 08 27 13 15 00 1 4506.808
2015 08 27 13 30 00 1 4506.730
2015 08 27 13 45 00 1 4506.665
2015 08 27 14 00 00 1 4506.609
2015 08 27 14 15 00 1 4506.566
2015 08 27 14 30 00 1 4506.536
2015 08 27 14 45 00 1 4506.518
2015 08 27 15 00 00 1 4506.515
2015 08 27 15 15 00 1 4506.529
2015 08 27 15 30 00 1 4506.556
2015 08 27 15 45 00 1 4506.597
2015 08 27 16 00 00 1 4506.650
2015 08 27 16 15 00 1 4506.714
2015 08 27 16 30 00 1 4506.790
2015 08 27 16 45 00 1 4506.872
2015 08 27 17 00 00 1 4506.965
2015 08 27 17 15 00 1 4507.061
2015 08 27 17 30 00 1 4507.164
2015 08 27 17 45 00 1 4507.271
2015 08 27 18 00 00 1 4507.375
2015 08 27 18 15 00 1 4507.482
2015 08 27 18 30 00 1 4507.588
2015 08 27 18 45 00 1 4507.690
2015 08 27 19 00 00 1 4507.790
2015 08 27 19 15 00 1 4507.884
2015 08 27 19 30 00 1 4507.971
2015 08 27 19 45 00 1 4508.051
2015 08 27 20 00 00 1 4508.124
2015 08 27 20 15 00 1 4508.183
2015 08 27 20 30 00 1 4508.233
2015 08 27 20 45 00 1 4508.271
2015 08 27 21 00 00 1 4508.294
2015 08 27 21 15 00 1 4508.310
2015 08 27 21 30 00 1 4508.315
2015 08 27 21 45 00 1 4508.307
2015 08 27 22 00 00 1 4508.288
2015 08 27 22 15 00 1 4508.260
2015 08 27 22 30 00 1 4508.220
2015 08 27 22 45 00 1 4508.171
2015 08 27 23 00 00 1 4508.117
2015 08 27 23 15 00 1 4508.059
2015 08 27 23 30 00 1 4507.998
2015 08 27 23 45 00 1 4507.930
2015 08 28 00 00 00 1 4507.864
2015 08 28 00 15 00 1 4507.797
2015 08 28 00 30 00 1 4507.729
2015 08 28 00 45 00 1 4507.665
2015 08 28 01 00 00 1 4507.601
2015 08 28 01 15 00 1 4507.546
2015 08 28 01 30 00 1 4507.496
2015 08 28 01 45 00 1 4507.455
2015 08 28 02 00 00 1 4507.423
2015 08 28 02 15 00 1 4507.400
2015 08 28 02 30 00 1 4507.386
2015 08 28 02 45 00 1 4507.381
2015 08 28 03 00 00 1 4507.386
2015 08 28 03 15 00 1 4507.406
2015 08 28 03 30 00 1 4507.431
2015 08 28 03 45 00 1 4507.472
2015 08 28 04 00 00 1 4507.520
2015 08 28 04 15 00 1 4507.579
2015 08 28 04 30 00 1 4507.647
2015 08 28 04 45 00 1 4507.722
2015 08 28 05 00 00 1 4507.799
2015 08 28 05 15 00 1 4507.885
2015 08 28 05 30 00 1 4507.974
2015 08 28 05 45 00 1 4508.068
2015 08 28 06 00 00 1 4508.163
2015 08 28 06 15 00 1 4508.257
2015 08 28 06 30 00 1 4508.345
2015 08 28 06 45 00 1 4508.429
2015 08 28 07 00 00 1 4508.507
2015 08 28 07 15 00 1 4508.577
2015 08 28 07 30 00 1 4508.640
2015 08 28 07 45 00 1 4508.696
2015 08 28 08 00 00 1 4508.738
2015 08 28 08 15 00 1 4508.766
2015 08 28 08 30 00 1 4508.780
2015 08 28 08 45 00 1 4508.781
2015 08 28 09 00 00 1 4508.772
2015 08 28 09 15 00 1 4508.749
2015 08 28 09 30 00 1 4508.709
2015 08 28 09 45 00 1 4508.656
2015 08 28 10 00 00 1 4508.590
2015 08 28 10 15 00 1 4508.511
2015 08 28 10 30 00 1 4508.420
2015 08 28 10 45 00 1 4508.315
2015 08 28 11 00 00 1 4508.201
2015 08 28 11 15 00 1 4508.081
2015 08 28 11 30 00 1 4507.951
2015 08 28 11 45 00 1 4507.820
2015 08 28 12 00 00 1 4507.682
2015 08 28 12 15 00 1 4507.546
2015 08 28 12 30 00 1 4507.407
2015 08 28 12 45 00 1 4507.274
2015 08 28 13 00 00 1 4507.142
2015 08 28 13 15 00 1 4507.019
2015 08 28 13 30 00 1 4506.901
2015 08 28 13 45 00 1 4506.792
2015 08 28 14 00 00 1 4506.693
2015 08 28 14 15 00 1 4506.605
2015 08 28 14 30 00 1 4506.530
2015 08 28 14 45 00 1 4506.470
2015 08 28 15 00 00 1 4506.427
2015 08 28 15 15 00 1 4506.396
2015 08 28 15 30 00 1 4506.381
2015 08 28 15 45 00 1 4506.382
2015 08 28 16 00 00 1 4506.399
2015 08 28 16 15 00 1 4506.430
2015 08 28 16 30 00 1 4506.479
2015 08 28 16 45 00 1 4506.542
2015 08 28 17 00 00 1 4506.618
2015 08 28 17 15 00 1 4506.706
2015 08 28 17 30 00 1 4506.804
2015 08 28 17 45 00 1 4506.910
2015 08 28 18 00 00 1 4507.024
2015 08 28 18 15 00 1 4507.143
2015 08 28 18 30 00 1 4507.263
2015 08 28 18 45 00 1 4507.390
2015 08 28 19 00 00 1 4507.512
2015 08 28 19 15 00 1 4507.636
2015 08 28 19 30 00 1 4507.754
2015 08 28 19 45 00 1 4507.864
2015 08 28 20 00 00 1 4507.972
2015 08 28 20 15 00 1 4508.068
2015 08 28 20 30 00 1 4508.157
2015 08 28 20 45 00 1 4508.235
2015 08 28 21 00 00 1 4508.299
2015 08 28 21 15 00 1 4508.346
2015 08 28 21 30 00 1 4508.383
2015 08 28 21 45 00 1 4508.409
2015 08 28 22 00 00 1 4508.416
2015 08 28 22 15 00 1 4508.414
2015 08 28 22 30 00 1 4508.396
2015 08 28 22 45 00 1 4508.366
2015 08 28 23 00 00 1 4508.322
2015 08 28 23 15 00 1 4508.269
2015 08 28 23 30 00 1 4508.205
2015 08 28 23 45 00 1 4508.135
2015 08 29 00 00 00 1 4508.055
2015 08 29 00 15 00 1 4507.976
2015 08 29 00 30 00 1 4507.891
2015 08 29 00 45 00 1 4507.807
2015 08 29 01 00 00 1 4507.718
2015 08 29 01 15 00 1 4507.629
2015 08 29 01 30 00 1 4507.546
2015 08 29 01 45 00 1 4507.466
2015 08 29 02 00 00 1 4507.392
2015 08 29 02 15 00 1 4507.325
2015 08 29 02 30 00 1 4507.273
2015 08 29 02 45 00 1 4507.227
2015 08 29 03 00 00 1 4507.196
2015 08 29 03 15 00 1 4507.172
2015 08 29 03 30 00 1 4507.164
2015 08 29 03 45 00 1 4507.167
2015 08 29 04 00 00 1 4507.184
2015 08 29 04 15 00 1 4507.215
2015 08 29 04 30 00 1 4507.256
2015 08 29 04 45 00 1 4507.313
2015 08 29 05 00 00 1 4507.379
2015 08 29 05 15 00 1 4507.459
2015 08 29 05 30 00 1 4507.544
2015 08 29 05 45 00 1 4507.640
2015 08 29 06 00 00 1 4507.743
2015 08 29 06 15 00 1 4507.846
2015 08 29 06 30 00 1 4507.953
2015 08 29 06 45 00 1 4508.062
2015 08 29 07 00 00 1 4508.170
2015 08 29 07 15 00 1 4508.276
2015 08 29 07 30 00 1 4508.376
2015 08 29 07 45 00 1 4508.474
2015 08 29 08 00 00 1 4508.564
2015 08 29 08 15 00 1 4508.640
2015 08 29 08 30 00 1 4508.706
2015 08 29 08 45 00 1 4508.762
2015 08 29 09 00 00 1 4508.802
2015 08 29 09 15 00 1 4508.830
2015 08 29 09 30 00 1 4508.841
2015 08 29 09 45 00 1 4508.837
2015 08 29 10 00 00 1 4508.815
2015 08 29 10 15 00 1 4508.776
2015 08 29 10 30 00 1 4508.719
2015 08 29 10 45 00 1 4508.649
2015 08 29 11 00 00 1 4508.564
2015 08 29 11 15 00 1 4508.468
2015 08 29 11 30 00 1 4508.358
2015 08 29 11 45 00 1 4508.242
2015 08 29 12 00 00 1 4508.112
2015 08 29 12 15 00 1 4507.978
2015 08 29 12 30 00 1 4507.834
2015 08 29 12 45 00 1 4507.688
2015 08 29 13 00 00 1 4507.539
2015 08 29 13 15 00 1 4507.391
2015 08 29 13 30 00 1 4507.245
2015 08 29 13 45 00 1 4507.104
2015 08 29 14 00 00 1 4506.974
2015 08 29 14 15 00 1 4506.846
2015 08 29 14 30 00 1 4506.735
2015 08 29 14 45 00 1 4506.628
2015 08 29 15 00 00 1 4506.539
2015 08 29 15 15 00 1 4506.462
2015 08 29 15 30 00 1 4506.403
2015 08 29 15 45 00 1 4506.355
2015 08 29 16 00 00 1 4506.331
2015 08 29 16 15 00 1 4506.322
2015 08 29 16 30 00 1 4506.332
2015 08 29 16 45 00 1 4506.360
2015 08 29 17 00 00 1 4506.404
2015 08 29 17 15 00 1 4506.463
2015 08 29 17 30 00 1 4506.536
2015 08 29 17 45 00 1 4506.623
2015 08 29 18 00 00 1 4506.722
2015 08 29 18 15 00 1 4506.833
2015 08 29 18 30 00 1 4506.953
2015 08 29 18 45 00 1 4507.080
2015 08 29 19 00 00 1 4507.214
2015 08 29 19 15 00 1 4507.351
2015 08 29 19 30 00 1 4507.490
2015 08 29 19 45 00 1 4507.626
2015 08 29 20 00 00 1 4507.760
2015 08 29 20 15 00 1 4507.886
2015 08 29 20 30 00 1 4508.008
2015 08 29 20 45 00 1 4508.121
2015 08 29 21 00 00 1 4508.225
2015 08 29 21 15 00 1 4508.318
2015 08 29 21 30 00 1 4508.393
2015 08 29 21 45 00 1 4508.456
2015 08 29 22 00 00 1 4508.502
2015 08 29 22 15 00 1 4508.536
2015 08 29 22 30 00 1 4508.552
2015 08 29 22 45 00 1 4508.555
2015 08 29 23 00 00 1 4508.539
2015 08 29 23 15 00 1 4508.511
2015 08 29 23 30 00 1 4508.469
2015 08 29 23 45 00 1 4508.410
2015 08 30 00 00 00 1 4508.339
2015 08 30 00 15 00 1 4508.256
2015 08 30 00 30 00 1 4508.169
2015 08 30 00 45 00 1 4508.069
2015 08 30 01 00 00 1 4507.961
2015 08 30 01 15 00 1 4507.854
2015 08 30 01 30 00 1 4507.746
2015 08 30 01 45 00 1 4507.639
2015 08 30 02 00 00 1 4507.532
2015 08 30 02 15 00 1 4507.433
2015 08 30 02 30 00 1 4507.334
2015 08 30 02 45 00 1 4507.247
2015 08 30 03 00 00 1 4507.166
2015 08 30 03 15 00 1 4507.096
2015 08 30 03 30 00 1 4507.041
2015 08 30 03 45 00 1 4506.995
2015 08 30 04 00 00 1 4506.969
2015 08 30 04 15 00 1 4506.953
2015 08 30 04 30 00 1 4506.953
2015 08 30 04 45 00 1 4506.966
2015 08 30 05 00 00 1 4506.998
2015 08 30 05 15 00 1 4507.040
2015 08 30 05 30 00 1 4507.102
2015 08 30 05 45 00 1 4507.175
2015 08 30 06 00 00 1 4507.262
2015 08 30 06 15 00 1 4507.355
2015 08 30 06 30 00 1 4507.460
2015 08 30 06 45 00 1 4507.570
2015 08 30 07 00 00 1 4507.687
2015 08 30 07 15 00 1 4507.810
2015 08 30 07 30 00 1 4507.933
2015 08 30 07 45 00 1 4508.054
2015 08 30 08 00 00 1 4508.173
2015 08 30 08 15 00 1 4508.288
2015 08 30 08 30 00 1 4508.395
2015 08 30 08 45 00 1 4508.494
2015 08 30 09 00 00 1 4508.583
2015 08 30 09 15 00 1 4508.660
2015 08 30 09 30 00 1 4508.726
2015 08 30 09 45 00 1 4508.776
2015 08 30 10 00 00 1 4508.810
2015 08 30 10 15 00 1 4508.828
2015 08 30 10 30 00 1 4508.825
2015 08 30 10 45 00 1 4508.810
2015 08 30 11 00 00 1 4508.776
2015 08 30 11 15 00 1 4508.730
2015 08 30 11 30 00 1 4508.664
2015 08 30 11 45 00 1 4508.584
2015 08 30 12 00 00 1 4508.486
2015 08 30 12 15 00 1 4508.377
2015 08 30 12 30 00 1 4508.257
2015 08 30 12 45 00 1 4508.128
2015 08 30 13 00 00 1 4507.990
2015 08 30 13 15 00 1 4507.847
2015 08 30 13 30 00 1 4507.698
2015 08 30 13 45 00 1 4507.549
2015 08 30 14 00 00 1 4507.397
2015 08 30 14 15 00 1 4507.250
2015 08 30 14 30 00 1 4507.109
2015 08 30 14 45 00 1 4506.973
2015 08 30 15 00 00 1 4506.846
2015 08 30 15 15 00 1 4506.730
2015 08 30 15 30 00 1 4506.628
2015 08 30 15 45 00 1 4506.540
2015 08 30 16 00 00 1 4506.467
2015 08 30 16 15 00 1 4506.411
2015 08 30 16 30 00 1 4506.371
2015 08 30 16 45 00 1 4506.348
2015 08 30 17 00 00 1 4506.344
2015 08 30 17 15 00 1 4506.359
2015 08 30 17 30 00 1 4506.393
2015 08 30 17 45 00 1 4506.442
2015 08 30 18 00 00 1 4506.510
2015 08 30 18 15 00 1 4506.592
2015 08 30 18 30 00 1 4506.689
2015 08 30 18 45 00 1 4506.799
2015 08 30 19 00 00 1 4506.918
2015 08 30 19 15 00 1 4507.047
2015 08 30 19 30 00 1 4507.188
2015 08 30 19 45 00 1 4507.328
2015 08 30 20 00 00 1 4507.475
2015 08 30 20 15 00 1 4507.618
2015 08 30 20 30 00 1 4507.761
2015 08 30 20 45 00 1 4507.900
2015 08 30 21 00 00 1 4508.033
2015 08 30 21 15 00 1 4508.158
2015 08 30 21 30 00 1 4508.272
2015 08 30 21 45 00 1 4508.370
2015 08 30 22 00 00 1 4508.458
2015 08 30 22 15 00 1 4508.532
2015 08 30 22 30 00 1 4508.592
2015 08 30 22 45 00 1 4508.633
2015 08 30 23 00 00 1 4508.659
2015 08 30 23 15 00 1 4508.667
2015 08 30 23 30 00 1 4508.658
2015 08 30 23 45 00 1 4508.633
2015 08 31 00 00 00 1 4508.591
2015 08 31 00 15 00 1 4508.533
2015 08 31 00 30 00 1 4508.463
2015 08 31 00 45 00 1 4508.381
2015 08 31 01 00 00 1 4508.288
2015 08 31 01 15 00 1 4508.183
2015 08 31 01 30 00 1 4508.067
2015 08 31 01 45 00 1 4507.948
2015 08 31 02 00 00 1 4507.826
2015 08 31 02 15 00 1 4507.703
2015 08 31 02 30 00 1 4507.578
2015 08 31 02 45 00 1 4507.457
2015 08 31 03 00 00 1 4507.341
2015 08 31 03 15 00 1 4507.234
2015 08 31 03 30 00 1 4507.133
2015 08 31 03 45 00 1 4507.043
2015 08 31 04 00 00 1 4506.965
2015 08 31 04 15 00 1 4506.898
2015 08 31 04 30 00 1 4506.846
2015 08 31 04 45 00 1 4506.808
2015 08 31 05 00 00 1 4506.786
2015 08 31 05 15 00 1 4506.781
2015 08 31 05 30 00 1 4506.795
2015 08 31 05 45 00 1 4506.824
2015 08 31 06 00 00 1 4506.871
2015 08 31 06 15 00 1 4506.931
2015 08 31 06 30 00 1 4507.005
2015 08 31 06 45 00 1 4507.092
2015 08 31 07 00 00 1 4507.190
2015 08 31 07 15 00 1 4507.299
2015 08 31 07 30 00 1 4507.412
2015 08 31 07 45 00 1 4507.534
2015 08 31 08 00 00 1 4507.660
2015 08 31 08 15 00 1 4507.788
2015 08 31 08 30 00 1 4507.913
2015 08 31 08 45 00 1 4508.040
2015 08 31 09 00 00 1 4508.160
2015 08 31 09 15 00 1 4508.274
2015 08 31 09 30 00 1 4508.382
2015 08 31 09 45 00 1 4508.477
2015 08 31 10 00 00 1 4508.561
2015 08 31 10 15 00 1 4508.631
2015 08 31 10 30 00 1 4508.686
2015 08 31 10 45 00 1 4508.728
2015 08 31 11 00 00 1 4508.754
2015 08 31 11 15 00 1 4508.761
2015 08 31 11 30 00 1 4508.754
2015 08 31 11 45 00 1 4508.726
2015 08 31 12 00 00 1 4508.682
2015 08 31 12 15 00 1 4508.623
2015 08 31 12 30 00 1 4508.547
2015 08 31 12 45 00 1 4508.457
2015 08 31 13 00 00 1 4508.355
2015 08 31 13 15 00 1 4508.242
2015 08 31 13 30 00 1 4508.116
2015 08 31 13 45 00 1 4507.984
2015 08 31 14 00 00 1 4507.845
2015 08 31 14 15 00 1 4507.706
2015 08 31 14 30 00 1 4507.561
2015 08 31 14 45 00 1 4507.422
2015 08 31 15 00 00 1 4507.282
2015 08 31 15 15 00 1 4507.150
2015 08 31 15 30 00 1 4507.024
2015 08 31 15 45 00 1 4506.907
2015 08 31 16 00 00 1 4506.797
2015 08 31 16 15 00 1 4506.704
2015 08 31 16 30 00 1 4506.623
2015 08 31 16 45 00 1 4506.559
2015 08 31 17 00 00 1 4506.509
2015 08 31 17 15 00 1 4506.479
2015 08 31 17 30 00 1 4506.463
2015 08 31 17 45 00 1 4506.469
2015 08 31 18 00 00 1 4506.490
2015 08 31 18 15 00 1 4506.531
2015 08 31 18 30 00 1 4506.590
2015 08 31 18 45 00 1 4506.663
2015 08 31 19 00 00 1 4506.752
2015 08 31 19 15 00 1 4506.853
2015 08 31 19 30 00 1 4506.969
2015 08 31 19 45 00 1 4507.090
2015 08 31 20 00 00 1 4507.224
2015 08 31 20 15 00 1 4507.362
2015 08 31 20 30 00 1 4507.505
2015 08 31 20 45 00 1 4507.649
2015 08 31 21 00 00 1 4507.792
2015 08 31 21 15 00 1 4507.934
2015 08 31 21 30 00 1 4508.069
2015 08 31 21 45 00 1 4508.194
2015 08 31 22 00 00 1 4508.313
2015 08 31 22 15 00 1 4508.421
2015 08 31 22 30 00 1 4508.515
2015 08 31 22 45 00 1 4508.598
2015 08 31 23 00 00 1 4508.666
2015 08 31 23 15 00 1 4508.719
2015 08 31 23 30 00 1 4508.754
2015 08 31 23 45 00 1 4508.773
2015 09 01 00 00 00 1 4508.774
2015 09 01 00 15 00 1 4508.757
2015 09 01 00 30 00 1 4508.725
2015 09 01 00 45 00 1 4508.675
2015 09 01 01 00 00 1 4508.610
2015 09 01 01 15 00 1 4508.530
2015 09 01 01 30 00 1 4508.433
2015 09 01 01 45 00 1 4508.327
2015 09 01 02 00 00 1 4508.210
2015 09 01 02 15 00 1 4508.087
2015 09 01 02 30 00 1 4507.960
2015 09 01 02 45 00 1 4507.828
2015 09 01 03 00 00 1 4507.694
2015 09 01 03 15 00 1 4507.562
2015 09 01 03 30 00 1 4507.436
2015 09 01 03 45 00 1 4507.313
2015 09 01 04 00 00 1 4507.194
2015 09 01 04 15 00 1 4507.086
2015 09 01 04 30 00 1 4506.989
2015 09 01 04 45 00 1 4506.903
2015 09 01 05 00 00 1 4506.830
2015 09 01 05 15 00 1 4506.775
2015 09 01 05 30 00 1 4506.731
2015 09 01 05 45 00 1 4506.704
2015 09 01 06 00 00 1 4506.693
2015 09 01 06 15 00 1 4506.702
2015 09 01 06 30 00 1 4506.726
2015 09 01 06 45 00 1 4506.766
2015 09 01 07 00 00 1 4506.820
2015 09 01 07 15 00 1 4506.890
2015 09 01 07 30 00 1 4506.972
2015 09 01 07 45 00 1 4507.067
2015 09 01 08 00 00 1 4507.169
2015 09 01 08 15 00 1 4507.280
2015 09 01 08 30 00 1 4507.399
2015 09 01 08 45 00 1 4507.523
2015 09 01 09 00 00 1 4507.649
2015 09 01 09 15 00 1 4507.774
2015 09 01 09 30 00 1 4507.897
2015 09 01 09 45 00 1 4508.017
2015 09 01 10 00 00 1 4508.130
2015 09 01 10 15 00 1 4508.235
2015 09 01 10 30 00 1 4508.333
2015 09 01 10 45 00 1 4508.418
2015 09 01 11 00 00 1 4508.490
2015 09 01 11 15 00 1 4508.550
2015 09 01 11 30 00 1 4508.596
2015 09 01 11 45 00 1 4508.624
2015 09 01 12 00 00 1 4508.637
2015 09 01 12 15 00 1 4508.635
2015 09 01 12 30 00 1 4508.618
2015 09 01 12 45 00 1 4508.585
2015 09 01 13 00 00 1 4508.537
2015 09 01 13 15 00 1 4508.472
2015 09 01 13 30 00 1 4508.392
2015 09 01 13 45 00 1 4508.300
2015 09 01 14 00 00 1 4508.199
2015 09 01 14 15 00 1 4508.089
2015 09 01 14 30 00 1 4507.969
2015 09 01 14 45 00 1 4507.848
2015 09 01 15 00 00 1 4507.721
2015 09 01 15 15 00 1 4507.593
2015 09 01 15 30 00 1 4507.464
2015 09 01 15 45 00 1 4507.341
2015 09 01 16 00 00 1 4507.222
2015 09 01 16 15 00 1 4507.107
2015 09 01 16 30 00 1 4507.002
2015 09 01 16 45 00 1 4506.908
2015 09 01 17 00 00 1 4506.826
2015 09 01 17 15 00 1 4506.758
2015 09 01 17 30 00 1 4506.702
2015 09 01 17 45 00 1 4506.664
2015 09 01 18 00 00 1 4506.640
2015 09 01 18 15 00 1 4506.633
2015 09 01 18 30 00 1 4506.641
2015 09 01 18 45 00 1 4506.666
2015 09 01 19 00 00 1 4506.709
2015 09 01 19 15 00 1 4506.770
2015 09 01 19 30 00 1 4506.846
2015 09 01 19 45 00 1 4506.933
2015 09 01 20 00 00 1 4507.037
2015 09 01 20 15 00 1 4507.149
2015 09 01 20 30 00 1 4507.268
2015 09 01 20 45 00 1 4507.393
2015 09 01 21 00 00 1 4507.524
2015 09 01 21 15 00 1 4507.658
2015 09 01 21 30 00 1 4507.791
2015 09 01 21 45 00 1 4507.926
2015 09 01 22 00 00 1 4508.057
2015 09 01 22 15 00 1 4508.183
2015 09 01 22 30 00 1 4508.302
2015 09 01 22 45 00 1 4508.415
2015 09 01 23 00 00 1 4508.513
2015 09 01 23 15 00 1 4508.601
2015 09 01 23 30 00 1 4508.673
2015 09 01 23 45 00 1 4508.732
2015 09 02 00 00 00 1 4508.778
2015 09 02 00 15 00 1 4508.806
2015 09 02 00 30 00 1 4508.815
2015 09 02 00 45 00 1 4508.810
2015 09 02 01 00 00 1 4508.785
2015 09 02 01 15 00 1 4508.748
2015 09 02 01 30 00 1 4508.691
2015 09 02 01 45 00 1 4508.622
2015 09 02 02 00 00 1 4508.539
2015 09 02 02 15 00 1 4508.443
2015 09 02 02 30 00 1 4508.335
2015 09 02 02 45 00 1 4508.219
2015 09 02 03 00 00 1 4508.093
2015 09 02 03 15 00 1 4507.966
2015 09 02 03 30 00 1 4507.837
2015 09 02 03 45 00 1 4507.706
2015 09 02 04 00 00 1 4507.574
2015 09 02 04 15 00 1 4507.447
2015 09 02 04 30 00 1 4507.323
2015 09 02 04 45 00 1 4507.204
2015 09 02 05 00 00 1 4507.094
2015 09 02 05 15 00 1 4506.997
2015 09 02 05 30 00 1 4506.906
2015 09 02 05 45 00 1 4506.830
2015 09 02 06 00 00 1 4506.769
2015 09 02 06 15 00 1 4506.724
2015 09 02 06 30 00 1 4506.695
2015 09 02 06 45 00 1 4506.680
2015 09 02 07 00 00 1 4506.681
2015 09 02 07 15 00 1 4506.700
2015 09 02 07 30 00 1 4506.731
2015 09 02 07 45 00 1 4506.774
2015 09 02 08 00 00 1 4506.833
2015 09 02 08 15 00 1 4506.907
2015 09 02 08 30 00 1 4506.990
2015 09 02 08 45 00 1 4507.082
2015 09 02 09 00 00 1 4507.187
2015 09 02 09 15 00 1 4507.293
2015 09 02 09 30 00 1 4507.404
2015 09 02 09 45 00 1 4507.521
2015 09 02 10 00 00 1 4507.639
2015 09 02 10 15 00 1 4507.754
2015 09 02 10 30 00 1 4507.866
2015 09 02 10 45 00 1 4507.972
2015 09 02 11 00 00 1 4508.072
2015 09 02 11 15 00 1 4508.163
2015 09 02 11 30 00 1 4508.243
2015 09 02 11 45 00 1 4508.315
2015 09 02 12 00 00 1 4508.375
2015 09 02 12 15 00 1 4508.424
2015 09 02 12 30 00 1 4508.460
2015 09 02 12 45 00 1 4508.482
2015 09 02 13 00 00 1 4508.488
2015 09 02 13 15 00 1 4508.478
2015 09 02 13 30 00 1 4508.457
2015 09 02 13 45 00 1 4508.421
2015 09 02 14 00 00 1 4508.370
2015 09 02 14 15 00 1 4508.307
2015 09 02 14 30 00 1 4508.233
2015 09 02 14 45 00 1 4508.149
2015 09 02 15 00 00 1 4508.058
2015 09 02 15 15 00 1 4507.960
2015 09 02 15 30 00 1 4507.860
2015 09 02 15 45 00 1 4507.753
2015 09 02 16 00 00 1 4507.646
2015 09 02 16 15 00 1 4507.541
2015 09 02 16 30 00 1 4507.438
2015 09 02 16 45 00 1 4507.339
2015 09 02 17 00 00 1 4507.245
2015 09 02 17 15 00 1 4507.158
2015 09 02 17 30 00 1 4507.082
2015 09 02 17 45 00 1 4507.013
2015 09 02 18 00 00 1 4506.955
2015 09 02 18 15 00 1 4506.909
2015 09 02 18 30 00 1 4506.880
2015 09 02 18 45 00 1 4506.863
2015 09 02 19 00 00 1 4506.861
2015 09 02 19 15 00 1 4506.873
2015 09 02 19 30 00 1 4506.903
2015 09 02 19 45 00 1 4506.945
2015 09 02 20 00 00 1 4507.001
2015 09 02 20 15 00 1 4507.070
2015 09 02 20 30 00 1 4507.154
2015 09 02 20 45 00 1 4507.246
2015 09 02 21 00 00 1 4507.348
2015 09 02 21 15 00 1 4507.456
2015 09 02 21 30 00 1 4507.567
2015 09 02 21 45 00 1 4507.686
2015 09 02 22 00 00 1 4507.806
2015 09 02 22 15 00 1 4507.927
2015 09 02 22 30 00 1 4508.047
2015 09 02 22 45 00 1 4508.163
2015 09 02 23 00 00 1 4508.276
2015 09 02 23 15 00 1 4508.383
2015 09 02 23 30 00 1 4508.479
2015 09 02 23 45 00 1 4508.565
2015 09 03 00 00 00 1 4508.642
2015 09 03 00 15 00 1 4508.705
2015 09 03 00 30 00 1 4508.754
2015 09 03 00 45 00 1 4508.789
2015 09 03 01 00 00 1 4508.810
2015 09 03 01 15 00 1 4508.811
2015 09 03 01 30 00 1 4508.801
2015 09 03 01 45 00 1 4508.773
2015 09 03 02 00 00 1 4508.735
2015 09 03 02 15 00 1 4508.681
2015 09 03 02 30 00 1 4508.613
2015 09 03 02 45 00 1 4508.533
2015 09 03 03 00 00 1 4508.442
2015 09 03 03 15 00 1 4508.339
2015 09 03 03 30 00 1 4508.229
2015 09 03 03 45 00 1 4508.113
2015 09 03 04 00 00 1 4507.994
2015 09 03 04 15 00 1 4507.871
2015 09 03 04 30 00 1 4507.745
2015 09 03 04 45 00 1 4507.617
2015 09 03 05 00 00 1 4507.494
2015 09 03 05 15 00 1 4507.375
2015 09 03 05 30 00 1 4507.262
2015 09 03 05 45 00 1 4507.156
2015 09 03 06 00 00 1 4507.056
2015 09 03 06 15 00 1 4506.967
2015 09 03 06 30 00 1 4506.891
2015 09 03 06 45 00 1 4506.828
2015 09 03 07 00 00 1 4506.778
2015 09 03 07 15 00 1 4506.740
2015 09 03 07 30 00 1 4506.717
2015 09 03 07 45 00 1 4506.707
2015 09 03 08 00 00 1 4506.710
2015 09 03 08 15 00 1 4506.724
2015 09 03 08 30 00 1 4506.753
2015 09 03 08 45 00 1 4506.799
2015 09 03 09 00 00 1 4506.856
2015 09 03 09 15 00 1 4506.923
2015 09 03 09 30 00 1 4507.001
2015 09 03 09 45 00 1 4507.083
2015 09 03 10 00 00 1 4507.175
2015 09 03 10 15 00 1 4507.274
2015 09 03 10 30 00 1 4507.371
2015 09 03 10 45 00 1 4507.470
2015 09 03 11 00 00 1 4507.571
2015 09 03 11 15 00 1 4507.668
2015 09 03 11 30 00 1 4507.768
2015 09 03 11 45 00 1 4507.857
2015 09 03 12 00 00 1 4507.944
2015 09 03 12 15 00 1 4508.024
2015 09 03 12 30 00 1 4508.093
2015 09 03 12 45 00 1 4508.152
2015 09 03 13 00 00 1 4508.203
2015 09 03 13 15 00 1 4508.240
2015 09 03 13 30 00 1 4508.266
2015 09 03 13 45 00 1 4508.283
2015 09 03 14 00 00 1 4508.286
2015 09 03 14 15 00 1 4508.274
2015 09 03 14 30 00 1 4508.255
2015 09 03 14 45 00 1 4508.222
2015 09 03 15 00 00 1 4508.180
2015 09 03 15 15 00 1 4508.127
2015 09 03 15 30 00 1 4508.067
2015 09 03 15 45 00 1 4508.001
2015 09 03 16 00 00 1 4507.932
2015 09 03 16 15 00 1 4507.858
2015 09 03 16 30 00 1 4507.778
2015 09 03 16 45 00 1 4507.699
2015 09 03 17 00 00 1 4507.618
2015 09 03 17 15 00 1 4507.539
2015 09 03 17 30 00 1 4507.464
2015 09 03 17 45 00 1 4507.390
2015 09 03 18 00 00 1 4507.323
2015 09 03 18 15 00 1 4507.264
2015 09 03 18 30 00 1 4507.211
2015 09 03 18 45 00 1 4507.167
2015 09 03 19 00 00 1 4507.135
2015 09 03 19 15 00 1 4507.112
2015 09 03 19 30 00 1 4507.099
2015 09 03 19 45 00 1 4507.103
2015 09 03 20 00 00 1 4507.115
2015 09 03 20 15 00 1 4507.140
2015 09 03 20 30 00 1 4507.174
2015 09 03 20 45 00 1 4507.224
2015 09 03 21 00 00 1 4507.282
2015 09 03 21 15 00 1 4507.349
2015 09 03 21 30 00 1 4507.424
2015 09 03 21 45 00 1 4507.507
2015 09 03 22 00 00 1 4507.596
2015 09 03 22 15 00 1 4507.691
2015 09 03 22 30 00 1 4507.791
2015 09 03 22 45 00 1 4507.892
2015 09 03 23 00 00 1 4507.993
2015 09 03 23 15 00 1 4508.092
2015 09 03 23 30 00 1 4508.191
2015 09 03 23 45 00 1 4508.286
2015 09 04 00 00 00 1 4508.376
2015 09 04 00 15 00 1 4508.458
2015 09 04 00 30 00 1 4508.529
2015 09 04 00 45 00 1 4508.589
2015 09 04 01 00 00 1 4508.641
2015 09 04 01 15 00 1 4508.683
2015 09 04 01 30 00 1 4508.711
2015 09 04 01 45 00 1 4508.727
2015 09 04 02 00 00 1 4508.730
2015 09 04 02 15 00 1 4508.721
2015 09 04 02 30 00 1 4508.695
2015 09 04 02 45 00 1 4508.660
2015 09 04 03 00 00 1 4508.612
2015 09 04 03 15 00 1 4508.552
2015 09 04 03 30 00 1 4508.481
2015 09 04 03 45 00 1 4508.400
2015 09 04 04 00 00 1 4508.309
2015 09 04 04 15 00 1 4508.211
2015 09 04 04 30 00 1 4508.108
2015 09 04 04 45 00 1 4507.997
2015 09 04 05 00 00 1 4507.885
2015 09 04 05 15 00 1 4507.771
2015 09 04 05 30 00 1 4507.662
2015 09 04 05 45 00 1 4507.552
2015 09 04 06 00 00 1 4507.447
2015 09 04 06 15 00 1 4507.345
2015 09 04 06 30 00 1 4507.247
2015 09 04 06 45 00 1 4507.154
2015 09 04 07 00 00 1 4507.069
2015 09 04 07 15 00 1 4506.991
2015 09 04 07 30 00 1 4506.925
2015 09 04 07 45 00 1 4506.871
2015 09 04 08 00 00 1 4506.827
2015 09 04 08 15 00 1 4506.796
2015 09 04 08 30 00 1 4506.779
2015 09 04 08 45 00 1 4506.770
2015 09 04 09 00 00 1 4506.773
2015 09 04 09 15 00 1 4506.788
2015 09 04 09 30 00 1 4506.816
2015 09 04 09 45 00 1 4506.850
2015 09 04 10 00 00 1 4506.898
2015 09 04 10 15 00 1 4506.952
2015 09 04 10 30 00 1 4507.014
2015 09 04 10 45 00 1 4507.084
2015 09 04 11 00 00 1 4507.158
2015 09 04 11 15 00 1 4507.235
2015 09 04 11 30 00 1 4507.316
2015 09 04 11 45 00 1 4507.398
2015 09 04 12 00 00 1 4507.482
2015 09 04 12 15 00 1 4507.565
2015 09 04 12 30 00 1 4507.646
2015 09 04 12 45 00 1 4507.723
2015 09 04 13 00 00 1 4507.799
2015 09 04 13 15 00 1 4507.865
2015 09 04 13 30 00 1 4507.924
2015 09 04 13 45 00 1 4507.978
2015 09 04 14 00 00 1 4508.018
2015 09 04 14 15 00 1 4508.049
2015 09 04 14 30 00 1 4508.073
2015 09 04 14 45 00 1 4508.088
2015 09 04 15 00 00 1 4508.093
2015 09 04 15 15 00 1 4508.089
2015 09 04 15 30 00 1 4508.078
2015 09 04 15 45 00 1 4508.057
2015 09 04 16 00 00 1 4508.029
2015 09 04 16 15 00 1 4507.996
2015 09 04 16 30 00 1 4507.956
2015 09 04 16 45 00 1 4507.910
2015 09 04 17 00 00 1 4507.861
2015 09 04 17 15 00 1 4507.810
2015 09 04 17 30 00 1 4507.756
2015 09 04 17 45 00 1 4507.698
2015 09 04 18 00 00 1 4507.642
2015 09 04 18 15 00 1 4507.586
2015 09 04 18 30 00 1 4507.534
2015 09 04 18 45 00 1 4507.485
2015 09 04 19 00 00 1 4507.440
2015 09 04 19 15 00 1 4507.401
2015 09 04 19 30 00 1 4507.369
2015 09 04 19 45 00 1 4507.346
2015 09 04 20 00 00 1 4507.327
2015 09 04 20 15 00 1 4507.320
2015 09 04 20 30 00 1 4507.321
2015 09 04 20 45 00 1 4507.329
2015 09 04 21 00 00 1 4507.345
2015 09 04 21 15 00 1 4507.371
2015 09 04 21 30 00 1 4507.406
2015 09 04 21 45 00 1 4507.447
2015 09 04 22 00 00 1 4507.494
2015 09 04 22 15 00 1 4507.553
2015 09 04 22 30 00 1 4507.620
2015 09 04 22 45 00 1 4507.692
2015 09 04 23 00 00 1 4507.764
2015 09 04 23 15 00 1 4507.846
2015 09 04 23 30 00 1 4507.922
2015 09 04 23 45 00 1 4508.004
2015 09 05 00 00 00 1 4508.083
2015 09 05 00 15 00 1 4508.162
2015 09 05 00 30 00 1 4508.238
2015 09 05 00 45 00 1 4508.309
2015 09 05 01 00 00 1 4508.374
2015 09 05 01 15 00 1 4508.438
2015 09 05 01 30 00 1 4508.490
2015 09 05 01 45 00 1 4508.534
2015 09 05 02 00 00 1 4508.571
2015 09 05 02 15 00 1 4508.598
2015 09 05 02 30 00 1 4508.613
2015 09 05 02 45 00 1 4508.617
2015 09 05 03 00 00 1 4508.614
2015 09 05 03 15 00 1 4508.601
2015 09 05 03 30 00 1 4508.576
2015 09 05 03 45 00 1 4508.539
2015 09 05 04 00 00 1 4508.489
2015 09 05 04 15 00 1 4508.435
2015 09 05 04 30 00 1 4508.369
2015 09 05 04 45 00 1 4508.297
2015 09 05 05 00 00 1 4508.217
2015 09 05 05 15 00 1 4508.134
2015 09 05 05 30 00 1 4508.045
2015 09 05 05 45 00 1 4507.953
2015 09 05 06 00 00 1 4507.858
2015 09 05 06 15 00 1 4507.760
2015 09 05 06 30 00 1 4507.663
2015 09 05 06 45 00 1 4507.565
2015 09 05 07 00 00 1 4507.469
2015 09 05 07 15 00 1 4507.377
2015 09 05 07 30 00 1 4507.291
2015 09 05 07 45 00 1 4507.208
2015 09 05 08 00 00 1 4507.134
2015 09 05 08 15 00 1 4507.069
2015 09 05 08 30 00 1 4507.009
2015 09 05 08 45 00 1 4506.959
2015 09 05 09 00 00 1 4506.919
2015 09 05 09 15 00 1 4506.888
2015 09 05 09 30 00 1 4506.865
2015 09 05 09 45 00 1 4506.854
2015 09 05 10 00 00 1 4506.852
2015 09 05 10 15 00 1 4506.858
2015 09 05 10 30 00 1 4506.873
2015 09 05 10 45 00 1 4506.898
2015 09 05 11 00 00 1 4506.933
2015 09 05 11 15 00 1 4506.972
2015 09 05 11 30 00 1 4507.019
2015 09 05 11 45 00 1 4507.073
2015 09 05 12 00 00 1 4507.132
2015 09 05 12 15 00 1 4507.194
2015 09 05 12 30 00 1 4507.261
2015 09 05 12 45 00 1 4507.331
2015 09 05 13 00 00 1 4507.402
2015 09 05 13 15 00 1 4507.474
2015 09 05 13 30 00 1 4507.543
2015 09 05 13 45 00 1 4507.607
2015 09 05 14 00 00 1 4507.669
2015 09 05 14 15 00 1 4507.728
2015 09 05 14 30 00 1 4507.782
2015 09 05 14 45 00 1 4507.830
2015 09 05 15 00 00 1 4507.874
2015 09 05 15 15 00 1 4507.913
2015 09 05 15 30 00 1 4507.942
2015 09 05 15 45 00 1 4507.964
2015 09 05 16 00 00 1 4507.978
2015 09 05 16 15 00 1 4507.987
2015 09 05 16 30 00 1 4507.989
2015 09 05 16 45 00 1 4507.984
2015 09 05 17 00 00 1 4507.974
2015 09 05 17 15 00 1 4507.959
2015 09 05 17 30 00 1 4507.939
2015 09 05 17 45 00 1 4507.915
2015 09 05 18 00 00 1 4507.886
2015 09 05 18 15 00 1 4507.852
2015 09 05 18 30 00 1 4507.817
2015 09 05 18 45 00 1 4507.782
2015 09 05 19 00 00 1 4507.744
2015 09 05 19 15 00 1 4507.709
2015 09 05 19 30 00 1 4507.677
2015 09 05 19 45 00 1 4507.646
2015 09 05 20 00 00 1 4507.618
2015 09 05 20 15 00 1 4507.592
2015 09 05 20 30 00 1 4507.568
2015 09 05 20 45 00 1 4507.549
2015 09 05 21 00 00 1 4507.537
2015 09 05 21 15 00 1 4507.530
2015 09 05 21 30 00 1 4507.526
2015 09 05 21 45 00 1 4507.530
2015 09 05 22 00 00 1 4507.539
2015 09 05 22 15 00 1 4507.559
2015 09 05 22 30 00 1 4507.585
2015 09 05 22 45 00 1 4507.614
2015 09 05 23 00 00 1 4507.651
2015 09 05 23 15 00 1 4507.695
2015 09 05 23 30 00 1 4507.744
2015 09 05 23 45 00 1 4507.797
2015 09 06 00 00 00 1 4507.855
2015 09 06 00 15 00 1 4507.912
2015 09 06 00 30 00 1 4507.974
2015 09 06 00 45 00 1 4508.032
2015 09 06 01 00 00 1 4508.092
2015 09 06 01 15 00 1 4508.152
2015 09 06 01 30 00 1 4508.209
2015 09 06 01 45 00 1 4508.264
2015 09 06 02 00 00 1 4508.314
2015 09 06 02 15 00 1 4508.362
2015 09 06 02 30 00 1 4508.405
2015 09 06 02 45 00 1 4508.439
2015 09 06 03 00 00 1 4508.470
2015 09 06 03 15 00 1 4508.492
2015 09 06 03 30 00 1 4508.506
2015 09 06 03 45 00 1 4508.513
2015 09 06 04 00 00 1 4508.511
2015 09 06 04 15 00 1 4508.496
2015 09 06 04 30 00 1 4508.472
2015 09 06 04 45 00 1 4508.442
2015 09 06 05 00 00 1 4508.402
2015 09 06 05 15 00 1 4508.354
2015 09 06 05 30 00 1 4508.302
2015 09 06 05 45 00 1 4508.241
2015 09 06 06 00 00 1 4508.177
2015 09 06 06 15 00 1 4508.107
2015 09 06 06 30 00 1 4508.029
2015 09 06 06 45 00 1 4507.950
2015 09 06 07 00 00 1 4507.868
2015 09 06 07 15 00 1 4507.783
2015 09 06 07 30 00 1 4507.699
2015 09 06 07 45 00 1 4507.612
2015 09 06 08 00 00 1 4507.526
2015 09 06 08 15 00 1 4507.443
2015 09 06 08 30 00 1 4507.362
2015 09 06 08 45 00 1 4507.286
2015 09 06 09 00 00 1 4507.216
2015 09 06 09 15 00 1 4507.149
2015 09 06 09 30 00 1 4507.089
2015 09 06 09 45 00 1 4507.035
2015 09 06 10 00 00 1 4506.988
2015 09 06 10 15 00 1 4506.948
2015 09 06 10 30 00 1 4506.917
2015 09 06 10 45 00 1 4506.894
2015 09 06 11 00 00 1 4506.880
2015 09 06 11 15 00 1 4506.871
2015 09 06 11 30 00 1 4506.874
2015 09 06 11 45 00 1 4506.886
2015 09 06 12 00 00 1 4506.907
2015 09 06 12 15 00 1 4506.934
2015 09 06 12 30 00 1 4506.968
2015 09 06 12 45 00 1 4507.008
2015 09 06 13 00 00 1 4507.055
2015 09 06 13 15 00 1 4507.110
2015 09 06 13 30 00 1 4507.165
2015 09 06 13 45 00 1 4507.228
2015 09 06 14 00 00 1 4507.289
2015 09 06 14 15 00 1 4507.352
2015 09 06 14 30 00 1 4507.417
2015 09 06 14 45 00 1 4507.479
2015 09 06 15 00 00 1 4507.542
2015 09 06 15 15 00 1 4507.600
2015 09 06 15 30 00 1 4507.655
2015 09 06 15 45 00 1 4507.707
2015 09 06 16 00 00 1 4507.756
2015 09 06 16 15 00 1 4507.804
2015 09 06 16 30 00 1 4507.844
2015 09 06 16 45 00 1 4507.880
2015 09 06 17 00 00 1 4507.909
2015 09 06 17 15 00 1 4507.930
2015 09 06 17 30 00 1 4507.950
2015 09 06 17 45 00 1 4507.961
2015 09 06 18 00 00 1 4507.968
2015 09 06 18 15 00 1 4507.970
2015 09 06 18 30 00 1 4507.967
2015 09 06 18 45 00 1 4507.958
2015 09 06 19 00 00 1 4507.944
2015 09 06 19 15 00 1 4507.928
2015 09 06 19 30 00 1 4507.908
2015 09 06 19 45 00 1 4507.885
2015 09 06 20 00 00 1 4507.862
2015 09 06 20 15 00 1 4507.834
2015 09 06 20 30 00 1 4507.809
2015 09 06 20 45 00 1 4507.784
2015 09 06 21 00 00 1 4507.761
2015 09 06 21 15 00 1 4507.737
2015 09 06 21 30 00 1 4507.714
2015 09 06 21 45 00 1 4507.694
2015 09 06 22 00 00 1 4507.676
2015 09 06 22 15 00 1 4507.663
2015 09 06 22 30 00 1 4507.655
2015 09 06 22 45 00 1 4507.647
2015 09 06 23 00 00 1 4507.648
2015 09 06 23 15 00 1 4507.657
2015 09 06 23 30 00 1 4507.673
2015 09 06 23 45 00 1 4507.692
2015 09 07 00 00 00 1 4507.717
2015 09 07 00 15 00 1 4507.747
2015 09 07 00 30 00 1 4507.779
2015 09 07 00 45 00 1 4507.815
2015 09 07 01 00 00 1 4507.854
2015 09 07 01 15 00 1 4507.897
2015 09 07 01 30 00 1 4507.942
2015 09 07 01 45 00 1 4507.988
2015 09 07 02 00 00 1 4508.036
2015 09 07 02 15 00 1 4508.090
2015 09 07 02 30 00 1 4508.143
2015 09 07 02 45 00 1 4508.195
2015 09 07 03 00 00 1 4508.243
2015 09 07 03 15 00 1 4508.287
2015 09 07 03 30 00 1 4508.329
2015 09 07 03 45 00 1 4508.363
2015 09 07 04 00 00 1 4508.393
2015 09 07 04 15 00 1 4508.417
2015 09 07 04 30 00 1 4508.437
2015 09 07 04 45 00 1 4508.444
2015 09 07 05 00 00 1 4508.448
2015 09 07 05 15 00 1 4508.443
2015 09 07 05 30 00 1 4508.431
2015 09 07 05 45 00 1 4508.413
2015 09 07 06 00 00 1 4508.387
2015 09 07 06 15 00 1 4508.357
2015 09 07 06 30 00 1 4508.315
2015 09 07 06 45 00 1 4508.267
2015 09 07 07 00 00 1 4508.213
2015 09 07 07 15 00 1 4508.153
2015 09 07 07 30 00 1 4508.087
2015 09 07 07 45 00 1 4508.016
2015 09 07 08 00 00 1 4507.942
2015 09 07 08 15 00 1 4507.865
2015 09 07 08 30 00 1 4507.780
2015 09 07 08 45 00 1 4507.696
2015 09 07 09 00 00 1 4507.611
2015 09 07 09 15 00 1 4507.528
2015 09 07 09 30 00 1 4507.447
2015 09 07 09 45 00 1 4507.369
2015 09 07 10 00 00 1 4507.294
2015 09 07 10 15 00 1 4507.224
2015 09 07 10 30 00 1 4507.159
2015 09 07 10 45 00 1 4507.099
2015 09 07 11 00 00 1 4507.044
2015 09 07 11 15 00 1 4506.998
2015 09 07 11 30 00 1 4506.956
2015 09 07 11 45 00 1 4506.924
2015 09 07 12 00 00 1 4506.899
2015 09 07 12 15 00 1 4506.883
2015 09 07 12 30 00 1 4506.877
2015 09 07 12 45 00 1 4506.878
2015 09 07 13 00 00 1 4506.889
2015 09 07 13 15 00 1 4506.907
2015 09 07 13 30 00 1 4506.932
2015 09 07 13 45 00 1 4506.967
2015 09 07 14 00 00 1 4507.008
2015 09 07 14 15 00 1 4507.054
2015 09 07 14 30 00 1 4507.107
2015 09 07 14 45 00 1 4507.161
2015 09 07 15 00 00 1 4507.223
2015 09 07 15 15 00 1 4507.285
2015 09 07 15 30 00 1 4507.353
2015 09 07 15 45 00 1 4507.421
2015 09 07 16 00 00 1 4507.488
2015 09 07 16 15 00 1 4507.556
2015 09 07 16 30 00 1 4507.623
2015 09 07 16 45 00 1 4507.688
2015 09 07 17 00 00 1 4507.745
2015 09 07 17 15 00 1 4507.802
2015 09 07 17 30 00 1 4507.854
2015 09 07 17 45 00 1 4507.898
2015 09 07 18 00 00 1 4507.938
2015 09 07 18 15 00 1 4507.972
2015 09 07 18 30 00 1 4508.001
2015 09 07 18 45 00 1 4508.023
2015 09 07 19 00 00 1 4508.046
2015 09 07 19 15 00 1 4508.058
2015 09 07 19 30 00 1 4508.062
2015 09 07 19 45 00 1 4508.059
2015 09 07 20 00 00 1 4508.049
2015 09 07 20 15 00 1 4508.036
2015 09 07 20 30 00 1 4508.018
2015 09 07 20 45 00 1 4507.994
2015 09 07 21 00 00 1 4507.970
2015 09 07 21 15 00 1 4507.941
2015 09 07 21 30 00 1 4507.912
2015 09 07 21 45 00 1 4507.880
2015 09 07 22 00 00 1 4507.850
2015 09 07 22 15 00 1 4507.816
2015 09 07 22 30 00 1 4507.784
2015 09 07 22 45 00 1 4507.752
2015 09 07 23 00 00 1 4507.726
2015 09 07 23 15 00 1 4507.703
2015 09 07 23 30 00 1 4507.685
2015 09 07 23 45 00 1 4507.669
2015 09 08 00 00 00 1 4507.659
2015 09 08 00 15 00 1 4507.654
2015 09 08 00 30 00 1 4507.653
2015 09 08 00 45 00 1 4507.660
2015 09 08 01 00 00 1 4507.672
2015 09 08 01 15 00 1 4507.689
2015 09 08 01 30 00 1 4507.712
2015 09 08 01 45 00 1 4507.740
2015 09 08 02 00 00 1 4507.772
2015 09 08 02 15 00 1 4507.810
2015 09 08 02 30 00 1 4507.851
2015 09 08 02 45 00 1 4507.897
2015 09 08 03 00 00 1 4507.945
2015 09 08 03 15 00 1 4507.995
2015 09 08 03 30 00 1 4508.047
2015 09 08 03 45 00 1 4508.097
2015 09 08 04 00 00 1 4508.151
2015 09 08 04 15 00 1 4508.202
2015 09 08 04 30 00 1 4508.251
2015 09 08 04 45 00 1 4508.291
2015 09 08 05 00 00 1 4508.328
2015 09 08 05 15 00 1 4508.364
2015 09 08 05 30 00 1 4508.391
2015 09 08 05 45 00 1 4508.412
2015 09 08 06 00 00 1 4508.425
2015 09 08 06 15 00 1 4508.431
2015 09 08 06 30 00 1 4508.430
2015 09 08 06 45 00 1 4508.422
2015 09 08 07 00 00 1 4508.404
2015 09 08 07 15 00 1 4508.379
2015 09 08 07 30 00 1 4508.346
2015 09 08 07 45 00 1 4508.305
2015 09 08 08 00 00 1 4508.254
2015 09 08 08 15 00 1 4508.195
2015 09 08 08 30 00 1 4508.132
2015 09 08 08 45 00 1 4508.058
2015 09 08 09 00 00 1 4507.984
2015 09 08 09 15 00 1 4507.901
2015 09 08 09 30 00 1 4507.819
2015 09 08 09 45 00 1 4507.732
2015 09 08 10 00 00 1 4507.644
2015 09 08 10 15 00 1 4507.558
2015 09 08 10 30 00 1 4507.469
2015 09 08 10 45 00 1 4507.384
2015 09 08 11 00 00 1 4507.302
2015 09 08 11 15 00 1 4507.225
2015 09 08 11 30 00 1 4507.148
2015 09 08 11 45 00 1 4507.079
2015 09 08 12 00 00 1 4507.013
2015 09 08 12 15 00 1 4506.960
2015 09 08 12 30 00 1 4506.914
2015 09 08 12 45 00 1 4506.875
2015 09 08 13 00 00 1 4506.849
2015 09 08 13 15 00 1 4506.829
2015 09 08 13 30 00 1 4506.819
2015 09 08 13 45 00 1 4506.819
2015 09 08 14 00 00 1 4506.828
2015 09 08 14 15 00 1 4506.848
2015 09 08 14 30 00 1 4506.873
2015 09 08 14 45 00 1 4506.909
2015 09 08 15 00 00 1 4506.951
2015 09 08 15 15 00 1 4506.999
2015 09 08 15 30 00 1 4507.058
2015 09 08 15 45 00 1 4507.122
2015 09 08 16 00 00 1 4507.191
2015 09 08 16 15 00 1 4507.265
2015 09 08 16 30 00 1 4507.338
2015 09 08 16 45 00 1 4507.415
2015 09 08 17 00 00 1 4507.491
2015 09 08 17 15 00 1 4507.569
2015 09 08 17 30 00 1 4507.645
2015 09 08 17 45 00 1 4507.718
2015 09 08 18 00 00 1 4507.786
2015 09 08 18 15 00 1 4507.849
2015 09 08 18 30 00 1 4507.906
2015 09 08 18 45 00 1 4507.961
2015 09 08 19 00 00 1 4508.010
2015 09 08 19 15 00 1 4508.050
2015 09 08 19 30 00 1 4508.083
2015 09 08 19 45 00 1 4508.110
2015 09 08 20 00 00 1 4508.130
2015 09 08 20 15 00 1 4508.138
2015 09 08 20 30 00 1 4508.140
2015 09 08 20 45 00 1 4508.134
2015 09 08 21 00 00 1 4508.121
2015 09 08 21 15 00 1 4508.102
2015 09 08 21 30 00 1 4508.075
2015 09 08 21 45 00 1 4508.046
2015 09 08 22 00 00 1 4508.009
2015 09 08 22 15 00 1 4507.967
2015 09 08 22 30 00 1 4507.924
2015 09 08 22 45 00 1 4507.879
2015 09 08 23 00 00 1 4507.837
2015 09 08 23 15 00 1 4507.792
2015 09 08 23 30 00 1 4507.749
2015 09 08 23 45 00 1 4507.711
2015 09 09 00 00 00 1 4507.671
2015 09 09 00 15 00 1 4507.634
2015 09 09 00 30 00 1 4507.607
2015 09 09 00 45 00 1 4507.581
2015 09 09 01 00 00 1 4507.564
2015 09 09 01 15 00 1 4507.553
2015 09 09 01 30 00 1 4507.545
2015 09 09 01 45 00 1 4507.549
2015 09 09 02 00 00 1 4507.557
2015 09 09 02 15 00 1 4507.573
2015 09 09 02 30 00 1 4507.598
2015 09 09 02 45 00 1 4507.629
2015 09 09 03 00 00 1 4507.666
2015 09 09 03 15 00 1 4507.709
2015 09 09 03 30 00 1 4507.757
2015 09 09 03 45 00 1 4507.809
2015 09 09 04 00 00 1 4507.865
2015 09 09 04 15 00 1 4507.923
2015 09 09 04 30 00 1 4507.983
2015 09 09 04 45 00 1 4508.044
2015 09 09 05 00 00 1 4508.105
2015 09 09 05 15 00 1 4508.163
2015 09 09 05 30 00 1 4508.219
2015 09 09 05 45 00 1 4508.269
2015 09 09 06 00 00 1 4508.318
2015 09 09 06 15 00 1 4508.359
2015 09 09 06 30 00 1 4508.394
2015 09 09 06 45 00 1 4508.422
2015 09 09 07 00 00 1 4508.444
2015 09 09 07 15 00 1 4508.456
2015 09 09 07 30 00 1 4508.461
2015 09 09 07 45 00 1 4508.456
2015 09 09 08 00 00 1 4508.440
2015 09 09 08 15 00 1 4508.417
2015 09 09 08 30 00 1 4508.381
2015 09 09 08 45 00 1 4508.334
2015 09 09 09 00 00 1 4508.280
2015 09 09 09 15 00 1 4508.218
2015 09 09 09 30 00 1 4508.150
2015 09 09 09 45 00 1 4508.072
2015 09 09 10 00 00 1 4507.990
2015 09 09 10 15 00 1 4507.899
2015 09 09 10 30 00 1 4507.807
2015 09 09 10 45 00 1 4507.713
2015 09 09 11 00 00 1 4507.614
2015 09 09 11 15 00 1 4507.515
2015 09 09 11 30 00 1 4507.419
2015 09 09 11 45 00 1 4507.323
2015 09 09 12 00 00 1 4507.233
2015 09 09 12 15 00 1 4507.150
2015 09 09 12 30 00 1 4507.069
2015 09 09 12 45 00 1 4506.997
2015 09 09 13 00 00 1 4506.932
2015 09 09 13 15 00 1 4506.875
2015 09 09 13 30 00 1 4506.831
2015 09 09 13 45 00 1 4506.793
2015 09 09 14 00 00 1 4506.770
2015 09 09 14 15 00 1 4506.758
2015 09 09 14 30 00 1 4506.752
2015 09 09 14 45 00 1 4506.756
2015 09 09 15 00 00 1 4506.772
2015 09 09 15 15 00 1 4506.800
2015 09 09 15 30 00 1 4506.838
2015 09 09 15 45 00 1 4506.885
2015 09 09 16 00 00 1 4506.943
2015 09 09 16 15 00 1 4507.006
2015 09 09 16 30 00 1 4507.075
2015 09 09 16 45 00 1 4507.155
2015 09 09 17 00 00 1 4507.236
2015 09 09 17 15 00 1 4507.323
2015 09 09 17 30 00 1 4507.409
2015 09 09 17 45 00 1 4507.497
2015 09 09 18 00 00 1 4507.584
2015 09 09 18 15 00 1 4507.669
2015 09 09 18 30 00 1 4507.753
2015 09 09 18 45 00 1 4507.834
2015 09 09 19 00 00 1 4507.908
2015 09 09 19 15 00 1 4507.977
2015 09 09 19 30 00 1 4508.037
2015 09 09 19 45 00 1 4508.090
2015 09 09 20 00 00 1 4508.137
2015 09 09 20 15 00 1 4508.173
2015 09 09 20 30 00 1 4508.201
2015 09 09 20 45 00 1 4508.219
2015 09 09 21 00 00 1 4508.229
2015 09 09 21 00 00 2 4508.229
2015 09 09 21 01 00 2 4508.228
2015 09 09 21 02 00 2 4508.228
2015 09 09 21 03 00 2 4508.229
2015 09 09 21 04 00 2 4508.228
2015 09 09 21 05 00 2 4508.230
2015 09 09 21 06 00 2 4508.230
2015 09 09 21 07 00 2 4508.230
2015 09 09 21 08 00 2 4508.229
2015 09 09 21 09 00 2 4508.229
2015 09 09 21 10 00 2 4508.228
2015 09 09 21 11 00 2 4508.228
2015 09 09 21 12 00 2 4508.228
2015 09 09 21 13 00 2 4508.228
2015 09 09 21 14 00 2 4508.228
2015 09 09 21 15 00 1 4508.226
2015 09 09 21 15 00 2 4508.227
2015 09 09 21 16 00 2 4508.226
2015 09 09 21 17 00 2 4508.226
2015 09 09 21 18 00 2 4508.226
2015 09 09 21 19 00 2 4508.225
2015 09 09 21 20 00 2 4508.225
2015 09 09 21 21 00 2 4508.224
2015 09 09 21 22 00 2 4508.223
2015 09 09 21 23 00 2 4508.222
2015 09 09 21 24 00 2 4508.222
2015 09 09 21 25 00 2 4508.221
2015 09 09 21 26 00 2 4508.220
2015 09 09 21 27 00 2 4508.220
2015 09 09 21 28 00 2 4508.219
2015 09 09 21 29 00 2 4508.218
2015 09 09 21 30 00 1 4508.217
2015 09 09 21 30 00 2 4508.217
2015 09 09 21 31 00 2 4508.215
2015 09 09 21 32 00 2 4508.214
2015 09 09 21 33 00 2 4508.214
2015 09 09 21 34 00 2 4508.212
2015 09 09 21 35 00 2 4508.210
2015 09 09 21 36 00 2 4508.209
2015 09 09 21 37 00 2 4508.209
2015 09 09 21 38 00 2 4508.207
2015 09 09 21 39 00 2 4508.207
2015 09 09 21 40 00 2 4508.205
2015 09 09 21 41 00 2 4508.204
2015 09 09 21 42 00 2 4508.203
2015 09 09 21 43 00 2 4508.202
2015 09 09 21 44 00 2 4508.200
2015 09 09 21 45 00 1 4508.198
2015 09 09 21 45 00 2 4508.198
2015 09 09 21 46 00 2 4508.197
2015 09 09 21 47 00 2 4508.194
2015 09 09 21 48 00 2 4508.193
2015 09 09 21 49 00 2 4508.191
2015 09 09 21 50 00 2 4508.189
2015 09 09 21 51 00 2 4508.188
2015 09 09 21 52 00 2 4508.185
2015 09 09 21 53 00 2 4508.184
2015 09 09 21 54 00 2 4508.181
2015 09 09 21 55 00 2 4508.180
2015 09 09 21 56 00 2 4508.177
2015 09 09 21 57 00 2 4508.174
2015 09 09 21 58 00 2 4508.173
2015 09 09 21 59 00 2 4508.172
2015 09 09 22 00 00 1 4508.170
2015 09 09 22 00 00 2 4508.169
2015 09 09 22 01 00 2 4508.166
2015 09 09 22 01 30 3 4508.166
2015 09 09 22 01 45 3 4508.166
2015 09 09 22 02 00 2 4508.166
2015 09 09 22 02 00 3 4508.166
2015 09 09 22 02 15 3 4508.166
2015 09 09 22 02 30 3 4508.166
2015 09 09 22 02 45 3 4508.165
2015 09 09 22 03 00 2 4508.163
2015 09 09 22 03 00 3 4508.164
2015 09 09 22 03 15 3 4508.163
2015 09 09 22 03 30 3 4508.163
2015 09 09 22 03 45 3 4508.162
2015 09 09 22 04 00 2 4508.161
2015 09 09 22 04 00 3 4508.161
2015 09 09 22 04 15 3 4508.161
2015 09 09 22 04 30 3 4508.160
2015 09 09 22 04 45 3 4508.160
2015 09 09 22 05 00 2 4508.158
2015 09 09 22 05 00 3 4508.160
2015 09 09 22 05 15 3 4508.159
2015 09 09 22 06 00 2 4508.157
2015 09 09 22 07 00 2 4508.155
2015 09 09 22 07 15 3 4508.156
2015 09 09 22 07 30 3 4508.155
2015 09 09 22 07 45 3 4508.154
2015 09 09 22 08 00 2 4508.152
2015 09 09 22 08 00 3 4508.152
2015 09 09 22 08 15 3 4508.151
2015 09 09 22 08 30 3 4508.151
2015 09 09 22 08 45 3 4508.152
2015 09 09 22 09 00 2 4508.150
2015 09 09 22 09 00 3 4508.151
2015 09 09 22 09 15 3 4508.150
2015 09 09 22 09 30 3 4508.150
2015 09 09 22 09 45 3 4508.149
2015 09 09 22 10 00 2 4508.148
2015 09 09 22 10 00 3 4508.148
2015 09 09 22 10 15 3 4508.148
2015 09 09 22 10 30 3 4508.147
2015 09 09 22 10 45 3 4508.147
2015 09 09 22 11 00 2 4508.146
2015 09 09 22 11 00 3 4508.146
2015 09 09 22 12 00 2 4508.143
2015 09 09 22 13 00 2 4508.139
2015 09 09 22 14 00 2 4508.137
2015 09 09 22 15 00 1 9999.000
2015 09 09 22 15 00 2 4508.135
2015 09 09 22 16 00 2 4508.132
2015 09 09 22 17 00 2 4508.129
2015 09 09 22 18 00 2 4508.126
2015 09 09 22 19 00 2 4508.123
2015 09 09 22 20 00 2 4508.120
2015 09 09 22 21 00 2 4508.118
2015 09 09 22 22 00 2 4508.115
2015 09 09 22 23 00 2 4508.113
2015 09 09 22 24 00 2 4508.110
2015 09 09 22 25 00 2 4508.107
2015 09 09 22 26 00 2 4508.105
2015 09 09 22 27 00 2 4508.102
2015 09 09 22 28 00 2 4508.099
2015 09 09 22 29 00 2 4508.095
2015 09 09 22 30 00 1 9999.000
2015 09 09 22 30 00 2 4508.092
2015 09 09 22 31 00 2 4508.090
2015 09 09 22 32 00 2 4508.087
2015 09 09 22 33 00 2 4508.083
2015 09 09 22 34 00 2 4508.080
2015 09 09 22 35 00 2 4508.077
2015 09 09 22 36 00 2 4508.075
2015 09 09 22 37 00 2 4508.071
2015 09 09 22 38 00 2 4508.069
2015 09 09 22 39 00 2 4508.066
2015 09 09 22 40 00 2 4508.062
2015 09 09 22 41 00 2 4508.059
2015 09 09 22 42 00 2 4508.055
2015 09 09 22 43 00 2 4508.052
2015 09 09 22 44 00 2 4508.049
2015 09 09 22 45 00 1 9999.000
2015 09 09 22 45 00 2 4508.046
2015 09 09 22 46 00 2 4508.043
2015 09 09 22 47 00 2 4508.040
2015 09 09 22 48 00 2 4508.036
2015 09 09 22 49 00 2 4508.032
2015 09 09 22 50 00 2 4508.029
2015 09 09 22 51 00 2 4508.024
2015 09 09 22 52 00 2 4508.021
2015 09 09 22 53 00 2 4508.017
2015 09 09 22 54 00 2 4508.014
2015 09 09 22 55 00 2 4508.011
2015 09 09 22 56 00 2 4508.007
2015 09 09 22 57 00 2 4508.004
2015 09 09 22 58 00 2 4508.000
2015 09 09 22 59 00 2 4507.997
2015 09 09 23 00 00 1 9999.000
2015 09 09 23 00 00 2 4507.994
2015 09 09 23 01 00 2 4507.991
2015 09 09 23 02 00 2 4507.988
2015 09 09 23 03 00 2 4507.984
2015 09 09 23 04 00 2 4507.981
2015 09 09 23 05 00 2 4507.977
2015 09 09 23 06 00 2 4507.973
2015 09 09 23 07 00 2 4507.969
2015 09 09 23 08 00 2 4507.965
2015 09 09 23 09 00 2 4507.961
2015 09 09 23 10 00 2 4507.958
2015 09 09 23 11 00 2 4507.955
2015 09 09 23 12 00 2 4507.951
2015 09 09 23 13 00 2 4507.948
2015 09 09 23 14 00 2 4507.945
2015 09 09 23 15 00 1 9999.000
2015 09 09 23 15 00 2 4507.941
2015 09 09 23 16 00 2 4507.937
2015 09 09 23 17 00 2 4507.933
2015 09 09 23 18 00 2 4507.929
2015 09 09 23 19 00 2 4507.925
2015 09 09 23 20 00 2 4507.921
2015 09 09 23 21 00 2 4507.917
2015 09 09 23 22 00 2 4507.914
2015 09 09 23 23 00 2 4507.910
2015 09 09 23 24 00 2 4507.907
2015 09 09 23 25 00 2 4507.903
2015 09 09 23 26 00 2 4507.899
2015 09 09 23 27 00 2 4507.896
2015 09 09 23 28 00 2 4507.891
2015 09 09 23 29 00 2 4507.888
2015 09 09 23 30 00 1 9999.000
2015 09 09 23 30 00 2 4507.884
2015 09 09 23 31 00 2 4507.881
2015 09 09 23 32 00 2 4507.876
2015 09 09 23 33 00 2 4507.872
2015 09 09 23 34 00 2 4507.868
2015 09 09 23 35 00 2 4507.864
2015 09 09 23 36 00 2 4507.861
2015 09 09 23 37 00 2 4507.856
2015 09 09 23 38 00 2 4507.853
2015 09 09 23 39 00 2 4507.850
2015 09 09 23 40 00 2 4507.845
2015 09 09 23 41 00 2 4507.840
2015 09 09 23 42 00 2 4507.838
2015 09 09 23 43 00 2 4507.834
2015 09 09 23 44 00 2 4507.830
2015 09 09 23 45 00 1 9999.000
2015 09 09 23 45 00 2 4507.826
2015 09 09 23 46 00 2 4507.822
2015 09 09 23 47 00 2 4507.818
2015 09 09 23 48 00 2 4507.814
2015 09 09 23 49 00 2 4507.809
2015 09 09 23 50 00 2 4507.806
2015 09 09 23 51 00 2 4507.801
2015 09 09 23 52 00 2 4507.797
2015 09 09 23 53 00 2 4507.793
2015 09 09 23 54 00 2 4507.789
2015 09 09 23 55 00 2 4507.785
2015 09 09 23 56 00 2 4507.782
2015 09 09 23 57 00 2 4507.777
2015 09 09 23 58 00 2 4507.773
2015 09 09 23 59 00 2 4507.769
2015 09 10 00 00 00 1 9999.000
2015 09 10 00 00 00 2 4507.765
2015 09 10 00 01 00 2 4507.761
2015 09 10 00 02 00 2 4507.758
2015 09 10 00 03 00 2 4507.755
2015 09 10 00 04 00 2 4507.751
2015 09 10 00 05 00 2 4507.747
2015 09 10 00 06 00 2 4507.743
2015 09 10 00 07 00 2 4507.740
2015 09 10 00 08 00 2 4507.737
2015 09 10 00 09 00 2 4507.733
2015 09 10 00 10 00 2 4507.728
2015 09 10 00 11 00 2 4507.726
2015 09 10 00 12 00 2 4507.721
2015 09 10 00 13 00 2 4507.717
2015 09 10 00 14 00 2 4507.715
2015 09 10 00 15 00 1 9999.000
2015 09 10 00 15 00 2 4507.710
2015 09 10 00 16 00 2 4507.706
2015 09 10 00 17 00 2 4507.703
2015 09 10 00 18 00 2 4507.699
2015 09 10 00 19 00 2 4507.695
2015 09 10 00 20 00 2 4507.692
2015 09 10 00 21 00 2 4507.688
2015 09 10 00 22 00 2 4507.685
2015 09 10 00 23 00 2 4507.681
2015 09 10 00 24 00 2 4507.676
2015 09 10 00 25 00 2 4507.673
2015 09 10 00 26 00 2 4507.669
2015 09 10 00 27 00 2 4507.667
2015 09 10 00 28 00 2 4507.662
2015 09 10 00 29 00 2 4507.660
2015 09 10 00 30 00 1 9999.000
2015 09 10 00 30 00 2 4507.656
2015 09 10 00 31 00 2 4507.652
2015 09 10 00 32 00 2 4507.649
2015 09 10 00 33 00 2 4507.646
2015 09 10 00 34 00 2 4507.641
2015 09 10 00 35 00 2 4507.637
2015 09 10 00 36 00 2 4507.633
2015 09 10 00 37 00 2 4507.629
2015 09 10 00 38 00 2 4507.626
2015 09 10 00 39 00 2 4507.623
2015 09 10 00 40 00 2 4507.620
2015 09 10 00 41 00 2 4507.616
2015 09 10 00 42 00 2 4507.612
2015 09 10 00 43 00 2 4507.609
2015 09 10 00 44 00 2 4507.605
2015 09 10 00 45 00 1 9999.000
2015 09 10 00 45 00 2 4507.601
2015 09 10 00 46 00 2 4507.598
2015 09 10 00 47 00 2 4507.596
2015 09 10 00 48 00 2 4507.592
2015 09 10 00 49 00 2 4507.590
2015 09 10 00 50 00 2 4507.587
2015 09 10 00 51 00 2 4507.584
2015 09 10 00 52 00 2 4507.579
2015 09 10 00 53 00 2 4507.577
2015 09 10 00 54 00 2 4507.574
2015 09 10 00 55 00 2 4507.570
2015 09 10 00 56 00 2 4507.567
2015 09 10 00 57 00 2 4507.565
2015 09 10 00 58 00 2 4507.561
2015 09 10 00 59 00 2 4507.558
2015 09 10 01 00 00 1 9999.000
2015 09 10 01 00 00 2 4507.554
2015 09 10 01 01 00 2 4507.551
2015 09 10 01 02 00 2 4507.548
2015 09 10 01 03 00 2 4507.545
2015 09 10 01 04 00 2 4507.542
2015 09 10 01 05 00 2 4507.538
2015 09 10 01 06 00 2 4507.537
2015 09 10 01 07 00 2 4507.533
2015 09 10 01 08 00 2 4507.531
2015 09 10 01 09 00 2 4507.528
2015 09 10 01 10 00 2 4507.525
2015 09 10 01 15 00 1 4507.513
2015 09 10 01 30 00 1 4507.476
2015 09 10 01 45 00 1 4507.448
2015 09 10 02 00 00 1 4507.426
2015 09 10 02 15 00 1 4507.417
2015 09 10 02 30 00 1 4507.413
2015 09 10 02 45 00 1 4507.419
2015 09 10 03 00 00 1 4507.435
2015 09 10 03 15 00 1 4507.458
2015 09 10 03 30 00 1 4507.493
2015 09 10 03 45 00 1 4507.533
2015 09 10 04 00 00 1 4507.582
2015 09 10 04 15 00 1 4507.634
2015 09 10 04 30 00 1 4507.695
2015 09 10 04 45 00 1 4507.756
2015 09 10 05 00 00 1 4507.826
2015 09 10 05 15 00 1 4507.896
2015 09 10 05 30 00 1 4507.970
2015 09 10 05 45 00 1 4508.042
2015 09 10 06 00 00 1 4508.113
2015 09 10 06 15 00 1 4508.182
2015 09 10 06 30 00 1 4508.245
2015 09 10 06 45 00 1 4508.304
2015 09 10 07 00 00 1 4508.359
2015 09 10 07 15 00 1 4508.406
2015 09 10 07 30 00 1 4508.444
2015 09 10 07 45 00 1 4508.474
2015 09 10 08 00 00 1 4508.497
2015 09 10 08 15 00 1 4508.506
2015 09 10 08 30 00 1 4508.509
2015 09 10 08 45 00 1 4508.498
2015 09 10 09 00 00 1 4508.474
2015 09 10 09 15 00 1 4508.442
2015 09 10 09 30 00 1 4508.396
2015 09 10 09 45 00 1 4508.342
2015 09 10 10 00 00 1 4508.276
2015 09 10 10 15 00 1 4508.204
2015 09 10 10 30 00 1 4508.122
2015 09 10 10 45 00 1 4508.033
2015 09 10 11 00 00 1 4507.939
2015 09 10 11 15 00 1 4507.838
2015 09 10 11 30 00 1 4507.737
2015 09 10 11 45 00 1 4507.631
2015 09 10 12 00 00 1 4507.529
2015 09 10 12 15 00 1 4507.423
2015 09 10 12 30 00 1 4507.323
2015 09 10 12 45 00 1 4507.227
2015 09 10 13 00 00 1 4507.135
2015 09 10 13 15 00 1 4507.051
2015 09 10 13 30 00 1 4506.974
2015 09 10 13 45 00 1 4506.906
2015 09 10 14 00 00 1 4506.852
2015 09 10 14 15 00 1 4506.802
2015 09 10 14 30 00 1 4506.767
2015 09 10 14 45 00 1 4506.742
2015 09 10 15 00 00 1 4506.728
2015 09 10 15 15 00 1 4506.726
2015 09 10 15 30 00 1 4506.736
2015 09 10 15 45 00 1 4506.756
2015 09 10 16 00 00 1 4506.792
2015 09 10 16 15 00 1 4506.838
2015 09 10 16 30 00 1 4506.890
2015 09 10 16 45 00 1 4506.956
2015 09 10 17 00 00 1 4507.033
2015 09 10 17 15 00 1 4507.114
2015 09 10 17 30 00 1 4507.199
2015 09 10 17 45 00 1 4507.289
2015 09 10 18 00 00 1 4507.381
2015 09 10 18 15 00 1 4507.474
2015 09 10 18 30 00 1 4507.570
2015 09 10 18 45 00 1 4507.663
2015 09 10 19 00 00 1 4507.755
2015 09 10 19 15 00 1 4507.845
2015 09 10 19 30 00 1 4507.931
2015 09 10 19 45 00 1 4508.010
2015 09 10 20 00 00 1 4508.084
2015 09 10 20 15 00 1 4508.144
2015 09 10 20 30 00 1 4508.199
2015 09 10 20 45 00 1 4508.242
2015 09 10 21 00 00 1 4508.273
2015 09 10 21 15 00 1 4508.294
2015 09 10 21 30 00 1 4508.306
2015 09 10 21 45 00 1 4508.305
2015 09 10 22 00 00 1 4508.294
2015 09 10 22 15 00 1 4508.272
2015 09 10 22 30 00 1 4508.243
2015 09 10 22 45 00 1 4508.206
2015 09 10 23 00 00 1 4508.157
2015 09 10 23 15 00 1 4508.102
2015 09 10 23 30 00 1 4508.043
2015 09 10 23 45 00 1 4507.982
2015 09 11 00 00 00 1 4507.914
2015 09 11 00 15 00 1 4507.842
2015 09 11 00 30 00 1 4507.771
2015 09 11 00 45 00 1 4507.699
2015 09 11 01 00 00 1 4507.631
2015 09 11 01 15 00 1 4507.565
2015 09 11 01 30 00 1 4507.506
2015 09 11 01 45 00 1 4507.451
2015 09 11 02 00 00 1 4507.402
2015 09 11 02 15 00 1 4507.361
2015 09 11 02 30 00 1 4507.331
2015 09 11 02 45 00 1 4507.311
2015 09 11 03 00 00 1 4507.300
2015 09 11 03 15 00 1 4507.299
2015 09 11 03 30 00 1 4507.308
2015 09 11 03 45 00 1 4507.328
2015 09 11 04 00 00 1 4507.358
2015 09 11 04 15 00 1 4507.392
2015 09 11 04 30 00 1 4507.439
2015 09 11 04 45 00 1 4507.493
2015 09 11 05 00 00 1 4507.553
2015 09 11 05 15 00 1 4507.620
2015 09 11 05 30 00 1 4507.695
2015 09 11 05 45 00 1 4507.774
2015 09 11 06 00 00 1 4507.853
2015 09 11 06 15 00 1 4507.936
2015 09 11 06 30 00 1 4508.018
2015 09 11 06 45 00 1 4508.101
2015 09 11 07 00 00 1 4508.179
2015 09 11 07 15 00 1 4508.252
2015 09 11 07 30 00 1 4508.323
2015 09 11 07 45 00 1 4508.383
2015 09 11 08 00 00 1 4508.433
2015 09 11 08 15 00 1 4508.477
2015 09 11 08 30 00 1 4508.505
2015 09 11 08 45 00 1 4508.527
2015 09 11 09 00 00 1 4508.539
2015 09 11 09 15 00 1 4508.538
2015 09 11 09 30 00 1 4508.524
2015 09 11 09 45 00 1 4508.500
2015 09 11 10 00 00 1 4508.462
2015 09 11 10 15 00 1 4508.414
2015 09 11 10 30 00 1 4508.356
2015 09 11 10 45 00 1 4508.287
2015 09 11 11 00 00 1 4508.206
2015 09 11 11 15 00 1 4508.118
2015 09 11 11 30 00 1 4508.020
2015 09 11 11 45 00 1 4507.920
2015 09 11 12 00 00 1 4507.815
2015 09 11 12 15 00 1 4507.707
2015 09 11 12 30 00 1 4507.598
2015 09 11 12 45 00 1 4507.491
2015 09 11 13 00 00 1 4507.383
2015 09 11 13 15 00 1 4507.282
2015 09 11 13 30 00 1 4507.184
2015 09 11 13 45 00 1 4507.091
2015 09 11 14 00 00 1 4507.008
2015 09 11 14 15 00 1 4506.933
2015 09 11 14 30 00 1 4506.866
2015 09 11 14 45 00 1 4506.811
2015 09 11 15 00 00 1 4506.771
2015 09 11 15 15 00 1 4506.738
2015 09 11 15 30 00 1 4506.722
2015 09 11 15 45 00 1 4506.715
2015 09 11 16 00 00 1 4506.727
2015 09 11 16 15 00 1 4506.748
2015 09 11 16 30 00 1 4506.781
2015 09 11 16 45 00 1 4506.828
2015 09 11 17 00 00 1 4506.885
2015 09 11 17 15 00 1 4506.952
2015 09 11 17 30 00 1 4507.024
2015 09 11 17 45 00 1 4507.110
2015 09 11 18 00 00 1 4507.198
2015 09 11 18 15 00 1 4507.290
2015 09 11 18 30 00 1 4507.389
2015 09 11 18 45 00 1 4507.491
2015 09 11 19 00 00 1 4507.594
2015 09 11 19 15 00 1 4507.696
2015 09 11 19 30 00 1 4507.796
2015 09 11 19 45 00 1 4507.891
2015 09 11 20 00 00 1 4507.982
2015 09 11 20 15 00 1 4508.066
2015 09 11 20 30 00 1 4508.142
2015 09 11 20 45 00 1 4508.211
2015 09 11 21 00 00 1 4508.268
2015 09 11 21 15 00 1 4508.313
2015 09 11 21 30 00 1 4508.345
2015 09 11 21 45 00 1 4508.367
2015 09 11 22 00 00 1 4508.376
2015 09 11 22 15 00 1 4508.374
2015 09 11 22 30 00 1 4508.361
2015 09 11 22 45 00 1 4508.336
2015 09 11 23 00 00 1 4508.300
2015 09 11 23 15 00 1 4508.257
2015 09 11 23 30 00 1 4508.201
2015 09 11 23 45 00 1 4508.141
2015 09 12 00 00 00 1 4508.070
2015 09 12 00 15 00 1 4507.996
2015 09 12 00 30 00 1 4507.918
2015 09 12 00 45 00 1 4507.835
2015 09 12 01 00 00 1 4507.752
2015 09 12 01 15 00 1 4507.670
2015 09 12 01 30 00 1 4507.589
2015 09 12 01 45 00 1 4507.513
2015 09 12 02 00 00 1 4507.443
2015 09 12 02 15 00 1 4507.380
2015 09 12 02 30 00 1 4507.323
2015 09 12 02 45 00 1 4507.277
2015 09 12 03 00 00 1 4507.238
2015 09 12 03 15 00 1 4507.210
2015 09 12 03 30 00 1 4507.191
2015 09 12 03 45 00 1 4507.184
2015 09 12 04 00 00 1 4507.186
2015 09 12 04 15 00 1 4507.202
2015 09 12 04 30 00 1 4507.229
2015 09 12 04 45 00 1 4507.265
2015 09 12 05 00 00 1 4507.311
2015 09 12 05 15 00 1 4507.371
2015 09 12 05 30 00 1 4507.437
2015 09 12 05 45 00 1 4507.510
2015 09 12 06 00 00 1 4507.590
2015 09 12 06 15 00 1 4507.676
2015 09 12 06 30 00 1 4507.764
2015 09 12 06 45 00 1 4507.853
2015 09 12 07 00 00 1 4507.942
2015 09 12 07 15 00 1 4508.031
2015 09 12 07 30 00 1 4508.120
2015 09 12 07 45 00 1 4508.203
2015 09 12 08 00 00 1 4508.281
2015 09 12 08 15 00 1 4508.353
2015 09 12 08 30 00 1 4508.415
2015 09 12 08 45 00 1 4508.467
2015 09 12 09 00 00 1 4508.509
2015 09 12 09 15 00 1 4508.540
2015 09 12 09 30 00 1 4508.561
2015 09 12 09 45 00 1 4508.565
2015 09 12 10 00 00 1 4508.562
2015 09 12 10 15 00 1 4508.546
2015 09 12 10 30 00 1 4508.515
2015 09 12 10 45 00 1 4508.472
2015 09 12 11 00 00 1 4508.415
2015 09 12 11 15 00 1 4508.346
2015 09 12 11 30 00 1 4508.270
2015 09 12 11 45 00 1 4508.184
2015 09 12 12 00 00 1 4508.090
2015 09 12 12 15 00 1 4507.990
2015 09 12 12 30 00 1 4507.886
2015 09 12 12 45 00 1 4507.779
2015 09 12 13 00 00 1 4507.669
2015 09 12 13 15 00 1 4507.561
2015 09 12 13 30 00 1 4507.453
2015 09 12 13 45 00 1 4507.348
2015 09 12 14 00 00 1 4507.247
2015 09 12 14 15 00 1 4507.154
2015 09 12 14 30 00 1 4507.068
2015 09 12 14 45 00 1 4506.989
2015 09 12 15 00 00 1 4506.922
2015 09 12 15 15 00 1 4506.863
2015 09 12 15 30 00 1 4506.817
2015 09 12 15 45 00 1 4506.783
2015 09 12 16 00 00 1 4506.763
2015 09 12 16 00 00 2 4506.763
2015 09 12 16 01 00 2 4506.762
2015 09 12 16 02 00 2 4506.761
2015 09 12 16 03 00 2 4506.762
2015 09 12 16 04 00 2 4506.761
2015 09 12 16 05 00 2 4506.760
2015 09 12 16 06 00 2 4506.760
2015 09 12 16 07 00 2 4506.759
2015 09 12 16 08 00 2 4506.759
2015 09 12 16 09 00 2 4506.758
2015 09 12 16 10 00 2 4506.758
2015 09 12 16 11 00 2 4506.758
2015 09 12 16 12 00 2 4506.758
2015 09 12 16 13 00 2 4506.758
2015 09 12 16 14 00 2 4506.758
2015 09 12 16 15 00 1 4506.759
2015 09 12 16 15 00 2 4506.759
2015 09 12 16 16 00 2 4506.758
2015 09 12 16 17 00 2 4506.757
2015 09 12 16 18 00 2 4506.759
2015 09 12 16 19 00 2 4506.759
2015 09 12 16 20 00 2 4506.760
2015 09 12 16 21 00 2 4506.762
2015 09 12 16 22 00 2 4506.760
2015 09 12 16 23 00 2 4506.761
2015 09 12 16 24 00 2 4506.762
2015 09 12 16 25 00 2 4506.762
2015 09 12 16 26 00 2 4506.763
2015 09 12 16 27 00 2 4506.763
2015 09 12 16 28 00 2 4506.765
2015 09 12 16 29 00 2 4506.765
2015 09 12 16 30 00 1 4506.767
2015 09 12 16 30 00 2 4506.767
2015 09 12 16 31 00 2 4506.767
2015 09 12 16 32 00 2 4506.768
2015 09 12 16 33 00 2 4506.770
2015 09 12 16 34 00 2 4506.771
2015 09 12 16 35 00 2 4506.772
2015 09 12 16 36 00 2 4506.773
2015 09 12 16 37 00 2 4506.774
2015 09 12 16 38 00 2 4506.775
2015 09 12 16 39 00 2 4506.777
2015 09 12 16 40 00 2 4506.778
2015 09 12 16 41 00 2 4506.780
2015 09 12 16 42 00 2 4506.782
2015 09 12 16 43 00 2 4506.784
2015 09 12 16 44 00 2 4506.785
2015 09 12 16 45 00 1 4506.787
2015 09 12 16 45 00 2 4506.787
2015 09 12 16 46 00 2 4506.789
2015 09 12 16 47 00 2 4506.791
2015 09 12 16 48 00 2 4506.793
2015 09 12 16 49 00 2 4506.795
2015 09 12 16 50 00 2 4506.799
2015 09 12 16 51 00 2 4506.801
2015 09 12 16 52 00 2 4506.804
2015 09 12 16 53 00 2 4506.807
2015 09 12 16 54 00 2 4506.808
2015 09 12 16 55 00 2 4506.810
2015 09 12 16 56 00 2 4506.813
2015 09 12 16 57 00 2 4506.816
2015 09 12 16 58 00 2 4506.819
2015 09 12 16 59 00 2 4506.821
2015 09 12 17 00 00 1 4506.823
2015 09 12 17 00 00 2 4506.824
2015 09 12 17 01 00 2 4506.826
2015 09 12 17 02 00 2 4506.830
2015 09 12 17 03 00 2 4506.833
2015 09 12 17 04 00 2 4506.836
2015 09 12 17 05 00 2 4506.839
2015 09 12 17 06 00 2 4506.842
2015 09 12 17 07 00 2 4506.846
2015 09 12 17 08 00 2 4506.848
2015 09 12 17 09 00 2 4506.851
2015 09 12 17 10 00 2 4506.854
2015 09 12 17 11 00 2 4506.857
2015 09 12 17 12 00 2 4506.862
2015 09 12 17 13 00 2 4506.864
2015 09 12 17 14 00 2 4506.867
2015 09 12 17 15 00 1 9999.000
2015 09 12 17 15 00 2 4506.870
2015 09 12 17 16 00 2 4506.874
2015 09 12 17 17 00 2 4506.879
2015 09 12 17 18 00 2 4506.881
2015 09 12 17 19 00 2 4506.885
2015 09 12 17 20 00 2 4506.889
2015 09 12 17 21 00 2 4506.893
2015 09 12 17 22 00 2 4506.897
2015 09 12 17 22 45 3 4506.898
2015 09 12 17 23 00 2 4506.900
2015 09 12 17 23 00 3 4506.899
2015 09 12 17 23 15 3 4506.899
2015 09 12 17 23 30 3 4506.900
2015 09 12 17 23 45 3 4506.901
2015 09 12 17 24 00 2 4506.904
2015 09 12 17 24 00 3 4506.903
2015 09 12 17 24 15 3 4506.904
2015 09 12 17 24 30 3 4506.905
2015 09 12 17 24 45 3 4506.906
2015 09 12 17 25 00 2 4506.909
2015 09 12 17 25 00 3 4506.907
2015 09 12 17 25 15 3 4506.909
2015 09 12 17 25 30 3 4506.910
2015 09 12 17 25 45 3 4506.910
2015 09 12 17 26 00 2 4506.913
2015 09 12 17 26 00 3 4506.911
2015 09 12 17 26 15 3 4506.913
2015 09 12 17 26 30 3 4506.914
2015 09 12 17 27 00 2 4506.917
2015 09 12 17 28 00 2 4506.921
2015 09 12 17 29 00 2 4506.925
2015 09 12 17 30 00 1 9999.000
2015 09 12 17 30 00 2 4506.930
2015 09 12 17 31 00 2 4506.933
2015 09 12 17 31 15 3 4506.932
2015 09 12 17 31 30 3 4506.934
2015 09 12 17 31 45 3 4506.935
2015 09 12 17 32 00 2 4506.938
2015 09 12 17 32 00 3 4506.936
2015 09 12 17 32 15 3 4506.938
2015 09 12 17 32 30 3 4506.939
2015 09 12 17 32 45 3 4506.941
2015 09 12 17 33 00 2 4506.944
2015 09 12 17 33 00 3 4506.942
2015 09 12 17 33 15 3 4506.943
2015 09 12 17 33 30 3 4506.944
2015 09 12 17 33 45 3 4506.944
2015 09 12 17 34 00 2 4506.947
2015 09 12 17 34 00 3 4506.945
2015 09 12 17 34 15 3 4506.946
2015 09 12 17 34 30 3 4506.947
2015 09 12 17 34 45 3 4506.949
2015 09 12 17 35 00 2 4506.952
2015 09 12 17 35 00 3 4506.950
2015 09 12 17 36 00 2 4506.956
2015 09 12 17 37 00 2 4506.960
2015 09 12 17 38 00 2 4506.965
2015 09 12 17 39 00 2 4506.970
2015 09 12 17 40 00 2 4506.974
2015 09 12 17 41 00 2 4506.979
2015 09 12 17 42 00 2 4506.983
2015 09 12 17 43 00 2 4506.988
2015 09 12 17 44 00 2 4506.993
2015 09 12 17 45 00 1 9999.000
2015 09 12 17 45 00 2 4506.998
2015 09 12 17 46 00 2 4507.003
2015 09 12 17 47 00 2 4507.008
2015 09 12 17 48 00 2 4507.013
2015 09 12 17 49 00 2 4507.018
2015 09 12 17 50 00 2 4507.024
2015 09 12 17 51 00 2 4507.028
2015 09 12 17 52 00 2 4507.034
2015 09 12 17 53 00 2 4507.039
2015 09 12 17 54 00 2 4507.044
2015 09 12 17 55 00 2 4507.049
2015 09 12 17 56 00 2 4507.054
2015 09 12 17 57 00 2 4507.060
2015 09 12 17 58 00 2 4507.065
2015 09 12 17 59 00 2 4507.070
2015 09 12 18 00 00 1 9999.000
2015 09 12 18 00 00 2 4507.075
2015 09 12 18 01 00 2 4507.081
2015 09 12 18 02 00 2 4507.088
2015 09 12 18 03 00 2 4507.092
2015 09 12 18 04 00 2 4507.098
2015 09 12 18 05 00 2 4507.104
2015 09 12 18 06 00 2 4507.110
2015 09 12 18 07 00 2 4507.115
2015 09 12 18 08 00 2 4507.120
2015 09 12 18 09 00 2 4507.127
2015 09 12 18 10 00 2 4507.132
2015 09 12 18 11 00 2 4507.139
2015 09 12 18 12 00 2 4507.144
2015 09 12 18 13 00 2 4507.150
2015 09 12 18 14 00 2 4507.157
2015 09 12 18 15 00 1 9999.000
2015 09 12 18 15 00 2 4507.163
2015 09 12 18 16 00 2 4507.169
2015 09 12 18 17 00 2 4507.174
2015 09 12 18 18 00 2 4507.181
2015 09 12 18 19 00 2 4507.187
2015 09 12 18 20 00 2 4507.193
2015 09 12 18 21 00 2 4507.200
2015 09 12 18 22 00 2 4507.206
2015 09 12 18 23 00 2 4507.212
2015 09 12 18 24 00 2 4507.218
2015 09 12 18 25 00 2 4507.224
2015 09 12 18 26 00 2 4507.230
2015 09 12 18 27 00 2 4507.237
2015 09 12 18 28 00 2 4507.243
2015 09 12 18 29 00 2 4507.249
2015 09 12 18 30 00 1 9999.000
2015 09 12 18 30 00 2 4507.255
2015 09 12 18 31 00 2 4507.262
2015 09 12 18 32 00 2 4507.269
2015 09 12 18 33 00 2 4507.275
2015 09 12 18 34 00 2 4507.281
2015 09 12 18 35 00 2 4507.287
2015 09 12 18 36 00 2 4507.294
2015 09 12 18 37 00 2 4507.300
2015 09 12 18 38 00 2 4507.306
2015 09 12 18 39 00 2 4507.313
2015 09 12 18 40 00 2 4507.320
2015 09 12 18 41 00 2 4507.326
2015 09 12 18 42 00 2 4507.333
2015 09 12 18 43 00 2 4507.340
2015 09 12 18 44 00 2 4507.347
2015 09 12 18 45 00 1 9999.000
2015 09 12 18 45 00 2 4507.353
2015 09 12 18 46 00 2 4507.360
2015 09 12 18 47 00 2 4507.367
2015 09 12 18 48 00 2 4507.374
2015 09 12 18 49 00 2 4507.381
2015 09 12 18 50 00 2 4507.387
2015 09 12 18 51 00 2 4507.394
2015 09 12 18 52 00 2 4507.401
2015 09 12 18 53 00 2 4507.407
2015 09 12 18 54 00 2 4507.414
2015 09 12 18 55 00 2 4507.421
2015 09 12 18 56 00 2 4507.428
2015 09 12 18 57 00 2 4507.434
2015 09 12 18 58 00 2 4507.441
2015 09 12 18 59 00 2 4507.449
2015 09 12 19 00 00 1 9999.000
2015 09 12 19 00 00 2 4507.455
2015 09 12 19 01 00 2 4507.463
2015 09 12 19 02 00 2 4507.470
2015 09 12 19 03 00 2 4507.476
2015 09 12 19 04 00 2 4507.483
2015 09 12 19 05 00 2 4507.490
2015 09 12 19 06 00 2 4507.497
2015 09 12 19 07 00 2 4507.505
2015 09 12 19 08 00 2 4507.511
2015 09 12 19 09 00 2 4507.518
2015 09 12 19 10 00 2 4507.525
2015 09 12 19 11 00 2 4507.531
2015 09 12 19 12 00 2 4507.539
2015 09 12 19 13 00 2 4507.545
2015 09 12 19 14 00 2 4507.553
2015 09 12 19 15 00 1 9999.000
2015 09 12 19 15 00 2 4507.561
2015 09 12 19 16 00 2 4507.568
2015 09 12 19 17 00 2 4507.574
2015 09 12 19 18 00 2 4507.582
2015 09 12 19 19 00 2 4507.588
2015 09 12 19 20 00 2 4507.596
2015 09 12 19 21 00 2 4507.604
2015 09 12 19 22 00 2 4507.610
2015 09 12 19 23 00 2 4507.617
2015 09 12 19 24 00 2 4507.625
2015 09 12 19 25 00 2 4507.631
2015 09 12 19 26 00 2 4507.638
2015 09 12 19 27 00 2 4507.646
2015 09 12 19 28 00 2 4507.653
2015 09 12 19 29 00 2 4507.660
2015 09 12 19 30 00 1 9999.000
2015 09 12 19 30 00 2 4507.666
2015 09 12 19 31 00 2 4507.674
2015 09 12 19 32 00 2 4507.681
2015 09 12 19 33 00 2 4507.688
2015 09 12 19 34 00 2 4507.694
2015 09 12 19 35 00 2 4507.701
2015 09 12 19 36 00 2 4507.708
2015 09 12 19 37 00 2 4507.715
2015 09 12 19 38 00 2 4507.722
2015 09 12 19 39 00 2 4507.729
2015 09 12 19 40 00 2 4507.736
2015 09 12 19 41 00 2 4507.742
2015 09 12 19 42 00 2 4507.750
2015 09 12 19 43 00 2 4507.757
2015 09 12 19 44 00 2 4507.764
2015 09 12 19 45 00 1 9999.000
2015 09 12 19 45 00 2 4507.771
2015 09 12 19 46 00 2 4507.778
2015 09 12 19 47 00 2 4507.784
2015 09 12 19 48 00 2 4507.791
2015 09 12 19 49 00 2 4507.798
2015 09 12 19 50 00 2 4507.805
2015 09 12 19 51 00 2 4507.811
2015 09 12 19 52 00 2 4507.818
2015 09 12 19 53 00 2 4507.824
2015 09 12 19 54 00 2 4507.830
2015 09 12 19 55 00 2 4507.837
2015 09 12 19 56 00 2 4507.844
2015 09 12 19 57 00 2 4507.852
2015 09 12 19 58 00 2 4507.858
2015 09 12 19 59 00 2 4507.865
2015 09 12 20 00 00 1 9999.000
2015 09 12 20 00 00 2 4507.872
2015 09 12 20 01 00 2 4507.878
2015 09 12 20 02 00 2 4507.885
2015 09 12 20 03 00 2 4507.892
2015 09 12 20 04 00 2 4507.898
2015 09 12 20 05 00 2 4507.904
2015 09 12 20 06 00 2 4507.911
2015 09 12 20 07 00 2 4507.917
2015 09 12 20 08 00 2 4507.923
2015 09 12 20 09 00 2 4507.931
2015 09 12 20 10 00 2 4507.937
2015 09 12 20 11 00 2 4507.943
2015 09 12 20 12 00 2 4507.950
2015 09 12 20 13 00 2 4507.956
2015 09 12 20 14 00 2 4507.963
2015 09 12 20 15 00 1 4507.966
2015 09 12 20 15 00 2 4507.969
2015 09 12 20 16 00 2 4507.976
2015 09 12 20 17 00 2 4507.982
2015 09 12 20 18 00 2 4507.989
2015 09 12 20 19 00 2 4507.995
2015 09 12 20 20 00 2 4508.001
2015 09 12 20 21 00 2 4508.007
2015 09 12 20 22 00 2 4508.014
2015 09 12 20 23 00 2 4508.019
2015 09 12 20 24 00 2 4508.025
2015 09 12 20 25 00 2 4508.031
2015 09 12 20 26 00 2 4508.037
2015 09 12 20 27 00 2 4508.043
2015 09 12 20 28 00 2 4508.049
2015 09 12 20 29 00 2 4508.055
2015 09 12 20 30 00 1 4508.058
2015 09 12 20 30 00 2 4508.060
2015 09 12 20 31 00 2 4508.066
2015 09 12 20 32 00 2 4508.072
2015 09 12 20 33 00 2 4508.078
2015 09 12 20 34 00 2 4508.083
2015 09 12 20 45 00 1 4508.141
2015 09 12 21 00 00 1 4508.217
2015 09 12 21 15 00 1 4508.286
2015 09 12 21 30 00 1 4508.342
2015 09 12 21 45 00 1 4508.386
2015 09 12 22 00 00 1 4508.419
2015 09 12 22 15 00 1 4508.438
2015 09 12 22 30 00 1 4508.445
2015 09 12 22 45 00 1 4508.438
2015 09 12 23 00 00 1 4508.421
2015 09 12 23 15 00 1 4508.390
2015 09 12 23 30 00 1 4508.347
2015 09 12 23 45 00 1 4508.293
2015 09 13 00 00 00 1 4508.231
2015 09 13 00 15 00 1 4508.161
2015 09 13 00 30 00 1 4508.082
2015 09 13 00 45 00 1 4507.999
2015 09 13 01 00 00 1 4507.914
2015 09 13 01 15 00 1 4507.823
2015 09 13 01 30 00 1 4507.734
2015 09 13 01 45 00 1 4507.646
2015 09 13 02 00 00 1 4507.559
2015 09 13 02 15 00 1 4507.476
2015 09 13 02 30 00 1 4507.396
2015 09 13 02 45 00 1 4507.325
2015 09 13 03 00 00 1 4507.259
2015 09 13 03 15 00 1 4507.206
2015 09 13 03 30 00 1 4507.160
2015 09 13 03 45 00 1 4507.126
2015 09 13 04 00 00 1 4507.103
2015 09 13 04 15 00 1 4507.093
2015 09 13 04 30 00 1 4507.095
2015 09 13 04 45 00 1 4507.108
2015 09 13 05 00 00 1 4507.134
2015 09 13 05 15 00 1 4507.171
2015 09 13 05 30 00 1 4507.218
2015 09 13 05 45 00 1 4507.275
2015 09 13 06 00 00 1 4507.343
2015 09 13 06 15 00 1 4507.419
2015 09 13 06 30 00 1 4507.502
2015 09 13 06 45 00 1 4507.589
2015 09 13 07 00 00 1 4507.682
2015 09 13 07 15 00 1 4507.774
2015 09 13 07 30 00 1 4507.874
2015 09 13 07 45 00 1 4507.971
2015 09 13 08 00 00 1 4508.064
2015 09 13 08 15 00 1 4508.154
2015 09 13 08 30 00 1 4508.236
2015 09 13 08 45 00 1 4508.313
2015 09 13 09 00 00 1 4508.379
2015 09 13 09 15 00 1 4508.438
2015 09 13 09 30 00 1 4508.486
2015 09 13 09 45 00 1 4508.526
2015 09 13 10 00 00 1 4508.551
2015 09 13 10 15 00 1 4508.564
2015 09 13 10 30 00 1 4508.563
2015 09 13 10 45 00 1 4508.549
2015 09 13 11 00 00 1 4508.521
2015 09 13 11 15 00 1 4508.482
2015 09 13 11 30 00 1 4508.430
2015 09 13 11 45 00 1 4508.367
2015 09 13 12 00 00 1 4508.294
2015 09 13 12 15 00 1 4508.213
2015 09 13 12 30 00 1 4508.125
2015 09 13 12 45 00 1 4508.029
2015 09 13 13 00 00 1 4507.927
2015 09 13 13 15 00 1 4507.821
2015 09 13 13 30 00 1 4507.713
2015 09 13 13 45 00 1 4507.606
2015 09 13 14 00 00 1 4507.499
2015 09 13 14 15 00 1 4507.393
2015 09 13 14 30 00 1 4507.293
2015 09 13 14 45 00 1 4507.199
2015 09 13 15 00 00 1 4507.111
2015 09 13 15 15 00 1 4507.033
2015 09 13 15 30 00 1 4506.968
2015 09 13 15 45 00 1 4506.912
2015 09 13 16 00 00 1 4506.868
2015 09 13 16 15 00 1 4506.839
2015 09 13 16 30 00 1 4506.823
2015 09 13 16 45 00 1 4506.823
2015 09 13 17 00 00 1 4506.833
2015 09 13 17 15 00 1 4506.856
2015 09 13 17 30 00 1 4506.887
2015 09 13 17 45 00 1 4506.934
2015 09 13 18 00 00 1 4506.991
2015 09 13 18 15 00 1 4507.061
2015 09 13 18 30 00 1 4507.139
2015 09 13 18 45 00 1 4507.226
2015 09 13 19 00 00 1 4507.319
2015 09 13 19 15 00 1 4507.421
2015 09 13 19 30 00 1 4507.524
2015 09 13 19 45 00 1 4507.632
2015 09 13 20 00 00 1 4507.739
2015 09 13 20 15 00 1 4507.846
2015 09 13 20 30 00 1 4507.948
2015 09 13 20 45 00 1 4508.045
2015 09 13 21 00 00 1 4508.137
2015 09 13 21 15 00 1 4508.219
2015 09 13 21 30 00 1 4508.294
2015 09 13 21 45 00 1 4508.354
2015 09 13 22 00 00 1 4508.406
2015 09 13 22 15 00 1 4508.448
2015 09 13 22 30 00 1 4508.479
2015 09 13 22 45 00 1 4508.494
2015 09 13 23 00 00 1 4508.498
2015 09 13 23 15 00 1 4508.487
2015 09 13 23 30 00 1 4508.461
2015 09 13 23 45 00 1 4508.425
2015 09 14 00 00 00 1 4508.381
2015 09 14 00 15 00 1 4508.326
2015 09 14 00 30 00 1 4508.257
2015 09 14 00 45 00 1 4508.181
2015 09 14 01 00 00 1 4508.095
2015 09 14 01 15 00 1 4508.004
2015 09 14 01 30 00 1 4507.908
2015 09 14 01 45 00 1 4507.810
2015 09 14 02 00 00 1 4507.711
2015 09 14 02 15 00 1 4507.615
2015 09 14 02 30 00 1 4507.520
2015 09 14 02 45 00 1 4507.431
2015 09 14 03 00 00 1 4507.347
2015 09 14 03 15 00 1 4507.272
2015 09 14 03 30 00 1 4507.201
2015 09 14 03 45 00 1 4507.141
2015 09 14 04 00 00 1 4507.093
2015 09 14 04 15 00 1 4507.053
2015 09 14 04 30 00 1 4507.025
2015 09 14 04 45 00 1 4507.010
2015 09 14 05 00 00 1 4507.006
2015 09 14 05 15 00 1 4507.020
2015 09 14 05 30 00 1 4507.042
2015 09 14 05 45 00 1 4507.080
2015 09 14 06 00 00 1 4507.124
2015 09 14 06 15 00 1 4507.179
2015 09 14 06 30 00 1 4507.247
2015 09 14 06 45 00 1 4507.322
2015 09 14 07 00 00 1 4507.406
2015 09 14 07 15 00 1 4507.494
2015 09 14 07 30 00 1 4507.585
2015 09 14 07 45 00 1 4507.683
2015 09 14 08 00 00 1 4507.783
2015 09 14 08 15 00 1 4507.881
2015 09 14 08 30 00 1 4507.976
2015 09 14 08 45 00 1 4508.070
2015 09 14 09 00 00 1 4508.159
2015 09 14 09 15 00 1 4508.241
2015 09 14 09 30 00 1 4508.314
2015 09 14 09 45 00 1 4508.381
2015 09 14 10 00 00 1 4508.432
2015 09 14 10 15 00 1 4508.472
2015 09 14 10 30 00 1 4508.503
2015 09 14 10 45 00 1 4508.520
2015 09 14 11 00 00 1 4508.521
2015 09 14 11 15 00 1 4508.513
2015 09 14 11 30 00 1 4508.489
2015 09 14 11 45 00 1 4508.453
2015 09 14 12 00 00 1 4508.405
2015 09 14 12 15 00 1 4508.344
2015 09 14 12 30 00 1 4508.274
2015 09 14 12 45 00 1 4508.198
2015 09 14 13 00 00 1 4508.111
2015 09 14 13 15 00 1 4508.021
2015 09 14 13 30 00 1 4507.921
2015 09 14 13 45 00 1 4507.818
2015 09 14 14 00 00 1 4507.717
2015 09 14 14 15 00 1 4507.612
2015 09 14 14 30 00 1 4507.509
2015 09 14 14 45 00 1 4507.410
2015 09 14 15 00 00 1 4507.317
2015 09 14 15 15 00 1 4507.226
2015 09 14 15 30 00 1 4507.145
2015 09 14 15 45 00 1 4507.074
2015 09 14 16 00 00 1 4507.014
2015 09 14 16 15 00 1 4506.964
2015 09 14 16 30 00 1 4506.929
2015 09 14 16 45 00 1 4506.902
2015 09 14 17 00 00 1 4506.889
2015 09 14 17 15 00 1 4506.891
2015 09 14 17 30 00 1 4506.900
2015 09 14 17 45 00 1 4506.928
2015 09 14 18 00 00 1 4506.964
2015 09 14 18 15 00 1 4507.014
2015 09 14 18 30 00 1 4507.073
2015 09 14 18 45 00 1 4507.143
2015 09 14 19 00 00 1 4507.222
2015 09 14 19 15 00 1 4507.310
2015 09 14 19 30 00 1 4507.404
2015 09 14 19 45 00 1 4507.505
2015 09 14 20 00 00 1 4507.609
2015 09 14 20 15 00 1 4507.716
2015 09 14 20 30 00 1 4507.820
2015 09 14 20 45 00 1 4507.922
2015 09 14 21 00 00 1 4508.022
2015 09 14 21 15 00 1 4508.117
2015 09 14 21 30 00 1 4508.205
2015 09 14 21 45 00 1 4508.280
2015 09 14 22 00 00 1 4508.351
2015 09 14 22 15 00 1 4508.409
2015 09 14 22 30 00 1 4508.460
2015 09 14 22 45 00 1 4508.493
2015 09 14 23 00 00 1 4508.517
2015 09 14 23 15 00 1 4508.528
2015 09 14 23 30 00 1 4508.526
2015 09 14 23 45 00 1 4508.511
2015 09 15 00 00 00 1 4508.482
2015 09 15 00 15 00 1 4508.439
2015 09 15 00 30 00 1 4508.387
2015 09 15 00 45 00 1 4508.323
2015 09 15 01 00 00 1 4508.250
2015 09 15 01 15 00 1 4508.169
2015 09 15 01 30 00 1 4508.082
2015 09 15 01 45 00 1 4507.986
2015 09 15 02 00 00 1 4507.887
2015 09 15 02 15 00 1 4507.786
2015 09 15 02 30 00 1 4507.686
2015 09 15 02 45 00 1 4507.587
2015 09 15 03 00 00 1 4507.490
2015 09 15 03 15 00 1 4507.398
2015 09 15 03 30 00 1 4507.310
2015 09 15 03 45 00 1 4507.230
2015 09 15 04 00 00 1 4507.155
2015 09 15 04 15 00 1 4507.095
2015 09 15 04 30 00 1 4507.038
2015 09 15 04 45 00 1 4506.995
2015 09 15 05 00 00 1 4506.967
2015 09 15 05 15 00 1 4506.948
2015 09 15 05 30 00 1 4506.944
2015 09 15 05 45 00 1 4506.952
2015 09 15 06 00 00 1 4506.973
2015 09 15 06 15 00 1 4507.006
2015 09 15 06 30 00 1 4507.051
2015 09 15 06 45 00 1 4507.106
2015 09 15 07 00 00 1 4507.172
2015 09 15 07 15 00 1 4507.245
2015 09 15 07 30 00 1 4507.326
2015 09 15 07 45 00 1 4507.414
2015 09 15 08 00 00 1 4507.507
2015 09 15 08 15 00 1 4507.603
2015 09 15 08 30 00 1 4507.702
2015 09 15 08 45 00 1 4507.800
2015 09 15 09 00 00 1 4507.898
2015 09 15 09 15 00 1 4507.990
2015 09 15 09 30 00 1 4508.078
2015 09 15 09 45 00 1 4508.158
2015 09 15 10 00 00 1 4508.234
2015 09 15 10 15 00 1 4508.300
2015 09 15 10 30 00 1 4508.356
2015 09 15 10 45 00 1 4508.400
2015 09 15 11 00 00 1 4508.430
2015 09 15 11 15 00 1 4508.450
2015 09 15 11 30 00 1 4508.455
2015 09 15 11 45 00 1 4508.449
2015 09 15 12 00 00 1 4508.429
2015 09 15 12 15 00 1 4508.400
2015 09 15 12 30 00 1 4508.358
2015 09 15 12 45 00 1 4508.306
2015 09 15 13 00 00 1 4508.245
2015 09 15 13 15 00 1 4508.175
2015 09 15 13 30 00 1 4508.099
2015 09 15 13 45 00 1 4508.014
2015 09 15 14 00 00 1 4507.923
2015 09 15 14 15 00 1 4507.827
2015 09 15 14 30 00 1 4507.729
2015 09 15 14 45 00 1 4507.633
2015 09 15 15 00 00 1 4507.535
2015 09 15 15 15 00 1 4507.446
2015 09 15 15 30 00 1 4507.357
2015 09 15 15 45 00 1 4507.276
2015 09 15 16 00 00 1 4507.202
2015 09 15 16 15 00 1 4507.136
2015 09 15 16 30 00 1 4507.081
2015 09 15 16 45 00 1 4507.038
2015 09 15 17 00 00 1 4507.004
2015 09 15 17 15 00 1 4506.982
2015 09 15 17 30 00 1 4506.973
2015 09 15 17 45 00 1 4506.977
2015 09 15 18 00 00 1 4506.991
2015 09 15 18 15 00 1 4507.018
2015 09 15 18 30 00 1 4507.058
2015 09 15 18 45 00 1 4507.110
2015 09 15 19 00 00 1 4507.171
2015 09 15 19 15 00 1 4507.244
2015 09 15 19 30 00 1 4507.325
2015 09 15 19 45 00 1 4507.410
2015 09 15 20 00 00 1 4507.500
2015 09 15 20 15 00 1 4507.597
2015 09 15 20 30 00 1 4507.693
2015 09 15 20 45 00 1 4507.796
2015 09 15 21 00 00 1 4507.895
2015 09 15 21 15 00 1 4507.992
2015 09 15 21 30 00 1 4508.087
2015 09 15 21 45 00 1 4508.175
2015 09 15 22 00 00 1 4508.255
2015 09 15 22 15 00 1 4508.331
2015 09 15 22 30 00 1 4508.396
2015 09 15 22 45 00 1 4508.448
2015 09 15 23 00 00 1 4508.491
2015 09 15 23 15 00 1 4508.520
2015 09 15 23 30 00 1 4508.538
2015 09 15 23 45 00 1 4508.543
2015 09 16 00 00 00 1 4508.533
2015 09 16 00 15 00 1 4508.512
2015 09 16 00 30 00 1 4508.478
2015 09 16 00 45 00 1 4508.433
2015 09 16 01 00 00 1 4508.377
2015 09 16 01 15 00 1 4508.310
2015 09 16 01 30 00 1 4508.229
2015 09 16 01 45 00 1 4508.144
2015 09 16 02 00 00 1 4508.052
2015 09 16 02 15 00 1 4507.953
2015 09 16 02 30 00 1 4507.851
2015 09 16 02 45 00 1 4507.748
2015 09 16 03 00 00 1 4507.645
2015 09 16 03 15 00 1 4507.542
2015 09 16 03 30 00 1 4507.442
2015 09 16 03 45 00 1 4507.348
2015 09 16 04 00 00 1 4507.260
2015 09 16 04 15 00 1 4507.179
2015 09 16 04 30 00 1 4507.106
2015 09 16 04 45 00 1 4507.038
2015 09 16 05 00 00 1 4506.983
2015 09 16 05 15 00 1 4506.939
2015 09 16 05 30 00 1 4506.904
2015 09 16 05 45 00 1 4506.884
2015 09 16 06 00 00 1 4506.878
2015 09 16 06 15 00 1 4506.882
2015 09 16 06 30 00 1 4506.900
2015 09 16 06 45 00 1 4506.931
2015 09 16 07 00 00 1 4506.969
2015 09 16 07 15 00 1 4507.021
2015 09 16 07 30 00 1 4507.083
2015 09 16 07 45 00 1 4507.151
2015 09 16 08 00 00 1 4507.231
2015 09 16 08 15 00 1 4507.316
2015 09 16 08 30 00 1 4507.407
2015 09 16 08 45 00 1 4507.503
2015 09 16 09 00 00 1 4507.599
2015 09 16 09 15 00 1 4507.695
2015 09 16 09 30 00 1 4507.791
2015 09 16 09 45 00 1 4507.881
2015 09 16 10 00 00 1 4507.968
2015 09 16 10 15 00 1 4508.048
2015 09 16 10 30 00 1 4508.120
2015 09 16 10 45 00 1 4508.185
2015 09 16 11 00 00 1 4508.241
2015 09 16 11 15 00 1 4508.282
2015 09 16 11 30 00 1 4508.317
2015 09 16 11 45 00 1 4508.339
2015 09 16 12 00 00 1 4508.348
2015 09 16 12 15 00 1 4508.349
2015 09 16 12 30 00 1 4508.335
2015 09 16 12 45 00 1 4508.312
2015 09 16 13 00 00 1 4508.276
2015 09 16 13 15 00 1 4508.231
2015 09 16 13 30 00 1 4508.176
2015 09 16 13 45 00 1 4508.113
2015 09 16 14 00 00 1 4508.043
2015 09 16 14 15 00 1 4507.966
2015 09 16 14 30 00 1 4507.884
2015 09 16 14 45 00 1 4507.802
2015 09 16 15 00 00 1 4507.716
2015 09 16 15 15 00 1 4507.632
2015 09 16 15 30 00 1 4507.546
2015 09 16 15 45 00 1 4507.466
2015 09 16 16 00 00 1 4507.390
2015 09 16 16 15 00 1 4507.323
2015 09 16 16 30 00 1 4507.259
2015 09 16 16 45 00 1 4507.204
2015 09 16 17 00 00 1 4507.159
2015 09 16 17 15 00 1 4507.121
2015 09 16 17 30 00 1 4507.093
2015 09 16 17 45 00 1 4507.075
2015 09 16 18 00 00 1 4507.067
2015 09 16 18 15 00 1 4507.070
2015 09 16 18 30 00 1 4507.087
2015 09 16 18 45 00 1 4507.114
2015 09 16 19 00 00 1 4507.155
2015 09 16 19 15 00 1 4507.205
2015 09 16 19 30 00 1 4507.266
2015 09 16 19 45 00 1 4507.334
2015 09 16 20 00 00 1 4507.412
2015 09 16 20 15 00 1 4507.493
2015 09 16 20 30 00 1 4507.582
2015 09 16 20 45 00 1 4507.673
2015 09 16 21 00 00 1 4507.762
2015 09 16 21 15 00 1 4507.856
2015 09 16 21 30 00 1 4507.950
2015 09 16 21 45 00 1 4508.041
2015 09 16 22 00 00 1 4508.132
2015 09 16 22 15 00 1 4508.214
2015 09 16 22 30 00 1 4508.291
2015 09 16 22 45 00 1 4508.358
2015 09 16 23 00 00 1 4508.414
2015 09 16 23 15 00 1 4508.463
2015 09 16 23 30 00 1 4508.495
2015 09 16 23 45 00 1 4508.525
2015 09 17 00 00 00 1 4508.539
2015 09 17 00 15 00 1 4508.536
2015 09 17 00 30 00 1 4508.524
2015 09 17 00 45 00 1 4508.498
2015 09 17 01 00 00 1 4508.461
2015 09 17 01 15 00 1 4508.411
2015 09 17 01 30 00 1 4508.354
2015 09 17 01 45 00 1 4508.283
2015 09 17 02 00 00 1 4508.206
2015 09 17 02 15 00 1 4508.119
2015 09 17 02 30 00 1 4508.029
2015 09 17 02 45 00 1 4507.932
2015 09 17 03 00 00 1 4507.833
2015 09 17 03 15 00 1 4507.733
2015 09 17 03 30 00 1 4507.633
2015 09 17 03 45 00 1 4507.533
2015 09 17 04 00 00 1 4507.437
2015 09 17 04 15 00 1 4507.339
2015 09 17 04 30 00 1 4507.250
2015 09 17 04 45 00 1 4507.168
2015 09 17 05 00 00 1 4507.091
2015 09 17 05 15 00 1 4507.026
2015 09 17 05 30 00 1 4506.969
2015 09 17 05 45 00 1 4506.924
2015 09 17 06 00 00 1 4506.889
2015 09 17 06 15 00 1 4506.865
2015 09 17 06 30 00 1 4506.851
2015 09 17 06 45 00 1 4506.851
2015 09 17 07 00 00 1 4506.864
2015 09 17 07 15 00 1 4506.887
2015 09 17 07 30 00 1 4506.922
2015 09 17 07 45 00 1 4506.967
2015 09 17 08 00 00 1 4507.022
2015 09 17 08 15 00 1 4507.085
2015 09 17 08 30 00 1 4507.157
2015 09 17 08 45 00 1 4507.235
2015 09 17 09 00 00 1 4507.318
2015 09 17 09 15 00 1 4507.404
2015 09 17 09 30 00 1 4507.493
2015 09 17 09 45 00 1 4507.582
2015 09 17 10 00 00 1 4507.670
2015 09 17 10 15 00 1 4507.755
2015 09 17 10 30 00 1 4507.838
2015 09 17 10 45 00 1 4507.915
2015 09 17 11 00 00 1 4507.986
2015 09 17 11 15 00 1 4508.050
2015 09 17 11 30 00 1 4508.103
2015 09 17 11 45 00 1 4508.148
2015 09 17 12 00 00 1 4508.184
2015 09 17 12 15 00 1 4508.210
2015 09 17 12 30 00 1 4508.224
2015 09 17 12 45 00 1 4508.229
2015 09 17 13 00 00 1 4508.221
2015 09 17 13 15 00 1 4508.204
2015 09 17 13 30 00 1 4508.180
2015 09 17 13 45 00 1 4508.145
2015 09 17 14 00 00 1 4508.100
2015 09 17 14 00 00 2 4508.099
2015 09 17 14 01 00 2 4508.097
2015 09 17 14 02 00 2 4508.094
2015 09 17 14 03 00 2 4508.091
2015 09 17 14 04 00 2 4508.087
2015 09 17 14 05 00 2 4508.084
2015 09 17 14 06 00 2 4508.082
2015 09 17 14 07 00 2 4508.078
2015 09 17 14 08 00 2 4508.075
2015 09 17 14 09 00 2 4508.071
2015 09 17 14 10 00 2 4508.068
2015 09 17 14 11 00 2 4508.064
2015 09 17 14 12 00 2 4508.061
2015 09 17 14 13 00 2 4508.057
2015 09 17 14 14 00 2 4508.054
2015 09 17 14 15 00 1 4508.052
2015 09 17 14 15 00 2 4508.051
2015 09 17 14 16 00 2 4508.047
2015 09 17 14 17 00 2 4508.043
2015 09 17 14 18 00 2 4508.040
2015 09 17 14 19 00 2 4508.037
2015 09 17 14 20 00 2 4508.032
2015 09 17 14 21 00 2 4508.029
2015 09 17 14 22 00 2 4508.026
2015 09 17 14 23 00 2 4508.021
2015 09 17 14 24 00 2 4508.018
2015 09 17 14 25 00 2 4508.014
2015 09 17 14 26 00 2 4508.010
2015 09 17 14 27 00 2 4508.006
2015 09 17 14 28 00 2 4508.002
2015 09 17 14 29 00 2 4507.998
2015 09 17 14 30 00 1 4507.995
2015 09 17 14 30 00 2 4507.994
2015 09 17 14 31 00 2 4507.989
2015 09 17 14 32 00 2 4507.984
2015 09 17 14 33 00 2 4507.981
2015 09 17 14 34 00 2 4507.977
2015 09 17 14 35 00 2 4507.972
2015 09 17 14 36 00 2 4507.969
2015 09 17 14 37 00 2 4507.965
2015 09 17 14 38 00 2 4507.961
2015 09 17 14 39 00 2 4507.957
2015 09 17 14 40 00 2 4507.953
2015 09 17 14 41 00 2 4507.948
2015 09 17 14 42 00 2 4507.944
2015 09 17 14 43 00 2 4507.939
2015 09 17 14 44 00 2 4507.935
2015 09 17 14 45 00 1 4507.932
2015 09 17 14 45 00 2 4507.930
2015 09 17 14 46 00 2 4507.926
2015 09 17 14 47 00 2 4507.922
2015 09 17 14 48 00 2 4507.917
2015 09 17 14 49 00 2 4507.912
2015 09 17 14 50 00 2 4507.908
2015 09 17 14 51 00 2 4507.904
2015 09 17 14 52 00 2 4507.898
2015 09 17 14 53 00 2 4507.895
2015 09 17 14 54 00 2 4507.890
2015 09 17 14 55 00 2 4507.886
2015 09 17 14 56 00 2 4507.882
2015 09 17 14 57 00 2 4507.877
2015 09 17 14 58 00 2 4507.872
2015 09 17 14 59 00 2 4507.867
2015 09 17 15 00 00 1 4507.865
2015 09 17 15 00 00 2 4507.862
2015 09 17 15 01 00 2 4507.858
2015 09 17 15 02 00 2 4507.854
2015 09 17 15 03 00 2 4507.849
2015 09 17 15 04 00 2 4507.844
2015 09 17 15 05 00 2 4507.839
2015 09 17 15 06 00 2 4507.834
2015 09 17 15 07 00 2 4507.829
2015 09 17 15 08 00 2 4507.824
2015 09 17 15 09 00 2 4507.818
2015 09 17 15 10 00 2 4507.814
2015 09 17 15 11 00 2 4507.809
2015 09 17 15 12 00 2 4507.804
2015 09 17 15 13 00 2 4507.800
2015 09 17 15 14 00 2 4507.794
2015 09 17 15 15 00 1 9999.000
2015 09 17 15 15 00 2 4507.790
2015 09 17 15 16 00 2 4507.785
2015 09 17 15 17 00 2 4507.780
2015 09 17 15 18 00 2 4507.775
2015 09 17 15 19 00 2 4507.770
2015 09 17 15 20 00 2 4507.765
2015 09 17 15 21 00 2 4507.761
2015 09 17 15 22 00 2 4507.756
2015 09 17 15 23 00 2 4507.751
2015 09 17 15 23 45 3 4507.750
2015 09 17 15 24 00 2 4507.747
2015 09 17 15 24 00 3 4507.749
2015 09 17 15 24 15 3 4507.748
2015 09 17 15 24 30 3 4507.747
2015 09 17 15 24 45 3 4507.745
2015 09 17 15 25 00 2 4507.742
2015 09 17 15 25 00 3 4507.744
2015 09 17 15 25 15 3 4507.742
2015 09 17 15 25 30 3 4507.741
2015 09 17 15 25 45 3 4507.740
2015 09 17 15 26 00 2 4507.737
2015 09 17 15 26 00 3 4507.739
2015 09 17 15 26 15 3 4507.738
2015 09 17 15 26 30 3 4507.737
2015 09 17 15 26 45 3 4507.736
2015 09 17 15 27 00 2 4507.733
2015 09 17 15 27 00 3 4507.734
2015 09 17 15 27 15 3 4507.734
2015 09 17 15 27 30 3 4507.732
2015 09 17 15 28 00 2 4507.727
2015 09 17 15 29 00 2 4507.722
2015 09 17 15 30 00 1 9999.000
2015 09 17 15 30 00 2 4507.718
2015 09 17 15 31 00 2 4507.713
2015 09 17 15 32 00 2 4507.708
2015 09 17 15 32 30 3 4507.707
2015 09 17 15 32 45 3 4507.706
2015 09 17 15 33 00 2 4507.704
2015 09 17 15 33 00 3 4507.706
2015 09 17 15 33 15 3 4507.704
2015 09 17 15 33 30 3 4507.703
2015 09 17 15 33 45 3 4507.702
2015 09 17 15 34 00 2 4507.698
2015 09 17 15 34 00 3 4507.700
2015 09 17 15 34 15 3 4507.699
2015 09 17 15 34 30 3 4507.698
2015 09 17 15 34 45 3 4507.697
2015 09 17 15 35 00 2 4507.694
2015 09 17 15 35 00 3 4507.696
2015 09 17 15 35 15 3 4507.694
2015 09 17 15 35 30 3 4507.693
2015 09 17 15 35 45 3 4507.691
2015 09 17 15 36 00 2 4507.688
2015 09 17 15 36 00 3 4507.690
2015 09 17 15 36 15 3 4507.689
2015 09 17 15 37 00 2 4507.683
2015 09 17 15 38 00 2 4507.678
2015 09 17 15 39 00 2 4507.674
2015 09 17 15 40 00 2 4507.668
2015 09 17 15 41 00 2 4507.663
2015 09 17 15 42 00 2 4507.658
2015 09 17 15 43 00 2 4507.653
2015 09 17 15 44 00 2 4507.648
2015 09 17 15 45 00 1 9999.000
2015 09 17 15 45 00 2 4507.643
2015 09 17 15 46 00 2 4507.639
2015 09 17 15 47 00 2 4507.633
2015 09 17 15 48 00 2 4507.628
2015 09 17 15 49 00 2 4507.623
2015 09 17 15 50 00 2 4507.618
2015 09 17 15 51 00 2 4507.613
2015 09 17 15 52 00 2 4507.608
2015 09 17 15 53 00 2 4507.603
2015 09 17 15 54 00 2 4507.598
2015 09 17 15 55 00 2 4507.592
2015 09 17 15 56 00 2 4507.587
2015 09 17 15 57 00 2 4507.582
2015 09 17 15 58 00 2 4507.577
2015 09 17 15 59 00 2 4507.572
2015 09 17 16 00 00 1 9999.000
2015 09 17 16 00 00 2 4507.568
2015 09 17 16 01 00 2 4507.563
2015 09 17 16 02 00 2 4507.559
2015 09 17 16 03 00 2 4507.556
2015 09 17 16 04 00 2 4507.553
2015 09 17 16 05 00 2 4507.550
2015 09 17 16 06 00 2 4507.548
2015 09 17 16 07 00 2 4507.546
2015 09 17 16 08 00 2 4507.544
2015 09 17 16 09 00 2 4507.544
2015 09 17 16 10 00 2 4507.542
2015 09 17 16 11 00 2 4507.540
2015 09 17 16 12 00 2 4507.537
2015 09 17 16 13 00 2 4507.533
2015 09 17 16 14 00 2 4507.528
2015 09 17 16 15 00 1 9999.000
2015 09 17 16 15 00 2 4507.521
2015 09 17 16 16 00 2 4507.514
2015 09 17 16 17 00 2 4507.505
2015 09 17 16 18 00 2 4507.495
2015 09 17 16 19 00 2 4507.486
2015 09 17 16 20 00 2 4507.478
2015 09 17 16 21 00 2 4507.471
2015 09 17 16 22 00 2 4507.465
2015 09 17 16 23 00 2 4507.459
2015 09 17 16 24 00 2 4507.456
2015 09 17 16 25 00 2 4507.452
2015 09 17 16 26 00 2 4507.448
2015 09 17 16 27 00 2 4507.443
2015 09 17 16 28 00 2 4507.439
2015 09 17 16 29 00 2 4507.435
2015 09 17 16 30 00 1 9999.000
2015 09 17 16 30 00 2 4507.430
2015 09 17 16 31 00 2 4507.427
2015 09 17 16 32 00 2 4507.423
2015 09 17 16 33 00 2 4507.419
2015 09 17 16 34 00 2 4507.416
2015 09 17 16 35 00 2 4507.412
2015 09 17 16 36 00 2 4507.409
2015 09 17 16 37 00 2 4507.405
2015 09 17 16 38 00 2 4507.401
2015 09 17 16 39 00 2 4507.396
2015 09 17 16 40 00 2 4507.393
2015 09 17 16 41 00 2 4507.390
2015 09 17 16 42 00 2 4507.386
2015 09 17 16 43 00 2 4507.384
2015 09 17 16 44 00 2 4507.383
2015 09 17 16 45 00 1 9999.000
2015 09 17 16 45 00 2 4507.383
2015 09 17 16 46 00 2 4507.383
2015 09 17 16 47 00 2 4507.382
2015 09 17 16 48 00 2 4507.379
2015 09 17 16 49 00 2 4507.374
2015 09 17 16 50 00 2 4507.368
2015 09 17 16 51 00 2 4507.360
2015 09 17 16 52 00 2 4507.352
2015 09 17 16 53 00 2 4507.345
2015 09 17 16 54 00 2 4507.340
2015 09 17 16 55 00 2 4507.337
2015 09 17 16 56 00 2 4507.334
2015 09 17 16 57 00 2 4507.331
2015 09 17 16 58 00 2 4507.327
2015 09 17 16 59 00 2 4507.325
2015 09 17 17 00 00 1 9999.000
2015 09 17 17 00 00 2 4507.322
2015 09 17 17 01 00 2 4507.320
2015 09 17 17 02 00 2 4507.319
2015 09 17 17 03 00 2 4507.317
2015 09 17 17 04 00 2 4507.314
2015 09 17 17 05 00 2 4507.311
2015 09 17 17 06 00 2 4507.306
2015 09 17 17 07 00 2 4507.301
2015 09 17 17 08 00 2 4507.297
2015 09 17 17 09 00 2 4507.291
2015 09 17 17 10 00 2 4507.286
2015 09 17 17 11 00 2 4507.281
2015 09 17 17 12 00 2 4507.279
2015 09 17 17 13 00 2 4507.278
2015 09 17 17 14 00 2 4507.280
2015 09 17 17 15 00 1 9999.000
2015 09 17 17 15 00 2 4507.280
2015 09 17 17 16 00 2 4507.279
2015 09 17 17 17 00 2 4507.276
2015 09 17 17 18 00 2 4507.272
2015 09 17 17 19 00 2 4507.269
2015 09 17 17 20 00 2 4507.267
2015 09 17 17 21 00 2 4507.264
2015 09 17 17 22 00 2 4507.259
2015 09 17 17 23 00 2 4507.252
2015 09 17 17 24 00 2 4507.246
2015 09 17 17 25 00 2 4507.241
2015 09 17 17 26 00 2 4507.241
2015 09 17 17 27 00 2 4507.240
2015 09 17 17 28 00 2 4507.239
2015 09 17 17 29 00 2 4507.239
2015 09 17 17 30 00 1 9999.000
2015 09 17 17 30 00 2 4507.237
2015 09 17 17 31 00 2 4507.235
2015 09 17 17 32 00 2 4507.233
2015 09 17 17 33 00 2 4507.230
2015 09 17 17 34 00 2 4507.224
2015 09 17 17 35 00 2 4507.216
2015 09 17 17 36 00 2 4507.211
2015 09 17 17 37 00 2 4507.210
2015 09 17 17 38 00 2 4507.212
2015 09 17 17 39 00 2 4507.216
2015 09 17 17 40 00 2 4507.216
2015 09 17 17 41 00 2 4507.214
2015 09 17 17 42 00 2 4507.213
2015 09 17 17 43 00 2 4507.211
2015 09 17 17 44 00 2 4507.210
2015 09 17 17 45 00 1 9999.000
2015 09 17 17 45 00 2 4507.208
2015 09 17 17 46 00 2 4507.203
2015 09 17 17 47 00 2 4507.199
2015 09 17 17 48 00 2 4507.197
2015 09 17 17 49 00 2 4507.197
2015 09 17 17 50 00 2 4507.198
2015 09 17 17 51 00 2 4507.197
2015 09 17 17 52 00 2 4507.194
2015 09 17 17 53 00 2 4507.190
2015 09 17 17 54 00 2 4507.185
2015 09 17 17 55 00 2 4507.183
2015 09 17 17 56 00 2 4507.181
2015 09 17 17 57 00 2 4507.182
2015 09 17 17 58 00 2 4507.182
2015 09 17 17 59 00 2 4507.180
2015 09 17 18 00 00 1 9999.000
2015 09 17 18 00 00 2 4507.176
2015 09 17 18 01 00 2 4507.169
2015 09 17 18 02 00 2 4507.164
2015 09 17 18 03 00 2 4507.164
2015 09 17 18 04 00 2 4507.169
2015 09 17 18 05 00 2 4507.176
2015 09 17 18 06 00 2 4507.178
2015 09 17 18 07 00 2 4507.176
2015 09 17 18 08 00 2 4507.173
2015 09 17 18 09 00 2 4507.174
2015 09 17 18 10 00 2 4507.178
2015 09 17 18 11 00 2 4507.181
2015 09 17 18 12 00 2 4507.178
2015 09 17 18 13 00 2 4507.173
2015 09 17 18 14 00 2 4507.170
2015 09 17 18 15 00 1 4507.171
2015 09 17 18 15 00 2 4507.172
2015 09 17 18 16 00 2 4507.175
2015 09 17 18 17 00 2 4507.175
2015 09 17 18 18 00 2 4507.172
2015 09 17 18 19 00 2 4507.170
2015 09 17 18 20 00 2 4507.171
2015 09 17 18 21 00 2 4507.173
2015 09 17 18 22 00 2 4507.174
2015 09 17 18 23 00 2 4507.172
2015 09 17 18 24 00 2 4507.167
2015 09 17 18 25 00 2 4507.162
2015 09 17 18 26 00 2 4507.159
2015 09 17 18 27 00 2 4507.156
2015 09 17 18 28 00 2 4507.156
2015 09 17 18 29 00 2 4507.155
2015 09 17 18 30 00 1 4507.154
2015 09 17 18 30 00 2 4507.153
2015 09 17 18 31 00 2 4507.151
2015 09 17 18 32 00 2 4507.152
2015 09 17 18 33 00 2 4507.156
2015 09 17 18 34 00 2 4507.160
2015 09 17 18 35 00 2 4507.160
2015 09 17 18 45 00 1 4507.170
2015 09 17 19 00 00 1 4507.192
2015 09 17 19 15 00 1 4507.223
2015 09 17 19 30 00 1 4507.260
2015 09 17 19 45 00 1 4507.312
2015 09 17 20 00 00 1 4507.358
2015 09 17 20 15 00 1 4507.426
2015 09 17 20 30 00 1 4507.486
2015 09 17 20 45 00 1 4507.564
2015 09 17 21 00 00 1 4507.652
2015 09 17 21 15 00 1 4507.730
2015 09 17 21 30 00 1 4507.821
2015 09 17 21 45 00 1 4507.906
2015 09 17 22 00 00 1 4507.990
2015 09 17 22 15 00 1 4508.080
2015 09 17 22 30 00 1 4508.146
2015 09 17 22 45 00 1 4508.219
2015 09 17 23 00 00 1 4508.299
2015 09 17 23 15 00 1 4508.359
2015 09 17 23 30 00 1 4508.411
2015 09 17 23 45 00 1 4508.450
2015 09 18 00 00 00 1 4508.488
2015 09 18 00 15 00 1 4508.490
2015 09 18 00 30 00 1 4508.510
2015 09 18 00 45 00 1 4508.498
2015 09 18 01 00 00 1 4508.485
2015 09 18 01 15 00 1 4508.467
2015 09 18 01 30 00 1 4508.428
2015 09 18 01 45 00 1 4508.386
2015 09 18 02 00 00 1 4508.334
2015 09 18 02 15 00 1 4508.267
2015 09 18 02 30 00 1 4508.188
2015 09 18 02 45 00 1 4508.109
2015 09 18 03 00 00 1 4508.017
2015 09 18 03 15 00 1 4507.929
2015 09 18 03 30 00 1 4507.842
2015 09 18 03 45 00 1 4507.735
2015 09 18 04 00 00 1 4507.652
2015 09 18 04 15 00 1 4507.544
2015 09 18 04 30 00 1 4507.449
2015 09 18 04 45 00 1 4507.358
2015 09 18 05 00 00 1 4507.267
2015 09 18 05 15 00 1 4507.188
2015 09 18 05 30 00 1 4507.114
2015 09 18 05 45 00 1 4507.044
2015 09 18 06 00 00 1 4506.987
2015 09 18 06 15 00 1 4506.939
2015 09 18 06 30 00 1 4506.909
2015 09 18 06 45 00 1 4506.872
2015 09 18 07 00 00 1 4506.858
2015 09 18 07 15 00 1 4506.853
2015 09 18 07 30 00 1 4506.855
2015 09 18 07 45 00 1 4506.874
2015 09 18 08 00 00 1 4506.904
2015 09 18 08 15 00 1 4506.931
2015 09 18 08 30 00 1 4506.981
2015 09 18 08 45 00 1 4507.030
2015 09 18 09 00 00 1 4507.091
2015 09 18 09 15 00 1 4507.157
2015 09 18 09 30 00 1 4507.240
2015 09 18 09 45 00 1 4507.306
2015 09 18 10 00 00 1 4507.388
2015 09 18 10 15 00 1 4507.466
2015 09 18 10 30 00 1 4507.546
2015 09 18 10 45 00 1 4507.627
2015 09 18 11 00 00 1 4507.697
2015 09 18 11 15 00 1 4507.769
2015 09 18 11 30 00 1 4507.836
2015 09 18 11 45 00 1 4507.899
2015 09 18 12 00 00 1 4507.955
2015 09 18 12 15 00 1 4508.000
2015 09 18 12 30 00 1 4508.041
2015 09 18 12 45 00 1 4508.070
2015 09 18 13 00 00 1 4508.088
2015 09 18 13 15 00 1 4508.100
2015 09 18 13 30 00 1 4508.105
2015 09 18 13 45 00 1 4508.105
2015 09 18 14 00 00 1 4508.082
2015 09 18 14 15 00 1 4508.063
2015 09 18 14 30 00 1 4508.033
2015 09 18 14 45 00 1 4507.989
2015 09 18 15 00 00 1 4507.949
2015 09 18 15 15 00 1 4507.901
2015 09 18 15 30 00 1 4507.844
2015 09 18 15 45 00 1 4507.790
2015 09 18 16 00 00 1 4507.727
2015 09 18 16 15 00 1 4507.672
2015 09 18 16 30 00 1 4507.611
2015 09 18 16 45 00 1 4507.561
2015 09 18 17 00 00 1 4507.507
2015 09 18 17 15 00 1 4507.461
2015 09 18 17 30 00 1 4507.417
2015 09 18 17 45 00 1 4507.378
2015 09 18 18 00 00 1 4507.347
2015 09 18 18 15 00 1 4507.320
2015 09 18 18 30 00 1 4507.300
2015 09 18 18 45 00 1 4507.288
2015 09 18 19 00 00 1 4507.283
2015 09 18 19 15 00 1 4507.290
2015 09 18 19 30 00 1 4507.305
2015 09 18 19 45 00 1 4507.331
2015 09 18 20 00 00 1 4507.362
2015 09 18 20 15 00 1 4507.404
2015 09 18 20 30 00 1 4507.448
2015 09 18 20 45 00 1 4507.503
2015 09 18 21 00 00 1 4507.564
2015 09 18 21 15 00 1 4507.631
2015 09 18 21 30 00 1 4507.697
2015 09 18 21 45 00 1 4507.770
2015 09 18 22 00 00 1 4507.847
2015 09 18 22 15 00 1 4507.926
2015 09 18 22 30 00 1 4508.000
2015 09 18 22 45 00 1 4508.071
2015 09 18 23 00 00 1 4508.140
2015 09 18 23 15 00 1 4508.203
2015 09 18 23 30 00 1 4508.260
2015 09 18 23 45 00 1 4508.315
2015 09 19 00 00 00 1 4508.358
2015 09 19 00 15 00 1 4508.399
2015 09 19 00 30 00 1 4508.427
2015 09 19 00 45 00 1 4508.448
2015 09 19 01 00 00 1 4508.459
2015 09 19 01 15 00 1 4508.457
2015 09 19 01 30 00 1 4508.445
2015 09 19 01 45 00 1 4508.426
2015 09 19 02 00 00 1 4508.391
2015 09 19 02 15 00 1 4508.348
2015 09 19 02 30 00 1 4508.302
2015 09 19 02 45 00 1 4508.243
2015 09 19 03 00 00 1 4508.177
2015 09 19 03 15 00 1 4508.107
2015 09 19 03 30 00 1 4508.026
2015 09 19 03 45 00 1 4507.941
2015 09 19 04 00 00 1 4507.860
2015 09 19 04 15 00 1 4507.770
2015 09 19 04 30 00 1 4507.679
2015 09 19 04 45 00 1 4507.588
2015 09 19 05 00 00 1 4507.499
2015 09 19 05 15 00 1 4507.411
2015 09 19 05 30 00 1 4507.330
2015 09 19 05 45 00 1 4507.248
2015 09 19 06 00 00 1 4507.175
2015 09 19 06 15 00 1 4507.108
2015 09 19 06 30 00 1 4507.049
2015 09 19 06 45 00 1 4506.995
2015 09 19 07 00 00 1 4506.953
2015 09 19 07 15 00 1 4506.920
2015 09 19 07 30 00 1 4506.898
2015 09 19 07 45 00 1 4506.884
2015 09 19 08 00 00 1 4506.877
2015 09 19 08 15 00 1 4506.882
2015 09 19 08 30 00 1 4506.899
2015 09 19 08 45 00 1 4506.921
2015 09 19 09 00 00 1 4506.956
2015 09 19 09 15 00 1 4506.991
2015 09 19 09 30 00 1 4507.036
2015 09 19 09 45 00 1 4507.087
2015 09 19 10 00 00 1 4507.145
2015 09 19 10 15 00 1 4507.208
2015 09 19 10 30 00 1 4507.276
2015 09 19 10 45 00 1 4507.348
2015 09 19 11 00 00 1 4507.419
2015 09 19 11 15 00 1 4507.491
2015 09 19 11 30 00 1 4507.560
2015 09 19 11 45 00 1 4507.626
2015 09 19 12 00 00 1 4507.689
2015 09 19 12 15 00 1 4507.749
2015 09 19 12 30 00 1 4507.803
2015 09 19 12 45 00 1 4507.850
2015 09 19 13 00 00 1 4507.894
2015 09 19 13 15 00 1 4507.930
2015 09 19 13 30 00 1 4507.961
2015 09 19 13 45 00 1 4507.982
2015 09 19 14 00 00 1 4507.996
2015 09 19 14 15 00 1 4508.002
2015 09 19 14 30 00 1 4507.996
2015 09 19 14 45 00 1 4507.985
2015 09 19 15 00 00 1 4507.969
2015 09 19 15 15 00 1 4507.946
2015 09 19 15 30 00 1 4507.919
2015 09 19 15 45 00 1 4507.886
2015 09 19 16 00 00 1 4507.846
2015 09 19 16 15 00 1 4507.810
2015 09 19 16 30 00 1 4507.766
2015 09 19 16 45 00 1 4507.725
2015 09 19 17 00 00 1 4507.683
2015 09 19 17 15 00 1 4507.644
2015 09 19 17 30 00 1 4507.603
2015 09 19 17 45 00 1 4507.566
2015 09 19 18 00 00 1 4507.531
2015 09 19 18 15 00 1 4507.500
2015 09 19 18 30 00 1 4507.471
2015 09 19 18 45 00 1 4507.450
2015 09 19 19 00 00 1 4507.435
2015 09 19 19 15 00 1 4507.423
2015 09 19 19 30 00 1 4507.426
2015 09 19 19 45 00 1 4507.429
2015 09 19 20 00 00 1 4507.436
2015 09 19 20 15 00 1 4507.458
2015 09 19 20 30 00 1 4507.484
2015 09 19 20 45 00 1 4507.517
2015 09 19 21 00 00 1 4507.558
2015 09 19 21 15 00 1 4507.601
2015 09 19 21 30 00 1 4507.647
2015 09 19 21 45 00 1 4507.704
2015 09 19 22 00 00 1 4507.758
2015 09 19 22 15 00 1 4507.817
2015 09 19 22 30 00 1 4507.876
2015 09 19 22 45 00 1 4507.941
2015 09 19 23 00 00 1 4508.000
2015 09 19 23 15 00 1 4508.062
2015 09 19 23 30 00 1 4508.121
2015 09 19 23 45 00 1 4508.177
2015 09 20 00 00 00 1 4508.234
2015 09 20 00 15 00 1 4508.284
2015 09 20 00 30 00 1 4508.327
2015 09 20 00 45 00 1 4508.360
2015 09 20 01 00 00 1 4508.386
2015 09 20 01 15 00 1 4508.405
2015 09 20 01 30 00 1 4508.416
2015 09 20 01 45 00 1 4508.419
2015 09 20 02 00 00 1 4508.410
2015 09 20 02 15 00 1 4508.396
2015 09 20 02 30 00 1 4508.373
2015 09 20 02 45 00 1 4508.341
2015 09 20 03 00 00 1 4508.302
2015 09 20 03 15 00 1 4508.259
2015 09 20 03 30 00 1 4508.206
2015 09 20 03 45 00 1 4508.143
2015 09 20 04 00 00 1 4508.077
2015 09 20 04 15 00 1 4508.004
2015 09 20 04 30 00 1 4507.927
2015 09 20 04 45 00 1 4507.850
2015 09 20 05 00 00 1 4507.769
2015 09 20 05 15 00 1 4507.688
2015 09 20 05 30 00 1 4507.606
2015 09 20 05 45 00 1 4507.523
2015 09 20 06 00 00 1 4507.445
2015 09 20 06 15 00 1 4507.369
2015 09 20 06 30 00 1 4507.297
2015 09 20 06 45 00 1 4507.227
2015 09 20 07 00 00 1 4507.168
2015 09 20 07 15 00 1 4507.113
2015 09 20 07 30 00 1 4507.063
2015 09 20 07 45 00 1 4507.024
2015 09 20 08 00 00 1 4506.992
2015 09 20 08 15 00 1 4506.965
2015 09 20 08 30 00 1 4506.946
2015 09 20 08 45 00 1 4506.933
2015 09 20 09 00 00 1 4506.931
2015 09 20 09 15 00 1 4506.938
2015 09 20 09 30 00 1 4506.953
2015 09 20 09 45 00 1 4506.976
2015 09 20 10 00 00 1 4507.008
2015 09 20 10 15 00 1 4507.046
2015 09 20 10 30 00 1 4507.088
2015 09 20 10 45 00 1 4507.137
2015 09 20 11 00 00 1 4507.193
2015 09 20 11 15 00 1 4507.250
2015 09 20 11 30 00 1 4507.310
2015 09 20 11 45 00 1 4507.372
2015 09 20 12 00 00 1 4507.433
2015 09 20 12 15 00 1 4507.494
2015 09 20 12 30 00 1 4507.553
2015 09 20 12 45 00 1 4507.608
2015 09 20 13 00 00 1 4507.662
2015 09 20 13 15 00 1 4507.714
2015 09 20 13 30 00 1 4507.762
2015 09 20 13 45 00 1 4507.804
2015 09 20 14 00 00 1 4507.840
2015 09 20 14 15 00 1 4507.870
2015 09 20 14 30 00 1 4507.894
2015 09 20 14 45 00 1 4507.913
2015 09 20 15 00 00 1 4507.923
2015 09 20 15 15 00 1 4507.928
2015 09 20 15 30 00 1 4507.927
2015 09 20 15 45 00 1 4507.922
2015 09 20 16 00 00 1 4507.913
2015 09 20 16 15 00 1 4507.897
2015 09 20 16 30 00 1 4507.878
2015 09 20 16 45 00 1 4507.858
2015 09 20 17 00 00 1 4507.833
2015 09 20 17 15 00 1 4507.808
2015 09 20 17 30 00 1 4507.778
2015 09 20 17 45 00 1 4507.747
2015 09 20 18 00 00 1 4507.716
2015 09 20 18 15 00 1 4507.683
2015 09 20 18 30 00 1 4507.655
2015 09 20 18 45 00 1 4507.631
2015 09 20 19 00 00 1 4507.610
2015 09 20 19 15 00 1 4507.591
2015 09 20 19 30 00 1 4507.575
2015 09 20 19 45 00 1 4507.567
2015 09 20 20 00 00 1 4507.561
2015 09 20 20 15 00 1 4507.562
2015 09 20 20 30 00 1 4507.566
2015 09 20 20 45 00 1 4507.575
2015 09 20 21 00 00 1 4507.590
2015 09 20 21 15 00 1 4507.610
2015 09 20 21 30 00 1 4507.635
2015 09 20 21 45 00 1 4507.665
2015 09 20 22 00 00 1 4507.701
2015 09 20 22 15 00 1 4507.738
2015 09 20 22 30 00 1 4507.779
2015 09 20 22 45 00 1 4507.824
2015 09 20 23 00 00 1 4507.872
2015 09 20 23 15 00 1 4507.922
2015 09 20 23 30 00 1 4507.972
2015 09 20 23 45 00 1 4508.025
2015 09 21 00 00 00 1 4508.078
2015 09 21 00 15 00 1 4508.130
2015 09 21 00 30 00 1 4508.177
2015 09 21 00 45 00 1 4508.221
2015 09 21 01 00 00 1 4508.262
2015 09 21 01 15 00 1 4508.294
2015 09 21 01 30 00 1 4508.324
2015 09 21 01 45 00 1 4508.347
2015 09 21 02 00 00 1 4508.363
2015 09 21 02 15 00 1 4508.373
2015 09 21 02 30 00 1 4508.375
2015 09 21 02 45 00 1 4508.370
2015 09 21 03 00 00 1 4508.361
2015 09 21 03 15 00 1 4508.342
2015 09 21 03 30 00 1 4508.317
2015 09 21 03 45 00 1 4508.284
2015 09 21 04 00 00 1 4508.245
2015 09 21 04 15 00 1 4508.200
2015 09 21 04 30 00 1 4508.148
2015 09 21 04 45 00 1 4508.088
2015 09 21 05 00 00 1 4508.026
2015 09 21 05 15 00 1 4507.957
2015 09 21 05 30 00 1 4507.883
2015 09 21 05 45 00 1 4507.812
2015 09 21 06 00 00 1 4507.738
2015 09 21 06 15 00 1 4507.666
2015 09 21 06 30 00 1 4507.590
2015 09 21 06 45 00 1 4507.515
2015 09 21 07 00 00 1 4507.443
2015 09 21 07 15 00 1 4507.373
2015 09 21 07 30 00 1 4507.306
2015 09 21 07 45 00 1 4507.245
2015 09 21 08 00 00 1 4507.189
2015 09 21 08 15 00 1 4507.135
2015 09 21 08 30 00 1 4507.088
2015 09 21 08 45 00 1 4507.047
2015 09 21 09 00 00 1 4507.014
2015 09 21 09 15 00 1 4506.987
2015 09 21 09 30 00 1 4506.967
2015 09 21 09 45 00 1 4506.954
2015 09 21 10 00 00 1 4506.950
2015 09 21 10 15 00 1 4506.952
2015 09 21 10 30 00 1 4506.962
2015 09 21 10 45 00 1 4506.980
2015 09 21 11 00 00 1 4507.006
2015 09 21 11 15 00 1 4507.037
2015 09 21 11 30 00 1 4507.071
2015 09 21 11 45 00 1 4507.112
2015 09 21 12 00 00 1 4507.156
2015 09 21 12 15 00 1 4507.202
2015 09 21 12 30 00 1 4507.253
2015 09 21 12 45 00 1 4507.307
2015 09 21 13 00 00 1 4507.361
2015 09 21 13 15 00 1 4507.417
2015 09 21 13 30 00 1 4507.473
2015 09 21 13 45 00 1 4507.525
2015 09 21 14 00 00 1 4507.578
2015 09 21 14 15 00 1 4507.628
2015 09 21 14 30 00 1 4507.674
2015 09 21 14 45 00 1 4507.717
2015 09 21 15 00 00 1 4507.754
2015 09 21 15 15 00 1 4507.785
2015 09 21 15 30 00 1 4507.812
2015 09 21 15 45 00 1 4507.834
2015 09 21 16 00 00 1 4507.853
2015 09 21 16 15 00 1 4507.869
2015 09 21 16 30 00 1 4507.877
2015 09 21 16 45 00 1 4507.884
2015 09 21 17 00 00 1 4507.886
2015 09 21 17 15 00 1 4507.885
2015 09 21 17 30 00 1 4507.877
2015 09 21 17 45 00 1 4507.867
2015 09 21 18 00 00 1 4507.852
2015 09 21 18 15 00 1 4507.836
2015 09 21 18 30 00 1 4507.815
2015 09 21 18 45 00 1 4507.795
2015 09 21 19 00 00 1 4507.774
2015 09 21 19 15 00 1 4507.754
2015 09 21 19 30 00 1 4507.733
2015 09 21 19 45 00 1 4507.714
2015 09 21 20 00 00 1 4507.697
2015 09 21 20 15 00 1 4507.683
2015 09 21 20 30 00 1 4507.671
2015 09 21 20 45 00 1 4507.660
2015 09 21 21 00 00 1 4507.655
2015 09 21 21 15 00 1 4507.650
2015 09 21 21 30 00 1 4507.649
2015 09 21 21 45 00 1 4507.651
2015 09 21 22 00 00 1 4507.657
2015 09 21 22 15 00 1 4507.671
2015 09 21 22 30 00 1 4507.688
2015 09 21 22 45 00 1 4507.711
2015 09 21 23 00 00 1 4507.735
2015 09 21 23 15 00 1 4507.763
2015 09 21 23 30 00 1 4507.797
2015 09 21 23 45 00 1 4507.832
2015 09 22 00 00 00 1 4507.873
2015 09 22 00 15 00 1 4507.916
2015 09 22 00 30 00 1 4507.958
2015 09 22 00 45 00 1 4508.001
2015 09 22 01 00 00 1 4508.043
2015 09 22 01 15 00 1 4508.085
2015 09 22 01 30 00 1 4508.126
2015 09 22 01 45 00 1 4508.163
2015 09 22 02 00 00 1 4508.197
2015 09 22 02 15 00 1 4508.226
2015 09 22 02 30 00 1 4508.255
2015 09 22 02 45 00 1 4508.276
2015 09 22 03 00 00 1 4508.292
2015 09 22 03 15 00 1 4508.306
2015 09 22 03 30 00 1 4508.312
2015 09 22 03 45 00 1 4508.314
2015 09 22 04 00 00 1 4508.307
2015 09 22 04 15 00 1 4508.295
2015 09 22 04 30 00 1 4508.276
2015 09 22 04 45 00 1 4508.249
2015 09 22 05 00 00 1 4508.216
2015 09 22 05 15 00 1 4508.177
2015 09 22 05 30 00 1 4508.132
2015 09 22 05 45 00 1 4508.079
2015 09 22 06 00 00 1 4508.023
2015 09 22 06 15 00 1 4507.960
2015 09 22 06 30 00 1 4507.898
2015 09 22 06 45 00 1 4507.830
2015 09 22 07 00 00 1 4507.761
2015 09 22 07 15 00 1 4507.691
2015 09 22 07 30 00 1 4507.621
2015 09 22 07 45 00 1 4507.549
2015 09 22 08 00 00 1 4507.477
2015 09 22 08 15 00 1 4507.409
2015 09 22 08 30 00 1 4507.341
2015 09 22 08 45 00 1 4507.276
2015 09 22 09 00 00 1 4507.213
2015 09 22 09 15 00 1 4507.155
2015 09 22 09 30 00 1 4507.103
2015 09 22 09 45 00 1 4507.056
2015 09 22 10 00 00 1 4507.015
2015 09 22 10 15 00 1 4506.982
2015 09 22 10 30 00 1 4506.954
2015 09 22 10 45 00 1 4506.933
2015 09 22 11 00 00 1 4506.920
2015 09 22 11 15 00 1 4506.914
2015 09 22 11 30 00 1 4506.914
2015 09 22 11 45 00 1 4506.925
2015 09 22 12 00 00 1 4506.941
2015 09 22 12 15 00 1 4506.964
2015 09 22 12 30 00 1 4506.993
2015 09 22 12 45 00 1 4507.027
2015 09 22 13 00 00 1 4507.071
2015 09 22 13 15 00 1 4507.117
2015 09 22 13 30 00 1 4507.168
2015 09 22 13 45 00 1 4507.220
2015 09 22 14 00 00 1 4507.276
2015 09 22 14 15 00 1 4507.334
2015 09 22 14 30 00 1 4507.390
2015 09 22 14 45 00 1 4507.448
2015 09 22 15 00 00 1 4507.505
2015 09 22 15 15 00 1 4507.561
2015 09 22 15 30 00 1 4507.616
2015 09 22 15 45 00 1 4507.669
2015 09 22 16 00 00 1 4507.716
2015 09 22 16 15 00 1 4507.761
2015 09 22 16 30 00 1 4507.803
2015 09 22 16 45 00 1 4507.840
2015 09 22 17 00 00 1 4507.870
2015 09 22 17 15 00 1 4507.896
2015 09 22 17 30 00 1 4507.917
2015 09 22 17 45 00 1 4507.934
2015 09 22 18 00 00 1 4507.942
2015 09 22 18 15 00 1 4507.946
2015 09 22 18 30 00 1 4507.944
2015 09 22 18 45 00 1 4507.941
2015 09 22 19 00 00 1 4507.934
2015 09 22 19 15 00 1 4507.927
2015 09 22 19 30 00 1 4507.911
2015 09 22 19 45 00 1 4507.894
2015 09 22 20 00 00 1 4507.875
2015 09 22 20 15 00 1 4507.854
2015 09 22 20 30 00 1 4507.833
2015 09 22 20 45 00 1 4507.810
2015 09 22 21 00 00 1 4507.789
2015 09 22 21 15 00 1 4507.765
2015 09 22 21 30 00 1 4507.744
2015 09 22 21 45 00 1 4507.726
2015 09 22 22 00 00 1 4507.709
2015 09 22 22 15 00 1 4507.696
2015 09 22 22 30 00 1 4507.686
2015 09 22 22 45 00 1 4507.680
2015 09 22 23 00 00 1 4507.677
2015 09 22 23 15 00 1 4507.679
2015 09 22 23 30 00 1 4507.686
2015 09 22 23 45 00 1 4507.697
2015 09 23 00 00 00 1 4507.711
2015 09 23 00 15 00 1 4507.730
2015 09 23 00 30 00 1 4507.753
2015 09 23 00 45 00 1 4507.780
2015 09 23 01 00 00 1 4507.813
2015 09 23 01 15 00 1 4507.847
2015 09 23 01 30 00 1 4507.883
2015 09 23 01 45 00 1 4507.923
2015 09 23 02 00 00 1 4507.965
2015 09 23 02 15 00 1 4508.008
2015 09 23 02 30 00 1 4508.052
2015 09 23 02 45 00 1 4508.094
2015 09 23 03 00 00 1 4508.132
2015 09 23 03 15 00 1 4508.169
2015 09 23 03 30 00 1 4508.204
2015 09 23 03 45 00 1 4508.236
2015 09 23 04 00 00 1 4508.263
2015 09 23 04 15 00 1 4508.286
2015 09 23 04 30 00 1 4508.304
2015 09 23 04 45 00 1 4508.314
2015 09 23 05 00 00 1 4508.317
2015 09 23 05 15 00 1 4508.313
2015 09 23 05 30 00 1 4508.302
2015 09 23 05 45 00 1 4508.284
2015 09 23 06 00 00 1 4508.261
2015 09 23 06 15 00 1 4508.230
2015 09 23 06 30 00 1 4508.191
2015 09 23 06 45 00 1 4508.146
2015 09 23 07 00 00 1 4508.094
2015 09 23 07 15 00 1 4508.034
2015 09 23 07 30 00 1 4507.970
2015 09 23 07 45 00 1 4507.902
2015 09 23 08 00 00 1 4507.831
2015 09 23 08 15 00 1 4507.756
2015 09 23 08 30 00 1 4507.680
2015 09 23 08 45 00 1 4507.602
2015 09 23 09 00 00 1 4507.522
2015 09 23 09 15 00 1 4507.444
2015 09 23 09 30 00 1 4507.367
2015 09 23 09 45 00 1 4507.292
2015 09 23 10 00 00 1 4507.218
2015 09 23 10 15 00 1 4507.147
2015 09 23 10 30 00 1 4507.082
2015 09 23 10 45 00 1 4507.021
2015 09 23 11 00 00 1 4506.966
2015 09 23 11 15 00 1 4506.920
2015 09 23 11 30 00 1 4506.880
2015 09 23 11 45 00 1 4506.850
2015 09 23 12 00 00 1 4506.828
2015 09 23 12 15 00 1 4506.814
2015 09 23 12 30 00 1 4506.810
2015 09 23 12 45 00 1 4506.813
2015 09 23 13 00 00 1 4506.826
2015 09 23 13 15 00 1 4506.847
2015 09 23 13 30 00 1 4506.877
2015 09 23 13 45 00 1 4506.914
2015 09 23 14 00 00 1 4506.959
2015 09 23 14 15 00 1 4507.012
2015 09 23 14 30 00 1 4507.070
2015 09 23 14 45 00 1 4507.129
2015 09 23 15 00 00 1 4507.195
2015 09 23 15 15 00 1 4507.261
2015 09 23 15 30 00 1 4507.332
2015 09 23 15 45 00 1 4507.405
2015 09 23 16 00 00 1 4507.476
2015 09 23 16 15 00 1 4507.548
2015 09 23 16 30 00 1 4507.620
2015 09 23 16 45 00 1 4507.686
2015 09 23 17 00 00 1 4507.753
2015 09 23 17 15 00 1 4507.813
2015 09 23 17 30 00 1 4507.869
2015 09 23 17 45 00 1 4507.919
2015 09 23 18 00 00 1 4507.961
2015 09 23 18 15 00 1 4507.998
2015 09 23 18 30 00 1 4508.028
2015 09 23 18 45 00 1 4508.051
2015 09 23 19 00 00 1 4508.067
2015 09 23 19 15 00 1 4508.075
2015 09 23 19 30 00 1 4508.078
2015 09 23 19 45 00 1 4508.074
2015 09 23 20 00 00 1 4508.066
2015 09 23 20 15 00 1 4508.050
2015 09 23 20 30 00 1 4508.030
2015 09 23 20 45 00 1 4508.001
2015 09 23 21 00 00 1 4507.969
2015 09 23 21 15 00 1 4507.935
2015 09 23 21 30 00 1 4507.899
2015 09 23 21 45 00 1 4507.861
2015 09 23 22 00 00 1 4507.824
2015 09 23 22 15 00 1 4507.783
2015 09 23 22 30 00 1 4507.746
2015 09 23 22 45 00 1 4507.711
